accidenttime,accidentaddr,driver1fault,driver1responsibility,driver2responsibility,sex1,platenumber1,carcolor1,sex2,platenumber2,carcolor2,jxmc1,jxmc2,cclzrq1,cclzrq2,clpp1,clpp2,driver1license,driver2license,brith1,brith2,hour,weekday,month,is_weekday,peak_hour,date,日期,天气状况,气温,风力风向,day_wea,night_wea,day_tep,night_tep,day_wind_direction,day_wind_speed,night_wind_direction,night_wind_speed,segment
2015-02-04 08:23:00,花溪大道北段,7、未按规定让行的 ,负全部责任,不负责任,1,贵AVG423,白色,1,贵A74653,白色,-1,贵大驾校,-1,2013/6/7 0:00,朗逸牌,新感觉,36455619349666600 ,366577000000000000 ,985082,199006,8,2,2,工作日,早高峰(7-9点),2015-02-04,2015年2月4日,小雨 /小雨,4℃ / 0℃,东北风 ≤3级 /东北风 ≤3级,小雨,小雨,4,0,东北风,≤3级,东北风,≤3级,day
2015-02-04 08:40:00,花溪区孟关乡,3、倒车的,负全部责任,不负责任,1,贵AKC352,白色,1,贵A6156A,白色,-1,贵州省长安驾驶培训学校,-1,2013/9/16 0:00,长安牌,起亚牌,354664000000000000 ,364556000000000000 ,196904,199402,8,2,2,工作日,早高峰(7-9点),2015-02-04,2015年2月4日,小雨 /小雨,4℃ / 0℃,东北风 ≤3级 /东北风 ≤3级,小雨,小雨,4,0,东北风,≤3级,东北风,≤3级,day
2015-02-04 07:20:00,白金大道,1、追尾的,负全部责任,不负责任,1,贵A24876,蓝,1,贵AN6491,黑,鑫鑫驾校,-1,2006/11/30 0:00,-1,华神牌,银翔牌,366364000000000000 ,364558000000000000 ,196907,198508,7,2,2,工作日,早高峰(7-9点),2015-02-04,2015年2月4日,小雨 /小雨,4℃ / 0℃,东北风 ≤3级 /东北风 ≤3级,小雨,小雨,4,0,东北风,≤3级,东北风,≤3级,day
2015-02-04 09:20:00,金阳,7、未按规定让行的 ,负全部责任,不负责任,1,贵A7287L,黑,0,贵A7088C,银,消防驾校,520116,2004/6/17 0:00,2008/5/29 0:00,众泰牌,长安牌,366068000000000000 ,364557000000000000 ,197512,197906,9,2,2,工作日,早高峰(7-9点),2015-02-04,2015年2月4日,小雨 /小雨,4℃ / 0℃,东北风 ≤3级 /东北风 ≤3级,小雨,小雨,4,0,东北风,≤3级,东北风,≤3级,day
2015-02-04 09:00:00, 新华路,9、不符合前8款规定或者双方同时具有上述情形的,负同等责任,负同等责任,1,贵AU1522,白色,1,贵A68C55,白色,自培,自培,2006/1/23 0:00,2012/9/14 0:00,大众牌,海马牌,366577000000000000 ,364548000000000000 ,197209,197701,9,2,2,工作日,早高峰(7-9点),2015-02-04,2015年2月4日,小雨 /小雨,4℃ / 0℃,东北风 ≤3级 /东北风 ≤3级,小雨,小雨,4,0,东北风,≤3级,东北风,≤3级,day
2015-02-03 21:50:00,化工路,8、依法应负全责的其他情形,负全部责任,不负责任,1,贵A970A9,黑,1,贵GJ9848,红,自培,全林驾校,-1,2012/10/25 0:00,解放牌,明锐牌,364596000000000000 ,366564000000000000 ,198710,198707,21,1,2,工作日,非高峰,2015-02-03,2015年2月3日,小雨 /小雨,6℃ / 1℃,东北风 ≤3级 /东北风 ≤3级,小雨,小雨,6,1,东北风,≤3级,东北风,≤3级,night
2015-02-04 08:00:00,中山东路,1、追尾的,负全部责任,不负责任,1,贵AAE424,白色,1,贵GT7627,白色,自培,市警校驾校,2012/8/27 0:00,2012/9/4 0:00,宝来牌,威志牌,36454651104640395X,364547000000000000 ,199402,198911,8,2,2,工作日,早高峰(7-9点),2015-02-04,2015年2月4日,小雨 /小雨,4℃ / 0℃,东北风 ≤3级 /东北风 ≤3级,小雨,小雨,4,0,东北风,≤3级,东北风,≤3级,day
2015-02-04 07:10:00,中环路,1、追尾的,负全部责任,不负责任,1,贵DE3386,红,1,贵AR6559,黑,松桃大众驾驶培训服务有限公司,预约考试窗口,-1,2007/8/15 0:00,吉利牌,大众汽车牌,366662000000000000 ,364556000000000000 ,198503,196911,7,2,2,工作日,早高峰(7-9点),2015-02-04,2015年2月4日,小雨 /小雨,4℃ / 0℃,东北风 ≤3级 /东北风 ≤3级,小雨,小雨,4,0,东北风,≤3级,东北风,≤3级,day
2015-02-04 11:00:00,小河锦江路,1、追尾的,负全部责任,不负责任,1,贵ANA964,白色,1,贵A9930E,白色,自培,鑫鑫驾校,2004/4/13 0:00,2013/12/17 0:00,朗逸牌,豪情牌,364556000000000000 ,364551000000000000 ,197202,197911,11,2,2,工作日,非高峰,2015-02-04,2015年2月4日,小雨 /小雨,4℃ / 0℃,东北风 ≤3级 /东北风 ≤3级,小雨,小雨,4,0,东北风,≤3级,东北风,≤3级,day
2015-02-03 21:40:00,柴林巷,7、未按规定让行的 ,负全部责任,不负责任,1,贵A5BH44,黑,1,贵AU8621,绿,自培,520109,2006/6/9 0:00,2009/9/17 0:00,长安牌,瑞麒牌,364548000000000000 ,366067000000000000 ,196810,197602,21,1,2,工作日,非高峰,2015-02-03,2015年2月3日,小雨 /小雨,6℃ / 1℃,东北风 ≤3级 /东北风 ≤3级,小雨,小雨,6,1,东北风,≤3级,东北风,≤3级,night
2015-02-04 10:10:00,沙冲路,1、追尾的,负全部责任,不负责任,1,贵A47G71,白色,1,贵AJT981,白色,自培,金大驾校,2006/12/15 0:00,2007/4/13 0:00,起亚,风神牌,36454651904662956X,366566000000000000 ,198402,197912,10,2,2,工作日,非高峰,2015-02-04,2015年2月4日,小雨 /小雨,4℃ / 0℃,东北风 ≤3级 /东北风 ≤3级,小雨,小雨,4,0,东北风,≤3级,东北风,≤3级,day
2015-02-04 11:10:00,林城时代,1、追尾的,负全部责任,不负责任,0,贵A82G29,银,1,贵A92N48,红,自培,（乌当区）新天驾驶培训有限公司,2003/3/30 0:00,2005/5/23 0:00,荣威牌,吉利牌,364557000000000000 ,366067000000000000 ,197010,196601,11,2,2,工作日,非高峰,2015-02-04,2015年2月4日,小雨 /小雨,4℃ / 0℃,东北风 ≤3级 /东北风 ≤3级,小雨,小雨,4,0,东北风,≤3级,东北风,≤3级,day
2015-02-04 09:20:00,贵遵路,1、追尾的,负全部责任,不负责任,1,贵A14N96,红,1,贵AU0513,红,自培,十一培,2009/12/17 0:00,1997/1/27 0:00,五菱牌,金龙牌,74365500000000000 ,364547000000000000 ,198206,196502,9,2,2,工作日,早高峰(7-9点),2015-02-04,2015年2月4日,小雨 /小雨,4℃ / 0℃,东北风 ≤3级 /东北风 ≤3级,小雨,小雨,4,0,东北风,≤3级,东北风,≤3级,day
2015-02-04 08:25:00,黔林西路,7、未按规定让行的 ,负全部责任,不负责任,1,湘ML9241,白,1,贵AU7749,蓝,自培,十一培,2003/7/10 0:00,1991/2/26 0:00,长城牌 ,恒通客车牌,76146500000000000 ,364548000000000000 ,197506,197006,8,2,2,工作日,早高峰(7-9点),2015-02-04,2015年2月4日,小雨 /小雨,4℃ / 0℃,东北风 ≤3级 /东北风 ≤3级,小雨,小雨,4,0,东北风,≤3级,东北风,≤3级,day
2015-02-04 07:50:00,盐务街,7、未按规定让行的 ,负全部责任,不负责任,1,贵AU6309,黑,1,贵A49W36,黑,-1,自培,-1,2004/10/29 0:00,千里马牌,雪佛兰牌,364568000000000000 ,364646000000000000 ,198504,197912,7,2,2,工作日,早高峰(7-9点),2015-02-04,2015年2月4日,小雨 /小雨,4℃ / 0℃,东北风 ≤3级 /东北风 ≤3级,小雨,小雨,4,0,东北风,≤3级,东北风,≤3级,day
2015-02-04 09:25:00,金清线,1、追尾的,负全部责任,不负责任,1,湘KC7556,黑,1,川F09094,红,自培,自培,2003/3/18 0:00,2007/6/28 0:00,江淮牌,长安牌 ,76347500000000000 ,364548000000000000 ,196502,198510,9,2,2,工作日,早高峰(7-9点),2015-02-04,2015年2月4日,小雨 /小雨,4℃ / 0℃,东北风 ≤3级 /东北风 ≤3级,小雨,小雨,4,0,东北风,≤3级,东北风,≤3级,day
2015-02-04 08:55:00,汤巴关,8、依法应负全责的其他情形,负全部责任,不负责任,1,贵A87981,白,0,贵ACH364,绿,-1,-1,-1,-1,东风牌,福特牌,576367000000000000 ,364548000000000000 ,198611,196809,8,2,2,工作日,早高峰(7-9点),2015-02-04,2015年2月4日,小雨 /小雨,4℃ / 0℃,东北风 ≤3级 /东北风 ≤3级,小雨,小雨,4,0,东北风,≤3级,东北风,≤3级,day
2015-01-05 17:30:00,兴关路路口,7、未按规定让行的 ,负全部责任,不负责任,1,贵A31L88,白色,1,贵ANH344,黑色,（乌当区）全林驾驶培训有限公司,铁二局驾校,2007/7/18 0:00,2012/3/30 0:00,雪佛兰牌,奥迪,364547000000000000 ,36454651154259746X,196303,199106,17,0,1,工作日,晚高峰(17-19点),2015-01-05,2015年1月5日,小雨 /小雨,11℃ / 3℃,东南风 ≤3级 /东北风 ≤3级,小雨,小雨,11,3,东南风,≤3级,东北风,≤3级,day
2015-02-02 16:40:00,省公安厅,5、开关车门的,负全部责任,不负责任,1,贵AFF421,白色,1,贵AVM333,白色,鑫鑫驾校,鑫鑫驾校,2014/3/24 0:00,2014/3/24 0:00,东南,普拉多,364548000000000000 ,364548000000000000 ,197803,197803,16,0,2,工作日,非高峰,2015-02-02,2015年2月2日,阴 /小雨,7℃ / 3℃,南风 ≤3级 /东南风 ≤3级,阴,小雨,7,3,南风,≤3级,东南风,≤3级,day
2015-01-07 00:00:00,望城坡,7、未按规定让行的 ,负全部责任,不负责任,1,渝F84452,白色,1,贵AN766,白色,自培,顺一驾驶培训学校,2004/9/29 0:00,2005/12/1 0:00,庆铃,-1,366061000000000000 ,366046000000000000 ,197111,198009,0,2,1,工作日,非高峰,2015-01-07,2015年1月7日,阴 /小雨,6℃ / 2℃,东北风 ≤3级 /东北风 ≤3级,阴,小雨,6,2,东北风,≤3级,东北风,≤3级,night
2015-01-31 17:35:00,浣纱路,7、未按规定让行的 ,负同等责任,负同等责任,1,贵AU0040,蓝色,1,赣CY7936,黑色,-1,-1,-1,-1,金龙牌,中华牌,36454751 ,366064000000000000 ,19,197805,17,5,1,工作日,晚高峰(17-19点),2015-01-31,2015年1月31日,冻雨 /冻雨,-1℃ / -3℃,东北风 ≤3级 /东北风 ≤3级,冻雨,冻雨,-1,-3,东北风,≤3级,东北风,≤3级,day
2015-01-02 04:20:00,白云区,9、不符合前8款规定或者双方同时具有上述情形的,负同等责任,负同等责任,1,贵AU2906,绿,1,贵AWZ242,黑,-1,-1,-1,-1,钱江牌,雷克萨斯,364347000000000000 ,364558000000000000 ,198411,198202,4,4,1,工作日,非高峰,2015-01-02,2015年1月2日,多云 /多云,12℃ / 6℃,南风 ≤3级 /南风 ≤3级,多云,多云,12,6,南风,≤3级,南风,≤3级,night
2015-01-11 10:00:00,龚家寨十字路口,7、未按规定让行的 ,负全部责任,不负责任,1,贵A9AS71,灰,1,贵AA296R,银,消防驾校,-1,2012/8/7 0:00,-1,江淮牌,东风标致牌,364558000000000000 ,364596000000000000 ,197708,199712,10,6,1,周末,非高峰,2015-01-11,2015年1月11日,阴 /小雨,8℃ / 2℃,东北风 ≤3级 /东北风 ≤3级,阴,小雨,8,2,东北风,≤3级,东北风,≤3级,day
2015-01-12 12:00:00,北京路,1、追尾的,负全部责任,不负责任,1,贵AJR443,蓝,0,贵A8BX36,黄,-1,（南明区）铁二局驾驶培训有限公司,-1,2012/8/28 0:00,五菱牌,北京现代牌,266069000000000000 ,366577000000000000 ,198207,197506,12,0,1,工作日,非高峰,2015-01-12,2015年1月12日,多云 /阴,10℃ / 1℃,东北风 ≤3级 /东北风 ≤3级,多云,阴,10,1,东北风,≤3级,东北风,≤3级,day
2015-02-01 17:30:00,三桥车管所,1、追尾的,负全部责任,不负责任,1,贵ANR340,白色,1,贵AH6886,银色,-1,-1,-1,-1,-1,钱江牌,07406651894942125X,74660500000000000 ,197808,197607,17,6,2,周末,晚高峰(17-19点),2015-02-01,2015年2月1日,阴 /小雨,2℃ / 0℃,东北风 ≤3级 /东风 ≤3级,阴,小雨,2,0,东北风,≤3级,东风,≤3级,day
2015-01-15 14:20:00,沙冲路,8、依法应负全责的其他情形,负全部责任,不负责任,1,贵A0A627,蓝,1,贵A87K29,蓝,（乌当区）新华驾驶培训有限公司,520127,2007/12/28 0:00,2008/9/1 0:00,福克斯牌,翼搏牌,364547000000000000 ,364547000000000000 ,198109,198805,14,3,1,工作日,非高峰,2015-01-15,2015年1月15日,阴 /小雨,9℃ / 4℃,南风 ≤3级 /东北风 ≤3级,阴,小雨,9,4,南风,≤3级,东北风,≤3级,day
2015-02-02 16:00:00,花果园停车场,3、倒车的,负全部责任,不负责任,1,贵ANX359,黑色,1,贵A48V25,黑色,-1,预约考试窗口,-1,2007/7/3 0:00,东风牌,雪佛兰牌,64567500000000000 ,364566000000000000 ,197704,198108,16,0,2,工作日,非高峰,2015-02-02,2015年2月2日,阴 /小雨,7℃ / 3℃,南风 ≤3级 /东南风 ≤3级,阴,小雨,7,3,南风,≤3级,东南风,≤3级,day
2015-01-15 12:10:00,长岭北路,1、追尾的,负全部责任,不负责任,1,贵AIE012,黑,1,贵AVP364,黑,自培,520101,2003/10/14 0:00,2008/12/29 0:00,-1,夏利牌,366767000000000000 ,366864000000000000 ,197104,197411,12,3,1,工作日,非高峰,2015-01-15,2015年1月15日,阴 /小雨,9℃ / 4℃,南风 ≤3级 /东北风 ≤3级,阴,小雨,9,4,南风,≤3级,东北风,≤3级,day
2015-01-08 19:10:00,沙冲北路,1、追尾的,负全部责任,不负责任,1,贵GM3203,白色,1,贵AU3491,白色,（南明区）吉源驾驶培训有限公司,许昌市保安服务公司机动车驾驶员培训学校,2005/8/17 0:00,2008/9/26 0:00,隆鑫牌,飞肯牌,364548000000000000 ,55566500000000000 ,198408,197707,19,3,1,工作日,晚高峰(17-19点),2015-01-08,2015年1月8日,小雨 /小雨,5℃ / 1℃,东北风 ≤3级 /东北风 ≤3级,小雨,小雨,5,1,东北风,≤3级,东北风,≤3级,day
2015-01-14 14:13:00,省政府,7、未按规定让行的 ,负全部责任,不负责任,1,贵AXF167,黑,0,贵AD1692,黑,自培,自培,2004/3/1 0:00,2003/8/7 0:00,大众汽车牌,大众汽车牌,364557000000000000 ,366770000000000000 ,197906,196412,14,2,1,工作日,非高峰,2015-01-14,2015年1月14日,多云 /阴,11℃ / 3℃,东风 ≤3级 /南风 ≤3级,多云,阴,11,3,东风,≤3级,南风,≤3级,day
2015-02-01 18:55:00,市北路,1、追尾的,负全部责任,不负责任,1,贵A66A77,白色,1,贵AAG210,黑色,自培,贵大佳德驾驶培训学,2002/8/21 0:00,2007/7/26 0:00,大众汽车牌,长安牌,364548000000000000 ,366068000000000000 ,195804,198903,18,6,2,周末,晚高峰(17-19点),2015-02-01,2015年2月1日,阴 /小雨,2℃ / 0℃,东北风 ≤3级 /东风 ≤3级,阴,小雨,2,0,东北风,≤3级,东风,≤3级,day
2015-02-04 09:40:00,狮子山,7、未按规定让行的 ,负全部责任,不负责任,1,贵AAX285,黑,1,贵A8BE47,蓝,自培,十一培,2002/5/17 0:00,1997/12/16 0:00,荣威牌,大众牌,366864000000000000 ,364548000000000000 ,198107,197604,9,2,2,工作日,早高峰(7-9点),2015-02-04,2015年2月4日,小雨 /小雨,4℃ / 0℃,东北风 ≤3级 /东北风 ≤3级,小雨,小雨,4,0,东北风,≤3级,东北风,≤3级,day
2015-01-12 08:30:00,中曹司大桥,3、倒车的,负全部责任,不负责任,1,贵A34995,白色,1,贵ART589,白色,自培,十一培,1996/8/19 0:00,1996/9/18 0:00,雅阁牌,起亚牌,364648000000000000 ,366063000000000000 ,197705,196905,8,0,1,工作日,早高峰(7-9点),2015-01-12,2015年1月12日,多云 /阴,10℃ / 1℃,东北风 ≤3级 /东北风 ≤3级,多云,阴,10,1,东北风,≤3级,东北风,≤3级,day
2015-01-11 14:05:00,金华镇蒿芝村,8、依法应负全责的其他情形,负全部责任,不负责任,1,贵A830C3,银,1,贵A9503V,银,-1,十一培,-1,1998/12/31 0:00,解放牌,别克牌,36156500000000000 ,364557000000000000 ,989120,197812,14,6,1,周末,非高峰,2015-01-11,2015年1月11日,阴 /小雨,8℃ / 2℃,东北风 ≤3级 /东北风 ≤3级,阴,小雨,8,2,东北风,≤3级,东北风,≤3级,day
2015-02-04 10:20:00,金关,7、未按规定让行的 ,负全部责任,不负责任,1,贵A7329A,黑,1,贵AAS458,黑,诚信驾驶培训学校,自培,2011/12/15 0:00,2000/12/8 0:00,北京牌,胜达,364558000000000000 ,356164000000000000 ,198209,196402,10,2,2,工作日,非高峰,2015-02-04,2015年2月4日,小雨 /小雨,4℃ / 0℃,东北风 ≤3级 /东北风 ≤3级,小雨,小雨,4,0,东北风,≤3级,东北风,≤3级,day
2015-02-01 10:20:00,二桥,7、未按规定让行的 ,负全部责任,不负责任,1,贵AU5338,银,1,贵A84R96,黑,（南明区）现代驾驶培训有限公司,自培,2006/3/17 0:00,2010/7/28 0:00,捷达牌,东风标致牌,366875000000000000 ,366064000000000000 ,197809,198005,10,6,2,周末,非高峰,2015-02-01,2015年2月1日,阴 /小雨,2℃ / 0℃,东北风 ≤3级 /东风 ≤3级,阴,小雨,2,0,东北风,≤3级,东风,≤3级,day
2015-01-05 17:05:00,北二环,1、追尾的,负全部责任,不负责任,1,贵A7160F,红,1,贵A3163F,银,（经开区）顺一驾驶培训有限公司,自培,2009/7/20 0:00,2011/2/21 0:00,五菱牌,五菱牌,366361000000000000 ,366361000000000000 ,197509,197312,17,0,1,工作日,晚高峰(17-19点),2015-01-05,2015年1月5日,小雨 /小雨,11℃ / 3℃,东南风 ≤3级 /东北风 ≤3级,小雨,小雨,11,3,东南风,≤3级,东北风,≤3级,day
2015-01-12 19:00:00,金阳新区彩虹桥,1、追尾的,负全部责任,不负责任,1,贵AN4411,黑,1,湘A2254G,红,-1,自培,-1,2008/1/24 0:00,雅阁牌,梅赛德斯-奔驰,36687600000000000 ,366046000000000000 ,197507,197701,19,0,1,工作日,晚高峰(17-19点),2015-01-12,2015年1月12日,多云 /阴,10℃ / 1℃,东北风 ≤3级 /东北风 ≤3级,多云,阴,10,1,东北风,≤3级,东北风,≤3级,day
2015-01-11 04:50:00,三桥南路,7、未按规定让行的 ,负全部责任,不负责任,1,贵A604H7,银,1,贵A81Y15,蓝,-1,自培,-1,2004/12/23 0:00,东风牌,夏利牌,511055000000 ,366068000000000000 ,108441,198509,4,6,1,周末,非高峰,2015-01-11,2015年1月11日,阴 /小雨,8℃ / 2℃,东北风 ≤3级 /东北风 ≤3级,阴,小雨,8,2,东北风,≤3级,东北风,≤3级,night
2015-02-01 13:03:00,和尚坡,3、倒车的,负全部责任,不负责任,1,贵JP4723,白色,1,贵AFR704,白色,凯信驾校,-1,2014/8/4 0:00,-1,长安牌,金杯牌,364556000000000000 ,36454700000000000 ,199511,196811,13,6,2,周末,非高峰,2015-02-01,2015年2月1日,阴 /小雨,2℃ / 0℃,东北风 ≤3级 /东风 ≤3级,阴,小雨,2,0,东北风,≤3级,东风,≤3级,day
2015-02-03 09:40:00,龙洞堡,1、追尾的,负全部责任,不负责任,1,贵AED902,灰色,1,贵A35A17,白色,-1,高新驾校,-1,2011/12/7 0:00,宝来牌,雪佛兰牌,366061000000000000 ,364556000000000000 ,195603,196505,9,1,2,工作日,早高峰(7-9点),2015-02-03,2015年2月3日,小雨 /小雨,6℃ / 1℃,东北风 ≤3级 /东北风 ≤3级,小雨,小雨,6,1,东北风,≤3级,东北风,≤3级,day
2015-02-02 08:00:00,三桥,7、未按规定让行的 ,负全部责任,不负责任,1,粤SPN152,黑,1,贵AFZ679,银,全林驾校,全林驾校,2011/8/31 0:00,2011/8/31 0:00,无,解放牌,366664000000000000 ,366664000000000000 ,199210,199210,8,0,2,工作日,早高峰(7-9点),2015-02-02,2015年2月2日,阴 /小雨,7℃ / 3℃,南风 ≤3级 /东南风 ≤3级,阴,小雨,7,3,南风,≤3级,东南风,≤3级,day
2015-02-02 21:00:00,白云区鸡场街路口,7、未按规定让行的 ,负全部责任,不负责任,1,渝GU2297,黑色,1,贵A6B618,白色,-1,铁二局驾校,-1,2014/2/27 0:00,金杯牌,-1,344676000000000000 ,366046000000000000 ,199110,198610,21,0,2,工作日,非高峰,2015-02-02,2015年2月2日,阴 /小雨,7℃ / 3℃,南风 ≤3级 /东南风 ≤3级,阴,小雨,7,3,南风,≤3级,东南风,≤3级,night
2015-02-03 09:40:00,东二环,8、依法应负全责的其他情形,负全部责任,不负责任,1,贵A82262,黑色,1,贵A76Y87,黑色,自培,高新驾校,2001/7/25 0:00,2011/7/6 0:00,夏利,宝马,364548000000000000 ,4167520000000000 ,198111,198811,9,1,2,工作日,早高峰(7-9点),2015-02-03,2015年2月3日,小雨 /小雨,6℃ / 1℃,东北风 ≤3级 /东北风 ≤3级,小雨,小雨,6,1,东北风,≤3级,东北风,≤3级,day
2015-02-03 09:20:00,杨家山隧道, ,负全部责任,不负责任,1,闽1039K,灰色,1,贵AC2714,黄色,-1,贵州现代驾驶培训责任有限公司,-1,2014/9/4 0:00,\N,宗申.比亚乔牌,364569000000000000 ,366067000000000000 ,196307,199007,9,1,2,工作日,早高峰(7-9点),2015-02-03,2015年2月3日,小雨 /小雨,6℃ / 1℃,东北风 ≤3级 /东北风 ≤3级,小雨,小雨,6,1,东北风,≤3级,东北风,≤3级,day
2015-02-03 10:00:00,五里冲,1、追尾的,负全部责任,不负责任,1,川A689QC,白色,1,贵AU6743,白色,-1,-1,-1,-1,东风雪铁龙牌,恒通客车牌,74867500000000000 ,364548000000000 ,198506,771216,10,1,2,工作日,非高峰,2015-02-03,2015年2月3日,小雨 /小雨,6℃ / 1℃,东北风 ≤3级 /东北风 ≤3级,小雨,小雨,6,1,东北风,≤3级,东北风,≤3级,day
2015-02-03 07:58:00,长江路,7、未按规定让行的 ,负全部责任,不负责任,1,贵AKE156,白色,0,贵A24Y99,白色,市交校,-1,2010/11/12 0:00,-1,朗逸牌,梅赛德斯-奔驰牌,366563000000000000 ,364545000000 ,197705,341561,7,1,2,工作日,早高峰(7-9点),2015-02-03,2015年2月3日,小雨 /小雨,6℃ / 1℃,东北风 ≤3级 /东北风 ≤3级,小雨,小雨,6,1,东北风,≤3级,东北风,≤3级,day
2015-01-11 04:00:00,金阳客车站,1、追尾的,负全部责任,不负责任,1,贵A22B58,蓝,1,贵FX9998,黑,自培,新天驾校,2007/7/23 0:00,2010/6/18 0:00,大众汽车牌,江淮牌,36604551875562440X,366067000000000000 ,197311,198508,4,6,1,周末,非高峰,2015-01-11,2015年1月11日,阴 /小雨,8℃ / 2℃,东北风 ≤3级 /东北风 ≤3级,阴,小雨,8,2,东北风,≤3级,东北风,≤3级,night
2015-02-01 16:50:00,观山湖区,7、未按规定让行的 ,负全部责任,不负责任,1,贵Av7434,黑色,1,贵A34N69,白色,自培,自培,2005/8/24 0:00,2003/11/6 0:00,-1,雅阁牌,366046000000000000 ,366061000000000000 ,197204,198312,16,6,2,周末,非高峰,2015-02-01,2015年2月1日,阴 /小雨,2℃ / 0℃,东北风 ≤3级 /东风 ≤3级,阴,小雨,2,0,东北风,≤3级,东风,≤3级,day
2015-02-01 18:42:00,白云中路,1、追尾的,负全部责任,不负责任,1,贵H97J48,黑,1,贵AA252M,白,路路达驾校,十一培,2000/4/17 0:00,1995/1/5 0:00,-1,吉利牌,364558000000000000 ,364558000000000000 ,197311,195910,18,6,2,周末,晚高峰(17-19点),2015-02-01,2015年2月1日,阴 /小雨,2℃ / 0℃,东北风 ≤3级 /东风 ≤3级,阴,小雨,2,0,东北风,≤3级,东风,≤3级,day
2015-01-11 10:20:00,金苏大道,1、追尾的,负全部责任,不负责任,0,贵A1863,黄,1,贵A44Y85,黑,蓝天驾校,十一培,2011/11/30 0:00,1991/11/2 0:00,桑塔纳,梅赛德斯-奔驰,366276000000000000 ,364558000000000000 ,197910,197402,10,6,1,周末,非高峰,2015-01-11,2015年1月11日,阴 /小雨,8℃ / 2℃,东北风 ≤3级 /东北风 ≤3级,阴,小雨,8,2,东北风,≤3级,东北风,≤3级,day
2015-02-02 10:00:00,云岩区大营坡,7、未按规定让行的 ,负全部责任,不负责任,1,贵ABJ343,灰,0,贵A46311,黑,自培,十一培,2007/4/10 0:00,1986/9/14 0:00,风神牌,长江,366367000000000000 ,364547000000000000 ,196901,196502,10,0,2,工作日,非高峰,2015-02-02,2015年2月2日,阴 /小雨,7℃ / 3℃,南风 ≤3级 /东南风 ≤3级,阴,小雨,7,3,南风,≤3级,东南风,≤3级,day
2015-02-01 19:30:00,白云区麦架镇小桥村,1、追尾的,负全部责任,不负责任,1,贵GV5705,白色,1,贵A79574,黑色,-1,自培,-1,2003/5/27 0:00,宝马牌,南骏牌,36455651164769765x,364558000000000000 ,199203,197111,19,6,2,周末,晚高峰(17-19点),2015-02-01,2015年2月1日,阴 /小雨,2℃ / 0℃,东北风 ≤3级 /东风 ≤3级,阴,小雨,2,0,东北风,≤3级,东风,≤3级,day
2015-02-03 08:00:00,金阳二手车市场,3、倒车的,负全部责任,不负责任,1,贵ASZ033,银,1,贵A552G2,蓝,贵定县阳光汽车驾驶培训学校,自培,2012/8/22 0:00,2006/12/21 0:00,五菱牌,长安牌,774268000000000000 ,366064000000000000 ,196709,198007,8,1,2,工作日,早高峰(7-9点),2015-02-03,2015年2月3日,小雨 /小雨,6℃ / 1℃,东北风 ≤3级 /东北风 ≤3级,小雨,小雨,6,1,东北风,≤3级,东北风,≤3级,day
2015-02-02 06:14:00,蟠桃宫,7、未按规定让行的 ,负全部责任,不负责任,1,贵F60237,黑,1,贵AEC834,蓝,贵州贵龙驾校,自培,2014/12/17 0:00,2006/1/10 0:00,奥迪牌,田野牌,366068000000000000 ,36666351895542445X,199312,197811,6,0,2,工作日,非高峰,2015-02-02,2015年2月2日,阴 /小雨,7℃ / 3℃,南风 ≤3级 /东南风 ≤3级,阴,小雨,7,3,南风,≤3级,东南风,≤3级,day
2015-02-02 18:10:00,白云北路,7、未按规定让行的 ,负全部责任,不负责任,1,贵A6553S,黑色,1,贵A2814B,白色,-1,-1,-1,-1,长安牌,吉利牌,36455751824959725x,376264000000000000 ,197608,199369,18,0,2,工作日,晚高峰(17-19点),2015-02-02,2015年2月2日,阴 /小雨,7℃ / 3℃,南风 ≤3级 /东南风 ≤3级,阴,小雨,7,3,南风,≤3级,东南风,≤3级,day
2015-02-03 13:00:00,金阳客站,8、依法应负全责的其他情形,负全部责任,不负责任,1,贵AU0593,蓝,1,贵A1193,红,520127,市交校,1989/4/7 0:00,2010/8/26 0:00,奇瑞牌,-1,366361000000000000 ,366569000000000000 ,196910,199107,13,1,2,工作日,非高峰,2015-02-03,2015年2月3日,小雨 /小雨,6℃ / 1℃,东北风 ≤3级 /东北风 ≤3级,小雨,小雨,6,1,东北风,≤3级,东北风,≤3级,day
2015-02-03 14:00:00,解放路,1、追尾的,负全部责任,不负责任,1,贵A9689M,银,1,贵AV2596,银,-1,路路达驾校,-1,2012/9/29 0:00,北京现代牌,新阳光牌,366361000000000000 ,366361000000000000 ,198701,198409,14,1,2,工作日,非高峰,2015-02-03,2015年2月3日,小雨 /小雨,6℃ / 1℃,东北风 ≤3级 /东北风 ≤3级,小雨,小雨,6,1,东北风,≤3级,东北风,≤3级,day
2015-02-02 19:30:00,小河清水江路,7、未按规定让行的 ,负全部责任,不负责任,1,贵AHG599,白色,1,贵A7805H,白色,（南明区）阳光驾驶培训有限公司,自培,2005/2/7 0:00,-1,别克牌,中华牌,366364000000000000 ,366068000000000000 ,197312,199308,19,0,2,工作日,晚高峰(17-19点),2015-02-02,2015年2月2日,阴 /小雨,7℃ / 3℃,南风 ≤3级 /东南风 ≤3级,阴,小雨,7,3,南风,≤3级,东南风,≤3级,day
2015-02-03 12:00:00,上坝,7、未按规定让行的 ,负全部责任,不负责任,1,贵A3296X,黑,1,贵A6065Y,黑,青正驾校,高新驾校,2012/3/8 0:00,2014/6/26 0:00,英伦牌,朗风牌,364557000000000000 ,364557000000000000 ,199205,199602,12,1,2,工作日,非高峰,2015-02-03,2015年2月3日,小雨 /小雨,6℃ / 1℃,东北风 ≤3级 /东北风 ≤3级,小雨,小雨,6,1,东北风,≤3级,东北风,≤3级,day