accidenttime,accidentaddr,driver1fault,driver1responsibility,driver2responsibility,sex1,platenumber1,carcolor1,sex2,platenumber2,carcolor2,jxmc1,jxmc2,cclzrq1,cclzrq2,clpp1,clpp2,driver1license,driver2license,brith1,brith2,hour,weekday,month,is_weekday,peak_hour,date,日期,天气状况,气温,风力风向,day_wea,night_wea,day_tep,night_tep,day_wind_direction,day_wind_speed,night_wind_direction,night_wind_speed,segment
2015-02-03 08:30:00,金阳中路,7、未按规定让行的 ,负全部责任,不负责任,1,贵ACB959,黑色,1,贵FP6701,白色,自培,青正驾校,2003/8/18 0:00,2013/11/29 0:00,别克牌,一汽佳星牌,356767000000000000 ,366064000000000000 ,196302,197301,8,1,2,工作日,早高峰(7-9点),2015-02-03,2015年2月3日,小雨 /小雨,6℃ / 1℃,东北风 ≤3级 /东北风 ≤3级,小雨,小雨,6,1,东北风,≤3级,东北风,≤3级,day
2015-02-02 20:20:00,花溪大道,1、追尾的,负全部责任,不负责任,1,川L26932,白色,1,贵CGF524,白色,-1,-1,-1,-1,奥迪牌,雪佛兰牌,354741000000000000 ,354670000000000000 ,197511,198306,20,0,2,工作日,非高峰,2015-02-02,2015年2月2日,阴 /小雨,7℃ / 3℃,南风 ≤3级 /东南风 ≤3级,阴,小雨,7,3,南风,≤3级,东南风,≤3级,night
2015-02-03 10:40:00,万东桥,7、未按规定让行的 ,负全部责任,不负责任,1,贵A66K27,黑色,1,贵AU6148,白色,省交校,520111,2011/12/9 0:00,-1,雪佛兰牌,大江牌,364548000000000000 ,366068000000000000 ,197804,198002,10,1,2,工作日,非高峰,2015-02-03,2015年2月3日,小雨 /小雨,6℃ / 1℃,东北风 ≤3级 /东北风 ≤3级,小雨,小雨,6,1,东北风,≤3级,东北风,≤3级,day
2015-02-03 17:28:00,浙商综合批发市场,7、未按规定让行的 ,负全部责任,不负责任,1,贵AHN469,白色,1,贵A76P72,白色,-1,-1,-1,-1,江淮牌,思威牌,706967000000000000 ,366864000000000000 ,196509,197303,17,1,2,工作日,晚高峰(17-19点),2015-02-03,2015年2月3日,小雨 /小雨,6℃ / 1℃,东北风 ≤3级 /东北风 ≤3级,小雨,小雨,6,1,东北风,≤3级,东北风,≤3级,day
2015-02-03 22:30:00,中华北路,7、未按规定让行的 ,负全部责任,不负责任,1,贵AHN865,白,1,贵A57I32,白,-1,-1,-1,-1,丰田牌,-1,364558000000000000 ,364556000000000000 ,197007,198702,22,1,2,工作日,非高峰,2015-02-03,2015年2月3日,小雨 /小雨,6℃ / 1℃,东北风 ≤3级 /东北风 ≤3级,小雨,小雨,6,1,东北风,≤3级,东北风,≤3级,night
2015-02-03 09:00:00,沙冲南路,7、未按规定让行的 ,负全部责任,不负责任,0,贵AC6473,白色,1,贵A00973,白色,-1,十一培,-1,1998/11/3 0:00,海马牌,昌河,366867000000000 ,364547000000000000 ,610603,196906,9,1,2,工作日,早高峰(7-9点),2015-02-03,2015年2月3日,小雨 /小雨,6℃ / 1℃,东北风 ≤3级 /东北风 ≤3级,小雨,小雨,6,1,东北风,≤3级,东北风,≤3级,day
2015-02-03 12:30:00,机场路,8、依法应负全责的其他情形,负全部责任,不负责任,1,贵AA454L,白色,1,贵A63977,白色,新天驾校,十一培,2014/2/11 0:00,1992/2/7 0:00,东风雪铁龙牌,银翔,366364000000000000 ,366046000000000000 ,196411,197105,12,1,2,工作日,非高峰,2015-02-03,2015年2月3日,小雨 /小雨,6℃ / 1℃,东北风 ≤3级 /东北风 ≤3级,小雨,小雨,6,1,东北风,≤3级,东北风,≤3级,day
2015-02-03 10:30:00,世纪城,7、未按规定让行的 ,负全部责任,不负责任,1,贵A75K27,银,1,贵A15N68,红,蓝天驾校,十一培,2014/12/5 0:00,1998/4/20 0:00,三菱牌,捷豹,36454751334765095X,4360510000000000 ,195503,196009,10,1,2,工作日,非高峰,2015-02-03,2015年2月3日,小雨 /小雨,6℃ / 1℃,东北风 ≤3级 /东北风 ≤3级,小雨,小雨,6,1,东北风,≤3级,东北风,≤3级,day
2015-02-03 16:10:00,太慈桥,1、追尾的,负全部责任,不负责任,1,贵APN447,黑,1,贵AU6701,黑,贵州现代驾驶培训责任有限公司,十一培,2012/9/27 0:00,1994/9/20 0:00,捷达牌,豪爵牌,366275000000000000 ,364547000000000000 ,198005,195912,16,1,2,工作日,非高峰,2015-02-03,2015年2月3日,小雨 /小雨,6℃ / 1℃,东北风 ≤3级 /东北风 ≤3级,小雨,小雨,6,1,东北风,≤3级,东北风,≤3级,day
2015-02-04 00:00:00,白云区,9、不符合前8款规定或者双方同时具有上述情形的,负同等责任,负同等责任,0,贵AU2906,黑,1,贵AW6242,银,-1,十一培,-1,1994/9/29 0:00,瑞麒牌,宝马牌,366347000000000000 ,364558000000000000 ,197411,197202,0,2,2,工作日,非高峰,2015-02-04,2015年2月4日,小雨 /小雨,4℃ / 0℃,东北风 ≤3级 /东北风 ≤3级,小雨,小雨,4,0,东北风,≤3级,东北风,≤3级,night
2015-02-03 15:30:00,花果园,7、未按规定让行的 ,负全部责任,不负责任,1,云AGN9671,黑,0,贵A4BW02,黄,-1,自培,-1,2000/7/11 0:00,\N,长安牌,364546000000000 ,364547000000000000 ,630702,196110,15,1,2,工作日,非高峰,2015-02-03,2015年2月3日,小雨 /小雨,6℃ / 1℃,东北风 ≤3级 /东北风 ≤3级,小雨,小雨,6,1,东北风,≤3级,东北风,≤3级,day
2015-02-03 17:50:00,遵义路,7、未按规定让行的 ,负全部责任,不负责任,1,贵JNU526,银,1,贵FC9390,黑,-1,自培,-1,2005/6/23 0:00,-1,荣威牌,354961000000000000 ,366061000000000000 ,198407,198111,17,1,2,工作日,晚高峰(17-19点),2015-02-03,2015年2月3日,小雨 /小雨,6℃ / 1℃,东北风 ≤3级 /东北风 ≤3级,小雨,小雨,6,1,东北风,≤3级,东北风,≤3级,day
2015-02-02 21:35:00,贵阳市世纪城金源街,3、倒车的,负全部责任,不负责任,1,贵A79J28,黑色,1,贵AJK422,白色,自培,自培,2000/5/9 0:00,2003/8/28 0:00,英菲尼迪 JX35,雪佛兰牌,364557000000000000 ,364548000000000000 ,197505,197503,21,0,2,工作日,非高峰,2015-02-02,2015年2月2日,阴 /小雨,7℃ / 3℃,南风 ≤3级 /东南风 ≤3级,阴,小雨,7,3,南风,≤3级,东南风,≤3级,night
2015-02-03 09:24:00,金阳观山东路八匹马,7、未按规定让行的 ,负全部责任,不负责任,1,贵A517G9,黑色,1,贵AU2121,白色,自培,自培,2004/5/28 0:00,2006/6/7 0:00,江铃牌,天马牌,366664000000000000 ,364648000000000000 ,197201,198109,9,1,2,工作日,早高峰(7-9点),2015-02-03,2015年2月3日,小雨 /小雨,6℃ / 1℃,东北风 ≤3级 /东北风 ≤3级,小雨,小雨,6,1,东北风,≤3级,东北风,≤3级,day
2015-02-04 03:30:00,白云,3、倒车的,负全部责任,不负责任,1,贵AK5901,黑,1,新车,黑,自培,新华驾校,2014/4/2 0:00,2014/12/30 0:00,银钢牌,-1,364557000000000000 ,364547000000000000 ,199403,198707,3,2,2,工作日,非高峰,2015-02-04,2015年2月4日,小雨 /小雨,4℃ / 0℃,东北风 ≤3级 /东北风 ≤3级,小雨,小雨,4,0,东北风,≤3级,东北风,≤3级,night
2015-02-03 19:30:00,会展城,7、未按规定让行的 ,负全部责任,不负责任,1,贵ABU719,黑,1,贵A13V77,银,（白云区）景宏驾驶培训有限公司,吉源驾校,2007/10/30 0:00,2014/6/17 0:00,名爵牌,别克牌,364558000000000000 ,364568000000000000 ,198908,199002,19,1,2,工作日,晚高峰(17-19点),2015-02-03,2015年2月3日,小雨 /小雨,6℃ / 1℃,东北风 ≤3级 /东北风 ≤3级,小雨,小雨,6,1,东北风,≤3级,东北风,≤3级,day
2015-02-04 02:25:00,中坝,7、未按规定让行的 ,负全部责任,不负责任,1,豫S8F981,黑,1,贵ACD373,白,-1,-1,-1,-1,无,东风日产牌,05746351854257447X,72487651934063445X,197106,198504,2,2,2,工作日,非高峰,2015-02-04,2015年2月4日,小雨 /小雨,4℃ / 0℃,东北风 ≤3级 /东北风 ≤3级,小雨,小雨,4,0,东北风,≤3级,东北风,≤3级,night
2015-02-03 20:00:00,小河转盘,7、未按规定让行的 ,负全部责任,不负责任,1,贵AU9645,白色,1,湘CE9411,白色,-1,贵州现代驾驶培训责任有限公司,-1,-1,宗申牌,北京现代牌,35616551834257908X,07476551815642427X,197506,197912,20,1,2,工作日,非高峰,2015-02-03,2015年2月3日,小雨 /小雨,6℃ / 1℃,东北风 ≤3级 /东北风 ≤3级,小雨,小雨,6,1,东北风,≤3级,东北风,≤3级,night
2015-02-03 18:30:00,大关,7、未按规定让行的 ,负全部责任,不负责任,1,贵A98248,黑,1,贵GN8117,黑,黔西县宏远黔职驾校有限公司,-1,2012/3/14 0:00,-1,五征牌,北京现代牌,366068000000000000 ,356166000000000000 ,198907,197512,18,1,2,工作日,晚高峰(17-19点),2015-02-03,2015年2月3日,小雨 /小雨,6℃ / 1℃,东北风 ≤3级 /东北风 ≤3级,小雨,小雨,6,1,东北风,≤3级,东北风,≤3级,day
2015-02-04 04:45:00,云潭南路,1、追尾的,负全部责任,不负责任,1,贵A38736,黄,1,贵AB353B,银,诚信驾驶培训学校,-1,2011/5/3 0:00,-1,华建牌,吉利牌,366361000000000000 ,36455700000000000 ,198410,196908,4,2,2,工作日,非高峰,2015-02-04,2015年2月4日,小雨 /小雨,4℃ / 0℃,东北风 ≤3级 /东北风 ≤3级,小雨,小雨,4,0,东北风,≤3级,东北风,≤3级,night
2015-02-04 03:40:00,三桥,7、未按规定让行的 ,负全部责任,不负责任,1,贵AU3532,蓝,0,贵ATW478,黄,无,时法驾校,1999/10/16 0:00,2006/5/16 0:00,万达牌,吉利美日牌,366068000000000000 ,366067000000000000 ,198103,197211,3,2,2,工作日,非高峰,2015-02-04,2015年2月4日,小雨 /小雨,4℃ / 0℃,东北风 ≤3级 /东北风 ≤3级,小雨,小雨,4,0,东北风,≤3级,东北风,≤3级,night
2015-02-04 12:05:00,金竹立交,1、追尾的,负全部责任,不负责任,1,贵A769E1,黑色,1,贵ALT028,黄色,-1,消防驾校,-1,2012/7/31 0:00,福田牌,吉利牌,366761000000000000 ,364557000000000000 ,198908,198511,12,2,2,工作日,非高峰,2015-02-04,2015年2月4日,小雨 /小雨,4℃ / 0℃,东北风 ≤3级 /东北风 ≤3级,小雨,小雨,4,0,东北风,≤3级,东北风,≤3级,day
2015-02-04 09:00:00,世纪金源,3、倒车的,负全部责任,不负责任,1,贵FV8914,黑,1,贵AKV537,蓝,-1,消防驾校,-1,2012/6/18 0:00,五菱牌,别克牌,366070000000000000 ,366868000000000000 ,197512,198312,9,2,2,工作日,早高峰(7-9点),2015-02-04,2015年2月4日,小雨 /小雨,4℃ / 0℃,东北风 ≤3级 /东北风 ≤3级,小雨,小雨,4,0,东北风,≤3级,东北风,≤3级,day
2015-02-04 12:30:00,金阳客站,7、未按规定让行的 ,负全部责任,不负责任,1,贵AU3833,黑,1,贵A95M97,蓝,（乌当区）平安驾驶培训有限公司,-1,2008/12/29 0:00,-1,隆鑫牌,大众汽车牌,364548000000000000 ,364647000000000000 ,196204,198603,12,2,2,工作日,非高峰,2015-02-04,2015年2月4日,小雨 /小雨,4℃ / 0℃,东北风 ≤3级 /东北风 ≤3级,小雨,小雨,4,0,东北风,≤3级,东北风,≤3级,day
2015-02-04 11:30:00,白云区,3、倒车的,负全部责任,不负责任,1,贵A93144,银,1,贵A7136B,蓝,新华驾校,自培,2013/5/6 0:00,2004/6/25 0:00,富雅达,众泰牌,36636051944361095X,364548000000000000 ,198005,198210,11,2,2,工作日,非高峰,2015-02-04,2015年2月4日,小雨 /小雨,4℃ / 0℃,东北风 ≤3级 /东北风 ≤3级,小雨,小雨,4,0,东北风,≤3级,东北风,≤3级,day
2015-02-04 14:20:00,大兴星城,7、未按规定让行的 ,负全部责任,不负责任,1,大地,白色,1,贵AB9806,白色,-1,贵州平安驾驶培训学校,-1,2015/1/23 0:00,\N,大运牌,366365000000000000 ,366046000000000000 ,198503,199409,14,2,2,工作日,非高峰,2015-02-04,2015年2月4日,小雨 /小雨,4℃ / 0℃,东北风 ≤3级 /东北风 ≤3级,小雨,小雨,4,0,东北风,≤3级,东北风,≤3级,day
2015-02-03 16:25:00,纪念塔,7、未按规定让行的 ,负全部责任,不负责任,1,贵ADF292,黑,1,贵ACC207,白,消防驾校,十一培,2011/5/17 0:00,1994/1/18 0:00,圣路牌,长安牌,364548000000000000 ,364548000000000000 ,199201,196709,16,1,2,工作日,非高峰,2015-02-03,2015年2月3日,小雨 /小雨,6℃ / 1℃,东北风 ≤3级 /东北风 ≤3级,小雨,小雨,6,1,东北风,≤3级,东北风,≤3级,day
2015-02-03 18:00:00,世纪城,7、未按规定让行的 ,负全部责任,不负责任,1,贵FV4613,黑,1,贵A24M39,黑,铁二局驾校,十一培,2013/12/5 0:00,1990/1/3 0:00,宗申牌,福克斯牌,366061000000000000 ,364548000000000000 ,196604,196708,18,1,2,工作日,晚高峰(17-19点),2015-02-03,2015年2月3日,小雨 /小雨,6℃ / 1℃,东北风 ≤3级 /东北风 ≤3级,小雨,小雨,6,1,东北风,≤3级,东北风,≤3级,day
2015-02-03 13:24:00,花溪,1、追尾的,负全部责任,不负责任,1,贵CJ8156,白,1,贵GJ1722,银,520132,自培,2009/3/31 0:00,2011/11/30 0:00,中华牌,雪佛兰牌,366663000000000000 ,364557000000000000 ,197912,198705,13,1,2,工作日,非高峰,2015-02-03,2015年2月3日,小雨 /小雨,6℃ / 1℃,东北风 ≤3级 /东北风 ≤3级,小雨,小雨,6,1,东北风,≤3级,东北风,≤3级,day
2015-02-04 15:00:00,北京路,1、追尾的,负全部责任,不负责任,1,贵ACW675,白色,1,贵AKA593,白色,-1,自培,-1,2003/1/17 0:00,思域(CIVIC)牌,昂科雷,364596000000000000 ,364547000000000000 ,198110,196612,15,2,2,工作日,非高峰,2015-02-04,2015年2月4日,小雨 /小雨,4℃ / 0℃,东北风 ≤3级 /东北风 ≤3级,小雨,小雨,4,0,东北风,≤3级,东北风,≤3级,day
2015-02-04 13:10:00,甘荫塘,3、倒车的,负全部责任,不负责任,1,闽A9733A,黑色,1,贵A15S82,灰色,-1,自培,-1,2003/11/1 0:00,凯迪拉克,雷克萨斯,734568000000000000 ,364556000000000000 ,197009,196908,13,2,2,工作日,非高峰,2015-02-04,2015年2月4日,小雨 /小雨,4℃ / 0℃,东北风 ≤3级 /东北风 ≤3级,小雨,小雨,4,0,东北风,≤3级,东北风,≤3级,day
2015-02-04 05:30:00,市政府,7、未按规定让行的 ,负全部责任,不负责任,1,贵A9CA77,蓝,1,贵AW4937,银,自培,自培,2003/9/22 0:00,2003/9/15 0:00,大众汽车牌,长安牌,36627551214157443X,364558000000000000 ,196909,198108,5,2,2,工作日,非高峰,2015-02-04,2015年2月4日,小雨 /小雨,4℃ / 0℃,东北风 ≤3级 /东北风 ≤3级,小雨,小雨,4,0,东北风,≤3级,东北风,≤3级,night
2015-02-03 17:30:00,见龙洞路,3、倒车的,负全部责任,不负责任,0,贵A5D6409,白,1,贵AK2664,红,自培,自培,2006/11/21 0:00,2001/4/25 0:00,-1,国威牌,366368000000000000 ,364548000000000000 ,197208,196801,17,1,2,工作日,晚高峰(17-19点),2015-02-03,2015年2月3日,小雨 /小雨,6℃ / 1℃,东北风 ≤3级 /东北风 ≤3级,小雨,小雨,6,1,东北风,≤3级,东北风,≤3级,day
2015-02-04 11:30:00,世纪城,4、停车时未挂低速档、未拉驻车制动，导致车辆滑行的,负全部责任,不负责任,0,贵AV0829,红,1,贵A0AV32,黑,黔西县阳光机动车驾驶学校有限责任公司,-1,2012/9/13 0:00,-1,嘉陵牌,思威牌,366068000000000000 ,366670000000000000 ,198201,199210,11,2,2,工作日,非高峰,2015-02-04,2015年2月4日,小雨 /小雨,4℃ / 0℃,东北风 ≤3级 /东北风 ≤3级,小雨,小雨,4,0,东北风,≤3级,东北风,≤3级,day
2015-02-04 13:00:00,观山湖区,9、不符合前8款规定或者双方同时具有上述情形的,负同等责任,负同等责任,1,贵GR9675,黑,1,贵A39397,银,-1,自培,-1,2014/10/9 0:00,翼虎牌,豪泺牌,364551000000000000 ,364568000000000000 ,197307,199112,13,2,2,工作日,非高峰,2015-02-04,2015年2月4日,小雨 /小雨,4℃ / 0℃,东北风 ≤3级 /东北风 ≤3级,小雨,小雨,4,0,东北风,≤3级,东北风,≤3级,day
2015-02-04 17:25:00,遵义路火车站,8、依法应负全责的其他情形,负全部责任,不负责任,1,贵AMS067,白色,1,贵AX9904,蓝色,-1,贵州晨运驾驶培训学校,-1,2010/11/10 0:00,五菱牌,长安牌,36634700000000000 ,36454651984962705X,197002,198708,17,2,2,工作日,晚高峰(17-19点),2015-02-04,2015年2月4日,小雨 /小雨,4℃ / 0℃,东北风 ≤3级 /东北风 ≤3级,小雨,小雨,4,0,东北风,≤3级,东北风,≤3级,day
2015-02-04 15:15:00,八匹马,8、依法应负全责的其他情形,负全部责任,不负责任,1,贵AMK555,黑,1,贵AHY269,黑,黔南州兴鑫汽车驾驶培训学校,520107,-1,2010/2/1 0:00,科雷傲,吉利美日牌,36634651844758498X,366364000000000000 ,197003,196602,15,2,2,工作日,非高峰,2015-02-04,2015年2月4日,小雨 /小雨,4℃ / 0℃,东北风 ≤3级 /东北风 ≤3级,小雨,小雨,4,0,东北风,≤3级,东北风,≤3级,day
2015-02-04 15:00:00,甘荫塘上坝路,7、未按规定让行的 ,负全部责任,不负责任,1,贵AJB317,白色,1,贵AB384A,白色,新天驾校,自培,2010/11/22 0:00,2007/9/12 0:00,松花江,奇瑞牌,364548000000000000 ,366875000000000000 ,197504,197702,15,2,2,工作日,非高峰,2015-02-04,2015年2月4日,小雨 /小雨,4℃ / 0℃,东北风 ≤3级 /东北风 ≤3级,小雨,小雨,4,0,东北风,≤3级,东北风,≤3级,day
2015-02-04 18:40:00,北京西路,1、追尾的,负全部责任,不负责任,1,贵A91744,黑,0,贵A68M59,红,自培,顺一驾驶培训学校,2002/2/1 0:00,2013/11/27 0:00,五星牌,朗风牌,36455751825674645X,366568000000000000 ,197612,197811,18,2,2,工作日,晚高峰(17-19点),2015-02-04,2015年2月4日,小雨 /小雨,4℃ / 0℃,东北风 ≤3级 /东北风 ≤3级,小雨,小雨,4,0,东北风,≤3级,东北风,≤3级,day
2015-02-04 16:20:00,三桥,3、倒车的,负全部责任,不负责任,1,贵A44S41,黄,1,贵A36V34,蓝,-1,路路达驾校,-1,2008/11/4 0:00,东风标致牌,宝马牌,364596000000000000 ,74366500000000000 ,197703,198310,16,2,2,工作日,非高峰,2015-02-04,2015年2月4日,小雨 /小雨,4℃ / 0℃,东北风 ≤3级 /东北风 ≤3级,小雨,小雨,4,0,东北风,≤3级,东北风,≤3级,day
2015-02-04 18:20:00,花果园,5、开关车门的,负全部责任,不负责任,1,云ABK87,白,1,贵A7392C,黑,-1,六盘水市黔龙驾驶培训学校,-1,2007/7/31 0:00,\N,夏利牌,376570000000000000 ,366670000000000000 ,197910,197706,18,2,2,工作日,晚高峰(17-19点),2015-02-04,2015年2月4日,小雨 /小雨,4℃ / 0℃,东北风 ≤3级 /东北风 ≤3级,小雨,小雨,4,0,东北风,≤3级,东北风,≤3级,day
2015-02-04 13:30:00,沙冲南路,7、未按规定让行的 ,负全部责任,不负责任,1,贵ATE638,白色,1,贵A7K336,白色,贵州平安驾驶培训学校,-1,2011/10/11 0:00,-1,雪佛兰牌,宝马牌,36454751295646048X,366067000000000000 ,196812,199108,13,2,2,工作日,非高峰,2015-02-04,2015年2月4日,小雨 /小雨,4℃ / 0℃,东北风 ≤3级 /东北风 ≤3级,小雨,小雨,4,0,东北风,≤3级,东北风,≤3级,day
2015-02-04 17:43:00,三桥,4、停车时未挂低速档、未拉驻车制动，导致车辆滑行的,负全部责任,不负责任,1,川A743W4,红,0,贵AB4275,黑,-1,-1,-1,-1,雪佛兰牌,金杯牌,357146000000000000 ,54595500000000000 ,198910,199311,17,2,2,工作日,晚高峰(17-19点),2015-02-04,2015年2月4日,小雨 /小雨,4℃ / 0℃,东北风 ≤3级 /东北风 ≤3级,小雨,小雨,4,0,东北风,≤3级,东北风,≤3级,day
2015-02-04 18:50:00,金阳,7、未按规定让行的 ,负全部责任,不负责任,1,桂KKR152,黑,1,赣E85204,红,-1,-1,-1,-1,明锐牌,\N,36362500000000000 ,726767000000000000 ,196505,199007,18,2,2,工作日,晚高峰(17-19点),2015-02-04,2015年2月4日,小雨 /小雨,4℃ / 0℃,东北风 ≤3级 /东北风 ≤3级,小雨,小雨,4,0,东北风,≤3级,东北风,≤3级,day
2015-02-04 19:01:00,头桥,1、追尾的,负全部责任,不负责任,1,贵ANC578,黑,1,贵AN3664,银,（经开区）十一驾驶培训有限公司,-1,2005/6/23 0:00,-1,梅赛德斯-奔驰牌,嘉冠牌,366577000000000000 ,366067000000000000 ,197310,198805,19,2,2,工作日,晚高峰(17-19点),2015-02-04,2015年2月4日,小雨 /小雨,4℃ / 0℃,东北风 ≤3级 /东北风 ≤3级,小雨,小雨,4,0,东北风,≤3级,东北风,≤3级,day
2015-02-04 19:30:00,中天,3、倒车的,负全部责任,不负责任,1,贵AMT309,红,1,贵BT4922,黑,-1,-1,-1,-1,江铃牌,奥迪牌,355566000000000000 ,364646000000000000 ,197909,198904,19,2,2,工作日,晚高峰(17-19点),2015-02-04,2015年2月4日,小雨 /小雨,4℃ / 0℃,东北风 ≤3级 /东北风 ≤3级,小雨,小雨,4,0,东北风,≤3级,东北风,≤3级,day
2015-02-04 08:30:00,诚信南路,9、不符合前8款规定或者双方同时具有上述情形的,负同等责任,负同等责任,1,贵GT8245,银,1,贵A604H7,白,自培,-1,2009/6/12 0:00,-1,马自达牌,东风牌,366067000000000000 ,366661000000000000 ,198912,199411,8,2,2,工作日,早高峰(7-9点),2015-02-04,2015年2月4日,小雨 /小雨,4℃ / 0℃,东北风 ≤3级 /东北风 ≤3级,小雨,小雨,4,0,东北风,≤3级,东北风,≤3级,day
2015-02-04 15:30:00,观山东路,7、未按规定让行的 ,负全部责任,不负责任,1,贵APH999,黑,1,贵AA822M,银,自培,预约考试窗口,2004/8/4 0:00,2007/6/19 0:00,福田牌,别克牌,366269000000000000 ,366347000000000000 ,197612,197910,15,2,2,工作日,非高峰,2015-02-04,2015年2月4日,小雨 /小雨,4℃ / 0℃,东北风 ≤3级 /东北风 ≤3级,小雨,小雨,4,0,东北风,≤3级,东北风,≤3级,day
2015-02-04 13:39:00,金阳,8、依法应负全责的其他情形,负全部责任,不负责任,1,贵A433D5,银,1,贵G81319,黑,自培,-1,2003/7/7 0:00,-1,江淮牌,东风日产牌,366568000000000000 ,366346000000000000 ,198409,197409,13,2,2,工作日,非高峰,2015-02-04,2015年2月4日,小雨 /小雨,4℃ / 0℃,东北风 ≤3级 /东北风 ≤3级,小雨,小雨,4,0,东北风,≤3级,东北风,≤3级,day
2015-02-04 15:44:00,花溪尖山路口,1、追尾的,负全部责任,不负责任,1,贵A31256,白色,1,贵AGC466,白色,自培,-1,2005/5/26 0:00,-1,长城,三菱牌,364556000000000000 ,366064000000000000 ,197601,197810,15,2,2,工作日,非高峰,2015-02-04,2015年2月4日,小雨 /小雨,4℃ / 0℃,东北风 ≤3级 /东北风 ≤3级,小雨,小雨,4,0,东北风,≤3级,东北风,≤3级,day
2015-02-04 17:00:00,花溪大道,1、追尾的,负全部责任,不负责任,1,贵ADZ703,白色,1,贵A7812学,白色,自培,-1,2004/9/24 0:00,-1,解放牌,-1,36606651824549645X,706567000000000000 ,197601,192805,17,2,2,工作日,晚高峰(17-19点),2015-02-04,2015年2月4日,小雨 /小雨,4℃ / 0℃,东北风 ≤3级 /东北风 ≤3级,小雨,小雨,4,0,东北风,≤3级,东北风,≤3级,day
2015-02-04 12:30:00,白云区,5、开关车门的,负全部责任,不负责任,1,贵A96R95,黑,1,贵G72198,红,自培,自培,2002/5/9 0:00,2007/9/7 0:00,北京现代,嘉陵,355456000000000000 ,366347000000000000 ,198403,198206,12,2,2,工作日,非高峰,2015-02-04,2015年2月4日,小雨 /小雨,4℃ / 0℃,东北风 ≤3级 /东北风 ≤3级,小雨,小雨,4,0,东北风,≤3级,东北风,≤3级,day
2015-02-04 18:00:00,嘉城路,7、未按规定让行的 ,负全部责任,不负责任,0,贵AU4300,绿,1,贵A53B78,白,-1,自培,-1,2003/5/14 0:00,豪爵牌,别克牌,366346000000000000 ,364547000000000000 ,196806,196302,18,2,2,工作日,晚高峰(17-19点),2015-02-04,2015年2月4日,小雨 /小雨,4℃ / 0℃,东北风 ≤3级 /东北风 ≤3级,小雨,小雨,4,0,东北风,≤3级,东北风,≤3级,day
2015-02-04 18:22:00,三桥南路,8、依法应负全责的其他情形,负全部责任,不负责任,0,云A286XV,银,1,贵AB4808,白,-1,自培,-1,2002/6/18 0:00,雪佛兰牌,丰田牌,366366000000000000 ,366368000000000000 ,197503,195506,18,2,2,工作日,晚高峰(17-19点),2015-02-04,2015年2月4日,小雨 /小雨,4℃ / 0℃,东北风 ≤3级 /东北风 ≤3级,小雨,小雨,4,0,东北风,≤3级,东北风,≤3级,day
2015-02-04 09:00:00,省医,7、未按规定让行的 ,负同等责任,负同等责任,1,贵ART378,蓝,1,贵ADX036,银,自培,自培,2003/1/28 0:00,2003/1/30 0:00,夏利牌,夏利牌,364548000000000000 ,364547000000000000 ,196309,196508,9,2,2,工作日,早高峰(7-9点),2015-02-04,2015年2月4日,小雨 /小雨,4℃ / 0℃,东北风 ≤3级 /东北风 ≤3级,小雨,小雨,4,0,东北风,≤3级,东北风,≤3级,day
2015-02-04 13:00:00,白云区,5、开关车门的,负全部责任,不负责任,1,贵AA4816,黑,1,贵ANG281,白,自培,自培,2002/5/21 0:00,2004/2/20 0:00,捷达,东风雪铁龙牌,364557000000000000 ,364548000000000000 ,196807,196005,13,2,2,工作日,非高峰,2015-02-04,2015年2月4日,小雨 /小雨,4℃ / 0℃,东北风 ≤3级 /东北风 ≤3级,小雨,小雨,4,0,东北风,≤3级,东北风,≤3级,day
2015-02-04 15:50:00,北京路,8、依法应负全责的其他情形,负全部责任,不负责任,1,贵A9T498,蓝,1,贵AU3781,绿,自培,自培,2008/7/11 0:00,2002/8/20 0:00,大众,新大洲牌,36656351884151755X,364557000000000000 ,197709,196208,15,2,2,工作日,非高峰,2015-02-04,2015年2月4日,小雨 /小雨,4℃ / 0℃,东北风 ≤3级 /东北风 ≤3级,小雨,小雨,4,0,东北风,≤3级,东北风,≤3级,day
2015-02-04 19:00:00,金阳,8、依法应负全责的其他情形,负全部责任,不负责任,1,贵CC0201,银,1,贵FX9094,蓝,-1,-1,-1,-1,豪泺牌,东风雪铁龙牌,366368000000000000 ,364547000000000000 ,198603,198506,19,2,2,工作日,晚高峰(17-19点),2015-02-04,2015年2月4日,小雨 /小雨,4℃ / 0℃,东北风 ≤3级 /东北风 ≤3级,小雨,小雨,4,0,东北风,≤3级,东北风,≤3级,day
2015-02-04 16:00:00,箭道街,8、依法应负全责的其他情形,负全部责任,不负责任,0,贵AHY956,黑,1,贵ALB964,白,-1,自培,-1,1996/7/3 0:00,长安牌,东风标致牌,36454700000000000 ,364547000000000000 ,197271,196401,16,2,2,工作日,非高峰,2015-02-04,2015年2月4日,小雨 /小雨,4℃ / 0℃,东北风 ≤3级 /东北风 ≤3级,小雨,小雨,4,0,东北风,≤3级,东北风,≤3级,day
2015-02-04 19:40:00,东山路,7、未按规定让行的 ,负全部责任,不负责任,0,贵A8BE89,黑,1,贵GY5582,黑,全林驾校,-1,2010/4/7 0:00,-1,思威牌,宝马牌,364557000000000000 ,366046000000000 ,197212,790130,19,2,2,工作日,晚高峰(17-19点),2015-02-04,2015年2月4日,小雨 /小雨,4℃ / 0℃,东北风 ≤3级 /东北风 ≤3级,小雨,小雨,4,0,东北风,≤3级,东北风,≤3级,day