accidenttime,accidentaddr,driver1fault,driver1responsibility,driver2responsibility,sex1,platenumber1,carcolor1,sex2,platenumber2,carcolor2,jxmc1,jxmc2,cclzrq1,cclzrq2,clpp1,clpp2,driver1license,driver2license,brith1,brith2,hour,weekday,month,is_weekday,peak_hour,date,日期,天气状况,气温,风力风向,day_wea,night_wea,day_tep,night_tep,day_wind_direction,day_wind_speed,night_wind_direction,night_wind_speed,segment
2015-02-04 21:10:00,改茶路,7、未按规定让行的 ,负全部责任,不负责任,1,贵AP3408,蓝,1,京AR9289,黑,（云岩区）省交通职业技术驾驶培训学校,-1,2009/2/18 0:00,-1,银钢牌,富路牌,366566000000000000 ,564664000000000000 ,197301,198006,21,2,2,工作日,非高峰,2015-02-04,2015年2月4日,小雨 /小雨,4℃ / 0℃,东北风 ≤3级 /东北风 ≤3级,小雨,小雨,4,0,东北风,≤3级,东北风,≤3级,night
2015-02-04 20:30:00,头桥,8、依法应负全责的其他情形,负全部责任,不负责任,1,贵AU2128,白,1,贵ARG804,白,-1,黔南州交通驾驶学校,-1,-1,轻骑牌,尼桑牌,364548000000000000 ,366864000000000000 ,198210,198402,20,2,2,工作日,非高峰,2015-02-04,2015年2月4日,小雨 /小雨,4℃ / 0℃,东北风 ≤3级 /东北风 ≤3级,小雨,小雨,4,0,东北风,≤3级,东北风,≤3级,night
2015-02-04 20:13:00,贵阳机场,7、未按规定让行的 ,负全部责任,不负责任,1,鄂A618C1,白色,1,贵AAW146,白色,-1,遵义驰龙驾校,-1,-1,田野牌,速腾牌,64940500000000000 ,366546000000000000 ,198503,196704,20,2,2,工作日,非高峰,2015-02-04,2015年2月4日,小雨 /小雨,4℃ / 0℃,东北风 ≤3级 /东北风 ≤3级,小雨,小雨,4,0,东北风,≤3级,东北风,≤3级,night
2015-02-04 19:30:00,三桥,7、未按规定让行的 ,负全部责任,不负责任,1,浙C7MX93,白,1,贵HH1121,黑,-1,520120,-1,-1,依维柯牌,奥迪牌,256746000000000000 ,366276000000000000 ,197203,198703,19,2,2,工作日,晚高峰(17-19点),2015-02-04,2015年2月4日,小雨 /小雨,4℃ / 0℃,东北风 ≤3级 /东北风 ≤3级,小雨,小雨,4,0,东北风,≤3级,东北风,≤3级,day
2015-02-04 15:50:00,小关隧道,1、追尾的,负全部责任,不负责任,1,贵GE6557,黑,1,渝C8R399,黑,-1,-1,-1,-1,比亚迪牌,-1,366875000000000000 ,366064000000000000 ,198210,198108,15,2,2,工作日,非高峰,2015-02-04,2015年2月4日,小雨 /小雨,4℃ / 0℃,东北风 ≤3级 /东北风 ≤3级,小雨,小雨,4,0,东北风,≤3级,东北风,≤3级,day
2015-02-04 16:45:00,云潭南路,1、追尾的,负全部责任,不负责任,1,贵A387356,黄,1,贵AB723F,银,诚信驾驶培训学校,-1,2011/5/3 0:00,-1,-1,长安牌,366361000000000000 ,366566000000000000 ,198410,197109,16,2,2,工作日,非高峰,2015-02-04,2015年2月4日,小雨 /小雨,4℃ / 0℃,东北风 ≤3级 /东北风 ≤3级,小雨,小雨,4,0,东北风,≤3级,东北风,≤3级,day
2015-02-04 21:08:00,大十字,1、追尾的,负全部责任,不负责任,1,贵GC7518,黑,1,贵A48E12,黑,-1,-1,-1,-1,雪佛兰牌,奥迪牌,506875000000000000 ,72424651894740441X,198403,197803,21,2,2,工作日,非高峰,2015-02-04,2015年2月4日,小雨 /小雨,4℃ / 0℃,东北风 ≤3级 /东北风 ≤3级,小雨,小雨,4,0,东北风,≤3级,东北风,≤3级,night
2015-02-04 21:20:00,水东路,7、未按规定让行的 ,负全部责任,不负责任,1,贵A4456,银,1,贵A3C236,白,-1,长运驾校,-1,2012/3/15 0:00,嘉陵牌,雪佛兰牌,762763000000000000 ,366367000000000000 ,198905,197104,21,2,2,工作日,非高峰,2015-02-04,2015年2月4日,小雨 /小雨,4℃ / 0℃,东北风 ≤3级 /东北风 ≤3级,小雨,小雨,4,0,东北风,≤3级,东北风,≤3级,night
2015-02-05 07:40:00,乌当航天大道,7、未按规定让行的 ,负全部责任,不负责任,1,贵AM6813,红色,1,贵A8150G,白色,-1,-1,-1,-1,东风日产牌,欧铃牌,354747000000000000 ,366367000000000000 ,195604,196701,7,3,2,工作日,早高峰(7-9点),2015-02-05,2015年2月5日,阴 /阴,3℃ / 0℃,东北风 ≤3级 /东北风 ≤3级,阴,阴,3,0,东北风,≤3级,东北风,≤3级,day
2015-02-05 09:35:00,福源立交桥,7、未按规定让行的 ,负全部责任,不负责任,1,贵A45R35,黑,1,贵ACC869,白,-1,铁二局驾校,-1,2003/1/28 0:00,东风雪铁龙牌,缤智牌,3645575182544649X,364548000000000000 ,197610,198311,9,3,2,工作日,早高峰(7-9点),2015-02-05,2015年2月5日,阴 /阴,3℃ / 0℃,东北风 ≤3级 /东北风 ≤3级,阴,阴,3,0,东北风,≤3级,东北风,≤3级,day
2015-02-05 08:44:00,长岭南路,9、不符合前8款规定或者双方同时具有上述情形的,负同等责任,负同等责任,1,贵A43M35,黑,1,贵A64B83,白,路路达驾校,路路达驾校,2013/8/8 0:00,2011/10/26 0:00,雪佛兰牌,酷搏,364557000000000000 ,366347000000000000 ,199001,197909,8,3,2,工作日,早高峰(7-9点),2015-02-05,2015年2月5日,阴 /阴,3℃ / 0℃,东北风 ≤3级 /东北风 ≤3级,阴,阴,3,0,东北风,≤3级,东北风,≤3级,day
2015-02-04 16:30:00,300医院十字路口,7、未按规定让行的 ,负全部责任,不负责任,1,贵FR9748,白色,1,贵ACR759,白色,自培,-1,2006/9/27 0:00,-1,豪爵牌,雪铁龙,366068000000000000 ,36606400000000000 ,197411,168080,16,2,2,工作日,非高峰,2015-02-04,2015年2月4日,小雨 /小雨,4℃ / 0℃,东北风 ≤3级 /东北风 ≤3级,小雨,小雨,4,0,东北风,≤3级,东北风,≤3级,day
2015-02-04 21:50:00,延安西路,8、依法应负全责的其他情形,负全部责任,不负责任,1,贵AU2332,黑,1,贵A68A81,白,自培,520102,2006/10/25 0:00,2007/11/23 0:00,宝来牌,三菱牌,366567000000000000 ,786167000000000000 ,197712,198907,21,2,2,工作日,非高峰,2015-02-04,2015年2月4日,小雨 /小雨,4℃ / 0℃,东北风 ≤3级 /东北风 ≤3级,小雨,小雨,4,0,东北风,≤3级,东北风,≤3级,night
2015-02-04 17:52:00,世纪城,3、倒车的,负全部责任,不负责任,1,贵ALS902,红,1,贵CKW723,黑,-1,十一培,-1,1997/8/14 0:00,三菱牌,梅赛德斯-奔驰牌,366063000000000000 ,366347000000000000 ,198610,196808,17,2,2,工作日,晚高峰(17-19点),2015-02-04,2015年2月4日,小雨 /小雨,4℃ / 0℃,东北风 ≤3级 /东北风 ≤3级,小雨,小雨,4,0,东北风,≤3级,东北风,≤3级,day
2015-02-04 23:15:00,化工路,1、追尾的,负全部责任,不负责任,1,贵A2816C,黑,1,贵AFH226,红,自培,十一培,2004/8/23 0:00,1997/11/5 0:00,纳智捷牌,东风雪铁龙牌,356166000000000000 ,355468000000000000 ,197203,197309,23,2,2,工作日,非高峰,2015-02-04,2015年2月4日,小雨 /小雨,4℃ / 0℃,东北风 ≤3级 /东北风 ≤3级,小雨,小雨,4,0,东北风,≤3级,东北风,≤3级,night
2015-02-04 19:14:00,头桥,1、追尾的,负全部责任,不负责任,1,贵ANC578,黑,1,贵JAT467,红,（经开区）十一驾驶培训有限公司,自培,2005/6/23 0:00,2000/11/6 0:00,梅赛德斯-奔驰牌,力帆牌,366577000000000000 ,364547000000000000 ,197310,197807,19,2,2,工作日,晚高峰(17-19点),2015-02-04,2015年2月4日,小雨 /小雨,4℃ / 0℃,东北风 ≤3级 /东北风 ≤3级,小雨,小雨,4,0,东北风,≤3级,东北风,≤3级,day
2015-02-04 21:50:00,纪念塔,7、未按规定让行的 ,负全部责任,不负责任,1,贵A3BW25,红,1,贵AU5441,绿,长运驾校,自培,2014/8/28 0:00,2005/12/23 0:00,马自达牌,嘉陵牌,364548000000000000 ,366568000000000000 ,198905,197201,21,2,2,工作日,非高峰,2015-02-04,2015年2月4日,小雨 /小雨,4℃ / 0℃,东北风 ≤3级 /东北风 ≤3级,小雨,小雨,4,0,东北风,≤3级,东北风,≤3级,night
2015-02-05 09:40:00,机场路,4、停车时未挂低速档、未拉驻车制动，导致车辆滑行的,负全部责任,不负责任,1,川AJ8726,银,1,贵A53V98,黄,-1,自培,-1,2006/12/7 0:00,富路牌,别克牌,354767000000000000 ,366566000000000000 ,199002,197201,9,3,2,工作日,早高峰(7-9点),2015-02-05,2015年2月5日,阴 /阴,3℃ / 0℃,东北风 ≤3级 /东北风 ≤3级,阴,阴,3,0,东北风,≤3级,东北风,≤3级,day
2015-02-04 21:20:00,会展城,7、未按规定让行的 ,负全部责任,不负责任,1,贵A0999N,黑,1,贵A884F7,白,自培,自培,2004/3/19 0:00,2013/12/23 0:00,福克斯牌,华神牌,364558000000000000 ,366067000000000000 ,196704,199303,21,2,2,工作日,非高峰,2015-02-04,2015年2月4日,小雨 /小雨,4℃ / 0℃,东北风 ≤3级 /东北风 ≤3级,小雨,小雨,4,0,东北风,≤3级,东北风,≤3级,night
2015-02-04 22:00:00,文化路,7、未按规定让行的 ,负全部责任,不负责任,1,贵AF7136,黑,1,贵AX6768,蓝,自培,自培,2007/5/17 0:00,2004/1/23 0:00,双庆牌,喜马牌,366561000000000000 ,364547000000000000 ,198409,197412,22,2,2,工作日,非高峰,2015-02-04,2015年2月4日,小雨 /小雨,4℃ / 0℃,东北风 ≤3级 /东北风 ≤3级,小雨,小雨,4,0,东北风,≤3级,东北风,≤3级,night
2015-02-05 08:40:00,金苏大道,1、追尾的,负全部责任,不负责任,1,贵A2465F,黑,0,贵A35732,黄,景宏驾校,自培,2012/12/19 0:00,2013/6/6 0:00,别克牌,嘉陵牌,364558000000000000 ,364558000000000000 ,199405,198908,8,3,2,工作日,早高峰(7-9点),2015-02-05,2015年2月5日,阴 /阴,3℃ / 0℃,东北风 ≤3级 /东北风 ≤3级,阴,阴,3,0,东北风,≤3级,东北风,≤3级,day
2015-02-05 08:40:00,金苏大道 ,1、追尾的,负全部责任,不负责任,1,贵A2465F,黑,1,贵ASR181,银,景宏驾校,消防驾校,2012/12/19 0:00,2010/9/17 0:00,别克牌,福克斯牌,364558000000000000 ,364558000000000000 ,199405,198906,8,3,2,工作日,早高峰(7-9点),2015-02-05,2015年2月5日,阴 /阴,3℃ / 0℃,东北风 ≤3级 /东北风 ≤3级,阴,阴,3,0,东北风,≤3级,东北风,≤3级,day
2015-02-05 09:00:00,东林寺路,7、未按规定让行的 ,负全部责任,不负责任,1,贵ARC154,银,1,浙A28335,绿,-1,毕节地区黔中汽车(摩托车)驾驶培训学校,-1,2007/12/13 0:00,夏利牌,望江牌,366361000000000000 ,366046000000000000 ,199310,198608,9,3,2,工作日,早高峰(7-9点),2015-02-05,2015年2月5日,阴 /阴,3℃ / 0℃,东北风 ≤3级 /东北风 ≤3级,阴,阴,3,0,东北风,≤3级,东北风,≤3级,day
2015-02-05 10:50:00,妇幼保健院门口,7、未按规定让行的 ,负全部责任,不负责任,1,贵AGM705,白色,1,贵A39L32,白色,-1,-1,-1,-1,北京现代牌,梅赛德斯-奔驰,364547000000000000 ,36454700000000000 ,146510,199042,10,3,2,工作日,非高峰,2015-02-05,2015年2月5日,阴 /阴,3℃ / 0℃,东北风 ≤3级 /东北风 ≤3级,阴,阴,3,0,东北风,≤3级,东北风,≤3级,day
2015-02-05 09:00:00,西南环路,1、追尾的,负全部责任,不负责任,1,贵A05450,银,1,贵DN4842,黑,-1,新华驾校,-1,2014/5/22 0:00,江淮牌,中华牌,36345500000000000 ,364547000000000000 ,197002,197610,9,3,2,工作日,早高峰(7-9点),2015-02-05,2015年2月5日,阴 /阴,3℃ / 0℃,东北风 ≤3级 /东北风 ≤3级,阴,阴,3,0,东北风,≤3级,东北风,≤3级,day
2015-02-05 09:30:00,甘平路,1、追尾的,负全部责任,不负责任,1,贵AC7309,白色,1,贵GR1513,黑色,-1,新华驾校,-1,2012/3/27 0:00,嘉陵牌,朗风牌,3645465P2249750271,364556000000000000 ,1P6608,199010,9,3,2,工作日,早高峰(7-9点),2015-02-05,2015年2月5日,阴 /阴,3℃ / 0℃,东北风 ≤3级 /东北风 ≤3级,阴,阴,3,0,东北风,≤3级,东北风,≤3级,day
2015-02-05 08:45:00,金阳市政府,1、追尾的,负全部责任,不负责任,1,贵AU4169,绿,1,贵GL6878,黑,无,长运驾校,2003/7/10 0:00,2012/9/29 0:00,劲锋牌,-1,366067000000000000 ,356170000000000000 ,198005,197309,8,3,2,工作日,早高峰(7-9点),2015-02-05,2015年2月5日,阴 /阴,3℃ / 0℃,东北风 ≤3级 /东北风 ≤3级,阴,阴,3,0,东北风,≤3级,东北风,≤3级,day
2015-02-05 10:15:00,花溪公园门口,7、未按规定让行的 ,负全部责任,不负责任,1,贵A97727,白色,1,贵FH7954,白色,消防驾校,自培,2004/6/10 0:00,2011/10/25 0:00,大阳牌,长安牌,366361000000000000 ,366068000000000000 ,198311,197509,10,3,2,工作日,非高峰,2015-02-05,2015年2月5日,阴 /阴,3℃ / 0℃,东北风 ≤3级 /东北风 ≤3级,阴,阴,3,0,东北风,≤3级,东北风,≤3级,day
2015-02-05 12:45:00,小河香江路9路分流前路口,8、依法应负全责的其他情形,负全部责任,不负责任,1,贵A055F3,白色,1,贵AF9151,红色,凯信驾校,自培,2004/4/17 0:00,1988/2/25 0:00,福田牌,银钢牌,36606651204251265X,364646000000000000 ,196406,196309,12,3,2,工作日,非高峰,2015-02-05,2015年2月5日,阴 /阴,3℃ / 0℃,东北风 ≤3级 /东北风 ≤3级,阴,阴,3,0,东北风,≤3级,东北风,≤3级,day
2015-02-05 10:55:00,小十字路口,1、追尾的,负全部责任,不负责任,1,京EV9986,白色,1,贵AV5574,白色,-1,自培,-1,2004/4/5 0:00,富康,长安牌,36454800000000000 ,364547000000000000 ,197806,198405,10,3,2,工作日,非高峰,2015-02-05,2015年2月5日,阴 /阴,3℃ / 0℃,东北风 ≤3级 /东北风 ≤3级,阴,阴,3,0,东北风,≤3级,东北风,≤3级,day
2015-02-05 03:30:00,小河锦江路,7、未按规定让行的 ,负全部责任,不负责任,1,贵AEE291,白色,1,贵A2D620,白色,自培,-1,2003/9/29 0:00,-1,雪佛兰牌,长安牌,366546000000000000 ,364551000000000000 ,196508,198409,3,3,2,工作日,非高峰,2015-02-05,2015年2月5日,阴 /阴,3℃ / 0℃,东北风 ≤3级 /东北风 ≤3级,阴,阴,3,0,东北风,≤3级,东北风,≤3级,night
2015-02-05 02:05:00,市南路,1、追尾的,负全部责任,不负责任,1,贵HBP343,白色,1,闽A6828Y,黑色,自培,-1,2010/9/1 0:00,-1,北京牌,东风雪铁龙牌,366273000000000000 ,734570000000000000 ,198107,198807,2,3,2,工作日,非高峰,2015-02-05,2015年2月5日,阴 /阴,3℃ / 0℃,东北风 ≤3级 /东北风 ≤3级,阴,阴,3,0,东北风,≤3级,东北风,≤3级,night
2015-02-05 07:15:00,北京路,7、未按规定让行的 ,负全部责任,不负责任,1,贵AM6013,银,0,贵A07294,黑,（白云区）景宏驾驶培训有限公司,十一培,2006/11/20 0:00,1993/3/3 0:00,美仑牌,索兰托,364547000000000000 ,364547000000000000 ,195412,195905,7,3,2,工作日,早高峰(7-9点),2015-02-05,2015年2月5日,阴 /阴,3℃ / 0℃,东北风 ≤3级 /东北风 ≤3级,阴,阴,3,0,东北风,≤3级,东北风,≤3级,day
2015-02-05 09:00:00,甲秀南路,1、追尾的,负全部责任,不负责任,1,贵A1M29警,白,1,贵AJ5261,黑,自培,十一培,2010/7/21 0:00,1980/3/16 0:00,-1,东风日产牌,574577000000000000 ,364547000000000000 ,198912,195604,9,3,2,工作日,早高峰(7-9点),2015-02-05,2015年2月5日,阴 /阴,3℃ / 0℃,东北风 ≤3级 /东北风 ≤3级,阴,阴,3,0,东北风,≤3级,东北风,≤3级,day
2015-02-05 11:30:00,沙冲北路,7、未按规定让行的 ,负全部责任,不负责任,1,贵A99W15,白色,1,贵AU7242,白色,贵州省黔南州福泉市兴鑫驾驶培训学校,十一培,2014/1/20 0:00,1996/9/12 0:00,雪佛兰牌,福田牌,366861000000000000 ,364547000000000000 ,197304,197508,11,3,2,工作日,非高峰,2015-02-05,2015年2月5日,阴 /阴,3℃ / 0℃,东北风 ≤3级 /东北风 ≤3级,阴,阴,3,0,东北风,≤3级,东北风,≤3级,day
2015-02-05 09:30:00,白云区,3、倒车的,负全部责任,不负责任,1,渝B73K77,白,1,浙AC3X65,黄,-1,自培,-1,2013/11/5 0:00,观致牌,-1,344671000000000000 ,366068000000000000 ,199110,199003,9,3,2,工作日,早高峰(7-9点),2015-02-05,2015年2月5日,阴 /阴,3℃ / 0℃,东北风 ≤3级 /东北风 ≤3级,阴,阴,3,0,东北风,≤3级,东北风,≤3级,day
2015-02-05 10:30:00,观山湖,7、未按规定让行的 ,负全部责任,不负责任,1,贵AHE063,蓝,1,贵AA065F,银,-1,自培,-1,2004/7/1 0:00,华泰圣达菲牌,五菱牌,786161000000000000 ,364557000000000000 ,198105,197502,10,3,2,工作日,非高峰,2015-02-05,2015年2月5日,阴 /阴,3℃ / 0℃,东北风 ≤3级 /东北风 ≤3级,阴,阴,3,0,东北风,≤3级,东北风,≤3级,day
2015-02-05 09:30:00,电务段,8、依法应负全责的其他情形,负全部责任,不负责任,1,贵AE1842,黑,1,贵AEV798,蓝,自培,自培,2006/6/29 0:00,2008/4/14 0:00,三铃牌,东风日产牌,364547000000000000 ,355447000000000000 ,196910,198108,9,3,2,工作日,早高峰(7-9点),2015-02-05,2015年2月5日,阴 /阴,3℃ / 0℃,东北风 ≤3级 /东北风 ≤3级,阴,阴,3,0,东北风,≤3级,东北风,≤3级,day
2015-02-05 10:20:00,二桥,7、未按规定让行的 ,负全部责任,不负责任,1,贵ALM772,白,1,冀TFA358,黑,（乌当区）全林驾驶培训有限公司,-1,2007/10/29 0:00,-1,北京牌,帕萨特牌,74365500000000000 ,575564000000000000 ,198110,196811,10,3,2,工作日,非高峰,2015-02-05,2015年2月5日,阴 /阴,3℃ / 0℃,东北风 ≤3级 /东北风 ≤3级,阴,阴,3,0,东北风,≤3级,东北风,≤3级,day
2015-02-05 14:00:00,汤巴关,7、未按规定让行的 ,负全部责任,不负责任,1,贵ACWP57,银,1,贵SDL893,银,-1,顺一驾驶培训学校,-1,2010/12/20 0:00,-1,-1,74365500000000000 ,577464000000000000 ,199508,196507,14,3,2,工作日,非高峰,2015-02-05,2015年2月5日,阴 /阴,3℃ / 0℃,东北风 ≤3级 /东北风 ≤3级,阴,阴,3,0,东北风,≤3级,东北风,≤3级,day
2015-02-05 11:10:00,金关,3、倒车的,负全部责任,不负责任,1,贵HAT319,黑,1,贵A6710G,银,-1,520107,-1,2009/8/6 0:00,宝骏牌,江淮牌,366278000000000000 ,364596000000000000 ,197910,199012,11,3,2,工作日,非高峰,2015-02-05,2015年2月5日,阴 /阴,3℃ / 0℃,东北风 ≤3级 /东北风 ≤3级,阴,阴,3,0,东北风,≤3级,东北风,≤3级,day
2015-02-05 15:00:00,北京西路,4、停车时未挂低速档、未拉驻车制动，导致车辆滑行的,负全部责任,不负责任,1,贵A119C9,白,1,贵A24P36,黑,-1,-1,-1,-1,解放牌,大众汽车牌,355247000000000000 ,366175000000000000 ,198503,197110,15,3,2,工作日,非高峰,2015-02-05,2015年2月5日,阴 /阴,3℃ / 0℃,东北风 ≤3级 /东北风 ≤3级,阴,阴,3,0,东北风,≤3级,东北风,≤3级,day
2015-02-05 15:35:00,贵阳市花溪区学士路,7、未按规定让行的 ,负全部责任,不负责任,1,贵A4504W,白,1,贵A2041B,白,-1,贵大驾校,-1,2011/7/29 0:00,五菱牌,豪情牌,355296000000000000 ,364556000000000000 ,198806,197610,15,3,2,工作日,非高峰,2015-02-05,2015年2月5日,阴 /阴,3℃ / 0℃,东北风 ≤3级 /东北风 ≤3级,阴,阴,3,0,东北风,≤3级,东北风,≤3级,day
2015-02-05 14:21:00,中天花园,3、倒车的,负全部责任,不负责任,1,贵ACL567,白,0,贵ALS396,黑,-1,预约考试窗口,-1,2007/4/27 0:00,丰田牌,夏利牌,366577000000000000 ,364548000000000000 ,198105,198401,14,3,2,工作日,非高峰,2015-02-05,2015年2月5日,阴 /阴,3℃ / 0℃,东北风 ≤3级 /东北风 ≤3级,阴,阴,3,0,东北风,≤3级,东北风,≤3级,day
2015-02-05 14:15:00,百花大道,7、未按规定让行的 ,负全部责任,不负责任,1,贵A431G8,蓝,1,贵A22B53,黑,吉源驾校,鑫鑫驾校,2014/7/27 0:00,2014/12/4 0:00,福田牌,东风日产牌,364596000000000000 ,366347000000000000 ,198610,198204,14,3,2,工作日,非高峰,2015-02-05,2015年2月5日,阴 /阴,3℃ / 0℃,东北风 ≤3级 /东北风 ≤3级,阴,阴,3,0,东北风,≤3级,东北风,≤3级,day
2015-02-05 15:20:00,会展城,7、未按规定让行的 ,负全部责任,不负责任,1,贵AHH724,黑,0,贵A81E78,黄,吉源驾校（南明区）,自培,2002/12/18 0:00,2012/12/17 0:00,朗逸牌,梅赛德斯-奔驰牌,364556000000000000 ,364548000000000000 ,197503,197707,15,3,2,工作日,非高峰,2015-02-05,2015年2月5日,阴 /阴,3℃ / 0℃,东北风 ≤3级 /东北风 ≤3级,阴,阴,3,0,东北风,≤3级,东北风,≤3级,day
2015-02-05 15:00:00,长岭南路,1、追尾的,负全部责任,不负责任,0,贵A0D364,黑,1,贵AU0015,绿,市交校,-1,2011/12/26 0:00,-1,-1,金龙牌,36666351144368446X,364547000000000 ,199005,701004,15,3,2,工作日,非高峰,2015-02-05,2015年2月5日,阴 /阴,3℃ / 0℃,东北风 ≤3级 /东北风 ≤3级,阴,阴,3,0,东北风,≤3级,东北风,≤3级,day
2015-02-05 16:10:00,中曹司凯宏家电,8、依法应负全责的其他情形,负全部责任,不负责任,1,贵5W0551,白色,1,贵A89S82,白色,-1,高新驾校,-1,2012/1/20 0:00,-1,奥迪牌,734318000000000000 ,366570000000000000 ,197511,199212,16,3,2,工作日,非高峰,2015-02-05,2015年2月5日,阴 /阴,3℃ / 0℃,东北风 ≤3级 /东北风 ≤3级,阴,阴,3,0,东北风,≤3级,东北风,≤3级,day
2015-02-05 14:10:00,金阳新区,3、倒车的,负全部责任,不负责任,0,贵A98A34,黑,1,贵CJM665,白,-1,-1,-1,-1,东风标致牌,东风牌,66746500000000000 ,366566000000000000 ,198401,198711,14,3,2,工作日,非高峰,2015-02-05,2015年2月5日,阴 /阴,3℃ / 0℃,东北风 ≤3级 /东北风 ≤3级,阴,阴,3,0,东北风,≤3级,东北风,≤3级,day
2015-02-05 16:10:00,中曹司凯宏家居城,8、依法应负全责的其他情形,负全部责任,不负责任,1,贵JW0551,白,1,贵A89S82,白,-1,高新驾校,-1,2012/1/20 0:00,长安牌,奥迪牌,734398000000000000 ,366570000000000000 ,197511,199212,16,3,2,工作日,非高峰,2015-02-05,2015年2月5日,阴 /阴,3℃ / 0℃,东北风 ≤3级 /东北风 ≤3级,阴,阴,3,0,东北风,≤3级,东北风,≤3级,day
2015-02-05 14:05:00,长岭南路,7、未按规定让行的 ,负全部责任,不负责任,1,贵AJK121,银,1,贵DW3227,黑,-1,-1,-1,-1,五菱牌,本田牌,726347000000000000 ,36686351964259093X,198803,198206,14,3,2,工作日,非高峰,2015-02-05,2015年2月5日,阴 /阴,3℃ / 0℃,东北风 ≤3级 /东北风 ≤3级,阴,阴,3,0,东北风,≤3级,东北风,≤3级,day
2015-02-05 17:35:00,杨家山隧道,1、追尾的,负全部责任,不负责任,1,贵A834D2,银,0,贵A7AT35,红,-1,贵大驾校,-1,2011/11/1 0:00,长安牌,雪佛兰牌,354366000000000000 ,366563000000000000 ,198210,197901,17,3,2,工作日,晚高峰(17-19点),2015-02-05,2015年2月5日,阴 /阴,3℃ / 0℃,东北风 ≤3级 /东北风 ≤3级,阴,阴,3,0,东北风,≤3级,东北风,≤3级,day
2015-02-05 18:14:00,观山湖区,8、依法应负全责的其他情形,负全部责任,不负责任,1,贵AB148N,蓝,1,贵AB252S,黑,-1,-1,-1,-1,五菱牌,长安牌,344680000000000000 ,366564000000000000 ,199008,198710,18,3,2,工作日,晚高峰(17-19点),2015-02-05,2015年2月5日,阴 /阴,3℃ / 0℃,东北风 ≤3级 /东北风 ≤3级,阴,阴,3,0,东北风,≤3级,东北风,≤3级,day
2015-02-05 18:50:00,嘉润路,7、未按规定让行的 ,负全部责任,不负责任,1,贵A36241,白色,1,贵AZF153,红色,-1,520118,-1,2008/3/27 0:00,金蛙,神行者 2,357266000000000000 ,366368000000000000 ,198108,198208,18,3,2,工作日,晚高峰(17-19点),2015-02-05,2015年2月5日,阴 /阴,3℃ / 0℃,东北风 ≤3级 /东北风 ≤3级,阴,阴,3,0,东北风,≤3级,东北风,≤3级,day
2015-02-05 19:26:00,金竹立交,7、未按规定让行的 ,负全部责任,不负责任,1,贵A460G4,白,1,贵AB0239,黑,-1,阳光驾校,-1,2014/12/10 0:00,解放牌,建设-雅马哈牌,74066500000000000 ,366064000000000000 ,198902,198804,19,3,2,工作日,晚高峰(17-19点),2015-02-05,2015年2月5日,阴 /阴,3℃ / 0℃,东北风 ≤3级 /东北风 ≤3级,阴,阴,3,0,东北风,≤3级,东北风,≤3级,day
2015-02-05 13:10:00,西二环,1、追尾的,负全部责任,不负责任,1,贵A48445,黑,1,贵AKV765,白,自培,自培,2004/7/24 0:00,2001/4/19 0:00,科雷傲,丰田牌,366061000000000000 ,364548000000000000 ,197708,197601,13,3,2,工作日,非高峰,2015-02-05,2015年2月5日,阴 /阴,3℃ / 0℃,东北风 ≤3级 /东北风 ≤3级,阴,阴,3,0,东北风,≤3级,东北风,≤3级,day
2015-02-05 15:50:00,西南环线贵惠路交叉口,7、未按规定让行的 ,负全部责任,不负责任,1,贵A90205,黑色,1,贵ARJ133,黑,自培,鑫鑫驾校,2006/10/25 0:00,2014/8/6 0:00,华阳,五菱牌,364556000000000000 ,366064000000000000 ,198011,199509,15,3,2,工作日,非高峰,2015-02-05,2015年2月5日,阴 /阴,3℃ / 0℃,东北风 ≤3级 /东北风 ≤3级,阴,阴,3,0,东北风,≤3级,东北风,≤3级,day
2015-02-05 13:05:00,五里冲12区,3、倒车的,负全部责任,不负责任,1,渝BE9262,白色,1,贵A74K75,白色,自培,黔西南州蓝天驾校,2002/4/9 0:00,-1,解放牌,别克牌,364557000000000000 ,366766000000000000 ,197803,198012,13,3,2,工作日,非高峰,2015-02-05,2015年2月5日,阴 /阴,3℃ / 0℃,东北风 ≤3级 /东北风 ≤3级,阴,阴,3,0,东北风,≤3级,东北风,≤3级,day
2015-02-05 14:30:00,南明区太慈桥,7、未按规定让行的 ,负全部责任,不负责任,1,贵A9385Y,白色,1,贵AN9697,白色,-1,十一培,-1,1995/2/27 0:00,大众牌,劲扬牌,364567000000000000 ,364548000000000000 ,198903,195104,14,3,2,工作日,非高峰,2015-02-05,2015年2月5日,阴 /阴,3℃ / 0℃,东北风 ≤3级 /东北风 ≤3级,阴,阴,3,0,东北风,≤3级,东北风,≤3级,day
2015-02-05 14:00:00,花果园,3、倒车的,负全部责任,不负责任,1,贵JBR788,蓝,1,贵AEB782,黑,长运驾校,十一培,2011/11/16 0:00,1996/11/18 0:00,福克斯(FOCUS)牌,海马牌,364547000000000000 ,364547000000000000 ,199104,197102,14,3,2,工作日,非高峰,2015-02-05,2015年2月5日,阴 /阴,3℃ / 0℃,东北风 ≤3级 /东北风 ≤3级,阴,阴,3,0,东北风,≤3级,东北风,≤3级,day
2015-02-05 11:00:00,太慈桥,8、依法应负全责的其他情形,负全部责任,不负责任,1,贵AJP409,银,1,贵AU8018,绿,玉屏顺达驾驶培训学校,自培,2013/9/11 0:00,2010/9/14 0:00,解放牌,宝来牌,366668000000000000 ,366567000000000000 ,198607,198801,11,3,2,工作日,非高峰,2015-02-05,2015年2月5日,阴 /阴,3℃ / 0℃,东北风 ≤3级 /东北风 ≤3级,阴,阴,3,0,东北风,≤3级,东北风,≤3级,day