accidenttime,accidentaddr,driver1fault,driver1responsibility,driver2responsibility,sex1,platenumber1,carcolor1,sex2,platenumber2,carcolor2,jxmc1,jxmc2,cclzrq1,cclzrq2,clpp1,clpp2,driver1license,driver2license,brith1,brith2,hour,weekday,month,is_weekday,peak_hour,date,日期,天气状况,气温,风力风向,day_wea,night_wea,day_tep,night_tep,day_wind_direction,day_wind_speed,night_wind_direction,night_wind_speed,segment
2015-02-05 16:20:00,小河香江路,1、追尾的,负全部责任,不负责任,1,贵A23528,白色,1,贵APW673,白,-1,自培,-1,2005/8/26 0:00,五菱,比亚迪牌,366363513848D2963X,366068000000000000 ,195707,197008,16,3,2,工作日,非高峰,2015-02-05,2015年2月5日,阴 /阴,3℃ / 0℃,东北风 ≤3级 /东北风 ≤3级,阴,阴,3,0,东北风,≤3级,东北风,≤3级,day
2015-02-05 16:40:00,黄山冲路,1、追尾的,负全部责任,不负责任,1,贵A36Y32,白色,1,贵ALC759,黑色,-1,自培,-1,2001/5/25 0:00,比亚迪牌,红旗,364547000000000000 ,36454651294558603X,798407,196801,16,3,2,工作日,非高峰,2015-02-05,2015年2月5日,阴 /阴,3℃ / 0℃,东北风 ≤3级 /东北风 ≤3级,阴,阴,3,0,东北风,≤3级,东北风,≤3级,day
2015-02-05 18:19:00,西南环线,7、未按规定让行的 ,负全部责任,不负责任,1,贵A404D9,白色,1,贵A9430F,白色,-1,自培,-1,2003/6/3 0:00,江淮牌,大众牌,364596000000000000 ,364551000000000000 ,199109,198112,18,3,2,工作日,晚高峰(17-19点),2015-02-05,2015年2月5日,阴 /阴,3℃ / 0℃,东北风 ≤3级 /东北风 ≤3级,阴,阴,3,0,东北风,≤3级,东北风,≤3级,day
2015-02-05 14:02:00,长岭南路,7、未按规定让行的 ,负全部责任,不负责任,1,贵A92P62,黑,1,贵GD9114,银,全林驾校,十一驾驶培训有限公司,2011/12/6 0:00,2013/6/27 0:00,别克牌,长城牌,366347000000000000 ,366566000000000000 ,197409,198111,14,3,2,工作日,非高峰,2015-02-05,2015年2月5日,阴 /阴,3℃ / 0℃,东北风 ≤3级 /东北风 ≤3级,阴,阴,3,0,东北风,≤3级,东北风,≤3级,day
2015-02-05 18:00:00,花果园,7、未按规定让行的 ,负全部责任,不负责任,0,贵ALK921,黑,1,贵AWY228,黑,自培,自培,2006/3/9 0:00,2002/3/11 0:00,锋范牌,别克牌,366064000000000000 ,364646000000000000 ,198006,197703,18,3,2,工作日,晚高峰(17-19点),2015-02-05,2015年2月5日,阴 /阴,3℃ / 0℃,东北风 ≤3级 /东北风 ≤3级,阴,阴,3,0,东北风,≤3级,东北风,≤3级,day
2015-02-05 17:35:00,白云区,1、追尾的,负全部责任,不负责任,1,桂ML8959,银,1,贵ANF935,黑,-1,-1,-1,-1,五菱牌,别克牌,74366500000000000 ,366862000000000000 ,199205,198904,17,3,2,工作日,晚高峰(17-19点),2015-02-05,2015年2月5日,阴 /阴,3℃ / 0℃,东北风 ≤3级 /东北风 ≤3级,阴,阴,3,0,东北风,≤3级,东北风,≤3级,day
2015-02-05 15:30:00,艺校,1、追尾的,负全部责任,不负责任,1,贵GM9399,黑,1,粤JE6498,黑,-1,-1,-1,-1,东风日产牌,捷达牌,354361000000000000 ,75567500000000000 ,198904,198411,15,3,2,工作日,非高峰,2015-02-05,2015年2月5日,阴 /阴,3℃ / 0℃,东北风 ≤3级 /东北风 ≤3级,阴,阴,3,0,东北风,≤3级,东北风,≤3级,day
2015-02-07 13:40:00,金阳,1、追尾的,负全部责任,不负责任,1,贵G53772,黑,1,贵ADM866,蓝,-1,消防驾校,-1,2002/8/9 0:00,轩逸牌,雪佛兰牌,366364000000000000 ,364558000000000000 ,196210,196412,13,5,2,工作日,非高峰,2015-02-07,2015年2月7日,阴 /阴,8℃ / 3℃,东北风 ≤3级 /东北风 ≤3级,阴,阴,8,3,东北风,≤3级,东北风,≤3级,day
2015-02-05 15:10:00,湘江路口,7、未按规定让行的 ,负全部责任,不负责任,1,贵A35Z28,红色,1,贵AA250W,白色,520114,-1,1996/12/10 0:00,-1,福克斯牌,吉利美日牌,355468000000000000 ,366068000000000000 ,196303,198312,15,3,2,工作日,非高峰,2015-02-05,2015年2月5日,阴 /阴,3℃ / 0℃,东北风 ≤3级 /东北风 ≤3级,阴,阴,3,0,东北风,≤3级,东北风,≤3级,day
2015-02-05 16:30:00,观水路,1、追尾的,负全部责任,不负责任,1,贵ANE265,白,1,贵AJ4888,红,自培,贵州省长安驾驶培训学校,2004/10/26 0:00,1995/5/20 0:00,思域牌,力帆牌,364547000000000000 ,364547000000000000 ,198602,197301,16,3,2,工作日,非高峰,2015-02-05,2015年2月5日,阴 /阴,3℃ / 0℃,东北风 ≤3级 /东北风 ≤3级,阴,阴,3,0,东北风,≤3级,东北风,≤3级,day
2015-02-05 17:30:00,东二环,1、追尾的,负全部责任,不负责任,1,贵A62021,银,0,贵AFH173,黑,吉源驾校,蓝天驾校,2015/1/7 0:00,2012/9/3 0:00,宗申,北京现代牌,36606651274149295X,366066000000000000 ,196309,197611,17,3,2,工作日,晚高峰(17-19点),2015-02-05,2015年2月5日,阴 /阴,3℃ / 0℃,东北风 ≤3级 /东北风 ≤3级,阴,阴,3,0,东北风,≤3级,东北风,≤3级,day
2015-02-05 14:30:00,金阳新区,7、未按规定让行的 ,负全部责任,不负责任,1,湘A79614,黑,0,贵F4471,白,自培,-1,2005/3/24 0:00,-1,豪爵,嘉陵,366367000000000000 ,355266000000000000 ,198209,199004,14,3,2,工作日,非高峰,2015-02-05,2015年2月5日,阴 /阴,3℃ / 0℃,东北风 ≤3级 /东北风 ≤3级,阴,阴,3,0,东北风,≤3级,东北风,≤3级,day
2015-02-05 19:10:00,乌当,1、追尾的,负全部责任,不负责任,1,贵AA9786,黑,0,贵ALV328,白,-1,青正驾校,-1,2014/12/4 0:00,庆铃,比亚迪牌,364566000000000000 ,364557000000000000 ,198710,197811,19,3,2,工作日,晚高峰(17-19点),2015-02-05,2015年2月5日,阴 /阴,3℃ / 0℃,东北风 ≤3级 /东北风 ≤3级,阴,阴,3,0,东北风,≤3级,东北风,≤3级,day
2015-02-05 22:20:00,陕西路虎门巷口,7、未按规定让行的 ,负全部责任,不负责任,1,贵ABC104,黑色,1,贵AV9204,黑色,自培,自培,2012/4/19 0:00,1995/7/10 0:00,明锐(Octavia)牌,宗申牌,364557000000000000 ,364548000000000000 ,198201,196002,22,3,2,工作日,非高峰,2015-02-05,2015年2月5日,阴 /阴,3℃ / 0℃,东北风 ≤3级 /东北风 ≤3级,阴,阴,3,0,东北风,≤3级,东北风,≤3级,night
2015-02-05 17:40:00,贵遵路,1、追尾的,负全部责任,不负责任,1,贵A9096N,黑,1,贵FL2181,白,（云岩区）省交通职业技术驾驶培训学校,-1,2010/4/22 0:00,-1,大众牌,吉利牌,364567000000000000 ,366065000000 ,199004,118180,17,3,2,工作日,晚高峰(17-19点),2015-02-05,2015年2月5日,阴 /阴,3℃ / 0℃,东北风 ≤3级 /东北风 ≤3级,阴,阴,3,0,东北风,≤3级,东北风,≤3级,day
2015-02-05 19:28:00,长江路,3、倒车的,负全部责任,不负责任,1,贵A63V57,白色,1,贵A92080,白色,诚信驾驶培训学校,贵州现代驾驶培训责任有限公司,2011/10/30 0:00,2011/8/18 0:00,比亚迪牌,长安,364567000000000000 ,366761000000000000 ,198902,198605,19,3,2,工作日,晚高峰(17-19点),2015-02-05,2015年2月5日,阴 /阴,3℃ / 0℃,东北风 ≤3级 /东北风 ≤3级,阴,阴,3,0,东北风,≤3级,东北风,≤3级,day
2015-02-05 20:05:00,白云北路,8、依法应负全责的其他情形,负全部责任,不负责任,1,浙CC6434,黑,0,贵A25851,黄,-1,预约考试窗口,-1,2006/10/19 0:00,神龙-富康,富康,36687451914268505X,36636051945663565X,198906,198012,20,3,2,工作日,非高峰,2015-02-05,2015年2月5日,阴 /阴,3℃ / 0℃,东北风 ≤3级 /东北风 ≤3级,阴,阴,3,0,东北风,≤3级,东北风,≤3级,night
2015-02-05 15:00:00,宝山北路师大后门处,1、追尾的,负全部责任,不负责任,1,贵AYH688,白色,1,贵AEE756,白色,自培,贵州省仁怀市汽车驾驶培训有限责任公司,2004/8/26 0:00,1993/9/1 0:00,丰田牌,哈飞牌,36455551974754305X,364547000000000000 ,198303,197308,15,3,2,工作日,非高峰,2015-02-05,2015年2月5日,阴 /阴,3℃ / 0℃,东北风 ≤3级 /东北风 ≤3级,阴,阴,3,0,东北风,≤3级,东北风,≤3级,day
2015-02-05 16:10:00,小河开发大道,7、未按规定让行的 ,负全部责任,不负责任,1,贵JCK316,白色,1,贵AAR156,红,自培,-1,2007/1/22 0:00,-1,宗申牌,北京现代牌,364547000000000000 ,364548000000000000 ,198604,199104,16,3,2,工作日,非高峰,2015-02-05,2015年2月5日,阴 /阴,3℃ / 0℃,东北风 ≤3级 /东北风 ≤3级,阴,阴,3,0,东北风,≤3级,东北风,≤3级,day
2015-02-05 17:00:00,小河,7、未按规定让行的 ,负全部责任,不负责任,1,贵AMB093,白,1,贵JBP723,红,自培,消防驾校,2003/11/6 0:00,2014/5/5 0:00,五菱牌,广汽菲亚特牌,366568000000000000 ,366563000000000000 ,198011,198204,17,3,2,工作日,晚高峰(17-19点),2015-02-05,2015年2月5日,阴 /阴,3℃ / 0℃,东北风 ≤3级 /东北风 ≤3级,阴,阴,3,0,东北风,≤3级,东北风,≤3级,day
2015-02-05 16:50:00,育才路,3、倒车的,负全部责任,不负责任,1,贵A308B6,银,1,贵JK1918,黑,自培,消防驾校,2003/9/23 0:00,2013/5/7 0:00,解放牌,雪佛兰牌,364558000000000000 ,36686151864541425X,198205,197201,16,3,2,工作日,非高峰,2015-02-05,2015年2月5日,阴 /阴,3℃ / 0℃,东北风 ≤3级 /东北风 ≤3级,阴,阴,3,0,东北风,≤3级,东北风,≤3级,day
2015-02-05 23:10:00,中山西路,1、追尾的,负全部责任,不负责任,1,贵AU2848,绿色,1,贵A58A58,白色,自培,十一培,2006/5/18 0:00,1999/9/9 0:00,隆鑫牌,东风雪铁龙牌,364557000000000000 ,364547000000000000 ,198201,198012,23,3,2,工作日,非高峰,2015-02-05,2015年2月5日,阴 /阴,3℃ / 0℃,东北风 ≤3级 /东北风 ≤3级,阴,阴,3,0,东北风,≤3级,东北风,≤3级,night
2015-02-05 17:50:00,小河转盘处,7、未按规定让行的 ,负全部责任,不负责任,1,贵A64X79,白色,1,贵AW7499,白色,自培,自培,2007/10/24 0:00,2003/12/2 0:00,起亚牌,梅赛德斯-奔驰,364556000000000000 ,74365500000000000 ,198104,197612,17,3,2,工作日,晚高峰(17-19点),2015-02-05,2015年2月5日,阴 /阴,3℃ / 0℃,东北风 ≤3级 /东北风 ≤3级,阴,阴,3,0,东北风,≤3级,东北风,≤3级,day
2015-02-05 16:30:00,白云区,8、依法应负全责的其他情形,负全部责任,不负责任,1,贵GV4854,黑,1,贵AVA572,白,自培,自培,2002/11/12 0:00,2001/9/28 0:00,江铃全顺牌,英伦牌,364557000000000000 ,366068000000000000 ,198409,197410,16,3,2,工作日,非高峰,2015-02-05,2015年2月5日,阴 /阴,3℃ / 0℃,东北风 ≤3级 /东北风 ≤3级,阴,阴,3,0,东北风,≤3级,东北风,≤3级,day
2015-02-05 21:30:00,纪念塔,1、追尾的,负全部责任,不负责任,1,贵A39H64,黑,1,贵AU7867,绿,贵阳学院汽车驾驶培训,黔东南州正林驾驶培训学校,2013/8/8 0:00,2007/2/15 0:00,一汽佳星牌,豪爵牌,364596000000000000 ,366566000000000000 ,199312,197104,21,3,2,工作日,非高峰,2015-02-05,2015年2月5日,阴 /阴,3℃ / 0℃,东北风 ≤3级 /东北风 ≤3级,阴,阴,3,0,东北风,≤3级,东北风,≤3级,night
2015-02-05 17:00:00,花溪大道,7、未按规定让行的 ,负全部责任,不负责任,1,贵CD4293,白色,1,贵A24C87,黑色,-1,全林驾校,-1,2010/7/27 0:00,航天牌,丰田牌,366569000000000000 ,366361000000000000 ,198306,198311,17,3,2,工作日,晚高峰(17-19点),2015-02-05,2015年2月5日,阴 /阴,3℃ / 0℃,东北风 ≤3级 /东北风 ≤3级,阴,阴,3,0,东北风,≤3级,东北风,≤3级,day
2015-02-05 20:30:00,市南路,8、依法应负全责的其他情形,负全部责任,不负责任,0,贵AB232S,黄,1,贵ANB838,黑,-1,贵大佳德驾驶培训学校,-1,2013/5/20 0:00,丰田牌,途锐,364546000000 ,364548000000000000 ,443205,199303,20,3,2,工作日,非高峰,2015-02-05,2015年2月5日,阴 /阴,3℃ / 0℃,东北风 ≤3级 /东北风 ≤3级,阴,阴,3,0,东北风,≤3级,东北风,≤3级,night
2015-02-06 07:53:00,八匹马,1、追尾的,负全部责任,不负责任,1,贵CKA010,黑,1,贵A6599M,银,-1,文通驾校,-1,2011/8/3 0:00,五菱牌,五菱牌,366566000000000000 ,366368000000000000 ,198510,198007,7,4,2,工作日,早高峰(7-9点),2015-02-06,2015年2月6日,多云 /小雨,9℃ / 2℃,南风 ≤3级 /南风 ≤3级,多云,小雨,9,2,南风,≤3级,南风,≤3级,day
2015-02-05 21:00:00,玉环中路,3、倒车的,负全部责任,不负责任,1,贵J82554,白,1,贵AUA521,白,-1,时法驾校,-1,2007/4/5 0:00,北京牌,吉利美日牌,366276000000000000 ,364558000000000000 ,198912,198109,21,3,2,工作日,非高峰,2015-02-05,2015年2月5日,阴 /阴,3℃ / 0℃,东北风 ≤3级 /东北风 ≤3级,阴,阴,3,0,东北风,≤3级,东北风,≤3级,night
2015-02-06 09:00:00,化工路,7、未按规定让行的 ,负全部责任,不负责任,1,贵AA634X,红,1,贵A69622,黑,（南明区）吉源驾驶培训有限公司,（乌当区）新华驾驶培训有限公司,2008/12/23 0:00,2002/2/1 0:00,比亚迪牌,柳特神力牌,366046000000000000 ,364547000000000000 ,198009,198203,9,4,2,工作日,早高峰(7-9点),2015-02-06,2015年2月6日,多云 /小雨,9℃ / 2℃,南风 ≤3级 /南风 ≤3级,多云,小雨,9,2,南风,≤3级,南风,≤3级,day
2015-02-06 10:30:00,小和平桥,8、依法应负全责的其他情形,负全部责任,不负责任,1,贵A821L6,白色,1,桂KYX894,白色,铁二局驾校,-1,2011/3/2 0:00,-1,-1,五菱,366067000000000000 ,3666520000000000 ,199201,198807,10,4,2,工作日,非高峰,2015-02-06,2015年2月6日,多云 /小雨,9℃ / 2℃,南风 ≤3级 /南风 ≤3级,多云,小雨,9,2,南风,≤3级,南风,≤3级,day
2015-02-06 08:40:00,沙冲路路口红绿灯处,9、不符合前8款规定或者双方同时具有上述情形的,负同等责任,负同等责任,1,贵A33478,黑色,1,贵A89E75,白色,-1,预约考试窗口,-1,2007/5/22 0:00,昌河,雪佛兰牌,346547000000000000 ,364547000000000000 ,196410,198902,8,4,2,工作日,早高峰(7-9点),2015-02-06,2015年2月6日,多云 /小雨,9℃ / 2℃,南风 ≤3级 /南风 ≤3级,多云,小雨,9,2,南风,≤3级,南风,≤3级,day
2015-02-07 16:00:00,金阳南路,1、追尾的,负全部责任,不负责任,1,贵GC5114,银,1,湘AW4872,蓝,-1,-1,-1,-1,威志牌,五菱牌,506247000000000000 ,77445500000000000 ,198710,197807,16,5,2,工作日,非高峰,2015-02-07,2015年2月7日,阴 /阴,8℃ / 3℃,东北风 ≤3级 /东北风 ≤3级,阴,阴,8,3,东北风,≤3级,东北风,≤3级,day
2015-02-06 10:10:00,花溪上坝路,7、未按规定让行的 ,负全部责任,不负责任,1,贵A5993K,白色,1,贵A1AS31,黑色,-1,十一驾驶培训有限公司,-1,2014/3/31 0:00,长安牌,指南者,776366000000000000 ,366046000000000000 ,197207,198004,10,4,2,工作日,非高峰,2015-02-06,2015年2月6日,多云 /小雨,9℃ / 2℃,南风 ≤3级 /南风 ≤3级,多云,小雨,9,2,南风,≤3级,南风,≤3级,day
2015-02-06 09:55:00,小河区黔江路,3、倒车的,负全部责任,不负责任,1,贵GP4469,黑色,1,贵,白色,-1,520136,-1,2008/8/26 0:00,凯迪拉克牌,-1,765464000000000000 ,366575000000000000 ,197912,197909,9,4,2,工作日,早高峰(7-9点),2015-02-06,2015年2月6日,多云 /小雨,9℃ / 2℃,南风 ≤3级 /南风 ≤3级,多云,小雨,9,2,南风,≤3级,南风,≤3级,day
2015-02-06 10:04:00,涴沙桥,8、依法应负全责的其他情形,负全部责任,不负责任,1,贵A44A66,白,1,贵A49999,黑,-1,-1,-1,-1,海马牌,梅赛德斯-奔驰,364598000000000000 ,36455700000000000 ,196011,197104,10,4,2,工作日,非高峰,2015-02-06,2015年2月6日,多云 /小雨,9℃ / 2℃,南风 ≤3级 /南风 ≤3级,多云,小雨,9,2,南风,≤3级,南风,≤3级,day
2015-02-06 11:26:00,贵开路,1、追尾的,负全部责任,不负责任,1,贵AKW508,红,1,贵AU6776,绿,-1,顺一驾驶培训学校,-1,2010/6/12 0:00,东风雪铁龙牌,嘉陵牌,574578000000000000 ,36656051994065525X,198205,198804,11,4,2,工作日,非高峰,2015-02-06,2015年2月6日,多云 /小雨,9℃ / 2℃,南风 ≤3级 /南风 ≤3级,多云,小雨,9,2,南风,≤3级,南风,≤3级,day
2015-02-06 09:30:00,西二环,7、未按规定让行的 ,负全部责任,不负责任,1,贵AKK214,黑,1,贵ATF358,黑,自培,-1,2004/12/30 0:00,-1,佳乐,东风标致牌,366364000000000000 ,364548000000000000 ,197108,197810,9,4,2,工作日,早高峰(7-9点),2015-02-06,2015年2月6日,多云 /小雨,9℃ / 2℃,南风 ≤3级 /南风 ≤3级,多云,小雨,9,2,南风,≤3级,南风,≤3级,day
2015-02-06 09:10:00,小河,1、追尾的,负全部责任,不负责任,1,贵ABR272,白色,1,贵A377B3,黄色,自培,时法驾校,2003/7/29 0:00,2006/8/10 0:00,力帆牌,北京牌,364557000000000000 ,366067000000000000 ,198206,198301,9,4,2,工作日,早高峰(7-9点),2015-02-06,2015年2月6日,多云 /小雨,9℃ / 2℃,南风 ≤3级 /南风 ≤3级,多云,小雨,9,2,南风,≤3级,南风,≤3级,day
2015-02-06 08:00:00,二戈寨,7、未按规定让行的 ,负全部责任,不负责任,1,渝AQM910,白色,1,贵GV5203,白色,自培,预约考试窗口,2006/11/28 0:00,2007/3/6 0:00,无,宝马牌,364547000000000000 ,355464000000000000 ,198508,198706,8,4,2,工作日,早高峰(7-9点),2015-02-06,2015年2月6日,多云 /小雨,9℃ / 2℃,南风 ≤3级 /南风 ≤3级,多云,小雨,9,2,南风,≤3级,南风,≤3级,day
2015-02-06 09:50:00,贵惠大道,7、未按规定让行的 ,负全部责任,不负责任,1,贵AU5932,白色,1,贵APS363,黑色,自培,-1,2003/9/30 0:00,-1,捷达牌,别克牌,36606551894969125X,364556000000000000 ,197808,192801,9,4,2,工作日,早高峰(7-9点),2015-02-06,2015年2月6日,多云 /小雨,9℃ / 2℃,南风 ≤3级 /南风 ≤3级,多云,小雨,9,2,南风,≤3级,南风,≤3级,day
2015-02-06 09:00:00,贵钢,7、未按规定让行的 ,负全部责任,不负责任,1,贵A54A57,白,1,贵A8169G,黑,自培,十一培,2007/8/16 0:00,1995/8/5 0:00,长安牌,华泰圣达菲牌,364551000000000000 ,36454651864242707X,198403,197206,9,4,2,工作日,早高峰(7-9点),2015-02-06,2015年2月6日,多云 /小雨,9℃ / 2℃,南风 ≤3级 /南风 ≤3级,多云,小雨,9,2,南风,≤3级,南风,≤3级,day
2015-02-06 09:00:00,高新区,8、依法应负全责的其他情形,负全部责任,不负责任,1,贵A1399K,银,1,贵AX3414,黑,自培,自培,2013/7/5 0:00,2008/1/17 0:00,五菱牌,隆鑫牌,366246000000000000 ,64197500000000000 ,199110,198111,9,4,2,工作日,早高峰(7-9点),2015-02-06,2015年2月6日,多云 /小雨,9℃ / 2℃,南风 ≤3级 /南风 ≤3级,多云,小雨,9,2,南风,≤3级,南风,≤3级,day
2015-02-06 09:00:00,枣山路,7、未按规定让行的 ,负全部责任,不负责任,1,贵ANW579,黑,1,贵A37V29,蓝,（乌当区）全林驾驶培训有限公司,自培,2007/3/6 0:00,2004/6/27 0:00,比亚迪牌,大众牌,356164000000000000 ,354575000000000000 ,196902,197211,9,4,2,工作日,早高峰(7-9点),2015-02-06,2015年2月6日,多云 /小雨,9℃ / 2℃,南风 ≤3级 /南风 ≤3级,多云,小雨,9,2,南风,≤3级,南风,≤3级,day
2015-02-06 04:20:00,小河航天员,3、倒车的,负全部责任,不负责任,1,贵A3010T,黑色,1,贵JK2426,黑色,顺一驾驶培训学校,自培,2014/5/26 0:00,2008/2/21 0:00,云雀,起亚牌,366546000000000000 ,366546000000000000 ,196509,196511,4,4,2,工作日,非高峰,2015-02-06,2015年2月6日,多云 /小雨,9℃ / 2℃,南风 ≤3级 /南风 ≤3级,多云,小雨,9,2,南风,≤3级,南风,≤3级,night
2015-02-06 10:10:00,北京西路,3、倒车的,负全部责任,不负责任,1,贵A9072F,黑,1,贵AHU469,银,自培,自培,2005/8/23 0:00,2006/6/12 0:00,江淮牌,丰田牌,364556000000000000 ,364548000000000000 ,198208,198001,10,4,2,工作日,非高峰,2015-02-06,2015年2月6日,多云 /小雨,9℃ / 2℃,南风 ≤3级 /南风 ≤3级,多云,小雨,9,2,南风,≤3级,南风,≤3级,day
2015-02-06 11:20:00,铁二培门口,5、开关车门的,负全部责任,不负责任,1,贵AU5208,白色,1,贵A3688W,黑色,-1,自培,-1,2004/9/10 0:00,捷达牌,五菱牌,364545000000 ,36636051884354565X,253236,197705,11,4,2,工作日,非高峰,2015-02-06,2015年2月6日,多云 /小雨,9℃ / 2℃,南风 ≤3级 /南风 ≤3级,多云,小雨,9,2,南风,≤3级,南风,≤3级,day
2015-02-05 19:20:00,小河汤坝村,3、倒车的,负全部责任,不负责任,1,贵E27187,白色,1,贵A95018,白色,自培,自培,2003/3/24 0:00,2001/4/12 0:00,东风雪铁龙牌,嘉陵牌,724566000000000000 ,364547000000000000 ,197409,197510,19,3,2,工作日,晚高峰(17-19点),2015-02-05,2015年2月5日,阴 /阴,3℃ / 0℃,东北风 ≤3级 /东北风 ≤3级,阴,阴,3,0,东北风,≤3级,东北风,≤3级,day
2015-02-06 13:00:00,头桥,7、未按规定让行的 ,负全部责任,不负责任,1,贵AM6116,白,1,贵ATR916,黑,-1,520136,-1,2010/3/29 0:00,大运牌,大众汽车牌,364548000000000000 ,364548000000000000 ,195808,198707,13,4,2,工作日,非高峰,2015-02-06,2015年2月6日,多云 /小雨,9℃ / 2℃,南风 ≤3级 /南风 ≤3级,多云,小雨,9,2,南风,≤3级,南风,≤3级,day
2015-02-06 10:00:00,转弯塘,8、依法应负全责的其他情形,负全部责任,不负责任,1,贵GT9513,黑,1,贵AU7448,蓝,自培,蓝天驾校,2011/7/13 0:00,2011/8/26 0:00,丰田牌,力帆牌,364596000000000000 ,366267000000000000 ,199210,198906,10,4,2,工作日,非高峰,2015-02-06,2015年2月6日,多云 /小雨,9℃ / 2℃,南风 ≤3级 /南风 ≤3级,多云,小雨,9,2,南风,≤3级,南风,≤3级,day
2015-02-06 12:12:00,花果园,7、未按规定让行的 ,负全部责任,不负责任,1,贵AMA371,白色,1,贵A4AR46,白色,（乌当区）平安驾驶培训有限公司,520129,2005/9/28 0:00,2008/5/12 0:00,夏利牌,轩逸牌,786167000000000000 ,366364000000000000 ,196306,196509,12,4,2,工作日,非高峰,2015-02-06,2015年2月6日,多云 /小雨,9℃ / 2℃,南风 ≤3级 /南风 ≤3级,多云,小雨,9,2,南风,≤3级,南风,≤3级,day
2015-02-06 12:00:00,花溪石板物流园,7、未按规定让行的 ,负全部责任,不负责任,1,贵AR349,白色,1,贵AM7186,白色,贵州省长安驾驶培训学校,-1,2014/12/23 0:00,-1,-1,明锐牌,364596000000000000 ,364555000000000 ,198804,451111,12,4,2,工作日,非高峰,2015-02-06,2015年2月6日,多云 /小雨,9℃ / 2℃,南风 ≤3级 /南风 ≤3级,多云,小雨,9,2,南风,≤3级,南风,≤3级,day
2015-02-06 10:00:00,小石城,1、追尾的,负全部责任,不负责任,1,贵AUA576,白,1,贵A5A578,银,自培,长运驾校,1998/4/8 0:00,1991/12/30 0:00,吉利美日牌,福迪牌,364558000000000000 ,366367000000000000 ,197002,196806,10,4,2,工作日,非高峰,2015-02-06,2015年2月6日,多云 /小雨,9℃ / 2℃,南风 ≤3级 /南风 ≤3级,多云,小雨,9,2,南风,≤3级,南风,≤3级,day
2015-02-06 11:00:00,东二环,8、依法应负全责的其他情形,负全部责任,不负责任,1,鄂AA2512,黑色,1,贵A36F39,黑色,贵州省仁怀市酒都汽车驾驶培训有限公司,诚信驾驶培训学校,2012/1/13 0:00,2012/3/5 0:00,长安,别克牌,366546000000000000 ,364547000000000000 ,197711,197205,11,4,2,工作日,非高峰,2015-02-06,2015年2月6日,多云 /小雨,9℃ / 2℃,南风 ≤3级 /南风 ≤3级,多云,小雨,9,2,南风,≤3级,南风,≤3级,day
2015-02-06 13:30:00,小河长江路,3、倒车的,负全部责任,不负责任,1,贵A32027,白色,1,贵A45F46,白色,-1,全林驾校,-1,2010/5/26 0:00,宗申,吉利美日牌,256075000000000000 ,366864000000000000 ,197609,197312,13,4,2,工作日,非高峰,2015-02-06,2015年2月6日,多云 /小雨,9℃ / 2℃,南风 ≤3级 /南风 ≤3级,多云,小雨,9,2,南风,≤3级,南风,≤3级,day
2015-02-06 14:14:00,金阳客车站,7、未按规定让行的 ,负全部责任,不负责任,1,贵A49H97,黑,1,湘AC0446,银,（乌当区）新华驾驶培训有限公司,自培,2005/7/4 0:00,2012/12/24 0:00,福克斯牌,轰轰烈牌,364556000000000000 ,364557000000000000 ,197707,198911,14,4,2,工作日,非高峰,2015-02-06,2015年2月6日,多云 /小雨,9℃ / 2℃,南风 ≤3级 /南风 ≤3级,多云,小雨,9,2,南风,≤3级,南风,≤3级,day
2015-02-06 15:30:00,北京路,8、依法应负全责的其他情形,负全部责任,不负责任,1,贵AU0244,绿,1,贵A27E11,蓝,（经开区）十一驾驶培训有限公司,顺一驾驶培训学校,2009/4/15 0:00,2011/7/8 0:00,奇瑞牌,奥迪牌,364556000000000000 ,364568000000000000 ,197911,199211,15,4,2,工作日,非高峰,2015-02-06,2015年2月6日,多云 /小雨,9℃ / 2℃,南风 ≤3级 /南风 ≤3级,多云,小雨,9,2,南风,≤3级,南风,≤3级,day
2015-02-06 16:30:00,八匹马,1、追尾的,负全部责任,不负责任,1,贵AA064W,蓝,1,粤B4JV36,蓝,路路达驾校,-1,2010/10/2 0:00,-1,海马牌,-1,36636051905566395X,35574051954154005X,198411,198109,16,4,2,工作日,非高峰,2015-02-06,2015年2月6日,多云 /小雨,9℃ / 2℃,南风 ≤3级 /南风 ≤3级,多云,小雨,9,2,南风,≤3级,南风,≤3级,day
2015-02-06 16:30:00,南明区,7、未按规定让行的 ,负全部责任,不负责任,1,贵AT5862,白,1,贵A79M15,蓝,-1,贵州现代驾驶培训责任有限公司,-1,2013/3/13 0:00,汇众牌,丰田牌,36455100000000000 ,36464551824640445X,196123,197602,16,4,2,工作日,非高峰,2015-02-06,2015年2月6日,多云 /小雨,9℃ / 2℃,南风 ≤3级 /南风 ≤3级,多云,小雨,9,2,南风,≤3级,南风,≤3级,day
2015-02-06 14:15:00,长林南路,7、未按规定让行的 ,负全部责任,不负责任,1,贵AS5416,黑,1,贵A91G57,黑,-1,预约考试窗口,-1,2006/12/29 0:00,劲野牌,大众牌,36464751994155435X,364647000000000000 ,198809,198508,14,4,2,工作日,非高峰,2015-02-06,2015年2月6日,多云 /小雨,9℃ / 2℃,南风 ≤3级 /南风 ≤3级,多云,小雨,9,2,南风,≤3级,南风,≤3级,day
2015-02-06 14:06:00,航天大道,3、倒车的,负全部责任,不负责任,1,贵GR2411,黑,1,贵A61G19,白,新天驾校,自培,2012/10/29 0:00,2012/11/23 0:00,大众汽车牌,福特牌,366367000000000000 ,364547000000000000 ,197302,198908,14,4,2,工作日,非高峰,2015-02-06,2015年2月6日,多云 /小雨,9℃ / 2℃,南风 ≤3级 /南风 ≤3级,多云,小雨,9,2,南风,≤3级,南风,≤3级,day