accidenttime,accidentaddr,driver1fault,driver1responsibility,driver2responsibility,sex1,platenumber1,carcolor1,sex2,platenumber2,carcolor2,jxmc1,jxmc2,cclzrq1,cclzrq2,clpp1,clpp2,driver1license,driver2license,brith1,brith2,hour,weekday,month,is_weekday,peak_hour,date,日期,天气状况,气温,风力风向,day_wea,night_wea,day_tep,night_tep,day_wind_direction,day_wind_speed,night_wind_direction,night_wind_speed,segment
2015-02-06 12:12:00,三桥,7、未按规定让行的 ,负全部责任,不负责任,1,贵A495G2,蓝,1,贵ATL281,黑,自培,-1,2001/3/12 0:00,-1,解放牌,启辰牌,366361000000000000 ,356966000000000 ,197609,730617,12,4,2,工作日,非高峰,2015-02-06,2015年2月6日,多云 /小雨,9℃ / 2℃,南风 ≤3级 /南风 ≤3级,多云,小雨,9,2,南风,≤3级,南风,≤3级,day
2015-02-06 12:30:00,护国路,1、追尾的,负全部责任,不负责任,1,贵ACJ697,白色,1,贵A74A28,黑色,贵州省长安驾驶培训学校,十一培,2013/10/14 0:00,1995/5/7 0:00,奇瑞牌,朗逸牌,364547000000000000 ,36636751384264505X,198610,195706,12,4,2,工作日,非高峰,2015-02-06,2015年2月6日,多云 /小雨,9℃ / 2℃,南风 ≤3级 /南风 ≤3级,多云,小雨,9,2,南风,≤3级,南风,≤3级,day
2015-02-06 13:40:00,后坝,7、未按规定让行的 ,负全部责任,不负责任,1,贵DA247E,白,1,贵J63746,银,-1,十一培,-1,1998/6/18 0:00,-1,望江,366669000000000000 ,364556000000000000 ,197601,197709,13,4,2,工作日,非高峰,2015-02-06,2015年2月6日,多云 /小雨,9℃ / 2℃,南风 ≤3级 /南风 ≤3级,多云,小雨,9,2,南风,≤3级,南风,≤3级,day
2015-02-06 10:48:00,白云大道,3、倒车的,负全部责任,不负责任,1,贵A58S16,黑,1,贵A65C89,黑,自培,十一培,2005/8/25 0:00,1991/6/12 0:00,翼搏牌,雪佛兰牌,364648000000000000 ,364556000000000000 ,197711,197103,10,4,2,工作日,非高峰,2015-02-06,2015年2月6日,多云 /小雨,9℃ / 2℃,南风 ≤3级 /南风 ≤3级,多云,小雨,9,2,南风,≤3级,南风,≤3级,day
2015-02-06 12:00:00,长林北路,1、追尾的,负全部责任,不负责任,1,闽H68777A,黑,1,贵A87V38,白,-1,自培,-1,2004/10/19 0:00,\N,威乐牌,736546000000000000 ,366061000000000000 ,197202,198008,12,4,2,工作日,非高峰,2015-02-06,2015年2月6日,多云 /小雨,9℃ / 2℃,南风 ≤3级 /南风 ≤3级,多云,小雨,9,2,南风,≤3级,南风,≤3级,day
2015-02-06 10:30:00,珠江路,7、未按规定让行的 ,负全部责任,不负责任,1,贵AH4363,黑色,1,贵AHH874,黑色,铁二局驾校,自培,2008/11/18 0:00,2000/6/22 0:00,北京现代牌,思域(CIVIC)牌,35416551914654073X,364556000000000000 ,198902,197607,10,4,2,工作日,非高峰,2015-02-06,2015年2月6日,多云 /小雨,9℃ / 2℃,南风 ≤3级 /南风 ≤3级,多云,小雨,9,2,南风,≤3级,南风,≤3级,day
2015-02-06 13:40:00,贵惠路,1、追尾的,负全部责任,不负责任,1,贵A7785C,蓝,1,贵A9C177,蓝,贵州天河驾校,自培,2014/5/12 0:00,2004/3/31 0:00,五菱牌,-1,364596000000000000 ,364547000000000000 ,198902,197104,13,4,2,工作日,非高峰,2015-02-06,2015年2月6日,多云 /小雨,9℃ / 2℃,南风 ≤3级 /南风 ≤3级,多云,小雨,9,2,南风,≤3级,南风,≤3级,day
2015-02-06 13:20:00,帝景传说,3、倒车的,负全部责任,不负责任,0,云AQ5804,白,1,贵AX6914,黑,（南明区）铁二局驾驶培训有限公司,自培,2005/6/2 0:00,2001/9/12 0:00,波罗,马自达牌,366546000000000000 ,366363000000000000 ,197707,197301,13,4,2,工作日,非高峰,2015-02-06,2015年2月6日,多云 /小雨,9℃ / 2℃,南风 ≤3级 /南风 ≤3级,多云,小雨,9,2,南风,≤3级,南风,≤3级,day
2015-02-06 12:35:00,经典时代,8、依法应负全责的其他情形,负全部责任,不负责任,1,贵A76Y22,蓝,1,贵ASP931,黑,自培,自培,2002/11/14 0:00,2008/4/10 0:00,梅赛德斯-奔驰,辉腾,364548000000000000 ,364547000000000000 ,198402,197007,12,4,2,工作日,非高峰,2015-02-06,2015年2月6日,多云 /小雨,9℃ / 2℃,南风 ≤3级 /南风 ≤3级,多云,小雨,9,2,南风,≤3级,南风,≤3级,day
2015-02-06 15:00:00,北京西路,7、未按规定让行的 ,负全部责任,不负责任,1,冀ES5601,黑,1,贵A2187N,银,-1,-1,-1,-1,\N,江淮牌,57469500000000000 ,364547000000 ,983101,296418,15,4,2,工作日,非高峰,2015-02-06,2015年2月6日,多云 /小雨,9℃ / 2℃,南风 ≤3级 /南风 ≤3级,多云,小雨,9,2,南风,≤3级,南风,≤3级,day
2015-02-06 15:20:00,西南家具城,7、未按规定让行的 ,负全部责任,不负责任,1,川FH6955,红,1,贵A2013R,黑,-1,-1,-1,-1,东风雪铁龙牌,五菱牌,35424651845446724X,366361000000000000 ,197010,197211,15,4,2,工作日,非高峰,2015-02-06,2015年2月6日,多云 /小雨,9℃ / 2℃,南风 ≤3级 /南风 ≤3级,多云,小雨,9,2,南风,≤3级,南风,≤3级,day
2015-02-06 15:30:00,金阳南路,7、未按规定让行的 ,负全部责任,不负责任,0,贵A57W42,黑,1,渝BR1482,银,自培,黔西南州方圆驾校,2004/3/19 0:00,-1,雪佛兰牌,力帆牌,366566000000000000 ,366770000000000000 ,197205,198410,15,4,2,工作日,非高峰,2015-02-06,2015年2月6日,多云 /小雨,9℃ / 2℃,南风 ≤3级 /南风 ≤3级,多云,小雨,9,2,南风,≤3级,南风,≤3级,day
2015-02-06 16:45:00,会展城,7、未按规定让行的 ,负全部责任,不负责任,1,贵A39J59,红,1,贵A3AT07,白,-1,520118,-1,2008/9/4 0:00,奥迪,长城牌,364646000000000000 ,354847000000000000 ,196206,196705,16,4,2,工作日,非高峰,2015-02-06,2015年2月6日,多云 /小雨,9℃ / 2℃,南风 ≤3级 /南风 ≤3级,多云,小雨,9,2,南风,≤3级,南风,≤3级,day
2015-02-06 18:50:00,杨家山隧道内,1、追尾的,负全部责任,不负责任,1,贵ARG703,白色,1,贵D57559,黑色,-1,-1,-1,-1,大众汽车牌,-1,366068000000000000 ,4542520000000000 ,195912,197202,18,4,2,工作日,晚高峰(17-19点),2015-02-06,2015年2月6日,多云 /小雨,9℃ / 2℃,南风 ≤3级 /南风 ≤3级,多云,小雨,9,2,南风,≤3级,南风,≤3级,day
2015-02-06 18:56:00,百花山,7、未按规定让行的 ,负全部责任,不负责任,1,贵AEF1392,银,1,贵AU0759,绿,-1,520127,-1,1997/10/6 0:00,-1,达飞尔牌,366770000000000000 ,364548000000000000 ,198105,197604,18,4,2,工作日,晚高峰(17-19点),2015-02-06,2015年2月6日,多云 /小雨,9℃ / 2℃,南风 ≤3级 /南风 ≤3级,多云,小雨,9,2,南风,≤3级,南风,≤3级,day
2015-02-06 16:50:00,延安东路,7、未按规定让行的 ,负全部责任,不负责任,0,贵AE4291,红,1,贵AKD817,黑,安顺市顺阳驾校培训学校,蓝天驾校,-1,2012/2/20 0:00,鑫源牌,海马牌,366370000000000000 ,364548000000000000 ,197006,197210,16,4,2,工作日,非高峰,2015-02-06,2015年2月6日,多云 /小雨,9℃ / 2℃,南风 ≤3级 /南风 ≤3级,多云,小雨,9,2,南风,≤3级,南风,≤3级,day
2015-02-06 16:50:00,渔樵批发市场,8、依法应负全责的其他情形,负全部责任,不负责任,1,贵A4846M,黑色,1,贵AKG357,黑色,黔南东方机动车驾驶培训学校,贵阳金马驾驶培训有限公司,-1,2010/10/21 0:00,昌河牌,东风雪铁龙牌,344678000000000000 ,364547000000000000 ,198504,197008,16,4,2,工作日,非高峰,2015-02-06,2015年2月6日,多云 /小雨,9℃ / 2℃,南风 ≤3级 /南风 ≤3级,多云,小雨,9,2,南风,≤3级,南风,≤3级,day
2015-02-06 19:50:00,四季家园,7、未按规定让行的 ,负全部责任,不负责任,1,贵AHJ451,白,1,贵AU6193,蓝,（乌当区）新华驾驶培训有限公司,自培,2005/5/23 0:00,2002/3/27 0:00,奥迪牌,捷达牌,724568000000000000 ,366267000000000000 ,197301,197108,19,4,2,工作日,晚高峰(17-19点),2015-02-06,2015年2月6日,多云 /小雨,9℃ / 2℃,南风 ≤3级 /南风 ≤3级,多云,小雨,9,2,南风,≤3级,南风,≤3级,day
2015-02-06 18:00:00,头桥,1、追尾的,负全部责任,不负责任,1,渝A83Q33,黑,1,贵ASL995,白,-1,-1,-1,-1,无,福特牌,364547000000000000 ,36656551915456567X,198511,198910,18,4,2,工作日,晚高峰(17-19点),2015-02-06,2015年2月6日,多云 /小雨,9℃ / 2℃,南风 ≤3级 /南风 ≤3级,多云,小雨,9,2,南风,≤3级,南风,≤3级,day
2015-02-06 15:30:00,东山公园,7、未按规定让行的 ,负全部责任,不负责任,0,贵FY2833,黑,1,贵AKR555,白,-1,无,-1,2004/1/31 0:00,福特牌,奥迪牌,355296000000000000 ,364548000000000000 ,199003,198506,15,4,2,工作日,非高峰,2015-02-06,2015年2月6日,多云 /小雨,9℃ / 2℃,南风 ≤3级 /南风 ≤3级,多云,小雨,9,2,南风,≤3级,南风,≤3级,day
2015-02-06 16:11:00,枣山路,9、不符合前8款规定或者双方同时具有上述情形的,负全部责任,不负责任,1,贵GP2402,蓝,1,贵AU0550,绿,新天驾校,-1,2011/12/27 0:00,-1,风神,大江牌,364568000000000000 ,364556000000000 ,199304,590218,16,4,2,工作日,非高峰,2015-02-06,2015年2月6日,多云 /小雨,9℃ / 2℃,南风 ≤3级 /南风 ≤3级,多云,小雨,9,2,南风,≤3级,南风,≤3级,day
2015-02-06 16:05:00,金阳客车站,1、追尾的,负全部责任,不负责任,1,贵AX6973,黑,1,贵A9649T,蓝,自培,市警校驾校,2007/10/1 0:00,2005/8/3 0:00,宝马牌,福克斯牌,36455751985545545X,366364000000000000 ,198711,196408,16,4,2,工作日,非高峰,2015-02-06,2015年2月6日,多云 /小雨,9℃ / 2℃,南风 ≤3级 /南风 ≤3级,多云,小雨,9,2,南风,≤3级,南风,≤3级,day
2015-02-06 14:15:00,二铺,6、违反交通信号的,负全部责任,不负责任,1,贵A86V76,黑,1,贵AA822M,蓝,自培,预约考试窗口,2006/5/16 0:00,2007/7/12 0:00,长城牌,别克牌,366067000000000000 ,366347000000000000 ,197910,198112,14,4,2,工作日,非高峰,2015-02-06,2015年2月6日,多云 /小雨,9℃ / 2℃,南风 ≤3级 /南风 ≤3级,多云,小雨,9,2,南风,≤3级,南风,≤3级,day
2015-02-06 15:00:00,二桥,8、依法应负全责的其他情形,负全部责任,不负责任,1,贵AS7075,银,1,贵A15674,黑,贵州现代驾驶培训责任有限公司,十一培,2006/11/22 0:00,1993/9/1 0:00,东风牌,嘉陵牌,364061000000000000 ,364548000000000000 ,198012,196703,15,4,2,工作日,非高峰,2015-02-06,2015年2月6日,多云 /小雨,9℃ / 2℃,南风 ≤3级 /南风 ≤3级,多云,小雨,9,2,南风,≤3级,南风,≤3级,day
2015-02-06 18:30:00,公安厅,9、不符合前8款规定或者双方同时具有上述情形的,负全部责任,不负责任,1,贵A6B494,银,1,贵AA7868,蓝,（南明区）阳光驾驶培训有限公司,十一培,2008/5/26 0:00,1997/12/31 0:00,-1,华泰圣达菲牌,364548000000000000 ,364547000000000000 ,198210,197011,18,4,2,工作日,晚高峰(17-19点),2015-02-06,2015年2月6日,多云 /小雨,9℃ / 2℃,南风 ≤3级 /南风 ≤3级,多云,小雨,9,2,南风,≤3级,南风,≤3级,day
2015-02-06 14:00:00,南湖路,1、追尾的,负全部责任,不负责任,1,贵A7542P,蓝,1,贵A2499U,黑,自培,自培,2004/5/23 0:00,2006/12/4 0:00,梅赛德斯-奔驰牌,大众牌,364557000000000000 ,364557000000000000 ,198507,198609,14,4,2,工作日,非高峰,2015-02-06,2015年2月6日,多云 /小雨,9℃ / 2℃,南风 ≤3级 /南风 ≤3级,多云,小雨,9,2,南风,≤3级,南风,≤3级,day
2015-02-06 16:00:00,广信四季家园,3、倒车的,负全部责任,不负责任,1,贵A94N11,银,1,贵AER145,蓝,（观山湖区）蓝天驾驶培训有限公司,自培,2006/6/8 0:00,2002/12/23 0:00,金龙牌,蒙迪欧牌,366068000000000000 ,366364000000000000 ,196501,196603,16,4,2,工作日,非高峰,2015-02-06,2015年2月6日,多云 /小雨,9℃ / 2℃,南风 ≤3级 /南风 ≤3级,多云,小雨,9,2,南风,≤3级,南风,≤3级,day
2015-02-06 14:30:00,金阳家具城,7、未按规定让行的 ,负全部责任,不负责任,1,贵A095F6,银,0,贵A9309W,黑,-1,自培,-1,2007/6/12 0:00,长安牌,别克牌,344797000000000000 ,364558000000000000 ,198505,198410,14,4,2,工作日,非高峰,2015-02-06,2015年2月6日,多云 /小雨,9℃ / 2℃,南风 ≤3级 /南风 ≤3级,多云,小雨,9,2,南风,≤3级,南风,≤3级,day
2015-02-06 18:10:00,次南门,7、未按规定让行的 ,负全部责任,不负责任,0,贵AXA145,白,0,贵A41S97,黄,-1,自培,-1,2004/6/30 0:00,大众汽车牌,讴歌RDX,364548000000000000 ,364547000000000000 ,197703,196008,18,4,2,工作日,晚高峰(17-19点),2015-02-06,2015年2月6日,多云 /小雨,9℃ / 2℃,南风 ≤3级 /南风 ≤3级,多云,小雨,9,2,南风,≤3级,南风,≤3级,day
2015-02-06 17:00:00,新添寨,7、未按规定让行的 ,负全部责任,不负责任,1,皖E53522,红,1,贵A07167,蓝,-1,自培,-1,2003/7/31 0:00,长城牌,万达牌,355369000000000000 ,364557000000000000 ,198309,198506,17,4,2,工作日,晚高峰(17-19点),2015-02-06,2015年2月6日,多云 /小雨,9℃ / 2℃,南风 ≤3级 /南风 ≤3级,多云,小雨,9,2,南风,≤3级,南风,≤3级,day
2015-02-06 17:35:00,宝山北路,8、依法应负全责的其他情形,负全部责任,不负责任,1,贵A54S47,蓝,0,贵AA8422,黄,自培,自培,2003/10/10 0:00,2002/11/14 0:00,丰田牌,奥迪牌,364548000000000000 ,364547000000000000 ,196906,196908,17,4,2,工作日,晚高峰(17-19点),2015-02-06,2015年2月6日,多云 /小雨,9℃ / 2℃,南风 ≤3级 /南风 ≤3级,多云,小雨,9,2,南风,≤3级,南风,≤3级,day
2015-02-06 17:45:00,沙河街,1、追尾的,负全部责任,不负责任,0,贵A33C37,黑,1,贵A53B75,蓝,景宏驾校,贵州省长安驾驶培训学校,2011/9/30 0:00,2005/2/23 0:00,福克斯牌,荣威牌,364548000000000000 ,36454651925565047X,199109,198611,17,4,2,工作日,晚高峰(17-19点),2015-02-06,2015年2月6日,多云 /小雨,9℃ / 2℃,南风 ≤3级 /南风 ≤3级,多云,小雨,9,2,南风,≤3级,南风,≤3级,day
2015-02-06 17:35:00,市政府,1、追尾的,负全部责任,不负责任,1,贵AU6491,绿,1,贵GF7860,银,-1,-1,-1,-1,黄海牌,长城牌,77476300000000000 ,3574510000000000 ,197609,670306,17,4,2,工作日,晚高峰(17-19点),2015-02-06,2015年2月6日,多云 /小雨,9℃ / 2℃,南风 ≤3级 /南风 ≤3级,多云,小雨,9,2,南风,≤3级,南风,≤3级,day
2015-02-06 21:15:00,小河沿河,7、未按规定让行的 ,负全部责任,不负责任,1,贵AF0037,白色,1,贵A55W43,白色,-1,铁二局驾校,-1,2010/9/25 0:00,松花江,宝骏牌,364555000000000 ,364647000000000000 ,670927,198009,21,4,2,工作日,非高峰,2015-02-06,2015年2月6日,多云 /小雨,9℃ / 2℃,南风 ≤3级 /南风 ≤3级,多云,小雨,9,2,南风,≤3级,南风,≤3级,night
2015-02-06 21:30:00,白云区,1、追尾的,负全部责任,不负责任,1,贵A3828G,蓝,1,贵AML516,白,-1,520127,-1,2007/12/11 0:00,五菱牌,五菱牌,64166500000000000 ,07556551984769215X,199005,198703,21,4,2,工作日,非高峰,2015-02-06,2015年2月6日,多云 /小雨,9℃ / 2℃,南风 ≤3级 /南风 ≤3级,多云,小雨,9,2,南风,≤3级,南风,≤3级,night
2015-02-07 00:00:00,宅吉小区,7、未按规定让行的 ,负全部责任,不负责任,1,贵A75N81,银,1,贵A82K27,蓝,-1,-1,-1,-1,揽胜极光,梅赛德斯奔驰,364547000000000000 ,364596000000000000 ,197812,199008,0,5,2,工作日,非高峰,2015-02-07,2015年2月7日,阴 /阴,8℃ / 3℃,东北风 ≤3级 /东北风 ≤3级,阴,阴,8,3,东北风,≤3级,东北风,≤3级,night
2015-02-07 00:00:00,花溪二道,7、未按规定让行的 ,负全部责任,不负责任,1,贵AGP628,白色,1,贵APW788,白色,-1,-1,-1,-1,长安牌,歌诗图牌,366568000000000000 ,366547000000000000 ,197902,198509,0,5,2,工作日,非高峰,2015-02-07,2015年2月7日,阴 /阴,8℃ / 3℃,东北风 ≤3级 /东北风 ≤3级,阴,阴,8,3,东北风,≤3级,东北风,≤3级,night
2015-02-07 07:00:00,西二环,7、未按规定让行的 ,负全部责任,不负责任,1,贵A402F8,黑色,1,贵AB023B,白色,-1,贵州现代驾驶培训责任有限公司,-1,2010/4/14 0:00,江淮牌,雅阁,366569000000000000 ,366064000000000000 ,198002,198712,7,5,2,工作日,早高峰(7-9点),2015-02-07,2015年2月7日,阴 /阴,8℃ / 3℃,东北风 ≤3级 /东北风 ≤3级,阴,阴,8,3,东北风,≤3级,东北风,≤3级,day
2015-02-06 17:30:00,下坝隧道,1、追尾的,负全部责任,不负责任,1,贵JW8572,黑色,1,贵AKQ239,黑色,人武驾校,520125,2013/7/22 0:00,2010/1/14 0:00,大众汽车牌,吉利牌,366263000000000000 ,357266000000000000 ,197511,198108,17,4,2,工作日,晚高峰(17-19点),2015-02-06,2015年2月6日,多云 /小雨,9℃ / 2℃,南风 ≤3级 /南风 ≤3级,多云,小雨,9,2,南风,≤3级,南风,≤3级,day
2015-02-07 10:20:00,贵开路,1、追尾的,负全部责任,不负责任,1,贵AU4834,绿,1,贵AU7262,绿,（南明区）铁二局驾驶培训有限公司,铁二局驾校,2008/4/14 0:00,2014/11/3 0:00,捷达牌,福田牌,366567000000000000 ,366347000000000000 ,198406,198510,10,5,2,工作日,非高峰,2015-02-07,2015年2月7日,阴 /阴,8℃ / 3℃,东北风 ≤3级 /东北风 ≤3级,阴,阴,8,3,东北风,≤3级,东北风,≤3级,day
2015-02-06 21:40:00,北京路与宝山路口,9、不符合前8款规定或者双方同时具有上述情形的,负同等责任,负同等责任,0,贵A2047J,银,0,贵A4AJ98,白,智杰驾校,贵州省长安驾驶培训学校,2014/10/10 0:00,2013/9/16 0:00,夏利牌,马自达牌,366361000000000000 ,354347000000000000 ,198409,198109,21,4,2,工作日,非高峰,2015-02-06,2015年2月6日,多云 /小雨,9℃ / 2℃,南风 ≤3级 /南风 ≤3级,多云,小雨,9,2,南风,≤3级,南风,≤3级,night
2015-02-06 19:00:00,遵义路,7、未按规定让行的 ,负全部责任,不负责任,1,贵ATJ106,红,1,贵GX9686,蓝,自培,消防驾校,2004/3/16 0:00,2012/4/13 0:00,东风雪铁龙牌,翼虎牌,364547000000000000 ,366361000000000000 ,198104,197712,19,4,2,工作日,晚高峰(17-19点),2015-02-06,2015年2月6日,多云 /小雨,9℃ / 2℃,南风 ≤3级 /南风 ≤3级,多云,小雨,9,2,南风,≤3级,南风,≤3级,day
2015-02-07 10:10:00,甲秀南路,8、依法应负全责的其他情形,负全部责任,不负责任,1,贵A82910,白色,1,贵A4038T,白色,高新驾校,高新驾校,2012/11/29 0:00,2014/9/30 0:00,豪泺牌,吉利牌,364556000000000000 ,36686051924860757X,198606,198607,10,5,2,工作日,非高峰,2015-02-07,2015年2月7日,阴 /阴,8℃ / 3℃,东北风 ≤3级 /东北风 ≤3级,阴,阴,8,3,东北风,≤3级,东北风,≤3级,day
2015-02-07 08:45:00,贵安大道,7、未按规定让行的 ,负全部责任,不负责任,1,贵A589G5,白色,1,贵A71856,白色,文通驾校,时发驾校,2012/11/6 0:00,2013/2/27 0:00,长城牌,长安,366766000000000000 ,366876000000000000 ,197605,198006,8,5,2,工作日,早高峰(7-9点),2015-02-07,2015年2月7日,阴 /阴,8℃ / 3℃,东北风 ≤3级 /东北风 ≤3级,阴,阴,8,3,东北风,≤3级,东北风,≤3级,day
2015-02-11 14:00:00,小河平桥,1、追尾的,负全部责任,不负责任,1,贵A5115K,绿,1,贵FC8850,蓝,黔西县宏远黔职驾校有限公司,毕节地区黔中驾校,-1,-1,解放牌,金杯牌,366068000000000000 ,366068000000000000 ,197912,197610,14,2,2,工作日,非高峰,2015-02-11,2015年2月11日,多云 /多云,11℃ / 3℃,东风 ≤3级 /东北风 ≤3级,多云,多云,11,3,东风,≤3级,东北风,≤3级,day
2015-02-07 07:55:00,景怡园,7、未按规定让行的 ,负全部责任,不负责任,1,贵A33R79,黄,1,浙H5761Q,银,（乌当区）新华驾驶培训有限公司,诚信驾驶培训学校,2008/10/23 0:00,2012/2/17 0:00,锋范牌,广汽菲亚特牌,364557000000000000 ,774967000000000000 ,196805,197611,7,5,2,工作日,早高峰(7-9点),2015-02-07,2015年2月7日,阴 /阴,8℃ / 3℃,东北风 ≤3级 /东北风 ≤3级,阴,阴,8,3,东北风,≤3级,东北风,≤3级,day
2015-02-07 00:00:00,东二环,8、依法应负全责的其他情形,负全部责任,不负责任,1,贵A981B3,黑色,1,贵GR3622,白色,-1,自培,-1,2004/4/20 0:00,解放牌,丰田,36454500000000000 ,354677000000000000 ,988030,197109,0,5,2,工作日,非高峰,2015-02-07,2015年2月7日,阴 /阴,8℃ / 3℃,东北风 ≤3级 /东北风 ≤3级,阴,阴,8,3,东北风,≤3级,东北风,≤3级,night
2015-02-06 20:05:00,百花大道,7、未按规定让行的 ,负全部责任,不负责任,1,贵A395C6,蓝,1,贵A5857N,黑,自培,-1,2003/11/24 0:00,-1,解放牌,东风雪铁龙牌,355468000000000000 ,36459600000000000 ,197203,199101,20,4,2,工作日,非高峰,2015-02-06,2015年2月6日,多云 /小雨,9℃ / 2℃,南风 ≤3级 /南风 ≤3级,多云,小雨,9,2,南风,≤3级,南风,≤3级,night
2015-02-07 09:50:00,花溪区合鹏村,3、倒车的,负全部责任,不负责任,1,贵AHF757,白色,1,贵ANP547,白色,自培,-1,2004/12/24 0:00,-1,捷达牌,天马牌,364551000000000000 ,364557000000000000 ,198603,187710,9,5,2,工作日,早高峰(7-9点),2015-02-07,2015年2月7日,阴 /阴,8℃ / 3℃,东北风 ≤3级 /东北风 ≤3级,阴,阴,8,3,东北风,≤3级,东北风,≤3级,day
2015-02-07 08:10:00,中山东路,1、追尾的,负全部责任,不负责任,0,贵AQS858,银,1,贵AHY728,银,自培,自培,2004/9/29 0:00,2010/4/12 0:00,-1,丰田牌,364547000000000000 ,364547000000000000 ,196401,196711,8,5,2,工作日,早高峰(7-9点),2015-02-07,2015年2月7日,阴 /阴,8℃ / 3℃,东北风 ≤3级 /东北风 ≤3级,阴,阴,8,3,东北风,≤3级,东北风,≤3级,day
2015-02-06 15:00:00,观山西路,1、追尾的,负全部责任,不负责任,1,贵EA1416,红,1,贵ANF089,蓝,黔西南州方圆汽车（摩托车）驾驶培训学校有限公司,十一培,2010/12/1 0:00,1999/5/14 0:00,黄海牌,雪佛兰牌,366761000000000000 ,366246000000000000 ,197606,195508,15,4,2,工作日,非高峰,2015-02-06,2015年2月6日,多云 /小雨,9℃ / 2℃,南风 ≤3级 /南风 ≤3级,多云,小雨,9,2,南风,≤3级,南风,≤3级,day
2015-02-06 20:28:00,白云区,1、追尾的,负全部责任,不负责任,1,贵AX5954,黑,1,贵GF7371,黑,（白云区）消防驾驶培训学校,十一培,2007/4/19 0:00,1999/7/24 0:00,力帆牌,东风日产牌,364558000000000000 ,354366000000000000 ,197106,197904,20,4,2,工作日,非高峰,2015-02-06,2015年2月6日,多云 /小雨,9℃ / 2℃,南风 ≤3级 /南风 ≤3级,多云,小雨,9,2,南风,≤3级,南风,≤3级,night
2015-02-06 15:00:00,玉厂路,1、追尾的,负全部责任,不负责任,1,贵GT4205,白色,1,贵AW648,黑色,（经开区）金安驾驶培训有限公司,自培,2010/2/22 0:00,2006/4/27 0:00,江淮牌,-1,364547000000000000 ,366064000000000000 ,198909,197609,15,4,2,工作日,非高峰,2015-02-06,2015年2月6日,多云 /小雨,9℃ / 2℃,南风 ≤3级 /南风 ≤3级,多云,小雨,9,2,南风,≤3级,南风,≤3级,day
2015-02-06 17:50:00,甲秀南路,1、追尾的,负全部责任,不负责任,1,贵A291G9,黑色,1,贵GS8133,白色,-1,自培,-1,2005/3/15 0:00,福田牌,别克牌,36606351294P566484,364547000000000000 ,19680P,197503,17,4,2,工作日,晚高峰(17-19点),2015-02-06,2015年2月6日,多云 /小雨,9℃ / 2℃,南风 ≤3级 /南风 ≤3级,多云,小雨,9,2,南风,≤3级,南风,≤3级,day
2015-02-07 00:00:00,中曹司,7、未按规定让行的 ,负全部责任,不负责任,1,贵AW2062,白色,1,贵ALA287,白色,-1,自培,-1,2001/11/21 0:00,力帆牌,比亚迪牌,356164000000000000 ,364557000000000000 ,195709,197411,0,5,2,工作日,非高峰,2015-02-07,2015年2月7日,阴 /阴,8℃ / 3℃,东北风 ≤3级 /东北风 ≤3级,阴,阴,8,3,东北风,≤3级,东北风,≤3级,night
2015-02-06 18:00:00,长江路,7、未按规定让行的 ,负全部责任,不负责任,1,贵AKK376,黑色,1,贵AFE341,白色,（经开区）十一驾驶培训有限公司,自培,2008/12/2 0:00,2004/9/21 0:00,朗逸牌,五菱牌,366368000000000000 ,364547000000000000 ,197109,196211,18,4,2,工作日,晚高峰(17-19点),2015-02-06,2015年2月6日,多云 /小雨,9℃ / 2℃,南风 ≤3级 /南风 ≤3级,多云,小雨,9,2,南风,≤3级,南风,≤3级,day
2015-02-07 12:30:00,小河小城故事,3、倒车的,负全部责任,不负责任,1,贵A6BL87,白色,1,贵A7BX68,白色,-1,-1,-1,-1,福特牌,众泰牌,36454700000000000 ,366662000000000000 ,198803,197063,12,5,2,工作日,非高峰,2015-02-07,2015年2月7日,阴 /阴,8℃ / 3℃,东北风 ≤3级 /东北风 ≤3级,阴,阴,8,3,东北风,≤3级,东北风,≤3级,day
2015-02-07 20:30:00,白云区,6、违反交通信号的,负全部责任,不负责任,1,贵A23178,银,1,贵A7194R,黑,-1,-1,-1,-1,楚胜牌,别克牌,366061000000000000 ,366361000000000000 ,198101,196511,20,5,2,工作日,非高峰,2015-02-07,2015年2月7日,阴 /阴,8℃ / 3℃,东北风 ≤3级 /东北风 ≤3级,阴,阴,8,3,东北风,≤3级,东北风,≤3级,night
2015-02-06 22:00:00,金清大道,7、未按规定让行的 ,负全部责任,不负责任,1,湘DG4483,红,1,贵FS7146,银,-1,-1,-1,-1,福田牌,东风日产牌,74067500000000000 ,366367000000000000 ,198404,196907,22,4,2,工作日,非高峰,2015-02-06,2015年2月6日,多云 /小雨,9℃ / 2℃,南风 ≤3级 /南风 ≤3级,多云,小雨,9,2,南风,≤3级,南风,≤3级,night
2015-02-07 10:30:00,野鸭塘,8、依法应负全责的其他情形,负全部责任,不负责任,1,湘CS9349,黑,1,贵FN3654,蓝,-1,-1,-1,-1,自由客,比亚迪牌,377467000000000000 ,366068000000000000 ,199105,198008,10,5,2,工作日,非高峰,2015-02-07,2015年2月7日,阴 /阴,8℃ / 3℃,东北风 ≤3级 /东北风 ≤3级,阴,阴,8,3,东北风,≤3级,东北风,≤3级,day