accidenttime,accidentaddr,driver1fault,driver1responsibility,driver2responsibility,sex1,platenumber1,carcolor1,sex2,platenumber2,carcolor2,jxmc1,jxmc2,cclzrq1,cclzrq2,clpp1,clpp2,driver1license,driver2license,brith1,brith2,hour,weekday,month,is_weekday,peak_hour,date,日期,天气状况,气温,风力风向,day_wea,night_wea,day_tep,night_tep,day_wind_direction,day_wind_speed,night_wind_direction,night_wind_speed,segment
2015-02-07 11:00:00,孟关,3、倒车的,负全部责任,不负责任,1,贵AN1836,黑,1,贵AE8566,黄,-1,-1,1977/11/14 0:00,-1,豪爵牌,福克斯(FOCUS)牌,366364000000000000 ,364364000000000000 ,195607,195667,11,5,2,工作日,非高峰,2015-02-07,2015年2月7日,阴 /阴,8℃ / 3℃,东北风 ≤3级 /东北风 ≤3级,阴,阴,8,3,东北风,≤3级,东北风,≤3级,day
2015-02-07 12:30:00,观山湖,7、未按规定让行的 ,负全部责任,不负责任,1,贵A5AE49,蓝,1,贵AU9767,绿,长运驾校,贵州省长安驾驶培训学校,2010/6/7 0:00,2011/6/22 0:00,斯柯达牌,瑞麒牌,364557000000000000 ,366561000000000000 ,198802,198811,12,5,2,工作日,非高峰,2015-02-07,2015年2月7日,阴 /阴,8℃ / 3℃,东北风 ≤3级 /东北风 ≤3级,阴,阴,8,3,东北风,≤3级,东北风,≤3级,day
2015-02-07 10:45:00,碧海花园,7、未按规定让行的 ,负全部责任,不负责任,0,云A4784E,白,1,贵AU4895,绿,-1,520123,-1,2011/4/28 0:00,丰田牌,力帆牌,366646000000000000 ,364566000000000000 ,198408,198901,10,5,2,工作日,非高峰,2015-02-07,2015年2月7日,阴 /阴,8℃ / 3℃,东北风 ≤3级 /东北风 ≤3级,阴,阴,8,3,东北风,≤3级,东北风,≤3级,day
2015-02-07 11:25:00,白云区,1、追尾的,负全部责任,不负责任,1,贵AA7410,银,1,浙B9GB25,银,-1,集顺达驾校,-1,-1,飞燕,长安牌,36474400000000 ,366567000000000000 ,55,198806,11,5,2,工作日,非高峰,2015-02-07,2015年2月7日,阴 /阴,8℃ / 3℃,东北风 ≤3级 /东北风 ≤3级,阴,阴,8,3,东北风,≤3级,东北风,≤3级,day
2015-02-07 12:00:00,相宝山,9、不符合前8款规定或者双方同时具有上述情形的,负全部责任,不负责任,1,贵AU1279,红,1,贵A85L298,白,全林驾校,-1,2010/9/28 0:00,-1,丰田牌,-1,364548000000000000 ,36616751914057175X,196411,198904,12,5,2,工作日,非高峰,2015-02-07,2015年2月7日,阴 /阴,8℃ / 3℃,东北风 ≤3级 /东北风 ≤3级,阴,阴,8,3,东北风,≤3级,东北风,≤3级,day
2015-02-07 07:00:00,观山湖,9、不符合前8款规定或者双方同时具有上述情形的,负全部责任,不负责任,1,贵CA2165,银,1,贵A69B85,黑,绥阳县汽车驾驶培训学校,-1,2010/9/3 0:00,-1,桑塔纳牌,夏利牌,366561000000000000 ,364541000000000000 ,197602,197108,7,5,2,工作日,早高峰(7-9点),2015-02-07,2015年2月7日,阴 /阴,8℃ / 3℃,东北风 ≤3级 /东北风 ≤3级,阴,阴,8,3,东北风,≤3级,东北风,≤3级,day
2015-02-07 11:30:00,贵惠大道,1、追尾的,负全部责任,不负责任,1,贵AHH269,白色,1,贵A46P63,白色,-1,520130,-1,2009/1/14 0:00,比亚迪牌,索纳塔,574697000000000000 ,366875000000000000 ,199108,197207,11,5,2,工作日,非高峰,2015-02-07,2015年2月7日,阴 /阴,8℃ / 3℃,东北风 ≤3级 /东北风 ≤3级,阴,阴,8,3,东北风,≤3级,东北风,≤3级,day
2015-02-07 12:00:00,花溪大道,7、未按规定让行的 ,负全部责任,不负责任,1,贵A4RG03,白色,1,贵AB690H,白色,-1,-1,-1,-1,-1,波罗牌,364547000000000 ,36656858824758835X,700911,177603,12,5,2,工作日,非高峰,2015-02-07,2015年2月7日,阴 /阴,8℃ / 3℃,东北风 ≤3级 /东北风 ≤3级,阴,阴,8,3,东北风,≤3级,东北风,≤3级,day
2015-02-07 14:30:00,大营坡,1、追尾的,负全部责任,不负责任,1,贵A90373,银,1,贵A12718,黑,-1,-1,-1,-1,长城,金城牌,3645460000000000 ,354598000000000000 ,620205,196108,14,5,2,工作日,非高峰,2015-02-07,2015年2月7日,阴 /阴,8℃ / 3℃,东北风 ≤3级 /东北风 ≤3级,阴,阴,8,3,东北风,≤3级,东北风,≤3级,day
2015-02-07 13:00:00,白云区,7、未按规定让行的 ,负全部责任,不负责任,1,贵AA878K,白,1,贵A7572A,蓝,市交校,自培,2014/10/13 0:00,2003/12/1 0:00,东风雪铁龙牌,起亚牌,364558000000000000 ,364558000000000000 ,199405,197409,13,5,2,工作日,非高峰,2015-02-07,2015年2月7日,阴 /阴,8℃ / 3℃,东北风 ≤3级 /东北风 ≤3级,阴,阴,8,3,东北风,≤3级,东北风,≤3级,day
2015-02-07 12:40:00,三桥,1、追尾的,负全部责任,不负责任,1,粤X54L21,黑,1,贵FF9975,黑,-1,-1,-1,-1,宝骏牌,奇瑞牌,355764000000000000 ,36606751814949911X,198503,197908,12,5,2,工作日,非高峰,2015-02-07,2015年2月7日,阴 /阴,8℃ / 3℃,东北风 ≤3级 /东北风 ≤3级,阴,阴,8,3,东北风,≤3级,东北风,≤3级,day
2015-02-07 15:00:00,甘荫塘汽配城,1、追尾的,负全部责任,不负责任,1,贵A5831警,黑色,1,贵A22A37,白色,自培,顺一驾驶培训学校,2014/12/22 0:00,2011/8/29 0:00,-1,东风标致牌,344555000000000000 ,366346000000000000 ,198608,197511,15,5,2,工作日,非高峰,2015-02-07,2015年2月7日,阴 /阴,8℃ / 3℃,东北风 ≤3级 /东北风 ≤3级,阴,阴,8,3,东北风,≤3级,东北风,≤3级,day
2015-02-07 11:40:00,解放路,1、追尾的,负全部责任,不负责任,1,贵AM3877,白色,1,贵A2BY77,白色,自培,全林驾校,2004/6/10 0:00,2014/8/5 0:00,鑫源牌,大众牌,36454751884374766X,366275000000000000 ,197705,198207,11,5,2,工作日,非高峰,2015-02-07,2015年2月7日,阴 /阴,8℃ / 3℃,东北风 ≤3级 /东北风 ≤3级,阴,阴,8,3,东北风,≤3级,东北风,≤3级,day
2015-02-07 09:30:00,沙冲路,1、追尾的,负全部责任,不负责任,1,贵AU2901,白色,1,贵FL8171,白色,自培,-1,2003/11/17 0:00,-1,瑞麒牌,长安牌,366368000000000000 ,366068000000000000 ,197603,197903,9,5,2,工作日,早高峰(7-9点),2015-02-07,2015年2月7日,阴 /阴,8℃ / 3℃,东北风 ≤3级 /东北风 ≤3级,阴,阴,8,3,东北风,≤3级,东北风,≤3级,day
2015-02-07 11:00:00,花溪榕筑小区,3、倒车的,负全部责任,不负责任,1,贵A26W46,白色,1,贵AR2144,白色,自培,-1,2012/5/29 0:00,-1,北京现代牌,本田牌,364556000000000000 ,366876000000000000 ,199202,198906,11,5,2,工作日,非高峰,2015-02-07,2015年2月7日,阴 /阴,8℃ / 3℃,东北风 ≤3级 /东北风 ≤3级,阴,阴,8,3,东北风,≤3级,东北风,≤3级,day
2015-02-06 22:00:00,小河区西南环线,2、逆行的,负全部责任,不负责任,1,贵A1720L,黑色,1,贵A3356B,白色,自培,-1,2013/10/17 0:00,-1,丰田牌,福克斯(FOCUS)牌,366067000000000000 ,366067000000000000 ,198710,198806,22,4,2,工作日,非高峰,2015-02-06,2015年2月6日,多云 /小雨,9℃ / 2℃,南风 ≤3级 /南风 ≤3级,多云,小雨,9,2,南风,≤3级,南风,≤3级,night
2015-02-07 15:25:00,观山东路,1、追尾的,负全部责任,不负责任,1,贵A70077,黑,1,贵A77F36,红,-1,十一培,-1,1995/4/3 0:00,浦沅牌,东风雪铁龙牌,4167520000000000 ,364548000000000000 ,198812,196212,15,5,2,工作日,非高峰,2015-02-07,2015年2月7日,阴 /阴,8℃ / 3℃,东北风 ≤3级 /东北风 ≤3级,阴,阴,8,3,东北风,≤3级,东北风,≤3级,day
2015-02-07 16:00:00,四方河,7、未按规定让行的 ,负全部责任,不负责任,1,贵A77P37,白色,1,贵AU8283,白色,-1,十一培,-1,1994/9/5 0:00,别克牌,宝来牌,256746000000000000 ,364548000000000000 ,199304,195605,16,5,2,工作日,非高峰,2015-02-07,2015年2月7日,阴 /阴,8℃ / 3℃,东北风 ≤3级 /东北风 ≤3级,阴,阴,8,3,东北风,≤3级,东北风,≤3级,day
2015-02-07 12:30:00,中山东路,1、追尾的,负全部责任,不负责任,1,粤A3279H,黑,1,贵AAT019,黑,-1,自培,-1,2006/12/15 0:00,五菱牌,福克斯牌,4597510000000000 ,366669000000000000 ,199308,197303,12,5,2,工作日,非高峰,2015-02-07,2015年2月7日,阴 /阴,8℃ / 3℃,东北风 ≤3级 /东北风 ≤3级,阴,阴,8,3,东北风,≤3级,东北风,≤3级,day
2015-02-07 11:33:00,东二环,7、未按规定让行的 ,负全部责任,不负责任,1,贵A312F5,白色,1,贵A17G63,白色,织金县织通驾驶培训学校,自培,2009/12/30 0:00,2006/12/21 0:00,解放牌,广汽菲亚特牌,366064000000000000 ,364558000000000000 ,199002,196506,11,5,2,工作日,非高峰,2015-02-07,2015年2月7日,阴 /阴,8℃ / 3℃,东北风 ≤3级 /东北风 ≤3级,阴,阴,8,3,东北风,≤3级,东北风,≤3级,day
2015-02-07 13:25:00,油榨街,7、未按规定让行的 ,负全部责任,不负责任,1,贵AS2619,白色,1,贵G79569,白色,-1,自培,-1,2004/12/1 0:00,宝雕牌,指南者,364547000000000000 ,366066000000000000 ,175605,196503,13,5,2,工作日,非高峰,2015-02-07,2015年2月7日,阴 /阴,8℃ / 3℃,东北风 ≤3级 /东北风 ≤3级,阴,阴,8,3,东北风,≤3级,东北风,≤3级,day
2015-02-07 14:00:00,中山南路中段,1、追尾的,负全部责任,不负责任,1,川A3R406,黑色,1,苏F696KQ,黑色,-1,自培,-1,2002/9/13 0:00,奇瑞牌,奥迪牌,355561000000000000 ,36666651964562445X,198512,198201,14,5,2,工作日,非高峰,2015-02-07,2015年2月7日,阴 /阴,8℃ / 3℃,东北风 ≤3级 /东北风 ≤3级,阴,阴,8,3,东北风,≤3级,东北风,≤3级,day
2015-02-07 15:30:00,王宽,3、倒车的,负全部责任,不负责任,1,贵AP105X,白色,1,浙CJV666,黑色,-1,（白云区）消防驾驶培训学校,-1,2009/10/19 0:00,-1,途锐牌,366876000000000000 ,366875000000000000 ,198009,198208,15,5,2,工作日,非高峰,2015-02-07,2015年2月7日,阴 /阴,8℃ / 3℃,东北风 ≤3级 /东北风 ≤3级,阴,阴,8,3,东北风,≤3级,东北风,≤3级,day
2015-02-07 14:00:00,花溪大道甘荫塘,1、追尾的,负全部责任,不负责任,1,贵A94014,黄色,1,贵GT3648,白色,-1,鑫鑫驾校,-1,2014/7/19 0:00,国通,宝骏牌,36606800000000 ,366364000000000000 ,198710,196710,14,5,2,工作日,非高峰,2015-02-07,2015年2月7日,阴 /阴,8℃ / 3℃,东北风 ≤3级 /东北风 ≤3级,阴,阴,8,3,东北风,≤3级,东北风,≤3级,day
2015-02-07 18:30:00,北二环,7、未按规定让行的 ,负全部责任,不负责任,1,贵A217C3,黑,1,贵A14753,白,-1,长运驾校,-1,2014/3/21 0:00,江淮牌,嘉陵牌,74367500000000000 ,364596000000000000 ,197809,198612,18,5,2,工作日,晚高峰(17-19点),2015-02-07,2015年2月7日,阴 /阴,8℃ / 3℃,东北风 ≤3级 /东北风 ≤3级,阴,阴,8,3,东北风,≤3级,东北风,≤3级,day
2015-02-07 19:10:00,宝山路中段,7、未按规定让行的 ,负全部责任,不负责任,1,贵ATC576,红色,1,贵AU2133,白色,-1,-1,-1,-1,长安牌,隆鑫牌,364547000000000000 ,364547000000000 ,199612,800525,19,5,2,工作日,晚高峰(17-19点),2015-02-07,2015年2月7日,阴 /阴,8℃ / 3℃,东北风 ≤3级 /东北风 ≤3级,阴,阴,8,3,东北风,≤3级,东北风,≤3级,day
2015-02-07 16:00:00,玉厂路,7、未按规定让行的 ,负全部责任,不负责任,1,贵A38E37,白色,1,贵GM3442,白色,毕节地区宏强汽车(摩托车)驾驶培训学校,铁二局驾校,-1,2014/6/11 0:00,东风日产牌,长安牌,366064000000000000 ,355268000000000000 ,198503,198705,16,5,2,工作日,非高峰,2015-02-07,2015年2月7日,阴 /阴,8℃ / 3℃,东北风 ≤3级 /东北风 ≤3级,阴,阴,8,3,东北风,≤3级,东北风,≤3级,day
2015-02-07 14:35:00,花果园,7、未按规定让行的 ,负全部责任,不负责任,1,贵A82R15,银,1,贵A78L56,蓝,自培,-1,2010/6/22 0:00,-1,东风日产牌,雪佛兰牌,354366000000000000 ,364547000000000000 ,198203,196309,14,5,2,工作日,非高峰,2015-02-07,2015年2月7日,阴 /阴,8℃ / 3℃,东北风 ≤3级 /东北风 ≤3级,阴,阴,8,3,东北风,≤3级,东北风,≤3级,day
2015-02-07 14:00:00,云盘路口,7、未按规定让行的 ,负全部责任,不负责任,1,贵JBR156,黑色,1,贵A7E500,白色,贵阳万里圣驾校,520118,2014/11/17 0:00,2008/9/4 0:00,哈弗牌,长安牌,364548000000000000 ,355266000000000000 ,196501,198803,14,5,2,工作日,非高峰,2015-02-07,2015年2月7日,阴 /阴,8℃ / 3℃,东北风 ≤3级 /东北风 ≤3级,阴,阴,8,3,东北风,≤3级,东北风,≤3级,day
2015-02-07 20:40:00,金阳,1、追尾的,负全部责任,不负责任,1,贵AH8004,黑,1,贵A61536,黄,-1,自培,-1,2002/7/23 0:00,豪情牌,蓝箭,364547000000000000 ,366347000000000000 ,197111,197505,20,5,2,工作日,非高峰,2015-02-07,2015年2月7日,阴 /阴,8℃ / 3℃,东北风 ≤3级 /东北风 ≤3级,阴,阴,8,3,东北风,≤3级,东北风,≤3级,night
2015-02-07 13:30:00,金华镇,7、未按规定让行的 ,负全部责任,不负责任,1,贵A7169P,银,1,贵AET848,黑,自培,贵州省长安驾驶培训学校,2007/7/10 0:00,2010/2/24 0:00,吉利美日牌,丰田牌,364596000000000000 ,366270000000000000 ,198611,198601,13,5,2,工作日,非高峰,2015-02-07,2015年2月7日,阴 /阴,8℃ / 3℃,东北风 ≤3级 /东北风 ≤3级,阴,阴,8,3,东北风,≤3级,东北风,≤3级,day
2015-02-07 12:58:00,金清大道,7、未按规定让行的 ,负全部责任,不负责任,1,贵ASN192,银,1,贵GY4951,黑,自培,贵大佳德驾驶培训学校,2012/12/17 0:00,2014/8/22 0:00,蒙迪欧牌,雪佛兰牌,36455751164969645X,364548000000000000 ,199208,199101,12,5,2,工作日,非高峰,2015-02-07,2015年2月7日,阴 /阴,8℃ / 3℃,东北风 ≤3级 /东北风 ≤3级,阴,阴,8,3,东北风,≤3级,东北风,≤3级,day
2015-02-07 13:50:00,蔡家关,3、倒车的,负全部责任,不负责任,1,贵A2639C,蓝,1,贵A85G62,银,文通驾校,十一培,2010/12/17 0:00,1988/1/26 0:00,锋范牌,雪佛兰牌,354366000000000000 ,364547000000000000 ,196808,195509,13,5,2,工作日,非高峰,2015-02-07,2015年2月7日,阴 /阴,8℃ / 3℃,东北风 ≤3级 /东北风 ≤3级,阴,阴,8,3,东北风,≤3级,东北风,≤3级,day
2015-02-07 14:00:00,新路口,7、未按规定让行的 ,负全部责任,不负责任,1,贵A25J86,白色,1,贵AV7367,黄色,自培,十一培,2012/8/14 0:00,1998/6/29 0:00,福特牌,钱江牌,364547000000000000 ,364547000000000000 ,196204,197209,14,5,2,工作日,非高峰,2015-02-07,2015年2月7日,阴 /阴,8℃ / 3℃,东北风 ≤3级 /东北风 ≤3级,阴,阴,8,3,东北风,≤3级,东北风,≤3级,day
2015-02-07 16:02:00,东新路,8、依法应负全责的其他情形,负全部责任,不负责任,1,贵ADJ653,银,1,贵AU8396,绿,（经开区）十一驾驶培训有限公司,十一培,2005/7/28 0:00,1999/11/3 0:00,别克牌,宝来牌,364548000000000000 ,366567000000000000 ,197410,197312,16,5,2,工作日,非高峰,2015-02-07,2015年2月7日,阴 /阴,8℃ / 3℃,东北风 ≤3级 /东北风 ≤3级,阴,阴,8,3,东北风,≤3级,东北风,≤3级,day
2015-02-07 18:15:00,普陀路,3、倒车的,负全部责任,不负责任,1,贵ALE855,银,1,贵A9A42,蓝,人武驾校,十一培,2014/8/14 0:00,1993/11/23 0:00,骐达牌,-1,364548000000000000 ,364548000000000000 ,199402,196407,18,5,2,工作日,晚高峰(17-19点),2015-02-07,2015年2月7日,阴 /阴,8℃ / 3℃,东北风 ≤3级 /东北风 ≤3级,阴,阴,8,3,东北风,≤3级,东北风,≤3级,day
2015-02-07 15:40:00,海马冲,8、依法应负全责的其他情形,负全部责任,不负责任,1,贵GV9719,银,1,贵A6BY69,黑,新天驾校,十一培,2012/2/17 0:00,1993/7/25 0:00,吉利牌,奥迪牌,366364000000000000 ,364548000000000000 ,197102,197604,15,5,2,工作日,非高峰,2015-02-07,2015年2月7日,阴 /阴,8℃ / 3℃,东北风 ≤3级 /东北风 ≤3级,阴,阴,8,3,东北风,≤3级,东北风,≤3级,day
2015-02-08 03:40:00,花果园八中红绿灯路口,7、未按规定让行的 ,负全部责任,不负责任,1,鄂AHV823,黑色,1,贵A54194,白色,-1,十一培,-1,1998/4/7 0:00,神行者,东风,64166500000000000 ,364551000000000000 ,198403,197903,3,6,2,周末,非高峰,2015-02-08,2015年2月8日,阴 /阴,7℃ / 3℃,东北风 ≤3级 /南风 ≤3级,阴,阴,7,3,东北风,≤3级,南风,≤3级,night
2015-02-07 14:00:00,花香村下拉槽,1、追尾的,负全部责任,不负责任,1,贵AX6074,白色,1,贵ACH777,黑色,十一驾驶培训有限公司,自培,2014/12/16 0:00,2004/9/30 0:00,雪佛兰牌,别克牌,364548000000000000 ,364547000000000000 ,195303,197207,14,5,2,工作日,非高峰,2015-02-07,2015年2月7日,阴 /阴,8℃ / 3℃,东北风 ≤3级 /东北风 ≤3级,阴,阴,8,3,东北风,≤3级,东北风,≤3级,day
2015-02-07 18:00:00,小河,7、未按规定让行的 ,负全部责任,不负责任,1,贵A98F29,白色,1,贵ATA696,黑色,自培,自培,1997/7/24 0:00,2005/7/15 0:00,大众牌,比亚迪牌,364547000000000000 ,366268000000000000 ,196901,198105,18,5,2,工作日,晚高峰(17-19点),2015-02-07,2015年2月7日,阴 /阴,8℃ / 3℃,东北风 ≤3级 /东北风 ≤3级,阴,阴,8,3,东北风,≤3级,东北风,≤3级,day
2015-02-07 18:00:00,南明区桃园路,8、依法应负全责的其他情形,负全部责任,不负责任,1,贵ATB324,白色,1,贵56M51,白色,贵定县阳光汽车驾驶培训学校,自培,2011/8/16 0:00,2002/5/24 0:00,大切诺基,-1,366862000000000000 ,364547000000000000 ,198103,197012,18,5,2,工作日,晚高峰(17-19点),2015-02-07,2015年2月7日,阴 /阴,8℃ / 3℃,东北风 ≤3级 /东北风 ≤3级,阴,阴,8,3,东北风,≤3级,东北风,≤3级,day
2015-02-08 08:10:00,云峰大道,1、追尾的,负全部责任,不负责任,1,贵A95726,绿,1,贵A98R78,银,-1,自培,-1,2000/5/10 0:00,欧曼牌,飞度,366166000000000000 ,364558000000000000 ,199103,196204,8,6,2,周末,早高峰(7-9点),2015-02-08,2015年2月8日,阴 /阴,7℃ / 3℃,东北风 ≤3级 /南风 ≤3级,阴,阴,7,3,东北风,≤3级,南风,≤3级,day
2015-02-08 10:00:00,乌当,1、追尾的,负全部责任,不负责任,1,贵A352D8,蓝,1,贵A7884M,银,-1,蓝天驾校,-1,2013/9/26 0:00,跃进牌,比亚迪牌,366061000000000000 ,364596000000000000 ,197410,198511,10,6,2,周末,非高峰,2015-02-08,2015年2月8日,阴 /阴,7℃ / 3℃,东北风 ≤3级 /南风 ≤3级,阴,阴,7,3,东北风,≤3级,南风,≤3级,day
2015-02-07 16:50:00,27路,7、未按规定让行的 ,负全部责任,不负责任,1,贵A693C6,银,1,贵A95638,银,自培,顺一驾驶培训学校,2000/10/30 0:00,2012/6/27 0:00,解放牌,东风牌,364548000000000000 ,364551000000000000 ,196410,199102,16,5,2,工作日,非高峰,2015-02-07,2015年2月7日,阴 /阴,8℃ / 3℃,东北风 ≤3级 /东北风 ≤3级,阴,阴,8,3,东北风,≤3级,东北风,≤3级,day
2015-02-07 22:00:00,花果园派出所,9、不符合前8款规定或者双方同时具有上述情形的,负全部责任,不负责任,1,川Z79154,黄色,1,贵A81M46,黑色,-1,-1,-1,-1,-1,蒙迪欧牌,354741000000000000 ,366370000000000000 ,192511,198908,22,5,2,工作日,非高峰,2015-02-07,2015年2月7日,阴 /阴,8℃ / 3℃,东北风 ≤3级 /东北风 ≤3级,阴,阴,8,3,东北风,≤3级,东北风,≤3级,night
2015-02-07 17:00:00,三桥,7、未按规定让行的 ,负全部责任,不负责任,1,贵AFH939,红,1,贵A5270R,银,520114,（乌当区）平安驾驶培训有限公司,2004/3/29 0:00,2013/2/2 0:00,夏利牌,夏利,364548000000000000 ,366347000000000000 ,196506,197109,17,5,2,工作日,晚高峰(17-19点),2015-02-07,2015年2月7日,阴 /阴,8℃ / 3℃,东北风 ≤3级 /东北风 ≤3级,阴,阴,8,3,东北风,≤3级,东北风,≤3级,day
2015-02-08 00:00:00,小河黄河路,1、追尾的,负全部责任,不负责任,1,贵AS0454,白色,1,贵AP0438,白色,无,-1,1999/3/4 0:00,-1,大阳牌,长洪牌,366368000000000000 ,75446500000000000 ,198010,196809,0,6,2,周末,非高峰,2015-02-08,2015年2月8日,阴 /阴,7℃ / 3℃,东北风 ≤3级 /南风 ≤3级,阴,阴,7,3,东北风,≤3级,南风,≤3级,night
2015-02-08 11:14:00,油榨街红星美凯龙门口,7、未按规定让行的 ,负全部责任,不负责任,1,贵A93A15,黑色,1,贵AU5124,白色,-1,自培,-1,2013/5/20 0:00,吉利美日牌,豪爵牌,3660605123463693X,366563000000000000 ,196502,198404,11,6,2,周末,非高峰,2015-02-08,2015年2月8日,阴 /阴,7℃ / 3℃,东北风 ≤3级 /南风 ≤3级,阴,阴,7,3,东北风,≤3级,南风,≤3级,day
2015-02-08 11:53:00,枣山路,7、未按规定让行的 ,负全部责任,不负责任,1,贵AD2218,银,1,贵A19M35,黑,-1,贵州省长安驾驶培训学校,-1,2012/7/4 0:00,山城牌,长城牌,366067000000000000 ,366566000000000000 ,197606,198308,11,6,2,周末,非高峰,2015-02-08,2015年2月8日,阴 /阴,7℃ / 3℃,东北风 ≤3级 /南风 ≤3级,阴,阴,7,3,东北风,≤3级,南风,≤3级,day
2015-02-08 12:00:00,花溪区大水沟西站货厂,4、停车时未挂低速档、未拉驻车制动，导致车辆滑行的,负全部责任,不负责任,1,贵A484A5,白色,1,贵A14067,白色,-1,-1,-1,-1,解放牌,嘉冠牌,74066500000000000 ,366347000000000000 ,198605,197909,12,6,2,周末,非高峰,2015-02-08,2015年2月8日,阴 /阴,7℃ / 3℃,东北风 ≤3级 /南风 ≤3级,阴,阴,7,3,东北风,≤3级,南风,≤3级,day
2015-02-08 11:30:00,花果园,7、未按规定让行的 ,负全部责任,不负责任,1,贵AU2842,黄色,1,贵A58G7,白色,（南明区）市交通职业技术驾驶培训学校,-1,2006/2/13 0:00,-1,瑞麒牌,-1,366575000000000000 ,734596000000000000 ,197512,198505,11,6,2,周末,非高峰,2015-02-08,2015年2月8日,阴 /阴,7℃ / 3℃,东北风 ≤3级 /南风 ≤3级,阴,阴,7,3,东北风,≤3级,南风,≤3级,day
2015-02-08 09:00:00,白修路,1、追尾的,负全部责任,不负责任,1,贵ATA703,银,1,贵ADY443,黑,自培,520114,2001/7/31 0:00,2008/10/21 0:00,长安牌,江淮牌,364558000000000000 ,364548000000000000 ,198111,197010,9,6,2,周末,早高峰(7-9点),2015-02-08,2015年2月8日,阴 /阴,7℃ / 3℃,东北风 ≤3级 /南风 ≤3级,阴,阴,7,3,东北风,≤3级,南风,≤3级,day
2015-02-08 09:20:00,西二环,7、未按规定让行的 ,负全部责任,不负责任,0,贵CC678,银,1,贵AGD579,红,自培,520121,2013/8/27 0:00,-1,-1,江铃牌,366569000000000000 ,4396520000000000 ,198301,198603,9,6,2,周末,早高峰(7-9点),2015-02-08,2015年2月8日,阴 /阴,7℃ / 3℃,东北风 ≤3级 /南风 ≤3级,阴,阴,7,3,东北风,≤3级,南风,≤3级,day
2015-02-08 09:40:00,枣山路,9、不符合前8款规定或者双方同时具有上述情形的,负同等责任,负同等责任,1,贵A73B62,黄,0,贵ARP276,银,自培,阳光驾校,2003/6/20 0:00,2014/7/15 0:00,东风日产牌,豪情牌,366067000000000000 ,366367000000000000 ,197405,198006,9,6,2,周末,早高峰(7-9点),2015-02-08,2015年2月8日,阴 /阴,7℃ / 3℃,东北风 ≤3级 /南风 ≤3级,阴,阴,7,3,东北风,≤3级,南风,≤3级,day
2015-02-07 17:00:00,花溪大道升华汽车城,1、追尾的,负全部责任,不负责任,1,贵GT4807,白色,1,贵A1462N,红色,时发驾校,十一培,2012/9/10 0:00,1983/10/16 0:00,福克斯牌,夏利牌,364547000000000000 ,364547000000000000 ,199204,195804,17,5,2,工作日,晚高峰(17-19点),2015-02-07,2015年2月7日,阴 /阴,8℃ / 3℃,东北风 ≤3级 /东北风 ≤3级,阴,阴,8,3,东北风,≤3级,东北风,≤3级,day
2015-02-08 12:40:00,紫林庵,8、依法应负全责的其他情形,负全部责任,不负责任,1,贵A82W46,银,1,贵A20050,蓝,全林驾校,十一培,2014/11/27 0:00,1982/10/2 0:00,起亚牌,五菱,355247000000000000 ,364548000000000000 ,199603,196211,12,6,2,周末,非高峰,2015-02-08,2015年2月8日,阴 /阴,7℃ / 3℃,东北风 ≤3级 /南风 ≤3级,阴,阴,7,3,东北风,≤3级,南风,≤3级,day
2015-02-07 21:00:00,北京路,7、未按规定让行的 ,负全部责任,不负责任,1,贵A55J46,红,1,贵A6AB41,白,-1,自培,1969/7/28 0:00,2004/12/14 0:00,大众牌,大众牌,364548000000000000 ,366367000000000000 ,195407,197311,21,5,2,工作日,非高峰,2015-02-07,2015年2月7日,阴 /阴,8℃ / 3℃,东北风 ≤3级 /东北风 ≤3级,阴,阴,8,3,东北风,≤3级,东北风,≤3级,night
2015-02-07 17:50:00,茶店,9、不符合前8款规定或者双方同时具有上述情形的,负全部责任,不负责任,1,贵ASJ229,银,1,贵JAC871,银,遵义市航天汽车驾驶员培训有限公司,自培,2010/12/29 0:00,2007/7/2 0:00,丰田牌,帕萨特牌,364548000000000000 ,366875000000000000 ,199102,198206,17,5,2,工作日,晚高峰(17-19点),2015-02-07,2015年2月7日,阴 /阴,8℃ / 3℃,东北风 ≤3级 /东北风 ≤3级,阴,阴,8,3,东北风,≤3级,东北风,≤3级,day
2015-02-07 21:00:00,花果园立交桥,7、未按规定让行的 ,负全部责任,不负责任,1,贵A2190A,白色,1,贵A0BX00,黄色,自培,自培,2015/1/16 0:00,2004/10/11 0:00,五菱牌,奇瑞牌,364557000000000000 ,364551000000000000 ,197306,196810,21,5,2,工作日,非高峰,2015-02-07,2015年2月7日,阴 /阴,8℃ / 3℃,东北风 ≤3级 /东北风 ≤3级,阴,阴,8,3,东北风,≤3级,东北风,≤3级,night
2015-02-08 08:30:00,三桥,7、未按规定让行的 ,负全部责任,不负责任,1,云FMQ499,白,1,贵A5084T,银,-1,自培,-1,2007/4/29 0:00,比亚迪牌,长安牌,376570000000000000 ,366347000000000000 ,199310,198312,8,6,2,周末,早高峰(7-9点),2015-02-08,2015年2月8日,阴 /阴,7℃ / 3℃,东北风 ≤3级 /南风 ≤3级,阴,阴,7,3,东北风,≤3级,南风,≤3级,day
2015-02-07 18:30:00,三桥立交,1、追尾的,负全部责任,不负责任,1,贵A29B37,红色,1,贵JK4875,黑色,全林驾校,自培,2011/9/15 0:00,2007/3/13 0:00,长安牌,大阳,364557000000000000 ,364547000000000000 ,198707,198602,18,5,2,工作日,晚高峰(17-19点),2015-02-07,2015年2月7日,阴 /阴,8℃ / 3℃,东北风 ≤3级 /东北风 ≤3级,阴,阴,8,3,东北风,≤3级,东北风,≤3级,day
2015-02-08 12:30:00,北京西路,1、追尾的,负全部责任,不负责任,1,贵A4BE95,银,1,贵A42Y42,黄,新天驾校,自培,2008/9/25 0:00,2003/9/24 0:00,北京现代牌,宝马,36656951864656035X,366367000000000000 ,197202,197012,12,6,2,周末,非高峰,2015-02-08,2015年2月8日,阴 /阴,7℃ / 3℃,东北风 ≤3级 /南风 ≤3级,阴,阴,7,3,东北风,≤3级,南风,≤3级,day