accidenttime,accidentaddr,driver1fault,driver1responsibility,driver2responsibility,sex1,platenumber1,carcolor1,sex2,platenumber2,carcolor2,jxmc1,jxmc2,cclzrq1,cclzrq2,clpp1,clpp2,driver1license,driver2license,brith1,brith2,hour,weekday,month,is_weekday,peak_hour,date,日期,天气状况,气温,风力风向,day_wea,night_wea,day_tep,night_tep,day_wind_direction,day_wind_speed,night_wind_direction,night_wind_speed,segment
2015-02-08 13:00:00,珠江路兴隆珠江湾畔门口,7、未按规定让行的 ,负全部责任,不负责任,1,贵JK895,黑色,1,贵AR8861,白色,（乌当区）新天驾驶培训有限公司,自培,2006/2/8 0:00,2004/4/12 0:00,-1,力帆牌,364547000000000000 ,364547000000000000 ,196802,198205,13,6,2,周末,非高峰,2015-02-08,2015年2月8日,阴 /阴,7℃ / 3℃,东北风 ≤3级 /南风 ≤3级,阴,阴,7,3,东北风,≤3级,南风,≤3级,day
2015-02-08 12:00:00,小河转盘,1、追尾的,负全部责任,不负责任,1,贵A13C15,白色,1,贵AB4109,白色,520106,-1,2002/1/9 0:00,-1,大众汽车牌,银钢牌,364547000000000000 ,364645000000 ,195809,811828,12,6,2,周末,非高峰,2015-02-08,2015年2月8日,阴 /阴,7℃ / 3℃,东北风 ≤3级 /南风 ≤3级,阴,阴,7,3,东北风,≤3级,南风,≤3级,day
2015-02-08 12:00:00,金阳客车站,7、未按规定让行的 ,负全部责任,不负责任,1,贵AKG671,银,1,渝A53M53,黑,金大驾校,-1,2014/11/10 0:00,-1,五菱牌,大众牌,364566000000000000 ,35467451965666445X,199604,198212,12,6,2,周末,非高峰,2015-02-08,2015年2月8日,阴 /阴,7℃ / 3℃,东北风 ≤3级 /南风 ≤3级,阴,阴,7,3,东北风,≤3级,南风,≤3级,day
2015-02-08 11:06:00,沙冲路,7、未按规定让行的 ,负全部责任,不负责任,1,贵FZ3014,黑,1,贵AB396H,银,-1,自培,-1,2006/2/24 0:00,哈弗牌,美日,366067000000000000 ,364557000000000000 ,198102,198710,11,6,2,周末,非高峰,2015-02-08,2015年2月8日,阴 /阴,7℃ / 3℃,东北风 ≤3级 /南风 ≤3级,阴,阴,7,3,东北风,≤3级,南风,≤3级,day
2015-02-08 14:20:00,四方河,7、未按规定让行的 ,负全部责任,不负责任,1,贵AU6336,绿,1,贵A0D243,黑,-1,贵州平安驾驶培训学校,-1,2013/7/4 0:00,捷达牌,-1,364546000000000 ,354654000000000000 ,571028,197004,14,6,2,周末,非高峰,2015-02-08,2015年2月8日,阴 /阴,7℃ / 3℃,东北风 ≤3级 /南风 ≤3级,阴,阴,7,3,东北风,≤3级,南风,≤3级,day
2015-02-08 15:30:00,杨家山隧道,1、追尾的,负全部责任,不负责任,1,贵A9478Z,黑色,1,贵A28R43,黑色,鑫鑫驾校,贵州现代驾驶培训责任有限公司,2013/11/15 0:00,2013/10/28 0:00,比亚迪牌,蒙迪欧牌,36454651294945225X,366567000000000000 ,196808,198601,15,6,2,周末,非高峰,2015-02-08,2015年2月8日,阴 /阴,7℃ / 3℃,东北风 ≤3级 /南风 ≤3级,阴,阴,7,3,东北风,≤3级,南风,≤3级,day
2015-02-08 15:20:00,白云区铝兴路,1、追尾的,负全部责任,不负责任,1,贵A0353H,黑色,1,贵AJW637,银色,贵州省仁怀市酒都汽车驾驶培训有限公司,-1,2011/5/27 0:00,-1,吉利牌,东风雪铁龙,366068000000000000 ,366061000000000000 ,198605,192412,15,6,2,周末,非高峰,2015-02-08,2015年2月8日,阴 /阴,7℃ / 3℃,东北风 ≤3级 /南风 ≤3级,阴,阴,7,3,东北风,≤3级,南风,≤3级,day
2015-02-08 15:20:00,铝兴路,1、追尾的,负全部责任,不负责任,1,贵A0353H,银,1,贵AJW638,黑,贵州省仁怀市酒都汽车驾驶培训有限公司,-1,2011/5/27 0:00,-1,吉利牌,解放,366068000000000000 ,366061000000000000 ,198605,197412,15,6,2,周末,非高峰,2015-02-08,2015年2月8日,阴 /阴,7℃ / 3℃,东北风 ≤3级 /南风 ≤3级,阴,阴,7,3,东北风,≤3级,南风,≤3级,day
2015-02-08 15:00:00,石林路,7、未按规定让行的 ,负全部责任,不负责任,1,贵AVM492,灰,1,贵AU8039,绿,-1,六盘水市键麟驾驶培训学校,-1,2005/8/28 0:00,东风日产牌,力之星牌,36676651355669448X,364647000000000000 ,195112,197111,15,6,2,周末,非高峰,2015-02-08,2015年2月8日,阴 /阴,7℃ / 3℃,东北风 ≤3级 /南风 ≤3级,阴,阴,7,3,东北风,≤3级,南风,≤3级,day
2015-02-08 00:00:00,南明区汤粑关,7、未按规定让行的 ,负全部责任,不负责任,1,贵A1338W,黑色,1,贵AES772,黑色,自培,铁二局驾校（南明区）,2006/12/28 0:00,2008/10/24 0:00,东风标致牌,奥迪牌,366361000000000000 ,364567000000000000 ,198309,198706,0,6,2,周末,非高峰,2015-02-08,2015年2月8日,阴 /阴,7℃ / 3℃,东北风 ≤3级 /南风 ≤3级,阴,阴,7,3,东北风,≤3级,南风,≤3级,night
2015-02-08 12:00:00,金阳车站,9、不符合前8款规定或者双方同时具有上述情形的,负全部责任,不负责任,1,贵A82720,黑,1,贵AM723,银,自培,-1,2000/4/24 0:00,-1,东风牌,-1,355468000000000000 ,366067000000000000 ,196901,198403,12,6,2,周末,非高峰,2015-02-08,2015年2月8日,阴 /阴,7℃ / 3℃,东北风 ≤3级 /南风 ≤3级,阴,阴,7,3,东北风,≤3级,南风,≤3级,day
2015-02-07 21:00:00,太慈桥,6、违反交通信号的,负全部责任,不负责任,1,贵A29269,黑色,1,贵FJ2936,白色,自培,-1,2006/6/27 0:00,-1,福田牌,吉利牌,366570000000000000 ,366068000000000000 ,198709,198612,21,5,2,工作日,非高峰,2015-02-07,2015年2月7日,阴 /阴,8℃ / 3℃,东北风 ≤3级 /东北风 ≤3级,阴,阴,8,3,东北风,≤3级,东北风,≤3级,night
2015-02-08 12:00:00,贵阳市南路口,9、不符合前8款规定或者双方同时具有上述情形的,负同等责任,负同等责任,1,贵A46R99,白色,1,贵AU6965,白色,自培,十一培,1989/4/20 0:00,1994/12/8 0:00,东风标致牌,宗申牌,364547000000000000 ,364547000000000000 ,196311,196505,12,6,2,周末,非高峰,2015-02-08,2015年2月8日,阴 /阴,7℃ / 3℃,东北风 ≤3级 /南风 ≤3级,阴,阴,7,3,东北风,≤3级,南风,≤3级,day
2015-02-08 14:00:00,小河锦江路,1、追尾的,负全部责任,不负责任,1,贵A5BY55,白色,1,贵AW1152,白色,-1,十一培,-1,1995/12/30 0:00,长城牌,飞肯牌,36455600000000000 ,36454751214856695X,175053,196907,14,6,2,周末,非高峰,2015-02-08,2015年2月8日,阴 /阴,7℃ / 3℃,东北风 ≤3级 /南风 ≤3级,阴,阴,7,3,东北风,≤3级,南风,≤3级,day
2015-02-08 10:00:00,中曹司,1、追尾的,负全部责任,不负责任,1,贵A88V47,白色,1,贵JDN312,黑色,自培,十一培,2007/6/26 0:00,1995/11/21 0:00,夏利牌,东风日产牌,366063000000000000 ,36454651395675345X,198011,195812,10,6,2,周末,非高峰,2015-02-08,2015年2月8日,阴 /阴,7℃ / 3℃,东北风 ≤3级 /南风 ≤3级,阴,阴,7,3,东北风,≤3级,南风,≤3级,day
2015-02-08 03:00:00,花溪公园,7、未按规定让行的 ,负全部责任,不负责任,1,贵JAV428,白色,1,贵A4Z805,白色,凯信驾校,自培,2014/10/30 0:00,2002/4/11 0:00,豪爵牌,别克牌,364556000000000000 ,366875000000000000 ,199408,197304,3,6,2,周末,非高峰,2015-02-08,2015年2月8日,阴 /阴,7℃ / 3℃,东北风 ≤3级 /南风 ≤3级,阴,阴,7,3,东北风,≤3级,南风,≤3级,night
2015-02-08 14:00:00,花香村,7、未按规定让行的 ,负全部责任,不负责任,1,贵A88N44,黑,1,贵ADE638,黑,-1,自培,-1,2000/11/20 0:00,夏利牌,海马牌,376570000000000000 ,366361000000000000 ,198905,197012,14,6,2,周末,非高峰,2015-02-08,2015年2月8日,阴 /阴,7℃ / 3℃,东北风 ≤3级 /南风 ≤3级,阴,阴,7,3,东北风,≤3级,南风,≤3级,day
2015-02-08 14:30:00,金关,7、未按规定让行的 ,负全部责任,不负责任,1,贵FJ7876,银,1,贵AV2356,蓝,毕节地区新毕汽车驾驶培训学校,自培,2010/5/4 0:00,2000/7/12 0:00,蒙迪欧牌,金城牌,366064000000000000 ,366664000000000000 ,197110,196909,14,6,2,周末,非高峰,2015-02-08,2015年2月8日,阴 /阴,7℃ / 3℃,东北风 ≤3级 /南风 ≤3级,阴,阴,7,3,东北风,≤3级,南风,≤3级,day
2015-02-08 14:48:00,八匹马,7、未按规定让行的 ,负全部责任,不负责任,1,贵A051C9,黑,1,贵AKJ544,银,铜仁通达汽车驾驶员培训有限公司,自培,2009/12/17 0:00,2011/6/27 0:00,东风牌,东风雪铁龙牌,366666000000000000 ,364557000000000000 ,199105,196612,14,6,2,周末,非高峰,2015-02-08,2015年2月8日,阴 /阴,7℃ / 3℃,东北风 ≤3级 /南风 ≤3级,阴,阴,7,3,东北风,≤3级,南风,≤3级,day
2015-02-08 14:20:00,小河平桥,7、未按规定让行的 ,负全部责任,不负责任,1,贵AS5692,白色,1,平安,白色,-1,自培,-1,2005/1/11 0:00,海马牌,\N,362527000000000000 ,366068000000000000 ,195406,197708,14,6,2,周末,非高峰,2015-02-08,2015年2月8日,阴 /阴,7℃ / 3℃,东北风 ≤3级 /南风 ≤3级,阴,阴,7,3,东北风,≤3级,南风,≤3级,day
2015-02-08 15:00:00,乌当,1、追尾的,负全部责任,不负责任,1,贵A99B58,黑,1,贵ATM679,黑,自培,自培,2002/8/1 0:00,2006/1/5 0:00,雅阁牌,桑塔纳,366570000000000000 ,364548000000000000 ,198204,197611,15,6,2,周末,非高峰,2015-02-08,2015年2月8日,阴 /阴,7℃ / 3℃,东北风 ≤3级 /南风 ≤3级,阴,阴,7,3,东北风,≤3级,南风,≤3级,day
2015-02-08 10:30:00,金朱东路,1、追尾的,负全部责任,不负责任,1,贵AEW973,银,1,贵AZB857,银,自培,自培,2007/4/3 0:00,2005/4/15 0:00,奥迪,三菱牌,364557000000000000 ,364557000000000000 ,197609,197301,10,6,2,周末,非高峰,2015-02-08,2015年2月8日,阴 /阴,7℃ / 3℃,东北风 ≤3级 /南风 ≤3级,阴,阴,7,3,东北风,≤3级,南风,≤3级,day
2015-02-08 12:40:00,广播电视大楼门口,4、停车时未挂低速档、未拉驻车制动，导致车辆滑行的,负全部责任,不负责任,1,贵FA7008,银,1,贵F94899,黑,（乌当区）全林驾驶培训有限公司,-1,2008/9/26 0:00,-1,沃尔沃,日产,364557000000000000 ,36606551204365445X,197702,196405,12,6,2,周末,非高峰,2015-02-08,2015年2月8日,阴 /阴,7℃ / 3℃,东北风 ≤3级 /南风 ≤3级,阴,阴,7,3,东北风,≤3级,南风,≤3级,day
2015-02-08 18:00:00,中华中路,1、追尾的,负全部责任,不负责任,1,贵AV7267,白色,1,贵AU7P79,蓝色,-1,-1,-1,-1,欧豹牌,-1,364558000000000000 ,366067000000000000 ,197908,198102,18,6,2,周末,晚高峰(17-19点),2015-02-08,2015年2月8日,阴 /阴,7℃ / 3℃,东北风 ≤3级 /南风 ≤3级,阴,阴,7,3,东北风,≤3级,南风,≤3级,day
2015-02-08 16:48:00,高坡,7、未按规定让行的 ,负全部责任,不负责任,1,人寿,白色,1,贵A744F6,白色,高新驾校,（南明区）阳光驾驶培训有限公司,2011/8/5 0:00,-1,\N,福田牌,364556000000000000 ,74863500000000000 ,196910,198209,16,6,2,周末,非高峰,2015-02-08,2015年2月8日,阴 /阴,7℃ / 3℃,东北风 ≤3级 /南风 ≤3级,阴,阴,7,3,东北风,≤3级,南风,≤3级,day
2015-02-08 17:00:00,花溪区102国道,8、依法应负全责的其他情形,负全部责任,不负责任,1,贵A2AN24,黑色,1,贵AA945U,白色,-1,鑫鑫驾校,-1,2014/3/5 0:00,东风标致牌,东风标致牌,64946500000000000 ,36687451994665485X,198304,198802,17,6,2,周末,晚高峰(17-19点),2015-02-08,2015年2月8日,阴 /阴,7℃ / 3℃,东北风 ≤3级 /南风 ≤3级,阴,阴,7,3,东北风,≤3级,南风,≤3级,day
2015-02-08 23:00:00,扶风路,9、不符合前8款规定或者双方同时具有上述情形的,负全部责任,不负责任,1,贵A5AE62,银,1,贵AFN657,黑,-1,-1,-1,-1,谛艾仕牌,比亚迪牌,364548000000000000 ,364545000000 ,197511,365678,23,6,2,周末,非高峰,2015-02-08,2015年2月8日,阴 /阴,7℃ / 3℃,东北风 ≤3级 /南风 ≤3级,阴,阴,7,3,东北风,≤3级,南风,≤3级,night
2015-02-09 00:00:00,花果园天豪酒店停车场,3、倒车的,负全部责任,不负责任,1,贵A92H63,白色,1,云AC6W24,白色,-1,财院驾校,-1,2006/3/17 0:00,翼搏牌,大众汽车牌,654541000000000000 ,664547000000000000 ,197902,197506,0,0,2,工作日,非高峰,2015-02-09,2015年2月9日,阴 /小雨,6℃ / 4℃,东北风 ≤3级 /东北风 ≤3级,阴,小雨,6,4,东北风,≤3级,东北风,≤3级,night
2015-02-08 19:30:00,嘉润路,7、未按规定让行的 ,负全部责任,不负责任,1,贵CF6325,白色,1,川XBK897,白色,-1,-1,-1,-1,嘉陵牌,金旅牌 ,734596000000000000 ,356168000000000000 ,198109,196107,19,6,2,周末,晚高峰(17-19点),2015-02-08,2015年2月8日,阴 /阴,7℃ / 3℃,东北风 ≤3级 /南风 ≤3级,阴,阴,7,3,东北风,≤3级,南风,≤3级,day
2015-02-08 21:45:00,白云区,3、倒车的,负全部责任,不负责任,1,贵AGS629,银,1,贵A0865A,银,自培,全林驾校,2003/8/7 0:00,2010/3/11 0:00,东风牌,长安牌,356166000000000000 ,366846000000000000 ,197102,198003,21,6,2,周末,非高峰,2015-02-08,2015年2月8日,阴 /阴,7℃ / 3℃,东北风 ≤3级 /南风 ≤3级,阴,阴,7,3,东北风,≤3级,南风,≤3级,night
2015-02-08 17:20:00,沙冲南路,7、未按规定让行的 ,负全部责任,不负责任,1,贵A1D529,黑色,1,贵ABF636,白色,吉源驾校,-1,2014/11/7 0:00,-1,雪佛兰牌,五菱牌,364547000000000000 ,36657551694667395X,198303,192802,17,6,2,周末,晚高峰(17-19点),2015-02-08,2015年2月8日,阴 /阴,7℃ / 3℃,东北风 ≤3级 /南风 ≤3级,阴,阴,7,3,东北风,≤3级,南风,≤3级,day
2015-02-08 15:23:00,西二环,7、未按规定让行的 ,负全部责任,不负责任,1,贵A1655C,黑色,1,贵A0251G,白色,自培,-1,2003/11/21 0:00,-1,福田牌,比亚迪牌,366061000000000000 ,36606351154046967X,196902,199104,15,6,2,周末,非高峰,2015-02-08,2015年2月8日,阴 /阴,7℃ / 3℃,东北风 ≤3级 /南风 ≤3级,阴,阴,7,3,东北风,≤3级,南风,≤3级,day
2015-02-08 14:00:00,公园路,3、倒车的,负全部责任,不负责任,1,贵AU0065,白色,1,贵A9C472,白色,自培,预约考试窗口,2006/11/8 0:00,2007/8/20 0:00,宝来牌,宝马,366347000000000000 ,364547000000000000 ,198403,198809,14,6,2,周末,非高峰,2015-02-08,2015年2月8日,阴 /阴,7℃ / 3℃,东北风 ≤3级 /南风 ≤3级,阴,阴,7,3,东北风,≤3级,南风,≤3级,day
2015-02-09 00:00:00,南明区,1、追尾的,负全部责任,不负责任,1,贵A6937J,白色,1,贵ANV118,黑色,-1,十一培,-1,1989/3/28 0:00,福克斯牌,雅阁牌,366067000000000000 ,74365500000000000 ,198001,197007,0,0,2,工作日,非高峰,2015-02-09,2015年2月9日,阴 /小雨,6℃ / 4℃,东北风 ≤3级 /东北风 ≤3级,阴,小雨,6,4,东北风,≤3级,东北风,≤3级,night
2015-02-08 15:00:00,西南环线,1、追尾的,负全部责任,不负责任,1,贵A2D066,白色,1,贵GP9599,白色,-1,自培,-1,2004/5/10 0:00,五菱牌,梅赛德斯-奔驰牌,36606700000000000 ,354658000000000000 ,197401,195210,15,6,2,周末,非高峰,2015-02-08,2015年2月8日,阴 /阴,7℃ / 3℃,东北风 ≤3级 /南风 ≤3级,阴,阴,7,3,东北风,≤3级,南风,≤3级,day
2015-02-08 17:10:00,保利,1、追尾的,负全部责任,不负责任,1,鄂APG243,黑,1,贵A44N95,黑,-1,自培,-1,2005/12/1 0:00,吉利牌,宝马,64546500000000000 ,364548000000000000 ,196812,197403,17,6,2,周末,晚高峰(17-19点),2015-02-08,2015年2月8日,阴 /阴,7℃ / 3℃,东北风 ≤3级 /南风 ≤3级,阴,阴,7,3,东北风,≤3级,南风,≤3级,day
2015-02-08 18:05:00,金桥饭店,3、倒车的,负全部责任,不负责任,1,贵A73169,黑,1,贵ATF816,红,自培,自培,2003/7/7 0:00,2002/5/30 0:00,金旅牌,雪佛兰牌,364547000000000000 ,364547000000000000 ,198401,196010,18,6,2,周末,晚高峰(17-19点),2015-02-08,2015年2月8日,阴 /阴,7℃ / 3℃,东北风 ≤3级 /南风 ≤3级,阴,阴,7,3,东北风,≤3级,南风,≤3级,day
2015-02-09 07:50:00,山水黔城8组团,7、未按规定让行的 ,负全部责任,不负责任,1,贵AJ1999,黑色,1,贵A55H88,白色,新天驾校,自培,2014/7/11 0:00,2002/5/27 0:00,丰田(TOYOTA)牌,长安牌,366666000000000000 ,36454651294141265X,198511,196809,7,0,2,工作日,早高峰(7-9点),2015-02-09,2015年2月9日,阴 /小雨,6℃ / 4℃,东北风 ≤3级 /东北风 ≤3级,阴,小雨,6,4,东北风,≤3级,东北风,≤3级,day
2015-02-08 18:20:00,北站,7、未按规定让行的 ,负全部责任,不负责任,1,贵AU3563,绿,1,贵A99939,黑,自培,自培,2007/3/23 0:00,2002/5/31 0:00,瑞麒牌,五星牌,366066000000000000 ,366061000000000000 ,197503,197805,18,6,2,周末,晚高峰(17-19点),2015-02-08,2015年2月8日,阴 /阴,7℃ / 3℃,东北风 ≤3级 /南风 ≤3级,阴,阴,7,3,东北风,≤3级,南风,≤3级,day
2015-02-08 15:00:00,轮胎厂,7、未按规定让行的 ,负全部责任,不负责任,1,贵A7C026,黑色,1,贵ADE845,白色,自培,自培,2011/11/11 0:00,2000/12/25 0:00,五菱牌,夏利牌,366063000000000000 ,364556000000000000 ,197208,197901,15,6,2,周末,非高峰,2015-02-08,2015年2月8日,阴 /阴,7℃ / 3℃,东北风 ≤3级 /南风 ≤3级,阴,阴,7,3,东北风,≤3级,南风,≤3级,day
2015-02-08 18:20:00,火车北站,7、未按规定让行的 ,负全部责任,不负责任,1,贵AU3563,银色,1,贵A99939,黑色,自培,自培,2007/3/23 0:00,2002/5/31 0:00,瑞麒牌,星马牌,366066000000000000 ,366061000000000000 ,197503,197805,18,6,2,周末,晚高峰(17-19点),2015-02-08,2015年2月8日,阴 /阴,7℃ / 3℃,东北风 ≤3级 /南风 ≤3级,阴,阴,7,3,东北风,≤3级,南风,≤3级,day
2015-02-09 08:00:00,大昌隆对面,9、不符合前8款规定或者双方同时具有上述情形的,负同等责任,负同等责任,1,贵A27F16,银,1,贵AU0788,绿,-1,预约考试窗口,-1,2007/8/17 0:00,福克斯牌,宝来牌,366670000000000000 ,366569000000000000 ,199107,198009,8,0,2,工作日,早高峰(7-9点),2015-02-09,2015年2月9日,阴 /小雨,6℃ / 4℃,东北风 ≤3级 /东北风 ≤3级,阴,小雨,6,4,东北风,≤3级,东北风,≤3级,day
2015-02-08 21:20:00,黄河路,7、未按规定让行的 ,负同等责任,负同等责任,1,贵A4161P,白色,1,贵DBV921,白色,-1,鑫鑫驾校,-1,2013/11/5 0:00,五菱牌,马自达牌,366067000000000000 ,366664000000000000 ,198209,199011,21,6,2,周末,非高峰,2015-02-08,2015年2月8日,阴 /阴,7℃ / 3℃,东北风 ≤3级 /南风 ≤3级,阴,阴,7,3,东北风,≤3级,南风,≤3级,night
2015-02-09 10:50:00,观山东路,1、追尾的,负全部责任,不负责任,1,贵A3111X,红,1,贵AMA447,白,-1,520131,-1,2010/11/25 0:00,东风牌,凌派牌,366061000000000000 ,364596000000000000 ,199011,199011,10,0,2,工作日,非高峰,2015-02-09,2015年2月9日,阴 /小雨,6℃ / 4℃,东北风 ≤3级 /东北风 ≤3级,阴,小雨,6,4,东北风,≤3级,东北风,≤3级,day
2015-02-09 11:00:00,小河区黄河南路,3、倒车的,负全部责任,不负责任,1,贵A86H19,黄色,1,贵A0BF94,白色,-1,全林驾校,-1,2013/5/27 0:00,东风雪铁龙牌,东风标致牌,74062500000000000 ,364547000000000000 ,199006,196801,11,0,2,工作日,非高峰,2015-02-09,2015年2月9日,阴 /小雨,6℃ / 4℃,东北风 ≤3级 /东北风 ≤3级,阴,小雨,6,4,东北风,≤3级,东北风,≤3级,day
2015-02-09 10:42:00,八匹马,1、追尾的,负全部责任,不负责任,1,贵AA134C,黑,1,贵A7977Z,银,未定义,吉源驾校,2013/11/29 0:00,2013/4/18 0:00,东风雪铁龙牌,长安牌,364557000000000000 ,364557000000000000 ,199207,198510,10,0,2,工作日,非高峰,2015-02-09,2015年2月9日,阴 /小雨,6℃ / 4℃,东北风 ≤3级 /东北风 ≤3级,阴,小雨,6,4,东北风,≤3级,东北风,≤3级,day
2015-02-09 09:40:00,枣山路,9、不符合前8款规定或者双方同时具有上述情形的,负同等责任,负同等责任,0,贵ARP276,黄,1,贵A73B62,黑,阳光驾校,阳光驾校,2014/7/15 0:00,2003/6/20 0:00,豪情牌,东风日产牌,366367000000000000 ,366067000000000000 ,198006,197405,9,0,2,工作日,早高峰(7-9点),2015-02-09,2015年2月9日,阴 /小雨,6℃ / 4℃,东北风 ≤3级 /东北风 ≤3级,阴,小雨,6,4,东北风,≤3级,东北风,≤3级,day
2015-02-09 09:50:00,八匹马,8、依法应负全责的其他情形,负全部责任,不负责任,0,贵AF7186,黄,0,贵A35Y25,红,凯信驾校,-1,2014/7/31 0:00,-1,山城牌,吉利牌,364557000000000000 ,366061000000000000 ,197411,198101,9,0,2,工作日,早高峰(7-9点),2015-02-09,2015年2月9日,阴 /小雨,6℃ / 4℃,东北风 ≤3级 /东北风 ≤3级,阴,小雨,6,4,东北风,≤3级,东北风,≤3级,day
2015-02-09 11:00:00,邮电大楼,7、未按规定让行的 ,负全部责任,不负责任,1,贵A23P67,黑色,1,贵AAE333,白色,青正驾校,-1,2012/1/10 0:00,-1,比亚迪牌,铃木牌,366064000000000000 ,364848000000000000 ,197907,197212,11,0,2,工作日,非高峰,2015-02-09,2015年2月9日,阴 /小雨,6℃ / 4℃,东北风 ≤3级 /东北风 ≤3级,阴,小雨,6,4,东北风,≤3级,东北风,≤3级,day
2015-02-09 10:00:00,解放路,7、未按规定让行的 ,负全部责任,不负责任,1,贵AM5544,黑色,1,贵AU9259,白色,自培,520108,2000/5/9 0:00,2009/5/18 0:00,豪鹰牌,瑞麒牌,364547000000000000 ,364566000000000000 ,198202,198703,10,0,2,工作日,非高峰,2015-02-09,2015年2月9日,阴 /小雨,6℃ / 4℃,东北风 ≤3级 /东北风 ≤3级,阴,小雨,6,4,东北风,≤3级,东北风,≤3级,day
2015-02-09 08:15:00,朝阳路,3、倒车的,负全部责任,不负责任,1,贵AU4236,绿,1,川A0BD19,黑,铁二局驾校,-1,2007/9/25 0:00,-1,嘉陵牌,丰田牌 ,366876000000000000 ,74846500000000000 ,197903,196810,8,0,2,工作日,早高峰(7-9点),2015-02-09,2015年2月9日,阴 /小雨,6℃ / 4℃,东北风 ≤3级 /东北风 ≤3级,阴,小雨,6,4,东北风,≤3级,东北风,≤3级,day
2015-02-08 21:00:00,五里冲匝道,7、未按规定让行的 ,负全部责任,不负责任,1,贵A32770,红色,1,贵AV4886,白色,自培,-1,2002/8/20 0:00,-1,国通牌,嘉陵牌,366061000000000000 ,36454800000000000 ,196902,197007,21,6,2,周末,非高峰,2015-02-08,2015年2月8日,阴 /阴,7℃ / 3℃,东北风 ≤3级 /南风 ≤3级,阴,阴,7,3,东北风,≤3级,南风,≤3级,night
2015-02-08 20:20:00,太慈桥青山小区路口,7、未按规定让行的 ,负全部责任,不负责任,1,贵A64Y84,白色,1,贵A27G83,白色,自培,-1,2005/1/4 0:00,-1,北京现代牌,广汽菲亚特牌,364547000000000000 ,36455551814043655X,196402,197904,20,6,2,周末,非高峰,2015-02-08,2015年2月8日,阴 /阴,7℃ / 3℃,东北风 ≤3级 /南风 ≤3级,阴,阴,7,3,东北风,≤3级,南风,≤3级,night
2015-02-09 10:03:00,锦江路,1、追尾的,负全部责任,不负责任,1,贵AEW712,白色,1,贵AD5356,白色,自培,自培,2006/6/8 0:00,-1,科雷傲,豪爵牌,366666000000000000 ,664647000000000000 ,197701,198705,10,0,2,工作日,非高峰,2015-02-09,2015年2月9日,阴 /小雨,6℃ / 4℃,东北风 ≤3级 /东北风 ≤3级,阴,小雨,6,4,东北风,≤3级,东北风,≤3级,day
2015-02-09 10:15:00,世纪城,7、未按规定让行的 ,负全部责任,不负责任,1,贵AK3656,黑,1,贵AKZ641,蓝,-1,十一培,-1,1997/7/25 0:00,富路牌,奥迪,36667500000000000 ,366346000000000000 ,196712,197901,10,0,2,工作日,非高峰,2015-02-09,2015年2月9日,阴 /小雨,6℃ / 4℃,东北风 ≤3级 /东北风 ≤3级,阴,小雨,6,4,东北风,≤3级,东北风,≤3级,day
2015-02-08 21:40:00,花溪贵筑路与将军路交叉口,7、未按规定让行的 ,负全部责任,不负责任,1,贵AU0694,黑色,1,贵GJ3755,黑色,自培,十一培,2002/9/12 0:00,1996/11/5 0:00,宗申牌,嘉陵牌,364556000000000000 ,36454651834269565X,197301,197506,21,6,2,周末,非高峰,2015-02-08,2015年2月8日,阴 /阴,7℃ / 3℃,东北风 ≤3级 /南风 ≤3级,阴,阴,7,3,东北风,≤3级,南风,≤3级,night
2015-02-09 02:00:00,花香村,7、未按规定让行的 ,负全部责任,不负责任,1,贵FR5563,白色,1,贵AV5106,白色,毕节地区新毕汽车驾驶培训学校,十一培,2013/11/14 0:00,1990/2/27 0:00,北京现代牌,华泰吉田牌,366046000000000000 ,364547000000000000 ,197701,196805,2,0,2,工作日,非高峰,2015-02-09,2015年2月9日,阴 /小雨,6℃ / 4℃,东北风 ≤3级 /东北风 ≤3级,阴,小雨,6,4,东北风,≤3级,东北风,≤3级,night
2015-02-08 16:49:00,头桥,8、依法应负全责的其他情形,负全部责任,不负责任,1,贵GE8978,黑,1,贵A81002,蓝,自培,自培,2010/5/24 0:00,2011/10/17 0:00,金典牌,银钢牌,364566000000000000 ,366064000000000000 ,198905,199103,16,6,2,周末,非高峰,2015-02-08,2015年2月8日,阴 /阴,7℃ / 3℃,东北风 ≤3级 /南风 ≤3级,阴,阴,7,3,东北风,≤3级,南风,≤3级,day
2015-02-09 08:10:00,清水江路,3、倒车的,负全部责任,不负责任,1,贵A35M54,白色,0,贵AJ3856,白色,自培,自培,2005/1/24 0:00,2005/1/25 0:00,奇瑞牌,朗逸牌,366046000000000000 ,366663000000000000 ,198112,197401,8,0,2,工作日,早高峰(7-9点),2015-02-09,2015年2月9日,阴 /小雨,6℃ / 4℃,东北风 ≤3级 /东北风 ≤3级,阴,小雨,6,4,东北风,≤3级,东北风,≤3级,day
2015-02-08 20:40:00,北京路,9、不符合前8款规定或者双方同时具有上述情形的,负全部责任,不负责任,1,贵A76G18,红,1,贵AS7599,红,诚信驾驶培训学校,自培,2014/12/23 0:00,2002/7/9 0:00,长安牌,宗申牌,366061000000000000 ,704967000000000000 ,198702,196610,20,6,2,周末,非高峰,2015-02-08,2015年2月8日,阴 /阴,7℃ / 3℃,东北风 ≤3级 /南风 ≤3级,阴,阴,7,3,东北风,≤3级,南风,≤3级,night
2015-02-09 08:50:00,观山湖,7、未按规定让行的 ,负全部责任,不负责任,1,贵A68K93,黑,1,贵A54B52,黄,消防驾校,自培,2014/12/3 0:00,2007/9/29 0:00,大众牌,长城牌,366863000000000000 ,364548000000000000 ,198702,198712,8,0,2,工作日,早高峰(7-9点),2015-02-09,2015年2月9日,阴 /小雨,6℃ / 4℃,东北风 ≤3级 /东北风 ≤3级,阴,小雨,6,4,东北风,≤3级,东北风,≤3级,day