accidenttime,accidentaddr,driver1fault,driver1responsibility,driver2responsibility,sex1,platenumber1,carcolor1,sex2,platenumber2,carcolor2,jxmc1,jxmc2,cclzrq1,cclzrq2,clpp1,clpp2,driver1license,driver2license,brith1,brith2,hour,weekday,month,is_weekday,peak_hour,date,日期,天气状况,气温,风力风向,day_wea,night_wea,day_tep,night_tep,day_wind_direction,day_wind_speed,night_wind_direction,night_wind_speed,segment
2015-02-09 08:30:00,军区,7、未按规定让行的 ,负全部责任,不负责任,1,贵AL6996,黄,1,贵A68P53,黑,（乌当区）新天驾驶培训有限公司,自培,2008/5/6 0:00,2006/7/26 0:00,喜力牌,Q5 2.0T 混合动力,364547000000000000 ,366664000000000000 ,197806,197601,8,0,2,工作日,早高峰(7-9点),2015-02-09,2015年2月9日,阴 /小雨,6℃ / 4℃,东北风 ≤3级 /东北风 ≤3级,阴,小雨,6,4,东北风,≤3级,东北风,≤3级,day
2015-02-09 13:42:00,乌当,7、未按规定让行的 ,负全部责任,不负责任,1,贵A3561Y,红,1,贵A4268A,黑,-1,-1,-1,-1,比亚迪牌,长城牌,3554655128754367X,36636651834960245X,196731,197508,13,0,2,工作日,非高峰,2015-02-09,2015年2月9日,阴 /小雨,6℃ / 4℃,东北风 ≤3级 /东北风 ≤3级,阴,小雨,6,4,东北风,≤3级,东北风,≤3级,day
2015-02-09 11:00:00,开发大道三江派出所,1、追尾的,负全部责任,不负责任,1,贵A47472,白色,1,贵GGB137,白色,（云岩区）时发驾驶培训有限公司,凯信驾校,2007/8/7 0:00,2014/8/26 0:00,望江,三菱牌,364566000000000000 ,364556000000000000 ,198809,196703,11,0,2,工作日,非高峰,2015-02-09,2015年2月9日,阴 /小雨,6℃ / 4℃,东北风 ≤3级 /东北风 ≤3级,阴,小雨,6,4,东北风,≤3级,东北风,≤3级,day
2015-02-09 09:30:00,小河麦乃村,1、追尾的,负全部责任,不负责任,1,贵A0984T,白色,1,贵GM0832,黑色,鑫鑫驾校,黔丰驾校,2013/11/15 0:00,2013/11/13 0:00,五菱牌,丰田牌,364556000000000000 ,357267000000000000 ,198609,198109,9,0,2,工作日,早高峰(7-9点),2015-02-09,2015年2月9日,阴 /小雨,6℃ / 4℃,东北风 ≤3级 /东北风 ≤3级,阴,小雨,6,4,东北风,≤3级,东北风,≤3级,day
2015-02-09 14:00:00,富源南路,3、倒车的,负全部责任,不负责任,1,贵A05319,黑色,1,贵A63M79,白色,消防驾校,-1,1991/12/4 0:00,-1,长安,东风雪铁龙牌,364547000000000000 ,346547000000000000 ,196807,198308,14,0,2,工作日,非高峰,2015-02-09,2015年2月9日,阴 /小雨,6℃ / 4℃,东北风 ≤3级 /东北风 ≤3级,阴,小雨,6,4,东北风,≤3级,东北风,≤3级,day
2015-02-09 14:30:00,遵义路,7、未按规定让行的 ,负全部责任,不负责任,1,贵A96N76,黑,0,贵A8BE11,蓝,520127,省交校,2012/3/26 0:00,2014/8/5 0:00,起亚牌,长安牌,364548000000000000 ,364548000000000000 ,198707,199306,14,0,2,工作日,非高峰,2015-02-09,2015年2月9日,阴 /小雨,6℃ / 4℃,东北风 ≤3级 /东北风 ≤3级,阴,小雨,6,4,东北风,≤3级,东北风,≤3级,day
2015-02-09 13:50:00,西南环线,1、追尾的,负全部责任,不负责任,1,贵A537F9,黄色,1,贵ARC282,白色,-1,顺一驾驶培训学校,-1,2013/8/19 0:00,东风牌,长安牌,55366500000000000 ,366875000000000000 ,198411,198812,13,0,2,工作日,非高峰,2015-02-09,2015年2月9日,阴 /小雨,6℃ / 4℃,东北风 ≤3级 /东北风 ≤3级,阴,小雨,6,4,东北风,≤3级,东北风,≤3级,day
2015-02-09 11:00:00,黄河路,3、倒车的,负全部责任,不负责任,1,贵CHM957,黑色,1,贵AER486,黑色,-1,自培,-1,2005/2/6 0:00,马自达牌,红旗牌,36656551905449447X,366564000000000000 ,198410,197112,11,0,2,工作日,非高峰,2015-02-09,2015年2月9日,阴 /小雨,6℃ / 4℃,东北风 ≤3级 /东北风 ≤3级,阴,小雨,6,4,东北风,≤3级,东北风,≤3级,day
2015-02-09 14:00:00,富源北路,7、未按规定让行的 ,负全部责任,不负责任,1,贵JP5324,白色,1,贵AB4980,白色,-1,新华驾校,-1,2011/10/8 0:00,长安牌,金城牌,786067000000000000 ,366046000000000000 ,197204,198206,14,0,2,工作日,非高峰,2015-02-09,2015年2月9日,阴 /小雨,6℃ / 4℃,东北风 ≤3级 /东北风 ≤3级,阴,小雨,6,4,东北风,≤3级,东北风,≤3级,day
2015-02-09 12:45:00,北京路,7、未按规定让行的 ,负全部责任,不负责任,1,贵A93B84,黄,1,贵GR6396,黑,-1,贵州省长安驾驶培训学校,-1,2011/4/8 0:00,华泰圣达菲牌,大众牌,364558000000000000 ,364556000000000000 ,197112,198904,12,0,2,工作日,非高峰,2015-02-09,2015年2月9日,阴 /小雨,6℃ / 4℃,东北风 ≤3级 /东北风 ≤3级,阴,小雨,6,4,东北风,≤3级,东北风,≤3级,day
2015-02-09 11:30:00,花果园,8、依法应负全责的其他情形,负全部责任,不负责任,1,贵AAY756,兰,0,贵GV4361,黄,-1,贵州现代驾驶培训责任有限公司,-1,2014/7/24 0:00,北京牌,豪爵牌,364557000000000000 ,364548000000000000 ,197703,196601,11,0,2,工作日,非高峰,2015-02-09,2015年2月9日,阴 /小雨,6℃ / 4℃,东北风 ≤3级 /东北风 ≤3级,阴,小雨,6,4,东北风,≤3级,东北风,≤3级,day
2015-02-09 12:00:00,金麦花园,3、倒车的,负全部责任,不负责任,1,贵J8687J,黑,1,贵G45522,银,520127,-1,2006/12/29 0:00,-1,-1,宝马牌,364557000000000000 ,726669000000000000 ,198607,199210,12,0,2,工作日,非高峰,2015-02-09,2015年2月9日,阴 /小雨,6℃ / 4℃,东北风 ≤3级 /东北风 ≤3级,阴,小雨,6,4,东北风,≤3级,东北风,≤3级,day
2015-02-09 13:20:00,大理石路口,1、追尾的,负全部责任,不负责任,1,贵GF0621,白色,1,贵AEE556,白色,（观山湖区）蓝天驾驶培训有限公司,凯信驾校,2006/7/20 0:00,2015/1/28 0:00,夏利牌,思威牌,364547000000000000 ,366064000000000000 ,196011,197310,13,0,2,工作日,非高峰,2015-02-09,2015年2月9日,阴 /小雨,6℃ / 4℃,东北风 ≤3级 /东北风 ≤3级,阴,小雨,6,4,东北风,≤3级,东北风,≤3级,day
2015-02-09 12:00:00,中华中路,7、未按规定让行的 ,负全部责任,不负责任,1,贵AU0197,绿,1,贵A43Y49,黑,自培,贵阳金马驾驶培训有限公司,2006/4/21 0:00,1999/12/3 0:00,宗申牌,东风标致牌,366876000000000000 ,364548000000000000 ,197308,195811,12,0,2,工作日,非高峰,2015-02-09,2015年2月9日,阴 /小雨,6℃ / 4℃,东北风 ≤3级 /东北风 ≤3级,阴,小雨,6,4,东北风,≤3级,东北风,≤3级,day
2015-02-09 12:06:00,黄家湾,3、倒车的,负全部责任,不负责任,1,贵ARY488,黑,1,贵AA6192,黑,-1,十一培,-1,1992/12/9 0:00,江淮牌,奥迪牌,354268000000000000 ,364547000000000000 ,196712,196801,12,0,2,工作日,非高峰,2015-02-09,2015年2月9日,阴 /小雨,6℃ / 4℃,东北风 ≤3级 /东北风 ≤3级,阴,小雨,6,4,东北风,≤3级,东北风,≤3级,day
2015-02-09 13:36:00,蛮破,8、依法应负全责的其他情形,负全部责任,不负责任,0,贵APW394,黄,1,贵A36S84,黑,文通驾校,十一培,2012/8/25 0:00,1997/12/9 0:00,宝来牌,东风日产牌,355464000000000000 ,364557000000000000 ,198512,197605,13,0,2,工作日,非高峰,2015-02-09,2015年2月9日,阴 /小雨,6℃ / 4℃,东北风 ≤3级 /东北风 ≤3级,阴,小雨,6,4,东北风,≤3级,东北风,≤3级,day
2015-02-09 12:00:00,金筑镇,3、倒车的,负全部责任,不负责任,1,贵A1998G,黄色,1,贵A2442L,黑色,-1,自培,-1,2000/7/3 0:00,东风牌,奇瑞,35524651935542821X,366364000000000000 ,198511,196502,12,0,2,工作日,非高峰,2015-02-09,2015年2月9日,阴 /小雨,6℃ / 4℃,东北风 ≤3级 /东北风 ≤3级,阴,小雨,6,4,东北风,≤3级,东北风,≤3级,day
2015-02-09 14:46:00,云潭南路,9、不符合前8款规定或者双方同时具有上述情形的,负同等责任,负同等责任,1,贵AA773E,蓝,1,贵AA9734,蓝,-1,自培,-1,2004/4/9 0:00,比亚迪牌,大迪,364557000000000000 ,64542500000000000 ,199306,197810,14,0,2,工作日,非高峰,2015-02-09,2015年2月9日,阴 /小雨,6℃ / 4℃,东北风 ≤3级 /东北风 ≤3级,阴,小雨,6,4,东北风,≤3级,东北风,≤3级,day
2015-02-09 14:40:00,八匹马,7、未按规定让行的 ,负全部责任,不负责任,1,贵A89F99,白,1,贵AB733V,红,（南明区）铁二局驾驶培训有限公司,自培,2007/4/19 0:00,2002/4/16 0:00,大众牌,北京现代牌,366846000000000000 ,36455751294651407X,197708,196802,14,0,2,工作日,非高峰,2015-02-09,2015年2月9日,阴 /小雨,6℃ / 4℃,东北风 ≤3级 /东北风 ≤3级,阴,小雨,6,4,东北风,≤3级,东北风,≤3级,day
2015-02-09 12:50:00,会展城,8、依法应负全责的其他情形,负全部责任,不负责任,1,贵AKX019,黑,1,贵ARM404,黄,-1,自培,-1,2007/4/29 0:00,长城,五十铃牌,366361000000000000 ,364547000000000000 ,198308,198801,12,0,2,工作日,非高峰,2015-02-09,2015年2月9日,阴 /小雨,6℃ / 4℃,东北风 ≤3级 /东北风 ≤3级,阴,小雨,6,4,东北风,≤3级,东北风,≤3级,day
2015-02-09 17:20:00,潘桥路,8、依法应负全责的其他情形,负全部责任,不负责任,1,贵AMV335,黑,1,贵AFE133,黄,-1,自培,-1,2001/7/10 0:00,长安牌,东风雪铁龙,366547000000000000 ,356668000000000000 ,199505,196906,17,0,2,工作日,晚高峰(17-19点),2015-02-09,2015年2月9日,阴 /小雨,6℃ / 4℃,东北风 ≤3级 /东北风 ≤3级,阴,小雨,6,4,东北风,≤3级,东北风,≤3级,day
2015-02-09 14:00:00,杨家山隧道,1、追尾的,负全部责任,不负责任,0,贵A3107M,白,1,贵A3072U,银,自培,自培,2006/4/27 0:00,2001/8/21 0:00,夏利牌,长安牌,364547000000000000 ,364548000000000000 ,195307,197801,14,0,2,工作日,非高峰,2015-02-09,2015年2月9日,阴 /小雨,6℃ / 4℃,东北风 ≤3级 /东北风 ≤3级,阴,小雨,6,4,东北风,≤3级,东北风,≤3级,day
2015-02-09 13:00:00,金阳高院大门,7、未按规定让行的 ,负全部责任,不负责任,1,贵ATK985,红,0,贵AB204M,红,自培,自培,2003/4/1 0:00,2006/7/26 0:00,马自达牌,众泰牌,366577000000000000 ,366566000000000000 ,196902,197709,13,0,2,工作日,非高峰,2015-02-09,2015年2月9日,阴 /小雨,6℃ / 4℃,东北风 ≤3级 /东北风 ≤3级,阴,小雨,6,4,东北风,≤3级,东北风,≤3级,day
2015-02-09 17:00:00,遵义路,7、未按规定让行的 ,负全部责任,不负责任,1,贵AU0868,绿,1,贵AU6411,绿,（白云区）景宏驾驶培训有限公司,520127,2007/1/17 0:00,2001/11/1 0:00,雷克牌,捷达牌,366067000000000000 ,364557000000000000 ,198708,198212,17,0,2,工作日,晚高峰(17-19点),2015-02-09,2015年2月9日,阴 /小雨,6℃ / 4℃,东北风 ≤3级 /东北风 ≤3级,阴,小雨,6,4,东北风,≤3级,东北风,≤3级,day
2015-02-09 17:55:00,瑞金北路,7、未按规定让行的 ,负全部责任,不负责任,1,贵A62V28,黑,1,贵AG8818,黄,（观山湖区）蓝天驾驶培训有限公司,-1,2008/3/27 0:00,-1,北京现代牌,大众汽车牌,74540500000000000 ,366362000000000000 ,197001,499308,17,0,2,工作日,晚高峰(17-19点),2015-02-09,2015年2月9日,阴 /小雨,6℃ / 4℃,东北风 ≤3级 /东北风 ≤3级,阴,小雨,6,4,东北风,≤3级,东北风,≤3级,day
2015-02-09 18:30:00,观山湖区合肥路,7、未按规定让行的 ,负全部责任,不负责任,1,贵A55Y29,白色,1,贵A73N54,黑色,吉源驾校,鑫鑫驾校,2014/7/20 0:00,2014/8/6 0:00,长安牌,别克牌,36686151154742475X,75646500000000000 ,199103,199208,18,0,2,工作日,晚高峰(17-19点),2015-02-09,2015年2月9日,阴 /小雨,6℃ / 4℃,东北风 ≤3级 /东北风 ≤3级,阴,小雨,6,4,东北风,≤3级,东北风,≤3级,day
2015-02-09 15:30:00,白云区,1、追尾的,负全部责任,不负责任,0,贵AU0156,绿,1,桂BZY162,白,消防驾校,-1,2004/3/19 0:00,-1,万达牌,颐达牌,364558000000000000 ,645448000000000000 ,197501,196905,15,0,2,工作日,非高峰,2015-02-09,2015年2月9日,阴 /小雨,6℃ / 4℃,东北风 ≤3级 /东北风 ≤3级,阴,小雨,6,4,东北风,≤3级,东北风,≤3级,day
2015-02-09 18:10:00,北京西路,8、依法应负全责的其他情形,负全部责任,不负责任,1,贵J12335,银,0,贵A59K82,黑,-1,诚信驾驶培训学校,-1,2013/8/15 0:00,东风雪铁龙牌,比亚迪牌,4295520000000000 ,364548000000000000 ,197804,198704,18,0,2,工作日,晚高峰(17-19点),2015-02-09,2015年2月9日,阴 /小雨,6℃ / 4℃,东北风 ≤3级 /东北风 ≤3级,阴,小雨,6,4,东北风,≤3级,东北风,≤3级,day
2015-02-10 07:10:00,83,9、不符合前8款规定或者双方同时具有上述情形的,负全部责任,不负责任,1,贵A87401,白,1,贵A3045Y,蓝,-1,全林驾校,-1,2013/9/22 0:00,嘉陵牌,五菱牌,364554000000000000 ,364557000000000000 ,198411,197705,7,1,2,工作日,早高峰(7-9点),2015-02-10,2015年2月10日,小雨 /小雨,6℃ / 3℃,东北风 ≤3级 /东风 ≤3级,小雨,小雨,6,3,东北风,≤3级,东风,≤3级,day
2015-02-10 08:00:00,云潭南路,7、未按规定让行的 ,负全部责任,不负责任,1,黑A21389,蓝,1,贵A94N84,黑,-1,蓝天驾校,-1,2014/12/1 0:00,江淮牌,揽胜极光,674564000000000000 ,366566000000000000 ,198208,198106,8,1,2,工作日,早高峰(7-9点),2015-02-10,2015年2月10日,小雨 /小雨,6℃ / 3℃,东北风 ≤3级 /东风 ≤3级,小雨,小雨,6,3,东北风,≤3级,东风,≤3级,day
2015-02-09 17:00:00,会展城,3、倒车的,负全部责任,不负责任,0,贵HQ7655,黑,1,贵GT1830,兰,黔东南民族职业技术学院驾驶学校,天行健驾校,-1,2013/1/22 0:00,五菱牌,别克,366271000000000000 ,366568000000000000 ,198204,199008,17,0,2,工作日,晚高峰(17-19点),2015-02-09,2015年2月9日,阴 /小雨,6℃ / 4℃,东北风 ≤3级 /东北风 ≤3级,阴,小雨,6,4,东北风,≤3级,东北风,≤3级,day
2015-02-09 22:00:00,解放路空招,1、追尾的,负全部责任,不负责任,1,贵ADX074,黑色,1,贵AU687,白色,520135,贵工驾校,2009/2/27 0:00,2006/10/19 0:00,起亚,-1,364547000000000000 ,364557000000000000 ,198909,196811,22,0,2,工作日,非高峰,2015-02-09,2015年2月9日,阴 /小雨,6℃ / 4℃,东北风 ≤3级 /东北风 ≤3级,阴,小雨,6,4,东北风,≤3级,东北风,≤3级,night
2015-02-09 18:10:00,长江路到贵惠大道下坡路段,1、追尾的,负全部责任,不负责任,1,贵A5381X,黑色,1,贵AA462F,红色,鑫鑫驾校,-1,2013/12/4 0:00,-1,东风标致牌,上海波罗,366368000000000000 ,53969500000000000 ,197211,198808,18,0,2,工作日,晚高峰(17-19点),2015-02-09,2015年2月9日,阴 /小雨,6℃ / 4℃,东北风 ≤3级 /东北风 ≤3级,阴,小雨,6,4,东北风,≤3级,东北风,≤3级,day
2015-02-09 18:00:00,淮河路,1、追尾的,负全部责任,不负责任,1,贵AJ4828,白色,1,贵AU8187,白色,自培,自培,2005/5/23 0:00,2009/1/20 0:00,力帆牌,捷达牌,364547000000000000 ,366566000000000000 ,197603,198207,18,0,2,工作日,晚高峰(17-19点),2015-02-09,2015年2月9日,阴 /小雨,6℃ / 4℃,东北风 ≤3级 /东北风 ≤3级,阴,小雨,6,4,东北风,≤3级,东北风,≤3级,day
2015-02-09 16:20:00,南明区红岩桥,8、依法应负全责的其他情形,负全部责任,不负责任,1,贵A45H29,白色,1,湘KDD495,白色,自培,-1,2008/5/13 0:00,-1,别克牌,东风牌,366067000000000000 ,07636651814251387X,198309,197906,16,0,2,工作日,非高峰,2015-02-09,2015年2月9日,阴 /小雨,6℃ / 4℃,东北风 ≤3级 /东北风 ≤3级,阴,小雨,6,4,东北风,≤3级,东北风,≤3级,day
2015-02-09 15:30:00,白云区,8、依法应负全责的其他情形,负全部责任,不负责任,1,贵AG7409,黑,1,贵AS2738,银,自培,-1,2001/11/21 0:00,-1,江铃牌,锦宏牌,364558000000000000 ,56146500000000000 ,196503,199005,15,0,2,工作日,非高峰,2015-02-09,2015年2月9日,阴 /小雨,6℃ / 4℃,东北风 ≤3级 /东北风 ≤3级,阴,小雨,6,4,东北风,≤3级,东北风,≤3级,day
2015-02-09 17:06:00,太慈桥,9、不符合前8款规定或者双方同时具有上述情形的,负全部责任,不负责任,1,贵A34M79,黑,1,贵AA5296,黑,自培,-1,2006/6/13 0:00,-1,大众汽车牌,华通牌,366367000000000000 ,366868000000000000 ,197510,199101,17,0,2,工作日,晚高峰(17-19点),2015-02-09,2015年2月9日,阴 /小雨,6℃ / 4℃,东北风 ≤3级 /东北风 ≤3级,阴,小雨,6,4,东北风,≤3级,东北风,≤3级,day
2015-02-09 13:16:00,航天大道,1、追尾的,负全部责任,不负责任,1,贵GM1663,银,1,贵A42W32,白,自培,-1,2003/11/4 0:00,-1,海马牌,东风日产牌,366367000000000000 ,364558000000000000 ,197612,197402,13,0,2,工作日,非高峰,2015-02-09,2015年2月9日,阴 /小雨,6℃ / 4℃,东北风 ≤3级 /东北风 ≤3级,阴,小雨,6,4,东北风,≤3级,东北风,≤3级,day
2015-02-09 20:10:00,普陀路,1、追尾的,负全部责任,不负责任,1,贵AV5366,黑,1,贵AN9697,蓝,-1,十一培,-1,1995/2/27 0:00,丰田牌,劲扬牌,36686400000000000 ,364548000000000000 ,198101,195104,20,0,2,工作日,非高峰,2015-02-09,2015年2月9日,阴 /小雨,6℃ / 4℃,东北风 ≤3级 /东北风 ≤3级,阴,小雨,6,4,东北风,≤3级,东北风,≤3级,night
2015-02-09 18:20:00,碧海花园,1、追尾的,负全部责任,不负责任,1,贵A36L37,红,0,贵AS3941,黑,（南明区）吉源驾驶培训有限公司,自培,2008/9/23 0:00,2007/10/30 0:00,雪佛兰牌,大阳牌,706664000000000000 ,554550000000000000 ,198404,195505,18,0,2,工作日,晚高峰(17-19点),2015-02-09,2015年2月9日,阴 /小雨,6℃ / 4℃,东北风 ≤3级 /东北风 ≤3级,阴,小雨,6,4,东北风,≤3级,东北风,≤3级,day
2015-02-09 19:00:00,武警中队,8、依法应负全责的其他情形,负全部责任,不负责任,1,贵A99430,白色,1,贵AMB756,白色,-1,自培,-1,2005/8/24 0:00,豪泺牌,夏利牌,356168000000000000 ,366046000000000000 ,197309,197602,19,0,2,工作日,晚高峰(17-19点),2015-02-09,2015年2月9日,阴 /小雨,6℃ / 4℃,东北风 ≤3级 /东北风 ≤3级,阴,小雨,6,4,东北风,≤3级,东北风,≤3级,day
2015-02-09 15:35:00,白云区,7、未按规定让行的 ,负全部责任,不负责任,1,贵FX6810,红,1,贵JK7533,黑,贵州省长安驾驶培训学校,自培,2013/3/21 0:00,2005/7/4 0:00,吉利牌,大阳,366064000000000000 ,366267000000000000 ,198307,198604,15,0,2,工作日,非高峰,2015-02-09,2015年2月9日,阴 /小雨,6℃ / 4℃,东北风 ≤3级 /东北风 ≤3级,阴,小雨,6,4,东北风,≤3级,东北风,≤3级,day
2015-02-09 15:10:00,火车站,3、倒车的,负全部责任,不负责任,1,贵ACM331,红色,1,贵AU6929,白色,自培,自培,2000/6/29 0:00,2006/6/28 0:00,福特探险者,豪爵牌,36454751274362525X,364547000000000000 ,196305,198408,15,0,2,工作日,非高峰,2015-02-09,2015年2月9日,阴 /小雨,6℃ / 4℃,东北风 ≤3级 /东北风 ≤3级,阴,小雨,6,4,东北风,≤3级,东北风,≤3级,day
2015-02-10 08:50:00,白云区,1、追尾的,负全部责任,不负责任,1,川EQ0199,银,1,贵A59186,黑,-1,时发驾校,-1,2013/6/6 0:00,丰田牌,长安,354366000000000000 ,366064000000000000 ,197005,198111,8,1,2,工作日,早高峰(7-9点),2015-02-10,2015年2月10日,小雨 /小雨,6℃ / 3℃,东北风 ≤3级 /东风 ≤3级,小雨,小雨,6,3,东北风,≤3级,东风,≤3级,day
2015-02-10 09:15:00,金阳,7、未按规定让行的 ,负同等责任,负同等责任,0,贵A5907B,红,0,贵A35P24,黄,-1,省交校,-1,2011/11/9 0:00,哈弗牌,大众牌,354366000000000000 ,376146000000000000 ,198706,199001,9,1,2,工作日,早高峰(7-9点),2015-02-10,2015年2月10日,小雨 /小雨,6℃ / 3℃,东北风 ≤3级 /东风 ≤3级,小雨,小雨,6,3,东北风,≤3级,东风,≤3级,day
2015-02-10 10:15:00,长岭北路,7、未按规定让行的 ,负全部责任,不负责任,1,贵AVK126,黑,0,贵A52R82,白,-1,520106,-1,2008/4/3 0:00,昊锐牌,宝马,356168000000000000 ,364547000000000000 ,196304,198711,10,1,2,工作日,非高峰,2015-02-10,2015年2月10日,小雨 /小雨,6℃ / 3℃,东北风 ≤3级 /东风 ≤3级,小雨,小雨,6,3,东北风,≤3级,东风,≤3级,day
2015-02-10 00:00:00,鑫云家电城,3、倒车的,负全部责任,不负责任,1,贵FG5978,银,0,贵A85R63,蓝,（南明区）市交通职业技术驾驶培训学校,路路达驾校,2007/5/31 0:00,2012/7/25 0:00,北京牌,福克斯牌,366068000000000000 ,366063000000000000 ,197310,199310,0,1,2,工作日,非高峰,2015-02-10,2015年2月10日,小雨 /小雨,6℃ / 3℃,东北风 ≤3级 /东风 ≤3级,小雨,小雨,6,3,东北风,≤3级,东风,≤3级,night
2015-02-10 11:30:00,三桥,7、未按规定让行的 ,负全部责任,不负责任,1,贵AF1665,红,1,给A6706A,黑,贵州现代驾驶培训责任有限公司,520109,2010/11/4 0:00,2008/11/26 0:00,东本牌,北京现代牌,36604551904958127X,355468000000000000 ,198408,198902,11,1,2,工作日,非高峰,2015-02-10,2015年2月10日,小雨 /小雨,6℃ / 3℃,东北风 ≤3级 /东风 ≤3级,小雨,小雨,6,3,东北风,≤3级,东风,≤3级,day
2015-02-09 21:00:00,嘉润路,7、未按规定让行的 ,负全部责任,不负责任,1,贵FZ0325,黑色,1,贵ALW475,白色,（白云区）消防驾驶培训学校,铁二局驾校,2007/3/22 0:00,2011/4/18 0:00,雪佛兰牌,威志牌,366068000000000000 ,364547000000000000 ,196707,197101,21,0,2,工作日,非高峰,2015-02-09,2015年2月9日,阴 /小雨,6℃ / 4℃,东北风 ≤3级 /东北风 ≤3级,阴,小雨,6,4,东北风,≤3级,东北风,≤3级,night
2015-02-10 09:00:00,大兴星城,7、未按规定让行的 ,负全部责任,不负责任,1,贵JAL931,白色,1,贵AKA339,黑色,长运驾校,铁二局驾校,2014/2/19 0:00,2010/4/20 0:00,东风标致牌,雅阁牌,366568000000000000 ,55467500000000000 ,198604,196805,9,1,2,工作日,早高峰(7-9点),2015-02-10,2015年2月10日,小雨 /小雨,6℃ / 3℃,东北风 ≤3级 /东风 ≤3级,小雨,小雨,6,3,东北风,≤3级,东风,≤3级,day
2015-02-10 10:00:00,贵阳中新市场,8、依法应负全责的其他情形,负全部责任,不负责任,1,贵A67L31,白色,1,贵AU7607,白色,人武驾校,消防驾校,2013/5/27 0:00,1998/4/10 0:00,雪佛兰牌,捷达牌,364547000000000000 ,366368000000000000 ,199002,198002,10,1,2,工作日,非高峰,2015-02-10,2015年2月10日,小雨 /小雨,6℃ / 3℃,东北风 ≤3级 /东风 ≤3级,小雨,小雨,6,3,东北风,≤3级,东风,≤3级,day
2015-02-10 11:15:00,83,1、追尾的,负全部责任,不负责任,1,贵A7CB14,蓝,1,贵AB658G,白,自培,520116,2008/10/22 0:00,2008/6/30 0:00,起亚牌,大众牌,364566000000000000 ,36455651914164668X,198803,198909,11,1,2,工作日,非高峰,2015-02-10,2015年2月10日,小雨 /小雨,6℃ / 3℃,东北风 ≤3级 /东风 ≤3级,小雨,小雨,6,3,东北风,≤3级,东风,≤3级,day
2015-02-10 11:20:00,友谊路,1、追尾的,负全部责任,不负责任,1,贵ARM985,黑,1,渝ACE920,黑,自培,-1,2007/4/12 0:00,-1,英伦牌,-1,356164000000000000 ,364548000000000000 ,196304,198207,11,1,2,工作日,非高峰,2015-02-10,2015年2月10日,小雨 /小雨,6℃ / 3℃,东北风 ≤3级 /东风 ≤3级,小雨,小雨,6,3,东北风,≤3级,东风,≤3级,day
2015-02-09 20:00:00,西二环,1、追尾的,负全部责任,不负责任,1,贵JS8545,黑,1,贵A93G44,红,自培,自培,2007/7/30 0:00,2011/7/5 0:00,大众汽车牌,宝来牌,366361000000000000 ,364066000000000000 ,198112,199101,20,0,2,工作日,非高峰,2015-02-09,2015年2月9日,阴 /小雨,6℃ / 4℃,东北风 ≤3级 /东北风 ≤3级,阴,小雨,6,4,东北风,≤3级,东北风,≤3级,night
2015-02-10 11:20:00,云岩区,3、倒车的,负全部责任,不负责任,1,贵AAB639,银,1,浙HS5377,黑,-1,-1,-1,-1,本田牌,北京现代牌,364557000000000 ,774961000000000000 ,630903,198208,11,1,2,工作日,非高峰,2015-02-10,2015年2月10日,小雨 /小雨,6℃ / 3℃,东北风 ≤3级 /东风 ≤3级,小雨,小雨,6,3,东北风,≤3级,东风,≤3级,day
2015-02-10 00:00:00,贵乌南路,7、未按规定让行的 ,负全部责任,不负责任,1,贵A49Z35,白色,1,贵A11K27,白色,自培,新天驾校,2004/5/24 0:00,2014/8/19 0:00,宝马,朗逸牌,364548000000000000 ,364551000000000000 ,197005,198111,0,1,2,工作日,非高峰,2015-02-10,2015年2月10日,小雨 /小雨,6℃ / 3℃,东北风 ≤3级 /东风 ≤3级,小雨,小雨,6,3,东北风,≤3级,东风,≤3级,night
2015-02-10 11:20:00,枣山路,7、未按规定让行的 ,负全部责任,不负责任,0,贵AAR577,灰,1,贵AU7812,蓝,自培,-1,2004/10/21 0:00,-1,明锐牌,金龙牌,366246000000000000 ,364547000000000000 ,198009,196707,11,1,2,工作日,非高峰,2015-02-10,2015年2月10日,小雨 /小雨,6℃ / 3℃,东北风 ≤3级 /东风 ≤3级,小雨,小雨,6,3,东北风,≤3级,东风,≤3级,day
2015-02-09 22:40:00,花果园,8、依法应负全责的其他情形,负全部责任,不负责任,1,贵GX5587,银,1,贵AM7406,黄,黔南州华晟驾驶培训学校,自培,2010/11/25 0:00,2004/10/10 0:00,大众汽车牌,东本牌,354366000000000000 ,364648000000000000 ,199104,197506,22,0,2,工作日,非高峰,2015-02-09,2015年2月9日,阴 /小雨,6℃ / 4℃,东北风 ≤3级 /东北风 ≤3级,阴,小雨,6,4,东北风,≤3级,东北风,≤3级,night
2015-02-10 11:58:00,体育馆大昌隆门口,7、未按规定让行的 ,负全部责任,不负责任,1,贵AV2637,白色,1,贵A2BG27,白色,自培,预约考试窗口,2000/1/28 0:00,2007/5/30 0:00,大众汽车牌,斯柯达牌,76766500000000000 ,366268000000000000 ,196802,198206,11,1,2,工作日,非高峰,2015-02-10,2015年2月10日,小雨 /小雨,6℃ / 3℃,东北风 ≤3级 /东风 ≤3级,小雨,小雨,6,3,东北风,≤3级,东风,≤3级,day