accidenttime,accidentaddr,driver1fault,driver1responsibility,driver2responsibility,sex1,platenumber1,carcolor1,sex2,platenumber2,carcolor2,jxmc1,jxmc2,cclzrq1,cclzrq2,clpp1,clpp2,driver1license,driver2license,brith1,brith2,hour,weekday,month,is_weekday,peak_hour,date,日期,天气状况,气温,风力风向,day_wea,night_wea,day_tep,night_tep,day_wind_direction,day_wind_speed,night_wind_direction,night_wind_speed,segment
2015-02-10 03:00:00,董家堰孔学堂大门,1、追尾的,负全部责任,不负责任,1,贵GQ5727,白色,1,贵AEZ675,白色,自培,顺一驾驶培训学校,2006/7/6 0:00,2006/8/10 0:00,北京现代牌,长城牌,364556000000000000 ,366362000000000000 ,197904,197909,3,1,2,工作日,非高峰,2015-02-10,2015年2月10日,小雨 /小雨,6℃ / 3℃,东北风 ≤3级 /东风 ≤3级,小雨,小雨,6,3,东北风,≤3级,东风,≤3级,night
2015-02-09 19:00:00,新华路,7、未按规定让行的 ,负全部责任,不负责任,1,贵A75S66,白色,1,贵A21K67,黑色,自培,十一培,2002/6/21 0:00,1997/4/18 0:00,福特牌,马自达牌,364547000000000000 ,364547000000000000 ,194603,197203,19,0,2,工作日,晚高峰(17-19点),2015-02-09,2015年2月9日,阴 /小雨,6℃ / 4℃,东北风 ≤3级 /东北风 ≤3级,阴,小雨,6,4,东北风,≤3级,东北风,≤3级,day
2015-02-09 21:40:00,石标路,7、未按规定让行的 ,负全部责任,不负责任,1,贵A8143H,黑,1,贵A85899,蓝,毕节地区黔中汽车(摩托车)驾驶培训学校,十一培,2012/3/31 0:00,1997/11/4 0:00,解放牌,江铃全顺牌,366068000000000000 ,56163500000000000 ,197303,196308,21,0,2,工作日,非高峰,2015-02-09,2015年2月9日,阴 /小雨,6℃ / 4℃,东北风 ≤3级 /东北风 ≤3级,阴,小雨,6,4,东北风,≤3级,东北风,≤3级,night
2015-02-09 18:00:00,长江路到贵惠大道下坡路段,1、追尾的,负全部责任,不负责任,1,贵A5381X,白色,1,贵JAM271,黑色,鑫鑫驾校,十一培,2013/12/4 0:00,1990/11/19 0:00,东风标致牌,思威牌,366368000000000000 ,364547000000000000 ,197211,196511,18,0,2,工作日,晚高峰(17-19点),2015-02-09,2015年2月9日,阴 /小雨,6℃ / 4℃,东北风 ≤3级 /东北风 ≤3级,阴,小雨,6,4,东北风,≤3级,东北风,≤3级,day
2015-02-10 11:00:00,金阳南路,1、追尾的,负全部责任,不负责任,1,贵A33L31,蓝,1,贵A71Z27,黑,-1,十一培,-1,1985/10/14 0:00,马自达牌,神行者,36454800000000000 ,366364000000000000 ,196701,195910,11,1,2,工作日,非高峰,2015-02-10,2015年2月10日,小雨 /小雨,6℃ / 3℃,东北风 ≤3级 /东风 ≤3级,小雨,小雨,6,3,东北风,≤3级,东风,≤3级,day
2015-02-10 10:30:00,黄河路口,7、未按规定让行的 ,负全部责任,不负责任,1,贵AP5224,白色,1,贵AAG194,白色,自培,十一培,2014/2/25 0:00,1993/2/25 0:00,轰轰烈牌,东风雪铁龙牌,366364000000000000 ,364547000000000000 ,196408,197411,10,1,2,工作日,非高峰,2015-02-10,2015年2月10日,小雨 /小雨,6℃ / 3℃,东北风 ≤3级 /东风 ≤3级,小雨,小雨,6,3,东北风,≤3级,东风,≤3级,day
2015-02-10 10:00:00,花果园一期11栋,3、倒车的,负全部责任,不负责任,1,贵AGL792,白色,1,贵AV7853,白色,自培,十一培,2011/3/16 0:00,1990/11/11 0:00,解放牌,世纪风牌,36606051994946470X,364548000000000000 ,198808,196911,10,1,2,工作日,非高峰,2015-02-10,2015年2月10日,小雨 /小雨,6℃ / 3℃,东北风 ≤3级 /东风 ≤3级,小雨,小雨,6,3,东北风,≤3级,东风,≤3级,day
2015-02-10 09:40:00,百花大道,8、依法应负全责的其他情形,负全部责任,不负责任,1,贵AVC751,黑,1,贵AKA394,蓝,自培,自培,2001/6/7 0:00,2002/7/2 0:00,海马牌,别克牌,366061000000000000 ,364556000000000000 ,197611,197602,9,1,2,工作日,早高峰(7-9点),2015-02-10,2015年2月10日,小雨 /小雨,6℃ / 3℃,东北风 ≤3级 /东风 ≤3级,小雨,小雨,6,3,东北风,≤3级,东风,≤3级,day
2015-02-10 10:25:00,同阳路立交桥,1、追尾的,负全部责任,不负责任,1,贵A7310,黑色,1,贵AU5587,白色,-1,-1,-1,-1,东风雪铁龙牌,捷达牌,3645575P2954486058,36454800000000000 ,1P6810,195908,10,1,2,工作日,非高峰,2015-02-10,2015年2月10日,小雨 /小雨,6℃ / 3℃,东北风 ≤3级 /东风 ≤3级,小雨,小雨,6,3,东北风,≤3级,东风,≤3级,day
2015-02-10 14:30:00,观山湖,1、追尾的,负全部责任,不负责任,0,贵AA208M,银,1,贵AH7337,白,（乌当区）新天驾驶培训有限公司,贵州省长安驾驶培训学校,2007/6/4 0:00,2012/11/17 0:00,宝马牌,银翔牌,364558000000000000 ,364547000000000000 ,198010,198909,14,1,2,工作日,非高峰,2015-02-10,2015年2月10日,小雨 /小雨,6℃ / 3℃,东北风 ≤3级 /东风 ≤3级,小雨,小雨,6,3,东北风,≤3级,东风,≤3级,day
2015-02-10 12:10:00,双峰路,7、未按规定让行的 ,负全部责任,不负责任,1,川AH0A59,灰,1,贵AJD514,黑,自培,消防驾校,2001/4/12 0:00,2010/4/28 0:00,宝马,奥铃,364548000000000000 ,364568000000000000 ,197912,199005,12,1,2,工作日,非高峰,2015-02-10,2015年2月10日,小雨 /小雨,6℃ / 3℃,东北风 ≤3级 /东风 ≤3级,小雨,小雨,6,3,东北风,≤3级,东风,≤3级,day
2015-02-10 12:40:00,飞山街,7、未按规定让行的 ,负全部责任,不负责任,1,贵G91864,蓝,1,贵AU6148,绿,绥阳县汽车驾驶培训学校,520111,-1,-1,威志牌,捷达牌,354364000000000000 ,366068000000000000 ,196912,198002,12,1,2,工作日,非高峰,2015-02-10,2015年2月10日,小雨 /小雨,6℃ / 3℃,东北风 ≤3级 /东风 ≤3级,小雨,小雨,6,3,东北风,≤3级,东风,≤3级,day
2015-02-10 12:30:00,花溪,7、未按规定让行的 ,负全部责任,不负责任,1,贵A201F8,白色,1,贵A104E3,白色,（南明区）吉源驾驶培训有限公司,-1,2006/7/13 0:00,-1,南骏牌,解放牌,354653000000000000 ,374261000000000000 ,197703,198609,12,1,2,工作日,非高峰,2015-02-10,2015年2月10日,小雨 /小雨,6℃ / 3℃,东北风 ≤3级 /东风 ≤3级,小雨,小雨,6,3,东北风,≤3级,东风,≤3级,day
2015-02-10 13:30:00,白云区,3、倒车的,负全部责任,不负责任,1,贵A48X11,黑,0,贵AU9215,绿,自培,铁二局驾校（南明区）,2002/10/12 0:00,1999/12/8 0:00,雅阁牌,隆鑫牌,366670000000000000 ,364558000000000000 ,197304,197310,13,1,2,工作日,非高峰,2015-02-10,2015年2月10日,小雨 /小雨,6℃ / 3℃,东北风 ≤3级 /东风 ≤3级,小雨,小雨,6,3,东北风,≤3级,东风,≤3级,day
2015-02-10 11:40:00,黔江路,7、未按规定让行的 ,负全部责任,不负责任,1,贵A3D153,白色,1,贵ALC813,白色,-1,路路达驾校,-1,2005/1/28 0:00,起亚牌,宝骏牌,3645520000000000 ,35546951294860765X,711103,196807,11,1,2,工作日,非高峰,2015-02-10,2015年2月10日,小雨 /小雨,6℃ / 3℃,东北风 ≤3级 /东风 ≤3级,小雨,小雨,6,3,东北风,≤3级,东风,≤3级,day
2015-02-10 15:30:00,延安西路,7、未按规定让行的 ,负全部责任,不负责任,1,贵A22N99,黑,1,贵AGU231,红,-1,公交公司驾校,-1,2005/4/6 0:00,福田牌,雪佛兰牌,366068000000000000 ,364548000000000000 ,196808,198302,15,1,2,工作日,非高峰,2015-02-10,2015年2月10日,小雨 /小雨,6℃ / 3℃,东北风 ≤3级 /东风 ≤3级,小雨,小雨,6,3,东北风,≤3级,东风,≤3级,day
2015-02-10 14:50:00,小河转盘,1、追尾的,负全部责任,不负责任,1,贵AU7912,白色,1,贵AU2983,白色,自培,自培,2007/5/15 0:00,2009/8/15 0:00,海格牌,东力牌,364567000000000000 ,366367000000000000 ,198601,197712,14,1,2,工作日,非高峰,2015-02-10,2015年2月10日,小雨 /小雨,6℃ / 3℃,东北风 ≤3级 /东风 ≤3级,小雨,小雨,6,3,东北风,≤3级,东风,≤3级,day
2015-02-10 09:30:00,观山东路,1、追尾的,负全部责任,不负责任,1,贵GF3398,黑,1,贵F29379,兰,-1,贵大佳德驾驶培训学校,-1,2012/10/11 0:00,飞度牌,东风日产牌,54660500000000000 ,366063000000000000 ,196311,198310,9,1,2,工作日,早高峰(7-9点),2015-02-10,2015年2月10日,小雨 /小雨,6℃ / 3℃,东北风 ≤3级 /东风 ≤3级,小雨,小雨,6,3,东北风,≤3级,东风,≤3级,day
2015-02-10 11:00:00,金珠路,1、追尾的,负全部责任,不负责任,1,贵A4AC89,红,1,贵A7115P,灰,自培,520129,2004/10/19 0:00,2009/11/30 0:00,福克斯牌,雪佛兰牌,354361000000000000 ,366347000000000000 ,198002,197412,11,1,2,工作日,非高峰,2015-02-10,2015年2月10日,小雨 /小雨,6℃ / 3℃,东北风 ≤3级 /东风 ≤3级,小雨,小雨,6,3,东北风,≤3级,东风,≤3级,day
2015-02-10 16:40:00,石板路,7、未按规定让行的 ,负全部责任,不负责任,1,贵A5894W,黑色,1,贵A19483,黑色,-1,人武驾校,-1,2012/9/27 0:00,解放牌,湛江,364544000000 ,364556000000000000 ,964754,198312,16,1,2,工作日,非高峰,2015-02-10,2015年2月10日,小雨 /小雨,6℃ / 3℃,东北风 ≤3级 /东风 ≤3级,小雨,小雨,6,3,东北风,≤3级,东风,≤3级,day
2015-02-10 18:40:00,复考场,7、未按规定让行的 ,负全部责任,不负责任,1,贵ASY494,黄色,1,贵AU6905,黑色,-1,520113,-1,2001/11/19 0:00,长城牌,宇通牌,366363000000000000 ,364548000000000000 ,197411,198306,18,1,2,工作日,晚高峰(17-19点),2015-02-10,2015年2月10日,小雨 /小雨,6℃ / 3℃,东北风 ≤3级 /东风 ≤3级,小雨,小雨,6,3,东北风,≤3级,东风,≤3级,day
2015-02-11 00:00:00,水东路,7、未按规定让行的 ,负全部责任,不负责任,1,贵A7AE99,蓝,0,贵AML801,银,自培,-1,2012/2/15 0:00,-1,大众汽车牌,南骏牌,366068000000000000 ,355467000000000000 ,198304,196802,0,2,2,工作日,非高峰,2015-02-11,2015年2月11日,多云 /多云,11℃ / 3℃,东风 ≤3级 /东北风 ≤3级,多云,多云,11,3,东风,≤3级,东北风,≤3级,night
2015-02-10 12:35:00,盐务街,1、追尾的,负全部责任,不负责任,1,贵APK121,白,1,贵ACC565,黑,自培,自培,2006/9/22 0:00,2002/8/16 0:00,夏利牌,马自达牌,364556000000000000 ,364548000000000000 ,198110,197601,12,1,2,工作日,非高峰,2015-02-10,2015年2月10日,小雨 /小雨,6℃ / 3℃,东北风 ≤3级 /东风 ≤3级,小雨,小雨,6,3,东北风,≤3级,东风,≤3级,day
2015-02-10 15:00:00,甲秀楼,8、依法应负全责的其他情形,负全部责任,不负责任,1,贵A2BH58,白色,1,贵ADE572,白色,自培,金大驾校,2004/8/2 0:00,2013/10/10 0:00,福克斯牌,东风雪铁龙牌,364548000000000000 ,364567000000000000 ,198403,199407,15,1,2,工作日,非高峰,2015-02-10,2015年2月10日,小雨 /小雨,6℃ / 3℃,东北风 ≤3级 /东风 ≤3级,小雨,小雨,6,3,东北风,≤3级,东风,≤3级,day
2015-02-10 12:00:00,云潭南路,1、追尾的,负全部责任,不负责任,1,贵EO6163,红,1,贵A9143,蓝,-1,十一培,-1,1997/11/12 0:00,-1,比亚迪牌,74765500000000000 ,364547000000000000 ,198706,196904,12,1,2,工作日,非高峰,2015-02-10,2015年2月10日,小雨 /小雨,6℃ / 3℃,东北风 ≤3级 /东风 ≤3级,小雨,小雨,6,3,东北风,≤3级,东风,≤3级,day
2015-02-10 14:20:00,开发大道,3、倒车的,负全部责任,不负责任,1,川AG9895,白色,1,贵AP1411,白色,-1,十一培,-1,1986/12/9 0:00,宝马,宝马,734746000000000000 ,364548000000000000 ,198906,195909,14,1,2,工作日,非高峰,2015-02-10,2015年2月10日,小雨 /小雨,6℃ / 3℃,东北风 ≤3级 /东风 ≤3级,小雨,小雨,6,3,东北风,≤3级,东风,≤3级,day
2015-02-10 15:10:00,北京路,7、未按规定让行的 ,负全部责任,不负责任,1,贵A44K81,红,1,贵AU5806,白,自培,十一培,2006/3/7 0:00,1990/2/27 0:00,大众汽车牌,捷达牌,364646000000000000 ,364547000000000000 ,198212,196805,15,1,2,工作日,非高峰,2015-02-10,2015年2月10日,小雨 /小雨,6℃ / 3℃,东北风 ≤3级 /东风 ≤3级,小雨,小雨,6,3,东北风,≤3级,东风,≤3级,day
2015-02-10 14:00:00,花溪区政府,7、未按规定让行的 ,负全部责任,不负责任,1,贵A4956Y,白色,1,贵A84R75,白色,自培,十一培,2002/4/5 0:00,1995/10/30 0:00,一汽牌,宝骏牌,364556000000000000 ,364556000000000000 ,197703,197602,14,1,2,工作日,非高峰,2015-02-10,2015年2月10日,小雨 /小雨,6℃ / 3℃,东北风 ≤3级 /东风 ≤3级,小雨,小雨,6,3,东北风,≤3级,东风,≤3级,day
2015-02-10 14:55:00,轮胎厂,7、未按规定让行的 ,负全部责任,不负责任,1,贵A96238,白,1,贵ACL113,黑,-1,自培,-1,2001/10/11 0:00,陕汽牌,东风日产牌,366347000000000000 ,74546500000000000 ,198208,195505,14,1,2,工作日,非高峰,2015-02-10,2015年2月10日,小雨 /小雨,6℃ / 3℃,东北风 ≤3级 /东风 ≤3级,小雨,小雨,6,3,东北风,≤3级,东风,≤3级,day
2015-02-10 15:05:00,油榨街,1、追尾的,负全部责任,不负责任,1,贵AM2141,白色,1,贵AH7486,白色,-1,自培,-1,2002/4/15 0:00,维拉克斯,梅赛德斯-奔驰牌,3645955P1541474476,724561000000000000 ,1P9109,197106,15,1,2,工作日,非高峰,2015-02-10,2015年2月10日,小雨 /小雨,6℃ / 3℃,东北风 ≤3级 /东风 ≤3级,小雨,小雨,6,3,东北风,≤3级,东风,≤3级,day
2015-02-10 14:00:00,市南路粑粑街,1、追尾的,负全部责任,不负责任,1,贵AU2824,黄色,1,贵AU2007,黄色,自培,自培,2004/11/9 0:00,2001/5/10 0:00,瑞麒牌,凌肯牌,366347000000000000 ,36454751844751725X,197411,197003,14,1,2,工作日,非高峰,2015-02-10,2015年2月10日,小雨 /小雨,6℃ / 3℃,东北风 ≤3级 /东风 ≤3级,小雨,小雨,6,3,东北风,≤3级,东风,≤3级,day
2015-02-10 13:35:00,白金城,1、追尾的,负全部责任,不负责任,1,贵AA547E,蓝,1,贵ANJ811,黑,景宏驾校,自培,2012/10/29 0:00,2006/7/24 0:00,捷豹XF,东风雪铁龙牌,366347000000000000 ,364548000000000000 ,197901,197311,13,1,2,工作日,非高峰,2015-02-10,2015年2月10日,小雨 /小雨,6℃ / 3℃,东北风 ≤3级 /东风 ≤3级,小雨,小雨,6,3,东北风,≤3级,东风,≤3级,day
2015-02-10 15:00:00,北京西路,7、未按规定让行的 ,负全部责任,不负责任,0,贵GK1413,银,1,贵JCC122,灰,-1,预约考试窗口,-1,2007/3/21 0:00,-1,丰田牌,34547500000000000 ,366347000000000000 ,980062,198311,15,1,2,工作日,非高峰,2015-02-10,2015年2月10日,小雨 /小雨,6℃ / 3℃,东北风 ≤3级 /东风 ≤3级,小雨,小雨,6,3,东北风,≤3级,东风,≤3级,day
2015-02-10 18:00:00,四方河,7、未按规定让行的 ,负全部责任,不负责任,1,贵AU2355,绿,1,贵AU4810,绿,自培,市汽车摩托车驾校,2004/11/11 0:00,-1,宝来牌,嘉隆牌,366067000000000000 ,74367500000000000 ,198608,198508,18,1,2,工作日,晚高峰(17-19点),2015-02-10,2015年2月10日,小雨 /小雨,6℃ / 3℃,东北风 ≤3级 /东风 ≤3级,小雨,小雨,6,3,东北风,≤3级,东风,≤3级,day
2015-02-10 17:10:00,西南商贸一楼口,7、未按规定让行的 ,负全部责任,不负责任,1,贵FR4109,银,1,贵AJM992,黑,毕节地区黔中汽车(摩托车)驾驶培训学校,贵大驾校,-1,2010/4/2 0:00,东风牌,大众汽车牌,366068000000000000 ,364556000000000000 ,196805,197912,17,1,2,工作日,晚高峰(17-19点),2015-02-10,2015年2月10日,小雨 /小雨,6℃ / 3℃,东北风 ≤3级 /东风 ≤3级,小雨,小雨,6,3,东北风,≤3级,东风,≤3级,day
2015-02-10 13:20:00,黄山冲,8、依法应负全责的其他情形,负全部责任,不负责任,1,贵AA3036,黑,1,贵GV1698,蓝,铁二局驾校,-1,2005/2/21 0:00,-1,五羊－本田牌,风神,364557000000000000 ,366096000000000000 ,198401,198403,13,1,2,工作日,非高峰,2015-02-10,2015年2月10日,小雨 /小雨,6℃ / 3℃,东北风 ≤3级 /东风 ≤3级,小雨,小雨,6,3,东北风,≤3级,东风,≤3级,day
2015-02-11 06:45:00,下富国路,7、未按规定让行的 ,负全部责任,不负责任,1,贵ALJ223,黑,1,贵AYU526,黑,消防驾校,新天驾校,2010/7/26 0:00,2007/3/19 0:00,长安牌,-1,366664000000000000 ,364547000000000000 ,197008,198503,6,2,2,工作日,非高峰,2015-02-11,2015年2月11日,多云 /多云,11℃ / 3℃,东风 ≤3级 /东北风 ≤3级,多云,多云,11,3,东风,≤3级,东北风,≤3级,day
2015-02-10 19:30:00,花溪北段卫校,7、未按规定让行的 ,负全部责任,负同等责任,0,贵AU6018,绿,1,贵A6B151,黑,（经开区）十一驾驶培训有限公司,自培,2005/1/28 0:00,2008/7/25 0:00,恒通客车牌,-1,366269000000000000 ,366562000000000000 ,197611,197203,19,1,2,工作日,晚高峰(17-19点),2015-02-10,2015年2月10日,小雨 /小雨,6℃ / 3℃,东北风 ≤3级 /东风 ≤3级,小雨,小雨,6,3,东北风,≤3级,东风,≤3级,day
2015-02-10 13:57:00,客车站,1、追尾的,负全部责任,不负责任,1,贵A9360警,白,1,贵FX9107,黑,自培,-1,2004/7/2 0:00,-1,-1,长安牌,364557000000000000 ,366067000000000000 ,198601,199210,13,1,2,工作日,非高峰,2015-02-10,2015年2月10日,小雨 /小雨,6℃ / 3℃,东北风 ≤3级 /东风 ≤3级,小雨,小雨,6,3,东北风,≤3级,东风,≤3级,day
2015-02-10 13:25:00,四方河,8、依法应负全责的其他情形,负全部责任,不负责任,1,贵HN4988,白色,1,川A8N63,白色,-1,-1,-1,-1,帕杰罗,\N,364547000000000000 ,364542000000000000 ,196212,198007,13,1,2,工作日,非高峰,2015-02-10,2015年2月10日,小雨 /小雨,6℃ / 3℃,东北风 ≤3级 /东风 ≤3级,小雨,小雨,6,3,东北风,≤3级,东风,≤3级,day
2015-02-11 08:53:00,同心中路,1、追尾的,负全部责任,不负责任,0,贵A55R34,黑,1,贵A6AJ47,黑,-1,十一驾驶培训有限公司,-1,2011/4/26 0:00,长城牌,三菱牌,36606300000000000 ,366061000000000000 ,197122,197803,8,2,2,工作日,早高峰(7-9点),2015-02-11,2015年2月11日,多云 /多云,11℃ / 3℃,东风 ≤3级 /东北风 ≤3级,多云,多云,11,3,东风,≤3级,东北风,≤3级,day
2015-02-11 08:20:00,都司路,7、未按规定让行的 ,负全部责任,不负责任,1,贵ALW092,白色,1,贵AUA544,白色,-1,顺一驾驶培训学校,-1,2007/7/26 0:00,东风雪铁龙牌,吉利美日牌,364547000000000000 ,366570000000000000 ,196212,198802,8,2,2,工作日,早高峰(7-9点),2015-02-11,2015年2月11日,多云 /多云,11℃ / 3℃,东风 ≤3级 /东北风 ≤3级,多云,多云,11,3,东风,≤3级,东北风,≤3级,day
2015-02-11 10:15:00,西南环线东站口,8、依法应负全责的其他情形,负全部责任,不负责任,1,贵ALJ604,白色,1,贵A0516R,白色,自培,青正驾校,2006/6/13 0:00,2007/11/23 0:00,捷达牌,五菱牌,366364000000000000 ,364548000000000000 ,197405,198902,10,2,2,工作日,非高峰,2015-02-11,2015年2月11日,多云 /多云,11℃ / 3℃,东风 ≤3级 /东北风 ≤3级,多云,多云,11,3,东风,≤3级,东北风,≤3级,day
2015-02-11 10:30:00,停车场,3、倒车的,负全部责任,不负责任,1,贵A21M75,白色,1,贵AM0639,白色,吉源驾校,贵州平安驾驶培训学校,2015/2/4 0:00,2011/11/30 0:00,江铃牌,五菱牌,366276000000000000 ,734398000000000000 ,197508,196906,10,2,2,工作日,非高峰,2015-02-11,2015年2月11日,多云 /多云,11℃ / 3℃,东风 ≤3级 /东北风 ≤3级,多云,多云,11,3,东风,≤3级,东北风,≤3级,day
2015-02-11 01:30:00,兴关路,3、倒车的,负全部责任,不负责任,1,贵A23L49,白色,1,贵GL8295,白色,时发驾校,市交校,2012/6/21 0:00,2011/8/30 0:00,宝骏牌,大众汽车牌,364547000000000000 ,364557000000000000 ,198506,198209,1,2,2,工作日,非高峰,2015-02-11,2015年2月11日,多云 /多云,11℃ / 3℃,东风 ≤3级 /东北风 ≤3级,多云,多云,11,3,东风,≤3级,东北风,≤3级,night
2015-02-10 18:20:00,新添寨,8、依法应负全责的其他情形,负全部责任,不负责任,1,贵A2021A,白,1,贵A8B903,银,长运驾校,520116,2009/5/13 0:00,2009/3/18 0:00,北京牌,东风标致牌,364557000000000000 ,364557000000000000 ,197211,198810,18,1,2,工作日,晚高峰(17-19点),2015-02-10,2015年2月10日,小雨 /小雨,6℃ / 3℃,东北风 ≤3级 /东风 ≤3级,小雨,小雨,6,3,东北风,≤3级,东风,≤3级,day
2015-02-10 16:00:00,黄河路,7、未按规定让行的 ,负全部责任,不负责任,1,贵JBP479,黑色,1,贵A260C6,白色,自培,黔南州交通驾驶学校,2014/2/14 0:00,-1,福克斯牌,东风牌,364548000000000000 ,366875000000000000 ,198508,198208,16,1,2,工作日,非高峰,2015-02-10,2015年2月10日,小雨 /小雨,6℃ / 3℃,东北风 ≤3级 /东风 ≤3级,小雨,小雨,6,3,东北风,≤3级,东风,≤3级,day
2015-02-10 13:50:00,白云,1、追尾的,负全部责任,不负责任,1,闽A842Q9,蓝,1,贵A22J49,黑,自培,-1,2005/10/12 0:00,-1,东风牌,东南牌,736670000000000000 ,366662000000000000 ,198202,198109,13,1,2,工作日,非高峰,2015-02-10,2015年2月10日,小雨 /小雨,6℃ / 3℃,东北风 ≤3级 /东风 ≤3级,小雨,小雨,6,3,东北风,≤3级,东风,≤3级,day
2015-02-10 17:20:00,山水黔城小区,1、追尾的,负全部责任,不负责任,1,贵A36K46,白色,1,贵A88F71,白色,自培,长运驾校,2003/7/22 0:00,2011/1/14 0:00,梅赛德斯—奔驰,吉利美日牌,675441000000000000 ,36455551985462745X,198002,198710,17,1,2,工作日,晚高峰(17-19点),2015-02-10,2015年2月10日,小雨 /小雨,6℃ / 3℃,东北风 ≤3级 /东风 ≤3级,小雨,小雨,6,3,东北风,≤3级,东风,≤3级,day
2015-02-10 18:20:00,三桥综合市场,7、未按规定让行的 ,负全部责任,不负责任,1,贵A6007V,银,1,贵GT1687,黑,自培,-1,2005/1/12 0:00,-1,五菱,沃尔沃,366068000000000000 ,356964000000000000 ,197406,196507,18,1,2,工作日,晚高峰(17-19点),2015-02-10,2015年2月10日,小雨 /小雨,6℃ / 3℃,东北风 ≤3级 /东风 ≤3级,小雨,小雨,6,3,东北风,≤3级,东风,≤3级,day
2015-02-11 10:30:00,新添大道北段,1、追尾的,负全部责任,不负责任,1,贵A6ET66,蓝,1,贵A55H24,黑,-1,十一培,-1,1997/12/22 0:00,-1,轩逸牌,36455500000000000 ,364548000000000000 ,989083,197405,10,2,2,工作日,非高峰,2015-02-11,2015年2月11日,多云 /多云,11℃ / 3℃,东风 ≤3级 /东北风 ≤3级,多云,多云,11,3,东风,≤3级,东北风,≤3级,day
2015-02-11 03:19:00,金阳大道,1、追尾的,负全部责任,不负责任,1,贵AG0912,黄,0,贵A6646J,银,自培,自培,1992/7/5 0:00,2012/5/9 0:00,福特,吉利牌,364557000000000000 ,364557000000000000 ,197406,196612,3,2,2,工作日,非高峰,2015-02-11,2015年2月11日,多云 /多云,11℃ / 3℃,东风 ≤3级 /东北风 ≤3级,多云,多云,11,3,东风,≤3级,东北风,≤3级,night
2015-02-11 04:50:00,三桥南路, ,负全部责任,不负责任,1,贵A604H7,银,1,贵A81Y15,蓝,-1,自培,-1,2004/12/23 0:00,东风牌,夏利牌,511055000000 ,366068000000000000 ,108441,198509,4,2,2,工作日,非高峰,2015-02-11,2015年2月11日,多云 /多云,11℃ / 3℃,东风 ≤3级 /东北风 ≤3级,多云,多云,11,3,东风,≤3级,东北风,≤3级,night
2015-02-10 15:58:00,小河区乌江路,1、追尾的,负全部责任,不负责任,1,贵A4102A,白色,1,贵AGT611,白色,鑫鑫驾校,自培,2012/6/25 0:00,2003/3/7 0:00,大众牌,解放牌,364556000000000000 ,354167000000000000 ,199312,196903,15,1,2,工作日,非高峰,2015-02-10,2015年2月10日,小雨 /小雨,6℃ / 3℃,东北风 ≤3级 /东风 ≤3级,小雨,小雨,6,3,东北风,≤3级,东风,≤3级,day
2015-02-10 17:55:00,市公安局口,7、未按规定让行的 ,负全部责任,不负责任,1,贵A78N84,黑,0,贵EM4857,红,自培,自培,2006/1/23 0:00,2008/4/3 0:00,英菲尼迪 Q70L,大众牌,364548000000000000 ,366368000000000000 ,198709,197003,17,1,2,工作日,晚高峰(17-19点),2015-02-10,2015年2月10日,小雨 /小雨,6℃ / 3℃,东北风 ≤3级 /东风 ≤3级,小雨,小雨,6,3,东北风,≤3级,东风,≤3级,day
2015-02-11 07:35:00,宝山南路,1、追尾的,负全部责任,不负责任,1,贵A86G58,白色,1,贵AVB411,白色,自培,自培,2004/3/24 0:00,2000/9/8 0:00,大众汽车牌,东风标致牌,364646000000000000 ,36346500000000000 ,197412,197907,7,2,2,工作日,早高峰(7-9点),2015-02-11,2015年2月11日,多云 /多云,11℃ / 3℃,东风 ≤3级 /东北风 ≤3级,多云,多云,11,3,东风,≤3级,东北风,≤3级,day
2015-02-11 10:30:00,花溪大道,7、未按规定让行的 ,负全部责任,不负责任,1,贵A44203,黑色,1,贵GY6744,黑色,-1,金大驾校,-1,2014/11/13 0:00,昌河,哈弗牌,734746000000000000 ,366347000000000000 ,198906,198201,10,2,2,工作日,非高峰,2015-02-11,2015年2月11日,多云 /多云,11℃ / 3℃,东风 ≤3级 /东北风 ≤3级,多云,多云,11,3,东风,≤3级,东北风,≤3级,day
2015-02-11 11:00:00,福源南路加油站,8、依法应负全责的其他情形,负全部责任,不负责任,1,贵AKM727,黑色,1,贵AS6752,黑色,-1,-1,-1,-1,东风日产牌,铃木牌,364547000000000000 ,364547000000000000 ,196311,196406,11,2,2,工作日,非高峰,2015-02-11,2015年2月11日,多云 /多云,11℃ / 3℃,东风 ≤3级 /东北风 ≤3级,多云,多云,11,3,东风,≤3级,东北风,≤3级,day
2015-02-11 11:20:00,金关,7、未按规定让行的 ,负全部责任,不负责任,1,贵A206E6,黑,1,贵A71M14,黑,-1,520123,-1,2009/12/14 0:00,解放牌,福克斯牌,36606751914742925X,364548000000000000 ,198903,198808,11,2,2,工作日,非高峰,2015-02-11,2015年2月11日,多云 /多云,11℃ / 3℃,东风 ≤3级 /东北风 ≤3级,多云,多云,11,3,东风,≤3级,东北风,≤3级,day
2015-02-11 13:20:00,孟关,7、未按规定让行的 ,负全部责任,不负责任,1,贵A81179,黄色,1,贵GGV766,黑色,自培,自培,2002/5/21 0:00,2014/2/12 0:00,楚胜牌,-1,364557000000000000 ,364556000000000000 ,198312,199210,13,2,2,工作日,非高峰,2015-02-11,2015年2月11日,多云 /多云,11℃ / 3℃,东风 ≤3级 /东北风 ≤3级,多云,多云,11,3,东风,≤3级,东北风,≤3级,day