accidenttime,accidentaddr,driver1fault,driver1responsibility,driver2responsibility,sex1,platenumber1,carcolor1,sex2,platenumber2,carcolor2,jxmc1,jxmc2,cclzrq1,cclzrq2,clpp1,clpp2,driver1license,driver2license,brith1,brith2,hour,weekday,month,is_weekday,peak_hour,date,日期,天气状况,气温,风力风向,day_wea,night_wea,day_tep,night_tep,day_wind_direction,day_wind_speed,night_wind_direction,night_wind_speed,segment
2015-02-11 13:30:00,浣纱桥,7、未按规定让行的 ,负全部责任,不负责任,1,贵A88H98,白色,1,贵AV6638,白色,自培,520116,2001/8/30 0:00,1997/6/10 0:00,福克斯牌,速卡迪牌,366347000000000000 ,364547000000000000 ,198004,197609,13,2,2,工作日,非高峰,2015-02-11,2015年2月11日,多云 /多云,11℃ / 3℃,东风 ≤3级 /东北风 ≤3级,多云,多云,11,3,东风,≤3级,东北风,≤3级,day
2015-02-11 12:00:00,青岩镇,3、倒车的,负全部责任,不负责任,1,贵AA857B,黑色,1,贵AA323B,白色,凯信驾校,诚信驾驶培训学校,2014/11/18 0:00,2014/11/5 0:00,五菱牌,飞碟牌,364556000000000000 ,364556000000000000 ,197311,199406,12,2,2,工作日,非高峰,2015-02-11,2015年2月11日,多云 /多云,11℃ / 3℃,东风 ≤3级 /东北风 ≤3级,多云,多云,11,3,东风,≤3级,东北风,≤3级,day
2015-02-11 11:06:00,同心东路,1、追尾的,负全部责任,不负责任,1,贵A0836M,蓝,0,贵ANN971,蓝,-1,文通驾校,-1,2005/1/24 0:00,长安牌,起亚牌,364557000000000000 ,726647000000000000 ,199101,196808,11,2,2,工作日,非高峰,2015-02-11,2015年2月11日,多云 /多云,11℃ / 3℃,东风 ≤3级 /东北风 ≤3级,多云,多云,11,3,东风,≤3级,东北风,≤3级,day
2015-02-11 11:40:00,金阳南路一中,1、追尾的,负全部责任,不负责任,1,贵A5BV49,蓝,1,贵AA321M,红,-1,黔丰驾校,-1,2014/2/21 0:00,东风雪铁龙牌,翼搏牌,36606300000000000 ,366061000000000000 ,198211,199508,11,2,2,工作日,非高峰,2015-02-11,2015年2月11日,多云 /多云,11℃ / 3℃,东风 ≤3级 /东北风 ≤3级,多云,多云,11,3,东风,≤3级,东北风,≤3级,day
2015-02-11 13:24:00,贵阳市营盘路口,3、倒车的,负全部责任,不负责任,1,贵A1E798,黑色,1,贵A65P77,黑色,（南明区）阳光驾驶培训有限公司,市交校,2006/2/20 0:00,2014/2/21 0:00,-1,长安牌,366663000000000000 ,344661000000000000 ,197012,199303,13,2,2,工作日,非高峰,2015-02-11,2015年2月11日,多云 /多云,11℃ / 3℃,东风 ≤3级 /东北风 ≤3级,多云,多云,11,3,东风,≤3级,东北风,≤3级,day
2015-02-11 13:00:00,观山西路,9、不符合前8款规定或者双方同时具有上述情形的,负同等责任,负同等责任,0,粤B0G5Y9,黑,0,贵AAT449,黄,-1,吉源驾校（南明区）,-1,2007/4/29 0:00,大众汽车牌,梅赛德斯-奔驰,74260500000000000 ,36455751924348406X,198601,198605,13,2,2,工作日,非高峰,2015-02-11,2015年2月11日,多云 /多云,11℃ / 3℃,东风 ≤3级 /东北风 ≤3级,多云,多云,11,3,东风,≤3级,东北风,≤3级,day
2015-02-11 13:30:00,花溪区付官村,7、未按规定让行的 ,负全部责任,不负责任,1,贵A924F2,白色,1,苏DWN876,黑色,-1,-1,-1,-1,江铃牌,\N,364556000000000000 ,06455251924865405X,199311,198607,13,2,2,工作日,非高峰,2015-02-11,2015年2月11日,多云 /多云,11℃ / 3℃,东风 ≤3级 /东北风 ≤3级,多云,多云,11,3,东风,≤3级,东北风,≤3级,day
2015-02-11 13:40:00,三桥立交桥,1、追尾的,负全部责任,不负责任,1,贵A837F6,银,1,贵A9T57T,银,-1,市交校,-1,2011/6/27 0:00,解放牌,-1,7345955199466865X,366067000000000000 ,198802,198503,13,2,2,工作日,非高峰,2015-02-11,2015年2月11日,多云 /多云,11℃ / 3℃,东风 ≤3级 /东北风 ≤3级,多云,多云,11,3,东风,≤3级,东北风,≤3级,day
2015-02-11 12:05:00,金阳红绿灯口,1、追尾的,负全部责任,不负责任,1,贵A1114警,白,1,贵GD5532,黑,-1,-1,-1,-1,-1,瑞麒牌,364548000000000000 ,366369000000000000 ,196106,197906,12,2,2,工作日,非高峰,2015-02-11,2015年2月11日,多云 /多云,11℃ / 3℃,东风 ≤3级 /东北风 ≤3级,多云,多云,11,3,东风,≤3级,东北风,≤3级,day
2015-02-11 08:00:00,长江路,1、追尾的,负全部责任,不负责任,1,贵A67M61,白色,1,贵GX9642,白色,自培,铁二局驾校,2000/2/23 0:00,2010/9/15 0:00,大众汽车牌,斯柯达牌,366346000000000000 ,364566000000000000 ,195103,198502,8,2,2,工作日,早高峰(7-9点),2015-02-11,2015年2月11日,多云 /多云,11℃ / 3℃,东风 ≤3级 /东北风 ≤3级,多云,多云,11,3,东风,≤3级,东北风,≤3级,day
2015-02-11 11:45:00,云岩区头桥智慧龙城,1、追尾的,负全部责任,不负责任,1,贵AHN972,黑,1,贵AC7438,黑,自培,时发驾校,2002/9/27 0:00,2014/1/18 0:00,丰田牌,银翔牌,366864000000000000 ,364548000000000000 ,197309,199404,11,2,2,工作日,非高峰,2015-02-11,2015年2月11日,多云 /多云,11℃ / 3℃,东风 ≤3级 /东北风 ≤3级,多云,多云,11,3,东风,≤3级,东北风,≤3级,day
2015-02-11 09:10:00,二桥转弯塘,2、逆行的,负全部责任,不负责任,1,贵A58F59,蓝,0,贵A7C938,黄,自培,-1,2006/12/11 0:00,-1,宝马牌,长安牌,366562000000000000 ,36606300000000000 ,197809,197501,9,2,2,工作日,早高峰(7-9点),2015-02-11,2015年2月11日,多云 /多云,11℃ / 3℃,东风 ≤3级 /东北风 ≤3级,多云,多云,11,3,东风,≤3级,东北风,≤3级,day
2015-02-11 10:50:00,黄河路,1、追尾的,负全部责任,不负责任,1,贵A259C6,黑色,1,贵ATY418,白色,-1,自培,-1,2004/1/6 0:00,五十铃牌,丰田牌,6429050000000000 ,364547000000000000 ,199012,197511,10,2,2,工作日,非高峰,2015-02-11,2015年2月11日,多云 /多云,11℃ / 3℃,东风 ≤3级 /东北风 ≤3级,多云,多云,11,3,东风,≤3级,东北风,≤3级,day
2015-02-11 13:19:00,金华物流园,1、追尾的,负全部责任,不负责任,1,贵A7450T,蓝,1,贵AER391,蓝,贵阳万里圣驾校,自培,2014/12/4 0:00,2004/5/27 0:00,五菱牌,五菱牌,364557000000000000 ,364557000000000000 ,196803,198411,13,2,2,工作日,非高峰,2015-02-11,2015年2月11日,多云 /多云,11℃ / 3℃,东风 ≤3级 /东北风 ≤3级,多云,多云,11,3,东风,≤3级,东北风,≤3级,day
2015-02-10 20:00:00,西南环线,1、追尾的,负全部责任,不负责任,1,贵A61A89,黑色,1,贵A76X58,红色,自培,自培,2002/1/31 0:00,2005/2/5 0:00,宝来牌,宝来,4542510000000000 ,07426751224158876X,196509,196609,20,1,2,工作日,非高峰,2015-02-10,2015年2月10日,小雨 /小雨,6℃ / 3℃,东北风 ≤3级 /东风 ≤3级,小雨,小雨,6,3,东北风,≤3级,东风,≤3级,night
2015-02-11 10:20:00,长岭南路,1、追尾的,负全部责任,不负责任,1,贵A466B3,蓝,1,贵AM9449,银,自培,自培,2011/3/21 0:00,2006/6/2 0:00,尼桑牌,劲扬牌,704964000000000000 ,366275000000000000 ,198703,198211,10,2,2,工作日,非高峰,2015-02-11,2015年2月11日,多云 /多云,11℃ / 3℃,东风 ≤3级 /东北风 ≤3级,多云,多云,11,3,东风,≤3级,东北风,≤3级,day
2015-03-02 12:30:00,小河,7、未按规定让行的 ,负全部责任,不负责任,1,浙A882YC,黑色,1,贵AV5389,白色,自培,自培,2008/9/22 0:00,2001/6/3 0:00,凯迪拉克牌,创新牌,366661000000000000 ,364547000000000000 ,198410,198208,12,0,3,工作日,非高峰,2015-03-02,2015年3月2日,阴 /小雨,9℃ / 2℃,东北风 ≤3级 /东北风 ≤3级,阴,小雨,9,2,东北风,≤3级,东北风,≤3级,day
2015-02-11 11:00:00,小河小城故事,7、未按规定让行的 ,负同等责任,负同等责任,1,贵A47K69,黑色,1,贵AS7257,黑色,自培,自培,2003/10/27 0:00,2006/8/22 0:00,一汽牌,雪佛兰牌,366067000000000000 ,364548000000000000 ,198102,197204,11,2,2,工作日,非高峰,2015-02-11,2015年2月11日,多云 /多云,11℃ / 3℃,东风 ≤3级 /东北风 ≤3级,多云,多云,11,3,东风,≤3级,东北风,≤3级,day
2015-02-11 13:30:00,盛世花城,1、追尾的,负全部责任,不负责任,1,贵A22A61,黄,1,贵AL8542,白,自培,自培,2003/6/30 0:00,2001/8/31 0:00,丰田牌,梅赛德斯-奔驰牌,364548000000000000 ,366864000000000000 ,197106,197406,13,2,2,工作日,非高峰,2015-02-11,2015年2月11日,多云 /多云,11℃ / 3℃,东风 ≤3级 /东北风 ≤3级,多云,多云,11,3,东风,≤3级,东北风,≤3级,day
2015-02-11 12:09:00,世纪城路口,9、不符合前8款规定或者双方同时具有上述情形的,负全部责任,不负责任,1,贵A86V12,银,1,贵A4882C,银,-1,顺一驾驶培训学校,-1,2010/5/7 0:00,大众汽车牌,五菱牌,364544000000 ,36606551894150587X,452627,197809,12,2,2,工作日,非高峰,2015-02-11,2015年2月11日,多云 /多云,11℃ / 3℃,东风 ≤3级 /东北风 ≤3级,多云,多云,11,3,东风,≤3级,东北风,≤3级,day
2015-02-11 13:30:00,茶园村委会门口,3、倒车的,负全部责任,不负责任,1,贵AZP574,黑,0,贵A56N42,蓝,-1,消防驾校,-1,2010/12/6 0:00,吉利美日,雪佛兰牌,366669000000000000 ,364557000000000000 ,198401,197306,13,2,2,工作日,非高峰,2015-02-11,2015年2月11日,多云 /多云,11℃ / 3℃,东风 ≤3级 /东北风 ≤3级,多云,多云,11,3,东风,≤3级,东北风,≤3级,day
2015-02-11 12:35:00,乌当新添大道,1、追尾的,负全部责任,不负责任,1,贵A7194M,蓝,0,贵A2097C,黄,-1,520131,-1,2009/11/12 0:00,宝来,丰田牌,364557000000000000 ,364557000000000000 ,197808,198507,12,2,2,工作日,非高峰,2015-02-11,2015年2月11日,多云 /多云,11℃ / 3℃,东风 ≤3级 /东北风 ≤3级,多云,多云,11,3,东风,≤3级,东北风,≤3级,day
2015-02-11 14:00:00,金阳理赔中心对面,7、未按规定让行的 ,负全部责任,不负责任,1,贵AEF129,蓝,1,贵A38222,黑,-1,自培,-1,2010/12/24 0:00,凯宴,梅赛德斯-奔驰3498,366068000000000000 ,364548000000000000 ,196811,197503,14,2,2,工作日,非高峰,2015-02-11,2015年2月11日,多云 /多云,11℃ / 3℃,东风 ≤3级 /东北风 ≤3级,多云,多云,11,3,东风,≤3级,东北风,≤3级,day
2015-02-11 11:39:00,金阳碧海花园,7、未按规定让行的 ,负全部责任,不负责任,1,贵A4830,银,0,贵AB290N,银,-1,自培,-1,2005/1/24 0:00,田野牌,比亚迪牌,706569000000000000 ,366347000000000000 ,196807,198202,11,2,2,工作日,非高峰,2015-02-11,2015年2月11日,多云 /多云,11℃ / 3℃,东风 ≤3级 /东北风 ≤3级,多云,多云,11,3,东风,≤3级,东北风,≤3级,day
2015-02-11 14:30:00,八匹马转盘,7、未按规定让行的 ,负全部责任,不负责任,1,贵A1146E,黑,1,贵A32B71,黑,自培,无,2001/5/14 0:00,1996/10/29 0:00,北京牌,雪佛兰牌,364557000000000000 ,364548000000000000 ,198206,196911,14,2,2,工作日,非高峰,2015-02-11,2015年2月11日,多云 /多云,11℃ / 3℃,东风 ≤3级 /东北风 ≤3级,多云,多云,11,3,东风,≤3级,东北风,≤3级,day
2015-02-11 14:00:00,金筑镇邮局后面,7、未按规定让行的 ,负全部责任,不负责任,1,贵ACM219,白色,1,临贵A0A268,白色,自培,520134,2007/6/25 0:00,2010/8/19 0:00,解放牌,-1,366064000000000000 ,364556000000000000 ,197504,198802,14,2,2,工作日,非高峰,2015-02-11,2015年2月11日,多云 /多云,11℃ / 3℃,东风 ≤3级 /东北风 ≤3级,多云,多云,11,3,东风,≤3级,东北风,≤3级,day
2015-02-11 14:40:00,观山湖金竹路,1、追尾的,负全部责任,不负责任,1,贵A52S45,黑,1,贵A96M77,黑,自培,520130,2007/5/31 0:00,2008/10/24 0:00,福特牌,宝马,36454751984946285X,364547000000000000 ,198708,198902,14,2,2,工作日,非高峰,2015-02-11,2015年2月11日,多云 /多云,11℃ / 3℃,东风 ≤3级 /东北风 ≤3级,多云,多云,11,3,东风,≤3级,东北风,≤3级,day
2015-02-11 13:00:00,观山湖公安局亭,4、停车时未挂低速档、未拉驻车制动，导致车辆滑行的,负全部责任,不负责任,1,贵JBM438,黑,1,浙BL831T,黑,自培,-1,2012/11/6 0:00,-1,北京牌,别克牌,366877000000000000 ,774669000000000000 ,198908,198911,13,2,2,工作日,非高峰,2015-02-11,2015年2月11日,多云 /多云,11℃ / 3℃,东风 ≤3级 /东北风 ≤3级,多云,多云,11,3,东风,≤3级,东北风,≤3级,day
2015-02-11 16:45:00,白云区白云南路,7、未按规定让行的 ,负全部责任,不负责任,1,贵AU1311,绿,1,贵A3425B,香槟,自培,自培,2000/7/26 0:00,2011/8/11 0:00,丰田牌,比亚迪牌,364558000000000000 ,366068000000000000 ,196302,199201,16,2,2,工作日,非高峰,2015-02-11,2015年2月11日,多云 /多云,11℃ / 3℃,东风 ≤3级 /东北风 ≤3级,多云,多云,11,3,东风,≤3级,东北风,≤3级,day
2015-02-11 17:30:00,新添大道南段,8、依法应负全责的其他情形,负全部责任,不负责任,1,贵A0BY74,黑,1,贵APE303,白,自培,贵州晨运驾驶培训学校,2006/1/19 0:00,2010/12/8 0:00,江淮牌,长安牌,376570000000000000 ,364547000000000000 ,197106,198510,17,2,2,工作日,晚高峰(17-19点),2015-02-11,2015年2月11日,多云 /多云,11℃ / 3℃,东风 ≤3级 /东北风 ≤3级,多云,多云,11,3,东风,≤3级,东北风,≤3级,day
2015-02-11 17:40:00,都司路,7、未按规定让行的 ,负同等责任,负同等责任,0,贵A6BW62,黑,1,贵AN6151,蓝,-1,十一培,-1,1982/8/30 0:00,东风日产牌,比亚迪牌,36454800000000000 ,364548000000000000 ,191112,196105,17,2,2,工作日,晚高峰(17-19点),2015-02-11,2015年2月11日,多云 /多云,11℃ / 3℃,东风 ≤3级 /东北风 ≤3级,多云,多云,11,3,东风,≤3级,东北风,≤3级,day
2015-02-11 16:30:00,延安西路,7、未按规定让行的 ,负全部责任,不负责任,1,贵A5976,灰,1,贵AU7815,黄,520102,十一培,2006/10/20 0:00,1996/5/30 0:00,比亚迪牌,大众牌,364558000000000000 ,364548000000000000 ,197208,197112,16,2,2,工作日,非高峰,2015-02-11,2015年2月11日,多云 /多云,11℃ / 3℃,东风 ≤3级 /东北风 ≤3级,多云,多云,11,3,东风,≤3级,东北风,≤3级,day
2015-02-11 14:30:00,小河区黄河路,1、追尾的,负全部责任,不负责任,1,贵AHZ384,白色,1,贵AVT121,黑色,自培,自培,1999/7/2 0:00,2005/10/27 0:00,骊威牌,-1,366361000000000000 ,364548000000000000 ,196306,197009,14,2,2,工作日,非高峰,2015-02-11,2015年2月11日,多云 /多云,11℃ / 3℃,东风 ≤3级 /东北风 ≤3级,多云,多云,11,3,东风,≤3级,东北风,≤3级,day
2015-02-11 14:27:00,白云区同心东路,1、追尾的,负全部责任,不负责任,1,贵HN3419,黑,1,贵AU1114,绿,（南明区）阳光驾驶培训有限公司,自培,2006/12/29 0:00,2006/6/27 0:00,五菱牌,环松牌,364596000000000000 ,366347000000000000 ,198705,197811,14,2,2,工作日,非高峰,2015-02-11,2015年2月11日,多云 /多云,11℃ / 3℃,东风 ≤3级 /东北风 ≤3级,多云,多云,11,3,东风,≤3级,东北风,≤3级,day
2015-02-11 17:36:00,南明区万东桥上,1、追尾的,负全部责任,不负责任,1,贵A69N79,灰,1,贵AU0213,绿,-1,自培,-1,2004/3/15 0:00,大众牌,圣峰牌,364556000000000 ,07616651835647617X,640214,197512,17,2,2,工作日,晚高峰(17-19点),2015-02-11,2015年2月11日,多云 /多云,11℃ / 3℃,东风 ≤3级 /东北风 ≤3级,多云,多云,11,3,东风,≤3级,东北风,≤3级,day
2015-02-11 17:40:00,转弯唐,8、依法应负全责的其他情形,负全部责任,不负责任,0,贵AGE199,红,1,贵AH7969,灰,-1,自培,-1,2004/10/29 0:00,比亚迪牌,银翔牌,364547000000000000 ,364548000000000000 ,196511,198608,17,2,2,工作日,晚高峰(17-19点),2015-02-11,2015年2月11日,多云 /多云,11℃ / 3℃,东风 ≤3级 /东北风 ≤3级,多云,多云,11,3,东风,≤3级,东北风,≤3级,day
2015-02-11 14:30:00,小河平桥,7、未按规定让行的 ,负全部责任,不负责任,1,贵A46W53,白色,1,贵GV3740,白色,市交校,自培,2014/10/13 0:00,2005/5/17 0:00,五菱牌,丰田牌,364558000000000000 ,36455051984745447X,199311,198703,14,2,2,工作日,非高峰,2015-02-11,2015年2月11日,多云 /多云,11℃ / 3℃,东风 ≤3级 /东北风 ≤3级,多云,多云,11,3,东风,≤3级,东北风,≤3级,day
2015-02-11 17:20:00,将军路,1、追尾的,负全部责任,不负责任,1,贵A82K13,黑色,1,贵AKY595,白色,文通驾校,自培,2011/7/18 0:00,2004/8/28 0:00,宝马牌,梅赛德斯-奔驰牌,774663000000000000 ,364556000000000000 ,197407,197812,17,2,2,工作日,晚高峰(17-19点),2015-02-11,2015年2月11日,多云 /多云,11℃ / 3℃,东风 ≤3级 /东北风 ≤3级,多云,多云,11,3,东风,≤3级,东北风,≤3级,day
2015-02-11 14:30:00,花溪区田园路,3、倒车的,负全部责任,不负责任,1,贵AKX185,白色,1,贵ACU688,白色,自培,自培,2011/4/15 0:00,2001/10/25 0:00,华泰圣达菲牌,一汽牌,734569000000000000 ,664567000000000000 ,195905,196511,14,2,2,工作日,非高峰,2015-02-11,2015年2月11日,多云 /多云,11℃ / 3℃,东风 ≤3级 /东北风 ≤3级,多云,多云,11,3,东风,≤3级,东北风,≤3级,day
2015-02-11 18:21:00,白云区路,7、未按规定让行的 ,负全部责任,不负责任,1,贵A3245B,黑,1,贵AU1511,绿,-1,自培,-1,2000/7/26 0:00,吉利美日牌,捷达牌,366069000000000000 ,364558000000000000 ,199201,196302,18,2,2,工作日,晚高峰(17-19点),2015-02-11,2015年2月11日,多云 /多云,11℃ / 3℃,东风 ≤3级 /东北风 ≤3级,多云,多云,11,3,东风,≤3级,东北风,≤3级,day
2015-02-11 19:25:00,长岭南路与兴筑东路交叉口,7、未按规定让行的 ,负全部责任,不负责任,1,贵AU7708,蓝,1,渝CZJ592,黑,-1,消防驾校,-1,2010/11/1 0:00,飞肯牌,-1,364557000000000000 ,354676000000000000 ,197106,197211,19,2,2,工作日,晚高峰(17-19点),2015-02-11,2015年2月11日,多云 /多云,11℃ / 3℃,东风 ≤3级 /东北风 ≤3级,多云,多云,11,3,东风,≤3级,东北风,≤3级,day
2015-02-11 16:30:00,黄山冲路,1、追尾的,负全部责任,不负责任,1,贵AJU281,黑,1,贵GX5595,黑,-1,鑫鑫驾校,-1,2014/8/22 0:00,福克斯牌,哈弗牌,364547000000000000 ,726064000000000000 ,198001,198611,16,2,2,工作日,非高峰,2015-02-11,2015年2月11日,多云 /多云,11℃ / 3℃,东风 ≤3级 /东北风 ≤3级,多云,多云,11,3,东风,≤3级,东北风,≤3级,day
2015-02-11 16:50:00,上麦路,1、追尾的,负全部责任,不负责任,1,贵A52P41,黑,1,贵A92834,银,-1,-1,-1,-1,长城牌,华神牌,364592000000000000 ,366066000000000000 ,199005,198008,16,2,2,工作日,非高峰,2015-02-11,2015年2月11日,多云 /多云,11℃ / 3℃,东风 ≤3级 /东北风 ≤3级,多云,多云,11,3,东风,≤3级,东北风,≤3级,day
2015-02-11 23:30:00,云岩区盐务街,1、追尾的,负全部责任,不负责任,1,贵A5688Z,蓝,1,贵AU0521,蓝,诚信驾驶培训学校,（云岩区）时发驾驶培训有限公司,2013/8/15 0:00,1993/10/21 0:00,起亚牌,宇通牌,364557000000000000 ,364548000000000000 ,199211,196702,23,2,2,工作日,非高峰,2015-02-11,2015年2月11日,多云 /多云,11℃ / 3℃,东风 ≤3级 /东北风 ≤3级,多云,多云,11,3,东风,≤3级,东北风,≤3级,night
2015-02-11 17:30:00,中天花园,1、追尾的,负全部责任,不负责任,1,贵A8516V,黑,1,贵AJ6238,银,遵义神舟驾驶学校有限公司,自培,2010/8/3 0:00,2006/9/7 0:00,轩逸牌,豪爵牌,364596000000000000 ,366363000000000000 ,199008,198710,17,2,2,工作日,晚高峰(17-19点),2015-02-11,2015年2月11日,多云 /多云,11℃ / 3℃,东风 ≤3级 /东北风 ≤3级,多云,多云,11,3,东风,≤3级,东北风,≤3级,day
2015-02-11 16:50:00,小十字,7、未按规定让行的 ,负全部责任,不负责任,1,贵A94E63,蓝,0,贵J52664,黄,（南明区）吉源驾驶培训有限公司,-1,2006/7/13 0:00,-1,蒙迪欧牌,骊威牌,364548000000000000 ,36684600000000000 ,197705,191112,16,2,2,工作日,非高峰,2015-02-11,2015年2月11日,多云 /多云,11℃ / 3℃,东风 ≤3级 /东北风 ≤3级,多云,多云,11,3,东风,≤3级,东北风,≤3级,day
2015-02-12 08:12:00,航天路,9、不符合前8款规定或者双方同时具有上述情形的,负同等责任,负同等责任,1,贵APS704,红,1,贵A96184,蓝,顺一驾驶培训学校,文通驾校,2012/8/22 0:00,2010/11/10 0:00,夏利牌,嘉陵牌,364557000000000000 ,364596000000000000 ,199010,198707,8,3,2,工作日,早高峰(7-9点),2015-02-12,2015年2月12日,多云 /多云,15℃ / 5℃,南风 ≤3级 /南风 ≤3级,多云,多云,15,5,南风,≤3级,南风,≤3级,day
2015-02-11 20:40:00,花溪大道,1、追尾的,负全部责任,不负责任,1,贵A0974Y,白色,1,贵A3175W,白色,鑫鑫驾校,铁二局驾校,2013/11/5 0:00,2014/7/19 0:00,英伦牌,起亚牌,366270000000000000 ,355468000000000000 ,197306,197504,20,2,2,工作日,非高峰,2015-02-11,2015年2月11日,多云 /多云,11℃ / 3℃,东风 ≤3级 /东北风 ≤3级,多云,多云,11,3,东风,≤3级,东北风,≤3级,night
2015-02-11 19:30:00,北京路,1、追尾的,负全部责任,不负责任,0,贵GQ0037,蓝,1,贵A67L72,银,蓝天驾校,-1,2012/12/24 0:00,-1,福克斯牌,奥迪牌,364557000000000000 ,366766000000000000 ,197710,198712,19,2,2,工作日,晚高峰(17-19点),2015-02-11,2015年2月11日,多云 /多云,11℃ / 3℃,东风 ≤3级 /东北风 ≤3级,多云,多云,11,3,东风,≤3级,东北风,≤3级,day
2015-02-11 19:45:00,观山湖碧海路,1、追尾的,负全部责任,不负责任,1,云ANC127,黑,1,贵AKM933,蓝,-1,预约考试窗口,-1,2006/11/8 0:00,马自达牌,飞度,736546000000000000 ,364557000000000000 ,197209,198707,19,2,2,工作日,晚高峰(17-19点),2015-02-11,2015年2月11日,多云 /多云,11℃ / 3℃,东风 ≤3级 /东北风 ≤3级,多云,多云,11,3,东风,≤3级,东北风,≤3级,day
2015-02-12 00:00:00,南明区新华路,1、追尾的,负全部责任,不负责任,1,贵A81E45,白色,1,贵A76159,白色,（云岩区）省交通职业技术驾驶培训学校,-1,2007/8/2 0:00,-1,大众汽车牌,宗申,364547000000000000 ,36455051834159405X,198804,197509,0,3,2,工作日,非高峰,2015-02-12,2015年2月12日,多云 /多云,15℃ / 5℃,南风 ≤3级 /南风 ≤3级,多云,多云,15,5,南风,≤3级,南风,≤3级,night
2015-02-12 00:00:00,富源北路,7、未按规定让行的 ,负全部责任,不负责任,1,贵AS4598,白色,1,贵AA781R,白色,自培,自培,2004/3/15 0:00,2003/12/4 0:00,豪爵牌,五菱牌,674667000000000000 ,364596000000000000 ,197503,198504,0,3,2,工作日,非高峰,2015-02-12,2015年2月12日,多云 /多云,15℃ / 5℃,南风 ≤3级 /南风 ≤3级,多云,多云,15,5,南风,≤3级,南风,≤3级,night
2015-02-12 07:50:00,粑粑街路口,7、未按规定让行的 ,负全部责任,不负责任,1,贵A18H99,白色,1,贵AU7638,白色,自培,自培,2007/10/22 0:00,2011/12/13 0:00,东风日产牌,金龙牌,366564000000000000 ,364548000000000000 ,198109,198710,7,3,2,工作日,早高峰(7-9点),2015-02-12,2015年2月12日,多云 /多云,15℃ / 5℃,南风 ≤3级 /南风 ≤3级,多云,多云,15,5,南风,≤3级,南风,≤3级,day
2015-02-12 00:00:00,二戈寨,8、依法应负全责的其他情形,负全部责任,不负责任,1,贵A27700,白色,1,贵A249B7,白色,自培,十一培,2005/8/8 0:00,1997/7/18 0:00,解放牌,福田牌,364557000000000000 ,366875000000000000 ,197811,197405,0,3,2,工作日,非高峰,2015-02-12,2015年2月12日,多云 /多云,15℃ / 5℃,南风 ≤3级 /南风 ≤3级,多云,多云,15,5,南风,≤3级,南风,≤3级,night
2015-02-11 17:00:00,南明区贵尤大道,7、未按规定让行的 ,负全部责任,不负责任,1,贵AB1629,白色,1,贵AC2733,黑色,青正驾校,自培,2014/1/13 0:00,2004/6/8 0:00,金城牌,帕萨特牌,364556000000000000 ,366261000000000000 ,199503,198108,17,2,2,工作日,晚高峰(17-19点),2015-02-11,2015年2月11日,多云 /多云,11℃ / 3℃,东风 ≤3级 /东北风 ≤3级,多云,多云,11,3,东风,≤3级,东北风,≤3级,day
2015-02-11 16:30:00,83,3、倒车的,负全部责任,不负责任,1,贵HS6177,黑,1,贵A9284N,白,吉源驾校,自培,2014/2/25 0:00,2001/2/20 0:00,比亚迪牌,吉利牌,366766000000000000 ,366246000000000000 ,198306,196309,16,2,2,工作日,非高峰,2015-02-11,2015年2月11日,多云 /多云,11℃ / 3℃,东风 ≤3级 /东北风 ≤3级,多云,多云,11,3,东风,≤3级,东北风,≤3级,day
2015-02-11 17:50:00,富源北路,7、未按规定让行的 ,负全部责任,不负责任,1,贵A73186,白色,1,贵AKE245,白色,消防驾校,自培,2003/3/11 0:00,2002/9/17 0:00,解放,红旗牌,364557000000000000 ,364558000000000000 ,197510,197212,17,2,2,工作日,晚高峰(17-19点),2015-02-11,2015年2月11日,多云 /多云,11℃ / 3℃,东风 ≤3级 /东北风 ≤3级,多云,多云,11,3,东风,≤3级,东北风,≤3级,day
2015-02-12 07:30:00,小河,7、未按规定让行的 ,负全部责任,不负责任,1,贵AU6997,白色,1,贵AU7248,白色,-1,自培,-1,2000/7/14 0:00,宇通牌,福田牌,3645551285547417X,364548000000000000 ,967110,197812,7,3,2,工作日,早高峰(7-9点),2015-02-12,2015年2月12日,多云 /多云,15℃ / 5℃,南风 ≤3级 /南风 ≤3级,多云,多云,15,5,南风,≤3级,南风,≤3级,day
2015-02-11 18:00:00,金清线何关门口,8、依法应负全责的其他情形,负全部责任,不负责任,1,贵AGU331,银,1,贵GT7088,黑,自培,自培,2000/9/14 0:00,2008/5/23 0:00,松花江牌,长城牌,354664000000000000 ,364596000000000000 ,196202,198604,18,2,2,工作日,晚高峰(17-19点),2015-02-11,2015年2月11日,多云 /多云,11℃ / 3℃,东风 ≤3级 /东北风 ≤3级,多云,多云,11,3,东风,≤3级,东北风,≤3级,day
2015-02-11 21:38:00,云峰大道与华威南天交叉,1、追尾的,负全部责任,不负责任,1,贵AJU262,黑,1,贵AUA524,银,自培,自培,1998/3/24 0:00,2009/8/14 0:00,起亚牌,吉利美日牌,364548000000000000 ,366064000000000000 ,196412,198603,21,2,2,工作日,非高峰,2015-02-11,2015年2月11日,多云 /多云,11℃ / 3℃,东风 ≤3级 /东北风 ≤3级,多云,多云,11,3,东风,≤3级,东北风,≤3级,night