accidenttime,accidentaddr,driver1fault,driver1responsibility,driver2responsibility,sex1,platenumber1,carcolor1,sex2,platenumber2,carcolor2,jxmc1,jxmc2,cclzrq1,cclzrq2,clpp1,clpp2,driver1license,driver2license,brith1,brith2,hour,weekday,month,is_weekday,peak_hour,date,日期,天气状况,气温,风力风向,day_wea,night_wea,day_tep,night_tep,day_wind_direction,day_wind_speed,night_wind_direction,night_wind_speed,segment
2015-02-12 09:20:00,杨家山过200米,7、未按规定让行的 ,负全部责任,不负责任,1,贵ARM749,黑,1,贵AEP866,黑,-1,520123,-1,2008/12/1 0:00,比亚迪牌,马自达牌,369527000000000000 ,364547000000000000 ,194983,197110,9,3,2,工作日,早高峰(7-9点),2015-02-12,2015年2月12日,多云 /多云,15℃ / 5℃,南风 ≤3级 /南风 ≤3级,多云,多云,15,5,南风,≤3级,南风,≤3级,day
2015-02-12 00:00:00,花溪区孟关,7、未按规定让行的 ,负全部责任,不负责任,1,贵GN3712,白色,1,贵JS3224,白色,安顺市顺阳驾校培训学校,文通驾校,-1,2011/4/21 0:00,宝骏牌,英伦牌,366363000000000000 ,366875000000000000 ,199204,198611,0,3,2,工作日,非高峰,2015-02-12,2015年2月12日,多云 /多云,15℃ / 5℃,南风 ≤3级 /南风 ≤3级,多云,多云,15,5,南风,≤3级,南风,≤3级,night
2015-02-11 22:50:00,北京路,7、未按规定让行的 ,负全部责任,不负责任,1,贵AV5823,蓝,1,贵ATD549,黑,（经开区）十一驾驶培训有限公司,全林驾校,2010/7/30 0:00,2014/2/26 0:00,田野牌,斯柯达牌,364567000000000000 ,366664000000000000 ,198712,198612,22,2,2,工作日,非高峰,2015-02-11,2015年2月11日,多云 /多云,11℃ / 3℃,东风 ≤3级 /东北风 ≤3级,多云,多云,11,3,东风,≤3级,东北风,≤3级,night
2015-02-12 09:00:00,白云南路当行街,8、依法应负全责的其他情形,负全部责任,不负责任,1,贵A7349A,白,1,贵AC2745,银,-1,三星驾校,-1,2007/7/31 0:00,长安牌,豪爵牌,35466300000000000 ,366068000000000000 ,196402,197209,9,3,2,工作日,早高峰(7-9点),2015-02-12,2015年2月12日,多云 /多云,15℃ / 5℃,南风 ≤3级 /南风 ≤3级,多云,多云,15,5,南风,≤3级,南风,≤3级,day
2015-02-12 09:30:00,三桥综合市场,7、未按规定让行的 ,负全部责任,不负责任,1,渝LAM961,银,1,贵AGQ696,银,-1,-1,-1,-1,无,长安牌,34478051994267395X,366064000000000000 ,198806,198301,9,3,2,工作日,早高峰(7-9点),2015-02-12,2015年2月12日,多云 /多云,15℃ / 5℃,南风 ≤3级 /南风 ≤3级,多云,多云,15,5,南风,≤3级,南风,≤3级,day
2015-02-12 10:00:00,花果园,7、未按规定让行的 ,负全部责任,不负责任,0,贵A45M79,白,0,贵AV6601,黑,（乌当区）新华驾驶培训有限公司,-1,2004/11/22 14:50,-1,雪佛兰牌,马自达牌,366367000000000000 ,364548000000000000 ,197410,198606,10,3,2,工作日,非高峰,2015-02-12,2015年2月12日,多云 /多云,15℃ / 5℃,南风 ≤3级 /南风 ≤3级,多云,多云,15,5,南风,≤3级,南风,≤3级,day
2015-02-12 11:50:00,花溪大道艺校立交桥,1、追尾的,负全部责任,不负责任,1,贵AKR582,白色,1,贵AJA126,白色,-1,-1,-1,-1,捷达牌,长安牌,36454700000000 ,35524500000000000 ,195674,984021,11,3,2,工作日,非高峰,2015-02-12,2015年2月12日,多云 /多云,15℃ / 5℃,南风 ≤3级 /南风 ≤3级,多云,多云,15,5,南风,≤3级,南风,≤3级,day
2015-02-11 21:45:00,白云南路,3、倒车的,负全部责任,不负责任,0,贵AR6559,蓝,0,贵FL4989,红,自培,520106,2004/7/1 0:00,2008/7/23 0:00,宇锋牌,雪佛兰牌,364556000000000000 ,366361000000000000 ,197802,197102,21,2,2,工作日,非高峰,2015-02-11,2015年2月11日,多云 /多云,11℃ / 3℃,东风 ≤3级 /东北风 ≤3级,多云,多云,11,3,东风,≤3级,东北风,≤3级,night
2015-02-12 09:10:00,沙冲路电视机厂,7、未按规定让行的 ,负全部责任,不负责任,1,贵A734B3,白色,1,贵GM5939,白色,自培,长运驾校,2006/11/22 0:00,1991/3/23 0:00,五十铃牌,埃尔法,364567000000000000 ,364548000000000000 ,198610,196801,9,3,2,工作日,早高峰(7-9点),2015-02-12,2015年2月12日,多云 /多云,15℃ / 5℃,南风 ≤3级 /南风 ≤3级,多云,多云,15,5,南风,≤3级,南风,≤3级,day
2015-02-12 08:30:00,师大加油站,4、停车时未挂低速档、未拉驻车制动，导致车辆滑行的,负全部责任,不负责任,1,贵GS481,红,1,贵AED462,黑,铁二局驾校,十一培,2014/11/5 0:00,1998/5/29 0:00,-1,丰田牌,726647000000000000 ,64267500000000000 ,197006,197503,8,3,2,工作日,早高峰(7-9点),2015-02-12,2015年2月12日,多云 /多云,15℃ / 5℃,南风 ≤3级 /南风 ≤3级,多云,多云,15,5,南风,≤3级,南风,≤3级,day
2015-02-12 10:00:00,李山路,1、追尾的,负全部责任,不负责任,1,贵AU6531,绿,1,贵A32B96,黑,毕节地区黔中汽车(摩托车)驾驶培训学校,十一培,2009/10/26 0:00,1994/12/11 0:00,捷达牌,长城牌,366068000000000000 ,364548000000000000 ,197810,196808,10,3,2,工作日,非高峰,2015-02-12,2015年2月12日,多云 /多云,15℃ / 5℃,南风 ≤3级 /南风 ≤3级,多云,多云,15,5,南风,≤3级,南风,≤3级,day
2015-02-12 09:40:00,瑞金中路,7、未按规定让行的 ,负全部责任,不负责任,1,贵AE3445,红色,1,贵AU6056,黑色,自培,十一培,2001/7/9 0:00,1999/5/18 0:00,钱江牌,宇通牌,364547000000000000 ,364547000000000000 ,196204,196704,9,3,2,工作日,早高峰(7-9点),2015-02-12,2015年2月12日,多云 /多云,15℃ / 5℃,南风 ≤3级 /南风 ≤3级,多云,多云,15,5,南风,≤3级,南风,≤3级,day
2015-02-12 00:00:00,财经学院,9、不符合前8款规定或者双方同时具有上述情形的,负同等责任,负同等责任,0,贵A45C44,黑,1,贵A8190S,银,-1,自培,-1,2004/2/2 0:00,雪佛兰牌,夏利牌,364544000000 ,356767000000000000 ,53030,197107,0,3,2,工作日,非高峰,2015-02-12,2015年2月12日,多云 /多云,15℃ / 5℃,南风 ≤3级 /南风 ≤3级,多云,多云,15,5,南风,≤3级,南风,≤3级,night
2015-02-12 08:30:00,兴关路,3、倒车的,负全部责任,不负责任,1,贵ANR353,白色,1,贵A5894警,白色,市交校,自培,2010/2/12 0:00,2005/10/28 0:00,东风雪铁龙牌,-1,364547000000000000 ,364547000000000000 ,196902,197212,8,3,2,工作日,早高峰(7-9点),2015-02-12,2015年2月12日,多云 /多云,15℃ / 5℃,南风 ≤3级 /南风 ≤3级,多云,多云,15,5,南风,≤3级,南风,≤3级,day
2015-02-12 08:20:00,金清线与宾阳大道交汇处,9、不符合前8款规定或者双方同时具有上述情形的,负同等责任,负同等责任,1,贵A0234Y,黑,1,贵A3BG12,黑,-1,自培,-1,2007/4/8 0:00,五菱牌,吉利牌,34556500000000000 ,354364000000000000 ,989121,198207,8,3,2,工作日,早高峰(7-9点),2015-02-12,2015年2月12日,多云 /多云,15℃ / 5℃,南风 ≤3级 /南风 ≤3级,多云,多云,15,5,南风,≤3级,南风,≤3级,day
2015-02-12 10:20:00,北京西路与黔林公园路段,1、追尾的,负全部责任,不负责任,1,贵A48Y32,银,0,贵AU2791,绿,-1,自培,-1,2002/12/17 0:00,宝马,金洪牌,724566000000000000 ,366566000000000000 ,199802,197403,10,3,2,工作日,非高峰,2015-02-12,2015年2月12日,多云 /多云,15℃ / 5℃,南风 ≤3级 /南风 ≤3级,多云,多云,15,5,南风,≤3级,南风,≤3级,day
2015-02-11 16:30:00,白云区白云路,9、不符合前8款规定或者双方同时具有上述情形的,负同等责任,负同等责任,0,贵FV6015,黄,1,贵A509A5,银,自培,自培,2006/2/28 0:00,2003/4/7 0:00,锋范牌,解放牌,366067000000000000 ,366361000000000000 ,197711,197006,16,2,2,工作日,非高峰,2015-02-11,2015年2月11日,多云 /多云,11℃ / 3℃,东风 ≤3级 /东北风 ≤3级,多云,多云,11,3,东风,≤3级,东北风,≤3级,day
2015-02-12 10:00:00,西二环,1、追尾的,负全部责任,不负责任,1,贵AX8989,白,1,贵AKK149,蓝,自培,自培,2004/5/13 0:00,2004/5/17 0:00,起亚牌,起亚牌,366361000000000000 ,364547000000000000 ,196505,197105,10,3,2,工作日,非高峰,2015-02-12,2015年2月12日,多云 /多云,15℃ / 5℃,南风 ≤3级 /南风 ≤3级,多云,多云,15,5,南风,≤3级,南风,≤3级,day
2015-02-12 01:30:00,碧桂园,7、未按规定让行的 ,负全部责任,不负责任,1,贵A9A662,黑色,1,贵H3BY25,白色,自培,自培,2007/9/19 0:00,2007/7/26 0:00,大众,-1,366068000000000000 ,364557000000000000 ,197709,198010,1,3,2,工作日,非高峰,2015-02-12,2015年2月12日,多云 /多云,15℃ / 5℃,南风 ≤3级 /南风 ≤3级,多云,多云,15,5,南风,≤3级,南风,≤3级,night
2015-02-12 08:30:00,交警五大队门口,1、追尾的,负全部责任,不负责任,1,贵JDB414,白色,1,贵A93N41,黑色,消防驾校,大地驾校,2014/7/17 0:00,2006/5/19 0:00,一汽牌,丰田牌,364556000000000000 ,364556000000000000 ,199210,197910,8,3,2,工作日,早高峰(7-9点),2015-02-12,2015年2月12日,多云 /多云,15℃ / 5℃,南风 ≤3级 /南风 ≤3级,多云,多云,15,5,南风,≤3级,南风,≤3级,day
2015-02-12 11:12:00,乌当区龙广路,1、追尾的,负全部责任,不负责任,1,贵A74Y57,蓝,1,贵AS3388,黑,贵州平安驾驶培训学校,贵州平安驾驶培训学校,2014/7/23 0:00,2011/5/18 0:00,马自达牌,日雅牌,357167000000000000 ,366566000000000000 ,199312,197512,11,3,2,工作日,非高峰,2015-02-12,2015年2月12日,多云 /多云,15℃ / 5℃,南风 ≤3级 /南风 ≤3级,多云,多云,15,5,南风,≤3级,南风,≤3级,day
2015-02-12 10:20:00,小关隧道,1、追尾的,负全部责任,不负责任,1,贵AGA165,白,1,贵A74W66,绿,-1,-1,-1,-1,一汽牌,歌诗图牌,54895500000000000 ,366569000000000000 ,197382,197311,10,3,2,工作日,非高峰,2015-02-12,2015年2月12日,多云 /多云,15℃ / 5℃,南风 ≤3级 /南风 ≤3级,多云,多云,15,5,南风,≤3级,南风,≤3级,day
2015-02-12 11:30:00,沙冲路,1、追尾的,负全部责任,不负责任,1,贵AFX086,白色,1,贵AMK508,白色,-1,520107,-1,2010/8/31 0:00,东风雪铁龙牌,福特,364547000000000 ,36454651995659705X,701121,198812,11,3,2,工作日,非高峰,2015-02-12,2015年2月12日,多云 /多云,15℃ / 5℃,南风 ≤3级 /南风 ≤3级,多云,多云,15,5,南风,≤3级,南风,≤3级,day
2015-02-12 13:15:00,六广门,1、追尾的,负全部责任,不负责任,1,贵Av8699,绿,1,贵A85W59,红,-1,-1,-1,-1,-1,大众汽车牌,364548000000000000 ,36455500000000000 ,196703,976032,13,3,2,工作日,非高峰,2015-02-12,2015年2月12日,多云 /多云,15℃ / 5℃,南风 ≤3级 /南风 ≤3级,多云,多云,15,5,南风,≤3级,南风,≤3级,day
2015-02-12 14:43:00,黄河路,7、未按规定让行的 ,负全部责任,不负责任,1,贵ARC789,白色,1,贵A141X,白色,-1,鑫鑫驾校,-1,2014/9/2 0:00,东风牌,-1,76046500000000000 ,364647000000000000 ,197005,198502,14,3,2,工作日,非高峰,2015-02-12,2015年2月12日,多云 /多云,15℃ / 5℃,南风 ≤3级 /南风 ≤3级,多云,多云,15,5,南风,≤3级,南风,≤3级,day
2015-02-12 14:48:00,黄河路,7、未按规定让行的 ,负全部责任,不负责任,1,豫AJ5015,白色,1,贵A6BJ49,白色,-1,贵州省长安驾驶培训学校,-1,2014/10/29 0:00,嘉陵牌,马自达牌,64265500000000000 ,364547000000000000 ,198801,198012,14,3,2,工作日,非高峰,2015-02-12,2015年2月12日,多云 /多云,15℃ / 5℃,南风 ≤3级 /南风 ≤3级,多云,多云,15,5,南风,≤3级,南风,≤3级,day
2015-02-12 16:30:00,乌当区083厂区,3、倒车的,负全部责任,不负责任,1,贵AS6177,无,1,贵AEF863,无,-1,-1,-1,-1,建设-雅马哈牌,比亚迪牌,36676500000000000 ,366245000000000 ,983062,661112,16,3,2,工作日,非高峰,2015-02-12,2015年2月12日,多云 /多云,15℃ / 5℃,南风 ≤3级 /南风 ≤3级,多云,多云,15,5,南风,≤3级,南风,≤3级,day
2015-02-12 11:30:00,花果园B13停车场,3、倒车的,负全部责任,不负责任,1,贵A0BK82,黑色,1,贵GT5305,白色,（南明区）吉源驾驶培训有限公司,市警校驾校,2008/1/29 0:00,2012/11/7 0:00,雪佛兰牌,大众汽车牌,366361000000000000 ,364548000000000000 ,198809,197603,11,3,2,工作日,非高峰,2015-02-12,2015年2月12日,多云 /多云,15℃ / 5℃,南风 ≤3级 /南风 ≤3级,多云,多云,15,5,南风,≤3级,南风,≤3级,day
2015-02-12 15:30:00,花溪区金筑镇,1、追尾的,负全部责任,不负责任,1,贵A6525N,白色,1,贵A23M64,白色,顺一驾驶培训学校,全林驾校,2012/4/11 0:00,2013/2/25 0:00,波罗牌,雪佛兰牌,364556000000000000 ,364547000000000000 ,198909,198906,15,3,2,工作日,非高峰,2015-02-12,2015年2月12日,多云 /多云,15℃ / 5℃,南风 ≤3级 /南风 ≤3级,多云,多云,15,5,南风,≤3级,南风,≤3级,day
2015-02-12 13:30:00,机场,7、未按规定让行的 ,负全部责任,不负责任,1,川A703BA,白色,1,贵AU0041,绿色,-1,520109,-1,2009/3/26 0:00,索兰托,宝来牌,35747551884540447X,366061000000000000 ,197701,198305,13,3,2,工作日,非高峰,2015-02-12,2015年2月12日,多云 /多云,15℃ / 5℃,南风 ≤3级 /南风 ≤3级,多云,多云,15,5,南风,≤3级,南风,≤3级,day
2015-02-12 16:00:00,小河北京华联门口,9、不符合前8款规定或者双方同时具有上述情形的,负同等责任,负同等责任,1,贵A76M21,白色,1,贵AU6102,白色,自培,-1,2004/12/30 0:00,-1,金杯牌,捷达牌,354566000000000000 ,366067000000000000 ,197412,197107,16,3,2,工作日,非高峰,2015-02-12,2015年2月12日,多云 /多云,15℃ / 5℃,南风 ≤3级 /南风 ≤3级,多云,多云,15,5,南风,≤3级,南风,≤3级,day
2015-02-12 10:10:00,小河清水江路,1、追尾的,负全部责任,不负责任,1,贵A09999,白色,1,贵A7728Z,白色,自培,-1,2003/8/14 0:00,-1,奥拓,豪情牌,374796000000000000 ,364556000000000000 ,198401,197211,10,3,2,工作日,非高峰,2015-02-12,2015年2月12日,多云 /多云,15℃ / 5℃,南风 ≤3级 /南风 ≤3级,多云,多云,15,5,南风,≤3级,南风,≤3级,day
2015-02-12 10:30:00,世纪城,8、依法应负全责的其他情形,负全部责任,不负责任,0,贵A80777,蓝,0,贵AA296X,香槟,自培,-1,2002/11/8 0:00,-1,恒通客车牌,起亚牌,364557000000000000 ,355741000000000000 ,198010,197906,10,3,2,工作日,非高峰,2015-02-12,2015年2月12日,多云 /多云,15℃ / 5℃,南风 ≤3级 /南风 ≤3级,多云,多云,15,5,南风,≤3级,南风,≤3级,day
2015-02-12 12:18:00,中华中路喷水池,1、追尾的,负全部责任,不负责任,1,贵AU7945,黑色,1,贵AN7104,白色,自培,贵州省长安驾驶培训学校,2005/6/29 0:00,2011/9/13 0:00,奇瑞牌,骏逸牌,366666000000000000 ,364547000000000000 ,198309,199002,12,3,2,工作日,非高峰,2015-02-12,2015年2月12日,多云 /多云,15℃ / 5℃,南风 ≤3级 /南风 ≤3级,多云,多云,15,5,南风,≤3级,南风,≤3级,day
2015-02-12 11:25:00,黔灵山路,7、未按规定让行的 ,负全部责任,不负责任,1,云A42D91,白,1,贵A35W63,黑,自培,-1,2006/11/14 0:00,-1,五菱牌,东风雪铁龙,366569000000000000 ,364547000000000000 ,197310,198104,11,3,2,工作日,非高峰,2015-02-12,2015年2月12日,多云 /多云,15℃ / 5℃,南风 ≤3级 /南风 ≤3级,多云,多云,15,5,南风,≤3级,南风,≤3级,day
2015-02-12 14:00:00,银海花园门口,7、未按规定让行的 ,负全部责任,不负责任,0,贵A68H19,黄,0,贵ANR215,黑,-1,十一培,-1,1991/3/6 0:00,大众汽车牌,丰田牌,366761000000000000 ,364557000000000000 ,198104,196802,14,3,2,工作日,非高峰,2015-02-12,2015年2月12日,多云 /多云,15℃ / 5℃,南风 ≤3级 /南风 ≤3级,多云,多云,15,5,南风,≤3级,南风,≤3级,day
2015-02-12 12:15:00,玉厂路,3、倒车的,负全部责任,不负责任,1,渝GP5384,白色,1,贵A7E685,白色,-1,十一培,-1,1997/7/8 0:00,英伦牌,吉利牌,356758000000000000 ,366368000000000000 ,195508,197612,12,3,2,工作日,非高峰,2015-02-12,2015年2月12日,多云 /多云,15℃ / 5℃,南风 ≤3级 /南风 ≤3级,多云,多云,15,5,南风,≤3级,南风,≤3级,day
2015-02-12 08:30:00,杨家山,1、追尾的,负全部责任,不负责任,1,贵AZQ158,白色,1,贵AAH883,白色,自培,十一培,2012/8/2 0:00,1991/7/28 0:00,北京牌,沃尔沃,366663000000000000 ,36454751275474327X,199206,196310,8,3,2,工作日,早高峰(7-9点),2015-02-12,2015年2月12日,多云 /多云,15℃ / 5℃,南风 ≤3级 /南风 ≤3级,多云,多云,15,5,南风,≤3级,南风,≤3级,day
2015-02-12 10:38:00,艺校立交桥,1、追尾的,负全部责任,不负责任,1,贵AJA126,白色,1,贵AV2832,黑色,自培,自培,2009/4/10 0:00,2003/6/27 0:00,长安牌,嘉龙牌,355247000000000000 ,364556000000000000 ,198402,196901,10,3,2,工作日,非高峰,2015-02-12,2015年2月12日,多云 /多云,15℃ / 5℃,南风 ≤3级 /南风 ≤3级,多云,多云,15,5,南风,≤3级,南风,≤3级,day
2015-02-12 10:10:00,中山东路和宝山路交叉,1、追尾的,负全部责任,不负责任,1,贵AV5003,白色,1,贵AU5607,白色,（乌当区）平安驾驶培训有限公司,自培,2006/11/20 0:00,2004/5/18 0:00,五菱牌,捷达牌,366064000000000000 ,366067000000000000 ,197811,198210,10,3,2,工作日,非高峰,2015-02-12,2015年2月12日,多云 /多云,15℃ / 5℃,南风 ≤3级 /南风 ≤3级,多云,多云,15,5,南风,≤3级,南风,≤3级,day
2015-02-12 15:30:00,友谊路口,1、追尾的,负全部责任,不负责任,1,粤X3Y256,黑,1,贵AU7388,绿,-1,自培,-1,2005/2/28 0:00,奥迪牌,恒通客车牌,364548000000000000 ,364557000000000000 ,197104,197712,15,3,2,工作日,非高峰,2015-02-12,2015年2月12日,多云 /多云,15℃ / 5℃,南风 ≤3级 /南风 ≤3级,多云,多云,15,5,南风,≤3级,南风,≤3级,day
2015-02-13 08:45:00,小河珠江路小城故事,7、未按规定让行的 ,负全部责任,不负责任,1,贵A5AF82,白色,1,贵AKD142,白色,-1,自培,-1,2004/5/25 0:00,蒙迪欧牌,长城牌,366670000000000000 ,364556000000000000 ,199310,196903,8,4,2,工作日,早高峰(7-9点),2015-02-13,2015年2月13日,多云 /阵雨,17℃ / 8℃,南风 ≤3级 /南风 ≤3级,多云,阵雨,17,8,南风,≤3级,南风,≤3级,day
2015-02-13 15:00:00,黄河路中段,1、追尾的,负全部责任,不负责任,1,贵A1K75警,白色,1,贵ACG926,白色,自培,-1,2005/11/28 0:00,-1,-1,长安牌,364557000000000000 ,366363000000000000 ,198301,196503,15,4,2,工作日,非高峰,2015-02-13,2015年2月13日,多云 /阵雨,17℃ / 8℃,南风 ≤3级 /南风 ≤3级,多云,阵雨,17,8,南风,≤3级,南风,≤3级,day
2015-02-12 21:38:00,未来方舟售楼处,7、未按规定让行的 ,负全部责任,不负责任,1,贵A65G87,黑,0,粤AK4E29,黑,顺一驾驶培训学校,-1,2012/7/30 0:00,-1,大众汽车牌,大众牌,364557000000000000 ,64555500000000000 ,199003,197901,21,3,2,工作日,非高峰,2015-02-12,2015年2月12日,多云 /多云,15℃ / 5℃,南风 ≤3级 /南风 ≤3级,多云,多云,15,5,南风,≤3级,南风,≤3级,night
2015-02-12 20:10:00,文昌南路,7、未按规定让行的 ,负全部责任,不负责任,1,贵A34M43,白色,1,贵A41V98,白色,全林驾校,凯利驾校,2012/4/17 0:00,-1,起亚牌,宝马牌,364547000000000000 ,366246000000000000 ,199002,198405,20,3,2,工作日,非高峰,2015-02-12,2015年2月12日,多云 /多云,15℃ / 5℃,南风 ≤3级 /南风 ≤3级,多云,多云,15,5,南风,≤3级,南风,≤3级,night
2015-02-12 13:50:00,孟关汽车城,7、未按规定让行的 ,负全部责任,不负责任,1,贵ACQ325,白色,1,贵AA123E,黑色,-1,时发,-1,2005/7/4 0:00,东风牌,宝马牌,357868000000000000 ,366368000000000000 ,198305,197912,13,3,2,工作日,非高峰,2015-02-12,2015年2月12日,多云 /多云,15℃ / 5℃,南风 ≤3级 /南风 ≤3级,多云,多云,15,5,南风,≤3级,南风,≤3级,day
2015-02-13 12:50:00,南郊公园,7、未按规定让行的 ,负全部责任,不负责任,1,临贵A6D296,白色,1,贵A179957,白色,铁二局驾校,顺一驾驶培训学校,2011/9/13 0:00,2013/4/3 0:00,-1,-1,366064000000000000 ,364556000000000000 ,198309,198612,12,4,2,工作日,非高峰,2015-02-13,2015年2月13日,多云 /阵雨,17℃ / 8℃,南风 ≤3级 /南风 ≤3级,多云,阵雨,17,8,南风,≤3级,南风,≤3级,day
2015-02-13 14:10:00,花香村,7、未按规定让行的 ,负全部责任,不负责任,1,贵A58A46,白色,1,贵AU0206,白色,时发驾校,预约考试窗口,2012/5/7 0:00,2006/11/30 0:00,大众汽车牌,万达牌,364547000000000000 ,364551000000000000 ,197012,197911,14,4,2,工作日,非高峰,2015-02-13,2015年2月13日,多云 /阵雨,17℃ / 8℃,南风 ≤3级 /南风 ≤3级,多云,阵雨,17,8,南风,≤3级,南风,≤3级,day
2015-02-12 19:17:00,兴隆花园南二环,7、未按规定让行的 ,负全部责任,不负责任,1,贵A2BA59,白色,1,贵AU5799,红色,（南明区）贵工大驾驶培训有限公司,-1,2010/2/24 0:00,-1,揽胜极光,捷达牌,366666000000000000 ,364568000000000000 ,199009,199007,19,3,2,工作日,晚高峰(17-19点),2015-02-12,2015年2月12日,多云 /多云,15℃ / 5℃,南风 ≤3级 /南风 ≤3级,多云,多云,15,5,南风,≤3级,南风,≤3级,day
2015-02-13 12:00:00,智慧龙城,8、依法应负全责的其他情形,负全部责任,不负责任,1,贵A6D523,黑,1,贵ASG154,银,-1,鑫鑫驾校,-1,2011/6/24 0:00,英菲尼迪QX602488CC小客车,长安牌,366663000000000000 ,364548000000000000 ,198410,198912,12,4,2,工作日,非高峰,2015-02-13,2015年2月13日,多云 /阵雨,17℃ / 8℃,南风 ≤3级 /南风 ≤3级,多云,阵雨,17,8,南风,≤3级,南风,≤3级,day
2015-02-12 13:30:00,金阳会展城,1、追尾的,负全部责任,不负责任,1,贵AE9116,黑,1,贵O83289,蓝,自培,-1,2001/6/25 0:00,-1,雪佛兰牌,-1,366764000000000000 ,366663000000000000 ,197908,198512,13,3,2,工作日,非高峰,2015-02-12,2015年2月12日,多云 /多云,15℃ / 5℃,南风 ≤3级 /南风 ≤3级,多云,多云,15,5,南风,≤3级,南风,≤3级,day
2015-02-13 14:30:00,大营坡桥下,7、未按规定让行的 ,负全部责任,不负责任,1,贵A224E4,白色,1,贵AU5106,白色,-1,十一培,-1,1990/2/27 0:00,五菱牌,陆胜牌,366064000000000000 ,364547000000000000 ,197205,196805,14,4,2,工作日,非高峰,2015-02-13,2015年2月13日,多云 /阵雨,17℃ / 8℃,南风 ≤3级 /南风 ≤3级,多云,阵雨,17,8,南风,≤3级,南风,≤3级,day
2015-02-13 16:50:00,沙冲路,1、追尾的,负全部责任,不负责任,1,贵A97B58,白色,1,贵ARG544,白色,-1,十一培,-1,1985/4/9 0:00,三菱牌,朗逸牌,364547000000000000 ,364547000000000000 ,198401,195504,16,4,2,工作日,非高峰,2015-02-13,2015年2月13日,多云 /阵雨,17℃ / 8℃,南风 ≤3级 /南风 ≤3级,多云,阵雨,17,8,南风,≤3级,南风,≤3级,day
2015-02-12 14:00:00,油榨街,9、不符合前8款规定或者双方同时具有上述情形的,负同等责任,负同等责任,1,贵A37N59,白色,1,贵A75W43,白色,自培,十一培,2005/6/2 0:00,1997/2/17 0:00,中华牌,一汽佳星牌,55666500000000000 ,364547000000000000 ,197312,196303,14,3,2,工作日,非高峰,2015-02-12,2015年2月12日,多云 /多云,15℃ / 5℃,南风 ≤3级 /南风 ≤3级,多云,多云,15,5,南风,≤3级,南风,≤3级,day
2015-02-13 15:30:00,师大,1、追尾的,负全部责任,不负责任,1,贵AU3759,绿,1,贵A53N91,黑,（观山湖区）蓝天驾驶培训有限公司,自培,2010/6/13 0:00,2005/6/2 0:00,豪达牌,起亚牌,364557000000000000 ,366067000000000000 ,199011,197602,15,4,2,工作日,非高峰,2015-02-13,2015年2月13日,多云 /阵雨,17℃ / 8℃,南风 ≤3级 /南风 ≤3级,多云,阵雨,17,8,南风,≤3级,南风,≤3级,day
2015-02-12 15:40:00,南明区沙冲路,5、开关车门的,负全部责任,不负责任,1,贵AU885,白色,1,贵A1E429,白色,自培,自培,2001/8/8 0:00,2003/4/18 0:00,-1,-1,364547000000000000 ,366261000000000000 ,197710,197503,15,3,2,工作日,非高峰,2015-02-12,2015年2月12日,多云 /多云,15℃ / 5℃,南风 ≤3级 /南风 ≤3级,多云,多云,15,5,南风,≤3级,南风,≤3级,day
2015-02-12 13:10:00,黔林山路,1、追尾的,负全部责任,不负责任,1,贵AL1858,黑,1,贵A1BG76,黑,自培,自培,2004/5/27 0:00,2005/5/26 0:00,嘉隆牌,林肯,366367000000000000 ,56968500000000000 ,197301,198702,13,3,2,工作日,非高峰,2015-02-12,2015年2月12日,多云 /多云,15℃ / 5℃,南风 ≤3级 /南风 ≤3级,多云,多云,15,5,南风,≤3级,南风,≤3级,day
2015-02-13 21:15:00,花溪公园,7、未按规定让行的 ,负全部责任,不负责任,1,贵A8310A,白色,1,贵A5943A,黑色,-1,铁二局驾校,-1,2012/10/31 0:00,长安牌,英致牌,366568000000000000 ,36455551824153566X,196905,197609,21,4,2,工作日,非高峰,2015-02-13,2015年2月13日,多云 /阵雨,17℃ / 8℃,南风 ≤3级 /南风 ≤3级,多云,阵雨,17,8,南风,≤3级,南风,≤3级,night
2015-02-14 08:49:00,花溪区田园南路,7、未按规定让行的 ,负全部责任,不负责任,1,贵A037E5,白色,1,贵AAA866,白色,-1,520102,-1,2008/12/22 0:00,解放牌,奥迪牌,366061000000000000 ,364547000000000000 ,198205,197904,8,5,2,工作日,早高峰(7-9点),2015-02-14,2015年2月14日,阵雨 /雷阵雨,16℃ / 10℃,南风 ≤3级 /南风 ≤3级,阵雨,雷阵雨,16,10,南风,≤3级,南风,≤3级,day
2015-02-13 17:00:00,花果园,7、未按规定让行的 ,负全部责任,不负责任,1,贵JR7674,黑色,1,贵A5374W,白色,-1,贵州天河驾校,-1,2014/7/20 0:00,丰田牌,雪佛兰牌,366875000000000000 ,364556000000000000 ,198106,198612,17,4,2,工作日,晚高峰(17-19点),2015-02-13,2015年2月13日,多云 /阵雨,17℃ / 8℃,南风 ≤3级 /南风 ≤3级,多云,阵雨,17,8,南风,≤3级,南风,≤3级,day