accidenttime,accidentaddr,driver1fault,driver1responsibility,driver2responsibility,sex1,platenumber1,carcolor1,sex2,platenumber2,carcolor2,jxmc1,jxmc2,cclzrq1,cclzrq2,clpp1,clpp2,driver1license,driver2license,brith1,brith2,hour,weekday,month,is_weekday,peak_hour,date,日期,天气状况,气温,风力风向,day_wea,night_wea,day_tep,night_tep,day_wind_direction,day_wind_speed,night_wind_direction,night_wind_speed,segment
2015-02-13 14:00:00,西二环甲秀立交,9、不符合前8款规定或者双方同时具有上述情形的,负同等责任,负同等责任,1,贵DEL882,白色,1,贵A5F251,白色,贵州省铜仁梵净山驾驶培训学校有限公司,全林驾校,-1,2012/10/22 0:00,吉利美日牌,吉利牌,355766000000000000 ,366564000000000000 ,198801,196312,14,4,2,工作日,非高峰,2015-02-13,2015年2月13日,多云 /阵雨,17℃ / 8℃,南风 ≤3级 /南风 ≤3级,多云,阵雨,17,8,南风,≤3级,南风,≤3级,day
2015-02-14 02:00:00,水口寺大桥,1、追尾的,负全部责任,不负责任,1,贵AV5301,绿色,1,贵A757J49,白色,-1,（南明区）阳光驾驶培训有限公司,-1,2009/9/26 0:00,长安牌,-1,364567000000000000 ,366267000000000000 ,198608,197908,2,5,2,工作日,非高峰,2015-02-14,2015年2月14日,阵雨 /雷阵雨,16℃ / 10℃,南风 ≤3级 /南风 ≤3级,阵雨,雷阵雨,16,10,南风,≤3级,南风,≤3级,night
2015-02-14 01:05:00,贵安大道天利机械城,7、未按规定让行的 ,负全部责任,不负责任,1,贵AHB313,白色,1,贵AD4863,白色,自培,贵大佳德驾驶培训学校,1998/10/16 0:00,2012/9/11 0:00,奥迪牌,英菲尼迪,734569000000000000 ,734596000000000000 ,196512,199112,1,5,2,工作日,非高峰,2015-02-14,2015年2月14日,阵雨 /雷阵雨,16℃ / 10℃,南风 ≤3级 /南风 ≤3级,阵雨,雷阵雨,16,10,南风,≤3级,南风,≤3级,night
2015-02-14 01:50:00,开发大道王宽村,7、未按规定让行的 ,负全部责任,不负责任,1,贵A58S63,白色,1,贵HBF316,白色,-1,520125,-1,2008/10/29 0:00,东风牌,东风雪铁龙牌,357464000000000000 ,364547000000000000 ,198410,196801,1,5,2,工作日,非高峰,2015-02-14,2015年2月14日,阵雨 /雷阵雨,16℃ / 10℃,南风 ≤3级 /南风 ≤3级,阵雨,雷阵雨,16,10,南风,≤3级,南风,≤3级,night
2015-02-14 08:30:00,小河,7、未按规定让行的 ,负全部责任,不负责任,1,贵APX842,白色,1,贵A79R83,白色,-1,-1,-1,-1,解放牌,福克斯牌,366064000000000000 ,355266000000000000 ,197404,199302,8,5,2,工作日,早高峰(7-9点),2015-02-14,2015年2月14日,阵雨 /雷阵雨,16℃ / 10℃,南风 ≤3级 /南风 ≤3级,阵雨,雷阵雨,16,10,南风,≤3级,南风,≤3级,day
2015-02-14 14:15:00,甲秀南路,1、追尾的,负全部责任,不负责任,1,贵AKS459,黑,1,贵ASJ271,蓝,-1,新华驾校,-1,2011/1/4 0:00,轩逸牌,华泰圣达菲牌,364547000000000 ,366568000000000000 ,700517,197409,14,5,2,工作日,非高峰,2015-02-14,2015年2月14日,阵雨 /雷阵雨,16℃ / 10℃,南风 ≤3级 /南风 ≤3级,阵雨,雷阵雨,16,10,南风,≤3级,南风,≤3级,day
2015-02-14 14:40:00,八公里,7、未按规定让行的 ,负全部责任,不负责任,1,贵A4801K,白色,1,贵AJE821,白色,-1,520106,-1,2009/7/13 0:00,长安牌,五菱牌,364568000000000000 ,366367000000000000 ,198605,198208,14,5,2,工作日,非高峰,2015-02-14,2015年2月14日,阵雨 /雷阵雨,16℃ / 10℃,南风 ≤3级 /南风 ≤3级,阵雨,雷阵雨,16,10,南风,≤3级,南风,≤3级,day
2015-02-14 13:30:00,黄河路,7、未按规定让行的 ,负全部责任,不负责任,1,贵GE1317,灰色,1,贵AA3713,灰色,-1,预约考试窗口,-1,2006/11/24 0:00,雷克萨斯,别克牌,364547000000000000 ,364547000000000000 ,196301,198805,13,5,2,工作日,非高峰,2015-02-14,2015年2月14日,阵雨 /雷阵雨,16℃ / 10℃,南风 ≤3级 /南风 ≤3级,阵雨,雷阵雨,16,10,南风,≤3级,南风,≤3级,day
2015-02-13 19:30:00,鸿通城,7、未按规定让行的 ,负全部责任,不负责任,1,贵AGV897,黑色,1,贵AHM046,白色,自培,市交校,2005/11/30 0:00,2011/6/27 0:00,宝马牌,起亚牌,36656751824642747X,364547000000000000 ,197602,198904,19,4,2,工作日,晚高峰(17-19点),2015-02-13,2015年2月13日,多云 /阵雨,17℃ / 8℃,南风 ≤3级 /南风 ≤3级,多云,阵雨,17,8,南风,≤3级,南风,≤3级,day
2015-02-14 06:50:00,威清路口,7、未按规定让行的 ,负全部责任,不负责任,1,贵A47K17,黑色,1,贵AU3651,白色,自培,自培,2003/8/29 0:00,2000/5/9 0:00,大众汽车牌,隆鑫牌,364547000000000000 ,364547000000000000 ,196701,197912,6,5,2,工作日,非高峰,2015-02-14,2015年2月14日,阵雨 /雷阵雨,16℃ / 10℃,南风 ≤3级 /南风 ≤3级,阵雨,雷阵雨,16,10,南风,≤3级,南风,≤3级,day
2015-02-14 10:06:00,遵义路,7、未按规定让行的 ,负全部责任,不负责任,1,贵A55A45,白色,1,贵GT9475,白色,自培,-1,2008/11/18 0:00,-1,福克斯牌,大众牌,364548000000000000 ,36626851954047725X,197812,198104,10,5,2,工作日,非高峰,2015-02-14,2015年2月14日,阵雨 /雷阵雨,16℃ / 10℃,南风 ≤3级 /南风 ≤3级,阵雨,雷阵雨,16,10,南风,≤3级,南风,≤3级,day
2015-02-14 03:30:00,西工厂侧门,8、依法应负全责的其他情形,负全部责任,不负责任,1,贵AB625J,白色,1,贵AAX562,白色,阳光驾校,自培,2015/1/5 0:00,2003/4/17 0:00,三菱牌,杰德牌,364556000000000000 ,364548000000000000 ,197409,197811,3,5,2,工作日,非高峰,2015-02-14,2015年2月14日,阵雨 /雷阵雨,16℃ / 10℃,南风 ≤3级 /南风 ≤3级,阵雨,雷阵雨,16,10,南风,≤3级,南风,≤3级,night
2015-02-13 17:50:00,机场路,7、未按规定让行的 ,负全部责任,不负责任,1,贵AU0703,黑色,1,贵A71P31,白色,自培,全林驾校,2003/5/6 0:00,2007/5/9 0:00,富先达,别克牌,364547000000000000 ,36654551984969825X,195911,198708,17,4,2,工作日,晚高峰(17-19点),2015-02-13,2015年2月13日,多云 /阵雨,17℃ / 8℃,南风 ≤3级 /南风 ≤3级,多云,阵雨,17,8,南风,≤3级,南风,≤3级,day
2015-02-13 17:00:00,花果园立交桥下,1、追尾的,负全部责任,不负责任,1,鄂B0JM76,白色,1,贵AU1394,白色,-1,十一培,-1,1996/8/20 0:00,\N,日雅牌,366876000000000000 ,364547000000000000 ,197601,197604,17,4,2,工作日,晚高峰(17-19点),2015-02-13,2015年2月13日,多云 /阵雨,17℃ / 8℃,南风 ≤3级 /南风 ≤3级,多云,阵雨,17,8,南风,≤3级,南风,≤3级,day
2015-02-14 09:50:00,沙冲南路消防总队门口,7、未按规定让行的 ,负全部责任,不负责任,1,贵F09709,白色,1,贵AU7401,白色,自培,十一培,2011/7/8 0:00,1996/1/7 0:00,红旗牌,福田牌,366061000000000000 ,366367000000000000 ,197305,197012,9,5,2,工作日,早高峰(7-9点),2015-02-14,2015年2月14日,阵雨 /雷阵雨,16℃ / 10℃,南风 ≤3级 /南风 ≤3级,阵雨,雷阵雨,16,10,南风,≤3级,南风,≤3级,day
2015-02-14 12:25:00,凤凰山,1、追尾的,负全部责任,不负责任,1,贵A39X96,白色,1,贵AD2972,黑色,-1,十一培,-1,1996/8/13 0:00,福克斯牌,双庆牌,36436651365655895X,364547000000000000 ,195212,196704,12,5,2,工作日,非高峰,2015-02-14,2015年2月14日,阵雨 /雷阵雨,16℃ / 10℃,南风 ≤3级 /南风 ≤3级,阵雨,雷阵雨,16,10,南风,≤3级,南风,≤3级,day
2015-02-14 13:00:00,二戈寨,7、未按规定让行的 ,负全部责任,不负责任,1,贵A7354R,白色,1,贵AM6822,白色,-1,十一培,-1,1999/3/17 0:00,雪佛兰牌,东宏牌,366368000000000000 ,364548000000000000 ,196808,197111,13,5,2,工作日,非高峰,2015-02-14,2015年2月14日,阵雨 /雷阵雨,16℃ / 10℃,南风 ≤3级 /南风 ≤3级,阵雨,雷阵雨,16,10,南风,≤3级,南风,≤3级,day
2015-02-13 19:42:00,龙洞堡,7、未按规定让行的 ,负全部责任,不负责任,1,粤SW678H,黑,1,贵AV6605,蓝,自培,十一培,2014/9/12 0:00,1991/1/8 0:00,五菱牌,新阳光牌,366661000000000000 ,364547000000000000 ,196809,197301,19,4,2,工作日,晚高峰(17-19点),2015-02-13,2015年2月13日,多云 /阵雨,17℃ / 8℃,南风 ≤3级 /南风 ≤3级,多云,阵雨,17,8,南风,≤3级,南风,≤3级,day
2015-02-13 09:20:00,云峰大道,1、追尾的,负全部责任,不负责任,1,贵AWE448,蓝,1,贵A7885R,黑,自培,十一培,2001/7/9 0:00,1997/10/27 0:00,奥德赛牌,长安牌,774768000000000000 ,364558000000000000 ,197004,196505,9,4,2,工作日,早高峰(7-9点),2015-02-13,2015年2月13日,多云 /阵雨,17℃ / 8℃,南风 ≤3级 /南风 ≤3级,多云,阵雨,17,8,南风,≤3级,南风,≤3级,day
2015-02-13 15:50:00,花果园,7、未按规定让行的 ,负全部责任,不负责任,1,贵GT4045,黑色,1,贵ANC128,白色,自培,自培,2004/5/9 0:00,2012/4/11 0:00,东风牌,长安牌,366661000000000000 ,366864000000000000 ,197608,198110,15,4,2,工作日,非高峰,2015-02-13,2015年2月13日,多云 /阵雨,17℃ / 8℃,南风 ≤3级 /南风 ≤3级,多云,阵雨,17,8,南风,≤3级,南风,≤3级,day
2015-02-14 13:30:00,延安西路,7、未按规定让行的 ,负全部责任,不负责任,1,贵AE2866,白色,1,贵A6BA92,白色,-1,圣鹏驾校,-1,2009/6/17 0:00,双庆牌,宝马牌,364547512847L6767X,366561000000000000 ,196703,198610,13,5,2,工作日,非高峰,2015-02-14,2015年2月14日,阵雨 /雷阵雨,16℃ / 10℃,南风 ≤3级 /南风 ≤3级,阵雨,雷阵雨,16,10,南风,≤3级,南风,≤3级,day
2015-02-13 18:30:00,花果园立交桥,7、未按规定让行的 ,负全部责任,不负责任,1,贵FX8556,白色,1,贵A5BV36,白色,-1,遵义洪宇驾驶培训有限公司,-1,2014/12/10 0:00,英伦牌,丰田牌,36657451804766065X,364547000000000000 ,197403,198512,18,4,2,工作日,晚高峰(17-19点),2015-02-13,2015年2月13日,多云 /阵雨,17℃ / 8℃,南风 ≤3级 /南风 ≤3级,多云,阵雨,17,8,南风,≤3级,南风,≤3级,day
2015-02-14 11:00:00,嘉润路,1、追尾的,负全部责任,不负责任,1,贵A57P68,白色,1,贵AGB459,蓝色,贵州晨运驾驶培训学校,-1,2010/9/19 0:00,-1,五菱牌,马自达牌,364596000000000000 ,70696200000000 ,199109,197112,11,5,2,工作日,非高峰,2015-02-14,2015年2月14日,阵雨 /雷阵雨,16℃ / 10℃,南风 ≤3级 /南风 ≤3级,阵雨,雷阵雨,16,10,南风,≤3级,南风,≤3级,day
2015-02-14 13:00:00,金源街,7、未按规定让行的 ,负全部责任,不负责任,0,贵AVB677,蓝,1,贵HW7593,黑,-1,时发驾校,-1,2014/6/18 0:00,宝马,东风雪铁龙牌,366767000000000000 ,364568000000000000 ,198110,198512,13,5,2,工作日,非高峰,2015-02-14,2015年2月14日,阵雨 /雷阵雨,16℃ / 10℃,南风 ≤3级 /南风 ≤3级,阵雨,雷阵雨,16,10,南风,≤3级,南风,≤3级,day
2015-02-14 18:03:00,都市高架桥,1、追尾的,负全部责任,不负责任,1,贵AKV076,黑,1,贵A78G73,黑,-1,520127,-1,2001/8/24 0:00,豪情牌,大众汽车牌,36606251894546375X,364547000000000000 ,197801,198112,18,5,2,工作日,晚高峰(17-19点),2015-02-14,2015年2月14日,阵雨 /雷阵雨,16℃ / 10℃,南风 ≤3级 /南风 ≤3级,阵雨,雷阵雨,16,10,南风,≤3级,南风,≤3级,day
2015-02-14 15:34:00,杨家山隧道,1、追尾的,负全部责任,不负责任,1,贵A8274W,白色,1,贵A6601V,黑色,市交校,-1,2014/4/8 0:00,-1,长安牌,荣威牌,366046000000000000 ,364544000000 ,199506,420979,15,5,2,工作日,非高峰,2015-02-14,2015年2月14日,阵雨 /雷阵雨,16℃ / 10℃,南风 ≤3级 /南风 ≤3级,阵雨,雷阵雨,16,10,南风,≤3级,南风,≤3级,day
2015-02-14 16:00:00,白云,1、追尾的,负全部责任,不负责任,1,贵GV1483,蓝,1,贵A9184W,黑,（南明区）长运驾驶培训有限公司,-1,2006/3/28 0:00,-1,荣威牌,宝骏牌,366347000000000000 ,364557000000000000 ,198103,198802,16,5,2,工作日,非高峰,2015-02-14,2015年2月14日,阵雨 /雷阵雨,16℃ / 10℃,南风 ≤3级 /南风 ≤3级,阵雨,雷阵雨,16,10,南风,≤3级,南风,≤3级,day
2015-02-14 17:00:00,八中路口,7、未按规定让行的 ,负全部责任,不负责任,1,贵AF1668,黑,1,贵AU6049,蓝,自培,自培,1994/6/13 0:00,2010/9/28 0:00,豪爵牌,捷达牌,364548000000000000 ,344669000000000000 ,195008,198603,17,5,2,工作日,晚高峰(17-19点),2015-02-14,2015年2月14日,阵雨 /雷阵雨,16℃ / 10℃,南风 ≤3级 /南风 ≤3级,阵雨,雷阵雨,16,10,南风,≤3级,南风,≤3级,day
2015-02-14 16:20:00,盘江路,8、依法应负全责的其他情形,负全部责任,不负责任,1,鲁NR9514,白色,1,贵DW5391,白色,-1,长运驾校,-1,2013/3/15 0:00,\N,江淮牌,785047000000000000 ,366663000000000000 ,198901,198401,16,5,2,工作日,非高峰,2015-02-14,2015年2月14日,阵雨 /雷阵雨,16℃ / 10℃,南风 ≤3级 /南风 ≤3级,阵雨,雷阵雨,16,10,南风,≤3级,南风,≤3级,day
2015-02-14 13:10:00,市府路,8、依法应负全责的其他情形,负全部责任,不负责任,1,贵A56N76,黑色,1,贵AGK495,黑色,自培,-1,2002/3/11 0:00,-1,飞度牌,捷达牌,364548000000000000 ,366569000000000 ,197408,780205,13,5,2,工作日,非高峰,2015-02-14,2015年2月14日,阵雨 /雷阵雨,16℃ / 10℃,南风 ≤3级 /南风 ≤3级,阵雨,雷阵雨,16,10,南风,≤3级,南风,≤3级,day
2015-02-14 09:22:00,西二环,7、未按规定让行的 ,负全部责任,不负责任,1,贵A761E7,白色,1,贵GL1608,白色,自培,-1,2000/7/12 0:00,-1,五菱牌,别克,356168000000000000 ,366067000000000000 ,196912,199211,9,5,2,工作日,早高峰(7-9点),2015-02-14,2015年2月14日,阵雨 /雷阵雨,16℃ / 10℃,南风 ≤3级 /南风 ≤3级,阵雨,雷阵雨,16,10,南风,≤3级,南风,≤3级,day
2015-02-14 13:15:00,鹿冲关,7、未按规定让行的 ,负全部责任,不负责任,1,贵A2BG98,白,1,贵A21L29,黑,新天驾校,十一培,2014/3/21 0:00,1996/10/10 0:00,马自达牌,丰田牌,364548000000000000 ,364548000000000000 ,198702,196308,13,5,2,工作日,非高峰,2015-02-14,2015年2月14日,阵雨 /雷阵雨,16℃ / 10℃,南风 ≤3级 /南风 ≤3级,阵雨,雷阵雨,16,10,南风,≤3级,南风,≤3级,day
2015-02-14 14:00:00,新华路路口,1、追尾的,负全部责任,不负责任,1,贵AOC922,白色,1,贵ATB127,白色,（南明区）阳光驾驶培训有限公司,十一培,2008/5/15 0:00,1998/6/15 0:00,-1,雪佛兰牌,364548000000000000 ,366368000000000000 ,198506,196511,14,5,2,工作日,非高峰,2015-02-14,2015年2月14日,阵雨 /雷阵雨,16℃ / 10℃,南风 ≤3级 /南风 ≤3级,阵雨,雷阵雨,16,10,南风,≤3级,南风,≤3级,day
2015-02-14 11:10:00,师大,7、未按规定让行的 ,负全部责任,不负责任,1,贵ADF292,蓝,1,贵AR9883,黑,（南明区）吉源驾驶培训有限公司,十一培,2010/8/25 0:00,1998/9/3 0:00,圣路牌,福克斯(FOCUS)牌,364548000000000000 ,364556000000000000 ,198703,197201,11,5,2,工作日,非高峰,2015-02-14,2015年2月14日,阵雨 /雷阵雨,16℃ / 10℃,南风 ≤3级 /南风 ≤3级,阵雨,雷阵雨,16,10,南风,≤3级,南风,≤3级,day
2015-02-14 17:50:00,大十字,8、依法应负全责的其他情形,负全部责任,不负责任,0,贵A8AR62,黄,1,贵A28J87,黑,自培,十一培,2012/1/11 0:00,1994/6/16 0:00,大众汽车牌,长城牌,364547000000000000 ,364548000000000000 ,195906,197210,17,5,2,工作日,晚高峰(17-19点),2015-02-14,2015年2月14日,阵雨 /雷阵雨,16℃ / 10℃,南风 ≤3级 /南风 ≤3级,阵雨,雷阵雨,16,10,南风,≤3级,南风,≤3级,day
2015-02-14 10:40:00,北京路,8、依法应负全责的其他情形,负全部责任,不负责任,1,贵AU2824,绿,1,贵AU0898,蓝,自培,十一培,2006/5/29 0:00,1995/8/5 0:00,瑞麒牌,万达牌,66762500000000000 ,364547000000000000 ,197809,197501,10,5,2,工作日,非高峰,2015-02-14,2015年2月14日,阵雨 /雷阵雨,16℃ / 10℃,南风 ≤3级 /南风 ≤3级,阵雨,雷阵雨,16,10,南风,≤3级,南风,≤3级,day
2015-02-14 14:00:00,贵钢路,3、倒车的,负全部责任,不负责任,1,贵AHN544,白色,1,贵A155T85,白色,自培,自培,2007/6/13 0:00,2000/1/24 0:00,福克斯牌,-1,237562000000000000 ,364548000000000000 ,198301,197904,14,5,2,工作日,非高峰,2015-02-14,2015年2月14日,阵雨 /雷阵雨,16℃ / 10℃,南风 ≤3级 /南风 ≤3级,阵雨,雷阵雨,16,10,南风,≤3级,南风,≤3级,day
2015-02-14 14:08:00,邮电大楼,7、未按规定让行的 ,负全部责任,不负责任,1,贵A58C92,黑,1,贵HY4234,黑,时发驾校,自培,2014/6/18 0:00,2000/2/29 0:00,马自达牌,现代,364548000000000000 ,364548000000000000 ,195709,197303,14,5,2,工作日,非高峰,2015-02-14,2015年2月14日,阵雨 /雷阵雨,16℃ / 10℃,南风 ≤3级 /南风 ≤3级,阵雨,雷阵雨,16,10,南风,≤3级,南风,≤3级,day
2015-02-14 16:00:00,云岩区银海元隆停车场,3、倒车的,负全部责任,不负责任,1,贵JDB581,白色,1,贵A22A71,黑色,（白云区）景宏驾驶培训有限公司,自培,2010/9/20 0:00,2005/10/19 0:00,丰田牌,宝来牌,366061000000000000 ,366368000000000000 ,198401,197704,16,5,2,工作日,非高峰,2015-02-14,2015年2月14日,阵雨 /雷阵雨,16℃ / 10℃,南风 ≤3级 /南风 ≤3级,阵雨,雷阵雨,16,10,南风,≤3级,南风,≤3级,day
2015-02-14 17:30:00,贵开路,7、未按规定让行的 ,负全部责任,不负责任,1,贵AU4165,绿,1,贵A43Y49,黑,贵大驾校,贵阳金马驾驶培训有限公司,2003/7/29 0:00,1999/12/3 0:00,捷达牌,东风标致牌,36455551955657715X,364548000000000000 ,198112,195811,17,5,2,工作日,晚高峰(17-19点),2015-02-14,2015年2月14日,阵雨 /雷阵雨,16℃ / 10℃,南风 ≤3级 /南风 ≤3级,阵雨,雷阵雨,16,10,南风,≤3级,南风,≤3级,day
2015-02-14 10:50:00,贵惠高速青岩出口,7、未按规定让行的 ,负全部责任,不负责任,1,贵A78205X,蓝色,1,贵JX5193,白色,吉源驾校,-1,2014/8/20 0:00,-1,-1,丰田牌,364557000000000000 ,366876000000000000 ,198807,198405,10,5,2,工作日,非高峰,2015-02-14,2015年2月14日,阵雨 /雷阵雨,16℃ / 10℃,南风 ≤3级 /南风 ≤3级,阵雨,雷阵雨,16,10,南风,≤3级,南风,≤3级,day
2015-02-14 19:10:00,火车站,3、倒车的,负全部责任,不负责任,1,贵A49F89,黑,1,贵AVA312,黑,-1,全林驾校,-1,2011/6/17 0:00,吉利牌,高尔夫牌,366061000000000000 ,366846000000000000 ,197007,197410,19,5,2,工作日,晚高峰(17-19点),2015-02-14,2015年2月14日,阵雨 /雷阵雨,16℃ / 10℃,南风 ≤3级 /南风 ≤3级,阵雨,雷阵雨,16,10,南风,≤3级,南风,≤3级,day
2015-02-14 19:50:00,花果园国际中心,7、未按规定让行的 ,负全部责任,不负责任,1,贵AVF429,黑色,1,贵A43G72,白色,-1,新天驾校,-1,2011/11/30 0:00,雷克萨斯,中华牌,374747000000000000 ,364557000000000000 ,198910,198806,19,5,2,工作日,晚高峰(17-19点),2015-02-14,2015年2月14日,阵雨 /雷阵雨,16℃ / 10℃,南风 ≤3级 /南风 ≤3级,阵雨,雷阵雨,16,10,南风,≤3级,南风,≤3级,day
2015-02-15 00:00:00,白云大道,7、未按规定让行的 ,负全部责任,不负责任,1,贵A87536,黄,1,贵A5950L,红,-1,路路达驾校,-1,2013/2/3 0:00,陕汽牌,哈飞牌,366365000000000000 ,366064000000000000 ,197204,198908,0,6,2,周末,非高峰,2015-02-15,2015年2月15日,多云 /阴,19℃ / 8℃,南风 ≤3级 /东北风 ≤3级,多云,阴,19,8,南风,≤3级,东北风,≤3级,night
2015-02-14 17:00:00,三桥,7、未按规定让行的 ,负全部责任,不负责任,1,贵A2700T,黑,1,贵A7639G,黑,（经开区）金安驾驶培训有限公司,省交校,2006/12/21 0:00,2010/11/12 0:00,朗风牌,松花江,36455551994159425X,364556000000000000 ,198809,199005,17,5,2,工作日,晚高峰(17-19点),2015-02-14,2015年2月14日,阵雨 /雷阵雨,16℃ / 10℃,南风 ≤3级 /南风 ≤3级,阵雨,雷阵雨,16,10,南风,≤3级,南风,≤3级,day
2015-02-14 15:10:00,师大,1、追尾的,负全部责任,不负责任,1,贵ASP489,蓝,0,贵S58C43,看,自培,-1,2011/4/2 0:00,-1,大众牌,-1,364548000000000000 ,364546000000000 ,199005,600905,15,5,2,工作日,非高峰,2015-02-14,2015年2月14日,阵雨 /雷阵雨,16℃ / 10℃,南风 ≤3级 /南风 ≤3级,阵雨,雷阵雨,16,10,南风,≤3级,南风,≤3级,day
2015-02-15 11:30:00,火车站,7、未按规定让行的 ,负全部责任,不负责任,1,贵A53F79,白色,1,贵A1BA01,白色,-1,全林驾校,-1,2013/9/26 0:00,起亚,奥迪牌,364551000000000000 ,364557000000000000 ,197608,197410,11,6,2,周末,非高峰,2015-02-15,2015年2月15日,多云 /阴,19℃ / 8℃,南风 ≤3级 /东北风 ≤3级,多云,阴,19,8,南风,≤3级,东北风,≤3级,day
2015-02-15 07:10:00,西南美食广场,7、未按规定让行的 ,负全部责任,不负责任,1,贵AU5521,绿,1,贵AU6224,绿,自培,无,2005/1/25 0:00,1994/11/1 0:00,重庆牌,东力牌,366361000000000000 ,366664000000000000 ,197812,197001,7,6,2,周末,早高峰(7-9点),2015-02-15,2015年2月15日,多云 /阴,19℃ / 8℃,南风 ≤3级 /东北风 ≤3级,多云,阴,19,8,南风,≤3级,东北风,≤3级,day
2015-02-14 19:00:00,贵阳市蔬菜批发市场内,9、不符合前8款规定或者双方同时具有上述情形的,负全部责任,不负责任,1,贵AW82749,白色,1,云OR0175,白色,自培,-1,2002/6/27 0:00,-1,-1,-1,36464551875454443X,376570000000000000 ,197310,196808,19,5,2,工作日,晚高峰(17-19点),2015-02-14,2015年2月14日,阵雨 /雷阵雨,16℃ / 10℃,南风 ≤3级 /南风 ≤3级,阵雨,雷阵雨,16,10,南风,≤3级,南风,≤3级,day
2015-02-14 15:30:00,小河转盘,7、未按规定让行的 ,负全部责任,不负责任,1,贵JAZ511,银色,1,贵ACQ246,白色,自培,-1,2001/7/24 0:00,-1,夏利牌,北京牌,364556000000000000 ,364547000000000000 ,197310,197039,15,5,2,工作日,非高峰,2015-02-14,2015年2月14日,阵雨 /雷阵雨,16℃ / 10℃,南风 ≤3级 /南风 ≤3级,阵雨,雷阵雨,16,10,南风,≤3级,南风,≤3级,day
2015-02-14 20:00:00,大南门转盘,1、追尾的,负全部责任,不负责任,1,贵AJ2826,白色,1,贵AF2232,黑色,自培,无,2004/7/21 0:00,2000/1/28 0:00,东风日产牌,海陵牌,364547000000000000 ,376670000000000000 ,197309,197611,20,5,2,工作日,非高峰,2015-02-14,2015年2月14日,阵雨 /雷阵雨,16℃ / 10℃,南风 ≤3级 /南风 ≤3级,阵雨,雷阵雨,16,10,南风,≤3级,南风,≤3级,night
2015-02-15 00:00:00,沙冲南路加油站附近,7、未按规定让行的 ,负全部责任,不负责任,1,贵AMS904,白色,1,贵B929T2,白色,自培,-1,2002/4/25 0:00,-1,宝马牌,-1,356166000000000000 ,78464651834655485X,197609,197502,0,6,2,周末,非高峰,2015-02-15,2015年2月15日,多云 /阴,19℃ / 8℃,南风 ≤3级 /东北风 ≤3级,多云,阴,19,8,南风,≤3级,东北风,≤3级,night
2015-02-14 18:46:00,航天大道,7、未按规定让行的 ,负全部责任,不负责任,0,贵A41J94,黄,0,贵AP2389,黄,（乌当区）全林驾驶培训有限公司,自培,2006/11/1 0:00,2007/1/23 0:00,马自达牌,福克斯(FOCUS)牌,364548000000000000 ,364558000000000000 ,197909,196305,18,5,2,工作日,晚高峰(17-19点),2015-02-14,2015年2月14日,阵雨 /雷阵雨,16℃ / 10℃,南风 ≤3级 /南风 ≤3级,阵雨,雷阵雨,16,10,南风,≤3级,南风,≤3级,day
2015-02-14 16:05:00,南明区保障房对面,3、倒车的,负全部责任,不负责任,1,贵A78F19,黑色,1,贵A66750,黑色,自培,自培,2003/8/18 0:00,2004/4/25 0:00,大众牌,东风,364547000000000000 ,364547000000000000 ,198502,197111,16,5,2,工作日,非高峰,2015-02-14,2015年2月14日,阵雨 /雷阵雨,16℃ / 10℃,南风 ≤3级 /南风 ≤3级,阵雨,雷阵雨,16,10,南风,≤3级,南风,≤3级,day
2015-02-15 15:00:00,遵义路,1、追尾的,负全部责任,不负责任,1,贵A19Y14,黑,1,贵GQ5101,黑,自培,自培,2004/2/13 0:00,2014/2/24 0:00,克莱斯勒牌,一汽佳星牌,364548000000000000 ,366370000000000000 ,195112,198602,15,6,2,周末,非高峰,2015-02-15,2015年2月15日,多云 /阴,19℃ / 8℃,南风 ≤3级 /东北风 ≤3级,多云,阴,19,8,南风,≤3级,东北风,≤3级,day
2015-02-14 21:39:00,金源街,3、倒车的,负全部责任,不负责任,1,贵ASK211,蓝,1,贵A42J46,蓝,自培,自培,2006/4/27 0:00,2007/5/31 0:00,神行者 2,起亚,364558000000000000 ,364557000000000000 ,198001,197612,21,5,2,工作日,非高峰,2015-02-14,2015年2月14日,阵雨 /雷阵雨,16℃ / 10℃,南风 ≤3级 /南风 ≤3级,阵雨,雷阵雨,16,10,南风,≤3级,南风,≤3级,night
2015-02-14 21:40:00,花果园,1、追尾的,负全部责任,不负责任,0,贵AAM835,蓝,1,贵A54F36,银,自培,自培,2004/10/29 0:00,2004/9/24 0:00,梅赛德斯-奔驰牌,中华牌,364547000000000000 ,364547000000000000 ,196610,198112,21,5,2,工作日,非高峰,2015-02-14,2015年2月14日,阵雨 /雷阵雨,16℃ / 10℃,南风 ≤3级 /南风 ≤3级,阵雨,雷阵雨,16,10,南风,≤3级,南风,≤3级,night
2015-02-15 11:00:00,新关路,1、追尾的,负全部责任,不负责任,1,贵AU6828,白色,1,贵A95279,白色,（南明区）吉源驾驶培训有限公司,自培,2010/2/8 0:00,1995/12/7 0:00,爱立新牌,徐工牌,366664000000000000 ,36454651855456405X,198402,197110,11,6,2,周末,非高峰,2015-02-15,2015年2月15日,多云 /阴,19℃ / 8℃,南风 ≤3级 /东北风 ≤3级,多云,阴,19,8,南风,≤3级,东北风,≤3级,day
2015-02-15 12:00:00,保利凤凰湾大门口,1、追尾的,负全部责任,不负责任,1,贵ATS752,白色,1,贵ALK127,白色,贵州平安驾驶培训学校,520129,2005/12/2 0:00,2008/5/12 0:00,五菱牌,丰田牌,366570000000000000 ,366869000000000000 ,196402,198410,12,6,2,周末,非高峰,2015-02-15,2015年2月15日,多云 /阴,19℃ / 8℃,南风 ≤3级 /东北风 ≤3级,多云,阴,19,8,南风,≤3级,东北风,≤3级,day