accidenttime,accidentaddr,driver1fault,driver1responsibility,driver2responsibility,sex1,platenumber1,carcolor1,sex2,platenumber2,carcolor2,jxmc1,jxmc2,cclzrq1,cclzrq2,clpp1,clpp2,driver1license,driver2license,brith1,brith2,hour,weekday,month,is_weekday,peak_hour,date,日期,天气状况,气温,风力风向,day_wea,night_wea,day_tep,night_tep,day_wind_direction,day_wind_speed,night_wind_direction,night_wind_speed,segment
2015-02-14 18:10:00,电视机厂,1、追尾的,负全部责任,不负责任,1,贵JBU767,黑,0,贵AEW626,黑,贵阳学院汽车驾驶培训,520106,2012/7/12 0:00,2009/10/28 0:00,福特牌,奥迪牌,364551000000000000 ,364547000000000000 ,199006,197310,18,5,2,工作日,晚高峰(17-19点),2015-02-14,2015年2月14日,阵雨 /雷阵雨,16℃ / 10℃,南风 ≤3级 /南风 ≤3级,阵雨,雷阵雨,16,10,南风,≤3级,南风,≤3级,day
2015-02-15 11:20:00,北京路,8、依法应负全责的其他情形,负全部责任,不负责任,1,贵A45S46,黑,1,贵A79L55,黑,520110,全林驾校,2007/11/5 0:00,2002/10/19 0:00,三菱牌,夏利牌,364548000000000000 ,364548000000000000 ,198704,198402,11,6,2,周末,非高峰,2015-02-15,2015年2月15日,多云 /阴,19℃ / 8℃,南风 ≤3级 /东北风 ≤3级,多云,阴,19,8,南风,≤3级,东北风,≤3级,day
2015-02-15 11:40:00,宝山南路,7、未按规定让行的 ,负全部责任,不负责任,1,贵AU1363,黑色,1,贵A87H65,白色,自培,-1,2004/7/28 0:00,-1,大众牌,雪佛兰牌,366561000000000000 ,366566000000000000 ,198208,198208,11,6,2,周末,非高峰,2015-02-15,2015年2月15日,多云 /阴,19℃ / 8℃,南风 ≤3级 /东北风 ≤3级,多云,阴,19,8,南风,≤3级,东北风,≤3级,day
2015-02-15 11:41:00,宝山南路,7、未按规定让行的 ,负全部责任,不负责任,1,贵AU1363,白色,1,贵A87H65,白色,自培,-1,2004/7/28 0:00,-1,豪爵牌,雪佛兰牌,366561000000000000 ,366566000000000000 ,198208,198208,11,6,2,周末,非高峰,2015-02-15,2015年2月15日,多云 /阴,19℃ / 8℃,南风 ≤3级 /东北风 ≤3级,多云,阴,19,8,南风,≤3级,东北风,≤3级,day
2015-02-15 10:40:00,蔡家街,7、未按规定让行的 ,负全部责任,不负责任,1,贵GQ5460,蓝,1,贵A8988J,红,-1,贵州省长安驾驶培训学校,-1,2012/10/19 0:00,奥路卡牌,大众汽车牌,366867000000000000 ,364596000000000000 ,198405,199108,10,6,2,周末,非高峰,2015-02-15,2015年2月15日,多云 /阴,19℃ / 8℃,南风 ≤3级 /东北风 ≤3级,多云,阴,19,8,南风,≤3级,东北风,≤3级,day
2015-02-15 12:10:00,孟关汽车城,7、未按规定让行的 ,负全部责任,不负责任,1,贵A2D896,白色,1,贵A2896T,白色,-1,贵州现代驾驶培训责任有限公司,-1,2014/11/10 0:00,东风日产牌,解放牌,36455051145669400X,36455551164566595X,199012,199201,12,6,2,周末,非高峰,2015-02-15,2015年2月15日,多云 /阴,19℃ / 8℃,南风 ≤3级 /东北风 ≤3级,多云,阴,19,8,南风,≤3级,东北风,≤3级,day
2015-02-15 11:10:00,东二环,3、倒车的,负全部责任,不负责任,0,贵AJC413,银,1,贵A380B3,银,-1,520109,-1,2006/7/3 0:00,昌河牌,南骏牌,36455700000000000 ,366064000000000000 ,199003,197801,11,6,2,周末,非高峰,2015-02-15,2015年2月15日,多云 /阴,19℃ / 8℃,南风 ≤3级 /东北风 ≤3级,多云,阴,19,8,南风,≤3级,东北风,≤3级,day
2015-02-15 15:30:00,团坡桥,7、未按规定让行的 ,负全部责任,不负责任,1,贵A95C65,白,1,贵A78916,蓝,-1,-1,-1,-1,福克斯牌,江淮牌,366064000000000000 ,366361000000000000 ,198701,198309,15,6,2,周末,非高峰,2015-02-15,2015年2月15日,多云 /阴,19℃ / 8℃,南风 ≤3级 /东北风 ≤3级,多云,阴,19,8,南风,≤3级,东北风,≤3级,day
2015-02-15 16:15:00,中山东路,7、未按规定让行的 ,负全部责任,不负责任,1,贵A4AN49,黑,1,贵AFW633,黑,520134,自培,2008/5/14 0:00,2002/10/19 0:00,丰田牌,飞度牌,364548000000000000 ,364548000000000000 ,198611,197611,16,6,2,周末,非高峰,2015-02-15,2015年2月15日,多云 /阴,19℃ / 8℃,南风 ≤3级 /东北风 ≤3级,多云,阴,19,8,南风,≤3级,东北风,≤3级,day
2015-02-15 12:30:00,沙冲路,8、依法应负全责的其他情形,负全部责任,不负责任,1,贵ACZ661,白色,1,贵AN6312,白色,自培,金筑驾校,2004/5/24 0:00,2005/6/13 0:00,英伦牌,东宏牌,364557000000000000 ,36455551984667535X,196402,198702,12,6,2,周末,非高峰,2015-02-15,2015年2月15日,多云 /阴,19℃ / 8℃,南风 ≤3级 /东北风 ≤3级,多云,阴,19,8,南风,≤3级,东北风,≤3级,day
2015-02-15 08:44:00,大营坡,1、追尾的,负全部责任,不负责任,1,贵JBR984,黑,1,贵A3P298,白,自培,公安内部,2005/5/8 0:00,2008/2/26 0:00,五菱牌,-1,366367000000000000 ,366568000000000000 ,198202,198109,8,6,2,周末,早高峰(7-9点),2015-02-15,2015年2月15日,多云 /阴,19℃ / 8℃,南风 ≤3级 /东北风 ≤3级,多云,阴,19,8,南风,≤3级,东北风,≤3级,day
2015-02-15 08:30:00,观山湖区,1、追尾的,负全部责任,不负责任,1,贵A3BY10,黑,1,贵A68V47,黑,自培,十一培,2005/9/15 0:00,1986/6/13 0:00,东风标致牌,别克牌,366064000000000000 ,364547000000000000 ,196212,196006,8,6,2,周末,早高峰(7-9点),2015-02-15,2015年2月15日,多云 /阴,19℃ / 8℃,南风 ≤3级 /东北风 ≤3级,多云,阴,19,8,南风,≤3级,东北风,≤3级,day
2015-02-15 10:55:00,龙广路,8、依法应负全责的其他情形,负全部责任,不负责任,1,贵A460F6,蓝,1,贵ASK269,蓝,自培,自培,2005/10/17 0:00,2004/8/29 0:00,解放牌,福克斯牌,366368000000000000 ,366846000000000000 ,198309,197804,10,6,2,周末,非高峰,2015-02-15,2015年2月15日,多云 /阴,19℃ / 8℃,南风 ≤3级 /东北风 ≤3级,多云,阴,19,8,南风,≤3级,东北风,≤3级,day
2015-02-15 11:00:00,龙泉路,5、开关车门的,负全部责任,不负责任,1,贵AIE395,黑,1,贵AN1962,黑,（南明区）吉源驾驶培训有限公司,自培,2006/1/13 0:00,2003/7/31 0:00,-1,歌诗图牌,366368000000000000 ,354663000000000000 ,197002,197502,11,6,2,周末,非高峰,2015-02-15,2015年2月15日,多云 /阴,19℃ / 8℃,南风 ≤3级 /东北风 ≤3级,多云,阴,19,8,南风,≤3级,东北风,≤3级,day
2015-02-15 16:00:00,白云区,1、追尾的,负全部责任,不负责任,1,贵APC953,黑,1,贵A5197Z,红,-1,自培,-1,2004/3/30 0:00,江淮牌,东风日产牌,355468000000000000 ,364557000000000000 ,197601,196810,16,6,2,周末,非高峰,2015-02-15,2015年2月15日,多云 /阴,19℃ / 8℃,南风 ≤3级 /东北风 ≤3级,多云,阴,19,8,南风,≤3级,东北风,≤3级,day
2015-02-14 18:27:00,贵惠路,8、依法应负全责的其他情形,负全部责任,不负责任,1,贵JR9169,白,1,贵A87M28,黑,自培,自培,2007/5/24 0:00,2002/7/5 0:00,长城牌,奥迪牌,366846000000000000 ,36454651844654566X,198206,197002,18,5,2,工作日,晚高峰(17-19点),2015-02-14,2015年2月14日,阵雨 /雷阵雨,16℃ / 10℃,南风 ≤3级 /南风 ≤3级,阵雨,雷阵雨,16,10,南风,≤3级,南风,≤3级,day
2015-02-15 14:40:00,兰州路,9、不符合前8款规定或者双方同时具有上述情形的,负同等责任,负同等责任,0,贵A33Z38,黄,0,贵AU3316,绿,长运驾校,长运驾校,2012/1/17 0:00,2009/12/17 0:00,大众汽车牌,钱江牌,36454751804151090X,366670000000000000 ,197409,196808,14,6,2,周末,非高峰,2015-02-15,2015年2月15日,多云 /阴,19℃ / 8℃,南风 ≤3级 /东北风 ≤3级,多云,阴,19,8,南风,≤3级,东北风,≤3级,day
2015-02-15 15:40:00,甘荫塘,7、未按规定让行的 ,负全部责任,不负责任,1,贵APG253,白色,1,贵ACV858,灰色,（南明区）吉源驾驶培训有限公司,自培,2006/5/12 0:00,1998/12/8 0:00,帕杰罗,长安牌,366664000000000000 ,364547000000000000 ,197501,196407,15,6,2,周末,非高峰,2015-02-15,2015年2月15日,多云 /阴,19℃ / 8℃,南风 ≤3级 /东北风 ≤3级,多云,阴,19,8,南风,≤3级,东北风,≤3级,day
2015-02-15 13:50:00,通达饭店旁,3、倒车的,负全部责任,不负责任,1,贵AT5079,白色,1,CS64223,黑色,-1,-1,-1,-1,中通牌,\N,364557000000000000 ,CD43445595,197410,1181,13,6,2,周末,非高峰,2015-02-15,2015年2月15日,多云 /阴,19℃ / 8℃,南风 ≤3级 /东北风 ≤3级,多云,阴,19,8,南风,≤3级,东北风,≤3级,day
2015-02-15 12:30:00,花溪,1、追尾的,负全部责任,不负责任,1,贵AR5292,白色,1,贵A5644V,白色,自培,吉源驾校,2012/8/15 0:00,2013/9/30 0:00,世纪风牌,吉利牌,364547000000000000 ,364556000000000000 ,196512,199010,12,6,2,周末,非高峰,2015-02-15,2015年2月15日,多云 /阴,19℃ / 8℃,南风 ≤3级 /东北风 ≤3级,多云,阴,19,8,南风,≤3级,东北风,≤3级,day
2015-02-15 14:08:00,北京西路,1、追尾的,负全部责任,不负责任,0,贵A23C25,红,1,贵AU0706,蓝,长运驾校,自培,2014/11/28 0:00,2001/8/14 0:00,别克牌,豪爵牌,364551000000000000 ,364558000000000000 ,197203,198212,14,6,2,周末,非高峰,2015-02-15,2015年2月15日,多云 /阴,19℃ / 8℃,南风 ≤3级 /东北风 ≤3级,多云,阴,19,8,南风,≤3级,东北风,≤3级,day
2015-02-15 14:45:00,大路,1、追尾的,负全部责任,不负责任,1,贵A65L75,白,1,贵AV2155,蓝,铁二局驾校,-1,1996/7/30 0:00,-1,北京牌,蒙迪欧牌,364551000000000000 ,364548000000000000 ,197706,197008,14,6,2,周末,非高峰,2015-02-15,2015年2月15日,多云 /阴,19℃ / 8℃,南风 ≤3级 /东北风 ≤3级,多云,阴,19,8,南风,≤3级,东北风,≤3级,day
2015-02-15 13:40:00,观山东路,7、未按规定让行的 ,负全部责任,不负责任,1,贵F43133,蓝,0,贵HAM593,黑,-1,铁二局驾校,-1,2012/6/14 0:00,宇通牌,比亚迪牌,366061000000000000 ,376763000000000000 ,197501,197212,13,6,2,周末,非高峰,2015-02-15,2015年2月15日,多云 /阴,19℃ / 8℃,南风 ≤3级 /东北风 ≤3级,多云,阴,19,8,南风,≤3级,东北风,≤3级,day
2015-02-15 13:40:00,涴沙路,1、追尾的,负全部责任,不负责任,1,贵GY6381,黑,1,贵AU9897,蓝,-1,520106,-1,2006/8/24 0:00,长安牌,喜马牌,354663000000000000 ,366875000000000000 ,197508,197911,13,6,2,周末,非高峰,2015-02-15,2015年2月15日,多云 /阴,19℃ / 8℃,南风 ≤3级 /东北风 ≤3级,多云,阴,19,8,南风,≤3级,东北风,≤3级,day
2015-02-15 16:30:00,体育路,1、追尾的,负全部责任,不负责任,1,贵ATR115,蓝色,1,贵AU6643,白色,-1,长运驾校,-1,2011/4/2 0:00,红星牌,恒通客车牌,366067000000000000 ,366064000000000000 ,196805,197802,16,6,2,周末,非高峰,2015-02-15,2015年2月15日,多云 /阴,19℃ / 8℃,南风 ≤3级 /东北风 ≤3级,多云,阴,19,8,南风,≤3级,东北风,≤3级,day
2015-02-15 17:22:00,六广门,7、未按规定让行的 ,负全部责任,不负责任,1,贵ALG669,黑,1,贵AU7263,绿,-1,消防驾校,-1,2003/1/29 0:00,比亚迪牌,宝来牌,64767500000000000 ,366067000000000000 ,198609,198102,17,6,2,周末,晚高峰(17-19点),2015-02-15,2015年2月15日,多云 /阴,19℃ / 8℃,南风 ≤3级 /东北风 ≤3级,多云,阴,19,8,南风,≤3级,东北风,≤3级,day
2015-02-15 17:00:00,新路口,7、未按规定让行的 ,负全部责任,不负责任,1,贵A3BB13,黑,1,贵A94H51,黑,黔丰驾校,贵州现代驾驶培训责任有限公司,2013/8/14 0:00,2013/3/4 0:00,福克斯牌,宝马牌,364556000000000000 ,364547000000000000 ,198709,199001,17,6,2,周末,晚高峰(17-19点),2015-02-15,2015年2月15日,多云 /阴,19℃ / 8℃,南风 ≤3级 /东北风 ≤3级,多云,阴,19,8,南风,≤3级,东北风,≤3级,day
2015-02-15 15:03:00,中华北路,7、未按规定让行的 ,负全部责任,不负责任,1,贵AU5194,绿,1,贵A93F25,黑,自培,-1,2004/9/16 0:00,-1,捷达牌,东风日产牌,366570000000000000 ,364548000000000000 ,197505,199408,15,6,2,周末,非高峰,2015-02-15,2015年2月15日,多云 /阴,19℃ / 8℃,南风 ≤3级 /东北风 ≤3级,多云,阴,19,8,南风,≤3级,东北风,≤3级,day
2015-02-15 17:00:00,公园北路,8、依法应负全责的其他情形,负全部责任,不负责任,1,贵ALS396,黑,1,贵A9BB35,蓝,自培,自培,2007/4/27 0:00,2012/2/29 0:00,夏利牌,大众牌,354766000000000000 ,366767000000000000 ,198101,198701,17,6,2,周末,晚高峰(17-19点),2015-02-15,2015年2月15日,多云 /阴,19℃ / 8℃,南风 ≤3级 /东北风 ≤3级,多云,阴,19,8,南风,≤3级,东北风,≤3级,day
2015-02-15 14:00:00,瑞金南路,7、未按规定让行的 ,负全部责任,不负责任,1,贵ANV467,白,1,贵AU5195,白,黔东南三穗县铭穗机动车驾驶培训学校,十一培,2012/10/19 0:00,1993/12/29 0:00,福克斯牌,捷达牌,366261000000000000 ,364547000000000000 ,198204,196810,14,6,2,周末,非高峰,2015-02-15,2015年2月15日,多云 /阴,19℃ / 8℃,南风 ≤3级 /东北风 ≤3级,多云,阴,19,8,南风,≤3级,东北风,≤3级,day
2015-02-15 16:40:00,小河区三江口加油站,1、追尾的,负全部责任,不负责任,1,贵A8066H,白色,1,贵AW7381,白色,自培,十一培,2010/3/1 0:00,1999/10/29 0:00,五菱牌,大阳,364551000000000000 ,36455751835543445X,198908,197511,16,6,2,周末,非高峰,2015-02-15,2015年2月15日,多云 /阴,19℃ / 8℃,南风 ≤3级 /东北风 ≤3级,多云,阴,19,8,南风,≤3级,东北风,≤3级,day
2015-02-15 14:30:00,白云公园,7、未按规定让行的 ,负全部责任,不负责任,1,鄂AJ7A23,黑,0,贵A67R73,黑,-1,自培,-1,2003/3/27 0:00,别克牌,奥迪牌,64966500000000000 ,364558000000000000 ,197007,198101,14,6,2,周末,非高峰,2015-02-15,2015年2月15日,多云 /阴,19℃ / 8℃,南风 ≤3级 /东北风 ≤3级,多云,阴,19,8,南风,≤3级,东北风,≤3级,day
2015-02-15 15:30:00,北京西路,7、未按规定让行的 ,负全部责任,不负责任,1,贵AS5139,蓝,1,贵AV2074,黑,黔东南州新峰汽车驾驶培训学校,自培,2009/9/15 0:00,2005/5/12 0:00,奥迪牌,日雅牌,366270000000000000 ,366368000000000000 ,198103,196410,15,6,2,周末,非高峰,2015-02-15,2015年2月15日,多云 /阴,19℃ / 8℃,南风 ≤3级 /东北风 ≤3级,多云,阴,19,8,南风,≤3级,东北风,≤3级,day
2015-02-15 14:20:00,花溪清溪路大将路口,3、倒车的,负全部责任,不负责任,1,贵JBQ467,白色,1,贵AU9323,白色,市交校,自培,2014/5/7 0:00,2004/11/10 0:00,福特牌,宝来牌,344679000000000000 ,364556000000000000 ,199505,197412,14,6,2,周末,非高峰,2015-02-15,2015年2月15日,多云 /阴,19℃ / 8℃,南风 ≤3级 /东北风 ≤3级,多云,阴,19,8,南风,≤3级,东北风,≤3级,day
2015-02-15 15:40:00,改茶路,7、未按规定让行的 ,负全部责任,不负责任,1,贵J59196,黑,1,贵AV1769,黑,-1,自培,-1,2002/10/16 0:00,五菱牌,森科牌,366876000000000000 ,366570000000000000 ,197509,197309,15,6,2,周末,非高峰,2015-02-15,2015年2月15日,多云 /阴,19℃ / 8℃,南风 ≤3级 /东北风 ≤3级,多云,阴,19,8,南风,≤3级,东北风,≤3级,day
2015-02-15 18:00:00,乌当,7、未按规定让行的 ,负全部责任,不负责任,1,贵GV9907,黑,1,贵AU914,绿,-1,自培,-1,2002/7/30 0:00,长安牌,-1,767546000000000000 ,364556000000000000 ,199005,197703,18,6,2,周末,晚高峰(17-19点),2015-02-15,2015年2月15日,多云 /阴,19℃ / 8℃,南风 ≤3级 /东北风 ≤3级,多云,阴,19,8,南风,≤3级,东北风,≤3级,day
2015-02-15 21:00:00,沃尔玛停车场,1、追尾的,负全部责任,不负责任,1,贵FS3294,白色,1,贵GX9076,白色,-1,自培,-1,2002/5/27 0:00,东风标致牌,雪佛兰牌,36457500000000000 ,364547000000000000 ,976080,198111,21,6,2,周末,非高峰,2015-02-15,2015年2月15日,多云 /阴,19℃ / 8℃,南风 ≤3级 /东北风 ≤3级,多云,阴,19,8,南风,≤3级,东北风,≤3级,night
2015-02-15 17:00:00,小河平桥,7、未按规定让行的 ,负全部责任,不负责任,1,贵A72K34,白色,1,贵A66P52,白色,顺一驾驶培训学校,自培,2011/11/28 0:00,2004/12/17 0:00,东风雪铁龙牌,北京现代牌,364548000000000000 ,364547000000000000 ,196002,197508,17,6,2,周末,晚高峰(17-19点),2015-02-15,2015年2月15日,多云 /阴,19℃ / 8℃,南风 ≤3级 /东北风 ≤3级,多云,阴,19,8,南风,≤3级,东北风,≤3级,day
2015-02-16 09:20:00,火车站,1、追尾的,负全部责任,不负责任,1,贵ASU323,白色,1,贵A73V58,黑色,-1,自培,-1,2000/12/21 0:00,威志牌,中华牌,36636200000000000 ,364548000000000000 ,196040,196009,9,0,2,工作日,早高峰(7-9点),2015-02-16,2015年2月16日,阴 /阵雨,15℃ / 9℃,东北风 ≤3级 /东南风 ≤3级,阴,阵雨,15,9,东北风,≤3级,东南风,≤3级,day
2015-02-16 10:00:00,大洼,5、开关车门的,负全部责任,不负责任,1,贵A8721W,蓝,1,贵A78X82,黑,-1,-1,-1,-1,东风雪铁龙牌,长城牌,364546000000 ,364544000000 ,10173,926540,10,0,2,工作日,非高峰,2015-02-16,2015年2月16日,阴 /阵雨,15℃ / 9℃,东北风 ≤3级 /东南风 ≤3级,阴,阵雨,15,9,东北风,≤3级,东南风,≤3级,day
2015-02-16 10:30:00,金苏大道,1、追尾的,负全部责任,不负责任,0,贵AK6232,蓝,0,贵AA39245,黑,-1,自培,-1,2003/1/18 0:00,钱江牌,-1,364558000000000000 ,364547000000000000 ,196503,197507,10,0,2,工作日,非高峰,2015-02-16,2015年2月16日,阴 /阵雨,15℃ / 9℃,东北风 ≤3级 /东南风 ≤3级,阴,阵雨,15,9,东北风,≤3级,东南风,≤3级,day
2015-02-16 00:00:00,次南门,1、追尾的,负全部责任,不负责任,1,贵AKX494,红,1,贵A55G88,蓝,十一驾驶培训有限公司,520127,2011/7/26 0:00,2009/1/23 0:00,丰田牌,大众汽车牌,364567000000000000 ,364547000000000000 ,199203,197103,0,0,2,工作日,非高峰,2015-02-16,2015年2月16日,阴 /阵雨,15℃ / 9℃,东北风 ≤3级 /东南风 ≤3级,阴,阵雨,15,9,东北风,≤3级,东南风,≤3级,night
2015-02-15 21:40:00,百花大道 ,9、不符合前8款规定或者双方同时具有上述情形的,负同等责任,负同等责任,0,贵A5AV82,黑,1,贵A9573J,黑,吉源驾校（南明区）,吉源驾校（南明区）,1995/2/12 0:00,-1,吉利牌,雪佛兰牌,364548000000000000 ,364557000000000000 ,197309,197306,21,6,2,周末,非高峰,2015-02-15,2015年2月15日,多云 /阴,19℃ / 8℃,南风 ≤3级 /东北风 ≤3级,多云,阴,19,8,南风,≤3级,东北风,≤3级,night
2015-02-16 07:50:00,公安厅,1、追尾的,负全部责任,不负责任,1,贵HAU764,黑,1,贵AU1157,绿,青正驾校,诚信驾驶培训学校,2013/8/13 0:00,2011/6/30 0:00,东风雪铁龙牌,金城牌,36454751914954725X,366061000000000000 ,198908,198511,7,0,2,工作日,早高峰(7-9点),2015-02-16,2015年2月16日,阴 /阵雨,15℃ / 9℃,东北风 ≤3级 /东南风 ≤3级,阴,阵雨,15,9,东北风,≤3级,东南风,≤3级,day
2015-02-15 16:30:00,甘荫塘电建一公司桥下,1、追尾的,负全部责任,不负责任,1,贵DAN992,白色,1,贵FT3569,黑色,吉源驾校,-1,2014/5/26 0:00,-1,本田牌,东风日产牌,366664000000000000 ,74746500000000000 ,198609,195509,16,6,2,周末,非高峰,2015-02-15,2015年2月15日,多云 /阴,19℃ / 8℃,南风 ≤3级 /东北风 ≤3级,多云,阴,19,8,南风,≤3级,东北风,≤3级,day
2015-02-16 09:00:00,会展城,3、倒车的,负全部责任,不负责任,0,贵A12K61,黑,1,贵JAT634,黑,贵阳万里圣驾校,-1,2014/12/18 0:00,-1,吉利牌,雪佛兰牌,366577000000000000 ,364557000000000 ,198207,660122,9,0,2,工作日,早高峰(7-9点),2015-02-16,2015年2月16日,阴 /阵雨,15℃ / 9℃,东北风 ≤3级 /东南风 ≤3级,阴,阵雨,15,9,东北风,≤3级,东南风,≤3级,day
2015-02-15 18:00:00,北京西路,1、追尾的,负全部责任,不负责任,1,贵AMB208,红,1,贵A66K52,红,自培,-1,2010/9/25 0:00,-1,东风牌,北京现代牌,357361000000000000 ,654567000000000000 ,198107,198611,18,6,2,周末,晚高峰(17-19点),2015-02-15,2015年2月15日,多云 /阴,19℃ / 8℃,南风 ≤3级 /东北风 ≤3级,多云,阴,19,8,南风,≤3级,东北风,≤3级,day
2015-02-15 18:18:00,黄山冲,7、未按规定让行的 ,负全部责任,不负责任,1,贵A87Y49,蓝,1,贵A5E209,红,自培,市警校驾校,2002/8/1 0:00,2014/7/11 0:00,东风雪铁龙牌,-1,366661000000000000 ,364548000000000000 ,196204,197802,18,6,2,周末,晚高峰(17-19点),2015-02-15,2015年2月15日,多云 /阴,19℃ / 8℃,南风 ≤3级 /东北风 ≤3级,多云,阴,19,8,南风,≤3级,东北风,≤3级,day
2015-02-15 18:10:00,白云区,7、未按规定让行的 ,负全部责任,不负责任,1,贵A4896X,黑,1,贵HBJ219,蓝,自培,全林驾校,2013/3/4 0:00,2011/12/27 0:00,比亚迪牌,飞肯牌,366361000000000000 ,75674500000000000 ,198203,197811,18,6,2,周末,晚高峰(17-19点),2015-02-15,2015年2月15日,多云 /阴,19℃ / 8℃,南风 ≤3级 /东北风 ≤3级,多云,阴,19,8,南风,≤3级,东北风,≤3级,day
2015-02-16 08:05:00,遵义路与青云路交叉,1、追尾的,负全部责任,不负责任,1,贵A12083,白色,1,贵AG3G19,白色,自培,贵州省长安驾驶培训学校,2006/3/29 0:00,2012/7/5 0:00,大运牌,-1,366667000000000000 ,364548000000000000 ,197907,198603,8,0,2,工作日,早高峰(7-9点),2015-02-16,2015年2月16日,阴 /阵雨,15℃ / 9℃,东北风 ≤3级 /东南风 ≤3级,阴,阵雨,15,9,东北风,≤3级,东南风,≤3级,day
2015-02-16 10:50:00,长江路,7、未按规定让行的 ,负全部责任,不负责任,1,贵AP4415,白色,1,贵ATK979,白色,自培,黔南州交通驾驶学校,2003/2/28 0:00,-1,丰田牌,雅阁牌,364558000000000000 ,504544000000000000 ,197007,197511,10,0,2,工作日,非高峰,2015-02-16,2015年2月16日,阴 /阵雨,15℃ / 9℃,东北风 ≤3级 /东南风 ≤3级,阴,阵雨,15,9,东北风,≤3级,东南风,≤3级,day
2015-02-16 10:00:00,北二环,7、未按规定让行的 ,负全部责任,不负责任,1,贵ANY314,蓝,1,贵A47T44,黑,（南明区）吉源驾驶培训有限公司,十一培,2006/9/1 0:00,1995/5/7 0:00,福克斯牌,-1,366270000000000000 ,364556000000000000 ,198204,196506,10,0,2,工作日,非高峰,2015-02-16,2015年2月16日,阴 /阵雨,15℃ / 9℃,东北风 ≤3级 /东南风 ≤3级,阴,阵雨,15,9,东北风,≤3级,东南风,≤3级,day
2015-02-15 17:00:00,花鸟市场,7、未按规定让行的 ,负全部责任,不负责任,1,贵AZA673,黑,1,贵AKE743,黑,自培,十一培,2003/5/14 0:00,1995/11/5 0:00,丰田牌,牧马人3604CC越野车,364566000000000000 ,354668000000000000 ,198207,197707,17,6,2,周末,晚高峰(17-19点),2015-02-15,2015年2月15日,多云 /阴,19℃ / 8℃,南风 ≤3级 /东北风 ≤3级,多云,阴,19,8,南风,≤3级,东北风,≤3级,day
2015-02-15 17:39:00,解放路陈家坡,1、追尾的,负全部责任,不负责任,1,贵AR9002,白色,1,贵AN9H88,黑色,（白云区）景宏驾驶培训有限公司,自培,2007/10/30 0:00,2004/3/16 0:00,炫威牌,-1,364556000000000000 ,364556000000000000 ,196611,196804,17,6,2,周末,晚高峰(17-19点),2015-02-15,2015年2月15日,多云 /阴,19℃ / 8℃,南风 ≤3级 /东北风 ≤3级,多云,阴,19,8,南风,≤3级,东北风,≤3级,day
2015-02-15 19:23:00,花溪,7、未按规定让行的 ,负全部责任,不负责任,1,贵A5BW47,白色,1,贵ACR276,白色,贵大驾校,自培,2014/12/26 0:00,2006/6/28 0:00,东风标致牌,东风标致牌,366670000000000000 ,366068000000000000 ,197807,198310,19,6,2,周末,晚高峰(17-19点),2015-02-15,2015年2月15日,多云 /阴,19℃ / 8℃,南风 ≤3级 /东北风 ≤3级,多云,阴,19,8,南风,≤3级,东北风,≤3级,day
2015-02-15 18:00:00,花果园购物中心,7、未按规定让行的 ,负全部责任,不负责任,1,贵A235E9,白色,1,贵AUA046,白色,吉源驾校,自培,2014/12/1 0:00,2002/7/4 0:00,长安牌,丰田牌,364567000000000000 ,356667000000000000 ,198709,197310,18,6,2,周末,晚高峰(17-19点),2015-02-15,2015年2月15日,多云 /阴,19℃ / 8℃,南风 ≤3级 /东北风 ≤3级,多云,阴,19,8,南风,≤3级,东北风,≤3级,day
2015-02-15 13:00:00,开发大道百家新村,1、追尾的,负全部责任,不负责任,1,贵A2D253,白色,1,贵A9542Z,黑色,遵义市海通机动车驾驶培训学校,自培,2012/5/24 0:00,2006/7/13 0:00,起亚牌,起亚牌,366068000000000000 ,366568000000000000 ,198309,197608,13,6,2,周末,非高峰,2015-02-15,2015年2月15日,多云 /阴,19℃ / 8℃,南风 ≤3级 /东北风 ≤3级,多云,阴,19,8,南风,≤3级,东北风,≤3级,day
2015-02-16 09:00:00,服务大楼,1、追尾的,负全部责任,不负责任,1,贵AL1431,白色,1,贵AKL718,白色,-1,自培,-1,2004/8/23 0:00,大力神牌,朗逸牌,384547000000000000 ,36454751894065046X,198208,197804,9,0,2,工作日,早高峰(7-9点),2015-02-16,2015年2月16日,阴 /阵雨,15℃ / 9℃,东北风 ≤3级 /东南风 ≤3级,阴,阵雨,15,9,东北风,≤3级,东南风,≤3级,day
2015-02-16 11:17:00,贵钢门口,7、未按规定让行的 ,负全部责任,不负责任,1,贵AL2649,白色,1,贵AU3615,黑色,-1,自培,-1,2003/7/12 0:00,北京现代牌,宝来牌,364547000000000000 ,36454651804958847X,199008,197408,11,0,2,工作日,非高峰,2015-02-16,2015年2月16日,阴 /阵雨,15℃ / 9℃,东北风 ≤3级 /东南风 ≤3级,阴,阵雨,15,9,东北风,≤3级,东南风,≤3级,day
2015-02-16 09:00:00,乌当,7、未按规定让行的 ,负全部责任,不负责任,1,贵A8024V,蓝,0,贵AU7816,绿,-1,99,-1,2004/9/29 0:00,华泰特拉卡,金龙牌,364557000000000000 ,364548000000000000 ,198205,198511,9,0,2,工作日,早高峰(7-9点),2015-02-16,2015年2月16日,阴 /阵雨,15℃ / 9℃,东北风 ≤3级 /东南风 ≤3级,阴,阵雨,15,9,东北风,≤3级,东南风,≤3级,day