accidenttime,accidentaddr,driver1fault,driver1responsibility,driver2responsibility,sex1,platenumber1,carcolor1,sex2,platenumber2,carcolor2,jxmc1,jxmc2,cclzrq1,cclzrq2,clpp1,clpp2,driver1license,driver2license,brith1,brith2,hour,weekday,month,is_weekday,peak_hour,date,日期,天气状况,气温,风力风向,day_wea,night_wea,day_tep,night_tep,day_wind_direction,day_wind_speed,night_wind_direction,night_wind_speed,segment
2015-02-16 12:10:00,火车站,7、未按规定让行的 ,负全部责任,不负责任,1,贵AF9984,银,1,贵AU7981,绿,-1,520116,-1,2000/6/19 0:00,豪江牌,捷达牌,366568000000000000 ,364558000000000000 ,197011,198112,12,0,2,工作日,非高峰,2015-02-16,2015年2月16日,阴 /阵雨,15℃ / 9℃,东北风 ≤3级 /东南风 ≤3级,阴,阵雨,15,9,东北风,≤3级,东南风,≤3级,day
2015-02-16 14:30:00,小河清水江路,3、倒车的,负全部责任,不负责任,1,贵A98V71,红色,1,贵A41E49,白色,-1,消防驾校,-1,2011/12/2 0:00,雅阁牌,宝骏牌,4160510000000000 ,36455651155462690X,196801,199110,14,0,2,工作日,非高峰,2015-02-16,2015年2月16日,阴 /阵雨,15℃ / 9℃,东北风 ≤3级 /东南风 ≤3级,阴,阵雨,15,9,东北风,≤3级,东南风,≤3级,day
2015-02-16 13:00:00,花溪水果批发市场,7、未按规定让行的 ,负全部责任,不负责任,1,贵A3168B,白色,1,贵GV8192,灰色,鑫鑫驾校,贵州省长安驾驶培训学校,2014/6/6 0:00,2013/12/9 0:00,五菱牌,东风雪铁龙牌,364557000000000000 ,366663000000000000 ,199011,198011,13,0,2,工作日,非高峰,2015-02-16,2015年2月16日,阴 /阵雨,15℃ / 9℃,东北风 ≤3级 /东南风 ≤3级,阴,阵雨,15,9,东北风,≤3级,东南风,≤3级,day
2015-02-16 11:40:00,亨特停车场,4、停车时未挂低速档、未拉驻车制动，导致车辆滑行的,负全部责任,不负责任,1,贵A2BG63,白色,1,贵ARK196,白色,新天驾校,贵阳金马驾驶培训有限公司,1998/10/15 0:00,2010/10/13 0:00,大地牌,马自达牌,364548000000000000 ,364547000000000000 ,195501,198502,11,0,2,工作日,非高峰,2015-02-16,2015年2月16日,阴 /阵雨,15℃ / 9℃,东北风 ≤3级 /东南风 ≤3级,阴,阵雨,15,9,东北风,≤3级,东南风,≤3级,day
2015-02-16 11:44:00,花果园,5、开关车门的,负全部责任,不负责任,1,渝A634Y4,银,1,贵AIF062,黑,（乌当区）全林驾驶培训有限公司,诚信驾驶培训学校,2006/8/28 0:00,2013/10/18 0:00,思威牌 ,-1,354653000000000000 ,364646000000000000 ,197504,198602,11,0,2,工作日,非高峰,2015-02-16,2015年2月16日,阴 /阵雨,15℃ / 9℃,东北风 ≤3级 /东南风 ≤3级,阴,阵雨,15,9,东北风,≤3级,东南风,≤3级,day
2015-02-16 12:00:00,小河,8、依法应负全责的其他情形,负全部责任,不负责任,1,贵A522G2,白色,1,贵AM5113,白色,市交校,自培,2014/7/19 0:00,2013/6/7 0:00,长安牌,神鹰牌,366567000000000000 ,364551000000000000 ,198805,197608,12,0,2,工作日,非高峰,2015-02-16,2015年2月16日,阴 /阵雨,15℃ / 9℃,东北风 ≤3级 /东南风 ≤3级,阴,阵雨,15,9,东北风,≤3级,东南风,≤3级,day
2015-02-16 13:00:00,大营坡,7、未按规定让行的 ,负全部责任,不负责任,1,贵A77F29,黑,0,贵AB033A,黑,（乌当区）全林驾驶培训有限公司,-1,2007/9/18 0:00,-1,海马牌,北京现代牌,366361000000000000 ,3645480000000000 ,197105,197511,13,0,2,工作日,非高峰,2015-02-16,2015年2月16日,阴 /阵雨,15℃ / 9℃,东北风 ≤3级 /东南风 ≤3级,阴,阵雨,15,9,东北风,≤3级,东南风,≤3级,day
2015-02-16 12:00:00,小河区猫冲路口,7、未按规定让行的 ,负全部责任,不负责任,1,贵A9101J,白色,1,贵A4694H,白色,贵州现代驾驶培训责任有限公司,-1,2011/7/8 0:00,-1,力帆牌,五菱牌,366061000000000000 ,36454449433 ,198901,8055,12,0,2,工作日,非高峰,2015-02-16,2015年2月16日,阴 /阵雨,15℃ / 9℃,东北风 ≤3级 /东南风 ≤3级,阴,阵雨,15,9,东北风,≤3级,东南风,≤3级,day
2015-02-16 14:10:00,北京西路,7、未按规定让行的 ,负全部责任,不负责任,0,贵AG7596,白,0,贵A95B63,红,-1,市交校,-1,2011/11/1 0:00,五菱牌,傲虎,364548000000000000 ,36455551865460096X,198403,197210,14,0,2,工作日,非高峰,2015-02-16,2015年2月16日,阴 /阵雨,15℃ / 9℃,东北风 ≤3级 /东南风 ≤3级,阴,阵雨,15,9,东北风,≤3级,东南风,≤3级,day
2015-02-17 00:00:00,经开区大寨村,3、倒车的,负全部责任,不负责任,1,贵A5337A,白色,1,贵AB611X,白色,-1,-1,-1,-1,长安牌,长安牌,366844000000 ,364545000000 ,130285,328789,0,1,2,工作日,非高峰,2015-02-17,2015年2月17日,阴 /阴,17℃ / 11℃,东南风 ≤3级 /南风 ≤3级,阴,阴,17,11,东南风,≤3级,南风,≤3级,night
2015-02-16 16:30:00,市公安局,7、未按规定让行的 ,负全部责任,不负责任,1,贵AU6172,蓝,1,贵AU6172,绿,自培,全林驾校,2015/2/15 0:00,2005/8/30 0:00,宇通牌,飞肯牌,366367000000000000 ,354669000000000000 ,196802,197502,16,0,2,工作日,非高峰,2015-02-16,2015年2月16日,阴 /阵雨,15℃ / 9℃,东北风 ≤3级 /东南风 ≤3级,阴,阵雨,15,9,东北风,≤3级,东南风,≤3级,day
2015-02-16 11:50:00,北京西路,1、追尾的,负全部责任,不负责任,1,贵ARB869,黑,1,贵AD4700,白,自培,省交校,2002/3/25 0:00,2012/1/4 0:00,吉利牌,锦宏牌,364557000000000000 ,36454751144374285X,197911,199005,11,0,2,工作日,非高峰,2015-02-16,2015年2月16日,阴 /阵雨,15℃ / 9℃,东北风 ≤3级 /东南风 ≤3级,阴,阵雨,15,9,东北风,≤3级,东南风,≤3级,day
2015-02-15 22:00:00,中山南路,7、未按规定让行的 ,负全部责任,不负责任,1,贵AV6893,白色,1,贵APV958,白色,自培,自培,2010/3/26 0:00,2007/1/18 0:00,福克斯(FOCUS)牌,豪情,356168000000000000 ,364547000000000000 ,196602,198109,22,6,2,周末,非高峰,2015-02-15,2015年2月15日,多云 /阴,19℃ / 8℃,南风 ≤3级 /东北风 ≤3级,多云,阴,19,8,南风,≤3级,东北风,≤3级,night
2015-02-16 13:30:00,花溪平桥,1、追尾的,负全部责任,不负责任,1,贵A56L49,白色,1,贵AB558C,白色,自培,市警校驾校,2003/5/8 0:00,2013/10/9 0:00,斯柯达牌,广汽菲亚特牌,364548000000000000 ,364556000000000000 ,196406,199301,13,0,2,工作日,非高峰,2015-02-16,2015年2月16日,阴 /阵雨,15℃ / 9℃,东北风 ≤3级 /东南风 ≤3级,阴,阵雨,15,9,东北风,≤3级,东南风,≤3级,day
2015-02-16 16:00:00,新添寨,3、倒车的,负全部责任,不负责任,1,贵ASB363,黑,1,贵A12E19,黑,-1,十一培,-1,1996/4/8 0:00,吉利美日牌,索兰托,36456551154962865X,366361000000000000 ,199108,197209,16,0,2,工作日,非高峰,2015-02-16,2015年2月16日,阴 /阵雨,15℃ / 9℃,东北风 ≤3级 /东南风 ≤3级,阴,阵雨,15,9,东北风,≤3级,东南风,≤3级,day
2015-02-16 15:10:00,黄金路,3、倒车的,负全部责任,不负责任,0,贵HAK877,蓝,1,贵F12459,黑,自培,十一培,2014/11/15 0:00,1993/10/26 0:00,长安牌,华雅,366361000000000000 ,364547000000000000 ,199506,197303,15,0,2,工作日,非高峰,2015-02-16,2015年2月16日,阴 /阵雨,15℃ / 9℃,东北风 ≤3级 /东南风 ≤3级,阴,阵雨,15,9,东北风,≤3级,东南风,≤3级,day
2015-02-15 22:45:00,金阳客车站,7、未按规定让行的 ,负全部责任,不负责任,1,贵AU9528,白色,1,贵ARP335,白色,自培,自培,2000/10/9 0:00,2004/1/30 0:00,瑞麒牌,东风雪铁龙牌,364548000000000000 ,364557000000000000 ,196307,197610,22,6,2,周末,非高峰,2015-02-15,2015年2月15日,多云 /阴,19℃ / 8℃,南风 ≤3级 /东北风 ≤3级,多云,阴,19,8,南风,≤3级,东北风,≤3级,night
2015-02-16 14:00:00,解放路与兴关路交叉口,7、未按规定让行的 ,负全部责任,不负责任,1,贵AEB118,白色,1,贵A22W37,白色,自培,自培,2003/12/24 0:00,2003/10/16 0:00,别克牌,思威牌,364547000000000000 ,364548000000000000 ,195407,196907,14,0,2,工作日,非高峰,2015-02-16,2015年2月16日,阴 /阵雨,15℃ / 9℃,东北风 ≤3级 /东南风 ≤3级,阴,阵雨,15,9,东北风,≤3级,东南风,≤3级,day
2015-02-16 14:48:00,云岩区上护国路,7、未按规定让行的 ,负全部责任,不负责任,1,贵AU8012,白色,1,贵ANA944,灰色,自培,自培,2008/12/19 0:00,2004/6/18 0:00,瑞麒牌,夏利牌,366066000000000000 ,364548000000000000 ,197412,195803,14,0,2,工作日,非高峰,2015-02-16,2015年2月16日,阴 /阵雨,15℃ / 9℃,东北风 ≤3级 /东南风 ≤3级,阴,阵雨,15,9,东北风,≤3级,东南风,≤3级,day
2015-02-17 09:50:00,花溪石板物流园,8、依法应负全责的其他情形,负全部责任,不负责任,1,贵A3983B,白色,1,苏B698FM,白色,（经开区）十一驾驶培训有限公司,-1,2005/6/6 0:00,-1,长安牌,\N,366070000000000000 ,74065500000000000 ,197401,198409,9,1,2,工作日,早高峰(7-9点),2015-02-17,2015年2月17日,阴 /阴,17℃ / 11℃,东南风 ≤3级 /南风 ≤3级,阴,阴,17,11,东南风,≤3级,南风,≤3级,day
2015-02-16 13:00:00,金阳客车站,7、未按规定让行的 ,负全部责任,不负责任,1,贵AU1534,白色,1,贵A9E589,白色,毕节地区宏强汽车(摩托车)驾驶培训学校,全林驾校,2011/7/22 0:00,2014/12/8 0:00,大众牌,大众汽车牌,366064000000000000 ,366570000000000000 ,198604,198906,13,0,2,工作日,非高峰,2015-02-16,2015年2月16日,阴 /阵雨,15℃ / 9℃,东北风 ≤3级 /东南风 ≤3级,阴,阵雨,15,9,东北风,≤3级,东南风,≤3级,day
2015-02-17 17:02:00,阳关,7、未按规定让行的 ,负全部责任,不负责任,1,贵A963E7,银,1,渝A94796,蓝,-1,路路达驾校,-1,2013/5/23 0:00,长安牌,金城铃木,36455600000000000 ,366068000000000000 ,198609,197506,17,1,2,工作日,晚高峰(17-19点),2015-02-17,2015年2月17日,阴 /阴,17℃ / 11℃,东南风 ≤3级 /南风 ≤3级,阴,阴,17,11,东南风,≤3级,南风,≤3级,day
2015-02-17 21:05:00,飞山街中段,7、未按规定让行的 ,负全部责任,不负责任,1,贵AT509,白色,1,贵AU8915,白色,-1,520129,-1,2007/12/13 0:00,-1,奔野牌,364547000000000000 ,366367000000000000 ,196410,197408,21,1,2,工作日,非高峰,2015-02-17,2015年2月17日,阴 /阴,17℃ / 11℃,东南风 ≤3级 /南风 ≤3级,阴,阴,17,11,东南风,≤3级,南风,≤3级,night
2015-02-19 15:12:00,新添寨,1、追尾的,负全部责任,不负责任,0,贵AU6483,绿,0,贵AKM009,白,-1,自培,-1,2003/5/31 0:00,飞肯牌,东风标致牌,366046000000000000 ,364548000000000000 ,198401,197311,15,3,2,工作日,非高峰,2015-02-19,2015年2月19日,多云 /多云,22℃ / 14℃,南风 ≤3级 /南风 ≤3级,多云,多云,22,14,南风,≤3级,南风,≤3级,day
2015-02-17 12:00:00,新添寨,8、依法应负全责的其他情形,负全部责任,不负责任,1,贵G92854,黄,0,贵A92M17,黄,-1,全林驾校,-1,2012/12/24 0:00,别克,大众汽车牌,366066000000000000 ,364557000000000000 ,196801,198003,12,1,2,工作日,非高峰,2015-02-17,2015年2月17日,阴 /阴,17℃ / 11℃,东南风 ≤3级 /南风 ≤3级,阴,阴,17,11,东南风,≤3级,南风,≤3级,day
2015-02-17 14:54:00,白云区,3、倒车的,负全部责任,不负责任,1,贵AU1175,绿,1,贵ASV943,黑,自培,新华驾校,1999/8/20 0:00,2011/10/8 0:00,金城牌,思域牌,364558000000000000 ,364548000000000000 ,196505,199107,14,1,2,工作日,非高峰,2015-02-17,2015年2月17日,阴 /阴,17℃ / 11℃,东南风 ≤3级 /南风 ≤3级,阴,阴,17,11,东南风,≤3级,南风,≤3级,day
2015-02-17 14:49:00,南明区南岳路,7、未按规定让行的 ,负全部责任,不负责任,1,贵88K99,白色,1,贵AFQ447,白色,自培,铁二局驾校,2010/7/29 0:00,2013/11/12 0:00,-1,宝来牌,664947000000000000 ,364547000000000000 ,198802,198306,14,1,2,工作日,非高峰,2015-02-17,2015年2月17日,阴 /阴,17℃ / 11℃,东南风 ≤3级 /南风 ≤3级,阴,阴,17,11,东南风,≤3级,南风,≤3级,day
2015-02-17 12:00:00,会展城,1、追尾的,负全部责任,不负责任,1,贵ANH595,银,1,贵AU5576,绿,-1,预约考试窗口,-1,2006/8/1 0:00,中华牌,蜀都牌,36455500000000000 ,366346000000000000 ,979111,197804,12,1,2,工作日,非高峰,2015-02-17,2015年2月17日,阴 /阴,17℃ / 11℃,东南风 ≤3级 /南风 ≤3级,阴,阴,17,11,东南风,≤3级,南风,≤3级,day
2015-02-17 14:20:00,三桥,8、依法应负全责的其他情形,负全部责任,不负责任,1,贵A7135H,黑,1,贵A84W22,白,-1,（南明区）金大驾驶培训有限公司,-1,-1,五十铃牌,大众汽车牌,366063000000000000 ,36606751854656405X,198510,197102,14,1,2,工作日,非高峰,2015-02-17,2015年2月17日,阴 /阴,17℃ / 11℃,东南风 ≤3级 /南风 ≤3级,阴,阴,17,11,东南风,≤3级,南风,≤3级,day
2015-02-17 16:13:00,乌当,1、追尾的,负全部责任,不负责任,1,贵AKC191,黑,1,贵AU6726,绿,十一培,-1,1998/1/22 0:00,-1,宝马,蜀都牌,364557000000000000 ,364552000000000000 ,197602,198812,16,1,2,工作日,非高峰,2015-02-17,2015年2月17日,阴 /阴,17℃ / 11℃,东南风 ≤3级 /南风 ≤3级,阴,阴,17,11,东南风,≤3级,南风,≤3级,day
2015-02-17 10:55:00,北京西路,1、追尾的,负全部责任,不负责任,1,贵AJE422,黑,1,贵ASJ8549,白,自培,顺安驾校,2007/6/21 0:00,-1,哈飞牌,-1,366068000000000000 ,77476851324961511X,197609,195608,10,1,2,工作日,非高峰,2015-02-17,2015年2月17日,阴 /阴,17℃ / 11℃,东南风 ≤3级 /南风 ≤3级,阴,阴,17,11,东南风,≤3级,南风,≤3级,day
2015-02-17 12:30:00,油榨街,7、未按规定让行的 ,负全部责任,不负责任,1,贵A24Y69,白色,1,贵AU6038,白色,自培,自培,2000/12/18 0:00,2004/8/25 0:00,比亚迪牌,金轮牌,364547000000000000 ,364547000000000000 ,198207,198305,12,1,2,工作日,非高峰,2015-02-17,2015年2月17日,阴 /阴,17℃ / 11℃,东南风 ≤3级 /南风 ≤3级,阴,阴,17,11,东南风,≤3级,南风,≤3级,day
2015-02-17 13:00:00,乌当,5、开关车门的,负全部责任,不负责任,0,贵AEN668,红,1,贵AC1599,蓝,-1,十一培,-1,1999/8/25 0:00,大众汽车牌,轰轰烈牌,36666600000000000 ,364557000000000000 ,197273,197509,13,1,2,工作日,非高峰,2015-02-17,2015年2月17日,阴 /阴,17℃ / 11℃,东南风 ≤3级 /南风 ≤3级,阴,阴,17,11,东南风,≤3级,南风,≤3级,day
2015-02-19 10:30:00,冒沙井,7、未按规定让行的 ,负全部责任,不负责任,1,贵A25D955,黑色,1,贵A6AH41,白色,（经开区）十一驾驶培训有限公司,十一培,2008/5/30 0:00,1993/11/19 0:00,-1,长安牌,366664000000000000 ,364548000000000000 ,198408,196612,10,3,2,工作日,非高峰,2015-02-19,2015年2月19日,多云 /多云,22℃ / 14℃,南风 ≤3级 /南风 ≤3级,多云,多云,22,14,南风,≤3级,南风,≤3级,day
2015-02-20 10:00:00,金朱西路,1、追尾的,负全部责任,不负责任,1,浙J13940,白色,1,贵AUA797,黑色,-1,十一培,-1,1996/11/12 0:00,五菱,大众牌,775447000000000000 ,36454651844542065X,199005,197001,10,4,2,工作日,非高峰,2015-02-20,2015年2月20日,多云 /雷阵雨,23℃ / 11℃,南风 ≤3级 /东北风 ≤3级,多云,雷阵雨,23,11,南风,≤3级,东北风,≤3级,day
2015-02-17 00:00:00,太慈桥,1、追尾的,负全部责任,不负责任,1,贵AJK85,白色,1,贵ASE866,白色,自培,十一培,2003/8/21 0:00,1999/8/12 0:00,-1,雪佛兰牌,364547000000000000 ,364548000000000000 ,197907,195008,0,1,2,工作日,非高峰,2015-02-17,2015年2月17日,阴 /阴,17℃ / 11℃,东南风 ≤3级 /南风 ≤3级,阴,阴,17,11,东南风,≤3级,南风,≤3级,night
2015-02-17 08:29:00,北京路,1、追尾的,负全部责任,不负责任,1,贵AKX824,白,1,贵AWB482,白,自培,十一培,2010/5/19 0:00,1999/8/13 0:00,马自达牌,波罗,364548000000000000 ,364548000000000000 ,198610,197510,8,1,2,工作日,早高峰(7-9点),2015-02-17,2015年2月17日,阴 /阴,17℃ / 11℃,东南风 ≤3级 /南风 ≤3级,阴,阴,17,11,东南风,≤3级,南风,≤3级,day
2015-02-17 08:30:00,西南环线,1、追尾的,负全部责任,不负责任,1,贵A7AC66,黑色,1,贵AU9265,白色,（花溪区）金马驾驶培训有限公司,自培,2006/6/13 0:00,2006/9/4 0:00,东风标致牌,钱江牌,784644000000000000 ,366876000000000000 ,197410,197908,8,1,2,工作日,早高峰(7-9点),2015-02-17,2015年2月17日,阴 /阴,17℃ / 11℃,东南风 ≤3级 /南风 ≤3级,阴,阴,17,11,东南风,≤3级,南风,≤3级,day
2015-02-17 09:16:00,五区,3、倒车的,负全部责任,不负责任,1,贵AAX285,白,0,贵AHE964,白,自培,自培,2002/5/17 0:00,2006/6/2 0:00,荣威牌,雪佛兰牌,366864000000000000 ,364548000000000000 ,198107,196509,9,1,2,工作日,早高峰(7-9点),2015-02-17,2015年2月17日,阴 /阴,17℃ / 11℃,东南风 ≤3级 /南风 ≤3级,阴,阴,17,11,东南风,≤3级,南风,≤3级,day
2015-02-17 09:00:00,金阳医院,3、倒车的,负全部责任,不负责任,1,贵A16E82,蓝,1,贵ACN254,黑,顺一驾驶培训学校,自培,2013/4/3 0:00,2006/6/28 0:00,东风牌,丰田牌,366770000000000000 ,364547000000000000 ,197811,196508,9,1,2,工作日,早高峰(7-9点),2015-02-17,2015年2月17日,阴 /阴,17℃ / 11℃,东南风 ≤3级 /南风 ≤3级,阴,阴,17,11,东南风,≤3级,南风,≤3级,day
2015-02-24 15:30:00,太慈桥,1、追尾的,负全部责任,不负责任,1,贵AFY092,白色,1,贵A47M13,白色,-1,-1,-1,-1,夏利牌,起亚牌,366670000000000000 ,36454800000000 ,197312,195316,15,1,2,工作日,非高峰,2015-02-24,2015年2月24日,多云 /阴,20℃ / 9℃,南风 ≤3级 /南风 ≤3级,多云,阴,20,9,南风,≤3级,南风,≤3级,day
2015-02-24 08:40:00,太慈桥车水路,3、倒车的,负全部责任,不负责任,1,贵GN1646,白色,1,贵AMY419,白色,-1,铁二局驾校,-1,2010/4/2 0:00,奥迪牌,斯芭鲁,36604551934967615X,366566000000000000 ,198508,198302,8,1,2,工作日,早高峰(7-9点),2015-02-24,2015年2月24日,多云 /阴,20℃ / 9℃,南风 ≤3级 /南风 ≤3级,多云,阴,20,9,南风,≤3级,南风,≤3级,day
2015-02-23 00:00:00,小河黄河路,7、未按规定让行的 ,负全部责任,不负责任,1,贵AJU482,白色,1,贵A49L37,白色,（经开区）顺一驾驶培训有限公司,自培,2009/11/10 0:00,2010/4/22 0:00,夏利牌,北京现代牌,366766000000000000 ,364551000000000000 ,197203,197801,0,0,2,工作日,非高峰,2015-02-23,2015年2月23日,阴 /阴,16℃ / 8℃,南风 ≤3级 /东风 ≤3级,阴,阴,16,8,南风,≤3级,东风,≤3级,night
2015-02-24 18:57:00,花溪大道,9、不符合前8款规定或者双方同时具有上述情形的,负同等责任,负同等责任,1,贵A3567S,白色,1,贵A78L13,白色,自培,自培,2008/11/28 0:00,-1,大众汽车牌,福克斯牌,354364000000000000 ,256746000000000000 ,198601,197910,18,1,2,工作日,晚高峰(17-19点),2015-02-24,2015年2月24日,多云 /阴,20℃ / 9℃,南风 ≤3级 /南风 ≤3级,多云,阴,20,9,南风,≤3级,南风,≤3级,day
2015-02-24 19:50:00,南明区黑坡,7、未按规定让行的 ,负全部责任,不负责任,1,贵A0576R,白色,1,贵AA532B,白色,自培,贵州现代驾驶培训责任有限公司,2006/3/1 0:00,2014/10/23 0:00,长安牌,长安牌,364547000000000000 ,364556000000000000 ,196808,199506,19,1,2,工作日,晚高峰(17-19点),2015-02-24,2015年2月24日,多云 /阴,20℃ / 9℃,南风 ≤3级 /南风 ≤3级,多云,阴,20,9,南风,≤3级,南风,≤3级,day
2015-02-24 09:00:00,化工路口,7、未按规定让行的 ,负全部责任,不负责任,1,贵ATG813,红色,1,贵AU5521,白色,-1,（乌当区）新天驾驶培训有限公司,-1,2007/5/21 0:00,五菱牌,重庆牌,366061000000000000 ,364568000000000000 ,196906,198804,9,1,2,工作日,早高峰(7-9点),2015-02-24,2015年2月24日,多云 /阴,20℃ / 9℃,南风 ≤3级 /南风 ≤3级,多云,阴,20,9,南风,≤3级,南风,≤3级,day
2015-02-24 18:48:00,艺校立交桥下,9、不符合前8款规定或者双方同时具有上述情形的,负同等责任,负同等责任,1,贵A78L13,白色,1,贵A3597S,白色,六盘水黔龙驾驶培训有限公司,六盘水黔龙驾驶培训有限公司,-1,2008/11/28 0:00,福克斯牌,五菱牌,256746000000000000 ,354364000000000000 ,197910,198601,18,1,2,工作日,晚高峰(17-19点),2015-02-24,2015年2月24日,多云 /阴,20℃ / 9℃,南风 ≤3级 /南风 ≤3级,多云,阴,20,9,南风,≤3级,南风,≤3级,day
2015-02-20 13:20:00,宝山北路,4、停车时未挂低速档、未拉驻车制动，导致车辆滑行的,负全部责任,不负责任,1,贵AV4197,蓝,1,桂ADX939,黑,自培,-1,2005/8/17 0:00,-1,大地牌,朗逸牌,364547000000000000 ,364558000000000000 ,197704,199803,13,4,2,工作日,非高峰,2015-02-20,2015年2月20日,多云 /雷阵雨,23℃ / 11℃,南风 ≤3级 /东北风 ≤3级,多云,雷阵雨,23,11,南风,≤3级,东北风,≤3级,day
2015-02-24 18:40:00,开发大道与乌江路红绿灯处,9、不符合前8款规定或者双方同时具有上述情形的,负同等责任,负同等责任,1,贵A8262N,白色,1,贵A63498,白色,自培,鑫鑫驾校,2004/7/12 0:00,2014/4/22 0:00,长城牌,昌河,364551000000000000 ,366561000000000000 ,197908,198410,18,1,2,工作日,晚高峰(17-19点),2015-02-24,2015年2月24日,多云 /阴,20℃ / 9℃,南风 ≤3级 /南风 ≤3级,多云,阴,20,9,南风,≤3级,南风,≤3级,day
2015-02-23 08:10:00,东山路口,7、未按规定让行的 ,负全部责任,不负责任,1,贵FN6530,白色,1,贵J04111,白色,自培,-1,2005/2/28 0:00,-1,福田牌,路虎,366068000000000000 ,36686351954966445X,196705,198108,8,0,2,工作日,早高峰(7-9点),2015-02-23,2015年2月23日,阴 /阴,16℃ / 8℃,南风 ≤3级 /东风 ≤3级,阴,阴,16,8,南风,≤3级,东风,≤3级,day
2015-02-25 08:00:00,四方河路,7、未按规定让行的 ,负全部责任,不负责任,1,贵AR2883,白色,1,贵A66H34,红色,自培,-1,2002/7/19 0:00,-1,国威牌,明锐牌,364548000000000000 ,366276000000000000 ,197703,198301,8,2,2,工作日,早高峰(7-9点),2015-02-25,2015年2月25日,阴 /阵雨,15℃ / 8℃,东北风 ≤3级 /东北风 ≤3级,阴,阵雨,15,8,东北风,≤3级,东北风,≤3级,day
2015-02-24 15:30:00,贵阳市八鸽岩路,3、倒车的,负全部责任,不负责任,1,贵A74N46,白色,1,川X17555,白色,自培,520127,2006/8/31 0:00,2008/12/10 0:00,风神,-1,364547000000000000 ,364558000000000000 ,197410,198602,15,1,2,工作日,非高峰,2015-02-24,2015年2月24日,多云 /阴,20℃ / 9℃,南风 ≤3级 /南风 ≤3级,多云,阴,20,9,南风,≤3级,南风,≤3级,day
2015-02-17 13:20:00,小河平桥高架桥下,1、追尾的,负全部责任,不负责任,1,贵AB711G,白色,1,贵A1037L,白色,-1,十一培,-1,1995/9/11 0:00,森林人,哈飞牌,364547000000000000 ,364547000000000000 ,192004,197208,13,1,2,工作日,非高峰,2015-02-17,2015年2月17日,阴 /阴,17℃ / 11℃,东南风 ≤3级 /南风 ≤3级,阴,阴,17,11,东南风,≤3级,南风,≤3级,day
2015-02-23 20:37:00,孟关汽车城,7、未按规定让行的 ,负全部责任,不负责任,1,贵A2119N,白色,1,贵A5882P,白色,自培,十一培,2008/10/24 0:00,1999/2/5 0:00,中华牌,五菱牌,364556000000000000 ,364556000000000000 ,198303,197707,20,0,2,工作日,非高峰,2015-02-23,2015年2月23日,阴 /阴,16℃ / 8℃,南风 ≤3级 /东风 ≤3级,阴,阴,16,8,南风,≤3级,东风,≤3级,night
2015-02-24 15:30:00,八鸽岩路,1、追尾的,负全部责任,不负责任,1,贵A74N46,白色,1,贵A4183T,黑色,自培,十一培,2006/8/31 0:00,1998/9/10 0:00,风神,捷达,364547000000000000 ,364548000000000000 ,197410,197812,15,1,2,工作日,非高峰,2015-02-24,2015年2月24日,多云 /阴,20℃ / 9℃,南风 ≤3级 /南风 ≤3级,多云,阴,20,9,南风,≤3级,南风,≤3级,day
2015-02-17 19:08:00,八大队门口,7、未按规定让行的 ,负全部责任,不负责任,1,贵A61191,银,1,贵A36W19,蓝,新华驾校,自培,2009/4/10 0:00,2013/6/18 0:00,北京,雪佛兰牌,366361000000000000 ,366068000000000000 ,197804,197301,19,1,2,工作日,晚高峰(17-19点),2015-02-17,2015年2月17日,阴 /阴,17℃ / 11℃,东南风 ≤3级 /南风 ≤3级,阴,阴,17,11,东南风,≤3级,南风,≤3级,day
2015-02-21 20:00:00,花果园,3、倒车的,负全部责任,不负责任,1,贵A0BH79,白色,1,贵A0CB72,白色,-1,自培,-1,2006/7/20 0:00,迈凯B5,锋范牌,364547000000000000 ,364547000000000000 ,195412,198410,20,5,2,工作日,非高峰,2015-02-21,2015年2月21日,多云 /阵雨,16℃ / 9℃,东北风 ≤3级 /东风 ≤3级,多云,阵雨,16,9,东北风,≤3级,东风,≤3级,night
2015-02-24 17:30:00,甘庄村,3、倒车的,负全部责任,不负责任,1,贵JAM542,白色,1,贵JDN463,白色,阳光驾校,自培,2006/11/20 0:00,2005/2/1 0:00,豪爵牌,钱江牌,364556000000000000 ,366875000000000000 ,196703,198603,17,1,2,工作日,晚高峰(17-19点),2015-02-24,2015年2月24日,多云 /阴,20℃ / 9℃,南风 ≤3级 /南风 ≤3级,多云,阴,20,9,南风,≤3级,南风,≤3级,day
2015-02-17 15:30:00,长江路,1、追尾的,负全部责任,不负责任,1,贵AU9749,红色,1,贵GTP333,白色,自培,自培,2001/9/24 0:00,2004/7/28 0:00,中豪牌,-1,36455751314551525X,364547000000000000 ,195901,198601,15,1,2,工作日,非高峰,2015-02-17,2015年2月17日,阴 /阴,17℃ / 11℃,东南风 ≤3级 /南风 ≤3级,阴,阴,17,11,东南风,≤3级,南风,≤3级,day