accidenttime,accidentaddr,driver1fault,driver1responsibility,driver2responsibility,sex1,platenumber1,carcolor1,sex2,platenumber2,carcolor2,jxmc1,jxmc2,cclzrq1,cclzrq2,clpp1,clpp2,driver1license,driver2license,brith1,brith2,hour,weekday,month,is_weekday,peak_hour,date,日期,天气状况,气温,风力风向,day_wea,night_wea,day_tep,night_tep,day_wind_direction,day_wind_speed,night_wind_direction,night_wind_speed,segment
2015-02-17 13:29:00,永乐路,9、不符合前8款规定或者双方同时具有上述情形的,负全部责任,不负责任,0,贵A99V49,白,1,贵A77M94,黑,自培,自培,2010/10/20 0:00,2012/4/18 0:00,长安牌,比亚迪牌,366347000000000000 ,364558000000000000 ,198206,198202,13,1,2,工作日,非高峰,2015-02-17,2015年2月17日,阴 /阴,17℃ / 11℃,东南风 ≤3级 /南风 ≤3级,阴,阴,17,11,东南风,≤3级,南风,≤3级,day
2015-02-23 20:00:00,花香村,1、追尾的,负全部责任,不负责任,1,贵AU8871,白色,1,贵AU6003,白色,自培,自培,2005/2/21 0:00,2006/7/5 0:00,瑞麒牌,捷达牌,366567000000000000 ,366063000000000000 ,197412,197907,20,0,2,工作日,非高峰,2015-02-23,2015年2月23日,阴 /阴,16℃ / 8℃,南风 ≤3级 /东风 ≤3级,阴,阴,16,8,南风,≤3级,东风,≤3级,night
2015-02-25 16:00:00,龙洞堡机场路,1、追尾的,负全部责任,不负责任,1,贵A31G54,白色,1,贵AHW686,黑色,-1,520134,-1,2007/12/12 0:00,思域牌,维拉克斯,366663000000000000 ,364547000000000000 ,199409,198610,16,2,2,工作日,非高峰,2015-02-25,2015年2月25日,阴 /阵雨,15℃ / 8℃,东北风 ≤3级 /东北风 ≤3级,阴,阵雨,15,8,东北风,≤3级,东北风,≤3级,day
2015-02-25 12:20:00,客车站,1、追尾的,负全部责任,不负责任,1,贵CKQ520,银,1,贵ATV736,黑,-1,自培,-1,2003/3/6 0:00,宝骏牌,五菱牌,366577000000000000 ,36606751974559405X,196202,198301,12,2,2,工作日,非高峰,2015-02-25,2015年2月25日,阴 /阵雨,15℃ / 8℃,东北风 ≤3级 /东北风 ≤3级,阴,阵雨,15,8,东北风,≤3级,东北风,≤3级,day
2015-02-25 11:00:00,达高桥,7、未按规定让行的 ,负全部责任,不负责任,1,贵AL0153,白色,1,贵CNC278,黑色,-1,仁怀驾校,-1,-1,豪爵牌,北京现代牌,356667000000000000 ,366575000000000000 ,197609,197902,11,2,2,工作日,非高峰,2015-02-25,2015年2月25日,阴 /阵雨,15℃ / 8℃,东北风 ≤3级 /东北风 ≤3级,阴,阵雨,15,8,东北风,≤3级,东北风,≤3级,day
2015-02-24 14:00:00,中华中路,7、未按规定让行的 ,负全部责任,不负责任,1,贵A73C69,黑色,1,贵GT4396,白色,（经开区）十一驾驶培训有限公司,-1,2005/7/8 0:00,-1,长安牌,东风雪铁龙牌,366363000000000000 ,364596000000000000 ,197709,198611,14,1,2,工作日,非高峰,2015-02-24,2015年2月24日,多云 /阴,20℃ / 9℃,南风 ≤3级 /南风 ≤3级,多云,阴,20,9,南风,≤3级,南风,≤3级,day
2015-02-25 12:05:00,黔灵山路,1、追尾的,负全部责任,不负责任,1,贵A84W76,黄,1,贵A1691B,银,铁二局驾校,十一驾驶培训有限公司,2011/7/12 0:00,2011/11/30 0:00,长城牌,长安牌,364551000000000000 ,366061000000000000 ,199201,196405,12,2,2,工作日,非高峰,2015-02-25,2015年2月25日,阴 /阵雨,15℃ / 8℃,东北风 ≤3级 /东北风 ≤3级,阴,阵雨,15,8,东北风,≤3级,东北风,≤3级,day
2015-02-25 08:40:00,贵州日报社,8、依法应负全责的其他情形,负全部责任,不负责任,1,贵AVM671,白色,1,贵A6F815,白色,自培,自培,2012/2/22 0:00,2001/12/13 0:00,大众汽车牌,东风牌,366566000000000000 ,364558000000000000 ,197808,197409,8,2,2,工作日,早高峰(7-9点),2015-02-25,2015年2月25日,阴 /阵雨,15℃ / 8℃,东北风 ≤3级 /东北风 ≤3级,阴,阵雨,15,8,东北风,≤3级,东北风,≤3级,day
2015-02-25 17:00:00,三00医院侧门清水江路,7、未按规定让行的 ,负全部责任,不负责任,1,贵A94F98,白色,1,贵AS6514,黑色,贵工驾校,自培,2012/5/28 0:00,2015/1/21 0:00,福克斯牌,创新牌,366346000000000000 ,366347000000000000 ,198502,198306,17,2,2,工作日,晚高峰(17-19点),2015-02-25,2015年2月25日,阴 /阵雨,15℃ / 8℃,东北风 ≤3级 /东北风 ≤3级,阴,阵雨,15,8,东北风,≤3级,东北风,≤3级,day
2015-02-25 11:55:00,诚信路,8、依法应负全责的其他情形,负全部责任,不负责任,1,贵A13F71,黑,1,贵A9131P,黑,铁二局驾校,520101,2014/8/18 0:00,2010/2/11 0:00,丰田牌,长安牌,366367000000000000 ,366363000000000000 ,196010,197609,11,2,2,工作日,非高峰,2015-02-25,2015年2月25日,阴 /阵雨,15℃ / 8℃,东北风 ≤3级 /东北风 ≤3级,阴,阵雨,15,8,东北风,≤3级,东北风,≤3级,day
2015-02-25 16:45:00,五里冲,7、未按规定让行的 ,负全部责任,不负责任,1,贵AB617C,银,1,贵APY594,黑,贵阳万里圣驾校,市交校,2012/9/18 0:00,2014/1/16 0:00,五菱牌,桑塔纳,366568000000000000 ,36656551164063527X,197309,199204,16,2,2,工作日,非高峰,2015-02-25,2015年2月25日,阴 /阵雨,15℃ / 8℃,东北风 ≤3级 /东北风 ≤3级,阴,阵雨,15,8,东北风,≤3级,东北风,≤3级,day
2015-02-25 10:00:00,北京西路,7、未按规定让行的 ,负全部责任,不负责任,1,贵A721F2,银,0,贵AHF783,黄,自培,520107,2002/10/29 0:00,2008/1/28 0:00,长安牌,奥迪牌,36656551874660505X,364547000000000000 ,197302,198507,10,2,2,工作日,非高峰,2015-02-25,2015年2月25日,阴 /阵雨,15℃ / 8℃,东北风 ≤3级 /东北风 ≤3级,阴,阵雨,15,8,东北风,≤3级,东北风,≤3级,day
2015-02-25 11:00:00,中山东路,7、未按规定让行的 ,负全部责任,不负责任,1,贵AU5058,黑色,1,贵AU0004,蓝色,自培,消防驾校,2006/12/15 0:00,1996/10/11 0:00,豪爵牌,万达牌,366368000000000000 ,36454751854543645X,198307,197101,11,2,2,工作日,非高峰,2015-02-25,2015年2月25日,阴 /阵雨,15℃ / 8℃,东北风 ≤3级 /东北风 ≤3级,阴,阵雨,15,8,东北风,≤3级,东北风,≤3级,day
2015-02-25 11:10:00,白云,1、追尾的,负全部责任,不负责任,1,贵A0171V,黑,1,贵AA554N,银,自培,时发驾校,2001/4/9 0:00,2012/1/4 0:00,东风雪铁龙牌,大众汽车牌,364558000000000000 ,364568000000000000 ,197702,198909,11,2,2,工作日,非高峰,2015-02-25,2015年2月25日,阴 /阵雨,15℃ / 8℃,东北风 ≤3级 /东北风 ≤3级,阴,阵雨,15,8,东北风,≤3级,东北风,≤3级,day
2015-02-25 12:00:00,八匹马,7、未按规定让行的 ,负全部责任,不负责任,1,贵AGE657,黑,0,贵A52A81,黑,自培,蓝天驾校,2006/3/13 0:00,2014/9/3 0:00,哈飞牌,红旗牌,364548000000000000 ,366764000000000000 ,194704,198112,12,2,2,工作日,非高峰,2015-02-25,2015年2月25日,阴 /阵雨,15℃ / 8℃,东北风 ≤3级 /东北风 ≤3级,阴,阵雨,15,8,东北风,≤3级,东北风,≤3级,day
2015-02-25 09:00:00,人民广场,7、未按规定让行的 ,负全部责任,不负责任,1,贵AU7349,白色,1,贵A9E259,白色,自培,金筑驾校,2007/1/25 0:00,2005/2/7 0:00,金龙牌,福克斯牌,366067000000000000 ,364547000000000000 ,197811,198511,9,2,2,工作日,早高峰(7-9点),2015-02-25,2015年2月25日,阴 /阵雨,15℃ / 8℃,东北风 ≤3级 /东北风 ≤3级,阴,阵雨,15,8,东北风,≤3级,东北风,≤3级,day
2015-02-25 10:10:00,园林路,7、未按规定让行的 ,负全部责任,不负责任,1,贵FP3961,白色,1,贵A93E31,白色,-1,十一培,-1,1994/12/29 0:00,长城牌,大众汽车牌,364541000000000000 ,364547000000000000 ,198111,197510,10,2,2,工作日,非高峰,2015-02-25,2015年2月25日,阴 /阵雨,15℃ / 8℃,东北风 ≤3级 /东北风 ≤3级,阴,阵雨,15,8,东北风,≤3级,东北风,≤3级,day
2015-02-25 09:05:00,中山东路,1、追尾的,负全部责任,不负责任,1,贵AU0031,蓝,0,贵AU6188,红,99,十一培,2010/1/18 0:00,1996/10/9 0:00,国威牌,金龙牌,364547000000000000 ,364547000000000000 ,198312,196401,9,2,2,工作日,早高峰(7-9点),2015-02-25,2015年2月25日,阴 /阵雨,15℃ / 8℃,东北风 ≤3级 /东北风 ≤3级,阴,阵雨,15,8,东北风,≤3级,东北风,≤3级,day
2015-02-25 10:40:00,省府路,3、倒车的,负全部责任,不负责任,1,贵A5BB42,黑,1,贵AN6891,蓝,贵州省黔东南州宏达驾驶学校,自培,2010/9/16 0:00,2003/6/27 0:00,别克牌,双庆牌,36863500000000000 ,36454651904264567X,198506,198406,10,2,2,工作日,非高峰,2015-02-25,2015年2月25日,阴 /阵雨,15℃ / 8℃,东北风 ≤3级 /东北风 ≤3级,阴,阵雨,15,8,东北风,≤3级,东北风,≤3级,day
2015-02-26 10:00:00,金阳,3、倒车的,负全部责任,不负责任,1,贵AMT295,银,1,贵A6421J,银,-1,自培,-1,2004/6/8 0:00,速腾牌,五菱牌,364547000000000000 ,364558000000000000 ,198204,195912,10,3,2,工作日,非高峰,2015-02-26,2015年2月26日,阴 /小雨,12℃ / 9℃,东风 ≤3级 /南风 ≤3级,阴,小雨,12,9,东风,≤3级,南风,≤3级,day
2015-02-25 09:30:00,贵乌路,5、开关车门的,负全部责任,不负责任,1,贵AB3252,黑,1,贵A25V13,红,十一培,自培,1996/4/30 0:00,2012/12/20 0:00,钱江牌,大众汽车牌,366546000000000000 ,364557000000000000 ,195904,196808,9,2,2,工作日,早高峰(7-9点),2015-02-25,2015年2月25日,阴 /阵雨,15℃ / 8℃,东北风 ≤3级 /东北风 ≤3级,阴,阵雨,15,8,东北风,≤3级,东北风,≤3级,day
2015-02-26 09:35:00,大兴星城,7、未按规定让行的 ,负全部责任,不负责任,1,贵A52N54,白色,1,贵A93J58,白色,市交校,铁二局驾校,2011/7/27 0:00,2010/11/5 0:00,梅赛德斯-奔驰,东风雪铁龙牌,36454651164060705X,364547000000000000 ,199204,199012,9,3,2,工作日,早高峰(7-9点),2015-02-26,2015年2月26日,阴 /小雨,12℃ / 9℃,东风 ≤3级 /南风 ≤3级,阴,小雨,12,9,东风,≤3级,南风,≤3级,day
2015-02-25 20:00:00,火车站,7、未按规定让行的 ,负全部责任,不负责任,1,贵A64B92,蓝,1,贵AU9738,黑,十一驾驶培训有限公司,自培,2012/2/28 0:00,2005/1/7 0:00,比亚迪牌,重骑牌,364567000000000000 ,366061000000000000 ,198904,197405,20,2,2,工作日,非高峰,2015-02-25,2015年2月25日,阴 /阵雨,15℃ / 8℃,东北风 ≤3级 /东北风 ≤3级,阴,阵雨,15,8,东北风,≤3级,东北风,≤3级,night
2015-02-26 09:15:00,乌当,7、未按规定让行的 ,负全部责任,不负责任,0,贵CHT940,银,1,贵AU0308,绿,-1,长运驾校,-1,2003/12/3 0:00,别克牌,宝来牌,36656500000000000 ,364557000000000000 ,986022,197703,9,3,2,工作日,早高峰(7-9点),2015-02-26,2015年2月26日,阴 /小雨,12℃ / 9℃,东风 ≤3级 /南风 ≤3级,阴,小雨,12,9,东风,≤3级,南风,≤3级,day
2015-02-25 21:31:00,市北路,1、追尾的,负全部责任,不负责任,1,贵A52R36,白,1,贵AKW239,黑,（南明区）铁二局驾驶培训有限公司,-1,2006/12/14 0:00,-1,奥迪牌,奇瑞牌,364548000000000000 ,364558000000000000 ,198510,197111,21,2,2,工作日,非高峰,2015-02-25,2015年2月25日,阴 /阵雨,15℃ / 8℃,东北风 ≤3级 /东北风 ≤3级,阴,阵雨,15,8,东北风,≤3级,东北风,≤3级,night
2015-02-26 13:20:00,甘荫塘,1、追尾的,负全部责任,不负责任,1,贵JF6188,白色,1,贵A81A25,白色,铁二局驾校,自培,2014/12/1 0:00,2012/1/5 0:00,猎豹牌,长安牌,366368000000000000 ,364547000000000000 ,198012,196902,13,3,2,工作日,非高峰,2015-02-26,2015年2月26日,阴 /小雨,12℃ / 9℃,东风 ≤3级 /南风 ≤3级,阴,小雨,12,9,东风,≤3级,南风,≤3级,day
2015-02-26 11:30:00,四方河路,3、倒车的,负全部责任,不负责任,1,贵A2487P,黑色,1,贵AB205X,黑色,全林驾校,-1,2014/7/25 0:00,-1,吉利牌,东风雪铁龙牌,364548000000000000 ,366064000000000000 ,198310,198611,11,3,2,工作日,非高峰,2015-02-26,2015年2月26日,阴 /小雨,12℃ / 9℃,东风 ≤3级 /南风 ≤3级,阴,小雨,12,9,东风,≤3级,南风,≤3级,day
2015-02-26 11:47:00,北京西路,9、不符合前8款规定或者双方同时具有上述情形的,负同等责任,负同等责任,1,贵ATC175,红,1,贵AMW989,蓝,蓝天驾校,蓝天驾校,2015/1/5 0:00,2014/6/13 0:00,锋范牌,帕萨特牌,36459551924663095X,354364000000000000 ,198602,198208,11,3,2,工作日,非高峰,2015-02-26,2015年2月26日,阴 /小雨,12℃ / 9℃,东风 ≤3级 /南风 ≤3级,阴,小雨,12,9,东风,≤3级,南风,≤3级,day
2015-02-26 11:00:00,鸭江寨,8、依法应负全责的其他情形,负全部责任,不负责任,1,贵A424D8,黑,1,贵JK0737,银,自培,-1,1999/3/22 0:00,-1,江淮牌,五菱牌,36455651804347765X,36686751934554097X,197405,198501,11,3,2,工作日,非高峰,2015-02-26,2015年2月26日,阴 /小雨,12℃ / 9℃,东风 ≤3级 /南风 ≤3级,阴,小雨,12,9,东风,≤3级,南风,≤3级,day
2015-02-26 14:18:00,小河平桥,7、未按规定让行的 ,负全部责任,不负责任,1,贵JDB865,白色,1,贵AU6773,白色,惠水县黔岭机动车驾驶培训有限公司,-1,2013/9/12 0:00,-1,长安牌,劲隆牌,366876000000000000 ,36666500000000000 ,197210,962122,14,3,2,工作日,非高峰,2015-02-26,2015年2月26日,阴 /小雨,12℃ / 9℃,东风 ≤3级 /南风 ≤3级,阴,小雨,12,9,东风,≤3级,南风,≤3级,day
2015-02-26 14:30:00,八匹马,9、不符合前8款规定或者双方同时具有上述情形的,负同等责任,负同等责任,0,贵A85H79,黄,0,贵AKF8493,黑,全林驾校,-1,2013/12/27 0:00,-1,吉利牌,-1,366368000000000000 ,3645465187462700X,197508,197302,14,3,2,工作日,非高峰,2015-02-26,2015年2月26日,阴 /小雨,12℃ / 9℃,东风 ≤3级 /南风 ≤3级,阴,小雨,12,9,东风,≤3级,南风,≤3级,day
2015-02-26 12:40:00,东山扶风露,8、依法应负全责的其他情形,负全部责任,不负责任,1,贵AM5624,红,1,贵AF2199,黑,自培,十一培,2003/8/12 0:00,1995/1/16 0:00,吉利美日牌,丰田牌,366068000000000000 ,364548000000000000 ,198310,195212,12,3,2,工作日,非高峰,2015-02-26,2015年2月26日,阴 /小雨,12℃ / 9℃,东风 ≤3级 /南风 ≤3级,阴,小雨,12,9,东风,≤3级,南风,≤3级,day
2015-02-26 09:00:00,花溪金竹路,1、追尾的,负全部责任,不负责任,1,贵ACF263,白色,1,贵AGH411,白色,自培,十一培,2003/6/19 0:00,1992/7/5 0:00,锋范牌,五十铃,364556000000000000 ,554547000000000000 ,196704,196704,9,3,2,工作日,早高峰(7-9点),2015-02-26,2015年2月26日,阴 /小雨,12℃ / 9℃,东风 ≤3级 /南风 ≤3级,阴,小雨,12,9,东风,≤3级,南风,≤3级,day
2015-02-26 05:57:00,贵惠大道曹坝冲隧道,1、追尾的,负全部责任,不负责任,1,贵A96614,白色,1,贵AB4811,白色,自培,自培,2004/5/21 0:00,2002/8/13 0:00,江铃全顺牌,双庆牌,364556000000000000 ,366361000000000000 ,198112,196812,5,3,2,工作日,非高峰,2015-02-26,2015年2月26日,阴 /小雨,12℃ / 9℃,东风 ≤3级 /南风 ≤3级,阴,小雨,12,9,东风,≤3级,南风,≤3级,night
2015-02-25 20:50:00,中华路,8、依法应负全责的其他情形,负全部责任,不负责任,1,贵A13A87,银,1,贵A12S11,黑,高新驾校,自培,2014/1/22 0:00,2003/7/7 0:00,荣威牌,北京牌,366670000000000000 ,56174500000000000 ,198009,197307,20,2,2,工作日,非高峰,2015-02-25,2015年2月25日,阴 /阵雨,15℃ / 8℃,东北风 ≤3级 /东北风 ≤3级,阴,阵雨,15,8,东北风,≤3级,东北风,≤3级,night
2015-02-26 12:10:00,野鸭塘,7、未按规定让行的 ,负全部责任,不负责任,1,贵A1E134,黑,1,贵ACC882,黄,-1,自培,-1,2005/3/9 0:00,-1,海马牌,366546000000000000 ,734569000000000000 ,199111,197309,12,3,2,工作日,非高峰,2015-02-26,2015年2月26日,阴 /小雨,12℃ / 9℃,东风 ≤3级 /南风 ≤3级,阴,小雨,12,9,东风,≤3级,南风,≤3级,day
2015-02-26 13:00:00,蟠桃宫,1、追尾的,负全部责任,不负责任,0,贵A66Z15,黑,1,贵JR0009,白,贵州现代驾驶培训责任有限公司,自培,2014/2/17 0:00,2005/11/15 0:00,雷克萨斯,思威牌,674548000000000000 ,366064000000000000 ,199402,198411,13,3,2,工作日,非高峰,2015-02-26,2015年2月26日,阴 /小雨,12℃ / 9℃,东风 ≤3级 /南风 ≤3级,阴,小雨,12,9,东风,≤3级,南风,≤3级,day
2015-02-26 15:50:00,中天花园,1、追尾的,负全部责任,不负责任,0,贵AL1842,红,1,贵A62Z68,红,自培,自培,1997/1/8 0:00,2006/12/25 0:00,福克斯(FOCUS)牌,江铃牌,364547000000000000 ,364557000000000000 ,196110,197605,15,3,2,工作日,非高峰,2015-02-26,2015年2月26日,阴 /小雨,12℃ / 9℃,东风 ≤3级 /南风 ≤3级,阴,小雨,12,9,东风,≤3级,南风,≤3级,day
2015-02-26 14:00:00,解放路,7、未按规定让行的 ,负全部责任,不负责任,1,贵AG16172,黑,1,贵AU5398,绿,（南明区）长安驾驶培训有限公司,自培,2010/1/28 0:00,2004/11/30 0:00,-1,宇通牌,36606851284741706X,364548000000000000 ,196703,196509,14,3,2,工作日,非高峰,2015-02-26,2015年2月26日,阴 /小雨,12℃ / 9℃,东风 ≤3级 /南风 ≤3级,阴,小雨,12,9,东风,≤3级,南风,≤3级,day
2015-02-26 12:20:00,太慈桥,7、未按规定让行的 ,负全部责任,不负责任,1,贵GL3410,白色,1,贵FP622,白色,贵大佳德驾驶培训学校,自培,2004/7/23 0:00,2005/8/30 0:00,大众汽车牌,-1,366346000000000000 ,366064000000000000 ,197212,198210,12,3,2,工作日,非高峰,2015-02-26,2015年2月26日,阴 /小雨,12℃ / 9℃,东风 ≤3级 /南风 ≤3级,阴,小雨,12,9,东风,≤3级,南风,≤3级,day
2015-02-26 14:20:00,金阳客车站,8、依法应负全责的其他情形,负全部责任,不负责任,1,贵AF4823,银,1,贵AU8391,绿,自培,自培,1995/11/11 0:00,2006/5/11 0:00,长安牌,飞肯牌,366546000000000000 ,364596000000000000 ,196404,198203,14,3,2,工作日,非高峰,2015-02-26,2015年2月26日,阴 /小雨,12℃ / 9℃,东风 ≤3级 /南风 ≤3级,阴,小雨,12,9,东风,≤3级,南风,≤3级,day
2015-02-26 16:10:00,文昌路,7、未按规定让行的 ,负全部责任,不负责任,1,贵A29K5,银,1,贵AU1983,白,-1,自培,-1,2009/12/17 0:00,-1,丰田牌,364568000000000000 ,366064000000000000 ,199009,198805,16,3,2,工作日,非高峰,2015-02-26,2015年2月26日,阴 /小雨,12℃ / 9℃,东风 ≤3级 /南风 ≤3级,阴,小雨,12,9,东风,≤3级,南风,≤3级,day
2015-02-26 18:00:00,三桥,1、追尾的,负全部责任,不负责任,1,贵AK2989,蓝,1,贵A74L34,白,贵州现代驾驶培训责任有限公司,贵阳金马驾驶培训有限公司,2013/6/26 0:00,2014/12/2 0:00,宝马,长城牌,364548000000000000 ,34655500000000000 ,198806,198911,18,3,2,工作日,晚高峰(17-19点),2015-02-26,2015年2月26日,阴 /小雨,12℃ / 9℃,东风 ≤3级 /南风 ≤3级,阴,小雨,12,9,东风,≤3级,南风,≤3级,day
2015-02-26 19:30:00,中华南路,1、追尾的,负全部责任,不负责任,1,贵A3BY67,黑色,1,贵AE4833,白色,（经开区）顺一驾驶培训有限公司,-1,2010/1/14 0:00,-1,起亚牌,大众牌,364547000000000000 ,36455051144160405X,197602,199009,19,3,2,工作日,晚高峰(17-19点),2015-02-26,2015年2月26日,阴 /小雨,12℃ / 9℃,东风 ≤3级 /南风 ≤3级,阴,小雨,12,9,东风,≤3级,南风,≤3级,day
2015-02-26 21:05:00,白华湖,3、倒车的,负全部责任,不负责任,0,贵A7A984,白,1,贵A562E7,银,黔丰驾校,自培,2014/8/26 0:00,2009/3/17 0:00,起亚牌,五菱牌,366347000000000000 ,364596000000000000 ,198405,198901,21,3,2,工作日,非高峰,2015-02-26,2015年2月26日,阴 /小雨,12℃ / 9℃,东风 ≤3级 /南风 ≤3级,阴,小雨,12,9,东风,≤3级,南风,≤3级,night
2015-02-26 17:30:00,北京东路,7、未按规定让行的 ,负全部责任,不负责任,0,贵A4BW02,白,1,贵AG5602,黑,自培,（南明区）市交通职业技术驾驶培训学校,2011/5/27 0:00,1994/3/7 0:00,长安牌,本田牌,364547000000000000 ,364556000000000000 ,196903,195711,17,3,2,工作日,晚高峰(17-19点),2015-02-26,2015年2月26日,阴 /小雨,12℃ / 9℃,东风 ≤3级 /南风 ≤3级,阴,小雨,12,9,东风,≤3级,南风,≤3级,day
2015-02-26 17:00:00,花溪大道,7、未按规定让行的 ,负全部责任,不负责任,1,贵A75G19,白色,1,贵A17M48,白色,文通驾校,长运驾校,2011/9/14 0:00,2012/1/17 0:00,东风日产牌,东风日产牌,364556000000000000 ,364548000000000000 ,198602,199102,17,3,2,工作日,晚高峰(17-19点),2015-02-26,2015年2月26日,阴 /小雨,12℃ / 9℃,东风 ≤3级 /南风 ≤3级,阴,小雨,12,9,东风,≤3级,南风,≤3级,day
2015-02-26 23:56:00,四方河,7、未按规定让行的 ,负全部责任,不负责任,1,贵ABK137,白色,1,贵APS466,黑色,-1,蓝天驾校,-1,-1,红旗牌,长安牌,354267000000000000 ,36604551945563803X,197604,198011,23,3,2,工作日,非高峰,2015-02-26,2015年2月26日,阴 /小雨,12℃ / 9℃,东风 ≤3级 /南风 ≤3级,阴,小雨,12,9,东风,≤3级,南风,≤3级,night
2015-02-27 08:50:00,碧海花园,7、未按规定让行的 ,负全部责任,不负责任,0,贵AN2381,黑,1,贵A23M93,白,-1,全林驾校,-1,2013/2/25 0:00,东风标致牌,东风日产牌,366363000000000000 ,77445500000000000 ,199111,196903,8,4,2,工作日,早高峰(7-9点),2015-02-27,2015年2月27日,多云 /阵雨,21℃ / 5℃,南风 ≤3级 /南风 ≤3级,多云,阵雨,21,5,南风,≤3级,南风,≤3级,day
2015-02-27 09:20:00,兴关路,1、追尾的,负全部责任,不负责任,1,贵A4CB31,银色,0,贵ANW346,黑色,-1,时发驾校,-1,2005/7/20 0:00,别克牌,雪佛兰牌,554668000000000000 ,364547000000000000 ,198702,197309,9,4,2,工作日,早高峰(7-9点),2015-02-27,2015年2月27日,多云 /阵雨,21℃ / 5℃,南风 ≤3级 /南风 ≤3级,多云,阵雨,21,5,南风,≤3级,南风,≤3级,day
2015-02-27 13:00:00,嘉润路,8、依法应负全责的其他情形,负全部责任,不负责任,1,贵A7611Z,黑色,1,贵A7BK90,白色,-1,阳光驾校,-1,2015/1/5 0:00,锋范牌,斯柯达牌,36454700000000000 ,364548000000000000 ,196420,195602,13,4,2,工作日,非高峰,2015-02-27,2015年2月27日,多云 /阵雨,21℃ / 5℃,南风 ≤3级 /南风 ≤3级,多云,阵雨,21,5,南风,≤3级,南风,≤3级,day
2015-02-27 10:00:00,明珠大道,7、未按规定让行的 ,负全部责任,不负责任,1,贵FH2348,白色,1,贵AU6187,白色,-1,-1,-1,-1,金杯牌,国威牌,36637000000000000 ,364546000000000 ,199510,661229,10,4,2,工作日,非高峰,2015-02-27,2015年2月27日,多云 /阵雨,21℃ / 5℃,南风 ≤3级 /南风 ≤3级,多云,阵雨,21,5,南风,≤3级,南风,≤3级,day
2015-02-27 13:05:00,同阴路,1、追尾的,负全部责任,不负责任,1,贵ADY223,黑色,1,贵ADY381,蓝色,-1,吉源驾校,-1,2014/10/9 0:00,大众,吉利美日牌,364547000000000000 ,364567000000000000 ,198403,199407,13,4,2,工作日,非高峰,2015-02-27,2015年2月27日,多云 /阵雨,21℃ / 5℃,南风 ≤3级 /南风 ≤3级,多云,阵雨,21,5,南风,≤3级,南风,≤3级,day
2015-02-27 08:30:00,兴关路,7、未按规定让行的 ,负全部责任,不负责任,0,贵A61Z11,白,1,贵A28F27,白,路路达驾校,520118,2012/11/6 0:00,2010/7/28 0:00,夏利,中华牌,364551000000000000 ,36454751924563007X,198506,198601,8,4,2,工作日,早高峰(7-9点),2015-02-27,2015年2月27日,多云 /阵雨,21℃ / 5℃,南风 ≤3级 /南风 ≤3级,多云,阵雨,21,5,南风,≤3级,南风,≤3级,day
2015-02-27 07:20:00,蟠桃宫高架桥上,1、追尾的,负全部责任,不负责任,1,临贵A0A990,白色,1,云AV331F,白色,十一培,-1,1992/2/20 0:00,-1,-1,丰田牌,364547000000000000 ,726762000000000000 ,196712,198811,7,4,2,工作日,早高峰(7-9点),2015-02-27,2015年2月27日,多云 /阵雨,21℃ / 5℃,南风 ≤3级 /南风 ≤3级,多云,阵雨,21,5,南风,≤3级,南风,≤3级,day
2015-02-26 19:06:00,百花大道,8、依法应负全责的其他情形,负全部责任,不负责任,1,贵A7836E,蓝,0,贵A83P22,白,自培,自培,2012/4/27 0:00,2005/9/15 0:00,五菱牌,荣威牌,364568000000000000 ,364548000000000000 ,199109,198706,19,3,2,工作日,晚高峰(17-19点),2015-02-26,2015年2月26日,阴 /小雨,12℃ / 9℃,东风 ≤3级 /南风 ≤3级,阴,小雨,12,9,东风,≤3级,南风,≤3级,day
2015-02-26 22:20:00,大南门,7、未按规定让行的 ,负全部责任,不负责任,1,贵AU5986,绿,1,贵AU7133,蓝,无,十一培,1994/9/13 0:00,1993/5/4 0:00,迅龙牌,宝来牌,354566000000000000 ,364548000000000000 ,197109,197507,22,3,2,工作日,非高峰,2015-02-26,2015年2月26日,阴 /小雨,12℃ / 9℃,东风 ≤3级 /南风 ≤3级,阴,小雨,12,9,东风,≤3级,南风,≤3级,night
2015-02-26 18:40:00,清溪路十字路口,1、追尾的,负全部责任,不负责任,1,贵A87J57,白色,1,贵A2B060,白色,文通驾校,十一培,2012/5/29 0:00,1995/12/21 0:00,东风标致牌,炫威牌,364548000000000000 ,364556000000000000 ,198705,198007,18,3,2,工作日,晚高峰(17-19点),2015-02-26,2015年2月26日,阴 /小雨,12℃ / 9℃,东风 ≤3级 /南风 ≤3级,阴,小雨,12,9,东风,≤3级,南风,≤3级,day
2015-02-26 23:05:00,黔林西路,1、追尾的,负全部责任,不负责任,0,贵A85M64,白,1,贵ARP585,蓝,省交校,十一培,2010/7/6 0:00,1981/12/2 0:00,东风标致牌,长城牌,366346000000000000 ,364548000000000000 ,198210,196006,23,3,2,工作日,非高峰,2015-02-26,2015年2月26日,阴 /小雨,12℃ / 9℃,东风 ≤3级 /南风 ≤3级,阴,小雨,12,9,东风,≤3级,南风,≤3级,night
2015-02-27 10:00:00,小河香江路,3、倒车的,负全部责任,不负责任,0,贵A63M32,黑色,1,贵ANH573,白色,-1,十一培,-1,1986/5/5 0:00,雪佛兰牌,长安牌,364564000000000000 ,366876000000000000 ,199310,196502,10,4,2,工作日,非高峰,2015-02-27,2015年2月27日,多云 /阵雨,21℃ / 5℃,南风 ≤3级 /南风 ≤3级,多云,阵雨,21,5,南风,≤3级,南风,≤3级,day