accidenttime,accidentaddr,driver1fault,driver1responsibility,driver2responsibility,sex1,platenumber1,carcolor1,sex2,platenumber2,carcolor2,jxmc1,jxmc2,cclzrq1,cclzrq2,clpp1,clpp2,driver1license,driver2license,brith1,brith2,hour,weekday,month,is_weekday,peak_hour,date,日期,天气状况,气温,风力风向,day_wea,night_wea,day_tep,night_tep,day_wind_direction,day_wind_speed,night_wind_direction,night_wind_speed,segment
2015-02-26 21:40:00,体育路,3、倒车的,负全部责任,不负责任,1,贵A36K34,银,1,贵A584G5,红,新天驾校,自培,2013/8/30 0:00,2013/7/29 0:00,东风雪铁龙牌,长安牌,36455651934543636X,376570000000000000 ,198501,198802,21,3,2,工作日,非高峰,2015-02-26,2015年2月26日,阴 /小雨,12℃ / 9℃,东风 ≤3级 /南风 ≤3级,阴,小雨,12,9,东风,≤3级,南风,≤3级,night
2015-02-27 07:40:00,金阳北路,1、追尾的,负全部责任,不负责任,1,贵AB755J,白,1,贵A27W84,白,（花溪区）高新十七驾驶培训有限公司,自培,2005/2/6 0:00,2000/6/21 0:00,红旗,别克牌,366567000000000000 ,364558000000000000 ,197507,197511,7,4,2,工作日,早高峰(7-9点),2015-02-27,2015年2月27日,多云 /阵雨,21℃ / 5℃,南风 ≤3级 /南风 ≤3级,多云,阵雨,21,5,南风,≤3级,南风,≤3级,day
2015-02-27 13:30:00,人民广场,7、未按规定让行的 ,负全部责任,不负责任,1,渝HJ4419,黑,1,贵AU8855,绿,-1,自培,-1,2007/6/8 0:00,北京现代牌,海陵牌,364558000000000000 ,366575000000000000 ,199103,197708,13,4,2,工作日,非高峰,2015-02-27,2015年2月27日,多云 /阵雨,21℃ / 5℃,南风 ≤3级 /南风 ≤3级,多云,阵雨,21,5,南风,≤3级,南风,≤3级,day
2015-02-27 14:00:00,三桥,7、未按规定让行的 ,负全部责任,不负责任,1,贵FL6245,绿,1,贵AU7566,绿,毕节地区新毕汽车驾驶培训学校,-1,2013/11/6 0:00,-1,嘉陵牌,恒通客车牌,366046000000000000 ,364547000000000000 ,198308,197009,14,4,2,工作日,非高峰,2015-02-27,2015年2月27日,多云 /阵雨,21℃ / 5℃,南风 ≤3级 /南风 ≤3级,多云,阵雨,21,5,南风,≤3级,南风,≤3级,day
2015-02-27 13:30:00,二铺,7、未按规定让行的 ,负全部责任,不负责任,0,贵JE1975,银,0,贵A22F35,银,-1,鑫鑫驾校,-1,2013/4/3 0:00,北京牌,起亚牌,366861000000000000 ,364556000000000000 ,198907,197408,13,4,2,工作日,非高峰,2015-02-27,2015年2月27日,多云 /阵雨,21℃ / 5℃,南风 ≤3级 /南风 ≤3级,多云,阵雨,21,5,南风,≤3级,南风,≤3级,day
2015-02-27 12:50:00,花溪孟关,7、未按规定让行的 ,负全部责任,不负责任,1,贵FZ5088,白色,1,贵GX7509,红色,十一驾驶培训有限公司,-1,2009/1/5 0:00,-1,长安牌,五菱牌,366064000000000000 ,354748000000000000 ,197509,199104,12,4,2,工作日,非高峰,2015-02-27,2015年2月27日,多云 /阵雨,21℃ / 5℃,南风 ≤3级 /南风 ≤3级,多云,阵雨,21,5,南风,≤3级,南风,≤3级,day
2015-02-27 12:55:00,盐务街,1、追尾的,负全部责任,不负责任,1,贵A53S78,银,1,贵A45V59,红,自培,（乌当区）新天驾驶培训有限公司,2005/3/18 0:00,2007/6/25 0:00,长安牌,长城牌,366875000000000000 ,364547000000000000 ,198009,198104,12,4,2,工作日,非高峰,2015-02-27,2015年2月27日,多云 /阵雨,21℃ / 5℃,南风 ≤3级 /南风 ≤3级,多云,阵雨,21,5,南风,≤3级,南风,≤3级,day
2015-02-27 17:00:00,五里冲,1、追尾的,负全部责任,不负责任,1,贵AA601K,蓝,1,贵A3177A,银,-1,新华驾校,-1,2014/5/22 0:00,大地牌,晶锐牌,37479551144054353X,366064000000000000 ,199004,197703,17,4,2,工作日,晚高峰(17-19点),2015-02-27,2015年2月27日,多云 /阵雨,21℃ / 5℃,南风 ≤3级 /南风 ≤3级,多云,阵雨,21,5,南风,≤3级,南风,≤3级,day
2015-02-27 14:30:00,解放西路,7、未按规定让行的 ,负全部责任,不负责任,0,贵AKE756,白色,1,贵ATK056,黑色,时发驾校,自培,2014/2/26 0:00,2011/12/15 0:00,起亚牌,奇瑞,366570000000000000 ,366363000000000000 ,196402,197011,14,4,2,工作日,非高峰,2015-02-27,2015年2月27日,多云 /阵雨,21℃ / 5℃,南风 ≤3级 /南风 ≤3级,多云,阵雨,21,5,南风,≤3级,南风,≤3级,day
2015-02-27 17:00:00,沙冲路,1、追尾的,负全部责任,不负责任,1,贵A8BW73,白色,1,贵A32123,白色,（经开区）十一驾驶培训有限公司,-1,2006/5/8 0:00,-1,长安牌,富康,366061000000000000 ,356364000000000 ,196608,119670,17,4,2,工作日,晚高峰(17-19点),2015-02-27,2015年2月27日,多云 /阵雨,21℃ / 5℃,南风 ≤3级 /南风 ≤3级,多云,阵雨,21,5,南风,≤3级,南风,≤3级,day
2015-02-27 15:30:00,金关,1、追尾的,负全部责任,不负责任,1,贵A71347,白,1,贵AA3406,白,-1,预约考试窗口,-1,2006/8/18 0:00,中联牌,雪佛兰牌,366068000000000000 ,364547000000000000 ,197906,198711,15,4,2,工作日,非高峰,2015-02-27,2015年2月27日,多云 /阵雨,21℃ / 5℃,南风 ≤3级 /南风 ≤3级,多云,阵雨,21,5,南风,≤3级,南风,≤3级,day
2015-02-27 14:30:00,长岭南路,1、追尾的,负全部责任,不负责任,1,贵GQ5548,银,1,贵ARR147,黑,-1,天行健驾校,-1,2004/3/24 0:00,宝马,别克牌,64290500000000000 ,364548000000000000 ,197911,198601,14,4,2,工作日,非高峰,2015-02-27,2015年2月27日,多云 /阵雨,21℃ / 5℃,南风 ≤3级 /南风 ≤3级,多云,阵雨,21,5,南风,≤3级,南风,≤3级,day
2015-02-27 14:50:00,世纪城,1、追尾的,负全部责任,不负责任,1,云GYG539,白,1,贵GC8827,银,-1,520133,-1,2008/10/28 0:00,北京现代牌,东风日产牌,366564000000000000 ,366363000000000000 ,298203,197006,14,4,2,工作日,非高峰,2015-02-27,2015年2月27日,多云 /阵雨,21℃ / 5℃,南风 ≤3级 /南风 ≤3级,多云,阵雨,21,5,南风,≤3级,南风,≤3级,day
2015-02-27 16:25:00,湘雅村,7、未按规定让行的 ,负全部责任,不负责任,1,贵AU1186,绿色,1,贵LAM195,黑色,（花溪区）高新十七驾驶培训有限公司,金大驾校,2006/6/15 0:00,2014/7/28 0:00,丰田牌,-1,366068000000000000 ,364551000000000000 ,196811,199411,16,4,2,工作日,非高峰,2015-02-27,2015年2月27日,多云 /阵雨,21℃ / 5℃,南风 ≤3级 /南风 ≤3级,多云,阵雨,21,5,南风,≤3级,南风,≤3级,day
2015-02-27 13:30:00,三桥,7、未按规定让行的 ,负全部责任,不负责任,1,贵ABL336,红,1,湘A6JK26,黑,自培,-1,2004/8/23 0:00,-1,吉奥牌,丰田牌,366364000000000000 ,74667500000000000 ,196305,196402,13,4,2,工作日,非高峰,2015-02-27,2015年2月27日,多云 /阵雨,21℃ / 5℃,南风 ≤3级 /南风 ≤3级,多云,阵雨,21,5,南风,≤3级,南风,≤3级,day
2015-02-27 08:30:00,金阳红街,7、未按规定让行的 ,负全部责任,不负责任,1,贵AAA186,黑,0,贵A2945P,白,自培,文通驾校,2002/8/13 0:00,2011/9/29 0:00,比亚迪牌,长安牌,364557000000000000 ,364557000000000000 ,196608,197309,8,4,2,工作日,早高峰(7-9点),2015-02-27,2015年2月27日,多云 /阵雨,21℃ / 5℃,南风 ≤3级 /南风 ≤3级,多云,阵雨,21,5,南风,≤3级,南风,≤3级,day
2015-02-27 16:30:00,大营坡,7、未按规定让行的 ,负全部责任,不负责任,1,贵AKA825,银,1,贵GX2927,白,自培,消防驾校,2000/1/26 0:00,2013/8/15 0:00,吉利美日牌,东风雪铁龙牌,366367000000000000 ,364548000000000000 ,197011,196602,16,4,2,工作日,非高峰,2015-02-27,2015年2月27日,多云 /阵雨,21℃ / 5℃,南风 ≤3级 /南风 ≤3级,多云,阵雨,21,5,南风,≤3级,南风,≤3级,day
2015-02-27 13:00:00,兰川路,7、未按规定让行的 ,负全部责任,不负责任,0,贵AM5347,白,0,贵GL0342,银,-1,自培,-1,2005/6/6 0:00,长安牌,启辰牌,36454700000000000 ,366566000000000000 ,196210,196903,13,4,2,工作日,非高峰,2015-02-27,2015年2月27日,多云 /阵雨,21℃ / 5℃,南风 ≤3级 /南风 ≤3级,多云,阵雨,21,5,南风,≤3级,南风,≤3级,day
2015-02-27 15:00:00,中华北路,3、倒车的,负全部责任,不负责任,1,贵ALF241,白,1,贵AKK362,银,-1,自培,-1,2004/7/14 0:00,帕杰罗,红旗牌,366070000000000000 ,364547000000000000 ,196809,197404,15,4,2,工作日,非高峰,2015-02-27,2015年2月27日,多云 /阵雨,21℃ / 5℃,南风 ≤3级 /南风 ≤3级,多云,阵雨,21,5,南风,≤3级,南风,≤3级,day
2015-02-27 14:10:00,营盘路,3、倒车的,负全部责任,不负责任,1,贵A81V76,黑色,0,贵AFW142,白色,自培,自培,2002/5/21 0:00,2004/4/30 0:00,别克牌,东风雪铁龙牌,366764000000000000 ,364547000000000000 ,197111,198406,14,4,2,工作日,非高峰,2015-02-27,2015年2月27日,多云 /阵雨,21℃ / 5℃,南风 ≤3级 /南风 ≤3级,多云,阵雨,21,5,南风,≤3级,南风,≤3级,day
2015-02-27 14:19:00,金顶山,3、倒车的,负全部责任,不负责任,1,贵FP5931,白,1,贵ALG668,银,贵州省长安驾驶培训学校,自培,2010/12/17 0:00,2006/5/18 0:00,吉利牌,吉利牌,366067000000000000 ,366375000000000000 ,198709,197910,14,4,2,工作日,非高峰,2015-02-27,2015年2月27日,多云 /阵雨,21℃ / 5℃,南风 ≤3级 /南风 ≤3级,多云,阵雨,21,5,南风,≤3级,南风,≤3级,day
2015-02-27 08:30:00,花溪区燕楼乡旧盘村,3、倒车的,负全部责任,不负责任,0,贵GGA632,黑色,0,贵AEA435,白色,自培,自培,2012/12/20 0:00,2004/12/14 0:00,五菱牌,北京牌,74366500000000000 ,366068000000000000 ,197003,198209,8,4,2,工作日,早高峰(7-9点),2015-02-27,2015年2月27日,多云 /阵雨,21℃ / 5℃,南风 ≤3级 /南风 ≤3级,多云,阵雨,21,5,南风,≤3级,南风,≤3级,day
2015-02-27 09:25:00,乌当,8、依法应负全责的其他情形,负全部责任,不负责任,1,贵A9E673,绿,1,贵AFK438,白,自培,自培,2011/8/24 0:00,2002/5/31 0:00,东风标致牌,丰田牌,366067000000000000 ,366367000000000000 ,198110,197001,9,4,2,工作日,早高峰(7-9点),2015-02-27,2015年2月27日,多云 /阵雨,21℃ / 5℃,南风 ≤3级 /南风 ≤3级,多云,阵雨,21,5,南风,≤3级,南风,≤3级,day
2015-02-27 14:36:00,云岩区改茶大道,7、未按规定让行的 ,负全部责任,不负责任,0,贵A68H66,白色,1,贵A44M59,黑色,（南明区）现代驾驶培训有限公司,-1,2015/2/15 0:00,-1,丰田牌,宝马牌,366346000000000000 ,366577000000000000 ,198705,195712,14,4,2,工作日,非高峰,2015-02-27,2015年2月27日,多云 /阵雨,21℃ / 5℃,南风 ≤3级 /南风 ≤3级,多云,阵雨,21,5,南风,≤3级,南风,≤3级,day
2015-02-28 07:00:00,金关村,8、依法应负全责的其他情形,负全部责任,不负责任,1,贵AMK198,黑色,1,贵A7471G,黑色,吉源驾校,贵工驾校,2014/5/5 0:00,2014/5/9 0:00,夏利牌,长安牌,356168000000000000 ,36604551924058567X,197101,198604,7,5,2,工作日,早高峰(7-9点),2015-02-28,2015年2月28日,小雨 /小雨,8℃ / 4℃,东北风 ≤3级 /东北风 ≤3级,小雨,小雨,8,4,东北风,≤3级,东北风,≤3级,day
2015-02-27 20:00:00,小河转盘,8、依法应负全责的其他情形,负全部责任,不负责任,1,贵A57N62,白色,1,鲁D157M9,黑色,（观山湖区）蓝天驾驶培训有限公司,-1,2005/2/24 0:00,-1,锋范牌,北京现代牌,364556000000000000 ,354364000000000000 ,196511,198212,20,4,2,工作日,非高峰,2015-02-27,2015年2月27日,多云 /阵雨,21℃ / 5℃,南风 ≤3级 /南风 ≤3级,多云,阵雨,21,5,南风,≤3级,南风,≤3级,night
2015-02-27 17:30:00,中华中路,1、追尾的,负全部责任,不负责任,1,贵AU6326,绿,1,贵AU6376,绿,新天驾校,长运驾校,2011/4/22 0:00,2003/8/25 0:00,捷达牌,南爵牌,36456551935640243X,366278000000000000 ,198512,197511,17,4,2,工作日,晚高峰(17-19点),2015-02-27,2015年2月27日,多云 /阵雨,21℃ / 5℃,南风 ≤3级 /南风 ≤3级,多云,阵雨,21,5,南风,≤3级,南风,≤3级,day
2015-02-27 18:00:00,世纪城 ,7、未按规定让行的 ,负全部责任,不负责任,1,贵A78M27,黑,1,贵A25822,黑,自培,520107,2008/8/6 0:00,2009/2/18 0:00,大众汽车牌,雪佛兰牌,366264000000000000 ,366367000000000000 ,197803,198206,18,4,2,工作日,晚高峰(17-19点),2015-02-27,2015年2月27日,多云 /阵雨,21℃ / 5℃,南风 ≤3级 /南风 ≤3级,多云,阵雨,21,5,南风,≤3级,南风,≤3级,day
2015-02-27 19:50:00,三桥,1、追尾的,负全部责任,不负责任,1,贵ACX968,银,1,贵AS6404,红,520127,自培,2004/4/2 0:00,2011/6/27 0:00,东风日产牌,科雷傲,364557000000000000 ,366067000000000000 ,196306,196405,19,4,2,工作日,晚高峰(17-19点),2015-02-27,2015年2月27日,多云 /阵雨,21℃ / 5℃,南风 ≤3级 /南风 ≤3级,多云,阵雨,21,5,南风,≤3级,南风,≤3级,day
2015-02-27 18:44:00,白云区,1、追尾的,负全部责任,不负责任,1,贵AX6594,白,1,贵A92A54,黑,顺一驾驶培训学校,消防驾校,2012/5/14 0:00,2011/8/17 0:00,起亚牌,马自达牌,366367000000000000 ,364557000000000000 ,197109,198709,18,4,2,工作日,晚高峰(17-19点),2015-02-27,2015年2月27日,多云 /阵雨,21℃ / 5℃,南风 ≤3级 /南风 ≤3级,多云,阵雨,21,5,南风,≤3级,南风,≤3级,day
2015-02-27 21:30:00,啤酒厂,7、未按规定让行的 ,负全部责任,不负责任,1,贵AB756F,白,1,贵A63W52,黑,铁二局驾校,贵州现代驾驶培训责任有限公司,2006/8/2 0:00,2013/10/28 0:00,五菱牌,马自达牌,364568000000000000 ,364568000000000000 ,198605,198705,21,4,2,工作日,非高峰,2015-02-27,2015年2月27日,多云 /阵雨,21℃ / 5℃,南风 ≤3级 /南风 ≤3级,多云,阵雨,21,5,南风,≤3级,南风,≤3级,night
2015-02-27 21:05:00,省府路,3、倒车的,负全部责任,不负责任,1,贵ALT911,银,1,贵AEX567,银,自培,520116,1995/4/25 0:00,2007/9/27 0:00,雪佛兰牌,朗逸牌,77464351394167715X,364548000000000000 ,195809,198504,21,4,2,工作日,非高峰,2015-02-27,2015年2月27日,多云 /阵雨,21℃ / 5℃,南风 ≤3级 /南风 ≤3级,多云,阵雨,21,5,南风,≤3级,南风,≤3级,night
2015-02-28 08:10:00,花溪,8、依法应负全责的其他情形,负全部责任,不负责任,1,贵A8525W,白,1,贵A34R87,红,鑫鑫驾校,-1,2013/9/10 0:00,-1,荣威牌,宝马,364596000000000000 ,2545475182545723X,198708,197610,8,5,2,工作日,早高峰(7-9点),2015-02-28,2015年2月28日,小雨 /小雨,8℃ / 4℃,东北风 ≤3级 /东北风 ≤3级,小雨,小雨,8,4,东北风,≤3级,东北风,≤3级,day
2015-02-28 07:00:00,新华路,8、依法应负全责的其他情形,负全部责任,不负责任,1,贵A66C65,黑,1,贵FA2512,银,-1,-1,-1,-1,英伦牌,别克牌,364546000000 ,364547000000 ,86381,178033,7,5,2,工作日,早高峰(7-9点),2015-02-28,2015年2月28日,小雨 /小雨,8℃ / 4℃,东北风 ≤3级 /东北风 ≤3级,小雨,小雨,8,4,东北风,≤3级,东北风,≤3级,day
2015-02-28 08:40:00,盐务街,8、依法应负全责的其他情形,负全部责任,不负责任,1,贵ATC175,红,1,贵A4AB74,白,-1,520110,-1,2010/6/7 0:00,锋范牌,福特牌,36459551924669095X,364548000000000000 ,198602,198612,8,5,2,工作日,早高峰(7-9点),2015-02-28,2015年2月28日,小雨 /小雨,8℃ / 4℃,东北风 ≤3级 /东北风 ≤3级,小雨,小雨,8,4,东北风,≤3级,东北风,≤3级,day
2015-02-28 08:10:00,金阳,1、追尾的,负全部责任,不负责任,1,贵AK9322,黑,1,贵JBC247,红,自培,520110,2002/7/29 0:00,2009/4/17 0:00,颐达(TIIDA)牌,别克牌,364548000000000000 ,364557000000000000 ,197001,198606,8,5,2,工作日,早高峰(7-9点),2015-02-28,2015年2月28日,小雨 /小雨,8℃ / 4℃,东北风 ≤3级 /东北风 ≤3级,小雨,小雨,8,4,东北风,≤3级,东北风,≤3级,day
2015-02-27 17:50:00,花溪公园门口,7、未按规定让行的 ,负全部责任,不负责任,1,贵AHR858,白色,1,贵A4613Z,黑色,自培,铁二局驾校,2004/4/15 0:00,2011/7/12 0:00,沃尔沃牌,比亚迪牌,07455551865658785X,364556000000000000 ,197212,198104,17,4,2,工作日,晚高峰(17-19点),2015-02-27,2015年2月27日,多云 /阵雨,21℃ / 5℃,南风 ≤3级 /南风 ≤3级,多云,阵雨,21,5,南风,≤3级,南风,≤3级,day
2015-02-27 15:10:00,金阳北路,8、依法应负全责的其他情形,负全部责任,不负责任,1,贵A8BG78,白,1,贵A3351G,银,路路达驾校,十一培,2014/4/17 0:00,1994/2/13 0:00,东风标致牌,五菱牌,74795500000000000 ,366364000000000000 ,198504,196702,15,4,2,工作日,非高峰,2015-02-27,2015年2月27日,多云 /阵雨,21℃ / 5℃,南风 ≤3级 /南风 ≤3级,多云,阵雨,21,5,南风,≤3级,南风,≤3级,day
2015-02-27 17:50:00,三桥,1、追尾的,负全部责任,不负责任,1,贵ACX968,银,1,贵A79X13,银,520127,十一培,2004/4/2 0:00,1994/11/23 0:00,东风日产牌,丰田牌,364557000000000000 ,366347000000000000 ,196306,197303,17,4,2,工作日,晚高峰(17-19点),2015-02-27,2015年2月27日,多云 /阵雨,21℃ / 5℃,南风 ≤3级 /南风 ≤3级,多云,阵雨,21,5,南风,≤3级,南风,≤3级,day
2015-02-27 18:50:00,贵溪大道,1、追尾的,负全部责任,不负责任,1,贵A38038,红,1,贵A2BW35,黑,自培,自培,1992/10/20 0:00,2004/3/31 0:00,金龙牌,索兰托,366546000000000000 ,36464751835469525X,196010,197510,18,4,2,工作日,晚高峰(17-19点),2015-02-27,2015年2月27日,多云 /阵雨,21℃ / 5℃,南风 ≤3级 /南风 ≤3级,多云,阵雨,21,5,南风,≤3级,南风,≤3级,day
2015-02-28 07:50:00,长江路,7、未按规定让行的 ,负全部责任,不负责任,1,贵A7A900,银色,1,贵A6EA76,黑色,（经开区）十一驾驶培训有限公司,自培,2008/1/3 0:00,2001/10/22 0:00,比亚迪牌,比亚迪牌,364547000000000000 ,364547000000000000 ,197609,197509,7,5,2,工作日,早高峰(7-9点),2015-02-28,2015年2月28日,小雨 /小雨,8℃ / 4℃,东北风 ≤3级 /东北风 ≤3级,小雨,小雨,8,4,东北风,≤3级,东北风,≤3级,day
2015-02-27 19:40:00,金阳客运,8、依法应负全责的其他情形,负全部责任,不负责任,1,贵JP0087,黑,1,贵AK3695,红,纳雍县通达汽车摩托车驾驶培训有限公司,自培,2011/7/7 0:00,2006/6/28 0:00,世纪风牌,大力神牌,366063000000000000 ,364547000000000000 ,197612,196908,19,4,2,工作日,晚高峰(17-19点),2015-02-27,2015年2月27日,多云 /阵雨,21℃ / 5℃,南风 ≤3级 /南风 ≤3级,多云,阵雨,21,5,南风,≤3级,南风,≤3级,day
2015-02-28 07:40:00,小河转盘,8、依法应负全责的其他情形,负全部责任,不负责任,1,贵A29G22,黑色,1,贵ALK499,黑色,顺一驾驶培训学校,自培,2012/6/15 0:00,2004/11/9 0:00,大众牌,大切诺基,366667000000000000 ,364647000000000000 ,197911,197803,7,5,2,工作日,早高峰(7-9点),2015-02-28,2015年2月28日,小雨 /小雨,8℃ / 4℃,东北风 ≤3级 /东北风 ≤3级,小雨,小雨,8,4,东北风,≤3级,东北风,≤3级,day
2015-02-27 16:44:00,火车站,9、不符合前8款规定或者双方同时具有上述情形的,负同等责任,负同等责任,1,贵AU4884,绿,0,贵A5828警,白,自培,自培,2006/6/15 0:00,2003/6/23 0:00,三鑫牌,-1,366067000000000000 ,364547000000000000 ,198112,197309,16,4,2,工作日,非高峰,2015-02-27,2015年2月27日,多云 /阵雨,21℃ / 5℃,南风 ≤3级 /南风 ≤3级,多云,阵雨,21,5,南风,≤3级,南风,≤3级,day
2015-02-28 09:00:00,金阳客车站,5、开关车门的,负全部责任,不负责任,1,贵A2128E,银,1,贵AJ7096,黑,毕节地区宏强汽车(摩托车)驾驶培训学校,吉源驾校,-1,2006/12/25 0:00,夏利牌,奥迪牌,366064000000000000 ,36656351814753545X,198205,197903,9,5,2,工作日,早高峰(7-9点),2015-02-28,2015年2月28日,小雨 /小雨,8℃ / 4℃,东北风 ≤3级 /东北风 ≤3级,小雨,小雨,8,4,东北风,≤3级,东北风,≤3级,day
2015-02-28 12:11:00,枣山路,8、依法应负全责的其他情形,负全部责任,不负责任,1,贵A22L72,蓝,1,贵AAE261,黑,-1,新安县新通驾校,-1,2008/3/7 0:00,马自达牌,东本牌,354366000000000000 ,364558000000000000 ,198607,197110,12,5,2,工作日,非高峰,2015-02-28,2015年2月28日,小雨 /小雨,8℃ / 4℃,东北风 ≤3级 /东北风 ≤3级,小雨,小雨,8,4,东北风,≤3级,东北风,≤3级,day
2015-02-28 12:19:00,东二环,1、追尾的,负全部责任,不负责任,1,粤B943LG,银,1,贵A42J99,黑,-1,长运驾校,-1,2014/12/9 0:00,骊威牌,科雷傲,364547000000000000 ,364548000000000000 ,197403,198905,12,5,2,工作日,非高峰,2015-02-28,2015年2月28日,小雨 /小雨,8℃ / 4℃,东北风 ≤3级 /东北风 ≤3级,小雨,小雨,8,4,东北风,≤3级,东北风,≤3级,day
2015-02-28 11:10:00,复烤厂,8、依法应负全责的其他情形,负全部责任,不负责任,1,贵AMT577,黑色,0,临贵A9A145,黑色,（南明区）市交通职业技术驾驶培训学校,贵定县阳光汽车驾驶培训学校,2010/1/13 0:00,2014/7/19 0:00,吉利美日牌,-1,364547000000000000 ,366561000000000000 ,194910,199009,11,5,2,工作日,非高峰,2015-02-28,2015年2月28日,小雨 /小雨,8℃ / 4℃,东北风 ≤3级 /东北风 ≤3级,小雨,小雨,8,4,东北风,≤3级,东北风,≤3级,day
2015-02-28 11:20:00,北京西路,7、未按规定让行的 ,负全部责任,不负责任,1,鄂CAG968,银,1,贵A21Z63,黑,自培,全林驾校,-1,2005/8/12 0:00,北京现代,途锐,366563000000000000 ,366864000000000000 ,198508,196411,11,5,2,工作日,非高峰,2015-02-28,2015年2月28日,小雨 /小雨,8℃ / 4℃,东北风 ≤3级 /东北风 ≤3级,小雨,小雨,8,4,东北风,≤3级,东北风,≤3级,day
2015-02-28 10:15:00,小河,6、违反交通信号的,负全部责任,不负责任,1,贵A12Z91,白色,1,贵AU7543,白色,自培,新华驾校,2003/11/9 0:00,2006/1/6 0:00,迷你,力帆牌,364547000000000000 ,364566000000000000 ,198507,198409,10,5,2,工作日,非高峰,2015-02-28,2015年2月28日,小雨 /小雨,8℃ / 4℃,东北风 ≤3级 /东北风 ≤3级,小雨,小雨,8,4,东北风,≤3级,东北风,≤3级,day
2015-02-28 08:40:00,阳关,7、未按规定让行的 ,负全部责任,不负责任,1,辽M72L89,银,1,桂CZ9938,白,-1,-1,-1,-1,海马牌,东风日产牌,355697000000000000 ,36774500000000000 ,199006,198311,8,5,2,工作日,早高峰(7-9点),2015-02-28,2015年2月28日,小雨 /小雨,8℃ / 4℃,东北风 ≤3级 /东北风 ≤3级,小雨,小雨,8,4,东北风,≤3级,东北风,≤3级,day
2015-02-28 12:10:00,小十字,8、依法应负全责的其他情形,负全部责任,不负责任,1,贵GY4103,白,1,贵AU2300,蓝,-1,自培,-1,1994/8/29 0:00,众泰牌,天鹰牌,364648000000000000 ,366846000000000000 ,198204,197302,12,5,2,工作日,非高峰,2015-02-28,2015年2月28日,小雨 /小雨,8℃ / 4℃,东北风 ≤3级 /东北风 ≤3级,小雨,小雨,8,4,东北风,≤3级,东北风,≤3级,day
2015-02-28 15:30:00,二铺,1、追尾的,负全部责任,不负责任,1,贵G50111,白,1,贵AB438N,黑,-1,贵州现代驾驶培训责任有限公司,-1,2014/9/18 0:00,凯迪拉克牌,东风雪铁龙牌,366363000000000000 ,364596000000000000 ,196403,199509,15,5,2,工作日,非高峰,2015-02-28,2015年2月28日,小雨 /小雨,8℃ / 4℃,东北风 ≤3级 /东北风 ≤3级,小雨,小雨,8,4,东北风,≤3级,东北风,≤3级,day
2015-02-28 15:00:00,中坝,7、未按规定让行的 ,负全部责任,不负责任,0,贵A18A69,蓝,1,贵CLE220,白,（乌当区）平安驾驶培训有限公司,-1,2007/6/11 0:00,-1,长安牌,大众牌,366546000000000000 ,366566000000000000 ,198411,198707,15,5,2,工作日,非高峰,2015-02-28,2015年2月28日,小雨 /小雨,8℃ / 4℃,东北风 ≤3级 /东北风 ≤3级,小雨,小雨,8,4,东北风,≤3级,东北风,≤3级,day
2015-02-28 13:30:00,市北路,8、依法应负全责的其他情形,负全部责任,不负责任,0,贵A3F964,黄,1,贵AU0498,蓝,全林驾校,自培,2012/12/21 0:00,2007/9/3 0:00,-1,万达牌,366546000000000000 ,364558000000000000 ,198608,198805,13,5,2,工作日,非高峰,2015-02-28,2015年2月28日,小雨 /小雨,8℃ / 4℃,东北风 ≤3级 /东北风 ≤3级,小雨,小雨,8,4,东北风,≤3级,东北风,≤3级,day
2015-02-28 09:25:00,东站,3、倒车的,负全部责任,不负责任,1,贵A576D1,白色,1,贵JAW982,白色,自培,-1,2004/3/29 0:00,-1,长安牌,金龙牌,355741000000000000 ,734748000000000000 ,198209,198403,9,5,2,工作日,早高峰(7-9点),2015-02-28,2015年2月28日,小雨 /小雨,8℃ / 4℃,东北风 ≤3级 /东北风 ≤3级,小雨,小雨,8,4,东北风,≤3级,东北风,≤3级,day
2015-02-28 09:00:00,都司路,7、未按规定让行的 ,负全部责任,不负责任,1,贵A19G21,白,1,贵AK7156,银,全林驾校,十一培,2012/7/25 0:00,1997/3/24 0:00,江铃牌,天马牌,36464751995649073X,364548000000000000 ,198812,196306,9,5,2,工作日,早高峰(7-9点),2015-02-28,2015年2月28日,小雨 /小雨,8℃ / 4℃,东北风 ≤3级 /东北风 ≤3级,小雨,小雨,8,4,东北风,≤3级,东北风,≤3级,day
2015-02-28 12:40:00,文昌南路,7、未按规定让行的 ,负全部责任,不负责任,1,贵AUA431,白,0,贵AU2004,绿,-1,自培,-1,2003/5/20 0:00,丰田牌,瑞麒牌,364547000000000 ,364548000000000000 ,681120,196612,12,5,2,工作日,非高峰,2015-02-28,2015年2月28日,小雨 /小雨,8℃ / 4℃,东北风 ≤3级 /东北风 ≤3级,小雨,小雨,8,4,东北风,≤3级,东北风,≤3级,day
2015-02-28 12:00:00,花溪孟关,7、未按规定让行的 ,负全部责任,不负责任,1,贵A7944L,黑色,0,贵A9549U,黑色,龙里县翼翔驾驶培训有限责任公司,自培,2013/4/23 0:00,2005/9/14 0:00,东南牌,广州雅阁,364556000000000000 ,366664000000000000 ,197109,197307,12,5,2,工作日,非高峰,2015-02-28,2015年2月28日,小雨 /小雨,8℃ / 4℃,东北风 ≤3级 /东北风 ≤3级,小雨,小雨,8,4,东北风,≤3级,东北风,≤3级,day