accidenttime,accidentaddr,driver1fault,driver1responsibility,driver2responsibility,sex1,platenumber1,carcolor1,sex2,platenumber2,carcolor2,jxmc1,jxmc2,cclzrq1,cclzrq2,clpp1,clpp2,driver1license,driver2license,brith1,brith2,hour,weekday,month,is_weekday,peak_hour,date,日期,天气状况,气温,风力风向,day_wea,night_wea,day_tep,night_tep,day_wind_direction,day_wind_speed,night_wind_direction,night_wind_speed,segment
2015-02-28 14:00:00,金朱东路,7、未按规定让行的 ,负全部责任,不负责任,1,贵A466F4,银,1,贵AB847H,红,（花溪区）高新十七驾驶培训有限公司,自培,2008/6/13 0:00,2006/5/30 0:00,江淮牌,梅赛德斯-奔驰牌,364596000000000000 ,366061000000000000 ,198702,198709,14,5,2,工作日,非高峰,2015-02-28,2015年2月28日,小雨 /小雨,8℃ / 4℃,东北风 ≤3级 /东北风 ≤3级,小雨,小雨,8,4,东北风,≤3级,东北风,≤3级,day
2015-02-28 14:30:00,新添大道,7、未按规定让行的 ,负全部责任,不负责任,1,贵AMU631,蓝,1,贵AG2319,黑,遵义集顺达交通运输（集团）汽车驾驶培训有限公司,自培,2011/7/20 0:00,2001/3/12 0:00,五菱牌,威志牌,366367000000000000 ,364548000000000000 ,196206,197507,14,5,2,工作日,非高峰,2015-02-28,2015年2月28日,小雨 /小雨,8℃ / 4℃,东北风 ≤3级 /东北风 ≤3级,小雨,小雨,8,4,东北风,≤3级,东北风,≤3级,day
2015-02-28 12:30:00,花溪孟关,7、未按规定让行的 ,负全部责任,不负责任,1,贵A7944L,黑色,0,贵A9549V,黑色,龙里县翼翔驾驶培训有限责任公司,自培,2013/4/23 0:00,2005/9/14 0:00,东南牌,吉利,364556000000000000 ,366664000000000000 ,197109,197307,12,5,2,工作日,非高峰,2015-02-28,2015年2月28日,小雨 /小雨,8℃ / 4℃,东北风 ≤3级 /东北风 ≤3级,小雨,小雨,8,4,东北风,≤3级,东北风,≤3级,day
2015-02-28 11:00:00,中巴隧道,7、未按规定让行的 ,负全部责任,不负责任,1,贵CHN864,红,1,贵AGH928,黑,自培,自培,2012/8/27 0:00,2003/10/28 0:00,五菱牌,思威牌,366567000000000000 ,364557000000000000 ,199101,198508,11,5,2,工作日,非高峰,2015-02-28,2015年2月28日,小雨 /小雨,8℃ / 4℃,东北风 ≤3级 /东北风 ≤3级,小雨,小雨,8,4,东北风,≤3级,东北风,≤3级,day
2015-02-28 12:05:00,二桥,7、未按规定让行的 ,负全部责任,不负责任,1,贵FBF229,黑,1,渝CC9476,黑,自培,自培,2004/8/11 0:00,2004/3/31 0:00,东风标致牌,长安牌,366067000000000000 ,344796000000000000 ,197610,198310,12,5,2,工作日,非高峰,2015-02-28,2015年2月28日,小雨 /小雨,8℃ / 4℃,东北风 ≤3级 /东北风 ≤3级,小雨,小雨,8,4,东北风,≤3级,东北风,≤3级,day
2015-02-28 09:47:00,三桥,8、依法应负全责的其他情形,负全部责任,不负责任,1,浙C3UK72,白,1,贵AAY485,白,自培,自培,2006/1/25 0:00,2000/2/29 0:00,长城牌,东本牌,364648000000000000 ,366361000000000000 ,198007,197612,9,5,2,工作日,早高峰(7-9点),2015-02-28,2015年2月28日,小雨 /小雨,8℃ / 4℃,东北风 ≤3级 /东北风 ≤3级,小雨,小雨,8,4,东北风,≤3级,东北风,≤3级,day
2015-02-28 15:35:00,云岩区,8、依法应负全责的其他情形,负全部责任,不负责任,1,贵A14R86,黑,1,贵GV1622,黄,贵阳金马驾驶培训有限公司,-1,2014/1/14 0:00,-1,金杯牌,起亚牌,364568000000000000 ,66574500000000000 ,198902,197912,15,5,2,工作日,非高峰,2015-02-28,2015年2月28日,小雨 /小雨,8℃ / 4℃,东北风 ≤3级 /东北风 ≤3级,小雨,小雨,8,4,东北风,≤3级,东北风,≤3级,day
2015-03-01 09:45:00,南明区野猫井,7、未按规定让行的 ,负全部责任,不负责任,1,贵A5938H,白色,1,贵4544448,白色,-1,-1,-1,-1,歌诗图牌,-1,74665500000000000 ,366670000000000000 ,196807,197401,9,6,3,周末,早高峰(7-9点),2015-03-01,2015年3月1日,阴 /阴,9℃ / 3℃,东风 ≤3级 /南风 ≤3级,阴,阴,9,3,东风,≤3级,南风,≤3级,day
2015-02-28 22:22:00,花果园,7、未按规定让行的 ,负全部责任,不负责任,1,贵FV1564,黑,1,贵AU5189,黑,-1,520116,-1,2000/12/6 0:00,福克斯牌,新阳光牌,366046000000000000 ,364547000000000000 ,199009,197504,22,5,2,工作日,非高峰,2015-02-28,2015年2月28日,小雨 /小雨,8℃ / 4℃,东北风 ≤3级 /东北风 ≤3级,小雨,小雨,8,4,东北风,≤3级,东北风,≤3级,night
2015-02-28 18:30:00,东二环,1、追尾的,负全部责任,不负责任,1,贵A4405L,蓝,1,贵FG0313,黑,-1,顺一驾驶培训学校,-1,2007/10/15 0:00,东风雪铁龙牌,东风日产牌,366061000000000000 ,364548000000000000 ,199010,198808,18,5,2,工作日,晚高峰(17-19点),2015-02-28,2015年2月28日,小雨 /小雨,8℃ / 4℃,东北风 ≤3级 /东北风 ≤3级,小雨,小雨,8,4,东北风,≤3级,东北风,≤3级,day
2015-03-01 09:00:00,宝山南路,7、未按规定让行的 ,负全部责任,不负责任,1,贵A2D163,白色,1,贵AX9279,白色,-1,诚信驾驶培训学校,-1,2013/7/22 0:00,东风雪铁龙牌,豪爵牌,3663470000000000 ,364548000000000000 ,197628,199501,9,6,3,周末,早高峰(7-9点),2015-03-01,2015年3月1日,阴 /阴,9℃ / 3℃,东风 ≤3级 /南风 ≤3级,阴,阴,9,3,东风,≤3级,南风,≤3级,day
2015-03-01 11:00:00,黄河路,7、未按规定让行的 ,负全部责任,不负责任,1,贵A3274A,白色,1,贵AB374C,黑色,（经开区）十一驾驶培训有限公司,诚信驾驶培训学校,2007/2/16 0:00,2014/8/15 0:00,长安牌,东风标致牌,366067000000000000 ,36454651964955745X,195506,198208,11,6,3,周末,非高峰,2015-03-01,2015年3月1日,阴 /阴,9℃ / 3℃,东风 ≤3级 /南风 ≤3级,阴,阴,9,3,东风,≤3级,南风,≤3级,day
2015-02-28 18:54:00,二戈寨二大队,7、未按规定让行的 ,负全部责任,不负责任,1,贵A227C4,白色,1,贵CD0704,白色,（南明区）现代驾驶培训有限公司,铁二局驾校,2005/6/2 0:00,2012/1/17 0:00,江淮牌,英伦牌,366268000000000000 ,364547000000000000 ,198510,197507,18,5,2,工作日,晚高峰(17-19点),2015-02-28,2015年2月28日,小雨 /小雨,8℃ / 4℃,东北风 ≤3级 /东北风 ≤3级,小雨,小雨,8,4,东北风,≤3级,东北风,≤3级,day
2015-02-28 21:00:00,中山东路,3、倒车的,负全部责任,不负责任,1,贵A47H58,黄,1,贵A66F26,黑,青正驾校,铁二局驾校,2011/6/17 0:00,2012/7/30 0:00,东风雪铁龙牌,东风标致牌,364548000000000000 ,364547000000000000 ,199012,197804,21,5,2,工作日,非高峰,2015-02-28,2015年2月28日,小雨 /小雨,8℃ / 4℃,东北风 ≤3级 /东北风 ≤3级,小雨,小雨,8,4,东北风,≤3级,东北风,≤3级,night
2015-02-28 16:10:00,花溪大道,7、未按规定让行的 ,负全部责任,不负责任,1,贵AB089W,黑色,0,贵A8F563,黑色,-1,自培,-1,2012/10/18 0:00,捷达牌,纳智捷牌,355596000000000000 ,364556000000000000 ,198109,198702,16,5,2,工作日,非高峰,2015-02-28,2015年2月28日,小雨 /小雨,8℃ / 4℃,东北风 ≤3级 /东北风 ≤3级,小雨,小雨,8,4,东北风,≤3级,东北风,≤3级,day
2015-02-28 19:30:00,蟠桃宫,1、追尾的,负全部责任,不负责任,1,贵AAU565,绿,1,贵ACP353,蓝,（乌当区）全林驾驶培训有限公司,-1,2008/9/10 0:00,-1,飞度牌,三菱牌,354550000000000000 ,366669000000000000 ,197209,196610,19,5,2,工作日,晚高峰(17-19点),2015-02-28,2015年2月28日,小雨 /小雨,8℃ / 4℃,东北风 ≤3级 /东北风 ≤3级,小雨,小雨,8,4,东北风,≤3级,东北风,≤3级,day
2015-02-28 22:00:00,新华路口,1、追尾的,负全部责任,不负责任,1,贵AGU251,白色,1,贵AES472,白色,自培,-1,2003/11/12 0:00,-1,长安牌,丰田牌,364548000000000000 ,366368000000000 ,196506,781016,22,5,2,工作日,非高峰,2015-02-28,2015年2月28日,小雨 /小雨,8℃ / 4℃,东北风 ≤3级 /东北风 ≤3级,小雨,小雨,8,4,东北风,≤3级,东北风,≤3级,night
2015-02-28 18:21:00,大西门,8、依法应负全责的其他情形,负全部责任,不负责任,1,贵A22G27,白,0,贵ATY430,黑,自培,贵州平安驾驶培训学校,2003/10/28 0:00,2011/11/23 0:00,轩逸牌,宝来牌,364547000000000000 ,364547000000000000 ,197205,197203,18,5,2,工作日,晚高峰(17-19点),2015-02-28,2015年2月28日,小雨 /小雨,8℃ / 4℃,东北风 ≤3级 /东北风 ≤3级,小雨,小雨,8,4,东北风,≤3级,东北风,≤3级,day
2015-02-28 21:40:00,邮电大楼,8、依法应负全责的其他情形,负全部责任,不负责任,1,贵AJQ228,白色,1,贵A0069V,黑色,自培,天行健驾校,2006/9/5 0:00,2013/9/29 0:00,哈飞牌,丰田(TOYOTA)牌,366363000000000000 ,366363000000000000 ,198707,198110,21,5,2,工作日,非高峰,2015-02-28,2015年2月28日,小雨 /小雨,8℃ / 4℃,东北风 ≤3级 /东北风 ≤3级,小雨,小雨,8,4,东北风,≤3级,东北风,≤3级,night
2015-03-01 07:00:00,通源4S点,7、未按规定让行的 ,负全部责任,不负责任,1,贵A4346H,白,1,小型,黄,自培,-1,2002/8/13 0:00,-1,东风雪铁龙,-1,364557000000000000 ,贵AK0611,196608,9,7,6,3,周末,早高峰(7-9点),2015-03-01,2015年3月1日,阴 /阴,9℃ / 3℃,东风 ≤3级 /南风 ≤3级,阴,阴,9,3,东风,≤3级,南风,≤3级,day
2015-02-28 14:40:00,油榨街,7、未按规定让行的 ,负全部责任,不负责任,1,贵A86M92,黑色,1,贵AU7012,蓝色,自培,十一培,2007/11/8 0:00,1998/9/9 0:00,翼虎牌,奇瑞牌,364647000000000000 ,366364000000000000 ,198609,196112,14,5,2,工作日,非高峰,2015-02-28,2015年2月28日,小雨 /小雨,8℃ / 4℃,东北风 ≤3级 /东北风 ≤3级,小雨,小雨,8,4,东北风,≤3级,东北风,≤3级,day
2015-02-28 20:00:00,流云花园,1、追尾的,负全部责任,不负责任,1,贵A1502P,银,1,贵A41Z45,黑,自培,十一培,2000/3/5 0:00,1984/1/10 0:00,长安牌,东风雪铁龙牌,355464000000000000 ,364548000000000000 ,196507,195611,20,5,2,工作日,非高峰,2015-02-28,2015年2月28日,小雨 /小雨,8℃ / 4℃,东北风 ≤3级 /东北风 ≤3级,小雨,小雨,8,4,东北风,≤3级,东北风,≤3级,night
2015-02-28 15:25:00,长岭北路,1、追尾的,负全部责任,不负责任,1,冀B5H376,黑,1,贵AHM341,银,-1,自培,-1,2000/11/21 0:00,吉利美日牌,华泰圣达菲牌,366564000000000000 ,366246000000000000 ,198204,197407,15,5,2,工作日,非高峰,2015-02-28,2015年2月28日,小雨 /小雨,8℃ / 4℃,东北风 ≤3级 /东北风 ≤3级,小雨,小雨,8,4,东北风,≤3级,东北风,≤3级,day
2015-02-28 19:00:00,大营坡,7、未按规定让行的 ,负全部责任,不负责任,1,贵A98538,黑,1,贵AJ6819,红,-1,自培,-1,2002/10/16 0:00,江淮,东风标致,366268000000000000 ,364547000000000000 ,196708,196505,19,5,2,工作日,晚高峰(17-19点),2015-02-28,2015年2月28日,小雨 /小雨,8℃ / 4℃,东北风 ≤3级 /东北风 ≤3级,小雨,小雨,8,4,东北风,≤3级,东北风,≤3级,day
2015-02-28 19:35:00,花果园,1、追尾的,负全部责任,不负责任,1,贵A5AB26,红,1,贵A86Z41,银,-1,自培,-1,2000/8/7 0:00,海马牌,夏利牌,574862000000000000 ,57465500000000000 ,198304,196802,19,5,2,工作日,晚高峰(17-19点),2015-02-28,2015年2月28日,小雨 /小雨,8℃ / 4℃,东北风 ≤3级 /东北风 ≤3级,小雨,小雨,8,4,东北风,≤3级,东北风,≤3级,day
2015-03-01 10:30:00,嘉润路,7、未按规定让行的 ,负全部责任,不负责任,1,贵A1873T,白色,1,贵A39188,黑色,贵州省长安驾驶培训学校,自培,2011/7/21 0:00,2003/4/29 0:00,威志牌,华神牌,364596000000000000 ,366347000000000000 ,198808,198411,10,6,3,周末,非高峰,2015-03-01,2015年3月1日,阴 /阴,9℃ / 3℃,东风 ≤3级 /南风 ≤3级,阴,阴,9,3,东风,≤3级,南风,≤3级,day
2015-02-28 21:10:00,蟠桃宫,7、未按规定让行的 ,负全部责任,不负责任,1,贵ATB385,白色,1,贵AP7F47,白色,铁二局驾校,自培,2014/11/13 0:00,2007/11/15 0:00,长安牌,-1,366568000000000000 ,364557000000000000 ,197804,197609,21,5,2,工作日,非高峰,2015-02-28,2015年2月28日,小雨 /小雨,8℃ / 4℃,东北风 ≤3级 /东北风 ≤3级,小雨,小雨,8,4,东北风,≤3级,东北风,≤3级,night
2015-03-01 01:30:00,嘉润路,3、倒车的,负全部责任,不负责任,1,贵7866P,白色,1,贵A92K51,黑色,-1,自培,1978/1/10 0:00,2000/7/11 0:00,-1,福克斯牌,366663000000000000 ,364547000000000000 ,195603,197906,1,6,3,周末,非高峰,2015-03-01,2015年3月1日,阴 /阴,9℃ / 3℃,东风 ≤3级 /南风 ≤3级,阴,阴,9,3,东风,≤3级,南风,≤3级,night
2015-03-01 11:48:00,白云区,1、追尾的,负全部责任,不负责任,1,贵AKH241,黑,1,贵AGR953,白,-1,无,-1,2000/8/10 0:00,长城牌,吉利牌,366361000000000000 ,364557000000000000 ,196801,198002,11,6,3,周末,非高峰,2015-03-01,2015年3月1日,阴 /阴,9℃ / 3℃,东风 ≤3级 /南风 ≤3级,阴,阴,9,3,东风,≤3级,南风,≤3级,day
2015-03-01 14:00:00,西南环线,3、倒车的,负全部责任,不负责任,1,贵A69W73,黑色,1,贵A35K75,白色,-1,阳光驾校,-1,2012/11/9 0:00,宝马牌,莲花牌,364646000000000 ,364551000000000000 ,750718,198611,14,6,3,周末,非高峰,2015-03-01,2015年3月1日,阴 /阴,9℃ / 3℃,东风 ≤3级 /南风 ≤3级,阴,阴,9,3,东风,≤3级,南风,≤3级,day
2015-03-01 15:00:00,长江路,1、追尾的,负全部责任,不负责任,1,贵A5BW18,白色,1,贵AU1896,红色,-1,无,-1,2009/5/25 0:00,宝马(敞篷),银翔牌,35429551935462446X,366368000000000000 ,198510,198303,15,6,3,周末,非高峰,2015-03-01,2015年3月1日,阴 /阴,9℃ / 3℃,东风 ≤3级 /南风 ≤3级,阴,阴,9,3,东风,≤3级,南风,≤3级,day
2015-03-01 15:40:00,南明区体育路同辉花园,3、倒车的,负全部责任,不负责任,1,贵APW211,白色,1,贵A0BB48,白色,-1,-1,-1,-1,依维柯牌,长安牌,36066500000000000 ,364547000000000000 ,984081,199272,15,6,3,周末,非高峰,2015-03-01,2015年3月1日,阴 /阴,9℃ / 3℃,东风 ≤3级 /南风 ≤3级,阴,阴,9,3,东风,≤3级,南风,≤3级,day
2015-03-01 14:30:00,南二环,1、追尾的,负全部责任,不负责任,1,贵A3633B,白色,1,贵JS8667,白色,-1,贵大驾校,-1,2013/8/15 0:00,奥迪牌,东风日产牌,366567000000000000 ,364556000000000000 ,198112,198908,14,6,3,周末,非高峰,2015-03-01,2015年3月1日,阴 /阴,9℃ / 3℃,东风 ≤3级 /南风 ≤3级,阴,阴,9,3,东风,≤3级,南风,≤3级,day
2015-02-28 21:20:00,都司路,1、追尾的,负全部责任,不负责任,0,贵GP1505,白,1,贵FS7775,黑,全林驾校,织金县织通驾校,2012/5/31 0:00,-1,福克斯牌,长安牌,36454751834048326X,366064000000000000 ,197504,198508,21,5,2,工作日,非高峰,2015-02-28,2015年2月28日,小雨 /小雨,8℃ / 4℃,东北风 ≤3级 /东北风 ≤3级,小雨,小雨,8,4,东北风,≤3级,东北风,≤3级,night
2015-03-01 15:30:00,甲秀南路,1、追尾的,负全部责任,不负责任,1,贵JM6785,黑,1,贵GGB746,蓝,惠水县黔岭机动车驾驶培训有限公司,高新驾校,-1,2014/7/31 0:00,长安牌,北京现代牌,366876000000000000 ,364556000000000000 ,198110,199007,15,6,3,周末,非高峰,2015-03-01,2015年3月1日,阴 /阴,9℃ / 3℃,东风 ≤3级 /南风 ≤3级,阴,阴,9,3,东风,≤3级,南风,≤3级,day
2015-03-01 14:00:00,花果园,7、未按规定让行的 ,负全部责任,不负责任,1,贵A1173V,白色,1,贵A0103K,白色,蓝天驾校,贵阳金马驾驶培训有限公司,2013/7/4 0:00,2014/1/14 0:00,长城牌,吉利美日牌,364547000000000000 ,364548000000000000 ,196810,197502,14,6,3,周末,非高峰,2015-03-01,2015年3月1日,阴 /阴,9℃ / 3℃,东风 ≤3级 /南风 ≤3级,阴,阴,9,3,东风,≤3级,南风,≤3级,day
2015-03-01 15:07:00,市北路,9、不符合前8款规定或者双方同时具有上述情形的,负同等责任,负同等责任,1,贵ACL765,白,0,贵AEN431,黑,自培,自培,2000/12/23 0:00,1996/7/22 0:00,福克斯牌,丰田牌,364548000000000000 ,364548000000000000 ,197004,195306,15,6,3,周末,非高峰,2015-03-01,2015年3月1日,阴 /阴,9℃ / 3℃,东风 ≤3级 /南风 ≤3级,阴,阴,9,3,东风,≤3级,南风,≤3级,day
2015-03-01 15:15:00,乌当云开路,7、未按规定让行的 ,负全部责任,不负责任,1,贵J09143,黑色,1,贵AB7230,白色,安顺市公共交通驾驶培训学校,-1,2013/2/21 0:00,-1,五菱牌,力帆牌,366862000000000000 ,364557000000000000 ,197309,199106,15,6,3,周末,非高峰,2015-03-01,2015年3月1日,阴 /阴,9℃ / 3℃,东风 ≤3级 /南风 ≤3级,阴,阴,9,3,东风,≤3级,南风,≤3级,day
2015-03-01 11:40:00,百花大道,7、未按规定让行的 ,负全部责任,不负责任,1,贵A51F13,白,1,贵AU6148,绿,全林驾校,520111,2013/7/29 0:00,-1,江铃全顺牌,宇通牌,364566000000000000 ,366068000000000000 ,198910,198002,11,6,3,周末,非高峰,2015-03-01,2015年3月1日,阴 /阴,9℃ / 3℃,东风 ≤3级 /南风 ≤3级,阴,阴,9,3,东风,≤3级,南风,≤3级,day
2015-03-01 15:12:00,二戈寨百鸟园,3、倒车的,负全部责任,不负责任,1,贵JAN788,白色,1,贵A8134Z,白色,自培,预约考试窗口,2012/12/28 0:00,2007/8/7 0:00,北京现代牌,长安牌,364558000000000000 ,364558000000000000 ,199112,196901,15,6,3,周末,非高峰,2015-03-01,2015年3月1日,阴 /阴,9℃ / 3℃,东风 ≤3级 /南风 ≤3级,阴,阴,9,3,东风,≤3级,南风,≤3级,day
2015-03-01 17:15:00,金阳南路,1、追尾的,负全部责任,不负责任,0,贵AKR814,银,1,贵AA107M,白,-1,新华驾校,-1,2015/1/7 0:00,吉利牌,吉利牌,364557000000000000 ,364558000000000000 ,196202,197605,17,6,3,周末,晚高峰(17-19点),2015-03-01,2015年3月1日,阴 /阴,9℃ / 3℃,东风 ≤3级 /南风 ≤3级,阴,阴,9,3,东风,≤3级,南风,≤3级,day
2015-03-02 00:00:00,遵义路,7、未按规定让行的 ,负全部责任,不负责任,1,贵AU2333,白色,1,贵AU8109,白色,-1,520111,-1,2008/8/14 0:00,轻骑·铃木牌,宝来牌,364546000000000 ,366064000000000000 ,601121,197708,0,0,3,工作日,非高峰,2015-03-02,2015年3月2日,阴 /小雨,9℃ / 2℃,东北风 ≤3级 /东北风 ≤3级,阴,小雨,9,2,东北风,≤3级,东北风,≤3级,night
2015-03-07 17:00:00,大关,1、追尾的,负全部责任,不负责任,1,贵FF6951,白,1,贵A42Z32,白,-1,-1,-1,-1,钱江牌,雷克萨斯,366067000000000000 ,36454651844960448X,196608,197008,17,5,3,工作日,晚高峰(17-19点),2015-03-07,2015年3月7日,阴 /小雨,10℃ / 5℃,东风 ≤3级 /东南风 ≤3级,阴,小雨,10,5,东风,≤3级,东南风,≤3级,day
2015-03-01 13:00:00,盘江路,9、不符合前8款规定或者双方同时具有上述情形的,负同等责任,负同等责任,1,贵A74L48,红色,1,贵A74N77,黑色,自培,520101,2004/8/10 0:00,2009/3/25 0:00,别克牌,一汽牌,364547000000000000 ,364548000000000000 ,197409,198107,13,6,3,周末,非高峰,2015-03-01,2015年3月1日,阴 /阴,9℃ / 3℃,东风 ≤3级 /南风 ≤3级,阴,阴,9,3,东风,≤3级,南风,≤3级,day
2015-03-01 13:00:00,冒沙井,7、未按规定让行的 ,负全部责任,不负责任,1,贵AU2796,黄,0,贵AR2005,黑,十一培,十一培,1994/8/8 0:00,1994/10/30 0:00,宝来牌,钱江牌,366246000000000000 ,366566000000000000 ,196804,197411,13,6,3,周末,非高峰,2015-03-01,2015年3月1日,阴 /阴,9℃ / 3℃,东风 ≤3级 /南风 ≤3级,阴,阴,9,3,东风,≤3级,南风,≤3级,day
2015-03-01 15:00:00,三00医院内,7、未按规定让行的 ,负全部责任,不负责任,1,贵AEL339,白色,1,贵AKK408,白,贵州平安驾驶培训学校,自培,2013/2/18 0:00,2005/1/20 0:00,爱腾,别克牌,364547000000000000 ,364547000000000000 ,199410,197503,15,6,3,周末,非高峰,2015-03-01,2015年3月1日,阴 /阴,9℃ / 3℃,东风 ≤3级 /南风 ≤3级,阴,阴,9,3,东风,≤3级,南风,≤3级,day
2015-03-01 11:15:00,解放路,1、追尾的,负全部责任,不负责任,1,贵A3038Y,白色,1,贵A9AP72,白色,全林驾校,自培,2014/1/17 0:00,2004/4/26 0:00,别克牌,东风标致牌,364647000000000000 ,364548000000000000 ,199001,198408,11,6,3,周末,非高峰,2015-03-01,2015年3月1日,阴 /阴,9℃ / 3℃,东风 ≤3级 /南风 ≤3级,阴,阴,9,3,东风,≤3级,南风,≤3级,day
2015-03-01 13:00:00,小河,7、未按规定让行的 ,负全部责任,不负责任,1,贵GGB422,白色,1,贵AGR1608,白色,自培,自培,2008/5/4 0:00,2003/2/27 0:00,捷豹,-1,364556000000000000 ,364551000000000000 ,197202,198009,13,6,3,周末,非高峰,2015-03-01,2015年3月1日,阴 /阴,9℃ / 3℃,东风 ≤3级 /南风 ≤3级,阴,阴,9,3,东风,≤3级,南风,≤3级,day
2015-03-01 11:30:00,乌当,3、倒车的,负全部责任,不负责任,1,贵A51B74,蓝,1,贵ACZ243,银,遵义市恒达机动车驾驶员培训学校,自培,2012/6/11 0:00,2002/5/15 0:00,别克牌,奥迪牌,364551000000000000 ,366346000000000000 ,198008,197907,11,6,3,周末,非高峰,2015-03-01,2015年3月1日,阴 /阴,9℃ / 3℃,东风 ≤3级 /南风 ≤3级,阴,阴,9,3,东风,≤3级,南风,≤3级,day
2015-03-01 13:05:00,嘉润路,8、依法应负全责的其他情形,负全部责任,不负责任,1,贵FS3370,白色,1,贵AU8858,白色,景宏驾校,自培,2013/9/16 0:00,2009/9/30 0:00,五菱牌,瑞麒牌,366063000000000000 ,366568000000000000 ,198904,198410,13,6,3,周末,非高峰,2015-03-01,2015年3月1日,阴 /阴,9℃ / 3℃,东风 ≤3级 /南风 ≤3级,阴,阴,9,3,东风,≤3级,南风,≤3级,day
2015-03-01 16:00:00,中曹司,1、追尾的,负全部责任,不负责任,1,贵CLS373,白色,1,贵AW6848,白色,-1,自培,-1,2001/9/25 0:00,海马牌,金城牌,36656100000000000 ,364551000000000000 ,198211,197510,16,6,3,周末,非高峰,2015-03-01,2015年3月1日,阴 /阴,9℃ / 3℃,东风 ≤3级 /南风 ≤3级,阴,阴,9,3,东风,≤3级,南风,≤3级,day
2015-03-01 19:00:00,花溪,9、不符合前8款规定或者双方同时具有上述情形的,负同等责任,负同等责任,1,贵AA201A,白色,1,贵A2B104,白色,-1,贵工驾校,-1,2014/7/19 0:00,长安牌,吉利牌,366274000000000000 ,36686851984648305X,198406,198702,19,6,3,周末,晚高峰(17-19点),2015-03-01,2015年3月1日,阴 /阴,9℃ / 3℃,东风 ≤3级 /南风 ≤3级,阴,阴,9,3,东风,≤3级,南风,≤3级,day
2015-03-01 19:50:00,盐沙大道,7、未按规定让行的 ,负全部责任,不负责任,1,贵GV3381,白,1,贵HT2674,白,时发驾校,-1,2010/8/16 0:00,-1,万虎牌,北京现代牌,366061000000000000 ,364567000000000000 ,198712,199103,19,6,3,周末,晚高峰(17-19点),2015-03-01,2015年3月1日,阴 /阴,9℃ / 3℃,东风 ≤3级 /南风 ≤3级,阴,阴,9,3,东风,≤3级,南风,≤3级,day
2015-03-01 20:00:00,太慈桥,8、依法应负全责的其他情形,负全部责任,不负责任,1,贵AKR193,白色,1,贵A44N75,白色,-1,兴黔驾驶培训学校,-1,2006/3/28 0:00,东风日产牌,奥迪牌,354657000000000000 ,364547000000000000 ,196801,198509,20,6,3,周末,非高峰,2015-03-01,2015年3月1日,阴 /阴,9℃ / 3℃,东风 ≤3级 /南风 ≤3级,阴,阴,9,3,东风,≤3级,南风,≤3级,night
2015-03-01 22:00:00,金顶山,3、倒车的,负全部责任,不负责任,0,贵A0AC22,白,1,贵AU0228,绿,金大驾校,-1,2015/1/7 0:00,-1,大众汽车牌,奇瑞牌,366068000000000000 ,3645470000000000 ,197306,690327,22,6,3,周末,非高峰,2015-03-01,2015年3月1日,阴 /阴,9℃ / 3℃,东风 ≤3级 /南风 ≤3级,阴,阴,9,3,东风,≤3级,南风,≤3级,night
2015-03-02 08:30:00,北京路,8、依法应负全责的其他情形,负全部责任,不负责任,0,贵A6BY58,蓝,1,贵A79S67,白,-1,-1,-1,-1,马自达牌,大众牌,364547000000000000 ,35456551204165523X,198504,196409,8,0,3,工作日,早高峰(7-9点),2015-03-02,2015年3月2日,阴 /小雨,9℃ / 2℃,东北风 ≤3级 /东北风 ≤3级,阴,小雨,9,2,东北风,≤3级,东北风,≤3级,day
2015-03-02 09:00:00,多彩贵州城,7、未按规定让行的 ,负全部责任,不负责任,1,贵A7AC79,白色,1,贵AVB681,白色,（南明区）现代驾驶培训有限公司,全林驾校,2006/4/29 0:00,2011/8/18 0:00,雪佛兰牌,宝来牌,36455651874148475X,364556000000000000 ,197309,197207,9,0,3,工作日,早高峰(7-9点),2015-03-02,2015年3月2日,阴 /小雨,9℃ / 2℃,东北风 ≤3级 /东北风 ≤3级,阴,小雨,9,2,东北风,≤3级,东北风,≤3级,day
2015-03-02 09:00:00,友谊路,9、不符合前8款规定或者双方同时具有上述情形的,负同等责任,负同等责任,1,贵AVB664,黑,1,贵AU0498,绿,自培,自培,2007/9/3 0:00,2007/9/3 0:00,指南者,鑫源牌,364558000000000000 ,364558000000000000 ,198805,198805,9,0,3,工作日,早高峰(7-9点),2015-03-02,2015年3月2日,阴 /小雨,9℃ / 2℃,东北风 ≤3级 /东北风 ≤3级,阴,小雨,9,2,东北风,≤3级,东北风,≤3级,day
2015-03-02 08:00:00,狮子山,1、追尾的,负全部责任,不负责任,1,贵A84M43,白,1,贵JNK498,白,自培,诚信驾驶培训学校,2012/12/20 0:00,2011/8/19 0:00,福克斯牌,-1,364557000000000000 ,366864000000000000 ,199202,198506,8,0,3,工作日,早高峰(7-9点),2015-03-02,2015年3月2日,阴 /小雨,9℃ / 2℃,东北风 ≤3级 /东北风 ≤3级,阴,小雨,9,2,东北风,≤3级,东北风,≤3级,day
2015-03-02 08:00:00,河滨公园,1、追尾的,负全部责任,不负责任,1,贵AU4982,黑色,1,贵AVM397,白色,自培,-1,2002/3/11 0:00,-1,钱江牌,梅赛德斯-奔驰牌,366064000000000000 ,36656651944251565X,197701,198006,8,0,3,工作日,早高峰(7-9点),2015-03-02,2015年3月2日,阴 /小雨,9℃ / 2℃,东北风 ≤3级 /东北风 ≤3级,阴,小雨,9,2,东北风,≤3级,东北风,≤3级,day
2015-03-02 08:40:00,大兴星城,7、未按规定让行的 ,负全部责任,不负责任,1,贵A7F686,白色,1,贵AV3271,灰色,-1,预约考试窗口,-1,2007/2/7 0:00,雪佛兰牌,豪爵牌,366663000000000000 ,366876000000000000 ,198504,198704,8,0,3,工作日,早高峰(7-9点),2015-03-02,2015年3月2日,阴 /小雨,9℃ / 2℃,东北风 ≤3级 /东北风 ≤3级,阴,小雨,9,2,东北风,≤3级,东北风,≤3级,day