accidenttime,accidentaddr,driver1fault,driver1responsibility,driver2responsibility,sex1,platenumber1,carcolor1,sex2,platenumber2,carcolor2,jxmc1,jxmc2,cclzrq1,cclzrq2,clpp1,clpp2,driver1license,driver2license,brith1,brith2,hour,weekday,month,is_weekday,peak_hour,date,日期,天气状况,气温,风力风向,day_wea,night_wea,day_tep,night_tep,day_wind_direction,day_wind_speed,night_wind_direction,night_wind_speed,segment
2015-03-02 09:00:00,云岩区,8、依法应负全责的其他情形,负全部责任,不负责任,1,贵GR091,白,1,贵AA6193,白,自培,顺一驾驶培训学校,2014/12/22 0:00,2007/2/6 0:00,-1,轻骑*木兰,366263000000000000 ,354366000000000000 ,198610,196302,9,0,3,工作日,早高峰(7-9点),2015-03-02,2015年3月2日,阴 /小雨,9℃ / 2℃,东北风 ≤3级 /东北风 ≤3级,阴,小雨,9,2,东北风,≤3级,东北风,≤3级,day
2015-03-02 00:00:00,花二道,1、追尾的,负全部责任,不负责任,1,贵A28C31,白色,1,贵AK5403,黑色,自培,（经开区）十一驾驶培训有限公司,2009/12/30 0:00,2000/9/27 0:00,福克斯牌,五菱牌,364548000000000000 ,364551000000000000 ,198808,197804,0,0,3,工作日,非高峰,2015-03-02,2015年3月2日,阴 /小雨,9℃ / 2℃,东北风 ≤3级 /东北风 ≤3级,阴,小雨,9,2,东北风,≤3级,东北风,≤3级,night
2015-03-01 15:55:00,观水路,1、追尾的,负全部责任,不负责任,1,贵ANM244,白色,1,贵AU0046,白色,自培,-1,2004/5/9 0:00,-1,雪佛兰牌,万达牌,36454651825557602X,3645651275545067X,197611,963110,15,6,3,周末,非高峰,2015-03-01,2015年3月1日,阴 /阴,9℃ / 3℃,东风 ≤3级 /南风 ≤3级,阴,阴,9,3,东风,≤3级,南风,≤3级,day
2015-03-01 22:35:00,火车站,7、未按规定让行的 ,负全部责任,不负责任,1,贵AS8392,白色,1,贵A2893T,白色,自培,未定义,2012/4/26 0:00,2014/4/16 0:00,陆嘉牌,吉利牌,364596000000000000 ,364547000000000000 ,199210,199002,22,6,3,周末,非高峰,2015-03-01,2015年3月1日,阴 /阴,9℃ / 3℃,东风 ≤3级 /南风 ≤3级,阴,阴,9,3,东风,≤3级,南风,≤3级,night
2015-03-02 09:00:00,西二环,1、追尾的,负全部责任,不负责任,1,贵AAS193,白,1,贵A6AF19,白,自培,顺一驾驶培训学校,2007/2/6 0:00,2014/11/20 0:00,大众牌,马自达牌,354366000000000000 ,364547000000000000 ,196302,199112,9,0,3,工作日,早高峰(7-9点),2015-03-02,2015年3月2日,阴 /小雨,9℃ / 2℃,东北风 ≤3级 /东北风 ≤3级,阴,小雨,9,2,东北风,≤3级,东北风,≤3级,day
2015-03-02 09:00:00,南二环,7、未按规定让行的 ,负全部责任,不负责任,1,贵GX2507,白色,1,贵JH6156,白色,自培,-1,2011/4/28 0:00,-1,雪佛兰牌,江淮牌,726663000000000000 ,366869000000000000 ,198903,197308,9,0,3,工作日,早高峰(7-9点),2015-03-02,2015年3月2日,阴 /小雨,9℃ / 2℃,东北风 ≤3级 /东北风 ≤3级,阴,小雨,9,2,东北风,≤3级,东北风,≤3级,day
2015-03-02 08:32:00,二铺,8、依法应负全责的其他情形,负全部责任,不负责任,1,贵A91776,银,1,贵ACU253,银,-1,十一培,-1,1996/6/4 0:00,奇瑞,五菱牌,36424651924954537X,364557000000000000 ,198608,197501,8,0,3,工作日,早高峰(7-9点),2015-03-02,2015年3月2日,阴 /小雨,9℃ / 2℃,东北风 ≤3级 /东北风 ≤3级,阴,小雨,9,2,东北风,≤3级,东北风,≤3级,day
2015-03-01 17:20:00,沙冲路,7、未按规定让行的 ,负全部责任,不负责任,1,贵A7BY98,红,1,贵AU0720,蓝,自培,十一培,2006/4/29 0:00,1994/12/15 0:00,英菲尼迪 QX50,万达牌,364548000000000000 ,366068000000000000 ,196310,197102,17,6,3,周末,晚高峰(17-19点),2015-03-01,2015年3月1日,阴 /阴,9℃ / 3℃,东风 ≤3级 /南风 ≤3级,阴,阴,9,3,东风,≤3级,南风,≤3级,day
2015-03-01 17:00:00,小河西工厂,3、倒车的,负全部责任,不负责任,1,闽A79J16,白色,1,闽A34R86,白色,-1,自培,-1,2004/2/20 0:00,江铃牌,东风日产牌,734596000000000000 ,734569000000000000 ,197411,197101,17,6,3,周末,晚高峰(17-19点),2015-03-01,2015年3月1日,阴 /阴,9℃ / 3℃,东风 ≤3级 /南风 ≤3级,阴,阴,9,3,东风,≤3级,南风,≤3级,day
2015-03-01 21:40:00,宅吉路,8、依法应负全责的其他情形,负全部责任,不负责任,0,贵GY6574,白,1,贵A98019,白,吉源驾校,自培,2014/5/26 0:00,2000/1/31 0:00,东风标致牌,南骏牌,366064000000000000 ,364548000000000000 ,199004,198112,21,6,3,周末,非高峰,2015-03-01,2015年3月1日,阴 /阴,9℃ / 3℃,东风 ≤3级 /南风 ≤3级,阴,阴,9,3,东风,≤3级,南风,≤3级,night
2015-03-01 17:45:00,小河浦江路,7、未按规定让行的 ,负全部责任,不负责任,1,贵GM5476,白色,1,云D968A,白色,无,自培,2004/9/30 0:00,2007/8/23 0:00,思域牌,-1,364557000000000000 ,366069000000000000 ,198110,198610,17,6,3,周末,晚高峰(17-19点),2015-03-01,2015年3月1日,阴 /阴,9℃ / 3℃,东风 ≤3级 /南风 ≤3级,阴,阴,9,3,东风,≤3级,南风,≤3级,day
2015-03-01 21:00:00,沙冲路,1、追尾的,负全部责任,不负责任,1,贵A69Y18,白色,1,贵GV4887,黑色,自培,自培,2011/10/13 0:00,2005/7/8 0:00,江铃牌,-1,354166000000000000 ,364547000000000000 ,198805,198312,21,6,3,周末,非高峰,2015-03-01,2015年3月1日,阴 /阴,9℃ / 3℃,东风 ≤3级 /南风 ≤3级,阴,阴,9,3,东风,≤3级,南风,≤3级,night
2015-03-02 07:50:00,花果园,1、追尾的,负全部责任,不负责任,1,贵AU8097,绿,1,贵ACN427,白,自培,自培,2002/3/4 0:00,2005/2/1 0:00,爱立新牌,东风雪铁龙牌,36656651844664728X,366567000000000000 ,197002,197407,7,0,3,工作日,早高峰(7-9点),2015-03-02,2015年3月2日,阴 /小雨,9℃ / 2℃,东北风 ≤3级 /东北风 ≤3级,阴,小雨,9,2,东北风,≤3级,东北风,≤3级,day
2015-03-02 10:00:00,北京西路,8、依法应负全责的其他情形,负全部责任,不负责任,1,贵A3318F,绿,1,贵A13G47,白,-1,鑫鑫驾校,-1,2013/4/3 0:00,五菱牌,东风雪铁龙牌,364557000000000000 ,36454751144066697X,199009,199004,10,0,3,工作日,非高峰,2015-03-02,2015年3月2日,阴 /小雨,9℃ / 2℃,东北风 ≤3级 /东北风 ≤3级,阴,小雨,9,2,东北风,≤3级,东北风,≤3级,day
2015-03-02 10:50:00,花果园,8、依法应负全责的其他情形,负全部责任,不负责任,1,贵A94S67,黄,1,贵AA833Z,绿,铁二局驾校,新华驾校,2012/12/18 0:00,2011/9/6 0:00,沃尔沃,长安牌,366570000000000000 ,366670000000000000 ,198902,199306,10,0,3,工作日,非高峰,2015-03-02,2015年3月2日,阴 /小雨,9℃ / 2℃,东北风 ≤3级 /东北风 ≤3级,阴,小雨,9,2,东北风,≤3级,东北风,≤3级,day
2015-03-02 10:30:00,大唐财富中心,7、未按规定让行的 ,负全部责任,不负责任,1,贵A11571,黄,1,贵AJH849,黑,贵阳金马驾驶培训有限公司,520136,2010/7/20 0:00,-1,福田,奥迪牌,366068000000000000 ,366566000000000000 ,197407,198712,10,0,3,工作日,非高峰,2015-03-02,2015年3月2日,阴 /小雨,9℃ / 2℃,东北风 ≤3级 /东北风 ≤3级,阴,小雨,9,2,东北风,≤3级,东北风,≤3级,day
2015-03-02 10:20:00,客车站,1、追尾的,负全部责任,不负责任,0,贵CA0358,银,1,贵A87G58,红,-1,预约考试窗口,-1,2006/11/20 0:00,江淮牌,东风雪铁龙牌,366570000000000000 ,36455651874352765X,196602,197305,10,0,3,工作日,非高峰,2015-03-02,2015年3月2日,阴 /小雨,9℃ / 2℃,东北风 ≤3级 /东北风 ≤3级,阴,小雨,9,2,东北风,≤3级,东北风,≤3级,day
2015-03-02 11:05:00,大营坡,9、不符合前8款规定或者双方同时具有上述情形的,负同等责任,负同等责任,1,贵AU8768,蓝,1,贵AX3657,银,（南明区）金大驾驶培训有限公司,长运驾校,2008/5/8 0:00,2012/9/26 0:00,宝来牌,飞鹰牌,364548000000000000 ,36459551995443003X,198809,198810,11,0,3,工作日,非高峰,2015-03-02,2015年3月2日,阴 /小雨,9℃ / 2℃,东北风 ≤3级 /东北风 ≤3级,阴,小雨,9,2,东北风,≤3级,东北风,≤3级,day
2015-03-02 10:00:00,北京此路,1、追尾的,负全部责任,不负责任,1,皖BZ322K,蓝,1,贵A7A173,绿,-1,高新驾校,-1,2010/12/8 0:00,雪佛兰牌,启辰牌,706268000000000000 ,364557000000000000 ,198108,199110,10,0,3,工作日,非高峰,2015-03-02,2015年3月2日,阴 /小雨,9℃ / 2℃,东北风 ≤3级 /东北风 ≤3级,阴,小雨,9,2,东北风,≤3级,东北风,≤3级,day
2015-03-02 09:18:00,浣纱路,8、依法应负全责的其他情形,负全部责任,不负责任,1,京P76371,白色,1,贵A1AP39,白色,-1,520125,-1,2009/4/28 0:00,\N,英伦牌,676867000000000000 ,364566000000000000 ,197212,198604,9,0,3,工作日,早高峰(7-9点),2015-03-02,2015年3月2日,阴 /小雨,9℃ / 2℃,东北风 ≤3级 /东北风 ≤3级,阴,小雨,9,2,东北风,≤3级,东北风,≤3级,day
2015-03-02 10:13:00,三桥,7、未按规定让行的 ,负全部责任,不负责任,0,赣F42973,绿,1,贵AU7180,蓝,-1,自培,-1,1999/3/23 0:00,东风雪铁龙牌,铃木牌,726370000000000000 ,364557000000000000 ,197811,197908,10,0,3,工作日,非高峰,2015-03-02,2015年3月2日,阴 /小雨,9℃ / 2℃,东北风 ≤3级 /东北风 ≤3级,阴,小雨,9,2,东北风,≤3级,东北风,≤3级,day
2015-03-02 11:45:00,观山湖区,1、追尾的,负全部责任,不负责任,1,贵A32038,蓝,1,贵A5580B,蓝,自培,-1,1994/10/24 0:00,-1,申龙牌,长安牌,364557000000000000 ,366067000000000000 ,197412,198602,11,0,3,工作日,非高峰,2015-03-02,2015年3月2日,阴 /小雨,9℃ / 2℃,东北风 ≤3级 /东北风 ≤3级,阴,小雨,9,2,东北风,≤3级,东北风,≤3级,day
2015-03-02 11:00:00,延安路,8、依法应负全责的其他情形,负全部责任,不负责任,1,贵A549CZ,银,1,贵ANC674,蓝,铁二局驾校,-1,2012/6/14 0:00,-1,长安牌,别克牌,366067000000000000 ,704647000000000000 ,196807,198104,11,0,3,工作日,非高峰,2015-03-02,2015年3月2日,阴 /小雨,9℃ / 2℃,东北风 ≤3级 /东北风 ≤3级,阴,小雨,9,2,东北风,≤3级,东北风,≤3级,day
2015-03-02 13:10:00,二铺,7、未按规定让行的 ,负全部责任,不负责任,1,贵A98232,蓝,1,贵A6894W,白,-1,贵大佳德驾驶培训学校,-1,2011/7/21 0:00,五征牌,奇瑞牌,366064000000000000 ,364556000000000000 ,198201,198307,13,0,3,工作日,非高峰,2015-03-02,2015年3月2日,阴 /小雨,9℃ / 2℃,东北风 ≤3级 /东北风 ≤3级,阴,小雨,9,2,东北风,≤3级,东北风,≤3级,day
2015-03-02 13:30:00,观山西路,1、追尾的,负全部责任,不负责任,1,贵A0961G,白,1,贵A1625G,白,-1,贵阳金马驾驶培训有限公司,-1,2010/10/21 0:00,解放牌,五菱牌,364647000000000000 ,364557000000000000 ,198004,197805,13,0,3,工作日,非高峰,2015-03-02,2015年3月2日,阴 /小雨,9℃ / 2℃,东北风 ≤3级 /东北风 ≤3级,阴,小雨,9,2,东北风,≤3级,东北风,≤3级,day
2015-03-02 11:20:00,人民广场,7、未按规定让行的 ,负全部责任,不负责任,0,贵AEY727,黄,1,贵AU2048,黑,自培,520108,2006/7/4 0:00,2010/2/21 0:00,朗逸牌,宝来牌,364547000000000000 ,366046000000000000 ,196306,198406,11,0,3,工作日,非高峰,2015-03-02,2015年3月2日,阴 /小雨,9℃ / 2℃,东北风 ≤3级 /东北风 ≤3级,阴,小雨,9,2,东北风,≤3级,东北风,≤3级,day
2015-03-02 11:30:00,黔林山路,1、追尾的,负全部责任,不负责任,1,贵AX4943,银,1,贵AML077,红,自培,贵大佳德驾驶培训学校,2004/8/6 0:00,2011/12/28 0:00,山洋牌,吉利美日牌,364547000000000000 ,366669000000000000 ,197612,197312,11,0,3,工作日,非高峰,2015-03-02,2015年3月2日,阴 /小雨,9℃ / 2℃,东北风 ≤3级 /东北风 ≤3级,阴,小雨,9,2,东北风,≤3级,东北风,≤3级,day
2015-03-02 10:28:00,世纪城,3、倒车的,负全部责任,不负责任,1,贵ANX264,绿,1,贵A5G073,黑,自培,（南明区）贵工大驾驶培训有限公司,2000/1/20 0:00,2000/2/21 0:00,别克牌,森令人,366368000000000000 ,356170000000000000 ,198111,197911,10,0,3,工作日,非高峰,2015-03-02,2015年3月2日,阴 /小雨,9℃ / 2℃,东北风 ≤3级 /东北风 ≤3级,阴,小雨,9,2,东北风,≤3级,东北风,≤3级,day
2015-03-02 09:20:00,五里冲,7、未按规定让行的 ,负全部责任,不负责任,1,湘A6R828,红,1,贵JDG868,蓝,自培,-1,2005/7/11 0:00,-1,无,长安牌,74543500000000000 ,366877000000000000 ,196306,198508,9,0,3,工作日,早高峰(7-9点),2015-03-02,2015年3月2日,阴 /小雨,9℃ / 2℃,东北风 ≤3级 /东北风 ≤3级,阴,小雨,9,2,东北风,≤3级,东北风,≤3级,day
2015-03-02 09:00:00,中华北路,8、依法应负全责的其他情形,负全部责任,不负责任,1,贵EJ8396,白,1,贵AR199,黑,黔西南州海洋汽车（摩托车）驾驶培训有限责任公司,十一培,2011/12/13 0:00,1991/10/27 0:00,马自达牌,-1,364567000000000000 ,364547000000000000 ,199111,196711,9,0,3,工作日,早高峰(7-9点),2015-03-02,2015年3月2日,阴 /小雨,9℃ / 2℃,东北风 ≤3级 /东北风 ≤3级,阴,小雨,9,2,东北风,≤3级,东北风,≤3级,day
2015-03-02 11:00:00,牛郎关,8、依法应负全责的其他情形,负全部责任,不负责任,1,贵A09571,白色,1,贵AA1617,白色,自培,十一培,2003/6/2 0:00,1995/8/15 0:00,解放牌,丰田牌,366361000000000000 ,366364000000000000 ,198108,196610,11,0,3,工作日,非高峰,2015-03-02,2015年3月2日,阴 /小雨,9℃ / 2℃,东北风 ≤3级 /东北风 ≤3级,阴,小雨,9,2,东北风,≤3级,东北风,≤3级,day
2015-03-02 10:29:00,机场路,1、追尾的,负全部责任,不负责任,0,贵AL6157,蓝,1,贵A33951,白,（乌当区）全林驾驶培训有限公司,自培,2006/6/12 0:00,2004/7/13 0:00,解放牌,东风日产牌,774763000000000000 ,74547500000000000 ,196910,195409,10,0,3,工作日,非高峰,2015-03-02,2015年3月2日,阴 /小雨,9℃ / 2℃,东北风 ≤3级 /东北风 ≤3级,阴,小雨,9,2,东北风,≤3级,东北风,≤3级,day
2015-03-02 13:30:00,红阳厂,7、未按规定让行的 ,负全部责任,不负责任,1,贵AA393X,白色,1,贵AU6111,白色,-1,自培,-1,2000/7/14 0:00,吉利美日牌,黄海牌,36455600000000 ,36454651804653607X,197030,197402,13,0,3,工作日,非高峰,2015-03-02,2015年3月2日,阴 /小雨,9℃ / 2℃,东北风 ≤3级 /东北风 ≤3级,阴,小雨,9,2,东北风,≤3级,东北风,≤3级,day
2015-03-02 07:50:00,白云区,1、追尾的,负全部责任,不负责任,1,贵AU1118,绿,1,贵A75Y46,红,自培,自培,2000/5/10 0:00,2006/5/17 0:00,凯诺牌,奇瑞牌,364558000000000000 ,366663000000000000 ,198009,197210,7,0,3,工作日,早高峰(7-9点),2015-03-02,2015年3月2日,阴 /小雨,9℃ / 2℃,东北风 ≤3级 /东北风 ≤3级,阴,小雨,9,2,东北风,≤3级,东北风,≤3级,day
2015-03-02 14:40:00,东客站,1、追尾的,负全部责任,不负责任,1,贵A4AJ65,白色,1,贵C93001,白色,-1,吉源驾校,-1,2012/11/23 0:00,歌诗图牌,陕汽牌,35566151974351043X,364596000000000000 ,198305,199103,14,0,3,工作日,非高峰,2015-03-02,2015年3月2日,阴 /小雨,9℃ / 2℃,东北风 ≤3级 /东北风 ≤3级,阴,小雨,9,2,东北风,≤3级,东北风,≤3级,day
2015-03-02 15:40:00,百花大道,3、倒车的,负全部责任,不负责任,1,贵A57R44,白,1,贵A91068,银,景宏驾校,-1,2011/9/29 0:00,-1,起亚牌,五星牌,36666851974051445X,366068000000000000 ,198304,198809,15,0,3,工作日,非高峰,2015-03-02,2015年3月2日,阴 /小雨,9℃ / 2℃,东北风 ≤3级 /东北风 ≤3级,阴,小雨,9,2,东北风,≤3级,东北风,≤3级,day
2015-03-02 15:30:00,乌金路,9、不符合前8款规定或者双方同时具有上述情形的,负同等责任,负同等责任,1,贵AC4818,白色,1,贵A88E44,白色,自培,自培,2007/10/9 0:00,1983/1/10 0:00,金狮牌,东风雪铁龙牌,364547000000000000 ,364548000000000000 ,195604,196310,15,0,3,工作日,非高峰,2015-03-02,2015年3月2日,阴 /小雨,9℃ / 2℃,东北风 ≤3级 /东北风 ≤3级,阴,小雨,9,2,东北风,≤3级,东北风,≤3级,day
2015-03-02 13:30:00,大营坡,1、追尾的,负全部责任,不负责任,1,贵FY1769,白,1,贵A95M53,白,-1,龙里县圣锦汽车驾驶培训学校,-1,1995/3/7 0:00,吉利牌,福特牌,366064000000000000 ,366364000000000000 ,198409,196805,13,0,3,工作日,非高峰,2015-03-02,2015年3月2日,阴 /小雨,9℃ / 2℃,东北风 ≤3级 /东北风 ≤3级,阴,小雨,9,2,东北风,≤3级,东北风,≤3级,day
2015-03-02 11:00:00,花溪,8、依法应负全责的其他情形,负全部责任,不负责任,1,贵A7610C,白色,1,贵A0389Y,白色,铁二局驾校,520101,2011/2/21 0:00,2010/2/23 0:00,解放牌,五菱牌,354667000000000000 ,366561000000000000 ,196608,198812,11,0,3,工作日,非高峰,2015-03-02,2015年3月2日,阴 /小雨,9℃ / 2℃,东北风 ≤3级 /东北风 ≤3级,阴,小雨,9,2,东北风,≤3级,东北风,≤3级,day
2015-03-02 15:00:00,飞山街,7、未按规定让行的 ,负全部责任,不负责任,1,贵A92H36,黑,1,贵AU4244,绿,-1,十一驾驶培训有限公司,-1,2005/7/20 0:00,起亚牌,捷达牌,364547000000000000 ,364548000000000000 ,196007,197506,15,0,3,工作日,非高峰,2015-03-02,2015年3月2日,阴 /小雨,9℃ / 2℃,东北风 ≤3级 /东北风 ≤3级,阴,小雨,9,2,东北风,≤3级,东北风,≤3级,day
2015-03-02 13:05:00,石林西路,8、依法应负全责的其他情形,负全部责任,不负责任,1,贵A333E7,银,1,贵ATU571,白,自培,鑫鑫驾校,1994/12/26 0:00,2015/2/5 0:00,五菱牌,东风牌,364557000000000000 ,364548000000000000 ,197510,197111,13,0,3,工作日,非高峰,2015-03-02,2015年3月2日,阴 /小雨,9℃ / 2℃,东北风 ≤3级 /东北风 ≤3级,阴,小雨,9,2,东北风,≤3级,东北风,≤3级,day
2015-03-02 12:30:00,金阳南路,7、未按规定让行的 ,负全部责任,不负责任,1,贵AHJ274,绿,1,浙B2LM83,银,-1,-1,-1,-1,夏利牌,别克牌,7406050000000000 ,366068000000000000 ,196901,198407,12,0,3,工作日,非高峰,2015-03-02,2015年3月2日,阴 /小雨,9℃ / 2℃,东北风 ≤3级 /东北风 ≤3级,阴,小雨,9,2,东北风,≤3级,东北风,≤3级,day
2015-03-02 16:00:00,小河,3、倒车的,负全部责任,不负责任,1,贵A89E99,白色,1,贵ADC149,黑色,吉源驾校,-1,2014/11/19 0:00,-1,东风标致牌,夏利牌,364547000000000000 ,364648000000000000 ,198512,196604,16,0,3,工作日,非高峰,2015-03-02,2015年3月2日,阴 /小雨,9℃ / 2℃,东北风 ≤3级 /东北风 ≤3级,阴,小雨,9,2,东北风,≤3级,东北风,≤3级,day
2015-03-02 13:30:00,西二环,8、依法应负全责的其他情形,负全部责任,不负责任,1,贵AA361M,白色,1,贵A72401,白色,阳光驾校,-1,2014/12/18 0:00,-1,海马牌,江淮牌,364647000000000000 ,366064000000000000 ,197910,198706,13,0,3,工作日,非高峰,2015-03-02,2015年3月2日,阴 /小雨,9℃ / 2℃,东北风 ≤3级 /东北风 ≤3级,阴,小雨,9,2,东北风,≤3级,东北风,≤3级,day
2015-03-02 17:30:00,花香村,9、不符合前8款规定或者双方同时具有上述情形的,负同等责任,负同等责任,1,贵A88E44,白色,1,贵AU4818,白色,自培,自培,1983/1/10 0:00,2007/10/9 0:00,东风雪铁龙牌,捷达牌,364548000000000000 ,364547000000000000 ,196310,195604,17,0,3,工作日,晚高峰(17-19点),2015-03-02,2015年3月2日,阴 /小雨,9℃ / 2℃,东北风 ≤3级 /东北风 ≤3级,阴,小雨,9,2,东北风,≤3级,东北风,≤3级,day
2015-03-02 17:00:00,白云区,7、未按规定让行的 ,负全部责任,不负责任,1,贵A355G3,黑,1,贵AKG522,黑,高新驾校,520127,2014/1/22 0:00,2009/9/5 0:00,北京牌,雅阁牌,366347000000000000 ,356164000000000000 ,197911,197607,17,0,3,工作日,晚高峰(17-19点),2015-03-02,2015年3月2日,阴 /小雨,9℃ / 2℃,东北风 ≤3级 /东北风 ≤3级,阴,小雨,9,2,东北风,≤3级,东北风,≤3级,day
2015-03-02 17:45:00,瑞金中路,8、依法应负全责的其他情形,负全部责任,不负责任,1,贵A58F69,银,1,贵A58G19,黄,自培,省交校,2002/9/9 0:00,2012/6/19 0:00,雪佛兰牌,翼搏牌,754546000000000000 ,364648000000000000 ,197307,197810,17,0,3,工作日,晚高峰(17-19点),2015-03-02,2015年3月2日,阴 /小雨,9℃ / 2℃,东北风 ≤3级 /东北风 ≤3级,阴,小雨,9,2,东北风,≤3级,东北风,≤3级,day
2015-03-02 17:45:00,宝山南路,7、未按规定让行的 ,负全部责任,不负责任,1,贵AU0058,蓝,0,贵A89E29,白,消防驾校,铁二局驾校,1995/9/2 0:00,2012/8/29 0:00,本田牌,福克斯牌,366367000000000000 ,364551000000000000 ,197503,198007,17,0,3,工作日,晚高峰(17-19点),2015-03-02,2015年3月2日,阴 /小雨,9℃ / 2℃,东北风 ≤3级 /东北风 ≤3级,阴,小雨,9,2,东北风,≤3级,东北风,≤3级,day
2015-03-02 18:00:00,贵开路,9、不符合前8款规定或者双方同时具有上述情形的,负同等责任,负同等责任,1,贵AS9758,白,1,贵AU7982,绿,诚信驾驶培训学校,自培,2002/11/14 0:00,1992/8/21 0:00,力帆牌,华威龙牌,366368000000000000 ,36455651234852415X,197809,196507,18,0,3,工作日,晚高峰(17-19点),2015-03-02,2015年3月2日,阴 /小雨,9℃ / 2℃,东北风 ≤3级 /东北风 ≤3级,阴,小雨,9,2,东北风,≤3级,东北风,≤3级,day
2015-03-02 19:10:00,宝山路,1、追尾的,负全部责任,不负责任,1,贵AL5114,黑,1,贵A7C396,黑,（乌当区）全林驾驶培训有限公司,大地驾校,2007/5/29 0:00,2005/6/7 0:00,钱江牌,梅赛德斯-奔驰,366663000000000000 ,366664000000000000 ,198308,197810,19,0,3,工作日,晚高峰(17-19点),2015-03-02,2015年3月2日,阴 /小雨,9℃ / 2℃,东北风 ≤3级 /东北风 ≤3级,阴,小雨,9,2,东北风,≤3级,东北风,≤3级,day
2015-03-02 16:30:00,乌当,7、未按规定让行的 ,负全部责任,不负责任,1,贵AU6056,绿,1,贵A9083J,黑,自培,自培,2000/12/20 0:00,2006/8/4 0:00,捷达牌,豪情牌,366068000000000000 ,364557000000000000 ,196503,198803,16,0,3,工作日,非高峰,2015-03-02,2015年3月2日,阴 /小雨,9℃ / 2℃,东北风 ≤3级 /东北风 ≤3级,阴,小雨,9,2,东北风,≤3级,东北风,≤3级,day
2015-03-02 13:38:00,二戈寨,7、未按规定让行的 ,负全部责任,不负责任,1,贵A2E589,白色,1,贵AU7973,白色,自培,十一培,2012/8/1 0:00,1993/10/19 0:00,北京现代牌,捷达牌,364556000000000000 ,364547000000000000 ,199210,196312,13,0,3,工作日,非高峰,2015-03-02,2015年3月2日,阴 /小雨,9℃ / 2℃,东北风 ≤3级 /东北风 ≤3级,阴,小雨,9,2,东北风,≤3级,东北风,≤3级,day
2015-03-02 15:00:00,贵州民族大学镇宇路口,9、不符合前8款规定或者双方同时具有上述情形的,负同等责任,负同等责任,1,贵ANP151,白色,1,贵AU6507,白色,自培,十一培,2004/5/14 0:00,1994/3/8 0:00,红旗牌,捷达牌,364556000000000000 ,364547000000000000 ,198502,196504,15,0,3,工作日,非高峰,2015-03-02,2015年3月2日,阴 /小雨,9℃ / 2℃,东北风 ≤3级 /东北风 ≤3级,阴,小雨,9,2,东北风,≤3级,东北风,≤3级,day
2015-03-02 15:50:00,野鸭乡镇,1、追尾的,负全部责任,不负责任,0,贵ARX672,蓝,1,贵ARV597,黑,自培,十一培,2004/10/21 0:00,1998/12/3 0:00,江淮牌,长安牌,366067000000000000 ,36634651284350005X,197803,196705,15,0,3,工作日,非高峰,2015-03-02,2015年3月2日,阴 /小雨,9℃ / 2℃,东北风 ≤3级 /东北风 ≤3级,阴,小雨,9,2,东北风,≤3级,东北风,≤3级,day
2015-03-02 14:30:00,东二环,1、追尾的,负全部责任,不负责任,1,贵A73E77,白,0,贵AV7368,白,自培,十一培,2012/1/12 0:00,1999/6/3 0:00,丰田牌,天禧牌,356167000000000000 ,364548000000000000 ,197104,196811,14,0,3,工作日,非高峰,2015-03-02,2015年3月2日,阴 /小雨,9℃ / 2℃,东北风 ≤3级 /东北风 ≤3级,阴,小雨,9,2,东北风,≤3级,东北风,≤3级,day
2015-03-02 12:30:00,浦江路,3、倒车的,负全部责任,不负责任,1,贵AKS445,白色,1,贵AV9947,白色,（云岩区）省交通职业技术驾驶培训学校,自培,2009/11/16 0:00,2006/6/23 0:00,大众牌,豪爵牌,364548000000000000 ,36636251944055405X,198509,198004,12,0,3,工作日,非高峰,2015-03-02,2015年3月2日,阴 /小雨,9℃ / 2℃,东北风 ≤3级 /东北风 ≤3级,阴,小雨,9,2,东北风,≤3级,东北风,≤3级,day
2015-03-02 18:00:00,白云公园,3、倒车的,负全部责任,不负责任,1,贵A7841N,蓝,1,贵A64461,白,-1,自培,-1,2004/2/6 0:00,吉利牌,凯诺牌,35796651174142861X,366876000000000000 ,199309,198504,18,0,3,工作日,晚高峰(17-19点),2015-03-02,2015年3月2日,阴 /小雨,9℃ / 2℃,东北风 ≤3级 /东北风 ≤3级,阴,小雨,9,2,东北风,≤3级,东北风,≤3级,day
2015-03-02 18:05:00,冒沙井,7、未按规定让行的 ,负全部责任,不负责任,1,贵GV2288,白,1,贵AU3776,绿,新天驾校,自培,2013/12/26 0:00,2002/9/10 0:00,嘉陵牌,飞肯牌,364557000000000000 ,364557000000000000 ,198909,198308,18,0,3,工作日,晚高峰(17-19点),2015-03-02,2015年3月2日,阴 /小雨,9℃ / 2℃,东北风 ≤3级 /东北风 ≤3级,阴,小雨,9,2,东北风,≤3级,东北风,≤3级,day
2015-03-02 17:00:00,威清路,8、依法应负全责的其他情形,负全部责任,不负责任,1,贵FJ8849,绿,1,贵A75M24,绿,贵大佳德驾驶培训学校,未定义,2013/10/10 0:00,2001/7/17 0:00,五菱牌,马自达牌,366067000000000000 ,364548000000000000 ,197402,198305,17,0,3,工作日,晚高峰(17-19点),2015-03-02,2015年3月2日,阴 /小雨,9℃ / 2℃,东北风 ≤3级 /东北风 ≤3级,阴,小雨,9,2,东北风,≤3级,东北风,≤3级,day