accidenttime,accidentaddr,driver1fault,driver1responsibility,driver2responsibility,sex1,platenumber1,carcolor1,sex2,platenumber2,carcolor2,jxmc1,jxmc2,cclzrq1,cclzrq2,clpp1,clpp2,driver1license,driver2license,brith1,brith2,hour,weekday,month,is_weekday,peak_hour,date,日期,天气状况,气温,风力风向,day_wea,night_wea,day_tep,night_tep,day_wind_direction,day_wind_speed,night_wind_direction,night_wind_speed,segment
2015-03-02 19:48:00,兴筑西路,8、依法应负全责的其他情形,负全部责任,不负责任,1,贵GQ9790,蓝,1,贵A29S14,黑,路路达驾校,金沙县驰航驾驶培训学校,2006/7/13 0:00,1991/9/5 0:00,长安牌,奥迪牌,364558000000000000 ,364557000000000000 ,198109,197510,19,0,3,工作日,晚高峰(17-19点),2015-03-02,2015年3月2日,阴 /小雨,9℃ / 2℃,东北风 ≤3级 /东北风 ≤3级,阴,小雨,9,2,东北风,≤3级,东北风,≤3级,day
2015-03-02 18:00:00,西南环线,1、追尾的,负全部责任,不负责任,1,贵A19543,白色,1,贵JK0496,白色,（经开区）十一驾驶培训有限公司,-1,2008/10/27 0:00,-1,帕萨特牌,野马牌,366068000000000000 ,366868000000000000 ,198203,117711,18,0,3,工作日,晚高峰(17-19点),2015-03-02,2015年3月2日,阴 /小雨,9℃ / 2℃,东北风 ≤3级 /东北风 ≤3级,阴,小雨,9,2,东北风,≤3级,东北风,≤3级,day
2015-03-03 08:30:00,吕建路,7、未按规定让行的 ,负全部责任,不负责任,1,贵A2749J,蓝,1,贵A32916,黑,-1,520116,-1,2000/7/10 0:00,长安牌,雅阁,366068000000000000 ,364558000000000000 ,198301,197003,8,1,3,工作日,早高峰(7-9点),2015-03-03,2015年3月3日,小雨 /小雨,8℃ / 3℃,东北风 ≤3级 /东北风 ≤3级,小雨,小雨,8,3,东北风,≤3级,东北风,≤3级,day
2015-03-02 21:50:00,八角岩路,9、不符合前8款规定或者双方同时具有上述情形的,负同等责任,负同等责任,1,贵J11241,黑,1,贵AKV467,红,-1,520131,-1,2009/2/11 0:00,奥迪牌,别克牌,364556000000000000 ,364547000000000000 ,999208,196510,21,0,3,工作日,非高峰,2015-03-02,2015年3月2日,阴 /小雨,9℃ / 2℃,东北风 ≤3级 /东北风 ≤3级,阴,小雨,9,2,东北风,≤3级,东北风,≤3级,night
2015-03-03 09:48:00,沙冲北路,7、未按规定让行的 ,负全部责任,不负责任,1,贵A8N815,白色,1,贵CDY522,黑色,-1,自培,-1,2009/7/10 0:00,-1,长城牌,344556000000000000 ,364566000000000000 ,798112,198703,9,1,3,工作日,早高峰(7-9点),2015-03-03,2015年3月3日,小雨 /小雨,8℃ / 3℃,东北风 ≤3级 /东北风 ≤3级,小雨,小雨,8,3,东北风,≤3级,东北风,≤3级,day
2015-03-02 21:00:00,山水黔城小河,7、未按规定让行的 ,负全部责任,不负责任,1,贵CJJ468,白色,1,贵A68M67,白色,（花溪区）凯信驾驶培训有限公司,520126,2015/2/9 0:00,2009/5/8 0:00,隆鑫牌,大众牌,366546000000000000 ,364547000000000000 ,198702,198603,21,0,3,工作日,非高峰,2015-03-02,2015年3月2日,阴 /小雨,9℃ / 2℃,东北风 ≤3级 /东北风 ≤3级,阴,小雨,9,2,东北风,≤3级,东北风,≤3级,night
2015-03-03 00:00:00,红艳村,8、依法应负全责的其他情形,负全部责任,不负责任,1,贵A5BE59,白色,1,贵G6336,白色,-1,贵州现代驾驶培训责任有限公司,-1,2010/1/15 0:00,北京现代牌,北京牌,366661000000000000 ,36455051154848405X,198410,199107,0,1,3,工作日,非高峰,2015-03-03,2015年3月3日,小雨 /小雨,8℃ / 3℃,东北风 ≤3级 /东北风 ≤3级,小雨,小雨,8,3,东北风,≤3级,东北风,≤3级,night
2015-03-03 04:40:00,区政府,1、追尾的,负全部责任,不负责任,0,贵AA915Y,白,1,贵ARM149,白,铁二局驾校,消防驾校,2012/3/30 0:00,2010/12/16 0:00,现代,别克牌,36456751915552796X,364558000000000000 ,198911,197210,4,1,3,工作日,非高峰,2015-03-03,2015年3月3日,小雨 /小雨,8℃ / 3℃,东北风 ≤3级 /东北风 ≤3级,小雨,小雨,8,3,东北风,≤3级,东北风,≤3级,night
2015-03-03 07:05:00,陈家坡,1、追尾的,负全部责任,不负责任,1,贵AU6305,白色,1,贵AU7995,白色,（南明区）现代驾驶培训有限公司,预约考试窗口,2008/3/10 0:00,2007/1/11 0:00,宗申牌,奇瑞牌,366561000000000000 ,366367000000000000 ,198403,198208,7,1,3,工作日,早高峰(7-9点),2015-03-03,2015年3月3日,小雨 /小雨,8℃ / 3℃,东北风 ≤3级 /东北风 ≤3级,小雨,小雨,8,3,东北风,≤3级,东北风,≤3级,day
2015-03-02 20:00:00,白云区,3、倒车的,负全部责任,不负责任,1,贵AH554W,红,1,贵A5256B,黑,自培,-1,2011/11/17 0:00,-1,-1,吉利牌,366061000000000000 ,366846000000000000 ,198707,197207,20,0,3,工作日,非高峰,2015-03-02,2015年3月2日,阴 /小雨,9℃ / 2℃,东北风 ≤3级 /东北风 ≤3级,阴,小雨,9,2,东北风,≤3级,东北风,≤3级,night
2015-03-02 18:05:00,新源街,1、追尾的,负全部责任,不负责任,1,贵JAL133,银,1,贵JB283,红,自培,大方县坤豪机动车驾驶技能培训中心,2001/8/21 0:00,-1,翼搏牌,-1,364556000000000000 ,364547000000000 ,197910,700810,18,0,3,工作日,晚高峰(17-19点),2015-03-02,2015年3月2日,阴 /小雨,9℃ / 2℃,东北风 ≤3级 /东北风 ≤3级,阴,小雨,9,2,东北风,≤3级,东北风,≤3级,day
2015-03-02 20:16:00,观山湖区,8、依法应负全责的其他情形,负全部责任,不负责任,1,贵A5096Y,银,1,贵AX7928,黑,自培,-1,2013/7/18 0:00,-1,大众牌,嘉陵牌,64190500000000000 ,366569000000000000 ,199406,197501,20,0,3,工作日,非高峰,2015-03-02,2015年3月2日,阴 /小雨,9℃ / 2℃,东北风 ≤3级 /东北风 ≤3级,阴,小雨,9,2,东北风,≤3级,东北风,≤3级,night
2015-03-02 19:20:00,转弯塘,1、追尾的,负全部责任,不负责任,1,贵GD3679,白,1,贵A7247T,白,自培,吉源驾校,2008/10/14 0:00,2014/2/21 0:00,别克牌,金旅牌,731447000000000000 ,366561000000000000 ,195803,198901,19,0,3,工作日,晚高峰(17-19点),2015-03-02,2015年3月2日,阴 /小雨,9℃ / 2℃,东北风 ≤3级 /东北风 ≤3级,阴,小雨,9,2,东北风,≤3级,东北风,≤3级,day
2015-03-02 17:00:00,小河转盘,7、未按规定让行的 ,负全部责任,不负责任,1,贵CHW978,白色,1,贵A32W73,白色,顺一驾驶培训学校,自培,2011/7/27 0:00,2014/7/18 0:00,福克斯牌,东风牌,366566000000000000 ,35466551954742335X,198508,198103,17,0,3,工作日,晚高峰(17-19点),2015-03-02,2015年3月2日,阴 /小雨,9℃ / 2℃,东北风 ≤3级 /东北风 ≤3级,阴,小雨,9,2,东北风,≤3级,东北风,≤3级,day
2015-03-02 22:40:00,金苏大道,7、未按规定让行的 ,负全部责任,不负责任,1,贵AU1127,绿,1,贵APP527,黄,-1,自培,-1,2001/5/16 0:00,新阳光牌,北京现代牌,366061000000000000 ,364547000000000000 ,198609,195402,22,0,3,工作日,非高峰,2015-03-02,2015年3月2日,阴 /小雨,9℃ / 2℃,东北风 ≤3级 /东北风 ≤3级,阴,小雨,9,2,东北风,≤3级,东北风,≤3级,night
2015-03-03 07:10:00,团坡桥,7、未按规定让行的 ,负全部责任,不负责任,1,贵A71K93,白色,1,贵AU5749,白色,时发驾校,自培,2013/2/27 0:00,2003/12/10 0:00,福克斯牌,东风雪铁龙牌,364548000000000000 ,366567000000000000 ,199103,197709,7,1,3,工作日,早高峰(7-9点),2015-03-03,2015年3月3日,小雨 /小雨,8℃ / 3℃,东北风 ≤3级 /东北风 ≤3级,小雨,小雨,8,3,东北风,≤3级,东北风,≤3级,day
2015-03-02 18:50:00,二铺,7、未按规定让行的 ,负全部责任,不负责任,0,贵ADG256,绿,1,贵A0901G,蓝,自培,自培,2004/4/13 0:00,2013/2/19 0:00,锋范牌,五菱牌,364557000000000000 ,366364000000000000 ,198108,196707,18,0,3,工作日,晚高峰(17-19点),2015-03-02,2015年3月2日,阴 /小雨,9℃ / 2℃,东北风 ≤3级 /东北风 ≤3级,阴,小雨,9,2,东北风,≤3级,东北风,≤3级,day
2015-03-03 10:00:00,小河,7、未按规定让行的 ,负全部责任,不负责任,1,贵A883F2,白色,1,贵A4BX58,白色,-1,凯信驾校,-1,2015/1/19 0:00,解放牌,起亚,364547000000000000 ,36666951924849545X,198901,198607,10,1,3,工作日,非高峰,2015-03-03,2015年3月3日,小雨 /小雨,8℃ / 3℃,东北风 ≤3级 /东北风 ≤3级,小雨,小雨,8,3,东北风,≤3级,东北风,≤3级,day
2015-03-03 10:10:00,长岭南路,8、依法应负全责的其他情形,负全部责任,不负责任,1,贵FS4190,银,1,贵A12G76,银,-1,十一驾驶培训有限公司,-1,2012/10/30 0:00,金杯牌,东风牌,364547000000 ,364547000000000000 ,357619,199004,10,1,3,工作日,非高峰,2015-03-03,2015年3月3日,小雨 /小雨,8℃ / 3℃,东北风 ≤3级 /东北风 ≤3级,小雨,小雨,8,3,东北风,≤3级,东北风,≤3级,day
2015-03-03 14:02:00,贵阳一中,7、未按规定让行的 ,负全部责任,不负责任,1,贵FM5132,银,1,贵A6866A,黄,毕节地区威宁汽车驾驶培训学校,520125,-1,2008/11/12 0:00,吉利牌,别克牌,366046000000000000 ,366368000000000000 ,199308,196807,14,1,3,工作日,非高峰,2015-03-03,2015年3月3日,小雨 /小雨,8℃ / 3℃,东北风 ≤3级 /东北风 ≤3级,小雨,小雨,8,3,东北风,≤3级,东北风,≤3级,day
2015-03-03 12:10:00,孟关,1、追尾的,负全部责任,不负责任,1,贵AKW965,黑色,1,贵ADL424,白色,-1,预约考试窗口,-1,2006/10/17 0:00,丰田牌,夏利牌,366562000000000000 ,366361000000000000 ,197209,196701,12,1,3,工作日,非高峰,2015-03-03,2015年3月3日,小雨 /小雨,8℃ / 3℃,东北风 ≤3级 /东北风 ≤3级,小雨,小雨,8,3,东北风,≤3级,东北风,≤3级,day
2015-03-03 13:00:00,金竹立交,7、未按规定让行的 ,负全部责任,不负责任,1,桂B06138,白色,1,贵AU3601,白色,-1,预约考试窗口,-1,2006/12/30 0:00,\N,金福牌,34655500000000000 ,366347000000000000 ,196006,197608,13,1,3,工作日,非高峰,2015-03-03,2015年3月3日,小雨 /小雨,8℃ / 3℃,东北风 ≤3级 /东北风 ≤3级,小雨,小雨,8,3,东北风,≤3级,东北风,≤3级,day
2015-03-03 11:20:00,大凹村口,7、未按规定让行的 ,负全部责任,不负责任,1,贵A436G2,白,1,贵A0G606,红,（云岩区）省交通职业技术驾驶培训学校,（白云区）消防驾驶培训学校,2005/12/9 0:00,2004/9/30 0:00,解放牌,-1,366046000000000000 ,364557000000000000 ,197209,196608,11,1,3,工作日,非高峰,2015-03-03,2015年3月3日,小雨 /小雨,8℃ / 3℃,东北风 ≤3级 /东北风 ≤3级,小雨,小雨,8,3,东北风,≤3级,东北风,≤3级,day
2015-03-03 12:20:00,黑仁兴,3、倒车的,负全部责任,不负责任,1,贵A90818,白,1,贵A80970,白,-1,毕节地区黔中汽车(摩托车)驾驶培训学校,-1,2008/1/16 0:00,长安牌,豪泺牌,366661000000000000 ,366068000000000000 ,196902,198512,12,1,3,工作日,非高峰,2015-03-03,2015年3月3日,小雨 /小雨,8℃ / 3℃,东北风 ≤3级 /东北风 ≤3级,小雨,小雨,8,3,东北风,≤3级,东北风,≤3级,day
2015-03-03 16:00:00,花磊路,1、追尾的,负全部责任,不负责任,1,贵AZB756,白色,1,贵AGE087,白色,-1,贵大驾校,-1,2013/11/22 0:00,大众牌,五菱牌,364558000000000000 ,364556000000000000 ,198807,197507,16,1,3,工作日,非高峰,2015-03-03,2015年3月3日,小雨 /小雨,8℃ / 3℃,东北风 ≤3级 /东北风 ≤3级,小雨,小雨,8,3,东北风,≤3级,东北风,≤3级,day
2015-03-03 17:10:00,陈家坡,7、未按规定让行的 ,负全部责任,不负责任,1,贵A34L97,白色,1,贵AU6128,白色,贵大驾校,其他,2013/1/30 0:00,2009/3/24 0:00,东风日产牌,劲隆牌,36454651144050046X,366566000000000000 ,199004,198609,17,1,3,工作日,晚高峰(17-19点),2015-03-03,2015年3月3日,小雨 /小雨,8℃ / 3℃,东北风 ≤3级 /东北风 ≤3级,小雨,小雨,8,3,东北风,≤3级,东北风,≤3级,day
2015-03-03 07:00:00,新添寨,7、未按规定让行的 ,负全部责任,不负责任,0,贵AAM005,银,1,闽A5658N,银,自培,-1,2004/7/2 0:00,-1,福特牌,蒙迪欧牌,356761000000000000 ,734569000000000000 ,198201,197607,7,1,3,工作日,早高峰(7-9点),2015-03-03,2015年3月3日,小雨 /小雨,8℃ / 3℃,东北风 ≤3级 /东北风 ≤3级,小雨,小雨,8,3,东北风,≤3级,东北风,≤3级,day
2015-03-03 10:00:00,中华中路,7、未按规定让行的 ,负全部责任,不负责任,1,贵AU8922,绿,0,贵ACL560,黑,自培,贵州省长安驾驶培训学校,2003/5/29 0:00,2013/11/25 0:00,力之星牌,晶锐牌,364547000000000000 ,364551000000000000 ,196907,198705,10,1,3,工作日,非高峰,2015-03-03,2015年3月3日,小雨 /小雨,8℃ / 3℃,东北风 ≤3级 /东北风 ≤3级,小雨,小雨,8,3,东北风,≤3级,东北风,≤3级,day
2015-03-03 10:30:00,花果园,7、未按规定让行的 ,负全部责任,不负责任,1,贵A2BE83,白色,1,贵AU0828,白色,自培,自培,2004/7/19 0:00,2001/4/24 0:00,东风标致牌,宝来牌,364548000000000000 ,36454751865554525X,198102,197211,10,1,3,工作日,非高峰,2015-03-03,2015年3月3日,小雨 /小雨,8℃ / 3℃,东北风 ≤3级 /东北风 ≤3级,小雨,小雨,8,3,东北风,≤3级,东北风,≤3级,day
2015-03-03 12:50:00,西南商贸城,9、不符合前8款规定或者双方同时具有上述情形的,负同等责任,负同等责任,1,贵CZ1033,黑,1,贵A26K33,黑,自培,-1,2007/7/4 0:00,-1,五菱,神行者2,366566000000000000 ,356964000000000000 ,197504,197406,12,1,3,工作日,非高峰,2015-03-03,2015年3月3日,小雨 /小雨,8℃ / 3℃,东北风 ≤3级 /东北风 ≤3级,小雨,小雨,8,3,东北风,≤3级,东北风,≤3级,day
2015-03-03 13:28:00,红岩桥,7、未按规定让行的 ,负全部责任,不负责任,1,贵A7AW89,白色,1,贵A55Y53,白色,自培,-1,2007/6/8 0:00,-1,别克牌,宝马,366277000000000000 ,364547000000000 ,197711,691210,13,1,3,工作日,非高峰,2015-03-03,2015年3月3日,小雨 /小雨,8℃ / 3℃,东北风 ≤3级 /东北风 ≤3级,小雨,小雨,8,3,东北风,≤3级,东北风,≤3级,day
2015-03-03 13:10:00,林城西路,7、未按规定让行的 ,负全部责任,不负责任,1,贵AU9717,绿,0,贵AU8213,绿,全林驾校,自培,2011/3/18 0:00,2006/8/1 0:00,瑞麒牌,瑞麒牌,366046000000000000 ,366347000000000000 ,197711,197810,13,1,3,工作日,非高峰,2015-03-03,2015年3月3日,小雨 /小雨,8℃ / 3℃,东北风 ≤3级 /东北风 ≤3级,小雨,小雨,8,3,东北风,≤3级,东北风,≤3级,day
2015-03-02 22:15:00,中华南路,7、未按规定让行的 ,负全部责任,不负责任,1,贵A69F67,白,1,贵FZ0651,黑,自培,自培,2013/8/5 0:00,2003/3/3 0:00,福克斯牌,朗逸牌,364548000000000000 ,364547000000000000 ,198212,198009,22,0,3,工作日,非高峰,2015-03-02,2015年3月2日,阴 /小雨,9℃ / 2℃,东北风 ≤3级 /东北风 ≤3级,阴,小雨,9,2,东北风,≤3级,东北风,≤3级,night
2015-03-03 07:50:00,盐务街,1、追尾的,负全部责任,不负责任,1,贵A25R12,红,1,贵AU7257,绿,十一培,自培,1998/9/30 0:00,2004/4/5 0:00,金旅牌,金龙牌,364547000000000000 ,364548000000000000 ,196004,196103,7,1,3,工作日,早高峰(7-9点),2015-03-03,2015年3月3日,小雨 /小雨,8℃ / 3℃,东北风 ≤3级 /东北风 ≤3级,小雨,小雨,8,3,东北风,≤3级,东北风,≤3级,day
2015-03-02 22:45:00,北二环,8、依法应负全责的其他情形,负全部责任,不负责任,1,贵A95747,红,1,贵A1193,蓝,自培,自培,2008/5/21 0:00,2004/11/10 0:00,宝马牌,-1,366876000000000000 ,364556000000000000 ,197912,197312,22,0,3,工作日,非高峰,2015-03-02,2015年3月2日,阴 /小雨,9℃ / 2℃,东北风 ≤3级 /东北风 ≤3级,阴,小雨,9,2,东北风,≤3级,东北风,≤3级,night
2015-03-03 16:30:00,白云区,1、追尾的,负全部责任,不负责任,1,贵GJ4732,黑,1,贵A3978U,黑,蓝天驾校,诚信驾驶培训学校,2014/9/19 0:00,2005/1/17 0:00,奥迪牌,五菱牌,734597000000000000 ,356664000000000000 ,198501,197003,16,1,3,工作日,非高峰,2015-03-03,2015年3月3日,小雨 /小雨,8℃ / 3℃,东北风 ≤3级 /东北风 ≤3级,小雨,小雨,8,3,东北风,≤3级,东北风,≤3级,day
2015-03-03 16:00:00,瑞园星城,8、依法应负全责的其他情形,负全部责任,不负责任,0,贵A9BA55,白,1,贵A49K84,绿,新天驾校,诚信驾驶培训学校,2011/11/7 0:00,2012/5/22 0:00,奥迪牌,北京现代牌,366864000000000000 ,364557000000000000 ,197907,199310,16,1,3,工作日,非高峰,2015-03-03,2015年3月3日,小雨 /小雨,8℃ / 3℃,东北风 ≤3级 /东北风 ≤3级,小雨,小雨,8,3,东北风,≤3级,东北风,≤3级,day
2015-03-03 16:50:00,金阳南路,9、不符合前8款规定或者双方同时具有上述情形的,负全部责任,不负责任,1,贵AAN089,蓝,0,苏AG4U13,黑,-1,吉源驾校,-1,2014/9/22 0:00,蒙迪欧牌,别克牌,364870000000000000 ,366067000000000000 ,194807,199002,16,1,3,工作日,非高峰,2015-03-03,2015年3月3日,小雨 /小雨,8℃ / 3℃,东北风 ≤3级 /东北风 ≤3级,小雨,小雨,8,3,东北风,≤3级,东北风,≤3级,day
2015-03-03 15:50:00,兴筑西路,7、未按规定让行的 ,负全部责任,不负责任,0,贵A84C66,白,1,贵A9993U,黑,铁二局驾校,-1,2011/12/16 0:00,-1,大众汽车牌,东风日产牌,364547000000000000 ,366070000000000000 ,195501,198910,15,1,3,工作日,非高峰,2015-03-03,2015年3月3日,小雨 /小雨,8℃ / 3℃,东北风 ≤3级 /东北风 ≤3级,小雨,小雨,8,3,东北风,≤3级,东北风,≤3级,day
2015-03-03 17:40:00,长江路,8、依法应负全责的其他情形,负全部责任,不负责任,1,贵JBJ125,黑,1,粤S9M962,银,通发驾校,-1,2014/5/27 0:00,-1,东风标致牌,江淮牌,36456551914947896X,74365500000000000 ,198908,198209,17,1,3,工作日,晚高峰(17-19点),2015-03-03,2015年3月3日,小雨 /小雨,8℃ / 3℃,东北风 ≤3级 /东北风 ≤3级,小雨,小雨,8,3,东北风,≤3级,东北风,≤3级,day
2015-03-03 15:30:00,三桥,1、追尾的,负全部责任,不负责任,1,贵A367F4,白,1,贵AB645P,白,520135,-1,2009/4/10 0:00,-1,金杯牌,北京现代牌,366367000000000000 ,364556000000000000 ,198605,199112,15,1,3,工作日,非高峰,2015-03-03,2015年3月3日,小雨 /小雨,8℃ / 3℃,东北风 ≤3级 /东北风 ≤3级,小雨,小雨,8,3,东北风,≤3级,东北风,≤3级,day
2015-03-03 20:10:00,小河,1、追尾的,负全部责任,不负责任,1,贵AH4347,黄,1,贵AU7052,绿,-1,520115,1979/6/30 0:00,2004/12/8 0:00,嘉陵牌,奇瑞牌,364548000000000000 ,357469000000000000 ,194407,197612,20,1,3,工作日,非高峰,2015-03-03,2015年3月3日,小雨 /小雨,8℃ / 3℃,东北风 ≤3级 /东北风 ≤3级,小雨,小雨,8,3,东北风,≤3级,东北风,≤3级,night
2015-03-04 07:00:00,花溪学士路,7、未按规定让行的 ,负全部责任,不负责任,1,贵A815G8,白色,1,贵AB624P,白色,-1,黔丰驾校,-1,2014/11/25 0:00,江铃牌,长安牌,356164000000000000 ,366064000000000000 ,197311,197610,7,2,3,工作日,早高峰(7-9点),2015-03-04,2015年3月4日,小雨 /小雨,6℃ / 1℃,东北风 ≤3级 /东北风 ≤3级,小雨,小雨,6,1,东北风,≤3级,东北风,≤3级,day
2015-03-04 01:00:00,解放路,1、追尾的,负全部责任,不负责任,1,贵A61P82,白色,1,贵ANT768,白色,-1,自培,-1,1996/1/10 0:00,华泰圣达菲牌,宝马,364546000000000 ,364547000000000000 ,610530,197202,1,2,3,工作日,非高峰,2015-03-04,2015年3月4日,小雨 /小雨,6℃ / 1℃,东北风 ≤3级 /东北风 ≤3级,小雨,小雨,6,1,东北风,≤3级,东北风,≤3级,night
2015-03-04 04:00:00,花溪大道,7、未按规定让行的 ,负全部责任,不负责任,1,贵F23771,白色,1,贵A0319H,白色,-1,-1,-1,-1,海马牌,长安牌,366064000000000000 ,364556000000000000 ,199204,199704,4,2,3,工作日,非高峰,2015-03-04,2015年3月4日,小雨 /小雨,6℃ / 1℃,东北风 ≤3级 /东北风 ≤3级,小雨,小雨,6,1,东北风,≤3级,东北风,≤3级,night
2015-03-03 23:00:00,扁井,1、追尾的,负全部责任,不负责任,1,贵AK7351,银,1,贵A78Y77,黑,（花溪区）仁武驾驶培训有限公司,（花溪区）仁武驾驶培训有限公司,2009/4/20 0:00,-1,思迪牌,起亚牌,366264000000000000 ,364548000000000000 ,198409,197005,23,1,3,工作日,非高峰,2015-03-03,2015年3月3日,小雨 /小雨,8℃ / 3℃,东北风 ≤3级 /东北风 ≤3级,小雨,小雨,8,3,东北风,≤3级,东北风,≤3级,night
2015-03-04 07:45:00,大营坡,7、未按规定让行的 ,负全部责任,不负责任,1,贵A0BE14,白,1,贵A0BZ54,黑,贵州省长安驾驶培训学校,市警校驾校,2011/2/25 0:00,2014/10/16 0:00,荣威牌,福特牌,366067000000000000 ,366064000000000000 ,197010,197902,7,2,3,工作日,早高峰(7-9点),2015-03-04,2015年3月4日,小雨 /小雨,6℃ / 1℃,东北风 ≤3级 /东北风 ≤3级,小雨,小雨,6,1,东北风,≤3级,东北风,≤3级,day
2015-03-04 06:30:00,金竹立交,9、不符合前8款规定或者双方同时具有上述情形的,负同等责任,负同等责任,1,贵AA939M,白,1,川Z79154,红,时发驾校,-1,2011/8/30 0:00,-1,中华牌,-1,364558000000000000 ,35546051924545873X,197312,198601,6,2,3,工作日,非高峰,2015-03-04,2015年3月4日,小雨 /小雨,6℃ / 1℃,东北风 ≤3级 /东北风 ≤3级,小雨,小雨,6,1,东北风,≤3级,东北风,≤3级,day
2015-03-04 07:50:00,保利云山,9、不符合前8款规定或者双方同时具有上述情形的,负同等责任,负同等责任,1,贵A67F57,白,1,贵AEE914,银,-1,自培,-1,2011/6/17 0:00,奥迪牌,东风雪铁龙牌,366667000000000000 ,364548000000000000 ,198605,199012,7,2,3,工作日,早高峰(7-9点),2015-03-04,2015年3月4日,小雨 /小雨,6℃ / 1℃,东北风 ≤3级 /东北风 ≤3级,小雨,小雨,6,1,东北风,≤3级,东北风,≤3级,day
2015-03-03 16:00:00,航天路口,1、追尾的,负全部责任,不负责任,1,贵AU6516,绿,1,川AQ663M,红,自培,自培,2007/6/26 0:00,-1,捷达牌,奇瑞牌,364557000000000000 ,364557000000000000 ,198806,198902,16,1,3,工作日,非高峰,2015-03-03,2015年3月3日,小雨 /小雨,8℃ / 3℃,东北风 ≤3级 /东北风 ≤3级,小雨,小雨,8,3,东北风,≤3级,东北风,≤3级,day
2015-03-03 17:00:00,公路职校,3、倒车的,负全部责任,不负责任,1,贵A2823G,黑,1,贵A93N79,蓝,自培,-1,2008/5/28 0:00,-1,五菱牌,昊锐牌,36606651814658725X,36455651165648695X,197902,199212,17,1,3,工作日,晚高峰(17-19点),2015-03-03,2015年3月3日,小雨 /小雨,8℃ / 3℃,东北风 ≤3级 /东北风 ≤3级,小雨,小雨,8,3,东北风,≤3级,东北风,≤3级,day
2015-03-03 16:17:00,宝山路,7、未按规定让行的 ,负全部责任,不负责任,1,贵A7D959,银,1,贵A79S23,黑,鑫鑫驾校,十一培,2015/1/6 0:00,1994/5/17 0:00,福建牌,东风雪铁龙牌,364556000000000000 ,364548000000000000 ,198812,196609,16,1,3,工作日,非高峰,2015-03-03,2015年3月3日,小雨 /小雨,8℃ / 3℃,东北风 ≤3级 /东北风 ≤3级,小雨,小雨,8,3,东北风,≤3级,东北风,≤3级,day
2015-03-03 17:30:00,甲秀南路,7、未按规定让行的 ,负全部责任,不负责任,1,贵A2183G,白色,1,贵AL9878,白色,诚信驾驶培训学校,十一培,2012/2/23 0:00,1993/12/19 0:00,五菱牌,豪爵牌,364556000000000000 ,364556000000000000 ,197503,196303,17,1,3,工作日,晚高峰(17-19点),2015-03-03,2015年3月3日,小雨 /小雨,8℃ / 3℃,东北风 ≤3级 /东北风 ≤3级,小雨,小雨,8,3,东北风,≤3级,东北风,≤3级,day
2015-03-03 17:50:00,青岩,7、未按规定让行的 ,负全部责任,不负责任,1,贵A2B171,白色,1,贵A71P12,白色,鑫鑫驾校,自培,2013/10/17 0:00,2013/10/18 0:00,哈弗牌,捷豹XF,366670000000000000 ,364547000000000000 ,198703,196901,17,1,3,工作日,晚高峰(17-19点),2015-03-03,2015年3月3日,小雨 /小雨,8℃ / 3℃,东北风 ≤3级 /东北风 ≤3级,小雨,小雨,8,3,东北风,≤3级,东北风,≤3级,day
2015-03-03 16:00:00,白云区,7、未按规定让行的 ,负全部责任,不负责任,1,贵A3788B,白,1,贵AA5131,黑,消防驾校,自培,2002/12/25 0:00,2011/9/7 0:00,长安牌,集瑞联合牌,366575000000000000 ,366046000000000000 ,196312,197812,16,1,3,工作日,非高峰,2015-03-03,2015年3月3日,小雨 /小雨,8℃ / 3℃,东北风 ≤3级 /东北风 ≤3级,小雨,小雨,8,3,东北风,≤3级,东北风,≤3级,day
2015-03-03 18:00:00,观山湖区,7、未按规定让行的 ,负全部责任,不负责任,1,贵A75C24,黑,1,浙C363BR,黑,-1,自培,-1,2004/11/10 0:00,大众汽车牌,奥迪牌,386168000000000000 ,77476051804648856X,197604,197402,18,1,3,工作日,晚高峰(17-19点),2015-03-03,2015年3月3日,小雨 /小雨,8℃ / 3℃,东北风 ≤3级 /东北风 ≤3级,小雨,小雨,8,3,东北风,≤3级,东北风,≤3级,day
2015-03-03 18:48:00,西南环线,7、未按规定让行的 ,负全部责任,不负责任,1,贵A32H96,白色,1,贵ALP066,白色,顺一驾驶培训学校,自培,1996/3/7 0:00,2007/4/11 0:00,锋范牌,别克,364547000000000000 ,36606751234050365X,195802,196504,18,1,3,工作日,晚高峰(17-19点),2015-03-03,2015年3月3日,小雨 /小雨,8℃ / 3℃,东北风 ≤3级 /东北风 ≤3级,小雨,小雨,8,3,东北风,≤3级,东北风,≤3级,day
2015-03-03 17:30:00,花溪大道皂角井,7、未按规定让行的 ,负全部责任,不负责任,1,贵AU6927,白色,1,贵AU1741,白色,自培,自培,2001/3/27 0:00,2002/10/12 0:00,捷达牌,嘉陵,36455551285547417X,364648000000000000 ,196711,197807,17,1,3,工作日,晚高峰(17-19点),2015-03-03,2015年3月3日,小雨 /小雨,8℃ / 3℃,东北风 ≤3级 /东北风 ≤3级,小雨,小雨,8,3,东北风,≤3级,东北风,≤3级,day
2015-03-04 09:20:00,五里冲,1、追尾的,负全部责任,不负责任,1,贵AW8434,白,1,贵AS5641,白,-1,消防驾校,-1,2012/5/22 0:00,大阳牌,福克斯牌,726747000000000000 ,36454751924074646X,198609,198604,9,2,3,工作日,早高峰(7-9点),2015-03-04,2015年3月4日,小雨 /小雨,6℃ / 1℃,东北风 ≤3级 /东北风 ≤3级,小雨,小雨,6,1,东北风,≤3级,东北风,≤3级,day
2015-03-04 10:50:00,周家山,3、倒车的,负全部责任,不负责任,1,贵AU0438,绿,1,贵GT9307,白,-1,520116,-1,2007/11/7 0:00,万达牌,沃尔沃,364545000000 ,366046000000000000 ,353662,198204,10,2,3,工作日,非高峰,2015-03-04,2015年3月4日,小雨 /小雨,6℃ / 1℃,东北风 ≤3级 /东北风 ≤3级,小雨,小雨,6,1,东北风,≤3级,东北风,≤3级,day