accidenttime,accidentaddr,driver1fault,driver1responsibility,driver2responsibility,sex1,platenumber1,carcolor1,sex2,platenumber2,carcolor2,jxmc1,jxmc2,cclzrq1,cclzrq2,clpp1,clpp2,driver1license,driver2license,brith1,brith2,hour,weekday,month,is_weekday,peak_hour,date,日期,天气状况,气温,风力风向,day_wea,night_wea,day_tep,night_tep,day_wind_direction,day_wind_speed,night_wind_direction,night_wind_speed,segment
2015-03-04 09:30:00,体育路,7、未按规定让行的 ,负全部责任,不负责任,0,贵A5892T,红,0,贵ALG915,银,路路达驾校,520106,2013/3/20 0:00,2007/11/1 0:00,北京牌,速腾牌,366347000000000000 ,364557000000000000 ,198201,197106,9,2,3,工作日,早高峰(7-9点),2015-03-04,2015年3月4日,小雨 /小雨,6℃ / 1℃,东北风 ≤3级 /东北风 ≤3级,小雨,小雨,6,1,东北风,≤3级,东北风,≤3级,day
2015-03-04 08:35:00,观水路,1、追尾的,负全部责任,不负责任,1,贵AU8947,白色,1,粤CD5728,黑色,（花溪区）高新十七驾驶培训有限公司,-1,2008/1/10 0:00,-1,瑞麒牌,红旗,366346000000000000 ,366546000000000000 ,198108,195909,8,2,3,工作日,早高峰(7-9点),2015-03-04,2015年3月4日,小雨 /小雨,6℃ / 1℃,东北风 ≤3级 /东北风 ≤3级,小雨,小雨,6,1,东北风,≤3级,东北风,≤3级,day
2015-03-04 11:00:00,金阳大酒店,7、未按规定让行的 ,负全部责任,不负责任,1,贵A5338M,白,1,贵AE5494,黑,路路达驾校,蓝天驾校,2013/5/29 0:00,2007/5/23 0:00,奇瑞牌,宗申牌,366347000000000000 ,366863000000000000 ,198204,198203,11,2,3,工作日,非高峰,2015-03-04,2015年3月4日,小雨 /小雨,6℃ / 1℃,东北风 ≤3级 /东北风 ≤3级,小雨,小雨,6,1,东北风,≤3级,东北风,≤3级,day
2015-03-04 10:00:00,山水黔城,3、倒车的,负全部责任,不负责任,1,贵AVB723,黑色,1,贵A6EB75,白色,自培,时法驾校,2001/8/9 0:00,2006/6/12 0:00,速腾牌,甲壳虫,364548000000000000 ,366546000000000000 ,195902,198211,10,2,3,工作日,非高峰,2015-03-04,2015年3月4日,小雨 /小雨,6℃ / 1℃,东北风 ≤3级 /东北风 ≤3级,小雨,小雨,6,1,东北风,≤3级,东北风,≤3级,day
2015-03-04 11:16:00,云环路,7、未按规定让行的 ,负全部责任,不负责任,1,贵A9079F,银,1,冀B1358D,白,-1,鑫鑫驾校,-1,2005/2/18 0:00,五菱牌,福田牌,776362000000000000 ,366361000000000000 ,198712,196901,11,2,3,工作日,非高峰,2015-03-04,2015年3月4日,小雨 /小雨,6℃ / 1℃,东北风 ≤3级 /东北风 ≤3级,小雨,小雨,6,1,东北风,≤3级,东北风,≤3级,day
2015-03-04 09:15:00,遵义路,3、倒车的,负全部责任,不负责任,1,贵A94W41,白色,1,贵AU5715,白色,贵大驾校,预约考试窗口,2011/7/15 0:00,2006/8/11 0:00,起亚牌,凌本牌,364547000000000000 ,366875000000000000 ,199002,198709,9,2,3,工作日,早高峰(7-9点),2015-03-04,2015年3月4日,小雨 /小雨,6℃ / 1℃,东北风 ≤3级 /东北风 ≤3级,小雨,小雨,6,1,东北风,≤3级,东北风,≤3级,day
2015-03-04 16:30:00,小关,7、未按规定让行的 ,负全部责任,不负责任,1,贵A97011,银,1,贵A03764,白,-1,-1,-1,-1,徐工牌,福田牌,36454800000000000 ,364298000000000000 ,197311,197007,16,2,3,工作日,非高峰,2015-03-04,2015年3月4日,小雨 /小雨,6℃ / 1℃,东北风 ≤3级 /东北风 ≤3级,小雨,小雨,6,1,东北风,≤3级,东北风,≤3级,day
2015-03-04 13:15:00,花香村,8、依法应负全责的其他情形,负全部责任,不负责任,1,贵GX2845,银,1,贵AU6207,蓝,-1,自培,-1,2011/12/13 0:00,北京现代牌,豪进牌,365569000000000000 ,366064000000000000 ,198810,198704,13,2,3,工作日,非高峰,2015-03-04,2015年3月4日,小雨 /小雨,6℃ / 1℃,东北风 ≤3级 /东北风 ≤3级,小雨,小雨,6,1,东北风,≤3级,东北风,≤3级,day
2015-03-04 08:10:00,乌当,2、逆行的,负全部责任,不负责任,1,贵AU3683,绿,1,贵AU3789,绿,自培,吉源驾校（南明区）,2004/3/30 0:00,2003/7/31 0:00,钱江牌,飞肯牌,366367000000000000 ,366368000000000000 ,196212,198103,8,2,3,工作日,早高峰(7-9点),2015-03-04,2015年3月4日,小雨 /小雨,6℃ / 1℃,东北风 ≤3级 /东北风 ≤3级,小雨,小雨,6,1,东北风,≤3级,东北风,≤3级,day
2015-03-04 08:30:00,花溪大道,1、追尾的,负全部责任,不负责任,0,贵A15N67,白,0,贵A39A96,黑,自培,新天驾校,2004/3/16 0:00,2011/6/15 0:00,马自达牌,中华牌,366870000000000000 ,366347000000000000 ,197806,197710,8,2,3,工作日,早高峰(7-9点),2015-03-04,2015年3月4日,小雨 /小雨,6℃ / 1℃,东北风 ≤3级 /东北风 ≤3级,小雨,小雨,6,1,东北风,≤3级,东北风,≤3级,day
2015-03-04 06:40:00,大关,1、追尾的,负全部责任,不负责任,1,贵AA626A,白色,1,贵AJ9959,白色,织金县织通驾驶培训学校,自培,2012/6/26 0:00,2002/9/24 0:00,夏利,思威牌,366067000000000000 ,364548000000000000 ,198103,197107,6,2,3,工作日,非高峰,2015-03-04,2015年3月4日,小雨 /小雨,6℃ / 1℃,东北风 ≤3级 /东北风 ≤3级,小雨,小雨,6,1,东北风,≤3级,东北风,≤3级,day
2015-03-04 07:00:00,金阳医院,7、未按规定让行的 ,负全部责任,不负责任,1,贵GM9898,红,1,贵A64K42,白,凯信驾校,自培,2014/6/16 0:00,2011/12/5 0:00,福特牌,海马牌,364558000000000000 ,364548000000000000 ,198808,198809,7,2,3,工作日,早高峰(7-9点),2015-03-04,2015年3月4日,小雨 /小雨,6℃ / 1℃,东北风 ≤3级 /东北风 ≤3级,小雨,小雨,6,1,东北风,≤3级,东北风,≤3级,day
2015-03-04 10:15:00,长岭北路,7、未按规定让行的 ,负全部责任,不负责任,1,贵A0847N,红,1,贵A87096,银,-1,十一培,-1,1999/4/12 0:00,一汽佳星牌,帕萨特,35616600000000000 ,364547000000000000 ,197401,197803,10,2,3,工作日,非高峰,2015-03-04,2015年3月4日,小雨 /小雨,6℃ / 1℃,东北风 ≤3级 /东北风 ≤3级,小雨,小雨,6,1,东北风,≤3级,东北风,≤3级,day
2015-03-04 11:01:00,解放路,1、追尾的,负全部责任,不负责任,1,贵A83294,黑,1,贵A21R52,白,-1,十一培,-1,1998/4/21 0:00,梅赛德斯-奔驰,捷达牌,364547000000000000 ,364548000000000000 ,198808,196707,11,2,3,工作日,非高峰,2015-03-04,2015年3月4日,小雨 /小雨,6℃ / 1℃,东北风 ≤3级 /东北风 ≤3级,小雨,小雨,6,1,东北风,≤3级,东北风,≤3级,day
2015-03-04 11:05:00,延安东路,1、追尾的,负全部责任,不负责任,1,贵AP6482,白,0,贵AHR772,白,自培,十一培,2004/8/14 0:00,1998/8/6 0:00,力帆牌,陆地巡洋舰霸道,364548000000000000 ,364557000000000000 ,198501,196309,11,2,3,工作日,非高峰,2015-03-04,2015年3月4日,小雨 /小雨,6℃ / 1℃,东北风 ≤3级 /东北风 ≤3级,小雨,小雨,6,1,东北风,≤3级,东北风,≤3级,day
2015-03-04 11:25:00,贵遵路,1、追尾的,负全部责任,不负责任,1,贵A361D3,黑,1,贵A23Y13,白,自培,十一培,2007/8/16 0:00,1999/6/25 0:00,解放牌,歌诗图牌,55496500000000000 ,70606551295648085X,198609,196812,11,2,3,工作日,非高峰,2015-03-04,2015年3月4日,小雨 /小雨,6℃ / 1℃,东北风 ≤3级 /东北风 ≤3级,小雨,小雨,6,1,东北风,≤3级,东北风,≤3级,day
2015-03-04 09:30:00,花溪大道与西南环线,1、追尾的,负全部责任,不负责任,1,贵A5747M,白色,1,贵AEQ689,白色,-1,自培,-1,2005/10/25 0:00,起亚牌,华泰圣达菲牌,74365500000000000 ,366364000000000000 ,198501,197410,9,2,3,工作日,早高峰(7-9点),2015-03-04,2015年3月4日,小雨 /小雨,6℃ / 1℃,东北风 ≤3级 /东北风 ≤3级,小雨,小雨,6,1,东北风,≤3级,东北风,≤3级,day
2015-03-04 09:45:00,大营坡,1、追尾的,负全部责任,不负责任,0,贵A51X96,银,1,渝CM5441,黑,-1,自培,-1,2000/4/14 0:00,梅赛德斯-奔驰E260,比亚迪牌,364548000000000000 ,366061000000000000 ,198209,197509,9,2,3,工作日,早高峰(7-9点),2015-03-04,2015年3月4日,小雨 /小雨,6℃ / 1℃,东北风 ≤3级 /东北风 ≤3级,小雨,小雨,6,1,东北风,≤3级,东北风,≤3级,day
2015-03-04 11:30:00,金关南路,1、追尾的,负全部责任,不负责任,1,贵ADS004,红,1,渝BA4295,银,自培,自培,-1,2003/1/30 0:00,梅赛德斯-奔驰,渝城,366068000000000000 ,36606651284566065X,194905,196701,11,2,3,工作日,非高峰,2015-03-04,2015年3月4日,小雨 /小雨,6℃ / 1℃,东北风 ≤3级 /东北风 ≤3级,小雨,小雨,6,1,东北风,≤3级,东北风,≤3级,day
2015-03-04 09:30:00,商贸城,7、未按规定让行的 ,负全部责任,不负责任,1,贵A84406,银,1,贵A4P142,银,新华驾校,自培,2012/7/25 0:00,2004/11/30 0:00,南方,-1,36459551164641005X,364557000000000000 ,199202,198312,9,2,3,工作日,早高峰(7-9点),2015-03-04,2015年3月4日,小雨 /小雨,6℃ / 1℃,东北风 ≤3级 /东北风 ≤3级,小雨,小雨,6,1,东北风,≤3级,东北风,≤3级,day
2015-03-04 15:30:00,黄河路,7、未按规定让行的 ,负全部责任,不负责任,1,贵JBS374,白色,1,贵CQ5143,白色,-1,顺一驾驶培训学校,-1,2000/6/27 0:00,东风牌,锋范,54665500000000000 ,4364520000000000 ,198609,197401,15,2,3,工作日,非高峰,2015-03-04,2015年3月4日,小雨 /小雨,6℃ / 1℃,东北风 ≤3级 /东北风 ≤3级,小雨,小雨,6,1,东北风,≤3级,东北风,≤3级,day
2015-03-04 16:00:00,小河,1、追尾的,负全部责任,不负责任,1,贵AMV221,白色,1,贵A7959U,白色,-1,预约考试窗口,-1,2007/6/13 0:00,五菱牌,豪情牌,74367500000000000 ,366566000000000000 ,198106,197003,16,2,3,工作日,非高峰,2015-03-04,2015年3月4日,小雨 /小雨,6℃ / 1℃,东北风 ≤3级 /东北风 ≤3级,小雨,小雨,6,1,东北风,≤3级,东北风,≤3级,day
2015-03-04 16:00:00,乌当,1、追尾的,负全部责任,不负责任,1,贵A5BF42,白,1,贵J92728,白,-1,澄海区溪南机动车驾驶员培训班有限公司,-1,2009/1/18 0:00,起亚牌,都利,366367000000000000 ,364557000000000000 ,197307,196903,16,2,3,工作日,非高峰,2015-03-04,2015年3月4日,小雨 /小雨,6℃ / 1℃,东北风 ≤3级 /东北风 ≤3级,小雨,小雨,6,1,东北风,≤3级,东北风,≤3级,day
2015-03-04 13:03:00,金清大道,7、未按规定让行的 ,负全部责任,不负责任,1,贵A76V66,银,1,贵FQ5759,黑,黔南金都汽车驾驶学校,520111,-1,2009/1/19 0:00,奇瑞牌,吉利美日牌,366575000000000000 ,366061000000000000 ,198907,198509,13,2,3,工作日,非高峰,2015-03-04,2015年3月4日,小雨 /小雨,6℃ / 1℃,东北风 ≤3级 /东北风 ≤3级,小雨,小雨,6,1,东北风,≤3级,东北风,≤3级,day
2015-03-04 15:30:00,沙坡,1、追尾的,负全部责任,不负责任,1,贵A6442T,白,1,贵A75E55,银,景宏驾校,黔丰驾校,2011/8/11 0:00,2014/6/27 0:00,五菱牌,五菱牌,364568000000000000 ,366569000000000000 ,199212,198912,15,2,3,工作日,非高峰,2015-03-04,2015年3月4日,小雨 /小雨,6℃ / 1℃,东北风 ≤3级 /东北风 ≤3级,小雨,小雨,6,1,东北风,≤3级,东北风,≤3级,day
2015-03-04 14:10:00,合鹏,3、倒车的,负全部责任,不负责任,1,贵A99665,白色,1,贵GV6906,白色,黔西县阳光机动车驾驶学校有限责任公司,-1,2012/6/11 0:00,-1,东风牌,哈弗牌,366068000000000000 ,366346000000000000 ,199007,197006,14,2,3,工作日,非高峰,2015-03-04,2015年3月4日,小雨 /小雨,6℃ / 1℃,东北风 ≤3级 /东北风 ≤3级,小雨,小雨,6,1,东北风,≤3级,东北风,≤3级,day
2015-03-04 16:50:00,贵开路,7、未按规定让行的 ,负全部责任,不负责任,1,浙B7JS13,黑,1,贵AU0234,蓝,龙里县翼翔驾驶培训有限责任公司,公交公司驾校,-1,2005/4/6 0:00,起亚牌,奇瑞牌,366875000000000000 ,36455651974669445X,198306,198302,16,2,3,工作日,非高峰,2015-03-04,2015年3月4日,小雨 /小雨,6℃ / 1℃,东北风 ≤3级 /东北风 ≤3级,小雨,小雨,6,1,东北风,≤3级,东北风,≤3级,day
2015-03-04 19:02:00,西二环,3、倒车的,负全部责任,不负责任,1,贵ALW886,白,1,贵A3477N,银,无,十一驾驶培训有限公司,2006/10/9 0:00,2012/1/10 0:00,依维柯牌,五菱牌,57463500000000000 ,366669000000000000 ,197806,198401,19,2,3,工作日,晚高峰(17-19点),2015-03-04,2015年3月4日,小雨 /小雨,6℃ / 1℃,东北风 ≤3级 /东北风 ≤3级,小雨,小雨,6,1,东北风,≤3级,东北风,≤3级,day
2015-03-04 17:50:00,公安厅,1、追尾的,负全部责任,不负责任,1,贵AX8623,黄,1,贵AWC373,银,自培,自培,2003/7/1 0:00,2001/3/28 0:00,宗申牌,梅赛德斯-奔驰,364547000000000000 ,366546000000000000 ,197303,197412,17,2,3,工作日,晚高峰(17-19点),2015-03-04,2015年3月4日,小雨 /小雨,6℃ / 1℃,东北风 ≤3级 /东北风 ≤3级,小雨,小雨,6,1,东北风,≤3级,东北风,≤3级,day
2015-03-04 14:00:00,乌当,3、倒车的,负全部责任,不负责任,1,贵A8019,白,1,贵AF4129,黑,自培,-1,2006/7/27 0:00,-1,比亚迪牌,马自达牌,366664000000000000 ,354570000000000000 ,197811,198007,14,2,3,工作日,非高峰,2015-03-04,2015年3月4日,小雨 /小雨,6℃ / 1℃,东北风 ≤3级 /东北风 ≤3级,小雨,小雨,6,1,东北风,≤3级,东北风,≤3级,day
2015-03-04 15:57:00,花溪大道,7、未按规定让行的 ,负全部责任,不负责任,1,贵GE9523,白色,1,贵A4BA77,白色,自培,文通驾校,2005/10/20 0:00,2012/10/18 0:00,大众汽车牌,雪佛兰CHEVROLET,364558000000000000 ,36456551144745305X,197811,199003,15,2,3,工作日,非高峰,2015-03-04,2015年3月4日,小雨 /小雨,6℃ / 1℃,东北风 ≤3级 /东北风 ≤3级,小雨,小雨,6,1,东北风,≤3级,东北风,≤3级,day
2015-03-04 18:31:00,小关,1、追尾的,负全部责任,不负责任,1,贵A001C8,黑,1, 贵AU5457,绿,自培,-1,2009/3/23 0:00,-1,解放牌,-1,366067000000000000 ,36656600000000000 ,198102,196404,18,2,3,工作日,晚高峰(17-19点),2015-03-04,2015年3月4日,小雨 /小雨,6℃ / 1℃,东北风 ≤3级 /东北风 ≤3级,小雨,小雨,6,1,东北风,≤3级,东北风,≤3级,day
2015-03-04 15:00:00,贵惠大道,1、追尾的,负全部责任,不负责任,1,贵AWW842,白色,1,贵A6973U,黑色,诚信驾驶培训学校,十一培,2010/12/7 0:00,1999/11/5 0:00,五菱牌,长安,355468000000000000 ,36454751394062495X,198605,195804,15,2,3,工作日,非高峰,2015-03-04,2015年3月4日,小雨 /小雨,6℃ / 1℃,东北风 ≤3级 /东北风 ≤3级,小雨,小雨,6,1,东北风,≤3级,东北风,≤3级,day
2015-03-04 18:00:00,沙冲北路,7、未按规定让行的 ,负全部责任,不负责任,1,贵AU4781,黑色,1,贵GR7345,白色,-1,十一培,-1,1994/8/9 0:00,重骑牌,别克牌,366566000000000000 ,364547000000000000 ,198102,196410,18,2,3,工作日,晚高峰(17-19点),2015-03-04,2015年3月4日,小雨 /小雨,6℃ / 1℃,东北风 ≤3级 /东北风 ≤3级,小雨,小雨,6,1,东北风,≤3级,东北风,≤3级,day
2015-03-04 13:50:00,文昌北路,1、追尾的,负全部责任,不负责任,1,贵AU5461,绿,1,贵AUA321,白,消防驾校,自培,2011/5/16 0:00,2007/4/2 0:00,迎客牌,大众牌,364557000000000000 ,356170000000000000 ,198710,197107,13,2,3,工作日,非高峰,2015-03-04,2015年3月4日,小雨 /小雨,6℃ / 1℃,东北风 ≤3级 /东北风 ≤3级,小雨,小雨,6,1,东北风,≤3级,东北风,≤3级,day
2015-03-04 20:43:00,大南门环岛,1、追尾的,负全部责任,不负责任,1,贵A67F43,白色,1,贵AK2851,白色,-1,自培,-1,2002/3/4 0:00,别克牌,吉利美日牌,36454600000000000 ,364556000000000000 ,396042,197812,20,2,3,工作日,非高峰,2015-03-04,2015年3月4日,小雨 /小雨,6℃ / 1℃,东北风 ≤3级 /东北风 ≤3级,小雨,小雨,6,1,东北风,≤3级,东北风,≤3级,night
2015-03-04 15:20:00,太慈桥,8、依法应负全责的其他情形,负全部责任,不负责任,1,贵A766A7,白色,1,贵FH3903,白色,十一培,自培,1988/3/15 0:00,2006/3/28 0:00,福田牌,豪诺牌,364557000000000000 ,366869000000000000 ,195611,198006,15,2,3,工作日,非高峰,2015-03-04,2015年3月4日,小雨 /小雨,6℃ / 1℃,东北风 ≤3级 /东北风 ≤3级,小雨,小雨,6,1,东北风,≤3级,东北风,≤3级,day
2015-03-04 16:00:00,沙冲路,7、未按规定让行的 ,负全部责任,不负责任,1,贵AU7573,黑色,1,贵AU7248,白色,自培,自培,2000/1/11 0:00,2000/7/14 0:00,捷达牌,福田牌,366568000000000000 ,364548000000000000 ,197606,197812,16,2,3,工作日,非高峰,2015-03-04,2015年3月4日,小雨 /小雨,6℃ / 1℃,东北风 ≤3级 /东北风 ≤3级,小雨,小雨,6,1,东北风,≤3级,东北风,≤3级,day
2015-03-04 20:55:00,黄河路,1、追尾的,负全部责任,不负责任,1,贵AN0037,白色,1,贵ANG779,白色,贵州现代驾驶培训责任有限公司,（花溪区）凯信驾驶培训有限公司,2003/12/27 0:00,2015/2/26 0:00,宝马,雅阁牌,366347000000000000 ,364547000000000000 ,198103,199006,20,2,3,工作日,非高峰,2015-03-04,2015年3月4日,小雨 /小雨,6℃ / 1℃,东北风 ≤3级 /东北风 ≤3级,小雨,小雨,6,1,东北风,≤3级,东北风,≤3级,night
2015-03-04 18:00:00,北衙路,8、依法应负全责的其他情形,负全部责任,不负责任,1,贵A21K36,白,1,贵A8204Y,黑,全林驾校,全林驾校,2013/9/13 0:00,2014/4/28 0:00,斯柯达牌,启辰牌,364557000000000000 ,366361000000000000 ,198901,196504,18,2,3,工作日,晚高峰(17-19点),2015-03-04,2015年3月4日,小雨 /小雨,6℃ / 1℃,东北风 ≤3级 /东北风 ≤3级,小雨,小雨,6,1,东北风,≤3级,东北风,≤3级,day
2015-03-04 18:20:00,柏杨林,8、依法应负全责的其他情形,负全部责任,不负责任,1,贵A12B77,银,1,贵A80064,红,省交校,贵阳金马驾驶培训有限公司,2012/4/25 0:00,2011/12/31 0:00,吉利美日牌,豪泺牌,36634651164143775X,364557000000000000 ,199209,198802,18,2,3,工作日,晚高峰(17-19点),2015-03-04,2015年3月4日,小雨 /小雨,6℃ / 1℃,东北风 ≤3级 /东北风 ≤3级,小雨,小雨,6,1,东北风,≤3级,东北风,≤3级,day
2015-03-04 19:56:00,延安东路,7、未按规定让行的 ,负全部责任,不负责任,1,贵ANL857,银,1,贵A90024,蓝,自培,毕节市顺达驾校,1998/9/24 0:00,-1,沃尔沃,长安,254048000000000000 ,366046000000000000 ,197307,196610,19,2,3,工作日,晚高峰(17-19点),2015-03-04,2015年3月4日,小雨 /小雨,6℃ / 1℃,东北风 ≤3级 /东北风 ≤3级,小雨,小雨,6,1,东北风,≤3级,东北风,≤3级,day
2015-03-04 20:30:00,东二环,7、未按规定让行的 ,负全部责任,不负责任,1,贵JBK468,白,1,贵JAC936,红,（清镇市）万里圣驾驶培训有限公司,-1,2015/2/10 0:00,-1,哈弗牌,索兰托,356166000000000000 ,366861000000000000 ,196810,199104,20,2,3,工作日,非高峰,2015-03-04,2015年3月4日,小雨 /小雨,6℃ / 1℃,东北风 ≤3级 /东北风 ≤3级,小雨,小雨,6,1,东北风,≤3级,东北风,≤3级,night
2015-03-04 17:47:00,和尚坡,1、追尾的,负全部责任,不负责任,1,贵ANX483,红,1,贵AE8607,银,贵州省长安驾驶培训学校,-1,2011/8/29 0:00,-1,福克斯牌,大江牌,366563000000000000 ,274544000000000000 ,198410,198803,17,2,3,工作日,晚高峰(17-19点),2015-03-04,2015年3月4日,小雨 /小雨,6℃ / 1℃,东北风 ≤3级 /东北风 ≤3级,小雨,小雨,6,1,东北风,≤3级,东北风,≤3级,day
2015-03-04 18:00:00,花果园,8、依法应负全责的其他情形,负全部责任,不负责任,1,贵A89K38,白色,1,云AE3K92,白色,（南明区）吉源驾驶培训有限公司,-1,2011/2/22 0:00,-1,马自达牌,五菱牌,366664000000000000 ,37456351905562577X,197808,198411,18,2,3,工作日,晚高峰(17-19点),2015-03-04,2015年3月4日,小雨 /小雨,6℃ / 1℃,东北风 ≤3级 /东北风 ≤3级,小雨,小雨,6,1,东北风,≤3级,东北风,≤3级,day
2015-03-05 07:18:00,白金大道,2、逆行的,负全部责任,不负责任,1,贵A7374G,白,0,贵AK6671,银,-1,520102,-1,2010/7/22 0:00,北京牌,金城牌,366566000000000000 ,364558000000000000 ,197601,197509,7,3,3,工作日,早高峰(7-9点),2015-03-05,2015年3月5日,小雨 /小雨,4℃ / 1℃,东北风 ≤3级 /东北风 ≤3级,小雨,小雨,4,1,东北风,≤3级,东北风,≤3级,day
2015-03-05 08:00:00,西方河路,8、依法应负全责的其他情形,负全部责任,不负责任,1,贵AKF61,白色,1,贵GT3889,白色,-1,全林驾校,-1,2014/3/19 0:00,-1,五菱牌,364548000000000000 ,366363000000000000 ,198210,198010,8,3,3,工作日,早高峰(7-9点),2015-03-05,2015年3月5日,小雨 /小雨,4℃ / 1℃,东北风 ≤3级 /东北风 ≤3级,小雨,小雨,4,1,东北风,≤3级,东北风,≤3级,day
2015-03-05 08:30:00,盘江路与浦江路交叉口,7、未按规定让行的 ,负全部责任,不负责任,1,贵AA3718,黄色,1,贵ASJ991,黑色,十一驾驶培训有限公司,十一驾驶培训有限公司,2011/11/15 0:00,2011/11/15 0:00,凯迪拉克,马自达牌,364551000000000000 ,364551000000000000 ,198710,198710,8,3,3,工作日,早高峰(7-9点),2015-03-05,2015年3月5日,小雨 /小雨,4℃ / 1℃,东北风 ≤3级 /东北风 ≤3级,小雨,小雨,4,1,东北风,≤3级,东北风,≤3级,day
2015-03-05 08:30:00,观山西路,7、未按规定让行的 ,负全部责任,不负责任,1,贵AB526C,黑,1,贵AU3508,白,全林驾校,吉源驾校（南明区）,2014/5/20 0:00,1998/3/3 0:00,长城牌,万达牌,366662000000000000 ,366364000000000000 ,197701,197604,8,3,3,工作日,早高峰(7-9点),2015-03-05,2015年3月5日,小雨 /小雨,4℃ / 1℃,东北风 ≤3级 /东北风 ≤3级,小雨,小雨,4,1,东北风,≤3级,东北风,≤3级,day
2015-03-04 22:30:00,北京西路,7、未按规定让行的 ,负全部责任,不负责任,1,贵A0CB45,白,1,贵GK9369,白,自培,贵州现代驾驶培训责任有限公司,2001/4/10 0:00,2012/10/16 0:00,昌河铃木牌,起亚牌,364548000000000000 ,364557000000000000 ,198005,199208,22,2,3,工作日,非高峰,2015-03-04,2015年3月4日,小雨 /小雨,6℃ / 1℃,东北风 ≤3级 /东北风 ≤3级,小雨,小雨,6,1,东北风,≤3级,东北风,≤3级,night
2015-03-05 08:30:00,北京路,1、追尾的,负全部责任,不负责任,1,贵AGC758,银,1,贵AU2784,蓝,自培,-1,1993/3/10 0:00,-1,吉利美日牌,瑞麒牌,364548000000000000 ,364575000000000000 ,196206,197801,8,3,3,工作日,早高峰(7-9点),2015-03-05,2015年3月5日,小雨 /小雨,4℃ / 1℃,东北风 ≤3级 /东北风 ≤3级,小雨,小雨,4,1,东北风,≤3级,东北风,≤3级,day
2015-03-05 08:28:00,八公里,8、依法应负全责的其他情形,负全部责任,不负责任,1,贵A57P26,白色,1,贵AB073W,黑色,贵州现代驾驶培训责任有限公司,鑫鑫驾校,2012/8/27 0:00,2012/11/9 0:00,大众汽车牌,比亚迪牌,364548000000000000 ,364556000000000000 ,198611,199209,8,3,3,工作日,早高峰(7-9点),2015-03-05,2015年3月5日,小雨 /小雨,4℃ / 1℃,东北风 ≤3级 /东北风 ≤3级,小雨,小雨,4,1,东北风,≤3级,东北风,≤3级,day
2015-03-05 08:40:00,尖山路,7、未按规定让行的 ,负全部责任,不负责任,1,贵A1228N,白色,1,贵A4524Y,黑色,铁二局驾校,520106,1998/5/16 0:00,2008/10/24 0:00,长安牌,解放牌,364556000000000000 ,35546351864760521X,197509,197203,8,3,3,工作日,早高峰(7-9点),2015-03-05,2015年3月5日,小雨 /小雨,4℃ / 1℃,东北风 ≤3级 /东北风 ≤3级,小雨,小雨,4,1,东北风,≤3级,东北风,≤3级,day
2015-03-05 09:00:00,喷水池,1、追尾的,负全部责任,不负责任,1,贵A62H28,银,1,贵AW2174,蓝,安顺市汽车运输公司驾驶员培训学校,十一培,2010/8/17 0:00,1991/9/23 0:00,大众汽车牌,三本牌,366346000000000000 ,36454651315448445X,198801,195910,9,3,3,工作日,早高峰(7-9点),2015-03-05,2015年3月5日,小雨 /小雨,4℃ / 1℃,东北风 ≤3级 /东北风 ≤3级,小雨,小雨,4,1,东北风,≤3级,东北风,≤3级,day
2015-03-04 17:01:00,北京东路,7、未按规定让行的 ,负全部责任,不负责任,1,贵A66J99,黑,1,贵ANB526,银,贵州省黔南交通驾驶学校,自培,2013/5/24 0:00,2005/1/12 0:00,北京牌,胜达,364557000000000000 ,366767000000000000 ,198710,198112,17,2,3,工作日,晚高峰(17-19点),2015-03-04,2015年3月4日,小雨 /小雨,6℃ / 1℃,东北风 ≤3级 /东北风 ≤3级,小雨,小雨,6,1,东北风,≤3级,东北风,≤3级,day
2015-03-05 10:00:00,中曹司,7、未按规定让行的 ,负全部责任,不负责任,1,贵AM5280,白色,1,贵AB723X,白色,-1,自培,-1,2004/12/30 0:00,力帆牌,五菱牌,LF7HDN442DF444491,366664000000000000 ,006DF0,197411,10,3,3,工作日,非高峰,2015-03-05,2015年3月5日,小雨 /小雨,4℃ / 1℃,东北风 ≤3级 /东北风 ≤3级,小雨,小雨,4,1,东北风,≤3级,东北风,≤3级,day
2015-03-05 08:55:00,田园北路,1、追尾的,负全部责任,不负责任,1,贵AU0625,黑色,1,贵AHV565,红色,（乌当区）新华驾驶培训有限公司,自培,2005/7/12 0:00,2004/8/26 0:00,万达牌,指南者,364556000000000000 ,364556000000000000 ,198501,198011,8,3,3,工作日,早高峰(7-9点),2015-03-05,2015年3月5日,小雨 /小雨,4℃ / 1℃,东北风 ≤3级 /东北风 ≤3级,小雨,小雨,4,1,东北风,≤3级,东北风,≤3级,day
2015-03-05 08:00:00,香江路,8、依法应负全责的其他情形,负全部责任,不负责任,1,贵A87M44,蓝色,1,贵FV2649,白色,新华驾校,自培,2011/12/6 0:00,2005/11/28 0:00,雪佛兰牌,长安牌,364648000000000000 ,36606751234153325X,197702,196509,8,3,3,工作日,早高峰(7-9点),2015-03-05,2015年3月5日,小雨 /小雨,4℃ / 1℃,东北风 ≤3级 /东北风 ≤3级,小雨,小雨,4,1,东北风,≤3级,东北风,≤3级,day
2015-03-05 09:10:00,乌当,1、追尾的,负全部责任,不负责任,1,贵AU0052,绿,1,贵AU1269,黑,贵州省长安驾驶培训学校,-1,2011/10/28 0:00,-1,万达牌,丰田牌,364567000000000000 ,64290500000000000 ,199112,197700,9,3,3,工作日,早高峰(7-9点),2015-03-05,2015年3月5日,小雨 /小雨,4℃ / 1℃,东北风 ≤3级 /东北风 ≤3级,小雨,小雨,4,1,东北风,≤3级,东北风,≤3级,day