accidenttime,accidentaddr,driver1fault,driver1responsibility,driver2responsibility,sex1,platenumber1,carcolor1,sex2,platenumber2,carcolor2,jxmc1,jxmc2,cclzrq1,cclzrq2,clpp1,clpp2,driver1license,driver2license,brith1,brith2,hour,weekday,month,is_weekday,peak_hour,date,日期,天气状况,气温,风力风向,day_wea,night_wea,day_tep,night_tep,day_wind_direction,day_wind_speed,night_wind_direction,night_wind_speed,segment
2015-03-05 11:00:00,友谊路,8、依法应负全责的其他情形,负全部责任,不负责任,1,贵AEG567,白,1,贵AU3722,黑,-1,-1,-1,-1,北京现代牌,宝来牌,364558000000000 ,354066000000000000 ,750210,197408,11,3,3,工作日,非高峰,2015-03-05,2015年3月5日,小雨 /小雨,4℃ / 1℃,东北风 ≤3级 /东北风 ≤3级,小雨,小雨,4,1,东北风,≤3级,东北风,≤3级,day
2015-03-05 12:44:00,沙坡收费站,9、不符合前8款规定或者双方同时具有上述情形的,负同等责任,负同等责任,1,贵A24344,白,1,贵A73666,银,-1,路路达驾校,-1,2012/9/21 0:00,帕萨特牌,航天,366367000000000000 ,364566000000000000 ,197409,199209,12,3,3,工作日,非高峰,2015-03-05,2015年3月5日,小雨 /小雨,4℃ / 1℃,东北风 ≤3级 /东北风 ≤3级,小雨,小雨,4,1,东北风,≤3级,东北风,≤3级,day
2015-03-05 13:30:00,八匹马,7、未按规定让行的 ,负全部责任,不负责任,1,贵AG4349,白,1,贵A5275B,红,-1,文通驾校,-1,2012/8/1 0:00,凌肯牌,起亚牌,64166500000000000 ,364557000000000000 ,197112,196301,13,3,3,工作日,非高峰,2015-03-05,2015年3月5日,小雨 /小雨,4℃ / 1℃,东北风 ≤3级 /东北风 ≤3级,小雨,小雨,4,1,东北风,≤3级,东北风,≤3级,day
2015-03-05 13:51:00, 八匹马, ,负全部责任,不负责任,1,贵GY6695,白,1,贵FX7333,白,-1,路路达驾校,-1,2014/9/12 0:00,翼搏牌,大众牌,574264000000000000 ,366068000000000000 ,198301,199511,13,3,3,工作日,非高峰,2015-03-05,2015年3月5日,小雨 /小雨,4℃ / 1℃,东北风 ≤3级 /东北风 ≤3级,小雨,小雨,4,1,东北风,≤3级,东北风,≤3级,day
2015-03-05 11:53:00,观山东路,9、不符合前8款规定或者双方同时具有上述情形的,负同等责任,负同等责任,0,贵A3F983,黄,0,贵AU7241,绿,消防驾校,消防驾校,2012/11/21 0:00,2007/9/27 0:00,-1,宝来牌,364557000000000000 ,36606351884755756X,198612,197703,11,3,3,工作日,非高峰,2015-03-05,2015年3月5日,小雨 /小雨,4℃ / 1℃,东北风 ≤3级 /东北风 ≤3级,小雨,小雨,4,1,东北风,≤3级,东北风,≤3级,day
2015-03-05 09:30:00,花溪,7、未按规定让行的 ,负全部责任,不负责任,1,贵A032C5,白色,1,贵A5384V,白色,贵大驾校,文通驾校,2012/3/27 0:00,2010/8/17 0:00,凯马牌,福特牌,366066000000000000 ,364556000000000000 ,196908,197009,9,3,3,工作日,早高峰(7-9点),2015-03-05,2015年3月5日,小雨 /小雨,4℃ / 1℃,东北风 ≤3级 /东北风 ≤3级,小雨,小雨,4,1,东北风,≤3级,东北风,≤3级,day
2015-03-05 10:30:00,白云区,1、追尾的,负全部责任,不负责任,1,贵A5BG01,BAI ,1,贵C785A,白,诚信驾驶培训学校,-1,2011/6/20 0:00,-1,东风标致牌,-1,364647000000000000 ,3645580000000000 ,198904,198609,10,3,3,工作日,非高峰,2015-03-05,2015年3月5日,小雨 /小雨,4℃ / 1℃,东北风 ≤3级 /东北风 ≤3级,小雨,小雨,4,1,东北风,≤3级,东北风,≤3级,day
2015-03-05 15:40:00,蟠桃宫,3、倒车的,负全部责任,不负责任,1,贵AA6051,黑,1,贵A6434A,黑,-1,-1,-1,-1,江铃全顺牌,中华牌,36456700000000000 ,364556000000000000 ,188101,199009,15,3,3,工作日,非高峰,2015-03-05,2015年3月5日,小雨 /小雨,4℃ / 1℃,东北风 ≤3级 /东北风 ≤3级,小雨,小雨,4,1,东北风,≤3级,东北风,≤3级,day
2015-03-05 17:00:00,南明区小碧乡,1、追尾的,负全部责任,不负责任,1,贵ACN209,白色,1,贵A89A97,白色,520134,贵州省长安驾驶培训学校,2000/9/22 0:00,2011/11/2 0:00,奇瑞牌,长安牌,364548000000000000 ,36455551215469655X,196903,196910,17,3,3,工作日,晚高峰(17-19点),2015-03-05,2015年3月5日,小雨 /小雨,4℃ / 1℃,东北风 ≤3级 /东北风 ≤3级,小雨,小雨,4,1,东北风,≤3级,东北风,≤3级,day
2015-03-05 17:50:00,新路口,7、未按规定让行的 ,负全部责任,不负责任,1,贵FX9067,黑,1,贵AU5115,白,-1,消防驾校,-1,2006/4/12 0:00,五菱牌,捷达牌,36606700000000000 ,366368000000000000 ,197612,197901,17,3,3,工作日,晚高峰(17-19点),2015-03-05,2015年3月5日,小雨 /小雨,4℃ / 1℃,东北风 ≤3级 /东北风 ≤3级,小雨,小雨,4,1,东北风,≤3级,东北风,≤3级,day
2015-03-05 11:00:00,300医院,7、未按规定让行的 ,负全部责任,不负责任,1,贵AR0873,白色,1,贵A83M13,白色,自培,十一驾驶培训有限公司,2003/5/9 0:00,2014/3/31 0:00,嘉隆牌,长安牌,36455551214566426X,366669000000000000 ,196901,198811,11,3,3,工作日,非高峰,2015-03-05,2015年3月5日,小雨 /小雨,4℃ / 1℃,东北风 ≤3级 /东北风 ≤3级,小雨,小雨,4,1,东北风,≤3级,东北风,≤3级,day
2015-03-05 15:00:00,林城西路,7、未按规定让行的 ,负全部责任,不负责任,1,贵AHW888,银,1,贵A0548W,白,自培,蓝天驾校,2012/3/26 0:00,2014/10/13 0:00,丰田牌,雪佛兰科帕奇牌,364547000000000000 ,357475000000000000 ,199102,198710,15,3,3,工作日,非高峰,2015-03-05,2015年3月5日,小雨 /小雨,4℃ / 1℃,东北风 ≤3级 /东北风 ≤3级,小雨,小雨,4,1,东北风,≤3级,东北风,≤3级,day
2015-03-05 17:15:00,大洼,7、未按规定让行的 ,负全部责任,不负责任,1,贵A19364,黑,1,贵AMH903,银,-1,十一培,-1,1985/10/22 0:00,豪爵牌,长安牌,765577000000000000 ,364548000000000000 ,198605,196208,17,3,3,工作日,晚高峰(17-19点),2015-03-05,2015年3月5日,小雨 /小雨,4℃ / 1℃,东北风 ≤3级 /东北风 ≤3级,小雨,小雨,4,1,东北风,≤3级,东北风,≤3级,day
2015-03-05 12:30:00,四方河路,7、未按规定让行的 ,负全部责任,不负责任,1,贵AKG695,灰色,1,贵AL7933,白色,自培,十一培,2014/1/23 0:00,1995/6/14 0:00,夏利牌,宗申牌,74866500000000000 ,364547000000000000 ,198805,197109,12,3,3,工作日,非高峰,2015-03-05,2015年3月5日,小雨 /小雨,4℃ / 1℃,东北风 ≤3级 /东北风 ≤3级,小雨,小雨,4,1,东北风,≤3级,东北风,≤3级,day
2015-03-05 11:00:00,北京华联停车场,3、倒车的,负全部责任,不负责任,1,贵A22227,白色,1,贵AU6225,白色,自培,十一培,2004/9/18 0:00,1993/8/25 0:00,飞度,捷达牌,366346000000000000 ,364548000000000000 ,197310,197006,11,3,3,工作日,非高峰,2015-03-05,2015年3月5日,小雨 /小雨,4℃ / 1℃,东北风 ≤3级 /东北风 ≤3级,小雨,小雨,4,1,东北风,≤3级,东北风,≤3级,day
2015-03-05 11:30:00,中华南路,1、追尾的,负全部责任,不负责任,1,贵AU8167,绿,1,贵ASK127,银,-1,自培,-1,2004/4/29 0:00,宝来牌,梅赛德斯-奔驰,366347000000000000 ,364547000000000000 ,197602,196611,11,3,3,工作日,非高峰,2015-03-05,2015年3月5日,小雨 /小雨,4℃ / 1℃,东北风 ≤3级 /东北风 ≤3级,小雨,小雨,4,1,东北风,≤3级,东北风,≤3级,day
2015-03-05 13:30:00,小十字,1、追尾的,负全部责任,不负责任,1,贵A6AF46,白,1,贵AU5519,绿,全林驾校,自培,2012/6/18 0:00,2001/6/25 0:00,北京现代牌,迎客牌,366046000000000000 ,366576000000000000 ,198011,197505,13,3,3,工作日,非高峰,2015-03-05,2015年3月5日,小雨 /小雨,4℃ / 1℃,东北风 ≤3级 /东北风 ≤3级,小雨,小雨,4,1,东北风,≤3级,东北风,≤3级,day
2015-03-05 14:52:00,蟠桃宫,8、依法应负全责的其他情形,负全部责任,不负责任,1,贵AU6214,绿,1,贵A43S63,蓝,（经开区）顺一驾驶培训有限公司,自培,2008/10/29 0:00,2001/5/8 0:00,恒通客车牌,高尔夫旅行轿车,366063000000000000 ,364547000000000000 ,198002,197405,14,3,3,工作日,非高峰,2015-03-05,2015年3月5日,小雨 /小雨,4℃ / 1℃,东北风 ≤3级 /东北风 ≤3级,小雨,小雨,4,1,东北风,≤3级,东北风,≤3级,day
2015-03-05 11:00:00,贵惠路口,1、追尾的,负全部责任,不负责任,1,贵GY5551,白色,1,贵A34Z23,白色,自培,自培,2003/10/15 0:00,2004/8/2 0:00,金龙牌,吉利美日,364547000000000000 ,364547000000000000 ,196605,197103,11,3,3,工作日,非高峰,2015-03-05,2015年3月5日,小雨 /小雨,4℃ / 1℃,东北风 ≤3级 /东北风 ≤3级,小雨,小雨,4,1,东北风,≤3级,东北风,≤3级,day
2015-03-05 10:30:00,都匀路与下坝路,7、未按规定让行的 ,负全部责任,不负责任,1,贵A11S92,银,1,贵AU2218,绿,自培,自培,2004/6/9 0:00,2001/12/26 0:00,宝马牌,钱江牌,54761500000000000 ,366068000000000000 ,197805,197601,10,3,3,工作日,非高峰,2015-03-05,2015年3月5日,小雨 /小雨,4℃ / 1℃,东北风 ≤3级 /东北风 ≤3级,小雨,小雨,4,1,东北风,≤3级,东北风,≤3级,day
2015-03-05 20:41:00,花果园立交,1、追尾的,负全部责任,不负责任,1,贵D07971,白色,1,贵AU6305,白色,-1,自培,-1,2007/11/1 0:00,三铃牌,捷达牌,36667451834159505X,366068000000000000 ,197509,198304,20,3,3,工作日,非高峰,2015-03-05,2015年3月5日,小雨 /小雨,4℃ / 1℃,东北风 ≤3级 /东北风 ≤3级,小雨,小雨,4,1,东北风,≤3级,东北风,≤3级,night
2015-03-05 15:00:00,花溪,7、未按规定让行的 ,负全部责任,不负责任,1,贵AFU977,白色,1,贵A6037A,黑色,大方县龙飞汽车(摩托车)驾驶培训学校,自培,-1,2015/1/20 0:00,大众汽车牌,吉利美日牌,366067000000000000 ,364551000000000000 ,198008,199010,15,3,3,工作日,非高峰,2015-03-05,2015年3月5日,小雨 /小雨,4℃ / 1℃,东北风 ≤3级 /东北风 ≤3级,小雨,小雨,4,1,东北风,≤3级,东北风,≤3级,day
2015-03-05 21:00:00,亨特,3、倒车的,负全部责任,不负责任,1,贵APR614,白色,1,贵A38R94,白色,（乌当区）全林驾驶培训有限公司,-1,2006/2/6 0:00,-1,宝马,北京牌,364547000000000000 ,366347000000000000 ,196811,198306,21,3,3,工作日,非高峰,2015-03-05,2015年3月5日,小雨 /小雨,4℃ / 1℃,东北风 ≤3级 /东北风 ≤3级,小雨,小雨,4,1,东北风,≤3级,东北风,≤3级,night
2015-03-05 14:30:00,花溪,1、追尾的,负全部责任,不负责任,1,贵GGC148,白色,1,贵ASM844,白色,自培,-1,2012/1/16 0:00,-1,奥迪牌,途锐,364556000000000000 ,3665765181476730X,199308,197903,14,3,3,工作日,非高峰,2015-03-05,2015年3月5日,小雨 /小雨,4℃ / 1℃,东北风 ≤3级 /东北风 ≤3级,小雨,小雨,4,1,东北风,≤3级,东北风,≤3级,day
2015-03-06 07:20:00,兴隆花园路口,8、依法应负全责的其他情形,负全部责任,不负责任,1,川AW4989,白色,1,贵AEB293,白色,-1,520125,-1,2009/12/7 0:00,豪江牌,起亚牌,574197000000000000 ,364547000000000000 ,198107,199009,7,4,3,工作日,早高峰(7-9点),2015-03-06,2015年3月6日,小雨 /小雨,5℃ / 3℃,东北风 ≤3级 /东北风 ≤3级,小雨,小雨,5,3,东北风,≤3级,东北风,≤3级,day
2015-03-06 07:30:00,白云南路,8、依法应负全责的其他情形,负全部责任,不负责任,1,贵A979G3,白,1,贵A1925Z,银,-1,省交校,-1,2014/7/14 0:00,力帆牌,宝骏牌,36636700000000 ,355468000000000000 ,82534,197303,7,4,3,工作日,早高峰(7-9点),2015-03-06,2015年3月6日,小雨 /小雨,5℃ / 3℃,东北风 ≤3级 /东北风 ≤3级,小雨,小雨,5,3,东北风,≤3级,东北风,≤3级,day
2015-03-06 07:40:00, 八匹马,9、不符合前8款规定或者双方同时具有上述情形的,负同等责任,负同等责任,1,贵A21M66,白,1,贵H39756,白,-1,贵州现代驾驶培训责任有限公司,-1,2014/4/17 0:00,大众牌,胜达,36455751824366446X,376568000000000000 ,197605,196503,7,4,3,工作日,早高峰(7-9点),2015-03-06,2015年3月6日,小雨 /小雨,5℃ / 3℃,东北风 ≤3级 /东北风 ≤3级,小雨,小雨,5,3,东北风,≤3级,东北风,≤3级,day
2015-03-06 08:00:00,宝山北路,7、未按规定让行的 ,负全部责任,不负责任,1,贵AHR192,黑色,1,贵GT3231,白色,-1,-1,-1,-1,金杯牌,长安牌,336547000000000000 ,364363000000000000 ,197407,197110,8,4,3,工作日,早高峰(7-9点),2015-03-06,2015年3月6日,小雨 /小雨,5℃ / 3℃,东北风 ≤3级 /东北风 ≤3级,小雨,小雨,5,3,东北风,≤3级,东北风,≤3级,day
2015-03-06 06:11:00,涴沙桥,7、未按规定让行的 ,负全部责任,不负责任,0, 贵AS2245,黑,1,贵A57W37,白,铁二局驾校,时法驾校,2014/1/18 0:00,2006/7/18 0:00,-1,三菱牌,366064000000000000 ,366868000000000000 ,198905,198311,6,4,3,工作日,非高峰,2015-03-06,2015年3月6日,小雨 /小雨,5℃ / 3℃,东北风 ≤3级 /东北风 ≤3级,小雨,小雨,5,3,东北风,≤3级,东北风,≤3级,day
2015-03-06 07:00:00,金马驾校,7、未按规定让行的 ,负全部责任,不负责任,1,贵A1646F,白色,1,贵A3286R,白色,织金县织通驾驶培训学校,520125,-1,2008/12/2 0:00,五菱牌,启辰牌,366064000000000000 ,364648000000000000 ,198310,198702,7,4,3,工作日,早高峰(7-9点),2015-03-06,2015年3月6日,小雨 /小雨,5℃ / 3℃,东北风 ≤3级 /东北风 ≤3级,小雨,小雨,5,3,东北风,≤3级,东北风,≤3级,day
2015-03-06 08:00:00,小河平桥,1、追尾的,负全部责任,不负责任,1,贵A6888X,黑色,1,贵A1483N,白色,-1,吉源驾校,-1,2013/11/26 0:00,神行者2,长安牌,366770000000000 ,364568000000000000 ,751223,199411,8,4,3,工作日,早高峰(7-9点),2015-03-06,2015年3月6日,小雨 /小雨,5℃ / 3℃,东北风 ≤3级 /东北风 ≤3级,小雨,小雨,5,3,东北风,≤3级,东北风,≤3级,day
2015-03-06 02:30:00,太慈桥,7、未按规定让行的 ,负全部责任,不负责任,1,闽BV5594,白色,1,贵A6AT09,白色,-1,自培,-1,2004/6/15 0:00,北京现代牌 ,科雷傲,734767000000000000 ,364548000000000000 ,198706,194601,2,4,3,工作日,非高峰,2015-03-06,2015年3月6日,小雨 /小雨,5℃ / 3℃,东北风 ≤3级 /东北风 ≤3级,小雨,小雨,5,3,东北风,≤3级,东北风,≤3级,night
2015-03-06 07:35:00,乌当,1、追尾的,负全部责任,不负责任,1,贵A14375,红,1,贵A6BV69,白,（乌当区）平安驾驶培训有限公司,-1,2005/9/26 0:00,-1,佛斯弟牌,蒙迪欧牌,356167000000000000 ,36654551864967760X,196701,197208,7,4,3,工作日,早高峰(7-9点),2015-03-06,2015年3月6日,小雨 /小雨,5℃ / 3℃,东北风 ≤3级 /东北风 ≤3级,小雨,小雨,5,3,东北风,≤3级,东北风,≤3级,day
2015-03-06 06:15:00,老阳关·,8、依法应负全责的其他情形,负全部责任,不负责任,1,贵AML002,黑,1,贵AAS791,黑,自培,吉源驾校,1997/11/3 0:00,2014/4/22 0:00,开瑞牌,昌河,354366000000000000 ,366267000000000000 ,196403,198211,6,4,3,工作日,非高峰,2015-03-06,2015年3月6日,小雨 /小雨,5℃ / 3℃,东北风 ≤3级 /东北风 ≤3级,小雨,小雨,5,3,东北风,≤3级,东北风,≤3级,day
2015-03-06 08:00:00,中华中路,7、未按规定让行的 ,负全部责任,不负责任,0,贵SU5055,绿,1,川SH6629,白,-1,-1,-1,-1,-1,起亚牌 ,366367000000000000 ,357475000000000000 ,197410,196807,8,4,3,工作日,早高峰(7-9点),2015-03-06,2015年3月6日,小雨 /小雨,5℃ / 3℃,东北风 ≤3级 /东北风 ≤3级,小雨,小雨,5,3,东北风,≤3级,东北风,≤3级,day
2015-03-05 18:00:00,花溪,1、追尾的,负全部责任,不负责任,1,贵A2493U,白色,1,贵A0BK59,白色,自培,顺一驾驶培训学校,2003/5/30 0:00,2015/1/9 0:00,起亚牌,长安牌,364556000000000000 ,366566000000000000 ,197209,197602,18,3,3,工作日,晚高峰(17-19点),2015-03-05,2015年3月5日,小雨 /小雨,4℃ / 1℃,东北风 ≤3级 /东北风 ≤3级,小雨,小雨,4,1,东北风,≤3级,东北风,≤3级,day
2015-03-05 17:50:00,甘荫塘,1、追尾的,负全部责任,不负责任,1,贵ACB061,白色,1,渝AMP162,白色,自培,-1,2004/5/10 0:00,-1,途安牌,-1,364547000000000000 ,26474651824145403X,196004,197609,17,3,3,工作日,晚高峰(17-19点),2015-03-05,2015年3月5日,小雨 /小雨,4℃ / 1℃,东北风 ≤3级 /东北风 ≤3级,小雨,小雨,4,1,东北风,≤3级,东北风,≤3级,day
2015-03-05 20:00:00,花溪大道,1、追尾的,负全部责任,不负责任,1,贵GM4487,白色,1,贵AGB854,白色,自培,十一培,2012/11/14 0:00,1998/1/15 0:00,东风标致牌,比亚迪牌,364596000000000000 ,364556000000000000 ,199107,197403,20,3,3,工作日,非高峰,2015-03-05,2015年3月5日,小雨 /小雨,4℃ / 1℃,东北风 ≤3级 /东北风 ≤3级,小雨,小雨,4,1,东北风,≤3级,东北风,≤3级,night
2015-03-05 22:20:00,中华南路,7、未按规定让行的 ,负全部责任,不负责任,1,贵AZA664,白,1,贵AN2042,银,-1,自培,-1,2001/5/14 0:00,江铃全顺牌,翼虎牌,364547000000000 ,364547000000000000 ,720808,196610,22,3,3,工作日,非高峰,2015-03-05,2015年3月5日,小雨 /小雨,4℃ / 1℃,东北风 ≤3级 /东北风 ≤3级,小雨,小雨,4,1,东北风,≤3级,东北风,≤3级,night
2015-03-05 16:00:00,大十字,1、追尾的,负全部责任,不负责任,1,贵A0B633,黑色,1,贵JBA157,白色,（南明区）市交通职业技术驾驶培训学校,自培,2008/9/4 0:00,2001/9/13 0:00,宝马牌,长安牌,364547000000000000 ,354366000000000000 ,198310,197005,16,3,3,工作日,非高峰,2015-03-05,2015年3月5日,小雨 /小雨,4℃ / 1℃,东北风 ≤3级 /东北风 ≤3级,小雨,小雨,4,1,东北风,≤3级,东北风,≤3级,day
2015-03-06 06:15:00,油榨街,1、追尾的,负全部责任,不负责任,1,贵CN1467,银,1,贵AU2216,绿,-1,自培,-1,2006/12/25 0:00,朗风牌,钱江牌,3665610000000000 ,366367000000000000 ,197507,196802,6,4,3,工作日,非高峰,2015-03-06,2015年3月6日,小雨 /小雨,5℃ / 3℃,东北风 ≤3级 /东北风 ≤3级,小雨,小雨,5,3,东北风,≤3级,东北风,≤3级,day
2015-03-05 15:30:00,油榨街,7、未按规定让行的 ,负全部责任,不负责任,1,贵AV262J,白色,1,贵AVM456,白色,自培,自培,2000/12/11 0:00,2005/7/20 0:00,-1,大众牌,364547000000000000 ,366546000000000000 ,196808,197701,15,3,3,工作日,非高峰,2015-03-05,2015年3月5日,小雨 /小雨,4℃ / 1℃,东北风 ≤3级 /东北风 ≤3级,小雨,小雨,4,1,东北风,≤3级,东北风,≤3级,day
2015-03-06 07:50:00,八角岩路,8、依法应负全责的其他情形,负全部责任,不负责任,0,贵A86N76,白,1,粤BX0V42,黑,（南明区）市交通职业技术驾驶培训学校,-1,2006/12/12 0:00,-1,风朗,大众牌,366347000000000000 ,07436551894762401X,197906,197803,7,4,3,工作日,早高峰(7-9点),2015-03-06,2015年3月6日,小雨 /小雨,5℃ / 3℃,东北风 ≤3级 /东北风 ≤3级,小雨,小雨,5,3,东北风,≤3级,东北风,≤3级,day
2015-03-06 06:11:00,市北路,7、未按规定让行的 ,负全部责任,不负责任,1,贵ADK225,红,1,贵AU4903,绿,（观山湖区）蓝天驾驶培训有限公司,-1,2009/9/10 0:00,-1,长城牌,捷峰牌,36454751374363495X,364567000000000000 ,195305,198907,6,4,3,工作日,非高峰,2015-03-06,2015年3月6日,小雨 /小雨,5℃ / 3℃,东北风 ≤3级 /东北风 ≤3级,小雨,小雨,5,3,东北风,≤3级,东北风,≤3级,day
2015-03-06 07:00:00,观水路,1、追尾的,负全部责任,不负责任,1,贵AU9923,白色,1,贵AU8888,白色,自培,-1,2005/9/23 0:00,-1,瑞麒牌,瑞麒牌,36636051894746095X,364544000000 ,197803,66721,7,4,3,工作日,早高峰(7-9点),2015-03-06,2015年3月6日,小雨 /小雨,5℃ / 3℃,东北风 ≤3级 /东北风 ≤3级,小雨,小雨,5,3,东北风,≤3级,东北风,≤3级,day
2015-03-06 08:50:00,兴义路,7、未按规定让行的 ,负全部责任,不负责任,1,贵A78F67,白,1,贵ALG365,银,自培,-1,2014/9/15 0:00,-1,一汽佳星牌,吉利美日牌,36455051924246443X,36455651804754663X,198606,197403,8,4,3,工作日,早高峰(7-9点),2015-03-06,2015年3月6日,小雨 /小雨,5℃ / 3℃,东北风 ≤3级 /东北风 ≤3级,小雨,小雨,5,3,东北风,≤3级,东北风,≤3级,day
2015-03-06 09:00:00,中环路,7、未按规定让行的 ,负全部责任,不负责任,1,贵AKJ158,黑,1,贵AA172A,银,-1,消防驾校,-1,2014/7/18 0:00,发现,东风雪铁龙,364648000000000000 ,364558000000000000 ,198009,198801,9,4,3,工作日,早高峰(7-9点),2015-03-06,2015年3月6日,小雨 /小雨,5℃ / 3℃,东北风 ≤3级 /东北风 ≤3级,小雨,小雨,5,3,东北风,≤3级,东北风,≤3级,day
2015-03-06 10:00:00,商贸城,1、追尾的,负全部责任,不负责任,1,贵A0BB25,白,1,浙C2U332,白,自培,-1,2004/12/29 0:00,-1,纳智捷牌,-1,366561000000000000 ,366070000000000000 ,197209,199202,10,4,3,工作日,非高峰,2015-03-06,2015年3月6日,小雨 /小雨,5℃ / 3℃,东北风 ≤3级 /东北风 ≤3级,小雨,小雨,5,3,东北风,≤3级,东北风,≤3级,day
2015-03-06 08:00:00,富源南路,1、追尾的,负全部责任,不负责任,1,贵A8F958,白色,1,贵A5G540,白色,铁二局驾校,铁二局驾校,2010/9/25 0:00,2014/12/2 0:00,一汽佳星牌,凌派,364548000000000000 ,75547500000000000 ,197909,199208,8,4,3,工作日,早高峰(7-9点),2015-03-06,2015年3月6日,小雨 /小雨,5℃ / 3℃,东北风 ≤3级 /东北风 ≤3级,小雨,小雨,5,3,东北风,≤3级,东北风,≤3级,day
2015-03-06 08:28:00,黔林西路,7、未按规定让行的 ,负全部责任,不负责任,1,贵AMG748,银,1,贵A34S97,银,自培,-1,1998/6/16 0:00,-1,别克牌,雪佛兰牌,366664000000000000 ,03454051954664447X,197506,198102,8,4,3,工作日,早高峰(7-9点),2015-03-06,2015年3月6日,小雨 /小雨,5℃ / 3℃,东北风 ≤3级 /东北风 ≤3级,小雨,小雨,5,3,东北风,≤3级,东北风,≤3级,day
2015-03-06 11:30:00,石板镇,1、追尾的,负全部责任,不负责任,1,贵A9699X,黑色,1,贵A7363L,灰色,金大驾校,贵州现代驾驶培训责任有限公司,2013/12/3 0:00,2012/11/12 0:00,五菱牌,海马牌,364556000000000000 ,364556000000000000 ,197205,197612,11,4,3,工作日,非高峰,2015-03-06,2015年3月6日,小雨 /小雨,5℃ / 3℃,东北风 ≤3级 /东北风 ≤3级,小雨,小雨,5,3,东北风,≤3级,东北风,≤3级,day
2015-03-06 10:00:00,云潭南路,9、不符合前8款规定或者双方同时具有上述情形的,负同等责任,负同等责任,1,贵AZF3847,白,1,贵CCE965,黑,-1,路路达驾校,-1,2009/3/31 0:00,-1,野马牌,366067000000000000 ,364558000000000000 ,198402,197408,10,4,3,工作日,非高峰,2015-03-06,2015年3月6日,小雨 /小雨,5℃ / 3℃,东北风 ≤3级 /东北风 ≤3级,小雨,小雨,5,3,东北风,≤3级,东北风,≤3级,day
2015-03-06 10:00:00,甘荫塘,7、未按规定让行的 ,负全部责任,不负责任,1,贵A57M49,白色,1,贵A49G72,白色,毕节地区金春汽车驾驶培训学校,自培,-1,2011/7/12 0:00,中华牌,长安牌,366046000000000000 ,364556000000000000 ,198708,199211,10,4,3,工作日,非高峰,2015-03-06,2015年3月6日,小雨 /小雨,5℃ / 3℃,东北风 ≤3级 /东北风 ≤3级,小雨,小雨,5,3,东北风,≤3级,东北风,≤3级,day
2015-03-06 08:30:00,机场路,1、追尾的,负全部责任,不负责任,1,贵A3913M,白色,1,贵AC768,白色,织金县织通驾驶培训学校,-1,2010/5/7 0:00,-1,江淮牌,-1,36606351995654718X,364556000000000000 ,198812,196911,8,4,3,工作日,早高峰(7-9点),2015-03-06,2015年3月6日,小雨 /小雨,5℃ / 3℃,东北风 ≤3级 /东北风 ≤3级,小雨,小雨,5,3,东北风,≤3级,东北风,≤3级,day
2015-03-06 06:08:00,太慈桥,7、未按规定让行的 ,负全部责任,不负责任,1,贵A3F663,银,1,贵CFG400,黄,自培,-1,2003/5/12 0:00,-1,-1,揽胜极光,364648000000000000 ,366546000000000000 ,198006,198702,6,4,3,工作日,非高峰,2015-03-06,2015年3月6日,小雨 /小雨,5℃ / 3℃,东北风 ≤3级 /东北风 ≤3级,小雨,小雨,5,3,东北风,≤3级,东北风,≤3级,day
2015-03-06 00:00:00,机场路,1、追尾的,负全部责任,不负责任,1,贵A13S46,白色,1,贵AR8732,白色,自培,十一培,2005/9/12 0:00,1994/11/23 0:00,迷你,万虎牌,364547000000000000 ,364547000000000000 ,198611,197311,0,4,3,工作日,非高峰,2015-03-06,2015年3月6日,小雨 /小雨,5℃ / 3℃,东北风 ≤3级 /东北风 ≤3级,小雨,小雨,5,3,东北风,≤3级,东北风,≤3级,night
2015-03-05 22:40:00,花果园,1、追尾的,负全部责任,不负责任,1,贵AIA412,白,1,贵AU4985,黑,贵州省赫章县金源汽车驾驶培训学校,自培,2012/6/14 0:00,2001/9/17 0:00,-1,嘉陵牌,36606951154369405X,355468000000000000 ,199105,197702,22,3,3,工作日,非高峰,2015-03-05,2015年3月5日,小雨 /小雨,4℃ / 1℃,东北风 ≤3级 /东北风 ≤3级,小雨,小雨,4,1,东北风,≤3级,东北风,≤3级,night
2015-03-06 10:00:00,长江路,3、倒车的,负全部责任,不负责任,1,贵AE2968,白色,1,贵AVB496,白色,-1,自培,-1,2002/8/15 0:00,别克,朗逸牌,364547000000 ,366361000000000000 ,242340,197307,10,4,3,工作日,非高峰,2015-03-06,2015年3月6日,小雨 /小雨,5℃ / 3℃,东北风 ≤3级 /东北风 ≤3级,小雨,小雨,5,3,东北风,≤3级,东北风,≤3级,day
2015-03-06 08:15:00,观山湖,8、依法应负全责的其他情形,负全部责任,不负责任,1,贵AJ1574,蓝,1,贵A63B81,银,自培,自培,2002/11/19 0:00,2002/11/27 0:00,红旗牌,蒙迪欧牌,364547000000000000 ,366067000000000000 ,197011,197811,8,4,3,工作日,早高峰(7-9点),2015-03-06,2015年3月6日,小雨 /小雨,5℃ / 3℃,东北风 ≤3级 /东北风 ≤3级,小雨,小雨,5,3,东北风,≤3级,东北风,≤3级,day
2015-03-06 07:16:00,北京路,8、依法应负全责的其他情形,负全部责任,不负责任,1,贵ANH737,银,0,贵A81X45,银,自培,自培,2005/1/27 0:00,2007/6/20 0:00,尼桑牌,东风日产牌,36454751924652695X,364557000000000000 ,198602,198004,7,4,3,工作日,早高峰(7-9点),2015-03-06,2015年3月6日,小雨 /小雨,5℃ / 3℃,东北风 ≤3级 /东北风 ≤3级,小雨,小雨,5,3,东北风,≤3级,东北风,≤3级,day