accidenttime,accidentaddr,driver1fault,driver1responsibility,driver2responsibility,sex1,platenumber1,carcolor1,sex2,platenumber2,carcolor2,jxmc1,jxmc2,cclzrq1,cclzrq2,clpp1,clpp2,driver1license,driver2license,brith1,brith2,hour,weekday,month,is_weekday,peak_hour,date,日期,天气状况,气温,风力风向,day_wea,night_wea,day_tep,night_tep,day_wind_direction,day_wind_speed,night_wind_direction,night_wind_speed,segment
2015-03-06 10:00:00,花溪,8、依法应负全责的其他情形,负全部责任,不负责任,1,贵A704E3,白色,1,贵AGU816,黑色,自培,自培,2012/1/18 0:00,2002/7/30 0:00,长安牌,五菱牌,366363000000000000 ,356168000000000000 ,197402,197108,10,4,3,工作日,非高峰,2015-03-06,2015年3月6日,小雨 /小雨,5℃ / 3℃,东北风 ≤3级 /东北风 ≤3级,小雨,小雨,5,3,东北风,≤3级,东北风,≤3级,day
2015-03-06 10:20:00,开发大道,7、未按规定让行的 ,负全部责任,不负责任,1,贵AAG797,黑色,1,贵A83M59,黑色,自培,自培,2002/12/17 0:00,2008/1/7 0:00,江淮牌,大众汽车牌,356168000000000000 ,364557000000000000 ,196809,198512,10,4,3,工作日,非高峰,2015-03-06,2015年3月6日,小雨 /小雨,5℃ / 3℃,东北风 ≤3级 /东北风 ≤3级,小雨,小雨,5,3,东北风,≤3级,东北风,≤3级,day
2015-03-06 08:20:00,金苏大道,1、追尾的,负全部责任,不负责任,1,贵AID201,白,1,贵A18M65,银,景宏驾校,鑫鑫驾校,2014/9/24 0:00,2014/5/7 0:00,-1,长安牌,366670000000000000 ,366569000000000000 ,198406,198803,8,4,3,工作日,早高峰(7-9点),2015-03-06,2015年3月6日,小雨 /小雨,5℃ / 3℃,东北风 ≤3级 /东北风 ≤3级,小雨,小雨,5,3,东北风,≤3级,东北风,≤3级,day
2015-03-06 13:30:00,云潭北路,7、未按规定让行的 ,负全部责任,不负责任,1,贵AN6021,红,1,贵A66K58,红,-1,诚信驾驶培训学校,-1,2013/8/15 0:00,嘉陵牌,长安牌,366566000000000000 ,366069000000000000 ,198310,198602,13,4,3,工作日,非高峰,2015-03-06,2015年3月6日,小雨 /小雨,5℃ / 3℃,东北风 ≤3级 /东北风 ≤3级,小雨,小雨,5,3,东北风,≤3级,东北风,≤3级,day
2015-03-06 14:00:00,新添大道 ,3、倒车的,负全部责任,不负责任,1,贵AW6357,银,1,贵A16F89,白,-1,-1,-1,-1,中顺牌,东风标致牌,366366000000000 ,366862000000000000 ,570904,197809,14,4,3,工作日,非高峰,2015-03-06,2015年3月6日,小雨 /小雨,5℃ / 3℃,东北风 ≤3级 /东北风 ≤3级,小雨,小雨,5,3,东北风,≤3级,东北风,≤3级,day
2015-03-09 17:00:00,新添寨,2、逆行的,负全部责任,不负责任,1,贵ALC359,白色,1,贵APC246,白色,-1,-1,-1,-1,荣威牌,金杯牌,36455651155457448X,366362000000000000 ,199110,198612,17,0,3,工作日,晚高峰(17-19点),2015-03-09,2015年3月9日,小雨 /小雨,10℃ / 5℃,东北风 ≤3级 /东北风 ≤3级,小雨,小雨,10,5,东北风,≤3级,东北风,≤3级,day
2015-03-06 14:00:00,八匹马,1、追尾的,负全部责任,不负责任,0,贵GY3490,黑,1,贵A6807H,银,-1,消防驾校,-1,2012/4/5 0:00,大众牌,吉利美日牌,366667000000000000 ,356168000000000000 ,198706,197204,14,4,3,工作日,非高峰,2015-03-06,2015年3月6日,小雨 /小雨,5℃ / 3℃,东北风 ≤3级 /东北风 ≤3级,小雨,小雨,5,3,东北风,≤3级,东北风,≤3级,day
2015-03-06 15:00:00,清水江路,3、倒车的,负全部责任,不负责任,1,贵A702F5,白色,1,贵A7BH06,白色,-1,铁二局驾校,-1,2014/4/1 0:00,福田牌,别克牌,364557000000000000 ,364547000000000000 ,199203,199104,15,4,3,工作日,非高峰,2015-03-06,2015年3月6日,小雨 /小雨,5℃ / 3℃,东北风 ≤3级 /东北风 ≤3级,小雨,小雨,5,3,东北风,≤3级,东北风,≤3级,day
2015-03-06 13:05:00,沙文,1、追尾的,负全部责任,不负责任,1,贵C1756,白,1,贵A38X82,红,遵义市驰龙封闭式汽车驾驶培训有限公司,顺一驾驶培训学校,-1,2012/4/12 0:00,桑塔纳牌,大众汽车牌,366546000000000000 ,366061000000000000 ,197406,197810,13,4,3,工作日,非高峰,2015-03-06,2015年3月6日,小雨 /小雨,5℃ / 3℃,东北风 ≤3级 /东北风 ≤3级,小雨,小雨,5,3,东北风,≤3级,东北风,≤3级,day
2015-03-06 13:00:00,宅吉路,3、倒车的,负全部责任,不负责任,1,贵AS8632,银,1,贵A84N15,黑,自培,520109,1999/3/17 0:00,2011/3/17 0:00,东力牌,奥迪,364548000000000000 ,364548000000000000 ,196906,198603,13,4,3,工作日,非高峰,2015-03-06,2015年3月6日,小雨 /小雨,5℃ / 3℃,东北风 ≤3级 /东北风 ≤3级,小雨,小雨,5,3,东北风,≤3级,东北风,≤3级,day
2015-03-06 14:40:00,大营坡,7、未按规定让行的 ,负全部责任,不负责任,1,贵AM3534,银,1,贵A5481T,白,吉源驾校（南明区）,自培,2002/8/9 0:00,2012/7/6 0:00,宗申牌,金杯牌,364558000000000000 ,36455651844149645X,197511,197009,14,4,3,工作日,非高峰,2015-03-06,2015年3月6日,小雨 /小雨,5℃ / 3℃,东北风 ≤3级 /东北风 ≤3级,小雨,小雨,5,3,东北风,≤3级,东北风,≤3级,day
2015-03-06 14:30:00,花溪公园,7、未按规定让行的 ,负全部责任,不负责任,1,贵A08338,白色,1,贵A95K85,白色,-1,新天驾校,-1,2004/9/21 0:00,江铃全顺牌,福克斯牌,364547000000000000 ,364557000000000000 ,197707,198603,14,4,3,工作日,非高峰,2015-03-06,2015年3月6日,小雨 /小雨,5℃ / 3℃,东北风 ≤3级 /东北风 ≤3级,小雨,小雨,5,3,东北风,≤3级,东北风,≤3级,day
2015-03-06 13:00:00,谷丰粮油批发市场,1、追尾的,负全部责任,不负责任,1,贵A2213G,白色,1,贵A3403V,白色,鑫鑫驾校,-1,2012/7/28 0:00,-1,五菱牌,长城牌,366864000000000000 ,366064000000000000 ,198907,197910,13,4,3,工作日,非高峰,2015-03-06,2015年3月6日,小雨 /小雨,5℃ / 3℃,东北风 ≤3级 /东北风 ≤3级,小雨,小雨,5,3,东北风,≤3级,东北风,≤3级,day
2015-03-06 16:34:00,花溪,8、依法应负全责的其他情形,负全部责任,不负责任,1,贵A8085C,白色,1,贵A4279W,白色,-1,高新驾校,-1,2011/12/21 0:00,大众汽车牌,五菱牌,366669000000000000 ,366064000000000000 ,198820,198103,16,4,3,工作日,非高峰,2015-03-06,2015年3月6日,小雨 /小雨,5℃ / 3℃,东北风 ≤3级 /东北风 ≤3级,小雨,小雨,5,3,东北风,≤3级,东北风,≤3级,day
2015-03-06 17:00:00,花溪大桥,7、未按规定让行的 ,负全部责任,不负责任,1,贵AUA626,白色,1,贵A6230A,白色,-1,贵大驾校,-1,2014/12/26 0:00,奇瑞牌,五菱牌,364648000000000000 ,364556000000000000 ,196011,199010,17,4,3,工作日,晚高峰(17-19点),2015-03-06,2015年3月6日,小雨 /小雨,5℃ / 3℃,东北风 ≤3级 /东北风 ≤3级,小雨,小雨,5,3,东北风,≤3级,东北风,≤3级,day
2015-03-06 15:30:00,花溪区政府,7、未按规定让行的 ,负全部责任,不负责任,1,贵CBA251,白色,1,贵APO628,白色,-1,-1,-1,-1,奇瑞牌,-1,36656300000000 ,366363000000000000 ,91413,196005,15,4,3,工作日,非高峰,2015-03-06,2015年3月6日,小雨 /小雨,5℃ / 3℃,东北风 ≤3级 /东北风 ≤3级,小雨,小雨,5,3,东北风,≤3级,东北风,≤3级,day
2015-03-06 16:00:00,石林西路,7、未按规定让行的 ,负全部责任,不负责任,1,贵JDT455,银,1,贵A3CA73,银,-1,新天驾校,-1,2011/8/8 0:00,五菱牌,大众汽车牌,366876000000000000 ,74365500000000000 ,197902,198303,16,4,3,工作日,非高峰,2015-03-06,2015年3月6日,小雨 /小雨,5℃ / 3℃,东北风 ≤3级 /东北风 ≤3级,小雨,小雨,5,3,东北风,≤3级,东北风,≤3级,day
2015-03-06 18:04:00,观山湖,3、倒车的,负全部责任,不负责任,1,贵AD990A,红,1,贵A49S23,白,-1,520123,-1,2008/1/11 0:00,-1,锋范牌,354366000000000000 ,366347000000000000 ,190312,198410,18,4,3,工作日,晚高峰(17-19点),2015-03-06,2015年3月6日,小雨 /小雨,5℃ / 3℃,东北风 ≤3级 /东北风 ≤3级,小雨,小雨,5,3,东北风,≤3级,东北风,≤3级,day
2015-03-06 12:10:00,开发大道,1、追尾的,负全部责任,不负责任,1,贵A71H37,白色,1,贵A31E58,白色,自培,时法驾校,2002/5/13 0:00,2006/12/8 0:00,大众汽车牌,广汽菲亚特牌,364547000000000000 ,364547000000000000 ,196704,198802,12,4,3,工作日,非高峰,2015-03-06,2015年3月6日,小雨 /小雨,5℃ / 3℃,东北风 ≤3级 /东北风 ≤3级,小雨,小雨,5,3,东北风,≤3级,东北风,≤3级,day
2015-03-06 16:00:00,金钟桥,1、追尾的,负全部责任,不负责任,1,贵AA104U,银,1,贵AAS220,黑,自培,大方大山驾校,2006/8/1 0:00,-1,红星牌,吉利牌,364547000000000000 ,366067000000000000 ,198708,197511,16,4,3,工作日,非高峰,2015-03-06,2015年3月6日,小雨 /小雨,5℃ / 3℃,东北风 ≤3级 /东北风 ≤3级,小雨,小雨,5,3,东北风,≤3级,东北风,≤3级,day
2015-03-06 15:00:00,小河,7、未按规定让行的 ,负全部责任,不负责任,1,贵AHZ947,白色,1,贵AKU449,白色,-1,十一培,-1,1998/9/29 0:00,朗逸牌,凯宴,366876000000000000 ,364547000000000000 ,197510,197208,15,4,3,工作日,非高峰,2015-03-06,2015年3月6日,小雨 /小雨,5℃ / 3℃,东北风 ≤3级 /东北风 ≤3级,小雨,小雨,5,3,东北风,≤3级,东北风,≤3级,day
2015-03-06 15:00:00,香江路,6、违反交通信号的,负全部责任,不负责任,1,贵A32H75,白色,1,贵AT5376,白色,时发驾校,十一培,2012/11/2 0:00,1997/5/22 0:00,大众汽车牌,宗申牌,74051500000000000 ,366368000000000000 ,197202,197802,15,4,3,工作日,非高峰,2015-03-06,2015年3月6日,小雨 /小雨,5℃ / 3℃,东北风 ≤3级 /东北风 ≤3级,小雨,小雨,5,3,东北风,≤3级,东北风,≤3级,day
2015-03-06 16:50:00,南国花锦,3、倒车的,负全部责任,不负责任,1,贵A75H21,黑,1,贵AH3605,红,全林驾校,十一培,2011/6/10 0:00,1997/11/27 0:00,荣威牌,嘉陵牌,364548000000000000 ,36656751874062045X,197008,197304,16,4,3,工作日,非高峰,2015-03-06,2015年3月6日,小雨 /小雨,5℃ / 3℃,东北风 ≤3级 /东北风 ≤3级,小雨,小雨,5,3,东北风,≤3级,东北风,≤3级,day
2015-03-06 12:00:00,八角岩路,1、追尾的,负全部责任,不负责任,1,贵A79L76,蓝,1,贵A2059V,银,-1,自培,-1,2011/7/7 0:00,揽胜极光,起亚,36457451994742690X,354670000000000000 ,198803,197411,12,4,3,工作日,非高峰,2015-03-06,2015年3月6日,小雨 /小雨,5℃ / 3℃,东北风 ≤3级 /东北风 ≤3级,小雨,小雨,5,3,东北风,≤3级,东北风,≤3级,day
2015-03-06 13:50:00,沙冲路,1、追尾的,负全部责任,不负责任,1,贵A70132,白色,1,贵A8556W,白色,-1,自培,-1,2005/2/5 0:00,十通牌,荣威牌,364556000000000000 ,364556000000000000 ,197708,197403,13,4,3,工作日,非高峰,2015-03-06,2015年3月6日,小雨 /小雨,5℃ / 3℃,东北风 ≤3级 /东北风 ≤3级,小雨,小雨,5,3,东北风,≤3级,东北风,≤3级,day
2015-03-06 18:00:00,小河珠江路,1、追尾的,负全部责任,不负责任,1,贵GQ0059,白色,1,贵AM8215,灰色,-1,自培,-1,2001/6/27 0:00,东风雪铁龙牌,吉利牌,36456551914943896X,366064000000000000 ,198908,197109,18,4,3,工作日,晚高峰(17-19点),2015-03-06,2015年3月6日,小雨 /小雨,5℃ / 3℃,东北风 ≤3级 /东北风 ≤3级,小雨,小雨,5,3,东北风,≤3级,东北风,≤3级,day
2015-03-06 18:00:00,黔林半山,7、未按规定让行的 ,负全部责任,不负责任,1,贵AK4266,白,1,贵A47P19,蓝,-1,自培,-1,2001/5/2 0:00,X3,豪情牌,364566000000000000 ,364548000000000000 ,198910,197906,18,4,3,工作日,晚高峰(17-19点),2015-03-06,2015年3月6日,小雨 /小雨,5℃ / 3℃,东北风 ≤3级 /东北风 ≤3级,小雨,小雨,5,3,东北风,≤3级,东北风,≤3级,day
2015-03-06 17:00:00,金阳客站,3、倒车的,负全部责任,不负责任,1,贵AU7506,绿,1,贵A7394H,红,（观山湖区）诚信驾驶培训有限公司,贵大佳德驾驶培训学校,2006/8/31 0:00,2010/12/14 0:00,蜀都牌,东风日产牌,366046000000000000 ,366067000000000000 ,198201,198108,17,4,3,工作日,晚高峰(17-19点),2015-03-06,2015年3月6日,小雨 /小雨,5℃ / 3℃,东北风 ≤3级 /东北风 ≤3级,小雨,小雨,5,3,东北风,≤3级,东北风,≤3级,day
2015-03-06 17:00:00,乌当,8、依法应负全责的其他情形,负全部责任,不负责任,1,贵A6552Y,黑,1,贵ATJ693,银,贵大佳德驾驶培训学校,-1,2011/5/12 0:00,-1,长安牌,长城牌,366067000000000000 ,364557000000000000 ,198905,197409,17,4,3,工作日,晚高峰(17-19点),2015-03-06,2015年3月6日,小雨 /小雨,5℃ / 3℃,东北风 ≤3级 /东北风 ≤3级,小雨,小雨,5,3,东北风,≤3级,东北风,≤3级,day
2015-03-06 21:00:00,金昌路,8、依法应负全责的其他情形,负全部责任,不负责任,1,贵A26C62,白,1,贵A77L39,白,-1,新天驾校,-1,2011/7/18 0:00,福克斯牌,北京现代牌,36454800000000000 ,366068000000000000 ,195407,198212,21,4,3,工作日,非高峰,2015-03-06,2015年3月6日,小雨 /小雨,5℃ / 3℃,东北风 ≤3级 /东北风 ≤3级,小雨,小雨,5,3,东北风,≤3级,东北风,≤3级,night
2015-03-06 21:10:00,市西路,8、依法应负全责的其他情形,负全部责任,不负责任,1,贵A28C64,银,1,贵AU0459,绿,-1,贵州现代驾驶培训责任有限公司,-1,2010/5/5 0:00,东风日产牌,金龙牌,355266000000000000 ,366570000000000000 ,198704,197401,21,4,3,工作日,非高峰,2015-03-06,2015年3月6日,小雨 /小雨,5℃ / 3℃,东北风 ≤3级 /东北风 ≤3级,小雨,小雨,5,3,东北风,≤3级,东北风,≤3级,night
2015-03-06 23:00:00,小河,7、未按规定让行的 ,负全部责任,不负责任,1,贵AB874N,白色,1,贵AU7274,白色,-1,-1,-1,-1,夏利,宝来牌,36454700000000000 ,364557000000000000 ,195611,197010,23,4,3,工作日,非高峰,2015-03-06,2015年3月6日,小雨 /小雨,5℃ / 3℃,东北风 ≤3级 /东北风 ≤3级,小雨,小雨,5,3,东北风,≤3级,东北风,≤3级,night
2015-03-07 00:00:00,小河,1、追尾的,负全部责任,不负责任,1,贵A7795C,黑色,1,贵AA428X,白色,-1,-1,-1,-1,解放牌,东风标致牌,36636851864068447U,364547000000000 ,197204,760409,0,5,3,工作日,非高峰,2015-03-07,2015年3月7日,阴 /小雨,10℃ / 5℃,东风 ≤3级 /东南风 ≤3级,阴,小雨,10,5,东风,≤3级,东南风,≤3级,night
2015-03-06 20:40:00,白云白路,1、追尾的,负全部责任,不负责任,1,贵FV9731,白,1,贵AA824T,蓝,-1,-1,-1,-1,北京现代牌,东风日产牌,366064000000000000 ,364558000000000000 ,197805,197510,20,4,3,工作日,非高峰,2015-03-06,2015年3月6日,小雨 /小雨,5℃ / 3℃,东北风 ≤3级 /东北风 ≤3级,小雨,小雨,5,3,东北风,≤3级,东北风,≤3级,night
2015-03-07 00:00:00,沙冲路,1、追尾的,负全部责任,不负责任,1,贵GF8085,白色,1,贵AW6231,白色,-1,自培,-1,1993/8/12 0:00,福克斯牌,隆鑫牌,35526551175443285X,364547000000000000 ,199310,197301,0,5,3,工作日,非高峰,2015-03-07,2015年3月7日,阴 /小雨,10℃ / 5℃,东风 ≤3级 /东南风 ≤3级,阴,小雨,10,5,东风,≤3级,东南风,≤3级,night
2015-03-06 19:10:00,甲秀南路,1、追尾的,负全部责任,不负责任,0,贵JAD451,黑,1,贵AU2296,绿,（观山湖区）蓝天驾驶培训有限公司,520114,2005/5/9 0:00,2008/6/30 0:00,国威牌,宝来牌,364548000000000000 ,366361000000000000 ,197003,197608,19,4,3,工作日,晚高峰(17-19点),2015-03-06,2015年3月6日,小雨 /小雨,5℃ / 3℃,东北风 ≤3级 /东北风 ≤3级,小雨,小雨,5,3,东北风,≤3级,东北风,≤3级,day
2015-03-06 20:00:00,小河,5、开关车门的,负全部责任,不负责任,1,浙K3196B,白色,1,贵A65V92,白色,-1,铁二局驾校,-1,2012/12/5 0:00,长城牌,江淮牌,776346000000000000 ,36454651954957395X,197902,198108,20,4,3,工作日,非高峰,2015-03-06,2015年3月6日,小雨 /小雨,5℃ / 3℃,东北风 ≤3级 /东北风 ≤3级,小雨,小雨,5,3,东北风,≤3级,东北风,≤3级,night
2015-03-07 00:00:00,绿园小区,7、未按规定让行的 ,负全部责任,不负责任,1,贵HL8577,白色,1,贵AU8632,白色,全林驾校,顺一驾驶培训学校,2013/9/13 0:00,2011/6/22 0:00,蒙迪欧牌,喜马牌,366246000000000000 ,366046000000000000 ,197605,198412,0,5,3,工作日,非高峰,2015-03-07,2015年3月7日,阴 /小雨,10℃ / 5℃,东风 ≤3级 /东南风 ≤3级,阴,小雨,10,5,东风,≤3级,东南风,≤3级,night
2015-03-06 20:10:00,北京路,7、未按规定让行的 ,负全部责任,不负责任,1,贵A5AP79,白,1,贵AAC998,银,市交校,时法驾校,2011/11/25 0:00,2006/4/17 0:00,北京牌,马自达牌,366667000000000000 ,364548000000000000 ,198504,196103,20,4,3,工作日,非高峰,2015-03-06,2015年3月6日,小雨 /小雨,5℃ / 3℃,东北风 ≤3级 /东北风 ≤3级,小雨,小雨,5,3,东北风,≤3级,东北风,≤3级,night
2015-03-06 18:00:00,花果园立交,1、追尾的,负全部责任,不负责任,1,贵AAV318,白色,1,贵ABG126,白色,自培,自培,2004/1/30 0:00,2007/9/3 0:00,江铃牌,嘉年华牌,354563000000000000 ,357046000000000000 ,195709,197102,18,4,3,工作日,晚高峰(17-19点),2015-03-06,2015年3月6日,小雨 /小雨,5℃ / 3℃,东北风 ≤3级 /东北风 ≤3级,小雨,小雨,5,3,东北风,≤3级,东北风,≤3级,day
2015-03-06 16:28:00,金珠路,1、追尾的,负全部责任,不负责任,1,贵A6AW79,银,1,贵A34X28,银,自培,-1,2000/5/17 0:00,-1,北京现代牌,理念牌,364558000000000000 ,364457000000000000 ,198203,197610,16,4,3,工作日,非高峰,2015-03-06,2015年3月6日,小雨 /小雨,5℃ / 3℃,东北风 ≤3级 /东北风 ≤3级,小雨,小雨,5,3,东北风,≤3级,东北风,≤3级,day
2015-03-06 16:10:00,钱春路,1、追尾的,负全部责任,不负责任,1,贵AC3179,蓝,1,贵AU1376,绿,自培,520129,2001/4/6 0:00,2009/1/6 0:00,力帆牌,银钢牌,366575000000000000 ,366367000000000000 ,196605,196704,16,4,3,工作日,非高峰,2015-03-06,2015年3月6日,小雨 /小雨,5℃ / 3℃,东北风 ≤3级 /东北风 ≤3级,小雨,小雨,5,3,东北风,≤3级,东北风,≤3级,day
2015-03-06 15:55:00,前临山路,3、倒车的,负全部责任,不负责任,1,贵A81Y36,红,1,贵A7676G,黄,铁二局驾校,十一培,2012/6/21 0:00,1997/7/11 0:00,理念牌,东风雪铁龙牌,364557000000000000 ,364557000000000000 ,198510,197610,15,4,3,工作日,非高峰,2015-03-06,2015年3月6日,小雨 /小雨,5℃ / 3℃,东北风 ≤3级 /东北风 ≤3级,小雨,小雨,5,3,东北风,≤3级,东北风,≤3级,day
2015-03-06 18:10:00,双峰路,3、倒车的,负全部责任,不负责任,1,贵GQ9317,白色,1,贵APF768,白色,消防驾校,十一培,2013/3/8 0:00,1999/8/28 0:00,黄海牌,福克斯牌,354267000000000000 ,364548000000000000 ,198906,197611,18,4,3,工作日,晚高峰(17-19点),2015-03-06,2015年3月6日,小雨 /小雨,5℃ / 3℃,东北风 ≤3级 /东北风 ≤3级,小雨,小雨,5,3,东北风,≤3级,东北风,≤3级,day
2015-03-06 18:00:00,长江路,1、追尾的,负全部责任,不负责任,1,贵A8BV87,黑色,1,贵A87X18,白色,自培,十一培,2006/12/22 0:00,1996/12/19 0:00,东风标致牌,雅阁牌,364548000000000000 ,364548000000000000 ,195609,195901,18,4,3,工作日,晚高峰(17-19点),2015-03-06,2015年3月6日,小雨 /小雨,5℃ / 3℃,东北风 ≤3级 /东北风 ≤3级,小雨,小雨,5,3,东北风,≤3级,东北风,≤3级,day
2015-03-06 16:27:00,水口寺,7、未按规定让行的 ,负全部责任,不负责任,1,贵A6256M,白色,1,贵A44V17,白色,（花溪区）高新十七驾驶培训有限公司,自培,2005/11/30 0:00,2003/9/12 0:00,神龙-富康牌,丰田牌,366061000000000000 ,354767000000000000 ,197812,198001,16,4,3,工作日,非高峰,2015-03-06,2015年3月6日,小雨 /小雨,5℃ / 3℃,东北风 ≤3级 /东北风 ≤3级,小雨,小雨,5,3,东北风,≤3级,东北风,≤3级,day
2015-03-07 07:00:00,延安东路,1、追尾的,负全部责任,不负责任,1,贵AW7302,白色,1,贵A63M28,白色,新天驾校,自培,2012/3/22 0:00,2009/5/5 0:00,雅阁牌,长城牌,364557000000000000 ,364548000000000000 ,198908,197905,7,5,3,工作日,早高峰(7-9点),2015-03-07,2015年3月7日,阴 /小雨,10℃ / 5℃,东风 ≤3级 /东南风 ≤3级,阴,小雨,10,5,东风,≤3级,东南风,≤3级,day
2015-03-07 15:20:00,花果园,8、依法应负全责的其他情形,负全部责任,不负责任,1,贵A883F9,银,1,藏AK8385,银,纳雍县顺达汽车驾驶培训有限公司,-1,2012/3/7 0:00,-1,华神牌,中能牌,366063000000000000 ,276570000000000000 ,198812,196501,15,5,3,工作日,非高峰,2015-03-07,2015年3月7日,阴 /小雨,10℃ / 5℃,东风 ≤3级 /东南风 ≤3级,阴,小雨,10,5,东风,≤3级,东南风,≤3级,day
2015-03-07 10:30:00,碧海花园,5、开关车门的,负全部责任,不负责任,1,贵A98A86,白,1,贵AVM381,黑,-1,-1,-1,-1,福克斯牌,斯柯达牌,3667510000000000 ,366846000000000000 ,570413,191906,10,5,3,工作日,非高峰,2015-03-07,2015年3月7日,阴 /小雨,10℃ / 5℃,东风 ≤3级 /东南风 ≤3级,阴,小雨,10,5,东风,≤3级,东南风,≤3级,day
2015-03-07 10:00:00,冷库停车场,8、依法应负全责的其他情形,负全部责任,不负责任,1,贵A77R54,白色,1,贵AEZ246,白色,-1,520131,-1,2010/1/7 0:00,金旅牌,北京牌,356166000000000000 ,724561000000000000 ,196703,199012,10,5,3,工作日,非高峰,2015-03-07,2015年3月7日,阴 /小雨,10℃ / 5℃,东风 ≤3级 /东南风 ≤3级,阴,小雨,10,5,东风,≤3级,东南风,≤3级,day
2015-03-07 10:15:00,兴筑路,7、未按规定让行的 ,负全部责任,不负责任,1,贵AR9787,蓝,1,贵JV0688,银,-1,-1,-1,-1,东风标致牌,思域牌,364546000000000 ,366876000000000000 ,590110,198007,10,5,3,工作日,非高峰,2015-03-07,2015年3月7日,阴 /小雨,10℃ / 5℃,东风 ≤3级 /东南风 ≤3级,阴,小雨,10,5,东风,≤3级,东南风,≤3级,day
2015-03-07 11:00:00,西二环,7、未按规定让行的 ,负全部责任,不负责任,1,贵A71151,蓝,1,贵A26F66,银,铁二局驾校,景宏驾校,2014/10/22 0:00,2012/4/9 0:00,大地牌,明锐牌,354543000000000000 ,364547000000000000 ,197012,198903,11,5,3,工作日,非高峰,2015-03-07,2015年3月7日,阴 /小雨,10℃ / 5℃,东风 ≤3级 /东南风 ≤3级,阴,小雨,10,5,东风,≤3级,东南风,≤3级,day
2015-03-07 08:00:00,世纪金源,3、倒车的,负全部责任,不负责任,0,贵A38B25,白,1,贵A5851W,银,顺一驾驶培训学校,铁二局驾校,2012/6/15 0:00,2013/7/22 0:00,雪佛兰牌,丰田牌,364558000000000000 ,364548000000000000 ,198605,198002,8,5,3,工作日,早高峰(7-9点),2015-03-07,2015年3月7日,阴 /小雨,10℃ / 5℃,东风 ≤3级 /东南风 ≤3级,阴,小雨,10,5,东风,≤3级,东南风,≤3级,day
2015-03-07 09:00:00,遵义路,7、未按规定让行的 ,负全部责任,不负责任,1,贵AAU307,白色,1,贵AAR905,白色,-1,市交校,-1,2004/9/20 0:00,东风牌,长安牌,36454700000000000 ,366875000000000000 ,197307,197207,9,5,3,工作日,早高峰(7-9点),2015-03-07,2015年3月7日,阴 /小雨,10℃ / 5℃,东风 ≤3级 /东南风 ≤3级,阴,小雨,10,5,东风,≤3级,东南风,≤3级,day
2015-03-07 11:40:00,三桥,7、未按规定让行的 ,负全部责任,不负责任,1,贵A37H36,黑,1,贵AHE853,银,自培,自培,2007/7/30 0:00,2011/7/5 0:00,大众汽车牌,雪佛兰牌,366361000000000000 ,364066000000000000 ,198112,199101,11,5,3,工作日,非高峰,2015-03-07,2015年3月7日,阴 /小雨,10℃ / 5℃,东风 ≤3级 /东南风 ≤3级,阴,小雨,10,5,东风,≤3级,东南风,≤3级,day
2015-03-07 09:30:00,东站,1、追尾的,负全部责任,不负责任,1,贵ARB77,白色,1,贵GL2695,白色,-1,顺庆驾校,-1,-1,-1,起亚牌,366875000000000000 ,356166000000000000 ,198909,196804,9,5,3,工作日,早高峰(7-9点),2015-03-07,2015年3月7日,阴 /小雨,10℃ / 5℃,东风 ≤3级 /东南风 ≤3级,阴,小雨,10,5,东风,≤3级,东南风,≤3级,day
2015-03-07 11:30:00,建设南路,8、依法应负全责的其他情形,负全部责任,不负责任,1,渝BE5378,黑,1,贵CKX387,黑,-1,吉源驾校,-1,2012/9/16 0:00,无,众泰牌,364648000000000000 ,366563000000000000 ,197540,199104,11,5,3,工作日,非高峰,2015-03-07,2015年3月7日,阴 /小雨,10℃ / 5℃,东风 ≤3级 /东南风 ≤3级,阴,小雨,10,5,东风,≤3级,东南风,≤3级,day
2015-03-07 11:00:00,金关,8、依法应负全责的其他情形,负全部责任,不负责任,1,贵FV2993,银,1,贵BI6649,白,吉源驾校,-1,2014/8/27 0:00,-1,北京现代牌,-1,366364000000000000 ,64547500000000000 ,196803,197401,11,5,3,工作日,非高峰,2015-03-07,2015年3月7日,阴 /小雨,10℃ / 5℃,东风 ≤3级 /东南风 ≤3级,阴,小雨,10,5,东风,≤3级,东南风,≤3级,day
2015-03-07 08:35:00,四通街,3、倒车的,负全部责任,不负责任,1,贵F65393,白色,1,贵A98N42,白色,自培,时发驾校,2010/12/28 0:00,2012/8/2 0:00,大阳,丰田牌,366069000000000000 ,366268000000000000 ,198305,198511,8,5,3,工作日,早高峰(7-9点),2015-03-07,2015年3月7日,阴 /小雨,10℃ / 5℃,东风 ≤3级 /东南风 ≤3级,阴,小雨,10,5,东风,≤3级,东南风,≤3级,day
2015-03-07 14:57:00,金阳客站,1、追尾的,负全部责任,不负责任,1,贵A26556,银,1,贵A80946,银,自培,金大驾校,2005/8/24 0:00,2012/5/25 0:00,五菱牌,雅奇牌,354741000000000000 ,366061000000000000 ,196712,198808,14,5,3,工作日,非高峰,2015-03-07,2015年3月7日,阴 /小雨,10℃ / 5℃,东风 ≤3级 /东南风 ≤3级,阴,小雨,10,5,东风,≤3级,东南风,≤3级,day
2015-03-07 10:39:00,观水路,8、依法应负全责的其他情形,负全部责任,不负责任,1,贵AAE958,蓝,1,贵AN4991,银,无,十一培,2008/4/1 0:00,1999/8/17 0:00,蒙迪欧牌,宝马牌,74247500000000000 ,364547000000000000 ,197006,198003,10,5,3,工作日,非高峰,2015-03-07,2015年3月7日,阴 /小雨,10℃ / 5℃,东风 ≤3级 /东南风 ≤3级,阴,小雨,10,5,东风,≤3级,东南风,≤3级,day