accidenttime,accidentaddr,driver1fault,driver1responsibility,driver2responsibility,sex1,platenumber1,carcolor1,sex2,platenumber2,carcolor2,jxmc1,jxmc2,cclzrq1,cclzrq2,clpp1,clpp2,driver1license,driver2license,brith1,brith2,hour,weekday,month,is_weekday,peak_hour,date,日期,天气状况,气温,风力风向,day_wea,night_wea,day_tep,night_tep,day_wind_direction,day_wind_speed,night_wind_direction,night_wind_speed,segment
2015-03-07 09:30:00,山水黔城,7、未按规定让行的 ,负全部责任,不负责任,1,贵AFB113,白色,1,贵AD0973,白色,520116,十一培,2003/8/15 0:00,1998/11/3 0:00,江铃牌,豪爵牌,364547000000000000 ,364547000000000000 ,196701,196906,9,5,3,工作日,早高峰(7-9点),2015-03-07,2015年3月7日,阴 /小雨,10℃ / 5℃,东风 ≤3级 /东南风 ≤3级,阴,小雨,10,5,东风,≤3级,东南风,≤3级,day
2015-03-07 14:30:00,八匹马,7、未按规定让行的 ,负全部责任,不负责任,1,贵AB181C,银,1,贵AU6314,红,-1,十一培,-1,1997/2/4 0:00,思域牌,恒通客车牌,364557000000000000 ,364558000000000000 ,198906,197310,14,5,3,工作日,非高峰,2015-03-07,2015年3月7日,阴 /小雨,10℃ / 5℃,东风 ≤3级 /东南风 ≤3级,阴,小雨,10,5,东风,≤3级,东南风,≤3级,day
2015-03-07 10:00:00,六广门,3、倒车的,负全部责任,不负责任,1,贵APA386,银,1,贵A65C44,白,自培,自培,1998/2/9 0:00,2007/10/24 0:00,昌河牌,威志牌,364548000000000000 ,4640520000000000 ,194511,197512,10,5,3,工作日,非高峰,2015-03-07,2015年3月7日,阴 /小雨,10℃ / 5℃,东风 ≤3级 /东南风 ≤3级,阴,小雨,10,5,东风,≤3级,东南风,≤3级,day
2015-03-07 07:30:00,延安东路,7、未按规定让行的 ,负全部责任,不负责任,1,贵AU9971,白色,1,贵A66L95,灰色,自培,自培,2010/12/30 0:00,2013/9/16 0:00,豪爵牌,别克牌,74667500000000000 ,364547000000000000 ,198808,199201,7,5,3,工作日,早高峰(7-9点),2015-03-07,2015年3月7日,阴 /小雨,10℃ / 5℃,东风 ≤3级 /东南风 ≤3级,阴,小雨,10,5,东风,≤3级,东南风,≤3级,day
2015-03-07 11:30:00,黄河路,8、依法应负全责的其他情形,负全部责任,不负责任,1,粤S881AJ,白色,1,贵A23Y36,白色,自培,自培,2014/1/17 0:00,2000/12/18 0:00,北京现代牌,雪佛兰牌,726577000000000000 ,364547000000000000 ,197611,197204,11,5,3,工作日,非高峰,2015-03-07,2015年3月7日,阴 /小雨,10℃ / 5℃,东风 ≤3级 /东南风 ≤3级,阴,小雨,10,5,东风,≤3级,东南风,≤3级,day
2015-03-07 10:30:00,太慈桥,3、倒车的,负全部责任,不负责任,1,贵AT6866,白色,1,贵ABP294,白色,自培,自培,2001/12/24 0:00,2004/9/7 0:00,嘉陵牌,骐达牌,364547000000000000 ,364547000000000000 ,197510,198208,10,5,3,工作日,非高峰,2015-03-07,2015年3月7日,阴 /小雨,10℃ / 5℃,东风 ≤3级 /东南风 ≤3级,阴,小雨,10,5,东风,≤3级,东南风,≤3级,day
2015-03-07 13:47:00,碧海花园,7、未按规定让行的 ,负全部责任,不负责任,1,贵A42Y36,黑,0,贵A23X79,白,消防驾校,诚信驾驶培训学校,2012/12/18 0:00,2012/3/6 0:00,朗逸牌,别克牌,354268000000000000 ,36455651834965476X,197005,197508,13,5,3,工作日,非高峰,2015-03-07,2015年3月7日,阴 /小雨,10℃ / 5℃,东风 ≤3级 /东南风 ≤3级,阴,小雨,10,5,东风,≤3级,东南风,≤3级,day
2015-03-07 14:17:00,达高桥,1、追尾的,负全部责任,不负责任,1,贵AL2447,黑,1,贵FM8445,黑,520134,预约考试窗口,2007/10/11 0:00,-1,豪爵牌,奥迪,357468000000000000 ,366064000000000000 ,198204,197511,14,5,3,工作日,非高峰,2015-03-07,2015年3月7日,阴 /小雨,10℃ / 5℃,东风 ≤3级 /东南风 ≤3级,阴,小雨,10,5,东风,≤3级,东南风,≤3级,day
2015-03-07 15:00:00,头桥,9、不符合前8款规定或者双方同时具有上述情形的,负同等责任,负同等责任,1,贵AM2028,红,0,贵CJZ731,银,自培,消防驾校,2014/11/12 0:00,2014/9/2 0:00,豪悦牌,江淮牌,366067000000000000 ,36656251825474586X,197008,197610,15,5,3,工作日,非高峰,2015-03-07,2015年3月7日,阴 /小雨,10℃ / 5℃,东风 ≤3级 /东南风 ≤3级,阴,小雨,10,5,东风,≤3级,东南风,≤3级,day
2015-03-07 12:50:00,香江路,8、依法应负全责的其他情形,负全部责任,不负责任,1,贵CBA302,黑色,1,贵AJM259,白色,（南明区）铁二局驾驶培训有限公司,市交校,2005/12/31 0:00,2004/9/27 0:00,江淮牌,荣威牌,366566000000000000 ,366361000000000000 ,196511,198208,12,5,3,工作日,非高峰,2015-03-07,2015年3月7日,阴 /小雨,10℃ / 5℃,东风 ≤3级 /东南风 ≤3级,阴,小雨,10,5,东风,≤3级,东南风,≤3级,day
2015-03-07 14:00:00,白景大道,1、追尾的,负全部责任,不负责任,1,贵JM0368,银,1,贵GQ0037,白,铜仁地区锦宏咨询服务有限公司驾驶培训学校,-1,2012/2/16 0:00,-1,名爵牌,福克斯牌,366670000000000000 ,陈德琴,198810,-1,14,5,3,工作日,非高峰,2015-03-07,2015年3月7日,阴 /小雨,10℃ / 5℃,东风 ≤3级 /东南风 ≤3级,阴,小雨,10,5,东风,≤3级,东南风,≤3级,day
2015-03-07 15:45:00,世纪园,8、依法应负全责的其他情形,负全部责任,不负责任,1,贵AU7758,蓝,1,贵AR1775,银,-1,-1,-1,-1,捷达牌,爱立新牌,3645480000000000 ,4365520000000000 ,190050,197212,15,5,3,工作日,非高峰,2015-03-07,2015年3月7日,阴 /小雨,10℃ / 5℃,东风 ≤3级 /东南风 ≤3级,阴,小雨,10,5,东风,≤3级,东南风,≤3级,day
2015-03-07 16:45:00,百花大道,8、依法应负全责的其他情形,负全部责任,不负责任,1,贵A889B5,蓝,1,贵A5557M,银,-1,长运驾校,-1,2013/7/30 0:00,解放牌,大地,724757000000000000 ,364568000000000000 ,198110,198610,16,5,3,工作日,非高峰,2015-03-07,2015年3月7日,阴 /小雨,10℃ / 5℃,东风 ≤3级 /东南风 ≤3级,阴,小雨,10,5,东风,≤3级,东南风,≤3级,day
2015-03-07 17:00:00,东门,7、未按规定让行的 ,负全部责任,不负责任,1,贵A8E082,白色,1,贵AU6207,白色,-1,自培,-1,2011/12/13 0:00,长安牌,黄海牌,344798000000000000 ,366064000000000000 ,199508,198704,17,5,3,工作日,晚高峰(17-19点),2015-03-07,2015年3月7日,阴 /小雨,10℃ / 5℃,东风 ≤3级 /东南风 ≤3级,阴,小雨,10,5,东风,≤3级,东南风,≤3级,day
2015-03-07 16:20:00,八匹马,7、未按规定让行的 ,负全部责任,不负责任,1,贵AUA537,白,0,贵A7A766,白,-1,-1,-1,-1,吉利美日牌,北京牌,36455800000000000 ,36455651964968637X,196510,198208,16,5,3,工作日,非高峰,2015-03-07,2015年3月7日,阴 /小雨,10℃ / 5℃,东风 ≤3级 /东南风 ≤3级,阴,小雨,10,5,东风,≤3级,东南风,≤3级,day
2015-03-07 16:00:00,友谊路,3、倒车的,负全部责任,不负责任,1,贵AEQ634,银,1,贵A63E72,白,吉源驾校,-1,2014/9/1 0:00,-1,科雷傲,北京现代牌,36454751984164207X,364648000000000000 ,198709,198503,16,5,3,工作日,非高峰,2015-03-07,2015年3月7日,阴 /小雨,10℃ / 5℃,东风 ≤3级 /东南风 ≤3级,阴,小雨,10,5,东风,≤3级,东南风,≤3级,day
2015-03-07 16:30:00,延安东路,1、追尾的,负全部责任,不负责任,1,贵AW7302,白色,1,贵AG4963,白色,新天驾校,阳光驾校,2012/3/22 0:00,2011/9/27 0:00,雅阁牌,银翔牌,364557000000000000 ,364557000000000000 ,198908,197812,16,5,3,工作日,非高峰,2015-03-07,2015年3月7日,阴 /小雨,10℃ / 5℃,东风 ≤3级 /东南风 ≤3级,阴,小雨,10,5,东风,≤3级,东南风,≤3级,day
2015-03-07 12:33:00,金清大道,1、追尾的,负全部责任,不负责任,1,贵AEA005,银,1,贵GT1422,银,自培,-1,2011/10/11 0:00,-1,五菱牌,长安牌,366068000000000000 ,366363000000000000 ,199303,196409,12,5,3,工作日,非高峰,2015-03-07,2015年3月7日,阴 /小雨,10℃ / 5℃,东风 ≤3级 /东南风 ≤3级,阴,小雨,10,5,东风,≤3级,东南风,≤3级,day
2015-03-07 13:50:00,乌当,1、追尾的,负全部责任,不负责任,0,贵APK586,黑,1,贵DX7117,红,自培,-1,2001/11/20 0:00,-1,北京现代牌,东风标致牌,364557000000000000 ,366670000000000000 ,196604,199110,13,5,3,工作日,非高峰,2015-03-07,2015年3月7日,阴 /小雨,10℃ / 5℃,东风 ≤3级 /东南风 ≤3级,阴,小雨,10,5,东风,≤3级,东南风,≤3级,day
2015-03-07 14:45:00,火车站,3、倒车的,负全部责任,不负责任,1,贵A47R28,白色,1,贵APF921,白色,自培,自培,1986/5/25 0:00,2004/11/9 0:00,哈飞牌,夏利牌,36454751274663567X,366064000000000000 ,196302,197810,14,5,3,工作日,非高峰,2015-03-07,2015年3月7日,阴 /小雨,10℃ / 5℃,东风 ≤3级 /东南风 ≤3级,阴,小雨,10,5,东风,≤3级,东南风,≤3级,day
2015-03-07 17:40:00,太慈桥,9、不符合前8款规定或者双方同时具有上述情形的,负同等责任,负同等责任,1,贵A43Y49,红,1,贵AU5782,绿,-1,自培,-1,2002/9/16 0:00,东风标致牌,豪爵牌,364555000000000000 ,366067000000000000 ,319581,198009,17,5,3,工作日,晚高峰(17-19点),2015-03-07,2015年3月7日,阴 /小雨,10℃ / 5℃,东风 ≤3级 /东南风 ≤3级,阴,小雨,10,5,东风,≤3级,东南风,≤3级,day
2015-03-07 15:10:00,大洼路,8、依法应负全责的其他情形,负全部责任,不负责任,1,贵A7948V,银,1,贵AU5399,蓝,自培,自培,2013/11/19 0:00,2001/7/31 0:00,金旅牌,捷达牌,366566000000000000 ,366364000000000000 ,198610,195708,15,5,3,工作日,非高峰,2015-03-07,2015年3月7日,阴 /小雨,10℃ / 5℃,东风 ≤3级 /东南风 ≤3级,阴,小雨,10,5,东风,≤3级,东南风,≤3级,day
2015-03-07 17:57:00,茶店, ,负全部责任,不负责任,1,川AE3247,白,1,贵A09496,黑,自培,-1,2001/3/28 0:00,-1,嘉陵牌,长安,355496000000000000 ,36454700000000 ,198103,90,17,5,3,工作日,晚高峰(17-19点),2015-03-07,2015年3月7日,阴 /小雨,10℃ / 5℃,东风 ≤3级 /东南风 ≤3级,阴,小雨,10,5,东风,≤3级,东南风,≤3级,day
2015-03-07 15:03:00,宝山南路,1、追尾的,负全部责任,不负责任,1,贵A6BV79,黑,1,贵A34L98,黑,（南明区）现代驾驶培训有限公司,十一培,2008/1/17 0:00,1996/8/25 0:00,东风日产牌,别克牌,366870000000000000 ,35454751834662475X,198811,197502,15,5,3,工作日,非高峰,2015-03-07,2015年3月7日,阴 /小雨,10℃ / 5℃,东风 ≤3级 /东南风 ≤3级,阴,小雨,10,5,东风,≤3级,东南风,≤3级,day
2015-03-07 13:30:00,花溪大道,7、未按规定让行的 ,负全部责任,不负责任,1,贵ATK944,银,1,贵AMV273,银,毕节地区黔中汽车(摩托车)驾驶培训学校,十一培,2012/1/20 0:00,1997/4/17 0:00,别克牌,雪佛兰牌,366068000000000000 ,364547000000000000 ,198908,197201,13,5,3,工作日,非高峰,2015-03-07,2015年3月7日,阴 /小雨,10℃ / 5℃,东风 ≤3级 /东南风 ≤3级,阴,小雨,10,5,东风,≤3级,东南风,≤3级,day
2015-03-07 13:20:00,北京西路,8、依法应负全责的其他情形,负全部责任,不负责任,1,贵ARG762,蓝,1,贵AU6223,绿,自培,十一培,2001/9/17 0:00,1987/8/27 0:00,思威牌,新感觉牌,364548000000000000 ,364548000000000000 ,195509,196312,13,5,3,工作日,非高峰,2015-03-07,2015年3月7日,阴 /小雨,10℃ / 5℃,东风 ≤3级 /东南风 ≤3级,阴,小雨,10,5,东风,≤3级,东南风,≤3级,day
2015-03-07 17:00:00,花果园,7、未按规定让行的 ,负全部责任,不负责任,1,贵AU8101,黑色,1,贵APB104,灰色,自培,十一培,2011/1/30 0:00,1993/6/27 0:00,嘉陵牌,海马牌,364547000000000000 ,364547000000000000 ,198811,196311,17,5,3,工作日,晚高峰(17-19点),2015-03-07,2015年3月7日,阴 /小雨,10℃ / 5℃,东风 ≤3级 /东南风 ≤3级,阴,小雨,10,5,东风,≤3级,东南风,≤3级,day
2015-03-07 14:40:00,林城西路,7、未按规定让行的 ,负全部责任,不负责任,1,贵A13V18,黑,1,贵AR4081,银,自培,十一培,2015/2/10 0:00,1992/7/2 0:00,北京现代牌,隆鑫牌,366568000000000000 ,364557000000000000 ,199506,196610,14,5,3,工作日,非高峰,2015-03-07,2015年3月7日,阴 /小雨,10℃ / 5℃,东风 ≤3级 /东南风 ≤3级,阴,小雨,10,5,东风,≤3级,东南风,≤3级,day
2015-03-07 12:20:00,朝阳路口,7、未按规定让行的 ,负全部责任,不负责任,1,贵JPM216,白色,1,贵A52X19,黑色,自培,十一培,2010/12/17 0:00,1993/9/28 0:00,-1,起亚牌,366064000000000000 ,364548000000000000 ,198510,197308,12,5,3,工作日,非高峰,2015-03-07,2015年3月7日,阴 /小雨,10℃ / 5℃,东风 ≤3级 /东南风 ≤3级,阴,小雨,10,5,东风,≤3级,东南风,≤3级,day
2015-03-07 17:00:00,甲秀南路,1、追尾的,负全部责任,不负责任,1,贵A2557E,黑色,1,EM588792,白色,自培,自培,2004/8/10 0:00,2004/12/27 0:00,时风牌,\N,366368000000000000 ,366577000000000000 ,198412,198312,17,5,3,工作日,晚高峰(17-19点),2015-03-07,2015年3月7日,阴 /小雨,10℃ / 5℃,东风 ≤3级 /东南风 ≤3级,阴,小雨,10,5,东风,≤3级,东南风,≤3级,day
2015-03-07 15:35:00,白云白路,7、未按规定让行的 ,负全部责任,不负责任,1,贵A2839G,白,1,贵A1584B,红,景宏驾校,路路达驾校,2012/11/13 0:00,2014/9/2 0:00,长安牌,哈飞牌,366661000000000000 ,364566000000000000 ,198111,198602,15,5,3,工作日,非高峰,2015-03-07,2015年3月7日,阴 /小雨,10℃ / 5℃,东风 ≤3级 /东南风 ≤3级,阴,小雨,10,5,东风,≤3级,东南风,≤3级,day
2015-03-07 15:20:00,金阳南路,8、依法应负全责的其他情形,负全部责任,不负责任,1,贵A1394G,黑,1,渝C92T18,黑,自培,黔南金都汽车驾驶学校,2009/5/20 0:00,2014/8/4 0:00,吉利牌,东风日产牌,366368000000000000 ,364548000000000000 ,197701,199011,15,5,3,工作日,非高峰,2015-03-07,2015年3月7日,阴 /小雨,10℃ / 5℃,东风 ≤3级 /东南风 ≤3级,阴,小雨,10,5,东风,≤3级,东南风,≤3级,day
2015-03-07 15:50:00,八匹马,7、未按规定让行的 ,负全部责任,不负责任,1,贵AJM781,红,0,贵ALH718,银,黔丰驾校,-1,2014/4/30 0:00,-1,东风牌,解放,366069000000000000 ,74765500000000000 ,199412,199008,15,5,3,工作日,非高峰,2015-03-07,2015年3月7日,阴 /小雨,10℃ / 5℃,东风 ≤3级 /东南风 ≤3级,阴,小雨,10,5,东风,≤3级,东南风,≤3级,day
2015-03-07 21:00:00,北京路,7、未按规定让行的 ,负全部责任,不负责任,1,贵DA4905,白,1,贵AN1601,蓝,-1,520123,-1,2010/4/20 0:00,长安,黄河牌,36666051155460405X,364548000000000000 ,199110,197210,21,5,3,工作日,非高峰,2015-03-07,2015年3月7日,阴 /小雨,10℃ / 5℃,东风 ≤3级 /东南风 ≤3级,阴,小雨,10,5,东风,≤3级,东南风,≤3级,night
2015-03-08 01:30:00,小河平桥,7、未按规定让行的 ,负全部责任,不负责任,1,浙C6PQ33,白色,1,贵AA474K,黑色,-1,520106,-1,2007/12/4 0:00,东南牌,奇瑞,344678000000000000 ,366667000000000000 ,199106,197604,1,6,3,周末,非高峰,2015-03-08,2015年3月8日,小雨 /阴,11℃ / 6℃,东北风 ≤3级 /东北风 ≤3级,小雨,阴,11,6,东北风,≤3级,东北风,≤3级,night
2015-03-07 22:20:00,纪念塔,7、未按规定让行的 ,负全部责任,不负责任,1,贵A96M58,白,1,贵AUA804,白,自培,新天驾校,2000/7/14 0:00,2010/11/22 0:00,丰田牌,大众牌,364548000000000000 ,364568000000000000 ,197705,199109,22,5,3,工作日,非高峰,2015-03-07,2015年3月7日,阴 /小雨,10℃ / 5℃,东风 ≤3级 /东南风 ≤3级,阴,小雨,10,5,东风,≤3级,东南风,≤3级,night
2015-03-07 19:50:00,白杨林,7、未按规定让行的 ,负全部责任,不负责任,1,贵A43N22,银,1,贵AA462R,红,自培,消防驾校,2001/1/29 0:00,2011/7/29 0:00,大众牌,江淮牌,364557000000000000 ,364596000000000000 ,198212,198507,19,5,3,工作日,晚高峰(17-19点),2015-03-07,2015年3月7日,阴 /小雨,10℃ / 5℃,东风 ≤3级 /东南风 ≤3级,阴,小雨,10,5,东风,≤3级,东南风,≤3级,day
2015-03-07 18:40:00,大营坡,7、未按规定让行的 ,负全部责任,不负责任,1,贵A45E31,黑,1,贵AZ6562,黑,自培,其他,2006/8/24 0:00,2007/11/19 0:00,大众汽车牌,嘉陵牌,364548000000000000 ,364548000000000000 ,198510,198405,18,5,3,工作日,晚高峰(17-19点),2015-03-07,2015年3月7日,阴 /小雨,10℃ / 5℃,东风 ≤3级 /东南风 ≤3级,阴,小雨,10,5,东风,≤3级,东南风,≤3级,day
2015-03-07 21:10:00,西二环,3、倒车的,负全部责任,不负责任,1,贵A259C7,银,0,贵A205D7,黑,自培,自培,2003/4/18 0:00,2011/10/13 0:00,福田牌,东风牌,77460500000000000 ,376570000000000000 ,197806,198703,21,5,3,工作日,非高峰,2015-03-07,2015年3月7日,阴 /小雨,10℃ / 5℃,东风 ≤3级 /东南风 ≤3级,阴,小雨,10,5,东风,≤3级,东南风,≤3级,night
2015-03-07 21:00:00,财校,7、未按规定让行的 ,负全部责任,不负责任,1,贵AKU109,银,1,贵A36F24,黑,自培,全林驾校,2000/8/21 0:00,2013/7/2 0:00,巡洋舰,明锐牌,366361000000000000 ,704866000000000000 ,196810,198102,21,5,3,工作日,非高峰,2015-03-07,2015年3月7日,阴 /小雨,10℃ / 5℃,东风 ≤3级 /东南风 ≤3级,阴,小雨,10,5,东风,≤3级,东南风,≤3级,night
2015-03-07 18:05:00,长岭南路,7、未按规定让行的 ,负全部责任,不负责任,1,贵JBS993,黑,1,贵A0037T,红,自培,-1,2004/4/10 0:00,-1,别克牌,夏利,366563000000000000 ,364596000000000000 ,198104,198704,18,5,3,工作日,晚高峰(17-19点),2015-03-07,2015年3月7日,阴 /小雨,10℃ / 5℃,东风 ≤3级 /东南风 ≤3级,阴,小雨,10,5,东风,≤3级,东南风,≤3级,day
2015-03-07 16:30:00,二浦,8、依法应负全责的其他情形,负全部责任,不负责任,0,贵AJU822,红,1,贵AT5763,绿,贵州省长安驾驶培训学校,十一培,2010/11/18 0:00,1997/8/11 0:00,东风雪铁龙牌,金龙牌,364548000000000000 ,366361000000000000 ,198211,197903,16,5,3,工作日,非高峰,2015-03-07,2015年3月7日,阴 /小雨,10℃ / 5℃,东风 ≤3级 /东南风 ≤3级,阴,小雨,10,5,东风,≤3级,东南风,≤3级,day
2015-03-07 18:00:00,沙冲路,7、未按规定让行的 ,负全部责任,不负责任,1,贵A28089,白色,1,贵AL4342,白色,消防驾校,十一培,1994/2/24 0:00,1985/9/10 0:00,嘉陵牌,五羊-本田牌,357046000000000000 ,364547000000000000 ,197112,195707,18,5,3,工作日,晚高峰(17-19点),2015-03-07,2015年3月7日,阴 /小雨,10℃ / 5℃,东风 ≤3级 /东南风 ≤3级,阴,小雨,10,5,东风,≤3级,东南风,≤3级,day
2015-03-07 20:00:00,解放路,3、倒车的,负全部责任,不负责任,1,贵A57S86,白色,1,贵ATW391,黑色,自培,十一培,2007/8/23 0:00,1996/9/10 0:00,福特牌,宝马,4543510000000000 ,364547000000000000 ,196910,195811,20,5,3,工作日,非高峰,2015-03-07,2015年3月7日,阴 /小雨,10℃ / 5℃,东风 ≤3级 /东南风 ≤3级,阴,小雨,10,5,东风,≤3级,东南风,≤3级,night
2015-03-07 17:00:00,白云区,7、未按规定让行的 ,负全部责任,不负责任,1,贵A94444,绿,1,贵A891A9,银,-1,自培,1977/10/7 0:00,2006/11/8 0:00,金龙牌,长安牌,364548000000000000 ,355266000000000000 ,195711,198403,17,5,3,工作日,晚高峰(17-19点),2015-03-07,2015年3月7日,阴 /小雨,10℃ / 5℃,东风 ≤3级 /东南风 ≤3级,阴,小雨,10,5,东风,≤3级,东南风,≤3级,day
2015-03-07 16:10:00,富源路,1、追尾的,负全部责任,不负责任,1,贵A354F4,银,1,贵AR5701,银,（经开区）十一驾驶培训有限公司,自培,2007/12/17 0:00,2006/9/26 0:00,江淮牌,陆豪牌,366347000000000000 ,230564000000000000 ,197101,196912,16,5,3,工作日,非高峰,2015-03-07,2015年3月7日,阴 /小雨,10℃ / 5℃,东风 ≤3级 /东南风 ≤3级,阴,小雨,10,5,东风,≤3级,东南风,≤3级,day
2015-03-07 22:00:00,妇幼保健院,7、未按规定让行的 ,负全部责任,不负责任,1,贵AJ1277,黑,1,贵AVA198,银,-1,自培,-1,2011/12/13 0:00,东风标致牌,福克斯牌,36636800000000000 ,364596000000000000 ,197402,198003,22,5,3,工作日,非高峰,2015-03-07,2015年3月7日,阴 /小雨,10℃ / 5℃,东风 ≤3级 /东南风 ≤3级,阴,小雨,10,5,东风,≤3级,东南风,≤3级,night
2015-03-07 20:00:00,市北路,7、未按规定让行的 ,负全部责任,不负责任,1,贵AA2771,银,0,贵AM1131,白,贵州现代驾驶培训责任有限公司,自培,2014/7/15 0:00,2004/12/23 0:00,庆铃,丰田牌,366067000000000000 ,36454651205668402X,198601,196412,20,5,3,工作日,非高峰,2015-03-07,2015年3月7日,阴 /小雨,10℃ / 5℃,东风 ≤3级 /东南风 ≤3级,阴,小雨,10,5,东风,≤3级,东南风,≤3级,night
2015-03-07 16:40:00,金阳,9、不符合前8款规定或者双方同时具有上述情形的,负同等责任,负同等责任,1,粤XWY359,黑,1,贵HG1179,黑,自培,自培,2010/1/6 0:00,2003/7/11 0:00,比亚迪牌,起亚牌,66646500000000000 ,366346000000000000 ,196909,197007,16,5,3,工作日,非高峰,2015-03-07,2015年3月7日,阴 /小雨,10℃ / 5℃,东风 ≤3级 /东南风 ≤3级,阴,小雨,10,5,东风,≤3级,东南风,≤3级,day
2015-03-07 19:05:00,二浦,7、未按规定让行的 ,负全部责任,不负责任,1,贵A409D,白,1,贵A35K27,白,自培,自培,2001/12/7 0:00,2013/4/9 0:00,-1,大众汽车牌,724568000000000000 ,364548000000000000 ,198604,198902,19,5,3,工作日,晚高峰(17-19点),2015-03-07,2015年3月7日,阴 /小雨,10℃ / 5℃,东风 ≤3级 /东南风 ≤3级,阴,小雨,10,5,东风,≤3级,东南风,≤3级,day
2015-03-07 20:00:00,金阳,1、追尾的,负全部责任,不负责任,1,贵ALW046,白色,1,贵ATK597,白色,自培,自培,2004/6/28 0:00,2004/4/12 0:00,大通,晶锐牌,366567000000000000 ,364551000000000000 ,197212,198209,20,5,3,工作日,非高峰,2015-03-07,2015年3月7日,阴 /小雨,10℃ / 5℃,东风 ≤3级 /东南风 ≤3级,阴,小雨,10,5,东风,≤3级,东南风,≤3级,night
2015-03-08 10:00:00,狮子山,1、追尾的,负全部责任,不负责任,0,贵A23A81,黑,0,贵A99E83,蓝,-1,520116,-1,2009/1/19 0:00,思域牌,雪佛兰牌,36626951975640560Y,55454951834563185X,198312,197501,10,6,3,周末,非高峰,2015-03-08,2015年3月8日,小雨 /阴,11℃ / 6℃,东北风 ≤3级 /东北风 ≤3级,小雨,阴,11,6,东北风,≤3级,东北风,≤3级,day
2015-03-08 10:55:00,航天大道,1、追尾的,负全部责任,不负责任,1,贵CEP735,银,1,贵ATN295,白,遵义县惠民机动车驾驶培训学校,520107,-1,2009/9/16 0:00,奇瑞牌,欧蓝德,366566000000000000 ,366566000000000000 ,198909,198710,10,6,3,周末,非高峰,2015-03-08,2015年3月8日,小雨 /阴,11℃ / 6℃,东北风 ≤3级 /东北风 ≤3级,小雨,阴,11,6,东北风,≤3级,东北风,≤3级,day
2015-03-08 09:00:00,花溪,1、追尾的,负全部责任,不负责任,1,贵GQ8505,白色,1,贵GT5238,白色,铁二局驾校,黔丰驾校,2014/4/16 0:00,2014/7/20 0:00,东风日产牌,指南者,356376000000000000 ,655761000000000000 ,196908,198602,9,6,3,周末,早高峰(7-9点),2015-03-08,2015年3月8日,小雨 /阴,11℃ / 6℃,东北风 ≤3级 /东北风 ≤3级,小雨,阴,11,6,东北风,≤3级,东北风,≤3级,day
2015-03-08 11:00:00,开发大道,3、倒车的,负全部责任,不负责任,1,贵A76C43,黑色,1,贵A23F84,白色,（乌当区）全林驾驶培训有限公司,520101,2007/5/29 0:00,2010/10/29 0:00,科雷傲,大众牌,36454751384064605X,364547000000000000 ,195704,197512,11,6,3,周末,非高峰,2015-03-08,2015年3月8日,小雨 /阴,11℃ / 6℃,东北风 ≤3级 /东北风 ≤3级,小雨,阴,11,6,东北风,≤3级,东北风,≤3级,day
2015-03-08 10:00:00,永乐加油站,3、倒车的,负全部责任,不负责任,1,贵A857F5,银,1,贵HAY329,银,-1,黔西南州驾校,-1,2007/6/1 0:00,炎龙牌,别克牌,64297500000000000 ,366875000000000000 ,197201,198810,10,6,3,周末,非高峰,2015-03-08,2015年3月8日,小雨 /阴,11℃ / 6℃,东北风 ≤3级 /东北风 ≤3级,小雨,阴,11,6,东北风,≤3级,东北风,≤3级,day
2015-03-08 10:50:00,八匹马,1、追尾的,负全部责任,不负责任,1,贵GQC117,黑,1,贵AU3600,黑,正安县永昇驾驶培训学校,520134,-1,2007/12/11 0:00,-1,新大洲牌,366561000000000000 ,366561000000000000 ,197801,197207,10,6,3,周末,非高峰,2015-03-08,2015年3月8日,小雨 /阴,11℃ / 6℃,东北风 ≤3级 /东北风 ≤3级,小雨,阴,11,6,东北风,≤3级,东北风,≤3级,day
2015-03-08 11:30:00,花溪大道,7、未按规定让行的 ,负全部责任,不负责任,1,贵A24847,白色,1,贵A4006Y,白色,-1,大地驾校,-1,2007/2/28 0:00,豪爵牌,福克斯牌,366869000000000000 ,364556000000000000 ,198902,197002,11,6,3,周末,非高峰,2015-03-08,2015年3月8日,小雨 /阴,11℃ / 6℃,东北风 ≤3级 /东北风 ≤3级,小雨,阴,11,6,东北风,≤3级,东北风,≤3级,day
2015-03-08 09:05:00,贵惠大道,1、追尾的,负全部责任,不负责任,1,贵A01537,白色,1,贵A8061N,白色,（乌当区）新天驾驶培训有限公司,大方大山驾校,-1,-1,楚胜牌,蒙迪欧,36606351864946565X,366067000000000000 ,197208,198708,9,6,3,周末,早高峰(7-9点),2015-03-08,2015年3月8日,小雨 /阴,11℃ / 6℃,东北风 ≤3级 /东北风 ≤3级,小雨,阴,11,6,东北风,≤3级,东北风,≤3级,day
2015-03-08 08:16:00,北极西路,7、未按规定让行的 ,负全部责任,不负责任,1,贵A6CC96,黑,1,贵AEB898,黑,（南明区）铁二局驾驶培训有限公司,遵义市泥桥诚兴汽车驾驶培训学校,2008/10/7 0:00,2006/6/16 0:00,思铭牌,福克斯牌,355296000000000000 ,354847000000000000 ,198412,197806,8,6,3,周末,早高峰(7-9点),2015-03-08,2015年3月8日,小雨 /阴,11℃ / 6℃,东北风 ≤3级 /东北风 ≤3级,小雨,阴,11,6,东北风,≤3级,东北风,≤3级,day