accidenttime,accidentaddr,driver1fault,driver1responsibility,driver2responsibility,sex1,platenumber1,carcolor1,sex2,platenumber2,carcolor2,jxmc1,jxmc2,cclzrq1,cclzrq2,clpp1,clpp2,driver1license,driver2license,brith1,brith2,hour,weekday,month,is_weekday,peak_hour,date,日期,天气状况,气温,风力风向,day_wea,night_wea,day_tep,night_tep,day_wind_direction,day_wind_speed,night_wind_direction,night_wind_speed,segment
2015-03-08 12:00:00,白云区,1、追尾的,负全部责任,不负责任,1,贵AA753B,白,1,贵ASB259,红,520102,鑫鑫驾校,-1,2003/3/28 0:00,五菱牌,东风标致牌,366664000000000000 ,364558000000000000 ,198111,196810,12,6,3,周末,非高峰,2015-03-08,2015年3月8日,小雨 /阴,11℃ / 6℃,东北风 ≤3级 /东北风 ≤3级,小雨,阴,11,6,东北风,≤3级,东北风,≤3级,day
2015-03-08 04:00:00,南二环,1、追尾的,负全部责任,不负责任,1,贵A5F430,白色,1,贵A424D5,白色,高新驾校,-1,2012/4/6 0:00,-1,捷豹,江淮牌,366770000000000000 ,574363000000000000 ,199110,199008,4,6,3,周末,非高峰,2015-03-08,2015年3月8日,小雨 /阴,11℃ / 6℃,东北风 ≤3级 /东北风 ≤3级,小雨,阴,11,6,东北风,≤3级,东北风,≤3级,night
2015-03-08 10:30:00,花溪大道,7、未按规定让行的 ,负全部责任,不负责任,1,贵AJW046,白色,1,贵AU6323,白色,-1,520120,-1,2010/5/24 0:00,夏利,恒通客车牌,3645470000000000 ,364547000000000000 ,250321,199105,10,6,3,周末,非高峰,2015-03-08,2015年3月8日,小雨 /阴,11℃ / 6℃,东北风 ≤3级 /东北风 ≤3级,小雨,阴,11,6,东北风,≤3级,东北风,≤3级,day
2015-03-08 13:45:00,松山路,7、未按规定让行的 ,负全部责任,不负责任,0,贵A2BG72,黑,1,贵AU5936,绿,-1,520116,-1,2001/12/28 0:00,福特锐界,蜀都牌,366066000000000000 ,364548000000000000 ,196305,198010,13,6,3,周末,非高峰,2015-03-08,2015年3月8日,小雨 /阴,11℃ / 6℃,东北风 ≤3级 /东北风 ≤3级,小雨,阴,11,6,东北风,≤3级,东北风,≤3级,day
2015-03-08 14:40:00,金阳客车站,9、不符合前8款规定或者双方同时具有上述情形的,负全部责任,不负责任,1,贵A29Y43,白,1,贵AU1833,白,-1,-1,-1,-1,比亚迪牌,瑞麒牌,37657000000000000 ,364558000000000000 ,177062,196210,14,6,3,周末,非高峰,2015-03-08,2015年3月8日,小雨 /阴,11℃ / 6℃,东北风 ≤3级 /东北风 ≤3级,小雨,阴,11,6,东北风,≤3级,东北风,≤3级,day
2015-03-08 14:00:00,乌当,7、未按规定让行的 ,负全部责任,不负责任,0,贵A19B92,银,1,贵DE3793,白,吉源驾校,全林驾校,2014/11/3 0:00,2012/6/26 0:00,东风标致牌,大众汽车牌,366347000000000000 ,366664000000000000 ,198004,198205,14,6,3,周末,非高峰,2015-03-08,2015年3月8日,小雨 /阴,11℃ / 6℃,东北风 ≤3级 /东北风 ≤3级,小雨,阴,11,6,东北风,≤3级,东北风,≤3级,day
2015-03-08 13:30:00,中山东路,1、追尾的,负全部责任,不负责任,1,贵AU9913,蓝,1,贵A558C6,蓝,十一培,自培,1998/4/7 0:00,2011/5/27 0:00,喜马牌,长安牌,364548000000000000 ,364548000000000000 ,196911,196104,13,6,3,周末,非高峰,2015-03-08,2015年3月8日,小雨 /阴,11℃ / 6℃,东北风 ≤3级 /东北风 ≤3级,小雨,阴,11,6,东北风,≤3级,东北风,≤3级,day
2015-03-08 08:12:00,金阳步行街,8、依法应负全责的其他情形,负全部责任,不负责任,1,贵A9953G,银,1,贵A85G35,红,自培,全林驾校,2004/5/28 0:00,2012/7/18 0:00,五菱牌,思域牌,366067000000000000 ,36455651984261632X,197610,198706,8,6,3,周末,早高峰(7-9点),2015-03-08,2015年3月8日,小雨 /阴,11℃ / 6℃,东北风 ≤3级 /东北风 ≤3级,小雨,阴,11,6,东北风,≤3级,东北风,≤3级,day
2015-03-08 08:30:00,金竹路,7、未按规定让行的 ,负全部责任,不负责任,1,贵AN4922,白色,1,贵A1228N,白色,自培,（南明区）铁二局驾驶培训有限公司,2003/1/10 0:00,1998/5/16 0:00,东宏牌,长安牌,366364000000000000 ,364556000000000000 ,196603,197509,8,6,3,周末,早高峰(7-9点),2015-03-08,2015年3月8日,小雨 /阴,11℃ / 6℃,东北风 ≤3级 /东北风 ≤3级,小雨,阴,11,6,东北风,≤3级,东北风,≤3级,day
2015-03-08 15:00:00,翠柳路,7、未按规定让行的 ,负全部责任,不负责任,1,贵AMS896,白,1,贵AU7815,绿,-1,十一培,-1,1996/5/30 0:00,东风牌,金龙牌,366557000000000000 ,364548000000000000 ,197712,197112,15,6,3,周末,非高峰,2015-03-08,2015年3月8日,小雨 /阴,11℃ / 6℃,东北风 ≤3级 /东北风 ≤3级,小雨,阴,11,6,东北风,≤3级,东北风,≤3级,day
2015-03-08 08:30:00,金清路,1、追尾的,负全部责任,不负责任,0,贵A21921,白,1,贵A17P39,黑,520116,自培,1993/6/3 0:00,2002/7/12 0:00,梅赛德斯-奔驰E260,起亚牌,364547000000000000 ,366361000000000000 ,197509,197403,8,6,3,周末,早高峰(7-9点),2015-03-08,2015年3月8日,小雨 /阴,11℃ / 6℃,东北风 ≤3级 /东北风 ≤3级,小雨,阴,11,6,东北风,≤3级,东北风,≤3级,day
2015-03-08 11:00:00,太升机电城,8、依法应负全责的其他情形,负全部责任,不负责任,1,贵A64F33,黑,1,贵AG7147,黑,自培,自培,2014/1/9 0:00,2005/2/7 0:00,江铃全顺牌,东宏牌,575596000000000000 ,354668000000000000 ,199507,197009,11,6,3,周末,非高峰,2015-03-08,2015年3月8日,小雨 /阴,11℃ / 6℃,东北风 ≤3级 /东北风 ≤3级,小雨,阴,11,6,东北风,≤3级,东北风,≤3级,day
2015-03-08 14:05:00,都司路,7、未按规定让行的 ,负全部责任,不负责任,1,贵AA7106,银,1,贵ABV995,银,（南明区）市交通职业技术驾驶培训学校,蓝天驾校,2004/12/3 0:00,2014/4/21 0:00,五菱,丰田牌,36656751814042845X,355741000000000000 ,197904,199112,14,6,3,周末,非高峰,2015-03-08,2015年3月8日,小雨 /阴,11℃ / 6℃,东北风 ≤3级 /东北风 ≤3级,小雨,阴,11,6,东北风,≤3级,东北风,≤3级,day
2015-03-08 12:20:00,观水巷,8、依法应负全责的其他情形,负全部责任,不负责任,1,贵A75B27,银,0,贵A8E036,银,-1,大地驾校,-1,2004/12/28 0:00,丰田牌,东风雪铁龙牌,364546000000000 ,364547000000000000 ,631213,196511,12,6,3,周末,非高峰,2015-03-08,2015年3月8日,小雨 /阴,11℃ / 6℃,东北风 ≤3级 /东北风 ≤3级,小雨,阴,11,6,东北风,≤3级,东北风,≤3级,day
2015-03-08 12:00:00,白云北路,8、依法应负全责的其他情形,负全部责任,不负责任,1,贵FK9741,黑,1,贵A96494,红,-1,毕节地区宏强驾校,-1,-1,轰轰烈牌,解放牌,366068000000000000 ,366064000000000000 ,198210,198708,12,6,3,周末,非高峰,2015-03-08,2015年3月8日,小雨 /阴,11℃ / 6℃,东北风 ≤3级 /东北风 ≤3级,小雨,阴,11,6,东北风,≤3级,东北风,≤3级,day
2015-03-08 11:10:00,中山西路,7、未按规定让行的 ,负全部责任,不负责任,1,贵GQ5812,白,1,贵AF1769,黑,-1,预约考试窗口,-1,2006/11/9 0:00,起亚牌,蒙迪欧牌,364568000000000000 ,364557000000000000 ,198710,197601,11,6,3,周末,非高峰,2015-03-08,2015年3月8日,小雨 /阴,11℃ / 6℃,东北风 ≤3级 /东北风 ≤3级,小雨,阴,11,6,东北风,≤3级,东北风,≤3级,day
2015-03-08 14:00:00,春雷路,7、未按规定让行的 ,负全部责任,不负责任,0,贵ACC396,银,1,贵AZC533,银,-1,M004,-1,2012/1/10 0:00,梅赛德斯-奔驰牌,起亚牌,366063000000000000 ,364558000000000000 ,197405,199206,14,6,3,周末,非高峰,2015-03-08,2015年3月8日,小雨 /阴,11℃ / 6℃,东北风 ≤3级 /东北风 ≤3级,小雨,阴,11,6,东北风,≤3级,东北风,≤3级,day
2015-03-08 12:02:00,新添寨,7、未按规定让行的 ,负全部责任,不负责任,0,贵FX6826,红,1,贵AU2005,绿,青正驾校,520116,2014/6/4 0:00,2007/10/22 0:00,福克斯牌,宝来牌,364557000000000000 ,36455651885540585X,197511,197711,12,6,3,周末,非高峰,2015-03-08,2015年3月8日,小雨 /阴,11℃ / 6℃,东北风 ≤3级 /东北风 ≤3级,小雨,阴,11,6,东北风,≤3级,东北风,≤3级,day
2015-03-08 13:37:00,金阳南路,1、追尾的,负全部责任,不负责任,1,川FH6955,银,1,贵AUA486,黑,-1,消防驾校,-1,2011/3/16 0:00,东风雪铁龙牌,吉利美日牌,35424651845446724X,364557000000000000 ,197010,198708,13,6,3,周末,非高峰,2015-03-08,2015年3月8日,小雨 /阴,11℃ / 6℃,东北风 ≤3级 /东北风 ≤3级,小雨,阴,11,6,东北风,≤3级,东北风,≤3级,day
2015-03-08 11:19:00,中曹司大桥,1、追尾的,负全部责任,不负责任,1,贵CAC888,白色,1,湘E4EH69,白色,贵大佳德驾驶培训学校,贵州平安驾驶培训学校,2014/7/27 0:00,2011/9/30 0:00,东宏牌,\N,36606351104168155X,355266000000000000 ,199409,199210,11,6,3,周末,非高峰,2015-03-08,2015年3月8日,小雨 /阴,11℃ / 6℃,东北风 ≤3级 /东北风 ≤3级,小雨,阴,11,6,东北风,≤3级,东北风,≤3级,day
2015-03-08 15:30:00,白云南路,3、倒车的,负全部责任,不负责任,1,贵A97R24,黑,1,贵AB2571,银,-1,铁二局驾校,-1,2014/3/5 0:00,梅赛德斯-奔驰牌,雷克牌,36454800000000000 ,36456551985655597X,196705,198712,15,6,3,周末,非高峰,2015-03-08,2015年3月8日,小雨 /阴,11℃ / 6℃,东北风 ≤3级 /东北风 ≤3级,小雨,阴,11,6,东北风,≤3级,东北风,≤3级,day
2015-03-08 16:59:00,翠柳街,8、依法应负全责的其他情形,负全部责任,不负责任,1,贵AEE292,黑,1,贵A5250X,黄,-1,贵州现代驾驶培训责任有限公司,-1,2014/6/27 0:00,北京现代牌,雪佛兰牌,364556000000000000 ,364556000000000000 ,198801,198507,16,6,3,周末,非高峰,2015-03-08,2015年3月8日,小雨 /阴,11℃ / 6℃,东北风 ≤3级 /东北风 ≤3级,小雨,阴,11,6,东北风,≤3级,东北风,≤3级,day
2015-03-08 15:50:00,小河三00医院,1、追尾的,负全部责任,不负责任,1,贵A2371J,白色,1,贵GL6705,白色,-1,顺一驾驶培训学校,-1,2012/8/29 0:00,高尔夫牌,大众汽车牌,364547000000000000 ,366669000000000000 ,198007,197510,15,6,3,周末,非高峰,2015-03-08,2015年3月8日,小雨 /阴,11℃ / 6℃,东北风 ≤3级 /东北风 ≤3级,小雨,阴,11,6,东北风,≤3级,东北风,≤3级,day
2015-03-08 17:00:00,松山路,8、依法应负全责的其他情形,负全部责任,不负责任,1,贵GQ0485,白,1,贵A5885Y,白,福泉市锦程机动车驾驶培训学校,铁二局驾校,-1,2008/12/22 0:00,宝马牌,长安牌,366546000000000000 ,06419751825566867X,197309,197611,17,6,3,周末,晚高峰(17-19点),2015-03-08,2015年3月8日,小雨 /阴,11℃ / 6℃,东北风 ≤3级 /东北风 ≤3级,小雨,阴,11,6,东北风,≤3级,东北风,≤3级,day
2015-03-08 17:23:00,西南商贸城,1、追尾的,负全部责任,不负责任,1,贵A6768B,白,1,贵ATB917,黑,-1,诚信驾驶培训学校,-1,2010/12/30 0:00,五菱牌,夏利,36676751904342745X,364557000000000000 ,198405,199102,17,6,3,周末,晚高峰(17-19点),2015-03-08,2015年3月8日,小雨 /阴,11℃ / 6℃,东北风 ≤3级 /东北风 ≤3级,小雨,阴,11,6,东北风,≤3级,东北风,≤3级,day
2015-03-08 16:30:00,14公里处,2、逆行的,负全部责任,不负责任,1,贵A23N22,白,1,贵A6766X,蓝,景宏驾校,全林驾校,2007/3/5 0:00,-1,大众汽车牌,比亚迪牌,36606051905458405X,366664000000000000 ,198410,199607,16,6,3,周末,非高峰,2015-03-08,2015年3月8日,小雨 /阴,11℃ / 6℃,东北风 ≤3级 /东北风 ≤3级,小雨,阴,11,6,东北风,≤3级,东北风,≤3级,day
2015-03-08 16:50:00,望城坡,8、依法应负全责的其他情形,负全部责任,不负责任,1,贵AHC307,白色,1,贵AU0014,白色,自培,消防驾校,2003/10/13 0:00,2001/6/15 0:00,起亚牌,金龙牌,364548000000000000 ,354670000000000000 ,198508,197810,16,6,3,周末,非高峰,2015-03-08,2015年3月8日,小雨 /阴,11℃ / 6℃,东北风 ≤3级 /东北风 ≤3级,小雨,阴,11,6,东北风,≤3级,东北风,≤3级,day
2015-03-08 13:30:00,新添大道,1、追尾的,负全部责任,不负责任,1,贵AU4884,银,1,贵AGR447,银,自培,省交校,2004/6/21 0:00,2011/6/8 0:00,三鑫牌,五菱牌,364547000000000000 ,754555000000000000 ,197612,197109,13,6,3,周末,非高峰,2015-03-08,2015年3月8日,小雨 /阴,11℃ / 6℃,东北风 ≤3级 /东北风 ≤3级,小雨,阴,11,6,东北风,≤3级,东北风,≤3级,day
2015-03-08 16:50:00,八匹马,1、追尾的,负全部责任,不负责任,1,贵A696G4,白,1,贵AE1761,黑,铁二局驾校,十一培,2011/8/19 0:00,1993/3/4 0:00,解放牌,奥迪,366570000000000000 ,366346000000000000 ,197912,196306,16,6,3,周末,非高峰,2015-03-08,2015年3月8日,小雨 /阴,11℃ / 6℃,东北风 ≤3级 /东北风 ≤3级,小雨,阴,11,6,东北风,≤3级,东北风,≤3级,day
2015-03-08 14:20:00,中山西路,9、不符合前8款规定或者双方同时具有上述情形的,负同等责任,负同等责任,1,云A978F6,白色,1,贵AU7027,白色,自培,十一培,2006/3/15 0:00,1994/12/14 0:00,捷达牌,捷达牌,356146000000000000 ,364547000000000000 ,196801,197301,14,6,3,周末,非高峰,2015-03-08,2015年3月8日,小雨 /阴,11℃ / 6℃,东北风 ≤3级 /东北风 ≤3级,小雨,阴,11,6,东北风,≤3级,东北风,≤3级,day
2015-03-08 14:25:00,白云区,3、倒车的,负全部责任,不负责任,1,贵A4555E,白,1,贵A4AG71,黑,消防驾校,自培,2013/4/12 0:00,2005/6/17 0:00,朗逸牌,大众汽车牌,364558000000000000 ,364548000000000000 ,196807,197503,14,6,3,周末,非高峰,2015-03-08,2015年3月8日,小雨 /阴,11℃ / 6℃,东北风 ≤3级 /东北风 ≤3级,小雨,阴,11,6,东北风,≤3级,东北风,≤3级,day
2015-03-08 16:36:00,南二环狮子口,1、追尾的,负全部责任,不负责任,1,贵A4554G,白色,1,贵AHT186,黑色,-1,自培,-1,2011/6/15 0:00,马自达牌,江淮牌,364557000000000000 ,36636051974542441X,196207,198301,16,6,3,周末,非高峰,2015-03-08,2015年3月8日,小雨 /阴,11℃ / 6℃,东北风 ≤3级 /东北风 ≤3级,小雨,阴,11,6,东北风,≤3级,东北风,≤3级,day
2015-03-08 13:50:00,长岭北路,1、追尾的,负全部责任,不负责任,1,粤B9LD53,黑,1,贵ACT424,黑,自培,自培,2003/8/20 0:00,2006/6/21 0:00,翼虎牌,锋范牌,664541000000000000 ,366564000000000000 ,197403,197308,13,6,3,周末,非高峰,2015-03-08,2015年3月8日,小雨 /阴,11℃ / 6℃,东北风 ≤3级 /东北风 ≤3级,小雨,阴,11,6,东北风,≤3级,东北风,≤3级,day
2015-03-08 15:37:00,西南商贸城,3、倒车的,负全部责任,不负责任,1,贵AA722Y,银,1,贵CHG442,黑,文通驾校,消防驾校（白云区）,2002/10/10 0:00,-1,长安牌,梅赛德斯-奔驰,734561000000000000 ,366564000000000000 ,197401,197410,15,6,3,周末,非高峰,2015-03-08,2015年3月8日,小雨 /阴,11℃ / 6℃,东北风 ≤3级 /东北风 ≤3级,小雨,阴,11,6,东北风,≤3级,东北风,≤3级,day
2015-03-08 15:00:00,水东路,8、依法应负全责的其他情形,负全部责任,不负责任,1,浙C3AV14,白,1,贵A79K61,银,-1,M004,-1,2012/3/6 0:00,东风牌,长安牌,364557000000000000 ,366575000000000000 ,198411,196802,15,6,3,周末,非高峰,2015-03-08,2015年3月8日,小雨 /阴,11℃ / 6℃,东北风 ≤3级 /东北风 ≤3级,小雨,阴,11,6,东北风,≤3级,东北风,≤3级,day
2015-03-08 16:20:00,花果园,1、追尾的,负全部责任,不负责任,1,贵GL0744,黑,1,贵A25467,白,（白云区）景宏驾驶培训有限公司,-1,2008/11/14 0:00,-1,大众汽车牌,双狮牌,364548000000000000 ,734766000000000000 ,196511,197606,16,6,3,周末,非高峰,2015-03-08,2015年3月8日,小雨 /阴,11℃ / 6℃,东北风 ≤3级 /东北风 ≤3级,小雨,阴,11,6,东北风,≤3级,东北风,≤3级,day
2015-03-08 17:50:00,西南商贸城,7、未按规定让行的 ,负全部责任,不负责任,1,贵AK1276,黑,1,贵A52Y17,黑,-1,消防驾校,-1,2011/4/12 0:00,南方牌,比亚迪牌,366567000000000000 ,366567000000000000 ,197409,198101,17,6,3,周末,晚高峰(17-19点),2015-03-08,2015年3月8日,小雨 /阴,11℃ / 6℃,东北风 ≤3级 /东北风 ≤3级,小雨,阴,11,6,东北风,≤3级,东北风,≤3级,day
2015-03-08 19:00:00,达高桥,5、开关车门的,负全部责任,不负责任,1,贵ABR654,白色,1,贵A28L86,白色,-1,自培,-1,-1,长安牌,雪佛兰牌,36455600000000000 ,36454751904652525X,199509,198402,19,6,3,周末,晚高峰(17-19点),2015-03-08,2015年3月8日,小雨 /阴,11℃ / 6℃,东北风 ≤3级 /东北风 ≤3级,小雨,阴,11,6,东北风,≤3级,东北风,≤3级,day
2015-03-08 17:20:00,红河路,3、倒车的,负全部责任,不负责任,1,贵CP7802,白色,1,贵A5515T,白色,-1,顺一驾驶培训学校,-1,2012/6/15 0:00,东风标致牌,雪佛兰牌,366546000000000000 ,704741000000000000 ,197708,198205,17,6,3,周末,晚高峰(17-19点),2015-03-08,2015年3月8日,小雨 /阴,11℃ / 6℃,东北风 ≤3级 /东北风 ≤3级,小雨,阴,11,6,东北风,≤3级,东北风,≤3级,day
2015-03-08 18:30:00,云环路,8、依法应负全责的其他情形,负全部责任,不负责任,1,贵AB194L,白,1,贵JH3311,银,-1,铁二局驾校,-1,2012/7/20 0:00,丰田牌,长城牌,364596000000000000 ,364558000000000000 ,198502,198912,18,6,3,周末,晚高峰(17-19点),2015-03-08,2015年3月8日,小雨 /阴,11℃ / 6℃,东北风 ≤3级 /东北风 ≤3级,小雨,阴,11,6,东北风,≤3级,东北风,≤3级,day
2015-03-08 17:50:00,沙冲路,1、追尾的,负全部责任,不负责任,1,贵AED228,白,1,贵ASB651,白,贵州现代驾驶培训责任有限公司,（观山湖区）蓝天驾驶培训有限公司,2012/11/5 0:00,2003/9/29 0:00,众泰牌,凯迪拉克,5667520000000000 ,364547000000000000 ,197702,197311,17,6,3,周末,晚高峰(17-19点),2015-03-08,2015年3月8日,小雨 /阴,11℃ / 6℃,东北风 ≤3级 /东北风 ≤3级,小雨,阴,11,6,东北风,≤3级,东北风,≤3级,day
2015-03-08 21:20:00,延安中路,5、开关车门的,负全部责任,不负责任,1,贵AAW989,白,1,贵A54Z89,白,（云岩区）省交通职业技术驾驶培训学校,自培,2005/8/30 0:00,2001/12/7 0:00,大发牌,捷豹,77476651284057725X,364548000000000000 ,196704,197405,21,6,3,周末,非高峰,2015-03-08,2015年3月8日,小雨 /阴,11℃ / 6℃,东北风 ≤3级 /东北风 ≤3级,小雨,阴,11,6,东北风,≤3级,东北风,≤3级,night
2015-03-08 19:20:00,华通路口,8、依法应负全责的其他情形,负全部责任,不负责任,0,贵AHR098,黑,1,贵AU3503,白,（经开区）十一驾驶培训有限公司,自培,2009/5/14 0:00,1998/2/9 0:00,思威牌,钱江牌,355468000000000000 ,364557000000000000 ,197108,197509,19,6,3,周末,晚高峰(17-19点),2015-03-08,2015年3月8日,小雨 /阴,11℃ / 6℃,东北风 ≤3级 /东北风 ≤3级,小雨,阴,11,6,东北风,≤3级,东北风,≤3级,day
2015-03-08 20:30:00,新添大道,1、追尾的,负全部责任,不负责任,1,贵A73K37,白,1,贵AHT723,白,（花溪区）金马驾驶培训有限公司,全林驾校,2006/5/31 0:00,2010/9/1 0:00,大众牌,夏利牌,364548000000000000 ,364557000000000000 ,198703,195601,20,6,3,周末,非高峰,2015-03-08,2015年3月8日,小雨 /阴,11℃ / 6℃,东北风 ≤3级 /东北风 ≤3级,小雨,阴,11,6,东北风,≤3级,东北风,≤3级,night
2015-03-08 19:10:00,市检察院,3、倒车的,负全部责任,不负责任,1,贵ASY383,黑,1,贵A7BK17,黑,全林驾校,贵州平安驾驶培训学校,2011/11/9 0:00,2013/8/5 0:00,朗逸牌,大众牌,364548000000000000 ,376168000000000000 ,197205,199412,19,6,3,周末,晚高峰(17-19点),2015-03-08,2015年3月8日,小雨 /阴,11℃ / 6℃,东北风 ≤3级 /东北风 ≤3级,小雨,阴,11,6,东北风,≤3级,东北风,≤3级,day
2015-03-08 20:35:00,小河平桥,7、未按规定让行的 ,负全部责任,不负责任,1,贵A8857A,白色,1,桂C85611,白色,全林驾校,-1,2010/4/25 0:00,-1,雪佛兰牌,解放牌,366046000000000000 ,74066500000000000 ,197809,198710,20,6,3,周末,非高峰,2015-03-08,2015年3月8日,小雨 /阴,11℃ / 6℃,东北风 ≤3级 /东北风 ≤3级,小雨,阴,11,6,东北风,≤3级,东北风,≤3级,night
2015-03-08 21:31:00,黄河路,1、追尾的,负全部责任,不负责任,1,渝A759Y8,白色,1,湘BC2888,黑色,-1,预约考试窗口,-1,2006/11/22 0:00,传祺牌 ,保时捷,354668000000000000 ,07465551804554245X,197512,197401,21,6,3,周末,非高峰,2015-03-08,2015年3月8日,小雨 /阴,11℃ / 6℃,东北风 ≤3级 /东北风 ≤3级,小雨,阴,11,6,东北风,≤3级,东北风,≤3级,night
2015-03-08 16:00:00,富源路,1、追尾的,负全部责任,不负责任,1,贵A34N74,白色,1,贵ALS439,白色,自培,-1,2009/12/15 0:00,-1,猎豹牌,华泰特拉卡牌,357967000000000000 ,724347000000000000 ,198802,197501,16,6,3,周末,非高峰,2015-03-08,2015年3月8日,小雨 /阴,11℃ / 6℃,东北风 ≤3级 /东北风 ≤3级,小雨,阴,11,6,东北风,≤3级,东北风,≤3级,day
2015-03-08 16:45:00,沙冲路大理石路,7、未按规定让行的 ,负全部责任,不负责任,1,贵A32656,黑色,1,贵AKC234,白色,（乌当区）全林驾驶培训有限公司,十一培,2005/9/30 0:00,1994/12/11 0:00,五菱,思域牌,364548000000000000 ,366876000000000000 ,195704,197110,16,6,3,周末,非高峰,2015-03-08,2015年3月8日,小雨 /阴,11℃ / 6℃,东北风 ≤3级 /东北风 ≤3级,小雨,阴,11,6,东北风,≤3级,东北风,≤3级,day
2015-03-08 20:25:00,涴沙桥,1、追尾的,负全部责任,不负责任,1,贵AU6682,绿,1,贵A45259,银,520134,自培,2008/1/10 0:00,2004/5/30 0:00,恒通客车牌,凌云,364557000000000000 ,364547000000000000 ,197304,196402,20,6,3,周末,非高峰,2015-03-08,2015年3月8日,小雨 /阴,11℃ / 6℃,东北风 ≤3级 /东北风 ≤3级,小雨,阴,11,6,东北风,≤3级,东北风,≤3级,night
2015-03-08 20:20:00,花溪,7、未按规定让行的 ,负全部责任,不负责任,1,贵A3922N,白色,1,贵A3039V,白色,凯信驾校,自培,2014/6/16 0:00,2003/2/27 0:00,长安牌,北京牌,364556000000000000 ,357266000000000000 ,199409,198212,20,6,3,周末,非高峰,2015-03-08,2015年3月8日,小雨 /阴,11℃ / 6℃,东北风 ≤3级 /东北风 ≤3级,小雨,阴,11,6,东北风,≤3级,东北风,≤3级,night
2015-03-08 17:20:00,南明区,7、未按规定让行的 ,负全部责任,不负责任,1,沪D61929,白色,1,贵A9AS43,白色,自培,自培,2008/6/13 0:00,2003/11/28 0:00,\N,思域牌,36662500000000000 ,366367000000000000 ,197309,197202,17,6,3,周末,晚高峰(17-19点),2015-03-08,2015年3月8日,小雨 /阴,11℃ / 6℃,东北风 ≤3级 /东北风 ≤3级,小雨,阴,11,6,东北风,≤3级,东北风,≤3级,day
2015-03-08 16:00:00,野鸭塘,8、依法应负全责的其他情形,负全部责任,不负责任,1,贵ANY418,黑,1,贵AD0738,黑,自培,自培,2005/10/11 0:00,2003/12/31 0:00,锋范牌,康超牌,364548000000000000 ,366046000000000000 ,198609,198012,16,6,3,周末,非高峰,2015-03-08,2015年3月8日,小雨 /阴,11℃ / 6℃,东北风 ≤3级 /东北风 ≤3级,小雨,阴,11,6,东北风,≤3级,东北风,≤3级,day
2015-03-09 08:10:00,金阳南路,1、追尾的,负全部责任,不负责任,1,贵A36X66,黑,1,贵GP0388,白,-1,新天驾校,-1,2013/9/17 0:00,东风日产牌,大众汽车牌,366067000000000000 ,366670000000000000 ,196703,198802,8,0,3,工作日,早高峰(7-9点),2015-03-09,2015年3月9日,小雨 /小雨,10℃ / 5℃,东北风 ≤3级 /东北风 ≤3级,小雨,小雨,10,5,东北风,≤3级,东北风,≤3级,day
2015-03-08 20:30:00,花溪,7、未按规定让行的 ,负全部责任,不负责任,1,贵GGC818,白色,1,贵AA573P,白色,（南明区）铁二局驾驶培训有限公司,贵州天河驾校,2007/7/24 0:00,2015/1/5 0:00,观致牌,哈飞牌,364556000000000000 ,364556000000000000 ,198404,197406,20,6,3,周末,非高峰,2015-03-08,2015年3月8日,小雨 /阴,11℃ / 6℃,东北风 ≤3级 /东北风 ≤3级,小雨,阴,11,6,东北风,≤3级,东北风,≤3级,night
2015-03-09 09:00:00,清溪水路,4、停车时未挂低速档、未拉驻车制动，导致车辆滑行的,负全部责任,不负责任,1,贵A5186L,白色,1,贵ANE566,白色,长运驾校,预约考试窗口,2013/4/25 0:00,2007/5/31 0:00,吉利美日,别克牌,364557000000000000 ,364556000000000000 ,197304,198801,9,0,3,工作日,早高峰(7-9点),2015-03-09,2015年3月9日,小雨 /小雨,10℃ / 5℃,东北风 ≤3级 /东北风 ≤3级,小雨,小雨,10,5,东北风,≤3级,东北风,≤3级,day
2015-03-09 08:50:00,海马冲,1、追尾的,负全部责任,不负责任,1,贵ACX351,黑,1,贵AJT128,白,（云岩区）省交通职业技术驾驶培训学校,自培,2008/1/28 0:00,2010/8/6 0:00,奥迪牌,王牌牌,364547000000000000 ,366068000000000000 ,198708,196208,8,0,3,工作日,早高峰(7-9点),2015-03-09,2015年3月9日,小雨 /小雨,10℃ / 5℃,东北风 ≤3级 /东北风 ≤3级,小雨,小雨,10,5,东北风,≤3级,东北风,≤3级,day
2015-03-09 07:52:00,大营坡,1、追尾的,负全部责任,不负责任,1,粤BS64K9,白色,1,贵A8F720,白色,文通驾校,诚信驾驶培训学校,2012/8/22 0:00,2013/8/15 0:00,帕萨特牌,大众牌,36454751164965245X,364547000000000000 ,199208,195904,7,0,3,工作日,早高峰(7-9点),2015-03-09,2015年3月9日,小雨 /小雨,10℃ / 5℃,东北风 ≤3级 /东北风 ≤3级,小雨,小雨,10,5,东北风,≤3级,东北风,≤3级,day
2015-03-09 01:30:00,望城坡,3、倒车的,负全部责任,不负责任,1,渝B4W221,白色,1,贵A22Z79,白色,-1,顺一驾驶培训学校,-1,2005/12/1 0:00,北京牌,沃尔沃,354668000000000000 ,366046000000000000 ,196612,198009,1,0,3,工作日,非高峰,2015-03-09,2015年3月9日,小雨 /小雨,10℃ / 5℃,东北风 ≤3级 /东北风 ≤3级,小雨,小雨,10,5,东北风,≤3级,东北风,≤3级,night