accidenttime,accidentaddr,driver1fault,driver1responsibility,driver2responsibility,sex1,platenumber1,carcolor1,sex2,platenumber2,carcolor2,jxmc1,jxmc2,cclzrq1,cclzrq2,clpp1,clpp2,driver1license,driver2license,brith1,brith2,hour,weekday,month,is_weekday,peak_hour,date,日期,天气状况,气温,风力风向,day_wea,night_wea,day_tep,night_tep,day_wind_direction,day_wind_speed,night_wind_direction,night_wind_speed,segment
2015-03-09 10:00:00,延安西路,9、不符合前8款规定或者双方同时具有上述情形的,负同等责任,负同等责任,1,贵AGN596,蓝,1,贵AU6367,蓝,-1,520116,-1,2001/9/27 0:00,比亚迪牌,大运牌,35576551994263778X,364548000000000000 ,198806,196705,10,0,3,工作日,非高峰,2015-03-09,2015年3月9日,小雨 /小雨,10℃ / 5℃,东北风 ≤3级 /东北风 ≤3级,小雨,小雨,10,5,东北风,≤3级,东北风,≤3级,day
2015-03-09 09:00:00,五眼桥,1、追尾的,负全部责任,不负责任,1,贵A14B53,黑色,1,贵A74B36,白色,-1,全林驾校,-1,2011/11/10 0:00,夏利牌,大众牌,364547000000000 ,364558000000000000 ,720124,196711,9,0,3,工作日,早高峰(7-9点),2015-03-09,2015年3月9日,小雨 /小雨,10℃ / 5℃,东北风 ≤3级 /东北风 ≤3级,小雨,小雨,10,5,东北风,≤3级,东北风,≤3级,day
2015-03-09 09:12:00,云潭路,1、追尾的,负全部责任,不负责任,1,贵A7262N,银,1,贵A57G32,银,-1,铁二局驾校,-1,2011/2/13 0:00,吉利牌,别克牌,366068000000000000 ,357475000000000000 ,198611,198412,9,0,3,工作日,早高峰(7-9点),2015-03-09,2015年3月9日,小雨 /小雨,10℃ / 5℃,东北风 ≤3级 /东北风 ≤3级,小雨,小雨,10,5,东北风,≤3级,东北风,≤3级,day
2015-03-09 07:39:00,金阳转盘,7、未按规定让行的 ,负全部责任,不负责任,0,贵AU1496,红,1,贵A63K14,红,自培,铁二局驾校,2004/11/28 0:00,2012/10/16 0:00,夏利牌,大众牌,366246000000000000 ,364548000000000000 ,197201,197210,7,0,3,工作日,早高峰(7-9点),2015-03-09,2015年3月9日,小雨 /小雨,10℃ / 5℃,东北风 ≤3级 /东北风 ≤3级,小雨,小雨,10,5,东北风,≤3级,东北风,≤3级,day
2015-03-08 22:00:00,友谊路,1、追尾的,负全部责任,不负责任,1,贵A92M34,黑,1,贵AEB234,蓝,自培,道路培训学校,2005/7/19 0:00,-1,别克牌,大众牌,364548000000000000 ,366566000000000000 ,198307,196704,22,6,3,周末,非高峰,2015-03-08,2015年3月8日,小雨 /阴,11℃ / 6℃,东北风 ≤3级 /东北风 ≤3级,小雨,阴,11,6,东北风,≤3级,东北风,≤3级,night
2015-03-08 20:40:00,威清路,1、追尾的,负全部责任,不负责任,1,贵FN9906,白,1,贵AR8588,红,自培,预约考试窗口,2006/9/18 0:00,2007/4/12 0:00,东南牌,奔驰,366368000000000000 ,364548000000000000 ,197408,198702,20,6,3,周末,非高峰,2015-03-08,2015年3月8日,小雨 /阴,11℃ / 6℃,东北风 ≤3级 /东北风 ≤3级,小雨,阴,11,6,东北风,≤3级,东北风,≤3级,night
2015-03-08 21:55:00,双岭路,3、倒车的,负全部责任,不负责任,1,贵A62X56,银,1,贵ATW584,银,-1,自培,-1,2002/10/12 0:00,北京现代牌,海马牌,366064000000000000 ,366563000000000000 ,196110,196409,21,6,3,周末,非高峰,2015-03-08,2015年3月8日,小雨 /阴,11℃ / 6℃,东北风 ≤3级 /东北风 ≤3级,小雨,阴,11,6,东北风,≤3级,东北风,≤3级,night
2015-03-08 21:50:00,皂角井,7、未按规定让行的 ,负全部责任,不负责任,1,贵AN2694,白色,1,贵GF1038,白色,-1,自培,-1,2002/7/22 0:00,巴山牌,别克(BUICK)牌,366064000000000000 ,366669000000000000 ,196810,198209,21,6,3,周末,非高峰,2015-03-08,2015年3月8日,小雨 /阴,11℃ / 6℃,东北风 ≤3级 /东北风 ≤3级,小雨,阴,11,6,东北风,≤3级,东北风,≤3级,night
2015-03-09 08:30:00,龙泉村委会,3、倒车的,负全部责任,不负责任,1,贵ANN309,银,1,贵AU7747,绿,-1,自培,-1,2005/1/7 0:00,长安牌,宗申.比亚乔牌,364557000000000000 ,366367000000000000 ,198203,198111,8,0,3,工作日,早高峰(7-9点),2015-03-09,2015年3月9日,小雨 /小雨,10℃ / 5℃,东北风 ≤3级 /东北风 ≤3级,小雨,小雨,10,5,东北风,≤3级,东北风,≤3级,day
2015-03-09 08:00:00,南垭路,7、未按规定让行的 ,负全部责任,不负责任,1,贵ADZ962,白,1,贵A9AT52,白,（乌当区）平安驾驶培训有限公司,自培,2007/4/24 0:00,2004/1/15 0:00,长安牌,明锐牌,364547000000000000 ,76360500000000000 ,197103,197511,8,0,3,工作日,早高峰(7-9点),2015-03-09,2015年3月9日,小雨 /小雨,10℃ / 5℃,东北风 ≤3级 /东北风 ≤3级,小雨,小雨,10,5,东北风,≤3级,东北风,≤3级,day
2015-03-09 08:00:00,八公里,3、倒车的,负全部责任,不负责任,1,贵A6CA16,白色,1,贵AK9W43,黑色,（南明区）市交通职业技术驾驶培训学校,自培,2006/8/4 0:00,2000/10/16 0:00,福克斯牌,-1,36654551814659766X,364547000000000000 ,197902,197310,8,0,3,工作日,早高峰(7-9点),2015-03-09,2015年3月9日,小雨 /小雨,10℃ / 5℃,东北风 ≤3级 /东北风 ≤3级,小雨,小雨,10,5,东北风,≤3级,东北风,≤3级,day
2015-03-09 07:35:00,东站,1、追尾的,负全部责任,不负责任,1,贵GM5140,黑色,1,贵AKG224,白色,铁二局驾校,自培,2011/12/16 0:00,2002/6/24 0:00,一汽佳星牌,大众牌,364547000000000000 ,364558000000000000 ,197101,196303,7,0,3,工作日,早高峰(7-9点),2015-03-09,2015年3月9日,小雨 /小雨,10℃ / 5℃,东北风 ≤3级 /东北风 ≤3级,小雨,小雨,10,5,东北风,≤3级,东北风,≤3级,day
2015-03-08 21:00:00,公安厅,1、追尾的,负全部责任,不负责任,1,贵AEP127,红,1,贵A44A79,红,自培,自培,2002/12/30 0:00,2003/8/22 0:00,别克牌,锋范牌,364547000000000000 ,36634651974151407X,196703,198309,21,6,3,周末,非高峰,2015-03-08,2015年3月8日,小雨 /阴,11℃ / 6℃,东北风 ≤3级 /东北风 ≤3级,小雨,阴,11,6,东北风,≤3级,东北风,≤3级,night
2015-03-08 17:30:00,粑粑街,7、未按规定让行的 ,负全部责任,不负责任,1,贵HZ6781,红,1,贵AMA447,银,自培,自培,2007/6/18 0:00,2009/3/3 0:00,马自达牌,凌派牌,366278000000000000 ,366877000000000000 ,198207,198601,17,6,3,周末,晚高峰(17-19点),2015-03-08,2015年3月8日,小雨 /阴,11℃ / 6℃,东北风 ≤3级 /东北风 ≤3级,小雨,阴,11,6,东北风,≤3级,东北风,≤3级,day
2015-03-09 09:00:00,世纪城,3、倒车的,负全部责任,不负责任,1,贵A49722,黄,1,贵AV3761,白,自培,自培,2004/7/21 0:00,2006/12/27 0:00,嘉陵牌,长安牌,364548000000000000 ,366664000000000000 ,197004,198501,9,0,3,工作日,早高峰(7-9点),2015-03-09,2015年3月9日,小雨 /小雨,10℃ / 5℃,东北风 ≤3级 /东北风 ≤3级,小雨,小雨,10,5,东北风,≤3级,东北风,≤3级,day
2015-03-08 21:45:00,花果园,1、追尾的,负全部责任,不负责任,1,贵A42B24,白,1,贵GV7253,黑,自培,自培,2007/10/10 0:00,2005/9/22 0:00,梅赛德斯-奔驰牌,奥迪牌,366861000000000000 ,736669000000000000 ,198712,197706,21,6,3,周末,非高峰,2015-03-08,2015年3月8日,小雨 /阴,11℃ / 6℃,东北风 ≤3级 /东北风 ≤3级,小雨,阴,11,6,东北风,≤3级,东北风,≤3级,night
2015-03-09 08:50:00,世纪城,1、追尾的,负全部责任,不负责任,1,贵A56X66,蓝,1,贵AU3486,绿,新天驾校,-1,2013/2/2 0:00,-1,福克斯牌,钱江牌,364568000000000000 ,364361000000000000 ,199207,197110,8,0,3,工作日,早高峰(7-9点),2015-03-09,2015年3月9日,小雨 /小雨,10℃ / 5℃,东北风 ≤3级 /东北风 ≤3级,小雨,小雨,10,5,东北风,≤3级,东北风,≤3级,day
2015-03-09 08:20:00,云岩区,7、未按规定让行的 ,负全部责任,不负责任,1,贵A507F2,红,1,贵A1T089,黑,自培,万里圣驾校（清镇市）,2004/1/30 0:00,1996/11/2 0:00,福田牌,傲虎,366368000000000000 ,364557000000000000 ,197503,197606,8,0,3,工作日,早高峰(7-9点),2015-03-09,2015年3月9日,小雨 /小雨,10℃ / 5℃,东北风 ≤3级 /东北风 ≤3级,小雨,小雨,10,5,东北风,≤3级,东北风,≤3级,day
2015-03-09 09:00:00,白云区,7、未按规定让行的 ,负全部责任,不负责任,1,贵AHW581,银,1,粤A3E303,黑,-1,-1,-1,-1,哈飞牌,-1,36455800000000000 ,364558000000000000 ,196310,197604,9,0,3,工作日,早高峰(7-9点),2015-03-09,2015年3月9日,小雨 /小雨,10℃ / 5℃,东北风 ≤3级 /东北风 ≤3级,小雨,小雨,10,5,东北风,≤3级,东北风,≤3级,day
2015-03-09 10:25:00,金阳一中,8、依法应负全责的其他情形,负全部责任,不负责任,1,贵AMX764,黑,0,贵A19M62,黑,绥阳县汽车驾驶培训学校,520135,-1,2011/3/7 0:00,夏利牌,蒙迪欧牌,36656751214253648X,36454651964040400X,196906,198204,10,0,3,工作日,非高峰,2015-03-09,2015年3月9日,小雨 /小雨,10℃ / 5℃,东北风 ≤3级 /东北风 ≤3级,小雨,小雨,10,5,东北风,≤3级,东北风,≤3级,day
2015-03-09 12:30:00,合鹏村,3、倒车的,负全部责任,不负责任,1,贵A72F16,白色,1,贵AA8806,白色,贵州现代驾驶培训责任有限公司,-1,2014/7/15 0:00,-1,雪佛兰牌,宝来,36455551105547567X,36455551855653565X,199411,197112,12,0,3,工作日,非高峰,2015-03-09,2015年3月9日,小雨 /小雨,10℃ / 5℃,东北风 ≤3级 /东北风 ≤3级,小雨,小雨,10,5,东北风,≤3级,东北风,≤3级,day
2015-03-09 13:50:00,小箐村,8、依法应负全责的其他情形,负全部责任,不负责任,1,浙J87D34,黑,1,贵A6211L,银,-1,吉源驾校,-1,2014/10/9 0:00,无,北京现代牌,774768000000000000 ,364557000000000000 ,197511,197405,13,0,3,工作日,非高峰,2015-03-09,2015年3月9日,小雨 /小雨,10℃ / 5℃,东北风 ≤3级 /东北风 ≤3级,小雨,小雨,10,5,东北风,≤3级,东北风,≤3级,day
2015-03-09 13:00:00,未来方舟,8、依法应负全责的其他情形,负全部责任,不负责任,1,贵A5BX57,白,1,贵GM4834,白,鑫鑫驾校,新天驾校,2005/12/15 0:00,2014/7/23 0:00,传祺牌,丰田牌,366670000000000000 ,764652000000000000 ,198204,198512,13,0,3,工作日,非高峰,2015-03-09,2015年3月9日,小雨 /小雨,10℃ / 5℃,东北风 ≤3级 /东北风 ≤3级,小雨,小雨,10,5,东北风,≤3级,东北风,≤3级,day
2015-03-09 14:00:00,白云,8、依法应负全责的其他情形,负全部责任,不负责任,1,川XBG735,黑,1,贵ALR361,黑,-1,520127,-1,2003/9/19 0:00,荣威牌,长安牌,357267000000000000 ,364558000000000000 ,198108,196904,14,0,3,工作日,非高峰,2015-03-09,2015年3月9日,小雨 /小雨,10℃ / 5℃,东北风 ≤3级 /东北风 ≤3级,小雨,小雨,10,5,东北风,≤3级,东北风,≤3级,day
2015-03-09 11:00:00,花果园,8、依法应负全责的其他情形,负全部责任,不负责任,1,贵AW7769,银,1,浙C4SW87,白,十一培,其他,1994/5/8 0:00,-1,田野牌,起亚牌,364548000000000000 ,366561000000000000 ,194902,197501,11,0,3,工作日,非高峰,2015-03-09,2015年3月9日,小雨 /小雨,10℃ / 5℃,东北风 ≤3级 /东北风 ≤3级,小雨,小雨,10,5,东北风,≤3级,东北风,≤3级,day
2015-03-09 09:50:00,大营坡,1、追尾的,负全部责任,不负责任,1,贵AF5976,黄,1,贵A6750F,黄,自培,-1,2000/5/25 0:00,-1,大阳牌,纳智捷牌,364547000000000000 ,776266000000000000 ,196004,197012,9,0,3,工作日,早高峰(7-9点),2015-03-09,2015年3月9日,小雨 /小雨,10℃ / 5℃,东北风 ≤3级 /东北风 ≤3级,小雨,小雨,10,5,东北风,≤3级,东北风,≤3级,day
2015-03-09 10:20:00,威清路,7、未按规定让行的 ,负全部责任,不负责任,0,贵AER697,红,1,贵ADU186,黑,自培,-1,2000/8/15 0:00,1979/9/18 0:00,思域牌,谛艾仕牌,366369000000000000 ,364548000000000000 ,197512,194803,10,0,3,工作日,非高峰,2015-03-09,2015年3月9日,小雨 /小雨,10℃ / 5℃,东北风 ≤3级 /东北风 ≤3级,小雨,小雨,10,5,东北风,≤3级,东北风,≤3级,day
2015-03-09 09:45:00,乌当,9、不符合前8款规定或者双方同时具有上述情形的,负同等责任,负同等责任,0,贵A21Y15,黑,1,贵AS9288,黄,自培,十一培,2011/12/19 0:00,1992/2/10 0:00,丰田牌,沃尔沃(VOLVO)牌,366367000000000000 ,366367000000000000 ,197405,197212,9,0,3,工作日,早高峰(7-9点),2015-03-09,2015年3月9日,小雨 /小雨,10℃ / 5℃,东北风 ≤3级 /东北风 ≤3级,小雨,小雨,10,5,东北风,≤3级,东北风,≤3级,day
2015-03-09 10:15:00,花果园,3、倒车的,负全部责任,不负责任,1,贵D60497,白色,1,贵AJD401,黑色,-1,自培,-1,2007/1/27 0:00,骐铃牌,五菱牌,36454751964766226X,366064000000000000 ,198203,197107,10,0,3,工作日,非高峰,2015-03-09,2015年3月9日,小雨 /小雨,10℃ / 5℃,东北风 ≤3级 /东北风 ≤3级,小雨,小雨,10,5,东北风,≤3级,东北风,≤3级,day
2015-03-09 11:00:00,浣纱桥,1、追尾的,负全部责任,不负责任,1,贵AG7F36,白色,1,贵AJY096,白色,-1,自培,-1,2004/1/13 0:00,-1,东风雪铁龙牌,364548000000000000 ,366346000000000000 ,165603,196807,11,0,3,工作日,非高峰,2015-03-09,2015年3月9日,小雨 /小雨,10℃ / 5℃,东北风 ≤3级 /东北风 ≤3级,小雨,小雨,10,5,东北风,≤3级,东北风,≤3级,day
2015-03-09 10:45:00,大西门,1、追尾的,负全部责任,不负责任,0,贵HAR326,黑,1,贵AU2933,绿,蓝天驾校,自培,2015/1/5 0:00,2006/2/17 0:00,翼虎牌,蓝野牌,364548000000000000 ,366068000000000000 ,198205,197105,10,0,3,工作日,非高峰,2015-03-09,2015年3月9日,小雨 /小雨,10℃ / 5℃,东北风 ≤3级 /东北风 ≤3级,小雨,小雨,10,5,东北风,≤3级,东北风,≤3级,day
2015-03-09 09:16:00,红街,3、倒车的,负全部责任,不负责任,0,贵A62N59,白,1,贵A366E1,白,长运驾校,自培,2013/9/12 0:00,2002/6/12 0:00,别克牌,华神牌,364547000000000000 ,366347000000000000 ,199007,197702,9,0,3,工作日,早高峰(7-9点),2015-03-09,2015年3月9日,小雨 /小雨,10℃ / 5℃,东北风 ≤3级 /东北风 ≤3级,小雨,小雨,10,5,东北风,≤3级,东北风,≤3级,day
2015-03-09 10:30:00,二铺,3、倒车的,负全部责任,不负责任,1,贵A4989N,蓝,1,粤GX3072,白,消防驾校,自培,2012/1/31 0:00,2001/6/29 0:00,朗逸牌,丰田牌,364557000000000000 ,4965520000000000 ,198204,197005,10,0,3,工作日,非高峰,2015-03-09,2015年3月9日,小雨 /小雨,10℃ / 5℃,东北风 ≤3级 /东北风 ≤3级,小雨,小雨,10,5,东北风,≤3级,东北风,≤3级,day
2015-03-09 14:00:00,中天花园,8、依法应负全责的其他情形,负全部责任,不负责任,1,贵FH4870,黑,1,贵ACN714,白,黔西县阳光机动车驾驶学校有限责任公司,自培,2014/3/17 0:00,2006/2/22 0:00,揽胜极光,东风标致牌,366068000000000000 ,34479751985558987X,197811,198711,14,0,3,工作日,非高峰,2015-03-09,2015年3月9日,小雨 /小雨,10℃ / 5℃,东北风 ≤3级 /东北风 ≤3级,小雨,小雨,10,5,东北风,≤3级,东北风,≤3级,day
2015-03-09 09:30:00,宝山南路,8、依法应负全责的其他情形,负全部责任,不负责任,1,贵ATB469,黑,1,贵A95X78,白,自培,自培,2000/7/31 0:00,2007/9/29 0:00,海马牌,丰田牌,364547000000000000 ,56168500000000000 ,196604,197807,9,0,3,工作日,早高峰(7-9点),2015-03-09,2015年3月9日,小雨 /小雨,10℃ / 5℃,东北风 ≤3级 /东北风 ≤3级,小雨,小雨,10,5,东北风,≤3级,东北风,≤3级,day
2015-03-09 16:50:00,下合群路,3、倒车的,负全部责任,不负责任,1,贵A61C81,银,1,贵AG7711,银,自培,520126,2001/12/23 0:00,2009/5/8 0:00,东风标致牌,东力牌,364548000000000000 ,36454751145450005X,198309,199010,16,0,3,工作日,非高峰,2015-03-09,2015年3月9日,小雨 /小雨,10℃ / 5℃,东北风 ≤3级 /东北风 ≤3级,小雨,小雨,10,5,东北风,≤3级,东北风,≤3级,day
2015-03-09 18:00:00,市南路,7、未按规定让行的 ,负全部责任,不负责任,1,贵A37223,黑色,1,贵AU7711,白色,（南明区）吉源驾驶培训有限公司,消防驾校,2011/8/19 0:00,1998/11/9 0:00,尚酷,金龙牌,364547000000000000 ,366562000000000000 ,198103,197209,18,0,3,工作日,晚高峰(17-19点),2015-03-09,2015年3月9日,小雨 /小雨,10℃ / 5℃,东北风 ≤3级 /东北风 ≤3级,小雨,小雨,10,5,东北风,≤3级,东北风,≤3级,day
2015-03-09 15:00:00,东二环,7、未按规定让行的 ,负全部责任,不负责任,1,贵GS4975,白色,1,贵A6BB79,白色,贵州现代驾驶培训责任有限公司,吉源驾校,2013/3/13 0:00,2014/11/28 0:00,凯迪拉克,北京牌,364596000000000000 ,364548000000000000 ,199108,198905,15,0,3,工作日,非高峰,2015-03-09,2015年3月9日,小雨 /小雨,10℃ / 5℃,东北风 ≤3级 /东北风 ≤3级,小雨,小雨,10,5,东北风,≤3级,东北风,≤3级,day
2015-03-09 15:00:00,青年路,3、倒车的,负全部责任,不负责任,1,贵AX9676,白色,1,贵HW7251,白色,无,520106,2004/4/20 0:00,2008/11/18 0:00,大运牌,一汽佳星牌,366546000000000000 ,724561000000000000 ,197301,197409,15,0,3,工作日,非高峰,2015-03-09,2015年3月9日,小雨 /小雨,10℃ / 5℃,东北风 ≤3级 /东北风 ≤3级,小雨,小雨,10,5,东北风,≤3级,东北风,≤3级,day
2015-03-09 17:00:00,世纪城,8、依法应负全责的其他情形,负全部责任,不负责任,0,贵GP1707,白,1,贵AB376F,黑,时发驾校,自培,2012/3/7 0:00,2012/8/30 0:00,福特牌,R36,366567000000000000 ,364548000000000000 ,198509,198802,17,0,3,工作日,晚高峰(17-19点),2015-03-09,2015年3月9日,小雨 /小雨,10℃ / 5℃,东北风 ≤3级 /东北风 ≤3级,小雨,小雨,10,5,东北风,≤3级,东北风,≤3级,day
2015-03-09 18:03:00,西二环,1、追尾的,负全部责任,不负责任,1,贵CEA907,银,1,贵A93Z24,白,-1,路路达驾校,-1,2012/12/4 0:00,长安牌,东风雪铁龙牌,366570000000000000 ,36455751854953496X,198104,197108,18,0,3,工作日,晚高峰(17-19点),2015-03-09,2015年3月9日,小雨 /小雨,10℃ / 5℃,东北风 ≤3级 /东北风 ≤3级,小雨,小雨,10,5,东北风,≤3级,东北风,≤3级,day
2015-03-09 22:30:00,乌当,1、追尾的,负全部责任,不负责任,1,贵A4608W,银,1,贵A3125Y,白,-1,全林驾校,-1,2010/5/21 0:00,五菱牌,风神牌,355741000000000000 ,354662000000000000 ,198710,196608,22,0,3,工作日,非高峰,2015-03-09,2015年3月9日,小雨 /小雨,10℃ / 5℃,东北风 ≤3级 /东北风 ≤3级,小雨,小雨,10,5,东北风,≤3级,东北风,≤3级,night
2015-03-09 12:00:00,花果园,8、依法应负全责的其他情形,负全部责任,不负责任,1,贵AU9967,蓝,1,贵A48K19,白,自培,（观山湖区）蓝天驾驶培训有限公司,2004/12/8 0:00,2009/8/28 0:00,喜马牌,众泰牌,366577000000000000 ,366375000000000000 ,197702,197003,12,0,3,工作日,非高峰,2015-03-09,2015年3月9日,小雨 /小雨,10℃ / 5℃,东北风 ≤3级 /东北风 ≤3级,小雨,小雨,10,5,东北风,≤3级,东北风,≤3级,day
2015-03-09 14:00:00,花果园,7、未按规定让行的 ,负全部责任,不负责任,1,贵AU8929,黑,0,贵A85L69,黄,自培,长运驾校（南明区）,2003/12/24 0:00,2015/2/27 0:00,恒胜牌,北京现代牌,366367000000000000 ,366562000000000000 ,197303,198707,14,0,3,工作日,非高峰,2015-03-09,2015年3月9日,小雨 /小雨,10℃ / 5℃,东北风 ≤3级 /东北风 ≤3级,小雨,小雨,10,5,东北风,≤3级,东北风,≤3级,day
2015-03-09 16:00:00,八一水库小区,7、未按规定让行的 ,负全部责任,不负责任,1,贵A9E918,白色,1,贵AB904A,黑色,自培,市交校,2004/8/6 0:00,2015/1/13 0:00,北京现代牌,吉利牌,364547000000000000 ,355468000000000000 ,196912,198009,16,0,3,工作日,非高峰,2015-03-09,2015年3月9日,小雨 /小雨,10℃ / 5℃,东北风 ≤3级 /东北风 ≤3级,小雨,小雨,10,5,东北风,≤3级,东北风,≤3级,day
2015-03-09 21:11:00,水东路,7、未按规定让行的 ,负全部责任,不负责任,0,贵AJP249,黑,1,贵AE4566,银,-1,十一培,-1,1996/12/12 0:00,金杯牌,东风雪铁龙牌,366568000000000000 ,364547000000000000 ,197307,197707,21,0,3,工作日,非高峰,2015-03-09,2015年3月9日,小雨 /小雨,10℃ / 5℃,东北风 ≤3级 /东北风 ≤3级,小雨,小雨,10,5,东北风,≤3级,东北风,≤3级,night
2015-03-09 17:00:00,东山路口,1、追尾的,负全部责任,不负责任,1,贵FAC741,白,1,贵AM2319,白,自培,十一培,2010/1/27 0:00,1988/1/26 0:00,长安牌,奇瑞牌,366064000000000000 ,364548000000000000 ,198712,196202,17,0,3,工作日,晚高峰(17-19点),2015-03-09,2015年3月9日,小雨 /小雨,10℃ / 5℃,东北风 ≤3级 /东北风 ≤3级,小雨,小雨,10,5,东北风,≤3级,东北风,≤3级,day
2015-03-09 17:45:00,黔林西路,8、依法应负全责的其他情形,负全部责任,不负责任,1,贵ANZ457,红,0,贵A24J95,白,安顺市汽车运输公司驾驶员培训学校,自培,2010/2/11 0:00,2005/4/8 0:00,朗逸牌,东风标致牌,366346000000000000 ,364548000000000000 ,198109,197507,17,0,3,工作日,晚高峰(17-19点),2015-03-09,2015年3月9日,小雨 /小雨,10℃ / 5℃,东北风 ≤3级 /东北风 ≤3级,小雨,小雨,10,5,东北风,≤3级,东北风,≤3级,day
2015-03-09 13:05:00,市西,1、追尾的,负全部责任,不负责任,1,贵ACT518,银,1,贵GY3410,银,自培,自培,2013/4/26 0:00,2000/8/17 0:00,威志牌,凯宴B5,355266000000000000 ,355741000000000000 ,199111,198204,13,0,3,工作日,非高峰,2015-03-09,2015年3月9日,小雨 /小雨,10℃ / 5℃,东北风 ≤3级 /东北风 ≤3级,小雨,小雨,10,5,东北风,≤3级,东北风,≤3级,day
2015-03-09 14:00:00,太慈桥,7、未按规定让行的 ,负全部责任,不负责任,1,贵ALJ751,白色,1,贵A23X49,白色,自培,自培,2006/10/22 0:00,2001/7/31 0:00,一汽佳星牌,三菱牌,366067000000000000 ,364547000000000000 ,197007,198210,14,0,3,工作日,非高峰,2015-03-09,2015年3月9日,小雨 /小雨,10℃ / 5℃,东北风 ≤3级 /东北风 ≤3级,小雨,小雨,10,5,东北风,≤3级,东北风,≤3级,day
2015-03-09 19:48:00,白云区,7、未按规定让行的 ,负全部责任,不负责任,1,贵JBK119,白,1,贵A27W36,黑,（南明区）吉源驾驶培训有限公司,自培,2005/2/3 0:00,2013/7/18 0:00,三菱牌,东南牌,354663000000000000 ,36454751105457007X,196811,199410,19,0,3,工作日,晚高峰(17-19点),2015-03-09,2015年3月9日,小雨 /小雨,10℃ / 5℃,东北风 ≤3级 /东北风 ≤3级,小雨,小雨,10,5,东北风,≤3级,东北风,≤3级,day
2015-03-09 18:25:00,保利温泉,8、依法应负全责的其他情形,负全部责任,不负责任,1,贵AS6418,银,1,贵A5659V,银,（乌当区）全林驾驶培训有限公司,全林驾校,2007/8/28 0:00,2013/8/5 0:00,宗申牌,北京现代牌,364548000000000000 ,366562000000000000 ,197205,198304,18,0,3,工作日,晚高峰(17-19点),2015-03-09,2015年3月9日,小雨 /小雨,10℃ / 5℃,东北风 ≤3级 /东北风 ≤3级,小雨,小雨,10,5,东北风,≤3级,东北风,≤3级,day
2015-03-09 18:48:00,黄金路,7、未按规定让行的 ,负全部责任,不负责任,1,贵AJM033,白,1,贵AU3689,蓝,自培,全林驾校,2007/3/20 0:00,2011/6/16 0:00,马自达牌,海陵牌,364548000000000000 ,364548000000000000 ,198901,198708,18,0,3,工作日,晚高峰(17-19点),2015-03-09,2015年3月9日,小雨 /小雨,10℃ / 5℃,东北风 ≤3级 /东北风 ≤3级,小雨,小雨,10,5,东北风,≤3级,东北风,≤3级,day
2015-03-10 15:29:00,东二环,1、追尾的,负全部责任,不负责任,1,贵AV9556,黑,1,贵A2762G,黑,-1,路路达驾校,-1,2001/8/10 0:00,金城铃木牌,雪佛兰牌,364548000000000000 ,364548000000000000 ,195807,198209,15,1,3,工作日,非高峰,2015-03-10,2015年3月10日,小雨 /小雨,8℃ / 4℃,东北风 ≤3级 /东北风 ≤3级,小雨,小雨,8,4,东北风,≤3级,东北风,≤3级,day
2015-03-09 20:21:00,三桥,3、倒车的,负全部责任,不负责任,1,贵AMN384,白,1,贵AJG996,银,无,-1,2003/5/6 0:00,-1,解放牌,江淮牌,366068000000000000 ,7049510000000000 ,197905,681004,20,0,3,工作日,非高峰,2015-03-09,2015年3月9日,小雨 /小雨,10℃ / 5℃,东北风 ≤3级 /东北风 ≤3级,小雨,小雨,10,5,东北风,≤3级,东北风,≤3级,night
2015-03-09 17:10:00,金阳南路,7、未按规定让行的 ,负全部责任,不负责任,1,贵JBS437,黑,1,贵AU8613,绿,-1,预约考试窗口,-1,2007/7/19 0:00,雪佛兰牌,豪爵牌,364566000000000000 ,366367000000000000 ,198612,197104,17,0,3,工作日,晚高峰(17-19点),2015-03-09,2015年3月9日,小雨 /小雨,10℃ / 5℃,东北风 ≤3级 /东北风 ≤3级,小雨,小雨,10,5,东北风,≤3级,东北风,≤3级,day
2015-03-09 18:32:00,乌当,1、追尾的,负全部责任,不负责任,1,贵A1BB23,银,1,贵ADK534,银,自培,520136,2012/9/19 0:00,2009/1/20 0:00,宝骏牌,沃尔沃牌,366846000000000000 ,655661000000000000 ,197006,197905,18,0,3,工作日,晚高峰(17-19点),2015-03-09,2015年3月9日,小雨 /小雨,10℃ / 5℃,东北风 ≤3级 /东北风 ≤3级,小雨,小雨,10,5,东北风,≤3级,东北风,≤3级,day
2015-03-09 17:30:00,乌当,1、追尾的,负全部责任,不负责任,1,贵JDQ279,黑,0,贵A0953A,白,吉源驾校,全林驾校,2013/8/9 0:00,2013/3/5 0:00,长安牌,红旗,364566000000000000 ,364557000000000000 ,198607,199012,17,0,3,工作日,晚高峰(17-19点),2015-03-09,2015年3月9日,小雨 /小雨,10℃ / 5℃,东北风 ≤3级 /东北风 ≤3级,小雨,小雨,10,5,东北风,≤3级,东北风,≤3级,day
2015-03-09 22:30:00,云谈北路,1、追尾的,负全部责任,不负责任,1,贵A90606,红,1,贵A96533,红,消防驾校,省交校,2010/10/9 0:00,2006/6/27 0:00,大运牌,解放牌,364568000000000000 ,364596000000000000 ,198505,198501,22,0,3,工作日,非高峰,2015-03-09,2015年3月9日,小雨 /小雨,10℃ / 5℃,东北风 ≤3级 /东北风 ≤3级,小雨,小雨,10,5,东北风,≤3级,东北风,≤3级,night