accidenttime,accidentaddr,driver1fault,driver1responsibility,driver2responsibility,sex1,platenumber1,carcolor1,sex2,platenumber2,carcolor2,jxmc1,jxmc2,cclzrq1,cclzrq2,clpp1,clpp2,driver1license,driver2license,brith1,brith2,hour,weekday,month,is_weekday,peak_hour,date,日期,天气状况,气温,风力风向,day_wea,night_wea,day_tep,night_tep,day_wind_direction,day_wind_speed,night_wind_direction,night_wind_speed,segment
2015-03-09 20:30:00,太慈桥,8、依法应负全责的其他情形,负全部责任,不负责任,1,贵A07349,银,1,贵A01501,白,长运驾校,-1,2013/1/4 0:00,-1,湖南牌,宇通牌,376570000000000000 ,364547000000000 ,197710,580606,20,0,3,工作日,非高峰,2015-03-09,2015年3月9日,小雨 /小雨,10℃ / 5℃,东北风 ≤3级 /东北风 ≤3级,小雨,小雨,10,5,东北风,≤3级,东北风,≤3级,night
2015-03-10 08:40:00,乌当 ,8、依法应负全责的其他情形,负全部责任,不负责任,1,贵A779E7,白,0,贵ANW111,黑,-1,520106,-1,2008/12/16 0:00,福田牌,别克牌,726064000000000000 ,364646000000000000 ,197510,197504,8,1,3,工作日,早高峰(7-9点),2015-03-10,2015年3月10日,小雨 /小雨,8℃ / 4℃,东北风 ≤3级 /东北风 ≤3级,小雨,小雨,8,4,东北风,≤3级,东北风,≤3级,day
2015-03-10 08:20:00,清水江路,7、未按规定让行的 ,负全部责任,不负责任,1,贵AC766A,白色,1,贵FY5056,白色,黔东南州中信达驾驶培训学校,文通驾校,-1,2012/12/14 0:00,吉利牌,雅阁牌,366269000000000000 ,36454651994056746X,196704,198804,8,1,3,工作日,早高峰(7-9点),2015-03-10,2015年3月10日,小雨 /小雨,8℃ / 4℃,东北风 ≤3级 /东北风 ≤3级,小雨,小雨,8,4,东北风,≤3级,东北风,≤3级,day
2015-03-10 08:20:00,金朱东路,8、依法应负全责的其他情形,负全部责任,不负责任,0,贵AAP359,银,0,贵AVE677,黑,（白云区）消防驾驶培训学校,青正驾校,2008/9/1 0:00,2011/6/24 0:00,钱江牌,比亚迪牌,364557000000000000 ,366367000000000000 ,198109,198411,8,1,3,工作日,早高峰(7-9点),2015-03-10,2015年3月10日,小雨 /小雨,8℃ / 4℃,东北风 ≤3级 /东北风 ≤3级,小雨,小雨,8,4,东北风,≤3级,东北风,≤3级,day
2015-03-10 06:30:00,小河平桥,1、追尾的,负全部责任,不负责任,1,贵A49442,白色,1,贵GV3052,白色,顺一驾驶培训学校,-1,2012/2/20 0:00,-1,北京,广汽菲亚特牌,364551000000000000 ,366363000000000000 ,197607,198412,6,1,3,工作日,非高峰,2015-03-10,2015年3月10日,小雨 /小雨,8℃ / 4℃,东北风 ≤3级 /东北风 ≤3级,小雨,小雨,8,4,东北风,≤3级,东北风,≤3级,day
2015-03-10 07:30:00,新天大道,8、依法应负全责的其他情形,负全部责任,不负责任,1,贵APV954,黑,1,贵AU7637,蓝,吉源驾校（南明区）,-1,2002/10/22 0:00,-1,长城牌,捷达牌,364548000000000000 ,364547000000000 ,198107,790616,7,1,3,工作日,早高峰(7-9点),2015-03-10,2015年3月10日,小雨 /小雨,8℃ / 4℃,东北风 ≤3级 /东北风 ≤3级,小雨,小雨,8,4,东北风,≤3级,东北风,≤3级,day
2015-03-10 01:00:00,机场,7、未按规定让行的 ,负全部责任,不负责任,1,贵AN2634,白色,1,贵AU5624,白色,自培,贵州晨运驾驶培训学校,2003/4/29 0:00,2010/2/23 0:00,五羊牌,钱江牌,364548000000000000 ,364557000000000000 ,196112,197403,1,1,3,工作日,非高峰,2015-03-10,2015年3月10日,小雨 /小雨,8℃ / 4℃,东北风 ≤3级 /东北风 ≤3级,小雨,小雨,8,4,东北风,≤3级,东北风,≤3级,night
2015-03-09 18:30:00,阳关,7、未按规定让行的 ,负全部责任,不负责任,1,贵A98G89,白,0,贵A77L14,黄,自培,省交校,2002/8/13 0:00,2014/7/14 0:00,翼虎牌,长安牌,366068000000000000 ,06456651894740442X,196912,197803,18,0,3,工作日,晚高峰(17-19点),2015-03-09,2015年3月9日,小雨 /小雨,10℃ / 5℃,东北风 ≤3级 /东北风 ≤3级,小雨,小雨,10,5,东北风,≤3级,东北风,≤3级,day
2015-03-10 08:40:00,东山,7、未按规定让行的 ,负全部责任,不负责任,0,贵A89K96,蓝,1,贵AVM251,黑,文通驾校,十一培,2012/2/21 0:00,1992/10/25 0:00,宝马,奥迪牌,364547000000000000 ,36636651864742245X,198108,197203,8,1,3,工作日,早高峰(7-9点),2015-03-10,2015年3月10日,小雨 /小雨,8℃ / 4℃,东北风 ≤3级 /东北风 ≤3级,小雨,小雨,8,4,东北风,≤3级,东北风,≤3级,day
2015-03-09 19:20:00,花溪学士路,7、未按规定让行的 ,负全部责任,不负责任,1,贵AU7724,白色,1,贵A9F545,白色,消防驾校,自培,1994/12/1 0:00,2005/3/3 0:00,嘉陵牌,大众汽车牌,36455551834560413X,364556000000000000 ,197501,198209,19,0,3,工作日,晚高峰(17-19点),2015-03-09,2015年3月9日,小雨 /小雨,10℃ / 5℃,东北风 ≤3级 /东北风 ≤3级,小雨,小雨,10,5,东北风,≤3级,东北风,≤3级,day
2015-03-10 03:10:00,贵惠路,8、依法应负全责的其他情形,负全部责任,不负责任,1,贵A57E59,白色,1,贵AHV489,白色,自培,自培,2000/7/27 0:00,2007/10/22 0:00,五菱牌,朗逸牌,366367000000000000 ,366576000000000000 ,196910,198612,3,1,3,工作日,非高峰,2015-03-10,2015年3月10日,小雨 /小雨,8℃ / 4℃,东北风 ≤3级 /东北风 ≤3级,小雨,小雨,8,4,东北风,≤3级,东北风,≤3级,night
2015-03-09 18:16:00,四方河,7、未按规定让行的 ,负全部责任,不负责任,1,贵JAN147,白色,1,贵ASF624,白色,自培,自培,2010/5/12 0:00,2004/8/26 0:00,五菱牌,雪佛兰牌,36687551164746691X,364547000000000000 ,199203,198401,18,0,3,工作日,晚高峰(17-19点),2015-03-09,2015年3月9日,小雨 /小雨,10℃ / 5℃,东北风 ≤3级 /东北风 ≤3级,小雨,小雨,10,5,东北风,≤3级,东北风,≤3级,day
2015-03-10 08:40:00,大川白金城,8、依法应负全责的其他情形,负全部责任,不负责任,1,贵A54M22,黑,0,贵A51G92,白,铁二局驾校,西南民族大学汽车驾训班,2014/9/2 0:00,2008/10/26 0:00,东风日产牌,大众牌,364547000000000000 ,366662000000000000 ,196408,198408,8,1,3,工作日,早高峰(7-9点),2015-03-10,2015年3月10日,小雨 /小雨,8℃ / 4℃,东北风 ≤3级 /东北风 ≤3级,小雨,小雨,8,4,东北风,≤3级,东北风,≤3级,day
2015-03-10 09:45:00,乌江路,8、依法应负全责的其他情形,负全部责任,不负责任,1,贵A32688,白色,1,贵AJ1869,黑色,-1,鑫鑫驾校,-1,2012/3/24 0:00,昌河,揽胜极光,74346500000000000 ,72666151994567425X,197510,198801,9,1,3,工作日,早高峰(7-9点),2015-03-10,2015年3月10日,小雨 /小雨,8℃ / 4℃,东北风 ≤3级 /东北风 ≤3级,小雨,小雨,8,4,东北风,≤3级,东北风,≤3级,day
2015-03-10 10:00:00,解放路,1、追尾的,负全部责任,不负责任,1,贵A78E12,银,0,贵AWZ337,红,-1,自培,-1,2014/3/14 0:00,黄海牌,奥迪,366069000000000000 ,366664000000000000 ,196009,198204,10,1,3,工作日,非高峰,2015-03-10,2015年3月10日,小雨 /小雨,8℃ / 4℃,东北风 ≤3级 /东北风 ≤3级,小雨,小雨,8,4,东北风,≤3级,东北风,≤3级,day
2015-03-10 10:40:00,北京路,8、依法应负全责的其他情形,负全部责任,不负责任,1,贵AJM141,黑,0,贵A25M34,红,-1,贵大佳德驾驶培训学校,-1,2013/10/10 0:00,宝来牌,别克牌,3645475125482367X,366575000000000000 ,196107,198111,10,1,3,工作日,非高峰,2015-03-10,2015年3月10日,小雨 /小雨,8℃ / 4℃,东北风 ≤3级 /东北风 ≤3级,小雨,小雨,8,4,东北风,≤3级,东北风,≤3级,day
2015-03-10 10:48:00,花香村,8、依法应负全责的其他情形,负全部责任,不负责任,1,贵ACH299,黄,1,贵A6AE61,绿,-1,全林驾校,-1,2010/12/28 0:00,福特牌,东风标致牌,00436051294264095X,364666000000000000 ,196806,198109,10,1,3,工作日,非高峰,2015-03-10,2015年3月10日,小雨 /小雨,8℃ / 4℃,东北风 ≤3级 /东北风 ≤3级,小雨,小雨,8,4,东北风,≤3级,东北风,≤3级,day
2015-03-10 09:30:00,鹿冲关,7、未按规定让行的 ,负全部责任,不负责任,1,贵AGS007,银,1,贵A67A77,白,吉源驾校（南明区）,时发,2005/9/8 0:00,2005/11/3 0:00,长安牌,速腾牌,364557000000000000 ,364548000000000000 ,198704,198011,9,1,3,工作日,早高峰(7-9点),2015-03-10,2015年3月10日,小雨 /小雨,8℃ / 4℃,东北风 ≤3级 /东北风 ≤3级,小雨,小雨,8,4,东北风,≤3级,东北风,≤3级,day
2015-03-10 09:00:00,盐务街,3、倒车的,负全部责任,不负责任,1,贵A12796,黑,1,贵A17A53,白,（云岩区）省交通职业技术驾驶培训学校,新天驾校,2006/6/26 0:00,2014/4/28 0:00,天马牌,哈飞牌,364548000000000000 ,36456751134149743X,198511,199509,9,1,3,工作日,早高峰(7-9点),2015-03-10,2015年3月10日,小雨 /小雨,8℃ / 4℃,东北风 ≤3级 /东北风 ≤3级,小雨,小雨,8,4,东北风,≤3级,东北风,≤3级,day
2015-03-10 09:43:00,金阳南路,1、追尾的,负全部责任,不负责任,1,贵AU6652,蓝,1,贵ALL963,绿,-1,六盘水市宏安驾驶培训学校,-1,2006/3/2 0:00,恒通客车牌,宝马,36456800000000 ,364646000000000000 ,406231,198212,9,1,3,工作日,早高峰(7-9点),2015-03-10,2015年3月10日,小雨 /小雨,8℃ / 4℃,东北风 ≤3级 /东北风 ≤3级,小雨,小雨,8,4,东北风,≤3级,东北风,≤3级,day
2015-03-10 09:15:00,八公里,8、依法应负全责的其他情形,负全部责任,不负责任,1,贵GX9755,黑色,1,贵JBF372,白色,铁二局驾校,自培,2012/2/24 0:00,2004/6/19 0:00,长安牌,长安牌,344664000000000000 ,366663000000000000 ,199007,197209,9,1,3,工作日,早高峰(7-9点),2015-03-10,2015年3月10日,小雨 /小雨,8℃ / 4℃,东北风 ≤3级 /东北风 ≤3级,小雨,小雨,8,4,东北风,≤3级,东北风,≤3级,day
2015-03-10 09:00:00,新天大道,1、追尾的,负全部责任,不负责任,1,贵GP0743,白色,1,贵AA32C4,黑色,新天驾校,顺一驾驶培训学校,2012/6/13 0:00,2012/11/6 0:00,福克斯牌,-1,36454751985648285X,61440500000000000 ,198712,198801,9,1,3,工作日,早高峰(7-9点),2015-03-10,2015年3月10日,小雨 /小雨,8℃ / 4℃,东北风 ≤3级 /东北风 ≤3级,小雨,小雨,8,4,东北风,≤3级,东北风,≤3级,day
2015-03-10 10:12:00,小关,8、依法应负全责的其他情形,负全部责任,不负责任,1,贵A58J51,红,1,贵AP8985,蓝,铁二局驾校,自培,2013/3/28 0:00,2012/3/30 0:00,别克牌,夏利牌,364547000000000000 ,364596000000000000 ,198512,198608,10,1,3,工作日,非高峰,2015-03-10,2015年3月10日,小雨 /小雨,8℃ / 4℃,东北风 ≤3级 /东北风 ≤3级,小雨,小雨,8,4,东北风,≤3级,东北风,≤3级,day
2015-03-10 09:00:00,金清路,7、未按规定让行的 ,负全部责任,不负责任,1,云AW619C,黑,1,浙F779FT,红,-1,-1,-1,-1,大众汽车牌,凌派牌,35676700000000000 ,355468000000000000 ,196408,198801,9,1,3,工作日,早高峰(7-9点),2015-03-10,2015年3月10日,小雨 /小雨,8℃ / 4℃,东北风 ≤3级 /东北风 ≤3级,小雨,小雨,8,4,东北风,≤3级,东北风,≤3级,day
2015-03-10 07:40:00,枣山路,1、追尾的,负全部责任,不负责任,0,贵ADZ352,红,0,贵ABS491,黄,全林驾校,自培,2014/10/27 0:00,2005/12/30 0:00,大众牌,五菱牌,364558000000000000 ,364548000000000000 ,197807,197205,7,1,3,工作日,早高峰(7-9点),2015-03-10,2015年3月10日,小雨 /小雨,8℃ / 4℃,东北风 ≤3级 /东北风 ≤3级,小雨,小雨,8,4,东北风,≤3级,东北风,≤3级,day
2015-03-10 10:40:00,小河平桥,7、未按规定让行的 ,负全部责任,不负责任,1,贵A53S94,白色,1,贵A33L69,白色,（经开区）十一驾驶培训有限公司,自培,2008/1/3 0:00,2004/4/6 0:00,长安牌,北京现代牌,366067000000000000 ,364556000000000000 ,198002,195302,10,1,3,工作日,非高峰,2015-03-10,2015年3月10日,小雨 /小雨,8℃ / 4℃,东北风 ≤3级 /东北风 ≤3级,小雨,小雨,8,4,东北风,≤3级,东北风,≤3级,day
2015-03-10 10:15:00,喷水池,1、追尾的,负全部责任,不负责任,1,贵A07647,黑,1,贵A38883,黑,黔东南州交通驾驶培训学校,自培,2013/5/8 0:00,2005/7/11 0:00,桑塔纳牌,梅赛德斯--奔驰,366269000000000000 ,364556000000000000 ,199009,198704,10,1,3,工作日,非高峰,2015-03-10,2015年3月10日,小雨 /小雨,8℃ / 4℃,东北风 ≤3级 /东北风 ≤3级,小雨,小雨,8,4,东北风,≤3级,东北风,≤3级,day
2015-03-10 08:56:00,都司路,7、未按规定让行的 ,负全部责任,不负责任,0,贵A28M49,黑,1,贵AU0327,蓝,自培,自培,2004/9/28 0:00,2004/6/30 0:00,梅赛德斯-奔驰牌,万达牌,364548000000000000 ,364548000000000000 ,198608,198002,8,1,3,工作日,早高峰(7-9点),2015-03-10,2015年3月10日,小雨 /小雨,8℃ / 4℃,东北风 ≤3级 /东北风 ≤3级,小雨,小雨,8,4,东北风,≤3级,东北风,≤3级,day
2015-03-10 08:10:00,北新区,7、未按规定让行的 ,负全部责任,不负责任,0,贵A55C17,黄,1,贵AU6967,黄,自培,自培,2006/6/19 0:00,2000/4/25 0:00,大众汽车牌,捷达牌,354548000000000000 ,54640500000000000 ,196411,197406,8,1,3,工作日,早高峰(7-9点),2015-03-10,2015年3月10日,小雨 /小雨,8℃ / 4℃,东北风 ≤3级 /东北风 ≤3级,小雨,小雨,8,4,东北风,≤3级,东北风,≤3级,day
2015-03-10 13:10:00,二戈寨,7、未按规定让行的 ,负全部责任,不负责任,1,贵A84904,白色,1,贵A39P17,白色,-1,520116,-1,1998/6/18 0:00,夏利,昊锐牌,355468000000000000 ,364556000000000000 ,198601,197310,13,1,3,工作日,非高峰,2015-03-10,2015年3月10日,小雨 /小雨,8℃ / 4℃,东北风 ≤3级 /东北风 ≤3级,小雨,小雨,8,4,东北风,≤3级,东北风,≤3级,day
2015-03-10 12:20:00,木瓜田,2、逆行的,负全部责任,不负责任,1,贵AAN059,黑,1,贵AU4994,绿,毕节地区黔中汽车(摩托车)驾驶培训学校,#,-1,2007/10/23 0:00,别克牌,豪爵-SUZUKI牌,366068000000000000 ,35476651954964645X,197709,198108,12,1,3,工作日,非高峰,2015-03-10,2015年3月10日,小雨 /小雨,8℃ / 4℃,东北风 ≤3级 /东北风 ≤3级,小雨,小雨,8,4,东北风,≤3级,东北风,≤3级,day
2015-03-10 11:30:00,师大,1、追尾的,负全部责任,不负责任,1,贵AU5698,绿,1,贵A63G18,白,（经开区）十一驾驶培训有限公司,时发,2007/11/22 0:00,2005/6/29 0:00,捷达牌,高尔夫牌,366577000000000000 ,364556000000000000 ,196602,197009,11,1,3,工作日,非高峰,2015-03-10,2015年3月10日,小雨 /小雨,8℃ / 4℃,东北风 ≤3级 /东北风 ≤3级,小雨,小雨,8,4,东北风,≤3级,东北风,≤3级,day
2015-03-10 12:30:00,东山路口,7、未按规定让行的 ,负全部责任,不负责任,1,贵A86P13,红,0,贵ATK559,黑,-1,金筑驾校,-1,2006/4/30 0:00,马自达牌,比亚迪牌,364546000000 ,354661000000000000 ,5579,197204,12,1,3,工作日,非高峰,2015-03-10,2015年3月10日,小雨 /小雨,8℃ / 4℃,东北风 ≤3级 /东北风 ≤3级,小雨,小雨,8,4,东北风,≤3级,东北风,≤3级,day
2015-03-10 11:50:00,云岩区,8、依法应负全责的其他情形,负全部责任,不负责任,1,贵AVL782,白色,1,贵A39F65,白色,-1,贵州晨运驾驶培训学校,-1,2009/4/21 0:00,DS5,马自达牌,364547000000000000 ,366067000000000000 ,195207,198707,11,1,3,工作日,非高峰,2015-03-10,2015年3月10日,小雨 /小雨,8℃ / 4℃,东北风 ≤3级 /东北风 ≤3级,小雨,小雨,8,4,东北风,≤3级,东北风,≤3级,day
2015-03-10 10:30:00,珠江路,1、追尾的,负全部责任,不负责任,1,贵A403F2,白色,1,贵GV3812,白色,-1,消防驾校,-1,2011/10/25 0:00,金杯牌,宝马,366061000000000000 ,354366000000000000 ,197409,196809,10,1,3,工作日,非高峰,2015-03-10,2015年3月10日,小雨 /小雨,8℃ / 4℃,东北风 ≤3级 /东北风 ≤3级,小雨,小雨,8,4,东北风,≤3级,东北风,≤3级,day
2015-03-10 12:08:00,观山湖,3、倒车的,负全部责任,不负责任,1,贵A173D4,银,1,贵A3732X,黑,-1,（南明区）阳光驾驶培训有限公司,-1,2002/7/10 0:00,长安牌,一汽佳星牌,355464000000000000 ,366661000000000000 ,199005,197503,12,1,3,工作日,非高峰,2015-03-10,2015年3月10日,小雨 /小雨,8℃ / 4℃,东北风 ≤3级 /东北风 ≤3级,小雨,小雨,8,4,东北风,≤3级,东北风,≤3级,day
2015-03-10 13:30:00,黎阳家园,7、未按规定让行的 ,负全部责任,不负责任,1,贵AA914C,白,1,贵AU8397,蓝,-1,黔西县宏远黔职驾校,-1,2009/7/14 0:00,长安牌,东方牌,76366500000000000 ,366368000000000000 ,197912,198301,13,1,3,工作日,非高峰,2015-03-10,2015年3月10日,小雨 /小雨,8℃ / 4℃,东北风 ≤3级 /东北风 ≤3级,小雨,小雨,8,4,东北风,≤3级,东北风,≤3级,day
2015-03-10 14:25:00,金阳北路,1、追尾的,负全部责任,不负责任,1,贵AA882T,银,1,贵A7228Z,红,-1,520108,-1,2009/1/19 0:00,五菱牌,比亚迪牌,366563000000000000 ,366069000000000000 ,199103,198111,14,1,3,工作日,非高峰,2015-03-10,2015年3月10日,小雨 /小雨,8℃ / 4℃,东北风 ≤3级 /东北风 ≤3级,小雨,小雨,8,4,东北风,≤3级,东北风,≤3级,day
2015-03-10 14:10:00,改茶路, ,负全部责任,不负责任,1,贵JDR686,黑,1,贵AU6923,白,-1,自培,-1,1997/7/14 0:00,东风标致牌,捷达牌,366846000000000000 ,364547000000000000 ,196101,197105,14,1,3,工作日,非高峰,2015-03-10,2015年3月10日,小雨 /小雨,8℃ / 4℃,东北风 ≤3级 /东北风 ≤3级,小雨,小雨,8,4,东北风,≤3级,东北风,≤3级,day
2015-03-10 14:30:00,云环路,7、未按规定让行的 ,负全部责任,不负责任,1,贵A71S31,黑,1,贵HS1677,红,-1,贵大佳德驾驶培训学校,-1,2011/11/7 0:00,酷威,福克斯牌,576566000000000000 ,366662000000000000 ,198602,198111,14,1,3,工作日,非高峰,2015-03-10,2015年3月10日,小雨 /小雨,8℃ / 4℃,东北风 ≤3级 /东北风 ≤3级,小雨,小雨,8,4,东北风,≤3级,东北风,≤3级,day
2015-03-10 15:57:00,马王庙,7、未按规定让行的 ,负全部责任,不负责任,0,贵AMH697,银,1,贵A41M93,红,-1,全林驾校,-1,2013/9/22 0:00,吉利美日牌,长安牌,3645460000000000 ,364596000000000000 ,690727,199205,15,1,3,工作日,非高峰,2015-03-10,2015年3月10日,小雨 /小雨,8℃ / 4℃,东北风 ≤3级 /东北风 ≤3级,小雨,小雨,8,4,东北风,≤3级,东北风,≤3级,day
2015-03-10 16:00:00,花果园,8、依法应负全责的其他情形,负全部责任,不负责任,0,贵A39N15,银,1,贵A8640M,银,-1,-1,-1,-1,福特牌,五菱牌,3660640000000000 ,36636800000000000 ,197703,197212,16,1,3,工作日,非高峰,2015-03-10,2015年3月10日,小雨 /小雨,8℃ / 4℃,东北风 ≤3级 /东北风 ≤3级,小雨,小雨,8,4,东北风,≤3级,东北风,≤3级,day
2015-03-10 10:52:00,流云花园,7、未按规定让行的 ,负全部责任,不负责任,1,贵AU3145,绿,1,贵A0713X ,白,自培,-1,2005/4/26 0:00,-1,隆鑫牌,-1,355566000000000000 ,366868000000000000 ,196410,197808,10,1,3,工作日,非高峰,2015-03-10,2015年3月10日,小雨 /小雨,8℃ / 4℃,东北风 ≤3级 /东北风 ≤3级,小雨,小雨,8,4,东北风,≤3级,东北风,≤3级,day
2015-03-10 12:07:00,万江小区,7、未按规定让行的 ,负全部责任,不负责任,1,贵AN7361,黄,1,贵A51X46,银,自培,自培,2004/10/19 0:00,1995/5/20 0:00,科雷傲,五菱牌,366367000000000000 ,354669000000000000 ,197605,197206,12,1,3,工作日,非高峰,2015-03-10,2015年3月10日,小雨 /小雨,8℃ / 4℃,东北风 ≤3级 /东北风 ≤3级,小雨,小雨,8,4,东北风,≤3级,东北风,≤3级,day
2015-03-10 12:30:00,乌当,7、未按规定让行的 ,负全部责任,不负责任,1,贵AKQ069,黑,1,贵A43G62,黑,自培,全林驾校,2002/12/17 0:00,2011/10/12 0:00,轩逸牌,大众牌,364548000000000000 ,364557000000000000 ,196901,199201,12,1,3,工作日,非高峰,2015-03-10,2015年3月10日,小雨 /小雨,8℃ / 4℃,东北风 ≤3级 /东北风 ≤3级,小雨,小雨,8,4,东北风,≤3级,东北风,≤3级,day
2015-03-10 12:40:00,幸福家园,7、未按规定让行的 ,负全部责任,不负责任,1,贵AFF457,黑,1,贵A3BW90,银,自培,铁二局驾校,2003/7/31 0:00,2014/5/19 0:00,长安,雷克萨斯,364547000000000000 ,364547000000000000 ,197012,198107,12,1,3,工作日,非高峰,2015-03-10,2015年3月10日,小雨 /小雨,8℃ / 4℃,东北风 ≤3级 /东北风 ≤3级,小雨,小雨,8,4,东北风,≤3级,东北风,≤3级,day
2015-03-10 14:30:00,杨家山隧道,1、追尾的,负全部责任,不负责任,1,贵A2254P,白色,1,贵A0B769,黑色,自培,铁二局驾校,2000/8/28 0:00,2012/3/31 0:00,长安牌,吉利牌,705696000000000000 ,364556000000000000 ,197101,197009,14,1,3,工作日,非高峰,2015-03-10,2015年3月10日,小雨 /小雨,8℃ / 4℃,东北风 ≤3级 /东北风 ≤3级,小雨,小雨,8,4,东北风,≤3级,东北风,≤3级,day
2015-03-10 11:00:00,黔林山路,1、追尾的,负全部责任,不负责任,0,贵A75W48,蓝,1,贵AM9452,银,-1,十一培,-1,1998/12/9 0:00,雷克萨斯,先风牌,366061000000000 ,364548000000000000 ,730923,197610,11,1,3,工作日,非高峰,2015-03-10,2015年3月10日,小雨 /小雨,8℃ / 4℃,东北风 ≤3级 /东北风 ≤3级,小雨,小雨,8,4,东北风,≤3级,东北风,≤3级,day
2015-03-10 11:20:00,花溪大道,3、倒车的,负全部责任,不负责任,1,贵AR5026,白色,1,贵AU0792,白色,-1,自培,-1,2003/12/16 0:00,长安牌,巴山牌,364556000000000000 ,364548000000000000 ,198912,197401,11,1,3,工作日,非高峰,2015-03-10,2015年3月10日,小雨 /小雨,8℃ / 4℃,东北风 ≤3级 /东北风 ≤3级,小雨,小雨,8,4,东北风,≤3级,东北风,≤3级,day
2015-03-10 11:35:00,万科悦楼,7、未按规定让行的 ,负全部责任,不负责任,1,贵ALJ554,银,1,贵AU8798,绿,诚信驾驶培训学校,自培,2010/11/24 0:00,2007/12/24 0:00,五菱牌,金捷牌,74365500000000000 ,74667500000000000 ,199110,198611,11,1,3,工作日,非高峰,2015-03-10,2015年3月10日,小雨 /小雨,8℃ / 4℃,东北风 ≤3级 /东北风 ≤3级,小雨,小雨,8,4,东北风,≤3级,东北风,≤3级,day
2015-03-10 13:35:00,中山西路,7、未按规定让行的 ,负全部责任,不负责任,1,贵AVF285,白,1,贵AV9937,黑,自培,自培,2007/2/1 0:00,2005/4/14 0:00,梅赛德斯-奔驰,新大洲牌,364547000000000000 ,366367000000000000 ,198401,198206,13,1,3,工作日,非高峰,2015-03-10,2015年3月10日,小雨 /小雨,8℃ / 4℃,东北风 ≤3级 /东北风 ≤3级,小雨,小雨,8,4,东北风,≤3级,东北风,≤3级,day
2015-03-10 10:56:00,北京路,1、追尾的,负全部责任,不负责任,1,贵AW5129,红,1,贵HAS479,蓝,自培,自培,2005/8/24 0:00,2014/6/11 0:00,豪爵牌,海马牌,366846000000000000 ,366367000000000000 ,195705,197012,10,1,3,工作日,非高峰,2015-03-10,2015年3月10日,小雨 /小雨,8℃ / 4℃,东北风 ≤3级 /东北风 ≤3级,小雨,小雨,8,4,东北风,≤3级,东北风,≤3级,day
2015-03-10 12:20:00,青云路,7、未按规定让行的 ,负全部责任,不负责任,1,贵AU2167,白色,1,贵A86P63,白色,自培,自培,2004/7/29 0:00,2004/12/2 0:00,瑞麒牌,大众汽车牌,366347000000000000 ,364548000000000000 ,197609,197601,12,1,3,工作日,非高峰,2015-03-10,2015年3月10日,小雨 /小雨,8℃ / 4℃,东北风 ≤3级 /东北风 ≤3级,小雨,小雨,8,4,东北风,≤3级,东北风,≤3级,day
2015-03-10 15:30:00,石林西路,1、追尾的,负全部责任,不负责任,0,贵AFA336,白,1,贵A1BE19,黑,（经开区）十一驾驶培训有限公司,全林驾校,2006/2/17 0:00,2014/11/14 0:00,力帆牌,哈弗牌,366347000000000000 ,366346000000000000 ,198510,198112,15,1,3,工作日,非高峰,2015-03-10,2015年3月10日,小雨 /小雨,8℃ / 4℃,东北风 ≤3级 /东北风 ≤3级,小雨,小雨,8,4,东北风,≤3级,东北风,≤3级,day
2015-03-10 13:50:00,金阳南路,7、未按规定让行的 ,负全部责任,不负责任,1,贵A2437Y,黑,1,贵AU7461,绿,贵州现代驾驶培训责任有限公司,-1,2006/8/25 0:00,-1,大众汽车牌,黄海牌,364557000000000000 ,36454700000000000 ,196912,196906,13,1,3,工作日,非高峰,2015-03-10,2015年3月10日,小雨 /小雨,8℃ / 4℃,东北风 ≤3级 /东北风 ≤3级,小雨,小雨,8,4,东北风,≤3级,东北风,≤3级,day
2015-03-10 13:36:00,白云区,1、追尾的,负全部责任,不负责任,1,粤B863VJ,黑,1,贵JAH868,银,-1,贵阳学院汽车驾驶培训,-1,2014/9/22 0:00,启辰牌,翼搏牌,36686351144946747X,366864000000000000 ,199008,198911,13,1,3,工作日,非高峰,2015-03-10,2015年3月10日,小雨 /小雨,8℃ / 4℃,东北风 ≤3级 /东北风 ≤3级,小雨,小雨,8,4,东北风,≤3级,东北风,≤3级,day
2015-03-10 13:35:00,八匹马,9、不符合前8款规定或者双方同时具有上述情形的,负全部责任,不负责任,1,贵A7618H,蓝,1,贵A0392,银,-1,自培,-1,2003/11/12 0:00,雪佛兰牌,东风雪铁龙牌,36634700000000000 ,36455651955557765X,198310,198111,13,1,3,工作日,非高峰,2015-03-10,2015年3月10日,小雨 /小雨,8℃ / 4℃,东北风 ≤3级 /东北风 ≤3级,小雨,小雨,8,4,东北风,≤3级,东北风,≤3级,day
2015-03-10 13:45:00,红花西市,7、未按规定让行的 ,负全部责任,不负责任,1,贵A61B44,银,1,贵ATL949,白,路路达驾校,贵州省长安驾驶培训学校,2013/3/20 0:00,2011/7/29 0:00,蒙迪欧牌,骊威牌,364567000000000000 ,366067000000000000 ,198812,198902,13,1,3,工作日,非高峰,2015-03-10,2015年3月10日,小雨 /小雨,8℃ / 4℃,东北风 ≤3级 /东北风 ≤3级,小雨,小雨,8,4,东北风,≤3级,东北风,≤3级,day
2015-03-10 14:30:00,小车河,7、未按规定让行的 ,负全部责任,不负责任,1,贵AMK945,白色,1,贵AB361F,黑色,（南明区）阳光驾驶培训有限公司,-1,2005/1/11 0:00,-1,长安牌,江铃牌,364547000000000000 ,366369000000000000 ,197412,197904,14,1,3,工作日,非高峰,2015-03-10,2015年3月10日,小雨 /小雨,8℃ / 4℃,东北风 ≤3级 /东北风 ≤3级,小雨,小雨,8,4,东北风,≤3级,东北风,≤3级,day