accidenttime,accidentaddr,driver1fault,driver1responsibility,driver2responsibility,sex1,platenumber1,carcolor1,sex2,platenumber2,carcolor2,jxmc1,jxmc2,cclzrq1,cclzrq2,clpp1,clpp2,driver1license,driver2license,brith1,brith2,hour,weekday,month,is_weekday,peak_hour,date,日期,天气状况,气温,风力风向,day_wea,night_wea,day_tep,night_tep,day_wind_direction,day_wind_speed,night_wind_direction,night_wind_speed,segment
2015-03-10 14:30:00,工庄,7、未按规定让行的 ,负全部责任,不负责任,1,贵GJ3419,银,1,贵AU9817,绿,自培,520114,2009/4/29 0:00,2006/7/14 0:00,吉利牌,瑞麒牌,356761000000000000 ,366364000000000000 ,197204,197310,14,1,3,工作日,非高峰,2015-03-10,2015年3月10日,小雨 /小雨,8℃ / 4℃,东北风 ≤3级 /东北风 ≤3级,小雨,小雨,8,4,东北风,≤3级,东北风,≤3级,day
2015-03-10 16:30:00,小车河,1、追尾的,负全部责任,不负责任,1,贵A58716,白色,1,贵A22M54,白色,-1,蓝天驾校,-1,2013/7/22 0:00,长城牌,歌诗图牌,364548000000000 ,366664000000000000 ,790821,198401,16,1,3,工作日,非高峰,2015-03-10,2015年3月10日,小雨 /小雨,8℃ / 4℃,东北风 ≤3级 /东北风 ≤3级,小雨,小雨,8,4,东北风,≤3级,东北风,≤3级,day
2015-03-10 16:30:00,沙坡,8、依法应负全责的其他情形,负全部责任,不负责任,1,贵APG317,白,1,贵A3108M,银,-1,520127,-1,2010/3/15 0:00,解放牌,速腾牌,364547000000000 ,364558000000000000 ,780622,197111,16,1,3,工作日,非高峰,2015-03-10,2015年3月10日,小雨 /小雨,8℃ / 4℃,东北风 ≤3级 /东北风 ≤3级,小雨,小雨,8,4,东北风,≤3级,东北风,≤3级,day
2015-03-10 17:00:00,贵钢,1、追尾的,负全部责任,不负责任,1,贵JBU837,银,1,贵ABM992,白,-1,贵州省长安驾驶培训学校,-1,2012/1/19 0:00,丰田牌,华泰圣达菲牌,3695510000000000 ,364548000000000000 ,196203,199006,17,1,3,工作日,晚高峰(17-19点),2015-03-10,2015年3月10日,小雨 /小雨,8℃ / 4℃,东北风 ≤3级 /东北风 ≤3级,小雨,小雨,8,4,东北风,≤3级,东北风,≤3级,day
2015-03-10 18:10:00,紫林俺,7、未按规定让行的 ,负全部责任,不负责任,1,贵A57M24,白色,1,贵AU7809,白色,-1,消防驾校,-1,2005/1/31 0:00,大众汽车牌,隆鑫牌,364547000000000 ,366368000000000000 ,691214,197201,18,1,3,工作日,晚高峰(17-19点),2015-03-10,2015年3月10日,小雨 /小雨,8℃ / 4℃,东北风 ≤3级 /东北风 ≤3级,小雨,小雨,8,4,东北风,≤3级,东北风,≤3级,day
2015-03-10 15:50:00,小河兴隆花园,1、追尾的,负全部责任,不负责任,1,贵AKA415,白色,1,贵GJ1668,白色,贵州省长安驾驶培训学校,铁二局驾校,2011/2/17 0:00,2013/12/18 0:00,途锐,劳恩斯,364566000000000000 ,366063000000000000 ,199203,199405,15,1,3,工作日,非高峰,2015-03-10,2015年3月10日,小雨 /小雨,8℃ / 4℃,东北风 ≤3级 /东北风 ≤3级,小雨,小雨,8,4,东北风,≤3级,东北风,≤3级,day
2015-03-10 17:10:00,野鸭塘,7、未按规定让行的 ,负全部责任,不负责任,1,贵FP5546,白,0,贵A79J69,红,消防驾校,文通驾校,2013/7/1 0:00,2010/11/2 0:00,福田牌,东风日产牌,366368000000000000 ,364557000000000000 ,198209,197310,17,1,3,工作日,晚高峰(17-19点),2015-03-10,2015年3月10日,小雨 /小雨,8℃ / 4℃,东北风 ≤3级 /东北风 ≤3级,小雨,小雨,8,4,东北风,≤3级,东北风,≤3级,day
2015-03-10 14:10:00,金关,8、依法应负全责的其他情形,负全部责任,不负责任,1,贵A15773,蓝,1,贵A63288,红,自培,十一培,2010/10/15 0:00,1995/1/31 0:00,豪进牌,缤智牌,366363000000000000 ,364547000000000000 ,199205,196803,14,1,3,工作日,非高峰,2015-03-10,2015年3月10日,小雨 /小雨,8℃ / 4℃,东北风 ≤3级 /东北风 ≤3级,小雨,小雨,8,4,东北风,≤3级,东北风,≤3级,day
2015-03-10 14:10:00,北京西路,1、追尾的,负全部责任,不负责任,1,贵A6253U,红,1,贵GQ6195,红,自培,自培,2004/6/25 0:00,2006/3/3 0:00,吉利美日牌,翼搏牌,36606651825462785X,364557000000000000 ,197610,198611,14,1,3,工作日,非高峰,2015-03-10,2015年3月10日,小雨 /小雨,8℃ / 4℃,东北风 ≤3级 /东北风 ≤3级,小雨,小雨,8,4,东北风,≤3级,东北风,≤3级,day
2015-03-10 15:02:00,扶风路,7、未按规定让行的 ,负全部责任,不负责任,1,贵ACE143,蓝,1,贵A78B52,白,贵大佳德驾驶培训学校,自培,2012/12/27 0:00,2001/10/17 0:00,大众汽车牌,沃尔沃,355468000000000000 ,364547000000000000 ,198308,196603,15,1,3,工作日,非高峰,2015-03-10,2015年3月10日,小雨 /小雨,8℃ / 4℃,东北风 ≤3级 /东北风 ≤3级,小雨,小雨,8,4,东北风,≤3级,东北风,≤3级,day
2015-03-10 15:50:00,化工路,8、依法应负全责的其他情形,负全部责任,不负责任,1,贵AK4923,黄,1,贵A93K21,白,自培,自培,2012/12/6 0:00,2002/8/23 0:00,豪爵牌,长安牌,36455651844848507X,366046000000000000 ,197007,196809,15,1,3,工作日,非高峰,2015-03-10,2015年3月10日,小雨 /小雨,8℃ / 4℃,东北风 ≤3级 /东北风 ≤3级,小雨,小雨,8,4,东北风,≤3级,东北风,≤3级,day
2015-03-10 14:30:00,乌当,1、追尾的,负全部责任,不负责任,1,贵A882F8,红,1,贵ANF963,蓝,大方县坤豪机动车驾驶技能培训中心,自培,2013/12/23 0:00,2003/5/20 0:00,华神牌,长城牌,366067000000000000 ,364547000000000000 ,199303,197101,14,1,3,工作日,非高峰,2015-03-10,2015年3月10日,小雨 /小雨,8℃ / 4℃,东北风 ≤3级 /东北风 ≤3级,小雨,小雨,8,4,东北风,≤3级,东北风,≤3级,day
2015-03-10 16:30:00,云岩区,5、开关车门的,负全部责任,不负责任,1,贵A5AP87,黄,1,贵AS8366,蓝,-1,自培,-1,2002/10/22 0:00,东南牌,马自达牌,364548000000000 ,364547000000000000 ,770529,197907,16,1,3,工作日,非高峰,2015-03-10,2015年3月10日,小雨 /小雨,8℃ / 4℃,东北风 ≤3级 /东北风 ≤3级,小雨,小雨,8,4,东北风,≤3级,东北风,≤3级,day
2015-03-10 16:50:00,北京西路,1、追尾的,负全部责任,不负责任,1,贵A8CB31,白,1,贵AU6733,蓝,遵义市驰龙封闭式汽车驾驶培训有限公司,自培,2011/3/3 0:00,2002/11/26 0:00,吉利牌,蜀都牌,366562000000000000 ,366070000000000000 ,198308,197410,16,1,3,工作日,非高峰,2015-03-10,2015年3月10日,小雨 /小雨,8℃ / 4℃,东北风 ≤3级 /东北风 ≤3级,小雨,小雨,8,4,东北风,≤3级,东北风,≤3级,day
2015-03-10 15:10:00,林城西路,8、依法应负全责的其他情形,负全部责任,不负责任,1,贵EE9206,红,1,贵AB308X,黑,自培,自培,2003/7/6 0:00,2002/2/7 0:00,梅赛德斯-奔驰2996CC小客车,锋范牌,776246000000000000 ,366347000000000000 ,197204,197708,15,1,3,工作日,非高峰,2015-03-10,2015年3月10日,小雨 /小雨,8℃ / 4℃,东北风 ≤3级 /东北风 ≤3级,小雨,小雨,8,4,东北风,≤3级,东北风,≤3级,day
2015-03-10 17:00:00,八匹马,7、未按规定让行的 ,负全部责任,不负责任,1,贵CNT872,白,1,贵A88614,黄,-1,消防驾校,-1,1993/9/3 0:00,吉利牌,宇通牌,366562000000000000 ,36636351864656445X,199310,197202,17,1,3,工作日,晚高峰(17-19点),2015-03-10,2015年3月10日,小雨 /小雨,8℃ / 4℃,东北风 ≤3级 /东北风 ≤3级,小雨,小雨,8,4,东北风,≤3级,东北风,≤3级,day
2015-03-10 17:05:00,贵开路, ,负同等责任,负同等责任,1,贵AS2296,白,1,贵A62326,银,-1,蓝天驾校,-1,-1,东风日产牌,长安,366061000000000000 ,366061000000000000 ,197910,197211,17,1,3,工作日,晚高峰(17-19点),2015-03-10,2015年3月10日,小雨 /小雨,8℃ / 4℃,东北风 ≤3级 /东北风 ≤3级,小雨,小雨,8,4,东北风,≤3级,东北风,≤3级,day
2015-03-10 17:35:00,花果园,7、未按规定让行的 ,负全部责任,不负责任,1,渝BP2243,白色,1,贵ASP494,白色,-1,贵州现代驾驶培训责任有限公司,-1,2011/4/21 0:00,无,理念牌,256767000000000000 ,366347000000000000 ,197902,198310,17,1,3,工作日,晚高峰(17-19点),2015-03-10,2015年3月10日,小雨 /小雨,8℃ / 4℃,东北风 ≤3级 /东北风 ≤3级,小雨,小雨,8,4,东北风,≤3级,东北风,≤3级,day
2015-03-10 16:50:00,花果园,1、追尾的,负全部责任,不负责任,1,贵A2711Y,白色,1,贵A96506,白色,长运驾校,-1,2014/2/21 0:00,-1,东风标致牌,红岩牌,364547000000000000 ,36646500000000000 ,198812,980041,16,1,3,工作日,非高峰,2015-03-10,2015年3月10日,小雨 /小雨,8℃ / 4℃,东北风 ≤3级 /东北风 ≤3级,小雨,小雨,8,4,东北风,≤3级,东北风,≤3级,day
2015-03-10 19:30:00,花果园,3、倒车的,负全部责任,不负责任,1,贵A52T13,银,1,贵AJT972,银,-1,520117,-1,2008/3/25 0:00,-1,长城牌,3665630000000000 ,364548000000000000 ,710714,196402,19,1,3,工作日,晚高峰(17-19点),2015-03-10,2015年3月10日,小雨 /小雨,8℃ / 4℃,东北风 ≤3级 /东北风 ≤3级,小雨,小雨,8,4,东北风,≤3级,东北风,≤3级,day
2015-03-10 17:30:00,长岭北路,7、未按规定让行的 ,负全部责任,不负责任,1,贵AV284,黄,1,贵A0969M,黑,-1,520127,-1,2008/5/27 0:00,-1,丰田牌,364567000000000000 ,366570000000000000 ,199107,198809,17,1,3,工作日,晚高峰(17-19点),2015-03-10,2015年3月10日,小雨 /小雨,8℃ / 4℃,东北风 ≤3级 /东北风 ≤3级,小雨,小雨,8,4,东北风,≤3级,东北风,≤3级,day
2015-03-10 18:45:00,云峰大道,8、依法应负全责的其他情形,负全部责任,不负责任,1,贵ACF454,红,1,贵JCY554,白,-1,消防驾校,1977/4/21 0:00,2011/10/14 0:00,中华牌,长安牌,364558000000000000 ,366864000000000000 ,195506,199108,18,1,3,工作日,晚高峰(17-19点),2015-03-10,2015年3月10日,小雨 /小雨,8℃ / 4℃,东北风 ≤3级 /东北风 ≤3级,小雨,小雨,8,4,东北风,≤3级,东北风,≤3级,day
2015-03-10 18:24:00,金源街,7、未按规定让行的 ,负全部责任,不负责任,1,贵GJ9669,银,1,贵GP6477,黑,-1,-1,-1,-1,大众汽车牌,长安牌,366570000000000000 ,354370000000000000 ,196203,197407,18,1,3,工作日,晚高峰(17-19点),2015-03-10,2015年3月10日,小雨 /小雨,8℃ / 4℃,东北风 ≤3级 /东北风 ≤3级,小雨,小雨,8,4,东北风,≤3级,东北风,≤3级,day
2015-03-10 18:00:00,长江路,1、追尾的,负全部责任,不负责任,1,贵AVA937,黑色,1,贵GM5809,蓝色,贵州省长安驾驶培训学校,贵州省长安驾驶培训学校,2010/6/1 0:00,2015/1/29 0:00,思威牌,雪佛兰牌,364547000000000000 ,366367000000000000 ,198502,198110,18,1,3,工作日,晚高峰(17-19点),2015-03-10,2015年3月10日,小雨 /小雨,8℃ / 4℃,东北风 ≤3级 /东北风 ≤3级,小雨,小雨,8,4,东北风,≤3级,东北风,≤3级,day
2015-03-10 19:10:00,中坝,1、追尾的,负全部责任,不负责任,1,浙BA4K46,白,1,贵A3067U,蓝,-1,消防驾校,-1,2012/10/9 0:00,长安牌,长安牌,366064000000000000 ,364558000000000000 ,198309,198006,19,1,3,工作日,晚高峰(17-19点),2015-03-10,2015年3月10日,小雨 /小雨,8℃ / 4℃,东北风 ≤3级 /东北风 ≤3级,小雨,小雨,8,4,东北风,≤3级,东北风,≤3级,day
2015-03-10 21:00:00,龙泉街,7、未按规定让行的 ,负全部责任,不负责任,0,泸C875C2,黑,1,渝A12C92,黑,鑫鑫驾校,-1,2014/5/20 0:00,-1,\N,长安牌,704967000000000000 ,364567000000000000 ,198011,198709,21,1,3,工作日,非高峰,2015-03-10,2015年3月10日,小雨 /小雨,8℃ / 4℃,东北风 ≤3级 /东北风 ≤3级,小雨,小雨,8,4,东北风,≤3级,东北风,≤3级,night
2015-03-10 17:00:00,后坝,7、未按规定让行的 ,负全部责任,不负责任,1,渝A86123,黑,1,贵DX3674,银,自培,-1,2007/10/15 0:00,-1,中联牌,力帆牌,366566000000000000 ,366669000000000000 ,197211,198504,17,1,3,工作日,晚高峰(17-19点),2015-03-10,2015年3月10日,小雨 /小雨,8℃ / 4℃,东北风 ≤3级 /东北风 ≤3级,小雨,小雨,8,4,东北风,≤3级,东北风,≤3级,day
2015-03-10 17:10:00,通化路,7、未按规定让行的 ,负全部责任,不负责任,1,贵AB3736,红,1,贵A26739,黄,吉源驾校,十一培,2012/9/24 0:00,1994/8/22 0:00,兰盾牌,宇通牌,366347000000000000 ,364548000000000000 ,198104,195807,17,1,3,工作日,晚高峰(17-19点),2015-03-10,2015年3月10日,小雨 /小雨,8℃ / 4℃,东北风 ≤3级 /东北风 ≤3级,小雨,小雨,8,4,东北风,≤3级,东北风,≤3级,day
2015-03-10 19:00:00,乌当,7、未按规定让行的 ,负全部责任,不负责任,1,贵AG8283,蓝,1,贵A86259,红,-1,十一培,-1,1999/7/23 0:00,东风雪铁龙,雅阁,364547000000 ,366068000000000000 ,236714,197704,19,1,3,工作日,晚高峰(17-19点),2015-03-10,2015年3月10日,小雨 /小雨,8℃ / 4℃,东北风 ≤3级 /东北风 ≤3级,小雨,小雨,8,4,东北风,≤3级,东北风,≤3级,day
2015-03-10 20:25:00,金顶山,7、未按规定让行的 ,负全部责任,不负责任,1,浙K1533E,黑,1,贵A0BE87,银,-1,十一培,-1,1987/8/15 0:00,奥德赛牌,松花江,77634700000000000 ,36636651284360445X,197609,196705,20,1,3,工作日,非高峰,2015-03-10,2015年3月10日,小雨 /小雨,8℃ / 4℃,东北风 ≤3级 /东北风 ≤3级,小雨,小雨,8,4,东北风,≤3级,东北风,≤3级,night
2015-03-10 20:20:00,乌当,7、未按规定让行的 ,负全部责任,不负责任,1,贵AB876X,绿,0,贵AK2891,蓝,新天驾校,自培,2012/12/19 0:00,2004/3/31 0:00,豪情牌,宝马,364548000000000000 ,364558000000000000 ,198507,196104,20,1,3,工作日,非高峰,2015-03-10,2015年3月10日,小雨 /小雨,8℃ / 4℃,东北风 ≤3级 /东北风 ≤3级,小雨,小雨,8,4,东北风,≤3级,东北风,≤3级,night
2015-03-10 21:03:00,大营坡,8、依法应负全责的其他情形,负全部责任,不负责任,1,贵F9199,蓝,1,贵A65P52,白,新华驾校,自培,2014/11/19 0:00,2004/1/8 0:00,-1,吉利美日牌,364557000000000000 ,354767000000000000 ,197402,198211,21,1,3,工作日,非高峰,2015-03-10,2015年3月10日,小雨 /小雨,8℃ / 4℃,东北风 ≤3级 /东北风 ≤3级,小雨,小雨,8,4,东北风,≤3级,东北风,≤3级,night
2015-03-10 18:40:00,中华中路,8、依法应负全责的其他情形,负全部责任,不负责任,1,贵ALG802,白,1,贵AX78102,黑,520127,自培,2001/5/10 0:00,2006/3/2 0:00,长安牌,-1,355468000000000000 ,366068000000000000 ,196703,198105,18,1,3,工作日,晚高峰(17-19点),2015-03-10,2015年3月10日,小雨 /小雨,8℃ / 4℃,东北风 ≤3级 /东北风 ≤3级,小雨,小雨,8,4,东北风,≤3级,东北风,≤3级,day
2015-03-10 17:16:00,中华中路,1、追尾的,负全部责任,不负责任,1,贵AHV861,银,1,贵AR2459,黑,自培,自培,2004/4/28 0:00,2006/6/1 0:00,蒙迪欧牌,梅赛德斯-奔驰牌,366277000000000000 ,364548000000000000 ,198507,198505,17,1,3,工作日,晚高峰(17-19点),2015-03-10,2015年3月10日,小雨 /小雨,8℃ / 4℃,东北风 ≤3级 /东北风 ≤3级,小雨,小雨,8,4,东北风,≤3级,东北风,≤3级,day
2015-03-10 17:30:00,三桥,8、依法应负全责的其他情形,负全部责任,不负责任,1,贵AGW744,白,1,贵A83E98,红,自培,自培,2004/9/19 0:00,2006/3/23 0:00,解放牌,哈飞牌,366367000000000000 ,366067000000000000 ,197301,197604,17,1,3,工作日,晚高峰(17-19点),2015-03-10,2015年3月10日,小雨 /小雨,8℃ / 4℃,东北风 ≤3级 /东北风 ≤3级,小雨,小雨,8,4,东北风,≤3级,东北风,≤3级,day
2015-03-10 16:20:00,野鸭塘,8、依法应负全责的其他情形,负全部责任,不负责任,1,贵J32938,红,1,贵AB618H,红,自培,自培,2004/11/4 0:00,2011/6/14 0:00,解放牌,夏利牌,366274000000000000 ,366068000000000000 ,197912,197212,16,1,3,工作日,非高峰,2015-03-10,2015年3月10日,小雨 /小雨,8℃ / 4℃,东北风 ≤3级 /东北风 ≤3级,小雨,小雨,8,4,东北风,≤3级,东北风,≤3级,day
2015-03-11 07:30:00,金关,7、未按规定让行的 ,负全部责任,不负责任,1,贵A6AR11,红,1,贵AU6394,蓝,-1,自培,-1,2012/9/25 0:00,长城牌,捷达牌,366675000000000000 ,36456751995649007X,198701,198812,7,2,3,工作日,早高峰(7-9点),2015-03-11,2015年3月11日,阴 /小雨,8℃ / 4℃,东北风 ≤3级 /东北风 ≤3级,阴,小雨,8,4,东北风,≤3级,东北风,≤3级,day
2015-03-11 00:00:00,二戈寨,7、未按规定让行的 ,负全部责任,不负责任,1,贵EK9691,白色,1,贵AHV941,白色,-1,铁二局驾校,-1,2011/11/23 0:00,大众汽车牌,福特牌,36676651615445565X,364547000000000000 ,192910,197506,0,2,3,工作日,非高峰,2015-03-11,2015年3月11日,阴 /小雨,8℃ / 4℃,东北风 ≤3级 /东北风 ≤3级,阴,小雨,8,4,东北风,≤3级,东北风,≤3级,night
2015-03-10 20:39:00,金苏大道,1、追尾的,负全部责任,不负责任,0,贵HN3934,蓝,1,贵AKQ439,红,-1,自培,-1,1995/4/22 0:00,轩逸牌,奥迪,364558000000000000 ,364558000000000000 ,198410,197507,20,1,3,工作日,非高峰,2015-03-10,2015年3月10日,小雨 /小雨,8℃ / 4℃,东北风 ≤3级 /东北风 ≤3级,小雨,小雨,8,4,东北风,≤3级,东北风,≤3级,night
2015-03-11 07:50:00,沙冲路,1、追尾的,负全部责任,不负责任,1,贵GQ4221,黑色,1,贵ADR156,黑色,长运驾校,预约考试窗口,2014/2/19 0:00,2007/6/26 0:00,别克牌,大众汽车牌,35467651974540695X,366664000000000000 ,198301,196404,7,2,3,工作日,早高峰(7-9点),2015-03-11,2015年3月11日,阴 /小雨,8℃ / 4℃,东北风 ≤3级 /东北风 ≤3级,阴,小雨,8,4,东北风,≤3级,东北风,≤3级,day
2015-03-11 08:10:00,新世界,8、依法应负全责的其他情形,负全部责任,不负责任,1,贵A7097M,黄,0,贵A7539Z,蓝,消防驾校,十一驾驶培训有限公司,2006/6/20 0:00,2013/8/29 0:00,长安牌,长安牌,366364000000000000 ,36455751834061726X,197012,197504,8,2,3,工作日,早高峰(7-9点),2015-03-11,2015年3月11日,阴 /小雨,8℃ / 4℃,东北风 ≤3级 /东北风 ≤3级,阴,小雨,8,4,东北风,≤3级,东北风,≤3级,day
2015-03-11 07:50:00,遵义路,7、未按规定让行的 ,负全部责任,不负责任,0,贵A98943,银,1,贵AHT474,黑,（白云区）消防驾驶培训学校,-1,2010/2/22 0:00,-1,东风牌,东风日产牌,376563000000000000 ,65495500000000000 ,197912,199008,7,2,3,工作日,早高峰(7-9点),2015-03-11,2015年3月11日,阴 /小雨,8℃ / 4℃,东北风 ≤3级 /东北风 ≤3级,阴,小雨,8,4,东北风,≤3级,东北风,≤3级,day
2015-03-11 09:10:00,小河王武,9、不符合前8款规定或者双方同时具有上述情形的,负同等责任,负同等责任,1,贵A6585F,白色,1,贵A4455J,白色,-1,-1,-1,-1,长城牌,江淮牌,366363000000000 ,36455000000000000 ,750510,975042,9,2,3,工作日,早高峰(7-9点),2015-03-11,2015年3月11日,阴 /小雨,8℃ / 4℃,东北风 ≤3级 /东北风 ≤3级,阴,小雨,8,4,东北风,≤3级,东北风,≤3级,day
2015-03-11 09:10:00,王武村,9、不符合前8款规定或者双方同时具有上述情形的,负同等责任,负同等责任,1,贵A4455J,白色,1,贵A6585F,白色,-1,-1,-1,-1,江淮牌,长城牌,36455000000000000 ,366363000000000 ,975042,750510,9,2,3,工作日,早高峰(7-9点),2015-03-11,2015年3月11日,阴 /小雨,8℃ / 4℃,东北风 ≤3级 /东北风 ≤3级,阴,小雨,8,4,东北风,≤3级,东北风,≤3级,day
2015-03-11 09:40:00,碧海西路,7、未按规定让行的 ,负全部责任,不负责任,1,贵AZE892,白,1,贵AHQ891,白,-1,-1,-1,-1,福特牌,沃尔沃牌,364648000000000000 ,36634700000000000 ,196702,198311,9,2,3,工作日,早高峰(7-9点),2015-03-11,2015年3月11日,阴 /小雨,8℃ / 4℃,东北风 ≤3级 /东北风 ≤3级,阴,小雨,8,4,东北风,≤3级,东北风,≤3级,day
2015-03-11 10:50:00,二七街,7、未按规定让行的 ,负全部责任,不负责任,1,贵A0BW98,白色,1,贵A16V86,黑色,-1,520101,-1,2008/12/25 0:00,长安牌,奥迪牌,366577000000000000 ,366046000000000000 ,198510,198503,10,2,3,工作日,非高峰,2015-03-11,2015年3月11日,阴 /小雨,8℃ / 4℃,东北风 ≤3级 /东北风 ≤3级,阴,小雨,8,4,东北风,≤3级,东北风,≤3级,day
2015-03-10 22:50:00,乌当,1、追尾的,负全部责任,不负责任,1,贵A3573H,银,1,贵AA662B,蓝,自培,文通驾校,2000/10/30 0:00,2012/1/9 0:00,五菱牌,宝骏牌,36455651964343445X,364557000000000000 ,198205,197512,22,1,3,工作日,非高峰,2015-03-10,2015年3月10日,小雨 /小雨,8℃ / 4℃,东北风 ≤3级 /东北风 ≤3级,小雨,小雨,8,4,东北风,≤3级,东北风,≤3级,night
2015-03-11 08:00:00,金阳中铁,7、未按规定让行的 ,负全部责任,不负责任,1,贵A63Z97,银,1,贵A29P32,白,自培,时发驾校,2007/9/28 0:00,2011/11/10 0:00,雪佛兰牌,索兰托,574747000000000000 ,366566000000000000 ,198510,197806,8,2,3,工作日,早高峰(7-9点),2015-03-11,2015年3月11日,阴 /小雨,8℃ / 4℃,东北风 ≤3级 /东北风 ≤3级,阴,小雨,8,4,东北风,≤3级,东北风,≤3级,day
2015-03-11 08:00:00,文昌北路,4、停车时未挂低速档、未拉驻车制动，导致车辆滑行的,负全部责任,不负责任,1,贵A0CB54,黑,1,贵AC1171,黑,自培,全林驾校,2002/2/7 0:00,2013/8/5 0:00,佳乐,宝雕牌,364548000000000000 ,364548000000000000 ,197412,199102,8,2,3,工作日,早高峰(7-9点),2015-03-11,2015年3月11日,阴 /小雨,8℃ / 4℃,东北风 ≤3级 /东北风 ≤3级,阴,小雨,8,4,东北风,≤3级,东北风,≤3级,day
2015-03-10 22:40:00,贵惠大道,1、追尾的,负全部责任,不负责任,1,贵AHZ440,红色,1,贵A71PA9,白色,自培,-1,2001/9/30 0:00,-1,别克牌,-1,366566000000000 ,3645560000000000 ,720415,197303,22,1,3,工作日,非高峰,2015-03-10,2015年3月10日,小雨 /小雨,8℃ / 4℃,东北风 ≤3级 /东北风 ≤3级,小雨,小雨,8,4,东北风,≤3级,东北风,≤3级,night
2015-03-11 06:10:00,西二环,1、追尾的,负全部责任,不负责任,1,贵A976A8,白色,1,贵A178PF,白色,自培,铁二局驾校,2008/5/6 0:00,2011/4/29 0:00,江淮牌,-1,726647000000000000 ,364568000000000000 ,198711,198909,6,2,3,工作日,非高峰,2015-03-11,2015年3月11日,阴 /小雨,8℃ / 4℃,东北风 ≤3级 /东北风 ≤3级,阴,小雨,8,4,东北风,≤3级,东北风,≤3级,day
2015-03-11 07:50:00,瑞金南路,1、追尾的,负全部责任,不负责任,1,贵AV5486,白色,1,贵A3F661,黑色,自培,-1,2003/7/21 0:00,-1,铃木牌,-1,364547000000000000 ,354366000000000000 ,196810,197112,7,2,3,工作日,早高峰(7-9点),2015-03-11,2015年3月11日,阴 /小雨,8℃ / 4℃,东北风 ≤3级 /东北风 ≤3级,阴,小雨,8,4,东北风,≤3级,东北风,≤3级,day
2015-03-11 09:00:00,金华园,7、未按规定让行的 ,负全部责任,不负责任,1,贵AF6201,白,1,贵ARW055,黑,自培,-1,2000/8/12 0:00,-1,大众汽车牌,雪佛兰,364547000000000000 ,364567000000000000 ,197303,197810,9,2,3,工作日,早高峰(7-9点),2015-03-11,2015年3月11日,阴 /小雨,8℃ / 4℃,东北风 ≤3级 /东北风 ≤3级,阴,小雨,8,4,东北风,≤3级,东北风,≤3级,day
2015-03-10 18:20:00,北京西路,7、未按规定让行的 ,负全部责任,不负责任,0,贵ATY762,黑,1,贵A54Y35,黑,（南明区）铁二局驾驶培训有限公司,十一培,2007/1/23 0:00,1994/12/20 0:00,丰田牌,帕萨特牌,364547000000000000 ,364548000000000000 ,197511,196110,18,1,3,工作日,晚高峰(17-19点),2015-03-10,2015年3月10日,小雨 /小雨,8℃ / 4℃,东北风 ≤3级 /东北风 ≤3级,小雨,小雨,8,4,东北风,≤3级,东北风,≤3级,day
2015-03-11 08:40:00,大营坡,7、未按规定让行的 ,负全部责任,不负责任,1,贵AJU938,黑,1,贵AU0228,蓝,铁二局驾校,十一培,2013/11/18 0:00,1998/5/26 0:00,富迪牌,嘉陵,357266000000000000 ,364557000000000000 ,199310,197206,8,2,3,工作日,早高峰(7-9点),2015-03-11,2015年3月11日,阴 /小雨,8℃ / 4℃,东北风 ≤3级 /东北风 ≤3级,阴,小雨,8,4,东北风,≤3级,东北风,≤3级,day
2015-03-10 21:00:00,大十字,7、未按规定让行的 ,负全部责任,不负责任,1,贵A23539,黑,0,贵A5AB79,银,自培,自培,2015/1/9 0:00,2005/1/24 0:00,宗申牌,大众牌,364548000000000000 ,36454651214259066X,198104,196906,21,1,3,工作日,非高峰,2015-03-10,2015年3月10日,小雨 /小雨,8℃ / 4℃,东北风 ≤3级 /东北风 ≤3级,小雨,小雨,8,4,东北风,≤3级,东北风,≤3级,night
2015-03-11 07:10:00,花果园,7、未按规定让行的 ,负全部责任,不负责任,1,贵AU7327,蓝,1,贵AHZ725,银,-1,自培,-1,2005/2/23 0:00,宝来牌,别克牌,364548000000000000 ,364547000000000000 ,196406,197608,7,2,3,工作日,早高峰(7-9点),2015-03-11,2015年3月11日,阴 /小雨,8℃ / 4℃,东北风 ≤3级 /东北风 ≤3级,阴,小雨,8,4,东北风,≤3级,东北风,≤3级,day
2015-03-10 22:20:00,北京西路,8、依法应负全责的其他情形,负全部责任,不负责任,0,贵ATB474,红,1,贵AU7421,绿,新天驾校,自培,2010/11/30 0:00,2004/6/10 0:00,东风日产牌,恒通客车牌,364548000000000000 ,366368000000000000 ,196702,198203,22,1,3,工作日,非高峰,2015-03-10,2015年3月10日,小雨 /小雨,8℃ / 4℃,东北风 ≤3级 /东北风 ≤3级,小雨,小雨,8,4,东北风,≤3级,东北风,≤3级,night
2015-03-11 11:00:00,贵惠大道,8、依法应负全责的其他情形,负全部责任,不负责任,1,贵A31X23,白色,1,贵AWC954,白色,-1,贵州平安驾驶培训学校,-1,2015/1/23 0:00,众泰牌,福克斯,366370000000000000 ,366046000000000000 ,199003,199409,11,2,3,工作日,非高峰,2015-03-11,2015年3月11日,阴 /小雨,8℃ / 4℃,东北风 ≤3级 /东北风 ≤3级,阴,小雨,8,4,东北风,≤3级,东北风,≤3级,day
2015-03-11 09:30:00,罗汉营,8、依法应负全责的其他情形,负全部责任,不负责任,1,贵AFK708,白,1,贵ACJ549,黑,（南明区）吉源驾驶培训有限公司,铁二局驾校,2005/8/3 0:00,2010/11/5 0:00,五菱牌,雅阁牌,366367000000000000 ,355468000000000000 ,197401,199009,9,2,3,工作日,早高峰(7-9点),2015-03-11,2015年3月11日,阴 /小雨,8℃ / 4℃,东北风 ≤3级 /东北风 ≤3级,阴,小雨,8,4,东北风,≤3级,东北风,≤3级,day