accidenttime,accidentaddr,driver1fault,driver1responsibility,driver2responsibility,sex1,platenumber1,carcolor1,sex2,platenumber2,carcolor2,jxmc1,jxmc2,cclzrq1,cclzrq2,clpp1,clpp2,driver1license,driver2license,brith1,brith2,hour,weekday,month,is_weekday,peak_hour,date,日期,天气状况,气温,风力风向,day_wea,night_wea,day_tep,night_tep,day_wind_direction,day_wind_speed,night_wind_direction,night_wind_speed,segment
2015-03-11 09:35:00,北京西路,1、追尾的,负全部责任,不负责任,1,贵AX631,黄,1,贵A28L26,白,（白云区）消防驾驶培训学校,铁二局驾校,2005/2/24 0:00,2014/11/5 0:00,-1,长安牌,364551000000000000 ,364557000000000000 ,198307,197602,9,2,3,工作日,早高峰(7-9点),2015-03-11,2015年3月11日,阴 /小雨,8℃ / 4℃,东北风 ≤3级 /东北风 ≤3级,阴,小雨,8,4,东北风,≤3级,东北风,≤3级,day
2015-03-11 10:20:00,蟠桃宫,7、未按规定让行的 ,负全部责任,不负责任,1,贵A5BL14,白色,1,贵ACK158,拔丝,贵州现代驾驶培训责任有限公司,铁二局驾校,2012/6/26 0:00,2001/10/23 0:00,丰田牌,凯迪拉克,364547000000000000 ,364547000000000000 ,199105,198305,10,2,3,工作日,非高峰,2015-03-11,2015年3月11日,阴 /小雨,8℃ / 4℃,东北风 ≤3级 /东北风 ≤3级,阴,小雨,8,4,东北风,≤3级,东北风,≤3级,day
2015-03-11 11:00:00,解放路,8、依法应负全责的其他情形,负全部责任,不负责任,1,贵AWB173,白色,1,贵A31167,白色,顺一驾驶培训学校,-1,2010/8/31 0:00,-1,皇冠,江淮牌,357475000000000000 ,366861000000000000 ,198908,196712,11,2,3,工作日,非高峰,2015-03-11,2015年3月11日,阴 /小雨,8℃ / 4℃,东北风 ≤3级 /东北风 ≤3级,阴,小雨,8,4,东北风,≤3级,东北风,≤3级,day
2015-03-11 10:00:00,太慈桥,1、追尾的,负全部责任,不负责任,1,贵A31M18,白色,1,贵AU6514,白色,自培,蓝天驾校（观山湖区）,1992/12/20 0:00,2011/8/26 0:00,兰德酷路泽普拉多,大阳牌,364547000000000000 ,364548000000000000 ,196402,198712,10,2,3,工作日,非高峰,2015-03-11,2015年3月11日,阴 /小雨,8℃ / 4℃,东北风 ≤3级 /东北风 ≤3级,阴,小雨,8,4,东北风,≤3级,东北风,≤3级,day
2015-03-11 10:11:00,花溪,7、未按规定让行的 ,负全部责任,不负责任,1,川EZ4353,白色,1,贵A36L78,白色,-1,文通驾校,-1,2012/2/15 0:00,一汽佳星牌,东风雪铁龙牌,354366000000000000 ,35414651994156101X,197008,198809,10,2,3,工作日,非高峰,2015-03-11,2015年3月11日,阴 /小雨,8℃ / 4℃,东北风 ≤3级 /东北风 ≤3级,阴,小雨,8,4,东北风,≤3级,东北风,≤3级,day
2015-03-11 11:10:00,龙洞堡,7、未按规定让行的 ,负全部责任,不负责任,1,贵A5483K,白色,1,贵A25C21,白色,铁二局驾校,-1,2014/4/16 0:00,-1,东风牌,五菱牌,366067000000000000 ,36606700000000000 ,197602,197806,11,2,3,工作日,非高峰,2015-03-11,2015年3月11日,阴 /小雨,8℃ / 4℃,东北风 ≤3级 /东北风 ≤3级,阴,小雨,8,4,东北风,≤3级,东北风,≤3级,day
2015-03-11 13:30:00,上麦,7、未按规定让行的 ,负全部责任,不负责任,1,贵A25894,红,1,贵A7322Z,黑,-1,自培,-1,2013/6/21 0:00,豪泺牌,奥迪牌,36606051905557405X,364557000000000000 ,198411,197603,13,2,3,工作日,非高峰,2015-03-11,2015年3月11日,阴 /小雨,8℃ / 4℃,东北风 ≤3级 /东北风 ≤3级,阴,小雨,8,4,东北风,≤3级,东北风,≤3级,day
2015-03-11 14:50:00,野鸭中学,1、追尾的,负全部责任,不负责任,1,贵A3751E,白,1,贵A0314E,银,-1,-1,-1,-1,五菱牌,福特牌,36634700000000000 ,366068000000000000 ,197611,198303,14,2,3,工作日,非高峰,2015-03-11,2015年3月11日,阴 /小雨,8℃ / 4℃,东北风 ≤3级 /东北风 ≤3级,阴,小雨,8,4,东北风,≤3级,东北风,≤3级,day
2015-03-11 12:00:00,金阳中铁,3、倒车的,负全部责任,不负责任,0,贵AMV202,红,0,贵A82N27,黄,-1,自培,-1,2010/6/23 0:00,东风标致牌,迈腾牌,3645475186469446X,355456000000000000 ,197202,198810,12,2,3,工作日,非高峰,2015-03-11,2015年3月11日,阴 /小雨,8℃ / 4℃,东北风 ≤3级 /东北风 ≤3级,阴,小雨,8,4,东北风,≤3级,东北风,≤3级,day
2015-03-11 11:30:00,小关,1、追尾的,负全部责任,不负责任,0,贵A85M36,银,1,贵AAP302,黑,瓮安县鑫源驾驶培训学校,520129,-1,2008/11/7 0:00,长安牌,华泰宝利格牌,366864000000000000 ,366063000000000000 ,198403,197704,11,2,3,工作日,非高峰,2015-03-11,2015年3月11日,阴 /小雨,8℃ / 4℃,东北风 ≤3级 /东北风 ≤3级,阴,小雨,8,4,东北风,≤3级,东北风,≤3级,day
2015-03-11 14:30:00,贵遵路与改茶路交叉,3、倒车的,负全部责任,不负责任,1,贵AU2211,白色,1,川ZY7791,白色,消防驾校,520119,2009/1/6 0:00,2010/2/20 0:00,宝来牌,五菱牌 ,366361000000000000 ,35556551804958905X,197606,197408,14,2,3,工作日,非高峰,2015-03-11,2015年3月11日,阴 /小雨,8℃ / 4℃,东北风 ≤3级 /东北风 ≤3级,阴,小雨,8,4,东北风,≤3级,东北风,≤3级,day
2015-03-11 13:00:00,南明区乾朗钢材村,3、倒车的,负全部责任,不负责任,1,贵AF0657,白色,1,贵AHK211,白色,长顺县誉达驾驶培训有限公司,自培,-1,2003/8/1 0:00,江淮牌,沃尔沃牌,366862000000000000 ,734561000000000000 ,197511,197505,13,2,3,工作日,非高峰,2015-03-11,2015年3月11日,阴 /小雨,8℃ / 4℃,东北风 ≤3级 /东北风 ≤3级,阴,小雨,8,4,东北风,≤3级,东北风,≤3级,day
2015-03-11 12:20:00,金阳美的林城时代,7、未按规定让行的 ,负全部责任,不负责任,1,贵A6029U,蓝,1,贵A1517A,白,凤冈阳光驾驶员培训有限责任公司,路路达驾校,-1,2014/6/4 0:00,五菱牌,起亚牌,366569000000000000 ,364557000000000000 ,199103,199412,12,2,3,工作日,非高峰,2015-03-11,2015年3月11日,阴 /小雨,8℃ / 4℃,东北风 ≤3级 /东北风 ≤3级,阴,小雨,8,4,东北风,≤3级,东北风,≤3级,day
2015-03-11 13:00:00,二铺,3、倒车的,负全部责任,不负责任,1,贵A83W15,黑,1,贵AB892E,银,贵州现代驾驶培训责任有限公司,兴黔驾驶培训学校,2013/9/5 0:00,2006/6/13 0:00,中华牌,丰田牌,364557000000000000 ,364568000000000000 ,199110,198610,13,2,3,工作日,非高峰,2015-03-11,2015年3月11日,阴 /小雨,8℃ / 4℃,东北风 ≤3级 /东北风 ≤3级,阴,小雨,8,4,东北风,≤3级,东北风,≤3级,day
2015-03-11 10:25:00,二戈寨,3、倒车的,负全部责任,不负责任,1,贵FAA002,白色,1,贵A68642,白色,-1,（白云区）消防驾驶培训学校,-1,2013/12/18 0:00,比亚迪牌,富康,366046000000000000 ,366070000000000000 ,198504,199303,10,2,3,工作日,非高峰,2015-03-11,2015年3月11日,阴 /小雨,8℃ / 4℃,东北风 ≤3级 /东北风 ≤3级,阴,小雨,8,4,东北风,≤3级,东北风,≤3级,day
2015-03-11 09:30:00,四方河路,1、追尾的,负全部责任,不负责任,1,贵A5BA61,白色,1,贵AV5233,白色,自培,鑫鑫驾校,2005/9/23 0:00,2008/1/7 0:00,起亚牌,思威牌,364547000000000000 ,366367000000000000 ,198512,197001,9,2,3,工作日,早高峰(7-9点),2015-03-11,2015年3月11日,阴 /小雨,8℃ / 4℃,东北风 ≤3级 /东北风 ≤3级,阴,小雨,8,4,东北风,≤3级,东北风,≤3级,day
2015-03-11 09:00:00,观山路,7、未按规定让行的 ,负全部责任,不负责任,1,贵AU6717,绿,1,贵A9F450,白,自培,预约考试窗口,2003/11/17 0:00,2007/4/17 0:00,山洋牌,翼虎牌,366064000000000000 ,364556000000000000 ,197409,197509,9,2,3,工作日,早高峰(7-9点),2015-03-11,2015年3月11日,阴 /小雨,8℃ / 4℃,东北风 ≤3级 /东北风 ≤3级,阴,小雨,8,4,东北风,≤3级,东北风,≤3级,day
2015-03-11 08:40:00,银元广场,7、未按规定让行的 ,负全部责任,不负责任,1,贵FH1418,蓝,1,贵AU4893,绿,市警校驾校,十一培,2012/12/31 0:00,1998/6/17 0:00,福特牌,捷达牌,366061000000000000 ,364548000000000000 ,198805,197403,8,2,3,工作日,早高峰(7-9点),2015-03-11,2015年3月11日,阴 /小雨,8℃ / 4℃,东北风 ≤3级 /东北风 ≤3级,阴,小雨,8,4,东北风,≤3级,东北风,≤3级,day
2015-03-11 10:00:00,花香村,7、未按规定让行的 ,负全部责任,不负责任,1,贵AU6788,蓝,1,贵ALB446,黑,自培,十一培,2003/7/1 0:00,1995/1/26 0:00,纵情牌,比亚迪牌,366862000000000000 ,366364000000000000 ,197609,197210,10,2,3,工作日,非高峰,2015-03-11,2015年3月11日,阴 /小雨,8℃ / 4℃,东北风 ≤3级 /东北风 ≤3级,阴,小雨,8,4,东北风,≤3级,东北风,≤3级,day
2015-03-11 11:00:00,神奇路,8、依法应负全责的其他情形,负全部责任,不负责任,0,贵AHJ546,银,1,贵AU3823,绿,（乌当区）新华驾驶培训有限公司,自培,2009/1/8 0:00,2004/11/23 0:00,别克牌,捷达牌,364547000000000000 ,366064000000000000 ,195705,197504,11,2,3,工作日,非高峰,2015-03-11,2015年3月11日,阴 /小雨,8℃ / 4℃,东北风 ≤3级 /东北风 ≤3级,阴,小雨,8,4,东北风,≤3级,东北风,≤3级,day
2015-03-11 13:05:00,省府路,1、追尾的,负全部责任,不负责任,1,贵JS9363,白,1,贵AJG598,黑,罗甸县吉兴汽车驾驶培训学校,自培,2012/1/6 0:00,2002/7/28 0:00,福克斯牌,宝马,366870000000000000 ,366864000000000000 ,198605,197503,13,2,3,工作日,非高峰,2015-03-11,2015年3月11日,阴 /小雨,8℃ / 4℃,东北风 ≤3级 /东北风 ≤3级,阴,小雨,8,4,东北风,≤3级,东北风,≤3级,day
2015-03-11 12:30:00,小河,1、追尾的,负全部责任,不负责任,1,贵A77R58,白色,1,贵JN6466,白色,自培,顺一驾驶培训学校,2000/7/5 0:00,2012/5/26 0:00,北斗星牌,雪佛兰牌,366067000000000000 ,366570000000000000 ,197810,198309,12,2,3,工作日,非高峰,2015-03-11,2015年3月11日,阴 /小雨,8℃ / 4℃,东北风 ≤3级 /东北风 ≤3级,阴,小雨,8,4,东北风,≤3级,东北风,≤3级,day
2015-03-11 14:00:00,小河,8、依法应负全责的其他情形,负全部责任,不负责任,1,贵ATP198,白色,1,贵A0AW22,白色,-1,顺一驾驶培训学校,-1,2014/11/4 0:00,马自达牌,高尔夫,364646000000000000 ,366575000000000000 ,198411,197909,14,2,3,工作日,非高峰,2015-03-11,2015年3月11日,阴 /小雨,8℃ / 4℃,东北风 ≤3级 /东北风 ≤3级,阴,小雨,8,4,东北风,≤3级,东北风,≤3级,day
2015-03-11 12:58:00,龙洞堡,7、未按规定让行的 ,负全部责任,不负责任,1,贵JBT397,白色,1,贵AJ9008,白色,贵州现代驾驶培训责任有限公司,贵州晨运驾驶培训学校,2015/1/7 0:00,2010/2/23 0:00,大众牌,宗申牌,366061000000000000 ,366068000000000000 ,197604,197112,12,2,3,工作日,非高峰,2015-03-11,2015年3月11日,阴 /小雨,8℃ / 4℃,东北风 ≤3级 /东北风 ≤3级,阴,小雨,8,4,东北风,≤3级,东北风,≤3级,day
2015-03-11 16:00:00,二戈寨,7、未按规定让行的 ,负全部责任,不负责任,1,贵A57L32,白色,1,贵AU5557,白色,-1,新天驾校,-1,2012/1/9 0:00,东风雪铁龙牌,钱江牌,36454700000000 ,366368000000000000 ,198708,198106,16,2,3,工作日,非高峰,2015-03-11,2015年3月11日,阴 /小雨,8℃ / 4℃,东北风 ≤3级 /东北风 ≤3级,阴,小雨,8,4,东北风,≤3级,东北风,≤3级,day
2015-03-11 16:00:00,长岭南路,7、未按规定让行的 ,负全部责任,不负责任,1,贵A470F4,白,1,贵AKQ977,绿,-1,贵州贵龙驾校,-1,2015/2/13 0:00,解放牌,别克牌,734398000000000000 ,364568000000000000 ,199005,199504,16,2,3,工作日,非高峰,2015-03-11,2015年3月11日,阴 /小雨,8℃ / 4℃,东北风 ≤3级 /东北风 ≤3级,阴,小雨,8,4,东北风,≤3级,东北风,≤3级,day
2015-03-11 15:25:00,浣纱桥,1、追尾的,负全部责任,不负责任,1,贵A26G68,白色,1,贵JP5473,白色,-1,天行健驾校,-1,2014/9/29 0:00,大众牌,本田牌,366368000000000000 ,364566000000000000 ,198012,199205,15,2,3,工作日,非高峰,2015-03-11,2015年3月11日,阴 /小雨,8℃ / 4℃,东北风 ≤3级 /东北风 ≤3级,阴,小雨,8,4,东北风,≤3级,东北风,≤3级,day
2015-03-11 14:00:00,都拉营,8、依法应负全责的其他情形,负全部责任,不负责任,1,贵ATL118,蓝,0,贵AB057B,黑,-1,贵州省长安驾驶培训学校,-1,2013/12/9 0:00,朗风,奥迪牌,355464000000000000 ,364566000000000000 ,196808,199406,14,2,3,工作日,非高峰,2015-03-11,2015年3月11日,阴 /小雨,8℃ / 4℃,东北风 ≤3级 /东北风 ≤3级,阴,小雨,8,4,东北风,≤3级,东北风,≤3级,day
2015-03-11 16:30:00,大关,1、追尾的,负全部责任,不负责任,1,贵A97437,银,1,贵GN9089,黑,-1,消防驾校,-1,2011/6/13 0:00,宇通牌,凌派牌,366046000000000000 ,366061000000000000 ,196207,197712,16,2,3,工作日,非高峰,2015-03-11,2015年3月11日,阴 /小雨,8℃ / 4℃,东北风 ≤3级 /东北风 ≤3级,阴,小雨,8,4,东北风,≤3级,东北风,≤3级,day
2015-03-11 14:16:00,贵惠大道,1、追尾的,负全部责任,不负责任,1,贵JS2988,白色,1,贵A0B671,白色,自培,520126,-1,2009/7/27 0:00,途威,江铃牌,366664000000000000 ,366875000000000000 ,198611,198008,14,2,3,工作日,非高峰,2015-03-11,2015年3月11日,阴 /小雨,8℃ / 4℃,东北风 ≤3级 /东北风 ≤3级,阴,小雨,8,4,东北风,≤3级,东北风,≤3级,day
2015-03-11 16:57:00,中华中路,7、未按规定让行的 ,负全部责任,不负责任,1,贵AMK353,白色,1,贵A31C33,白色,（经开区）十一驾驶培训有限公司,消防驾校,2010/6/28 0:00,2013/2/18 0:00,吉利美日牌,尚酷,366064000000000000 ,364547000000000000 ,197501,197308,16,2,3,工作日,非高峰,2015-03-11,2015年3月11日,阴 /小雨,8℃ / 4℃,东北风 ≤3级 /东北风 ≤3级,阴,小雨,8,4,东北风,≤3级,东北风,≤3级,day
2015-03-11 16:10:00,金阳客站,8、依法应负全责的其他情形,负全部责任,不负责任,1,贵A6687P,银,1,贵HQ1423,银,520129,-1,2007/4/18 0:00,-1,五菱牌,起亚牌,366368000000000000 ,36455100000000000 ,197704,198513,16,2,3,工作日,非高峰,2015-03-11,2015年3月11日,阴 /小雨,8℃ / 4℃,东北风 ≤3级 /东北风 ≤3级,阴,小雨,8,4,东北风,≤3级,东北风,≤3级,day
2015-03-11 15:00:00,旭东路,8、依法应负全责的其他情形,负全部责任,不负责任,1,贵A6G376,银,1,贵A95M82,银,自培,-1,2001/11/21 0:00,1976/4/28 0:00,北京牌,宝骏牌,36604551204161805X,364548000000000000 ,196409,195312,15,2,3,工作日,非高峰,2015-03-11,2015年3月11日,阴 /小雨,8℃ / 4℃,东北风 ≤3级 /东北风 ≤3级,阴,小雨,8,4,东北风,≤3级,东北风,≤3级,day
2015-03-11 18:00:00,兴筑路,8、依法应负全责的其他情形,负全部责任,不负责任,1,湘J1C209,银,1,贵A70143,红,-1,兴黔,-1,2005/3/8 0:00,无,江淮牌,74847500000000000 ,364547000000000000 ,199103,198112,18,2,3,工作日,晚高峰(17-19点),2015-03-11,2015年3月11日,阴 /小雨,8℃ / 4℃,东北风 ≤3级 /东北风 ≤3级,阴,小雨,8,4,东北风,≤3级,东北风,≤3级,day
2015-03-11 15:30:00,花溪2号隧道,1、追尾的,负全部责任,不负责任,1,贵JBP938,白色,1,贵A10963,白色,（南明区）吉源驾驶培训有限公司,-1,2008/8/20 0:00,-1,吉利牌,天马牌,364567000000000000 ,72475800000000000 ,198611,198100,15,2,3,工作日,非高峰,2015-03-11,2015年3月11日,阴 /小雨,8℃ / 4℃,东北风 ≤3级 /东北风 ≤3级,阴,小雨,8,4,东北风,≤3级,东北风,≤3级,day
2015-03-11 18:00:00,北二环,9、不符合前8款规定或者双方同时具有上述情形的,负同等责任,负同等责任,1,贵AFC843,银,1,贵A87762,红,-1,其它,-1,2006/12/28 0:00,威志牌,奔得,366368000000000000 ,366068000000000000 ,197302,198704,18,2,3,工作日,晚高峰(17-19点),2015-03-11,2015年3月11日,阴 /小雨,8℃ / 4℃,东北风 ≤3级 /东北风 ≤3级,阴,小雨,8,4,东北风,≤3级,东北风,≤3级,day
2015-03-11 12:30:00,小箐村,3、倒车的,负全部责任,不负责任,1,贵A56866,银,1,贵A2519G,黑,自培,-1,2002/7/8 0:00,-1,捷达,长城牌,364557000000000000 ,36455700000000000 ,197109,197010,12,2,3,工作日,非高峰,2015-03-11,2015年3月11日,阴 /小雨,8℃ / 4℃,东北风 ≤3级 /东北风 ≤3级,阴,小雨,8,4,东北风,≤3级,东北风,≤3级,day
2015-03-11 15:39:00,小河,3、倒车的,负全部责任,不负责任,1,贵AU5839,白色,1,贵AKX843,白色,自培,520103,2004/10/19 0:00,2009/6/4 0:00,捷达牌,晶锐牌,35436351844563035X,364547000000000000 ,197001,196602,15,2,3,工作日,非高峰,2015-03-11,2015年3月11日,阴 /小雨,8℃ / 4℃,东北风 ≤3级 /东北风 ≤3级,阴,小雨,8,4,东北风,≤3级,东北风,≤3级,day
2015-03-11 18:00:00,西二环,1、追尾的,负全部责任,不负责任,1,贵A3F607,白,1,贵A52W39,银,铁二局驾校,十一培,2012/4/6 0:00,1994/12/5 0:00,-1,东风雪铁龙牌,366246000000000000 ,364547000000000000 ,197705,196307,18,2,3,工作日,晚高峰(17-19点),2015-03-11,2015年3月11日,阴 /小雨,8℃ / 4℃,东北风 ≤3级 /东北风 ≤3级,阴,小雨,8,4,东北风,≤3级,东北风,≤3级,day
2015-03-11 12:40:00,贵阳一中,7、未按规定让行的 ,负全部责任,不负责任,1,贵A32V92,红,1,贵AU7422,蓝,自培,十一培,2002/10/18 0:00,1996/12/26 0:00,起亚牌,鹏城牌,366061000000000000 ,366361000000000000 ,198003,197304,12,2,3,工作日,非高峰,2015-03-11,2015年3月11日,阴 /小雨,8℃ / 4℃,东北风 ≤3级 /东北风 ≤3级,阴,小雨,8,4,东北风,≤3级,东北风,≤3级,day
2015-03-11 18:40:00,磊庄,7、未按规定让行的 ,负全部责任,不负责任,1,贵A8AS53,白色,1,贵AEH414,白色,鑫鑫驾校,自培,2014/4/22 0:00,2000/5/11 0:00,吉利美日牌,丰田牌,364548000000000000 ,364556000000000000 ,197310,197009,18,2,3,工作日,晚高峰(17-19点),2015-03-11,2015年3月11日,阴 /小雨,8℃ / 4℃,东北风 ≤3级 /东北风 ≤3级,阴,小雨,8,4,东北风,≤3级,东北风,≤3级,day
2015-03-11 11:00:00,金阳沃尔玛,1、追尾的,负全部责任,不负责任,1,贵FJ8320,黑,0,贵AE8392,银,自培,自培,2005/12/6 0:00,2004/12/14 0:00,丰田牌,飞度,366064000000000000 ,364548000000000000 ,198401,197106,11,2,3,工作日,非高峰,2015-03-11,2015年3月11日,阴 /小雨,8℃ / 4℃,东北风 ≤3级 /东北风 ≤3级,阴,小雨,8,4,东北风,≤3级,东北风,≤3级,day
2015-03-11 17:40:00,白修路,1、追尾的,负全部责任,不负责任,1,贵A5AM19,白,1,贵AX5852,黑,-1,新华驾校,-1,2012/1/10 0:00,吉利牌,嘉陵牌,366061000000000000 ,364568000000000000 ,196803,198912,17,2,3,工作日,晚高峰(17-19点),2015-03-11,2015年3月11日,阴 /小雨,8℃ / 4℃,东北风 ≤3级 /东北风 ≤3级,阴,小雨,8,4,东北风,≤3级,东北风,≤3级,day
2015-03-12 06:10:00,市镇府,1、追尾的,负全部责任,不负责任,1,贵A91W42,白,0,贵A48V51,黑,-1,诚信驾驶培训学校,-1,2011/11/15 0:00,福克斯牌,沃尔沃,366566000000000000 ,366346000000000000 ,197501,197205,6,3,3,工作日,非高峰,2015-03-12,2015年3月12日,多云 /多云,16℃ / 10℃,南风 ≤3级 /南风 ≤3级,多云,多云,16,10,南风,≤3级,南风,≤3级,day
2015-03-11 20:57:00,延安西路,9、不符合前8款规定或者双方同时具有上述情形的,负同等责任,负同等责任,1,贵A19G61,红,1,贵AU1246,白,自培,自培,2000/12/15 0:00,2006/12/25 0:00,宝骏牌,丰田牌,366670000000000000 ,366367000000000000 ,196706,198309,20,2,3,工作日,非高峰,2015-03-11,2015年3月11日,阴 /小雨,8℃ / 4℃,东北风 ≤3级 /东北风 ≤3级,阴,小雨,8,4,东北风,≤3级,东北风,≤3级,night
2015-03-12 08:00:00,世纪城,7、未按规定让行的 ,负全部责任,不负责任,1,贵A73C95,银,1,贵ASF674,银,新天驾校,新天驾校,2011/10/18 0:00,2012/1/4 0:00,比亚迪牌,丰田牌,366563000000000000 ,366346000000000000 ,197711,198206,8,3,3,工作日,早高峰(7-9点),2015-03-12,2015年3月12日,多云 /多云,16℃ / 10℃,南风 ≤3级 /南风 ≤3级,多云,多云,16,10,南风,≤3级,南风,≤3级,day
2015-03-11 18:20:00,杨家山隧道,1、追尾的,负全部责任,不负责任,1,贵A2977A,灰色,1,贵APB859,白色,阳光驾校,-1,2014/1/13 0:00,-1,东风标致牌,北京现代牌,366875000000000000 ,366566000000000000 ,198312,197409,18,2,3,工作日,晚高峰(17-19点),2015-03-11,2015年3月11日,阴 /小雨,8℃ / 4℃,东北风 ≤3级 /东北风 ≤3级,阴,小雨,8,4,东北风,≤3级,东北风,≤3级,day
2015-03-12 04:00:00,东客站,8、依法应负全责的其他情形,负全部责任,不负责任,1,渝BR2999,白色,1,贵A39930,白色,-1,自培,-1,-1,梅赛德斯-奔驰,豪泺牌,356170000000000000 ,355366000000000000 ,197107,198810,4,3,3,工作日,非高峰,2015-03-12,2015年3月12日,多云 /多云,16℃ / 10℃,南风 ≤3级 /南风 ≤3级,多云,多云,16,10,南风,≤3级,南风,≤3级,night
2015-03-11 23:30:00,北京西路,3、倒车的,负全部责任,不负责任,1,川M22A56,银,1,贵G31711,黑,-1,-1,-1,-1,中华牌,揽胜极光,355468000000000000 ,355468000000000000 ,199309,198101,23,2,3,工作日,非高峰,2015-03-11,2015年3月11日,阴 /小雨,8℃ / 4℃,东北风 ≤3级 /东北风 ≤3级,阴,小雨,8,4,东北风,≤3级,东北风,≤3级,night
2015-03-11 22:00:00,邮电大楼,1、追尾的,负全部责任,不负责任,1,贵AM4442,白色,1,贵AEZ251,白色,新华驾校,自培,2013/4/18 0:00,2002/3/19 0:00,德宝 总裁S,梅塞德斯-奔驰,366061000000000000 ,366347000000000000 ,199111,197601,22,2,3,工作日,非高峰,2015-03-11,2015年3月11日,阴 /小雨,8℃ / 4℃,东北风 ≤3级 /东北风 ≤3级,阴,小雨,8,4,东北风,≤3级,东北风,≤3级,night
2015-03-12 08:40:00,大营坡,8、依法应负全责的其他情形,负全部责任,不负责任,1,贵AU7308,白色,1,贵A08102,白色,-1,520127,-1,2009/3/5 0:00,创新,长安,364546000000000000 ,36606651824563707X,21973,197601,8,3,3,工作日,早高峰(7-9点),2015-03-12,2015年3月12日,多云 /多云,16℃ / 10℃,南风 ≤3级 /南风 ≤3级,多云,多云,16,10,南风,≤3级,南风,≤3级,day
2015-03-12 08:40:00,市西路,7、未按规定让行的 ,负全部责任,不负责任,1,贵A2BG22,白色,1,贵A18F78,白色,-1,金大驾校,-1,2014/6/3 0:00,飞度牌,福克斯牌,366063000000000000 ,364547000000000000 ,197811,199007,8,3,3,工作日,早高峰(7-9点),2015-03-12,2015年3月12日,多云 /多云,16℃ / 10℃,南风 ≤3级 /南风 ≤3级,多云,多云,16,10,南风,≤3级,南风,≤3级,day
2015-03-12 08:40:00,龙泉巷,1、追尾的,负全部责任,不负责任,1,贵ATY026,黑,1,贵A39H19,银,-1,全林驾校,-1,2012/5/31 0:00,奥迪,别克牌,366861000000000000 ,36454751975643285X,198008,198312,8,3,3,工作日,早高峰(7-9点),2015-03-12,2015年3月12日,多云 /多云,16℃ / 10℃,南风 ≤3级 /南风 ≤3级,多云,多云,16,10,南风,≤3级,南风,≤3级,day
2015-03-12 08:50:00,白云区,7、未按规定让行的 ,负全部责任,不负责任,1,贵AU9807,绿,1,贵A0994N,银,-1,路路达驾校,-1,2012/11/15 0:00,捷达牌,五菱牌,36457600000000000 ,364558000000000000 ,196512,199010,8,3,3,工作日,早高峰(7-9点),2015-03-12,2015年3月12日,多云 /多云,16℃ / 10℃,南风 ≤3级 /南风 ≤3级,多云,多云,16,10,南风,≤3级,南风,≤3级,day
2015-03-12 09:00:00,贵医路,7、未按规定让行的 ,负全部责任,不负责任,1,贵AU7261,蓝,1,贵AE7840,银,-1,-1,-1,-1,福田牌,隆鑫牌,364547000000000 ,364167000000000000 ,670327,199404,9,3,3,工作日,早高峰(7-9点),2015-03-12,2015年3月12日,多云 /多云,16℃ / 10℃,南风 ≤3级 /南风 ≤3级,多云,多云,16,10,南风,≤3级,南风,≤3级,day
2015-03-12 08:45:00,杨家山,1、追尾的,负全部责任,不负责任,1,贵CCC506,银,0,贵A3AS00,白,520131,文通驾校,2006/1/20 0:00,2011/5/24 0:00,长安牌,福克斯牌,366566000000000000 ,366546000000000000 ,197811,198410,8,3,3,工作日,早高峰(7-9点),2015-03-12,2015年3月12日,多云 /多云,16℃ / 10℃,南风 ≤3级 /南风 ≤3级,多云,多云,16,10,南风,≤3级,南风,≤3级,day
2015-03-12 04:30:00,甲秀南路,3、倒车的,负全部责任,不负责任,1,贵A4436J,白色,1,贵A0079W,灰色,自培,贵大驾校,2004/6/17 0:00,2011/6/27 0:00,金杯牌,力帆牌,364556000000000000 ,364556000000000000 ,198505,198606,4,3,3,工作日,非高峰,2015-03-12,2015年3月12日,多云 /多云,16℃ / 10℃,南风 ≤3级 /南风 ≤3级,多云,多云,16,10,南风,≤3级,南风,≤3级,night
2015-03-11 19:20:00,北京西路,1、追尾的,负全部责任,不负责任,1,贵CHX996,白,1,贵GR1927,白,自培,-1,2007/6/1 0:00,-1,启辰牌,-1,36656551924947403X,3666695194359528X,198608,198051,19,2,3,工作日,晚高峰(17-19点),2015-03-11,2015年3月11日,阴 /小雨,8℃ / 4℃,东北风 ≤3级 /东北风 ≤3级,阴,小雨,8,4,东北风,≤3级,东北风,≤3级,day
2015-03-11 21:10:00,花溪大大,7、未按规定让行的 ,负全部责任,不负责任,1,贵ANC562,银,1,贵AU5915,蓝,自培,十一培,2015/2/6 0:00,1990/5/6 0:00,长安牌,凌本牌,366064000000000000 ,364548000000000000 ,199511,197011,21,2,3,工作日,非高峰,2015-03-11,2015年3月11日,阴 /小雨,8℃ / 4℃,东北风 ≤3级 /东北风 ≤3级,阴,小雨,8,4,东北风,≤3级,东北风,≤3级,night
2015-03-11 15:30:00,湘雅村,3、倒车的,负全部责任,不负责任,1,贵AZE264,白色,1,贵AKS089,白色,自培,十一培,2011/9/26 0:00,1997/5/7 0:00,斯柯达牌,五菱牌,366046000000000000 ,354561000000000000 ,198705,196308,15,2,3,工作日,非高峰,2015-03-11,2015年3月11日,阴 /小雨,8℃ / 4℃,东北风 ≤3级 /东北风 ≤3级,阴,小雨,8,4,东北风,≤3级,东北风,≤3级,day