accidenttime,accidentaddr,driver1fault,driver1responsibility,driver2responsibility,sex1,platenumber1,carcolor1,sex2,platenumber2,carcolor2,jxmc1,jxmc2,cclzrq1,cclzrq2,clpp1,clpp2,driver1license,driver2license,brith1,brith2,hour,weekday,month,is_weekday,peak_hour,date,日期,天气状况,气温,风力风向,day_wea,night_wea,day_tep,night_tep,day_wind_direction,day_wind_speed,night_wind_direction,night_wind_speed,segment
2015-03-11 17:20:00,林城西路,1、追尾的,负全部责任,不负责任,1,贵A21104,红,0,贵A45N46,银,-1,自培,-1,2000/2/24 0:00,力之星牌,北京牌,364547000000000000 ,364548000000000000 ,198311,197909,17,2,3,工作日,晚高峰(17-19点),2015-03-11,2015年3月11日,阴 /小雨,8℃ / 4℃,东北风 ≤3级 /东北风 ≤3级,阴,小雨,8,4,东北风,≤3级,东北风,≤3级,day
2015-03-11 22:30:00,万东大桥,1、追尾的,负全部责任,不负责任,1,贵AMV368,白,1,贵A39S22,白,520132,自培,2008/5/29 0:00,2005/9/23 0:00,长安牌,雪佛兰牌,364547000000000000 ,366064000000000000 ,198911,198205,22,2,3,工作日,非高峰,2015-03-11,2015年3月11日,阴 /小雨,8℃ / 4℃,东北风 ≤3级 /东北风 ≤3级,阴,小雨,8,4,东北风,≤3级,东北风,≤3级,night
2015-03-12 06:30:00,马王庙,1、追尾的,负全部责任,不负责任,1,贵ADK455,白色,1,贵AFS986,白色,自培,自培,2000/9/14 0:00,2004/1/30 0:00,东风牌,雅阁牌,364548000000000000 ,364547000000000000 ,197508,196110,6,3,3,工作日,非高峰,2015-03-12,2015年3月12日,多云 /多云,16℃ / 10℃,南风 ≤3级 /南风 ≤3级,多云,多云,16,10,南风,≤3级,南风,≤3级,day
2015-03-12 08:00:00,宝山南路,1、追尾的,负全部责任,不负责任,1,贵AX8365,绿,1,贵AKV654,蓝,市警校驾校,自培,2012/2/8 0:00,2005/2/18 0:00,望江牌,长安牌,364547000000000000 ,36454651944174957X,199301,198009,8,3,3,工作日,早高峰(7-9点),2015-03-12,2015年3月12日,多云 /多云,16℃ / 10℃,南风 ≤3级 /南风 ≤3级,多云,多云,16,10,南风,≤3级,南风,≤3级,day
2015-03-12 08:40:00,头桥,1、追尾的,负全部责任,不负责任,1,贵A24C42,黑,1,贵A3502A,黑,自培,自培,2012/12/31 0:00,2014/7/28 0:00,雪佛兰牌,长城牌,364557000000000000 ,364596000000000000 ,197508,198912,8,3,3,工作日,早高峰(7-9点),2015-03-12,2015年3月12日,多云 /多云,16℃ / 10℃,南风 ≤3级 /南风 ≤3级,多云,多云,16,10,南风,≤3级,南风,≤3级,day
2015-03-12 09:30:00,甲秀南路,7、未按规定让行的 ,负全部责任,不负责任,1,贵A631D4,白色,1,贵A54M35,白色,-1,兴黔驾驶培训学校,-1,2006/4/21 0:00,欧铃牌,福克斯牌,366563000000000000 ,364548000000000000 ,197909,198411,9,3,3,工作日,早高峰(7-9点),2015-03-12,2015年3月12日,多云 /多云,16℃ / 10℃,南风 ≤3级 /南风 ≤3级,多云,多云,16,10,南风,≤3级,南风,≤3级,day
2015-03-12 08:15:00,大南门,1、追尾的,负全部责任,不负责任,1,贵A36X44,白,1,贵ANZ932,黑,自培,-1,1992/9/23 0:00,-1,菲亚特牌,福特牌,366361000000000000 ,3645565185404569C7,196708,197104,8,3,3,工作日,早高峰(7-9点),2015-03-12,2015年3月12日,多云 /多云,16℃ / 10℃,南风 ≤3级 /南风 ≤3级,多云,多云,16,10,南风,≤3级,南风,≤3级,day
2015-03-12 10:30:00,观山湖,8、依法应负全责的其他情形,负全部责任,不负责任,1,贵CNC166,银,1,贵GQ5844,白,-1,消防驾校,-1,2013/12/12 0:00,长安牌,杰德牌,366577000000000000 ,36455751995649645X,199007,198812,10,3,3,工作日,非高峰,2015-03-12,2015年3月12日,多云 /多云,16℃ / 10℃,南风 ≤3级 /南风 ≤3级,多云,多云,16,10,南风,≤3级,南风,≤3级,day
2015-03-12 10:30:00,西二环,1、追尾的,负全部责任,不负责任,1,贵AF9011,银,1,贵FR4665,白,-1,520118,-1,2010/10/21 0:00,郑州尼桑,雪佛兰牌,354366000000000000 ,366063000000000000 ,197604,198301,10,3,3,工作日,非高峰,2015-03-12,2015年3月12日,多云 /多云,16℃ / 10℃,南风 ≤3级 /南风 ≤3级,多云,多云,16,10,南风,≤3级,南风,≤3级,day
2015-03-12 11:00:00,长岭南路,1、追尾的,负全部责任,不负责任,1,贵J58836,蓝,1,贵CNJ887,白,-1,-1,-1,-1,大地牌,东风标致牌,36686800000000000 ,366563000000000000 ,197509,196906,11,3,3,工作日,非高峰,2015-03-12,2015年3月12日,多云 /多云,16℃ / 10℃,南风 ≤3级 /南风 ≤3级,多云,多云,16,10,南风,≤3级,南风,≤3级,day
2015-03-12 12:03:00,白云区,8、依法应负全责的其他情形,负全部责任,不负责任,1,贵A1449U,白,1,贵ATK734,黑,-1,-1,-1,-1,尼桑牌,奥迪牌,366663000000000000 ,366663000000000000 ,199210,197501,12,3,3,工作日,非高峰,2015-03-12,2015年3月12日,多云 /多云,16℃ / 10℃,南风 ≤3级 /南风 ≤3级,多云,多云,16,10,南风,≤3级,南风,≤3级,day
2015-03-12 09:20:00,贵开路,8、依法应负全责的其他情形,负全部责任,不负责任,1,贵A95G82,银,0,贵A6AN76,白,自培,金大驾校,2006/12/19 0:00,2012/7/31 0:00,大众汽车牌,东风日产牌,366864000000000000 ,354549000000000000 ,198112,197801,9,3,3,工作日,早高峰(7-9点),2015-03-12,2015年3月12日,多云 /多云,16℃ / 10℃,南风 ≤3级 /南风 ≤3级,多云,多云,16,10,南风,≤3级,南风,≤3级,day
2015-03-12 09:00:00,花果园,8、依法应负全责的其他情形,负全部责任,不负责任,1,川AP549A,白色,1,渝BR7455,白色,自培,-1,2012/7/21 0:00,-1,英伦牌,-1,74846500000000000 ,366067000000000000 ,199103,198901,9,3,3,工作日,早高峰(7-9点),2015-03-12,2015年3月12日,多云 /多云,16℃ / 10℃,南风 ≤3级 /南风 ≤3级,多云,多云,16,10,南风,≤3级,南风,≤3级,day
2015-03-12 08:00:00,阳关,8、依法应负全责的其他情形,负全部责任,不负责任,0,贵A0914M,白,1,贵J01418,白,自培,市警校驾校,2001/11/23 0:00,2012/12/31 0:00,雪佛兰牌,五菱牌,366347000000000000 ,366061000000000000 ,197504,198805,8,3,3,工作日,早高峰(7-9点),2015-03-12,2015年3月12日,多云 /多云,16℃ / 10℃,南风 ≤3级 /南风 ≤3级,多云,多云,16,10,南风,≤3级,南风,≤3级,day
2015-03-12 09:30:00,富水南路,3、倒车的,负全部责任,不负责任,1,贵A43L26,黑,1,贵A43988,银,自培,-1,2010/5/11 0:00,-1,东风牌,轻骑,355741000000000000 ,366764000000000000 ,197909,196709,9,3,3,工作日,早高峰(7-9点),2015-03-12,2015年3月12日,多云 /多云,16℃ / 10℃,南风 ≤3级 /南风 ≤3级,多云,多云,16,10,南风,≤3级,南风,≤3级,day
2015-03-12 08:00:00,紫林庵,7、未按规定让行的 ,负全部责任,不负责任,0,贵A55F89,黄,1,贵AV7955,蓝,（南明区）现代驾驶培训有限公司,十一培,2006/1/10 0:00,1994/7/6 0:00,北京现代牌,五菱牌,366364000000000000 ,364547000000000000 ,196902,196303,8,3,3,工作日,早高峰(7-9点),2015-03-12,2015年3月12日,多云 /多云,16℃ / 10℃,南风 ≤3级 /南风 ≤3级,多云,多云,16,10,南风,≤3级,南风,≤3级,day
2015-03-12 09:00:00,西南环线,9、不符合前8款规定或者双方同时具有上述情形的,负同等责任,负同等责任,1,贵AB744F,白色,1,贵AU7558,白色,市警校驾校,十一培,2010/5/26 0:00,1993/10/19 0:00,海马牌,嘉陵牌,364556000000000000 ,364556000000000000 ,199202,196710,9,3,3,工作日,早高峰(7-9点),2015-03-12,2015年3月12日,多云 /多云,16℃ / 10℃,南风 ≤3级 /南风 ≤3级,多云,多云,16,10,南风,≤3级,南风,≤3级,day
2015-03-12 08:30:00,龙泉巷,8、依法应负全责的其他情形,负全部责任,不负责任,1,贵A51K66,银,1,贵AEV615,白,自培,十一培,2005/1/31 0:00,1993/11/16 0:00,东风雪铁龙牌,兰德酷路泽普拉多,364548000000000000 ,366364000000000000 ,197203,196505,8,3,3,工作日,早高峰(7-9点),2015-03-12,2015年3月12日,多云 /多云,16℃ / 10℃,南风 ≤3级 /南风 ≤3级,多云,多云,16,10,南风,≤3级,南风,≤3级,day
2015-03-12 08:40:00,次南门,7、未按规定让行的 ,负全部责任,不负责任,1,贵AQK867,白色,1,贵AU6027,白色,-1,自培,-1,2002/1/10 0:00,北京现代牌,力帆牌,36454800000000000 ,364547000000000000 ,195041,197405,8,3,3,工作日,早高峰(7-9点),2015-03-12,2015年3月12日,多云 /多云,16℃ / 10℃,南风 ≤3级 /南风 ≤3级,多云,多云,16,10,南风,≤3级,南风,≤3级,day
2015-03-12 07:30:00,二戈寨,7、未按规定让行的 ,负全部责任,不负责任,1,贵CNJ718,白色,1,贵A016A3,白色,（云岩区）省交通职业技术驾驶培训学校,自培,2005/2/4 0:00,2004/5/14 0:00,奇瑞牌,长安牌,366562000000000000 ,366064000000000000 ,198111,197508,7,3,3,工作日,早高峰(7-9点),2015-03-12,2015年3月12日,多云 /多云,16℃ / 10℃,南风 ≤3级 /南风 ≤3级,多云,多云,16,10,南风,≤3级,南风,≤3级,day
2015-03-12 09:00:00,小河,3、倒车的,负全部责任,不负责任,1,贵AB0687,白色,1,临贵AE3393,白色,自培,自培,2006/12/8 0:00,2002/7/30 0:00,比亚迪牌,-1,366364000000000000 ,364547000000000000 ,196802,197008,9,3,3,工作日,早高峰(7-9点),2015-03-12,2015年3月12日,多云 /多云,16℃ / 10℃,南风 ≤3级 /南风 ≤3级,多云,多云,16,10,南风,≤3级,南风,≤3级,day
2015-03-12 08:20:00,大营坡,7、未按规定让行的 ,负全部责任,不负责任,1,贵A74M35,白,1,贵AEV077,红,自培,自培,2003/4/14 0:00,2006/9/7 0:00,长安牌,马自达牌,364551000000000000 ,364558000000000000 ,198409,198408,8,3,3,工作日,早高峰(7-9点),2015-03-12,2015年3月12日,多云 /多云,16℃ / 10℃,南风 ≤3级 /南风 ≤3级,多云,多云,16,10,南风,≤3级,南风,≤3级,day
2015-03-12 10:25:00,长岭南路,6、违反交通信号的,负全部责任,不负责任,0,贵AYM774,银,1,贵A81V22,银,自培,-1,1986/9/21 0:00,-1,奇瑞牌,东风牌,364547000000000000 ,76479651974160638X,196608,198309,10,3,3,工作日,非高峰,2015-03-12,2015年3月12日,多云 /多云,16℃ / 10℃,南风 ≤3级 /南风 ≤3级,多云,多云,16,10,南风,≤3级,南风,≤3级,day
2015-03-12 09:50:00,长江路,3、倒车的,负全部责任,不负责任,1,贵A971A3,白色,1,贵A52E18,白色,铁二局驾校,-1,2011/8/15 0:00,-1,江淮牌,福克斯牌,366347000000000000 ,366663000000000000 ,197209,198704,9,3,3,工作日,早高峰(7-9点),2015-03-12,2015年3月12日,多云 /多云,16℃ / 10℃,南风 ≤3级 /南风 ≤3级,多云,多云,16,10,南风,≤3级,南风,≤3级,day
2015-03-12 09:45:00,北京西路,9、不符合前8款规定或者双方同时具有上述情形的,负同等责任,负同等责任,1,贵A0BY53,银,1,贵AU6018,银,景宏驾校,景宏驾校,2014/10/21 0:00,1996/3/25 0:00,长安牌,豪爵牌,355266000000000000 ,36455751834755765X,199509,197503,9,3,3,工作日,早高峰(7-9点),2015-03-12,2015年3月12日,多云 /多云,16℃ / 10℃,南风 ≤3级 /南风 ≤3级,多云,多云,16,10,南风,≤3级,南风,≤3级,day
2015-03-12 10:51:00,长岭南路,1、追尾的,负全部责任,不负责任,1,贵AR8223,蓝,1,贵A76W73,银,路路达驾校（白云区）,黔西县顺风机动车驾驶学校有限公司,2013/10/17 0:00,2001/7/10 0:00,解放牌,五菱牌,366068000000000000 ,364557000000000000 ,196702,197510,10,3,3,工作日,非高峰,2015-03-12,2015年3月12日,多云 /多云,16℃ / 10℃,南风 ≤3级 /南风 ≤3级,多云,多云,16,10,南风,≤3级,南风,≤3级,day
2015-03-12 13:45:00,北京路,1、追尾的,负全部责任,不负责任,1,贵A76P73,白,1,贵A2G549,黄,-1,铁二局驾校,-1,2015/2/3 0:00,别克牌,-1,364548000000000000 ,364558000000000000 ,197403,196411,13,3,3,工作日,非高峰,2015-03-12,2015年3月12日,多云 /多云,16℃ / 10℃,南风 ≤3级 /南风 ≤3级,多云,多云,16,10,南风,≤3级,南风,≤3级,day
2015-03-12 14:26:00,美的林城,7、未按规定让行的 ,负全部责任,不负责任,1,贵A680F2,白,1,贵A82Z49,白,-1,新华驾校,-1,2012/1/9 0:00,解放牌,朗逸牌,366868000000000000 ,364557000000000000 ,198910,198402,14,3,3,工作日,非高峰,2015-03-12,2015年3月12日,多云 /多云,16℃ / 10℃,南风 ≤3级 /南风 ≤3级,多云,多云,16,10,南风,≤3级,南风,≤3级,day
2015-03-12 12:28:00,二铺,7、未按规定让行的 ,负全部责任,不负责任,1,贵GT9497,黑,1,贵FS3939,银,-1,长运驾校,-1,2014/4/17 0:00,索兰托,五菱牌,366563000000000000 ,366068000000000000 ,198801,198702,12,3,3,工作日,非高峰,2015-03-12,2015年3月12日,多云 /多云,16℃ / 10℃,南风 ≤3级 /南风 ≤3级,多云,多云,16,10,南风,≤3级,南风,≤3级,day
2015-03-12 13:35:00,会展城,7、未按规定让行的 ,负全部责任,不负责任,1,贵A87F28,银,1,贵AGQ315,白,贵阳万里圣驾校,阳光驾校,2014/12/15 0:00,2004/12/3 0:00,大众牌,吉利美日牌,364548000000000000 ,366669000000000000 ,199604,198308,13,3,3,工作日,非高峰,2015-03-12,2015年3月12日,多云 /多云,16℃ / 10℃,南风 ≤3级 /南风 ≤3级,多云,多云,16,10,南风,≤3级,南风,≤3级,day
2015-03-13 08:30:00,三桥,7、未按规定让行的 ,负全部责任,不负责任,1,贵A54K72,蓝,1,贵DBV921,白,-1,铜仁鸿程驾驶培训学校,-1,-1,荣威牌,马自达牌,366364000000000000 ,366664000000000000 ,193602,199002,8,4,3,工作日,早高峰(7-9点),2015-03-13,2015年3月13日,多云 /阵雨,17℃ / 12℃,南风 ≤3级 /南风 ≤3级,多云,阵雨,17,12,南风,≤3级,南风,≤3级,day
2015-03-12 13:08:00,望城坡,7、未按规定让行的 ,负全部责任,不负责任,1,贵O246276,白色,1,贵AU2707,白色,-1,预约考试窗口,-1,2007/2/12 0:00,-1,宝来牌,366046000000000000 ,366067000000000000 ,198202,197701,13,3,3,工作日,非高峰,2015-03-12,2015年3月12日,多云 /多云,16℃ / 10℃,南风 ≤3级 /南风 ≤3级,多云,多云,16,10,南风,≤3级,南风,≤3级,day
2015-03-12 11:50:00,乌当,7、未按规定让行的 ,负全部责任,不负责任,1,贵A7634Z,白,1,贵AB289A,红,新天驾校,吉源驾校,2012/7/11 0:00,2013/9/16 0:00,启辰牌,长安牌,364557000000000000 ,364557000000000000 ,198011,198703,11,3,3,工作日,非高峰,2015-03-12,2015年3月12日,多云 /多云,16℃ / 10℃,南风 ≤3级 /南风 ≤3级,多云,多云,16,10,南风,≤3级,南风,≤3级,day
2015-03-12 14:42:00,白云区,8、依法应负全责的其他情形,负全部责任,不负责任,1,贵AAY960,黑,1,贵A1146A,黑,省交校,520127,2012/8/9 0:00,2009/5/8 0:00,马自达牌,吉利牌,364548000000000000 ,364558000000000000 ,199003,196805,14,3,3,工作日,非高峰,2015-03-12,2015年3月12日,多云 /多云,16℃ / 10℃,南风 ≤3级 /南风 ≤3级,多云,多云,16,10,南风,≤3级,南风,≤3级,day
2015-03-12 14:00:00,西二环,6、违反交通信号的,负全部责任,不负责任,1,贵ABJ782,银,1,贵A18A48,白,铁二局驾校,520120,2013/12/27 0:00,2009/4/20 0:00,五菱牌,丰田牌,364566000000000000 ,366068000000000000 ,199311,198505,14,3,3,工作日,非高峰,2015-03-12,2015年3月12日,多云 /多云,16℃ / 10℃,南风 ≤3级 /南风 ≤3级,多云,多云,16,10,南风,≤3级,南风,≤3级,day
2015-03-12 13:00:00,沙冲路,3、倒车的,负全部责任,不负责任,1,贵FK3866,白色,1,贵A877C4,白色,毕节市顺达汽车驾驶培训学校,-1,2014/1/9 0:00,-1,凯迪拉克凯雷德,五菱牌,366046000000000000 ,65467500000000000 ,199506,199112,13,3,3,工作日,非高峰,2015-03-12,2015年3月12日,多云 /多云,16℃ / 10℃,南风 ≤3级 /南风 ≤3级,多云,多云,16,10,南风,≤3级,南风,≤3级,day
2015-03-12 10:40:00,黔林西路,7、未按规定让行的 ,负全部责任,不负责任,1,贵AH2908,银,0,贵AU7850,蓝,贵州现代驾驶培训责任有限公司,十一培,2014/12/17 0:00,1999/4/27 0:00,五菱,喜马牌,366568000000000000 ,364547000000000000 ,197009,196902,10,3,3,工作日,非高峰,2015-03-12,2015年3月12日,多云 /多云,16℃ / 10℃,南风 ≤3级 /南风 ≤3级,多云,多云,16,10,南风,≤3级,南风,≤3级,day
2015-03-12 12:10:00,北京路,7、未按规定让行的 ,负全部责任,不负责任,1,贵A9BF13,白,1,贵A92W22,黄,阳光驾校,十一培,2012/11/8 0:00,1994/6/12 0:00,东风标致牌,雪佛兰,366862000000000000 ,364557000000000000 ,198106,196909,12,3,3,工作日,非高峰,2015-03-12,2015年3月12日,多云 /多云,16℃ / 10℃,南风 ≤3级 /南风 ≤3级,多云,多云,16,10,南风,≤3级,南风,≤3级,day
2015-03-12 11:00:00,中华南路,1、追尾的,负全部责任,不负责任,1,贵AU7557,白色,1,贵JBT289,白色,-1,自培,-1,2010/9/21 0:00,捷达牌,长安牌,364548000000000000 ,364596000000000000 ,196209,199204,11,3,3,工作日,非高峰,2015-03-12,2015年3月12日,多云 /多云,16℃ / 10℃,南风 ≤3级 /南风 ≤3级,多云,多云,16,10,南风,≤3级,南风,≤3级,day
2015-03-12 12:15:00,黔林山路,1、追尾的,负全部责任,不负责任,1,贵A96Y49,银,1,贵AAC147,白,-1,自培,-1,2003/5/15 0:00,大众牌,桑塔纳牌,74363500000000000 ,364547000000000000 ,196812,196209,12,3,3,工作日,非高峰,2015-03-12,2015年3月12日,多云 /多云,16℃ / 10℃,南风 ≤3级 /南风 ≤3级,多云,多云,16,10,南风,≤3级,南风,≤3级,day
2015-03-12 16:30:00,金阳客站,8、依法应负全责的其他情形,负全部责任,不负责任,1,贵A3628U,蓝,1,贵A13C14,蓝,-1,自培,-1,2011/5/11 0:00,比亚迪牌,长安牌,366669000000000000 ,366068000000000000 ,198812,197112,16,3,3,工作日,非高峰,2015-03-12,2015年3月12日,多云 /多云,16℃ / 10℃,南风 ≤3级 /南风 ≤3级,多云,多云,16,10,南风,≤3级,南风,≤3级,day
2015-03-12 14:48:00,牛郎关,3、倒车的,负全部责任,不负责任,1,贵FA5283,白色,1,贵A7051W,白色,-1,顺一驾驶培训学校,-1,2014/4/22 0:00,长安牌,北京牌,64265500000000000 ,366546000000000000 ,198607,197507,14,3,3,工作日,非高峰,2015-03-12,2015年3月12日,多云 /多云,16℃ / 10℃,南风 ≤3级 /南风 ≤3级,多云,多云,16,10,南风,≤3级,南风,≤3级,day
2015-03-12 18:00:00,嘉润路,1、追尾的,负全部责任,不负责任,1,贵ASA382,黑色,1,贵AX7668,白色,-1,520129,-1,2008/11/7 0:00,佳乐,益豪牌,366669000000000000 ,366368000000000000 ,198505,197610,18,3,3,工作日,晚高峰(17-19点),2015-03-12,2015年3月12日,多云 /多云,16℃ / 10℃,南风 ≤3级 /南风 ≤3级,多云,多云,16,10,南风,≤3级,南风,≤3级,day
2015-03-12 15:50:00,中华路,7、未按规定让行的 ,负全部责任,不负责任,1,贵AU9276,白色,1,贵AU0714,白色,自培,预约考试窗口,2011/7/6 0:00,2006/6/15 0:00,嘉隆牌,速卡迪牌,366367000000000000 ,366367000000000000 ,198011,197410,15,3,3,工作日,非高峰,2015-03-12,2015年3月12日,多云 /多云,16℃ / 10℃,南风 ≤3级 /南风 ≤3级,多云,多云,16,10,南风,≤3级,南风,≤3级,day
2015-03-12 16:40:00,世纪城,7、未按规定让行的 ,负全部责任,不负责任,1,贵A26V54,黑,1,贵FZ1477,绿,自培,-1,2000/12/4 0:00,-1,丰田牌,长安牌,364557000000000000 ,366046000000000000 ,198103,198302,16,3,3,工作日,非高峰,2015-03-12,2015年3月12日,多云 /多云,16℃ / 10℃,南风 ≤3级 /南风 ≤3级,多云,多云,16,10,南风,≤3级,南风,≤3级,day
2015-03-12 20:55:00,小河,7、未按规定让行的 ,负全部责任,不负责任,1,贵AS8852,黑,1,贵A99N37,银,-1,诚信驾驶培训学校,-1,2011/5/12 0:00,飞肯牌,宝马,366566000000000000 ,364547000000000000 ,198605,198511,20,3,3,工作日,非高峰,2015-03-12,2015年3月12日,多云 /多云,16℃ / 10℃,南风 ≤3级 /南风 ≤3级,多云,多云,16,10,南风,≤3级,南风,≤3级,night
2015-03-12 21:00:00,小石城,7、未按规定让行的 ,负全部责任,不负责任,1,贵A98660,黄,1,贵A6G286,黑,-1,市交通职业学校驾校（南明区）,-1,2012/10/30 0:00,珠峰牌,长安牌,366273000000000000 ,364548000000000000 ,196702,199211,21,3,3,工作日,非高峰,2015-03-12,2015年3月12日,多云 /多云,16℃ / 10℃,南风 ≤3级 /南风 ≤3级,多云,多云,16,10,南风,≤3级,南风,≤3级,night
2015-03-13 00:00:00,蟠桃宫,7、未按规定让行的 ,负全部责任,不负责任,1,贵AAK548,银,0,贵AHT568,白,-1,520130,-1,2009/12/29 0:00,迈腾牌,福特牌,364547000000000000 ,364547000000000000 ,196309,196211,0,4,3,工作日,非高峰,2015-03-13,2015年3月13日,多云 /阵雨,17℃ / 12℃,南风 ≤3级 /南风 ≤3级,多云,阵雨,17,12,南风,≤3级,南风,≤3级,night
2015-03-13 02:30:00,花溪,3、倒车的,负全部责任,不负责任,1,贵AHE121,白色,1,贵A59K25,白色,-1,文通驾校,-1,2011/12/25 0:00,揽胜,大众汽车牌,36454700000000 ,364556000000000000 ,198701,197712,2,4,3,工作日,非高峰,2015-03-13,2015年3月13日,多云 /阵雨,17℃ / 12℃,南风 ≤3级 /南风 ≤3级,多云,阵雨,17,12,南风,≤3级,南风,≤3级,night
2015-03-12 15:30:00,航天大道,7、未按规定让行的 ,负全部责任,不负责任,1,贵A27999,黑,1,贵A8374W,银,自培,520127,2003/11/6 0:00,2008/3/5 0:00,陕汽牌,英伦牌,364596000000000000 ,36455751814353725X,198502,197905,15,3,3,工作日,非高峰,2015-03-12,2015年3月12日,多云 /多云,16℃ / 10℃,南风 ≤3级 /南风 ≤3级,多云,多云,16,10,南风,≤3级,南风,≤3级,day
2015-03-12 14:00:00,开发大道,7、未按规定让行的 ,负全部责任,不负责任,1,贵AV6792,白色,1,贵GD6313,拔丝,（南明区）阳光驾驶培训有限公司,十一培,2008/1/17 0:00,1997/7/10 0:00,正好牌,奥迪,366361000000000000 ,364547000000000000 ,197902,197507,14,3,3,工作日,非高峰,2015-03-12,2015年3月12日,多云 /多云,16℃ / 10℃,南风 ≤3级 /南风 ≤3级,多云,多云,16,10,南风,≤3级,南风,≤3级,day
2015-03-12 19:00:00,沙冲路,1、追尾的,负全部责任,不负责任,1,贵A28V75,白色,1,贵AU3717,黑色,-1,十一培,-1,1993/10/7 0:00,华泰宝利格牌,钱江牌,364068000000000000 ,364548000000000000 ,198205,197411,19,3,3,工作日,晚高峰(17-19点),2015-03-12,2015年3月12日,多云 /多云,16℃ / 10℃,南风 ≤3级 /南风 ≤3级,多云,多云,16,10,南风,≤3级,南风,≤3级,day
2015-03-12 18:56:00,大营坡,7、未按规定让行的 ,负全部责任,不负责任,1,贵A13M37,白,1,贵JS9758,黑,-1,十一培,-1,1998/4/7 0:00,凯迪拉克牌,东风日产牌,36604551146468477X,36454651835453391X,199020,197510,18,3,3,工作日,晚高峰(17-19点),2015-03-12,2015年3月12日,多云 /多云,16℃ / 10℃,南风 ≤3级 /南风 ≤3级,多云,多云,16,10,南风,≤3级,南风,≤3级,day
2015-03-12 16:20:00,新添大道,7、未按规定让行的 ,负全部责任,不负责任,1,贵AA4456,红,1,贵A2E644,银,-1,自培,-1,2004/12/21 0:00,奔达,沃尔沃牌,35696651975446018X,366347000000000000 ,198310,196810,16,3,3,工作日,非高峰,2015-03-12,2015年3月12日,多云 /多云,16℃ / 10℃,南风 ≤3级 /南风 ≤3级,多云,多云,16,10,南风,≤3级,南风,≤3级,day
2015-03-12 15:00:00,杨家山,1、追尾的,负全部责任,不负责任,1,贵A5281B,白,1,贵AVF284,白,自培,自培,2006/3/27 0:00,2012/3/9 0:00,长安牌,雷克萨斯,36656851894362635X,366670000000000000 ,197805,197911,15,3,3,工作日,非高峰,2015-03-12,2015年3月12日,多云 /多云,16℃ / 10℃,南风 ≤3级 /南风 ≤3级,多云,多云,16,10,南风,≤3级,南风,≤3级,day
2015-03-12 15:40:00,会展城,7、未按规定让行的 ,负全部责任,不负责任,1,贵GT2160,红,1,贵A85F37,银,-1,自培,-1,2005/9/15 0:00,雪佛兰牌,东风标致牌,364548000000000000 ,355667000000000000 ,198907,198004,15,3,3,工作日,非高峰,2015-03-12,2015年3月12日,多云 /多云,16℃ / 10℃,南风 ≤3级 /南风 ≤3级,多云,多云,16,10,南风,≤3级,南风,≤3级,day
2015-03-12 17:15:00,枣山路,1、追尾的,负全部责任,不负责任,1,贵ACM894,银,1,贵AU2918,黄,无,自培,1998/12/7 0:00,2008/4/1 0:00,丰田牌,瑞麒牌,366364000000000000 ,366046000000000000 ,197403,198011,17,3,3,工作日,晚高峰(17-19点),2015-03-12,2015年3月12日,多云 /多云,16℃ / 10℃,南风 ≤3级 /南风 ≤3级,多云,多云,16,10,南风,≤3级,南风,≤3级,day
2015-03-12 15:20:00,涴沙桥,7、未按规定让行的 ,负全部责任,不负责任,1,贵APB394,黑,1,贵AHM749,白,自培,自培,2004/1/18 0:00,2004/9/24 0:00,五菱牌,别克牌,34540500000000000 ,364547000000000000 ,198104,198103,15,3,3,工作日,非高峰,2015-03-12,2015年3月12日,多云 /多云,16℃ / 10℃,南风 ≤3级 /南风 ≤3级,多云,多云,16,10,南风,≤3级,南风,≤3级,day
2015-03-12 22:30:00,贵惠大道,7、未按规定让行的 ,负全部责任,不负责任,1,贵AC8672,白色,1,贵A93G15,白色,青正驾校,-1,2011/11/10 0:00,-1,波罗牌,大众汽车牌,366577000000000000 ,36656151964960543X,198108,198208,22,3,3,工作日,非高峰,2015-03-12,2015年3月12日,多云 /多云,16℃ / 10℃,南风 ≤3级 /南风 ≤3级,多云,多云,16,10,南风,≤3级,南风,≤3级,night
2015-03-12 19:30:00,乌当,7、未按规定让行的 ,负全部责任,不负责任,1,贵A4243K,银,1,贵AA858R,银,贵州平安驾驶培训学校,全林驾校,2012/6/25 0:00,2002/8/7 0:00,江铃牌,英伦牌,36455651994958475X,364557000000000000 ,198808,198203,19,3,3,工作日,晚高峰(17-19点),2015-03-12,2015年3月12日,多云 /多云,16℃ / 10℃,南风 ≤3级 /南风 ≤3级,多云,多云,16,10,南风,≤3级,南风,≤3级,day