accidenttime,accidentaddr,driver1fault,driver1responsibility,driver2responsibility,sex1,platenumber1,carcolor1,sex2,platenumber2,carcolor2,jxmc1,jxmc2,cclzrq1,cclzrq2,clpp1,clpp2,driver1license,driver2license,brith1,brith2,hour,weekday,month,is_weekday,peak_hour,date,日期,天气状况,气温,风力风向,day_wea,night_wea,day_tep,night_tep,day_wind_direction,day_wind_speed,night_wind_direction,night_wind_speed,segment
2015-03-12 21:55:00,白云区,6、违反交通信号的,负全部责任,不负责任,1,贵ARC416,银,0,贵A3359W,白,（南明区）吉源驾驶培训有限公司,鑫鑫驾校,2007/2/5 0:00,2014/11/5 0:00,五菱牌,起亚牌,366064000000000000 ,364558000000000000 ,197809,198912,21,3,3,工作日,非高峰,2015-03-12,2015年3月12日,多云 /多云,16℃ / 10℃,南风 ≤3级 /南风 ≤3级,多云,多云,16,10,南风,≤3级,南风,≤3级,night
2015-03-12 18:20:00,孟关,1、追尾的,负全部责任,不负责任,1,贵A4D312,白色,1,贵A6AH81,白色,（云岩区）时发驾驶培训有限公司,铁二局驾校,2009/4/17 0:00,2012/5/4 0:00,-1,福克斯牌,364547000000000000 ,366766000000000000 ,197806,197708,18,3,3,工作日,晚高峰(17-19点),2015-03-12,2015年3月12日,多云 /多云,16℃ / 10℃,南风 ≤3级 /南风 ≤3级,多云,多云,16,10,南风,≤3级,南风,≤3级,day
2015-03-12 18:56:00,花溪,9、不符合前8款规定或者双方同时具有上述情形的,负同等责任,负同等责任,1,贵AAW046,白色,1,临贵A730D2,白色,（花溪区）贵州大学驾驶培训有限公司,-1,2009/2/20 0:00,-1,福克斯牌,-1,364556000000000000 ,72676051825660035X,196504,197612,18,3,3,工作日,晚高峰(17-19点),2015-03-12,2015年3月12日,多云 /多云,16℃ / 10℃,南风 ≤3级 /南风 ≤3级,多云,多云,16,10,南风,≤3级,南风,≤3级,day
2015-03-13 06:00:00,中曹司,7、未按规定让行的 ,负全部责任,不负责任,1,贵GY6667,黑色,1,贵A3CB24,白色,-1,520115,-1,2008/9/1 0:00,神剑牌,红旗牌,366346000000000000 ,364547000000000000 ,197707,198711,6,4,3,工作日,非高峰,2015-03-13,2015年3月13日,多云 /阵雨,17℃ / 12℃,南风 ≤3级 /南风 ≤3级,多云,阵雨,17,12,南风,≤3级,南风,≤3级,day
2015-03-13 08:25:00,云岩区,1、追尾的,负全部责任,不负责任,1,贵AF1668,银,1,贵A56E91,银,自培,自培,1998/8/18 0:00,1996/2/20 0:00,奥迪,海马牌,366364000000000000 ,364557000000000000 ,196504,197412,8,4,3,工作日,早高峰(7-9点),2015-03-13,2015年3月13日,多云 /阵雨,17℃ / 12℃,南风 ≤3级 /南风 ≤3级,多云,阵雨,17,12,南风,≤3级,南风,≤3级,day
2015-03-13 05:00:00,金阳八匹马,1、追尾的,负全部责任,不负责任,1,川MF2149,白色,1,贵A1502M,白色,-1,预约考试窗口,-1,2006/10/25 0:00,思铭牌,东风牌,355464000000000000 ,364547000000000000 ,198512,198702,5,4,3,工作日,非高峰,2015-03-13,2015年3月13日,多云 /阵雨,17℃ / 12℃,南风 ≤3级 /南风 ≤3级,多云,阵雨,17,12,南风,≤3级,南风,≤3级,night
2015-03-13 05:50:00,花溪,9、不符合前8款规定或者双方同时具有上述情形的,负同等责任,负同等责任,1,鄂FA8633,黑色,1,贵ALA697,白色,文通驾校,文通驾校,2012/9/4 0:00,2001/1/31 0:00,北京现代 ,飞度,364556000000000000 ,364556000000000000 ,199201,196308,5,4,3,工作日,非高峰,2015-03-13,2015年3月13日,多云 /阵雨,17℃ / 12℃,南风 ≤3级 /南风 ≤3级,多云,阵雨,17,12,南风,≤3级,南风,≤3级,night
2015-03-12 18:30:00,北京路,8、依法应负全责的其他情形,负全部责任,不负责任,1,贵DK349,白色,1,贵A62H66,白色,自培,预约考试窗口,2001/4/11 0:00,2006/12/7 0:00,-1,大众汽车牌,364548000000000000 ,64765500000000000 ,197604,197005,18,3,3,工作日,晚高峰(17-19点),2015-03-12,2015年3月12日,多云 /多云,16℃ / 10℃,南风 ≤3级 /南风 ≤3级,多云,多云,16,10,南风,≤3级,南风,≤3级,day
2015-03-13 06:59:00,沙冲路口,1、追尾的,负全部责任,不负责任,1,贵A89C13,灰色,1,贵AU6469,白色,自培,十一培,2002/6/21 0:00,1995/7/24 0:00,凯尊,东风雪铁龙牌,364547000000000000 ,366368000000000000 ,196304,196812,6,4,3,工作日,非高峰,2015-03-13,2015年3月13日,多云 /阵雨,17℃ / 12℃,南风 ≤3级 /南风 ≤3级,多云,阵雨,17,12,南风,≤3级,南风,≤3级,day
2015-03-12 19:00:00,小河,3、倒车的,负全部责任,不负责任,1,贵A4226K,白色,1,贵A92S96,黑色,自培,十一培,2013/7/29 0:00,1993/6/6 0:00,五菱牌,森林人,776347000000000000 ,364556000000000000 ,199412,197203,19,3,3,工作日,晚高峰(17-19点),2015-03-12,2015年3月12日,多云 /多云,16℃ / 10℃,南风 ≤3级 /南风 ≤3级,多云,多云,16,10,南风,≤3级,南风,≤3级,day
2015-03-12 19:00:00,金阳,7、未按规定让行的 ,负全部责任,不负责任,1,贵ANM772,白,1,贵A26A84,黑,（观山湖区）诚信驾驶培训有限公司,自培,2009/4/13 0:00,2003/9/9 0:00,东风雪铁龙牌,比亚迪牌,366064000000000000 ,376562000000000000 ,198206,198501,19,3,3,工作日,晚高峰(17-19点),2015-03-12,2015年3月12日,多云 /多云,16℃ / 10℃,南风 ≤3级 /南风 ≤3级,多云,多云,16,10,南风,≤3级,南风,≤3级,day
2015-03-13 07:30:00,盐务街,7、未按规定让行的 ,负全部责任,不负责任,1,贵A70058,白,1,贵AVC327,红,-1,自培,-1,2005/1/19 0:00,贵州,别克牌,364547000000000000 ,364548000000000000 ,195909,198001,7,4,3,工作日,早高峰(7-9点),2015-03-13,2015年3月13日,多云 /阵雨,17℃ / 12℃,南风 ≤3级 /南风 ≤3级,多云,阵雨,17,12,南风,≤3级,南风,≤3级,day
2015-03-13 08:40:00,兴关路,8、依法应负全责的其他情形,负全部责任,不负责任,1,贵AMH358,白色,1,贵AU7268,白色,-1,自培,-1,2004/2/17 0:00,长安牌,嘉隆牌,366669000000000000 ,364547000000000000 ,198704,197205,8,4,3,工作日,早高峰(7-9点),2015-03-13,2015年3月13日,多云 /阵雨,17℃ / 12℃,南风 ≤3级 /南风 ≤3级,多云,阵雨,17,12,南风,≤3级,南风,≤3级,day
2015-03-13 09:00:00,都司桥,8、依法应负全责的其他情形,负全部责任,不负责任,1,贵AD5469,白,1,贵A18688,白,-1,自培,-1,2002/1/31 0:00,宝马牌,嘉陵牌,364648000000000000 ,364547000000000000 ,198827,196411,9,4,3,工作日,早高峰(7-9点),2015-03-13,2015年3月13日,多云 /阵雨,17℃ / 12℃,南风 ≤3级 /南风 ≤3级,多云,阵雨,17,12,南风,≤3级,南风,≤3级,day
2015-03-13 08:50:00,金朱东路,1、追尾的,负全部责任,不负责任,1,贵A55M36,黑,1,贵ACB861,黄,自培,自培,2012/5/24 0:00,2007/9/7 0:00,福克斯牌,长安牌,364647000000000000 ,366664000000000000 ,198603,197712,8,4,3,工作日,早高峰(7-9点),2015-03-13,2015年3月13日,多云 /阵雨,17℃ / 12℃,南风 ≤3级 /南风 ≤3级,多云,阵雨,17,12,南风,≤3级,南风,≤3级,day
2015-03-12 19:20:00,贵州大学城,7、未按规定让行的 ,负全部责任,不负责任,1,贵AW6952,银,1,贵AM4938,蓝,自培,自培,2007/7/31 0:00,2000/8/28 0:00,豪进牌,飞肯牌,364557000000000000 ,364548000000000000 ,198611,197712,19,3,3,工作日,晚高峰(17-19点),2015-03-12,2015年3月12日,多云 /多云,16℃ / 10℃,南风 ≤3级 /南风 ≤3级,多云,多云,16,10,南风,≤3级,南风,≤3级,day
2015-03-12 18:00:00,小关,1、追尾的,负全部责任,不负责任,1,贵ES6444,黑,1,贵AN0922,黑,自培,自培,2001/6/20 0:00,2003/5/10 0:00,梅赛德斯-奔驰牌,望龙牌,364557000000000000 ,366664000000000000 ,197611,196906,18,3,3,工作日,晚高峰(17-19点),2015-03-12,2015年3月12日,多云 /多云,16℃ / 10℃,南风 ≤3级 /南风 ≤3级,多云,多云,16,10,南风,≤3级,南风,≤3级,day
2015-03-13 07:30:00,涴沙路,1、追尾的,负全部责任,不负责任,0,贵A28291,黑,1,贵AU2824,黑,-1,赤壁市赤强驾校,-1,2006/5/29 0:00,尼桑,瑞麒牌,364547000000000 ,66762500000000000 ,690908,197809,7,4,3,工作日,早高峰(7-9点),2015-03-13,2015年3月13日,多云 /阵雨,17℃ / 12℃,南风 ≤3级 /南风 ≤3级,多云,阵雨,17,12,南风,≤3级,南风,≤3级,day
2015-03-13 10:00:00,八公里,3、倒车的,负全部责任,不负责任,1,贵A96712,白色,1,贵AE6564,白色,-1,长运驾校,-1,2014/7/27 0:00,长安,豪爵牌,366604000000000000 ,366570000000000000 ,197303,197404,10,4,3,工作日,非高峰,2015-03-13,2015年3月13日,多云 /阵雨,17℃ / 12℃,南风 ≤3级 /南风 ≤3级,多云,阵雨,17,12,南风,≤3级,南风,≤3级,day
2015-03-13 09:17:00,机场路,7、未按规定让行的 ,负全部责任,不负责任,1,贵AB811J,白色,1,贵A9226Y,黑色,-1,时发驾校,-1,2013/8/7 0:00,北京牌,北京现代牌,366862000000000000 ,364557000000000000 ,198706,199002,9,4,3,工作日,早高峰(7-9点),2015-03-13,2015年3月13日,多云 /阵雨,17℃ / 12℃,南风 ≤3级 /南风 ≤3级,多云,阵雨,17,12,南风,≤3级,南风,≤3级,day
2015-03-13 09:30:00,北京西路,7、未按规定让行的 ,负全部责任,不负责任,1,贵GC9606,白,1,贵GV1830,黑,-1,贵州贵龙驾校,-1,2015/1/21 0:00,福克斯牌,别克牌,366664000000000000 ,55365500000000000 ,197907,198411,9,4,3,工作日,早高峰(7-9点),2015-03-13,2015年3月13日,多云 /阵雨,17℃ / 12℃,南风 ≤3级 /南风 ≤3级,多云,阵雨,17,12,南风,≤3级,南风,≤3级,day
2015-03-13 10:10:00,延安路,1、追尾的,负全部责任,不负责任,1,贵ANE957,红,1,贵AU6715,绿,-1,毕节地区宏强驾校,-1,2007/1/25 0:00,马自达牌,宗申牌,36454751835551445Z,366064000000000000 ,197511,198412,10,4,3,工作日,非高峰,2015-03-13,2015年3月13日,多云 /阵雨,17℃ / 12℃,南风 ≤3级 /南风 ≤3级,多云,阵雨,17,12,南风,≤3级,南风,≤3级,day
2015-03-13 09:40:00,西二环,1、追尾的,负全部责任,不负责任,1,渝F45622,银,1,贵AA1968,银,-1,自培,-1,2013/7/29 0:00,无,别克牌,355666000000000000 ,366670000000000000 ,198207,198904,9,4,3,工作日,早高峰(7-9点),2015-03-13,2015年3月13日,多云 /阵雨,17℃ / 12℃,南风 ≤3级 /南风 ≤3级,多云,阵雨,17,12,南风,≤3级,南风,≤3级,day
2015-03-13 09:20:00,八匹马,7、未按规定让行的 ,负全部责任,不负责任,1,贵AAR252,白,1,贵JDD329,黑,（南明区）金大驾驶培训有限公司,-1,2007/11/29 0:00,-1,国威牌,宝骏牌,364558000000000000 ,357268000000000000 ,197302,198307,9,4,3,工作日,早高峰(7-9点),2015-03-13,2015年3月13日,多云 /阵雨,17℃ / 12℃,南风 ≤3级 /南风 ≤3级,多云,阵雨,17,12,南风,≤3级,南风,≤3级,day
2015-03-13 10:20:00,小河平桥,7、未按规定让行的 ,负全部责任,不负责任,1,贵AB156J,白色,1,贵GE4360,白色,龙里县翼翔驾驶培训有限责任公司,-1,2012/10/18 0:00,-1,五菱牌,三铃牌,366875000000000000 ,3645480000000000 ,198711,196218,10,4,3,工作日,非高峰,2015-03-13,2015年3月13日,多云 /阵雨,17℃ / 12℃,南风 ≤3级 /南风 ≤3级,多云,阵雨,17,12,南风,≤3级,南风,≤3级,day
2015-03-13 12:40:00,金阳,7、未按规定让行的 ,负全部责任,不负责任,1,贵AA575H,白,1,贵A60328,白,-1,自培,-1,2001/2/13 0:00,北京现代牌,川路,355464000000000000 ,366367000000000000 ,198709,196906,12,4,3,工作日,非高峰,2015-03-13,2015年3月13日,多云 /阵雨,17℃ / 12℃,南风 ≤3级 /南风 ≤3级,多云,阵雨,17,12,南风,≤3级,南风,≤3级,day
2015-03-13 09:40:00,火车站,5、开关车门的,负全部责任,不负责任,1,贵AX2425,黑,1,贵A39C14,黑,自培,景宏驾校,2006/10/19 0:00,2010/8/20 0:00,双健牌,江淮牌,776268000000000000 ,366668000000000000 ,196904,198207,9,4,3,工作日,早高峰(7-9点),2015-03-13,2015年3月13日,多云 /阵雨,17℃ / 12℃,南风 ≤3级 /南风 ≤3级,多云,阵雨,17,12,南风,≤3级,南风,≤3级,day
2015-03-13 09:30:00,桐惠线加油站,1、追尾的,负全部责任,不负责任,1,浙C8PN78,白色,1,贵A0904C,白色,自培,自培,2003/5/6 0:00,2008/10/28 0:00,无,南骏牌,366061000000000000 ,364556000000000000 ,197112,198209,9,4,3,工作日,早高峰(7-9点),2015-03-13,2015年3月13日,多云 /阵雨,17℃ / 12℃,南风 ≤3级 /南风 ≤3级,多云,阵雨,17,12,南风,≤3级,南风,≤3级,day
2015-03-13 09:40:00,花溪大道,1、追尾的,负全部责任,不负责任,1,贵AA174L,白色,1,渝FW9475,白色,自培,-1,2007/6/13 0:00,-1,长安牌,长安牌,36604551885448587X,356668000000000000 ,197710,197404,9,4,3,工作日,早高峰(7-9点),2015-03-13,2015年3月13日,多云 /阵雨,17℃ / 12℃,南风 ≤3级 /南风 ≤3级,多云,阵雨,17,12,南风,≤3级,南风,≤3级,day
2015-03-13 10:31:00,轮胎厂,3、倒车的,负全部责任,不负责任,1,贵ACM595,银,1,湘AN4K51,黑,自培,-1,2004/7/23 0:00,-1,海马牌,辉腾4172小轿车,764656000000000000 ,76416051834653027X,196103,197502,10,4,3,工作日,非高峰,2015-03-13,2015年3月13日,多云 /阵雨,17℃ / 12℃,南风 ≤3级 /南风 ≤3级,多云,阵雨,17,12,南风,≤3级,南风,≤3级,day
2015-03-13 03:30:00,中曹司大桥,7、未按规定让行的 ,负全部责任,不负责任,1,贵4584857,黄色,1,贵A71N69,白色,（经开区）十一驾驶培训有限公司,十一培,2006/1/4 0:00,1995/9/6 0:00,-1,思威牌,36606651844052065X,366367000000000000 ,197004,196812,3,4,3,工作日,非高峰,2015-03-13,2015年3月13日,多云 /阵雨,17℃ / 12℃,南风 ≤3级 /南风 ≤3级,多云,阵雨,17,12,南风,≤3级,南风,≤3级,night
2015-03-13 09:49:00,大西门,7、未按规定让行的 ,负全部责任,不负责任,1,贵AU3066,绿,1,贵A27P46,蓝,-1,十一培,-1,1998/6/5 0:00,捷达牌,波罗,366067000000000000 ,364548000000000000 ,198304,196904,9,4,3,工作日,早高峰(7-9点),2015-03-13,2015年3月13日,多云 /阵雨,17℃ / 12℃,南风 ≤3级 /南风 ≤3级,多云,阵雨,17,12,南风,≤3级,南风,≤3级,day
2015-03-13 10:00:00,石板,7、未按规定让行的 ,负全部责任,不负责任,1,贵A47396,白色,1,贵AM4543,白色,自培,十一培,2009/7/16 0:00,1998/6/15 0:00,山鹰,嘉陵牌,366661000000000000 ,364548000000000000 ,198410,196709,10,4,3,工作日,非高峰,2015-03-13,2015年3月13日,多云 /阵雨,17℃ / 12℃,南风 ≤3级 /南风 ≤3级,多云,阵雨,17,12,南风,≤3级,南风,≤3级,day
2015-03-13 11:10:00,机场,8、依法应负全责的其他情形,负全部责任,不负责任,1,贵A7407B,黑色,1,贵AR5565,黑色,自培,十一培,2010/7/7 0:00,1998/1/24 0:00,大众汽车牌,珠峰牌,56862500000000000 ,366876000000000000 ,198703,196802,11,4,3,工作日,非高峰,2015-03-13,2015年3月13日,多云 /阵雨,17℃ / 12℃,南风 ≤3级 /南风 ≤3级,多云,阵雨,17,12,南风,≤3级,南风,≤3级,day
2015-03-12 22:00:00,白云区,7、未按规定让行的 ,负全部责任,不负责任,1,浙A9J331,银,1,贵F50927,银,自培,自培,2005/9/16 0:00,2000/1/26 0:00,无,长安牌,366367000000000000 ,366068000000000000 ,197207,197208,22,3,3,工作日,非高峰,2015-03-12,2015年3月12日,多云 /多云,16℃ / 10℃,南风 ≤3级 /南风 ≤3级,多云,多云,16,10,南风,≤3级,南风,≤3级,night
2015-03-13 09:40:00,乌当,7、未按规定让行的 ,负全部责任,不负责任,1,贵A096A9,白,1,贵ADB831,白,-1,自培,-1,2002/10/21 0:00,江铃牌,长安牌,364557000000000000 ,36455651964764475X,198411,198203,9,4,3,工作日,早高峰(7-9点),2015-03-13,2015年3月13日,多云 /阵雨,17℃ / 12℃,南风 ≤3级 /南风 ≤3级,多云,阵雨,17,12,南风,≤3级,南风,≤3级,day
2015-03-13 11:10:00,东山,7、未按规定让行的 ,负全部责任,不负责任,0,贵A62L55,白,1,贵A0461M,白,（花溪区）高新十七驾驶培训有限公司,自培,2010/4/19 0:00,2007/4/13 0:00,奥迪牌,五菱牌,355468000000000000 ,364548000000000000 ,198711,198705,11,4,3,工作日,非高峰,2015-03-13,2015年3月13日,多云 /阵雨,17℃ / 12℃,南风 ≤3级 /南风 ≤3级,多云,阵雨,17,12,南风,≤3级,南风,≤3级,day
2015-03-13 09:30:00,旭东路,8、依法应负全责的其他情形,负全部责任,不负责任,1,贵A41R11,白,0,贵AU6691,黄,贵定县阳光汽车驾驶培训学校,自培,2011/12/5 0:00,2011/10/11 0:00,大众汽车牌,恒通客车牌,364547000000000000 ,55769500000000000 ,198206,198604,9,4,3,工作日,早高峰(7-9点),2015-03-13,2015年3月13日,多云 /阵雨,17℃ / 12℃,南风 ≤3级 /南风 ≤3级,多云,阵雨,17,12,南风,≤3级,南风,≤3级,day
2015-03-13 11:13:00,乌当,3、倒车的,负全部责任,不负责任,1,贵A083D3,黑,1,贵A69N74,黑,吉源驾校,自培,2014/7/20 0:00,2006/6/12 0:00,凯马牌,丰田牌,366566000000000000 ,364557000000000000 ,198606,198709,11,4,3,工作日,非高峰,2015-03-13,2015年3月13日,多云 /阵雨,17℃ / 12℃,南风 ≤3级 /南风 ≤3级,多云,阵雨,17,12,南风,≤3级,南风,≤3级,day
2015-03-13 10:30:00,金朱东路,7、未按规定让行的 ,负全部责任,不负责任,1,贵AU6166,白,1,贵GX4695,白,-1,凯信驾校,-1,2014/6/27 0:00,大众牌,东风标致,364548000000000 ,36455751274945407X,196213,196308,10,4,3,工作日,非高峰,2015-03-13,2015年3月13日,多云 /阵雨,17℃ / 12℃,南风 ≤3级 /南风 ≤3级,多云,阵雨,17,12,南风,≤3级,南风,≤3级,day
2015-03-13 11:49:00,野鸭塘,8、依法应负全责的其他情形,负全部责任,不负责任,1,贵G11358,白,1,贵A991B6,红,-1,-1,-1,-1,北京现代牌,福田牌,354564000000000000 ,355266000000000000 ,196609,198910,11,4,3,工作日,非高峰,2015-03-13,2015年3月13日,多云 /阵雨,17℃ / 12℃,南风 ≤3级 /南风 ≤3级,多云,阵雨,17,12,南风,≤3级,南风,≤3级,day
2015-03-13 11:30:00,观山湖区,7、未按规定让行的 ,负全部责任,不负责任,1,贵A6705T,蓝,1,贵HAG332,白,-1,520108,-1,2008/11/19 0:00,五菱牌,福克斯牌,366068000000000000 ,366276000000000000 ,198411,197602,11,4,3,工作日,非高峰,2015-03-13,2015年3月13日,多云 /阵雨,17℃ / 12℃,南风 ≤3级 /南风 ≤3级,多云,阵雨,17,12,南风,≤3级,南风,≤3级,day
2015-03-13 13:00:00,西二环,1、追尾的,负全部责任,不负责任,1,贵A88P53,黑,0,贵GP959T,红,-1,十一驾驶培训有限公司,-1,2011/7/11 0:00,奥迪,-1,364548000000000000 ,364547000000000000 ,197009,197710,13,4,3,工作日,非高峰,2015-03-13,2015年3月13日,多云 /阵雨,17℃ / 12℃,南风 ≤3级 /南风 ≤3级,多云,阵雨,17,12,南风,≤3级,南风,≤3级,day
2015-03-13 13:30:00,开发大道,1、追尾的,负全部责任,不负责任,1,贵ANU225,白色,1,贵A0793R,白色,-1,自培,-1,2013/3/7 0:00,长安牌,长安牌,366568000000000000 ,366568000000000000 ,198701,198410,13,4,3,工作日,非高峰,2015-03-13,2015年3月13日,多云 /阵雨,17℃ / 12℃,南风 ≤3级 /南风 ≤3级,多云,阵雨,17,12,南风,≤3级,南风,≤3级,day
2015-03-13 12:30:00,北二环,7、未按规定让行的 ,负全部责任,不负责任,0,贵A877F5,白,1,贵AHV473,银,贵州贵龙驾校,六枝特区顺安机动车驾驶培训学校,2014/8/20 0:00,-1,王牌牌,起亚牌,366368000000000000 ,364648000000000000 ,199409,197310,12,4,3,工作日,非高峰,2015-03-13,2015年3月13日,多云 /阵雨,17℃ / 12℃,南风 ≤3级 /南风 ≤3级,多云,阵雨,17,12,南风,≤3级,南风,≤3级,day
2015-03-13 12:50:00,情人谷,8、依法应负全责的其他情形,负全部责任,不负责任,1,贵A3300Y,白色,1,贵AJN225,白色,全林驾校,新天驾校,2007/5/10 0:00,2010/6/8 0:00,大众牌,北京现代牌,364557000000000000 ,364557000000000000 ,196907,198610,12,4,3,工作日,非高峰,2015-03-13,2015年3月13日,多云 /阵雨,17℃ / 12℃,南风 ≤3级 /南风 ≤3级,多云,阵雨,17,12,南风,≤3级,南风,≤3级,day
2015-03-13 13:30:00,同心路,7、未按规定让行的 ,负全部责任,不负责任,1,贵A2BF99,黑,1,贵AUA449,白,吉源驾校,消防驾校,2014/7/21 0:00,2000/10/16 0:00,长安牌,吉利美日牌,364558000000000000 ,366347000000000000 ,198312,197901,13,4,3,工作日,非高峰,2015-03-13,2015年3月13日,多云 /阵雨,17℃ / 12℃,南风 ≤3级 /南风 ≤3级,多云,阵雨,17,12,南风,≤3级,南风,≤3级,day
2015-03-13 11:40:00,开发大道,8、依法应负全责的其他情形,负全部责任,不负责任,1,贵JCA164,白色,1,贵AM8531,白色,自培,蓝天驾校,2004/10/27 0:00,2014/3/4 0:00,朗逸牌,颐达(TIIDA)牌,786175000000000000 ,344678000000000000 ,198402,199409,11,4,3,工作日,非高峰,2015-03-13,2015年3月13日,多云 /阵雨,17℃ / 12℃,南风 ≤3级 /南风 ≤3级,多云,阵雨,17,12,南风,≤3级,南风,≤3级,day
2015-03-13 12:50:00,砖矿车,1、追尾的,负全部责任,不负责任,1,贵AHK606,白色,1,渝ANA944,白色,自培,-1,2003/8/15 0:00,-1,五菱,夏利牌,364548000000000000 ,354656000000000000 ,198402,196311,12,4,3,工作日,非高峰,2015-03-13,2015年3月13日,多云 /阵雨,17℃ / 12℃,南风 ≤3级 /南风 ≤3级,多云,阵雨,17,12,南风,≤3级,南风,≤3级,day
2015-03-13 14:40:00,金阳客站,7、未按规定让行的 ,负全部责任,不负责任,1,贵AJM894,白,1,贵AB757N,白,-1,-1,-1,-1,长安牌,奇瑞牌,364544000000 ,364548000000000000 ,974984,198712,14,4,3,工作日,非高峰,2015-03-13,2015年3月13日,多云 /阵雨,17℃ / 12℃,南风 ≤3级 /南风 ≤3级,多云,阵雨,17,12,南风,≤3级,南风,≤3级,day
2015-03-13 14:30:00,三桥,7、未按规定让行的 ,负全部责任,不负责任,1,贵FP5185,银,1,贵A11B34,黑,大方县龙飞汽车(摩托车)驾驶培训学校,自培,-1,2006/9/27 0:00,五菱牌,大众牌,366067000000000000 ,366068000000000000 ,198807,198808,14,4,3,工作日,非高峰,2015-03-13,2015年3月13日,多云 /阵雨,17℃ / 12℃,南风 ≤3级 /南风 ≤3级,多云,阵雨,17,12,南风,≤3级,南风,≤3级,day
2015-03-13 13:30:00,金阳南路,8、依法应负全责的其他情形,负全部责任,不负责任,1,贵A2651R,黑,1,贵ACL683,白,新天驾校,自培,2004/7/9 0:00,2009/12/21 0:00,五菱牌,晶锐牌,366367000000000000 ,364547000000000000 ,197605,198001,13,4,3,工作日,非高峰,2015-03-13,2015年3月13日,多云 /阵雨,17℃ / 12℃,南风 ≤3级 /南风 ≤3级,多云,阵雨,17,12,南风,≤3级,南风,≤3级,day
2015-03-13 16:00:00,麦架镇,3、倒车的,负全部责任,不负责任,1,贵A2688J,银,1,贵A64K59,银,消防驾校,消防驾校,2012/8/30 0:00,2011/6/20 0:00,吉利牌,众泰牌,366567000000000000 ,364558000000000000 ,197701,199109,16,4,3,工作日,非高峰,2015-03-13,2015年3月13日,多云 /阵雨,17℃ / 12℃,南风 ≤3级 /南风 ≤3级,多云,阵雨,17,12,南风,≤3级,南风,≤3级,day
2015-03-13 14:40:00,化工路,1、追尾的,负全部责任,不负责任,1,贵AES457,银,1,贵A80249,银,十一培,自培,1989/10/27 0:00,2001/7/13 0:00,宝马,富康,364548000000000000 ,364548000000000000 ,195504,197010,14,4,3,工作日,非高峰,2015-03-13,2015年3月13日,多云 /阵雨,17℃ / 12℃,南风 ≤3级 /南风 ≤3级,多云,阵雨,17,12,南风,≤3级,南风,≤3级,day
2015-03-13 12:00:00,花果园,1、追尾的,负全部责任,不负责任,1,贵A95N82,白色,1,贵AP6156,白色,自培,市警校驾校,2002/6/11 0:00,2013/7/11 0:00,比亚迪牌,五菱牌,364557000000000000 ,726662000000000000 ,197109,199110,12,4,3,工作日,非高峰,2015-03-13,2015年3月13日,多云 /阵雨,17℃ / 12℃,南风 ≤3级 /南风 ≤3级,多云,阵雨,17,12,南风,≤3级,南风,≤3级,day
2015-03-13 11:00:00,浣纱桥,8、依法应负全责的其他情形,负全部责任,不负责任,1,贵AC6088,白色,1,贵A27Y42,白色,-1,十一培,-1,1996/7/12 0:00,嘉陵牌,长安牌,364547000000000 ,36454751275647525X,710220,196312,11,4,3,工作日,非高峰,2015-03-13,2015年3月13日,多云 /阵雨,17℃ / 12℃,南风 ≤3级 /南风 ≤3级,多云,阵雨,17,12,南风,≤3级,南风,≤3级,day
2015-03-13 13:40:00,观水路,7、未按规定让行的 ,负全部责任,不负责任,0,贵AK4057,白,1,贵AU7799,白,自培,十一培,2012/8/3 0:00,1992/9/9 0:00,大众汽车,金龙牌,364596000000000000 ,36454651805562265X,199209,197411,13,4,3,工作日,非高峰,2015-03-13,2015年3月13日,多云 /阵雨,17℃ / 12℃,南风 ≤3级 /南风 ≤3级,多云,阵雨,17,12,南风,≤3级,南风,≤3级,day
2015-03-13 11:30:00,兴隆花园,7、未按规定让行的 ,负全部责任,不负责任,1,贵ANZ832,白色,1,贵AU6147,白色,自培,十一培,2000/2/29 0:00,1985/8/5 0:00,长安牌,捷达牌,366361000000000000 ,366368000000000000 ,196612,196509,11,4,3,工作日,非高峰,2015-03-13,2015年3月13日,多云 /阵雨,17℃ / 12℃,南风 ≤3级 /南风 ≤3级,多云,阵雨,17,12,南风,≤3级,南风,≤3级,day
2015-03-13 11:40:00,红边门,7、未按规定让行的 ,负全部责任,不负责任,1,贵AU0396,白色,1,贵AU0544,白色,自培,十一培,2001/11/5 0:00,1993/6/1 0:00,万达牌,嘉陵牌,364547000000000000 ,364547000000000000 ,196401,196506,11,4,3,工作日,非高峰,2015-03-13,2015年3月13日,多云 /阵雨,17℃ / 12℃,南风 ≤3级 /南风 ≤3级,多云,阵雨,17,12,南风,≤3级,南风,≤3级,day