accidenttime,accidentaddr,driver1fault,driver1responsibility,driver2responsibility,sex1,platenumber1,carcolor1,sex2,platenumber2,carcolor2,jxmc1,jxmc2,cclzrq1,cclzrq2,clpp1,clpp2,driver1license,driver2license,brith1,brith2,hour,weekday,month,is_weekday,peak_hour,date,日期,天气状况,气温,风力风向,day_wea,night_wea,day_tep,night_tep,day_wind_direction,day_wind_speed,night_wind_direction,night_wind_speed,segment
2015-03-13 13:00:00,金阳,1、追尾的,负全部责任,不负责任,1,贵AHH248,黑,1,贵AAF995,黑,-1,自培,-1,2002/10/1 0:00,途威,思威牌,496651000000000 ,364548000000000000 ,196610,198502,13,4,3,工作日,非高峰,2015-03-13,2015年3月13日,多云 /阵雨,17℃ / 12℃,南风 ≤3级 /南风 ≤3级,多云,阵雨,17,12,南风,≤3级,南风,≤3级,day
2015-03-13 12:10:00,乌当,1、追尾的,负全部责任,不负责任,1,贵A26Y39,白,1,贵AW9373,白,（观山湖区）蓝天驾驶培训有限公司,自培,2005/4/6 0:00,2004/5/14 0:00,奥迪牌,大发牌,364556000000000000 ,364548000000000000 ,196703,198211,12,4,3,工作日,非高峰,2015-03-13,2015年3月13日,多云 /阵雨,17℃ / 12℃,南风 ≤3级 /南风 ≤3级,多云,阵雨,17,12,南风,≤3级,南风,≤3级,day
2015-03-13 12:15:00,乌当,4、停车时未挂低速档、未拉驻车制动，导致车辆滑行的,负全部责任,不负责任,1,贵A9217W,黑,1,贵A7G420,黑,长运驾校,自培,1997/12/17 0:00,2004/7/27 0:00,吉利牌,东风日产牌,364557000000000000 ,356168000000000000 ,197207,196906,12,4,3,工作日,非高峰,2015-03-13,2015年3月13日,多云 /阵雨,17℃ / 12℃,南风 ≤3级 /南风 ≤3级,多云,阵雨,17,12,南风,≤3级,南风,≤3级,day
2015-03-13 13:00:00,富源路,7、未按规定让行的 ,负全部责任,不负责任,1,贵ACY457,白色,1,贵GR4583,白色,自培,自培,2007/8/31 0:00,2003/4/1 0:00,骊威牌,起亚牌,366277000000000000 ,364548000000000000 ,197803,196207,13,4,3,工作日,非高峰,2015-03-13,2015年3月13日,多云 /阵雨,17℃ / 12℃,南风 ≤3级 /南风 ≤3级,多云,阵雨,17,12,南风,≤3级,南风,≤3级,day
2015-03-13 15:00:00,小河锦江路,9、不符合前8款规定或者双方同时具有上述情形的,负同等责任,负同等责任,1,闽ELA517,白色,1,贵A899A3,白色,吉源驾校,-1,2015/2/4 0:00,-1,宝骏牌,田野牌,734891000000000000 ,36965500000000000 ,198305,196267,15,4,3,工作日,非高峰,2015-03-13,2015年3月13日,多云 /阵雨,17℃ / 12℃,南风 ≤3级 /南风 ≤3级,多云,阵雨,17,12,南风,≤3级,南风,≤3级,day
2015-03-13 14:10:00,白云区,1、追尾的,负全部责任,不负责任,1,贵GV3599,黑,1,贵FD8201,黑,省交校,-1,2011/8/16 0:00,-1,东风雪铁龙牌,众泰牌,36455751984046405X,366068000000000000 ,198704,197602,14,4,3,工作日,非高峰,2015-03-13,2015年3月13日,多云 /阵雨,17℃ / 12℃,南风 ≤3级 /南风 ≤3级,多云,阵雨,17,12,南风,≤3级,南风,≤3级,day
2015-03-13 16:00:00,金五路,5、开关车门的,负全部责任,不负责任,1,贵AZA735,黑,1,贵AA7946,黑,-1,贵州省黔东南州金凯驾驶学校,-1,2014/3/11 0:00,北京现代牌,长安,355468000000000000 ,366064000000000000 ,197104,199101,16,4,3,工作日,非高峰,2015-03-13,2015年3月13日,多云 /阵雨,17℃ / 12℃,南风 ≤3级 /南风 ≤3级,多云,阵雨,17,12,南风,≤3级,南风,≤3级,day
2015-03-13 14:30:00,东二环,1、追尾的,负全部责任,不负责任,1,渝GL8677,红,1,贵HCQ353,白,景宏驾校,-1,2011/8/26 0:00,-1,牧马人,指南者,344676000000000000 ,734561000000000000 ,198609,199101,14,4,3,工作日,非高峰,2015-03-13,2015年3月13日,多云 /阵雨,17℃ / 12℃,南风 ≤3级 /南风 ≤3级,多云,阵雨,17,12,南风,≤3级,南风,≤3级,day
2015-03-13 17:00:00,大营坡,7、未按规定让行的 ,负全部责任,不负责任,1,贵A32A99,黑,1,贵AW4368,黑,-1,-1,-1,-1,长安牌,福特锐界,36454751304056696X,366067000000000000 ,195404,196403,17,4,3,工作日,晚高峰(17-19点),2015-03-13,2015年3月13日,多云 /阵雨,17℃ / 12℃,南风 ≤3级 /南风 ≤3级,多云,阵雨,17,12,南风,≤3级,南风,≤3级,day
2015-03-13 17:30:00,苗圃一号隧道,1、追尾的,负全部责任,不负责任,1,贵EL2532,蓝色,1,贵ACJ498,黑色,-1,消防驾校,-1,2011/5/17 0:00,翼虎牌,东风雪铁龙牌,366067000000000000 ,364548000000000000 ,198703,198001,17,4,3,工作日,晚高峰(17-19点),2015-03-13,2015年3月13日,多云 /阵雨,17℃ / 12℃,南风 ≤3级 /南风 ≤3级,多云,阵雨,17,12,南风,≤3级,南风,≤3级,day
2015-03-13 16:20:00,白云区,3、倒车的,负全部责任,不负责任,1,贵CLZ046,白,1,贵A5578W,白,-1,路路达驾校,-1,2015/1/5 0:00,大众汽车牌,海马牌,366563000000000000 ,364558000000000000 ,199011,199408,16,4,3,工作日,非高峰,2015-03-13,2015年3月13日,多云 /阵雨,17℃ / 12℃,南风 ≤3级 /南风 ≤3级,多云,阵雨,17,12,南风,≤3级,南风,≤3级,day
2015-03-13 17:50:00,宝山路,7、未按规定让行的 ,负全部责任,不负责任,1,贵ASR088,黄色,1,贵AFH747,红色,-1,520129,-1,2008/11/7 0:00,福田牌,北京现代牌,366070000000000000 ,366368000000000000 ,197204,197610,17,4,3,工作日,晚高峰(17-19点),2015-03-13,2015年3月13日,多云 /阵雨,17℃ / 12℃,南风 ≤3级 /南风 ≤3级,多云,阵雨,17,12,南风,≤3级,南风,≤3级,day
2015-03-13 17:55:00,花二道,7、未按规定让行的 ,负全部责任,不负责任,1,贵AA8342,银,1,贵AL3832,银,青正驾校,自培,2014/12/23 0:00,1996/7/10 0:00,比亚迪牌,中华牌,364558000000000000 ,364547000000000000 ,199205,197805,17,4,3,工作日,晚高峰(17-19点),2015-03-13,2015年3月13日,多云 /阵雨,17℃ / 12℃,南风 ≤3级 /南风 ≤3级,多云,阵雨,17,12,南风,≤3级,南风,≤3级,day
2015-03-13 15:45:00,甘荫唐,7、未按规定让行的 ,负全部责任,不负责任,1,贵FH6963,白色,1,贵FS7241,黑色,（南明区）吉源驾驶培训有限公司,时发驾校,2008/12/22 0:00,2011/10/24 0:00,五菱牌,大阳牌,74395500000000000 ,364568000000000000 ,198612,198609,15,4,3,工作日,非高峰,2015-03-13,2015年3月13日,多云 /阵雨,17℃ / 12℃,南风 ≤3级 /南风 ≤3级,多云,阵雨,17,12,南风,≤3级,南风,≤3级,day
2015-03-13 16:30:00,都司路,7、未按规定让行的 ,负全部责任,不负责任,1,贵A66P31,白,1,贵AJV146,黑,自培,自培,2000/10/24 0:00,2012/5/30 0:00,吉利牌,东风雪铁龙牌,356761000000000000 ,366067000000000000 ,196909,198812,16,4,3,工作日,非高峰,2015-03-13,2015年3月13日,多云 /阵雨,17℃ / 12℃,南风 ≤3级 /南风 ≤3级,多云,阵雨,17,12,南风,≤3级,南风,≤3级,day
2015-03-13 17:30:00,西二环,1、追尾的,负全部责任,不负责任,1,贵A433C2,黑,1,贵A98S76,银,（南明区）阳光驾驶培训有限公司,铁二局驾校,2005/2/21 0:00,2011/7/12 0:00,长城牌,长安牌,366664000000000000 ,366361000000000000 ,197609,198006,17,4,3,工作日,晚高峰(17-19点),2015-03-13,2015年3月13日,多云 /阵雨,17℃ / 12℃,南风 ≤3级 /南风 ≤3级,多云,阵雨,17,12,南风,≤3级,南风,≤3级,day
2015-03-13 15:20:00,金阳红街,8、依法应负全责的其他情形,负全部责任,不负责任,1,贵A22538,黑,1,贵GJ6948,黑,-1,镇宁宏伟驾校,-1,-1,乘龙牌,翼搏牌,36657551974642325X,366364000000000000 ,198302,197402,15,4,3,工作日,非高峰,2015-03-13,2015年3月13日,多云 /阵雨,17℃ / 12℃,南风 ≤3级 /南风 ≤3级,多云,阵雨,17,12,南风,≤3级,南风,≤3级,day
2015-03-13 17:20:00,宝山北路,7、未按规定让行的 ,负全部责任,不负责任,1,贵A3BG29,白,1,贵A0BM65,白,-1,（乌当区）新天驾驶培训有限公司,-1,1997/6/25 0:00,梅赛德斯-奔驰,东风雪铁龙牌,4349520000000000 ,364548000000000000 ,198209,197802,17,4,3,工作日,晚高峰(17-19点),2015-03-13,2015年3月13日,多云 /阵雨,17℃ / 12℃,南风 ≤3级 /南风 ≤3级,多云,阵雨,17,12,南风,≤3级,南风,≤3级,day
2015-03-13 15:00:00,中山西路,1、追尾的,负全部责任,不负责任,1,贵AGN052,白,1,贵A48H97,白,自培,公安干院驾校,2001/7/23 0:00,2007/4/29 0:00,长城牌,长城牌,354361000000000000 ,364547000000000000 ,197903,197809,15,4,3,工作日,非高峰,2015-03-13,2015年3月13日,多云 /阵雨,17℃ / 12℃,南风 ≤3级 /南风 ≤3级,多云,阵雨,17,12,南风,≤3级,南风,≤3级,day
2015-03-13 13:50:00,金阳南路,8、依法应负全责的其他情形,负全部责任,不负责任,1,湘AVX579,黑,1,闽A989L1,黑,自培,-1,2014/1/10 0:00,-1,长安牌,\N,74096500000000000 ,736663000000000000 ,198608,197103,13,4,3,工作日,非高峰,2015-03-13,2015年3月13日,多云 /阵雨,17℃ / 12℃,南风 ≤3级 /南风 ≤3级,多云,阵雨,17,12,南风,≤3级,南风,≤3级,day
2015-03-13 15:50:00,大水沟,1、追尾的,负全部责任,不负责任,1,贵AV3229,灰色,1,贵A24109,白色,自培,十一培,2000/8/1 0:00,1997/8/14 0:00,吉利美日牌,大江牌,36606651824247065X,364547000000000000 ,197606,198012,15,4,3,工作日,非高峰,2015-03-13,2015年3月13日,多云 /阵雨,17℃ / 12℃,南风 ≤3级 /南风 ≤3级,多云,阵雨,17,12,南风,≤3级,南风,≤3级,day
2015-03-13 13:30:00,河滨公园,8、依法应负全责的其他情形,负全部责任,不负责任,1,贵AU4964,绿,1,贵A19W75,白,自培,十一培,2012/3/6 0:00,1994/2/27 0:00,豪爵牌,讴歌RDX,366361000000000000 ,364548000000000000 ,197211,197104,13,4,3,工作日,非高峰,2015-03-13,2015年3月13日,多云 /阵雨,17℃ / 12℃,南风 ≤3级 /南风 ≤3级,多云,阵雨,17,12,南风,≤3级,南风,≤3级,day
2015-03-13 16:20:00,云峰大道,1、追尾的,负全部责任,不负责任,1,贵ADC491,黑色,1,贵AA345K,白色,-1,自培,-1,2005/8/10 0:00,东风牌,雅阁,36454800000000000 ,364548000000000000 ,197003,197206,16,4,3,工作日,非高峰,2015-03-13,2015年3月13日,多云 /阵雨,17℃ / 12℃,南风 ≤3级 /南风 ≤3级,多云,阵雨,17,12,南风,≤3级,南风,≤3级,day
2015-03-13 16:00:00,黔林山路,7、未按规定让行的 ,负全部责任,不负责任,1,贵AKE262,白,1,贵AAZ355,白,铁二局驾校,-1,2005/11/17 0:00,-1,雪佛兰牌,东风日产,364547000000000000 ,366363000000000000 ,197501,198801,16,4,3,工作日,非高峰,2015-03-13,2015年3月13日,多云 /阵雨,17℃ / 12℃,南风 ≤3级 /南风 ≤3级,多云,阵雨,17,12,南风,≤3级,南风,≤3级,day
2015-03-13 17:00:00,喷水池,7、未按规定让行的 ,负全部责任,不负责任,1,贵AU0253,绿,1,贵A16S46,白,自培,长运驾校,1998/9/30 0:00,2015/2/16 0:00,万达牌,马自达,366875000000000000 ,364548000000000000 ,198006,198707,17,4,3,工作日,晚高峰(17-19点),2015-03-13,2015年3月13日,多云 /阵雨,17℃ / 12℃,南风 ≤3级 /南风 ≤3级,多云,阵雨,17,12,南风,≤3级,南风,≤3级,day
2015-03-14 00:00:00,都司路,7、未按规定让行的 ,负全部责任,不负责任,1,贵JBT949,白色,1,贵AHE814,白色,-1,自培,-1,2005/1/7 0:00,哈弗牌,东风标致牌,499151000000 ,364547000000000000 ,199105,197308,0,5,3,工作日,非高峰,2015-03-14,2015年3月14日,阴 /阴,17℃ / 12℃,南风 ≤3级 /东南风 ≤3级,阴,阴,17,12,南风,≤3级,东南风,≤3级,night
2015-03-13 20:47:00,贵惠大道,1、追尾的,负全部责任,不负责任,1,贵A4AG69,白,1,贵A9842J,银,-1,鑫鑫驾校,-1,2012/1/13 0:00,北京牌,长安牌,355456000000000000 ,366566000000000000 ,199301,199108,20,4,3,工作日,非高峰,2015-03-13,2015年3月13日,多云 /阵雨,17℃ / 12℃,南风 ≤3级 /南风 ≤3级,多云,阵雨,17,12,南风,≤3级,南风,≤3级,night
2015-03-14 08:20:00,都司路,7、未按规定让行的 ,负全部责任,不负责任,1,贵AU9601,蓝,1,贵AVB717,银,520134,诚信驾驶培训学校,2008/2/3 0:00,2002/4/29 0:00,瑞麒牌,北京现代牌,366577000000000000 ,356168000000000000 ,197005,195911,8,5,3,工作日,早高峰(7-9点),2015-03-14,2015年3月14日,阴 /阴,17℃ / 12℃,南风 ≤3级 /东南风 ≤3级,阴,阴,17,12,南风,≤3级,东南风,≤3级,day
2015-03-13 22:00:00,北京西路,7、未按规定让行的 ,负全部责任,不负责任,0,贵AU8799,绿,1,贵A212B1,白,（经开区）十一驾驶培训有限公司,#,2005/5/17 0:00,2008/6/19 0:00,飞肯牌,南骏牌,366568000000000000 ,366347000000000000 ,198210,198102,22,4,3,工作日,非高峰,2015-03-13,2015年3月13日,多云 /阵雨,17℃ / 12℃,南风 ≤3级 /南风 ≤3级,多云,阵雨,17,12,南风,≤3级,南风,≤3级,night
2015-03-14 08:00:00,解放路,7、未按规定让行的 ,负全部责任,不负责任,1,贵A7AS76,黑色,1,贵AU0415,白色,铁二局驾校,自培,2012/7/12 0:00,2012/11/15 0:00,大众汽车牌,万达牌,364548000000000000 ,364568000000000000 ,196712,198801,8,5,3,工作日,早高峰(7-9点),2015-03-14,2015年3月14日,阴 /阴,17℃ / 12℃,南风 ≤3级 /东南风 ≤3级,阴,阴,17,12,南风,≤3级,东南风,≤3级,day
2015-03-14 07:30:00,丽景阳台,4、停车时未挂低速档、未拉驻车制动，导致车辆滑行的,负全部责任,不负责任,1,贵ASH341,黑,1,贵A57X88,银,自培,兴黔驾驶培训学校,1993/3/30 0:00,2006/7/20 0:00,丰田牌,途锐牌,364547000000000000 ,354366000000000000 ,195911,197504,7,5,3,工作日,早高峰(7-9点),2015-03-14,2015年3月14日,阴 /阴,17℃ / 12℃,南风 ≤3级 /东南风 ≤3级,阴,阴,17,12,南风,≤3级,东南风,≤3级,day
2015-03-13 17:45:00,三桥,8、依法应负全责的其他情形,负全部责任,不负责任,1,贵ATB237,白,0,贵ABT834,白,自培,财院驾校,2005/12/30 0:00,2005/1/27 0:00,大众汽车牌,高尔,364547000000000000 ,364548000000000000 ,198506,197602,17,4,3,工作日,晚高峰(17-19点),2015-03-13,2015年3月13日,多云 /阵雨,17℃ / 12℃,南风 ≤3级 /南风 ≤3级,多云,阵雨,17,12,南风,≤3级,南风,≤3级,day
2015-03-13 17:10:00,东客站,1、追尾的,负全部责任,不负责任,1,贵AVF677,白色,1,贵A22V32,白色,自培,-1,2003/4/20 0:00,-1,起亚牌,黄海牌,36687451944864547X,364544000000 ,198007,962661,17,4,3,工作日,晚高峰(17-19点),2015-03-13,2015年3月13日,多云 /阵雨,17℃ / 12℃,南风 ≤3级 /南风 ≤3级,多云,阵雨,17,12,南风,≤3级,南风,≤3级,day
2015-03-13 18:30:00,小河长江路,7、未按规定让行的 ,负全部责任,不负责任,1,贵A7553B,白色,1,贵A4619M,白色,自培,阳光驾校,2013/9/10 0:00,2015/1/5 0:00,东风标致牌,吉利美日牌,366368000000000000 ,364557000000000000 ,198708,198103,18,4,3,工作日,晚高峰(17-19点),2015-03-13,2015年3月13日,多云 /阵雨,17℃ / 12℃,南风 ≤3级 /南风 ≤3级,多云,阵雨,17,12,南风,≤3级,南风,≤3级,day
2015-03-13 19:00:00,西二环,7、未按规定让行的 ,负全部责任,不负责任,1,贵FN7553,黑,1,贵A538G8,黄,自培,-1,2004/5/14 0:00,-1,奥迪牌,长安牌,366061000000000000 ,356164000000000000 ,197601,196610,19,4,3,工作日,晚高峰(17-19点),2015-03-13,2015年3月13日,多云 /阵雨,17℃ / 12℃,南风 ≤3级 /南风 ≤3级,多云,阵雨,17,12,南风,≤3级,南风,≤3级,day
2015-03-13 20:00:00,和尚坡,7、未按规定让行的 ,负全部责任,不负责任,1,贵AU4298,绿,1,贵A38P29,银,自培,-1,2006/11/20 0:00,-1,捷达牌,东风雪铁龙牌,356168000000000000 ,55763500000000000 ,197302,198510,20,4,3,工作日,非高峰,2015-03-13,2015年3月13日,多云 /阵雨,17℃ / 12℃,南风 ≤3级 /南风 ≤3级,多云,阵雨,17,12,南风,≤3级,南风,≤3级,night
2015-03-13 17:30:00,魚安隧道,1、追尾的,负全部责任,不负责任,1,贵LEW721,银,1,贵A93P61,银,全林驾校,自培,2013/9/18 0:00,2004/3/19 0:00,-1,东风日产牌,366567000000000000 ,364548000000000000 ,199307,197509,17,4,3,工作日,晚高峰(17-19点),2015-03-13,2015年3月13日,多云 /阵雨,17℃ / 12℃,南风 ≤3级 /南风 ≤3级,多云,阵雨,17,12,南风,≤3级,南风,≤3级,day
2015-03-14 08:30:00,月亮岩,9、不符合前8款规定或者双方同时具有上述情形的,负同等责任,负同等责任,1,贵A71K66,黑,1,贵AU0743,黑,金大驾校,十一培,2013/4/8 0:00,1997/2/25 0:00,丰田牌,宝来牌,65497500000000000 ,366577000000000000 ,198808,197403,8,5,3,工作日,早高峰(7-9点),2015-03-14,2015年3月14日,阴 /阴,17℃ / 12℃,南风 ≤3级 /东南风 ≤3级,阴,阴,17,12,南风,≤3级,东南风,≤3级,day
2015-03-13 23:02:00,二桥,8、依法应负全责的其他情形,负全部责任,不负责任,1,贵A72707,蓝,1,贵A57L54,白,自培,十一培,2010/2/25 0:00,1993/8/10 0:00,昌河,雪佛兰牌,355468000000000000 ,364548000000000000 ,197011,195407,23,4,3,工作日,非高峰,2015-03-13,2015年3月13日,多云 /阵雨,17℃ / 12℃,南风 ≤3级 /南风 ≤3级,多云,阵雨,17,12,南风,≤3级,南风,≤3级,night
2015-03-13 20:50:00,花果园停车厂内,1、追尾的,负全部责任,不负责任,1,贵A4BE41,白色,1,贵AES828,白色,-1,自培,-1,2006/4/27 0:00,中华牌,奥迪牌,366262000000000000 ,364556000000000000 ,198609,197409,20,4,3,工作日,非高峰,2015-03-13,2015年3月13日,多云 /阵雨,17℃ / 12℃,南风 ≤3级 /南风 ≤3级,多云,阵雨,17,12,南风,≤3级,南风,≤3级,night
2015-03-14 04:20:00,养牛村,7、未按规定让行的 ,负全部责任,不负责任,1,渝BU3719,白色,1,贵A62E63,白色,-1,自培,-1,2005/2/6 0:00,无,大众汽车牌,384669000000000000 ,364556000000000000 ,127310,197602,4,5,3,工作日,非高峰,2015-03-14,2015年3月14日,阴 /阴,17℃ / 12℃,南风 ≤3级 /东南风 ≤3级,阴,阴,17,12,南风,≤3级,东南风,≤3级,night
2015-03-13 16:37:00,长岭南路,8、依法应负全责的其他情形,负全部责任,不负责任,1,湘AB2191,银,1,贵AL1161,红,自培,自培,2007/10/19 0:00,2004/8/20 0:00,猎豹,东风标致牌,75565500000000000 ,364548000000000000 ,198504,197204,16,4,3,工作日,非高峰,2015-03-13,2015年3月13日,多云 /阵雨,17℃ / 12℃,南风 ≤3级 /南风 ≤3级,多云,阵雨,17,12,南风,≤3级,南风,≤3级,day
2015-03-14 08:10:00,小十字,7、未按规定让行的 ,负全部责任,不负责任,1,川RD6598,银,1,贵AU1891,绿,自培,自培,2009/7/1 0:00,2003/4/10 0:00,大众牌,宗申牌,355767000000000000 ,36636051814766443X,198008,197903,8,5,3,工作日,早高峰(7-9点),2015-03-14,2015年3月14日,阴 /阴,17℃ / 12℃,南风 ≤3级 /东南风 ≤3级,阴,阴,17,12,南风,≤3级,东南风,≤3级,day
2015-03-14 11:00:00,东站,3、倒车的,负全部责任,不负责任,1,贵AP6526,白色,1,贵A73H45,白色,-1,十一驾驶培训有限公司,-1,2014/2/17 0:00,解放牌,东风标致牌,357367000000000000 ,355470000000000000 ,196901,198504,11,5,3,工作日,非高峰,2015-03-14,2015年3月14日,阴 /阴,17℃ / 12℃,南风 ≤3级 /东南风 ≤3级,阴,阴,17,12,南风,≤3级,东南风,≤3级,day
2015-03-14 10:35:00,金源街,8、依法应负全责的其他情形,负全部责任,不负责任,1,贵FZ5511,银,1,贵A83N53,银,-1,贵州省长安驾驶培训学校,-1,2012/5/7 0:00,北京现代牌,大众汽车牌,366067000000000000 ,364646000000000000 ,197805,197707,10,5,3,工作日,非高峰,2015-03-14,2015年3月14日,阴 /阴,17℃ / 12℃,南风 ≤3级 /东南风 ≤3级,阴,阴,17,12,南风,≤3级,东南风,≤3级,day
2015-03-14 11:00:00,开发大道,3、倒车的,负全部责任,不负责任,1,贵GR9696,白色,1,贵AA403U,白色,-1,鑫鑫驾校,-1,2014/11/10 0:00,捷达牌,雪佛兰牌,366267000000000000 ,366577000000000000 ,199009,196906,11,5,3,工作日,非高峰,2015-03-14,2015年3月14日,阴 /阴,17℃ / 12℃,南风 ≤3级 /东南风 ≤3级,阴,阴,17,12,南风,≤3级,东南风,≤3级,day
2015-03-14 11:00:00,金关,1、追尾的,负全部责任,不负责任,1,贵A34174,白,1,贵A9887M,白,-1,消防驾校,-1,2012/9/24 0:00,昌河,吉利美日牌,366347000000000000 ,366666000000000000 ,197801,198407,11,5,3,工作日,非高峰,2015-03-14,2015年3月14日,阴 /阴,17℃ / 12℃,南风 ≤3级 /东南风 ≤3级,阴,阴,17,12,南风,≤3级,东南风,≤3级,day
2015-03-14 09:51:00,北衙路,7、未按规定让行的 ,负全部责任,不负责任,1,贵A64G93,银,0,贵GM8148,银,（花溪区）金马驾驶培训有限公司,新天驾校,-1,2014/4/3 0:00,比亚迪牌,宝马牌,366567000000000000 ,364557000000000000 ,198709,198608,9,5,3,工作日,早高峰(7-9点),2015-03-14,2015年3月14日,阴 /阴,17℃ / 12℃,南风 ≤3级 /东南风 ≤3级,阴,阴,17,12,南风,≤3级,东南风,≤3级,day
2015-03-14 09:30:00,白云中路,9、不符合前8款规定或者双方同时具有上述情形的,负同等责任,负同等责任,1,贵A5766B,银,1,贵A95730,红,景宏驾校,时发驾校,2011/9/29 0:00,2010/8/2 0:00,吉利牌,豪爵-SUZUKI牌,364558000000000000 ,366368000000000000 ,197507,198304,9,5,3,工作日,早高峰(7-9点),2015-03-14,2015年3月14日,阴 /阴,17℃ / 12℃,南风 ≤3级 /东南风 ≤3级,阴,阴,17,12,南风,≤3级,东南风,≤3级,day
2015-03-14 11:10:00,观山西路,4、停车时未挂低速档、未拉驻车制动，导致车辆滑行的,负全部责任,不负责任,0,贵A38H59,白,1,贵A95676,白,省交校,-1,2011/10/27 0:00,-1,宝骏牌,陕汽牌,364547000000000000 ,64166500000000000 ,197412,199212,11,5,3,工作日,非高峰,2015-03-14,2015年3月14日,阴 /阴,17℃ / 12℃,南风 ≤3级 /东南风 ≤3级,阴,阴,17,12,南风,≤3级,东南风,≤3级,day
2015-03-14 13:00:00,解放路,1、追尾的,负全部责任,不负责任,1,贵AU0869,绿,1,贵AU2813,绿,-1,-1,-1,-1,捷达牌,瑞麒牌,3645470000000000 ,366347000000000000 ,196605,198612,13,5,3,工作日,非高峰,2015-03-14,2015年3月14日,阴 /阴,17℃ / 12℃,南风 ≤3级 /东南风 ≤3级,阴,阴,17,12,南风,≤3级,东南风,≤3级,day
2015-03-14 11:15:00,后坝,7、未按规定让行的 ,负全部责任,不负责任,1,贵A072F9,白色,1,贵JAD245,白色,-1,全林驾校,-1,2013/8/5 0:00,解放牌,长城牌,72475800000000 ,364547000000000000 ,196900,198411,11,5,3,工作日,非高峰,2015-03-14,2015年3月14日,阴 /阴,17℃ / 12℃,南风 ≤3级 /东南风 ≤3级,阴,阴,17,12,南风,≤3级,东南风,≤3级,day
2015-03-14 11:20:00,白云,1、追尾的,负全部责任,不负责任,1,贵FS4988,白,1,贵AA561Y,白,-1,黔丰驾校,-1,2015/1/29 0:00,夏利牌,雅阁牌,366068000000000000 ,36455751954841645X,197810,198107,11,5,3,工作日,非高峰,2015-03-14,2015年3月14日,阴 /阴,17℃ / 12℃,南风 ≤3级 /东南风 ≤3级,阴,阴,17,12,南风,≤3级,东南风,≤3级,day
2015-03-14 09:00:00,会展城,1、追尾的,负全部责任,不负责任,1,贵AX1696,黑,1,贵AA214R,白,自培,消防驾校,2006/9/11 0:00,2010/6/29 0:00,长安牌,吉利美日牌,366670000000000000 ,366347000000000000 ,197506,197307,9,5,3,工作日,早高峰(7-9点),2015-03-14,2015年3月14日,阴 /阴,17℃ / 12℃,南风 ≤3级 /东南风 ≤3级,阴,阴,17,12,南风,≤3级,东南风,≤3级,day
2015-03-14 10:11:00,石板物流园,3、倒车的,负全部责任,不负责任,1,贵GGA279,白色,1,贵A7054B,白色,自培,-1,2013/11/29 0:00,-1,五菱牌,五菱牌,366363000000000000 ,74395500000000000 ,198211,198810,10,5,3,工作日,非高峰,2015-03-14,2015年3月14日,阴 /阴,17℃ / 12℃,南风 ≤3级 /东南风 ≤3级,阴,阴,17,12,南风,≤3级,东南风,≤3级,day
2015-03-14 10:30:00,盐务街,1、追尾的,负全部责任,不负责任,1,贵AK3364,银,1,贵A85M68,银,-1,十一培,-1,1997/6/23 0:00,思迪牌,科雷傲,36634551834861545X,36454651275664023X,197507,196312,10,5,3,工作日,非高峰,2015-03-14,2015年3月14日,阴 /阴,17℃ / 12℃,南风 ≤3级 /东南风 ≤3级,阴,阴,17,12,南风,≤3级,东南风,≤3级,day
2015-03-14 08:40:00,野鸭塘,1、追尾的,负全部责任,不负责任,1,鲁RNC583,白,1,贵AEE569,黑,自培,十一培,2011/2/28 0:00,1991/1/21 0:00,\N,雪佛兰牌,786167000000000000 ,364548000000000000 ,199004,196512,8,5,3,工作日,早高峰(7-9点),2015-03-14,2015年3月14日,阴 /阴,17℃ / 12℃,南风 ≤3级 /东南风 ≤3级,阴,阴,17,12,南风,≤3级,东南风,≤3级,day
2015-03-14 11:00:00,花溪大道,1、追尾的,负全部责任,不负责任,1,粤A7KE34,白色,1,贵AU7003,白色,自培,十一培,2002/8/30 0:00,1984/3/4 0:00,傲虎,新阳光牌,754541000000000000 ,364547000000000000 ,196807,196303,11,5,3,工作日,非高峰,2015-03-14,2015年3月14日,阴 /阴,17℃ / 12℃,南风 ≤3级 /东南风 ≤3级,阴,阴,17,12,南风,≤3级,东南风,≤3级,day
2015-03-14 09:15:00,枣山路,7、未按规定让行的 ,负全部责任,不负责任,1,贵AU5395,白,1,贵A38L49,黑,公交（集团）驾校（云岩区）,自培,1993/11/30 0:00,2004/11/26 0:00,圣火神牌,奥迪牌,366067000000000000 ,364548000000000000 ,197410,197403,9,5,3,工作日,早高峰(7-9点),2015-03-14,2015年3月14日,阴 /阴,17℃ / 12℃,南风 ≤3级 /东南风 ≤3级,阴,阴,17,12,南风,≤3级,东南风,≤3级,day
2015-03-14 09:50:00,万东桥上,7、未按规定让行的 ,负全部责任,不负责任,1,贵GT9158,白色,1,贵ACL837,白色,自培,自培,2014/3/28 0:00,2006/10/9 0:00,大众汽车牌,五菱牌,364547000000000000 ,357266000000000000 ,199212,198204,9,5,3,工作日,早高峰(7-9点),2015-03-14,2015年3月14日,阴 /阴,17℃ / 12℃,南风 ≤3级 /东南风 ≤3级,阴,阴,17,12,南风,≤3级,东南风,≤3级,day