accidenttime,accidentaddr,driver1fault,driver1responsibility,driver2responsibility,sex1,platenumber1,carcolor1,sex2,platenumber2,carcolor2,jxmc1,jxmc2,cclzrq1,cclzrq2,clpp1,clpp2,driver1license,driver2license,brith1,brith2,hour,weekday,month,is_weekday,peak_hour,date,日期,天气状况,气温,风力风向,day_wea,night_wea,day_tep,night_tep,day_wind_direction,day_wind_speed,night_wind_direction,night_wind_speed,segment
2015-03-14 11:00:00,花溪,7、未按规定让行的 ,负全部责任,不负责任,1,贵AU7648,白色,1,贵AB7413,白色,无,自培,1994/12/28 0:00,2005/1/26 0:00,捷达牌,雷克牌,364556000000000000 ,364557000000000000 ,196812,195211,11,5,3,工作日,非高峰,2015-03-14,2015年3月14日,阴 /阴,17℃ / 12℃,南风 ≤3级 /东南风 ≤3级,阴,阴,17,12,南风,≤3级,东南风,≤3级,day
2015-03-14 09:00:00,黔林山路,7、未按规定让行的 ,负全部责任,不负责任,1,贵A43A24,黑,1,贵AL1211,黑,自培,自培,2002/12/10 0:00,2000/3/1 0:00,马自达牌,宗申牌,364547000000000000 ,364548000000000000 ,198110,196604,9,5,3,工作日,早高峰(7-9点),2015-03-14,2015年3月14日,阴 /阴,17℃ / 12℃,南风 ≤3级 /东南风 ≤3级,阴,阴,17,12,南风,≤3级,东南风,≤3级,day
2015-03-14 12:20:00,大南门,1、追尾的,负全部责任,不负责任,1,贵AKL912,黑,0,贵A93G83,白,-1,全林驾校,-1,2014/3/31 0:00,雪佛兰牌,雪佛兰牌,66075500000000000 ,364547000000000000 ,197507,199012,12,5,3,工作日,非高峰,2015-03-14,2015年3月14日,阴 /阴,17℃ / 12℃,南风 ≤3级 /东南风 ≤3级,阴,阴,17,12,南风,≤3级,东南风,≤3级,day
2015-03-14 13:30:00,南明区,3、倒车的,负全部责任,不负责任,1,贵AJR895,银,0,贵A27N42,银,-1,全林驾校,-1,2012/1/13 0:00,金杯牌,别克牌,366368000000000 ,366876000000000000 ,811002,197912,13,5,3,工作日,非高峰,2015-03-14,2015年3月14日,阴 /阴,17℃ / 12℃,南风 ≤3级 /东南风 ≤3级,阴,阴,17,12,南风,≤3级,东南风,≤3级,day
2015-03-14 11:30:00,开发大道,1、追尾的,负全部责任,不负责任,1,桂A79513,白色,1,贵JQ2821,白色,-1,黔南州兴鑫驾驶员培训学校,-1,-1,江铃,长城牌,34566500000000000 ,366846000000000000 ,198508,197608,11,5,3,工作日,非高峰,2015-03-14,2015年3月14日,阴 /阴,17℃ / 12℃,南风 ≤3级 /东南风 ≤3级,阴,阴,17,12,南风,≤3级,东南风,≤3级,day
2015-03-14 12:01:00,延安西路,1、追尾的,负全部责任,不负责任,1,贵ADF779,银,0,贵JH5950,白,自培,蓝天驾校,1997/3/24 0:00,2014/9/19 0:00,威志牌,力之星,364548000000000000 ,366876000000000000 ,196801,198102,12,5,3,工作日,非高峰,2015-03-14,2015年3月14日,阴 /阴,17℃ / 12℃,南风 ≤3级 /东南风 ≤3级,阴,阴,17,12,南风,≤3级,东南风,≤3级,day
2015-03-14 13:00:00,金阳北路,7、未按规定让行的 ,负全部责任,不负责任,1,贵ACT587,黑,1,贵F57290,黑,-1,湄潭宜众驾校,-1,-1,雅阁牌,福田牌,364547000000000000 ,366570000000000000 ,196906,197902,13,5,3,工作日,非高峰,2015-03-14,2015年3月14日,阴 /阴,17℃ / 12℃,南风 ≤3级 /东南风 ≤3级,阴,阴,17,12,南风,≤3级,东南风,≤3级,day
2015-03-14 12:50:00,花果园,7、未按规定让行的 ,负全部责任,不负责任,1,川A123CJ,黑,1,贵A3CB79,白,-1,自培,-1,2007/1/18 0:00,丰田牌,东风日产牌,354567000000000000 ,366575000000000000 ,196502,198811,12,5,3,工作日,非高峰,2015-03-14,2015年3月14日,阴 /阴,17℃ / 12℃,南风 ≤3级 /东南风 ≤3级,阴,阴,17,12,南风,≤3级,东南风,≤3级,day
2015-03-14 13:05:00,西南环线,7、未按规定让行的 ,负全部责任,不负责任,1,贵A4AW19,白色,1,贵A2587Z,黑色,十一驾驶培训有限公司,-1,1996/6/7 0:00,-1,长安牌,北京现代牌,364547000000000000 ,784043000000000000 ,196712,198706,13,5,3,工作日,非高峰,2015-03-14,2015年3月14日,阴 /阴,17℃ / 12℃,南风 ≤3级 /东南风 ≤3级,阴,阴,17,12,南风,≤3级,东南风,≤3级,day
2015-03-14 13:05:00,北京路,7、未按规定让行的 ,负全部责任,不负责任,1,贵AU5747,白,1,贵A5BX44,白,铁二局驾校,长运驾校,2011/3/28 0:00,2014/10/28 0:00,捷达牌,科雷傲,366367000000000000 ,774996000000000000 ,197501,198811,13,5,3,工作日,非高峰,2015-03-14,2015年3月14日,阴 /阴,17℃ / 12℃,南风 ≤3级 /东南风 ≤3级,阴,阴,17,12,南风,≤3级,东南风,≤3级,day
2015-03-14 14:12:00,师大,7、未按规定让行的 ,负全部责任,不负责任,1,贵AC6991,黑,1,贵A39J96,黑,-1,新天驾校,-1,2015/1/6 0:00,北京现代,雪佛兰牌,366067000000000000 ,366662000000000000 ,197410,199512,14,5,3,工作日,非高峰,2015-03-14,2015年3月14日,阴 /阴,17℃ / 12℃,南风 ≤3级 /东南风 ≤3级,阴,阴,17,12,南风,≤3级,东南风,≤3级,day
2015-03-14 13:30:00,二铺,8、依法应负全责的其他情形,负全部责任,不负责任,1,贵J82546,银,1,贵AGS421,银,-1,长运驾校,-1,2012/8/29 0:00,嘉泰,江铃牌,366347000000000000 ,355467000000000000 ,199107,196808,13,5,3,工作日,非高峰,2015-03-14,2015年3月14日,阴 /阴,17℃ / 12℃,南风 ≤3级 /东南风 ≤3级,阴,阴,17,12,南风,≤3级,东南风,≤3级,day
2015-03-14 14:30:00,长岭北路,7、未按规定让行的 ,负全部责任,不负责任,1,贵AET538,白,1,贵GN3973,白,-1,-1,-1,-1,东风日产牌,翼虎牌,364545000000 ,366345000000 ,294629,154190,14,5,3,工作日,非高峰,2015-03-14,2015年3月14日,阴 /阴,17℃ / 12℃,南风 ≤3级 /东南风 ≤3级,阴,阴,17,12,南风,≤3级,东南风,≤3级,day
2015-03-14 14:20:00,二铺,7、未按规定让行的 ,负全部责任,不负责任,1,贵F58884,银,1,贵JN3785,银,-1,预约考试窗口,-1,2006/12/8 0:00,奇瑞牌,沃尔沃,366761000000000000 ,74365500000000000 ,197210,197712,14,5,3,工作日,非高峰,2015-03-14,2015年3月14日,阴 /阴,17℃ / 12℃,南风 ≤3级 /东南风 ≤3级,阴,阴,17,12,南风,≤3级,东南风,≤3级,day
2015-03-14 11:05:00,省医,7、未按规定让行的 ,负全部责任,不负责任,1,贵ADZ778,白,1,贵GK1474,黑,自培,消防驾校,2000/4/17 0:00,2011/5/10 0:00,吉利牌,高尔夫牌,366361000000000000 ,364558000000000000 ,197601,196912,11,5,3,工作日,非高峰,2015-03-14,2015年3月14日,阴 /阴,17℃ / 12℃,南风 ≤3级 /东南风 ≤3级,阴,阴,17,12,南风,≤3级,东南风,≤3级,day
2015-03-14 12:19:00,京西路,8、依法应负全责的其他情形,负全部责任,不负责任,1,贵A72925,白,1,贵A14K42,黑,自培,-1,2007/11/8 0:00,-1,长安,奥迪牌,36606751965452128X,364547000000000000 ,198210,199202,12,5,3,工作日,非高峰,2015-03-14,2015年3月14日,阴 /阴,17℃ / 12℃,南风 ≤3级 /东南风 ≤3级,阴,阴,17,12,南风,≤3级,东南风,≤3级,day
2015-03-14 13:14:00,金阳新区,7、未按规定让行的 ,负全部责任,不负责任,1,贵A2366X,黑,1,贵AXA288,黑,自培,兴黔驾驶培训学校,2006/6/27 0:00,2006/7/7 0:00,海马牌,别克牌,366367000000000000 ,364551000000000000 ,197903,197802,13,5,3,工作日,非高峰,2015-03-14,2015年3月14日,阴 /阴,17℃ / 12℃,南风 ≤3级 /东南风 ≤3级,阴,阴,17,12,南风,≤3级,东南风,≤3级,day
2015-03-14 14:00:00,中华南路,7、未按规定让行的 ,负全部责任,不负责任,1,贵A6AF44,黑,1,贵AU7933,蓝,自培,全林驾校,2003/12/23 0:00,2012/12/18 0:00,大众汽车牌,金龙牌,364548000000000000 ,36606251924149765X,197707,198609,14,5,3,工作日,非高峰,2015-03-14,2015年3月14日,阴 /阴,17℃ / 12℃,南风 ≤3级 /东南风 ≤3级,阴,阴,17,12,南风,≤3级,东南风,≤3级,day
2015-03-14 13:17:00,旺明路,3、倒车的,负全部责任,不负责任,1,贵A6405G,白,1,贵A2564R,白,自培,-1,2006/3/3 0:00,-1,解放牌,捷达牌,366347000000000000 ,354675000000000000 ,198201,197806,13,5,3,工作日,非高峰,2015-03-14,2015年3月14日,阴 /阴,17℃ / 12℃,南风 ≤3级 /东南风 ≤3级,阴,阴,17,12,南风,≤3级,东南风,≤3级,day
2015-03-14 14:15:00,新添大道,1、追尾的,负全部责任,不负责任,1,贵A73E16,白,1,贵GN8193,黑,自培,智杰驾校,2003/12/29 0:00,2014/10/9 0:00,大众汽车牌,海马牌,366346000000000000 ,354366000000000000 ,197406,199001,14,5,3,工作日,非高峰,2015-03-14,2015年3月14日,阴 /阴,17℃ / 12℃,南风 ≤3级 /东南风 ≤3级,阴,阴,17,12,南风,≤3级,东南风,≤3级,day
2015-03-14 15:00:00,水口寺,7、未按规定让行的 ,负全部责任,不负责任,1,贵A99B83,白色,1,贵A6G805,白色,自培,时法驾校,2003/10/23 0:00,2006/8/8 0:00,雷克萨斯,长安牌,364548000000000000 ,364547000000000000 ,197911,197407,15,5,3,工作日,非高峰,2015-03-14,2015年3月14日,阴 /阴,17℃ / 12℃,南风 ≤3级 /东南风 ≤3级,阴,阴,17,12,南风,≤3级,东南风,≤3级,day
2015-03-14 14:30:00,新村路,1、追尾的,负全部责任,不负责任,1,贵A9BL75,白色,1,贵A67P21,白色,贵州现代驾驶培训责任有限公司,十一培,2014/1/15 0:00,1995/1/19 0:00,北京现代牌,思威牌,364548000000000000 ,364547000000000000 ,197808,195710,14,5,3,工作日,非高峰,2015-03-14,2015年3月14日,阴 /阴,17℃ / 12℃,南风 ≤3级 /东南风 ≤3级,阴,阴,17,12,南风,≤3级,东南风,≤3级,day
2015-03-14 14:00:00,浣纱路,1、追尾的,负全部责任,不负责任,1,贵ANC453,白色,1,贵APS435,白色,自培,十一培,2004/12/8 0:00,1992/7/28 0:00,沃尔沃,长安牌,66267500000000000 ,36454651804846405X,197104,197407,14,5,3,工作日,非高峰,2015-03-14,2015年3月14日,阴 /阴,17℃ / 12℃,南风 ≤3级 /东南风 ≤3级,阴,阴,17,12,南风,≤3级,东南风,≤3级,day
2015-03-14 11:30:00,乌当,3、倒车的,负全部责任,不负责任,1,贵A2B661,蓝,1,贵A3BZ78,白,自培,自培,2006/12/21 0:00,2008/4/7 0:00,长安牌,东风标致牌,364548000000000000 ,354867000000000000 ,198611,198106,11,5,3,工作日,非高峰,2015-03-14,2015年3月14日,阴 /阴,17℃ / 12℃,南风 ≤3级 /东南风 ≤3级,阴,阴,17,12,南风,≤3级,东南风,≤3级,day
2015-03-14 13:00:00,东山,1、追尾的,负全部责任,不负责任,1,贵AH9861,黑,1,贵A88H48,白,自培,自培,1993/12/27 0:00,2005/1/12 0:00,切诺基,大众汽车牌,364548000000000000 ,364548000000000000 ,196305,196309,13,5,3,工作日,非高峰,2015-03-14,2015年3月14日,阴 /阴,17℃ / 12℃,南风 ≤3级 /东南风 ≤3级,阴,阴,17,12,南风,≤3级,东南风,≤3级,day
2015-03-14 15:20:00,东山路,7、未按规定让行的 ,负全部责任,不负责任,1,贵AGW055,黑色,1,贵AV0423,白色,（南明区）金大驾驶培训有限公司,自培,2008/1/17 0:00,2000/6/22 0:00,飞度,豪爵牌,364548000000000000 ,364547000000000000 ,198505,197908,15,5,3,工作日,非高峰,2015-03-14,2015年3月14日,阴 /阴,17℃ / 12℃,南风 ≤3级 /东南风 ≤3级,阴,阴,17,12,南风,≤3级,东南风,≤3级,day
2015-03-14 15:20:00,师大,8、依法应负全责的其他情形,负全部责任,不负责任,1,贵AKE596,黑,1,贵AU6300,蓝,贵定县阳光汽车驾驶培训学校,自培,-1,2003/3/26 0:00,北京现代牌,-1,364566000000000000 ,366361000000000000 ,199012,198411,15,5,3,工作日,非高峰,2015-03-14,2015年3月14日,阴 /阴,17℃ / 12℃,南风 ≤3级 /东南风 ≤3级,阴,阴,17,12,南风,≤3级,东南风,≤3级,day
2015-03-14 14:20:00,金朱东路,1、追尾的,负全部责任,不负责任,1,贵A90935,红,1,贵A0544V,银,（乌当区）全林驾驶培训有限公司,-1,2009/4/22 0:00,-1,长安,雪佛兰牌,364557000000000000 ,366570000000000000 ,198203,196310,14,5,3,工作日,非高峰,2015-03-14,2015年3月14日,阴 /阴,17℃ / 12℃,南风 ≤3级 /东南风 ≤3级,阴,阴,17,12,南风,≤3级,东南风,≤3级,day
2015-03-14 14:50:00,金阳客站,7、未按规定让行的 ,负全部责任,不负责任,1,贵A0548Y,黑,1,贵HM8837,黄,自培,长运驾校,2014/7/14 0:00,2011/7/13 0:00,长安牌,众泰牌,364548000000000000 ,364557000000000000 ,197811,196312,14,5,3,工作日,非高峰,2015-03-14,2015年3月14日,阴 /阴,17℃ / 12℃,南风 ≤3级 /东南风 ≤3级,阴,阴,17,12,南风,≤3级,东南风,≤3级,day
2015-03-14 14:20:00,大营坡,1、追尾的,负全部责任,不负责任,1,贵A0752N,白,1,贵CJY972,银,十一驾驶培训有限公司,-1,2012/6/18 0:00,-1,东风标致牌,北京现代牌,364557000000000000 ,366566000000000000 ,198505,198708,14,5,3,工作日,非高峰,2015-03-14,2015年3月14日,阴 /阴,17℃ / 12℃,南风 ≤3级 /东南风 ≤3级,阴,阴,17,12,南风,≤3级,东南风,≤3级,day
2015-03-14 15:17:00,兴筑西路,7、未按规定让行的 ,负全部责任,不负责任,1,渝A9Z842,红,1,贵AU0865,绿,-1,99,-1,2006/6/28 0:00,长安牌,宝来牌,354657000000000000 ,364557000000000000 ,195410,198606,15,5,3,工作日,非高峰,2015-03-14,2015年3月14日,阴 /阴,17℃ / 12℃,南风 ≤3级 /东南风 ≤3级,阴,阴,17,12,南风,≤3级,东南风,≤3级,day
2015-03-14 14:40:00,西南环线,1、追尾的,负全部责任,不负责任,1,贵AAS714,白色,1,贵A34B11,白色,毕节地区宏强汽车(摩托车)驾驶培训学校,-1,2011/10/9 0:00,-1,佳乐,福克斯牌,366064000000000000 ,364548000000000000 ,198608,196909,14,5,3,工作日,非高峰,2015-03-14,2015年3月14日,阴 /阴,17℃ / 12℃,南风 ≤3级 /东南风 ≤3级,阴,阴,17,12,南风,≤3级,东南风,≤3级,day
2015-03-14 13:50:00,白云南路,7、未按规定让行的 ,负全部责任,不负责任,1,贵CG2852,银,1,贵GS4788,黄,消防驾校,-1,2010/3/11 0:00,-1,长安牌,诚隆道奇公羊,354367000000000000 ,56961500000000000 ,196808,198904,13,5,3,工作日,非高峰,2015-03-14,2015年3月14日,阴 /阴,17℃ / 12℃,南风 ≤3级 /东南风 ≤3级,阴,阴,17,12,南风,≤3级,东南风,≤3级,day
2015-03-14 15:40:00,黔林公园,7、未按规定让行的 ,负全部责任,不负责任,1,贵GQ8839,白,1,贵AHL447,银,贵州省长安驾驶培训学校,-1,2011/6/13 0:00,-1,宝马牌,思域(CIVIC)牌,764962000000000000 ,20455751885469651X,197705,197710,15,5,3,工作日,非高峰,2015-03-14,2015年3月14日,阴 /阴,17℃ / 12℃,南风 ≤3级 /东南风 ≤3级,阴,阴,17,12,南风,≤3级,东南风,≤3级,day
2015-03-14 16:10:00,小河,1、追尾的,负全部责任,不负责任,1,贵A86T47,白色,1,贵A3088V,白色,自培,十一驾驶培训有限公司,2002/11/29 0:00,2014/2/28 0:00,-1,长安牌,364547000000000000 ,74365500000000000 ,196508,197711,16,5,3,工作日,非高峰,2015-03-14,2015年3月14日,阴 /阴,17℃ / 12℃,南风 ≤3级 /东南风 ≤3级,阴,阴,17,12,南风,≤3级,东南风,≤3级,day
2015-03-14 17:00:00,金阳客站,7、未按规定让行的 ,负全部责任,不负责任,1,贵ALY126,银,1,贵AB2673,红,（乌当区）平安驾驶培训有限公司,-1,2009/4/29 0:00,-1,颐达牌,劲扬牌,36634651844741627X,35726551955552391X,197003,198111,17,5,3,工作日,晚高峰(17-19点),2015-03-14,2015年3月14日,阴 /阴,17℃ / 12℃,南风 ≤3级 /东南风 ≤3级,阴,阴,17,12,南风,≤3级,东南风,≤3级,day
2015-03-14 17:22:00,轮胎厂,1、追尾的,负全部责任,不负责任,1,贵AH7359,红,1,贵A0278B,银,自培,贵阳金马驾驶培训有限公司,2013/10/15 0:00,2013/8/2 0:00,长安,荣威牌,366064000000000000 ,364557000000000000 ,195504,197310,17,5,3,工作日,晚高峰(17-19点),2015-03-14,2015年3月14日,阴 /阴,17℃ / 12℃,南风 ≤3级 /东南风 ≤3级,阴,阴,17,12,南风,≤3级,东南风,≤3级,day
2015-03-14 16:00:00,花果园,7、未按规定让行的 ,负全部责任,不负责任,1,贵AL9554,银,1,贵AH6749,白,市交校,520130,2011/4/14 0:00,2010/10/29 0:00,东风牌,丰田牌,355247000000000000 ,364556000000000000 ,199004,196801,16,5,3,工作日,非高峰,2015-03-14,2015年3月14日,阴 /阴,17℃ / 12℃,南风 ≤3级 /东南风 ≤3级,阴,阴,17,12,南风,≤3级,东南风,≤3级,day
2015-03-14 18:20:00,轮胎厂,1、追尾的,负全部责任,不负责任,0,贵ASN995,黑,1,湘D35D52,银,自培,-1,2007/11/7 0:00,-1,丰田牌,缤智牌,74367500000000000 ,74065500000000000 ,197010,196712,18,5,3,工作日,晚高峰(17-19点),2015-03-14,2015年3月14日,阴 /阴,17℃ / 12℃,南风 ≤3级 /东南风 ≤3级,阴,阴,17,12,南风,≤3级,东南风,≤3级,day
2015-03-14 16:30:00,大川白金城,9、不符合前8款规定或者双方同时具有上述情形的,负同等责任,负同等责任,1,贵AB939S,白,1,贵A3299U,白,自培,文通驾校,2004/8/6 0:00,2012/7/5 0:00,长安牌,长城牌,366367000000000000 ,364558000000000000 ,196705,198905,16,5,3,工作日,非高峰,2015-03-14,2015年3月14日,阴 /阴,17℃ / 12℃,南风 ≤3级 /东南风 ≤3级,阴,阴,17,12,南风,≤3级,东南风,≤3级,day
2015-03-14 17:00:00,八匹马,1、追尾的,负全部责任,不负责任,1,贵ASK573,黑,1,贵A6814Y,蓝,自培,520135,2004/4/26 0:00,1998/4/20 0:00,东风标致牌,五菱牌,364548000000000000 ,364548000000000000 ,197402,197506,17,5,3,工作日,晚高峰(17-19点),2015-03-14,2015年3月14日,阴 /阴,17℃ / 12℃,南风 ≤3级 /东南风 ≤3级,阴,阴,17,12,南风,≤3级,东南风,≤3级,day
2015-03-14 15:20:00,头桥,9、不符合前8款规定或者双方同时具有上述情形的,负同等责任,负同等责任,1,贵AN1954,银,1,贵AU7677,蓝,自培,十一培,2002/10/18 0:00,1993/5/31 0:00,奇瑞牌,力帆牌,364548000000000000 ,364558000000000000 ,198008,197006,15,5,3,工作日,非高峰,2015-03-14,2015年3月14日,阴 /阴,17℃ / 12℃,南风 ≤3级 /东南风 ≤3级,阴,阴,17,12,南风,≤3级,东南风,≤3级,day
2015-03-14 15:30:00,艺校,1、追尾的,负全部责任,不负责任,1,贵AJ1743,红,1,贵A3BJ39,银,长运驾校,自培,2014/7/29 0:00,2006/2/6 0:00,恒胜牌,英伦牌,364547000000000000 ,366347000000000000 ,199106,198207,15,5,3,工作日,非高峰,2015-03-14,2015年3月14日,阴 /阴,17℃ / 12℃,南风 ≤3级 /东南风 ≤3级,阴,阴,17,12,南风,≤3级,东南风,≤3级,day
2015-03-14 15:24:00,东二环,1、追尾的,负全部责任,不负责任,1,贵EP9421,白色,1,贵ZC445,白色,（乌当区）新天驾驶培训有限公司,自培,2015/2/17 0:00,2000/5/11 0:00,大众汽车牌,-1,36606051935458403X,364548000000000000 ,198510,196211,15,5,3,工作日,非高峰,2015-03-14,2015年3月14日,阴 /阴,17℃ / 12℃,南风 ≤3级 /东南风 ≤3级,阴,阴,17,12,南风,≤3级,东南风,≤3级,day
2015-03-14 14:55:00,北极熊水厂门口,7、未按规定让行的 ,负全部责任,不负责任,1,贵AU0628,白色,1,贵A56C57,白色,自培,自培,2003/6/19 0:00,2007/4/16 0:00,宝来牌,中华牌,364556000000000000 ,364547000000000000 ,196304,196910,14,5,3,工作日,非高峰,2015-03-14,2015年3月14日,阴 /阴,17℃ / 12℃,南风 ≤3级 /东南风 ≤3级,阴,阴,17,12,南风,≤3级,东南风,≤3级,day
2015-03-14 13:46:00,世纪城,3、倒车的,负全部责任,不负责任,1,贵F77519,白,1,贵A36R83,银,自培,自培,2007/5/30 0:00,2004/9/28 0:00,思域牌,梅赛德斯-奔驰牌,366068000000000000 ,364648000000000000 ,196909,197510,13,5,3,工作日,非高峰,2015-03-14,2015年3月14日,阴 /阴,17℃ / 12℃,南风 ≤3级 /东南风 ≤3级,阴,阴,17,12,南风,≤3级,东南风,≤3级,day
2015-03-14 18:10:00,花溪,7、未按规定让行的 ,负全部责任,不负责任,1,川AFP214,白色,1,贵AB42J,白色,-1,十一驾驶培训有限公司,-1,2014/12/30 0:00,梅赛德斯-奔驰牌,-1,356162000000000000 ,74365500000000000 ,197610,198202,18,5,3,工作日,晚高峰(17-19点),2015-03-14,2015年3月14日,阴 /阴,17℃ / 12℃,南风 ≤3级 /东南风 ≤3级,阴,阴,17,12,南风,≤3级,东南风,≤3级,day
2015-03-14 20:10:00,航天大道,7、未按规定让行的 ,负全部责任,不负责任,1,贵A88443,红,1,贵AK2657,银,-1,铁二局驾校,-1,2010/1/13 0:00,豪泺牌,钱江牌,366346000000000000 ,364557000000000000 ,398312,196907,20,5,3,工作日,非高峰,2015-03-14,2015年3月14日,阴 /阴,17℃ / 12℃,南风 ≤3级 /东南风 ≤3级,阴,阴,17,12,南风,≤3级,东南风,≤3级,night
2015-03-14 20:10:00,凤凰路,3、倒车的,负全部责任,不负责任,1,贵GV3471,白色,1,贵ARJ669,白色,-1,诚信驾驶培训学校,-1,2012/4/17 0:00,长安牌,长城牌,74065500000000000 ,366346000000000000 ,198404,198812,20,5,3,工作日,非高峰,2015-03-14,2015年3月14日,阴 /阴,17℃ / 12℃,南风 ≤3级 /东南风 ≤3级,阴,阴,17,12,南风,≤3级,东南风,≤3级,night
2015-03-14 20:54:00,小关,1、追尾的,负全部责任,不负责任,1,贵JA6594,黑,0,贵AKW139,蓝,-1,市交校,-1,2010/9/27 0:00,波罗牌,五菱,366846000000000000 ,364557000000000000 ,197204,197211,20,5,3,工作日,非高峰,2015-03-14,2015年3月14日,阴 /阴,17℃ / 12℃,南风 ≤3级 /东南风 ≤3级,阴,阴,17,12,南风,≤3级,东南风,≤3级,night
2015-03-14 22:20:00,贵开路,1、追尾的,负全部责任,不负责任,1,贵A5146B,白,1,贵AU5153,绿,-1,520106,-1,2009/8/27 0:00,丰田牌,豪剑牌,364548000000000 ,366567000000000000 ,800823,197105,22,5,3,工作日,非高峰,2015-03-14,2015年3月14日,阴 /阴,17℃ / 12℃,南风 ≤3级 /东南风 ≤3级,阴,阴,17,12,南风,≤3级,东南风,≤3级,night
2015-03-14 19:00:00,红星美凯龙,7、未按规定让行的 ,负全部责任,不负责任,1,贵ACB016,白,1,贵A64X16,银,（经开区）金安驾驶培训有限公司,-1,2009/6/4 0:00,-1,起亚,奥迪牌,355266000000000000 ,364548000000000000 ,199103,198508,19,5,3,工作日,晚高峰(17-19点),2015-03-14,2015年3月14日,阴 /阴,17℃ / 12℃,南风 ≤3级 /东南风 ≤3级,阴,阴,17,12,南风,≤3级,东南风,≤3级,day
2015-03-14 19:20:00,野鸭塘,8、依法应负全责的其他情形,负全部责任,不负责任,1,贵A705C1,红,1,贵AA044U,黑,高新驾校,毕节地区黔中驾校,2011/9/28 0:00,-1,南骏牌,朗风牌,366347000000000000 ,366068000000000000 ,198108,197910,19,5,3,工作日,晚高峰(17-19点),2015-03-14,2015年3月14日,阴 /阴,17℃ / 12℃,南风 ≤3级 /东南风 ≤3级,阴,阴,17,12,南风,≤3级,东南风,≤3级,day
2015-03-14 17:30:00,金清大道,1、追尾的,负全部责任,不负责任,1,贵CDN511,银,0,贵ANJ444,黑,桐梓县顺兴驾驶培训学校,自培,-1,1991/1/30 0:00,嘉陵牌,雷克萨斯,354668000000000000 ,364548000000000000 ,197110,196301,17,5,3,工作日,晚高峰(17-19点),2015-03-14,2015年3月14日,阴 /阴,17℃ / 12℃,南风 ≤3级 /东南风 ≤3级,阴,阴,17,12,南风,≤3级,东南风,≤3级,day
2015-03-14 19:30:00,云岩区,7、未按规定让行的 ,负全部责任,不负责任,1,贵FV0000,白,1,贵GP0272,银,-1,贵州省长安驾驶培训学校,-1,2011/8/15 0:00,长安牌,长安牌,355247000000000000 ,366370000000000000 ,198607,198312,19,5,3,工作日,晚高峰(17-19点),2015-03-14,2015年3月14日,阴 /阴,17℃ / 12℃,南风 ≤3级 /东南风 ≤3级,阴,阴,17,12,南风,≤3级,东南风,≤3级,day
2015-03-14 21:30:00,金阳,7、未按规定让行的 ,负全部责任,不负责任,1,京MJ7578,蓝,1,贵A5382T,黑,-1,自培,-1,2006/7/27 0:00,长城,长城牌,65595500000000000 ,364557000000000000 ,198711,198309,21,5,3,工作日,非高峰,2015-03-14,2015年3月14日,阴 /阴,17℃ / 12℃,南风 ≤3级 /东南风 ≤3级,阴,阴,17,12,南风,≤3级,东南风,≤3级,night
2015-03-14 21:36:00,三00医院,1、追尾的,负全部责任,不负责任,1,贵A12R54,白色,1,闽H7621F,白色,贵州现代驾驶培训责任有限公司,蓝天驾校,2014/5/13 0:00,2014/1/7 0:00,福特探险者,宝马牌,366068000000000000 ,364547000000000000 ,199507,198909,21,5,3,工作日,非高峰,2015-03-14,2015年3月14日,阴 /阴,17℃ / 12℃,南风 ≤3级 /东南风 ≤3级,阴,阴,17,12,南风,≤3级,东南风,≤3级,night
2015-03-15 00:00:00,漓江路,8、依法应负全责的其他情形,负全部责任,不负责任,1,贵AA044,白色,1,辽BY3H36,白色,-1,-1,-1,-1,-1,奥迪牌,364367000000000000 ,654297000000000000 ,197602,198612,0,6,3,周末,非高峰,2015-03-15,2015年3月15日,阴 /阴,18℃ / 13℃,东风 ≤3级 /南风 ≤3级,阴,阴,18,13,东风,≤3级,南风,≤3级,night
2015-03-15 08:30:00,石林东路,7、未按规定让行的 ,负全部责任,不负责任,1,贵AU8319,黑,1,贵A471K,黑,-1,-1,-1,-1,宝来牌,-1,36362500000000000 ,36604551944158365X,972081,198009,8,6,3,周末,早高峰(7-9点),2015-03-15,2015年3月15日,阴 /阴,18℃ / 13℃,东风 ≤3级 /南风 ≤3级,阴,阴,18,13,东风,≤3级,南风,≤3级,day
2015-03-15 09:50:00,金菊大道,1、追尾的,负全部责任,不负责任,1,贵AU0398,绿,1,贵A11E67,银,-1,金大驾校,-1,2011/12/30 0:00,万达牌,北京现代牌,36455800000000000 ,364558000000000000 ,198241,197211,9,6,3,周末,早高峰(7-9点),2015-03-15,2015年3月15日,阴 /阴,18℃ / 13℃,东风 ≤3级 /南风 ≤3级,阴,阴,18,13,东风,≤3级,南风,≤3级,day
2015-03-15 08:32:00,后坝,7、未按规定让行的 ,负全部责任,不负责任,1,贵CC9783,银,1,贵CB0024,红,-1,-1,-1,-1,欧曼牌,豪泺牌,35616700000000000 ,366562000000000000 ,196404,196606,8,6,3,周末,早高峰(7-9点),2015-03-15,2015年3月15日,阴 /阴,18℃ / 13℃,东风 ≤3级 /南风 ≤3级,阴,阴,18,13,东风,≤3级,南风,≤3级,day