accidenttime,accidentaddr,driver1fault,driver1responsibility,driver2responsibility,sex1,platenumber1,carcolor1,sex2,platenumber2,carcolor2,jxmc1,jxmc2,cclzrq1,cclzrq2,clpp1,clpp2,driver1license,driver2license,brith1,brith2,hour,weekday,month,is_weekday,peak_hour,date,日期,天气状况,气温,风力风向,day_wea,night_wea,day_tep,night_tep,day_wind_direction,day_wind_speed,night_wind_direction,night_wind_speed,segment
2015-03-14 16:00:00,小河珠江路,1、追尾的,负全部责任,不负责任,1,贵AG5256,白色,1,川REN009,黑色,自培,-1,2000/6/14 0:00,-1,东风雪铁龙,中华牌 ,364547000000000000 ,356166000000000000 ,196010,197506,16,5,3,工作日,非高峰,2015-03-14,2015年3月14日,阴 /阴,17℃ / 12℃,南风 ≤3级 /东南风 ≤3级,阴,阴,17,12,南风,≤3级,东南风,≤3级,day
2015-03-14 18:30:00,六中,7、未按规定让行的 ,负全部责任,不负责任,1,贵AKA698,白,1,贵A7AWJ3,黑,自培,铁二局驾校,2004/5/29 0:00,2012/6/8 0:00,思威牌,-1,364548000000000000 ,364548000000000000 ,196901,197608,18,5,3,工作日,晚高峰(17-19点),2015-03-14,2015年3月14日,阴 /阴,17℃ / 12℃,南风 ≤3级 /东南风 ≤3级,阴,阴,17,12,南风,≤3级,东南风,≤3级,day
2015-03-14 17:00:00,玉厂路,1、追尾的,负全部责任,不负责任,1,贵GR2772,白色,1,贵GV5589,白色,（花溪区）高新十七驾驶培训有限公司,自培,2008/1/10 0:00,2004/5/31 0:00,尚酷,五菱牌,364547000000000000 ,356166000000000000 ,198709,197310,17,5,3,工作日,晚高峰(17-19点),2015-03-14,2015年3月14日,阴 /阴,17℃ / 12℃,南风 ≤3级 /东南风 ≤3级,阴,阴,17,12,南风,≤3级,东南风,≤3级,day
2015-03-14 19:30:00,花果园,7、未按规定让行的 ,负全部责任,不负责任,1,贵AED302,黑,1,贵A37E32,白,安顺市开发区千合机动车培训学校,自培,2011/2/21 0:00,2002/7/28 0:00,吉利牌,广汽菲亚特牌,366369000000000000 ,364548000000000000 ,197108,198208,19,5,3,工作日,晚高峰(17-19点),2015-03-14,2015年3月14日,阴 /阴,17℃ / 12℃,南风 ≤3级 /东南风 ≤3级,阴,阴,17,12,南风,≤3级,东南风,≤3级,day
2015-03-14 20:30:00,27中,9、不符合前8款规定或者双方同时具有上述情形的,负同等责任,负同等责任,1,贵ASS174,白,1,贵ADM652,红,黔东南州交通驾驶培训学校,自培,2006/11/10 0:00,2006/7/20 0:00,北京现代牌,桑塔纳,36624551965454435X,364548000000000000 ,198210,198709,20,5,3,工作日,非高峰,2015-03-14,2015年3月14日,阴 /阴,17℃ / 12℃,南风 ≤3级 /东南风 ≤3级,阴,阴,17,12,南风,≤3级,东南风,≤3级,night
2015-03-14 20:30:00,黔灵半山,7、未按规定让行的 ,负全部责任,不负责任,1,贵AEE322,黑,1,贵A41P59,黑,（白云区）景宏驾驶培训有限公司,自培,2009/11/30 0:00,2003/8/19 0:00,奥迪牌,S5,364548000000000000 ,36454651864575646X,197301,197201,20,5,3,工作日,非高峰,2015-03-14,2015年3月14日,阴 /阴,17℃ / 12℃,南风 ≤3级 /东南风 ≤3级,阴,阴,17,12,南风,≤3级,东南风,≤3级,night
2015-03-15 07:30:00,明珠大道,1、追尾的,负全部责任,不负责任,1,贵AU7565,白色,1,贵AUA745,白色,-1,预约考试窗口,-1,2007/4/26 0:00,嘉陵牌,奇瑞牌,355469000000000000 ,364556000000000000 ,197201,196602,7,6,3,周末,早高峰(7-9点),2015-03-15,2015年3月15日,阴 /阴,18℃ / 13℃,东风 ≤3级 /南风 ≤3级,阴,阴,18,13,东风,≤3级,南风,≤3级,day
2015-03-15 10:30:00,白云区,7、未按规定让行的 ,负全部责任,不负责任,1,贵A9427A,银,1,贵ACH586,银,省交校,贵大佳德驾驶培训学,2013/5/17 0:00,2009/4/27 0:00,夏利牌,福克斯牌,366347000000000000 ,364556000000000000 ,198103,197812,10,6,3,周末,非高峰,2015-03-15,2015年3月15日,阴 /阴,18℃ / 13℃,东风 ≤3级 /南风 ≤3级,阴,阴,18,13,东风,≤3级,南风,≤3级,day
2015-03-15 03:31:00,花溪,1、追尾的,负全部责任,不负责任,1,贵A2112M,白色,1,贵A0005T,黑色,鑫鑫驾校,-1,2011/9/27 0:00,-1,北京现代牌,长安牌,364556000000000000 ,734746000000000000 ,198310,198303,3,6,3,周末,非高峰,2015-03-15,2015年3月15日,阴 /阴,18℃ / 13℃,东风 ≤3级 /南风 ≤3级,阴,阴,18,13,东风,≤3级,南风,≤3级,night
2015-03-14 22:00:00,望城坡,1、追尾的,负全部责任,不负责任,1,贵AC093F,白色,1,贵HU6935,白色,贵阳金马驾驶培训有限公司,贵阳金马驾驶培训有限公司,2012/12/31 0:00,2003/6/24 0:00,大众牌,轻骑·铃木牌,364548000000000000 ,74667500000000000 ,199003,197305,22,5,3,工作日,非高峰,2015-03-14,2015年3月14日,阴 /阴,17℃ / 12℃,南风 ≤3级 /东南风 ≤3级,阴,阴,17,12,南风,≤3级,东南风,≤3级,night
2015-03-15 09:20:00,大营坡,8、依法应负全责的其他情形,负全部责任,不负责任,1,贵A0G134,白,1,贵ADF081,白,-1,黔东南州新峰汽车驾驶培训学校,-1,2013/7/24 0:00,-1,大众汽车牌,357475000000000000 ,366568000000000000 ,197905,197801,9,6,3,周末,早高峰(7-9点),2015-03-15,2015年3月15日,阴 /阴,18℃ / 13℃,东风 ≤3级 /南风 ≤3级,阴,阴,18,13,东风,≤3级,南风,≤3级,day
2015-03-15 10:00:00,二戈寨,7、未按规定让行的 ,负全部责任,不负责任,1,贵AU2748,白色,1,贵AU6431,白色,-1,自培,-1,1991/12/4 0:00,瑞麒牌,风火轮牌,360657000000000000 ,364547000000000000 ,319751,196807,10,6,3,周末,非高峰,2015-03-15,2015年3月15日,阴 /阴,18℃ / 13℃,东风 ≤3级 /南风 ≤3级,阴,阴,18,13,东风,≤3级,南风,≤3级,day
2015-03-15 13:10:00,西南环线,7、未按规定让行的 ,负全部责任,不负责任,1,贵Z93211,白色,1,贵A28F59,白色,-1,市交校,-1,2014/5/7 0:00,-1,东风雪铁龙牌,366767000000000000 ,36666251984863727X,197506,198707,13,6,3,周末,非高峰,2015-03-15,2015年3月15日,阴 /阴,18℃ / 13℃,东风 ≤3级 /南风 ≤3级,阴,阴,18,13,东风,≤3级,南风,≤3级,day
2015-03-15 12:30:00,顺海,1、追尾的,负全部责任,不负责任,1,贵AMV241,红,1,贵A68699,红,贵州省黔东南州金凯驾驶学校,路路达驾校（白云区）,-1,2011/3/15 0:00,别克牌,帕萨特,366267000000000000 ,36455651174552555X,198408,199301,12,6,3,周末,非高峰,2015-03-15,2015年3月15日,阴 /阴,18℃ / 13℃,东风 ≤3级 /南风 ≤3级,阴,阴,18,13,东风,≤3级,南风,≤3级,day
2015-03-15 11:00:00,宝山路,7、未按规定让行的 ,负全部责任,不负责任,1,贵JBU315,白色,1,贵A34L91,白色,贵定县阳光汽车驾驶培训学校,金大驾校,-1,2015/1/26 0:00,奇瑞牌,马自达牌,366766000000000000 ,364548000000000000 ,196310,196005,11,6,3,周末,非高峰,2015-03-15,2015年3月15日,阴 /阴,18℃ / 13℃,东风 ≤3级 /南风 ≤3级,阴,阴,18,13,东风,≤3级,南风,≤3级,day
2015-03-15 13:10:00,金阳南路,3、倒车的,负全部责任,不负责任,1,贵AA339P,白,1,渝C61M35,白,-1,-1,-1,-1,福克斯牌,北京现代牌,366546000000000000 ,366664000000000000 ,197009,198510,13,6,3,周末,非高峰,2015-03-15,2015年3月15日,阴 /阴,18℃ / 13℃,东风 ≤3级 /南风 ≤3级,阴,阴,18,13,东风,≤3级,南风,≤3级,day
2015-03-15 12:05:00,金朱东路,1、追尾的,负全部责任,不负责任,0,贵A8846W,红,1,贵A91M71,白,人武驾校,省交校,2012/12/14 0:00,2013/11/20 0:00,大众汽车牌,福克斯牌,364558000000000000 ,366566000000000000 ,197009,195702,12,6,3,周末,非高峰,2015-03-15,2015年3月15日,阴 /阴,18℃ / 13℃,东风 ≤3级 /南风 ≤3级,阴,阴,18,13,东风,≤3级,南风,≤3级,day
2015-03-15 12:08:00,金源,7、未按规定让行的 ,负全部责任,不负责任,1,贵A0077M,银,1,贵A4BK76,红,景宏驾校,自培,2012/9/27 0:00,1998/9/3 0:00,长安牌,雪佛兰牌,364558000000000000 ,364548000000000000 ,198308,196304,12,6,3,周末,非高峰,2015-03-15,2015年3月15日,阴 /阴,18℃ / 13℃,东风 ≤3级 /南风 ≤3级,阴,阴,18,13,东风,≤3级,南风,≤3级,day
2015-03-15 09:00:00,林城西路,1、追尾的,负全部责任,不负责任,1,贵A2E205,银,1,贵A02741,白,自培,520129,2013/4/2 0:00,-1,五菱牌,东风牌,344668000000000000 ,366064000000000000 ,199307,196909,9,6,3,周末,早高峰(7-9点),2015-03-15,2015年3月15日,阴 /阴,18℃ / 13℃,东风 ≤3级 /南风 ≤3级,阴,阴,18,13,东风,≤3级,南风,≤3级,day
2015-03-15 08:00:00,观山路,1、追尾的,负全部责任,不负责任,1,贵A8368J,银,1,湘HR5611,黑,自培,-1,2005/11/21 0:00,-1,鹤云牌,雪佛兰牌,366367000000000000 ,76745500000000000 ,197507,197212,8,6,3,周末,早高峰(7-9点),2015-03-15,2015年3月15日,阴 /阴,18℃ / 13℃,东风 ≤3级 /南风 ≤3级,阴,阴,18,13,东风,≤3级,南风,≤3级,day
2015-03-15 09:00:00,乌当,1、追尾的,负全部责任,不负责任,1,贵AM3088,银,1,贵A19N72,白,自培,十一培,2004/8/6 0:00,1999/4/5 0:00,别克牌,北京现代牌,366577000000000000 ,366575000000000000 ,198301,197107,9,6,3,周末,早高峰(7-9点),2015-03-15,2015年3月15日,阴 /阴,18℃ / 13℃,东风 ≤3级 /南风 ≤3级,阴,阴,18,13,东风,≤3级,南风,≤3级,day
2015-03-15 10:10:00,白云区,3、倒车的,负全部责任,不负责任,1,贵AA027B,银,1,贵A0918H,白,自培,十一培,2014/8/19 0:00,1992/1/6 0:00,五菱牌,依维柯牌,786167000000000000 ,364558000000000000 ,199503,195803,10,6,3,周末,非高峰,2015-03-15,2015年3月15日,阴 /阴,18℃ / 13℃,东风 ≤3级 /南风 ≤3级,阴,阴,18,13,东风,≤3级,南风,≤3级,day
2015-03-15 09:30:00,东山,7、未按规定让行的 ,负全部责任,不负责任,1,贵A83Z81,黑,1,贵AU8248,绿,-1,自培,-1,2010/8/24 0:00,神行者,宝来牌,354661000000000000 ,366663000000000000 ,196712,198203,9,6,3,周末,早高峰(7-9点),2015-03-15,2015年3月15日,阴 /阴,18℃ / 13℃,东风 ≤3级 /南风 ≤3级,阴,阴,18,13,东风,≤3级,南风,≤3级,day
2015-03-15 10:00:00,花二道,8、依法应负全责的其他情形,负全部责任,不负责任,1,渝BR4865,白色,1,贵A78W56,白色,-1,自培,-1,2005/9/13 0:00,无,路虎,36634700000000000 ,364547000000000000 ,198091,198003,10,6,3,周末,非高峰,2015-03-15,2015年3月15日,阴 /阴,18℃ / 13℃,东风 ≤3级 /南风 ≤3级,阴,阴,18,13,东风,≤3级,南风,≤3级,day
2015-03-15 10:30:00,南明区,1、追尾的,负全部责任,不负责任,1,贵AVA541,白色,1,贵ATJ771,白色,新华驾校,自培,2011/10/11 0:00,2006/8/28 0:00,英伦牌,凯迪拉克,366347000000000000 ,364557000000000000 ,197712,196903,10,6,3,周末,非高峰,2015-03-15,2015年3月15日,阴 /阴,18℃ / 13℃,东风 ≤3级 /南风 ≤3级,阴,阴,18,13,东风,≤3级,南风,≤3级,day
2015-03-15 11:50:00,大川城,7、未按规定让行的 ,负全部责任,不负责任,1,贵AAD429,银,1,贵JR7533,白,-1,自培,-1,2005/7/4 0:00,五菱牌,哈飞牌,366361000000000 ,366267000000000000 ,164006,198604,11,6,3,周末,非高峰,2015-03-15,2015年3月15日,阴 /阴,18℃ / 13℃,东风 ≤3级 /南风 ≤3级,阴,阴,18,13,东风,≤3级,南风,≤3级,day
2015-03-15 09:10:00,东山,9、不符合前8款规定或者双方同时具有上述情形的,负同等责任,负同等责任,1,鄂FBN346,白,1,贵A54M31,白,自培,自培,2008/4/23 0:00,2005/2/2 0:00,\N,福克斯牌,64265500000000000 ,364548000000000000 ,198708,196612,9,6,3,周末,早高峰(7-9点),2015-03-15,2015年3月15日,阴 /阴,18℃ / 13℃,东风 ≤3级 /南风 ≤3级,阴,阴,18,13,东风,≤3级,南风,≤3级,day
2015-03-15 10:15:00,乌当,1、追尾的,负全部责任,不负责任,1,贵ALW533,银,0,贵A8AN75,红,自培,自培,2004/8/18 0:00,2006/6/5 0:00,红旗牌,东风标致牌,364557000000000000 ,36455651884852446X,198110,197707,10,6,3,周末,非高峰,2015-03-15,2015年3月15日,阴 /阴,18℃ / 13℃,东风 ≤3级 /南风 ≤3级,阴,阴,18,13,东风,≤3级,南风,≤3级,day
2015-03-15 10:45:00,长岭南路,7、未按规定让行的 ,负全部责任,不负责任,1,贵A895E5,白,1,贵A79G36,银,吉源驾校,-1,2013/2/28 0:00,-1,解放牌,马自达牌,366566000000000000 ,364648000000000000 ,197408,198510,10,6,3,周末,非高峰,2015-03-15,2015年3月15日,阴 /阴,18℃ / 13℃,东风 ≤3级 /南风 ≤3级,阴,阴,18,13,东风,≤3级,南风,≤3级,day
2015-03-15 14:00:00,贵惠路,8、依法应负全责的其他情形,负全部责任,不负责任,1,贵A6CC67,黑,1,贵AU0005,蓝,-1,520116,-1,2001/4/2 0:00,索兰托,宝来牌,356164000000000000 ,366546000000000000 ,196901,196412,14,6,3,周末,非高峰,2015-03-15,2015年3月15日,阴 /阴,18℃ / 13℃,东风 ≤3级 /南风 ≤3级,阴,阴,18,13,东风,≤3级,南风,≤3级,day
2015-03-15 15:00:00,中坝路,1、追尾的,负全部责任,不负责任,1,贵AMH622,银,1,贵JBA937,黑,-1,铁二局驾校,-1,2011/11/8 0:00,五菱牌,大众牌,74060500000000000 ,366064000000000000 ,198705,198106,15,6,3,周末,非高峰,2015-03-15,2015年3月15日,阴 /阴,18℃ / 13℃,东风 ≤3级 /南风 ≤3级,阴,阴,18,13,东风,≤3级,南风,≤3级,day
2015-03-15 15:00:00,市南路口,7、未按规定让行的 ,负全部责任,不负责任,1,贵A2BV29,白色,1,贵A26N85,白色,铁二局驾校,-1,2014/2/27 0:00,-1,江铃牌,起亚牌,356746000000000000 ,366064000000000000 ,197308,198401,15,6,3,周末,非高峰,2015-03-15,2015年3月15日,阴 /阴,18℃ / 13℃,东风 ≤3级 /南风 ≤3级,阴,阴,18,13,东风,≤3级,南风,≤3级,day
2015-03-15 15:00:00,油榨街,7、未按规定让行的 ,负全部责任,不负责任,1,贵AU3193,绿,1,贵GQ8541,白,（南明区）市交通职业技术驾驶培训学校,520136,2006/8/4 0:00,2011/10/8 0:00,钱江牌,长安牌,364646000000000000 ,364547000000000000 ,197401,198512,15,6,3,周末,非高峰,2015-03-15,2015年3月15日,阴 /阴,18℃ / 13℃,东风 ≤3级 /南风 ≤3级,阴,阴,18,13,东风,≤3级,南风,≤3级,day
2015-03-15 12:50:00,中曹司大桥,7、未按规定让行的 ,负全部责任,不负责任,1,贵A301F8,白色,1,贵JBQ373,白色,（乌当区）新华驾驶培训有限公司,长运驾校,2008/7/16 0:00,2013/12/25 0:00,长安牌,荣威牌,364556000000000000 ,364547000000000000 ,198811,196309,12,6,3,周末,非高峰,2015-03-15,2015年3月15日,阴 /阴,18℃ / 13℃,东风 ≤3级 /南风 ≤3级,阴,阴,18,13,东风,≤3级,南风,≤3级,day
2015-03-15 15:30:00,观山东路,8、依法应负全责的其他情形,负同等责任,不负责任,1,贵A7AP28,蓝,1,贵AFC843,银,长运驾校（南明区）,预约考试窗口,2015/2/27 0:00,2007/4/28 0:00,高尔夫牌,威志牌,364548000000000000 ,366068000000000000 ,198004,197302,15,6,3,周末,非高峰,2015-03-15,2015年3月15日,阴 /阴,18℃ / 13℃,东风 ≤3级 /南风 ≤3级,阴,阴,18,13,东风,≤3级,南风,≤3级,day
2015-03-15 14:30:00,花果园,1、追尾的,负全部责任,不负责任,1,贵LS299,白色,1,贵FP2369,白色,-1,武警驾驶分校,-1,2004/12/22 0:00,-1,北京现代牌,366577000000000000 ,366046000000000000 ,197601,198309,14,6,3,周末,非高峰,2015-03-15,2015年3月15日,阴 /阴,18℃ / 13℃,东风 ≤3级 /南风 ≤3级,阴,阴,18,13,东风,≤3级,南风,≤3级,day
2015-03-15 13:00:00,白云区,8、依法应负全责的其他情形,负全部责任,不负责任,1,贵AMC743,银,1,贵A95530,红,（云岩区）省交通职业技术驾驶培训学校,-1,2010/12/9 0:00,-1,五菱牌,豪泺牌,364558000000000000 ,366067000000000000 ,199008,198001,13,6,3,周末,非高峰,2015-03-15,2015年3月15日,阴 /阴,18℃ / 13℃,东风 ≤3级 /南风 ≤3级,阴,阴,18,13,东风,≤3级,南风,≤3级,day
2015-03-15 10:30:00,黔林山路,7、未按规定让行的 ,负全部责任,不负责任,1,贵A1429Y,白,1,贵FV2760,红,自培,-1,2008/4/23 0:00,-1,雪佛兰牌,新感觉牌,364566000000000000 ,366068000000000000 ,199506,196903,10,6,3,周末,非高峰,2015-03-15,2015年3月15日,阴 /阴,18℃ / 13℃,东风 ≤3级 /南风 ≤3级,阴,阴,18,13,东风,≤3级,南风,≤3级,day
2015-03-15 10:30:00,花溪花石路,8、依法应负全责的其他情形,负全部责任,不负责任,1,赣KP9222,白色,1,贵A65N69,白色,自培,-1,2009/7/1 0:00,-1,霸道,奥迪牌,356168000000000000 ,366264000000000000 ,197312,196409,10,6,3,周末,非高峰,2015-03-15,2015年3月15日,阴 /阴,18℃ / 13℃,东风 ≤3级 /南风 ≤3级,阴,阴,18,13,东风,≤3级,南风,≤3级,day
2015-03-15 11:00:00,花溪大道,7、未按规定让行的 ,负全部责任,不负责任,1,贵A22K99,红,1,贵AU3443,蓝,铁二局驾校,十一培,2011/2/28 0:00,1999/3/31 0:00,丰田牌,奇瑞牌,704766000000000000 ,364557000000000000 ,197003,197505,11,6,3,周末,非高峰,2015-03-15,2015年3月15日,阴 /阴,18℃ / 13℃,东风 ≤3级 /南风 ≤3级,阴,阴,18,13,东风,≤3级,南风,≤3级,day
2015-03-15 11:40:00,五里冲,1、追尾的,负全部责任,不负责任,1,贵AA754J,绿,1,贵AU0686,黄,自培,十一培,2004/10/19 0:00,1995/12/6 0:00,朗逸牌,捷达牌,354361000000000000 ,364547000000000000 ,198002,197112,11,6,3,周末,非高峰,2015-03-15,2015年3月15日,阴 /阴,18℃ / 13℃,东风 ≤3级 /南风 ≤3级,阴,阴,18,13,东风,≤3级,南风,≤3级,day
2015-03-15 14:18:00,白云区,9、不符合前8款规定或者双方同时具有上述情形的,负同等责任,负同等责任,1,贵AK6159,银,1,贵ATS694,黑,-1,自培,-1,2003/11/11 0:00,大运牌,帕萨特牌,366567000000000000 ,364558000000000000 ,197408,198002,14,6,3,周末,非高峰,2015-03-15,2015年3月15日,阴 /阴,18℃ / 13℃,东风 ≤3级 /南风 ≤3级,阴,阴,18,13,东风,≤3级,南风,≤3级,day
2015-03-15 14:30:00,金阳客站,7、未按规定让行的 ,负全部责任,不负责任,0,贵JDN489,白,0,贵A53N76,白,新华驾校,自培,2014/11/20 0:00,2003/1/27 0:00,大众汽车牌,沃尔沃牌,366562000000000000 ,364547000000000000 ,198501,196608,14,6,3,周末,非高峰,2015-03-15,2015年3月15日,阴 /阴,18℃ / 13℃,东风 ≤3级 /南风 ≤3级,阴,阴,18,13,东风,≤3级,南风,≤3级,day
2015-03-15 13:10:00,阳关,8、依法应负全责的其他情形,负全部责任,不负责任,1,渝CFN295,黑,1,贵ARE602,银,自培,自培,2002/7/8 0:00,2011/2/23 0:00,雅阁牌,雪佛兰牌,354677000000000000 ,364557000000000000 ,196302,198501,13,6,3,周末,非高峰,2015-03-15,2015年3月15日,阴 /阴,18℃ / 13℃,东风 ≤3级 /南风 ≤3级,阴,阴,18,13,东风,≤3级,南风,≤3级,day
2015-03-15 16:20:00,头桥,7、未按规定让行的 ,负全部责任,不负责任,0,贵AHV614,银,1,贵A87G43,红,-1,-1,-1,-1,海马牌,起亚牌,364548000000000000 ,364548000000000000 ,197512,197309,16,6,3,周末,非高峰,2015-03-15,2015年3月15日,阴 /阴,18℃ / 13℃,东风 ≤3级 /南风 ≤3级,阴,阴,18,13,东风,≤3级,南风,≤3级,day
2015-03-15 16:40:00,龙洞堡,7、未按规定让行的 ,负全部责任,不负责任,1,贵A15H71,白色,1,贵AU4624,白色,-1,消防驾校,1971/2/2 0:00,2001/2/5 0:00,凌派牌,奔野牌,36454651014046745X,364547000000000000 ,194904,198208,16,6,3,周末,非高峰,2015-03-15,2015年3月15日,阴 /阴,18℃ / 13℃,东风 ≤3级 /南风 ≤3级,阴,阴,18,13,东风,≤3级,南风,≤3级,day
2015-03-15 18:00:00,东风镇,8、依法应负全责的其他情形,负全部责任,不负责任,1,贵AL8593,黑色,1,贵AB601C,白色,-1,520116,-1,2010/8/10 0:00,正好牌,长城牌,36454651205445395X,366869000000000000 ,196410,198012,18,6,3,周末,晚高峰(17-19点),2015-03-15,2015年3月15日,阴 /阴,18℃ / 13℃,东风 ≤3级 /南风 ≤3级,阴,阴,18,13,东风,≤3级,南风,≤3级,day
2015-03-15 18:00:00,观山湖,7、未按规定让行的 ,负全部责任,不负责任,1,鄂AL0335,黑,1,贵A86R74,白,-1,路路达驾校,-1,2012/11/29 0:00,银钢牌,宝马,736267000000000000 ,366063000000000000 ,196805,198609,18,6,3,周末,晚高峰(17-19点),2015-03-15,2015年3月15日,阴 /阴,18℃ / 13℃,东风 ≤3级 /南风 ≤3级,阴,阴,18,13,东风,≤3级,南风,≤3级,day
2015-03-15 17:00:00,花溪吉林,7、未按规定让行的 ,负全部责任,不负责任,1,贵A796E6,白色,1,贵JAS829,白色,时发驾校,其他,2014/11/10 0:00,-1,东风牌,哈弗牌,366063000000000000 ,366870000000000000 ,197505,198405,17,6,3,周末,晚高峰(17-19点),2015-03-15,2015年3月15日,阴 /阴,18℃ / 13℃,东风 ≤3级 /南风 ≤3级,阴,阴,18,13,东风,≤3级,南风,≤3级,day
2015-03-15 16:30:00,龙泉,8、依法应负全责的其他情形,负全部责任,不负责任,1,贵A1806R,银,1,贵CF0248,银,（观山湖区）诚信驾驶培训有限公司,长运驾校,2006/6/1 0:00,2014/11/17 0:00,长安牌,豪爵牌,366347000000000000 ,774763000000000000 ,196902,197104,16,6,3,周末,非高峰,2015-03-15,2015年3月15日,阴 /阴,18℃ / 13℃,东风 ≤3级 /南风 ≤3级,阴,阴,18,13,东风,≤3级,南风,≤3级,day
2015-03-15 16:00:00,王宽,3、倒车的,负全部责任,不负责任,1,贵A34298,白色,1,贵A2708U,白色,吉源驾校,黔丰驾校,2014/11/28 0:00,2014/3/18 0:00,田野,长城牌,364551000000000000 ,364556000000000000 ,198506,198808,16,6,3,周末,非高峰,2015-03-15,2015年3月15日,阴 /阴,18℃ / 13℃,东风 ≤3级 /南风 ≤3级,阴,阴,18,13,东风,≤3级,南风,≤3级,day
2015-03-15 17:05:00,太慈桥,8、依法应负全责的其他情形,负全部责任,不负责任,1,贵A34V24,黑,1,贵A22A17,银,贵大佳德驾驶培训学校,-1,2012/7/24 0:00,-1,比亚迪牌,夏利牌,366046000000000000 ,366068000000000000 ,197501,197609,17,6,3,周末,晚高峰(17-19点),2015-03-15,2015年3月15日,阴 /阴,18℃ / 13℃,东风 ≤3级 /南风 ≤3级,阴,阴,18,13,东风,≤3级,南风,≤3级,day
2015-03-15 18:30:00,白云区,7、未按规定让行的 ,负全部责任,不负责任,1,贵AU3205,蓝,1,贵HBN114,黑,-1,-1,-1,-1,捷达牌,宝骏牌,536175000000000000 ,366275000000000000 ,196205,197608,18,6,3,周末,晚高峰(17-19点),2015-03-15,2015年3月15日,阴 /阴,18℃ / 13℃,东风 ≤3级 /南风 ≤3级,阴,阴,18,13,东风,≤3级,南风,≤3级,day
2015-03-17 10:13:00,花二道,1、追尾的,负全部责任,不负责任,1,贵APB181,白色,1,贵A8123A,白色,-1,黔丰驾校,-1,2014/6/27 0:00,江铃牌,风景,374169000000000000 ,366068000000000000 ,198912,198603,10,1,3,工作日,非高峰,2015-03-17,2015年3月17日,多云 /多云,25℃ / 14℃,南风 ≤3级 /南风 ≤3级,多云,多云,25,14,南风,≤3级,南风,≤3级,day
2015-03-15 19:25:00,甲秀南路,1、追尾的,负全部责任,不负责任,1,贵A56K87,白色,1,贵A32K95,白色,（花溪区）贵州大学驾驶培训有限公司,铁二局驾校,2006/11/30 0:00,2012/12/5 0:00,荣威牌,五菱牌,364548000000000000 ,574375000000000000 ,196601,199012,19,6,3,周末,晚高峰(17-19点),2015-03-15,2015年3月15日,阴 /阴,18℃ / 13℃,东风 ≤3级 /南风 ≤3级,阴,阴,18,13,东风,≤3级,南风,≤3级,day
2015-03-15 14:26:00,百花湖,8、依法应负全责的其他情形,负全部责任,不负责任,1,贵JX5191,黑,1,贵ASK118,黑,贵州省黔东南州宏达驾驶学校,十一培,2011/4/12 0:00,1998/7/8 0:00,大众汽车牌,海马牌,366876000000000000 ,364548000000000000 ,198301,196704,14,6,3,周末,非高峰,2015-03-15,2015年3月15日,阴 /阴,18℃ / 13℃,东风 ≤3级 /南风 ≤3级,阴,阴,18,13,东风,≤3级,南风,≤3级,day
2015-03-15 16:50:00,贵安大道,7、未按规定让行的 ,负全部责任,不负责任,1,贵A65Y32,白色,1,贵AMB425,白色,安顺市顺阳驾校培训学校,十一培,2012/10/29 0:00,1994/7/19 0:00,比亚迪牌,比亚迪牌,366346000000000000 ,364547000000000000 ,198311,196008,16,6,3,周末,非高峰,2015-03-15,2015年3月15日,阴 /阴,18℃ / 13℃,东风 ≤3级 /南风 ≤3级,阴,阴,18,13,东风,≤3级,南风,≤3级,day
2015-03-15 16:50:00,八匹马,7、未按规定让行的 ,负同等责任,负同等责任,1,贵AP8329,黑,1,贵AL3211,黑,自培,十一培,2001/2/1 0:00,1998/12/30 0:00,力帆牌,银翔牌,264368000000000000 ,364547000000000000 ,196904,195610,16,6,3,周末,非高峰,2015-03-15,2015年3月15日,阴 /阴,18℃ / 13℃,东风 ≤3级 /南风 ≤3级,阴,阴,18,13,东风,≤3级,南风,≤3级,day
2015-03-15 16:39:00,金阳一中,6、违反交通信号的,负全部责任,不负责任,1,贵A7BW61,绿,1,贵AU7699,绿,-1,自培,-1,2000/9/20 0:00,广汽菲亚特牌,豪剑牌,0645605181555077X,364548000000000000 ,197911,197910,16,6,3,周末,非高峰,2015-03-15,2015年3月15日,阴 /阴,18℃ / 13℃,东风 ≤3级 /南风 ≤3级,阴,阴,18,13,东风,≤3级,南风,≤3级,day
2015-03-15 17:30:00,中华路,7、未按规定让行的 ,负全部责任,不负责任,1,贵A99J46,银,1,贵AEW775,黑,（白云区）消防驾驶培训学校,自培,2006/5/15 0:00,2003/6/9 0:00,明锐牌,海马牌,366569000000000000 ,364548000000000000 ,197207,198411,17,6,3,周末,晚高峰(17-19点),2015-03-15,2015年3月15日,阴 /阴,18℃ / 13℃,东风 ≤3级 /南风 ≤3级,阴,阴,18,13,东风,≤3级,南风,≤3级,day