accidenttime,accidentaddr,driver1fault,driver1responsibility,driver2responsibility,sex1,platenumber1,carcolor1,sex2,platenumber2,carcolor2,jxmc1,jxmc2,cclzrq1,cclzrq2,clpp1,clpp2,driver1license,driver2license,brith1,brith2,hour,weekday,month,is_weekday,peak_hour,date,日期,天气状况,气温,风力风向,day_wea,night_wea,day_tep,night_tep,day_wind_direction,day_wind_speed,night_wind_direction,night_wind_speed,segment
2015-03-15 19:10:00,文昌路,8、依法应负全责的其他情形,负全部责任,不负责任,1,贵A3G442,白,1,贵A36A92,蓝,自培,自培,2000/12/19 0:00,2005/9/22 0:00,傲虎,福克斯牌,366367000000000000 ,364547000000000000 ,198106,198608,19,6,3,周末,晚高峰(17-19点),2015-03-15,2015年3月15日,阴 /阴,18℃ / 13℃,东风 ≤3级 /南风 ≤3级,阴,阴,18,13,东风,≤3级,南风,≤3级,day
2015-03-15 23:00:00,大营坡,7、未按规定让行的 ,负全部责任,不负责任,1,贵A19H33,银,1,贵ARZ232,红,鑫鑫驾校,自培,2011/8/10 0:00,2003/11/12 0:00,五菱牌,雪佛兰牌,366368000000000000 ,366347000000000000 ,196611,198012,23,6,3,周末,非高峰,2015-03-15,2015年3月15日,阴 /阴,18℃ / 13℃,东风 ≤3级 /南风 ≤3级,阴,阴,18,13,东风,≤3级,南风,≤3级,night
2015-03-15 18:50:00,白金大道,7、未按规定让行的 ,负全部责任,不负责任,1,贵A979D9,银,1,桂AWG245,银,-1,-1,-1,-1,长城牌,北京现代牌,355468000000000000 ,364558000000000000 ,199706,196309,18,6,3,周末,晚高峰(17-19点),2015-03-15,2015年3月15日,阴 /阴,18℃ / 13℃,东风 ≤3级 /南风 ≤3级,阴,阴,18,13,东风,≤3级,南风,≤3级,day
2015-03-15 19:20:00,三桥,7、未按规定让行的 ,负全部责任,不负责任,1,贵A0230E,白,1,云C65989,红,（乌当区）新天驾驶培训有限公司,-1,2006/6/28 0:00,-1,解放牌,庆铃,366367000000000000 ,37657451834163415X,196301,197509,19,6,3,周末,晚高峰(17-19点),2015-03-15,2015年3月15日,阴 /阴,18℃ / 13℃,东风 ≤3级 /南风 ≤3级,阴,阴,18,13,东风,≤3级,南风,≤3级,day
2015-03-16 08:15:00,中坝,7、未按规定让行的 ,负全部责任,不负责任,1,贵A788E3,白,1,贵AF7326,黄,铁二局驾校,公安干院驾校,2012/9/3 0:00,2006/12/6 0:00,东风牌,比亚迪牌,376570000000000000 ,366064000000000000 ,197211,197611,8,0,3,工作日,早高峰(7-9点),2015-03-16,2015年3月16日,阴 /多云,20℃ / 15℃,南风 ≤3级 /南风 ≤3级,阴,多云,20,15,南风,≤3级,南风,≤3级,day
2015-03-16 07:52:00,八匹马,8、依法应负全责的其他情形,负全部责任,不负责任,1,贵A3086Z,红,1,贵AN4511,黑,-1,文通驾校,-1,2012/9/5 0:00,五菱牌,钱江牌,366064000000000000 ,364548000000000000 ,197012,199109,7,0,3,工作日,早高峰(7-9点),2015-03-16,2015年3月16日,阴 /多云,20℃ / 15℃,南风 ≤3级 /南风 ≤3级,阴,多云,20,15,南风,≤3级,南风,≤3级,day
2015-03-16 07:30:00,太慈桥,8、依法应负全责的其他情形,负全部责任,不负责任,1,贵A52K67,黑,1,贵A0553R,红,（南明区）市交通职业技术驾驶培训学校,人武驾校,2008/11/19 0:00,2013/11/20 0:00,中华牌,福克斯牌,364548000000000000 ,366568000000000000 ,198910,197702,7,0,3,工作日,早高峰(7-9点),2015-03-16,2015年3月16日,阴 /多云,20℃ / 15℃,南风 ≤3级 /南风 ≤3级,阴,多云,20,15,南风,≤3级,南风,≤3级,day
2015-03-16 08:30:00,永乐路,7、未按规定让行的 ,负全部责任,不负责任,1,贵AUA034,白,1,贵AHH436,白,（白云区）消防驾驶培训学校,-1,2006/12/28 0:00,-1,丰田牌,三菱牌,366068000000000000 ,366068000000000000 ,198408,198301,8,0,3,工作日,早高峰(7-9点),2015-03-16,2015年3月16日,阴 /多云,20℃ / 15℃,南风 ≤3级 /南风 ≤3级,阴,多云,20,15,南风,≤3级,南风,≤3级,day
2015-03-15 21:40:00,世纪城,7、未按规定让行的 ,负全部责任,不负责任,1,贵AK5055,蓝,1,贵F76454,黄,自培,毕节地区黔中驾校,2002/6/21 0:00,-1,帕萨特牌,帕萨特,36636351824366816X,366068000000000000 ,197605,197806,21,6,3,周末,非高峰,2015-03-15,2015年3月15日,阴 /阴,18℃ / 13℃,东风 ≤3级 /南风 ≤3级,阴,阴,18,13,东风,≤3级,南风,≤3级,night
2015-03-15 21:00:00,长江路,1、追尾的,负全部责任,不负责任,1,皖SUN942,白色,1,贵A623C7,白色,自培,-1,2008/6/10 0:00,-1,大众汽车牌,长安牌,705266000000000000 ,366370000000000000 ,199003,197606,21,6,3,周末,非高峰,2015-03-15,2015年3月15日,阴 /阴,18℃ / 13℃,东风 ≤3级 /南风 ≤3级,阴,阴,18,13,东风,≤3级,南风,≤3级,night
2015-03-16 08:10:00,金阳医院,7、未按规定让行的 ,负全部责任,不负责任,1,贵A7950T,银,1,贵JBT631,白,自培,长运驾校,2002/8/21 0:00,2014/11/6 0:00,大众汽车牌,吉利牌,366566000000000000 ,364647000000000000 ,197209,197906,8,0,3,工作日,早高峰(7-9点),2015-03-16,2015年3月16日,阴 /多云,20℃ / 15℃,南风 ≤3级 /南风 ≤3级,阴,多云,20,15,南风,≤3级,南风,≤3级,day
2015-03-16 08:30:00,黔灵西路,7、未按规定让行的 ,负全部责任,不负责任,1,贵AMB341,黑,1,贵AKJ446,白,-1,十一培,-1,1995/12/28 0:00,豪情牌,奥迪牌,364547000000000000 ,364558000000000000 ,198607,196801,8,0,3,工作日,早高峰(7-9点),2015-03-16,2015年3月16日,阴 /多云,20℃ / 15℃,南风 ≤3级 /南风 ≤3级,阴,多云,20,15,南风,≤3级,南风,≤3级,day
2015-03-15 17:50:00,春雷路,1、追尾的,负全部责任,不负责任,1,贵ABV294,银,1,贵AKF033,银,自培,十一培,2010/10/25 0:00,1997/12/9 0:00,起亚牌,金杯,364548000000000000 ,356166000000000000 ,197301,196701,17,6,3,周末,晚高峰(17-19点),2015-03-15,2015年3月15日,阴 /阴,18℃ / 13℃,东风 ≤3级 /南风 ≤3级,阴,阴,18,13,东风,≤3级,南风,≤3级,day
2015-03-15 23:00:00,新添大道,7、未按规定让行的 ,负全部责任,不负责任,1,贵A5BK10,黑,1,贵AU2712,蓝,（南明区）阳光驾驶培训有限公司,自培,2008/2/26 0:00,2004/11/25 0:00,梅赛德斯-奔驰,东力牌,364556000000000000 ,354669000000000000 ,197204,197403,23,6,3,周末,非高峰,2015-03-15,2015年3月15日,阴 /阴,18℃ / 13℃,东风 ≤3级 /南风 ≤3级,阴,阴,18,13,东风,≤3级,南风,≤3级,night
2015-03-15 20:10:00,五里冲,7、未按规定让行的 ,负全部责任,不负责任,1,贵FH7959,黑,1,贵GT2858,白,织金县织通驾驶培训学校,自培,2010/11/3 0:00,2004/5/15 0:00,长安牌,奥迪,366064000000000000 ,364548000000000000 ,198708,198404,20,6,3,周末,非高峰,2015-03-15,2015年3月15日,阴 /阴,18℃ / 13℃,东风 ≤3级 /南风 ≤3级,阴,阴,18,13,东风,≤3级,南风,≤3级,night
2015-03-15 18:46:00,观山湖,1、追尾的,负全部责任,不负责任,1,贵A65Z56,银,1,贵AR4172,白,自培,自培,2003/8/21 0:00,2003/3/21 0:00,力帆牌,朗逸牌,366761000000000000 ,366364000000000000 ,197501,197306,18,6,3,周末,晚高峰(17-19点),2015-03-15,2015年3月15日,阴 /阴,18℃ / 13℃,东风 ≤3级 /南风 ≤3级,阴,阴,18,13,东风,≤3级,南风,≤3级,day
2015-03-15 21:00:00,北京西路,7、未按规定让行的 ,负全部责任,不负责任,1,贵JBK444,红,1,贵A0666Z,银,自培,自培,2004/9/20 0:00,2004/3/30 0:00,长安牌,北京牌,354548000000000000 ,364568000000000000 ,197404,198504,21,6,3,周末,非高峰,2015-03-15,2015年3月15日,阴 /阴,18℃ / 13℃,东风 ≤3级 /南风 ≤3级,阴,阴,18,13,东风,≤3级,南风,≤3级,night
2015-03-15 21:00:00,大营坡,8、依法应负全责的其他情形,负全部责任,不负责任,1,贵A98039,黄,1,贵A14A58,银,自培,自培,2004/2/23 0:00,2004/2/23 0:00,长安,蒙迪欧牌,364547000000000000 ,364547000000000000 ,197411,197411,21,6,3,周末,非高峰,2015-03-15,2015年3月15日,阴 /阴,18℃ / 13℃,东风 ≤3级 /南风 ≤3级,阴,阴,18,13,东风,≤3级,南风,≤3级,night
2015-03-15 19:10:00,观山东路,1、追尾的,负全部责任,不负责任,0,贵AMX198,银,1,贵AU4353,黄,自培,自培,2004/8/27 0:00,2005/3/18 0:00,锋范牌,捷达牌,364558000000000000 ,364547000000000000 ,197401,196909,19,6,3,周末,晚高峰(17-19点),2015-03-15,2015年3月15日,阴 /阴,18℃ / 13℃,东风 ≤3级 /南风 ≤3级,阴,阴,18,13,东风,≤3级,南风,≤3级,day
2015-03-16 07:20:00,大坝,8、依法应负全责的其他情形,负全部责任,不负责任,1,贵A440D2,白,1,贵A8633C,黑,自培,自培,2004/5/11 0:00,2002/7/26 0:00,江淮牌,东风日产牌,366368000000000000 ,364558000000000000 ,198408,197310,7,0,3,工作日,早高峰(7-9点),2015-03-16,2015年3月16日,阴 /多云,20℃ / 15℃,南风 ≤3级 /南风 ≤3级,阴,多云,20,15,南风,≤3级,南风,≤3级,day
2015-03-16 02:00:00,小河,8、依法应负全责的其他情形,负全部责任,不负责任,1,贵A7352M,白色,1,贵A3545N,白色,自培,自培,2001/9/28 0:00,2003/7/16 0:00,大众汽车牌,桑塔纳牌,366367000000000000 ,354662000000000000 ,197202,196808,2,0,3,工作日,非高峰,2015-03-16,2015年3月16日,阴 /多云,20℃ / 15℃,南风 ≤3级 /南风 ≤3级,阴,多云,20,15,南风,≤3级,南风,≤3级,night
2015-03-16 08:30:00,西二环,8、依法应负全责的其他情形,负全部责任,不负责任,1,贵A71W79,白,1,川EU6513,黑,顺一驾驶培训学校,贵大佳德驾驶培训学校,2011/10/19 0:00,2015/1/30 0:00,别克牌,猎豹牌 ,366064000000000000 ,354367000000000000 ,198106,197106,8,0,3,工作日,早高峰(7-9点),2015-03-16,2015年3月16日,阴 /多云,20℃ / 15℃,南风 ≤3级 /南风 ≤3级,阴,多云,20,15,南风,≤3级,南风,≤3级,day
2015-03-16 08:30:00,大营坡,8、依法应负全责的其他情形,负全部责任,不负责任,1,贵ARZ647,银,1,贵A26M31,白,（南明区）铁二局驾驶培训有限公司,长运驾校,2006/1/24 0:00,2004/5/31 0:00,长安牌,别克牌,366361000000000000 ,364548000000000000 ,196606,196809,8,0,3,工作日,早高峰(7-9点),2015-03-16,2015年3月16日,阴 /多云,20℃ / 15℃,南风 ≤3级 /南风 ≤3级,阴,多云,20,15,南风,≤3级,南风,≤3级,day
2015-03-15 22:10:00,花溪,8、依法应负全责的其他情形,负全部责任,不负责任,1,贵AW0459,银,1,贵AMV228,银,（观山湖区）诚信驾驶培训有限公司,-1,2006/7/6 0:00,-1,豪爵牌,北京现代牌,36687451284352547X,354768000000000000 ,196705,197301,22,6,3,周末,非高峰,2015-03-15,2015年3月15日,阴 /阴,18℃ / 13℃,东风 ≤3级 /南风 ≤3级,阴,阴,18,13,东风,≤3级,南风,≤3级,night
2015-03-16 09:00:00,北京路,1、追尾的,负全部责任,不负责任,1,贵APE778,黑色,1,贵A89N58,白色,-1,520101,-1,2008/12/1 0:00,比亚迪牌,名爵牌,366662000000000000 ,364548000000000000 ,197511,198603,9,0,3,工作日,早高峰(7-9点),2015-03-16,2015年3月16日,阴 /多云,20℃ / 15℃,南风 ≤3级 /南风 ≤3级,阴,多云,20,15,南风,≤3级,南风,≤3级,day
2015-03-16 09:20:00,后坝,8、依法应负全责的其他情形,负全部责任,不负责任,1,贵AL6659,白,1,贵AH8139,黑,-1,自培,-1,1994/9/12 0:00,万虎牌,南益牌,36686751845540755X,36454751244754768X,197011,196003,9,0,3,工作日,早高峰(7-9点),2015-03-16,2015年3月16日,阴 /多云,20℃ / 15℃,南风 ≤3级 /南风 ≤3级,阴,多云,20,15,南风,≤3级,南风,≤3级,day
2015-03-16 08:30:00,花二道,1、追尾的,负全部责任,不负责任,1,贵AKL481,白色,1,贵D86399,白色,-1,顺一驾驶培训学校,-1,2014/12/5 0:00,梅赛德斯-奔驰,东风标致牌,364547000000000000 ,366664000000000000 ,195612,198608,8,0,3,工作日,早高峰(7-9点),2015-03-16,2015年3月16日,阴 /多云,20℃ / 15℃,南风 ≤3级 /南风 ≤3级,阴,多云,20,15,南风,≤3级,南风,≤3级,day
2015-03-16 08:35:00,贵惠大道,7、未按规定让行的 ,负全部责任,不负责任,1,贵J03511,黑色,1,贵A19X36,白色,-1,-1,-1,-1,福田牌,雪佛兰牌,366862000000000000 ,36455051144548406X,195203,199001,8,0,3,工作日,早高峰(7-9点),2015-03-16,2015年3月16日,阴 /多云,20℃ / 15℃,南风 ≤3级 /南风 ≤3级,阴,多云,20,15,南风,≤3级,南风,≤3级,day
2015-03-16 09:31:00,世纪城,1、追尾的,负全部责任,不负责任,1,贵GL8745,白,1,贵FQ2735,白,-1,520127,-1,2009/11/2 0:00,北斗星牌,雪佛兰牌,364646000000000000 ,366067000000000000 ,198109,198704,9,0,3,工作日,早高峰(7-9点),2015-03-16,2015年3月16日,阴 /多云,20℃ / 15℃,南风 ≤3级 /南风 ≤3级,阴,多云,20,15,南风,≤3级,南风,≤3级,day
2015-03-16 08:50:00,野鸭塘,7、未按规定让行的 ,负全部责任,不负责任,1,贵AU4809,绿,1,贵JDD243,绿,（南明区）吉源驾驶培训有限公司,（乌当区）新天驾驶培训有限公司,2005/2/3 0:00,2015/1/20 0:00,东本牌,大众汽车牌,366361000000000000 ,366068000000000000 ,197712,199005,8,0,3,工作日,早高峰(7-9点),2015-03-16,2015年3月16日,阴 /多云,20℃ / 15℃,南风 ≤3级 /南风 ≤3级,阴,多云,20,15,南风,≤3级,南风,≤3级,day
2015-03-16 09:50:00,航天大道,8、依法应负全责的其他情形,负全部责任,不负责任,1,贵A922A6,黄,0,贵A5638C,红,自培,-1,2009/5/18 0:00,-1,豪曼牌,众泰牌,355461000000000000 ,366046000000000000 ,198612,198704,9,0,3,工作日,早高峰(7-9点),2015-03-16,2015年3月16日,阴 /多云,20℃ / 15℃,南风 ≤3级 /南风 ≤3级,阴,多云,20,15,南风,≤3级,南风,≤3级,day
2015-03-16 08:40:00,小河转盘,1、追尾的,负全部责任,不负责任,1,贵GY3472,白色,1,贵AMP731,白色,贵大驾校,贵州现代驾驶培训责任有限公司,2015/1/21 0:00,2005/2/21 0:00,东风标致牌,长安牌,655661000000000000 ,366575000000000000 ,198104,197303,8,0,3,工作日,早高峰(7-9点),2015-03-16,2015年3月16日,阴 /多云,20℃ / 15℃,南风 ≤3级 /南风 ≤3级,阴,多云,20,15,南风,≤3级,南风,≤3级,day
2015-03-16 09:10:00,乌当,9、不符合前8款规定或者双方同时具有上述情形的,负同等责任,负同等责任,1,贵AU7914,黄,1,贵A56L54,白,-1,毕节地区黔中汽车(摩托车)驾驶培训学校,-1,2014/12/30 0:00,海格牌,福克斯牌,366346000000000000 ,364557000000000000 ,197209,198504,9,0,3,工作日,早高峰(7-9点),2015-03-16,2015年3月16日,阴 /多云,20℃ / 15℃,南风 ≤3级 /南风 ≤3级,阴,多云,20,15,南风,≤3级,南风,≤3级,day
2015-03-16 08:00:00,花溪,7、未按规定让行的 ,负全部责任,不负责任,1,贵A3745F,白色,1,贵A92433,白色,自培,公安干院驾校,2003/6/12 0:00,2006/7/19 0:00,雪佛兰牌,五征牌,364556000000000000 ,364547000000000000 ,197805,198410,8,0,3,工作日,早高峰(7-9点),2015-03-16,2015年3月16日,阴 /多云,20℃ / 15℃,南风 ≤3级 /南风 ≤3级,阴,多云,20,15,南风,≤3级,南风,≤3级,day
2015-03-16 08:00:00,贵安大道,7、未按规定让行的 ,负全部责任,不负责任,1,贵A65K99,白色,1,辽G11228,白色,自培,-1,2004/3/18 0:00,-1,东风标致牌,长安,36455551974166447X,654861000000000000 ,198309,198311,8,0,3,工作日,早高峰(7-9点),2015-03-16,2015年3月16日,阴 /多云,20℃ / 15℃,南风 ≤3级 /南风 ≤3级,阴,多云,20,15,南风,≤3级,南风,≤3级,day
2015-03-16 09:10:00,化工路,1、追尾的,负全部责任,不负责任,1,贵AU6242,绿,1,贵JL8318,黑,自培,十一驾驶培训有限公司,2004/5/10 0:00,2012/8/30 0:00,双枪牌,五菱牌,36454751385468761X,356164000000000000 ,195710,197912,9,0,3,工作日,早高峰(7-9点),2015-03-16,2015年3月16日,阴 /多云,20℃ / 15℃,南风 ≤3级 /南风 ≤3级,阴,多云,20,15,南风,≤3级,南风,≤3级,day
2015-03-16 08:30:00,观山东路,1、追尾的,负全部责任,不负责任,0,贵ANG313,黑,1,贵BT3508,蓝,自培,天行健驾校,2003/10/28 0:00,2014/10/23 0:00,宝马,华泰圣达菲牌,366863000000000000 ,366070000000000000 ,197808,198502,8,0,3,工作日,早高峰(7-9点),2015-03-16,2015年3月16日,阴 /多云,20℃ / 15℃,南风 ≤3级 /南风 ≤3级,阴,多云,20,15,南风,≤3级,南风,≤3级,day
2015-03-16 07:45:00,长岭南路,7、未按规定让行的 ,负全部责任,不负责任,1,贵A66K27,白,1,贵ALZ879,白,省交校,十一培,2011/12/9 0:00,1993/11/4 0:00,雪佛兰牌,朗逸牌,364548000000000000 ,36454651204763025X,197804,196403,7,0,3,工作日,早高峰(7-9点),2015-03-16,2015年3月16日,阴 /多云,20℃ / 15℃,南风 ≤3级 /南风 ≤3级,阴,多云,20,15,南风,≤3级,南风,≤3级,day
2015-03-16 09:06:00,山水黔城,7、未按规定让行的 ,负全部责任,不负责任,1,贵AB2929,黑色,1,贵AEC914,白色,无,十一培,2001/5/15 0:00,1999/10/13 0:00,万虎牌,宝马牌,356362000000000000 ,364547000000000000 ,196407,196306,9,0,3,工作日,早高峰(7-9点),2015-03-16,2015年3月16日,阴 /多云,20℃ / 15℃,南风 ≤3级 /南风 ≤3级,阴,多云,20,15,南风,≤3级,南风,≤3级,day
2015-03-16 09:10:00,北京西路,7、未按规定让行的 ,负全部责任,不负责任,1,贵AU6523,绿,1,贵AU7661,蓝,（南明区）阳光驾驶培训有限公司,十一培,2006/8/3 0:00,1996/5/23 0:00,宇通牌,金龙牌,366068000000000000 ,366368000000000000 ,198105,197004,9,0,3,工作日,早高峰(7-9点),2015-03-16,2015年3月16日,阴 /多云,20℃ / 15℃,南风 ≤3级 /南风 ≤3级,阴,多云,20,15,南风,≤3级,南风,≤3级,day
2015-03-16 07:56:00,贵惠大道,7、未按规定让行的 ,负全部责任,不负责任,1,贵A0082R,白色,1,贵AHM378,白色,顺一驾驶培训学校,自培,2012/8/14 0:00,2004/4/23 0:00,长城牌,别克牌,366246000000000000 ,366364000000000000 ,198411,195512,7,0,3,工作日,早高峰(7-9点),2015-03-16,2015年3月16日,阴 /多云,20℃ / 15℃,南风 ≤3级 /南风 ≤3级,阴,多云,20,15,南风,≤3级,南风,≤3级,day
2015-03-16 05:00:00,云环路,1、追尾的,负全部责任,不负责任,1,贵A574C3,白,1,贵A8652P,银,自培,自培,2009/9/29 0:00,2001/1/19 0:00,凯马牌,夏利牌,366068000000000000 ,364556000000000000 ,197707,197312,5,0,3,工作日,非高峰,2015-03-16,2015年3月16日,阴 /多云,20℃ / 15℃,南风 ≤3级 /南风 ≤3级,阴,多云,20,15,南风,≤3级,南风,≤3级,night
2015-03-16 09:25:00,贵惠大道,1、追尾的,负全部责任,不负责任,1,贵JLU359,黑色,1,贵APE028,白色,惠水县金都汽车驾驶培训有限公司,自培,2013/6/26 0:00,2004/4/23 0:00,钱江牌,长城牌,366876000000000000 ,366363000000000000 ,199408,197808,9,0,3,工作日,早高峰(7-9点),2015-03-16,2015年3月16日,阴 /多云,20℃ / 15℃,南风 ≤3级 /南风 ≤3级,阴,多云,20,15,南风,≤3级,南风,≤3级,day
2015-03-16 09:00:00,绿洲湾,8、依法应负全责的其他情形,负全部责任,不负责任,1,贵A62S88,银,1,贵A7707S,银,自培,-1,2012/5/31 0:00,-1,宝马牌,斯柯达牌,364568000000000000 ,36456551164850618X,198904,199207,9,0,3,工作日,早高峰(7-9点),2015-03-16,2015年3月16日,阴 /多云,20℃ / 15℃,南风 ≤3级 /南风 ≤3级,阴,多云,20,15,南风,≤3级,南风,≤3级,day
2015-03-16 11:00:00,望城坡,1、追尾的,负全部责任,不负责任,1,贵ARK801,白色,1,贵ARN371,白色,-1,-1,-1,-1,东风标致牌,凌派牌,364544000000 ,364545000000 ,965739,713893,11,0,3,工作日,非高峰,2015-03-16,2015年3月16日,阴 /多云,20℃ / 15℃,南风 ≤3级 /南风 ≤3级,阴,多云,20,15,南风,≤3级,南风,≤3级,day
2015-03-16 12:00:00,花果园,3、倒车的,负全部责任,不负责任,1,贵A21921,白色,1,贵A24W78,白色,-1,铁二局驾校,-1,2012/9/3 0:00,梅赛德斯-奔驰E260,东风日产牌,36606700000000000 ,366347000000000000 ,197112,198412,12,0,3,工作日,非高峰,2015-03-16,2015年3月16日,阴 /多云,20℃ / 15℃,南风 ≤3级 /南风 ≤3级,阴,多云,20,15,南风,≤3级,南风,≤3级,day
2015-03-16 12:30:00,沙冲路口,7、未按规定让行的 ,负全部责任,不负责任,1,贵AV8608,白色,1,贵AU7807,白色,-1,-1,-1,-1,东风雪铁龙牌,恒通客车牌,36636651804366305X,356166000000000000 ,197405,197005,12,0,3,工作日,非高峰,2015-03-16,2015年3月16日,阴 /多云,20℃ / 15℃,南风 ≤3级 /南风 ≤3级,阴,多云,20,15,南风,≤3级,南风,≤3级,day
2015-03-16 13:00:00,东二环,7、未按规定让行的 ,负全部责任,不负责任,1,贵JBU5851,白色,1,贵AF8389,白色,-1,-1,-1,-1,-1,钱江牌,36666351824150385X,705697000000000000 ,197609,198208,13,0,3,工作日,非高峰,2015-03-16,2015年3月16日,阴 /多云,20℃ / 15℃,南风 ≤3级 /南风 ≤3级,阴,多云,20,15,南风,≤3级,南风,≤3级,day
2015-03-16 13:00:00,艺校,1、追尾的,负全部责任,不负责任,1,贵AW6268,白,1,贵GF8314,白,-1,消防驾校,-1,2012/10/10 0:00,长安牌,福克斯牌,354367000000000000 ,355667000000000000 ,197008,198009,13,0,3,工作日,非高峰,2015-03-16,2015年3月16日,阴 /多云,20℃ / 15℃,南风 ≤3级 /南风 ≤3级,阴,多云,20,15,南风,≤3级,南风,≤3级,day
2015-03-16 10:05:00,乌当,7、未按规定让行的 ,负全部责任,不负责任,0,贵ACG048,白,1,贵AB610C,红,（观山湖区）诚信驾驶培训有限公司,顺一驾驶培训学校,2006/7/6 0:00,2010/12/13 0:00,大切诺基,长城牌,366663000000000000 ,364557000000000000 ,197406,198808,10,0,3,工作日,非高峰,2015-03-16,2015年3月16日,阴 /多云,20℃ / 15℃,南风 ≤3级 /南风 ≤3级,阴,多云,20,15,南风,≤3级,南风,≤3级,day
2015-03-16 11:30:00,沙冲路,8、依法应负全责的其他情形,负全部责任,不负责任,1,贵A39204,白色,1,贵AU5521,灰色,-1,（乌当区）新天驾驶培训有限公司,-1,2007/5/21 0:00,富康,宗申牌,36454800000000000 ,364568000000000000 ,194809,198804,11,0,3,工作日,非高峰,2015-03-16,2015年3月16日,阴 /多云,20℃ / 15℃,南风 ≤3级 /南风 ≤3级,阴,多云,20,15,南风,≤3级,南风,≤3级,day
2015-03-16 11:30:00,冒沙井,7、未按规定让行的 ,负全部责任,不负责任,1,贵AA8431,银,1,贵AB526C,黑,消防驾校,吉源驾校（南明区）,2014/4/18 0:00,2014/5/20 0:00,长安,长城牌,366346000000000000 ,366662000000000000 ,198102,197701,11,0,3,工作日,非高峰,2015-03-16,2015年3月16日,阴 /多云,20℃ / 15℃,南风 ≤3级 /南风 ≤3级,阴,多云,20,15,南风,≤3级,南风,≤3级,day
2015-03-16 12:28:00,贵龙大道,7、未按规定让行的 ,负全部责任,不负责任,1,渝B72192,白色,1,贵A68M54,白色,-1,520114,-1,2008/12/30 0:00,无,别克牌,366075000000 ,364556000000000000 ,101399,198408,12,0,3,工作日,非高峰,2015-03-16,2015年3月16日,阴 /多云,20℃ / 15℃,南风 ≤3级 /南风 ≤3级,阴,多云,20,15,南风,≤3级,南风,≤3级,day
2015-03-16 13:35:00,陕西路,4、停车时未挂低速档、未拉驻车制动，导致车辆滑行的,负全部责任,不负责任,1,贵A7BH66,银,1,贵A78M46,红,省交校,-1,2011/9/9 0:00,-1,大众汽车牌,长安牌,364548000000000000 ,366061000000000000 ,199109,198712,13,0,3,工作日,非高峰,2015-03-16,2015年3月16日,阴 /多云,20℃ / 15℃,南风 ≤3级 /南风 ≤3级,阴,多云,20,15,南风,≤3级,南风,≤3级,day
2015-03-16 16:42:00,燕子岩大桥,7、未按规定让行的 ,负全部责任,不负责任,1,贵A185C4,黑,1,贵A2145L,黑,遵义市驰龙封闭式汽车驾驶培训有限公司,景宏驾校,-1,2014/3/11 0:00,川路,奥迪牌,366566000000000000 ,364557000000000000 ,199308,199302,16,0,3,工作日,非高峰,2015-03-16,2015年3月16日,阴 /多云,20℃ / 15℃,南风 ≤3级 /南风 ≤3级,阴,多云,20,15,南风,≤3级,南风,≤3级,day
2015-03-16 10:00:00,白云区,8、依法应负全责的其他情形,负全部责任,不负责任,1,贵A1017K,银,1,贵A4162N,黑,自培,-1,2009/4/8 0:00,-1,长安牌,吉利美日牌,366061000000000000 ,64166500000000000 ,198811,198912,10,0,3,工作日,非高峰,2015-03-16,2015年3月16日,阴 /多云,20℃ / 15℃,南风 ≤3级 /南风 ≤3级,阴,多云,20,15,南风,≤3级,南风,≤3级,day
2015-03-16 12:00:00,花溪,3、倒车的,负全部责任,不负责任,1,贵JDD999,白色,1,贵AA571W,灰色,自培,鑫鑫驾校,2001/6/26 0:00,2014/11/3 0:00,丰田牌,夏利牌,36606051204941603X,366369000000000000 ,196408,197610,12,0,3,工作日,非高峰,2015-03-16,2015年3月16日,阴 /多云,20℃ / 15℃,南风 ≤3级 /南风 ≤3级,阴,多云,20,15,南风,≤3级,南风,≤3级,day
2015-03-16 10:30:00,白云,7、未按规定让行的 ,负全部责任,不负责任,1,贵CC4091,黄,1,贵A53Z89,黑,自培,-1,2008/2/2 0:00,-1,长城牌,风神牌,366566000000000000 ,366064000000000000 ,197806,198212,10,0,3,工作日,非高峰,2015-03-16,2015年3月16日,阴 /多云,20℃ / 15℃,南风 ≤3级 /南风 ≤3级,阴,多云,20,15,南风,≤3级,南风,≤3级,day
2015-03-16 11:10:00,花果园,7、未按规定让行的 ,负全部责任,不负责任,1,贵O424709,蓝,1,贵A71V69,白,-1,十一培,-1,1995/9/6 0:00,-1,宝马,366347000000000000 ,366367000000000000 ,197806,196812,11,0,3,工作日,非高峰,2015-03-16,2015年3月16日,阴 /多云,20℃ / 15℃,南风 ≤3级 /南风 ≤3级,阴,多云,20,15,南风,≤3级,南风,≤3级,day