accidenttime,accidentaddr,driver1fault,driver1responsibility,driver2responsibility,sex1,platenumber1,carcolor1,sex2,platenumber2,carcolor2,jxmc1,jxmc2,cclzrq1,cclzrq2,clpp1,clpp2,driver1license,driver2license,brith1,brith2,hour,weekday,month,is_weekday,peak_hour,date,日期,天气状况,气温,风力风向,day_wea,night_wea,day_tep,night_tep,day_wind_direction,day_wind_speed,night_wind_direction,night_wind_speed,segment
2015-03-16 18:20:00,下坝,1、追尾的,负全部责任,不负责任,1,贵ARL821,白,1,贵AH9862,银,路路达驾校,十一培,2013/7/8 0:00,1983/1/24 0:00,长城牌,五菱,734596000000000000 ,364548000000000000 ,199412,196208,18,0,3,工作日,晚高峰(17-19点),2015-03-16,2015年3月16日,阴 /多云,20℃ / 15℃,南风 ≤3级 /南风 ≤3级,阴,多云,20,15,南风,≤3级,南风,≤3级,day
2015-03-16 11:30:00,五里冲,7、未按规定让行的 ,负全部责任,不负责任,1,川ER6M92,白色,1,贵AU5106,白色,自培,十一培,2009/4/29 0:00,1990/2/27 0:00,北京现代牌,捷达牌,354348000000000000 ,364547000000000000 ,197706,196805,11,0,3,工作日,非高峰,2015-03-16,2015年3月16日,阴 /多云,20℃ / 15℃,南风 ≤3级 /南风 ≤3级,阴,多云,20,15,南风,≤3级,南风,≤3级,day
2015-03-16 11:00:00,云潭南路,7、未按规定让行的 ,负全部责任,不负责任,1,贵ARZ679,黑,1,贵AT5850,白,自培,十一培,2012/1/11 0:00,1992/10/9 0:00,哈弗牌,金龙牌,364557000000000000 ,364547000000000000 ,196704,196701,11,0,3,工作日,非高峰,2015-03-16,2015年3月16日,阴 /多云,20℃ / 15℃,南风 ≤3级 /南风 ≤3级,阴,多云,20,15,南风,≤3级,南风,≤3级,day
2015-03-16 16:00:00,大十字,7、未按规定让行的 ,负全部责任,不负责任,1,贵AJ1279,红,1,贵AU1398,白,自培,520103,2004/5/11 0:00,2010/1/20 0:00,中华牌,丰田牌,366862000000000000 ,366046000000000000 ,198309,198104,16,0,3,工作日,非高峰,2015-03-16,2015年3月16日,阴 /多云,20℃ / 15℃,南风 ≤3级 /南风 ≤3级,阴,多云,20,15,南风,≤3级,南风,≤3级,day
2015-03-16 15:00:00,中华南路,7、未按规定让行的 ,负全部责任,不负责任,1,贵AU5544,白色,1,贵ANX799,白色,（花溪区）高新十七驾驶培训有限公司,-1,2004/12/30 0:00,-1,东方牌,帕萨特牌,364547000000000000 ,366067000000000000 ,196703,197010,15,0,3,工作日,非高峰,2015-03-16,2015年3月16日,阴 /多云,20℃ / 15℃,南风 ≤3级 /南风 ≤3级,阴,多云,20,15,南风,≤3级,南风,≤3级,day
2015-03-16 18:03:00,小巢,7、未按规定让行的 ,负全部责任,不负责任,1,贵A2449J,银,1,贵FP0210,银,-1,-1,-1,-1,福田牌,长安牌,575545000000 ,366055000000 ,519753,108785,18,0,3,工作日,晚高峰(17-19点),2015-03-16,2015年3月16日,阴 /多云,20℃ / 15℃,南风 ≤3级 /南风 ≤3级,阴,多云,20,15,南风,≤3级,南风,≤3级,day
2015-03-16 17:30:00,中坝,7、未按规定让行的 ,负同等责任,负同等责任,1,贵F76659,白,1,贵F2972N,黑,-1,景宏驾校,-1,2011/12/30 0:00,猎豹,-1,366067000000000000 ,364558000000000000 ,198112,197103,17,0,3,工作日,晚高峰(17-19点),2015-03-16,2015年3月16日,阴 /多云,20℃ / 15℃,南风 ≤3级 /南风 ≤3级,阴,多云,20,15,南风,≤3级,南风,≤3级,day
2015-03-16 17:40:00,下坝隧道,1、追尾的,负全部责任,不负责任,1,贵CK6342,白色,1,贵H6874A,黑色,-1,-1,-1,-1,吉利美日牌,-1,374744000000 ,364545000000 ,536126,140364,17,0,3,工作日,晚高峰(17-19点),2015-03-16,2015年3月16日,阴 /多云,20℃ / 15℃,南风 ≤3级 /南风 ≤3级,阴,多云,20,15,南风,≤3级,南风,≤3级,day
2015-03-16 18:30:00,嘉润路,8、依法应负全责的其他情形,负全部责任,不负责任,1,贵A82C16,白色,1,贵HHZ885,白色,-1,520130,-1,2009/11/25 0:00,吉利美日牌,-1,364548000000000000 ,366862000000000000 ,198805,197302,18,0,3,工作日,晚高峰(17-19点),2015-03-16,2015年3月16日,阴 /多云,20℃ / 15℃,南风 ≤3级 /南风 ≤3级,阴,多云,20,15,南风,≤3级,南风,≤3级,day
2015-03-16 17:30:00,金华镇,3、倒车的,负全部责任,不负责任,1,渝C92J18,白,1,贵A4246N,白,凯信驾校,-1,2014/8/4 0:00,-1,东风日产牌,五菱牌,364548000000000000 ,366876000000000000 ,199011,198610,17,0,3,工作日,晚高峰(17-19点),2015-03-16,2015年3月16日,阴 /多云,20℃ / 15℃,南风 ≤3级 /南风 ≤3级,阴,多云,20,15,南风,≤3级,南风,≤3级,day
2015-03-16 18:00:00,中华中路,7、未按规定让行的 ,负全部责任,不负责任,1,贵JDD213,红,0,贵AT5348,绿,无,贵阳学院汽车驾驶培训,2009/4/9 0:00,1975/3/18 0:00,长安牌,豪爵牌,366347000000000000 ,364548000000000000 ,197404,195601,18,0,3,工作日,晚高峰(17-19点),2015-03-16,2015年3月16日,阴 /多云,20℃ / 15℃,南风 ≤3级 /南风 ≤3级,阴,多云,20,15,南风,≤3级,南风,≤3级,day
2015-03-16 18:00:00,观山东路,7、未按规定让行的 ,负全部责任,不负责任,1,贵A96156,黄,1,贵AV3174,银,吉源驾校（南明区）,贵大佳德驾驶培训学校,2005/12/19 0:00,2010/11/11 0:00,陕汽牌,钱江牌,364557000000000000 ,366067000000000000 ,198404,198907,18,0,3,工作日,晚高峰(17-19点),2015-03-16,2015年3月16日,阴 /多云,20℃ / 15℃,南风 ≤3级 /南风 ≤3级,阴,多云,20,15,南风,≤3级,南风,≤3级,day
2015-03-16 15:50:00,北京西路,1、追尾的,负全部责任,不负责任,1,贵AU8122,黑,1,贵A79J96,黑,自培,-1,2006/9/20 0:00,-1,雅马哈牌,梅赛德斯-奔驰牌,355467000000000000 ,366843000000 ,197508,64114,15,0,3,工作日,非高峰,2015-03-16,2015年3月16日,阴 /多云,20℃ / 15℃,南风 ≤3级 /南风 ≤3级,阴,多云,20,15,南风,≤3级,南风,≤3级,day
2015-03-16 13:21:00,金阳,1、追尾的,负全部责任,不负责任,1,贵AEZ834,黑,1,贵A516F5,银,自培,-1,2007/1/18 0:00,-1,中华牌,田野牌,364567000000000000 ,704968000000000000 ,198710,198008,13,0,3,工作日,非高峰,2015-03-16,2015年3月16日,阴 /多云,20℃ / 15℃,南风 ≤3级 /南风 ≤3级,阴,多云,20,15,南风,≤3级,南风,≤3级,day
2015-03-16 18:00:00,小十字,7、未按规定让行的 ,负全部责任,不负责任,1,贵A47W78,白,1,贵A3J567,白,自培,铁二局驾校,2001/11/19 0:00,2010/12/16 0:00,丰田牌,长安牌,364548000000000000 ,364548000000000000 ,198203,196203,18,0,3,工作日,晚高峰(17-19点),2015-03-16,2015年3月16日,阴 /多云,20℃ / 15℃,南风 ≤3级 /南风 ≤3级,阴,多云,20,15,南风,≤3级,南风,≤3级,day
2015-03-16 18:00:00,太慈桥,7、未按规定让行的 ,负全部责任,不负责任,1,贵A7226Z,黄,1,贵CD9700,蓝,自培,-1,2004/7/16 0:00,-1,长安牌,五菱牌,354696000000000000 ,366576000000000000 ,197305,197711,18,0,3,工作日,晚高峰(17-19点),2015-03-16,2015年3月16日,阴 /多云,20℃ / 15℃,南风 ≤3级 /南风 ≤3级,阴,多云,20,15,南风,≤3级,南风,≤3级,day
2015-03-16 13:30:00,和尚坡,8、依法应负全责的其他情形,负全部责任,不负责任,1,贵ATL118,蓝,1,贵GT8107,银,（观山湖区）诚信驾驶培训有限公司,十一培,2010/7/1 0:00,1998/5/8 0:00,朗风,东风雪铁龙牌,74660500000000000 ,364548000000000000 ,197902,197801,13,0,3,工作日,非高峰,2015-03-16,2015年3月16日,阴 /多云,20℃ / 15℃,南风 ≤3级 /南风 ≤3级,阴,多云,20,15,南风,≤3级,南风,≤3级,day
2015-03-16 15:30:00,乌当,3、倒车的,负全部责任,不负责任,1,贵A71857,黑,1,贵A0BE50,黑,长运驾校,十一培,2014/1/18 0:00,1996/11/19 0:00,柳特神力,谛艾仕牌,364556000000000000 ,364557000000000000 ,199107,197612,15,0,3,工作日,非高峰,2015-03-16,2015年3月16日,阴 /多云,20℃ / 15℃,南风 ≤3级 /南风 ≤3级,阴,多云,20,15,南风,≤3级,南风,≤3级,day
2015-03-16 18:00:00,沙冲路,7、未按规定让行的 ,负全部责任,不负责任,1,贵ASY644,红,1,贵AVE874,银,（南明区）长运驾驶培训有限公司,十一培,2011/4/18 0:00,1997/6/3 0:00,丰田牌,大众汽车牌,36656351884269696X,364548000000000000 ,197706,196107,18,0,3,工作日,晚高峰(17-19点),2015-03-16,2015年3月16日,阴 /多云,20℃ / 15℃,南风 ≤3级 /南风 ≤3级,阴,多云,20,15,南风,≤3级,南风,≤3级,day
2015-03-16 16:20:00,八匹马,7、未按规定让行的 ,负全部责任,不负责任,1,贵EF1916,黑,1,贵A96003,黑,自培,十一培,2003/9/22 0:00,1994/6/13 0:00,奥迪牌,豪爵牌,366766000000000000 ,36454751294350725X,197208,196805,16,0,3,工作日,非高峰,2015-03-16,2015年3月16日,阴 /多云,20℃ / 15℃,南风 ≤3级 /南风 ≤3级,阴,多云,20,15,南风,≤3级,南风,≤3级,day
2015-03-16 16:00:00,贵惠路,4、停车时未挂低速档、未拉驻车制动，导致车辆滑行的,负全部责任,不负责任,1,贵A16N16,白色,1,贵A63A27,白色,520114,自培,2006/8/17 0:00,2004/10/29 0:00,大众牌,瑞麒牌,364548000000000000 ,366367000000000000 ,198405,198204,16,0,3,工作日,非高峰,2015-03-16,2015年3月16日,阴 /多云,20℃ / 15℃,南风 ≤3级 /南风 ≤3级,阴,多云,20,15,南风,≤3级,南风,≤3级,day
2015-03-16 14:17:00,田园路,3、倒车的,负全部责任,不负责任,1,贵A5712K,白色,1,贵A9754F,白色,自培,自培,2014/4/8 0:00,2003/3/27 0:00,东风标致牌,五菱牌,36455551995663727X,364556000000000000 ,198812,198310,14,0,3,工作日,非高峰,2015-03-16,2015年3月16日,阴 /多云,20℃ / 15℃,南风 ≤3级 /南风 ≤3级,阴,多云,20,15,南风,≤3级,南风,≤3级,day
2015-03-16 17:19:00,体育馆,7、未按规定让行的 ,负全部责任,不负责任,1,贵GV6089,黑,1,贵AU4711,蓝,-1,自培,-1,2003/4/18 0:00,-1,劲隆牌,364548000000000000 ,366367000000000000 ,197307,197111,17,0,3,工作日,晚高峰(17-19点),2015-03-16,2015年3月16日,阴 /多云,20℃ / 15℃,南风 ≤3级 /南风 ≤3级,阴,多云,20,15,南风,≤3级,南风,≤3级,day
2015-03-17 14:10:00,盐务街,1、追尾的,负全部责任,不负责任,1,贵AU8114,蓝,1,贵AU2811,绿,-1,自培,-1,2006/6/27 0:00,宝来牌,钱江牌,364557000000000000 ,366068000000000000 ,198110,197906,14,1,3,工作日,非高峰,2015-03-17,2015年3月17日,多云 /多云,25℃ / 14℃,南风 ≤3级 /南风 ≤3级,多云,多云,25,14,南风,≤3级,南风,≤3级,day
2015-03-16 18:40:00,小河平桥,1、追尾的,负全部责任,不负责任,1,贵ASM891,黑色,1,贵A257C3,白色,自培,520115,2005/9/14 0:00,2009/7/27 0:00,奥迪,解放牌,364551000000000000 ,364596000000000000 ,198608,199004,18,0,3,工作日,晚高峰(17-19点),2015-03-16,2015年3月16日,阴 /多云,20℃ / 15℃,南风 ≤3级 /南风 ≤3级,阴,多云,20,15,南风,≤3级,南风,≤3级,day
2015-03-16 19:30:00,小河珠江路,7、未按规定让行的 ,负全部责任,不负责任,1,贵HBK345,白色,1,贵A68H63,白色,-1,贵州现代驾驶培训责任有限公司,-1,2013/7/12 0:00,金杯牌,福特牌,3666510000000000 ,357071000000000000 ,199010,198110,19,0,3,工作日,晚高峰(17-19点),2015-03-16,2015年3月16日,阴 /多云,20℃ / 15℃,南风 ≤3级 /南风 ≤3级,阴,多云,20,15,南风,≤3级,南风,≤3级,day
2015-03-16 20:43:00,三桥,7、未按规定让行的 ,负全部责任,不负责任,1,贵AS6825,黄,1,贵GV5764,红,-1,自培,-1,2011/3/21 0:00,双狮牌,别克牌,366077000000000000 ,364556000000000000 ,197110,198912,20,0,3,工作日,非高峰,2015-03-16,2015年3月16日,阴 /多云,20℃ / 15℃,南风 ≤3级 /南风 ≤3级,阴,多云,20,15,南风,≤3级,南风,≤3级,night
2015-03-17 06:05:00,石板物流园,7、未按规定让行的 ,负全部责任,不负责任,1,川E7A195,白色,1,贵F68973,白色,-1,毕节地区驾校,-1,-1,大众汽车牌,嘉陵牌,354698000000000000 ,366046000000000000 ,197806,198504,6,1,3,工作日,非高峰,2015-03-17,2015年3月17日,多云 /多云,25℃ / 14℃,南风 ≤3级 /南风 ≤3级,多云,多云,25,14,南风,≤3级,南风,≤3级,day
2015-03-17 07:30:00,开磷集团,1、追尾的,负全部责任,不负责任,1,贵A45733,黑,1,渝A44Z64,黑,（南明区）金大驾驶培训有限公司,-1,2006/3/21 0:00,-1,朗逸牌,东风日产牌,366367000000000000 ,366542000000000000 ,198605,198907,7,1,3,工作日,早高峰(7-9点),2015-03-17,2015年3月17日,多云 /多云,25℃ / 14℃,南风 ≤3级 /南风 ≤3级,多云,多云,25,14,南风,≤3级,南风,≤3级,day
2015-03-16 19:20:00,北京西路,1、追尾的,负全部责任,不负责任,0,贵GM6973,银,1,贵AU1646,绿,省交校,（乌当区）全林驾驶培训有限公司,2010/3/16 0:00,2002/9/26 0:00,东风标致,东毅牌,366370000000000000 ,366068000000000000 ,198910,198405,19,0,3,工作日,晚高峰(17-19点),2015-03-16,2015年3月16日,阴 /多云,20℃ / 15℃,南风 ≤3级 /南风 ≤3级,阴,多云,20,15,南风,≤3级,南风,≤3级,day
2015-03-17 09:00:00,中坝,7、未按规定让行的 ,负全部责任,不负责任,1,贵A54P71,银,1,贵APS517,红,-1,-1,-1,-1,雷克萨斯,长安牌,7434750000000000 ,366566000000000000 ,196042,197606,9,1,3,工作日,早高峰(7-9点),2015-03-17,2015年3月17日,多云 /多云,25℃ / 14℃,南风 ≤3级 /南风 ≤3级,多云,多云,25,14,南风,≤3级,南风,≤3级,day
2015-03-17 09:00:00,云潭路,1、追尾的,负全部责任,不负责任,1,贵A5BK03,白,1,贵A7AJ25,黑,520119,铁二局驾校,2008/1/17 0:00,2012/6/4 0:00,一汽佳星牌,哈弗牌,774266000000000000 ,66645500000000000 ,197912,196804,9,1,3,工作日,早高峰(7-9点),2015-03-17,2015年3月17日,多云 /多云,25℃ / 14℃,南风 ≤3级 /南风 ≤3级,多云,多云,25,14,南风,≤3级,南风,≤3级,day
2015-03-17 08:05:00,乌当,8、依法应负全责的其他情形,负全部责任,不负责任,1,贵AU3764,黄,1,贵JCG682,红,-1,文通驾校,-1,2010/3/24 0:00,豪爵牌,丰田牌,366568000000000000 ,366264000000000000 ,197801,198802,8,1,3,工作日,早高峰(7-9点),2015-03-17,2015年3月17日,多云 /多云,25℃ / 14℃,南风 ≤3级 /南风 ≤3级,多云,多云,25,14,南风,≤3级,南风,≤3级,day
2015-03-17 09:57:00,花溪大道,8、依法应负全责的其他情形,负全部责任,不负责任,1,贵A2868U,白色,1,贵A37L94,白色,-1,重庆市佳信道路交通安全服务有限责任公司,-1,2010/3/17 0:00,五菱牌,北京现代牌,36455600000000000 ,356668000000000000 ,198062,196603,9,1,3,工作日,早高峰(7-9点),2015-03-17,2015年3月17日,多云 /多云,25℃ / 14℃,南风 ≤3级 /南风 ≤3级,多云,多云,25,14,南风,≤3级,南风,≤3级,day
2015-03-17 08:00:00,山水黔城,8、依法应负全责的其他情形,负全部责任,不负责任,1,贵JDZ541,白色,1,贵JD9499,白色,铁二局驾校,-1,2015/2/3 0:00,-1,东风标致牌,北京现代牌,366246000000000000 ,366861000000000000 ,196811,198002,8,1,3,工作日,早高峰(7-9点),2015-03-17,2015年3月17日,多云 /多云,25℃ / 14℃,南风 ≤3级 /南风 ≤3级,多云,多云,25,14,南风,≤3级,南风,≤3级,day
2015-03-17 07:50:00,花溪,8、依法应负全责的其他情形,负全部责任,不负责任,1,贵GY7751,白色,1,贵A2415U,白色,贵大驾校,贵大驾校,2014/11/18 0:00,2013/1/30 0:00,福克斯牌,吉利牌,36634551985567706X,364556000000000000 ,198711,198910,7,1,3,工作日,早高峰(7-9点),2015-03-17,2015年3月17日,多云 /多云,25℃ / 14℃,南风 ≤3级 /南风 ≤3级,多云,多云,25,14,南风,≤3级,南风,≤3级,day
2015-03-17 09:10:00,紫林庵,7、未按规定让行的 ,负全部责任,不负责任,1,贵A7BB51,灰色,1,贵AU7809,白色,全林驾校,消防驾校,2014/10/27 0:00,2005/1/31 0:00,飞度牌,隆鑫牌,364547000000000000 ,366368000000000000 ,198806,197201,9,1,3,工作日,早高峰(7-9点),2015-03-17,2015年3月17日,多云 /多云,25℃ / 14℃,南风 ≤3级 /南风 ≤3级,多云,多云,25,14,南风,≤3级,南风,≤3级,day
2015-03-17 09:30:00,新发装饰城,7、未按规定让行的 ,负全部责任,不负责任,1,贵A66P44,白色,1,贵A495G6,白色,自培,全林驾校,2002/8/28 0:00,2012/5/17 0:00,牧马人四门款,东风牌,364558000000000000 ,364558000000000000 ,197710,198107,9,1,3,工作日,早高峰(7-9点),2015-03-17,2015年3月17日,多云 /多云,25℃ / 14℃,南风 ≤3级 /南风 ≤3级,多云,多云,25,14,南风,≤3级,南风,≤3级,day
2015-03-17 09:00:00,金阳南路,3、倒车的,负全部责任,不负责任,1,贵A4184B,黑,1,豫QLS897,黑,自培,-1,2012/8/28 0:00,-1,长城牌,明锐牌,364557000000000000 ,356967000000000000 ,197107,197203,9,1,3,工作日,早高峰(7-9点),2015-03-17,2015年3月17日,多云 /多云,25℃ / 14℃,南风 ≤3级 /南风 ≤3级,多云,多云,25,14,南风,≤3级,南风,≤3级,day
2015-03-17 09:30:00,观山湖红街,3、倒车的,负全部责任,不负责任,1,贵GX4200,白,1,贵A81R96,白,自培,-1,2006/8/2 0:00,-1,东风标致牌,日产牌,54646500000000000 ,364656000000000000 ,198806,197210,9,1,3,工作日,早高峰(7-9点),2015-03-17,2015年3月17日,多云 /多云,25℃ / 14℃,南风 ≤3级 /南风 ≤3级,多云,多云,25,14,南风,≤3级,南风,≤3级,day
2015-03-16 21:12:00,世纪金源,1、追尾的,负全部责任,不负责任,0,贵JH2667,黑,1,贵AC5995,黑,（乌当区）新华驾驶培训有限公司,十一培,2007/11/1 0:00,1998/3/13 0:00,丰田牌,思域牌,775447000000000000 ,364548000000000000 ,198701,197805,21,0,3,工作日,非高峰,2015-03-16,2015年3月16日,阴 /多云,20℃ / 15℃,南风 ≤3级 /南风 ≤3级,阴,多云,20,15,南风,≤3级,南风,≤3级,night
2015-03-16 21:30:00,半山碧苑,8、依法应负全责的其他情形,负全部责任,不负责任,1,贵AGX917,白,1,贵A97M99,黑,景宏驾校,十一培,2011/10/17 0:00,1990/8/10 0:00,江淮牌,丰田牌,366347000000000000 ,36454751204754525X,198410,196403,21,0,3,工作日,非高峰,2015-03-16,2015年3月16日,阴 /多云,20℃ / 15℃,南风 ≤3级 /南风 ≤3级,阴,多云,20,15,南风,≤3级,南风,≤3级,night
2015-03-16 18:37:00,后巢,1、追尾的,负全部责任,不负责任,1,贵AS0341,银,1,贵A7404F,银,自培,十一培,2006/6/23 0:00,1998/7/2 0:00,东宏牌,五菱牌,36455551964655035X,364547000000000000 ,198202,197812,18,0,3,工作日,晚高峰(17-19点),2015-03-16,2015年3月16日,阴 /多云,20℃ / 15℃,南风 ≤3级 /南风 ≤3级,阴,多云,20,15,南风,≤3级,南风,≤3级,day
2015-03-16 18:25:00,涴沙桥,7、未按规定让行的 ,负全部责任,不负责任,1,贵JBT566,银,1,贵A11S96,黑,贵州省长安驾驶培训学校,自培,2013/9/27 0:00,2005/1/25 0:00,北京牌,东风日产牌,364548000000000000 ,366369000000000000 ,198910,197105,18,0,3,工作日,晚高峰(17-19点),2015-03-16,2015年3月16日,阴 /多云,20℃ / 15℃,南风 ≤3级 /南风 ≤3级,阴,多云,20,15,南风,≤3级,南风,≤3级,day
2015-03-16 20:30:00,新添寨,1、追尾的,负全部责任,不负责任,1,贵A81V83,白,1,贵ALL031,红,自培,自培,2006/12/22 0:00,2004/7/29 0:00,SUBARUXV,思域牌,357475000000000000 ,366067000000000000 ,198202,198603,20,0,3,工作日,非高峰,2015-03-16,2015年3月16日,阴 /多云,20℃ / 15℃,南风 ≤3级 /南风 ≤3级,阴,多云,20,15,南风,≤3级,南风,≤3级,night
2015-03-16 21:30:00,中山南路,8、依法应负全责的其他情形,负全部责任,不负责任,0,贵AR7685,黑,1,贵A29G68,黑,自培,自培,2004/8/14 0:00,2004/5/14 0:00,别克牌,蒙迪欧牌,776266000000000000 ,364547000000000000 ,197101,196407,21,0,3,工作日,非高峰,2015-03-16,2015年3月16日,阴 /多云,20℃ / 15℃,南风 ≤3级 /南风 ≤3级,阴,多云,20,15,南风,≤3级,南风,≤3级,night
2015-03-17 06:58:00,百花大道,3、倒车的,负全部责任,不负责任,1,贵F5771S,蓝,1,贵AU3427,蓝,自培,自培,2003/8/19 0:00,2008/2/22 0:00,-1,奇瑞牌,366061000000000000 ,364567000000000000 ,198411,198807,6,1,3,工作日,非高峰,2015-03-17,2015年3月17日,多云 /多云,25℃ / 14℃,南风 ≤3级 /南风 ≤3级,多云,多云,25,14,南风,≤3级,南风,≤3级,day
2015-03-17 09:52:00,北京路,1、追尾的,负全部责任,不负责任,0,贵A9TM44,蓝,0,贵AX6872,红,长运驾校,-1,2012/7/13 0:00,-1,-1,隆鑫牌,366570000000000000 ,36760500000000000 ,198710,197004,9,1,3,工作日,早高峰(7-9点),2015-03-17,2015年3月17日,多云 /多云,25℃ / 14℃,南风 ≤3级 /南风 ≤3级,多云,多云,25,14,南风,≤3级,南风,≤3级,day
2015-03-17 08:50:00,中天花园,7、未按规定让行的 ,负全部责任,不负责任,1,贵AAG695,黑色,1,贵AU0844,白色,-1,520131,-1,2008/12/29 0:00,五菱牌,豪爵牌,366568000000000000 ,344668000000000000 ,197504,199006,8,1,3,工作日,早高峰(7-9点),2015-03-17,2015年3月17日,多云 /多云,25℃ / 14℃,南风 ≤3级 /南风 ≤3级,多云,多云,25,14,南风,≤3级,南风,≤3级,day
2015-03-17 11:30:00,花果园,1、追尾的,负全部责任,不负责任,0,贵AJ6791,红,1,贵A66Z13,白,-1,自培,-1,2009/3/19 0:00,高尔夫,起亚牌,354847000000000000 ,366577000000000000 ,196411,198107,11,1,3,工作日,非高峰,2015-03-17,2015年3月17日,多云 /多云,25℃ / 14℃,南风 ≤3级 /南风 ≤3级,多云,多云,25,14,南风,≤3级,南风,≤3级,day
2015-03-17 10:40:00,白云,7、未按规定让行的 ,负全部责任,不负责任,1,贵ALM175,银,1,贵A3810P,黑,自培,预约考试窗口,2002/9/27 0:00,2006/8/2 0:00,奇瑞牌,佳乐,364558000000000000 ,366368000000000000 ,195705,197105,10,1,3,工作日,非高峰,2015-03-17,2015年3月17日,多云 /多云,25℃ / 14℃,南风 ≤3级 /南风 ≤3级,多云,多云,25,14,南风,≤3级,南风,≤3级,day
2015-03-17 13:00:00,小河,8、依法应负全责的其他情形,负全部责任,不负责任,1,贵AR9618,白色,1,贵A91697,白色,十一驾校（经开区）,-1,2007/6/11 0:00,-1,新宝牌,江淮,366347000000000000 ,364551000000000000 ,198011,198703,13,1,3,工作日,非高峰,2015-03-17,2015年3月17日,多云 /多云,25℃ / 14℃,南风 ≤3级 /南风 ≤3级,多云,多云,25,14,南风,≤3级,南风,≤3级,day
2015-03-17 11:10:00,沙河街,7、未按规定让行的 ,负全部责任,不负责任,1,贵A98M91,银,1,贵A27G95,银,自培,六盘水市键麟驾驶培训学校,2001/9/11 0:00,2006/6/30 0:00,沃尔沃牌,长安牌,364558000000000000 ,366367000000000000 ,197011,197702,11,1,3,工作日,非高峰,2015-03-17,2015年3月17日,多云 /多云,25℃ / 14℃,南风 ≤3级 /南风 ≤3级,多云,多云,25,14,南风,≤3级,南风,≤3级,day
2015-03-17 12:30:00,贵乌路,8、依法应负全责的其他情形,负全部责任,不负责任,1,贵A95B75,银,1,贵AEW437,黑,全林驾校,（观山湖区）诚信驾驶培训有限公司,2011/6/29 0:00,1985/3/26 0:00,一汽佳星牌,长城牌,364557000000000000 ,364548000000000000 ,199006,196011,12,1,3,工作日,非高峰,2015-03-17,2015年3月17日,多云 /多云,25℃ / 14℃,南风 ≤3级 /南风 ≤3级,多云,多云,25,14,南风,≤3级,南风,≤3级,day
2015-03-17 12:15:00,210国道,3、倒车的,负全部责任,不负责任,1,贵AU5683,绿,1,贵FX9549,银,贵州省长安驾驶培训学校,-1,2011/3/4 0:00,-1,捷达牌,长城牌,366067000000000000 ,366067000000000000 ,198009,198112,12,1,3,工作日,非高峰,2015-03-17,2015年3月17日,多云 /多云,25℃ / 14℃,南风 ≤3级 /南风 ≤3级,多云,多云,25,14,南风,≤3级,南风,≤3级,day
2015-03-17 10:30:00,杨家山隧道,1、追尾的,负全部责任,不负责任,1,贵A515B9,银,1,湘E0FC99,银,自培,-1,2013/4/10 0:00,-1,五菱牌,\N,36636651814261567X,76260500000000000 ,197906,197302,10,1,3,工作日,非高峰,2015-03-17,2015年3月17日,多云 /多云,25℃ / 14℃,南风 ≤3级 /南风 ≤3级,多云,多云,25,14,南风,≤3级,南风,≤3级,day
2015-03-17 10:30:00,西二环,1、追尾的,负全部责任,不负责任,1,贵A515B9,银,1,贵F71430,银,自培,-1,2013/4/10 0:00,-1,五菱牌,五菱牌,36636651814261567X,366068000000000000 ,197906,198402,10,1,3,工作日,非高峰,2015-03-17,2015年3月17日,多云 /多云,25℃ / 14℃,南风 ≤3级 /南风 ≤3级,多云,多云,25,14,南风,≤3级,南风,≤3级,day
2015-03-17 08:50:00,白云区,7、未按规定让行的 ,负全部责任,不负责任,1,贵ATR912,银,1,贵A5563U,黄,十一培,-1,1997/12/31 0:00,-1,解放牌,长安牌,36454751825562327X,366661000000000000 ,197611,197808,8,1,3,工作日,早高峰(7-9点),2015-03-17,2015年3月17日,多云 /多云,25℃ / 14℃,南风 ≤3级 /南风 ≤3级,多云,多云,25,14,南风,≤3级,南风,≤3级,day
2015-03-17 08:30:00,沙冲路,1、追尾的,负全部责任,不负责任,1,贵A8BE60,白色,1,贵A3J598,黑色,自培,-1,2002/8/9 0:00,-1,雪佛兰牌,别克牌,364548000000000000 ,344543000000000000 ,197908,199308,8,1,3,工作日,早高峰(7-9点),2015-03-17,2015年3月17日,多云 /多云,25℃ / 14℃,南风 ≤3级 /南风 ≤3级,多云,多云,25,14,南风,≤3级,南风,≤3级,day
2015-03-17 09:15:00,观山湖,3、倒车的,负全部责任,不负责任,1,贵HY4888,黑,1,贵AP8040,黄,自培,-1,2002/1/28 0:00,-1,雪佛兰牌,万虎牌,366566000000000000 ,366067000000000000 ,198111,197703,9,1,3,工作日,早高峰(7-9点),2015-03-17,2015年3月17日,多云 /多云,25℃ / 14℃,南风 ≤3级 /南风 ≤3级,多云,多云,25,14,南风,≤3级,南风,≤3级,day