accidenttime,accidentaddr,driver1fault,driver1responsibility,driver2responsibility,sex1,platenumber1,carcolor1,sex2,platenumber2,carcolor2,jxmc1,jxmc2,cclzrq1,cclzrq2,clpp1,clpp2,driver1license,driver2license,brith1,brith2,hour,weekday,month,is_weekday,peak_hour,date,日期,天气状况,气温,风力风向,day_wea,night_wea,day_tep,night_tep,day_wind_direction,day_wind_speed,night_wind_direction,night_wind_speed,segment
2015-03-17 12:15:00,会展城,7、未按规定让行的 ,负全部责任,不负责任,1,贵A75M24,黑,1,贵AAE674,银,自培,未定义,2001/7/17 0:00,2013/10/30 0:00,马自达牌,梅赛德斯-奔驰牌,364548000000000000 ,364596000000000000 ,198305,198909,12,1,3,工作日,非高峰,2015-03-17,2015年3月17日,多云 /多云,25℃ / 14℃,南风 ≤3级 /南风 ≤3级,多云,多云,25,14,南风,≤3级,南风,≤3级,day
2015-03-17 07:45:00,小河,7、未按规定让行的 ,负全部责任,不负责任,1,贵GM8928,红色,1,贵APH736,白色,顺一驾驶培训学校,十一培,2012/7/23 0:00,1997/5/14 0:00,别克牌,广州雅阁,36455051975666447X,364547000000000000 ,198312,197508,7,1,3,工作日,早高峰(7-9点),2015-03-17,2015年3月17日,多云 /多云,25℃ / 14℃,南风 ≤3级 /南风 ≤3级,多云,多云,25,14,南风,≤3级,南风,≤3级,day
2015-03-17 11:30:00,花二道,8、依法应负全责的其他情形,负全部责任,不负责任,1,贵O275855,红,1,贵A71N69,白,贵州省长安驾驶培训学校,十一培,2010/12/10 0:00,1995/9/6 0:00,-1,思威牌,366575000000000000 ,366367000000000000 ,197507,196812,11,1,3,工作日,非高峰,2015-03-17,2015年3月17日,多云 /多云,25℃ / 14℃,南风 ≤3级 /南风 ≤3级,多云,多云,25,14,南风,≤3级,南风,≤3级,day
2015-03-17 10:00:00,延安东路,8、依法应负全责的其他情形,负全部责任,不负责任,1,贵A41692,黑,1,贵ALR352,银,自培,十一培,2004/8/20 0:00,1997/9/1 0:00,丰田牌,吉利牌,36606351954758448X,364558000000000000 ,198103,195212,10,1,3,工作日,非高峰,2015-03-17,2015年3月17日,多云 /多云,25℃ / 14℃,南风 ≤3级 /南风 ≤3级,多云,多云,25,14,南风,≤3级,南风,≤3级,day
2015-03-17 08:10:00,西南环线,7、未按规定让行的 ,负全部责任,不负责任,1,贵A94Z66,白色,1,贵A25H18,白色,（乌当区）新天驾驶培训有限公司,自培,2004/12/14 0:00,2002/5/9 0:00,起亚牌,起亚牌,354056000000000000 ,366067000000000000 ,197109,198204,8,1,3,工作日,早高峰(7-9点),2015-03-17,2015年3月17日,多云 /多云,25℃ / 14℃,南风 ≤3级 /南风 ≤3级,多云,多云,25,14,南风,≤3级,南风,≤3级,day
2015-03-17 14:08:00,北京西路,1、追尾的,负全部责任,不负责任,1,贵A88L65,银,1,贵AU9633,银,自培,自培,1999/3/27 0:00,2006/7/27 0:00,丰田牌,钱江牌,364548000000000000 ,364596000000000000 ,197811,198604,14,1,3,工作日,非高峰,2015-03-17,2015年3月17日,多云 /多云,25℃ / 14℃,南风 ≤3级 /南风 ≤3级,多云,多云,25,14,南风,≤3级,南风,≤3级,day
2015-03-17 11:30:00,五里冲路,7、未按规定让行的 ,负全部责任,不负责任,1,贵AU6698,白色,1,贵JAB446,白色,消防驾校,自培,1998/3/31 0:00,2004/11/17 0:00,恒通客车牌,指南者,36454651894041065X,366546000000000000 ,197804,197610,11,1,3,工作日,非高峰,2015-03-17,2015年3月17日,多云 /多云,25℃ / 14℃,南风 ≤3级 /南风 ≤3级,多云,多云,25,14,南风,≤3级,南风,≤3级,day
2015-03-17 14:00:00,将军路,8、依法应负全责的其他情形,负全部责任,不负责任,1,贵A631D4,白色,1,贵AX2827,黑色,高新驾校,自培,2012/8/13 0:00,2005/2/24 0:00,欧铃牌,别克牌,366563000000000000 ,36455551304852565X,197203,195407,14,1,3,工作日,非高峰,2015-03-17,2015年3月17日,多云 /多云,25℃ / 14℃,南风 ≤3级 /南风 ≤3级,多云,多云,25,14,南风,≤3级,南风,≤3级,day
2015-03-17 08:30:00,次南门,8、依法应负全责的其他情形,负全部责任,不负责任,1,贵AWC391,白色,1,贵ANK951,白色,自培,自培,2004/4/16 0:00,2002/8/8 0:00,梅赛德斯奔驰,东风雪铁龙牌,364548000000000000 ,36634651835467005X,198302,197510,8,1,3,工作日,早高峰(7-9点),2015-03-17,2015年3月17日,多云 /多云,25℃ / 14℃,南风 ≤3级 /南风 ≤3级,多云,多云,25,14,南风,≤3级,南风,≤3级,day
2015-03-17 14:30:00,曹关,8、依法应负全责的其他情形,负全部责任,不负责任,1,贵A64R17,红,1,贵JAQ161,白,520109,全林驾校,-1,2013/8/5 0:00,长城牌,福克斯牌,366068000000000000 ,36454651914240027X,198007,198906,14,1,3,工作日,非高峰,2015-03-17,2015年3月17日,多云 /多云,25℃ / 14℃,南风 ≤3级 /南风 ≤3级,多云,多云,25,14,南风,≤3级,南风,≤3级,day
2015-03-17 14:43:00,黄河路,7、未按规定让行的 ,负全部责任,不负责任,1,贵AR1783,红色,1,贵A6544H,白色,自培,诚信驾驶培训学校,2013/7/9 0:00,2010/10/22 0:00,丰田牌,长安牌,366067000000000000 ,364547000000000000 ,197503,197307,14,1,3,工作日,非高峰,2015-03-17,2015年3月17日,多云 /多云,25℃ / 14℃,南风 ≤3级 /南风 ≤3级,多云,多云,25,14,南风,≤3级,南风,≤3级,day
2015-03-17 15:00:00,西工厂,7、未按规定让行的 ,负全部责任,不负责任,1,贵AU5392,白色,1,贵AB922C,白色,铁二局驾校（南明区）,顺一驾驶培训学校,1997/5/23 0:00,2012/6/18 0:00,国威牌,起亚牌,366366000000000000 ,364557000000000000 ,197302,197310,15,1,3,工作日,非高峰,2015-03-17,2015年3月17日,多云 /多云,25℃ / 14℃,南风 ≤3级 /南风 ≤3级,多云,多云,25,14,南风,≤3级,南风,≤3级,day
2015-03-17 14:00:00,中华南路,1、追尾的,负全部责任,不负责任,1,贵JDA594,白色,1,贵A4AX52,白色,贵州省长安驾驶培训学校,吉源驾校,2014/9/26 0:00,2015/1/20 0:00,五菱牌,比亚迪牌,355266000000000000 ,366567000000000000 ,198508,198902,14,1,3,工作日,非高峰,2015-03-17,2015年3月17日,多云 /多云,25℃ / 14℃,南风 ≤3级 /南风 ≤3级,多云,多云,25,14,南风,≤3级,南风,≤3级,day
2015-03-17 12:50:00,黄河南路,7、未按规定让行的 ,负全部责任,不负责任,1,贵ANH941,白色,1,贵A3J402,白色,顺一驾驶培训学校,新华驾校,2010/12/31 0:00,2013/11/14 0:00,晶锐牌,长安牌,366670000000000000 ,364551000000000000 ,197810,197212,12,1,3,工作日,非高峰,2015-03-17,2015年3月17日,多云 /多云,25℃ / 14℃,南风 ≤3级 /南风 ≤3级,多云,多云,25,14,南风,≤3级,南风,≤3级,day
2015-03-17 13:08:00,花果园,7、未按规定让行的 ,负全部责任,不负责任,1,贵A823G7,银,1,贵AB203B,银,-1,织金县织通驾校,-1,-1,五菱牌,览胜,654848000000000000 ,36606351974941275X,199401,198308,13,1,3,工作日,非高峰,2015-03-17,2015年3月17日,多云 /多云,25℃ / 14℃,南风 ≤3级 /南风 ≤3级,多云,多云,25,14,南风,≤3级,南风,≤3级,day
2015-03-17 16:00:00,老东门,3、倒车的,负全部责任,不负责任,1,贵AHX817,黄,1,贵ATY001,黑,-1,市警校驾校,-1,-1,神行者,长安牌,366566000000000000 ,55066100000000 ,197912,900523,16,1,3,工作日,非高峰,2015-03-17,2015年3月17日,多云 /多云,25℃ / 14℃,南风 ≤3级 /南风 ≤3级,多云,多云,25,14,南风,≤3级,南风,≤3级,day
2015-03-17 15:26:00,花果园,3、倒车的,负全部责任,不负责任,1,贵AA401A,白色,1,贵A9G730,蓝色,天行健驾校（修文县）,吉源驾校,2015/2/27 0:00,2014/4/2 0:00,起亚牌,飞度牌,36634651804560627X,364548000000000000 ,197401,199206,15,1,3,工作日,非高峰,2015-03-17,2015年3月17日,多云 /多云,25℃ / 14℃,南风 ≤3级 /南风 ≤3级,多云,多云,25,14,南风,≤3级,南风,≤3级,day
2015-03-17 14:20:00,荔星名店,1、追尾的,负全部责任,不负责任,1,贵ACX873,白色,1,贵FL5318,白色,520114,-1,1995/4/25 0:00,-1,五菱牌,福克斯牌,364547000000000000 ,4246520000000000 ,197510,197908,14,1,3,工作日,非高峰,2015-03-17,2015年3月17日,多云 /多云,25℃ / 14℃,南风 ≤3级 /南风 ≤3级,多云,多云,25,14,南风,≤3级,南风,≤3级,day
2015-03-17 15:00:00,北京西路,1、追尾的,负全部责任,不负责任,1,贵AD8339,银,1,浙K77355,银,自培,-1,1993/11/1 0:00,-1,豪爵牌,-1,364547000000000000 ,776346000000000000 ,196402,198903,15,1,3,工作日,非高峰,2015-03-17,2015年3月17日,多云 /多云,25℃ / 14℃,南风 ≤3级 /南风 ≤3级,多云,多云,25,14,南风,≤3级,南风,≤3级,day
2015-03-17 16:30:00,金马街,7、未按规定让行的 ,负全部责任,不负责任,1,贵AHH511,黑,0,贵A4A394,白,-1,自培,-1,2004/6/18 0:00,昊锐牌,-1,364547000000000 ,364548000000000000 ,621224,198301,16,1,3,工作日,非高峰,2015-03-17,2015年3月17日,多云 /多云,25℃ / 14℃,南风 ≤3级 /南风 ≤3级,多云,多云,25,14,南风,≤3级,南风,≤3级,day
2015-03-17 17:00:00,鸿通城,8、依法应负全责的其他情形,负全部责任,不负责任,1,贵AU3112,绿,1,贵A52L14,黑,-1,黔丰驾校,-1,2013/7/26 0:00,飞鹰牌,梅赛德斯-奔驰牌,364648000000000000 ,366061000000000000 ,198903,198901,17,1,3,工作日,晚高峰(17-19点),2015-03-17,2015年3月17日,多云 /多云,25℃ / 14℃,南风 ≤3级 /南风 ≤3级,多云,多云,25,14,南风,≤3级,南风,≤3级,day
2015-03-17 16:00:00,蜀黔物流,5、开关车门的,负全部责任,不负责任,1,贵A20140,白,1,贵A26041,银,-1,-1,-1,-1,东风牌,万达牌,366367000000000000 ,356164000000000000 ,198410,196103,16,1,3,工作日,非高峰,2015-03-17,2015年3月17日,多云 /多云,25℃ / 14℃,南风 ≤3级 /南风 ≤3级,多云,多云,25,14,南风,≤3级,南风,≤3级,day
2015-03-17 14:00:00,小河转盘,7、未按规定让行的 ,负全部责任,不负责任,1,贵GR2134,白色,1,贵ABP335,白色,自培,自培,2000/2/1 0:00,1977/8/29 0:00,凯迪拉克SRX跨界车,昌河铃木牌,364548000000000000 ,364547000000000000 ,195712,195206,14,1,3,工作日,非高峰,2015-03-17,2015年3月17日,多云 /多云,25℃ / 14℃,南风 ≤3级 /南风 ≤3级,多云,多云,25,14,南风,≤3级,南风,≤3级,day
2015-03-17 15:00:00,贵钢,7、未按规定让行的 ,负全部责任,不负责任,1,贵AK3637,白色,1,粤SM1303,白色,自培,-1,2003/4/17 0:00,-1,福克斯(FOCUS)牌,雅阁/ACCORD,364547000000000000 ,36656300000000000 ,196605,197603,15,1,3,工作日,非高峰,2015-03-17,2015年3月17日,多云 /多云,25℃ / 14℃,南风 ≤3级 /南风 ≤3级,多云,多云,25,14,南风,≤3级,南风,≤3级,day
2015-03-17 14:30:00,大十字,7、未按规定让行的 ,负全部责任,不负责任,1,贵AED302,白色,1,贵AU7844,白色,安顺市开发区千合机动车培训学校,十一培,2011/2/21 0:00,1989/12/15 0:00,吉利牌,安凯牌,366369000000000000 ,364548000000000000 ,197108,197003,14,1,3,工作日,非高峰,2015-03-17,2015年3月17日,多云 /多云,25℃ / 14℃,南风 ≤3级 /南风 ≤3级,多云,多云,25,14,南风,≤3级,南风,≤3级,day
2015-03-17 14:47:00,长岭南路,1、追尾的,负全部责任,不负责任,1,贵A51Y18,黑,0,贵A25529,银,自培,十一培,2004/5/26 0:00,1995/9/5 0:00,梅赛德斯-奔驰牌,新阳光牌,364547000000000000 ,364548000000000000 ,198206,196103,14,1,3,工作日,非高峰,2015-03-17,2015年3月17日,多云 /多云,25℃ / 14℃,南风 ≤3级 /南风 ≤3级,多云,多云,25,14,南风,≤3级,南风,≤3级,day
2015-03-17 16:15:00,长江路,7、未按规定让行的 ,负全部责任,不负责任,1,贵A81592,白色,1,贵A30140,白色,习水县顺达机动车驾驶员培训学校,自培,2012/2/20 0:00,2001/8/22 0:00,豪爵牌,五菱,366577000000000000 ,366061000000000000 ,198909,198109,16,1,3,工作日,非高峰,2015-03-17,2015年3月17日,多云 /多云,25℃ / 14℃,南风 ≤3级 /南风 ≤3级,多云,多云,25,14,南风,≤3级,南风,≤3级,day
2015-03-17 15:00:00,小河,1、追尾的,负全部责任,不负责任,1,贵A0BF67,白色,1,贵AAH182,白色,（经开区）十一驾驶培训有限公司,自培,2006/6/15 0:00,2007/9/19 0:00,马自达牌,丰田牌,364547000000000000 ,65466500000000000 ,198601,198608,15,1,3,工作日,非高峰,2015-03-17,2015年3月17日,多云 /多云,25℃ / 14℃,南风 ≤3级 /南风 ≤3级,多云,多云,25,14,南风,≤3级,南风,≤3级,day
2015-03-17 15:00:00,石标路,9、不符合前8款规定或者双方同时具有上述情形的,负同等责任,负同等责任,0,贵A5135Y,白,1,贵A14N58,黑,自培,自培,2010/5/17 0:00,2002/5/20 0:00,北京牌,奥迪牌,36459551864753006X,366561000000000000 ,197203,197404,15,1,3,工作日,非高峰,2015-03-17,2015年3月17日,多云 /多云,25℃ / 14℃,南风 ≤3级 /南风 ≤3级,多云,多云,25,14,南风,≤3级,南风,≤3级,day
2015-03-17 17:40:00,孟关,9、不符合前8款规定或者双方同时具有上述情形的,负同等责任,负同等责任,1,贵A48H64,白色,1,贵HH7779,白色,新华驾校,-1,2011/6/13 0:00,-1,长安牌,丰田牌,364556000000000000 ,36624551104658696X,198210,199402,17,1,3,工作日,晚高峰(17-19点),2015-03-17,2015年3月17日,多云 /多云,25℃ / 14℃,南风 ≤3级 /南风 ≤3级,多云,多云,25,14,南风,≤3级,南风,≤3级,day
2015-03-17 21:00:00,小河,9、不符合前8款规定或者双方同时具有上述情形的,负同等责任,负同等责任,1,贵AB5986,白色,1,贵ACM315,白色,-1,泥桥诚兴驾校,-1,2007/5/8 0:00,大运牌,北京现代牌,366064000000000000 ,366566000000000000 ,197605,197412,21,1,3,工作日,非高峰,2015-03-17,2015年3月17日,多云 /多云,25℃ / 14℃,南风 ≤3级 /南风 ≤3级,多云,多云,25,14,南风,≤3级,南风,≤3级,night
2015-03-17 16:00:00,水东路,8、依法应负全责的其他情形,负全部责任,不负责任,1,贵A57763,白,1,贵GD6802,黑,（乌当区）全林驾驶培训有限公司,-1,2006/12/25 0:00,-1,川路,嘉陵牌,364557000000000000 ,366562000000000000 ,198705,198212,16,1,3,工作日,非高峰,2015-03-17,2015年3月17日,多云 /多云,25℃ / 14℃,南风 ≤3级 /南风 ≤3级,多云,多云,25,14,南风,≤3级,南风,≤3级,day
2015-03-17 17:03:00,长岭南路,7、未按规定让行的 ,负全部责任,不负责任,1,川A504LD,蓝,1,贵A81139,黄,-1,自培,-1,2013/4/17 0:00,ASX劲炫,陕汽牌,74367500000000000 ,364557000000000000 ,198609,199005,17,1,3,工作日,晚高峰(17-19点),2015-03-17,2015年3月17日,多云 /多云,25℃ / 14℃,南风 ≤3级 /南风 ≤3级,多云,多云,25,14,南风,≤3级,南风,≤3级,day
2015-03-17 18:19:00,金阳北路,1、追尾的,负全部责任,不负责任,1,贵GGA923,黄,1,贵AVM129,绿,未定义,-1,2013/12/31 0:00,-1,东风日产牌,丰田普拉多,36604551155660845X,36456551834256447X,199112,197506,18,1,3,工作日,晚高峰(17-19点),2015-03-17,2015年3月17日,多云 /多云,25℃ / 14℃,南风 ≤3级 /南风 ≤3级,多云,多云,25,14,南风,≤3级,南风,≤3级,day
2015-03-18 05:18:00,白云北路,1、追尾的,负全部责任,不负责任,1,贵AU0833,黄,1,贵FF3937,黑,-1,-1,-1,-1,宝来牌,东风日产牌,74867500000000000 ,366068000000000000 ,196112,196506,5,2,3,工作日,非高峰,2015-03-18,2015年3月18日,多云 /多云,24℃ / 14℃,南风 ≤3级 /南风 ≤3级,多云,多云,24,14,南风,≤3级,南风,≤3级,night
2015-03-18 08:00:00,白云区,3、倒车的,负全部责任,不负责任,1,贵A479F3,红,1,贵A6196X,银,-1,景宏驾校,-1,2012/5/30 0:00,解放牌,长安牌,354366000000000000 ,364558000000000000 ,196501,196908,8,2,3,工作日,早高峰(7-9点),2015-03-18,2015年3月18日,多云 /多云,24℃ / 14℃,南风 ≤3级 /南风 ≤3级,多云,多云,24,14,南风,≤3级,南风,≤3级,day
2015-03-17 21:00:00,西南商贸城,5、开关车门的,负全部责任,不负责任,0,贵AU6512,绿,1,贵A4488R,蓝,（南明区）金大驾驶培训有限公司,路路达驾校,2008/12/17 0:00,2013/5/29 0:00,捷达牌,长安牌,366067000000000000 ,364596000000000000 ,196603,198904,21,1,3,工作日,非高峰,2015-03-17,2015年3月17日,多云 /多云,25℃ / 14℃,南风 ≤3级 /南风 ≤3级,多云,多云,25,14,南风,≤3级,南风,≤3级,night
2015-03-18 08:00:00,观山湖,8、依法应负全责的其他情形,负全部责任,不负责任,1,贵AAC352,白色,1,贵AU2172,白色,520119,自培,2009/1/14 0:00,1999/9/22 0:00,国威牌,鹏城牌,364556000000000000 ,36454651954975705X,198110,198108,8,2,3,工作日,早高峰(7-9点),2015-03-18,2015年3月18日,多云 /多云,24℃ / 14℃,南风 ≤3级 /南风 ≤3级,多云,多云,24,14,南风,≤3级,南风,≤3级,day
2015-03-17 19:30:00,省政协,8、依法应负全责的其他情形,负全部责任,不负责任,1,贵AC3611,白,1,贵AHT183,银,自培,贵州晨运驾驶培训学校,2000/9/14 0:00,2009/11/20 0:00,梅赛德斯-奔驰,别克牌,364547000000000000 ,364558000000000000 ,197204,196204,19,1,3,工作日,晚高峰(17-19点),2015-03-17,2015年3月17日,多云 /多云,25℃ / 14℃,南风 ≤3级 /南风 ≤3级,多云,多云,25,14,南风,≤3级,南风,≤3级,day
2015-03-17 19:45:00,水口寺,7、未按规定让行的 ,负全部责任,不负责任,1,贵A5AW58,白色,1,贵A41S97,黑色,自培,-1,2001/12/12 0:00,-1,奥迪牌,讴歌RDX,366567000000000000 ,364547000000000000 ,196512,196208,19,1,3,工作日,晚高峰(17-19点),2015-03-17,2015年3月17日,多云 /多云,25℃ / 14℃,南风 ≤3级 /南风 ≤3级,多云,多云,25,14,南风,≤3级,南风,≤3级,day
2015-03-17 18:30:00,龙泉巷,1、追尾的,负全部责任,不负责任,1,闽APP491,黑,0,贵FA7479,银,自培,-1,2012/2/9 0:00,-1,夏利牌,长安牌,734597000000000000 ,366068000000000000 ,199008,198211,18,1,3,工作日,晚高峰(17-19点),2015-03-17,2015年3月17日,多云 /多云,25℃ / 14℃,南风 ≤3级 /南风 ≤3级,多云,多云,25,14,南风,≤3级,南风,≤3级,day
2015-03-17 20:10:00,二桥,1、追尾的,负全部责任,不负责任,0,贵AVL355,黑,1,贵AU6313,红,自培,十一培,2007/5/22 0:00,1994/5/24 0:00,奥迪牌,黄海牌,364547000000000000 ,36454751844946245X,197612,197008,20,1,3,工作日,非高峰,2015-03-17,2015年3月17日,多云 /多云,25℃ / 14℃,南风 ≤3级 /南风 ≤3级,多云,多云,25,14,南风,≤3级,南风,≤3级,night
2015-03-17 17:02:00,大营坡,7、未按规定让行的 ,负全部责任,不负责任,0,贵AKB9443,银,0,贵AU7933,蓝,蓝天驾校,十一培,2011/12/2 0:00,1994/11/1 0:00,-1,金龙牌,364547000000000000 ,366367000000000000 ,198212,196708,17,1,3,工作日,晚高峰(17-19点),2015-03-17,2015年3月17日,多云 /多云,25℃ / 14℃,南风 ≤3级 /南风 ≤3级,多云,多云,25,14,南风,≤3级,南风,≤3级,day
2015-03-17 17:40:00,小河,1、追尾的,负全部责任,不负责任,1,贵A76M66,白色,1,贵AG1461,白色,顺一驾驶培训学校,十一培,2011/10/12 0:00,1996/10/30 0:00,长安牌,豪进牌,36455051164274405X,364547000000000000 ,199206,196208,17,1,3,工作日,晚高峰(17-19点),2015-03-17,2015年3月17日,多云 /多云,25℃ / 14℃,南风 ≤3级 /南风 ≤3级,多云,多云,25,14,南风,≤3级,南风,≤3级,day
2015-03-17 21:00:00,机场,8、依法应负全责的其他情形,负全部责任,不负责任,0,贵A0BE64,白,1,贵A15Z45,黑,长运驾校,十一培,2014/8/21 0:00,1993/3/3 0:00,马自达牌,帕萨特牌,364547000000000000 ,364547000000000000 ,199009,196712,21,1,3,工作日,非高峰,2015-03-17,2015年3月17日,多云 /多云,25℃ / 14℃,南风 ≤3级 /南风 ≤3级,多云,多云,25,14,南风,≤3级,南风,≤3级,night
2015-03-17 17:30:00,小关,1、追尾的,负全部责任,不负责任,1,贵AG6944,黑,1,贵47722,黑,十一培,十一培,1995/4/15 0:00,1998/11/17 0:00,万虎牌,-1,364548000000000000 ,364558000000000000 ,195905,197506,17,1,3,工作日,晚高峰(17-19点),2015-03-17,2015年3月17日,多云 /多云,25℃ / 14℃,南风 ≤3级 /南风 ≤3级,多云,多云,25,14,南风,≤3级,南风,≤3级,day
2015-03-17 16:30:00,南明桥上,1、追尾的,负全部责任,不负责任,1,贵A47863,蓝,1,贵AH9902,红,高新驾校,自培,1993/7/23 0:00,2004/5/25 0:00,铃木,轰轰烈牌,364548000000000000 ,364547000000000000 ,196309,197804,16,1,3,工作日,非高峰,2015-03-17,2015年3月17日,多云 /多云,25℃ / 14℃,南风 ≤3级 /南风 ≤3级,多云,多云,25,14,南风,≤3级,南风,≤3级,day
2015-03-18 07:30:00,百花路口,7、未按规定让行的 ,负全部责任,不负责任,1,贵A27400,白,0,贵A85181,白,-1,自培,-1,2004/5/10 0:00,中联牌,豪泺牌,364544000000 ,364547000000000000 ,12166,197705,7,2,3,工作日,早高峰(7-9点),2015-03-18,2015年3月18日,多云 /多云,24℃ / 14℃,南风 ≤3级 /南风 ≤3级,多云,多云,24,14,南风,≤3级,南风,≤3级,day
2015-03-18 05:20:00,阳光大道,7、未按规定让行的 ,负全部责任,不负责任,1,豫PJ4779,红,1,贵A54X44,银,-1,自培,-1,2011/8/11 0:00,北京牌,奥迪牌,56869500000000000 ,364556000000000000 ,197507,199002,5,2,3,工作日,非高峰,2015-03-18,2015年3月18日,多云 /多云,24℃ / 14℃,南风 ≤3级 /南风 ≤3级,多云,多云,24,14,南风,≤3级,南风,≤3级,night
2015-03-18 07:25:00,花溪,7、未按规定让行的 ,负全部责任,不负责任,1,贵A2BK87,白色,1,贵AN7199,白色,吉源驾校,自培,2014/7/14 0:00,2000/10/19 0:00,长安牌,福特锐界,364648000000000000 ,734569000000000000 ,197709,197010,7,2,3,工作日,早高峰(7-9点),2015-03-18,2015年3月18日,多云 /多云,24℃ / 14℃,南风 ≤3级 /南风 ≤3级,多云,多云,24,14,南风,≤3级,南风,≤3级,day
2015-03-18 08:10:00,碧海乾图,3、倒车的,负全部责任,不负责任,1,贵ANH525,红,1,贵A972G9,蓝,贵州平安驾驶培训学校,（乌当区）新天驾驶培训有限公司,2011/7/4 0:00,1996/8/19 0:00,别克牌,扬子牌,366347000000000000 ,74895500000000000 ,198408,197502,8,2,3,工作日,早高峰(7-9点),2015-03-18,2015年3月18日,多云 /多云,24℃ / 14℃,南风 ≤3级 /南风 ≤3级,多云,多云,24,14,南风,≤3级,南风,≤3级,day
2015-03-17 21:40:00,友谊路,9、不符合前8款规定或者双方同时具有上述情形的,负同等责任,负同等责任,1,贵A6612C,白,1,闽AVB622,绿,（白云区）消防驾驶培训学校,-1,2007/8/16 0:00,-1,江淮牌,大众牌,36455651994664635X,56146500000000000 ,198802,197502,21,1,3,工作日,非高峰,2015-03-17,2015年3月17日,多云 /多云,25℃ / 14℃,南风 ≤3级 /南风 ≤3级,多云,多云,25,14,南风,≤3级,南风,≤3级,night
2015-03-17 20:15:00,延安西路,3、倒车的,负全部责任,不负责任,0,贵FV7314,银,1,贵FJ9589,银,织金县织通驾驶培训学校,-1,2011/10/18 0:00,-1,夏利牌,五菱牌,366064000000000000 ,344669000000000000 ,197307,198702,20,1,3,工作日,非高峰,2015-03-17,2015年3月17日,多云 /多云,25℃ / 14℃,南风 ≤3级 /南风 ≤3级,多云,多云,25,14,南风,≤3级,南风,≤3级,night
2015-03-18 10:00:00,杨家山隧道,1、追尾的,负全部责任,不负责任,1,贵ARK285,白色,1,贵A35146,白色,-1,520106,-1,2008/11/28 0:00,五菱牌,金蛙,364547000000000 ,366061000000000000 ,590713,199006,10,2,3,工作日,非高峰,2015-03-18,2015年3月18日,多云 /多云,24℃ / 14℃,南风 ≤3级 /南风 ≤3级,多云,多云,24,14,南风,≤3级,南风,≤3级,day
2015-03-18 08:12:00,金朱东路,1、追尾的,负全部责任,不负责任,1,贵AMU876,银,1,贵JDL484,银,-1,诚信驾驶培训学校,-1,2014/11/19 0:00,长安牌,五菱牌,366346000000000000 ,364596000000000000 ,198101,198808,8,2,3,工作日,早高峰(7-9点),2015-03-18,2015年3月18日,多云 /多云,24℃ / 14℃,南风 ≤3级 /南风 ≤3级,多云,多云,24,14,南风,≤3级,南风,≤3级,day
2015-03-18 08:30:00,云岩区,7、未按规定让行的 ,负全部责任,不负责任,0,贵HE4153,黑,1,贵A6077,白,-1,520125,-1,2009/5/14 0:00,丰田牌,奇瑞牌,366876000000000000 ,366670000000000000 ,198505,198708,8,2,3,工作日,早高峰(7-9点),2015-03-18,2015年3月18日,多云 /多云,24℃ / 14℃,南风 ≤3级 /南风 ≤3级,多云,多云,24,14,南风,≤3级,南风,≤3级,day
2015-03-18 09:50:00,水口寺,7、未按规定让行的 ,负全部责任,不负责任,1,川XBV539,银,1,贵AU7033,蓝,-1,公交公司驾校,-1,2005/1/10 0:00,长安牌,巨能牌,355296000000000000 ,366269000000000000 ,199011,198104,9,2,3,工作日,早高峰(7-9点),2015-03-18,2015年3月18日,多云 /多云,24℃ / 14℃,南风 ≤3级 /南风 ≤3级,多云,多云,24,14,南风,≤3级,南风,≤3级,day
2015-03-18 08:00:00,东山,7、未按规定让行的 ,负全部责任,不负责任,1,贵FX7961,银,1,贵A0H420,黑,金大驾校,文通驾校,2013/4/8 0:00,2011/10/17 0:00,夏利牌,雅阁牌,366068000000000000 ,366064000000000000 ,197102,198302,8,2,3,工作日,早高峰(7-9点),2015-03-18,2015年3月18日,多云 /多云,24℃ / 14℃,南风 ≤3级 /南风 ≤3级,多云,多云,24,14,南风,≤3级,南风,≤3级,day
2015-03-18 09:30:00,杨家山隧道,1、追尾的,负全部责任,不负责任,1,贵A72J14,黑,1,渝C4R587,银,消防驾校,市交校,2013/11/21 0:00,2011/7/28 0:00,众泰牌,长城牌,366068000000000000 ,364566000000000000 ,196210,199201,9,2,3,工作日,早高峰(7-9点),2015-03-18,2015年3月18日,多云 /多云,24℃ / 14℃,南风 ≤3级 /南风 ≤3级,多云,多云,24,14,南风,≤3级,南风,≤3级,day