accidenttime,accidentaddr,driver1fault,driver1responsibility,driver2responsibility,sex1,platenumber1,carcolor1,sex2,platenumber2,carcolor2,jxmc1,jxmc2,cclzrq1,cclzrq2,clpp1,clpp2,driver1license,driver2license,brith1,brith2,hour,weekday,month,is_weekday,peak_hour,date,日期,天气状况,气温,风力风向,day_wea,night_wea,day_tep,night_tep,day_wind_direction,day_wind_speed,night_wind_direction,night_wind_speed,segment
2015-03-18 09:50:00,长岭南路,7、未按规定让行的 ,负全部责任,不负责任,1,贵ANW489,银,1,贵A1265W,银,铁二局驾校,-1,2013/11/12 0:00,-1,捷达牌,吉利美日牌,366363000000000000 ,36636800000000000 ,198903,197107,9,2,3,工作日,早高峰(7-9点),2015-03-18,2015年3月18日,多云 /多云,24℃ / 14℃,南风 ≤3级 /南风 ≤3级,多云,多云,24,14,南风,≤3级,南风,≤3级,day
2015-03-18 08:05:00,北京西路,1、追尾的,负全部责任,不负责任,1,贵CLV766,白,1,贵AUA324,白,沿河县鸿发汽车驾驶培训有限公司,毕节地区宏强驾校,-1,2006/11/24 0:00,奥迪牌,大众牌,36666951155667565X,366064000000000000 ,199112,198410,8,2,3,工作日,早高峰(7-9点),2015-03-18,2015年3月18日,多云 /多云,24℃ / 14℃,南风 ≤3级 /南风 ≤3级,多云,多云,24,14,南风,≤3级,南风,≤3级,day
2015-03-18 08:50:00,阳光水乡,1、追尾的,负全部责任,不负责任,1,贵A6980H,白色,1,贵A7AF45,黄色,-1,黔东南州职院驾校,-1,2007/6/19 0:00,福克斯牌,东风雪铁龙牌,366066000000000000 ,366246000000000000 ,197503,198405,8,2,3,工作日,早高峰(7-9点),2015-03-18,2015年3月18日,多云 /多云,24℃ / 14℃,南风 ≤3级 /南风 ≤3级,多云,多云,24,14,南风,≤3级,南风,≤3级,day
2015-03-18 10:00:00,水电九局,3、倒车的,负全部责任,不负责任,1,渝B56V61,蓝,1,湘E58E17,绿,-1,-1,-1,-1,长安牌,东风牌,356168000000000000 ,776266000000000000 ,198408,196503,10,2,3,工作日,非高峰,2015-03-18,2015年3月18日,多云 /多云,24℃ / 14℃,南风 ≤3级 /南风 ≤3级,多云,多云,24,14,南风,≤3级,南风,≤3级,day
2015-03-18 10:30:00,三桥,1、追尾的,负全部责任,不负责任,1,贵AKN232,黑,1,苏D398K8,白,-1,无,-1,2012/6/8 0:00,索兰托,大众汽车牌,774768000000000000 ,764068000000000000 ,196905,197304,10,2,3,工作日,非高峰,2015-03-18,2015年3月18日,多云 /多云,24℃ / 14℃,南风 ≤3级 /南风 ≤3级,多云,多云,24,14,南风,≤3级,南风,≤3级,day
2015-03-18 12:30:00,大西门,1、追尾的,负全部责任,不负责任,1,贵AA2299,银,1,贵AAE278,白,-1,-1,-1,-1,毕加索,奔野牌,364548000000000 ,366647000000000000 ,781014,198006,12,2,3,工作日,非高峰,2015-03-18,2015年3月18日,多云 /多云,24℃ / 14℃,南风 ≤3级 /南风 ≤3级,多云,多云,24,14,南风,≤3级,南风,≤3级,day
2015-03-18 07:00:00,贵安新区,3、倒车的,负全部责任,不负责任,1,贵A90072,白色,1,云AT953M,白色,自培,-1,2005/1/4 0:00,-1,轻骑牌,风朗,66066500000000000 ,376562000000000000 ,197909,198111,7,2,3,工作日,早高峰(7-9点),2015-03-18,2015年3月18日,多云 /多云,24℃ / 14℃,南风 ≤3级 /南风 ≤3级,多云,多云,24,14,南风,≤3级,南风,≤3级,day
2015-03-17 20:00:00,二戈寨,7、未按规定让行的 ,负全部责任,不负责任,1,贵JBH428,白色,1,贵A20004,白色,自培,-1,2007/9/19 0:00,-1,北京现代牌,五菱,36454651935542305X,3645960000000000 ,198511,198557,20,1,3,工作日,非高峰,2015-03-17,2015年3月17日,多云 /多云,25℃ / 14℃,南风 ≤3级 /南风 ≤3级,多云,多云,25,14,南风,≤3级,南风,≤3级,night
2015-03-17 21:47:00,沙冲中路,1、追尾的,负全部责任,不负责任,1,贵GQ6960,白色,1,浙463S8,白色,自培,-1,2001/10/25 0:00,-1,宝骏牌,-1,364551000000000000 ,77474651824066766X,198301,197604,21,1,3,工作日,非高峰,2015-03-17,2015年3月17日,多云 /多云,25℃ / 14℃,南风 ≤3级 /南风 ≤3级,多云,多云,25,14,南风,≤3级,南风,≤3级,night
2015-03-18 10:10:00,乌当,7、未按规定让行的 ,负全部责任,不负责任,1,贵A90783,红,1,贵AWB553,红,-1,十一培,-1,1985/4/21 0:00,豪泺牌,比亚迪牌,366364000000000000 ,366367000000000000 ,196922,195706,10,2,3,工作日,非高峰,2015-03-18,2015年3月18日,多云 /多云,24℃ / 14℃,南风 ≤3级 /南风 ≤3级,多云,多云,24,14,南风,≤3级,南风,≤3级,day
2015-03-18 08:20:00,乌当,8、依法应负全责的其他情形,负全部责任,不负责任,1,贵A7BX43,白,1,贵AU5152,黄,顺一驾驶培训学校,十一培,2013/9/29 0:00,1993/12/6 0:00,长安牌,三铃牌,36656551824150805X,364548000000000000 ,197609,197301,8,2,3,工作日,早高峰(7-9点),2015-03-18,2015年3月18日,多云 /多云,24℃ / 14℃,南风 ≤3级 /南风 ≤3级,多云,多云,24,14,南风,≤3级,南风,≤3级,day
2015-03-18 08:10:00,宝山北路,7、未按规定让行的 ,负全部责任,不负责任,1,贵AU9952,白色,1,贵AU7132,白色,鑫鑫驾校,自培,2009/6/22 0:00,2003/10/23 0:00,宗申牌,万达牌,366063000000000000 ,366367000000000000 ,197307,198210,8,2,3,工作日,早高峰(7-9点),2015-03-18,2015年3月18日,多云 /多云,24℃ / 14℃,南风 ≤3级 /南风 ≤3级,多云,多云,24,14,南风,≤3级,南风,≤3级,day
2015-03-18 08:00:00,中华路,7、未按规定让行的 ,负全部责任,不负责任,0,贵AA1373,黑,1,贵AU4133,绿,自培,自培,2004/12/9 0:00,2004/7/9 0:00,迷你,桑塔纳牌,366368000000000000 ,364557000000000000 ,197809,196811,8,2,3,工作日,早高峰(7-9点),2015-03-18,2015年3月18日,多云 /多云,24℃ / 14℃,南风 ≤3级 /南风 ≤3级,多云,多云,24,14,南风,≤3级,南风,≤3级,day
2015-03-18 10:49:00,中山西路,7、未按规定让行的 ,负全部责任,不负责任,1,贵A3G460,蓝,1,贵AU0420,蓝,-1,自培,-1,2011/9/21 0:00,迈凯,万达牌,774863000000000000 ,364548000000000000 ,199104,198708,10,2,3,工作日,非高峰,2015-03-18,2015年3月18日,多云 /多云,24℃ / 14℃,南风 ≤3级 /南风 ≤3级,多云,多云,24,14,南风,≤3级,南风,≤3级,day
2015-03-18 13:10:00,花溪平桥,7、未按规定让行的 ,负全部责任,不负责任,1,贵AB126C,白色,1,贵AB806V,白色,诚信驾驶培训学校,十一驾驶培训有限公司,2014/10/10 0:00,2014/3/31 0:00,东风日产牌,松花江牌,366876000000000000 ,366368000000000000 ,197103,197711,13,2,3,工作日,非高峰,2015-03-18,2015年3月18日,多云 /多云,24℃ / 14℃,南风 ≤3级 /南风 ≤3级,多云,多云,24,14,南风,≤3级,南风,≤3级,day
2015-03-18 10:33:00,三桥,1、追尾的,负全部责任,不负责任,1,贵AKN232,黑,1,贵GY4478,红,-1,市交校,-1,2009/6/10 0:00,索兰托,长安牌,774768000000000000 ,344661000000000000 ,196905,198902,10,2,3,工作日,非高峰,2015-03-18,2015年3月18日,多云 /多云,24℃ / 14℃,南风 ≤3级 /南风 ≤3级,多云,多云,24,14,南风,≤3级,南风,≤3级,day
2015-03-18 11:03:00,白云区,8、依法应负全责的其他情形,负全部责任,不负责任,1,贵ARU272,黑,1,贵A1096R,蓝,贵州省长安驾驶培训学校,铁二局驾校,2011/4/8 0:00,2010/3/17 0:00,沃尔沃牌,比亚迪牌,364646000000000000 ,366361000000000000 ,197411,197503,11,2,3,工作日,非高峰,2015-03-18,2015年3月18日,多云 /多云,24℃ / 14℃,南风 ≤3级 /南风 ≤3级,多云,多云,24,14,南风,≤3级,南风,≤3级,day
2015-03-18 11:30:00,解放路,7、未按规定让行的 ,负全部责任,不负责任,1,川A8K78,白色,1,贵AFS145,白色,-1,遵义市宝驰汽车驾驶培训有限公司,-1,2010/10/28 0:00,\N,长安牌,355566000000000000 ,366067000000000000 ,196607,198310,11,2,3,工作日,非高峰,2015-03-18,2015年3月18日,多云 /多云,24℃ / 14℃,南风 ≤3级 /南风 ≤3级,多云,多云,24,14,南风,≤3级,南风,≤3级,day
2015-03-18 14:10:00,金阳大道,8、依法应负全责的其他情形,负全部责任,不负责任,1,贵A474C7,绿,1,贵A34F74,蓝,-1,十一驾驶培训有限公司,-1,2011/3/3 0:00,东风牌,长安牌,364566000000000000 ,366669000000000000 ,199111,198605,14,2,3,工作日,非高峰,2015-03-18,2015年3月18日,多云 /多云,24℃ / 14℃,南风 ≤3级 /南风 ≤3级,多云,多云,24,14,南风,≤3级,南风,≤3级,day
2015-03-18 15:00:00,飞机厂,7、未按规定让行的 ,负全部责任,不负责任,1,贵AU9825,白色,1,贵CDL864,白色,-1,文通驾校,-1,2011/10/26 0:00,山洋牌,大众汽车牌,364548000000000 ,366567000000000000 ,740327,197602,15,2,3,工作日,非高峰,2015-03-18,2015年3月18日,多云 /多云,24℃ / 14℃,南风 ≤3级 /南风 ≤3级,多云,多云,24,14,南风,≤3级,南风,≤3级,day
2015-03-18 15:30:00,云潭南路,7、未按规定让行的 ,负全部责任,不负责任,1,贵FS8822,银,1,贵ASX194,白,-1,诚信驾驶培训学校,-1,2011/8/1 0:00,雪佛兰牌,陆地巡洋舰,366046000000000000 ,366669000000000000 ,197903,198209,15,2,3,工作日,非高峰,2015-03-18,2015年3月18日,多云 /多云,24℃ / 14℃,南风 ≤3级 /南风 ≤3级,多云,多云,24,14,南风,≤3级,南风,≤3级,day
2015-03-18 14:15:00,花果园,1、追尾的,负全部责任,不负责任,1,贵JBT632,银,1,贵A2BK67,白,（白云区）景宏驾驶培训有限公司,贵州晨运驾驶培训学校,2010/11/9 0:00,2011/12/13 0:00,北京现代牌,起亚牌,366664000000000000 ,364568000000000000 ,198510,199102,14,2,3,工作日,非高峰,2015-03-18,2015年3月18日,多云 /多云,24℃ / 14℃,南风 ≤3级 /南风 ≤3级,多云,多云,24,14,南风,≤3级,南风,≤3级,day
2015-03-18 13:30:00,金关,8、依法应负全责的其他情形,负全部责任,不负责任,1,贵A72351,银,1,贵A66Y59,银,新华驾校,自培,2010/4/6 0:00,2001/4/10 0:00,北京,中华牌,366064000000000000 ,36454751954943097X,198109,198108,13,2,3,工作日,非高峰,2015-03-18,2015年3月18日,多云 /多云,24℃ / 14℃,南风 ≤3级 /南风 ≤3级,多云,多云,24,14,南风,≤3级,南风,≤3级,day
2015-03-18 11:15:00,红岩路,7、未按规定让行的 ,负全部责任,不负责任,1,贵A8D967,黄,1,贵AMS365,黄,自培,（白云区）景宏驾驶培训有限公司,2002/1/12 0:00,2015/2/25 0:00,迷你,吉利美日牌,366561000000000000 ,366067000000000000 ,197110,197609,11,2,3,工作日,非高峰,2015-03-18,2015年3月18日,多云 /多云,24℃ / 14℃,南风 ≤3级 /南风 ≤3级,多云,多云,24,14,南风,≤3级,南风,≤3级,day
2015-03-18 12:50:00,辽河路,7、未按规定让行的 ,负全部责任,不负责任,1,贵A02115,白色,1,贵ACQ377,白色,自培,520126,2004/2/27 0:00,2009/1/19 0:00,万达牌,奇瑞牌,366261000000000000 ,366363000000000000 ,196403,199004,12,2,3,工作日,非高峰,2015-03-18,2015年3月18日,多云 /多云,24℃ / 14℃,南风 ≤3级 /南风 ≤3级,多云,多云,24,14,南风,≤3级,南风,≤3级,day
2015-03-18 13:30:00,箭道街,8、依法应负全责的其他情形,负全部责任,不负责任,1,贵A02791,白色,1,贵AGK264,白色,自培,520125,2001/4/18 0:00,2009/6/1 0:00,嘉陵,捷达牌,364547000000000000 ,364548000000000000 ,196207,198907,13,2,3,工作日,非高峰,2015-03-18,2015年3月18日,多云 /多云,24℃ / 14℃,南风 ≤3级 /南风 ≤3级,多云,多云,24,14,南风,≤3级,南风,≤3级,day
2015-03-18 10:30:00,山水黔城,7、未按规定让行的 ,负全部责任,不负责任,1,贵FS8929,白色,1,贵AKQ495,白色,-1,十一培,-1,1984/10/20 0:00,大众汽车牌,东风雪铁龙牌,3546670000000000 ,36454751384556695X,197205,195701,10,2,3,工作日,非高峰,2015-03-18,2015年3月18日,多云 /多云,24℃ / 14℃,南风 ≤3级 /南风 ≤3级,多云,多云,24,14,南风,≤3级,南风,≤3级,day
2015-03-18 11:00:00,小河兴隆花园,8、依法应负全责的其他情形,负全部责任,不负责任,1,贵A1611R,黑色,1,贵AB999W,白色,自培,十一培,1996/7/30 0:00,1994/3/9 0:00,红旗牌,东风标致,364548000000000000 ,366061000000000000 ,197809,197209,11,2,3,工作日,非高峰,2015-03-18,2015年3月18日,多云 /多云,24℃ / 14℃,南风 ≤3级 /南风 ≤3级,多云,多云,24,14,南风,≤3级,南风,≤3级,day
2015-03-18 11:12:00,市府路,1、追尾的,负全部责任,不负责任,1,贵ARZ984,白,0,贵AU5119,绿,长运驾校,十一培,2013/8/9 0:00,1996/9/15 0:00,依维柯牌,豪爵牌,366577000000000000 ,364547000000000000 ,199208,196409,11,2,3,工作日,非高峰,2015-03-18,2015年3月18日,多云 /多云,24℃ / 14℃,南风 ≤3级 /南风 ≤3级,多云,多云,24,14,南风,≤3级,南风,≤3级,day
2015-03-18 12:00:00,中铁逸都,1、追尾的,负全部责任,不负责任,1,贵A7575V,黑,1,贵AE7365,黑,无,自培,2000/1/13 0:00,2001/5/14 0:00,丰田牌,豪爵牌,36656051814553697X,364548000000000000 ,197901,196005,12,2,3,工作日,非高峰,2015-03-18,2015年3月18日,多云 /多云,24℃ / 14℃,南风 ≤3级 /南风 ≤3级,多云,多云,24,14,南风,≤3级,南风,≤3级,day
2015-03-18 15:15:00,罗汉营,8、依法应负全责的其他情形,负全部责任,不负责任,1,贵AU6335,绿,1,贵AMF413,红,-1,自培,-1,2004/12/23 0:00,山洋牌,哈飞牌,36656900000000000 ,366361000000000000 ,197701,196308,15,2,3,工作日,非高峰,2015-03-18,2015年3月18日,多云 /多云,24℃ / 14℃,南风 ≤3级 /南风 ≤3级,多云,多云,24,14,南风,≤3级,南风,≤3级,day
2015-03-18 10:40:00,北京西路,7、未按规定让行的 ,负全部责任,不负责任,1,贵AKB511,黄,1,贵AMK413,黄,自培,自培,2004/4/21 0:00,2004/4/16 0:00,别克牌,长安牌,364557000000000000 ,36636651314849897X,197201,195907,10,2,3,工作日,非高峰,2015-03-18,2015年3月18日,多云 /多云,24℃ / 14℃,南风 ≤3级 /南风 ≤3级,多云,多云,24,14,南风,≤3级,南风,≤3级,day
2015-03-18 14:48:00,金清路,7、未按规定让行的 ,负全部责任,不负责任,1,贵AA011E,白,0,贵A79812,红,-1,预约考试窗口,-1,2006/12/4 0:00,宝马,大地牌,76762500000000000 ,366347000000000000 ,197010,198012,14,2,3,工作日,非高峰,2015-03-18,2015年3月18日,多云 /多云,24℃ / 14℃,南风 ≤3级 /南风 ≤3级,多云,多云,24,14,南风,≤3级,南风,≤3级,day
2015-03-18 16:03:00,次南门,8、依法应负全责的其他情形,负全部责任,不负责任,1,贵A36381,银,1,贵AU6323,绿,-1,520120,-1,2010/5/24 0:00,楚风牌,恒通客车牌,354652000000000 ,364547000000000000 ,810620,199105,16,2,3,工作日,非高峰,2015-03-18,2015年3月18日,多云 /多云,24℃ / 14℃,南风 ≤3级 /南风 ≤3级,多云,多云,24,14,南风,≤3级,南风,≤3级,day
2015-03-18 14:45:00,黔林山路,1、追尾的,负全部责任,不负责任,1,贵A89F99,银,1,贵AG4622,银,（南明区）铁二局驾驶培训有限公司,-1,2007/4/19 0:00,-1,大众牌,凯诺牌,366846000000000000 ,364545000000 ,197708,772794,14,2,3,工作日,非高峰,2015-03-18,2015年3月18日,多云 /多云,24℃ / 14℃,南风 ≤3级 /南风 ≤3级,多云,多云,24,14,南风,≤3级,南风,≤3级,day
2015-03-18 17:15:00,大营坡,1、追尾的,负全部责任,不负责任,1,贵AHS292,红,1,贵ADW098,黑,-1,自培,-1,1994/11/23 0:00,东风雪铁龙牌,蒙迪欧,3645750000000000 ,364547000000000000 ,990607,196305,17,2,3,工作日,晚高峰(17-19点),2015-03-18,2015年3月18日,多云 /多云,24℃ / 14℃,南风 ≤3级 /南风 ≤3级,多云,多云,24,14,南风,≤3级,南风,≤3级,day
2015-03-18 19:30:00,兴筑路,7、未按规定让行的 ,负全部责任,不负责任,1,贵A45768,蓝,1,贵A6694M,蓝,-1,鑫鑫驾校,-1,2011/10/13 0:00,宇通牌,雪佛兰牌,36636351224686573X,366361000000000000 ,196602,198412,19,2,3,工作日,晚高峰(17-19点),2015-03-18,2015年3月18日,多云 /多云,24℃ / 14℃,南风 ≤3级 /南风 ≤3级,多云,多云,24,14,南风,≤3级,南风,≤3级,day
2015-03-18 17:20:00,金阳南路,1、追尾的,负全部责任,不负责任,1,豫JDU572,黑,1,贵A0BM94,红,-1,自培,-1,2014/4/14 0:00,长城牌,一汽牌,54167500000000000 ,366675000000000000 ,198502,197602,17,2,3,工作日,晚高峰(17-19点),2015-03-18,2015年3月18日,多云 /多云,24℃ / 14℃,南风 ≤3级 /南风 ≤3级,多云,多云,24,14,南风,≤3级,南风,≤3级,day
2015-03-18 17:00:00,五里冲,8、依法应负全责的其他情形,负全部责任,不负责任,1,桂K71347,白色,1,贵AVL473,黑色,-1,新华驾校,-1,2013/5/15 0:00,五菱牌,荣威牌,36345500000000000 ,366577000000000000 ,197803,198301,17,2,3,工作日,晚高峰(17-19点),2015-03-18,2015年3月18日,多云 /多云,24℃ / 14℃,南风 ≤3级 /南风 ≤3级,多云,多云,24,14,南风,≤3级,南风,≤3级,day
2015-03-18 18:20:00,西二环,8、依法应负全责的其他情形,负全部责任,不负责任,1,川A6L785,黑,1,贵A48M68,白,省交校,贵工驾校,2013/7/11 0:00,2011/6/27 0:00,雪佛兰牌,东风标致牌,355796000000000000 ,364547000000000000 ,198301,197109,18,2,3,工作日,晚高峰(17-19点),2015-03-18,2015年3月18日,多云 /多云,24℃ / 14℃,南风 ≤3级 /南风 ≤3级,多云,多云,24,14,南风,≤3级,南风,≤3级,day
2015-03-18 15:30:00,飞山街,7、未按规定让行的 ,负全部责任,不负责任,1,贵A13N18,银,1,贵AU9838,银,自培,铁二局驾校,2000/12/26 0:00,2006/8/10 0:00,梅赛德斯-奔驰,瑞麒牌,364547000000000000 ,366064000000000000 ,197111,197302,15,2,3,工作日,非高峰,2015-03-18,2015年3月18日,多云 /多云,24℃ / 14℃,南风 ≤3级 /南风 ≤3级,多云,多云,24,14,南风,≤3级,南风,≤3级,day
2015-03-19 08:55:00,二戈寨,7、未按规定让行的 ,负全部责任,不负责任,1,贵FV1880,红色,1,贵AS9602,黑色,自培,-1,2011/9/29 0:00,-1,吉利牌,豪爵牌,366066000000000000 ,366064000000000000 ,197410,197910,8,3,3,工作日,早高峰(7-9点),2015-03-19,2015年3月19日,多云 /阵雨,26℃ / 12℃,南风 ≤3级 /东北风 ≤3级,多云,阵雨,26,12,南风,≤3级,东北风,≤3级,day
2015-03-18 15:00:00,客车站,1、追尾的,负全部责任,不负责任,1,贵AVE609,绿,1,贵AD2706,绿,-1,十一培,-1,1993/9/9 0:00,大众汽车,力帆牌,354364000000000000 ,364548000000000000 ,196806,196302,15,2,3,工作日,非高峰,2015-03-18,2015年3月18日,多云 /多云,24℃ / 14℃,南风 ≤3级 /南风 ≤3级,多云,多云,24,14,南风,≤3级,南风,≤3级,day
2015-03-18 19:05:00,八角岩路,1、追尾的,负全部责任,不负责任,1,贵AU9695,蓝,1,贵A93B67,红,-1,十一培,-1,1998/9/15 0:00,瑞麒牌,大众牌,346448000000000000 ,364548000000000000 ,196212,197502,19,2,3,工作日,晚高峰(17-19点),2015-03-18,2015年3月18日,多云 /多云,24℃ / 14℃,南风 ≤3级 /南风 ≤3级,多云,多云,24,14,南风,≤3级,南风,≤3级,day
2015-03-18 17:20:00,观山东路,1、追尾的,负全部责任,不负责任,1,闽CKW921,红,0,贵A17G77,银,-1,十一培,-1,1995/1/8 0:00,\N,东风雪铁龙牌,364548000000000000 ,366066000000000000 ,198109,197311,17,2,3,工作日,晚高峰(17-19点),2015-03-18,2015年3月18日,多云 /多云,24℃ / 14℃,南风 ≤3级 /南风 ≤3级,多云,多云,24,14,南风,≤3级,南风,≤3级,day
2015-03-18 18:00:00,花孟大道,1、追尾的,负全部责任,不负责任,1,贵A205C6,白色,1,贵A83X36,白色,（白云区）消防驾驶培训学校,十一培,2007/4/29 0:00,1998/9/2 0:00,王牌牌,黄海牌,366368000000000000 ,36454651294548395X,197206,196801,18,2,3,工作日,晚高峰(17-19点),2015-03-18,2015年3月18日,多云 /多云,24℃ / 14℃,南风 ≤3级 /南风 ≤3级,多云,多云,24,14,南风,≤3级,南风,≤3级,day
2015-03-18 14:00:00,太慈桥,7、未按规定让行的 ,负全部责任,不负责任,1,贵AL9077,白,1,贵GF6890,白,（花溪区）高新十七驾驶培训有限公司,自培,2006/1/5 0:00,2004/8/6 0:00,劲扬牌,思威牌,74365500000000000 ,366347000000000000 ,198210,198210,14,2,3,工作日,非高峰,2015-03-18,2015年3月18日,多云 /多云,24℃ / 14℃,南风 ≤3级 /南风 ≤3级,多云,多云,24,14,南风,≤3级,南风,≤3级,day
2015-03-18 14:20:00,东二环,7、未按规定让行的 ,负全部责任,不负责任,1,贵ACU855,白色,1,贵AGD717,白色,（南明区）阳光驾驶培训有限公司,自培,2005/5/9 0:00,2002/5/23 0:00,丰田牌,红旗牌,36454751924956287X,364557000000000000 ,198608,197212,14,2,3,工作日,非高峰,2015-03-18,2015年3月18日,多云 /多云,24℃ / 14℃,南风 ≤3级 /南风 ≤3级,多云,多云,24,14,南风,≤3级,南风,≤3级,day
2015-03-18 16:30:00,解放西路,7、未按规定让行的 ,负全部责任,不负责任,1,贵ANA492,黑色,1,贵FX7384,白色,-1,自培,-1,2004/11/30 0:00,锋范牌,长安牌,56175500000000000 ,364557000000000000 ,197209,197812,16,2,3,工作日,非高峰,2015-03-18,2015年3月18日,多云 /多云,24℃ / 14℃,南风 ≤3级 /南风 ≤3级,多云,多云,24,14,南风,≤3级,南风,≤3级,day
2015-03-18 18:00:00,长江路,8、依法应负全责的其他情形,负全部责任,不负责任,1,贵AB7469,灰色,1,贵A89F46,白色,520115,自培,2004/4/1 0:00,2004/12/8 0:00,雷克牌,理念牌,364648000000000000 ,364548000000000000 ,198603,198110,18,2,3,工作日,晚高峰(17-19点),2015-03-18,2015年3月18日,多云 /多云,24℃ / 14℃,南风 ≤3级 /南风 ≤3级,多云,多云,24,14,南风,≤3级,南风,≤3级,day
2015-03-18 16:10:00,凤凰山,7、未按规定让行的 ,负全部责任,不负责任,1,贵AM4523,白色,1,贵A6359X,白色,自培,自培,2002/3/11 0:00,2004/7/23 0:00,五菱牌,长安牌,36667500000000000 ,364557000000000000 ,197503,198211,16,2,3,工作日,非高峰,2015-03-18,2015年3月18日,多云 /多云,24℃ / 14℃,南风 ≤3级 /南风 ≤3级,多云,多云,24,14,南风,≤3级,南风,≤3级,day
2015-03-18 16:00:00,白云中路,1、追尾的,负全部责任,不负责任,1,贵AB491U,白,1,贵JBC738,红,鑫鑫驾校,-1,2004/10/20 0:00,-1,大众汽车牌,宗申牌,355467000000000000 ,364548000000000 ,197407,720703,16,2,3,工作日,非高峰,2015-03-18,2015年3月18日,多云 /多云,24℃ / 14℃,南风 ≤3级 /南风 ≤3级,多云,多云,24,14,南风,≤3级,南风,≤3级,day
2015-03-18 18:24:00,白云区,3、倒车的,负全部责任,不负责任,1,贵A7741B,银,1,贵AG4697,银,消防驾校,520134,1999/3/26 0:00,2002/8/19 0:00,起亚牌,山城牌,366361000000000000 ,364547000000000000 ,197807,196903,18,2,3,工作日,晚高峰(17-19点),2015-03-18,2015年3月18日,多云 /多云,24℃ / 14℃,南风 ≤3级 /南风 ≤3级,多云,多云,24,14,南风,≤3级,南风,≤3级,day
2015-03-19 07:00:00,新添寨,7、未按规定让行的 ,负全部责任,不负责任,1,贵JDZ564,白,1,贵A6124G,红,-1,新华驾校,-1,2012/8/7 0:00,福克斯牌,长安牌,36455751155448525X,36455651845462476X,199110,197010,7,3,3,工作日,早高峰(7-9点),2015-03-19,2015年3月19日,多云 /阵雨,26℃ / 12℃,南风 ≤3级 /东北风 ≤3级,多云,阵雨,26,12,南风,≤3级,东北风,≤3级,day
2015-03-19 07:30:00,市北路,7、未按规定让行的 ,负全部责任,不负责任,1,皖ACT953,白,0,贵CCY447,白,-1,自培,-1,2003/9/24 0:00,索兰托,甲壳虫,705641000000000000 ,364548000000000000 ,198708,198311,7,3,3,工作日,早高峰(7-9点),2015-03-19,2015年3月19日,多云 /阵雨,26℃ / 12℃,南风 ≤3级 /东北风 ≤3级,多云,阵雨,26,12,南风,≤3级,东北风,≤3级,day
2015-03-19 00:00:00,金阳,7、未按规定让行的 ,负全部责任,不负责任,1,贵A6H572,黑,1,贵A13V19,白,-1,铁二局驾校,-1,2012/7/4 0:00,雪佛兰牌,梅赛德斯-奔驰,364547000000000000 ,784198000000000000 ,196803,198310,0,3,3,工作日,非高峰,2015-03-19,2015年3月19日,多云 /阵雨,26℃ / 12℃,南风 ≤3级 /东北风 ≤3级,多云,阵雨,26,12,南风,≤3级,东北风,≤3级,night
2015-03-19 08:15:00,小河黄河路,7、未按规定让行的 ,负全部责任,不负责任,1,贵A71S42,白色,1,贵AW2845,白色,蓝天驾校,新华驾校,2014/1/20 0:00,2013/3/8 0:00,江淮牌,望江牌,366566000000000000 ,366063000000000000 ,199106,198508,8,3,3,工作日,早高峰(7-9点),2015-03-19,2015年3月19日,多云 /阵雨,26℃ / 12℃,南风 ≤3级 /东北风 ≤3级,多云,阵雨,26,12,南风,≤3级,东北风,≤3级,day
2015-03-19 08:40:00,花溪农学院,7、未按规定让行的 ,负全部责任,不负责任,1,贵A96473,白色,1,贵AU9395,白色,蓝天驾校,贵大驾校,2012/6/7 0:00,2010/8/24 0:00,长安,宝来牌,364556000000000000 ,364556000000000000 ,199205,197910,8,3,3,工作日,早高峰(7-9点),2015-03-19,2015年3月19日,多云 /阵雨,26℃ / 12℃,南风 ≤3级 /东北风 ≤3级,多云,阵雨,26,12,南风,≤3级,东北风,≤3级,day
2015-03-19 05:10:00,317厂,7、未按规定让行的 ,负全部责任,不负责任,0,贵HA6324,红,1,贵A7232X,蓝,省交校,文通驾校,2012/8/8 0:00,2013/4/10 0:00,熊猫牌,大众汽车牌,366263000000000000 ,355464000000000000 ,198202,198307,5,3,3,工作日,非高峰,2015-03-19,2015年3月19日,多云 /阵雨,26℃ / 12℃,南风 ≤3级 /东北风 ≤3级,多云,阵雨,26,12,南风,≤3级,东北风,≤3级,night
2015-03-18 20:00:00,蛮破,3、倒车的,负全部责任,不负责任,1,贵A83G26,白,0,贵GR9088,白,铁二局驾校（南明区）,省交校,2015/3/3 0:00,2012/10/18 0:00,威驰,梅赛德斯-奔驰,364548000000000000 ,364596000000000000 ,198905,198605,20,2,3,工作日,非高峰,2015-03-18,2015年3月18日,多云 /多云,24℃ / 14℃,南风 ≤3级 /南风 ≤3级,多云,多云,24,14,南风,≤3级,南风,≤3级,night