accidenttime,accidentaddr,driver1fault,driver1responsibility,driver2responsibility,sex1,platenumber1,carcolor1,sex2,platenumber2,carcolor2,jxmc1,jxmc2,cclzrq1,cclzrq2,clpp1,clpp2,driver1license,driver2license,brith1,brith2,hour,weekday,month,is_weekday,peak_hour,date,日期,天气状况,气温,风力风向,day_wea,night_wea,day_tep,night_tep,day_wind_direction,day_wind_speed,night_wind_direction,night_wind_speed,segment
2015-03-19 09:30:00,沙冲路,1、追尾的,负全部责任,不负责任,1,贵AU3709,白色,1,贵AHT398,白色,顺一驾驶培训学校,520109,2011/5/23 0:00,2011/3/30 0:00,捷达牌,吉利牌,366068000000000000 ,354268000000000000 ,198812,199009,9,3,3,工作日,早高峰(7-9点),2015-03-19,2015年3月19日,多云 /阵雨,26℃ / 12℃,南风 ≤3级 /东北风 ≤3级,多云,阵雨,26,12,南风,≤3级,东北风,≤3级,day
2015-03-18 22:30:00,贵惠大道,7、未按规定让行的 ,负全部责任,不负责任,1,贵FM1259,白色,1,贵FA2659,白色,新华驾校,市交校,2012/12/26 0:00,2004/6/17 0:00,北京现代牌,江淮牌,366566000000000000 ,366562000000000000 ,199311,198109,22,2,3,工作日,非高峰,2015-03-18,2015年3月18日,多云 /多云,24℃ / 14℃,南风 ≤3级 /南风 ≤3级,多云,多云,24,14,南风,≤3级,南风,≤3级,night
2015-03-19 09:30:00,白山北路,1、追尾的,负全部责任,不负责任,1,贵ANX975,红,1,贵ADL808,银,-1,预约考试窗口,-1,2006/12/29 0:00,欧洲之星,波罗牌,364527000000000000 ,364548000000000000 ,198408,198601,9,3,3,工作日,早高峰(7-9点),2015-03-19,2015年3月19日,多云 /阵雨,26℃ / 12℃,南风 ≤3级 /东北风 ≤3级,多云,阵雨,26,12,南风,≤3级,东北风,≤3级,day
2015-03-18 16:00:00,小河转盘,1、追尾的,负全部责任,不负责任,1,贵GP0704,黑色,1,贵AVC747,白色,自培,顺一驾驶培训学校,2013/12/5 0:00,2011/11/28 0:00,东风标致牌,丰田牌,364551000000000000 ,356147000000000000 ,199010,196504,16,2,3,工作日,非高峰,2015-03-18,2015年3月18日,多云 /多云,24℃ / 14℃,南风 ≤3级 /南风 ≤3级,多云,多云,24,14,南风,≤3级,南风,≤3级,day
2015-03-18 18:30:00,杨家山,1、追尾的,负全部责任,不负责任,1,贵ASK182,白色,1,贵AA8754,白色,自培,-1,2004/2/25 0:00,-1,朗逸牌,长安,364547000000000000 ,36455500000000000 ,197710,987100,18,2,3,工作日,晚高峰(17-19点),2015-03-18,2015年3月18日,多云 /多云,24℃ / 14℃,南风 ≤3级 /南风 ≤3级,多云,多云,24,14,南风,≤3级,南风,≤3级,day
2015-03-18 17:05:00,白云区,7、未按规定让行的 ,负全部责任,不负责任,1,贵A35S28,黄,0,贵ACK982,黄,自培,-1,2001/8/31 0:00,-1,雪佛兰牌,奥迪牌,364548000000000000 ,74895500000000000 ,196112,198910,17,2,3,工作日,晚高峰(17-19点),2015-03-18,2015年3月18日,多云 /多云,24℃ / 14℃,南风 ≤3级 /南风 ≤3级,多云,多云,24,14,南风,≤3级,南风,≤3级,day
2015-03-18 16:30:00,北二环,1、追尾的,负全部责任,不负责任,1,贵AU0005,蓝,1,贵A68Y61,黑,自培,-1,2004/6/29 0:00,-1,宝来牌,北京现代牌,366361000000000000 ,36636400000000000 ,198009,196010,16,2,3,工作日,非高峰,2015-03-18,2015年3月18日,多云 /多云,24℃ / 14℃,南风 ≤3级 /南风 ≤3级,多云,多云,24,14,南风,≤3级,南风,≤3级,day
2015-03-19 07:20:00,花果园,7、未按规定让行的 ,负全部责任,不负责任,1,贵A97787,红,1,贵AET158,白,自培,全林驾校,2000/6/14 0:00,2013/6/19 0:00,五菱,风神牌,364547000000000000 ,364547000000000000 ,197212,198707,7,3,3,工作日,早高峰(7-9点),2015-03-19,2015年3月19日,多云 /阵雨,26℃ / 12℃,南风 ≤3级 /东北风 ≤3级,多云,阵雨,26,12,南风,≤3级,东北风,≤3级,day
2015-03-19 09:30:00,艺校立交,1、追尾的,负全部责任,不负责任,1,贵A4LA04,白色,1,贵ADF868,白色,-1,十一培,-1,1994/10/18 0:00,-1,夏利,3574745114426085X,364548000000000000 ,199006,195005,9,3,3,工作日,早高峰(7-9点),2015-03-19,2015年3月19日,多云 /阵雨,26℃ / 12℃,南风 ≤3级 /东北风 ≤3级,多云,阵雨,26,12,南风,≤3级,东北风,≤3级,day
2015-03-18 17:00:00,陈亮,7、未按规定让行的 ,负全部责任,不负责任,1,贵A4192M,黑色,1,贵ANL751,白色,顺一驾驶培训学校,自培,2014/8/18 0:00,2006/1/4 0:00,比亚迪牌,雪佛兰牌,364556000000000000 ,364551000000000000 ,199101,198201,17,2,3,工作日,晚高峰(17-19点),2015-03-18,2015年3月18日,多云 /多云,24℃ / 14℃,南风 ≤3级 /南风 ≤3级,多云,多云,24,14,南风,≤3级,南风,≤3级,day
2015-03-18 22:03:00,大营坡,3、倒车的,负全部责任,不负责任,1,贵AU8660,蓝,1,贵A14S55,黑,自培,自培,2010/3/23 0:00,2008/1/17 0:00,瑞麒牌,大众汽车牌,366067000000000000 ,364548000000000000 ,197403,198707,22,2,3,工作日,非高峰,2015-03-18,2015年3月18日,多云 /多云,24℃ / 14℃,南风 ≤3级 /南风 ≤3级,多云,多云,24,14,南风,≤3级,南风,≤3级,night
2015-03-18 17:00:00,公安局,8、依法应负全责的其他情形,负全部责任,不负责任,1,贵MG5623,黑,1,贵A41B88,黑,自培,自培,2008/1/15 0:00,2002/3/16 0:00,-1,大众汽车牌,366761000000000000 ,366766000000000000 ,198609,197212,17,2,3,工作日,晚高峰(17-19点),2015-03-18,2015年3月18日,多云 /多云,24℃ / 14℃,南风 ≤3级 /南风 ≤3级,多云,多云,24,14,南风,≤3级,南风,≤3级,day
2015-03-19 10:30:00,金朱东路,7、未按规定让行的 ,负全部责任,不负责任,1,贵A99153,黄,1,贵AD2218,黑,-1,520127,-1,2009/3/18 0:00,隆鑫牌,中华,355247000000000000 ,364558000000000000 ,199310,196808,10,3,3,工作日,非高峰,2015-03-19,2015年3月19日,多云 /阵雨,26℃ / 12℃,南风 ≤3级 /东北风 ≤3级,多云,阵雨,26,12,南风,≤3级,东北风,≤3级,day
2015-03-19 10:00:00,青年路,1、追尾的,负全部责任,不负责任,1,贵A51M41,白色,1,贵JR2164,白色,-1,-1,-1,-1,比亚迪牌,帕萨特牌,364545000000 ,366577000000000000 ,102463,198401,10,3,3,工作日,非高峰,2015-03-19,2015年3月19日,多云 /阵雨,26℃ / 12℃,南风 ≤3级 /东北风 ≤3级,多云,阵雨,26,12,南风,≤3级,东北风,≤3级,day
2015-03-19 10:53:00,花香村,7、未按规定让行的 ,负全部责任,不负责任,1,贵A7854E,红,1,湘A7GY98,黑,高新驾校,-1,2010/5/10 0:00,-1,吉利全球鹰牌,丰田牌,366361000000000000 ,76174500000000000 ,197805,198302,10,3,3,工作日,非高峰,2015-03-19,2015年3月19日,多云 /阵雨,26℃ / 12℃,南风 ≤3级 /东北风 ≤3级,多云,阵雨,26,12,南风,≤3级,东北风,≤3级,day
2015-03-19 10:30:00,明珠大道,7、未按规定让行的 ,负全部责任,不负责任,1,贵AAP983,白色,1,贵APU443,白色,-1,自培,-1,1992/2/20 0:00,东风雪铁龙牌,科雷傲,364646000000000000 ,364556000000000000 ,197608,196810,10,3,3,工作日,非高峰,2015-03-19,2015年3月19日,多云 /阵雨,26℃ / 12℃,南风 ≤3级 /东北风 ≤3级,多云,阵雨,26,12,南风,≤3级,东北风,≤3级,day
2015-03-19 10:25:00,长岭南路,1、追尾的,负全部责任,不负责任,1,贵GV2919,黑,1,贵A9142N,蓝,-1,兴黔驾驶培训学校,-1,2006/4/21 0:00,德宝X5,菲亚特,66060500000000000 ,36606351234551567X,196601,196501,10,3,3,工作日,非高峰,2015-03-19,2015年3月19日,多云 /阵雨,26℃ / 12℃,南风 ≤3级 /东北风 ≤3级,多云,阵雨,26,12,南风,≤3级,东北风,≤3级,day
2015-03-19 10:00:00,二铺,3、倒车的,负全部责任,不负责任,1,贵A02819,黑,1,豫SD5089,白,-1,-1,-1,-1,三菱牌,丰田牌,364547000000000000 ,57468500000000000 ,194707,197009,10,3,3,工作日,非高峰,2015-03-19,2015年3月19日,多云 /阵雨,26℃ / 12℃,南风 ≤3级 /东北风 ≤3级,多云,阵雨,26,12,南风,≤3级,东北风,≤3级,day
2015-03-19 11:30:00,白云区,1、追尾的,负全部责任,不负责任,1,渝BU7714,黑,1,贵A3F777,红,-1,贵阳万里圣驾校,-1,2014/7/19 0:00,-1,-1,366766000000000000 ,364558000000000000 ,198502,198601,11,3,3,工作日,非高峰,2015-03-19,2015年3月19日,多云 /阵雨,26℃ / 12℃,南风 ≤3级 /东北风 ≤3级,多云,阵雨,26,12,南风,≤3级,东北风,≤3级,day
2015-03-19 12:26:00,高新区,8、依法应负全责的其他情形,负全部责任,不负责任,0,贵ACR354,银,1,贵A2BZ04,黄,-1,520125,-1,2008/9/4 0:00,荣威牌,谛艾仕牌,366346000000000 ,364547000000000000 ,791121,198110,12,3,3,工作日,非高峰,2015-03-19,2015年3月19日,多云 /阵雨,26℃ / 12℃,南风 ≤3级 /东北风 ≤3级,多云,阵雨,26,12,南风,≤3级,东北风,≤3级,day
2015-03-19 12:20:00,长岭南路,8、依法应负全责的其他情形,负全部责任,不负责任,1,贵A26L74,银,1,贵AU0669,蓝,时发驾校,十一培,2013/4/17 0:00,1994/1/13 0:00,途威,捷达牌,366063000000000000 ,364547000000000000 ,197210,196704,12,3,3,工作日,非高峰,2015-03-19,2015年3月19日,多云 /阵雨,26℃ / 12℃,南风 ≤3级 /东北风 ≤3级,多云,阵雨,26,12,南风,≤3级,东北风,≤3级,day
2015-03-19 10:00:00,花果园,8、依法应负全责的其他情形,负全部责任,不负责任,1,贵AHG517,黑,1,贵AU7935,蓝,自培,十一培,2007/12/4 0:00,1997/4/24 0:00,北京牌,钱江牌,354698000000000000 ,364547000000000000 ,197905,197904,10,3,3,工作日,非高峰,2015-03-19,2015年3月19日,多云 /阵雨,26℃ / 12℃,南风 ≤3级 /东北风 ≤3级,多云,阵雨,26,12,南风,≤3级,东北风,≤3级,day
2015-03-19 08:30:00,金阳,8、依法应负全责的其他情形,负全部责任,不负责任,0,贵A7H675,白,1,贵AU6396,蓝,十一驾校（经开区）,自培,2015/2/27 0:00,2003/12/31 0:00,宝马牌,丰田牌,364647000000000000 ,364558000000000000 ,198504,198310,8,3,3,工作日,早高峰(7-9点),2015-03-19,2015年3月19日,多云 /阵雨,26℃ / 12℃,南风 ≤3级 /东北风 ≤3级,多云,阵雨,26,12,南风,≤3级,东北风,≤3级,day
2015-03-19 11:18:00,白云区,7、未按规定让行的 ,负全部责任,不负责任,0,贵AFN674,黑,1,贵AU2272,绿,景宏驾校,自培,2014/12/23 0:00,2000/6/22 0:00,吉利美日牌,宗申牌,364558000000000000 ,364547000000000 ,197707,770725,11,3,3,工作日,非高峰,2015-03-19,2015年3月19日,多云 /阵雨,26℃ / 12℃,南风 ≤3级 /东北风 ≤3级,多云,阵雨,26,12,南风,≤3级,东北风,≤3级,day
2015-03-19 12:50:00,喷水池,1、追尾的,负全部责任,不负责任,1,贵A6A596,黑,1,贵A27L29,白,-1,自培,-1,2005/7/11 0:00,-1,丰田牌,36636700000000000 ,364547000000000000 ,197011,198507,12,3,3,工作日,非高峰,2015-03-19,2015年3月19日,多云 /阵雨,26℃ / 12℃,南风 ≤3级 /东北风 ≤3级,多云,阵雨,26,12,南风,≤3级,东北风,≤3级,day
2015-03-19 13:10:00,北街路,7、未按规定让行的 ,负全部责任,不负责任,1,贵A746A8,银,1,贵ACC674,蓝,-1,自培,-1,2004/3/30 0:00,福田牌,东风雪铁龙牌,366546000000000000 ,354756000000000000 ,198711,197105,13,3,3,工作日,非高峰,2015-03-19,2015年3月19日,多云 /阵雨,26℃ / 12℃,南风 ≤3级 /东北风 ≤3级,多云,阵雨,26,12,南风,≤3级,东北风,≤3级,day
2015-03-19 08:30:00,福州街,7、未按规定让行的 ,负全部责任,不负责任,1,贵JDN435,银,1,贵A24879,白,自培,自培,2002/8/23 0:00,2004/8/25 0:00,东风雪铁龙牌,大众牌,364548000000000000 ,366069000000000000 ,198106,198108,8,3,3,工作日,早高峰(7-9点),2015-03-19,2015年3月19日,多云 /阵雨,26℃ / 12℃,南风 ≤3级 /东北风 ≤3级,多云,阵雨,26,12,南风,≤3级,东北风,≤3级,day
2015-03-18 21:00:00,黔林山路,1、追尾的,负全部责任,不负责任,1,贵ARB946,黑,1,贵A0AR61,红,自培,自培,2006/8/8 0:00,2001/7/31 0:00,雪佛兰牌,波罗牌,364548000000000000 ,364547000000000000 ,198207,198306,21,2,3,工作日,非高峰,2015-03-18,2015年3月18日,多云 /多云,24℃ / 14℃,南风 ≤3级 /南风 ≤3级,多云,多云,24,14,南风,≤3级,南风,≤3级,night
2015-03-19 08:56:00,观山东路,1、追尾的,负全部责任,不负责任,1,贵AX9043,银,1,贵A35H28,银,自培,自培,2004/11/2 0:00,2004/2/9 0:00,豪爵牌,金杯牌,366868000000000000 ,36454751845445727X,197611,197010,8,3,3,工作日,早高峰(7-9点),2015-03-19,2015年3月19日,多云 /阵雨,26℃ / 12℃,南风 ≤3级 /东北风 ≤3级,多云,阵雨,26,12,南风,≤3级,东北风,≤3级,day
2015-03-19 13:30:00,金阳,8、依法应负全责的其他情形,负全部责任,不负责任,1,贵A21V96,白,1,贵ADE307,黑,-1,预约考试窗口,-1,2006/12/30 0:00,别克牌,五菱牌,06416651815567297X,364547000000000000 ,197911,197301,13,3,3,工作日,非高峰,2015-03-19,2015年3月19日,多云 /阵雨,26℃ / 12℃,南风 ≤3级 /东北风 ≤3级,多云,阵雨,26,12,南风,≤3级,东北风,≤3级,day
2015-03-19 13:02:00,二手车交易市场,8、依法应负全责的其他情形,负全部责任,不负责任,1,贵AU3657,蓝,1,贵GX4888,黑,（南明区）吉源驾驶培训有限公司,自培,2005/6/2 0:00,2011/12/16 0:00,豪爵牌,雅阁牌,354361000000000000 ,355561000000000000 ,196408,199211,13,3,3,工作日,非高峰,2015-03-19,2015年3月19日,多云 /阵雨,26℃ / 12℃,南风 ≤3级 /东北风 ≤3级,多云,阵雨,26,12,南风,≤3级,东北风,≤3级,day
2015-03-19 14:00:00,西南商贸城,8、依法应负全责的其他情形,负全部责任,不负责任,1,贵FS0982,银,1,贵GR7000,黄,鑫鑫驾校,-1,2014/11/5 0:00,-1,北京牌,别克牌,54666500000000000 ,655467000000000000 ,199501,196407,14,3,3,工作日,非高峰,2015-03-19,2015年3月19日,多云 /阵雨,26℃ / 12℃,南风 ≤3级 /东北风 ≤3级,多云,阵雨,26,12,南风,≤3级,东北风,≤3级,day
2015-03-19 14:30:00,北京路,7、未按规定让行的 ,负全部责任,不负责任,1,贵A71814,银,1,贵AM4294,白,贵州省长安驾驶培训学校,预约考试窗口,2012/5/8 0:00,2006/9/28 0:00,长城,田野牌,366063000000000000 ,357475000000000000 ,198502,197608,14,3,3,工作日,非高峰,2015-03-19,2015年3月19日,多云 /阵雨,26℃ / 12℃,南风 ≤3级 /东北风 ≤3级,多云,阵雨,26,12,南风,≤3级,东北风,≤3级,day
2015-03-19 14:30:00,体育路,1、追尾的,负全部责任,不负责任,1,贵A6103H,白,1,贵AGH568,白,景宏驾校,-1,2012/8/14 0:00,-1,福田牌,江铃全顺牌,64766500000000000 ,73497500000000000 ,199007,989090,14,3,3,工作日,非高峰,2015-03-19,2015年3月19日,多云 /阵雨,26℃ / 12℃,南风 ≤3级 /东北风 ≤3级,多云,阵雨,26,12,南风,≤3级,东北风,≤3级,day
2015-03-19 12:21:00,西南商贸城,1、追尾的,负全部责任,不负责任,1,贵AV9807,蓝,1,贵AV0979,蓝,-1,吉源驾校（南明区）,-1,2005/2/21 0:00,重骑牌,东风标致牌,36455800000000000 ,366364000000000000 ,196511,196604,12,3,3,工作日,非高峰,2015-03-19,2015年3月19日,多云 /阵雨,26℃ / 12℃,南风 ≤3级 /东北风 ≤3级,多云,阵雨,26,12,南风,≤3级,东北风,≤3级,day
2015-03-19 13:00:00,解放西路,1、追尾的,负全部责任,不负责任,1,贵GS9887,白色,1,贵HL8601,白色,自培,-1,2004/3/12 0:00,-1,沃尔沃,春风牌,356668000000000000 ,76746500000000000 ,197301,197802,13,3,3,工作日,非高峰,2015-03-19,2015年3月19日,多云 /阵雨,26℃ / 12℃,南风 ≤3级 /东北风 ≤3级,多云,阵雨,26,12,南风,≤3级,东北风,≤3级,day
2015-03-19 15:00:00,世纪城,7、未按规定让行的 ,负全部责任,不负责任,1,贵ASG182,红,1,贵ABW9729,蓝,自培,-1,2011/3/28 0:00,-1,长安牌,-1,366566000000000000 ,364648000000000000 ,196308,198612,15,3,3,工作日,非高峰,2015-03-19,2015年3月19日,多云 /阵雨,26℃ / 12℃,南风 ≤3级 /东北风 ≤3级,多云,阵雨,26,12,南风,≤3级,东北风,≤3级,day
2015-03-19 16:00:00,八匹马,8、依法应负全责的其他情形,负全部责任,不负责任,1,贵A8118K,白,1,贵JR3289,黑,-1,-1,-1,-1,奇瑞牌,别克,36455651385445636X,366576000000000000 ,195710,198502,16,3,3,工作日,非高峰,2015-03-19,2015年3月19日,多云 /阵雨,26℃ / 12℃,南风 ≤3级 /东北风 ≤3级,多云,阵雨,26,12,南风,≤3级,东北风,≤3级,day
2015-03-19 17:20:00,黄河路,7、未按规定让行的 ,负全部责任,不负责任,1,贵AU6139,白色,1,贵AHB977,黑色,-1,520118,-1,2009/3/17 0:00,万达牌,三菱牌,366064000000000000 ,354166000000000000 ,197507,197904,17,3,3,工作日,晚高峰(17-19点),2015-03-19,2015年3月19日,多云 /阵雨,26℃ / 12℃,南风 ≤3级 /东北风 ≤3级,多云,阵雨,26,12,南风,≤3级,东北风,≤3级,day
2015-03-19 16:00:00,世纪城,4、停车时未挂低速档、未拉驻车制动，导致车辆滑行的,负全部责任,不负责任,1,贵APL517,黑,1,贵A3BJ58,银,黔南剑江汽车驾驶培训学校,省交校,2010/9/10 0:00,2010/11/12 0:00,荣威牌,起亚牌,366868000000000000 ,364557000000000000 ,198707,198905,16,3,3,工作日,非高峰,2015-03-19,2015年3月19日,多云 /阵雨,26℃ / 12℃,南风 ≤3级 /东北风 ≤3级,多云,阵雨,26,12,南风,≤3级,东北风,≤3级,day
2015-03-19 16:00:00,青云路,3、倒车的,负全部责任,不负责任,1,赣C6A558,白,1,贵A27V76,白,-1,金筑驾校,-1,2005/7/20 0:00,福克斯牌,雅阁牌,726662000000000000 ,364557000000000000 ,198909,198601,16,3,3,工作日,非高峰,2015-03-19,2015年3月19日,多云 /阵雨,26℃ / 12℃,南风 ≤3级 /东北风 ≤3级,多云,阵雨,26,12,南风,≤3级,东北风,≤3级,day
2015-03-19 17:23:00,北京路,1、追尾的,负全部责任,不负责任,1,贵ADY873,白,1,贵A2G257,黑,-1,时法驾校,1976/11/4 0:00,-1,五菱牌,-1,366846000000000000 ,366569000000000000 ,195410,198710,17,3,3,工作日,晚高峰(17-19点),2015-03-19,2015年3月19日,多云 /阵雨,26℃ / 12℃,南风 ≤3级 /东北风 ≤3级,多云,阵雨,26,12,南风,≤3级,东北风,≤3级,day
2015-03-19 16:15:00,二戈寨,7、未按规定让行的 ,负全部责任,不负责任,1,贵A5988Y,白色,1,贵AB266C,白色,吉源驾校,时发驾校,2015/2/4 0:00,2012/3/21 0:00,北京牌,北京牌,355461000000000000 ,366662000000000000 ,198809,199112,16,3,3,工作日,非高峰,2015-03-19,2015年3月19日,多云 /阵雨,26℃ / 12℃,南风 ≤3级 /东北风 ≤3级,多云,阵雨,26,12,南风,≤3级,东北风,≤3级,day
2015-03-19 14:12:00,南明区,7、未按规定让行的 ,负全部责任,不负责任,1,贵A57A38,黑,1,贵A7W413,黑,（乌当区）新华驾驶培训有限公司,-1,2005/7/12 0:00,-1,丰田牌,长安牌,366662000000000000 ,366060000000000000 ,197501,497408,14,3,3,工作日,非高峰,2015-03-19,2015年3月19日,多云 /阵雨,26℃ / 12℃,南风 ≤3级 /东北风 ≤3级,多云,阵雨,26,12,南风,≤3级,东北风,≤3级,day
2015-03-19 14:50:00,三桥,7、未按规定让行的 ,负全部责任,不负责任,1,桂NM554,白,1,贵CCD210,白,-1,省交校,-1,2013/12/5 0:00,\N,大众牌,366564000000000000 ,366570000000000000 ,199011,198811,14,3,3,工作日,非高峰,2015-03-19,2015年3月19日,多云 /阵雨,26℃ / 12℃,南风 ≤3级 /东北风 ≤3级,多云,阵雨,26,12,南风,≤3级,东北风,≤3级,day
2015-03-19 15:05:00,清溪路,7、未按规定让行的 ,负全部责任,不负责任,1,贵AUA615,白色,1,贵A53189,白色,自培,其  它,2006/7/10 0:00,2002/5/31 0:00,奇瑞牌,银钢牌,364556000000000000 ,354267000000000000 ,197211,197508,15,3,3,工作日,非高峰,2015-03-19,2015年3月19日,多云 /阵雨,26℃ / 12℃,南风 ≤3级 /东北风 ≤3级,多云,阵雨,26,12,南风,≤3级,东北风,≤3级,day
2015-03-19 14:20:00,湘雅村,1、追尾的,负全部责任,不负责任,1,贵AW834,白色,1,贵A27Y54,白色,自培,预约考试窗口,2002/4/24 0:00,2007/6/4 0:00,-1,别克牌,366361000000000000 ,364556000000000000 ,198401,198812,14,3,3,工作日,非高峰,2015-03-19,2015年3月19日,多云 /阵雨,26℃ / 12℃,南风 ≤3级 /东北风 ≤3级,多云,阵雨,26,12,南风,≤3级,东北风,≤3级,day
2015-03-19 12:45:00,长岭北路,8、依法应负全责的其他情形,负全部责任,不负责任,1,贵A73E96,银,1,贵A47L87,银,自培,自培,2004/5/10 0:00,2014/1/3 0:00,海马牌,宝骏牌,366267000000000000 ,364566000000000000 ,197210,199003,12,3,3,工作日,非高峰,2015-03-19,2015年3月19日,多云 /阵雨,26℃ / 12℃,南风 ≤3级 /东北风 ≤3级,多云,阵雨,26,12,南风,≤3级,东北风,≤3级,day
2015-03-19 15:26:00,西二环,1、追尾的,负全部责任,不负责任,1,贵ABE189,银,1,贵A0H546,银,自培,全林驾校,2003/10/16 0:00,2011/10/31 0:00,长安牌,五菱牌,75495500000000000 ,364557000000000000 ,198201,198307,15,3,3,工作日,非高峰,2015-03-19,2015年3月19日,多云 /阵雨,26℃ / 12℃,南风 ≤3级 /东北风 ≤3级,多云,阵雨,26,12,南风,≤3级,东北风,≤3级,day
2015-03-19 17:00:00,杨家山,1、追尾的,负全部责任,不负责任,1,贵AHU932,银,1,贵APJ566,银,自培,贵州现代驾驶培训责任有限公司,2004/4/7 0:00,2014/8/26 0:00,福克斯牌,森林人,364547000000000000 ,364551000000000000 ,197011,199406,17,3,3,工作日,晚高峰(17-19点),2015-03-19,2015年3月19日,多云 /阵雨,26℃ / 12℃,南风 ≤3级 /东北风 ≤3级,多云,阵雨,26,12,南风,≤3级,东北风,≤3级,day
2015-03-19 16:20:00,观山东路,1、追尾的,负全部责任,不负责任,1,贵AWQ216,银,1,粤HTJ459,黑,自培,-1,2004/5/11 0:00,-1,沃尔沃,丰田牌,36454651804143565X,36666051164851695X,197409,199207,16,3,3,工作日,非高峰,2015-03-19,2015年3月19日,多云 /阵雨,26℃ / 12℃,南风 ≤3级 /东北风 ≤3级,多云,阵雨,26,12,南风,≤3级,东北风,≤3级,day
2015-03-19 16:00:00,肿瘤医院,3、倒车的,负全部责任,不负责任,1,贵A2587,白,1,贵A6A581,白,自培,十一培,2004/3/30 0:00,1989/5/11 0:00,东风雪铁龙牌,-1,364557000000000000 ,364547000000000000 ,197002,196505,16,3,3,工作日,非高峰,2015-03-19,2015年3月19日,多云 /阵雨,26℃ / 12℃,南风 ≤3级 /东北风 ≤3级,多云,阵雨,26,12,南风,≤3级,东北风,≤3级,day
2015-03-19 14:05:00,金竹立交,7、未按规定让行的 ,负全部责任,不负责任,1,贵CC5771,白色,1,贵CKW367,白色,-1,自培,-1,2004/9/9 0:00,长安牌,东风雪铁龙牌,36656100000000000 ,354647000000000000 ,199072,198210,14,3,3,工作日,非高峰,2015-03-19,2015年3月19日,多云 /阵雨,26℃ / 12℃,南风 ≤3级 /东北风 ≤3级,多云,阵雨,26,12,南风,≤3级,东北风,≤3级,day
2015-03-19 14:00:00,保利,7、未按规定让行的 ,负全部责任,不负责任,1,贵A91G97,白,1,粤BB6803,银,自培,自培,2004/12/1 0:00,2001/4/26 0:00,斯柯达牌,丰田,364547000000000000 ,366664000000000000 ,198508,198208,14,3,3,工作日,非高峰,2015-03-19,2015年3月19日,多云 /阵雨,26℃ / 12℃,南风 ≤3级 /东北风 ≤3级,多云,阵雨,26,12,南风,≤3级,东北风,≤3级,day
2015-03-19 18:56:00,湘雅村,7、未按规定让行的 ,负全部责任,不负责任,1,贵AU1264,白色,1,贵AU0287,白色,520129,消防驾校,2009/10/28 0:00,2002/8/29 0:00,丰田牌,东力牌,354364000000000000 ,364547000000000000 ,197406,198309,18,3,3,工作日,晚高峰(17-19点),2015-03-19,2015年3月19日,多云 /阵雨,26℃ / 12℃,南风 ≤3级 /东北风 ≤3级,多云,阵雨,26,12,南风,≤3级,东北风,≤3级,day
2015-03-19 18:00:00,纪念塔,9、不符合前8款规定或者双方同时具有上述情形的,负同等责任,负同等责任,1,贵AW9339,黑,1,贵AU6431,黑,（观山湖区）诚信驾驶培训有限公司,自培,2006/7/6 0:00,1991/12/4 0:00,豪爵牌,陆胜牌,364548000000000000 ,364547000000000000 ,198705,196807,18,3,3,工作日,晚高峰(17-19点),2015-03-19,2015年3月19日,多云 /阵雨,26℃ / 12℃,南风 ≤3级 /东北风 ≤3级,多云,阵雨,26,12,南风,≤3级,东北风,≤3级,day
2015-03-19 17:00:00,麦架,1、追尾的,负全部责任,不负责任,1,贵A2BB27,银,1,贵A7197C,红,路路达驾校,M003,2012/9/29 0:00,2012/3/31 0:00,大众汽车牌,东风日产牌,364558000000000000 ,364558000000000000 ,199010,197609,17,3,3,工作日,晚高峰(17-19点),2015-03-19,2015年3月19日,多云 /阵雨,26℃ / 12℃,南风 ≤3级 /东北风 ≤3级,多云,阵雨,26,12,南风,≤3级,东北风,≤3级,day
2015-03-19 20:00:00,五里冲,7、未按规定让行的 ,负全部责任,不负责任,1,贵ADW858,白,1,贵AA627F,黑,-1,（经开区）十一驾驶培训有限公司,-1,2014/10/11 0:00,福田牌,吉利美日牌,364544000000 ,366063000000000000 ,532418,199007,20,3,3,工作日,非高峰,2015-03-19,2015年3月19日,多云 /阵雨,26℃ / 12℃,南风 ≤3级 /东北风 ≤3级,多云,阵雨,26,12,南风,≤3级,东北风,≤3级,night
2015-03-19 17:50:00,花果园,7、未按规定让行的 ,负全部责任,不负责任,1,贵GN5231,红,1,贵JJ2118,红,-1,预约考试窗口,-1,2006/4/29 0:00,凯迪拉克SRX跨界车,马自达(MAZDA)牌,74863500000000000 ,364547000000000000 ,199112,196606,17,3,3,工作日,晚高峰(17-19点),2015-03-19,2015年3月19日,多云 /阵雨,26℃ / 12℃,南风 ≤3级 /东北风 ≤3级,多云,阵雨,26,12,南风,≤3级,东北风,≤3级,day