accidenttime,accidentaddr,driver1fault,driver1responsibility,driver2responsibility,sex1,platenumber1,carcolor1,sex2,platenumber2,carcolor2,jxmc1,jxmc2,cclzrq1,cclzrq2,clpp1,clpp2,driver1license,driver2license,brith1,brith2,hour,weekday,month,is_weekday,peak_hour,date,日期,天气状况,气温,风力风向,day_wea,night_wea,day_tep,night_tep,day_wind_direction,day_wind_speed,night_wind_direction,night_wind_speed,segment
2015-03-19 20:20:00,头桥,7、未按规定让行的 ,负全部责任,不负责任,1,贵A7AP79,黑,1,贵ABU003,黑,诚信驾驶培训学校,预约考试窗口,2012/3/23 0:00,2007/4/3 0:00,长城牌,神龙-富康,36455751964652697X,366863000000000000 ,198202,197109,20,3,3,工作日,非高峰,2015-03-19,2015年3月19日,多云 /阵雨,26℃ / 12℃,南风 ≤3级 /东北风 ≤3级,多云,阵雨,26,12,南风,≤3级,东北风,≤3级,night
2015-03-19 20:00:00,花溪大道,1、追尾的,负全部责任,不负责任,1,贵A105C3,白色,1,贵A53C64,白色,贵州省长安驾驶培训学校,时发驾校,2013/4/27 0:00,1997/6/9 0:00,东风牌,锋范牌,357364000000000000 ,364547000000000000 ,197602,196308,20,3,3,工作日,非高峰,2015-03-19,2015年3月19日,多云 /阵雨,26℃ / 12℃,南风 ≤3级 /东北风 ≤3级,多云,阵雨,26,12,南风,≤3级,东北风,≤3级,night
2015-03-19 18:00:00,艺校立交,1、追尾的,负全部责任,不负责任,1,贵JDY232,白色,1,浙C82U12,白色,新天驾校,-1,2015/2/3 0:00,-1,北京现代牌,福特牌,364547000000000000 ,77476600000000000 ,198804,197704,18,3,3,工作日,晚高峰(17-19点),2015-03-19,2015年3月19日,多云 /阵雨,26℃ / 12℃,南风 ≤3级 /东北风 ≤3级,多云,阵雨,26,12,南风,≤3级,东北风,≤3级,day
2015-03-19 21:20:00,观水路,1、追尾的,负全部责任,不负责任,1,贵A260D6,黄,1,贵A41P67,白,-1,青正驾校,-1,2012/12/24 0:00,解放牌,雪佛兰(CHEVR0LET)牌,355741000000000000 ,366347000000000000 ,199009,198012,21,3,3,工作日,非高峰,2015-03-19,2015年3月19日,多云 /阵雨,26℃ / 12℃,南风 ≤3级 /东北风 ≤3级,多云,阵雨,26,12,南风,≤3级,东北风,≤3级,night
2015-03-20 07:50:00,苗圃隧道,1、追尾的,负全部责任,不负责任,1,贵A6908W,白色,1,贵AJ6P25,白色,-1,520124,-1,2009/10/10 0:00,夏利,-1,3665460000000000 ,364556000000000000 ,198607,198708,7,4,3,工作日,早高峰(7-9点),2015-03-20,2015年3月20日,阴 /阵雨,14℃ / 10℃,东北风 ≤3级 /东北风 ≤3级,阴,阵雨,14,10,东北风,≤3级,东北风,≤3级,day
2015-03-19 15:40:00,头桥,8、依法应负全责的其他情形,负全部责任,不负责任,1,冀EBE297,黑色,1,贵A31167,白色,自培,-1,2010/9/7 0:00,-1,江铃全顺牌,江淮牌,574369000000000000 ,366861000000000000 ,199203,196712,15,3,3,工作日,非高峰,2015-03-19,2015年3月19日,多云 /阵雨,26℃ / 12℃,南风 ≤3级 /东北风 ≤3级,多云,阵雨,26,12,南风,≤3级,东北风,≤3级,day
2015-03-19 15:40:00,中华中路,1、追尾的,负全部责任,不负责任,1,贵AU2847,黄,1,贵A53M36,银,自培,文通驾校,2001/7/31 0:00,2012/7/4 0:00,瑞麒牌,沃尔沃,366367000000000000 ,364547000000000000 ,196706,196710,15,3,3,工作日,非高峰,2015-03-19,2015年3月19日,多云 /阵雨,26℃ / 12℃,南风 ≤3级 /东北风 ≤3级,多云,阵雨,26,12,南风,≤3级,东北风,≤3级,day
2015-03-19 16:30:00,大凹,7、未按规定让行的 ,负全部责任,不负责任,1,贵A641F7,白,1,贵A4703J,白,自培,-1,2011/4/8 0:00,-1,解放牌,五菱牌,366663000000000000 ,66565500000000000 ,198111,196510,16,3,3,工作日,非高峰,2015-03-19,2015年3月19日,多云 /阵雨,26℃ / 12℃,南风 ≤3级 /东北风 ≤3级,多云,阵雨,26,12,南风,≤3级,东北风,≤3级,day
2015-03-19 17:00:00,蟠桃宫,7、未按规定让行的 ,负全部责任,不负责任,1,贵AA3249,白,1,贵AZB634,白,-1,十一培,1973/12/10 0:00,1994/5/16 0:00,猎豹,长安牌,366068000000000000 ,36636051214668567X,195503,196902,17,3,3,工作日,晚高峰(17-19点),2015-03-19,2015年3月19日,多云 /阵雨,26℃ / 12℃,南风 ≤3级 /东北风 ≤3级,多云,阵雨,26,12,南风,≤3级,东北风,≤3级,day
2015-03-19 17:25:00,三林路,8、依法应负全责的其他情形,负全部责任,不负责任,1,贵AU1088,白,1,贵A83C59,银,-1,十一培,-1,1997/9/2 0:00,丰田牌,利亚纳牌,36362500000000000 ,364547000000000000 ,973110,196308,17,3,3,工作日,晚高峰(17-19点),2015-03-19,2015年3月19日,多云 /阵雨,26℃ / 12℃,南风 ≤3级 /东北风 ≤3级,多云,阵雨,26,12,南风,≤3级,东北风,≤3级,day
2015-03-19 16:40:00,世纪城,3、倒车的,负全部责任,不负责任,1,贵A53L84,白,1,贵A7644X ,蓝,自培,十一培,2004/4/26 0:00,1995/4/24 0:00,长安牌,-1,36686051874356465X,366061000000000000 ,197305,197412,16,3,3,工作日,非高峰,2015-03-19,2015年3月19日,多云 /阵雨,26℃ / 12℃,南风 ≤3级 /东北风 ≤3级,多云,阵雨,26,12,南风,≤3级,东北风,≤3级,day
2015-03-19 18:00:00,黑马市场,8、依法应负全责的其他情形,负全部责任,不负责任,0,贵AW2142,银,1,贵A7G064,黑,青正驾校,自培,2012/2/21 0:00,2004/2/16 0:00,思迪牌,英菲尼迪,364548000000000000 ,364548000000000000 ,198709,198212,18,3,3,工作日,晚高峰(17-19点),2015-03-19,2015年3月19日,多云 /阵雨,26℃ / 12℃,南风 ≤3级 /东北风 ≤3级,多云,阵雨,26,12,南风,≤3级,东北风,≤3级,day
2015-03-20 11:00:00,花溪大道,1、追尾的,负全部责任,不负责任,1,贵A6626H,灰色,1,贵A6740F,白色,自培,自培,2010/12/3 0:00,2004/7/19 0:00,长安牌,长城牌,3695510000000000 ,364556000000000000 ,199111,196910,11,4,3,工作日,非高峰,2015-03-20,2015年3月20日,阴 /阵雨,14℃ / 10℃,东北风 ≤3级 /东北风 ≤3级,阴,阵雨,14,10,东北风,≤3级,东北风,≤3级,day
2015-03-20 08:10:00,新添大道,7、未按规定让行的 ,负全部责任,不负责任,1,贵A6955S,银,1,贵AU5747,绿,-1,铁二局驾校,-1,2011/11/2 0:00,五菱牌,捷达牌,364566000000000000 ,364566000000000000 ,197803,198905,8,4,3,工作日,早高峰(7-9点),2015-03-20,2015年3月20日,阴 /阵雨,14℃ / 10℃,东北风 ≤3级 /东北风 ≤3级,阴,阵雨,14,10,东北风,≤3级,东北风,≤3级,day
2015-03-20 00:00:00,花溪,7、未按规定让行的 ,负全部责任,不负责任,1,贵ABX178,白色,1,贵APR998,白色,-1,全林驾校,-1,1991/11/14 0:00,奇瑞牌,凯迪拉克,36606400000000000 ,364547000000000000 ,198608,196312,0,4,3,工作日,非高峰,2015-03-20,2015年3月20日,阴 /阵雨,14℃ / 10℃,东北风 ≤3级 /东北风 ≤3级,阴,阵雨,14,10,东北风,≤3级,东北风,≤3级,night
2015-03-20 07:30:00,白云区,7、未按规定让行的 ,负全部责任,不负责任,1,贵A6889B,红,1,贵ACF226,银,惠水县黔岭机动车驾驶培训有限公司,景宏驾校,-1,2011/5/26 0:00,长城牌,众泰牌,366562000000000000 ,36455751814157640X,196510,197909,7,4,3,工作日,早高峰(7-9点),2015-03-20,2015年3月20日,阴 /阵雨,14℃ / 10℃,东北风 ≤3级 /东北风 ≤3级,阴,阵雨,14,10,东北风,≤3级,东北风,≤3级,day
2015-03-20 08:00:00,新添大道,8、依法应负全责的其他情形,负全部责任,不负责任,1,贵AKM052,蓝,1,贵A25L67,白,全林驾校,文通驾校,2010/11/30 0:00,2012/8/15 0:00,福克斯牌,别克牌,366246000000000000 ,36455651934850475X,195103,198507,8,4,3,工作日,早高峰(7-9点),2015-03-20,2015年3月20日,阴 /阵雨,14℃ / 10℃,东北风 ≤3级 /东北风 ≤3级,阴,阵雨,14,10,东北风,≤3级,东北风,≤3级,day
2015-03-20 06:50:00,大营坡,8、依法应负全责的其他情形,负全部责任,不负责任,1,贵AC662C,白,1,贵AUA007,白,吉源驾校,自培,2015/1/30 0:00,2011/9/2 0:00,东风标致牌,丰田牌,366367000000000000 ,366046000000000000 ,197801,198010,6,4,3,工作日,非高峰,2015-03-20,2015年3月20日,阴 /阵雨,14℃ / 10℃,东北风 ≤3级 /东北风 ≤3级,阴,阵雨,14,10,东北风,≤3级,东北风,≤3级,day
2015-03-19 21:50:00,小河,1、追尾的,负全部责任,不负责任,1,贵A82Z29,白色,1,贵A5221X,黑色,自培,景宏驾校,2006/7/4 0:00,2011/7/15 0:00,雪佛兰牌,颐达牌,344661000000000000 ,366061000000000000 ,198706,199107,21,3,3,工作日,非高峰,2015-03-19,2015年3月19日,多云 /阵雨,26℃ / 12℃,南风 ≤3级 /东北风 ≤3级,多云,阵雨,26,12,南风,≤3级,东北风,≤3级,night
2015-03-19 22:00:00,小河转盘,7、未按规定让行的 ,负全部责任,不负责任,1,贵A3198R,白色,1,贵A7659警,白色,（南明区）阳光驾驶培训有限公司,-1,2005/2/21 0:00,-1,五菱牌,-1,364551000000000000 ,36454700000000000 ,197511,199401,22,3,3,工作日,非高峰,2015-03-19,2015年3月19日,多云 /阵雨,26℃ / 12℃,南风 ≤3级 /东北风 ≤3级,多云,阵雨,26,12,南风,≤3级,东北风,≤3级,night
2015-03-19 21:10:00,花溪,8、依法应负全责的其他情形,负全部责任,不负责任,1,贵AA974P,黑色,1,贵A3429V,白色,自培,新天驾校,1997/3/14 0:00,2012/9/5 0:00,海马牌,一汽佳星牌,36454651864949027X,366662000000000000 ,197208,198402,21,3,3,工作日,非高峰,2015-03-19,2015年3月19日,多云 /阵雨,26℃ / 12℃,南风 ≤3级 /东北风 ≤3级,多云,阵雨,26,12,南风,≤3级,东北风,≤3级,night
2015-03-20 07:25:00,轮胎厂后门,7、未按规定让行的 ,负全部责任,不负责任,1,贵A17H29,白色,1,云AE7735,白色,鑫鑫驾校,-1,2013/11/5 0:00,-1,长安牌,东方牌,366368000000000000 ,724561000000000000 ,197510,196908,7,4,3,工作日,早高峰(7-9点),2015-03-20,2015年3月20日,阴 /阵雨,14℃ / 10℃,东北风 ≤3级 /东北风 ≤3级,阴,阵雨,14,10,东北风,≤3级,东北风,≤3级,day
2015-03-20 09:15:00,西二环,1、追尾的,负全部责任,不负责任,1,贵AM4212,白,1,贵AAL396,黑,-1,-1,-1,-1,梅赛德斯-奔驰,奇瑞牌,784898000000000000 ,36654551284554828X,199309,196701,9,4,3,工作日,早高峰(7-9点),2015-03-20,2015年3月20日,阴 /阵雨,14℃ / 10℃,东北风 ≤3级 /东北风 ≤3级,阴,阵雨,14,10,东北风,≤3级,东北风,≤3级,day
2015-03-20 09:30:00,五里冲,1、追尾的,负全部责任,不负责任,1,贵JS6039,白色,1,贵A85V57,白色,-1,青正驾校,-1,2014/5/16 0:00,五菱牌,思域牌,366576000000000000 ,366364000000000000 ,197611,196303,9,4,3,工作日,早高峰(7-9点),2015-03-20,2015年3月20日,阴 /阵雨,14℃ / 10℃,东北风 ≤3级 /东北风 ≤3级,阴,阵雨,14,10,东北风,≤3级,东北风,≤3级,day
2015-03-20 09:10:00,小河平桥,1、追尾的,负全部责任,不负责任,1,贵AZH277,白色,1,贵AU3476,白色,（南明区）铁二局驾驶培训有限公司,预约考试窗口,2007/4/19 0:00,2006/6/23 0:00,北京,瑞麒牌,364547000000000000 ,364556000000000000 ,198706,198304,9,4,3,工作日,早高峰(7-9点),2015-03-20,2015年3月20日,阴 /阵雨,14℃ / 10℃,东北风 ≤3级 /东北风 ≤3级,阴,阵雨,14,10,东北风,≤3级,东北风,≤3级,day
2015-03-20 00:00:00,小河,7、未按规定让行的 ,负全部责任,不负责任,1,粤BG452B,白色,1,贵APF082,白色,自培,-1,2010/9/28 0:00,-1,北京现代牌,捷达牌,07476651824942545X,366046000000000000 ,197608,196307,0,4,3,工作日,非高峰,2015-03-20,2015年3月20日,阴 /阵雨,14℃ / 10℃,东北风 ≤3级 /东北风 ≤3级,阴,阵雨,14,10,东北风,≤3级,东北风,≤3级,night
2015-03-20 08:26:00,白云区,3、倒车的,负全部责任,不负责任,1,贵A6399Y,黑,1,粤BP7D84,黑,自培,-1,2012/7/12 0:00,-1,东风日产牌,-1,364558000000000000 ,786163000000000000 ,196407,198406,8,4,3,工作日,早高峰(7-9点),2015-03-20,2015年3月20日,阴 /阵雨,14℃ / 10℃,东北风 ≤3级 /东北风 ≤3级,阴,阵雨,14,10,东北风,≤3级,东北风,≤3级,day
2015-03-19 19:38:00,龙洞堡,7、未按规定让行的 ,负全部责任,不负责任,1,贵A3911S,银,1,贵HQ3972,白,自培,-1,2003/8/19 0:00,-1,长安牌,兰德酷路泽普拉多,254763000000000000 ,366246000000000000 ,198110,197612,19,3,3,工作日,晚高峰(17-19点),2015-03-19,2015年3月19日,多云 /阵雨,26℃ / 12℃,南风 ≤3级 /东北风 ≤3级,多云,阵雨,26,12,南风,≤3级,东北风,≤3级,day
2015-03-20 03:48:00,花果园,8、依法应负全责的其他情形,负全部责任,不负责任,1,贵AGN927,白色,1,贵ALB459,白色,高新驾校,十一培,2011/12/6 0:00,1999/5/27 0:00,金旅牌,福田牌,364556000000000000 ,364547000000000000 ,199204,196101,3,4,3,工作日,非高峰,2015-03-20,2015年3月20日,阴 /阵雨,14℃ / 10℃,东北风 ≤3级 /东北风 ≤3级,阴,阵雨,14,10,东北风,≤3级,东北风,≤3级,night
2015-03-19 23:17:00,西南环线,1、追尾的,负全部责任,不负责任,1,苏CZT139,白色,1,贵AMV268,白色,-1,自培,-1,2004/12/1 0:00,\N,长城牌,764767000000000000 ,706246000000000000 ,196704,197204,23,3,3,工作日,非高峰,2015-03-19,2015年3月19日,多云 /阵雨,26℃ / 12℃,南风 ≤3级 /东北风 ≤3级,多云,阵雨,26,12,南风,≤3级,东北风,≤3级,night
2015-03-20 10:10:00,花溪,1、追尾的,负全部责任,不负责任,1,贵AP3P36,白色,1,贵A69H72,灰色,-1,自培,-1,2006/6/7 0:00,-1,五菱牌,364556000000000000 ,364556000000000000 ,197310,197711,10,4,3,工作日,非高峰,2015-03-20,2015年3月20日,阴 /阵雨,14℃ / 10℃,东北风 ≤3级 /东北风 ≤3级,阴,阵雨,14,10,东北风,≤3级,东北风,≤3级,day
2015-03-20 07:00:00,观山湖区,3、倒车的,负全部责任,不负责任,1,贵ACB181,黄,1,湘E83929,白,自培,自培,2005/10/24 0:00,2007/6/7 0:00,迷你,路虎,366246000000000000 ,76267500000000000 ,197209,197902,7,4,3,工作日,早高峰(7-9点),2015-03-20,2015年3月20日,阴 /阵雨,14℃ / 10℃,东北风 ≤3级 /东北风 ≤3级,阴,阵雨,14,10,东北风,≤3级,东北风,≤3级,day
2015-03-20 00:00:00,小河平桥,7、未按规定让行的 ,负全部责任,不负责任,1,贵ALQ166,白色,1,贵JK0572,白色,自培,自培,2004/2/11 0:00,2006/11/1 0:00,比亚迪牌,福特牌,36454651225446225X,364548000000000000 ,196610,198710,0,4,3,工作日,非高峰,2015-03-20,2015年3月20日,阴 /阵雨,14℃ / 10℃,东北风 ≤3级 /东北风 ≤3级,阴,阵雨,14,10,东北风,≤3级,东北风,≤3级,night
2015-03-19 18:54:00,大营坡,8、依法应负全责的其他情形,负全部责任,不负责任,0,贵FX8742,白,0,贵AU369L,黑,自培,自培,2010/11/2 0:00,2004/12/2 0:00,别克牌,-1,36606051985463462X,366269000000000000 ,198710,196307,18,3,3,工作日,晚高峰(17-19点),2015-03-19,2015年3月19日,多云 /阵雨,26℃ / 12℃,南风 ≤3级 /东北风 ≤3级,多云,阵雨,26,12,南风,≤3级,东北风,≤3级,day
2015-03-20 08:51:00,二铺加油站,7、未按规定让行的 ,负全部责任,不负责任,1,贵AJ4533X,白色,1,贵A5AU26,白色,自培,蓝天驾校,2012/6/18 0:00,2014/12/1 0:00,-1,哈弗牌,344675000000000000 ,364548000000000000 ,199102,197311,8,4,3,工作日,早高峰(7-9点),2015-03-20,2015年3月20日,阴 /阵雨,14℃ / 10℃,东北风 ≤3级 /东北风 ≤3级,阴,阵雨,14,10,东北风,≤3级,东北风,≤3级,day
2015-03-20 08:10:00,北京西路,7、未按规定让行的 ,负全部责任,不负责任,1,贵GY6301,银,1,贵A65M48,红,新天驾校,消防驾校,2014/12/3 0:00,2010/9/13 0:00,吉利牌,长城牌,364548000000000000 ,366067000000000000 ,197909,198801,8,4,3,工作日,早高峰(7-9点),2015-03-20,2015年3月20日,阴 /阵雨,14℃ / 10℃,东北风 ≤3级 /东北风 ≤3级,阴,阵雨,14,10,东北风,≤3级,东北风,≤3级,day
2015-03-20 12:10:00,黔灵山路,1、追尾的,负全部责任,不负责任,1,贵A77A92,白,1,贵AVA665,银,-1,新华驾校,-1,2014/3/28 0:00,雅阁牌,北京现代牌,366567000000000000 ,366767000000000000 ,198305,198910,12,4,3,工作日,非高峰,2015-03-20,2015年3月20日,阴 /阵雨,14℃ / 10℃,东北风 ≤3级 /东北风 ≤3级,阴,阵雨,14,10,东北风,≤3级,东北风,≤3级,day
2015-03-20 12:50:00,三桥,7、未按规定让行的 ,负全部责任,不负责任,1,贵AA964J,黑,1,贵A986E2,白,-1,-1,-1,-1,思威牌,欧铃牌,36630500000000000 ,366346000000000000 ,966061,198908,12,4,3,工作日,非高峰,2015-03-20,2015年3月20日,阴 /阵雨,14℃ / 10℃,东北风 ≤3级 /东北风 ≤3级,阴,阵雨,14,10,东北风,≤3级,东北风,≤3级,day
2015-03-20 12:20:00,飞山街,7、未按规定让行的 ,负全部责任,不负责任,1,贵A98V41,蓝,1,贵AU6075,绿,铁二局驾校,自培,2013/9/18 0:00,1999/4/5 0:00,别克牌,轻骑牌,364548000000000000 ,364548000000000000 ,199201,196106,12,4,3,工作日,非高峰,2015-03-20,2015年3月20日,阴 /阵雨,14℃ / 10℃,东北风 ≤3级 /东北风 ≤3级,阴,阵雨,14,10,东北风,≤3级,东北风,≤3级,day
2015-03-20 11:24:00,观山东路,1、追尾的,负全部责任,不负责任,1,贵A17M19,白,1,贵AU5546,绿,吉源驾校,-1,2014/2/25 0:00,-1,吉利美日牌,捷达牌,366766000000000000 ,366064000000000000 ,198306,198824,11,4,3,工作日,非高峰,2015-03-20,2015年3月20日,阴 /阵雨,14℃ / 10℃,东北风 ≤3级 /东北风 ≤3级,阴,阵雨,14,10,东北风,≤3级,东北风,≤3级,day
2015-03-20 10:10:00,开发大道,7、未按规定让行的 ,负全部责任,不负责任,1,贵A5024U,白色,1,贵A44M52,白色,遵义县鸿盛机动车驾驶员培训学校,顺一驾驶培训学校,-1,2013/8/19 0:00,悦达,五菱牌,366566000000000000 ,364547000000000000 ,196307,199212,10,4,3,工作日,非高峰,2015-03-20,2015年3月20日,阴 /阵雨,14℃ / 10℃,东北风 ≤3级 /东北风 ≤3级,阴,阵雨,14,10,东北风,≤3级,东北风,≤3级,day
2015-03-20 12:58:00,铝建路,1、追尾的,负全部责任,不负责任,0,贵A65Y54,黑,1,贵AB395T,黑,消防驾校,520129,2012/7/18 0:00,2011/5/9 0:00,帕萨特牌,北京现代牌,366347000000000000 ,364558000000000000 ,197512,198102,12,4,3,工作日,非高峰,2015-03-20,2015年3月20日,阴 /阵雨,14℃ / 10℃,东北风 ≤3级 /东北风 ≤3级,阴,阵雨,14,10,东北风,≤3级,东北风,≤3级,day
2015-03-20 12:02:00,田园北路,7、未按规定让行的 ,负全部责任,不负责任,1,贵FV9115,白色,1,贵AVA376,白色,自培,十一驾驶培训有限公司,2004/9/7 0:00,2011/8/29 0:00,东风雪铁龙牌,锋范牌,366064000000000000 ,364556000000000000 ,197603,198102,12,4,3,工作日,非高峰,2015-03-20,2015年3月20日,阴 /阵雨,14℃ / 10℃,东北风 ≤3级 /东北风 ≤3级,阴,阵雨,14,10,东北风,≤3级,东北风,≤3级,day
2015-03-20 10:30:00,花溪大道,7、未按规定让行的 ,负全部责任,不负责任,1,贵CND118,白色,1,贵A336E9,黑色,省交校,-1,2014/11/20 0:00,-1,江淮牌,解放牌,364558000000000000 ,366664000000000000 ,196610,198203,10,4,3,工作日,非高峰,2015-03-20,2015年3月20日,阴 /阵雨,14℃ / 10℃,东北风 ≤3级 /东北风 ≤3级,阴,阵雨,14,10,东北风,≤3级,东北风,≤3级,day
2015-03-20 12:00:00,紫林庵,7、未按规定让行的 ,负全部责任,不负责任,1,泸C463T8,白,0,贵AAA315,银,-1,520120,-1,2009/4/20 0:00,起亚牌,丰田牌,754541000000000000 ,36684551905654516X,197808,198412,12,4,3,工作日,非高峰,2015-03-20,2015年3月20日,阴 /阵雨,14℃ / 10℃,东北风 ≤3级 /东北风 ≤3级,阴,阵雨,14,10,东北风,≤3级,东北风,≤3级,day
2015-03-20 10:40:00,小河,7、未按规定让行的 ,负全部责任,不负责任,1,贵AR6206,白色,1,贵A6900T,白色,自培,十一驾驶培训有限公司,2014/5/6 0:00,2011/11/29 0:00,东宏牌,比亚迪牌,376570000000000000 ,364557000000000000 ,197002,198711,10,4,3,工作日,非高峰,2015-03-20,2015年3月20日,阴 /阵雨,14℃ / 10℃,东北风 ≤3级 /东北风 ≤3级,阴,阵雨,14,10,东北风,≤3级,东北风,≤3级,day
2015-03-20 11:43:00,圣泉流云花园,7、未按规定让行的 ,负全部责任,不负责任,1,贵AH4664,黑,1,湘NA2774,黑,-1,自培,-1,-1,波罗牌,-1,366346000000000000 ,366864000000000000 ,197907,199006,11,4,3,工作日,非高峰,2015-03-20,2015年3月20日,阴 /阵雨,14℃ / 10℃,东北风 ≤3级 /东北风 ≤3级,阴,阵雨,14,10,东北风,≤3级,东北风,≤3级,day
2015-03-20 14:00:00,长岭路,8、依法应负全责的其他情形,负全部责任,不负责任,1,贵A7629F,黑,1,贵AVF375,黑,（南明区）金大驾驶培训有限公司,长运驾校,2009/7/16 0:00,2013/7/31 0:00,吉利牌,宝马牌,366367000000000000 ,73459551174142535X,198509,199309,14,4,3,工作日,非高峰,2015-03-20,2015年3月20日,阴 /阵雨,14℃ / 10℃,东北风 ≤3级 /东北风 ≤3级,阴,阵雨,14,10,东北风,≤3级,东北风,≤3级,day
2015-03-20 11:00:00,神奇路,7、未按规定让行的 ,负全部责任,不负责任,0,贵A24S69,银,1,贵AUA059,白,自培,文通驾校,2002/11/4 0:00,2012/4/1 0:00,高尔夫牌,丰田牌,364556000000000000 ,364566000000000000 ,197004,199003,11,4,3,工作日,非高峰,2015-03-20,2015年3月20日,阴 /阵雨,14℃ / 10℃,东北风 ≤3级 /东北风 ≤3级,阴,阵雨,14,10,东北风,≤3级,东北风,≤3级,day
2015-03-20 09:30:00,甲秀南路,7、未按规定让行的 ,负全部责任,不负责任,1,贵A3BG36,白色,1,贵AU6452,白色,顺一驾驶培训学校,十一培,2011/6/22 0:00,1993/7/28 0:00,宝马牌,双菱牌,74365500000000000 ,36454751874864405X,197506,197307,9,4,3,工作日,早高峰(7-9点),2015-03-20,2015年3月20日,阴 /阵雨,14℃ / 10℃,东北风 ≤3级 /东北风 ≤3级,阴,阵雨,14,10,东北风,≤3级,东北风,≤3级,day
2015-03-20 11:10:00,孟关,1、追尾的,负全部责任,不负责任,1,贵A19R49,白色,1,贵ARA324,白色,-1,自培,-1,2001/4/26 0:00,长城牌,五菱牌,3645460000000000 ,366064000000000000 ,680705,197705,11,4,3,工作日,非高峰,2015-03-20,2015年3月20日,阴 /阵雨,14℃ / 10℃,东北风 ≤3级 /东北风 ≤3级,阴,阵雨,14,10,东北风,≤3级,东北风,≤3级,day
2015-03-20 10:30:00,青年路,7、未按规定让行的 ,负全部责任,不负责任,1,贵A2BX24,白色,1,贵G66511,白色,金大驾校,自培,2013/11/26 0:00,2006/10/25 0:00,东风日产牌,捷豹XJ,366046000000000000 ,364548000000000000 ,197901,198605,10,4,3,工作日,非高峰,2015-03-20,2015年3月20日,阴 /阵雨,14℃ / 10℃,东北风 ≤3级 /东北风 ≤3级,阴,阵雨,14,10,东北风,≤3级,东北风,≤3级,day
2015-03-20 11:10:00,机场,5、开关车门的,负全部责任,不负责任,1,贵A9BC23,白色,1,贵A61F68,白色,贵州晨运驾驶培训学校,自培,2012/7/10 0:00,2006/8/29 0:00,大众汽车牌,北京现代牌,364547000000000000 ,364548000000000000 ,198903,198804,11,4,3,工作日,非高峰,2015-03-20,2015年3月20日,阴 /阵雨,14℃ / 10℃,东北风 ≤3级 /东北风 ≤3级,阴,阵雨,14,10,东北风,≤3级,东北风,≤3级,day
2015-03-20 10:40:00,花溪大道,7、未按规定让行的 ,负全部责任,不负责任,1,贵A96H43,黑色,1,贵AU2804,白色,自培,自培,2002/5/24 0:00,2004/7/27 0:00,东风牌,天马牌,764296000000000000 ,364566000000000000 ,197902,198506,10,4,3,工作日,非高峰,2015-03-20,2015年3月20日,阴 /阵雨,14℃ / 10℃,东北风 ≤3级 /东北风 ≤3级,阴,阵雨,14,10,东北风,≤3级,东北风,≤3级,day
2015-03-20 14:10:00,二铺,1、追尾的,负全部责任,不负责任,1,贵FL9699,银,1,贵ANE852,红,智杰驾校,520130,2013/5/21 0:00,2010/1/13 0:00,力帆牌,雪佛兰牌,366368000000000000 ,366846000000000000 ,198304,197010,14,4,3,工作日,非高峰,2015-03-20,2015年3月20日,阴 /阵雨,14℃ / 10℃,东北风 ≤3级 /东北风 ≤3级,阴,阵雨,14,10,东北风,≤3级,东北风,≤3级,day
2015-03-20 17:30:00,朱昌镇,7、未按规定让行的 ,负全部责任,不负责任,1,贵A9871Y,银,1,贵A5538Y,黑,自培,青正驾校,2014/10/17 0:00,2013/10/23 0:00,北京牌,大众汽车牌,364557000000000000 ,364557000000000000 ,197912,197212,17,4,3,工作日,晚高峰(17-19点),2015-03-20,2015年3月20日,阴 /阵雨,14℃ / 10℃,东北风 ≤3级 /东北风 ≤3级,阴,阵雨,14,10,东北风,≤3级,东北风,≤3级,day
2015-03-20 15:20:00,二戈寨,1、追尾的,负全部责任,不负责任,1,贵A22X22,黑色,1,贵AP334B,白色,诚信驾驶培训学校,-1,2014/3/24 0:00,-1,福特牌,-1,366064000000000000 ,366061000000000000 ,199307,197511,15,4,3,工作日,非高峰,2015-03-20,2015年3月20日,阴 /阵雨,14℃ / 10℃,东北风 ≤3级 /东北风 ≤3级,阴,阵雨,14,10,东北风,≤3级,东北风,≤3级,day
2015-03-20 14:10:00,黔林山路,3、倒车的,负全部责任,不负责任,1,贵A75C47,红,1,贵AE0040,蓝,贵州省长安驾驶培训学校,-1,2012/8/31 0:00,1978/2/14 0:00,北京现代牌,猎豹,366862000000000000 ,364548000000000000 ,198610,195207,14,4,3,工作日,非高峰,2015-03-20,2015年3月20日,阴 /阵雨,14℃ / 10℃,东北风 ≤3级 /东北风 ≤3级,阴,阵雨,14,10,东北风,≤3级,东北风,≤3级,day
2015-03-20 19:20:00,中天花园,7、未按规定让行的 ,负全部责任,不负责任,1,贵A88H85,白,0,贵A15H77,黑,-1,诚信驾驶培训学校,-1,2012/2/17 0:00,长安牌,东风标致牌,366270000000000000 ,364548000000000000 ,197806,198207,19,4,3,工作日,晚高峰(17-19点),2015-03-20,2015年3月20日,阴 /阵雨,14℃ / 10℃,东北风 ≤3级 /东北风 ≤3级,阴,阵雨,14,10,东北风,≤3级,东北风,≤3级,day
2015-03-20 20:15:00,花二道,7、未按规定让行的 ,负全部责任,不负责任,1,贵A98505,黑,1,贵AE9937,黑,-1,-1,-1,-1,五征牌,万虎牌,36626651915661047X,704047000000000000 ,198912,196512,20,4,3,工作日,非高峰,2015-03-20,2015年3月20日,阴 /阵雨,14℃ / 10℃,东北风 ≤3级 /东北风 ≤3级,阴,阵雨,14,10,东北风,≤3级,东北风,≤3级,night