accidenttime,accidentaddr,driver1fault,driver1responsibility,driver2responsibility,sex1,platenumber1,carcolor1,sex2,platenumber2,carcolor2,jxmc1,jxmc2,cclzrq1,cclzrq2,clpp1,clpp2,driver1license,driver2license,brith1,brith2,hour,weekday,month,is_weekday,peak_hour,date,日期,天气状况,气温,风力风向,day_wea,night_wea,day_tep,night_tep,day_wind_direction,day_wind_speed,night_wind_direction,night_wind_speed,segment
2015-03-20 20:30:00,小河平桥,7、未按规定让行的 ,负全部责任,不负责任,1,贵A119C9,白色,1,贵A69632,白色,-1,顺一驾驶培训学校,-1,2012/4/11 0:00,解放牌,大地牌,355247000000000000 ,364551000000000000 ,198503,198109,20,4,3,工作日,非高峰,2015-03-20,2015年3月20日,阴 /阵雨,14℃ / 10℃,东北风 ≤3级 /东北风 ≤3级,阴,阵雨,14,10,东北风,≤3级,东北风,≤3级,night
2015-03-20 17:30:00,百花大道,7、未按规定让行的 ,负全部责任,不负责任,1,贵FV7969,白,1,贵A90772,白,织金县织通驾驶培训学校,520114,-1,2010/2/22 0:00,中华牌,豪泺牌,366064000000000000 ,364556000000000000 ,199210,198311,17,4,3,工作日,晚高峰(17-19点),2015-03-20,2015年3月20日,阴 /阵雨,14℃ / 10℃,东北风 ≤3级 /东北风 ≤3级,阴,阵雨,14,10,东北风,≤3级,东北风,≤3级,day
2015-03-20 17:28:00,小关,1、追尾的,负全部责任,不负责任,1,渝GY2987,黑,1,贵CHN745,白,-1,贵州省长安驾驶培训学校,-1,2011/11/24 0:00,沃尔沃,江铃全顺牌,356767000000000000 ,36454751944974400X,196804,198008,17,4,3,工作日,晚高峰(17-19点),2015-03-20,2015年3月20日,阴 /阵雨,14℃ / 10℃,东北风 ≤3级 /东北风 ≤3级,阴,阵雨,14,10,东北风,≤3级,东北风,≤3级,day
2015-03-20 19:40:00,甲秀南路,1、追尾的,负全部责任,不负责任,1,川AQU292,黑,1,贵AX0934,黑,-1,预约考试窗口,-1,2006/10/19 0:00,大众牌,豪爵牌,35436551995466048X,366067000000000000 ,198810,196309,19,4,3,工作日,晚高峰(17-19点),2015-03-20,2015年3月20日,阴 /阵雨,14℃ / 10℃,东北风 ≤3级 /东北风 ≤3级,阴,阵雨,14,10,东北风,≤3级,东北风,≤3级,day
2015-03-20 15:10:00,金阳,1、追尾的,负全部责任,不负责任,1,贵AVG414,黑,1,贵AP2975,黑,自培,520102,2004/2/24 0:00,2008/8/20 0:00,吉利牌,别克,366368000000000000 ,366061000000000000 ,198201,198111,15,4,3,工作日,非高峰,2015-03-20,2015年3月20日,阴 /阵雨,14℃ / 10℃,东北风 ≤3级 /东北风 ≤3级,阴,阵雨,14,10,东北风,≤3级,东北风,≤3级,day
2015-03-20 17:10:00,观山东路,7、未按规定让行的 ,负全部责任,不负责任,1,贵A21G78,银,1,贵AF7055,银,自培,金大驾校,2004/2/4 0:00,2014/10/30 0:00,X3,宗申牌,364547000000000000 ,364568000000000000 ,195411,199605,17,4,3,工作日,晚高峰(17-19点),2015-03-20,2015年3月20日,阴 /阵雨,14℃ / 10℃,东北风 ≤3级 /东北风 ≤3级,阴,阵雨,14,10,东北风,≤3级,东北风,≤3级,day
2015-03-20 17:00:00,五里冲,8、依法应负全责的其他情形,负全部责任,不负责任,1,贵A9348A,绿,1,贵A81347,白,自培,-1,2004/10/29 0:00,-1,东风日产牌,五菱,36656351934063485X,356166000000000000 ,198504,197707,17,4,3,工作日,晚高峰(17-19点),2015-03-20,2015年3月20日,阴 /阵雨,14℃ / 10℃,东北风 ≤3级 /东北风 ≤3级,阴,阵雨,14,10,东北风,≤3级,东北风,≤3级,day
2015-03-20 15:00:00,保利,7、未按规定让行的 ,负全部责任,不负责任,1,贵A7326P,红,1,贵AJL432,银,自培,吉源驾校,2008/5/18 0:00,2014/5/20 0:00,奇瑞牌,五菱牌,366763000000000000 ,364548000000000000 ,198708,198510,15,4,3,工作日,非高峰,2015-03-20,2015年3月20日,阴 /阵雨,14℃ / 10℃,东北风 ≤3级 /东北风 ≤3级,阴,阵雨,14,10,东北风,≤3级,东北风,≤3级,day
2015-03-20 20:17:00,马王庙,7、未按规定让行的 ,负全部责任,不负责任,1,贵A139E9,白,1,贵ANA345,蓝,自培,自培,2002/10/18 0:00,1998/6/3 0:00,解放牌,马自达牌,356170000000000000 ,36455051814345443X,196609,197905,20,4,3,工作日,非高峰,2015-03-20,2015年3月20日,阴 /阵雨,14℃ / 10℃,东北风 ≤3级 /东北风 ≤3级,阴,阵雨,14,10,东北风,≤3级,东北风,≤3级,night
2015-03-20 15:10:00,观水路,1、追尾的,负全部责任,不负责任,0,贵AS5367,银,1,贵A71Z57,银,（观山湖区）蓝天驾驶培训有限公司,十一培,2007/11/7 0:00,1991/1/29 0:00,嘉渝牌,东风雪铁龙牌,764161000000000000 ,36454651394347603X,196501,195805,15,4,3,工作日,非高峰,2015-03-20,2015年3月20日,阴 /阵雨,14℃ / 10℃,东北风 ≤3级 /东北风 ≤3级,阴,阵雨,14,10,东北风,≤3级,东北风,≤3级,day
2015-03-20 12:30:00,水口寺,7、未按规定让行的 ,负全部责任,不负责任,1,贵A97E11,白色,1,贵ARV288,白色,自培,十一培,2003/4/30 0:00,1999/7/2 0:00,哈飞牌,比亚迪牌,364547000000000000 ,364547000000000000 ,196711,196301,12,4,3,工作日,非高峰,2015-03-20,2015年3月20日,阴 /阵雨,14℃ / 10℃,东北风 ≤3级 /东北风 ≤3级,阴,阵雨,14,10,东北风,≤3级,东北风,≤3级,day
2015-03-20 13:00:00,花果园,3、倒车的,负全部责任,不负责任,1,贵GD7977,蓝,1,贵AMX866,蓝,自培,十一培,2003/2/28 0:00,1994/6/29 0:00,豪爵牌,长安牌,366346000000000000 ,36454751205547405X,195401,196411,13,4,3,工作日,非高峰,2015-03-20,2015年3月20日,阴 /阵雨,14℃ / 10℃,东北风 ≤3级 /东北风 ≤3级,阴,阵雨,14,10,东北风,≤3级,东北风,≤3级,day
2015-03-20 12:30:00,南明区法院,1、追尾的,负全部责任,不负责任,1,贵A7BK34,白,1,贵A66Y47,红,市交校,自培,2014/11/10 0:00,2003/11/12 0:00,福克斯牌,东风日产牌,355266000000000000 ,366669000000000000 ,198805,198008,12,4,3,工作日,非高峰,2015-03-20,2015年3月20日,阴 /阵雨,14℃ / 10℃,东北风 ≤3级 /东北风 ≤3级,阴,阵雨,14,10,东北风,≤3级,东北风,≤3级,day
2015-03-20 20:00:00,大南门,7、未按规定让行的 ,负全部责任,不负责任,1,贵A37L61,白,1,贵AFR416,银,-1,自培,-1,2006/7/26 0:00,翼虎牌,中华牌,35484700000000000 ,364547000000000000 ,197302,198603,20,4,3,工作日,非高峰,2015-03-20,2015年3月20日,阴 /阵雨,14℃ / 10℃,东北风 ≤3级 /东北风 ≤3级,阴,阵雨,14,10,东北风,≤3级,东北风,≤3级,night
2015-03-20 16:00:00,观山湖区,8、依法应负全责的其他情形,负全部责任,不负责任,1,鄂AM5H89,银,0,贵GQ9498,银,-1,自培,-1,2008/1/15 0:00,中华牌,雪佛兰牌,64166500000000000 ,364548000000000000 ,198908,195906,16,4,3,工作日,非高峰,2015-03-20,2015年3月20日,阴 /阵雨,14℃ / 10℃,东北风 ≤3级 /东北风 ≤3级,阴,阵雨,14,10,东北风,≤3级,东北风,≤3级,day
2015-03-20 21:00:00,西南环线,7、未按规定让行的 ,负全部责任,不负责任,1,贵A01416,白色,1,贵A5552K,灰色,-1,520108,-1,2010/4/12 0:00,跃进,丰田牌,366661000000000000 ,366067000000000000 ,199205,198603,21,4,3,工作日,非高峰,2015-03-20,2015年3月20日,阴 /阵雨,14℃ / 10℃,东北风 ≤3级 /东北风 ≤3级,阴,阵雨,14,10,东北风,≤3级,东北风,≤3级,night
2015-03-21 07:30:00,白云区,8、依法应负全责的其他情形,负全部责任,不负责任,1,贵AB3183,黄,1,贵A15V88,白,-1,-1,-1,-1,凌肯牌,福克斯牌,364746000000 ,364545000000 ,72395,314861,7,5,3,工作日,早高峰(7-9点),2015-03-21,2015年3月21日,阴 /阴,16℃ / 11℃,东北风 ≤3级 /东南风 ≤3级,阴,阴,16,11,东北风,≤3级,东南风,≤3级,day
2015-03-21 02:50:00,小河转盘,9、不符合前8款规定或者双方同时具有上述情形的,负同等责任,负同等责任,1,川E53A91,白色,1,贵A5294Y,白色,-1,-1,-1,-1,长安牌,长安牌,354343000000 ,3366040000000 ,73525,32485,2,5,3,工作日,非高峰,2015-03-21,2015年3月21日,阴 /阴,16℃ / 11℃,东北风 ≤3级 /东南风 ≤3级,阴,阴,16,11,东北风,≤3级,东南风,≤3级,night
2015-03-20 18:15:00,贵惠大道,1、追尾的,负全部责任,不负责任,1,贵GL1364,白色,1,贵AJH852,白色,（乌当区）新天驾驶培训有限公司,-1,2005/7/8 0:00,-1,东风雪铁龙牌,雅阁牌,366346000000000000 ,06404451205659435X,197808,196412,18,4,3,工作日,晚高峰(17-19点),2015-03-20,2015年3月20日,阴 /阵雨,14℃ / 10℃,东北风 ≤3级 /东北风 ≤3级,阴,阵雨,14,10,东北风,≤3级,东北风,≤3级,day
2015-03-20 21:30:00,太慈桥,8、依法应负全责的其他情形,负全部责任,不负责任,1,贵ASX489,白色,1,贵AHD764,白色,（南明区）市交通职业技术驾驶培训学校,520106,2006/11/9 0:00,2008/10/7 0:00,福田牌,宝马牌,366067000000000000 ,36454751925669525X,198511,198612,21,4,3,工作日,非高峰,2015-03-20,2015年3月20日,阴 /阵雨,14℃ / 10℃,东北风 ≤3级 /东北风 ≤3级,阴,阵雨,14,10,东北风,≤3级,东北风,≤3级,night
2015-03-21 01:50:00,上坝路口,5、开关车门的,负全部责任,不负责任,1,贵A4119N,灰色,1,粤P05827,白色,-1,-1,-1,-1,比亚迪牌,哈弗牌,36606700000000000 ,356669000000000000 ,198010,197608,1,5,3,工作日,非高峰,2015-03-21,2015年3月21日,阴 /阴,16℃ / 11℃,东北风 ≤3级 /东南风 ≤3级,阴,阴,16,11,东北风,≤3级,东南风,≤3级,night
2015-03-21 07:00:00,小河,3、倒车的,负全部责任,不负责任,1,贵A80079,白色,1,渝BC4579,白色,（经开区）十一驾驶培训有限公司,-1,2006/6/13 0:00,-1,东风牌,时代,364548000000000000 ,366068000000000000 ,198306,199107,7,5,3,工作日,早高峰(7-9点),2015-03-21,2015年3月21日,阴 /阴,16℃ / 11℃,东北风 ≤3级 /东南风 ≤3级,阴,阴,16,11,东北风,≤3级,东南风,≤3级,day
2015-03-21 07:50:00,威清路,8、依法应负全责的其他情形,负全部责任,不负责任,1,贵A0AB01,白色,1,贵A0BV45,白色,赫章县汽车(摩托车)驾驶培训学校,-1,2014/3/13 0:00,-1,大众汽车牌,福田牌,364548000000000000 ,77476051954843581X,197008,198107,7,5,3,工作日,早高峰(7-9点),2015-03-21,2015年3月21日,阴 /阴,16℃ / 11℃,东北风 ≤3级 /东南风 ≤3级,阴,阴,16,11,东北风,≤3级,东南风,≤3级,day
2015-03-21 00:00:00,艺校立交,7、未按规定让行的 ,负全部责任,不负责任,1,贵A393F9,白色,1,贵A1517C,白色,自培,-1,2003/3/4 0:00,-1,虹宇牌,长城牌,364548000000000000 ,355468000000000000 ,197902,199212,0,5,3,工作日,非高峰,2015-03-21,2015年3月21日,阴 /阴,16℃ / 11℃,东北风 ≤3级 /东南风 ≤3级,阴,阴,16,11,东北风,≤3级,东南风,≤3级,night
2015-03-20 16:50:00,金阳南路,8、依法应负全责的其他情形,负全部责任,不负责任,1,贵AF6277,白,1,贵FC2917,银,自培,-1,2005/1/20 0:00,-1,大阳,轩逸牌,74655500000000000 ,366067000000000000 ,196909,196012,16,4,3,工作日,非高峰,2015-03-20,2015年3月20日,阴 /阵雨,14℃ / 10℃,东北风 ≤3级 /东北风 ≤3级,阴,阵雨,14,10,东北风,≤3级,东北风,≤3级,day
2015-03-20 19:45:00,白云区,7、未按规定让行的 ,负全部责任,不负责任,1,贵A0651X,银,1,渝BGL364,白,自培,-1,2011/4/29 0:00,-1,吉利牌,宝马牌,364596000000000000 ,陈涛,198704,-1,19,4,3,工作日,晚高峰(17-19点),2015-03-20,2015年3月20日,阴 /阵雨,14℃ / 10℃,东北风 ≤3级 /东北风 ≤3级,阴,阵雨,14,10,东北风,≤3级,东北风,≤3级,day
2015-03-20 17:30:00,云环路,8、依法应负全责的其他情形,负全部责任,不负责任,1,贵A3362T,黑,1,贵ASV599,银,贵州平安驾驶培训学校,十一培,2004/6/10 0:00,1993/11/4 0:00,比亚迪牌,北京现代牌,364557000000000000 ,364548000000000000 ,197108,197308,17,4,3,工作日,晚高峰(17-19点),2015-03-20,2015年3月20日,阴 /阵雨,14℃ / 10℃,东北风 ≤3级 /东北风 ≤3级,阴,阵雨,14,10,东北风,≤3级,东北风,≤3级,day
2015-03-20 21:00:00,中华南路,9、不符合前8款规定或者双方同时具有上述情形的,负同等责任,负同等责任,1,闽AJK173,灰色,1,贵A7AU99,白色,自培,十一培,2006/1/9 0:00,1995/2/24 0:00,比亚迪牌,锋范牌,734766000000000000 ,364547000000000000 ,198501,197602,21,4,3,工作日,非高峰,2015-03-20,2015年3月20日,阴 /阵雨,14℃ / 10℃,东北风 ≤3级 /东北风 ≤3级,阴,阵雨,14,10,东北风,≤3级,东北风,≤3级,night
2015-03-20 15:40:00,野鸭塘,7、未按规定让行的 ,负全部责任,不负责任,1,贵A48F81,黑,1,贵BT9638,白,新天驾校,自培,2012/1/29 0:00,2002/7/2 0:00,北京现代牌,凯迪拉克牌,366347000000000000 ,366067000000000000 ,195610,197702,15,4,3,工作日,非高峰,2015-03-20,2015年3月20日,阴 /阵雨,14℃ / 10℃,东北风 ≤3级 /东北风 ≤3级,阴,阵雨,14,10,东北风,≤3级,东北风,≤3级,day
2015-03-21 00:00:00,蟠桃宫,1、追尾的,负全部责任,不负责任,1,贵A62B39,白色,1,贵AAE191,白色,贵阳金马驾驶培训有限公司,自培,2011/8/4 0:00,2003/4/16 0:00,朗逸牌,途锐,364547000000000000 ,364548000000000000 ,195907,196406,0,5,3,工作日,非高峰,2015-03-21,2015年3月21日,阴 /阴,16℃ / 11℃,东北风 ≤3级 /东南风 ≤3级,阴,阴,16,11,东北风,≤3级,东南风,≤3级,night
2015-03-20 15:30:00,西二环,7、未按规定让行的 ,负全部责任,不负责任,1,渝GU8252,银,1,贵CBE372,黑,自培,自培,2010/12/23 0:00,2006/3/29 0:00,长城牌,梅赛德斯-奔驰牌,356767000000000000 ,364556000000000000 ,197109,197603,15,4,3,工作日,非高峰,2015-03-20,2015年3月20日,阴 /阵雨,14℃ / 10℃,东北风 ≤3级 /东北风 ≤3级,阴,阵雨,14,10,东北风,≤3级,东北风,≤3级,day
2015-03-20 21:45:00,花香村,8、依法应负全责的其他情形,负全部责任,不负责任,1,贵AZB716,蓝,1,贵AZF162,黄,新华驾校,遵义县鸿盛机动车驾驶员培训学校,2013/10/28 0:00,2012/11/16 0:00,别克牌,别克牌,364548000000000000 ,364547000000000000 ,197006,199311,21,4,3,工作日,非高峰,2015-03-20,2015年3月20日,阴 /阵雨,14℃ / 10℃,东北风 ≤3级 /东北风 ≤3级,阴,阵雨,14,10,东北风,≤3级,东北风,≤3级,night
2015-03-21 11:21:00,金阳,7、未按规定让行的 ,负全部责任,不负责任,1,贵AAA181,黑,1,贵A44B89,蓝,-1,消防驾校,-1,2012/7/4 0:00,江铃牌,朗逸牌,36454700000000000 ,366063000000000000 ,196911,198211,11,5,3,工作日,非高峰,2015-03-21,2015年3月21日,阴 /阴,16℃ / 11℃,东北风 ≤3级 /东南风 ≤3级,阴,阴,16,11,东北风,≤3级,东南风,≤3级,day
2015-03-21 08:50:00,宝山北路,7、未按规定让行的 ,负全部责任,不负责任,1,贵FX7305,白,1,贵A64B11,黄,新天驾校,-1,2013/5/7 0:00,-1,起亚牌,大众汽车牌,364596000000000000 ,364547000000000000 ,198901,196605,8,5,3,工作日,早高峰(7-9点),2015-03-21,2015年3月21日,阴 /阴,16℃ / 11℃,东北风 ≤3级 /东南风 ≤3级,阴,阴,16,11,东北风,≤3级,东南风,≤3级,day
2015-03-21 08:50:00,小河,8、依法应负全责的其他情形,负全部责任,不负责任,1,贵A14Z74,白色,1,贵AC099G,白色,无,兴容驾校,2006/8/16 0:00,-1,海马牌,夏利牌,364567000000000000 ,366566000000000000 ,198801,198610,8,5,3,工作日,早高峰(7-9点),2015-03-21,2015年3月21日,阴 /阴,16℃ / 11℃,东北风 ≤3级 /东南风 ≤3级,阴,阴,16,11,东北风,≤3级,东南风,≤3级,day
2015-03-21 11:50:00,云岩区,8、依法应负全责的其他情形,负全部责任,不负责任,1,川EJ9581,银,1,贵A6AE62,白,-1,贵州现代驾驶培训责任有限公司,-1,2011/12/25 0:00,途锐,翼搏牌,354347000000000000 ,364557000000000000 ,198604,195810,11,5,3,工作日,非高峰,2015-03-21,2015年3月21日,阴 /阴,16℃ / 11℃,东北风 ≤3级 /东南风 ≤3级,阴,阴,16,11,东北风,≤3级,东南风,≤3级,day
2015-03-21 11:11:00,大水沟,1、追尾的,负全部责任,不负责任,1,贵APL641,白色,1,贵AFE111,白色,吉源驾校,520109,2014/10/17 0:00,2005/7/12 0:00,迈腾牌,长安牌,36654551154149245X,366068000000000000 ,199109,197404,11,5,3,工作日,非高峰,2015-03-21,2015年3月21日,阴 /阴,16℃ / 11℃,东北风 ≤3级 /东南风 ≤3级,阴,阴,16,11,东北风,≤3级,东南风,≤3级,day
2015-03-21 08:50:00,小关,1、追尾的,负全部责任,不负责任,1,贵GT5525,白,1,贵TCB411,黄,（观山湖区）蓝天驾驶培训有限公司,黔南州兴鑫驾驶员培训学校,2009/11/4 0:00,-1,奥迪牌,-1,364548000000000000 ,366863000000000000 ,197707,198504,8,5,3,工作日,早高峰(7-9点),2015-03-21,2015年3月21日,阴 /阴,16℃ / 11℃,东北风 ≤3级 /东南风 ≤3级,阴,阴,16,11,东北风,≤3级,东南风,≤3级,day
2015-03-21 11:40:00,乌当,3、倒车的,负全部责任,不负责任,1,贵A6173C,银,1,贵A48995,黄,-1,预约考试窗口,-1,2007/8/1 0:00,解放牌,飞度牌,364566000000000000 ,364548000000000000 ,197412,196703,11,5,3,工作日,非高峰,2015-03-21,2015年3月21日,阴 /阴,16℃ / 11℃,东北风 ≤3级 /东南风 ≤3级,阴,阴,16,11,东北风,≤3级,东南风,≤3级,day
2015-03-21 09:50:00,金珠西路,7、未按规定让行的 ,负全部责任,不负责任,1,贵A0BM88,黑,1,贵ASR558,黑,自培,-1,2002/4/27 0:00,-1,福克斯牌,长安牌,364548000000000000 ,366661000000000000 ,196506,198201,9,5,3,工作日,早高峰(7-9点),2015-03-21,2015年3月21日,阴 /阴,16℃ / 11℃,东北风 ≤3级 /东南风 ≤3级,阴,阴,16,11,东北风,≤3级,东南风,≤3级,day
2015-03-21 12:23:00,白云区,1、追尾的,负全部责任,不负责任,1,贵A66W33,白,1,贵DD2344,蓝,-1,-1,-1,-1,朗风牌,奇瑞牌,364576000000000000 ,366666000000000000 ,198310,197303,12,5,3,工作日,非高峰,2015-03-21,2015年3月21日,阴 /阴,16℃ / 11℃,东北风 ≤3级 /东南风 ≤3级,阴,阴,16,11,东北风,≤3级,东南风,≤3级,day
2015-03-21 11:30:00,长岭南路,7、未按规定让行的 ,负全部责任,不负责任,1,贵A12R24,银,1,贵JQ8637,银,-1,全林驾校,-1,2011/8/11 0:00,东风日产牌,五菱牌,364547000000000000 ,364547000000000000 ,199210,199210,11,5,3,工作日,非高峰,2015-03-21,2015年3月21日,阴 /阴,16℃ / 11℃,东北风 ≤3级 /东南风 ≤3级,阴,阴,16,11,东北风,≤3级,东南风,≤3级,day
2015-03-21 12:00:00,小河,3、倒车的,负全部责任,不负责任,1,贵A3J671,黑色,1,贵GGC546,白色,-1,-1,-1,-1,骏派牌,长安牌,36606100000000000 ,36632500000000000 ,177111,976110,12,5,3,工作日,非高峰,2015-03-21,2015年3月21日,阴 /阴,16℃ / 11℃,东北风 ≤3级 /东南风 ≤3级,阴,阴,16,11,东北风,≤3级,东南风,≤3级,day
2015-03-21 13:10:00,车站,7、未按规定让行的 ,负全部责任,不负责任,1,贵ARP106,白色,1,贵GX4445,白色,-1,金大驾校,-1,2013/2/3 0:00,长安牌,五本牌,74065500000000000 ,366347000000000000 ,198204,199005,13,5,3,工作日,非高峰,2015-03-21,2015年3月21日,阴 /阴,16℃ / 11℃,东北风 ≤3级 /东南风 ≤3级,阴,阴,16,11,东北风,≤3级,东南风,≤3级,day
2015-03-21 13:15:00,电视机厂,7、未按规定让行的 ,负全部责任,不负责任,0,贵A72L35,红,1,贵A7BH75,白,-1,省交校,-1,2012/2/13 0:00,长安牌,奥迪牌,364548000000000000 ,364548000000000000 ,198910,199011,13,5,3,工作日,非高峰,2015-03-21,2015年3月21日,阴 /阴,16℃ / 11℃,东北风 ≤3级 /东南风 ≤3级,阴,阴,16,11,东北风,≤3级,东南风,≤3级,day
2015-03-21 09:20:00,湘雅村,7、未按规定让行的 ,负全部责任,不负责任,1,贵A0AB59,白色,1,贵AU9949,灰色,自培,蓝天驾校,2007/5/25 0:00,1996/7/18 0:00,丰田牌,瑞麒牌,364547000000000000 ,366347000000000000 ,196807,196702,9,5,3,工作日,早高峰(7-9点),2015-03-21,2015年3月21日,阴 /阴,16℃ / 11℃,东北风 ≤3级 /东南风 ≤3级,阴,阴,16,11,东北风,≤3级,东南风,≤3级,day
2015-03-21 11:20:00,白云区,7、未按规定让行的 ,负全部责任,不负责任,1,贵AV5106,银,1,贵A39N72,银,自培,520116,2002/2/8 0:00,2009/11/20 0:00,华泰吉田牌,高尔,366246000000000000 ,366368000000000000 ,197408,198306,11,5,3,工作日,非高峰,2015-03-21,2015年3月21日,阴 /阴,16℃ / 11℃,东北风 ≤3级 /东南风 ≤3级,阴,阴,16,11,东北风,≤3级,东南风,≤3级,day
2015-03-21 08:00:00,太慈桥,1、追尾的,负全部责任,不负责任,1,贵EM8345,白色,1,贵NRW749,白色,自培,大方县坤豪机动车驾驶技能培训中心,2004/9/6 0:00,2011/11/18 0:00,大众汽车牌,-1,366767000000000000 ,364547000000000000 ,198411,194903,8,5,3,工作日,早高峰(7-9点),2015-03-21,2015年3月21日,阴 /阴,16℃ / 11℃,东北风 ≤3级 /东南风 ≤3级,阴,阴,16,11,东北风,≤3级,东南风,≤3级,day
2015-03-21 11:30:00,金华世家,7、未按规定让行的 ,负全部责任,不负责任,1,川AW6864,黑,1,贵AM4439,黑,六盘水达安驾驶培训有限公司,十一培,2010/11/29 0:00,1994/9/20 0:00,雷克牌,新大洲牌,364646000000000000 ,364558000000000000 ,198203,197203,11,5,3,工作日,非高峰,2015-03-21,2015年3月21日,阴 /阴,16℃ / 11℃,东北风 ≤3级 /东南风 ≤3级,阴,阴,16,11,东北风,≤3级,东南风,≤3级,day
2015-03-21 05:00:00,花溪大道,1、追尾的,负全部责任,不负责任,1,贵AU8947,白色,1,贵AHV88J,白色,（花溪区）高新十七驾驶培训有限公司,自培,2008/1/10 0:00,2003/3/31 0:00,瑞麒牌,-1,366346000000000000 ,364548000000000000 ,198108,197405,5,5,3,工作日,非高峰,2015-03-21,2015年3月21日,阴 /阴,16℃ / 11℃,东北风 ≤3级 /东南风 ≤3级,阴,阴,16,11,东北风,≤3级,东南风,≤3级,night
2015-03-20 22:20:00,乌当高新区,7、未按规定让行的 ,负全部责任,不负责任,1,贵AHW333,白色,1,贵AU3122,白色,自培,自培,2012/7/30 0:00,2011/3/14 0:00,雅阁牌,钱江牌,36454751144168725X,366068000000000000 ,199009,199011,22,4,3,工作日,非高峰,2015-03-20,2015年3月20日,阴 /阵雨,14℃ / 10℃,东北风 ≤3级 /东北风 ≤3级,阴,阵雨,14,10,东北风,≤3级,东北风,≤3级,night
2015-03-21 09:00:00,北京西路,1、追尾的,负全部责任,不负责任,1,贵A8AT83,红,1,贵GF5635,黑,贵州省长安驾驶培训学校,自培,2012/9/19 0:00,2007/10/9 0:00,丰田牌,丰田牌,364548000000000000 ,07436551884162483X,196908,197709,9,5,3,工作日,早高峰(7-9点),2015-03-21,2015年3月21日,阴 /阴,16℃ / 11℃,东北风 ≤3级 /东南风 ≤3级,阴,阴,16,11,东北风,≤3级,东南风,≤3级,day
2015-03-21 00:00:00,长江路,8、依法应负全责的其他情形,负全部责任,不负责任,1,贵GX5567,白色,1,贵A75845学,白色,自培,自培,2007/5/30 0:00,2000/12/8 0:00,大众汽车牌,-1,364548000000000000 ,354666000000000000 ,198612,197703,0,5,3,工作日,非高峰,2015-03-21,2015年3月21日,阴 /阴,16℃ / 11℃,东北风 ≤3级 /东南风 ≤3级,阴,阴,16,11,东北风,≤3级,东南风,≤3级,night
2015-03-21 13:00:00,花溪,7、未按规定让行的 ,负全部责任,不负责任,1,贵A98498,白色,1,贵CLV592,白色,-1,神舟驾校,-1,-1,五征牌,奥迪牌,36606751914243105X,366546000000000000 ,198906,198610,13,5,3,工作日,非高峰,2015-03-21,2015年3月21日,阴 /阴,16℃ / 11℃,东北风 ≤3级 /东南风 ≤3级,阴,阴,16,11,东北风,≤3级,东南风,≤3级,day
2015-03-21 10:50:00,沙冲路,1、追尾的,负全部责任,不负责任,1,贵A3AP29,白色,1,贵HBD555,白色,（南明区）贵工大驾驶培训有限公司,预约考试窗口,2007/12/27 0:00,2006/12/12 0:00,名爵牌,大众汽车牌,364551000000000000 ,74051500000000000 ,197909,198108,10,5,3,工作日,非高峰,2015-03-21,2015年3月21日,阴 /阴,16℃ / 11℃,东北风 ≤3级 /东南风 ≤3级,阴,阴,16,11,东北风,≤3级,东南风,≤3级,day
2015-03-21 11:30:00,花果园,1、追尾的,负全部责任,不负责任,1,贵JCG448,白色,1,贵GM4362,白色,自培,-1,2003/5/15 0:00,-1,长城牌,长安牌,364556000000000000 ,64560500000000000 ,196812,196304,11,5,3,工作日,非高峰,2015-03-21,2015年3月21日,阴 /阴,16℃ / 11℃,东北风 ≤3级 /东南风 ≤3级,阴,阴,16,11,东北风,≤3级,东南风,≤3级,day
2015-03-21 14:05:00,东二环,1、追尾的,负全部责任,不负责任,1,贵A80235,白色,1,贵A5316A,白色,安顺市天安机动车驾驶员培训学校,安顺市天安机动车驾驶员培训学校,-1,2006/7/27 0:00,乘龙牌,北京现代牌,366375000000000000 ,364556000000000000 ,198007,198712,14,5,3,工作日,非高峰,2015-03-21,2015年3月21日,阴 /阴,16℃ / 11℃,东北风 ≤3级 /东南风 ≤3级,阴,阴,16,11,东北风,≤3级,东南风,≤3级,day
2015-03-21 12:40:00,北京西路,8、依法应负全责的其他情形,负全部责任,不负责任,0,贵ADB381,银,1,贵FC1300,黑,520132,-1,2009/4/21 0:00,-1,比亚迪牌,豪爵牌,736561000000000000 ,354548000000000000 ,197510,197002,12,5,3,工作日,非高峰,2015-03-21,2015年3月21日,阴 /阴,16℃ / 11℃,东北风 ≤3级 /东南风 ≤3级,阴,阴,16,11,东北风,≤3级,东南风,≤3级,day
2015-03-21 13:00:00,青云路,3、倒车的,负全部责任,不负责任,1,贵A96026,黑,1,贵A7106,蓝,-1,蓝天驾校,-1,2004/12/3 0:00,揽胜,东风雪铁龙牌,276767000000000000 ,36656751814042845X,197012,197904,13,5,3,工作日,非高峰,2015-03-21,2015年3月21日,阴 /阴,16℃ / 11℃,东北风 ≤3级 /东南风 ≤3级,阴,阴,16,11,东北风,≤3级,东南风,≤3级,day