accidenttime,accidentaddr,driver1fault,driver1responsibility,driver2responsibility,sex1,platenumber1,carcolor1,sex2,platenumber2,carcolor2,jxmc1,jxmc2,cclzrq1,cclzrq2,clpp1,clpp2,driver1license,driver2license,brith1,brith2,hour,weekday,month,is_weekday,peak_hour,date,日期,天气状况,气温,风力风向,day_wea,night_wea,day_tep,night_tep,day_wind_direction,day_wind_speed,night_wind_direction,night_wind_speed,segment
2015-03-21 10:00:00,遵义路,1、追尾的,负全部责任,不负责任,1,贵A62G65,蓝,1,贵ATE873,白,（南明区）金大驾驶培训有限公司,-1,2006/7/14 0:00,-1,名爵牌,福克斯牌,364548000000000000 ,366346000000000000 ,198704,196109,10,5,3,工作日,非高峰,2015-03-21,2015年3月21日,阴 /阴,16℃ / 11℃,东北风 ≤3级 /东南风 ≤3级,阴,阴,16,11,东北风,≤3级,东南风,≤3级,day
2015-03-21 15:00:00,营盘路,8、依法应负全责的其他情形,负全部责任,不负责任,1,贵CNK541,白色,1,贵AN6425,白色,-1,青正驾校,-1,2011/5/9 0:00,华泰宝利格牌,豪进牌,366567000000000000 ,36454651924245705X,197608,198606,15,5,3,工作日,非高峰,2015-03-21,2015年3月21日,阴 /阴,16℃ / 11℃,东北风 ≤3级 /东南风 ≤3级,阴,阴,16,11,东北风,≤3级,东南风,≤3级,day
2015-03-21 14:30:00,金朱东路,8、依法应负全责的其他情形,负全部责任,不负责任,1,贵A316F3,银,0,贵HM4687,银,-1,时发驾校,-1,2012/1/21 0:00,解放牌,沃尔沃,764997000000000000 ,364558000000000000 ,198612,197407,14,5,3,工作日,非高峰,2015-03-21,2015年3月21日,阴 /阴,16℃ / 11℃,东北风 ≤3级 /东南风 ≤3级,阴,阴,16,11,东北风,≤3级,东南风,≤3级,day
2015-03-21 13:45:00,中坝,1、追尾的,负全部责任,不负责任,0,陕CV6755,红,1,贵F01829,红,阳光驾校,铁二局驾校,2013/10/22 0:00,2012/5/4 0:00,海马牌  ,长安牌,364557000000000000 ,366061000000000000 ,198702,197910,13,5,3,工作日,非高峰,2015-03-21,2015年3月21日,阴 /阴,16℃ / 11℃,东北风 ≤3级 /东南风 ≤3级,阴,阴,16,11,东北风,≤3级,东南风,≤3级,day
2015-03-21 15:30:00,麦架镇,8、依法应负全责的其他情形,负全部责任,不负责任,1,贵A1140T,银,1,渝GM8476,红,-1,-1,-1,-1,东风雪铁龙牌,长安牌,366575000000000000 ,366069000000000000 ,197704,199105,15,5,3,工作日,非高峰,2015-03-21,2015年3月21日,阴 /阴,16℃ / 11℃,东北风 ≤3级 /东南风 ≤3级,阴,阴,16,11,东北风,≤3级,东南风,≤3级,day
2015-03-21 16:30:00,煤矿村,7、未按规定让行的 ,负全部责任,不负责任,1,贵AV8778,蓝,1,贵AU0667,黄,-1,南京宁浦驾驶培训学校有限公司,-1,2006/9/1 0:00,三铃牌,万达牌,364548000000000000 ,355468000000000000 ,196710,197404,16,5,3,工作日,非高峰,2015-03-21,2015年3月21日,阴 /阴,16℃ / 11℃,东北风 ≤3级 /东南风 ≤3级,阴,阴,16,11,东北风,≤3级,东南风,≤3级,day
2015-03-21 15:30:00,林城西路,7、未按规定让行的 ,负全部责任,不负责任,1,贵A93764,银,1,贵AC109F,蓝,-1,六盘水市天鹏驾驶培训学校,-1,2009/5/11 0:00,嘉陵,福特牌,366064000000000000 ,364557000000000000 ,198509,198906,15,5,3,工作日,非高峰,2015-03-21,2015年3月21日,阴 /阴,16℃ / 11℃,东北风 ≤3级 /东南风 ≤3级,阴,阴,16,11,东北风,≤3级,东南风,≤3级,day
2015-03-21 13:00:00,新天寨,3、倒车的,负全部责任,不负责任,1,贵FS2273,白色,1,贵J41328,白色,自培,-1,2004/2/25 0:00,-1,长安牌,波罗牌,734398000000000000 ,364547000000000000 ,198401,197907,13,5,3,工作日,非高峰,2015-03-21,2015年3月21日,阴 /阴,16℃ / 11℃,东北风 ≤3级 /东南风 ≤3级,阴,阴,16,11,东北风,≤3级,东南风,≤3级,day
2015-03-21 12:20:00,金竹镇,7、未按规定让行的 ,负全部责任,不负责任,1,贵A12S24,灰色,1,贵A5841B,白色,自培,鑫鑫驾校,2002/4/22 0:00,2006/6/9 0:00,长城牌,丰田牌,366066000000000000 ,366663000000000000 ,197605,198602,12,5,3,工作日,非高峰,2015-03-21,2015年3月21日,阴 /阴,16℃ / 11℃,东北风 ≤3级 /东南风 ≤3级,阴,阴,16,11,东北风,≤3级,东南风,≤3级,day
2015-03-21 14:40:00,三桥立交,1、追尾的,负全部责任,不负责任,1,贵A7B636,白色,1,贵AU2097,白色,自培,吉源驾校（南明区）,2000/4/10 0:00,1996/4/17 0:00,众泰牌,铃木牌,364547000000000000 ,366361000000000000 ,197504,197008,14,5,3,工作日,非高峰,2015-03-21,2015年3月21日,阴 /阴,16℃ / 11℃,东北风 ≤3级 /东南风 ≤3级,阴,阴,16,11,东北风,≤3级,东南风,≤3级,day
2015-03-21 15:00:00,开发大道,7、未按规定让行的 ,负全部责任,不负责任,1,湘A11M37,白色,1,渝GE8214,黄色,自培,-1,2012/7/17 0:00,-1,福克斯牌,金杯牌,07456051824763758X,344791000000000000 ,197603,198812,15,5,3,工作日,非高峰,2015-03-21,2015年3月21日,阴 /阴,16℃ / 11℃,东北风 ≤3级 /东南风 ≤3级,阴,阴,16,11,东北风,≤3级,东南风,≤3级,day
2015-03-21 15:30:00,中坝,7、未按规定让行的 ,负全部责任,不负责任,0,贵NV877,黑,1,泸C3H695,银,自培,文通驾校,2004/9/29 0:00,2012/7/30 0:00,-1,雪佛兰牌,366566000000000000 ,364548000000000000 ,197610,197005,15,5,3,工作日,非高峰,2015-03-21,2015年3月21日,阴 /阴,16℃ / 11℃,东北风 ≤3级 /东南风 ≤3级,阴,阴,16,11,东北风,≤3级,东南风,≤3级,day
2015-03-21 15:00:00,金关,9、不符合前8款规定或者双方同时具有上述情形的,负同等责任,负同等责任,1,贵A09939,白,1,闽A6647R,黑,自培,-1,2005/6/22 0:00,-1,东风日产柴牌,东风雪铁龙,357868000000000000 ,734570000000000000 ,197904,199107,15,5,3,工作日,非高峰,2015-03-21,2015年3月21日,阴 /阴,16℃ / 11℃,东北风 ≤3级 /东南风 ≤3级,阴,阴,16,11,东北风,≤3级,东南风,≤3级,day
2015-03-21 12:30:00,西南商贸城,7、未按规定让行的 ,负全部责任,不负责任,1,贵G85825,银,1,贵A87P52,银,全林驾校,十一培,2014/3/11 0:00,1996/7/3 0:00,奥铃牌,夏利牌,366869000000000000 ,364547000000000000 ,197712,196506,12,5,3,工作日,非高峰,2015-03-21,2015年3月21日,阴 /阴,16℃ / 11℃,东北风 ≤3级 /东南风 ≤3级,阴,阴,16,11,东北风,≤3级,东南风,≤3级,day
2015-03-21 13:09:00,北京西路,1、追尾的,负全部责任,不负责任,1,贵A87Z87,蓝,1,贵A41W56,白,顺一驾驶培训学校,自培,2012/10/17 0:00,2003/7/21 0:00,宝马牌,雷克萨斯,364548000000000000 ,364548000000000000 ,198804,197504,13,5,3,工作日,非高峰,2015-03-21,2015年3月21日,阴 /阴,16℃ / 11℃,东北风 ≤3级 /东南风 ≤3级,阴,阴,16,11,东北风,≤3级,东南风,≤3级,day
2015-03-21 11:57:00,杨家山,7、未按规定让行的 ,负全部责任,不负责任,0,贵GX9968,白,1,贵AZ1142,白,十一驾驶培训有限公司,自培,2015/1/21 0:00,2007/12/17 0:00,长安牌,-1,366761000000000000 ,366066000000000000 ,197803,197102,11,5,3,工作日,非高峰,2015-03-21,2015年3月21日,阴 /阴,16℃ / 11℃,东北风 ≤3级 /东南风 ≤3级,阴,阴,16,11,东北风,≤3级,东南风,≤3级,day
2015-03-21 13:30:00,小河新村转盘,7、未按规定让行的 ,负全部责任,不负责任,1,贵A98876,白色,1,贵A3A129,白色,-1,自培,-1,2007/12/27 0:00,五星牌,起亚,364544000000 ,364551000000000000 ,86971,197909,13,5,3,工作日,非高峰,2015-03-21,2015年3月21日,阴 /阴,16℃ / 11℃,东北风 ≤3级 /东南风 ≤3级,阴,阴,16,11,东北风,≤3级,东南风,≤3级,day
2015-03-21 14:00:00,西二环,1、追尾的,负全部责任,不负责任,1,贵JBX469,银,1,贵A6243M,红,-1,自培,-1,2003/8/19 0:00,豪爵牌,丰田(TOYOTA)牌,366361000000000000 ,364556000000000000 ,197302,198301,14,5,3,工作日,非高峰,2015-03-21,2015年3月21日,阴 /阴,16℃ / 11℃,东北风 ≤3级 /东南风 ≤3级,阴,阴,16,11,东北风,≤3级,东南风,≤3级,day
2015-03-21 14:50:00,太慈桥,7、未按规定让行的 ,负全部责任,不负责任,1,贵GS9925,灰色,1,贵A65T12,白色,安顺市公共交通驾驶培训学校,-1,2010/9/27 0:00,-1,力帆牌,-1,366369000000000000 ,366269000000000000 ,197507,195512,14,5,3,工作日,非高峰,2015-03-21,2015年3月21日,阴 /阴,16℃ / 11℃,东北风 ≤3级 /东南风 ≤3级,阴,阴,16,11,东北风,≤3级,东南风,≤3级,day
2015-03-21 16:50:00,解放西路,7、未按规定让行的 ,负全部责任,不负责任,1,贵AV5569,白色,1,贵JBX292,白色,-1,-1,-1,-1,中华牌,金龙牌,36454700000000 ,344796000000000000 ,196307,199508,16,5,3,工作日,非高峰,2015-03-21,2015年3月21日,阴 /阴,16℃ / 11℃,东北风 ≤3级 /东南风 ≤3级,阴,阴,16,11,东北风,≤3级,东南风,≤3级,day
2015-03-21 18:05:00,中坝,8、依法应负全责的其他情形,负全部责任,不负责任,1,贵A4499,银,0,贵A2BY15,白,-1,520116,-1,2008/8/22 0:00,比亚迪牌,尚酷,369597000000000000 ,364556000000000000 ,195411,197812,18,5,3,工作日,晚高峰(17-19点),2015-03-21,2015年3月21日,阴 /阴,16℃ / 11℃,东北风 ≤3级 /东南风 ≤3级,阴,阴,16,11,东北风,≤3级,东南风,≤3级,day
2015-03-21 17:30:00,苗圃,1、追尾的,负全部责任,不负责任,1,贵AG1017,银,0,贵AKC728,黑,-1,印江县铜江驾校,-1,-1,吉利美日牌,丰田牌,364848000000000000 ,366664000000000000 ,196511,197510,17,5,3,工作日,晚高峰(17-19点),2015-03-21,2015年3月21日,阴 /阴,16℃ / 11℃,东北风 ≤3级 /东南风 ≤3级,阴,阴,16,11,东北风,≤3级,东南风,≤3级,day
2015-03-21 19:20:00,小河长江路,9、不符合前8款规定或者双方同时具有上述情形的,负同等责任,负同等责任,1,贵A2689H,白色,1,贵A99257,白色,自培,无,2000/11/28 0:00,2005/7/26 0:00,长安牌,解放牌,366876000000000000 ,364557000000000000 ,197508,197812,19,5,3,工作日,晚高峰(17-19点),2015-03-21,2015年3月21日,阴 /阴,16℃ / 11℃,东北风 ≤3级 /东南风 ≤3级,阴,阴,16,11,东北风,≤3级,东南风,≤3级,day
2015-03-21 16:50:00,花溪,8、依法应负全责的其他情形,负全部责任,不负责任,1,湘K42B62,白色,1,贵AZF806,黑色,-1,顺一驾驶培训学校,-1,2011/4/12 0:00,无,奥迪牌,76345500000000000 ,364556000000000000 ,197210,198210,16,5,3,工作日,非高峰,2015-03-21,2015年3月21日,阴 /阴,16℃ / 11℃,东北风 ≤3级 /东南风 ≤3级,阴,阴,16,11,东北风,≤3级,东南风,≤3级,day
2015-03-21 18:45:00,解放西路,7、未按规定让行的 ,负全部责任,不负责任,1,贵ANN954,白色,1,贵AV0206,白色,-1,预约考试窗口,-1,2007/8/16 0:00,长安牌,鹏城牌,366346000000000000 ,364547000000000000 ,198710,196911,18,5,3,工作日,晚高峰(17-19点),2015-03-21,2015年3月21日,阴 /阴,16℃ / 11℃,东北风 ≤3级 /东南风 ≤3级,阴,阴,16,11,东北风,≤3级,东南风,≤3级,day
2015-03-21 16:30:00,花果园,1、追尾的,负全部责任,不负责任,1,贵ATW516,白,1,贵HL2343,黑,无,-1,2007/8/7 0:00,-1,三菱牌,别克牌,36454651994640895X,366263000000000000 ,198802,196503,16,5,3,工作日,非高峰,2015-03-21,2015年3月21日,阴 /阴,16℃ / 11℃,东北风 ≤3级 /东南风 ≤3级,阴,阴,16,11,东北风,≤3级,东南风,≤3级,day
2015-03-21 16:30:00,贵大,1、追尾的,负全部责任,不负责任,1,湘N3G938,白色,1,贵AUA697,白色,-1,文通驾校,-1,2001/1/31 0:00,晶锐牌,奇瑞牌,07746051804166077X,364556000000000000 ,197409,196308,16,5,3,工作日,非高峰,2015-03-21,2015年3月21日,阴 /阴,16℃ / 11℃,东北风 ≤3级 /东南风 ≤3级,阴,阴,16,11,东北风,≤3级,东南风,≤3级,day
2015-03-21 15:36:00,新印厂,6、违反交通信号的,负全部责任,不负责任,0,贵GM2602,红,1,川A637WW,银,省交校,-1,2012/12/20 0:00,-1,大众汽车牌,长城牌 ,364557000000000000 ,36455700000000000 ,196607,197200,15,5,3,工作日,非高峰,2015-03-21,2015年3月21日,阴 /阴,16℃ / 11℃,东北风 ≤3级 /东南风 ≤3级,阴,阴,16,11,东北风,≤3级,东南风,≤3级,day
2015-03-21 22:00:00,转弯塘,7、未按规定让行的 ,负全部责任,不负责任,1,贵A9279F,黑,1,贵A654H7,白,-1,高新驾校,-1,2011/9/28 0:00,利亚纳牌,福田牌,74367500000000000 ,366347000000000000 ,197403,198108,22,5,3,工作日,非高峰,2015-03-21,2015年3月21日,阴 /阴,16℃ / 11℃,东北风 ≤3级 /东南风 ≤3级,阴,阴,16,11,东北风,≤3级,东南风,≤3级,night
2015-03-21 17:50:00,金朱东路,1、追尾的,负全部责任,不负责任,1,贵AJN919,黑,1,贵A6178J,蓝,十一培,自培,1995/10/3 0:00,2006/5/17 0:00,吉利美日牌,吉利牌,364547000000000000 ,364556000000000000 ,196807,197004,17,5,3,工作日,晚高峰(17-19点),2015-03-21,2015年3月21日,阴 /阴,16℃ / 11℃,东北风 ≤3级 /东南风 ≤3级,阴,阴,16,11,东北风,≤3级,东南风,≤3级,day
2015-03-21 15:20:00,花溪,3、倒车的,负全部责任,不负责任,1,贵FAD457,黑,1,贵FX8122,白,自培,人武驾校,2014/1/10 0:00,2014/12/11 0:00,吉利牌,别克牌,366068000000000000 ,366061000000000000 ,198912,198504,15,5,3,工作日,非高峰,2015-03-21,2015年3月21日,阴 /阴,16℃ / 11℃,东北风 ≤3级 /东南风 ≤3级,阴,阴,16,11,东北风,≤3级,东南风,≤3级,day
2015-03-21 18:10:00,花溪大道,1、追尾的,负全部责任,不负责任,1,贵A20953,白色,1,贵AH0472,白色,自培,十一驾驶培训有限公司,2002/5/16 0:00,2012/2/28 0:00,五菱,五菱牌,364548000000000000 ,366569000000000000 ,195906,198010,18,5,3,工作日,晚高峰(17-19点),2015-03-21,2015年3月21日,阴 /阴,16℃ / 11℃,东北风 ≤3级 /东南风 ≤3级,阴,阴,16,11,东北风,≤3级,东南风,≤3级,day
2015-03-21 20:25:00,火车北站,1、追尾的,负全部责任,不负责任,1,贵AWY432,银,0,贵A7422T,红,自培,诚信驾驶培训学校,2002/7/5 0:00,2011/9/6 0:00,宝马,北京现代牌,366875000000000000 ,364557000000000000 ,198102,199101,20,5,3,工作日,非高峰,2015-03-21,2015年3月21日,阴 /阴,16℃ / 11℃,东北风 ≤3级 /东南风 ≤3级,阴,阴,16,11,东北风,≤3级,东南风,≤3级,night
2015-03-21 15:40:00,西二环,7、未按规定让行的 ,负全部责任,不负责任,1,贵4265349,白色,1,贵A71N69,白色,金大驾校,十一培,2015/2/3 0:00,1995/9/6 0:00,-1,思威牌,366067000000000000 ,366367000000000000 ,198510,196812,15,5,3,工作日,非高峰,2015-03-21,2015年3月21日,阴 /阴,16℃ / 11℃,东北风 ≤3级 /东南风 ≤3级,阴,阴,16,11,东北风,≤3级,东南风,≤3级,day
2015-03-21 16:20:00,花溪,7、未按规定让行的 ,负全部责任,不负责任,1,贵A99N87,白色,1,贵4544017,白色,（白云区）景宏驾驶培训有限公司,十一培,2009/1/12 0:00,1996/10/28 0:00,大众汽车牌,-1,366375000000000000 ,364556000000000000 ,198409,197212,16,5,3,工作日,非高峰,2015-03-21,2015年3月21日,阴 /阴,16℃ / 11℃,东北风 ≤3级 /东南风 ≤3级,阴,阴,16,11,东北风,≤3级,东南风,≤3级,day
2015-03-21 16:45:00,金清大道,4、停车时未挂低速档、未拉驻车制动，导致车辆滑行的,负全部责任,不负责任,1,贵AV5793,银,1,贵A45M69,白,省交校,十一培,2014/9/18 0:00,1997/3/27 0:00,捷达牌,沃尔沃,366846000000000000 ,364547000000000000 ,198612,197104,16,5,3,工作日,非高峰,2015-03-21,2015年3月21日,阴 /阴,16℃ / 11℃,东北风 ≤3级 /东南风 ≤3级,阴,阴,16,11,东北风,≤3级,东南风,≤3级,day
2015-03-21 14:50:00,艺校立交,8、依法应负全责的其他情形,负全部责任,不负责任,1,贵ASC627,白色,1,贵AA4487,白色,自培,十一培,2004/8/28 0:00,1995/3/8 0:00,北京现代牌,别克牌,364557000000000000 ,364547000000000000 ,197401,196402,14,5,3,工作日,非高峰,2015-03-21,2015年3月21日,阴 /阴,16℃ / 11℃,东北风 ≤3级 /东南风 ≤3级,阴,阴,16,11,东北风,≤3级,东南风,≤3级,day
2015-03-21 14:30:00,开发大道,1、追尾的,负全部责任,不负责任,1,贵CP3680,白色,1,贵A34P67,黄色,自培,自培,2006/11/20 0:00,2006/1/5 0:00,丰田牌,丰田牌,366569000000000000 ,366347000000000000 ,197910,197710,14,5,3,工作日,非高峰,2015-03-21,2015年3月21日,阴 /阴,16℃ / 11℃,东北风 ≤3级 /东南风 ≤3级,阴,阴,16,11,东北风,≤3级,东南风,≤3级,day
2015-03-21 18:00:00,花溪大道,7、未按规定让行的 ,负全部责任,不负责任,1,贵A48P33,白色,1,贵A31J14,白色,自培,自培,2013/6/20 0:00,2004/5/17 0:00,荣威牌,思威牌,377367000000000000 ,36676651884750438X,199406,197703,18,5,3,工作日,晚高峰(17-19点),2015-03-21,2015年3月21日,阴 /阴,16℃ / 11℃,东北风 ≤3级 /东南风 ≤3级,阴,阴,16,11,东北风,≤3级,东南风,≤3级,day
2015-03-21 15:00:00,金竹立交,7、未按规定让行的 ,负全部责任,不负责任,1,贵GK9671,灰色,1,贵AHL363,黑色,自培,自培,2001/7/2 0:00,2004/6/7 0:00,-1,比亚迪牌,366875000000000000 ,364548000000000000 ,197612,197907,15,5,3,工作日,非高峰,2015-03-21,2015年3月21日,阴 /阴,16℃ / 11℃,东北风 ≤3级 /东南风 ≤3级,阴,阴,16,11,东北风,≤3级,东南风,≤3级,day
2015-03-21 19:00:00,小河,1、追尾的,负全部责任,不负责任,1,贵A8D868,白色,1,贵A0BF55,黑色,-1,520129,-1,2010/8/31 0:00,长安牌,梅赛德斯-奔驰牌,36636300000000000 ,364548000000000000 ,197507,198804,19,5,3,工作日,晚高峰(17-19点),2015-03-21,2015年3月21日,阴 /阴,16℃ / 11℃,东北风 ≤3级 /东南风 ≤3级,阴,阴,16,11,东北风,≤3级,东南风,≤3级,day
2015-03-22 01:30:00,甘平路,7、未按规定让行的 ,负全部责任,不负责任,1,贵A992C9,白色,1,贵A2AW65,黑色,-1,自培,-1,2011/9/29 0:00,解放牌,大众汽车牌,54565500000000000 ,364548000000000000 ,195804,198912,1,6,3,周末,非高峰,2015-03-22,2015年3月22日,阵雨 /阵雨,19℃ / 10℃,东南风 ≤3级 /东风 ≤3级,阵雨,阵雨,19,10,东南风,≤3级,东风,≤3级,night
2015-03-22 07:20:00,白云区,9、不符合前8款规定或者双方同时具有上述情形的,负同等责任,负同等责任,1,贵A0934X,蓝,1,贵A730E2,银,景宏驾校,景宏驾校,2012/5/17 0:00,2012/5/17 0:00,海马牌,五菱牌,366361000000000000 ,366361000000000000 ,197401,197401,7,6,3,周末,早高峰(7-9点),2015-03-22,2015年3月22日,阵雨 /阵雨,19℃ / 10℃,东南风 ≤3级 /东风 ≤3级,阵雨,阵雨,19,10,东南风,≤3级,东风,≤3级,day
2015-03-21 18:20:00,新添大道,7、未按规定让行的 ,负全部责任,不负责任,1,贵HR4336,蓝,1,贵A8730A,红,贵州省长安驾驶培训学校,520116,2012/8/24 0:00,2009/9/10 0:00,隆鑫牌,东南牌,364548000000000000 ,366875000000000000 ,197911,198402,18,5,3,工作日,晚高峰(17-19点),2015-03-21,2015年3月21日,阴 /阴,16℃ / 11℃,东北风 ≤3级 /东南风 ≤3级,阴,阴,16,11,东北风,≤3级,东南风,≤3级,day
2015-03-21 20:30:00,人民医院,7、未按规定让行的 ,负全部责任,不负责任,1,贵FX7487,白,1,贵AU5322,绿,-1,预约考试窗口,-1,2007/8/16 0:00,福克斯牌,蜀都牌,366361000000000000 ,366364000000000000 ,196504,196806,20,5,3,工作日,非高峰,2015-03-21,2015年3月21日,阴 /阴,16℃ / 11℃,东北风 ≤3级 /东南风 ≤3级,阴,阴,16,11,东北风,≤3级,东南风,≤3级,night
2015-03-22 07:24:00,盐务街,1、追尾的,负全部责任,不负责任,1,贵A8AY08,红,1,贵A38R57,白,铁二局驾校,铁二局驾校,2012/7/3 0:00,2012/3/1 0:00,-1,广汽菲亚特牌,366368000000000000 ,364548000000000000 ,197311,199110,7,6,3,周末,早高峰(7-9点),2015-03-22,2015年3月22日,阵雨 /阵雨,19℃ / 10℃,东南风 ≤3级 /东风 ≤3级,阵雨,阵雨,19,10,东南风,≤3级,东风,≤3级,day
2015-03-21 20:00:00,大营坡,3、倒车的,负全部责任,不负责任,0,贵ADQ676,银,1,贵A48P84,红,贵阳金马驾驶培训有限公司,十一驾驶培训有限公司,2014/6/18 0:00,2010/9/19 0:00,奇瑞牌,马自达牌,366667000000000000 ,364548000000000000 ,198901,198001,20,5,3,工作日,非高峰,2015-03-21,2015年3月21日,阴 /阴,16℃ / 11℃,东北风 ≤3级 /东南风 ≤3级,阴,阴,16,11,东北风,≤3级,东南风,≤3级,night
2015-03-21 20:20:00,花果园,7、未按规定让行的 ,负全部责任,不负责任,1,贵GX9956,蓝,1,贵F50363,黑,贵州现代驾驶培训责任有限公司,-1,2012/10/23 0:00,-1,比亚迪牌,五菱牌,364557000000000000 ,366063000000000000 ,199003,198203,20,5,3,工作日,非高峰,2015-03-21,2015年3月21日,阴 /阴,16℃ / 11℃,东北风 ≤3级 /东南风 ≤3级,阴,阴,16,11,东北风,≤3级,东南风,≤3级,night
2015-03-22 10:10:00,诚信南路,8、依法应负全责的其他情形,负全部责任,不负责任,1,贵A25151,白,1,贵A1407T,银,-1,合江少岷驾校,-1,2008/9/23 0:00,喜马牌,长安牌,354547000000000000 ,366566000000000000 ,197412,199003,10,6,3,周末,非高峰,2015-03-22,2015年3月22日,阵雨 /阵雨,19℃ / 10℃,东南风 ≤3级 /东风 ≤3级,阵雨,阵雨,19,10,东南风,≤3级,东风,≤3级,day
2015-03-22 10:34:00,金朱东路,8、依法应负全责的其他情形,负全部责任,不负责任,1,粤JDP196,黑,1,贵A55178,银,-1,景宏驾校,-1,2014/11/20 0:00,无,沈阳,366664000000000000 ,376570000000000000 ,198111,196503,10,6,3,周末,非高峰,2015-03-22,2015年3月22日,阵雨 /阵雨,19℃ / 10℃,东南风 ≤3级 /东风 ≤3级,阵雨,阵雨,19,10,东南风,≤3级,东风,≤3级,day
2015-03-22 09:23:00,嘉润路,7、未按规定让行的 ,负全部责任,不负责任,1,贵AP5366,白色,1,贵A89164,白色,青正驾校,预约考试窗口,2011/12/14 0:00,2007/1/17 0:00,奥迪,豪爵牌,366346000000000000 ,364556000000000000 ,197501,197709,9,6,3,周末,早高峰(7-9点),2015-03-22,2015年3月22日,阵雨 /阵雨,19℃ / 10℃,东南风 ≤3级 /东风 ≤3级,阵雨,阵雨,19,10,东南风,≤3级,东风,≤3级,day
2015-03-21 20:40:00,北京西路,7、未按规定让行的 ,负全部责任,不负责任,0,贵G05222,白,1,贵A35L68,白,自培,鑫鑫驾校,2005/3/9 0:00,2014/12/4 0:00,路虎,东风雪铁龙牌,07429651855453886X,785548000000000000 ,197110,197510,20,5,3,工作日,非高峰,2015-03-21,2015年3月21日,阴 /阴,16℃ / 11℃,东北风 ≤3级 /东南风 ≤3级,阴,阴,16,11,东北风,≤3级,东南风,≤3级,night
2015-03-21 22:00:00,都司路,7、未按规定让行的 ,负全部责任,不负责任,1,粤SE514R,白色,1,贵JAQ171,白色,自培,-1,2012/8/13 0:00,-1,江铃牌,别克牌,366566000000000000 ,366862000000000000 ,198306,198709,22,5,3,工作日,非高峰,2015-03-21,2015年3月21日,阴 /阴,16℃ / 11℃,东北风 ≤3级 /东南风 ≤3级,阴,阴,16,11,东北风,≤3级,东南风,≤3级,night
2015-03-21 22:30:00,涴沙桥,8、依法应负全责的其他情形,负全部责任,不负责任,1,贵A6H705,蓝,0,渝BA3492,黑,自培,-1,2010/2/5 0:00,-1,吉利牌,-1,56868500000000000 ,74360500000000000 ,197907,195610,22,5,3,工作日,非高峰,2015-03-21,2015年3月21日,阴 /阴,16℃ / 11℃,东北风 ≤3级 /东南风 ≤3级,阴,阴,16,11,东北风,≤3级,东南风,≤3级,night
2015-03-22 08:00:00,月亮岩,7、未按规定让行的 ,负全部责任,不负责任,1,贵A46L16,白色,1,贵AU0461,黑色,长运驾校,十一培,2012/7/13 0:00,1994/5/5 0:00,吉利美日牌,宝来牌,356168000000000000 ,36454651295541445X,197802,196811,8,6,3,周末,早高峰(7-9点),2015-03-22,2015年3月22日,阵雨 /阵雨,19℃ / 10℃,东南风 ≤3级 /东风 ≤3级,阵雨,阵雨,19,10,东南风,≤3级,东风,≤3级,day
2015-03-22 11:00:00,普陀路,3、倒车的,负全部责任,不负责任,1,贵A8BY64,银,1,贵AMG913,黑,（南明区）市交通职业技术驾驶培训学校,十一培,2006/8/11 0:00,1986/4/27 0:00,东风牌,比亚迪牌,36455551994647037X,364547000000000000 ,198802,196506,11,6,3,周末,非高峰,2015-03-22,2015年3月22日,阵雨 /阵雨,19℃ / 10℃,东南风 ≤3级 /东风 ≤3级,阵雨,阵雨,19,10,东南风,≤3级,东风,≤3级,day
2015-03-22 08:30:00,花溪大道,1、追尾的,负全部责任,不负责任,1,渝F79145,白色,1,贵ANR662,白色,自培,十一培,2001/7/18 0:00,1998/4/7 0:00,长城牌,雪佛兰牌,357366000000000000 ,364558000000000000 ,197504,196509,8,6,3,周末,早高峰(7-9点),2015-03-22,2015年3月22日,阵雨 /阵雨,19℃ / 10℃,东南风 ≤3级 /东风 ≤3级,阵雨,阵雨,19,10,东南风,≤3级,东风,≤3级,day
2015-03-22 00:00:00,花溪大道,1、追尾的,负全部责任,不负责任,1,贵ANR311,白色,1,贵AU6722,白色,自培,十一培,2006/4/24 0:00,1997/4/24 0:00,红旗牌,蜀都牌,366566000000000000 ,36454651884642495X,197809,197702,0,6,3,周末,非高峰,2015-03-22,2015年3月22日,阵雨 /阵雨,19℃ / 10℃,东南风 ≤3级 /东风 ≤3级,阵雨,阵雨,19,10,东南风,≤3级,东风,≤3级,night
2015-03-22 10:34:00,北京路,1、追尾的,负全部责任,不负责任,1,贵AFB165,白,1,贵AX5539,蓝,（南明区）吉源驾驶培训有限公司,自培,2008/1/18 0:00,2004/9/10 0:00,夏利牌,雪佛兰牌,366064000000000000 ,364647000000000000 ,196904,198012,10,6,3,周末,非高峰,2015-03-22,2015年3月22日,阵雨 /阵雨,19℃ / 10℃,东南风 ≤3级 /东风 ≤3级,阵雨,阵雨,19,10,东南风,≤3级,东风,≤3级,day
2015-03-22 00:00:00,西二环,1、追尾的,负全部责任,不负责任,1,贵AP2964,白色,1,贵A62M15,白色,自培,自培,2004/8/14 0:00,2007/6/29 0:00,福克斯(FOCUS)牌,福特牌,364556000000000000 ,785545000000000000 ,196211,197511,0,6,3,周末,非高峰,2015-03-22,2015年3月22日,阵雨 /阵雨,19℃ / 10℃,东南风 ≤3级 /东风 ≤3级,阵雨,阵雨,19,10,东南风,≤3级,东风,≤3级,night