accidenttime,accidentaddr,driver1fault,driver1responsibility,driver2responsibility,sex1,platenumber1,carcolor1,sex2,platenumber2,carcolor2,jxmc1,jxmc2,cclzrq1,cclzrq2,clpp1,clpp2,driver1license,driver2license,brith1,brith2,hour,weekday,month,is_weekday,peak_hour,date,日期,天气状况,气温,风力风向,day_wea,night_wea,day_tep,night_tep,day_wind_direction,day_wind_speed,night_wind_direction,night_wind_speed,segment
2015-03-22 11:00:00,阳关,9、不符合前8款规定或者双方同时具有上述情形的,负同等责任,负同等责任,1,贵A8275L,蓝,1,贵A3323Z,黄,消防驾校,消防驾校,2010/7/19 0:00,2012/1/10 0:00,长安牌,朗风,364557000000000000 ,366368000000000000 ,198706,197903,11,6,3,周末,非高峰,2015-03-22,2015年3月22日,阵雨 /阵雨,19℃ / 10℃,东南风 ≤3级 /东风 ≤3级,阵雨,阵雨,19,10,东南风,≤3级,东风,≤3级,day
2015-03-22 08:00:00,东山,1、追尾的,负全部责任,不负责任,1,贵A65C35,白色,1,贵BP9775,白色,-1,吉源驾校,-1,2014/9/17 0:00,思威牌,力之星牌,364547000000000000 ,366369000000000000 ,198402,198403,8,6,3,周末,早高峰(7-9点),2015-03-22,2015年3月22日,阵雨 /阵雨,19℃ / 10℃,东南风 ≤3级 /东风 ≤3级,阵雨,阵雨,19,10,东南风,≤3级,东风,≤3级,day
2015-03-22 08:30:00,皂角井,1、追尾的,负全部责任,不负责任,1,贵A3962P,白色,1,贵AB000J,黑色,-1,-1,1975/9/14 0:00,-1,长城牌,大众牌,364548000000000000 ,354364000000000000 ,194606,198611,8,6,3,周末,早高峰(7-9点),2015-03-22,2015年3月22日,阵雨 /阵雨,19℃ / 10℃,东南风 ≤3级 /东风 ≤3级,阵雨,阵雨,19,10,东南风,≤3级,东风,≤3级,day
2015-03-22 10:00:00,甲秀南路,1、追尾的,负全部责任,不负责任,1,贵AMX137,黑色,1,琼AGV615,白色,520106,-1,2010/11/16 0:00,-1,雅阁牌,北京现代牌,366064000000000000 ,4963520000000000 ,196602,197103,10,6,3,周末,非高峰,2015-03-22,2015年3月22日,阵雨 /阵雨,19℃ / 10℃,东南风 ≤3级 /东风 ≤3级,阵雨,阵雨,19,10,东南风,≤3级,东风,≤3级,day
2015-03-22 12:00:00,新天大道,1、追尾的,负全部责任,不负责任,1,贵ALM128,银,1,贵A19S91,白,-1,新天驾校,-1,2011/4/15 0:00,解放牌,起亚牌,366064000000000000 ,366347000000000000 ,198412,197601,12,6,3,周末,非高峰,2015-03-22,2015年3月22日,阵雨 /阵雨,19℃ / 10℃,东南风 ≤3级 /东风 ≤3级,阵雨,阵雨,19,10,东南风,≤3级,东风,≤3级,day
2015-03-22 12:10:00,新添大道,1、追尾的,负全部责任,不负责任,1,贵ALM128,银,1,贵A19S91,白,-1,新天驾校,-1,2011/4/15 0:00,解放牌,起亚牌,366064000000000000 ,366347000000000000 ,198412,197601,12,6,3,周末,非高峰,2015-03-22,2015年3月22日,阵雨 /阵雨,19℃ / 10℃,东南风 ≤3级 /东风 ≤3级,阵雨,阵雨,19,10,东南风,≤3级,东风,≤3级,day
2015-03-22 13:30:00,涴沙桥,7、未按规定让行的 ,负全部责任,不负责任,1,贵AU2369,蓝,1,贵AU0216,蓝,-1,99,-1,2007/3/23 0:00,宝来牌,万达牌,364544000000 ,364548000000000000 ,421274,198312,13,6,3,周末,非高峰,2015-03-22,2015年3月22日,阵雨 /阵雨,19℃ / 10℃,东南风 ≤3级 /东风 ≤3级,阵雨,阵雨,19,10,东南风,≤3级,东风,≤3级,day
2015-03-22 14:00:00,小河,7、未按规定让行的 ,负全部责任,不负责任,1,贵A99257,白色,1,贵A26810,白色,-1,-1,-1,-1,五征牌,东风牌,364557000000000000 ,366876000000000000 ,197812,197508,14,6,3,周末,非高峰,2015-03-22,2015年3月22日,阵雨 /阵雨,19℃ / 10℃,东南风 ≤3级 /东风 ≤3级,阵雨,阵雨,19,10,东南风,≤3级,东风,≤3级,day
2015-03-22 11:40:00,小河,9、不符合前8款规定或者双方同时具有上述情形的,负同等责任,负同等责任,1,贵AC744E,白色,1,贵A9D741,白色,贵州现代驾驶培训责任有限公司,520127,2011/2/14 0:00,2009/4/23 0:00,五菱牌,雪佛兰牌,364557000000000000 ,364558000000000000 ,199108,198701,11,6,3,周末,非高峰,2015-03-22,2015年3月22日,阵雨 /阵雨,19℃ / 10℃,东南风 ≤3级 /东风 ≤3级,阵雨,阵雨,19,10,东南风,≤3级,东风,≤3级,day
2015-03-22 10:10:00,粑粑街,7、未按规定让行的 ,负全部责任,不负责任,1,贵GN5179,白,1,贵AU9823,蓝,-1,（观山湖区）蓝天驾驶培训有限公司,-1,2002/1/15 0:00,丰田牌,喜马牌,64346500000000000 ,36636051824666005X,199010,197602,10,6,3,周末,非高峰,2015-03-22,2015年3月22日,阵雨 /阵雨,19℃ / 10℃,东南风 ≤3级 /东风 ≤3级,阵雨,阵雨,19,10,东南风,≤3级,东风,≤3级,day
2015-03-22 09:00:00,花溪党校,8、依法应负全责的其他情形,负全部责任,不负责任,1,贵A45153,白色,1,川M37A76,黑色,自培,-1,2003/3/31 0:00,-1,五羊,比亚迪牌 ,364556000000000000 ,355468000000000000 ,197412,198608,9,6,3,周末,早高峰(7-9点),2015-03-22,2015年3月22日,阵雨 /阵雨,19℃ / 10℃,东南风 ≤3级 /东风 ≤3级,阵雨,阵雨,19,10,东南风,≤3级,东风,≤3级,day
2015-03-22 09:00:00,白云区,7、未按规定让行的 ,负全部责任,不负责任,1,贵A91939,白,1,贵A8675C,黑,自培,遵义县惠民驾校,2004/5/24 0:00,2008/8/22 0:00,天马牌,吉利美日牌,36454751865574496X,36656551974859595X,197211,198307,9,6,3,周末,早高峰(7-9点),2015-03-22,2015年3月22日,阵雨 /阵雨,19℃ / 10℃,东南风 ≤3级 /东风 ≤3级,阵雨,阵雨,19,10,东南风,≤3级,东风,≤3级,day
2015-03-22 11:00:00,开发大道,7、未按规定让行的 ,负全部责任,不负责任,1,临贵A7H283,白色,1,贵AU5275,白色,-1,十一培,-1,1990/7/18 0:00,-1,铃木牌,74295500000000000 ,364548000000000000 ,199012,196211,11,6,3,周末,非高峰,2015-03-22,2015年3月22日,阵雨 /阵雨,19℃ / 10℃,东南风 ≤3级 /东风 ≤3级,阵雨,阵雨,19,10,东南风,≤3级,东风,≤3级,day
2015-03-22 10:25:00,白云大道,4、停车时未挂低速档、未拉驻车制动，导致车辆滑行的,负全部责任,不负责任,1,贵ADC361,白,1,贵AGC583,银,（乌当区）平安驾驶培训有限公司,十一培,2006/12/30 0:00,1998/11/3 0:00,东风牌,福田牌,356168000000000000 ,366364000000000000 ,196610,196904,10,6,3,周末,非高峰,2015-03-22,2015年3月22日,阵雨 /阵雨,19℃ / 10℃,东南风 ≤3级 /东风 ≤3级,阵雨,阵雨,19,10,东南风,≤3级,东风,≤3级,day
2015-03-22 10:40:00,贵乌路,1、追尾的,负全部责任,不负责任,1,贵AU4801,绿,1,贵AU7303,绿,自培,十一培,2003/4/29 0:00,1998/4/8 0:00,海陵牌,轰轰烈牌,364556000000000000 ,366368000000000000 ,197409,197211,10,6,3,周末,非高峰,2015-03-22,2015年3月22日,阵雨 /阵雨,19℃ / 10℃,东南风 ≤3级 /东风 ≤3级,阵雨,阵雨,19,10,东南风,≤3级,东风,≤3级,day
2015-03-22 10:30:00,雅关,3、倒车的,负全部责任,不负责任,1,贵ATB714,黄,1,贵GN6554,白,（南明区）阳光驾驶培训有限公司,自培,2007/11/19 0:00,2004/9/6 0:00,奥迪牌,奥迪牌,364548000000000000 ,705548000000000000 ,194812,197112,10,6,3,周末,非高峰,2015-03-22,2015年3月22日,阵雨 /阵雨,19℃ / 10℃,东南风 ≤3级 /东风 ≤3级,阵雨,阵雨,19,10,东南风,≤3级,东风,≤3级,day
2015-03-22 12:50:00,万江小区,8、依法应负全责的其他情形,负全部责任,不负责任,1,川QV5894,银,0,贵AJB816,绿,自培,自培,2003/9/11 0:00,2003/7/12 0:00,路虎,奇瑞牌,35636851844241881X,366563000000000000 ,197006,197803,12,6,3,周末,非高峰,2015-03-22,2015年3月22日,阵雨 /阵雨,19℃ / 10℃,东南风 ≤3级 /东风 ≤3级,阵雨,阵雨,19,10,东南风,≤3级,东风,≤3级,day
2015-03-22 11:15:00,护国路,8、依法应负全责的其他情形,负全部责任,不负责任,1,贵AS4855,白色,1,贵A72C39,黑色,自培,自培,2003/5/10 0:00,2005/9/22 0:00,丰田牌,大众牌,364548000000000000 ,764168000000000000 ,196803,197505,11,6,3,周末,非高峰,2015-03-22,2015年3月22日,阵雨 /阵雨,19℃ / 10℃,东南风 ≤3级 /东风 ≤3级,阵雨,阵雨,19,10,东南风,≤3级,东风,≤3级,day
2015-03-22 10:34:00,北京西路,1、追尾的,负全部责任,不负责任,1,贵AFB165,白,1,贵HAN854,红,（南明区）吉源驾驶培训有限公司,贵州晨运驾驶培训学校,2008/1/18 0:00,2006/7/6 0:00,夏利牌,东风日产牌,366064000000000000 ,364548000000000000 ,196904,198605,10,6,3,周末,非高峰,2015-03-22,2015年3月22日,阵雨 /阵雨,19℃ / 10℃,东南风 ≤3级 /东风 ≤3级,阵雨,阵雨,19,10,东南风,≤3级,东风,≤3级,day
2015-03-22 12:13:00,二戈寨,1、追尾的,负全部责任,不负责任,1,贵A0531S,白色,1,贵AU6438,白色,消防驾校,（南明区）铁二局驾驶培训有限公司,1991/12/4 0:00,1997/7/8 0:00,解放,捷达牌,364547000000000000 ,364547000000000000 ,196807,197602,12,6,3,周末,非高峰,2015-03-22,2015年3月22日,阵雨 /阵雨,19℃ / 10℃,东南风 ≤3级 /东风 ≤3级,阵雨,阵雨,19,10,东南风,≤3级,东风,≤3级,day
2015-03-22 15:10:00,大营坡,7、未按规定让行的 ,负全部责任,不负责任,0,贵A9BA55,黄,0,贵ASL251,白,-1,520108,-1,2010/1/13 0:00,奥迪牌,马自达牌,366864000000000000 ,364557000000000000 ,197907,197411,15,6,3,周末,非高峰,2015-03-22,2015年3月22日,阵雨 /阵雨,19℃ / 10℃,东南风 ≤3级 /东风 ≤3级,阵雨,阵雨,19,10,东南风,≤3级,东风,≤3级,day
2015-03-22 15:20:00,乌当,1、追尾的,负全部责任,不负责任,0,贵A8268Y,红,1,贵APF109,黑,文通驾校,520116,2012/8/25 0:00,2004/7/6 0:00,理念牌,奥迪牌,364566000000000000 ,364557000000000000 ,199301,197705,15,6,3,周末,非高峰,2015-03-22,2015年3月22日,阵雨 /阵雨,19℃ / 10℃,东南风 ≤3级 /东风 ≤3级,阵雨,阵雨,19,10,东南风,≤3级,东风,≤3级,day
2015-03-22 14:40:00,东山路口,7、未按规定让行的 ,负全部责任,不负责任,1,贵CJS754,银,1,贵A98E38,黑,-1,贵州平安驾驶培训学校,-1,2009/2/5 0:00,长安牌,大众汽车牌,36654600000000000 ,364547000000000000 ,198541,197410,14,6,3,周末,非高峰,2015-03-22,2015年3月22日,阵雨 /阵雨,19℃ / 10℃,东南风 ≤3级 /东风 ≤3级,阵雨,阵雨,19,10,东南风,≤3级,东风,≤3级,day
2015-03-22 16:00:00,红街,8、依法应负全责的其他情形,负全部责任,不负责任,1,贵A98773,红,1,贵AB5826,红,毕节地区金春汽车驾驶培训学校,全林驾校,-1,2011/5/19 0:00,飞鹰牌,华阳,366061000000000000 ,366562000000000000 ,198608,198609,16,6,3,周末,非高峰,2015-03-22,2015年3月22日,阵雨 /阵雨,19℃ / 10℃,东南风 ≤3级 /东风 ≤3级,阵雨,阵雨,19,10,东南风,≤3级,东风,≤3级,day
2015-03-22 14:30:00,贵惠大道,1、追尾的,负全部责任,不负责任,1,贵AF1235,白色,1,贵AKA447,黑色,自培,消防驾校,2000/8/31 0:00,2013/8/28 0:00,科雷傲,黄海牌,364547000000000000 ,366363000000000000 ,197805,198508,14,6,3,周末,非高峰,2015-03-22,2015年3月22日,阵雨 /阵雨,19℃ / 10℃,东南风 ≤3级 /东风 ≤3级,阵雨,阵雨,19,10,东南风,≤3级,东风,≤3级,day
2015-03-22 17:11:00,白云铁桥,1、追尾的,负全部责任,不负责任,1,贵A0507B,银,1,贵AU0044,蓝,遵义集顺达交通运输（集团）汽车驾驶培训有限公司,（乌当区）新天驾驶培训有限公司,2010/11/29 0:00,2001/4/23 0:00,华泰特拉卡,宝来牌,366068000000000000 ,366569000000000000 ,197501,197702,17,6,3,周末,晚高峰(17-19点),2015-03-22,2015年3月22日,阵雨 /阵雨,19℃ / 10℃,东南风 ≤3级 /东风 ≤3级,阵雨,阵雨,19,10,东南风,≤3级,东风,≤3级,day
2015-03-22 16:05:00,花果园大街,7、未按规定让行的 ,负全部责任,不负责任,1,贵AN5464,白色,1,贵A08A66,白色,-1,警官驾校,-1,2005/1/19 0:00,哈飞牌,-1,354354000000000000 ,364547000000000000 ,196612,198412,16,6,3,周末,非高峰,2015-03-22,2015年3月22日,阵雨 /阵雨,19℃ / 10℃,东南风 ≤3级 /东风 ≤3级,阵雨,阵雨,19,10,东南风,≤3级,东风,≤3级,day
2015-03-22 16:20:00,豹子山殡仪馆,8、依法应负全责的其他情形,负全部责任,不负责任,1,贵AC399F,银,1,渝CU5282,银,消防驾校,-1,2015/1/20 0:00,-1,夏利牌,雪佛兰牌,364558000000000000 ,61445500000000000 ,198901,197503,16,6,3,周末,非高峰,2015-03-22,2015年3月22日,阵雨 /阵雨,19℃ / 10℃,东南风 ≤3级 /东风 ≤3级,阵雨,阵雨,19,10,东南风,≤3级,东风,≤3级,day
2015-03-22 16:32:00,花溪大道,7、未按规定让行的 ,负全部责任,不负责任,1,贵A43E51,白色,1,贵GY7946,白色,-1,文通驾校,-1,-1,奥迪牌,梅赛德斯-奔驰牌,366070000000000000 ,366670000000000000 ,195511,198812,16,6,3,周末,非高峰,2015-03-22,2015年3月22日,阵雨 /阵雨,19℃ / 10℃,东南风 ≤3级 /东风 ≤3级,阵雨,阵雨,19,10,东南风,≤3级,东风,≤3级,day
2015-03-22 16:00:00,小河平桥,1、追尾的,负全部责任,不负责任,1,贵GR4766,白色,1,贵A75R71,白色,-1,-1,-1,-1,奇瑞牌,梅赛德斯－奔驰,36344500000000 ,74267500000000000 ,219737,197008,16,6,3,周末,非高峰,2015-03-22,2015年3月22日,阵雨 /阵雨,19℃ / 10℃,东南风 ≤3级 /东风 ≤3级,阵雨,阵雨,19,10,东南风,≤3级,东风,≤3级,day
2015-03-22 11:45:00,白云公园,1、追尾的,负全部责任,不负责任,1,贵ANN158,银,1,贵AAK344,银,自培,-1,2004/11/19 0:00,-1,大众汽车牌,隆鑫牌,366347000000000000 ,364557000000000 ,198111,650918,11,6,3,周末,非高峰,2015-03-22,2015年3月22日,阵雨 /阵雨,19℃ / 10℃,东南风 ≤3级 /东风 ≤3级,阵雨,阵雨,19,10,东南风,≤3级,东风,≤3级,day
2015-03-22 13:10:00,长岭南路,7、未按规定让行的 ,负全部责任,不负责任,1,贵G81789,银,1,贵GS6567,银,自培,-1,2010/5/4 0:00,-1,莲花,东风日产牌,726370000000000000 ,36666351844874045X,198909,197007,13,6,3,周末,非高峰,2015-03-22,2015年3月22日,阵雨 /阵雨,19℃ / 10℃,东南风 ≤3级 /东风 ≤3级,阵雨,阵雨,19,10,东南风,≤3级,东风,≤3级,day
2015-03-22 14:15:00,新天大道,1、追尾的,负全部责任,不负责任,1,贵A4169B,黑,1,贵GM9165,黑,十一驾驶培训有限公司,十一培,2012/1/19 0:00,1997/1/30 0:00,大众牌,吉利牌,364557000000000000 ,364557000000000000 ,198610,197808,14,6,3,周末,非高峰,2015-03-22,2015年3月22日,阵雨 /阵雨,19℃ / 10℃,东南风 ≤3级 /东风 ≤3级,阵雨,阵雨,19,10,东南风,≤3级,东风,≤3级,day
2015-03-22 14:00:00,蛮破,1、追尾的,负全部责任,不负责任,1,贵A98F78,蓝,1,贵AKW948,红,贵工驾校,十一培,2011/12/29 0:00,1997/6/26 0:00,明锐牌,雪佛兰牌,364547000000000000 ,366364000000000000 ,198803,197305,14,6,3,周末,非高峰,2015-03-22,2015年3月22日,阵雨 /阵雨,19℃ / 10℃,东南风 ≤3级 /东风 ≤3级,阵雨,阵雨,19,10,东南风,≤3级,东风,≤3级,day
2015-03-22 11:53:00,蛮破,1、追尾的,负全部责任,不负责任,1,贵A38054,黑,1,贵A7CC70,银,消防驾校,自培,1998/9/22 0:00,2004/6/10 0:00,金龙牌,丰田牌,366367000000000000 ,36455551805563446X,197903,197411,11,6,3,周末,非高峰,2015-03-22,2015年3月22日,阵雨 /阵雨,19℃ / 10℃,东南风 ≤3级 /东风 ≤3级,阵雨,阵雨,19,10,东南风,≤3级,东风,≤3级,day
2015-03-22 13:15:00,太慈桥,1、追尾的,负全部责任,不负责任,1,贵A711A9,白色,1,贵A95W58,黑色,自培,自培,1997/9/1 0:00,2003/7/14 0:00,昌河牌,帕萨特牌,364556000000000000 ,364548000000000000 ,197303,197110,13,6,3,周末,非高峰,2015-03-22,2015年3月22日,阵雨 /阵雨,19℃ / 10℃,东南风 ≤3级 /东风 ≤3级,阵雨,阵雨,19,10,东南风,≤3级,东风,≤3级,day
2015-03-22 14:10:00,艺校,8、依法应负全责的其他情形,负全部责任,不负责任,1,贵AN9567,银,1,贵AM2963,黑,自培,自培,1993/2/18 0:00,2004/6/4 0:00,起亚牌,银翔牌,364558000000000000 ,364646000000000000 ,197405,197608,14,6,3,周末,非高峰,2015-03-22,2015年3月22日,阵雨 /阵雨,19℃ / 10℃,东南风 ≤3级 /东风 ≤3级,阵雨,阵雨,19,10,东南风,≤3级,东风,≤3级,day
2015-03-22 14:30:00,大营坡,1、追尾的,负全部责任,不负责任,1,贵A0364F,白色,1,贵ADW834,白色,新天驾校,自培,2011/10/30 0:00,2002/4/24 0:00,长安牌,索兰托,355468000000000000 ,366361000000000000 ,198801,198401,14,6,3,周末,非高峰,2015-03-22,2015年3月22日,阵雨 /阵雨,19℃ / 10℃,东南风 ≤3级 /东风 ≤3级,阵雨,阵雨,19,10,东南风,≤3级,东风,≤3级,day
2015-03-22 13:00:00,老东门,7、未按规定让行的 ,负全部责任,不负责任,1,贵AU7996,蓝,1,贵ARL517,黑,自培,自培,2001/6/12 0:00,2002/7/1 0:00,力帆牌,吉利美日牌,366361000000000000 ,364548000000000000 ,198011,197702,13,6,3,周末,非高峰,2015-03-22,2015年3月22日,阵雨 /阵雨,19℃ / 10℃,东南风 ≤3级 /东风 ≤3级,阵雨,阵雨,19,10,东南风,≤3级,东风,≤3级,day
2015-03-22 13:00:00,世纪城,7、未按规定让行的 ,负全部责任,不负责任,1,贵JF4886,银,1,贵A4244警,白,自培,自培,2004/5/18 0:00,2006/12/15 0:00,长城牌,-1,366875000000000000 ,364557000000000000 ,197809,198808,13,6,3,周末,非高峰,2015-03-22,2015年3月22日,阵雨 /阵雨,19℃ / 10℃,东南风 ≤3级 /东风 ≤3级,阵雨,阵雨,19,10,东南风,≤3级,东风,≤3级,day
2015-03-22 19:00:00,中曹司,8、依法应负全责的其他情形,负全部责任,不负责任,1,贵AVL689,白色,1,贵A2BX52,白色,-1,金大驾校,-1,2015/2/16 0:00,起亚牌,马自达牌,364547000000 ,355447000000000000 ,108161,198701,19,6,3,周末,晚高峰(17-19点),2015-03-22,2015年3月22日,阵雨 /阵雨,19℃ / 10℃,东南风 ≤3级 /东风 ≤3级,阵雨,阵雨,19,10,东南风,≤3级,东风,≤3级,day
2015-03-22 19:50:00,乌当,7、未按规定让行的 ,负全部责任,不负责任,1,贵AU5837,绿,1,贵AG4576,红,-1,自培,-1,2011/11/4 0:00,轻骑.铃木牌,解放,364576000000000000 ,366067000000000000 ,197702,197311,19,6,3,周末,晚高峰(17-19点),2015-03-22,2015年3月22日,阵雨 /阵雨,19℃ / 10℃,东南风 ≤3级 /东风 ≤3级,阵雨,阵雨,19,10,东南风,≤3级,东风,≤3级,day
2015-03-22 19:30:00,北京西路,1、追尾的,负全部责任,不负责任,1,冀F50098,黑,1,贵AP2584,银,（白云区）景宏驾驶培训有限公司,新华驾校,2006/11/20 0:00,-1,大切诺基,金洪牌,57426651985447727X,366067000000000000 ,198710,198201,19,6,3,周末,晚高峰(17-19点),2015-03-22,2015年3月22日,阵雨 /阵雨,19℃ / 10℃,东南风 ≤3级 /东风 ≤3级,阵雨,阵雨,19,10,东南风,≤3级,东风,≤3级,day
2015-03-22 17:20:00,花果园,8、依法应负全责的其他情形,负全部责任,不负责任,1,贵A76G32,黄,1,贵A97N19,白,自培,520101,2003/5/16 0:00,2009/2/18 0:00,锋范牌,起亚牌,364548000000000000 ,366261000000000000 ,197307,198407,17,6,3,周末,晚高峰(17-19点),2015-03-22,2015年3月22日,阵雨 /阵雨,19℃ / 10℃,东南风 ≤3级 /东风 ≤3级,阵雨,阵雨,19,10,东南风,≤3级,东风,≤3级,day
2015-03-22 17:30:00,花二道,7、未按规定让行的 ,负全部责任,不负责任,1,贵A2BH28,白,1,贵AU0645,蓝,省交校,自培,2014/9/18 0:00,2010/9/26 0:00,别克牌,奇瑞牌,366267000000000000 ,364557000000000000 ,198901,198803,17,6,3,周末,晚高峰(17-19点),2015-03-22,2015年3月22日,阵雨 /阵雨,19℃ / 10℃,东南风 ≤3级 /东风 ≤3级,阵雨,阵雨,19,10,东南风,≤3级,东风,≤3级,day
2015-03-22 17:00:00,二铺,1、追尾的,负全部责任,不负责任,1,贵APW912,白,1,贵A3J989,银,-1,大地驾校,-1,2009/4/23 0:00,跃进牌,北京牌,366064000000000000 ,356167000000000000 ,198801,197301,17,6,3,周末,晚高峰(17-19点),2015-03-22,2015年3月22日,阵雨 /阵雨,19℃ / 10℃,东南风 ≤3级 /东风 ≤3级,阵雨,阵雨,19,10,东南风,≤3级,东风,≤3级,day
2015-03-22 20:30:00,都司路高架桥,1、追尾的,负全部责任,不负责任,1,贵A378E3,白色,1,陕A979CV,白色,金大驾校,-1,2013/1/30 0:00,-1,长安牌,\N,364648000000000000 ,66086500000000000 ,199010,196405,20,6,3,周末,非高峰,2015-03-22,2015年3月22日,阵雨 /阵雨,19℃ / 10℃,东南风 ≤3级 /东风 ≤3级,阵雨,阵雨,19,10,东南风,≤3级,东风,≤3级,night
2015-03-22 18:30:00,金珠路,7、未按规定让行的 ,负全部责任,不负责任,1,贵A6398Y,蓝,1,贵ARG876,银,贵州省仁怀市酒都汽车驾驶培训有限公司,消防驾校,2011/5/27 0:00,2011/11/28 0:00,东风标致牌,红旗牌,366068000000000000 ,364557000000000000 ,198605,195905,18,6,3,周末,晚高峰(17-19点),2015-03-22,2015年3月22日,阵雨 /阵雨,19℃ / 10℃,东南风 ≤3级 /东风 ≤3级,阵雨,阵雨,19,10,东南风,≤3级,东风,≤3级,day
2015-03-22 23:30:00,西二环,7、未按规定让行的 ,负全部责任,不负责任,1,贵A5735F,白色,1,贵AA334R,白色,-1,自培,-1,2014/11/3 0:00,解放牌,英伦牌,366346000000000000 ,366347000000000000 ,198003,197710,23,6,3,周末,非高峰,2015-03-22,2015年3月22日,阵雨 /阵雨,19℃ / 10℃,东南风 ≤3级 /东风 ≤3级,阵雨,阵雨,19,10,东南风,≤3级,东风,≤3级,night
2015-03-23 08:00:00,小龙滩,3、倒车的,负全部责任,不负责任,1,贵A418G7,白,1,贵A9720B,银,-1,520123,-1,2007/10/30 0:00,解放牌,别克牌,724568000000000000 ,36454751994869495X,199110,198807,8,0,3,工作日,早高峰(7-9点),2015-03-23,2015年3月23日,多云 /阴,17℃ / 9℃,东北风 ≤3级 /东北风 ≤3级,多云,阴,17,9,东北风,≤3级,东北风,≤3级,day
2015-03-23 07:55:00,东二环,1、追尾的,负全部责任,不负责任,1,贵A16X63,白色,1,贵AV3841,白色,无,人武驾校,2007/12/6 0:00,1997/12/3 0:00,波罗牌,豪爵牌,364547000000000000 ,366067000000000000 ,198804,197212,7,0,3,工作日,早高峰(7-9点),2015-03-23,2015年3月23日,多云 /阴,17℃ / 9℃,东北风 ≤3级 /东北风 ≤3级,多云,阴,17,9,东北风,≤3级,东北风,≤3级,day
2015-03-23 00:00:00,黄河路,7、未按规定让行的 ,负全部责任,不负责任,1,贵ALC813,白色,1,贵AA163T,白色,（经开区）十一驾驶培训有限公司,路路达驾校,2005/1/28 0:00,2013/9/3 0:00,宝骏牌,比亚迪牌,35546951294860765X,344668000000000000 ,196807,199504,0,0,3,工作日,非高峰,2015-03-23,2015年3月23日,多云 /阴,17℃ / 9℃,东北风 ≤3级 /东北风 ≤3级,多云,阴,17,9,东北风,≤3级,东北风,≤3级,night
2015-03-23 00:20:00,粑粑街,7、未按规定让行的 ,负全部责任,不负责任,1,贵A3BH15,黑,1,贵A90811,黄,阳光驾校,十一驾驶培训有限公司,2012/11/23 0:00,-1,哈弗牌,雅奇牌,366061000000000000 ,366370000000000000 ,198909,198811,0,0,3,工作日,非高峰,2015-03-23,2015年3月23日,多云 /阴,17℃ / 9℃,东北风 ≤3级 /东北风 ≤3级,多云,阴,17,9,东北风,≤3级,东北风,≤3级,night
2015-03-22 17:00:00,湘雅村,3、倒车的,负全部责任,不负责任,1,贵A4AT75,黑色,1,贵FAD235,黑色,十一培,-1,1995/8/21 0:00,-1,大众牌,中华牌,364547000000000000 ,366068000000000000 ,196902,199001,17,6,3,周末,晚高峰(17-19点),2015-03-22,2015年3月22日,阵雨 /阵雨,19℃ / 10℃,东南风 ≤3级 /东风 ≤3级,阵雨,阵雨,19,10,东南风,≤3级,东风,≤3级,day
2015-03-22 17:30:00,吕建路,8、依法应负全责的其他情形,负全部责任,不负责任,1,贵AV2925,白,1,贵GV9313,银,自培,长运驾校,2004/3/25 0:00,2014/9/30 0:00,先锋牌,红旗,356168000000000000 ,366070000000000000 ,196606,199204,17,6,3,周末,晚高峰(17-19点),2015-03-22,2015年3月22日,阵雨 /阵雨,19℃ / 10℃,东南风 ≤3级 /东风 ≤3级,阵雨,阵雨,19,10,东南风,≤3级,东风,≤3级,day
2015-03-22 17:40:00,世纪城,7、未按规定让行的 ,负全部责任,不负责任,0,贵A35H84,黑,1,贵AU6278,蓝,自培,自培,2014/12/31 0:00,2011/9/21 0:00,帕萨特牌,黄海牌,366367000000000000 ,364557000000000000 ,197912,198509,17,6,3,周末,晚高峰(17-19点),2015-03-22,2015年3月22日,阵雨 /阵雨,19℃ / 10℃,东南风 ≤3级 /东风 ≤3级,阵雨,阵雨,19,10,东南风,≤3级,东风,≤3级,day
2015-03-22 17:40:00,大营坡,7、未按规定让行的 ,负全部责任,不负责任,0,贵JAD145,红,1,贵AAX124,黑,（乌当区）平安驾驶培训有限公司,十一培,2008/5/6 0:00,1995/5/6 0:00,迷你,雅阁牌,36606051875554434X,36454751874040495X,197311,197304,17,6,3,周末,晚高峰(17-19点),2015-03-22,2015年3月22日,阵雨 /阵雨,19℃ / 10℃,东南风 ≤3级 /东风 ≤3级,阵雨,阵雨,19,10,东南风,≤3级,东风,≤3级,day
2015-03-23 08:00:00,大关隧道,1、追尾的,负全部责任,不负责任,1,贵A28E28,黑,1,贵AH4438,红,市警校驾校,十一培,2013/10/24 0:00,1996/10/1 0:00,大众牌,凌肯牌,364547000000000000 ,354675000000000000 ,198903,197501,8,0,3,工作日,早高峰(7-9点),2015-03-23,2015年3月23日,多云 /阴,17℃ / 9℃,东北风 ≤3级 /东北风 ≤3级,多云,阴,17,9,东北风,≤3级,东北风,≤3级,day
2015-03-22 16:50:00,解放路,9、不符合前8款规定或者双方同时具有上述情形的,负同等责任,负同等责任,1,贵AU7995,蓝,0,贵G69914,红,吉源驾校（南明区）,自培,2007/1/11 0:00,2002/2/21 0:00,万达牌,钱江牌,366367000000000000 ,364558000000000000 ,198208,197805,16,6,3,周末,非高峰,2015-03-22,2015年3月22日,阵雨 /阵雨,19℃ / 10℃,东南风 ≤3级 /东风 ≤3级,阵雨,阵雨,19,10,东南风,≤3级,东风,≤3级,day