accidenttime,accidentaddr,driver1fault,driver1responsibility,driver2responsibility,sex1,platenumber1,carcolor1,sex2,platenumber2,carcolor2,jxmc1,jxmc2,cclzrq1,cclzrq2,clpp1,clpp2,driver1license,driver2license,brith1,brith2,hour,weekday,month,is_weekday,peak_hour,date,日期,天气状况,气温,风力风向,day_wea,night_wea,day_tep,night_tep,day_wind_direction,day_wind_speed,night_wind_direction,night_wind_speed,segment
2015-03-22 19:34:00,北京路,1、追尾的,负全部责任,不负责任,1,贵AFB165,白,1,贵AX5539,蓝,（南明区）吉源驾驶培训有限公司,自培,2008/1/18 0:00,2004/9/10 0:00,夏利牌,雪佛兰牌,366064000000000000 ,364647000000000000 ,196904,198012,19,6,3,周末,晚高峰(17-19点),2015-03-22,2015年3月22日,阵雨 /阵雨,19℃ / 10℃,东南风 ≤3级 /东风 ≤3级,阵雨,阵雨,19,10,东南风,≤3级,东风,≤3级,day
2015-03-22 20:43:00,黔林山路,7、未按规定让行的 ,负全部责任,不负责任,1,贵AYY528,白,0,贵ADO033,银,蓝天驾校,自培,2014/11/5 0:00,2006/7/14 0:00,大众牌,-1,36656251974168545X,724544000000000000 ,198309,197702,20,6,3,周末,非高峰,2015-03-22,2015年3月22日,阵雨 /阵雨,19℃ / 10℃,东南风 ≤3级 /东风 ≤3级,阵雨,阵雨,19,10,东南风,≤3级,东风,≤3级,night
2015-03-22 20:30:00,西南环线,7、未按规定让行的 ,负全部责任,不负责任,1,贵A25G13,白色,1,贵AHQ552,黑色,自培,自培,2008/12/16 0:00,2006/11/8 0:00,东风日产牌,奥迪牌,366068000000000000 ,366264000000000000 ,197011,198306,20,6,3,周末,非高峰,2015-03-22,2015年3月22日,阵雨 /阵雨,19℃ / 10℃,东南风 ≤3级 /东风 ≤3级,阵雨,阵雨,19,10,东南风,≤3级,东风,≤3级,night
2015-03-23 08:00:00,涴沙桥,9、不符合前8款规定或者双方同时具有上述情形的,负同等责任,负同等责任,1,贵A6BG14,黑,1,贵AE5188,银,消防驾校,自培,2005/7/25 0:00,1999/12/1 0:00,思威牌,梅赛德斯-奔驰牌,366669000000000000 ,364547000000000000 ,198007,196403,8,0,3,工作日,早高峰(7-9点),2015-03-23,2015年3月23日,多云 /阴,17℃ / 9℃,东北风 ≤3级 /东北风 ≤3级,多云,阴,17,9,东北风,≤3级,东北风,≤3级,day
2015-03-23 07:50:00,火车站,1、追尾的,负全部责任,不负责任,1,贵A18B36,白色,1,贵A0BL97,白色,黔西县宏远黔职驾校有限公司,贵州现代驾驶培训责任有限公司,2011/3/23 0:00,2012/12/26 0:00,福克斯牌,哈弗牌,36454751284562046X,366566000000000000 ,196701,196811,7,0,3,工作日,早高峰(7-9点),2015-03-23,2015年3月23日,多云 /阴,17℃ / 9℃,东北风 ≤3级 /东北风 ≤3级,多云,阴,17,9,东北风,≤3级,东北风,≤3级,day
2015-03-23 06:40:00,小河,8、依法应负全责的其他情形,负全部责任,不负责任,1,贵A62P85,红,1,贵A75443,白,消防驾校,贵大佳德驾驶培训学校,2001/7/25 0:00,1988/12/13 0:00,别克牌,五十铃牌,364548000000000000 ,364557000000000000 ,198302,196408,6,0,3,工作日,非高峰,2015-03-23,2015年3月23日,多云 /阴,17℃ / 9℃,东北风 ≤3级 /东北风 ≤3级,多云,阴,17,9,东北风,≤3级,东北风,≤3级,day
2015-03-22 21:00:00,大营坡,7、未按规定让行的 ,负全部责任,不负责任,1,贵AJG423,黑,1,贵AA8690,黑,（经开区）十一驾驶培训有限公司,预约考试窗口,2005/1/25 0:00,2006/10/22 0:00,东风雪铁龙牌,奇瑞,364547000000000000 ,726647000000000000 ,195608,197408,21,6,3,周末,非高峰,2015-03-22,2015年3月22日,阵雨 /阵雨,19℃ / 10℃,东南风 ≤3级 /东风 ≤3级,阵雨,阵雨,19,10,东南风,≤3级,东风,≤3级,night
2015-03-23 08:30:00,小河平桥,8、依法应负全责的其他情形,负全部责任,不负责任,1,贵FX4001,黑色,1,贵A32R96,黑色,-1,贵大驾校,-1,2011/5/25 0:00,一汽佳星牌,斯柯达牌,366067000000000000 ,364556000000000000 ,197801,199205,8,0,3,工作日,早高峰(7-9点),2015-03-23,2015年3月23日,多云 /阴,17℃ / 9℃,东北风 ≤3级 /东北风 ≤3级,多云,阴,17,9,东北风,≤3级,东北风,≤3级,day
2015-03-22 22:00:00,三桥,7、未按规定让行的 ,负全部责任,不负责任,1,贵AS6404,黄,1,贵GV5764,红,-1,消防驾校,-1,2015/1/19 0:00,科雷傲,别克牌,366067000000000000 ,366363000000000000 ,196405,199205,22,6,3,周末,非高峰,2015-03-22,2015年3月22日,阵雨 /阵雨,19℃ / 10℃,东南风 ≤3级 /东风 ≤3级,阵雨,阵雨,19,10,东南风,≤3级,东风,≤3级,night
2015-03-23 08:00:00,西南环线,1、追尾的,负全部责任,不负责任,1,贵A5376T,白色,1,贵A7CG68,白色,铁二局驾校,贵阳金马驾驶培训有限公司,2014/12/26 0:00,2011/7/18 0:00,五菱牌,长安牌,354675000000000000 ,364547000000000000 ,197208,196709,8,0,3,工作日,早高峰(7-9点),2015-03-23,2015年3月23日,多云 /阴,17℃ / 9℃,东北风 ≤3级 /东北风 ≤3级,多云,阴,17,9,东北风,≤3级,东北风,≤3级,day
2015-03-23 09:33:00,鹿冲关,8、依法应负全责的其他情形,负全部责任,不负责任,1,贵AU3537,白,1,贵A99H87,黑,自培,-1,2001/4/19 0:00,-1,蒙德王牌,福克斯牌,364547000000000000 ,364547000000000000 ,196611,198402,9,0,3,工作日,早高峰(7-9点),2015-03-23,2015年3月23日,多云 /阴,17℃ / 9℃,东北风 ≤3级 /东北风 ≤3级,多云,阴,17,9,东北风,≤3级,东北风,≤3级,day
2015-03-23 10:35:00,白云区,7、未按规定让行的 ,负全部责任,不负责任,1,贵A5706K,白,0,贵A4295E,红,文通驾校,景宏驾校,2010/10/11 0:00,2012/11/14 0:00,长安牌,东风标致牌,364558000000000000 ,364558000000000000 ,198605,198911,10,0,3,工作日,非高峰,2015-03-23,2015年3月23日,多云 /阴,17℃ / 9℃,东北风 ≤3级 /东北风 ≤3级,多云,阴,17,9,东北风,≤3级,东北风,≤3级,day
2015-03-23 10:20:00,世纪城,7、未按规定让行的 ,负全部责任,不负责任,1,贵ANE183,黑,1,贵A5338N,白,（南明区）金大驾驶培训有限公司,阳光驾校,2006/12/30 0:00,2013/5/29 0:00,雅阁牌,长安牌,364557000000000000 ,366347000000000000 ,198312,198204,10,0,3,工作日,非高峰,2015-03-23,2015年3月23日,多云 /阴,17℃ / 9℃,东北风 ≤3级 /东北风 ≤3级,多云,阴,17,9,东北风,≤3级,东北风,≤3级,day
2015-03-23 00:00:00,枣山路,7、未按规定让行的 ,负全部责任,不负责任,1,贵GH9654,银,1,贵A33P48,红,-1,省交校,-1,2012/6/19 0:00,梅赛德斯-奔驰牌,宝马,366370000000000000 ,364548000000000000 ,198008,199101,0,0,3,工作日,非高峰,2015-03-23,2015年3月23日,多云 /阴,17℃ / 9℃,东北风 ≤3级 /东北风 ≤3级,多云,阴,17,9,东北风,≤3级,东北风,≤3级,night
2015-03-23 07:35:00,瑞金北路,7、未按规定让行的 ,负全部责任,不负责任,1,贵APX116,蓝,1,贵GR3287,黑,自培,520107,2004/4/28 0:00,2013/8/12 0:00,哈飞牌,福特锐界,364548000000000000 ,364548000000000000 ,197312,198607,7,0,3,工作日,早高峰(7-9点),2015-03-23,2015年3月23日,多云 /阴,17℃ / 9℃,东北风 ≤3级 /东北风 ≤3级,多云,阴,17,9,东北风,≤3级,东北风,≤3级,day
2015-03-23 08:10:00,白云区,7、未按规定让行的 ,负全部责任,不负责任,1,贵A5723T,白,1,贵A9230V,银,自培,520130,2004/9/14 0:00,2006/1/10 0:00,雪佛兰牌,夏利牌,364558000000000000 ,366368000000000000 ,195003,197204,8,0,3,工作日,早高峰(7-9点),2015-03-23,2015年3月23日,多云 /阴,17℃ / 9℃,东北风 ≤3级 /东北风 ≤3级,多云,阴,17,9,东北风,≤3级,东北风,≤3级,day
2015-03-23 10:10:00,富源北路,1、追尾的,负全部责任,不负责任,1,贵A18S25,白色,1,贵AKZ935,黑色,自培,铁二局驾校,2004/3/29 0:00,2003/11/12 0:00,长安牌,沃尔沃牌,364547000000000000 ,366846000000000000 ,198202,196810,10,0,3,工作日,非高峰,2015-03-23,2015年3月23日,多云 /阴,17℃ / 9℃,东北风 ≤3级 /东北风 ≤3级,多云,阴,17,9,东北风,≤3级,东北风,≤3级,day
2015-03-23 08:05:00,83,7、未按规定让行的 ,负全部责任,不负责任,1,贵A9606T,白,1,贵A17M19,银,自培,吉源驾校,2003/8/9 0:00,2014/2/25 0:00,雪佛兰牌,吉利美日牌,36636651874268245X,366766000000000000 ,197306,198306,8,0,3,工作日,早高峰(7-9点),2015-03-23,2015年3月23日,多云 /阴,17℃ / 9℃,东北风 ≤3级 /东北风 ≤3级,多云,阴,17,9,东北风,≤3级,东北风,≤3级,day
2015-03-23 08:15:00,太慈桥,8、依法应负全责的其他情形,负全部责任,不负责任,1,川XBX646,银,1,贵AU4534,银,自培,-1,2006/7/7 0:00,-1,奇瑞牌,欧豹牌,35616351204766295X,366368000000000000 ,196403,196411,8,0,3,工作日,早高峰(7-9点),2015-03-23,2015年3月23日,多云 /阴,17℃ / 9℃,东北风 ≤3级 /东北风 ≤3级,多云,阴,17,9,东北风,≤3级,东北风,≤3级,day
2015-03-23 09:30:00,遵义路,7、未按规定让行的 ,负全部责任,不负责任,1,贵A25L33,银,1,贵AU0015,蓝,自培,-1,2006/3/1 0:00,-1,五菱牌,钱江牌,354698000000000000 ,364547000000000 ,198110,701004,9,0,3,工作日,早高峰(7-9点),2015-03-23,2015年3月23日,多云 /阴,17℃ / 9℃,东北风 ≤3级 /东北风 ≤3级,多云,阴,17,9,东北风,≤3级,东北风,≤3级,day
2015-03-22 21:43:00,瑞金北路,1、追尾的,负全部责任,不负责任,1,贵AU7349,蓝,1,贵AU0470,蓝,自培,十一培,2013/2/25 0:00,1993/8/25 0:00,捷达牌,万达牌,364556000000000000 ,364547000000000000 ,198908,197303,21,6,3,周末,非高峰,2015-03-22,2015年3月22日,阵雨 /阵雨,19℃ / 10℃,东南风 ≤3级 /东风 ≤3级,阵雨,阵雨,19,10,东南风,≤3级,东风,≤3级,night
2015-03-23 08:20:00,三桥,7、未按规定让行的 ,负全部责任,不负责任,1,贵ARX813,白,1,贵AK4227,银,-1,十一培,-1,1992/2/3 0:00,福克斯牌,双庆牌,36464500000000000 ,364548000000000000 ,981040,197110,8,0,3,工作日,早高峰(7-9点),2015-03-23,2015年3月23日,多云 /阴,17℃ / 9℃,东北风 ≤3级 /东北风 ≤3级,多云,阴,17,9,东北风,≤3级,东北风,≤3级,day
2015-03-23 08:40:00,老阳关,3、倒车的,负全部责任,不负责任,1,贵AR3989,黑,1,贵AEC875,白,自培,十一培,2004/5/11 0:00,1999/9/24 0:00,奥迪牌,大众牌,364547000000000000 ,364548000000000000 ,198001,196410,8,0,3,工作日,早高峰(7-9点),2015-03-23,2015年3月23日,多云 /阴,17℃ / 9℃,东北风 ≤3级 /东北风 ≤3级,多云,阴,17,9,东北风,≤3级,东北风,≤3级,day
2015-03-23 08:40:00,甲秀南路,1、追尾的,负全部责任,不负责任,1,贵A38R75,黑色,1,贵A52206,白色,自培,自培,2009/1/8 0:00,2003/10/16 0:00,路虎,奔达,364556000000000000 ,364556000000000000 ,198412,198502,8,0,3,工作日,早高峰(7-9点),2015-03-23,2015年3月23日,多云 /阴,17℃ / 9℃,东北风 ≤3级 /东北风 ≤3级,多云,阴,17,9,东北风,≤3级,东北风,≤3级,day
2015-03-23 09:15:00,小河,1、追尾的,负全部责任,不负责任,1,贵AU6052,白色,1,贵AB6738,白色,自培,自培,2006/6/26 0:00,2010/12/21 0:00,宇通牌,丰田牌,366566000000000000 ,355468000000000000 ,197201,199201,9,0,3,工作日,早高峰(7-9点),2015-03-23,2015年3月23日,多云 /阴,17℃ / 9℃,东北风 ≤3级 /东北风 ≤3级,多云,阴,17,9,东北风,≤3级,东北风,≤3级,day
2015-03-26 17:45:00,三桥,3、倒车的,负全部责任,不负责任,1,贵FX4398,银,1,贵A35V39,黑,自培,自培,2006/8/9 0:00,2007/6/12 0:00,五菱牌,丰田牌,366067000000000000 ,364568000000000000 ,198706,198601,17,3,3,工作日,晚高峰(17-19点),2015-03-26,2015年3月26日,阴 /阵雨,17℃ / 12℃,南风 ≤3级 /南风 ≤3级,阴,阵雨,17,12,南风,≤3级,南风,≤3级,day
2015-03-23 08:50:00,罗汉营,7、未按规定让行的 ,负全部责任,不负责任,0,贵A7A184,红,1,贵A832A7,黄,-1,-1,-1,-1,马自达牌,长安牌,364548000000000000 ,366664000000000000 ,198102,197802,8,0,3,工作日,早高峰(7-9点),2015-03-23,2015年3月23日,多云 /阴,17℃ / 9℃,东北风 ≤3级 /东北风 ≤3级,多云,阴,17,9,东北风,≤3级,东北风,≤3级,day
2015-03-23 10:11:00,三桥,9、不符合前8款规定或者双方同时具有上述情形的,负同等责任,负同等责任,1,贵AYY788,黄,0,贵A8884X,红,消防驾校,消防驾校,2011/6/11 0:00,2012/8/24 0:00,别克牌,长安牌,364558000000000000 ,36455651154260696X,198901,199106,10,0,3,工作日,非高峰,2015-03-23,2015年3月23日,多云 /阴,17℃ / 9℃,东北风 ≤3级 /东北风 ≤3级,多云,阴,17,9,东北风,≤3级,东北风,≤3级,day
2015-03-23 10:30:00,观山东路,4、停车时未挂低速档、未拉驻车制动，导致车辆滑行的,负全部责任,不负责任,1,贵A6552C,白,1,贵A3791,黄,-1,铁二局驾校,-1,1997/8/27 0:00,东风牌,比亚迪牌,65467500000000000 ,364557000000000000 ,198709,198001,10,0,3,工作日,非高峰,2015-03-23,2015年3月23日,多云 /阴,17℃ / 9℃,东北风 ≤3级 /东北风 ≤3级,多云,阴,17,9,东北风,≤3级,东北风,≤3级,day
2015-03-23 09:34:00,清镇,7、未按规定让行的 ,负全部责任,不负责任,1,粤B3TH36,黑,1,贵GL1293,黑,-1,贵州现代驾驶培训责任有限公司,-1,2008/12/19 0:00,福田牌,比亚迪牌,5067520000000000 ,354366000000000000 ,198910,197809,9,0,3,工作日,早高峰(7-9点),2015-03-23,2015年3月23日,多云 /阴,17℃ / 9℃,东北风 ≤3级 /东北风 ≤3级,多云,阴,17,9,东北风,≤3级,东北风,≤3级,day
2015-03-23 11:10:00,花溪区政府,3、倒车的,负全部责任,不负责任,1,豫A553K3,白色,1,贵A56N28,白色,-1,520114,-1,2008/10/13 0:00,比亚迪牌,捷豹,57463500000000000 ,364548000000000000 ,196907,198804,11,0,3,工作日,非高峰,2015-03-23,2015年3月23日,多云 /阴,17℃ / 9℃,东北风 ≤3级 /东北风 ≤3级,多云,阴,17,9,东北风,≤3级,东北风,≤3级,day
2015-03-23 11:40:00,改茶大道 ,3、倒车的,负全部责任,不负责任,1,贵ACL852,白,1,贵A87V95,银,（花溪区）高新十七驾驶培训有限公司,自培,2008/9/25 0:00,-1,奥铃牌,丰田牌,366064000000000000 ,366064000000000000 ,198902,199003,11,0,3,工作日,非高峰,2015-03-23,2015年3月23日,多云 /阴,17℃ / 9℃,东北风 ≤3级 /东北风 ≤3级,多云,阴,17,9,东北风,≤3级,东北风,≤3级,day
2015-03-23 11:27:00,南湖路,1、追尾的,负全部责任,不负责任,1,贵AKS289,黑,1,贵AE7950,黑,（白云区）消防驾驶培训学校,-1,2008/3/5 0:00,-1,东风标致牌,力帆牌,364558000000000000 ,35546800000000000 ,198908,198502,11,0,3,工作日,非高峰,2015-03-23,2015年3月23日,多云 /阴,17℃ / 9℃,东北风 ≤3级 /东北风 ≤3级,多云,阴,17,9,东北风,≤3级,东北风,≤3级,day
2015-03-23 11:00:00,云潭路,8、依法应负全责的其他情形,负全部责任,不负责任,0,贵A9579V,蓝,1,贵A465G2,蓝,新天驾校,-1,2012/10/29 0:00,-1,五菱牌,江淮牌,366347000000000000 ,366667000000000000 ,197801,199206,11,0,3,工作日,非高峰,2015-03-23,2015年3月23日,多云 /阴,17℃ / 9℃,东北风 ≤3级 /东北风 ≤3级,多云,阴,17,9,东北风,≤3级,东北风,≤3级,day
2015-03-23 16:00:00,白云区,7、未按规定让行的 ,负全部责任,不负责任,1,贵AHC996,白,1,豫AU5964,红,自培,-1,2011/9/14 0:00,-1,锋范牌,豪爵牌,364547000000000000 ,56865500000000000 ,199008,198508,16,0,3,工作日,非高峰,2015-03-23,2015年3月23日,多云 /阴,17℃ / 9℃,东北风 ≤3级 /东北风 ≤3级,多云,阴,17,9,东北风,≤3级,东北风,≤3级,day
2015-03-23 15:00:00,溪北路,8、依法应负全责的其他情形,负全部责任,不负责任,1,川J58A26,白色,1,贵AJH032,白色,贵州省遵义汽车运输集团源丰交通驾驶培训有限责任公司,自培,-1,2004/3/4 0:00,海马牌,安德拉,354147000000000000 ,364556000000000000 ,198112,198203,15,0,3,工作日,非高峰,2015-03-23,2015年3月23日,多云 /阴,17℃ / 9℃,东北风 ≤3级 /东北风 ≤3级,多云,阴,17,9,东北风,≤3级,东北风,≤3级,day
2015-03-23 13:00:00,北京路,8、依法应负全责的其他情形,负全部责任,不负责任,1,贵AUA707,白,1,贵AU7581,蓝,自培,99,2010/9/27 0:00,2004/6/18 0:00,丰田牌,嘉陵牌,364557000000000000 ,364548000000000000 ,198806,198604,13,0,3,工作日,非高峰,2015-03-23,2015年3月23日,多云 /阴,17℃ / 9℃,东北风 ≤3级 /东北风 ≤3级,多云,阴,17,9,东北风,≤3级,东北风,≤3级,day
2015-03-23 11:10:00,金阳,7、未按规定让行的 ,负全部责任,不负责任,1,闽EDH617,白色,1,贵AD1119,白色,自培,-1,2000/4/26 0:00,-1,福克斯牌,梅赛德斯-奔驰,734245000000000000 ,354268000000000000 ,198202,196609,11,0,3,工作日,非高峰,2015-03-23,2015年3月23日,多云 /阴,17℃ / 9℃,东北风 ≤3级 /东北风 ≤3级,多云,阴,17,9,东北风,≤3级,东北风,≤3级,day
2015-03-23 11:00:00,云潭路,7、未按规定让行的 ,负全部责任,不负责任,1,贵JAV967,银,1,贵A8761X,黑,自培,-1,2007/12/13 0:00,-1,蒙德王牌,丰田牌,366046000000000000 ,354361000000000000 ,198608,198202,11,0,3,工作日,非高峰,2015-03-23,2015年3月23日,多云 /阴,17℃ / 9℃,东北风 ≤3级 /东北风 ≤3级,多云,阴,17,9,东北风,≤3级,东北风,≤3级,day
2015-03-23 13:06:00,新村路,7、未按规定让行的 ,负全部责任,不负责任,1,贵A34F82,白色,1,贵AA4932,白色,（南明区）阳光驾驶培训有限公司,十一培,2009/11/16 0:00,1999/10/8 0:00,蒙迪欧牌,佛斯弟,366375000000000000 ,364547000000000000 ,198009,195612,13,0,3,工作日,非高峰,2015-03-23,2015年3月23日,多云 /阴,17℃ / 9℃,东北风 ≤3级 /东北风 ≤3级,多云,阴,17,9,东北风,≤3级,东北风,≤3级,day
2015-03-23 10:30:00,西南环线,1、追尾的,负全部责任,不负责任,1,贵AMF604,白色,1,贵JW6469,白色,-1,自培,-1,2004/3/24 0:00,桑塔纳,吉利全球鹰牌,366367000000000000 ,366862000000000000 ,197203,197401,10,0,3,工作日,非高峰,2015-03-23,2015年3月23日,多云 /阴,17℃ / 9℃,东北风 ≤3级 /东北风 ≤3级,多云,阴,17,9,东北风,≤3级,东北风,≤3级,day
2015-03-23 13:00:00,小河长江路,9、不符合前8款规定或者双方同时具有上述情形的,负同等责任,负同等责任,1,贵A37Z62,白色,1,贵AVE167,白色,-1,自培,-1,2004/3/31 0:00,大众汽车牌,高尔夫牌,3665615185565347X,364547000000000000 ,197112,197608,13,0,3,工作日,非高峰,2015-03-23,2015年3月23日,多云 /阴,17℃ / 9℃,东北风 ≤3级 /东北风 ≤3级,多云,阴,17,9,东北风,≤3级,东北风,≤3级,day
2015-03-23 13:10:00,八匹马,1、追尾的,负全部责任,不负责任,1,贵A76P83,银,1,贵AK2203,黑,省交校,自培,2012/2/27 0:00,2004/12/9 0:00,别克牌,山洋牌,364557000000000000 ,366670000000000000 ,198401,196810,13,0,3,工作日,非高峰,2015-03-23,2015年3月23日,多云 /阴,17℃ / 9℃,东北风 ≤3级 /东北风 ≤3级,多云,阴,17,9,东北风,≤3级,东北风,≤3级,day
2015-03-23 08:10:00,头桥,7、未按规定让行的 ,负全部责任,不负责任,1,贵AU4105,绿色,1,贵ALY923,白色,自培,自培,2006/7/28 0:00,2004/5/18 0:00,宗申牌,北京,364648000000000000 ,366067000000000000 ,198212,197009,8,0,3,工作日,早高峰(7-9点),2015-03-23,2015年3月23日,多云 /阴,17℃ / 9℃,东北风 ≤3级 /东北风 ≤3级,多云,阴,17,9,东北风,≤3级,东北风,≤3级,day
2015-03-23 12:50:00,蓑草路,1、追尾的,负全部责任,不负责任,1,贵A76N96,白色,1,贵AFA499,白色,自培,自培,2008/6/2 0:00,2001/5/30 0:00,奥迪牌,长安牌,35416751924648433X,364547000000000000 ,198602,197509,12,0,3,工作日,非高峰,2015-03-23,2015年3月23日,多云 /阴,17℃ / 9℃,东北风 ≤3级 /东北风 ≤3级,多云,阴,17,9,东北风,≤3级,东北风,≤3级,day
2015-03-23 11:15:00,公安厅,8、依法应负全责的其他情形,负全部责任,不负责任,1,贵A69G44,白,1,贵ASS068,红,自培,自培,2007/3/17 0:00,2007/8/23 0:00,东风标致牌,雪佛兰牌,366863000000000000 ,364547000000000000 ,198610,198901,11,0,3,工作日,非高峰,2015-03-23,2015年3月23日,多云 /阴,17℃ / 9℃,东北风 ≤3级 /东北风 ≤3级,多云,阴,17,9,东北风,≤3级,东北风,≤3级,day
2015-03-23 13:05:00,小河,1、追尾的,负全部责任,不负责任,1,贵A56M94,白色,1,贵AP5587,白色,自培,自培,2006/3/9 0:00,2005/1/20 0:00,五菱牌,五菱牌,366566000000000000 ,366568000000000000 ,198706,197204,13,0,3,工作日,非高峰,2015-03-23,2015年3月23日,多云 /阴,17℃ / 9℃,东北风 ≤3级 /东北风 ≤3级,多云,阴,17,9,东北风,≤3级,东北风,≤3级,day
2015-03-23 15:07:00,花溪,8、依法应负全责的其他情形,负全部责任,不负责任,1,川J58A46,白色,1,贵AJH032,白色,贵州省遵义汽车运输集团源丰交通驾驶培训有限责任公司,自培,-1,2004/3/4 0:00,北京现代牌,安德拉,354147000000000000 ,364556000000000000 ,198112,198203,15,0,3,工作日,非高峰,2015-03-23,2015年3月23日,多云 /阴,17℃ / 9℃,东北风 ≤3级 /东北风 ≤3级,多云,阴,17,9,东北风,≤3级,东北风,≤3级,day
2015-03-23 15:30:00,云岩区,8、依法应负全责的其他情形,负全部责任,不负责任,1,贵A613F7,白色,1,贵A2ZN31,白色,铁二局驾校,-1,2011/7/13 0:00,-1,东风牌,-1,366567000000000000 ,366868000000000000 ,197906,198112,15,0,3,工作日,非高峰,2015-03-23,2015年3月23日,多云 /阴,17℃ / 9℃,东北风 ≤3级 /东北风 ≤3级,多云,阴,17,9,东北风,≤3级,东北风,≤3级,day
2015-03-23 13:20:00,白云区,1、追尾的,负全部责任,不负责任,1,贵A5711S,黑,1,云CG2338,银,遵义市泥桥诚兴汽车驾驶培训学校,消防驾校,2011/2/16 0:00,2014/7/17 0:00,理念牌,五菱牌,366364000000000000 ,376570000000000000 ,197011,197810,13,0,3,工作日,非高峰,2015-03-23,2015年3月23日,多云 /阴,17℃ / 9℃,东北风 ≤3级 /东北风 ≤3级,多云,阴,17,9,东北风,≤3级,东北风,≤3级,day
2015-03-23 12:50:00,百花大道,1、追尾的,负全部责任,不负责任,0,贵JBP975,黄,1,贵APF176,蓝,顺一驾驶培训学校,路路达驾校,2014/4/22 0:00,2013/3/4 0:00,别克牌,五菱牌,366361000000000000 ,74365500000000000 ,198407,199311,12,0,3,工作日,非高峰,2015-03-23,2015年3月23日,多云 /阴,17℃ / 9℃,东北风 ≤3级 /东北风 ≤3级,多云,阴,17,9,东北风,≤3级,东北风,≤3级,day
2015-03-23 14:50:00,湘雅村,7、未按规定让行的 ,负全部责任,不负责任,1,贵AJ1484,白色,1,贵A3T577,白色,自培,520123,1989/5/15 0:00,2009/2/10 0:00,望江牌,-1,364548000000000000 ,366367000000000000 ,195401,197210,14,0,3,工作日,非高峰,2015-03-23,2015年3月23日,多云 /阴,17℃ / 9℃,东北风 ≤3级 /东北风 ≤3级,多云,阴,17,9,东北风,≤3级,东北风,≤3级,day
2015-03-23 14:43:00,白云区,8、依法应负全责的其他情形,负全部责任,不负责任,1,贵ATK734,黑,1,贵A515F8,白,自培,-1,2002/9/10 0:00,-1,奥迪牌,王牌牌,366669000000000000 ,366862000000000000 ,197202,198511,14,0,3,工作日,非高峰,2015-03-23,2015年3月23日,多云 /阴,17℃ / 9℃,东北风 ≤3级 /东北风 ≤3级,多云,阴,17,9,东北风,≤3级,东北风,≤3级,day
2015-03-23 11:20:00,甲秀南路,7、未按规定让行的 ,负全部责任,不负责任,1,贵GA4738,白色,1,贵A2G14,白色,凯信驾校,-1,2008/10/17 0:00,-1,比亚迪牌,-1,65568500000000000 ,364648000000000000 ,198111,198997,11,0,3,工作日,非高峰,2015-03-23,2015年3月23日,多云 /阴,17℃ / 9℃,东北风 ≤3级 /东北风 ≤3级,多云,阴,17,9,东北风,≤3级,东北风,≤3级,day
2015-03-23 11:50:00,阳关,7、未按规定让行的 ,负全部责任,不负责任,1,贵CNN149,黑,1,贵ANM791,银,高新驾校,-1,2014/5/28 0:00,-1,东风日产牌,华泰圣达菲牌,366561000000000000 ,64166500000000000 ,197508,197809,11,0,3,工作日,非高峰,2015-03-23,2015年3月23日,多云 /阴,17℃ / 9℃,东北风 ≤3级 /东北风 ≤3级,多云,阴,17,9,东北风,≤3级,东北风,≤3级,day
2015-03-23 14:30:00,花溪,9、不符合前8款规定或者双方同时具有上述情形的,负同等责任,负同等责任,1,贵A3199V,白色,1,贵FS5266,灰色,黔丰驾校,-1,2014/11/20 0:00,-1,北京牌,大众牌,364556000000000000 ,366067000000000000 ,197604,197705,14,0,3,工作日,非高峰,2015-03-23,2015年3月23日,多云 /阴,17℃ / 9℃,东北风 ≤3级 /东北风 ≤3级,多云,阴,17,9,东北风,≤3级,东北风,≤3级,day
2015-03-23 16:03:00,世纪城,9、不符合前8款规定或者双方同时具有上述情形的,负同等责任,负同等责任,1,贵AC445M,黄,0,浙A4412F,黑,毕节地区黔中汽车(摩托车)驾驶培训学校,-1,2013/4/1 0:00,-1,威志牌,五菱牌,366067000000000000 ,55360500000000000 ,198201,198407,16,0,3,工作日,非高峰,2015-03-23,2015年3月23日,多云 /阴,17℃ / 9℃,东北风 ≤3级 /东北风 ≤3级,多云,阴,17,9,东北风,≤3级,东北风,≤3级,day
2015-03-23 18:59:00,西二环,1、追尾的,负全部责任,不负责任,1,贵ATE045,白,0,赣AS7211,黑,（经开区）十一驾驶培训有限公司,铁二局驾校,2008/5/12 0:00,2013/10/10 0:00,长安牌,千里马牌,366067000000000000 ,724561000000000000 ,197207,196410,18,0,3,工作日,晚高峰(17-19点),2015-03-23,2015年3月23日,多云 /阴,17℃ / 9℃,东北风 ≤3级 /东北风 ≤3级,多云,阴,17,9,东北风,≤3级,东北风,≤3级,day