accidenttime,accidentaddr,driver1fault,driver1responsibility,driver2responsibility,sex1,platenumber1,carcolor1,sex2,platenumber2,carcolor2,jxmc1,jxmc2,cclzrq1,cclzrq2,clpp1,clpp2,driver1license,driver2license,brith1,brith2,hour,weekday,month,is_weekday,peak_hour,date,日期,天气状况,气温,风力风向,day_wea,night_wea,day_tep,night_tep,day_wind_direction,day_wind_speed,night_wind_direction,night_wind_speed,segment
2015-03-23 17:00:00,四方河路,7、未按规定让行的 ,负全部责任,不负责任,1,粤S6F142,白色,1,贵A92Y81,白色,-1,铁二局驾校,-1,2012/4/9 0:00,无,蒙迪欧牌,66066500000000000 ,364547000000000000 ,197712,198510,17,0,3,工作日,晚高峰(17-19点),2015-03-23,2015年3月23日,多云 /阴,17℃ / 9℃,东北风 ≤3级 /东北风 ≤3级,多云,阴,17,9,东北风,≤3级,东北风,≤3级,day
2015-03-23 15:40:00,阳关,1、追尾的,负全部责任,不负责任,0,贵A23M43,红,1,贵A5684B,白,黔丰驾校,文通驾校,2015/1/13 0:00,1998/12/22 0:00,起亚牌,丰田牌,364547000000000000 ,364557000000000000 ,197508,197608,15,0,3,工作日,非高峰,2015-03-23,2015年3月23日,多云 /阴,17℃ / 9℃,东北风 ≤3级 /东北风 ≤3级,多云,阴,17,9,东北风,≤3级,东北风,≤3级,day
2015-03-23 17:30:00,金朱东路,7、未按规定让行的 ,负全部责任,不负责任,1,贵AE8829,银,1,贵A836F7,银,自培,预约考试窗口,2002/7/11 0:00,2007/2/12 0:00,豪进牌,华神牌,364548000000000000 ,36454751974165095X,196201,198309,17,0,3,工作日,晚高峰(17-19点),2015-03-23,2015年3月23日,多云 /阴,17℃ / 9℃,东北风 ≤3级 /东北风 ≤3级,多云,阴,17,9,东北风,≤3级,东北风,≤3级,day
2015-03-23 20:10:00,中山东路,8、依法应负全责的其他情形,负全部责任,不负责任,1,贵HRV773,银,1,贵A78M44,银,贵州省遵义汽车运输集团源丰交通驾驶培训有限责任公司,520136,-1,2011/7/8 0:00,-1,大众牌,366569000000000000 ,364547000000000000 ,198903,197904,20,0,3,工作日,非高峰,2015-03-23,2015年3月23日,多云 /阴,17℃ / 9℃,东北风 ≤3级 /东北风 ≤3级,多云,阴,17,9,东北风,≤3级,东北风,≤3级,night
2015-03-23 20:00:00,天誉城,1、追尾的,负全部责任,不负责任,1,贵AD9139,银,1,贵A843G2,白,织金县织通驾驶培训学校,贵州现代驾驶培训责任有限公司,-1,2014/11/19 0:00,雷克牌,解放牌,366064000000000000 ,364596000000000000 ,199111,199509,20,0,3,工作日,非高峰,2015-03-23,2015年3月23日,多云 /阴,17℃ / 9℃,东北风 ≤3级 /东北风 ≤3级,多云,阴,17,9,东北风,≤3级,东北风,≤3级,night
2015-03-23 17:10:00,世纪城,7、未按规定让行的 ,负全部责任,不负责任,0,贵APZ939,黑,1,贵AU7652,绿,消防驾校,-1,2011/8/29 0:00,-1,东风雪铁龙牌,恒通客车牌,366347000000000000 ,366067000000000000 ,197501,199112,17,0,3,工作日,晚高峰(17-19点),2015-03-23,2015年3月23日,多云 /阴,17℃ / 9℃,东北风 ≤3级 /东北风 ≤3级,多云,阴,17,9,东北风,≤3级,东北风,≤3级,day
2015-03-23 19:00:00,三桥,9、不符合前8款规定或者双方同时具有上述情形的,负同等责任,负同等责任,1,贵A7512R,黑,1,贵A295C8,白,消防驾校,-1,2013/5/28 0:00,-1,雪佛兰牌,江淮牌,364596000000000000 ,366064000000000000 ,199210,199405,19,0,3,工作日,晚高峰(17-19点),2015-03-23,2015年3月23日,多云 /阴,17℃ / 9℃,东北风 ≤3级 /东北风 ≤3级,多云,阴,17,9,东北风,≤3级,东北风,≤3级,day
2015-03-23 16:30:00,大营坡,7、未按规定让行的 ,负全部责任,不负责任,1,贵A26K28,黄,1,贵A39Y68,黑,自培,520109,2004/6/14 0:00,2008/1/18 0:00,福克斯牌,思威牌,364548000000000000 ,35467451805443555X,197112,197410,16,0,3,工作日,非高峰,2015-03-23,2015年3月23日,多云 /阴,17℃ / 9℃,东北风 ≤3级 /东北风 ≤3级,多云,阴,17,9,东北风,≤3级,东北风,≤3级,day
2015-03-23 19:26:00,松江路,1、追尾的,负全部责任,不负责任,1,贵A4TF92,黑,1,贵AU8399,绿,-1,十一培,-1,1986/8/25 0:00,-1,豪爵牌,366061000000000000 ,364547000000000000 ,197304,195503,19,0,3,工作日,晚高峰(17-19点),2015-03-23,2015年3月23日,多云 /阴,17℃ / 9℃,东北风 ≤3级 /东北风 ≤3级,多云,阴,17,9,东北风,≤3级,东北风,≤3级,day
2015-03-23 13:30:00,金朱东路,7、未按规定让行的 ,负全部责任,不负责任,1,贵AB905,白,1,贵AJA798,黑,自培,十一培,2008/12/10 0:00,1995/10/1 0:00,-1,长安牌,344543000000000000 ,36455751295564403X,198707,196811,13,0,3,工作日,非高峰,2015-03-23,2015年3月23日,多云 /阴,17℃ / 9℃,东北风 ≤3级 /东北风 ≤3级,多云,阴,17,9,东北风,≤3级,东北风,≤3级,day
2015-03-23 12:00:00,小河万科,3、倒车的,负全部责任,不负责任,1,贵GF0699,白色,1,贵AU0392,白色,自培,十一培,2001/7/13 0:00,1996/5/30 0:00,风神牌,奇瑞牌,354367000000000000 ,364547000000000000 ,197301,196310,12,0,3,工作日,非高峰,2015-03-23,2015年3月23日,多云 /阴,17℃ / 9℃,东北风 ≤3级 /东北风 ≤3级,多云,阴,17,9,东北风,≤3级,东北风,≤3级,day
2015-03-23 17:30:00,东站,7、未按规定让行的 ,负全部责任,不负责任,1,贵A347A2,白色,1,贵A0H655,白色,（乌当区）新华驾驶培训有限公司,自培,2009/11/25 0:00,2004/5/19 0:00,解放牌,大众汽车,366066000000000000 ,366864000000000000 ,197312,197107,17,0,3,工作日,晚高峰(17-19点),2015-03-23,2015年3月23日,多云 /阴,17℃ / 9℃,东北风 ≤3级 /东北风 ≤3级,多云,阴,17,9,东北风,≤3级,东北风,≤3级,day
2015-03-23 23:10:00,保利云山,9、不符合前8款规定或者双方同时具有上述情形的,负同等责任,负同等责任,0,贵AQ3026,红,1,贵A7812学,银,-1,新天驾校,-1,2010/5/21 0:00,-1,-1,366864000000000000 ,706567000000000000 ,197111,197805,23,0,3,工作日,非高峰,2015-03-23,2015年3月23日,多云 /阴,17℃ / 9℃,东北风 ≤3级 /东北风 ≤3级,多云,阴,17,9,东北风,≤3级,东北风,≤3级,night
2015-03-24 08:10:00,云峰大道,7、未按规定让行的 ,负全部责任,不负责任,1,贵A5CA41,绿,1,贵A44F81,银,-1,时发驾校,-1,2012/10/23 0:00,牧马人,宝来牌,364558000000000000 ,364547000000000000 ,198108,199002,8,1,3,工作日,早高峰(7-9点),2015-03-24,2015年3月24日,小雨 /阵雨,13℃ / 7℃,东北风 ≤3级 /东北风 ≤3级,小雨,阵雨,13,7,东北风,≤3级,东北风,≤3级,day
2015-03-23 22:20:00,花溪大道,1、追尾的,负全部责任,不负责任,1,贵A37269,白色,1,贵AU1254,白色,（经开区）顺一驾驶培训有限公司,520118,2009/1/14 0:00,2009/2/18 0:00,豪泺牌,丰田牌,366064000000000000 ,366046000000000000 ,198304,197406,22,0,3,工作日,非高峰,2015-03-23,2015年3月23日,多云 /阴,17℃ / 9℃,东北风 ≤3级 /东北风 ≤3级,多云,阴,17,9,东北风,≤3级,东北风,≤3级,night
2015-03-23 17:35:00,花果园,7、未按规定让行的 ,负同等责任,负同等责任,0,贵GX4542,白,1,贵F76462,黑,（乌当区）新华驾驶培训有限公司,（乌当区）新华驾驶培训有限公司,2008/10/23 0:00,-1,宝马牌,海马牌,366367000000000000 ,366063000000000000 ,198007,198710,17,0,3,工作日,晚高峰(17-19点),2015-03-23,2015年3月23日,多云 /阴,17℃ / 9℃,东北风 ≤3级 /东北风 ≤3级,多云,阴,17,9,东北风,≤3级,东北风,≤3级,day
2015-03-23 21:11:00,五里冲,9、不符合前8款规定或者双方同时具有上述情形的,负同等责任,负同等责任,1,贵APE789,白,1,贵A10848,黄,自培,景宏驾校,2011/3/2 0:00,-1,哈飞牌,特商牌,366364000000000000 ,366575000000000000 ,195612,198908,21,0,3,工作日,非高峰,2015-03-23,2015年3月23日,多云 /阴,17℃ / 9℃,东北风 ≤3级 /东北风 ≤3级,多云,阴,17,9,东北风,≤3级,东北风,≤3级,night
2015-03-24 02:10:00,甲秀南路,7、未按规定让行的 ,负全部责任,不负责任,1,贵A408F6,白色,1,贵AA342R,白色,520116,-1,1998/12/14 0:00,-1,解放牌,比亚迪牌,364548000000000000 ,36627000000000000 ,197309,198691,2,1,3,工作日,非高峰,2015-03-24,2015年3月24日,小雨 /阵雨,13℃ / 7℃,东北风 ≤3级 /东北风 ≤3级,小雨,阵雨,13,7,东北风,≤3级,东北风,≤3级,night
2015-03-24 08:00:00,北京西路,8、依法应负全责的其他情形,负全部责任,不负责任,1,渝B6M321,白,1,贵A42F65,银,-1,520127,-1,2009/2/20 0:00,无,明锐牌,344671000000000000 ,366063000000000000 ,198410,198502,8,1,3,工作日,早高峰(7-9点),2015-03-24,2015年3月24日,小雨 /阵雨,13℃ / 7℃,东北风 ≤3级 /东北风 ≤3级,小雨,阵雨,13,7,东北风,≤3级,东北风,≤3级,day
2015-03-23 20:26:00,金关,7、未按规定让行的 ,负全部责任,不负责任,1,贵A4355G,银,1,贵H64855,黄,龙里县圣锦汽车驾驶培训学校,宏达驾校,-1,-1,吉利牌,万丰,36636351845466057X,366273000000000000 ,197010,198112,20,0,3,工作日,非高峰,2015-03-23,2015年3月23日,多云 /阴,17℃ / 9℃,东北风 ≤3级 /东北风 ≤3级,多云,阴,17,9,东北风,≤3级,东北风,≤3级,night
2015-03-24 07:50:00,长江路,8、依法应负全责的其他情形,负全部责任,不负责任,1,贵A1E696,白色,1,贵C9Y199,白色,-1,神舟驾校,-1,2007/8/3 0:00,-1,-1,00379551914056665X,366567000000000000 ,198904,198408,7,1,3,工作日,早高峰(7-9点),2015-03-24,2015年3月24日,小雨 /阵雨,13℃ / 7℃,东北风 ≤3级 /东北风 ≤3级,小雨,阵雨,13,7,东北风,≤3级,东北风,≤3级,day
2015-03-23 22:30:00,五里冲,7、未按规定让行的 ,负全部责任,不负责任,1,贵APK337,白色,1,渝BE5168,白色,（经开区）十一驾驶培训有限公司,顺安驾校,2005/4/15 0:00,-1,东风雪铁龙牌,-1,36454651264748225X,366346000000000000 ,196203,197312,22,0,3,工作日,非高峰,2015-03-23,2015年3月23日,多云 /阴,17℃ / 9℃,东北风 ≤3级 /东北风 ≤3级,多云,阴,17,9,东北风,≤3级,东北风,≤3级,night
2015-03-23 20:30:00,合肥路,7、未按规定让行的 ,负全部责任,不负责任,1,贵A44S56,红,1,川A638A8,银,自培,-1,2003/8/13 0:00,-1,迷你,北京现代牌  ,364546000000000 ,35574051984951565X,690123,198708,20,0,3,工作日,非高峰,2015-03-23,2015年3月23日,多云 /阴,17℃ / 9℃,东北风 ≤3级 /东北风 ≤3级,多云,阴,17,9,东北风,≤3级,东北风,≤3级,night
2015-03-23 17:23:00,三桥,7、未按规定让行的 ,负全部责任,不负责任,0,川EV7727,黑,1,贵A8816T,白,自培,诚信驾驶培训学校,2004/6/4 0:00,2008/4/23 0:00,北京现代牌,波罗,366577000000000000 ,36456751985662305X,197108,198712,17,0,3,工作日,晚高峰(17-19点),2015-03-23,2015年3月23日,多云 /阴,17℃ / 9℃,东北风 ≤3级 /东北风 ≤3级,多云,阴,17,9,东北风,≤3级,东北风,≤3级,day
2015-03-23 21:58:00,中山东路,1、追尾的,负全部责任,不负责任,0,贵AH0922,银,1,贵A88N92,银,自培,铁二局驾校,2000/7/24 0:00,2012/10/11 0:00,北京现代牌,夏利牌,354366000000000000 ,364547000000000000 ,196410,197712,21,0,3,工作日,非高峰,2015-03-23,2015年3月23日,多云 /阴,17℃ / 9℃,东北风 ≤3级 /东北风 ≤3级,多云,阴,17,9,东北风,≤3级,东北风,≤3级,night
2015-03-24 07:30:00,北站,9、不符合前8款规定或者双方同时具有上述情形的,负同等责任,负同等责任,1,贵ADM866,红,1,贵AV2124,蓝,自培,消防驾校,2002/8/9 0:00,2005/12/5 0:00,雪佛兰牌,长安牌,364558000000000000 ,364558000000000000 ,196412,197710,7,1,3,工作日,早高峰(7-9点),2015-03-24,2015年3月24日,小雨 /阵雨,13℃ / 7℃,东北风 ≤3级 /东北风 ≤3级,小雨,阵雨,13,7,东北风,≤3级,东北风,≤3级,day
2015-03-23 23:05:00,二戈寨,8、依法应负全责的其他情形,负全部责任,不负责任,1,贵AKQ956,白色,1,贵AHK645,白色,自培,十一培,1996/7/30 0:00,1999/9/5 0:00,捷达牌,东风标致牌,36454651884956397X,364547000000000000 ,197708,198102,23,0,3,工作日,非高峰,2015-03-23,2015年3月23日,多云 /阴,17℃ / 9℃,东北风 ≤3级 /东北风 ≤3级,多云,阴,17,9,东北风,≤3级,东北风,≤3级,night
2015-03-24 08:15:00,沙冲路,8、依法应负全责的其他情形,负全部责任,不负责任,1,贵AAZ381,白色,1,贵AU6936,白色,（云岩区）时发驾驶培训有限公司,十一培,2008/4/10 0:00,1994/12/29 0:00,别克牌,正好牌,364548000000000000 ,366361000000000000 ,198511,196907,8,1,3,工作日,早高峰(7-9点),2015-03-24,2015年3月24日,小雨 /阵雨,13℃ / 7℃,东北风 ≤3级 /东北风 ≤3级,小雨,阵雨,13,7,东北风,≤3级,东北风,≤3级,day
2015-03-23 17:50:00,黔林山,9、不符合前8款规定或者双方同时具有上述情形的,负同等责任,负同等责任,1,贵A25X89,白,1,贵AU4795,蓝,自培,十一培,2007/11/30 0:00,1995/5/6 0:00,长城牌,新大洲牌,366064000000000000 ,364547000000000000 ,197408,196711,17,0,3,工作日,晚高峰(17-19点),2015-03-23,2015年3月23日,多云 /阴,17℃ / 9℃,东北风 ≤3级 /东北风 ≤3级,多云,阴,17,9,东北风,≤3级,东北风,≤3级,day
2015-03-23 18:10:00,瑞金北路,1、追尾的,负全部责任,不负责任,1,贵ARL517,黑,0,贵A41F94,银,自培,十一培,2002/7/1 0:00,1997/2/24 0:00,吉利美日牌,大众牌,364548000000000000 ,364547000000000000 ,197702,196609,18,0,3,工作日,晚高峰(17-19点),2015-03-23,2015年3月23日,多云 /阴,17℃ / 9℃,东北风 ≤3级 /东北风 ≤3级,多云,阴,17,9,东北风,≤3级,东北风,≤3级,day
2015-03-24 08:00:00,沙冲路,7、未按规定让行的 ,负全部责任,不负责任,1,贵AT5593,黄,1,贵A8CA63,银,520127,自培,2004/5/9 0:00,2001/7/30 0:00,宇通牌,马自达牌,364547000000000000 ,364547000000000000 ,198001,197801,8,1,3,工作日,早高峰(7-9点),2015-03-24,2015年3月24日,小雨 /阵雨,13℃ / 7℃,东北风 ≤3级 /东北风 ≤3级,小雨,阵雨,13,7,东北风,≤3级,东北风,≤3级,day
2015-03-23 17:00:00,中坝,7、未按规定让行的 ,负全部责任,不负责任,1,贵AN5084,银,1,贵A3CC71,白,自培,自培,2007/9/28 0:00,2002/4/30 0:00,长安牌,荣威牌,354663000000000000 ,366361000000000000 ,195310,198011,17,0,3,工作日,晚高峰(17-19点),2015-03-23,2015年3月23日,多云 /阴,17℃ / 9℃,东北风 ≤3级 /东北风 ≤3级,多云,阴,17,9,东北风,≤3级,东北风,≤3级,day
2015-03-23 18:00:00,二戈寨,7、未按规定让行的 ,负全部责任,不负责任,1,贵A4095A,白色,1,贵GV5093,白色,-1,顺一驾驶培训学校,-1,2010/7/5 0:00,明锐牌,海马牌,364547000000000 ,366276000000000000 ,198507,198509,18,0,3,工作日,晚高峰(17-19点),2015-03-23,2015年3月23日,多云 /阴,17℃ / 9℃,东北风 ≤3级 /东北风 ≤3级,多云,阴,17,9,东北风,≤3级,东北风,≤3级,day
2015-03-24 10:00:00,大凹,9、不符合前8款规定或者双方同时具有上述情形的,负同等责任,负同等责任,1,贵A8999J,银,1,贵AKB396,红,贵州现代驾驶培训责任有限公司,-1,2013/5/9 0:00,-1,长安牌,长安牌,364596000000000000 ,364576000000000000 ,198708,198604,10,1,3,工作日,非高峰,2015-03-24,2015年3月24日,小雨 /阵雨,13℃ / 7℃,东北风 ≤3级 /东北风 ≤3级,小雨,阵雨,13,7,东北风,≤3级,东北风,≤3级,day
2015-03-24 10:30:00,西二环,7、未按规定让行的 ,负全部责任,不负责任,1,贵A89E14,银,1,贵AC053E,银,自培,自培,2007/7/30 0:00,2011/7/5 0:00,红旗牌,东风雪铁龙牌,366361000000000000 ,364066000000000000 ,198112,199101,10,1,3,工作日,非高峰,2015-03-24,2015年3月24日,小雨 /阵雨,13℃ / 7℃,东北风 ≤3级 /东北风 ≤3级,小雨,阵雨,13,7,东北风,≤3级,东北风,≤3级,day
2015-03-24 09:35:00,王东桥上,9、不符合前8款规定或者双方同时具有上述情形的,负同等责任,负同等责任,1,临贵A0H534,白色,1,贵A67A41,白色,（南明区）长运驾驶培训有限公司,（南明区）长运驾驶培训有限公司,2015/2/16 0:00,2010/6/30 0:00,-1,朗逸牌,366766000000000000 ,354670000000000000 ,198908,197105,9,1,3,工作日,早高峰(7-9点),2015-03-24,2015年3月24日,小雨 /阵雨,13℃ / 7℃,东北风 ≤3级 /东北风 ≤3级,小雨,阵雨,13,7,东北风,≤3级,东北风,≤3级,day
2015-03-24 10:19:00,花果园,1、追尾的,负全部责任,不负责任,1,贵A1BH15,白,1,贵AL4144,黑,青正驾校,-1,2009/4/29 0:00,-1,长城牌,飞肯牌,366375000000000000 ,366067000000000000 ,197601,198006,10,1,3,工作日,非高峰,2015-03-24,2015年3月24日,小雨 /阵雨,13℃ / 7℃,东北风 ≤3级 /东北风 ≤3级,小雨,阵雨,13,7,东北风,≤3级,东北风,≤3级,day
2015-03-24 10:00:00,烂泥沟,1、追尾的,负全部责任,不负责任,1,豫522352,白色,1,贵A2861X,白色,-1,铁二局驾校,-1,2006/9/22 0:00,\N,北京牌,366367000000000000 ,366367000000000000 ,196607,197510,10,1,3,工作日,非高峰,2015-03-24,2015年3月24日,小雨 /阵雨,13℃ / 7℃,东北风 ≤3级 /东北风 ≤3级,小雨,阵雨,13,7,东北风,≤3级,东北风,≤3级,day
2015-03-24 09:00:00,花溪大学城,8、依法应负全责的其他情形,负全部责任,不负责任,1,贵A96W47,白色,1,湘A7981K,白色,全林驾校,-1,2012/6/25 0:00,-1,雅阁牌,奇瑞,36454751934654365X,74260500000000000 ,198502,198207,9,1,3,工作日,早高峰(7-9点),2015-03-24,2015年3月24日,小雨 /阵雨,13℃ / 7℃,东北风 ≤3级 /东北风 ≤3级,小雨,阵雨,13,7,东北风,≤3级,东北风,≤3级,day
2015-03-24 14:25:00,西二环,7、未按规定让行的 ,负全部责任,不负责任,1,贵4524408,白色,1,贵A71N69,白色,-1,-1,-1,-1,-1,思威牌,366067000000000000 ,364548000000000000 ,198209,198203,14,1,3,工作日,非高峰,2015-03-24,2015年3月24日,小雨 /阵雨,13℃ / 7℃,东北风 ≤3级 /东北风 ≤3级,小雨,阵雨,13,7,东北风,≤3级,东北风,≤3级,day
2015-03-24 10:00:00,西南五金,3、倒车的,负全部责任,不负责任,1,贵APE985,银,1,贵A2785Z,银,（经开区）金安驾驶培训有限公司,时法驾校,2011/1/4 0:00,2006/6/21 0:00,航天牌,长安牌,364548000000000000 ,364548000000000000 ,197011,196601,10,1,3,工作日,非高峰,2015-03-24,2015年3月24日,小雨 /阵雨,13℃ / 7℃,东北风 ≤3级 /东北风 ≤3级,小雨,阵雨,13,7,东北风,≤3级,东北风,≤3级,day
2015-03-23 23:05:00,五里冲,1、追尾的,负全部责任,不负责任,1,贵A48N27,白,1,贵AVE654,白,自培,-1,2002/12/16 0:00,-1,夏利牌,宝马牌,364548000000000000 ,354268000000000000 ,197308,199001,23,0,3,工作日,非高峰,2015-03-23,2015年3月23日,多云 /阴,17℃ / 9℃,东北风 ≤3级 /东北风 ≤3级,多云,阴,17,9,东北风,≤3级,东北风,≤3级,night
2015-03-24 08:00:00,金阳南路,7、未按规定让行的 ,负全部责任,不负责任,1,贵A99A74,银,1,贵A34N69,白,自培,自培,2004/11/24 0:00,2003/11/6 0:00,江淮牌,雅阁牌,364557000000000000 ,366061000000000000 ,197911,198312,8,1,3,工作日,早高峰(7-9点),2015-03-24,2015年3月24日,小雨 /阵雨,13℃ / 7℃,东北风 ≤3级 /东北风 ≤3级,小雨,阵雨,13,7,东北风,≤3级,东北风,≤3级,day
2015-03-24 10:00:00,花溪,8、依法应负全责的其他情形,负全部责任,不负责任,1,粤B2TY13,白色,1,贵4544266,白色,自培,-1,2009/5/22 0:00,-1,江淮牌,-1,74166500000000000 ,366064000000000000 ,199007,197403,10,1,3,工作日,非高峰,2015-03-24,2015年3月24日,小雨 /阵雨,13℃ / 7℃,东北风 ≤3级 /东北风 ≤3级,小雨,阵雨,13,7,东北风,≤3级,东北风,≤3级,day
2015-03-24 07:30:00,花果园,9、不符合前8款规定或者双方同时具有上述情形的,负同等责任,负同等责任,1,贵A25K12,银,1,贵A3897B,红,-1,自培,-1,2005/6/29 0:00,长安牌,威志牌,3561675122414934X,366347000000000000 ,196609,197403,7,1,3,工作日,早高峰(7-9点),2015-03-24,2015年3月24日,小雨 /阵雨,13℃ / 7℃,东北风 ≤3级 /东北风 ≤3级,小雨,阵雨,13,7,东北风,≤3级,东北风,≤3级,day
2015-03-24 08:50:00,北京西路,8、依法应负全责的其他情形,负全部责任,不负责任,1,贵JBT562,白,0,贵AV4429,白,-1,自培,-1,2008/3/5 0:00,起亚牌,奥迪牌,366247000000000000 ,574191000000000000 ,199210,198910,8,1,3,工作日,早高峰(7-9点),2015-03-24,2015年3月24日,小雨 /阵雨,13℃ / 7℃,东北风 ≤3级 /东北风 ≤3级,小雨,阵雨,13,7,东北风,≤3级,东北风,≤3级,day
2015-03-24 08:30:00,观山东路,1、追尾的,负全部责任,不负责任,1,贵A0364F,白色,1,贵A32582,白色,新天驾校,自培,2011/10/30 0:00,2001/4/26 0:00,长安牌,解放,355468000000000000 ,364548000000000000 ,198801,196508,8,1,3,工作日,早高峰(7-9点),2015-03-24,2015年3月24日,小雨 /阵雨,13℃ / 7℃,东北风 ≤3级 /东北风 ≤3级,小雨,阵雨,13,7,东北风,≤3级,东北风,≤3级,day
2015-03-24 08:40:00,小关,1、追尾的,负全部责任,不负责任,1,贵A58W91,白,1,贵AEV077,红,消防驾校,自培,2010/4/28 0:00,2006/9/7 0:00,东风日产牌,马自达牌,364557000000000000 ,364558000000000000 ,196609,198408,8,1,3,工作日,早高峰(7-9点),2015-03-24,2015年3月24日,小雨 /阵雨,13℃ / 7℃,东北风 ≤3级 /东北风 ≤3级,小雨,阵雨,13,7,东北风,≤3级,东北风,≤3级,day
2015-03-24 10:30:00,北京路,1、追尾的,负全部责任,不负责任,1,贵A52M59,红,0,贵A7EA67,黑,-1,自培,-1,2005/12/2 0:00,朗风牌,思威牌,36455700000000000 ,57463500000000000 ,196707,196909,10,1,3,工作日,非高峰,2015-03-24,2015年3月24日,小雨 /阵雨,13℃ / 7℃,东北风 ≤3级 /东北风 ≤3级,小雨,阵雨,13,7,东北风,≤3级,东北风,≤3级,day
2015-03-24 10:00:00,贵惠大道,1、追尾的,负全部责任,不负责任,1,贵JJ6229,白色,1,贵A17C35,黄色,-1,自培,-1,2006/6/16 0:00,福田牌,东风雪铁龙牌,366869000000000000 ,364647000000000000 ,199009,198302,10,1,3,工作日,非高峰,2015-03-24,2015年3月24日,小雨 /阵雨,13℃ / 7℃,东北风 ≤3级 /东北风 ≤3级,小雨,阵雨,13,7,东北风,≤3级,东北风,≤3级,day
2015-03-24 10:20:00,延安西路,7、未按规定让行的 ,负全部责任,不负责任,1,贵AKF651,白,1,贵AQ3888,白,自培,自培,2010/3/29 0:00,2002/12/27 0:00,吉利美日牌,宝马牌,356746000000000000 ,355468000000000000 ,197202,198202,10,1,3,工作日,非高峰,2015-03-24,2015年3月24日,小雨 /阵雨,13℃ / 7℃,东北风 ≤3级 /东北风 ≤3级,小雨,阵雨,13,7,东北风,≤3级,东北风,≤3级,day
2015-03-24 10:30:00,机场路,8、依法应负全责的其他情形,负全部责任,不负责任,1,贵AVC212,银,1,贵AU1512,绿,自培,自培,2014/1/17 0:00,2001/7/2 0:00,起亚牌,宗申牌,366067000000000000 ,366061000000000000 ,198310,196911,10,1,3,工作日,非高峰,2015-03-24,2015年3月24日,小雨 /阵雨,13℃ / 7℃,东北风 ≤3级 /东北风 ≤3级,小雨,阵雨,13,7,东北风,≤3级,东北风,≤3级,day
2015-03-24 09:00:00,中曹司大桥,7、未按规定让行的 ,负全部责任,不负责任,1,云DCG644,白色,1,贵A35M82,白色,自培,自培,2011/12/19 0:00,2003/10/10 0:00,大众汽车牌,蒙迪欧牌,734597000000000000 ,54869500000000000 ,199010,196903,9,1,3,工作日,早高峰(7-9点),2015-03-24,2015年3月24日,小雨 /阵雨,13℃ / 7℃,东北风 ≤3级 /东北风 ≤3级,小雨,阵雨,13,7,东北风,≤3级,东北风,≤3级,day
2015-03-24 11:50:00,沙坡,1、追尾的,负全部责任,不负责任,1,贵FQ7558,黑,1,贵FQ1502,银,-1,毕节地区驾校,-1,-1,富迪牌,中华牌,356166000000000000 ,366046000000000000 ,197410,197909,11,1,3,工作日,非高峰,2015-03-24,2015年3月24日,小雨 /阵雨,13℃ / 7℃,东北风 ≤3级 /东北风 ≤3级,小雨,阵雨,13,7,东北风,≤3级,东北风,≤3级,day
2015-03-24 13:18:00,金工立交,8、依法应负全责的其他情形,负全部责任,不负责任,1,贵A384G6,蓝,1,贵A2CC40,白,自培,贵州现代驾驶培训责任有限公司,2011/12/21 0:00,2014/3/28 0:00,川路牌,大众汽车牌,364557000000000000 ,364648000000000000 ,199308,198403,13,1,3,工作日,非高峰,2015-03-24,2015年3月24日,小雨 /阵雨,13℃ / 7℃,东北风 ≤3级 /东北风 ≤3级,小雨,阵雨,13,7,东北风,≤3级,东北风,≤3级,day
2015-03-24 11:36:00,大十字,7、未按规定让行的 ,负全部责任,不负责任,1,贵A0EA34,黄,1,贵AAC132,银,自培,六盘水市键麟驾驶培训学校,2006/6/8 0:00,-1,大众汽车牌,捷达牌,366361000000000000 ,366566000000000000 ,198208,197305,11,1,3,工作日,非高峰,2015-03-24,2015年3月24日,小雨 /阵雨,13℃ / 7℃,东北风 ≤3级 /东北风 ≤3级,小雨,阵雨,13,7,东北风,≤3级,东北风,≤3级,day
2015-03-24 10:15:00,新添大道,8、依法应负全责的其他情形,负全部责任,不负责任,0,贵ACA064,绿,1,贵A88144,红,（云岩区）省交通职业技术驾驶培训学校,-1,2009/4/16 0:00,-1,夏利,豪泺牌,366067000000000000 ,366876000000000000 ,198610,198402,10,1,3,工作日,非高峰,2015-03-24,2015年3月24日,小雨 /阵雨,13℃ / 7℃,东北风 ≤3级 /东北风 ≤3级,小雨,阵雨,13,7,东北风,≤3级,东北风,≤3级,day
2015-03-24 14:17:00,花果园,8、依法应负全责的其他情形,负全部责任,不负责任,1,贵AW5232,黑,0,粤DHC249,银,鑫鑫驾校,顺一驾校（经开区）,2001/11/19 0:00,2008/3/5 0:00,力帆牌,锋范牌,364547000000000000 ,4396520000000000 ,198207,198004,14,1,3,工作日,非高峰,2015-03-24,2015年3月24日,小雨 /阵雨,13℃ / 7℃,东北风 ≤3级 /东北风 ≤3级,小雨,阵雨,13,7,东北风,≤3级,东北风,≤3级,day
2015-03-24 14:03:00,瑞金北路,7、未按规定让行的 ,负全部责任,不负责任,1,贵A29E33,黑,1,贵A97P94,黄,新天驾校,（南明区）长运驾驶培训有限公司,2013/8/30 0:00,2014/3/25 0:00,马自达牌,大众汽车牌,364557000000000000 ,364548000000000000 ,197306,199010,14,1,3,工作日,非高峰,2015-03-24,2015年3月24日,小雨 /阵雨,13℃ / 7℃,东北风 ≤3级 /东北风 ≤3级,小雨,阵雨,13,7,东北风,≤3级,东北风,≤3级,day