accidenttime,accidentaddr,driver1fault,driver1responsibility,driver2responsibility,sex1,platenumber1,carcolor1,sex2,platenumber2,carcolor2,jxmc1,jxmc2,cclzrq1,cclzrq2,clpp1,clpp2,driver1license,driver2license,brith1,brith2,hour,weekday,month,is_weekday,peak_hour,date,日期,天气状况,气温,风力风向,day_wea,night_wea,day_tep,night_tep,day_wind_direction,day_wind_speed,night_wind_direction,night_wind_speed,segment
2015-03-24 18:09:00,顺海,8、依法应负全责的其他情形,负全部责任,不负责任,1,贵A56K96,蓝,0,贵A9BJ27,黄,-1,-1,-1,-1,起亚牌,北京现代牌,364545000000 ,36454081216 ,370444,79692,18,1,3,工作日,晚高峰(17-19点),2015-03-24,2015年3月24日,小雨 /阵雨,13℃ / 7℃,东北风 ≤3级 /东北风 ≤3级,小雨,阵雨,13,7,东北风,≤3级,东北风,≤3级,day
2015-03-24 13:50:00,开发大道,8、依法应负全责的其他情形,负全部责任,不负责任,1,贵JL6243,白色,1,贵A261H6,白色,-1,黔丰驾校,-1,2014/10/22 0:00,长安牌,江淮牌,776362000000000000 ,366263000000000000 ,196304,199008,13,1,3,工作日,非高峰,2015-03-24,2015年3月24日,小雨 /阵雨,13℃ / 7℃,东北风 ≤3级 /东北风 ≤3级,小雨,阵雨,13,7,东北风,≤3级,东北风,≤3级,day
2015-03-24 13:15:00,百花湖,8、依法应负全责的其他情形,负全部责任,不负责任,1,贵GK9641,银,1,贵A32S55,黄,-1,阳光驾校,-1,2013/10/22 0:00,五菱牌,宝马牌,366347000000000000 ,364596000000000000 ,197906,199311,13,1,3,工作日,非高峰,2015-03-24,2015年3月24日,小雨 /阵雨,13℃ / 7℃,东北风 ≤3级 /东北风 ≤3级,小雨,阵雨,13,7,东北风,≤3级,东北风,≤3级,day
2015-03-24 16:30:00,中山西路,8、依法应负全责的其他情形,负全部责任,不负责任,0,贵A29G42,白,0,浙A4412F,黑,-1,-1,-1,-1,别克牌,五菱牌,36547500000000000 ,55360500000000000 ,199004,198407,16,1,3,工作日,非高峰,2015-03-24,2015年3月24日,小雨 /阵雨,13℃ / 7℃,东北风 ≤3级 /东北风 ≤3级,小雨,阵雨,13,7,东北风,≤3级,东北风,≤3级,day
2015-03-24 17:30:00,世纪城,1、追尾的,负全部责任,不负责任,1,贵ADU407,银,1,贵AB152A,白,-1,高新驾校,-1,2014/1/11 0:00,五菱牌,哈弗牌,74365500000000000 ,364547000000000000 ,199203,198605,17,1,3,工作日,晚高峰(17-19点),2015-03-24,2015年3月24日,小雨 /阵雨,13℃ / 7℃,东北风 ≤3级 /东北风 ≤3级,小雨,阵雨,13,7,东北风,≤3级,东北风,≤3级,day
2015-03-24 17:30:00,花香村,8、依法应负全责的其他情形,负全部责任,不负责任,1,贵AC525F,银,1,贵A66S54,银,-1,全林驾校,-1,2013/3/14 0:00,五菱牌,吉利牌,70496951914265205X,364567000000000000 ,198906,198710,17,1,3,工作日,晚高峰(17-19点),2015-03-24,2015年3月24日,小雨 /阵雨,13℃ / 7℃,东北风 ≤3级 /东北风 ≤3级,小雨,阵雨,13,7,东北风,≤3级,东北风,≤3级,day
2015-03-24 15:00:00,花果园,7、未按规定让行的 ,负全部责任,不负责任,1,贵ACF670,白色,1,贵A37L99,白色,自培,自培,1990/7/9 0:00,2003/12/16 0:00,丰田牌,福克斯牌,364548000000000000 ,364548000000000000 ,196104,196912,15,1,3,工作日,非高峰,2015-03-24,2015年3月24日,小雨 /阵雨,13℃ / 7℃,东北风 ≤3级 /东北风 ≤3级,小雨,阵雨,13,7,东北风,≤3级,东北风,≤3级,day
2015-03-24 17:40:00,大南门,7、未按规定让行的 ,负全部责任,不负责任,1,贵AK5991,白色,1,贵AU7092,白色,-1,公交公司驾校,-1,2007/8/28 0:00,建设-雅马哈牌,宗申牌,4966510000000000 ,364548000000000000 ,196909,197907,17,1,3,工作日,晚高峰(17-19点),2015-03-24,2015年3月24日,小雨 /阵雨,13℃ / 7℃,东北风 ≤3级 /东北风 ≤3级,小雨,阵雨,13,7,东北风,≤3级,东北风,≤3级,day
2015-03-24 12:30:00,长江路,4、停车时未挂低速档、未拉驻车制动，导致车辆滑行的,负全部责任,不负责任,1,贵A663H7,白色,1,贵CMA726,黑色,毕节地区威宁汽车驾驶培训学校,-1,2012/8/13 0:00,-1,炎龙牌,起亚牌,366067000000000000 ,36657500000000000 ,197907,198009,12,1,3,工作日,非高峰,2015-03-24,2015年3月24日,小雨 /阵雨,13℃ / 7℃,东北风 ≤3级 /东北风 ≤3级,小雨,阵雨,13,7,东北风,≤3级,东北风,≤3级,day
2015-03-24 13:00:00,西南商贸城,1、追尾的,负全部责任,不负责任,1,贵A887C2,白,1,苏AD539D,黑,自培,-1,2010/10/15 0:00,-1,王牌牌,荣威牌,355247000000000000 ,366569000000000000 ,199001,198604,13,1,3,工作日,非高峰,2015-03-24,2015年3月24日,小雨 /阵雨,13℃ / 7℃,东北风 ≤3级 /东北风 ≤3级,小雨,阵雨,13,7,东北风,≤3级,东北风,≤3级,day
2015-03-24 13:00:00,都云路,8、依法应负全责的其他情形,负全部责任,不负责任,1,渝BTR844,黑,1,贵A820B7,银,自培,-1,2003/4/29 0:00,-1,大切诺基 ,福田牌,36606051944152428X,366069000000000000 ,198009,198811,13,1,3,工作日,非高峰,2015-03-24,2015年3月24日,小雨 /阵雨,13℃ / 7℃,东北风 ≤3级 /东北风 ≤3级,小雨,阵雨,13,7,东北风,≤3级,东北风,≤3级,day
2015-03-24 15:25:00,青云路,7、未按规定让行的 ,负全部责任,不负责任,1,贵AMZ073,红,1,贵AU4329,黄,诚信驾驶培训学校,十一培,2010/11/19 0:00,1999/5/18 0:00,昌河牌,捷达牌,36455751934145725X,364548000000000000 ,198509,196308,15,1,3,工作日,非高峰,2015-03-24,2015年3月24日,小雨 /阵雨,13℃ / 7℃,东北风 ≤3级 /东北风 ≤3级,小雨,阵雨,13,7,东北风,≤3级,东北风,≤3级,day
2015-03-24 14:55:00,市府路,8、依法应负全责的其他情形,负全部责任,不负责任,1,贵A88P35,白,1,贵AC2171,黑,铁二局驾校,十一培,2014/1/3 0:00,1988/5/11 0:00,北斗星牌,银钢牌,366064000000000000 ,364547000000000000 ,199504,195610,14,1,3,工作日,非高峰,2015-03-24,2015年3月24日,小雨 /阵雨,13℃ / 7℃,东北风 ≤3级 /东北风 ≤3级,小雨,阵雨,13,7,东北风,≤3级,东北风,≤3级,day
2015-03-24 12:45:00,兴筑西路,7、未按规定让行的 ,负全部责任,不负责任,1,贵A79873,红,0,贵A12G45,银,自培,自培,1995/11/28 0:00,2002/2/27 0:00,金龙牌,丰田牌,36636651844843795X,366364000000000000 ,197007,197009,12,1,3,工作日,非高峰,2015-03-24,2015年3月24日,小雨 /阵雨,13℃ / 7℃,东北风 ≤3级 /东北风 ≤3级,小雨,阵雨,13,7,东北风,≤3级,东北风,≤3级,day
2015-03-24 09:20:00,延安西路,7、未按规定让行的 ,负全部责任,不负责任,1,贵AFT689,银,0,贵GR2985,银,（乌当区）新华驾驶培训有限公司,自培,2007/11/1 0:00,2006/10/23 0:00,起亚,丰田牌,356168000000000000 ,36455651955449695X,197201,198110,9,1,3,工作日,早高峰(7-9点),2015-03-24,2015年3月24日,小雨 /阵雨,13℃ / 7℃,东北风 ≤3级 /东北风 ≤3级,小雨,阵雨,13,7,东北风,≤3级,东北风,≤3级,day
2015-03-24 20:30:00,花溪,1、追尾的,负全部责任,不负责任,1,贵AUA099,白色,1,贵A4150L,白色,-1,鑫鑫驾校,-1,2014/4/3 0:00,奇瑞牌,吉利牌,36455600000000000 ,364556000000000000 ,198206,199302,20,1,3,工作日,非高峰,2015-03-24,2015年3月24日,小雨 /阵雨,13℃ / 7℃,东北风 ≤3级 /东北风 ≤3级,小雨,阵雨,13,7,东北风,≤3级,东北风,≤3级,night
2015-03-25 00:00:00,贵惠大道,7、未按规定让行的 ,负全部责任,不负责任,1,贵A21337,白色,1,贵A67F73,白色,-1,鑫鑫驾校,-1,2011/10/11 0:00,铁马牌,大众牌,366875000000000000 ,366564000000000000 ,197512,198208,0,2,3,工作日,非高峰,2015-03-25,2015年3月25日,阴 /阵雨,14℃ / 9℃,东北风 ≤3级 /东北风 ≤3级,阴,阵雨,14,9,东北风,≤3级,东北风,≤3级,night
2015-03-24 15:30:00,世纪城,7、未按规定让行的 ,负全部责任,不负责任,1,贵A98434,黄,1,贵GL1827,红,织金县织通驾驶培训学校,-1,2011/4/20 0:00,-1,五征牌,雪佛兰牌,366064000000000000 ,366346000000000000 ,198609,197304,15,1,3,工作日,非高峰,2015-03-24,2015年3月24日,小雨 /阵雨,13℃ / 7℃,东北风 ≤3级 /东北风 ≤3级,小雨,阵雨,13,7,东北风,≤3级,东北风,≤3级,day
2015-03-24 22:30:00,航天大道,7、未按规定让行的 ,负全部责任,不负责任,0,贵A5AF29,黑,1,闽JS7762,黑,阳光驾校,全林驾校,2014/9/2 0:00,-1,杰德牌,北京现代牌,364557000000000000 ,736662000000000000 ,198110,197311,22,1,3,工作日,非高峰,2015-03-24,2015年3月24日,小雨 /阵雨,13℃ / 7℃,东北风 ≤3级 /东北风 ≤3级,小雨,阵雨,13,7,东北风,≤3级,东北风,≤3级,night
2015-03-24 17:08:00,机场路,1、追尾的,负全部责任,不负责任,1,贵AR9514,黑色,1,贵JCB811,白色,520112,-1,2007/10/10 0:00,-1,长安牌,五菱牌,366347000000000000 ,764247000000000000 ,197404,197001,17,1,3,工作日,晚高峰(17-19点),2015-03-24,2015年3月24日,小雨 /阵雨,13℃ / 7℃,东北风 ≤3级 /东北风 ≤3级,小雨,阵雨,13,7,东北风,≤3级,东北风,≤3级,day
2015-03-24 15:52:00,小河清水江路,1、追尾的,负全部责任,不负责任,1,云DKY777,白色,1,贵CDE487,白色,-1,凤冈阳光驾驶员培训有限责任公司,-1,2007/2/28 0:00,宝马牌,东风牌,364568000000000000 ,364548000000000000 ,198532,198412,15,1,3,工作日,非高峰,2015-03-24,2015年3月24日,小雨 /阵雨,13℃ / 7℃,东北风 ≤3级 /东北风 ≤3级,小雨,阵雨,13,7,东北风,≤3级,东北风,≤3级,day
2015-03-24 23:00:00,花香村,1、追尾的,负全部责任,不负责任,1,贵A82J82,白色,1,贵A8BF73,白色,青正驾校,鑫鑫驾校（花溪区）,2012/1/10 0:00,2015/3/13 0:00,马自达牌,别克牌,364557000000000000 ,366546000000000000 ,198910,199102,23,1,3,工作日,非高峰,2015-03-24,2015年3月24日,小雨 /阵雨,13℃ / 7℃,东北风 ≤3级 /东北风 ≤3级,小雨,阵雨,13,7,东北风,≤3级,东北风,≤3级,night
2015-03-24 15:20:00,白京城,8、依法应负全责的其他情形,负全部责任,不负责任,1,贵A87036,蓝,1,贵A98461,黄,自培,预约考试窗口,2002/3/19 0:00,2007/4/24 0:00,华威驰乐牌,陕汽牌,36454751395449565X,366367000000000000 ,195810,197308,15,1,3,工作日,非高峰,2015-03-24,2015年3月24日,小雨 /阵雨,13℃ / 7℃,东北风 ≤3级 /东北风 ≤3级,小雨,阵雨,13,7,东北风,≤3级,东北风,≤3级,day
2015-03-24 15:25:00,花溪大道,9、不符合前8款规定或者双方同时具有上述情形的,负同等责任,负同等责任,1,粤SP8808,白色,1,贵A41N78,黑色,自培,十一培,2014/1/8 0:00,1997/9/16 0:00,庆铃牌,梅赛德斯-奔驰牌,366046000000000000 ,354166000000000000 ,199010,196909,15,1,3,工作日,非高峰,2015-03-24,2015年3月24日,小雨 /阵雨,13℃ / 7℃,东北风 ≤3级 /东北风 ≤3级,小雨,阵雨,13,7,东北风,≤3级,东北风,≤3级,day
2015-03-24 15:35:00,艺校立交,1、追尾的,负全部责任,不负责任,1,贵A717E9,白色,1,贵A3EB56,白色,自培,自培,2013/5/30 0:00,2002/5/10 0:00,东风牌,金杯牌,364551000000000000 ,355468000000000000 ,198108,197211,15,1,3,工作日,非高峰,2015-03-24,2015年3月24日,小雨 /阵雨,13℃ / 7℃,东北风 ≤3级 /东北风 ≤3级,小雨,阵雨,13,7,东北风,≤3级,东北风,≤3级,day
2015-03-24 17:20:00,金竹镇,7、未按规定让行的 ,负全部责任,不负责任,1,贵A2532A,白色,1,贵ASN711,白色,自培,自培,2000/10/26 0:00,2004/7/30 0:00,五菱牌,歌诗图牌,364547000000000000 ,74360500000000000 ,198207,197206,17,1,3,工作日,晚高峰(17-19点),2015-03-24,2015年3月24日,小雨 /阵雨,13℃ / 7℃,东北风 ≤3级 /东北风 ≤3级,小雨,阵雨,13,7,东北风,≤3级,东北风,≤3级,day
2015-03-24 19:00:00,贵惠路口,8、依法应负全责的其他情形,负全部责任,不负责任,1,贵A31Z92,白色,1,贵A8339B,白色,自培,自培,2004/4/10 0:00,2002/7/11 0:00,雷克萨斯,思威牌,364548000000000000 ,364646000000000000 ,197812,197412,19,1,3,工作日,晚高峰(17-19点),2015-03-24,2015年3月24日,小雨 /阵雨,13℃ / 7℃,东北风 ≤3级 /东北风 ≤3级,小雨,阵雨,13,7,东北风,≤3级,东北风,≤3级,day
2015-03-24 20:00:00,北京路,1、追尾的,负全部责任,不负责任,1,贵ANA284,红,1,贵AG7289,银,自培,自培,2000/4/17 0:00,2005/1/24 0:00,长安牌,宗申牌,364548000000000000 ,364548000000000000 ,196709,196504,20,1,3,工作日,非高峰,2015-03-24,2015年3月24日,小雨 /阵雨,13℃ / 7℃,东北风 ≤3级 /东北风 ≤3级,小雨,阵雨,13,7,东北风,≤3级,东北风,≤3级,night
2015-03-24 15:25:00,北京西路,1、追尾的,负全部责任,不负责任,1,贵A2BK19,红,1,贵AUA533,白,自培,自培,2004/10/27 0:00,2002/10/10 0:00,福特牌,吉利美日牌,354669000000000000 ,364558000000000000 ,197406,198408,15,1,3,工作日,非高峰,2015-03-24,2015年3月24日,小雨 /阵雨,13℃ / 7℃,东北风 ≤3级 /东北风 ≤3级,小雨,阵雨,13,7,东北风,≤3级,东北风,≤3级,day
2015-03-25 05:30:00,育才路,3、倒车的,负全部责任,不负责任,1,贵A26326,白,1,贵A6258J,黑,-1,景宏驾校,-1,2012/7/20 0:00,凯马,英伦牌,366067000000000000 ,366067000000000000 ,199301,197310,5,2,3,工作日,非高峰,2015-03-25,2015年3月25日,阴 /阵雨,14℃ / 9℃,东北风 ≤3级 /东北风 ≤3级,阴,阵雨,14,9,东北风,≤3级,东北风,≤3级,night
2015-03-25 06:46:00,乌当,8、依法应负全责的其他情形,负全部责任,不负责任,1,贵A386D4,白,1,贵FG2611,银,-1,自培,-1,2002/6/11 0:00,解放牌,东风标致牌,366566000000000000 ,364558000000000000 ,198108,198001,6,2,3,工作日,非高峰,2015-03-25,2015年3月25日,阴 /阵雨,14℃ / 9℃,东北风 ≤3级 /东北风 ≤3级,阴,阵雨,14,9,东北风,≤3级,东北风,≤3级,day
2015-03-24 20:30:00,淮河路,5、开关车门的,负全部责任,不负责任,1,贵A3G542,白色,1,贵A9101U,白色,-1,十一驾驶培训有限公司,-1,2012/6/29 0:00,长安牌,长安牌,36454800000000000 ,366770000000000000 ,195410,198912,20,1,3,工作日,非高峰,2015-03-24,2015年3月24日,小雨 /阵雨,13℃ / 7℃,东北风 ≤3级 /东北风 ≤3级,小雨,阵雨,13,7,东北风,≤3级,东北风,≤3级,night
2015-03-25 08:50:00,甲秀南路,1、追尾的,负全部责任,不负责任,1,贵A0CC91,白色,1,贵ANA234,白色,-1,-1,-1,-1,明锐牌,思威牌,364544000000 ,705644000000 ,663232,5248,8,2,3,工作日,早高峰(7-9点),2015-03-25,2015年3月25日,阴 /阵雨,14℃ / 9℃,东北风 ≤3级 /东北风 ≤3级,阴,阵雨,14,9,东北风,≤3级,东北风,≤3级,day
2015-03-25 08:30:00,小关,1、追尾的,负全部责任,不负责任,1,贵ACB883,黑,0,贵AV3141,黑,（乌当区）全林驾驶培训有限公司,自培,2011/6/9 0:00,2000/8/14 0:00,丰田牌,钱江牌,364596000000000000 ,36454751954769046X,198812,198103,8,2,3,工作日,早高峰(7-9点),2015-03-25,2015年3月25日,阴 /阵雨,14℃ / 9℃,东北风 ≤3级 /东北风 ≤3级,阴,阵雨,14,9,东北风,≤3级,东北风,≤3级,day
2015-03-25 06:30:00,百花大道,7、未按规定让行的 ,负全部责任,不负责任,1,贵A0363T,银,1,贵ARU917,银,-1,长运驾校,-1,2004/8/23 0:00,长安牌,奥迪牌,416752000000000 ,355667000000000000 ,198911,197905,6,2,3,工作日,非高峰,2015-03-25,2015年3月25日,阴 /阵雨,14℃ / 9℃,东北风 ≤3级 /东北风 ≤3级,阴,阵雨,14,9,东北风,≤3级,东北风,≤3级,day
2015-03-24 21:30:00,涴沙桥,7、未按规定让行的 ,负全部责任,不负责任,0,云A943VS,白,1,贵GR4158,蓝,-1,贵州省长安驾驶培训学校,-1,2014/8/15 0:00,大众牌,福特牌,374558000000000000 ,364548000000000000 ,199110,198810,21,1,3,工作日,非高峰,2015-03-24,2015年3月24日,小雨 /阵雨,13℃ / 7℃,东北风 ≤3级 /东北风 ≤3级,小雨,阵雨,13,7,东北风,≤3级,东北风,≤3级,night
2015-03-25 09:50:00,乌当,1、追尾的,负全部责任,不负责任,1,贵A3282Y,蓝,1,贵A87M71,蓝,-1,自培,-1,1990/7/25 0:00,五菱牌,长城牌,366070000000000 ,364548000000000000 ,740919,195909,9,2,3,工作日,早高峰(7-9点),2015-03-25,2015年3月25日,阴 /阵雨,14℃ / 9℃,东北风 ≤3级 /东北风 ≤3级,阴,阵雨,14,9,东北风,≤3级,东北风,≤3级,day
2015-03-25 10:00:00,世纪城,1、追尾的,负全部责任,不负责任,1,贵A4144U,银,1,贵A0BX63,银,-1,520108,-1,2008/10/31 0:00,捷达牌,五菱牌,366769000000000000 ,356668000000000000 ,197709,197012,10,2,3,工作日,非高峰,2015-03-25,2015年3月25日,阴 /阵雨,14℃ / 9℃,东北风 ≤3级 /东北风 ≤3级,阴,阵雨,14,9,东北风,≤3级,东北风,≤3级,day
2015-03-25 09:00:00,贵惠大道,7、未按规定让行的 ,负全部责任,不负责任,1,贵AEJ763,白色,1,贵GP7708,白色,-1,520111,-1,2009/12/18 0:00,骊威牌,五菱牌,354766000000000000 ,56766500000000000 ,197801,198410,9,2,3,工作日,早高峰(7-9点),2015-03-25,2015年3月25日,阴 /阵雨,14℃ / 9℃,东北风 ≤3级 /东北风 ≤3级,阴,阵雨,14,9,东北风,≤3级,东北风,≤3级,day
2015-03-25 09:00:00,都司路,2、逆行的,负全部责任,不负责任,1,贵A0H003,黑色,1,贵A81955,白色,-1,全林驾校,-1,2014/6/26 0:00,别克牌,大众牌,36666900000000000 ,364547000000000000 ,198506,198302,9,2,3,工作日,早高峰(7-9点),2015-03-25,2015年3月25日,阴 /阵雨,14℃ / 9℃,东北风 ≤3级 /东北风 ≤3级,阴,阵雨,14,9,东北风,≤3级,东北风,≤3级,day
2015-03-25 09:30:00,头桥,8、依法应负全责的其他情形,负全部责任,不负责任,1,贵A63B66,银,1,贵AU6597,蓝,自培,无,2000/6/23 0:00,1993/11/24 0:00,荣威牌,恒通客车牌,366364000000000000 ,36455751874652445X,196609,197302,9,2,3,工作日,早高峰(7-9点),2015-03-25,2015年3月25日,阴 /阵雨,14℃ / 9℃,东北风 ≤3级 /东北风 ≤3级,阴,阵雨,14,9,东北风,≤3级,东北风,≤3级,day
2015-03-25 07:50:00,苗圃隧道,1、追尾的,负全部责任,不负责任,1,渝C3C452,银,1,贵CZ8758,银,自培,-1,2012/7/23 0:00,-1,长安牌,丰田牌,344678000000000000 ,366346000000000000 ,198506,198905,7,2,3,工作日,早高峰(7-9点),2015-03-25,2015年3月25日,阴 /阵雨,14℃ / 9℃,东北风 ≤3级 /东北风 ≤3级,阴,阵雨,14,9,东北风,≤3级,东北风,≤3级,day
2015-03-25 08:05:00,宝山路,1、追尾的,负全部责任,不负责任,1,贵AW9623,绿,1,贵A15Z95,银,自培,十一培,1999/6/11 0:00,1993/10/17 0:00,钱江牌,福克斯牌,364547000000000000 ,364547000000000000 ,196203,197308,8,2,3,工作日,早高峰(7-9点),2015-03-25,2015年3月25日,阴 /阵雨,14℃ / 9℃,东北风 ≤3级 /东北风 ≤3级,阴,阵雨,14,9,东北风,≤3级,东北风,≤3级,day
2015-03-25 08:50:00,观山东路,7、未按规定让行的 ,负全部责任,不负责任,1,贵A2BW20,黄,1,贵AFH096,红,自培,十一培,2002/11/21 0:00,1991/12/7 0:00,大众牌,江铃全顺牌,366070000000000000 ,364548000000000000 ,198203,197111,8,2,3,工作日,早高峰(7-9点),2015-03-25,2015年3月25日,阴 /阵雨,14℃ / 9℃,东北风 ≤3级 /东北风 ≤3级,阴,阵雨,14,9,东北风,≤3级,东北风,≤3级,day
2015-03-25 08:30:00,八匹马,7、未按规定让行的 ,负全部责任,不负责任,0,贵A6BB45,白,1,贵A05488,绿,自培,十一培,2007/4/24 0:00,1996/10/27 0:00,雪佛兰牌,川路,364556000000000000 ,366364000000000000 ,197412,197109,8,2,3,工作日,早高峰(7-9点),2015-03-25,2015年3月25日,阴 /阵雨,14℃ / 9℃,东北风 ≤3级 /东北风 ≤3级,阴,阵雨,14,9,东北风,≤3级,东北风,≤3级,day
2015-03-24 23:00:00,花香村桥下,1、追尾的,负全部责任,不负责任,1,贵A82J82,黑色,1,贵A29X92,白色,青正驾校,自培,2012/1/10 0:00,2006/6/28 0:00,马自达牌,马自达牌,364557000000000000 ,366568000000000000 ,198910,197906,23,1,3,工作日,非高峰,2015-03-24,2015年3月24日,小雨 /阵雨,13℃ / 7℃,东北风 ≤3级 /东北风 ≤3级,小雨,阵雨,13,7,东北风,≤3级,东北风,≤3级,night
2015-03-24 20:24:00,山水黔城,3、倒车的,负全部责任,不负责任,1,贵CH987,白色,1,贵A2989L,白色,十一驾驶培训有限公司,自培,2013/11/27 0:00,2012/12/20 0:00,-1,别克牌,254096000000000000 ,254766000000000000 ,198311,198905,20,1,3,工作日,非高峰,2015-03-24,2015年3月24日,小雨 /阵雨,13℃ / 7℃,东北风 ≤3级 /东北风 ≤3级,小雨,阵雨,13,7,东北风,≤3级,东北风,≤3级,night
2015-03-25 09:17:00,嘉华酒店,8、依法应负全责的其他情形,负全部责任,不负责任,1,贵AU2937,蓝,1,贵AW8733,黑,（南明区）长运驾驶培训有限公司,自培,2007/10/30 0:00,2007/7/2 0:00,瑞麒牌,钱江牌,366368000000000000 ,366669000000000000 ,198105,198109,9,2,3,工作日,早高峰(7-9点),2015-03-25,2015年3月25日,阴 /阵雨,14℃ / 9℃,东北风 ≤3级 /东北风 ≤3级,阴,阵雨,14,9,东北风,≤3级,东北风,≤3级,day
2015-03-25 08:00:00,西南环线,7、未按规定让行的 ,负全部责任,不负责任,1,豫P25017,黑色,1,贵AFU928,灰色,自培,自培,2011/4/27 0:00,2001/7/23 0:00,无,吉利美日牌,56846500000000000 ,364551000000000000 ,199105,197311,8,2,3,工作日,早高峰(7-9点),2015-03-25,2015年3月25日,阴 /阵雨,14℃ / 9℃,东北风 ≤3级 /东北风 ≤3级,阴,阵雨,14,9,东北风,≤3级,东北风,≤3级,day
2015-03-25 10:20:00,恒大城,7、未按规定让行的 ,负全部责任,不负责任,1,贵A523G3,黄,0,贵CZ60171,黑,-1,仁怀驾校,-1,2008/4/21 0:00,长城牌,-1,35526551924374218X,366562000000000000 ,198605,197710,10,2,3,工作日,非高峰,2015-03-25,2015年3月25日,阴 /阵雨,14℃ / 9℃,东北风 ≤3级 /东北风 ≤3级,阴,阵雨,14,9,东北风,≤3级,东北风,≤3级,day
2015-03-25 09:35:00,二桥,3、倒车的,负全部责任,不负责任,1,黑,小型,1,贵HBD314,黑,自培,-1,2005/11/18 0:00,-1,\N,雅阁牌,366064000000000000 ,364547000000000 ,198203,730123,9,2,3,工作日,早高峰(7-9点),2015-03-25,2015年3月25日,阴 /阵雨,14℃ / 9℃,东北风 ≤3级 /东北风 ≤3级,阴,阵雨,14,9,东北风,≤3级,东北风,≤3级,day
2015-03-25 08:20:00,三桥,1、追尾的,负全部责任,不负责任,1,贵A0175A,红,1,贵A6AV29,红,（白云区）消防驾驶培训学校,贵工驾校,2007/4/19 0:00,2012/8/1 0:00,雪佛兰牌,别克牌,36656551934949425X,366270000000000000 ,198508,198208,8,2,3,工作日,早高峰(7-9点),2015-03-25,2015年3月25日,阴 /阵雨,14℃ / 9℃,东北风 ≤3级 /东北风 ≤3级,阴,阵雨,14,9,东北风,≤3级,东北风,≤3级,day
2015-03-25 08:40:00,解放西路,8、依法应负全责的其他情形,负全部责任,不负责任,0,贵A36Y86,红,1,贵FE0328,黑,贵阳金马驾驶培训有限公司,贵州省长安驾驶培训学校,2011/10/10 0:00,2011/12/29 0:00,马自达牌,朗逸牌,364547000000000000 ,366046000000000000 ,197310,198802,8,2,3,工作日,早高峰(7-9点),2015-03-25,2015年3月25日,阴 /阵雨,14℃ / 9℃,东北风 ≤3级 /东北风 ≤3级,阴,阵雨,14,9,东北风,≤3级,东北风,≤3级,day
2015-03-25 11:05:00,望城坡,7、未按规定让行的 ,负全部责任,不负责任,1,冀C72546,白色,1,贵A22K82,白色,自培,顺一驾驶培训学校,2006/8/3 0:00,2014/3/28 0:00,北京现代牌,比亚迪牌,354361000000000000 ,364566000000000000 ,198201,199205,11,2,3,工作日,非高峰,2015-03-25,2015年3月25日,阴 /阵雨,14℃ / 9℃,东北风 ≤3级 /东北风 ≤3级,阴,阵雨,14,9,东北风,≤3级,东北风,≤3级,day
2015-03-25 09:50:00,中曹司,7、未按规定让行的 ,负全部责任,不负责任,1,贵A29Z74,白色,1,贵AGV469,白色,鑫鑫驾校,-1,2013/8/16 0:00,-1,标致,雪佛兰牌,366347000000000000 ,366367000000000000 ,198504,198305,9,2,3,工作日,早高峰(7-9点),2015-03-25,2015年3月25日,阴 /阵雨,14℃ / 9℃,东北风 ≤3级 /东北风 ≤3级,阴,阵雨,14,9,东北风,≤3级,东北风,≤3级,day
2015-03-26 10:00:00,科技学院,3、倒车的,负全部责任,不负责任,1,贵APX777,蓝,1,贵A27P93,银,（花溪区）高新十七驾驶培训有限公司,-1,2006/1/5 0:00,-1,传祺牌,吉利牌,366867000000000000 ,364547000000000000 ,197806,195708,10,3,3,工作日,非高峰,2015-03-26,2015年3月26日,阴 /阵雨,17℃ / 12℃,南风 ≤3级 /南风 ≤3级,阴,阵雨,17,12,南风,≤3级,南风,≤3级,day
2015-03-25 10:10:00,西南环线,7、未按规定让行的 ,负全部责任,不负责任,1,贵A6941A,白色,1,贵FS7106,白色,-1,鑫鑫驾校,-1,2012/7/28 0:00,江淮牌,梅赛德斯-奔驰牌,743513000000000 ,376575000000000000 ,610720,197903,10,2,3,工作日,非高峰,2015-03-25,2015年3月25日,阴 /阵雨,14℃ / 9℃,东北风 ≤3级 /东北风 ≤3级,阴,阵雨,14,9,东北风,≤3级,东北风,≤3级,day
2015-03-25 11:12:00,白云区,1、追尾的,负全部责任,不负责任,1,贵DZ1911,黄,0,贵GT5647,黄,-1,吉源驾校,-1,2013/11/5 0:00,东风日产牌,东风日产牌,36666051924260445X,366347000000000000 ,198606,197809,11,2,3,工作日,非高峰,2015-03-25,2015年3月25日,阴 /阵雨,14℃ / 9℃,东北风 ≤3级 /东北风 ≤3级,阴,阵雨,14,9,东北风,≤3级,东北风,≤3级,day
2015-03-25 13:45:00,杨家山隧道,1、追尾的,负全部责任,不负责任,1,贵A39V36,白色,1,贵A3210F,白色,-1,顺一驾驶培训学校,-1,2010/3/22 0:00,中华牌,别克牌,366563000000000000 ,355468000000000000 ,199212,199001,13,2,3,工作日,非高峰,2015-03-25,2015年3月25日,阴 /阵雨,14℃ / 9℃,东北风 ≤3级 /东北风 ≤3级,阴,阵雨,14,9,东北风,≤3级,东北风,≤3级,day