accidenttime,accidentaddr,driver1fault,driver1responsibility,driver2responsibility,sex1,platenumber1,carcolor1,sex2,platenumber2,carcolor2,jxmc1,jxmc2,cclzrq1,cclzrq2,clpp1,clpp2,driver1license,driver2license,brith1,brith2,hour,weekday,month,is_weekday,peak_hour,date,日期,天气状况,气温,风力风向,day_wea,night_wea,day_tep,night_tep,day_wind_direction,day_wind_speed,night_wind_direction,night_wind_speed,segment
2015-03-25 14:26:00,枣山路,1、追尾的,负全部责任,不负责任,1,贵A71J76,银,1,贵ANE831,红,-1,新天驾校,-1,2010/10/8 0:00,金杯牌,哈飞牌,354563000000000000 ,364548000000000000 ,197209,197008,14,2,3,工作日,非高峰,2015-03-25,2015年3月25日,阴 /阵雨,14℃ / 9℃,东北风 ≤3级 /东北风 ≤3级,阴,阵雨,14,9,东北风,≤3级,东北风,≤3级,day
2015-03-25 15:00:00,金珠西路,7、未按规定让行的 ,负全部责任,不负责任,1,贵A289Z8,红,1,贵PX5428,银,-1,印江县铜江驾校,-1,-1,-1,-1,366868000000000000 ,366664000000000000 ,197303,197603,15,2,3,工作日,非高峰,2015-03-25,2015年3月25日,阴 /阵雨,14℃ / 9℃,东北风 ≤3级 /东北风 ≤3级,阴,阵雨,14,9,东北风,≤3级,东北风,≤3级,day
2015-03-25 11:25:00,景云山,7、未按规定让行的 ,负全部责任,不负责任,1,贵A22891,红,1,贵AYY990,白,-1,文通驾校,-1,2012/2/20 0:00,斯达-斯太尔牌,发现,366061000000000000 ,36606651985466068X,199302,198710,11,2,3,工作日,非高峰,2015-03-25,2015年3月25日,阴 /阵雨,14℃ / 9℃,东北风 ≤3级 /东北风 ≤3级,阴,阵雨,14,9,东北风,≤3级,东北风,≤3级,day
2015-03-25 12:00:00,花果园,8、依法应负全责的其他情形,负全部责任,不负责任,1,浙HH7555,白色,1,贵AU5898,白色,-1,铁二局驾校,-1,2005/6/22 0:00,思威牌,捷达牌,774968000000000000 ,364547000000000000 ,196808,197106,12,2,3,工作日,非高峰,2015-03-25,2015年3月25日,阴 /阵雨,14℃ / 9℃,东北风 ≤3级 /东北风 ≤3级,阴,阵雨,14,9,东北风,≤3级,东北风,≤3级,day
2015-03-25 12:30:00,中曹司,7、未按规定让行的 ,负全部责任,不负责任,1,闽C8D146,黑色,1,贵A83E13,白色,-1,自培,-1,2004/8/25 0:00,丰田(TOYOTA)牌,北京牌,734366000000000000 ,364547000000000000 ,198011,198305,12,2,3,工作日,非高峰,2015-03-25,2015年3月25日,阴 /阵雨,14℃ / 9℃,东北风 ≤3级 /东北风 ≤3级,阴,阵雨,14,9,东北风,≤3级,东北风,≤3级,day
2015-03-25 10:00:00,花果园,8、依法应负全责的其他情形,负全部责任,不负责任,1,鄂S69424,白,1,贵FZ5692,绿,-1,消防驾校,-1,2014/11/4 0:00,\N,翼虎牌,61445500000000000 ,364566000000000000 ,196502,198806,10,2,3,工作日,非高峰,2015-03-25,2015年3月25日,阴 /阵雨,14℃ / 9℃,东北风 ≤3级 /东北风 ≤3级,阴,阵雨,14,9,东北风,≤3级,东北风,≤3级,day
2015-03-25 08:20:00,油榨街,3、倒车的,负全部责任,不负责任,1,贵JCH698,白色,1,贵A27M29,白色,自培,-1,2011/1/28 0:00,-1,大众牌,大众汽车牌,774763000000000000 ,364548000000000000 ,198709,198910,8,2,3,工作日,早高峰(7-9点),2015-03-25,2015年3月25日,阴 /阵雨,14℃ / 9℃,东北风 ≤3级 /东北风 ≤3级,阴,阵雨,14,9,东北风,≤3级,东北风,≤3级,day
2015-03-25 12:10:00,金竹镇,7、未按规定让行的 ,负全部责任,不负责任,1,贵ALH206,白色,1,贵A2429F,白色,自培,顺一驾驶培训学校,2006/6/1 0:00,2011/9/2 0:00,时代牌,比亚迪牌,364556000000000000 ,36634651975448725X,197603,198310,12,2,3,工作日,非高峰,2015-03-25,2015年3月25日,阴 /阵雨,14℃ / 9℃,东北风 ≤3级 /东北风 ≤3级,阴,阵雨,14,9,东北风,≤3级,东北风,≤3级,day
2015-03-25 13:32:00,金珠路,1、追尾的,负全部责任,不负责任,1,皖KH3975,白,1,贵A3859U,黑,自培,-1,2001/8/8 0:00,-1,别克牌,吉利牌,705666000000000000 ,366063000000000000 ,198308,196406,13,2,3,工作日,非高峰,2015-03-25,2015年3月25日,阴 /阵雨,14℃ / 9℃,东北风 ≤3级 /东北风 ≤3级,阴,阵雨,14,9,东北风,≤3级,东北风,≤3级,day
2015-03-25 12:00:00,醒狮路,7、未按规定让行的 ,负全部责任,不负责任,1,贵A12W25,白色,1,贵A87931,白色,-1,十一培,-1,1995/2/7 0:00,烈昂,东风牌,364547000000000000 ,364548000000000000 ,198907,196205,12,2,3,工作日,非高峰,2015-03-25,2015年3月25日,阴 /阵雨,14℃ / 9℃,东北风 ≤3级 /东北风 ≤3级,阴,阵雨,14,9,东北风,≤3级,东北风,≤3级,day
2015-03-25 11:00:00,五里冲,1、追尾的,负全部责任,不负责任,1,贵ABF688,白,1,贵A8N747,银,（乌当区）全林驾驶培训有限公司,自培,2006/2/6 0:00,2000/10/12 0:00,大众汽车牌,朗逸牌,366569000000000000 ,364548000000000000 ,198001,197406,11,2,3,工作日,非高峰,2015-03-25,2015年3月25日,阴 /阵雨,14℃ / 9℃,东北风 ≤3级 /东北风 ≤3级,阴,阵雨,14,9,东北风,≤3级,东北风,≤3级,day
2015-03-25 10:30:00,碧海花园,7、未按规定让行的 ,负全部责任,不负责任,1,贵AEF276,白,1,贵AF2153,白,自培,自培,2004/4/30 0:00,2005/8/30 0:00,长安牌,劲扬牌,06456751804240686X,364557000000000000 ,197406,196612,10,2,3,工作日,非高峰,2015-03-25,2015年3月25日,阴 /阵雨,14℃ / 9℃,东北风 ≤3级 /东北风 ≤3级,阴,阵雨,14,9,东北风,≤3级,东北风,≤3级,day
2015-03-25 15:30:00,阳关,7、未按规定让行的 ,负全部责任,不负责任,1,贵AFW785,银,1,贵A2363A,银,-1,吉源驾校,-1,2014/5/14 0:00,吉利牌,五菱牌,36606100000000000 ,364557000000000000 ,197303,199105,15,2,3,工作日,非高峰,2015-03-25,2015年3月25日,阴 /阵雨,14℃ / 9℃,东北风 ≤3级 /东北风 ≤3级,阴,阵雨,14,9,东北风,≤3级,东北风,≤3级,day
2015-03-25 13:46:00,杨家山隧道,1、追尾的,负全部责任,不负责任,1,贵FF5919,白色,1,贵A22676,白色,-1,路路达驾校,-1,2014/7/18 0:00,朗逸牌,长安,366046000000000000 ,364557000000000000 ,196201,196801,13,2,3,工作日,非高峰,2015-03-25,2015年3月25日,阴 /阵雨,14℃ / 9℃,东北风 ≤3级 /东北风 ≤3级,阴,阵雨,14,9,东北风,≤3级,东北风,≤3级,day
2015-03-25 17:00:00,皂角井,1、追尾的,负全部责任,不负责任,1,贵A77486,白色,1,贵AU5397,白色,-1,自培,-1,2003/12/10 0:00,东风牌,桑塔纳牌,364544000000 ,364548000000000000 ,45946,195911,17,2,3,工作日,晚高峰(17-19点),2015-03-25,2015年3月25日,阴 /阵雨,14℃ / 9℃,东北风 ≤3级 /东北风 ≤3级,阴,阵雨,14,9,东北风,≤3级,东北风,≤3级,day
2015-03-25 16:05:00,二铺,1、追尾的,负全部责任,不负责任,1,贵ATL657,银,1,晋文斌,红,（观山湖区）蓝天驾驶培训有限公司,-1,2008/1/16 0:00,-1,起亚牌,\N,36636351294659308X,506864000000000000 ,196802,197704,16,2,3,工作日,非高峰,2015-03-25,2015年3月25日,阴 /阵雨,14℃ / 9℃,东北风 ≤3级 /东北风 ≤3级,阴,阵雨,14,9,东北风,≤3级,东北风,≤3级,day
2015-03-25 15:50:00,二戈寨,9、不符合前8款规定或者双方同时具有上述情形的,负同等责任,负同等责任,1,贵AUA862,白色,1,贵AON019,白色,遵义县鸭溪振兴机动车驾驶培训学校,预约考试窗口,2009/8/19 0:00,2007/7/31 0:00,大众牌,-1,36656551914151743X,357475000000000000 ,198909,197201,15,2,3,工作日,非高峰,2015-03-25,2015年3月25日,阴 /阵雨,14℃ / 9℃,东北风 ≤3级 /东北风 ≤3级,阴,阵雨,14,9,东北风,≤3级,东北风,≤3级,day
2015-03-25 17:59:00,中曹司,7、未按规定让行的 ,负全部责任,不负责任,1,贵A447G4,白色,1,贵A3H999,白色,-1,青正驾校,-1,2012/9/25 0:00,解放牌,-1,366064000000000000 ,366347000000000000 ,197307,197006,17,2,3,工作日,晚高峰(17-19点),2015-03-25,2015年3月25日,阴 /阵雨,14℃ / 9℃,东北风 ≤3级 /东北风 ≤3级,阴,阵雨,14,9,东北风,≤3级,东北风,≤3级,day
2015-03-25 16:00:00,经开区,3、倒车的,负全部责任,不负责任,1,渝C7Z577,白色,1,贵AHT325,白色,-1,自培,-1,1999/12/16 0:00,奥迪牌,东风雪铁龙牌,355247000000000000 ,254066000000000000 ,199504,196609,16,2,3,工作日,非高峰,2015-03-25,2015年3月25日,阴 /阵雨,14℃ / 9℃,东北风 ≤3级 /东北风 ≤3级,阴,阵雨,14,9,东北风,≤3级,东北风,≤3级,day
2015-03-25 17:50:00,三桥,7、未按规定让行的 ,负全部责任,不负责任,1,渝C83M52,蓝,1,贵A25652,银,-1,520127,-1,1999/3/11 0:00,长安牌,之威牌,357266000000000000 ,364548000000000000 ,198005,197803,17,2,3,工作日,晚高峰(17-19点),2015-03-25,2015年3月25日,阴 /阵雨,14℃ / 9℃,东北风 ≤3级 /东北风 ≤3级,阴,阵雨,14,9,东北风,≤3级,东北风,≤3级,day
2015-03-25 13:55:00,北京西路,1、追尾的,负全部责任,不负责任,1,贵CC5905,银,1,贵A54W21,红,-1,新天驾校,-1,2013/8/5 0:00,东风日产牌,马自达牌,366061000000000000 ,366567000000000000 ,197601,197309,13,2,3,工作日,非高峰,2015-03-25,2015年3月25日,阴 /阵雨,14℃ / 9℃,东北风 ≤3级 /东北风 ≤3级,阴,阵雨,14,9,东北风,≤3级,东北风,≤3级,day
2015-03-25 17:40:00,中山西路,7、未按规定让行的 ,负全部责任,不负责任,1,贵A462C6,红,1,贵A74R22,银,自培,贵州现代驾驶培训责任有限公司,2012/1/11 0:00,2011/10/17 0:00,解放牌,宝马牌,364556000000000000 ,364596000000000000 ,198205,197907,17,2,3,工作日,晚高峰(17-19点),2015-03-25,2015年3月25日,阴 /阵雨,14℃ / 9℃,东北风 ≤3级 /东北风 ≤3级,阴,阵雨,14,9,东北风,≤3级,东北风,≤3级,day
2015-03-25 15:40:00,龙家寨,3、倒车的,负全部责任,不负责任,1,贵DB366,白色,1,贵ADB324,白色,顺一驾驶培训学校,鑫鑫驾校,2008/8/3 0:00,2012/12/6 0:00,-1,金旅牌,366669000000000000 ,734345000000000000 ,197809,199408,15,2,3,工作日,非高峰,2015-03-25,2015年3月25日,阴 /阵雨,14℃ / 9℃,东北风 ≤3级 /东北风 ≤3级,阴,阵雨,14,9,东北风,≤3级,东北风,≤3级,day
2015-03-25 13:10:00,西二环,7、未按规定让行的 ,负全部责任,不负责任,1,贵A6BV91,白,1,贵GR2182,黑,新华驾校,-1,2014/12/30 0:00,-1,福田牌,大众牌,705667000000000000 ,364546000000 ,197512,8866,13,2,3,工作日,非高峰,2015-03-25,2015年3月25日,阴 /阵雨,14℃ / 9℃,东北风 ≤3级 /东北风 ≤3级,阴,阵雨,14,9,东北风,≤3级,东北风,≤3级,day
2015-03-25 17:30:00,二铺,1、追尾的,负全部责任,不负责任,1,贵AJR334,银,1,贵A7BM56,银,贵州现代驾驶培训责任有限公司,贵州省长安驾驶培训学校,2014/12/30 0:00,2014/9/12 0:00,田野牌,众泰牌,364548000000000000 ,364646000000000000 ,199508,199203,17,2,3,工作日,晚高峰(17-19点),2015-03-25,2015年3月25日,阴 /阵雨,14℃ / 9℃,东北风 ≤3级 /东北风 ≤3级,阴,阵雨,14,9,东北风,≤3级,东北风,≤3级,day
2015-03-25 17:00:00,北京西路,7、未按规定让行的 ,负全部责任,不负责任,1,贵A53F29,白,0,贵A9BJ13,白,（南明区）现代驾驶培训有限公司,-1,2007/11/21 0:00,-1,起亚牌,东风标致牌,366563000000000000 ,364547000000 ,197612,102271,17,2,3,工作日,晚高峰(17-19点),2015-03-25,2015年3月25日,阴 /阵雨,14℃ / 9℃,东北风 ≤3级 /东北风 ≤3级,阴,阵雨,14,9,东北风,≤3级,东北风,≤3级,day
2015-03-25 17:45:00,贵惠大道,1、追尾的,负全部责任,不负责任,1,贵AEE897,白色,1,贵A2340S,白色,顺一驾驶培训学校,-1,2014/12/22 0:00,-1,梅赛德斯-奔驰牌,黄海牌,366667000000000000 ,36686751864853402X,198811,197207,17,2,3,工作日,晚高峰(17-19点),2015-03-25,2015年3月25日,阴 /阵雨,14℃ / 9℃,东北风 ≤3级 /东北风 ≤3级,阴,阵雨,14,9,东北风,≤3级,东北风,≤3级,day
2015-03-26 03:20:00,中天未来方舟,7、未按规定让行的 ,负全部责任,不负责任,1,贵A7320L,白色,1,鄂A93031,白色,-1,鑫鑫驾校,-1,2013/9/2 0:00,众泰牌,兴黔自卸,74195500000000000 ,364547000000000000 ,199207,198109,3,3,3,工作日,非高峰,2015-03-26,2015年3月26日,阴 /阵雨,17℃ / 12℃,南风 ≤3级 /南风 ≤3级,阴,阵雨,17,12,南风,≤3级,南风,≤3级,night
2015-03-25 17:00:00,甲秀南路,1、追尾的,负全部责任,不负责任,1,临贵ACK747,黑色,1,贵A36C47,白色,自培,520106,2003/11/21 0:00,2009/6/18 0:00,-1,佳乐,366763000000000000 ,36454651914846805X,198210,198907,17,2,3,工作日,晚高峰(17-19点),2015-03-25,2015年3月25日,阴 /阵雨,14℃ / 9℃,东北风 ≤3级 /东北风 ≤3级,阴,阵雨,14,9,东北风,≤3级,东北风,≤3级,day
2015-03-25 14:30:00,五里冲,7、未按规定让行的 ,负全部责任,不负责任,1,贵FD6612,白色,1,贵AU5102,白色,织金县织通驾驶培训学校,十一培,2011/6/8 0:00,1996/4/16 0:00,轰轰烈牌,大运牌,366064000000000000 ,364547000000000000 ,197711,196605,14,2,3,工作日,非高峰,2015-03-25,2015年3月25日,阴 /阵雨,14℃ / 9℃,东北风 ≤3级 /东北风 ≤3级,阴,阵雨,14,9,东北风,≤3级,东北风,≤3级,day
2015-03-25 13:20:00,花果园,9、不符合前8款规定或者双方同时具有上述情形的,负同等责任,负同等责任,1,贵A64H16,黑色,1,贵AFH188,白色,自培,十一培,2000/11/30 0:00,1996/10/9 0:00,福克斯(FOCUS)牌,大众牌,36657651234360625X,364547000000000000 ,196505,196401,13,2,3,工作日,非高峰,2015-03-25,2015年3月25日,阴 /阵雨,14℃ / 9℃,东北风 ≤3级 /东北风 ≤3级,阴,阵雨,14,9,东北风,≤3级,东北风,≤3级,day
2015-03-25 15:30:00,中山路,3、倒车的,负全部责任,不负责任,1,贵A3581Y,黑,1,贵A56V49,白,顺风驾校,自培,2014/5/5 0:00,2003/6/12 0:00,丰田牌,东风标致牌,364557000000000000 ,364647000000000000 ,196005,198307,15,2,3,工作日,非高峰,2015-03-25,2015年3月25日,阴 /阵雨,14℃ / 9℃,东北风 ≤3级 /东北风 ≤3级,阴,阵雨,14,9,东北风,≤3级,东北风,≤3级,day
2015-03-25 17:30:00,海关,8、依法应负全责的其他情形,负全部责任,不负责任,1,贵A96343,黑,1,粤BE22B4,黑,贵州平安驾驶培训学校,自培,2011/3/21 0:00,2007/1/4 0:00,别克牌,-1,364547000000000000 ,364596000000000000 ,198704,198708,17,2,3,工作日,晚高峰(17-19点),2015-03-25,2015年3月25日,阴 /阵雨,14℃ / 9℃,东北风 ≤3级 /东北风 ≤3级,阴,阵雨,14,9,东北风,≤3级,东北风,≤3级,day
2015-03-25 19:00:00,大营坡,1、追尾的,负全部责任,不负责任,1,贵AU2318,蓝,1,贵AV0904,白,-1,自培,-1,2004/3/13 0:00,瑞麒牌,雷克萨斯,364558000000000000 ,366367000000000000 ,197501,197912,19,2,3,工作日,晚高峰(17-19点),2015-03-25,2015年3月25日,阴 /阵雨,14℃ / 9℃,东北风 ≤3级 /东北风 ≤3级,阴,阵雨,14,9,东北风,≤3级,东北风,≤3级,day
2015-03-25 16:43:00,机场路,7、未按规定让行的 ,负全部责任,不负责任,1,贵JDY231,白色,1,贵A39291,白色,凯信驾校,自培,2010/7/8 0:00,2003/4/28 0:00,长安牌,红岩牌,366577000000000000 ,36606851875668705X,197403,197312,16,2,3,工作日,非高峰,2015-03-25,2015年3月25日,阴 /阵雨,14℃ / 9℃,东北风 ≤3级 /东北风 ≤3级,阴,阵雨,14,9,东北风,≤3级,东北风,≤3级,day
2015-03-25 17:35:00,北站,1、追尾的,负全部责任,不负责任,1,渝BFB414,黑,1,贵A77F99,白,自培,自培,2009/4/24 0:00,2003/9/30 0:00,长城牌,东风标致牌,344558000000000000 ,366269000000000000 ,198707,197708,17,2,3,工作日,晚高峰(17-19点),2015-03-25,2015年3月25日,阴 /阵雨,14℃ / 9℃,东北风 ≤3级 /东北风 ≤3级,阴,阵雨,14,9,东北风,≤3级,东北风,≤3级,day
2015-03-26 07:40:00,化工路,7、未按规定让行的 ,负全部责任,不负责任,1,贵AA378C,蓝,1,贵A24W66,黑,自培,铁二局驾校,2003/9/12 0:00,2011/11/8 0:00,力帆牌,奥迪,364548000000000000 ,354867000000000000 ,197405,197701,7,3,3,工作日,早高峰(7-9点),2015-03-26,2015年3月26日,阴 /阵雨,17℃ / 12℃,南风 ≤3级 /南风 ≤3级,阴,阵雨,17,12,南风,≤3级,南风,≤3级,day
2015-03-26 07:53:00,西二环,1、追尾的,负全部责任,不负责任,1,贵A14X46,白,0,贵AD9318,黑,-1,预约考试窗口,-1,2006/10/19 0:00,奥迪牌,帕萨特,366368000000000000 ,366269000000000000 ,197208,198111,7,3,3,工作日,早高峰(7-9点),2015-03-26,2015年3月26日,阴 /阵雨,17℃ / 12℃,南风 ≤3级 /南风 ≤3级,阴,阵雨,17,12,南风,≤3级,南风,≤3级,day
2015-03-25 22:10:00,乌当,1、追尾的,负全部责任,不负责任,1,贵A6BH04,绿,1,贵AU3739,银,市交校,贵州平安驾驶培训学校,2014/4/8 0:00,2004/8/31 0:00,马自达牌,宝来牌,366576000000000000 ,364557000000000000 ,198607,196808,22,2,3,工作日,非高峰,2015-03-25,2015年3月25日,阴 /阵雨,14℃ / 9℃,东北风 ≤3级 /东北风 ≤3级,阴,阵雨,14,9,东北风,≤3级,东北风,≤3级,night
2015-03-26 08:00:00,世纪城,7、未按规定让行的 ,负全部责任,不负责任,0,贵A82G41,黑,1,贵AA434U,银,省交校,-1,2012/8/30 0:00,-1,思威牌,奇瑞牌,366566000000000000 ,366067000000000000 ,197302,198605,8,3,3,工作日,早高峰(7-9点),2015-03-26,2015年3月26日,阴 /阵雨,17℃ / 12℃,南风 ≤3级 /南风 ≤3级,阴,阵雨,17,12,南风,≤3级,南风,≤3级,day
2015-03-26 08:00:00,上朝阳路,7、未按规定让行的 ,负全部责任,不负责任,1,贵AU0732,白色,1,贵A5AN57,白色,520127,消防驾校,1998/5/18 0:00,1995/10/10 0:00,万达牌,大众汽车牌,366662000000000000 ,564664000000000000 ,197210,196405,8,3,3,工作日,早高峰(7-9点),2015-03-26,2015年3月26日,阴 /阵雨,17℃ / 12℃,南风 ≤3级 /南风 ≤3级,阴,阵雨,17,12,南风,≤3级,南风,≤3级,day
2015-03-26 08:00:00,花溪,1、追尾的,负全部责任,不负责任,1,贵AU0613,白色,1,贵JAM873,白色,-1,高新驾校,-1,2011/4/28 0:00,万达牌,福克斯牌,364556000000000000 ,364566000000000000 ,197312,198308,8,3,3,工作日,早高峰(7-9点),2015-03-26,2015年3月26日,阴 /阵雨,17℃ / 12℃,南风 ≤3级 /南风 ≤3级,阴,阵雨,17,12,南风,≤3级,南风,≤3级,day
2015-03-26 08:30:00,乌当,1、追尾的,负全部责任,不负责任,1,贵ATJ899,银,1,贵AHQ142,蓝,-1,无,-1,1990/9/2 0:00,长安牌,宝马牌,366361000000000000 ,366368000000000000 ,199004,196201,8,3,3,工作日,早高峰(7-9点),2015-03-26,2015年3月26日,阴 /阵雨,17℃ / 12℃,南风 ≤3级 /南风 ≤3级,阴,阵雨,17,12,南风,≤3级,南风,≤3级,day
2015-03-26 08:06:00,都司路,7、未按规定让行的 ,负全部责任,不负责任,1,贵A82R43,蓝,1,贵AC0016,蓝,（南明区）吉源驾驶培训有限公司,自培,2004/12/1 0:00,2010/5/24 0:00,东风标致牌,大运牌,355266000000000000 ,364548000000000000 ,198608,199010,8,3,3,工作日,早高峰(7-9点),2015-03-26,2015年3月26日,阴 /阵雨,17℃ / 12℃,南风 ≤3级 /南风 ≤3级,阴,阵雨,17,12,南风,≤3级,南风,≤3级,day
2015-03-26 09:57:00,飞山街,7、未按规定让行的 ,负全部责任,不负责任,0,贵A5BL43,红,1,贵A2BC54,银,（南明区）吉源驾驶培训有限公司,蓝天驾驶学校,2008/6/5 0:00,2008/3/18 0:00,大众牌,大众汽车牌,364557000000000000 ,366563000000000000 ,197312,198302,9,3,3,工作日,早高峰(7-9点),2015-03-26,2015年3月26日,阴 /阵雨,17℃ / 12℃,南风 ≤3级 /南风 ≤3级,阴,阵雨,17,12,南风,≤3级,南风,≤3级,day
2015-03-25 21:40:00,白云区,1、追尾的,负全部责任,不负责任,0,贵JDY577,红,1,贵AFM113,银,（白云区）消防驾驶培训学校,路路达驾校,2007/9/14 0:00,2013/4/2 0:00,雪佛兰牌,起亚牌,364558000000000000 ,364558000000000000 ,197908,198006,21,2,3,工作日,非高峰,2015-03-25,2015年3月25日,阴 /阵雨,14℃ / 9℃,东北风 ≤3级 /东北风 ≤3级,阴,阵雨,14,9,东北风,≤3级,东北风,≤3级,night
2015-03-26 05:00:00,南明区,7、未按规定让行的 ,负全部责任,不负责任,1,贵A10405,白,0,贵JAN889,黑,-1,贵州晨运驾驶培训学校,-1,2009/3/24 0:00,丰田(TOYOTA)牌,广汽菲亚特牌,364547000000000000 ,366276000000000000 ,196811,198606,5,3,3,工作日,非高峰,2015-03-26,2015年3月26日,阴 /阵雨,17℃ / 12℃,南风 ≤3级 /南风 ≤3级,阴,阵雨,17,12,南风,≤3级,南风,≤3级,night
2015-03-26 09:00:00,蟠桃宫,1、追尾的,负全部责任,不负责任,1,贵AU6746,白色,1,贵A14H36,黑色,自培,自培,1999/4/12 0:00,2003/11/27 0:00,大众牌,别克牌,35466151274745588X,366361000000000000 ,196303,197611,9,3,3,工作日,早高峰(7-9点),2015-03-26,2015年3月26日,阴 /阵雨,17℃ / 12℃,南风 ≤3级 /南风 ≤3级,阴,阵雨,17,12,南风,≤3级,南风,≤3级,day
2015-03-26 08:00:00,黔林山路,7、未按规定让行的 ,负全部责任,不负责任,1,贵A2G658,白,1,贵AHV133,蓝,文通驾校,自培,2011/12/22 0:00,2003/11/10 0:00,-1,雪佛兰牌,366046000000000000 ,36454751875642400X,198203,197312,8,3,3,工作日,早高峰(7-9点),2015-03-26,2015年3月26日,阴 /阵雨,17℃ / 12℃,南风 ≤3级 /南风 ≤3级,阴,阵雨,17,12,南风,≤3级,南风,≤3级,day
2015-03-26 08:00:00,小河转盘,7、未按规定让行的 ,负全部责任,不负责任,1,贵JDN413,白色,1,贵A5552X,白色,鑫鑫驾校,鑫鑫驾校,2014/12/4 0:00,2014/11/3 0:00,吉利美日牌,夏利,364596000000000000 ,366068000000000000 ,198502,197701,8,3,3,工作日,早高峰(7-9点),2015-03-26,2015年3月26日,阴 /阵雨,17℃ / 12℃,南风 ≤3级 /南风 ≤3级,阴,阵雨,17,12,南风,≤3级,南风,≤3级,day
2015-03-26 09:55:00,北京路,1、追尾的,负全部责任,不负责任,1,贵A20718,白,1,贵AAZ668,黑,自培,自培,2002/8/7 0:00,2002/11/18 0:00,三铃牌,梅赛德斯-奔驰牌,364557000000000000 ,364547000000000000 ,197406,197001,9,3,3,工作日,早高峰(7-9点),2015-03-26,2015年3月26日,阴 /阵雨,17℃ / 12℃,南风 ≤3级 /南风 ≤3级,阴,阵雨,17,12,南风,≤3级,南风,≤3级,day
2015-03-26 08:05:00,长岭南路,7、未按规定让行的 ,负全部责任,不负责任,1,贵CFV408,白,1,贵A2065M,红,-1,吉源驾校,-1,2012/1/18 0:00,解放牌,吉利牌,364547000000000000 ,366669000000000000 ,198310,197607,8,3,3,工作日,早高峰(7-9点),2015-03-26,2015年3月26日,阴 /阵雨,17℃ / 12℃,南风 ≤3级 /南风 ≤3级,阴,阵雨,17,12,南风,≤3级,南风,≤3级,day
2015-03-25 19:00:00,望城坡,7、未按规定让行的 ,负全部责任,不负责任,1,川EW1843,白色,1,贵GF1234,白色,自培,预约考试窗口,2006/12/25 0:00,2006/12/25 0:00,奇瑞牌,福特牌,364547000000000000 ,364547000000000000 ,198005,198003,19,2,3,工作日,晚高峰(17-19点),2015-03-25,2015年3月25日,阴 /阵雨,14℃ / 9℃,东北风 ≤3级 /东北风 ≤3级,阴,阵雨,14,9,东北风,≤3级,东北风,≤3级,day
2015-03-25 17:20:00,中坝,8、依法应负全责的其他情形,负全部责任,不负责任,1,贵CKB055,红,1,贵A98461,黄,自培,预约考试窗口,2009/2/10 0:00,2007/4/24 0:00,长安牌,大运牌,366576000000000000 ,366367000000000000 ,197310,197308,17,2,3,工作日,晚高峰(17-19点),2015-03-25,2015年3月25日,阴 /阵雨,14℃ / 9℃,东北风 ≤3级 /东北风 ≤3级,阴,阵雨,14,9,东北风,≤3级,东北风,≤3级,day
2015-03-25 18:50:00,杨家山,7、未按规定让行的 ,负全部责任,不负责任,1,贵ADT254,银,1,贵FQ8057,蓝,自培,-1,2004/4/27 0:00,-1,长安牌,丰田牌,366046000000000000 ,366046000000000000 ,198109,198707,18,2,3,工作日,晚高峰(17-19点),2015-03-25,2015年3月25日,阴 /阵雨,14℃ / 9℃,东北风 ≤3级 /东北风 ≤3级,阴,阵雨,14,9,东北风,≤3级,东北风,≤3级,day
2015-03-25 18:59:00,八一水库,3、倒车的,负全部责任,不负责任,1,贵AR6514,白色,1,贵A19G95,白色,自培,-1,2007/8/3 0:00,-1,解放牌,雪佛兰牌,366068000000000000 ,366669000000000000 ,198510,198107,18,2,3,工作日,晚高峰(17-19点),2015-03-25,2015年3月25日,阴 /阵雨,14℃ / 9℃,东北风 ≤3级 /东北风 ≤3级,阴,阵雨,14,9,东北风,≤3级,东北风,≤3级,day
2015-03-25 18:00:00,西二环,7、未按规定让行的 ,负全部责任,不负责任,1,贵A2854A,白,1,贵A95618,红,（南明区）长运驾驶培训有限公司,十一培,2005/7/11 0:00,1999/11/24 0:00,吉利牌,豪泺牌,36687551945459171X,366347000000000000 ,198010,197506,18,2,3,工作日,晚高峰(17-19点),2015-03-25,2015年3月25日,阴 /阵雨,14℃ / 9℃,东北风 ≤3级 /东北风 ≤3级,阴,阵雨,14,9,东北风,≤3级,东北风,≤3级,day
2015-03-25 23:00:00,中天花园,7、未按规定让行的 ,负全部责任,不负责任,1,鄂FBN765,白,0,贵AH7644,白,自培,自培,2007/6/5 0:00,2004/6/11 0:00,东风牌,北京现代,64297500000000000 ,364548000000000000 ,198209,197401,23,2,3,工作日,非高峰,2015-03-25,2015年3月25日,阴 /阵雨,14℃ / 9℃,东北风 ≤3级 /东北风 ≤3级,阴,阵雨,14,9,东北风,≤3级,东北风,≤3级,night
2015-03-26 09:00:00,世纪城,7、未按规定让行的 ,负全部责任,不负责任,1,贵AHW012,白,1,贵AV719A,白,520119,全林驾校,2007/12/13 0:00,-1,五菱牌,-1,366069000000000000 ,54663500000000000 ,196504,196611,9,3,3,工作日,早高峰(7-9点),2015-03-26,2015年3月26日,阴 /阵雨,17℃ / 12℃,南风 ≤3级 /南风 ≤3级,阴,阵雨,17,12,南风,≤3级,南风,≤3级,day
2015-03-26 13:30:00,西二环,3、倒车的,负全部责任,不负责任,1,贵A8539N,白色,1,贵A3H041,白色,贵州省石阡泉都(启灵)驾驶培训有限责任公司,鑫鑫驾校,-1,2014/8/20 0:00,波罗牌,-1,366663000000000000 ,364556000000000000 ,197612,197008,13,3,3,工作日,非高峰,2015-03-26,2015年3月26日,阴 /阵雨,17℃ / 12℃,南风 ≤3级 /南风 ≤3级,阴,阵雨,17,12,南风,≤3级,南风,≤3级,day