accidenttime,accidentaddr,driver1fault,driver1responsibility,driver2responsibility,sex1,platenumber1,carcolor1,sex2,platenumber2,carcolor2,jxmc1,jxmc2,cclzrq1,cclzrq2,clpp1,clpp2,driver1license,driver2license,brith1,brith2,hour,weekday,month,is_weekday,peak_hour,date,日期,天气状况,气温,风力风向,day_wea,night_wea,day_tep,night_tep,day_wind_direction,day_wind_speed,night_wind_direction,night_wind_speed,segment
2015-03-26 13:30:00,水东路,1、追尾的,负同等责任,负同等责任,1,贵A76L97,银,1,闽JN5341,黑,（观山湖区）蓝天驾驶培训有限公司,-1,2005/10/19 0:00,-1,福特牌,\N,356164000000000000 ,736675000000000000 ,196312,197011,13,3,3,工作日,非高峰,2015-03-26,2015年3月26日,阴 /阵雨,17℃ / 12℃,南风 ≤3级 /南风 ≤3级,阴,阵雨,17,12,南风,≤3级,南风,≤3级,day
2015-03-26 08:30:00,世纪城,7、未按规定让行的 ,负全部责任,不负责任,1,贵CGY878,黄,1,贵JBC311,白,自培,吉源驾校,2004/9/29 0:00,2014/7/16 0:00,别克牌,东风日产牌,36455551384553445X,364567000000000000 ,195701,198711,8,3,3,工作日,早高峰(7-9点),2015-03-26,2015年3月26日,阴 /阵雨,17℃ / 12℃,南风 ≤3级 /南风 ≤3级,阴,阵雨,17,12,南风,≤3级,南风,≤3级,day
2015-03-26 10:10:00,阳关,8、依法应负全责的其他情形,负全部责任,不负责任,1,贵A8311F,银,1,贵A4846L,黄,-1,时发驾校,-1,1999/5/25 0:00,五菱牌,雪佛兰牌,786167000000000000 ,366061000000000000 ,198703,196807,10,3,3,工作日,非高峰,2015-03-26,2015年3月26日,阴 /阵雨,17℃ / 12℃,南风 ≤3级 /南风 ≤3级,阴,阵雨,17,12,南风,≤3级,南风,≤3级,day
2015-03-26 10:35:00,二铺,3、倒车的,负全部责任,不负责任,1,贵A829C6,白,1,贵AW3701,黑,铁二局驾校,-1,2011/3/2 0:00,-1,解放牌,豪爵牌,366067000000000000 ,5967520000000000 ,199201,197904,10,3,3,工作日,非高峰,2015-03-26,2015年3月26日,阴 /阵雨,17℃ / 12℃,南风 ≤3级 /南风 ≤3级,阴,阵雨,17,12,南风,≤3级,南风,≤3级,day
2015-03-26 17:35:00,西二环,1、追尾的,负全部责任,不负责任,1,贵AU9627,白色,1,贵A6811B,白色,（经开区）十一驾驶培训有限公司,-1,2008/10/27 0:00,-1,重骑牌,英伦牌,364551000000000000 ,354367000000000000 ,198706,196512,17,3,3,工作日,晚高峰(17-19点),2015-03-26,2015年3月26日,阴 /阵雨,17℃ / 12℃,南风 ≤3级 /南风 ≤3级,阴,阵雨,17,12,南风,≤3级,南风,≤3级,day
2015-03-26 09:38:00,花果园,9、不符合前8款规定或者双方同时具有上述情形的,负同等责任,负同等责任,1,贵AFV009,白,1,贵AU8709,蓝,自培,文通驾校,2009/3/23 0:00,2010/12/1 0:00,五菱牌,三本牌,74365500000000000 ,364557000000000000 ,198602,198810,9,3,3,工作日,早高峰(7-9点),2015-03-26,2015年3月26日,阴 /阵雨,17℃ / 12℃,南风 ≤3级 /南风 ≤3级,阴,阵雨,17,12,南风,≤3级,南风,≤3级,day
2015-03-26 09:30:00,甘荫塘,7、未按规定让行的 ,负全部责任,不负责任,1,贵AHE659,黑,1,贵AJV624J,银,自培,预约考试窗口,2010/11/22 0:00,2007/6/26 0:00,雷克萨斯,-1,724568000000000000 ,366563000000000000 ,198110,197603,9,3,3,工作日,早高峰(7-9点),2015-03-26,2015年3月26日,阴 /阵雨,17℃ / 12℃,南风 ≤3级 /南风 ≤3级,阴,阵雨,17,12,南风,≤3级,南风,≤3级,day
2015-03-26 13:00:00,新发家具广场,1、追尾的,负全部责任,不负责任,1,贵ANL957,白色,1,贵APM462,灰色,（南明区）贵工大驾驶培训有限公司,十一培,2009/7/10 0:00,1995/1/29 0:00,大众汽车牌,夏利牌,364548000000000000 ,364557000000000000 ,198211,195707,13,3,3,工作日,非高峰,2015-03-26,2015年3月26日,阴 /阵雨,17℃ / 12℃,南风 ≤3级 /南风 ≤3级,阴,阵雨,17,12,南风,≤3级,南风,≤3级,day
2015-03-26 09:20:00,大营坡,3、倒车的,负全部责任,不负责任,1,贵AA777W,蓝,1,贵AX1896,白,（南明区）铁二局驾驶培训有限公司,十一培,2008/12/25 0:00,1992/9/27 0:00,劳恩斯酷派,丰田牌,366068000000000000 ,364547000000000000 ,199008,196908,9,3,3,工作日,早高峰(7-9点),2015-03-26,2015年3月26日,阴 /阵雨,17℃ / 12℃,南风 ≤3级 /南风 ≤3级,阴,阵雨,17,12,南风,≤3级,南风,≤3级,day
2015-03-26 10:30:00,小河平桥,1、追尾的,负全部责任,不负责任,1,贵A7G879,白色,1,贵ACK71,白色,-1,十一培,-1,1985/9/24 0:00,别克牌,-1,366569000000000000 ,36455551314961445X,192507,195908,10,3,3,工作日,非高峰,2015-03-26,2015年3月26日,阴 /阵雨,17℃ / 12℃,南风 ≤3级 /南风 ≤3级,阴,阵雨,17,12,南风,≤3级,南风,≤3级,day
2015-03-26 08:30:00,花溪,1、追尾的,负全部责任,不负责任,1,贵A5790H,黑色,1,贵AUA701,绿色,（南明区）吉源驾驶培训有限公司,自培,2008/11/26 0:00,2005/10/28 0:00,南骏牌,奇瑞牌,355468000000000000 ,366067000000000000 ,196309,197306,8,3,3,工作日,早高峰(7-9点),2015-03-26,2015年3月26日,阴 /阵雨,17℃ / 12℃,南风 ≤3级 /南风 ≤3级,阴,阵雨,17,12,南风,≤3级,南风,≤3级,day
2015-03-26 09:00:00,世界城,7、未按规定让行的 ,负全部责任,不负责任,1,浙CGG764,黑,1,贵A84F67,银,（南明区）金大驾驶培训有限公司,自培,2008/1/4 0:00,2006/6/15 0:00,马自达牌,别克牌,774764000000000000 ,366061000000000000 ,196812,198204,9,3,3,工作日,早高峰(7-9点),2015-03-26,2015年3月26日,阴 /阵雨,17℃ / 12℃,南风 ≤3级 /南风 ≤3级,阴,阵雨,17,12,南风,≤3级,南风,≤3级,day
2015-03-26 09:40:00,大营坡,8、依法应负全责的其他情形,负全部责任,不负责任,0,贵A22B32,白,0,贵A73L67,白,-1,自培,-1,2004/5/15 0:00,大众牌,雪佛兰牌,364548000000000000 ,364548000000000000 ,198711,197309,9,3,3,工作日,早高峰(7-9点),2015-03-26,2015年3月26日,阴 /阵雨,17℃ / 12℃,南风 ≤3级 /南风 ≤3级,阴,阵雨,17,12,南风,≤3级,南风,≤3级,day
2015-03-26 08:40:00,遵义路高架桥下,7、未按规定让行的 ,负全部责任,不负责任,1,贵GGD941,白色,1,贵AWA117,白色,（观山湖区）蓝天驾驶培训有限公司,自培,2005/3/3 0:00,2004/10/20 0:00,长安牌,别克世纪,366347000000000000 ,35466651854265827X,197008,197106,8,3,3,工作日,早高峰(7-9点),2015-03-26,2015年3月26日,阴 /阵雨,17℃ / 12℃,南风 ≤3级 /南风 ≤3级,阴,阵雨,17,12,南风,≤3级,南风,≤3级,day
2015-03-26 16:30:00,三桥,8、依法应负全责的其他情形,负全部责任,不负责任,1,贵A223C1,白,1,贵AAQ972,银,织金县织通驾驶培训学校,鑫鑫驾校,-1,2010/6/8 0:00,江淮牌,长安牌,366064000000000000 ,364596000000000000 ,198907,198612,16,3,3,工作日,非高峰,2015-03-26,2015年3月26日,阴 /阵雨,17℃ / 12℃,南风 ≤3级 /南风 ≤3级,阴,阵雨,17,12,南风,≤3级,南风,≤3级,day
2015-03-26 11:10:00,北二环,7、未按规定让行的 ,负全部责任,不负责任,1,贵AC126F,蓝,1,贵AA717X,红,贵州现代驾驶培训责任有限公司,520118,2006/10/9 0:00,2010/3/18 0:00,东风牌,宝马,364548000000000000 ,204797000000000000 ,198307,198702,11,3,3,工作日,非高峰,2015-03-26,2015年3月26日,阴 /阵雨,17℃ / 12℃,南风 ≤3级 /南风 ≤3级,阴,阵雨,17,12,南风,≤3级,南风,≤3级,day
2015-03-26 10:50:00,八匹马,9、不符合前8款规定或者双方同时具有上述情形的,负同等责任,负同等责任,1,贵GL6245,黑,1,贵A7771J,红,文通驾校,文通驾校,2012/8/16 0:00,2013/7/9 0:00,东风日产牌,比亚迪牌,366546000000000000 ,36459551174853495X,198206,199307,10,3,3,工作日,非高峰,2015-03-26,2015年3月26日,阴 /阵雨,17℃ / 12℃,南风 ≤3级 /南风 ≤3级,阴,阵雨,17,12,南风,≤3级,南风,≤3级,day
2015-03-26 12:00:00,金竹镇,8、依法应负全责的其他情形,负全部责任,不负责任,1,贵A9128E,白色,1,贵A1641E,白色,文通驾校,顺一驾驶培训学校,2011/8/26 0:00,2011/8/29 0:00,丰田牌,长安牌,74262500000000000 ,364556000000000000 ,196501,197703,12,3,3,工作日,非高峰,2015-03-26,2015年3月26日,阴 /阵雨,17℃ / 12℃,南风 ≤3级 /南风 ≤3级,阴,阵雨,17,12,南风,≤3级,南风,≤3级,day
2015-03-26 12:00:00,上麦村,7、未按规定让行的 ,负全部责任,不负责任,1,贵DM4771,白,1,贵A2012X,银,-1,预约考试窗口,-1,2007/6/25 0:00,江铃牌,长安牌,366675000000000000 ,366367000000000000 ,197409,197611,12,3,3,工作日,非高峰,2015-03-26,2015年3月26日,阴 /阵雨,17℃ / 12℃,南风 ≤3级 /南风 ≤3级,阴,阵雨,17,12,南风,≤3级,南风,≤3级,day
2015-03-26 14:38:00,观山湖区,7、未按规定让行的 ,负全部责任,不负责任,1,贵A7370M,白,1,贵A91H68,白,新天驾校,-1,2014/11/4 0:00,-1,五菱牌,福克斯牌,364557000000000000 ,364548000000000000 ,199601,198806,14,3,3,工作日,非高峰,2015-03-26,2015年3月26日,阴 /阵雨,17℃ / 12℃,南风 ≤3级 /南风 ≤3级,阴,阵雨,17,12,南风,≤3级,南风,≤3级,day
2015-03-26 16:50:00,观山湖区,1、追尾的,负全部责任,不负责任,1,贵F76645,黑,1,贵A638B4,蓝,毕节地区黔中汽车(摩托车)驾驶培训学校,消防驾校,-1,2012/5/28 0:00,解放牌,五十铃牌,366068000000000000 ,364557000000000000 ,198405,199309,16,3,3,工作日,非高峰,2015-03-26,2015年3月26日,阴 /阵雨,17℃ / 12℃,南风 ≤3级 /南风 ≤3级,阴,阵雨,17,12,南风,≤3级,南风,≤3级,day
2015-03-26 18:20:00,陕西路,8、依法应负全责的其他情形,负全部责任,不负责任,1,贵A45E87,白,0,贵AEX821,白,高新驾校,-1,2011/11/21 0:00,-1,东风雪铁龙牌,福克斯牌,366346000000000000 ,366567000000000000 ,197802,197411,18,3,3,工作日,晚高峰(17-19点),2015-03-26,2015年3月26日,阴 /阵雨,17℃ / 12℃,南风 ≤3级 /南风 ≤3级,阴,阵雨,17,12,南风,≤3级,南风,≤3级,day
2015-03-26 16:40:00,小河,8、依法应负全责的其他情形,负全部责任,不负责任,1,贵ASM949,白色,1,贵DAQ378,白色,-1,黔东南州中信达驾驶培训学校,-1,-1,北京现代牌,长安牌,366061000000000000 ,366645000000 ,198709,705597,16,3,3,工作日,非高峰,2015-03-26,2015年3月26日,阴 /阵雨,17℃ / 12℃,南风 ≤3级 /南风 ≤3级,阴,阵雨,17,12,南风,≤3级,南风,≤3级,day
2015-03-26 14:30:00,白云区,7、未按规定让行的 ,负全部责任,不负责任,1,贵A1024A,白,1,贵A2E735,黑,吉源驾校,新天驾校,2014/7/30 0:00,2014/11/4 0:00,长安牌,吉利牌,364558000000000000 ,364566000000000000 ,196712,199409,14,3,3,工作日,非高峰,2015-03-26,2015年3月26日,阴 /阵雨,17℃ / 12℃,南风 ≤3级 /南风 ≤3级,阴,阵雨,17,12,南风,≤3级,南风,≤3级,day
2015-03-26 19:20:00,财院, ,负全部责任,不负责任,1,贵A2BH43,白,1,渝PX9634,白,顺一驾驶培训学校,-1,2014/11/20 0:00,-1,吉利牌,-1,364548000000000000 ,356668000000000000 ,197512,197203,19,3,3,工作日,晚高峰(17-19点),2015-03-26,2015年3月26日,阴 /阵雨,17℃ / 12℃,南风 ≤3级 /南风 ≤3级,阴,阵雨,17,12,南风,≤3级,南风,≤3级,day
2015-03-26 14:40:00,大营路,1、追尾的,负全部责任,不负责任,1,贵GR7277,黑,1,贵ACS088,银,-1,自培,-1,2005/12/31 0:00,大众汽车牌,宝来牌,364551000000000000 ,364548000000000000 ,199202,196301,14,3,3,工作日,非高峰,2015-03-26,2015年3月26日,阴 /阵雨,17℃ / 12℃,南风 ≤3级 /南风 ≤3级,阴,阵雨,17,12,南风,≤3级,南风,≤3级,day
2015-03-26 17:00:00,西二环,1、追尾的,负全部责任,不负责任,1,贵A6BX60,黑,1,贵A5753V,白,自培,黔西南州金安驾校,2008/2/4 0:00,-1,大众牌,大众牌,364646000000000000 ,364648000000000000 ,197802,197210,17,3,3,工作日,晚高峰(17-19点),2015-03-26,2015年3月26日,阴 /阵雨,17℃ / 12℃,南风 ≤3级 /南风 ≤3级,阴,阵雨,17,12,南风,≤3级,南风,≤3级,day
2015-03-26 10:50:00,花果园,8、依法应负全责的其他情形,负全部责任,不负责任,1,鄂F6E522,白,1,贵GV8723,黑,自培,-1,2011/9/27 0:00,-1,大众汽车牌,梅赛德斯-奔驰,784962000000000000 ,364567000000000000 ,198911,198105,10,3,3,工作日,非高峰,2015-03-26,2015年3月26日,阴 /阵雨,17℃ / 12℃,南风 ≤3级 /南风 ≤3级,阴,阵雨,17,12,南风,≤3级,南风,≤3级,day
2015-03-26 17:00:00,冒沙井,1、追尾的,负全部责任,不负责任,1,贵A56H22,白色,1,贵A96C72,白色,贵州省长安驾驶培训学校,自培,2014/5/5 0:00,2005/10/25 0:00,东风标致牌,别克牌,364547000000000000 ,366067000000000000 ,198005,198501,17,3,3,工作日,晚高峰(17-19点),2015-03-26,2015年3月26日,阴 /阵雨,17℃ / 12℃,南风 ≤3级 /南风 ≤3级,阴,阵雨,17,12,南风,≤3级,南风,≤3级,day
2015-03-26 22:00:00,师大,7、未按规定让行的 ,负全部责任,不负责任,1,湘54D7633,黑,1,贵A74G64,黑,-1,自培,-1,2003/7/3 0:00,牌照错误,梅赛德斯-奔驰,366064000000000000 ,364547000000000000 ,198405,195409,22,3,3,工作日,非高峰,2015-03-26,2015年3月26日,阴 /阵雨,17℃ / 12℃,南风 ≤3级 /南风 ≤3级,阴,阵雨,17,12,南风,≤3级,南风,≤3级,night
2015-03-26 17:50:00,瑞金中路,7、未按规定让行的 ,负全部责任,不负责任,1,贵AHT233,黑,0,贵AU7018,蓝,（南明区）现代驾驶培训有限公司,-1,2008/12/5 0:00,-1,海马牌,大运牌,366346000000000000 ,364547000000000 ,198909,911228,17,3,3,工作日,晚高峰(17-19点),2015-03-26,2015年3月26日,阴 /阵雨,17℃ / 12℃,南风 ≤3级 /南风 ≤3级,阴,阵雨,17,12,南风,≤3级,南风,≤3级,day
2015-03-27 00:00:00,二戈寨,7、未按规定让行的 ,负全部责任,不负责任,1,贵HH8544,白色,1,贵A47M82,白色,-1,市交校,-1,2012/11/30 0:00,别克牌,明锐牌,356446000000000000 ,36454651394365740X,196705,195805,0,4,3,工作日,非高峰,2015-03-27,2015年3月27日,阵雨 /阵雨,18℃ / 13℃,南风 ≤3级 /南风 ≤3级,阵雨,阵雨,18,13,南风,≤3级,南风,≤3级,night
2015-03-27 06:41:00,沙冲路,1、追尾的,负全部责任,不负责任,1,贵AST477,白色,1,贵A19N71,灰色,-1,铁二局驾校,-1,1995/8/29 0:00,丰田牌,宝马牌,61442500000000000 ,356168000000000000 ,198903,197607,6,4,3,工作日,非高峰,2015-03-27,2015年3月27日,阵雨 /阵雨,18℃ / 13℃,南风 ≤3级 /南风 ≤3级,阵雨,阵雨,18,13,南风,≤3级,南风,≤3级,day
2015-03-27 07:50:00,瑞金北路,7、未按规定让行的 ,负全部责任,不负责任,1,贵AN6149,白,1,贵AU7691,黑,-1,520116,-1,1999/4/20 0:00,马自达牌,宗申牌,366246000000000000 ,364557000000000000 ,196303,197306,7,4,3,工作日,早高峰(7-9点),2015-03-27,2015年3月27日,阵雨 /阵雨,18℃ / 13℃,南风 ≤3级 /南风 ≤3级,阵雨,阵雨,18,13,南风,≤3级,南风,≤3级,day
2015-03-26 19:34:00,碧海花园,9、不符合前8款规定或者双方同时具有上述情形的,负同等责任,负同等责任,1,贵AMB199,白,1,贵GR6758,红,全林驾校,全林驾校,2012/7/9 0:00,2011/7/20 0:00,扬子牌,启辰牌,366346000000000000 ,364557000000000000 ,199008,198110,19,3,3,工作日,晚高峰(17-19点),2015-03-26,2015年3月26日,阴 /阵雨,17℃ / 12℃,南风 ≤3级 /南风 ≤3级,阴,阵雨,17,12,南风,≤3级,南风,≤3级,day
2015-03-27 04:20:00,太慈桥,1、追尾的,负全部责任,不负责任,1,贵AD2696,白,1,渝A77750,红,（观山湖区）诚信驾驶培训有限公司,520115,2009/8/14 0:00,2007/11/1 0:00,嘉陵牌,长安,364548000000000000 ,366570000000000000 ,198408,197202,4,4,3,工作日,非高峰,2015-03-27,2015年3月27日,阵雨 /阵雨,18℃ / 13℃,南风 ≤3级 /南风 ≤3级,阵雨,阵雨,18,13,南风,≤3级,南风,≤3级,night
2015-03-27 07:59:00,五眼桥,7、未按规定让行的 ,负全部责任,不负责任,1,贵A16K28,白色,1,贵APA056,白色,铁二局驾校,520117,2014/5/12 0:00,2010/11/29 0:00,吉利牌,力帆牌,364547000000000000 ,366067000000000000 ,195705,197609,7,4,3,工作日,早高峰(7-9点),2015-03-27,2015年3月27日,阵雨 /阵雨,18℃ / 13℃,南风 ≤3级 /南风 ≤3级,阵雨,阵雨,18,13,南风,≤3级,南风,≤3级,day
2015-03-26 18:35:00,小河平桥,1、追尾的,负全部责任,不负责任,1,贵FV0276,白色,1,贵A3C925,白色,十一驾驶培训有限公司,-1,2012/4/16 0:00,-1,铃木牌,别克牌,366068000000000000 ,3668620000000000 ,199211,197206,18,3,3,工作日,晚高峰(17-19点),2015-03-26,2015年3月26日,阴 /阵雨,17℃ / 12℃,南风 ≤3级 /南风 ≤3级,阴,阵雨,17,12,南风,≤3级,南风,≤3级,day
2015-03-27 08:30:00,合朋二手车市场,7、未按规定让行的 ,负全部责任,不负责任,1,陕E28358,白色,1,贵A1306N,白色,-1,顺一驾驶培训学校,-1,2011/5/23 0:00,\N,夏利牌,724568000000000000 ,364556000000000000 ,198609,199012,8,4,3,工作日,早高峰(7-9点),2015-03-27,2015年3月27日,阵雨 /阵雨,18℃ / 13℃,南风 ≤3级 /南风 ≤3级,阵雨,阵雨,18,13,南风,≤3级,南风,≤3级,day
2015-03-26 20:30:00,贵龙大道,7、未按规定让行的 ,负全部责任,不负责任,1,贵FY2419,白色,1,贵A1167T,白色,黔南金都汽车驾驶学校,-1,2012/12/11 0:00,-1,纳智捷牌,东风雪铁龙牌,366070000000000000 ,366861000000000000 ,198410,197210,20,3,3,工作日,非高峰,2015-03-26,2015年3月26日,阴 /阵雨,17℃ / 12℃,南风 ≤3级 /南风 ≤3级,阴,阵雨,17,12,南风,≤3级,南风,≤3级,night
2015-03-27 08:15:00,东山路,1、追尾的,负全部责任,不负责任,1,贵A757E1,绿,1,贵A18H15,蓝,-1,新华驾校,-1,2014/9/4 0:00,北京牌,马自达牌,366064000000000000 ,364558000000000000 ,198107,198602,8,4,3,工作日,早高峰(7-9点),2015-03-27,2015年3月27日,阵雨 /阵雨,18℃ / 13℃,南风 ≤3级 /南风 ≤3级,阵雨,阵雨,18,13,南风,≤3级,南风,≤3级,day
2015-03-26 17:30:00,百花大道,7、未按规定让行的 ,负全部责任,不负责任,1,贵HAH949,白,1,贵A131B8,白,自培,-1,2015/3/10 0:00,-1,长安牌,解放牌,706067000000000000 ,77460500000000000 ,199407,197009,17,3,3,工作日,晚高峰(17-19点),2015-03-26,2015年3月26日,阴 /阵雨,17℃ / 12℃,南风 ≤3级 /南风 ≤3级,阴,阵雨,17,12,南风,≤3级,南风,≤3级,day
2015-03-26 21:40:00,沙冲路,3、倒车的,负全部责任,不负责任,1,贵4514555,黑色,1,贵A91A68,白色,-1,十一培,-1,1993/12/5 0:00,-1,五菱牌,366046000000000000 ,364547000000000000 ,197602,196504,21,3,3,工作日,非高峰,2015-03-26,2015年3月26日,阴 /阵雨,17℃ / 12℃,南风 ≤3级 /南风 ≤3级,阴,阵雨,17,12,南风,≤3级,南风,≤3级,night
2015-03-26 22:10:00,北京路,7、未按规定让行的 ,负全部责任,不负责任,1,贵AU8689,蓝,1,贵AJY546,银,-1,十一培,-1,1993/2/24 0:00,瑞麒牌,豪情牌,366346000000000000 ,364547000000000000 ,198269,196202,22,3,3,工作日,非高峰,2015-03-26,2015年3月26日,阴 /阵雨,17℃ / 12℃,南风 ≤3级 /南风 ≤3级,阴,阵雨,17,12,南风,≤3级,南风,≤3级,night
2015-03-26 18:30:00,奥体中心,7、未按规定让行的 ,负全部责任,不负责任,1,贵A21225,黄,1,贵AM9899,银,自培,十一培,2008/3/12 0:00,1999/1/27 0:00,三铃牌,雷克萨斯,36656851855560035X,364548000000000000 ,197111,196505,18,3,3,工作日,晚高峰(17-19点),2015-03-26,2015年3月26日,阴 /阵雨,17℃ / 12℃,南风 ≤3级 /南风 ≤3级,阴,阵雨,17,12,南风,≤3级,南风,≤3级,day
2015-03-26 21:30:00,清水江路,3、倒车的,负全部责任,不负责任,1,闽A287N9,白色,1,贵A27S61,白色,自培,十一培,2011/9/22 0:00,1995/7/23 0:00,思威牌,雅阁牌,734596000000000000 ,366364000000000000 ,199207,196304,21,3,3,工作日,非高峰,2015-03-26,2015年3月26日,阴 /阵雨,17℃ / 12℃,南风 ≤3级 /南风 ≤3级,阴,阵雨,17,12,南风,≤3级,南风,≤3级,night
2015-03-26 20:10:00,白云区,1、追尾的,负全部责任,不负责任,1,贵A9137K,白,1,贵AU8093,白,路路达驾校,自培,2012/5/25 0:00,2003/4/22 0:00,吉利牌,宝来牌,364568000000000000 ,366046000000000000 ,198811,197707,20,3,3,工作日,非高峰,2015-03-26,2015年3月26日,阴 /阵雨,17℃ / 12℃,南风 ≤3级 /南风 ≤3级,阴,阵雨,17,12,南风,≤3级,南风,≤3级,night
2015-03-26 19:50:00,山水黔城,7、未按规定让行的 ,负全部责任,不负责任,1,贵AHS444,银,1,贵AV5114,银,-1,自培,-1,2001/7/11 0:00,沃尔沃牌,昊锐牌,36454751915565565X,366868000000000000 ,198911,197410,19,3,3,工作日,晚高峰(17-19点),2015-03-26,2015年3月26日,阴 /阵雨,17℃ / 12℃,南风 ≤3级 /南风 ≤3级,阴,阵雨,17,12,南风,≤3级,南风,≤3级,day
2015-03-26 21:30:00,遵义路,1、追尾的,负全部责任,不负责任,1,贵AV5466,白色,1,贵AU5228,白色,贵州省黔南交通驾驶学校,自培,2011/4/12 0:00,2011/12/8 0:00,东力牌,桑塔纳牌,366864000000000000 ,364567000000000000 ,198611,199306,21,3,3,工作日,非高峰,2015-03-26,2015年3月26日,阴 /阵雨,17℃ / 12℃,南风 ≤3级 /南风 ≤3级,阴,阵雨,17,12,南风,≤3级,南风,≤3级,night
2015-03-26 18:13:00,后坝,7、未按规定让行的 ,负全部责任,不负责任,1,渝A35C75,白,1,贵A361D3,白,自培,自培,2004/2/18 0:00,2007/8/16 0:00,风景,解放牌,354661000000000000 ,55496500000000000 ,197206,198609,18,3,3,工作日,晚高峰(17-19点),2015-03-26,2015年3月26日,阴 /阵雨,17℃ / 12℃,南风 ≤3级 /南风 ≤3级,阴,阵雨,17,12,南风,≤3级,南风,≤3级,day
2015-03-26 18:20:00,三桥,7、未按规定让行的 ,负全部责任,不负责任,1,贵AGD191,银,1,贵A95792,银,自培,自培,2003/9/9 0:00,2002/12/27 0:00,宝来牌,豪泺牌,366367000000000000 ,364557000000000000 ,196704,198406,18,3,3,工作日,晚高峰(17-19点),2015-03-26,2015年3月26日,阴 /阵雨,17℃ / 12℃,南风 ≤3级 /南风 ≤3级,阴,阵雨,17,12,南风,≤3级,南风,≤3级,day
2015-03-26 17:45:00,白云区,8、依法应负全责的其他情形,负全部责任,不负责任,1,贵ALA404,绿,1,贵AV0945,黑,自培,自培,2000/11/13 0:00,2002/9/17 0:00,迪马牌,北京现代牌,366876000000000000 ,364558000000000000 ,197307,196309,17,3,3,工作日,晚高峰(17-19点),2015-03-26,2015年3月26日,阴 /阵雨,17℃ / 12℃,南风 ≤3级 /南风 ≤3级,阴,阵雨,17,12,南风,≤3级,南风,≤3级,day
2015-03-26 18:00:00,大营坡,1、追尾的,负全部责任,不负责任,1,贵AMV372,黑,0,贵GK6555,银,-1,-1,-1,-1,北京牌,思威牌,364566000000000000 ,565514000000000000 ,196106,39000,18,3,3,工作日,晚高峰(17-19点),2015-03-26,2015年3月26日,阴 /阵雨,17℃ / 12℃,南风 ≤3级 /南风 ≤3级,阴,阵雨,17,12,南风,≤3级,南风,≤3级,day
2015-03-27 12:30:00,甲秀楼,9、不符合前8款规定或者双方同时具有上述情形的,负同等责任,负同等责任,0,贵ANK951,白,1,贵A23H78,银,（南明区）阳光驾驶培训有限公司,铁二局驾校,2006/11/7 0:00,2005/2/28 0:00,东风雪铁龙牌,马自达牌,366566000000000000 ,364548000000000000 ,197606,195909,12,4,3,工作日,非高峰,2015-03-27,2015年3月27日,阵雨 /阵雨,18℃ / 13℃,南风 ≤3级 /南风 ≤3级,阵雨,阵雨,18,13,南风,≤3级,南风,≤3级,day
2015-03-27 09:50:00,合朋市场,8、依法应负全责的其他情形,负全部责任,不负责任,1,贵A23133,白色,1,川A370FX,白色,-1,-1,-1,-1,楚胜牌,东风日产牌,364557000000000000 ,724568000000000000 ,197510,198710,9,4,3,工作日,早高峰(7-9点),2015-03-27,2015年3月27日,阵雨 /阵雨,18℃ / 13℃,南风 ≤3级 /南风 ≤3级,阵雨,阵雨,18,13,南风,≤3级,南风,≤3级,day
2015-03-27 09:40:00,遵义路,1、追尾的,负全部责任,不负责任,1,贵A8BY76,白色,1,贵AH1071,白色,铁二局驾校,景宏驾校,2015/1/9 0:00,2012/12/10 0:00,思威牌,起亚牌,366346000000000000 ,364547000000000000 ,198402,198912,9,4,3,工作日,早高峰(7-9点),2015-03-27,2015年3月27日,阵雨 /阵雨,18℃ / 13℃,南风 ≤3级 /南风 ≤3级,阵雨,阵雨,18,13,南风,≤3级,南风,≤3级,day
2015-03-27 08:40:00,长岭南路,1、追尾的,负全部责任,不负责任,1,粤BN821U,红,1,贵A47M13,红,-1,文通驾校,-1,2013/9/16 0:00,别克牌,起亚牌,376762000000000000 ,356767000000000000 ,197606,198109,8,4,3,工作日,早高峰(7-9点),2015-03-27,2015年3月27日,阵雨 /阵雨,18℃ / 13℃,南风 ≤3级 /南风 ≤3级,阵雨,阵雨,18,13,南风,≤3级,南风,≤3级,day
2015-03-27 08:45:00,花果园大街,7、未按规定让行的 ,负全部责任,不负责任,1,贵AZB960,白色,1,贵AU5105,白色,新天驾校,预约考试窗口,2014/10/22 0:00,2006/2/21 0:00,大众牌,捷达牌,654897000000000000 ,364556000000000000 ,198603,198711,8,4,3,工作日,早高峰(7-9点),2015-03-27,2015年3月27日,阵雨 /阵雨,18℃ / 13℃,南风 ≤3级 /南风 ≤3级,阵雨,阵雨,18,13,南风,≤3级,南风,≤3级,day
2015-03-27 08:25:00,白云区,7、未按规定让行的 ,负全部责任,不负责任,1,贵CGG388,银,1,贵AH2411,黑,贵大佳德驾驶培训学校,-1,2012/12/26 0:00,-1,谛艾仕牌,豪爵牌,366567000000000000 ,36606400000000000 ,199007,198601,8,4,3,工作日,早高峰(7-9点),2015-03-27,2015年3月27日,阵雨 /阵雨,18℃ / 13℃,南风 ≤3级 /南风 ≤3级,阵雨,阵雨,18,13,南风,≤3级,南风,≤3级,day