accidenttime,accidentaddr,driver1fault,driver1responsibility,driver2responsibility,sex1,platenumber1,carcolor1,sex2,platenumber2,carcolor2,jxmc1,jxmc2,cclzrq1,cclzrq2,clpp1,clpp2,driver1license,driver2license,brith1,brith2,hour,weekday,month,is_weekday,peak_hour,date,日期,天气状况,气温,风力风向,day_wea,night_wea,day_tep,night_tep,day_wind_direction,day_wind_speed,night_wind_direction,night_wind_speed,segment
2015-03-27 14:10:00,后坝,7、未按规定让行的 ,负全部责任,不负责任,1,琼AS1658,白,1,贵AU5202,黑,-1,520114,-1,2003/6/20 0:00,银钢牌,丰田牌,73489100000000000 ,36636651845564303X,196502,197011,14,4,3,工作日,非高峰,2015-03-27,2015年3月27日,阵雨 /阵雨,18℃ / 13℃,南风 ≤3级 /南风 ≤3级,阵雨,阵雨,18,13,南风,≤3级,南风,≤3级,day
2015-03-27 16:00:00,花果园,7、未按规定让行的 ,负全部责任,不负责任,1,贵APL173,白色,1,贵A39V33,白色,-1,新华驾校,-1,2011/10/28 0:00,东风牌,起亚牌,366664000000000000 ,36636651394854245X,196806,195807,16,4,3,工作日,非高峰,2015-03-27,2015年3月27日,阵雨 /阵雨,18℃ / 13℃,南风 ≤3级 /南风 ≤3级,阵雨,阵雨,18,13,南风,≤3级,南风,≤3级,day
2015-03-27 16:00:00,青龙路,7、未按规定让行的 ,负全部责任,不负责任,1,贵ARZ847,白色,1,贵A9074K,黑色,-1,路路达驾校,-1,2013/12/11 0:00,雅阁牌,众泰牌,364556000000000000 ,364548000000000000 ,198504,199104,16,4,3,工作日,非高峰,2015-03-27,2015年3月27日,阵雨 /阵雨,18℃ / 13℃,南风 ≤3级 /南风 ≤3级,阵雨,阵雨,18,13,南风,≤3级,南风,≤3级,day
2015-03-27 13:10:00,西南商贸城,9、不符合前8款规定或者双方同时具有上述情形的,负同等责任,负同等责任,1,贵A1377A,红,1,贵A7160M,蓝,（南明区）金大驾驶培训有限公司,路路达驾校,2008/6/11 0:00,2012/11/5 0:00,中华牌,长安牌,366675000000000000 ,364557000000000000 ,198406,196906,13,4,3,工作日,非高峰,2015-03-27,2015年3月27日,阵雨 /阵雨,18℃ / 13℃,南风 ≤3级 /南风 ≤3级,阵雨,阵雨,18,13,南风,≤3级,南风,≤3级,day
2015-03-27 08:10:00,新华路,7、未按规定让行的 ,负全部责任,不负责任,1,贵A15C87,银,1,贵AU7099,黄,自培,-1,2002/9/3 0:00,-1,东风雪铁龙牌,新宝牌,724541000000000000 ,366567000000000000 ,197903,197412,8,4,3,工作日,早高峰(7-9点),2015-03-27,2015年3月27日,阵雨 /阵雨,18℃ / 13℃,南风 ≤3级 /南风 ≤3级,阵雨,阵雨,18,13,南风,≤3级,南风,≤3级,day
2015-03-27 09:00:00,苗圃隧道,1、追尾的,负全部责任,不负责任,1,贵A6332E,白色,1,贵AHE716,白色,自培,青正驾校,2006/7/31 0:00,2011/7/21 0:00,江铃全顺牌,昌河牌,366864000000000000 ,354767000000000000 ,198109,196306,9,4,3,工作日,早高峰(7-9点),2015-03-27,2015年3月27日,阵雨 /阵雨,18℃ / 13℃,南风 ≤3级 /南风 ≤3级,阵雨,阵雨,18,13,南风,≤3级,南风,≤3级,day
2015-03-27 09:00:00,乌当,1、追尾的,负全部责任,不负责任,1,渝GZ8174,白,1,贵A9560C,银,自培,-1,2003/7/3 0:00,-1,北京牌,北京现代牌,356767000000000000 ,364557000000000000 ,197509,199506,9,4,3,工作日,早高峰(7-9点),2015-03-27,2015年3月27日,阵雨 /阵雨,18℃ / 13℃,南风 ≤3级 /南风 ≤3级,阵雨,阵雨,18,13,南风,≤3级,南风,≤3级,day
2015-03-27 10:00:00,护国路,7、未按规定让行的 ,负全部责任,不负责任,1,川RCP988,白色,1,贵AU9907,白色,自培,-1,2000/8/3 0:00,-1,思威牌,迅龙牌,356767000000000000 ,366068000000000000 ,197601,198211,10,4,3,工作日,非高峰,2015-03-27,2015年3月27日,阵雨 /阵雨,18℃ / 13℃,南风 ≤3级 /南风 ≤3级,阵雨,阵雨,18,13,南风,≤3级,南风,≤3级,day
2015-03-27 11:00:00,遵义路,7、未按规定让行的 ,负全部责任,不负责任,1,贵AJ2826,黑色,1,贵AU8912,白色,自培,-1,2004/7/21 0:00,-1,东风日产牌,瑞麒牌,364547000000000000 ,364557000000000000 ,197309,198504,11,4,3,工作日,非高峰,2015-03-27,2015年3月27日,阵雨 /阵雨,18℃ / 13℃,南风 ≤3级 /南风 ≤3级,阵雨,阵雨,18,13,南风,≤3级,南风,≤3级,day
2015-03-27 09:10:00,名诚,1、追尾的,负全部责任,不负责任,0,湘AD226T,白,1,贵A4194P,白,自培,-1,2014/1/12 0:00,-1,北京现代牌,威驰,64840500000000000 ,366846000000000000 ,199002,197501,9,4,3,工作日,早高峰(7-9点),2015-03-27,2015年3月27日,阵雨 /阵雨,18℃ / 13℃,南风 ≤3级 /南风 ≤3级,阵雨,阵雨,18,13,南风,≤3级,南风,≤3级,day
2015-03-27 12:40:00,四方河路,7、未按规定让行的 ,负全部责任,不负责任,1,贵A26M11,白色,1,贵ALL298,白色,金大驾校,十一培,2014/6/26 0:00,1997/6/18 0:00,大众牌,吉利美日牌,364547000000000000 ,364547000000000000 ,197610,197409,12,4,3,工作日,非高峰,2015-03-27,2015年3月27日,阵雨 /阵雨,18℃ / 13℃,南风 ≤3级 /南风 ≤3级,阵雨,阵雨,18,13,南风,≤3级,南风,≤3级,day
2015-03-27 07:40:00,巴山北路,8、依法应负全责的其他情形,负全部责任,不负责任,1,贵A76Z98,黑,1,贵A88C15,银,-1,自培,-1,2002/6/20 0:00,海马牌,宝骏牌,364547000000000000 ,364557000000000000 ,196007,197908,7,4,3,工作日,早高峰(7-9点),2015-03-27,2015年3月27日,阵雨 /阵雨,18℃ / 13℃,南风 ≤3级 /南风 ≤3级,阵雨,阵雨,18,13,南风,≤3级,南风,≤3级,day
2015-03-27 12:02:00,宝山北路,8、依法应负全责的其他情形,负全部责任,不负责任,1,贵AU0819,黑,1,贵AF3371,黑,遵义市泥桥诚兴汽车驾驶培训学校,自培,2010/4/2 0:00,2004/7/13 0:00,大众牌,东风日产牌,36656851154141635X,36454651244851445X,199109,196007,12,4,3,工作日,非高峰,2015-03-27,2015年3月27日,阵雨 /阵雨,18℃ / 13℃,南风 ≤3级 /南风 ≤3级,阵雨,阵雨,18,13,南风,≤3级,南风,≤3级,day
2015-03-27 08:55:00,太慈桥,7、未按规定让行的 ,负全部责任,不负责任,1,贵AC2978,白,1,贵AU8918,黄,（南明区）阳光驾驶培训有限公司,自培,2006/3/29 0:00,2006/8/17 0:00,红旗,宗申牌,364548000000000000 ,36606351824260607X,197204,197606,8,4,3,工作日,早高峰(7-9点),2015-03-27,2015年3月27日,阵雨 /阵雨,18℃ / 13℃,南风 ≤3级 /南风 ≤3级,阵雨,阵雨,18,13,南风,≤3级,南风,≤3级,day
2015-03-27 08:14:00,云环路,7、未按规定让行的 ,负全部责任,不负责任,1,贵GL6703,白,1,贵A5181U,银,-1,自培,-1,2002/4/16 0:00,福克斯牌,起亚牌,366363000000000000 ,366347000000000000 ,196509,196704,8,4,3,工作日,早高峰(7-9点),2015-03-27,2015年3月27日,阵雨 /阵雨,18℃ / 13℃,南风 ≤3级 /南风 ≤3级,阵雨,阵雨,18,13,南风,≤3级,南风,≤3级,day
2015-03-27 11:00:00,都司路高架桥,8、依法应负全责的其他情形,负全部责任,不负责任,1,贵AWY571,白色,1,贵A31969,白色,-1,自培,-1,2003/7/15 0:00,兰德酷路泽普拉多,隆鑫牌,364547000000000000 ,364547000000000000 ,198610,197208,11,4,3,工作日,非高峰,2015-03-27,2015年3月27日,阵雨 /阵雨,18℃ / 13℃,南风 ≤3级 /南风 ≤3级,阵雨,阵雨,18,13,南风,≤3级,南风,≤3级,day
2015-03-26 20:44:00,世纪城,3、倒车的,负全部责任,不负责任,1,湘AX3T31,黑,1,贵CET354,黑,自培,自培,2012/4/20 0:00,2004/5/21 0:00,北京牌,海马牌,74766500000000000 ,366569000000000000 ,196411,197705,20,3,3,工作日,非高峰,2015-03-26,2015年3月26日,阴 /阵雨,17℃ / 12℃,南风 ≤3级 /南风 ≤3级,阴,阵雨,17,12,南风,≤3级,南风,≤3级,night
2015-03-27 13:30:00,青年路,7、未按规定让行的 ,负全部责任,不负责任,1,贵4274973,白色,1,贵A27R99,白色,自培,贵大驾校,2007/7/25 0:00,2013/12/13 0:00,-1,福特牌,364596000000000000 ,364551000000000000 ,198711,198603,13,4,3,工作日,非高峰,2015-03-27,2015年3月27日,阵雨 /阵雨,18℃ / 13℃,南风 ≤3级 /南风 ≤3级,阵雨,阵雨,18,13,南风,≤3级,南风,≤3级,day
2015-03-27 10:20:00,金阳,3、倒车的,负全部责任,不负责任,1,贵FG0215,黑,1,闽D523D3,黑,自培,-1,2004/3/20 0:00,-1,帕萨特牌,宝马牌,366046000000000000 ,765500000000000000 ,197601,198111,10,4,3,工作日,非高峰,2015-03-27,2015年3月27日,阵雨 /阵雨,18℃ / 13℃,南风 ≤3级 /南风 ≤3级,阵雨,阵雨,18,13,南风,≤3级,南风,≤3级,day
2015-03-27 13:30:00,八匹马,1、追尾的,负全部责任,不负责任,1,赣B50743,白,1,贵A41L24,白,-1,省交校,-1,2012/11/23 0:00,五菱牌,长安牌,724063000000000000 ,364547000000000000 ,197107,199010,13,4,3,工作日,非高峰,2015-03-27,2015年3月27日,阵雨 /阵雨,18℃ / 13℃,南风 ≤3级 /南风 ≤3级,阵雨,阵雨,18,13,南风,≤3级,南风,≤3级,day
2015-03-27 14:30:00,小河,1、追尾的,负全部责任,不负责任,1,贵A261E4,白色,1,渝CW4278,白色,-1,预约考试窗口,-1,2006/12/25 0:00,江铃牌,奥迪,734596000000000000 ,354662000000000000 ,199105,197208,14,4,3,工作日,非高峰,2015-03-27,2015年3月27日,阵雨 /阵雨,18℃ / 13℃,南风 ≤3级 /南风 ≤3级,阵雨,阵雨,18,13,南风,≤3级,南风,≤3级,day
2015-03-27 14:50:00,二铺,7、未按规定让行的 ,负全部责任,不负责任,1,GGB402,黑,1,渝BA3819,黑,省交校,#,2014/8/5 0:00,-1,-1,-1,364556000000000000 ,366068000000000000 ,198410,197010,14,4,3,工作日,非高峰,2015-03-27,2015年3月27日,阵雨 /阵雨,18℃ / 13℃,南风 ≤3级 /南风 ≤3级,阵雨,阵雨,18,13,南风,≤3级,南风,≤3级,day
2015-03-27 10:10:00,八匹马,7、未按规定让行的 ,负全部责任,不负责任,1,贵AA985X,蓝,1,贵JBQ926,银,贵州现代驾驶培训责任有限公司,青正驾校,2014/6/26 0:00,2013/8/22 0:00,比亚迪牌,吉利牌,364568000000000000 ,366347000000000000 ,199001,198209,10,4,3,工作日,非高峰,2015-03-27,2015年3月27日,阵雨 /阵雨,18℃ / 13℃,南风 ≤3级 /南风 ≤3级,阵雨,阵雨,18,13,南风,≤3级,南风,≤3级,day
2015-03-27 16:35:00,北二环,1、追尾的,负全部责任,不负责任,1,贵AP8329,黑,1,贵GT3389,白,自培,-1,2001/2/1 0:00,-1,别克牌,福特牌,264368000000000000 ,366063000000000000 ,196904,198705,16,4,3,工作日,非高峰,2015-03-27,2015年3月27日,阵雨 /阵雨,18℃ / 13℃,南风 ≤3级 /南风 ≤3级,阵雨,阵雨,18,13,南风,≤3级,南风,≤3级,day
2015-03-27 15:00:00,汤巴关隧道,7、未按规定让行的 ,负全部责任,不负责任,1,贵A4822H,白色,1,贵JBT347,白色,罗甸县吉兴汽车驾驶培训学校,全林驾校,-1,2012/6/13 0:00,五菱牌,马自达牌,366869000000000000 ,366864000000000000 ,198903,198710,15,4,3,工作日,非高峰,2015-03-27,2015年3月27日,阵雨 /阵雨,18℃ / 13℃,南风 ≤3级 /南风 ≤3级,阵雨,阵雨,18,13,南风,≤3级,南风,≤3级,day
2015-03-27 16:30:00,花溪,7、未按规定让行的 ,负全部责任,不负责任,1,贵A72A67,白色,1,贵A4994Y,白色,金大驾校,新天驾校,2005/7/15 0:00,2011/8/29 0:00,长安牌,广汽菲亚特牌,364557000000000000 ,364556000000000000 ,197610,198702,16,4,3,工作日,非高峰,2015-03-27,2015年3月27日,阵雨 /阵雨,18℃ / 13℃,南风 ≤3级 /南风 ≤3级,阵雨,阵雨,18,13,南风,≤3级,南风,≤3级,day
2015-03-27 15:30:00,白云区,1、追尾的,负全部责任,不负责任,1,贵GR9026,银,1,贵AMT268,银,时发驾校,消防驾校,2012/4/24 0:00,2011/4/25 0:00,奇瑞牌,福克斯牌,364558000000000000 ,364558000000000000 ,198911,198902,15,4,3,工作日,非高峰,2015-03-27,2015年3月27日,阵雨 /阵雨,18℃ / 13℃,南风 ≤3级 /南风 ≤3级,阵雨,阵雨,18,13,南风,≤3级,南风,≤3级,day
2015-03-27 17:00:00,下坝,8、依法应负全责的其他情形,负全部责任,不负责任,1,浙C54Y41,黑,1,贵ASJ849,蓝,-1,贵州晨运驾驶培训学校,-1,2012/1/10 0:00,北京现代牌,东风日产牌,354364000000000000 ,77476851925555645X,198712,198611,17,4,3,工作日,晚高峰(17-19点),2015-03-27,2015年3月27日,阵雨 /阵雨,18℃ / 13℃,南风 ≤3级 /南风 ≤3级,阵雨,阵雨,18,13,南风,≤3级,南风,≤3级,day
2015-03-27 16:00:00,永乐路,7、未按规定让行的 ,负全部责任,不负责任,1,贵ASL771,银,1,贵DW1997,白,自培,-1,2014/12/30 0:00,-1,解放牌,大众牌,366566000000000000 ,366646000000000000 ,197608,199001,16,4,3,工作日,非高峰,2015-03-27,2015年3月27日,阵雨 /阵雨,18℃ / 13℃,南风 ≤3级 /南风 ≤3级,阵雨,阵雨,18,13,南风,≤3级,南风,≤3级,day
2015-03-27 13:00:00,北京路,1、追尾的,负全部责任,不负责任,0,贵AHE278,黑,1,贵AB3566,白,自培,-1,2005/1/29 0:00,-1,夏利牌,丰田牌,366361000000000000 ,734397000000000000 ,197809,196303,13,4,3,工作日,非高峰,2015-03-27,2015年3月27日,阵雨 /阵雨,18℃ / 13℃,南风 ≤3级 /南风 ≤3级,阵雨,阵雨,18,13,南风,≤3级,南风,≤3级,day
2015-03-27 13:00:00,金阳,1、追尾的,负全部责任,不负责任,1,贵ANL613,白,1,贵A43X96,白,自培,-1,2003/8/18 0:00,-1,东风雪铁龙牌,奇瑞牌,364547000000000000 ,366363000000000 ,198302,731211,13,4,3,工作日,非高峰,2015-03-27,2015年3月27日,阵雨 /阵雨,18℃ / 13℃,南风 ≤3级 /南风 ≤3级,阵雨,阵雨,18,13,南风,≤3级,南风,≤3级,day
2015-03-27 11:30:00,五眼桥,9、不符合前8款规定或者双方同时具有上述情形的,负同等责任,负同等责任,1,贵GGB579,白,1,贵CH5596,白,自培,铁二局驾校,2006/12/4 0:00,2002/7/15 0:00,雪佛兰牌,起亚牌,364556000000000000 ,366575000000000000 ,198011,197409,11,4,3,工作日,非高峰,2015-03-27,2015年3月27日,阵雨 /阵雨,18℃ / 13℃,南风 ≤3级 /南风 ≤3级,阵雨,阵雨,18,13,南风,≤3级,南风,≤3级,day
2015-03-27 16:30:00,北京路,1、追尾的,负全部责任,不负责任,1,贵AU6664,黄,1,贵A7TW32,白,-1,十一培,-1,1989/11/5 0:00,东风雪铁龙牌,-1,364546000000 ,364547000000000000 ,882,196803,16,4,3,工作日,非高峰,2015-03-27,2015年3月27日,阵雨 /阵雨,18℃ / 13℃,南风 ≤3级 /南风 ≤3级,阵雨,阵雨,18,13,南风,≤3级,南风,≤3级,day
2015-03-27 13:39:00,水东路,3、倒车的,负全部责任,不负责任,1,闽A138B1,银,1,贵A39692,银,自培,自培,2007/3/16 0:00,2004/2/11 0:00,解放牌,大众汽车牌,734766000000000000 ,366271000000000000 ,197309,197811,13,4,3,工作日,非高峰,2015-03-27,2015年3月27日,阵雨 /阵雨,18℃ / 13℃,南风 ≤3级 /南风 ≤3级,阵雨,阵雨,18,13,南风,≤3级,南风,≤3级,day
2015-03-27 16:00:00,贵惠大道,1、追尾的,负全部责任,不负责任,1,贵A12B93,白色,1,贵A0300G,白色,遵义市祥顺机动车驾驶培训学校,自培,2011/1/14 0:00,2005/8/25 0:00,马自达牌,宝马牌,366577000000000000 ,364648000000000000 ,199203,198003,16,4,3,工作日,非高峰,2015-03-27,2015年3月27日,阵雨 /阵雨,18℃ / 13℃,南风 ≤3级 /南风 ≤3级,阵雨,阵雨,18,13,南风,≤3级,南风,≤3级,day
2015-03-27 13:16:00,火车站,3、倒车的,负全部责任,不负责任,1,贵A7BM77,黑,1,贵A6F555,蓝,（南明区）阳光驾驶培训有限公司,-1,2007/6/20 0:00,-1,雪佛兰牌,哈弗牌,364548000000000000 ,56161500000000000 ,197502,197207,13,4,3,工作日,非高峰,2015-03-27,2015年3月27日,阵雨 /阵雨,18℃ / 13℃,南风 ≤3级 /南风 ≤3级,阵雨,阵雨,18,13,南风,≤3级,南风,≤3级,day
2015-03-27 18:00:00,甲秀南路,1、追尾的,负全部责任,不负责任,1,贵ABM581,银,1,贵ALG888,银,-1,-1,-1,-1,五菱牌,捷达牌,66367500000000000 ,6626751854647595X ,970050,971020,18,4,3,工作日,晚高峰(17-19点),2015-03-27,2015年3月27日,阵雨 /阵雨,18℃ / 13℃,南风 ≤3级 /南风 ≤3级,阵雨,阵雨,18,13,南风,≤3级,南风,≤3级,day
2015-03-27 18:26:00,陈家坡,7、未按规定让行的 ,负全部责任,不负责任,1,贵GP5808,黑色,1,贵A95C36,白色,-1,蓝天驾校,-1,2011/10/11 0:00,大众汽车牌,高尔夫牌,366768000000000000 ,54247500000000000 ,199212,198203,18,4,3,工作日,晚高峰(17-19点),2015-03-27,2015年3月27日,阵雨 /阵雨,18℃ / 13℃,南风 ≤3级 /南风 ≤3级,阵雨,阵雨,18,13,南风,≤3级,南风,≤3级,day
2015-03-27 16:50:00,金顶山,3、倒车的,负全部责任,不负责任,1,贵AE4093,黑,1,贵A0BM81,黑,-1,贵州天河驾校,-1,2014/5/27 0:00,大运牌,长城牌,366363000000000000 ,364547000000000000 ,197503,198911,16,4,3,工作日,非高峰,2015-03-27,2015年3月27日,阵雨 /阵雨,18℃ / 13℃,南风 ≤3级 /南风 ≤3级,阵雨,阵雨,18,13,南风,≤3级,南风,≤3级,day
2015-03-27 23:42:00,花果园,7、未按规定让行的 ,负全部责任,不负责任,1,贵A835E3,白色,1,贵A34N69,白色,-1,自培,-1,2003/11/6 0:00,解放牌,雅阁牌,74066500000000000 ,366061000000000000 ,197106,198312,23,4,3,工作日,非高峰,2015-03-27,2015年3月27日,阵雨 /阵雨,18℃ / 13℃,南风 ≤3级 /南风 ≤3级,阵雨,阵雨,18,13,南风,≤3级,南风,≤3级,night
2015-03-28 02:30:00,小河锦江路,3、倒车的,负全部责任,不负责任,1,贵AB69ZA,白色,1,贵JAL948,白色,-1,鑫鑫驾校,-1,2014/2/14 0:00,-1,长城牌,34467800000000 ,364556000000000000 ,199506,199110,2,5,3,工作日,非高峰,2015-03-28,2015年3月28日,阵雨 /雷阵雨,17℃ / 14℃,南风 ≤3级 /南风 ≤3级,阵雨,雷阵雨,17,14,南风,≤3级,南风,≤3级,night
2015-03-27 19:00:00,太慈桥,7、未按规定让行的 ,负全部责任,不负责任,1,贵AAH330,白,1,贵JBP367,蓝,新华驾校,-1,1998/11/30 0:00,-1,长安牌,雪佛兰牌,364557000000000000 ,366070000000000000 ,197406,198311,19,4,3,工作日,晚高峰(17-19点),2015-03-27,2015年3月27日,阵雨 /阵雨,18℃ / 13℃,南风 ≤3级 /南风 ≤3级,阵雨,阵雨,18,13,南风,≤3级,南风,≤3级,day
2015-03-27 17:35:00,观山湖区,7、未按规定让行的 ,负全部责任,不负责任,1,贵A65K38,黑,1,浙K43347,白,-1,铁二局驾校,-1,2014/6/11 0:00,迈腾牌,江铃全顺牌,366546000000000000 ,366064000000000000 ,197012,199407,17,4,3,工作日,晚高峰(17-19点),2015-03-27,2015年3月27日,阵雨 /阵雨,18℃ / 13℃,南风 ≤3级 /南风 ≤3级,阵雨,阵雨,18,13,南风,≤3级,南风,≤3级,day
2015-03-27 22:00:00,花果园,8、依法应负全责的其他情形,负全部责任,不负责任,1,贵A87N27,白,0,贵GR1415,白,全林驾校,贵大佳德驾驶培训学校,2012/10/22 0:00,2015/2/12 0:00,大众牌,奥迪牌,364548000000000000 ,74360500000000000 ,198407,198108,22,4,3,工作日,非高峰,2015-03-27,2015年3月27日,阵雨 /阵雨,18℃ / 13℃,南风 ≤3级 /南风 ≤3级,阵雨,阵雨,18,13,南风,≤3级,南风,≤3级,night
2015-03-27 22:18:00,金阳,1、追尾的,负全部责任,不负责任,1,京NX8H51,黑,1,浙H1581N,黑,-1,自培,-1,-1,朗逸牌,福克斯牌,36666251935641443X,774996000000000000 ,198512,199207,22,4,3,工作日,非高峰,2015-03-27,2015年3月27日,阵雨 /阵雨,18℃ / 13℃,南风 ≤3级 /南风 ≤3级,阵雨,阵雨,18,13,南风,≤3级,南风,≤3级,night
2015-03-27 20:30:00,百花大道,7、未按规定让行的 ,负全部责任,不负责任,1,贵AU0029,白,1,贵A8BW02,蓝,无,吉源驾校,1988/5/22 0:00,2014/10/17 0:00,嘉陵牌,中华牌,364558000000000000 ,366067000000000000 ,196401,197712,20,4,3,工作日,非高峰,2015-03-27,2015年3月27日,阵雨 /阵雨,18℃ / 13℃,南风 ≤3级 /南风 ≤3级,阵雨,阵雨,18,13,南风,≤3级,南风,≤3级,night
2015-03-27 21:00:00, 花溪,1、追尾的,负全部责任,不负责任,1,贵AB7106,红,1,贵ASP521,白,自培,吉源驾校,1997/7/10 0:00,2013/8/23 0:00,杰士达,精灵,364547000000000000 ,366361000000000000 ,196005,199305,21,4,3,工作日,非高峰,2015-03-27,2015年3月27日,阵雨 /阵雨,18℃ / 13℃,南风 ≤3级 /南风 ≤3级,阵雨,阵雨,18,13,南风,≤3级,南风,≤3级,night
2015-03-27 18:45:00,富源北路,7、未按规定让行的 ,负全部责任,不负责任,1,川A606N0,白色,1,贵A69G77,白色,-1,贵阳学院汽车驾驶培训,-1,2012/8/16 0:00,丰田牌,长安牌,366271000000000000 ,366068000000000000 ,198210,198802,18,4,3,工作日,晚高峰(17-19点),2015-03-27,2015年3月27日,阵雨 /阵雨,18℃ / 13℃,南风 ≤3级 /南风 ≤3级,阵雨,阵雨,18,13,南风,≤3级,南风,≤3级,day
2015-03-27 22:40:00,火车站,1、追尾的,负全部责任,不负责任,1,贵A94K27,银,1,贵AX7972,银,-1,-1,-1,-1,长城牌,别克牌,6606751174342405X ,64547500000000000 ,993050,982061,22,4,3,工作日,非高峰,2015-03-27,2015年3月27日,阵雨 /阵雨,18℃ / 13℃,南风 ≤3级 /南风 ≤3级,阵雨,阵雨,18,13,南风,≤3级,南风,≤3级,night
2015-03-28 01:00:00,甘荫塘,3、倒车的,负全部责任,不负责任,1,贵AED302,白色,1,川AR8570,白色,安顺市开发区千合机动车培训学校,-1,2011/2/21 0:00,-1,吉利牌,轰轰烈牌,366369000000000000 ,355467000000000000 ,197108,195711,1,5,3,工作日,非高峰,2015-03-28,2015年3月28日,阵雨 /雷阵雨,17℃ / 14℃,南风 ≤3级 /南风 ≤3级,阵雨,雷阵雨,17,14,南风,≤3级,南风,≤3级,night
2015-03-27 17:04:00,金阳,3、倒车的,负全部责任,不负责任,1,贵ANU793,白,1,贵A3310B,黑,自培,预约考试窗口,2003/6/17 0:00,2006/12/31 0:00,途锐,北京现代牌,364557000000000000 ,364596000000000000 ,198412,198806,17,4,3,工作日,晚高峰(17-19点),2015-03-27,2015年3月27日,阵雨 /阵雨,18℃ / 13℃,南风 ≤3级 /南风 ≤3级,阵雨,阵雨,18,13,南风,≤3级,南风,≤3级,day
2015-03-27 18:10:00,金阳,7、未按规定让行的 ,负全部责任,不负责任,1,鄂FBR158,黑,1,川EZ2501,黑,自培,-1,2007/6/22 0:00,-1,\N,凯翼牌 ,64266500000000000 ,354366000000000000 ,197209,199210,18,4,3,工作日,晚高峰(17-19点),2015-03-27,2015年3月27日,阵雨 /阵雨,18℃ / 13℃,南风 ≤3级 /南风 ≤3级,阵雨,阵雨,18,13,南风,≤3级,南风,≤3级,day
2015-03-27 16:40:00,新添大道,3、倒车的,负全部责任,不负责任,1,贵AMU421,黄,1,贵AW9621,黑,自培,十一培,2002/7/2 0:00,1999/1/8 0:00,朗逸牌,丰田牌,364566000000000000 ,364548000000000000 ,197911,197801,16,4,3,工作日,非高峰,2015-03-27,2015年3月27日,阵雨 /阵雨,18℃ / 13℃,南风 ≤3级 /南风 ≤3级,阵雨,阵雨,18,13,南风,≤3级,南风,≤3级,day
2015-03-27 21:07:00,大营坡,7、未按规定让行的 ,负全部责任,不负责任,1,贵A98537,黑,1,贵AU094,黑,自培,十一培,2008/7/26 0:00,1998/9/21 0:00,陕汽牌,-1,36606051934263525X,364547000000000000 ,198506,195509,21,4,3,工作日,非高峰,2015-03-27,2015年3月27日,阵雨 /阵雨,18℃ / 13℃,南风 ≤3级 /南风 ≤3级,阵雨,阵雨,18,13,南风,≤3级,南风,≤3级,night
2015-03-27 16:20:00,西南环线,7、未按规定让行的 ,负全部责任,不负责任,1,贵A16K28,白色,1,贵CC6843,黑色,铁二局驾校,自培,2014/5/12 0:00,2011/7/27 0:00,吉利牌,五菱牌,364547000000000000 ,366562000000000000 ,195705,198807,16,4,3,工作日,非高峰,2015-03-27,2015年3月27日,阵雨 /阵雨,18℃ / 13℃,南风 ≤3级 /南风 ≤3级,阵雨,阵雨,18,13,南风,≤3级,南风,≤3级,day
2015-03-27 14:00:00,金阳南路,1、追尾的,负全部责任,不负责任,1,贵CHT478,银,1,贵A41G59,银,-1,自培,-1,2005/6/17 0:00,金杯牌,长安牌,366567000000000000 ,366068000000000000 ,197304,198503,14,4,3,工作日,非高峰,2015-03-27,2015年3月27日,阵雨 /阵雨,18℃ / 13℃,南风 ≤3级 /南风 ≤3级,阵雨,阵雨,18,13,南风,≤3级,南风,≤3级,day
2015-03-27 21:40:00,北京西路,7、未按规定让行的 ,负全部责任,不负责任,1,贵A0GB47,白,1,贵A12G25,白,贵大驾校,自培,2011/7/15 0:00,2000/2/16 0:00,北京现代牌,马自达牌,366063000000000000 ,364548000000000000 ,198811,197805,21,4,3,工作日,非高峰,2015-03-27,2015年3月27日,阵雨 /阵雨,18℃ / 13℃,南风 ≤3级 /南风 ≤3级,阵雨,阵雨,18,13,南风,≤3级,南风,≤3级,night
2015-03-28 07:30:00,小河,3、倒车的,负全部责任,不负责任,1,贵AL8154,银,1,贵AN4233,白,（经开区）十一驾驶培训有限公司,自培,2006/1/12 0:00,2005/9/21 0:00,劲扬牌,飞肯牌,355468000000000000 ,36626951885665445X,197601,197712,7,5,3,工作日,早高峰(7-9点),2015-03-28,2015年3月28日,阵雨 /雷阵雨,17℃ / 14℃,南风 ≤3级 /南风 ≤3级,阵雨,雷阵雨,17,14,南风,≤3级,南风,≤3级,day
2015-03-27 21:00:00,大营坡,1、追尾的,负全部责任,不负责任,1,贵A524G6,白,1,贵AFT307,黑,-1,自培,-1,2003/11/24 0:00,江淮牌,一汽佳星牌,35476500000000000 ,366575000000000000 ,993012,197402,21,4,3,工作日,非高峰,2015-03-27,2015年3月27日,阵雨 /阵雨,18℃ / 13℃,南风 ≤3级 /南风 ≤3级,阵雨,阵雨,18,13,南风,≤3级,南风,≤3级,night
2015-03-27 19:58:00,龙洞堡机场,1、追尾的,负全部责任,不负责任,1,贵A15E68,白色,1,贵AU7562,白色,自培,自培,2008/2/3 0:00,2007/7/4 0:00,大众牌,万达牌,366367000000000000 ,36656551814353427X,198105,197905,19,4,3,工作日,晚高峰(17-19点),2015-03-27,2015年3月27日,阵雨 /阵雨,18℃ / 13℃,南风 ≤3级 /南风 ≤3级,阵雨,阵雨,18,13,南风,≤3级,南风,≤3级,day