accidenttime,accidentaddr,driver1fault,driver1responsibility,driver2responsibility,sex1,platenumber1,carcolor1,sex2,platenumber2,carcolor2,jxmc1,jxmc2,cclzrq1,cclzrq2,clpp1,clpp2,driver1license,driver2license,brith1,brith2,hour,weekday,month,is_weekday,peak_hour,date,日期,天气状况,气温,风力风向,day_wea,night_wea,day_tep,night_tep,day_wind_direction,day_wind_speed,night_wind_direction,night_wind_speed,segment
2015-03-27 20:21:00,金珠路口,1、追尾的,负全部责任,不负责任,1,贵AGB119,黑,1,贵A426F5,白,新天驾校,-1,2013/12/26 0:00,-1,宝马牌,豪沃牌,366566000000000000 ,366546000000000000 ,199210,196406,20,4,3,工作日,非高峰,2015-03-27,2015年3月27日,阵雨 /阵雨,18℃ / 13℃,南风 ≤3级 /南风 ≤3级,阵雨,阵雨,18,13,南风,≤3级,南风,≤3级,night
2015-03-28 08:00:00,新添大道,1、追尾的,负全部责任,不负责任,1,贵JAG999,白色,1,贵A39Z41,白色,-1,顺一驾驶培训学校,-1,2014/2/25 0:00,长安牌,迈凯B5,354596000000000000 ,364648000000000000 ,198503,198112,8,5,3,工作日,早高峰(7-9点),2015-03-28,2015年3月28日,阵雨 /雷阵雨,17℃ / 14℃,南风 ≤3级 /南风 ≤3级,阵雨,雷阵雨,17,14,南风,≤3级,南风,≤3级,day
2015-03-28 09:30:00,小河转盘,8、依法应负全责的其他情形,负全部责任,不负责任,1,豫AV7013,白色,1,贵AB683J,白色,-1,顺一驾驶培训学校,-1,2014/3/20 0:00,铃木牌,东风雪铁龙牌,55366500000000000 ,36654551885451403X,198805,197710,9,5,3,工作日,早高峰(7-9点),2015-03-28,2015年3月28日,阵雨 /雷阵雨,17℃ / 14℃,南风 ≤3级 /南风 ≤3级,阵雨,雷阵雨,17,14,南风,≤3级,南风,≤3级,day
2015-03-27 20:05:00,云峰大道,1、追尾的,负全部责任,不负责任,1,贵A6949C,白,1,贵AUA574,白,-1,泥桥诚兴驾校,-1,2008/8/11 0:00,吉利美日牌,吉利美日牌,366862000000000000 ,366566000000000000 ,198006,197807,20,4,3,工作日,非高峰,2015-03-27,2015年3月27日,阵雨 /阵雨,18℃ / 13℃,南风 ≤3级 /南风 ≤3级,阵雨,阵雨,18,13,南风,≤3级,南风,≤3级,night
2015-03-27 21:40:00,贵开路,7、未按规定让行的 ,负全部责任,不负责任,1,贵HCL886,银,1,贵AU7816,绿,自培,自培,2006/9/1 0:00,2011/5/26 0:00,大众牌,正好牌,364548000000000000 ,366670000000000000 ,198303,198712,21,4,3,工作日,非高峰,2015-03-27,2015年3月27日,阵雨 /阵雨,18℃ / 13℃,南风 ≤3级 /南风 ≤3级,阵雨,阵雨,18,13,南风,≤3级,南风,≤3级,night
2015-03-27 20:30:00,贵筑路,1、追尾的,负全部责任,不负责任,1,贵A08126,白色,1,贵A3295V,白色,贵大驾校,-1,2012/7/13 0:00,-1,北京,一汽佳星牌,364556000000000000 ,356168000000000000 ,198706,197608,20,4,3,工作日,非高峰,2015-03-27,2015年3月27日,阵雨 /阵雨,18℃ / 13℃,南风 ≤3级 /南风 ≤3级,阵雨,阵雨,18,13,南风,≤3级,南风,≤3级,night
2015-03-28 09:30:00,杨家山,1、追尾的,负全部责任,不负责任,1,贵ACR578,黑,1,川XHU4121,银,吉源驾校（南明区）,-1,2013/9/26 0:00,-1,长安牌,-1,366068000000000000 ,356168000000000000 ,199102,197002,9,5,3,工作日,早高峰(7-9点),2015-03-28,2015年3月28日,阵雨 /雷阵雨,17℃ / 14℃,南风 ≤3级 /南风 ≤3级,阵雨,雷阵雨,17,14,南风,≤3级,南风,≤3级,day
2015-03-28 09:45:00,花溪,9、不符合前8款规定或者双方同时具有上述情形的,负同等责任,负同等责任,1,贵H72832,白色,1,贵JQ3911,白色,-1,蓝天驾校,-1,2004/5/14 0:00,江淮牌,吉利美日牌,36687551244065451X,364556000000000000 ,196004,197609,9,5,3,工作日,早高峰(7-9点),2015-03-28,2015年3月28日,阵雨 /雷阵雨,17℃ / 14℃,南风 ≤3级 /南风 ≤3级,阵雨,雷阵雨,17,14,南风,≤3级,南风,≤3级,day
2015-03-28 11:20:00,金珠路,7、未按规定让行的 ,负全部责任,不负责任,1,贵AL7732,白,1,贵APN309,黑,-1,自培,-1,1998/6/23 0:00,大众汽车牌,金杯牌,364566000000000000 ,366370000000000000 ,195609,195603,11,5,3,工作日,非高峰,2015-03-28,2015年3月28日,阵雨 /雷阵雨,17℃ / 14℃,南风 ≤3级 /南风 ≤3级,阵雨,雷阵雨,17,14,南风,≤3级,南风,≤3级,day
2015-03-28 12:30:00,西南商贸城,8、依法应负全责的其他情形,负全部责任,不负责任,1,贵A8694W,银,1,贵A41586,黑,新天驾校,-1,2011/7/18 0:00,-1,五菱牌,丰田牌,366568000000000000 ,54663500000000000 ,197510,198811,12,5,3,工作日,非高峰,2015-03-28,2015年3月28日,阵雨 /雷阵雨,17℃ / 14℃,南风 ≤3级 /南风 ≤3级,阵雨,雷阵雨,17,14,南风,≤3级,南风,≤3级,day
2015-03-28 13:00:00,乌当,1、追尾的,负全部责任,不负责任,1,贵A36181,白,1,贵A38F45,白,-1,-1,-1,-1,福田牌,大众汽车牌,3665630000000000 ,366570000000000000 ,195621,198209,13,5,3,工作日,非高峰,2015-03-28,2015年3月28日,阵雨 /雷阵雨,17℃ / 14℃,南风 ≤3级 /南风 ≤3级,阵雨,雷阵雨,17,14,南风,≤3级,南风,≤3级,day
2015-03-27 17:40:00,西二环,1、追尾的,负全部责任,不负责任,1,贵JP1294,红,1,贵GT6824,黄,自培,-1,2002/10/11 0:00,-1,东风标致牌,别克牌,366870000000000000 ,365569000000000000 ,196511,198409,17,4,3,工作日,晚高峰(17-19点),2015-03-27,2015年3月27日,阵雨 /阵雨,18℃ / 13℃,南风 ≤3级 /南风 ≤3级,阵雨,阵雨,18,13,南风,≤3级,南风,≤3级,day
2015-03-28 08:00:00,西二环,1、追尾的,负全部责任,不负责任,1,贵ALC494,银,1,贵AB696M,银,自培,诚信驾驶培训学校,2006/9/5 0:00,2015/2/6 0:00,夏利牌,吉利牌,366068000000000000 ,364568000000000000 ,196601,199008,8,5,3,工作日,早高峰(7-9点),2015-03-28,2015年3月28日,阵雨 /雷阵雨,17℃ / 14℃,南风 ≤3级 /南风 ≤3级,阵雨,雷阵雨,17,14,南风,≤3级,南风,≤3级,day
2015-03-28 09:40:00,金清路,8、依法应负全责的其他情形,负全部责任,不负责任,1,贵AKS119,银,1,贵A5985K,银,自培,520127,2004/9/27 0:00,2009/1/22 0:00,英伦牌,五菱牌,366367000000000000 ,366669000000000000 ,195201,197910,9,5,3,工作日,早高峰(7-9点),2015-03-28,2015年3月28日,阵雨 /雷阵雨,17℃ / 14℃,南风 ≤3级 /南风 ≤3级,阵雨,雷阵雨,17,14,南风,≤3级,南风,≤3级,day
2015-03-28 09:30:00,解放路,7、未按规定让行的 ,负全部责任,不负责任,1,贵A63F35,白色,1,贵AU7956,白色,自培,-1,2000/9/25 0:00,-1,雪佛兰牌,恒通客车牌,364548000000000000 ,364567000000000000 ,198008,199007,9,5,3,工作日,早高峰(7-9点),2015-03-28,2015年3月28日,阵雨 /雷阵雨,17℃ / 14℃,南风 ≤3级 /南风 ≤3级,阵雨,雷阵雨,17,14,南风,≤3级,南风,≤3级,day
2015-03-28 08:00:00,头桥,7、未按规定让行的 ,负全部责任,不负责任,0,贵AB7494,黑,1,贵AA776W,银,自培,-1,2004/11/28 0:00,-1,世纪风牌,中华牌,364548000000000000 ,366064000000000000 ,197502,199402,8,5,3,工作日,早高峰(7-9点),2015-03-28,2015年3月28日,阵雨 /雷阵雨,17℃ / 14℃,南风 ≤3级 /南风 ≤3级,阵雨,雷阵雨,17,14,南风,≤3级,南风,≤3级,day
2015-03-28 08:50:00,黄金路,7、未按规定让行的 ,负全部责任,不负责任,1,贵AB9605,银,1,贵AU0445,蓝,吉源驾校,十一培,2012/8/15 0:00,1989/5/8 0:00,鑫源牌,金龙牌,366367000000000000 ,364547000000000000 ,198002,195801,8,5,3,工作日,早高峰(7-9点),2015-03-28,2015年3月28日,阵雨 /雷阵雨,17℃ / 14℃,南风 ≤3级 /南风 ≤3级,阵雨,雷阵雨,17,14,南风,≤3级,南风,≤3级,day
2015-03-27 21:00:00,新添寨,7、未按规定让行的 ,负全部责任,不负责任,1,贵A35M33,红,1,贵A4301N,银,（花溪区）贵州大学驾驶培训有限公司,自培,2008/10/21 0:00,2004/4/24 0:00,雪佛兰牌,飞度,36455651924046555X,364557000000000000 ,198604,198503,21,4,3,工作日,非高峰,2015-03-27,2015年3月27日,阵雨 /阵雨,18℃ / 13℃,南风 ≤3级 /南风 ≤3级,阵雨,阵雨,18,13,南风,≤3级,南风,≤3级,night
2015-03-28 09:00:00,贵乌路,1、追尾的,负全部责任,不负责任,1,贵ATW599,黑,1,贵AA2941,红,全林驾校,自培,2010/11/30 0:00,2001/12/28 0:00,夏利牌,大众汽车牌,64260500000000000 ,364548000000000000 ,197704,196010,9,5,3,工作日,早高峰(7-9点),2015-03-28,2015年3月28日,阵雨 /雷阵雨,17℃ / 14℃,南风 ≤3级 /南风 ≤3级,阵雨,雷阵雨,17,14,南风,≤3级,南风,≤3级,day
2015-03-28 10:00:00,花果园,9、不符合前8款规定或者双方同时具有上述情形的,负同等责任,负同等责任,0,贵A7678G,银,1,湘AVB572,红,黔东南州正林驾驶培训学校,自培,2011/4/15 0:00,2006/9/7 0:00,俊风牌,宝马,366664000000000000 ,36454751985640767X,196706,198712,10,5,3,工作日,非高峰,2015-03-28,2015年3月28日,阵雨 /雷阵雨,17℃ / 14℃,南风 ≤3级 /南风 ≤3级,阵雨,雷阵雨,17,14,南风,≤3级,南风,≤3级,day
2015-03-28 13:00:00,甲秀南路,1、追尾的,负全部责任,不负责任,1,浙HP2948,白色,1,贵A66R97,白色,-1,自培,-1,1998/9/22 0:00,长城牌,福克斯牌,77496751824362815X,366570000000000000 ,197605,197907,13,5,3,工作日,非高峰,2015-03-28,2015年3月28日,阵雨 /雷阵雨,17℃ / 14℃,南风 ≤3级 /南风 ≤3级,阵雨,雷阵雨,17,14,南风,≤3级,南风,≤3级,day
2015-03-28 11:00:00,长岭南路,9、不符合前8款规定或者双方同时具有上述情形的,负同等责任,负同等责任,1,贵AU6148,白,0,闽A46X47,白,520111,-1,-1,-1,大江牌,途锐,366068000000000000 ,734570000000000000 ,198002,197312,11,5,3,工作日,非高峰,2015-03-28,2015年3月28日,阵雨 /雷阵雨,17℃ / 14℃,南风 ≤3级 /南风 ≤3级,阵雨,雷阵雨,17,14,南风,≤3级,南风,≤3级,day
2015-03-28 11:00:00,中华北路,9、不符合前8款规定或者双方同时具有上述情形的,负同等责任,负同等责任,1,贵AWA614,白,1,贵A5BK05,黑,（经开区）顺一驾驶培训有限公司,-1,2008/1/11 0:00,-1,雷克萨斯,大众汽车牌,366862000000000000 ,366666000000000000 ,197407,196606,11,5,3,工作日,非高峰,2015-03-28,2015年3月28日,阵雨 /雷阵雨,17℃ / 14℃,南风 ≤3级 /南风 ≤3级,阵雨,雷阵雨,17,14,南风,≤3级,南风,≤3级,day
2015-03-28 11:00:00,东风镇,7、未按规定让行的 ,负全部责任,不负责任,1,贵A83B76,白,1,贵AE7722,白,-1,-1,-1,-1,思威牌,别克牌,35666751224550583X,366876000000000000 ,196601,196511,11,5,3,工作日,非高峰,2015-03-28,2015年3月28日,阵雨 /雷阵雨,17℃ / 14℃,南风 ≤3级 /南风 ≤3级,阵雨,雷阵雨,17,14,南风,≤3级,南风,≤3级,day
2015-03-28 11:48:00,半边街,3、倒车的,负全部责任,不负责任,0,贵AP9125,白,1,贵A75B61,白,自培,-1,2015/2/13 0:00,-1,珠江牌,福克斯牌,364548000000000000 ,35467500000000000 ,197111,196506,11,5,3,工作日,非高峰,2015-03-28,2015年3月28日,阵雨 /雷阵雨,17℃ / 14℃,南风 ≤3级 /南风 ≤3级,阵雨,雷阵雨,17,14,南风,≤3级,南风,≤3级,day
2015-03-28 14:53:00,花溪,3、倒车的,负全部责任,不负责任,1,贵ABL555,白色,1,贵AHG906,白色,520129,铁二局驾校,2012/12/9 0:00,2011/2/28 0:00,迷你,雪佛兰牌,366061000000000000 ,364548000000000000 ,197811,196011,14,5,3,工作日,非高峰,2015-03-28,2015年3月28日,阵雨 /雷阵雨,17℃ / 14℃,南风 ≤3级 /南风 ≤3级,阵雨,雷阵雨,17,14,南风,≤3级,南风,≤3级,day
2015-03-28 15:30:00,北新区,7、未按规定让行的 ,负全部责任,不负责任,1,贵A14N89,红,1,贵AU3139,绿 ,-1,520106,-1,2008/5/16 0:00,雪佛兰牌,瑞麒牌,36626051924269725X,364566000000000000 ,198606,198708,15,5,3,工作日,非高峰,2015-03-28,2015年3月28日,阵雨 /雷阵雨,17℃ / 14℃,南风 ≤3级 /南风 ≤3级,阵雨,雷阵雨,17,14,南风,≤3级,南风,≤3级,day
2015-03-28 14:56:00,刚玉街,6、违反交通信号的,负全部责任,不负责任,1,贵A0AM86,银,1,贵AA293U,银,（南明区）市交通职业技术驾驶培训学校,520123,2005/11/23 0:00,2009/1/12 0:00,莲花牌,丰田牌,366568000000000000 ,366375000000000000 ,198706,198409,14,5,3,工作日,非高峰,2015-03-28,2015年3月28日,阵雨 /雷阵雨,17℃ / 14℃,南风 ≤3级 /南风 ≤3级,阵雨,雷阵雨,17,14,南风,≤3级,南风,≤3级,day
2015-03-28 14:00:00,西城上品,3、倒车的,负全部责任,不负责任,1,贵A47G61,白色,1,贵A39R71,白色,（花溪区）贵州大学驾驶培训有限公司,诚信驾驶培训学校,2007/6/7 0:00,2012/4/17 0:00,奥迪牌,别克牌,706046000000000000 ,366669000000000000 ,198210,197407,14,5,3,工作日,非高峰,2015-03-28,2015年3月28日,阵雨 /雷阵雨,17℃ / 14℃,南风 ≤3级 /南风 ≤3级,阵雨,雷阵雨,17,14,南风,≤3级,南风,≤3级,day
2015-03-28 13:14:00,斗篷山,1、追尾的,负全部责任,不负责任,1,贵A5162C,白,0,贵A8951Y,白,铁二局驾校,高新驾校,2007/2/14 0:00,2014/8/24 0:00,哈飞牌,东风标致牌,364557000000000000 ,366367000000000000 ,198606,196612,13,5,3,工作日,非高峰,2015-03-28,2015年3月28日,阵雨 /雷阵雨,17℃ / 14℃,南风 ≤3级 /南风 ≤3级,阵雨,雷阵雨,17,14,南风,≤3级,南风,≤3级,day
2015-03-28 14:30:00,五里冲,7、未按规定让行的 ,负全部责任,不负责任,1,贵A760E2,白色,1,渝A42162,白色,自培,新华驾校,1997/4/15 0:00,2014/5/16 0:00,东风牌,雪佛兰牌,366067000000000000 ,344678000000000000 ,197612,199008,14,5,3,工作日,非高峰,2015-03-28,2015年3月28日,阵雨 /雷阵雨,17℃ / 14℃,南风 ≤3级 /南风 ≤3级,阵雨,雷阵雨,17,14,南风,≤3级,南风,≤3级,day
2015-03-28 13:00:00,太慈桥,7、未按规定让行的 ,负全部责任,不负责任,1,贵GP5651,白色,1,贵A46M72,白色,-1,省交校,-1,2013/9/13 0:00,华泰圣达菲牌,长安牌,366369000000000000 ,364548000000000000 ,197609,196209,13,5,3,工作日,非高峰,2015-03-28,2015年3月28日,阵雨 /雷阵雨,17℃ / 14℃,南风 ≤3级 /南风 ≤3级,阵雨,雷阵雨,17,14,南风,≤3级,南风,≤3级,day
2015-03-28 14:45:00,人民广场,5、开关车门的,负全部责任,不负责任,1,贵AFW353,黑色,1,贵AU0677,白色,-1,自培,-1,1996/12/17 0:00,雷克萨斯,捷达牌,366875000000000000 ,36606051214351647X,196902,196905,14,5,3,工作日,非高峰,2015-03-28,2015年3月28日,阵雨 /雷阵雨,17℃ / 14℃,南风 ≤3级 /南风 ≤3级,阵雨,雷阵雨,17,14,南风,≤3级,南风,≤3级,day
2015-03-28 10:50:00,北二环,1、追尾的,负全部责任,不负责任,1,贵ATL311,白,1,贵GQ9639,白,全林驾校,自培,2001/11/21 0:00,2014/11/17 0:00,解放牌,比亚迪牌,36454751214143091X,364557000000000000 ,196909,199412,10,5,3,工作日,非高峰,2015-03-28,2015年3月28日,阵雨 /雷阵雨,17℃ / 14℃,南风 ≤3级 /南风 ≤3级,阵雨,雷阵雨,17,14,南风,≤3级,南风,≤3级,day
2015-03-28 09:00:00,火车站,7、未按规定让行的 ,负全部责任,不负责任,1,贵A5767,白色,1,贵AU7745,白色,十一培,-1,1998/7/24 0:00,-1,比亚迪牌,捷达牌,36606751884667373X,364544000000 ,197702,34844,9,5,3,工作日,早高峰(7-9点),2015-03-28,2015年3月28日,阵雨 /雷阵雨,17℃ / 14℃,南风 ≤3级 /南风 ≤3级,阵雨,雷阵雨,17,14,南风,≤3级,南风,≤3级,day
2015-03-28 12:10:00,白云区,1、追尾的,负全部责任,不负责任,1,川K532A2,银,1,贵A5510Y,银,自培,-1,2012/3/30 0:00,-1,吉利牌,北京牌,355470000000000000 ,784768000000000000 ,198804,198611,12,5,3,工作日,非高峰,2015-03-28,2015年3月28日,阵雨 /雷阵雨,17℃ / 14℃,南风 ≤3级 /南风 ≤3级,阵雨,雷阵雨,17,14,南风,≤3级,南风,≤3级,day
2015-03-28 12:00:00,大营坡,7、未按规定让行的 ,负全部责任,不负责任,1,贵A6AP07,黄,1,贵A34H78,蓝,自培,-1,2004/8/6 0:00,-1,北京现代牌,豪情牌,366846000000000000 ,366664000000000000 ,197109,198509,12,5,3,工作日,非高峰,2015-03-28,2015年3月28日,阵雨 /雷阵雨,17℃ / 14℃,南风 ≤3级 /南风 ≤3级,阵雨,雷阵雨,17,14,南风,≤3级,南风,≤3级,day
2015-03-28 10:09:00,绕城高速,1、追尾的,负全部责任,不负责任,1,贵JR1818,白,1,贵JQ1892,黑,自培,-1,2004/3/25 0:00,-1,北京现代牌,丰田牌,366861000000000000 ,355468000000000000 ,197310,196305,10,5,3,工作日,非高峰,2015-03-28,2015年3月28日,阵雨 /雷阵雨,17℃ / 14℃,南风 ≤3级 /南风 ≤3级,阵雨,雷阵雨,17,14,南风,≤3级,南风,≤3级,day
2015-03-28 10:05:00,师大,7、未按规定让行的 ,负全部责任,不负责任,0,贵A96C63,白,1,贵AU7821,黑,全林驾校（乌当区）,十一培,2015/3/26 0:00,1997/4/17 0:00,朗逸牌,轻骑牌,364557000000000000 ,366347000000000000 ,197309,197609,10,5,3,工作日,非高峰,2015-03-28,2015年3月28日,阵雨 /雷阵雨,17℃ / 14℃,南风 ≤3级 /南风 ≤3级,阵雨,雷阵雨,17,14,南风,≤3级,南风,≤3级,day
2015-03-28 11:10:00,西南家具城,7、未按规定让行的 ,负全部责任,不负责任,1,贵A33X67,绿,1,贵A93C98,黑,-1,十一培,-1,1999/9/21 0:00,宝来牌,大众汽车牌,366686000000000000 ,364548000000000000 ,197806,197002,11,5,3,工作日,非高峰,2015-03-28,2015年3月28日,阵雨 /雷阵雨,17℃ / 14℃,南风 ≤3级 /南风 ≤3级,阵雨,雷阵雨,17,14,南风,≤3级,南风,≤3级,day
2015-03-28 13:00:00,甲秀南路,7、未按规定让行的 ,负全部责任,不负责任,1,贵AT4605,白色,1,贵AAG194,白色,-1,十一培,-1,1993/2/25 0:00,双庆牌,东风雪铁龙牌,366364000000000000 ,364547000000000000 ,196801,197411,13,5,3,工作日,非高峰,2015-03-28,2015年3月28日,阵雨 /雷阵雨,17℃ / 14℃,南风 ≤3级 /南风 ≤3级,阵雨,雷阵雨,17,14,南风,≤3级,南风,≤3级,day
2015-03-28 14:45:00,延安西路,7、未按规定让行的 ,负全部责任,不负责任,1,贵AU5569,白色,1,贵AEM593,白色,-1,十一培,-1,1995/3/1 0:00,捷达牌,比亚迪牌,364547000000000000 ,364551000000000000 ,196302,197410,14,5,3,工作日,非高峰,2015-03-28,2015年3月28日,阵雨 /雷阵雨,17℃ / 14℃,南风 ≤3级 /南风 ≤3级,阵雨,雷阵雨,17,14,南风,≤3级,南风,≤3级,day
2015-03-28 16:00:00,白云区,1、追尾的,负全部责任,不负责任,1,贵A69F63,银,1,贵AGA109,黑,（经开区）十一驾驶培训有限公司,十一培,2006/3/24 0:00,1997/10/23 0:00,福克斯牌,雷克萨斯,366664000000000000 ,366368000000000000 ,197601,196407,16,5,3,工作日,非高峰,2015-03-28,2015年3月28日,阵雨 /雷阵雨,17℃ / 14℃,南风 ≤3级 /南风 ≤3级,阵雨,雷阵雨,17,14,南风,≤3级,南风,≤3级,day
2015-03-28 12:00:00,甲秀南路,1、追尾的,负全部责任,不负责任,1,贵ACR601,白色,1,贵APV168,白色,-1,自培,-1,2002/3/13 0:00,五菱牌,宝来牌,36656500000000000 ,366861000000000000 ,978020,197408,12,5,3,工作日,非高峰,2015-03-28,2015年3月28日,阵雨 /雷阵雨,17℃ / 14℃,南风 ≤3级 /南风 ≤3级,阵雨,雷阵雨,17,14,南风,≤3级,南风,≤3级,day
2015-03-28 13:33:00,中曹司,8、依法应负全责的其他情形,负全部责任,不负责任,1,川A6LA33,白色,1,贵A3H001,黑色,瓮安县鑫源驾驶培训学校,天行健驾校,-1,2013/12/17 0:00,起亚牌,-1,366864000000000000 ,366068000000000000 ,198203,198706,13,5,3,工作日,非高峰,2015-03-28,2015年3月28日,阵雨 /雷阵雨,17℃ / 14℃,南风 ≤3级 /南风 ≤3级,阵雨,雷阵雨,17,14,南风,≤3级,南风,≤3级,day
2015-03-28 16:02:00,商贸城,8、依法应负全责的其他情形,负全部责任,不负责任,1,贵A90854,红,1,贵A44J39,黑,-1,自培,-1,2001/5/10 0:00,豪泺牌,江铃牌,366568000000000000 ,364557000000000000 ,197406,198107,16,5,3,工作日,非高峰,2015-03-28,2015年3月28日,阵雨 /雷阵雨,17℃ / 14℃,南风 ≤3级 /南风 ≤3级,阵雨,雷阵雨,17,14,南风,≤3级,南风,≤3级,day
2015-03-28 17:40:00,嘉润路,7、未按规定让行的 ,负全部责任,不负责任,1,贵AJ5721,白色,1,贵CH691,白色,-1,十一驾驶培训有限公司,-1,2015/1/21 0:00,北京现代,-1,36684551385445475X,366663000000000000 ,195710,198706,17,5,3,工作日,晚高峰(17-19点),2015-03-28,2015年3月28日,阵雨 /雷阵雨,17℃ / 14℃,南风 ≤3级 /南风 ≤3级,阵雨,雷阵雨,17,14,南风,≤3级,南风,≤3级,day
2015-03-28 19:00:00,苗圃,1、追尾的,负全部责任,不负责任,1,贵J04175,绿,1,贵ACU933,红,-1,凯信驾校,-1,2014/8/26 0:00,万达,哈飞牌,366876000000000000 ,36454751394545565X,197609,195801,19,5,3,工作日,晚高峰(17-19点),2015-03-28,2015年3月28日,阵雨 /雷阵雨,17℃ / 14℃,南风 ≤3级 /南风 ≤3级,阵雨,雷阵雨,17,14,南风,≤3级,南风,≤3级,day
2015-03-28 20:15:00,新华路,8、依法应负全责的其他情形,负全部责任,不负责任,1,贵AU6659,绿,1,贵A43Y49,红,520109,贵阳金马驾驶培训有限公司,2006/11/21 0:00,1999/12/3 0:00,大运牌,东风标致牌,366767000000000000 ,364548000000000000 ,198304,195811,20,5,3,工作日,非高峰,2015-03-28,2015年3月28日,阵雨 /雷阵雨,17℃ / 14℃,南风 ≤3级 /南风 ≤3级,阵雨,雷阵雨,17,14,南风,≤3级,南风,≤3级,night
2015-03-28 14:10:00,百花山,7、未按规定让行的 ,负全部责任,不负责任,1,贵A1G017,白,1,贵ADY991,银,铁二局驾校,520106,2013/9/29 0:00,-1,吉利牌,吉利美日牌,364547000000000000 ,366064000000000000 ,194906,197803,14,5,3,工作日,非高峰,2015-03-28,2015年3月28日,阵雨 /雷阵雨,17℃ / 14℃,南风 ≤3级 /南风 ≤3级,阵雨,雷阵雨,17,14,南风,≤3级,南风,≤3级,day
2015-03-28 16:20:00,新添寨,8、依法应负全责的其他情形,负全部责任,不负责任,1,贵ALF618,白,0,贵A73N34,白,自培,自培,2006/12/1 0:00,2002/11/27 0:00,长安牌,别克牌,364547000000000000 ,366770000000000000 ,198703,197210,16,5,3,工作日,非高峰,2015-03-28,2015年3月28日,阵雨 /雷阵雨,17℃ / 14℃,南风 ≤3级 /南风 ≤3级,阵雨,雷阵雨,17,14,南风,≤3级,南风,≤3级,day
2015-03-28 19:50:00,花溪,7、未按规定让行的 ,负全部责任,不负责任,0,贵A2BC45,白,0,贵A47P27,黑,顺一驾驶培训学校,阳光驾校,2012/6/4 0:00,2012/5/15 0:00,马自达牌,雅阁牌,364551000000000000 ,36455551984542066X,198205,198701,19,5,3,工作日,晚高峰(17-19点),2015-03-28,2015年3月28日,阵雨 /雷阵雨,17℃ / 14℃,南风 ≤3级 /南风 ≤3级,阵雨,雷阵雨,17,14,南风,≤3级,南风,≤3级,day
2015-03-28 17:10:00,彭家湾,9、不符合前8款规定或者双方同时具有上述情形的,负同等责任,负同等责任,1,贵AD5715,黑,1,贵AA4658,红,全林驾校,自培,2010/11/30 0:00,-1,东风雪铁龙牌,解放牌,364547000000000000 ,366567000000000000 ,198801,197402,17,5,3,工作日,晚高峰(17-19点),2015-03-28,2015年3月28日,阵雨 /雷阵雨,17℃ / 14℃,南风 ≤3级 /南风 ≤3级,阵雨,雷阵雨,17,14,南风,≤3级,南风,≤3级,day
2015-03-28 19:20:00,大营坡,8、依法应负全责的其他情形,负全部责任,不负责任,1,贵A85946,白色,1,贵AU7538,白色,-1,（南明区）铁二局驾驶培训有限公司,-1,1989/3/24 0:00,楚胜牌,捷达,366068000000000000 ,366367000000000000 ,197310,197102,19,5,3,工作日,晚高峰(17-19点),2015-03-28,2015年3月28日,阵雨 /雷阵雨,17℃ / 14℃,南风 ≤3级 /南风 ≤3级,阵雨,雷阵雨,17,14,南风,≤3级,南风,≤3级,day
2015-03-28 13:58:00,商贸城,7、未按规定让行的 ,负全部责任,不负责任,0,贵A32H69,银,1,贵F30845,银,（南明区）金大驾驶培训有限公司,-1,2008/12/17 0:00,-1,福特牌,速腾牌,364557000000000000 ,366064000000000000 ,198301,197101,13,5,3,工作日,非高峰,2015-03-28,2015年3月28日,阵雨 /雷阵雨,17℃ / 14℃,南风 ≤3级 /南风 ≤3级,阵雨,雷阵雨,17,14,南风,≤3级,南风,≤3级,day
2015-03-28 20:39:00,花果园,7、未按规定让行的 ,负全部责任,不负责任,1,贵A2BV59,黄,1,贵AU9259,蓝,-1,520108,-1,2009/5/18 0:00,斯柯达牌,凌肯牌,364645000000000 ,364566000000000000 ,551020,198703,20,5,3,工作日,非高峰,2015-03-28,2015年3月28日,阵雨 /雷阵雨,17℃ / 14℃,南风 ≤3级 /南风 ≤3级,阵雨,雷阵雨,17,14,南风,≤3级,南风,≤3级,night
2015-03-28 13:50:00,瑞金中路,7、未按规定让行的 ,负全部责任,不负责任,1,贵AS9859,黄,1,贵AU0079,蓝,-1,十一培,-1,1993/12/15 0:00,陆康牌,宝来牌,64166500000000000 ,364548000000000000 ,197206,196810,13,5,3,工作日,非高峰,2015-03-28,2015年3月28日,阵雨 /雷阵雨,17℃ / 14℃,南风 ≤3级 /南风 ≤3级,阵雨,雷阵雨,17,14,南风,≤3级,南风,≤3级,day
2015-03-28 16:30:00,新添大道,1、追尾的,负同等责任,负同等责任,1,贵JBQ975,银,1,贵AU6947,绿,（乌当区）新华驾驶培训有限公司,十一培,2006/6/9 0:00,1997/11/12 0:00,隆鑫牌,捷达牌,364547000000000000 ,366868000000000000 ,197602,197408,16,5,3,工作日,非高峰,2015-03-28,2015年3月28日,阵雨 /雷阵雨,17℃ / 14℃,南风 ≤3级 /南风 ≤3级,阵雨,雷阵雨,17,14,南风,≤3级,南风,≤3级,day
2015-03-28 14:00:00,花香村,7、未按规定让行的 ,负全部责任,不负责任,1,贵A1139N,白色,1,贵AUA856,白色,（南明区）现代驾驶培训有限公司,自培,2008/8/22 0:00,2010/3/10 0:00,比亚迪牌,大众牌,366261000000000000 ,366861000000000000 ,197404,198206,14,5,3,工作日,非高峰,2015-03-28,2015年3月28日,阵雨 /雷阵雨,17℃ / 14℃,南风 ≤3级 /南风 ≤3级,阵雨,雷阵雨,17,14,南风,≤3级,南风,≤3级,day
2015-03-28 18:30:00,八匹马,7、未按规定让行的 ,负全部责任,不负责任,1,贵AP4996,黑,1,贵A75R82,白,自培,自培,2006/9/27 0:00,2005/1/27 0:00,双狮牌,一汽牌,366067000000000000 ,366546000000000000 ,198110,197410,18,5,3,工作日,晚高峰(17-19点),2015-03-28,2015年3月28日,阵雨 /雷阵雨,17℃ / 14℃,南风 ≤3级 /南风 ≤3级,阵雨,雷阵雨,17,14,南风,≤3级,南风,≤3级,day