accidenttime,accidentaddr,driver1fault,driver1responsibility,driver2responsibility,sex1,platenumber1,carcolor1,sex2,platenumber2,carcolor2,jxmc1,jxmc2,cclzrq1,cclzrq2,clpp1,clpp2,driver1license,driver2license,brith1,brith2,hour,weekday,month,is_weekday,peak_hour,date,日期,天气状况,气温,风力风向,day_wea,night_wea,day_tep,night_tep,day_wind_direction,day_wind_speed,night_wind_direction,night_wind_speed,segment
2015-03-28 18:24:00,护理学院,1、追尾的,负全部责任,不负责任,1,贵A5547B,银,1,贵AN4425,银,诚信驾驶培训学校,自培,2014/7/28 0:00,2003/1/20 0:00,吉利美日牌,银翔牌,35616551854655781X,354664000000000000 ,197102,197104,18,5,3,工作日,晚高峰(17-19点),2015-03-28,2015年3月28日,阵雨 /雷阵雨,17℃ / 14℃,南风 ≤3级 /南风 ≤3级,阵雨,雷阵雨,17,14,南风,≤3级,南风,≤3级,day
2015-03-28 18:00:00,市南路,7、未按规定让行的 ,负全部责任,不负责任,1,闽A3W346,白色,1,贵A48X84,白色,-1,自培,-1,2004/3/31 0:00,丰田牌,起亚牌,734596000000000000 ,364547000000000000 ,118803,197709,18,5,3,工作日,晚高峰(17-19点),2015-03-28,2015年3月28日,阵雨 /雷阵雨,17℃ / 14℃,南风 ≤3级 /南风 ≤3级,阵雨,雷阵雨,17,14,南风,≤3级,南风,≤3级,day
2015-03-29 00:00:00,花果园,7、未按规定让行的 ,负全部责任,不负责任,1,京KH3876,白色,1,贵A94M75,白色,-1,鑫鑫驾校,-1,2015/2/5 0:00,捷达,福特牌,356767000000000000 ,364547000000000000 ,197401,199501,0,6,3,周末,非高峰,2015-03-29,2015年3月29日,阴 /多云,18℃ / 15℃,东风 ≤3级 /南风 ≤3级,阴,多云,18,15,东风,≤3级,南风,≤3级,night
2015-03-29 09:10:00,上麦村,7、未按规定让行的 ,负全部责任,不负责任,1,贵A31172,黑,0,贵A15W97,黑,毕节地区黔中汽车(摩托车)驾驶培训学校,消防驾校,-1,2012/7/18 0:00,粤海牌,科雷傲,36606751914849277X,366347000000000000 ,198907,197710,9,6,3,周末,早高峰(7-9点),2015-03-29,2015年3月29日,阴 /多云,18℃ / 15℃,东风 ≤3级 /南风 ≤3级,阴,多云,18,15,东风,≤3级,南风,≤3级,day
2015-03-28 17:48:00,北京西路,8、依法应负全责的其他情形,负全部责任,不负责任,1,贵GY5427,白,0,贵AA071E,黄,黔西南州蓝天驾驶培训学校有限公司,520136,-1,2008/12/26 0:00,长安牌,梅赛德斯-奔驰,366669000000000000 ,366067000000000000 ,198908,198411,17,5,3,工作日,晚高峰(17-19点),2015-03-28,2015年3月28日,阵雨 /雷阵雨,17℃ / 14℃,南风 ≤3级 /南风 ≤3级,阵雨,雷阵雨,17,14,南风,≤3级,南风,≤3级,day
2015-03-29 09:00:00,黔林山路,1、追尾的,负全部责任,不负责任,1,贵A21314,黑,1,贵A5AW29,黄,十一驾校（经开区）,贵州省长安驾驶培训学校,2015/2/27 0:00,2014/4/17 0:00,北奔牌,雪佛兰牌,364548000000000000 ,366670000000000000 ,199404,198007,9,6,3,周末,早高峰(7-9点),2015-03-29,2015年3月29日,阴 /多云,18℃ / 15℃,东风 ≤3级 /南风 ≤3级,阴,多云,18,15,东风,≤3级,南风,≤3级,day
2015-03-28 20:00:00,机场,8、依法应负全责的其他情形,负全部责任,不负责任,1,贵JN9807,黑色,1,贵A49626,白色,吉源驾校,金大驾校,2014/11/3 0:00,2002/7/18 0:00,五菱牌,隆鑫,364556000000000000 ,364556000000000000 ,199509,197604,20,5,3,工作日,非高峰,2015-03-28,2015年3月28日,阵雨 /雷阵雨,17℃ / 14℃,南风 ≤3级 /南风 ≤3级,阵雨,雷阵雨,17,14,南风,≤3级,南风,≤3级,night
2015-03-29 08:00:00,漓江路,3、倒车的,负全部责任,不负责任,1,湘MN3262,白色,1,贵GC7330,白色,-1,时发驾校,-1,2011/12/27 0:00,雅阁牌,比亚迪牌,7550510000000000 ,05576051904658767X,995080,198402,8,6,3,周末,早高峰(7-9点),2015-03-29,2015年3月29日,阴 /多云,18℃ / 15℃,东风 ≤3级 /南风 ≤3级,阴,多云,18,15,东风,≤3级,南风,≤3级,day
2015-03-28 17:17:00,商贸城,8、依法应负全责的其他情形,负全部责任,不负责任,1,贵JBT476,白,1,贵AGL226,银,时发驾校,景宏驾校,2014/6/18 0:00,2010/1/4 0:00,哈弗牌,宝骏牌,35616351874343361X,356168000000000000 ,197305,197410,17,5,3,工作日,晚高峰(17-19点),2015-03-28,2015年3月28日,阵雨 /雷阵雨,17℃ / 14℃,南风 ≤3级 /南风 ≤3级,阵雨,雷阵雨,17,14,南风,≤3级,南风,≤3级,day
2015-03-28 17:28:00,瑞金北路,8、依法应负全责的其他情形,负全部责任,不负责任,1,贵AU6726,蓝,1,贵CLL261,白,520116,-1,1999/5/5 0:00,-1,蜀都牌,大众汽车牌,364548000000000000 ,36656951954261836X,198011,198106,17,5,3,工作日,晚高峰(17-19点),2015-03-28,2015年3月28日,阵雨 /雷阵雨,17℃ / 14℃,南风 ≤3级 /南风 ≤3级,阵雨,雷阵雨,17,14,南风,≤3级,南风,≤3级,day
2015-03-28 21:00:00,永乐,1、追尾的,负全部责任,不负责任,1,贵JAM383,白色,1,贵AK8614,白色,-1,自培,-1,2007/12/14 0:00,豪爵牌,豪爵牌,354366000000000000 ,364548000000000000 ,197809,198606,21,5,3,工作日,非高峰,2015-03-28,2015年3月28日,阵雨 /雷阵雨,17℃ / 14℃,南风 ≤3级 /南风 ≤3级,阵雨,雷阵雨,17,14,南风,≤3级,南风,≤3级,night
2015-03-29 00:00:00,金珠东路,3、倒车的,负全部责任,不负责任,0,贵A758D7,银,1,贵GR1958,银,自培,（乌当区）新天驾驶培训有限公司,2004/7/30 0:00,2008/4/3 0:00,长安牌,飞思,364557000000000000 ,364548000000000000 ,196905,198610,0,6,3,周末,非高峰,2015-03-29,2015年3月29日,阴 /多云,18℃ / 15℃,东风 ≤3级 /南风 ≤3级,阴,多云,18,15,东风,≤3级,南风,≤3级,night
2015-03-29 11:30:00,花溪,7、未按规定让行的 ,负全部责任,不负责任,1,贵A38625,白色,1,贵A56M51,白色,自培,诚信驾驶培训学校,2002/2/7 0:00,-1,少林牌,东风雪铁龙牌,364556000000000000 ,364556000000000000 ,197607,197112,11,6,3,周末,非高峰,2015-03-29,2015年3月29日,阴 /多云,18℃ / 15℃,东风 ≤3级 /南风 ≤3级,阴,多云,18,15,东风,≤3级,南风,≤3级,day
2015-03-29 08:40:00,金阳南路,1、追尾的,负全部责任,不负责任,1,贵ACK516,黑,1,贵AE1654,白,-1,-1,-1,-1,福特牌,北京现代牌,74365500000000000 ,366346000000000000 ,198010,197512,8,6,3,周末,早高峰(7-9点),2015-03-29,2015年3月29日,阴 /多云,18℃ / 15℃,东风 ≤3级 /南风 ≤3级,阴,多云,18,15,东风,≤3级,南风,≤3级,day
2015-03-28 20:50:00,西二环,8、依法应负全责的其他情形,负全部责任,不负责任,1,云A46C22,红,1,贵A89366,红,自培,520116,2007/10/19 0:00,2010/9/1 0:00,东风标致牌,五菱,775468000000000000 ,364557000000000000 ,198506,198709,20,5,3,工作日,非高峰,2015-03-28,2015年3月28日,阵雨 /雷阵雨,17℃ / 14℃,南风 ≤3级 /南风 ≤3级,阵雨,雷阵雨,17,14,南风,≤3级,南风,≤3级,night
2015-03-28 22:00:00,汤巴关,1、追尾的,负全部责任,不负责任,1,辉A18G42,黑,1,贵ASC344,黑,自培,消防驾校,2007/6/26 0:00,2010/4/28 0:00,佳乐,霸锐,36456751984743097X,366064000000000000 ,198703,198709,22,5,3,工作日,非高峰,2015-03-28,2015年3月28日,阵雨 /雷阵雨,17℃ / 14℃,南风 ≤3级 /南风 ≤3级,阵雨,雷阵雨,17,14,南风,≤3级,南风,≤3级,night
2015-03-28 23:00:00,花果园立交,1、追尾的,负全部责任,不负责任,1,贵A39Y81,白色,1,贵AMA279,白色,自培,十一驾驶培训有限公司,2001/9/3 0:00,2013/6/27 0:00,理念牌,东风日产牌,364557000000000000 ,366263000000000000 ,195307,197004,23,5,3,工作日,非高峰,2015-03-28,2015年3月28日,阵雨 /雷阵雨,17℃ / 14℃,南风 ≤3级 /南风 ≤3级,阵雨,雷阵雨,17,14,南风,≤3级,南风,≤3级,night
2015-03-29 11:00:00,小河,7、未按规定让行的 ,负全部责任,不负责任,1,贵A35V33,白色,1,贵AR2104,白色,（南明区）铁二局驾驶培训有限公司,十一培,2006/9/4 0:00,1991/12/11 0:00,飞碟牌,金捷牌,366875000000000000 ,364547000000000000 ,198710,196608,11,6,3,周末,非高峰,2015-03-29,2015年3月29日,阴 /多云,18℃ / 15℃,东风 ≤3级 /南风 ≤3级,阴,多云,18,15,东风,≤3级,南风,≤3级,day
2015-03-28 20:31:00,枣山路,1、追尾的,负全部责任,不负责任,1,贵AGY802,银,1,贵ALK703,银,-1,自培,-1,2005/2/4 0:00,夏利牌,丰田牌,346548000000000000 ,364548000000000000 ,197512,196807,20,5,3,工作日,非高峰,2015-03-28,2015年3月28日,阵雨 /雷阵雨,17℃ / 14℃,南风 ≤3级 /南风 ≤3级,阵雨,雷阵雨,17,14,南风,≤3级,南风,≤3级,night
2015-03-28 22:00:00,白云区,8、依法应负全责的其他情形,负全部责任,不负责任,1,贵A94E86,银,1,贵AB822J,银,消防驾校,自培,2012/4/5 0:00,2004/10/14 0:00,蒙迪欧牌,五菱牌,366675000000000000 ,364558000000000000 ,196903,198111,22,5,3,工作日,非高峰,2015-03-28,2015年3月28日,阵雨 /雷阵雨,17℃ / 14℃,南风 ≤3级 /南风 ≤3级,阵雨,雷阵雨,17,14,南风,≤3级,南风,≤3级,night
2015-03-28 21:43:00,富源中路,3、倒车的,负全部责任,不负责任,1,贵CB3332,白色,1,贵A82P12,白色,（南明区）铁二局驾驶培训有限公司,-1,2008/3/4 0:00,-1,英菲尼迪,奥迪牌,364568000000000000 ,366069000000000000 ,198508,196904,21,5,3,工作日,非高峰,2015-03-28,2015年3月28日,阵雨 /雷阵雨,17℃ / 14℃,南风 ≤3级 /南风 ≤3级,阵雨,雷阵雨,17,14,南风,≤3级,南风,≤3级,night
2015-03-29 10:23:00,八匹马,1、追尾的,负全部责任,不负责任,1,贵A5714Y,银,1,贵A2066X,银,全林驾校,新天驾校,2011/5/20 0:00,2014/12/3 0:00,北京牌,五菱牌,364557000000000000 ,364566000000000000 ,198109,199108,10,6,3,周末,非高峰,2015-03-29,2015年3月29日,阴 /多云,18℃ / 15℃,东风 ≤3级 /南风 ≤3级,阴,多云,18,15,东风,≤3级,南风,≤3级,day
2015-03-29 09:20:00,北京西路,1、追尾的,负全部责任,不负责任,1,贵ABT117,黄,1, 贵JAB316,白,消防驾校,（云岩区）时发驾驶培训有限公司,2010/7/19 0:00,2004/4/26 0:00,启辰牌,-1,366564000000000000 ,364547000000000000 ,198611,198206,9,6,3,周末,早高峰(7-9点),2015-03-29,2015年3月29日,阴 /多云,18℃ / 15℃,东风 ≤3级 /南风 ≤3级,阴,多云,18,15,东风,≤3级,南风,≤3级,day
2015-03-29 09:50:00,黔林山路,1、追尾的,负全部责任,不负责任,1,贵ACX532,黑,1,贵ACF813,银,（观山湖区）诚信驾驶培训有限公司,吉源驾校,2010/4/26 0:00,2014/8/27 0:00,雅阁牌,捷达牌,364566000000000000 ,364596000000000000 ,198609,198910,9,6,3,周末,早高峰(7-9点),2015-03-29,2015年3月29日,阴 /多云,18℃ / 15℃,东风 ≤3级 /南风 ≤3级,阴,多云,18,15,东风,≤3级,南风,≤3级,day
2015-03-29 10:29:00,八匹马,1、追尾的,负全部责任,不负责任,1,贵A5714Y,银,1,贵AD066X,银,全林驾校,新天驾校,2011/5/20 0:00,2014/12/3 0:00,北京牌,-1,364557000000000000 ,364566000000000000 ,198109,199108,10,6,3,周末,非高峰,2015-03-29,2015年3月29日,阴 /多云,18℃ / 15℃,东风 ≤3级 /南风 ≤3级,阴,多云,18,15,东风,≤3级,南风,≤3级,day
2015-03-29 11:00:00,水东路,1、追尾的,负全部责任,不负责任,1,贵AG1778,白,0,贵ADQ256,银,-1,-1,-1,-1,力帆牌,起亚,364556000000000 ,366273000000000000 ,620421,198106,11,6,3,周末,非高峰,2015-03-29,2015年3月29日,阴 /多云,18℃ / 15℃,东风 ≤3级 /南风 ≤3级,阴,多云,18,15,东风,≤3级,南风,≤3级,day
2015-03-29 09:50:00,北京路,7、未按规定让行的 ,负全部责任,不负责任,1,川BPX573,银,1,贵AU6391,绿,-1,万里圣驾校（清镇市）,-1,2010/9/30 0:00,别克牌,捷达牌,354847000000000000 ,364547000000000000 ,197508,198502,9,6,3,周末,早高峰(7-9点),2015-03-29,2015年3月29日,阴 /多云,18℃ / 15℃,东风 ≤3级 /南风 ≤3级,阴,多云,18,15,东风,≤3级,南风,≤3级,day
2015-03-29 09:40:00,东新路,7、未按规定让行的 ,负同等责任,负同等责任,1,贵AB2144,蓝,1,贵A0AT92,银,（乌当区）新华驾驶培训有限公司,（乌当区）新华驾驶培训有限公司,2005/10/20 0:00,2012/5/14 0:00,豪爵牌,比亚迪牌,364547000000000000 ,344607000000000000 ,197206,198311,9,6,3,周末,早高峰(7-9点),2015-03-29,2015年3月29日,阴 /多云,18℃ / 15℃,东风 ≤3级 /南风 ≤3级,阴,多云,18,15,东风,≤3级,南风,≤3级,day
2015-03-29 09:20:00,黔林山路,1、追尾的,负全部责任,不负责任,1,贵A21314,黑,1,贵AU1913,黄,十一驾校（经开区）,金大驾校,2015/2/27 0:00,1997/7/2 0:00,北奔牌,吉利美日牌,364548000000000000 ,364558000000000000 ,199404,197807,9,6,3,周末,早高峰(7-9点),2015-03-29,2015年3月29日,阴 /多云,18℃ / 15℃,东风 ≤3级 /南风 ≤3级,阴,多云,18,15,东风,≤3级,南风,≤3级,day
2015-03-29 02:00:00,二戈寨,1、追尾的,负全部责任,不负责任,1,贵AB614C,白色,1,贵CL2110,白色,（观山湖区）蓝天驾驶培训有限公司,-1,2005/7/6 0:00,-1,五菱牌,长安牌,364547000000000000 ,366570000000000000 ,198505,198601,2,6,3,周末,非高峰,2015-03-29,2015年3月29日,阴 /多云,18℃ / 15℃,东风 ≤3级 /南风 ≤3级,阴,多云,18,15,东风,≤3级,南风,≤3级,night
2015-03-29 11:00:00,二戈寨,7、未按规定让行的 ,负全部责任,不负责任,1,贵JA9679,白色,1,贵A89V58,白色,-1,贵州现代驾驶培训责任有限公司,-1,2013/11/25 0:00,五菱牌,现代,36682500000000000 ,366567000000000000 ,974090,198507,11,6,3,周末,非高峰,2015-03-29,2015年3月29日,阴 /多云,18℃ / 15℃,东风 ≤3级 /南风 ≤3级,阴,多云,18,15,东风,≤3级,南风,≤3级,day
2015-03-29 13:50:00,宾阳大道,8、依法应负全责的其他情形,负全部责任,不负责任,1,贵A0BL56,白,1,贵AU0419,蓝,-1,消防驾校,-1,2004/5/30 0:00,长安牌,嘉陵牌,364548000000000000 ,364548000000000000 ,198908,198212,13,6,3,周末,非高峰,2015-03-29,2015年3月29日,阴 /多云,18℃ / 15℃,东风 ≤3级 /南风 ≤3级,阴,多云,18,15,东风,≤3级,南风,≤3级,day
2015-03-29 12:00:00,科创路,7、未按规定让行的 ,负全部责任,不负责任,1,贵A55R34,银,1,贵A1101H,蓝,罗甸县吉兴汽车驾驶培训学校,-1,2011/10/12 0:00,-1,长城牌,比亚迪牌,366063000000000000 ,364558000000000 ,196712,791005,12,6,3,周末,非高峰,2015-03-29,2015年3月29日,阴 /多云,18℃ / 15℃,东风 ≤3级 /南风 ≤3级,阴,多云,18,15,东风,≤3级,南风,≤3级,day
2015-03-29 13:59:00,白云区,7、未按规定让行的 ,负全部责任,不负责任,1,贵A39K73,银,1,贵AC487A,白,顺一驾驶培训学校,顺一驾驶培训学校,2011/5/20 0:00,2011/11/10 0:00,五菱牌,长安牌,364556000000000000 ,364568000000000000 ,197110,198508,13,6,3,周末,非高峰,2015-03-29,2015年3月29日,阴 /多云,18℃ / 15℃,东风 ≤3级 /南风 ≤3级,阴,多云,18,15,东风,≤3级,南风,≤3级,day
2015-03-29 13:00:00,西南环线,1、追尾的,负全部责任,不负责任,1,蒙CAY777,白色,1,贵A967A2,白色,（南明区）市交通职业技术驾驶培训学校,520127,-1,2007/10/29 0:00,\N,斯卡特牌,355470000000000000 ,355247000000000000 ,198508,198508,13,6,3,周末,非高峰,2015-03-29,2015年3月29日,阴 /多云,18℃ / 15℃,东风 ≤3级 /南风 ≤3级,阴,多云,18,15,东风,≤3级,南风,≤3级,day
2015-03-29 13:10:00,世纪城,8、依法应负全责的其他情形,负全部责任,不负责任,1,冀A69J36,黑,1,贵A17G16,银,-1,520106,-1,2009/7/14 0:00,自由客,东风日产牌,574767000000000000 ,366546000000000000 ,197901,197209,13,6,3,周末,非高峰,2015-03-29,2015年3月29日,阴 /多云,18℃ / 15℃,东风 ≤3级 /南风 ≤3级,阴,多云,18,15,东风,≤3级,南风,≤3级,day
2015-03-29 10:00:00,沙冲北路,1、追尾的,负全部责任,不负责任,1,贵AU1533,白色,1,贵AG2392,白色,自培,-1,2003/6/26 0:00,-1,凌肯牌,比亚迪牌,366061000000000000 ,364545000000 ,197104,371821,10,6,3,周末,非高峰,2015-03-29,2015年3月29日,阴 /多云,18℃ / 15℃,东风 ≤3级 /南风 ≤3级,阴,多云,18,15,东风,≤3级,南风,≤3级,day
2015-03-29 13:09:00,新添大道,1、追尾的,负全部责任,不负责任,0,贵AFP187,白,1,贵AW2669,绿,自培,自培,2002/8/13 0:00,2000/11/13 0:00,福克斯牌,东风牌,366364000000000000 ,366367000000000000 ,197612,198207,13,6,3,周末,非高峰,2015-03-29,2015年3月29日,阴 /多云,18℃ / 15℃,东风 ≤3级 /南风 ≤3级,阴,多云,18,15,东风,≤3级,南风,≤3级,day
2015-03-29 11:52:00,东站路桥下,7、未按规定让行的 ,负全部责任,不负责任,1,贵ACE911,白色,1,贵AFH374,白色,自培,十一培,2002/1/15 0:00,1997/7/16 0:00,北京现代牌,广州雅阁,366367000000000000 ,364557000000000000 ,197102,197506,11,6,3,周末,非高峰,2015-03-29,2015年3月29日,阴 /多云,18℃ / 15℃,东风 ≤3级 /南风 ≤3级,阴,多云,18,15,东风,≤3级,南风,≤3级,day
2015-03-29 10:05:00,黔林山路,1、追尾的,负全部责任,不负责任,1,贵JAE322,银,1,贵A64R26,银,消防驾校,十一培,2014/4/1 0:00,1991/11/29 0:00,山城牌,东风雪铁龙牌,364547000000000000 ,74046500000000000 ,199004,196909,10,6,3,周末,非高峰,2015-03-29,2015年3月29日,阴 /多云,18℃ / 15℃,东风 ≤3级 /南风 ≤3级,阴,多云,18,15,东风,≤3级,南风,≤3级,day
2015-03-29 03:00:00,都市国际城,7、未按规定让行的 ,负全部责任,不负责任,1,贵A52X58,白色,1,贵A24M31,白色,自培,十一培,2001/3/13 0:00,1991/1/22 0:00,丰田牌,梅赛德斯-奔驰牌,364547000000000000 ,364547000000000000 ,197009,196805,3,6,3,周末,非高峰,2015-03-29,2015年3月29日,阴 /多云,18℃ / 15℃,东风 ≤3级 /南风 ≤3级,阴,多云,18,15,东风,≤3级,南风,≤3级,night
2015-03-29 09:30:00,东站立交桥,7、未按规定让行的 ,负全部责任,不负责任,1,贵AJ4355,白色,1,贵A0246B,白色,自培,十一培,2007/11/30 0:00,1985/6/28 0:00,隆鑫牌,路虎览胜,355761000000000000 ,364547000000000000 ,198610,196609,9,6,3,周末,早高峰(7-9点),2015-03-29,2015年3月29日,阴 /多云,18℃ / 15℃,东风 ≤3级 /南风 ≤3级,阴,多云,18,15,东风,≤3级,南风,≤3级,day
2015-03-29 08:40:00,油榨街,1、追尾的,负全部责任,不负责任,1,贵AJU028,白色,1,贵A0H722,白色,贵大驾校,自培,2011/12/26 0:00,2003/6/4 0:00,东风牌,起亚牌,364547000000000000 ,366661000000000000 ,198302,197402,8,6,3,周末,早高峰(7-9点),2015-03-29,2015年3月29日,阴 /多云,18℃ / 15℃,东风 ≤3级 /南风 ≤3级,阴,多云,18,15,东风,≤3级,南风,≤3级,day
2015-03-29 11:30:00,省政府,1、追尾的,负全部责任,不负责任,0,贵AGA351,白,1,贵C59765,白,-1,-1,-1,-1,别克牌,思域牌,364557000000000000 ,366546000000000000 ,198404,197512,11,6,3,周末,非高峰,2015-03-29,2015年3月29日,阴 /多云,18℃ / 15℃,东风 ≤3级 /南风 ≤3级,阴,多云,18,15,东风,≤3级,南风,≤3级,day
2015-03-29 09:30:00,盐务街,3、倒车的,负全部责任,不负责任,1,贵FX7747,红,1,贵AMR487,红,金大驾校,-1,2013/10/16 0:00,-1,五菱牌,索兰托,364558000000000000 ,35546800000000000 ,198110,190021,9,6,3,周末,早高峰(7-9点),2015-03-29,2015年3月29日,阴 /多云,18℃ / 15℃,东风 ≤3级 /南风 ≤3级,阴,多云,18,15,东风,≤3级,南风,≤3级,day
2015-03-29 15:00:00,甘平路,3、倒车的,负全部责任,不负责任,1,贵AN1291,白色,1,贵A0AP77,白色,市交校,顺一驾驶培训学校,2013/10/16 0:00,2015/3/17 0:00,风火轮牌,福特牌,366562000000000000 ,77465500000000000 ,198509,197509,15,6,3,周末,非高峰,2015-03-29,2015年3月29日,阴 /多云,18℃ / 15℃,东风 ≤3级 /南风 ≤3级,阴,多云,18,15,东风,≤3级,南风,≤3级,day
2015-03-29 14:14:00,花香村,7、未按规定让行的 ,负全部责任,不负责任,1,贵AE139,白,1,贵AU5115,蓝,贵州现代驾驶培训责任有限公司,消防驾校,2015/1/23 0:00,2006/4/12 0:00,-1,蜀都牌,366869000000000000 ,366368000000000000 ,198512,197901,14,6,3,周末,非高峰,2015-03-29,2015年3月29日,阴 /多云,18℃ / 15℃,东风 ≤3级 /南风 ≤3级,阴,多云,18,15,东风,≤3级,南风,≤3级,day
2015-03-29 12:30:00,兴隆花园,1、追尾的,负全部责任,不负责任,1,贵AEV759,黑,1,贵JBS422,黑,自培,全林驾校,1999/6/11 0:00,2012/3/19 0:00,比亚迪牌,钱江牌,364547000000000000 ,366566000000000000 ,198001,198109,12,6,3,周末,非高峰,2015-03-29,2015年3月29日,阴 /多云,18℃ / 15℃,东风 ≤3级 /南风 ≤3级,阴,多云,18,15,东风,≤3级,南风,≤3级,day
2015-03-29 14:25:00,陈家坡,7、未按规定让行的 ,负全部责任,不负责任,1,贵A37A89,白色,1,贵AU7374,白色,自培,顺风驾校,2006/6/7 0:00,1999/10/14 0:00,福克斯牌,奇瑞牌,36634551294253403X,364547000000000000 ,196806,197908,14,6,3,周末,非高峰,2015-03-29,2015年3月29日,阴 /多云,18℃ / 15℃,东风 ≤3级 /南风 ≤3级,阴,多云,18,15,东风,≤3级,南风,≤3级,day
2015-03-29 15:40:00,四十四医院,7、未按规定让行的 ,负全部责任,不负责任,1,贵BXP393,白色,1,贵A47763,白色,文通驾校,顺一驾驶培训学校,2012/5/8 0:00,-1,-1,方园,364646000000000000 ,366669000000000000 ,198012,197904,15,6,3,周末,非高峰,2015-03-29,2015年3月29日,阴 /多云,18℃ / 15℃,东风 ≤3级 /南风 ≤3级,阴,多云,18,15,东风,≤3级,南风,≤3级,day
2015-03-29 15:13:00,北京东路,9、不符合前8款规定或者双方同时具有上述情形的,负同等责任,负同等责任,1,贵AV6931,白,0,贵AG2137,银,自培,自培,2001/5/23 0:00,2004/9/27 0:00,五菱牌,上海别克,364556000000000000 ,364548000000000000 ,197207,196902,15,6,3,周末,非高峰,2015-03-29,2015年3月29日,阴 /多云,18℃ / 15℃,东风 ≤3级 /南风 ≤3级,阴,多云,18,15,东风,≤3级,南风,≤3级,day
2015-03-29 15:00:00,望城坡,7、未按规定让行的 ,负全部责任,不负责任,1,渝B84B12,黑色,1,贵A28L81,白色,贵州省长安驾驶培训学校,蓝天驾校,2015/1/16 0:00,2011/12/25 0:00,大众汽车牌,北京现代牌,366067000000000000 ,364596000000000000 ,197603,199101,15,6,3,周末,非高峰,2015-03-29,2015年3月29日,阴 /多云,18℃ / 15℃,东风 ≤3级 /南风 ≤3级,阴,多云,18,15,东风,≤3级,南风,≤3级,day
2015-03-29 12:00:00,小河,7、未按规定让行的 ,负全部责任,不负责任,1,贵A85M71,白色,1,贵AJW977,白色,自培,未定义,2014/1/23 0:00,2014/3/31 0:00,东风日产牌,五菱牌,364548000000000000 ,366067000000000000 ,199112,199403,12,6,3,周末,非高峰,2015-03-29,2015年3月29日,阴 /多云,18℃ / 15℃,东风 ≤3级 /南风 ≤3级,阴,多云,18,15,东风,≤3级,南风,≤3级,day
2015-03-29 17:50:00,甲秀南路,1、追尾的,负全部责任,不负责任,1,贵A59S41,黑,1,贵AEV918,白,自培,-1,2003/6/12 0:00,-1,英伦牌,东风日产牌,366067000000000000 ,36454700000000000 ,198106,196042,17,6,3,周末,晚高峰(17-19点),2015-03-29,2015年3月29日,阴 /多云,18℃ / 15℃,东风 ≤3级 /南风 ≤3级,阴,多云,18,15,东风,≤3级,南风,≤3级,day
2015-03-29 10:00:00,云潭路,7、未按规定让行的 ,负全部责任,不负责任,1,贵AAW884,银,1,贵CP6888,黑,自培,-1,2009/12/8 0:00,-1,丰田牌,丰田牌,364568000000000000 ,354361000000000000 ,199101,199510,10,6,3,周末,非高峰,2015-03-29,2015年3月29日,阴 /多云,18℃ / 15℃,东风 ≤3级 /南风 ≤3级,阴,多云,18,15,东风,≤3级,南风,≤3级,day
2015-03-29 12:00:00,沙冲路,7、未按规定让行的 ,负全部责任,不负责任,1,贵AV0759,白色,1,贵AB045V,白色,自培,贵州省长安驾驶培训学校,2003/3/25 0:00,2011/12/21 0:00,北京现代牌,雪铁龙,364548000000000000 ,364547000000000000 ,198404,198801,12,6,3,周末,非高峰,2015-03-29,2015年3月29日,阴 /多云,18℃ / 15℃,东风 ≤3级 /南风 ≤3级,阴,多云,18,15,东风,≤3级,南风,≤3级,day
2015-03-29 15:30:00,花溪大道,7、未按规定让行的 ,负全部责任,不负责任,1,贵A7BY45,白色,1,贵AJY546,白色,威宁县草海汽车驾驶培训有限公司,十一培,2012/2/22 0:00,1993/2/24 0:00,金旅牌,豪情牌,366069000000000000 ,364547000000000000 ,198812,196202,15,6,3,周末,非高峰,2015-03-29,2015年3月29日,阴 /多云,18℃ / 15℃,东风 ≤3级 /南风 ≤3级,阴,多云,18,15,东风,≤3级,南风,≤3级,day
2015-03-29 10:40:00,四方河,1、追尾的,负全部责任,不负责任,1,贵AEZ255,白色,1,贵JBQ278,白色,自培,自培,1986/8/6 0:00,2003/1/24 0:00,宝马牌,一汽牌,364547000000000000 ,364548000000000000 ,196101,196511,10,6,3,周末,非高峰,2015-03-29,2015年3月29日,阴 /多云,18℃ / 15℃,东风 ≤3级 /南风 ≤3级,阴,多云,18,15,东风,≤3级,南风,≤3级,day
2015-03-29 12:40:00,镔渭河路,7、未按规定让行的 ,负全部责任,不负责任,1,贵A8BX18,白色,1,贵A0862R,白色,（乌当区）新天驾驶培训有限公司,自培,2006/6/28 0:00,2004/8/14 0:00,翼搏牌,中华牌,354664000000000000 ,36454651274367345X,197502,196305,12,6,3,周末,非高峰,2015-03-29,2015年3月29日,阴 /多云,18℃ / 15℃,东风 ≤3级 /南风 ≤3级,阴,多云,18,15,东风,≤3级,南风,≤3级,day