accidenttime,accidentaddr,driver1fault,driver1responsibility,driver2responsibility,sex1,platenumber1,carcolor1,sex2,platenumber2,carcolor2,jxmc1,jxmc2,cclzrq1,cclzrq2,clpp1,clpp2,driver1license,driver2license,brith1,brith2,hour,weekday,month,is_weekday,peak_hour,date,日期,天气状况,气温,风力风向,day_wea,night_wea,day_tep,night_tep,day_wind_direction,day_wind_speed,night_wind_direction,night_wind_speed,segment
2015-03-29 21:30:00,涴沙桥,7、未按规定让行的 ,负全部责任,不负责任,0,云DDZ592,白,1,贵AU5021,绿,遵义市驰龙封闭式汽车驾驶培训有限公司,自培,2014/9/3 0:00,2004/9/28 0:00,福克斯牌,豪爵牌,36656851874253446X,36455651974765447X,197306,198303,21,6,3,周末,非高峰,2015-03-29,2015年3月29日,阴 /多云,18℃ / 15℃,东风 ≤3级 /南风 ≤3级,阴,多云,18,15,东风,≤3级,南风,≤3级,night
2015-03-29 14:00:00,飞山街小区,3、倒车的,负全部责任,不负责任,1,贵ACA872,白色,1,贵AM5982,白色,自培,自培,2015/3/19 0:00,2005/6/6 0:00,长安牌,黄川牌,357462000000000000 ,774867000000000000 ,199610,197408,14,6,3,周末,非高峰,2015-03-29,2015年3月29日,阴 /多云,18℃ / 15℃,东风 ≤3级 /南风 ≤3级,阴,多云,18,15,东风,≤3级,南风,≤3级,day
2015-03-29 17:00:00,花溪,7、未按规定让行的 ,负全部责任,不负责任,1,贵A76X24,白色,1,贵GGC148,白色,520124,鑫鑫驾校,2003/11/11 0:00,2012/1/16 0:00,一汽佳星牌,奥迪牌,364556000000000000 ,364556000000000000 ,196104,199308,17,6,3,周末,晚高峰(17-19点),2015-03-29,2015年3月29日,阴 /多云,18℃ / 15℃,东风 ≤3级 /南风 ≤3级,阴,多云,18,15,东风,≤3级,南风,≤3级,day
2015-03-29 17:40:00,西南环线,3、倒车的,负全部责任,不负责任,1,贵A57Z21,黑色,1,贵AF1334,灰色,-1,预约考试窗口,-1,2007/2/7 0:00,奥迪,吉利美日,35486651974545867X,366364000000000000 ,198301,195111,17,6,3,周末,晚高峰(17-19点),2015-03-29,2015年3月29日,阴 /多云,18℃ / 15℃,东风 ≤3级 /南风 ≤3级,阴,多云,18,15,东风,≤3级,南风,≤3级,day
2015-03-29 19:30:00,三桥,7、未按规定让行的 ,负全部责任,不负责任,1,贵A440F8,白,1,贵A52L85,红,消防驾校,预约考试窗口,2010/10/29 0:00,2006/8/16 0:00,解放牌,众泰牌,366347000000000000 ,36636051974949095X,197306,198308,19,6,3,周末,晚高峰(17-19点),2015-03-29,2015年3月29日,阴 /多云,18℃ / 15℃,东风 ≤3级 /南风 ≤3级,阴,多云,18,15,东风,≤3级,南风,≤3级,day
2015-03-29 17:10:00,都司路,7、未按规定让行的 ,负全部责任,不负责任,1,贵A34W87,白,1,贵AAL551,黄,无,-1,2002/4/27 0:00,-1,凯迪拉克SRX跨界车,三野牌,364556000000000000 ,3604551824641445X,197703,976020,17,6,3,周末,晚高峰(17-19点),2015-03-29,2015年3月29日,阴 /多云,18℃ / 15℃,东风 ≤3级 /南风 ≤3级,阴,多云,18,15,东风,≤3级,南风,≤3级,day
2015-03-29 19:00:00,苗圃,1、追尾的,负全部责任,不负责任,1,贵J04175,绿,1,贵AU8176,白,-1,新天驾校,-1,2012/11/7 0:00,万达,宝来牌,366876000000000000 ,364558000000000000 ,197609,199202,19,6,3,周末,晚高峰(17-19点),2015-03-29,2015年3月29日,阴 /多云,18℃ / 15℃,东风 ≤3级 /南风 ≤3级,阴,多云,18,15,东风,≤3级,南风,≤3级,day
2015-03-30 00:00:00,遵义路,7、未按规定让行的 ,负全部责任,不负责任,1,闽AJR456,黑色,1,贵AES434,白色,-1,市警校驾校,-1,2009/12/24 0:00,南骏牌,宝马牌,734570000000000000 ,66076500000000000 ,197807,197207,0,0,3,工作日,非高峰,2015-03-30,2015年3月30日,晴 /多云,24℃ / 17℃,南风 ≤3级 /南风 ≤3级,晴,多云,24,17,南风,≤3级,南风,≤3级,night
2015-03-30 08:00:00,绿海湾,1、追尾的,负全部责任,不负责任,0,贵ARW383,银,1,贵A43293,白,-1,消防驾校,-1,2006/4/17 0:00,宝马牌,金轮,364557000000000000 ,364557000000000000 ,197402,198801,8,0,3,工作日,早高峰(7-9点),2015-03-30,2015年3月30日,晴 /多云,24℃ / 17℃,南风 ≤3级 /南风 ≤3级,晴,多云,24,17,南风,≤3级,南风,≤3级,day
2015-03-30 08:30:00,黔灵西路,7、未按规定让行的 ,负全部责任,不负责任,1,贵A51E73,红,1,贵A73A71,银,-1,520133,-1,2009/11/23 0:00,福克斯牌,威志牌,366661000000000000 ,364548000000000000 ,198706,197409,8,0,3,工作日,早高峰(7-9点),2015-03-30,2015年3月30日,晴 /多云,24℃ / 17℃,南风 ≤3级 /南风 ≤3级,晴,多云,24,17,南风,≤3级,南风,≤3级,day
2015-03-29 17:10:00,白云区,7、未按规定让行的 ,负全部责任,不负责任,1,贵AB493T,白,0,贵ACT546,银,（白云区）路路达驾驶培训有限公司,路路达驾校,2015/2/9 0:00,2013/6/17 0:00,江淮牌,波罗牌,364558000000000000 ,366669000000000000 ,199003,197811,17,6,3,周末,晚高峰(17-19点),2015-03-29,2015年3月29日,阴 /多云,18℃ / 15℃,东风 ≤3级 /南风 ≤3级,阴,多云,18,15,东风,≤3级,南风,≤3级,day
2015-03-29 22:00:00,南厂路,9、不符合前8款规定或者双方同时具有上述情形的,负同等责任,负同等责任,1,贵AU0372,蓝,1,贵AVF247,黄,（白云区）景宏驾驶培训有限公司,520124,2005/7/12 0:00,2009/8/26 0:00,宗申牌,宝马,364558000000000000 ,364548000000000000 ,198208,199007,22,6,3,周末,非高峰,2015-03-29,2015年3月29日,阴 /多云,18℃ / 15℃,东风 ≤3级 /南风 ≤3级,阴,多云,18,15,东风,≤3级,南风,≤3级,night
2015-03-29 19:57:00,北京西路,8、依法应负全责的其他情形,负同等责任,不负责任,0,贵JBF819,银,1,贵AX7993,黑,-1,时发,-1,2005/12/20 0:00,长安牌,宝马牌,74147500000000000 ,364558000000000000 ,199005,196401,19,6,3,周末,晚高峰(17-19点),2015-03-29,2015年3月29日,阴 /多云,18℃ / 15℃,东风 ≤3级 /南风 ≤3级,阴,多云,18,15,东风,≤3级,南风,≤3级,day
2015-03-29 21:28:00,云岩区,7、未按规定让行的 ,负全部责任,不负责任,1,贵CBA286,黄,1,贵AB961A,白,自培,顺风驾校,2012/10/12 0:00,2014/6/18 0:00,一汽佳星牌,大众汽车牌,366564000000000000 ,364557000000000000 ,197409,199407,21,6,3,周末,非高峰,2015-03-29,2015年3月29日,阴 /多云,18℃ / 15℃,东风 ≤3级 /南风 ≤3级,阴,多云,18,15,东风,≤3级,南风,≤3级,night
2015-03-29 19:00:00,火石路,7、未按规定让行的 ,负全部责任,不负责任,1,贵A89920,白色,1,贵A6EB30,白色,自培,消防,2002/6/7 0:00,2005/8/2 0:00,解放牌,吉利美日牌,356767000000000000 ,364548000000000000 ,195311,196603,19,6,3,周末,晚高峰(17-19点),2015-03-29,2015年3月29日,阴 /多云,18℃ / 15℃,东风 ≤3级 /南风 ≤3级,阴,多云,18,15,东风,≤3级,南风,≤3级,day
2015-03-29 20:00:00,小河,7、未按规定让行的 ,负全部责任,不负责任,1,川ECJ885,白色,1,贵A8BV57,白色,自培,-1,2013/7/18 0:00,-1,\N,东风日产牌,354366000000000000 ,354147000000000000 ,198011,198511,20,6,3,周末,非高峰,2015-03-29,2015年3月29日,阴 /多云,18℃ / 15℃,东风 ≤3级 /南风 ≤3级,阴,多云,18,15,东风,≤3级,南风,≤3级,night
2015-03-29 14:40:00,鹿冲关,7、未按规定让行的 ,负全部责任,不负责任,1,贵ABV614,黑,1,贵A82N75,白,-1,十一培,-1,1996/7/10 0:00,吉利牌,雪佛兰牌,5686250000000000 ,36454651825641745X,199110,197612,14,6,3,周末,非高峰,2015-03-29,2015年3月29日,阴 /多云,18℃ / 15℃,东风 ≤3级 /南风 ≤3级,阴,多云,18,15,东风,≤3级,南风,≤3级,day
2015-03-29 17:00:00,金狮小区,7、未按规定让行的 ,负全部责任,不负责任,1,贵ALV803,白色,1,贵A54V76,白色,自培,十一培,2007/4/19 0:00,1989/9/26 0:00,一汽佳星牌,福克斯牌,366864000000000000 ,364548000000000000 ,197011,196805,17,6,3,周末,晚高峰(17-19点),2015-03-29,2015年3月29日,阴 /多云,18℃ / 15℃,东风 ≤3级 /南风 ≤3级,阴,多云,18,15,东风,≤3级,南风,≤3级,day
2015-03-29 16:47:00,王家桥,3、倒车的,负全部责任,不负责任,1,贵A0BY61,白,1,贵A15B68,红,520106,自培,2008/10/21 0:00,2003/4/24 0:00,长安牌,福克斯牌,364548000000000000 ,364558000000000000 ,195310,197202,16,6,3,周末,非高峰,2015-03-29,2015年3月29日,阴 /多云,18℃ / 15℃,东风 ≤3级 /南风 ≤3级,阴,多云,18,15,东风,≤3级,南风,≤3级,day
2015-03-29 16:49:00,云潭北路,3、倒车的,负全部责任,不负责任,1,贵AC436H,银,1,贵A1F707,白,自培,自培,2004/9/1 0:00,2006/12/31 0:00,思域牌,翼虎牌,366663000000000000 ,366367000000000000 ,196509,197811,16,6,3,周末,非高峰,2015-03-29,2015年3月29日,阴 /多云,18℃ / 15℃,东风 ≤3级 /南风 ≤3级,阴,多云,18,15,东风,≤3级,南风,≤3级,day
2015-03-29 16:22:00,马王庙,3、倒车的,负全部责任,不负责任,0,贵JDU229,白,1,贵A22N27,白,新华驾校,自培,2014/11/14 0:00,2002/1/29 0:00,豪情牌,大众汽车牌,364557000000000000 ,366361000000000000 ,199001,196501,16,6,3,周末,非高峰,2015-03-29,2015年3月29日,阴 /多云,18℃ / 15℃,东风 ≤3级 /南风 ≤3级,阴,多云,18,15,东风,≤3级,南风,≤3级,day
2015-03-29 17:00:00,扶风花园,3、倒车的,负全部责任,不负责任,0,贵AAD295,黑,1,贵GL6036,白,自培,自培,2004/10/29 0:00,2005/10/9 0:00,长安牌,钱江牌,366364000000000000 ,364548000000000000 ,196806,198305,17,6,3,周末,晚高峰(17-19点),2015-03-29,2015年3月29日,阴 /多云,18℃ / 15℃,东风 ≤3级 /南风 ≤3级,阴,多云,18,15,东风,≤3级,南风,≤3级,day
2015-03-29 15:11:00,沙冲北路,7、未按规定让行的 ,负全部责任,不负责任,1,粤A022PH,白色,1,贵JK0572,白色,自培,自培,2012/6/20 0:00,2006/11/1 0:00,无,福特牌,74060500000000000 ,364548000000000000 ,198705,198710,15,6,3,周末,非高峰,2015-03-29,2015年3月29日,阴 /多云,18℃ / 15℃,东风 ≤3级 /南风 ≤3级,阴,多云,18,15,东风,≤3级,南风,≤3级,day
2015-03-30 08:00:00,花溪,3、倒车的,负全部责任,不负责任,1,贵AU5163,白色,1,贵AC853A,白色,自培,高新驾校,1993/9/8 0:00,2011/11/4 0:00,捷达牌,北京牌,364547000000000000 ,364566000000000000 ,196002,198806,8,0,3,工作日,早高峰(7-9点),2015-03-30,2015年3月30日,晴 /多云,24℃ / 17℃,南风 ≤3级 /南风 ≤3级,晴,多云,24,17,南风,≤3级,南风,≤3级,day
2015-03-30 09:40:00, 乌当,7、未按规定让行的 ,负全部责任,不负责任,1,贵A3891U,白,0,贵AW6589,黄,-1,520116,-1,2009/12/14 0:00,江淮牌,解放牌,364557000000000000 ,366670000000000000 ,197107,196807,9,0,3,工作日,早高峰(7-9点),2015-03-30,2015年3月30日,晴 /多云,24℃ / 17℃,南风 ≤3级 /南风 ≤3级,晴,多云,24,17,南风,≤3级,南风,≤3级,day
2015-03-30 08:50:00,花果园,8、依法应负全责的其他情形,负全部责任,不负责任,1,贵4265031,红,1,贵ANW352,蓝,（经开区）十一驾驶培训有限公司,520109,2007/12/13 0:00,2010/9/1 0:00,-1,波罗牌,366067000000000000 ,366269000000000000 ,197007,197803,8,0,3,工作日,早高峰(7-9点),2015-03-30,2015年3月30日,晴 /多云,24℃ / 17℃,南风 ≤3级 /南风 ≤3级,晴,多云,24,17,南风,≤3级,南风,≤3级,day
2015-03-30 08:40:00,宝福山,7、未按规定让行的 ,负全部责任,不负责任,1,贵ABW228,白色,1,贵AFR101,白色,-1,商洛市乔士达机动车驾驶培训有限责任公司,-1,2010/1/21 0:00,金杯牌,金杯牌,36454700000000 ,256367000000000000 ,640365,198610,8,0,3,工作日,早高峰(7-9点),2015-03-30,2015年3月30日,晴 /多云,24℃ / 17℃,南风 ≤3级 /南风 ≤3级,晴,多云,24,17,南风,≤3级,南风,≤3级,day
2015-03-30 10:00:00,花溪,9、不符合前8款规定或者双方同时具有上述情形的,负同等责任,负同等责任,1,贵A3372A,白色,1,贵A7867F,白色,（乌当区）新华驾驶培训有限公司,-1,2008/10/23 0:00,-1,长安牌,五菱牌,36455551915548425X,366575000000000000 ,198911,199001,10,0,3,工作日,非高峰,2015-03-30,2015年3月30日,晴 /多云,24℃ / 17℃,南风 ≤3级 /南风 ≤3级,晴,多云,24,17,南风,≤3级,南风,≤3级,day
2015-03-30 10:30:00,北京路,1、追尾的,负全部责任,不负责任,1,粤BZDQ27,黄,1,贵AU2351,蓝,天行健驾校,自培,2014/12/2 0:00,2004/2/29 0:00,无,嘉陵牌,366566000000000000 ,364551000000000000 ,197411,198409,10,0,3,工作日,非高峰,2015-03-30,2015年3月30日,晴 /多云,24℃ / 17℃,南风 ≤3级 /南风 ≤3级,晴,多云,24,17,南风,≤3级,南风,≤3级,day
2015-03-30 09:35:00,金苏大道,7、未按规定让行的 ,负全部责任,不负责任,1,粤BCU863,白,1,贵AB7557,白,-1,消防驾校,-1,2011/8/1 0:00,丰田牌,雷克牌,36060500000000000 ,364558000000000000 ,968102,198610,9,0,3,工作日,早高峰(7-9点),2015-03-30,2015年3月30日,晴 /多云,24℃ / 17℃,南风 ≤3级 /南风 ≤3级,晴,多云,24,17,南风,≤3级,南风,≤3级,day
2015-03-30 08:00:00,西二环,1、追尾的,负全部责任,不负责任,1,贵J62541,白色,1,贵AE1843,白色,-1,市交校,-1,2014/1/16 0:00,海马牌,华鹰牌,366568000000000000 ,366566000000000000 ,198511,198504,8,0,3,工作日,早高峰(7-9点),2015-03-30,2015年3月30日,晴 /多云,24℃ / 17℃,南风 ≤3级 /南风 ≤3级,晴,多云,24,17,南风,≤3级,南风,≤3级,day
2015-03-30 05:00:00,小河平桥,7、未按规定让行的 ,负全部责任,不负责任,1,贵A54C45,白色,1,贵AU7586,白色,自培,-1,2004/3/26 0:00,-1,科雷傲,神鹰牌,364551000000000000 ,36464751974469605X,195912,198300,5,0,3,工作日,非高峰,2015-03-30,2015年3月30日,晴 /多云,24℃ / 17℃,南风 ≤3级 /南风 ≤3级,晴,多云,24,17,南风,≤3级,南风,≤3级,night
2015-03-29 18:10:00,市北路,1、追尾的,负全部责任,不负责任,0,贵A8912T,黑,1,贵GX4703,红,路路达驾校,十一培,2013/4/27 0:00,1996/12/12 0:00,丰田牌,翼搏牌,364568000000000000 ,364557000000000000 ,199312,197201,18,6,3,周末,晚高峰(17-19点),2015-03-29,2015年3月29日,阴 /多云,18℃ / 15℃,东风 ≤3级 /南风 ≤3级,阴,多云,18,15,东风,≤3级,南风,≤3级,day
2015-03-30 09:00:00, 北京西路,7、未按规定让行的 ,负全部责任,不负责任,1,贵AG6535,黑,1,贵AU6044,蓝,新华驾校,十一培,2012/1/9 0:00,1997/7/8 0:00,长安牌,豪进牌,366875000000000000 ,366367000000000000 ,197512,197407,9,0,3,工作日,早高峰(7-9点),2015-03-30,2015年3月30日,晴 /多云,24℃ / 17℃,南风 ≤3级 /南风 ≤3级,晴,多云,24,17,南风,≤3级,南风,≤3级,day
2015-03-30 08:00:00,北京路,3、倒车的,负全部责任,不负责任,1,贵A2K560,黄,1,贵AU2782,蓝,-1,十一培,-1,1997/9/17 0:00,比亚迪牌,欧豹牌,365567000000000000 ,366267000000000000 ,198708,197103,8,0,3,工作日,早高峰(7-9点),2015-03-30,2015年3月30日,晴 /多云,24℃ / 17℃,南风 ≤3级 /南风 ≤3级,晴,多云,24,17,南风,≤3级,南风,≤3级,day
2015-03-30 08:20:00,百花山隧道,7、未按规定让行的 ,负全部责任,不负责任,1,贵A2AS16,黑,0,贵A16F78,白,全林驾校,自培,2012/7/6 0:00,2004/6/9 0:00,吉利牌,东风标致牌,364558000000000000 ,364547000000000000 ,197709,198210,8,0,3,工作日,早高峰(7-9点),2015-03-30,2015年3月30日,晴 /多云,24℃ / 17℃,南风 ≤3级 /南风 ≤3级,晴,多云,24,17,南风,≤3级,南风,≤3级,day
2015-03-30 08:10:00,二环,7、未按规定让行的 ,负全部责任,不负责任,1,贵AF4411,银,1,贵AAS474,黑,-1,自培,-1,2000/1/12 0:00,望江牌,帕萨特牌,36454700000000000 ,364548000000000000 ,196700,197704,8,0,3,工作日,早高峰(7-9点),2015-03-30,2015年3月30日,晴 /多云,24℃ / 17℃,南风 ≤3级 /南风 ≤3级,晴,多云,24,17,南风,≤3级,南风,≤3级,day
2015-03-30 02:50:00,小河三江口,1、追尾的,负全部责任,不负责任,1,贵JQ6276,灰色,1,贵AGE509,白色,罗甸县吉兴汽车驾驶培训学校,自培,2012/1/6 0:00,2004/5/14 0:00,大众牌,东风日产牌,366870000000000000 ,366068000000000000 ,198411,197910,2,0,3,工作日,非高峰,2015-03-30,2015年3月30日,晴 /多云,24℃ / 17℃,南风 ≤3级 /南风 ≤3级,晴,多云,24,17,南风,≤3级,南风,≤3级,night
2015-03-30 05:00:00,头桥,1、追尾的,负全部责任,不负责任,1,贵A3582A,白色,1,贵AU0967,白色,诚信驾驶培训学校,自培,2013/12/26 0:00,2000/9/4 0:00,瑞麒牌,宝来牌,364566000000000000 ,364547000000000000 ,199112,197607,5,0,3,工作日,非高峰,2015-03-30,2015年3月30日,晴 /多云,24℃ / 17℃,南风 ≤3级 /南风 ≤3级,晴,多云,24,17,南风,≤3级,南风,≤3级,night
2015-03-30 11:21:00,甲秀南路,1、追尾的,负全部责任,不负责任,0,贵AHQ353,银,1,贵A59F16, 白,无,遵义市海通机动车驾驶培训学校,2007/11/15 0:00,2011/3/22 0:00,朗逸牌,江铃全顺牌,364648000000000000 ,364557000000000000 ,197411,199104,11,0,3,工作日,非高峰,2015-03-30,2015年3月30日,晴 /多云,24℃ / 17℃,南风 ≤3级 /南风 ≤3级,晴,多云,24,17,南风,≤3级,南风,≤3级,day
2015-03-30 09:50:00,四方河,7、未按规定让行的 ,负全部责任,不负责任,1,贵GY1051,白色,1,贵GGB137,白色,（乌当区）全林驾驶培训有限公司,凯信驾校,2006/5/31 0:00,2014/8/26 0:00,雪佛兰牌,三菱牌,4548520000000000 ,364556000000000000 ,197604,196703,9,0,3,工作日,早高峰(7-9点),2015-03-30,2015年3月30日,晴 /多云,24℃ / 17℃,南风 ≤3级 /南风 ≤3级,晴,多云,24,17,南风,≤3级,南风,≤3级,day
2015-03-30 13:05:00,贵钢,8、依法应负全责的其他情形,负全部责任,不负责任,1,贵A89M57,银,1,贵A0889R,银,贵州天河驾校,贵州省长安驾驶培训学校,2015/1/23 0:00,2010/12/10 0:00,力帆牌,长安牌,364547000000000000 ,364557000000000000 ,195401,198104,13,0,3,工作日,非高峰,2015-03-30,2015年3月30日,晴 /多云,24℃ / 17℃,南风 ≤3级 /南风 ≤3级,晴,多云,24,17,南风,≤3级,南风,≤3级,day
2015-03-30 10:47:00,清江路,8、依法应负全责的其他情形,负全部责任,不负责任,1,贵AJE229,白,1,贵AER887,黑,（乌当区）新天驾驶培训有限公司,预约考试窗口,2015/2/12 0:00,2007/6/4 0:00,金旅牌,蒙迪欧牌,364548000000000000 ,364557000000000000 ,199111,197610,10,0,3,工作日,非高峰,2015-03-30,2015年3月30日,晴 /多云,24℃ / 17℃,南风 ≤3级 /南风 ≤3级,晴,多云,24,17,南风,≤3级,南风,≤3级,day
2015-03-30 09:30:00,龙洞堡,1、追尾的,负全部责任,不负责任,1,贵AU0822,黄,1,贵GH9389,黄,景宏驾校,-1,2011/11/29 0:00,-1,嘉隆牌,雅阁牌,366663000000000000 ,357466000000000000 ,197108,195706,9,0,3,工作日,早高峰(7-9点),2015-03-30,2015年3月30日,晴 /多云,24℃ / 17℃,南风 ≤3级 /南风 ≤3级,晴,多云,24,17,南风,≤3级,南风,≤3级,day
2015-03-30 11:00:00,小河,7、未按规定让行的 ,负全部责任,不负责任,1,贵AJ6009,白色,1,贵GM8200,白色,景宏驾校,文通驾校,2012/5/17 0:00,2011/9/28 0:00,隆鑫牌,大众牌,355464000000000000 ,344558000000000000 ,199303,198611,11,0,3,工作日,非高峰,2015-03-30,2015年3月30日,晴 /多云,24℃ / 17℃,南风 ≤3级 /南风 ≤3级,晴,多云,24,17,南风,≤3级,南风,≤3级,day
2015-03-30 11:40:00,太慈桥,7、未按规定让行的 ,负全部责任,不负责任,1,贵A72R99,白色,1,贵AU7025,白色,（白云区）景宏驾驶培训有限公司,自培,2009/7/24 0:00,1994/2/7 0:00,明锐牌,金狮牌,354366000000000000 ,364548000000000000 ,198011,197307,11,0,3,工作日,非高峰,2015-03-30,2015年3月30日,晴 /多云,24℃ / 17℃,南风 ≤3级 /南风 ≤3级,晴,多云,24,17,南风,≤3级,南风,≤3级,day
2015-03-30 14:30:00,百花山,7、未按规定让行的 ,负全部责任,不负责任,1,贵AHV596,银,1,贵GR1399,红,-1,自培,-1,-1,金旅牌,宝马牌,76347500000000000 ,366064000000000000 ,199204,198902,14,0,3,工作日,非高峰,2015-03-30,2015年3月30日,晴 /多云,24℃ / 17℃,南风 ≤3级 /南风 ≤3级,晴,多云,24,17,南风,≤3级,南风,≤3级,day
2015-03-30 17:00:00,八匹马,7、未按规定让行的 ,负全部责任,不负责任,1,贵A78R24,白,1,贵AG6597,蓝,-1,无,-1,1993/11/24 0:00,吉利牌,望龙牌,70657500000000000 ,36455751874652445X,196351,197302,17,0,3,工作日,晚高峰(17-19点),2015-03-30,2015年3月30日,晴 /多云,24℃ / 17℃,南风 ≤3级 /南风 ≤3级,晴,多云,24,17,南风,≤3级,南风,≤3级,day
2015-03-30 17:00:00,开发大道,7、未按规定让行的 ,负全部责任,不负责任,1,贵ALK635,白色,1,湘A4591N,白色,-1,贵州现代驾驶培训责任有限公司,-1,2014/5/8 0:00,金杯牌,力帆牌,354567000000000000 ,74095500000000000 ,197510,198901,17,0,3,工作日,晚高峰(17-19点),2015-03-30,2015年3月30日,晴 /多云,24℃ / 17℃,南风 ≤3级 /南风 ≤3级,晴,多云,24,17,南风,≤3级,南风,≤3级,day
2015-03-30 17:00:00,甲秀南路,1、追尾的,负全部责任,不负责任,1,贵A5116F,白色,1,贵AGV365,白色,-1,诚信驾驶培训学校,-1,2012/1/18 0:00,五菱牌,东南牌,364648000000000000 ,364547000000000000 ,199011,198804,17,0,3,工作日,晚高峰(17-19点),2015-03-30,2015年3月30日,晴 /多云,24℃ / 17℃,南风 ≤3级 /南风 ≤3级,晴,多云,24,17,南风,≤3级,南风,≤3级,day
2015-03-30 11:00:00,花溪,3、倒车的,负全部责任,不负责任,1,贵AAY618,白色,1,贵A5AH39,白色,自培,全林驾校,2004/4/16 0:00,2012/9/18 0:00,别克牌,大众汽车牌,364648000000000000 ,354575000000000000 ,196207,197309,11,0,3,工作日,非高峰,2015-03-30,2015年3月30日,晴 /多云,24℃ / 17℃,南风 ≤3级 /南风 ≤3级,晴,多云,24,17,南风,≤3级,南风,≤3级,day
2015-03-30 14:00:00,甲秀南路,1、追尾的,负全部责任,不负责任,1,贵A85351,红,1,贵A0783F,白,自培,-1,2008/6/24 0:00,-1,陕汽牌,解放牌,364647000000000000 ,77626351804241397X,198411,197406,14,0,3,工作日,非高峰,2015-03-30,2015年3月30日,晴 /多云,24℃ / 17℃,南风 ≤3级 /南风 ≤3级,晴,多云,24,17,南风,≤3级,南风,≤3级,day
2015-03-30 11:17:00,艺校立交,1、追尾的,负全部责任,不负责任,1,贵AFN941,黑色,1,桂AP2742,白色,自培,-1,2008/11/18 0:00,1978/1/13 0:00,五菱牌,豪门牌,366875000000000000 ,54743500000000000 ,197406,195111,11,0,3,工作日,非高峰,2015-03-30,2015年3月30日,晴 /多云,24℃ / 17℃,南风 ≤3级 /南风 ≤3级,晴,多云,24,17,南风,≤3级,南风,≤3级,day
2015-03-30 12:10:00,花溪平桥,7、未按规定让行的 ,负全部责任,不负责任,1,贵A55W37,白色,1,贵ARW089,白色,自培,贵州省长安驾驶培训学校,2003/4/4 0:00,2001/7/24 0:00,福克斯牌,帕萨特,366361000000000000 ,36636051945455095X,197310,198010,12,0,3,工作日,非高峰,2015-03-30,2015年3月30日,晴 /多云,24℃ / 17℃,南风 ≤3级 /南风 ≤3级,晴,多云,24,17,南风,≤3级,南风,≤3级,day
2015-03-30 11:00:00,白云区,7、未按规定让行的 ,负全部责任,不负责任,1,贵AU6277,蓝,1,贵AJU382,银,自培,-1,2002/12/1 0:00,-1,力帆牌,长安牌,36454751264052525X,364558000000000000 ,196204,198310,11,0,3,工作日,非高峰,2015-03-30,2015年3月30日,晴 /多云,24℃ / 17℃,南风 ≤3级 /南风 ≤3级,晴,多云,24,17,南风,≤3级,南风,≤3级,day
2015-03-30 08:00:00,嘉润路,1、追尾的,负全部责任,不负责任,1,贵JDA243,白色,1,贵AC0499,白色,铁二局驾校,十一培,2014/11/5 0:00,1995/8/28 0:00,长安牌,思迪(CITY)牌,366868000000000000 ,364547000000000000 ,197702,197506,8,0,3,工作日,早高峰(7-9点),2015-03-30,2015年3月30日,晴 /多云,24℃ / 17℃,南风 ≤3级 /南风 ≤3级,晴,多云,24,17,南风,≤3级,南风,≤3级,day
2015-03-30 14:00:00,四方河,8、依法应负全责的其他情形,负全部责任,不负责任,1,贵A4063L,白色,1,贵A8460A,白色,黔西县宏远黔职驾校有限公司,十一培,2012/1/17 0:00,1996/6/4 0:00,力帆牌,别克牌,366068000000000000 ,364547000000000000 ,198807,197512,14,0,3,工作日,非高峰,2015-03-30,2015年3月30日,晴 /多云,24℃ / 17℃,南风 ≤3级 /南风 ≤3级,晴,多云,24,17,南风,≤3级,南风,≤3级,day
2015-03-30 10:30:00,河滨公园,7、未按规定让行的 ,负全部责任,不负责任,1,贵A61K66,白,1,贵AU0942,蓝,自培,十一培,2007/5/23 0:00,1980/12/16 0:00,大众牌,万达牌,366577000000000000 ,364547000000000000 ,198107,195612,10,0,3,工作日,非高峰,2015-03-30,2015年3月30日,晴 /多云,24℃ / 17℃,南风 ≤3级 /南风 ≤3级,晴,多云,24,17,南风,≤3级,南风,≤3级,day
2015-03-30 10:00:00,花果园,8、依法应负全责的其他情形,负全部责任,不负责任,1,贵DV5736,白,1,贵A55W58,小型,-1,自培,-1,2004/8/23 0:00,隆鑫牌,北京牌,36666351984974446X,364547000000000000 ,198708,198602,10,0,3,工作日,非高峰,2015-03-30,2015年3月30日,晴 /多云,24℃ / 17℃,南风 ≤3级 /南风 ≤3级,晴,多云,24,17,南风,≤3级,南风,≤3级,day