accidenttime,accidentaddr,driver1fault,driver1responsibility,driver2responsibility,sex1,platenumber1,carcolor1,sex2,platenumber2,carcolor2,jxmc1,jxmc2,cclzrq1,cclzrq2,clpp1,clpp2,driver1license,driver2license,brith1,brith2,hour,weekday,month,is_weekday,peak_hour,date,日期,天气状况,气温,风力风向,day_wea,night_wea,day_tep,night_tep,day_wind_direction,day_wind_speed,night_wind_direction,night_wind_speed,segment
2015-03-30 16:10:00,公安厅,1、追尾的,负全部责任,不负责任,1,贵A79W21,黑,1,贵A22G68,蓝,自培,阳光驾校,2004/7/2 0:00,2012/7/23 0:00,翼虎牌,长安牌,366271000000000000 ,364547000000000000 ,197911,197101,16,0,3,工作日,非高峰,2015-03-30,2015年3月30日,晴 /多云,24℃ / 17℃,南风 ≤3级 /南风 ≤3级,晴,多云,24,17,南风,≤3级,南风,≤3级,day
2015-03-30 17:00:00,东山,7、未按规定让行的 ,负全部责任,不负责任,1,贵AKK958,白色,1,贵A38C36,白色,（经开区）十一驾驶培训有限公司,（白云区）消防驾驶培训学校,2008/5/30 0:00,-1,丰田牌,夏利牌,364548000000000000 ,364548000000000000 ,197606,192505,17,0,3,工作日,晚高峰(17-19点),2015-03-30,2015年3月30日,晴 /多云,24℃ / 17℃,南风 ≤3级 /南风 ≤3级,晴,多云,24,17,南风,≤3级,南风,≤3级,day
2015-03-30 13:00:00,三桥,8、依法应负全责的其他情形,负全部责任,不负责任,1,贵J00222,银,1,贵A14S69,白,金大驾校,鑫鑫驾校,2003/11/11 0:00,2014/7/19 0:00,长安牌,长安牌,364556000000000000 ,364558000000000000 ,198102,198610,13,0,3,工作日,非高峰,2015-03-30,2015年3月30日,晴 /多云,24℃ / 17℃,南风 ≤3级 /南风 ≤3级,晴,多云,24,17,南风,≤3级,南风,≤3级,day
2015-03-30 14:10:00,会展城,7、未按规定让行的 ,负全部责任,不负责任,1,贵AKM082,银,1,苏KF5222,黄,-1,文通驾校,-1,-1,别克牌,宝马,364546000000000000 ,76546851144354215X,196706,199005,14,0,3,工作日,非高峰,2015-03-30,2015年3月30日,晴 /多云,24℃ / 17℃,南风 ≤3级 /南风 ≤3级,晴,多云,24,17,南风,≤3级,南风,≤3级,day
2015-03-30 14:20:00,黄山冲,3、倒车的,负全部责任,不负责任,0,贵A68S23,黑,1,贵A1323J,银,-1,桐梓县毅昕机动车驾驶培训学校,-1,2007/5/24 0:00,森林人,长安牌,366567518 ,364548000000000000 ,197,198902,14,0,3,工作日,非高峰,2015-03-30,2015年3月30日,晴 /多云,24℃ / 17℃,南风 ≤3级 /南风 ≤3级,晴,多云,24,17,南风,≤3级,南风,≤3级,day
2015-03-30 12:30:00,白云区,8、依法应负全责的其他情形,负全部责任,不负责任,1,贵CCB614,黄,1,贵A836F5,白,-1,-1,-1,-1,北京现代牌,华神牌,366347000000000000 ,364544000000 ,197808,459817,12,0,3,工作日,非高峰,2015-03-30,2015年3月30日,晴 /多云,24℃ / 17℃,南风 ≤3级 /南风 ≤3级,晴,多云,24,17,南风,≤3级,南风,≤3级,day
2015-03-30 16:53:00,中华中路,8、依法应负全责的其他情形,负全部责任,不负责任,0,贵A74M76,白,1,贵A26W51,红,（南明区）吉源驾驶培训有限公司,-1,2004/11/24 11:25,-1,福克斯牌,X3,364646000000000000 ,36624600000000000 ,197307,197111,16,0,3,工作日,非高峰,2015-03-30,2015年3月30日,晴 /多云,24℃ / 17℃,南风 ≤3级 /南风 ≤3级,晴,多云,24,17,南风,≤3级,南风,≤3级,day
2015-03-30 19:21:00,北京西路,8、依法应负全责的其他情形,负全部责任,不负责任,1,贵A7396R,黑,1,贵A80616,蓝,自培,吉源驾校（南明区）,2006/11/8 0:00,2002/11/1 0:00,别克牌,北泉,364558000000000000 ,36455651964859693X,197810,198207,19,0,3,工作日,晚高峰(17-19点),2015-03-30,2015年3月30日,晴 /多云,24℃ / 17℃,南风 ≤3级 /南风 ≤3级,晴,多云,24,17,南风,≤3级,南风,≤3级,day
2015-03-30 15:50:00,白云区,8、依法应负全责的其他情形,负全部责任,不负责任,1,贵A2252U,银,1,贵FP5837,黑,520114,预约考试窗口,2003/11/6 0:00,2006/11/9 0:00,五菱牌,比亚迪牌,366064000000000000 ,364557000000000000 ,196605,197003,15,0,3,工作日,非高峰,2015-03-30,2015年3月30日,晴 /多云,24℃ / 17℃,南风 ≤3级 /南风 ≤3级,晴,多云,24,17,南风,≤3级,南风,≤3级,day
2015-03-30 17:08:00,乌当,3、倒车的,负全部责任,不负责任,1,贵FX9546,银,1,贵GP5239,银,路路达驾校,大方大山驾校,2014/9/23 0:00,2009/3/22 0:00,起亚牌,嘉陵牌,366067000000000000 ,366067000000000000 ,197209,198708,17,0,3,工作日,晚高峰(17-19点),2015-03-30,2015年3月30日,晴 /多云,24℃ / 17℃,南风 ≤3级 /南风 ≤3级,晴,多云,24,17,南风,≤3级,南风,≤3级,day
2015-03-30 17:20:00,合群路,3、倒车的,负全部责任,不负责任,1,贵A801H3,银,1,贵ANT366,银,吉源驾校,520136,2014/7/14 0:00,2009/4/13 0:00,五菱牌,宝来牌,366061000000000000 ,724547000000000000 ,197503,197502,17,0,3,工作日,晚高峰(17-19点),2015-03-30,2015年3月30日,晴 /多云,24℃ / 17℃,南风 ≤3级 /南风 ≤3级,晴,多云,24,17,南风,≤3级,南风,≤3级,day
2015-03-30 15:10:00,花二道,7、未按规定让行的 ,负全部责任,不负责任,1,贵AEX848,蓝,1,贵ET9755,黑,阳光驾校,吉源驾校,2014/6/13 0:00,2013/3/8 0:00,江淮牌,别克牌,366068000000000000 ,36455651174958765X,199311,199308,15,0,3,工作日,非高峰,2015-03-30,2015年3月30日,晴 /多云,24℃ / 17℃,南风 ≤3级 /南风 ≤3级,晴,多云,24,17,南风,≤3级,南风,≤3级,day
2015-03-30 14:30:00,金阳九路,4、停车时未挂低速档、未拉驻车制动，导致车辆滑行的,负全部责任,不负责任,0,湘AVD874,银,1,贵ANV146,白,自培,-1,2008/5/23 0:00,-1,别克牌,吉利牌,74860500000000000 ,黔消4393,198601,-1,14,0,3,工作日,非高峰,2015-03-30,2015年3月30日,晴 /多云,24℃ / 17℃,南风 ≤3级 /南风 ≤3级,晴,多云,24,17,南风,≤3级,南风,≤3级,day
2015-03-30 14:50:00,小河,1、追尾的,负全部责任,不负责任,1,贵A0BM51,黑,1,贵AAQ323, 银,自培,-1,2006/8/29 0:00,-1,比亚迪牌,东风雪铁龙,36606651925452025X,36606800000000000 ,198610,191100,14,0,3,工作日,非高峰,2015-03-30,2015年3月30日,晴 /多云,24℃ / 17℃,南风 ≤3级 /南风 ≤3级,晴,多云,24,17,南风,≤3级,南风,≤3级,day
2015-03-30 16:30:00,北京东路,1、追尾的,负全部责任,不负责任,0,贵AEC529,白,1,贵A92P62,黑,自培,十一驾驶培训有限公司,2002/10/28 0:00,2011/12/6 0:00,大众汽车牌,别克牌,364547000000000000 ,366347000000000000 ,198108,197409,16,0,3,工作日,非高峰,2015-03-30,2015年3月30日,晴 /多云,24℃ / 17℃,南风 ≤3级 /南风 ≤3级,晴,多云,24,17,南风,≤3级,南风,≤3级,day
2015-03-30 15:10:00,小车河,8、依法应负全责的其他情形,负全部责任,不负责任,1,贵ASL765,黄,1,贵AU5179,蓝,自培,520127,2003/5/29 0:00,1997/9/17 0:00,别克牌,豪爵牌,724547000000000000 ,364547000000000000 ,197201,197508,15,0,3,工作日,非高峰,2015-03-30,2015年3月30日,晴 /多云,24℃ / 17℃,南风 ≤3级 /南风 ≤3级,晴,多云,24,17,南风,≤3级,南风,≤3级,day
2015-03-30 14:20:00,罗汉营,8、依法应负全责的其他情形,负全部责任,不负责任,1,川SA5891,黄,1,贵ATG739,银,自培,-1,2008/5/23 0:00,-1,X6,长安牌,357468000000000000 ,366068000000000000 ,197701,197608,14,0,3,工作日,非高峰,2015-03-30,2015年3月30日,晴 /多云,24℃ / 17℃,南风 ≤3级 /南风 ≤3级,晴,多云,24,17,南风,≤3级,南风,≤3级,day
2015-03-30 15:30:00,涴沙桥,8、依法应负全责的其他情形,负全部责任,不负责任,1,贵GV1344,白,1,贵AE5386,黄,-1,十一培,-1,1997/5/27 0:00,长安牌,钱江牌,356168000000000 ,36454651865662647X,751225,197212,15,0,3,工作日,非高峰,2015-03-30,2015年3月30日,晴 /多云,24℃ / 17℃,南风 ≤3级 /南风 ≤3级,晴,多云,24,17,南风,≤3级,南风,≤3级,day
2015-03-30 16:00:00,黔林山路,6、违反交通信号的,负全部责任,不负责任,1,贵A87G71,白,1,贵AD9907,黑,自培,十一培,2001/10/11 0:00,1995/6/10 0:00,北京现代牌,吉利牌,364547000000000000 ,364548000000000000 ,196506,196510,16,0,3,工作日,非高峰,2015-03-30,2015年3月30日,晴 /多云,24℃ / 17℃,南风 ≤3级 /南风 ≤3级,晴,多云,24,17,南风,≤3级,南风,≤3级,day
2015-03-30 11:00:00,花溪大道,1、追尾的,负全部责任,不负责任,1,贵ATC838,白色,1,贵A85W76,白色,景宏驾校（白云区）,自培,2015/3/18 0:00,2007/2/9 0:00,大众汽车牌,长城牌,366068000000000000 ,366875000000000000 ,199204,196304,11,0,3,工作日,非高峰,2015-03-30,2015年3月30日,晴 /多云,24℃ / 17℃,南风 ≤3级 /南风 ≤3级,晴,多云,24,17,南风,≤3级,南风,≤3级,day
2015-03-30 18:40:00,盐务街,1、追尾的,负全部责任,不负责任,1,贵AKX381,黑,1,贵A8BH99,黄,-1,自培,-1,2012/3/23 0:00,思威牌,东风标致牌,364557000000000 ,364548000000000000 ,650226,198805,18,0,3,工作日,晚高峰(17-19点),2015-03-30,2015年3月30日,晴 /多云,24℃ / 17℃,南风 ≤3级 /南风 ≤3级,晴,多云,24,17,南风,≤3级,南风,≤3级,day
2015-03-30 15:10:00,北京西路,5、开关车门的,负全部责任,不负责任,1,贵AU6905,绿,0,贵AU6042,蓝,自培,自培,2003/5/27 0:00,2000/12/12 0:00,宇通牌,宗申牌,366864000000000000 ,364547000000000000 ,196911,196908,15,0,3,工作日,非高峰,2015-03-30,2015年3月30日,晴 /多云,24℃ / 17℃,南风 ≤3级 /南风 ≤3级,晴,多云,24,17,南风,≤3级,南风,≤3级,day
2015-03-30 21:00:00,黄河北路,7、未按规定让行的 ,负全部责任,不负责任,1,贵AB309J,白色,1,渝B55Y42,白色,自培,-1,2015/1/20 0:00,-1,北京牌,东风日产牌,355468000000000000 ,34467551124247858X,198211,199606,21,0,3,工作日,非高峰,2015-03-30,2015年3月30日,晴 /多云,24℃ / 17℃,南风 ≤3级 /南风 ≤3级,晴,多云,24,17,南风,≤3级,南风,≤3级,night
2015-03-30 15:00:00,师大,7、未按规定让行的 ,负全部责任,不负责任,1,贵B97438,白,1,贵AU9655,蓝,六盘水昌达汽车摩托车驾驶培训学校有限公司,长安驾校,-1,2006/1/5 0:00,长安牌,金典牌,354167000000000000 ,356166000000000000 ,196801,197002,15,0,3,工作日,非高峰,2015-03-30,2015年3月30日,晴 /多云,24℃ / 17℃,南风 ≤3级 /南风 ≤3级,晴,多云,24,17,南风,≤3级,南风,≤3级,day
2015-03-30 23:30:00,金阳,3、倒车的,负全部责任,不负责任,1,贵AT2199,红,1,贵A88514,黄,自培,-1,1999/8/21 0:00,-1,建设-雅马哈牌,解放,366367000000000000 ,364648000000000000 ,196602,197603,23,0,3,工作日,非高峰,2015-03-30,2015年3月30日,晴 /多云,24℃ / 17℃,南风 ≤3级 /南风 ≤3级,晴,多云,24,17,南风,≤3级,南风,≤3级,night
2015-03-30 17:30:00,西二环,7、未按规定让行的 ,负全部责任,不负责任,1,贵FS9083,白色,1,贵AHR381,白色,-1,阳光驾校,-1,-1,雅阁牌,宝马(BMW)牌,366061000000000000 ,366068000000000000 ,197603,199212,17,0,3,工作日,晚高峰(17-19点),2015-03-30,2015年3月30日,晴 /多云,24℃ / 17℃,南风 ≤3级 /南风 ≤3级,晴,多云,24,17,南风,≤3级,南风,≤3级,day
2015-03-31 08:30:00,金阳,1、追尾的,负全部责任,不负责任,1,贵AB172A,黑,1,贵AEH691,银,十一驾驶培训有限公司,武警驾驶分校,2014/7/21 0:00,2005/9/21 0:00,吉利牌,锋范牌,366067000000000000 ,366668000000000000 ,198009,198105,8,1,3,工作日,早高峰(7-9点),2015-03-31,2015年3月31日,多云 /多云,28℃ / 19℃,南风 ≤3级 /南风 ≤3级,多云,多云,28,19,南风,≤3级,南风,≤3级,day
2015-03-30 17:30:00,金珠东路,8、依法应负全责的其他情形,负全部责任,不负责任,1,鄂A9B618,蓝,1,贵HCE949,红,-1,青正驾校,-1,2012/1/10 0:00,丰田牌,别克牌,64844500000000000 ,366246000000000000 ,197104,198608,17,0,3,工作日,晚高峰(17-19点),2015-03-30,2015年3月30日,晴 /多云,24℃ / 17℃,南风 ≤3级 /南风 ≤3级,晴,多云,24,17,南风,≤3级,南风,≤3级,day
2015-03-31 08:30:00,白云区,1、追尾的,负全部责任,不负责任,1,贵A2621Y,白,1,贵AA225A,黑,景宏驾校,自培,2011/12/14 0:00,2002/8/19 0:00,雷克萨斯,吉利牌,354366000000000000 ,366068000000000000 ,197511,198111,8,1,3,工作日,早高峰(7-9点),2015-03-31,2015年3月31日,多云 /多云,28℃ / 19℃,南风 ≤3级 /南风 ≤3级,多云,多云,28,19,南风,≤3级,南风,≤3级,day
2015-03-31 09:00:00,四方河,7、未按规定让行的 ,负全部责任,不负责任,1,贵AU2996,白色,1,贵AB377W,白色,（经开区）十一驾驶培训有限公司,青正驾校,2009/2/16 0:00,2015/2/5 0:00,瑞麒牌,长安牌,364557000000000000 ,366347000000000000 ,197111,198208,9,1,3,工作日,早高峰(7-9点),2015-03-31,2015年3月31日,多云 /多云,28℃ / 19℃,南风 ≤3级 /南风 ≤3级,多云,多云,28,19,南风,≤3级,南风,≤3级,day
2015-03-31 08:35:00,二浦,9、不符合前8款规定或者双方同时具有上述情形的,负同等责任,负同等责任,1,川XBE849,黑,1,贵AYM898,白,长运驾校,长运驾校,2014/7/17 0:00,2012/5/17 0:00,江淮牌 ,神龙富康,356164000000000000 ,364547000000000000 ,197310,198501,8,1,3,工作日,早高峰(7-9点),2015-03-31,2015年3月31日,多云 /多云,28℃ / 19℃,南风 ≤3级 /南风 ≤3级,多云,多云,28,19,南风,≤3级,南风,≤3级,day
2015-03-31 08:50:00,小河,1、追尾的,负全部责任,不负责任,1,贵AJR413,白色,1,川XA6755,白色,顺一驾驶培训学校,无,2010/6/1 0:00,2007/11/7 0:00,夏利牌,起亚牌,366067000000000000 ,355266000000000000 ,197709,198904,8,1,3,工作日,早高峰(7-9点),2015-03-31,2015年3月31日,多云 /多云,28℃ / 19℃,南风 ≤3级 /南风 ≤3级,多云,多云,28,19,南风,≤3级,南风,≤3级,day
2015-03-30 19:30:00,云潭路,1、追尾的,负全部责任,不负责任,1,贵A638E7,黄,1,贵A43V87,黑,-1,-1,-1,-1,江淮牌,揽胜运动,486251000000000 ,36455700000000 ,196205,502120,19,0,3,工作日,晚高峰(17-19点),2015-03-30,2015年3月30日,晴 /多云,24℃ / 17℃,南风 ≤3级 /南风 ≤3级,晴,多云,24,17,南风,≤3级,南风,≤3级,day
2015-03-30 16:00:00,小河,3、倒车的,负全部责任,不负责任,1,贵A691G2,白色,1,贵A48X12,白色,自培,-1,2014/11/10 0:00,-1,解放牌,众泰牌,74262500000000000 ,364556000000000000 ,198509,198012,16,0,3,工作日,非高峰,2015-03-30,2015年3月30日,晴 /多云,24℃ / 17℃,南风 ≤3级 /南风 ≤3级,晴,多云,24,17,南风,≤3级,南风,≤3级,day
2015-03-31 04:00:00,三江派出所对门,9、不符合前8款规定或者双方同时具有上述情形的,负同等责任,负同等责任,1,贵AF3243,白色,1,贵A4145H,白色,自培,-1,2001/7/2 0:00,-1,大江牌,朗风牌,364557000000000000 ,366347000000000000 ,197109,118107,4,1,3,工作日,非高峰,2015-03-31,2015年3月31日,多云 /多云,28℃ / 19℃,南风 ≤3级 /南风 ≤3级,多云,多云,28,19,南风,≤3级,南风,≤3级,night
2015-03-30 16:30:00,彩虹桥,1、追尾的,负全部责任,不负责任,1,渝B46L36,绿,1,贵ANG112,白,自培,-1,2015/1/19 0:00,-1,福克斯,长安牌,34455751154954786X,775467000000000000 ,199108,198111,16,0,3,工作日,非高峰,2015-03-30,2015年3月30日,晴 /多云,24℃ / 17℃,南风 ≤3级 /南风 ≤3级,晴,多云,24,17,南风,≤3级,南风,≤3级,day
2015-03-30 19:00:00,四方河,7、未按规定让行的 ,负全部责任,不负责任,1,贵AAA903,白色,1,贵A39894,白色,自培,-1,2004/6/14 0:00,-1,东风雪铁龙牌,江淮牌,56169500000000000 ,376569000000000000 ,196409,198312,19,0,3,工作日,晚高峰(17-19点),2015-03-30,2015年3月30日,晴 /多云,24℃ / 17℃,南风 ≤3级 /南风 ≤3级,晴,多云,24,17,南风,≤3级,南风,≤3级,day
2015-03-30 18:00:00,林城东路,1、追尾的,负全部责任,不负责任,1,贵A42439,黑,1,贵AVM846,银,自培,十一培,2002/7/12 0:00,1996/1/26 0:00,切诺基,途安牌,364547000000000000 ,366364000000000000 ,197409,196707,18,0,3,工作日,晚高峰(17-19点),2015-03-30,2015年3月30日,晴 /多云,24℃ / 17℃,南风 ≤3级 /南风 ≤3级,晴,多云,24,17,南风,≤3级,南风,≤3级,day
2015-03-30 18:20:00,世纪城,7、未按规定让行的 ,负全部责任,不负责任,0,贵ASV728,银,1,贵A97P47,红,-1,自培,-1,2003/6/19 0:00,东风日产牌,沃尔沃,364547000000000000 ,364547000000000 ,197605,810218,18,0,3,工作日,晚高峰(17-19点),2015-03-30,2015年3月30日,晴 /多云,24℃ / 17℃,南风 ≤3级 /南风 ≤3级,晴,多云,24,17,南风,≤3级,南风,≤3级,day
2015-03-31 08:00:00,大营坡,1、追尾的,负全部责任,不负责任,1,贵AV3262,蓝,1,贵AFW863,黑,（经开区）顺一驾驶培训有限公司,自培,2008/1/24 0:00,2002/3/13 0:00,大运牌,森林人,366361000000000000 ,754555000000000000 ,197412,197809,8,1,3,工作日,早高峰(7-9点),2015-03-31,2015年3月31日,多云 /多云,28℃ / 19℃,南风 ≤3级 /南风 ≤3级,多云,多云,28,19,南风,≤3级,南风,≤3级,day
2015-03-30 20:25:00,观水巷,3、倒车的,负全部责任,不负责任,1,贵GM9431,银,1,贵A44N71,白,贵州省长安驾驶培训学校,自培,2011/6/22 0:00,2003/11/24 0:00,福克斯牌,斯柯达牌,364547000000000000 ,36454751944653645X,198510,198002,20,0,3,工作日,非高峰,2015-03-30,2015年3月30日,晴 /多云,24℃ / 17℃,南风 ≤3级 /南风 ≤3级,晴,多云,24,17,南风,≤3级,南风,≤3级,night
2015-03-30 19:10:00,水东路,7、未按规定让行的 ,负全部责任,不负责任,1,贵A86554,黄,1,贵JBX629,银,自培,自培,1997/9/4 0:00,2002/7/15 0:00,望江牌,福特牌,364557000000000000 ,354968000000000000 ,197704,198302,19,0,3,工作日,晚高峰(17-19点),2015-03-30,2015年3月30日,晴 /多云,24℃ / 17℃,南风 ≤3级 /南风 ≤3级,晴,多云,24,17,南风,≤3级,南风,≤3级,day
2015-03-31 07:00:00,珠江路,8、依法应负全责的其他情形,负全部责任,不负责任,1,贵A56L24,白色,1,贵AV7314,白色,黔西南州方圆汽车（摩托车）驾驶培训学校有限公司,-1,2013/10/25 0:00,-1,大众牌,华泰特拉卡牌,366761000000000000 ,764547000000000000 ,198810,197210,7,1,3,工作日,早高峰(7-9点),2015-03-31,2015年3月31日,多云 /多云,28℃ / 19℃,南风 ≤3级 /南风 ≤3级,多云,多云,28,19,南风,≤3级,南风,≤3级,day
2015-03-31 08:40:00,金阳,1、追尾的,负全部责任,不负责任,1,贵AJL001,黑,1,贵FV2178,白,-1,全林驾校,-1,2011/4/27 0:00,风神,大众汽车牌,364556000000000000 ,366663000000000000 ,197302,198502,8,1,3,工作日,早高峰(7-9点),2015-03-31,2015年3月31日,多云 /多云,28℃ / 19℃,南风 ≤3级 /南风 ≤3级,多云,多云,28,19,南风,≤3级,南风,≤3级,day
2015-03-31 09:10:00,白云区,7、未按规定让行的 ,负全部责任,不负责任,1,贵AKX069,银,1,贵川KDT592,银,-1,-1,-1,-1,江铃牌,-1,364566000000000000 ,35546951955464935X,198605,198110,9,1,3,工作日,早高峰(7-9点),2015-03-31,2015年3月31日,多云 /多云,28℃ / 19℃,南风 ≤3级 /南风 ≤3级,多云,多云,28,19,南风,≤3级,南风,≤3级,day
2015-03-31 10:00:00,富源路,7、未按规定让行的 ,负全部责任,不负责任,1,闽BMP561,白色,1,豫BU1116,白色,铁二局驾校,-1,2012/5/2 0:00,-1,\N,别克牌,734767000000000000 ,54869500000000000 ,197011,199001,10,1,3,工作日,非高峰,2015-03-31,2015年3月31日,多云 /多云,28℃ / 19℃,南风 ≤3级 /南风 ≤3级,多云,多云,28,19,南风,≤3级,南风,≤3级,day
2015-03-31 09:20:00,下坝隧道,1、追尾的,负全部责任,不负责任,1,川AM42A9,白色,1,贵A5214P,白色,黔丰驾校,消防驾校,2015/1/13 0:00,2012/6/30 0:00,长城牌,吉利牌,366068000000000000 ,366064000000000000 ,197405,198502,9,1,3,工作日,早高峰(7-9点),2015-03-31,2015年3月31日,多云 /多云,28℃ / 19℃,南风 ≤3级 /南风 ≤3级,多云,多云,28,19,南风,≤3级,南风,≤3级,day
2015-03-31 10:00:00,苗圃二号,8、依法应负全责的其他情形,负全部责任,不负责任,1,贵AMU863,白色,1,贵A87B21,白色,-1,-1,-1,-1,长安牌,长安牌,364546000000 ,364547000000 ,445972,134004,10,1,3,工作日,非高峰,2015-03-31,2015年3月31日,多云 /多云,28℃ / 19℃,南风 ≤3级 /南风 ≤3级,多云,多云,28,19,南风,≤3级,南风,≤3级,day
2015-03-31 07:30:00,王家桥,9、不符合前8款规定或者双方同时具有上述情形的,负同等责任,负同等责任,1,贵AHB611,黄,1,贵GT1683,银,自培,新天驾校,1995/2/1 0:00,2010/6/24 0:00,大众牌,千里马牌,366868000000000000 ,366347000000000000 ,197806,197707,7,1,3,工作日,早高峰(7-9点),2015-03-31,2015年3月31日,多云 /多云,28℃ / 19℃,南风 ≤3级 /南风 ≤3级,多云,多云,28,19,南风,≤3级,南风,≤3级,day
2015-03-31 09:05:00,北京西路,1、追尾的,负全部责任,不负责任,1,浙CLZS66,黑,1,贵A11M92,黑,-1,智杰驾校,-1,2014/10/13 0:00,无,大众汽车牌,774764000000000000 ,364568000000000000 ,198111,199005,9,1,3,工作日,早高峰(7-9点),2015-03-31,2015年3月31日,多云 /多云,28℃ / 19℃,南风 ≤3级 /南风 ≤3级,多云,多云,28,19,南风,≤3级,南风,≤3级,day
2015-03-31 09:30:00,北二环,1、追尾的,负全部责任,不负责任,1,贵AFQ218,银,1,浙AUN614,黑,-1,-1,-1,-1,长安牌,长城牌,176367000000000000 ,724877000000000000 ,197010,198609,9,1,3,工作日,早高峰(7-9点),2015-03-31,2015年3月31日,多云 /多云,28℃ / 19℃,南风 ≤3级 /南风 ≤3级,多云,多云,28,19,南风,≤3级,南风,≤3级,day
2015-03-31 09:35:00,黄山冲,7、未按规定让行的 ,负全部责任,不负责任,1,贵GP0569,黑,0,贵GF7387,白,-1,市交校,-1,2014/1/16 0:00,吉利牌,豪爵-SUZUKI牌,356164000000000000 ,364548000000000000 ,197307,199005,9,1,3,工作日,早高峰(7-9点),2015-03-31,2015年3月31日,多云 /多云,28℃ / 19℃,南风 ≤3级 /南风 ≤3级,多云,多云,28,19,南风,≤3级,南风,≤3级,day
2015-03-31 12:40:00,西二环,7、未按规定让行的 ,负全部责任,不负责任,1,贵AA042P,黑,1,贵A773A6,银,-1,新天驾校,-1,2013/11/12 0:00,大众汽车牌,凯马牌,74365500000000000 ,366367000000000000 ,198908,198306,12,1,3,工作日,非高峰,2015-03-31,2015年3月31日,多云 /多云,28℃ / 19℃,南风 ≤3级 /南风 ≤3级,多云,多云,28,19,南风,≤3级,南风,≤3级,day
2015-03-31 12:50:00,金阳,1、追尾的,负全部责任,不负责任,1,贵AAW955,黑,1,贵A25P73,红,-1,自培,-1,1989/6/9 0:00,奥迪牌,凯迪拉克,726347000000000000 ,364547000000000000 ,198910,196911,12,1,3,工作日,非高峰,2015-03-31,2015年3月31日,多云 /多云,28℃ / 19℃,南风 ≤3级 /南风 ≤3级,多云,多云,28,19,南风,≤3级,南风,≤3级,day
2015-03-31 09:40:00,甲秀南路,1、追尾的,负全部责任,不负责任,1,贵AGQ482,白色,1,贵AAA027,白色,十一培,-1,1996/5/9 0:00,-1,丰田牌,天马牌,364556000000000000 ,4363510000000000 ,196308,196911,9,1,3,工作日,早高峰(7-9点),2015-03-31,2015年3月31日,多云 /多云,28℃ / 19℃,南风 ≤3级 /南风 ≤3级,多云,多云,28,19,南风,≤3级,南风,≤3级,day
2015-03-31 09:00:00,宝福山,3、倒车的,负全部责任,不负责任,1,贵AVK732,黑,0,贵AS7913,黑,自培,-1,2007/9/27 0:00,-1,大众汽车,豪爵牌,54145500000000000 ,364547000000000 ,198811,580904,9,1,3,工作日,早高峰(7-9点),2015-03-31,2015年3月31日,多云 /多云,28℃ / 19℃,南风 ≤3级 /南风 ≤3级,多云,多云,28,19,南风,≤3级,南风,≤3级,day
2015-03-31 08:30:00,头桥,7、未按规定让行的 ,负全部责任,不负责任,1,贵ARU393,银,1,贵A76449,黑,自培,省交校,2002/10/12 0:00,2011/5/9 0:00,陈锋,雷克萨斯,354547000000000000 ,366246000000000000 ,196501,197407,8,1,3,工作日,早高峰(7-9点),2015-03-31,2015年3月31日,多云 /多云,28℃ / 19℃,南风 ≤3级 /南风 ≤3级,多云,多云,28,19,南风,≤3级,南风,≤3级,day
2015-03-31 07:30:00,大营坡,8、依法应负全责的其他情形,负全部责任,不负责任,1,贵AU0817,蓝,1,贵A22V79,黄,-1,十一培,-1,1995/10/30 0:00,宝来牌,别克牌,36363500000000000 ,366561000000000000 ,975110,197412,7,1,3,工作日,早高峰(7-9点),2015-03-31,2015年3月31日,多云 /多云,28℃ / 19℃,南风 ≤3级 /南风 ≤3级,多云,多云,28,19,南风,≤3级,南风,≤3级,day
2015-03-31 10:10:00,次南门,1、追尾的,负全部责任,不负责任,1,贵AJQ697,白,1,贵AR4831,银,-1,十一培,-1,1998/4/10 0:00,长城牌,豪爵牌,36454700000000000 ,366575000000000000 ,196041,196807,10,1,3,工作日,非高峰,2015-03-31,2015年3月31日,多云 /多云,28℃ / 19℃,南风 ≤3级 /南风 ≤3级,多云,多云,28,19,南风,≤3级,南风,≤3级,day
2015-03-31 09:30:00,快处中心,8、依法应负全责的其他情形,负全部责任,不负责任,1,皖S6P03T,红,1,贵A1A29警,蓝,-1,十一培,-1,1994/4/3 0:00,\N,-1,706564000000000000 ,364557000000000000 ,196012,197301,9,1,3,工作日,早高峰(7-9点),2015-03-31,2015年3月31日,多云 /多云,28℃ / 19℃,南风 ≤3级 /南风 ≤3级,多云,多云,28,19,南风,≤3级,南风,≤3级,day
2015-03-31 08:15:00,乌当,1、追尾的,负全部责任,不负责任,1,贵A3737Y,黄,1,贵A3G059,银,铁二局驾校,十一培,2011/1/11 0:00,1998/12/28 0:00,北京现代牌,斯柯达牌,364557000000000000 ,364557000000000000 ,198909,196303,8,1,3,工作日,早高峰(7-9点),2015-03-31,2015年3月31日,多云 /多云,28℃ / 19℃,南风 ≤3级 /南风 ≤3级,多云,多云,28,19,南风,≤3级,南风,≤3级,day