accidenttime,accidentaddr,driver1fault,driver1responsibility,driver2responsibility,sex1,platenumber1,carcolor1,sex2,platenumber2,carcolor2,jxmc1,jxmc2,cclzrq1,cclzrq2,clpp1,clpp2,driver1license,driver2license,brith1,brith2,hour,weekday,month,is_weekday,peak_hour,date,日期,天气状况,气温,风力风向,day_wea,night_wea,day_tep,night_tep,day_wind_direction,day_wind_speed,night_wind_direction,night_wind_speed,segment
2015-03-31 08:20:00,蛮坡,7、未按规定让行的 ,负全部责任,不负责任,0,贵A49P15,白,1,贵AL2985,白,自培,十一培,2003/5/21 0:00,1998/3/27 0:00,福特牌,江淮牌,364558000000000000 ,366068000000000000 ,198005,197202,8,1,3,工作日,早高峰(7-9点),2015-03-31,2015年3月31日,多云 /多云,28℃ / 19℃,南风 ≤3级 /南风 ≤3级,多云,多云,28,19,南风,≤3级,南风,≤3级,day
2015-03-30 17:30:00,建安路,1、追尾的,负全部责任,不负责任,1,贵AU0767,黄,1,贵GN6674,白,自培,自培,2002/4/26 0:00,2006/6/22 0:00,宝来牌,比亚迪牌,364558000000000000 ,366346000000000000 ,195504,198509,17,0,3,工作日,晚高峰(17-19点),2015-03-30,2015年3月30日,晴 /多云,24℃ / 17℃,南风 ≤3级 /南风 ≤3级,晴,多云,24,17,南风,≤3级,南风,≤3级,day
2015-03-31 08:00:00,花溪,1、追尾的,负全部责任,不负责任,1,贵A20420,白色,1,贵AC297A,白色,-1,自培,-1,2002/2/11 0:00,田野,荣威牌,366061000000000000 ,364556000000000000 ,198110,197809,8,1,3,工作日,早高峰(7-9点),2015-03-31,2015年3月31日,多云 /多云,28℃ / 19℃,南风 ≤3级 /南风 ≤3级,多云,多云,28,19,南风,≤3级,南风,≤3级,day
2015-03-31 08:00:00,贵大,3、倒车的,负全部责任,不负责任,1,贵JAA725,白色,1,贵AKL335,白色,自培,自培,2009/7/31 0:00,2002/8/22 0:00,雪佛兰牌,长安牌,366664000000000000 ,364556000000000000 ,198712,198312,8,1,3,工作日,早高峰(7-9点),2015-03-31,2015年3月31日,多云 /多云,28℃ / 19℃,南风 ≤3级 /南风 ≤3级,多云,多云,28,19,南风,≤3级,南风,≤3级,day
2015-03-31 11:00:00,白云区,3、倒车的,负全部责任,不负责任,0,湘CJ9491,黄,1,贵F21642,黑,-1,鑫鑫驾校,-1,2014/12/4 0:00,奥迪牌,吉利牌,74765500000000000 ,366063000000000000 ,197703,197610,11,1,3,工作日,非高峰,2015-03-31,2015年3月31日,多云 /多云,28℃ / 19℃,南风 ≤3级 /南风 ≤3级,多云,多云,28,19,南风,≤3级,南风,≤3级,day
2015-03-31 11:30:00,新添大道,8、依法应负全责的其他情形,负全部责任,不负责任,1,贵AU6489,绿,1,贵AB456U,白,（云岩区）省交通职业技术驾驶培训学校,全林驾校,2005/8/30 0:00,2014/9/4 0:00,黄海牌,福特牌,354669000000000000 ,366575000000000000 ,197502,197710,11,1,3,工作日,非高峰,2015-03-31,2015年3月31日,多云 /多云,28℃ / 19℃,南风 ≤3级 /南风 ≤3级,多云,多云,28,19,南风,≤3级,南风,≤3级,day
2015-03-31 09:35:00,恒大城,7、未按规定让行的 ,负全部责任,不负责任,1,贵A9469B,白,1,贵A29R93,黑,毕节地区黔中汽车(摩托车)驾驶培训学校,520136,-1,2009/3/12 0:00,英伦牌,雷克萨斯,366067000000000000 ,366067000000000000 ,199102,198707,9,1,3,工作日,早高峰(7-9点),2015-03-31,2015年3月31日,多云 /多云,28℃ / 19℃,南风 ≤3级 /南风 ≤3级,多云,多云,28,19,南风,≤3级,南风,≤3级,day
2015-03-31 14:00:00,三桥,7、未按规定让行的 ,负全部责任,不负责任,1,贵A391A2,白色,1,贵ADD598,白色,-1,预约考试窗口,-1,2007/4/12 0:00,解放牌,雅阁牌,74066500000000000 ,355266000000000000 ,197705,198510,14,1,3,工作日,非高峰,2015-03-31,2015年3月31日,多云 /多云,28℃ / 19℃,南风 ≤3级 /南风 ≤3级,多云,多云,28,19,南风,≤3级,南风,≤3级,day
2015-03-31 11:00:00,太慈桥,1、追尾的,负全部责任,不负责任,1,贵AMH304,白色,1,粤AJ7R44,白色,全林驾校,-1,2010/4/7 0:00,-1,福田牌,丰田牌,364548000000000000 ,355247000000000000 ,196308,199412,11,1,3,工作日,非高峰,2015-03-31,2015年3月31日,多云 /多云,28℃ / 19℃,南风 ≤3级 /南风 ≤3级,多云,多云,28,19,南风,≤3级,南风,≤3级,day
2015-03-31 10:42:00,云环路,8、依法应负全责的其他情形,负全部责任,不负责任,0,贵A5NG364,黄,1,贵A6872W,银,（云岩区）省交通职业技术驾驶培训学校,-1,2008/5/12 0:00,-1,-1,五菱牌,36636051814364096X,354364000000000000 ,197905,197307,10,1,3,工作日,非高峰,2015-03-31,2015年3月31日,多云 /多云,28℃ / 19℃,南风 ≤3级 /南风 ≤3级,多云,多云,28,19,南风,≤3级,南风,≤3级,day
2015-03-31 11:30:00,狗场,3、倒车的,负全部责任,不负责任,1,云KKJ591,蓝,1,贵AJD106,银,-1,自培,-1,2000/8/31 0:00,大众汽车牌,风神,74062600000000 ,74365500000000000 ,291204,196602,11,1,3,工作日,非高峰,2015-03-31,2015年3月31日,多云 /多云,28℃ / 19℃,南风 ≤3级 /南风 ≤3级,多云,多云,28,19,南风,≤3级,南风,≤3级,day
2015-03-31 09:30:00,花溪,7、未按规定让行的 ,负全部责任,不负责任,1,贵A4081A,白色,1,贵CJA702,白色,-1,-1,-1,-1,比亚迪牌,雪佛兰牌,366868000000000000 ,366570000000000000 ,198005,199007,9,1,3,工作日,早高峰(7-9点),2015-03-31,2015年3月31日,多云 /多云,28℃ / 19℃,南风 ≤3级 /南风 ≤3级,多云,多云,28,19,南风,≤3级,南风,≤3级,day
2015-03-31 10:00:00,苗圃,1、追尾的,负全部责任,不负责任,1,贵JBV365,黑,1, 贵AB382T,黑,-1,-1,-1,-1,北京牌,-1,366068000000000000 ,366063000000000000 ,197905,197609,10,1,3,工作日,非高峰,2015-03-31,2015年3月31日,多云 /多云,28℃ / 19℃,南风 ≤3级 /南风 ≤3级,多云,多云,28,19,南风,≤3级,南风,≤3级,day
2015-03-31 11:30:00,未来方舟,8、依法应负全责的其他情形,负全部责任,不负责任,1,贵CP8649,银,1,贵A86J66,银,-1,-1,-1,-1,长安牌,东风牌,366565000000000000 ,366568000000000000 ,197410,198812,11,1,3,工作日,非高峰,2015-03-31,2015年3月31日,多云 /多云,28℃ / 19℃,南风 ≤3级 /南风 ≤3级,多云,多云,28,19,南风,≤3级,南风,≤3级,day
2015-03-31 14:20:00,水东路,8、依法应负全责的其他情形,负全部责任,不负责任,1,贵A97189,蓝,1,贵AG9997,黄,-1,自培,-1,1997/11/10 0:00,劲隆牌,豪爵-SUZUKI牌,344798000000000000 ,364547000000000000 ,198512,197901,14,1,3,工作日,非高峰,2015-03-31,2015年3月31日,多云 /多云,28℃ / 19℃,南风 ≤3级 /南风 ≤3级,多云,多云,28,19,南风,≤3级,南风,≤3级,day
2015-03-31 10:31:00,金阳,7、未按规定让行的 ,负全部责任,不负责任,1,贵A7AU93,银,1,贵ANK493,红,时发驾校,十一培,2011/6/8 0:00,1999/5/7 0:00,东风雪铁龙牌,揽胜,366564000000000000 ,366368000000000000 ,197604,198012,10,1,3,工作日,非高峰,2015-03-31,2015年3月31日,多云 /多云,28℃ / 19℃,南风 ≤3级 /南风 ≤3级,多云,多云,28,19,南风,≤3级,南风,≤3级,day
2015-03-31 11:00:00,中山西路,1、追尾的,负全部责任,不负责任,1,贵A92X33,银,0,贵A09103,白,思南县顺通驾驶培训有限责任公司,十一培,2013/10/12 0:00,1986/10/4 0:00,金旅牌,金龙牌,366664000000000000 ,364548000000000000 ,199412,196410,11,1,3,工作日,非高峰,2015-03-31,2015年3月31日,多云 /多云,28℃ / 19℃,南风 ≤3级 /南风 ≤3级,多云,多云,28,19,南风,≤3级,南风,≤3级,day
2015-03-31 09:10:00,龙洞堡,3、倒车的,负全部责任,不负责任,1,贵FD4957,白,1,贵AE0245,蓝,毕节市顺达汽车驾驶培训学校,十一培,2011/8/9 0:00,1996/10/21 0:00,东风标致牌,大运牌,366046000000000000 ,364547000000000000 ,198108,196309,9,1,3,工作日,早高峰(7-9点),2015-03-31,2015年3月31日,多云 /多云,28℃ / 19℃,南风 ≤3级 /南风 ≤3级,多云,多云,28,19,南风,≤3级,南风,≤3级,day
2015-03-31 10:40:00,金苏大道,7、未按规定让行的 ,负全部责任,不负责任,1,贵A55G97,银,1,贵ALN443,银,天行健驾校,十一培,2013/9/29 0:00,1983/5/18 0:00,金旅牌,海马牌,56846500000000000 ,364548000000000000 ,197404,195608,10,1,3,工作日,非高峰,2015-03-31,2015年3月31日,多云 /多云,28℃ / 19℃,南风 ≤3级 /南风 ≤3级,多云,多云,28,19,南风,≤3级,南风,≤3级,day
2015-03-31 14:13:00,恒大城,1、追尾的,负全部责任,不负责任,1, 贵CD0599,黑,1,贵AU3929,黑,十一驾校（经开区）,十一培,2015/3/16 0:00,1995/8/28 0:00,-1,豪爵牌,366064000000000000 ,364558000000000000 ,196805,196701,14,1,3,工作日,非高峰,2015-03-31,2015年3月31日,多云 /多云,28℃ / 19℃,南风 ≤3级 /南风 ≤3级,多云,多云,28,19,南风,≤3级,南风,≤3级,day
2015-03-31 10:30:00,白云区,7、未按规定让行的 ,负全部责任,不负责任,1,贵AAF703,银,1,贵ARL503,银,-1,自培,-1,2004/4/9 0:00,长城牌,一汽佳星牌,366570000000000000 ,364558000000000000 ,192504,198512,10,1,3,工作日,非高峰,2015-03-31,2015年3月31日,多云 /多云,28℃ / 19℃,南风 ≤3级 /南风 ≤3级,多云,多云,28,19,南风,≤3级,南风,≤3级,day
2015-03-31 15:16:00,白云区,7、未按规定让行的 ,负全部责任,不负责任,1,渝GQ6767,黑,1,贵AV7122,白,-1,自培,-1,2002/9/10 0:00,大众牌,五羊一本田牌,346675000000000000 ,364558000000000000 ,198911,198307,15,1,3,工作日,非高峰,2015-03-31,2015年3月31日,多云 /多云,28℃ / 19℃,南风 ≤3级 /南风 ≤3级,多云,多云,28,19,南风,≤3级,南风,≤3级,day
2015-03-31 11:41:00,观山湖区,7、未按规定让行的 ,负全部责任,不负责任,1,贵GF1436,银,0,贵A88R22,红,铁二局驾校,自培,2012/12/18 0:00,2005/7/19 0:00,长安牌,雪佛兰牌,355468000000000000 ,366570000000000000 ,197202,198109,11,1,3,工作日,非高峰,2015-03-31,2015年3月31日,多云 /多云,28℃ / 19℃,南风 ≤3级 /南风 ≤3级,多云,多云,28,19,南风,≤3级,南风,≤3级,day
2015-03-31 13:00:00,金竹镇,1、追尾的,负全部责任,不负责任,1,贵EZ588R,白色,1,贵G19002,白色,520102,自培,2013/2/8 0:00,2002/10/12 0:00,-1,钱江,366664000000000000 ,364556000000000000 ,198108,197704,13,1,3,工作日,非高峰,2015-03-31,2015年3月31日,多云 /多云,28℃ / 19℃,南风 ≤3级 /南风 ≤3级,多云,多云,28,19,南风,≤3级,南风,≤3级,day
2015-03-31 14:00:00,小河转盘,7、未按规定让行的 ,负全部责任,不负责任,1,贵A82G56,白色,1,贵GM5163,白色,自培,-1,2011/9/13 0:00,-1,金杯牌,起亚牌,366367000000000000 ,366067000000000000 ,198403,197210,14,1,3,工作日,非高峰,2015-03-31,2015年3月31日,多云 /多云,28℃ / 19℃,南风 ≤3级 /南风 ≤3级,多云,多云,28,19,南风,≤3级,南风,≤3级,day
2015-03-31 17:00:00,浣纱桥,9、不符合前8款规定或者双方同时具有上述情形的,负同等责任,负同等责任,1,贵AU7955,白色,1,临牌,白色,-1,时发驾校,-1,2014/6/18 0:00,金龙牌,-1,366864000000000000 ,364548000000000000 ,198109,196909,17,1,3,工作日,晚高峰(17-19点),2015-03-31,2015年3月31日,多云 /多云,28℃ / 19℃,南风 ≤3级 /南风 ≤3级,多云,多云,28,19,南风,≤3级,南风,≤3级,day
2015-03-31 17:00:00,长江路,7、未按规定让行的 ,负全部责任,不负责任,1,贵CFB682,白色,1,贵A29870,白色,-1,铁二局驾校,-1,2007/12/13 0:00,中华牌,银钢,366577000000000000 ,74366500000000000 ,197111,197008,17,1,3,工作日,晚高峰(17-19点),2015-03-31,2015年3月31日,多云 /多云,28℃ / 19℃,南风 ≤3级 /南风 ≤3级,多云,多云,28,19,南风,≤3级,南风,≤3级,day
2015-03-31 18:20:00,奶牛场,7、未按规定让行的 ,负全部责任,不负责任,1,贵AA666L,银,1,贵AIH430,白,-1,未定义,-1,2014/12/17 0:00,金杯牌,-1,774797000000000000 ,366567000000000000 ,199005,198705,18,1,3,工作日,晚高峰(17-19点),2015-03-31,2015年3月31日,多云 /多云,28℃ / 19℃,南风 ≤3级 /南风 ≤3级,多云,多云,28,19,南风,≤3级,南风,≤3级,day
2015-03-31 19:00:00,遵义路,1、追尾的,负全部责任,不负责任,1,贵A55L27,白色,1,贵AU2936,白色,诚信驾驶培训学校,预约考试窗口,2014/12/9 0:00,2007/2/13 0:00,起亚牌,瑞麒牌,364548000000000000 ,366046000000000000 ,198909,198710,19,1,3,工作日,晚高峰(17-19点),2015-03-31,2015年3月31日,多云 /多云,28℃ / 19℃,南风 ≤3级 /南风 ≤3级,多云,多云,28,19,南风,≤3级,南风,≤3级,day
2015-03-31 21:30:00,东山实验三中,3、倒车的,负全部责任,不负责任,1,贵AC532S,灰色,1,贵AWY895,白色,十一驾驶培训有限公司,阳光驾校,2009/3/20 0:00,2014/12/18 0:00,吉利美日牌,英伦牌,366067000000000000 ,364547000000000000 ,198705,196802,21,1,3,工作日,非高峰,2015-03-31,2015年3月31日,多云 /多云,28℃ / 19℃,南风 ≤3级 /南风 ≤3级,多云,多云,28,19,南风,≤3级,南风,≤3级,night
2015-03-31 17:11:00,枣山路,7、未按规定让行的 ,负全部责任,不负责任,1,贵A69R41,银,0,贵AGQ327,银,顺一驾驶培训学校,市交校,2014/4/14 0:00,2015/2/17 0:00,长安牌,朗风牌,356370000000000000 ,364551000000000000 ,197404,197609,17,1,3,工作日,晚高峰(17-19点),2015-03-31,2015年3月31日,多云 /多云,28℃ / 19℃,南风 ≤3级 /南风 ≤3级,多云,多云,28,19,南风,≤3级,南风,≤3级,day
2015-03-31 14:18:00,金阳北路,1、追尾的,负全部责任,不负责任,1,贵GX2200,黄,1,贵A65G22,黄,诚信驾驶培训学校,新华驾校,2012/3/12 0:00,2012/10/26 0:00,福克斯牌,豪情牌,364568000000000000 ,366068000000000000 ,198707,198706,14,1,3,工作日,非高峰,2015-03-31,2015年3月31日,多云 /多云,28℃ / 19℃,南风 ≤3级 /南风 ≤3级,多云,多云,28,19,南风,≤3级,南风,≤3级,day
2015-03-31 14:50:00,黔灵山路,7、未按规定让行的 ,负全部责任,不负责任,0,贵HY7265,红,1,贵A28662,红,-1,-1,-1,-1,梅赛德斯—奔驰,豪泺牌,364548000000000000 ,366864000000000000 ,198611,198008,14,1,3,工作日,非高峰,2015-03-31,2015年3月31日,多云 /多云,28℃ / 19℃,南风 ≤3级 /南风 ≤3级,多云,多云,28,19,南风,≤3级,南风,≤3级,day
2015-03-31 18:00:00,和尚坡,1、追尾的,负全部责任,不负责任,1,贵AAP293,黑,1,渝C7F951,银,-1,新天驾校,-1,2013/9/30 0:00,丰田牌,长安牌,734566000000000000 ,355468000000000000 ,197802,198812,18,1,3,工作日,晚高峰(17-19点),2015-03-31,2015年3月31日,多云 /多云,28℃ / 19℃,南风 ≤3级 /南风 ≤3级,多云,多云,28,19,南风,≤3级,南风,≤3级,day
2015-03-31 17:40:00,云潭南路,1、追尾的,负全部责任,不负责任,1,贵A997A4,白,1,贵GL3613,黑,路路达驾校,诚信驾驶培训学校,2014/10/11 0:00,2012/10/31 0:00,长安牌,昊锐牌,366067000000000000 ,74366500000000000 ,198608,198207,17,1,3,工作日,晚高峰(17-19点),2015-03-31,2015年3月31日,多云 /多云,28℃ / 19℃,南风 ≤3级 /南风 ≤3级,多云,多云,28,19,南风,≤3级,南风,≤3级,day
2015-03-31 16:40:00,富源北路,7、未按规定让行的 ,负全部责任,不负责任,1,贵A619C2,白色,1,贵JC0698,白色,-1,贵州省黔南交通驾驶学校,-1,2011/1/28 0:00,长安牌,宗申牌,74066500000000000 ,774763000000000000 ,198111,198709,16,1,3,工作日,非高峰,2015-03-31,2015年3月31日,多云 /多云,28℃ / 19℃,南风 ≤3级 /南风 ≤3级,多云,多云,28,19,南风,≤3级,南风,≤3级,day
2015-03-31 18:51:00,老客站,7、未按规定让行的 ,负全部责任,不负责任,1,贵AUA305,绿,1,浙J8J862,黑,贵阳金马驾驶培训有限公司,-1,2011/10/9 0:00,-1,大众牌,沃尔沃,364557000000000000 ,56869500000000000 ,198412,198204,18,1,3,工作日,晚高峰(17-19点),2015-03-31,2015年3月31日,多云 /多云,28℃ / 19℃,南风 ≤3级 /南风 ≤3级,多云,多云,28,19,南风,≤3级,南风,≤3级,day
2015-03-31 14:26:00,西二环,8、依法应负全责的其他情形,负全部责任,不负责任,1,贵AGJ355,黑,1,贵A37N36,黑,自培,-1,2002/4/5 0:00,-1,别克牌,吉利美日牌,366046000000000000 ,506667000000000000 ,197101,197902,14,1,3,工作日,非高峰,2015-03-31,2015年3月31日,多云 /多云,28℃ / 19℃,南风 ≤3级 /南风 ≤3级,多云,多云,28,19,南风,≤3级,南风,≤3级,day
2015-03-31 11:00:00,西二环,1、追尾的,负全部责任,不负责任,1,贵A6E737,白色,1,川XF9941,白色,自培,-1,2004/8/13 0:00,-1,江铃牌,索兰托,355468000000000000 ,356168000000000000 ,197206,196704,11,1,3,工作日,非高峰,2015-03-31,2015年3月31日,多云 /多云,28℃ / 19℃,南风 ≤3级 /南风 ≤3级,多云,多云,28,19,南风,≤3级,南风,≤3级,day
2015-03-31 16:40:00,花溪,7、未按规定让行的 ,负全部责任,不负责任,1,贵AC536F,白色,1,苏F372KF,白色,自培,-1,2003/5/23 0:00,-1,长安牌,福特牌,364548000000000000 ,764296000000000000 ,197910,198802,16,1,3,工作日,非高峰,2015-03-31,2015年3月31日,多云 /多云,28℃ / 19℃,南风 ≤3级 /南风 ≤3级,多云,多云,28,19,南风,≤3级,南风,≤3级,day
2015-03-31 20:40:00,青云路,1、追尾的,负全部责任,不负责任,1,贵ANF724,红,1,贵AU4932,绿,自培,520126,2002/9/3 0:00,2011/1/4 0:00,福特牌,喜马牌,364548000000000000 ,36636751935461055X,197903,198510,20,1,3,工作日,非高峰,2015-03-31,2015年3月31日,多云 /多云,28℃ / 19℃,南风 ≤3级 /南风 ≤3级,多云,多云,28,19,南风,≤3级,南风,≤3级,night
2015-03-31 17:00:00,小河平桥,7、未按规定让行的 ,负全部责任,不负责任,1,贵A2744R,白色,1,贵A87G27,白色,自培,-1,2006/1/25 0:00,-1,海马,长城牌,355466000000000000 ,364547000000000000 ,197302,196701,17,1,3,工作日,晚高峰(17-19点),2015-03-31,2015年3月31日,多云 /多云,28℃ / 19℃,南风 ≤3级 /南风 ≤3级,多云,多云,28,19,南风,≤3级,南风,≤3级,day
2015-03-31 18:00:00,花溪大道,1、追尾的,负全部责任,不负责任,1,贵A81H13,白色,1,贵A91F12,白色,-1,十一培,-1,1995/4/24 0:00,奥迪牌,凌派牌,364368000000000000 ,366346000000000000 ,199207,196706,18,1,3,工作日,晚高峰(17-19点),2015-03-31,2015年3月31日,多云 /多云,28℃ / 19℃,南风 ≤3级 /南风 ≤3级,多云,多云,28,19,南风,≤3级,南风,≤3级,day
2015-03-31 20:00:00,宝山北路,7、未按规定让行的 ,负全部责任,不负责任,1,贵A88C42,白色,1,贵AF4946,白色,人武驾校,十一培,2012/7/31 0:00,1998/10/12 0:00,东风标致牌,长安牌,354767000000000000 ,364548000000000000 ,198111,196001,20,1,3,工作日,非高峰,2015-03-31,2015年3月31日,多云 /多云,28℃ / 19℃,南风 ≤3级 /南风 ≤3级,多云,多云,28,19,南风,≤3级,南风,≤3级,night
2015-03-31 13:30:00,绿地,8、依法应负全责的其他情形,负全部责任,不负责任,1,粤A523C,黑,1,贵JDL345,白,自培,十一培,2003/7/8 0:00,1996/8/7 0:00,\N,北京牌,74540500000000000 ,364548000000000000 ,197209,197812,13,1,3,工作日,非高峰,2015-03-31,2015年3月31日,多云 /多云,28℃ / 19℃,南风 ≤3级 /南风 ≤3级,多云,多云,28,19,南风,≤3级,南风,≤3级,day
2015-03-31 12:35:00,中华中路,1、追尾的,负全部责任,不负责任,0,贵ACC497,银,1,贵AU2135,蓝,消防驾校,自培,2012/6/26 0:00,2006/6/8 0:00,捷达牌,金狮牌,364548000000000000 ,355467000000000000 ,197001,198110,12,1,3,工作日,非高峰,2015-03-31,2015年3月31日,多云 /多云,28℃ / 19℃,南风 ≤3级 /南风 ≤3级,多云,多云,28,19,南风,≤3级,南风,≤3级,day
2015-03-31 20:30:00,春雷路,3、倒车的,负全部责任,不负责任,1,贵AT5318,白色,1,贵AV9045,白色,520116,自培,2000/8/4 0:00,2005/8/24 0:00,金龙牌,雅阁牌,364548000000000000 ,364548000000000000 ,198108,198109,20,1,3,工作日,非高峰,2015-03-31,2015年3月31日,多云 /多云,28℃ / 19℃,南风 ≤3级 /南风 ≤3级,多云,多云,28,19,南风,≤3级,南风,≤3级,night
2015-03-31 18:20:00,雅观,3、倒车的,负全部责任,不负责任,1,贵AR6967,银,1,贵AU2851,蓝,自培,自培,2004/8/9 0:00,2000/11/11 0:00,银翔牌,瑞麒牌,355464000000000000 ,355464000000000000 ,197002,195805,18,1,3,工作日,晚高峰(17-19点),2015-03-31,2015年3月31日,多云 /多云,28℃ / 19℃,南风 ≤3级 /南风 ≤3级,多云,多云,28,19,南风,≤3级,南风,≤3级,day
2015-04-01 07:50:00,长岭南路,7、未按规定让行的 ,负全部责任,不负责任,1,贵A989E1,黑,1,贵A29E41,银,-1,新天驾校,-1,2011/7/18 0:00,东风牌,福克斯牌,36874500000000000 ,366246000000000000 ,198409,196903,7,2,4,工作日,早高峰(7-9点),2015-04-01,2015年4月1日,多云 /多云,29℃ / 19℃,南风 ≤3级 /南风 ≤3级,多云,多云,29,19,南风,≤3级,南风,≤3级,day
2015-04-01 08:00:00,贵龙大道,7、未按规定让行的 ,负全部责任,不负责任,1,贵AJB7547,白色,1,贵AR0134,白色,-1,阳光驾校,-1,2013/11/15 0:00,-1,爱立新牌,364555000000000000 ,366064000000000000 ,985005,197509,8,2,4,工作日,早高峰(7-9点),2015-04-01,2015年4月1日,多云 /多云,29℃ / 19℃,南风 ≤3级 /南风 ≤3级,多云,多云,29,19,南风,≤3级,南风,≤3级,day
2015-04-01 08:40:00,电视机厂,7、未按规定让行的 ,负全部责任,不负责任,1,贵A39202,白,1,贵AHL556,白,-1,520107,-1,2010/5/24 0:00,长安,福克斯牌,366068000000000000 ,364548000000000000 ,198412,198812,8,2,4,工作日,早高峰(7-9点),2015-04-01,2015年4月1日,多云 /多云,29℃ / 19℃,南风 ≤3级 /南风 ≤3级,多云,多云,29,19,南风,≤3级,南风,≤3级,day
2015-03-31 18:00:00,香樁路,1、追尾的,负全部责任,不负责任,1,贵ANV263,白色,1,贵GT4032,白色,六盘水里程驾驶培训有限公司,诚信驾驶培训学校,2005/12/26 0:00,2012/7/26 0:00,东风雪铁龙牌,雪佛兰牌,664544000000000000 ,36455551994253445X,198109,198806,18,1,3,工作日,晚高峰(17-19点),2015-03-31,2015年3月31日,多云 /多云,28℃ / 19℃,南风 ≤3级 /南风 ≤3级,多云,多云,28,19,南风,≤3级,南风,≤3级,day
2015-04-01 08:00:00,甘荫塘,1、追尾的,负全部责任,不负责任,1,贵AB584B,白色,1,贵A94291,白色,蓝天驾校,520134,2012/2/29 0:00,2007/12/17 0:00,捷达牌,明锐牌,366361000000000000 ,36455051904049446X,197105,198404,8,2,4,工作日,早高峰(7-9点),2015-04-01,2015年4月1日,多云 /多云,29℃ / 19℃,南风 ≤3级 /南风 ≤3级,多云,多云,29,19,南风,≤3级,南风,≤3级,day
2015-04-01 07:20:00,新添寨,8、依法应负全责的其他情形,负全部责任,不负责任,1,贵AN2833,白,1,贵A9909C,黄,-1,铁二局驾校,-1,2006/12/20 0:00,东宏牌,东风日产牌,356163000000000000 ,364557000000000000 ,197102,197404,7,2,4,工作日,早高峰(7-9点),2015-04-01,2015年4月1日,多云 /多云,29℃ / 19℃,南风 ≤3级 /南风 ≤3级,多云,多云,29,19,南风,≤3级,南风,≤3级,day
2015-04-01 07:00:00,黑马市场,8、依法应负全责的其他情形,负全部责任,不负责任,1,贵A7BX08,白色,1,贵ACZ986,白色,-1,-1,-1,-1,马自达牌,福特牌,366070000000000000 ,36455551864154045X,196606,197209,7,2,4,工作日,早高峰(7-9点),2015-04-01,2015年4月1日,多云 /多云,29℃ / 19℃,南风 ≤3级 /南风 ≤3级,多云,多云,29,19,南风,≤3级,南风,≤3级,day
2015-04-01 08:15:00,西二环,1、追尾的,负全部责任,不负责任,1,贵A11V57,白,1,渝BEL662,白,-1,-1,-1,-1,比亚迪牌,-1,765494000000000000 ,366666000000000000 ,197610,198908,8,2,4,工作日,早高峰(7-9点),2015-04-01,2015年4月1日,多云 /多云,29℃ / 19℃,南风 ≤3级 /南风 ≤3级,多云,多云,29,19,南风,≤3级,南风,≤3级,day
2015-04-01 11:00:00,花溪大道,1、追尾的,负全部责任,不负责任,1,贵AWC555,白色,1,贵H72Y14,白色,-1,自培,-1,2010/10/12 0:00,天籁牌,-1,36454751164641645X,364547000000000000 ,199202,199207,11,2,4,工作日,非高峰,2015-04-01,2015年4月1日,多云 /多云,29℃ / 19℃,南风 ≤3级 /南风 ≤3级,多云,多云,29,19,南风,≤3级,南风,≤3级,day
2015-04-01 09:30:00,二浦,1、追尾的,负全部责任,不负责任,1,贵A34S46,黑,1,贵A323G1,红,自培,520107,2012/8/3 0:00,2007/11/8 0:00,福克斯牌,福德牌,364557000000000000 ,376570000000000000 ,197411,198905,9,2,4,工作日,早高峰(7-9点),2015-04-01,2015年4月1日,多云 /多云,29℃ / 19℃,南风 ≤3级 /南风 ≤3级,多云,多云,29,19,南风,≤3级,南风,≤3级,day
2015-04-01 07:30:00,八匹马,7、未按规定让行的 ,负全部责任,不负责任,1,贵AMR702,银,1,贵AU7462,蓝,自培,自培,2004/5/19 0:00,2012/11/15 0:00,比亚迪牌,大阳牌,366368000000000000 ,366061000000000000 ,198103,199001,7,2,4,工作日,早高峰(7-9点),2015-04-01,2015年4月1日,多云 /多云,29℃ / 19℃,南风 ≤3级 /南风 ≤3级,多云,多云,29,19,南风,≤3级,南风,≤3级,day