accidenttime,accidentaddr,driver1fault,driver1responsibility,driver2responsibility,sex1,platenumber1,carcolor1,sex2,platenumber2,carcolor2,jxmc1,jxmc2,cclzrq1,cclzrq2,clpp1,clpp2,driver1license,driver2license,brith1,brith2,hour,weekday,month,is_weekday,peak_hour,date,日期,天气状况,气温,风力风向,day_wea,night_wea,day_tep,night_tep,day_wind_direction,day_wind_speed,night_wind_direction,night_wind_speed,segment
2015-03-31 20:00:00, 大营坡,8、依法应负全责的其他情形,负全部责任,不负责任,1,云AN7R68,黑,1,贵JX7192,黑,自培,自培,2001/10/9 0:00,2008/11/6 0:00,宝马牌,大众汽车牌,366546000000000000 ,366862000000000000 ,196803,198703,20,1,3,工作日,非高峰,2015-03-31,2015年3月31日,多云 /多云,28℃ / 19℃,南风 ≤3级 /南风 ≤3级,多云,多云,28,19,南风,≤3级,南风,≤3级,night
2015-04-01 07:40:00,陈家坡,1、追尾的,负全部责任,不负责任,1,贵A1BB62,白色,1,贵A85K42,白色,自培,十一培,2002/4/12 0:00,1999/4/22 0:00,上海别克,大众牌,364547000000000000 ,364547000000000000 ,198003,197301,7,2,4,工作日,早高峰(7-9点),2015-04-01,2015年4月1日,多云 /多云,29℃ / 19℃,南风 ≤3级 /南风 ≤3级,多云,多云,29,19,南风,≤3级,南风,≤3级,day
2015-04-01 00:00:00,火车站,3、倒车的,负全部责任,不负责任,1,临贵JC2096,白色,1,贵AB5672,白色,-1,自培,-1,2002/7/10 0:00,-1,雷克牌,366862000000000000 ,364548000000000000 ,198304,198102,0,2,4,工作日,非高峰,2015-04-01,2015年4月1日,多云 /多云,29℃ / 19℃,南风 ≤3级 /南风 ≤3级,多云,多云,29,19,南风,≤3级,南风,≤3级,night
2015-03-31 19:30:00,圆通街,3、倒车的,负全部责任,不负责任,0,贵A2E850,黑,1,贵ANN315,银,青正驾校,自培,2012/10/12 0:00,2004/11/24 0:00,翼搏牌,红旗牌,36455651144366696X,364547000000000000 ,199005,197901,19,1,3,工作日,晚高峰(17-19点),2015-03-31,2015年3月31日,多云 /多云,28℃ / 19℃,南风 ≤3级 /南风 ≤3级,多云,多云,28,19,南风,≤3级,南风,≤3级,day
2015-04-01 09:00:00,小河转盘,8、依法应负全责的其他情形,负全部责任,不负责任,1,贵AC984G,白色,1,贵A22553,白色,贵州省长安驾驶培训学校,自培,2000/2/3 0:00,2010/9/29 0:00,比亚迪牌,欧曼牌,364547000000000000 ,366669000000000000 ,195806,198404,9,2,4,工作日,早高峰(7-9点),2015-04-01,2015年4月1日,多云 /多云,29℃ / 19℃,南风 ≤3级 /南风 ≤3级,多云,多云,29,19,南风,≤3级,南风,≤3级,day
2015-03-31 18:00:00,水口寺,8、依法应负全责的其他情形,负全部责任,不负责任,1,贵JBE355,银,1,贵AU7019,蓝,新华驾校,自培,2014/10/8 0:00,2001/8/21 0:00,五菱牌,飞肯牌,364557000000000000 ,364548000000000000 ,197709,197412,18,1,3,工作日,晚高峰(17-19点),2015-03-31,2015年3月31日,多云 /多云,28℃ / 19℃,南风 ≤3级 /南风 ≤3级,多云,多云,28,19,南风,≤3级,南风,≤3级,day
2015-04-01 07:00:00,小河转盘,9、不符合前8款规定或者双方同时具有上述情形的,负同等责任,负同等责任,1,贵AU6131,白色,1,贵A52E23,白色,自培,自培,2002/9/4 0:00,2004/8/11 0:00,万达牌,奥迪牌,366068000000000000 ,364547000000000000 ,196804,198405,7,2,4,工作日,早高峰(7-9点),2015-04-01,2015年4月1日,多云 /多云,29℃ / 19℃,南风 ≤3级 /南风 ≤3级,多云,多云,29,19,南风,≤3级,南风,≤3级,day
2015-04-01 08:22:00,长岭南路,7、未按规定让行的 ,负全部责任,不负责任,1,贵A1762F,银,1,贵AU3425,蓝,自培,自培,2004/4/30 0:00,2001/5/30 0:00,波罗牌,奇瑞牌,364557000000000000 ,366361000000000000 ,197003,197304,8,2,4,工作日,早高峰(7-9点),2015-04-01,2015年4月1日,多云 /多云,29℃ / 19℃,南风 ≤3级 /南风 ≤3级,多云,多云,29,19,南风,≤3级,南风,≤3级,day
2015-04-01 11:20:00,西二环,9、不符合前8款规定或者双方同时具有上述情形的,负同等责任,负同等责任,1,贵O265399,红,1,贵A71N69,白,-1,-1,-1,-1,-1,思威牌,36606700000000000 ,364548000000000000 ,197522,198203,11,2,4,工作日,非高峰,2015-04-01,2015年4月1日,多云 /多云,29℃ / 19℃,南风 ≤3级 /南风 ≤3级,多云,多云,29,19,南风,≤3级,南风,≤3级,day
2015-04-01 12:05:00,世纪城,1、追尾的,负全部责任,不负责任,1,贵A686D2,银,1,贵AUA478,白,铁二局驾校,天行健驾校,2013/12/18 0:00,2009/9/5 0:00,解放牌,吉利美日牌,366070000000000000 ,366067000000000000 ,199303,197210,12,2,4,工作日,非高峰,2015-04-01,2015年4月1日,多云 /多云,29℃ / 19℃,南风 ≤3级 /南风 ≤3级,多云,多云,29,19,南风,≤3级,南风,≤3级,day
2015-04-01 08:15:00,北京西路,1、追尾的,负全部责任,不负责任,0,贵A9BH35,蓝,1,贵A43L22,红,（观山湖区）蓝天驾驶培训有限公司,全林驾校,2009/10/13 0:00,2012/10/25 0:00,东风标致牌,雪佛兰牌,364548000000000000 ,366567000000000000 ,198907,198401,8,2,4,工作日,早高峰(7-9点),2015-04-01,2015年4月1日,多云 /多云,29℃ / 19℃,南风 ≤3级 /南风 ≤3级,多云,多云,29,19,南风,≤3级,南风,≤3级,day
2015-04-01 08:40:00,北二环,1、追尾的,负全部责任,不负责任,0,贵GQ5800,红,1,贵CL9143,黑,路路达驾校,520121,2013/3/4 0:00,2008/7/23 0:00,东风标致牌,丰田牌,364557000000000000 ,366277000000000000 ,199104,198611,8,2,4,工作日,早高峰(7-9点),2015-04-01,2015年4月1日,多云 /多云,29℃ / 19℃,南风 ≤3级 /南风 ≤3级,多云,多云,29,19,南风,≤3级,南风,≤3级,day
2015-04-01 10:00:00,贵黄路,7、未按规定让行的 ,负全部责任,不负责任,1,贵VKP155,白色,1,贵CD463,白色,-1,自培,-1,2009/10/9 0:00,-1,-1,366061000000000000 ,355266000000000000 ,197909,198812,10,2,4,工作日,非高峰,2015-04-01,2015年4月1日,多云 /多云,29℃ / 19℃,南风 ≤3级 /南风 ≤3级,多云,多云,29,19,南风,≤3级,南风,≤3级,day
2015-04-01 08:00:00,小河香江路,7、未按规定让行的 ,负全部责任,不负责任,1,川FBB326,白色,1,贵GP9286,白色,-1,吉源驾校,-1,2013/12/4 0:00,\N,长安牌,35486651164269843X,366368000000000000 ,199206,198205,8,2,4,工作日,早高峰(7-9点),2015-04-01,2015年4月1日,多云 /多云,29℃ / 19℃,南风 ≤3级 /南风 ≤3级,多云,多云,29,19,南风,≤3级,南风,≤3级,day
2015-04-01 08:15:00,北京西路,7、未按规定让行的 ,负全部责任,不负责任,1,贵A9BH35,蓝,1,贵A963A1,银,（观山湖区）蓝天驾驶培训有限公司,-1,2009/10/13 0:00,-1,东风标致牌,长安牌,364548000000000000 ,3543635196443907X,198907,198200,8,2,4,工作日,早高峰(7-9点),2015-04-01,2015年4月1日,多云 /多云,29℃ / 19℃,南风 ≤3级 /南风 ≤3级,多云,多云,29,19,南风,≤3级,南风,≤3级,day
2015-04-01 12:30:00,三桥,7、未按规定让行的 ,负全部责任,不负责任,1,贵A258D4,银,1,贵GY3681,白,-1,省交校,-1,2012/4/25 0:00,长安牌,北京现代牌,354675000000000000 ,366367000000000000 ,197010,198303,12,2,4,工作日,非高峰,2015-04-01,2015年4月1日,多云 /多云,29℃ / 19℃,南风 ≤3级 /南风 ≤3级,多云,多云,29,19,南风,≤3级,南风,≤3级,day
2015-04-01 11:00:00,龙洞堡,3、倒车的,负全部责任,不负责任,1,贵ANJ979,白色,1,贵A54C92,白色,-1,吉源驾校,-1,2014/2/25 0:00,丰田牌,东风日产牌,366346518017465X,366347000000000000 ,197493,197502,11,2,4,工作日,非高峰,2015-04-01,2015年4月1日,多云 /多云,29℃ / 19℃,南风 ≤3级 /南风 ≤3级,多云,多云,29,19,南风,≤3级,南风,≤3级,day
2015-04-01 14:30:00,河滨公园,1、追尾的,负全部责任,不负责任,1,贵CKQ023,白色,1,贵AKE935,白色,省交校,-1,2013/5/17 0:00,-1,五菱牌,思威牌,366570000000000000 ,364547000000000000 ,199203,195718,14,2,4,工作日,非高峰,2015-04-01,2015年4月1日,多云 /多云,29℃ / 19℃,南风 ≤3级 /南风 ≤3级,多云,多云,29,19,南风,≤3级,南风,≤3级,day
2015-04-01 13:45:00,西南环线,7、未按规定让行的 ,负全部责任,不负责任,1,贵A0AP19,白色,1,贵ASY977,白色,全林驾校,吉源驾校,2012/3/22 0:00,2015/2/4 0:00,荣威牌,东风雪铁龙牌,364667000000000000 ,364547000000000000 ,197710,196808,13,2,4,工作日,非高峰,2015-04-01,2015年4月1日,多云 /多云,29℃ / 19℃,南风 ≤3级 /南风 ≤3级,多云,多云,29,19,南风,≤3级,南风,≤3级,day
2015-04-01 15:30:00,凤凰翠堤,8、依法应负全责的其他情形,负全部责任,不负责任,1,贵AV5341,白色,1,浙K8162P,白色,黔南剑江汽车驾驶培训学校,-1,2010/11/2 0:00,-1,嘉隆牌,北京现代牌,366875000000000000 ,776946000000000000 ,198212,197907,15,2,4,工作日,非高峰,2015-04-01,2015年4月1日,多云 /多云,29℃ / 19℃,南风 ≤3级 /南风 ≤3级,多云,多云,29,19,南风,≤3级,南风,≤3级,day
2015-04-01 15:30:00,八角岩路,1、追尾的,负全部责任,不负责任,0,贵A4BL48,黑,0,贵AHN514,银,全林驾校,自培,2012/12/28 0:00,2010/2/11 0:00,福克斯牌,哈飞牌,364548000000000000 ,364548000000000000 ,197103,198410,15,2,4,工作日,非高峰,2015-04-01,2015年4月1日,多云 /多云,29℃ / 19℃,南风 ≤3级 /南风 ≤3级,多云,多云,29,19,南风,≤3级,南风,≤3级,day
2015-04-01 09:31:00,小河,3、倒车的,负全部责任,不负责任,1,贵ANK124,白色,1,贵ANC492,白色,自培,十一培,2007/1/17 0:00,1993/11/8 0:00,华泰圣达菲牌,长安牌,364556000000000000 ,364547000000000000 ,196011,197105,9,2,4,工作日,早高峰(7-9点),2015-04-01,2015年4月1日,多云 /多云,29℃ / 19℃,南风 ≤3级 /南风 ≤3级,多云,多云,29,19,南风,≤3级,南风,≤3级,day
2015-04-01 07:40:00,小河平桥,1、追尾的,负全部责任,不负责任,1,贵CQ8784,白色,1,贵AB536J,白色,惠水县黔岭机动车驾驶培训有限公司,自培,2013/7/18 0:00,2010/8/16 0:00,丰田牌,大众汽车牌,35436551985458072X,366566000000000000 ,198710,198409,7,2,4,工作日,早高峰(7-9点),2015-04-01,2015年4月1日,多云 /多云,29℃ / 19℃,南风 ≤3级 /南风 ≤3级,多云,多云,29,19,南风,≤3级,南风,≤3级,day
2015-04-01 09:00:00,贵惠大道,1、追尾的,负全部责任,不负责任,1,贵A9G214,白色,1,贵AU4044,白色,贵州省长安驾驶培训学校,自培,2011/11/25 0:00,2005/2/3 0:00,-1,三铃牌,366068000000000000 ,366368000000000000 ,198110,198110,9,2,4,工作日,早高峰(7-9点),2015-04-01,2015年4月1日,多云 /多云,29℃ / 19℃,南风 ≤3级 /南风 ≤3级,多云,多云,29,19,南风,≤3级,南风,≤3级,day
2015-04-01 10:50:00,金阳北路,1、追尾的,负全部责任,不负责任,1,贵A17V83,银,1,贵GN2842,黑,-1,自培,-1,2005/12/21 0:00,别克牌,梅赛德斯-奔驰牌,364547000000000000 ,364558000000000000 ,199501,195311,10,2,4,工作日,非高峰,2015-04-01,2015年4月1日,多云 /多云,29℃ / 19℃,南风 ≤3级 /南风 ≤3级,多云,多云,29,19,南风,≤3级,南风,≤3级,day
2015-04-01 10:00:00,青岩加油站,1、追尾的,负全部责任,不负责任,1,贵ADS239,白色,1,贵AB934V,白色,自培,自培,2003/5/15 0:00,2012/6/7 0:00,宝马,五菱牌,366864000000000000 ,36455651214048693X,198304,196904,10,2,4,工作日,非高峰,2015-04-01,2015年4月1日,多云 /多云,29℃ / 19℃,南风 ≤3级 /南风 ≤3级,多云,多云,29,19,南风,≤3级,南风,≤3级,day
2015-04-01 12:50:00,三桥,7、未按规定让行的 ,负全部责任,不负责任,1,川KDL879,银,1,贵ADN586,银,-1,时发驾校,-1,2011/11/22 0:00,别克牌,五菱牌,35544651924374535X,364596000000000000 ,198605,199201,12,2,4,工作日,非高峰,2015-04-01,2015年4月1日,多云 /多云,29℃ / 19℃,南风 ≤3级 /南风 ≤3级,多云,多云,29,19,南风,≤3级,南风,≤3级,day
2015-04-01 16:05:00,商贸城,3、倒车的,负全部责任,不负责任,1,贵A479H1,黑,1,贵A22927,银,-1,自培,-1,1998/11/18 0:00,江铃牌,柯斯达牌,726075000000000000 ,364548000000000000 ,199306,198011,16,2,4,工作日,非高峰,2015-04-01,2015年4月1日,多云 /多云,29℃ / 19℃,南风 ≤3级 /南风 ≤3级,多云,多云,29,19,南风,≤3级,南风,≤3级,day
2015-04-01 17:10:00,会展城,7、未按规定让行的 ,负全部责任,不负责任,1,贵A48K51,蓝,1,贵AU7216,蓝,（南明区）阳光驾驶培训有限公司,自培,2007/4/4 0:00,1993/11/10 0:00,马自达牌,望江牌,364548000000000000 ,364557000000000000 ,198506,197505,17,2,4,工作日,晚高峰(17-19点),2015-04-01,2015年4月1日,多云 /多云,29℃ / 19℃,南风 ≤3级 /南风 ≤3级,多云,多云,29,19,南风,≤3级,南风,≤3级,day
2015-04-01 14:00:00,金关,1、追尾的,负全部责任,不负责任,1,贵A2K741,黑,1,贵ATTW059,银,-1,（南明区）长安驾驶培训有限公司,-1,-1,大众,-1,734398000000000000 ,366570000000000000 ,198810,199408,14,2,4,工作日,非高峰,2015-04-01,2015年4月1日,多云 /多云,29℃ / 19℃,南风 ≤3级 /南风 ≤3级,多云,多云,29,19,南风,≤3级,南风,≤3级,day
2015-04-01 16:10:00,世纪城,7、未按规定让行的 ,负全部责任,不负责任,1,贵A3481B,蓝,1,贵A270D7,黑,（乌当区）新天驾驶培训有限公司,-1,2008/5/6 0:00,-1,东风标致牌,福田牌,364557000000000000 ,366666000000000000 ,198512,199006,16,2,4,工作日,非高峰,2015-04-01,2015年4月1日,多云 /多云,29℃ / 19℃,南风 ≤3级 /南风 ≤3级,多云,多云,29,19,南风,≤3级,南风,≤3级,day
2015-04-01 17:50:00,金阳,8、依法应负全责的其他情形,负全部责任,不负责任,1,冀J28M76,黄,1,贵A48L32,白,-1,新天驾校,-1,2012/8/27 0:00,海马牌,丰田牌,576148000000000000 ,364557000000000000 ,195905,198912,17,2,4,工作日,晚高峰(17-19点),2015-04-01,2015年4月1日,多云 /多云,29℃ / 19℃,南风 ≤3级 /南风 ≤3级,多云,多云,29,19,南风,≤3级,南风,≤3级,day
2015-04-01 16:20:00,艺校,1、追尾的,负全部责任,不负责任,1,川CG1233,黄,1,贵AFD469,银,-1,520130,-1,2009/4/17 0:00,\N,比亚迪牌,354747000000000000 ,366364000000000000 ,197111,197212,16,2,4,工作日,非高峰,2015-04-01,2015年4月1日,多云 /多云,29℃ / 19℃,南风 ≤3级 /南风 ≤3级,多云,多云,29,19,南风,≤3级,南风,≤3级,day
2015-04-01 14:40:00,北二环,1、追尾的,负全部责任,不负责任,1,贵A3704G,黑,1,贵A8777T,黑,自培,消防驾校,2011/3/22 0:00,2011/9/1 0:00,北京牌,大众汽车牌,76163500000000000 ,364548000000000000 ,196911,197412,14,2,4,工作日,非高峰,2015-04-01,2015年4月1日,多云 /多云,29℃ / 19℃,南风 ≤3级 /南风 ≤3级,多云,多云,29,19,南风,≤3级,南风,≤3级,day
2015-04-01 16:05:00,花果园,1、追尾的,负全部责任,不负责任,1,贵AU7517,绿,1,川XAE638,红,520135,-1,2008/7/15 0:00,-1,豪爵牌,长城牌  ,366067000000000000 ,355266000000000000 ,198208,198807,16,2,4,工作日,非高峰,2015-04-01,2015年4月1日,多云 /多云,29℃ / 19℃,南风 ≤3级 /南风 ≤3级,多云,多云,29,19,南风,≤3级,南风,≤3级,day
2015-04-01 10:00:00,大洼路,1、追尾的,负全部责任,不负责任,1,贵HBC178,白色,1,贵A55K56,白色,消防驾校,十一培,2013/2/2 0:00,1994/1/18 0:00,五菱牌,丰田牌,366068000000000000 ,364548000000000000 ,199304,195210,10,2,4,工作日,非高峰,2015-04-01,2015年4月1日,多云 /多云,29℃ / 19℃,南风 ≤3级 /南风 ≤3级,多云,多云,29,19,南风,≤3级,南风,≤3级,day
2015-04-01 15:30:00,花溪大道,1、追尾的,负全部责任,不负责任,1,贵A9322T,白色,1,贵ATE145,白色,（白云区）景宏驾驶培训有限公司,自培,2010/8/6 0:00,2002/10/14 0:00,大众汽车牌,高尔夫牌,36455751994240406X,366546000000000000 ,198806,196410,15,2,4,工作日,非高峰,2015-04-01,2015年4月1日,多云 /多云,29℃ / 19℃,南风 ≤3级 /南风 ≤3级,多云,多云,29,19,南风,≤3级,南风,≤3级,day
2015-04-01 14:00:00,小河转盘,7、未按规定让行的 ,负全部责任,不负责任,1,贵FS2138,白色,1,贵A96E55,白色,（经开区）顺一驾驶培训有限公司,自培,2008/12/2 0:00,2003/1/15 0:00,长安牌,北京现代牌,36604551994156993X,354663000000000000 ,198809,196311,14,2,4,工作日,非高峰,2015-04-01,2015年4月1日,多云 /多云,29℃ / 19℃,南风 ≤3级 /南风 ≤3级,多云,多云,29,19,南风,≤3级,南风,≤3级,day
2015-04-01 11:00:00,蛮坡,3、倒车的,负全部责任,不负责任,1,贵HCC999,白,0,贵AMH685,黑,新天驾校,自培,2014/8/5 0:00,2001/1/31 0:00,马自达牌,英伦牌,355741000000000000 ,355464000000000000 ,199008,197512,11,2,4,工作日,非高峰,2015-04-01,2015年4月1日,多云 /多云,29℃ / 19℃,南风 ≤3级 /南风 ≤3级,多云,多云,29,19,南风,≤3级,南风,≤3级,day
2015-04-01 17:30:00,望城坡,7、未按规定让行的 ,负全部责任,不负责任,1,贵A8BV90,白色,1,贵A1040A,白色,（白云区）景宏驾驶培训有限公司,自培,2005/1/28 0:00,2004/10/18 0:00,东风日产牌,长安牌,366270000000000000 ,364547000000000000 ,198202,196501,17,2,4,工作日,晚高峰(17-19点),2015-04-01,2015年4月1日,多云 /多云,29℃ / 19℃,南风 ≤3级 /南风 ≤3级,多云,多云,29,19,南风,≤3级,南风,≤3级,day
2015-04-01 17:15:00,西南环线,8、依法应负全责的其他情形,负全部责任,不负责任,1,贵A87776,白色,1,贵A6AY98,白色,自培,自培,2006/12/22 0:00,2001/6/25 0:00,南雅牌,长安牌,366347000000000000 ,74040500000000000 ,198209,197403,17,2,4,工作日,晚高峰(17-19点),2015-04-01,2015年4月1日,多云 /多云,29℃ / 19℃,南风 ≤3级 /南风 ≤3级,多云,多云,29,19,南风,≤3级,南风,≤3级,day
2015-04-01 14:40:00,白云区,8、依法应负全责的其他情形,负全部责任,不负责任,1,贵A07887,白,0,贵AW8811,红,自培,自培,2011/1/31 0:00,2005/1/25 0:00,万达牌,大众牌,376562000000000000 ,364556000000000000 ,198507,197501,14,2,4,工作日,非高峰,2015-04-01,2015年4月1日,多云 /多云,29℃ / 19℃,南风 ≤3级 /南风 ≤3级,多云,多云,29,19,南风,≤3级,南风,≤3级,day
2015-04-01 21:30:00,云潭路,7、未按规定让行的 ,负全部责任,不负责任,1,贵AP0762,白,1,贵AA799R,黑,-1,景宏驾校,-1,2010/12/23 0:00,喜马牌,丰田牌,355468000000000000 ,364566000000000000 ,199102,198703,21,2,4,工作日,非高峰,2015-04-01,2015年4月1日,多云 /多云,29℃ / 19℃,南风 ≤3级 /南风 ≤3级,多云,多云,29,19,南风,≤3级,南风,≤3级,night
2015-04-02 07:30:00,宝山路,7、未按规定让行的 ,负全部责任,不负责任,1,贵A55Y93,白,1,贵A93M16,白,520116,鑫鑫驾校,2004/4/12 0:00,2014/4/3 0:00,宝骏牌,马自达牌,364548000000000000 ,364547000000000000 ,198308,199001,7,3,4,工作日,早高峰(7-9点),2015-04-02,2015年4月2日,多云 /多云,30℃ / 18℃,南风 ≤3级 /南风 ≤3级,多云,多云,30,18,南风,≤3级,南风,≤3级,day
2015-04-02 07:45:00,西二环,1、追尾的,负全部责任,不负责任,1,贵AKX844,白色,1,贵AA521A,白色,-1,吉源驾校,-1,2014/11/3 0:00,高尔夫牌,长安牌,355766000000000000 ,364556000000000000 ,199102,199303,7,3,4,工作日,早高峰(7-9点),2015-04-02,2015年4月2日,多云 /多云,30℃ / 18℃,南风 ≤3级 /南风 ≤3级,多云,多云,30,18,南风,≤3级,南风,≤3级,day
2015-04-02 08:00:00,小河,7、未按规定让行的 ,负全部责任,不负责任,1,贵AU3466,白色,1,贵AU0729,白色,-1,（乌当区）新天驾驶培训有限公司,-1,2002/12/30 0:00,银翔牌,宝来牌,36454644013 ,366361000000000000 ,495,198401,8,3,4,工作日,早高峰(7-9点),2015-04-02,2015年4月2日,多云 /多云,30℃ / 18℃,南风 ≤3级 /南风 ≤3级,多云,多云,30,18,南风,≤3级,南风,≤3级,day
2015-04-01 18:40:00,花果园,1、追尾的,负全部责任,不负责任,1,贵A39R24,白,0,贵ATE988,白,自培,铁二局驾校,2001/2/12 0:00,2011/1/27 0:00,长城牌,长安牌,364557000000000000 ,364547000000000000 ,197804,196207,18,2,4,工作日,晚高峰(17-19点),2015-04-01,2015年4月1日,多云 /多云,29℃ / 19℃,南风 ≤3级 /南风 ≤3级,多云,多云,29,19,南风,≤3级,南风,≤3级,day
2015-04-01 18:33:00,富源北路,7、未按规定让行的 ,负全部责任,不负责任,1,贵A23774,白色,1,贵A7EB09,白色,（经开区）十一驾驶培训有限公司,贵州现代驾驶培训责任有限公司,2006/9/29 0:00,2011/6/29 0:00,东风雪铁龙牌,东风雪铁龙牌,366366000000000000 ,355266000000000000 ,197101,198908,18,2,4,工作日,晚高峰(17-19点),2015-04-01,2015年4月1日,多云 /多云,29℃ / 19℃,南风 ≤3级 /南风 ≤3级,多云,多云,29,19,南风,≤3级,南风,≤3级,day
2015-04-01 18:33:00,富源路,7、未按规定让行的 ,负全部责任,不负责任,1,贵A23774,白色,1,贵A7EB09,白色,（经开区）十一驾驶培训有限公司,贵州现代驾驶培训责任有限公司,2006/9/29 0:00,2011/6/29 0:00,东风雪铁龙牌,东风雪铁龙牌,366366000000000000 ,355266000000000000 ,197101,198908,18,2,4,工作日,晚高峰(17-19点),2015-04-01,2015年4月1日,多云 /多云,29℃ / 19℃,南风 ≤3级 /南风 ≤3级,多云,多云,29,19,南风,≤3级,南风,≤3级,day
2015-04-02 08:00:00,观山东路,7、未按规定让行的 ,负全部责任,不负责任,1,贵A6C724,黑,1,贵A689B4,蓝,-1,520102,-1,2003/3/30 0:00,东风,东风牌,366576000000000000 ,364558000000000000 ,197205,197712,8,3,4,工作日,早高峰(7-9点),2015-04-02,2015年4月2日,多云 /多云,30℃ / 18℃,南风 ≤3级 /南风 ≤3级,多云,多云,30,18,南风,≤3级,南风,≤3级,day
2015-04-01 15:55:00,旭东路,3、倒车的,负全部责任,不负责任,1,贵AU1905,蓝,1,贵GE4171,黑,自培,蓝天驾校,2003/3/28 0:00,2012/11/12 0:00,瑞麒牌,大切诺基,364547000000000000 ,364548000000000000 ,196306,198809,15,2,4,工作日,非高峰,2015-04-01,2015年4月1日,多云 /多云,29℃ / 19℃,南风 ≤3级 /南风 ≤3级,多云,多云,29,19,南风,≤3级,南风,≤3级,day
2015-04-02 07:45:00,沙冲北路,9、不符合前8款规定或者双方同时具有上述情形的,负同等责任,负同等责任,1,贵A533E5,白色,1,贵AU6486,白色,自培,（云岩区）省交通职业技术驾驶培训学校,2006/4/27 0:00,2010/12/1 0:00,长安牌,黄海牌,364547000000000000 ,366347000000000000 ,198203,197911,7,3,4,工作日,早高峰(7-9点),2015-04-02,2015年4月2日,多云 /多云,30℃ / 18℃,南风 ≤3级 /南风 ≤3级,多云,多云,30,18,南风,≤3级,南风,≤3级,day
2015-04-01 18:00:00,富源路,7、未按规定让行的 ,负全部责任,不负责任,1,贵GP4316,白色,1,贵A39986,白色,自培,安顺驾校,2004/6/21 0:00,-1,北京现代牌,豪泺牌,357367000000000000 ,366370000000000000 ,197106,198609,18,2,4,工作日,晚高峰(17-19点),2015-04-01,2015年4月1日,多云 /多云,29℃ / 19℃,南风 ≤3级 /南风 ≤3级,多云,多云,29,19,南风,≤3级,南风,≤3级,day
2015-04-01 19:30:00,沙冲路,7、未按规定让行的 ,负全部责任,不负责任,1,贵A95575,白色,1,贵AAF488,白色,自培,-1,2003/1/16 0:00,-1,豪泺牌,丰田牌,366347000000000000 ,36454700000000000 ,197408,196012,19,2,4,工作日,晚高峰(17-19点),2015-04-01,2015年4月1日,多云 /多云,29℃ / 19℃,南风 ≤3级 /南风 ≤3级,多云,多云,29,19,南风,≤3级,南风,≤3级,day
2015-04-02 07:30:00,山水黔城,7、未按规定让行的 ,负全部责任,不负责任,1,贵AKE864,白色,1,贵ARW208,白色,-1,十一培,-1,1999/11/30 0:00,锋范牌,比亚迪牌,364547000000000000 ,364547000000000000 ,195503,196801,7,3,4,工作日,早高峰(7-9点),2015-04-02,2015年4月2日,多云 /多云,30℃ / 18℃,南风 ≤3级 /南风 ≤3级,多云,多云,30,18,南风,≤3级,南风,≤3级,day
2015-04-01 17:48:00,杨家山,1、追尾的,负全部责任,不负责任,1,贵JCA468,白,1,贵ADF832,蓝,（南明区）市交通职业技术驾驶培训学校,自培,2005/4/30 0:00,2003/11/10 0:00,指南者,别克牌,366868000000000000 ,366061000000000000 ,198412,198212,17,2,4,工作日,晚高峰(17-19点),2015-04-01,2015年4月1日,多云 /多云,29℃ / 19℃,南风 ≤3级 /南风 ≤3级,多云,多云,29,19,南风,≤3级,南风,≤3级,day
2015-04-01 21:00:00,白云区,1、追尾的,负全部责任,不负责任,1,贵AWA984,蓝,1,贵ABY238,黑,（南明区）吉源驾驶培训有限公司,自培,2011/3/30 0:00,2007/5/15 0:00,宝马,大众汽车牌,364648000000000000 ,364558000000000000 ,198602,198608,21,2,4,工作日,非高峰,2015-04-01,2015年4月1日,多云 /多云,29℃ / 19℃,南风 ≤3级 /南风 ≤3级,多云,多云,29,19,南风,≤3级,南风,≤3级,night
2015-04-02 08:00:00,乌当,8、依法应负全责的其他情形,负全部责任,不负责任,1,贵ABP655,白,1,贵ACZ346,黑,贵大佳德驾驶培训学校,自培,2007/11/2 0:00,2007/9/10 0:00,依维柯牌,蒙迪欧牌,366369000000000000 ,364557000000000000 ,198204,198306,8,3,4,工作日,早高峰(7-9点),2015-04-02,2015年4月2日,多云 /多云,30℃ / 18℃,南风 ≤3级 /南风 ≤3级,多云,多云,30,18,南风,≤3级,南风,≤3级,day
2015-04-02 06:40:00,花溪大道,1、追尾的,负全部责任,不负责任,1,贵A54M64,白色,1,贵A7FA85,白色,自培,自培,2009/4/15 0:00,2005/6/27 0:00,长安牌,广汽菲亚特牌,74366500000000000 ,364556000000000000 ,198406,197404,6,3,4,工作日,非高峰,2015-04-02,2015年4月2日,多云 /多云,30℃ / 18℃,南风 ≤3级 /南风 ≤3级,多云,多云,30,18,南风,≤3级,南风,≤3级,day