accidenttime,accidentaddr,driver1fault,driver1responsibility,driver2responsibility,sex1,platenumber1,carcolor1,sex2,platenumber2,carcolor2,jxmc1,jxmc2,cclzrq1,cclzrq2,clpp1,clpp2,driver1license,driver2license,brith1,brith2,hour,weekday,month,is_weekday,peak_hour,date,日期,天气状况,气温,风力风向,day_wea,night_wea,day_tep,night_tep,day_wind_direction,day_wind_speed,night_wind_direction,night_wind_speed,segment
2015-04-02 09:10:00,金源街,1、追尾的,负全部责任,不负责任,1,贵A84W78,银,1,贵A03099,黑,新天驾校,-1,2007/6/11 0:00,-1,长城牌,大众汽车,36454751904568005X,366567000000000000 ,198401,197912,9,3,4,工作日,早高峰(7-9点),2015-04-02,2015年4月2日,多云 /多云,30℃ / 18℃,南风 ≤3级 /南风 ≤3级,多云,多云,30,18,南风,≤3级,南风,≤3级,day
2015-04-02 08:30:00,白云区,8、依法应负全责的其他情形,负全部责任,不负责任,1,贵A83M53,白,1,贵AA6566,红,路路达驾校（白云区）,未定义,2015/3/5 0:00,2013/11/22 0:00,丰田牌,嘉陵,364566000000000000 ,364568000000000000 ,198911,198709,8,3,4,工作日,早高峰(7-9点),2015-04-02,2015年4月2日,多云 /多云,30℃ / 18℃,南风 ≤3级 /南风 ≤3级,多云,多云,30,18,南风,≤3级,南风,≤3级,day
2015-04-01 22:30:00,大关,7、未按规定让行的 ,负全部责任,不负责任,1,贵GAA344,黄,1,贵A29R71,红,-1,自培,-1,2011/9/4 0:00,精灵,梅赛德斯-奔驰牌,36845500000000000 ,364547000000000000 ,197202,199111,22,2,4,工作日,非高峰,2015-04-01,2015年4月1日,多云 /多云,29℃ / 19℃,南风 ≤3级 /南风 ≤3级,多云,多云,29,19,南风,≤3级,南风,≤3级,night
2015-04-02 08:30:00,林城西路,9、不符合前8款规定或者双方同时具有上述情形的,负同等责任,负同等责任,0,贵AX6081,银,1,贵ASW294,白,自培,新天驾校,2003/6/13 0:00,2011/4/22 0:00,奇瑞牌,丰田牌,364557000000000000 ,554544000000000000 ,197808,197206,8,3,4,工作日,早高峰(7-9点),2015-04-02,2015年4月2日,多云 /多云,30℃ / 18℃,南风 ≤3级 /南风 ≤3级,多云,多云,30,18,南风,≤3级,南风,≤3级,day
2015-04-02 08:51:00,北京西路,8、依法应负全责的其他情形,负全部责任,不负责任,1,贵AU7392,蓝,0,冀F73480,白,贵州省长安驾驶培训学校,金大驾校,2010/12/10 0:00,2014/9/11 0:00,凌肯牌,东风雪铁龙牌,366368000000000000 ,364547000000000000 ,197711,198703,8,3,4,工作日,早高峰(7-9点),2015-04-02,2015年4月2日,多云 /多云,30℃ / 18℃,南风 ≤3级 /南风 ≤3级,多云,多云,30,18,南风,≤3级,南风,≤3级,day
2015-04-02 08:00:00,美的林城,3、倒车的,负全部责任,不负责任,0,贵AR4252,银,1,贵GY1973,红,（花溪区）高新十七驾驶培训有限公司,全林驾校,2008/6/4 0:00,2014/12/16 0:00,轰轰烈牌,雪佛兰牌,366066000000000000 ,366767000000000000 ,196912,198110,8,3,4,工作日,早高峰(7-9点),2015-04-02,2015年4月2日,多云 /多云,30℃ / 18℃,南风 ≤3级 /南风 ≤3级,多云,多云,30,18,南风,≤3级,南风,≤3级,day
2015-04-02 08:20:00,延安西路,1、追尾的,负全部责任,不负责任,1,贵A84F24,黑,1,贵AU5559,银,自培,消防驾校,2010/4/28 0:00,2003/4/25 0:00,起亚牌,金马牌,364548000000000000 ,366367000000000000 ,198803,197607,8,3,4,工作日,早高峰(7-9点),2015-04-02,2015年4月2日,多云 /多云,30℃ / 18℃,南风 ≤3级 /南风 ≤3级,多云,多云,30,18,南风,≤3级,南风,≤3级,day
2015-04-02 09:00:00,长岭南路,1、追尾的,负全部责任,不负责任,1,贵A46L54,白,1,贵A6485H,银,（白云区）消防驾驶培训学校,-1,2009/1/22 0:00,-1,长城牌,长城牌,36455751915655405X,366564000000000000 ,198912,198505,9,3,4,工作日,早高峰(7-9点),2015-04-02,2015年4月2日,多云 /多云,30℃ / 18℃,南风 ≤3级 /南风 ≤3级,多云,多云,30,18,南风,≤3级,南风,≤3级,day
2015-04-02 09:00:00,中曹司大桥,9、不符合前8款规定或者双方同时具有上述情形的,负同等责任,负同等责任,1,贵A99110,白色,1,贵A4BN34,白色,自培,-1,2013/12/13 0:00,-1,大众牌,雪佛兰牌,364551000000000000 ,354864000000000000 ,198710,198104,9,3,4,工作日,早高峰(7-9点),2015-04-02,2015年4月2日,多云 /多云,30℃ / 18℃,南风 ≤3级 /南风 ≤3级,多云,多云,30,18,南风,≤3级,南风,≤3级,day
2015-04-02 09:40:00,北二环,7、未按规定让行的 ,负全部责任,不负责任,1,贵A44J89,白,1,贵AB255G,银,-1,新天驾校,-1,2013/5/29 0:00,一汽牌,解放牌,356170000000000000 ,364556000000000000 ,196812,198703,9,3,4,工作日,早高峰(7-9点),2015-04-02,2015年4月2日,多云 /多云,30℃ / 18℃,南风 ≤3级 /南风 ≤3级,多云,多云,30,18,南风,≤3级,南风,≤3级,day
2015-04-02 10:20:00,延安西路,7、未按规定让行的 ,负全部责任,不负责任,1,贵AB1944,白,1,贵AU0282,蓝,-1,消防驾校,-1,2002/8/15 0:00,欧蓝德,嘉陵牌,364547000000000000 ,364547000000000000 ,196504,198309,10,3,4,工作日,非高峰,2015-04-02,2015年4月2日,多云 /多云,30℃ / 18℃,南风 ≤3级 /南风 ≤3级,多云,多云,30,18,南风,≤3级,南风,≤3级,day
2015-04-02 08:50:00,贵阳一中,7、未按规定让行的 ,负全部责任,不负责任,1,贵AA939X,银,0,贵GR1668,银,黔南州黔匀汽车驾驶培训学校,蓝天驾校,-1,2008/8/5 0:00,海马牌,东风日产牌,364556000000000000 ,354661000000000000 ,199107,197905,8,3,4,工作日,早高峰(7-9点),2015-04-02,2015年4月2日,多云 /多云,30℃ / 18℃,南风 ≤3级 /南风 ≤3级,多云,多云,30,18,南风,≤3级,南风,≤3级,day
2015-04-02 09:40:00,解放路,7、未按规定让行的 ,负全部责任,不负责任,1,贵AG8882,银,1,贵DPX867,银,-1,-1,0001-01-01 00:00:00,-1,雷斯特,-1,344546000000000 ,554536000000000000 ,680304,196212,9,3,4,工作日,早高峰(7-9点),2015-04-02,2015年4月2日,多云 /多云,30℃ / 18℃,南风 ≤3级 /南风 ≤3级,多云,多云,30,18,南风,≤3级,南风,≤3级,day
2015-04-02 09:50:00,大营坡,1、追尾的,负全部责任,不负责任,1,贵O04999,白,1,贵ATJ709,白,天行健驾校（修文县）,铁二局驾校,2006/10/18 0:00,1993/3/7 0:00,-1,威志牌,366361000000000000 ,36454651204341405X,198303,196405,9,3,4,工作日,早高峰(7-9点),2015-04-02,2015年4月2日,多云 /多云,30℃ / 18℃,南风 ≤3级 /南风 ≤3级,多云,多云,30,18,南风,≤3级,南风,≤3级,day
2015-04-02 08:15:00,黄河路,8、依法应负全责的其他情形,负全部责任,不负责任,1,贵JBZ361,白色,1,贵A85K75,白色,吉源驾校,铁二局驾校,2014/7/20 0:00,2012/1/13 0:00,金杯牌,东风雪铁龙牌,366663000000000000 ,364548000000000000 ,198401,196211,8,3,4,工作日,早高峰(7-9点),2015-04-02,2015年4月2日,多云 /多云,30℃ / 18℃,南风 ≤3级 /南风 ≤3级,多云,多云,30,18,南风,≤3级,南风,≤3级,day
2015-04-02 08:07:00,白云7小,1、追尾的,负全部责任,不负责任,1,贵AA075M,黄,1,贵A5733B,白,贵州现代驾驶培训责任有限公司,自培,2012/6/26 0:00,2006/7/20 0:00,北京现代牌,吉利牌,364558000000000000 ,366363000000000000 ,198907,198410,8,3,4,工作日,早高峰(7-9点),2015-04-02,2015年4月2日,多云 /多云,30℃ / 18℃,南风 ≤3级 /南风 ≤3级,多云,多云,30,18,南风,≤3级,南风,≤3级,day
2015-04-02 09:00:00,北京西路,7、未按规定让行的 ,负全部责任,不负责任,0,贵AJ6451,黑,1,贵A9960,黑,省交校,十一培,2013/7/23 0:00,1998/6/26 0:00,雅奇牌,-1,364557000000000000 ,36456551824162225X,196508,197609,9,3,4,工作日,早高峰(7-9点),2015-04-02,2015年4月2日,多云 /多云,30℃ / 18℃,南风 ≤3级 /南风 ≤3级,多云,多云,30,18,南风,≤3级,南风,≤3级,day
2015-04-02 08:20:00,北京西路,1、追尾的,负全部责任,不负责任,1,贵A19W55,银,1,贵AAX135,银,（乌当区）平安驾驶培训有限公司,十一培,2007/12/28 0:00,1994/10/25 0:00,大众牌,奇瑞牌,344667000000000000 ,364646000000000000 ,198708,197103,8,3,4,工作日,早高峰(7-9点),2015-04-02,2015年4月2日,多云 /多云,30℃ / 18℃,南风 ≤3级 /南风 ≤3级,多云,多云,30,18,南风,≤3级,南风,≤3级,day
2015-04-01 20:08:00,北衙路,3、倒车的,负全部责任,不负责任,1,贵JN0213,红,1,贵ADW037,银,全林驾校,十一培,2013/11/21 0:00,1997/8/28 0:00,吉利牌,比亚迪牌,364557000000000000 ,364557000000000000 ,197704,197306,20,2,4,工作日,非高峰,2015-04-01,2015年4月1日,多云 /多云,29℃ / 19℃,南风 ≤3级 /南风 ≤3级,多云,多云,29,19,南风,≤3级,南风,≤3级,night
2015-04-02 08:35:00,大营坡,1、追尾的,负全部责任,不负责任,1,贵A11B62,白,1,贵ARC293,银,-1,十一培,-1,1991/6/13 0:00,东风日产牌,红旗牌,361476000000000000 ,364548000000000000 ,197209,196204,8,3,4,工作日,早高峰(7-9点),2015-04-02,2015年4月2日,多云 /多云,30℃ / 18℃,南风 ≤3级 /南风 ≤3级,多云,多云,30,18,南风,≤3级,南风,≤3级,day
2015-04-02 08:30:00,北二环,1、追尾的,负全部责任,不负责任,1,贵A7BZ18,白,1,贵A32X67,银,十一培,十一培,1995/4/30 0:00,1995/1/22 0:00,翼虎牌,东风标致牌,364546000000000 ,364547000000000000 ,690527,195909,8,3,4,工作日,早高峰(7-9点),2015-04-02,2015年4月2日,多云 /多云,30℃ / 18℃,南风 ≤3级 /南风 ≤3级,多云,多云,30,18,南风,≤3级,南风,≤3级,day
2015-04-02 08:15:00,筑城广场,7、未按规定让行的 ,负全部责任,不负责任,0,贵A71L96,黑,1,贵AU8307,绿,铁二局驾校,自培,2011/12/16 0:00,2007/12/24 0:00,马自达牌,劲隆牌,364548000000000000 ,74667500000000000 ,197708,198611,8,3,4,工作日,早高峰(7-9点),2015-04-02,2015年4月2日,多云 /多云,30℃ / 18℃,南风 ≤3级 /南风 ≤3级,多云,多云,30,18,南风,≤3级,南风,≤3级,day
2015-04-02 08:02:00,白云区,3、倒车的,负全部责任,不负责任,1,贵ACX879,黑,1,贵AS4704,黑,（白云区）景宏驾驶培训有限公司,自培,2009/6/19 0:00,2002/9/9 0:00,长安,东风雪铁龙牌,366864000000000000 ,364558000000000000 ,198109,198405,8,3,4,工作日,早高峰(7-9点),2015-04-02,2015年4月2日,多云 /多云,30℃ / 18℃,南风 ≤3级 /南风 ≤3级,多云,多云,30,18,南风,≤3级,南风,≤3级,day
2015-04-02 10:21:00,花溪大水沟,1、追尾的,负全部责任,不负责任,1,贵AJN466,白色,1,贵A88A14,白色,（南明区）市交通职业技术驾驶培训学校,自培,2009/10/14 0:00,2001/4/11 0:00,五菱牌,雪佛兰牌,357267000000000000 ,364547000000000000 ,197912,196704,10,3,4,工作日,非高峰,2015-04-02,2015年4月2日,多云 /多云,30℃ / 18℃,南风 ≤3级 /南风 ≤3级,多云,多云,30,18,南风,≤3级,南风,≤3级,day
2015-04-02 08:45:00,白云区,7、未按规定让行的 ,负全部责任,不负责任,1,贵A98604,银,1,贵A87L65,蓝,自培,自培,2004/7/1 0:00,2007/6/22 0:00,五征牌,福特牌,354668000000000000 ,364558000000000000 ,198105,197705,8,3,4,工作日,早高峰(7-9点),2015-04-02,2015年4月2日,多云 /多云,30℃ / 18℃,南风 ≤3级 /南风 ≤3级,多云,多云,30,18,南风,≤3级,南风,≤3级,day
2015-04-02 08:15:00,中坝立交,7、未按规定让行的 ,负全部责任,不负责任,1,贵A9713P,白色,1,贵GL7843,白色,自培,蓝天驾校,-1,2013/3/5 0:00,长安牌,大众牌,366061000000000000 ,36455751964552726X,198903,198201,8,3,4,工作日,早高峰(7-9点),2015-04-02,2015年4月2日,多云 /多云,30℃ / 18℃,南风 ≤3级 /南风 ≤3级,多云,多云,30,18,南风,≤3级,南风,≤3级,day
2015-04-02 10:20:00,白云区,1、追尾的,负全部责任,不负责任,1,贵A6BL28,黑,1,贵AKN921,银,（白云区）消防驾驶培训学校,消防驾校,2006/7/31 0:00,2011/5/17 0:00,福特锐界,起亚牌,364558000000000000 ,364558000000000000 ,198806,196607,10,3,4,工作日,非高峰,2015-04-02,2015年4月2日,多云 /多云,30℃ / 18℃,南风 ≤3级 /南风 ≤3级,多云,多云,30,18,南风,≤3级,南风,≤3级,day
2015-04-02 08:30:00,世纪城,4、停车时未挂低速档、未拉驻车制动，导致车辆滑行的,负全部责任,不负责任,1,贵FR7749,白,1,贵SZ118,黑,自培,-1,2007/2/15 0:00,-1,东风标致牌,-1,366067000000000000 ,3645560000000000 ,197312,198009,8,3,4,工作日,早高峰(7-9点),2015-04-02,2015年4月2日,多云 /多云,30℃ / 18℃,南风 ≤3级 /南风 ≤3级,多云,多云,30,18,南风,≤3级,南风,≤3级,day
2015-04-02 09:40:00,枣山路,7、未按规定让行的 ,负全部责任,不负责任,1,贵A16S53,银,1,贵CHW205,银,520134,贵州省长安驾驶培训学校,2003/10/21 0:00,2012/9/13 0:00,吉利美日牌,长城牌,366064000000000000 ,366576000000000000 ,196608,199109,9,3,4,工作日,早高峰(7-9点),2015-04-02,2015年4月2日,多云 /多云,30℃ / 18℃,南风 ≤3级 /南风 ≤3级,多云,多云,30,18,南风,≤3级,南风,≤3级,day
2015-04-02 11:20:00,花果园大街,7、未按规定让行的 ,负全部责任,不负责任,1,贵JAT382,白色,1,贵A0BZ69,白色,新华驾校,-1,2012/7/24 0:00,-1,东风标致牌,长安牌,364556000000000000 ,356167000000000 ,199106,641005,11,3,4,工作日,非高峰,2015-04-02,2015年4月2日,多云 /多云,30℃ / 18℃,南风 ≤3级 /南风 ≤3级,多云,多云,30,18,南风,≤3级,南风,≤3级,day
2015-04-02 11:40:00,金关,7、未按规定让行的 ,负全部责任,不负责任,1,贵A3337K,白,1,贵A960A3,白,-1,遵义市大刚机动车驾驶人培训有限公司,-1,-1,欧铃牌,江淮牌,76160500000000000 ,356669000000000000 ,197104,197511,11,3,4,工作日,非高峰,2015-04-02,2015年4月2日,多云 /多云,30℃ / 18℃,南风 ≤3级 /南风 ≤3级,多云,多云,30,18,南风,≤3级,南风,≤3级,day
2015-04-02 10:53:00,花二道,9、不符合前8款规定或者双方同时具有上述情形的,负同等责任,负同等责任,1,贵AEX768,白色,1,鄂B9C124,白色,自培,-1,2004/12/28 0:00,-1,福特牌,北京现代牌 ,364547000000000000 ,6466520000000000 ,198603,981081,10,3,4,工作日,非高峰,2015-04-02,2015年4月2日,多云 /多云,30℃ / 18℃,南风 ≤3级 /南风 ≤3级,多云,多云,30,18,南风,≤3级,南风,≤3级,day
2015-04-02 11:00:00,金珠西路,1、追尾的,负全部责任,不负责任,1,贵AU1643,绿,1,贵A43N94,蓝,（南明区）阳光驾驶培训有限公司,自培,2007/7/17 0:00,-1,国威牌,奇瑞牌,364596000000000000 ,366567000000000000 ,198803,197609,11,3,4,工作日,非高峰,2015-04-02,2015年4月2日,多云 /多云,30℃ / 18℃,南风 ≤3级 /南风 ≤3级,多云,多云,30,18,南风,≤3级,南风,≤3级,day
2015-04-02 12:20:00,金阳南路,1、追尾的,负全部责任,不负责任,1,贵A52J91,白,1,贵AM1606,红,诚信驾驶培训学校,-1,2011/4/19 0:00,-1,江铃全顺牌,双庆牌,74367500000000000 ,364547000000 ,198110,6471,12,3,4,工作日,非高峰,2015-04-02,2015年4月2日,多云 /多云,30℃ / 18℃,南风 ≤3级 /南风 ≤3级,多云,多云,30,18,南风,≤3级,南风,≤3级,day
2015-04-02 10:20:00,金阳,1、追尾的,负全部责任,不负责任,1,贵AX6583,黑,1,贵GH7189,银,-1,大地驾校,-1,2005/12/21 0:00,别克牌,吉利牌,366361000000000000 ,366061000000000000 ,198108,198606,10,3,4,工作日,非高峰,2015-04-02,2015年4月2日,多云 /多云,30℃ / 18℃,南风 ≤3级 /南风 ≤3级,多云,多云,30,18,南风,≤3级,南风,≤3级,day
2015-04-02 13:25:00,白云区,1、追尾的,负全部责任,不负责任,1,贵ASB161,银,1,贵A6BL28,黑,铁二局驾校,消防驾校,1999/6/23 0:00,2006/7/31 0:00,红旗牌,福特锐界,366367000000000000 ,364558000000000000 ,198110,198806,13,3,4,工作日,非高峰,2015-04-02,2015年4月2日,多云 /多云,30℃ / 18℃,南风 ≤3级 /南风 ≤3级,多云,多云,30,18,南风,≤3级,南风,≤3级,day
2015-04-02 11:00:00,水利勘察设计院,1、追尾的,负全部责任,不负责任,1,贵G7922学,黑色,1,川E10523,白色,-1,-1,-1,-1,-1,长安牌 ,366373000000000000 ,354366000000000000 ,198011,198902,11,3,4,工作日,非高峰,2015-04-02,2015年4月2日,多云 /多云,30℃ / 18℃,南风 ≤3级 /南风 ≤3级,多云,多云,30,18,南风,≤3级,南风,≤3级,day
2015-04-02 11:00:00,花溪,1、追尾的,负全部责任,不负责任,1,贵AR9319,白色,1,贵ASK238,白色,自培,-1,1996/5/30 0:00,-1,本田牌,长安牌,364547000000000000 ,3663615127436845X,195211,196305,11,3,4,工作日,非高峰,2015-04-02,2015年4月2日,多云 /多云,30℃ / 18℃,南风 ≤3级 /南风 ≤3级,多云,多云,30,18,南风,≤3级,南风,≤3级,day
2015-04-02 10:00:00,花二道,1、追尾的,负全部责任,不负责任,1,渝BF1999,白色,1,贵AN4155,白色,自培,-1,2001/12/4 0:00,-1,无,钱江牌,366568000000000000 ,366876000000000000 ,197810,196907,10,3,4,工作日,非高峰,2015-04-02,2015年4月2日,多云 /多云,30℃ / 18℃,南风 ≤3级 /南风 ≤3级,多云,多云,30,18,南风,≤3级,南风,≤3级,day
2015-04-02 13:00:00,商贸城,7、未按规定让行的 ,负同等责任,负同等责任,1,贵A7895Z,蓝,1,贵A8838N,银,自培,诚信驾驶培训学校,2004/4/30 0:00,2013/9/16 0:00,五菱牌,金旅牌,364557000000000000 ,366669000000000000 ,197801,196703,13,3,4,工作日,非高峰,2015-04-02,2015年4月2日,多云 /多云,30℃ / 18℃,南风 ≤3级 /南风 ≤3级,多云,多云,30,18,南风,≤3级,南风,≤3级,day
2015-04-02 11:00:00,西南环线,1、追尾的,负全部责任,不负责任,1,贵A81J89,白色,1,贵A9270J,白色,自培,鑫鑫驾校,2002/4/27 0:00,2011/12/8 0:00,东风标致牌,解放牌,36654551955456600X,366663000000000000 ,198110,196712,11,3,4,工作日,非高峰,2015-04-02,2015年4月2日,多云 /多云,30℃ / 18℃,南风 ≤3级 /南风 ≤3级,多云,多云,30,18,南风,≤3级,南风,≤3级,day
2015-04-02 13:00:00,头桥,7、未按规定让行的 ,负全部责任,不负责任,1,贵AU5301,绿,1,贵AU7850,蓝,-1,十一培,-1,1999/4/27 0:00,迎客牌,喜马牌,16456651995543055X,364547000000000000 ,198811,196902,13,3,4,工作日,非高峰,2015-04-02,2015年4月2日,多云 /多云,30℃ / 18℃,南风 ≤3级 /南风 ≤3级,多云,多云,30,18,南风,≤3级,南风,≤3级,day
2015-04-02 10:30:00,中天,7、未按规定让行的 ,负全部责任,不负责任,1,贵AE7629,银,1,贵A77M24,银,（乌当区）新天驾驶培训有限公司,十一培,2004/12/27 0:00,1995/7/18 0:00,飞度牌,飞驰,364548000000000000 ,364548000000000000 ,196103,197011,10,3,4,工作日,非高峰,2015-04-02,2015年4月2日,多云 /多云,30℃ / 18℃,南风 ≤3级 /南风 ≤3级,多云,多云,30,18,南风,≤3级,南风,≤3级,day
2015-04-02 10:00:00,沙冲南路,7、未按规定让行的 ,负全部责任,不负责任,1,贵AU7232,白色,1,贵AV6917,白色,自培,十一培,2002/11/27 0:00,1990/7/16 0:00,豪爵牌,力之星牌,364548000000000000 ,364547000000000000 ,196112,197104,10,3,4,工作日,非高峰,2015-04-02,2015年4月2日,多云 /多云,30℃ / 18℃,南风 ≤3级 /南风 ≤3级,多云,多云,30,18,南风,≤3级,南风,≤3级,day
2015-04-02 08:10:00,民族大学,3、倒车的,负全部责任,不负责任,1,贵A67B72,白色,1,贵A47E43,白色,顺一驾驶培训学校,自培,2011/9/8 0:00,2007/4/26 0:00,奇瑞牌,奥迪牌,364556000000000000 ,366064000000000000 ,197908,198610,8,3,4,工作日,早高峰(7-9点),2015-04-02,2015年4月2日,多云 /多云,30℃ / 18℃,南风 ≤3级 /南风 ≤3级,多云,多云,30,18,南风,≤3级,南风,≤3级,day
2015-04-02 10:00:00,金龙国际,3、倒车的,负全部责任,不负责任,1,贵AYY830,银,1,贵ANC222,黑,（乌当区）新天驾驶培训有限公司,自培,2009/1/7 0:00,2004/4/13 0:00,北京现代牌,昂科雷,366567000000000000 ,366346000000000000 ,197111,198312,10,3,4,工作日,非高峰,2015-04-02,2015年4月2日,多云 /多云,30℃ / 18℃,南风 ≤3级 /南风 ≤3级,多云,多云,30,18,南风,≤3级,南风,≤3级,day
2015-04-02 09:20:00,长岭南路,1、追尾的,负全部责任,不负责任,1,贵GH3749,白,1,贵AU0874,蓝,（观山湖区）诚信驾驶培训有限公司,自培,2008/7/31 0:00,2004/9/13 0:00,东风标致牌,五羊牌,26674551924774575X,74867500000000000 ,198603,197610,9,3,4,工作日,早高峰(7-9点),2015-04-02,2015年4月2日,多云 /多云,30℃ / 18℃,南风 ≤3级 /南风 ≤3级,多云,多云,30,18,南风,≤3级,南风,≤3级,day
2015-04-02 09:20:00,花溪平桥,7、未按规定让行的 ,负全部责任,不负责任,1,贵ANU927,黑色,1,贵A81E92,白色,自培,自培,2002/4/12 0:00,2006/5/30 0:00,迈腾牌,长城牌,364548000000000000 ,364568000000000000 ,196304,198503,9,3,4,工作日,早高峰(7-9点),2015-04-02,2015年4月2日,多云 /多云,30℃ / 18℃,南风 ≤3级 /南风 ≤3级,多云,多云,30,18,南风,≤3级,南风,≤3级,day
2015-04-02 10:30:00,师大,7、未按规定让行的 ,负全部责任,不负责任,1,贵ER2771,黄,1,贵A9BG23,黄,-1,蓝天驾校,-1,2012/12/18 0:00,大众汽车牌,大众汽车牌,366769000000000000 ,364548000000000000 ,196908,198709,10,3,4,工作日,非高峰,2015-04-02,2015年4月2日,多云 /多云,30℃ / 18℃,南风 ≤3级 /南风 ≤3级,多云,多云,30,18,南风,≤3级,南风,≤3级,day
2015-04-02 14:20:00,居然之家,3、倒车的,负全部责任,不负责任,0,渝A24H99,黑,1,贵A13G86,红,-1,青正驾校,-1,2014/4/2 0:00,东风日产牌,广汽菲亚特牌,354668000000000000 ,364596000000000000 ,196909,198906,14,3,4,工作日,非高峰,2015-04-02,2015年4月2日,多云 /多云,30℃ / 18℃,南风 ≤3级 /南风 ≤3级,多云,多云,30,18,南风,≤3级,南风,≤3级,day
2015-04-02 16:02:00,金阳医院,9、不符合前8款规定或者双方同时具有上述情形的,负同等责任,负同等责任,1,贵AN6685,银,1,贵A0589Z,白,（乌当区）新华驾驶培训有限公司,贵州平安驾驶培训学校,2007/2/13 0:00,2012/4/27 0:00,五菱牌,大众牌,366767000000000000 ,366669000000000000 ,198309,199005,16,3,4,工作日,非高峰,2015-04-02,2015年4月2日,多云 /多云,30℃ / 18℃,南风 ≤3级 /南风 ≤3级,多云,多云,30,18,南风,≤3级,南风,≤3级,day
2015-04-02 14:00:00,大南门,1、追尾的,负全部责任,不负责任,1,贵A01002,白色,1,贵AVA049,白色,自培,金大驾校,2006/4/12 0:00,2008/12/29 0:00,丰田,迈特威牌,366067000000000000 ,36454651275449705X,197401,196310,14,3,4,工作日,非高峰,2015-04-02,2015年4月2日,多云 /多云,30℃ / 18℃,南风 ≤3级 /南风 ≤3级,多云,多云,30,18,南风,≤3级,南风,≤3级,day
2015-04-02 10:57:00,长岭北路,1、追尾的,负全部责任,不负责任,1,贵HT1879,银,1,贵AB752N,白,自培,时发驾校,-1,2014/11/10 0:00,东风牌,福克斯牌,57617451914052738X,364558000000000000 ,198904,198901,10,3,4,工作日,非高峰,2015-04-02,2015年4月2日,多云 /多云,30℃ / 18℃,南风 ≤3级 /南风 ≤3级,多云,多云,30,18,南风,≤3级,南风,≤3级,day
2015-04-02 16:00:00,苗圃二号隧道,1、追尾的,负全部责任,不负责任,1,贵A48J59,白色,1,贵A62B26,白色,阳光驾校,贵阳金马驾驶培训有限公司,2013/1/22 0:00,2001/12/25 0:00,大众牌,帕萨特牌,734967000000000000 ,366876000000000000 ,199102,197503,16,3,4,工作日,非高峰,2015-04-02,2015年4月2日,多云 /多云,30℃ / 18℃,南风 ≤3级 /南风 ≤3级,多云,多云,30,18,南风,≤3级,南风,≤3级,day
2015-04-02 16:10:00,白云区,1、追尾的,负全部责任,不负责任,1,贵AP2478,红,1,云A1098Q,黑,-1,-1,-1,-1,东宏牌,-1,366361000000000000 ,37454751264854447X,196662,196207,16,3,4,工作日,非高峰,2015-04-02,2015年4月2日,多云 /多云,30℃ / 18℃,南风 ≤3级 /南风 ≤3级,多云,多云,30,18,南风,≤3级,南风,≤3级,day
2015-04-02 15:30:00,花果园,1、追尾的,负全部责任,不负责任,1,贵JM0135,白色,1,贵A79L46,白色,-1,长运驾校,-1,2014/5/6 0:00,五菱牌,夏利牌,366876000000000000 ,364547000000000000 ,198210,197311,15,3,4,工作日,非高峰,2015-04-02,2015年4月2日,多云 /多云,30℃ / 18℃,南风 ≤3级 /南风 ≤3级,多云,多云,30,18,南风,≤3级,南风,≤3级,day
2015-04-02 17:10:00,市北路,7、未按规定让行的 ,负全部责任,不负责任,1,渝BDD969,红,1,贵AU0279,绿,-1,顺一驾驶培训学校,-1,2011/5/20 0:00,起亚牌,奇瑞牌,354670000000000000 ,364551000000000000 ,196909,197308,17,3,4,工作日,晚高峰(17-19点),2015-04-02,2015年4月2日,多云 /多云,30℃ / 18℃,南风 ≤3级 /南风 ≤3级,多云,多云,30,18,南风,≤3级,南风,≤3级,day
2015-04-02 13:50:00,中曹红绿灯,8、依法应负全责的其他情形,负全部责任,不负责任,1,贵A29852,白色,1,贵HV9554,白色,自培,-1,2003/12/3 0:00,-1,隆鑫牌,五菱牌,366566000000000000 ,366064000000000000 ,198206,198809,13,3,4,工作日,非高峰,2015-04-02,2015年4月2日,多云 /多云,30℃ / 18℃,南风 ≤3级 /南风 ≤3级,多云,多云,30,18,南风,≤3级,南风,≤3级,day
2015-04-02 11:00:00,云环路,8、依法应负全责的其他情形,负全部责任,不负责任,1,贵AUA454,黄,1,贵A87726,蓝,（白云区）消防驾驶培训学校,自培,2009/12/21 0:00,2003/6/16 0:00,吉利美日牌,王牌牌,364648000000000000 ,366064000000000000 ,198312,198412,11,3,4,工作日,非高峰,2015-04-02,2015年4月2日,多云 /多云,30℃ / 18℃,南风 ≤3级 /南风 ≤3级,多云,多云,30,18,南风,≤3级,南风,≤3级,day
2015-04-02 16:30:00,花果园,1、追尾的,负全部责任,不负责任,1,贵AV1032,黑色,1,贵A59L85,白色,自培,贵州晨运驾驶培训学校,2006/7/7 0:00,2010/10/25 0:00,银翔牌,东风标致牌,366064000000000000 ,364548000000000000 ,197209,198811,16,3,4,工作日,非高峰,2015-04-02,2015年4月2日,多云 /多云,30℃ / 18℃,南风 ≤3级 /南风 ≤3级,多云,多云,30,18,南风,≤3级,南风,≤3级,day