accidenttime,accidentaddr,driver1fault,driver1responsibility,driver2responsibility,sex1,platenumber1,carcolor1,sex2,platenumber2,carcolor2,jxmc1,jxmc2,cclzrq1,cclzrq2,clpp1,clpp2,driver1license,driver2license,brith1,brith2,hour,weekday,month,is_weekday,peak_hour,date,日期,天气状况,气温,风力风向,day_wea,night_wea,day_tep,night_tep,day_wind_direction,day_wind_speed,night_wind_direction,night_wind_speed,segment
2015-04-02 16:00:00,金清大道,8、依法应负全责的其他情形,负全部责任,不负责任,1,贵AR6556,黑,1,贵A3Q278,蓝,自培,-1,2004/4/16 0:00,-1,嘉陵牌,五菱牌,36636651314849897X,786167000000000000 ,195907,196802,16,3,4,工作日,非高峰,2015-04-02,2015年4月2日,多云 /多云,30℃ / 18℃,南风 ≤3级 /南风 ≤3级,多云,多云,30,18,南风,≤3级,南风,≤3级,day
2015-04-02 10:50:00,商贸城,1、追尾的,负全部责任,不负责任,1,贵GY5635,黑,1,贵AU0686,黄,-1,十一培,-1,1995/12/6 0:00,雪佛兰牌,豪爵牌,3645575114362695X,364547000000000000 ,199052,197112,10,3,4,工作日,非高峰,2015-04-02,2015年4月2日,多云 /多云,30℃ / 18℃,南风 ≤3级 /南风 ≤3级,多云,多云,30,18,南风,≤3级,南风,≤3级,day
2015-04-02 14:20:00,观山东路,1、追尾的,负全部责任,不负责任,1,渝FAB670,黑,1,贵A64N83,白,自培,十一培,2006/3/1 0:00,1995/10/10 0:00,欧蓝德,五菱牌,356667000000000000 ,364558000000000000 ,197204,197504,14,3,4,工作日,非高峰,2015-04-02,2015年4月2日,多云 /多云,30℃ / 18℃,南风 ≤3级 /南风 ≤3级,多云,多云,30,18,南风,≤3级,南风,≤3级,day
2015-04-02 13:00:00,花溪新政府前面,1、追尾的,负全部责任,不负责任,1,贵GP0485,白色,1,贵AHY609,白色,安顺市公共交通驾驶培训学校,自培,2012/7/11 0:00,2003/8/27 0:00,五菱牌,东风雪铁龙牌,366363000000000000 ,366367000000000000 ,198405,195207,13,3,4,工作日,非高峰,2015-04-02,2015年4月2日,多云 /多云,30℃ / 18℃,南风 ≤3级 /南风 ≤3级,多云,多云,30,18,南风,≤3级,南风,≤3级,day
2015-04-02 13:30:00,新添寨,7、未按规定让行的 ,负全部责任,不负责任,1,贵ATJ204,黑,1,贵JJ8975,白,（乌当区）全林驾驶培训有限公司,自培,2010/4/7 0:00,2006/9/14 0:00,雪佛兰科帕奇,丰田牌,364548000000000000 ,364547000000000000 ,195707,198612,13,3,4,工作日,非高峰,2015-04-02,2015年4月2日,多云 /多云,30℃ / 18℃,南风 ≤3级 /南风 ≤3级,多云,多云,30,18,南风,≤3级,南风,≤3级,day
2015-04-02 15:30:00,黎阳大道,7、未按规定让行的 ,负全部责任,不负责任,1,浙B553H9,白,1,贵A759警,银,-1,自培,-1,2002/10/18 0:00,五十铃,-1,36656900000000000 ,366664000000000000 ,197120,198111,15,3,4,工作日,非高峰,2015-04-02,2015年4月2日,多云 /多云,30℃ / 18℃,南风 ≤3级 /南风 ≤3级,多云,多云,30,18,南风,≤3级,南风,≤3级,day
2015-04-02 16:00:00,解放西路,7、未按规定让行的 ,负全部责任,不负责任,1,贵A24Z75,白色,1,贵ANC128,白色,自培,自培,1991/4/20 0:00,2012/4/11 0:00,夏利牌,长安牌,364548000000000000 ,366864000000000000 ,196405,198110,16,3,4,工作日,非高峰,2015-04-02,2015年4月2日,多云 /多云,30℃ / 18℃,南风 ≤3级 /南风 ≤3级,多云,多云,30,18,南风,≤3级,南风,≤3级,day
2015-04-02 13:00:00,碧海花园,7、未按规定让行的 ,负全部责任,不负责任,1,贵A9J811,银,1,贵ABR67,蓝,自培,自培,2014/8/28 0:00,2006/8/9 0:00,北京牌,-1,66646500000000000 ,36455651805452693X,199602,197410,13,3,4,工作日,非高峰,2015-04-02,2015年4月2日,多云 /多云,30℃ / 18℃,南风 ≤3级 /南风 ≤3级,多云,多云,30,18,南风,≤3级,南风,≤3级,day
2015-04-02 15:04:00,新村路口,1、追尾的,负全部责任,不负责任,1,豫PE5795,白色,1,贵A49934,白色,自培,自培,2000/11/1 0:00,2009/8/21 0:00,无,捷达,55067500000000000 ,366875000000000000 ,197903,198001,15,3,4,工作日,非高峰,2015-04-02,2015年4月2日,多云 /多云,30℃ / 18℃,南风 ≤3级 /南风 ≤3级,多云,多云,30,18,南风,≤3级,南风,≤3级,day
2015-04-02 18:00:00,白云区,8、依法应负全责的其他情形,负全部责任,不负责任,1,贵AUA489,黄,1,贵ATC648,红,自培,自培,2004/11/26 0:00,2004/10/13 0:00,吉利美日牌,雪佛兰牌,366368000000000000 ,366361000000000000 ,196911,198211,18,3,4,工作日,晚高峰(17-19点),2015-04-02,2015年4月2日,多云 /多云,30℃ / 18℃,南风 ≤3级 /南风 ≤3级,多云,多云,30,18,南风,≤3级,南风,≤3级,day
2015-04-02 18:20:00,白云区,8、依法应负全责的其他情形,负全部责任,不负责任,0,贵FS4159,白,1,川C29237,黄,蓝天驾校,-1,2015/2/4 0:00,-1,江铃牌,-1,366064000000000000 ,355547000000000000 ,198901,197711,18,3,4,工作日,晚高峰(17-19点),2015-04-02,2015年4月2日,多云 /多云,30℃ / 18℃,南风 ≤3级 /南风 ≤3级,多云,多云,30,18,南风,≤3级,南风,≤3级,day
2015-04-02 15:30:00,二浦,7、未按规定让行的 ,负全部责任,不负责任,1,贵CZ0644,白,0,贵A93V41,银,-1,（云岩区）公交（集团）驾驶培训有限公司,-1,-1,雪佛兰科帕奇,荣威牌,366566000000000000 ,65562500000000000 ,197510,198507,15,3,4,工作日,非高峰,2015-04-02,2015年4月2日,多云 /多云,30℃ / 18℃,南风 ≤3级 /南风 ≤3级,多云,多云,30,18,南风,≤3级,南风,≤3级,day
2015-04-02 21:00:00,黄河路,7、未按规定让行的 ,负全部责任,不负责任,1,贵AU7792,白色,1,贵JBA277,白色,无,-1,-1,-1,金龙牌,丰田牌,364548000000000000 ,354663000000000000 ,197007,197608,21,3,4,工作日,非高峰,2015-04-02,2015年4月2日,多云 /多云,30℃ / 18℃,南风 ≤3级 /南风 ≤3级,多云,多云,30,18,南风,≤3级,南风,≤3级,night
2015-04-02 17:00:00,都司路高架桥,7、未按规定让行的 ,负全部责任,不负责任,1,贵CLY880,白色,1,贵AUA057,白色,-1,时发驾校,-1,2011/3/7 0:00,吉利牌,丰田牌,366577000000000000 ,364556000000000000 ,198009,198709,17,3,4,工作日,晚高峰(17-19点),2015-04-02,2015年4月2日,多云 /多云,30℃ / 18℃,南风 ≤3级 /南风 ≤3级,多云,多云,30,18,南风,≤3级,南风,≤3级,day
2015-04-02 16:30:00,太慈桥,5、开关车门的,负全部责任,不负责任,0,贵A12264,黑,1,浙AE123X,黄,无,-1,2003/9/25 0:00,-1,豪爵牌,长安牌,364551000000000000 ,674549000000000000 ,198011,197609,16,3,4,工作日,非高峰,2015-04-02,2015年4月2日,多云 /多云,30℃ / 18℃,南风 ≤3级 /南风 ≤3级,多云,多云,30,18,南风,≤3级,南风,≤3级,day
2015-04-02 18:00:00,西二环,8、依法应负全责的其他情形,负全部责任,不负责任,1,贵A48R73,黑,1,贵A95043,白,自培,-1,2004/4/12 0:00,-1,大众汽车牌,江淮牌,364557000000000000 ,366362000000000000 ,197510,197402,18,3,4,工作日,晚高峰(17-19点),2015-04-02,2015年4月2日,多云 /多云,30℃ / 18℃,南风 ≤3级 /南风 ≤3级,多云,多云,30,18,南风,≤3级,南风,≤3级,day
2015-04-02 18:00:00,西二环,7、未按规定让行的 ,负全部责任,不负责任,1,闽A57C28,白色,1,贵A5220X,白色,-1,自培,-1,1996/7/5 0:00,马自达牌,长安牌,734596000000000000 ,364648000000000000 ,197505,197606,18,3,4,工作日,晚高峰(17-19点),2015-04-02,2015年4月2日,多云 /多云,30℃ / 18℃,南风 ≤3级 /南风 ≤3级,多云,多云,30,18,南风,≤3级,南风,≤3级,day
2015-04-02 16:30:00,花果园,7、未按规定让行的 ,负全部责任,不负责任,1,贵ANY532,白,1,贵A74993,白,-1,贵州省长安驾驶培训学校,-1,2012/1/12 0:00,梅赛德斯奔驰,大江,366563000000000000 ,366068000000000000 ,199002,198607,16,3,4,工作日,非高峰,2015-04-02,2015年4月2日,多云 /多云,30℃ / 18℃,南风 ≤3级 /南风 ≤3级,多云,多云,30,18,南风,≤3级,南风,≤3级,day
2015-04-02 18:20:00,服务大楼,7、未按规定让行的 ,负全部责任,不负责任,1,贵HT8855,白色,1,贵AAM128,白色,贵州省黔东南州金凯驾驶学校,520106,-1,2008/7/7 0:00,五菱牌,奥迪牌,366267000000000000 ,64263500000000000 ,198906,197602,18,3,4,工作日,晚高峰(17-19点),2015-04-02,2015年4月2日,多云 /多云,30℃ / 18℃,南风 ≤3级 /南风 ≤3级,多云,多云,30,18,南风,≤3级,南风,≤3级,day
2015-04-02 16:40:00,遵义路,7、未按规定让行的 ,负全部责任,不负责任,1,贵A2796A,白,0,贵A0AB72,白,-1,毕节地区新毕驾校,-1,-1,东风标致牌,宝马牌,36687600000000000 ,36604551824056406X,195040,197604,16,3,4,工作日,非高峰,2015-04-02,2015年4月2日,多云 /多云,30℃ / 18℃,南风 ≤3级 /南风 ≤3级,多云,多云,30,18,南风,≤3级,南风,≤3级,day
2015-04-02 19:18:00,新路口,1、追尾的,负全部责任,不负责任,0,云AG772L,红,1,贵AU8829,绿,-1,凤冈阳光驾校,-1,2008/11/7 0:00,松花江,富路牌,374569000000000000 ,366569000000000000 ,197510,198611,19,3,4,工作日,晚高峰(17-19点),2015-04-02,2015年4月2日,多云 /多云,30℃ / 18℃,南风 ≤3级 /南风 ≤3级,多云,多云,30,18,南风,≤3级,南风,≤3级,day
2015-04-02 21:00:00,钻石广场,7、未按规定让行的 ,负全部责任,不负责任,1,贵A5BE75,白色,1,贵A0BL59,白色,十一驾驶培训有限公司,金大驾校,2014/12/16 0:00,2014/5/20 0:00,北京现代牌,长城牌,366766000000000000 ,366566000000000000 ,196611,199308,21,3,4,工作日,非高峰,2015-04-02,2015年4月2日,多云 /多云,30℃ / 18℃,南风 ≤3级 /南风 ≤3级,多云,多云,30,18,南风,≤3级,南风,≤3级,night
2015-04-02 19:40:00,贵开路,8、依法应负全责的其他情形,负全部责任,不负责任,1,贵A23942,白,1,贵A5368G,白,无,十一驾驶培训有限公司,1999/1/14 0:00,2013/1/28 0:00,帕萨特,别克,364547000000000000 ,366347000000000000 ,195707,196712,19,3,4,工作日,晚高峰(17-19点),2015-04-02,2015年4月2日,多云 /多云,30℃ / 18℃,南风 ≤3级 /南风 ≤3级,多云,多云,30,18,南风,≤3级,南风,≤3级,day
2015-04-02 16:30:00,牛郎关,7、未按规定让行的 ,负全部责任,不负责任,1,贵J39569,白色,1,川A649LS,白色,自培,-1,2008/5/21 0:00,-1,五菱牌,丰田牌 ,366064000000000000 ,5365510000000000 ,197705,199006,16,3,4,工作日,非高峰,2015-04-02,2015年4月2日,多云 /多云,30℃ / 18℃,南风 ≤3级 /南风 ≤3级,多云,多云,30,18,南风,≤3级,南风,≤3级,day
2015-04-02 20:30:00,粑粑街,7、未按规定让行的 ,负全部责任,不负责任,1,贵AUA419,黄,1,贵A2BK67,白,自培,贵州晨运驾驶培训学校,2003/12/12 0:00,2011/12/13 0:00,吉利美日牌,起亚牌,366663000000000000 ,364568000000000000 ,197509,199102,20,3,4,工作日,非高峰,2015-04-02,2015年4月2日,多云 /多云,30℃ / 18℃,南风 ≤3级 /南风 ≤3级,多云,多云,30,18,南风,≤3级,南风,≤3级,night
2015-04-02 17:00:00,花果园桥下,7、未按规定让行的 ,负全部责任,不负责任,1,贵FH6860,白色,1,贵AKH184,白色,织金县织通驾驶培训学校,十一培,2013/12/17 0:00,1997/2/25 0:00,长安牌,思域牌,366064000000000000 ,364548000000000000 ,198401,196708,17,3,4,工作日,晚高峰(17-19点),2015-04-02,2015年4月2日,多云 /多云,30℃ / 18℃,南风 ≤3级 /南风 ≤3级,多云,多云,30,18,南风,≤3级,南风,≤3级,day
2015-04-02 17:20:00,解放路,7、未按规定让行的 ,负全部责任,不负责任,1,贵AE6243,白,1,贵ALA438,黄,-1,十一培,-1,1996/12/4 0:00,跃进牌,圣路牌,364544000000 ,364646000000000000 ,27988,197609,17,3,4,工作日,晚高峰(17-19点),2015-04-02,2015年4月2日,多云 /多云,30℃ / 18℃,南风 ≤3级 /南风 ≤3级,多云,多云,30,18,南风,≤3级,南风,≤3级,day
2015-04-02 16:00:00,新华路,8、依法应负全责的其他情形,负全部责任,不负责任,1,贵GP1515,白色,1,贵A69C52,白色,自培,十一培,2007/9/12 0:00,1993/5/10 0:00,福克斯牌,宝来牌,366663000000000000 ,366546000000000000 ,198401,197202,16,3,4,工作日,非高峰,2015-04-02,2015年4月2日,多云 /多云,30℃ / 18℃,南风 ≤3级 /南风 ≤3级,多云,多云,30,18,南风,≤3级,南风,≤3级,day
2015-04-02 16:15:00,新添大道,9、不符合前8款规定或者双方同时具有上述情形的,负同等责任,负同等责任,1,贵A86682,黄,1,贵HJD601,银,自培,十一培,2007/5/10 0:00,1999/8/12 0:00,隆鑫,-1,506868000000000000 ,364548000000000000 ,198605,195912,16,3,4,工作日,非高峰,2015-04-02,2015年4月2日,多云 /多云,30℃ / 18℃,南风 ≤3级 /南风 ≤3级,多云,多云,30,18,南风,≤3级,南风,≤3级,day
2015-04-02 17:20:00,瑞金北路,7、未按规定让行的 ,负全部责任,不负责任,1,贵ALC048,白,1,贵A3BC84,白,-1,自培,-1,2004/4/9 0:00,福特牌,宝马,369548000000000000 ,364548000000000000 ,195803,195603,17,3,4,工作日,晚高峰(17-19点),2015-04-02,2015年4月2日,多云 /多云,30℃ / 18℃,南风 ≤3级 /南风 ≤3级,多云,多云,30,18,南风,≤3级,南风,≤3级,day
2015-04-02 17:40:00,乌当区新天寨,7、未按规定让行的 ,负全部责任,不负责任,1,贵A8314P,白色,1,贵AS6923,白色,时发驾校,自培,2012/11/10 0:00,2005/2/5 0:00,大众汽车牌,五菱牌,364556000000000000 ,364557000000000000 ,196912,198411,17,3,4,工作日,晚高峰(17-19点),2015-04-02,2015年4月2日,多云 /多云,30℃ / 18℃,南风 ≤3级 /南风 ≤3级,多云,多云,30,18,南风,≤3级,南风,≤3级,day
2015-04-02 14:00:00,贵惠大道,1、追尾的,负全部责任,不负责任,1,贵ABJ006,白色,1,贵AX1513,白色,自培,自培,2013/1/28 0:00,2000/4/25 0:00,大众汽车牌,福克斯牌,364566000000000000 ,364551000000000000 ,198711,197712,14,3,4,工作日,非高峰,2015-04-02,2015年4月2日,多云 /多云,30℃ / 18℃,南风 ≤3级 /南风 ≤3级,多云,多云,30,18,南风,≤3级,南风,≤3级,day
2015-04-02 17:40:00,杨家山隧道,1、追尾的,负全部责任,不负责任,1,贵A668A8,银,1,贵AS5449,银,-1,自培,-1,2011/8/31 0:00,东风牌,千里马牌,364548000000000000 ,364547000000000000 ,199601,196209,17,3,4,工作日,晚高峰(17-19点),2015-04-02,2015年4月2日,多云 /多云,30℃ / 18℃,南风 ≤3级 /南风 ≤3级,多云,多云,30,18,南风,≤3级,南风,≤3级,day
2015-04-02 16:58:00,花果园,7、未按规定让行的 ,负全部责任,不负责任,1,贵A37831,白色,1,贵A24C66,白色,-1,黔东南州凯利汽车驾驶培训学校,-1,2010/8/24 0:00,豪爵牌,大众汽车牌,786969000000000000 ,364548000000000000 ,197712,198805,16,3,4,工作日,非高峰,2015-04-02,2015年4月2日,多云 /多云,30℃ / 18℃,南风 ≤3级 /南风 ≤3级,多云,多云,30,18,南风,≤3级,南风,≤3级,day
2015-04-03 07:26:00,望城坡,7、未按规定让行的 ,负全部责任,不负责任,1,贵JBJ841,白色,1,贵AK5497,白色,鑫鑫驾校,自培,2014/10/11 0:00,2001/9/12 0:00,荣威牌,解放,366862000000000000 ,366064000000000000 ,198012,197302,7,4,4,工作日,早高峰(7-9点),2015-04-03,2015年4月3日,多云 /多云,30℃ / 19℃,南风 ≤3级 /南风 ≤3级,多云,多云,30,19,南风,≤3级,南风,≤3级,day
2015-04-03 08:10:00,金阳北路,7、未按规定让行的 ,负全部责任,不负责任,1,贵A12K99,银,1,贵ANY479,银,-1,520136,-1,2010/12/7 0:00,马自达牌,北京现代牌,36454651875568696X,74367500000000000 ,197311,197304,8,4,4,工作日,早高峰(7-9点),2015-04-03,2015年4月3日,多云 /多云,30℃ / 19℃,南风 ≤3级 /南风 ≤3级,多云,多云,30,19,南风,≤3级,南风,≤3级,day
2015-04-03 08:00:00,瑞金中路,8、依法应负全责的其他情形,负全部责任,不负责任,0,贵AVL548,白,1,贵AH3712,白,（南明区）铁二局驾驶培训有限公司,自培,2005/6/9 0:00,2003/6/13 0:00,起亚牌,波罗,364646000000000000 ,364547000000000000 ,197803,196712,8,4,4,工作日,早高峰(7-9点),2015-04-03,2015年4月3日,多云 /多云,30℃ / 19℃,南风 ≤3级 /南风 ≤3级,多云,多云,30,19,南风,≤3级,南风,≤3级,day
2015-04-02 21:56:00,金狮小区,7、未按规定让行的 ,负全部责任,不负责任,1,贵A21R64,白色,1,贵A96F23,白色,-1,-1,-1,1972/12/6 0:00,大众牌,福特牌,364545000000 ,364547000000000000 ,756940,195007,21,3,4,工作日,非高峰,2015-04-02,2015年4月2日,多云 /多云,30℃ / 18℃,南风 ≤3级 /南风 ≤3级,多云,多云,30,18,南风,≤3级,南风,≤3级,night
2015-04-03 08:20:00,二戈寨,7、未按规定让行的 ,负全部责任,不负责任,1,贵A28C35,白色,1,贵A82L85,白色,文通驾校,贵州现代驾驶培训责任有限公司,2011/8/19 0:00,2012/8/16 0:00,雅阁牌,北京牌,364548000000000000 ,364596000000000000 ,199105,199111,8,4,4,工作日,早高峰(7-9点),2015-04-03,2015年4月3日,多云 /多云,30℃ / 19℃,南风 ≤3级 /南风 ≤3级,多云,多云,30,19,南风,≤3级,南风,≤3级,day
2015-04-03 08:08:00,长江路,7、未按规定让行的 ,负全部责任,不负责任,1,贵AWB563,白色,1,贵A4AU57,白色,文通驾校,顺一驾驶培训学校,2012/11/18 0:00,2010/9/26 0:00,蒙迪欧牌,起亚牌,364548000000000000 ,36604551904641445X,198903,198402,8,4,4,工作日,早高峰(7-9点),2015-04-03,2015年4月3日,多云 /多云,30℃ / 19℃,南风 ≤3级 /南风 ≤3级,多云,多云,30,19,南风,≤3级,南风,≤3级,day
2015-04-02 21:30:00,都司路,8、依法应负全责的其他情形,负全部责任,不负责任,1,贵JP9874,白色,1,贵D69912,白色,（南明区）贵工大驾驶培训有限公司,-1,2009/11/20 0:00,-1,北京现代牌,-1,377446000000000000 ,366666000000000000 ,198705,198810,21,3,4,工作日,非高峰,2015-04-02,2015年4月2日,多云 /多云,30℃ / 18℃,南风 ≤3级 /南风 ≤3级,多云,多云,30,18,南风,≤3级,南风,≤3级,night
2015-04-03 03:12:00,五里冲,9、不符合前8款规定或者双方同时具有上述情形的,负同等责任,负同等责任,1,贵AFW257,白,1,贵A22424,白,自培,-1,2000/8/15 0:00,-1,威乐牌,中联牌,366876000000000000 ,364458000000000000 ,196801,196505,3,4,4,工作日,非高峰,2015-04-03,2015年4月3日,多云 /多云,30℃ / 19℃,南风 ≤3级 /南风 ≤3级,多云,多云,30,19,南风,≤3级,南风,≤3级,night
2015-04-03 08:00:00,花溪,8、依法应负全责的其他情形,负全部责任,不负责任,1,贵A3300V,白色,1,贵FP6758,白色,自培,长运驾校,2002/4/24 0:00,2013/10/12 0:00,北京牌,北京牌,364556000000000000 ,364557000000000000 ,196909,199102,8,4,4,工作日,早高峰(7-9点),2015-04-03,2015年4月3日,多云 /多云,30℃ / 19℃,南风 ≤3级 /南风 ≤3级,多云,多云,30,19,南风,≤3级,南风,≤3级,day
2015-04-03 09:00:00,金竹镇,7、未按规定让行的 ,负全部责任,不负责任,1,贵AHH817,白色,1,贵JM9123,白色,自培,铁二局驾校,2004/5/30 0:00,2010/10/9 0:00,江淮牌,奥德赛,356168000000000000 ,366875000000000000 ,197006,197409,9,4,4,工作日,早高峰(7-9点),2015-04-03,2015年4月3日,多云 /多云,30℃ / 19℃,南风 ≤3级 /南风 ≤3级,多云,多云,30,19,南风,≤3级,南风,≤3级,day
2015-04-03 08:40:00,小河,1、追尾的,负全部责任,不负责任,1,贵A1595A,白色,1,贵A4234B,黑色,自培,贵州晨运驾驶培训学校,2003/9/9 0:00,2010/11/10 0:00,马自达牌,大众牌,364547000000000000 ,36687451984069583X,197805,198704,8,4,4,工作日,早高峰(7-9点),2015-04-03,2015年4月3日,多云 /多云,30℃ / 19℃,南风 ≤3级 /南风 ≤3级,多云,多云,30,19,南风,≤3级,南风,≤3级,day
2015-04-02 19:40:00,黄河路,7、未按规定让行的 ,负全部责任,不负责任,1,浙B8EU97,白色,1,贵AHC985,白色,-1,十一培,-1,1999/8/11 0:00,长安牌,福克斯牌,356746000000000000 ,364548000000000000 ,186902,197508,19,3,4,工作日,晚高峰(17-19点),2015-04-02,2015年4月2日,多云 /多云,30℃ / 18℃,南风 ≤3级 /南风 ≤3级,多云,多云,30,18,南风,≤3级,南风,≤3级,day
2015-04-03 07:40:00,会展城,7、未按规定让行的 ,负全部责任,不负责任,1,贵A1BH76,白,1,贵AGM201,白,省交校,十一培,2014/4/24 0:00,1999/9/3 0:00,大众汽车牌,田野牌,366061000000000000 ,364556000000000000 ,196505,197901,7,4,4,工作日,早高峰(7-9点),2015-04-03,2015年4月3日,多云 /多云,30℃ / 19℃,南风 ≤3级 /南风 ≤3级,多云,多云,30,19,南风,≤3级,南风,≤3级,day
2015-04-03 08:20:00,南二环,7、未按规定让行的 ,负全部责任,不负责任,1,贵A47A45,白色,1,贵AM3912,白色,铁二局驾校,十一培,2011/8/2 0:00,1996/8/25 0:00,思威牌,朗风牌,754549000000000000 ,364547000000000000 ,196510,197309,8,4,4,工作日,早高峰(7-9点),2015-04-03,2015年4月3日,多云 /多云,30℃ / 19℃,南风 ≤3级 /南风 ≤3级,多云,多云,30,19,南风,≤3级,南风,≤3级,day
2015-04-03 08:35:00,会展城,7、未按规定让行的 ,负全部责任,不负责任,0,贵A23C99,黑,1,贵ASH454,黑,市警校驾校,十一培,2010/2/5 0:00,1989/8/24 0:00,福特牌,指南者,366364000000000000 ,36455651214960695X,197205,196908,8,4,4,工作日,早高峰(7-9点),2015-04-03,2015年4月3日,多云 /多云,30℃ / 19℃,南风 ≤3级 /南风 ≤3级,多云,多云,30,19,南风,≤3级,南风,≤3级,day
2015-04-03 07:42:00,白云区,8、依法应负全责的其他情形,负全部责任,不负责任,1,贵A332G3,白,1,贵A64H66,白,-1,自培,-1,2000/9/29 0:00,解放牌,北京现代牌,355468000000000000 ,364558000000000000 ,197209,196104,7,4,4,工作日,早高峰(7-9点),2015-04-03,2015年4月3日,多云 /多云,30℃ / 19℃,南风 ≤3级 /南风 ≤3级,多云,多云,30,19,南风,≤3级,南风,≤3级,day
2015-04-02 22:56:00,小河干平路,3、倒车的,负全部责任,不负责任,1,贵A2564R,白色,1,贵ACN788,白色,520114,自培,2002/2/6 0:00,2011/1/28 0:00,捷达牌,江铃全顺牌,354675000000000000 ,366570000000000000 ,197906,196606,22,3,4,工作日,非高峰,2015-04-02,2015年4月2日,多云 /多云,30℃ / 18℃,南风 ≤3级 /南风 ≤3级,多云,多云,30,18,南风,≤3级,南风,≤3级,night
2015-04-03 06:40:00,宅吉小区,7、未按规定让行的 ,负全部责任,不负责任,1,贵A21L48,红,1,贵AEA796,白,贵州省长安驾驶培训学校,自培,2014/12/31 0:00,2003/8/30 0:00,海马牌,东风牌,366566000000000000 ,366569000000000000 ,197409,197105,6,4,4,工作日,非高峰,2015-04-03,2015年4月3日,多云 /多云,30℃ / 19℃,南风 ≤3级 /南风 ≤3级,多云,多云,30,19,南风,≤3级,南风,≤3级,day
2015-04-03 08:00:00,遵义路,7、未按规定让行的 ,负全部责任,不负责任,1,贵APH067,白色,1,贵AU8375,白色,520132,自培,2008/12/22 0:00,2007/5/22 0:00,帕萨特,瑞麒牌,774264000000000000 ,364568000000000000 ,196905,198802,8,4,4,工作日,早高峰(7-9点),2015-04-03,2015年4月3日,多云 /多云,30℃ / 19℃,南风 ≤3级 /南风 ≤3级,多云,多云,30,19,南风,≤3级,南风,≤3级,day
2015-04-03 09:16:00,黄河北路,7、未按规定让行的 ,负全部责任,不负责任,1,贵A92V99,白色,1,贵AU0829,白色,自培,消防驾校,1991/2/25 0:00,2004/4/9 0:00,大众牌,万达牌,364547000000000000 ,364551000000000000 ,196105,197709,9,4,4,工作日,早高峰(7-9点),2015-04-03,2015年4月3日,多云 /多云,30℃ / 19℃,南风 ≤3级 /南风 ≤3级,多云,多云,30,19,南风,≤3级,南风,≤3级,day
2015-04-03 08:30:00,贵开路,8、依法应负全责的其他情形,负全部责任,不负责任,1,贵A00219,白,1,贵A43G16,银,铁二局驾校,520133,2012/5/4 0:00,2011/3/14 0:00,豪爵牌,大众牌,364556000000000000 ,364548000000000000 ,198512,197912,8,4,4,工作日,早高峰(7-9点),2015-04-03,2015年4月3日,多云 /多云,30℃ / 19℃,南风 ≤3级 /南风 ≤3级,多云,多云,30,19,南风,≤3级,南风,≤3级,day
2015-04-03 10:30:00,白云区,7、未按规定让行的 ,负全部责任,不负责任,1,贵ACC064,黑,1,贵AB679E,白,-1,毕节地区黔中驾校,-1,-1,五菱牌,吉利美日牌,366601000000000000 ,366068000000000000 ,198301,198511,10,4,4,工作日,非高峰,2015-04-03,2015年4月3日,多云 /多云,30℃ / 19℃,南风 ≤3级 /南风 ≤3级,多云,多云,30,19,南风,≤3级,南风,≤3级,day
2015-04-03 08:10:00,甘荫塘,8、依法应负全责的其他情形,负全部责任,不负责任,1,贵GY6563,白,1,云A2571X,白,鑫鑫驾校,桐梓县毅昕驾校,2015/1/26 0:00,-1,福克斯牌,长安牌,36634551834048526X,366567000000000000 ,197504,198310,8,4,4,工作日,早高峰(7-9点),2015-04-03,2015年4月3日,多云 /多云,30℃ / 19℃,南风 ≤3级 /南风 ≤3级,多云,多云,30,19,南风,≤3级,南风,≤3级,day
2015-04-03 09:10:00,花溪,7、未按规定让行的 ,负全部责任,不负责任,1,贵A22K94,黑,1,贵A98119,银,贵州平安驾驶培训学校,毕节地区黔中驾校,2011/9/13 0:00,2008/3/20 0:00,大众汽车牌,陕汽牌,366575000000000000 ,366068000000000000 ,198410,197710,9,4,4,工作日,早高峰(7-9点),2015-04-03,2015年4月3日,多云 /多云,30℃ / 19℃,南风 ≤3级 /南风 ≤3级,多云,多云,30,19,南风,≤3级,南风,≤3级,day
2015-04-03 16:30:00,西二环,7、未按规定让行的 ,负全部责任,不负责任,1,贵APL858,黑,1,贵AA3733,黑,-1,520109,-1,2008/9/23 0:00,英伦牌,轩逸牌,366346000000000000 ,366363000000000000 ,195208,198812,16,4,4,工作日,非高峰,2015-04-03,2015年4月3日,多云 /多云,30℃ / 19℃,南风 ≤3级 /南风 ≤3级,多云,多云,30,19,南风,≤3级,南风,≤3级,day