accidenttime,accidentaddr,driver1fault,driver1responsibility,driver2responsibility,sex1,platenumber1,carcolor1,sex2,platenumber2,carcolor2,jxmc1,jxmc2,cclzrq1,cclzrq2,clpp1,clpp2,driver1license,driver2license,brith1,brith2,hour,weekday,month,is_weekday,peak_hour,date,日期,天气状况,气温,风力风向,day_wea,night_wea,day_tep,night_tep,day_wind_direction,day_wind_speed,night_wind_direction,night_wind_speed,segment
2015-04-03 11:30:00,白云区,3、倒车的,负全部责任,不负责任,1,贵A87086,红,1,贵AU0775,黄,毕节市顺达汽车驾驶培训学校,消防驾校,-1,2012/3/31 0:00,福田牌,国威牌,366046000000000000 ,364568000000000000 ,198909,198907,11,4,4,工作日,非高峰,2015-04-03,2015年4月3日,多云 /多云,30℃ / 19℃,南风 ≤3级 /南风 ≤3级,多云,多云,30,19,南风,≤3级,南风,≤3级,day
2015-04-03 10:57:00,花果园,1、追尾的,负全部责任,不负责任,1,贵A8842A,红,1,贵A54N85,红,顺一驾驶培训学校,贵阳金马驾驶培训有限公司,2011/8/11 0:00,2010/11/10 0:00,力帆牌,骊威牌,366063000000000000 ,364548000000000000 ,198209,195805,10,4,4,工作日,非高峰,2015-04-03,2015年4月3日,多云 /多云,30℃ / 19℃,南风 ≤3级 /南风 ≤3级,多云,多云,30,19,南风,≤3级,南风,≤3级,day
2015-04-03 12:00:00,太慈桥,8、依法应负全责的其他情形,负全部责任,不负责任,1,贵AH6339,白色,1,贵ASJ692,白色,-1,-1,-1,-1,奥迪牌,大众牌,364546000000000 ,766068000000000000 ,590817,198802,12,4,4,工作日,非高峰,2015-04-03,2015年4月3日,多云 /多云,30℃ / 19℃,南风 ≤3级 /南风 ≤3级,多云,多云,30,19,南风,≤3级,南风,≤3级,day
2015-04-03 13:00:00,大营坡,8、依法应负全责的其他情形,负全部责任,不负责任,1,贵A914E5,白,1,贵AU7777,黑,路顺驾校,（白云区）景宏驾驶培训有限公司,2013/12/20 0:00,2009/1/19 0:00,福田牌,恒通客车牌,36606651955469763X,357475000000000000 ,198110,197103,13,4,4,工作日,非高峰,2015-04-03,2015年4月3日,多云 /多云,30℃ / 19℃,南风 ≤3级 /南风 ≤3级,多云,多云,30,19,南风,≤3级,南风,≤3级,day
2015-04-03 10:00:00,兴筑路,1、追尾的,负全部责任,不负责任,1,贵GF7735,白,0,贵A8749A,银,（南明区）吉源驾驶培训有限公司,-1,2008/12/22 0:00,-1,北京现代牌,起亚牌,364556000000000000 ,366570000000000000 ,198005,195107,10,4,4,工作日,非高峰,2015-04-03,2015年4月3日,多云 /多云,30℃ / 19℃,南风 ≤3级 /南风 ≤3级,多云,多云,30,19,南风,≤3级,南风,≤3级,day
2015-04-03 08:36:00,白云区,8、依法应负全责的其他情形,负全部责任,不负责任,1,贵AFN278,白,1,贵A6049L,白,自培,阳光驾校,2003/10/27 0:00,2011/12/16 0:00,五菱牌,华泰圣达菲牌,357266000000000000 ,364556000000000000 ,198312,197803,8,4,4,工作日,早高峰(7-9点),2015-04-03,2015年4月3日,多云 /多云,30℃ / 19℃,南风 ≤3级 /南风 ≤3级,多云,多云,30,19,南风,≤3级,南风,≤3级,day
2015-04-03 09:50:00,贵司路,7、未按规定让行的 ,负全部责任,不负责任,1,贵AU4219,绿,1,贵AU7966,绿,自培,99,2002/11/23 0:00,2005/1/18 0:00,重庆牌,银翔牌,364548000000000000 ,364548000000000000 ,198311,198511,9,4,4,工作日,早高峰(7-9点),2015-04-03,2015年4月3日,多云 /多云,30℃ / 19℃,南风 ≤3级 /南风 ≤3级,多云,多云,30,19,南风,≤3级,南风,≤3级,day
2015-04-03 10:00:00,白云一中,8、依法应负全责的其他情形,负全部责任,不负责任,1,贵AB502U,银,1,贵A1096R,蓝,自培,铁二局驾校,2004/8/19 0:00,2010/3/17 0:00,缤智牌,比亚迪牌,36454751315465366X,366361000000000000 ,195910,197503,10,4,4,工作日,非高峰,2015-04-03,2015年4月3日,多云 /多云,30℃ / 19℃,南风 ≤3级 /南风 ≤3级,多云,多云,30,19,南风,≤3级,南风,≤3级,day
2015-04-03 10:00:00,白云区,7、未按规定让行的 ,负全部责任,不负责任,1,贵A493H8,白,0,贵A23B69,白,自培,消防驾校,2003/8/15 0:00,2012/3/27 0:00,江铃牌,海马牌,366364000000000000 ,366347000000000000 ,197002,197601,10,4,4,工作日,非高峰,2015-04-03,2015年4月3日,多云 /多云,30℃ / 19℃,南风 ≤3级 /南风 ≤3级,多云,多云,30,19,南风,≤3级,南风,≤3级,day
2015-04-03 09:45:00,白沙大道,4、停车时未挂低速档、未拉驻车制动，导致车辆滑行的,负全部责任,不负责任,1,贵A217C5,白,0,贵A78G51,白,自培,-1,2007/9/4 0:00,-1,解放牌,海马牌,354896000000000000 ,366362000000000000 ,198501,198712,9,4,4,工作日,早高峰(7-9点),2015-04-03,2015年4月3日,多云 /多云,30℃ / 19℃,南风 ≤3级 /南风 ≤3级,多云,多云,30,19,南风,≤3级,南风,≤3级,day
2015-04-03 09:50:00,三桥,7、未按规定让行的 ,负全部责任,不负责任,1,贵AGA061,银,1,贵A82485,黄,自培,-1,2004/8/17 0:00,-1,凌派牌,豪泺牌,366566000000000000 ,36686051994551658X,197911,198801,9,4,4,工作日,早高峰(7-9点),2015-04-03,2015年4月3日,多云 /多云,30℃ / 19℃,南风 ≤3级 /南风 ≤3级,多云,多云,30,19,南风,≤3级,南风,≤3级,day
2015-04-03 09:20:00,王家桥,1、追尾的,负全部责任,不负责任,1,贵APE741,白,1,贵ALJ828,白,十一驾驶培训有限公司,自培,2010/12/22 0:00,2005/1/26 0:00,奇瑞牌,长安牌,366064000000000000 ,364547000000000000 ,198503,198610,9,4,4,工作日,早高峰(7-9点),2015-04-03,2015年4月3日,多云 /多云,30℃ / 19℃,南风 ≤3级 /南风 ≤3级,多云,多云,30,19,南风,≤3级,南风,≤3级,day
2015-04-03 10:40:00,贵遵路,7、未按规定让行的 ,负全部责任,不负责任,1,贵AKU698,黑,1,贵AB735Y,银,自培,自培,2004/11/24 0:00,2001/7/30 0:00,波罗牌,力帆牌,364557000000000000 ,366361000000000000 ,197508,198103,10,4,4,工作日,非高峰,2015-04-03,2015年4月3日,多云 /多云,30℃ / 19℃,南风 ≤3级 /南风 ≤3级,多云,多云,30,19,南风,≤3级,南风,≤3级,day
2015-04-03 09:50:00,飞山街,7、未按规定让行的 ,负全部责任,不负责任,1,贵A25W73,白,1,贵AU2927,黄,自培,自培,2001/8/10 0:00,2005/1/5 0:00,奥迪,瑞麒牌,72664651824243448X,366246000000000000 ,197606,197511,9,4,4,工作日,早高峰(7-9点),2015-04-03,2015年4月3日,多云 /多云,30℃ / 19℃,南风 ≤3级 /南风 ≤3级,多云,多云,30,19,南风,≤3级,南风,≤3级,day
2015-04-03 11:12:00,西二环,1、追尾的,负全部责任,不负责任,1,赣MQ1145,银,1,贵AB097H,黑,-1,蓝天驾校,-1,2015/1/5 0:00,雪佛兰牌,五菱牌,724568000000000000 ,364557000000000000 ,198807,198507,11,4,4,工作日,非高峰,2015-04-03,2015年4月3日,多云 /多云,30℃ / 19℃,南风 ≤3级 /南风 ≤3级,多云,多云,30,19,南风,≤3级,南风,≤3级,day
2015-04-03 12:00:00,小河平桥,7、未按规定让行的 ,负全部责任,不负责任,1,贵ACV193,白色,1,贵A0CC69,白色,520115,自培,2003/4/15 0:00,2012/3/22 0:00,长安牌,梅赛德斯-奔驰,366864000000000000 ,366061000000000000 ,197105,199311,12,4,4,工作日,非高峰,2015-04-03,2015年4月3日,多云 /多云,30℃ / 19℃,南风 ≤3级 /南风 ≤3级,多云,多云,30,19,南风,≤3级,南风,≤3级,day
2015-04-03 12:15:00,花溪大道,3、倒车的,负全部责任,不负责任,1,贵AUQ523,白色,1,贵GP1426,蓝色,-1,长运驾校,-1,2012/6/12 0:00,长安牌,雪佛兰牌,364556000000000000 ,364547000000000000 ,192011,197609,12,4,4,工作日,非高峰,2015-04-03,2015年4月3日,多云 /多云,30℃ / 19℃,南风 ≤3级 /南风 ≤3级,多云,多云,30,19,南风,≤3级,南风,≤3级,day
2015-04-03 14:30:00,花香村,7、未按规定让行的 ,负全部责任,不负责任,1,贵A70689,白,1,贵AVC155,白,-1,自培,-1,2001/12/10 0:00,五菱,宝马牌,364547000000000 ,364547000000000000 ,630330,198109,14,4,4,工作日,非高峰,2015-04-03,2015年4月3日,多云 /多云,30℃ / 19℃,南风 ≤3级 /南风 ≤3级,多云,多云,30,19,南风,≤3级,南风,≤3级,day
2015-04-03 11:10:00,北二环,1、追尾的,负全部责任,不负责任,1,贵AWB592,黑,1,贵HM7836,银,-1,-1,-1,-1,丰田牌,东风牌,364548000000000000 ,366264000000000000 ,196803,197404,11,4,4,工作日,非高峰,2015-04-03,2015年4月3日,多云 /多云,30℃ / 19℃,南风 ≤3级 /南风 ≤3级,多云,多云,30,19,南风,≤3级,南风,≤3级,day
2015-04-03 12:30:00,白云区,8、依法应负全责的其他情形,负全部责任,不负责任,1,贵J74372,蓝,1,贵A5412J,黑,-1,-1,-1,-1,　,奥迪牌,366276000000000000 ,65566500000000000 ,196505,196111,12,4,4,工作日,非高峰,2015-04-03,2015年4月3日,多云 /多云,30℃ / 19℃,南风 ≤3级 /南风 ≤3级,多云,多云,30,19,南风,≤3级,南风,≤3级,day
2015-04-03 16:05:00,五里冲,8、依法应负全责的其他情形,负全部责任,不负责任,1,贵A2021U,白色,1,贵ADL482,白色,高新驾校,520101,2012/3/20 0:00,2009/6/4 0:00,长安牌,大发牌,344661000000000000 ,355468000000000000 ,199210,198810,16,4,4,工作日,非高峰,2015-04-03,2015年4月3日,多云 /多云,30℃ / 19℃,南风 ≤3级 /南风 ≤3级,多云,多云,30,19,南风,≤3级,南风,≤3级,day
2015-04-03 16:00:00,文昌南路,7、未按规定让行的 ,负全部责任,不负责任,1,贵A3EB95,白色,1,贵AU0776,白色,自培,520116,2001/7/6 0:00,2007/5/14 0:00,精灵,本田牌,364547000000000000 ,366361000000000000 ,198305,197210,16,4,4,工作日,非高峰,2015-04-03,2015年4月3日,多云 /多云,30℃ / 19℃,南风 ≤3级 /南风 ≤3级,多云,多云,30,19,南风,≤3级,南风,≤3级,day
2015-04-03 16:10:00,永茂中学,7、未按规定让行的 ,负全部责任,不负责任,1,贵AHG118,白,1,贵A376E6,红,自培,自培,1994/12/13 0:00,-1,东风日产牌,东风牌,364557000000000000 ,354563000000000000 ,195401,197204,16,4,4,工作日,非高峰,2015-04-03,2015年4月3日,多云 /多云,30℃ / 19℃,南风 ≤3级 /南风 ≤3级,多云,多云,30,19,南风,≤3级,南风,≤3级,day
2015-04-03 12:00:00,师大,1、追尾的,负全部责任,不负责任,1,贵AA372G,银,1,贵GY3971,银,-1,（南明区）阳光驾驶培训有限公司,-1,1990/5/9 0:00,长安牌,雅阁牌,774047000000000000 ,364547000000000000 ,196309,196504,12,4,4,工作日,非高峰,2015-04-03,2015年4月3日,多云 /多云,30℃ / 19℃,南风 ≤3级 /南风 ≤3级,多云,多云,30,19,南风,≤3级,南风,≤3级,day
2015-04-03 16:00:00,小关,1、追尾的,负全部责任,不负责任,1,贵AZC561,白,1,贵A89944,白,吉源驾校（南明区）,-1,2006/3/9 0:00,-1,丰田牌,东风牌,364551000000000000 ,366347000000000000 ,197512,197501,16,4,4,工作日,非高峰,2015-04-03,2015年4月3日,多云 /多云,30℃ / 19℃,南风 ≤3级 /南风 ≤3级,多云,多云,30,19,南风,≤3级,南风,≤3级,day
2015-04-03 13:10:00,上坝路,1、追尾的,负全部责任,不负责任,1,闽JH5826,白色,1,贵AB668X,白色,-1,鑫鑫驾校,-1,2011/7/8 0:00,海马牌 ,长安牌,736675000000000000 ,366566000000000000 ,198901,199008,13,4,4,工作日,非高峰,2015-04-03,2015年4月3日,多云 /多云,30℃ / 19℃,南风 ≤3级 /南风 ≤3级,多云,多云,30,19,南风,≤3级,南风,≤3级,day
2015-04-03 13:00:00,沙冲路口,1、追尾的,负全部责任,不负责任,1,贵AP9199,白色,1,贵A8BY39,白色,自培,（南明区）市交通职业技术驾驶培训学校,2003/10/31 0:00,2009/1/19 0:00,隆鑫牌,斯巴鲁,36560500000000000 ,364547000000000000 ,197204,197502,13,4,4,工作日,非高峰,2015-04-03,2015年4月3日,多云 /多云,30℃ / 19℃,南风 ≤3级 /南风 ≤3级,多云,多云,30,19,南风,≤3级,南风,≤3级,day
2015-04-03 13:05:00,二铺,1、追尾的,负全部责任,不负责任,1,贵AU2201,黑,1,贵A8573K,黑,自培,-1,2004/2/22 0:00,-1,轻骑·铃木牌,五菱牌,36636651834264597X,36606051895657595X,197506,197812,13,4,4,工作日,非高峰,2015-04-03,2015年4月3日,多云 /多云,30℃ / 19℃,南风 ≤3级 /南风 ≤3级,多云,多云,30,19,南风,≤3级,南风,≤3级,day
2015-04-03 13:00:00,红阳厂,5、开关车门的,负全部责任,不负责任,1,贵A58R42,黑色,1,贵A6260B,白色,-1,十一培,-1,1995/2/1 0:00,中华牌,东风标致牌,364556000000000000 ,366366000000000000 ,195512,197312,13,4,4,工作日,非高峰,2015-04-03,2015年4月3日,多云 /多云,30℃ / 19℃,南风 ≤3级 /南风 ≤3级,多云,多云,30,19,南风,≤3级,南风,≤3级,day
2015-04-03 12:50:00,上麦,8、依法应负全责的其他情形,负全部责任,不负责任,1,贵AU0531,白,1,贵A47422,白,消防驾校,十一培,2001/5/14 0:00,1994/3/6 0:00,宇通牌,沃尔沃,366361000000000000 ,364548000000000000 ,197709,196305,12,4,4,工作日,非高峰,2015-04-03,2015年4月3日,多云 /多云,30℃ / 19℃,南风 ≤3级 /南风 ≤3级,多云,多云,30,19,南风,≤3级,南风,≤3级,day
2015-04-03 10:00:00,喜来登,8、依法应负全责的其他情形,负全部责任,不负责任,1,贵A53K37,黑,1,贵AHJ878,黑,自培,自培,2000/11/22 0:00,2004/8/10 0:00,捷达牌,奥迪牌,364548000000000000 ,364548000000000000 ,196307,197906,10,4,4,工作日,非高峰,2015-04-03,2015年4月3日,多云 /多云,30℃ / 19℃,南风 ≤3级 /南风 ≤3级,多云,多云,30,19,南风,≤3级,南风,≤3级,day
2015-04-03 11:25:00,乌当,1、追尾的,负全部责任,不负责任,1,贵A61Z91,银,1,贵A0021Z,白,自培,自培,2006/12/26 0:00,2003/6/16 0:00,途威,雷克萨斯,366546000000000000 ,366367000000000000 ,197007,197403,11,4,4,工作日,非高峰,2015-04-03,2015年4月3日,多云 /多云,30℃ / 19℃,南风 ≤3级 /南风 ≤3级,多云,多云,30,19,南风,≤3级,南风,≤3级,day
2015-04-03 14:13:00,油榨街,8、依法应负全责的其他情形,负全部责任,不负责任,1,贵A28F85,白色,1,贵A44L27,白色,安顺市开发区千合机动车培训学校,-1,2011/10/8 0:00,-1,广汽菲亚特牌,东风雪铁龙牌,354698000000000000 ,364546000000000000 ,198211,198009,14,4,4,工作日,非高峰,2015-04-03,2015年4月3日,多云 /多云,30℃ / 19℃,南风 ≤3级 /南风 ≤3级,多云,多云,30,19,南风,≤3级,南风,≤3级,day
2015-04-03 13:50:00,曹官,1、追尾的,负全部责任,不负责任,1,贵A82261,黑,1,贵AA0159,黑,-1,遵义县鸭溪振兴机动车驾驶培训学校,-1,2004/7/26 0:00,豪爵牌,威驰,35436351924053067X,366875000000000000 ,198604,196009,13,4,4,工作日,非高峰,2015-04-03,2015年4月3日,多云 /多云,30℃ / 19℃,南风 ≤3级 /南风 ≤3级,多云,多云,30,19,南风,≤3级,南风,≤3级,day
2015-04-03 15:30:00,金竹立交桥,7、未按规定让行的 ,负全部责任,不负责任,1,贵ACN782,白色,1,贵A39N47,白色,-1,（南明区）铁二局驾驶培训有限公司,-1,2006/11/20 0:00,胜达,丰田威驰,734567000000000000 ,344669000000000000 ,195809,198611,15,4,4,工作日,非高峰,2015-04-03,2015年4月3日,多云 /多云,30℃ / 19℃,南风 ≤3级 /南风 ≤3级,多云,多云,30,19,南风,≤3级,南风,≤3级,day
2015-04-03 14:50:00,八匹马,8、依法应负全责的其他情形,负全部责任,不负责任,1,贵GL9419,银,1,贵CHR179,黑,-1,路路达驾校,-1,2014/12/17 0:00,雪佛兰牌,纳智捷牌,36455700000000000 ,354364000000000000 ,197609,197410,14,4,4,工作日,非高峰,2015-04-03,2015年4月3日,多云 /多云,30℃ / 19℃,南风 ≤3级 /南风 ≤3级,多云,多云,30,19,南风,≤3级,南风,≤3级,day
2015-04-03 17:10:00,八匹马,1、追尾的,负全部责任,不负责任,0,贵AXA436,黑,0,贵AH6845,黑,（南明区）长安驾驶培训有限公司,预约考试窗口,2015/2/17 0:00,2007/7/2 0:00,北京现代牌,海马牌,75466500000000000 ,36606051974974446X,198609,198308,17,4,4,工作日,晚高峰(17-19点),2015-04-03,2015年4月3日,多云 /多云,30℃ / 19℃,南风 ≤3级 /南风 ≤3级,多云,多云,30,19,南风,≤3级,南风,≤3级,day
2015-04-03 19:30:00,花果园,1、追尾的,负全部责任,不负责任,0,贵ALP671,白,1,贵AN2255,银,-1,-1,-1,-1,长安牌,五菱牌,36607500000000000 ,36654800000000000 ,970120,195801,19,4,4,工作日,晚高峰(17-19点),2015-04-03,2015年4月3日,多云 /多云,30℃ / 19℃,南风 ≤3级 /南风 ≤3级,多云,多云,30,19,南风,≤3级,南风,≤3级,day
2015-04-03 20:00:00,沙冲路,1、追尾的,负全部责任,不负责任,1,浙J9E71,白,1,贵A67H31,白,-1,消防驾校,-1,1994/10/16 0:00,-1,一汽佳星牌,776264000000000000 ,364548000000000000 ,197009,197212,20,4,4,工作日,非高峰,2015-04-03,2015年4月3日,多云 /多云,30℃ / 19℃,南风 ≤3级 /南风 ≤3级,多云,多云,30,19,南风,≤3级,南风,≤3级,night
2015-04-03 15:49:00,八匹马,9、不符合前8款规定或者双方同时具有上述情形的,负同等责任,负同等责任,0,贵A99K97,白,1,贵AD9381,白,现代驾校（南明区）,现代驾校（南明区）,2015/3/26 0:00,2004/5/10 0:00,起亚牌,神龙-富康,364548000000000000 ,364556000000000000 ,198804,196507,15,4,4,工作日,非高峰,2015-04-03,2015年4月3日,多云 /多云,30℃ / 19℃,南风 ≤3级 /南风 ≤3级,多云,多云,30,19,南风,≤3级,南风,≤3级,day
2015-04-03 15:50:00,金阳南路,1、追尾的,负全部责任,不负责任,1,贵CDX961,白,0,云DGZ032,白,-1,盘县宏源驾驶培训学校,-1,-1,颐达牌,飞度牌,366576000000000000 ,364647000000000000 ,197002,197411,15,4,4,工作日,非高峰,2015-04-03,2015年4月3日,多云 /多云,30℃ / 19℃,南风 ≤3级 /南风 ≤3级,多云,多云,30,19,南风,≤3级,南风,≤3级,day
2015-04-03 18:30:00,长江路,7、未按规定让行的 ,负全部责任,不负责任,1,贵A53677,白色,1,川AM4241,白色,520132,-1,2008/9/25 0:00,-1,丰田,宝马牌,366346000000000000 ,366876000000000000 ,197711,198103,18,4,4,工作日,晚高峰(17-19点),2015-04-03,2015年4月3日,多云 /多云,30℃ / 19℃,南风 ≤3级 /南风 ≤3级,多云,多云,30,19,南风,≤3级,南风,≤3级,day
2015-04-03 17:10:00,转湾塘,7、未按规定让行的 ,负全部责任,不负责任,0,贵JK6592,白,1,贵A4AB54,红,-1,鑫鑫驾校,-1,2012/8/8 0:00,长安牌,丰田牌,366869000000000000 ,356164000000000000 ,197904,197012,17,4,4,工作日,晚高峰(17-19点),2015-04-03,2015年4月3日,多云 /多云,30℃ / 19℃,南风 ≤3级 /南风 ≤3级,多云,多云,30,19,南风,≤3级,南风,≤3级,day
2015-04-03 18:30:00,改茶路,7、未按规定让行的 ,负全部责任,不负责任,1,贵A0851U,银,1,贵GT1590,黑,-1,消防驾校,-1,2014/5/30 0:00,长安牌,大众牌,76366500000000000 ,36656551935549846X,198611,198511,18,4,4,工作日,晚高峰(17-19点),2015-04-03,2015年4月3日,多云 /多云,30℃ / 19℃,南风 ≤3级 /南风 ≤3级,多云,多云,30,19,南风,≤3级,南风,≤3级,day
2015-04-03 20:45:00,花溪公园门口,7、未按规定让行的 ,负全部责任,不负责任,1,云A87167,白色,1,贵ACK804,白色,-1,黔丰驾校,-1,2013/11/5 0:00,劲隆,宝马牌,366069000000000000 ,364567000000000000 ,196309,198603,20,4,4,工作日,非高峰,2015-04-03,2015年4月3日,多云 /多云,30℃ / 19℃,南风 ≤3级 /南风 ≤3级,多云,多云,30,19,南风,≤3级,南风,≤3级,night
2015-04-04 02:10:00,解放西路,3、倒车的,负全部责任,不负责任,1,贵AU5318,白色,1,贵A9BB58,白色,-1,市交校,-1,2010/9/27 0:00,钱江牌,长安牌,364548000000000000 ,364548000000000000 ,196463,197911,2,5,4,工作日,非高峰,2015-04-04,2015年4月4日,多云 /多云,29℃ / 18℃,南风 ≤3级 /南风 ≤3级,多云,多云,29,18,南风,≤3级,南风,≤3级,night
2015-04-03 13:43:00,金珠路,7、未按规定让行的 ,负全部责任,不负责任,1,贵AKY448,黑,1,贵GM9076,白,自培,消防驾校,2002/10/25 0:00,2011/10/18 0:00,丰田牌,长城牌,364548000000000000 ,56968500000000000 ,196710,197711,13,4,4,工作日,非高峰,2015-04-03,2015年4月3日,多云 /多云,30℃ / 19℃,南风 ≤3级 /南风 ≤3级,多云,多云,30,19,南风,≤3级,南风,≤3级,day
2015-04-03 15:49:00,观山湖,9、不符合前8款规定或者双方同时具有上述情形的,负同等责任,负同等责任,1,贵AD9381,黑,0,贵A99K97,黑,自培,贵州现代驾驶培训责任有限公司,2004/5/10 0:00,2015/3/26 0:00,神龙-富康,起亚牌,364556000000000000 ,364548000000000000 ,196507,198804,15,4,4,工作日,非高峰,2015-04-03,2015年4月3日,多云 /多云,30℃ / 19℃,南风 ≤3级 /南风 ≤3级,多云,多云,30,19,南风,≤3级,南风,≤3级,day
2015-04-03 16:40:00,小关,1、追尾的,负全部责任,不负责任,0,贵A55J41,白,1,贵AAM263,白,自培,未定义,2007/1/9 0:00,2014/9/19 0:00,别克牌,雅阁牌,364547000000000000 ,364557000000000000 ,197507,198903,16,4,4,工作日,非高峰,2015-04-03,2015年4月3日,多云 /多云,30℃ / 19℃,南风 ≤3级 /南风 ≤3级,多云,多云,30,19,南风,≤3级,南风,≤3级,day
2015-04-03 18:00:00,中华南路,1、追尾的,负全部责任,不负责任,1,贵AKU536,白色,1,贵AU2928,白色,自培,青正驾校,2006/4/12 0:00,2012/1/20 0:00,众泰牌,瑞麒牌,364547000000000000 ,366363000000000000 ,197412,199009,18,4,4,工作日,晚高峰(17-19点),2015-04-03,2015年4月3日,多云 /多云,30℃ / 19℃,南风 ≤3级 /南风 ≤3级,多云,多云,30,19,南风,≤3级,南风,≤3级,day
2015-04-03 18:00:00,小河香江路,4、停车时未挂低速档、未拉驻车制动，导致车辆滑行的,负全部责任,不负责任,1,贵A4CE02,白色,1,贵A4072M,白色,自培,十一驾驶培训有限公司,2007/4/18 0:00,2011/5/17 0:00,雪佛兰牌,长安牌,57467500000000000 ,364551000000000000 ,198011,198808,18,4,4,工作日,晚高峰(17-19点),2015-04-03,2015年4月3日,多云 /多云,30℃ / 19℃,南风 ≤3级 /南风 ≤3级,多云,多云,30,19,南风,≤3级,南风,≤3级,day
2015-04-03 15:00:00,花果园,1、追尾的,负全部责任,不负责任,1,湘J8PS58,白,1,贵AN8338,白,自培,十一培,2007/2/15 0:00,1994/11/24 0:00,无,豪爵牌,74867500000000000 ,36636651824758525X,198302,197603,15,4,4,工作日,非高峰,2015-04-03,2015年4月3日,多云 /多云,30℃ / 19℃,南风 ≤3级 /南风 ≤3级,多云,多云,30,19,南风,≤3级,南风,≤3级,day
2015-04-03 15:00:00,白云区,7、未按规定让行的 ,负全部责任,不负责任,1,贵FL4987,黑,1,贵AUA577,黄,（白云区）消防驾驶培训学校,自培,2008/1/4 0:00,2000/4/29 0:00,吉利牌,吉利美日牌,366061000000000000 ,364558000000000000 ,198203,197902,15,4,4,工作日,非高峰,2015-04-03,2015年4月3日,多云 /多云,30℃ / 19℃,南风 ≤3级 /南风 ≤3级,多云,多云,30,19,南风,≤3级,南风,≤3级,day
2015-04-03 18:30:00,五里冲,7、未按规定让行的 ,负全部责任,不负责任,1,川B02784,蓝,1,贵ACJ128,银,（南明区）吉源驾驶培训有限公司,自培,2009/8/3 0:00,2002/9/24 0:00,\N,丰田牌,364596000000000000 ,364548000000000000 ,198707,196801,18,4,4,工作日,晚高峰(17-19点),2015-04-03,2015年4月3日,多云 /多云,30℃ / 19℃,南风 ≤3级 /南风 ≤3级,多云,多云,30,19,南风,≤3级,南风,≤3级,day
2015-04-03 19:02:00,26大道,1、追尾的,负全部责任,不负责任,1,贵A90230,白,1,渝BJ2742,白,十一培,自培,1994/8/8 0:00,2003/4/4 0:00,陕汽牌,江铃牌,76145500000000000 ,366368000000000000 ,197008,196809,19,4,4,工作日,晚高峰(17-19点),2015-04-03,2015年4月3日,多云 /多云,30℃ / 19℃,南风 ≤3级 /南风 ≤3级,多云,多云,30,19,南风,≤3级,南风,≤3级,day
2015-04-03 17:00:00,花果园,7、未按规定让行的 ,负全部责任,不负责任,1,贵A928C4,白色,1,贵HBH748,白色,-1,-1,-1,-1,华神牌,五菱牌,366063000000000000 ,736566000000000000 ,199106,196608,17,4,4,工作日,晚高峰(17-19点),2015-04-03,2015年4月3日,多云 /多云,30℃ / 19℃,南风 ≤3级 /南风 ≤3级,多云,多云,30,19,南风,≤3级,南风,≤3级,day
2015-04-03 22:00:00,花果园,3、倒车的,负全部责任,不负责任,1,贵A16T42,白,1,贵APS555,白,（观山湖区）诚信驾驶培训有限公司,消防驾校,2009/4/13 0:00,2010/4/16 0:00,-1,吉利牌,366569000000000000 ,364558000000000000 ,197608,198908,22,4,4,工作日,非高峰,2015-04-03,2015年4月3日,多云 /多云,30℃ / 19℃,南风 ≤3级 /南风 ≤3级,多云,多云,30,19,南风,≤3级,南风,≤3级,night
2015-04-03 16:39:00,盐沙大道,1、追尾的,负全部责任,不负责任,1,贵A87047,白,1,贵GY7201,红,-1,金大驾校,-1,2014/11/10 0:00,飞鹰牌,别克牌,366864000000000000 ,366576000000000000 ,198109,197906,16,4,4,工作日,非高峰,2015-04-03,2015年4月3日,多云 /多云,30℃ / 19℃,南风 ≤3级 /南风 ≤3级,多云,多云,30,19,南风,≤3级,南风,≤3级,day
2015-04-04 08:55:00,曹官,1、追尾的,负全部责任,不负责任,1,贵AT9972,白,1,贵A5919C,白,自培,-1,2006/9/4 0:00,-1,本田牌,解放牌,366664000000000000 ,366064000000000000 ,198204,198611,8,5,4,工作日,早高峰(7-9点),2015-04-04,2015年4月4日,多云 /多云,29℃ / 18℃,南风 ≤3级 /南风 ≤3级,多云,多云,29,18,南风,≤3级,南风,≤3级,day
2015-04-04 08:30:00,蟠桃宫,7、未按规定让行的 ,负全部责任,不负责任,1,贵A29H98,蓝,1,云GC6572,红,自培,-1,2014/5/27 0:00,-1,纳智捷牌,-1,36455651884143765X,366669000000000000 ,197709,197012,8,5,4,工作日,早高峰(7-9点),2015-04-04,2015年4月4日,多云 /多云,29℃ / 18℃,南风 ≤3级 /南风 ≤3级,多云,多云,29,18,南风,≤3级,南风,≤3级,day