accidenttime,accidentaddr,driver1fault,driver1responsibility,driver2responsibility,sex1,platenumber1,carcolor1,sex2,platenumber2,carcolor2,jxmc1,jxmc2,cclzrq1,cclzrq2,clpp1,clpp2,driver1license,driver2license,brith1,brith2,hour,weekday,month,is_weekday,peak_hour,date,日期,天气状况,气温,风力风向,day_wea,night_wea,day_tep,night_tep,day_wind_direction,day_wind_speed,night_wind_direction,night_wind_speed,segment
2015-04-08 00:00:00,花溪大道,7、未按规定让行的 ,负全部责任,不负责任,1,川Z4P519,黑色,1,苏E61119,白色,吉源驾校,-1,2014/9/26 0:00,-1,众泰牌,\N,355567000000000000 ,774761000000000000 ,196708,198011,0,2,4,工作日,非高峰,2015-04-08,2015年4月8日,小雨 /小雨,10℃ / 6℃,东北风 ≤3级 /东北风 ≤3级,小雨,小雨,10,6,东北风,≤3级,东北风,≤3级,night
2015-04-04 09:30:00,野鸭塘,1、追尾的,负全部责任,不负责任,1,贵AC3660,黑,1,贵A8439S,银,万里圣驾校（清镇市）,预约考试窗口,2013/10/11 0:00,2007/3/29 0:00,山城牌,奇瑞牌,366347000000000000 ,364568000000000000 ,197503,198601,9,5,4,工作日,早高峰(7-9点),2015-04-04,2015年4月4日,多云 /多云,29℃ / 18℃,南风 ≤3级 /南风 ≤3级,多云,多云,29,18,南风,≤3级,南风,≤3级,day
2015-04-04 09:00:00,金苏大道,7、未按规定让行的 ,负全部责任,不负责任,0,贵ASA814,银,1,贵CKH1945,银,自培,520134,1987/11/22 0:00,2009/3/25 0:00,东风日产牌,-1,364558000000000000 ,364558000000000000 ,195810,198906,9,5,4,工作日,早高峰(7-9点),2015-04-04,2015年4月4日,多云 /多云,29℃ / 18℃,南风 ≤3级 /南风 ≤3级,多云,多云,29,18,南风,≤3级,南风,≤3级,day
2015-04-04 09:00:00,花溪碧桂园,7、未按规定让行的 ,负全部责任,不负责任,1,贵A28570,白色,1,贵A31G45,白色,消防驾校,诚信驾驶培训学校,2001/5/25 0:00,2012/4/27 0:00,金旅牌,翼搏牌,366364000000000000 ,364556000000000000 ,196704,198610,9,5,4,工作日,早高峰(7-9点),2015-04-04,2015年4月4日,多云 /多云,29℃ / 18℃,南风 ≤3级 /南风 ≤3级,多云,多云,29,18,南风,≤3级,南风,≤3级,day
2015-04-04 14:43:00,小河,3、倒车的,负全部责任,不负责任,1,粤B848WY,白色,1,贵AC026M,白色,-1,文通驾校,-1,2011/4/25 0:00,宝马牌,捷豹XJ,36606051984645527X,64542500000000000 ,198702,197012,14,5,4,工作日,非高峰,2015-04-04,2015年4月4日,多云 /多云,29℃ / 18℃,南风 ≤3级 /南风 ≤3级,多云,多云,29,18,南风,≤3级,南风,≤3级,day
2015-04-04 08:56:00,上麦,8、依法应负全责的其他情形,负全部责任,不负责任,1,贵CCU823,白,1,贵A93689,白,自培,十一驾驶培训有限公司,2009/5/14 0:00,2014/9/29 0:00,东风标致牌,东风,366562000000000000 ,364557000000000000 ,198410,199109,8,5,4,工作日,早高峰(7-9点),2015-04-04,2015年4月4日,多云 /多云,29℃ / 18℃,南风 ≤3级 /南风 ≤3级,多云,多云,29,18,南风,≤3级,南风,≤3级,day
2015-04-04 08:11:00,花溪大道,7、未按规定让行的 ,负全部责任,不负责任,1,贵A97797,白色,1,贵A26412,白色,自培,-1,2007/9/4 0:00,-1,徐工牌,福田牌,366068000000000000 ,366346000000000000 ,197604,197809,8,5,4,工作日,早高峰(7-9点),2015-04-04,2015年4月4日,多云 /多云,29℃ / 18℃,南风 ≤3级 /南风 ≤3级,多云,多云,29,18,南风,≤3级,南风,≤3级,day
2015-04-04 07:30:00,小河,9、不符合前8款规定或者双方同时具有上述情形的,负同等责任,负同等责任,1,贵AHE258,白色,1,贵AGB961,白色,贵州现代驾驶培训责任有限公司,十一培,2010/2/9 0:00,1993/12/12 0:00,波罗牌,奇瑞牌,364548000000000000 ,364547000000000000 ,197804,196807,7,5,4,工作日,早高峰(7-9点),2015-04-04,2015年4月4日,多云 /多云,29℃ / 18℃,南风 ≤3级 /南风 ≤3级,多云,多云,29,18,南风,≤3级,南风,≤3级,day
2015-04-04 01:30:00,花果园,7、未按规定让行的 ,负全部责任,不负责任,1,贵CKU156,白色,1,贵ACV228,白色,遵义市驰龙封闭式汽车驾驶培训有限公司,十一培,2012/7/10 0:00,1997/9/2 0:00,大众汽车牌,荣威牌,36657651934564550X,36454651204169066X,198501,196409,1,5,4,工作日,非高峰,2015-04-04,2015年4月4日,多云 /多云,29℃ / 18℃,南风 ≤3级 /南风 ≤3级,多云,多云,29,18,南风,≤3级,南风,≤3级,night
2015-04-03 16:44:00,三桥,7、未按规定让行的 ,负全部责任,不负责任,1,贵A0H231,黄,1,贵AU0550,蓝,无,十一培,2014/4/30 0:00,1990/3/4 0:00,别克牌,万达牌,764866000000000000 ,364557000000000000 ,197906,195902,16,4,4,工作日,非高峰,2015-04-03,2015年4月3日,多云 /多云,30℃ / 19℃,南风 ≤3级 /南风 ≤3级,多云,多云,30,19,南风,≤3级,南风,≤3级,day
2015-04-03 20:00:00,金珠东路,1、追尾的,负全部责任,不负责任,1,贵ADK328,白,1,贵A8696F,白,（白云区）景宏驾驶培训有限公司,自培,2008/1/11 0:00,2005/2/6 0:00,锋范牌,大众汽车牌,64166500000000000 ,366566000000000000 ,197809,197009,20,4,4,工作日,非高峰,2015-04-03,2015年4月3日,多云 /多云,30℃ / 19℃,南风 ≤3级 /南风 ≤3级,多云,多云,30,19,南风,≤3级,南风,≤3级,night
2015-04-04 09:00:00,笔山小区,8、依法应负全责的其他情形,负全部责任,不负责任,1,渝G5E741,白色,1,闽CZB281,白色,贵州省长安驾驶培训学校,-1,2010/6/12 0:00,-1,北京牌,途威,357366000000000000 ,3645470000000000 ,195711,197808,9,5,4,工作日,早高峰(7-9点),2015-04-04,2015年4月4日,多云 /多云,29℃ / 18℃,南风 ≤3级 /南风 ≤3级,多云,多云,29,18,南风,≤3级,南风,≤3级,day
2015-04-04 08:15:00,西二环,7、未按规定让行的 ,负全部责任,不负责任,1,贵FN7393,白,1,湘AD2358,白,毕节地区金春汽车驾驶培训学校,-1,2011/5/26 0:00,-1,理念牌,帝豪牌,366061000000000000 ,74366500000000000 ,198901,197103,8,5,4,工作日,早高峰(7-9点),2015-04-04,2015年4月4日,多云 /多云,29℃ / 18℃,南风 ≤3级 /南风 ≤3级,多云,多云,29,18,南风,≤3级,南风,≤3级,day
2015-04-04 11:00:00,延安路,8、依法应负全责的其他情形,负全部责任,不负责任,1,贵AE147,黑,1,贵A68F64,红,-1,全林驾校,-1,2010/9/29 0:00,-1,东风标致牌,354286000000000000 ,366364000000000000 ,197207,196704,11,5,4,工作日,非高峰,2015-04-04,2015年4月4日,多云 /多云,29℃ / 18℃,南风 ≤3级 /南风 ≤3级,多云,多云,29,18,南风,≤3级,南风,≤3级,day
2015-04-04 11:30:00,白云南路,8、依法应负全责的其他情形,负全部责任,不负责任,0,贵A18V15,白,1,贵A2950C,白,520135,青正驾校,2009/4/27 0:00,2012/7/24 0:00,明锐牌,丰田牌,364558000000000000 ,366861000000000000 ,198412,198106,11,5,4,工作日,非高峰,2015-04-04,2015年4月4日,多云 /多云,29℃ / 18℃,南风 ≤3级 /南风 ≤3级,多云,多云,29,18,南风,≤3级,南风,≤3级,day
2015-04-04 11:25:00,衰草路,9、不符合前8款规定或者双方同时具有上述情形的,负同等责任,负同等责任,1,贵A35G32,黑,1,贵AU1936,黄,新天驾校,黔丰驾校（花溪区）,2011/8/29 0:00,2008/1/31 0:00,丰田牌,瑞麒牌,364547000000000000 ,366361000000000000 ,198809,197201,11,5,4,工作日,非高峰,2015-04-04,2015年4月4日,多云 /多云,29℃ / 18℃,南风 ≤3级 /南风 ≤3级,多云,多云,29,18,南风,≤3级,南风,≤3级,day
2015-04-04 09:30:00,沙冲路,7、未按规定让行的 ,负全部责任,不负责任,1,贵GF8625,白色,1,贵AB110L,白色,安顺市顺阳驾校培训学校,市警校驾校,-1,2008/1/29 0:00,奇瑞牌,观致牌,366346000000000000 ,366361000000000000 ,196012,198809,9,5,4,工作日,早高峰(7-9点),2015-04-04,2015年4月4日,多云 /多云,29℃ / 18℃,南风 ≤3级 /南风 ≤3级,多云,多云,29,18,南风,≤3级,南风,≤3级,day
2015-04-04 11:00:00,兴关路,7、未按规定让行的 ,负全部责任,不负责任,1,贵AP7623,白色,1,贵A22334,黑色,（经开区）十一驾驶培训有限公司,宏达驾校,2005/8/19 0:00,-1,三铃牌,豪泺牌,61442500000000000 ,366246000000000000 ,196503,196409,11,5,4,工作日,非高峰,2015-04-04,2015年4月4日,多云 /多云,29℃ / 18℃,南风 ≤3级 /南风 ≤3级,多云,多云,29,18,南风,≤3级,南风,≤3级,day
2015-04-04 09:00:00,花溪大道,7、未按规定让行的 ,负全部责任,不负责任,1,贵AL7268,白色,1,贵JBB286,白色,-1,（花溪区）金马驾驶培训有限公司,-1,2015/2/9 0:00,起亚牌,东风日产牌,364545000000 ,364547000000000000 ,760916,199008,9,5,4,工作日,早高峰(7-9点),2015-04-04,2015年4月4日,多云 /多云,29℃ / 18℃,南风 ≤3级 /南风 ≤3级,多云,多云,29,18,南风,≤3级,南风,≤3级,day
2015-04-04 11:00:00,金阳,3、倒车的,负全部责任,不负责任,0,贵FZP721,银,1,贵A3AN22,银,-1,自培,-1,2014/11/26 0:00,-1,大众汽车牌,366066000000000000 ,366667000000000000 ,196312,197501,11,5,4,工作日,非高峰,2015-04-04,2015年4月4日,多云 /多云,29℃ / 18℃,南风 ≤3级 /南风 ≤3级,多云,多云,29,18,南风,≤3级,南风,≤3级,day
2015-04-04 11:20:00,云盘南路,8、依法应负全责的其他情形,负全部责任,不负责任,1,贵AKS519,白,1,川R36143,白,阳光驾校,-1,2011/11/17 0:00,-1,轩逸牌,-1,364566000000000000 ,355761000000000000 ,198901,198311,11,5,4,工作日,非高峰,2015-04-04,2015年4月4日,多云 /多云,29℃ / 18℃,南风 ≤3级 /南风 ≤3级,多云,多云,29,18,南风,≤3级,南风,≤3级,day
2015-04-04 03:00:00,富源中路,8、依法应负全责的其他情形,负全部责任,不负责任,1,贵CM3328,白色,1,贵A015A8,白色,自培,-1,2012/10/23 0:00,-1,豪进牌,东风牌,664361000000000000 ,364740000000 ,198709,20363,3,5,4,工作日,非高峰,2015-04-04,2015年4月4日,多云 /多云,29℃ / 18℃,南风 ≤3级 /南风 ≤3级,多云,多云,29,18,南风,≤3级,南风,≤3级,night
2015-04-04 09:30:00,粑粑街,8、依法应负全责的其他情形,负全部责任,不负责任,1,贵A90576,银,1,贵A3041P,银,自培,-1,2000/7/26 0:00,-1,三一牌,长安牌,374564000000000000 ,366067000000000000 ,197912,197404,9,5,4,工作日,早高峰(7-9点),2015-04-04,2015年4月4日,多云 /多云,29℃ / 18℃,南风 ≤3级 /南风 ≤3级,多云,多云,29,18,南风,≤3级,南风,≤3级,day
2015-04-04 09:30:00,白云区,7、未按规定让行的 ,负全部责任,不负责任,1,贵A0931,蓝,1,贵A5972B,白,自培,-1,2005/9/16 0:00,-1,-1,长安牌,366361000000000000 ,74147500000000000 ,196603,198308,9,5,4,工作日,早高峰(7-9点),2015-04-04,2015年4月4日,多云 /多云,29℃ / 18℃,南风 ≤3级 /南风 ≤3级,多云,多云,29,18,南风,≤3级,南风,≤3级,day
2015-04-04 09:20:00,金阳,1、追尾的,负全部责任,不负责任,1,贵AU6107,白,1,贵A66A32,白,（经开区）十一驾驶培训有限公司,自培,2005/2/6 0:00,2006/9/15 0:00,东风雪铁龙牌,锋范牌,366367000000000000 ,366561000000000000 ,196906,197701,9,5,4,工作日,早高峰(7-9点),2015-04-04,2015年4月4日,多云 /多云,29℃ / 18℃,南风 ≤3级 /南风 ≤3级,多云,多云,29,18,南风,≤3级,南风,≤3级,day
2015-04-04 03:00:00,团坡桥,1、追尾的,负全部责任,不负责任,1,贵A58Y81,白色,1,贵GK9868,白色,自培,自培,2002/11/23 0:00,2005/3/2 0:00,凯迪拉克,奥迪牌,364547000000000000 ,364547000000000000 ,196601,197512,3,5,4,工作日,非高峰,2015-04-04,2015年4月4日,多云 /多云,29℃ / 18℃,南风 ≤3级 /南风 ≤3级,多云,多云,29,18,南风,≤3级,南风,≤3级,night
2015-04-04 09:00:00,金苏大道,8、依法应负全责的其他情形,负全部责任,不负责任,1,贵FB9208,白,1,贵A39883,白,毕节地区黔中汽车(摩托车)驾驶培训学校,惠水县黔岭机动车驾驶培训有限公司,-1,2006/4/20 0:00,雪佛兰牌,昌河,366068000000000000 ,36686851284668725X,199006,196702,9,5,4,工作日,早高峰(7-9点),2015-04-04,2015年4月4日,多云 /多云,29℃ / 18℃,南风 ≤3级 /南风 ≤3级,多云,多云,29,18,南风,≤3级,南风,≤3级,day
2015-04-04 11:40:00,白云区,8、依法应负全责的其他情形,负全部责任,不负责任,1,贵ATW348,黑,1,贵ACD351,白,黔西县宏远黔职驾校有限公司,-1,2011/6/16 0:00,-1,五菱牌,东风日产牌,366068000000000000 ,366846000000000000 ,197302,196503,11,5,4,工作日,非高峰,2015-04-04,2015年4月4日,多云 /多云,29℃ / 18℃,南风 ≤3级 /南风 ≤3级,多云,多云,29,18,南风,≤3级,南风,≤3级,day
2015-04-04 11:20:00,环城高速路口,7、未按规定让行的 ,负全部责任,不负责任,1,贵GN7548,黑,1,川E03143,红,（花溪区）贵州大学驾驶培训有限公司,-1,2006/9/1 0:00,-1,荣威牌,-1,366369000000000000 ,354367000000000000 ,198510,197410,11,5,4,工作日,非高峰,2015-04-04,2015年4月4日,多云 /多云,29℃ / 18℃,南风 ≤3级 /南风 ≤3级,多云,多云,29,18,南风,≤3级,南风,≤3级,day
2015-04-04 12:30:00,四方河路,7、未按规定让行的 ,负全部责任,不负责任,1,贵AE0966,白色,1,贵A095B6,白色,市警校驾校,鑫鑫驾校,2011/12/6 0:00,2012/9/21 0:00,钱江牌,解放牌,344605000000000000 ,344664000000000000 ,198602,199403,12,5,4,工作日,非高峰,2015-04-04,2015年4月4日,多云 /多云,29℃ / 18℃,南风 ≤3级 /南风 ≤3级,多云,多云,29,18,南风,≤3级,南风,≤3级,day
2015-04-04 12:00:00,贵开路,1、追尾的,负全部责任,不负责任,1,贵AHY728,白色,1,贵A6407Z,白色,市交校,自培,2010/4/12 0:00,2004/2/26 0:00,丰田牌,豪情牌,364547000000000000 ,364557000000000000 ,196711,197910,12,5,4,工作日,非高峰,2015-04-04,2015年4月4日,多云 /多云,29℃ / 18℃,南风 ≤3级 /南风 ≤3级,多云,多云,29,18,南风,≤3级,南风,≤3级,day
2015-04-04 12:00:00,解放路,7、未按规定让行的 ,负全部责任,不负责任,1,沪ADK449,白色,1,贵AC7921,白色,-1,公交公司驾校,-1,2006/12/12 0:00,长安牌,鑫源牌,765468000000000000 ,366361000000000000 ,197507,198110,12,5,4,工作日,非高峰,2015-04-04,2015年4月4日,多云 /多云,29℃ / 18℃,南风 ≤3级 /南风 ≤3级,多云,多云,29,18,南风,≤3级,南风,≤3级,day
2015-04-04 13:30:00,花果园,7、未按规定让行的 ,负全部责任,不负责任,1,贵AU5039,蓝,1,贵A6417P,蓝,自培,消防驾校,1997/8/5 0:00,2010/4/6 0:00,捷达牌,五菱牌,364547000000000000 ,366567000000000000 ,196304,197311,13,5,4,工作日,非高峰,2015-04-04,2015年4月4日,多云 /多云,29℃ / 18℃,南风 ≤3级 /南风 ≤3级,多云,多云,29,18,南风,≤3级,南风,≤3级,day
2015-04-04 14:00:00,北京西路,7、未按规定让行的 ,负全部责任,不负责任,1,川AQF886,黑,1,贵A47L44,银,-1,全林驾校,-1,2014/5/20 0:00,凯迪拉克,起亚牌,754555000000000000 ,726771000000000000 ,198302,198809,14,5,4,工作日,非高峰,2015-04-04,2015年4月4日,多云 /多云,29℃ / 18℃,南风 ≤3级 /南风 ≤3级,多云,多云,29,18,南风,≤3级,南风,≤3级,day
2015-04-04 11:45:00,凤凰山,4、停车时未挂低速档、未拉驻车制动，导致车辆滑行的,负全部责任,不负责任,1,贵AHT544,银,0,贵A75L21,红,-1,预约考试窗口,-1,2007/6/21 0:00,夏利牌,宝马牌,3645560000000000 ,364548000000000000 ,176032,197606,11,5,4,工作日,非高峰,2015-04-04,2015年4月4日,多云 /多云,29℃ / 18℃,南风 ≤3级 /南风 ≤3级,多云,多云,29,18,南风,≤3级,南风,≤3级,day
2015-04-04 14:30:00,贵惠大道,7、未按规定让行的 ,负全部责任,不负责任,1,贵A5820B,白色,1,贵AB099C,白色,消防驾校,时发驾校,2011/3/25 0:00,2014/11/4 0:00,别克牌,吉利牌,366363000000000000 ,364556000000000000 ,197606,198803,14,5,4,工作日,非高峰,2015-04-04,2015年4月4日,多云 /多云,29℃ / 18℃,南风 ≤3级 /南风 ≤3级,多云,多云,29,18,南风,≤3级,南风,≤3级,day
2015-04-04 14:30:00,湘雅村,1、追尾的,负全部责任,不负责任,1,贵A8621B,白色,1,贵A75N75,白色,阳光驾校,诚信驾驶培训学校,2015/1/5 0:00,2014/12/23 0:00,五菱牌,宝马,366364000000000000 ,364548000000000000 ,196806,198809,14,5,4,工作日,非高峰,2015-04-04,2015年4月4日,多云 /多云,29℃ / 18℃,南风 ≤3级 /南风 ≤3级,多云,多云,29,18,南风,≤3级,南风,≤3级,day
2015-04-04 13:57:00,甘荫塘,3、倒车的,负全部责任,不负责任,1,贵A2BA87,白色,1,贵JDW778,白色,-1,时发驾校,-1,2014/12/1 0:00,福克斯牌,五菱牌,364547000000000000 ,364547000000000000 ,197611,198411,13,5,4,工作日,非高峰,2015-04-04,2015年4月4日,多云 /多云,29℃ / 18℃,南风 ≤3级 /南风 ≤3级,多云,多云,29,18,南风,≤3级,南风,≤3级,day
2015-04-04 12:30:00,宝福山,7、未按规定让行的 ,负全部责任,不负责任,1,贵A7514,银,0,贵ACN708,银,-1,时发驾校,-1,2012/3/6 0:00,田野牌,雪佛兰牌,364547000000000000 ,364548000000000000 ,196412,198804,12,5,4,工作日,非高峰,2015-04-04,2015年4月4日,多云 /多云,29℃ / 18℃,南风 ≤3级 /南风 ≤3级,多云,多云,29,18,南风,≤3级,南风,≤3级,day
2015-04-04 12:00:00,小河平桥,1、追尾的,负全部责任,不负责任,1,贵ALN149,白色,1,贵ADW816,白色,-1,520126,-1,2008/10/21 0:00,长安牌,大众,366061000000000000 ,366364000000000000 ,198009,196501,12,5,4,工作日,非高峰,2015-04-04,2015年4月4日,多云 /多云,29℃ / 18℃,南风 ≤3级 /南风 ≤3级,多云,多云,29,18,南风,≤3级,南风,≤3级,day
2015-04-04 18:00:00,孟关,7、未按规定让行的 ,负全部责任,不负责任,1,贵JCH262,白色,1,贵ALW417,白色,-1,自培,-1,2007/11/23 0:00,江淮牌,东风雪铁龙牌,366875000000000000 ,364548000000000000 ,198010,198409,18,5,4,工作日,晚高峰(17-19点),2015-04-04,2015年4月4日,多云 /多云,29℃ / 18℃,南风 ≤3级 /南风 ≤3级,多云,多云,29,18,南风,≤3级,南风,≤3级,day
2015-04-04 11:30:00,金阳红街,3、倒车的,负全部责任,不负责任,1,贵AAZ191,黑,1,贵A83C87,黑,自培,自培,2005/9/19 0:00,2003/3/30 0:00,别克牌,福克斯牌,366669000000000000 ,366347000000000000 ,198301,197311,11,5,4,工作日,非高峰,2015-04-04,2015年4月4日,多云 /多云,29℃ / 18℃,南风 ≤3级 /南风 ≤3级,多云,多云,29,18,南风,≤3级,南风,≤3级,day
2015-04-04 11:30:00,小河转盘,7、未按规定让行的 ,负全部责任,不负责任,1,贵GR1891,白色,1,贵A0BV26,白色,自培,未定义,2003/1/21 0:00,2014/5/15 0:00,雪佛兰牌,东风标致牌,355468000000000000 ,366668000000000000 ,197707,196910,11,5,4,工作日,非高峰,2015-04-04,2015年4月4日,多云 /多云,29℃ / 18℃,南风 ≤3级 /南风 ≤3级,多云,多云,29,18,南风,≤3级,南风,≤3级,day
2015-04-04 13:00:00,锦江路,5、开关车门的,负全部责任,不负责任,1,贵A9599N,白色,1,贵A143B5,白色,自培,阳光驾校,2004/5/24 0:00,2012/10/28 0:00,长安牌,长安牌,354561000000000000 ,364556000000000000 ,197804,197605,13,5,4,工作日,非高峰,2015-04-04,2015年4月4日,多云 /多云,29℃ / 18℃,南风 ≤3级 /南风 ≤3级,多云,多云,29,18,南风,≤3级,南风,≤3级,day
2015-04-04 11:00:00,云岩区,7、未按规定让行的 ,负全部责任,不负责任,1,贵JH1671,白色,1,贵AU7022,白色,自培,十一培,2006/3/7 0:00,1993/12/29 0:00,北京现代牌,奇瑞牌,366870000000000000 ,366368000000000000 ,197905,196912,11,5,4,工作日,非高峰,2015-04-04,2015年4月4日,多云 /多云,29℃ / 18℃,南风 ≤3级 /南风 ≤3级,多云,多云,29,18,南风,≤3级,南风,≤3级,day
2015-04-04 12:00:00,白云 ,7、未按规定让行的 ,负全部责任,不负责任,1,贵A52F87,黑,1,贵A8158J,银,自培,自培,-1,2006/11/22 0:00,大众牌,五菱牌,36455751894842405X,364558000000000000 ,197807,198505,12,5,4,工作日,非高峰,2015-04-04,2015年4月4日,多云 /多云,29℃ / 18℃,南风 ≤3级 /南风 ≤3级,多云,多云,29,18,南风,≤3级,南风,≤3级,day
2015-04-04 13:40:00,新世界,7、未按规定让行的 ,负全部责任,不负责任,0,贵A72G79,黑,1,贵ADT593,黑,（乌当区）平安驾驶培训有限公司,自培,2006/4/11 0:00,2007/3/19 0:00,福克斯牌,昌河牌,364547000000000000 ,366575000000000000 ,197808,197502,13,5,4,工作日,非高峰,2015-04-04,2015年4月4日,多云 /多云,29℃ / 18℃,南风 ≤3级 /南风 ≤3级,多云,多云,29,18,南风,≤3级,南风,≤3级,day
2015-04-04 21:10:00,太慈桥,7、未按规定让行的 ,负全部责任,不负责任,1,贵A4131H,红,1,贵AU2612,红,-1,自培,-1,2010/5/31 0:00,解放牌,瑞麒牌,354675000000000000 ,366061000000000000 ,196502,197006,21,5,4,工作日,非高峰,2015-04-04,2015年4月4日,多云 /多云,29℃ / 18℃,南风 ≤3级 /南风 ≤3级,多云,多云,29,18,南风,≤3级,南风,≤3级,night
2015-04-04 13:00:00,宝山北路,1、追尾的,负全部责任,不负责任,1,贵A3EB91,红,1,贵AX6402,银,自培,自培,2003/7/3 0:00,2004/6/7 0:00,长城牌,东风雪铁龙牌,364548000000000000 ,364558000000000000 ,197406,197405,13,5,4,工作日,非高峰,2015-04-04,2015年4月4日,多云 /多云,29℃ / 18℃,南风 ≤3级 /南风 ≤3级,多云,多云,29,18,南风,≤3级,南风,≤3级,day
2015-04-04 17:30:00,商贸城,1、追尾的,负全部责任,不负责任,1,浙DR4M35,白,1,贵A014P9,红,-1,自培,-1,2006/1/11 0:00,大众汽车牌,-1,354767000000000000 ,366064000000000000 ,197510,198704,17,5,4,工作日,晚高峰(17-19点),2015-04-04,2015年4月4日,多云 /多云,29℃ / 18℃,南风 ≤3级 /南风 ≤3级,多云,多云,29,18,南风,≤3级,南风,≤3级,day
2015-04-04 22:00:00,清溪路,3、倒车的,负全部责任,不负责任,1,贵A45Y67,白色,1,贵A7901F,白色,（南明区）阳光驾驶培训有限公司,鑫鑫驾校,2006/8/3 0:00,2012/7/16 0:00,马自达牌,大众汽车牌,364556000000000000 ,364556000000000000 ,198801,199401,22,5,4,工作日,非高峰,2015-04-04,2015年4月4日,多云 /多云,29℃ / 18℃,南风 ≤3级 /南风 ≤3级,多云,多云,29,18,南风,≤3级,南风,≤3级,night
2015-04-04 19:10:00,小河中曹司大桥,7、未按规定让行的 ,负全部责任,不负责任,1,渝BNC448,白色,1,贵AKC389,白色,-1,520117,-1,2010/1/6 0:00,卡宴,起亚牌,366670000000000000 ,36606351144941035X,198401,199008,19,5,4,工作日,晚高峰(17-19点),2015-04-04,2015年4月4日,多云 /多云,29℃ / 18℃,南风 ≤3级 /南风 ≤3级,多云,多云,29,18,南风,≤3级,南风,≤3级,day
2015-04-04 21:30:00,沙冲路,1、追尾的,负全部责任,不负责任,1,贵AR1817,黑,1,贵A48Y95,银,贵工驾校,520108,2014/8/7 0:00,2010/8/10 0:00,大江牌,梅赛德斯-奔驰牌,366346000000000000 ,364548000000000000 ,199307,197204,21,5,4,工作日,非高峰,2015-04-04,2015年4月4日,多云 /多云,29℃ / 18℃,南风 ≤3级 /南风 ≤3级,多云,多云,29,18,南风,≤3级,南风,≤3级,night
2015-04-04 17:30:00,二浦,9、不符合前8款规定或者双方同时具有上述情形的,负同等责任,负同等责任,1,贵A4RZ14,黑,1,贵A72C11,黑,安顺市开发区千合机动车培训学校,安顺市开发区千合机动车培训学校,-1,2006/11/20 0:00,-1,荣威牌,36634551174765825X,364596000000000000 ,199303,198805,17,5,4,工作日,晚高峰(17-19点),2015-04-04,2015年4月4日,多云 /多云,29℃ / 18℃,南风 ≤3级 /南风 ≤3级,多云,多云,29,18,南风,≤3级,南风,≤3级,day
2015-04-04 17:47:00,兴筑路,8、依法应负全责的其他情形,负全部责任,不负责任,1,贵A8AP22,黄,1,贵AS4559, 黑,贵州省长安驾驶培训学校,-1,2012/2/23 0:00,-1,长安牌,宝马牌,366566000000000000 ,366861000000000000 ,197709,197412,17,5,4,工作日,晚高峰(17-19点),2015-04-04,2015年4月4日,多云 /多云,29℃ / 18℃,南风 ≤3级 /南风 ≤3级,多云,多云,29,18,南风,≤3级,南风,≤3级,day
2015-04-04 19:00:00,大营坡,8、依法应负全责的其他情形,负全部责任,不负责任,1,贵FM8811,黑,1,贵A6AE91,白,-1,吉源驾校,-1,2014/12/1 0:00,东风牌,雪佛兰牌,364647000000000000 ,366068000000000000 ,195902,198204,19,5,4,工作日,晚高峰(17-19点),2015-04-04,2015年4月4日,多云 /多云,29℃ / 18℃,南风 ≤3级 /南风 ≤3级,多云,多云,29,18,南风,≤3级,南风,≤3级,day
2015-04-04 16:00:00,白云区,5、开关车门的,负全部责任,不负责任,1,贵A6BL33,白,1,贵FX9351,白,-1,消防驾校,-1,2011/10/18 0:00,长安牌,长安牌,55369500000000000 ,366067000000000000 ,198411,198009,16,5,4,工作日,非高峰,2015-04-04,2015年4月4日,多云 /多云,29℃ / 18℃,南风 ≤3级 /南风 ≤3级,多云,多云,29,18,南风,≤3级,南风,≤3级,day
2015-04-04 15:00:00,未来方舟,8、依法应负全责的其他情形,负全部责任,不负责任,1,贵J69532,白,1,贵CJ352,白,-1,道真驾校,-1,-1,中集牌,-1,3686350000000000 ,366564000000000000 ,198111,198605,15,5,4,工作日,非高峰,2015-04-04,2015年4月4日,多云 /多云,29℃ / 18℃,南风 ≤3级 /南风 ≤3级,多云,多云,29,18,南风,≤3级,南风,≤3级,day
2015-04-05 10:00:00,金竹镇,3、倒车的,负全部责任,不负责任,1,贵A554D7,白色,1,贵A3696U,白色,遵义市航天汽车驾驶员培训有限公司,-1,2011/1/24 0:00,-1,福田牌,五菱牌,366563000000000000 ,65497500000000000 ,199105,198910,10,6,4,周末,非高峰,2015-04-05,2015年4月5日,阴 /阵雨,30℃ / 12℃,南风 ≤3级 /东北风 ≤3级,阴,阵雨,30,12,南风,≤3级,东北风,≤3级,day