accidenttime,accidentaddr,driver1fault,driver1responsibility,driver2responsibility,sex1,platenumber1,carcolor1,sex2,platenumber2,carcolor2,jxmc1,jxmc2,cclzrq1,cclzrq2,clpp1,clpp2,driver1license,driver2license,brith1,brith2,hour,weekday,month,is_weekday,peak_hour,date,日期,天气状况,气温,风力风向,day_wea,night_wea,day_tep,night_tep,day_wind_direction,day_wind_speed,night_wind_direction,night_wind_speed,segment
2015-04-04 17:36:00,商贸城,7、未按规定让行的 ,负全部责任,不负责任,1,贵FE6543,红,1,贵CGE575,银,贵州省长安驾驶培训学校,铁二局驾校,2013/10/14 0:00,2013/12/18 0:00,五菱牌,长安牌,364557000000000000 ,366577000000000000 ,198206,198108,17,5,4,工作日,晚高峰(17-19点),2015-04-04,2015年4月4日,多云 /多云,29℃ / 18℃,南风 ≤3级 /南风 ≤3级,多云,多云,29,18,南风,≤3级,南风,≤3级,day
2015-04-05 09:30:00,北京西路,7、未按规定让行的 ,负全部责任,不负责任,1,鄂L36491,黑,1,贵A99601,白,-1,毕节地区黔中驾校,-1,-1,奥迪牌,南骏牌,366761000000000000 ,366068000000000000 ,197110,198506,9,6,4,周末,早高峰(7-9点),2015-04-05,2015年4月5日,阴 /阵雨,30℃ / 12℃,南风 ≤3级 /东北风 ≤3级,阴,阵雨,30,12,南风,≤3级,东北风,≤3级,day
2015-04-04 15:30:00,新路口,1、追尾的,负全部责任,不负责任,0,贵A69F42,黑,1,贵GL0481,红,无,-1,2006/5/30 0:00,-1,长安牌,雪佛兰牌,364568000000000000 ,364547000000000000 ,198604,196603,15,5,4,工作日,非高峰,2015-04-04,2015年4月4日,多云 /多云,29℃ / 18℃,南风 ≤3级 /南风 ≤3级,多云,多云,29,18,南风,≤3级,南风,≤3级,day
2015-04-04 11:42:00,四方河,7、未按规定让行的 ,负全部责任,不负责任,1,豫DZ6422,白色,1,贵JDA228,白色,自培,吉源驾校,2003/10/21 0:00,2014/11/3 0:00,蒙迪欧牌,大众汽车牌,364547000000000000 ,364547000000000000 ,197204,199106,11,5,4,工作日,非高峰,2015-04-04,2015年4月4日,多云 /多云,29℃ / 18℃,南风 ≤3级 /南风 ≤3级,多云,多云,29,18,南风,≤3级,南风,≤3级,day
2015-04-04 16:20:00,贵州日报社,7、未按规定让行的 ,负全部责任,不负责任,1,贵A4BA29,白色,1,贵AU7693,白色,瓮安县鑫源驾驶培训学校,十一培,2012/3/6 0:00,1994/3/2 0:00,东风标致牌,大众牌,366864000000000000 ,364547000000000000 ,198506,196412,16,5,4,工作日,非高峰,2015-04-04,2015年4月4日,多云 /多云,29℃ / 18℃,南风 ≤3级 /南风 ≤3级,多云,多云,29,18,南风,≤3级,南风,≤3级,day
2015-04-04 12:00:00,医学院,8、依法应负全责的其他情形,负全部责任,不负责任,1,贵GV3478,银,1,贵AJC655,白,吉源驾校（南明区）,十一培,2015/3/6 0:00,1993/12/16 0:00,福克斯牌,比亚迪牌,364547000000000000 ,364548000000000000 ,198309,196204,12,5,4,工作日,非高峰,2015-04-04,2015年4月4日,多云 /多云,29℃ / 18℃,南风 ≤3级 /南风 ≤3级,多云,多云,29,18,南风,≤3级,南风,≤3级,day
2015-04-04 15:40:00,沙冲路,8、依法应负全责的其他情形,负全部责任,不负责任,1,贵A7BV83,白,1,贵A26G51,红,自培,十一培,2013/7/13 0:00,1998/8/26 0:00,金杯牌,福特牌,734398000000000000 ,364548000000000000 ,199008,197810,15,5,4,工作日,非高峰,2015-04-04,2015年4月4日,多云 /多云,29℃ / 18℃,南风 ≤3级 /南风 ≤3级,多云,多云,29,18,南风,≤3级,南风,≤3级,day
2015-04-04 17:30:00,杨柳街,3、倒车的,负全部责任,不负责任,1,贵A339B7,白,1,贵AGQ477,红,自培,自培,2008/10/22 0:00,2004/5/20 0:00,江铃牌,五菱牌,36606351855548747X,366576000000000000 ,197111,198307,17,5,4,工作日,晚高峰(17-19点),2015-04-04,2015年4月4日,多云 /多云,29℃ / 18℃,南风 ≤3级 /南风 ≤3级,多云,多云,29,18,南风,≤3级,南风,≤3级,day
2015-04-05 00:00:00,三江路口,7、未按规定让行的 ,负全部责任,不负责任,1,贵AA462V,白色,1,贵A6087B,白色,自培,-1,2006/7/24 0:00,-1,雪佛兰牌,五菱牌,366361000000000000 ,366375000000000000 ,197612,198101,0,6,4,周末,非高峰,2015-04-05,2015年4月5日,阴 /阵雨,30℃ / 12℃,南风 ≤3级 /东北风 ≤3级,阴,阵雨,30,12,南风,≤3级,东北风,≤3级,night
2015-04-05 10:55:00,金竹镇,3、倒车的,负全部责任,不负责任,1,贵A83533,白色,1,贵A5906V,白色,自培,贵州现代驾驶培训责任有限公司,2000/7/26 0:00,2011/1/4 0:00,空,大众汽车牌,36666351875453697X,364556000000000000 ,197310,198605,10,6,4,周末,非高峰,2015-04-05,2015年4月5日,阴 /阵雨,30℃ / 12℃,南风 ≤3级 /东北风 ≤3级,阴,阵雨,30,12,南风,≤3级,东北风,≤3级,day
2015-04-05 11:00:00,金阳北路,7、未按规定让行的 ,负全部责任,不负责任,1,贵A84556,黄,1,贵A7CB54,蓝,-1,安顺驾校,-1,-1,解放,福特牌,35474651844142445X,36604551934963580X,197009,198508,11,6,4,周末,非高峰,2015-04-05,2015年4月5日,阴 /阵雨,30℃ / 12℃,南风 ≤3级 /东北风 ≤3级,阴,阵雨,30,12,南风,≤3级,东北风,≤3级,day
2015-04-05 12:05:00,三桥,3、倒车的,负全部责任,不负责任,1,贵AB879V,银,1,贵AA932N,红,-1,预约考试窗口,-1,2006/10/22 0:00,五菱牌,五菱牌,574062000000000000 ,364557000000000000 ,198401,198701,12,6,4,周末,非高峰,2015-04-05,2015年4月5日,阴 /阵雨,30℃ / 12℃,南风 ≤3级 /东北风 ≤3级,阴,阵雨,30,12,南风,≤3级,东北风,≤3级,day
2015-04-05 07:50:00,花果园,7、未按规定让行的 ,负全部责任,不负责任,1,鄂L15463,白色,1,贵A5H748,白色,-1,金筑驾校,-1,2008/12/29 0:00,\N,东风标致牌,355664000000000000 ,366661000000000000 ,197606,198804,7,6,4,周末,早高峰(7-9点),2015-04-05,2015年4月5日,阴 /阵雨,30℃ / 12℃,南风 ≤3级 /东北风 ≤3级,阴,阵雨,30,12,南风,≤3级,东北风,≤3级,day
2015-04-05 13:30:00,五里冲,7、未按规定让行的 ,负全部责任,不负责任,1,贵A6BC35,银,0,贵A75L21,红,贵州天河驾校,预约考试窗口,2012/6/19 0:00,2007/6/21 0:00,丰田牌,宝马牌,366663000000000000 ,364548000000000000 ,198803,197606,13,6,4,周末,非高峰,2015-04-05,2015年4月5日,阴 /阵雨,30℃ / 12℃,南风 ≤3级 /东北风 ≤3级,阴,阵雨,30,12,南风,≤3级,东北风,≤3级,day
2015-04-05 11:01:00,北京西路,7、未按规定让行的 ,负全部责任,不负责任,1,贵GL48585,银,1,贵A61G58,银,-1,自培,-1,2012/12/31 0:00,-1,广汽菲亚特牌,355741000000000000 ,364557000000000000 ,198301,197508,11,6,4,周末,非高峰,2015-04-05,2015年4月5日,阴 /阵雨,30℃ / 12℃,南风 ≤3级 /东北风 ≤3级,阴,阵雨,30,12,南风,≤3级,东北风,≤3级,day
2015-04-05 13:40:00,乌当,7、未按规定让行的 ,负全部责任,不负责任,1,贵A42M25,白,1,贵A5BM49,黄,新华驾校,消防驾校,2014/12/17 0:00,2012/11/26 0:00,东风雪铁龙牌,大众汽车牌,366246000000000000 ,366664000000000000 ,196201,197812,13,6,4,周末,非高峰,2015-04-05,2015年4月5日,阴 /阵雨,30℃ / 12℃,南风 ≤3级 /东北风 ≤3级,阴,阵雨,30,12,南风,≤3级,东北风,≤3级,day
2015-04-05 12:10:00,乌当,5、开关车门的,负全部责任,不负责任,1,贵A858E4,黑,1,贵AHE914,银,贵定县阳光汽车驾驶培训学校,新天驾校,2012/9/24 0:00,2014/6/23 0:00,解放牌,福特锐界,65467500000000000 ,364557000000000000 ,198501,197308,12,6,4,周末,非高峰,2015-04-05,2015年4月5日,阴 /阵雨,30℃ / 12℃,南风 ≤3级 /东北风 ≤3级,阴,阵雨,30,12,南风,≤3级,东北风,≤3级,day
2015-04-05 14:00:00,红边门,7、未按规定让行的 ,负全部责任,不负责任,1,贵AN5213,银,1,贵A5BK11,白,-1,全林驾校,-1,2012/9/18 0:00,福克斯牌,东风雪铁龙牌,36454700000000000 ,366347000000000000 ,469020,198401,14,6,4,周末,非高峰,2015-04-05,2015年4月5日,阴 /阵雨,30℃ / 12℃,南风 ≤3级 /东北风 ≤3级,阴,阵雨,30,12,南风,≤3级,东北风,≤3级,day
2015-04-05 11:40:00,沙冲路,7、未按规定让行的 ,负全部责任,不负责任,1,贵A38S92,银,0,贵A79R61,银,-1,-1,-1,-1,Q7,沃尔沃,364548000000000000 ,364547000000000000 ,195610,198009,11,6,4,周末,非高峰,2015-04-05,2015年4月5日,阴 /阵雨,30℃ / 12℃,南风 ≤3级 /东北风 ≤3级,阴,阵雨,30,12,南风,≤3级,东北风,≤3级,day
2015-04-05 10:10:00,转弯塘,7、未按规定让行的 ,负全部责任,不负责任,1,贵A984G8,白,1,贵A98Z85,黑,自培,-1,2013/11/12 0:00,-1,长安牌,桑塔纳牌,36606651934845565X,36606751834042087X,198507,197504,10,6,4,周末,非高峰,2015-04-05,2015年4月5日,阴 /阵雨,30℃ / 12℃,南风 ≤3级 /东北风 ≤3级,阴,阵雨,30,12,南风,≤3级,东北风,≤3级,day
2015-04-05 10:00:00,凤凰山门口,3、倒车的,负全部责任,不负责任,1,贵A1728N,白色,1,贵A42X77,白色,（乌当区）新华驾驶培训有限公司,十一培,2005/6/2 0:00,1995/11/14 0:00,江淮牌,宝马,364551000000000000 ,364547000000000000 ,198008,196610,10,6,4,周末,非高峰,2015-04-05,2015年4月5日,阴 /阵雨,30℃ / 12℃,南风 ≤3级 /东北风 ≤3级,阴,阵雨,30,12,南风,≤3级,东北风,≤3级,day
2015-04-05 08:13:00,金阳,1、追尾的,负全部责任,不负责任,1,贵GY4369,银,1,贵AA470W,白,全林驾校,十一培,2014/10/14 0:00,1997/2/26 0:00,东风标致牌,夏利牌,36606051965563425X,366361000000000000 ,198211,197409,8,6,4,周末,早高峰(7-9点),2015-04-05,2015年4月5日,阴 /阵雨,30℃ / 12℃,南风 ≤3级 /东北风 ≤3级,阴,阵雨,30,12,南风,≤3级,东北风,≤3级,day
2015-04-05 11:00:00,长江路口,7、未按规定让行的 ,负全部责任,不负责任,1,贵A8BL31,白色,1,贵4564907,白色,-1,自培,-1,2007/7/26 0:00,长安牌,-1,366331000000000000 ,366068000000000000 ,197309,197312,11,6,4,周末,非高峰,2015-04-05,2015年4月5日,阴 /阵雨,30℃ / 12℃,南风 ≤3级 /东北风 ≤3级,阴,阵雨,30,12,南风,≤3级,东北风,≤3级,day
2015-04-05 08:30:00,森林公园,8、依法应负全责的其他情形,负全部责任,不负责任,1,贵A2321U,白,1,贵A28R97,黄,铁二局驾校,自培,2012/11/15 0:00,2009/11/18 0:00,五菱牌,途威,364547000000000000 ,364547000000000000 ,197503,198903,8,6,4,周末,早高峰(7-9点),2015-04-05,2015年4月5日,阴 /阵雨,30℃ / 12℃,南风 ≤3级 /东北风 ≤3级,阴,阵雨,30,12,南风,≤3级,东北风,≤3级,day
2015-04-05 10:30:00,白云区,3、倒车的,负全部责任,不负责任,1,贵AFN538,白,1,贵A9BM68,黑,自培,自培,2004/8/11 0:00,2002/5/28 0:00,朗逸牌,中华牌,366061000000000000 ,36455751954965565X,196204,198108,10,6,4,周末,非高峰,2015-04-05,2015年4月5日,阴 /阵雨,30℃ / 12℃,南风 ≤3级 /东北风 ≤3级,阴,阵雨,30,12,南风,≤3级,东北风,≤3级,day
2015-04-04 15:30:00,金杨路,1、追尾的,负全部责任,不负责任,1,贵A4764S,黑,1,贵AU6315,银,自培,自培,2007/5/10 0:00,2003/2/28 0:00,长城牌,山洋牌,366361000000000000 ,366064000000000000 ,196407,198103,15,5,4,工作日,非高峰,2015-04-04,2015年4月4日,多云 /多云,29℃ / 18℃,南风 ≤3级 /南风 ≤3级,多云,多云,29,18,南风,≤3级,南风,≤3级,day
2015-04-05 17:00:00,小河,7、未按规定让行的 ,负全部责任,不负责任,1,贵A19P79,白色,1,贵A6EB89,白色,-1,自培,-1,2000/5/29 0:00,长安牌,英菲尼迪 QX50,574068000000000000 ,364548000000000000 ,199004,197502,17,6,4,周末,晚高峰(17-19点),2015-04-05,2015年4月5日,阴 /阵雨,30℃ / 12℃,南风 ≤3级 /东北风 ≤3级,阴,阵雨,30,12,南风,≤3级,东北风,≤3级,day
2015-04-05 17:23:00,白云,3、倒车的,负全部责任,不负责任,1,贵ANV791,银,1,贵A9986T,黑,-1,安顺市汽车运输公司驾驶员培训学校,-1,2011/5/6 0:00,奥路卡牌,别克牌,366063000000000000 ,364557000000000000 ,198602,198810,17,6,4,周末,晚高峰(17-19点),2015-04-05,2015年4月5日,阴 /阵雨,30℃ / 12℃,南风 ≤3级 /东北风 ≤3级,阴,阵雨,30,12,南风,≤3级,东北风,≤3级,day
2015-04-05 16:00:00,仙人洞,8、依法应负全责的其他情形,负全部责任,不负责任,1,贵A471E3,蓝,1,贵ATE853,银,诚信驾驶培训学校,贵州省长安驾驶培训学校,2011/12/1 0:00,2011/6/13 0:00,飞碟牌,长安牌,366570000000000000 ,366064000000000000 ,197310,197406,16,6,4,周末,非高峰,2015-04-05,2015年4月5日,阴 /阵雨,30℃ / 12℃,南风 ≤3级 /东北风 ≤3级,阴,阵雨,30,12,南风,≤3级,东北风,≤3级,day
2015-04-05 16:35:00,白云,7、未按规定让行的 ,负全部责任,不负责任,1,贵AP0379,银,1,贵AU9807,蓝,-1,消防驾校,-1,2002/9/30 0:00,昌河牌,捷达牌,364547000000000 ,364558000000000000 ,491228,196511,16,6,4,周末,非高峰,2015-04-05,2015年4月5日,阴 /阵雨,30℃ / 12℃,南风 ≤3级 /东北风 ≤3级,阴,阵雨,30,12,南风,≤3级,东北风,≤3级,day
2015-04-05 15:30:00,金清大道,3、倒车的,负全部责任,不负责任,1,贵A170B2,银,1,贵AAH596,银,文通驾校,自培,2012/9/24 0:00,-1,解放牌,奥迪牌,364556000000000000 ,76347500000000000 ,198908,199204,15,6,4,周末,非高峰,2015-04-05,2015年4月5日,阴 /阵雨,30℃ / 12℃,南风 ≤3级 /东北风 ≤3级,阴,阵雨,30,12,南风,≤3级,东北风,≤3级,day
2015-04-05 14:45:00,电视机厂,7、未按规定让行的 ,负全部责任,不负责任,1,贵A98M32,白色,1,贵HAK995,白色,-1,时发驾校,-1,2012/9/7 0:00,雪佛兰牌,开瑞牌,364547000000000000 ,366577000000000000 ,198808,199209,14,6,4,周末,非高峰,2015-04-05,2015年4月5日,阴 /阵雨,30℃ / 12℃,南风 ≤3级 /东北风 ≤3级,阴,阵雨,30,12,南风,≤3级,东北风,≤3级,day
2015-04-05 18:44:00, 市公安局,9、不符合前8款规定或者双方同时具有上述情形的,负同等责任,负同等责任,1,贵AC082G,银,1,贵A48M39,银,吉源驾校,-1,2014/10/17 0:00,-1,夏利牌,吉利牌,366661000000000000 ,366577000000000000 ,198210,198309,18,6,4,周末,晚高峰(17-19点),2015-04-05,2015年4月5日,阴 /阵雨,30℃ / 12℃,南风 ≤3级 /东北风 ≤3级,阴,阵雨,30,12,南风,≤3级,东北风,≤3级,day
2015-04-06 09:00:00,宝山南路,9、不符合前8款规定或者双方同时具有上述情形的,负同等责任,负同等责任,1,贵AAH261,黑,1,贵ALS106,银,-1,自培,1979/2/23 0:00,1994/3/6 0:00,丰田(TOYOTA)牌,长安,36454751384964763X,364547000000000000 ,195708,197411,9,0,4,工作日,早高峰(7-9点),2015-04-06,2015年4月6日,阵雨 /阵雨,17℃ / 7℃,东北风 ≤3级 /东北风 ≤3级,阵雨,阵雨,17,7,东北风,≤3级,东北风,≤3级,day
2015-04-06 10:10:00,头桥,9、不符合前8款规定或者双方同时具有上述情形的,负同等责任,负同等责任,1,贵A7335N,红,1,贵ACJ741,银,-1,铁二局驾校,-1,2014/5/19 0:00,雪佛兰牌,大发牌,34556500000000000 ,355266000000000000 ,980091,199211,10,0,4,工作日,非高峰,2015-04-06,2015年4月6日,阵雨 /阵雨,17℃ / 7℃,东北风 ≤3级 /东北风 ≤3级,阵雨,阵雨,17,7,东北风,≤3级,东北风,≤3级,day
2015-04-05 21:40:00,南二环,7、未按规定让行的 ,负全部责任,不负责任,1,贵AA541P,白色,1,贵A4AN96,白色,黔丰驾校,铁二局驾校,2013/11/5 0:00,2013/1/21 0:00,众泰牌,别克牌,364596000000000000 ,366668000000000000 ,198702,197302,21,6,4,周末,非高峰,2015-04-05,2015年4月5日,阴 /阵雨,30℃ / 12℃,南风 ≤3级 /东北风 ≤3级,阴,阵雨,30,12,南风,≤3级,东北风,≤3级,night
2015-04-05 15:30:00,西二环,9、不符合前8款规定或者双方同时具有上述情形的,负同等责任,负同等责任,1,贵A87L95,红,1,贵JJ9688,银,顺一驾驶培训学校,-1,2013/11/20 0:00,-1,长安牌,三铃牌,364551000000000000 ,366869000000000000 ,199205,198111,15,6,4,周末,非高峰,2015-04-05,2015年4月5日,阴 /阵雨,30℃ / 12℃,南风 ≤3级 /东北风 ≤3级,阴,阵雨,30,12,南风,≤3级,东北风,≤3级,day
2015-04-05 16:00:00,解放路,7、未按规定让行的 ,负全部责任,不负责任,1,贵AU6242,白色,1,贵AWZ254,灰色,自培,自培,2004/5/10 0:00,1998/6/3 0:00,黄海牌,松花江,36454751385468761X,366363000000000000 ,195710,197702,16,6,4,周末,非高峰,2015-04-05,2015年4月5日,阴 /阵雨,30℃ / 12℃,南风 ≤3级 /东北风 ≤3级,阴,阵雨,30,12,南风,≤3级,东北风,≤3级,day
2015-04-05 18:00:00,西二环,7、未按规定让行的 ,负全部责任,不负责任,1,贵AUA046,银,1,贵A05301,绿,自培,铁二局驾校,2007/6/30 0:00,2007/2/1 0:00,丰田牌,长安,355748000000000000 ,36456651995543055X,198204,198811,18,6,4,周末,晚高峰(17-19点),2015-04-05,2015年4月5日,阴 /阵雨,30℃ / 12℃,南风 ≤3级 /东北风 ≤3级,阴,阵雨,30,12,南风,≤3级,东北风,≤3级,day
2015-04-05 10:40:00,红岩路,7、未按规定让行的 ,负全部责任,不负责任,1,贵GV1807,白色,1,贵AU8693,白色,贵大佳德驾驶培训学校,十一培,2014/5/27 0:00,1999/4/12 0:00,马自达牌,瑞麒牌,364547000000000000 ,366068000000000000 ,197112,196812,10,6,4,周末,非高峰,2015-04-05,2015年4月5日,阴 /阵雨,30℃ / 12℃,南风 ≤3级 /东北风 ≤3级,阴,阵雨,30,12,南风,≤3级,东北风,≤3级,day
2015-04-05 14:30:00,花溪大道,7、未按规定让行的 ,负全部责任,不负责任,1,贵GX2010,白色,1,贵AJY546,白色,自培,十一培,2007/2/14 0:00,1993/2/24 0:00,宝马,豪情牌,357466000000000000 ,364547000000000000 ,197007,196202,14,6,4,周末,非高峰,2015-04-05,2015年4月5日,阴 /阵雨,30℃ / 12℃,南风 ≤3级 /东北风 ≤3级,阴,阵雨,30,12,南风,≤3级,东北风,≤3级,day
2015-04-05 16:50:00,北京西路,7、未按规定让行的 ,负全部责任,不负责任,1,贵A4227S,白色,1,贵A83L96,白色,未定义,自培,2013/11/22 0:00,2004/10/25 0:00,野马牌,东风雪铁龙牌,366067000000000000 ,366566000000000000 ,199110,198007,16,6,4,周末,非高峰,2015-04-05,2015年4月5日,阴 /阵雨,30℃ / 12℃,南风 ≤3级 /东北风 ≤3级,阴,阵雨,30,12,南风,≤3级,东北风,≤3级,day
2015-04-05 20:18:00,杨家山隧道口,1、追尾的,负全部责任,不负责任,1,贵ALJ215,银,1,贵A97M38,白,-1,自培,-1,2004/6/11 0:00,雪佛兰牌,别克牌,364548000000000000 ,364547000000000000 ,198307,197905,20,6,4,周末,非高峰,2015-04-05,2015年4月5日,阴 /阵雨,30℃ / 12℃,南风 ≤3级 /东北风 ≤3级,阴,阵雨,30,12,南风,≤3级,东北风,≤3级,night
2015-04-05 21:00:00,师大,3、倒车的,负全部责任,不负责任,1,贵FZ3454,白,0,贵ACZ181,黑,-1,自培,-1,2004/10/25 0:00,比亚迪牌,大众汽车,366067000000000000 ,366361000000000000 ,197303,196207,21,6,4,周末,非高峰,2015-04-05,2015年4月5日,阴 /阵雨,30℃ / 12℃,南风 ≤3级 /东北风 ≤3级,阴,阵雨,30,12,南风,≤3级,东北风,≤3级,night
2015-04-05 15:00:00,小河长江路,1、追尾的,负全部责任,不负责任,1,贵A6973H,白色,1,贵A5727W,白色,自培,自培,2004/6/28 0:00,2005/4/14 0:00,威志牌,宝骏牌,364556000000000000 ,366067000000000000 ,196410,198511,15,6,4,周末,非高峰,2015-04-05,2015年4月5日,阴 /阵雨,30℃ / 12℃,南风 ≤3级 /东北风 ≤3级,阴,阵雨,30,12,南风,≤3级,东北风,≤3级,day
2015-04-06 08:20:00,智慧龙城,9、不符合前8款规定或者双方同时具有上述情形的,负同等责任,负同等责任,1,贵A7EA46,白,1,贵AU5037,绿,市警校驾校,市警校驾校,2012/7/4 0:00,2008/1/11 0:00,大众汽车牌,豪爵牌,06419051915674587X,36636651975553795X,198912,198311,8,0,4,工作日,早高峰(7-9点),2015-04-06,2015年4月6日,阵雨 /阵雨,17℃ / 7℃,东北风 ≤3级 /东北风 ≤3级,阵雨,阵雨,17,7,东北风,≤3级,东北风,≤3级,day
2015-04-06 08:20:00,花果园,9、不符合前8款规定或者双方同时具有上述情形的,负同等责任,负同等责任,1,贵AU5037,银,1,贵A7EA46,黑,（乌当区）新天驾驶培训有限公司,（乌当区）新天驾驶培训有限公司,2008/1/11 0:00,2012/7/4 0:00,豪爵牌,大众汽车牌,36636651975553795X,06419051915674587X,198311,198912,8,0,4,工作日,早高峰(7-9点),2015-04-06,2015年4月6日,阵雨 /阵雨,17℃ / 7℃,东北风 ≤3级 /东北风 ≤3级,阵雨,阵雨,17,7,东北风,≤3级,东北风,≤3级,day
2015-04-06 11:00:00,二桥,3、倒车的,负全部责任,不负责任,1,贵4247488,红,1,贵AV6844,银,自培,-1,2011/6/7 0:00,1977/11/17 0:00,-1,大阳牌,366064000000000000 ,364547000000000000 ,197802,195801,11,0,4,工作日,非高峰,2015-04-06,2015年4月6日,阵雨 /阵雨,17℃ / 7℃,东北风 ≤3级 /东北风 ≤3级,阵雨,阵雨,17,7,东北风,≤3级,东北风,≤3级,day
2015-04-06 07:45:00,机场高速,7、未按规定让行的 ,负全部责任,不负责任,1,贵A8221P,红,1,贵A00215,黄,（南明区）金大驾驶培训有限公司,-1,2006/9/4 0:00,-1,五菱牌,川路,366367000000000000 ,364546000000000 ,197303,620807,7,0,4,工作日,早高峰(7-9点),2015-04-06,2015年4月6日,阵雨 /阵雨,17℃ / 7℃,东北风 ≤3级 /东北风 ≤3级,阵雨,阵雨,17,7,东北风,≤3级,东北风,≤3级,day
2015-04-06 08:16:00,马王庙,5、开关车门的,负全部责任,不负责任,1,贵A3879G,银,0,贵A79K58,白,（乌当区）新天驾驶培训有限公司,路路达驾校,2006/6/28 0:00,2014/4/1 0:00,名爵牌,大众汽车牌,364557000000000000 ,364548000000000000 ,196712,196810,8,0,4,工作日,早高峰(7-9点),2015-04-06,2015年4月6日,阵雨 /阵雨,17℃ / 7℃,东北风 ≤3级 /东北风 ≤3级,阵雨,阵雨,17,7,东北风,≤3级,东北风,≤3级,day
2015-04-05 22:10:00,新添寨,4、停车时未挂低速档、未拉驻车制动，导致车辆滑行的,负全部责任,不负责任,1,贵A6174M,蓝,1,贵A68W33,白,全林驾校,省交校,2012/7/6 0:00,2011/9/9 0:00,宝骏牌,歌诗图牌,364548000000000000 ,36454751234057520X,197101,196504,22,6,4,周末,非高峰,2015-04-05,2015年4月5日,阴 /阵雨,30℃ / 12℃,南风 ≤3级 /东北风 ≤3级,阴,阵雨,30,12,南风,≤3级,东北风,≤3级,night
2015-04-06 10:50:00,文化路,8、依法应负全责的其他情形,负全部责任,不负责任,1,贵A34A18,白,1,贵A24C74,白,铁二局驾校,-1,2010/3/2 0:00,-1,长城牌,东风标致牌,364548000000000000 ,655447000000000000 ,197509,196308,10,0,4,工作日,非高峰,2015-04-06,2015年4月6日,阵雨 /阵雨,17℃ / 7℃,东北风 ≤3级 /东北风 ≤3级,阵雨,阵雨,17,7,东北风,≤3级,东北风,≤3级,day
2015-04-06 09:20:00,大凹,7、未按规定让行的 ,负全部责任,不负责任,1,贵FBG122,蓝,1,贵A2534A,白,-1,贵州天河驾校,-1,2014/9/23 0:00,五菱牌,飞碟牌,366067000000000000 ,366067000000000000 ,198904,198910,9,0,4,工作日,早高峰(7-9点),2015-04-06,2015年4月6日,阵雨 /阵雨,17℃ / 7℃,东北风 ≤3级 /东北风 ≤3级,阵雨,阵雨,17,7,东北风,≤3级,东北风,≤3级,day
2015-04-06 11:00:00,太慈桥,7、未按规定让行的 ,负全部责任,不负责任,1,贵4240144,白色,1,贵A71N61,白色,520125,-1,-1,-1,-1,奥迪牌,366046000000000000 ,364548000000000000 ,197810,198203,11,0,4,工作日,非高峰,2015-04-06,2015年4月6日,阵雨 /阵雨,17℃ / 7℃,东北风 ≤3级 /东北风 ≤3级,阵雨,阵雨,17,7,东北风,≤3级,东北风,≤3级,day
2015-04-06 11:00:00,白云,8、依法应负全责的其他情形,负全部责任,不负责任,1,贵A609A1,银,1,贵AC8621,蓝,-1,520109,-1,2009/9/17 0:00,江西五十铃牌,速卡迪牌,0645665128415822X,366067000000000000 ,196709,197602,11,0,4,工作日,非高峰,2015-04-06,2015年4月6日,阵雨 /阵雨,17℃ / 7℃,东北风 ≤3级 /东北风 ≤3级,阵雨,阵雨,17,7,东北风,≤3级,东北风,≤3级,day
2015-04-06 13:00:00,中铁逸都,7、未按规定让行的 ,负全部责任,不负责任,1,贵A4122K,银,1,贵AU0231,蓝,-1,520127,-1,2008/5/27 0:00,长安牌,奇瑞牌,36656600000000000 ,366068000000000000 ,199001,197709,13,0,4,工作日,非高峰,2015-04-06,2015年4月6日,阵雨 /阵雨,17℃ / 7℃,东北风 ≤3级 /东北风 ≤3级,阵雨,阵雨,17,7,东北风,≤3级,东北风,≤3级,day
2015-04-06 13:10:00,大南门环岛,4、停车时未挂低速档、未拉驻车制动，导致车辆滑行的,负全部责任,不负责任,1,贵A1J663,银,1,贵AU6232,黑,-1,自培,-1,1996/2/10 0:00,-1,黄海牌,364548000000000000 ,366876000000000000 ,198906,197401,13,0,4,工作日,非高峰,2015-04-06,2015年4月6日,阵雨 /阵雨,17℃ / 7℃,东北风 ≤3级 /东北风 ≤3级,阵雨,阵雨,17,7,东北风,≤3级,东北风,≤3级,day
2015-04-05 22:39:00,大南门环岛,9、不符合前8款规定或者双方同时具有上述情形的,负同等责任,负同等责任,1,贵GX5295,白色,1,贵A709E1,白色,新天驾校,520118,2014/12/3 0:00,2008/4/1 0:00,东风标致牌,福田牌,364547000000000000 ,366066000000000000 ,199102,197003,22,6,4,周末,非高峰,2015-04-05,2015年4月5日,阴 /阵雨,30℃ / 12℃,南风 ≤3级 /东北风 ≤3级,阴,阵雨,30,12,南风,≤3级,东北风,≤3级,night
2015-04-06 14:00:00,二戈寨,1、追尾的,负全部责任,不负责任,1,贵AOR845,白色,1,贵AP9663,白色,十一驾驶培训有限公司,兴黔驾驶培训学校,2014/3/31 0:00,2006/8/16 0:00,-1,福田牌,366664000000000000 ,366568000000000000 ,198802,198309,14,0,4,工作日,非高峰,2015-04-06,2015年4月6日,阵雨 /阵雨,17℃ / 7℃,东北风 ≤3级 /东北风 ≤3级,阵雨,阵雨,17,7,东北风,≤3级,东北风,≤3级,day