accidenttime,accidentaddr,driver1fault,driver1responsibility,driver2responsibility,sex1,platenumber1,carcolor1,sex2,platenumber2,carcolor2,jxmc1,jxmc2,cclzrq1,cclzrq2,clpp1,clpp2,driver1license,driver2license,brith1,brith2,hour,weekday,month,is_weekday,peak_hour,date,日期,天气状况,气温,风力风向,day_wea,night_wea,day_tep,night_tep,day_wind_direction,day_wind_speed,night_wind_direction,night_wind_speed,segment
2015-04-06 10:40:00,阳关,3、倒车的,负全部责任,不负责任,1,贵A8140U,黄,1,贵AE4689,白,（南明区）阳光驾驶培训有限公司,-1,2006/8/22 0:00,-1,雅阁牌,银翔牌,734569000000000000 ,736669000000000000 ,197008,195805,10,0,4,工作日,非高峰,2015-04-06,2015年4月6日,阵雨 /阵雨,17℃ / 7℃,东北风 ≤3级 /东北风 ≤3级,阵雨,阵雨,17,7,东北风,≤3级,东北风,≤3级,day
2015-04-06 09:00:00,水平路,1、追尾的,负全部责任,不负责任,1,贵A3AV81,白色,1,贵AMZ582,白色,自培,-1,2007/5/17 0:00,-1,三菱牌,高尔,366067000000000000 ,354366000000000000 ,198208,197910,9,0,4,工作日,早高峰(7-9点),2015-04-06,2015年4月6日,阵雨 /阵雨,17℃ / 7℃,东北风 ≤3级 /东北风 ≤3级,阵雨,阵雨,17,7,东北风,≤3级,东北风,≤3级,day
2015-04-06 00:00:00,小河,1、追尾的,负全部责任,不负责任,1,贵AHR986,白色,1,贵A13K81,白色,黔东南州交通驾驶培训学校,自培,2012/3/1 0:00,2002/10/28 0:00,马自达牌,翼虎牌,364556000000000000 ,364548000000000000 ,198810,196412,0,0,4,工作日,非高峰,2015-04-06,2015年4月6日,阵雨 /阵雨,17℃ / 7℃,东北风 ≤3级 /东北风 ≤3级,阵雨,阵雨,17,7,东北风,≤3级,东北风,≤3级,night
2015-04-06 03:30:00,花果园,1、追尾的,负全部责任,不负责任,1,贵A6662L,白色,1,贵ALK122,白色,阳光驾校,自培,2008/6/19 0:00,2002/4/15 0:00,长安牌,梅赛德斯-奔驰牌,36636751944154663X,364548000000000000 ,198009,197411,3,0,4,工作日,非高峰,2015-04-06,2015年4月6日,阵雨 /阵雨,17℃ / 7℃,东北风 ≤3级 /东北风 ≤3级,阵雨,阵雨,17,7,东北风,≤3级,东北风,≤3级,night
2015-04-06 11:00:00,麦乃村,1、追尾的,负全部责任,不负责任,1,贵JBS324,白色,1,贵A177C4,白色,凯信驾校,自培,2014/11/28 0:00,2004/6/12 0:00,五菱牌,长安牌,66561500000000000 ,36606351834745745X,198210,197503,11,0,4,工作日,非高峰,2015-04-06,2015年4月6日,阵雨 /阵雨,17℃ / 7℃,东北风 ≤3级 /东北风 ≤3级,阵雨,阵雨,17,7,东北风,≤3级,东北风,≤3级,day
2015-04-06 11:00:00,解放路,3、倒车的,负全部责任,不负责任,1,贵A47S62,白,1,贵ASX462,黑,（南明区）铁二局驾驶培训有限公司,自培,2015/2/16 0:00,2004/10/8 0:00,雪佛兰牌,帕萨特牌,36454751994257605X,364548000000000000 ,198806,196408,11,0,4,工作日,非高峰,2015-04-06,2015年4月6日,阵雨 /阵雨,17℃ / 7℃,东北风 ≤3级 /东北风 ≤3级,阵雨,阵雨,17,7,东北风,≤3级,东北风,≤3级,day
2015-04-05 20:00:00,新华路,7、未按规定让行的 ,负全部责任,不负责任,1,贵A29J21,白色,1,贵AS4226,白色,自培,自培,2008/6/26 0:00,2002/4/15 0:00,大众牌,福克斯(FOCUS)牌,734563000000000000 ,366246000000000000 ,197801,197604,20,6,4,周末,非高峰,2015-04-05,2015年4月5日,阴 /阵雨,30℃ / 12℃,南风 ≤3级 /东北风 ≤3级,阴,阵雨,30,12,南风,≤3级,东北风,≤3级,night
2015-04-05 22:40:00,嘉润路,1、追尾的,负全部责任,不负责任,1,贵A7CB44,白色,1,贵AD3459,白色,自培,自培,2007/2/5 0:00,2004/3/31 0:00,别克牌,飞度,366566000000000000 ,364557000000000000 ,198708,197201,22,6,4,周末,非高峰,2015-04-05,2015年4月5日,阴 /阵雨,30℃ / 12℃,南风 ≤3级 /东北风 ≤3级,阴,阵雨,30,12,南风,≤3级,东北风,≤3级,night
2015-04-06 08:20:00,金关,1、追尾的,负全部责任,不负责任,1,湘B9NM69,白,0,贵JCA551,白,520132,凉山州平安驾校,2006/6/8 0:00,-1,大众牌,雪佛兰牌,74660500000000000 ,344797000000000000 ,196812,198511,8,0,4,工作日,早高峰(7-9点),2015-04-06,2015年4月6日,阵雨 /阵雨,17℃ / 7℃,东北风 ≤3级 /东北风 ≤3级,阵雨,阵雨,17,7,东北风,≤3级,东北风,≤3级,day
2015-04-06 12:30:00,延安东路,1、追尾的,负全部责任,不负责任,1,贵A68C43,银,1,贵AKZ555,白,长运驾校,-1,1990/11/15 0:00,-1,雪佛兰牌,骐达牌,364548000000000000 ,364548000000000 ,196005,781014,12,0,4,工作日,非高峰,2015-04-06,2015年4月6日,阵雨 /阵雨,17℃ / 7℃,东北风 ≤3级 /东北风 ≤3级,阵雨,阵雨,17,7,东北风,≤3级,东北风,≤3级,day
2015-04-06 13:30:00,瑞金,1、追尾的,负全部责任,不负责任,1,贵JR8888,红,1,贵A5BF09,绿,-1,-1,-1,-1,保时捷,发现,36886351854857553X,366561000000000000 ,197107,197703,13,0,4,工作日,非高峰,2015-04-06,2015年4月6日,阵雨 /阵雨,17℃ / 7℃,东北风 ≤3级 /东北风 ≤3级,阵雨,阵雨,17,7,东北风,≤3级,东北风,≤3级,day
2015-04-06 13:20:00,大昌隆,9、不符合前8款规定或者双方同时具有上述情形的,负同等责任,负同等责任,1,贵GJ8948,银,1,贵A62S83,白,-1,蓝天驾校,-1,2011/6/14 0:00,朗逸牌,雪佛兰牌,366346000000000000 ,366264000000000000 ,197807,198510,13,0,4,工作日,非高峰,2015-04-06,2015年4月6日,阵雨 /阵雨,17℃ / 7℃,东北风 ≤3级 /东北风 ≤3级,阵雨,阵雨,17,7,东北风,≤3级,东北风,≤3级,day
2015-04-06 15:46:00,火车站,7、未按规定让行的 ,负全部责任,不负责任,1,贵AD1310,蓝,1,贵A5AT52,白,-1,520109,-1,2009/8/3 0:00,重骑牌,雪佛兰牌,364546000000000 ,364547000000000000 ,620912,197303,15,0,4,工作日,非高峰,2015-04-06,2015年4月6日,阵雨 /阵雨,17℃ / 7℃,东北风 ≤3级 /东北风 ≤3级,阵雨,阵雨,17,7,东北风,≤3级,东北风,≤3级,day
2015-04-06 15:00:00,未来方舟,7、未按规定让行的 ,负全部责任,不负责任,1,贵AAJ547,银,1,贵GL7752,蓝,-1,-1,-1,-1,丰田牌,五菱牌,366846000000000000 ,356168000000000000 ,197508,197008,15,0,4,工作日,非高峰,2015-04-06,2015年4月6日,阵雨 /阵雨,17℃ / 7℃,东北风 ≤3级 /东北风 ≤3级,阵雨,阵雨,17,7,东北风,≤3级,东北风,≤3级,day
2015-04-06 12:30:00,金华收费站,1、追尾的,负全部责任,不负责任,1,贵FR3091,白色,1,贵A59E18,白色,织金县织通驾驶培训学校,（花溪区）凯信驾驶培训有限公司,-1,2015/2/26 0:00,奥迪牌,福克斯牌,366064000000000000 ,364547000000000000 ,199312,197910,12,0,4,工作日,非高峰,2015-04-06,2015年4月6日,阵雨 /阵雨,17℃ / 7℃,东北风 ≤3级 /东北风 ≤3级,阵雨,阵雨,17,7,东北风,≤3级,东北风,≤3级,day
2015-04-06 16:38:00,保利温泉,9、不符合前8款规定或者双方同时具有上述情形的,负同等责任,负同等责任,1,贵AK5946,银,1,贵AJN198,白,自培,阳光驾校（南明区）,2004/10/18 0:00,2013/12/24 0:00,轰轰烈牌,丰田牌,354366000000000000 ,366361000000000000 ,197602,198105,16,0,4,工作日,非高峰,2015-04-06,2015年4月6日,阵雨 /阵雨,17℃ / 7℃,东北风 ≤3级 /东北风 ≤3级,阵雨,阵雨,17,7,东北风,≤3级,东北风,≤3级,day
2015-04-07 08:20:00,头桥,1、追尾的,负全部责任,不负责任,1,贵A88V42,黄,1,贵A82A61,黄 ,自培,-1,2005/5/12 0:00,-1,北京现代牌,英伦牌,366068000000000000 ,366563000000000000 ,197210,197507,8,1,4,工作日,早高峰(7-9点),2015-04-07,2015年4月7日,小雨 /小雨,9℃ / 5℃,东北风 ≤3级 /东北风 ≤3级,小雨,小雨,9,5,东北风,≤3级,东北风,≤3级,day
2015-04-06 13:50:00,万江小区,7、未按规定让行的 ,负全部责任,不负责任,1,贵A97A56,银,0,贵A16B16,白,自培,自培,2007/10/29 0:00,2013/7/2 0:00,昊锐牌,丰田牌,364567000000000000 ,366068000000000000 ,198605,198406,13,0,4,工作日,非高峰,2015-04-06,2015年4月6日,阵雨 /阵雨,17℃ / 7℃,东北风 ≤3级 /东北风 ≤3级,阵雨,阵雨,17,7,东北风,≤3级,东北风,≤3级,day
2015-04-06 13:20:00,西二环,7、未按规定让行的 ,负全部责任,不负责任,1,贵AP4926,黑,1,贵ACU787,银,自培,-1,2004/4/24 0:00,-1,大众汽车牌,大众汽车牌,364556000000000000 ,36454800000000000 ,197910,198422,13,0,4,工作日,非高峰,2015-04-06,2015年4月6日,阵雨 /阵雨,17℃ / 7℃,东北风 ≤3级 /东北风 ≤3级,阵雨,阵雨,17,7,东北风,≤3级,东北风,≤3级,day
2015-04-06 11:25:00,花溪,7、未按规定让行的 ,负全部责任,不负责任,1,贵A86096,白色,1,湘KU2935,白色,自培,-1,2007/5/15 0:00,-1,红岩牌,启辰牌,366347000000000000 ,76360500000000000 ,197810,199212,11,0,4,工作日,非高峰,2015-04-06,2015年4月6日,阵雨 /阵雨,17℃ / 7℃,东北风 ≤3级 /东北风 ≤3级,阵雨,阵雨,17,7,东北风,≤3级,东北风,≤3级,day
2015-04-06 14:30:00,新添寨,7、未按规定让行的 ,负全部责任,不负责任,1,贵AW4861,黑,0,贵A98J79,银,自培,长运驾校,2003/8/5 0:00,2014/6/16 0:00,宗申牌,大众牌,366061000000000000 ,364558000000000000 ,197411,198410,14,0,4,工作日,非高峰,2015-04-06,2015年4月6日,阵雨 /阵雨,17℃ / 7℃,东北风 ≤3级 /东北风 ≤3级,阵雨,阵雨,17,7,东北风,≤3级,东北风,≤3级,day
2015-04-06 13:40:00,二浦,1、追尾的,负全部责任,不负责任,1,贵A69L15,白,1,贵AEZ4671,银,全林驾校,自培,2012/11/2 0:00,2005/6/15 0:00,东风日产牌,-1,366063000000000000 ,364547000000000000 ,198609,196701,13,0,4,工作日,非高峰,2015-04-06,2015年4月6日,阵雨 /阵雨,17℃ / 7℃,东北风 ≤3级 /东北风 ≤3级,阵雨,阵雨,17,7,东北风,≤3级,东北风,≤3级,day
2015-04-06 17:30:00,新添大道,7、未按规定让行的 ,负全部责任,不负责任,1,贵A13P83,白,1,贵A75X82,黄,青正驾校,自培,2011/12/13 0:00,2003/7/25 0:00,奥迪,蒙迪欧牌,784156000000000000 ,364548000000000000 ,198503,197706,17,0,4,工作日,晚高峰(17-19点),2015-04-06,2015年4月6日,阵雨 /阵雨,17℃ / 7℃,东北风 ≤3级 /东北风 ≤3级,阵雨,阵雨,17,7,东北风,≤3级,东北风,≤3级,day
2015-04-06 17:00:00,小河,7、未按规定让行的 ,负全部责任,不负责任,1,贵A6AY43,白色,1,贵A4BW30,白色,-1,-1,-1,-1,五菱牌,马自达牌,34479500000000000 ,366567000000000000 ,984011,198112,17,0,4,工作日,晚高峰(17-19点),2015-04-06,2015年4月6日,阵雨 /阵雨,17℃ / 7℃,东北风 ≤3级 /东北风 ≤3级,阵雨,阵雨,17,7,东北风,≤3级,东北风,≤3级,day
2015-04-06 23:02:00,八匹马,9、不符合前8款规定或者双方同时具有上述情形的,负同等责任,负同等责任,1,贵A3161J,银,0,贵A24L97,红,-1,贵州现代驾驶培训责任有限公司,-1,2011/10/22 0:00,长城牌,斯柯达牌,36606051104955465X,364547000000000000 ,199408,199206,23,0,4,工作日,非高峰,2015-04-06,2015年4月6日,阵雨 /阵雨,17℃ / 7℃,东北风 ≤3级 /东北风 ≤3级,阵雨,阵雨,17,7,东北风,≤3级,东北风,≤3级,night
2015-04-06 19:15:00,大关,1、追尾的,负全部责任,不负责任,1,贵AL7829,黄,1,贵A49Z64,银,消防驾校,-1,2012/8/15 0:00,-1,飞度牌,轩逸牌,364558000000000000 ,764596000000000000 ,199106,199209,19,0,4,工作日,晚高峰(17-19点),2015-04-06,2015年4月6日,阵雨 /阵雨,17℃ / 7℃,东北风 ≤3级 /东北风 ≤3级,阵雨,阵雨,17,7,东北风,≤3级,东北风,≤3级,day
2015-04-06 19:55:00,百余去,7、未按规定让行的 ,负全部责任,不负责任,1,贵A55L59,白,1,贵A89009,银,智杰驾校,520129,2013/5/21 0:00,2008/5/30 0:00,东风雪铁龙牌,三一牌,366361000000000000 ,366368000000000000 ,197108,198407,19,0,4,工作日,晚高峰(17-19点),2015-04-06,2015年4月6日,阵雨 /阵雨,17℃ / 7℃,东北风 ≤3级 /东北风 ≤3级,阵雨,阵雨,17,7,东北风,≤3级,东北风,≤3级,day
2015-04-08 11:39:00,新添大道, ,负全部责任,不负责任,1,贵A177D8,白,1,贵FZ5704,红,自培,520117,2001/6/21 0:00,2009/9/11 0:00,解放牌,大众汽车牌,366347000000000000 ,366563000000000000 ,198301,198302,11,2,4,工作日,非高峰,2015-04-08,2015年4月8日,小雨 /小雨,10℃ / 6℃,东北风 ≤3级 /东北风 ≤3级,小雨,小雨,10,6,东北风,≤3级,东北风,≤3级,day
2015-04-06 22:00:00,相宝山,7、未按规定让行的 ,负全部责任,不负责任,1,贵AC318E,银,1,贵A90438,红,六枝特区兴安机动车驾驶培训有限公司,时发驾校,-1,2002/11/30 0:00,波罗牌,豪泺牌,364648000000000000 ,364557000000000000 ,199107,196507,22,0,4,工作日,非高峰,2015-04-06,2015年4月6日,阵雨 /阵雨,17℃ / 7℃,东北风 ≤3级 /东北风 ≤3级,阵雨,阵雨,17,7,东北风,≤3级,东北风,≤3级,night
2015-04-08 13:35:00,大营坡,7、未按规定让行的 ,负全部责任,不负责任,1,川A851QY,黑,1,贵A99B75,黑,-1,-1,-1,-1,东风标致牌,雪佛兰牌,35567500000000000 ,364527000000000000 ,968070,196001,13,2,4,工作日,非高峰,2015-04-08,2015年4月8日,小雨 /小雨,10℃ / 6℃,东北风 ≤3级 /东北风 ≤3级,小雨,小雨,10,6,东北风,≤3级,东北风,≤3级,day
2015-04-06 21:45:00,西二环,7、未按规定让行的 ,负全部责任,不负责任,1,贵FV2807,白,1,贵GV9313,黄 ,-1,长运驾校,-1,2014/9/30 0:00,东风牌,红旗,366068000000000000 ,366070000000000000 ,198506,199204,21,0,4,工作日,非高峰,2015-04-06,2015年4月6日,阵雨 /阵雨,17℃ / 7℃,东北风 ≤3级 /东北风 ≤3级,阵雨,阵雨,17,7,东北风,≤3级,东北风,≤3级,night
2015-04-06 18:23:00,甘荫塘,7、未按规定让行的 ,负全部责任,不负责任,1,贵AN9012,白色,1,贵AHY577,白色,-1,自培,-1,2003/12/30 0:00,轰轰烈牌,雪佛兰牌,24460500000000000 ,364548000000000000 ,197506,198203,18,0,4,工作日,晚高峰(17-19点),2015-04-06,2015年4月6日,阵雨 /阵雨,17℃ / 7℃,东北风 ≤3级 /东北风 ≤3级,阵雨,阵雨,17,7,东北风,≤3级,东北风,≤3级,day
2015-04-06 19:00:00,二浦,8、依法应负全责的其他情形,负全部责任,不负责任,1,贵A96019,银,1,贵A78133,黄 ,自培,贵州现代驾驶培训责任有限公司,2004/5/27 0:00,2011/4/29 0:00,陕汽牌,福田牌,364557000000000000 ,364568000000000000 ,198301,199003,19,0,4,工作日,晚高峰(17-19点),2015-04-06,2015年4月6日,阵雨 /阵雨,17℃ / 7℃,东北风 ≤3级 /东北风 ≤3级,阵雨,阵雨,17,7,东北风,≤3级,东北风,≤3级,day
2015-04-06 21:32:00,中华北路,7、未按规定让行的 ,负全部责任,不负责任,1,贵AKP032,黑,1,贵A71P28,白,自培,贵大佳德驾驶培训学校,2006/11/21 0:00,2013/11/15 0:00,欧蓝德,大众汽车牌,366067000000000000 ,366667000000000000 ,197611,197108,21,0,4,工作日,非高峰,2015-04-06,2015年4月6日,阵雨 /阵雨,17℃ / 7℃,东北风 ≤3级 /东北风 ≤3级,阵雨,阵雨,17,7,东北风,≤3级,东北风,≤3级,night
2015-04-06 14:57:00,白云,1、追尾的,负全部责任,不负责任,1,贵A289E,黑,1, 贵A6997W,白,（乌当区）全林驾驶培训有限公司,自培,2008/5/5 0:00,2004/6/4 0:00,-1,-1,364567000000000000 ,364558000000000000 ,198705,197510,14,0,4,工作日,非高峰,2015-04-06,2015年4月6日,阵雨 /阵雨,17℃ / 7℃,东北风 ≤3级 /东北风 ≤3级,阵雨,阵雨,17,7,东北风,≤3级,东北风,≤3级,day
2015-04-06 18:06:00,冒沙井,9、不符合前8款规定或者双方同时具有上述情形的,负同等责任,负同等责任,0,贵AEU178,红,1,贵ASC541,黑,蓝天驾校,自培,2014/9/3 0:00,2003/1/10 0:00,雪佛兰牌,思威牌,364548000000000000 ,77546500000000000 ,197504,196709,18,0,4,工作日,晚高峰(17-19点),2015-04-06,2015年4月6日,阵雨 /阵雨,17℃ / 7℃,东北风 ≤3级 /东北风 ≤3级,阵雨,阵雨,17,7,东北风,≤3级,东北风,≤3级,day
2015-04-06 21:55:00,大营坡,1、追尾的,负全部责任,不负责任,1,川A62P90,黑,0,贵A8339X,银,-1,自培,0001-01-01 00:00:00,2004/9/27 0:00,福特牌,长安牌,354596000000000000 ,364547000000000000 ,198104,198001,21,0,4,工作日,非高峰,2015-04-06,2015年4月6日,阵雨 /阵雨,17℃ / 7℃,东北风 ≤3级 /东北风 ≤3级,阵雨,阵雨,17,7,东北风,≤3级,东北风,≤3级,night
2015-04-07 08:10:00,北京路,1、追尾的,负全部责任,不负责任,1,贵A29K21,白,1,贵A34473,黑,-1,自培,-1,2008/5/6 0:00,翼虎牌,奥迪,366546000000000000 ,364548000000000000 ,196408,198608,8,1,4,工作日,早高峰(7-9点),2015-04-07,2015年4月7日,小雨 /小雨,9℃ / 5℃,东北风 ≤3级 /东北风 ≤3级,小雨,小雨,9,5,东北风,≤3级,东北风,≤3级,day
2015-04-06 13:00:00,阳关,7、未按规定让行的 ,负全部责任,不负责任,0,贵FE9779,黄,1,贵A06114,红,自培,自培,2006/11/21 0:00,2003/3/11 0:00,迈腾牌,东风牌,364647000000000000 ,355468000000000000 ,197511,196507,13,0,4,工作日,非高峰,2015-04-06,2015年4月6日,阵雨 /阵雨,17℃ / 7℃,东北风 ≤3级 /东北风 ≤3级,阵雨,阵雨,17,7,东北风,≤3级,东北风,≤3级,day
2015-04-07 08:04:00,长岭南路,9、不符合前8款规定或者双方同时具有上述情形的,负同等责任,负同等责任,1,贵A94B18,白,1,贵AGJ391,红,（南明区）阳光驾驶培训有限公司,六盘水市宏安驾驶培训学校,2005/2/21 0:00,2008/4/2 0:00,福克斯牌,江铃牌,366367000000000000 ,366063000000000000 ,197709,197302,8,1,4,工作日,早高峰(7-9点),2015-04-07,2015年4月7日,小雨 /小雨,9℃ / 5℃,东北风 ≤3级 /东北风 ≤3级,小雨,小雨,9,5,东北风,≤3级,东北风,≤3级,day
2015-04-06 22:35:00,友谊路,1、追尾的,负全部责任,不负责任,1,贵FT1585,白色,1,贵A10153,白色,仁怀市顺通汽车驾驶培训学校有限公司,全林驾校,-1,2012/5/30 0:00,吉利美日牌,力帆牌,366567000000000000 ,366067000000000000 ,198606,198301,22,0,4,工作日,非高峰,2015-04-06,2015年4月6日,阵雨 /阵雨,17℃ / 7℃,东北风 ≤3级 /东北风 ≤3级,阵雨,阵雨,17,7,东北风,≤3级,东北风,≤3级,night
2015-04-07 07:40:00,乌当,7、未按规定让行的 ,负全部责任,不负责任,1,贵A28L19,白,1,贵A202D8,银,自培,路路达驾校,2012/7/9 0:00,2013/9/26 0:00,东风标致牌,长安牌,366070000000000000 ,366367000000000000 ,197805,197201,7,1,4,工作日,早高峰(7-9点),2015-04-07,2015年4月7日,小雨 /小雨,9℃ / 5℃,东北风 ≤3级 /东北风 ≤3级,小雨,小雨,9,5,东北风,≤3级,东北风,≤3级,day
2015-04-06 18:40:00,白云区,1、追尾的,负全部责任,不负责任,0,贵JEA439,红,1,贵AC344K,白,贵阳万里圣驾校,毕节地区黔中驾校,2015/2/4 0:00,-1,比亚迪牌,吉利牌,364596000000000000 ,36606751814365077X,198902,197905,18,0,4,工作日,晚高峰(17-19点),2015-04-06,2015年4月6日,阵雨 /阵雨,17℃ / 7℃,东北风 ≤3级 /东北风 ≤3级,阵雨,阵雨,17,7,东北风,≤3级,东北风,≤3级,day
2015-04-07 08:40:00,大坪路,8、依法应负全责的其他情形,负全部责任,不负责任,1,贵A1027J,银,0,贵A6314X,红,-1,时发驾校,-1,2011/12/5 0:00,长安牌,长安牌,506270000000000000 ,36454751824062090X,199107,197604,8,1,4,工作日,早高峰(7-9点),2015-04-07,2015年4月7日,小雨 /小雨,9℃ / 5℃,东北风 ≤3级 /东北风 ≤3级,小雨,小雨,9,5,东北风,≤3级,东北风,≤3级,day
2015-04-07 09:00:00,瑞金北路玉环城北路路口,7、未按规定让行的 ,负全部责任,不负责任,1,贵ACT157,白色,1,贵A4BA79,白色,-1,人武驾校,-1,2012/12/27 0:00,朗风牌,东风标致牌,364548000000000 ,364648000000000000 ,160120,196910,9,1,4,工作日,早高峰(7-9点),2015-04-07,2015年4月7日,小雨 /小雨,9℃ / 5℃,东北风 ≤3级 /东北风 ≤3级,小雨,小雨,9,5,东北风,≤3级,东北风,≤3级,day
2015-04-07 09:00:00,金阳,9、不符合前8款规定或者双方同时具有上述情形的,负同等责任,负同等责任,0,贵A8859H,银,0,贵A44153,银,-1,阳光驾校,-1,2012/11/21 0:00,东风牌,南方,357462000000000000 ,364548000000000000 ,129880,199206,9,1,4,工作日,早高峰(7-9点),2015-04-07,2015年4月7日,小雨 /小雨,9℃ / 5℃,东北风 ≤3级 /东北风 ≤3级,小雨,小雨,9,5,东北风,≤3级,东北风,≤3级,day
2015-04-07 09:10:00,宝山加油站,3、倒车的,负全部责任,不负责任,0,贵A2BZ54,白,1,贵ANM459,白,-1,-1,-1,-1,丰田牌,宝马牌,376997000000000000 ,366663000000000000 ,198706,198105,9,1,4,工作日,早高峰(7-9点),2015-04-07,2015年4月7日,小雨 /小雨,9℃ / 5℃,东北风 ≤3级 /东北风 ≤3级,小雨,小雨,9,5,东北风,≤3级,东北风,≤3级,day
2015-04-07 09:10:00,龚家寨,7、未按规定让行的 ,负全部责任,不负责任,1,贵A863D8,银,1,贵A701B2,银,-1,-1,-1,-1,长安牌,福田牌,364558000000000000 ,366068000000000000 ,197109,197704,9,1,4,工作日,早高峰(7-9点),2015-04-07,2015年4月7日,小雨 /小雨,9℃ / 5℃,东北风 ≤3级 /东北风 ≤3级,小雨,小雨,9,5,东北风,≤3级,东北风,≤3级,day
2015-04-07 09:31:00,和尚坡,1、追尾的,负全部责任,不负责任,1,贵A7BC69,黑,0,贵AB786E,白,-1,贵州贵龙驾校,-1,2015/2/13 0:00,五菱牌,金杯牌,366277000000000000 ,36455651104953696X,198910,199408,9,1,4,工作日,早高峰(7-9点),2015-04-07,2015年4月7日,小雨 /小雨,9℃ / 5℃,东北风 ≤3级 /东北风 ≤3级,小雨,小雨,9,5,东北风,≤3级,东北风,≤3级,day
2015-04-07 07:00:00,新添寨,7、未按规定让行的 ,负全部责任,不负责任,1,贵AU7809,蓝,1,贵ASP969,银,自培,-1,2002/12/3 0:00,-1,宝来牌,宝来牌,36454651865667745X,366368000000000000 ,197212,196809,7,1,4,工作日,早高峰(7-9点),2015-04-07,2015年4月7日,小雨 /小雨,9℃ / 5℃,东北风 ≤3级 /东北风 ≤3级,小雨,小雨,9,5,东北风,≤3级,东北风,≤3级,day
2015-04-06 23:20:00,双峰路,3、倒车的,负全部责任,不负责任,0,贵AU3553,黑,1,贵CLW675,银,自培,阳光驾校,2000/1/14 0:00,2013/12/24 0:00,奇瑞牌,丰田牌,364556000000000000 ,355561000000000000 ,198105,199008,23,0,4,工作日,非高峰,2015-04-06,2015年4月6日,阵雨 /阵雨,17℃ / 7℃,东北风 ≤3级 /东北风 ≤3级,阵雨,阵雨,17,7,东北风,≤3级,东北风,≤3级,night
2015-04-06 21:00:00,玉厂路,4、停车时未挂低速档、未拉驻车制动，导致车辆滑行的,负全部责任,不负责任,1,川AQQ019,白色,1,贵GY7438,白色,自培,-1,2003/8/8 0:00,-1,大众汽车牌,比亚迪牌,354867000000000000 ,364547000000000000 ,197702,199201,21,0,4,工作日,非高峰,2015-04-06,2015年4月6日,阵雨 /阵雨,17℃ / 7℃,东北风 ≤3级 /东北风 ≤3级,阵雨,阵雨,17,7,东北风,≤3级,东北风,≤3级,night
2015-04-07 08:00:00,白云区,5、开关车门的,负全部责任,不负责任,1,贵A56N56,黄,1,贵AU0644,蓝,（南明区）吉源驾驶培训有限公司,十一培,2008/12/3 0:00,1995/1/26 0:00,大众牌,万达牌,36636051905446563X,366668000000000000 ,198410,196703,8,1,4,工作日,早高峰(7-9点),2015-04-07,2015年4月7日,小雨 /小雨,9℃ / 5℃,东北风 ≤3级 /东北风 ≤3级,小雨,小雨,9,5,东北风,≤3级,东北风,≤3级,day
2015-04-07 08:50:00,贵开路,7、未按规定让行的 ,负全部责任,不负责任,1,贵AU0181,白色,1,贵AU6442,白色,-1,十一培,-1,1993/7/28 0:00,万达牌,捷达牌,364551000000000000 ,36454751874864405X,179912,197307,8,1,4,工作日,早高峰(7-9点),2015-04-07,2015年4月7日,小雨 /小雨,9℃ / 5℃,东北风 ≤3级 /东北风 ≤3级,小雨,小雨,9,5,东北风,≤3级,东北风,≤3级,day
2015-04-06 22:00:00,观水路,7、未按规定让行的 ,负全部责任,不负责任,1,贵GL1725,银,1,贵ASZ888,黄 ,自培,十一培,2004/8/20 0:00,1994/4/19 0:00,思迪牌,宝马,364547000000000000 ,364547000000000000 ,194908,196906,22,0,4,工作日,非高峰,2015-04-06,2015年4月6日,阵雨 /阵雨,17℃ / 7℃,东北风 ≤3级 /东北风 ≤3级,阵雨,阵雨,17,7,东北风,≤3级,东北风,≤3级,night
2015-04-07 07:00:00,清水江璐,3、倒车的,负全部责任,不负责任,1,贵A5186K,白色,1,贵ATN945,白色,自培,十一培,2001/3/1 0:00,1997/8/14 0:00,五菱牌,丰田,366662000000000000 ,364551000000000000 ,198307,197908,7,1,4,工作日,早高峰(7-9点),2015-04-07,2015年4月7日,小雨 /小雨,9℃ / 5℃,东北风 ≤3级 /东北风 ≤3级,小雨,小雨,9,5,东北风,≤3级,东北风,≤3级,day
2015-04-07 08:20:00,双峰路,7、未按规定让行的 ,负全部责任,不负责任,0,贵AA258M,绿,1,贵A94N71,白,自培,自培,2005/1/4 0:00,2004/9/18 0:00,雪佛兰牌,揽胜极光,664266000000000000 ,765468000000000000 ,198401,197003,8,1,4,工作日,早高峰(7-9点),2015-04-07,2015年4月7日,小雨 /小雨,9℃ / 5℃,东北风 ≤3级 /东北风 ≤3级,小雨,小雨,9,5,东北风,≤3级,东北风,≤3级,day
2015-04-07 07:45:00, 市北路,7、未按规定让行的 ,负全部责任,不负责任,1,贵A26H65,蓝,1,贵AK4663,蓝,吉源驾校,自培,2014/3/5 0:00,2002/12/2 0:00,大众汽车牌,宝马,364547000000000000 ,364548000000000000 ,196605,197006,7,1,4,工作日,早高峰(7-9点),2015-04-07,2015年4月7日,小雨 /小雨,9℃ / 5℃,东北风 ≤3级 /东北风 ≤3级,小雨,小雨,9,5,东北风,≤3级,东北风,≤3级,day
2015-04-06 21:50:00,宝山北路,1、追尾的,负全部责任,不负责任,1,贵GX4137,白,1,贵AH9893,黑,铁二局驾校,自培,2014/1/3 0:00,2004/12/1 0:00,-1,雷克牌,366346000000000000 ,366367000000000000 ,199401,197209,21,0,4,工作日,非高峰,2015-04-06,2015年4月6日,阵雨 /阵雨,17℃ / 7℃,东北风 ≤3级 /东北风 ≤3级,阵雨,阵雨,17,7,东北风,≤3级,东北风,≤3级,night
2015-04-07 09:30:00,北京东路,2、逆行的,负全部责任,不负责任,1,贵AE1212,白,1,贵AU7013,蓝,-1,自培,-1,2004/3/26 0:00,尚酷,大运牌,365498000000000000 ,366066000000000000 ,199106,197006,9,1,4,工作日,早高峰(7-9点),2015-04-07,2015年4月7日,小雨 /小雨,9℃ / 5℃,东北风 ≤3级 /东北风 ≤3级,小雨,小雨,9,5,东北风,≤3级,东北风,≤3级,day