accidenttime,accidentaddr,driver1fault,driver1responsibility,driver2responsibility,sex1,platenumber1,carcolor1,sex2,platenumber2,carcolor2,jxmc1,jxmc2,cclzrq1,cclzrq2,clpp1,clpp2,driver1license,driver2license,brith1,brith2,hour,weekday,month,is_weekday,peak_hour,date,日期,天气状况,气温,风力风向,day_wea,night_wea,day_tep,night_tep,day_wind_direction,day_wind_speed,night_wind_direction,night_wind_speed,segment
2015-04-07 09:00:00,渔安新城,7、未按规定让行的 ,负全部责任,不负责任,1,贵A33B45,白色,1,贵A59B46,白色,新华驾校,全林驾校（乌当区）,2012/3/14 0:00,2015/3/26 0:00,大众汽车牌,雪佛兰牌,364548000000000000 ,364548000000000000 ,198210,199305,9,1,4,工作日,早高峰(7-9点),2015-04-07,2015年4月7日,小雨 /小雨,9℃ / 5℃,东北风 ≤3级 /东北风 ≤3级,小雨,小雨,9,5,东北风,≤3级,东北风,≤3级,day
2015-04-07 07:52:00,金阳客站,8、依法应负全责的其他情形,负全部责任,不负责任,1,贵A92954,黑,1,贵A499C6,银,消防驾校,铁二局驾校,1994/1/23 0:00,2011/9/27 0:00,小康,江淮牌,364556000000000000 ,364548000000000000 ,197111,196208,7,1,4,工作日,早高峰(7-9点),2015-04-07,2015年4月7日,小雨 /小雨,9℃ / 5℃,东北风 ≤3级 /东北风 ≤3级,小雨,小雨,9,5,东北风,≤3级,东北风,≤3级,day
2015-04-07 10:20:00,黄河路,1、追尾的,负全部责任,不负责任,1,贵ATU857,白色,1,贵ARA695,白色,-1,-1,-1,-1,雅阁牌,夏利牌,366568000000000000 ,36606751845469723X,919776,197010,10,1,4,工作日,非高峰,2015-04-07,2015年4月7日,小雨 /小雨,9℃ / 5℃,东北风 ≤3级 /东北风 ≤3级,小雨,小雨,9,5,东北风,≤3级,东北风,≤3级,day
2015-04-07 08:30:00,中山南路,8、依法应负全责的其他情形,负全部责任,不负责任,1,贵A14Q98,白,0,贵A7AN39,白,-1,全林驾校,-1,2014/1/17 0:00,别克牌,别克牌,67454751984066335X,356375000000000000 ,198704,198202,8,1,4,工作日,早高峰(7-9点),2015-04-07,2015年4月7日,小雨 /小雨,9℃ / 5℃,东北风 ≤3级 /东北风 ≤3级,小雨,小雨,9,5,东北风,≤3级,东北风,≤3级,day
2015-04-07 11:00:00,东二环,7、未按规定让行的 ,负全部责任,不负责任,1,贵A431D9,白,1,贵AN626,白,-1,-1,-1,-1,江淮牌,-1,375563000000000000 ,364596000000000000 ,198602,198601,11,1,4,工作日,非高峰,2015-04-07,2015年4月7日,小雨 /小雨,9℃ / 5℃,东北风 ≤3级 /东北风 ≤3级,小雨,小雨,9,5,东北风,≤3级,东北风,≤3级,day
2015-04-07 10:00:00,花果园,7、未按规定让行的 ,负全部责任,不负责任,1,贵A87046,白色,1,贵A31S42,白色,黔西县顺风机动车驾驶学校有限公司,520127,-1,2006/10/22 0:00,东风牌,长安牌,366068000000000000 ,366068000000000000 ,198812,197811,10,1,4,工作日,非高峰,2015-04-07,2015年4月7日,小雨 /小雨,9℃ / 5℃,东北风 ≤3级 /东北风 ≤3级,小雨,小雨,9,5,东北风,≤3级,东北风,≤3级,day
2015-04-07 11:00:00,白云区,1、追尾的,负全部责任,不负责任,1,贵AA3446,白,1,贵AU0356,蓝,毕节市顺达汽车驾驶培训学校,520101,-1,2011/5/5 0:00,五羊-本田,嘉陵牌,366046000000000000 ,366068000000000000 ,198809,198803,11,1,4,工作日,非高峰,2015-04-07,2015年4月7日,小雨 /小雨,9℃ / 5℃,东北风 ≤3级 /东北风 ≤3级,小雨,小雨,9,5,东北风,≤3级,东北风,≤3级,day
2015-04-07 13:10:00,永乐乡,7、未按规定让行的 ,负全部责任,不负责任,1,贵AA180A,白色,1,贵JNR993,白色,自培,金大驾校,-1,2003/1/9 0:00,五菱牌,-1,364566000000000000 ,364557000000000000 ,198908,197002,13,1,4,工作日,非高峰,2015-04-07,2015年4月7日,小雨 /小雨,9℃ / 5℃,东北风 ≤3级 /东北风 ≤3级,小雨,小雨,9,5,东北风,≤3级,东北风,≤3级,day
2015-04-07 12:00:00,南二环,7、未按规定让行的 ,负全部责任,不负责任,1,贵A7175B,白色,1,贵A261C3,白色,（南明区）金大驾驶培训有限公司,镇宁宏伟驾校,2005/3/18 0:00,-1,大众汽车牌,解放牌,366046000000000000 ,366362000000000000 ,197708,198012,12,1,4,工作日,非高峰,2015-04-07,2015年4月7日,小雨 /小雨,9℃ / 5℃,东北风 ≤3级 /东北风 ≤3级,小雨,小雨,9,5,东北风,≤3级,东北风,≤3级,day
2015-04-07 12:20:00,新添寨,1、追尾的,负全部责任,不负责任,1,贵A51V24,银,1,贵AC9522,黑,（南明区）金大驾驶培训有限公司,诚信驾驶培训学校,2006/8/23 0:00,-1,长安牌,力帆牌,364557000000000000 ,4295520000000000 ,196910,197804,12,1,4,工作日,非高峰,2015-04-07,2015年4月7日,小雨 /小雨,9℃ / 5℃,东北风 ≤3级 /东北风 ≤3级,小雨,小雨,9,5,东北风,≤3级,东北风,≤3级,day
2015-04-07 10:30:00,三桥,8、依法应负全责的其他情形,负全部责任,不负责任,0,贵AMV027,银,1,贵A4214V,银,黔西县宏远黔职驾校有限公司,南宁市农兴机动车驾驶校训有限公司,-1,2009/8/31 0:00,长安牌,五菱牌,366068000000000000 ,574270000000000000 ,198305,198912,10,1,4,工作日,非高峰,2015-04-07,2015年4月7日,小雨 /小雨,9℃ / 5℃,东北风 ≤3级 /东北风 ≤3级,小雨,小雨,9,5,东北风,≤3级,东北风,≤3级,day
2015-04-07 13:10:00,八匹马,7、未按规定让行的 ,负全部责任,不负责任,1,贵A0091L,黑,1,云AD584W,黑,无,-1,2009/4/9 0:00,-1,雪佛兰牌,吉利全球鹰牌,366361000000000000 ,354768000000000000 ,197108,197211,13,1,4,工作日,非高峰,2015-04-07,2015年4月7日,小雨 /小雨,9℃ / 5℃,东北风 ≤3级 /东北风 ≤3级,小雨,小雨,9,5,东北风,≤3级,东北风,≤3级,day
2015-04-07 00:00:00,小河,7、未按规定让行的 ,负全部责任,不负责任,1,贵A7K838,白色,1,贵GN1617,白色,自培,-1,2001/5/10 0:00,-1,别克牌,丰田牌,364646000000000000 ,366764000000000000 ,196101,198402,0,1,4,工作日,非高峰,2015-04-07,2015年4月7日,小雨 /小雨,9℃ / 5℃,东北风 ≤3级 /东北风 ≤3级,小雨,小雨,9,5,东北风,≤3级,东北风,≤3级,night
2015-04-07 09:00:00,花果园高架桥,7、未按规定让行的 ,负全部责任,不负责任,1,贵A85H91,白色,1,贵AV5909,白色,新天驾校,十一培,2010/12/10 0:00,1998/12/25 0:00,尼桑牌,北京现代牌,364548000000000000 ,36454651804759025X,197706,197403,9,1,4,工作日,早高峰(7-9点),2015-04-07,2015年4月7日,小雨 /小雨,9℃ / 5℃,东北风 ≤3级 /东北风 ≤3级,小雨,小雨,9,5,东北风,≤3级,东北风,≤3级,day
2015-04-07 09:00:00,兴隆城市花园,1、追尾的,负全部责任,不负责任,1,贵A77K92,白色,1,贵A34F48,白色,自培,十一培,2012/3/12 0:00,1993/8/25 0:00,起亚牌,吉利牌,366363000000000000 ,364548000000000000 ,198808,196508,9,1,4,工作日,早高峰(7-9点),2015-04-07,2015年4月7日,小雨 /小雨,9℃ / 5℃,东北风 ≤3级 /东北风 ≤3级,小雨,小雨,9,5,东北风,≤3级,东北风,≤3级,day
2015-04-07 08:40:00,金阳北路,1、追尾的,负全部责任,不负责任,1,贵AS5161,绿,1,贵AU0644,蓝,自培,十一培,2004/4/30 0:00,1995/1/26 0:00,轰轰烈牌,宗申牌,574647000000000000 ,366668000000000000 ,197307,196703,8,1,4,工作日,早高峰(7-9点),2015-04-07,2015年4月7日,小雨 /小雨,9℃ / 5℃,东北风 ≤3级 /东北风 ≤3级,小雨,小雨,9,5,东北风,≤3级,东北风,≤3级,day
2015-04-07 00:00:00,景怡园, ,负全部责任,不负责任,1,贵GR9316,黄,1,贵AG4336,银,消防驾校,自培,2010/10/6 0:00,2008/1/15 0:00,大众牌,丰田威驰,356168000000000000 ,364558000000000000 ,197202,198711,0,1,4,工作日,非高峰,2015-04-07,2015年4月7日,小雨 /小雨,9℃ / 5℃,东北风 ≤3级 /东北风 ≤3级,小雨,小雨,9,5,东北风,≤3级,东北风,≤3级,night
2015-04-07 10:00:00,金源街,1、追尾的,负全部责任,不负责任,1,贵A1780F,银,1,贵GN0877,红,-1,自培,-1,2006/10/20 0:00,豪情,雷克萨斯,366067000000000000 ,364548000000000000 ,199510,198603,10,1,4,工作日,非高峰,2015-04-07,2015年4月7日,小雨 /小雨,9℃ / 5℃,东北风 ≤3级 /东北风 ≤3级,小雨,小雨,9,5,东北风,≤3级,东北风,≤3级,day
2015-04-07 11:27:00,南明区,3、倒车的,负全部责任,不负责任,1,贵4256546,白色,1,贵ACC039,白色,阳光驾校（南明区）,自培,-1,2002/4/29 0:00,-1,大地牌,366068000000000000 ,36454651315647745X,197511,195912,11,1,4,工作日,非高峰,2015-04-07,2015年4月7日,小雨 /小雨,9℃ / 5℃,东北风 ≤3级 /东北风 ≤3级,小雨,小雨,9,5,东北风,≤3级,东北风,≤3级,day
2015-04-07 09:29:00,杨家山,1、追尾的,负全部责任,不负责任,1,贵FV4113,白,1,贵A002C7,白,鑫鑫驾校,-1,2013/12/17 0:00,-1,吉利牌,长城牌,366061000000000000 ,736546000000000000 ,197510,196804,9,1,4,工作日,早高峰(7-9点),2015-04-07,2015年4月7日,小雨 /小雨,9℃ / 5℃,东北风 ≤3级 /东北风 ≤3级,小雨,小雨,9,5,东北风,≤3级,东北风,≤3级,day
2015-04-07 15:30:00,西二环,7、未按规定让行的 ,负全部责任,不负责任,1,贵A39S92,白色,1,贵AHV592,白色,市交校,520129,2014/12/3 0:00,2002/1/24 0:00,长城牌,捷达牌,366763000000000000 ,364551000000000000 ,198409,197003,15,1,4,工作日,非高峰,2015-04-07,2015年4月7日,小雨 /小雨,9℃ / 5℃,东北风 ≤3级 /东北风 ≤3级,小雨,小雨,9,5,东北风,≤3级,东北风,≤3级,day
2015-04-07 15:30:00,白云区,7、未按规定让行的 ,负全部责任,不负责任,1,贵AM8043,银,0,贵ARL503,银,（经开区）顺一驾驶培训有限公司,时发驾校,2007/10/30 0:00,2014/2/19 0:00,铃木牌,一汽佳星牌,355468000000000000 ,364558000000000000 ,197906,198411,15,1,4,工作日,非高峰,2015-04-07,2015年4月7日,小雨 /小雨,9℃ / 5℃,东北风 ≤3级 /东北风 ≤3级,小雨,小雨,9,5,东北风,≤3级,东北风,≤3级,day
2015-04-07 13:30:00,枣山路,1、追尾的,负全部责任,不负责任,0,贵AU0156,蓝,1,贵A18W83,银,自培,全林驾校,2003/10/23 0:00,2012/5/4 0:00,万达牌,奥迪牌,364547000000000000 ,366669000000000000 ,196503,197708,13,1,4,工作日,非高峰,2015-04-07,2015年4月7日,小雨 /小雨,9℃ / 5℃,东北风 ≤3级 /东北风 ≤3级,小雨,小雨,9,5,东北风,≤3级,东北风,≤3级,day
2015-04-07 11:30:00,小河四方河路,7、未按规定让行的 ,负全部责任,不负责任,1,贵ARW462,白色,1,贵A8906H,黑色,（观山湖区）蓝天驾驶培训有限公司,长运驾校,2005/7/6 0:00,2014/12/30 0:00,解放牌,五菱牌,366347000000000000 ,364567000000000000 ,198301,198709,11,1,4,工作日,非高峰,2015-04-07,2015年4月7日,小雨 /小雨,9℃ / 5℃,东北风 ≤3级 /东北风 ≤3级,小雨,小雨,9,5,东北风,≤3级,东北风,≤3级,day
2015-04-07 12:00:00,金阳医院,8、依法应负全责的其他情形,负全部责任,不负责任,1,贵A88614,黄,1,贵HAW371,白,消防驾校,消防驾校,1993/9/3 0:00,2014/12/3 0:00,宇通牌,粤华牌,36636351864656445X,366061000000000000 ,197202,198810,12,1,4,工作日,非高峰,2015-04-07,2015年4月7日,小雨 /小雨,9℃ / 5℃,东北风 ≤3级 /东北风 ≤3级,小雨,小雨,9,5,东北风,≤3级,东北风,≤3级,day
2015-04-07 14:30:00,云潭南路,7、未按规定让行的 ,负全部责任,不负责任,1,贵AF1140,银,1,贵A2971Y,银,-1,（修文县）智杰驾驶培训有限公司,-1,2006/7/27 0:00,宗申牌,北京牌,654895000000000000 ,364548000000000000 ,18708,198612,14,1,4,工作日,非高峰,2015-04-07,2015年4月7日,小雨 /小雨,9℃ / 5℃,东北风 ≤3级 /东北风 ≤3级,小雨,小雨,9,5,东北风,≤3级,东北风,≤3级,day
2015-04-07 11:00:00,皂角井,7、未按规定让行的 ,负全部责任,不负责任,1,鲁HBT826,白色,1,贵FP6715,白色,-1,自培,-1,1994/6/21 0:00,\N,大众牌,764767000000000000 ,364547000000000000 ,197103,197609,11,1,4,工作日,非高峰,2015-04-07,2015年4月7日,小雨 /小雨,9℃ / 5℃,东北风 ≤3级 /东北风 ≤3级,小雨,小雨,9,5,东北风,≤3级,东北风,≤3级,day
2015-04-07 13:00:00,金阳,2、逆行的,负全部责任,不负责任,1,贵A68715,黑,1,贵JR4878,蓝,黔西县宏远黔职驾校有限公司,-1,2011/2/18 0:00,-1,长安,比亚迪牌,366068000000000000 ,366068000000000000 ,198901,198910,13,1,4,工作日,非高峰,2015-04-07,2015年4月7日,小雨 /小雨,9℃ / 5℃,东北风 ≤3级 /东北风 ≤3级,小雨,小雨,9,5,东北风,≤3级,东北风,≤3级,day
2015-04-07 17:50:00,中华中路,7、未按规定让行的 ,负全部责任,不负责任,1,贵AU5992,银,0,贵ACE465,黑,-1,-1,-1,-1,嘉隆牌,奥迪牌,3645560000000000 ,56869500000000000 ,190120,198309,17,1,4,工作日,晚高峰(17-19点),2015-04-07,2015年4月7日,小雨 /小雨,9℃ / 5℃,东北风 ≤3级 /东北风 ≤3级,小雨,小雨,9,5,东北风,≤3级,东北风,≤3级,day
2015-04-07 18:00:00,白云区,7、未按规定让行的 ,负全部责任,不负责任,1,渝A42Z42,黑,1,贵A20968,白,-1,520106,-1,2003/5/14 0:00,长安牌,北京福田,355747000000000000 ,366361000000000000 ,198610,197511,18,1,4,工作日,晚高峰(17-19点),2015-04-07,2015年4月7日,小雨 /小雨,9℃ / 5℃,东北风 ≤3级 /东北风 ≤3级,小雨,小雨,9,5,东北风,≤3级,东北风,≤3级,day
2015-04-07 12:00:00,小河漓江花园,7、未按规定让行的 ,负全部责任,不负责任,1,贵A97K29,白色,1,贵GR1598,白色,自培,市交校,2006/9/30 0:00,2014/4/8 0:00,奥迪牌,东风雪铁龙牌,364548000000000000 ,364566000000000000 ,198606,198607,12,1,4,工作日,非高峰,2015-04-07,2015年4月7日,小雨 /小雨,9℃ / 5℃,东北风 ≤3级 /东北风 ≤3级,小雨,小雨,9,5,东北风,≤3级,东北风,≤3级,day
2015-04-07 13:50:00,绿色环岛,8、依法应负全责的其他情形,负全部责任,不负责任,0,贵A9BA59,银,1,贵AU6659,蓝,省交校,十一培,2012/9/28 0:00,1998/9/4 0:00,飞度,捷达牌,364548000000000000 ,366347000000000000 ,197604,197810,13,1,4,工作日,非高峰,2015-04-07,2015年4月7日,小雨 /小雨,9℃ / 5℃,东北风 ≤3级 /东北风 ≤3级,小雨,小雨,9,5,东北风,≤3级,东北风,≤3级,day
2015-04-07 12:00:00,黔广汇,7、未按规定让行的 ,负全部责任,不负责任,1,贵JF939,银,1,贵A2BW12,红,自培,十一培,2001/4/6 0:00,1999/1/14 0:00,-1,揽胜极光,356168000000000000 ,76366500000000000 ,197507,197103,12,1,4,工作日,非高峰,2015-04-07,2015年4月7日,小雨 /小雨,9℃ / 5℃,东北风 ≤3级 /东北风 ≤3级,小雨,小雨,9,5,东北风,≤3级,东北风,≤3级,day
2015-04-07 10:28:00,北京西路,7、未按规定让行的 ,负全部责任,不负责任,1,贵ASF492,黄,1,贵AU3162,绿,自培,十一培,2004/5/11 0:00,1996/9/4 0:00,别克牌,瑞麒牌,366067000000000000 ,364548000000000000 ,196209,195605,10,1,4,工作日,非高峰,2015-04-07,2015年4月7日,小雨 /小雨,9℃ / 5℃,东北风 ≤3级 /东北风 ≤3级,小雨,小雨,9,5,东北风,≤3级,东北风,≤3级,day
2015-04-07 11:00:00,八匹马,9、不符合前8款规定或者双方同时具有上述情形的,负同等责任,负同等责任,1,贵GQ9834,黑,1,贵A431A8,黑,贵大佳德驾驶培训学校,自培,2014/8/11 0:00,2008/8/22 0:00,翼搏牌,福田牌,366346000000000000 ,366064000000000000 ,199012,197908,11,1,4,工作日,非高峰,2015-04-07,2015年4月7日,小雨 /小雨,9℃ / 5℃,东北风 ≤3级 /东北风 ≤3级,小雨,小雨,9,5,东北风,≤3级,东北风,≤3级,day
2015-04-07 08:30:00,林城西路,1、追尾的,负全部责任,不负责任,1,贵A84L13,白,1,贵EC9366,黑,自培,自培,2009/7/6 0:00,2007/6/28 0:00,斯柯达牌,凯宴,366568000000000000 ,366566000000000000 ,198509,196807,8,1,4,工作日,早高峰(7-9点),2015-04-07,2015年4月7日,小雨 /小雨,9℃ / 5℃,东北风 ≤3级 /东北风 ≤3级,小雨,小雨,9,5,东北风,≤3级,东北风,≤3级,day
2015-04-07 10:10:00,金阳,9、不符合前8款规定或者双方同时具有上述情形的,负同等责任,负同等责任,1,贵AA591L,银,1,贵AU0727,蓝,自培,自培,2011/11/7 0:00,2009/8/19 0:00,吉利美日牌,宝来牌,366347000000000000 ,366663000000000000 ,197906,198505,10,1,4,工作日,非高峰,2015-04-07,2015年4月7日,小雨 /小雨,9℃ / 5℃,东北风 ≤3级 /东北风 ≤3级,小雨,小雨,9,5,东北风,≤3级,东北风,≤3级,day
2015-04-07 12:50:00,二浦,8、依法应负全责的其他情形,负全部责任,不负责任,1,贵JDZ147,白,1,贵A35663,红,自培,自培,2014/12/1 0:00,2004/12/17 0:00,福克斯牌,斯达-斯太尔牌,66574500000000000 ,364556000000000000 ,197307,198206,12,1,4,工作日,非高峰,2015-04-07,2015年4月7日,小雨 /小雨,9℃ / 5℃,东北风 ≤3级 /东北风 ≤3级,小雨,小雨,9,5,东北风,≤3级,东北风,≤3级,day
2015-04-07 14:10:00,解放路,7、未按规定让行的 ,负全部责任,不负责任,1,贵AMX916,白色,1,贵ALF758,白色,自培,自培,2013/5/9 0:00,2012/2/15 0:00,北京牌,北京现代牌,574166000000000000 ,36455551994545655X,198402,198801,14,1,4,工作日,非高峰,2015-04-07,2015年4月7日,小雨 /小雨,9℃ / 5℃,东北风 ≤3级 /东北风 ≤3级,小雨,小雨,9,5,东北风,≤3级,东北风,≤3级,day
2015-04-07 22:30:00,观水路,7、未按规定让行的 ,负全部责任,不负责任,1,贵AM7146,白色,1,贵A39P83,白色,-1,自培,-1,2008/9/10 0:00,建设牌,别克牌,364546000000000 ,366876000000000000 ,621124,198110,22,1,4,工作日,非高峰,2015-04-07,2015年4月7日,小雨 /小雨,9℃ / 5℃,东北风 ≤3级 /东北风 ≤3级,小雨,小雨,9,5,东北风,≤3级,东北风,≤3级,night
2015-04-07 13:30:00,花果园,7、未按规定让行的 ,负全部责任,不负责任,1,贵FQ7652,黄,1,贵ANB334,白,文通驾校,时法驾校,2012/11/17 0:00,2006/3/2 0:00,雪佛兰牌,宝马牌,366347000000000000 ,364566000000000000 ,198112,198704,13,1,4,工作日,非高峰,2015-04-07,2015年4月7日,小雨 /小雨,9℃ / 5℃,东北风 ≤3级 /东北风 ≤3级,小雨,小雨,9,5,东北风,≤3级,东北风,≤3级,day
2015-04-07 15:00:00,小河经开区,7、未按规定让行的 ,负全部责任,不负责任,1,贵A28031,白色,1,贵JQ7485,白色,-1,预约考试窗口,-1,2007/8/17 0:00,东风牌,波罗牌,344547000000000000 ,74365500000000000 ,198709,198802,15,1,4,工作日,非高峰,2015-04-07,2015年4月7日,小雨 /小雨,9℃ / 5℃,东北风 ≤3级 /东北风 ≤3级,小雨,小雨,9,5,东北风,≤3级,东北风,≤3级,day
2015-04-07 18:00:00,西南环线,1、追尾的,负全部责任,不负责任,1,贵A36019,白色,1,贵A83K71,白色,黔丰驾校,自培,2014/9/30 0:00,-1,三一牌,昊锐牌,366068000000000000 ,74365500000000000 ,199003,196912,18,1,4,工作日,晚高峰(17-19点),2015-04-07,2015年4月7日,小雨 /小雨,9℃ / 5℃,东北风 ≤3级 /东北风 ≤3级,小雨,小雨,9,5,东北风,≤3级,东北风,≤3级,day
2015-04-07 15:50:00,开发大道,1、追尾的,负全部责任,不负责任,1,贵A59S17,白色,1,贵G81688,白色,贵定县阳光汽车驾驶培训学校,十一驾驶培训有限公司,-1,2012/11/18 0:00,梅赛德斯-奔驰,长安牌,36686751134541565X,364557000000000000 ,199501,199311,15,1,4,工作日,非高峰,2015-04-07,2015年4月7日,小雨 /小雨,9℃ / 5℃,东北风 ≤3级 /东北风 ≤3级,小雨,小雨,9,5,东北风,≤3级,东北风,≤3级,day
2015-04-07 17:50:00,花溪,1、追尾的,负全部责任,不负责任,1,贵A5146T,白色,1,贵APF492,白色,人武驾校,贵大驾校,2014/9/22 0:00,2010/11/5 0:00,长城牌,荣威牌,36455551804061440X,366067000000000000 ,197404,197312,17,1,4,工作日,晚高峰(17-19点),2015-04-07,2015年4月7日,小雨 /小雨,9℃ / 5℃,东北风 ≤3级 /东北风 ≤3级,小雨,小雨,9,5,东北风,≤3级,东北风,≤3级,day
2015-04-07 21:00:00,观山西路,3、倒车的,负全部责任,不负责任,1,贵AB8690,白,1,FZ0314,白,-1,消防驾校,-1,2011/10/14 0:00,宗申牌,\N,376570000000000000 ,366246000000000000 ,198102,198609,21,1,4,工作日,非高峰,2015-04-07,2015年4月7日,小雨 /小雨,9℃ / 5℃,东北风 ≤3级 /东北风 ≤3级,小雨,小雨,9,5,东北风,≤3级,东北风,≤3级,night
2015-04-07 16:30:00,优品城邦,1、追尾的,负全部责任,不负责任,1,贵A205E5,黑,1,贵JCX192,黑,-1,三峡大学驾校,-1,2008/11/7 0:00,解放牌,荣威牌,366063000000000000 ,65567500000000000 ,197210,198503,16,1,4,工作日,非高峰,2015-04-07,2015年4月7日,小雨 /小雨,9℃ / 5℃,东北风 ≤3级 /东北风 ≤3级,小雨,小雨,9,5,东北风,≤3级,东北风,≤3级,day
2015-04-08 07:59:00,云潭南路,7、未按规定让行的 ,负全部责任,不负责任,1,贵AGB396,黑,1,贵A88N93,红,-1,诚信驾驶培训学校,-1,2013/12/13 0:00,东风牌,大众牌,364556000000000 ,07486051814951496X,690914,197908,7,2,4,工作日,早高峰(7-9点),2015-04-08,2015年4月8日,小雨 /小雨,10℃ / 6℃,东北风 ≤3级 /东北风 ≤3级,小雨,小雨,10,6,东北风,≤3级,东北风,≤3级,day
2015-04-08 07:55:00,乌当,1、追尾的,负全部责任,不负责任,1,贵DDL576,白,1,贵A8BJ48,白,-1,贵州平安驾驶培训学校,-1,2011/8/9 0:00,东风雪铁龙牌,雪佛兰牌,366664000000000000 ,364557000000000000 ,198110,198612,7,2,4,工作日,早高峰(7-9点),2015-04-08,2015年4月8日,小雨 /小雨,10℃ / 6℃,东北风 ≤3级 /东北风 ≤3级,小雨,小雨,10,6,东北风,≤3级,东北风,≤3级,day
2015-04-08 08:40:00,二戈寨,8、依法应负全责的其他情形,负全部责任,不负责任,1,贵GR1248,白色,1,贵AB922F,白色,-1,贵工驾校,-1,2015/1/15 0:00,三菱牌,大众汽车牌,364565000000000000 ,356170000000000000 ,198702,196807,8,2,4,工作日,早高峰(7-9点),2015-04-08,2015年4月8日,小雨 /小雨,10℃ / 6℃,东北风 ≤3级 /东北风 ≤3级,小雨,小雨,10,6,东北风,≤3级,东北风,≤3级,day
2015-04-08 08:40:00,乌当,3、倒车的,负全部责任,不负责任,1,贵ATA349,蓝,1,贵A285D1,黑,全林驾校,-1,2015/1/23 0:00,-1,北京现代牌,长城牌,366061000000000000 ,65646500000000000 ,198103,198710,8,2,4,工作日,早高峰(7-9点),2015-04-08,2015年4月8日,小雨 /小雨,10℃ / 6℃,东北风 ≤3级 /东北风 ≤3级,小雨,小雨,10,6,东北风,≤3级,东北风,≤3级,day
2015-04-08 08:00:00,石板村,3、倒车的,负全部责任,不负责任,1,贵A404H9,白色,1,贵GR2043,白色,自培,-1,2004/5/31 0:00,-1,江淮牌,凌派牌,364567000000000000 ,364556000000000000 ,198503,197507,8,2,4,工作日,早高峰(7-9点),2015-04-08,2015年4月8日,小雨 /小雨,10℃ / 6℃,东北风 ≤3级 /东北风 ≤3级,小雨,小雨,10,6,东北风,≤3级,东北风,≤3级,day
2015-04-07 19:18:00,盐务街,7、未按规定让行的 ,负全部责任,不负责任,1,贵AU7937,蓝,1,贵A31M94,白,自培,省交校,2004/6/8 0:00,2014/5/4 0:00,望江牌,长安牌,36456651935562567X,364548000000000000 ,198511,199202,19,1,4,工作日,晚高峰(17-19点),2015-04-07,2015年4月7日,小雨 /小雨,9℃ / 5℃,东北风 ≤3级 /东北风 ≤3级,小雨,小雨,9,5,东北风,≤3级,东北风,≤3级,day
2015-04-07 20:00:00,金阳南路,8、依法应负全责的其他情形,负全部责任,不负责任,1,贵AU9751,蓝,1,贵ACQ876,黄 ,自培,自培,2003/4/1 0:00,2002/9/30 0:00,瑞麒牌,北京现代牌,364557000000000000 ,364548000000000000 ,197212,196505,20,1,4,工作日,非高峰,2015-04-07,2015年4月7日,小雨 /小雨,9℃ / 5℃,东北风 ≤3级 /东北风 ≤3级,小雨,小雨,9,5,东北风,≤3级,东北风,≤3级,night
2015-04-07 21:30:00,人民广场,8、依法应负全责的其他情形,负全部责任,不负责任,1,贵AU0402,黑,1,贵A78N98,蓝,自培,十一培,2003/1/27 0:00,1993/5/18 0:00,宗申,荣威牌,366368000000000000 ,364548000000000000 ,197612,197311,21,1,4,工作日,非高峰,2015-04-07,2015年4月7日,小雨 /小雨,9℃ / 5℃,东北风 ≤3级 /东北风 ≤3级,小雨,小雨,9,5,东北风,≤3级,东北风,≤3级,night
2015-04-07 17:30:00,涴沙桥,7、未按规定让行的 ,负全部责任,不负责任,1,贵ANG814,黑,1,贵A78874,黑,吉源驾校,十一培,2014/3/20 0:00,1985/8/28 0:00,丰田牌,长安,364566000000000000 ,36454751325450045X,199107,195610,17,1,4,工作日,晚高峰(17-19点),2015-04-07,2015年4月7日,小雨 /小雨,9℃ / 5℃,东北风 ≤3级 /东北风 ≤3级,小雨,小雨,9,5,东北风,≤3级,东北风,≤3级,day
2015-04-07 18:27:00,鹿冲关,3、倒车的,负全部责任,不负责任,1,贵AC7822,红,1,贵A5AV34,白,自培,自培,2004/8/26 0:00,2001/7/23 0:00,雪佛兰牌,大众汽车牌,364548000000000000 ,364548000000000000 ,198109,197704,18,1,4,工作日,晚高峰(17-19点),2015-04-07,2015年4月7日,小雨 /小雨,9℃ / 5℃,东北风 ≤3级 /东北风 ≤3级,小雨,小雨,9,5,东北风,≤3级,东北风,≤3级,day
2015-04-07 14:30:00,头桥,8、依法应负全责的其他情形,负全部责任,不负责任,1,贵GY7010,银,1,贵A87S61,白,自培,自培,2009/6/15 0:00,2002/10/21 0:00,比亚迪牌,思威牌,366369000000000000 ,364547000000000000 ,198910,197101,14,1,4,工作日,非高峰,2015-04-07,2015年4月7日,小雨 /小雨,9℃ / 5℃,东北风 ≤3级 /东北风 ≤3级,小雨,小雨,9,5,东北风,≤3级,东北风,≤3级,day
2015-04-08 08:16:00,黔灵山路,8、依法应负全责的其他情形,负全部责任,不负责任,1,川MV3219,银,0,贵AHU633,银,-1,（南明区）铁二局驾驶培训有限公司,-1,2004/12/14 0:00,海格牌,威志牌,355468000000000000 ,35676051294974083X,198606,196808,8,2,4,工作日,早高峰(7-9点),2015-04-08,2015年4月8日,小雨 /小雨,10℃ / 6℃,东北风 ≤3级 /东北风 ≤3级,小雨,小雨,10,6,东北风,≤3级,东北风,≤3级,day