accidenttime,accidentaddr,driver1fault,driver1responsibility,driver2responsibility,sex1,platenumber1,carcolor1,sex2,platenumber2,carcolor2,jxmc1,jxmc2,cclzrq1,cclzrq2,clpp1,clpp2,driver1license,driver2license,brith1,brith2,hour,weekday,month,is_weekday,peak_hour,date,日期,天气状况,气温,风力风向,day_wea,night_wea,day_tep,night_tep,day_wind_direction,day_wind_speed,night_wind_direction,night_wind_speed,segment
2015-04-08 08:00:00,会展城,7、未按规定让行的 ,负全部责任,不负责任,1,贵A77N23,黑,1,贵A30883,蓝,无,-1,2000/12/21 0:00,-1,自由光,柯斯达牌,364548000000000000 ,6455751834243445X ,197508,975060,8,2,4,工作日,早高峰(7-9点),2015-04-08,2015年4月8日,小雨 /小雨,10℃ / 6℃,东北风 ≤3级 /东北风 ≤3级,小雨,小雨,10,6,东北风,≤3级,东北风,≤3级,day
2015-04-08 08:11:00,五里冲,9、不符合前8款规定或者双方同时具有上述情形的,负同等责任,负同等责任,1,贵AA747N,白,1,贵A0683S,黑,消防驾校,消防驾校,2010/5/31 0:00,1994/5/6 0:00,北京牌,北京现代牌,366664000000000000 ,364547000000000000 ,198101,196210,8,2,4,工作日,早高峰(7-9点),2015-04-08,2015年4月8日,小雨 /小雨,10℃ / 6℃,东北风 ≤3级 /东北风 ≤3级,小雨,小雨,10,6,东北风,≤3级,东北风,≤3级,day
2015-04-07 21:10:00,白云区,7、未按规定让行的 ,负全部责任,不负责任,1,贵CNK511,白,1,贵AJ3122,银,文通驾校,520130,2012/10/28 0:00,2008/10/24 0:00,长安牌,豪爵牌,366567000000000000 ,364547000000000000 ,199310,198911,21,1,4,工作日,非高峰,2015-04-07,2015年4月7日,小雨 /小雨,9℃ / 5℃,东北风 ≤3级 /东北风 ≤3级,小雨,小雨,9,5,东北风,≤3级,东北风,≤3级,night
2015-04-08 09:01:00,乌当,3、倒车的,负全部责任,不负责任,1,贵A96627,红,1,贵A556C3,红,-1,520123,-1,2008/12/1 0:00,豪泺牌,华神牌,364546000000 ,774096000000000000 ,30374,198812,9,2,4,工作日,早高峰(7-9点),2015-04-08,2015年4月8日,小雨 /小雨,10℃ / 6℃,东北风 ≤3级 /东北风 ≤3级,小雨,小雨,10,6,东北风,≤3级,东北风,≤3级,day
2015-04-08 09:29:00,头桥,1、追尾的,负全部责任,不负责任,0,贵A86193,黑,1,贵A58S59,黑,（南明区）现代驾驶培训有限公司,文通驾校,2008/6/10 0:00,2011/2/15 0:00,力帆牌,东风日产牌,366367000000000000 ,366347000000000000 ,197305,197210,9,2,4,工作日,早高峰(7-9点),2015-04-08,2015年4月8日,小雨 /小雨,10℃ / 6℃,东北风 ≤3级 /东北风 ≤3级,小雨,小雨,10,6,东北风,≤3级,东北风,≤3级,day
2015-04-08 09:42:00,遵义路,1、追尾的,负全部责任,不负责任,1,闽A76U22,白色,1,贵A78H31,白色,-1,省交校,-1,2012/12/21 0:00,江铃牌,凌派牌,734570000000000000 ,364548000000000000 ,198410,198608,9,2,4,工作日,早高峰(7-9点),2015-04-08,2015年4月8日,小雨 /小雨,10℃ / 6℃,东北风 ≤3级 /东北风 ≤3级,小雨,小雨,10,6,东北风,≤3级,东北风,≤3级,day
2015-04-08 08:40:00,北京路,7、未按规定让行的 ,负全部责任,不负责任,1,贵A77F93,黄,1,贵HBR248,黄,520109,-1,2006/9/27 0:00,-1,福特牌,宝骏牌,364548000000000000 ,357366000000000000 ,198804,196209,8,2,4,工作日,早高峰(7-9点),2015-04-08,2015年4月8日,小雨 /小雨,10℃ / 6℃,东北风 ≤3级 /东北风 ≤3级,小雨,小雨,10,6,东北风,≤3级,东北风,≤3级,day
2015-04-08 08:15:00,头桥,7、未按规定让行的 ,负全部责任,不负责任,1,贵AB678Y,银,1,贵HH9896,黄,吉源驾校,-1,2014/11/19 0:00,-1,海马牌,雪佛兰牌,36687551825550768X,366267000000000000 ,197611,198403,8,2,4,工作日,早高峰(7-9点),2015-04-08,2015年4月8日,小雨 /小雨,10℃ / 6℃,东北风 ≤3级 /东北风 ≤3级,小雨,小雨,10,6,东北风,≤3级,东北风,≤3级,day
2015-04-08 08:20:00,甲秀南路,8、依法应负全责的其他情形,负全部责任,不负责任,1,贵A5094K,银,1,贵A53G17,黑,时发驾校,鑫鑫驾校,2012/8/13 0:00,2011/12/9 0:00,五菱牌,东风日产牌,366362000000000000 ,364557000000000000 ,198507,197502,8,2,4,工作日,早高峰(7-9点),2015-04-08,2015年4月8日,小雨 /小雨,10℃ / 6℃,东北风 ≤3级 /东北风 ≤3级,小雨,小雨,10,6,东北风,≤3级,东北风,≤3级,day
2015-04-08 08:10:00,下堰,8、依法应负全责的其他情形,负全部责任,不负责任,1,贵A25847,蓝,1,贵A9D729,蓝,-1,（乌当区）新天驾驶培训有限公司,-1,2013/9/2 0:00,象力牌,五菱牌,364558000000000000 ,366361000000000000 ,196410,198302,8,2,4,工作日,早高峰(7-9点),2015-04-08,2015年4月8日,小雨 /小雨,10℃ / 6℃,东北风 ≤3级 /东北风 ≤3级,小雨,小雨,10,6,东北风,≤3级,东北风,≤3级,day
2015-04-08 07:15:00,东新曲路,1、追尾的,负全部责任,不负责任,1,贵AU7872,绿,0,贵AU4343,绿,自培,市交校,2004/11/17 0:00,2002/7/29 0:00,金龙牌,飞鹰牌,64264500000000000 ,364547000000000000 ,196103,196910,7,2,4,工作日,早高峰(7-9点),2015-04-08,2015年4月8日,小雨 /小雨,10℃ / 6℃,东北风 ≤3级 /东北风 ≤3级,小雨,小雨,10,6,东北风,≤3级,东北风,≤3级,day
2015-04-08 02:08:00,金阳步行街,8、依法应负全责的其他情形,负全部责任,不负责任,1,皖HF1473,白,1,贵FL5286,红,自培,消防驾校,2010/1/26 0:00,2012/1/10 0:00,起亚牌,五菱牌,704967000000000000 ,366368000000000000 ,198706,197903,2,2,4,工作日,非高峰,2015-04-08,2015年4月8日,小雨 /小雨,10℃ / 6℃,东北风 ≤3级 /东北风 ≤3级,小雨,小雨,10,6,东北风,≤3级,东北风,≤3级,night
2015-04-08 08:18:00,市北路,1、追尾的,负全部责任,不负责任,1,贵AKU677,黑,1,贵AJ3486,蓝,（南明区）长安驾驶培训有限公司,十一培,2009/6/26 0:00,1999/6/11 0:00,明锐牌,鑫源牌,364548000000000000 ,36454751885455285X,196412,197710,8,2,4,工作日,早高峰(7-9点),2015-04-08,2015年4月8日,小雨 /小雨,10℃ / 6℃,东北风 ≤3级 /东北风 ≤3级,小雨,小雨,10,6,东北风,≤3级,东北风,≤3级,day
2015-04-08 09:00:00,五里冲,7、未按规定让行的 ,负全部责任,不负责任,1,贵ATN886,白,1,贵ATV057,黑,自培,十一培,1993/6/8 0:00,1990/7/2 0:00,豪情,长安牌,364548000000000000 ,364547000000000000 ,195708,197004,9,2,4,工作日,早高峰(7-9点),2015-04-08,2015年4月8日,小雨 /小雨,10℃ / 6℃,东北风 ≤3级 /东北风 ≤3级,小雨,小雨,10,6,东北风,≤3级,东北风,≤3级,day
2015-04-08 03:00:00,甘荫塘,4、停车时未挂低速档、未拉驻车制动，导致车辆滑行的,负全部责任,不负责任,1,贵APY353,白色,1,贵AF7285,白色,自培,十一培,2004/2/10 0:00,1994/5/25 0:00,解放牌,翼虎牌,366068000000000000 ,364547000000000000 ,198403,196310,3,2,4,工作日,非高峰,2015-04-08,2015年4月8日,小雨 /小雨,10℃ / 6℃,东北风 ≤3级 /东北风 ≤3级,小雨,小雨,10,6,东北风,≤3级,东北风,≤3级,night
2015-04-07 22:00:00,望城坡,9、不符合前8款规定或者双方同时具有上述情形的,负同等责任,负同等责任,1,贵GR4217,白色,1,贵AU8036,白色,安顺市鸿运驾校,自培,2012/4/20 0:00,2005/7/20 0:00,金杯牌,广本牌,366369000000000000 ,364547000000000000 ,198703,195610,22,1,4,工作日,非高峰,2015-04-07,2015年4月7日,小雨 /小雨,9℃ / 5℃,东北风 ≤3级 /东北风 ≤3级,小雨,小雨,9,5,东北风,≤3级,东北风,≤3级,night
2015-04-08 07:40:00,汤巴关立交,8、依法应负全责的其他情形,负全部责任,不负责任,1,贵A2AN18,白色,1,贵A88C53,白色,-1,自培,-1,2005/4/26 0:00,尚酷,福克斯牌,366361000000000000 ,364548000000000000 ,197407,198511,7,2,4,工作日,早高峰(7-9点),2015-04-08,2015年4月8日,小雨 /小雨,10℃ / 6℃,东北风 ≤3级 /东北风 ≤3级,小雨,小雨,10,6,东北风,≤3级,东北风,≤3级,day
2015-04-08 02:09:00,金阳步行街,8、依法应负全责的其他情形,负全部责任,不负责任,1,皖HF1473,白,1,贵FP3645,红,自培,自培,2010/1/26 0:00,2009/6/10 0:00,起亚牌,五菱牌,704967000000000000 ,366070000000000000 ,198706,198104,2,2,4,工作日,非高峰,2015-04-08,2015年4月8日,小雨 /小雨,10℃ / 6℃,东北风 ≤3级 /东北风 ≤3级,小雨,小雨,10,6,东北风,≤3级,东北风,≤3级,night
2015-04-08 09:00:00,水口寺,7、未按规定让行的 ,负全部责任,不负责任,1,贵A326F6,银,1,贵AFJ608,银,贵州现代驾驶培训责任有限公司,全林驾校,2014/3/28 0:00,2011/12/25 0:00,长安牌,吉利美日牌,364556000000000000 ,355266000000000000 ,198711,198912,9,2,4,工作日,早高峰(7-9点),2015-04-08,2015年4月8日,小雨 /小雨,10℃ / 6℃,东北风 ≤3级 /东北风 ≤3级,小雨,小雨,10,6,东北风,≤3级,东北风,≤3级,day
2015-04-08 08:51:00,北京西路,7、未按规定让行的 ,负全部责任,不负责任,0,贵A71K42,白,1,贵AJ737C,银,市警校驾校,-1,2013/12/12 0:00,-1,大众牌,-1,366663000000000000 ,574568000000000000 ,199003,198901,8,2,4,工作日,早高峰(7-9点),2015-04-08,2015年4月8日,小雨 /小雨,10℃ / 6℃,东北风 ≤3级 /东北风 ≤3级,小雨,小雨,10,6,东北风,≤3级,东北风,≤3级,day
2015-04-08 09:10:00,彩虹桥,1、追尾的,负全部责任,不负责任,1,贵A12M69,白,1,湘E88S88,银,铁二局驾校,-1,2012/6/14 0:00,-1,纳智捷牌,\N,366361000000000000 ,7406050000000000 ,198101,190081,9,2,4,工作日,早高峰(7-9点),2015-04-08,2015年4月8日,小雨 /小雨,10℃ / 6℃,东北风 ≤3级 /东北风 ≤3级,小雨,小雨,10,6,东北风,≤3级,东北风,≤3级,day
2015-04-08 12:00:00,恒大城,7、未按规定让行的 ,负全部责任,不负责任,1,贵ADA734,白,1,贵AA761C,白,-1,智杰驾校,-1,2014/3/18 0:00,北京现代牌,东南牌,355464000000000000 ,364568000000000000 ,198108,199005,12,2,4,工作日,非高峰,2015-04-08,2015年4月8日,小雨 /小雨,10℃ / 6℃,东北风 ≤3级 /东北风 ≤3级,小雨,小雨,10,6,东北风,≤3级,东北风,≤3级,day
2015-04-08 12:00:00,金阳,7、未按规定让行的 ,负全部责任,不负责任,1,贵A75V71,黑,1,贵A73S95,白,-1,全林驾校,-1,2014/3/19 0:00,梅赛德斯-奔驰,东风标致牌,366566000000000000 ,364548000000000000 ,198609,197701,12,2,4,工作日,非高峰,2015-04-08,2015年4月8日,小雨 /小雨,10℃ / 6℃,东北风 ≤3级 /东北风 ≤3级,小雨,小雨,10,6,东北风,≤3级,东北风,≤3级,day
2015-04-08 10:06:00,友谊路,9、不符合前8款规定或者双方同时具有上述情形的,负同等责任,负同等责任,1,贵AM7383,黑,0,贵A52W61,银,（经开区）十一驾驶培训有限公司,（经开区）十一驾驶培训有限公司,2009/4/21 0:00,2009/4/15 0:00,思域牌,三菱牌,774769000000000000 ,364551000000000000 ,197708,198606,10,2,4,工作日,非高峰,2015-04-08,2015年4月8日,小雨 /小雨,10℃ / 6℃,东北风 ≤3级 /东北风 ≤3级,小雨,小雨,10,6,东北风,≤3级,东北风,≤3级,day
2015-04-08 11:40:00,护国路,7、未按规定让行的 ,负全部责任,不负责任,1,贵ACB458,黑,1,贵A47N75,白,自培,蓝天驾校,2003/8/9 0:00,2011/7/7 0:00,宝来牌,英菲尼迪,364547000000000000 ,366861000000000000 ,198508,199011,11,2,4,工作日,非高峰,2015-04-08,2015年4月8日,小雨 /小雨,10℃ / 6℃,东北风 ≤3级 /东北风 ≤3级,小雨,小雨,10,6,东北风,≤3级,东北风,≤3级,day
2015-04-08 11:00:00,沙冲南路,9、不符合前8款规定或者双方同时具有上述情形的,负同等责任,负同等责任,1,贵AL8228,白色,1,贵AC4042,白色,自培,高新驾校,1995/7/31 0:00,2015/1/23 0:00,国本牌,双狮牌,364547000000000000 ,765698000000000000 ,196203,198109,11,2,4,工作日,非高峰,2015-04-08,2015年4月8日,小雨 /小雨,10℃ / 6℃,东北风 ≤3级 /东北风 ≤3级,小雨,小雨,10,6,东北风,≤3级,东北风,≤3级,day
2015-04-08 10:00:00,下堰村,8、依法应负全责的其他情形,负全部责任,不负责任,1,贵A25847,蓝,1,贵A9D729,银,-1,（乌当区）新天驾驶培训有限公司,-1,2013/9/2 0:00,象力牌,五菱牌,364558000000000000 ,366361000000000000 ,196410,198302,10,2,4,工作日,非高峰,2015-04-08,2015年4月8日,小雨 /小雨,10℃ / 6℃,东北风 ≤3级 /东北风 ≤3级,小雨,小雨,10,6,东北风,≤3级,东北风,≤3级,day
2015-04-10 07:20:00,艳山红,3、倒车的,负全部责任,不负责任,1,贵AJ9162,银,1,鄂AV6E92,银,-1,-1,1965/9/27 0:00,-1,嘉陵牌,五菱牌 ,364557000000000 ,64166500000000000 ,441014,198403,7,4,4,工作日,早高峰(7-9点),2015-04-10,2015年4月10日,小雨 /小雨,12℃ / 8℃,东北风 ≤3级 /东北风 ≤3级,小雨,小雨,12,8,东北风,≤3级,东北风,≤3级,day
2015-04-08 14:28:00,太慈桥,1、追尾的,负全部责任,不负责任,1,贵A4BJ21,白色,1,贵ATK121,白色,-1,-1,-1,-1,起亚牌,波罗牌,364647000000000000 ,364547000000000 ,198102,590208,14,2,4,工作日,非高峰,2015-04-08,2015年4月8日,小雨 /小雨,10℃ / 6℃,东北风 ≤3级 /东北风 ≤3级,小雨,小雨,10,6,东北风,≤3级,东北风,≤3级,day
2015-04-08 14:03:00,大营坡,1、追尾的,负全部责任,不负责任,1,贵A85K47,黄,1,贵AU0597,蓝,吉源驾校,预约考试窗口,2013/5/8 0:00,2006/12/8 0:00,东风日产牌,奇瑞牌,366566000000000000 ,364557000000000000 ,198504,198101,14,2,4,工作日,非高峰,2015-04-08,2015年4月8日,小雨 /小雨,10℃ / 6℃,东北风 ≤3级 /东北风 ≤3级,小雨,小雨,10,6,东北风,≤3级,东北风,≤3级,day
2015-04-08 12:00:00,小河,7、未按规定让行的 ,负全部责任,不负责任,1,贵AL0741,白色,1,贵A58166,白色,自培,十一驾驶培训有限公司,2002/6/10 0:00,2011/5/9 0:00,钱江牌,广本牌,364558000000000000 ,366669000000000000 ,197003,199009,12,2,4,工作日,非高峰,2015-04-08,2015年4月8日,小雨 /小雨,10℃ / 6℃,东北风 ≤3级 /东北风 ≤3级,小雨,小雨,10,6,东北风,≤3级,东北风,≤3级,day
2015-04-08 09:00:00,八匹马,7、未按规定让行的 ,负全部责任,不负责任,1,贵JP7496,银,1,贵ALF294,银,自培,-1,2015/2/13 0:00,-1,长安牌,北京现代牌,74866500000000000 ,366566000000000000 ,198208,197801,9,2,4,工作日,早高峰(7-9点),2015-04-08,2015年4月8日,小雨 /小雨,10℃ / 6℃,东北风 ≤3级 /东北风 ≤3级,小雨,小雨,10,6,东北风,≤3级,东北风,≤3级,day
2015-04-08 11:20:00,金华,8、依法应负全责的其他情形,负全部责任,不负责任,1,川A9978S,银,1,小型,黑,自培,-1,2007/7/25 0:00,-1,雅尊,-1,355566000000000000 ,75466500000000000 ,197608,198409,11,2,4,工作日,非高峰,2015-04-08,2015年4月8日,小雨 /小雨,10℃ / 6℃,东北风 ≤3级 /东北风 ≤3级,小雨,小雨,10,6,东北风,≤3级,东北风,≤3级,day
2015-04-08 12:30:00,柏杨林,3、倒车的,负全部责任,不负责任,1,贵A27073,红,0,贵A09925,白,自培,十一培,2004/7/28 0:00,1995/9/9 0:00,豪泺牌,五菱,364556000000000000 ,364548000000000000 ,197603,195703,12,2,4,工作日,非高峰,2015-04-08,2015年4月8日,小雨 /小雨,10℃ / 6℃,东北风 ≤3级 /东北风 ≤3级,小雨,小雨,10,6,东北风,≤3级,东北风,≤3级,day
2015-04-08 10:30:00,小河,1、追尾的,负全部责任,不负责任,1,贵GX1227,白色,1,贵AHL294,白色,市交校,十一培,2011/12/24 0:00,1994/11/22 0:00,大众汽车牌,轩逸牌,364548000000000000 ,366364000000000000 ,197905,195403,10,2,4,工作日,非高峰,2015-04-08,2015年4月8日,小雨 /小雨,10℃ / 6℃,东北风 ≤3级 /东北风 ≤3级,小雨,小雨,10,6,东北风,≤3级,东北风,≤3级,day
2015-04-08 16:00:00,大营坡,7、未按规定让行的 ,负全部责任,不负责任,1,贵AAS907,银,1,贵ASF776,白,-1,十一培,-1,1999/3/9 0:00,五菱牌,思威牌,366068000000000000 ,364547000000000000 ,196307,197801,16,2,4,工作日,非高峰,2015-04-08,2015年4月8日,小雨 /小雨,10℃ / 6℃,东北风 ≤3级 /东北风 ≤3级,小雨,小雨,10,6,东北风,≤3级,东北风,≤3级,day
2015-04-08 10:00:00,中华南路,1、追尾的,负全部责任,不负责任,1,贵AU5152,白色,1,贵AF4655,白色,自培,自培,2000/12/23 0:00,2011/12/9 0:00,捷达牌,菲亚特,364547000000000000 ,366664000000000000 ,196111,198904,10,2,4,工作日,非高峰,2015-04-08,2015年4月8日,小雨 /小雨,10℃ / 6℃,东北风 ≤3级 /东北风 ≤3级,小雨,小雨,10,6,东北风,≤3级,东北风,≤3级,day
2015-04-08 11:40:00,甘平路,7、未按规定让行的 ,负全部责任,不负责任,1,贵A6323V,白色,1,贵ASL459,白色,人武驾校,自培,2013/11/20 0:00,2004/3/25 0:00,东风日产牌,起亚牌,364557000000000000 ,364547000000000000 ,197809,196805,11,2,4,工作日,非高峰,2015-04-08,2015年4月8日,小雨 /小雨,10℃ / 6℃,东北风 ≤3级 /东北风 ≤3级,小雨,小雨,10,6,东北风,≤3级,东北风,≤3级,day
2015-04-08 09:00:00,西二环,1、追尾的,负全部责任,不负责任,1,贵AAG756,黑,1,贵AU0312,绿,自培,自培,2002/7/28 0:00,2001/1/22 0:00,宝马,万达牌,36454651864342647X,366064000000000000 ,197205,197510,9,2,4,工作日,早高峰(7-9点),2015-04-08,2015年4月8日,小雨 /小雨,10℃ / 6℃,东北风 ≤3级 /东北风 ≤3级,小雨,小雨,10,6,东北风,≤3级,东北风,≤3级,day
2015-04-08 12:00:00,小河转盘,1、追尾的,负全部责任,不负责任,1,贵A379F2,白色,1,贵AU2442,白色,自培,自培,2004/3/25 0:00,2005/1/7 0:00,江淮牌,捷达牌,364047000000000000 ,364596000000000000 ,198505,198604,12,2,4,工作日,非高峰,2015-04-08,2015年4月8日,小雨 /小雨,10℃ / 6℃,东北风 ≤3级 /东北风 ≤3级,小雨,小雨,10,6,东北风,≤3级,东北风,≤3级,day
2015-04-08 14:40:00,花溪,7、未按规定让行的 ,负全部责任,不负责任,1,贵AH342B,白色,1,贵A6037A,白色,铁二局驾校,自培,2011/8/31 0:00,2015/1/20 0:00,-1,吉利美日牌,364556000000000000 ,364551000000000000 ,199211,199010,14,2,4,工作日,非高峰,2015-04-08,2015年4月8日,小雨 /小雨,10℃ / 6℃,东北风 ≤3级 /东北风 ≤3级,小雨,小雨,10,6,东北风,≤3级,东北风,≤3级,day
2015-04-08 15:30:00,阳关,7、未按规定让行的 ,负全部责任,不负责任,1,贵A89559,黑,0,贵AVC149,黑,-1,预约考试窗口,-1,2006/7/6 0:00,福田牌,发现神行,64995500000000000 ,36454751964949006X,199212,198208,15,2,4,工作日,非高峰,2015-04-08,2015年4月8日,小雨 /小雨,10℃ / 6℃,东北风 ≤3级 /东北风 ≤3级,小雨,小雨,10,6,东北风,≤3级,东北风,≤3级,day
2015-04-08 15:00:00,白云区,8、依法应负全责的其他情形,负全部责任,不负责任,0,贵A80958,黄,1,渝BP2564,黄 ,织金县织通驾驶培训学校,（白云区）消防驾驶培训学校,-1,2002/12/4 0:00,五羊-本田,凯马牌,366064000000000000 ,366577000000000000 ,197805,197408,15,2,4,工作日,非高峰,2015-04-08,2015年4月8日,小雨 /小雨,10℃ / 6℃,东北风 ≤3级 /东北风 ≤3级,小雨,小雨,10,6,东北风,≤3级,东北风,≤3级,day
2015-04-08 13:46:00,长岭南路,7、未按规定让行的 ,负全部责任,不负责任,1,贵A56Y59,黑,1,贵ALN255,黑,-1,520132,-1,2011/3/29 0:00,奥迪牌,威志牌,366068000000000000 ,364566000000000000 ,196901,199012,13,2,4,工作日,非高峰,2015-04-08,2015年4月8日,小雨 /小雨,10℃ / 6℃,东北风 ≤3级 /东北风 ≤3级,小雨,小雨,10,6,东北风,≤3级,东北风,≤3级,day
2015-04-08 17:00:00,花果园,1、追尾的,负全部责任,不负责任,1,贵AX4745,白色,1,贵AUA213,白色,十一驾驶培训有限公司,个人报考,2010/12/22 0:00,2006/9/5 0:00,银钢牌,大众牌,366370000000000000 ,354767000000000000 ,198011,196612,17,2,4,工作日,晚高峰(17-19点),2015-04-08,2015年4月8日,小雨 /小雨,10℃ / 6℃,东北风 ≤3级 /东北风 ≤3级,小雨,小雨,10,6,东北风,≤3级,东北风,≤3级,day
2015-04-08 18:30:00,贵惠大道,7、未按规定让行的 ,负全部责任,不负责任,1,贵A0687R,白色,1,贵JBG876,白色,铁二局驾校,预约考试窗口,2014/10/10 0:00,2007/5/15 0:00,雪佛兰牌,雪佛兰牌,364547000000000000 ,366846000000000000 ,196303,198009,18,2,4,工作日,晚高峰(17-19点),2015-04-08,2015年4月8日,小雨 /小雨,10℃ / 6℃,东北风 ≤3级 /东北风 ≤3级,小雨,小雨,10,6,东北风,≤3级,东北风,≤3级,day
2015-04-08 17:10:00,友谊路,8、依法应负全责的其他情形,负全部责任,不负责任,1,贵ADY883,黑,1,贵AUA325,银,-1,黔南州兴鑫驾驶员培训学校,-1,2006/8/24 0:00,比亚迪牌,大众牌,366576000000000000 ,366868000000000000 ,196209,198409,17,2,4,工作日,晚高峰(17-19点),2015-04-08,2015年4月8日,小雨 /小雨,10℃ / 6℃,东北风 ≤3级 /东北风 ≤3级,小雨,小雨,10,6,东北风,≤3级,东北风,≤3级,day
2015-04-08 16:00:00,甲秀南路,1、追尾的,负全部责任,不负责任,1,贵A54S57,白色,1,浙B8Q514,白色,（清镇市）万里圣驾驶培训有限公司,文通驾校,2015/2/15 0:00,2011/11/3 0:00,长安牌,雷克萨斯,364556000000000000 ,366669000000000000 ,199204,199005,16,2,4,工作日,非高峰,2015-04-08,2015年4月8日,小雨 /小雨,10℃ / 6℃,东北风 ≤3级 /东北风 ≤3级,小雨,小雨,10,6,东北风,≤3级,东北风,≤3级,day
2015-04-08 16:00:00,小河,3、倒车的,负全部责任,不负责任,1,赣C82F29,白色,1,贵A4589M,白色,自培,-1,2012/1/17 0:00,-1,北京现代牌,长城牌,726669000000000000 ,364547000000 ,197601,302567,16,2,4,工作日,非高峰,2015-04-08,2015年4月8日,小雨 /小雨,10℃ / 6℃,东北风 ≤3级 /东北风 ≤3级,小雨,小雨,10,6,东北风,≤3级,东北风,≤3级,day
2015-04-08 14:30:00,南明区,7、未按规定让行的 ,负全部责任,不负责任,1,贵ABP426,白色,1,贵AU0629,白色,自培,520113,2003/4/1 0:00,2005/4/26 0:00,五菱牌,万达牌,364547000000000000 ,364547000000000000 ,196705,198512,14,2,4,工作日,非高峰,2015-04-08,2015年4月8日,小雨 /小雨,10℃ / 6℃,东北风 ≤3级 /东北风 ≤3级,小雨,小雨,10,6,东北风,≤3级,东北风,≤3级,day
2015-04-08 11:00:00,白云区,7、未按规定让行的 ,负全部责任,不负责任,1,贵AA992W,黑,0,贵G54081,银,自培,时发,2012/5/24 0:00,2005/12/20 0:00,比亚迪牌,别克,366067000000000000 ,364558000000000000 ,196707,198504,11,2,4,工作日,非高峰,2015-04-08,2015年4月8日,小雨 /小雨,10℃ / 6℃,东北风 ≤3级 /东北风 ≤3级,小雨,小雨,10,6,东北风,≤3级,东北风,≤3级,day
2015-04-08 15:15:00,冒沙井,7、未按规定让行的 ,负全部责任,不负责任,0,贵AR7322,银,1,贵A43Y37,白,自培,-1,2004/10/10 0:00,-1,飞度牌,猎豹,366367000000000000 ,364548000000000000 ,197203,199004,15,2,4,工作日,非高峰,2015-04-08,2015年4月8日,小雨 /小雨,10℃ / 6℃,东北风 ≤3级 /东北风 ≤3级,小雨,小雨,10,6,东北风,≤3级,东北风,≤3级,day
2015-04-08 14:03:00,白云区,7、未按规定让行的 ,负全部责任,不负责任,1,贵AX4284,黑,1,贵A6123B,白,自培,阳光驾校,2002/6/24 0:00,2012/2/9 0:00,豪江牌,广汽菲亚特牌,36455751254049405X,364568000000000000 ,196104,198710,14,2,4,工作日,非高峰,2015-04-08,2015年4月8日,小雨 /小雨,10℃ / 6℃,东北风 ≤3级 /东北风 ≤3级,小雨,小雨,10,6,东北风,≤3级,东北风,≤3级,day
2015-04-08 16:00:00,白云,7、未按规定让行的 ,负全部责任,不负责任,1,贵A96491,白,1,贵A9CB69,白,自培,520127,2007/5/30 0:00,-1,解放牌,长安牌,366361000000000000 ,36455651964962635X,197304,198208,16,2,4,工作日,非高峰,2015-04-08,2015年4月8日,小雨 /小雨,10℃ / 6℃,东北风 ≤3级 /东北风 ≤3级,小雨,小雨,10,6,东北风,≤3级,东北风,≤3级,day
2015-04-08 14:20:00,小河长江路,1、追尾的,负全部责任,不负责任,1,贵A7406B,白色,1,贵AF8298,白色,鑫鑫驾校,十一培,2014/8/20 0:00,1995/3/13 0:00,大众汽车牌,大众汽车牌,366546000000000000 ,366366000000000000 ,197408,196609,14,2,4,工作日,非高峰,2015-04-08,2015年4月8日,小雨 /小雨,10℃ / 6℃,东北风 ≤3级 /东北风 ≤3级,小雨,小雨,10,6,东北风,≤3级,东北风,≤3级,day
2015-04-08 12:40:00,玉厂路,9、不符合前8款规定或者双方同时具有上述情形的,负同等责任,负同等责任,1,贵GF1515,白色,1,贵A9041E,白色,安顺市金安汽车培训学校,自培,2009/12/25 0:00,2004/12/7 0:00,别克牌,江淮牌,366346000000000000 ,366064000000000000 ,198507,197203,12,2,4,工作日,非高峰,2015-04-08,2015年4月8日,小雨 /小雨,10℃ / 6℃,东北风 ≤3级 /东北风 ≤3级,小雨,小雨,10,6,东北风,≤3级,东北风,≤3级,day
2015-04-08 18:00:00,观水路,3、倒车的,负全部责任,不负责任,1,川RQV554,白色,1,贵ASM059,白色,黔丰驾校,自培,2014/7/20 0:00,2005/5/19 0:00,五菱牌,宝马牌,355741000000000000 ,366361000000000000 ,197906,197603,18,2,4,工作日,晚高峰(17-19点),2015-04-08,2015年4月8日,小雨 /小雨,10℃ / 6℃,东北风 ≤3级 /东北风 ≤3级,小雨,小雨,10,6,东北风,≤3级,东北风,≤3级,day
2015-04-08 17:00:00,花溪,1、追尾的,负全部责任,不负责任,1,贵GR8393,白色,1,贵A0AN24,白色,贵大驾校,自培,2015/2/3 0:00,2006/8/9 0:00,大众牌,吉利牌,364556000000000000 ,364556000000000000 ,196509,198712,17,2,4,工作日,晚高峰(17-19点),2015-04-08,2015年4月8日,小雨 /小雨,10℃ / 6℃,东北风 ≤3级 /东北风 ≤3级,小雨,小雨,10,6,东北风,≤3级,东北风,≤3级,day
2015-04-08 15:20:00,涴沙桥,1、追尾的,负全部责任,不负责任,1,贵A0BB78,银,1,贵AAS314,红,自培,自培,2004/6/17 0:00,2005/12/5 0:00,东风标致牌,东风雪铁龙牌,364548000000000000 ,726347000000000000 ,195801,197809,15,2,4,工作日,非高峰,2015-04-08,2015年4月8日,小雨 /小雨,10℃ / 6℃,东北风 ≤3级 /东北风 ≤3级,小雨,小雨,10,6,东北风,≤3级,东北风,≤3级,day