accidenttime,accidentaddr,driver1fault,driver1responsibility,driver2responsibility,sex1,platenumber1,carcolor1,sex2,platenumber2,carcolor2,jxmc1,jxmc2,cclzrq1,cclzrq2,clpp1,clpp2,driver1license,driver2license,brith1,brith2,hour,weekday,month,is_weekday,peak_hour,date,日期,天气状况,气温,风力风向,day_wea,night_wea,day_tep,night_tep,day_wind_direction,day_wind_speed,night_wind_direction,night_wind_speed,segment
2015-04-08 11:17:00,大营坡,9、不符合前8款规定或者双方同时具有上述情形的,负同等责任,负同等责任,1,贵ACA716,黑,1,贵AX6251,白,自培,自培,2004/7/5 0:00,2002/4/29 0:00,解放牌,丰田牌,366046000000000000 ,674747000000000000 ,198211,197105,11,2,4,工作日,非高峰,2015-04-08,2015年4月8日,小雨 /小雨,10℃ / 6℃,东北风 ≤3级 /东北风 ≤3级,小雨,小雨,10,6,东北风,≤3级,东北风,≤3级,day
2015-04-08 18:10:00,白云区,7、未按规定让行的 ,负全部责任,不负责任,1,贵JAL443,黄,1,贵A9374P,银,-1,鑫鑫驾校,-1,2012/8/17 0:00,长城牌,福克斯牌,256764000000000000 ,364548000000000000 ,196802,198604,18,2,4,工作日,晚高峰(17-19点),2015-04-08,2015年4月8日,小雨 /小雨,10℃ / 6℃,东北风 ≤3级 /东北风 ≤3级,小雨,小雨,10,6,东北风,≤3级,东北风,≤3级,day
2015-04-08 18:00:00,小河,8、依法应负全责的其他情形,负全部责任,不负责任,1,贵JBA956,白色,1,贵GT4085,白色,铁二局驾校,-1,2011/2/13 0:00,-1,起亚牌,比亚迪牌,36454751994050496X,36454651234559742X,198804,196501,18,2,4,工作日,晚高峰(17-19点),2015-04-08,2015年4月8日,小雨 /小雨,10℃ / 6℃,东北风 ≤3级 /东北风 ≤3级,小雨,小雨,10,6,东北风,≤3级,东北风,≤3级,day
2015-04-08 21:30:00,文昌北路,1、追尾的,负全部责任,不负责任,1,贵A9523V,银,0,贵AHJ948,红,黔南金都汽车驾驶学校,鑫鑫驾校,-1,2013/12/4 0:00,吉利美日牌,东风日产牌,366046000000000000 ,364547000000000000 ,197707,198908,21,2,4,工作日,非高峰,2015-04-08,2015年4月8日,小雨 /小雨,10℃ / 6℃,东北风 ≤3级 /东北风 ≤3级,小雨,小雨,10,6,东北风,≤3级,东北风,≤3级,night
2015-04-09 07:00:00,嘉润路,7、未按规定让行的 ,负全部责任,不负责任,1,桂MB3769,白色,1,贵A48M95,白色,-1,市交校,-1,2012/2/10 0:00,\N,长安牌,36863500000000000 ,366846000000000000 ,198612,197405,7,3,4,工作日,早高峰(7-9点),2015-04-09,2015年4月9日,阴 /小雨,11℃ / 7℃,东北风 ≤3级 /东北风 ≤3级,阴,小雨,11,7,东北风,≤3级,东北风,≤3级,day
2015-04-09 00:00:00,开发大道,7、未按规定让行的 ,负全部责任,不负责任,1,贵A19H93,白色,1,贵ACT492,白色,市交校,贵定县阳光汽车驾驶培训学校,2014/7/19 0:00,2006/11/9 0:00,波罗牌,帕萨特牌,366561000000000000 ,366868000000000000 ,199009,198110,0,3,4,工作日,非高峰,2015-04-09,2015年4月9日,阴 /小雨,11℃ / 7℃,东北风 ≤3级 /东北风 ≤3级,阴,小雨,11,7,东北风,≤3级,东北风,≤3级,night
2015-04-09 06:30:00,养牛村,7、未按规定让行的 ,负全部责任,不负责任,1,贵A54590,银,1,贵A8651V,银,吉源驾校,文通驾校,2013/3/14 0:00,2012/12/14 0:00,海陵牌,雪佛兰牌,366669000000000000 ,366577000000000000 ,197412,198104,6,3,4,工作日,非高峰,2015-04-09,2015年4月9日,阴 /小雨,11℃ / 7℃,东北风 ≤3级 /东北风 ≤3级,阴,小雨,11,7,东北风,≤3级,东北风,≤3级,day
2015-04-09 00:00:00,杨家山隧道,1、追尾的,负全部责任,不负责任,1,贵A8BK07,白色,1,贵AB5461,白色,520110,-1,2007/9/28 0:00,-1,东风雪铁龙牌,三铃牌,366346000000000000 ,366862000000000000 ,197903,198309,0,3,4,工作日,非高峰,2015-04-09,2015年4月9日,阴 /小雨,11℃ / 7℃,东北风 ≤3级 /东北风 ≤3级,阴,小雨,11,7,东北风,≤3级,东北风,≤3级,night
2015-04-08 22:10:00,大营坡,7、未按规定让行的 ,负全部责任,不负责任,1,贵A98660,白,1,贵AU2728,蓝,-1,消防驾校,-1,2011/6/17 0:00,陕汽牌,瑞麒牌,366273000000000000 ,364548000000000000 ,196702,197208,22,2,4,工作日,非高峰,2015-04-08,2015年4月8日,小雨 /小雨,10℃ / 6℃,东北风 ≤3级 /东北风 ≤3级,小雨,小雨,10,6,东北风,≤3级,东北风,≤3级,night
2015-04-08 20:30:00,恒大城,7、未按规定让行的 ,负全部责任,不负责任,1,贵EN4643,白,1,贵AYY883,白,-1,-1,-1,-1,东风牌,哈弗牌,36636251975467405X,276561000000000000 ,198310,198204,20,2,4,工作日,非高峰,2015-04-08,2015年4月8日,小雨 /小雨,10℃ / 6℃,东北风 ≤3级 /东北风 ≤3级,小雨,小雨,10,6,东北风,≤3级,东北风,≤3级,night
2015-04-09 08:00:00,盘江路,7、未按规定让行的 ,负全部责任,不负责任,1,贵A0AS81,白色,1,贵AU6434,白色,-1,公交公司驾校,-1,2006/12/12 0:00,长安牌,宗申牌,364547000000 ,364547000000000000 ,139944,198504,8,3,4,工作日,早高峰(7-9点),2015-04-09,2015年4月9日,阴 /小雨,11℃ / 7℃,东北风 ≤3级 /东北风 ≤3级,阴,小雨,11,7,东北风,≤3级,东北风,≤3级,day
2015-04-09 00:00:00,210国道,3、倒车的,负全部责任,不负责任,1,贵A711F,白,1,渝BR4339,黄,十一培,-1,1996/10/22 0:00,-1,-1,-1,364557000000000000 ,354669000000000000 ,197508,196609,0,3,4,工作日,非高峰,2015-04-09,2015年4月9日,阴 /小雨,11℃ / 7℃,东北风 ≤3级 /东北风 ≤3级,阴,小雨,11,7,东北风,≤3级,东北风,≤3级,night
2015-04-08 14:15:00,艺校,1、追尾的,负全部责任,不负责任,1,贵F10999,黑,1,贵A4955M,银,自培,-1,2000/12/8 0:00,-1,蒙迪欧,比亚迪牌,366046000000000000 ,354768000000000000 ,197706,197511,14,2,4,工作日,非高峰,2015-04-08,2015年4月8日,小雨 /小雨,10℃ / 6℃,东北风 ≤3级 /东北风 ≤3级,小雨,小雨,10,6,东北风,≤3级,东北风,≤3级,day
2015-04-08 21:58:00,白云大道,8、依法应负全责的其他情形,负全部责任,不负责任,1,贵A407D9,白,1,渝ARV808,白,自培,高新驾校,2004/11/11 0:00,2003/6/5 0:00,江淮牌,东风日产牌,366064000000000000 ,366347000000000000 ,197409,197512,21,2,4,工作日,非高峰,2015-04-08,2015年4月8日,小雨 /小雨,10℃ / 6℃,东北风 ≤3级 /东北风 ≤3级,小雨,小雨,10,6,东北风,≤3级,东北风,≤3级,night
2015-04-09 07:00:00,二戈寨,5、开关车门的,负全部责任,不负责任,1,贵ALS628,白色,1,贵A82367,白色,自培,吉源驾校（南明区）,2003/5/16 0:00,2004/3/23 0:00,吉利牌,隆鑫牌,354366000000000000 ,366846000000000000 ,196306,197111,7,3,4,工作日,早高峰(7-9点),2015-04-09,2015年4月9日,阴 /小雨,11℃ / 7℃,东北风 ≤3级 /东北风 ≤3级,阴,小雨,11,7,东北风,≤3级,东北风,≤3级,day
2015-04-09 07:00:00,小石城,7、未按规定让行的 ,负全部责任,不负责任,1,贵AV0422,黄,1,贵JBT478,黑,自培,-1,2004/5/24 0:00,-1,陆嘉牌,奥迪牌,364557000000000000 ,355766000000000000 ,197308,196608,7,3,4,工作日,早高峰(7-9点),2015-04-09,2015年4月9日,阴 /小雨,11℃ / 7℃,东北风 ≤3级 /东北风 ≤3级,阴,小雨,11,7,东北风,≤3级,东北风,≤3级,day
2015-04-08 16:00:00,远大生态,9、不符合前8款规定或者双方同时具有上述情形的,负同等责任,负同等责任,1,贵GY3952,黑,1,贵AU8882,蓝,新天驾校,自培,2014/3/5 0:00,2007/2/13 0:00,大众牌,瑞麒牌,364548000000000000 ,36456751924847795X,197808,198607,16,2,4,工作日,非高峰,2015-04-08,2015年4月8日,小雨 /小雨,10℃ / 6℃,东北风 ≤3级 /东北风 ≤3级,小雨,小雨,10,6,东北风,≤3级,东北风,≤3级,day
2015-04-08 17:20:00,白云区,8、依法应负全责的其他情形,负全部责任,不负责任,1,贵A7154G,银,1,贵AMT013,黑,道真仡佬族苗族自治县驾驶员培训学校,自培,2012/6/8 0:00,2007/8/17 0:00,长安牌,波罗牌,366564000000000000 ,364548000000000000 ,197111,195605,17,2,4,工作日,晚高峰(17-19点),2015-04-08,2015年4月8日,小雨 /小雨,10℃ / 6℃,东北风 ≤3级 /东北风 ≤3级,小雨,小雨,10,6,东北风,≤3级,东北风,≤3级,day
2015-04-09 03:30:00,东二环,7、未按规定让行的 ,负全部责任,不负责任,1,贵AN2091,白色,1,贵AA073L,白色,（观山湖区）蓝天驾驶培训有限公司,自培,2009/8/28 0:00,2011/10/24 0:00,东风牌,丰田牌,366064000000000000 ,366664000000000000 ,197606,199211,3,3,4,工作日,非高峰,2015-04-09,2015年4月9日,阴 /小雨,11℃ / 7℃,东北风 ≤3级 /东北风 ≤3级,阴,小雨,11,7,东北风,≤3级,东北风,≤3级,night
2015-04-08 17:30:00,延安西路,7、未按规定让行的 ,负全部责任,不负责任,1,贵AM8644,白色,1,贵ANW883,白色,自培,自培,2003/3/7 0:00,2002/2/10 0:00,山洋牌,揽胜,364548000000000000 ,364548000000000000 ,195803,196609,17,2,4,工作日,晚高峰(17-19点),2015-04-08,2015年4月8日,小雨 /小雨,10℃ / 6℃,东北风 ≤3级 /东北风 ≤3级,小雨,小雨,10,6,东北风,≤3级,东北风,≤3级,day
2015-04-09 09:00:00,安云路,7、未按规定让行的 ,负全部责任,不负责任,1,贵A76G53,银,0,贵A29F22,黑,（乌当区）新天驾驶培训有限公司,吉源驾校,2006/7/27 0:00,2015/2/15 0:00,夏利牌,梅赛德斯-奔驰,366567000000000000 ,364548000000000000 ,198306,199608,9,3,4,工作日,早高峰(7-9点),2015-04-09,2015年4月9日,阴 /小雨,11℃ / 7℃,东北风 ≤3级 /东北风 ≤3级,阴,小雨,11,7,东北风,≤3级,东北风,≤3级,day
2015-04-09 08:30:00,蛮坡,8、依法应负全责的其他情形,负全部责任,不负责任,1,贵A3445G,红,1,贵AU6147,绿,文通驾校,昆明市云光机动车驾驶培训学校,2011/7/11 0:00,2007/9/29 0:00,江铃牌,捷达牌,366061000000000000 ,364557000000000000 ,198112,197201,8,3,4,工作日,早高峰(7-9点),2015-04-09,2015年4月9日,阴 /小雨,11℃ / 7℃,东北风 ≤3级 /东北风 ≤3级,阴,小雨,11,7,东北风,≤3级,东北风,≤3级,day
2015-04-08 20:00:00,八匹马,7、未按规定让行的 ,负全部责任,不负责任,1,贵CNB233,黑,0,贵HAF24,白,自培,新天驾校,2006/10/12 0:00,2014/4/3 0:00,北京现代牌,-1,366568000000000000 ,734766000000000000 ,196408,198507,20,2,4,工作日,非高峰,2015-04-08,2015年4月8日,小雨 /小雨,10℃ / 6℃,东北风 ≤3级 /东北风 ≤3级,小雨,小雨,10,6,东北风,≤3级,东北风,≤3级,night
2015-04-09 08:00:00,二戈寨,1、追尾的,负全部责任,不负责任,1,贵A7947V,白色,1,贵JAT845,白色,铁二局驾校,贵州现代驾驶培训责任有限公司,2010/2/21 0:00,2013/7/24 0:00,长安牌,思域牌,364557000000000000 ,364548000000000000 ,199006,199108,8,3,4,工作日,早高峰(7-9点),2015-04-09,2015年4月9日,阴 /小雨,11℃ / 7℃,东北风 ≤3级 /东北风 ≤3级,阴,小雨,11,7,东北风,≤3级,东北风,≤3级,day
2015-04-09 07:50:00,粑粑街,7、未按规定让行的 ,负全部责任,不负责任,1,贵A77K63,白,1,贵FN2710,红,（乌当区）新天驾驶培训有限公司,-1,2004/12/2 0:00,-1,东风标致牌,北京牌,364558000000000000 ,366063000000000000 ,198011,198703,7,3,4,工作日,早高峰(7-9点),2015-04-09,2015年4月9日,阴 /小雨,11℃ / 7℃,东北风 ≤3级 /东北风 ≤3级,阴,小雨,11,7,东北风,≤3级,东北风,≤3级,day
2015-04-09 08:00:00,世纪城,7、未按规定让行的 ,负全部责任,不负责任,1,贵A1545N,银,1,贵G71545,红,-1,蓝天驾校,-1,2013/2/1 0:00,长城牌,长安牌,366861000000000000 ,366667000000000000 ,198011,198310,8,3,4,工作日,早高峰(7-9点),2015-04-09,2015年4月9日,阴 /小雨,11℃ / 7℃,东北风 ≤3级 /东北风 ≤3级,阴,小雨,11,7,东北风,≤3级,东北风,≤3级,day
2015-04-09 09:50:00,新世界,3、倒车的,负全部责任,不负责任,1,贵AMB977,黑,1,贵GG881,黑,-1,-1,-1,-1,胜达,-1,576061000000000000 ,734398000000000000 ,198905,198810,9,3,4,工作日,早高峰(7-9点),2015-04-09,2015年4月9日,阴 /小雨,11℃ / 7℃,东北风 ≤3级 /东北风 ≤3级,阴,小雨,11,7,东北风,≤3级,东北风,≤3级,day
2015-04-09 10:00:00,黔灵西路,1、追尾的,负全部责任,不负责任,1,贵AJM7815,银,1,贵APH957,蓝,贵州省长安驾驶培训学校,520126,2013/6/14 0:00,2010/1/18 0:00,-1,奇瑞牌,366567000000000000 ,36455651975674475X,197702,198312,10,3,4,工作日,非高峰,2015-04-09,2015年4月9日,阴 /小雨,11℃ / 7℃,东北风 ≤3级 /东北风 ≤3级,阴,小雨,11,7,东北风,≤3级,东北风,≤3级,day
2015-04-09 09:10:00,绿地,9、不符合前8款规定或者双方同时具有上述情形的,负同等责任,负同等责任,1,贵A64H98,白,1,贵AEU597,白,贵大佳德驾驶培训学校,520126,2012/12/13 0:00,2009/9/5 0:00,福克斯牌,东风日产牌,364558000000000000 ,364596000000000000 ,198712,198709,9,3,4,工作日,早高峰(7-9点),2015-04-09,2015年4月9日,阴 /小雨,11℃ / 7℃,东北风 ≤3级 /东北风 ≤3级,阴,小雨,11,7,东北风,≤3级,东北风,≤3级,day
2015-04-09 09:26:00,黔灵山路,1、追尾的,负全部责任,不负责任,1,贵AU0211,蓝,1,贵HR2477,银,（白云区）消防驾驶培训学校,新天驾校,2010/3/10 0:00,2013/11/27 0:00,万达牌,骊威牌,364557000000000000 ,366270000000000000 ,197411,197906,9,3,4,工作日,早高峰(7-9点),2015-04-09,2015年4月9日,阴 /小雨,11℃ / 7℃,东北风 ≤3级 /东北风 ≤3级,阴,小雨,11,7,东北风,≤3级,东北风,≤3级,day
2015-04-09 08:30:00,中山西路,1、追尾的,负全部责任,不负责任,1,贵A84F24,蓝,1,贵F91996,蓝,自培,520101,2010/4/28 0:00,2008/9/24 0:00,起亚牌,别克牌,364548000000000000 ,366070000000000000 ,198803,198305,8,3,4,工作日,早高峰(7-9点),2015-04-09,2015年4月9日,阴 /小雨,11℃ / 7℃,东北风 ≤3级 /东北风 ≤3级,阴,小雨,11,7,东北风,≤3级,东北风,≤3级,day
2015-04-09 10:00:00,四方河,8、依法应负全责的其他情形,负全部责任,不负责任,1,贵ARF311,白色,1,贵JBY181,白色,新天驾校,520106,2011/5/24 0:00,2008/8/20 0:00,黑豹牌,雪佛兰牌,366367000000000000 ,364547000000000000 ,196704,197711,10,3,4,工作日,非高峰,2015-04-09,2015年4月9日,阴 /小雨,11℃ / 7℃,东北风 ≤3级 /东北风 ≤3级,阴,小雨,11,7,东北风,≤3级,东北风,≤3级,day
2015-04-09 10:30:00,金清大道,7、未按规定让行的 ,负全部责任,不负责任,1,贵A87224,红,1,川AJT340,白,-1,顺风驾校,-1,2015/2/2 0:00,长安,别克牌 ,3660635189544227X,364596000000000000 ,197810,198502,10,3,4,工作日,非高峰,2015-04-09,2015年4月9日,阴 /小雨,11℃ / 7℃,东北风 ≤3级 /东北风 ≤3级,阴,小雨,11,7,东北风,≤3级,东北风,≤3级,day
2015-04-09 09:20:00,花果园,9、不符合前8款规定或者双方同时具有上述情形的,负同等责任,负同等责任,1,贵A3AS84,黑,0,贵FV7128,银,青正驾校,吉源驾校,2013/6/21 0:00,2015/1/30 0:00,福克斯牌,东风雪铁龙牌,36686851934262096X,366064000000000000 ,198506,199008,9,3,4,工作日,早高峰(7-9点),2015-04-09,2015年4月9日,阴 /小雨,11℃ / 7℃,东北风 ≤3级 /东北风 ≤3级,阴,小雨,11,7,东北风,≤3级,东北风,≤3级,day
2015-04-09 09:00:00,黔林山路,7、未按规定让行的 ,负全部责任,不负责任,1,贵A67Z42,银,1,贵A29V81,白,自培,顺一驾驶培训学校,2006/8/11 0:00,1998/11/5 0:00,起亚牌,长城牌,366564000000000000 ,36454751944262205X,197907,198006,9,3,4,工作日,早高峰(7-9点),2015-04-09,2015年4月9日,阴 /小雨,11℃ / 7℃,东北风 ≤3级 /东北风 ≤3级,阴,小雨,11,7,东北风,≤3级,东北风,≤3级,day
2015-04-09 09:00:00,小碧乡,1、追尾的,负全部责任,不负责任,1,贵AHS296,白色,1,贵A4AV83,白色,自培,公安干院驾校,2004/12/22 0:00,2007/6/18 0:00,雅尊,锋范牌,364556000000000000 ,364556000000000000 ,195910,198210,9,3,4,工作日,早高峰(7-9点),2015-04-09,2015年4月9日,阴 /小雨,11℃ / 7℃,东北风 ≤3级 /东北风 ≤3级,阴,小雨,11,7,东北风,≤3级,东北风,≤3级,day
2015-04-09 06:00:00,西二环,9、不符合前8款规定或者双方同时具有上述情形的,负同等责任,负同等责任,1,贵JCR352,白色,1,蒙BF0981,白色,自培,-1,2006/8/24 0:00,-1,凯迪拉克牌,\N,36684551205464445X,726347000000000000 ,196410,197708,6,3,4,工作日,非高峰,2015-04-09,2015年4月9日,阴 /小雨,11℃ / 7℃,东北风 ≤3级 /东北风 ≤3级,阴,小雨,11,7,东北风,≤3级,东北风,≤3级,day
2015-04-09 08:50:00,大营坡,7、未按规定让行的 ,负全部责任,不负责任,1,贵AG2964,白,1,贵AU0878,蓝,自培,十一培,2001/9/25 0:00,1990/12/10 0:00,宝雕牌,雷克牌,364548000000000000 ,364557000000000000 ,198003,197003,8,3,4,工作日,早高峰(7-9点),2015-04-09,2015年4月9日,阴 /小雨,11℃ / 7℃,东北风 ≤3级 /东北风 ≤3级,阴,小雨,11,7,东北风,≤3级,东北风,≤3级,day
2015-04-09 10:00:00,金珠西路,3、倒车的,负全部责任,不负责任,1,贵JL7514,黑,1,贵A2445C,银,-1,自培,-1,2004/4/30 0:00,思域牌,福特牌,354366000000000000 ,364557000000000000 ,198808,197006,10,3,4,工作日,非高峰,2015-04-09,2015年4月9日,阴 /小雨,11℃ / 7℃,东北风 ≤3级 /东北风 ≤3级,阴,小雨,11,7,东北风,≤3级,东北风,≤3级,day
2015-04-09 09:00:00,中华北路,1、追尾的,负全部责任,不负责任,1,贵ASZ329,白色,1,贵ALF424,白色,自培,自培,2004/11/8 0:00,2003/6/15 0:00,宝马牌,马自达牌,364547000000000000 ,364548000000000000 ,198503,198201,9,3,4,工作日,早高峰(7-9点),2015-04-09,2015年4月9日,阴 /小雨,11℃ / 7℃,东北风 ≤3级 /东北风 ≤3级,阴,小雨,11,7,东北风,≤3级,东北风,≤3级,day
2015-04-09 11:36:00,二浦,7、未按规定让行的 ,负全部责任,不负责任,1,贵A247E7,白,1,贵AB007A,银,-1,-1,-1,-1,江铃牌,江铃牌,366367000000000000 ,354366000000000000 ,196302,198905,11,3,4,工作日,非高峰,2015-04-09,2015年4月9日,阴 /小雨,11℃ / 7℃,东北风 ≤3级 /东北风 ≤3级,阴,小雨,11,7,东北风,≤3级,东北风,≤3级,day
2015-04-09 11:57:00,碧海花园,3、倒车的,负全部责任,不负责任,1,贵XHT549,白,1,贵ANJ728,蓝,-1,520129,-1,2010/7/21 0:00,-1,东风标致牌,366866000000000000 ,36454651914346955X,198808,198905,11,3,4,工作日,非高峰,2015-04-09,2015年4月9日,阴 /小雨,11℃ / 7℃,东北风 ≤3级 /东北风 ≤3级,阴,小雨,11,7,东北风,≤3级,东北风,≤3级,day
2015-04-09 09:20:00,三砂疾控中心,7、未按规定让行的 ,负全部责任,不负责任,1,贵GY5906,白,1,贵AHW931,红,（经开区）十一驾驶培训有限公司,-1,2006/12/7 0:00,-1,长安牌,丰田牌,74365500000000000 ,74365500000000000 ,198711,987110,9,3,4,工作日,早高峰(7-9点),2015-04-09,2015年4月9日,阴 /小雨,11℃ / 7℃,东北风 ≤3级 /东北风 ≤3级,阴,小雨,11,7,东北风,≤3级,东北风,≤3级,day
2015-04-09 10:50:00,金阳南路,1、追尾的,负全部责任,不负责任,0,贵A38W99,白,1,贵A9173M,黑,蓝天驾校,诚信驾驶培训学校,2013/8/20 0:00,2012/6/25 0:00,宝马,五菱牌,364547000000000000 ,344675000000000000 ,197412,198602,10,3,4,工作日,非高峰,2015-04-09,2015年4月9日,阴 /小雨,11℃ / 7℃,东北风 ≤3级 /东北风 ≤3级,阴,小雨,11,7,东北风,≤3级,东北风,≤3级,day
2015-04-09 12:30:00,三桥,7、未按规定让行的 ,负全部责任,不负责任,1,贵AM0551,黄,1,贵A80507,红,（乌当区）新天驾驶培训有限公司,盘县宏源驾驶培训学校,2010/12/24 0:00,-1,豪爵牌,长安,364648000000000000 ,364647000000000000 ,198306,198410,12,3,4,工作日,非高峰,2015-04-09,2015年4月9日,阴 /小雨,11℃ / 7℃,东北风 ≤3级 /东北风 ≤3级,阴,小雨,11,7,东北风,≤3级,东北风,≤3级,day
2015-04-09 12:10:00,云环路,8、依法应负全责的其他情形,负全部责任,不负责任,1,贵A1409T,黄,1,贵A93770,黄 ,自培,贵州省长安驾驶培训学校,2012/8/7 0:00,2010/9/3 0:00,北京现代牌,五羊,364558000000000000 ,364557000000000000 ,198211,198203,12,3,4,工作日,非高峰,2015-04-09,2015年4月9日,阴 /小雨,11℃ / 7℃,东北风 ≤3级 /东北风 ≤3级,阴,小雨,11,7,东北风,≤3级,东北风,≤3级,day
2015-04-09 12:00:00,小河,3、倒车的,负全部责任,不负责任,1,渝A652AN,白色,1,贵AAE948,白色,-1,520126,-1,2010/1/21 0:00,无,大众牌,366068000000000000 ,364556000000000000 ,197810,197408,12,3,4,工作日,非高峰,2015-04-09,2015年4月9日,阴 /小雨,11℃ / 7℃,东北风 ≤3级 /东北风 ≤3级,阴,小雨,11,7,东北风,≤3级,东北风,≤3级,day
2015-04-09 12:30:00,花果园,7、未按规定让行的 ,负全部责任,不负责任,1,贵AB1334,绿,1,贵AU3589,蓝,自培,-1,2013/4/3 0:00,-1,奇瑞,瑞麒牌,366567000000000000 ,366862000000000000 ,198504,197410,12,3,4,工作日,非高峰,2015-04-09,2015年4月9日,阴 /小雨,11℃ / 7℃,东北风 ≤3级 /东北风 ≤3级,阴,小雨,11,7,东北风,≤3级,东北风,≤3级,day
2015-04-09 09:10:00,金阳,1、追尾的,负全部责任,不负责任,1,贵A89A13,黑,1,贵ABR747,黑,铁二局驾校,-1,2007/1/11 0:00,-1,长城牌,长安,364548000000000000 ,366264000000000000 ,198610,199001,9,3,4,工作日,早高峰(7-9点),2015-04-09,2015年4月9日,阴 /小雨,11℃ / 7℃,东北风 ≤3级 /东北风 ≤3级,阴,小雨,11,7,东北风,≤3级,东北风,≤3级,day
2015-04-09 12:40:00,化工路,7、未按规定让行的 ,负全部责任,不负责任,1,渝C86N32,黑,1,贵AU7816,蓝,-1,公交公司驾校,-1,2008/9/3 0:00,东风标致牌,金龙牌,344797000000000000 ,366568000000000000 ,199012,198602,12,3,4,工作日,非高峰,2015-04-09,2015年4月9日,阴 /小雨,11℃ / 7℃,东北风 ≤3级 /东北风 ≤3级,阴,小雨,11,7,东北风,≤3级,东北风,≤3级,day
2015-04-09 15:40:00,中曹司,1、追尾的,负全部责任,不负责任,1,贵ARN822,白色,1,贵ADW452,黑色,-1,市警校驾校,-1,2011/12/7 0:00,英伦牌,别克牌,366667000000000000 ,36454651375467705X,198005,195310,15,3,4,工作日,非高峰,2015-04-09,2015年4月9日,阴 /小雨,11℃ / 7℃,东北风 ≤3级 /东北风 ≤3级,阴,小雨,11,7,东北风,≤3级,东北风,≤3级,day
2015-04-09 16:00:00,解放路,7、未按规定让行的 ,负全部责任,不负责任,1,贵A13Z67,白色,1,京AM7202,白色,-1,-1,-1,-1,福克斯牌,力帆牌,364648000000000000 ,574670000000000000 ,197411,196310,16,3,4,工作日,非高峰,2015-04-09,2015年4月9日,阴 /小雨,11℃ / 7℃,东北风 ≤3级 /东北风 ≤3级,阴,小雨,11,7,东北风,≤3级,东北风,≤3级,day
2015-04-09 11:30:00,子月街,8、依法应负全责的其他情形,负全部责任,不负责任,1,贵A138D7,白,1,贵ACG756,银,自培,贵州晨运驾驶培训学校,2011/3/22 0:00,2010/8/10 0:00,江淮牌,雪佛兰牌,366064000000000000 ,366068000000000000 ,198003,198409,11,3,4,工作日,非高峰,2015-04-09,2015年4月9日,阴 /小雨,11℃ / 7℃,东北风 ≤3级 /东北风 ≤3级,阴,小雨,11,7,东北风,≤3级,东北风,≤3级,day
2015-04-09 12:23:00,市南路,7、未按规定让行的 ,负全部责任,不负责任,1,贵AU6368,白色,1,贵A65X28,白色,自培,（云岩区）省交通职业技术驾驶培训学校,2008/11/24 0:00,1995/9/12 0:00,恒通客车牌,宝骏牌,356166000000000000 ,364547000000000000 ,197604,196305,12,3,4,工作日,非高峰,2015-04-09,2015年4月9日,阴 /小雨,11℃ / 7℃,东北风 ≤3级 /东北风 ≤3级,阴,小雨,11,7,东北风,≤3级,东北风,≤3级,day
2015-04-09 09:30:00,喷水池,7、未按规定让行的 ,负全部责任,不负责任,1,贵AU0208,白色,1,贵AU6761,白色,毕节地区宏强汽车(摩托车)驾驶培训学校,十一培,2009/10/21 0:00,1995/1/4 0:00,万达牌,蜀都牌,36606351904759095X,364548000000000000 ,198403,196705,9,3,4,工作日,早高峰(7-9点),2015-04-09,2015年4月9日,阴 /小雨,11℃ / 7℃,东北风 ≤3级 /东北风 ≤3级,阴,小雨,11,7,东北风,≤3级,东北风,≤3级,day
2015-04-09 11:00:00,中华路,8、依法应负全责的其他情形,负全部责任,不负责任,1,贵A76J32,白色,1,贵AU7401,灰色,（乌当区）全林驾驶培训有限公司,十一培,2006/6/12 0:00,1996/1/7 0:00,大众牌,福田牌,364547000000000000 ,366367000000000000 ,198411,197012,11,3,4,工作日,非高峰,2015-04-09,2015年4月9日,阴 /小雨,11℃ / 7℃,东北风 ≤3级 /东北风 ≤3级,阴,小雨,11,7,东北风,≤3级,东北风,≤3级,day
2015-04-09 10:30:00,瑞金北路,7、未按规定让行的 ,负全部责任,不负责任,1,贵GX4575,黑,1,贵A41G19,黑,自培,十一培,2003/6/11 0:00,1995/12/20 0:00,陆康牌,雪佛兰牌,364547000000000000 ,364548000000000000 ,196804,196310,10,3,4,工作日,非高峰,2015-04-09,2015年4月9日,阴 /小雨,11℃ / 7℃,东北风 ≤3级 /东北风 ≤3级,阴,小雨,11,7,东北风,≤3级,东北风,≤3级,day
2015-04-09 12:55:00,花果园,7、未按规定让行的 ,负全部责任,不负责任,1,贵AU0205,白色,1,贵AU6634,白色,自培,十一培,2004/7/9 0:00,1994/5/26 0:00,万达牌,捷达牌,366876000000000000 ,364547000000000000 ,198109,196504,12,3,4,工作日,非高峰,2015-04-09,2015年4月9日,阴 /小雨,11℃ / 7℃,东北风 ≤3级 /东北风 ≤3级,阴,小雨,11,7,东北风,≤3级,东北风,≤3级,day
2015-04-09 10:30:00,八公里,7、未按规定让行的 ,负全部责任,不负责任,1,贵A4442S,白色,1,贵ABA516,白色,铁二局驾校,自培,2012/10/10 0:00,2004/4/23 0:00,中华牌,航天牌,364556000000000000 ,364556000000000000 ,198001,198003,10,3,4,工作日,非高峰,2015-04-09,2015年4月9日,阴 /小雨,11℃ / 7℃,东北风 ≤3级 /东北风 ≤3级,阴,小雨,11,7,东北风,≤3级,东北风,≤3级,day