accidenttime,accidentaddr,driver1fault,driver1responsibility,driver2responsibility,sex1,platenumber1,carcolor1,sex2,platenumber2,carcolor2,jxmc1,jxmc2,cclzrq1,cclzrq2,clpp1,clpp2,driver1license,driver2license,brith1,brith2,hour,weekday,month,is_weekday,peak_hour,date,日期,天气状况,气温,风力风向,day_wea,night_wea,day_tep,night_tep,day_wind_direction,day_wind_speed,night_wind_direction,night_wind_speed,segment
2015-04-09 11:30:00,云岩区,6、违反交通信号的,负全部责任,不负责任,1,贵AU6782,白,1,贵A64E24,黄,-1,自培,-1,2004/10/8 0:00,宗申牌,朗逸牌,36686051845452757X,364558000000000000 ,197010,198212,11,3,4,工作日,非高峰,2015-04-09,2015年4月9日,阴 /小雨,11℃ / 7℃,东北风 ≤3级 /东北风 ≤3级,阴,小雨,11,7,东北风,≤3级,东北风,≤3级,day
2015-04-09 09:30:00,河西路,3、倒车的,负全部责任,不负责任,0,贵GX2100,红,1,贵A35S57,黑,自培,自培,2014/12/18 0:00,2000/12/21 0:00,宝马牌,大众汽车牌,366347000000000000 ,364547000000000000 ,197212,197210,9,3,4,工作日,早高峰(7-9点),2015-04-09,2015年4月9日,阴 /小雨,11℃ / 7℃,东北风 ≤3级 /东北风 ≤3级,阴,小雨,11,7,东北风,≤3级,东北风,≤3级,day
2015-04-09 13:00:00,贵惠大道,7、未按规定让行的 ,负全部责任,不负责任,1,贵A69B55,白色,1,贵AKP154,白色,520127,自培,2007/3/14 0:00,2000/8/14 0:00,东风标致牌,长安牌,364547000000000000 ,364548000000000000 ,198508,198204,13,3,4,工作日,非高峰,2015-04-09,2015年4月9日,阴 /小雨,11℃ / 7℃,东北风 ≤3级 /东北风 ≤3级,阴,小雨,11,7,东北风,≤3级,东北风,≤3级,day
2015-04-09 15:20:00,大十字,7、未按规定让行的 ,负全部责任,不负责任,1,贵AU0241,白,1,贵AKG855,白,-1,长运驾校,-1,2012/4/16 0:00,万达牌,东风牌,36686351264858728X,36459551984266777X,196207,198706,15,3,4,工作日,非高峰,2015-04-09,2015年4月9日,阴 /小雨,11℃ / 7℃,东北风 ≤3级 /东北风 ≤3级,阴,小雨,11,7,东北风,≤3级,东北风,≤3级,day
2015-04-09 15:35:00,师大,7、未按规定让行的 ,负全部责任,不负责任,1,贵CB1251,白,1,贵A94R85,黑,-1,蓝天驾校,-1,2012/7/19 0:00,中华牌,奥迪,366564000000000000 ,36687551174766380X,196304,199303,15,3,4,工作日,非高峰,2015-04-09,2015年4月9日,阴 /小雨,11℃ / 7℃,东北风 ≤3级 /东北风 ≤3级,阴,小雨,11,7,东北风,≤3级,东北风,≤3级,day
2015-04-09 15:20:00,开发大道,7、未按规定让行的 ,负全部责任,不负责任,1,贵AW4294,白色,1,贵A26H76,白色,时发驾校,自培,2014/9/19 0:00,2008/12/29 0:00,爱立新牌,宝来牌,366767000000000000 ,366068000000000000 ,198711,198411,15,3,4,工作日,非高峰,2015-04-09,2015年4月9日,阴 /小雨,11℃ / 7℃,东北风 ≤3级 /东北风 ≤3级,阴,小雨,11,7,东北风,≤3级,东北风,≤3级,day
2015-04-09 13:30:00,八匹马,7、未按规定让行的 ,负全部责任,不负责任,1,贵A31W79,黑,1,贵AU7589,蓝,贵阳万里圣驾校,消防驾校,2010/4/26 0:00,1998/1/23 0:00,比亚迪牌,大运牌,366064000000000000 ,36455751834740645X,199011,197503,13,3,4,工作日,非高峰,2015-04-09,2015年4月9日,阴 /小雨,11℃ / 7℃,东北风 ≤3级 /东北风 ≤3级,阴,小雨,11,7,东北风,≤3级,东北风,≤3级,day
2015-04-09 16:10:00,南垭路,1、追尾的,负全部责任,不负责任,1,贵A3971S,银,1,贵AGR262,银,（花溪区）凯信驾驶培训有限公司,贵州现代驾驶培训责任有限公司,2009/9/14 0:00,2014/4/17 0:00,五菱牌,五菱牌,366068000000000000 ,364566000000000000 ,196410,198408,16,3,4,工作日,非高峰,2015-04-09,2015年4月9日,阴 /小雨,11℃ / 7℃,东北风 ≤3级 /东北风 ≤3级,阴,小雨,11,7,东北风,≤3级,东北风,≤3级,day
2015-04-09 13:04:00,西二环,1、追尾的,负全部责任,不负责任,1,贵A632D4,蓝,1,贵AEM526,白,自培,金大驾校,2011/10/13 0:00,2012/2/23 0:00,南骏牌,长安牌,364568000000000000 ,364558000000000000 ,198904,197309,13,3,4,工作日,非高峰,2015-04-09,2015年4月9日,阴 /小雨,11℃ / 7℃,东北风 ≤3级 /东北风 ≤3级,阴,小雨,11,7,东北风,≤3级,东北风,≤3级,day
2015-04-09 15:15:00,涴沙桥,7、未按规定让行的 ,负全部责任,不负责任,1,贵AU5559,绿,1,贵FL6454,白,消防驾校,赫章县汽车(摩托车)驾驶培训学校,2003/4/25 0:00,2012/12/9 0:00,捷达牌,长安牌,366367000000000000 ,366046000000000000 ,197607,197812,15,3,4,工作日,非高峰,2015-04-09,2015年4月9日,阴 /小雨,11℃ / 7℃,东北风 ≤3级 /东北风 ≤3级,阴,小雨,11,7,东北风,≤3级,东北风,≤3级,day
2015-04-09 13:01:00,东临路,8、依法应负全责的其他情形,负全部责任,不负责任,1,贵A818D6,绿,1,贵EQ5331,黄,（南明区）吉源驾驶培训有限公司,-1,2006/7/13 0:00,-1,扬子牌,大众汽车牌,366664000000000000 ,366764000000000000 ,197811,198811,13,3,4,工作日,非高峰,2015-04-09,2015年4月9日,阴 /小雨,11℃ / 7℃,东北风 ≤3级 /东北风 ≤3级,阴,小雨,11,7,东北风,≤3级,东北风,≤3级,day
2015-04-09 13:30:00,师大,8、依法应负全责的其他情形,负全部责任,不负责任,1,贵CJV756,银,1,贵A81J78,白,遵义县机动车驾驶培训学校,-1,2013/12/6 0:00,-1,长安牌,宝骏牌,366566000000000000 ,764567000000000000 ,198911,198702,13,3,4,工作日,非高峰,2015-04-09,2015年4月9日,阴 /小雨,11℃ / 7℃,东北风 ≤3级 /东北风 ≤3级,阴,小雨,11,7,东北风,≤3级,东北风,≤3级,day
2015-04-09 15:20:00,金阳北路,7、未按规定让行的 ,负全部责任,不负责任,1,贵A217B4,蓝,1,贵A71N69,白,-1,-1,-1,-1,南骏牌,思威牌,3447691914967971X,364548000000000000 ,989082,198203,15,3,4,工作日,非高峰,2015-04-09,2015年4月9日,阴 /小雨,11℃ / 7℃,东北风 ≤3级 /东北风 ≤3级,阴,小雨,11,7,东北风,≤3级,东北风,≤3级,day
2015-04-09 13:20:00,北京西路,8、依法应负全责的其他情形,负全部责任,不负责任,1,贵AN9818,银,1,贵A4R201,黄,-1,时发驾校,-1,2011/6/8 0:00,天禧牌,江铃牌,366661000000000000 ,366067000000000000 ,199007,199211,13,3,4,工作日,非高峰,2015-04-09,2015年4月9日,阴 /小雨,11℃ / 7℃,东北风 ≤3级 /东北风 ≤3级,阴,小雨,11,7,东北风,≤3级,东北风,≤3级,day
2015-04-09 16:30:00,金阳,1、追尾的,负全部责任,不负责任,1,贵A45H23,黑,1,贵A4469N,银,-1,-1,-1,-1,东风雪铁龙牌,五菱牌,364557000000000000 ,364566000000000000 ,197610,196909,16,3,4,工作日,非高峰,2015-04-09,2015年4月9日,阴 /小雨,11℃ / 7℃,东北风 ≤3级 /东北风 ≤3级,阴,小雨,11,7,东北风,≤3级,东北风,≤3级,day
2015-04-09 17:25:00,中华北路,7、未按规定让行的 ,负全部责任,不负责任,1,贵A75L52,白色,1,贵AU7012,白色,-1,-1,-1,-1,传祺牌,力帆牌,364547000000000 ,36636400000000000 ,197204,196112,17,3,4,工作日,晚高峰(17-19点),2015-04-09,2015年4月9日,阴 /小雨,11℃ / 7℃,东北风 ≤3级 /东北风 ≤3级,阴,小雨,11,7,东北风,≤3级,东北风,≤3级,day
2015-04-09 17:30:00,长岭北路,7、未按规定让行的 ,负全部责任,不负责任,0,贵A29098,红,1,贵A57825,红 ,-1,消防驾校,-1,2011/10/9 0:00,红岩牌,五羊,75547500000000000 ,364558000000000000 ,196308,198605,17,3,4,工作日,晚高峰(17-19点),2015-04-09,2015年4月9日,阴 /小雨,11℃ / 7℃,东北风 ≤3级 /东北风 ≤3级,阴,小雨,11,7,东北风,≤3级,东北风,≤3级,day
2015-04-09 17:00:00,观山西路,7、未按规定让行的 ,负全部责任,不负责任,1,贵AHR015,银,1,苏BT195B,白,-1,贵州省黔南交通驾驶学校,-1,2011/9/1 0:00,高尔夫牌,起亚牌,364547000000000000 ,36604551894941805X,198709,197808,17,3,4,工作日,晚高峰(17-19点),2015-04-09,2015年4月9日,阴 /小雨,11℃ / 7℃,东北风 ≤3级 /东北风 ≤3级,阴,小雨,11,7,东北风,≤3级,东北风,≤3级,day
2015-04-09 16:10:00,蟠桃宫高架桥下,7、未按规定让行的 ,负全部责任,不负责任,1,贵JDD324,白色,1,贵ACC915,白色,自培,-1,2014/5/9 0:00,-1,五菱牌,宝来牌,366876000000000000 ,366362000000000000 ,197908,195411,16,3,4,工作日,非高峰,2015-04-09,2015年4月9日,阴 /小雨,11℃ / 7℃,东北风 ≤3级 /东北风 ≤3级,阴,小雨,11,7,东北风,≤3级,东北风,≤3级,day
2015-04-09 15:40:00,大兴星城,7、未按规定让行的 ,负全部责任,不负责任,1,贵AL6567,白色,1,贵GP7573,白色,自培,-1,2001/7/31 0:00,-1,普瑞维亚,福克斯牌,354663000000000000 ,366664000000000000 ,197509,198612,15,3,4,工作日,非高峰,2015-04-09,2015年4月9日,阴 /小雨,11℃ / 7℃,东北风 ≤3级 /东北风 ≤3级,阴,小雨,11,7,东北风,≤3级,东北风,≤3级,day
2015-04-09 11:40:00,西南环线,7、未按规定让行的 ,负全部责任,不负责任,1,贵A4213H,白色,1,贵AGJ749,白色,自培,-1,2003/8/22 0:00,-1,金杯牌,雪佛兰牌,07616351954052415X,364547000000000 ,198104,660511,11,3,4,工作日,非高峰,2015-04-09,2015年4月9日,阴 /小雨,11℃ / 7℃,东北风 ≤3级 /东北风 ≤3级,阴,小雨,11,7,东北风,≤3级,东北风,≤3级,day
2015-04-09 14:25:00,世纪城,1、追尾的,负全部责任,不负责任,1,贵A076D3,白,1,浙JQ7948,黑,自培,-1,2007/8/24 0:00,-1,福田牌,奥迪牌,366264000000000000 ,776266000000000000 ,198601,196508,14,3,4,工作日,非高峰,2015-04-09,2015年4月9日,阴 /小雨,11℃ / 7℃,东北风 ≤3级 /东北风 ≤3级,阴,小雨,11,7,东北风,≤3级,东北风,≤3级,day
2015-04-09 14:00:00,沙冲南路,1、追尾的,负全部责任,不负责任,1,贵AM5372,白色,1,贵AJ6877,白色,自培,十一培,2004/11/16 0:00,1995/3/20 0:00,丰田威驰,宗申牌,36606051235656690X,36454651234068025X,196512,196504,14,3,4,工作日,非高峰,2015-04-09,2015年4月9日,阴 /小雨,11℃ / 7℃,东北风 ≤3级 /东北风 ≤3级,阴,小雨,11,7,东北风,≤3级,东北风,≤3级,day
2015-04-09 13:45:00,南明区,8、依法应负全责的其他情形,负全部责任,不负责任,1,贵AU6354,银,0,贵AFR726,红 ,520106,自培,2004/1/12 0:00,2001/5/14 0:00,捷达牌,歌诗图牌,364547000000000000 ,364548000000000000 ,197405,195908,13,3,4,工作日,非高峰,2015-04-09,2015年4月9日,阴 /小雨,11℃ / 7℃,东北风 ≤3级 /东北风 ≤3级,阴,小雨,11,7,东北风,≤3级,东北风,≤3级,day
2015-04-09 13:30:00,盘江饭店,8、依法应负全责的其他情形,负全部责任,不负责任,1,贵A2846S,银,1,贵AD6279,黑,青正驾校,自培,2012/10/30 0:00,2003/8/15 0:00,长安牌,宝马,364596000000000000 ,366347000000000000 ,199004,197809,13,3,4,工作日,非高峰,2015-04-09,2015年4月9日,阴 /小雨,11℃ / 7℃,东北风 ≤3级 /东北风 ≤3级,阴,小雨,11,7,东北风,≤3级,东北风,≤3级,day
2015-04-09 17:00:00,文化路,3、倒车的,负全部责任,不负责任,1,贵AH3299,白色,1,贵AE3398,白色,-1,自培,-1,2004/9/9 0:00,波罗(POLO)牌,雪佛兰CHEVROLET,364548000000000000 ,364547000000000000 ,195305,195708,17,3,4,工作日,晚高峰(17-19点),2015-04-09,2015年4月9日,阴 /小雨,11℃ / 7℃,东北风 ≤3级 /东北风 ≤3级,阴,小雨,11,7,东北风,≤3级,东北风,≤3级,day
2015-04-09 17:30:00,南明区,7、未按规定让行的 ,负全部责任,不负责任,1,贵A91895,黑,1,贵AAM943,蓝,-1,自培,-1,2004/6/30 0:00,路之友牌,双枪牌,3645470000000000 ,364547000000000000 ,760409,197607,17,3,4,工作日,晚高峰(17-19点),2015-04-09,2015年4月9日,阴 /小雨,11℃ / 7℃,东北风 ≤3级 /东北风 ≤3级,阴,小雨,11,7,东北风,≤3级,东北风,≤3级,day
2015-04-09 11:00:00,孟关汽车城,7、未按规定让行的 ,负全部责任,不负责任,1,贵JDN982,白色,1,贵AMB769,白色,自培,自培,2008/3/13 0:00,2005/3/11 0:00,英致牌,英致牌,366566000000000000 ,366566000000000000 ,197812,197507,11,3,4,工作日,非高峰,2015-04-09,2015年4月9日,阴 /小雨,11℃ / 7℃,东北风 ≤3级 /东北风 ≤3级,阴,小雨,11,7,东北风,≤3级,东北风,≤3级,day
2015-04-09 19:00:00,金清大道,8、依法应负全责的其他情形,负全部责任,不负责任,1,贵A293F5,白,1,贵A237G7,白,福泉市风华驾驶培训有限责任公司,贵州平安驾驶培训学校,-1,2014/8/20 0:00,解放牌,解放牌,366861000000000000 ,366347000000000000 ,198602,198505,19,3,4,工作日,晚高峰(17-19点),2015-04-09,2015年4月9日,阴 /小雨,11℃ / 7℃,东北风 ≤3级 /东北风 ≤3级,阴,小雨,11,7,东北风,≤3级,东北风,≤3级,day
2015-04-09 17:30:00,中华路,7、未按规定让行的 ,负全部责任,不负责任,1,贵AM9902,白色,1,贵AU5521,白色,自培,（乌当区）新天驾驶培训有限公司,1998/5/25 0:00,2007/5/21 0:00,国威牌,捷达牌,366368000000000000 ,364568000000000000 ,197004,198804,17,3,4,工作日,晚高峰(17-19点),2015-04-09,2015年4月9日,阴 /小雨,11℃ / 7℃,东北风 ≤3级 /东北风 ≤3级,阴,小雨,11,7,东北风,≤3级,东北风,≤3级,day
2015-04-09 19:00:00,开发大道,7、未按规定让行的 ,负全部责任,不负责任,1,贵A19H93,白色,1,贵AHH703,白色,市交校,520108,2014/7/19 0:00,-1,波罗牌,晶锐牌,366561000000000000 ,366875000000000000 ,199009,199003,19,3,4,工作日,晚高峰(17-19点),2015-04-09,2015年4月9日,阴 /小雨,11℃ / 7℃,东北风 ≤3级 /东北风 ≤3级,阴,小雨,11,7,东北风,≤3级,东北风,≤3级,day
2015-04-09 17:30:00,花果园,7、未按规定让行的 ,负全部责任,不负责任,1,渝B29P64,白色,1,贵A15C59,白色,-1,520121,-1,2008/7/23 0:00,傲虎,长城牌,354675000000000000 ,364547000000000000 ,198101,198202,17,3,4,工作日,晚高峰(17-19点),2015-04-09,2015年4月9日,阴 /小雨,11℃ / 7℃,东北风 ≤3级 /东北风 ≤3级,阴,小雨,11,7,东北风,≤3级,东北风,≤3级,day
2015-04-10 05:18:00,东站,7、未按规定让行的 ,负全部责任,不负责任,1,会AP5803,白色,1,贵A42C64,白色,自培,贵州晨运驾驶培训学校,1978/12/20 0:00,2008/1/31 0:00,华泰圣达菲牌,中华牌,36454751334362525X,364547000000000000 ,195505,198612,5,4,4,工作日,非高峰,2015-04-10,2015年4月10日,小雨 /小雨,12℃ / 8℃,东北风 ≤3级 /东北风 ≤3级,小雨,小雨,12,8,东北风,≤3级,东北风,≤3级,night
2015-04-09 22:43:00,青岩,7、未按规定让行的 ,负全部责任,不负责任,1,粤E99P03,白色,1,贵AA791B,白色,-1,贵阳金马驾驶培训有限公司,-1,2014/12/18 0:00,雅阁牌,五菱牌,376264000000000000 ,364556000000000000 ,198412,199110,22,3,4,工作日,非高峰,2015-04-09,2015年4月9日,阴 /小雨,11℃ / 7℃,东北风 ≤3级 /东北风 ≤3级,阴,小雨,11,7,东北风,≤3级,东北风,≤3级,night
2015-04-09 18:15:00,中曹水厂,3、倒车的,负全部责任,不负责任,1,贵A8234H,白色,1,贵GQ4071,白色,高新驾校,520126,2014/9/30 0:00,2009/4/23 0:00,五菱牌,三菱牌,366068000000000000 ,364551000000000000 ,197708,198510,18,3,4,工作日,晚高峰(17-19点),2015-04-09,2015年4月9日,阴 /小雨,11℃ / 7℃,东北风 ≤3级 /东北风 ≤3级,阴,小雨,11,7,东北风,≤3级,东北风,≤3级,day
2015-04-10 02:00:00,师大,7、未按规定让行的 ,负同等责任,负同等责任,1,贵AAA312,银,1,贵A7807E,银,（经开区）金安驾驶培训有限公司,（经开区）金安驾驶培训有限公司,2008/7/10 0:00,2012/9/14 0:00,雷克牌,北京现代牌,366067000000000000 ,366361000000000000 ,198311,197709,2,4,4,工作日,非高峰,2015-04-10,2015年4月10日,小雨 /小雨,12℃ / 8℃,东北风 ≤3级 /东北风 ≤3级,小雨,小雨,12,8,东北风,≤3级,东北风,≤3级,night
2015-04-09 18:10:00,曹关,8、依法应负全责的其他情形,负全部责任,不负责任,1,贵CPC989,红,1,贵A90284,红,（乌当区）全林驾驶培训有限公司,自培,2008/1/7 0:00,-1,宝马,豪泺牌,366063000000000000 ,355496000000000000 ,197609,198108,18,3,4,工作日,晚高峰(17-19点),2015-04-09,2015年4月9日,阴 /小雨,11℃ / 7℃,东北风 ≤3级 /东北风 ≤3级,阴,小雨,11,7,东北风,≤3级,东北风,≤3级,day
2015-04-10 05:00:00,黄河路,1、追尾的,负全部责任,不负责任,1,贵AV9421,白色,1,贵AR5394,白色,市交校,520136,2012/9/27 0:00,2009/2/19 0:00,三野牌,珠峰牌,364547000000000000 ,506246000000000000 ,197104,197712,5,4,4,工作日,非高峰,2015-04-10,2015年4月10日,小雨 /小雨,12℃ / 8℃,东北风 ≤3级 /东北风 ≤3级,小雨,小雨,12,8,东北风,≤3级,东北风,≤3级,night
2015-04-09 23:11:00,威清路,8、依法应负全责的其他情形,负全部责任,不负责任,1,贵AF4244,黄,1,贵A27377,红 ,蓝天驾校,-1,2013/3/22 0:00,-1,大江牌,松益牌,366864000000000000 ,364566000000000000 ,198905,198702,23,3,4,工作日,非高峰,2015-04-09,2015年4月9日,阴 /小雨,11℃ / 7℃,东北风 ≤3级 /东北风 ≤3级,阴,小雨,11,7,东北风,≤3级,东北风,≤3级,night
2015-04-10 06:00:00,小河,7、未按规定让行的 ,负全部责任,不负责任,1,贵APH438,白色,1,贵F6897J,白色,织金县织通驾驶培训学校,毕节地区驾校,-1,-1,昌河牌,-1,366067000000000000 ,366046000000000000 ,197703,198504,6,4,4,工作日,非高峰,2015-04-10,2015年4月10日,小雨 /小雨,12℃ / 8℃,东北风 ≤3级 /东北风 ≤3级,小雨,小雨,12,8,东北风,≤3级,东北风,≤3级,day
2015-04-10 03:40:00,化工路,7、未按规定让行的 ,负全部责任,不负责任,1,贵AU8672,白,1,贵AAG552,白,520126,贵大佳德驾驶培训学,2007/4/19 0:00,2007/12/20 0:00,瑞麒牌,思域牌,36606751874842495X,364548000000000000 ,197307,196210,3,4,4,工作日,非高峰,2015-04-10,2015年4月10日,小雨 /小雨,12℃ / 8℃,东北风 ≤3级 /东北风 ≤3级,小雨,小雨,12,8,东北风,≤3级,东北风,≤3级,night
2015-04-09 17:30:00,何关村,8、依法应负全责的其他情形,负全部责任,不负责任,1,贵F76409,银,1,贵A85330,银,-1,市交校,-1,2003/9/29 0:00,帕萨特,五菱,366068000000000000 ,364568000000000000 ,198509,198508,17,3,4,工作日,晚高峰(17-19点),2015-04-09,2015年4月9日,阴 /小雨,11℃ / 7℃,东北风 ≤3级 /东北风 ≤3级,阴,小雨,11,7,东北风,≤3级,东北风,≤3级,day
2015-04-09 14:00:00,中华中路,7、未按规定让行的 ,负全部责任,不负责任,1,贵AX2288,蓝,1,贵HAC816,蓝,自培,新华驾校,2004/5/24 0:00,2007/5/16 0:00,雅奇牌,大众汽车牌,364547000000000000 ,36454651814863525X,196606,197907,14,3,4,工作日,非高峰,2015-04-09,2015年4月9日,阴 /小雨,11℃ / 7℃,东北风 ≤3级 /东北风 ≤3级,阴,小雨,11,7,东北风,≤3级,东北风,≤3级,day
2015-04-09 16:30:00,北京路,7、未按规定让行的 ,负全部责任,不负责任,1,贵A5BF52,黑,1,贵AH2302,黑,青正驾校,十一培,2014/7/18 0:00,1995/4/10 0:00,大众汽车牌,万虎牌,36454751215554440X,364547000000000000 ,196911,197112,16,3,4,工作日,非高峰,2015-04-09,2015年4月9日,阴 /小雨,11℃ / 7℃,东北风 ≤3级 /东北风 ≤3级,阴,小雨,11,7,东北风,≤3级,东北风,≤3级,day
2015-04-09 15:25:00,遵义路,8、依法应负全责的其他情形,负全部责任,不负责任,1,贵JP0081,白色,1,贵AVF194,白色,省交校,十一培,2013/10/9 0:00,1991/6/19 0:00,起亚牌,飞度,366864000000000000 ,36454751864049695X,198211,197204,15,3,4,工作日,非高峰,2015-04-09,2015年4月9日,阴 /小雨,11℃ / 7℃,东北风 ≤3级 /东北风 ≤3级,阴,小雨,11,7,东北风,≤3级,东北风,≤3级,day
2015-04-09 19:30:00,小河,7、未按规定让行的 ,负全部责任,不负责任,1,贵A259D4,白色,1,贵AJK475,白色,毕节市顺达汽车驾驶培训学校,十一培,2013/7/17 0:00,1997/6/23 0:00,长安牌,沃尔沃,366063000000000000 ,366367000000000000 ,198803,195103,19,3,4,工作日,晚高峰(17-19点),2015-04-09,2015年4月9日,阴 /小雨,11℃ / 7℃,东北风 ≤3级 /东北风 ≤3级,阴,小雨,11,7,东北风,≤3级,东北风,≤3级,day
2015-04-09 16:50:00,北二环,7、未按规定让行的 ,负全部责任,不负责任,1,贵A87A94,白,1,贵AFJ218,白,贵州现代驾驶培训责任有限公司,自培,2012/4/9 0:00,2000/5/11 0:00,梅赛德斯-奔驰牌,哈飞牌,364568000000000000 ,364556000000000000 ,199209,195302,16,3,4,工作日,非高峰,2015-04-09,2015年4月9日,阴 /小雨,11℃ / 7℃,东北风 ≤3级 /东北风 ≤3级,阴,小雨,11,7,东北风,≤3级,东北风,≤3级,day
2015-04-09 19:00:00,望城坡,7、未按规定让行的 ,负全部责任,不负责任,1,贵A8CA69,白色,1,贵A44G85,白色,顺一驾驶培训学校,自培,2009/5/6 0:00,2005/1/18 0:00,揽胜极光,马自达牌,366868000000000000 ,254048000000000000 ,197808,197010,19,3,4,工作日,晚高峰(17-19点),2015-04-09,2015年4月9日,阴 /小雨,11℃ / 7℃,东北风 ≤3级 /东北风 ≤3级,阴,小雨,11,7,东北风,≤3级,东北风,≤3级,day
2015-04-09 16:55:00,观山西路,1、追尾的,负全部责任,不负责任,1,贵APL849,白,1,贵AUA601,黄,（观山湖区）蓝天驾驶培训有限公司,自培,2005/2/5 0:00,2003/7/19 0:00,北京牌,宝来牌,364557000000000000 ,366368000000000000 ,198002,197010,16,3,4,工作日,非高峰,2015-04-09,2015年4月9日,阴 /小雨,11℃ / 7℃,东北风 ≤3级 /东北风 ≤3级,阴,小雨,11,7,东北风,≤3级,东北风,≤3级,day
2015-04-10 07:10:00,花果园,8、依法应负全责的其他情形,负全部责任,不负责任,1,贵AK9509,白,1,贵AAT130,白,-1,自培,-1,2005/8/3 0:00,五菱牌,别克牌,74365500000000000 ,36686051824955757X,197604,197608,7,4,4,工作日,早高峰(7-9点),2015-04-10,2015年4月10日,小雨 /小雨,12℃ / 8℃,东北风 ≤3级 /东北风 ≤3级,小雨,小雨,12,8,东北风,≤3级,东北风,≤3级,day
2015-04-10 03:30:00,沙文镇,3、倒车的,负全部责任,不负责任,1,贵ATY449,白,1,贵A71X11,白,诚信驾驶培训学校,预约考试窗口,2011/12/15 0:00,2006/10/19 0:00,长安牌,江铃全顺牌,364558000000000000 ,36459551984159623X,198209,198709,3,4,4,工作日,非高峰,2015-04-10,2015年4月10日,小雨 /小雨,12℃ / 8℃,东北风 ≤3级 /东北风 ≤3级,小雨,小雨,12,8,东北风,≤3级,东北风,≤3级,night
2015-04-09 18:40:00,都司路,1、追尾的,负全部责任,不负责任,1,贵JBG479,黑,1,鄂AB68A2,黑,-1,-1,-1,-1,一汽佳星牌,风神牌 ,366063000000000000 ,65566500000000000 ,198209,198411,18,3,4,工作日,晚高峰(17-19点),2015-04-09,2015年4月9日,阴 /小雨,11℃ / 7℃,东北风 ≤3级 /东北风 ≤3级,阴,小雨,11,7,东北风,≤3级,东北风,≤3级,day
2015-04-10 07:10:00,白云,7、未按规定让行的 ,负全部责任,不负责任,1,贵AU0646,白,1,贵A8906W,白,-1,-1,1976/12/10 0:00,-1,嘉鹏牌,长安牌,366364000000000000 ,364556000000000000 ,195705,196308,7,4,4,工作日,早高峰(7-9点),2015-04-10,2015年4月10日,小雨 /小雨,12℃ / 8℃,东北风 ≤3级 /东北风 ≤3级,小雨,小雨,12,8,东北风,≤3级,东北风,≤3级,day
2015-04-10 08:40:00,花溪大桥,7、未按规定让行的 ,负全部责任,不负责任,1,贵A2900W,白色,1,贵A7634B,白色,-1,鑫鑫驾校,-1,2013/1/4 0:00,五菱牌,丰田牌,36456600000000000 ,36455551914743530X,199121,198903,8,4,4,工作日,早高峰(7-9点),2015-04-10,2015年4月10日,小雨 /小雨,12℃ / 8℃,东北风 ≤3级 /东北风 ≤3级,小雨,小雨,12,8,东北风,≤3级,东北风,≤3级,day
2015-04-09 20:10:00,白云区,7、未按规定让行的 ,负全部责任,不负责任,1,贵GJ1216,白,1,贵A5185Y,白,消防驾校,-1,2011/8/1 0:00,-1,五菱牌,荣威牌,366370000000000000 ,3645555117565853X,197412,199312,20,3,4,工作日,非高峰,2015-04-09,2015年4月9日,阴 /小雨,11℃ / 7℃,东北风 ≤3级 /东北风 ≤3级,阴,小雨,11,7,东北风,≤3级,东北风,≤3级,night
2015-04-10 08:40:00,沙冲路,1、追尾的,负全部责任,不负责任,1,川AZ873,白,1,贵A35R37,白,-1,铁二局驾校,-1,2012/8/22 0:00,\N,东风雪铁龙牌,364547000000000000 ,366669000000000000 ,198002,197807,8,4,4,工作日,早高峰(7-9点),2015-04-10,2015年4月10日,小雨 /小雨,12℃ / 8℃,东北风 ≤3级 /东北风 ≤3级,小雨,小雨,12,8,东北风,≤3级,东北风,≤3级,day
2015-04-10 09:00:00,南垭路,8、依法应负全责的其他情形,负全部责任,不负责任,1,贵ABY233,蓝,1,贵A0AT25,红,自培,-1,2004/5/27 0:00,-1,川路牌,北京牌,366061000000000000 ,366367000000000000 ,196909,197612,9,4,4,工作日,早高峰(7-9点),2015-04-10,2015年4月10日,小雨 /小雨,12℃ / 8℃,东北风 ≤3级 /东北风 ≤3级,小雨,小雨,12,8,东北风,≤3级,东北风,≤3级,day
2015-04-10 10:00:00,白云区,1、追尾的,负全部责任,不负责任,1,贵A7644B,白,1,贵A52N82,白,-1,-1,-1,-1,众泰牌,比亚迪牌,364558000000000000 ,364544000000 ,197011,633222,10,4,4,工作日,非高峰,2015-04-10,2015年4月10日,小雨 /小雨,12℃ / 8℃,东北风 ≤3级 /东北风 ≤3级,小雨,小雨,12,8,东北风,≤3级,东北风,≤3级,day
2015-04-09 21:30:00,贵铝医院,1、追尾的,负全部责任,不负责任,1,贵A86870,银,1,贵AB923X,银,自培,自培,2008/7/1 0:00,2012/4/24 0:00,红岩牌,夏利牌,366068000000000000 ,366577000000000000 ,197504,198812,21,3,4,工作日,非高峰,2015-04-09,2015年4月9日,阴 /小雨,11℃ / 7℃,东北风 ≤3级 /东北风 ≤3级,阴,小雨,11,7,东北风,≤3级,东北风,≤3级,night