accidenttime,accidentaddr,driver1fault,driver1responsibility,driver2responsibility,sex1,platenumber1,carcolor1,sex2,platenumber2,carcolor2,jxmc1,jxmc2,cclzrq1,cclzrq2,clpp1,clpp2,driver1license,driver2license,brith1,brith2,hour,weekday,month,is_weekday,peak_hour,date,日期,天气状况,气温,风力风向,day_wea,night_wea,day_tep,night_tep,day_wind_direction,day_wind_speed,night_wind_direction,night_wind_speed,segment
2015-04-09 18:30:00,鹿冲关路,9、不符合前8款规定或者双方同时具有上述情形的,负同等责任,负同等责任,0,贵A4CC60,白,1,贵A6054Y,黑,自培,-1,2007/5/8 0:00,-1,吉姆尼,朗风牌,366363000000000000 ,354767000000000000 ,197408,197501,18,3,4,工作日,晚高峰(17-19点),2015-04-09,2015年4月9日,阴 /小雨,11℃ / 7℃,东北风 ≤3级 /东北风 ≤3级,阴,小雨,11,7,东北风,≤3级,东北风,≤3级,day
2015-04-10 07:10:00,西二环,1、追尾的,负全部责任,不负责任,1,贵A5708J,白,1,京NHM359,白,自培,-1,2001/4/28 0:00,-1,江淮牌,丰田牌,366067000000000000 ,57463500000000000 ,197709,197105,7,4,4,工作日,早高峰(7-9点),2015-04-10,2015年4月10日,小雨 /小雨,12℃ / 8℃,东北风 ≤3级 /东北风 ≤3级,小雨,小雨,12,8,东北风,≤3级,东北风,≤3级,day
2015-04-10 00:00:00,甲秀南路,1、追尾的,负全部责任,不负责任,1,贵APC377,白色,1,贵AA198J,白色,自培,鑫鑫驾校,2001/6/25 0:00,2014/5/20 0:00,帕萨特牌,骐达(TIIDA)牌,364547000000000000 ,364556000000000000 ,196910,198808,0,4,4,工作日,非高峰,2015-04-10,2015年4月10日,小雨 /小雨,12℃ / 8℃,东北风 ≤3级 /东北风 ≤3级,小雨,小雨,12,8,东北风,≤3级,东北风,≤3级,night
2015-04-09 20:00:00,贵黄路,1、追尾的,负全部责任,不负责任,1,贵A78G23,白色,1,贵AKD195,白色,520123,十一培,2005/6/30 0:00,1995/6/3 0:00,金旅牌,思威牌,356168000000000000 ,364547000000000000 ,197102,196807,20,3,4,工作日,非高峰,2015-04-09,2015年4月9日,阴 /小雨,11℃ / 7℃,东北风 ≤3级 /东北风 ≤3级,阴,小雨,11,7,东北风,≤3级,东北风,≤3级,night
2015-04-09 22:05:00,中山东路,1、追尾的,负全部责任,不负责任,1,贵AU2103,蓝,1,贵AU4497,黄,自培,十一培,2010/1/6 0:00,1997/10/14 0:00,瑞麒牌,捷达牌,74667500000000000 ,356162000000000000 ,199007,197808,22,3,4,工作日,非高峰,2015-04-09,2015年4月9日,阴 /小雨,11℃ / 7℃,东北风 ≤3级 /东北风 ≤3级,阴,小雨,11,7,东北风,≤3级,东北风,≤3级,night
2015-04-09 22:00:00,小河,3、倒车的,负全部责任,不负责任,1,贵A6423G,白色,1,贵AMG741,白色,景宏驾校,自培,2012/4/9 0:00,2005/3/24 0:00,指南者,吉利牌,734961000000000000 ,366864000000000000 ,198410,197510,22,3,4,工作日,非高峰,2015-04-09,2015年4月9日,阴 /小雨,11℃ / 7℃,东北风 ≤3级 /东北风 ≤3级,阴,小雨,11,7,东北风,≤3级,东北风,≤3级,night
2015-04-10 08:00:00,乌当,1、追尾的,负全部责任,不负责任,0,贵A4119X,白,1,贵A9967K,白,消防驾校,自培,2011/4/25 0:00,2012/8/2 0:00,海马牌,长安牌,354366000000000000 ,366068000000000000 ,197610,197511,8,4,4,工作日,早高峰(7-9点),2015-04-10,2015年4月10日,小雨 /小雨,12℃ / 8℃,东北风 ≤3级 /东北风 ≤3级,小雨,小雨,12,8,东北风,≤3级,东北风,≤3级,day
2015-04-10 05:37:00,大凹,1、追尾的,负全部责任,不负责任,1,贵CGN584,黑,1,粤AZ3B44,白,-1,自培,-1,2004/2/12 0:00,梅赛德斯-奔驰牌,大众牌,366644000000 ,74540500000000000 ,656308,196902,5,4,4,工作日,非高峰,2015-04-10,2015年4月10日,小雨 /小雨,12℃ / 8℃,东北风 ≤3级 /东北风 ≤3级,小雨,小雨,12,8,东北风,≤3级,东北风,≤3级,night
2015-04-10 08:40:00,大关,3、倒车的,负全部责任,不负责任,0,贵FT1562,银,1,贵ALJ649,银,黔南金桥汽车驾驶培训学校,自培,2013/1/22 0:00,2005/7/4 0:00,吉利牌,长安牌,366361000000000000 ,364557000000000000 ,197505,196910,8,4,4,工作日,早高峰(7-9点),2015-04-10,2015年4月10日,小雨 /小雨,12℃ / 8℃,东北风 ≤3级 /东北风 ≤3级,小雨,小雨,12,8,东北风,≤3级,东北风,≤3级,day
2015-04-09 20:00:00,清水江路,1、追尾的,负全部责任,不负责任,0,贵HE4568,银,1,贵A51G44,银,自培,自培,2013/1/23 0:00,2006/6/15 0:00,大众牌,宝马牌,366768000000000000 ,366766000000000000 ,198810,198112,20,3,4,工作日,非高峰,2015-04-09,2015年4月9日,阴 /小雨,11℃ / 7℃,东北风 ≤3级 /东北风 ≤3级,阴,小雨,11,7,东北风,≤3级,东北风,≤3级,night
2015-04-09 21:05:00,油榨街,7、未按规定让行的 ,负全部责任,不负责任,1,贵A82236,红,1,贵A26W24,银,自培,自培,2004/2/23 0:00,2002/7/22 0:00,轰轰烈牌,吉利牌,364558000000000000 ,357266000000000000 ,198306,198206,21,3,4,工作日,非高峰,2015-04-09,2015年4月9日,阴 /小雨,11℃ / 7℃,东北风 ≤3级 /东北风 ≤3级,阴,小雨,11,7,东北风,≤3级,东北风,≤3级,night
2015-04-10 11:20:00,东二环,7、未按规定让行的 ,负全部责任,不负责任,1,渝F66F63,白色,1,贵A91865,白色,吉源驾校,-1,2010/10/20 0:00,-1,长安牌,陕汽牌,356661000000000000 ,366875000000000000 ,197607,198509,11,4,4,工作日,非高峰,2015-04-10,2015年4月10日,小雨 /小雨,12℃ / 8℃,东北风 ≤3级 /东北风 ≤3级,小雨,小雨,12,8,东北风,≤3级,东北风,≤3级,day
2015-04-10 10:35:00,金阳南路,1、追尾的,负全部责任,不负责任,1,贵A95P26,黑,1,向AV2S59,黑,自培,-1,1999/1/6 0:00,-1,迈腾牌,朗逸牌,364548000000000000 ,07456551964666698X,197110,198202,10,4,4,工作日,非高峰,2015-04-10,2015年4月10日,小雨 /小雨,12℃ / 8℃,东北风 ≤3级 /东北风 ≤3级,小雨,小雨,12,8,东北风,≤3级,东北风,≤3级,day
2015-04-10 10:00:00,东二环,1、追尾的,负全部责任,不负责任,1,贵G94521,白色,1,贵HPF624,白色,520120,诚信驾驶培训学校,-1,-1,奥迪牌,-1,354741000000000000 ,354767000000000000 ,198801,199008,10,4,4,工作日,非高峰,2015-04-10,2015年4月10日,小雨 /小雨,12℃ / 8℃,东北风 ≤3级 /东北风 ≤3级,小雨,小雨,12,8,东北风,≤3级,东北风,≤3级,day
2015-04-10 09:10:00,世纪城,3、倒车的,负全部责任,不负责任,0,贵AF4251,银,1,贵GY6989,黑,新华驾校,-1,2013/7/15 0:00,-1,大江牌,索兰托,366661000000000000 ,364647000000000000 ,198407,198604,9,4,4,工作日,早高峰(7-9点),2015-04-10,2015年4月10日,小雨 /小雨,12℃ / 8℃,东北风 ≤3级 /东北风 ≤3级,小雨,小雨,12,8,东北风,≤3级,东北风,≤3级,day
2015-04-10 08:00:00,黔灵山路,1、追尾的,负全部责任,不负责任,1,贵CGY285,绿,1,贵A0BH38,绿,-1,十一驾驶培训有限公司,-1,2007/8/1 0:00,福克斯牌,吉利美日牌,366570000000000000 ,366367000000000000 ,198609,197508,8,4,4,工作日,早高峰(7-9点),2015-04-10,2015年4月10日,小雨 /小雨,12℃ / 8℃,东北风 ≤3级 /东北风 ≤3级,小雨,小雨,12,8,东北风,≤3级,东北风,≤3级,day
2015-04-10 10:19:00,花果园,7、未按规定让行的 ,负全部责任,不负责任,1,贵ABD627,白,1,贵AMJ296,白,十一驾驶培训有限公司,-1,2011/7/27 0:00,-1,思铭牌,桑塔纳,364566000000000000 ,366063000000000000 ,198810,197602,10,4,4,工作日,非高峰,2015-04-10,2015年4月10日,小雨 /小雨,12℃ / 8℃,东北风 ≤3级 /东北风 ≤3级,小雨,小雨,12,8,东北风,≤3级,东北风,≤3级,day
2015-04-10 08:10:00,西二环,7、未按规定让行的 ,负全部责任,不负责任,1,贵GM2475,红,1,贵A0BW32,白,福泉市锦程机动车驾驶培训学校,-1,2012/2/24 0:00,-1,宝马,福特牌,364547000000000000 ,3656351884366547X,195803,977052,8,4,4,工作日,早高峰(7-9点),2015-04-10,2015年4月10日,小雨 /小雨,12℃ / 8℃,东北风 ≤3级 /东北风 ≤3级,小雨,小雨,12,8,东北风,≤3级,东北风,≤3级,day
2015-04-10 10:40:00,花溪,1、追尾的,负全部责任,不负责任,1,贵ARL195,白色,1,鲁H9447B,白色,贵大驾校,-1,2012/8/27 0:00,-1,江淮牌,丰田牌,364556000000000000 ,784977000000000000 ,199111,199010,10,4,4,工作日,非高峰,2015-04-10,2015年4月10日,小雨 /小雨,12℃ / 8℃,东北风 ≤3级 /东北风 ≤3级,小雨,小雨,12,8,东北风,≤3级,东北风,≤3级,day
2015-04-10 09:30:00,三桥,7、未按规定让行的 ,负全部责任,不负责任,1,贵AA2838,绿,1,贵A5A560,绿,-1,-1,-1,-1,翼虎牌,哈弗牌,36455551934852096X,354767000000000000 ,198507,198709,9,4,4,工作日,早高峰(7-9点),2015-04-10,2015年4月10日,小雨 /小雨,12℃ / 8℃,东北风 ≤3级 /东北风 ≤3级,小雨,小雨,12,8,东北风,≤3级,东北风,≤3级,day
2015-04-10 12:00:00,蔡家关,7、未按规定让行的 ,负全部责任,不负责任,1,贵A9653F,白色,1,贵AA729R,白色,-1,景宏驾校,-1,2010/12/23 0:00,欧铃牌,马自达牌,366861000000000000 ,364566000000000000 ,197009,198703,12,4,4,工作日,非高峰,2015-04-10,2015年4月10日,小雨 /小雨,12℃ / 8℃,东北风 ≤3级 /东北风 ≤3级,小雨,小雨,12,8,东北风,≤3级,东北风,≤3级,day
2015-04-10 10:25:00,金阳客站,8、依法应负全责的其他情形,负全部责任,不负责任,1,贵A3G011,银,1,贵AJ376,银,蓝天驾校,毕节地区黔中驾校,2013/11/29 0:00,2008/11/12 0:00,五菱牌,-1,364557000000000000 ,366068000000000000 ,198809,198106,10,4,4,工作日,非高峰,2015-04-10,2015年4月10日,小雨 /小雨,12℃ / 8℃,东北风 ≤3级 /东北风 ≤3级,小雨,小雨,12,8,东北风,≤3级,东北风,≤3级,day
2015-04-10 12:18:00,中华中路,7、未按规定让行的 ,负全部责任,不负责任,1,贵A85N76,银,0,贵AU6067,蓝,金大驾校,自培,2014/4/21 0:00,1989/12/15 0:00,别克牌,宇通牌,364547000000000000 ,364547000000000000 ,197604,196609,12,4,4,工作日,非高峰,2015-04-10,2015年4月10日,小雨 /小雨,12℃ / 8℃,东北风 ≤3级 /东北风 ≤3级,小雨,小雨,12,8,东北风,≤3级,东北风,≤3级,day
2015-04-10 09:10:00,益佰门,8、依法应负全责的其他情形,负全部责任,不负责任,1,贵AW5011,黑,1,贵A6415T,黑,消防驾校,路路达驾校,2011/8/2 0:00,2012/9/21 0:00,宝马牌,奇瑞牌,36455751144150495X,366347000000000000 ,199009,199106,9,4,4,工作日,早高峰(7-9点),2015-04-10,2015年4月10日,小雨 /小雨,12℃ / 8℃,东北风 ≤3级 /东北风 ≤3级,小雨,小雨,12,8,东北风,≤3级,东北风,≤3级,day
2015-04-10 09:50:00,四方河,7、未按规定让行的 ,负全部责任,不负责任,1,贵A5246W,白色,1,贵A7AH39,白色,自培,（南明区）吉源驾驶培训有限公司,2001/4/23 0:00,2006/3/28 0:00,雪佛兰牌,北京现代牌,366367000000000000 ,364547000000000000 ,196603,196504,9,4,4,工作日,早高峰(7-9点),2015-04-10,2015年4月10日,小雨 /小雨,12℃ / 8℃,东北风 ≤3级 /东北风 ≤3级,小雨,小雨,12,8,东北风,≤3级,东北风,≤3级,day
2015-04-10 11:30:00,东风镇,3、倒车的,负全部责任,不负责任,1,贵A77828,蓝,1,贵A37617,蓝,-1,十一培,-1,1988/1/6 0:00,东风牌,红旗,33454651854149525X,364548000000000000 ,197109,195912,11,4,4,工作日,非高峰,2015-04-10,2015年4月10日,小雨 /小雨,12℃ / 8℃,东北风 ≤3级 /东北风 ≤3级,小雨,小雨,12,8,东北风,≤3级,东北风,≤3级,day
2015-04-10 09:00:00,云岩区,8、依法应负全责的其他情形,负全部责任,不负责任,1,贵GN9818,黑,1,贵AKN592,黑,自培,十一培,2006/9/27 0:00,1991/6/8 0:00,东风日产牌,三菱牌,54743500000000000 ,366364000000000000 ,197508,196407,9,4,4,工作日,早高峰(7-9点),2015-04-10,2015年4月10日,小雨 /小雨,12℃ / 8℃,东北风 ≤3级 /东北风 ≤3级,小雨,小雨,12,8,东北风,≤3级,东北风,≤3级,day
2015-04-10 10:14:00,金阳客站,7、未按规定让行的 ,负全部责任,不负责任,1,贵A1914P,白,1,贵A7152Y,白,龙里县翼翔驾驶培训有限责任公司,十一培,2014/9/24 0:00,1994/6/29 0:00,五菱牌,丰田牌,364557000000000000 ,366347000000000000 ,198708,197401,10,4,4,工作日,非高峰,2015-04-10,2015年4月10日,小雨 /小雨,12℃ / 8℃,东北风 ≤3级 /东北风 ≤3级,小雨,小雨,12,8,东北风,≤3级,东北风,≤3级,day
2015-04-10 09:30:00,碧海,7、未按规定让行的 ,负全部责任,不负责任,1,贵AA488P,白,1,贵AUL391,红,路路达驾校,十一培,2014/9/12 0:00,1998/4/1 0:00,英伦牌,-1,364557000000000000 ,364558000000000000 ,198912,197706,9,4,4,工作日,早高峰(7-9点),2015-04-10,2015年4月10日,小雨 /小雨,12℃ / 8℃,东北风 ≤3级 /东北风 ≤3级,小雨,小雨,12,8,东北风,≤3级,东北风,≤3级,day
2015-04-10 09:00:00,观山湖,3、倒车的,负全部责任,不负责任,1,贵FAA647,黑,1,贵A27G92,黑,赫章县汽车(摩托车)驾驶培训学校,十一培,2012/11/29 0:00,1999/8/3 0:00,斯柯达牌,东风雪铁龙牌,366046000000000000 ,366367000000000000 ,198403,197410,9,4,4,工作日,早高峰(7-9点),2015-04-10,2015年4月10日,小雨 /小雨,12℃ / 8℃,东北风 ≤3级 /东北风 ≤3级,小雨,小雨,12,8,东北风,≤3级,东北风,≤3级,day
2015-04-10 08:45:00,汤巴关,1、追尾的,负全部责任,不负责任,0,贵AAX048,蓝,1,贵FV0075,白,（南明区）金大驾驶培训有限公司,自培,2008/10/29 0:00,2003/12/29 0:00,长安牌,北京现代牌,364547000000000000 ,366766000000000000 ,198309,198308,8,4,4,工作日,早高峰(7-9点),2015-04-10,2015年4月10日,小雨 /小雨,12℃ / 8℃,东北风 ≤3级 /东北风 ≤3级,小雨,小雨,12,8,东北风,≤3级,东北风,≤3级,day
2015-04-10 12:50:00,401国道,7、未按规定让行的 ,负全部责任,不负责任,1,贵A648H8,白,1,贵A0BM97,白,吉源驾校,自培,2013/6/21 0:00,2005/1/7 0:00,江淮牌,吉利牌,364548000000000000 ,366566000000000000 ,198910,197502,12,4,4,工作日,非高峰,2015-04-10,2015年4月10日,小雨 /小雨,12℃ / 8℃,东北风 ≤3级 /东北风 ≤3级,小雨,小雨,12,8,东北风,≤3级,东北风,≤3级,day
2015-04-10 12:49:00,涴沙桥,7、未按规定让行的 ,负全部责任,不负责任,1,贵AA7105,银,1,贵AUA414,黄,文通驾校,自培,2012/7/11 0:00,2003/9/30 0:00,五菱牌,吉利美日牌,364568000000000000 ,364558000000000000 ,199107,197805,12,4,4,工作日,非高峰,2015-04-10,2015年4月10日,小雨 /小雨,12℃ / 8℃,东北风 ≤3级 /东北风 ≤3级,小雨,小雨,12,8,东北风,≤3级,东北风,≤3级,day
2015-04-10 08:40:00,东门,7、未按规定让行的 ,负全部责任,不负责任,1,贵CPH719,白色,1,贵AU8091,白色,自培,自培,2005/10/21 0:00,2000/12/28 0:00,长安牌,瑞麒牌,366566000000000000 ,366361000000000000 ,197702,197602,8,4,4,工作日,早高峰(7-9点),2015-04-10,2015年4月10日,小雨 /小雨,12℃ / 8℃,东北风 ≤3级 /东北风 ≤3级,小雨,小雨,12,8,东北风,≤3级,东北风,≤3级,day
2015-04-10 12:00:00,解放西路,9、不符合前8款规定或者双方同时具有上述情形的,负同等责任,负同等责任,1,贵AAA015,白色,1,贵A46479,白色,（经开区）十一驾驶培训有限公司,-1,2007/7/10 0:00,-1,银翔牌,建设,366577000000000000 ,36687500000000000 ,197604,197432,12,4,4,工作日,非高峰,2015-04-10,2015年4月10日,小雨 /小雨,12℃ / 8℃,东北风 ≤3级 /东北风 ≤3级,小雨,小雨,12,8,东北风,≤3级,东北风,≤3级,day
2015-04-10 11:50:00,乌当,8、依法应负全责的其他情形,负全部责任,不负责任,1,贵A817D8,银,1,贵A43381,银,-1,财院驾校,-1,2004/12/7 0:00,佛莱特牌,丰田(TOYOTA)牌,366064000000000000 ,366068000000000000 ,198909,197610,11,4,4,工作日,非高峰,2015-04-10,2015年4月10日,小雨 /小雨,12℃ / 8℃,东北风 ≤3级 /东北风 ≤3级,小雨,小雨,12,8,东北风,≤3级,东北风,≤3级,day
2015-04-10 12:28:00,八匹马,7、未按规定让行的 ,负全部责任,不负责任,1,贵A5CB54,黑,1,贵AU6479,蓝,（经开区）十一驾驶培训有限公司,预约考试窗口,2005/2/6 0:00,2007/2/12 0:00,大众汽车牌,捷达牌,366669000000000000 ,366367000000000000 ,198010,197512,12,4,4,工作日,非高峰,2015-04-10,2015年4月10日,小雨 /小雨,12℃ / 8℃,东北风 ≤3级 /东北风 ≤3级,小雨,小雨,12,8,东北风,≤3级,东北风,≤3级,day
2015-04-10 13:18:00,小河,1、追尾的,负全部责任,不负责任,1,贵A58C21,白色,1,贵A9987B,白色,（经开区）顺一驾驶培训有限公司,-1,2009/5/8 0:00,-1,中华牌,东风日产牌,364556000000000000 ,366068000000000000 ,196910,197806,13,4,4,工作日,非高峰,2015-04-10,2015年4月10日,小雨 /小雨,12℃ / 8℃,东北风 ≤3级 /东北风 ≤3级,小雨,小雨,12,8,东北风,≤3级,东北风,≤3级,day
2015-04-10 14:10:00,白云区,7、未按规定让行的 ,负全部责任,不负责任,1,贵A0423M,银,1,贵AC469H,黑,-1,消防驾校,-1,2011/5/23 0:00,北京现代牌,宝马牌,366661000000000000 ,366875000000000000 ,198509,196210,14,4,4,工作日,非高峰,2015-04-10,2015年4月10日,小雨 /小雨,12℃ / 8℃,东北风 ≤3级 /东北风 ≤3级,小雨,小雨,12,8,东北风,≤3级,东北风,≤3级,day
2015-04-10 15:00:00,油榨街,8、依法应负全责的其他情形,负全部责任,不负责任,1,贵ABG931,红,1,贵A64R95,黑,-1,时法驾校,-1,2006/10/30 0:00,长安,丰田牌,366068000000000000 ,366567000000000000 ,197603,198707,15,4,4,工作日,非高峰,2015-04-10,2015年4月10日,小雨 /小雨,12℃ / 8℃,东北风 ≤3级 /东北风 ≤3级,小雨,小雨,12,8,东北风,≤3级,东北风,≤3级,day
2015-04-10 15:30:00,金关,8、依法应负全责的其他情形,负同等责任,不负责任,1,贵A8388B,白,1,贵A7BK72,白,新华驾校,-1,2014/10/27 0:00,-1,别克牌,吉利牌,366368000000000000 ,366067000000000000 ,197806,198704,15,4,4,工作日,非高峰,2015-04-10,2015年4月10日,小雨 /小雨,12℃ / 8℃,东北风 ≤3级 /东北风 ≤3级,小雨,小雨,12,8,东北风,≤3级,东北风,≤3级,day
2015-04-10 16:10:00,二铺,1、追尾的,负全部责任,不负责任,1,银,银,1,贵A4000S,白,（白云区）消防驾驶培训学校,-1,2006/9/29 0:00,-1,-1,长安牌,364557000000000000 ,774266000000000 ,198507,800227,16,4,4,工作日,非高峰,2015-04-10,2015年4月10日,小雨 /小雨,12℃ / 8℃,东北风 ≤3级 /东北风 ≤3级,小雨,小雨,12,8,东北风,≤3级,东北风,≤3级,day
2015-04-10 13:26:00,白云区,4、停车时未挂低速档、未拉驻车制动，导致车辆滑行的,负全部责任,不负责任,1,贵GT5298,白,1,贵A1924H,白,自培,消防驾校,2010/6/11 0:00,2010/12/29 0:00,嘉陵牌,传祺牌,366566000000000000 ,364558000000000000 ,198202,198811,13,4,4,工作日,非高峰,2015-04-10,2015年4月10日,小雨 /小雨,12℃ / 8℃,东北风 ≤3级 /东北风 ≤3级,小雨,小雨,12,8,东北风,≤3级,东北风,≤3级,day
2015-04-10 16:30:00,蟠桃宫,7、未按规定让行的 ,负全部责任,不负责任,1,川A8BJ91,白,1,贵AB5955,白,-1,鑫鑫驾校,-1,2013/8/16 0:00,起亚牌,钱江牌,36457651984268655X,74365500000000000 ,198706,198205,16,4,4,工作日,非高峰,2015-04-10,2015年4月10日,小雨 /小雨,12℃ / 8℃,东北风 ≤3级 /东北风 ≤3级,小雨,小雨,12,8,东北风,≤3级,东北风,≤3级,day
2015-04-10 14:00:00,师大,7、未按规定让行的 ,负同等责任,负同等责任,1,贵A7107E,银,1,贵AAA312,银,自培,520103,2012/9/14 0:00,2008/7/10 0:00,吉利牌,雷克牌,366361000000000000 ,366067000000000000 ,197709,198311,14,4,4,工作日,非高峰,2015-04-10,2015年4月10日,小雨 /小雨,12℃ / 8℃,东北风 ≤3级 /东北风 ≤3级,小雨,小雨,12,8,东北风,≤3级,东北风,≤3级,day
2015-04-10 15:50:00,普陀路,1、追尾的,负全部责任,不负责任,1,贵A29059,白,0,贵AFZ151,白,自培,吉源驾校,2003/10/11 0:00,2008/9/25 0:00,红岩牌,骐达牌,364548000000000000 ,364547000000000000 ,196810,196608,15,4,4,工作日,非高峰,2015-04-10,2015年4月10日,小雨 /小雨,12℃ / 8℃,东北风 ≤3级 /东北风 ≤3级,小雨,小雨,12,8,东北风,≤3级,东北风,≤3级,day
2015-04-10 14:00:00,西二环,7、未按规定让行的 ,负全部责任,不负责任,1,贵A48C33,白色,1,贵AU5931,白色,自培,十一培,2012/6/13 0:00,1996/11/17 0:00,东风雪铁龙牌,雅奇牌,576175000000000000 ,36636751294865025X,199207,196807,14,4,4,工作日,非高峰,2015-04-10,2015年4月10日,小雨 /小雨,12℃ / 8℃,东北风 ≤3级 /东北风 ≤3级,小雨,小雨,12,8,东北风,≤3级,东北风,≤3级,day
2015-04-10 12:00:00,二戈寨,7、未按规定让行的 ,负全部责任,不负责任,1,贵A24X84,白色,1,贵A32851,白色,贵州平安驾驶培训学校,自培,2011/11/22 0:00,2002/9/27 0:00,东风日产牌,乘龙牌,366863000000000000 ,366347000000000000 ,199207,197406,12,4,4,工作日,非高峰,2015-04-10,2015年4月10日,小雨 /小雨,12℃ / 8℃,东北风 ≤3级 /东北风 ≤3级,小雨,小雨,12,8,东北风,≤3级,东北风,≤3级,day
2015-04-10 11:00:00,师大,7、未按规定让行的 ,负全部责任,不负责任,1,贵A9K292,白色,1,贵ATX659,白色,自培,自培,2003/9/12 0:00,2012/1/6 0:00,丰田牌,思铭牌,364547000000000000 ,366869000000000000 ,196412,198901,11,4,4,工作日,非高峰,2015-04-10,2015年4月10日,小雨 /小雨,12℃ / 8℃,东北风 ≤3级 /东北风 ≤3级,小雨,小雨,12,8,东北风,≤3级,东北风,≤3级,day
2015-04-10 15:20:00,黔灵山路,7、未按规定让行的 ,负全部责任,不负责任,1,贵AU6081,绿,0,贵A8AW55,白,（观山湖区）诚信驾驶培训有限公司,自培,2008/12/26 0:00,2006/8/1 0:00,宗申牌,东风雪铁龙牌,4167520000000000 ,366364000000000000 ,197807,196909,15,4,4,工作日,非高峰,2015-04-10,2015年4月10日,小雨 /小雨,12℃ / 8℃,东北风 ≤3级 /东北风 ≤3级,小雨,小雨,12,8,东北风,≤3级,东北风,≤3级,day
2015-04-10 11:58:00,市北路,1、追尾的,负全部责任,不负责任,1,贵A78R19,白,1,贵AZG429,黑,（南明区）市交通职业技术驾驶培训学校,自培,2009/9/2 0:00,2004/5/25 0:00,宝马牌,哈弗牌,364596000000000000 ,36455651285669695X,198601,196712,11,4,4,工作日,非高峰,2015-04-10,2015年4月10日,小雨 /小雨,12℃ / 8℃,东北风 ≤3级 /东北风 ≤3级,小雨,小雨,12,8,东北风,≤3级,东北风,≤3级,day
2015-04-10 18:30:00,北京路,1、追尾的,负全部责任,不负责任,1,贵A74X87,黑,1,贵AHJ151,银,-1,520108,-1,2010/1/13 0:00,吉利美日牌,吉利牌,24476500000000000 ,364548000000000000 ,197709,196409,18,4,4,工作日,晚高峰(17-19点),2015-04-10,2015年4月10日,小雨 /小雨,12℃ / 8℃,东北风 ≤3级 /东北风 ≤3级,小雨,小雨,12,8,东北风,≤3级,东北风,≤3级,day
2015-04-10 16:05:00,龙泉苑,1、追尾的,负全部责任,不负责任,1,贵FV5969,黑,0,贵A73H73,蓝,织金县织通驾驶培训学校,十一驾驶培训有限公司,-1,2011/11/29 0:00,大众牌,迈腾牌,366064000000000000 ,366367000000000000 ,199210,197503,16,4,4,工作日,非高峰,2015-04-10,2015年4月10日,小雨 /小雨,12℃ / 8℃,东北风 ≤3级 /东北风 ≤3级,小雨,小雨,12,8,东北风,≤3级,东北风,≤3级,day
2015-04-10 18:00:00,军区,8、依法应负全责的其他情形,负全部责任,不负责任,1,粤JPL964,白色,1,贵A6AG91,白色,-1,毕节地区黔中驾校,-1,-1,速腾牌,宝马牌,5065520000000000 ,366068000000000000 ,197603,198109,18,4,4,工作日,晚高峰(17-19点),2015-04-10,2015年4月10日,小雨 /小雨,12℃ / 8℃,东北风 ≤3级 /东北风 ≤3级,小雨,小雨,12,8,东北风,≤3级,东北风,≤3级,day
2015-04-10 16:20:00,狮峰路,8、依法应负全责的其他情形,负全部责任,不负责任,1,贵HV6738,红,1,粤TNR851,白,织金县织通驾驶培训学校,铁二局驾校,-1,2011/4/21 0:00,南骏牌,福克斯牌,366064000000000000 ,366669000000000000 ,198302,198310,16,4,4,工作日,非高峰,2015-04-10,2015年4月10日,小雨 /小雨,12℃ / 8℃,东北风 ≤3级 /东北风 ≤3级,小雨,小雨,12,8,东北风,≤3级,东北风,≤3级,day
2015-04-10 13:53:00,世纪城,8、依法应负全责的其他情形,负全部责任,不负责任,1,贵A2392P,银,1,贵ASU239,银,-1,新华驾校,-1,2007/1/18 0:00,别克牌,丰田牌,366566000000000 ,366664000000000000 ,721028,197709,13,4,4,工作日,非高峰,2015-04-10,2015年4月10日,小雨 /小雨,12℃ / 8℃,东北风 ≤3级 /东北风 ≤3级,小雨,小雨,12,8,东北风,≤3级,东北风,≤3级,day
2015-04-10 17:00:00,乌当,7、未按规定让行的 ,负全部责任,不负责任,1,贵GH8424,白,1,贵CHV946,白,-1,520109,-1,2009/7/10 0:00,大众汽车牌,大众汽车牌,366246000000000000 ,366577000000000000 ,196302,198001,17,4,4,工作日,晚高峰(17-19点),2015-04-10,2015年4月10日,小雨 /小雨,12℃ / 8℃,东北风 ≤3级 /东北风 ≤3级,小雨,小雨,12,8,东北风,≤3级,东北风,≤3级,day
2015-04-10 19:20:00,花溪大道,7、未按规定让行的 ,负全部责任,不负责任,1,贵AVJ276,白色,1,贵A97399,白色,-1,-1,-1,-1,途锐,中联牌,734766000000000000 ,366864000000000000 ,198004,197512,19,4,4,工作日,晚高峰(17-19点),2015-04-10,2015年4月10日,小雨 /小雨,12℃ / 8℃,东北风 ≤3级 /东北风 ≤3级,小雨,小雨,12,8,东北风,≤3级,东北风,≤3级,day
2015-04-10 20:10:00,白云区,7、未按规定让行的 ,负全部责任,不负责任,1,贵A24Y49,黑,1,贵ANY236,白,-1,（白云区）消防驾驶培训学校,-1,2015/2/6 0:00,大众汽车牌,长安牌,36455500000000000 ,366564000000000000 ,197411,199610,20,4,4,工作日,非高峰,2015-04-10,2015年4月10日,小雨 /小雨,12℃ / 8℃,东北风 ≤3级 /东北风 ≤3级,小雨,小雨,12,8,东北风,≤3级,东北风,≤3级,night
2015-04-10 20:30:00,云环路,7、未按规定让行的 ,负全部责任,不负责任,1,贵A3613C,蓝,1,渝BU7714,红,（白云区）消防驾驶培训学校,习水驾校,2009/3/18 0:00,-1,昊锐牌,-1,364558000000000000 ,366577000000000000 ,196808,198502,20,4,4,工作日,非高峰,2015-04-10,2015年4月10日,小雨 /小雨,12℃ / 8℃,东北风 ≤3级 /东北风 ≤3级,小雨,小雨,12,8,东北风,≤3级,东北风,≤3级,night