accidenttime,accidentaddr,driver1fault,driver1responsibility,driver2responsibility,sex1,platenumber1,carcolor1,sex2,platenumber2,carcolor2,jxmc1,jxmc2,cclzrq1,cclzrq2,clpp1,clpp2,driver1license,driver2license,brith1,brith2,hour,weekday,month,is_weekday,peak_hour,date,日期,天气状况,气温,风力风向,day_wea,night_wea,day_tep,night_tep,day_wind_direction,day_wind_speed,night_wind_direction,night_wind_speed,segment
2015-04-11 00:00:00,南明区,3、倒车的,负全部责任,不负责任,1,贵A67W49,白色,1,贵A39L68,白色,（乌当区）新华驾驶培训有限公司,预约考试窗口,2009/11/23 0:00,2006/12/20 0:00,长安牌,东风日产牌,364547000000000000 ,36455651815445765X,198306,197910,0,5,4,工作日,非高峰,2015-04-11,2015年4月11日,多云 /多云,15℃ / 9℃,东北风 ≤3级 /东风 ≤3级,多云,多云,15,9,东北风,≤3级,东风,≤3级,night
2015-04-10 20:00:00,花溪,3、倒车的,负全部责任,不负责任,1,贵CBX081,白色,1,湘F11532,白色,绥阳县汽车驾驶培训学校,-1,2011/2/21 0:00,-1,五十铃牌,-1,366568000000000000 ,74296500000000000 ,198602,198911,20,4,4,工作日,非高峰,2015-04-10,2015年4月10日,小雨 /小雨,12℃ / 8℃,东北风 ≤3级 /东北风 ≤3级,小雨,小雨,12,8,东北风,≤3级,东北风,≤3级,night
2015-04-10 17:47:00,狗场,3、倒车的,负全部责任,不负责任,1,贵GY5906,银,1,贵A8955P,银,蓝天驾校,贵阳万里圣驾校,2015/1/5 0:00,2014/10/27 0:00,长安牌,松花江牌,364557000000000000 ,364557000000000000 ,197709,198110,17,4,4,工作日,晚高峰(17-19点),2015-04-10,2015年4月10日,小雨 /小雨,12℃ / 8℃,东北风 ≤3级 /东北风 ≤3级,小雨,小雨,12,8,东北风,≤3级,东北风,≤3级,day
2015-04-10 20:25:00,金珠路,7、未按规定让行的 ,负全部责任,不负责任,0,贵HBN383,银,0,贵A97C36,银,（南明区）吉源驾驶培训有限公司,消防驾校,2015/2/15 0:00,2015/1/20 0:00,东风雪铁龙牌,长安牌,366566000000000000 ,364558000000000000 ,198104,198806,20,4,4,工作日,非高峰,2015-04-10,2015年4月10日,小雨 /小雨,12℃ / 8℃,东北风 ≤3级 /东北风 ≤3级,小雨,小雨,12,8,东北风,≤3级,东北风,≤3级,night
2015-04-10 17:40:00,小河乌江路,7、未按规定让行的 ,负全部责任,不负责任,1,贵GM2067,黑色,1,贵A57A93,白色,自培,自培,2004/5/11 0:00,-1,凯迪拉克牌,起亚牌,364557000000000000 ,366068000000000000 ,198311,197710,17,4,4,工作日,晚高峰(17-19点),2015-04-10,2015年4月10日,小雨 /小雨,12℃ / 8℃,东北风 ≤3级 /东北风 ≤3级,小雨,小雨,12,8,东北风,≤3级,东北风,≤3级,day
2015-04-10 18:50:00,奥体中心,1、追尾的,负全部责任,不负责任,1,贵A9523Z,红,1,贵A084A2,银,自培,-1,2007/7/30 0:00,-1,福特牌,东风牌,366061000000000000 ,366364000000000000 ,198011,197809,18,4,4,工作日,晚高峰(17-19点),2015-04-10,2015年4月10日,小雨 /小雨,12℃ / 8℃,东北风 ≤3级 /东北风 ≤3级,小雨,小雨,12,8,东北风,≤3级,东北风,≤3级,day
2015-04-11 14:20:00,金阳南路,7、未按规定让行的 ,负全部责任,不负责任,1,黑,小型,1,贵A62C92,黑,自培,-1,2000/12/23 0:00,-1,\N,东风牌,364547000000000000 ,62442500000000000 ,196406,196903,14,5,4,工作日,非高峰,2015-04-11,2015年4月11日,多云 /多云,15℃ / 9℃,东北风 ≤3级 /东风 ≤3级,多云,多云,15,9,东北风,≤3级,东风,≤3级,day
2015-04-10 16:50:00,六广门,1、追尾的,负全部责任,不负责任,1,粤B342KH,白,1,贵AM3322,白,自培,十一培,2006/1/10 0:00,1996/12/10 0:00,比亚迪牌,宗申牌,36666051964356697X,364547000000000000 ,198205,197410,16,4,4,工作日,非高峰,2015-04-10,2015年4月10日,小雨 /小雨,12℃ / 8℃,东北风 ≤3级 /东北风 ≤3级,小雨,小雨,12,8,东北风,≤3级,东北风,≤3级,day
2015-04-10 18:15:00,会展城,7、未按规定让行的 ,负全部责任,不负责任,1,贵AU1363,银,1,贵AD8702,蓝,自培,自培,2004/7/28 0:00,2003/7/25 0:00,豪爵牌,嘉泰,366561000000000000 ,37744551834269727X,198208,197506,18,4,4,工作日,晚高峰(17-19点),2015-04-10,2015年4月10日,小雨 /小雨,12℃ / 8℃,东北风 ≤3级 /东北风 ≤3级,小雨,小雨,12,8,东北风,≤3级,东北风,≤3级,day
2015-04-11 00:00:00,富水南路,1、追尾的,负全部责任,不负责任,1,贵A97133,白色,1,贵A108D9,白色,-1,自培,-1,2000/4/12 0:00,柳特神力牌,长安牌,36657500000000000 ,56175500000000000 ,975081,197503,0,5,4,工作日,非高峰,2015-04-11,2015年4月11日,多云 /多云,15℃ / 9℃,东北风 ≤3级 /东风 ≤3级,多云,多云,15,9,东北风,≤3级,东风,≤3级,night
2015-04-10 22:10:00,师大,1、追尾的,负全部责任,不负责任,1,贵AB622C,银,1,贵AUA456,黄,鑫鑫驾校,自培,2011/10/14 0:00,2003/9/29 0:00,长安牌,吉利美日牌,366664000000000000 ,36606051955665645X,198306,198112,22,4,4,工作日,非高峰,2015-04-10,2015年4月10日,小雨 /小雨,12℃ / 8℃,东北风 ≤3级 /东北风 ≤3级,小雨,小雨,12,8,东北风,≤3级,东北风,≤3级,night
2015-04-10 18:00:00,北京西路,7、未按规定让行的 ,负全部责任,不负责任,1,贵A0432Z,白,1,贵A98024,黄,自培,自培,2004/4/27 0:00,2006/8/21 0:00,凯迪拉克牌,陕汽牌,364557000000000000 ,364557000000000000 ,198402,198105,18,4,4,工作日,晚高峰(17-19点),2015-04-10,2015年4月10日,小雨 /小雨,12℃ / 8℃,东北风 ≤3级 /东北风 ≤3级,小雨,小雨,12,8,东北风,≤3级,东北风,≤3级,day
2015-04-10 18:00:00,小河,7、未按规定让行的 ,负全部责任,不负责任,1,贵AS9778,白色,1,贵JDC395,白色,自培,自培,2004/3/16 0:00,2002/10/30 0:00,东风标致牌,英致牌,366868000000000000 ,364547000000000000 ,197912,197409,18,4,4,工作日,晚高峰(17-19点),2015-04-10,2015年4月10日,小雨 /小雨,12℃ / 8℃,东北风 ≤3级 /东北风 ≤3级,小雨,小雨,12,8,东北风,≤3级,东北风,≤3级,day
2015-04-10 20:30:00,金阳狗场,8、依法应负全责的其他情形,负全部责任,不负责任,1,贵A649D5,蓝,1,贵APZ629,黑,路路达驾校,-1,2011/10/28 0:00,-1,东风牌,别克牌,366669000000000000 ,364596000000000000 ,198011,198905,20,4,4,工作日,非高峰,2015-04-10,2015年4月10日,小雨 /小雨,12℃ / 8℃,东北风 ≤3级 /东北风 ≤3级,小雨,小雨,12,8,东北风,≤3级,东北风,≤3级,night
2015-04-11 08:30:00,花果园,1、追尾的,负全部责任,不负责任,1,闽AXY216,白色,1,贵A11G11,白色,-1,铁二局驾校,-1,2011/8/26 0:00,锐界,福克斯牌,734595000000000000 ,366367000000000000 ,998103,198202,8,5,4,工作日,早高峰(7-9点),2015-04-11,2015年4月11日,多云 /多云,15℃ / 9℃,东北风 ≤3级 /东风 ≤3级,多云,多云,15,9,东北风,≤3级,东风,≤3级,day
2015-04-11 09:30:00,北京路,8、依法应负全责的其他情形,负全部责任,不负责任,1,川A714B8,银,1,贵ADJ884,白,-1,顺一驾驶培训学校,-1,2011/10/17 0:00,别克牌,吉利美日牌,354167000000000000 ,366067000000000000 ,199412,198010,9,5,4,工作日,早高峰(7-9点),2015-04-11,2015年4月11日,多云 /多云,15℃ / 9℃,东北风 ≤3级 /东风 ≤3级,多云,多云,15,9,东北风,≤3级,东风,≤3级,day
2015-04-10 20:45:00,东山,7、未按规定让行的 ,负全部责任,不负责任,1,贵DAK758,白,0,贵APA453,白,-1,预约考试窗口,-1,2007/5/31 0:00,宇锋牌,奥迪牌,366661000000000000 ,344661000000000000 ,197301,198601,20,4,4,工作日,非高峰,2015-04-10,2015年4月10日,小雨 /小雨,12℃ / 8℃,东北风 ≤3级 /东北风 ≤3级,小雨,小雨,12,8,东北风,≤3级,东北风,≤3级,night
2015-04-11 00:00:00,南明区,1、追尾的,负全部责任,不负责任,1,贵AA150D,白色,1,贵ACT596,白色,-1,预约考试窗口,-1,2007/8/16 0:00,-1,吉利牌,364556000000000000 ,354366000000000000 ,193510,197104,0,5,4,工作日,非高峰,2015-04-11,2015年4月11日,多云 /多云,15℃ / 9℃,东北风 ≤3级 /东风 ≤3级,多云,多云,15,9,东北风,≤3级,东风,≤3级,night
2015-04-11 07:50:00,师大,8、依法应负全责的其他情形,负全部责任,不负责任,1,贵A36709,白,1,贵A25L67,白,520116,文通驾校,2002/3/8 0:00,2012/8/15 0:00,宇通牌,别克牌,364557000000000000 ,36455651934850475X,198210,198507,7,5,4,工作日,早高峰(7-9点),2015-04-11,2015年4月11日,多云 /多云,15℃ / 9℃,东北风 ≤3级 /东风 ≤3级,多云,多云,15,9,东北风,≤3级,东风,≤3级,day
2015-04-11 08:50:00,乌当,7、未按规定让行的 ,负全部责任,不负责任,1,白,白,1,贵AU8691,蓝,金大驾校,贵州铜南汽车驾驶培有限公司,2011/12/31 0:00,2005/8/12 0:00,-1,英鹤牌,364548000000000000 ,366664000000000000 ,199007,197611,8,5,4,工作日,早高峰(7-9点),2015-04-11,2015年4月11日,多云 /多云,15℃ / 9℃,东北风 ≤3级 /东风 ≤3级,多云,多云,15,9,东北风,≤3级,东风,≤3级,day
2015-04-11 04:00:00,白金大道,7、未按规定让行的 ,负全部责任,不负责任,1,贵A273F6,白色,1,贵FS0255,白色,-1,-1,-1,-1,解放牌,东风标致牌,366066000000000000 ,36606251804250447X,192408,197406,4,5,4,工作日,非高峰,2015-04-11,2015年4月11日,多云 /多云,15℃ / 9℃,东北风 ≤3级 /东风 ≤3级,多云,多云,15,9,东北风,≤3级,东风,≤3级,night
2015-04-10 21:25:00,金源国际,7、未按规定让行的 ,负全部责任,不负责任,1,贵A94H22,黑,1,贵A82A69,黑,阳光驾校,十一培,2014/6/5 0:00,1997/5/9 0:00,凯迪拉克,凯迪拉克,54062500000000000 ,64555500000000000 ,199312,197212,21,4,4,工作日,非高峰,2015-04-10,2015年4月10日,小雨 /小雨,12℃ / 8℃,东北风 ≤3级 /东北风 ≤3级,小雨,小雨,12,8,东北风,≤3级,东北风,≤3级,night
2015-04-11 08:30:00,飞山街,7、未按规定让行的 ,负全部责任,不负责任,1,贵ADG872,白,1,贵A21Y56,白,-1,十一培,-1,1993/12/19 0:00,众泰牌,北京现代牌,366046000000000000 ,364548000000000000 ,196007,197501,8,5,4,工作日,早高峰(7-9点),2015-04-11,2015年4月11日,多云 /多云,15℃ / 9℃,东北风 ≤3级 /东风 ≤3级,多云,多云,15,9,东北风,≤3级,东风,≤3级,day
2015-04-11 09:03:00,宝山隧道,1、追尾的,负全部责任,不负责任,1,贵A88R14,白,1,贵AH8999,白,-1,十一培,-1,1995/3/14 0:00,翼虎牌,雷克萨斯,364568000000000000 ,364548000000000000 ,198511,197311,9,5,4,工作日,早高峰(7-9点),2015-04-11,2015年4月11日,多云 /多云,15℃ / 9℃,东北风 ≤3级 /东风 ≤3级,多云,多云,15,9,东北风,≤3级,东风,≤3级,day
2015-04-11 09:10:00,新华路,8、依法应负全责的其他情形,负全部责任,不负责任,1,贵AUA055,白色,1,贵AU7001,白色,-1,十一培,-1,1997/11/3 0:00,丰田牌,瑞麒牌,366367000000000000 ,366346000000000000 ,191780,197002,9,5,4,工作日,早高峰(7-9点),2015-04-11,2015年4月11日,多云 /多云,15℃ / 9℃,东北风 ≤3级 /东风 ≤3级,多云,多云,15,9,东北风,≤3级,东风,≤3级,day
2015-04-10 22:40:00,盐务街,7、未按规定让行的 ,负全部责任,不负责任,1,贵A5AY27,白色,1,贵A61L26,白色,青正驾校,自培,2012/8/8 0:00,2000/4/18 0:00,东风雪铁龙牌,长安牌,364547000000000000 ,76404351874961465X,197602,197308,22,4,4,工作日,非高峰,2015-04-10,2015年4月10日,小雨 /小雨,12℃ / 8℃,东北风 ≤3级 /东北风 ≤3级,小雨,小雨,12,8,东北风,≤3级,东北风,≤3级,night
2015-04-11 10:02:00,三桥,7、未按规定让行的 ,负全部责任,不负责任,1,贵A63H82,白,1,贵A19V95,白,自培,自培,1997/9/4 0:00,2001/8/19 0:00,雪佛兰牌,金杯牌,364557000000000000 ,36636051894362395X,195704,197805,10,5,4,工作日,非高峰,2015-04-11,2015年4月11日,多云 /多云,15℃ / 9℃,东北风 ≤3级 /东风 ≤3级,多云,多云,15,9,东北风,≤3级,东风,≤3级,day
2015-04-11 08:50:00,长江路,7、未按规定让行的 ,负全部责任,不负责任,1,贵A7193C,白色,1,贵A5AP54,白色,鑫鑫驾校,自培,2011/9/1 0:00,2005/1/12 0:00,海马牌,奇瑞牌,366576000000000000 ,366361000000000000 ,197105,197112,8,5,4,工作日,早高峰(7-9点),2015-04-11,2015年4月11日,多云 /多云,15℃ / 9℃,东北风 ≤3级 /东风 ≤3级,多云,多云,15,9,东北风,≤3级,东风,≤3级,day
2015-04-10 21:30:00,甲秀南路,9、不符合前8款规定或者双方同时具有上述情形的,负同等责任,负同等责任,1,贵CC0543,白色,1,贵AA548F,白色,自培,自培,2004/2/11 0:00,2008/11/20 0:00,雪佛兰牌,奇瑞,366561000000000000 ,354366000000000000 ,197703,198708,21,4,4,工作日,非高峰,2015-04-10,2015年4月10日,小雨 /小雨,12℃ / 8℃,东北风 ≤3级 /东北风 ≤3级,小雨,小雨,12,8,东北风,≤3级,东北风,≤3级,night
2015-04-10 22:30:00,大南门,7、未按规定让行的 ,负全部责任,不负责任,1,贵J52847,白色,1,贵AJW582,白色,自培,自培,2007/9/26 0:00,2002/5/22 0:00,颐达牌,东风日产牌,366564000000000000 ,36454651234952563X,197607,196508,22,4,4,工作日,非高峰,2015-04-10,2015年4月10日,小雨 /小雨,12℃ / 8℃,东北风 ≤3级 /东北风 ≤3级,小雨,小雨,12,8,东北风,≤3级,东北风,≤3级,night
2015-04-10 19:30:00,北京路,7、未按规定让行的 ,负全部责任,不负责任,1,贵AFN215,黑,1,贵AU4052,黑,自培,自培,2007/2/6 0:00,2006/7/20 0:00,风神牌,桑塔纳牌,366570000000000000 ,366577000000000000 ,197103,198703,19,4,4,工作日,晚高峰(17-19点),2015-04-10,2015年4月10日,小雨 /小雨,12℃ / 8℃,东北风 ≤3级 /东北风 ≤3级,小雨,小雨,12,8,东北风,≤3级,东北风,≤3级,day
2015-04-11 11:30:00,枣山路,7、未按规定让行的 ,负全部责任,不负责任,1,贵AFQ176,银,0,贵GQ5839,银,-1,金大驾校,-1,2011/12/9 0:00,长安牌,双健牌,366276000000000000 ,364547000000000000 ,196808,198912,11,5,4,工作日,非高峰,2015-04-11,2015年4月11日,多云 /多云,15℃ / 9℃,东北风 ≤3级 /东风 ≤3级,多云,多云,15,9,东北风,≤3级,东风,≤3级,day
2015-04-11 11:30:00,大营坡,8、依法应负全责的其他情形,负全部责任,不负责任,1,贵A455J2,银,1,贵A5BX52,白,-1,鑫鑫驾校,-1,2006/4/27 0:00,长安牌,东风标致牌,344796000000000000 ,364548000000000000 ,198512,198501,11,5,4,工作日,非高峰,2015-04-11,2015年4月11日,多云 /多云,15℃ / 9℃,东北风 ≤3级 /东风 ≤3级,多云,多云,15,9,东北风,≤3级,东风,≤3级,day
2015-04-11 08:30:00,金珠路,7、未按规定让行的 ,负全部责任,不负责任,1,贵A8C877,黑,1,贵A15578,黑,（白云区）消防驾驶培训学校,-1,2006/2/17 0:00,-1,众泰牌,之威牌,366361000000000000 ,366064000000000000 ,198308,198710,8,5,4,工作日,早高峰(7-9点),2015-04-11,2015年4月11日,多云 /多云,15℃ / 9℃,东北风 ≤3级 /东风 ≤3级,多云,多云,15,9,东北风,≤3级,东风,≤3级,day
2015-04-11 10:30:00,解放路,8、依法应负全责的其他情形,负全部责任,不负责任,1,贵ALJ968,白色,1,贵A7AF27,白色,长运驾校,文通驾校,2012/9/17 0:00,2012/3/10 0:00,北京牌,东风雪铁龙牌,366364000000000000 ,366347000000000000 ,197410,197204,10,5,4,工作日,非高峰,2015-04-11,2015年4月11日,多云 /多云,15℃ / 9℃,东北风 ≤3级 /东风 ≤3级,多云,多云,15,9,东北风,≤3级,东风,≤3级,day
2015-04-11 11:03:00,紫林庵,1、追尾的,负全部责任,不负责任,1,贵A69F22,黑,1,贵FR8633,黑,（经开区）十一驾驶培训有限公司,预约考试窗口,2008/10/15 0:00,2007/6/21 0:00,别克牌,宝马牌,366368000000000000 ,366066000000000000 ,197109,197610,11,5,4,工作日,非高峰,2015-04-11,2015年4月11日,多云 /多云,15℃ / 9℃,东北风 ≤3级 /东风 ≤3级,多云,多云,15,9,东北风,≤3级,东风,≤3级,day
2015-04-11 12:15:00,二戈寨,3、倒车的,负全部责任,不负责任,1,贵AG6319,白色,1,贵A74J42,白色,自培,兴黔驾驶培训学校,2004/4/24 0:00,2006/6/21 0:00,奥迪牌,翼虎牌,64167500000000000 ,364548000000000000 ,196207,197007,12,5,4,工作日,非高峰,2015-04-11,2015年4月11日,多云 /多云,15℃ / 9℃,东北风 ≤3级 /东风 ≤3级,多云,多云,15,9,东北风,≤3级,东风,≤3级,day
2015-04-11 11:58:00,蛮破,3、倒车的,负全部责任,不负责任,0,贵AM4241,银,1,贵AEV417,银,自培,-1,2004/7/23 0:00,-1,宝马牌,马自达牌,764558000000000000 ,366846000000000000 ,197706,197303,11,5,4,工作日,非高峰,2015-04-11,2015年4月11日,多云 /多云,15℃ / 9℃,东北风 ≤3级 /东风 ≤3级,多云,多云,15,9,东北风,≤3级,东风,≤3级,day
2015-04-11 07:35:00,金珠路,9、不符合前8款规定或者双方同时具有上述情形的,负同等责任,负同等责任,1,贵AME723,黄,0,贵GT9625,黑,520116,-1,1997/4/22 0:00,-1,长安牌,别克牌,366361000000000000 ,5669520000000000 ,197306,197501,7,5,4,工作日,早高峰(7-9点),2015-04-11,2015年4月11日,多云 /多云,15℃ / 9℃,东北风 ≤3级 /东风 ≤3级,多云,多云,15,9,东北风,≤3级,东风,≤3级,day
2015-04-11 13:10:00,湘雅村,7、未按规定让行的 ,负全部责任,不负责任,1,贵ATK371,白色,1,贵AU2611,白色,-1,520126,-1,2008/11/24 0:00,丰田牌,瑞麒牌,734766000000000000 ,366046000000000000 ,197605,197610,13,5,4,工作日,非高峰,2015-04-11,2015年4月11日,多云 /多云,15℃ / 9℃,东北风 ≤3级 /东风 ≤3级,多云,多云,15,9,东北风,≤3级,东风,≤3级,day
2015-04-11 13:00:00,云岩区,8、依法应负全责的其他情形,负全部责任,不负责任,1,贵AT5288,黑,1,贵A29A59,银,自培,阳光驾校,2006/10/25 0:00,2014/5/8 0:00,嘉隆牌,吉利美日牌,366067000000000000 ,366367000000000000 ,198308,197002,13,5,4,工作日,非高峰,2015-04-11,2015年4月11日,多云 /多云,15℃ / 9℃,东北风 ≤3级 /东风 ≤3级,多云,多云,15,9,东北风,≤3级,东风,≤3级,day
2015-04-11 13:40:00,会展城,7、未按规定让行的 ,负全部责任,不负责任,1,贵A2466N,白,1,贵A774H9,白,消防驾校,消防驾校,2011/7/4 0:00,2011/3/1 0:00,东风日产牌,江淮牌,364647000000000000 ,364567000000000000 ,198209,198804,13,5,4,工作日,非高峰,2015-04-11,2015年4月11日,多云 /多云,15℃ / 9℃,东北风 ≤3级 /东风 ≤3级,多云,多云,15,9,东北风,≤3级,东风,≤3级,day
2015-04-11 10:30:00,观山湖区,4、停车时未挂低速档、未拉驻车制动，导致车辆滑行的,负全部责任,不负责任,1,贵GQ8556,白,1,贵A4461N,白,自培,全林驾校,2003/3/3 0:00,2013/6/19 0:00,别克牌,五菱牌,364557000000000000 ,366566000000000000 ,198012,198307,10,5,4,工作日,非高峰,2015-04-11,2015年4月11日,多云 /多云,15℃ / 9℃,东北风 ≤3级 /东风 ≤3级,多云,多云,15,9,东北风,≤3级,东风,≤3级,day
2015-04-11 11:00:00,金阳,8、依法应负全责的其他情形,负全部责任,不负责任,1,贵A61674,银,1,贵AGA391,银,自培,-1,2002/9/11 0:00,-1,大地牌,宝马牌,356375000000000000 ,674664000000000000 ,197502,197401,11,5,4,工作日,非高峰,2015-04-11,2015年4月11日,多云 /多云,15℃ / 9℃,东北风 ≤3级 /东风 ≤3级,多云,多云,15,9,东北风,≤3级,东风,≤3级,day
2015-04-11 10:40:00,贵黄路,8、依法应负全责的其他情形,负同等责任,负同等责任,1,贵A78586,红,1,皖F58302,银,自培,-1,2011/10/19 0:00,-1,东风牌,解放,355266000000000000 ,70426551804340891X,198405,197405,10,5,4,工作日,非高峰,2015-04-11,2015年4月11日,多云 /多云,15℃ / 9℃,东北风 ≤3级 /东风 ≤3级,多云,多云,15,9,东北风,≤3级,东风,≤3级,day
2015-04-11 10:58:00,小关,1、追尾的,负全部责任,不负责任,1,贵AU8793,绿,1,川A735UK,银,自培,-1,2004/6/8 0:00,-1,宝来牌,江铃牌 ,366367000000000000 ,354869000000000000 ,198012,198007,10,5,4,工作日,非高峰,2015-04-11,2015年4月11日,多云 /多云,15℃ / 9℃,东北风 ≤3级 /东风 ≤3级,多云,多云,15,9,东北风,≤3级,东风,≤3级,day
2015-04-11 14:00:00,五里冲,9、不符合前8款规定或者双方同时具有上述情形的,负同等责任,负同等责任,1,贵AK9575,银,1,贵A71F61,银,自培,全林驾校,2002/6/24 0:00,2012/12/21 0:00,宇锋牌,福克斯牌,36454651854255705X,366568000000000000 ,197106,198212,14,5,4,工作日,非高峰,2015-04-11,2015年4月11日,多云 /多云,15℃ / 9℃,东北风 ≤3级 /东风 ≤3级,多云,多云,15,9,东北风,≤3级,东风,≤3级,day
2015-04-11 04:00:00,甘荫塘,1、追尾的,负全部责任,不负责任,1,贵A9BN36,白色,1,贵A87P52,白色,金大驾校,十一培,2015/1/26 0:00,1996/7/3 0:00,力帆牌,夏利牌,366068000000000000 ,364547000000000000 ,197409,196506,4,5,4,工作日,非高峰,2015-04-11,2015年4月11日,多云 /多云,15℃ / 9℃,东北风 ≤3级 /东风 ≤3级,多云,多云,15,9,东北风,≤3级,东风,≤3级,night
2015-04-11 11:00:00,水口寺,7、未按规定让行的 ,负全部责任,不负责任,1,贵ABK842,白色,1,贵AWZ728,白色,自培,十一培,2000/5/15 0:00,1993/3/2 0:00,东风雪铁龙牌,神行者2,364547000000000000 ,364547000000000000 ,196210,197111,11,5,4,工作日,非高峰,2015-04-11,2015年4月11日,多云 /多云,15℃ / 9℃,东北风 ≤3级 /东风 ≤3级,多云,多云,15,9,东北风,≤3级,东风,≤3级,day
2015-04-11 11:30:00,湘江路,1、追尾的,负全部责任,不负责任,1,贵A8BZ81,白色,1,贵ATU837,白色,吉源驾校,自培,2014/7/20 0:00,2001/5/8 0:00,东风标致牌,东风日产牌,36455551955440427X,364548000000000000 ,198110,196110,11,5,4,工作日,非高峰,2015-04-11,2015年4月11日,多云 /多云,15℃ / 9℃,东北风 ≤3级 /东风 ≤3级,多云,多云,15,9,东北风,≤3级,东风,≤3级,day
2015-04-11 10:50:00,花果园,7、未按规定让行的 ,负全部责任,不负责任,1,贵AFF228,白色,1,贵AEK044,白色,十一培,自培,1996/12/30 0:00,2000/8/28 0:00,长城牌,别克牌,36636651334342895X,364547000000000000 ,195505,197011,10,5,4,工作日,非高峰,2015-04-11,2015年4月11日,多云 /多云,15℃ / 9℃,东北风 ≤3级 /东风 ≤3级,多云,多云,15,9,东北风,≤3级,东风,≤3级,day
2015-04-11 10:00:00,后坝,7、未按规定让行的 ,负全部责任,不负责任,1,贵FL2094,白色,1,贵AU3548,白色,自培,自培,2010/3/26 0:00,2004/12/30 0:00,吉利全球鹰牌,奇瑞牌,75495500000000000 ,4556510000000000 ,198304,195808,10,5,4,工作日,非高峰,2015-04-11,2015年4月11日,多云 /多云,15℃ / 9℃,东北风 ≤3级 /东风 ≤3级,多云,多云,15,9,东北风,≤3级,东风,≤3级,day
2015-04-11 03:00:00,长江路,1、追尾的,负全部责任,不负责任,1,贵A8R010,白色,1,贵A1683X,白色,自培,自培,2004/12/3 0:00,2002/11/12 0:00,金旅牌,别克牌,771444000000000000 ,36455551875441415X,197712,197310,3,5,4,工作日,非高峰,2015-04-11,2015年4月11日,多云 /多云,15℃ / 9℃,东北风 ≤3级 /东风 ≤3级,多云,多云,15,9,东北风,≤3级,东风,≤3级,night
2015-04-11 13:50:00,乌当,7、未按规定让行的 ,负全部责任,不负责任,1,贵AW4665,银,1,渝BS2281,银,（观山湖区）蓝天驾驶培训有限公司,-1,2009/11/16 0:00,-1,嘉隆牌,起亚牌,704541000000000000 ,354668000000000000 ,196807,197309,13,5,4,工作日,非高峰,2015-04-11,2015年4月11日,多云 /多云,15℃ / 9℃,东北风 ≤3级 /东风 ≤3级,多云,多云,15,9,东北风,≤3级,东风,≤3级,day
2015-04-11 12:30:00,碧海花园,8、依法应负全责的其他情形,负全部责任,不负责任,1,贵ASV263,银,0,贵A4668R,红,自培,无,2014/9/25 0:00,2012/4/28 0:00,东风日产牌,雪佛兰牌,354658000000000000 ,364557000000000000 ,197206,198301,12,5,4,工作日,非高峰,2015-04-11,2015年4月11日,多云 /多云,15℃ / 9℃,东北风 ≤3级 /东风 ≤3级,多云,多云,15,9,东北风,≤3级,东风,≤3级,day
2015-04-11 17:30:00,三桥,7、未按规定让行的 ,负全部责任,不负责任,1,贵A291F6,银,1,贵AB272W,银,-1,自培,-1,2010/12/10 0:00,解放牌,东风雪铁龙牌,366876000000000000 ,36606751914155565X,197601,198909,17,5,4,工作日,晚高峰(17-19点),2015-04-11,2015年4月11日,多云 /多云,15℃ / 9℃,东北风 ≤3级 /东风 ≤3级,多云,多云,15,9,东北风,≤3级,东风,≤3级,day
2015-04-11 15:10:00,北京西路,7、未按规定让行的 ,负全部责任,不负责任,1,贵FC7612,银,1,贵GP7623,银,-1,蓝天驾校,-1,2015/2/4 0:00,颐达牌,别克牌,366064000000000000 ,35436551804174794X,196502,197409,15,5,4,工作日,非高峰,2015-04-11,2015年4月11日,多云 /多云,15℃ / 9℃,东北风 ≤3级 /东风 ≤3级,多云,多云,15,9,东北风,≤3级,东风,≤3级,day
2015-04-11 13:30:00,钻石广场,7、未按规定让行的 ,负全部责任,不负责任,1,贵A87P88,白,1,贵J76347,白,自培,贵大佳德驾驶培训学校,2006/11/3 0:00,2011/10/24 0:00,雷克萨斯,洪都,366067000000000000 ,364547000000000000 ,198209,198905,13,5,4,工作日,非高峰,2015-04-11,2015年4月11日,多云 /多云,15℃ / 9℃,东北风 ≤3级 /东风 ≤3级,多云,多云,15,9,东北风,≤3级,东风,≤3级,day
2015-04-11 17:45:00,南垭路,9、不符合前8款规定或者双方同时具有上述情形的,负同等责任,负同等责任,1,贵AJ7354,银,1,贵AW5197,银,毕节地区新毕汽车驾驶培训学校,520118,-1,2008/12/31 0:00,五菱牌,三铃牌,366046000000000000 ,366566000000000000 ,198912,197507,17,5,4,工作日,晚高峰(17-19点),2015-04-11,2015年4月11日,多云 /多云,15℃ / 9℃,东北风 ≤3级 /东风 ≤3级,多云,多云,15,9,东北风,≤3级,东风,≤3级,day