accidenttime,accidentaddr,driver1fault,driver1responsibility,driver2responsibility,sex1,platenumber1,carcolor1,sex2,platenumber2,carcolor2,jxmc1,jxmc2,cclzrq1,cclzrq2,clpp1,clpp2,driver1license,driver2license,brith1,brith2,hour,weekday,month,is_weekday,peak_hour,date,日期,天气状况,气温,风力风向,day_wea,night_wea,day_tep,night_tep,day_wind_direction,day_wind_speed,night_wind_direction,night_wind_speed,segment
2015-04-11 13:21:00,花溪,7、未按规定让行的 ,负全部责任,不负责任,1,贵AA9086,白色,1,贵A3607R,白色,黔南金都汽车驾驶学校,贵大驾校,2014/10/15 0:00,2011/11/2 0:00,五菱,北京现代牌,364556000000000000 ,364556000000000000 ,197412,198707,13,5,4,工作日,非高峰,2015-04-11,2015年4月11日,多云 /多云,15℃ / 9℃,东北风 ≤3级 /东风 ≤3级,多云,多云,15,9,东北风,≤3级,东风,≤3级,day
2015-04-11 15:13:00,乌当,7、未按规定让行的 ,负全部责任,不负责任,1,贵A482CZ,银,1,贵CHK889,银,（乌当区）全林驾驶培训有限公司,-1,2005/12/19 0:00,-1,雪佛兰牌,东风标致牌,354663000000000000 ,764668000000000000 ,196204,197609,15,5,4,工作日,非高峰,2015-04-11,2015年4月11日,多云 /多云,15℃ / 9℃,东北风 ≤3级 /东风 ≤3级,多云,多云,15,9,东北风,≤3级,东风,≤3级,day
2015-04-11 17:50:00,人民广场,7、未按规定让行的 ,负全部责任,不负责任,1,贵A34L96,银,1,贵AVB183,银,智杰驾校,520136,2014/2/19 0:00,2009/5/7 0:00,五菱牌,北京现代牌,364568000000000000 ,366561000000000000 ,198704,198210,17,5,4,工作日,晚高峰(17-19点),2015-04-11,2015年4月11日,多云 /多云,15℃ / 9℃,东北风 ≤3级 /东风 ≤3级,多云,多云,15,9,东北风,≤3级,东风,≤3级,day
2015-04-11 15:50:00,八匹马,7、未按规定让行的 ,负全部责任,不负责任,1,贵AU7411,白,1,贵A36S89,白 ,吉源驾校（南明区）,景宏驾校,1998/6/2 0:00,2012/12/18 0:00,黄海牌,大众汽车牌,36455651834969475X,366569000000000000 ,197508,198408,15,5,4,工作日,非高峰,2015-04-11,2015年4月11日,多云 /多云,15℃ / 9℃,东北风 ≤3级 /东风 ≤3级,多云,多云,15,9,东北风,≤3级,东风,≤3级,day
2015-04-11 12:00:00,牛郎关,3、倒车的,负全部责任,不负责任,1,贵AEF236,白色,1,贵JAE591,白色,自培,-1,2002/5/13 0:00,-1,轩逸牌,蒙迪欧牌,364548000000000000 ,366876000000000000 ,197509,196401,12,5,4,工作日,非高峰,2015-04-11,2015年4月11日,多云 /多云,15℃ / 9℃,东北风 ≤3级 /东风 ≤3级,多云,多云,15,9,东北风,≤3级,东风,≤3级,day
2015-04-11 14:22:00,中天花园,7、未按规定让行的 ,负全部责任,不负责任,1,贵AU2896,白色,1,贵A0AM21,白色,自培,贵龙驾校（修文县）,2007/2/5 0:00,2015/3/12 0:00,瑞麒牌,马自达牌,366563000000000000 ,366546000000000000 ,196903,198808,14,5,4,工作日,非高峰,2015-04-11,2015年4月11日,多云 /多云,15℃ / 9℃,东北风 ≤3级 /东风 ≤3级,多云,多云,15,9,东北风,≤3级,东风,≤3级,day
2015-04-11 15:40:00,大洼路,7、未按规定让行的 ,负全部责任,不负责任,1,贵A068A9,银,1,贵APB172,银,自培,520114,2000/10/28 0:00,-1,福田牌,江铃全顺牌,364557000000000000 ,724866000000000000 ,195901,199005,15,5,4,工作日,非高峰,2015-04-11,2015年4月11日,多云 /多云,15℃ / 9℃,东北风 ≤3级 /东风 ≤3级,多云,多云,15,9,东北风,≤3级,东风,≤3级,day
2015-04-11 13:30:00,金阳,1、追尾的,负全部责任,不负责任,1,贵AUA413,白,1,贵AKH243,白,消防驾校,十一培,2001/10/19 0:00,1995/7/10 0:00,吉利美日牌,起亚牌,364558000000000000 ,364558000000000000 ,197404,196704,13,5,4,工作日,非高峰,2015-04-11,2015年4月11日,多云 /多云,15℃ / 9℃,东北风 ≤3级 /东风 ≤3级,多云,多云,15,9,东北风,≤3级,东风,≤3级,day
2015-04-11 14:30:00,金阳,7、未按规定让行的 ,负全部责任,不负责任,0,贵G71561,白,1,贵A67V66,黄,自培,十一培,2004/1/17 0:00,1992/11/24 0:00,吉利牌,沃尔沃,364548000000000000 ,364547000000000000 ,197807,197203,14,5,4,工作日,非高峰,2015-04-11,2015年4月11日,多云 /多云,15℃ / 9℃,东北风 ≤3级 /东风 ≤3级,多云,多云,15,9,东北风,≤3级,东风,≤3级,day
2015-04-11 11:00:00,白云区,9、不符合前8款规定或者双方同时具有上述情形的,负同等责任,负同等责任,1,贵A5CE33,蓝,1,贵A25846,黑,自培,十一培,2009/3/11 0:00,1997/12/23 0:00,梅赛德斯-奔驰牌,福田牌,354366000000000000 ,364558000000000000 ,197504,196308,11,5,4,工作日,非高峰,2015-04-11,2015年4月11日,多云 /多云,15℃ / 9℃,东北风 ≤3级 /东风 ≤3级,多云,多云,15,9,东北风,≤3级,东风,≤3级,day
2015-04-11 12:46:00,北京西路,7、未按规定让行的 ,负全部责任,不负责任,1,贵A51F43,黑,1,贵AU0709,蓝,自培,十一培,2004/1/19 0:00,1994/7/6 0:00,大众牌,万达牌,366546000000000000 ,364548000000000000 ,197008,197010,12,5,4,工作日,非高峰,2015-04-11,2015年4月11日,多云 /多云,15℃ / 9℃,东北风 ≤3级 /东风 ≤3级,多云,多云,15,9,东北风,≤3级,东风,≤3级,day
2015-04-11 13:00:00,观山湖养老院,1、追尾的,负全部责任,不负责任,0,贵A2343S,银,1,贵AAK044,银,贵州省长安驾驶培训学校,自培,2012/3/15 0:00,2008/12/25 0:00,长安牌,奇瑞牌,364648000000000000 ,254048000000000000 ,197801,197910,13,5,4,工作日,非高峰,2015-04-11,2015年4月11日,多云 /多云,15℃ / 9℃,东北风 ≤3级 /东风 ≤3级,多云,多云,15,9,东北风,≤3级,东风,≤3级,day
2015-04-11 17:30:00,苗圃二号隧道,1、追尾的,负全部责任,不负责任,1,贵A86453,白色,1,贵AH7086,白色,自培,自培,2012/12/28 0:00,2001/10/9 0:00,陕汽牌,劲扬牌,364556000000000000 ,364548000000000000 ,198912,196811,17,5,4,工作日,晚高峰(17-19点),2015-04-11,2015年4月11日,多云 /多云,15℃ / 9℃,东北风 ≤3级 /东风 ≤3级,多云,多云,15,9,东北风,≤3级,东风,≤3级,day
2015-04-11 13:17:00,金苏路,8、依法应负全责的其他情形,负全部责任,不负责任,1,贵A89S62,白,1,贵ASV424,白,正安县创业驾校,自培,2012/5/17 0:00,2002/10/11 0:00,东风牌,沃尔沃,366561000000000000 ,364558000000000000 ,198809,196506,13,5,4,工作日,非高峰,2015-04-11,2015年4月11日,多云 /多云,15℃ / 9℃,东北风 ≤3级 /东风 ≤3级,多云,多云,15,9,东北风,≤3级,东风,≤3级,day
2015-04-11 14:20:00,瑞金南路,1、追尾的,负全部责任,不负责任,1,贵AU8883,白色,1,贵A86Z41,白色,自培,自培,2002/6/4 0:00,2000/8/7 0:00,大河牌,夏利牌,366370000000000000 ,57465500000000000 ,198101,196802,14,5,4,工作日,非高峰,2015-04-11,2015年4月11日,多云 /多云,15℃ / 9℃,东北风 ≤3级 /东风 ≤3级,多云,多云,15,9,东北风,≤3级,东风,≤3级,day
2015-04-11 18:00:00,三桥,1、追尾的,负全部责任,不负责任,0,贵A1J276,白,1,贵A0088F,白,贵龙驾校（修文县）,（经开区）十一驾驶培训有限公司,2015/3/18 0:00,2004/7/28 0:00,-1,江铃牌,354648000000000000 ,354368000000000000 ,198212,197601,18,5,4,工作日,晚高峰(17-19点),2015-04-11,2015年4月11日,多云 /多云,15℃ / 9℃,东北风 ≤3级 /东风 ≤3级,多云,多云,15,9,东北风,≤3级,东风,≤3级,day
2015-04-11 17:00:00,乌当,7、未按规定让行的 ,负全部责任,不负责任,1,贵JDT553,白,1,贵A645A9,白,-1,贵州平安驾驶培训学校,-1,2010/9/26 0:00,五菱牌,五菱牌,366876000000000000 ,364557000000000000 ,198405,199110,17,5,4,工作日,晚高峰(17-19点),2015-04-11,2015年4月11日,多云 /多云,15℃ / 9℃,东北风 ≤3级 /东风 ≤3级,多云,多云,15,9,东北风,≤3级,东风,≤3级,day
2015-04-11 18:30:00,观山东路,7、未按规定让行的 ,负全部责任,不负责任,1,贵AC4211,银,1,贵A61M37,银,（南明区）铁二局驾驶培训有限公司,520102,2004/12/6 0:00,2011/3/9 0:00,红旗,理念牌,364558000000000000 ,366347000000000000 ,197206,199003,18,5,4,工作日,晚高峰(17-19点),2015-04-11,2015年4月11日,多云 /多云,15℃ / 9℃,东北风 ≤3级 /东风 ≤3级,多云,多云,15,9,东北风,≤3级,东风,≤3级,day
2015-04-11 18:00:00,北京西路,1、追尾的,负全部责任,不负责任,1,贵AU9521,绿,1,贵C7262,白,贵州省黔东南州金凯驾驶学校,贵大佳德驾驶培训学,2006/9/29 0:00,2009/2/27 0:00,金捷牌,-1,36626651904850433X,366569000000000000 ,198407,198901,18,5,4,工作日,晚高峰(17-19点),2015-04-11,2015年4月11日,多云 /多云,15℃ / 9℃,东北风 ≤3级 /东风 ≤3级,多云,多云,15,9,东北风,≤3级,东风,≤3级,day
2015-04-11 21:00:00,富源南路,1、追尾的,负全部责任,不负责任,1,贵FG1811,白色,1,贵AA927U,白色,贵州现代驾驶培训责任有限公司,铁二局驾校,2014/4/9 0:00,2014/10/10 0:00,长安牌,众泰牌,364547000000000000 ,364556000000000000 ,199207,199110,21,5,4,工作日,非高峰,2015-04-11,2015年4月11日,多云 /多云,15℃ / 9℃,东北风 ≤3级 /东风 ≤3级,多云,多云,15,9,东北风,≤3级,东风,≤3级,night
2015-04-11 21:42:00,北京路,1、追尾的,负全部责任,不负责任,1,贵A75R44,蓝,0,贵A83V56,红,自培,贵州现代驾驶培训责任有限公司,1993/12/20 0:00,2015/2/27 0:00,夏利牌,东风标致牌,364548000000000000 ,364547000000000000 ,196411,198608,21,5,4,工作日,非高峰,2015-04-11,2015年4月11日,多云 /多云,15℃ / 9℃,东北风 ≤3级 /东风 ≤3级,多云,多云,15,9,东北风,≤3级,东风,≤3级,night
2015-04-11 20:00:00,白金大道,7、未按规定让行的 ,负全部责任,不负责任,1,鄂AVF422,银,1,贵A0770A,黄,-1,景宏驾校,-1,2002/10/22 0:00,揽胜,胜达,365567000000000000 ,364558000000000000 ,198810,198111,20,5,4,工作日,非高峰,2015-04-11,2015年4月11日,多云 /多云,15℃ / 9℃,东北风 ≤3级 /东风 ≤3级,多云,多云,15,9,东北风,≤3级,东风,≤3级,night
2015-04-11 18:00:00,十里河滩,8、依法应负全责的其他情形,负全部责任,不负责任,1,贵A6AR07,白色,1,贵A3372N,白色,诚信驾驶培训学校,-1,2013/3/4 0:00,-1,福克斯牌,福克斯牌,364551000000000000 ,36455600000000000 ,198405,196010,18,5,4,工作日,晚高峰(17-19点),2015-04-11,2015年4月11日,多云 /多云,15℃ / 9℃,东北风 ≤3级 /东风 ≤3级,多云,多云,15,9,东北风,≤3级,东风,≤3级,day
2015-04-11 18:20:00,沙文镇,7、未按规定让行的 ,负全部责任,不负责任,1,贵A5118S,银,1,贵A75A94,银,自培,-1,2003/11/12 0:00,-1,东风日产牌,北京现代牌,36455651955557765X,364576000000000000 ,198111,198507,18,5,4,工作日,晚高峰(17-19点),2015-04-11,2015年4月11日,多云 /多云,15℃ / 9℃,东北风 ≤3级 /东风 ≤3级,多云,多云,15,9,东北风,≤3级,东风,≤3级,day
2015-04-11 20:40:00,艳山红,3、倒车的,负全部责任,不负责任,1,贵A5951A,黑,1,贵A66T96,黑,-1,-1,-1,-1,雅科仕,-1,36455800000000000 ,366061000000000000 ,197311,198711,20,5,4,工作日,非高峰,2015-04-11,2015年4月11日,多云 /多云,15℃ / 9℃,东北风 ≤3级 /东风 ≤3级,多云,多云,15,9,东北风,≤3级,东风,≤3级,night
2015-04-12 08:30:00,渔安隧道,7、未按规定让行的 ,负全部责任,不负责任,1,贵AU6404,黄,1,贵AU6097,蓝,520129,自培,2004/12/29 0:00,2012/8/27 0:00,双庆牌,千里马牌,364647000000000000 ,357466000000000000 ,198107,198911,8,6,4,周末,早高峰(7-9点),2015-04-12,2015年4月12日,晴 /多云,21℃ / 7℃,东风 ≤3级 /东风 ≤3级,晴,多云,21,7,东风,≤3级,东风,≤3级,day
2015-04-11 14:30:00,森林公园,3、倒车的,负全部责任,不负责任,1,贵A9F268,银,1,贵A19942,黑,自培,自培,2000/8/24 0:00,2000/12/18 0:00,福克斯牌,飞鹰牌,364547000000000000 ,364548000000000000 ,198205,196810,14,5,4,工作日,非高峰,2015-04-11,2015年4月11日,多云 /多云,15℃ / 9℃,东北风 ≤3级 /东风 ≤3级,多云,多云,15,9,东北风,≤3级,东风,≤3级,day
2015-04-11 18:00:00,花溪,8、依法应负全责的其他情形,负全部责任,不负责任,1,贵A59K84,白色,1,贵A95748,白色,自培,吉源驾校,2001/1/9 0:00,2014/12/22 0:00,别克(BUICK)牌,豪泺牌,364556000000000000 ,366769000000000000 ,197008,199206,18,5,4,工作日,晚高峰(17-19点),2015-04-11,2015年4月11日,多云 /多云,15℃ / 9℃,东北风 ≤3级 /东风 ≤3级,多云,多云,15,9,东北风,≤3级,东风,≤3级,day
2015-04-11 19:22:00,白云山,1、追尾的,负全部责任,不负责任,1,贵A35B84,银,1,贵JAE514,银,自培,文通驾校,2007/6/4 0:00,2012/9/4 0:00,蒙迪欧牌,丰田牌,364548000000000000 ,364548000000000000 ,198202,198701,19,5,4,工作日,晚高峰(17-19点),2015-04-11,2015年4月11日,多云 /多云,15℃ / 9℃,东北风 ≤3级 /东风 ≤3级,多云,多云,15,9,东北风,≤3级,东风,≤3级,day
2015-04-11 20:00:00,花溪,1、追尾的,负全部责任,不负责任,1,贵A88639,白色,1,湘K7DD31,白色,自培,-1,2005/8/9 0:00,-1,豪爵牌,大众牌,366068000000000000 ,76347500000000000 ,196703,199006,20,5,4,工作日,非高峰,2015-04-11,2015年4月11日,多云 /多云,15℃ / 9℃,东北风 ≤3级 /东风 ≤3级,多云,多云,15,9,东北风,≤3级,东风,≤3级,night
2015-04-11 17:30:00,贵遵路,1、追尾的,负全部责任,不负责任,1,贵A90477,红,1,贵AG2489,银,自培,十一培,2008/1/9 0:00,1999/6/29 0:00,三铃牌,东风日产牌,366566000000000000 ,364547000000000000 ,198607,197712,17,5,4,工作日,晚高峰(17-19点),2015-04-11,2015年4月11日,多云 /多云,15℃ / 9℃,东北风 ≤3级 /东风 ≤3级,多云,多云,15,9,东北风,≤3级,东风,≤3级,day
2015-04-11 15:00:00,小关,1、追尾的,负全部责任,不负责任,1,贵GG6917,银,1,贵A87S11,银,自培,十一培,2004/6/1 0:00,1997/1/27 0:00,丰田牌,辉腾,366363000000000000 ,366368000000000000 ,196107,197405,15,5,4,工作日,非高峰,2015-04-11,2015年4月11日,多云 /多云,15℃ / 9℃,东北风 ≤3级 /东风 ≤3级,多云,多云,15,9,东北风,≤3级,东风,≤3级,day
2015-04-11 15:00:00,大营坡,1、追尾的,负全部责任,不负责任,1,贵AU1933,绿,1,贵AU6401,银,文通驾校,自培,2007/1/31 0:00,2006/7/14 0:00,大江牌,雷克牌,366346000000000000 ,364556000000000000 ,197303,198201,15,5,4,工作日,非高峰,2015-04-11,2015年4月11日,多云 /多云,15℃ / 9℃,东北风 ≤3级 /东风 ≤3级,多云,多云,15,9,东北风,≤3级,东风,≤3级,day
2015-04-11 20:40:00,兴筑西路,8、依法应负全责的其他情形,负全部责任,不负责任,1,贵GP9359,白,0,贵A91766,银,（经开区）十一驾驶培训有限公司,自培,2004/12/30 0:00,2000/8/14 0:00,宝马,陕汽牌,574663000000000000 ,364547000000000000 ,197810,196902,20,5,4,工作日,非高峰,2015-04-11,2015年4月11日,多云 /多云,15℃ / 9℃,东北风 ≤3级 /东风 ≤3级,多云,多云,15,9,东北风,≤3级,东风,≤3级,night
2015-04-11 15:37:00,西南环线,7、未按规定让行的 ,负全部责任,不负责任,1,贵FX6767,白色,1,贵J02989,白色,长运驾校,自培,2014/7/17 0:00,2004/6/21 0:00,吉利牌,吉利牌,366066000000000000 ,366876000000000000 ,197406,198201,15,5,4,工作日,非高峰,2015-04-11,2015年4月11日,多云 /多云,15℃ / 9℃,东北风 ≤3级 /东风 ≤3级,多云,多云,15,9,东北风,≤3级,东风,≤3级,day
2015-04-11 18:00:00,南浦路,7、未按规定让行的 ,负全部责任,不负责任,1,贵AAW757,白色,1,贵A9BN26,白色,自培,自培,2002/10/30 0:00,2005/6/17 0:00,别克牌,吉利牌,364547000000000000 ,364557000000000000 ,196905,198702,18,5,4,工作日,晚高峰(17-19点),2015-04-11,2015年4月11日,多云 /多云,15℃ / 9℃,东北风 ≤3级 /东风 ≤3级,多云,多云,15,9,东北风,≤3级,东风,≤3级,day
2015-04-11 19:30:00,贵遵路,1、追尾的,负全部责任,不负责任,1,贵AB3551,银,1,贵A77C23,白,自培,自培,2003/7/16 0:00,2001/9/25 0:00,隆鑫牌,中华牌,704967000000000000 ,364548000000000000 ,196808,197810,19,5,4,工作日,晚高峰(17-19点),2015-04-11,2015年4月11日,多云 /多云,15℃ / 9℃,东北风 ≤3级 /东风 ≤3级,多云,多云,15,9,东北风,≤3级,东风,≤3级,day
2015-04-11 16:30:00,大西门,9、不符合前8款规定或者双方同时具有上述情形的,负同等责任,负同等责任,1,贵AU0044,绿,1,贵A3101,绿,自培,自培,2001/4/23 0:00,2007/7/26 0:00,宇通牌,比亚迪牌,366569000000000000 ,36606751934756075X,197702,198503,16,5,4,工作日,非高峰,2015-04-11,2015年4月11日,多云 /多云,15℃ / 9℃,东北风 ≤3级 /东风 ≤3级,多云,多云,15,9,东北风,≤3级,东风,≤3级,day
2015-04-12 08:30:00,观山湖,7、未按规定让行的 ,负全部责任,不负责任,1,贵AK3855,黑,1,贵A27X63,黑,-1,贵州省长安驾驶培训学校,-1,2011/1/21 0:00,宗申牌,明锐牌,364546000000000 ,366663000000000000 ,650111,198912,8,6,4,周末,早高峰(7-9点),2015-04-12,2015年4月12日,晴 /多云,21℃ / 7℃,东风 ≤3级 /东风 ≤3级,晴,多云,21,7,东风,≤3级,东风,≤3级,day
2015-04-11 21:03:00,三桥,8、依法应负全责的其他情形,负全部责任,不负责任,1,贵GGD681,白,1,贵CB6121,白,贵州大学驾校（花溪区）,-1,2011/10/11 0:00,-1,吉利牌,迈腾,364556000000000000 ,354664000000000000 ,199005,197301,21,5,4,工作日,非高峰,2015-04-11,2015年4月11日,多云 /多云,15℃ / 9℃,东北风 ≤3级 /东风 ≤3级,多云,多云,15,9,东北风,≤3级,东风,≤3级,night
2015-04-11 20:00:00,小河转盘,1、追尾的,负全部责任,不负责任,1,贵AA044N,白色,1,贵GV3185,白色,-1,时发,-1,2005/10/18 0:00,五菱牌,宝马,344798000000000000 ,355468000000000000 ,199310,197310,20,5,4,工作日,非高峰,2015-04-11,2015年4月11日,多云 /多云,15℃ / 9℃,东北风 ≤3级 /东风 ≤3级,多云,多云,15,9,东北风,≤3级,东风,≤3级,night
2015-04-11 18:05:00,宏泰,8、依法应负全责的其他情形,负全部责任,不负责任,1,贵A474G9,白,1,贵A115584,红,织金县织通驾驶培训学校,-1,2011/10/25 0:00,-1,解放牌,-1,36606351814756683X,355464000000000000 ,197903,198301,18,5,4,工作日,晚高峰(17-19点),2015-04-11,2015年4月11日,多云 /多云,15℃ / 9℃,东北风 ≤3级 /东风 ≤3级,多云,多云,15,9,东北风,≤3级,东风,≤3级,day
2015-04-12 08:30:00,王宽,3、倒车的,负全部责任,不负责任,1,贵A2110J,白色,1,川A67T83,白色,铁二局驾校（南明区）,顺一驾驶培训学校,2006/6/13 0:00,2014/2/11 0:00,长城牌,大众牌 ,364556000000000000 ,357267000000000000 ,196909,198004,8,6,4,周末,早高峰(7-9点),2015-04-12,2015年4月12日,晴 /多云,21℃ / 7℃,东风 ≤3级 /东风 ≤3级,晴,多云,21,7,东风,≤3级,东风,≤3级,day
2015-04-11 20:40:00,兴筑路,1、追尾的,负全部责任,不负责任,1,贵G19359,白,1,贵ET8572,银,（经开区）十一驾驶培训有限公司,路路达驾校,2004/12/30 0:00,2014/3/4 0:00,天马,北京牌,574663000000000000 ,36676751994065005X,197810,198804,20,5,4,工作日,非高峰,2015-04-11,2015年4月11日,多云 /多云,15℃ / 9℃,东北风 ≤3级 /东风 ≤3级,多云,多云,15,9,东北风,≤3级,东风,≤3级,night
2015-04-11 18:00:00,蟠桃宫,7、未按规定让行的 ,负全部责任,不负责任,1,贵A9BL12,银,1,贵JAG247,银,贵州现代驾驶培训责任有限公司,黔东南州职院驾校,2014/5/13 0:00,-1,起亚牌,雪佛兰牌,364547000000000000 ,366864000000000000 ,198110,198704,18,5,4,工作日,晚高峰(17-19点),2015-04-11,2015年4月11日,多云 /多云,15℃ / 9℃,东北风 ≤3级 /东风 ≤3级,多云,多云,15,9,东北风,≤3级,东风,≤3级,day
2015-04-12 10:40:00,省人民医院,8、依法应负全责的其他情形,负全部责任,不负责任,1,贵ALQ166,白,1,贵AU0877,白,-1,自培,-1,2006/12/27 0:00,比亚迪牌,宝来牌,364547000000000000 ,364547000000000000 ,196610,198306,10,6,4,周末,非高峰,2015-04-12,2015年4月12日,晴 /多云,21℃ / 7℃,东风 ≤3级 /东风 ≤3级,晴,多云,21,7,东风,≤3级,东风,≤3级,day
2015-04-12 11:30:00,会展城,8、依法应负全责的其他情形,负全部责任,不负责任,1,贵FL2920,白,1,贵A79C15,白,-1,520102,-1,2010/4/28 0:00,长安牌,起亚,366067000000000000 ,364548000000000000 ,197707,199004,11,6,4,周末,非高峰,2015-04-12,2015年4月12日,晴 /多云,21℃ / 7℃,东风 ≤3级 /东风 ≤3级,晴,多云,21,7,东风,≤3级,东风,≤3级,day
2015-04-12 10:52:00,会展城,1、追尾的,负全部责任,不负责任,1,贵JBT417,白,1,贵A7BY56,白,-1,市警校驾校,-1,2014/9/12 0:00,纳智捷牌,奇瑞牌,06556351925464073X,364548000000000000 ,198610,196712,10,6,4,周末,非高峰,2015-04-12,2015年4月12日,晴 /多云,21℃ / 7℃,东风 ≤3级 /东风 ≤3级,晴,多云,21,7,东风,≤3级,东风,≤3级,day
2015-04-12 11:31:00,小河,1、追尾的,负全部责任,不负责任,1,贵DQ9377,白色,1,贵CL1504,白色,黔南金桥汽车驾驶培训学校,阳光驾校,-1,2012/4/25 0:00,长安牌,金杯牌,366670000000000000 ,366569000000000000 ,197801,197303,11,6,4,周末,非高峰,2015-04-12,2015年4月12日,晴 /多云,21℃ / 7℃,东风 ≤3级 /东风 ≤3级,晴,多云,21,7,东风,≤3级,东风,≤3级,day
2015-04-12 10:00:00,中坝,8、依法应负全责的其他情形,负全部责任,不负责任,1,贵A6048警,银,1,贵FJ2755,银,新华驾校,预约考试窗口,2014/9/23 0:00,2006/10/26 0:00,-1,夏利牌,364548000000000000 ,36606751964758535X,199107,198203,10,6,4,周末,非高峰,2015-04-12,2015年4月12日,晴 /多云,21℃ / 7℃,东风 ≤3级 /东风 ≤3级,晴,多云,21,7,东风,≤3级,东风,≤3级,day
2015-04-12 10:10:00,大营坡,8、依法应负全责的其他情形,负全部责任,不负责任,1,贵A79G95,银,1,贵CF5659,银,（南明区）长安驾驶培训有限公司,路路达驾校,2008/3/13 0:00,2013/6/9 0:00,五菱牌,五菱牌,364596000000000000 ,36656251164964335X,198610,199208,10,6,4,周末,非高峰,2015-04-12,2015年4月12日,晴 /多云,21℃ / 7℃,东风 ≤3级 /东风 ≤3级,晴,多云,21,7,东风,≤3级,东风,≤3级,day
2015-04-12 09:40:00,贵黄公路,1、追尾的,负全部责任,不负责任,1,贵JBU883,黑,1,贵A4K51,黑,（南明区）市交通职业技术驾驶培训学校,自培,2010/11/19 0:00,2004/4/14 0:00,翼虎牌,-1,364551000000000000 ,366569000000000000 ,198905,198507,9,6,4,周末,早高峰(7-9点),2015-04-12,2015年4月12日,晴 /多云,21℃ / 7℃,东风 ≤3级 /东风 ≤3级,晴,多云,21,7,东风,≤3级,东风,≤3级,day
2015-04-12 09:10:00,交际处,8、依法应负全责的其他情形,负全部责任,不负责任,1,贵AAX666,蓝,1,贵AU0786,白,自培,520116,2002/7/31 0:00,1997/4/24 0:00,维拉克斯,双庆牌,366770000000000000 ,366367000000000000 ,197307,197211,9,6,4,周末,早高峰(7-9点),2015-04-12,2015年4月12日,晴 /多云,21℃ / 7℃,东风 ≤3级 /东风 ≤3级,晴,多云,21,7,东风,≤3级,东风,≤3级,day
2015-04-12 08:29:00,相宝山,1、追尾的,负全部责任,不负责任,1,粤96468L,黑,0,贵A71X98,红,自培,520116,2007/8/7 0:00,2009/12/30 0:00,\N,长安牌,364566000000000000 ,364557000000000000 ,198508,196901,8,6,4,周末,早高峰(7-9点),2015-04-12,2015年4月12日,晴 /多云,21℃ / 7℃,东风 ≤3级 /东风 ≤3级,晴,多云,21,7,东风,≤3级,东风,≤3级,day
2015-04-12 09:00:00,白云区,1、追尾的,负全部责任,不负责任,0,贵AK6867,白,1,贵A23V74,白,-1,十一培,-1,1983/10/10 0:00,比亚迪牌,夏利牌,3645580000000000 ,364558000000000000 ,700232,196411,9,6,4,周末,早高峰(7-9点),2015-04-12,2015年4月12日,晴 /多云,21℃ / 7℃,东风 ≤3级 /东风 ≤3级,晴,多云,21,7,东风,≤3级,东风,≤3级,day
2015-04-12 08:00:00,蟠桃宫,7、未按规定让行的 ,负全部责任,不负责任,1,贵AX7471,白色,1,贵ARW82,白色,520134,十一培,2007/10/26 0:00,1991/5/13 0:00,嘉陵牌,-1,364556000000000000 ,364547000000000000 ,197511,195703,8,6,4,周末,早高峰(7-9点),2015-04-12,2015年4月12日,晴 /多云,21℃ / 7℃,东风 ≤3级 /东风 ≤3级,晴,多云,21,7,东风,≤3级,东风,≤3级,day
2015-04-12 10:30:00,金华园,3、倒车的,负全部责任,不负责任,1,贵A47X65,黑,1,贵ADY831,绿,-1,自培,-1,2000/12/11 0:00,长安牌,捷达牌,364557000000000000 ,364547000000000000 ,197607,195811,10,6,4,周末,非高峰,2015-04-12,2015年4月12日,晴 /多云,21℃ / 7℃,东风 ≤3级 /东风 ≤3级,晴,多云,21,7,东风,≤3级,东风,≤3级,day
2015-04-12 10:50:00,宝山北路,1、追尾的,负全部责任,不负责任,1,贵ACC800,白,1,贵AC6292,白,自培,自培,2003/8/15 0:00,2006/9/26 0:00,雪佛兰牌,嘉陵牌,364547000000000000 ,36454751935563365X,198104,198511,10,6,4,周末,非高峰,2015-04-12,2015年4月12日,晴 /多云,21℃ / 7℃,东风 ≤3级 /东风 ≤3级,晴,多云,21,7,东风,≤3级,东风,≤3级,day
2015-04-12 06:30:00,世纪城,1、追尾的,负全部责任,不负责任,1,贵ALT943,银,1,贵A75C68,黑,自培,自培,2007/2/6 0:00,2008/2/28 0:00,福田牌,福克斯牌,366068000000000000 ,34655500000000000 ,198710,197801,6,6,4,周末,非高峰,2015-04-12,2015年4月12日,晴 /多云,21℃ / 7℃,东风 ≤3级 /东风 ≤3级,晴,多云,21,7,东风,≤3级,东风,≤3级,day