accidenttime,accidentaddr,driver1fault,driver1responsibility,driver2responsibility,sex1,platenumber1,carcolor1,sex2,platenumber2,carcolor2,jxmc1,jxmc2,cclzrq1,cclzrq2,clpp1,clpp2,driver1license,driver2license,brith1,brith2,hour,weekday,month,is_weekday,peak_hour,date,日期,天气状况,气温,风力风向,day_wea,night_wea,day_tep,night_tep,day_wind_direction,day_wind_speed,night_wind_direction,night_wind_speed,segment
2015-04-12 10:30:00,黔灵山路,1、追尾的,负全部责任,不负责任,1,贵ANG329,银,1,贵A6BB54,白,自培,新华驾校,-1,2012/3/13 0:00,宝马牌,翼虎牌,366068000000000000 ,364548000000000000 ,198810,196008,10,6,4,周末,非高峰,2015-04-12,2015年4月12日,晴 /多云,21℃ / 7℃,东风 ≤3级 /东风 ≤3级,晴,多云,21,7,东风,≤3级,东风,≤3级,day
2015-04-12 10:50:00,孟关,3、倒车的,负全部责任,不负责任,1,湘NF4672,白色,1,贵A9PU46,白色,-1,520126,-1,-1,长城牌,-1,76346500000000000 ,36606651895648045X,198507,197812,10,6,4,周末,非高峰,2015-04-12,2015年4月12日,晴 /多云,21℃ / 7℃,东风 ≤3级 /东风 ≤3级,晴,多云,21,7,东风,≤3级,东风,≤3级,day
2015-04-12 09:00:00,会展城,7、未按规定让行的 ,负全部责任,不负责任,1,粤BS3826,白,1,贵JAE729,黑,-1,-1,1979/6/18 0:00,-1,江铃牌,大切诺基,364558000000000000 ,366864000000000000 ,196009,198501,9,6,4,周末,早高峰(7-9点),2015-04-12,2015年4月12日,晴 /多云,21℃ / 7℃,东风 ≤3级 /东风 ≤3级,晴,多云,21,7,东风,≤3级,东风,≤3级,day
2015-04-12 10:00:00,煤矿村,7、未按规定让行的 ,负全部责任,不负责任,1,贵A3BM46,白,1,贵A66J77,白,（乌当区）新天驾驶培训有限公司,贵阳金马驾驶培训有限公司,2004/12/29 0:00,2010/9/3 0:00,福特牌,北京牌,364547000000000000 ,364547000000000000 ,198304,198412,10,6,4,周末,非高峰,2015-04-12,2015年4月12日,晴 /多云,21℃ / 7℃,东风 ≤3级 /东风 ≤3级,晴,多云,21,7,东风,≤3级,东风,≤3级,day
2015-04-12 12:40:00,花溪大道,7、未按规定让行的 ,负全部责任,不负责任,1,贵AD4500,白色,1,贵AH1864,白色,-1,贵州现代驾驶培训责任有限公司,-1,2012/8/16 0:00,劲扬牌,劲隆牌,364557000000000000 ,364551000000000000 ,196101,199006,12,6,4,周末,非高峰,2015-04-12,2015年4月12日,晴 /多云,21℃ / 7℃,东风 ≤3级 /东风 ≤3级,晴,多云,21,7,东风,≤3级,东风,≤3级,day
2015-04-12 14:00:00,贵开路,9、不符合前8款规定或者双方同时具有上述情形的,负同等责任,负同等责任,1,贵AMP634,蓝,0,贵AV0676,蓝,-1,贵阳金马驾驶培训有限公司,-1,2011/9/8 0:00,起亚,夏利牌,364548000000000000 ,366368000000000000 ,196202,197506,14,6,4,周末,非高峰,2015-04-12,2015年4月12日,晴 /多云,21℃ / 7℃,东风 ≤3级 /东风 ≤3级,晴,多云,21,7,东风,≤3级,东风,≤3级,day
2015-04-12 12:30:00,金阳,3、倒车的,负全部责任,不负责任,0,贵A57L97,银,1,贵A0BV26,银,省交校,十一驾驶培训有限公司,2010/10/15 0:00,2014/2/17 0:00,福克斯牌,东风标致牌,364547000000000000 ,366367000000000000 ,198901,196901,12,6,4,周末,非高峰,2015-04-12,2015年4月12日,晴 /多云,21℃ / 7℃,东风 ≤3级 /东风 ≤3级,晴,多云,21,7,东风,≤3级,东风,≤3级,day
2015-04-12 11:30:00,白云,7、未按规定让行的 ,负全部责任,不负责任,0,贵AUA539,绿,1,贵GR6730,白,吉源驾校,新天驾校,2013/8/23 0:00,2004/9/30 0:00,吉利美日牌,雪佛兰牌,366064000000000000 ,364548000000000000 ,197701,198605,11,6,4,周末,非高峰,2015-04-12,2015年4月12日,晴 /多云,21℃ / 7℃,东风 ≤3级 /东风 ≤3级,晴,多云,21,7,东风,≤3级,东风,≤3级,day
2015-04-12 11:20:00,西二环,7、未按规定让行的 ,负全部责任,不负责任,1,贵HR9791,银,1,贵A59960,银,-1,自培,-1,2011/7/5 0:00,长安牌,昌河,784347000000000000 ,364066000000000000 ,197909,199101,11,6,4,周末,非高峰,2015-04-12,2015年4月12日,晴 /多云,21℃ / 7℃,东风 ≤3级 /东风 ≤3级,晴,多云,21,7,东风,≤3级,东风,≤3级,day
2015-04-12 12:50:00,白云区,8、依法应负全责的其他情形,负全部责任,不负责任,1,湘D1778B,黑,1,贵CCU972,白,-1,-1,-1,-1,大众牌,长城牌,济字第4950639,366575000000000000 ,4258,198402,12,6,4,周末,非高峰,2015-04-12,2015年4月12日,晴 /多云,21℃ / 7℃,东风 ≤3级 /东风 ≤3级,晴,多云,21,7,东风,≤3级,东风,≤3级,day
2015-04-12 12:12:00,马王庙,8、依法应负全责的其他情形,负全部责任,不负责任,1,贵JH3792,蓝,1,贵AC093F,黑,-1,（白云区）消防驾驶培训学校,-1,2012/12/31 0:00,东风牌,大众牌,77460500000000000 ,364548000000000000 ,197409,199003,12,6,4,周末,非高峰,2015-04-12,2015年4月12日,晴 /多云,21℃ / 7℃,东风 ≤3级 /东风 ≤3级,晴,多云,21,7,东风,≤3级,东风,≤3级,day
2015-04-12 00:00:00,白云区,1、追尾的,负全部责任,不负责任,0,贵A44J78,黑,1,贵CCQ211,红,自培,-1,2006/11/21 0:00,-1,宝马,北京现代牌,726647000000000000 ,524132 ,198602,-1,0,6,4,周末,非高峰,2015-04-12,2015年4月12日,晴 /多云,21℃ / 7℃,东风 ≤3级 /东风 ≤3级,晴,多云,21,7,东风,≤3级,东风,≤3级,night
2015-04-12 00:00:00,小河,8、依法应负全责的其他情形,负全部责任,不负责任,1,赣CK0343,白色,1,贵GR9635,白色,自培,-1,2004/12/29 0:00,-1,\N,雪佛兰牌,54995500000000000 ,366862000000000000 ,198604,198404,0,6,4,周末,非高峰,2015-04-12,2015年4月12日,晴 /多云,21℃ / 7℃,东风 ≤3级 /东风 ≤3级,晴,多云,21,7,东风,≤3级,东风,≤3级,night
2015-04-12 10:20:00,新添大道,7、未按规定让行的 ,负全部责任,不负责任,1,贵AU9722,黄,1,贵AU0084,黄,-1,十一培,-1,1997/8/4 0:00,瑞麒牌,金龙牌,36606051924869627X,364547000000000000 ,198607,196804,10,6,4,周末,非高峰,2015-04-12,2015年4月12日,晴 /多云,21℃ / 7℃,东风 ≤3级 /东风 ≤3级,晴,多云,21,7,东风,≤3级,东风,≤3级,day
2015-04-12 16:30:00,中山东路,7、未按规定让行的 ,负全部责任,不负责任,1,贵A33M61,红,1,贵AU0208,蓝,-1,十一培,-1,1993/3/25 0:00,沃尔沃,万达牌,366546000000000000 ,36454751245667045X,198109,196012,16,6,4,周末,非高峰,2015-04-12,2015年4月12日,晴 /多云,21℃ / 7℃,东风 ≤3级 /东风 ≤3级,晴,多云,21,7,东风,≤3级,东风,≤3级,day
2015-04-12 12:57:00,解放路,7、未按规定让行的 ,负全部责任,不负责任,1,贵A25F28,银,1,贵ASZ165,银,顺一驾驶培训学校,十一培,2012/3/12 0:00,1995/5/22 0:00,奇瑞牌,蒙迪欧牌,364548000000000000 ,364548000000000000 ,195212,196308,12,6,4,周末,非高峰,2015-04-12,2015年4月12日,晴 /多云,21℃ / 7℃,东风 ≤3级 /东风 ≤3级,晴,多云,21,7,东风,≤3级,东风,≤3级,day
2015-04-12 11:15:00,市北路,8、依法应负全责的其他情形,负全部责任,不负责任,1,贵AFE703,白,1,贵AKS555,白,自培,十一培,2007/8/17 0:00,1994/10/31 0:00,东风牌,长安牌,366068000000000000 ,364548000000000000 ,197409,197502,11,6,4,周末,非高峰,2015-04-12,2015年4月12日,晴 /多云,21℃ / 7℃,东风 ≤3级 /东风 ≤3级,晴,多云,21,7,东风,≤3级,东风,≤3级,day
2015-04-12 10:20:00,盐务街,1、追尾的,负全部责任,不负责任,1,粤JE2945,白,1,贵AKT483,红,自培,十一培,2000/12/20 0:00,1994/10/4 0:00,宝马牌,福克斯牌,00426751234355303X,364556000000000000 ,196505,197308,10,6,4,周末,非高峰,2015-04-12,2015年4月12日,晴 /多云,21℃ / 7℃,东风 ≤3级 /东风 ≤3级,晴,多云,21,7,东风,≤3级,东风,≤3级,day
2015-04-12 11:20:00,金清大道,8、依法应负全责的其他情形,负全部责任,不负责任,1,贵AFC194,银,1,贵AU7428,蓝,自培,十一培,2004/7/28 0:00,1984/4/23 0:00,吉利牌,钱江牌,364547000000000000 ,364548000000000000 ,196101,196004,11,6,4,周末,非高峰,2015-04-12,2015年4月12日,晴 /多云,21℃ / 7℃,东风 ≤3级 /东风 ≤3级,晴,多云,21,7,东风,≤3级,东风,≤3级,day
2015-04-12 09:40:00,航天路,3、倒车的,负全部责任,不负责任,1,贵GM9778,白色,1,贵A86370,白色,自培,十一培,2013/10/9 0:00,1994/3/1 0:00,嘉陵牌,三铃牌,786164000000000000 ,364547000000000000 ,198308,196304,9,6,4,周末,早高峰(7-9点),2015-04-12,2015年4月12日,晴 /多云,21℃ / 7℃,东风 ≤3级 /东风 ≤3级,晴,多云,21,7,东风,≤3级,东风,≤3级,day
2015-04-12 11:20:00,乌当,8、依法应负全责的其他情形,负全部责任,不负责任,1,贵A7K067,银,1,贵AKC375,银,-1,自培,-1,2007/3/23 0:00,五菱牌,别克牌,364557000000000000 ,364548000000000000 ,196803,197101,11,6,4,周末,非高峰,2015-04-12,2015年4月12日,晴 /多云,21℃ / 7℃,东风 ≤3级 /东风 ≤3级,晴,多云,21,7,东风,≤3级,东风,≤3级,day
2015-04-12 12:50:00,白云区,9、不符合前8款规定或者双方同时具有上述情形的,负全部责任,不负责任,1,湘D1778B,黑,1,贵A7996L,红,-1,自培,-1,2006/1/6 0:00,大众牌,东南牌,济字第4950639,366670000000000000 ,4258,198411,12,6,4,周末,非高峰,2015-04-12,2015年4月12日,晴 /多云,21℃ / 7℃,东风 ≤3级 /东风 ≤3级,晴,多云,21,7,东风,≤3级,东风,≤3级,day
2015-04-12 11:00:00,蟠桃宫,8、依法应负全责的其他情形,负全部责任,不负责任,1,贵AKS891,白色,1,贵GT9929,白色,自培,-1,1986/10/30 0:00,-1,丰田牌,国威牌,364548000000000000 ,35467500000000000 ,196610,974102,11,6,4,周末,非高峰,2015-04-12,2015年4月12日,晴 /多云,21℃ / 7℃,东风 ≤3级 /东风 ≤3级,晴,多云,21,7,东风,≤3级,东风,≤3级,day
2015-04-12 14:49:00,金珠东路,8、依法应负全责的其他情形,负全部责任,不负责任,1,贵AED154,银,1,贵AK1112,银,-1,自培,-1,2004/11/4 0:00,东风日产牌,红旗牌,36634551264153521X,364556000000000000 ,196209,195307,14,6,4,周末,非高峰,2015-04-12,2015年4月12日,晴 /多云,21℃ / 7℃,东风 ≤3级 /东风 ≤3级,晴,多云,21,7,东风,≤3级,东风,≤3级,day
2015-04-12 15:30:00,思亲园,3、倒车的,负全部责任,不负责任,1,贵AC1899,蓝,1,贵A4CA64,白,（云岩区）省交通职业技术驾驶培训学校,时发驾校,2005/6/6 0:00,2012/6/13 0:00,威志牌,宝马牌,364548000000000000 ,366661000000000000 ,196501,198610,15,6,4,周末,非高峰,2015-04-12,2015年4月12日,晴 /多云,21℃ / 7℃,东风 ≤3级 /东风 ≤3级,晴,多云,21,7,东风,≤3级,东风,≤3级,day
2015-04-12 15:45:00,兴筑路,8、依法应负全责的其他情形,负全部责任,不负责任,1,贵A1362F,黑,1,贵A6AJ68,银,青正驾校,青正驾校,2010/12/16 0:00,2010/12/16 0:00,北京牌,长安牌,366361000000000000 ,366361000000000000 ,197911,197911,15,6,4,周末,非高峰,2015-04-12,2015年4月12日,晴 /多云,21℃ / 7℃,东风 ≤3级 /东风 ≤3级,晴,多云,21,7,东风,≤3级,东风,≤3级,day
2015-04-12 14:20:00,花孟大道,7、未按规定让行的 ,负全部责任,不负责任,1,贵A0BZ09,白色,1,贵A23B84,白色,自培,贵州省长安驾驶培训学校,2013/10/31 0:00,2011/6/27 0:00,东风标致牌,北京现代牌,366562000000000000 ,356767000000000000 ,196712,197207,14,6,4,周末,非高峰,2015-04-12,2015年4月12日,晴 /多云,21℃ / 7℃,东风 ≤3级 /东风 ≤3级,晴,多云,21,7,东风,≤3级,东风,≤3级,day
2015-04-12 15:00:00,大十字,5、开关车门的,负全部责任,不负责任,1,贵AU9704,绿,1,贵AU6047,绿,自培,自培,2000/7/26 0:00,2010/9/28 0:00,湘江牌,捷达牌,364547000000000000 ,344669000000000000 ,198111,198603,15,6,4,周末,非高峰,2015-04-12,2015年4月12日,晴 /多云,21℃ / 7℃,东风 ≤3级 /东风 ≤3级,晴,多云,21,7,东风,≤3级,东风,≤3级,day
2015-04-12 15:30:00,甲秀南路,1、追尾的,负全部责任,不负责任,1,贵AKE122,白色,1,贵ASK791,白色,（经开区）十一驾驶培训有限公司,-1,2005/1/25 0:00,-1,东风雪铁龙牌,奥迪牌,366367000000000000 ,266963000000000000 ,198104,197009,15,6,4,周末,非高峰,2015-04-12,2015年4月12日,晴 /多云,21℃ / 7℃,东风 ≤3级 /东风 ≤3级,晴,多云,21,7,东风,≤3级,东风,≤3级,day
2015-04-12 14:16:00,狮子山隧道,1、追尾的,负全部责任,不负责任,1,贵A5383B,银,1,贵9BC37,银,-1,吉源驾校,-1,2011/10/12 0:00,长安牌,-1,366568000000000000 ,364548000000000000 ,198703,198411,14,6,4,周末,非高峰,2015-04-12,2015年4月12日,晴 /多云,21℃ / 7℃,东风 ≤3级 /东风 ≤3级,晴,多云,21,7,东风,≤3级,东风,≤3级,day
2015-04-12 16:20:00,花溪,7、未按规定让行的 ,负全部责任,不负责任,1,云A5A964,白色,1,贵A12Y91,白色,-1,贵大驾校,-1,2005/2/24 0:00,长城牌,朗逸牌,366367000000000000 ,364556000000000000 ,197011,196602,16,6,4,周末,非高峰,2015-04-12,2015年4月12日,晴 /多云,21℃ / 7℃,东风 ≤3级 /东风 ≤3级,晴,多云,21,7,东风,≤3级,东风,≤3级,day
2015-04-12 15:30:00,黔林山路,1、追尾的,负全部责任,不负责任,1,贵AN8028,银,1,渝ANX242,银,（南明区）吉源驾驶培训有限公司,-1,2006/5/30 0:00,-1,华泰圣达菲牌,轩逸牌,366562000000000000 ,774368000000000000 ,197501,197811,15,6,4,周末,非高峰,2015-04-12,2015年4月12日,晴 /多云,21℃ / 7℃,东风 ≤3级 /东风 ≤3级,晴,多云,21,7,东风,≤3级,东风,≤3级,day
2015-04-12 14:20:00,西南环线,7、未按规定让行的 ,负全部责任,不负责任,1,渝BU4919,白色,1,贵AB386V,黑色,-1,预约考试窗口,-1,2007/7/12 0:00,无,梅赛德斯-奔驰牌,366068000000000000 ,366369000000000000 ,197408,198903,14,6,4,周末,非高峰,2015-04-12,2015年4月12日,晴 /多云,21℃ / 7℃,东风 ≤3级 /东风 ≤3级,晴,多云,21,7,东风,≤3级,东风,≤3级,day
2015-04-12 12:00:00,花二道,7、未按规定让行的 ,负全部责任,不负责任,1,贵DP2324,白色,1,粤X74712,白色,鑫鑫驾校,-1,2012/5/14 0:00,-1,铃木牌,轩逸牌,366670000000000000 ,57462500000000000 ,198302,197809,12,6,4,周末,非高峰,2015-04-12,2015年4月12日,晴 /多云,21℃ / 7℃,东风 ≤3级 /东风 ≤3级,晴,多云,21,7,东风,≤3级,东风,≤3级,day
2015-04-12 16:24:00,二戈寨,8、依法应负全责的其他情形,负全部责任,不负责任,1,贵A7G256,白色,1,贵ATA969,白色,-1,吉源驾校,-1,2015/2/4 0:00,东风标致牌,雪佛兰牌,366067000000000000 ,364547000000000000 ,199012,199212,16,6,4,周末,非高峰,2015-04-12,2015年4月12日,晴 /多云,21℃ / 7℃,东风 ≤3级 /东风 ≤3级,晴,多云,21,7,东风,≤3级,东风,≤3级,day
2015-04-12 18:30:00,花溪大道,1、追尾的,负全部责任,不负责任,1,贵AS0083,白色,1,贵AEC297,白色,-1,520109,-1,2009/8/3 0:00,隆鑫牌,朗逸牌,366363000000000000 ,366566000000000000 ,196304,197801,18,6,4,周末,晚高峰(17-19点),2015-04-12,2015年4月12日,晴 /多云,21℃ / 7℃,东风 ≤3级 /东风 ≤3级,晴,多云,21,7,东风,≤3级,东风,≤3级,day
2015-04-12 12:10:00,白云区,1、追尾的,负全部责任,不负责任,1,贵A84V82,黑,1,贵GV9311,黑,自培,消防驾校,2002/8/12 0:00,2014/11/4 0:00,东南牌,吉利全球鹰牌,36455751954357605X,356168000000000000 ,198105,197511,12,6,4,周末,非高峰,2015-04-12,2015年4月12日,晴 /多云,21℃ / 7℃,东风 ≤3级 /东风 ≤3级,晴,多云,21,7,东风,≤3级,东风,≤3级,day
2015-04-12 14:40:00,乌当,1、追尾的,负全部责任,不负责任,0,贵A23J41,白,1,贵A7AJ59,黄,景宏驾校,十一培,2012/4/16 0:00,1995/8/26 0:00,马自达牌,起亚牌,364548000000000000 ,364547000000000000 ,198909,197510,14,6,4,周末,非高峰,2015-04-12,2015年4月12日,晴 /多云,21℃ / 7℃,东风 ≤3级 /东风 ≤3级,晴,多云,21,7,东风,≤3级,东风,≤3级,day
2015-04-12 12:00:00,花溪大道,7、未按规定让行的 ,负全部责任,不负责任,1,川EZ6249,白色,1,贵A6AT08,白色,余庆县江北机动车驾驶培训学校,自培,2010/8/2 0:00,2002/4/20 0:00,哈弗牌,翼虎牌,36656151985543745X,366766000000000000 ,198711,198307,12,6,4,周末,非高峰,2015-04-12,2015年4月12日,晴 /多云,21℃ / 7℃,东风 ≤3级 /东风 ≤3级,晴,多云,21,7,东风,≤3级,东风,≤3级,day
2015-04-12 12:30:00,三桥,8、依法应负全责的其他情形,负全部责任,不负责任,1,贵FT1424,白,1,贵AQ2826,银,-1,自培,-1,2001/4/24 0:00,大众牌,北京现代牌,364646000000000000 ,366067000000000000 ,198501,197903,12,6,4,周末,非高峰,2015-04-12,2015年4月12日,晴 /多云,21℃ / 7℃,东风 ≤3级 /东风 ≤3级,晴,多云,21,7,东风,≤3级,东风,≤3级,day
2015-04-12 14:25:00,乌当, ,负全部责任,不负责任,1,贵A64S18,黑,0,贵A63S13,白,贵州现代驾驶培训责任有限公司,自培,2013/12/6 0:00,2002/12/1 0:00,起亚牌,思威牌,344607000000000000 ,364557000000000000 ,198610,197512,14,6,4,周末,非高峰,2015-04-12,2015年4月12日,晴 /多云,21℃ / 7℃,东风 ≤3级 /东风 ≤3级,晴,多云,21,7,东风,≤3级,东风,≤3级,day
2015-04-12 15:37:00,白金城,7、未按规定让行的 ,负全部责任,不负责任,1,贵A90559,红,1,贵AMA236,黑,自培,自培,2008/7/24 0:00,2002/12/22 0:00,豪泺牌,大众汽车牌,366563000000000000 ,364558000000000000 ,197707,197607,15,6,4,周末,非高峰,2015-04-12,2015年4月12日,晴 /多云,21℃ / 7℃,东风 ≤3级 /东风 ≤3级,晴,多云,21,7,东风,≤3级,东风,≤3级,day
2015-04-12 15:10:00,白云区,7、未按规定让行的 ,负全部责任,不负责任,1,贵A976A8,银,1,贵A15X58,黑,自培,自培,2008/5/6 0:00,2014/7/2 0:00,江淮牌,起亚牌,726647000000000000 ,366067000000000000 ,198711,198809,15,6,4,周末,非高峰,2015-04-12,2015年4月12日,晴 /多云,21℃ / 7℃,东风 ≤3级 /东风 ≤3级,晴,多云,21,7,东风,≤3级,东风,≤3级,day
2015-04-12 17:00:00,北京西路,7、未按规定让行的 ,负全部责任,不负责任,1,贵A1701B,白,1,贵F50691,红,-1,-1,-1,-1,飞度,奇瑞牌,366067000000000000 ,366063000000000000 ,195509,198203,17,6,4,周末,晚高峰(17-19点),2015-04-12,2015年4月12日,晴 /多云,21℃ / 7℃,东风 ≤3级 /东风 ≤3级,晴,多云,21,7,东风,≤3级,东风,≤3级,day
2015-04-12 16:40:00,头桥,7、未按规定让行的 ,负全部责任,不负责任,1,贵AW9067,白色,1,贵GGB829,白色,-1,-1,-1,-1,喜力牌,北京牌,3660651804665045X,366067000000000000 ,974022,198807,16,6,4,周末,非高峰,2015-04-12,2015年4月12日,晴 /多云,21℃ / 7℃,东风 ≤3级 /东风 ≤3级,晴,多云,21,7,东风,≤3级,东风,≤3级,day
2015-04-12 19:30:00,北京西路,3、倒车的,负全部责任,不负责任,1,贵A1560P,白,0,贵A68M59,白,黔西县宏远黔职驾校有限公司,顺一驾驶培训学校,-1,2013/11/27 0:00,哈弗牌,朗风牌,36464651215654043X,366568000000000000 ,196912,197811,19,6,4,周末,晚高峰(17-19点),2015-04-12,2015年4月12日,晴 /多云,21℃ / 7℃,东风 ≤3级 /东风 ≤3级,晴,多云,21,7,东风,≤3级,东风,≤3级,day
2015-04-12 17:40:00,省医,7、未按规定让行的 ,负全部责任,不负责任,1,贵AU5232,绿,1,贵A7BV20,白,鑫鑫驾校,520134,2006/4/4 0:00,2007/11/5 0:00,嘉陵牌,翼搏牌,366367000000000000 ,364548000000000000 ,197204,198902,17,6,4,周末,晚高峰(17-19点),2015-04-12,2015年4月12日,晴 /多云,21℃ / 7℃,东风 ≤3级 /东风 ≤3级,晴,多云,21,7,东风,≤3级,东风,≤3级,day
2015-04-12 18:30:00,沙冲路,7、未按规定让行的 ,负全部责任,不负责任,1,鄂D5K347,银,1,贵AU6754,蓝,-1,99,-1,2010/1/15 0:00,东风牌,蜀都牌,344678000000000000 ,366664000000000000 ,199009,198108,18,6,4,周末,晚高峰(17-19点),2015-04-12,2015年4月12日,晴 /多云,21℃ / 7℃,东风 ≤3级 /东风 ≤3级,晴,多云,21,7,东风,≤3级,东风,≤3级,day
2015-04-12 15:20:00,兴筑路,1、追尾的,负全部责任,不负责任,1,贵A91834,黄,1,贵FL9323,银,毕节地区金春汽车驾驶培训学校,六盘水市达安驾驶培训学校,-1,-1,福田牌,五菱牌,366067000000000000 ,364646000000000000 ,198409,197504,15,6,4,周末,非高峰,2015-04-12,2015年4月12日,晴 /多云,21℃ / 7℃,东风 ≤3级 /东风 ≤3级,晴,多云,21,7,东风,≤3级,东风,≤3级,day
2015-04-12 16:30:00,花果园,7、未按规定让行的 ,负全部责任,不负责任,1,川A101QQ,白色,1,贵A78S68,白色,-1,蓝天驾校,-1,2012/5/2 0:00,长城牌,SRX(E5),355566000000000000 ,364557000000000000 ,197201,198801,16,6,4,周末,非高峰,2015-04-12,2015年4月12日,晴 /多云,21℃ / 7℃,东风 ≤3级 /东风 ≤3级,晴,多云,21,7,东风,≤3级,东风,≤3级,day
2015-04-14 08:40:00,乌当,1、追尾的,负全部责任,不负责任,1,贵A47U88,银,1,粤BY561K,黑,鑫鑫驾校,-1,2011/11/10 0:00,-1,-1,轩逸牌,364548000000000000 ,364548000000000000 ,196405,197601,8,1,4,工作日,早高峰(7-9点),2015-04-14,2015年4月14日,晴 /多云,22℃ / 9℃,东风 ≤3级 /东风 ≤3级,晴,多云,22,9,东风,≤3级,东风,≤3级,day
2015-04-13 00:00:00,花果园,1、追尾的,负全部责任,不负责任,1,贵AB588B,白色,1,贵ALT177,白色,520119,自培,2008/1/16 0:00,2012/9/3 0:00,精灵,长安牌,364557000000000000 ,364548000000000000 ,198906,198906,0,0,4,工作日,非高峰,2015-04-13,2015年4月13日,晴 /多云,23℃ / 8℃,东北风 ≤3级 /东北风 ≤3级,晴,多云,23,8,东北风,≤3级,东北风,≤3级,night
2015-04-13 07:40:00,世纪城,1、追尾的,负全部责任,不负责任,1,贵A89J21,白,1,贵CG4685,银,-1,新天驾校,-1,2013/10/30 0:00,雪佛兰牌,华泰圣达菲牌,366061000000000000 ,35746551925657967X,198110,198612,7,0,4,工作日,早高峰(7-9点),2015-04-13,2015年4月13日,晴 /多云,23℃ / 8℃,东北风 ≤3级 /东北风 ≤3级,晴,多云,23,8,东北风,≤3级,东北风,≤3级,day
2015-04-13 07:40:00,小关,8、依法应负全责的其他情形,负全部责任,不负责任,1,贵GGB466,黑,1,贵AU2733,北,（白云区）景宏驾驶培训有限公司,520114,2006/9/1 0:00,2008/8/11 0:00,长安牌,瑞麒牌,364556000000000000 ,354662000000000000 ,197805,197612,7,0,4,工作日,早高峰(7-9点),2015-04-13,2015年4月13日,晴 /多云,23℃ / 8℃,东北风 ≤3级 /东北风 ≤3级,晴,多云,23,8,东北风,≤3级,东北风,≤3级,day
2015-04-12 18:30:00,景云山,7、未按规定让行的 ,负全部责任,不负责任,1,贵A22986,白,1,贵A3257J,红,自培,预约考试窗口,2002/10/18 0:00,2006/10/22 0:00,巴山牌,夏利牌,366869000000000000 ,364557000000000000 ,196409,197210,18,6,4,周末,晚高峰(17-19点),2015-04-12,2015年4月12日,晴 /多云,21℃ / 7℃,东风 ≤3级 /东风 ≤3级,晴,多云,21,7,东风,≤3级,东风,≤3级,day
2015-04-12 17:50:00,83,1、追尾的,负全部责任,不负责任,1,贵A170E5,白,1,贵AU7247,蓝,自培,时法驾校,2007/9/13 0:00,2006/4/4 0:00,解放牌,福田牌,366367000000000000 ,364557000000000000 ,198307,198005,17,6,4,周末,晚高峰(17-19点),2015-04-12,2015年4月12日,晴 /多云,21℃ / 7℃,东风 ≤3级 /东风 ≤3级,晴,多云,21,7,东风,≤3级,东风,≤3级,day
2015-04-12 18:20:00,俊发城,1、追尾的,负全部责任,不负责任,1,贵A556E2,白,1,贵ACK852,蓝,自培,十一培,2013/7/24 0:00,1998/8/6 0:00,长安牌,长城牌,784698000000000000 ,364548000000000000 ,198204,197402,18,6,4,周末,晚高峰(17-19点),2015-04-12,2015年4月12日,晴 /多云,21℃ / 7℃,东风 ≤3级 /东风 ≤3级,晴,多云,21,7,东风,≤3级,东风,≤3级,day
2015-04-12 19:00:00,苗圃隧道,1、追尾的,负全部责任,不负责任,1,贵A96R71,白色,1,贵A4BE64,白色,-1,自培,-1,2004/4/15 0:00,迷你,北京现代牌,3645475189568325X,364548000000000000 ,197812,197406,19,6,4,周末,晚高峰(17-19点),2015-04-12,2015年4月12日,晴 /多云,21℃ / 7℃,东风 ≤3级 /东风 ≤3级,晴,多云,21,7,东风,≤3级,东风,≤3级,day
2015-04-12 18:20:00,沙冲路,7、未按规定让行的 ,负全部责任,不负责任,1,贵A55F59,白,1,贵AU6116,蓝,自培,自培,2004/5/12 0:00,2000/3/1 0:00,蒙迪欧牌,捷达牌,364547000000000000 ,364547000000000000 ,198303,197802,18,6,4,周末,晚高峰(17-19点),2015-04-12,2015年4月12日,晴 /多云,21℃ / 7℃,东风 ≤3级 /东风 ≤3级,晴,多云,21,7,东风,≤3级,东风,≤3级,day
2015-04-12 18:00:00,航天路,7、未按规定让行的 ,负全部责任,不负责任,1,贵JK5479,黑,1,贵A9877W,白,自培,自培,2009/8/11 0:00,2003/11/28 0:00,江铃牌,别克牌,366875000000000000 ,364557000000000000 ,196809,195907,18,6,4,周末,晚高峰(17-19点),2015-04-12,2015年4月12日,晴 /多云,21℃ / 7℃,东风 ≤3级 /东风 ≤3级,晴,多云,21,7,东风,≤3级,东风,≤3级,day
2015-04-13 07:30:00,万江路,7、未按规定让行的 ,负全部责任,不负责任,1,贵AJE752,银,1,贵A27Y96,银,全林驾校,顺一驾驶培训学校,2013/3/5 0:00,1998/4/14 0:00,豪情牌,雪佛兰牌,366361000000000000 ,364566000000000000 ,197404,196309,7,0,4,工作日,早高峰(7-9点),2015-04-13,2015年4月13日,晴 /多云,23℃ / 8℃,东北风 ≤3级 /东北风 ≤3级,晴,多云,23,8,东北风,≤3级,东北风,≤3级,day