accidenttime,accidentaddr,driver1fault,driver1responsibility,driver2responsibility,sex1,platenumber1,carcolor1,sex2,platenumber2,carcolor2,jxmc1,jxmc2,cclzrq1,cclzrq2,clpp1,clpp2,driver1license,driver2license,brith1,brith2,hour,weekday,month,is_weekday,peak_hour,date,日期,天气状况,气温,风力风向,day_wea,night_wea,day_tep,night_tep,day_wind_direction,day_wind_speed,night_wind_direction,night_wind_speed,segment
2015-04-12 21:20:00,金阳北路,7、未按规定让行的 ,负全部责任,不负责任,1,贵AA688Y,白,1,贵A5BN02,白,消防驾校,蓝天驾校,2014/9/17 0:00,2012/8/27 0:00,北京现代牌,长安牌,364558000000000000 ,364558000000000000 ,197707,198711,21,6,4,周末,非高峰,2015-04-12,2015年4月12日,晴 /多云,21℃ / 7℃,东风 ≤3级 /东风 ≤3级,晴,多云,21,7,东风,≤3级,东风,≤3级,night
2015-04-12 19:00:00,花溪,7、未按规定让行的 ,负全部责任,不负责任,1,贵AJJ221,白色,1,贵A5AB05,白色,-1,-1,1973/7/27 0:00,-1,解放牌,-1,366546000000000000 ,366766000000000000 ,195102,197909,19,6,4,周末,晚高峰(17-19点),2015-04-12,2015年4月12日,晴 /多云,21℃ / 7℃,东风 ≤3级 /东风 ≤3级,晴,多云,21,7,东风,≤3级,东风,≤3级,day
2015-04-12 19:40:00,新添寨,8、依法应负全责的其他情形,负全部责任,不负责任,1,鄂F6C796,白,1,川RK0029,白,-1,520106,-1,-1,长城牌,北京现代牌 ,06476551144359305X,355741000000000000 ,199005,199010,19,6,4,周末,晚高峰(17-19点),2015-04-12,2015年4月12日,晴 /多云,21℃ / 7℃,东风 ≤3级 /东风 ≤3级,晴,多云,21,7,东风,≤3级,东风,≤3级,day
2015-04-13 08:00:00,二桥,8、依法应负全责的其他情形,负全部责任,不负责任,1,贵AAR574,银,1,贵AA681B,黑,-1,-1,-1,-1,万虎牌,东风日产牌,36454700000000000 ,366575000000000000 ,963060,197707,8,0,4,工作日,早高峰(7-9点),2015-04-13,2015年4月13日,晴 /多云,23℃ / 8℃,东北风 ≤3级 /东北风 ≤3级,晴,多云,23,8,东北风,≤3级,东北风,≤3级,day
2015-04-13 08:10:00,兴关路,6、违反交通信号的,负全部责任,不负责任,1,贵AJ5888,红,1,贵AZA258,黑,-1,诚信驾驶培训学校,-1,2010/4/26 0:00,隆鑫牌,大众牌,356668000000000000 ,364548000000000000 ,197502,199009,8,0,4,工作日,早高峰(7-9点),2015-04-13,2015年4月13日,晴 /多云,23℃ / 8℃,东北风 ≤3级 /东北风 ≤3级,晴,多云,23,8,东北风,≤3级,东北风,≤3级,day
2015-04-13 08:10:00,杨家山,1、追尾的,负全部责任,不负责任,1,贵APE078,黑,0,贵GT7995,黑,蓝天驾校,蓝天驾校,2006/6/9 0:00,2014/7/20 0:00,吉利牌,雪佛兰牌,36455651814167477X,26436751984163504X,197909,198709,8,0,4,工作日,早高峰(7-9点),2015-04-13,2015年4月13日,晴 /多云,23℃ / 8℃,东北风 ≤3级 /东北风 ≤3级,晴,多云,23,8,东北风,≤3级,东北风,≤3级,day
2015-04-13 08:10:00,新添寨,1、追尾的,负全部责任,不负责任,1,贵GM3722,白,1,贵HCL373,白,金大驾校,鑫鑫驾校,2013/10/16 0:00,2014/1/10 0:00,马自达牌,吉利牌,366346000000000000 ,364567000000000000 ,197810,198806,8,0,4,工作日,早高峰(7-9点),2015-04-13,2015年4月13日,晴 /多云,23℃ / 8℃,东北风 ≤3级 /东北风 ≤3级,晴,多云,23,8,东北风,≤3级,东北风,≤3级,day
2015-04-13 08:30:00,花溪大道,7、未按规定让行的 ,负全部责任,不负责任,1,贵AS0749,白色,1,贵A8BY33,白色,（南明区）阳光驾驶培训有限公司,铁二局驾校（南明区）,2004/12/1 0:00,2015/3/3 0:00,宗申牌,别克牌,364556000000000000 ,364648000000000000 ,196904,197401,8,0,4,工作日,早高峰(7-9点),2015-04-13,2015年4月13日,晴 /多云,23℃ / 8℃,东北风 ≤3级 /东北风 ≤3级,晴,多云,23,8,东北风,≤3级,东北风,≤3级,day
2015-04-13 08:00:00,头桥,7、未按规定让行的 ,负全部责任,不负责任,1,贵A78N19,白,1,贵AR3346,银,自培,-1,2006/6/12 0:00,-1,飞度牌,雪佛兰牌,364548000000000000 ,36566500000000000 ,198402,199211,8,0,4,工作日,早高峰(7-9点),2015-04-13,2015年4月13日,晴 /多云,23℃ / 8℃,东北风 ≤3级 /东北风 ≤3级,晴,多云,23,8,东北风,≤3级,东北风,≤3级,day
2015-04-13 08:15:00,金阳,8、依法应负全责的其他情形,负全部责任,不负责任,1,贵GV1005,白,1,贵AH5054,银,（南明区）铁二局驾驶培训有限公司,-1,2007/12/26 0:00,-1,迷你,东风日产牌,364558000000000000 ,366363000000000000 ,198112,196304,8,0,4,工作日,早高峰(7-9点),2015-04-13,2015年4月13日,晴 /多云,23℃ / 8℃,东北风 ≤3级 /东北风 ≤3级,晴,多云,23,8,东北风,≤3级,东北风,≤3级,day
2015-04-12 23:05:00,白云区,8、依法应负全责的其他情形,负全部责任,不负责任,1,贵J83452,银,1,贵A7379G,银,自培,景宏驾校,-1,2011/6/15 0:00,五菱牌,波罗牌,36656851854153837X,366068000000000000 ,197109,198004,23,6,4,周末,非高峰,2015-04-12,2015年4月12日,晴 /多云,21℃ / 7℃,东风 ≤3级 /东风 ≤3级,晴,多云,21,7,东风,≤3级,东风,≤3级,night
2015-04-13 08:30:00,清溪路,7、未按规定让行的 ,负全部责任,不负责任,1,贵A6720L,白色,1,贵A5AH88,白色,黔丰驾校,长运驾校,2012/1/16 0:00,2012/1/4 0:00,东南牌,福特牌,364556000000000000 ,366568000000000000 ,198711,197608,8,0,4,工作日,早高峰(7-9点),2015-04-13,2015年4月13日,晴 /多云,23℃ / 8℃,东北风 ≤3级 /东北风 ≤3级,晴,多云,23,8,东北风,≤3级,东北风,≤3级,day
2015-04-13 00:00:00,金竹镇,4、停车时未挂低速档、未拉驻车制动，导致车辆滑行的,负全部责任,不负责任,1,贵A9085T,白色,1,贵A406G8,白色,-1,贵州晨运驾驶培训学校,-1,2006/10/19 0:00,长安牌,解放牌,364648000000000000 ,364596000000000000 ,198612,198609,0,0,4,工作日,非高峰,2015-04-13,2015年4月13日,晴 /多云,23℃ / 8℃,东北风 ≤3级 /东北风 ≤3级,晴,多云,23,8,东北风,≤3级,东北风,≤3级,night
2015-04-13 08:15:00,花溪,1、追尾的,负全部责任,不负责任,1,贵AX5408,蓝,1,渝C52N28,黑,-1,兴黔,-1,2005/3/9 0:00,奇瑞牌,马自达牌,344664000000000000 ,354670000000000000 ,199002,196703,8,0,4,工作日,早高峰(7-9点),2015-04-13,2015年4月13日,晴 /多云,23℃ / 8℃,东北风 ≤3级 /东北风 ≤3级,晴,多云,23,8,东北风,≤3级,东北风,≤3级,day
2015-04-13 08:00:00,中山中路,7、未按规定让行的 ,负全部责任,不负责任,1,贵AWZ988,白,0,贵A54C58,白,六枝特区顺安机动车驾驶培训学校有限公司,-1,2010/2/11 0:00,-1,雪佛兰牌,福克斯牌,36454751985451697X,364548000000000000 ,198710,197704,8,0,4,工作日,早高峰(7-9点),2015-04-13,2015年4月13日,晴 /多云,23℃ / 8℃,东北风 ≤3级 /东北风 ≤3级,晴,多云,23,8,东北风,≤3级,东北风,≤3级,day
2015-04-13 07:50:00,大营坡,1、追尾的,负全部责任,不负责任,1,贵AV7677,银,1,贵A14R27,红,自培,（乌当区）新华驾驶培训有限公司,2006/9/18 0:00,1998/10/29 0:00,三野牌,大众汽车牌,364547000000000000 ,364548000000000000 ,198705,197407,7,0,4,工作日,早高峰(7-9点),2015-04-13,2015年4月13日,晴 /多云,23℃ / 8℃,东北风 ≤3级 /东北风 ≤3级,晴,多云,23,8,东北风,≤3级,东北风,≤3级,day
2015-04-12 20:50:00,白金城,3、倒车的,负全部责任,不负责任,1,贵A5922E,银,1,贵AN2348,银,自培,-1,2009/11/20 0:00,-1,东风牌,万虎牌,74365500000000000 ,364596000000000000 ,198909,199411,20,6,4,周末,非高峰,2015-04-12,2015年4月12日,晴 /多云,21℃ / 7℃,东风 ≤3级 /东风 ≤3级,晴,多云,21,7,东风,≤3级,东风,≤3级,night
2015-04-13 03:00:00,小河,7、未按规定让行的 ,负全部责任,不负责任,1,贵A15P18,白色,1,贵AC686J,白色,自培,-1,2003/7/12 0:00,-1,宝马牌,大众牌,36656151964145645X,36606800000000000 ,198209,198912,3,0,4,工作日,非高峰,2015-04-13,2015年4月13日,晴 /多云,23℃ / 8℃,东北风 ≤3级 /东北风 ≤3级,晴,多云,23,8,东北风,≤3级,东北风,≤3级,night
2015-04-13 05:00:00,青山小区,3、倒车的,负全部责任,不负责任,1,贵A0734H,白色,1,贵AU6816,白色,鑫鑫驾校,十一培,2012/11/9 0:00,1996/8/25 0:00,五菱牌,捷达牌,366068000000000000 ,36454751394560767X,197601,195801,5,0,4,工作日,非高峰,2015-04-13,2015年4月13日,晴 /多云,23℃ / 8℃,东北风 ≤3级 /东北风 ≤3级,晴,多云,23,8,东北风,≤3级,东北风,≤3级,night
2015-04-12 19:25:00,四方河,7、未按规定让行的 ,负全部责任,不负责任,1,贵B99561,白色,1,贵A7AM89,白色,安顺市公共交通驾驶培训学校,自培,2011/2/15 0:00,2002/8/12 0:00,长城牌,东风雪铁龙牌,366569000000000000 ,364551000000000000 ,198604,198206,19,6,4,周末,晚高峰(17-19点),2015-04-12,2015年4月12日,晴 /多云,21℃ / 7℃,东风 ≤3级 /东风 ≤3级,晴,多云,21,7,东风,≤3级,东风,≤3级,day
2015-04-13 08:27:00,白云区,8、依法应负全责的其他情形,负全部责任,不负责任,0,贵AW0425,黄,1,贵A90933,黄,-1,自培,-1,2003/9/16 0:00,福克斯牌,钱江牌,366367000000000000 ,366363000000000000 ,196805,198208,8,0,4,工作日,早高峰(7-9点),2015-04-13,2015年4月13日,晴 /多云,23℃ / 8℃,东北风 ≤3级 /东北风 ≤3级,晴,多云,23,8,东北风,≤3级,东北风,≤3级,day
2015-04-13 07:30:00,云峰大道,7、未按规定让行的 ,负全部责任,不负责任,1,贵A3479C ,黑,0,贵AUX454,红,（南明区）金大驾驶培训有限公司,自培,2008/12/17 0:00,2002/4/28 0:00,-1,凯迪拉克,366361000000000000 ,364557000000000000 ,197707,198109,7,0,4,工作日,早高峰(7-9点),2015-04-13,2015年4月13日,晴 /多云,23℃ / 8℃,东北风 ≤3级 /东北风 ≤3级,晴,多云,23,8,东北风,≤3级,东北风,≤3级,day
2015-04-12 19:30:00,花溪,7、未按规定让行的 ,负全部责任,不负责任,1,贵AVV429,白色,1,贵A2019U,白色,十一培,自培,1998/6/22 0:00,2011/5/3 0:00,江铃牌,雪佛兰牌,364556000000000000 ,364556000000000000 ,197806,197401,19,6,4,周末,晚高峰(17-19点),2015-04-12,2015年4月12日,晴 /多云,21℃ / 7℃,东风 ≤3级 /东风 ≤3级,晴,多云,21,7,东风,≤3级,东风,≤3级,day
2015-04-13 08:30:00,观山东路,8、依法应负全责的其他情形,负全部责任,不负责任,1,贵A88651,黑,1,贵A71W79,银,-1,贵大佳德驾驶培训学校,-1,2011/10/19 0:00,雷克萨斯,别克牌,344678000000000000 ,366064000000000000 ,198901,198106,8,0,4,工作日,早高峰(7-9点),2015-04-13,2015年4月13日,晴 /多云,23℃ / 8℃,东北风 ≤3级 /东北风 ≤3级,晴,多云,23,8,东北风,≤3级,东北风,≤3级,day
2015-04-13 09:27:00,小河,1、追尾的,负全部责任,不负责任,1,贵A55738,白色,1,贵AU8298,白色,-1,蓝天驾校,-1,2010/12/28 0:00,解放,瑞麒牌,344671000000000000 ,366064000000000000 ,198712,198112,9,0,4,工作日,早高峰(7-9点),2015-04-13,2015年4月13日,晴 /多云,23℃ / 8℃,东北风 ≤3级 /东北风 ≤3级,晴,多云,23,8,东北风,≤3级,东北风,≤3级,day
2015-04-13 09:30:00,白云区,7、未按规定让行的 ,负全部责任,不负责任,0,贵A8884A,黑,1,贵A6706A,白,-1,通发驾校,-1,2014/11/17 0:00,长城牌,北京现代牌,72474651865542485X,364567000000000000 ,197211,198707,9,0,4,工作日,早高峰(7-9点),2015-04-13,2015年4月13日,晴 /多云,23℃ / 8℃,东北风 ≤3级 /东北风 ≤3级,晴,多云,23,8,东北风,≤3级,东北风,≤3级,day
2015-04-13 09:55:00,金源街,1、追尾的,负全部责任,不负责任,1,贵A21N51,白,1,贵A3018S,黑,-1,-1,-1,-1,丰田牌,大众汽车牌,726067000000000000 ,706346000000000000 ,198910,198110,9,0,4,工作日,早高峰(7-9点),2015-04-13,2015年4月13日,晴 /多云,23℃ / 8℃,东北风 ≤3级 /东北风 ≤3级,晴,多云,23,8,东北风,≤3级,东北风,≤3级,day
2015-04-13 10:00:00,北京西路,7、未按规定让行的 ,负全部责任,不负责任,1,贵AU5357,白色,1,贵AU7951,白色,-1,自培,-1,1998/9/25 0:00,宗申牌,豪爵牌,366067000000000000 ,366368000000000000 ,197210,197209,10,0,4,工作日,非高峰,2015-04-13,2015年4月13日,晴 /多云,23℃ / 8℃,东北风 ≤3级 /东北风 ≤3级,晴,多云,23,8,东北风,≤3级,东北风,≤3级,day
2015-04-13 08:55:00,陈亮,7、未按规定让行的 ,负全部责任,不负责任,1,贵FZ0549,白色,1,贵A6666F,白色,-1,-1,-1,-1,斯柯达牌,锋范牌,366068000000000000 ,364556000000000000 ,199002,198501,8,0,4,工作日,早高峰(7-9点),2015-04-13,2015年4月13日,晴 /多云,23℃ / 8℃,东北风 ≤3级 /东北风 ≤3级,晴,多云,23,8,东北风,≤3级,东北风,≤3级,day
2015-04-13 09:20:00,甲秀中路,7、未按规定让行的 ,负全部责任,不负责任,1,贵AHQ923,白色,1,贵A98078,白色,（南明区）阳光驾驶培训有限公司,青正驾校,2007/7/25 0:00,2001/5/25 0:00,金杯牌,五星牌,366875000000000000 ,364558000000000000 ,197504,196311,9,0,4,工作日,早高峰(7-9点),2015-04-13,2015年4月13日,晴 /多云,23℃ / 8℃,东北风 ≤3级 /东北风 ≤3级,晴,多云,23,8,东北风,≤3级,东北风,≤3级,day
2015-04-13 08:23:00,次南门,7、未按规定让行的 ,负全部责任,不负责任,1,贵A4BL01,白,1,贵A89G73,红,（南明区）吉源驾驶培训有限公司,鑫鑫驾校,2009/1/19 0:00,2015/2/5 0:00,马自达牌,东风雪铁龙牌,364547000000000000 ,364548000000000000 ,198308,197111,8,0,4,工作日,早高峰(7-9点),2015-04-13,2015年4月13日,晴 /多云,23℃ / 8℃,东北风 ≤3级 /东北风 ≤3级,晴,多云,23,8,东北风,≤3级,东北风,≤3级,day
2015-04-13 09:30:00,西二环,1、追尾的,负全部责任,不负责任,1,贵AEH318,白色,1,贵GS2599,白色,（乌当区）全林驾驶培训有限公司,铜仁地区锦宏驾校,2009/11/19 0:00,-1,东风雪铁龙牌,奥迪,364548000000000000 ,366663000000000000 ,196505,197310,9,0,4,工作日,早高峰(7-9点),2015-04-13,2015年4月13日,晴 /多云,23℃ / 8℃,东北风 ≤3级 /东北风 ≤3级,晴,多云,23,8,东北风,≤3级,东北风,≤3级,day
2015-04-13 08:41:00,八匹马,1、追尾的,负全部责任,不负责任,1,贵A36H37,黑,1,贵AKR019,黑,自培,520126,2006/10/19 0:00,2009/12/22 0:00,翼搏牌,扬子牌,366263000000000000 ,366363000000000000 ,198410,196312,8,0,4,工作日,早高峰(7-9点),2015-04-13,2015年4月13日,晴 /多云,23℃ / 8℃,东北风 ≤3级 /东北风 ≤3级,晴,多云,23,8,东北风,≤3级,东北风,≤3级,day
2015-04-13 08:40:00,白云区,1、追尾的,负全部责任,不负责任,1,贵A738C9,白,1,贵A22B46,银,贵州省遵义汽车运输集团源丰交通驾驶培训有限责任公司,四川省蜀安驾校,-1,2009/7/24 0:00,五十铃牌,朗逸牌,366566000000000000 ,364558000000000000 ,199011,198805,8,0,4,工作日,早高峰(7-9点),2015-04-13,2015年4月13日,晴 /多云,23℃ / 8℃,东北风 ≤3级 /东北风 ≤3级,晴,多云,23,8,东北风,≤3级,东北风,≤3级,day
2015-04-13 08:40:00,明珠大道,7、未按规定让行的 ,负全部责任,不负责任,1,贵A933C5,白色,1,贵AA745W,白色,自培,贵州现代驾驶培训责任有限公司,2005/8/19 0:00,2014/8/7 0:00,东风牌,起亚,364556000000000000 ,364556000000000000 ,198706,196909,8,0,4,工作日,早高峰(7-9点),2015-04-13,2015年4月13日,晴 /多云,23℃ / 8℃,东北风 ≤3级 /东北风 ≤3级,晴,多云,23,8,东北风,≤3级,东北风,≤3级,day
2015-04-13 08:10:00,白云区,7、未按规定让行的 ,负全部责任,不负责任,1,贵A2E822,黑,0,贵A09105,银,贵阳万里圣驾校,消防驾校,2014/11/25 0:00,2012/2/20 0:00,吉利牌,宝龙,366064000000000000 ,366064000000000000 ,197308,197905,8,0,4,工作日,早高峰(7-9点),2015-04-13,2015年4月13日,晴 /多云,23℃ / 8℃,东北风 ≤3级 /东北风 ≤3级,晴,多云,23,8,东北风,≤3级,东北风,≤3级,day
2015-04-13 10:30:00,观水路,1、追尾的,负全部责任,不负责任,1,贵AMR877,白色,1,贵JAT331,白色,-1,顺一驾驶培训学校,-1,2014/6/26 0:00,众泰牌,起亚牌,364547000000000000 ,364548000000000000 ,196004,196906,10,0,4,工作日,非高峰,2015-04-13,2015年4月13日,晴 /多云,23℃ / 8℃,东北风 ≤3级 /东北风 ≤3级,晴,多云,23,8,东北风,≤3级,东北风,≤3级,day
2015-04-13 10:30:00,冒沙井,7、未按规定让行的 ,负同等责任,负同等责任,1,贵A82J49,银,1,贵AU6482,绿,-1,自培,-1,2002/2/27 0:00,北京现代牌,钱江牌,366361000000000000 ,364548000000000000 ,198408,197106,10,0,4,工作日,非高峰,2015-04-13,2015年4月13日,晴 /多云,23℃ / 8℃,东北风 ≤3级 /东北风 ≤3级,晴,多云,23,8,东北风,≤3级,东北风,≤3级,day
2015-04-13 09:30:00,区政府,3、倒车的,负全部责任,不负责任,1,贵A22P82,黑,0,贵ANG564,白,自培,消防驾校,2011/12/7 0:00,2011/8/2 0:00,长安牌,宝马,364558000000000000 ,355266000000000000 ,197802,198707,9,0,4,工作日,早高峰(7-9点),2015-04-13,2015年4月13日,晴 /多云,23℃ / 8℃,东北风 ≤3级 /东北风 ≤3级,晴,多云,23,8,东北风,≤3级,东北风,≤3级,day
2015-04-13 09:11:00,贵开路,7、未按规定让行的 ,负全部责任,不负责任,1,贵AFV346,银,1,贵A56N66,银,自培,诚信驾驶培训学校,2004/11/17 0:00,2013/4/3 0:00,起亚牌,吉利牌,355468000000000000 ,356168000000000000 ,197004,195609,9,0,4,工作日,早高峰(7-9点),2015-04-13,2015年4月13日,晴 /多云,23℃ / 8℃,东北风 ≤3级 /东北风 ≤3级,晴,多云,23,8,东北风,≤3级,东北风,≤3级,day
2015-04-13 11:00:00,兴隆花园,7、未按规定让行的 ,负全部责任,不负责任,1,贵JBQ661,白色,1,贵AMF689,白色,自培,520106,2001/7/12 0:00,2009/4/22 0:00,北京现代牌,金旅牌,364557000000000000 ,364556000000000000 ,196403,198609,11,0,4,工作日,非高峰,2015-04-13,2015年4月13日,晴 /多云,23℃ / 8℃,东北风 ≤3级 /东北风 ≤3级,晴,多云,23,8,东北风,≤3级,东北风,≤3级,day
2015-04-13 10:40:00,白云南路,1、追尾的,负全部责任,不负责任,1,贵A0770A,黄,0,贵GN3156,银,自培,景宏驾校,2002/10/22 0:00,2012/2/29 0:00,胜达,思域牌,364558000000000000 ,364596000000000000 ,198111,198705,10,0,4,工作日,非高峰,2015-04-13,2015年4月13日,晴 /多云,23℃ / 8℃,东北风 ≤3级 /东北风 ≤3级,晴,多云,23,8,东北风,≤3级,东北风,≤3级,day
2015-04-13 09:10:00,白云区,7、未按规定让行的 ,负全部责任,不负责任,1,贵A090F9, 白,1,贵A81019,白,-1,十一培,-1,1995/7/10 0:00,江铃牌,指南者,366061000000000000 ,366364000000000000 ,196810,196706,9,0,4,工作日,早高峰(7-9点),2015-04-13,2015年4月13日,晴 /多云,23℃ / 8℃,东北风 ≤3级 /东北风 ≤3级,晴,多云,23,8,东北风,≤3级,东北风,≤3级,day
2015-04-13 08:00:00,小河,7、未按规定让行的 ,负全部责任,不负责任,1,贵GY3023,白色,1,贵A6751W,白色,（观山湖区）诚信驾驶培训有限公司,十一培,2010/8/6 0:00,1999/7/29 0:00,大众汽车牌,大众汽车牌,364547000000000000 ,366368000000000000 ,197012,197801,8,0,4,工作日,早高峰(7-9点),2015-04-13,2015年4月13日,晴 /多云,23℃ / 8℃,东北风 ≤3级 /东北风 ≤3级,晴,多云,23,8,东北风,≤3级,东北风,≤3级,day
2015-04-13 09:15:00,瑞北路,8、依法应负全责的其他情形,负全部责任,不负责任,0,贵A9958W,红,1,贵A344E9,银,文通驾校,自培,2012/11/16 0:00,2012/12/25 0:00,长安牌,华神牌,366669000000000000 ,366067000000000000 ,197807,199109,9,0,4,工作日,早高峰(7-9点),2015-04-13,2015年4月13日,晴 /多云,23℃ / 8℃,东北风 ≤3级 /东北风 ≤3级,晴,多云,23,8,东北风,≤3级,东北风,≤3级,day
2015-04-13 10:20:00,科教路,3、倒车的,负全部责任,不负责任,1,贵A3AF48,黑,1,贵AMK812,银,-1,自培,-1,2004/11/24 0:00,大众汽车牌,东风雪铁龙牌,364547000000000000 ,354547000000000000 ,196205,196704,10,0,4,工作日,非高峰,2015-04-13,2015年4月13日,晴 /多云,23℃ / 8℃,东北风 ≤3级 /东北风 ≤3级,晴,多云,23,8,东北风,≤3级,东北风,≤3级,day
2015-04-13 09:20:00,西南环线,1、追尾的,负全部责任,不负责任,1,冀E75890,白色,1,贵AVM298,白色,自培,自培,2012/11/24 0:00,2001/7/27 0:00,斯柯达牌 ,奥迪牌,574371000000000000 ,364547000000000000 ,197904,197510,9,0,4,工作日,早高峰(7-9点),2015-04-13,2015年4月13日,晴 /多云,23℃ / 8℃,东北风 ≤3级 /东北风 ≤3级,晴,多云,23,8,东北风,≤3级,东北风,≤3级,day
2015-04-13 09:40:00,长江路,1、追尾的,负全部责任,不负责任,1,贵AV3246,白色,1,贵A9229A,白色,自培,自培,2001/5/16 0:00,2012/2/6 0:00,北京现代,北京现代牌,364547000000000000 ,364566000000000000 ,196306,198807,9,0,4,工作日,早高峰(7-9点),2015-04-13,2015年4月13日,晴 /多云,23℃ / 8℃,东北风 ≤3级 /东北风 ≤3级,晴,多云,23,8,东北风,≤3级,东北风,≤3级,day
2015-04-13 11:12:00,贵阳东,7、未按规定让行的 ,负全部责任,不负责任,1,湘AD195C,黄,1,贵A12S34,黑,-1,520106,-1,2009/12/18 0:00,福特牌,大众牌,74363500000000000 ,364547000000000000 ,198803,196406,11,0,4,工作日,非高峰,2015-04-13,2015年4月13日,晴 /多云,23℃ / 8℃,东北风 ≤3级 /东北风 ≤3级,晴,多云,23,8,东北风,≤3级,东北风,≤3级,day
2015-04-13 10:40:00,枣山路,7、未按规定让行的 ,负全部责任,不负责任,0,贵AED599,黑,1,贵A84V81,蓝,蓝天驾校,顺一驾驶培训学校,2014/7/16 0:00,2011/2/9 0:00,丰田牌,雪佛兰牌,366868000000000000 ,366067000000000000 ,196806,197404,10,0,4,工作日,非高峰,2015-04-13,2015年4月13日,晴 /多云,23℃ / 8℃,东北风 ≤3级 /东北风 ≤3级,晴,多云,23,8,东北风,≤3级,东北风,≤3级,day
2015-04-13 10:50:00,白云区,3、倒车的,负全部责任,不负责任,1,贵FQ7929,黄,1,贵A3180S,银,路路达驾校,-1,2013/9/3 0:00,-1,宝骏牌,东风雪铁龙牌,366068000000000000 ,364558000000000000 ,197907,197009,10,0,4,工作日,非高峰,2015-04-13,2015年4月13日,晴 /多云,23℃ / 8℃,东北风 ≤3级 /东北风 ≤3级,晴,多云,23,8,东北风,≤3级,东北风,≤3级,day
2015-04-13 12:16:00,人民医院,1、追尾的,负全部责任,不负责任,1,贵KQE218,黑,0,贵AKU441,黑,-1,自培,-1,1995/9/12 0:00,-1,东风雪铁龙牌,05406251295442737X,364547000000000000 ,196810,197210,12,0,4,工作日,非高峰,2015-04-13,2015年4月13日,晴 /多云,23℃ / 8℃,东北风 ≤3级 /东北风 ≤3级,晴,多云,23,8,东北风,≤3级,东北风,≤3级,day
2015-04-13 14:00:00,花溪,7、未按规定让行的 ,负全部责任,不负责任,1,贵AU0572,白色,1,贵FAB420,白色,-1,蓝天驾校,-1,2012/7/19 0:00,宝来牌,别克牌,36656800000000000 ,366070000000000000 ,197010,198304,14,0,4,工作日,非高峰,2015-04-13,2015年4月13日,晴 /多云,23℃ / 8℃,东北风 ≤3级 /东北风 ≤3级,晴,多云,23,8,东北风,≤3级,东北风,≤3级,day
2015-04-13 13:58:00,大营坡,7、未按规定让行的 ,负全部责任,不负责任,1,贵CDG829,黄,1,贵AU7581,蓝,遵义市航天汽车驾驶员培训有限公司,自培,-1,2004/2/17 0:00,起亚牌,捷达牌,366546000000000000 ,364547000000000000 ,196102,198311,13,0,4,工作日,非高峰,2015-04-13,2015年4月13日,晴 /多云,23℃ / 8℃,东北风 ≤3级 /东北风 ≤3级,晴,多云,23,8,东北风,≤3级,东北风,≤3级,day
2015-04-13 13:20:00,望城坡,7、未按规定让行的 ,负全部责任,不负责任,1,贵AUA794,白色,1,贵A5C66,白色,（观山湖区）蓝天驾驶培训有限公司,湄潭驾校,2005/10/19 0:00,-1,大众牌,-1,366367000000000000 ,366566000000000000 ,197502,197410,13,0,4,工作日,非高峰,2015-04-13,2015年4月13日,晴 /多云,23℃ / 8℃,东北风 ≤3级 /东北风 ≤3级,晴,多云,23,8,东北风,≤3级,东北风,≤3级,day
2015-04-13 13:30:00,沙文,8、依法应负全责的其他情形,负全部责任,不负责任,1,贵A0AB98,白,1,贵A70H79,银,全林驾校,520133,2012/4/19 0:00,2008/10/28 0:00,吉利美日牌,-1,364548000000000000 ,364547000000000000 ,197211,198605,13,0,4,工作日,非高峰,2015-04-13,2015年4月13日,晴 /多云,23℃ / 8℃,东北风 ≤3级 /东北风 ≤3级,晴,多云,23,8,东北风,≤3级,东北风,≤3级,day
2015-04-13 13:10:00,金珠路,7、未按规定让行的 ,负全部责任,不负责任,1,贵A5BL52,白,1,贵AHN484,黄,自培,新天驾校,2003/9/9 0:00,2012/4/1 0:00,江铃全顺牌,讴歌,366361000000000000 ,364557000000000000 ,197302,199108,13,0,4,工作日,非高峰,2015-04-13,2015年4月13日,晴 /多云,23℃ / 8℃,东北风 ≤3级 /东北风 ≤3级,晴,多云,23,8,东北风,≤3级,东北风,≤3级,day
2015-04-13 09:00:00,花果园,3、倒车的,负全部责任,不负责任,1,贵AAC790,蓝,1,贵A766C6,银,自培,预约考试窗口,2007/11/1 0:00,2007/2/5 0:00,万虎牌,解放牌,364547000000000000 ,364547000000000000 ,196808,196309,9,0,4,工作日,早高峰(7-9点),2015-04-13,2015年4月13日,晴 /多云,23℃ / 8℃,东北风 ≤3级 /东北风 ≤3级,晴,多云,23,8,东北风,≤3级,东北风,≤3级,day
2015-04-13 10:00:00,太慈桥,8、依法应负全责的其他情形,负全部责任,不负责任,1,贵GR2337,白色,1,贵AC592G,白色,自培,预约考试窗口,2004/11/1 0:00,2007/2/2 0:00,别克牌,东风标致,364548000000000000 ,364547000000000000 ,197210,198510,10,0,4,工作日,非高峰,2015-04-13,2015年4月13日,晴 /多云,23℃ / 8℃,东北风 ≤3级 /东北风 ≤3级,晴,多云,23,8,东北风,≤3级,东北风,≤3级,day