accidenttime,accidentaddr,driver1fault,driver1responsibility,driver2responsibility,sex1,platenumber1,carcolor1,sex2,platenumber2,carcolor2,jxmc1,jxmc2,cclzrq1,cclzrq2,clpp1,clpp2,driver1license,driver2license,brith1,brith2,hour,weekday,month,is_weekday,peak_hour,date,日期,天气状况,气温,风力风向,day_wea,night_wea,day_tep,night_tep,day_wind_direction,day_wind_speed,night_wind_direction,night_wind_speed,segment
2015-04-13 11:25:00,杨家山隧道,1、追尾的,负全部责任,不负责任,1,贵A182A8,白色,1,贵A7EA69,白色,自培,-1,2010/11/22 0:00,-1,江淮牌,天马牌,724568000000000000 ,36454751414260245X,198110,190906,11,0,4,工作日,非高峰,2015-04-13,2015年4月13日,晴 /多云,23℃ / 8℃,东北风 ≤3级 /东北风 ≤3级,晴,多云,23,8,东北风,≤3级,东北风,≤3级,day
2015-04-13 10:53:00,二浦,7、未按规定让行的 ,负全部责任,不负责任,1,贵AA794Z,黑,1,贵A27351,银,自培,自培,2014/3/11 0:00,2005/10/13 0:00,东风雪铁龙牌,华菱之星牌,366064000000000000 ,366274000000000000 ,199101,197808,10,0,4,工作日,非高峰,2015-04-13,2015年4月13日,晴 /多云,23℃ / 8℃,东北风 ≤3级 /东北风 ≤3级,晴,多云,23,8,东北风,≤3级,东北风,≤3级,day
2015-04-13 12:00:00,沙冲中路,1、追尾的,负全部责任,不负责任,1,贵AV1322,白色,1,贵F60627,白色,-1,自培,-1,2006/6/13 0:00,奥德赛牌,东风牌,364548000000000000 ,366068000000000000 ,197609,197603,12,0,4,工作日,非高峰,2015-04-13,2015年4月13日,晴 /多云,23℃ / 8℃,东北风 ≤3级 /东北风 ≤3级,晴,多云,23,8,东北风,≤3级,东北风,≤3级,day
2015-04-13 12:10:00,贵乌路,1、追尾的,负全部责任,不负责任,1,贵A37C27,银,1,贵A23S73,蓝,-1,自培,-1,2005/6/23 0:00,东风雪铁龙牌,沃尔沃,364548000000000000 ,364558000000000000 ,197310,197612,12,0,4,工作日,非高峰,2015-04-13,2015年4月13日,晴 /多云,23℃ / 8℃,东北风 ≤3级 /东北风 ≤3级,晴,多云,23,8,东北风,≤3级,东北风,≤3级,day
2015-04-13 11:30:00,刚玉路,1、追尾的,负全部责任,不负责任,1,桂MB6854,红,1,贵AC1487,银,自培,自培,2009/8/3 0:00,2002/7/19 0:00,东风标致牌,双狮牌,36863500000000000 ,364558000000000000 ,198710,198101,11,0,4,工作日,非高峰,2015-04-13,2015年4月13日,晴 /多云,23℃ / 8℃,东北风 ≤3级 /东北风 ≤3级,晴,多云,23,8,东北风,≤3级,东北风,≤3级,day
2015-04-13 12:42:00,徐家冲,7、未按规定让行的 ,负全部责任,不负责任,1,贵A3263L,白色,1,浙C194S6,白色,-1,-1,-1,-1,东风雪铁龙牌,东南牌,36555500000000000 ,774764000000000000 ,968062,198201,12,0,4,工作日,非高峰,2015-04-13,2015年4月13日,晴 /多云,23℃ / 8℃,东北风 ≤3级 /东北风 ≤3级,晴,多云,23,8,东北风,≤3级,东北风,≤3级,day
2015-04-13 13:00:00,中华南路,7、未按规定让行的 ,负全部责任,不负责任,1,贵AV0817,蓝,1,贵A43Y49,红,（乌当区）全林驾驶培训有限公司,-1,2007/9/10 0:00,-1,速卡迪牌,东风标致牌,364548000000000000 ,364544000000000000 ,198505,195811,13,0,4,工作日,非高峰,2015-04-13,2015年4月13日,晴 /多云,23℃ / 8℃,东北风 ≤3级 /东北风 ≤3级,晴,多云,23,8,东北风,≤3级,东北风,≤3级,day
2015-04-13 13:25:00,艺校立交,1、追尾的,负全部责任,不负责任,1,贵A5807W,白色,1,贵AB9750,白色,黔丰驾校,-1,2014/6/27 0:00,-1,起亚牌,大江牌,364556000000000000 ,36465300000000 ,199408,812180,13,0,4,工作日,非高峰,2015-04-13,2015年4月13日,晴 /多云,23℃ / 8℃,东北风 ≤3级 /东北风 ≤3级,晴,多云,23,8,东北风,≤3级,东北风,≤3级,day
2015-04-13 13:30:00,二浦,7、未按规定让行的 ,负全部责任,不负责任,1,贵A810C3,蓝,1,贵A94A41,银,贵州现代驾驶培训责任有限公司,-1,2012/2/20 0:00,-1,王牌牌,马自达牌,364558000000000000 ,726641000000000000 ,198908,198511,13,0,4,工作日,非高峰,2015-04-13,2015年4月13日,晴 /多云,23℃ / 8℃,东北风 ≤3级 /东北风 ≤3级,晴,多云,23,8,东北风,≤3级,东北风,≤3级,day
2015-04-13 12:00:00,碧海,1、追尾的,负全部责任,不负责任,1,贵A86B32,黄,1,贵GP7967,黄,-1,路路达驾校（白云区）,-1,2015/4/1 0:00,海马牌,长安牌,364770000000000000 ,344669000000000000 ,197305,198410,12,0,4,工作日,非高峰,2015-04-13,2015年4月13日,晴 /多云,23℃ / 8℃,东北风 ≤3级 /东北风 ≤3级,晴,多云,23,8,东北风,≤3级,东北风,≤3级,day
2015-04-13 16:20:00,小河平桥,7、未按规定让行的 ,负全部责任,不负责任,1,贵A1BE32,白色,1,贵A48K42,白色,-1,-1,-1,-1,长安牌,福克斯牌,366551000000000000 ,364548000000000000 ,198207,198410,16,0,4,工作日,非高峰,2015-04-13,2015年4月13日,晴 /多云,23℃ / 8℃,东北风 ≤3级 /东北风 ≤3级,晴,多云,23,8,东北风,≤3级,东北风,≤3级,day
2015-04-13 16:30:00,恒大城,8、依法应负全责的其他情形,负全部责任,不负责任,1,粤E6X269,黑,1,贵A9222K,黑,-1,新天驾校,-1,2013/8/30 0:00,菲亚特菲跃,长安牌,704963000000000000 ,355266000000000000 ,197809,198704,16,0,4,工作日,非高峰,2015-04-13,2015年4月13日,晴 /多云,23℃ / 8℃,东北风 ≤3级 /东北风 ≤3级,晴,多云,23,8,东北风,≤3级,东北风,≤3级,day
2015-04-13 16:00:00,四方河路,1、追尾的,负全部责任,不负责任,1,贵AP9188,白色,1,贵A6974Z,白色,（白云区）消防驾驶培训学校,贵大佳德驾驶培训学校,2007/5/31 0:00,2011/5/13 0:00,赤兔马牌,东风雪铁龙,364548000000000000 ,366364000000000000 ,197909,197309,16,0,4,工作日,非高峰,2015-04-13,2015年4月13日,晴 /多云,23℃ / 8℃,东北风 ≤3级 /东北风 ≤3级,晴,多云,23,8,东北风,≤3级,东北风,≤3级,day
2015-04-13 15:00:00,世纪城,3、倒车的,负全部责任,不负责任,1,闽AVN757,黑,0,贵A28Y89,黑,-1,路路达驾校,-1,2012/11/14 0:00,东风标致牌,雅阁牌,734596000000000000 ,364566000000000000 ,198404,198705,15,0,4,工作日,非高峰,2015-04-13,2015年4月13日,晴 /多云,23℃ / 8℃,东北风 ≤3级 /东北风 ≤3级,晴,多云,23,8,东北风,≤3级,东北风,≤3级,day
2015-04-13 14:50:00,白云区,7、未按规定让行的 ,负全部责任,不负责任,1,贵AJA172,红,1,贵AR503,银,全林驾校,青正驾校,2010/12/10 0:00,2012/5/9 0:00,北京现代牌,-1,366861000000000000 ,36459551985645653X,198809,198712,14,0,4,工作日,非高峰,2015-04-13,2015年4月13日,晴 /多云,23℃ / 8℃,东北风 ≤3级 /东北风 ≤3级,晴,多云,23,8,东北风,≤3级,东北风,≤3级,day
2015-04-13 15:10:00,艺校立交,3、倒车的,负全部责任,不负责任,1,贵AKC618,白色,1,贵AV0628,白色,自培,自培,2003/10/29 0:00,2002/10/14 0:00,长城牌,钱江牌,364547000000000000 ,364547000000000000 ,197608,198205,15,0,4,工作日,非高峰,2015-04-13,2015年4月13日,晴 /多云,23℃ / 8℃,东北风 ≤3级 /东北风 ≤3级,晴,多云,23,8,东北风,≤3级,东北风,≤3级,day
2015-04-13 16:30:00,都司高架桥,1、追尾的,负全部责任,不负责任,1,贵FR7116,白,1,贵A65K67,白,赫章县汽车(摩托车)驾驶培训学校,520123,-1,2010/3/4 0:00,雪佛兰牌,CX-5,366070000000000000 ,364548000000000000 ,198010,199002,16,0,4,工作日,非高峰,2015-04-13,2015年4月13日,晴 /多云,23℃ / 8℃,东北风 ≤3级 /东北风 ≤3级,晴,多云,23,8,东北风,≤3级,东北风,≤3级,day
2015-04-13 17:00:00,乌当,3、倒车的,负全部责任,不负责任,1,贵A872F6,黄,1,贵A5875Y,银,自培,-1,2010/4/13 0:00,-1,鹤云牌,锋范牌,364557000000000000 ,36455800000000000 ,199110,195509,17,0,4,工作日,晚高峰(17-19点),2015-04-13,2015年4月13日,晴 /多云,23℃ / 8℃,东北风 ≤3级 /东北风 ≤3级,晴,多云,23,8,东北风,≤3级,东北风,≤3级,day
2015-04-13 13:00:00,花果园,8、依法应负全责的其他情形,负全部责任,不负责任,1,贵A24P66,白,1,贵AA4487,黄,消防驾校,十一培,2010/9/3 0:00,1995/3/8 0:00,马自达牌,轻骑,364548000000000000 ,364547000000000000 ,199010,196402,13,0,4,工作日,非高峰,2015-04-13,2015年4月13日,晴 /多云,23℃ / 8℃,东北风 ≤3级 /东北风 ≤3级,晴,多云,23,8,东北风,≤3级,东北风,≤3级,day
2015-04-13 12:00:00,解放路,7、未按规定让行的 ,负全部责任,不负责任,1,贵A82H39,白,1,贵AU4062,蓝,自培,自培,1997/9/12 0:00,2010/8/6 0:00,东风标致牌,隆鑫牌,364547000000000000 ,366577000000000000 ,197708,198807,12,0,4,工作日,非高峰,2015-04-13,2015年4月13日,晴 /多云,23℃ / 8℃,东北风 ≤3级 /东北风 ≤3级,晴,多云,23,8,东北风,≤3级,东北风,≤3级,day
2015-04-13 16:00:00,阳关,7、未按规定让行的 ,负全部责任,不负责任,1,贵A46G53,白,1,小型,蓝,铁二局驾校,自培,2005/3/28 0:00,2006/7/24 0:00,名爵牌,-1,364547000000000000 ,366046000000000000 ,196707,197904,16,0,4,工作日,非高峰,2015-04-13,2015年4月13日,晴 /多云,23℃ / 8℃,东北风 ≤3级 /东北风 ≤3级,晴,多云,23,8,东北风,≤3级,东北风,≤3级,day
2015-04-13 14:00:00,北京路,8、依法应负全责的其他情形,负全部责任,不负责任,1,贵AU6063,绿,1,贵A65R87,银,自培,自培,2003/2/26 0:00,2004/8/17 0:00,宇通牌,东风雪铁龙牌,364548000000000000 ,366367000000000000 ,195910,198209,14,0,4,工作日,非高峰,2015-04-13,2015年4月13日,晴 /多云,23℃ / 8℃,东北风 ≤3级 /东北风 ≤3级,晴,多云,23,8,东北风,≤3级,东北风,≤3级,day
2015-04-13 21:30:00,花溪,3、倒车的,负全部责任,不负责任,1,贵A418A5,白色,1,贵A6955E,白色,-1,贵大佳德驾驶培训学校,-1,2013/10/10 0:00,江淮牌,五菱牌,344798000000000000 ,366577000000000000 ,199307,199005,21,0,4,工作日,非高峰,2015-04-13,2015年4月13日,晴 /多云,23℃ / 8℃,东北风 ≤3级 /东北风 ≤3级,晴,多云,23,8,东北风,≤3级,东北风,≤3级,night
2015-04-13 19:30:00,碧海花园,1、追尾的,负全部责任,不负责任,1,贵AHP225,蓝,0,贵GF6707,银,520127,诚信驾驶培训学校,-1,2014/10/10 0:00,雪佛兰牌,马自达牌,357268000000000000 ,366363000000000000 ,198305,196506,19,0,4,工作日,晚高峰(17-19点),2015-04-13,2015年4月13日,晴 /多云,23℃ / 8℃,东北风 ≤3级 /东北风 ≤3级,晴,多云,23,8,东北风,≤3级,东北风,≤3级,day
2015-04-13 18:20:00,黔灵公园,7、未按规定让行的 ,负全部责任,不负责任,1,贵F47959,黑,1,贵A7AU10,白,-1,长运驾校,-1,2014/11/28 0:00,奥迪Q7,-1,704066000000000000 ,364548000000000000 ,197710,195601,18,0,4,工作日,晚高峰(17-19点),2015-04-13,2015年4月13日,晴 /多云,23℃ / 8℃,东北风 ≤3级 /东北风 ≤3级,晴,多云,23,8,东北风,≤3级,东北风,≤3级,day
2015-04-13 18:30:00,北京西路,1、追尾的,负全部责任,不负责任,1,贵CNA212,红,1,贵AVF784,红,-1,520134,-1,2007/12/6 0:00,雪佛兰牌,大众汽车牌,366561000000000000 ,366364000000000000 ,198804,197105,18,0,4,工作日,晚高峰(17-19点),2015-04-13,2015年4月13日,晴 /多云,23℃ / 8℃,东北风 ≤3级 /东北风 ≤3级,晴,多云,23,8,东北风,≤3级,东北风,≤3级,day
2015-04-13 17:12:00,白金大道,7、未按规定让行的 ,负全部责任,不负责任,1,贵JCZ282,银,1,贵A62170,红,-1,-1,-1,-1,吉利全球鹰牌,嘉陵,357166000000000000 ,366067000000000000 ,197101,198209,17,0,4,工作日,晚高峰(17-19点),2015-04-13,2015年4月13日,晴 /多云,23℃ / 8℃,东北风 ≤3级 /东北风 ≤3级,晴,多云,23,8,东北风,≤3级,东北风,≤3级,day
2015-04-13 16:30:00,水电九局,1、追尾的,负全部责任,不负责任,1,贵AMB569,银,1,贵AAQ066,银,吉源驾校,-1,2014/5/8 0:00,-1,福田牌,马自达牌,36456551134254567X,366063000000000000 ,199506,198707,16,0,4,工作日,非高峰,2015-04-13,2015年4月13日,晴 /多云,23℃ / 8℃,东北风 ≤3级 /东北风 ≤3级,晴,多云,23,8,东北风,≤3级,东北风,≤3级,day
2015-04-13 19:20:00,双峰路,4、停车时未挂低速档、未拉驻车制动，导致车辆滑行的,负全部责任,不负责任,1,贵A27688,黑,1,贵A27N27,黑,-1,黔南金都驾驶培训学校,-1,2008/8/19 0:00,豪泺牌,宝马,364547000000000000 ,366846000000000000 ,196028,198706,19,0,4,工作日,晚高峰(17-19点),2015-04-13,2015年4月13日,晴 /多云,23℃ / 8℃,东北风 ≤3级 /东北风 ≤3级,晴,多云,23,8,东北风,≤3级,东北风,≤3级,day
2015-04-13 21:30:00,贵开路,1、追尾的,负全部责任,不负责任,1,贵A41F56,白色,1,贵A98039,白色,-1,520118,-1,2008/1/28 0:00,福克斯牌,长安,364548000000000000 ,366267000000000000 ,198408,197311,21,0,4,工作日,非高峰,2015-04-13,2015年4月13日,晴 /多云,23℃ / 8℃,东北风 ≤3级 /东北风 ≤3级,晴,多云,23,8,东北风,≤3级,东北风,≤3级,night
2015-04-13 17:20:00,八匹马,7、未按规定让行的 ,负全部责任,不负责任,1,贵AW6034,白,1,贵A6AS80,银,（花溪区）贵州大学驾驶培训有限公司,路路达驾校,2005/1/20 0:00,2004/12/30 0:00,神行者 2,宝骏牌,366869000000000000 ,366364000000000000 ,197906,196205,17,0,4,工作日,晚高峰(17-19点),2015-04-13,2015年4月13日,晴 /多云,23℃ / 8℃,东北风 ≤3级 /东北风 ≤3级,晴,多云,23,8,东北风,≤3级,东北风,≤3级,day
2015-04-14 08:00:00,市北路,7、未按规定让行的 ,负全部责任,不负责任,1,贵ANE254,黄,1,贵AU7970, 蓝,-1,消防驾校,-1,2005/9/8 0:00,别克牌,金龙牌,36459551295460575X,364557000000000000 ,196810,198205,8,1,4,工作日,早高峰(7-9点),2015-04-14,2015年4月14日,晴 /多云,22℃ / 9℃,东风 ≤3级 /东风 ≤3级,晴,多云,22,9,东风,≤3级,东风,≤3级,day
2015-04-14 08:00:00,花溪,8、依法应负全责的其他情形,负全部责任,不负责任,1,京AF2770,白色,1,贵A4632T,白色,-1,阳光驾校,-1,2012/5/15 0:00,大运牌,吉利牌,784198000000000000 ,364556000000000000 ,197910,195801,8,1,4,工作日,早高峰(7-9点),2015-04-14,2015年4月14日,晴 /多云,22℃ / 9℃,东风 ≤3级 /东风 ≤3级,晴,多云,22,9,东风,≤3级,东风,≤3级,day
2015-04-14 08:00:00,遵义路,7、未按规定让行的 ,负全部责任,不负责任,1,贵AP3689,白色,1,贵AKS903,白色,-1,市警校驾校,-1,2010/9/27 0:00,捷达牌,明锐牌,364546000000000 ,364547000000000000 ,660510,196105,8,1,4,工作日,早高峰(7-9点),2015-04-14,2015年4月14日,晴 /多云,22℃ / 9℃,东风 ≤3级 /东风 ≤3级,晴,多云,22,9,东风,≤3级,东风,≤3级,day
2015-04-14 05:30:00,二戈寨,7、未按规定让行的 ,负全部责任,不负责任,1,贵AP9984,白色,1,贵A79V12,白色,-1,文通驾校,-1,2012/9/5 0:00,帕萨特牌,北京现代牌,366363000000000000 ,366577000000000000 ,198202,198812,5,1,4,工作日,非高峰,2015-04-14,2015年4月14日,晴 /多云,22℃ / 9℃,东风 ≤3级 /东风 ≤3级,晴,多云,22,9,东风,≤3级,东风,≤3级,night
2015-04-14 05:18:00,油榨街,1、追尾的,负全部责任,不负责任,1,贵ALE362,白色,1,贵A53R39,白色,（白云区）消防驾驶培训学校,（白云区）消防驾驶培训学校,2009/12/3 0:00,2009/12/3 0:00,长安,大众汽车牌,366346000000000000 ,366346000000000000 ,197410,197410,5,1,4,工作日,非高峰,2015-04-14,2015年4月14日,晴 /多云,22℃ / 9℃,东风 ≤3级 /东风 ≤3级,晴,多云,22,9,东风,≤3级,东风,≤3级,night
2015-04-13 18:00:00,长岭路,1、追尾的,负全部责任,不负责任,1,贵ANB883,红,1,贵A6013A,白,自培,消防驾校,2004/5/8 0:00,2014/9/17 0:00,雪佛兰牌,江淮牌,364558000000000000 ,366862000000000000 ,198407,197712,18,0,4,工作日,晚高峰(17-19点),2015-04-13,2015年4月13日,晴 /多云,23℃ / 8℃,东北风 ≤3级 /东北风 ≤3级,晴,多云,23,8,东北风,≤3级,东北风,≤3级,day
2015-04-13 18:11:00,解放路,7、未按规定让行的 ,负全部责任,不负责任,1,贵AU4915,白色,1,贵AMH963,白色,自培,绥阳驾校,2011/1/10 0:00,2006/4/27 0:00,银翔牌,奥迪牌,364548000000000000 ,366561000000000000 ,196111,198211,18,0,4,工作日,晚高峰(17-19点),2015-04-13,2015年4月13日,晴 /多云,23℃ / 8℃,东北风 ≤3级 /东北风 ≤3级,晴,多云,23,8,东北风,≤3级,东北风,≤3级,day
2015-04-13 17:55:00,苗圃一号隧道,1、追尾的,负全部责任,不负责任,1,贵JL1276,白色,1,贵AED722,白色,自培,-1,2003/7/17 0:00,-1,东风牌,颐达牌,364558000000000000 ,73456651864865576X,197702,197207,17,0,4,工作日,晚高峰(17-19点),2015-04-13,2015年4月13日,晴 /多云,23℃ / 8℃,东北风 ≤3级 /东北风 ≤3级,晴,多云,23,8,东北风,≤3级,东北风,≤3级,day
2015-04-13 18:37:00,金青路,7、未按规定让行的 ,负全部责任,不负责任,0,贵A4AR69,白,1,贵A49Y39,白,-1,十一培,-1,1994/7/7 0:00,雪佛兰牌,帕杰罗,36606400000000000 ,364557000000000000 ,198109,196304,18,0,4,工作日,晚高峰(17-19点),2015-04-13,2015年4月13日,晴 /多云,23℃ / 8℃,东北风 ≤3级 /东北风 ≤3级,晴,多云,23,8,东北风,≤3级,东北风,≤3级,day
2015-04-13 20:30:00,渔安隧道,7、未按规定让行的 ,负全部责任,不负责任,1,贵A98586,白色,1,贵A6AC86,白色,-1,自培,-1,2004/5/19 0:00,五征牌,别克牌,366255000000 ,364547000000000000 ,344076,198202,20,0,4,工作日,非高峰,2015-04-13,2015年4月13日,晴 /多云,23℃ / 8℃,东北风 ≤3级 /东北风 ≤3级,晴,多云,23,8,东北风,≤3级,东北风,≤3级,night
2015-04-13 17:30:00,观水路,1、追尾的,负全部责任,不负责任,1,贵A63P64,白色,1,贵A4AP71,白色,文通驾校,自培,2011/9/15 0:00,2006/11/9 0:00,梅赛德斯-奔驰,北京现代牌,376264000000000000 ,774543000000000000 ,198111,197803,17,0,4,工作日,晚高峰(17-19点),2015-04-13,2015年4月13日,晴 /多云,23℃ / 8℃,东北风 ≤3级 /东北风 ≤3级,晴,多云,23,8,东北风,≤3级,东北风,≤3级,day
2015-04-13 17:45:00,公安厅,7、未按规定让行的 ,负全部责任,不负责任,1,贵A0BX68,白,1,贵A74S96,黑,（乌当区）新天驾驶培训有限公司,自培,2011/2/15 0:00,2004/2/12 0:00,马自达牌,牧马人,366367000000000000 ,364547000000000000 ,196312,196912,17,0,4,工作日,晚高峰(17-19点),2015-04-13,2015年4月13日,晴 /多云,23℃ / 8℃,东北风 ≤3级 /东北风 ≤3级,晴,多云,23,8,东北风,≤3级,东北风,≤3级,day
2015-04-14 00:00:00,开发大道,7、未按规定让行的 ,负全部责任,不负责任,1,贵A54K59,白色,1,贵AA8346,白色,自培,市交校,2002/7/19 0:00,2012/3/14 0:00,指南者,蒙迪欧牌,364548000000000000 ,366875000000000000 ,198011,198610,0,1,4,工作日,非高峰,2015-04-14,2015年4月14日,晴 /多云,22℃ / 9℃,东风 ≤3级 /东风 ≤3级,晴,多云,22,9,东风,≤3级,东风,≤3级,night
2015-04-14 07:30:00,枣山路,8、依法应负全责的其他情形,负全部责任,不负责任,1,贵AJT991,白色,1,贵A1CB27,黑色,（观山湖区）诚信驾驶培训有限公司,金马驾校（花溪区）,2009/7/15 0:00,2015/3/4 0:00,奥迪牌,大众汽车牌,364568000000000000 ,366046000000000000 ,199008,197401,7,1,4,工作日,早高峰(7-9点),2015-04-14,2015年4月14日,晴 /多云,22℃ / 9℃,东风 ≤3级 /东风 ≤3级,晴,多云,22,9,东风,≤3级,东风,≤3级,day
2015-04-14 08:20:00,白云区,3、倒车的,负全部责任,不负责任,1,贵ALM399,红,1,贵A6522B,银,十一驾驶培训有限公司,黔丰驾校,2013/12/26 0:00,2013/12/23 0:00,江淮牌,吉利牌,366347000000000000 ,364556000000000000 ,197509,199412,8,1,4,工作日,早高峰(7-9点),2015-04-14,2015年4月14日,晴 /多云,22℃ / 9℃,东风 ≤3级 /东风 ≤3级,晴,多云,22,9,东风,≤3级,东风,≤3级,day
2015-04-14 05:20:00,苗圃隧道,6、违反交通信号的,负全部责任,不负责任,1,贵A86453,白色,1,贵A9BN45,白色,自培,-1,2012/12/28 0:00,-1,五十铃牌,雪佛兰牌,364556000000000000 ,366561000000000000 ,198912,197302,5,1,4,工作日,非高峰,2015-04-14,2015年4月14日,晴 /多云,22℃ / 9℃,东风 ≤3级 /东风 ≤3级,晴,多云,22,9,东风,≤3级,东风,≤3级,night
2015-04-13 23:30:00,头桥,7、未按规定让行的 ,负全部责任,不负责任,1,贵A64N68,黑,1,贵A9BN06,黑,-1,铁二局驾校,-1,2012/4/17 0:00,长安牌,福克斯牌,366061000000000000 ,364548000000000000 ,196711,198903,23,0,4,工作日,非高峰,2015-04-13,2015年4月13日,晴 /多云,23℃ / 8℃,东北风 ≤3级 /东北风 ≤3级,晴,多云,23,8,东北风,≤3级,东北风,≤3级,night
2015-04-14 08:30:00,次南门,1、追尾的,负全部责任,不负责任,1,贵AU6594,绿,1,贵AB2294,黑,文通驾校,-1,2012/12/26 0:00,-1,捷达牌,帕萨特,366577000000000000 ,364556000000000 ,199005,651220,8,1,4,工作日,早高峰(7-9点),2015-04-14,2015年4月14日,晴 /多云,22℃ / 9℃,东风 ≤3级 /东风 ≤3级,晴,多云,22,9,东风,≤3级,东风,≤3级,day
2015-04-14 02:30:00,金阳北路,3、倒车的,负全部责任,不负责任,0,贵A51F74,白,1,川F0K433,白,诚信驾驶培训学校,-1,2013/2/2 0:00,-1,江铃全顺牌,比亚迪牌 ,64160500000000000 ,354147000000000000 ,198001,199001,2,1,4,工作日,非高峰,2015-04-14,2015年4月14日,晴 /多云,22℃ / 9℃,东风 ≤3级 /东风 ≤3级,晴,多云,22,9,东风,≤3级,东风,≤3级,night
2015-04-14 09:25:00,市北路,1、追尾的,负全部责任,不负责任,1,贵AET374,白,1,贵A94K41,黑,-1,-1,-1,-1,吉姆西,宝马,346364000000000000 ,366360000000000 ,197109,600202,9,1,4,工作日,早高峰(7-9点),2015-04-14,2015年4月14日,晴 /多云,22℃ / 9℃,东风 ≤3级 /东风 ≤3级,晴,多云,22,9,东风,≤3级,东风,≤3级,day
2015-04-14 09:30:00,后坝,7、未按规定让行的 ,负全部责任,不负责任,1,贵A547G8,白色,1,贵A72Z93,白色,-1,-1,-1,-1,东风牌,梅赛德斯-奔驰2034CC,35616400000000000 ,366364000000000000 ,197107,195601,9,1,4,工作日,早高峰(7-9点),2015-04-14,2015年4月14日,晴 /多云,22℃ / 9℃,东风 ≤3级 /东风 ≤3级,晴,多云,22,9,东风,≤3级,东风,≤3级,day
2015-04-14 10:00:00,改貌站货车,3、倒车的,负全部责任,不负责任,1,贵A96397,白色,1,贵AL7031,白色,-1,-1,-1,-1,天马牌,别克牌,7694550000000000 ,3645475132566304X,195112,195612,10,1,4,工作日,非高峰,2015-04-14,2015年4月14日,晴 /多云,22℃ / 9℃,东风 ≤3级 /东风 ≤3级,晴,多云,22,9,东风,≤3级,东风,≤3级,day
2015-04-14 09:00:00,延安巷,3、倒车的,负全部责任,不负责任,1,贵A479D1,白色,1,贵JDT462,白色,-1,-1,-1,-1,长安牌,马自达牌,3660665191565326X,35529551925566707X,198912,198611,9,1,4,工作日,早高峰(7-9点),2015-04-14,2015年4月14日,晴 /多云,22℃ / 9℃,东风 ≤3级 /东风 ≤3级,晴,多云,22,9,东风,≤3级,东风,≤3级,day
2015-04-14 08:45:00,云潭南路,7、未按规定让行的 ,负全部责任,不负责任,1,贵A71194,黑,1,贵APT235,黑,黔南州兴鑫汽车驾驶培训学校,-1,2010/4/28 0:00,-1,星马牌,起亚牌,366862000000000000 ,36455700000000000 ,198212,198102,8,1,4,工作日,早高峰(7-9点),2015-04-14,2015年4月14日,晴 /多云,22℃ / 9℃,东风 ≤3级 /东风 ≤3级,晴,多云,22,9,东风,≤3级,东风,≤3级,day
2015-04-14 09:00:00,小河平桥,7、未按规定让行的 ,负全部责任,不负责任,1,贵A02115,白色,1,贵HAU883,白色,-1,毕节地区宏强汽车(摩托车)驾驶培训学校,-1,-1,万达牌,大众汽车牌,364756000000 ,354366000000000000 ,30060,198105,9,1,4,工作日,早高峰(7-9点),2015-04-14,2015年4月14日,晴 /多云,22℃ / 9℃,东风 ≤3级 /东风 ≤3级,晴,多云,22,9,东风,≤3级,东风,≤3级,day
2015-04-14 09:30:00,遵义路,1、追尾的,负全部责任,不负责任,1,贵AU3186,白色,1,贵ABB133,白色,自培,铁二局驾校,2008/6/3 0:00,2006/9/1 0:00,宗申牌,大地,74667500000000000 ,366061000000000000 ,197612,197808,9,1,4,工作日,早高峰(7-9点),2015-04-14,2015年4月14日,晴 /多云,22℃ / 9℃,东风 ≤3级 /东风 ≤3级,晴,多云,22,9,东风,≤3级,东风,≤3级,day
2015-04-14 03:20:00,北京西路,7、未按规定让行的 ,负全部责任,不负责任,1,贵AMR229,白色,1,桂BDH983,白色,自培,-1,2004/10/20 0:00,-1,福克斯牌,哈弗牌,364548000000000000 ,36775500000000000 ,196109,197109,3,1,4,工作日,非高峰,2015-04-14,2015年4月14日,晴 /多云,22℃ / 9℃,东风 ≤3级 /东风 ≤3级,晴,多云,22,9,东风,≤3级,东风,≤3级,night
2015-04-13 17:30:00,云潭北路,7、未按规定让行的 ,负全部责任,不负责任,1,贵A4R666,银,1,贵A009E4,银,自培,-1,2012/3/29 0:00,-1,凌派,长安牌,364556000000000000 ,366363000000000000 ,197604,196710,17,0,4,工作日,晚高峰(17-19点),2015-04-13,2015年4月13日,晴 /多云,23℃ / 8℃,东北风 ≤3级 /东北风 ≤3级,晴,多云,23,8,东北风,≤3级,东北风,≤3级,day
2015-04-14 08:00:00,金关,3、倒车的,负全部责任,不负责任,1,贵A84L88,白,1,贵A20873,蓝,消防驾校,十一培,2014/6/25 0:00,1996/11/19 0:00,大众牌,解放牌,364568000000000000 ,366347000000000000 ,198812,197807,8,1,4,工作日,早高峰(7-9点),2015-04-14,2015年4月14日,晴 /多云,22℃ / 9℃,东风 ≤3级 /东风 ≤3级,晴,多云,22,9,东风,≤3级,东风,≤3级,day