accidenttime,accidentaddr,driver1fault,driver1responsibility,driver2responsibility,sex1,platenumber1,carcolor1,sex2,platenumber2,carcolor2,jxmc1,jxmc2,cclzrq1,cclzrq2,clpp1,clpp2,driver1license,driver2license,brith1,brith2,hour,weekday,month,is_weekday,peak_hour,date,日期,天气状况,气温,风力风向,day_wea,night_wea,day_tep,night_tep,day_wind_direction,day_wind_speed,night_wind_direction,night_wind_speed,segment
2015-04-14 08:30:00,沙坡,3、倒车的,负全部责任,不负责任,1,渝BA5485,白,1,贵A7561K,蓝,-1,自培,-1,2007/10/22 0:00,长安 ,凯马牌,355667000000000000 ,366064000000000000 ,197307,198706,8,1,4,工作日,早高峰(7-9点),2015-04-14,2015年4月14日,晴 /多云,22℃ / 9℃,东风 ≤3级 /东风 ≤3级,晴,多云,22,9,东风,≤3级,东风,≤3级,day
2015-04-14 10:30:00,白云区,7、未按规定让行的 ,负全部责任,不负责任,1,贵AW7382,黑,1,贵A0721C,黑,-1,自培,-1,2006/6/29 0:00,奥迪牌,中华牌,366568000000000000 ,364596000000000000 ,198009,198707,10,1,4,工作日,非高峰,2015-04-14,2015年4月14日,晴 /多云,22℃ / 9℃,东风 ≤3级 /东风 ≤3级,晴,多云,22,9,东风,≤3级,东风,≤3级,day
2015-04-14 08:50:00,东林路,8、依法应负全责的其他情形,负全部责任,不负责任,1,贵GV7108,蓝,1,贵A65Z62,银,-1,自培,-1,2003/11/11 0:00,雪佛兰牌,英伦牌,36636200000000 ,36636051805465005X,199006,197410,8,1,4,工作日,早高峰(7-9点),2015-04-14,2015年4月14日,晴 /多云,22℃ / 9℃,东风 ≤3级 /东风 ≤3级,晴,多云,22,9,东风,≤3级,东风,≤3级,day
2015-04-14 08:00:00,长江路,7、未按规定让行的 ,负全部责任,不负责任,1,贵AHP119,白色,1,贵AVB747,白色,自培,自培,2002/8/16 0:00,2002/12/25 0:00,雅阁牌,波罗牌,366067000000000000 ,366567000000000000 ,197303,197411,8,1,4,工作日,早高峰(7-9点),2015-04-14,2015年4月14日,晴 /多云,22℃ / 9℃,东风 ≤3级 /东风 ≤3级,晴,多云,22,9,东风,≤3级,东风,≤3级,day
2015-04-14 08:00:00,花溪,7、未按规定让行的 ,负全部责任,不负责任,1,贵AAX292,白色,1,贵A95F52,白色,自培,自培,2002/9/3 0:00,2006/1/4 0:00,东风日产牌,大众牌,36455651964053765X,364556000000000000 ,198204,198208,8,1,4,工作日,早高峰(7-9点),2015-04-14,2015年4月14日,晴 /多云,22℃ / 9℃,东风 ≤3级 /东风 ≤3级,晴,多云,22,9,东风,≤3级,东风,≤3级,day
2015-04-14 07:00:00,皂角井,1、追尾的,负全部责任,不负责任,1,贵A3029学,白色,1,贵AF4612,白色,自培,自培,2005/5/26 0:00,2003/1/16 0:00,-1,奥迪牌,364548000000000000 ,364557000000000000 ,197808,197211,7,1,4,工作日,早高峰(7-9点),2015-04-14,2015年4月14日,晴 /多云,22℃ / 9℃,东风 ≤3级 /东风 ≤3级,晴,多云,22,9,东风,≤3级,东风,≤3级,day
2015-04-14 08:40:00,金阳医院,8、依法应负全责的其他情形,负全部责任,不负责任,1,贵A6B666,黑,1,贵JDM574,红,消防驾校,路路达驾校,2010/11/16 0:00,2015/1/5 0:00,-1,三菱牌,364557000000000000 ,366069000000000000 ,198803,198809,8,1,4,工作日,早高峰(7-9点),2015-04-14,2015年4月14日,晴 /多云,22℃ / 9℃,东风 ≤3级 /东风 ≤3级,晴,多云,22,9,东风,≤3级,东风,≤3级,day
2015-04-14 09:15:00,贵医,3、倒车的,负全部责任,不负责任,1,贵A791C6,白,0,贵A78F79,蓝,铁二局驾校,蓝天驾校,2012/7/31 0:00,2012/11/13 0:00,昌河牌,雪佛兰牌,36634651804064725X,36666351924263896X,197404,198606,9,1,4,工作日,早高峰(7-9点),2015-04-14,2015年4月14日,晴 /多云,22℃ / 9℃,东风 ≤3级 /东风 ≤3级,晴,多云,22,9,东风,≤3级,东风,≤3级,day
2015-04-14 10:00:00,白金大道,7、未按规定让行的 ,负全部责任,不负责任,1,贵AT2261,红,1,贵A54111,黑,赤水市佳德驾驶员培训学校,-1,2010/6/17 0:00,-1,金典牌,建设,354364000000000000 ,364546000000000 ,198808,630727,10,1,4,工作日,非高峰,2015-04-14,2015年4月14日,晴 /多云,22℃ / 9℃,东风 ≤3级 /东风 ≤3级,晴,多云,22,9,东风,≤3级,东风,≤3级,day
2015-04-14 09:50:00,杨家山,7、未按规定让行的 ,负全部责任,不负责任,1,贵GU4835,银,1,贵AHM659,银,长运驾校,-1,2014/6/27 0:00,-1,夏利牌,宝马牌,366061000000000000 ,74360500000000000 ,198807,196309,9,1,4,工作日,早高峰(7-9点),2015-04-14,2015年4月14日,晴 /多云,22℃ / 9℃,东风 ≤3级 /东风 ≤3级,晴,多云,22,9,东风,≤3级,东风,≤3级,day
2015-04-14 09:27:00,皂角井,1、追尾的,负全部责任,不负责任,1,贵CNE182,白色,1,贵AV0705,白色,贵州现代驾驶培训责任有限公司,（白云区）景宏驾驶培训有限公司,2014/11/27 0:00,2003/11/1 0:00,北京现代牌,东风牌,364548000000000000 ,357466000000000000 ,197003,196510,9,1,4,工作日,早高峰(7-9点),2015-04-14,2015年4月14日,晴 /多云,22℃ / 9℃,东风 ≤3级 /东风 ≤3级,晴,多云,22,9,东风,≤3级,东风,≤3级,day
2015-04-14 13:10:00,车水路,7、未按规定让行的 ,负全部责任,不负责任,1,贵AU5395,绿,1,贵ACJ427,银,-1,-1,-1,-1,圣火神牌,丰田牌,366862000000000000 ,364547000000000000 ,197506,196601,13,1,4,工作日,非高峰,2015-04-14,2015年4月14日,晴 /多云,22℃ / 9℃,东风 ≤3级 /东风 ≤3级,晴,多云,22,9,东风,≤3级,东风,≤3级,day
2015-04-14 14:00:00,东二环,7、未按规定让行的 ,负全部责任,不负责任,0,贵GX2343,白,1,贵A8048V,白,公交驾校,文通驾校,2011/11/7 0:00,2011/10/26 0:00,大众汽车牌,福克斯牌,364558000000000000 ,364567000000000000 ,198508,199302,14,1,4,工作日,非高峰,2015-04-14,2015年4月14日,晴 /多云,22℃ / 9℃,东风 ≤3级 /东风 ≤3级,晴,多云,22,9,东风,≤3级,东风,≤3级,day
2015-04-14 12:55:00,银通山庄,9、不符合前8款规定或者双方同时具有上述情形的,负同等责任,负同等责任,1,贵AGU561,蓝,1,贵A25Y19,银,（白云区）消防驾驶培训学校,（白云区）消防驾驶培训学校,2009/7/22 0:00,1998/9/3 0:00,中华牌,桑塔纳,364558000000000000 ,366546000000000000 ,196210,195808,12,1,4,工作日,非高峰,2015-04-14,2015年4月14日,晴 /多云,22℃ / 9℃,东风 ≤3级 /东风 ≤3级,晴,多云,22,9,东风,≤3级,东风,≤3级,day
2015-04-14 09:20:00,乌当,7、未按规定让行的 ,负全部责任,不负责任,1,贵A32F33,白,1,贵AK6873,银,自培,-1,2004/5/30 0:00,-1,江铃牌,长安牌,364551000000000000 ,364566000000000000 ,197812,197707,9,1,4,工作日,早高峰(7-9点),2015-04-14,2015年4月14日,晴 /多云,22℃ / 9℃,东风 ≤3级 /东风 ≤3级,晴,多云,22,9,东风,≤3级,东风,≤3级,day
2015-04-14 08:56:00,大营坡,1、追尾的,负全部责任,不负责任,0,贵A66631,白,1,贵AR7697,红,自培,-1,2001/7/16 0:00,-1,思威牌,喜马牌,364547000000000000 ,364547000000000000 ,198305,197312,8,1,4,工作日,早高峰(7-9点),2015-04-14,2015年4月14日,晴 /多云,22℃ / 9℃,东风 ≤3级 /东风 ≤3级,晴,多云,22,9,东风,≤3级,东风,≤3级,day
2015-04-14 10:30:00,大营坡,7、未按规定让行的 ,负全部责任,不负责任,1,贵AH0315,白,1,贵AU0329,蓝,顺一驾驶培训学校,十一培,2010/10/29 0:00,1986/10/7 0:00,凯迪拉克,奇瑞牌,364596000000000000 ,364547000000000000 ,198611,196810,10,1,4,工作日,非高峰,2015-04-14,2015年4月14日,晴 /多云,22℃ / 9℃,东风 ≤3级 /东风 ≤3级,晴,多云,22,9,东风,≤3级,东风,≤3级,day
2015-04-14 09:00:00,都司路,8、依法应负全责的其他情形,负全部责任,不负责任,1,贵A78Z19,白,1,贵ARB910,白,自培,十一培,2010/4/8 0:00,1991/10/5 0:00,丰田牌,东风日产牌,355767000000000000 ,364548000000000000 ,199104,196212,9,1,4,工作日,早高峰(7-9点),2015-04-14,2015年4月14日,晴 /多云,22℃ / 9℃,东风 ≤3级 /东风 ≤3级,晴,多云,22,9,东风,≤3级,东风,≤3级,day
2015-04-14 08:50:00,市北路,1、追尾的,负全部责任,不负责任,1,贵A67W31,黑,1,贵AF491S,银,自培,十一培,2004/12/7 0:00,1990/5/21 0:00,长城牌,五菱牌,364568000000000000 ,364548000000000000 ,198608,196409,8,1,4,工作日,早高峰(7-9点),2015-04-14,2015年4月14日,晴 /多云,22℃ / 9℃,东风 ≤3级 /东风 ≤3级,晴,多云,22,9,东风,≤3级,东风,≤3级,day
2015-04-14 11:00:00,市南路,7、未按规定让行的 ,负全部责任,不负责任,1,贵AHE959,白色,1,贵A8BE57,白色,（南明区）市交通职业技术驾驶培训学校,自培,2005/7/11 0:00,2005/1/6 0:00,黄海牌,哈弗牌,356668000000000000 ,364556000000000000 ,197510,198103,11,1,4,工作日,非高峰,2015-04-14,2015年4月14日,晴 /多云,22℃ / 9℃,东风 ≤3级 /东风 ≤3级,晴,多云,22,9,东风,≤3级,东风,≤3级,day
2015-04-14 11:26:00,贵开路,7、未按规定让行的 ,负全部责任,不负责任,1,贵AC489E,白,1,贵AGB222,银,-1,自培,-1,2002/6/11 0:00,别克牌,东风牌,366061000000000000 ,366046000000000000 ,198709,198004,11,1,4,工作日,非高峰,2015-04-14,2015年4月14日,晴 /多云,22℃ / 9℃,东风 ≤3级 /东风 ≤3级,晴,多云,22,9,东风,≤3级,东风,≤3级,day
2015-04-14 08:50:00,狗肉街,1、追尾的,负全部责任,不负责任,1,贵A3843F,银,1,贵AFV711,绿,自培,自培,2004/1/29 0:00,2001/10/12 0:00,五菱牌,雪佛兰牌,364558000000000000 ,364557000000000000 ,197504,197404,8,1,4,工作日,早高峰(7-9点),2015-04-14,2015年4月14日,晴 /多云,22℃ / 9℃,东风 ≤3级 /东风 ≤3级,晴,多云,22,9,东风,≤3级,东风,≤3级,day
2015-04-14 15:00:00,世纪城,1、追尾的,负全部责任,不负责任,1,贵A953A7,黑,1,贵HP4769,银,-1,文通驾校,-1,2010/11/10 0:00,江淮牌,长安牌,366663000000000000 ,36606751904957375X,198308,198408,15,1,4,工作日,非高峰,2015-04-14,2015年4月14日,晴 /多云,22℃ / 9℃,东风 ≤3级 /东风 ≤3级,晴,多云,22,9,东风,≤3级,东风,≤3级,day
2015-04-14 17:00:00,金阳,9、不符合前8款规定或者双方同时具有上述情形的,负同等责任,负同等责任,0,贵AHN243,银,0,贵AL1795,银,（白云区）消防驾驶培训学校,-1,2006/7/17 0:00,-1,五菱,长城牌,36666851825442406X,366067000000000000 ,197610,197501,17,1,4,工作日,晚高峰(17-19点),2015-04-14,2015年4月14日,晴 /多云,22℃ / 9℃,东风 ≤3级 /东风 ≤3级,晴,多云,22,9,东风,≤3级,东风,≤3级,day
2015-04-14 16:30:00,阳关,1、追尾的,负全部责任,不负责任,1,贵A79N43,白,0,贵GQ4310,黑,铁二局驾校,青正驾校,2004/9/30 0:00,2014/8/21 0:00,丰田牌,东风雪铁龙牌,364547000000000000 ,364596000000000000 ,196310,198712,16,1,4,工作日,非高峰,2015-04-14,2015年4月14日,晴 /多云,22℃ / 9℃,东风 ≤3级 /东风 ≤3级,晴,多云,22,9,东风,≤3级,东风,≤3级,day
2015-04-14 15:30:00,商贸城,7、未按规定让行的 ,负全部责任,不负责任,1,粤B2L2X2,黑,1,湘J8NW99,白,-1,-1,-1,-1,梅赛德斯-奔驰,三菱牌,366763000000000000 ,76060500000000000 ,196806,197502,15,1,4,工作日,非高峰,2015-04-14,2015年4月14日,晴 /多云,22℃ / 9℃,东风 ≤3级 /东风 ≤3级,晴,多云,22,9,东风,≤3级,东风,≤3级,day
2015-04-14 16:30:00, 碧海花园,3、倒车的,负全部责任,不负责任,1,贵GQ6698,黄,1,湘C39875,蓝,-1,-1,-1,-1,北京现代牌,别克,364547000000 ,74745434095 ,327680,50481,16,1,4,工作日,非高峰,2015-04-14,2015年4月14日,晴 /多云,22℃ / 9℃,东风 ≤3级 /东风 ≤3级,晴,多云,22,9,东风,≤3级,东风,≤3级,day
2015-04-14 16:15:00,金苏大道,8、依法应负全责的其他情形,负全部责任,不负责任,1,贵A507E9,银,1,云D777GA,黄,文通驾校,-1,2004/3/5 0:00,-1,长安牌,明锐牌,366361000000000000 ,344678000000000000 ,197708,198811,16,1,4,工作日,非高峰,2015-04-14,2015年4月14日,晴 /多云,22℃ / 9℃,东风 ≤3级 /东风 ≤3级,晴,多云,22,9,东风,≤3级,东风,≤3级,day
2015-04-14 15:30:00,皂角井,7、未按规定让行的 ,负全部责任,不负责任,1,贵A3AF58,白色,1,贵FX6470,白色,新天驾校,-1,2011/11/17 0:00,-1,福克斯牌,雅阁牌,364547000000000000 ,366046000000000000 ,197906,198602,15,1,4,工作日,非高峰,2015-04-14,2015年4月14日,晴 /多云,22℃ / 9℃,东风 ≤3级 /东风 ≤3级,晴,多云,22,9,东风,≤3级,东风,≤3级,day
2015-04-14 17:00:00,金阳步行街,1、追尾的,负全部责任,不负责任,1,贵A317A5,白色,1,贵A87M54,白色,（经开区）十一驾驶培训有限公司,自培,2008/2/4 0:00,2004/7/30 0:00,东风牌,丰田牌,366067000000000000 ,36455651895559635X,198611,197811,17,1,4,工作日,晚高峰(17-19点),2015-04-14,2015年4月14日,晴 /多云,22℃ / 9℃,东风 ≤3级 /东风 ≤3级,晴,多云,22,9,东风,≤3级,东风,≤3级,day
2015-04-14 18:40:00,金竹立交,7、未按规定让行的 ,负全部责任,不负责任,1,贵A7285H,白色,1,贵A20043,黑色,-1,-1,-1,-1,东风雪铁龙牌,解放牌,366669000000000000 ,366068000000000000 ,199201,196702,18,1,4,工作日,晚高峰(17-19点),2015-04-14,2015年4月14日,晴 /多云,22℃ / 9℃,东风 ≤3级 /东风 ≤3级,晴,多云,22,9,东风,≤3级,东风,≤3级,day
2015-04-14 20:11:00,二手车,7、未按规定让行的 ,负全部责任,不负责任,1,贵A1807A,白,1,贵A3425B,黑,-1,人武驾校,-1,2014/5/15 0:00,东风标致牌,比亚迪牌,364558000000000000 ,364558000000000000 ,199410,199109,20,1,4,工作日,非高峰,2015-04-14,2015年4月14日,晴 /多云,22℃ / 9℃,东风 ≤3级 /东风 ≤3级,晴,多云,22,9,东风,≤3级,东风,≤3级,night
2015-04-14 13:00:00,小河黔江厂,7、未按规定让行的 ,负全部责任,不负责任,1,贵AK2718,白色,1,贵GL5844,白色,自培,-1,2001/5/18 0:00,-1,建设牌,奥迪牌,366064000000000000 ,366569000000000 ,196801,780515,13,1,4,工作日,非高峰,2015-04-14,2015年4月14日,晴 /多云,22℃ / 9℃,东风 ≤3级 /东风 ≤3级,晴,多云,22,9,东风,≤3级,东风,≤3级,day
2015-04-14 17:00:00,水东路口,1、追尾的,负全部责任,不负责任,1,贵AKN225,白色,1,贵A7376W,白色,（南明区）阳光驾驶培训有限公司,十一培,2006/4/24 0:00,1992/6/11 0:00,丰田牌,比亚迪牌,254558000000000000 ,366046000000000000 ,196704,197010,17,1,4,工作日,晚高峰(17-19点),2015-04-14,2015年4月14日,晴 /多云,22℃ / 9℃,东风 ≤3级 /东风 ≤3级,晴,多云,22,9,东风,≤3级,东风,≤3级,day
2015-04-14 14:20:00,遵义路,1、追尾的,负全部责任,不负责任,1,贵AU6328,黑,1,贵A40444,黑,自培,十一培,2007/11/15 0:00,1990/12/26 0:00,捷达牌,长江,366064000000000000 ,364547000000000000 ,197711,194411,14,1,4,工作日,非高峰,2015-04-14,2015年4月14日,晴 /多云,22℃ / 9℃,东风 ≤3级 /东风 ≤3级,晴,多云,22,9,东风,≤3级,东风,≤3级,day
2015-04-14 11:40:00,水东路,7、未按规定让行的 ,负全部责任,不负责任,1,贵A09526,白,1,贵A55222,银,自培,十一培,2001/10/28 0:00,1984/8/30 0:00,凌肯,飞燕,366274000000000000 ,364547000000000000 ,198011,195609,11,1,4,工作日,非高峰,2015-04-14,2015年4月14日,晴 /多云,22℃ / 9℃,东风 ≤3级 /东风 ≤3级,晴,多云,22,9,东风,≤3级,东风,≤3级,day
2015-04-14 13:00:00,白修路,7、未按规定让行的 ,负全部责任,不负责任,0,贵GS3561,红,1,贵JD6213,黑,（白云区）消防驾驶培训学校,自培,2010/3/11 0:00,2002/4/30 0:00,吉利牌,解放牌,366367000000000000 ,366361000000000000 ,196804,198011,13,1,4,工作日,非高峰,2015-04-14,2015年4月14日,晴 /多云,22℃ / 9℃,东风 ≤3级 /东风 ≤3级,晴,多云,22,9,东风,≤3级,东风,≤3级,day
2015-04-14 16:50:00,四方河,9、不符合前8款规定或者双方同时具有上述情形的,负同等责任,负同等责任,1,贵A6630F,白色,1,贵AAQ398,白色,顺一驾驶培训学校,自培,2009/11/30 0:00,2001/12/27 0:00,长安牌,别克牌,366068000000000000 ,366546000000000000 ,198509,197407,16,1,4,工作日,非高峰,2015-04-14,2015年4月14日,晴 /多云,22℃ / 9℃,东风 ≤3级 /东风 ≤3级,晴,多云,22,9,东风,≤3级,东风,≤3级,day
2015-04-14 20:28:00,八公里,1、追尾的,负全部责任,不负责任,1,贵AB731X,白色,1,贵AM0059,白色,-1,-1,-1,1970/11/18 0:00,雷克萨斯,金狮牌,364566000000000000 ,36454751025648365X,198711,194612,20,1,4,工作日,非高峰,2015-04-14,2015年4月14日,晴 /多云,22℃ / 9℃,东风 ≤3级 /东风 ≤3级,晴,多云,22,9,东风,≤3级,东风,≤3级,night
2015-04-14 18:00:00,花溪,7、未按规定让行的 ,负全部责任,不负责任,1,贵A5937B,白色,1,贵JDB357,白色,顺一驾驶培训学校,铁二局驾校,2014/6/26 0:00,2014/11/3 0:00,雪佛兰牌,长安牌,36454651824945225X,364548000000000000 ,197608,199004,18,1,4,工作日,晚高峰(17-19点),2015-04-14,2015年4月14日,晴 /多云,22℃ / 9℃,东风 ≤3级 /东风 ≤3级,晴,多云,22,9,东风,≤3级,东风,≤3级,day
2015-04-14 18:55:00,鑫中路,7、未按规定让行的 ,负全部责任,不负责任,1,贵A520G1,白色,1,贵A65N54,黑色,织金县织通驾驶培训学校,市交校,-1,2012/6/1 0:00,凯马牌,奥迪牌,366064000000000000 ,366067000000000000 ,197908,198509,18,1,4,工作日,晚高峰(17-19点),2015-04-14,2015年4月14日,晴 /多云,22℃ / 9℃,东风 ≤3级 /东风 ≤3级,晴,多云,22,9,东风,≤3级,东风,≤3级,day
2015-04-14 21:00:00,师大,8、依法应负全责的其他情形,负全部责任,不负责任,1,贵A79M94,白,1,贵A3BL99,黄,自培,520130,2006/6/8 0:00,2008/4/15 0:00,飞度牌,长安牌,364548000000000000 ,366561000000000000 ,196304,197910,21,1,4,工作日,非高峰,2015-04-14,2015年4月14日,晴 /多云,22℃ / 9℃,东风 ≤3级 /东风 ≤3级,晴,多云,22,9,东风,≤3级,东风,≤3级,night
2015-04-14 18:00:00,白云区,1、追尾的,负全部责任,不负责任,1,贵G85686,黑,1,贵A7449T,银,十一驾驶培训有限公司,-1,2014/7/21 0:00,-1,奥迪牌,五菱牌,364551000000000000 ,366246000000000000 ,199211,198906,18,1,4,工作日,晚高峰(17-19点),2015-04-14,2015年4月14日,晴 /多云,22℃ / 9℃,东风 ≤3级 /东风 ≤3级,晴,多云,22,9,东风,≤3级,东风,≤3级,day
2015-04-14 19:00:00,野鸭塘,7、未按规定让行的 ,负全部责任,不负责任,1,贵AL6953,白,1,贵A911W,黄,-1,贵阳学院汽车驾驶培训,-1,2012/9/27 0:00,解放,-1,366566000000000000 ,364596000000000000 ,197704,199208,19,1,4,工作日,晚高峰(17-19点),2015-04-14,2015年4月14日,晴 /多云,22℃ / 9℃,东风 ≤3级 /东风 ≤3级,晴,多云,22,9,东风,≤3级,东风,≤3级,day
2015-04-14 18:15:00,世纪城,7、未按规定让行的 ,负全部责任,不负责任,1,贵ANV571,黑,0,贵A9AS34,白,市交校,黔丰驾校（花溪区）,2013/5/7 0:00,2007/11/6 0:00,别克牌,大众汽车牌,724896000000000000 ,36060500000000000 ,199212,198404,18,1,4,工作日,晚高峰(17-19点),2015-04-14,2015年4月14日,晴 /多云,22℃ / 9℃,东风 ≤3级 /东风 ≤3级,晴,多云,22,9,东风,≤3级,东风,≤3级,day
2015-04-15 03:00:00,花果园,8、依法应负全责的其他情形,负全部责任,不负责任,1,贵GX5272,白色,1,贵AHK573,白色,-1,-1,-1,-1,东风标致牌,长城牌,364556000000000000 ,364547000000000 ,99306,680720,3,2,4,工作日,非高峰,2015-04-15,2015年4月15日,多云 /多云,24℃ / 16℃,东南风 ≤3级 /南风 ≤3级,多云,多云,24,16,东南风,≤3级,南风,≤3级,night
2015-04-14 22:31:00,花溪,7、未按规定让行的 ,负全部责任,不负责任,1,贵FX7281,白色,1,贵A65E99,白色,-1,铁二局驾校,-1,2012/5/4 0:00,长安牌,雪佛兰牌,77445500000000000 ,364547000000000000 ,196706,197802,22,1,4,工作日,非高峰,2015-04-14,2015年4月14日,晴 /多云,22℃ / 9℃,东风 ≤3级 /东风 ≤3级,晴,多云,22,9,东风,≤3级,东风,≤3级,night
2015-04-15 08:00:00,小河转盘,7、未按规定让行的 ,负全部责任,不负责任,1,贵AA5868,白色,1,贵A71S42,白色,大方大山汽车驾驶培训学校,新华驾校,-1,2014/1/20 0:00,金轮,江淮牌,366067000000000000 ,366566000000000000 ,197408,199106,8,2,4,工作日,早高峰(7-9点),2015-04-15,2015年4月15日,多云 /多云,24℃ / 16℃,东南风 ≤3级 /南风 ≤3级,多云,多云,24,16,东南风,≤3级,南风,≤3级,day
2015-04-15 03:10:00,漓江路,5、开关车门的,负全部责任,不负责任,1,川K39385,白色,1,贵A4999M,白色,-1,十一驾驶培训有限公司,-1,2012/12/3 0:00,\N,一汽佳星牌,355447000000000000 ,786169000000000000 ,197106,196611,3,2,4,工作日,非高峰,2015-04-15,2015年4月15日,多云 /多云,24℃ / 16℃,东南风 ≤3级 /南风 ≤3级,多云,多云,24,16,东南风,≤3级,南风,≤3级,night
2015-04-15 08:20:00,遵义路,7、未按规定让行的 ,负全部责任,不负责任,1,贵AER558,白色,1,贵AU0296,白色,（乌当区）新华驾驶培训有限公司,自培,2009/10/29 0:00,2010/7/14 0:00,海马牌,钱江牌,364551000000000000 ,366569000000000000 ,198504,199106,8,2,4,工作日,早高峰(7-9点),2015-04-15,2015年4月15日,多云 /多云,24℃ / 16℃,东南风 ≤3级 /南风 ≤3级,多云,多云,24,16,东南风,≤3级,南风,≤3级,day
2015-04-14 19:00:00,枣山路,1、追尾的,负全部责任,不负责任,0,贵AU8738,银,1,贵A66H38,蓝,自培,#,2004/4/7 0:00,2003/1/21 0:00,瑞麒牌,吉利牌,366066000000000000 ,364557000000000000 ,197312,198201,19,1,4,工作日,晚高峰(17-19点),2015-04-14,2015年4月14日,晴 /多云,22℃ / 9℃,东风 ≤3级 /东风 ≤3级,晴,多云,22,9,东风,≤3级,东风,≤3级,day
2015-04-14 18:05:00,二浦,1、追尾的,负全部责任,不负责任,1,贵A84Y92,黑,1,贵GJ5958,白,自培,-1,2006/10/22 0:00,-1,朗逸牌,宝马牌,364557000000000000 ,354366000000000000 ,197112,199201,18,1,4,工作日,晚高峰(17-19点),2015-04-14,2015年4月14日,晴 /多云,22℃ / 9℃,东风 ≤3级 /东风 ≤3级,晴,多云,22,9,东风,≤3级,东风,≤3级,day
2015-04-14 17:35:00,碧海南路,8、依法应负全责的其他情形,负全部责任,不负责任,0,贵A17Y15,黑,0,贵A6151M,黑,自培,-1,2002/9/13 0:00,-1,别克牌,起亚牌,366363000000000000 ,366664000000000000 ,196505,197509,17,1,4,工作日,晚高峰(17-19点),2015-04-14,2015年4月14日,晴 /多云,22℃ / 9℃,东风 ≤3级 /东风 ≤3级,晴,多云,22,9,东风,≤3级,东风,≤3级,day
2015-04-14 18:20:00,花香村,1、追尾的,负全部责任,不负责任,1,贵GY3748,白,1,贵AB5282,黑,自培,十一培,2014/12/12 0:00,1986/8/26 0:00,雷克萨斯,亚洲英雄牌,364596000000000000 ,36454651225456705X,198710,196610,18,1,4,工作日,晚高峰(17-19点),2015-04-14,2015年4月14日,晴 /多云,22℃ / 9℃,东风 ≤3级 /东风 ≤3级,晴,多云,22,9,东风,≤3级,东风,≤3级,day
2015-04-14 22:30:00,花果园,7、未按规定让行的 ,负全部责任,不负责任,1,贵AUA001,白,1,贵A59F83,黑,520110,十一培,2007/9/28 0:00,1994/5/19 0:00,丰田牌,海马牌,36636651965545305X,36455551804145605X,198211,197409,22,1,4,工作日,非高峰,2015-04-14,2015年4月14日,晴 /多云,22℃ / 9℃,东风 ≤3级 /东风 ≤3级,晴,多云,22,9,东风,≤3级,东风,≤3级,night
2015-04-14 22:20:00,护国路,1、追尾的,负全部责任,不负责任,1,贵A44K31,黑,1,贵A44A22,黑,铁二局驾校,自培,2011/12/26 0:00,2005/8/23 0:00,荣威牌,长安牌,366664000000000000 ,364558000000000000 ,198505,198303,22,1,4,工作日,非高峰,2015-04-14,2015年4月14日,晴 /多云,22℃ / 9℃,东风 ≤3级 /东风 ≤3级,晴,多云,22,9,东风,≤3级,东风,≤3级,night
2015-04-15 08:30:00,六大队,7、未按规定让行的 ,负全部责任,不负责任,0,贵AP1796,蓝,1,贵AU9886,蓝,-1,自培,-1,2008/10/20 0:00,别克牌,飞鹰牌,364544000000 ,74667500000000000 ,641425,198806,8,2,4,工作日,早高峰(7-9点),2015-04-15,2015年4月15日,多云 /多云,24℃ / 16℃,东南风 ≤3级 /南风 ≤3级,多云,多云,24,16,东南风,≤3级,南风,≤3级,day
2015-04-15 06:55:00, 白云区,3、倒车的,负全部责任,不负责任,1,贵A4AW74,黑,1,贵GT5683,黑,（乌当区）新天驾驶培训有限公司,（乌当区）新天驾驶培训有限公司,2006/8/25 0:00,2006/8/25 0:00,东风标致牌,奥迪牌,364558000000000000 ,364558000000000000 ,198805,198805,6,2,4,工作日,非高峰,2015-04-15,2015年4月15日,多云 /多云,24℃ / 16℃,东南风 ≤3级 /南风 ≤3级,多云,多云,24,16,东南风,≤3级,南风,≤3级,day
2015-04-15 08:00:00,长江路,8、依法应负全责的其他情形,负全部责任,不负责任,1,贵CCR468,白色,1,贵AEP744,白色,长运驾校,520127,2014/9/23 0:00,2004/12/3 0:00,北京现代牌,雪佛兰牌,36606751174848447X,364551000000000000 ,199307,198610,8,2,4,工作日,早高峰(7-9点),2015-04-15,2015年4月15日,多云 /多云,24℃ / 16℃,东南风 ≤3级 /南风 ≤3级,多云,多云,24,16,东南风,≤3级,南风,≤3级,day
2015-04-15 07:40:00,白云区,3、倒车的,负全部责任,不负责任,1,贵AN2991,红,1,贵CH0169,黄,新华驾校,-1,2013/9/29 0:00,-1,银钢牌,长安牌,354661000000000000 ,X34769519343434453,197502,198505,7,2,4,工作日,早高峰(7-9点),2015-04-15,2015年4月15日,多云 /多云,24℃ / 16℃,东南风 ≤3级 /南风 ≤3级,多云,多云,24,16,东南风,≤3级,南风,≤3级,day