accidenttime,accidentaddr,driver1fault,driver1responsibility,driver2responsibility,sex1,platenumber1,carcolor1,sex2,platenumber2,carcolor2,jxmc1,jxmc2,cclzrq1,cclzrq2,clpp1,clpp2,driver1license,driver2license,brith1,brith2,hour,weekday,month,is_weekday,peak_hour,date,日期,天气状况,气温,风力风向,day_wea,night_wea,day_tep,night_tep,day_wind_direction,day_wind_speed,night_wind_direction,night_wind_speed,segment
2015-04-15 08:00:00,头桥,8、依法应负全责的其他情形,负全部责任,不负责任,1,贵AKV145,白色,1,贵ACE000,黑色,-1,预约考试窗口,-1,2007/2/14 0:00,轩逸牌,奥迪牌,366846000000000000 ,364568000000000000 ,198303,198803,8,2,4,工作日,早高峰(7-9点),2015-04-15,2015年4月15日,多云 /多云,24℃ / 16℃,东南风 ≤3级 /南风 ≤3级,多云,多云,24,16,东南风,≤3级,南风,≤3级,day
2015-04-15 09:00:00,小河,8、依法应负全责的其他情形,负全部责任,不负责任,1,贵A98541,白色,1,贵A7BL57,白色,-1,自培,-1,2006/6/22 0:00,时风牌,夏利牌,3663465182546957X,36454751214662247X,197610,196902,9,2,4,工作日,早高峰(7-9点),2015-04-15,2015年4月15日,多云 /多云,24℃ / 16℃,东南风 ≤3级 /南风 ≤3级,多云,多云,24,16,东南风,≤3级,南风,≤3级,day
2015-04-15 08:45:00,花果园,7、未按规定让行的 ,负全部责任,不负责任,1,贵A56A62,白,0,贵A8BH17,白,-1,（南明区）金大驾驶培训有限公司,-1,2011/6/22 0:00,夏利牌,东风日产牌,356168000000000000 ,364548000000000000 ,197001,198710,8,2,4,工作日,早高峰(7-9点),2015-04-15,2015年4月15日,多云 /多云,24℃ / 16℃,东南风 ≤3级 /南风 ≤3级,多云,多云,24,16,东南风,≤3级,南风,≤3级,day
2015-04-15 09:00:00,北京西路,7、未按规定让行的 ,负全部责任,不负责任,1,贵AKT619,白,1,贵JBT766,白,（乌当区）新天驾驶培训有限公司,蓝天驾校,2010/10/15 0:00,2014/9/3 0:00,思威牌,北京现代牌,76174500000000000 ,726068000000000000 ,197303,196910,9,2,4,工作日,早高峰(7-9点),2015-04-15,2015年4月15日,多云 /多云,24℃ / 16℃,东南风 ≤3级 /南风 ≤3级,多云,多云,24,16,东南风,≤3级,南风,≤3级,day
2015-04-15 09:50:00,白云南路,1、追尾的,负全部责任,不负责任,1,贵AU0886,绿,1,贵A8981N,白,贵州省黔东南州宏达驾驶学校,贵大佳德驾驶培训学校,-1,2012/3/21 0:00,宝来牌,吉利牌,366268000000000000 ,366067000000000000 ,198508,198803,9,2,4,工作日,早高峰(7-9点),2015-04-15,2015年4月15日,多云 /多云,24℃ / 16℃,东南风 ≤3级 /南风 ≤3级,多云,多云,24,16,东南风,≤3级,南风,≤3级,day
2015-04-15 09:00:00,油榨街,7、未按规定让行的 ,负全部责任,不负责任,1,贵HW4735,白色,1,贵A37223,白色,贵州现代驾驶培训责任有限公司,路路达驾校,2010/11/9 0:00,2014/2/19 0:00,本田牌,海伦哲牌,366246000000000000 ,36455751144364693X,198203,199005,9,2,4,工作日,早高峰(7-9点),2015-04-15,2015年4月15日,多云 /多云,24℃ / 16℃,东南风 ≤3级 /南风 ≤3级,多云,多云,24,16,东南风,≤3级,南风,≤3级,day
2015-04-15 09:30:00,别京西路,1、追尾的,负全部责任,不负责任,1,贵A78W32,黑,1,贵JBS562,银,自培,-1,2008/2/3 0:00,-1,丰田牌,金杯牌,56963500000000000 ,366668000000000000 ,197408,198110,9,2,4,工作日,早高峰(7-9点),2015-04-15,2015年4月15日,多云 /多云,24℃ / 16℃,东南风 ≤3级 /南风 ≤3级,多云,多云,24,16,东南风,≤3级,南风,≤3级,day
2015-04-15 09:20:00,小河,7、未按规定让行的 ,负全部责任,不负责任,1,贵A3BF96,白色,1,贵A82A81,白色,（经开区）十一驾驶培训有限公司,自培,2008/1/4 0:00,2014/11/28 0:00,斯柯达牌,丰田牌,366367000000000000 ,230768000000000000 ,197807,198506,9,2,4,工作日,早高峰(7-9点),2015-04-15,2015年4月15日,多云 /多云,24℃ / 16℃,东南风 ≤3级 /南风 ≤3级,多云,多云,24,16,东南风,≤3级,南风,≤3级,day
2015-04-15 05:28:00,长江路,7、未按规定让行的 ,负全部责任,不负责任,1,晋FGA591,白色,1,贵A790E9,黄色,自培,-1,2005/12/21 0:00,-1,帕萨特牌,福田牌,366070000000000000 ,356166000000000000 ,198707,197711,5,2,4,工作日,非高峰,2015-04-15,2015年4月15日,多云 /多云,24℃ / 16℃,东南风 ≤3级 /南风 ≤3级,多云,多云,24,16,东南风,≤3级,南风,≤3级,night
2015-04-15 08:35:00,城市魔方,8、依法应负全责的其他情形,负全部责任,不负责任,0,贵A6BJ27,银,1,贵AZG612,黑,自培,520108,2004/4/30 0:00,2009/9/2 0:00,揽胜极光,荣威牌,364547000000000000 ,366064000000000000 ,197212,198510,8,2,4,工作日,早高峰(7-9点),2015-04-15,2015年4月15日,多云 /多云,24℃ / 16℃,东南风 ≤3级 /南风 ≤3级,多云,多云,24,16,东南风,≤3级,南风,≤3级,day
2015-04-15 08:30:00,黔林山路,1、追尾的,负全部责任,不负责任,1,贵AP2124,黑,1,贵AB9155,银,铁二局驾校,十一培,2012/12/5 0:00,1998/6/2 0:00,比亚迪牌,宗申牌,364647000000000000 ,364547000000000000 ,198403,196504,8,2,4,工作日,早高峰(7-9点),2015-04-15,2015年4月15日,多云 /多云,24℃ / 16℃,东南风 ≤3级 /南风 ≤3级,多云,多云,24,16,东南风,≤3级,南风,≤3级,day
2015-04-15 09:30:00,中华北路,1、追尾的,负全部责任,不负责任,0,贵A42088,银,0,贵AAR516,红,-1,自培,-1,2001/1/22 0:00,丰田牌,锋范牌,364548000000000000 ,366661000000000000 ,195710,197308,9,2,4,工作日,早高峰(7-9点),2015-04-15,2015年4月15日,多云 /多云,24℃ / 16℃,东南风 ≤3级 /南风 ≤3级,多云,多云,24,16,东南风,≤3级,南风,≤3级,day
2015-04-15 09:30:00,市北路,7、未按规定让行的 ,负全部责任,不负责任,0,贵A85584,白,1,贵A89416,白,自培,自培,2001/8/27 0:00,2003/8/14 0:00,大众牌,中联牌,366363000000000000 ,356168000000000000 ,196909,196711,9,2,4,工作日,早高峰(7-9点),2015-04-15,2015年4月15日,多云 /多云,24℃ / 16℃,东南风 ≤3级 /南风 ≤3级,多云,多云,24,16,东南风,≤3级,南风,≤3级,day
2015-04-15 08:00:00,护国路,7、未按规定让行的 ,负全部责任,不负责任,1,贵AB3531,白色,1,贵ACT431,白色,自培,自培,2004/5/28 0:00,2003/4/21 0:00,大阳牌,路虎,36454651805569446X,366064000000000000 ,197411,198101,8,2,4,工作日,早高峰(7-9点),2015-04-15,2015年4月15日,多云 /多云,24℃ / 16℃,东南风 ≤3级 /南风 ≤3级,多云,多云,24,16,东南风,≤3级,南风,≤3级,day
2015-04-15 08:30:00,清溪路,7、未按规定让行的 ,负全部责任,不负责任,1,贵A8R096,白色,1,贵A3667F,白色,自培,自培,2000/6/5 0:00,2006/4/28 0:00,飞度牌,长城牌,364556000000000000 ,364556000000000000 ,195305,196605,8,2,4,工作日,早高峰(7-9点),2015-04-15,2015年4月15日,多云 /多云,24℃ / 16℃,东南风 ≤3级 /南风 ≤3级,多云,多云,24,16,东南风,≤3级,南风,≤3级,day
2015-04-15 08:30:00,西南环线,8、依法应负全责的其他情形,负全部责任,不负责任,1,闽AB7766,白色,1,贵A8174S,白色,自培,自培,2003/1/9 0:00,2002/11/28 0:00,隆鑫牌,夏利牌,366864000000000000 ,366064000000000000 ,197806,197207,8,2,4,工作日,早高峰(7-9点),2015-04-15,2015年4月15日,多云 /多云,24℃ / 16℃,东南风 ≤3级 /南风 ≤3级,多云,多云,24,16,东南风,≤3级,南风,≤3级,day
2015-04-15 04:00:00,电视机厂,1、追尾的,负全部责任,不负责任,1,贵AFY138,白色,1,贵AX9283,白色,自培,自培,2007/1/23 0:00,2000/4/7 0:00,朗风,金洪牌,35616751214667391X,36454751815674005X,196902,197912,4,2,4,工作日,非高峰,2015-04-15,2015年4月15日,多云 /多云,24℃ / 16℃,东南风 ≤3级 /南风 ≤3级,多云,多云,24,16,东南风,≤3级,南风,≤3级,night
2015-04-15 09:00:00,新添大道,7、未按规定让行的 ,负全部责任,不负责任,1,贵ATK892,蓝,1,贵AP1484,红,顺一驾驶培训学校,-1,2005/12/31 0:00,-1,夏利牌,起亚牌,364547000000000000 ,366370000000000000 ,196401,199205,9,2,4,工作日,早高峰(7-9点),2015-04-15,2015年4月15日,多云 /多云,24℃ / 16℃,东南风 ≤3级 /南风 ≤3级,多云,多云,24,16,东南风,≤3级,南风,≤3级,day
2015-04-15 08:50:00,水口寺,7、未按规定让行的 ,负全部责任,不负责任,1,贵A9K592,白色,1,贵ACU239,白色,六盘水黔龙驾驶培训有限公司,-1,2013/11/6 0:00,-1,-1,时代牌,364547000000000000 ,366068000000000000 ,197505,197807,8,2,4,工作日,早高峰(7-9点),2015-04-15,2015年4月15日,多云 /多云,24℃ / 16℃,东南风 ≤3级 /南风 ≤3级,多云,多云,24,16,东南风,≤3级,南风,≤3级,day
2015-04-15 09:10:00,解放路,1、追尾的,负全部责任,不负责任,1,贵A47618,银,1,贵AHN244,蓝,路路达驾校（白云区）,青正驾校,2015/3/5 0:00,2006/7/18 0:00,山地,雪佛兰牌,364547000000000000 ,366346000000000000 ,199608,198310,9,2,4,工作日,早高峰(7-9点),2015-04-15,2015年4月15日,多云 /多云,24℃ / 16℃,东南风 ≤3级 /南风 ≤3级,多云,多云,24,16,东南风,≤3级,南风,≤3级,day
2015-04-15 10:50:00,影中大道,7、未按规定让行的 ,负全部责任,不负责任,1,闽A3226E,白色,1,贵HP6813,白色,-1,520116,-1,-1,马自达牌,传祺牌,356161000000000000 ,366270000000000000 ,196607,198408,10,2,4,工作日,非高峰,2015-04-15,2015年4月15日,多云 /多云,24℃ / 16℃,东南风 ≤3级 /南风 ≤3级,多云,多云,24,16,东南风,≤3级,南风,≤3级,day
2015-04-15 10:40:00,西二环,7、未按规定让行的 ,负全部责任,不负责任,1,贵A6415T,银,1,贵ASC142,黑,自培,自培,2007/7/30 0:00,-1,奇瑞牌,丰田牌,366361000000000000 ,366864000000000000 ,198112,199006,10,2,4,工作日,非高峰,2015-04-15,2015年4月15日,多云 /多云,24℃ / 16℃,东南风 ≤3级 /南风 ≤3级,多云,多云,24,16,东南风,≤3级,南风,≤3级,day
2015-04-15 11:00:00,太慈桥,7、未按规定让行的 ,负全部责任,不负责任,1,渝BR7825,白色,1,贵AYM356,白色,-1,520125,-1,2007/11/19 0:00,无,长安牌,354667000000000000 ,366675000000000000 ,197410,198203,11,2,4,工作日,非高峰,2015-04-15,2015年4月15日,多云 /多云,24℃ / 16℃,东南风 ≤3级 /南风 ≤3级,多云,多云,24,16,东南风,≤3级,南风,≤3级,day
2015-04-15 10:30:00,盐务街,1、追尾的,负全部责任,不负责任,1,贵AKV228,白,1,贵HAU194,银,金大驾校,-1,2011/4/15 0:00,-1,神行者,东风牌,364547000000000000 ,354562000000000000 ,198912,197004,10,2,4,工作日,非高峰,2015-04-15,2015年4月15日,多云 /多云,24℃ / 16℃,东南风 ≤3级 /南风 ≤3级,多云,多云,24,16,东南风,≤3级,南风,≤3级,day
2015-04-15 11:22:00,白金城,1、追尾的,负全部责任,不负责任,1,贵A3343T,白,1,贵A8LE24,红,文通驾校,时发,2011/12/12 0:00,2006/1/10 0:00,奇瑞牌,-1,364568000000000000 ,36455651934649767X,198609,198502,11,2,4,工作日,非高峰,2015-04-15,2015年4月15日,多云 /多云,24℃ / 16℃,东南风 ≤3级 /南风 ≤3级,多云,多云,24,16,东南风,≤3级,南风,≤3级,day
2015-04-15 10:00:00,智慧龙城,8、依法应负全责的其他情形,负全部责任,不负责任,1,贵JAM399,白,1,贵A95S39,黄,省交校,-1,2014/5/8 0:00,-1,奥迪牌,北京现代牌,364548000000000000 ,354670000000000000 ,198211,197612,10,2,4,工作日,非高峰,2015-04-15,2015年4月15日,多云 /多云,24℃ / 16℃,东南风 ≤3级 /南风 ≤3级,多云,多云,24,16,东南风,≤3级,南风,≤3级,day
2015-04-15 10:20:00,二戈寨,8、依法应负全责的其他情形,负全部责任,不负责任,1,贵GM9460,白色,1,渝BRF732,白色,贵州省长安驾驶培训学校,-1,2014/1/18 0:00,-1,东南牌,比亚迪牌,366369000000000000 ,354660000000000000 ,199307,198109,10,2,4,工作日,非高峰,2015-04-15,2015年4月15日,多云 /多云,24℃ / 16℃,东南风 ≤3级 /南风 ≤3级,多云,多云,24,16,东南风,≤3级,南风,≤3级,day
2015-04-15 11:40:00,宝山路,7、未按规定让行的 ,负全部责任,不负责任,1,贵AHE867,黑,1,粤YQH099,银,铁二局驾校,-1,2012/2/9 0:00,-1,奇瑞牌,雷克萨斯,364551000000000000 ,67760500000000000 ,198707,197710,11,2,4,工作日,非高峰,2015-04-15,2015年4月15日,多云 /多云,24℃ / 16℃,东南风 ≤3级 /南风 ≤3级,多云,多云,24,16,东南风,≤3级,南风,≤3级,day
2015-04-15 13:20:00,金阳,1、追尾的,负全部责任,不负责任,1,贵A45691,白,1,贵AA407M,黑,-1,阳光驾校,-1,2014/10/8 0:00,嘉陵,荣威牌,366663000000000000 ,364557000000000000 ,197411,197101,13,2,4,工作日,非高峰,2015-04-15,2015年4月15日,多云 /多云,24℃ / 16℃,东南风 ≤3级 /南风 ≤3级,多云,多云,24,16,东南风,≤3级,南风,≤3级,day
2015-04-15 13:40:00,都思路,8、依法应负全责的其他情形,负全部责任,不负责任,0,贵A11N81,白,1,川XAU805,红,吉源驾校,-1,2015/1/20 0:00,-1,江淮牌,长城牌 ,366662000000000000 ,355247000000000000 ,198505,199006,13,2,4,工作日,非高峰,2015-04-15,2015年4月15日,多云 /多云,24℃ / 16℃,东南风 ≤3级 /南风 ≤3级,多云,多云,24,16,东南风,≤3级,南风,≤3级,day
2015-04-15 13:30:00,轮胎厂,8、依法应负全责的其他情形,负全部责任,不负责任,1,贵A68P69,银,1,贵AU6315,蓝,毕节地区黔中汽车(摩托车)驾驶培训学校,自培,-1,2006/8/9 0:00,金杯牌,捷达牌,366068000000000000 ,364548000000000000 ,198510,198709,13,2,4,工作日,非高峰,2015-04-15,2015年4月15日,多云 /多云,24℃ / 16℃,东南风 ≤3级 /南风 ≤3级,多云,多云,24,16,东南风,≤3级,南风,≤3级,day
2015-04-15 10:00:00,贵安大道,7、未按规定让行的 ,负全部责任,不负责任,1,贵AS6904,白色,1,贵AGE187,白色,自培,铁二局驾校,2002/10/9 0:00,2010/11/15 0:00,大阳牌,雷克萨斯,366061000000000000 ,36455551914054595X,198110,198904,10,2,4,工作日,非高峰,2015-04-15,2015年4月15日,多云 /多云,24℃ / 16℃,东南风 ≤3级 /南风 ≤3级,多云,多云,24,16,东南风,≤3级,南风,≤3级,day
2015-04-15 10:15:00,云岩区,1、追尾的,负全部责任,不负责任,1,贵A12M76,白,1,贵AP0043,白,自培,自培,2004/9/27 0:00,2011/12/19 0:00,别克牌,尼桑牌,364548000000000000 ,374564000000000000 ,196607,197802,10,2,4,工作日,非高峰,2015-04-15,2015年4月15日,多云 /多云,24℃ / 16℃,东南风 ≤3级 /南风 ≤3级,多云,多云,24,16,东南风,≤3级,南风,≤3级,day
2015-04-15 10:00:00,金国璐,7、未按规定让行的 ,负全部责任,不负责任,1,贵F71423,黑,1,贵AA215M,银,自培,-1,2014/10/17 0:00,-1,福克斯牌,吉利牌,364566000000000000 ,366361000000000000 ,199511,196707,10,2,4,工作日,非高峰,2015-04-15,2015年4月15日,多云 /多云,24℃ / 16℃,东南风 ≤3级 /南风 ≤3级,多云,多云,24,16,东南风,≤3级,南风,≤3级,day
2015-04-15 10:00:00,沙冲路,8、依法应负全责的其他情形,负全部责任,不负责任,1,贵AGD565,银,1,贵AUA462,银,自培,十一培,2009/3/2 0:00,1996/6/20 0:00,夏利,丰田牌,366566000000000000 ,364548000000000000 ,198007,197308,10,2,4,工作日,非高峰,2015-04-15,2015年4月15日,多云 /多云,24℃ / 16℃,东南风 ≤3级 /南风 ≤3级,多云,多云,24,16,东南风,≤3级,南风,≤3级,day
2015-04-15 10:22:00,白云区,1、追尾的,负全部责任,不负责任,1,鄂AH3G23,黑,0,贵A7689V,蓝,自培,自培,2008/12/1 0:00,2006/1/24 0:00,奥迪牌,五菱牌,366568000000000000 ,366068000000000000 ,198810,198404,10,2,4,工作日,非高峰,2015-04-15,2015年4月15日,多云 /多云,24℃ / 16℃,东南风 ≤3级 /南风 ≤3级,多云,多云,24,16,东南风,≤3级,南风,≤3级,day
2015-04-15 12:00:00,东站路,7、未按规定让行的 ,负全部责任,不负责任,1,贵A76Z34,白色,1,贵GS9246,白色,织金县织通驾驶培训学校,全林驾校,-1,-1,金旅牌,大众牌,366064000000000000 ,366577000000000000 ,199201,198312,12,2,4,工作日,非高峰,2015-04-15,2015年4月15日,多云 /多云,24℃ / 16℃,东南风 ≤3级 /南风 ≤3级,多云,多云,24,16,东南风,≤3级,南风,≤3级,day
2015-04-15 13:25:00,白云区,7、未按规定让行的 ,负全部责任,不负责任,1,贵GV3513,白,1,贵A7575T,白,新华驾校,520131,2012/12/18 0:00,2011/7/11 0:00,揽胜极光,荣威牌,366361000000000000 ,364558000000000000 ,197006,197501,13,2,4,工作日,非高峰,2015-04-15,2015年4月15日,多云 /多云,24℃ / 16℃,东南风 ≤3级 /南风 ≤3级,多云,多云,24,16,东南风,≤3级,南风,≤3级,day
2015-04-15 13:00:00,白云区,8、依法应负全责的其他情形,负全部责任,不负责任,1,贵A59G88,红,1,贵AUA481,黄,自培,消防驾校,2012/5/28 0:00,2011/2/28 0:00,长城牌,吉利美日牌,364558000000000000 ,364558000000000000 ,198809,198804,13,2,4,工作日,非高峰,2015-04-15,2015年4月15日,多云 /多云,24℃ / 16℃,东南风 ≤3级 /南风 ≤3级,多云,多云,24,16,东南风,≤3级,南风,≤3级,day
2015-04-15 12:40:00,金源街,7、未按规定让行的 ,负全部责任,不负责任,1,贵A23L84,白,1,贵A74CZ,白,新华驾校,鑫鑫驾校,2014/11/20 0:00,2011/1/30 0:00,哈弗牌,-1,366566000000000000 ,364558000000000000 ,198602,196206,12,2,4,工作日,非高峰,2015-04-15,2015年4月15日,多云 /多云,24℃ / 16℃,东南风 ≤3级 /南风 ≤3级,多云,多云,24,16,东南风,≤3级,南风,≤3级,day
2015-04-15 13:00:00,八匹马,1、追尾的,负全部责任,不负责任,1,鄂F6H316,黑,1,贵GL1952,白,-1,新华驾校,-1,2012/7/25 0:00,五菱牌,大众牌,64297500000000000 ,364557000000000000 ,198604,198802,13,2,4,工作日,非高峰,2015-04-15,2015年4月15日,多云 /多云,24℃ / 16℃,东南风 ≤3级 /南风 ≤3级,多云,多云,24,16,东南风,≤3级,南风,≤3级,day
2015-04-15 14:40:00,中山西路,8、依法应负全责的其他情形,负全部责任,不负责任,1,陕A1AE6,红,1,贵AVL538,白,龙里县翼翔驾驶培训有限责任公司,-1,2014/1/22 0:00,-1,\N,丰田牌,254566000000000000 ,36686351824658513X,197502,197602,14,2,4,工作日,非高峰,2015-04-15,2015年4月15日,多云 /多云,24℃ / 16℃,东南风 ≤3级 /南风 ≤3级,多云,多云,24,16,东南风,≤3级,南风,≤3级,day
2015-04-15 13:00:00,清水江路,1、追尾的,负全部责任,不负责任,1,贵ACV106,白色,1,贵GV5235,白色,青正驾校,时法驾校,2011/4/6 0:00,2007/3/26 0:00,-1,三菱牌,364551000000000000 ,76067500000000000 ,197707,197208,13,2,4,工作日,非高峰,2015-04-15,2015年4月15日,多云 /多云,24℃ / 16℃,东南风 ≤3级 /南风 ≤3级,多云,多云,24,16,东南风,≤3级,南风,≤3级,day
2015-04-15 14:40:00,南垭路,7、未按规定让行的 ,负全部责任,不负责任,0,贵A6BM14,白,1,贵CFF927,黑,-1,-1,-1,-1,奥迪牌,北京现代牌,36454800000000000 ,364546000000000000 ,199022,197503,14,2,4,工作日,非高峰,2015-04-15,2015年4月15日,多云 /多云,24℃ / 16℃,东南风 ≤3级 /南风 ≤3级,多云,多云,24,16,东南风,≤3级,南风,≤3级,day
2015-04-15 16:50:00,贵惠大道,8、依法应负全责的其他情形,负全部责任,不负责任,1,贵A38C36,白色,1,贵AHF811,白色,-1,520127,-1,2010/2/22 0:00,夏利牌,胜达,364548000000000000 ,354347000000000000 ,192505,197310,16,2,4,工作日,非高峰,2015-04-15,2015年4月15日,多云 /多云,24℃ / 16℃,东南风 ≤3级 /南风 ≤3级,多云,多云,24,16,东南风,≤3级,南风,≤3级,day
2015-04-15 14:40:00,沙冲路口,7、未按规定让行的 ,负全部责任,不负责任,1,渝B06369,白色,1,贵AU7446,白色,-1,-1,-1,-1,无,捷达牌,354675000000000000 ,364546000000000 ,198807,560112,14,2,4,工作日,非高峰,2015-04-15,2015年4月15日,多云 /多云,24℃ / 16℃,东南风 ≤3级 /南风 ≤3级,多云,多云,24,16,东南风,≤3级,南风,≤3级,day
2015-04-15 16:00:00,白云区,1、追尾的,负全部责任,不负责任,1,贵A6770K,黑,1,贵AB979T,黑,自培,路路达驾校,2011/12/29 0:00,2014/11/4 0:00,长安牌,雪佛兰牌,364558000000000000 ,364558000000000000 ,197209,198601,16,2,4,工作日,非高峰,2015-04-15,2015年4月15日,多云 /多云,24℃ / 16℃,东南风 ≤3级 /南风 ≤3级,多云,多云,24,16,东南风,≤3级,南风,≤3级,day
2015-04-15 16:00:00,南明区,1、追尾的,负全部责任,不负责任,1,贵A206C9,白色,1,贵GH3564,白色,自培,自培,-1,2007/11/5 0:00,解放牌,福克斯牌,366067000000000000 ,355266000000000000 ,197102,198904,16,2,4,工作日,非高峰,2015-04-15,2015年4月15日,多云 /多云,24℃ / 16℃,东南风 ≤3级 /南风 ≤3级,多云,多云,24,16,东南风,≤3级,南风,≤3级,day
2015-04-15 15:00:00,威清路,7、未按规定让行的 ,负全部责任,不负责任,1,贵A29Y43,银,1,贵AU7373,蓝,自培,公交公司驾校,2009/1/23 0:00,2008/3/11 0:00,比亚迪牌,宇通牌,376570000000000000 ,364547000000000000 ,197706,198508,15,2,4,工作日,非高峰,2015-04-15,2015年4月15日,多云 /多云,24℃ / 16℃,东南风 ≤3级 /南风 ≤3级,多云,多云,24,16,东南风,≤3级,南风,≤3级,day
2015-04-15 14:30:00,富源路,9、不符合前8款规定或者双方同时具有上述情形的,负同等责任,负同等责任,1,贵AB931E,白色,1,贵JA2911,白色,顺一驾驶培训学校,-1,2012/5/18 0:00,-1,北京现代牌,双庆牌,366864000000000000 ,366864000000000000 ,198602,197706,14,2,4,工作日,非高峰,2015-04-15,2015年4月15日,多云 /多云,24℃ / 16℃,东南风 ≤3级 /南风 ≤3级,多云,多云,24,16,东南风,≤3级,南风,≤3级,day
2015-04-15 15:10:00,大转弯,1、追尾的,负全部责任,不负责任,1,贵GF6892,黑,0,贵A79P26,黄,自培,长运驾校,2004/4/23 0:00,2014/5/16 0:00,奥迪牌,雪佛兰牌,364547000000000000 ,36606751935565726X,198212,198511,15,2,4,工作日,非高峰,2015-04-15,2015年4月15日,多云 /多云,24℃ / 16℃,东南风 ≤3级 /南风 ≤3级,多云,多云,24,16,东南风,≤3级,南风,≤3级,day
2015-04-15 13:30:00,花溪,1、追尾的,负全部责任,不负责任,1,贵JQ5245,白色,1,贵A8K372,白色,自培,未定义,2006/3/29 0:00,2013/11/29 0:00,五菱牌,大众牌,366876000000000000 ,364556000000000000 ,196908,198705,13,2,4,工作日,非高峰,2015-04-15,2015年4月15日,多云 /多云,24℃ / 16℃,东南风 ≤3级 /南风 ≤3级,多云,多云,24,16,东南风,≤3级,南风,≤3级,day
2015-04-15 12:15:00,花果园,7、未按规定让行的 ,负全部责任,不负责任,1,贵A956C6,白色,1,临贵A7K819,白色,自培,-1,2006/7/4 0:00,-1,东风牌,-1,366067000000000000 ,366861000000000000 ,198402,198802,12,2,4,工作日,非高峰,2015-04-15,2015年4月15日,多云 /多云,24℃ / 16℃,东南风 ≤3级 /南风 ≤3级,多云,多云,24,16,东南风,≤3级,南风,≤3级,day
2015-04-15 15:00:00,花溪,7、未按规定让行的 ,负全部责任,不负责任,1,临贵A8R548,白色,1,贵HAX487,白色,自培,-1,2001/3/30 0:00,-1,-1,比亚迪牌,364547000000000000 ,36624551914254625X,197308,198906,15,2,4,工作日,非高峰,2015-04-15,2015年4月15日,多云 /多云,24℃ / 16℃,东南风 ≤3级 /南风 ≤3级,多云,多云,24,16,东南风,≤3级,南风,≤3级,day
2015-04-15 15:00:00,小河,8、依法应负全责的其他情形,负全部责任,不负责任,1,贵A971E9,白色,1,贵AKC973,白色,文通驾校,十一培,2012/12/25 0:00,1992/9/21 0:00,长安牌,吉利美日牌,364556000000000000 ,36454751225469763X,198101,196610,15,2,4,工作日,非高峰,2015-04-15,2015年4月15日,多云 /多云,24℃ / 16℃,东南风 ≤3级 /南风 ≤3级,多云,多云,24,16,东南风,≤3级,南风,≤3级,day
2015-04-15 13:15:00,金阳客站,8、依法应负全责的其他情形,负全部责任,不负责任,1,贵A45605,银,1,贵HY1678,白,遵义市遵义县东方机动车驾驶培训学校,自培,2012/10/10 0:00,2004/2/4 0:00,五羊,梅赛德斯-奔驰,366566000000000000 ,366061000000000000 ,199304,198510,13,2,4,工作日,非高峰,2015-04-15,2015年4月15日,多云 /多云,24℃ / 16℃,东南风 ≤3级 /南风 ≤3级,多云,多云,24,16,东南风,≤3级,南风,≤3级,day
2015-04-15 14:25:00,公园路,7、未按规定让行的 ,负全部责任,不负责任,1,贵AP4233,白色,1,贵AGA346,白色,消防驾校,自培,2011/6/11 0:00,2004/4/16 0:00,北京现代牌,玛莎拉蒂,364566000000000000 ,364551000000000000 ,198609,197811,14,2,4,工作日,非高峰,2015-04-15,2015年4月15日,多云 /多云,24℃ / 16℃,东南风 ≤3级 /南风 ≤3级,多云,多云,24,16,东南风,≤3级,南风,≤3级,day
2015-04-15 15:15:00,湘雅村,9、不符合前8款规定或者双方同时具有上述情形的,负同等责任,负同等责任,0,贵AKC618,黄,1,贵GL4626,白,-1,自培,-1,2006/1/6 0:00,长城牌,北京现代牌,3645460000000000 ,366669000000000000 ,976081,198311,15,2,4,工作日,非高峰,2015-04-15,2015年4月15日,多云 /多云,24℃ / 16℃,东南风 ≤3级 /南风 ≤3级,多云,多云,24,16,东南风,≤3级,南风,≤3级,day
2015-04-15 17:00:00,云岩区,7、未按规定让行的 ,负全部责任,不负责任,1,贵A31H16,白色,1,贵AA1989,白色,顺一驾驶培训学校,自培,2014/6/26 0:00,2002/12/29 0:00,大众牌,丰田,36606751874151347X,364547000000000000 ,197309,196306,17,2,4,工作日,晚高峰(17-19点),2015-04-15,2015年4月15日,多云 /多云,24℃ / 16℃,东南风 ≤3级 /南风 ≤3级,多云,多云,24,16,东南风,≤3级,南风,≤3级,day