accidenttime,accidentaddr,driver1fault,driver1responsibility,driver2responsibility,sex1,platenumber1,carcolor1,sex2,platenumber2,carcolor2,jxmc1,jxmc2,cclzrq1,cclzrq2,clpp1,clpp2,driver1license,driver2license,brith1,brith2,hour,weekday,month,is_weekday,peak_hour,date,日期,天气状况,气温,风力风向,day_wea,night_wea,day_tep,night_tep,day_wind_direction,day_wind_speed,night_wind_direction,night_wind_speed,segment
2015-04-15 12:00:00,解放路,7、未按规定让行的 ,负全部责任,不负责任,1,贵A2SK93,黑,1,贵AU7247,绿,自培,自培,2007/7/26 0:00,2004/7/30 0:00,-1,宝来牌,366068000000000000 ,364557000000000000 ,197304,198211,12,2,4,工作日,非高峰,2015-04-15,2015年4月15日,多云 /多云,24℃ / 16℃,东南风 ≤3级 /南风 ≤3级,多云,多云,24,16,东南风,≤3级,南风,≤3级,day
2015-04-15 17:15:00,新世界,1、追尾的,负全部责任,不负责任,1,贵AM5053,红,1,贵AB657F,黑,-1,贵州现代驾驶培训责任有限公司,-1,2011/9/8 0:00,建设牌,长安牌,61440500000000000 ,364596000000000000 ,196304,198805,17,2,4,工作日,晚高峰(17-19点),2015-04-15,2015年4月15日,多云 /多云,24℃ / 16℃,东南风 ≤3级 /南风 ≤3级,多云,多云,24,16,东南风,≤3级,南风,≤3级,day
2015-04-15 17:30:00,白云区,1、追尾的,负全部责任,不负责任,1,贵HQ5664,银,1,贵A3973R,银,（白云区）景宏驾驶培训有限公司,贵大佳德驾驶培训学校,2007/9/14 0:00,2013/10/15 0:00,别克牌,英伦牌,364558000000000000 ,366564000000000000 ,198111,197206,17,2,4,工作日,晚高峰(17-19点),2015-04-15,2015年4月15日,多云 /多云,24℃ / 16℃,东南风 ≤3级 /南风 ≤3级,多云,多云,24,16,东南风,≤3级,南风,≤3级,day
2015-04-15 17:00:00,景逸园,7、未按规定让行的 ,负全部责任,不负责任,0,贵C25244,黑,1,贵A36N85,红,（乌当区）平安驾驶培训有限公司,自培,2006/11/20 0:00,2003/5/16 0:00,宗申,宝马,364547000000000000 ,366061000000000000 ,197006,197103,17,2,4,工作日,晚高峰(17-19点),2015-04-15,2015年4月15日,多云 /多云,24℃ / 16℃,东南风 ≤3级 /南风 ≤3级,多云,多云,24,16,东南风,≤3级,南风,≤3级,day
2015-04-15 17:10:00,云岩区,7、未按规定让行的 ,负全部责任,不负责任,1,贵A5H674,黑,1,贵A68A38,黑,-1,其他,-1,2009/4/16 0:00,北京牌,长安牌,78456351934040686X,364548000000000000 ,198504,198502,17,2,4,工作日,晚高峰(17-19点),2015-04-15,2015年4月15日,多云 /多云,24℃ / 16℃,东南风 ≤3级 /南风 ≤3级,多云,多云,24,16,东南风,≤3级,南风,≤3级,day
2015-04-15 18:10:00,花果园,7、未按规定让行的 ,负全部责任,不负责任,1,贵CBT606,白色,1,贵A7330P,白色,铁二局驾校,-1,2004/5/11 0:00,-1,五菱牌,五菱牌,366367000000000000 ,366561000000000000 ,198302,197108,18,2,4,工作日,晚高峰(17-19点),2015-04-15,2015年4月15日,多云 /多云,24℃ / 16℃,东南风 ≤3级 /南风 ≤3级,多云,多云,24,16,东南风,≤3级,南风,≤3级,day
2015-04-15 17:10:00,省府路,3、倒车的,负全部责任,不负责任,1,贵ACB835,黄,1,贵A5BH58,黄,市交校,（云岩区）时发驾驶培训有限公司,2012/3/27 0:00,2015/1/5 0:00,霸锐,别克牌,576148000000000000 ,56862500000000000 ,197612,198107,17,2,4,工作日,晚高峰(17-19点),2015-04-15,2015年4月15日,多云 /多云,24℃ / 16℃,东南风 ≤3级 /南风 ≤3级,多云,多云,24,16,东南风,≤3级,南风,≤3级,day
2015-04-15 17:18:00,小河,7、未按规定让行的 ,负全部责任,不负责任,1,贵AGZ476,白,1,贵AS8951,白,-1,贵州省长安驾驶培训学校,-1,2005/6/2 0:00,吉利,丰田牌,366068000000000000 ,364548000000000000 ,198412,197704,17,2,4,工作日,晚高峰(17-19点),2015-04-15,2015年4月15日,多云 /多云,24℃ / 16℃,东南风 ≤3级 /南风 ≤3级,多云,多云,24,16,东南风,≤3级,南风,≤3级,day
2015-04-15 18:00:00,购物中心,7、未按规定让行的 ,负全部责任,不负责任,1,湘B2HA88,白色,1,贵A24N32,白色,-1,顺一驾驶培训学校,-1,2010/5/14 0:00,五菱牌,大众汽车牌,74695500000000000 ,36454651934040955X,198103,198504,18,2,4,工作日,晚高峰(17-19点),2015-04-15,2015年4月15日,多云 /多云,24℃ / 16℃,东南风 ≤3级 /南风 ≤3级,多云,多云,24,16,东南风,≤3级,南风,≤3级,day
2015-04-15 18:00:00,长岭南路,8、依法应负全责的其他情形,负全部责任,不负责任,1,川A5QY42,银,0,贵A2G992,黄,-1,重庆交通技工学校驾校,-1,2007/11/16 0:00,明锐牌,-1,354567000000000000 ,366864000000000000 ,198611,198702,18,2,4,工作日,晚高峰(17-19点),2015-04-15,2015年4月15日,多云 /多云,24℃ / 16℃,东南风 ≤3级 /南风 ≤3级,多云,多云,24,16,东南风,≤3级,南风,≤3级,day
2015-04-15 17:00:00,甲秀南路,1、追尾的,负全部责任,不负责任,1,贵AMK473,白色,1,闽C5994V,白色,贵大驾校,-1,2012/3/12 0:00,-1,海马牌,科雷傲,61442500000000000 ,734397000000000000 ,196306,198801,17,2,4,工作日,晚高峰(17-19点),2015-04-15,2015年4月15日,多云 /多云,24℃ / 16℃,东南风 ≤3级 /南风 ≤3级,多云,多云,24,16,东南风,≤3级,南风,≤3级,day
2015-04-15 20:00:00,花果园,9、不符合前8款规定或者双方同时具有上述情形的,负同等责任,负同等责任,1,贵ADE311,黑,1,贵JV0006,银,-1,无,-1,2008/4/10 0:00,东风牌,梅赛德斯-奔驰,74365500000000000 ,364548000000000000 ,197512,198903,20,2,4,工作日,非高峰,2015-04-15,2015年4月15日,多云 /多云,24℃ / 16℃,东南风 ≤3级 /南风 ≤3级,多云,多云,24,16,东南风,≤3级,南风,≤3级,night
2015-04-16 00:05:00,青山小区,1、追尾的,负全部责任,不负责任,1,贵A82V69,黑,1,贵FV2281,白,-1,贵大驾校,-1,2011/11/14 0:00,天马牌,长城牌,54665500000000000 ,364547000000000000 ,196511,196911,0,3,4,工作日,非高峰,2015-04-16,2015年4月16日,多云 /多云,29℃ / 17℃,南风 ≤3级 /南风 ≤3级,多云,多云,29,17,南风,≤3级,南风,≤3级,night
2015-04-16 04:30:00,花溪公园,7、未按规定让行的 ,负全部责任,不负责任,1,贵J66875,白色,1,贵A2197G,白色,-1,贵大佳德驾驶培训学校,-1,2015/1/30 0:00,珠江,理念牌,366862000000000000 ,36657551164564026X,196408,199201,4,3,4,工作日,非高峰,2015-04-16,2015年4月16日,多云 /多云,29℃ / 17℃,南风 ≤3级 /南风 ≤3级,多云,多云,29,17,南风,≤3级,南风,≤3级,night
2015-04-15 19:30:00,小河,7、未按规定让行的 ,负全部责任,不负责任,1,贵GP9890,白色,1,贵AM8881,白色,市交校,十一驾驶培训有限公司,2011/10/17 0:00,2014/11/18 0:00,起亚牌,宝马,366864000000000000 ,366069000000000000 ,198309,199304,19,2,4,工作日,晚高峰(17-19点),2015-04-15,2015年4月15日,多云 /多云,24℃ / 16℃,东南风 ≤3级 /南风 ≤3级,多云,多云,24,16,东南风,≤3级,南风,≤3级,day
2015-04-15 17:10:00,云潭南路,1、追尾的,负全部责任,不负责任,1,贵A8AU68,白,1,贵APF079,黑,自培,-1,2006/4/4 0:00,-1,马自达牌,捷达牌,364547000000000000 ,366761000000000000 ,198306,198903,17,2,4,工作日,晚高峰(17-19点),2015-04-15,2015年4月15日,多云 /多云,24℃ / 16℃,东南风 ≤3级 /南风 ≤3级,多云,多云,24,16,东南风,≤3级,南风,≤3级,day
2015-04-15 15:00:00,后坝,1、追尾的,负全部责任,不负责任,1,贵A649B5,黑,1,贵APB217,蓝,路路达驾校,自培,2013/6/17 0:00,2003/11/20 0:00,东风牌,夏利牌,364568000000000000 ,364547000000000000 ,199412,197803,15,2,4,工作日,非高峰,2015-04-15,2015年4月15日,多云 /多云,24℃ / 16℃,东南风 ≤3级 /南风 ≤3级,多云,多云,24,16,东南风,≤3级,南风,≤3级,day
2015-04-15 17:00:00,甲秀南路,7、未按规定让行的 ,负全部责任,不负责任,1,贵AU7574,白色,1,贵A12A12,白色,-1,自培,-1,2006/6/12 0:00,万达牌,别克牌,36464600000000000 ,364548000000000000 ,197409,198203,17,2,4,工作日,晚高峰(17-19点),2015-04-15,2015年4月15日,多云 /多云,24℃ / 16℃,东南风 ≤3级 /南风 ≤3级,多云,多云,24,16,东南风,≤3级,南风,≤3级,day
2015-04-15 17:50:00,乌当,8、依法应负全责的其他情形,负全部责任,不负责任,1,贵AK9979,白,1,贵A95581,白,-1,自培,-1,2010/10/26 0:00,雪佛兰牌,东风牌,36454800000000000 ,366070000000000000 ,196212,198503,17,2,4,工作日,晚高峰(17-19点),2015-04-15,2015年4月15日,多云 /多云,24℃ / 16℃,东南风 ≤3级 /南风 ≤3级,多云,多云,24,16,东南风,≤3级,南风,≤3级,day
2015-04-15 18:30:00,黄金路,8、依法应负全责的其他情形,负全部责任,不负责任,1,贵AU7518,绿,1,贵AU0467,蓝,无,自培,1993/12/14 0:00,2002/1/8 0:00,豪门牌,万达牌,364547000000000000 ,364548000000000000 ,196401,198009,18,2,4,工作日,晚高峰(17-19点),2015-04-15,2015年4月15日,多云 /多云,24℃ / 16℃,东南风 ≤3级 /南风 ≤3级,多云,多云,24,16,东南风,≤3级,南风,≤3级,day
2015-04-15 18:20:00,白云区,7、未按规定让行的 ,负全部责任,不负责任,0,贵AJ1822,黄,1,云S5M465,白,（南明区）阳光驾驶培训有限公司,自培,2005/1/11 0:00,2002/6/27 0:00,骐达(TIIDA)牌,-1,364558000000000000 ,364558000000000000 ,196410,198311,18,2,4,工作日,晚高峰(17-19点),2015-04-15,2015年4月15日,多云 /多云,24℃ / 16℃,东南风 ≤3级 /南风 ≤3级,多云,多云,24,16,东南风,≤3级,南风,≤3级,day
2015-04-15 16:00:00,电视机厂,8、依法应负全责的其他情形,负全部责任,不负责任,1,贵JDC723,白色,1,贵A83K25,白色,自培,自培,2003/5/12 0:00,2004/8/30 0:00,大众牌,梅赛德斯-奔驰牌,354697000000000000 ,364548000000000000 ,198112,197809,16,2,4,工作日,非高峰,2015-04-15,2015年4月15日,多云 /多云,24℃ / 16℃,东南风 ≤3级 /南风 ≤3级,多云,多云,24,16,东南风,≤3级,南风,≤3级,day
2015-04-15 20:00:00,西二环,1、追尾的,负全部责任,不负责任,1,贵A36A34,黑色,1,贵A54486,白色,520135,凯信驾校（花溪区）,2008/10/27 0:00,2011/12/26 0:00,比亚迪牌,钱江,364567000000000000 ,364567000000000000 ,198811,199005,20,2,4,工作日,非高峰,2015-04-15,2015年4月15日,多云 /多云,24℃ / 16℃,东南风 ≤3级 /南风 ≤3级,多云,多云,24,16,东南风,≤3级,南风,≤3级,night
2015-04-15 19:10:00,五里冲,8、依法应负全责的其他情形,负全部责任,不负责任,1,渝GV7371,白色,1,贵JAL162,白色,-1,阳光驾校,-1,2012/4/17 0:00,长安牌,东风牌,356767000000000000 ,366876000000000000 ,197304,196901,19,2,4,工作日,晚高峰(17-19点),2015-04-15,2015年4月15日,多云 /多云,24℃ / 16℃,东南风 ≤3级 /南风 ≤3级,多云,多云,24,16,东南风,≤3级,南风,≤3级,day
2015-04-15 18:50:00,白云区,1、追尾的,负全部责任,不负责任,1,贵JBS257,白,1,贵A7843A,白,自培,-1,2007/12/7 0:00,-1,巨能牌,吉利牌,36455751994853405X,36455751395668697X,198807,195812,18,2,4,工作日,晚高峰(17-19点),2015-04-15,2015年4月15日,多云 /多云,24℃ / 16℃,东南风 ≤3级 /南风 ≤3级,多云,多云,24,16,东南风,≤3级,南风,≤3级,day
2015-04-15 19:45:00,西二环,9、不符合前8款规定或者双方同时具有上述情形的,负全部责任,不负责任,1,川X11097,银,1,贵A5959V,银,贵州现代驾驶培训责任有限公司,高新驾校,2011/5/6 0:00,2014/3/31 0:00,朗逸牌,长城牌,356164000000000000 ,364556000000000000 ,197007,198408,19,2,4,工作日,晚高峰(17-19点),2015-04-15,2015年4月15日,多云 /多云,24℃ / 16℃,东南风 ≤3级 /南风 ≤3级,多云,多云,24,16,东南风,≤3级,南风,≤3级,day
2015-04-16 08:20:00,白云区,7、未按规定让行的 ,负全部责任,不负责任,1,贵F56303,黄,0,贵AGP699,银,-1,消防驾校,-1,2011/8/18 0:00,扬子,别克牌,366068000000000000 ,364558000000000000 ,197910,197412,8,3,4,工作日,早高峰(7-9点),2015-04-16,2015年4月16日,多云 /多云,29℃ / 17℃,南风 ≤3级 /南风 ≤3级,多云,多云,29,17,南风,≤3级,南风,≤3级,day
2015-04-16 07:40:00,贵安新区,7、未按规定让行的 ,负全部责任,不负责任,1,贵FT7988,白色,1,贵A1010R,白色,-1,十一驾驶培训有限公司,-1,2013/12/26 0:00,大众牌,解放牌,366047000000000000 ,364596000000000000 ,198505,199312,7,3,4,工作日,早高峰(7-9点),2015-04-16,2015年4月16日,多云 /多云,29℃ / 17℃,南风 ≤3级 /南风 ≤3级,多云,多云,29,17,南风,≤3级,南风,≤3级,day
2015-04-16 08:20:00,黔灵山路,1、追尾的,负全部责任,不负责任,1,贵HP2231,蓝,1,贵A0BW90,白,-1,新华驾校,-1,2010/10/22 0:00,长安牌,飞度牌,364547000000000000 ,364551000000000000 ,197509,198712,8,3,4,工作日,早高峰(7-9点),2015-04-16,2015年4月16日,多云 /多云,29℃ / 17℃,南风 ≤3级 /南风 ≤3级,多云,多云,29,17,南风,≤3级,南风,≤3级,day
2015-04-16 08:30:00,黔林湖大桥,1、追尾的,负全部责任,不负责任,1,贵JAK617,红,1,贵A5066F,银,-1,铁二局驾校,-1,2012/5/5 0:00,东风标致牌,东风日产牌,366864000000000000 ,61445500000000000 ,198506,198604,8,3,4,工作日,早高峰(7-9点),2015-04-16,2015年4月16日,多云 /多云,29℃ / 17℃,南风 ≤3级 /南风 ≤3级,多云,多云,29,17,南风,≤3级,南风,≤3级,day
2015-04-16 09:20:00,人民区医院,3、倒车的,负全部责任,不负责任,1,川XT9644,白色,1,贵A38J55,白色,-1,预约考试窗口,-1,2007/6/8 0:00,长安牌,马自达牌,354961000000000000 ,364548000000000000 ,198406,198609,9,3,4,工作日,早高峰(7-9点),2015-04-16,2015年4月16日,多云 /多云,29℃ / 17℃,南风 ≤3级 /南风 ≤3级,多云,多云,29,17,南风,≤3级,南风,≤3级,day
2015-04-16 07:40:00,二戈寨,7、未按规定让行的 ,负全部责任,不负责任,1,贵A76M51,白色,1,贵HY4781,白色,铁二局驾校,铁二局驾校,2014/11/3 0:00,2013/10/18 0:00,雪佛兰牌,解放牌,36686251204352275X,354669000000000000 ,196405,197611,7,3,4,工作日,早高峰(7-9点),2015-04-16,2015年4月16日,多云 /多云,29℃ / 17℃,南风 ≤3级 /南风 ≤3级,多云,多云,29,17,南风,≤3级,南风,≤3级,day
2015-04-16 08:28:00,世纪城,7、未按规定让行的 ,负全部责任,不负责任,0,贵AB194L,白,1,浙CZ3361,银,青正驾校,-1,2012/3/26 0:00,-1,丰田牌,蒙迪欧,364596000000000000 ,774764000000000000 ,198502,197003,8,3,4,工作日,早高峰(7-9点),2015-04-16,2015年4月16日,多云 /多云,29℃ / 17℃,南风 ≤3级 /南风 ≤3级,多云,多云,29,17,南风,≤3级,南风,≤3级,day
2015-04-16 08:15:00,龙泉苑,9、不符合前8款规定或者双方同时具有上述情形的,负同等责任,负同等责任,1,贵A43R62,红,1,贵A7AM15,黑,未定义,贵州平安驾驶培训学校,2013/12/31 0:00,2010/7/22 0:00,雪佛兰牌,长安牌,366367000000000000 ,36656851954063045X,198407,198104,8,3,4,工作日,早高峰(7-9点),2015-04-16,2015年4月16日,多云 /多云,29℃ / 17℃,南风 ≤3级 /南风 ≤3级,多云,多云,29,17,南风,≤3级,南风,≤3级,day
2015-04-16 08:15:00,小河转盘,7、未按规定让行的 ,负全部责任,不负责任,1,贵A3155V,白色,1,贵A55E14,白色,自培,-1,2005/3/2 0:00,-1,雪佛兰牌,雪佛兰牌,356746000000000000 ,364547000000000 ,198001,650207,8,3,4,工作日,早高峰(7-9点),2015-04-16,2015年4月16日,多云 /多云,29℃ / 17℃,南风 ≤3级 /南风 ≤3级,多云,多云,29,17,南风,≤3级,南风,≤3级,day
2015-04-15 22:05:00,石标路,7、未按规定让行的 ,负全部责任,不负责任,1,贵A35Z92,银,1,贵A90599,黄,自培,-1,2001/10/15 0:00,-1,蒙迪欧牌,飞度,364547000000000000 ,366064000000000000 ,197312,197211,22,2,4,工作日,非高峰,2015-04-15,2015年4月15日,多云 /多云,24℃ / 16℃,东南风 ≤3级 /南风 ≤3级,多云,多云,24,16,东南风,≤3级,南风,≤3级,night
2015-04-16 04:20:00,西南环线,3、倒车的,负全部责任,不负责任,1,贵APV296,白色,1,贵A5433J,白色,自培,顺一驾驶培训学校,2003/11/1 0:00,2010/9/17 0:00,丰田牌,思铂睿牌,366061000000000000 ,366063000000000000 ,197206,197910,4,3,4,工作日,非高峰,2015-04-16,2015年4月16日,多云 /多云,29℃ / 17℃,南风 ≤3级 /南风 ≤3级,多云,多云,29,17,南风,≤3级,南风,≤3级,night
2015-04-16 03:06:00,南明区,7、未按规定让行的 ,负全部责任,不负责任,1,贵A79B76,白色,1,云MMC888,白色,自培,顺一驾驶培训学校,2005/2/28 0:00,2014/3/19 0:00,马自达牌,-1,364557000000000000 ,366363000000000000 ,198507,197705,3,3,4,工作日,非高峰,2015-04-16,2015年4月16日,多云 /多云,29℃ / 17℃,南风 ≤3级 /南风 ≤3级,多云,多云,29,17,南风,≤3级,南风,≤3级,night
2015-04-15 21:00:00,青年路,7、未按规定让行的 ,负全部责任,不负责任,1,贵AHT678,白色,1,川XH5671,白色,自培,时发驾校,2004/5/9 0:00,2011/5/9 0:00,思铂睿牌,梅赛德斯-奔驰牌,364547000000000000 ,366067000000000000 ,197002,198907,21,2,4,工作日,非高峰,2015-04-15,2015年4月15日,多云 /多云,24℃ / 16℃,东南风 ≤3级 /南风 ≤3级,多云,多云,24,16,东南风,≤3级,南风,≤3级,night
2015-04-16 00:00:00,文昌路,7、未按规定让行的 ,负全部责任,不负责任,1,贵ARX221,白色,1,贵AQS100,白色,（花溪区）鑫鑫驾驶培训有限公司,自培,2012/2/3 0:00,2006/6/5 0:00,解放牌,东风标致牌,366666000000000000 ,366046000000000000 ,198301,198410,0,3,4,工作日,非高峰,2015-04-16,2015年4月16日,多云 /多云,29℃ / 17℃,南风 ≤3级 /南风 ≤3级,多云,多云,29,17,南风,≤3级,南风,≤3级,night
2015-04-16 00:00:00,金顶山,1、追尾的,负全部责任,不负责任,1,贵A68H57,白色,1,贵AU8206,白色,自培,自培,2004/8/20 0:00,2002/10/30 0:00,长安牌,跃进牌,366863000000000000 ,364547000000000000 ,197409,198109,0,3,4,工作日,非高峰,2015-04-16,2015年4月16日,多云 /多云,29℃ / 17℃,南风 ≤3级 /南风 ≤3级,多云,多云,29,17,南风,≤3级,南风,≤3级,night
2015-04-16 10:00:00,鸿通城,7、未按规定让行的 ,负全部责任,不负责任,1,贵AFL232,白色,1,贵AU5609,白色,-1,贵州现代驾驶培训责任有限公司,-1,2010/7/2 0:00,奇瑞牌,捷达牌,61442500000000000 ,366347000000000000 ,198301,198312,10,3,4,工作日,非高峰,2015-04-16,2015年4月16日,多云 /多云,29℃ / 17℃,南风 ≤3级 /南风 ≤3级,多云,多云,29,17,南风,≤3级,南风,≤3级,day
2015-04-16 11:10:00,火车站,1、追尾的,负全部责任,不负责任,1,贵A32W83,白色,1,贵AKZ296,白色,-1,铁二局驾校,-1,2010/3/9 0:00,大众汽车牌,奥迪牌,374796000000000000 ,366068000000000000 ,198410,198407,11,3,4,工作日,非高峰,2015-04-16,2015年4月16日,多云 /多云,29℃ / 17℃,南风 ≤3级 /南风 ≤3级,多云,多云,29,17,南风,≤3级,南风,≤3级,day
2015-04-16 11:15:00,杨家山隧道,1、追尾的,负全部责任,不负责任,1,贵CNH321,黑,0,贵A7AU17,蓝,-1,金大驾校,-1,2012/9/19 0:00,长安牌,东风雪铁龙牌,3645540000000 ,364547000000000000 ,21103,197304,11,3,4,工作日,非高峰,2015-04-16,2015年4月16日,多云 /多云,29℃ / 17℃,南风 ≤3级 /南风 ≤3级,多云,多云,29,17,南风,≤3级,南风,≤3级,day
2015-04-16 10:10:00,八匹马,8、依法应负全责的其他情形,负全部责任,不负责任,1,贵A121A6,蓝,1,贵AP2374,银,-1,-1,-1,-1,南骏牌,北京现代牌,366368000000000000 ,356147000000000000 ,198307,197706,10,3,4,工作日,非高峰,2015-04-16,2015年4月16日,多云 /多云,29℃ / 17℃,南风 ≤3级 /南风 ≤3级,多云,多云,29,17,南风,≤3级,南风,≤3级,day
2015-04-16 11:30:00,大营坡,7、未按规定让行的 ,负全部责任,不负责任,1,贵AC1313,银,1,贵BV7158,黑,-1,黔丰驾校,-1,2015/2/12 0:00,奥迪牌,五菱牌,366046000000000 ,36637451144841577X,197205,199007,11,3,4,工作日,非高峰,2015-04-16,2015年4月16日,多云 /多云,29℃ / 17℃,南风 ≤3级 /南风 ≤3级,多云,多云,29,17,南风,≤3级,南风,≤3级,day
2015-04-16 11:30:00,贵安大道,7、未按规定让行的 ,负全部责任,不负责任,1,贵A411E7,白色,1,贵ASN663,白色,-1,天安驾校,-1,2008/10/15 0:00,解放牌,江淮牌,355266000000000000 ,366346000000000000 ,198602,198512,11,3,4,工作日,非高峰,2015-04-16,2015年4月16日,多云 /多云,29℃ / 17℃,南风 ≤3级 /南风 ≤3级,多云,多云,29,17,南风,≤3级,南风,≤3级,day
2015-04-16 12:00:00,西站,1、追尾的,负全部责任,不负责任,1,湘A4SG23,白色,1,贵AJ9727,白色,-1,自培,-1,2002/12/1 0:00,江淮牌,嘉陵牌,74560500000000000 ,364547000000000000 ,196502,197611,12,3,4,工作日,非高峰,2015-04-16,2015年4月16日,多云 /多云,29℃ / 17℃,南风 ≤3级 /南风 ≤3级,多云,多云,29,17,南风,≤3级,南风,≤3级,day
2015-04-16 09:00:00,都司路,1、追尾的,负全部责任,不负责任,1,贵AKK812,白色,1,贵AHD644,白色,贵工驾校,省交校,2010/7/8 0:00,2013/2/21 0:00,江铃牌,三菱牌,364547000000000000 ,366370000000000000 ,197312,199111,9,3,4,工作日,早高峰(7-9点),2015-04-16,2015年4月16日,多云 /多云,29℃ / 17℃,南风 ≤3级 /南风 ≤3级,多云,多云,29,17,南风,≤3级,南风,≤3级,day
2015-04-16 07:40:00,大营路,7、未按规定让行的 ,负全部责任,不负责任,1,贵AM5829,黑,1,贵A46M19,黑,自培,景宏驾校,2004/4/20 0:00,1999/1/12 0:00,千里马牌,别克牌,364547000000000000 ,354767000000000000 ,197402,198109,7,3,4,工作日,早高峰(7-9点),2015-04-16,2015年4月16日,多云 /多云,29℃ / 17℃,南风 ≤3级 /南风 ≤3级,多云,多云,29,17,南风,≤3级,南风,≤3级,day
2015-04-16 09:30:00,宝山北路,8、依法应负全责的其他情形,负全部责任,不负责任,1,贵A5467B,银,1,贵ARL767,黑,自培,十一培,2004/3/13 0:00,1995/1/31 0:00,宝骏牌,东风标致牌,364548000000000000 ,36454751864559765X,197212,197201,9,3,4,工作日,早高峰(7-9点),2015-04-16,2015年4月16日,多云 /多云,29℃ / 17℃,南风 ≤3级 /南风 ≤3级,多云,多云,29,17,南风,≤3级,南风,≤3级,day
2015-04-16 08:36:00,遵义路,7、未按规定让行的 ,负全部责任,不负责任,1,贵APV379,白色,1,贵AU6012,白色,诚信驾驶培训学校,十一培,2010/9/28 0:00,1998/11/4 0:00,翼搏牌,豪爵牌,364547000000000000 ,364548000000000000 ,197107,198003,8,3,4,工作日,早高峰(7-9点),2015-04-16,2015年4月16日,多云 /多云,29℃ / 17℃,南风 ≤3级 /南风 ≤3级,多云,多云,29,17,南风,≤3级,南风,≤3级,day
2015-04-16 12:10:00,金阳,8、依法应负全责的其他情形,负全部责任,不负责任,1,贵AGP194,黑,1,贵AAS319,黑,-1,十一培,-1,1981/1/15 0:00,凯迪拉克牌,三菱牌,366468000000000000 ,364557000000000000 ,197701,195005,12,3,4,工作日,非高峰,2015-04-16,2015年4月16日,多云 /多云,29℃ / 17℃,南风 ≤3级 /南风 ≤3级,多云,多云,29,17,南风,≤3级,南风,≤3级,day
2015-04-16 10:48:00,东山,3、倒车的,负全部责任,不负责任,1,贵A76P12,黑,1,贵ARN883,蓝,市交校,十一培,2011/3/9 0:00,1990/1/11 0:00,东风雪铁龙牌,夏利,366061000000000000 ,36454651845668495X,197604,197012,10,3,4,工作日,非高峰,2015-04-16,2015年4月16日,多云 /多云,29℃ / 17℃,南风 ≤3级 /南风 ≤3级,多云,多云,29,17,南风,≤3级,南风,≤3级,day
2015-04-16 08:25:00,八公里,7、未按规定让行的 ,负全部责任,不负责任,1,贵A25L73,白色,1,贵E69753,白色,铁二局驾校,自培,2011/8/10 0:00,2006/10/25 0:00,长安牌,北京现代,36454651955461399X,364558000000000000 ,198110,198504,8,3,4,工作日,早高峰(7-9点),2015-04-16,2015年4月16日,多云 /多云,29℃ / 17℃,南风 ≤3级 /南风 ≤3级,多云,多云,29,17,南风,≤3级,南风,≤3级,day
2015-04-16 10:00:00,花溪,8、依法应负全责的其他情形,负全部责任,不负责任,1,贵AA630J,白色,1,贵AA5850Y,白色,-1,自培,-1,2004/7/6 0:00,瑞麒牌,-1,364556000000000000 ,364556000000000000 ,192306,197403,10,3,4,工作日,非高峰,2015-04-16,2015年4月16日,多云 /多云,29℃ / 17℃,南风 ≤3级 /南风 ≤3级,多云,多云,29,17,南风,≤3级,南风,≤3级,day
2015-04-16 11:00:00,神奇路,7、未按规定让行的 ,负全部责任,不负责任,1,贵AU9594,白色,1,贵A28G23,白色,-1,自培,-1,2005/8/9 0:00,锦宏牌,长安牌,364547000000 ,366868000000000000 ,231900,197704,11,3,4,工作日,非高峰,2015-04-16,2015年4月16日,多云 /多云,29℃ / 17℃,南风 ≤3级 /南风 ≤3级,多云,多云,29,17,南风,≤3级,南风,≤3级,day
2015-04-16 09:10:00,甲秀北路,1、追尾的,负全部责任,不负责任,1,贵CAG167,白色,1,贵A83P57,白色,人武驾校,自培,2013/7/22 0:00,2003/12/3 0:00,北京现代牌,大众牌,366563000000000000 ,366566000000000000 ,198508,197207,9,3,4,工作日,早高峰(7-9点),2015-04-16,2015年4月16日,多云 /多云,29℃ / 17℃,南风 ≤3级 /南风 ≤3级,多云,多云,29,17,南风,≤3级,南风,≤3级,day
2015-04-16 11:10:00,东山,7、未按规定让行的 ,负全部责任,不负责任,1,贵A8314W,白,0,贵AVM363,白,吉源驾校,自培,2013/8/22 0:00,2001/7/12 0:00,吉利美日牌,斯柯达牌,364548000000000000 ,354676000000000000 ,194803,197302,11,3,4,工作日,非高峰,2015-04-16,2015年4月16日,多云 /多云,29℃ / 17℃,南风 ≤3级 /南风 ≤3级,多云,多云,29,17,南风,≤3级,南风,≤3级,day