accidenttime,accidentaddr,driver1fault,driver1responsibility,driver2responsibility,sex1,platenumber1,carcolor1,sex2,platenumber2,carcolor2,jxmc1,jxmc2,cclzrq1,cclzrq2,clpp1,clpp2,driver1license,driver2license,brith1,brith2,hour,weekday,month,is_weekday,peak_hour,date,日期,天气状况,气温,风力风向,day_wea,night_wea,day_tep,night_tep,day_wind_direction,day_wind_speed,night_wind_direction,night_wind_speed,segment
2015-04-16 09:20:00,大营路,7、未按规定让行的 ,负全部责任,不负责任,1,贵A21E87,银,0,贵AN3124,银,自培,自培,2002/8/23 0:00,2004/10/8 0:00,宝马牌,万虎牌,764963000000000000 ,364548000000000000 ,197104,196503,9,3,4,工作日,早高峰(7-9点),2015-04-16,2015年4月16日,多云 /多云,29℃ / 17℃,南风 ≤3级 /南风 ≤3级,多云,多云,29,17,南风,≤3级,南风,≤3级,day
2015-04-16 08:02:00,白云区,8、依法应负全责的其他情形,负全部责任,不负责任,1,贵A3BY54,白,1,贵A7CE13,黄,自培,自培,2005/12/24 0:00,2006/9/15 0:00,东风雪铁龙牌,宝马牌,366046000000000000 ,364558000000000000 ,198107,197912,8,3,4,工作日,早高峰(7-9点),2015-04-16,2015年4月16日,多云 /多云,29℃ / 17℃,南风 ≤3级 /南风 ≤3级,多云,多云,29,17,南风,≤3级,南风,≤3级,day
2015-04-16 12:30:00,市北路,8、依法应负全责的其他情形,负全部责任,不负责任,1,贵AKN396,红,1,贵A36F38,银,-1,吉源驾校,-1,2013/2/28 0:00,宝马牌,东风雪铁龙牌,366868000000000000 ,254548000000000000 ,197812,196803,12,3,4,工作日,非高峰,2015-04-16,2015年4月16日,多云 /多云,29℃ / 17℃,南风 ≤3级 /南风 ≤3级,多云,多云,29,17,南风,≤3级,南风,≤3级,day
2015-04-16 14:05:00,世纪城,1、追尾的,负全部责任,不负责任,1,贵A637B1,绿,1,贵A17E49,蓝,黔西南州晶森汽车（摩托车）驾驶培训学校有限公司,-1,2015/1/13 0:00,-1,北京牌,起亚牌,364556000000000000 ,364548000000000000 ,198909,197004,14,3,4,工作日,非高峰,2015-04-16,2015年4月16日,多云 /多云,29℃ / 17℃,南风 ≤3级 /南风 ≤3级,多云,多云,29,17,南风,≤3级,南风,≤3级,day
2015-04-16 13:00:00,法院街,3、倒车的,负全部责任,不负责任,1,贵AFA006,红,1,贵ANY193,蓝,吉源驾校（南明区）,贵阳金马驾驶培训有限公司,2015/3/17 0:00,2010/6/23 0:00,福克斯牌,福特牌,366561000000000000 ,364548000000000000 ,199512,197810,13,3,4,工作日,非高峰,2015-04-16,2015年4月16日,多云 /多云,29℃ / 17℃,南风 ≤3级 /南风 ≤3级,多云,多云,29,17,南风,≤3级,南风,≤3级,day
2015-04-16 12:30:00,白云区,8、依法应负全责的其他情形,负全部责任,不负责任,0,贵A9977S,蓝,1,贵A1096R,蓝,景宏驾校,铁二局驾校,2014/7/21 0:00,2010/3/17 0:00,长安牌,比亚迪牌,364568000000000000 ,366361000000000000 ,198609,197503,12,3,4,工作日,非高峰,2015-04-16,2015年4月16日,多云 /多云,29℃ / 17℃,南风 ≤3级 /南风 ≤3级,多云,多云,29,17,南风,≤3级,南风,≤3级,day
2015-04-16 13:00:00,东林寺路,1、追尾的,负全部责任,不负责任,1,贵A39K35,黑,1,贵AC9316,银,路路达驾校,贵阳万里圣驾校,2014/9/12 0:00,-1,大众汽车牌,豪进牌,366368000000000000 ,355361000000000000 ,198411,199310,13,3,4,工作日,非高峰,2015-04-16,2015年4月16日,多云 /多云,29℃ / 17℃,南风 ≤3级 /南风 ≤3级,多云,多云,29,17,南风,≤3级,南风,≤3级,day
2015-04-16 14:00:00,八公里,7、未按规定让行的 ,负全部责任,不负责任,1,渝BU2744,白色,1,贵HC1433,白色,-1,-1,-1,-1,无,奇瑞牌,366068000000000000 ,364556000000000000 ,196710,196308,14,3,4,工作日,非高峰,2015-04-16,2015年4月16日,多云 /多云,29℃ / 17℃,南风 ≤3级 /南风 ≤3级,多云,多云,29,17,南风,≤3级,南风,≤3级,day
2015-04-16 13:30:00,金阳,7、未按规定让行的 ,负全部责任,不负责任,0,贵JG2256,白,1,贵A6756T,蓝,天行健驾校,长运驾校,2014/7/18 0:00,2014/4/22 0:00,比亚迪牌,中华牌,36686151154042415X,366361000000000000 ,199104,198311,13,3,4,工作日,非高峰,2015-04-16,2015年4月16日,多云 /多云,29℃ / 17℃,南风 ≤3级 /南风 ≤3级,多云,多云,29,17,南风,≤3级,南风,≤3级,day
2015-04-16 14:00:00,石林路,8、依法应负全责的其他情形,负全部责任,不负责任,1,京NXW787,黑,0,贵A7AN11,红,-1,金筑驾校,-1,2007/6/19 0:00,奥迪,东风标致牌,05486951225551545X,364548000000000000 ,196611,198311,14,3,4,工作日,非高峰,2015-04-16,2015年4月16日,多云 /多云,29℃ / 17℃,南风 ≤3级 /南风 ≤3级,多云,多云,29,17,南风,≤3级,南风,≤3级,day
2015-04-16 13:45:00,青年路,1、追尾的,负全部责任,不负责任,1,贵HV9558,白色,1,贵JAD734,白色,吉源驾校,-1,2014/12/3 0:00,-1,奥迪牌,金旅牌,366267000000000000 ,364647000000000000 ,199405,198910,13,3,4,工作日,非高峰,2015-04-16,2015年4月16日,多云 /多云,29℃ / 17℃,南风 ≤3级 /南风 ≤3级,多云,多云,29,17,南风,≤3级,南风,≤3级,day
2015-04-16 14:45:00,花溪大道,1、追尾的,负全部责任,不负责任,1,贵A66377,白色,1,贵A2819H,白色,-1,吉源驾校,-1,2013/11/26 0:00,宗申,五菱牌,364546000000000 ,364568000000000000 ,680324,199411,14,3,4,工作日,非高峰,2015-04-16,2015年4月16日,多云 /多云,29℃ / 17℃,南风 ≤3级 /南风 ≤3级,多云,多云,29,17,南风,≤3级,南风,≤3级,day
2015-04-16 16:05:00,黔灵山路,1、追尾的,负全部责任,不负责任,1,贵A882F2,黑,1,贵AU0745,蓝,-1,消防驾校,-1,2001/4/19 0:00,华神牌,万达牌,366063000000000 ,364548000000000000 ,199146,197602,16,3,4,工作日,非高峰,2015-04-16,2015年4月16日,多云 /多云,29℃ / 17℃,南风 ≤3级 /南风 ≤3级,多云,多云,29,17,南风,≤3级,南风,≤3级,day
2015-04-16 17:00:00,野猫井,1、追尾的,负全部责任,不负责任,1,贵ANE952,白色,1,贵A6B213,白色,-1,-1,-1,-1,威志牌,-1,36454700000000000 ,364547000000000 ,195505,730925,17,3,4,工作日,晚高峰(17-19点),2015-04-16,2015年4月16日,多云 /多云,29℃ / 17℃,南风 ≤3级 /南风 ≤3级,多云,多云,29,17,南风,≤3级,南风,≤3级,day
2015-04-16 16:28:00,盘江路,3、倒车的,负全部责任,不负责任,1,贵CEF639,白色,1,贵A92M51,白色,-1,市交校,-1,2014/3/27 0:00,五菱牌,大众牌,74366500000000000 ,366046000000000000 ,198510,198503,16,3,4,工作日,非高峰,2015-04-16,2015年4月16日,多云 /多云,29℃ / 17℃,南风 ≤3级 /南风 ≤3级,多云,多云,29,17,南风,≤3级,南风,≤3级,day
2015-04-16 15:10:00,西二环,7、未按规定让行的 ,负全部责任,不负责任,1,贵A039A7,黑,1,贵GL5006,黑,-1,吉源驾校,-1,2013/3/14 0:00,航天牌,东风日产牌,366568000000000000 ,364596000000000000 ,198906,199307,15,3,4,工作日,非高峰,2015-04-16,2015年4月16日,多云 /多云,29℃ / 17℃,南风 ≤3级 /南风 ≤3级,多云,多云,29,17,南风,≤3级,南风,≤3级,day
2015-04-16 18:00:00,清水江璐,7、未按规定让行的 ,负全部责任,不负责任,1,贵AU7989,白色,1,贵A8661B,白色,十一驾驶培训有限公司,自培,2011/10/13 0:00,2009/5/22 0:00,万达牌,雪佛兰牌,364547000000000000 ,364596000000000000 ,197603,198811,18,3,4,工作日,晚高峰(17-19点),2015-04-16,2015年4月16日,多云 /多云,29℃ / 17℃,南风 ≤3级 /南风 ≤3级,多云,多云,29,17,南风,≤3级,南风,≤3级,day
2015-04-16 15:00:00,朱昌镇,8、依法应负全责的其他情形,负全部责任,不负责任,1,贵A5912Y,黑,1,贵FR7057,黑,路路达驾校,时发驾校,2014/5/6 0:00,2014/5/21 0:00,凌派牌,飞鹰牌,344798000000000000 ,364557000000000000 ,198711,199602,15,3,4,工作日,非高峰,2015-04-16,2015年4月16日,多云 /多云,29℃ / 17℃,南风 ≤3级 /南风 ≤3级,多云,多云,29,17,南风,≤3级,南风,≤3级,day
2015-04-16 15:30:00,枣山路,7、未按规定让行的 ,负全部责任,不负责任,1,贵A13P39,黑,1,贵AAH071,黑,自培,自培,2004/9/14 0:00,2013/11/7 0:00,起亚牌,嘉陵牌,366066000000000000 ,364547000000000000 ,197207,195605,15,3,4,工作日,非高峰,2015-04-16,2015年4月16日,多云 /多云,29℃ / 17℃,南风 ≤3级 /南风 ≤3级,多云,多云,29,17,南风,≤3级,南风,≤3级,day
2015-04-16 14:39:00,西南环线,7、未按规定让行的 ,负全部责任,不负责任,1,贵AB631C,白色,1,贵ANR113,白色,市交校,自培,2011/12/15 0:00,2011/7/18 0:00,斯柯达牌,北京现代牌,366670000000000000 ,364551000000000000 ,197110,199007,14,3,4,工作日,非高峰,2015-04-16,2015年4月16日,多云 /多云,29℃ / 17℃,南风 ≤3级 /南风 ≤3级,多云,多云,29,17,南风,≤3级,南风,≤3级,day
2015-04-16 15:20:00,五里冲,9、不符合前8款规定或者双方同时具有上述情形的,负同等责任,负同等责任,1,贵A82576,黑,1,贵AEL474,黄,顺一驾驶培训学校,自培,2007/8/1 0:00,2005/1/20 0:00,松益牌,马自达牌,364596000000000000 ,364558000000000000 ,198712,197311,15,3,4,工作日,非高峰,2015-04-16,2015年4月16日,多云 /多云,29℃ / 17℃,南风 ≤3级 /南风 ≤3级,多云,多云,29,17,南风,≤3级,南风,≤3级,day
2015-04-16 15:00:00,新添寨,7、未按规定让行的 ,负全部责任,不负责任,1,贵A19G41,黑,1,贵GK1178,蓝,自培,自培,2011/8/18 0:00,2004/5/28 0:00,东风标致牌,长安牌,366661000000000000 ,364556000000000000 ,198202,196608,15,3,4,工作日,非高峰,2015-04-16,2015年4月16日,多云 /多云,29℃ / 17℃,南风 ≤3级 /南风 ≤3级,多云,多云,29,17,南风,≤3级,南风,≤3级,day
2015-04-16 15:30:00,紫林庵,8、依法应负全责的其他情形,负全部责任,不负责任,1,贵AU0984,黑,0,贵GS8428,黑,（乌当区）全林驾驶培训有限公司,青正驾校,2008/5/5 0:00,2014/9/3 0:00,嘉隆牌,别克牌,364557000000000000 ,366067000000000000 ,196003,197210,15,3,4,工作日,非高峰,2015-04-16,2015年4月16日,多云 /多云,29℃ / 17℃,南风 ≤3级 /南风 ≤3级,多云,多云,29,17,南风,≤3级,南风,≤3级,day
2015-04-16 16:30:00,火炬大道,7、未按规定让行的 ,负全部责任,不负责任,1,贵AB765U,银,1,贵A0489B,红,路路达驾校,新天驾校,2012/10/10 0:00,2013/3/12 0:00,长安牌,马自达牌,36455651984843445X,364557000000000000 ,198707,198903,16,3,4,工作日,非高峰,2015-04-16,2015年4月16日,多云 /多云,29℃ / 17℃,南风 ≤3级 /南风 ≤3级,多云,多云,29,17,南风,≤3级,南风,≤3级,day
2015-04-17 07:30:00,乌当,1、追尾的,负全部责任,不负责任,1,贵AFR368,黑,1,贵A8203P,黑,自培,520116,2013/3/8 0:00,2009/7/21 0:00,丰田牌,众泰牌,364558000000000000 ,364568000000000000 ,199106,199001,7,4,4,工作日,早高峰(7-9点),2015-04-17,2015年4月17日,多云 /多云,28℃ / 19℃,南风 ≤3级 /南风 ≤3级,多云,多云,28,19,南风,≤3级,南风,≤3级,day
2015-04-16 18:55:00,长岭南路,9、不符合前8款规定或者双方同时具有上述情形的,负同等责任,负同等责任,1,贵A1561R,黑,1,贵AFQ178,黑,-1,520126,-1,2009/12/22 0:00,莲花牌,东风牌,长岭南路,366577000000000000 ,-1,197202,18,3,4,工作日,晚高峰(17-19点),2015-04-16,2015年4月16日,多云 /多云,29℃ / 17℃,南风 ≤3级 /南风 ≤3级,多云,多云,29,17,南风,≤3级,南风,≤3级,day
2015-04-17 06:59:00,农科院,7、未按规定让行的 ,负全部责任,不负责任,1,贵FM3121,白,1,贵JBU823,黄,-1,顺一驾驶培训学校,-1,2014/9/16 0:00,SRX 跨界车,别克牌,366063000000000000 ,366346000000000000 ,197011,198811,6,4,4,工作日,非高峰,2015-04-17,2015年4月17日,多云 /多云,28℃ / 19℃,南风 ≤3级 /南风 ≤3级,多云,多云,28,19,南风,≤3级,南风,≤3级,day
2015-04-17 08:00:00,沙冲路,7、未按规定让行的 ,负全部责任,不负责任,1,贵A7AM71,白色,1,贵A32N41,白色,-1,全林驾校,-1,2014/8/5 0:00,翼虎牌,宝马牌,366566000000000000 ,366346000000000000 ,198007,198604,8,4,4,工作日,早高峰(7-9点),2015-04-17,2015年4月17日,多云 /多云,28℃ / 19℃,南风 ≤3级 /南风 ≤3级,多云,多云,28,19,南风,≤3级,南风,≤3级,day
2015-04-17 00:00:00,乌当,1、追尾的,负全部责任,不负责任,0,贵ALK559,红,1,贵AJM735,黑,自培,-1,2013/9/26 0:00,-1,翼虎牌,威志牌,364556000000000000 ,754542000000000000 ,196411,197601,0,4,4,工作日,非高峰,2015-04-17,2015年4月17日,多云 /多云,28℃ / 19℃,南风 ≤3级 /南风 ≤3级,多云,多云,28,19,南风,≤3级,南风,≤3级,night
2015-04-17 05:40:00,花溪,7、未按规定让行的 ,负全部责任,不负责任,1,贵A1651G,白色,1,贵A6368F,白色,人武驾校,顺一驾驶培训学校,2013/12/31 0:00,2011/12/22 0:00,五菱牌,威志牌,364556000000000000 ,366061000000000000 ,197909,197002,5,4,4,工作日,非高峰,2015-04-17,2015年4月17日,多云 /多云,28℃ / 19℃,南风 ≤3级 /南风 ≤3级,多云,多云,28,19,南风,≤3级,南风,≤3级,night
2015-04-16 20:30:00,金苏大道,7、未按规定让行的 ,负全部责任,不负责任,0,贵A8280Z,黑,1,贵A52R73,银,-1,预约考试窗口,-1,2006/6/15 0:00,锋范牌,马自达牌,366067000000000000 ,364557000000000000 ,198401,198511,20,3,4,工作日,非高峰,2015-04-16,2015年4月16日,多云 /多云,29℃ / 17℃,南风 ≤3级 /南风 ≤3级,多云,多云,29,17,南风,≤3级,南风,≤3级,night
2015-04-16 20:30:00,小河平桥,7、未按规定让行的 ,负全部责任,不负责任,1,贵HB6151,白色,1,贵JDT111,白色,自培,-1,2004/5/25 0:00,-1,五菱牌,格锐,366063000000000000 ,364647000000000000 ,198505,198701,20,3,4,工作日,非高峰,2015-04-16,2015年4月16日,多云 /多云,29℃ / 17℃,南风 ≤3级 /南风 ≤3级,多云,多云,29,17,南风,≤3级,南风,≤3级,night
2015-04-16 21:25:00,文昌南路,3、倒车的,负全部责任,不负责任,1,贵A29E18,黑,1,贵GN8171,黑,市警校驾校,（花溪区）金马驾驶培训有限公司,2012/10/10 0:00,1997/3/5 0:00,福克斯牌,歌诗图牌,364548000000000000 ,364547000000000000 ,198208,196901,21,3,4,工作日,非高峰,2015-04-16,2015年4月16日,多云 /多云,29℃ / 17℃,南风 ≤3级 /南风 ≤3级,多云,多云,29,17,南风,≤3级,南风,≤3级,night
2015-04-16 21:30:00,世纪城,1、追尾的,负全部责任,不负责任,1,贵A4357P,黑,1,贵GR4693,银,十一驾驶培训有限公司,新天驾校,2013/11/27 0:00,2004/12/28 0:00,比亚迪牌,思威牌,366068000000000000 ,366367000000000000 ,199012,198305,21,3,4,工作日,非高峰,2015-04-16,2015年4月16日,多云 /多云,29℃ / 17℃,南风 ≤3级 /南风 ≤3级,多云,多云,29,17,南风,≤3级,南风,≤3级,night
2015-04-16 20:43:00,世纪城,7、未按规定让行的 ,负全部责任,不负责任,1,贵JJ3325,黑,1,贵AU6171,蓝,消防驾校,520109,2012/6/26 0:00,2009/11/3 0:00,速迈,万达牌,356164000000000000 ,366068000000000000 ,196908,197710,20,3,4,工作日,非高峰,2015-04-16,2015年4月16日,多云 /多云,29℃ / 17℃,南风 ≤3级 /南风 ≤3级,多云,多云,29,17,南风,≤3级,南风,≤3级,night
2015-04-17 00:00:00,月亮岩,4、停车时未挂低速档、未拉驻车制动，导致车辆滑行的,负全部责任,不负责任,1,贵AB544警,白,1,贵A34609,银,贵阳学院汽车驾驶培训,-1,2011/2/28 0:00,-1,-1,豪运牌,364647000000000000 ,364548000000000 ,198001,801226,0,4,4,工作日,非高峰,2015-04-17,2015年4月17日,多云 /多云,28℃ / 19℃,南风 ≤3级 /南风 ≤3级,多云,多云,28,19,南风,≤3级,南风,≤3级,night
2015-04-16 18:10:00,友谊路,7、未按规定让行的 ,负全部责任,不负责任,1,贵AEM157,黑,1,贵A82A27,黑,（乌当区）全林驾驶培训有限公司,遵义县驾校,2007/5/16 0:00,-1,比亚迪牌,别克牌,366662000000000000 ,366566000000000000 ,196808,198703,18,3,4,工作日,晚高峰(17-19点),2015-04-16,2015年4月16日,多云 /多云,29℃ / 17℃,南风 ≤3级 /南风 ≤3级,多云,多云,29,17,南风,≤3级,南风,≤3级,day
2015-04-16 17:40:00,解放路,1、追尾的,负全部责任,不负责任,1,贵JD2427,白色,1,贵A71Y52,白色,自培,-1,2012/3/12 0:00,-1,雪佛兰牌,帕纳美拉,536861000000000000 ,366261000000000000 ,198610,197909,17,3,4,工作日,晚高峰(17-19点),2015-04-16,2015年4月16日,多云 /多云,29℃ / 17℃,南风 ≤3级 /南风 ≤3级,多云,多云,29,17,南风,≤3级,南风,≤3级,day
2015-04-16 15:43:00,金阳,8、依法应负全责的其他情形,负全部责任,不负责任,1,贵J32938,黑,1,贵FZ0270,黑,自培,-1,2004/11/4 0:00,-1,解放牌,五菱牌,366274000000000000 ,366068000000000000 ,197912,199209,15,3,4,工作日,非高峰,2015-04-16,2015年4月16日,多云 /多云,29℃ / 17℃,南风 ≤3级 /南风 ≤3级,多云,多云,29,17,南风,≤3级,南风,≤3级,day
2015-04-16 15:40:00,小河兴隆桥,7、未按规定让行的 ,负全部责任,不负责任,1,贵A67C69,白色,1,贵AX5383,白色,自培,-1,2007/1/12 0:00,-1,奥迪,钱江牌,36606651935447625X,366064000000000000 ,198510,197603,15,3,4,工作日,非高峰,2015-04-16,2015年4月16日,多云 /多云,29℃ / 17℃,南风 ≤3级 /南风 ≤3级,多云,多云,29,17,南风,≤3级,南风,≤3级,day
2015-04-16 16:30:00,锅炉厂,8、依法应负全责的其他情形,负全部责任,不负责任,1,贵A318A2,白色,1,贵A8BL28,白色,（云岩区）省交通职业技术驾驶培训学校,自培,2006/12/28 0:00,2007/8/15 0:00,解放牌,菲亚特,355463000000000000 ,364547000000000000 ,197901,198805,16,3,4,工作日,非高峰,2015-04-16,2015年4月16日,多云 /多云,29℃ / 17℃,南风 ≤3级 /南风 ≤3级,多云,多云,29,17,南风,≤3级,南风,≤3级,day
2015-04-16 17:45:00,大南门,1、追尾的,负全部责任,不负责任,1,贵A96J56,白色,1,贵AEJ768,白色,贵州现代驾驶培训责任有限公司,自培,2014/11/10 0:00,2001/1/7 0:00,东风雪铁龙牌,丰田牌,366064000000000000 ,364547000000000000 ,197906,196903,17,3,4,工作日,晚高峰(17-19点),2015-04-16,2015年4月16日,多云 /多云,29℃ / 17℃,南风 ≤3级 /南风 ≤3级,多云,多云,29,17,南风,≤3级,南风,≤3级,day
2015-04-16 22:30:00,解放路,8、依法应负全责的其他情形,负全部责任,不负责任,1,贵A6AB58,黑,1,贵A43958,黄,-1,自培,-1,2007/9/12 0:00,大众汽车牌,东风日产牌,364547000000000000 ,364548000000000000 ,197308,196610,22,3,4,工作日,非高峰,2015-04-16,2015年4月16日,多云 /多云,29℃ / 17℃,南风 ≤3级 /南风 ≤3级,多云,多云,29,17,南风,≤3级,南风,≤3级,night
2015-04-17 06:30:00,白云,7、未按规定让行的 ,负全部责任,不负责任,1,贵A432C4,红,1,贵A4232E,白,自培,自培,1992/8/26 0:00,2007/4/19 0:00,斯卡特牌,中华牌,364557000000000000 ,364558000000000000 ,197309,198810,6,4,4,工作日,非高峰,2015-04-17,2015年4月17日,多云 /多云,28℃ / 19℃,南风 ≤3级 /南风 ≤3级,多云,多云,28,19,南风,≤3级,南风,≤3级,day
2015-04-16 17:00:00,乌当,1、追尾的,负全部责任,不负责任,1,贵A7K181,黑,1,贵ARL032,银,自培,自培,2000/10/25 0:00,2002/8/1 0:00,丰田牌,北京现代牌,364557000000000000 ,36455651944846585X,197003,198007,17,3,4,工作日,晚高峰(17-19点),2015-04-16,2015年4月16日,多云 /多云,29℃ / 17℃,南风 ≤3级 /南风 ≤3级,多云,多云,29,17,南风,≤3级,南风,≤3级,day
2015-04-16 17:49:00,白云区,1、追尾的,负全部责任,不负责任,0,贵A9794H,黑,1,贵A39K12,黑,自培,自培,2012/12/19 0:00,2005/10/31 0:00,起亚牌,精灵,364547000000000000 ,5795520000000000 ,197601,198607,17,3,4,工作日,晚高峰(17-19点),2015-04-16,2015年4月16日,多云 /多云,29℃ / 17℃,南风 ≤3级 /南风 ≤3级,多云,多云,29,17,南风,≤3级,南风,≤3级,day
2015-04-17 00:00:00,遵义路,7、未按规定让行的 ,负全部责任,不负责任,1,贵AMV766,白色,1,贵AW3885,白色,-1,预约考试窗口,-1,2007/8/17 0:00,比亚迪牌,雅奇牌,364547000000000000 ,364548000000000000 ,196104,197011,0,4,4,工作日,非高峰,2015-04-17,2015年4月17日,多云 /多云,28℃ / 19℃,南风 ≤3级 /南风 ≤3级,多云,多云,28,19,南风,≤3级,南风,≤3级,night
2015-04-17 07:30:00,富源路,7、未按规定让行的 ,负全部责任,不负责任,1,川J65596,白色,1,贵AGY229,白色,铁二局驾校,铁二局驾校,2012/11/19 0:00,2010/8/5 0:00,\N,英伦牌,364596000000000000 ,364556000000000000 ,198804,197109,7,4,4,工作日,早高峰(7-9点),2015-04-17,2015年4月17日,多云 /多云,28℃ / 19℃,南风 ≤3级 /南风 ≤3级,多云,多云,28,19,南风,≤3级,南风,≤3级,day
2015-04-17 08:35:00,都司路,1、追尾的,负全部责任,不负责任,1,贵A4EA48,白色,1,贵A37X75,白色,-1,520114,-1,2009/1/8 0:00,帕杰罗,金杯牌,72606651815451275X,355266000000000000 ,197910,198612,8,4,4,工作日,早高峰(7-9点),2015-04-17,2015年4月17日,多云 /多云,28℃ / 19℃,南风 ≤3级 /南风 ≤3级,多云,多云,28,19,南风,≤3级,南风,≤3级,day
2015-04-17 07:30:00,春雷路,7、未按规定让行的 ,负全部责任,不负责任,1,贵DN1951,黑,1,贵A2625A,银,-1,自培,-1,1998/9/11 0:00,五菱牌,东风雪铁龙牌,36666100000000000 ,364548000000000000 ,197092,198006,7,4,4,工作日,早高峰(7-9点),2015-04-17,2015年4月17日,多云 /多云,28℃ / 19℃,南风 ≤3级 /南风 ≤3级,多云,多云,28,19,南风,≤3级,南风,≤3级,day
2015-04-17 10:45:00,金麦,7、未按规定让行的 ,负全部责任,不负责任,1,贵A6AT62,黑,1,贵A9556P,黑,（云岩区）省交通职业技术驾驶培训学校,消防驾校,2006/11/20 0:00,2012/3/2 0:00,五菱牌,英伦牌,366347000000000000 ,36455651924042635X,198208,198604,10,4,4,工作日,非高峰,2015-04-17,2015年4月17日,多云 /多云,28℃ / 19℃,南风 ≤3级 /南风 ≤3级,多云,多云,28,19,南风,≤3级,南风,≤3级,day
2015-04-17 09:15:00,霞辉路,8、依法应负全责的其他情形,负全部责任,不负责任,1,贵FA6014,白色,1,贵AUA302,白色,纳雍县顺达汽车驾驶培训有限公司,自培,-1,2011/8/30 0:00,胜达,奇瑞牌,366063000000000000 ,364556000000000000 ,199011,197312,9,4,4,工作日,早高峰(7-9点),2015-04-17,2015年4月17日,多云 /多云,28℃ / 19℃,南风 ≤3级 /南风 ≤3级,多云,多云,28,19,南风,≤3级,南风,≤3级,day
2015-04-17 09:40:00,二戈寨,7、未按规定让行的 ,负全部责任,不负责任,1,贵AB986B,白色,1,贵A4312B,白色,铁二局驾校,520114,2010/6/17 0:00,2008/9/11 0:00,长安牌,凯迪拉克牌,366068000000000000 ,364548000000000000 ,198208,196909,9,4,4,工作日,早高峰(7-9点),2015-04-17,2015年4月17日,多云 /多云,28℃ / 19℃,南风 ≤3级 /南风 ≤3级,多云,多云,28,19,南风,≤3级,南风,≤3级,day
2015-04-17 09:00:00,解放路,7、未按规定让行的 ,负全部责任,不负责任,0,桂MPU891,黑,1,贵ATJ231,银,-1,-1,-1,-1,别克牌,胜达,35645535857 ,364544000000 ,151713,490067,9,4,4,工作日,早高峰(7-9点),2015-04-17,2015年4月17日,多云 /多云,28℃ / 19℃,南风 ≤3级 /南风 ≤3级,多云,多云,28,19,南风,≤3级,南风,≤3级,day
2015-04-17 10:30:00,中华北路,1、追尾的,负全部责任,不负责任,1,贵AU5655,蓝,1,贵AU4869,绿,（乌当区）全林驾驶培训有限公司,无,2009/4/9 0:00,2001/3/23 0:00,嘉陵,捷达牌,366061000000000000 ,366367000000000000 ,197212,196702,10,4,4,工作日,非高峰,2015-04-17,2015年4月17日,多云 /多云,28℃ / 19℃,南风 ≤3级 /南风 ≤3级,多云,多云,28,19,南风,≤3级,南风,≤3级,day
2015-04-17 09:20:00,花溪大道,7、未按规定让行的 ,负全部责任,不负责任,1,贵ATB571,白色,1,贵4584204,白色,铁二局驾校,-1,2013/12/5 0:00,-1,思威牌,-1,706268000000000000 ,364556000000000000 ,197209,199112,9,4,4,工作日,早高峰(7-9点),2015-04-17,2015年4月17日,多云 /多云,28℃ / 19℃,南风 ≤3级 /南风 ≤3级,多云,多云,28,19,南风,≤3级,南风,≤3级,day
2015-04-17 08:30:00,乌当,7、未按规定让行的 ,负全部责任,不负责任,1,贵AKB153,红,1,贵A01007,黑,龙里县圣锦汽车驾驶培训学校,-1,2011/5/3 0:00,-1,雪佛兰牌,东风牌,366875000000000000 ,65595500000000000 ,198612,198907,8,4,4,工作日,早高峰(7-9点),2015-04-17,2015年4月17日,多云 /多云,28℃ / 19℃,南风 ≤3级 /南风 ≤3级,多云,多云,28,19,南风,≤3级,南风,≤3级,day
2015-04-17 11:10:00,二戈寨,1、追尾的,负全部责任,不负责任,1,贵GD3885,白色,1,贵A87F37,白色,-1,文通驾校,-1,2011/10/22 0:00,大众牌,大众牌,364547000000000000 ,364557000000000000 ,197408,197904,11,4,4,工作日,非高峰,2015-04-17,2015年4月17日,多云 /多云,28℃ / 19℃,南风 ≤3级 /南风 ≤3级,多云,多云,28,19,南风,≤3级,南风,≤3级,day
2015-04-16 18:40:00,贵开路,7、未按规定让行的 ,负全部责任,不负责任,1,贵AGQ985,红,1,贵A31G42,白,（乌当区）平安驾驶培训有限公司,十一培,2007/11/21 0:00,1998/4/30 0:00,哈飞牌,东风日产牌,366670000000000000 ,364548000000000000 ,197207,196010,18,3,4,工作日,晚高峰(17-19点),2015-04-16,2015年4月16日,多云 /多云,29℃ / 17℃,南风 ≤3级 /南风 ≤3级,多云,多云,29,17,南风,≤3级,南风,≤3级,day
2015-04-16 19:20:00,观山湖,1、追尾的,负全部责任,不负责任,0,贵AU2177,绿,1,贵A3AS01,黑,自培,十一培,2007/4/3 0:00,1999/8/25 0:00,瑞麒牌,奇瑞牌,364548000000000000 ,364556000000000000 ,196510,197806,19,3,4,工作日,晚高峰(17-19点),2015-04-16,2015年4月16日,多云 /多云,29℃ / 17℃,南风 ≤3级 /南风 ≤3级,多云,多云,29,17,南风,≤3级,南风,≤3级,day