accidenttime,accidentaddr,driver1fault,driver1responsibility,driver2responsibility,sex1,platenumber1,carcolor1,sex2,platenumber2,carcolor2,jxmc1,jxmc2,cclzrq1,cclzrq2,clpp1,clpp2,driver1license,driver2license,brith1,brith2,hour,weekday,month,is_weekday,peak_hour,date,日期,天气状况,气温,风力风向,day_wea,night_wea,day_tep,night_tep,day_wind_direction,day_wind_speed,night_wind_direction,night_wind_speed,segment
2015-04-17 00:00:00,花溪孟关,7、未按规定让行的 ,负全部责任,不负责任,1,贵A5675N,黑色,1,贵AHJ834,白色,自培,自培,1988/3/27 0:00,2004/12/16 0:00,五菱牌,东风牌,364548000000000000 ,364547000000000000 ,195608,197209,0,4,4,工作日,非高峰,2015-04-17,2015年4月17日,多云 /多云,28℃ / 19℃,南风 ≤3级 /南风 ≤3级,多云,多云,28,19,南风,≤3级,南风,≤3级,night
2015-04-17 08:20:00,北京西路,1、追尾的,负全部责任,不负责任,1,贵ASS337,白,1,贵A29W46,白,-1,自培,-1,2004/11/10 0:00,别克牌,东风标致牌,364548000000000000 ,364547000000000000 ,198109,198012,8,4,4,工作日,早高峰(7-9点),2015-04-17,2015年4月17日,多云 /多云,28℃ / 19℃,南风 ≤3级 /南风 ≤3级,多云,多云,28,19,南风,≤3级,南风,≤3级,day
2015-04-17 08:00:00,未来方舟,8、依法应负全责的其他情形,负全部责任,不负责任,1,贵JDZ597,银,1,贵A99697,银,自培,自培,2015/2/16 0:00,2000/12/13 0:00,起亚牌,五征牌,364557000000000000 ,364557000000000000 ,199202,198210,8,4,4,工作日,早高峰(7-9点),2015-04-17,2015年4月17日,多云 /多云,28℃ / 19℃,南风 ≤3级 /南风 ≤3级,多云,多云,28,19,南风,≤3级,南风,≤3级,day
2015-04-17 08:00:00,霞辉路,3、倒车的,负全部责任,不负责任,1,贵AP5400,白色,1,贵JDD432,白色,自培,自培,2014/3/11 0:00,2005/5/10 0:00,轰轰烈牌,思威牌,364556000000000000 ,35436551224048471X,197710,196604,8,4,4,工作日,早高峰(7-9点),2015-04-17,2015年4月17日,多云 /多云,28℃ / 19℃,南风 ≤3级 /南风 ≤3级,多云,多云,28,19,南风,≤3级,南风,≤3级,day
2015-04-17 09:00:00,长岭南路,8、依法应负全责的其他情形,负全部责任,不负责任,1,贵ANN568,黑,1,贵A27C15,黑,（乌当区）新天驾驶培训有限公司,自培,2008/1/23 0:00,2004/4/14 0:00,马自达牌,比亚迪牌,366046000000000000 ,364557000000000000 ,198402,196606,9,4,4,工作日,早高峰(7-9点),2015-04-17,2015年4月17日,多云 /多云,28℃ / 19℃,南风 ≤3级 /南风 ≤3级,多云,多云,28,19,南风,≤3级,南风,≤3级,day
2015-04-17 09:30:00,五里冲,7、未按规定让行的 ,负全部责任,不负责任,1,贵AEC066,白色,1,苏KFY532,白色,（花溪区）金马驾驶培训有限公司,自培,2006/7/13 0:00,2004/5/19 0:00,雷克萨斯,东风日产牌,364547000000000000 ,765500000000000000 ,198806,196403,9,4,4,工作日,早高峰(7-9点),2015-04-17,2015年4月17日,多云 /多云,28℃ / 19℃,南风 ≤3级 /南风 ≤3级,多云,多云,28,19,南风,≤3级,南风,≤3级,day
2015-04-17 11:50:00,孟关街上,3、倒车的,负全部责任,不负责任,1,贵CJP014,白色,1,贵A3119L,白色,-1,铁二局驾校,-1,2014/11/28 0:00,东风牌,雪佛兰牌,3543665198097X,364596000000000000 ,198748,198710,11,4,4,工作日,非高峰,2015-04-17,2015年4月17日,多云 /多云,28℃ / 19℃,南风 ≤3级 /南风 ≤3级,多云,多云,28,19,南风,≤3级,南风,≤3级,day
2015-04-17 12:30:00,花溪大道,1、追尾的,负全部责任,不负责任,1,贵GK9153,白色,1,贵ALK884,白色,-1,520132,-1,2011/3/7 0:00,豪爵牌,锋范牌,366355000000000000 ,366347000000000000 ,198201,197811,12,4,4,工作日,非高峰,2015-04-17,2015年4月17日,多云 /多云,28℃ / 19℃,南风 ≤3级 /南风 ≤3级,多云,多云,28,19,南风,≤3级,南风,≤3级,day
2015-04-17 12:00:00,金阳,2、逆行的,负全部责任,不负责任,1,贵AU9585,黑,1,贵AU2395,黑,自培,-1,2000/11/25 0:00,-1,瑞麒牌,宝来牌,364548000000000000 ,36606800000000000 ,197804,197702,12,4,4,工作日,非高峰,2015-04-17,2015年4月17日,多云 /多云,28℃ / 19℃,南风 ≤3级 /南风 ≤3级,多云,多云,28,19,南风,≤3级,南风,≤3级,day
2015-04-17 11:30:00,盐务街,1、追尾的,负全部责任,不负责任,1,贵A17332,蓝,1,贵EK2151,银,-1,遵义县惠民驾校,-1,-1,宗申牌,五菱牌,36687600000000000 ,366566000000000000 ,195802,198709,11,4,4,工作日,非高峰,2015-04-17,2015年4月17日,多云 /多云,28℃ / 19℃,南风 ≤3级 /南风 ≤3级,多云,多云,28,19,南风,≤3级,南风,≤3级,day
2015-04-17 12:40:00,贵惠路,7、未按规定让行的 ,负全部责任,不负责任,1,贵A68496,蓝,1,贵AVE761,黑,自培,-1,1994/11/14 0:00,-1,长安,奥迪牌,364547000000000000 ,366063000000 ,196502,1588,12,4,4,工作日,非高峰,2015-04-17,2015年4月17日,多云 /多云,28℃ / 19℃,南风 ≤3级 /南风 ≤3级,多云,多云,28,19,南风,≤3级,南风,≤3级,day
2015-04-17 10:55:00,金阳,8、依法应负全责的其他情形,负全部责任,不负责任,1,渝CU8982,黑,1,贵ADD198,黑,-1,#,-1,2003/8/26 0:00,长安牌,东风日产牌,344796000000000000 ,364548000000000000 ,198912,198404,10,4,4,工作日,非高峰,2015-04-17,2015年4月17日,多云 /多云,28℃ / 19℃,南风 ≤3级 /南风 ≤3级,多云,多云,28,19,南风,≤3级,南风,≤3级,day
2015-04-17 12:25:00,中航,1、追尾的,负全部责任,不负责任,1,贵GY6023,银,1,贵A6745Z,白,诚信驾驶培训学校,-1,2003/12/23 0:00,-1,五菱牌,金杯,36455651884756635X,36767500000000000 ,197703,196907,12,4,4,工作日,非高峰,2015-04-17,2015年4月17日,多云 /多云,28℃ / 19℃,南风 ≤3级 /南风 ≤3级,多云,多云,28,19,南风,≤3级,南风,≤3级,day
2015-04-17 12:40:00,白云区,7、未按规定让行的 ,负全部责任,不负责任,1,贵AA018M,黑,1,贵ARL503,黑,路路达驾校,路路达驾校,2014/6/19 0:00,2014/1/2 0:00,雪佛兰牌,一汽佳星牌,364558000000000000 ,364558000000000000 ,197108,197011,12,4,4,工作日,非高峰,2015-04-17,2015年4月17日,多云 /多云,28℃ / 19℃,南风 ≤3级 /南风 ≤3级,多云,多云,28,19,南风,≤3级,南风,≤3级,day
2015-04-17 12:40:00,碧海花园,3、倒车的,负全部责任,不负责任,1,贵A99V95,白,1,贵A9BA04,黑,-1,自培,-1,-1,宝马牌,雷克萨斯,364548000000000000 ,366346000000000000 ,198003,199001,12,4,4,工作日,非高峰,2015-04-17,2015年4月17日,多云 /多云,28℃ / 19℃,南风 ≤3级 /南风 ≤3级,多云,多云,28,19,南风,≤3级,南风,≤3级,day
2015-04-17 10:30:00,西二环,1、追尾的,负全部责任,不负责任,1,贵HBE973,白色,1,贵A6753S,白色,贵州现代驾驶培训责任有限公司,-1,2012/9/28 0:00,-1,-1,五菱牌,364557000000000000 ,356168000000000000 ,198708,197406,10,4,4,工作日,非高峰,2015-04-17,2015年4月17日,多云 /多云,28℃ / 19℃,南风 ≤3级 /南风 ≤3级,多云,多云,28,19,南风,≤3级,南风,≤3级,day
2015-04-17 11:30:00,白云北路,7、未按规定让行的 ,负全部责任,不负责任,1,贵A1968K,黑,1,贵AUA478,银,-1,天行健驾校,-1,2009/9/5 0:00,长城牌,吉利美日牌,366067000000000000 ,366067000000000000 ,197310,197210,11,4,4,工作日,非高峰,2015-04-17,2015年4月17日,多云 /多云,28℃ / 19℃,南风 ≤3级 /南风 ≤3级,多云,多云,28,19,南风,≤3级,南风,≤3级,day
2015-04-17 12:35:00,小孟工业园,3、倒车的,负全部责任,不负责任,1,贵FZ7338,白色,1,川A2PJ84,白色,-1,-1,-1,-1,长安牌,北京牌 ,366347000000000000 ,35536651974161015X,198308,198309,12,4,4,工作日,非高峰,2015-04-17,2015年4月17日,多云 /多云,28℃ / 19℃,南风 ≤3级 /南风 ≤3级,多云,多云,28,19,南风,≤3级,南风,≤3级,day
2015-04-17 11:20:00,茶园路,3、倒车的,负全部责任,不负责任,1,贵A4497R,银,1,贵AD1066,黑,消防驾校,-1,2010/6/18 0:00,-1,长安牌,宗申牌,36656751944658635X,734361000000000000 ,198002,199502,11,4,4,工作日,非高峰,2015-04-17,2015年4月17日,多云 /多云,28℃ / 19℃,南风 ≤3级 /南风 ≤3级,多云,多云,28,19,南风,≤3级,南风,≤3级,day
2015-04-17 13:27:00,白云区,8、依法应负全责的其他情形,负全部责任,不负责任,1,贵A8956B,银,1,贵A75V28,黑,-1,自培,-1,1998/6/26 0:00,长安牌,大众汽车牌,366063000000000 ,36455551944764445X,660824,198003,13,4,4,工作日,非高峰,2015-04-17,2015年4月17日,多云 /多云,28℃ / 19℃,南风 ≤3级 /南风 ≤3级,多云,多云,28,19,南风,≤3级,南风,≤3级,day
2015-04-17 13:30:00,东林寺路,7、未按规定让行的 ,负全部责任,不负责任,1,贵A8522U,黑,0,贵A80301,灰,-1,十一驾驶培训有限公司,-1,2014/10/13 0:00,指南者,华威驰乐牌,366067000000000000 ,366067000000000000 ,197310,198708,13,4,4,工作日,非高峰,2015-04-17,2015年4月17日,多云 /多云,28℃ / 19℃,南风 ≤3级 /南风 ≤3级,多云,多云,28,19,南风,≤3级,南风,≤3级,day
2015-04-17 15:00:00,金阳南路,7、未按规定让行的 ,负全部责任,不负责任,1,贵AJV269,红,1,贵ALF808,黑,-1,-1,-1,-1,解放牌,沃尔沃牌,66464800000000000 ,36687651144240625X,196606,199006,15,4,4,工作日,非高峰,2015-04-17,2015年4月17日,多云 /多云,28℃ / 19℃,南风 ≤3级 /南风 ≤3级,多云,多云,28,19,南风,≤3级,南风,≤3级,day
2015-04-17 14:30:00,头桥,9、不符合前8款规定或者双方同时具有上述情形的,负同等责任,负同等责任,0,贵FH6590,黑,1,贵ATP211,银,-1,蓝天驾校,-1,2015/2/4 0:00,长安牌,比亚迪牌,3660635191436709X,364548000000000000 ,198905,197301,14,4,4,工作日,非高峰,2015-04-17,2015年4月17日,多云 /多云,28℃ / 19℃,南风 ≤3级 /南风 ≤3级,多云,多云,28,19,南风,≤3级,南风,≤3级,day
2015-04-17 14:00:00,花溪,7、未按规定让行的 ,负全部责任,不负责任,1,贵GGC978,白色,1,贵AV6111,白色,-1,自培,-1,2005/9/15 0:00,力帆牌,宗申牌,36455600000000000 ,364548000000000000 ,197708,198706,14,4,4,工作日,非高峰,2015-04-17,2015年4月17日,多云 /多云,28℃ / 19℃,南风 ≤3级 /南风 ≤3级,多云,多云,28,19,南风,≤3级,南风,≤3级,day
2015-04-17 14:01:00,狮子山,1、追尾的,负全部责任,不负责任,1,贵AFK843,白,1,贵A49G27,黑,-1,-1,-1,-1,长安牌,福克斯牌,366863000000000000 ,704248000000000000 ,197407,198209,14,4,4,工作日,非高峰,2015-04-17,2015年4月17日,多云 /多云,28℃ / 19℃,南风 ≤3级 /南风 ≤3级,多云,多云,28,19,南风,≤3级,南风,≤3级,day
2015-04-17 15:00:00,长岭南路,1、追尾的,负全部责任,不负责任,1,贵AA127G,黑,1,浙R15789,蓝,省交校,-1,2012/2/24 0:00,-1,大地牌,-1,357467000000000000 ,776346000000000000 ,197702,197806,15,4,4,工作日,非高峰,2015-04-17,2015年4月17日,多云 /多云,28℃ / 19℃,南风 ≤3级 /南风 ≤3级,多云,多云,28,19,南风,≤3级,南风,≤3级,day
2015-04-17 11:15:00,小石城,1、追尾的,负全部责任,不负责任,1,贵AB8611,黑,1,贵A91S65,银,十一培,-1,1990/6/12 0:00,-1,望江-SUZUKI牌,猎豹,36454651854355645X,734555000000000 ,197105,690923,11,4,4,工作日,非高峰,2015-04-17,2015年4月17日,多云 /多云,28℃ / 19℃,南风 ≤3级 /南风 ≤3级,多云,多云,28,19,南风,≤3级,南风,≤3级,day
2015-04-17 11:00:00,富源路,1、追尾的,负全部责任,不负责任,1,贵A3DM22,白色,1,贵AHX879,白色,自培,贵州省长安驾驶培训学校,2004/11/24 0:00,2012/12/28 0:00,-1,大众,364547000000000000 ,366268000000000000 ,198007,199002,11,4,4,工作日,非高峰,2015-04-17,2015年4月17日,多云 /多云,28℃ / 19℃,南风 ≤3级 /南风 ≤3级,多云,多云,28,19,南风,≤3级,南风,≤3级,day
2015-04-17 12:45:00,乌当,2、逆行的,负全部责任,不负责任,1,贵A2BG69,蓝,1,贵A82S95,黑,自培,铁二局驾校,2006/7/4 0:00,2005/11/8 0:00,东风标致牌,福特牌,364547000000000000 ,366570000000000000 ,197204,197907,12,4,4,工作日,非高峰,2015-04-17,2015年4月17日,多云 /多云,28℃ / 19℃,南风 ≤3级 /南风 ≤3级,多云,多云,28,19,南风,≤3级,南风,≤3级,day
2015-04-17 13:00:00,花溪区政府,8、依法应负全责的其他情形,负全部责任,不负责任,1,贵A88255,白色,1,贵A62P93,白色,无,十一培,1993/6/1 0:00,1998/8/20 0:00,万达牌,途锐,364556000000000000 ,364556000000000000 ,197308,196512,13,4,4,工作日,非高峰,2015-04-17,2015年4月17日,多云 /多云,28℃ / 19℃,南风 ≤3级 /南风 ≤3级,多云,多云,28,19,南风,≤3级,南风,≤3级,day
2015-04-17 10:50:00,皂角井,1、追尾的,负全部责任,不负责任,1,贵ASM694,白色,1,贵HW4334,白色,自培,十一培,2006/11/24 0:00,1985/10/28 0:00,昌河牌,江铃牌,75568500000000000 ,364547000000000000 ,198505,196407,10,4,4,工作日,非高峰,2015-04-17,2015年4月17日,多云 /多云,28℃ / 19℃,南风 ≤3级 /南风 ≤3级,多云,多云,28,19,南风,≤3级,南风,≤3级,day
2015-04-17 13:40:00,大昌隆,7、未按规定让行的 ,负全部责任,不负责任,1,贵A23W21,黑,1,贵AU7978,蓝,自培,自培,1998/5/19 0:00,2004/12/23 0:00,北京现代牌,奇瑞牌,364548000000000000 ,357466000000000000 ,196604,198603,13,4,4,工作日,非高峰,2015-04-17,2015年4月17日,多云 /多云,28℃ / 19℃,南风 ≤3级 /南风 ≤3级,多云,多云,28,19,南风,≤3级,南风,≤3级,day
2015-04-17 14:35:00,太慈桥,8、依法应负全责的其他情形,负全部责任,不负责任,1,贵GL6757,蓝,1,贵F62257,黑,全林驾校,-1,2012/10/25 0:00,-1,豪情牌,桑塔纳牌,364548000000000000 ,366067000000000000 ,197203,197401,14,4,4,工作日,非高峰,2015-04-17,2015年4月17日,多云 /多云,28℃ / 19℃,南风 ≤3级 /南风 ≤3级,多云,多云,28,19,南风,≤3级,南风,≤3级,day
2015-04-17 12:50:00,八匹马,8、依法应负全责的其他情形,负全部责任,不负责任,1,川A9DW45,黑,1,贵FJ9289,黑,-1,贵州省长安驾驶培训学校,-1,2011/5/3 0:00,大众汽车牌,大众牌,354048000000000000 ,366064000000000000 ,196706,198507,12,4,4,工作日,非高峰,2015-04-17,2015年4月17日,多云 /多云,28℃ / 19℃,南风 ≤3级 /南风 ≤3级,多云,多云,28,19,南风,≤3级,南风,≤3级,day
2015-04-17 14:00:00,五里冲,8、依法应负全责的其他情形,负全部责任,不负责任,1,贵AB290N,蓝,1,贵JBT462,白,自培,-1,2005/1/24 0:00,-1,比亚迪牌,福特牌,366347000000000000 ,364556000000000000 ,198202,198702,14,4,4,工作日,非高峰,2015-04-17,2015年4月17日,多云 /多云,28℃ / 19℃,南风 ≤3级 /南风 ≤3级,多云,多云,28,19,南风,≤3级,南风,≤3级,day
2015-04-17 12:40:00,金华镇,7、未按规定让行的 ,负全部责任,不负责任,1,贵G91129,蓝,1,贵AA1235,银,自培,-1,2001/6/22 0:00,-1,英菲尼迪,-1,364557000000000000 ,774769000000000000 ,198110,198210,12,4,4,工作日,非高峰,2015-04-17,2015年4月17日,多云 /多云,28℃ / 19℃,南风 ≤3级 /南风 ≤3级,多云,多云,28,19,南风,≤3级,南风,≤3级,day
2015-04-17 15:40:00,后坝,3、倒车的,负全部责任,不负责任,1,贵A311A2,蓝,1,贵A4550F,黑,-1,贵州省长安驾驶培训学校,-1,2010/12/24 0:00,江铃牌,比亚迪牌,366846000000000000 ,366067000000000000 ,195206,198109,15,4,4,工作日,非高峰,2015-04-17,2015年4月17日,多云 /多云,28℃ / 19℃,南风 ≤3级 /南风 ≤3级,多云,多云,28,19,南风,≤3级,南风,≤3级,day
2015-04-17 16:30:00,备战路,8、依法应负全责的其他情形,负全部责任,不负责任,1,贵ACD628,白色,1,贵ANE999,白色,-1,-1,-1,-1,沃尔沃,朗逸牌,356675000000000 ,35546800000000000 ,972080,197702,16,4,4,工作日,非高峰,2015-04-17,2015年4月17日,多云 /多云,28℃ / 19℃,南风 ≤3级 /南风 ≤3级,多云,多云,28,19,南风,≤3级,南风,≤3级,day
2015-04-17 17:30:00,贵惠大道,1、追尾的,负全部责任,不负责任,1,贵A3448V,白色,1,贵AU5362,白色,-1,铁二局驾校,-1,2001/1/8 0:00,北京牌,喜马牌,36666251994966445X,366664000000000000 ,198808,197905,17,4,4,工作日,晚高峰(17-19点),2015-04-17,2015年4月17日,多云 /多云,28℃ / 19℃,南风 ≤3级 /南风 ≤3级,多云,多云,28,19,南风,≤3级,南风,≤3级,day
2015-04-17 17:55:00,杨家山隧道,1、追尾的,负全部责任,不负责任,1,贵4675386,白色,1,贵AMT367,白色,-1,520129,-1,2008/5/30 0:00,-1,帕萨特牌,36666500000000000 ,364551000000000000 ,987070,198602,17,4,4,工作日,晚高峰(17-19点),2015-04-17,2015年4月17日,多云 /多云,28℃ / 19℃,南风 ≤3级 /南风 ≤3级,多云,多云,28,19,南风,≤3级,南风,≤3级,day
2015-04-17 16:30:00,大营坡,1、追尾的,负全部责任,不负责任,0,贵CLK709,蓝,1,贵EE7841,白,-1,-1,-1,-1,哈弗牌,五菱牌,364750000000 ,364544000000 ,28581,56159,16,4,4,工作日,非高峰,2015-04-17,2015年4月17日,多云 /多云,28℃ / 19℃,南风 ≤3级 /南风 ≤3级,多云,多云,28,19,南风,≤3级,南风,≤3级,day
2015-04-17 16:40:00,金源街,7、未按规定让行的 ,负全部责任,不负责任,1,贵GT9845,黑,1,贵A2K160,黑,-1,十一驾驶培训有限公司,-1,2015/2/27 0:00,长安牌,别克牌,36455651154667635X,364551000000000000 ,199102,198707,16,4,4,工作日,非高峰,2015-04-17,2015年4月17日,多云 /多云,28℃ / 19℃,南风 ≤3级 /南风 ≤3级,多云,多云,28,19,南风,≤3级,南风,≤3级,day
2015-04-17 17:10:00,贵阳职业技术学院,8、依法应负全责的其他情形,负全部责任,不负责任,1,贵A5547B,红,1,贵JK0174,黑,诚信驾驶培训学校,新天驾校,2014/7/28 0:00,2011/4/18 0:00,吉利美日牌,五菱牌,35616551854655781X,364547000000000000 ,197102,196604,17,4,4,工作日,晚高峰(17-19点),2015-04-17,2015年4月17日,多云 /多云,28℃ / 19℃,南风 ≤3级 /南风 ≤3级,多云,多云,28,19,南风,≤3级,南风,≤3级,day
2015-04-17 13:13:00,金朱东路,1、追尾的,负全部责任,不负责任,1,贵AB5959,银,1,贵HBP467,白,十一培,-1,1993/8/30 0:00,-1,豪爵牌,比亚迪牌,364547000000000000 ,366267000000000000 ,197106,199509,13,4,4,工作日,非高峰,2015-04-17,2015年4月17日,多云 /多云,28℃ / 19℃,南风 ≤3级 /南风 ≤3级,多云,多云,28,19,南风,≤3级,南风,≤3级,day
2015-04-17 14:10:00,刚玉街,7、未按规定让行的 ,负全部责任,不负责任,1,贵AK1329,白,1,贵A25075,蓝,自培,-1,2004/6/9 0:00,-1,豪爵牌,解放,77454251844557046X,366367000000000000 ,197001,197001,14,4,4,工作日,非高峰,2015-04-17,2015年4月17日,多云 /多云,28℃ / 19℃,南风 ≤3级 /南风 ≤3级,多云,多云,28,19,南风,≤3级,南风,≤3级,day
2015-04-17 16:00:00,花溪,4、停车时未挂低速档、未拉驻车制动，导致车辆滑行的,负全部责任,不负责任,1,贵A238H8,白色,1,贵A77899,白色,自培,自培,2006/9/8 0:00,1987/11/2 0:00,江铃牌,钱江,364556000000000000 ,364548000000000000 ,198605,195802,16,4,4,工作日,非高峰,2015-04-17,2015年4月17日,多云 /多云,28℃ / 19℃,南风 ≤3级 /南风 ≤3级,多云,多云,28,19,南风,≤3级,南风,≤3级,day
2015-04-17 16:15:00,金清大道,8、依法应负全责的其他情形,负全部责任,不负责任,1,贵ACD859,银,1,贵AU7691,蓝,自培,520116,2004/9/17 0:00,1999/4/20 0:00,速腾牌,宗申牌,364557000000000000 ,364557000000000000 ,196502,197306,16,4,4,工作日,非高峰,2015-04-17,2015年4月17日,多云 /多云,28℃ / 19℃,南风 ≤3级 /南风 ≤3级,多云,多云,28,19,南风,≤3级,南风,≤3级,day
2015-04-17 16:30:00,新添寨,8、依法应负全责的其他情形,负全部责任,不负责任,1,贵AB203X,红,1,贵A0BP09,红,自培,蓝天驾校,2006/12/7 0:00,2013/9/26 0:00,丰田牌,长安牌,366367000000000000 ,374266000000000000 ,197310,198912,16,4,4,工作日,非高峰,2015-04-17,2015年4月17日,多云 /多云,28℃ / 19℃,南风 ≤3级 /南风 ≤3级,多云,多云,28,19,南风,≤3级,南风,≤3级,day
2015-04-17 13:30:00,白云南路,1、追尾的,负全部责任,不负责任,1,贵A0689学,白,1,渝B675C5,红,（白云区）消防驾驶培训学校,十一培,2007/10/29 0:00,1996/8/2 0:00,-1,别克牌,366064000000000000 ,364547000000000000 ,198404,195911,13,4,4,工作日,非高峰,2015-04-17,2015年4月17日,多云 /多云,28℃ / 19℃,南风 ≤3级 /南风 ≤3级,多云,多云,28,19,南风,≤3级,南风,≤3级,day
2015-04-17 13:40:00,水东路,1、追尾的,负全部责任,不负责任,1,贵AHY861,白色,1,贵ACC5526,白色,铜仁地区锦宏咨询服务有限公司驾驶培训学校,十一培,2012/3/19 0:00,1997/5/8 0:00,中华牌,-1,366264000000000000 ,366046000000000000 ,198110,197605,13,4,4,工作日,非高峰,2015-04-17,2015年4月17日,多云 /多云,28℃ / 19℃,南风 ≤3级 /南风 ≤3级,多云,多云,28,19,南风,≤3级,南风,≤3级,day
2015-04-17 17:20:00,宝山北路,1、追尾的,负全部责任,不负责任,1,贵A2BZ99,白,1,贵A33Y68,绿,玉屏顺达驾驶培训学校,自培,2012/11/16 0:00,2006/6/12 0:00,奥德赛牌,长城牌,366063000000000000 ,364547000000000000 ,198403,198412,17,4,4,工作日,晚高峰(17-19点),2015-04-17,2015年4月17日,多云 /多云,28℃ / 19℃,南风 ≤3级 /南风 ≤3级,多云,多云,28,19,南风,≤3级,南风,≤3级,day
2015-04-17 16:00:00,小河烟厂,3、倒车的,负全部责任,不负责任,1,贵ALZ612,白色,1,贵A82B53,黑色,（云岩区）时发驾驶培训有限公司,自培,2010/10/14 0:00,2001/12/10 0:00,凯迪拉克牌,东风雪铁龙牌,364548000000000000 ,364548000000000000 ,198606,196008,16,4,4,工作日,非高峰,2015-04-17,2015年4月17日,多云 /多云,28℃ / 19℃,南风 ≤3级 /南风 ≤3级,多云,多云,28,19,南风,≤3级,南风,≤3级,day
2015-04-17 16:00:00,花溪,1、追尾的,负全部责任,不负责任,1,贵H71192,白色,1,贵GY6692,白色,黔东南州交通驾驶培训学校,-1,2007/12/3 0:00,-1,思域牌,东风日产牌,366246000000000000 ,726370000000000000 ,198009,197812,16,4,4,工作日,非高峰,2015-04-17,2015年4月17日,多云 /多云,28℃ / 19℃,南风 ≤3级 /南风 ≤3级,多云,多云,28,19,南风,≤3级,南风,≤3级,day
2015-04-17 19:00:00,甲秀南路,9、不符合前8款规定或者双方同时具有上述情形的,负同等责任,负同等责任,1,苏AHK862,白色,1,贵A1J897,白色,-1,贵工驾校,-1,2014/3/5 0:00,奥迪牌,-1,764541000000000000 ,36454651995555566X,197512,198811,19,4,4,工作日,晚高峰(17-19点),2015-04-17,2015年4月17日,多云 /多云,28℃ / 19℃,南风 ≤3级 /南风 ≤3级,多云,多云,28,19,南风,≤3级,南风,≤3级,day
2015-04-17 20:18:00,花果园,7、未按规定让行的 ,负全部责任,不负责任,1,贵AP9631,红,1,贵CGT204,红,-1,铁二局驾校,-1,2014/4/16 0:00,金马牌,广汽菲亚特牌,364527000000000000 ,36656551144562325X,196206,199001,20,4,4,工作日,非高峰,2015-04-17,2015年4月17日,多云 /多云,28℃ / 19℃,南风 ≤3级 /南风 ≤3级,多云,多云,28,19,南风,≤3级,南风,≤3级,night
2015-04-17 18:00:00,长江路,7、未按规定让行的 ,负全部责任,不负责任,1,贵ART302,白色,1,贵GQ8159,白色,（南明区）铁二局驾驶培训有限公司,铁二局驾校,2008/10/24 0:00,2010/3/2 0:00,凌派牌,东风雪铁龙牌,364556000000000000 ,366067000000000000 ,198703,197808,18,4,4,工作日,晚高峰(17-19点),2015-04-17,2015年4月17日,多云 /多云,28℃ / 19℃,南风 ≤3级 /南风 ≤3级,多云,多云,28,19,南风,≤3级,南风,≤3级,day
2015-04-17 19:30:00,水东路,1、追尾的,负全部责任,不负责任,1,贵A59W73,白,1,贵A67J52,黑,长运驾校,自培,2012/3/1 0:00,2014/1/13 0:00,丰田牌,东风日产牌,364557000000000000 ,364547000000000000 ,197703,197808,19,4,4,工作日,晚高峰(17-19点),2015-04-17,2015年4月17日,多云 /多云,28℃ / 19℃,南风 ≤3级 /南风 ≤3级,多云,多云,28,19,南风,≤3级,南风,≤3级,day
2015-04-18 08:30:00,同心西路,8、依法应负全责的其他情形,负全部责任,不负责任,0,贵AE1772,红,0,贵AA858L,白,-1,-1,-1,-1,北京现代,力帆牌,36454700000000000 ,37454700000000000 ,196202,196921,8,5,4,工作日,早高峰(7-9点),2015-04-18,2015年4月18日,多云 /雷阵雨,29℃ / 16℃,南风 ≤3级 /南风 ≤3级,多云,雷阵雨,29,16,南风,≤3级,南风,≤3级,day
2015-04-18 06:50:00,金关,3、倒车的,负全部责任,不负责任,1,贵AP9851,白,1,贵JN6924,黑,-1,贵大驾校,-1,2012/12/29 0:00,东风牌,菲亚特菲跃,64550500000000000 ,366669000000000000 ,199211,198706,6,5,4,工作日,非高峰,2015-04-18,2015年4月18日,多云 /雷阵雨,29℃ / 16℃,南风 ≤3级 /南风 ≤3级,多云,雷阵雨,29,16,南风,≤3级,南风,≤3级,day
2015-04-17 21:16:00,东林寺路,7、未按规定让行的 ,负全部责任,不负责任,1,川KU5749,银,1,贵AEK994,蓝,-1,十一培,-1,1995/5/30 0:00,\N,梅赛德斯-奔驰牌,35546800000000000 ,364557000000000000 ,198204,197311,21,4,4,工作日,非高峰,2015-04-17,2015年4月17日,多云 /多云,28℃ / 19℃,南风 ≤3级 /南风 ≤3级,多云,多云,28,19,南风,≤3级,南风,≤3级,night