accidenttime,accidentaddr,driver1fault,driver1responsibility,driver2responsibility,sex1,platenumber1,carcolor1,sex2,platenumber2,carcolor2,jxmc1,jxmc2,cclzrq1,cclzrq2,clpp1,clpp2,driver1license,driver2license,brith1,brith2,hour,weekday,month,is_weekday,peak_hour,date,日期,天气状况,气温,风力风向,day_wea,night_wea,day_tep,night_tep,day_wind_direction,day_wind_speed,night_wind_direction,night_wind_speed,segment
2015-04-17 18:20:00,盐沙大道,8、依法应负全责的其他情形,负全部责任,不负责任,1,贵A57H73,蓝,0,贵A91H32,银,鑫鑫驾校,十一培,2012/4/11 0:00,1999/7/1 0:00,海马牌,丰田牌,36454751224159095X,364547000000000000 ,196609,196103,18,4,4,工作日,晚高峰(17-19点),2015-04-17,2015年4月17日,多云 /多云,28℃ / 19℃,南风 ≤3级 /南风 ≤3级,多云,多云,28,19,南风,≤3级,南风,≤3级,day
2015-04-17 18:30:00,麻冲路,1、追尾的,负全部责任,不负责任,1,贵GC1783,银,1,贵A75G34,白,全林驾校,十一培,2012/7/9 0:00,1996/12/30 0:00,北京牌,广汽菲亚特牌,376146000000000000 ,364547000000000000 ,197211,197311,18,4,4,工作日,晚高峰(17-19点),2015-04-17,2015年4月17日,多云 /多云,28℃ / 19℃,南风 ≤3级 /南风 ≤3级,多云,多云,28,19,南风,≤3级,南风,≤3级,day
2015-04-17 17:58:00,延安西路,8、依法应负全责的其他情形,负全部责任,不负责任,1,贵A27477,红,1,贵ACD328,黑,自培,十一培,2001/4/5 0:00,1999/9/18 0:00,三一牌,福特牌,366064000000000000 ,364547000000000000 ,197709,197603,17,4,4,工作日,晚高峰(17-19点),2015-04-17,2015年4月17日,多云 /多云,28℃ / 19℃,南风 ≤3级 /南风 ≤3级,多云,多云,28,19,南风,≤3级,南风,≤3级,day
2015-04-17 15:30:00,花溪大道,7、未按规定让行的 ,负全部责任,不负责任,1,贵AW7382,黄,1,贵AKV586,银,（南明区）市交通职业技术驾驶培训学校,自培,2005/11/3 0:00,2003/2/26 0:00,雷克牌,迈腾牌,366568000000000000 ,36454651865556703X,198207,197211,15,4,4,工作日,非高峰,2015-04-17,2015年4月17日,多云 /多云,28℃ / 19℃,南风 ≤3级 /南风 ≤3级,多云,多云,28,19,南风,≤3级,南风,≤3级,day
2015-04-17 19:30:00,二普,8、依法应负全责的其他情形,负全部责任,不负责任,1,贵A4269N,银,1,贵JAB527,黄,长运驾校,自培,2014/2/21 0:00,2006/4/4 0:00,五菱牌,威志牌,364557000000000000 ,364568000000000000 ,196311,198708,19,4,4,工作日,晚高峰(17-19点),2015-04-17,2015年4月17日,多云 /多云,28℃ / 19℃,南风 ≤3级 /南风 ≤3级,多云,多云,28,19,南风,≤3级,南风,≤3级,day
2015-04-17 22:00:00,石林路,1、追尾的,负全部责任,不负责任,1,贵AHF539,黑,1,贵FS1604,银,贵大佳德驾驶培训学校,自培,2012/6/11 0:00,2007/3/19 0:00,丰田牌,福克斯牌,366046000000000000 ,376570000000000000 ,198512,198610,22,4,4,工作日,非高峰,2015-04-17,2015年4月17日,多云 /多云,28℃ / 19℃,南风 ≤3级 /南风 ≤3级,多云,多云,28,19,南风,≤3级,南风,≤3级,night
2015-04-17 21:30:00,市西路,8、依法应负全责的其他情形,负全部责任,不负责任,1,贵4264193,黑色,1,贵A8BY89,白色,毕节地区金春汽车驾驶培训学校,自培,2011/11/17 0:00,2006/9/29 0:00,-1,大通牌,366067000000000000 ,366368000000000000 ,197705,197306,21,4,4,工作日,非高峰,2015-04-17,2015年4月17日,多云 /多云,28℃ / 19℃,南风 ≤3级 /南风 ≤3级,多云,多云,28,19,南风,≤3级,南风,≤3级,night
2015-04-17 15:30:00,长岭路,7、未按规定让行的 ,负全部责任,不负责任,1,贵AU6091,蓝,1,贵A9BM18,白,自培,自培,2004/5/11 0:00,2005/8/25 0:00,哈里威牌,别克牌,364548000000000000 ,364556000000000000 ,196406,198406,15,4,4,工作日,非高峰,2015-04-17,2015年4月17日,多云 /多云,28℃ / 19℃,南风 ≤3级 /南风 ≤3级,多云,多云,28,19,南风,≤3级,南风,≤3级,day
2015-04-17 16:55:00,乌当,1、追尾的,负全部责任,不负责任,1,贵A545A1,红,1,贵A84H43,白,自培,自培,2006/11/8 0:00,2014/4/23 0:00,东风牌,江铃牌,366361000000000000 ,366770000000000000 ,198112,197505,16,4,4,工作日,非高峰,2015-04-17,2015年4月17日,多云 /多云,28℃ / 19℃,南风 ≤3级 /南风 ≤3级,多云,多云,28,19,南风,≤3级,南风,≤3级,day
2015-04-18 07:20:00,沙坡,8、依法应负全责的其他情形,负全部责任,不负责任,1,贵J83522,绿,1,贵AU3189,绿,-1,顺一驾驶培训学校,-1,2011/12/29 0:00,飞翎,劲隆牌,354669000000000000 ,364568000000000000 ,197201,199004,7,5,4,工作日,早高峰(7-9点),2015-04-18,2015年4月18日,多云 /雷阵雨,29℃ / 16℃,南风 ≤3级 /南风 ≤3级,多云,雷阵雨,29,16,南风,≤3级,南风,≤3级,day
2015-04-18 10:00:00,蛮坡,1、追尾的,负全部责任,不负责任,1,贵A72A47,蓝,1,贵A5EA19,白 ,-1,-1,-1,-1,北京现代牌,猎豹牌,364556000000000000 ,364547000000000 ,196301,561018,10,5,4,工作日,非高峰,2015-04-18,2015年4月18日,多云 /雷阵雨,29℃ / 16℃,南风 ≤3级 /南风 ≤3级,多云,雷阵雨,29,16,南风,≤3级,南风,≤3级,day
2015-04-18 02:15:00,金阳,3、倒车的,负全部责任,不负责任,1,贵A7149M,红,1,贵ARR938,蓝,新天驾校,（云岩区）省交通职业技术驾驶培训学校,2011/5/6 0:00,2011/1/28 0:00,长安牌,奇瑞,366664000000000000 ,366566000000000000 ,199108,198009,2,5,4,工作日,非高峰,2015-04-18,2015年4月18日,多云 /雷阵雨,29℃ / 16℃,南风 ≤3级 /南风 ≤3级,多云,雷阵雨,29,16,南风,≤3级,南风,≤3级,night
2015-04-18 03:00:00,观山西路,7、未按规定让行的 ,负全部责任,不负责任,1,贵A870H4,红,1,贵A72937,黄,安顺市汽车运输公司驾驶员培训学校,吉源驾校（南明区）,-1,2010/6/12 0:00,福田牌,长安,366064000000000000 ,364557000000000000 ,199301,198604,3,5,4,工作日,非高峰,2015-04-18,2015年4月18日,多云 /雷阵雨,29℃ / 16℃,南风 ≤3级 /南风 ≤3级,多云,雷阵雨,29,16,南风,≤3级,南风,≤3级,night
2015-04-18 00:00:00,公安厅,8、依法应负全责的其他情形,负全部责任,不负责任,1,闽DBN181,蓝,1,贵HBV622,白,-1,-1,-1,-1,马自达牌 ,长安牌,366046000000000000 ,366269000000000000 ,199404,198708,0,5,4,工作日,非高峰,2015-04-18,2015年4月18日,多云 /雷阵雨,29℃ / 16℃,南风 ≤3级 /南风 ≤3级,多云,雷阵雨,29,16,南风,≤3级,南风,≤3级,night
2015-04-18 09:00:00,南明区,1、追尾的,负全部责任,不负责任,1,贵AZL51,表示,1,贵A94K37,白色,-1,大地驾校,-1,2008/10/31 0:00,-1,东风日产牌,36454700000000000 ,364547000000000000 ,199006,197907,9,5,4,工作日,早高峰(7-9点),2015-04-18,2015年4月18日,多云 /雷阵雨,29℃ / 16℃,南风 ≤3级 /南风 ≤3级,多云,雷阵雨,29,16,南风,≤3级,南风,≤3级,day
2015-04-18 10:00:00,枣山路,9、不符合前8款规定或者双方同时具有上述情形的,负同等责任,负同等责任,1,贵AEZ415,白色,1,贵A0BV43,白色,贵州省黔东南州宏达驾驶学校,鑫鑫驾校,-1,2008/1/15 0:00,丰田牌,凯迪拉克,74365500000000000 ,55566500000000000 ,196305,196807,10,5,4,工作日,非高峰,2015-04-18,2015年4月18日,多云 /雷阵雨,29℃ / 16℃,南风 ≤3级 /南风 ≤3级,多云,雷阵雨,29,16,南风,≤3级,南风,≤3级,day
2015-04-18 05:20:00,宾阳大道,9、不符合前8款规定或者双方同时具有上述情形的,负全部责任,不负责任,1,贵FH6514,黑,1,贵A91431,红,-1,毕节地区宏强汽车(摩托车)驾驶培训学校,-1,2004/5/20 0:00,雪佛兰牌,金杯,366064000000000000 ,366662000000000000 ,197810,198104,5,5,4,工作日,非高峰,2015-04-18,2015年4月18日,多云 /雷阵雨,29℃ / 16℃,南风 ≤3级 /南风 ≤3级,多云,雷阵雨,29,16,南风,≤3级,南风,≤3级,night
2015-04-18 09:00:00,清水江路,1、追尾的,负全部责任,不负责任,1,贵AB9183,白色,1,贵AM0504,白色,顺一驾驶培训学校,自培,2014/3/20 0:00,2004/6/1 0:00,北京现代牌,海陵牌,364547000000000000 ,364547000000000000 ,197309,197905,9,5,4,工作日,早高峰(7-9点),2015-04-18,2015年4月18日,多云 /雷阵雨,29℃ / 16℃,南风 ≤3级 /南风 ≤3级,多云,雷阵雨,29,16,南风,≤3级,南风,≤3级,day
2015-04-18 09:45:00,清水江路,1、追尾的,负全部责任,不负责任,1,贵AB9183,白色,1,贵A267A2,白色,顺一驾驶培训学校,-1,2014/3/20 0:00,-1,力帆牌,江铃牌,364547000000000000 ,36455500000000000 ,197309,991092,9,5,4,工作日,早高峰(7-9点),2015-04-18,2015年4月18日,多云 /雷阵雨,29℃ / 16℃,南风 ≤3级 /南风 ≤3级,多云,雷阵雨,29,16,南风,≤3级,南风,≤3级,day
2015-04-18 10:30:00,嘉润路,8、依法应负全责的其他情形,负全部责任,不负责任,1,贵A0827Y,白色,1,贵AGH104,白色,-1,蓝天驾校,-1,2011/2/16 0:00,宝马,奥迪牌,36345500000000000 ,356767000000000000 ,978103,198202,10,5,4,工作日,非高峰,2015-04-18,2015年4月18日,多云 /雷阵雨,29℃ / 16℃,南风 ≤3级 /南风 ≤3级,多云,雷阵雨,29,16,南风,≤3级,南风,≤3级,day
2015-04-18 10:40:00,新添寨,1、追尾的,负全部责任,不负责任,1,贵ASH993,黄,1,贵A3AM22,黄,-1,自培,-1,2012/9/21 0:00,别克牌,科雷傲,966061000000000000 ,36636051224641093X,199111,196602,10,5,4,工作日,非高峰,2015-04-18,2015年4月18日,多云 /雷阵雨,29℃ / 16℃,南风 ≤3级 /南风 ≤3级,多云,雷阵雨,29,16,南风,≤3级,南风,≤3级,day
2015-04-18 11:00:00,东客站,8、依法应负全责的其他情形,负全部责任,不负责任,1,贵A22181,白色,1,贵A82G53,白色,-1,贵州平安驾驶培训学校,-1,2011/7/8 0:00,轰轰烈,大众汽车牌,366270000000000000 ,364548000000000000 ,197509,199101,11,5,4,工作日,非高峰,2015-04-18,2015年4月18日,多云 /雷阵雨,29℃ / 16℃,南风 ≤3级 /南风 ≤3级,多云,雷阵雨,29,16,南风,≤3级,南风,≤3级,day
2015-04-18 11:00:00,金竹镇,7、未按规定让行的 ,负全部责任,不负责任,1,贵A364H1,货车,1,贵A9752X,白色,-1,人武驾校,-1,2014/4/22 0:00,解放牌,雪佛兰牌,366067000000000000 ,366068000000000000 ,197404,198711,11,5,4,工作日,非高峰,2015-04-18,2015年4月18日,多云 /雷阵雨,29℃ / 16℃,南风 ≤3级 /南风 ≤3级,多云,雷阵雨,29,16,南风,≤3级,南风,≤3级,day
2015-04-18 11:02:00,师大,7、未按规定让行的 ,负全部责任,不负责任,1,贵A7BV98,蓝,1,贵A11S14,黑,-1,无,-1,2003/9/1 0:00,一汽佳星牌,别克牌,36684600000000000 ,574741000000000000 ,196801,197605,11,5,4,工作日,非高峰,2015-04-18,2015年4月18日,多云 /雷阵雨,29℃ / 16℃,南风 ≤3级 /南风 ≤3级,多云,雷阵雨,29,16,南风,≤3级,南风,≤3级,day
2015-04-18 11:20:00,金阳,7、未按规定让行的 ,负全部责任,不负责任,1,贵AER529,黑,1,贵AJK554,银,-1,自培,-1,2000/11/27 0:00,黄海牌,宝马牌,364797000000000000 ,36636051894551005X,198710,197801,11,5,4,工作日,非高峰,2015-04-18,2015年4月18日,多云 /雷阵雨,29℃ / 16℃,南风 ≤3级 /南风 ≤3级,多云,雷阵雨,29,16,南风,≤3级,南风,≤3级,day
2015-04-18 11:00:00,大关,3、倒车的,负全部责任,不负责任,0,贵A65X72,黄,1,贵JBA879,黑,-1,-1,-1,-1,大众汽车牌,长城牌,366364000000000000 ,355466000000000000 ,197605,197302,11,5,4,工作日,非高峰,2015-04-18,2015年4月18日,多云 /雷阵雨,29℃ / 16℃,南风 ≤3级 /南风 ≤3级,多云,雷阵雨,29,16,南风,≤3级,南风,≤3级,day
2015-04-18 10:10:00,三桥,3、倒车的,负全部责任,不负责任,1,贵A4872F,白,0,贵GV8619,白,-1,新华驾校,-1,2012/12/17 0:00,解放牌,奥迪牌,366563000000000000 ,366067000000000000 ,198305,197910,10,5,4,工作日,非高峰,2015-04-18,2015年4月18日,多云 /雷阵雨,29℃ / 16℃,南风 ≤3级 /南风 ≤3级,多云,雷阵雨,29,16,南风,≤3级,南风,≤3级,day
2015-04-18 10:37:00,油榨街,8、依法应负全责的其他情形,负全部责任,不负责任,1,贵H69794,白色,1,贵FX8548,白色,贵州省黔东南州金凯驾驶学校,新天驾校,-1,2014/11/4 0:00,巴山,翼搏牌,366264000000000000 ,366061000000000000 ,198003,198409,10,5,4,工作日,非高峰,2015-04-18,2015年4月18日,多云 /雷阵雨,29℃ / 16℃,南风 ≤3级 /南风 ≤3级,多云,雷阵雨,29,16,南风,≤3级,南风,≤3级,day
2015-04-18 12:00:00,会展城,9、不符合前8款规定或者双方同时具有上述情形的,负同等责任,负同等责任,1,渝CEQ349,黑,1,贵AGX396,黑,-1,520114,-1,2010/1/27 0:00,奥迪牌,夏利牌,354696000000000000 ,366063000000000000 ,198110,197807,12,5,4,工作日,非高峰,2015-04-18,2015年4月18日,多云 /雷阵雨,29℃ / 16℃,南风 ≤3级 /南风 ≤3级,多云,雷阵雨,29,16,南风,≤3级,南风,≤3级,day
2015-04-18 00:00:00,观山湖,7、未按规定让行的 ,负全部责任,不负责任,1,吉J75433,白,1,贵A39C35,黑,自培,自培,2003/1/9 0:00,2011/12/29 0:00,大众牌,长安牌,364557000000000000 ,364557000000000000 ,198411,196910,0,5,4,工作日,非高峰,2015-04-18,2015年4月18日,多云 /雷阵雨,29℃ / 16℃,南风 ≤3级 /南风 ≤3级,多云,雷阵雨,29,16,南风,≤3级,南风,≤3级,night
2015-04-18 00:00:00,黔灵山路,7、未按规定让行的 ,负全部责任,不负责任,1,贵AB2357,黑,1,湘E8733C,白,自培,贵阳万里圣驾校,2001/3/7 0:00,2015/3/24 0:00,五羊-本田牌,梅赛德斯-奔驰牌,364548000000000000 ,74367500000000000 ,198208,199101,0,5,4,工作日,非高峰,2015-04-18,2015年4月18日,多云 /雷阵雨,29℃ / 16℃,南风 ≤3级 /南风 ≤3级,多云,雷阵雨,29,16,南风,≤3级,南风,≤3级,night
2015-04-18 11:25:00,五里冲,8、依法应负全责的其他情形,负全部责任,不负责任,1,川A125N1,黄,1,贵ADV732,一,-1,黔丰驾校,-1,2015/2/4 0:00,北京现代牌,江铃牌,355464000000000000 ,364556000000000000 ,198411,197902,11,5,4,工作日,非高峰,2015-04-18,2015年4月18日,多云 /雷阵雨,29℃ / 16℃,南风 ≤3级 /南风 ≤3级,多云,雷阵雨,29,16,南风,≤3级,南风,≤3级,day
2015-04-18 11:00:00,都司路,1、追尾的,负全部责任,不负责任,1,贵ADD768,白色,1,湘D1LV23,白色,520115,-1,2007/2/1 0:00,-1,中华牌,东风雪铁龙牌,366566000000000000 ,74660500000000000 ,196510,198901,11,5,4,工作日,非高峰,2015-04-18,2015年4月18日,多云 /雷阵雨,29℃ / 16℃,南风 ≤3级 /南风 ≤3级,多云,雷阵雨,29,16,南风,≤3级,南风,≤3级,day
2015-04-18 12:30:00,金钟桥,1、追尾的,负全部责任,不负责任,1,贵ACS584,银,1,贵A43C67,银,-1,全林驾校,-1,2011/4/8 0:00,途锐,别克牌,366064000000000000 ,364547000000000000 ,199801,198608,12,5,4,工作日,非高峰,2015-04-18,2015年4月18日,多云 /雷阵雨,29℃ / 16℃,南风 ≤3级 /南风 ≤3级,多云,雷阵雨,29,16,南风,≤3级,南风,≤3级,day
2015-04-18 12:00:00,玉厂路,3、倒车的,负全部责任,不负责任,1,贵JB5964,白色,1,贵AB589K,白色,-1,520127,-1,2009/2/20 0:00,福克斯牌,奇瑞牌,36686551855549096X,364556000000000000 ,197111,198506,12,5,4,工作日,非高峰,2015-04-18,2015年4月18日,多云 /雷阵雨,29℃ / 16℃,南风 ≤3级 /南风 ≤3级,多云,雷阵雨,29,16,南风,≤3级,南风,≤3级,day
2015-04-18 12:30:00,万东桥,1、追尾的,负全部责任,不负责任,1,贵ASF531,白色,1,贵FX3116,白色,-1,贵阳万里圣驾校,-1,2014/11/14 0:00,宝马,北京牌,774768000000000000 ,366063000000000000 ,197310,198108,12,5,4,工作日,非高峰,2015-04-18,2015年4月18日,多云 /雷阵雨,29℃ / 16℃,南风 ≤3级 /南风 ≤3级,多云,雷阵雨,29,16,南风,≤3级,南风,≤3级,day
2015-04-18 11:30:00,观山湖,9、不符合前8款规定或者双方同时具有上述情形的,负全部责任,不负责任,1,贵A5115K,白,1,贵JAE599,黑,-1,蓝天驾校,-1,2014/12/22 0:00,解放牌,别克牌,366064000000000000 ,765598000000000000 ,199210,198702,11,5,4,工作日,非高峰,2015-04-18,2015年4月18日,多云 /雷阵雨,29℃ / 16℃,南风 ≤3级 /南风 ≤3级,多云,雷阵雨,29,16,南风,≤3级,南风,≤3级,day
2015-04-18 13:00:00,延安西路,7、未按规定让行的 ,负全部责任,不负责任,1,贵AU7320,蓝,1,贵AU4963,绿,消防驾校,520111,2003/4/18 0:00,2009/11/18 0:00,恒通客车牌,捷达牌,366367000000000000 ,36634651834745753X,197501,197503,13,5,4,工作日,非高峰,2015-04-18,2015年4月18日,多云 /雷阵雨,29℃ / 16℃,南风 ≤3级 /南风 ≤3级,多云,雷阵雨,29,16,南风,≤3级,南风,≤3级,day
2015-04-18 12:45:00,花溪大道,7、未按规定让行的 ,负全部责任,不负责任,1,贵A28N77,红,1,贵A96F26,黄,吉源驾校,鑫鑫驾校,2014/10/17 0:00,2011/12/8 0:00,丰田牌,别克牌,364557000000000000 ,364548000000000000 ,198411,197106,12,5,4,工作日,非高峰,2015-04-18,2015年4月18日,多云 /雷阵雨,29℃ / 16℃,南风 ≤3级 /南风 ≤3级,多云,雷阵雨,29,16,南风,≤3级,南风,≤3级,day
2015-04-18 11:40:00,长岭北路,1、追尾的,负全部责任,不负责任,1,贵AML959,银,1,贵AA3936,银,新华驾校,520114,2006/10/13 0:00,2009/4/24 0:00,夏利牌,宝马,366869000000000000 ,366347000000000000 ,198302,197811,11,5,4,工作日,非高峰,2015-04-18,2015年4月18日,多云 /雷阵雨,29℃ / 16℃,南风 ≤3级 /南风 ≤3级,多云,雷阵雨,29,16,南风,≤3级,南风,≤3级,day
2015-04-18 13:12:00,南郊公园,9、不符合前8款规定或者双方同时具有上述情形的,负同等责任,负同等责任,1,贵A53N73,白色,1,贵A63V78,白色,新华驾校,市警校驾校,2011/10/31 0:00,2013/12/12 0:00,雪佛兰牌,长安牌,364547000000000000 ,364568000000000000 ,198804,199504,13,5,4,工作日,非高峰,2015-04-18,2015年4月18日,多云 /雷阵雨,29℃ / 16℃,南风 ≤3级 /南风 ≤3级,多云,雷阵雨,29,16,南风,≤3级,南风,≤3级,day
2015-04-18 11:45:00,陕西路,1、追尾的,负全部责任,不负责任,1,贵A5S365,白,1,贵AU0756,蓝,自培,520127,2014/12/11 0:00,2001/3/26 0:00,福特牌,捷达牌,364547000000000000 ,364547000000000000 ,198607,198302,11,5,4,工作日,非高峰,2015-04-18,2015年4月18日,多云 /雷阵雨,29℃ / 16℃,南风 ≤3级 /南风 ≤3级,多云,雷阵雨,29,16,南风,≤3级,南风,≤3级,day
2015-04-18 12:50:00,花二道,1、追尾的,负全部责任,不负责任,1,贵A405C6,白色,1,贵ASX993,白色,自培,-1,2009/7/16 0:00,-1,斯卡特牌,雪佛兰牌,366369000000000000 ,366369000000000000 ,196910,197809,12,5,4,工作日,非高峰,2015-04-18,2015年4月18日,多云 /雷阵雨,29℃ / 16℃,南风 ≤3级 /南风 ≤3级,多云,雷阵雨,29,16,南风,≤3级,南风,≤3级,day
2015-04-18 13:30:00,亨特,1、追尾的,负全部责任,不负责任,1,贵A25E99,白,1,贵AVZ229,银,全林驾校,贵阳金马驾驶培训有限公司,2011/10/12 0:00,2011/6/8 0:00,马自达牌,-1,364548000000000000 ,364547000000000000 ,198807,198703,13,5,4,工作日,非高峰,2015-04-18,2015年4月18日,多云 /雷阵雨,29℃ / 16℃,南风 ≤3级 /南风 ≤3级,多云,雷阵雨,29,16,南风,≤3级,南风,≤3级,day
2015-04-18 11:40:00,金阳北路,3、倒车的,负全部责任,不负责任,1,贵QA64C68,黑,1,贵AJW019,银,自培,-1,2005/11/3 0:00,-1,-1,北京现代牌,366363000000000000 ,366558000000000000 ,196402,197701,11,5,4,工作日,非高峰,2015-04-18,2015年4月18日,多云 /雷阵雨,29℃ / 16℃,南风 ≤3级 /南风 ≤3级,多云,雷阵雨,29,16,南风,≤3级,南风,≤3级,day
2015-04-18 12:00:00,宝山南路,7、未按规定让行的 ,负全部责任,不负责任,1,贵AU0868,白色,1,贵AD5152,白色,自培,十一培,2011/5/26 0:00,1998/10/7 0:00,万达牌,嘉冠牌,366566000000000000 ,36454651844352565X,198808,197005,12,5,4,工作日,非高峰,2015-04-18,2015年4月18日,多云 /雷阵雨,29℃ / 16℃,南风 ≤3级 /南风 ≤3级,多云,雷阵雨,29,16,南风,≤3级,南风,≤3级,day
2015-04-18 11:30:00,花溪花石路,1、追尾的,负全部责任,不负责任,1,贵GM8824,白色,1,贵A3G106,白色,（南明区）阳光驾驶培训有限公司,自培,2006/12/5 0:00,2006/12/30 0:00,东风日产牌,福克斯,364556000000000000 ,366367000000000000 ,198412,197105,11,5,4,工作日,非高峰,2015-04-18,2015年4月18日,多云 /雷阵雨,29℃ / 16℃,南风 ≤3级 /南风 ≤3级,多云,雷阵雨,29,16,南风,≤3级,南风,≤3级,day
2015-04-18 12:10:00,花溪大道,3、倒车的,负全部责任,不负责任,1,贵A7BK25,白色,1,贵AU9703,白色,全林驾校,自培,2014/2/12 0:00,2010/7/9 0:00,北京牌,瑞麒牌,364547000000000000 ,366661000000000000 ,196002,198907,12,5,4,工作日,非高峰,2015-04-18,2015年4月18日,多云 /雷阵雨,29℃ / 16℃,南风 ≤3级 /南风 ≤3级,多云,雷阵雨,29,16,南风,≤3级,南风,≤3级,day
2015-04-18 12:00:00,三桥,7、未按规定让行的 ,负全部责任,不负责任,1,贵GY3094,白色,1,贵AN260,白色,鑫鑫驾校,自培,2014/12/4 0:00,2006/2/17 0:00,启辰牌,-1,366362000000000000 ,364548000000000000 ,198312,198406,12,5,4,工作日,非高峰,2015-04-18,2015年4月18日,多云 /雷阵雨,29℃ / 16℃,南风 ≤3级 /南风 ≤3级,多云,雷阵雨,29,16,南风,≤3级,南风,≤3级,day
2015-04-18 10:20:00,东客站,1、追尾的,负全部责任,不负责任,1,贵G92138,白色,1,贵A76M31,白色,自培,自培,2012/8/20 0:00,2007/2/6 0:00,长城牌,北京现代牌,734570000000000000 ,364556000000000000 ,199403,198612,10,5,4,工作日,非高峰,2015-04-18,2015年4月18日,多云 /雷阵雨,29℃ / 16℃,南风 ≤3级 /南风 ≤3级,多云,雷阵雨,29,16,南风,≤3级,南风,≤3级,day
2015-04-18 12:50:00,西二环,7、未按规定让行的 ,负全部责任,不负责任,1,贵AD2184,白色,1,赣MW8554,白色,（花溪区）金马驾驶培训有限公司,-1,2007/10/31 0:00,-1,宗申牌,科雷傲,366363000000000000 ,72456751934060440X,197708,198504,12,5,4,工作日,非高峰,2015-04-18,2015年4月18日,多云 /雷阵雨,29℃ / 16℃,南风 ≤3级 /南风 ≤3级,多云,雷阵雨,29,16,南风,≤3级,南风,≤3级,day
2015-04-18 13:40:00,杨家山,1、追尾的,负全部责任,不负责任,1,贵AV8637,银,1,贵A1512U,银,-1,-1,-1,-1,鑫源牌,丰田牌,364547000000000000 ,366875000000000000 ,196006,196612,13,5,4,工作日,非高峰,2015-04-18,2015年4月18日,多云 /雷阵雨,29℃ / 16℃,南风 ≤3级 /南风 ≤3级,多云,雷阵雨,29,16,南风,≤3级,南风,≤3级,day
2015-04-18 14:30:00,新添大道,7、未按规定让行的 ,负全部责任,不负责任,1,贵A871A4,红,1,贵A8BF56,白,-1,时发驾校,-1,2013/11/19 0:00,五菱牌,别克牌,356168000000000000 ,364548000000000000 ,196702,199303,14,5,4,工作日,非高峰,2015-04-18,2015年4月18日,多云 /雷阵雨,29℃ / 16℃,南风 ≤3级 /南风 ≤3级,多云,雷阵雨,29,16,南风,≤3级,南风,≤3级,day
2015-04-18 14:00:00,南湖路,8、依法应负全责的其他情形,负全部责任,不负责任,1,贵AB8699,银,1,贵GJ2244,红,贵州现代驾驶培训责任有限公司,自培,2013/4/24 0:00,2005/5/9 0:00,力帆牌,东风标致牌,366663000000000000 ,35747451294061275X,199103,196804,14,5,4,工作日,非高峰,2015-04-18,2015年4月18日,多云 /雷阵雨,29℃ / 16℃,南风 ≤3级 /南风 ≤3级,多云,雷阵雨,29,16,南风,≤3级,南风,≤3级,day
2015-04-18 14:05:00,中华北路,1、追尾的,负全部责任,不负责任,1,贵AU5977,蓝,0,贵AF8443,白,（乌当区）全林驾驶培训有限公司,顺一驾驶培训学校,2010/4/30 0:00,2013/12/18 0:00,宗申牌,大阳牌,364596000000000000 ,364547000000000000 ,198606,197311,14,5,4,工作日,非高峰,2015-04-18,2015年4月18日,多云 /雷阵雨,29℃ / 16℃,南风 ≤3级 /南风 ≤3级,多云,雷阵雨,29,16,南风,≤3级,南风,≤3级,day
2015-04-18 14:00:00,花二道,7、未按规定让行的 ,负全部责任,不负责任,1,贵A7EB84,白色,1,贵ADD598,白色,路路达驾校,自培,2015/1/5 0:00,2006/9/27 0:00,红旗牌,雅阁牌,357147000000000000 ,366068000000000000 ,199408,198808,14,5,4,工作日,非高峰,2015-04-18,2015年4月18日,多云 /雷阵雨,29℃ / 16℃,南风 ≤3级 /南风 ≤3级,多云,雷阵雨,29,16,南风,≤3级,南风,≤3级,day
2015-04-18 14:50:00,小河,7、未按规定让行的 ,负全部责任,不负责任,1,贵A7488P,白色,1,豫A952H3,白色,-1,高新驾校,-1,-1,梅赛德斯-奔驰牌,红旗牌,344661000000000000 ,05406551914062343X,198611,198904,14,5,4,工作日,非高峰,2015-04-18,2015年4月18日,多云 /雷阵雨,29℃ / 16℃,南风 ≤3级 /南风 ≤3级,多云,雷阵雨,29,16,南风,≤3级,南风,≤3级,day
2015-04-25 12:30:00,花果园,7、未按规定让行的 ,负全部责任,不负责任,1,贵GX5608,白色,1,贵APZ345,白色,毕节市奇康驾驶培训学校,预约考试窗口,-1,2006/12/4 0:00,梅赛德斯-奔驰,长安牌,366046000000000000 ,364547000000000000 ,198905,196908,12,5,4,工作日,非高峰,2015-04-25,2015年4月25日,阴 /阵雨,20℃ / 11℃,东风 ≤3级 /东南风 ≤3级,阴,阵雨,20,11,东风,≤3级,东南风,≤3级,day
2015-04-18 13:40:00,花果园,7、未按规定让行的 ,负全部责任,不负责任,1,贵A29K15,白色,1,贵A5302Y,白色,铁二局驾校,-1,2014/7/17 0:00,-1,大众牌,夏利牌,364551000000000000 ,35614700000000000 ,197906,197410,13,5,4,工作日,非高峰,2015-04-18,2015年4月18日,多云 /雷阵雨,29℃ / 16℃,南风 ≤3级 /南风 ≤3级,多云,雷阵雨,29,16,南风,≤3级,南风,≤3级,day