accidenttime,accidentaddr,driver1fault,driver1responsibility,driver2responsibility,sex1,platenumber1,carcolor1,sex2,platenumber2,carcolor2,jxmc1,jxmc2,cclzrq1,cclzrq2,clpp1,clpp2,driver1license,driver2license,brith1,brith2,hour,weekday,month,is_weekday,peak_hour,date,日期,天气状况,气温,风力风向,day_wea,night_wea,day_tep,night_tep,day_wind_direction,day_wind_speed,night_wind_direction,night_wind_speed,segment
2015-04-18 14:00:00,北站,1、追尾的,负全部责任,不负责任,1,贵EJ3898,银,1,贵A68F17,蓝,-1,520136,-1,2009/9/9 0:00,别克牌,英菲尼迪,364646000000000000 ,364547000000000000 ,197206,195402,14,5,4,工作日,非高峰,2015-04-18,2015年4月18日,多云 /雷阵雨,29℃ / 16℃,南风 ≤3级 /南风 ≤3级,多云,雷阵雨,29,16,南风,≤3级,南风,≤3级,day
2015-04-18 16:20:00,新添大道,1、追尾的,负全部责任,不负责任,1,贵AU1994,红,1,贵A19P69,白,520106,新天驾校,2007/11/28 0:00,2011/9/8 0:00,风神牌,长安牌,366367000000000000 ,366563000000000000 ,198008,198411,16,5,4,工作日,非高峰,2015-04-18,2015年4月18日,多云 /雷阵雨,29℃ / 16℃,南风 ≤3级 /南风 ≤3级,多云,雷阵雨,29,16,南风,≤3级,南风,≤3级,day
2015-04-18 14:20:00,杨家山隧道,8、依法应负全责的其他情形,负全部责任,不负责任,1,贵GGB208,白色,1,贵AL1229,白色,-1,武警驾驶分校,-1,2005/1/21 0:00,北京现代牌,喜马牌,366046000000000000 ,364547000000000000 ,197705,196406,14,5,4,工作日,非高峰,2015-04-18,2015年4月18日,多云 /雷阵雨,29℃ / 16℃,南风 ≤3级 /南风 ≤3级,多云,雷阵雨,29,16,南风,≤3级,南风,≤3级,day
2015-04-18 13:00:00,省政府,7、未按规定让行的 ,负全部责任,不负责任,1,贵AFH732,银,0,贵GR8605,白,自培,贵州现代驾驶培训责任有限公司,2004/4/19 0:00,2011/2/16 0:00,红旗牌,宝马牌,364548000000000000 ,364548000000000000 ,197411,198805,13,5,4,工作日,非高峰,2015-04-18,2015年4月18日,多云 /雷阵雨,29℃ / 16℃,南风 ≤3级 /南风 ≤3级,多云,雷阵雨,29,16,南风,≤3级,南风,≤3级,day
2015-04-18 13:50:00,龙泉路,7、未按规定让行的 ,负全部责任,不负责任,1,贵AET573,白,1,贵A9708S,蓝,自培,-1,2006/1/10 0:00,-1,奥迪牌,长安牌,364547000000000000 ,3663630000000000 ,197601,196519,13,5,4,工作日,非高峰,2015-04-18,2015年4月18日,多云 /雷阵雨,29℃ / 16℃,南风 ≤3级 /南风 ≤3级,多云,雷阵雨,29,16,南风,≤3级,南风,≤3级,day
2015-04-18 15:00:00,完善桥,1、追尾的,负全部责任,不负责任,0,苏FSV715,黑,1,粤BM5B88,银,自培,-1,2007/11/7 0:00,-1,桑塔纳,丰田牌,764296000000000000 ,66561500000000000 ,198810,198109,15,5,4,工作日,非高峰,2015-04-18,2015年4月18日,多云 /雷阵雨,29℃ / 16℃,南风 ≤3级 /南风 ≤3级,多云,雷阵雨,29,16,南风,≤3级,南风,≤3级,day
2015-04-18 14:00:00,花二道,1、追尾的,负全部责任,不负责任,1,贵ADX932,白色,1,贵ASF998,白色,自培,十一培,2004/11/11 0:00,1997/10/20 0:00,解放牌,丰田牌,366267000000000000 ,364548000000000000 ,197009,196708,14,5,4,工作日,非高峰,2015-04-18,2015年4月18日,多云 /雷阵雨,29℃ / 16℃,南风 ≤3级 /南风 ≤3级,多云,雷阵雨,29,16,南风,≤3级,南风,≤3级,day
2015-04-18 14:00:00,南二环,7、未按规定让行的 ,负全部责任,不负责任,1,贵A424H7,白色,1,贵AEC469,白色,自培,十一培,2006/6/13 0:00,1989/12/4 0:00,欧铃牌,神行者,357466000000000000 ,364547000000000000 ,197011,196012,14,5,4,工作日,非高峰,2015-04-18,2015年4月18日,多云 /雷阵雨,29℃ / 16℃,南风 ≤3级 /南风 ≤3级,多云,雷阵雨,29,16,南风,≤3级,南风,≤3级,day
2015-04-18 13:40:00,花溪大道,7、未按规定让行的 ,负全部责任,不负责任,1,贵AL7859,白色,1,贵AU7220,白色,自培,十一培,2004/3/19 0:00,1994/7/12 0:00,江淮牌,飞鹰牌,35616251884165025X,366361000000000000 ,197709,197912,13,5,4,工作日,非高峰,2015-04-18,2015年4月18日,多云 /雷阵雨,29℃ / 16℃,南风 ≤3级 /南风 ≤3级,多云,雷阵雨,29,16,南风,≤3级,南风,≤3级,day
2015-04-18 14:20:00,花溪大寨,8、依法应负全责的其他情形,负全部责任,不负责任,1,贵A921D1,白色,1,贵A69V79,白色,自培,十一培,2010/12/14 0:00,1995/10/7 0:00,江铃牌,思威牌,366546000000000000 ,364556000000000000 ,198410,197907,14,5,4,工作日,非高峰,2015-04-18,2015年4月18日,多云 /雷阵雨,29℃ / 16℃,南风 ≤3级 /南风 ≤3级,多云,雷阵雨,29,16,南风,≤3级,南风,≤3级,day
2015-04-18 13:00:00,花溪,1、追尾的,负全部责任,不负责任,1,贵FAF492,白色,1,贵AKB771,白,自培,自培,2013/7/4 0:00,2003/9/22 0:00,东风标致牌,东风日产牌,366067000000000000 ,364556000000000000 ,199209,197210,13,5,4,工作日,非高峰,2015-04-18,2015年4月18日,多云 /雷阵雨,29℃ / 16℃,南风 ≤3级 /南风 ≤3级,多云,雷阵雨,29,16,南风,≤3级,南风,≤3级,day
2015-04-18 15:25:00,市南路,8、依法应负全责的其他情形,负全部责任,不负责任,1,贵A56Y56,白色,1,贵AL1482,白色,-1,自培,-1,2005/2/18 0:00,东风标致牌,力帆牌,36454751904649768X,364547000000000000 ,198402,197002,15,5,4,工作日,非高峰,2015-04-18,2015年4月18日,多云 /雷阵雨,29℃ / 16℃,南风 ≤3级 /南风 ≤3级,多云,雷阵雨,29,16,南风,≤3级,南风,≤3级,day
2015-04-18 13:30:00,北京西路,1、追尾的,负全部责任,不负责任,1,晋JS3144,白,1,贵AHH276,红,自培,自培,2004/5/28 0:00,2003/12/16 0:00,\N,凌派牌,64747500000000000 ,364557000000000000 ,198306,196712,13,5,4,工作日,非高峰,2015-04-18,2015年4月18日,多云 /雷阵雨,29℃ / 16℃,南风 ≤3级 /南风 ≤3级,多云,雷阵雨,29,16,南风,≤3级,南风,≤3级,day
2015-04-18 16:00:00,金阳客车站,7、未按规定让行的 ,负全部责任,不负责任,1,贵AV3537,黄,1,贵A17H13,白,吉源驾校（南明区）,520129,2003/1/10 0:00,2011/4/8 0:00,嘉渝牌,指南者,364556000000000000 ,366576000000000000 ,198111,197809,16,5,4,工作日,非高峰,2015-04-18,2015年4月18日,多云 /雷阵雨,29℃ / 16℃,南风 ≤3级 /南风 ≤3级,多云,雷阵雨,29,16,南风,≤3级,南风,≤3级,day
2015-04-18 14:40:00,中天花园,7、未按规定让行的 ,负全部责任,不负责任,1,贵AU6196,蓝,1,贵CW4708,白,绥阳县汽车驾驶培训学校,自培,-1,-1,众星牌,比亚迪牌,366568000000000000 ,366563000000000000 ,198509,197612,14,5,4,工作日,非高峰,2015-04-18,2015年4月18日,多云 /雷阵雨,29℃ / 16℃,南风 ≤3级 /南风 ≤3级,多云,雷阵雨,29,16,南风,≤3级,南风,≤3级,day
2015-04-18 16:45:00,中山东路,8、依法应负全责的其他情形,负全部责任,不负责任,1,川A3YA89,蓝,1,贵A13L18,黑,-1,市交校,-1,2012/4/12 0:00,丰田牌,宝马牌,354567000000000000 ,364548000000000000 ,198102,198402,16,5,4,工作日,非高峰,2015-04-18,2015年4月18日,多云 /雷阵雨,29℃ / 16℃,南风 ≤3级 /南风 ≤3级,多云,雷阵雨,29,16,南风,≤3级,南风,≤3级,day
2015-04-18 15:30:00,花溪大道,2、逆行的,负全部责任,不负责任,1,贵AC8013,黑,1,贵A29265,红,（南明区）吉源驾驶培训有限公司,-1,2005/10/31 0:00,-1,银钢牌,福田牌,366347000000000000 ,366669000000000000 ,198110,198705,15,5,4,工作日,非高峰,2015-04-18,2015年4月18日,多云 /雷阵雨,29℃ / 16℃,南风 ≤3级 /南风 ≤3级,多云,雷阵雨,29,16,南风,≤3级,南风,≤3级,day
2015-04-18 15:50:00,兴隆花园,7、未按规定让行的 ,负全部责任,不负责任,1,贵A95N61,白色,1,闽CE269M,白色,金大驾校,-1,2014/7/15 0:00,-1,斯柯达牌,大众汽车牌,364548000000000000 ,734398000000000000 ,197007,198212,15,5,4,工作日,非高峰,2015-04-18,2015年4月18日,多云 /雷阵雨,29℃ / 16℃,南风 ≤3级 /南风 ≤3级,多云,雷阵雨,29,16,南风,≤3级,南风,≤3级,day
2015-04-18 16:40:00,北京路,7、未按规定让行的 ,负全部责任,不负责任,1,贵FH7120,白,0,贵A49J34,红,-1,十一驾驶培训有限公司,-1,2010/3/9 0:00,五菱牌,英菲尼迪 QX50,366064000000000000 ,36634551964641526X,196411,198202,16,5,4,工作日,非高峰,2015-04-18,2015年4月18日,多云 /雷阵雨,29℃ / 16℃,南风 ≤3级 /南风 ≤3级,多云,雷阵雨,29,16,南风,≤3级,南风,≤3级,day
2015-04-18 18:38:00,市西高架桥,7、未按规定让行的 ,负全部责任,不负责任,1,贵A17E55,白,1,贵GV7450,白,-1,新天驾校,-1,2012/3/9 0:00,福克斯牌,宝马牌,366846000000000000 ,364557000000000000 ,198112,199210,18,5,4,工作日,晚高峰(17-19点),2015-04-18,2015年4月18日,多云 /雷阵雨,29℃ / 16℃,南风 ≤3级 /南风 ≤3级,多云,雷阵雨,29,16,南风,≤3级,南风,≤3级,day
2015-04-18 17:10:00,0八三,9、不符合前8款规定或者双方同时具有上述情形的,负全部责任,不负责任,1,贵A36957,红,1,贵HCT455,白,-1,铁二局驾校,-1,2012/9/14 0:00,中联牌,翼搏牌,36627351944355407X,366246000000000000 ,198005,198708,17,5,4,工作日,晚高峰(17-19点),2015-04-18,2015年4月18日,多云 /雷阵雨,29℃ / 16℃,南风 ≤3级 /南风 ≤3级,多云,雷阵雨,29,16,南风,≤3级,南风,≤3级,day
2015-04-18 20:00:00,新添大道,1、追尾的,负全部责任,不负责任,1,贵A97677,黄,1,贵AC511N,黑,-1,凯信驾校,-1,2015/1/5 0:00,华通牌,东风雪铁龙牌,64297500000000000 ,366363000000000000 ,198102,197603,20,5,4,工作日,非高峰,2015-04-18,2015年4月18日,多云 /雷阵雨,29℃ / 16℃,南风 ≤3级 /南风 ≤3级,多云,雷阵雨,29,16,南风,≤3级,南风,≤3级,night
2015-04-18 17:30:00,贵遵路,9、不符合前8款规定或者双方同时具有上述情形的,负全部责任,不负责任,0,贵A51S72,白,1,贵A29813,红,时发驾校,-1,2011/2/22 0:00,-1,理念牌,本田思域,364558000000000000 ,74966500000000000 ,198907,197909,17,5,4,工作日,晚高峰(17-19点),2015-04-18,2015年4月18日,多云 /雷阵雨,29℃ / 16℃,南风 ≤3级 /南风 ≤3级,多云,雷阵雨,29,16,南风,≤3级,南风,≤3级,day
2015-04-18 17:30:00,花果园,7、未按规定让行的 ,负全部责任,不负责任,1,贵A88B72,白色,1,贵A490BP,白色,自培,-1,2013/10/10 0:00,-1,北京现代牌,-1,364551000000000000 ,366367000000000000 ,198702,199005,17,5,4,工作日,晚高峰(17-19点),2015-04-18,2015年4月18日,多云 /雷阵雨,29℃ / 16℃,南风 ≤3级 /南风 ≤3级,多云,雷阵雨,29,16,南风,≤3级,南风,≤3级,day
2015-04-18 17:50:00,花果园,9、不符合前8款规定或者双方同时具有上述情形的,负全部责任,不负责任,1,川EG9581,红,1,贵A843H5,白,-1,文通驾校,-1,2011/2/10 0:00,海马牌,福田牌,354368000000000000 ,364556000000000000 ,198109,198812,17,5,4,工作日,晚高峰(17-19点),2015-04-18,2015年4月18日,多云 /雷阵雨,29℃ / 16℃,南风 ≤3级 /南风 ≤3级,多云,雷阵雨,29,16,南风,≤3级,南风,≤3级,day
2015-04-18 18:15:00,云岩区,8、依法应负全责的其他情形,负全部责任,不负责任,1,贵AK4175,白色,1,贵JDD665,白色,贵阳学院汽车驾驶培训,贵州贵龙驾校,2010/8/5 0:00,2004/9/27 0:00,万虎牌,炫威牌,364547000000000000 ,356164000000000000 ,197907,197408,18,5,4,工作日,晚高峰(17-19点),2015-04-18,2015年4月18日,多云 /雷阵雨,29℃ / 16℃,南风 ≤3级 /南风 ≤3级,多云,雷阵雨,29,16,南风,≤3级,南风,≤3级,day
2015-04-18 15:30:00,苗圃一号隧道,1、追尾的,负全部责任,不负责任,1,皖KCY281,白色,1,贵AB702X,白色,自培,-1,2008/1/21 0:00,-1,江淮牌 ,华泰宝利格牌,706569000000000000 ,74369500000000000 ,197803,197104,15,5,4,工作日,非高峰,2015-04-18,2015年4月18日,多云 /雷阵雨,29℃ / 16℃,南风 ≤3级 /南风 ≤3级,多云,雷阵雨,29,16,南风,≤3级,南风,≤3级,day
2015-04-18 15:23:00,美食城,1、追尾的,负全部责任,不负责任,1,皖EJ154X,黑,0,贵A3834M,银,自培,-1,2010/2/10 0:00,-1,北京现代牌 ,吉利美日牌,706263000000000000 ,364596000000000000 ,197805,198607,15,5,4,工作日,非高峰,2015-04-18,2015年4月18日,多云 /雷阵雨,29℃ / 16℃,南风 ≤3级 /南风 ≤3级,多云,雷阵雨,29,16,南风,≤3级,南风,≤3级,day
2015-04-18 14:40:00,渔安,8、依法应负全责的其他情形,负全部责任,不负责任,0,贵A45P62,银,1,贵GY6212,蓝,自培,-1,2014/1/14 0:00,-1,五菱牌,五菱牌,357469000000000000 ,366363000000000000 ,197401,198905,14,5,4,工作日,非高峰,2015-04-18,2015年4月18日,多云 /雷阵雨,29℃ / 16℃,南风 ≤3级 /南风 ≤3级,多云,雷阵雨,29,16,南风,≤3级,南风,≤3级,day
2015-04-18 15:00:00,花果园,1、追尾的,负全部责任,不负责任,1,贵A82A33,白色,1,贵JX1558,白色,自培,-1,2011/4/20 0:00,-1,东风雪铁龙牌,东风日产牌,364596000000000000 ,366864000000000000 ,199012,197905,15,5,4,工作日,非高峰,2015-04-18,2015年4月18日,多云 /雷阵雨,29℃ / 16℃,南风 ≤3级 /南风 ≤3级,多云,雷阵雨,29,16,南风,≤3级,南风,≤3级,day
2015-04-18 16:35:00,白云,1、追尾的,负全部责任,不负责任,1,贵A2305P,黑,1,贵AJV587,黑,自培,-1,2013/12/25 0:00,-1,风神,夏利牌,366068000000000000 ,65566500000000000 ,197111,198801,16,5,4,工作日,非高峰,2015-04-18,2015年4月18日,多云 /雷阵雨,29℃ / 16℃,南风 ≤3级 /南风 ≤3级,多云,雷阵雨,29,16,南风,≤3级,南风,≤3级,day
2015-04-18 15:55:00,金朱东路,1、追尾的,负全部责任,不负责任,1,贵APN423,黄,0,贵A48X44,黑,青正驾校,自培,2011/10/26 0:00,2011/4/21 0:00,长安牌,奥迪牌,364596000000000000 ,774768000000000000 ,198608,197312,15,5,4,工作日,非高峰,2015-04-18,2015年4月18日,多云 /雷阵雨,29℃ / 16℃,南风 ≤3级 /南风 ≤3级,多云,雷阵雨,29,16,南风,≤3级,南风,≤3级,day
2015-04-18 15:30:00,杨家山隧道,1、追尾的,负全部责任,不负责任,1,贵AFN239,黄,1,贵AVA581,白,自培,自培,2004/9/1 0:00,2006/8/11 0:00,福田牌,东风雪铁龙牌,366064000000000000 ,366661000000000000 ,197206,198008,15,5,4,工作日,非高峰,2015-04-18,2015年4月18日,多云 /雷阵雨,29℃ / 16℃,南风 ≤3级 /南风 ≤3级,多云,雷阵雨,29,16,南风,≤3级,南风,≤3级,day
2015-04-18 20:00:00,甘荫塘,1、追尾的,负全部责任,不负责任,1,贵A41H61,白色,1,贵A26C95,白色,铁二局驾校,新华驾校,2012/1/12 0:00,2014/5/22 0:00,菲亚特,长安牌,364567000000000000 ,35526651995651447X,198808,198812,20,5,4,工作日,非高峰,2015-04-18,2015年4月18日,多云 /雷阵雨,29℃ / 16℃,南风 ≤3级 /南风 ≤3级,多云,雷阵雨,29,16,南风,≤3级,南风,≤3级,night
2015-04-18 20:31:00,云潭南路,1、追尾的,负全部责任,不负责任,1,贵A3107R,白,0,贵A9793V,黄,路路达驾校,顺一驾驶培训学校,2011/2/13 0:00,2014/2/28 0:00,五菱牌,红旗牌,366064000000000000 ,364557000000000000 ,197903,195510,20,5,4,工作日,非高峰,2015-04-18,2015年4月18日,多云 /雷阵雨,29℃ / 16℃,南风 ≤3级 /南风 ≤3级,多云,雷阵雨,29,16,南风,≤3级,南风,≤3级,night
2015-04-18 21:00:00,三桥,3、倒车的,负全部责任,不负责任,1,贵A22699,红,1,贵DR5125,黑,-1,青正驾校,-1,2013/8/26 0:00,红岩牌,航天牌,5617650000000000 ,366669000000000000 ,196602,199001,21,5,4,工作日,非高峰,2015-04-18,2015年4月18日,多云 /雷阵雨,29℃ / 16℃,南风 ≤3级 /南风 ≤3级,多云,雷阵雨,29,16,南风,≤3级,南风,≤3级,night
2015-04-19 06:00:00,太慈桥,8、依法应负全责的其他情形,负全部责任,不负责任,1,贵A92510,白色,1,贵H9Y929,白色,自培,-1,2011/10/9 0:00,-1,五征牌,-1,366068000000000000 ,366046000000000000 ,196407,199309,6,6,4,周末,非高峰,2015-04-19,2015年4月19日,阵雨 /阵雨,22℃ / 13℃,东北风 ≤3级 /东北风 ≤3级,阵雨,阵雨,22,13,东北风,≤3级,东北风,≤3级,day
2015-04-19 00:00:00,南浦路,8、依法应负全责的其他情形,负全部责任,不负责任,1,贵AM3908,白色,1,贵AM3636,白色,-1,预约考试窗口,-1,2006/12/6 0:00,建设牌,梅赛德斯-奔驰牌,364547000000000 ,366067000000000000 ,721220,197002,0,6,4,周末,非高峰,2015-04-19,2015年4月19日,阵雨 /阵雨,22℃ / 13℃,东北风 ≤3级 /东北风 ≤3级,阵雨,阵雨,22,13,东北风,≤3级,东北风,≤3级,night
2015-04-19 08:42:00,阳关,7、未按规定让行的 ,负全部责任,不负责任,1,桂KV5736,黄,1,贵AC0115,白,-1,全林驾校,-1,2011/12/7 0:00,\N,豪爵-SUZUKI牌,36368500000000000 ,364596000000000000 ,197411,199306,8,6,4,周末,早高峰(7-9点),2015-04-19,2015年4月19日,阵雨 /阵雨,22℃ / 13℃,东北风 ≤3级 /东北风 ≤3级,阵雨,阵雨,22,13,东北风,≤3级,东北风,≤3级,day
2015-04-19 08:33:00,龙洞堡,3、倒车的,负全部责任,不负责任,1,贵A28H26,白色,1,贵A9BC23,黑色,铁二局驾校,（乌当区）全林驾驶培训有限公司,2003/9/29 0:00,2012/7/10 0:00,大众牌,大众汽车牌,364556000000000000 ,364547000000000000 ,197109,198903,8,6,4,周末,早高峰(7-9点),2015-04-19,2015年4月19日,阵雨 /阵雨,22℃ / 13℃,东北风 ≤3级 /东北风 ≤3级,阵雨,阵雨,22,13,东北风,≤3级,东北风,≤3级,day
2015-04-19 00:00:00,蛮破,1、追尾的,负全部责任,不负责任,1,贵A74K33,银,1,贵A734E4,黑,吉源驾校,-1,2014/5/14 0:00,-1,波罗牌,福田牌,364548000000000000 ,25436651944850547X,198206,198007,0,6,4,周末,非高峰,2015-04-19,2015年4月19日,阵雨 /阵雨,22℃ / 13℃,东北风 ≤3级 /东北风 ≤3级,阵雨,阵雨,22,13,东北风,≤3级,东北风,≤3级,night
2015-04-19 00:00:00,西二环,1、追尾的,负全部责任,不负责任,1,贵A91J62,红,1,贵H909D3,白,市警校驾校,-1,2011/8/17 0:00,-1,奥迪牌,-1,366669000000000000 ,366061000000000000 ,198009,198512,0,6,4,周末,非高峰,2015-04-19,2015年4月19日,阵雨 /阵雨,22℃ / 13℃,东北风 ≤3级 /东北风 ≤3级,阵雨,阵雨,22,13,东北风,≤3级,东北风,≤3级,night
2015-04-18 21:25:00,盐沙大道,1、追尾的,负全部责任,不负责任,1,贵AS5481,白色,1,贵AU1511,白色,自培,自培,2003/5/7 0:00,2007/11/12 0:00,东风雪铁龙牌,捷达牌,366361000000000000 ,366562000000000000 ,197002,197902,21,5,4,工作日,非高峰,2015-04-18,2015年4月18日,多云 /雷阵雨,29℃ / 16℃,南风 ≤3级 /南风 ≤3级,多云,雷阵雨,29,16,南风,≤3级,南风,≤3级,night
2015-04-19 00:00:00,顺海公园,9、不符合前8款规定或者双方同时具有上述情形的,负全部责任,不负责任,1,贵CP6746,白,1,贵A21B76,白,自培,520101,2007/11/7 0:00,2010/3/3 0:00,吉利牌,凯迪拉克牌,36606051954254665X,56160500000000000 ,198106,196412,0,6,4,周末,非高峰,2015-04-19,2015年4月19日,阵雨 /阵雨,22℃ / 13℃,东北风 ≤3级 /东北风 ≤3级,阵雨,阵雨,22,13,东北风,≤3级,东北风,≤3级,night
2015-04-19 08:20:00,百花大道,7、未按规定让行的 ,负全部责任,不负责任,1,贵A08485,黄,1,贵A4478R,白,自培,520123,2002/3/26 0:00,2009/12/14 0:00,川路,比亚迪牌,356166000000000000 ,366566000000000000 ,197011,198311,8,6,4,周末,早高峰(7-9点),2015-04-19,2015年4月19日,阵雨 /阵雨,22℃ / 13℃,东北风 ≤3级 /东北风 ≤3级,阵雨,阵雨,22,13,东北风,≤3级,东北风,≤3级,day
2015-04-19 09:00:00,观水路,1、追尾的,负全部责任,不负责任,1,贵AL8734,白色,1,贵AHL655,白色,自培,520129,2006/10/26 0:00,2008/5/12 0:00,骐达(TIIDA)牌,奥迪,364556000000000000 ,364648000000000000 ,197706,198109,9,6,4,周末,早高峰(7-9点),2015-04-19,2015年4月19日,阵雨 /阵雨,22℃ / 13℃,东北风 ≤3级 /东北风 ≤3级,阵雨,阵雨,22,13,东北风,≤3级,东北风,≤3级,day
2015-04-18 20:50:00,宝山北路,7、未按规定让行的 ,负全部责任,不负责任,1,贵ARH318,白,1,贵AU6353,红,自培,-1,2004/5/27 0:00,-1,长安牌,恒通客车牌,366575000000000000 ,366067000000000000 ,197103,197710,20,5,4,工作日,非高峰,2015-04-18,2015年4月18日,多云 /雷阵雨,29℃ / 16℃,南风 ≤3级 /南风 ≤3级,多云,雷阵雨,29,16,南风,≤3级,南风,≤3级,night
2015-04-19 05:28:00,白云区,1、追尾的,负全部责任,不负责任,1,贵A3AN22,黑,1,贵A19N58,黑,自培,十一培,2014/11/26 0:00,1991/8/20 0:00,大众汽车牌,夏利牌,366667000000000000 ,364548000000000000 ,197501,196106,5,6,4,周末,非高峰,2015-04-19,2015年4月19日,阵雨 /阵雨,22℃ / 13℃,东北风 ≤3级 /东北风 ≤3级,阵雨,阵雨,22,13,东北风,≤3级,东北风,≤3级,night
2015-04-19 00:00:00,白云师大,7、未按规定让行的 ,负全部责任,不负责任,1,贵A25705,红,1,贵A8081E,黑,自培,自培,1996/6/21 0:00,2001/8/7 0:00,乘龙牌,吉利牌,364558000000000000 ,364558000000000000 ,197804,197707,0,6,4,周末,非高峰,2015-04-19,2015年4月19日,阵雨 /阵雨,22℃ / 13℃,东北风 ≤3级 /东北风 ≤3级,阵雨,阵雨,22,13,东北风,≤3级,东北风,≤3级,night
2015-04-18 21:00:00,贵惠路,7、未按规定让行的 ,负全部责任,不负责任,1,贵A87J25,白色,1,贵AU1388,白色,贵州省长安驾驶培训学校,自培,2015/1/16 0:00,2003/10/10 0:00,江铃牌,瑞麒牌,364547000000000000 ,366563000000000000 ,197312,198109,21,5,4,工作日,非高峰,2015-04-18,2015年4月18日,多云 /雷阵雨,29℃ / 16℃,南风 ≤3级 /南风 ≤3级,多云,雷阵雨,29,16,南风,≤3级,南风,≤3级,night
2015-04-19 10:00:00,市南路,7、未按规定让行的 ,负全部责任,不负责任,1,贵AE4759,白色,1,贵AU7818,白色,-1,自培,-1,2001/1/10 0:00,冠军牌,恒通客车牌,764959000000000000 ,366862000000000000 ,196009,197312,10,6,4,周末,非高峰,2015-04-19,2015年4月19日,阵雨 /阵雨,22℃ / 13℃,东北风 ≤3级 /东北风 ≤3级,阵雨,阵雨,22,13,东北风,≤3级,东北风,≤3级,day
2015-04-18 17:30:00,西二环,7、未按规定让行的 ,负全部责任,不负责任,1,贵AGU016,黑,1,贵A48F83,白,自培,自培,2004/5/31 0:00,2005/3/2 0:00,比亚迪牌,雪佛兰牌,366367000000000000 ,364547000000000000 ,197605,198701,17,5,4,工作日,晚高峰(17-19点),2015-04-18,2015年4月18日,多云 /雷阵雨,29℃ / 16℃,南风 ≤3级 /南风 ≤3级,多云,雷阵雨,29,16,南风,≤3级,南风,≤3级,day
2015-04-19 05:00:00,桐木岭,3、倒车的,负全部责任,不负责任,1,渝C69J52,白色,1,贵AFF384,白色,自培,自培,2004/1/19 0:00,2000/9/14 0:00,索兰托,五菱牌,354670000000000000 ,364556000000000000 ,196108,196710,5,6,4,周末,非高峰,2015-04-19,2015年4月19日,阵雨 /阵雨,22℃ / 13℃,东北风 ≤3级 /东北风 ≤3级,阵雨,阵雨,22,13,东北风,≤3级,东北风,≤3级,night
2015-04-19 08:01:00,金关,3、倒车的,负全部责任,不负责任,1,贵A5671J,白,1,贵A7035J,蓝,自培,自培,2001/4/24 0:00,2004/4/26 0:00,长安牌,凯迪拉克,366067000000000000 ,366347000000000000 ,196609,198006,8,6,4,周末,早高峰(7-9点),2015-04-19,2015年4月19日,阵雨 /阵雨,22℃ / 13℃,东北风 ≤3级 /东北风 ≤3级,阵雨,阵雨,22,13,东北风,≤3级,东北风,≤3级,day
2015-04-18 22:30:00,学士路,7、未按规定让行的 ,负全部责任,不负责任,1,贵AA375F,白色,1,贵AVA476,白色,自培,自培,2011/10/13 0:00,2005/12/19 0:00,长安牌,宝马牌,75565500000000000 ,364556000000000000 ,198403,198710,22,5,4,工作日,非高峰,2015-04-18,2015年4月18日,多云 /雷阵雨,29℃ / 16℃,南风 ≤3级 /南风 ≤3级,多云,雷阵雨,29,16,南风,≤3级,南风,≤3级,night
2015-04-19 11:00:00,沙冲路,8、依法应负全责的其他情形,负全部责任,不负责任,1,贵AL1137,黑,1,贵AGX344,白,-1,-1,-1,-1,大地牌,夏利牌,36454700000000000 ,355266000000000000 ,194709,199106,11,6,4,周末,非高峰,2015-04-19,2015年4月19日,阵雨 /阵雨,22℃ / 13℃,东北风 ≤3级 /东北风 ≤3级,阵雨,阵雨,22,13,东北风,≤3级,东北风,≤3级,day
2015-04-19 10:00:00,白云区,8、依法应负全责的其他情形,负全部责任,不负责任,1,贵A1920K,银,1,贵AGS717,银,自培,消防驾校,2010/4/13 0:00,2011/8/18 0:00,长城牌,江铃牌,364557000000000000 ,366246000000000000 ,199110,197712,10,6,4,周末,非高峰,2015-04-19,2015年4月19日,阵雨 /阵雨,22℃ / 13℃,东北风 ≤3级 /东北风 ≤3级,阵雨,阵雨,22,13,东北风,≤3级,东北风,≤3级,day
2015-04-19 10:00:00,黄河路,1、追尾的,负全部责任,不负责任,1,贵A5PN16,白色,1,贵A57B59,白色,自培,-1,2007/11/22 0:00,-1,-1,宝马牌,364547000000000000 ,354247000000000000 ,198706,197711,10,6,4,周末,非高峰,2015-04-19,2015年4月19日,阵雨 /阵雨,22℃ / 13℃,东北风 ≤3级 /东北风 ≤3级,阵雨,阵雨,22,13,东北风,≤3级,东北风,≤3级,day
2015-04-19 07:00:00,青山小区,3、倒车的,负全部责任,不负责任,1,贵A64647,白色,1,贵JAL646,白色,自培,-1,1993/7/18 0:00,-1,吉利,比亚迪牌,364548000000000000 ,364557000000000000 ,196603,196802,7,6,4,周末,早高峰(7-9点),2015-04-19,2015年4月19日,阵雨 /阵雨,22℃ / 13℃,东北风 ≤3级 /东北风 ≤3级,阵雨,阵雨,22,13,东北风,≤3级,东北风,≤3级,day
2015-04-19 10:30:00,兴隆花园,3、倒车的,负全部责任,不负责任,1,贵A4745J,白色,1,鄂C3F669,白色,安顺市顺阳驾校培训学校,-1,2013/4/1 0:00,-1,五菱牌,奇瑞牌 ,724758000000000000 ,774852000000000000 ,198612,197605,10,6,4,周末,非高峰,2015-04-19,2015年4月19日,阵雨 /阵雨,22℃ / 13℃,东北风 ≤3级 /东北风 ≤3级,阵雨,阵雨,22,13,东北风,≤3级,东北风,≤3级,day