accidenttime,accidentaddr,driver1fault,driver1responsibility,driver2responsibility,sex1,platenumber1,carcolor1,sex2,platenumber2,carcolor2,jxmc1,jxmc2,cclzrq1,cclzrq2,clpp1,clpp2,driver1license,driver2license,brith1,brith2,hour,weekday,month,is_weekday,peak_hour,date,日期,天气状况,气温,风力风向,day_wea,night_wea,day_tep,night_tep,day_wind_direction,day_wind_speed,night_wind_direction,night_wind_speed,segment
2015-04-19 11:45:00,会展城,7、未按规定让行的 ,负全部责任,不负责任,0,贵A53J21,银,1,贵A95S32,黑,-1,新华驾校,-1,2012/1/4 0:00,东风日产牌,奥迪牌,366066000000000000 ,356166000000000000 ,197310,196611,11,6,4,周末,非高峰,2015-04-19,2015年4月19日,阵雨 /阵雨,22℃ / 13℃,东北风 ≤3级 /东北风 ≤3级,阵雨,阵雨,22,13,东北风,≤3级,东北风,≤3级,day
2015-04-19 12:30:00,八匹马,7、未按规定让行的 ,负全部责任,不负责任,1,贵AJ8417,黑,1,贵A7AP65,蓝,-1,全林驾校,-1,2012/1/5 0:00,豪诺牌,广汽菲亚特牌,364548000000000000 ,374556000000000000 ,196205,197110,12,6,4,周末,非高峰,2015-04-19,2015年4月19日,阵雨 /阵雨,22℃ / 13℃,东北风 ≤3级 /东北风 ≤3级,阵雨,阵雨,22,13,东北风,≤3级,东北风,≤3级,day
2015-04-19 10:54:00,观山西路,1、追尾的,负全部责任,不负责任,1,贵EC3256,白,1,贵AU1207,蓝,-1,自培,-1,1980/11/14 0:00,雪佛兰牌,凌肯牌,366370000000000000 ,364547000000000000 ,197604,196307,10,6,4,周末,非高峰,2015-04-19,2015年4月19日,阵雨 /阵雨,22℃ / 13℃,东北风 ≤3级 /东北风 ≤3级,阵雨,阵雨,22,13,东北风,≤3级,东北风,≤3级,day
2015-04-19 11:23:00,世纪城,7、未按规定让行的 ,负全部责任,不负责任,1,贵FD3749,黑,1,贵A21G33,白,-1,-1,-1,-1,丰田牌,东风日产牌,366068000000000000 ,366064000000000000 ,196101,199109,11,6,4,周末,非高峰,2015-04-19,2015年4月19日,阵雨 /阵雨,22℃ / 13℃,东北风 ≤3级 /东北风 ≤3级,阵雨,阵雨,22,13,东北风,≤3级,东北风,≤3级,day
2015-04-19 13:00:00,花果园,7、未按规定让行的 ,负全部责任,不负责任,1,贵A58R82,白色,1,渝BG2867,白色,铁二局驾校,预约考试窗口,2012/3/2 0:00,2007/7/3 0:00,起亚牌,-1,366567000000000000 ,364566000000000000 ,198412,198103,13,6,4,周末,非高峰,2015-04-19,2015年4月19日,阵雨 /阵雨,22℃ / 13℃,东北风 ≤3级 /东北风 ≤3级,阵雨,阵雨,22,13,东北风,≤3级,东北风,≤3级,day
2015-04-19 12:00:00,永和路,7、未按规定让行的 ,负全部责任,不负责任,1,贵A72M15,黄,1,川XA6237,黑,-1,预约考试窗口,-1,2007/4/29 0:00,雪佛兰牌,-1,36454800000000000 ,356164000000000000 ,197009,196710,12,6,4,周末,非高峰,2015-04-19,2015年4月19日,阵雨 /阵雨,22℃ / 13℃,东北风 ≤3级 /东北风 ≤3级,阵雨,阵雨,22,13,东北风,≤3级,东北风,≤3级,day
2015-04-19 12:00:00,大营坡,1、追尾的,负全部责任,不负责任,1,贵AC6928,银,1,贵DW3426,红,人武驾校,520111,2014/11/28 0:00,-1,钱江牌,别克牌,366661000000000000 ,366661000000000000 ,198805,198703,12,6,4,周末,非高峰,2015-04-19,2015年4月19日,阵雨 /阵雨,22℃ / 13℃,东北风 ≤3级 /东北风 ≤3级,阵雨,阵雨,22,13,东北风,≤3级,东北风,≤3级,day
2015-04-19 10:10:00,乌当,7、未按规定让行的 ,负全部责任,不负责任,1,贵A74R26,黄,1,贵A0577J,红,十一培,520126,1997/11/5 0:00,2011/6/22 0:00,华东牌,福田牌,364557000000000000 ,364566000000000000 ,196608,198709,10,6,4,周末,非高峰,2015-04-19,2015年4月19日,阵雨 /阵雨,22℃ / 13℃,东北风 ≤3级 /东北风 ≤3级,阵雨,阵雨,22,13,东北风,≤3级,东北风,≤3级,day
2015-04-19 10:52:00,瑞金南路,1、追尾的,负全部责任,不负责任,1,贵AEM871,红,0,贵A54G28,黄,自培,省交校,2000/8/22 0:00,2011/11/21 0:00,东风标致牌,大众汽车牌,366846000000000000 ,74565500000000000 ,198107,197501,10,6,4,周末,非高峰,2015-04-19,2015年4月19日,阵雨 /阵雨,22℃ / 13℃,东北风 ≤3级 /东北风 ≤3级,阵雨,阵雨,22,13,东北风,≤3级,东北风,≤3级,day
2015-04-19 09:40:00,后坝,7、未按规定让行的 ,负全部责任,不负责任,1,贵HCR892,白,1,贵A6311C,白,自培,-1,2009/6/12 0:00,-1,长安牌,解放牌,36626351914145785X,364648000000000000 ,198909,199406,9,6,4,周末,早高峰(7-9点),2015-04-19,2015年4月19日,阵雨 /阵雨,22℃ / 13℃,东北风 ≤3级 /东北风 ≤3级,阵雨,阵雨,22,13,东北风,≤3级,东北风,≤3级,day
2015-04-19 10:04:00,红边门,4、停车时未挂低速档、未拉驻车制动，导致车辆滑行的,负全部责任,不负责任,0,贵A1G918,红,1,贵A365E2,黑,自培,（南明区）阳光驾驶培训有限公司,2007/4/30 0:00,2006/6/13 0:00,梅赛德斯-奔驰,华神牌,364547000000000000 ,364556000000000000 ,198207,196809,10,6,4,周末,非高峰,2015-04-19,2015年4月19日,阵雨 /阵雨,22℃ / 13℃,东北风 ≤3级 /东北风 ≤3级,阵雨,阵雨,22,13,东北风,≤3级,东北风,≤3级,day
2015-04-19 10:15:00,白云区,7、未按规定让行的 ,负全部责任,不负责任,1,贵A6003Y,黑,1,贵A9614S,红,自培,十一培,2007/1/17 0:00,1997/12/20 0:00,东风雪铁龙牌,奇瑞牌,364558000000000000 ,366675000000000000 ,198107,196512,10,6,4,周末,非高峰,2015-04-19,2015年4月19日,阵雨 /阵雨,22℃ / 13℃,东北风 ≤3级 /东北风 ≤3级,阵雨,阵雨,22,13,东北风,≤3级,东北风,≤3级,day
2015-04-19 08:00:00,保利云山,3、倒车的,负全部责任,不负责任,1,贵GK9671,白色,1,贵A23X33,白色,自培,自培,2004/8/25 0:00,2004/12/23 0:00,-1,大众汽车牌,364548000000000000 ,364547000000000000 ,196607,197511,8,6,4,周末,早高峰(7-9点),2015-04-19,2015年4月19日,阵雨 /阵雨,22℃ / 13℃,东北风 ≤3级 /东北风 ≤3级,阵雨,阵雨,22,13,东北风,≤3级,东北风,≤3级,day
2015-04-19 11:20:00,会展城,7、未按规定让行的 ,负全部责任,不负责任,1,临贵AIS011,白,1,贵AL1852,黑,自培,自培,2010/11/26 0:00,2004/12/22 0:00,-1,东力牌,357963000000000000 ,364548000000000000 ,198708,195503,11,6,4,周末,非高峰,2015-04-19,2015年4月19日,阵雨 /阵雨,22℃ / 13℃,东北风 ≤3级 /东北风 ≤3级,阵雨,阵雨,22,13,东北风,≤3级,东北风,≤3级,day
2015-04-19 11:30:00,碧海花园,1、追尾的,负全部责任,不负责任,1,贵CKH973,蓝,1,贵AS5921,黑,遵义市驰龙封闭式汽车驾驶培训有限公司,自培,-1,1993/9/6 0:00,吉利美日牌,吉利牌,366566000000000000 ,366367000000000000 ,198708,197507,11,6,4,周末,非高峰,2015-04-19,2015年4月19日,阵雨 /阵雨,22℃ / 13℃,东北风 ≤3级 /东北风 ≤3级,阵雨,阵雨,22,13,东北风,≤3级,东北风,≤3级,day
2015-04-19 12:24:00,乌当,3、倒车的,负全部责任,不负责任,1,贵A27563,红,1,川A8RM61,白,-1,-1,-1,-1,五菱,丰田牌,364067000000000000 ,35496051295461565X,197509,196810,12,6,4,周末,非高峰,2015-04-19,2015年4月19日,阵雨 /阵雨,22℃ / 13℃,东北风 ≤3级 /东北风 ≤3级,阵雨,阵雨,22,13,东北风,≤3级,东北风,≤3级,day
2015-04-19 11:40:00,新添大道,9、不符合前8款规定或者双方同时具有上述情形的,负全部责任,不负责任,1,贵AUA484,黑,1,贵FP0732,白,贵工驾校,全林驾校,2011/11/7 0:00,2012/6/30 0:00,丰田牌,英伦牌,366067000000000000 ,36606551874047728X,197701,197304,11,6,4,周末,非高峰,2015-04-19,2015年4月19日,阵雨 /阵雨,22℃ / 13℃,东北风 ≤3级 /东北风 ≤3级,阵雨,阵雨,22,13,东北风,≤3级,东北风,≤3级,day
2015-04-19 13:30:00,北京东路,3、倒车的,负全部责任,不负责任,1,贵A3108R,红,1,贵AC349N,蓝,路路达驾校,咸阳市诚信职业技能培训学校,2013/5/29 0:00,2010/1/21 0:00,雪佛兰牌,菲亚特,36606751934564345X,366067000000000000 ,198501,198609,13,6,4,周末,非高峰,2015-04-19,2015年4月19日,阵雨 /阵雨,22℃ / 13℃,东北风 ≤3级 /东北风 ≤3级,阵雨,阵雨,22,13,东北风,≤3级,东北风,≤3级,day
2015-04-19 12:30:00,金清大道,1、追尾的,负全部责任,不负责任,1,贵A32J56,黄,1,贵A66K46,蓝,-1,贵大佳德驾驶培训学,-1,2007/9/19 0:00,荣威牌,福克斯牌,366363000000000000 ,36454751265660525X,197711,196212,12,6,4,周末,非高峰,2015-04-19,2015年4月19日,阵雨 /阵雨,22℃ / 13℃,东北风 ≤3级 /东北风 ≤3级,阵雨,阵雨,22,13,东北风,≤3级,东北风,≤3级,day
2015-04-19 11:30:00,金阳,7、未按规定让行的 ,负全部责任,不负责任,1,湘A0HY88,黑,1,贵A6717B,蓝,时发驾校,湄潭县江南驾驶培训有限公司,2014/9/19 0:00,2014/5/6 0:00,三菱牌,福克斯牌,354361000000000000 ,364567000000000000 ,199510,199505,11,6,4,周末,非高峰,2015-04-19,2015年4月19日,阵雨 /阵雨,22℃ / 13℃,东北风 ≤3级 /东北风 ≤3级,阵雨,阵雨,22,13,东北风,≤3级,东北风,≤3级,day
2015-04-19 13:21:00,商贸城,7、未按规定让行的 ,负全部责任,不负责任,1,贵AU0710,蓝,1,贵AU6272,蓝,520127,-1,2003/10/20 0:00,-1,金龙牌,爱立新牌,364556000000000000 ,366061000000000000 ,197307,198112,13,6,4,周末,非高峰,2015-04-19,2015年4月19日,阵雨 /阵雨,22℃ / 13℃,东北风 ≤3级 /东北风 ≤3级,阵雨,阵雨,22,13,东北风,≤3级,东北风,≤3级,day
2015-04-19 15:25:00,和尚坡,1、追尾的,负全部责任,不负责任,1,贵川RS4192,白,1,贵A7AV54,黄,-1,蓝天驾校,-1,2013/9/26 0:00,-1,大众牌,356146000000000 ,366569000000000000 ,740402,198603,15,6,4,周末,非高峰,2015-04-19,2015年4月19日,阵雨 /阵雨,22℃ / 13℃,东北风 ≤3级 /东北风 ≤3级,阵雨,阵雨,22,13,东北风,≤3级,东北风,≤3级,day
2015-04-19 14:00:00,国际城,7、未按规定让行的 ,负全部责任,不负责任,1,贵A64W82,银,1,贵AKE513,黑,黔南州兴鑫汽车驾驶培训学校,520129,-1,2009/1/21 0:00,雷克萨斯,丰田牌,354366000000000000 ,364548000000000000 ,196706,198910,14,6,4,周末,非高峰,2015-04-19,2015年4月19日,阵雨 /阵雨,22℃ / 13℃,东北风 ≤3级 /东北风 ≤3级,阵雨,阵雨,22,13,东北风,≤3级,东北风,≤3级,day
2015-04-19 14:30:00,湖潮乡,7、未按规定让行的 ,负全部责任,不负责任,1,贵GGC028,白色,1,贵GX4434,白色,文通驾校,时发驾校,-1,2012/8/1 0:00,东风标致牌,比亚迪牌,364556000000000000 ,366364000000000000 ,198309,196410,14,6,4,周末,非高峰,2015-04-19,2015年4月19日,阵雨 /阵雨,22℃ / 13℃,东北风 ≤3级 /东北风 ≤3级,阵雨,阵雨,22,13,东北风,≤3级,东北风,≤3级,day
2015-04-19 14:19:00,花二道,7、未按规定让行的 ,负全部责任,不负责任,1,浙DJ5W63,红,1,贵HY987L,白,-1,铁二局驾校,-1,2011/5/27 0:00,无,-1,366566000000000000 ,364596000000000000 ,198808,198910,14,6,4,周末,非高峰,2015-04-19,2015年4月19日,阵雨 /阵雨,22℃ / 13℃,东北风 ≤3级 /东北风 ≤3级,阵雨,阵雨,22,13,东北风,≤3级,东北风,≤3级,day
2015-04-19 15:00:00,金阳八匹马,7、未按规定让行的 ,负全部责任,不负责任,1,贵A177C2,白,1,贵AB272W,黑,惠水县黔岭机动车驾驶培训有限公司,自培,-1,2010/12/10 0:00,长安牌,东风雪铁龙牌,366068000000000000 ,36606751914155565X,197610,198909,15,6,4,周末,非高峰,2015-04-19,2015年4月19日,阵雨 /阵雨,22℃ / 13℃,东北风 ≤3级 /东北风 ≤3级,阵雨,阵雨,22,13,东北风,≤3级,东北风,≤3级,day
2015-04-19 14:00:00,金工立交,7、未按规定让行的 ,负全部责任,不负责任,1,粤B657N5,黑,1,贵GP5455,红,-1,顺一驾驶培训学校,-1,2006/11/9 0:00,比亚迪牌,马自达牌,366520000000000 ,366368000000000000 ,804131,198304,14,6,4,周末,非高峰,2015-04-19,2015年4月19日,阵雨 /阵雨,22℃ / 13℃,东北风 ≤3级 /东北风 ≤3级,阵雨,阵雨,22,13,东北风,≤3级,东北风,≤3级,day
2015-04-19 14:50:00,乌当,8、依法应负全责的其他情形,负全部责任,不负责任,1,贵A4BN22,红,1,贵A0576Z,白,新华驾校,铁二局驾校,2005/5/23 0:00,2012/1/4 0:00,翼搏牌,大众汽车牌,364547000000000000 ,364558000000000000 ,197707,199007,14,6,4,周末,非高峰,2015-04-19,2015年4月19日,阵雨 /阵雨,22℃ / 13℃,东北风 ≤3级 /东北风 ≤3级,阵雨,阵雨,22,13,东北风,≤3级,东北风,≤3级,day
2015-04-26 10:50:00,中华南路,1、追尾的,负全部责任,不负责任,1,贵AQ488U,黑,1,贵AU6323,绿,-1,520120,-1,2010/5/24 0:00,-1,捷达牌,355566000000000000 ,364547000000000000 ,198102,199105,10,6,4,周末,非高峰,2015-04-26,2015年4月26日,阵雨 /阵雨,18℃ / 14℃,东南风 ≤3级 /东北风 ≤3级,阵雨,阵雨,18,14,东南风,≤3级,东北风,≤3级,day
2015-04-19 14:12:00,宝山路,7、未按规定让行的 ,负全部责任,不负责任,1,贵AEE415,蓝,1,川AK0517,黑,（南明区）阳光驾驶培训有限公司,毕节地区驾校,2006/4/24 0:00,-1,迈腾牌,嘉陵牌,254558000000000000 ,366046000000000000 ,196704,198212,14,6,4,周末,非高峰,2015-04-19,2015年4月19日,阵雨 /阵雨,22℃ / 13℃,东北风 ≤3级 /东北风 ≤3级,阵雨,阵雨,22,13,东北风,≤3级,东北风,≤3级,day
2015-04-19 13:50:00,金竹镇,1、追尾的,负全部责任,不负责任,1,贵GX9978,白色,1,湘ARS931,白色,高新驾校,-1,2015/1/28 0:00,-1,长安牌,南骏牌,724561000000000000 ,724561000000000000 ,197611,197401,13,6,4,周末,非高峰,2015-04-19,2015年4月19日,阵雨 /阵雨,22℃ / 13℃,东北风 ≤3级 /东北风 ≤3级,阵雨,阵雨,22,13,东北风,≤3级,东北风,≤3级,day
2015-04-19 13:20:00,火车北站,8、依法应负全责的其他情形,负全部责任,不负责任,1,贵A6639X,白,1,贵A3AR19,红,自培,预约考试窗口,2004/10/8 0:00,2007/7/10 0:00,宝马牌,五菱牌,366862000000000000 ,366566000000000000 ,198306,198101,13,6,4,周末,非高峰,2015-04-19,2015年4月19日,阵雨 /阵雨,22℃ / 13℃,东北风 ≤3级 /东北风 ≤3级,阵雨,阵雨,22,13,东北风,≤3级,东北风,≤3级,day
2015-04-19 11:35:00,市北路,1、追尾的,负全部责任,不负责任,1,贵AJT238,黑,1,贵AFG507,黑,自培,十一培,2010/9/3 0:00,1997/3/10 0:00,比亚迪牌,朗风牌,364548000000000000 ,364548000000000000 ,197410,196912,11,6,4,周末,非高峰,2015-04-19,2015年4月19日,阵雨 /阵雨,22℃ / 13℃,东北风 ≤3级 /东北风 ≤3级,阵雨,阵雨,22,13,东北风,≤3级,东北风,≤3级,day
2015-04-19 14:50:00,北京路,8、依法应负全责的其他情形,负全部责任,不负责任,0,贵GG6568,白,1,贵AAL567,黑,（观山湖区）蓝天驾驶培训有限公司,十一培,2008/4/11 0:00,1993/12/16 0:00,蒙迪欧牌,丰田牌,36684551804274476X,364556000000000000 ,197406,195012,14,6,4,周末,非高峰,2015-04-19,2015年4月19日,阵雨 /阵雨,22℃ / 13℃,东北风 ≤3级 /东北风 ≤3级,阵雨,阵雨,22,13,东北风,≤3级,东北风,≤3级,day
2015-04-19 14:30:00,中华南路,1、追尾的,负全部责任,不负责任,1,贵AU3687,白色,1,贵AMH732,白色,（云岩区）省交通职业技术驾驶培训学校,自培,2006/11/1 0:00,2003/1/14 0:00,瑞麒牌,五菱,364567000000000000 ,364547000000000000 ,198509,194607,14,6,4,周末,非高峰,2015-04-19,2015年4月19日,阵雨 /阵雨,22℃ / 13℃,东北风 ≤3级 /东北风 ≤3级,阵雨,阵雨,22,13,东北风,≤3级,东北风,≤3级,day
2015-04-19 14:30:00,金阳八匹马,7、未按规定让行的 ,负全部责任,不负责任,1,贵ARH344,黑,1,贵AO83D3,黑,-1,自培,-1,2005/11/14 0:00,宝马牌,-1,36455600000000000 ,376570000000000000 ,199210,197412,14,6,4,周末,非高峰,2015-04-19,2015年4月19日,阵雨 /阵雨,22℃ / 13℃,东北风 ≤3级 /东北风 ≤3级,阵雨,阵雨,22,13,东北风,≤3级,东北风,≤3级,day
2015-04-19 13:30:00,百花大道,8、依法应负全责的其他情形,负全部责任,不负责任,1,贵A21A91,黑,1,贵GR3017,银,无,自培,2001/11/6 0:00,2002/2/26 0:00,夏利牌,嘉陵牌,364548000000000000 ,364548000000000000 ,197902,197903,13,6,4,周末,非高峰,2015-04-19,2015年4月19日,阵雨 /阵雨,22℃ / 13℃,东北风 ≤3级 /东北风 ≤3级,阵雨,阵雨,22,13,东北风,≤3级,东北风,≤3级,day
2015-04-19 15:20:00,乌当,8、依法应负全责的其他情形,负全部责任,不负责任,1,贵GY4103,黑,1,贵A88499,红,-1,自培,-1,2006/11/22 0:00,众泰牌,北京现代牌,364648000000000000 ,364557000000000000 ,198204,196012,15,6,4,周末,非高峰,2015-04-19,2015年4月19日,阵雨 /阵雨,22℃ / 13℃,东北风 ≤3级 /东北风 ≤3级,阵雨,阵雨,22,13,东北风,≤3级,东北风,≤3级,day
2015-04-19 17:20:00,商贸城,8、依法应负全责的其他情形,负全部责任,不负责任,1,贵AVM951,黑,1,贵A57S39,黑,（白云区）消防驾驶培训学校,顺一驾驶培训学校,2010/3/23 0:00,2013/10/18 0:00,大众汽车牌,大众牌,256067000000000000 ,366564000000000000 ,199011,198206,17,6,4,周末,晚高峰(17-19点),2015-04-19,2015年4月19日,阵雨 /阵雨,22℃ / 13℃,东北风 ≤3级 /东北风 ≤3级,阵雨,阵雨,22,13,东北风,≤3级,东北风,≤3级,day
2015-04-19 16:59:00,小河,8、依法应负全责的其他情形,负全部责任,不负责任,1,贵A4BB31,黄,1,贵AV3501,白,十一驾驶培训有限公司,-1,2013/4/16 0:00,-1,别克牌,迅龙牌,364567000000000000 ,36456651805450768X,199403,197410,16,6,4,周末,非高峰,2015-04-19,2015年4月19日,阵雨 /阵雨,22℃ / 13℃,东北风 ≤3级 /东北风 ≤3级,阵雨,阵雨,22,13,东北风,≤3级,东北风,≤3级,day
2015-04-19 16:15:00,窦关林,7、未按规定让行的 ,负全部责任,不负责任,0,贵A3193W,白,1,贵GM0963,银,全林驾校,青正驾校,2014/2/12 0:00,2014/5/5 0:00,长安牌,东风牌,364557000000000000 ,344661000000000000 ,197902,199203,16,6,4,周末,非高峰,2015-04-19,2015年4月19日,阵雨 /阵雨,22℃ / 13℃,东北风 ≤3级 /东北风 ≤3级,阵雨,阵雨,22,13,东北风,≤3级,东北风,≤3级,day
2015-04-19 16:00:00,新添寨,8、依法应负全责的其他情形,负全部责任,不负责任,1,贵AG7607,绿,1,贵A767B3,绿,（白云区）景宏驾驶培训有限公司,-1,2009/3/4 0:00,-1,劲扬牌,五十铃牌,364568000000000000 ,364646000000000000 ,198906,199001,16,6,4,周末,非高峰,2015-04-19,2015年4月19日,阵雨 /阵雨,22℃ / 13℃,东北风 ≤3级 /东北风 ≤3级,阵雨,阵雨,22,13,东北风,≤3级,东北风,≤3级,day
2015-04-19 16:00:00,未来方舟,3、倒车的,负全部责任,不负责任,1,粤BC84S6,白,0,贵A87F62,白,-1,全林驾校,-1,2015/2/26 0:00,思威牌,别克牌,776266000000000000 ,366361000000000000 ,196902,197905,16,6,4,周末,非高峰,2015-04-19,2015年4月19日,阵雨 /阵雨,22℃ / 13℃,东北风 ≤3级 /东北风 ≤3级,阵雨,阵雨,22,13,东北风,≤3级,东北风,≤3级,day
2015-04-19 15:00:00,花果园,7、未按规定让行的 ,负全部责任,不负责任,1,贵A66Y53,白色,1,贵CC0233,白色,（乌当区）新天驾驶培训有限公司,-1,2009/5/22 0:00,-1,雷克萨斯,江淮牌,364548000000000000 ,36656051804557445X,198905,197401,15,6,4,周末,非高峰,2015-04-19,2015年4月19日,阵雨 /阵雨,22℃ / 13℃,东北风 ≤3级 /东北风 ≤3级,阵雨,阵雨,22,13,东北风,≤3级,东北风,≤3级,day
2015-04-19 16:45:00,新添大道,1、追尾的,负全部责任,不负责任,1,贵AK0118,黑,1,贵FN6017,黑,-1,自培,-1,2002/6/28 0:00,欧蓝德牌,豪爵牌,364548000000000000 ,36606751874549873X,198802,197301,16,6,4,周末,非高峰,2015-04-19,2015年4月19日,阵雨 /阵雨,22℃ / 13℃,东北风 ≤3级 /东北风 ≤3级,阵雨,阵雨,22,13,东北风,≤3级,东北风,≤3级,day
2015-04-19 20:00:00,贵惠大道,1、追尾的,负全部责任,不负责任,1,贵AB352W,白色,1,贵AB713N,白色,-1,长运驾校,-1,2015/2/2 0:00,享御,福特牌,374551000000000000 ,364557000000000000 ,199310,198711,20,6,4,周末,非高峰,2015-04-19,2015年4月19日,阵雨 /阵雨,22℃ / 13℃,东北风 ≤3级 /东北风 ≤3级,阵雨,阵雨,22,13,东北风,≤3级,东北风,≤3级,night
2015-04-19 15:00:00,朱昌镇,8、依法应负全责的其他情形,负全部责任,不负责任,1,贵A3310K,黑,1,贵AX0245,白,自培,预约考试窗口,2003/9/6 0:00,2006/10/25 0:00,夏利牌,宗申。比亚乔牌,366361000000000000 ,366375000000000000 ,197912,198206,15,6,4,周末,非高峰,2015-04-19,2015年4月19日,阵雨 /阵雨,22℃ / 13℃,东北风 ≤3级 /东北风 ≤3级,阵雨,阵雨,22,13,东北风,≤3级,东北风,≤3级,day
2015-04-19 15:00:00,花果园,1、追尾的,负全部责任,不负责任,1,贵AU8006,白色,1,贵JW3232,白色,自培,福泉锦程驾校,2010/11/5 0:00,-1,瑞麒牌,揽胜极光,74667500000000000 ,366861000000000000 ,198411,198305,15,6,4,周末,非高峰,2015-04-19,2015年4月19日,阵雨 /阵雨,22℃ / 13℃,东北风 ≤3级 /东北风 ≤3级,阵雨,阵雨,22,13,东北风,≤3级,东北风,≤3级,day
2015-04-19 16:10:00,上麦,7、未按规定让行的 ,负同等责任,负同等责任,1,川R02986,红,1,贵A0906W,银,自培,-1,2004/11/24 0:00,-1,\N,长安牌,356167000000000000 ,354662000000000000 ,197001,196803,16,6,4,周末,非高峰,2015-04-19,2015年4月19日,阵雨 /阵雨,22℃ / 13℃,东北风 ≤3级 /东北风 ≤3级,阵雨,阵雨,22,13,东北风,≤3级,东北风,≤3级,day
2015-04-19 14:10:00,三桥,1、追尾的,负全部责任,不负责任,1,贵A83642,白,1,贵A05223,白,自培,十一培,2003/10/17 0:00,1986/12/28 0:00,解放,宗申,354663000000000000 ,36454651294252445X,197510,196806,14,6,4,周末,非高峰,2015-04-19,2015年4月19日,阵雨 /阵雨,22℃ / 13℃,东北风 ≤3级 /东北风 ≤3级,阵雨,阵雨,22,13,东北风,≤3级,东北风,≤3级,day
2015-04-19 17:20:00,北京路,9、不符合前8款规定或者双方同时具有上述情形的,负同等责任,负同等责任,1,贵A32022,黄,1,贵A88W79,黑,自培,十一培,2006/6/29 0:00,1993/9/2 0:00,桑塔纳,翼虎牌,366274000000000000 ,364548000000000000 ,198007,197108,17,6,4,周末,晚高峰(17-19点),2015-04-19,2015年4月19日,阵雨 /阵雨,22℃ / 13℃,东北风 ≤3级 /东北风 ≤3级,阵雨,阵雨,22,13,东北风,≤3级,东北风,≤3级,day
2015-04-19 16:00:00,花溪,7、未按规定让行的 ,负全部责任,不负责任,1,贵A72L69,白色,1,贵A32X45,白色,长运驾校,自培,2012/3/30 0:00,2003/5/15 0:00,东风标致牌,神行者,364556000000000000 ,366576000000000000 ,197003,197511,16,6,4,周末,非高峰,2015-04-19,2015年4月19日,阵雨 /阵雨,22℃ / 13℃,东北风 ≤3级 /东北风 ≤3级,阵雨,阵雨,22,13,东北风,≤3级,东北风,≤3级,day
2015-04-19 16:00:00,八匹马,7、未按规定让行的 ,负全部责任,不负责任,1,贵JDL397,银,1,贵AU0866,蓝,贵州省黔南交通驾驶学校,自培,2012/9/5 0:00,2001/5/17 0:00,五菱牌,嘉陵牌,366862000000000000 ,364557000000000000 ,198305,197805,16,6,4,周末,非高峰,2015-04-19,2015年4月19日,阵雨 /阵雨,22℃ / 13℃,东北风 ≤3级 /东北风 ≤3级,阵雨,阵雨,22,13,东北风,≤3级,东北风,≤3级,day
2015-04-19 17:00:00,西二环,9、不符合前8款规定或者双方同时具有上述情形的,负同等责任,负同等责任,1,贵A86M88,黑,1,川EF5022,银,自培,自培,2003/7/11 0:00,2002/10/30 0:00,吉利牌,比亚迪牌 ,364548000000000000 ,354364000000000000 ,197508,198202,17,6,4,周末,晚高峰(17-19点),2015-04-19,2015年4月19日,阵雨 /阵雨,22℃ / 13℃,东北风 ≤3级 /东北风 ≤3级,阵雨,阵雨,22,13,东北风,≤3级,东北风,≤3级,day
2015-04-19 20:30:00,后坝,1、追尾的,负全部责任,不负责任,1,贵A14Z71,黑,1,贵A9674T,蓝,（乌当区）新天驾驶培训有限公司,吉源驾校,2009/11/24 0:00,2013/4/26 0:00,起亚牌,北京现代牌,364558000000000000 ,364557000000000000 ,196608,197203,20,6,4,周末,非高峰,2015-04-19,2015年4月19日,阵雨 /阵雨,22℃ / 13℃,东北风 ≤3级 /东北风 ≤3级,阵雨,阵雨,22,13,东北风,≤3级,东北风,≤3级,night
2015-04-19 20:30:00,蟠桃宫,7、未按规定让行的 ,负全部责任,不负责任,1,贵AA5209,白色,1,贵AM8206,白色,-1,预约考试窗口,-1,2006/8/1 0:00,雷克萨斯,嘉陵牌,364527000000000000 ,364547000000000000 ,196712,196810,20,6,4,周末,非高峰,2015-04-19,2015年4月19日,阵雨 /阵雨,22℃ / 13℃,东北风 ≤3级 /东北风 ≤3级,阵雨,阵雨,22,13,东北风,≤3级,东北风,≤3级,night
2015-04-19 19:00:00,南国花锦,3、倒车的,负全部责任,不负责任,1,贵A4BL01,白,1,贵A5BV86,白,（南明区）吉源驾驶培训有限公司,贵阳学院汽车驾驶培训,2009/1/19 0:00,2010/2/5 0:00,马自达牌,科雷傲,364547000000000000 ,366569000000000000 ,198308,198909,19,6,4,周末,晚高峰(17-19点),2015-04-19,2015年4月19日,阵雨 /阵雨,22℃ / 13℃,东北风 ≤3级 /东北风 ≤3级,阵雨,阵雨,22,13,东北风,≤3级,东北风,≤3级,day
2015-04-19 17:40:00,花溪,7、未按规定让行的 ,负全部责任,不负责任,1,贵A95444,白色,1,贵A83L85,白色,（南明区）铁二局驾驶培训有限公司,时发驾校,2005/3/2 0:00,2012/4/24 0:00,陕汽牌,长城牌,364556000000000000 ,364547000000000000 ,197901,197411,17,6,4,周末,晚高峰(17-19点),2015-04-19,2015年4月19日,阵雨 /阵雨,22℃ / 13℃,东北风 ≤3级 /东北风 ≤3级,阵雨,阵雨,22,13,东北风,≤3级,东北风,≤3级,day