accidenttime,accidentaddr,driver1fault,driver1responsibility,driver2responsibility,sex1,platenumber1,carcolor1,sex2,platenumber2,carcolor2,jxmc1,jxmc2,cclzrq1,cclzrq2,clpp1,clpp2,driver1license,driver2license,brith1,brith2,hour,weekday,month,is_weekday,peak_hour,date,日期,天气状况,气温,风力风向,day_wea,night_wea,day_tep,night_tep,day_wind_direction,day_wind_speed,night_wind_direction,night_wind_speed,segment
2015-04-19 17:50:00,乌当,1、追尾的,负全部责任,不负责任,1,贵AKW355,黑,1,贵A6679G,银,新天驾校（乌当区）,吉源驾校（南明区）,2015/4/7 0:00,2007/1/17 0:00,英伦牌,长安牌,366063000000000000 ,364557000000000000 ,199301,196812,17,6,4,周末,晚高峰(17-19点),2015-04-19,2015年4月19日,阵雨 /阵雨,22℃ / 13℃,东北风 ≤3级 /东北风 ≤3级,阵雨,阵雨,22,13,东北风,≤3级,东北风,≤3级,day
2015-04-19 18:20:00,长林北路,8、依法应负全责的其他情形,负全部责任,不负责任,0,贵A4607L,银,1,贵ANY371,银,吉源驾校,消防驾校,2014/1/2 0:00,2011/1/6 0:00,东风雪铁龙牌,海马牌,366575000000000000 ,364557000000000000 ,197305,197211,18,6,4,周末,晚高峰(17-19点),2015-04-19,2015年4月19日,阵雨 /阵雨,22℃ / 13℃,东北风 ≤3级 /东北风 ≤3级,阵雨,阵雨,22,13,东北风,≤3级,东北风,≤3级,day
2015-04-19 17:00:00,黔灵山路,1、追尾的,负全部责任,不负责任,1,贵AB262T,白,0,贵FS5027,白,自培,-1,2014/12/24 0:00,-1,雪佛兰(CHEVR0LET)牌,长安牌,366067000000000000 ,36454651845563600X,197703,197011,17,6,4,周末,晚高峰(17-19点),2015-04-19,2015年4月19日,阵雨 /阵雨,22℃ / 13℃,东北风 ≤3级 /东北风 ≤3级,阵雨,阵雨,22,13,东北风,≤3级,东北风,≤3级,day
2015-04-19 17:30:00,锦江路,3、倒车的,负全部责任,不负责任,1,京PJ9629,白色,1,贵A7893B,白色,-1,自培,-1,2003/9/6 0:00,奥迪牌,东风牌,784975000000000000 ,366570000000000000 ,199005,197705,17,6,4,周末,晚高峰(17-19点),2015-04-19,2015年4月19日,阵雨 /阵雨,22℃ / 13℃,东北风 ≤3级 /东北风 ≤3级,阵雨,阵雨,22,13,东北风,≤3级,东北风,≤3级,day
2015-04-19 18:20:00,和尚坡,1、追尾的,负全部责任,不负责任,1,皖MA1329,黑,1,云AH187R,白,-1,自培,-1,-1,波罗,起亚牌,704568000000000000 ,366767000000000000 ,197612,198810,18,6,4,周末,晚高峰(17-19点),2015-04-19,2015年4月19日,阵雨 /阵雨,22℃ / 13℃,东北风 ≤3级 /东北风 ≤3级,阵雨,阵雨,22,13,东北风,≤3级,东北风,≤3级,day
2015-04-19 17:50:00,云岩区,8、依法应负全责的其他情形,负全部责任,不负责任,1,贵A25P87,银,1,贵AU5322,绿,自培,预约考试窗口,2005/6/29 0:00,2007/8/16 0:00,宝马牌,捷达牌,364547000000000000 ,366364000000000000 ,197610,196806,17,6,4,周末,晚高峰(17-19点),2015-04-19,2015年4月19日,阵雨 /阵雨,22℃ / 13℃,东北风 ≤3级 /东北风 ≤3级,阵雨,阵雨,22,13,东北风,≤3级,东北风,≤3级,day
2015-04-20 00:00:00,金阳南路,8、依法应负全责的其他情形,负全部责任,不负责任,1,贵APE663,银,1,贵GY2771,白,-1,铁二局驾校,-1,2014/11/13 0:00,猎豹牌,长安牌,764261000000000000 ,364548000000000000 ,196305,198603,0,0,4,工作日,非高峰,2015-04-20,2015年4月20日,阴 /阴,20℃ / 11℃,东北风 ≤3级 /东北风 ≤3级,阴,阴,20,11,东北风,≤3级,东北风,≤3级,night
2015-04-20 07:00:00,新华路,7、未按规定让行的 ,负全部责任,不负责任,1,贵AT9809,白色,1,贵AU0102,白色,-1,-1,-1,-1,隆鑫牌,万达牌,356166000000000000 ,3645470000000000 ,197507,195511,7,0,4,工作日,早高峰(7-9点),2015-04-20,2015年4月20日,阴 /阴,20℃ / 11℃,东北风 ≤3级 /东北风 ≤3级,阴,阴,20,11,东北风,≤3级,东北风,≤3级,day
2015-04-20 00:00:00,花果园,3、倒车的,负全部责任,不负责任,1,贵A8190A,白色,1,浙CNP345,白色,未定义,-1,2014/7/16 0:00,-1,雪佛兰牌,别克牌,364556000000000000 ,774764000000000000 ,198709,197712,0,0,4,工作日,非高峰,2015-04-20,2015年4月20日,阴 /阴,20℃ / 11℃,东北风 ≤3级 /东北风 ≤3级,阴,阴,20,11,东北风,≤3级,东北风,≤3级,night
2015-04-19 20:30:00,金阳南路,7、未按规定让行的 ,负全部责任,不负责任,1,贵A4633K,白,1,贵ANB868,银,长运驾校,-1,2012/12/11 0:00,-1,长城牌,丰田牌,366346000000000000 ,364548000000000000 ,197505,199630,20,6,4,周末,非高峰,2015-04-19,2015年4月19日,阵雨 /阵雨,22℃ / 13℃,东北风 ≤3级 /东北风 ≤3级,阵雨,阵雨,22,13,东北风,≤3级,东北风,≤3级,night
2015-04-19 18:05:00,金阳,1、追尾的,负全部责任,不负责任,1,贵AFK986,白,1,贵FZ0252,黄,自培,预约考试窗口,2003/6/10 0:00,2007/1/17 0:00,东风牌,吉利美日牌,366347000000000000 ,36606751875442075X,197008,197310,18,6,4,周末,晚高峰(17-19点),2015-04-19,2015年4月19日,阵雨 /阵雨,22℃ / 13℃,东北风 ≤3级 /东北风 ≤3级,阵雨,阵雨,22,13,东北风,≤3级,东北风,≤3级,day
2015-04-19 21:20:00,中天,8、依法应负全责的其他情形,负全部责任,不负责任,0,贵A69K86,白,1,贵AX9789,黄,自培,-1,2003/5/13 0:00,-1,大众汽车牌,比亚迪牌,364547000000000 ,366363000000000000 ,680906,196609,21,6,4,周末,非高峰,2015-04-19,2015年4月19日,阵雨 /阵雨,22℃ / 13℃,东北风 ≤3级 /东北风 ≤3级,阵雨,阵雨,22,13,东北风,≤3级,东北风,≤3级,night
2015-04-19 20:50:00,乌当,7、未按规定让行的 ,负全部责任,不负责任,1,贵A7349A,银,0,贵A8BL37,银,-1,自培,-1,2000/8/12 0:00,长安牌,斯柯达牌,354663000000000000 ,366875000000000000 ,194020,197812,20,6,4,周末,非高峰,2015-04-19,2015年4月19日,阵雨 /阵雨,22℃ / 13℃,东北风 ≤3级 /东北风 ≤3级,阵雨,阵雨,22,13,东北风,≤3级,东北风,≤3级,night
2015-04-19 18:20:00,三桥,7、未按规定让行的 ,负全部责任,不负责任,1,贵A6142P,白,1,贵A634C7,白,贵州现代驾驶培训责任有限公司,自培,2002/8/13 0:00,2005/12/5 0:00,五菱牌,解放牌,364557000000000000 ,366367000000000000 ,196101,197607,18,6,4,周末,晚高峰(17-19点),2015-04-19,2015年4月19日,阵雨 /阵雨,22℃ / 13℃,东北风 ≤3级 /东北风 ≤3级,阵雨,阵雨,22,13,东北风,≤3级,东北风,≤3级,day
2015-04-19 17:35:00,花果园,8、依法应负全责的其他情形,负全部责任,不负责任,1,贵AR1876,白色,1,贵AVA447,白色,自培,自培,2013/10/29 0:00,2002/8/22 0:00,力帆牌,别克牌,366064000000000000 ,364548000000000000 ,197302,198401,17,6,4,周末,晚高峰(17-19点),2015-04-19,2015年4月19日,阵雨 /阵雨,22℃ / 13℃,东北风 ≤3级 /东北风 ≤3级,阵雨,阵雨,22,13,东北风,≤3级,东北风,≤3级,day
2015-04-20 00:00:00,长江路,8、依法应负全责的其他情形,负全部责任,不负责任,1,贵AV7685,白色,1,贵ADJ359,白色,-1,自培,-1,2004/9/13 0:00,宗申牌,东风牌,366561000000000000 ,364548000000000000 ,196706,196912,0,0,4,工作日,非高峰,2015-04-20,2015年4月20日,阴 /阴,20℃ / 11℃,东北风 ≤3级 /东北风 ≤3级,阴,阴,20,11,东北风,≤3级,东北风,≤3级,night
2015-04-19 21:50:00,中华北路,1、追尾的,负全部责任,不负责任,1,贵AEL832,白,1,贵A11R31,黑,（白云区）景宏驾驶培训有限公司,自培,2009/8/27 0:00,2005/1/4 0:00,波罗牌,锋范牌,364548000000000000 ,366862000000000000 ,198506,197807,21,6,4,周末,非高峰,2015-04-19,2015年4月19日,阵雨 /阵雨,22℃ / 13℃,东北风 ≤3级 /东北风 ≤3级,阵雨,阵雨,22,13,东北风,≤3级,东北风,≤3级,night
2015-04-19 19:00:00,地中海,1、追尾的,负全部责任,不负责任,1,贵AAS887,黄,1,贵A89N88,银,（云岩区）省交通职业技术驾驶培训学校,自培,2009/5/31 0:00,2006/10/23 0:00,沃尔沃,吉利牌,364548000000000000 ,366067000000000000 ,198709,197107,19,6,4,周末,晚高峰(17-19点),2015-04-19,2015年4月19日,阵雨 /阵雨,22℃ / 13℃,东北风 ≤3级 /东北风 ≤3级,阵雨,阵雨,22,13,东北风,≤3级,东北风,≤3级,day
2015-04-20 06:40:00,西二环,1、追尾的,负全部责任,不负责任,1,贵A0CE12,银,1,贵AU3582,蓝,十一驾驶培训有限公司,-1,2011/3/29 0:00,-1,五菱牌,瑞麒牌,364568000000000000 ,364547000000000000 ,198610,196020,6,0,4,工作日,非高峰,2015-04-20,2015年4月20日,阴 /阴,20℃ / 11℃,东北风 ≤3级 /东北风 ≤3级,阴,阴,20,11,东北风,≤3级,东北风,≤3级,day
2015-04-19 22:22:00,贵开路,1、追尾的,负全部责任,不负责任,1,贵A90438,红,1,贵AU7208,蓝,自培,自培,2002/11/30 0:00,1999/9/30 0:00,桑塔纳,钱江牌,364557000000000000 ,364557000000000000 ,196507,196708,22,6,4,周末,非高峰,2015-04-19,2015年4月19日,阵雨 /阵雨,22℃ / 13℃,东北风 ≤3级 /东北风 ≤3级,阵雨,阵雨,22,13,东北风,≤3级,东北风,≤3级,night
2015-04-19 20:00:00,望城坡,1、追尾的,负全部责任,不负责任,1,贵FX9991,白色,1,贵A6BF60,白色,铁二局驾校,-1,2014/11/13 0:00,-1,长安牌,丰田牌,366067000000000000 ,366569000000000000 ,196610,198404,20,6,4,周末,非高峰,2015-04-19,2015年4月19日,阵雨 /阵雨,22℃ / 13℃,东北风 ≤3级 /东北风 ≤3级,阵雨,阵雨,22,13,东北风,≤3级,东北风,≤3级,night
2015-04-20 07:30:00,沙文,3、倒车的,负全部责任,不负责任,1,川CN6885,银,1,贵AB308L,银,-1,路路达驾校,-1,2012/8/29 0:00,长安牌,起亚牌,354766000000000000 ,364558000000000000 ,197601,198612,7,0,4,工作日,早高峰(7-9点),2015-04-20,2015年4月20日,阴 /阴,20℃ / 11℃,东北风 ≤3级 /东北风 ≤3级,阴,阴,20,11,东北风,≤3级,东北风,≤3级,day
2015-04-20 08:00:00,珠江路,7、未按规定让行的 ,负全部责任,不负责任,1,贵AAC117,白色,1,贵AEF277,白色,-1,未定义,-1,2014/7/22 0:00,东风雪铁龙牌,北斗星牌,364547000000000000 ,364557000000000000 ,196811,198911,8,0,4,工作日,早高峰(7-9点),2015-04-20,2015年4月20日,阴 /阴,20℃ / 11℃,东北风 ≤3级 /东北风 ≤3级,阴,阴,20,11,东北风,≤3级,东北风,≤3级,day
2015-04-20 08:10:00,瑞金北路,1、追尾的,负全部责任,不负责任,1,贵A82W36,白,0,贵ANS747,黄,-1,-1,-1,-1,雪佛兰牌,奥迪牌,554650000000000000 ,364548000000000000 ,197504,196702,8,0,4,工作日,早高峰(7-9点),2015-04-20,2015年4月20日,阴 /阴,20℃ / 11℃,东北风 ≤3级 /东北风 ≤3级,阴,阴,20,11,东北风,≤3级,东北风,≤3级,day
2015-04-20 07:30:00,花溪,7、未按规定让行的 ,负全部责任,不负责任,1,贵A4694R,白色,1,贵A0BM81,白色,-1,520107,-1,2009/8/13 0:00,五菱牌,长城牌,355468000000000000 ,355267000000000000 ,198512,198801,7,0,4,工作日,早高峰(7-9点),2015-04-20,2015年4月20日,阴 /阴,20℃ / 11℃,东北风 ≤3级 /东北风 ≤3级,阴,阴,20,11,东北风,≤3级,东北风,≤3级,day
2015-04-20 04:30:00,花果园,7、未按规定让行的 ,负全部责任,不负责任,1,贵AYY389,白色,1,贵AA521A,白色,-1,蓝天驾校,-1,2014/9/3 0:00,五菱牌,长安牌,765468000000000000 ,364556000000000000 ,198106,197006,4,0,4,工作日,非高峰,2015-04-20,2015年4月20日,阴 /阴,20℃ / 11℃,东北风 ≤3级 /东北风 ≤3级,阴,阴,20,11,东北风,≤3级,东北风,≤3级,night
2015-04-20 08:00:00,大西门,7、未按规定让行的 ,负全部责任,不负责任,1,贵A86C53,白色,1,贵A5S067,黑色,诚信驾驶培训学校,贵州平安驾驶培训学校,2010/11/19 0:00,2011/8/9 0:00,朗逸牌,北京现代牌,366664000000000000 ,366061000000000000 ,198203,198407,8,0,4,工作日,早高峰(7-9点),2015-04-20,2015年4月20日,阴 /阴,20℃ / 11℃,东北风 ≤3级 /东北风 ≤3级,阴,阴,20,11,东北风,≤3级,东北风,≤3级,day
2015-04-20 08:30:00,蛮破,7、未按规定让行的 ,负全部责任,不负责任,0,贵A78S91,黑,1,贵AC177F,蓝,自培,-1,2013/8/12 0:00,-1,长安牌,比亚迪牌,366362000000000000 ,366563000000000000 ,198711,199310,8,0,4,工作日,早高峰(7-9点),2015-04-20,2015年4月20日,阴 /阴,20℃ / 11℃,东北风 ≤3级 /东北风 ≤3级,阴,阴,20,11,东北风,≤3级,东北风,≤3级,day
2015-04-20 07:20:00,四方河,7、未按规定让行的 ,负全部责任,不负责任,1,贵GT7080,白色,1,贵GY3065,白色,顺一驾驶培训学校,顺一驾驶培训学校,2012/6/4 0:00,2015/1/9 0:00,福特牌,大众牌,364551000000000000 ,366666000000000000 ,198905,196209,7,0,4,工作日,早高峰(7-9点),2015-04-20,2015年4月20日,阴 /阴,20℃ / 11℃,东北风 ≤3级 /东北风 ≤3级,阴,阴,20,11,东北风,≤3级,东北风,≤3级,day
2015-04-19 19:00:00,红花安置房,3、倒车的,负全部责任,不负责任,1,贵A4982B,银,1,贵AB242F,白,自培,-1,2015/2/16 0:00,-1,高尔夫牌,东风雪铁龙牌,724567000000000000 ,36454751224853725X,199609,196607,19,6,4,周末,晚高峰(17-19点),2015-04-19,2015年4月19日,阵雨 /阵雨,22℃ / 13℃,东北风 ≤3级 /东北风 ≤3级,阵雨,阵雨,22,13,东北风,≤3级,东北风,≤3级,day
2015-04-20 08:55:00,东二环,7、未按规定让行的 ,负全部责任,不负责任,1,贵A53L23,银,1,贵AC3488,黑,自培,路路达驾校（白云区）,2004/3/31 0:00,2015/4/1 0:00,大众牌,宗申牌,364548000000000000 ,366564000000000000 ,198602,197411,8,0,4,工作日,早高峰(7-9点),2015-04-20,2015年4月20日,阴 /阴,20℃ / 11℃,东北风 ≤3级 /东北风 ≤3级,阴,阴,20,11,东北风,≤3级,东北风,≤3级,day
2015-04-20 08:40:00,花溪大道,1、追尾的,负全部责任,不负责任,1,贵AD6981,白色,1,云GP6578,白色,自培,顺一驾驶培训学校,2004/9/30 0:00,2010/7/13 0:00,东宏牌,江淮牌,364548000000000000 ,36666851815454493X,196512,197910,8,0,4,工作日,早高峰(7-9点),2015-04-20,2015年4月20日,阴 /阴,20℃ / 11℃,东北风 ≤3级 /东北风 ≤3级,阴,阴,20,11,东北风,≤3级,东北风,≤3级,day
2015-04-20 08:00:00,北京路,7、未按规定让行的 ,负全部责任,不负责任,1,贵AEM881,银,1,贵AU7781,绿,-1,十一培,-1,1993/5/16 0:00,迈腾牌,金龙牌,357466000000000000 ,364548000000000000 ,198310,197406,8,0,4,工作日,早高峰(7-9点),2015-04-20,2015年4月20日,阴 /阴,20℃ / 11℃,东北风 ≤3级 /东北风 ≤3级,阴,阴,20,11,东北风,≤3级,东北风,≤3级,day
2015-04-20 07:00:00,四方河,7、未按规定让行的 ,负全部责任,不负责任,1,贵FT7080,白色,1,贵AGV652,白色,顺一驾驶培训学校,十一培,2012/6/4 0:00,1997/7/24 0:00,轰轰烈牌,博斯特,364551000000000000 ,364548000000000000 ,198905,196203,7,0,4,工作日,早高峰(7-9点),2015-04-20,2015年4月20日,阴 /阴,20℃ / 11℃,东北风 ≤3级 /东北风 ≤3级,阴,阴,20,11,东北风,≤3级,东北风,≤3级,day
2015-04-20 08:32:00,威清路,7、未按规定让行的 ,负全部责任,不负责任,1,贵A46H96,黑,0,贵AU7018,白,自培,十一培,2007/6/28 0:00,1993/10/19 0:00,东风标致牌,大运牌,784198000000000000 ,364547000000000000 ,198312,197501,8,0,4,工作日,早高峰(7-9点),2015-04-20,2015年4月20日,阴 /阴,20℃ / 11℃,东北风 ≤3级 /东北风 ≤3级,阴,阴,20,11,东北风,≤3级,东北风,≤3级,day
2015-04-19 23:30:00,白云区,3、倒车的,负全部责任,不负责任,1,贵A885G9,白,1,贵ATS143,白,自培,自培,2014/9/1 0:00,2006/6/19 0:00,解放牌,丰田牌,344667000000000000 ,366367000000000000 ,199007,197404,23,6,4,周末,非高峰,2015-04-19,2015年4月19日,阵雨 /阵雨,22℃ / 13℃,东北风 ≤3级 /东北风 ≤3级,阵雨,阵雨,22,13,东北风,≤3级,东北风,≤3级,night
2015-04-20 08:30:00,白云区,7、未按规定让行的 ,负全部责任,不负责任,1,贵A33Y31,红,1,贵A92802,黄,-1,自培,-1,2003/1/17 0:00,理念牌,陕汽牌,36636651374562570X,366064000000000000 ,195301,197605,8,0,4,工作日,早高峰(7-9点),2015-04-20,2015年4月20日,阴 /阴,20℃ / 11℃,东北风 ≤3级 /东北风 ≤3级,阴,阴,20,11,东北风,≤3级,东北风,≤3级,day
2015-04-20 08:43:00,贵开路,8、依法应负全责的其他情形,负全部责任,不负责任,1,贵A3BJ70,白,1,贵A97H66,白,-1,自培,-1,2001/3/1 0:00,大众汽车牌,雪佛兰牌,3645480000000000 ,364548000000000000 ,196627,198211,8,0,4,工作日,早高峰(7-9点),2015-04-20,2015年4月20日,阴 /阴,20℃ / 11℃,东北风 ≤3级 /东北风 ≤3级,阴,阴,20,11,东北风,≤3级,东北风,≤3级,day
2015-04-20 08:00:00,大营坡,8、依法应负全责的其他情形,负全部责任,不负责任,1,贵ATC365,白色,1,贵GR3142,白色,消防驾校,自培,2001/9/24 0:00,2004/8/29 0:00,大众,传祺牌,366361000000000000 ,364548000000000000 ,198308,197401,8,0,4,工作日,早高峰(7-9点),2015-04-20,2015年4月20日,阴 /阴,20℃ / 11℃,东北风 ≤3级 /东北风 ≤3级,阴,阴,20,11,东北风,≤3级,东北风,≤3级,day
2015-04-20 08:10:00,花溪,1、追尾的,负全部责任,不负责任,1,贵CFH814,银,1,贵GQ5117,银,诚信驾驶培训学校,自培,2007/10/17 0:00,2003/1/23 0:00,威志牌,大众牌,366567000000000000 ,364547000000000000 ,198309,196606,8,0,4,工作日,早高峰(7-9点),2015-04-20,2015年4月20日,阴 /阴,20℃ / 11℃,东北风 ≤3级 /东北风 ≤3级,阴,阴,20,11,东北风,≤3级,东北风,≤3级,day
2015-04-20 08:00:00,大营坡,7、未按规定让行的 ,负全部责任,不负责任,1,贵A8936B,银,1,贵A51779,黑,自培,自培,2007/2/5 0:00,2004/6/30 0:00,雪佛兰牌,柳州,366361000000000000 ,344669000000000000 ,198202,198512,8,0,4,工作日,早高峰(7-9点),2015-04-20,2015年4月20日,阴 /阴,20℃ / 11℃,东北风 ≤3级 /东北风 ≤3级,阴,阴,20,11,东北风,≤3级,东北风,≤3级,day
2015-04-20 10:05:00,花溪大道中段,1、追尾的,负全部责任,不负责任,1,贵AKU659,白色,1,贵A55Z75,白色,-1,520126,-1,2009/12/4 0:00,颐达牌,东风标致牌,356170000000000000 ,03686751954669467X,197702,198102,10,0,4,工作日,非高峰,2015-04-20,2015年4月20日,阴 /阴,20℃ / 11℃,东北风 ≤3级 /东北风 ≤3级,阴,阴,20,11,东北风,≤3级,东北风,≤3级,day
2015-04-20 09:40:00,西二环,1、追尾的,负全部责任,不负责任,1,贵GH7844,白,1,贵DCT619,银,520132,未定义,2010/3/10 0:00,2008/9/4 0:00,翼虎牌,江铃牌,366346000000000000 ,366670000000000000 ,198208,197707,9,0,4,工作日,早高峰(7-9点),2015-04-20,2015年4月20日,阴 /阴,20℃ / 11℃,东北风 ≤3级 /东北风 ≤3级,阴,阴,20,11,东北风,≤3级,东北风,≤3级,day
2015-04-20 09:30:00,二戈寨,7、未按规定让行的 ,负全部责任,不负责任,1,贵JX3337,白色,1,贵AX7273,白色,-1,520134,-1,2007/9/20 0:00,锋范牌,跨界高尔夫,266864000000000000 ,36454751984066365X,198603,198704,9,0,4,工作日,早高峰(7-9点),2015-04-20,2015年4月20日,阴 /阴,20℃ / 11℃,东北风 ≤3级 /东北风 ≤3级,阴,阴,20,11,东北风,≤3级,东北风,≤3级,day
2015-04-20 09:00:00,林城西路,3、倒车的,负全部责任,不负责任,1,贵A6G646,黑,1,贵AKF999,银,-1,市交校,-1,2010/8/2 0:00,雪佛兰牌,明锐牌,366562000000000000 ,364548000000000000 ,198701,199003,9,0,4,工作日,早高峰(7-9点),2015-04-20,2015年4月20日,阴 /阴,20℃ / 11℃,东北风 ≤3级 /东北风 ≤3级,阴,阴,20,11,东北风,≤3级,东北风,≤3级,day
2015-04-20 11:10:00,北京西路,1、追尾的,负全部责任,不负责任,1,闽A6U879,银,1,贵ABL738,黑,-1,文通驾校,-1,2011/10/8 0:00,陆地巡洋舰 霸道,朗风牌,734570000000000000 ,364556000000000000 ,199202,195805,11,0,4,工作日,非高峰,2015-04-20,2015年4月20日,阴 /阴,20℃ / 11℃,东北风 ≤3级 /东北风 ≤3级,阴,阴,20,11,东北风,≤3级,东北风,≤3级,day
2015-04-20 09:24:00,花果园,7、未按规定让行的 ,负全部责任,不负责任,1,贵G11469,黑,1,贵AU0906,蓝,（乌当区）新天驾驶培训有限公司,-1,2006/4/25 0:00,-1,豪爵牌,喜马牌,366367000000000000 ,366846000000000000 ,198110,198603,9,0,4,工作日,早高峰(7-9点),2015-04-20,2015年4月20日,阴 /阴,20℃ / 11℃,东北风 ≤3级 /东北风 ≤3级,阴,阴,20,11,东北风,≤3级,东北风,≤3级,day
2015-04-20 11:00:00,后巢朝阳洞,3、倒车的,负全部责任,不负责任,1,贵A3R50,白色,1,贵AAT384,白色,绥阳县汽车驾驶培训学校,-1,2010/11/3 0:00,-1,-1,海马牌,366568000000000000 ,366577000000000000 ,198608,197710,11,0,4,工作日,非高峰,2015-04-20,2015年4月20日,阴 /阴,20℃ / 11℃,东北风 ≤3级 /东北风 ≤3级,阴,阴,20,11,东北风,≤3级,东北风,≤3级,day
2015-04-20 09:36:00,保利,1、追尾的,负全部责任,不负责任,1,贵A38H55,黑,1,贵A3383T,黑,鑫鑫驾校,520127,2012/2/10 0:00,2008/4/9 0:00,大众汽车牌,奇瑞,36454751915449093X,364557000000000000 ,198910,198204,9,0,4,工作日,早高峰(7-9点),2015-04-20,2015年4月20日,阴 /阴,20℃ / 11℃,东北风 ≤3级 /东北风 ≤3级,阴,阴,20,11,东北风,≤3级,东北风,≤3级,day
2015-04-20 09:05:00,云谈北路,1、追尾的,负全部责任,不负责任,1,贵A93637,白,1,贵A8889L,白,自培,长运驾校,-1,2012/8/13 0:00,金轮,吉利牌,76347500000000000 ,366347000000000000 ,198312,196805,9,0,4,工作日,早高峰(7-9点),2015-04-20,2015年4月20日,阴 /阴,20℃ / 11℃,东北风 ≤3级 /东北风 ≤3级,阴,阴,20,11,东北风,≤3级,东北风,≤3级,day
2015-04-20 11:10:00,中铁逸都,7、未按规定让行的 ,负全部责任,不负责任,1,贵AV3532,白,1,贵A1J834,白,无,-1,1999/10/16 0:00,-1,钱江牌,-1,366068000000000000 ,726047000000000000 ,198103,198703,11,0,4,工作日,非高峰,2015-04-20,2015年4月20日,阴 /阴,20℃ / 11℃,东北风 ≤3级 /东北风 ≤3级,阴,阴,20,11,东北风,≤3级,东北风,≤3级,day
2015-04-20 09:30:00,杨家山隧道,8、依法应负全责的其他情形,负全部责任,不负责任,1,贵AEY881,白色,1,贵CHC249,白色,（白云区）景宏驾驶培训有限公司,-1,2007/11/8 0:00,-1,起亚牌,福克斯牌,366669000000000000 ,364547000000 ,197803,237881,9,0,4,工作日,早高峰(7-9点),2015-04-20,2015年4月20日,阴 /阴,20℃ / 11℃,东北风 ≤3级 /东北风 ≤3级,阴,阴,20,11,东北风,≤3级,东北风,≤3级,day
2015-04-20 09:25:00,水电八局,6、违反交通信号的,负全部责任,不负责任,1,贵JBR262,银,1,贵FV7078,银,省交通职业学校驾校（云岩区）,-1,2015/3/10 0:00,-1,长安牌,起亚牌,364566000000000000 ,36606351105652725X,198804,199412,9,0,4,工作日,早高峰(7-9点),2015-04-20,2015年4月20日,阴 /阴,20℃ / 11℃,东北风 ≤3级 /东北风 ≤3级,阴,阴,20,11,东北风,≤3级,东北风,≤3级,day
2015-04-20 09:40:00,金朱东路,1、追尾的,负全部责任,不负责任,1,贵A16Z49,红,1,贵GM2608,黑,新天驾校,-1,2014/2/18 0:00,-1,北京现代牌,金洪牌,364596000000000000 ,357367000000000000 ,198808,197303,9,0,4,工作日,早高峰(7-9点),2015-04-20,2015年4月20日,阴 /阴,20℃ / 11℃,东北风 ≤3级 /东北风 ≤3级,阴,阴,20,11,东北风,≤3级,东北风,≤3级,day
2015-04-20 08:40:00,三桥,3、倒车的,负全部责任,不负责任,1,贵FX5518,银,1,贵FV9697,白,毕节地区新毕汽车驾驶培训学校,-1,2010/1/4 0:00,-1,黄海牌,中华牌,366046000000000000 ,366064000000000000 ,198611,198302,8,0,4,工作日,早高峰(7-9点),2015-04-20,2015年4月20日,阴 /阴,20℃ / 11℃,东北风 ≤3级 /东北风 ≤3级,阴,阴,20,11,东北风,≤3级,东北风,≤3级,day
2015-04-20 12:00:00,皂角井,7、未按规定让行的 ,负全部责任,不负责任,1,贵AHU331,白色,1,贵A9AP83,白色,-1,市交校,-1,2012/7/17 0:00,瑞麒牌,东风雪铁龙牌,364564000000000000 ,364548000000000000 ,196609,197612,12,0,4,工作日,非高峰,2015-04-20,2015年4月20日,阴 /阴,20℃ / 11℃,东北风 ≤3级 /东北风 ≤3级,阴,阴,20,11,东北风,≤3级,东北风,≤3级,day
2015-04-20 12:34:00,牛郎关,7、未按规定让行的 ,负全部责任,不负责任,1,贵AEB529,白色,1,贵AVL518,白色,-1,贵阳金马驾驶培训有限公司,-1,2011/8/31 0:00,梅赛德斯-奔驰,大众汽车牌,366567000000000000 ,364557000000000000 ,196908,199301,12,0,4,工作日,非高峰,2015-04-20,2015年4月20日,阴 /阴,20℃ / 11℃,东北风 ≤3级 /东北风 ≤3级,阴,阴,20,11,东北风,≤3级,东北风,≤3级,day
2015-04-20 12:25:00,金阳,1、追尾的,负全部责任,不负责任,1,贵JV0139,黑,1,贵A13R89,黑,-1,自培,-1,2006/8/4 0:00,起亚牌,奥迪牌,74667500000000000 ,364548000000000000 ,197108,197912,12,0,4,工作日,非高峰,2015-04-20,2015年4月20日,阴 /阴,20℃ / 11℃,东北风 ≤3级 /东北风 ≤3级,阴,阴,20,11,东北风,≤3级,东北风,≤3级,day
2015-04-20 11:30:00,杨家山,1、追尾的,负全部责任,不负责任,1,贵A8R313,白色,1,贵A74Y58,白色,-1,时发驾校,-1,2012/8/13 0:00,众泰牌,长城牌,364557000000000 ,36636651974546560X,771209,198301,11,0,4,工作日,非高峰,2015-04-20,2015年4月20日,阴 /阴,20℃ / 11℃,东北风 ≤3级 /东北风 ≤3级,阴,阴,20,11,东北风,≤3级,东北风,≤3级,day
2015-04-20 09:00:00,富源北路,3、倒车的,负全部责任,不负责任,1,贵A0EA26,白色,1,贵AF9579,白色,自培,-1,2004/5/12 0:00,-1,骏派牌,凯诺牌,366347000000000000 ,364544000000 ,197905,62096,9,0,4,工作日,早高峰(7-9点),2015-04-20,2015年4月20日,阴 /阴,20℃ / 11℃,东北风 ≤3级 /东北风 ≤3级,阴,阴,20,11,东北风,≤3级,东北风,≤3级,day