accidenttime,accidentaddr,driver1fault,driver1responsibility,driver2responsibility,sex1,platenumber1,carcolor1,sex2,platenumber2,carcolor2,jxmc1,jxmc2,cclzrq1,cclzrq2,clpp1,clpp2,driver1license,driver2license,brith1,brith2,hour,weekday,month,is_weekday,peak_hour,date,日期,天气状况,气温,风力风向,day_wea,night_wea,day_tep,night_tep,day_wind_direction,day_wind_speed,night_wind_direction,night_wind_speed,segment
2015-04-20 09:00:00,珠江路,1、追尾的,负全部责任,不负责任,1,渝A25Z78,白色,1,贵AKA436,白色,自培,长运驾校（南明区）,2002/5/9 0:00,2015/4/8 0:00,雅阁(ACC0RD)牌,别克牌,366567000000000000 ,36664551884653440X,196410,197702,9,0,4,工作日,早高峰(7-9点),2015-04-20,2015年4月20日,阴 /阴,20℃ / 11℃,东北风 ≤3级 /东北风 ≤3级,阴,阴,20,11,东北风,≤3级,东北风,≤3级,day
2015-04-20 09:30:00,三桥,3、倒车的,负全部责任,不负责任,1,贵AB7902,黑,1,贵AU8094,黑,自培,520126,2003/4/15 0:00,2009/3/4 0:00,江淮牌,瑞麒牌,36454751295546095X,364548000000000000 ,196811,197904,9,0,4,工作日,早高峰(7-9点),2015-04-20,2015年4月20日,阴 /阴,20℃ / 11℃,东北风 ≤3级 /东北风 ≤3级,阴,阴,20,11,东北风,≤3级,东北风,≤3级,day
2015-04-20 16:30:00,市公安局,1、追尾的,负全部责任,不负责任,1,贵APU693,绿,0,贵JX2065,白,自培,新天驾校,2006/4/11 0:00,2012/1/9 0:00,江铃牌,福克斯牌,356166000000000000 ,364548000000000000 ,196506,198904,16,0,4,工作日,非高峰,2015-04-20,2015年4月20日,阴 /阴,20℃ / 11℃,东北风 ≤3级 /东北风 ≤3级,阴,阴,20,11,东北风,≤3级,东北风,≤3级,day
2015-04-20 10:30:00,中华中路,7、未按规定让行的 ,负全部责任,不负责任,1,贵A80953,银,0,贵AG7719,黑,（云岩区）省交通职业技术驾驶培训学校,自培,2005/2/4 0:00,2001/12/27 0:00,红岩牌,丰田(TOYOTA)牌,364547000000000000 ,356362000000000000 ,196210,198103,10,0,4,工作日,非高峰,2015-04-20,2015年4月20日,阴 /阴,20℃ / 11℃,东北风 ≤3级 /东北风 ≤3级,阴,阴,20,11,东北风,≤3级,东北风,≤3级,day
2015-04-20 12:00:00,小河盘江南路,7、未按规定让行的 ,负全部责任,不负责任,1,贵A34V24,白色,1,贵AW3249,白色,-1,自培,-1,2005/10/17 0:00,比亚迪牌,东方牌,364547000000 ,364551000000000000 ,190500,197906,12,0,4,工作日,非高峰,2015-04-20,2015年4月20日,阴 /阴,20℃ / 11℃,东北风 ≤3级 /东北风 ≤3级,阴,阴,20,11,东北风,≤3级,东北风,≤3级,day
2015-04-20 13:30:00,太慈桥,7、未按规定让行的 ,负全部责任,不负责任,1,贵A4Q703,白,1,贵AGK436,黑,-1,鑫鑫驾校,-1,2012/3/26 0:00,-1,比亚迪牌,364547000000000000 ,366868000000000000 ,194501,198403,13,0,4,工作日,非高峰,2015-04-20,2015年4月20日,阴 /阴,20℃ / 11℃,东北风 ≤3级 /东北风 ≤3级,阴,阴,20,11,东北风,≤3级,东北风,≤3级,day
2015-04-20 13:50:00,粑粑街,8、依法应负全责的其他情形,负全部责任,不负责任,1,贵A39883,黄,1,贵A39V66,黑,-1,铁二局驾校,-1,2010/8/31 0:00,昌河,东风标致牌,366861000000000000 ,366876000000000000 ,197912,198211,13,0,4,工作日,非高峰,2015-04-20,2015年4月20日,阴 /阴,20℃ / 11℃,东北风 ≤3级 /东北风 ≤3级,阴,阴,20,11,东北风,≤3级,东北风,≤3级,day
2015-04-20 12:15:00,三桥,8、依法应负全责的其他情形,负全部责任,不负责任,1,川Z76369,白色,1,贵AW1452,白色,自培,诚信驾驶培训学校,-1,2011/12/16 0:00,\N,英鹤牌,355461000000000000 ,364547000000000000 ,197302,195809,12,0,4,工作日,非高峰,2015-04-20,2015年4月20日,阴 /阴,20℃ / 11℃,东北风 ≤3级 /东北风 ≤3级,阴,阴,20,11,东北风,≤3级,东北风,≤3级,day
2015-04-20 11:00:00,长江路,7、未按规定让行的 ,负全部责任,不负责任,1,贵A2K283,白色,1,贵AU0629,白色,-1,520113,-1,2005/4/26 0:00,福田牌,嘉陵牌,356147000000000000 ,364547000000000000 ,197204,198512,11,0,4,工作日,非高峰,2015-04-20,2015年4月20日,阴 /阴,20℃ / 11℃,东北风 ≤3级 /东北风 ≤3级,阴,阴,20,11,东北风,≤3级,东北风,≤3级,day
2015-04-20 12:05:00,八匹马,1、追尾的,负全部责任,不负责任,1,湘K9YW31,黑,1,贵A26C79,红,-1,蓝天驾校,-1,2012/1/20 0:00,马自达牌,丰田牌,76336500000000000 ,366664000000000000 ,198411,197512,12,0,4,工作日,非高峰,2015-04-20,2015年4月20日,阴 /阴,20℃ / 11℃,东北风 ≤3级 /东北风 ≤3级,阴,阴,20,11,东北风,≤3级,东北风,≤3级,day
2015-04-20 11:30:00,百花大道,7、未按规定让行的 ,负全部责任,不负责任,1,贵A326E8,黑,1,川SZ3561,黑,-1,-1,-1,-1,福田牌,海马牌,366566000000000000 ,357470000000000000 ,198809,197210,11,0,4,工作日,非高峰,2015-04-20,2015年4月20日,阴 /阴,20℃ / 11℃,东北风 ≤3级 /东北风 ≤3级,阴,阴,20,11,东北风,≤3级,东北风,≤3级,day
2015-04-20 14:20:00,金华园,7、未按规定让行的 ,负全部责任,不负责任,1,贵AKJ229,银,1,贵A3520A,白,（南明区）铁二局驾驶培训有限公司,未定义,2004/11/23 10:32,2013/10/30 0:00,东风雪铁龙牌,吉利美日牌,366664000000000000 ,364596000000000000 ,197211,198909,14,0,4,工作日,非高峰,2015-04-20,2015年4月20日,阴 /阴,20℃ / 11℃,东北风 ≤3级 /东北风 ≤3级,阴,阴,20,11,东北风,≤3级,东北风,≤3级,day
2015-04-20 13:00:00,花溪贵大,7、未按规定让行的 ,负全部责任,不负责任,1,贵A1319G,白色,1,贵AA900B,白色,贵大驾校,自培,2012/1/6 0:00,2010/11/22 0:00,五菱牌,长城牌,366061000000000000 ,366670000000000000 ,197008,198809,13,0,4,工作日,非高峰,2015-04-20,2015年4月20日,阴 /阴,20℃ / 11℃,东北风 ≤3级 /东北风 ≤3级,阴,阴,20,11,东北风,≤3级,东北风,≤3级,day
2015-04-20 16:00:00,清水江路,7、未按规定让行的 ,负全部责任,不负责任,1,贵ATB236,白色,1,贵GP1074,白色,自培,自培,1998/6/2 0:00,2011/7/21 0:00,雪佛兰牌,思威牌,364547000000000000 ,734596000000000000 ,195908,198210,16,0,4,工作日,非高峰,2015-04-20,2015年4月20日,阴 /阴,20℃ / 11℃,东北风 ≤3级 /东北风 ≤3级,阴,阴,20,11,东北风,≤3级,东北风,≤3级,day
2015-04-20 17:00:00,威清路,7、未按规定让行的 ,负全部责任,不负责任,0,贵AU8709,绿,1,贵A77657,蓝,（白云区）消防驾驶培训学校,-1,2009/1/22 0:00,-1,瑞麒牌,东南牌,36606051824242622X,364547000000000000 ,197606,199606,17,0,4,工作日,晚高峰(17-19点),2015-04-20,2015年4月20日,阴 /阴,20℃ / 11℃,东北风 ≤3级 /东北风 ≤3级,阴,阴,20,11,东北风,≤3级,东北风,≤3级,day
2015-04-20 14:00:00,状元街,7、未按规定让行的 ,负全部责任,不负责任,1,贵A32749,白,1,贵A0BY40,白,自培,新华驾校,2000/10/19 0:00,2011/7/19 0:00,桑塔纳,福特牌,366546000000000000 ,364547000000000000 ,196212,199112,14,0,4,工作日,非高峰,2015-04-20,2015年4月20日,阴 /阴,20℃ / 11℃,东北风 ≤3级 /东北风 ≤3级,阴,阴,20,11,东北风,≤3级,东北风,≤3级,day
2015-04-20 14:00:00,小河五大队,1、追尾的,负全部责任,不负责任,1,贵AZF881,白色,1,贵AB346T,白色,自培,贵龙驾校（修文县）,2003/1/9 0:00,2012/9/11 0:00,丰田牌,天马,366061000000000000 ,366368000000000000 ,198112,198303,14,0,4,工作日,非高峰,2015-04-20,2015年4月20日,阴 /阴,20℃ / 11℃,东北风 ≤3级 /东北风 ≤3级,阴,阴,20,11,东北风,≤3级,东北风,≤3级,day
2015-04-20 12:45:00,大水沟,7、未按规定让行的 ,负全部责任,不负责任,1,贵GK9623,白色,1,贵AUA082,白色,自培,520120,2004/12/16 0:00,2008/10/16 0:00,江铃牌,奇瑞牌,366347000000000000 ,364556000000000000 ,196611,198908,12,0,4,工作日,非高峰,2015-04-20,2015年4月20日,阴 /阴,20℃ / 11℃,东北风 ≤3级 /东北风 ≤3级,阴,阴,20,11,东北风,≤3级,东北风,≤3级,day
2015-04-20 12:40:00,东山,7、未按规定让行的 ,负全部责任,不负责任,1,贵AU8761,黑,1,贵A8BN41,蓝,（乌当区）新天驾驶培训有限公司,十一培,2006/7/27 0:00,1999/1/27 0:00,瑞麒牌,奥迪牌,366561000000000000 ,35656251224641477X,197312,196602,12,0,4,工作日,非高峰,2015-04-20,2015年4月20日,阴 /阴,20℃ / 11℃,东北风 ≤3级 /东北风 ≤3级,阴,阴,20,11,东北风,≤3级,东北风,≤3级,day
2015-04-20 13:16:00,三桥,8、依法应负全责的其他情形,负全部责任,不负责任,1,贵A34W46,蓝,1,贵AM8513,红,-1,自培,-1,2004/2/9 0:00,奥迪牌,嘉陵牌,3645520000000000 ,366046000000000000 ,770525,197709,13,0,4,工作日,非高峰,2015-04-20,2015年4月20日,阴 /阴,20℃ / 11℃,东北风 ≤3级 /东北风 ≤3级,阴,阴,20,11,东北风,≤3级,东北风,≤3级,day
2015-04-20 11:40:00,云潭路,7、未按规定让行的 ,负全部责任,不负责任,1,贵ALV847,银,1,粤BZ892T,黑,（南明区）金大驾驶培训有限公司,自培,2005/2/21 0:00,2002/3/13 0:00,长安牌,宝马,364548000000000000 ,364558000000000000 ,196306,196207,11,0,4,工作日,非高峰,2015-04-20,2015年4月20日,阴 /阴,20℃ / 11℃,东北风 ≤3级 /东北风 ≤3级,阴,阴,20,11,东北风,≤3级,东北风,≤3级,day
2015-04-20 12:26:00,金阳一中,7、未按规定让行的 ,负全部责任,不负责任,0,贵AHJ203,白,1,贵AU5767,绿,新华驾校,自培,2011/9/7 0:00,2001/10/30 0:00,思域牌,钱江牌,36454751315566497X,366068000000000000 ,195911,197602,12,0,4,工作日,非高峰,2015-04-20,2015年4月20日,阴 /阴,20℃ / 11℃,东北风 ≤3级 /东北风 ≤3级,阴,阴,20,11,东北风,≤3级,东北风,≤3级,day
2015-04-20 17:00:00,湘雅村,7、未按规定让行的 ,负全部责任,不负责任,1,贵A22J33,白色,1,贵A93W19,白色,十一驾驶培训有限公司,自培,2011/6/30 0:00,2004/10/21 0:00,雪佛兰牌,明锐牌,366364000000000000 ,364547000000000000 ,196806,197812,17,0,4,工作日,晚高峰(17-19点),2015-04-20,2015年4月20日,阴 /阴,20℃ / 11℃,东北风 ≤3级 /东北风 ≤3级,阴,阴,20,11,东北风,≤3级,东北风,≤3级,day
2015-04-20 11:30:00,宾阳大道,7、未按规定让行的 ,负全部责任,不负责任,1,贵A2139Y,黑,1,川XBA892,银,自培,自培,2012/6/11 0:00,2001/6/20 0:00,猎豹牌,长安牌,25456251145566505X,35616751864356837X,199011,197205,11,0,4,工作日,非高峰,2015-04-20,2015年4月20日,阴 /阴,20℃ / 11℃,东北风 ≤3级 /东北风 ≤3级,阴,阴,20,11,东北风,≤3级,东北风,≤3级,day
2015-04-20 12:00:00,五里冲,7、未按规定让行的 ,负全部责任,不负责任,1,贵GR9566,黑色,1,贵J58888,白色,自培,自培,2001/8/20 0:00,2007/1/11 0:00,梅赛德斯-奔驰牌,雷克萨斯牌,364548000000000000 ,364548000000000000 ,196811,196306,12,0,4,工作日,非高峰,2015-04-20,2015年4月20日,阴 /阴,20℃ / 11℃,东北风 ≤3级 /东北风 ≤3级,阴,阴,20,11,东北风,≤3级,东北风,≤3级,day
2015-04-20 16:30:00,金阳,7、未按规定让行的 ,负全部责任,不负责任,1,渝CKW724,白,1,贵A4BM03,白,-1,青正驾校,-1,2012/9/10 0:00,别克牌,荣威牌,354675000000000000 ,364551000000000000 ,198303,198903,16,0,4,工作日,非高峰,2015-04-20,2015年4月20日,阴 /阴,20℃ / 11℃,东北风 ≤3级 /东北风 ≤3级,阴,阴,20,11,东北风,≤3级,东北风,≤3级,day
2015-04-20 15:30:00,粑粑街,7、未按规定让行的 ,负全部责任,不负责任,1,贵A97596,黄,1,贵A78J89,白,-1,贵州省仁怀市酒都汽车驾驶培训有限公司,-1,2013/2/25 0:00,力帆牌,北京现代牌,36368500000000000 ,364548000000000000 ,198506,197705,15,0,4,工作日,非高峰,2015-04-20,2015年4月20日,阴 /阴,20℃ / 11℃,东北风 ≤3级 /东北风 ≤3级,阴,阴,20,11,东北风,≤3级,东北风,≤3级,day
2015-04-20 14:30:00,金华镇,1、追尾的,负全部责任,不负责任,1,粤XXY356,白,1,贵AAN768,银,无,-1,2002/7/8 0:00,-1,颐达牌,五菱牌,366363000000000000 ,74355500000000000 ,197712,197307,14,0,4,工作日,非高峰,2015-04-20,2015年4月20日,阴 /阴,20℃ / 11℃,东北风 ≤3级 /东北风 ≤3级,阴,阴,20,11,东北风,≤3级,东北风,≤3级,day
2015-04-20 16:00:00,花溪平桥,8、依法应负全责的其他情形,负全部责任,不负责任,1,贵A27Z79,白色,1,贵FAF801,白色,自培,顺一驾驶培训学校,2011/12/9 0:00,2014/7/19 0:00,宝马牌,长安牌,366575000000000000 ,366067000000000000 ,199107,199310,16,0,4,工作日,非高峰,2015-04-20,2015年4月20日,阴 /阴,20℃ / 11℃,东北风 ≤3级 /东北风 ≤3级,阴,阴,20,11,东北风,≤3级,东北风,≤3级,day
2015-04-20 19:00:00,宝山北路,7、未按规定让行的 ,负全部责任,不负责任,1,贵AFW524,银,0,贵A88R27,黄,-1,自培,-1,2002/10/24 0:00,长安牌,M156C2,355468000000000000 ,364548000000000000 ,199301,198009,19,0,4,工作日,晚高峰(17-19点),2015-04-20,2015年4月20日,阴 /阴,20℃ / 11℃,东北风 ≤3级 /东北风 ≤3级,阴,阴,20,11,东北风,≤3级,东北风,≤3级,day
2015-04-20 18:24:00,油榨街,7、未按规定让行的 ,负全部责任,不负责任,1,贵AAV834,蓝,1,贵AU0868,蓝,-1,自培,1979/4/14 0:00,2011/5/26 0:00,豪诺牌,雷克牌,364547000000000000 ,366566000000000000 ,195306,198808,18,0,4,工作日,晚高峰(17-19点),2015-04-20,2015年4月20日,阴 /阴,20℃ / 11℃,东北风 ≤3级 /东北风 ≤3级,阴,阴,20,11,东北风,≤3级,东北风,≤3级,day
2015-04-21 00:00:00,长江路,7、未按规定让行的 ,负全部责任,不负责任,1,贵AT2952,白色,1,贵AMM063,白色,-1,黔南州兴鑫驾驶员培训学校,-1,2006/12/15 0:00,万虎牌,奥迪牌,366067000000000000 ,366862000000000000 ,198311,198711,0,1,4,工作日,非高峰,2015-04-21,2015年4月21日,阴 /阵雨,17℃ / 10℃,东北风 ≤3级 /东北风 ≤3级,阴,阵雨,17,10,东北风,≤3级,东北风,≤3级,night
2015-04-20 17:50:00,延安西路,7、未按规定让行的 ,负全部责任,不负责任,1,赣A64914,白色,1,贵AU7835,白色,-1,公交公司驾校,-1,2007/8/28 0:00,解放,金洪牌,724568000000000000 ,364547000000000000 ,197512,198506,17,0,4,工作日,晚高峰(17-19点),2015-04-20,2015年4月20日,阴 /阴,20℃ / 11℃,东北风 ≤3级 /东北风 ≤3级,阴,阴,20,11,东北风,≤3级,东北风,≤3级,day
2015-04-20 17:45:00,金阳,7、未按规定让行的 ,负全部责任,不负责任,1,贵GX4184,蓝,1,贵A49M63,黄,贵阳金马驾驶培训有限公司,-1,2012/12/5 0:00,-1,本田牌,北京现代牌,364547000000000000 ,36676800000000000 ,198702,198011,17,0,4,工作日,晚高峰(17-19点),2015-04-20,2015年4月20日,阴 /阴,20℃ / 11℃,东北风 ≤3级 /东北风 ≤3级,阴,阴,20,11,东北风,≤3级,东北风,≤3级,day
2015-04-20 22:50:00,盐务街,7、未按规定让行的 ,负全部责任,不负责任,1,贵AU1747,绿,1,贵A9CA76,黑,-1,自培,-1,2012/8/14 0:00,大众牌,大众汽车牌,364547000000000000 ,364556000000000000 ,196604,199208,22,0,4,工作日,非高峰,2015-04-20,2015年4月20日,阴 /阴,20℃ / 11℃,东北风 ≤3级 /东北风 ≤3级,阴,阴,20,11,东北风,≤3级,东北风,≤3级,night
2015-04-20 22:30:00,中山南路,1、追尾的,负全部责任,不负责任,1,贵A47M11,蓝,1,顾JAN382,白,时发驾校,贵州省长安驾驶培训学校,2013/12/18 0:00,2013/7/4 0:00,雪佛兰牌,\N,364547000000000000 ,364547000000000000 ,198009,198712,22,0,4,工作日,非高峰,2015-04-20,2015年4月20日,阴 /阴,20℃ / 11℃,东北风 ≤3级 /东北风 ≤3级,阴,阴,20,11,东北风,≤3级,东北风,≤3级,night
2015-04-20 22:45:00,中华北路,1、追尾的,负全部责任,不负责任,1,贵AU0803,蓝,1,贵AU4813,绿,自培,高新驾校,2002/11/11 0:00,2007/11/22 0:00,豪爵牌,捷达牌,366361000000000000 ,364567000000000000 ,197503,198707,22,0,4,工作日,非高峰,2015-04-20,2015年4月20日,阴 /阴,20℃ / 11℃,东北风 ≤3级 /东北风 ≤3级,阴,阴,20,11,东北风,≤3级,东北风,≤3级,night
2015-04-20 19:00:00,人民医院,7、未按规定让行的 ,负全部责任,不负责任,1,贵A37B19,白,1,贵AU5948,黑,自培,预约考试窗口,2003/7/11 0:00,2007/4/29 0:00,思威牌,宗申牌,364548000000000000 ,36657651884640277X,197312,197702,19,0,4,工作日,晚高峰(17-19点),2015-04-20,2015年4月20日,阴 /阴,20℃ / 11℃,东北风 ≤3级 /东北风 ≤3级,阴,阴,20,11,东北风,≤3级,东北风,≤3级,day
2015-04-20 17:47:00,观山西路,9、不符合前8款规定或者双方同时具有上述情形的,负同等责任,负同等责任,1,贵A0575X,红,0,贵AB5786,银,自培,-1,2012/10/24 0:00,-1,五菱牌,风火轮牌,364557000000000000 ,764516000000000000 ,196302,197209,17,0,4,工作日,晚高峰(17-19点),2015-04-20,2015年4月20日,阴 /阴,20℃ / 11℃,东北风 ≤3级 /东北风 ≤3级,阴,阴,20,11,东北风,≤3级,东北风,≤3级,day
2015-04-20 14:00:00,观山湖路,3、倒车的,负全部责任,不负责任,1,贵AA733警,白色,1,贵A54V18,白色,自培,十一培,2001/5/14 0:00,1994/8/28 0:00,-1,思威牌,366766000000000000 ,366368000000000000 ,197307,196805,14,0,4,工作日,非高峰,2015-04-20,2015年4月20日,阴 /阴,20℃ / 11℃,东北风 ≤3级 /东北风 ≤3级,阴,阴,20,11,东北风,≤3级,东北风,≤3级,day
2015-04-20 18:01:00,水口寺,1、追尾的,负全部责任,不负责任,1,贵GL9844,红,1,贵AMT214,白,自培,十一培,2012/1/9 0:00,1990/11/5 0:00,北京现代牌,凯迪拉克,364557000000000000 ,364547000000000000 ,199206,196903,18,0,4,工作日,晚高峰(17-19点),2015-04-20,2015年4月20日,阴 /阴,20℃ / 11℃,东北风 ≤3级 /东北风 ≤3级,阴,阴,20,11,东北风,≤3级,东北风,≤3级,day
2015-04-20 15:39:00,小河平桥,1、追尾的,负全部责任,不负责任,1,赣EE6193,白色,1,贵A64507,白色,自培,十一培,2010/7/12 0:00,1986/7/30 0:00,长安牌,嘉陵,5060520000000000 ,366068000000000000 ,198610,195808,15,0,4,工作日,非高峰,2015-04-20,2015年4月20日,阴 /阴,20℃ / 11℃,东北风 ≤3级 /东北风 ≤3级,阴,阴,20,11,东北风,≤3级,东北风,≤3级,day
2015-04-20 17:30:00,观山东路,1、追尾的,负全部责任,不负责任,1,贵A69F25,黄,1,贵ASU866,红,（南明区）金大驾驶培训有限公司,自培,2005/1/25 0:00,2004/8/12 0:00,大众牌,福克斯牌,366863000000000000 ,364547000000000000 ,198304,195612,17,0,4,工作日,晚高峰(17-19点),2015-04-20,2015年4月20日,阴 /阴,20℃ / 11℃,东北风 ≤3级 /东北风 ≤3级,阴,阴,20,11,东北风,≤3级,东北风,≤3级,day
2015-04-21 01:10:00,油榨街,1、追尾的,负全部责任,不负责任,1,贵A6CC03,白色,1,贵AU0698,白色,自培,自培,1997/10/15 0:00,2001/4/14 0:00,缤智牌,大运牌,366367000000000000 ,36455051844561445X,197109,197001,1,1,4,工作日,非高峰,2015-04-21,2015年4月21日,阴 /阵雨,17℃ / 10℃,东北风 ≤3级 /东北风 ≤3级,阴,阵雨,17,10,东北风,≤3级,东北风,≤3级,night
2015-04-20 17:30:00,安云路,7、未按规定让行的 ,负全部责任,不负责任,1,贵AU1537,绿,1,贵AHL654,白,自培,自培,2002/7/3 0:00,2003/1/30 0:00,豪江牌,福克斯牌,36454651394960525X,364547000000000000 ,195808,198301,17,0,4,工作日,晚高峰(17-19点),2015-04-20,2015年4月20日,阴 /阴,20℃ / 11℃,东北风 ≤3级 /东北风 ≤3级,阴,阴,20,11,东北风,≤3级,东北风,≤3级,day
2015-04-20 14:30:00,粑粑街,9、不符合前8款规定或者双方同时具有上述情形的,负同等责任,负同等责任,1,贵AKN528,白,1,贵A21469,红,自培,自培,2001/9/13 0:00,2001/7/2 0:00,金杯牌,宗申牌,364548000000000000 ,364557000000000000 ,196507,196805,14,0,4,工作日,非高峰,2015-04-20,2015年4月20日,阴 /阴,20℃ / 11℃,东北风 ≤3级 /东北风 ≤3级,阴,阴,20,11,东北风,≤3级,东北风,≤3级,day
2015-04-20 20:50:00,青云路,8、依法应负全责的其他情形,负全部责任,不负责任,0,贵A98X73,白,1,川K18852,银,自培,自培,2007/12/10 0:00,2012/11/21 0:00,福克斯牌,速腾牌,366661000000000000 ,364557000000000000 ,198801,198409,20,0,4,工作日,非高峰,2015-04-20,2015年4月20日,阴 /阴,20℃ / 11℃,东北风 ≤3级 /东北风 ≤3级,阴,阴,20,11,东北风,≤3级,东北风,≤3级,night
2015-04-20 19:00:00,海信立交,8、依法应负全责的其他情形,负全部责任,不负责任,1,贵A97302,白色,1,贵AC548C,白色,大方县龙飞汽车(摩托车)驾驶培训学校,520125,2010/10/29 0:00,2008/8/26 0:00,豪泺牌,吉利美日牌,366067000000000000 ,36456651994759445X,198809,198803,19,0,4,工作日,晚高峰(17-19点),2015-04-20,2015年4月20日,阴 /阴,20℃ / 11℃,东北风 ≤3级 /东北风 ≤3级,阴,阴,20,11,东北风,≤3级,东北风,≤3级,day
2015-04-20 20:40:00,碧海花园,7、未按规定让行的 ,负全部责任,不负责任,1,贵AKU229,蓝,1,贵A52L85,黑,遵义市宝驰汽车驾驶培训有限公司,全林驾校,-1,2010/7/27 0:00,福克斯牌,众泰牌,366566000000000000 ,366361000000000000 ,199303,198311,20,0,4,工作日,非高峰,2015-04-20,2015年4月20日,阴 /阴,20℃ / 11℃,东北风 ≤3级 /东北风 ≤3级,阴,阴,20,11,东北风,≤3级,东北风,≤3级,night
2015-04-21 07:40:00,乌当,9、不符合前8款规定或者双方同时具有上述情形的,负同等责任,负同等责任,0,贵AKS092,银,1,贵AWY354,银,-1,-1,-1,-1,朗逸牌,五菱牌,364544000000 ,36454484911 ,951797,70899,7,1,4,工作日,早高峰(7-9点),2015-04-21,2015年4月21日,阴 /阵雨,17℃ / 10℃,东北风 ≤3级 /东北风 ≤3级,阴,阵雨,17,10,东北风,≤3级,东北风,≤3级,day
2015-04-20 21:00:00,解放路,7、未按规定让行的 ,负全部责任,不负责任,1,贵CPT839,白色,1,贵A12E86,白色,-1,贵大佳德驾驶培训学校,-1,2011/3/24 0:00,福迪牌,大众汽车牌,366577000000000000 ,366546000000000000 ,198310,198705,21,0,4,工作日,非高峰,2015-04-20,2015年4月20日,阴 /阴,20℃ / 11℃,东北风 ≤3级 /东北风 ≤3级,阴,阴,20,11,东北风,≤3级,东北风,≤3级,night
2015-04-21 08:36:00,白云区,1、追尾的,负全部责任,不负责任,1,贵A25149,黄,1,贵A56L58,蓝,-1,自培,-1,2014/12/9 0:00,徐工牌,宝骏牌,366068000000000000 ,366263000000000000 ,198916,198405,8,1,4,工作日,早高峰(7-9点),2015-04-21,2015年4月21日,阴 /阵雨,17℃ / 10℃,东北风 ≤3级 /东北风 ≤3级,阴,阵雨,17,10,东北风,≤3级,东北风,≤3级,day
2015-04-21 06:30:00,八匹马,7、未按规定让行的 ,负全部责任,不负责任,1,贵ASC162,红,1,贵AU3534,白,（南明区）金大驾驶培训有限公司,自培,2005/1/6 0:00,2002/8/9 0:00,雪佛兰牌,豪爵牌,364547000000000000 ,364558000000000000 ,197103,197511,6,1,4,工作日,非高峰,2015-04-21,2015年4月21日,阴 /阵雨,17℃ / 10℃,东北风 ≤3级 /东北风 ≤3级,阴,阵雨,17,10,东北风,≤3级,东北风,≤3级,day
2015-04-21 07:50:00,中铁,8、依法应负全责的其他情形,负全部责任,不负责任,1,贵CJX841,白,0,贵ANS748,银,蓝天驾校,铁二局驾校,2014/7/20 0:00,2014/10/11 0:00,大众牌,奇瑞牌,366563000000000000 ,366566000000000000 ,198808,198109,7,1,4,工作日,早高峰(7-9点),2015-04-21,2015年4月21日,阴 /阵雨,17℃ / 10℃,东北风 ≤3级 /东北风 ≤3级,阴,阵雨,17,10,东北风,≤3级,东北风,≤3级,day
2015-04-20 22:00:00,骨科医院,9、不符合前8款规定或者双方同时具有上述情形的,负同等责任,负同等责任,1,贵A92K63,白色,1,贵A5S023,白色,（经开区）十一驾驶培训有限公司,阳光驾校,2005/6/6 0:00,2012/7/23 0:00,大众汽车牌,东风标致牌,65596500000000000 ,364547000000000000 ,197101,199010,22,0,4,工作日,非高峰,2015-04-20,2015年4月20日,阴 /阴,20℃ / 11℃,东北风 ≤3级 /东北风 ≤3级,阴,阴,20,11,东北风,≤3级,东北风,≤3级,night
2015-04-21 07:00:00,涴沙桥,1、追尾的,负全部责任,不负责任,1,贵A0CC62,白,1,贵HBQ122,银,六盘水里程驾驶培训有限公司,-1,2012/4/25 0:00,-1,福克斯牌,比亚迪牌,366562000000000000 ,366264000000000000 ,198606,198010,7,1,4,工作日,早高峰(7-9点),2015-04-21,2015年4月21日,阴 /阵雨,17℃ / 10℃,东北风 ≤3级 /东北风 ≤3级,阴,阵雨,17,10,东北风,≤3级,东北风,≤3级,day
2015-04-21 04:00:00,花溪大道,8、依法应负全责的其他情形,负全部责任,不负责任,1,贵ATC923,白色,1,贵AC686J,白色,贵州现代驾驶培训责任有限公司,自培,2012/12/29 0:00,2013/6/20 0:00,五菱牌,大众牌,366661000000000000 ,366068000000000000 ,198108,198912,4,1,4,工作日,非高峰,2015-04-21,2015年4月21日,阴 /阵雨,17℃ / 10℃,东北风 ≤3级 /东北风 ≤3级,阴,阵雨,17,10,东北风,≤3级,东北风,≤3级,night
2015-04-21 07:00:00,花果园,3、倒车的,负全部责任,不负责任,1,贵A38F73,白色,1,粤CXT525,白色,吉源驾校,-1,2014/7/30 0:00,-1,长城牌,东风日产牌,354168000000000000 ,74360500000000000 ,198711,198006,7,1,4,工作日,早高峰(7-9点),2015-04-21,2015年4月21日,阴 /阵雨,17℃ / 10℃,东北风 ≤3级 /东北风 ≤3级,阴,阵雨,17,10,东北风,≤3级,东北风,≤3级,day
2015-04-21 09:00:00,花溪,7、未按规定让行的 ,负全部责任,不负责任,1,贵A25P47,白色,1,贵AUH302,白色,-1,自培,-1,2011/8/30 0:00,思威牌,-1,36455500000000000 ,364556000000000000 ,978103,197312,9,1,4,工作日,早高峰(7-9点),2015-04-21,2015年4月21日,阴 /阵雨,17℃ / 10℃,东北风 ≤3级 /东北风 ≤3级,阴,阵雨,17,10,东北风,≤3级,东北风,≤3级,day