accidenttime,accidentaddr,driver1fault,driver1responsibility,driver2responsibility,sex1,platenumber1,carcolor1,sex2,platenumber2,carcolor2,jxmc1,jxmc2,cclzrq1,cclzrq2,clpp1,clpp2,driver1license,driver2license,brith1,brith2,hour,weekday,month,is_weekday,peak_hour,date,日期,天气状况,气温,风力风向,day_wea,night_wea,day_tep,night_tep,day_wind_direction,day_wind_speed,night_wind_direction,night_wind_speed,segment
2015-04-20 18:30:00,金阳南路,1、追尾的,负全部责任,不负责任,1,贵EB3244,黄,1,豫S76769,黄,自培,-1,2003/3/19 0:00,-1,别克牌,金梭,34547500000000000 ,54763500000000000 ,196009,198703,18,0,4,工作日,晚高峰(17-19点),2015-04-20,2015年4月20日,阴 /阴,20℃ / 11℃,东北风 ≤3级 /东北风 ≤3级,阴,阴,20,11,东北风,≤3级,东北风,≤3级,day
2015-04-21 08:00:00,博爱路,1、追尾的,负全部责任,不负责任,1,贵AU9265,白色,1,贵A95H17,白色,自培,预约考试窗口,2006/9/4 0:00,2007/1/18 0:00,捷达牌,福克斯牌,366876000000000000 ,364547000000000000 ,197908,198206,8,1,4,工作日,早高峰(7-9点),2015-04-21,2015年4月21日,阴 /阵雨,17℃ / 10℃,东北风 ≤3级 /东北风 ≤3级,阴,阵雨,17,10,东北风,≤3级,东北风,≤3级,day
2015-04-21 04:00:00,花溪,6、违反交通信号的,负全部责任,不负责任,1,贵ABL983,白色,1,贵AML684,白色,自培,-1,2004/1/8 0:00,-1,SUBARUXV,雪佛兰牌,364556000000000000 ,36455600000000000 ,196601,197121,4,1,4,工作日,非高峰,2015-04-21,2015年4月21日,阴 /阵雨,17℃ / 10℃,东北风 ≤3级 /东北风 ≤3级,阴,阵雨,17,10,东北风,≤3级,东北风,≤3级,night
2015-04-20 17:40:00,金筑立交,1、追尾的,负全部责任,不负责任,1,贵A3549L,白色,1,贵GT7089,白色,吉源驾校,十一培,2014/7/21 0:00,1983/9/29 0:00,哈弗牌,大众汽车牌,364558000000000000 ,364548000000000000 ,198312,195909,17,0,4,工作日,晚高峰(17-19点),2015-04-20,2015年4月20日,阴 /阴,20℃ / 11℃,东北风 ≤3级 /东北风 ≤3级,阴,阴,20,11,东北风,≤3级,东北风,≤3级,day
2015-04-21 05:00:00,水东路,1、追尾的,负全部责任,不负责任,1,贵AX3161,白色,1,贵A69G58,白色,-1,十一培,-1,1990/10/14 0:00,三铃牌,东风日产牌,364548000000000000 ,36454751864874325X,197503,197207,5,1,4,工作日,非高峰,2015-04-21,2015年4月21日,阴 /阵雨,17℃ / 10℃,东北风 ≤3级 /东北风 ≤3级,阴,阵雨,17,10,东北风,≤3级,东北风,≤3级,night
2015-04-21 08:20:00,白云区,1、追尾的,负全部责任,不负责任,1,贵FS4005,黑,1,贵AJ3833,银,自培,十一培,2003/11/21 0:00,1994/10/20 0:00,长城牌,东风雪铁龙,366068000000000000 ,364558000000000000 ,198309,197105,8,1,4,工作日,早高峰(7-9点),2015-04-21,2015年4月21日,阴 /阵雨,17℃ / 10℃,东北风 ≤3级 /东北风 ≤3级,阴,阵雨,17,10,东北风,≤3级,东北风,≤3级,day
2015-04-21 09:00:00,中曹司,3、倒车的,负全部责任,不负责任,1,贵A88416,白色,1,贵AC343K,白色,-1,自培,-1,2002/4/11 0:00,东风牌,长安牌,366068000000000000 ,364548000000000000 ,192807,196909,9,1,4,工作日,早高峰(7-9点),2015-04-21,2015年4月21日,阴 /阵雨,17℃ / 10℃,东北风 ≤3级 /东北风 ≤3级,阴,阵雨,17,10,东北风,≤3级,东北风,≤3级,day
2015-04-20 17:47:00,观山西路,8、依法应负全责的其他情形,负同等责任,负同等责任,0,贵AB5786,银,1,贵A0575V,红,自培,自培,2004/5/17 0:00,2012/10/24 0:00,五菱,东风标致牌,764152000000000000 ,364557000000000000 ,197209,196302,17,0,4,工作日,晚高峰(17-19点),2015-04-20,2015年4月20日,阴 /阴,20℃ / 11℃,东北风 ≤3级 /东北风 ≤3级,阴,阴,20,11,东北风,≤3级,东北风,≤3级,day
2015-04-21 08:15:00,杨柳街,7、未按规定让行的 ,负全部责任,不负责任,0,贵GG4272,白,1,贵A7242S,银,自培,自培,2014/5/12 0:00,2004/12/28 0:00,宝来牌,雅阁牌,36634551144869406X,354669000000000000 ,199007,197010,8,1,4,工作日,早高峰(7-9点),2015-04-21,2015年4月21日,阴 /阵雨,17℃ / 10℃,东北风 ≤3级 /东北风 ≤3级,阴,阵雨,17,10,东北风,≤3级,东北风,≤3级,day
2015-04-21 03:00:00,花果园,9、不符合前8款规定或者双方同时具有上述情形的,负同等责任,负同等责任,1,贵AU9587,白色,1,渝F71F36,白色,自培,自培,2003/8/19 0:00,2003/9/3 0:00,宗申牌,梅赛德斯-奔驰牌,366368000000000000 ,344546000000000000 ,197106,199402,3,1,4,工作日,非高峰,2015-04-21,2015年4月21日,阴 /阵雨,17℃ / 10℃,东北风 ≤3级 /东北风 ≤3级,阴,阵雨,17,10,东北风,≤3级,东北风,≤3级,night
2015-04-21 10:00:00,太慈桥,8、依法应负全责的其他情形,负全部责任,不负责任,1,贵AD0264,白色,1,贵GP7615,白色,-1,青正驾校,-1,2014/9/3 0:00,宗申牌,大众汽车牌,364547000000000 ,355266000000000000 ,730903,199604,10,1,4,工作日,非高峰,2015-04-21,2015年4月21日,阴 /阵雨,17℃ / 10℃,东北风 ≤3级 /东北风 ≤3级,阴,阵雨,17,10,东北风,≤3级,东北风,≤3级,day
2015-04-21 10:28:00,西二环,7、未按规定让行的 ,负全部责任,不负责任,1,贵4265662,白色,1,贵A17P63,白色,-1,蓝天驾校,-1,2011/7/28 0:00,-1,丰田牌,366067000000000000 ,364548000000000000 ,197509,197306,10,1,4,工作日,非高峰,2015-04-21,2015年4月21日,阴 /阵雨,17℃ / 10℃,东北风 ≤3级 /东北风 ≤3级,阴,阵雨,17,10,东北风,≤3级,东北风,≤3级,day
2015-04-21 11:00:00,文昌南路,7、未按规定让行的 ,负全部责任,不负责任,1,贵AAB364,白,0,贵APY031,银,-1,-1,-1,-1,埃尔法,东风雪铁龙,364565000000000000 ,364544000000 ,196208,32962,11,1,4,工作日,非高峰,2015-04-21,2015年4月21日,阴 /阵雨,17℃ / 10℃,东北风 ≤3级 /东北风 ≤3级,阴,阵雨,17,10,东北风,≤3级,东北风,≤3级,day
2015-04-21 11:10:00,新添寨,7、未按规定让行的 ,负全部责任,不负责任,1,贵ARV413,银,1,贵AMU823,银,-1,预约考试窗口,-1,2006/10/22 0:00,吉利牌,长安牌,3645570000000000 ,364548000000000000 ,197504,197508,11,1,4,工作日,非高峰,2015-04-21,2015年4月21日,阴 /阵雨,17℃ / 10℃,东北风 ≤3级 /东北风 ≤3级,阴,阵雨,17,10,东北风,≤3级,东北风,≤3级,day
2015-04-21 08:30:00,金竹,7、未按规定让行的 ,负全部责任,不负责任,1,桂LBX569,白色,1,贵AA8751,黑色,-1,贵阳金马驾驶培训有限公司,-1,2012/8/30 0:00,东风标致牌,起亚,724568000000000000 ,364556000000000000 ,197110,198710,8,1,4,工作日,早高峰(7-9点),2015-04-21,2015年4月21日,阴 /阵雨,17℃ / 10℃,东北风 ≤3级 /东北风 ≤3级,阴,阵雨,17,10,东北风,≤3级,东北风,≤3级,day
2015-04-21 09:00:00,迎宾大道,8、依法应负全责的其他情形,负全部责任,不负责任,1,贵A392E3,白,1,贵A1J809,白,自培,-1,2002/8/1 0:00,-1,解放牌,-1,366067000000000000 ,355247000000000000 ,197512,199008,9,1,4,工作日,早高峰(7-9点),2015-04-21,2015年4月21日,阴 /阵雨,17℃ / 10℃,东北风 ≤3级 /东北风 ≤3级,阴,阵雨,17,10,东北风,≤3级,东北风,≤3级,day
2015-04-21 09:46:00,下坝隧道,1、追尾的,负全部责任,不负责任,1,贵A84V99,白色,1,贵FAE229,白色,自培,-1,2008/3/6 0:00,-1,长安牌,五菱牌,64166500000000000 ,366046000000000000 ,198104,198809,9,1,4,工作日,早高峰(7-9点),2015-04-21,2015年4月21日,阴 /阵雨,17℃ / 10℃,东北风 ≤3级 /东北风 ≤3级,阴,阵雨,17,10,东北风,≤3级,东北风,≤3级,day
2015-04-21 10:00:00,金阳南路,1、追尾的,负全部责任,不负责任,0,贵A85W69,银,1,渝GCE314,黄,-1,-1,-1,-1,东风雪铁龙牌,别克牌,366662000000000000 ,264368000000000000 ,197810,197909,10,1,4,工作日,非高峰,2015-04-21,2015年4月21日,阴 /阵雨,17℃ / 10℃,东北风 ≤3级 /东北风 ≤3级,阴,阵雨,17,10,东北风,≤3级,东北风,≤3级,day
2015-04-21 10:00:00,嘉润路,1、追尾的,负全部责任,不负责任,1,CS64289,白色,1,CS64228,白色,-1,-1,-1,-1,-1,\N,CD43444553,CD43444550,115,114,10,1,4,工作日,非高峰,2015-04-21,2015年4月21日,阴 /阵雨,17℃ / 10℃,东北风 ≤3级 /东北风 ≤3级,阴,阵雨,17,10,东北风,≤3级,东北风,≤3级,day
2015-04-21 10:00:00,三江口,7、未按规定让行的 ,负全部责任,不负责任,1,贵A326F6,白色,1,贵AA8751,白色,贵州现代驾驶培训责任有限公司,-1,2014/3/28 0:00,-1,长安牌,起亚,364556000000000000 ,364556000000000000 ,198711,198710,10,1,4,工作日,非高峰,2015-04-21,2015年4月21日,阴 /阵雨,17℃ / 10℃,东北风 ≤3级 /东北风 ≤3级,阴,阵雨,17,10,东北风,≤3级,东北风,≤3级,day
2015-04-21 12:22:00,公园路,1、追尾的,负全部责任,不负责任,1,贵A45P57,白色,1,贵AES781,白色,-1,-1,-1,-1,凯迪拉克,梅赛德斯-奔驰,734367000000000000 ,734398000000000000 ,198908,197312,12,1,4,工作日,非高峰,2015-04-21,2015年4月21日,阴 /阵雨,17℃ / 10℃,东北风 ≤3级 /东北风 ≤3级,阴,阵雨,17,10,东北风,≤3级,东北风,≤3级,day
2015-04-21 11:23:00,白云区,4、停车时未挂低速档、未拉驻车制动，导致车辆滑行的,负全部责任,不负责任,1,贵AV5395,银,0,贵A8114Z,白,-1,人武驾校,-1,-1,长城牌,福克斯牌,36455700000000 ,364558000000000000 ,690600,198001,11,1,4,工作日,非高峰,2015-04-21,2015年4月21日,阴 /阵雨,17℃ / 10℃,东北风 ≤3级 /东北风 ≤3级,阴,阵雨,17,10,东北风,≤3级,东北风,≤3级,day
2015-04-21 10:20:00,钢材市场,2、逆行的,负全部责任,不负责任,1,贵AA618X,银,1,贵CC7934,红,自培,-1,2014/8/22 0:00,-1,五菱牌,北京现代牌,64550500000000000 ,366561000000000000 ,199510,198704,10,1,4,工作日,非高峰,2015-04-21,2015年4月21日,阴 /阵雨,17℃ / 10℃,东北风 ≤3级 /东北风 ≤3级,阴,阵雨,17,10,东北风,≤3级,东北风,≤3级,day
2015-04-21 10:05:00,金阳,8、依法应负全责的其他情形,负全部责任,不负责任,1,顾A7497X,红,1,贵A2851V,银,自培,-1,2008/5/21 0:00,-1,长安牌,五菱牌,366367000000000000 ,366064000000000000 ,198106,198612,10,1,4,工作日,非高峰,2015-04-21,2015年4月21日,阴 /阵雨,17℃ / 10℃,东北风 ≤3级 /东北风 ≤3级,阴,阵雨,17,10,东北风,≤3级,东北风,≤3级,day
2015-04-21 09:55:00,下坝隧道,1、追尾的,负全部责任,不负责任,1,贵CJH813,白色,1,贵APT498,白色,自培,自培,2001/5/10 0:00,2009/11/23 0:00,大众汽车牌,五菱牌,36654551884356720X,355468000000000000 ,197705,197307,9,1,4,工作日,早高峰(7-9点),2015-04-21,2015年4月21日,阴 /阵雨,17℃ / 10℃,东北风 ≤3级 /东北风 ≤3级,阴,阵雨,17,10,东北风,≤3级,东北风,≤3级,day
2015-04-21 11:40:00,中坝,1、追尾的,负全部责任,不负责任,1,贵AU0277,蓝,1,贵AU7122,绿,自培,520118,2007/7/5 0:00,2009/8/28 0:00,嘉陵牌,万达牌,366347000000000000 ,364547000000000000 ,198403,197010,11,1,4,工作日,非高峰,2015-04-21,2015年4月21日,阴 /阵雨,17℃ / 10℃,东北风 ≤3级 /东北风 ≤3级,阴,阵雨,17,10,东北风,≤3级,东北风,≤3级,day
2015-04-21 10:30:00,小河,7、未按规定让行的 ,负全部责任,不负责任,1,贵A42M16,白色,1,贵A83X94,白色,新华驾校,十一培,2012/5/25 0:00,1995/8/7 0:00,大众汽车牌,纳智捷牌,364547000000000000 ,366869000000000000 ,196304,196909,10,1,4,工作日,非高峰,2015-04-21,2015年4月21日,阴 /阵雨,17℃ / 10℃,东北风 ≤3级 /东北风 ≤3级,阴,阵雨,17,10,东北风,≤3级,东北风,≤3级,day
2015-04-21 12:30:00,小河区,7、未按规定让行的 ,负全部责任,不负责任,1,贵ARB371,白色,1,贵A90353,白色,贵大佳德驾驶培训学校,十一培,2010/11/17 0:00,1995/9/29 0:00,福特牌,长安,366663000000000000 ,74647500000000000 ,198911,197104,12,1,4,工作日,非高峰,2015-04-21,2015年4月21日,阴 /阵雨,17℃ / 10℃,东北风 ≤3级 /东北风 ≤3级,阴,阵雨,17,10,东北风,≤3级,东北风,≤3级,day
2015-04-21 10:00:00,北京路,7、未按规定让行的 ,负全部责任,不负责任,1,贵A373C9,白色,1,贵AU6452,白色,自培,十一培,2011/9/8 0:00,1993/7/28 0:00,解放牌,捷达牌,364557000000000000 ,36454751874864405X,198810,197307,10,1,4,工作日,非高峰,2015-04-21,2015年4月21日,阴 /阵雨,17℃ / 10℃,东北风 ≤3级 /东北风 ≤3级,阴,阵雨,17,10,东北风,≤3级,东北风,≤3级,day
2015-04-21 09:00:00,头桥,7、未按规定让行的 ,负全部责任,不负责任,1,贵A735A4,银,1,贵AAG194,蓝,自培,十一培,2012/6/4 0:00,1993/2/25 0:00,凯马牌,东风雪铁龙牌,366347000000000000 ,364547000000000000 ,197201,197411,9,1,4,工作日,早高峰(7-9点),2015-04-21,2015年4月21日,阴 /阵雨,17℃ / 10℃,东北风 ≤3级 /东北风 ≤3级,阴,阵雨,17,10,东北风,≤3级,东北风,≤3级,day
2015-04-21 10:00:00,富源路,8、依法应负全责的其他情形,负全部责任,不负责任,1,湘B2446B,白色,1,贵A988C1,白色,新华驾校,自培,2015/1/12 0:00,2004/12/3 0:00,大众牌,解放牌,74663500000000000 ,366875000000000000 ,198506,198303,10,1,4,工作日,非高峰,2015-04-21,2015年4月21日,阴 /阵雨,17℃ / 10℃,东北风 ≤3级 /东北风 ≤3级,阴,阵雨,17,10,东北风,≤3级,东北风,≤3级,day
2015-04-21 13:00:00,金朱东路,1、追尾的,负全部责任,不负责任,1,贵A28F36,红,1,贵A67P92,黑,自培,自培,2000/11/21 0:00,2003/12/11 0:00,东风雪铁龙牌,五菱牌,364548000000000000 ,734063000000000000 ,195410,197001,13,1,4,工作日,非高峰,2015-04-21,2015年4月21日,阴 /阵雨,17℃ / 10℃,东北风 ≤3级 /东北风 ≤3级,阴,阵雨,17,10,东北风,≤3级,东北风,≤3级,day
2015-04-21 11:10:00,未来方舟,7、未按规定让行的 ,负全部责任,不负责任,1,贵A8R876,白,1,贵AU0964,蓝,（南明区）长运驾驶培训有限公司,大地驾校,2008/1/16 0:00,2006/4/24 0:00,哈弗牌,宇通牌,366067000000000000 ,366068000000000000 ,198108,197512,11,1,4,工作日,非高峰,2015-04-21,2015年4月21日,阴 /阵雨,17℃ / 10℃,东北风 ≤3级 /东北风 ≤3级,阴,阵雨,17,10,东北风,≤3级,东北风,≤3级,day
2015-04-22 10:30:00,二铺,7、未按规定让行的 ,负全部责任,不负责任,1,浙C3511C,黑,1,贵AUC233,银,-1,预约考试窗口,-1,2006/12/4 0:00,奥迪牌,沃尔沃牌,774763000000000000 ,364558000000000000 ,196904,198604,10,2,4,工作日,非高峰,2015-04-22,2015年4月22日,小雨 /小雨,15℃ / 10℃,东北风 ≤3级 /东北风 ≤3级,小雨,小雨,15,10,东北风,≤3级,东北风,≤3级,day
2015-04-21 12:20:00,中山中路,7、未按规定让行的 ,负全部责任,不负责任,1,贵A8291F,黑,1,贵AH4,蓝,自培,自培,2009/12/28 0:00,2008/5/27 0:00,起亚牌,-1,366068000000000000 ,366664000000000000 ,198210,198401,12,1,4,工作日,非高峰,2015-04-21,2015年4月21日,阴 /阵雨,17℃ / 10℃,东北风 ≤3级 /东北风 ≤3级,阴,阵雨,17,10,东北风,≤3级,东北风,≤3级,day
2015-04-21 11:45:00,湖南商会,8、依法应负全责的其他情形,负全部责任,不负责任,1,苏MLJ287,黑,1,贵AHN821,银,通发驾校,-1,2006/5/12 0:00,-1,桑塔纳 ,比亚迪牌,366368000000000000 ,366066000000000000 ,198403,197404,11,1,4,工作日,非高峰,2015-04-21,2015年4月21日,阴 /阵雨,17℃ / 10℃,东北风 ≤3级 /东北风 ≤3级,阴,阵雨,17,10,东北风,≤3级,东北风,≤3级,day
2015-04-21 14:00:00,小河转盘,1、追尾的,负全部责任,不负责任,1,贵A023C5,白色,1,贵FA8270,白色,-1,消防驾校,-1,2011/7/21 0:00,福田牌,五菱牌,35666651805455038X,366046000000000000 ,197410,198109,14,1,4,工作日,非高峰,2015-04-21,2015年4月21日,阴 /阵雨,17℃ / 10℃,东北风 ≤3级 /东北风 ≤3级,阴,阵雨,17,10,东北风,≤3级,东北风,≤3级,day
2015-04-21 17:34:00,观山西路,7、未按规定让行的 ,负全部责任,不负责任,1,贵AMB882,黄,0,贵A4BL03,银,吉源驾校（南明区）,蓝天驾校,2010/9/13 0:00,2013/11/21 0:00,五菱牌,炫威牌,364557000000000000 ,354366000000000000 ,198103,197807,17,1,4,工作日,晚高峰(17-19点),2015-04-21,2015年4月21日,阴 /阵雨,17℃ / 10℃,东北风 ≤3级 /东北风 ≤3级,阴,阵雨,17,10,东北风,≤3级,东北风,≤3级,day
2015-04-21 16:30:00,花果园,7、未按规定让行的 ,负全部责任,不负责任,0,贵ASS529,红,1,贵AM2229,银,-1,兴黔驾驶培训学校,-1,2006/8/17 0:00,丰田牌,起亚牌,364575000000000000 ,364547000000000000 ,986912,198010,16,1,4,工作日,非高峰,2015-04-21,2015年4月21日,阴 /阵雨,17℃ / 10℃,东北风 ≤3级 /东北风 ≤3级,阴,阵雨,17,10,东北风,≤3级,东北风,≤3级,day
2015-04-21 13:45:00,碧海花园,7、未按规定让行的 ,负全部责任,不负责任,1,湘E51H67,蓝,1,贵GS6445,黑,惠水县金都汽车驾驶培训有限公司,文通驾校,-1,2011/11/3 0:00,比亚迪牌,宝马牌,74365500000000000 ,66967500000000000 ,198210,198110,13,1,4,工作日,非高峰,2015-04-21,2015年4月21日,阴 /阵雨,17℃ / 10℃,东北风 ≤3级 /东北风 ≤3级,阴,阵雨,17,10,东北风,≤3级,东北风,≤3级,day
2015-04-21 16:00:00,中天未来方舟,9、不符合前8款规定或者双方同时具有上述情形的,负同等责任,负同等责任,1,贵AU9285,白色,1,贵A47M19,白色,（观山湖区）诚信驾驶培训有限公司,-1,2008/12/26 0:00,-1,钱江牌,比亚迪牌,364548000000000000 ,366768000000000000 ,196206,195712,16,1,4,工作日,非高峰,2015-04-21,2015年4月21日,阴 /阵雨,17℃ / 10℃,东北风 ≤3级 /东北风 ≤3级,阴,阵雨,17,10,东北风,≤3级,东北风,≤3级,day
2015-04-21 17:30:00,大关,1、追尾的,负全部责任,不负责任,1,贵A55W67,白,1,粤B64840,白,（南明区）金大驾驶培训有限公司,贵阳学院汽车驾驶培训,2008/7/18 0:00,2012/9/26 0:00,别克牌,三菱,364548000000000000 ,674248000000000000 ,198410,198602,17,1,4,工作日,晚高峰(17-19点),2015-04-21,2015年4月21日,阴 /阵雨,17℃ / 10℃,东北风 ≤3级 /东北风 ≤3级,阴,阵雨,17,10,东北风,≤3级,东北风,≤3级,day
2015-04-21 15:00:00,花溪同兴山庄,7、未按规定让行的 ,负全部责任,不负责任,1,贵A234D9,白色,1,苏E3SP28,白色,-1,-1,-1,-1,东风牌,比亚迪牌,3556700000000000 ,764168000000000000 ,191018,197910,15,1,4,工作日,非高峰,2015-04-21,2015年4月21日,阴 /阵雨,17℃ / 10℃,东北风 ≤3级 /东北风 ≤3级,阴,阵雨,17,10,东北风,≤3级,东北风,≤3级,day
2015-04-21 11:00:00,南二环,7、未按规定让行的 ,负全部责任,不负责任,1,贵A83X15,白色,1,贵F76705,白色,自培,-1,2004/8/9 0:00,-1,吉利牌,红岩牌,36455751805651727X,366068000000000000 ,197412,198804,11,1,4,工作日,非高峰,2015-04-21,2015年4月21日,阴 /阵雨,17℃ / 10℃,东北风 ≤3级 /东北风 ≤3级,阴,阵雨,17,10,东北风,≤3级,东北风,≤3级,day
2015-04-21 13:00:00,北大资源,7、未按规定让行的 ,负全部责任,不负责任,1,渝AAV260,银,1,贵A90561,白,自培,-1,2013/9/10 0:00,-1,森林人,三一牌,344543000000000000 ,66062500000000000 ,199306,196809,13,1,4,工作日,非高峰,2015-04-21,2015年4月21日,阴 /阵雨,17℃ / 10℃,东北风 ≤3级 /东北风 ≤3级,阴,阵雨,17,10,东北风,≤3级,东北风,≤3级,day
2015-04-21 11:40:00,南垭路,7、未按规定让行的 ,负全部责任,不负责任,1,贵AC5166,红,1,贵A2BP45,白,（南明区）铁二局驾驶培训有限公司,十一培,2009/10/12 0:00,1989/12/13 0:00,嘉陵牌,福克斯牌,357475000000000000 ,364548000000000000 ,196310,195605,11,1,4,工作日,非高峰,2015-04-21,2015年4月21日,阴 /阵雨,17℃ / 10℃,东北风 ≤3级 /东北风 ≤3级,阴,阵雨,17,10,东北风,≤3级,东北风,≤3级,day
2015-04-21 13:15:00,西葫路,8、依法应负全责的其他情形,负全部责任,不负责任,1,贵A8BQ51,白,1,贵AK0555,黄,（南明区）贵工大驾驶培训有限公司,十一培,2004/12/15 0:00,1984/10/7 0:00,-1,雷克萨斯,36454751954058646X,364548000000000000 ,198104,196504,13,1,4,工作日,非高峰,2015-04-21,2015年4月21日,阴 /阵雨,17℃ / 10℃,东北风 ≤3级 /东北风 ≤3级,阴,阵雨,17,10,东北风,≤3级,东北风,≤3级,day
2015-04-21 17:30:00,黔灵山路,1、追尾的,负全部责任,不负责任,1,粤B648VH,白,1,贵AHV768,黑,-1,自培,-1,2004/8/23 0:00,东风日产牌,宝马牌,674248000000000000 ,364548000000000000 ,198602,196606,17,1,4,工作日,晚高峰(17-19点),2015-04-21,2015年4月21日,阴 /阵雨,17℃ / 10℃,东北风 ≤3级 /东北风 ≤3级,阴,阵雨,17,10,东北风,≤3级,东北风,≤3级,day
2015-04-21 13:53:00,次南门,5、开关车门的,负全部责任,不负责任,1,贵ARV159,银,1,贵AV2738,黑,自培,自培,2010/9/13 0:00,2007/7/31 0:00,东风牌,万强牌,357475000000000000 ,366068000000000000 ,197801,197706,13,1,4,工作日,非高峰,2015-04-21,2015年4月21日,阴 /阵雨,17℃ / 10℃,东北风 ≤3级 /东北风 ≤3级,阴,阵雨,17,10,东北风,≤3级,东北风,≤3级,day
2015-04-21 18:00:00,都司路,7、未按规定让行的 ,负全部责任,不负责任,1,贵A79S71,白,1,贵A3BY72,红,520132,自培,2008/9/25 0:00,2011/7/22 0:00,福克斯牌,奇瑞牌,366264000000000000 ,366362000000000000 ,198111,198612,18,1,4,工作日,晚高峰(17-19点),2015-04-21,2015年4月21日,阴 /阵雨,17℃ / 10℃,东北风 ≤3级 /东北风 ≤3级,阴,阵雨,17,10,东北风,≤3级,东北风,≤3级,day
2015-04-21 20:50:00,二铺,9、不符合前8款规定或者双方同时具有上述情形的,负同等责任,负同等责任,1,贵AKZ698,黑,1,贵A85905,银,-1,-1,-1,-1,起亚牌,徐工牌,364557000000000000 ,366864000000000000 ,198704,198810,20,1,4,工作日,非高峰,2015-04-21,2015年4月21日,阴 /阵雨,17℃ / 10℃,东北风 ≤3级 /东北风 ≤3级,阴,阵雨,17,10,东北风,≤3级,东北风,≤3级,night
2015-04-21 21:40:00,百花大道,9、不符合前8款规定或者双方同时具有上述情形的,负同等责任,负同等责任,1,贵A97438,黄,1,贵ALN748,银,-1,预约考试窗口,-1,2006/12/7 0:00,陕汽牌,吉利牌,366064000000000000 ,364548000000000000 ,198608,197009,21,1,4,工作日,非高峰,2015-04-21,2015年4月21日,阴 /阵雨,17℃ / 10℃,东北风 ≤3级 /东北风 ≤3级,阴,阵雨,17,10,东北风,≤3级,东北风,≤3级,night
2015-04-21 21:30:00,保利,7、未按规定让行的 ,负全部责任,不负责任,1,鄂A4M354,黑,1,贵A5523T,黑,织金县平远汽车驾驶培训学校,金大驾校,-1,-1,中华牌,大众牌,366064000000000000 ,364548000000000000 ,199204,199001,21,1,4,工作日,非高峰,2015-04-21,2015年4月21日,阴 /阵雨,17℃ / 10℃,东北风 ≤3级 /东北风 ≤3级,阴,阵雨,17,10,东北风,≤3级,东北风,≤3级,night
2015-04-21 18:00:00,宝山南路,8、依法应负全责的其他情形,负全部责任,不负责任,1,贵A22E85,白,1,贵A3K805,白,-1,宏达驾校,-1,-1,奥迪牌,福克斯牌,6444520000000000 ,36657551144348446X,198706,199005,18,1,4,工作日,晚高峰(17-19点),2015-04-21,2015年4月21日,阴 /阵雨,17℃ / 10℃,东北风 ≤3级 /东北风 ≤3级,阴,阵雨,17,10,东北风,≤3级,东北风,≤3级,day
2015-04-21 19:55:00,偏坡,1、追尾的,负全部责任,不负责任,1,贵A77275,红,1,贵ATK787,银,自培,贵州晨运驾驶培训学校,2007/7/3 0:00,2010/3/24 0:00,欧曼牌,长安牌,366368000000000000 ,36454651915459895X,198211,198910,19,1,4,工作日,晚高峰(17-19点),2015-04-21,2015年4月21日,阴 /阵雨,17℃ / 10℃,东北风 ≤3级 /东北风 ≤3级,阴,阵雨,17,10,东北风,≤3级,东北风,≤3级,day
2015-04-21 20:00:00,沙冲南路,8、依法应负全责的其他情形,负全部责任,不负责任,1,贵A084C8,白色,1,贵AU1853,白色,-1,运通驾校,-1,2008/8/27 0:00,昌河牌,瑞麒牌,36659500000000000 ,364556000000000000 ,973060,198402,20,1,4,工作日,非高峰,2015-04-21,2015年4月21日,阴 /阵雨,17℃ / 10℃,东北风 ≤3级 /东北风 ≤3级,阴,阵雨,17,10,东北风,≤3级,东北风,≤3级,night
2015-04-21 18:40:00,天誉城,7、未按规定让行的 ,负全部责任,不负责任,1,贵A67X34,白色,1,贵A37N92,白色,时发驾校,时发驾校,2013/9/6 0:00,2005/11/14 0:00,大众牌,宝马牌,36657651915441855X,366367000000000000 ,198910,198311,18,1,4,工作日,晚高峰(17-19点),2015-04-21,2015年4月21日,阴 /阵雨,17℃ / 10℃,东北风 ≤3级 /东北风 ≤3级,阴,阵雨,17,10,东北风,≤3级,东北风,≤3级,day
2015-04-21 21:20:00,贵安新区,1、追尾的,负全部责任,不负责任,1,贵A4722V,白色,1,粤A542UH,白色,-1,贵州铜南汽车驾驶培有限公司,-1,-1,五菱牌,思铂睿牌,74365500000000000 ,366663000000000000 ,199306,198608,21,1,4,工作日,非高峰,2015-04-21,2015年4月21日,阴 /阵雨,17℃ / 10℃,东北风 ≤3级 /东北风 ≤3级,阴,阵雨,17,10,东北风,≤3级,东北风,≤3级,night
2015-04-21 17:40:00,贵大,7、未按规定让行的 ,负全部责任,不负责任,1,川XM7939,银,1,贵AU9726,蓝,（南明区）吉源驾驶培训有限公司,自培,2011/9/27 0:00,1992/12/21 0:00,宝马 ,大江牌,356168000000000000 ,364548000000000000 ,197311,196911,17,1,4,工作日,晚高峰(17-19点),2015-04-21,2015年4月21日,阴 /阵雨,17℃ / 10℃,东北风 ≤3级 /东北风 ≤3级,阴,阵雨,17,10,东北风,≤3级,东北风,≤3级,day