accidenttime,accidentaddr,driver1fault,driver1responsibility,driver2responsibility,sex1,platenumber1,carcolor1,sex2,platenumber2,carcolor2,jxmc1,jxmc2,cclzrq1,cclzrq2,clpp1,clpp2,driver1license,driver2license,brith1,brith2,hour,weekday,month,is_weekday,peak_hour,date,日期,天气状况,气温,风力风向,day_wea,night_wea,day_tep,night_tep,day_wind_direction,day_wind_speed,night_wind_direction,night_wind_speed,segment
2015-04-21 18:30:00,沙冲路,7、未按规定让行的 ,负全部责任,不负责任,1,贵AU6189,白色,1,贵AHV558,白色,铁二局驾校（南明区）,贵州平安驾驶培训学校,2003/9/5 0:00,2009/4/22 0:00,飞肯牌,大众汽车牌,364551000000000000 ,364547000000000000 ,198408,197311,18,1,4,工作日,晚高峰(17-19点),2015-04-21,2015年4月21日,阴 /阵雨,17℃ / 10℃,东北风 ≤3级 /东北风 ≤3级,阴,阵雨,17,10,东北风,≤3级,东北风,≤3级,day
2015-04-21 18:04:00,黔灵山路,1、追尾的,负全部责任,不负责任,1,贵A23B91,银,1,贵4Y5172,蓝,市交校,-1,2012/6/1 0:00,-1,福特牌,-1,366278000000000000 ,366662000000000000 ,198009,197911,18,1,4,工作日,晚高峰(17-19点),2015-04-21,2015年4月21日,阴 /阵雨,17℃ / 10℃,东北风 ≤3级 /东北风 ≤3级,阴,阵雨,17,10,东北风,≤3级,东北风,≤3级,day
2015-04-21 18:00:00,望城坡,7、未按规定让行的 ,负全部责任,不负责任,1,贵JR9405,白色,1,贵A3EA89,白色,长运驾校,时法驾校,2012/10/30 0:00,2006/5/16 0:00,东风牌,东南牌,364566000000000000 ,364566000000000000 ,198809,198707,18,1,4,工作日,晚高峰(17-19点),2015-04-21,2015年4月21日,阴 /阵雨,17℃ / 10℃,东北风 ≤3级 /东北风 ≤3级,阴,阵雨,17,10,东北风,≤3级,东北风,≤3级,day
2015-04-21 19:00:00,观山东路,1、追尾的,负全部责任,不负责任,1,贵AN5969,黑,1,贵A0AW00,红,自培,人武驾校,2011/4/20 0:00,2012/6/19 0:00,大众汽车牌,广汽菲亚特牌,366068000000000000 ,364558000000000000 ,198201,197412,19,1,4,工作日,晚高峰(17-19点),2015-04-21,2015年4月21日,阴 /阵雨,17℃ / 10℃,东北风 ≤3级 /东北风 ≤3级,阴,阵雨,17,10,东北风,≤3级,东北风,≤3级,day
2015-04-21 18:43:00,金清大道,7、未按规定让行的 ,负全部责任,不负责任,1,粤ST0620,红,1,贵CFC335,黑,自培,-1,2007/8/31 0:00,-1,无,长城牌,64297500000000000 ,366061000000000000 ,197011,198004,18,1,4,工作日,晚高峰(17-19点),2015-04-21,2015年4月21日,阴 /阵雨,17℃ / 10℃,东北风 ≤3级 /东北风 ≤3级,阴,阵雨,17,10,东北风,≤3级,东北风,≤3级,day
2015-04-21 18:00:00,黔灵山路,1、追尾的,负全部责任,不负责任,1,贵A74S62,红,1,贵A0K770,白,自培,-1,2004/9/19 0:00,-1,别克牌,丰田牌,364548000000000000 ,364547000000000000 ,197101,199207,18,1,4,工作日,晚高峰(17-19点),2015-04-21,2015年4月21日,阴 /阵雨,17℃ / 10℃,东北风 ≤3级 /东北风 ≤3级,阴,阵雨,17,10,东北风,≤3级,东北风,≤3级,day
2015-04-21 14:45:00,观山东路,1、追尾的,负全部责任,不负责任,1,贵A5TV61,白,0,贵AJV424,银,铜仁地区锦宏咨询服务有限公司驾驶培训学校,自培,2012/6/15 0:00,2006/4/11 0:00,-1,吉利牌,364566000000000000 ,356668000000000000 ,197708,196904,14,1,4,工作日,非高峰,2015-04-21,2015年4月21日,阴 /阵雨,17℃ / 10℃,东北风 ≤3级 /东北风 ≤3级,阴,阵雨,17,10,东北风,≤3级,东北风,≤3级,day
2015-04-21 17:00:00,世纪城,7、未按规定让行的 ,负全部责任,不负责任,1,贵ASY844,黑,1,贵F7449,银,毕节地区宏强汽车(摩托车)驾驶培训学校,自培,2012/9/25 0:00,2008/2/3 0:00,宝马牌,福田牌,366064000000000000 ,784041000000000000 ,198706,198010,17,1,4,工作日,晚高峰(17-19点),2015-04-21,2015年4月21日,阴 /阵雨,17℃ / 10℃,东北风 ≤3级 /东北风 ≤3级,阴,阵雨,17,10,东北风,≤3级,东北风,≤3级,day
2015-04-21 15:30:00,北二环,7、未按规定让行的 ,负全部责任,不负责任,1,贵A876G5,白,1,贵A72R67,黑,自培,自培,2012/9/29 0:00,2000/4/3 0:00,解放牌,华泰宝利格牌,72666851884547427X,364557000000000000 ,197701,196204,15,1,4,工作日,非高峰,2015-04-21,2015年4月21日,阴 /阵雨,17℃ / 10℃,东北风 ≤3级 /东北风 ≤3级,阴,阵雨,17,10,东北风,≤3级,东北风,≤3级,day
2015-04-21 14:40:00,蟠桃宫,7、未按规定让行的 ,负全部责任,不负责任,1,贵BT4146,黑,1,贵AEV764,白,自培,自培,2003/12/3 0:00,2004/6/10 0:00,宝马牌,宝马牌,254748000000000000 ,364646000000000000 ,198308,197307,14,1,4,工作日,非高峰,2015-04-21,2015年4月21日,阴 /阵雨,17℃ / 10℃,东北风 ≤3级 /东北风 ≤3级,阴,阵雨,17,10,东北风,≤3级,东北风,≤3级,day
2015-04-21 15:30:00,上麦,1、追尾的,负全部责任,不负责任,1,贵ARN511,黑,1,贵A4373N,白,自培,自培,2002/10/8 0:00,2002/8/13 0:00,梅赛德斯-奔驰牌,桑塔纳,364557000000000000 ,364557000000000000 ,196903,197411,15,1,4,工作日,非高峰,2015-04-21,2015年4月21日,阴 /阵雨,17℃ / 10℃,东北风 ≤3级 /东北风 ≤3级,阴,阵雨,17,10,东北风,≤3级,东北风,≤3级,day
2015-04-22 07:30:00,小河,8、依法应负全责的其他情形,负全部责任,不负责任,1,贵GD2584,白色,1,贵JCW421,白色,-1,消防驾校,-1,2014/7/17 0:00,长安牌,隆鑫牌,366363000000000000 ,64242500000000000 ,196711,199010,7,2,4,工作日,早高峰(7-9点),2015-04-22,2015年4月22日,小雨 /小雨,15℃ / 10℃,东北风 ≤3级 /东北风 ≤3级,小雨,小雨,15,10,东北风,≤3级,东北风,≤3级,day
2015-04-22 07:00:00,青年路,3、倒车的,负全部责任,不负责任,1,贵A4AC47,白色,1,贵A84K35,白色,（南明区）阳光驾驶培训有限公司,铁二局驾校,2005/5/9 0:00,2013/8/20 0:00,雪佛兰牌,大众汽车牌,364547000000000000 ,364547000000000000 ,197707,198210,7,2,4,工作日,早高峰(7-9点),2015-04-22,2015年4月22日,小雨 /小雨,15℃ / 10℃,东北风 ≤3级 /东北风 ≤3级,小雨,小雨,15,10,东北风,≤3级,东北风,≤3级,day
2015-04-22 08:00:00,金龙国际,1、追尾的,负全部责任,不负责任,1,贵AYG529,白,1,贵A75W98,黄,（南明区）吉源驾驶培训有限公司,自培,2005/12/8 0:00,2012/11/21 0:00,起亚牌,奥迪,364558000000000000 ,364547000000000000 ,198112,199010,8,2,4,工作日,早高峰(7-9点),2015-04-22,2015年4月22日,小雨 /小雨,15℃ / 10℃,东北风 ≤3级 /东北风 ≤3级,小雨,小雨,15,10,东北风,≤3级,东北风,≤3级,day
2015-04-22 07:30:00,北京东路,7、未按规定让行的 ,负全部责任,不负责任,1,贵AE2009,蓝,1,贵AU9686,蓝,-1,黔东南州职院驾校,-1,2008/6/24 0:00,山城牌,重骑牌,724061000000000000 ,366261000000000000 ,197308,198511,7,2,4,工作日,早高峰(7-9点),2015-04-22,2015年4月22日,小雨 /小雨,15℃ / 10℃,东北风 ≤3级 /东北风 ≤3级,小雨,小雨,15,10,东北风,≤3级,东北风,≤3级,day
2015-04-21 22:35:00,新华路,1、追尾的,负全部责任,不负责任,1,贵ANA725,黄,1,贵AU5192,绿,黔东南州凯利汽车驾驶培训学校,预约考试窗口,-1,2006/12/15 0:00,别克牌,山洋牌,230564000000000000 ,364547000000000000 ,197807,196909,22,1,4,工作日,非高峰,2015-04-21,2015年4月21日,阴 /阵雨,17℃ / 10℃,东北风 ≤3级 /东北风 ≤3级,阴,阵雨,17,10,东北风,≤3级,东北风,≤3级,night
2015-04-22 07:40:00,富源路,1、追尾的,负全部责任,不负责任,0,贵AAJ257,银,1,贵A55W44,银,-1,铁二局驾校,-1,2007/4/17 0:00,骐达牌,五十铃牌,364544000000 ,366061000000000000 ,970099,198411,7,2,4,工作日,早高峰(7-9点),2015-04-22,2015年4月22日,小雨 /小雨,15℃ / 10℃,东北风 ≤3级 /东北风 ≤3级,小雨,小雨,15,10,东北风,≤3级,东北风,≤3级,day
2015-04-22 07:00:00,白云区,8、依法应负全责的其他情形,负全部责任,不负责任,1,贵AT2466,黄,1,贵A1330P,银,赤水市机动车驾驶员培训学校,诚信驾驶培训学校,-1,2012/2/17 0:00,嘉陵牌,长安牌,366577000000000000 ,364567000000000000 ,198403,198810,7,2,4,工作日,早高峰(7-9点),2015-04-22,2015年4月22日,小雨 /小雨,15℃ / 10℃,东北风 ≤3级 /东北风 ≤3级,小雨,小雨,15,10,东北风,≤3级,东北风,≤3级,day
2015-04-22 03:00:00,沙冲路口,3、倒车的,负全部责任,不负责任,1,贵A672G9,白色,1,贵ASN226,白色,鑫鑫驾校,520108,2011/6/23 0:00,2010/12/9 0:00,解放牌,北京现代牌,366067000000000000 ,36636251834368505X,197206,197505,3,2,4,工作日,非高峰,2015-04-22,2015年4月22日,小雨 /小雨,15℃ / 10℃,东北风 ≤3级 /东北风 ≤3级,小雨,小雨,15,10,东北风,≤3级,东北风,≤3级,night
2015-04-22 08:45:00,杨家山,1、追尾的,负全部责任,不负责任,1,贵AC715J,白色,1,贵A4325M,白色,-1,顺一驾驶培训学校,-1,2012/5/28 0:00,长安牌,长安牌,364563000000000000 ,364556000000000000 ,197803,199012,8,2,4,工作日,早高峰(7-9点),2015-04-22,2015年4月22日,小雨 /小雨,15℃ / 10℃,东北风 ≤3级 /东北风 ≤3级,小雨,小雨,15,10,东北风,≤3级,东北风,≤3级,day
2015-04-22 09:00:00,林城东路,7、未按规定让行的 ,负全部责任,不负责任,1,贵A11Z65,蓝,1,贵AU7216,蓝,-1,自培,-1,1993/11/10 0:00,奥迪牌,宝来牌,366064000000000000 ,364557000000000000 ,197210,197505,9,2,4,工作日,早高峰(7-9点),2015-04-22,2015年4月22日,小雨 /小雨,15℃ / 10℃,东北风 ≤3级 /东北风 ≤3级,小雨,小雨,15,10,东北风,≤3级,东北风,≤3级,day
2015-04-22 09:00:00,四方河,7、未按规定让行的 ,负全部责任,不负责任,1,贵FN8051,白色,1,贵AEH474,白色,-1,自培,-1,2011/9/6 0:00,金旅牌,福特牌,366046000000000000 ,364547000000000000 ,199007,198504,9,2,4,工作日,早高峰(7-9点),2015-04-22,2015年4月22日,小雨 /小雨,15℃ / 10℃,东北风 ≤3级 /东北风 ≤3级,小雨,小雨,15,10,东北风,≤3级,东北风,≤3级,day
2015-04-22 09:29:00,五里冲,8、依法应负全责的其他情形,负全部责任,不负责任,1,贵A21345,红,1,贵A89A76,红,-1,520133,-1,2008/12/22 0:00,豪泺牌,北京现代牌,355461000000000000 ,364557000000000000 ,197701,198205,9,2,4,工作日,早高峰(7-9点),2015-04-22,2015年4月22日,小雨 /小雨,15℃ / 10℃,东北风 ≤3级 /东北风 ≤3级,小雨,小雨,15,10,东北风,≤3级,东北风,≤3级,day
2015-04-22 06:30:00,西二环,7、未按规定让行的 ,负全部责任,不负责任,1,贵AEA43,黑,1,贵A1B33警,白,自培,自培,2001/4/23 0:00,2014/1/21 0:00,-1,-1,354667000000000000 ,36656051994843248X,196601,198807,6,2,4,工作日,非高峰,2015-04-22,2015年4月22日,小雨 /小雨,15℃ / 10℃,东北风 ≤3级 /东北风 ≤3级,小雨,小雨,15,10,东北风,≤3级,东北风,≤3级,day
2015-04-22 08:30:00,北京路,7、未按规定让行的 ,负全部责任,不负责任,1,贵AKA287,银,1,贵AU5841,白,-1,十一培,-1,1996/6/20 0:00,宝来牌,劲锋牌,3645470000000000 ,366368000000000000 ,561206,196810,8,2,4,工作日,早高峰(7-9点),2015-04-22,2015年4月22日,小雨 /小雨,15℃ / 10℃,东北风 ≤3级 /东北风 ≤3级,小雨,小雨,15,10,东北风,≤3级,东北风,≤3级,day
2015-04-22 07:55:00,云峰大道,1、追尾的,负全部责任,不负责任,1,贵A7220M,银,1,贵AJ3825,红,吉源驾校（南明区）,自培,2001/8/28 0:00,2003/7/11 0:00,中华牌,东风标致,36455651824542635X,364558000000000000 ,197601,197507,7,2,4,工作日,早高峰(7-9点),2015-04-22,2015年4月22日,小雨 /小雨,15℃ / 10℃,东北风 ≤3级 /东北风 ≤3级,小雨,小雨,15,10,东北风,≤3级,东北风,≤3级,day
2015-04-22 08:11:00,实验二小,7、未按规定让行的 ,负全部责任,不负责任,0,贵A3AM13,白,1,贵A7BV65,白,-1,自培,-1,2003/6/24 0:00,起亚牌,宝马牌,364557000000000000 ,364548000000000000 ,198309,196904,8,2,4,工作日,早高峰(7-9点),2015-04-22,2015年4月22日,小雨 /小雨,15℃ / 10℃,东北风 ≤3级 /东北风 ≤3级,小雨,小雨,15,10,东北风,≤3级,东北风,≤3级,day
2015-04-22 08:30:00,花溪清溪水路,3、倒车的,负全部责任,不负责任,1,贵A29G91,白色,1,贵A2024J,白色,贵大驾校,-1,2012/11/13 0:00,-1,东风标致牌,谛艾仕牌,366767000000000000 ,35434751914761033X,198608,198903,8,2,4,工作日,早高峰(7-9点),2015-04-22,2015年4月22日,小雨 /小雨,15℃ / 10℃,东北风 ≤3级 /东北风 ≤3级,小雨,小雨,15,10,东北风,≤3级,东北风,≤3级,day
2015-04-22 08:00:00,普天,3、倒车的,负全部责任,不负责任,1,贵A7371Y,银,1,贵A12A82,蓝,毕节地区宏强汽车(摩托车)驾驶培训学校,（南明区）铁二局驾驶培训有限公司,-1,2012/2/17 0:00,科雷傲,福特牌,366064000000000000 ,366562000000000000 ,198508,198608,8,2,4,工作日,早高峰(7-9点),2015-04-22,2015年4月22日,小雨 /小雨,15℃ / 10℃,东北风 ≤3级 /东北风 ≤3级,小雨,小雨,15,10,东北风,≤3级,东北风,≤3级,day
2015-04-22 08:40:00,春雷路,7、未按规定让行的 ,负全部责任,不负责任,1,贵AEE777,银,1,贵A39L34,红,（云岩区）时发驾驶培训有限公司,十一驾驶培训有限公司,2007/9/27 0:00,2014/12/30 0:00,丰田牌,传祺牌,366046000000000000 ,366566000000000000 ,197507,198711,8,2,4,工作日,早高峰(7-9点),2015-04-22,2015年4月22日,小雨 /小雨,15℃ / 10℃,东北风 ≤3级 /东北风 ≤3级,小雨,小雨,15,10,东北风,≤3级,东北风,≤3级,day
2015-04-22 09:40:00,新城西路,9、不符合前8款规定或者双方同时具有上述情形的,负同等责任,负同等责任,1,贵AJH961,黄,1,贵AU7605,绿,（观山湖区）诚信驾驶培训有限公司,（观山湖区）诚信驾驶培训有限公司,2006/8/31 0:00,2008/1/8 0:00,奥迪牌,豪爵牌,366267000000000000 ,366263000000000000 ,198001,197710,9,2,4,工作日,早高峰(7-9点),2015-04-22,2015年4月22日,小雨 /小雨,15℃ / 10℃,东北风 ≤3级 /东北风 ≤3级,小雨,小雨,15,10,东北风,≤3级,东北风,≤3级,day
2015-04-22 08:00:00,贵州饭店,3、倒车的,负全部责任,不负责任,1,贵AB171,黑,1,贵EV2891,红,（南明区）贵工大驾驶培训有限公司,-1,2004/12/20 0:00,-1,-1,长城牌,55454851825550423X,704996000000000000 ,197611,198306,8,2,4,工作日,早高峰(7-9点),2015-04-22,2015年4月22日,小雨 /小雨,15℃ / 10℃,东北风 ≤3级 /东北风 ≤3级,小雨,小雨,15,10,东北风,≤3级,东北风,≤3级,day
2015-04-22 10:08:00,新世界,1、追尾的,负全部责任,不负责任,1,贵A9BL18,蓝,1,贵A9650S,白,-1,天行健驾校,-1,2014/7/31 0:00,传祺牌,长城牌,364558000000000000 ,364557000000000000 ,199112,198204,10,2,4,工作日,非高峰,2015-04-22,2015年4月22日,小雨 /小雨,15℃ / 10℃,东北风 ≤3级 /东北风 ≤3级,小雨,小雨,15,10,东北风,≤3级,东北风,≤3级,day
2015-04-22 09:28:00,汤家坡,7、未按规定让行的 ,负全部责任,不负责任,1,贵F5929,白色,1,贵AU244G,白色,-1,贵工驾校,-1,2014/8/7 0:00,尼桑牌,-1,366064000000000000 ,366064000000000000 ,196707,196710,9,2,4,工作日,早高峰(7-9点),2015-04-22,2015年4月22日,小雨 /小雨,15℃ / 10℃,东北风 ≤3级 /东北风 ≤3级,小雨,小雨,15,10,东北风,≤3级,东北风,≤3级,day
2015-04-22 11:00:00,甲秀南路,1、追尾的,负全部责任,不负责任,1,贵A474J3,白色,1,贵AA973M,白色,-1,新华驾校,-1,2014/12/17 0:00,长城牌,长安牌,76366500000000000 ,364568000000000000 ,197601,198910,11,2,4,工作日,非高峰,2015-04-22,2015年4月22日,小雨 /小雨,15℃ / 10℃,东北风 ≤3级 /东北风 ≤3级,小雨,小雨,15,10,东北风,≤3级,东北风,≤3级,day
2015-04-22 10:30:00,花果园,1、追尾的,负全部责任,不负责任,1,贵AU9787,白色,1,贵A0972L,白色,全林驾校,铁二局驾校,2011/3/18 0:00,2014/9/9 0:00,瑞麒牌,吉利,366046000000000000 ,366064000000000000 ,197711,197812,10,2,4,工作日,非高峰,2015-04-22,2015年4月22日,小雨 /小雨,15℃ / 10℃,东北风 ≤3级 /东北风 ≤3级,小雨,小雨,15,10,东北风,≤3级,东北风,≤3级,day
2015-04-22 10:05:00,花溪,1、追尾的,负全部责任,不负责任,1,贵A6260G,白,1,贵GR9599,白,（南明区）现代驾驶培训有限公司,全林驾校,2009/1/14 0:00,2013/10/30 0:00,江淮牌,豪爵牌,356164000000000000 ,366068000000000000 ,198004,198012,10,2,4,工作日,非高峰,2015-04-22,2015年4月22日,小雨 /小雨,15℃ / 10℃,东北风 ≤3级 /东北风 ≤3级,小雨,小雨,15,10,东北风,≤3级,东北风,≤3级,day
2015-04-22 10:40:00,中山中路,7、未按规定让行的 ,负全部责任,不负责任,0,贵ARV698,红,0,贵AU4095,黄,铁二局驾校,黔西县宏远黔职驾校有限公司,2009/11/12 0:00,2003/10/23 0:00,奇瑞牌,捷达牌,354166000000000000 ,364547000000000000 ,198809,197210,10,2,4,工作日,非高峰,2015-04-22,2015年4月22日,小雨 /小雨,15℃ / 10℃,东北风 ≤3级 /东北风 ≤3级,小雨,小雨,15,10,东北风,≤3级,东北风,≤3级,day
2015-04-22 10:25:00,花果园,7、未按规定让行的 ,负全部责任,不负责任,1,贵A45G36,白色,1,贵CNF239,白色,贵大驾校,贵州省黔南交通驾驶学校,2012/11/27 0:00,2014/11/14 0:00,东风标致牌,北京牌,364548000000000000 ,366570000000000000 ,198506,198904,10,2,4,工作日,非高峰,2015-04-22,2015年4月22日,小雨 /小雨,15℃ / 10℃,东北风 ≤3级 /东北风 ≤3级,小雨,小雨,15,10,东北风,≤3级,东北风,≤3级,day
2015-04-22 08:00:00,远大,1、追尾的,负全部责任,不负责任,1,贵AET995,白,1,贵JBT477,白,自培,安迅驾驶员培训学校,2004/10/28 0:00,2007/9/14 0:00,福克斯牌,东风标致牌,364548000000000000 ,366576000000000000 ,198302,197909,8,2,4,工作日,早高峰(7-9点),2015-04-22,2015年4月22日,小雨 /小雨,15℃ / 10℃,东北风 ≤3级 /东北风 ≤3级,小雨,小雨,15,10,东北风,≤3级,东北风,≤3级,day
2015-04-22 08:00:00,八匹马,7、未按规定让行的 ,负全部责任,不负责任,1,贵GV2815,白,0,贵A45S97,白,自培,盘县宏源驾驶培训学校,2004/11/12 0:00,-1,翼虎牌,起亚牌,366368000000000000 ,374562000000000000 ,197511,198909,8,2,4,工作日,早高峰(7-9点),2015-04-22,2015年4月22日,小雨 /小雨,15℃ / 10℃,东北风 ≤3级 /东北风 ≤3级,小雨,小雨,15,10,东北风,≤3级,东北风,≤3级,day
2015-04-22 09:00:00,北京西路,1、追尾的,负全部责任,不负责任,1,贵A4VF43,银,1,贵AU5579,蓝,自培,十一培,2000/6/29 0:00,1999/4/26 0:00,-1,蜀都牌,364548000000000000 ,366061000000000000 ,197304,197110,9,2,4,工作日,早高峰(7-9点),2015-04-22,2015年4月22日,小雨 /小雨,15℃ / 10℃,东北风 ≤3级 /东北风 ≤3级,小雨,小雨,15,10,东北风,≤3级,东北风,≤3级,day
2015-04-22 08:50:00,黔林公园,1、追尾的,负全部责任,不负责任,1,贵A8177N,白,1,贵A44832,黑,自培,十一培,2009/12/14 0:00,1996/7/25 0:00,途威,艾力绅牌,364596000000000000 ,364548000000000000 ,198905,197706,8,2,4,工作日,早高峰(7-9点),2015-04-22,2015年4月22日,小雨 /小雨,15℃ / 10℃,东北风 ≤3级 /东北风 ≤3级,小雨,小雨,15,10,东北风,≤3级,东北风,≤3级,day
2015-04-22 08:30:00,贵惠大道,1、追尾的,负全部责任,不负责任,1,贵JM0565,白色,1,贵AJZ416,白色,自培,十一培,2003/3/19 0:00,1997/9/3 0:00,长安牌,吉利美日牌,354766000000000000 ,364548000000000000 ,197311,197808,8,2,4,工作日,早高峰(7-9点),2015-04-22,2015年4月22日,小雨 /小雨,15℃ / 10℃,东北风 ≤3级 /东北风 ≤3级,小雨,小雨,15,10,东北风,≤3级,东北风,≤3级,day
2015-04-22 08:30:00,白云区,7、未按规定让行的 ,负全部责任,不负责任,1,贵A3218Y,银,1,贵AA1276,黄,吉源驾校,自培,2005/10/18 0:00,2001/8/13 0:00,长安牌,新凯,364558000000000000 ,366067000000000000 ,196807,197504,8,2,4,工作日,早高峰(7-9点),2015-04-22,2015年4月22日,小雨 /小雨,15℃ / 10℃,东北风 ≤3级 /东北风 ≤3级,小雨,小雨,15,10,东北风,≤3级,东北风,≤3级,day
2015-04-22 09:30:00,中华北路,7、未按规定让行的 ,负全部责任,不负责任,1,贵A19948,红,1,贵AU8743,蓝,-1,自培,-1,2003/10/14 0:00,飞肯牌,纵情牌,364547000000000 ,364547000000000000 ,730530,197407,9,2,4,工作日,早高峰(7-9点),2015-04-22,2015年4月22日,小雨 /小雨,15℃ / 10℃,东北风 ≤3级 /东北风 ≤3级,小雨,小雨,15,10,东北风,≤3级,东北风,≤3级,day
2015-04-22 10:05:00,大关,1、追尾的,负全部责任,不负责任,1,渝AWV088,绿,1,贵AU4999,绿,-1,自培,-1,2001/8/21 0:00,福克斯牌,豪爵牌,354166000000000000 ,364547000000000000 ,198903,198102,10,2,4,工作日,非高峰,2015-04-22,2015年4月22日,小雨 /小雨,15℃ / 10℃,东北风 ≤3级 /东北风 ≤3级,小雨,小雨,15,10,东北风,≤3级,东北风,≤3级,day
2015-04-22 10:20:00,黔林山路,1、追尾的,负全部责任,不负责任,1,贵A72N55,黑,0,贵AH5396,黄,青正驾校,自培,2012/4/26 0:00,2005/1/31 0:00,东风标致牌,歌诗图牌,364547000000000000 ,364548000000000000 ,197102,197112,10,2,4,工作日,非高峰,2015-04-22,2015年4月22日,小雨 /小雨,15℃ / 10℃,东北风 ≤3级 /东北风 ≤3级,小雨,小雨,15,10,东北风,≤3级,东北风,≤3级,day
2015-04-22 10:00:00,桐荫坤,7、未按规定让行的 ,负全部责任,不负责任,1,贵A97536,白色,1,贵A34N14,白色,自培,自培,1995/10/17 0:00,2004/12/22 0:00,徐工牌,宝马牌,366367000000000000 ,366361000000000000 ,197302,198010,10,2,4,工作日,非高峰,2015-04-22,2015年4月22日,小雨 /小雨,15℃ / 10℃,东北风 ≤3级 /东北风 ≤3级,小雨,小雨,15,10,东北风,≤3级,东北风,≤3级,day
2015-04-22 08:00:00,湘雅村,7、未按规定让行的 ,负全部责任,不负责任,1,贵GAA923,白色,1,贵ADN713,白色,自培,自培,2011/7/8 0:00,2006/4/25 0:00,别克牌,五菱牌,364546000000 ,354767000000000000 ,87375,198611,8,2,4,工作日,早高峰(7-9点),2015-04-22,2015年4月22日,小雨 /小雨,15℃ / 10℃,东北风 ≤3级 /东北风 ≤3级,小雨,小雨,15,10,东北风,≤3级,东北风,≤3级,day
2015-04-22 10:10:00,杨家山隧道,1、追尾的,负全部责任,不负责任,1,赣L67229,银,1,贵A64F95,黑,-1,遵义祥顺驾校,-1,-1,长安牌,海马牌,726762000000000000 ,366575000000000000 ,198209,198103,10,2,4,工作日,非高峰,2015-04-22,2015年4月22日,小雨 /小雨,15℃ / 10℃,东北风 ≤3级 /东北风 ≤3级,小雨,小雨,15,10,东北风,≤3级,东北风,≤3级,day
2015-04-22 10:10:00,延安东路,7、未按规定让行的 ,负全部责任,不负责任,1,贵A79H86,红,0,贵AU7496,银,金大驾校,（观山湖区）蓝天驾驶培训有限公司,2014/7/15 0:00,2002/9/10 0:00,丰田牌,万达牌,354654000000000000 ,366347000000000000 ,196910,197012,10,2,4,工作日,非高峰,2015-04-22,2015年4月22日,小雨 /小雨,15℃ / 10℃,东北风 ≤3级 /东北风 ≤3级,小雨,小雨,15,10,东北风,≤3级,东北风,≤3级,day
2015-04-22 11:40:00,干平路,7、未按规定让行的 ,负全部责任,不负责任,1,贵A89013,白色,1,贵AC766A,白色,-1,-1,-1,-1,福田牌,吉利牌,366368000000000000 ,366265000000000000 ,196404,196704,11,2,4,工作日,非高峰,2015-04-22,2015年4月22日,小雨 /小雨,15℃ / 10℃,东北风 ≤3级 /东北风 ≤3级,小雨,小雨,15,10,东北风,≤3级,东北风,≤3级,day
2015-04-22 11:30:00,花溪大道中段,1、追尾的,负全部责任,不负责任,1,贵A8496W,白色,1,贵AU6792,白色,-1,预约考试窗口,-1,2007/8/1 0:00,长安牌,捷达牌,74260500000000000 ,366367000000000000 ,198712,197303,11,2,4,工作日,非高峰,2015-04-22,2015年4月22日,小雨 /小雨,15℃ / 10℃,东北风 ≤3级 /东北风 ≤3级,小雨,小雨,15,10,东北风,≤3级,东北风,≤3级,day
2015-04-22 14:50:00,观山东路,7、未按规定让行的 ,负全部责任,不负责任,1,浙K5614G,黑,1,贵A6710C,白,-1,蓝天驾校,-1,2012/9/7 0:00,大众汽车牌,长安牌,64290500000000000 ,366361000000000000 ,198712,198412,14,2,4,工作日,非高峰,2015-04-22,2015年4月22日,小雨 /小雨,15℃ / 10℃,东北风 ≤3级 /东北风 ≤3级,小雨,小雨,15,10,东北风,≤3级,东北风,≤3级,day
2015-04-22 13:40:00,日报社,7、未按规定让行的 ,负全部责任,不负责任,1,渝C46427,银,0,贵AZW165,白,-1,人武驾校,-1,2012/5/16 0:00,长安 ,中华牌,354662000000000000 ,364547000000000000 ,196806,196209,13,2,4,工作日,非高峰,2015-04-22,2015年4月22日,小雨 /小雨,15℃ / 10℃,东北风 ≤3级 /东北风 ≤3级,小雨,小雨,15,10,东北风,≤3级,东北风,≤3级,day
2015-04-22 11:30:00,西二环,7、未按规定让行的 ,负全部责任,不负责任,1,贵A4279B,白色,1,贵A91W97,白色,毕节地区宏强汽车(摩托车)驾驶培训学校,-1,2011/12/16 0:00,-1,长安牌,思域牌,366064000000000000 ,36454800000000000 ,196406,198209,11,2,4,工作日,非高峰,2015-04-22,2015年4月22日,小雨 /小雨,15℃ / 10℃,东北风 ≤3级 /东北风 ≤3级,小雨,小雨,15,10,东北风,≤3级,东北风,≤3级,day
2015-04-22 14:55:00,花鸟市场,3、倒车的,负全部责任,不负责任,1,贵A79N36,白色,1,贵A36L61,白色,（乌当区）新天驾驶培训有限公司,-1,2008/10/30 0:00,-1,丰田牌,奇瑞牌,36346500000000000 ,366370000000000000 ,198412,198402,14,2,4,工作日,非高峰,2015-04-22,2015年4月22日,小雨 /小雨,15℃ / 10℃,东北风 ≤3级 /东北风 ≤3级,小雨,小雨,15,10,东北风,≤3级,东北风,≤3级,day
2015-04-22 15:30:00,花果园,3、倒车的,负全部责任,不负责任,1,贵A117E2,银,1,贵A43K54,黑,铁二局驾校,-1,2007/5/18 0:00,-1,五菱牌,起亚牌,366369000000000000 ,366868000000000000 ,197106,197410,15,2,4,工作日,非高峰,2015-04-22,2015年4月22日,小雨 /小雨,15℃ / 10℃,东北风 ≤3级 /东北风 ≤3级,小雨,小雨,15,10,东北风,≤3级,东北风,≤3级,day