accidenttime,accidentaddr,driver1fault,driver1responsibility,driver2responsibility,sex1,platenumber1,carcolor1,sex2,platenumber2,carcolor2,jxmc1,jxmc2,cclzrq1,cclzrq2,clpp1,clpp2,driver1license,driver2license,brith1,brith2,hour,weekday,month,is_weekday,peak_hour,date,日期,天气状况,气温,风力风向,day_wea,night_wea,day_tep,night_tep,day_wind_direction,day_wind_speed,night_wind_direction,night_wind_speed,segment
2015-04-22 11:50:00,天逸城,8、依法应负全责的其他情形,负全部责任,不负责任,1,贵A9D265,银,1,贵CDY319,银,十一驾校（经开区）,-1,2015/3/25 0:00,-1,五菱牌,长安牌,65467500000000000 ,354368000000000000 ,197412,198008,11,2,4,工作日,非高峰,2015-04-22,2015年4月22日,小雨 /小雨,15℃ / 10℃,东北风 ≤3级 /东北风 ≤3级,小雨,小雨,15,10,东北风,≤3级,东北风,≤3级,day
2015-04-22 10:30:00,中华北路,1、追尾的,负全部责任,不负责任,1,贵AJ8298,银,1,贵AU7933,蓝,自培,-1,2012/6/13 0:00,-1,银翔牌,望江牌,786163000000000000 ,36656251924149765X,197212,198609,10,2,4,工作日,非高峰,2015-04-22,2015年4月22日,小雨 /小雨,15℃ / 10℃,东北风 ≤3级 /东北风 ≤3级,小雨,小雨,15,10,东北风,≤3级,东北风,≤3级,day
2015-04-22 10:40:00,黔林山路,1、追尾的,负全部责任,不负责任,1,贵AWA973,白,1,贵A7876M,银,自培,-1,2002/5/15 0:00,-1,东南牌,荣威牌,364548000000000000 ,74066500000000000 ,197508,197506,10,2,4,工作日,非高峰,2015-04-22,2015年4月22日,小雨 /小雨,15℃ / 10℃,东北风 ≤3级 /东北风 ≤3级,小雨,小雨,15,10,东北风,≤3级,东北风,≤3级,day
2015-04-22 09:35:00,贵黄公路旁,1、追尾的,负全部责任,不负责任,1,湘N4E215,黑,1,贵GQ9657,蓝,自培,-1,2009/5/20 0:00,-1,无,大众牌,366263000000000000 ,364647000000000000 ,197712,198205,9,2,4,工作日,早高峰(7-9点),2015-04-22,2015年4月22日,小雨 /小雨,15℃ / 10℃,东北风 ≤3级 /东北风 ≤3级,小雨,小雨,15,10,东北风,≤3级,东北风,≤3级,day
2015-04-22 10:30:00,小河转盘,3、倒车的,负全部责任,不负责任,1,贵A78P13,白色,1,贵A13Z56,白色,自培,预约考试窗口,2001/2/12 0:00,2006/8/31 0:00,丰田(TOYOTA)牌,宝马牌,366577000000000000 ,366567000000000000 ,197404,198202,10,2,4,工作日,非高峰,2015-04-22,2015年4月22日,小雨 /小雨,15℃ / 10℃,东北风 ≤3级 /东北风 ≤3级,小雨,小雨,15,10,东北风,≤3级,东北风,≤3级,day
2015-04-22 14:00:00,红岩路,3、倒车的,负全部责任,不负责任,1,贵AU6503,白色,1,贵AHC682,黑色,自培,顺一驾驶培训学校,2009/11/24 0:00,2012/6/28 0:00,捷达牌,大众汽车牌,366064000000000000 ,366046000000000000 ,198308,197802,14,2,4,工作日,非高峰,2015-04-22,2015年4月22日,小雨 /小雨,15℃ / 10℃,东北风 ≤3级 /东北风 ≤3级,小雨,小雨,15,10,东北风,≤3级,东北风,≤3级,day
2015-04-22 15:29:00,头桥,7、未按规定让行的 ,负全部责任,不负责任,1,贵AU6926,白,1,贵A82Z34,银,自培,十一培,2001/1/15 0:00,1999/12/10 0:00,恒通客车牌,五菱牌,364547000000000000 ,364558000000000000 ,198212,197810,15,2,4,工作日,非高峰,2015-04-22,2015年4月22日,小雨 /小雨,15℃ / 10℃,东北风 ≤3级 /东北风 ≤3级,小雨,小雨,15,10,东北风,≤3级,东北风,≤3级,day
2015-04-22 10:00:00,北京西路,7、未按规定让行的 ,负全部责任,不负责任,1,贵AV8497,蓝,1,贵A93A14,蓝,桐梓县毅昕机动车驾驶培训学校,自培,2010/7/6 0:00,2007/5/31 0:00,X6,江铃牌,366567000000000000 ,366864000000000000 ,197206,198812,10,2,4,工作日,非高峰,2015-04-22,2015年4月22日,小雨 /小雨,15℃ / 10℃,东北风 ≤3级 /东北风 ≤3级,小雨,小雨,15,10,东北风,≤3级,东北风,≤3级,day
2015-04-22 12:30:00,三桥,1、追尾的,负全部责任,不负责任,1,贵A56P93,白,1,贵F60579,白,铁二局驾校,自培,2013/3/26 0:00,2004/11/10 0:00,金杯牌,五菱牌,354167000000000000 ,36636051945559095X,199405,198011,12,2,4,工作日,非高峰,2015-04-22,2015年4月22日,小雨 /小雨,15℃ / 10℃,东北风 ≤3级 /东北风 ≤3级,小雨,小雨,15,10,东北风,≤3级,东北风,≤3级,day
2015-04-22 11:00:00,小河,4、停车时未挂低速档、未拉驻车制动，导致车辆滑行的,负全部责任,不负责任,1,贵JDY657,白色,1,贵ALQ569,白色,（观山湖区）蓝天驾驶培训有限公司,自培,2009/7/16 0:00,2002/12/22 0:00,吉利全球鹰牌,长安牌,364547000000000000 ,364547000000000000 ,196501,197911,11,2,4,工作日,非高峰,2015-04-22,2015年4月22日,小雨 /小雨,15℃ / 10℃,东北风 ≤3级 /东北风 ≤3级,小雨,小雨,15,10,东北风,≤3级,东北风,≤3级,day
2015-04-22 13:59:00,黔林西路,8、依法应负全责的其他情形,负全部责任,不负责任,1,贵AU0273,蓝,1,贵ALN624,银,顺一驾驶培训学校,自培,2008/11/6 0:00,2004/10/13 0:00,凯尔牌,捷达牌,364568000000000000 ,364548000000000000 ,198702,197408,13,2,4,工作日,非高峰,2015-04-22,2015年4月22日,小雨 /小雨,15℃ / 10℃,东北风 ≤3级 /东北风 ≤3级,小雨,小雨,15,10,东北风,≤3级,东北风,≤3级,day
2015-04-22 10:00:00,东山,7、未按规定让行的 ,负全部责任,不负责任,1,贵ATP708,白色,1,贵A6A214,白色,自培,自培,2007/2/13 0:00,2003/7/22 0:00,江淮牌,-1,366068000000000000 ,61442500000000000 ,197509,198310,10,2,4,工作日,非高峰,2015-04-22,2015年4月22日,小雨 /小雨,15℃ / 10℃,东北风 ≤3级 /东北风 ≤3级,小雨,小雨,15,10,东北风,≤3级,东北风,≤3级,day
2015-04-22 16:30:00,花果园,7、未按规定让行的 ,负全部责任,不负责任,1,贵A71X92,白色,1,贵AU5866,白色,-1,520136,-1,2008/12/26 0:00,奥迪,大运牌,3645470000000000 ,364646000000000000 ,700228,198612,16,2,4,工作日,非高峰,2015-04-22,2015年4月22日,小雨 /小雨,15℃ / 10℃,东北风 ≤3级 /东北风 ≤3级,小雨,小雨,15,10,东北风,≤3级,东北风,≤3级,day
2015-04-22 16:10:00,头桥,7、未按规定让行的 ,负全部责任,不负责任,1,贵GN5651,黑,1,贵AC2102,黑,通发驾校,-1,2013/10/11 0:00,-1,北京现代牌,海马,366368000000000000 ,356166000000000000 ,198002,196310,16,2,4,工作日,非高峰,2015-04-22,2015年4月22日,小雨 /小雨,15℃ / 10℃,东北风 ≤3级 /东北风 ≤3级,小雨,小雨,15,10,东北风,≤3级,东北风,≤3级,day
2015-04-22 14:50:00,圣泉路,3、倒车的,负全部责任,不负责任,1,贵A16345,白,1,贵CFL982,黑,黔西县顺风机动车驾驶学校有限公司,贵工驾校,-1,2013/10/14 0:00,金蛙,雪佛兰牌,366347000000000000 ,36656651164143637X,198410,199209,14,2,4,工作日,非高峰,2015-04-22,2015年4月22日,小雨 /小雨,15℃ / 10℃,东北风 ≤3级 /东北风 ≤3级,小雨,小雨,15,10,东北风,≤3级,东北风,≤3级,day
2015-04-22 18:00:00,醒狮路,7、未按规定让行的 ,负全部责任,不负责任,1,贵A44X85,白色,1,贵A89A41,白色,（花溪区）金马驾驶培训有限公司,金大驾校,2008/7/8 0:00,2011/9/1 0:00,起亚牌,雪佛兰牌,366664000000000000 ,36455551865660447X,197710,197212,18,2,4,工作日,晚高峰(17-19点),2015-04-22,2015年4月22日,小雨 /小雨,15℃ / 10℃,东北风 ≤3级 /东北风 ≤3级,小雨,小雨,15,10,东北风,≤3级,东北风,≤3级,day
2015-04-22 15:27:00,花溪,1、追尾的,负全部责任,不负责任,1,贵FL2715,银,1,贵GL3525,银,自培,路路达驾校,2000/7/18 0:00,2014/7/21 0:00,长安牌,雅阁牌,36606651894966795X,366361000000000000 ,197808,197402,15,2,4,工作日,非高峰,2015-04-22,2015年4月22日,小雨 /小雨,15℃ / 10℃,东北风 ≤3级 /东北风 ≤3级,小雨,小雨,15,10,东北风,≤3级,东北风,≤3级,day
2015-04-22 15:30:00,林城,7、未按规定让行的 ,负全部责任,不负责任,1,贵AEJ421,黄,1,贵AB840X,黑,消防驾校,520116,2011/4/1 0:00,2009/12/10 0:00,长安牌,丰田牌,364558000000000000 ,364547000000000000 ,197511,197603,15,2,4,工作日,非高峰,2015-04-22,2015年4月22日,小雨 /小雨,15℃ / 10℃,东北风 ≤3级 /东北风 ≤3级,小雨,小雨,15,10,东北风,≤3级,东北风,≤3级,day
2015-04-22 16:00:00,小河平桥,7、未按规定让行的 ,负全部责任,不负责任,1,贵AH0358,白色,1,贵A4BH72,白色,路顺驾校,鑫鑫驾校,2013/8/22 0:00,2002/11/18 0:00,解放牌,众泰牌,364567000000000000 ,364551000000000000 ,198610,197804,16,2,4,工作日,非高峰,2015-04-22,2015年4月22日,小雨 /小雨,15℃ / 10℃,东北风 ≤3级 /东北风 ≤3级,小雨,小雨,15,10,东北风,≤3级,东北风,≤3级,day
2015-04-22 18:18:00,金阳,8、依法应负全责的其他情形,负全部责任,不负责任,0,贵ABZ369,黑,1,川A4K8Z2,银,520119,-1,2009/1/14 0:00,-1,大众汽车牌,大众牌 ,74946500000000000 ,354147000000000000 ,197410,198510,18,2,4,工作日,晚高峰(17-19点),2015-04-22,2015年4月22日,小雨 /小雨,15℃ / 10℃,东北风 ≤3级 /东北风 ≤3级,小雨,小雨,15,10,东北风,≤3级,东北风,≤3级,day
2015-04-22 20:40:00,三桥,3、倒车的,负全部责任,不负责任,1,贵AR7252,蓝,1,贵A53M53,黑,-1,蓝天驾校,-1,2011/7/12 0:00,江铃牌,大众牌,734597000000000000 ,364566000000000000 ,199404,198901,20,2,4,工作日,非高峰,2015-04-22,2015年4月22日,小雨 /小雨,15℃ / 10℃,东北风 ≤3级 /东北风 ≤3级,小雨,小雨,15,10,东北风,≤3级,东北风,≤3级,night
2015-04-23 07:30:00,黔林山路,7、未按规定让行的 ,负全部责任,不负责任,1,贵49P35,银,1,贵AD0092,银,毕节市奇康驾驶培训学校,吉源驾校,-1,2014/7/30 0:00,-1,双狮牌,366046000000000000 ,35546951824752947X,198709,197603,7,3,4,工作日,早高峰(7-9点),2015-04-23,2015年4月23日,阴 /小雨,16℃ / 10℃,东北风 ≤3级 /东北风 ≤3级,阴,小雨,16,10,东北风,≤3级,东北风,≤3级,day
2015-04-23 07:50:00,贵阳,3、倒车的,负全部责任,不负责任,1,贵ABZ568,白,1,贵M3388,黑,（乌当区）新天驾驶培训有限公司,-1,2005/6/7 0:00,-1,丰田牌,-1,364547000000000000 ,346547000000000000 ,195201,196909,7,3,4,工作日,早高峰(7-9点),2015-04-23,2015年4月23日,阴 /小雨,16℃ / 10℃,东北风 ≤3级 /东北风 ≤3级,阴,小雨,16,10,东北风,≤3级,东北风,≤3级,day
2015-04-22 19:35:00,解放西路,1、追尾的,负全部责任,不负责任,1,贵A6BE55,白色,1,贵AHR264,白色,诚信驾驶培训学校,自培,2011/6/28 0:00,1991/11/11 0:00,东风标致牌,长安牌,364556000000000000 ,364548000000000000 ,198903,196808,19,2,4,工作日,晚高峰(17-19点),2015-04-22,2015年4月22日,小雨 /小雨,15℃ / 10℃,东北风 ≤3级 /东北风 ≤3级,小雨,小雨,15,10,东北风,≤3级,东北风,≤3级,day
2015-04-23 08:15:00,二桥,8、依法应负全责的其他情形,负全部责任,不负责任,1,贵A7BA48,银,1,贵AW8405,红,蓝天驾校,威宁县草海汽车驾驶培训有限公司,2013/9/26 0:00,2004/10/26 0:00,长安牌,豪爵牌,366347000000000000 ,364548000000000000 ,198809,197912,8,3,4,工作日,早高峰(7-9点),2015-04-23,2015年4月23日,阴 /小雨,16℃ / 10℃,东北风 ≤3级 /东北风 ≤3级,阴,小雨,16,10,东北风,≤3级,东北风,≤3级,day
2015-04-22 17:00:00,粑粑街,7、未按规定让行的 ,负全部责任,不负责任,0,贵JN0946,银,1,贵CJ2442,黑,自培,-1,2005/7/18 0:00,-1,夏利牌,比亚迪牌,366067000000000000 ,364568000000000000 ,197010,199409,17,2,4,工作日,晚高峰(17-19点),2015-04-22,2015年4月22日,小雨 /小雨,15℃ / 10℃,东北风 ≤3级 /东北风 ≤3级,小雨,小雨,15,10,东北风,≤3级,东北风,≤3级,day
2015-04-22 20:35:00,盐务街,7、未按规定让行的 ,负全部责任,不负责任,1,贵A78R59,红,1,贵A64N67,红,自培,长运驾校,2004/9/24 0:00,2013/4/27 0:00,长安牌,飞度牌,364557000000000000 ,364547000000000000 ,196608,198101,20,2,4,工作日,非高峰,2015-04-22,2015年4月22日,小雨 /小雨,15℃ / 10℃,东北风 ≤3级 /东北风 ≤3级,小雨,小雨,15,10,东北风,≤3级,东北风,≤3级,night
2015-04-22 22:34:00,头桥,3、倒车的,负全部责任,不负责任,1,贵A2BK15,银,1,贵A17E24,银,自培,贵州现代驾驶培训责任有限公司,2006/7/4 0:00,2011/8/8 0:00,哈飞牌,海马牌,364548000000000000 ,355266000000000000 ,197111,198811,22,2,4,工作日,非高峰,2015-04-22,2015年4月22日,小雨 /小雨,15℃ / 10℃,东北风 ≤3级 /东北风 ≤3级,小雨,小雨,15,10,东北风,≤3级,东北风,≤3级,night
2015-04-23 07:20:00,盐务街,7、未按规定让行的 ,负全部责任,不负责任,1,贵AU7456,绿,1,贵AA3424,白,自培,-1,2007/3/14 0:00,-1,新阳光牌,雷克萨斯,356167000000000000 ,364547000000000 ,196911,580320,7,3,4,工作日,早高峰(7-9点),2015-04-23,2015年4月23日,阴 /小雨,16℃ / 10℃,东北风 ≤3级 /东北风 ≤3级,阴,小雨,16,10,东北风,≤3级,东北风,≤3级,day
2015-04-22 22:00:00,三桥,3、倒车的,负全部责任,不负责任,1,贵AJL547,白,1,渝A87799,银,自培,-1,2006/1/10 0:00,-1,解放牌,猎豹牌,366367000000000000 ,03666251295446217X,197112,196810,22,2,4,工作日,非高峰,2015-04-22,2015年4月22日,小雨 /小雨,15℃ / 10℃,东北风 ≤3级 /东北风 ≤3级,小雨,小雨,15,10,东北风,≤3级,东北风,≤3级,night
2015-04-22 17:00:00,贵惠路,8、依法应负全责的其他情形,负全部责任,不负责任,1,贵A6763U,白色,1,贵AU1009,白色,遵义市航天汽车驾驶员培训有限公司,十一培,2014/10/8 0:00,1993/7/25 0:00,东风雪铁龙牌,大众牌,366577000000000000 ,364547000000000000 ,196310,196604,17,2,4,工作日,晚高峰(17-19点),2015-04-22,2015年4月22日,小雨 /小雨,15℃ / 10℃,东北风 ≤3级 /东北风 ≤3级,小雨,小雨,15,10,东北风,≤3级,东北风,≤3级,day
2015-04-23 07:30:00,白云,1、追尾的,负全部责任,不负责任,1,贵A9512T,白,1,贵AU3255,绿,贵大佳德驾驶培训学校,十一培,2014/9/22 0:00,1984/6/3 0:00,马自达牌,嘉陵牌,364558000000000000 ,366364000000000000 ,195212,196110,7,3,4,工作日,早高峰(7-9点),2015-04-23,2015年4月23日,阴 /小雨,16℃ / 10℃,东北风 ≤3级 /东北风 ≤3级,阴,小雨,16,10,东北风,≤3级,东北风,≤3级,day
2015-04-22 22:00:00,金阳,7、未按规定让行的 ,负全部责任,不负责任,1,贵AWC861,银,1,贵AU9994,蓝,-1,自培,-1,2011/10/12 0:00,东风雪铁龙,瑞麒牌,364548000000000000 ,74667500000000000 ,199607,198909,22,2,4,工作日,非高峰,2015-04-22,2015年4月22日,小雨 /小雨,15℃ / 10℃,东北风 ≤3级 /东北风 ≤3级,小雨,小雨,15,10,东北风,≤3级,东北风,≤3级,night
2015-04-22 19:10:00,花果园,8、依法应负全责的其他情形,负全部责任,不负责任,0,贵GL7666,白,0,贵A82C43,黑,-1,自培,-1,2004/1/17 0:00,斯柯达牌,起亚牌,366361000000000000 ,364548000000000000 ,198704,198509,19,2,4,工作日,晚高峰(17-19点),2015-04-22,2015年4月22日,小雨 /小雨,15℃ / 10℃,东北风 ≤3级 /东北风 ≤3级,小雨,小雨,15,10,东北风,≤3级,东北风,≤3级,day
2015-04-22 16:20:00,金朱东路,1、追尾的,负全部责任,不负责任,1,贵ARB902,红,1,贵CT332,黑,自培,自培,2002/5/23 0:00,2004/6/28 0:00,宝马牌,-1,364547000000000000 ,364556000000000000 ,198006,197502,16,2,4,工作日,非高峰,2015-04-22,2015年4月22日,小雨 /小雨,15℃ / 10℃,东北风 ≤3级 /东北风 ≤3级,小雨,小雨,15,10,东北风,≤3级,东北风,≤3级,day
2015-04-22 15:57:00,世纪城,8、依法应负全责的其他情形,负全部责任,不负责任,1,贵A672E9,银,1,贵A55U21,银,自培,自培,2013/9/18 0:00,2000/10/31 0:00,五菱牌,-1,366068000000000000 ,366568000000000000 ,197505,197802,15,2,4,工作日,非高峰,2015-04-22,2015年4月22日,小雨 /小雨,15℃ / 10℃,东北风 ≤3级 /东北风 ≤3级,小雨,小雨,15,10,东北风,≤3级,东北风,≤3级,day
2015-04-22 21:10:00,碧海花园,1、追尾的,负全部责任,不负责任,1,贵CGB099,银,1,贵AU7795,绿,-1,（乌当区）全林驾驶培训有限公司,-1,2009/1/20 0:00,依维柯牌,豪剑牌,36666851164669045X,366276000000000000 ,199202,197508,21,2,4,工作日,非高峰,2015-04-22,2015年4月22日,小雨 /小雨,15℃ / 10℃,东北风 ≤3级 /东北风 ≤3级,小雨,小雨,15,10,东北风,≤3级,东北风,≤3级,night
2015-04-23 00:00:00,花溪,7、未按规定让行的 ,负全部责任,不负责任,1,贵FL6496,白色,1,贵A28X81,白色,贵大驾校,（南明区）市交通职业技术驾驶培训学校,2011/11/1 0:00,2004/8/2 0:00,长安牌,宝马,366046000000000000 ,366068000000000000 ,198208,198107,0,3,4,工作日,非高峰,2015-04-23,2015年4月23日,阴 /小雨,16℃ / 10℃,东北风 ≤3级 /东北风 ≤3级,阴,小雨,16,10,东北风,≤3级,东北风,≤3级,night
2015-04-23 09:00:00,小河甘平路,1、追尾的,负全部责任,不负责任,1,贵AV4189,黑色,1,贵A9558P,白色,-1,铁二局驾校,-1,2012/6/8 0:00,英菲尼迪 FX35,北京现代牌,344547000000000000 ,366661000000000000 ,197301,198209,9,3,4,工作日,早高峰(7-9点),2015-04-23,2015年4月23日,阴 /小雨,16℃ / 10℃,东北风 ≤3级 /东北风 ≤3级,阴,小雨,16,10,东北风,≤3级,东北风,≤3级,day
2015-04-24 08:17:00,乌当,3、倒车的,负全部责任,不负责任,1,贵A17W24,红,1,贵AGS772,黑,-1,路路达驾校,-1,2012/6/18 0:00,雪佛兰牌,长城牌,364548000000000000 ,364558000000000000 ,196811,199108,8,4,4,工作日,早高峰(7-9点),2015-04-24,2015年4月24日,阴 /小雨,16℃ / 11℃,东风 ≤3级 /东风 ≤3级,阴,小雨,16,11,东风,≤3级,东风,≤3级,day
2015-04-23 10:00:00,世纪城,1、追尾的,负全部责任,不负责任,1,贵A21711,白,1,贵A44M89,白,自培,自培,2012/5/10 0:00,2007/11/23 0:00,解放牌,长安牌,364547000000000000 ,364548000000000000 ,198008,197210,10,3,4,工作日,非高峰,2015-04-23,2015年4月23日,阴 /小雨,16℃ / 10℃,东北风 ≤3级 /东北风 ≤3级,阴,小雨,16,10,东北风,≤3级,东北风,≤3级,day
2015-04-23 10:00:00,小河转盘,1、追尾的,负全部责任,不负责任,1,贵AGS641,白色,1,贵AU3909,白色,（南明区）阳光驾驶培训有限公司,520136,2007/11/19 0:00,2010/4/26 0:00,比亚迪牌,瑞麒牌,366876000000000000 ,36606751154666275X,196511,199102,10,3,4,工作日,非高峰,2015-04-23,2015年4月23日,阴 /小雨,16℃ / 10℃,东北风 ≤3级 /东北风 ≤3级,阴,小雨,16,10,东北风,≤3级,东北风,≤3级,day
2015-04-23 09:47:00,金阳,7、未按规定让行的 ,负全部责任,不负责任,0,贵AU6843,绿,1,贵AC438N,蓝,消防驾校,路路达驾校,1997/1/15 0:00,2014/1/14 0:00,豪门牌,大众牌,364558000000000000 ,364557000000000000 ,197602,198108,9,3,4,工作日,早高峰(7-9点),2015-04-23,2015年4月23日,阴 /小雨,16℃ / 10℃,东北风 ≤3级 /东北风 ≤3级,阴,小雨,16,10,东北风,≤3级,东北风,≤3级,day
2015-04-23 09:50:00,花果园,1、追尾的,负全部责任,不负责任,1,苏B879KT,白色,1,贵A738CZ,白色,（南明区）铁二局驾驶培训有限公司,铁二局驾校,2009/12/2 0:00,2014/11/13 0:00,梅赛德斯-奔驰,飞度牌,366568000000000000 ,364556000000000000 ,198110,195602,9,3,4,工作日,早高峰(7-9点),2015-04-23,2015年4月23日,阴 /小雨,16℃ / 10℃,东北风 ≤3级 /东北风 ≤3级,阴,小雨,16,10,东北风,≤3级,东北风,≤3级,day
2015-04-23 07:50:00,次南门,1、追尾的,负全部责任,不负责任,1,贵A1BF57,白色,1,贵A0K398,白色,铁二局驾校,长运驾校（南明区）,2014/9/23 0:00,2015/3/17 0:00,福克斯牌,沃尔沃牌,364556000000000000 ,364547000000000000 ,199204,198507,7,3,4,工作日,早高峰(7-9点),2015-04-23,2015年4月23日,阴 /小雨,16℃ / 10℃,东北风 ≤3级 /东北风 ≤3级,阴,小雨,16,10,东北风,≤3级,东北风,≤3级,day
2015-04-23 09:40:00,漓江路,8、依法应负全责的其他情形,负全部责任,不负责任,1,贵AE2513,白色,1,贵AFV848,白色,阳光驾校,阳光驾校,2014/6/13 0:00,2011/8/29 0:00,丰田牌,奥迪牌,366068000000000000 ,366061000000000000 ,199311,199210,9,3,4,工作日,早高峰(7-9点),2015-04-23,2015年4月23日,阴 /小雨,16℃ / 10℃,东北风 ≤3级 /东北风 ≤3级,阴,小雨,16,10,东北风,≤3级,东北风,≤3级,day
2015-04-23 10:45:00,白云南路,9、不符合前8款规定或者双方同时具有上述情形的,负同等责任,负同等责任,1,甘D794254,红,1,贵A8812J,银,-1,-1,-1,-1,\N,东风牌,3660630000000000 ,74066500000000000 ,197010,198807,10,3,4,工作日,非高峰,2015-04-23,2015年4月23日,阴 /小雨,16℃ / 10℃,东北风 ≤3级 /东北风 ≤3级,阴,小雨,16,10,东北风,≤3级,东北风,≤3级,day
2015-04-23 07:54:00,白云区,3、倒车的,负全部责任,不负责任,1,贵FS8994,白,1,贵A59739S,红,黔西县阳光机动车驾驶学校有限责任公司,-1,2012/3/31 0:00,-1,东风雪铁龙牌,-1,366067000000000000 ,364596000000000000 ,197911,199312,7,3,4,工作日,早高峰(7-9点),2015-04-23,2015年4月23日,阴 /小雨,16℃ / 10℃,东北风 ≤3级 /东北风 ≤3级,阴,小雨,16,10,东北风,≤3级,东北风,≤3级,day
2015-04-23 09:00:00,青年路,1、追尾的,负全部责任,不负责任,1,贵AR6744,白色,1,贵A095A2,白色,十一培,铁二局驾校,1995/4/7 0:00,2013/4/18 0:00,别克牌,五菱牌,55567500000000000 ,35416551164864025X,197308,199207,9,3,4,工作日,早高峰(7-9点),2015-04-23,2015年4月23日,阴 /小雨,16℃ / 10℃,东北风 ≤3级 /东北风 ≤3级,阴,小雨,16,10,东北风,≤3级,东北风,≤3级,day
2015-04-22 21:05:00,金清线,8、依法应负全责的其他情形,负全部责任,不负责任,1,川AVK825,白,1,贵A076B6,蓝,自培,-1,2008/10/23 0:00,-1,奥迪牌,时风牌,357147000000000000 ,37656951864954080X,198602,197208,21,2,4,工作日,非高峰,2015-04-22,2015年4月22日,小雨 /小雨,15℃ / 10℃,东北风 ≤3级 /东北风 ≤3级,小雨,小雨,15,10,东北风,≤3级,东北风,≤3级,night
2015-04-23 08:10:00,苗圃,1、追尾的,负全部责任,不负责任,1,贵AKN238,黑,0,贵A4661Y,黑,自培,-1,2000/2/14 0:00,-1,吉利美日牌,传祺牌,36454751264647325X,356170000000000000 ,196202,196311,8,3,4,工作日,早高峰(7-9点),2015-04-23,2015年4月23日,阴 /小雨,16℃ / 10℃,东北风 ≤3级 /东北风 ≤3级,阴,小雨,16,10,东北风,≤3级,东北风,≤3级,day
2015-04-23 07:40:00,紫林庵,7、未按规定让行的 ,负全部责任,不负责任,1,贵AUA027,白,1,川RQT403,白,自培,-1,2011/12/5 0:00,-1,丰田牌,哈弗牌 ,364558000000000000 ,355741000000000000 ,198006,199303,7,3,4,工作日,早高峰(7-9点),2015-04-23,2015年4月23日,阴 /小雨,16℃ / 10℃,东北风 ≤3级 /东北风 ≤3级,阴,小雨,16,10,东北风,≤3级,东北风,≤3级,day
2015-04-23 09:20:00,市南路,7、未按规定让行的 ,负全部责任,不负责任,1,贵AU7559,绿,1,贵AU8619,蓝,自培,520129,2007/4/27 0:00,2008/5/12 0:00,大众牌,吉利牌,356168000000000000 ,366068000000000000 ,197004,198505,9,3,4,工作日,早高峰(7-9点),2015-04-23,2015年4月23日,阴 /小雨,16℃ / 10℃,东北风 ≤3级 /东北风 ≤3级,阴,小雨,16,10,东北风,≤3级,东北风,≤3级,day
2015-04-23 09:00:00,甘荫塘,7、未按规定让行的 ,负全部责任,不负责任,1,贵FAK624,白色,1,贵AV7948,白色,（花溪区）鑫鑫驾驶培训有限公司,十一培,2015/2/5 0:00,1999/7/29 0:00,北京牌,豪爵牌,366068000000000000 ,364547000000000000 ,197902,196812,9,3,4,工作日,早高峰(7-9点),2015-04-23,2015年4月23日,阴 /小雨,16℃ / 10℃,东北风 ≤3级 /东北风 ≤3级,阴,小雨,16,10,东北风,≤3级,东北风,≤3级,day
2015-04-23 02:13:00,宝山北路,1、追尾的,负全部责任,不负责任,1,贵GV7784,白色,1,贵AU0899,白色,自培,十一培,2012/9/20 0:00,1998/1/5 0:00,大众汽车牌,南车时代牌,366661000000000000 ,354047000000000000 ,199110,197409,2,3,4,工作日,非高峰,2015-04-23,2015年4月23日,阴 /小雨,16℃ / 10℃,东北风 ≤3级 /东北风 ≤3级,阴,小雨,16,10,东北风,≤3级,东北风,≤3级,night
2015-04-23 08:30:00,扶风路,1、追尾的,负全部责任,不负责任,0,贵CB0595,白,1,贵A0BC08,白,-1,自培,-1,2001/4/11 0:00,钱江牌,雅阁牌,366269000000000000 ,354567000000000000 ,196202,197501,8,3,4,工作日,早高峰(7-9点),2015-04-23,2015年4月23日,阴 /小雨,16℃ / 10℃,东北风 ≤3级 /东北风 ≤3级,阴,小雨,16,10,东北风,≤3级,东北风,≤3级,day
2015-04-23 10:20:00,中华路,7、未按规定让行的 ,负全部责任,不负责任,1,贵ACU469,白色,1,贵AP9118,白色,520119,自培,2004/4/24 0:00,2004/6/21 0:00,大众牌,凯迪拉克,366068000000000000 ,77446500000000000 ,197608,197312,10,3,4,工作日,非高峰,2015-04-23,2015年4月23日,阴 /小雨,16℃ / 10℃,东北风 ≤3级 /东北风 ≤3级,阴,小雨,16,10,东北风,≤3级,东北风,≤3级,day
2015-04-23 09:10:00,贵惠大道,7、未按规定让行的 ,负全部责任,不负责任,1,贵GY8569,白色,1,贵A55B64,白色,安顺市天安机动车驾驶员培训学校,自培,2014/12/25 0:00,2000/12/18 0:00,马自达牌,北京现代牌,366346000000000000 ,364547000000000000 ,195606,197412,9,3,4,工作日,早高峰(7-9点),2015-04-23,2015年4月23日,阴 /小雨,16℃ / 10℃,东北风 ≤3级 /东北风 ≤3级,阴,小雨,16,10,东北风,≤3级,东北风,≤3级,day