accidenttime,accidentaddr,driver1fault,driver1responsibility,driver2responsibility,sex1,platenumber1,carcolor1,sex2,platenumber2,carcolor2,jxmc1,jxmc2,cclzrq1,cclzrq2,clpp1,clpp2,driver1license,driver2license,brith1,brith2,hour,weekday,month,is_weekday,peak_hour,date,日期,天气状况,气温,风力风向,day_wea,night_wea,day_tep,night_tep,day_wind_direction,day_wind_speed,night_wind_direction,night_wind_speed,segment
2015-04-23 11:30:00,保利,7、未按规定让行的 ,负全部责任,不负责任,1,贵GM8507,黑,1,贵A233H5,银,-1,贵阳金马驾驶培训有限公司,-1,2014/1/14 0:00,丰田牌,长安牌,36636251384548325X,366567000000000000 ,195701,198806,11,3,4,工作日,非高峰,2015-04-23,2015年4月23日,阴 /小雨,16℃ / 10℃,东北风 ≤3级 /东北风 ≤3级,阴,小雨,16,10,东北风,≤3级,东北风,≤3级,day
2015-04-23 14:15:00,合力超市,4、停车时未挂低速档、未拉驻车制动，导致车辆滑行的,负全部责任,不负责任,0,贵A14N27,银,1,贵T818,黑,-1,景宏驾校,-1,2006/5/9 0:00,海马牌,-1,364558000000000000 ,364547000000000000 ,198610,198404,14,3,4,工作日,非高峰,2015-04-23,2015年4月23日,阴 /小雨,16℃ / 10℃,东北风 ≤3级 /东北风 ≤3级,阴,小雨,16,10,东北风,≤3级,东北风,≤3级,day
2015-04-23 14:00:00,花果园,9、不符合前8款规定或者双方同时具有上述情形的,负同等责任,负同等责任,1,贵AC614C,白,1,贵AU9607,蓝,-1,预约考试窗口,-1,2006/11/20 0:00,吉利牌,瑞麒牌,356162000000000000 ,366068000000000000 ,197712,198807,14,3,4,工作日,非高峰,2015-04-23,2015年4月23日,阴 /小雨,16℃ / 10℃,东北风 ≤3级 /东北风 ≤3级,阴,小雨,16,10,东北风,≤3级,东北风,≤3级,day
2015-04-23 14:40:00,五里冲,9、不符合前8款规定或者双方同时具有上述情形的,负同等责任,负同等责任,0,贵A589A6,银,1,贵KM642,黑,（经开区）金安驾驶培训有限公司,-1,2009/9/7 0:00,-1,俊风牌,-1,366063000000000000 ,366006000000000000 ,197612,197005,14,3,4,工作日,非高峰,2015-04-23,2015年4月23日,阴 /小雨,16℃ / 10℃,东北风 ≤3级 /东北风 ≤3级,阴,小雨,16,10,东北风,≤3级,东北风,≤3级,day
2015-04-23 10:00:00,商贸城,1、追尾的,负全部责任,不负责任,1,贵AU0594,绿,1,贵GD2248,黑,消防驾校,贵州现代驾驶培训责任有限公司,2002/9/17 0:00,2012/9/7 0:00,宇通牌,雪铁龙,366361000000000000 ,774266000000000000 ,198106,196904,10,3,4,工作日,非高峰,2015-04-23,2015年4月23日,阴 /小雨,16℃ / 10℃,东北风 ≤3级 /东北风 ≤3级,阴,小雨,16,10,东北风,≤3级,东北风,≤3级,day
2015-04-23 13:00:00,中大国际,7、未按规定让行的 ,负全部责任,不负责任,1,贵A51Y48,白,0,贵GP1686,银,自培,市警校驾校,2014/10/24 0:00,2014/1/18 0:00,丰田牌,宝马牌,754547000000000000 ,704968000000000000 ,197406,197802,13,3,4,工作日,非高峰,2015-04-23,2015年4月23日,阴 /小雨,16℃ / 10℃,东北风 ≤3级 /东北风 ≤3级,阴,小雨,16,10,东北风,≤3级,东北风,≤3级,day
2015-04-23 11:00:00,次南门,7、未按规定让行的 ,负全部责任,不负责任,1,贵G52998,蓝,1,贵AU7431,绿,-1,（乌当区）全林驾驶培训有限公司,-1,2006/11/3 0:00,骊威牌,新世纪牌,36634600000000000 ,36455651984969445X,197004,198708,11,3,4,工作日,非高峰,2015-04-23,2015年4月23日,阴 /小雨,16℃ / 10℃,东北风 ≤3级 /东北风 ≤3级,阴,小雨,16,10,东北风,≤3级,东北风,≤3级,day
2015-04-23 11:00:00,后巢村,3、倒车的,负全部责任,不负责任,1,贵A858E4,白色,1,贵FN1066,白色,贵定县阳光汽车驾驶培训学校,-1,2012/9/24 0:00,-1,解放牌,五菱牌,65467500000000000 ,366064000000000000 ,198501,198401,11,3,4,工作日,非高峰,2015-04-23,2015年4月23日,阴 /小雨,16℃ / 10℃,东北风 ≤3级 /东北风 ≤3级,阴,小雨,16,10,东北风,≤3级,东北风,≤3级,day
2015-04-23 16:10:00,金阳,1、追尾的,负全部责任,不负责任,1,贵GL3871,黑,1,贵AA1,蓝,-1,自培,-1,2012/10/17 0:00,英伦牌,-1,366670000000000000 ,364558000000000000 ,198503,198902,16,3,4,工作日,非高峰,2015-04-23,2015年4月23日,阴 /小雨,16℃ / 10℃,东北风 ≤3级 /东北风 ≤3级,阴,小雨,16,10,东北风,≤3级,东北风,≤3级,day
2015-04-23 16:00:00,湘雅村,8、依法应负全责的其他情形,负全部责任,不负责任,1,贵CDX044,绿,1,贵AU0853,黄,-1,99,-1,2006/10/12 0:00,大阳牌,万达牌,366566000000000000 ,364548000000000000 ,198601,198506,16,3,4,工作日,非高峰,2015-04-23,2015年4月23日,阴 /小雨,16℃ / 10℃,东北风 ≤3级 /东北风 ≤3级,阴,小雨,16,10,东北风,≤3级,东北风,≤3级,day
2015-04-23 18:00:00,白云区,8、依法应负全责的其他情形,负全部责任,不负责任,1,贵AGX951,白,1,贵A59S41,黑,-1,-1,-1,-1,北京现代牌,英伦牌,364558000000000000 ,366067000000000000 ,197511,198100,18,3,4,工作日,晚高峰(17-19点),2015-04-23,2015年4月23日,阴 /小雨,16℃ / 10℃,东北风 ≤3级 /东北风 ≤3级,阴,小雨,16,10,东北风,≤3级,东北风,≤3级,day
2015-04-23 18:00:00,西二环,1、追尾的,负全部责任,不负责任,1,渝A25D18,白色,1,贵A7BL77,白色,顺一驾驶培训学校,-1,2010/9/6 0:00,-1,丰田牌,哈弗牌,354668000000000000 ,724966000000000000 ,196509,198505,18,3,4,工作日,晚高峰(17-19点),2015-04-23,2015年4月23日,阴 /小雨,16℃ / 10℃,东北风 ≤3级 /东北风 ≤3级,阴,小雨,16,10,东北风,≤3级,东北风,≤3级,day
2015-04-23 14:40:00,西二环,9、不符合前8款规定或者双方同时具有上述情形的,负同等责任,负同等责任,1,贵JCM642,黑,0,贵A589A6,白,（南明区）现代驾驶培训有限公司,铁二局驾校,2007/10/31 0:00,2009/9/7 0:00,大众牌,俊风牌,366066000000000000 ,366063000000000000 ,197005,197612,14,3,4,工作日,非高峰,2015-04-23,2015年4月23日,阴 /小雨,16℃ / 10℃,东北风 ≤3级 /东北风 ≤3级,阴,小雨,16,10,东北风,≤3级,东北风,≤3级,day
2015-04-23 16:00:00,花溪,1、追尾的,负全部责任,不负责任,1,贵A79P26,白色,1,贵A4140L,白色,-1,铁二局驾校（南明区）,-1,2004/4/23 0:00,雪佛兰牌,吉利美日牌,364556000000000000 ,364547000000000000 ,199402,198212,16,3,4,工作日,非高峰,2015-04-23,2015年4月23日,阴 /小雨,16℃ / 10℃,东北风 ≤3级 /东北风 ≤3级,阴,小雨,16,10,东北风,≤3级,东北风,≤3级,day
2015-04-23 10:00:00,花果园,7、未按规定让行的 ,负全部责任,不负责任,1,贵A12C66,白色,1,贵CLL033,白色,自培,吉源驾校,2005/9/27 0:00,2013/8/29 0:00,别克牌,东风牌,364547000000000000 ,36606651174856265X,198301,199307,10,3,4,工作日,非高峰,2015-04-23,2015年4月23日,阴 /小雨,16℃ / 10℃,东北风 ≤3级 /东北风 ≤3级,阴,小雨,16,10,东北风,≤3级,东北风,≤3级,day
2015-04-23 14:32:00,新添大道,7、未按规定让行的 ,负全部责任,不负责任,1,贵A9BN721,白,1,贵AXA888,黑,自培,自培,2006/9/27 0:00,2011/4/21 0:00,-1,大众牌,366862000000000000 ,55762500000000000 ,197610,198208,14,3,4,工作日,非高峰,2015-04-23,2015年4月23日,阴 /小雨,16℃ / 10℃,东北风 ≤3级 /东北风 ≤3级,阴,小雨,16,10,东北风,≤3级,东北风,≤3级,day
2015-04-23 15:00:00,北京路,7、未按规定让行的 ,负全部责任,不负责任,1,贵AL6259,银,1,贵AU7133,绿,自培,消防驾校,2001/7/23 0:00,2001/1/15 0:00,钱江牌,嘉陵牌,36454751845440365X,364547000000000000 ,197010,198109,15,3,4,工作日,非高峰,2015-04-23,2015年4月23日,阴 /小雨,16℃ / 10℃,东北风 ≤3级 /东北风 ≤3级,阴,小雨,16,10,东北风,≤3级,东北风,≤3级,day
2015-04-23 14:17:00,三桥,7、未按规定让行的 ,负全部责任,不负责任,1,贵AB084V,银,1,贵ATS828,银,自培,-1,2012/2/15 0:00,-1,长安牌,五菱牌,574269000000000000 ,366365000000000000 ,199202,197407,14,3,4,工作日,非高峰,2015-04-23,2015年4月23日,阴 /小雨,16℃ / 10℃,东北风 ≤3级 /东北风 ≤3级,阴,小雨,16,10,东北风,≤3级,东北风,≤3级,day
2015-04-23 15:00:00,甲秀南路,1、追尾的,负全部责任,不负责任,1,贵ARH146,白色,1,贵A24F62,白色,520134,自培,2007/12/13 0:00,2002/5/14 0:00,解放牌,华泰圣达菲牌,366068000000000000 ,366661000000000000 ,198201,197104,15,3,4,工作日,非高峰,2015-04-23,2015年4月23日,阴 /小雨,16℃ / 10℃,东北风 ≤3级 /东北风 ≤3级,阴,小雨,16,10,东北风,≤3级,东北风,≤3级,day
2015-04-23 13:50:00,白云,1、追尾的,负全部责任,不负责任,1,贵A39X24,黑,1,贵ARG956,黑,景宏驾校,自培,2003/9/19 0:00,2001/5/14 0:00,东风日产牌,东南牌,366068000000000000 ,364558000000000000 ,197507,196002,13,3,4,工作日,非高峰,2015-04-23,2015年4月23日,阴 /小雨,16℃ / 10℃,东北风 ≤3级 /东北风 ≤3级,阴,小雨,16,10,东北风,≤3级,东北风,≤3级,day
2015-04-23 11:30:00,大关,7、未按规定让行的 ,负全部责任,不负责任,1,贵ANN825,白,1,贵GV5084,白,消防驾校,自培,2010/7/19 0:00,2006/3/2 0:00,解放牌,雅阁牌,364556000000000000 ,366347000000000000 ,197403,198404,11,3,4,工作日,非高峰,2015-04-23,2015年4月23日,阴 /小雨,16℃ / 10℃,东北风 ≤3级 /东北风 ≤3级,阴,小雨,16,10,东北风,≤3级,东北风,≤3级,day
2015-04-23 12:40:00,会展中心,1、追尾的,负全部责任,不负责任,0,贵CDM256,黄,1,贵AFL599,银,现代驾校（南明区）,自培,2015/4/14 0:00,2000/6/22 0:00,长安牌,江淮牌,366564000000000000 ,364548000000000000 ,199208,198008,12,3,4,工作日,非高峰,2015-04-23,2015年4月23日,阴 /小雨,16℃ / 10℃,东北风 ≤3级 /东北风 ≤3级,阴,小雨,16,10,东北风,≤3级,东北风,≤3级,day
2015-04-23 12:20:00,金清路,9、不符合前8款规定或者双方同时具有上述情形的,负同等责任,负同等责任,1,贵AAW048,黑,1,贵ALM151,红,自培,自培,2004/3/27 0:00,2011/2/18 0:00,锋范牌,奇瑞,366666000000000000 ,364557000000000000 ,194508,197001,12,3,4,工作日,非高峰,2015-04-23,2015年4月23日,阴 /小雨,16℃ / 10℃,东北风 ≤3级 /东北风 ≤3级,阴,小雨,16,10,东北风,≤3级,东北风,≤3级,day
2015-04-23 13:00:00,乌江路,1、追尾的,负全部责任,不负责任,1,贵ASS848,白色,1,贵A8519学,白色,自培,自培,2004/12/29 0:00,2000/7/25 0:00,波罗,-1,366347000000000000 ,355468000000000000 ,198010,198205,13,3,4,工作日,非高峰,2015-04-23,2015年4月23日,阴 /小雨,16℃ / 10℃,东北风 ≤3级 /东北风 ≤3级,阴,小雨,16,10,东北风,≤3级,东北风,≤3级,day
2015-04-23 17:05:00,金麦,7、未按规定让行的 ,负全部责任,不负责任,1,贵AA732M,白,1,贵AU7283,绿,天行健驾校,消防驾校,2014/4/22 0:00,2004/4/1 0:00,雪佛兰牌,宝来牌,364558000000000000 ,364557000000000000 ,199506,198509,17,3,4,工作日,晚高峰(17-19点),2015-04-23,2015年4月23日,阴 /小雨,16℃ / 10℃,东北风 ≤3级 /东北风 ≤3级,阴,小雨,16,10,东北风,≤3级,东北风,≤3级,day
2015-04-23 16:16:00,白云区,7、未按规定让行的 ,负全部责任,不负责任,1,贵A431H9,白,1,贵A8932X,白,景宏驾校（白云区）,文通驾校,2009/2/3 0:00,2011/11/7 0:00,欧铃牌,森林人,366664000000000000 ,364558000000000000 ,196207,198107,16,3,4,工作日,非高峰,2015-04-23,2015年4月23日,阴 /小雨,16℃ / 10℃,东北风 ≤3级 /东北风 ≤3级,阴,小雨,16,10,东北风,≤3级,东北风,≤3级,day
2015-04-23 15:00:00,金珠东路,8、依法应负全责的其他情形,负全部责任,不负责任,1,贵AKX748,白色,1,贵AU4534,黑色,鑫鑫驾校,正安驾校,2012/2/10 0:00,2006/3/3 0:00,思威牌,欧豹牌,366670000000000000 ,366561000000000000 ,197905,197410,15,3,4,工作日,非高峰,2015-04-23,2015年4月23日,阴 /小雨,16℃ / 10℃,东北风 ≤3级 /东北风 ≤3级,阴,小雨,16,10,东北风,≤3级,东北风,≤3级,day
2015-04-23 15:30:00,甲秀南路,1、追尾的,负全部责任,不负责任,1,贵ARA146,白色,1,贵A6AP28,白色,520134,自培,2007/12/13 0:00,2014/1/2 0:00,解放牌,吉利牌,366068000000000000 ,364556000000000000 ,198201,199410,15,3,4,工作日,非高峰,2015-04-23,2015年4月23日,阴 /小雨,16℃ / 10℃,东北风 ≤3级 /东北风 ≤3级,阴,小雨,16,10,东北风,≤3级,东北风,≤3级,day
2015-04-23 16:31:00,南湖路,8、依法应负全责的其他情形,负全部责任,不负责任,1,川EM2558,黄,1,贵A250C2,白,（观山湖区）蓝天驾驶培训有限公司,吉源驾校,2010/2/25 0:00,2013/8/29 0:00,\N,江淮牌,35436651844653757X,364558000000000000 ,197002,197411,16,3,4,工作日,非高峰,2015-04-23,2015年4月23日,阴 /小雨,16℃ / 10℃,东北风 ≤3级 /东北风 ≤3级,阴,小雨,16,10,东北风,≤3级,东北风,≤3级,day
2015-04-23 17:00:00,三桥,8、依法应负全责的其他情形,负全部责任,不负责任,1,贵A043B5,白,1,贵AB272W,黑,吉源驾校,-1,2014/10/17 0:00,-1,飞碟牌,东风雪铁龙牌,366569000000000000 ,366068000000000000 ,199408,199301,17,3,4,工作日,晚高峰(17-19点),2015-04-23,2015年4月23日,阴 /小雨,16℃ / 10℃,东北风 ≤3级 /东北风 ≤3级,阴,小雨,16,10,东北风,≤3级,东北风,≤3级,day
2015-04-24 00:00:00,东林寺路,1、追尾的,负全部责任,不负责任,1,贵A77R49,黑,1,贵A47A28,银,-1,自培,-1,2004/1/18 0:00,途锐牌,SRX,366346000000000000 ,364548000000000000 ,198601,197806,0,4,4,工作日,非高峰,2015-04-24,2015年4月24日,阴 /小雨,16℃ / 11℃,东风 ≤3级 /东风 ≤3级,阴,小雨,16,11,东风,≤3级,东风,≤3级,night
2015-04-24 06:40:00,头桥,8、依法应负全责的其他情形,负全部责任,不负责任,1,贵AE3851,白,1,贵AU3504,白,-1,自培,-1,2000/4/30 0:00,豪江牌,隆鑫牌,366068000000000000 ,364556000000000000 ,198807,197608,6,4,4,工作日,非高峰,2015-04-24,2015年4月24日,阴 /小雨,16℃ / 11℃,东风 ≤3级 /东风 ≤3级,阴,小雨,16,11,东风,≤3级,东风,≤3级,day
2015-04-23 22:00:00,北京路,1、追尾的,负全部责任,不负责任,0,贵A41H46,白,1,贵AAL022,黑,（南明区）金大驾驶培训有限公司,长运驾校,2004/11/30 0:00,1994/10/24 0:00,北京牌,海陵牌,364547000000000000 ,364547000000000000 ,197205,196206,22,3,4,工作日,非高峰,2015-04-23,2015年4月23日,阴 /小雨,16℃ / 10℃,东北风 ≤3级 /东北风 ≤3级,阴,小雨,16,10,东北风,≤3级,东北风,≤3级,night
2015-04-23 21:00:00,花溪大道,7、未按规定让行的 ,负全部责任,不负责任,1,贵GY4645,白色,1,贵A867G2,白色,顺一驾驶培训学校,贵州贵龙驾校,2011/6/11 0:00,2014/8/20 0:00,比亚迪牌,解放牌,364556000000000000 ,364568000000000000 ,198905,199512,21,3,4,工作日,非高峰,2015-04-23,2015年4月23日,阴 /小雨,16℃ / 10℃,东北风 ≤3级 /东北风 ≤3级,阴,小雨,16,10,东北风,≤3级,东北风,≤3级,night
2015-04-23 20:20:00,头桥,8、依法应负全责的其他情形,负全部责任,不负责任,1,贵AU3142,绿,1,贵AU0460,绿,自培,时发,2012/1/16 0:00,2005/12/21 0:00,大运牌,华夏牌,366367000000000000 ,366064000000000000 ,198205,198209,20,3,4,工作日,非高峰,2015-04-23,2015年4月23日,阴 /小雨,16℃ / 10℃,东北风 ≤3级 /东北风 ≤3级,阴,小雨,16,10,东北风,≤3级,东北风,≤3级,night
2015-04-23 17:46:00,黔灵山路,8、依法应负全责的其他情形,负全部责任,不负责任,1,贵A7B652,黑,0,贵GL1985,蓝,鑫鑫驾校,贵大驾校,2012/8/8 0:00,2012/12/31 0:00,骏派牌,福克斯牌,35616351214157557X,364556000000000000 ,196909,197806,17,3,4,工作日,晚高峰(17-19点),2015-04-23,2015年4月23日,阴 /小雨,16℃ / 10℃,东北风 ≤3级 /东北风 ≤3级,阴,小雨,16,10,东北风,≤3级,东北风,≤3级,day
2015-04-23 21:50:00,凤凰路,7、未按规定让行的 ,负全部责任,不负责任,1,贵AB407N,白色,1,贵APP611,白色,消防驾校,阳光驾校,2014/9/17 0:00,2013/7/2 0:00,英伦牌,吉利美日牌,366046000000000000 ,364596000000000000 ,198710,199402,21,3,4,工作日,非高峰,2015-04-23,2015年4月23日,阴 /小雨,16℃ / 10℃,东北风 ≤3级 /东北风 ≤3级,阴,小雨,16,10,东北风,≤3级,东北风,≤3级,night
2015-04-23 14:20:00,涴沙桥,1、追尾的,负全部责任,不负责任,1,贵JCH711,银,1,贵AU7259,蓝,自培,-1,2000/6/22 0:00,-1,梅赛德斯-奔驰牌,迅龙牌,366876000000000000 ,366567000000000000 ,196803,198412,14,3,4,工作日,非高峰,2015-04-23,2015年4月23日,阴 /小雨,16℃ / 10℃,东北风 ≤3级 /东北风 ≤3级,阴,小雨,16,10,东北风,≤3级,东北风,≤3级,day
2015-04-23 20:00:00,三桥,8、依法应负全责的其他情形,负全部责任,不负责任,1,贵AAL259,白,1,贵JAN743,黑,-1,十一培,-1,1994/12/30 0:00,奥迪牌,福特牌,366068000000000000 ,364548000000000000 ,197406,196111,20,3,4,工作日,非高峰,2015-04-23,2015年4月23日,阴 /小雨,16℃ / 10℃,东北风 ≤3级 /东北风 ≤3级,阴,小雨,16,10,东北风,≤3级,东北风,≤3级,night
2015-04-23 21:00:00,花果园,8、依法应负全责的其他情形,负全部责任,不负责任,1,贵A9BJ42,红,1,贵A68V27,银,金大驾校,十一培,2015/1/21 0:00,1995/11/8 0:00,雪佛兰牌,传祺牌,355468000000000000 ,366364000000000000 ,199207,195108,21,3,4,工作日,非高峰,2015-04-23,2015年4月23日,阴 /小雨,16℃ / 10℃,东北风 ≤3级 /东北风 ≤3级,阴,小雨,16,10,东北风,≤3级,东北风,≤3级,night
2015-04-23 15:30:00,白金大道,7、未按规定让行的 ,负全部责任,不负责任,1,贵A975T3,黄,1,贵AHR901,红,自培,自培,2003/5/9 0:00,2005/8/24 0:00,-1,东风日产牌,364567000000000000 ,366067000000000000 ,198503,198211,15,3,4,工作日,非高峰,2015-04-23,2015年4月23日,阴 /小雨,16℃ / 10℃,东北风 ≤3级 /东北风 ≤3级,阴,小雨,16,10,东北风,≤3级,东北风,≤3级,day
2015-04-23 16:30:00,金阳,7、未按规定让行的 ,负全部责任,不负责任,1,贵AA6755,白,1,贵ACU934,银,自培,自培,2004/3/10 0:00,2004/11/30 15:09,东风牌,雅阁牌,364548000000000000 ,356164000000000000 ,197603,196708,16,3,4,工作日,非高峰,2015-04-23,2015年4月23日,阴 /小雨,16℃ / 10℃,东北风 ≤3级 /东北风 ≤3级,阴,小雨,16,10,东北风,≤3级,东北风,≤3级,day
2015-04-24 04:40:00,金关,8、依法应负全责的其他情形,负全部责任,不负责任,1,贵A9349F,黑,1,贵A27472,黑,毕节地区宏强汽车(摩托车)驾驶培训学校,-1,2012/6/11 0:00,-1,长安牌,三一牌,366063000000000000 ,254064000000000000 ,198309,197508,4,4,4,工作日,非高峰,2015-04-24,2015年4月24日,阴 /小雨,16℃ / 11℃,东风 ≤3级 /东风 ≤3级,阴,小雨,16,11,东风,≤3级,东风,≤3级,night
2015-04-24 08:00:00,金阳,1、追尾的,负全部责任,不负责任,0,贵AR5484,红,0,贵ATU142,红,-1,新天驾校,-1,2010/11/5 0:00,思域牌,丰田牌,36604551234168446X,364547000000000000 ,196509,198903,8,4,4,工作日,早高峰(7-9点),2015-04-24,2015年4月24日,阴 /小雨,16℃ / 11℃,东风 ≤3级 /东风 ≤3级,阴,小雨,16,11,东风,≤3级,东风,≤3级,day
2015-04-24 09:00:00,碧海花园,3、倒车的,负全部责任,不负责任,1,贵A4BN07,白,1,贵A31E38,黑,-1,吉源驾校,-1,2013/11/13 0:00,北京现代牌,别克牌,366068000000000000 ,366566000000000000 ,195311,197503,9,4,4,工作日,早高峰(7-9点),2015-04-24,2015年4月24日,阴 /小雨,16℃ / 11℃,东风 ≤3级 /东风 ≤3级,阴,小雨,16,11,东风,≤3级,东风,≤3级,day
2015-04-24 08:40:00,朱昌路,1、追尾的,负全部责任,不负责任,1,贵AA459F,红,1,贵A8737F,红,黔丰驾校,自培,2011/8/26 0:00,2011/10/26 0:00,宝骏牌,长安牌,364557000000000000 ,366564000000000000 ,197006,197807,8,4,4,工作日,早高峰(7-9点),2015-04-24,2015年4月24日,阴 /小雨,16℃ / 11℃,东风 ≤3级 /东风 ≤3级,阴,小雨,16,11,东风,≤3级,东风,≤3级,day
2015-04-24 06:40:00,金源街,7、未按规定让行的 ,负全部责任,不负责任,1,红,红,1,贵AU3531,白,-1,无,-1,1992/12/23 0:00,\N,万达牌,356166000000000000 ,364557000000000000 ,196903,197402,6,4,4,工作日,非高峰,2015-04-24,2015年4月24日,阴 /小雨,16℃ / 11℃,东风 ≤3级 /东风 ≤3级,阴,小雨,16,11,东风,≤3级,东风,≤3级,day
2015-04-24 07:30:00,金阳市政府,3、倒车的,负全部责任,不负责任,1,贵Q9378,黑,1,贵A6324M,银,自培,520129,2006/4/6 0:00,-1,-1,长安牌,355741000000000000 ,366063000000000000 ,198208,197406,7,4,4,工作日,早高峰(7-9点),2015-04-24,2015年4月24日,阴 /小雨,16℃ / 11℃,东风 ≤3级 /东风 ≤3级,阴,小雨,16,11,东风,≤3级,东风,≤3级,day
2015-04-24 08:37:00,帝景传说,3、倒车的,负全部责任,不负责任,1,贵AC6631,白,1,贵A0AT22,黑,-1,预约考试窗口,-1,2007/7/12 0:00,豪爵牌,别克牌,366846000000000000 ,366663000000000000 ,198101,198003,8,4,4,工作日,早高峰(7-9点),2015-04-24,2015年4月24日,阴 /小雨,16℃ / 11℃,东风 ≤3级 /东风 ≤3级,阴,小雨,16,11,东风,≤3级,东风,≤3级,day
2015-04-24 08:00:00,沙坡,9、不符合前8款规定或者双方同时具有上述情形的,负同等责任,负同等责任,1,白,白,1,贵A7402学,银,-1,520127,-1,2007/11/14 0:00,-1,-1,74560500000000000 ,364557000000000000 ,196307,198806,8,4,4,工作日,早高峰(7-9点),2015-04-24,2015年4月24日,阴 /小雨,16℃ / 11℃,东风 ≤3级 /东风 ≤3级,阴,小雨,16,11,东风,≤3级,东风,≤3级,day
2015-04-24 08:00:00,白云区,8、依法应负全责的其他情形,负全部责任,不负责任,1,贵A25E89,黑,1,贵A0136N,银,消防驾校,铁二局驾校,2010/7/26 0:00,2012/10/30 0:00,大众汽车牌,五菱牌,364646000000000000 ,366068000000000000 ,198012,197104,8,4,4,工作日,早高峰(7-9点),2015-04-24,2015年4月24日,阴 /小雨,16℃ / 11℃,东风 ≤3级 /东风 ≤3级,阴,小雨,16,11,东风,≤3级,东风,≤3级,day
2015-04-24 07:00:00,小河锦江路,7、未按规定让行的 ,负全部责任,不负责任,1,贵A0BG21,白色,1,贵AK8453,白色,-1,大方县银春汽车驾驶培训学校,-1,2003/12/22 0:00,大众牌,嘉陵牌,364551000000000000 ,366069000000000000 ,197009,197212,7,4,4,工作日,早高峰(7-9点),2015-04-24,2015年4月24日,阴 /小雨,16℃ / 11℃,东风 ≤3级 /东风 ≤3级,阴,小雨,16,11,东风,≤3级,东风,≤3级,day
2015-04-24 09:00:00,金阳,7、未按规定让行的 ,负全部责任,不负责任,1,贵GT3394,银,1,贵A12K59,白,-1,-1,-1,-1,金杯牌,标致,364548000000000 ,364540000000 ,780418,54471,9,4,4,工作日,早高峰(7-9点),2015-04-24,2015年4月24日,阴 /小雨,16℃ / 11℃,东风 ≤3级 /东风 ≤3级,阴,小雨,16,11,东风,≤3级,东风,≤3级,day
2015-04-24 11:00:00,金阳南路,8、依法应负全责的其他情形,负全部责任,不负责任,1,贵AJM087,银,1,粤SN355F,银,-1,-1,-1,-1,波罗牌,凯迪拉克牌,36454700000000000 ,35616351844149903X,196312,197009,11,4,4,工作日,非高峰,2015-04-24,2015年4月24日,阴 /小雨,16℃ / 11℃,东风 ≤3级 /东风 ≤3级,阴,小雨,16,11,东风,≤3级,东风,≤3级,day
2015-04-24 10:00:00,新添大道,8、依法应负全责的其他情形,负全部责任,不负责任,1,贵A0875Y,银,0,贵A35M56,红,时发驾校,全林驾校,2012/1/21 0:00,2014/3/19 0:00,金旅牌,福克斯牌,364556000000000000 ,364547000000000000 ,198807,197412,10,4,4,工作日,非高峰,2015-04-24,2015年4月24日,阴 /小雨,16℃ / 11℃,东风 ≤3级 /东风 ≤3级,阴,小雨,16,11,东风,≤3级,东风,≤3级,day
2015-04-23 20:10:00,世纪城,3、倒车的,负全部责任,不负责任,1,贵A7726V,黑,1,贵A83C83,黑,自培,-1,2012/11/1 0:00,-1,华泰圣达菲牌,一汽佳星牌,366067000000000000 ,366263000000000000 ,198212,198905,20,3,4,工作日,非高峰,2015-04-23,2015年4月23日,阴 /小雨,16℃ / 10℃,东北风 ≤3级 /东北风 ≤3级,阴,小雨,16,10,东北风,≤3级,东北风,≤3级,night
2015-04-23 18:20:00,市北路,1、追尾的,负全部责任,不负责任,1,贵A93E14,黄,1,贵AT6414,白,自培,-1,2006/11/9 0:00,-1,大众汽车牌,爱立新牌,364547000000000000 ,366067000000000000 ,198503,198104,18,3,4,工作日,晚高峰(17-19点),2015-04-23,2015年4月23日,阴 /小雨,16℃ / 10℃,东北风 ≤3级 /东北风 ≤3级,阴,小雨,16,10,东北风,≤3级,东北风,≤3级,day
2015-04-24 07:00:00,小河,7、未按规定让行的 ,负全部责任,不负责任,1,贵A19N23,白色,1,贵ASG969,白色,自培,520109,2006/6/13 0:00,2011/3/28 0:00,大众汽车牌,北京现代牌,366546000000000000 ,366546000000000000 ,196511,196509,7,4,4,工作日,早高峰(7-9点),2015-04-24,2015年4月24日,阴 /小雨,16℃ / 11℃,东风 ≤3级 /东风 ≤3级,阴,小雨,16,11,东风,≤3级,东风,≤3级,day
2015-04-24 00:00:00,花溪,7、未按规定让行的 ,负全部责任,不负责任,1,贵GM6045,白色,1,贵A2010Z,白色,自培,顺一驾驶培训学校,2006/10/22 0:00,2014/10/14 0:00,长安牌,长安牌,366064000000000000 ,356668000000000000 ,198606,197601,0,4,4,工作日,非高峰,2015-04-24,2015年4月24日,阴 /小雨,16℃ / 11℃,东风 ≤3级 /东风 ≤3级,阴,小雨,16,11,东风,≤3级,东风,≤3级,night