accidenttime,accidentaddr,driver1fault,driver1responsibility,driver2responsibility,sex1,platenumber1,carcolor1,sex2,platenumber2,carcolor2,jxmc1,jxmc2,cclzrq1,cclzrq2,clpp1,clpp2,driver1license,driver2license,brith1,brith2,hour,weekday,month,is_weekday,peak_hour,date,日期,天气状况,气温,风力风向,day_wea,night_wea,day_tep,night_tep,day_wind_direction,day_wind_speed,night_wind_direction,night_wind_speed,segment
2015-04-23 17:40:00,富源南路,7、未按规定让行的 ,负全部责任,不负责任,1,贵AGR703,白色,1,贵A82366,白色,铁二局驾校,十一培,2010/5/5 0:00,1981/4/27 0:00,长安牌,隆鑫,364547000000000000 ,36454651394951395X,196104,195808,17,3,4,工作日,晚高峰(17-19点),2015-04-23,2015年4月23日,阴 /小雨,16℃ / 10℃,东北风 ≤3级 /东北风 ≤3级,阴,小雨,16,10,东北风,≤3级,东北风,≤3级,day
2015-04-24 07:50:00,太慈桥,7、未按规定让行的 ,负同等责任,负同等责任,0,贵AX6457,黑,1,贵OF529警,蓝,自培,十一培,2002/10/31 0:00,1996/8/12 0:00,哈飞牌,-1,364547000000000000 ,366347000000000000 ,197803,197612,7,4,4,工作日,早高峰(7-9点),2015-04-24,2015年4月24日,阴 /小雨,16℃ / 11℃,东风 ≤3级 /东风 ≤3级,阴,小雨,16,11,东风,≤3级,东风,≤3级,day
2015-04-24 07:10:00,富水北路,1、追尾的,负全部责任,不负责任,1,贵AV3191,绿,1,贵A64Y55,黑,自培,十一培,2004/2/18 0:00,1994/2/11 0:00,双狮牌,金旅牌,366068000000000000 ,364547000000000000 ,197110,196301,7,4,4,工作日,早高峰(7-9点),2015-04-24,2015年4月24日,阴 /小雨,16℃ / 11℃,东风 ≤3级 /东风 ≤3级,阴,小雨,16,11,东风,≤3级,东风,≤3级,day
2015-04-24 08:50:00,新添大道,1、追尾的,负全部责任,不负责任,1,贵A972E7,银,1,贵A33P89,银,（乌当区）全林驾驶培训有限公司,自培,2008/12/17 0:00,2001/8/13 0:00,长城牌,长安牌,364566000000000000 ,366064000000000000 ,199007,197607,8,4,4,工作日,早高峰(7-9点),2015-04-24,2015年4月24日,阴 /小雨,16℃ / 11℃,东风 ≤3级 /东风 ≤3级,阴,小雨,16,11,东风,≤3级,东风,≤3级,day
2015-04-24 12:20:00,小河开发大道,1、追尾的,负全部责任,不负责任,1,贵ANL947,白色,1,贵AZA777,黑色,-1,自培,-1,2001/8/10 0:00,东风雪铁龙牌,朗逸牌,36062500000000000 ,366675000000000000 ,979020,196801,12,4,4,工作日,非高峰,2015-04-24,2015年4月24日,阴 /小雨,16℃ / 11℃,东风 ≤3级 /东风 ≤3级,阴,小雨,16,11,东风,≤3级,东风,≤3级,day
2015-04-24 10:30:00,白云区,7、未按规定让行的 ,负全部责任,不负责任,1,渝BH8856,红,1,贵ALT934,白,-1,人武驾校,-1,2012/11/23 0:00,大众牌,东风雪铁龙牌,366864000000000000 ,366361000000000000 ,197008,197412,10,4,4,工作日,非高峰,2015-04-24,2015年4月24日,阴 /小雨,16℃ / 11℃,东风 ≤3级 /东风 ≤3级,阴,小雨,16,11,东风,≤3级,东风,≤3级,day
2015-04-24 10:30:00,金阳医院,1、追尾的,负全部责任,不负责任,1,贵FQ2392,黑,1,贵A2950X,黑,自培,十一驾驶培训有限公司,-1,2011/2/18 0:00,东风标致牌,东南牌,366067000000000000 ,364566000000000000 ,198904,198610,10,4,4,工作日,非高峰,2015-04-24,2015年4月24日,阴 /小雨,16℃ / 11℃,东风 ≤3级 /东风 ≤3级,阴,小雨,16,11,东风,≤3级,东风,≤3级,day
2015-04-24 09:00:00,遵义路,7、未按规定让行的 ,负全部责任,不负责任,1,贵A85L67,白色,1,贵AU7298,白色,长运驾校,消防驾校,2013/12/17 0:00,2005/2/3 0:00,东风日产牌,隆鑫牌,366661000000000000 ,364548000000000000 ,198308,198310,9,4,4,工作日,早高峰(7-9点),2015-04-24,2015年4月24日,阴 /小雨,16℃ / 11℃,东风 ≤3级 /东风 ≤3级,阴,小雨,16,11,东风,≤3级,东风,≤3级,day
2015-04-24 10:00:00,三桥,8、依法应负全责的其他情形,负全部责任,不负责任,1,贵CLJ171,黑,1,贵AJP409,白,贵定县阳光汽车驾驶培训学校,桐梓县顺兴驾驶培训学校,-1,2013/9/11 0:00,东风日产牌,解放牌,366575000000000000 ,366668000000000000 ,198508,198607,10,4,4,工作日,非高峰,2015-04-24,2015年4月24日,阴 /小雨,16℃ / 11℃,东风 ≤3级 /东风 ≤3级,阴,小雨,16,11,东风,≤3级,东风,≤3级,day
2015-04-24 11:22:00,长岭南路,1、追尾的,负全部责任,不负责任,1,川XBQ242,白,1,贵A9835U,白,-1,鑫鑫驾校,-1,2014/3/24 0:00,起亚牌,梅赛德斯--奔驰,35526551915641213X,74863500000000000 ,198912,198712,11,4,4,工作日,非高峰,2015-04-24,2015年4月24日,阴 /小雨,16℃ / 11℃,东风 ≤3级 /东风 ≤3级,阴,小雨,16,11,东风,≤3级,东风,≤3级,day
2015-04-24 10:00:00,黄河路,3、倒车的,负全部责任,不负责任,1,贵A7453E,白色,1,贵ALK285,白色,顺一驾驶培训学校,-1,2012/1/9 0:00,-1,别克牌,金杯牌,56860500000000000 ,366067000000000000 ,198110,198609,10,4,4,工作日,非高峰,2015-04-24,2015年4月24日,阴 /小雨,16℃ / 11℃,东风 ≤3级 /东风 ≤3级,阴,小雨,16,11,东风,≤3级,东风,≤3级,day
2015-04-24 10:50:00,万东桥,1、追尾的,负全部责任,不负责任,1,贵A37W11,白色,1,鄂J75B28,白色,-1,文通驾校,-1,-1,比亚迪牌,宝马牌,366263000000000000 ,65562500000000000 ,198002,198711,10,4,4,工作日,非高峰,2015-04-24,2015年4月24日,阴 /小雨,16℃ / 11℃,东风 ≤3级 /东风 ≤3级,阴,小雨,16,11,东风,≤3级,东风,≤3级,day
2015-04-24 09:20:00,白云,1、追尾的,负全部责任,不负责任,1,贵A0459N,白,0,浙K0911M,银,自培,-1,2002/5/24 0:00,-1,大众汽车牌,凯迪拉克,364558000000000000 ,776363000000000000 ,196007,196902,9,4,4,工作日,早高峰(7-9点),2015-04-24,2015年4月24日,阴 /小雨,16℃ / 11℃,东风 ≤3级 /东风 ≤3级,阴,小雨,16,11,东风,≤3级,东风,≤3级,day
2015-04-24 10:20:00,皂角井,3、倒车的,负全部责任,不负责任,1,贵A119B9,白色,1,贵A18V88,白色,新华驾校,-1,2010/11/26 0:00,-1,五菱牌,海马牌,366562000000000000 ,364545000000 ,198008,321001,10,4,4,工作日,非高峰,2015-04-24,2015年4月24日,阴 /小雨,16℃ / 11℃,东风 ≤3级 /东风 ≤3级,阴,小雨,16,11,东风,≤3级,东风,≤3级,day
2015-04-24 13:20:00,白云区,7、未按规定让行的 ,负全部责任,不负责任,1,贵A6829M,银,1,贵AD6,蓝,-1,-1,-1,-1,五菱牌,-1,36686900000000000 ,366069000000000000 ,168092,198501,13,4,4,工作日,非高峰,2015-04-24,2015年4月24日,阴 /小雨,16℃ / 11℃,东风 ≤3级 /东风 ≤3级,阴,小雨,16,11,东风,≤3级,东风,≤3级,day
2015-04-24 13:30:00,黄河路,7、未按规定让行的 ,负全部责任,不负责任,1,贵GY6449,白色,1,贵A393Z9,白色,吉源驾校（南明区）,-1,2015/4/21 0:00,-1,大众牌,-1,366846000000000000 ,64368500000000000 ,198506,197302,13,4,4,工作日,非高峰,2015-04-24,2015年4月24日,阴 /小雨,16℃ / 11℃,东风 ≤3级 /东风 ≤3级,阴,小雨,16,11,东风,≤3级,东风,≤3级,day
2015-04-24 13:50:00,贵钢,7、未按规定让行的 ,负全部责任,不负责任,1,渝FW5842,白色,1,贵A83N54,白色,贵阳金马驾驶培训有限公司,长运驾校（南明区）,2012/7/4 0:00,2015/2/27 0:00,江铃牌,宝马,364548000000000000 ,364547000000000000 ,199104,198803,13,4,4,工作日,非高峰,2015-04-24,2015年4月24日,阴 /小雨,16℃ / 11℃,东风 ≤3级 /东风 ≤3级,阴,小雨,16,11,东风,≤3级,东风,≤3级,day
2015-04-24 11:50:00,贵开路,7、未按规定让行的 ,负全部责任,不负责任,1,贵GR6730,白,1,贵A72V29,红,自培,新天驾校,2004/9/30 0:00,2011/9/2 0:00,雪佛兰牌,雪佛兰牌,364548000000000000 ,364547000000000000 ,198605,198510,11,4,4,工作日,非高峰,2015-04-24,2015年4月24日,阴 /小雨,16℃ / 11℃,东风 ≤3级 /东风 ≤3级,阴,小雨,16,11,东风,≤3级,东风,≤3级,day
2015-04-24 11:50:00,百花大道,7、未按规定让行的 ,负全部责任,不负责任,1,闽A388F4,蓝,1,贵GR1985,绿,-1,吉源驾校,-1,2014/7/27 0:00,解放牌,宝骏牌,734047000000000000 ,364596000000000000 ,199207,198807,11,4,4,工作日,非高峰,2015-04-24,2015年4月24日,阴 /小雨,16℃ / 11℃,东风 ≤3级 /东风 ≤3级,阴,小雨,16,11,东风,≤3级,东风,≤3级,day
2015-04-24 13:00:00,龙洞堡,7、未按规定让行的 ,负全部责任,不负责任,1,渝B89477,白色,1,贵A7BE09,白色,-1,自培,-1,2012/8/30 0:00,无,丰田牌,344661000000000000 ,364548000000000000 ,198609,199002,13,4,4,工作日,非高峰,2015-04-24,2015年4月24日,阴 /小雨,16℃ / 11℃,东风 ≤3级 /东风 ≤3级,阴,小雨,16,11,东风,≤3级,东风,≤3级,day
2015-04-24 10:12:00,涴沙桥,1、追尾的,负全部责任,不负责任,1,贵A285D3,银,1,贵GAB856,银,自培,-1,2005/1/5 0:00,-1,黑豹牌,斯柯达牌,354663000000000000 ,366369000000000000 ,197001,199212,10,4,4,工作日,非高峰,2015-04-24,2015年4月24日,阴 /小雨,16℃ / 11℃,东风 ≤3级 /东风 ≤3级,阴,小雨,16,11,东风,≤3级,东风,≤3级,day
2015-04-24 12:00:00,沙冲路口,7、未按规定让行的 ,负全部责任,不负责任,1,贵ALK608,白色,1,贵AJS581,白色,（观山湖区）蓝天驾驶培训有限公司,十一培,2006/1/26 0:00,1994/9/11 0:00,金杯牌,北京现代牌,366370000000000000 ,364548000000000000 ,198410,197110,12,4,4,工作日,非高峰,2015-04-24,2015年4月24日,阴 /小雨,16℃ / 11℃,东风 ≤3级 /东风 ≤3级,阴,小雨,16,11,东风,≤3级,东风,≤3级,day
2015-04-24 10:20:00,黔灵西路,1、追尾的,负全部责任,不负责任,1,贵ALN029,白,1,贵A18K27,银,自培,十一培,2004/11/21 0:00,1996/9/10 0:00,尼桑牌,雪佛兰牌,364567000000000000 ,36454651255551707X,198506,196111,10,4,4,工作日,非高峰,2015-04-24,2015年4月24日,阴 /小雨,16℃ / 11℃,东风 ≤3级 /东风 ≤3级,阴,小雨,16,11,东风,≤3级,东风,≤3级,day
2015-04-24 09:00:00,机场路,1、追尾的,负全部责任,不负责任,1,贵A56W47,白色,1,贵GY3006,白色,自培,十一培,2006/9/27 0:00,1998/12/28 0:00,保时捷,东风日产牌,366577000000000000 ,364548000000000000 ,197604,195906,9,4,4,工作日,早高峰(7-9点),2015-04-24,2015年4月24日,阴 /小雨,16℃ / 11℃,东风 ≤3级 /东风 ≤3级,阴,小雨,16,11,东风,≤3级,东风,≤3级,day
2015-04-24 09:45:00,花溪,1、追尾的,负全部责任,不负责任,1,贵A5270E,白色,1,贵AD4567,白色,（南明区）金大驾驶培训有限公司,自培,2008/1/4 0:00,2006/9/27 0:00,捷达牌,吉利牌,364558000000000000 ,366267000000000000 ,198002,198112,9,4,4,工作日,早高峰(7-9点),2015-04-24,2015年4月24日,阴 /小雨,16℃ / 11℃,东风 ≤3级 /东风 ≤3级,阴,小雨,16,11,东风,≤3级,东风,≤3级,day
2015-04-24 09:00:00,黔灵山路,7、未按规定让行的 ,负全部责任,不负责任,1,贵AUA746,蓝,1,贵AU7757,绿,（经开区）顺一驾驶培训有限公司,自培,2007/11/29 0:00,2001/8/27 0:00,宝来牌,捷达牌,36459551914053585X,366067000000000000 ,198904,197405,9,4,4,工作日,早高峰(7-9点),2015-04-24,2015年4月24日,阴 /小雨,16℃ / 11℃,东风 ≤3级 /东风 ≤3级,阴,小雨,16,11,东风,≤3级,东风,≤3级,day
2015-04-24 12:30:00,西二环,8、依法应负全责的其他情形,负全部责任,不负责任,1,红,红,1,贵A7406L,红,路路达驾校,自培,2013/5/29 0:00,2004/2/20 0:00,\N,五菱牌,36606751934564345X,366064000000000000 ,198501,197311,12,4,4,工作日,非高峰,2015-04-24,2015年4月24日,阴 /小雨,16℃ / 11℃,东风 ≤3级 /东风 ≤3级,阴,小雨,16,11,东风,≤3级,东风,≤3级,day
2015-04-24 12:08:00,长岭南路,1、追尾的,负全部责任,不负责任,1,贵AV7807,蓝,0,贵AU6833,绿,自培,自培,2006/10/19 0:00,2000/12/12 0:00,先锋牌,飞肯牌,366067000000000000 ,364558000000000000 ,197412,197301,12,4,4,工作日,非高峰,2015-04-24,2015年4月24日,阴 /小雨,16℃ / 11℃,东风 ≤3级 /东风 ≤3级,阴,小雨,16,11,东风,≤3级,东风,≤3级,day
2015-04-24 14:02:00,长岭北路,1、追尾的,负全部责任,不负责任,0,贵AN9312,银,1,贵ZS1679,白,（南明区）现代驾驶培训有限公司,-1,2008/12/5 0:00,-1,大河牌,-1,366669000000000000 ,366761000000000000 ,198205,198702,14,4,4,工作日,非高峰,2015-04-24,2015年4月24日,阴 /小雨,16℃ / 11℃,东风 ≤3级 /东风 ≤3级,阴,小雨,16,11,东风,≤3级,东风,≤3级,day
2015-04-24 13:30:00,花果园,7、未按规定让行的 ,负全部责任,不负责任,1,贵A63K44,银,0,川A4X461,黑,（乌当区）全林驾驶培训有限公司,-1,2009/11/12 0:00,-1,起亚,北京现代牌 ,364557000000000000 ,355464000000000000 ,199003,197806,13,4,4,工作日,非高峰,2015-04-24,2015年4月24日,阴 /小雨,16℃ / 11℃,东风 ≤3级 /东风 ≤3级,阴,小雨,16,11,东风,≤3级,东风,≤3级,day
2015-04-24 15:00:00,商贸城,8、依法应负全责的其他情形,负全部责任,不负责任,1,贵JDA935,银,1,贵CKW857,银,-1,贵州现代驾驶培训责任有限公司,-1,2013/12/17 0:00,吉利牌,宝马,65495500000000000 ,366567000000000000 ,198901,197711,15,4,4,工作日,非高峰,2015-04-24,2015年4月24日,阴 /小雨,16℃ / 11℃,东风 ≤3级 /东风 ≤3级,阴,小雨,16,11,东风,≤3级,东风,≤3级,day
2015-04-24 14:30:00,83,7、未按规定让行的 ,负全部责任,不负责任,1,贵ABR097,银,1,贵HX3129,银,-1,全林驾校,-1,2011/9/5 0:00,长安,五菱牌,364545000000 ,366564000000000000 ,230839,198507,14,4,4,工作日,非高峰,2015-04-24,2015年4月24日,阴 /小雨,16℃ / 11℃,东风 ≤3级 /东风 ≤3级,阴,小雨,16,11,东风,≤3级,东风,≤3级,day
2015-04-24 17:25:00,黄河路,1、追尾的,负全部责任,不负责任,1,川F51549,白色,1,贵ADD626,白色,（南明区）铁二局驾驶培训有限公司,520130,2008/8/7 0:00,2010/2/9 0:00,海马牌,迪马牌,354564000000000000 ,364548000000000000 ,197305,199008,17,4,4,工作日,晚高峰(17-19点),2015-04-24,2015年4月24日,阴 /小雨,16℃ / 11℃,东风 ≤3级 /东风 ≤3级,阴,小雨,16,11,东风,≤3级,东风,≤3级,day
2015-04-24 15:10:00,东林寺路,7、未按规定让行的 ,负全部责任,不负责任,1,贵ARL503,银,1,贵A49R47,蓝,（南明区）吉源驾驶培训有限公司,大地驾校,2006/4/26 0:00,2005/12/23 0:00,一汽佳星牌,梅赛德斯-奔驰牌,364596000000000000 ,364558000000000000 ,198610,198609,15,4,4,工作日,非高峰,2015-04-24,2015年4月24日,阴 /小雨,16℃ / 11℃,东风 ≤3级 /东风 ≤3级,阴,小雨,16,11,东风,≤3级,东风,≤3级,day
2015-04-24 17:00:00,小车河,1、追尾的,负全部责任,不负责任,1,贵AMH872,白,1,贵AV1863,白,文通驾校,省交校,2010/9/29 0:00,2012/12/20 0:00,中华牌,捷达牌,366766000000000000 ,364548000000000000 ,198203,199304,17,4,4,工作日,晚高峰(17-19点),2015-04-24,2015年4月24日,阴 /小雨,16℃ / 11℃,东风 ≤3级 /东风 ≤3级,阴,小雨,16,11,东风,≤3级,东风,≤3级,day
2015-04-24 16:40:00,长岭北路,3、倒车的,负全部责任,不负责任,1,贵ABV431,白,1,鄂A8E166,银,黔东南州凯利汽车驾驶培训学校,-1,2013/12/16 0:00,-1,神龙-富康,丰田牌 ,366263000000000000 ,61440500000000000 ,198911,196707,16,4,4,工作日,非高峰,2015-04-24,2015年4月24日,阴 /小雨,16℃ / 11℃,东风 ≤3级 /东风 ≤3级,阴,小雨,16,11,东风,≤3级,东风,≤3级,day
2015-04-24 17:30:00,北京西路,7、未按规定让行的 ,负全部责任,不负责任,1,贵FKB954,红,0,贵A82B95,红,路路达驾校,-1,2012/10/25 0:00,-1,-1,马自达牌,36606551284542768X,366054000000 ,196701,7289,17,4,4,工作日,晚高峰(17-19点),2015-04-24,2015年4月24日,阴 /小雨,16℃ / 11℃,东风 ≤3级 /东风 ≤3级,阴,小雨,16,11,东风,≤3级,东风,≤3级,day
2015-04-24 16:00:00,小河转盘,7、未按规定让行的 ,负全部责任,不负责任,1,贵AAC411,白色,1,贵AU7256,白色,（花溪区）高新十七驾驶培训有限公司,消防驾校,2009/1/21 0:00,2005/6/29 0:00,劲隆牌,福田牌,364548000000000000 ,366868000000000000 ,198404,197210,16,4,4,工作日,非高峰,2015-04-24,2015年4月24日,阴 /小雨,16℃ / 11℃,东风 ≤3级 /东风 ≤3级,阴,小雨,16,11,东风,≤3级,东风,≤3级,day
2015-04-24 17:30:00,沙冲北路,7、未按规定让行的 ,负全部责任,不负责任,1,贵AU8711,白色,1,贵A6EB30,白色,自培,消防,2005/8/17 0:00,2005/8/2 0:00,宝来牌,吉利美日牌,366068000000000000 ,364548000000000000 ,197311,196603,17,4,4,工作日,晚高峰(17-19点),2015-04-24,2015年4月24日,阴 /小雨,16℃ / 11℃,东风 ≤3级 /东风 ≤3级,阴,小雨,16,11,东风,≤3级,东风,≤3级,day
2015-04-24 15:00:00,西南环线,1、追尾的,负全部责任,不负责任,1,川A69S29,白色,1,贵JAP415,白色,贵大驾校,-1,2010/8/12 0:00,-1,福特牌,黄海牌,35476651155459931X,366876000000000000 ,199110,198101,15,4,4,工作日,非高峰,2015-04-24,2015年4月24日,阴 /小雨,16℃ / 11℃,东风 ≤3级 /东风 ≤3级,阴,小雨,16,11,东风,≤3级,东风,≤3级,day
2015-04-24 17:16:00,花溪大道,1、追尾的,负全部责任,不负责任,1,浙EYF112,白色,1,贵A642C4,白色,-1,铜仁隆达驾驶培训学校有限责任公司,-1,-1,雪佛兰牌,昌河牌,354654000000000000 ,726567000000000000 ,197309,197701,17,4,4,工作日,晚高峰(17-19点),2015-04-24,2015年4月24日,阴 /小雨,16℃ / 11℃,东风 ≤3级 /东风 ≤3级,阴,小雨,16,11,东风,≤3级,东风,≤3级,day
2015-04-24 20:00:00,孟关汽车城,1、追尾的,负全部责任,不负责任,1,贵AB0002,白色,1,贵A5624M,白色,-1,市交校,-1,2014/2/26 0:00,东本牌,朗风,36459000000000000 ,77568500000000000 ,988091,198511,20,4,4,工作日,非高峰,2015-04-24,2015年4月24日,阴 /小雨,16℃ / 11℃,东风 ≤3级 /东风 ≤3级,阴,小雨,16,11,东风,≤3级,东风,≤3级,night
2015-04-24 20:30:00,世纪城,3、倒车的,负全部责任,不负责任,1,贵AV9982,白,1,贵A95Y79,银,-1,铁二局驾校,-1,2010/2/4 0:00,宗申牌,雪佛兰牌,576166000000000000 ,364557000000000000 ,198105,198709,20,4,4,工作日,非高峰,2015-04-24,2015年4月24日,阴 /小雨,16℃ / 11℃,东风 ≤3级 /东风 ≤3级,阴,小雨,16,11,东风,≤3级,东风,≤3级,night
2015-04-24 13:00:00,中华路,1、追尾的,负全部责任,不负责任,1,贵AHK842,白色,1,川EZ4965,白色,自培,赤水市佳德驾驶培训学校,2000/11/24 0:00,-1,轩逸牌,雪佛兰牌,364548000000000000 ,366576000000000000 ,197211,199002,13,4,4,工作日,非高峰,2015-04-24,2015年4月24日,阴 /小雨,16℃ / 11℃,东风 ≤3级 /东风 ≤3级,阴,小雨,16,11,东风,≤3级,东风,≤3级,day
2015-04-24 12:58:00,黔灵山路,1、追尾的,负全部责任,不负责任,1,贵AV1662,黑,1,贵AKU899,银,自培,-1,2011/4/16 0:00,-1,力帆牌,风景,75669500000000000 ,66667500000000000 ,198604,196904,12,4,4,工作日,非高峰,2015-04-24,2015年4月24日,阴 /小雨,16℃ / 11℃,东风 ≤3级 /东风 ≤3级,阴,小雨,16,11,东风,≤3级,东风,≤3级,day
2015-04-24 17:10:00,省府路,8、依法应负全责的其他情形,负全部责任,不负责任,0,贵AKA696,银,1,贵A22F36,白,自培,全林驾校,2004/11/8 0:00,2013/9/18 0:00,东风雪铁龙牌,荣威牌,364556000000000000 ,366669000000000000 ,197507,198612,17,4,4,工作日,晚高峰(17-19点),2015-04-24,2015年4月24日,阴 /小雨,16℃ / 11℃,东风 ≤3级 /东风 ≤3级,阴,小雨,16,11,东风,≤3级,东风,≤3级,day
2015-04-24 18:40:00,小十字,7、未按规定让行的 ,负全部责任,不负责任,1,贵A43H42,白色,1,贵APS835,白色,自培,520134,2006/11/30 0:00,2007/10/11 0:00,奥迪牌,长安牌,364547000000000000 ,36454751914049495X,197304,198904,18,4,4,工作日,晚高峰(17-19点),2015-04-24,2015年4月24日,阴 /小雨,16℃ / 11℃,东风 ≤3级 /东风 ≤3级,阴,小雨,16,11,东风,≤3级,东风,≤3级,day
2015-04-24 17:40:00,服务大楼,1、追尾的,负全部责任,不负责任,1,贵AT4715,银,1,粤B903DF,银,自培,-1,2001/11/12 0:00,-1,奔野牌,吉利美日牌,364545000000 ,366869000000000000 ,292471,196408,17,4,4,工作日,晚高峰(17-19点),2015-04-24,2015年4月24日,阴 /小雨,16℃ / 11℃,东风 ≤3级 /东风 ≤3级,阴,小雨,16,11,东风,≤3级,东风,≤3级,day
2015-04-24 12:50:00,万江小区,3、倒车的,负全部责任,不负责任,1,贵AWM639,白,1,贵AJ1259,黑,520118,十一培,2005/7/12 0:00,1995/7/9 0:00,-1,东南,366876000000000000 ,364547000000000000 ,195707,196006,12,4,4,工作日,非高峰,2015-04-24,2015年4月24日,阴 /小雨,16℃ / 11℃,东风 ≤3级 /东风 ≤3级,阴,小雨,16,11,东风,≤3级,东风,≤3级,day
2015-04-24 17:30:00,新添大道,7、未按规定让行的 ,负全部责任,不负责任,1,贵A4BY81,白,1,贵AU3751,绿,长运驾校,十一培,2014/1/18 0:00,1995/12/30 0:00,长安牌,望龙牌,364556000000000000 ,364557000000000000 ,199107,197009,17,4,4,工作日,晚高峰(17-19点),2015-04-24,2015年4月24日,阴 /小雨,16℃ / 11℃,东风 ≤3级 /东风 ≤3级,阴,小雨,16,11,东风,≤3级,东风,≤3级,day
2015-04-24 18:18:00,合肥路,7、未按规定让行的 ,负全部责任,不负责任,1,贵AFU102,白,1,贵A7BG46,白,-1,自培,-1,2009/9/1 0:00,北京现代牌,奥迪牌,356164000000000000 ,366764000000000000 ,197209,198707,18,4,4,工作日,晚高峰(17-19点),2015-04-24,2015年4月24日,阴 /小雨,16℃ / 11℃,东风 ≤3级 /东风 ≤3级,阴,小雨,16,11,东风,≤3级,东风,≤3级,day
2015-04-24 18:00:00,金燕路,7、未按规定让行的 ,负全部责任,不负责任,1,贵GL7832,银,1,贵A4524V,红,-1,-1,-1,-1,丰田牌,奥路卡牌,357267000000000000 ,76146500000000000 ,198210,197808,18,4,4,工作日,晚高峰(17-19点),2015-04-24,2015年4月24日,阴 /小雨,16℃ / 11℃,东风 ≤3级 /东风 ≤3级,阴,小雨,16,11,东风,≤3级,东风,≤3级,day
2015-04-24 19:00:00,百花山渔安隧道,7、未按规定让行的 ,负全部责任,不负责任,1,贵AKQ146,白色,1,贵A33J86,白色,新天驾校,铁二局驾校,2012/1/30 0:00,2010/11/15 0:00,思威牌,大众牌,364548000000000000 ,364547000000000000 ,199204,199005,19,4,4,工作日,晚高峰(17-19点),2015-04-24,2015年4月24日,阴 /小雨,16℃ / 11℃,东风 ≤3级 /东风 ≤3级,阴,小雨,16,11,东风,≤3级,东风,≤3级,day
2015-04-24 22:00:00,沙冲路,7、未按规定让行的 ,负全部责任,不负责任,1,贵AU0341,白色,1,贵A43381,白色,（南明区）阳光驾驶培训有限公司,财院驾校,2010/2/11 0:00,2004/12/7 0:00,千里马牌,富雅达,364547000000000000 ,366068000000000000 ,196611,197610,22,4,4,工作日,非高峰,2015-04-24,2015年4月24日,阴 /小雨,16℃ / 11℃,东风 ≤3级 /东风 ≤3级,阴,小雨,16,11,东风,≤3级,东风,≤3级,night
2015-04-24 22:11:00,春雷路,7、未按规定让行的 ,负全部责任,不负责任,1,贵A6789S,蓝,1,贵AAX767,银,（观山湖区）诚信驾驶培训有限公司,-1,2008/7/8 0:00,-1,大众汽车牌,广汽菲亚特牌,364548000000000000 ,364547000000000000 ,198606,187912,22,4,4,工作日,非高峰,2015-04-24,2015年4月24日,阴 /小雨,16℃ / 11℃,东风 ≤3级 /东风 ≤3级,阴,小雨,16,11,东风,≤3级,东风,≤3级,night
2015-04-24 18:00:00,金朱东路,1、追尾的,负全部责任,不负责任,1,贵A51R11,黑,1,贵GE5778,黑,520112,预约考试窗口,2008/8/21 0:00,2006/8/31 0:00,丰田牌,大众汽车牌,36456751984267567X,364557000000000000 ,198706,196411,18,4,4,工作日,晚高峰(17-19点),2015-04-24,2015年4月24日,阴 /小雨,16℃ / 11℃,东风 ≤3级 /东风 ≤3级,阴,小雨,16,11,东风,≤3级,东风,≤3级,day
2015-04-24 21:00:00,瑞金北路,7、未按规定让行的 ,负全部责任,不负责任,1,贵A66P89,黑,1,贵AB2815,白,自培,景宏驾校,2003/10/1 0:00,2012/8/27 0:00,大众汽车牌,宗申牌,364548000000000000 ,364547000000000000 ,198507,197306,21,4,4,工作日,非高峰,2015-04-24,2015年4月24日,阴 /小雨,16℃ / 11℃,东风 ≤3级 /东风 ≤3级,阴,小雨,16,11,东风,≤3级,东风,≤3级,night
2015-04-24 23:00:00,王家桥,7、未按规定让行的 ,负全部责任,不负责任,1,贵H55289,白色,1,贵AB780B,黑色,-1,诚信驾驶培训学校,-1,2012/10/31 0:00,奥迪,梅赛德斯-奔驰,366269000000000000 ,366577000000000000 ,197405,198706,23,4,4,工作日,非高峰,2015-04-24,2015年4月24日,阴 /小雨,16℃ / 11℃,东风 ≤3级 /东风 ≤3级,阴,小雨,16,11,东风,≤3级,东风,≤3级,night
2015-04-25 08:45:00,经纬驾驶员城,7、未按规定让行的 ,负全部责任,不负责任,1,贵AMN619,白色,1,贵AU4984,白色,自培,贵州现代驾驶培训责任有限公司,2010/6/13 0:00,1992/7/17 0:00,五菱牌,捷达牌,364556000000000000 ,366864000000000000 ,197801,196901,8,5,4,工作日,早高峰(7-9点),2015-04-25,2015年4月25日,阴 /阵雨,20℃ / 11℃,东风 ≤3级 /东南风 ≤3级,阴,阵雨,20,11,东风,≤3级,东南风,≤3级,day
2015-04-25 08:50:00,宝山北路,8、依法应负全责的其他情形,负全部责任,不负责任,1,贵A87H25,银,1,贵JBP827,红,自培,铁二局驾校,2001/4/27 0:00,2013/7/22 0:00,菲亚特,福克斯牌,366368000000000000 ,366669000000000000 ,196810,195609,8,5,4,工作日,早高峰(7-9点),2015-04-25,2015年4月25日,阴 /阵雨,20℃ / 11℃,东风 ≤3级 /东南风 ≤3级,阴,阵雨,20,11,东风,≤3级,东南风,≤3级,day