accidenttime,accidentaddr,driver1fault,driver1responsibility,driver2responsibility,sex1,platenumber1,carcolor1,sex2,platenumber2,carcolor2,jxmc1,jxmc2,cclzrq1,cclzrq2,clpp1,clpp2,driver1license,driver2license,brith1,brith2,hour,weekday,month,is_weekday,peak_hour,date,日期,天气状况,气温,风力风向,day_wea,night_wea,day_tep,night_tep,day_wind_direction,day_wind_speed,night_wind_direction,night_wind_speed,segment
2015-04-25 08:30:00,乌当,1、追尾的,负全部责任,不负责任,1,贵GX9744,白,1,贵AB539V,红,520132,-1,2009/3/16 0:00,-1,传祺牌,雪佛兰,364547000000000000 ,36636651934342445X,198912,198505,8,5,4,工作日,早高峰(7-9点),2015-04-25,2015年4月25日,阴 /阵雨,20℃ / 11℃,东风 ≤3级 /东南风 ≤3级,阴,阵雨,20,11,东风,≤3级,东南风,≤3级,day
2015-04-24 21:10:00,瑞金北路,9、不符合前8款规定或者双方同时具有上述情形的,负同等责任,负同等责任,1,贵A3BG27,银,1,贵AJG797,黑,自培,520106,2013/10/21 0:00,2009/11/23 0:00,奥迪牌,华泰圣达菲牌,36454751844068374X,366562000000000000 ,197004,198509,21,4,4,工作日,非高峰,2015-04-24,2015年4月24日,阴 /小雨,16℃ / 11℃,东风 ≤3级 /东风 ≤3级,阴,小雨,16,11,东风,≤3级,东风,≤3级,night
2015-04-24 21:30:00,都司路,7、未按规定让行的 ,负全部责任,不负责任,0,贵ADP264,白,1,贵A7AB82,白,自培,十一驾驶培训有限公司,2006/12/4 0:00,2010/10/12 0:00,海马牌,雪佛兰牌,364548000000000000 ,364548000000000000 ,197911,199103,21,4,4,工作日,非高峰,2015-04-24,2015年4月24日,阴 /小雨,16℃ / 11℃,东风 ≤3级 /东风 ≤3级,阴,小雨,16,11,东风,≤3级,东风,≤3级,night
2015-04-25 08:00:00,黄河南路,1、追尾的,负全部责任,不负责任,1,贵AU6121,白色,1,贵AU6975,白色,吉源驾校（南明区）,十一培,2001/9/19 0:00,1990/1/12 0:00,飞肯牌,黄海牌,366361000000000000 ,364548000000000000 ,197910,196004,8,5,4,工作日,早高峰(7-9点),2015-04-25,2015年4月25日,阴 /阵雨,20℃ / 11℃,东风 ≤3级 /东南风 ≤3级,阴,阵雨,20,11,东风,≤3级,东南风,≤3级,day
2015-04-24 20:26:00,万东桥,7、未按规定让行的 ,负全部责任,不负责任,1,贵FH3809,银,1,贵AU3591,蓝,自培,十一培,2004/7/29 0:00,1995/5/21 0:00,长安牌,嘉陵牌,354675000000000000 ,364547000000000000 ,197608,196201,20,4,4,工作日,非高峰,2015-04-24,2015年4月24日,阴 /小雨,16℃ / 11℃,东风 ≤3级 /东风 ≤3级,阴,小雨,16,11,东风,≤3级,东风,≤3级,night
2015-04-25 04:00:00,飞山街,7、未按规定让行的 ,负全部责任,不负责任,1,贵AMS932,白,1,贵AU1703,白,-1,自培,1965/12/8 0:00,2002/10/14 0:00,马自达牌,豪进牌,364548000000000000 ,364548000000000000 ,194510,197202,4,5,4,工作日,非高峰,2015-04-25,2015年4月25日,阴 /阵雨,20℃ / 11℃,东风 ≤3级 /东南风 ≤3级,阴,阵雨,20,11,东风,≤3级,东南风,≤3级,night
2015-04-25 08:15:00,云岩区,3、倒车的,负全部责任,不负责任,1,贵ABJ965,银,1,贵A6BX29,红,诚信驾驶培训学校,自培,2012/7/12 0:00,2002/9/19 0:00,金杯牌,别克牌,355266000000000000 ,36454751394160697X,198710,195809,8,5,4,工作日,早高峰(7-9点),2015-04-25,2015年4月25日,阴 /阵雨,20℃ / 11℃,东风 ≤3级 /东南风 ≤3级,阴,阵雨,20,11,东风,≤3级,东南风,≤3级,day
2015-04-25 09:30:00,铝兴路,7、未按规定让行的 ,负全部责任,不负责任,1,贵A5968B,白,1,贵AC296A,白,-1,自培,-1,2008/3/12 0:00,中华牌,哈弗牌,366667000000000000 ,364568000000000000 ,197901,198601,9,5,4,工作日,早高峰(7-9点),2015-04-25,2015年4月25日,阴 /阵雨,20℃ / 11℃,东风 ≤3级 /东南风 ≤3级,阴,阵雨,20,11,东风,≤3级,东南风,≤3级,day
2015-04-25 09:40:00,小河平桥,7、未按规定让行的 ,负全部责任,不负责任,1,贵A824F4,白色,1,贵A54390,白色,文通驾校,自培,2011/10/30 0:00,2002/9/20 0:00,华神牌,北方奔驰,364556000000000000 ,366361000000000000 ,198004,196905,9,5,4,工作日,早高峰(7-9点),2015-04-25,2015年4月25日,阴 /阵雨,20℃ / 11℃,东风 ≤3级 /东南风 ≤3级,阴,阵雨,20,11,东风,≤3级,东南风,≤3级,day
2015-04-25 08:20:00,贵开路,1、追尾的,负全部责任,不负责任,1,贵GN1589,白,1,贵AU6314,绿,新天驾校,铁二局驾校,2012/4/9 0:00,1997/7/22 0:00,福克斯牌,宗申牌,704963000000000000 ,364548000000000000 ,199108,197211,8,5,4,工作日,早高峰(7-9点),2015-04-25,2015年4月25日,阴 /阵雨,20℃ / 11℃,东风 ≤3级 /东南风 ≤3级,阴,阵雨,20,11,东风,≤3级,东南风,≤3级,day
2015-04-25 09:30:00,石板,7、未按规定让行的 ,负全部责任,不负责任,1,贵A32113,白色,1,冀J03071,白色,贵州省黔南交通驾驶学校,凯信驾校,-1,2014/8/19 0:00,奥迪,华利,366867000000000000 ,366068000000000000 ,197403,199601,9,5,4,工作日,早高峰(7-9点),2015-04-25,2015年4月25日,阴 /阵雨,20℃ / 11℃,东风 ≤3级 /东南风 ≤3级,阴,阵雨,20,11,东风,≤3级,东南风,≤3级,day
2015-04-25 00:00:00,大关,7、未按规定让行的 ,负全部责任,不负责任,0,贵A86H53,白,1,贵A77681,银,路路达驾校,青正驾校,2014/9/2 0:00,2014/1/7 0:00,大众汽车牌,柳特神力牌,364557000000000000 ,36459551165653625X,199202,199212,0,5,4,工作日,非高峰,2015-04-25,2015年4月25日,阴 /阵雨,20℃ / 11℃,东风 ≤3级 /东南风 ≤3级,阴,阵雨,20,11,东风,≤3级,东南风,≤3级,night
2015-04-25 10:00:00,师大,1、追尾的,负全部责任,不负责任,1,贵ADE768,红,1,桂ADY883,蓝,（南明区）长运驾驶培训有限公司,-1,2004/12/9 0:00,-1,明锐牌,比亚迪牌,364547000000000000 ,366546000000000000 ,195908,196204,10,5,4,工作日,非高峰,2015-04-25,2015年4月25日,阴 /阵雨,20℃ / 11℃,东风 ≤3级 /东南风 ≤3级,阴,阵雨,20,11,东风,≤3级,东南风,≤3级,day
2015-04-25 00:35:00,西二环,7、未按规定让行的 ,负全部责任,不负责任,1,贵A836H5,白,1,贵A7743U,红,（白云区）消防驾驶培训学校,-1,2007/5/31 0:00,-1,解放牌,哈飞牌,364596000000000000 ,36606100000000 ,198703,199507,0,5,4,工作日,非高峰,2015-04-25,2015年4月25日,阴 /阵雨,20℃ / 11℃,东风 ≤3级 /东南风 ≤3级,阴,阵雨,20,11,东风,≤3级,东南风,≤3级,night
2015-04-25 12:40:00,解放路,3、倒车的,负全部责任,不负责任,1,贵A3CB99,白色,1,贵A672B1,白色,-1,贵大驾校,-1,2011/2/16 0:00,雷克萨斯,田野牌,366067000000000000 ,364568000000000000 ,198207,199012,12,5,4,工作日,非高峰,2015-04-25,2015年4月25日,阴 /阵雨,20℃ / 11℃,东风 ≤3级 /东南风 ≤3级,阴,阵雨,20,11,东风,≤3级,东南风,≤3级,day
2015-04-25 11:00:00,贵惠大道,7、未按规定让行的 ,负全部责任,不负责任,1,贵A26P28,白色,1,贵A32Z89,白色,（乌当区）新天驾驶培训有限公司,-1,2007/6/21 0:00,-1,大众汽车牌,发现,364547000000000000 ,366046000000000000 ,198308,197812,11,5,4,工作日,非高峰,2015-04-25,2015年4月25日,阴 /阵雨,20℃ / 11℃,东风 ≤3级 /东南风 ≤3级,阴,阵雨,20,11,东风,≤3级,东南风,≤3级,day
2015-04-25 13:05:00,三桥,1、追尾的,负全部责任,不负责任,1,贵A98890,红,1,贵A21S17,银,自培,-1,2004/8/17 0:00,-1,中能牌,福特,356170000000000000 ,54543500000000000 ,197310,197208,13,5,4,工作日,非高峰,2015-04-25,2015年4月25日,阴 /阵雨,20℃ / 11℃,东风 ≤3级 /东南风 ≤3级,阴,阵雨,20,11,东风,≤3级,东南风,≤3级,day
2015-04-25 12:30:00,金阳,4、停车时未挂低速档、未拉驻车制动，导致车辆滑行的,负全部责任,不负责任,1,鄂PS74155,白,1,贵A75665,白,自培,-1,2010/7/13 0:00,-1,\N,嘉陵,64297500000000000 ,36345500000000000 ,196710,197806,12,5,4,工作日,非高峰,2015-04-25,2015年4月25日,阴 /阵雨,20℃ / 11℃,东风 ≤3级 /东南风 ≤3级,阴,阵雨,20,11,东风,≤3级,东南风,≤3级,day
2015-04-25 12:00:00,黄河路,3、倒车的,负全部责任,不负责任,1,贵AGL266,白色,1,贵GP7921,白色,自培,-1,2006/7/11 0:00,-1,东南牌,长安牌,364547000000000000 ,364547000000000000 ,197304,197407,12,5,4,工作日,非高峰,2015-04-25,2015年4月25日,阴 /阵雨,20℃ / 11℃,东风 ≤3级 /东南风 ≤3级,阴,阵雨,20,11,东风,≤3级,东南风,≤3级,day
2015-04-25 05:00:00,枣山路,7、未按规定让行的 ,负全部责任,不负责任,1,贵GY3375,黑,1,贵A29L78,白,（南明区）金大驾驶培训有限公司,十一培,2015/2/16 0:00,1996/9/10 0:00,雅尊,森林人,364548000000000000 ,364547000000000000 ,196602,195806,5,5,4,工作日,非高峰,2015-04-25,2015年4月25日,阴 /阵雨,20℃ / 11℃,东风 ≤3级 /东南风 ≤3级,阴,阵雨,20,11,东风,≤3级,东南风,≤3级,night
2015-04-25 11:54:00,沙冲路,1、追尾的,负全部责任,不负责任,1,贵AU6394,白色,1,贵ANC228,白色,遵义市泥桥诚兴汽车驾驶培训学校,十一培,2010/2/23 0:00,1992/12/9 0:00,捷达牌,别克牌,366575000000000000 ,364547000000000000 ,199007,195101,11,5,4,工作日,非高峰,2015-04-25,2015年4月25日,阴 /阵雨,20℃ / 11℃,东风 ≤3级 /东南风 ≤3级,阴,阵雨,20,11,东风,≤3级,东南风,≤3级,day
2015-04-25 12:05:00,北京西路,1、追尾的,负全部责任,不负责任,1,贵AVF935,白,1,贵AEY474,白,诚信驾驶培训学校,十一培,2014/1/16 0:00,1996/1/8 0:00,五菱牌,丰田牌,74365500000000000 ,366367000000000000 ,199009,197109,12,5,4,工作日,非高峰,2015-04-25,2015年4月25日,阴 /阵雨,20℃ / 11℃,东风 ≤3级 /东南风 ≤3级,阴,阵雨,20,11,东风,≤3级,东南风,≤3级,day
2015-04-25 12:40:00,东新路口,7、未按规定让行的 ,负全部责任,不负责任,1,贵A58H45,白色,1,贵AEY814,白色,自培,十一培,2001/10/10 0:00,1998/7/24 0:00,大众汽车牌,丰田牌,36454751964061006X,364548000000000000 ,198204,198002,12,5,4,工作日,非高峰,2015-04-25,2015年4月25日,阴 /阵雨,20℃ / 11℃,东风 ≤3级 /东南风 ≤3级,阴,阵雨,20,11,东风,≤3级,东南风,≤3级,day
2015-04-25 10:35:00,小关隧道,1、追尾的,负全部责任,不负责任,1,云A6768J,黑,1,贵AGK131,银,自培,十一培,2003/7/24 0:00,1991/10/19 0:00,长安牌,夏利牌,74063500000000000 ,364547000000000000 ,197002,196610,10,5,4,工作日,非高峰,2015-04-25,2015年4月25日,阴 /阵雨,20℃ / 11℃,东风 ≤3级 /东南风 ≤3级,阴,阵雨,20,11,东风,≤3级,东南风,≤3级,day
2015-04-25 11:10:00,瑞金中路,8、依法应负全责的其他情形,负全部责任,不负责任,1,贵AUA439,白,1,贵AU7301,绿,自培,十一培,2000/7/20 0:00,1999/9/23 0:00,丰田牌,捷达牌,364547000000000000 ,364547000000000000 ,196102,198010,11,5,4,工作日,非高峰,2015-04-25,2015年4月25日,阴 /阵雨,20℃ / 11℃,东风 ≤3级 /东南风 ≤3级,阴,阵雨,20,11,东风,≤3级,东南风,≤3级,day
2015-04-25 12:32:00,金阳北路,1、追尾的,负全部责任,不负责任,1,贵A345G3,银,1,贵AC356G,白,自培,十一培,2014/8/28 0:00,1997/10/14 0:00,五菱牌,丰田,355266000000000000 ,364558000000000000 ,199511,196806,12,5,4,工作日,非高峰,2015-04-25,2015年4月25日,阴 /阵雨,20℃ / 11℃,东风 ≤3级 /东南风 ≤3级,阴,阵雨,20,11,东风,≤3级,东南风,≤3级,day
2015-04-25 11:25:00,邮电大楼,7、未按规定让行的 ,负全部责任,不负责任,0,贵GX5177,红,1,贵AR1694,银,自培,十一培,2010/12/6 0:00,1994/8/9 0:00,起亚牌,金洪牌,364558000000000000 ,364547000000000000 ,198609,196504,11,5,4,工作日,非高峰,2015-04-25,2015年4月25日,阴 /阵雨,20℃ / 11℃,东风 ≤3级 /东南风 ≤3级,阴,阵雨,20,11,东风,≤3级,东南风,≤3级,day
2015-04-25 12:30:00,猫洞村,9、不符合前8款规定或者双方同时具有上述情形的,负同等责任,负同等责任,1,贵GEP684,白色,1,贵AE9144,白色,-1,自培,-1,2002/4/1 0:00,-1,嘉陵牌,734596000000000000 ,734569000000000000 ,198009,197404,12,5,4,工作日,非高峰,2015-04-25,2015年4月25日,阴 /阵雨,20℃ / 11℃,东风 ≤3级 /东南风 ≤3级,阴,阵雨,20,11,东风,≤3级,东南风,≤3级,day
2015-04-25 09:30:00,太慈桥,8、依法应负全责的其他情形,负全部责任,不负责任,1,贵E2227,银,1,贵A64Y24,红,自培,自培,2011/9/24 0:00,2013/8/20 0:00,-1,宝马,366761000000000000 ,366068000000000000 ,199107,197707,9,5,4,工作日,早高峰(7-9点),2015-04-25,2015年4月25日,阴 /阵雨,20℃ / 11℃,东风 ≤3级 /东南风 ≤3级,阴,阵雨,20,11,东风,≤3级,东南风,≤3级,day
2015-04-25 13:33:00,三桥,3、倒车的,负全部责任,不负责任,1,贵A4585466,红,1,贵GY4818,黑,-1,-1,-1,-1,-1,大众牌,366164000000000000 ,364546000000 ,198903,489750,13,5,4,工作日,非高峰,2015-04-25,2015年4月25日,阴 /阵雨,20℃ / 11℃,东风 ≤3级 /东南风 ≤3级,阴,阵雨,20,11,东风,≤3级,东南风,≤3级,day
2015-04-25 13:54:00,友谊路,7、未按规定让行的 ,负全部责任,不负责任,1,贵AR9688,银,0,贵J12798,白,-1,-1,-1,-1,丰田牌,福特牌,364547000000000000 ,366862000000000000 ,198507,197010,13,5,4,工作日,非高峰,2015-04-25,2015年4月25日,阴 /阵雨,20℃ / 11℃,东风 ≤3级 /东南风 ≤3级,阴,阵雨,20,11,东风,≤3级,东南风,≤3级,day
2015-04-25 16:30:00,营盘路,3、倒车的,负全部责任,不负责任,1,贵A88769,白色,1,贵AVF274,白色,-1,全林驾校,-1,2014/8/28 0:00,长安,北京现代牌,506875000000000000 ,366068000000000000 ,196902,198906,16,5,4,工作日,非高峰,2015-04-25,2015年4月25日,阴 /阵雨,20℃ / 11℃,东风 ≤3级 /东南风 ≤3级,阴,阵雨,20,11,东风,≤3级,东南风,≤3级,day
2015-04-25 14:00:00,中华南路,8、依法应负全责的其他情形,负全部责任,不负责任,1,贵AHD483,白色,1,贵A95H99,白色,自培,（白云区）消防驾驶培训学校,2014/8/12 0:00,-1,夏利牌,谛艾仕牌,36636351224062915X,355470000000000000 ,196604,198508,14,5,4,工作日,非高峰,2015-04-25,2015年4月25日,阴 /阵雨,20℃ / 11℃,东风 ≤3级 /东南风 ≤3级,阴,阵雨,20,11,东风,≤3级,东南风,≤3级,day
2015-04-25 12:40:00,花溪,1、追尾的,负全部责任,不负责任,1,贵A64G91,白色,1,贵FV0227,白色,铁二局驾校,自培,2014/11/24 0:00,2012/7/20 0:00,雪佛兰牌,双庆牌,366661000000000000 ,364548000000000000 ,198312,198502,12,5,4,工作日,非高峰,2015-04-25,2015年4月25日,阴 /阵雨,20℃ / 11℃,东风 ≤3级 /东南风 ≤3级,阴,阵雨,20,11,东风,≤3级,东南风,≤3级,day
2015-04-25 15:40:00,沙冲路,7、未按规定让行的 ,负全部责任,不负责任,1,贵AU5294,绿,1,贵A23F72,银,新天驾校,-1,2010/10/15 0:00,-1,爱立新牌,长城牌,36636651955646795X,767775000000000000 ,198112,197008,15,5,4,工作日,非高峰,2015-04-25,2015年4月25日,阴 /阵雨,20℃ / 11℃,东风 ≤3级 /东南风 ≤3级,阴,阵雨,20,11,东风,≤3级,东南风,≤3级,day
2015-04-25 14:00:00,花溪,7、未按规定让行的 ,负全部责任,不负责任,1,贵A91403,白色,1,贵AV6914,白色,十一驾校（经开区）,自培,2014/2/14 0:00,2003/6/19 0:00,豪泺牌,建设牌,357475000000000000 ,364557000000000000 ,198503,196707,14,5,4,工作日,非高峰,2015-04-25,2015年4月25日,阴 /阵雨,20℃ / 11℃,东风 ≤3级 /东南风 ≤3级,阴,阵雨,20,11,东风,≤3级,东南风,≤3级,day
2015-04-25 15:30:00,乌当,7、未按规定让行的 ,负全部责任,不负责任,1,贵A3198Y,银,1,鲁N48W99,黑,自培,-1,2014/7/18 0:00,-1,大众汽车牌,宝马,364557000000000000 ,785047000000000000 ,197110,198409,15,5,4,工作日,非高峰,2015-04-25,2015年4月25日,阴 /阵雨,20℃ / 11℃,东风 ≤3级 /东南风 ≤3级,阴,阵雨,20,11,东风,≤3级,东南风,≤3级,day
2015-04-25 14:30:00,中山东路,1、追尾的,负全部责任,不负责任,1,贵GV4280,白,1,贵ARP126,银,诚信驾驶培训学校,-1,2011/9/5 0:00,-1,大众牌,海马牌,36454651854149605X,366064000000000000 ,197109,197803,14,5,4,工作日,非高峰,2015-04-25,2015年4月25日,阴 /阵雨,20℃ / 11℃,东风 ≤3级 /东南风 ≤3级,阴,阵雨,20,11,东风,≤3级,东南风,≤3级,day
2015-04-25 16:00:00,南二环,7、未按规定让行的 ,负全部责任,不负责任,1,贵APP537,红,1,贵AK5884,白,-1,遵义市祥顺机动车驾驶培训学校,-1,2005/4/30 0:00,北京现代,豪爵牌,366064000000000000 ,36406351964662445X,198107,198202,16,5,4,工作日,非高峰,2015-04-25,2015年4月25日,阴 /阵雨,20℃ / 11℃,东风 ≤3级 /东南风 ≤3级,阴,阵雨,20,11,东风,≤3级,东南风,≤3级,day
2015-04-25 13:42:00,交通医院,1、追尾的,负全部责任,不负责任,1,贵ARY997,白色,1,贵A2BL76,白色,自培,-1,2003/7/17 0:00,-1,大众汽车牌,丰田牌,364547000000000000 ,366566000000000000 ,195806,198011,13,5,4,工作日,非高峰,2015-04-25,2015年4月25日,阴 /阵雨,20℃ / 11℃,东风 ≤3级 /东南风 ≤3级,阴,阵雨,20,11,东风,≤3级,东南风,≤3级,day
2015-04-25 13:30:00,世纪金源,1、追尾的,负全部责任,不负责任,1,贵AU6285,绿,1,贵A8915K,红,铁二局驾校,-1,2010/1/4 0:00,-1,迅龙牌,长安牌,366068000000000000 ,366064000000000000 ,197711,198808,13,5,4,工作日,非高峰,2015-04-25,2015年4月25日,阴 /阵雨,20℃ / 11℃,东风 ≤3级 /东南风 ≤3级,阴,阵雨,20,11,东风,≤3级,东南风,≤3级,day
2015-04-25 15:30:00,金燕路,8、依法应负全责的其他情形,负全部责任,不负责任,1,贵A587F5,白,1,贵D34663,银,-1,公交（集团）驾校（云岩区）,-1,2004/5/27 0:00,解放牌,大众汽车牌,366546000000000000 ,364558000000000000 ,198108,197407,15,5,4,工作日,非高峰,2015-04-25,2015年4月25日,阴 /阵雨,20℃ / 11℃,东风 ≤3级 /东南风 ≤3级,阴,阵雨,20,11,东风,≤3级,东南风,≤3级,day
2015-04-25 18:00:00,野鸭乡,8、依法应负全责的其他情形,负全部责任,不负责任,1,贵A59K76,白,1,贵A9268T,白,贵州省长安驾驶培训学校,-1,2014/11/25 0:00,-1,福克斯牌,金杯牌,364557000000000000 ,366064000000000000 ,198602,199409,18,5,4,工作日,晚高峰(17-19点),2015-04-25,2015年4月25日,阴 /阵雨,20℃ / 11℃,东风 ≤3级 /东南风 ≤3级,阴,阵雨,20,11,东风,≤3级,东南风,≤3级,day
2015-04-25 18:20:00,北京西路,7、未按规定让行的 ,负全部责任,不负责任,1,贵A99624,黄,1,贵AA858B,银,十一驾驶培训有限公司,-1,2011/8/18 0:00,-1,陕汽牌,北京牌,366367000000000000 ,65746500000000000 ,198911,199002,18,5,4,工作日,晚高峰(17-19点),2015-04-25,2015年4月25日,阴 /阵雨,20℃ / 11℃,东风 ≤3级 /东南风 ≤3级,阴,阵雨,20,11,东风,≤3级,东南风,≤3级,day
2015-04-25 16:00:00,电视机厂,7、未按规定让行的 ,负全部责任,不负责任,1,贵APP788,白色,1,贵AKL694,白色,自培,-1,2000/12/5 0:00,-1,北斗星,江铃牌,364547000000000000 ,366664000000000000 ,196603,198511,16,5,4,工作日,非高峰,2015-04-25,2015年4月25日,阴 /阵雨,20℃ / 11℃,东风 ≤3级 /东南风 ≤3级,阴,阵雨,20,11,东风,≤3级,东南风,≤3级,day
2015-04-25 12:40:00,航天大道,7、未按规定让行的 ,负全部责任,不负责任,1,贵A65L99,白,1,贵GP1242,银,自培,（乌当区）平安驾驶培训有限公司,2004/4/26 0:00,2012/4/1 0:00,福田牌,吉利美日牌,366361000000000000 ,364566000000000000 ,198210,199308,12,5,4,工作日,非高峰,2015-04-25,2015年4月25日,阴 /阵雨,20℃ / 11℃,东风 ≤3级 /东南风 ≤3级,阴,阵雨,20,11,东风,≤3级,东南风,≤3级,day
2015-04-25 15:30:00,瑞金南路,7、未按规定让行的 ,负全部责任,不负责任,1,贵ACS145,白色,1,贵AG8648,白色,自培,-1,2001/12/11 0:00,-1,迈腾牌,华骏牌,364548000000000000 ,366246000000000000 ,196809,197007,15,5,4,工作日,非高峰,2015-04-25,2015年4月25日,阴 /阵雨,20℃ / 11℃,东风 ≤3级 /东南风 ≤3级,阴,阵雨,20,11,东风,≤3级,东南风,≤3级,day
2015-04-25 13:10:00,西二环,1、追尾的,负全部责任,不负责任,0,贵A551G4,白,1,贵AJ2681,银,（南明区）吉源驾驶培训有限公司,十一培,2006/7/13 0:00,1998/1/12 0:00,江铃牌,嘉陵牌,366067000000000000 ,364547000000000000 ,197412,196304,13,5,4,工作日,非高峰,2015-04-25,2015年4月25日,阴 /阵雨,20℃ / 11℃,东风 ≤3级 /东南风 ≤3级,阴,阵雨,20,11,东风,≤3级,东南风,≤3级,day
2015-04-25 15:57:00,永乐路,7、未按规定让行的 ,负全部责任,不负责任,1,贵A47L75,白,1,贵ABY344,黄,-1,自培,-1,2002/1/8 0:00,福克斯牌,朗风牌,366067000000000000 ,364548000000000000 ,198212,198009,15,5,4,工作日,非高峰,2015-04-25,2015年4月25日,阴 /阵雨,20℃ / 11℃,东风 ≤3级 /东南风 ≤3级,阴,阵雨,20,11,东风,≤3级,东南风,≤3级,day
2015-04-25 18:00:00,箭道街,7、未按规定让行的 ,负全部责任,不负责任,1,贵AB8789,红,1,贵APN585,银,（经开区）金安驾驶培训有限公司,自培,2009/9/1 0:00,2005/2/1 0:00,双狮牌,吉利美日牌,364547000000000000 ,364556000000000000 ,198804,198006,18,5,4,工作日,晚高峰(17-19点),2015-04-25,2015年4月25日,阴 /阵雨,20℃ / 11℃,东风 ≤3级 /东南风 ≤3级,阴,阵雨,20,11,东风,≤3级,东南风,≤3级,day
2015-04-25 15:00:00,小河,3、倒车的,负全部责任,不负责任,1,贵ARM622,白色,1,贵ACQ629,白色,自培,自培,2004/5/10 0:00,2003/12/23 0:00,江淮牌,佳乐,54869500000000000 ,364551000000000000 ,198006,197409,15,5,4,工作日,非高峰,2015-04-25,2015年4月25日,阴 /阵雨,20℃ / 11℃,东风 ≤3级 /东南风 ≤3级,阴,阵雨,20,11,东风,≤3级,东南风,≤3级,day
2015-04-25 16:24:00,花二道,1、追尾的,负全部责任,不负责任,1,贵A101F7,白色,1,贵FT9219,白色,（南明区）阳光驾驶培训有限公司,#,2005/2/4 0:00,-1,解放牌,雅阁牌,366368000000000000 ,366067000000000000 ,198310,195401,16,5,4,工作日,非高峰,2015-04-25,2015年4月25日,阴 /阵雨,20℃ / 11℃,东风 ≤3级 /东南风 ≤3级,阴,阵雨,20,11,东风,≤3级,东南风,≤3级,day
2015-04-25 18:15:00,五里冲,7、未按规定让行的 ,负全部责任,不负责任,1,苏JBW233,黑,1,贵ABX1859,白,-1,高新驾校,-1,2012/7/6 0:00,别克牌,-1,774768000000000000 ,366070000000000000 ,196902,198911,18,5,4,工作日,晚高峰(17-19点),2015-04-25,2015年4月25日,阴 /阵雨,20℃ / 11℃,东风 ≤3级 /东南风 ≤3级,阴,阵雨,20,11,东风,≤3级,东南风,≤3级,day
2015-04-25 17:20:00,石标路,7、未按规定让行的 ,负全部责任,不负责任,0,贵AR2794,银,1,贵APP243,银,自培,消防驾校,1997/9/4 0:00,2010/7/16 0:00,迈腾牌,长安牌,364548000000000000 ,366068000000000000 ,197304,199003,17,5,4,工作日,晚高峰(17-19点),2015-04-25,2015年4月25日,阴 /阵雨,20℃ / 11℃,东风 ≤3级 /东南风 ≤3级,阴,阵雨,20,11,东风,≤3级,东南风,≤3级,day
2015-04-25 16:53:00,小河,7、未按规定让行的 ,负全部责任,不负责任,1,贵AAC430,白色,1,贵AU8021,白色,全林驾校,攸县东风公司机动车驾驶员培训学校,2011/6/29 0:00,2008/6/18 0:00,力帆牌,海陵牌,364557000000000000 ,74667500000000000 ,199211,198904,16,5,4,工作日,非高峰,2015-04-25,2015年4月25日,阴 /阵雨,20℃ / 11℃,东风 ≤3级 /东南风 ≤3级,阴,阵雨,20,11,东风,≤3级,东南风,≤3级,day
2015-04-25 19:40:00,北京路,1、追尾的,负全部责任,不负责任,1,苏BK788B,黄,1,贵A2BN85,白,-1,新天驾校,-1,2012/9/24 0:00,斯柯达牌 ,长城牌,366346000000000000 ,36454651944775560X,197411,198003,19,5,4,工作日,晚高峰(17-19点),2015-04-25,2015年4月25日,阴 /阵雨,20℃ / 11℃,东风 ≤3级 /东南风 ≤3级,阴,阵雨,20,11,东风,≤3级,东南风,≤3级,day
2015-04-25 17:06:00,头桥,9、不符合前8款规定或者双方同时具有上述情形的,负同等责任,负同等责任,1,贵AX0176,白,1,贵AU0365,蓝,自培,-1,2002/9/29 0:00,-1,奥迪牌,万达牌,364548000000000000 ,34479600000000000 ,198006,198120,17,5,4,工作日,晚高峰(17-19点),2015-04-25,2015年4月25日,阴 /阵雨,20℃ / 11℃,东风 ≤3级 /东南风 ≤3级,阴,阵雨,20,11,东风,≤3级,东南风,≤3级,day
2015-04-25 21:20:00,都司路,1、追尾的,负全部责任,不负责任,1,贵A69F24,白色,1,贵A6630A,白色,-1,铁二局驾校（南明区）,-1,2015/3/17 0:00,福特牌,锋范牌,36684551905669625X,774867000000000000 ,198412,199210,21,5,4,工作日,非高峰,2015-04-25,2015年4月25日,阴 /阵雨,20℃ / 11℃,东风 ≤3级 /东南风 ≤3级,阴,阵雨,20,11,东风,≤3级,东南风,≤3级,night
2015-04-25 21:30:00,机场,3、倒车的,负全部责任,不负责任,1,贵APG584,银,1,贵A98M83,银,-1,新华驾校,-1,2012/9/29 0:00,雪佛兰牌,奇瑞牌,366067000000000000 ,366347000000000000 ,198201,198403,21,5,4,工作日,非高峰,2015-04-25,2015年4月25日,阴 /阵雨,20℃ / 11℃,东风 ≤3级 /东南风 ≤3级,阴,阵雨,20,11,东风,≤3级,东南风,≤3级,night
2015-04-25 21:33:00,新添寨,7、未按规定让行的 ,负全部责任,不负责任,1,贵AB929L,白色,1,贵A9616V,白色,-1,鑫鑫驾校,-1,2013/9/2 0:00,雪佛兰牌,松花江,36455700000000000 ,364557000000000000 ,198912,198510,21,5,4,工作日,非高峰,2015-04-25,2015年4月25日,阴 /阵雨,20℃ / 11℃,东风 ≤3级 /东南风 ≤3级,阴,阵雨,20,11,东风,≤3级,东南风,≤3级,night