accidenttime,accidentaddr,driver1fault,driver1responsibility,driver2responsibility,sex1,platenumber1,carcolor1,sex2,platenumber2,carcolor2,jxmc1,jxmc2,cclzrq1,cclzrq2,clpp1,clpp2,driver1license,driver2license,brith1,brith2,hour,weekday,month,is_weekday,peak_hour,date,日期,天气状况,气温,风力风向,day_wea,night_wea,day_tep,night_tep,day_wind_direction,day_wind_speed,night_wind_direction,night_wind_speed,segment
2015-04-25 20:50:00,二戈寨,7、未按规定让行的 ,负全部责任,不负责任,1,贵GH4434,白色,1,贵A80031,白色,-1,毕节地区宏强驾校,-1,-1,雅阁牌,福田牌,366375000000000000 ,366063000000000000 ,197707,198411,20,5,4,工作日,非高峰,2015-04-25,2015年4月25日,阴 /阵雨,20℃ / 11℃,东风 ≤3级 /东南风 ≤3级,阴,阵雨,20,11,东风,≤3级,东南风,≤3级,night
2015-04-25 20:15:00,涴沙桥,1、追尾的,负全部责任,不负责任,1,赣FY9365,白,1,贵GT6853,黑,-1,鑫鑫驾校,-1,2012/6/25 0:00,东风标致牌,东风雪铁龙牌,726370000000000000 ,364567000000000000 ,198508,198901,20,5,4,工作日,非高峰,2015-04-25,2015年4月25日,阴 /阵雨,20℃ / 11℃,东风 ≤3级 /东南风 ≤3级,阴,阵雨,20,11,东风,≤3级,东南风,≤3级,night
2015-04-25 22:25:00,瑞金北路,7、未按规定让行的 ,负全部责任,不负责任,1,贵AC174M,银,1,贵A03918,白,贵州现代驾驶培训责任有限公司,消防驾校,2012/6/27 0:00,1998/9/23 0:00,吉利牌,丰田牌,364557000000000000 ,366269000000000000 ,198208,197906,22,5,4,工作日,非高峰,2015-04-25,2015年4月25日,阴 /阵雨,20℃ / 11℃,东风 ≤3级 /东南风 ≤3级,阴,阵雨,20,11,东风,≤3级,东南风,≤3级,night
2015-04-25 18:55:00,大营坡,1、追尾的,负全部责任,不负责任,1,贵A8BL04,黄,1,贵FAK823,白,全林驾校,520129,2011/12/28 0:00,2008/12/2 0:00,奥迪牌,长安牌,364548000000000000 ,366068000000000000 ,196912,197609,18,5,4,工作日,晚高峰(17-19点),2015-04-25,2015年4月25日,阴 /阵雨,20℃ / 11℃,东风 ≤3级 /东南风 ≤3级,阴,阵雨,20,11,东风,≤3级,东南风,≤3级,day
2015-04-25 16:00:00,二戈寨,7、未按规定让行的 ,负全部责任,不负责任,1,贵A11872,白色,1,贵A80808,白色,自培,阳光驾校,2000/10/18 0:00,1983/3/15 0:00,夏利,精通天马,364548000000000000 ,364547000000000000 ,197304,196205,16,5,4,工作日,非高峰,2015-04-25,2015年4月25日,阴 /阵雨,20℃ / 11℃,东风 ≤3级 /东南风 ≤3级,阴,阵雨,20,11,东风,≤3级,东南风,≤3级,day
2015-04-25 16:41:00,百花山,1、追尾的,负全部责任,不负责任,1,贵ATM479,白,1,贵AP1822,黑,自培,-1,2011/2/15 0:00,-1,猎豹,翼虎牌,354347000000000000 ,364548000000000000 ,199005,199008,16,5,4,工作日,非高峰,2015-04-25,2015年4月25日,阴 /阵雨,20℃ / 11℃,东风 ≤3级 /东南风 ≤3级,阴,阵雨,20,11,东风,≤3级,东南风,≤3级,day
2015-04-25 17:25:00,金阳,3、倒车的,负全部责任,不负责任,1,贵AEH957,银,1,贵ATR158,银,自培,-1,2009/9/29 0:00,-1,东风牌,比亚迪牌,74365500000000000 ,74360500000000000 ,197406,197105,17,5,4,工作日,晚高峰(17-19点),2015-04-25,2015年4月25日,阴 /阵雨,20℃ / 11℃,东风 ≤3级 /东南风 ≤3级,阴,阵雨,20,11,东风,≤3级,东南风,≤3级,day
2015-04-25 17:00:00,小河五大队,7、未按规定让行的 ,负全部责任,不负责任,1,贵FAC789,白色,1,贵ASA126,白色,织金县织通驾驶培训学校,自培,2014/7/11 0:00,2007/1/30 0:00,鑫源牌,北京现代牌,366064000000000000 ,364567000000000000 ,198205,198808,17,5,4,工作日,晚高峰(17-19点),2015-04-25,2015年4月25日,阴 /阵雨,20℃ / 11℃,东风 ≤3级 /东南风 ≤3级,阴,阵雨,20,11,东风,≤3级,东南风,≤3级,day
2015-04-25 17:00:00,小河,3、倒车的,负全部责任,不负责任,1,贵GY4390,白色,1,贵AHP854,白色,（清镇市）青正驾驶培训有限公司,自培,2010/4/22 0:00,2002/5/16 0:00,雪铁龙,别克牌,364547000000000000 ,364547000000000000 ,198908,197210,17,5,4,工作日,晚高峰(17-19点),2015-04-25,2015年4月25日,阴 /阵雨,20℃ / 11℃,东风 ≤3级 /东南风 ≤3级,阴,阵雨,20,11,东风,≤3级,东南风,≤3级,day
2015-04-25 16:29:00,三江,1、追尾的,负全部责任,不负责任,1,贵A87569T,黑,1,贵GM9016,银,（观山湖区）蓝天驾驶培训有限公司,自培,2009/3/5 0:00,2004/9/7 0:00,-1,中华牌,366566000000000000 ,364548000000000000 ,197709,198607,16,5,4,工作日,非高峰,2015-04-25,2015年4月25日,阴 /阵雨,20℃ / 11℃,东风 ≤3级 /东南风 ≤3级,阴,阵雨,20,11,东风,≤3级,东南风,≤3级,day
2015-04-25 18:00:00,航粤南路,3、倒车的,负全部责任,不负责任,1,贵A97739,白色,1,贵A22762,白色,铁二局驾校,自培,2006/6/15 0:00,2004/5/25 0:00,凌肯牌,豪泺牌,364556000000000000 ,364551000000000000 ,198612,198002,18,5,4,工作日,晚高峰(17-19点),2015-04-25,2015年4月25日,阴 /阵雨,20℃ / 11℃,东风 ≤3级 /东南风 ≤3级,阴,阵雨,20,11,东风,≤3级,东南风,≤3级,day
2015-04-26 00:00:00,清水江路,7、未按规定让行的 ,负全部责任,不负责任,1,贵AGW497,白色,1,贵A15K24,白色,贵州现代驾驶培训责任有限公司,520108,2014/7/30 0:00,2008/4/2 0:00,马自达牌,海马牌,36454751145475495X,366347000000000000 ,199010,198201,0,6,4,周末,非高峰,2015-04-26,2015年4月26日,阵雨 /阵雨,18℃ / 14℃,东南风 ≤3级 /东北风 ≤3级,阵雨,阵雨,18,14,东南风,≤3级,东北风,≤3级,night
2015-04-25 20:30:00,小河珠江路,8、依法应负全责的其他情形,负全部责任,不负责任,1,贵ANR811,白色,1,贵AX4858,白色,（乌当区）新华驾驶培训有限公司,预约考试窗口,2004/12/8 0:00,2007/6/8 0:00,丰田牌,起亚牌,364556000000000000 ,364646000000000000 ,196304,197309,20,5,4,工作日,非高峰,2015-04-25,2015年4月25日,阴 /阵雨,20℃ / 11℃,东风 ≤3级 /东南风 ≤3级,阴,阵雨,20,11,东风,≤3级,东南风,≤3级,night
2015-04-26 08:20:00,白云区,1、追尾的,负全部责任,不负责任,1,贵A909D4,银,1,贵A98V32,白,毕节地区黔中汽车(摩托车)驾驶培训学校,-1,2011/12/8 0:00,-1,五菱牌,英伦牌,366068000000000000 ,366361000000000000 ,197903,197108,8,6,4,周末,早高峰(7-9点),2015-04-26,2015年4月26日,阵雨 /阵雨,18℃ / 14℃,东南风 ≤3级 /东北风 ≤3级,阵雨,阵雨,18,14,东南风,≤3级,东北风,≤3级,day
2015-04-26 10:00:00,金竹立交,3、倒车的,负全部责任,不负责任,1,贵A977E9,白色,1,贵FAB199,白色,-1,520133,-1,-1,欧铃牌,五菱牌,655661000000000000 ,366068000000000000 ,196302,196712,10,6,4,周末,非高峰,2015-04-26,2015年4月26日,阵雨 /阵雨,18℃ / 14℃,东南风 ≤3级 /东北风 ≤3级,阵雨,阵雨,18,14,东南风,≤3级,东北风,≤3级,day
2015-04-26 05:01:00,贵开路,7、未按规定让行的 ,负全部责任,不负责任,1,贵A94L18,黑,1,贵JR1952,黑,-1,-1,-1,-1,宝马,思域(CIVIC)牌,346455000000000000 ,36454700000000000 ,219627,190040,5,6,4,周末,非高峰,2015-04-26,2015年4月26日,阵雨 /阵雨,18℃ / 14℃,东南风 ≤3级 /东北风 ≤3级,阵雨,阵雨,18,14,东南风,≤3级,东北风,≤3级,night
2015-04-26 09:35:00,金阳,7、未按规定让行的 ,负全部责任,不负责任,1,贵AWA296,银,1,贵A9227G,黄,（经开区）十一驾驶培训有限公司,（南明区）金大驾驶培训有限公司,2005/1/28 0:00,-1,丰田(TOYOTA)牌,起亚,357475000000000000 ,366563000000000000 ,196612,199410,9,6,4,周末,早高峰(7-9点),2015-04-26,2015年4月26日,阵雨 /阵雨,18℃ / 14℃,东南风 ≤3级 /东北风 ≤3级,阵雨,阵雨,18,14,东南风,≤3级,东北风,≤3级,day
2015-04-26 09:10:00,中华路,7、未按规定让行的 ,负全部责任,不负责任,1,贵ASB119,白色,1,贵AX2398,白色,遵义县惠民机动车驾驶培训学校,全林驾校,-1,2011/7/5 0:00,马自达牌,翼虎牌,366546000000000000 ,364548000000000000 ,195208,197708,9,6,4,周末,早高峰(7-9点),2015-04-26,2015年4月26日,阵雨 /阵雨,18℃ / 14℃,东南风 ≤3级 /东北风 ≤3级,阵雨,阵雨,18,14,东南风,≤3级,东北风,≤3级,day
2015-04-26 11:00:00,新世界,3、倒车的,负全部责任,不负责任,1,贵A85J33,白,1,贵A16F42,黄,（乌当区）新天驾驶培训有限公司,阳光驾校,2005/1/14 0:00,2012/7/11 0:00,翼虎牌,福特牌,364557000000000000 ,366875000000000000 ,197909,196305,11,6,4,周末,非高峰,2015-04-26,2015年4月26日,阵雨 /阵雨,18℃ / 14℃,东南风 ≤3级 /东北风 ≤3级,阵雨,阵雨,18,14,东南风,≤3级,东北风,≤3级,day
2015-04-26 11:29:00,汪家湾,3、倒车的,负全部责任,不负责任,1,贵AGT546,白,1,贵AP1877,银,-1,预约考试窗口,-1,2007/3/27 0:00,吉利美日牌,南爵牌,366068000000000000 ,364548000000000000 ,198709,198610,11,6,4,周末,非高峰,2015-04-26,2015年4月26日,阵雨 /阵雨,18℃ / 14℃,东南风 ≤3级 /东北风 ≤3级,阵雨,阵雨,18,14,东南风,≤3级,东北风,≤3级,day
2015-04-26 11:25:00,贵阳市,7、未按规定让行的 ,负全部责任,不负责任,1,湘E52YH9,黑,0,贵A745F7,银,-1,（云岩区）省交通职业技术驾驶培训学校,-1,2007/6/18 0:00,大众汽车牌,王牌牌,74365500000000000 ,364666000000000000 ,197311,197209,11,6,4,周末,非高峰,2015-04-26,2015年4月26日,阵雨 /阵雨,18℃ / 14℃,东南风 ≤3级 /东北风 ≤3级,阵雨,阵雨,18,14,东南风,≤3级,东北风,≤3级,day
2015-04-26 13:30:00,航天路,9、不符合前8款规定或者双方同时具有上述情形的,负同等责任,负同等责任,1,贵A81L27,白,1,贵ANX952,银,-1,铁二局驾校,-1,2013/11/6 0:00,飞度牌,丰田牌,366545000000000 ,364566000000000000 ,430613,199004,13,6,4,周末,非高峰,2015-04-26,2015年4月26日,阵雨 /阵雨,18℃ / 14℃,东南风 ≤3级 /东北风 ≤3级,阵雨,阵雨,18,14,东南风,≤3级,东北风,≤3级,day
2015-04-26 11:00:00,小河,7、未按规定让行的 ,负全部责任,不负责任,1,贵ALA543,白色,1,贵AA1926,白色,-1,鑫鑫驾校,-1,2014/2/14 0:00,迪马牌,长安,364548000000000 ,366347000000000000 ,810702,198211,11,6,4,周末,非高峰,2015-04-26,2015年4月26日,阵雨 /阵雨,18℃ / 14℃,东南风 ≤3级 /东北风 ≤3级,阵雨,阵雨,18,14,东南风,≤3级,东北风,≤3级,day
2015-04-25 21:30:00,小关,1、追尾的,负全部责任,不负责任,1,贵GF1587,白,1,贵CHH396,黑,自培,-1,2004/10/29 0:00,-1,依维柯,富迪牌,366361000000000000 ,366570000000000000 ,197906,196202,21,5,4,工作日,非高峰,2015-04-25,2015年4月25日,阴 /阵雨,20℃ / 11℃,东风 ≤3级 /东南风 ≤3级,阴,阵雨,20,11,东风,≤3级,东南风,≤3级,night
2015-04-26 10:30:00,云岩区,3、倒车的,负全部责任,不负责任,1,贵AMR201,白色,1,贵AX8648,白色,-1,十一培,-1,1997/12/23 0:00,长安牌,力帆牌,36606351904045307X,364548000000000000 ,198404,195712,10,6,4,周末,非高峰,2015-04-26,2015年4月26日,阵雨 /阵雨,18℃ / 14℃,东南风 ≤3级 /东北风 ≤3级,阵雨,阵雨,18,14,东南风,≤3级,东北风,≤3级,day
2015-04-26 10:50:00,北二环,1、追尾的,负全部责任,不负责任,1,贵A342D1,银,1,贵A9AM92,蓝,自培,十一培,2003/7/21 0:00,1991/4/23 0:00,长安牌,长城牌,356166000000000000 ,366368000000000000 ,197009,195707,10,6,4,周末,非高峰,2015-04-26,2015年4月26日,阵雨 /阵雨,18℃ / 14℃,东南风 ≤3级 /东北风 ≤3级,阵雨,阵雨,18,14,东南风,≤3级,东北风,≤3级,day
2015-04-26 10:40:00,白云区,3、倒车的,负全部责任,不负责任,1,贵A395G6,白,1,贵A39A37,黄,江口县南江汽车驾驶培训有限公司,自培,2012/2/8 0:00,2002/5/28 0:00,长安牌,大众汽车牌,366667000000000000 ,366364000000000000 ,198705,196308,10,6,4,周末,非高峰,2015-04-26,2015年4月26日,阵雨 /阵雨,18℃ / 14℃,东南风 ≤3级 /东北风 ≤3级,阵雨,阵雨,18,14,东南风,≤3级,东北风,≤3级,day
2015-04-26 09:00:00,上麦,7、未按规定让行的 ,负全部责任,不负责任,1,贵A635D7,银,1,贵A1606T,蓝,自培,自培,2011/5/26 0:00,2007/4/13 0:00,长安牌,吉利美日,36606651935443247X,366361000000000000 ,198510,197703,9,6,4,周末,早高峰(7-9点),2015-04-26,2015年4月26日,阵雨 /阵雨,18℃ / 14℃,东南风 ≤3级 /东北风 ≤3级,阵雨,阵雨,18,14,东南风,≤3级,东北风,≤3级,day
2015-04-26 10:56:00,富源北路,4、停车时未挂低速档、未拉驻车制动，导致车辆滑行的,负全部责任,不负责任,1,浙GBT325,白色,1,贵AS9459,白色,-1,自培,-1,2003/11/12 0:00,别克牌,钱江牌,774852000000000000 ,36454751325462046X,197208,195610,10,6,4,周末,非高峰,2015-04-26,2015年4月26日,阵雨 /阵雨,18℃ / 14℃,东南风 ≤3级 /东北风 ≤3级,阵雨,阵雨,18,14,东南风,≤3级,东北风,≤3级,day
2015-04-26 10:30:00,北京路,9、不符合前8款规定或者双方同时具有上述情形的,负同等责任,负同等责任,1,贵AU7918,绿,1,贵AU4114,绿,自培,自培,1983/1/18 0:00,2001/9/4 0:00,海格牌,春风牌,366367000000000000 ,366662000000000000 ,196111,197401,10,6,4,周末,非高峰,2015-04-26,2015年4月26日,阵雨 /阵雨,18℃ / 14℃,东南风 ≤3级 /东北风 ≤3级,阵雨,阵雨,18,14,东南风,≤3级,东北风,≤3级,day
2015-04-26 11:50:00,龙洞堡大道,1、追尾的,负全部责任,不负责任,1,贵A41C31,白色,1,贵A0626R,白色,（南明区）铁二局驾驶培训有限公司,自培,2008/4/3 0:00,2003/9/17 0:00,别克牌,吉利美日牌,364556000000000000 ,364556000000000000 ,198706,198407,11,6,4,周末,非高峰,2015-04-26,2015年4月26日,阵雨 /阵雨,18℃ / 14℃,东南风 ≤3级 /东北风 ≤3级,阵雨,阵雨,18,14,东南风,≤3级,东北风,≤3级,day
2015-04-25 19:40:00,白云区,7、未按规定让行的 ,负全部责任,不负责任,1,贵HP9172,银,1,贵A9375U,银,自培,自培,2014/8/8 0:00,2006/6/29 0:00,一汽佳星牌,宝马1995CC,366264000000000000 ,36455751874848695X,199109,197307,19,5,4,工作日,晚高峰(17-19点),2015-04-25,2015年4月25日,阴 /阵雨,20℃ / 11℃,东风 ≤3级 /东南风 ≤3级,阴,阵雨,20,11,东风,≤3级,东南风,≤3级,day
2015-04-26 12:25:00,白云区,7、未按规定让行的 ,负全部责任,不负责任,1,渝C5T182,白,1,贵AA913X,蓝,-1,铁二局驾校（南明区）,-1,2013/1/31 0:00,比亚迪牌,五菱牌,344798000000000000 ,364568000000000000 ,198703,199103,12,6,4,周末,非高峰,2015-04-26,2015年4月26日,阵雨 /阵雨,18℃ / 14℃,东南风 ≤3级 /东北风 ≤3级,阵雨,阵雨,18,14,东南风,≤3级,东北风,≤3级,day
2015-04-26 14:08:00,金朱东路,7、未按规定让行的 ,负全部责任,不负责任,1,贵APE724,银,1,贵A75N93,红,-1,预约考试窗口,-1,2006/3/16 0:00,吉利牌,东风雪铁龙牌,366564000000000000 ,786175000000000000 ,198404,198004,14,6,4,周末,非高峰,2015-04-26,2015年4月26日,阵雨 /阵雨,18℃ / 14℃,东南风 ≤3级 /东北风 ≤3级,阵雨,阵雨,18,14,东南风,≤3级,东北风,≤3级,day
2015-04-26 16:30:00,三桥,8、依法应负全责的其他情形,负全部责任,不负责任,0,贵A7BZ58,白,1,贵AU5029,蓝,新天驾校,消防,2013/12/13 0:00,2004/11/19 0:00,雪佛兰牌,捷达牌,364547000000000000 ,36454751284146327X,198601,196709,16,6,4,周末,非高峰,2015-04-26,2015年4月26日,阵雨 /阵雨,18℃ / 14℃,东南风 ≤3级 /东北风 ≤3级,阵雨,阵雨,18,14,东南风,≤3级,东北风,≤3级,day
2015-04-26 14:00:00,小河转盘,7、未按规定让行的 ,负全部责任,不负责任,1,贵A61Z71,白色,1,贵GP0094,白色,长运驾校,鑫鑫驾校,2012/4/28 0:00,2014/9/19 0:00,英伦牌,东风日产牌,355456000000000000 ,366876000000000000 ,199308,198306,14,6,4,周末,非高峰,2015-04-26,2015年4月26日,阵雨 /阵雨,18℃ / 14℃,东南风 ≤3级 /东北风 ≤3级,阵雨,阵雨,18,14,东南风,≤3级,东北风,≤3级,day
2015-04-26 12:46:00,航天大道,1、追尾的,负全部责任,不负责任,1,贵GR1197,绿,1,贵AP4354,白,消防驾校,全林驾校,2012/3/18 0:00,2013/9/22 0:00,豪情牌,豪爵牌,364558000000000000 ,366269000000000000 ,199112,197604,12,6,4,周末,非高峰,2015-04-26,2015年4月26日,阵雨 /阵雨,18℃ / 14℃,东南风 ≤3级 /东北风 ≤3级,阵雨,阵雨,18,14,东南风,≤3级,东北风,≤3级,day
2015-04-26 14:10:00,航天路,9、不符合前8款规定或者双方同时具有上述情形的,负同等责任,负同等责任,1,贵ANX952,银,1,贵A81L27,白,-1,铁二局驾校,-1,-1,丰田牌,飞度牌,364566000000000000 ,366545000000000 ,199004,430613,14,6,4,周末,非高峰,2015-04-26,2015年4月26日,阵雨 /阵雨,18℃ / 14℃,东南风 ≤3级 /东北风 ≤3级,阵雨,阵雨,18,14,东南风,≤3级,东北风,≤3级,day
2015-04-26 12:20:00,龙洞堡,3、倒车的,负全部责任,不负责任,1,鄂S66392,白色,1,贵FM9597,白色,-1,新天驾校,-1,2011/12/2 0:00,飞度牌 ,北京现代牌,06144551934153671X,366068000000000000 ,198509,197511,12,6,4,周末,非高峰,2015-04-26,2015年4月26日,阵雨 /阵雨,18℃ / 14℃,东南风 ≤3级 /东北风 ≤3级,阵雨,阵雨,18,14,东南风,≤3级,东北风,≤3级,day
2015-04-26 18:10:00,白云区,7、未按规定让行的 ,负全部责任,不负责任,1,贵A437E4,白,1,贵A0190W,红,-1,高新驾校,-1,2013/12/4 0:00,解放牌,吉利美日牌,354663000000000000 ,364596000000000000 ,197509,199402,18,6,4,周末,晚高峰(17-19点),2015-04-26,2015年4月26日,阵雨 /阵雨,18℃ / 14℃,东南风 ≤3级 /东北风 ≤3级,阵雨,阵雨,18,14,东南风,≤3级,东北风,≤3级,day
2015-04-26 18:30:00,解放路,7、未按规定让行的 ,负全部责任,不负责任,1,贵AU6647,绿,1,贵A98N66,银,520101,520110,2004/7/17 0:00,2011/4/18 0:00,恒通客车牌,宝马牌,366367000000000000 ,364557000000000000 ,196505,198809,18,6,4,周末,晚高峰(17-19点),2015-04-26,2015年4月26日,阵雨 /阵雨,18℃ / 14℃,东南风 ≤3级 /东北风 ≤3级,阵雨,阵雨,18,14,东南风,≤3级,东北风,≤3级,day
2015-04-26 15:20:00,花果园,9、不符合前8款规定或者双方同时具有上述情形的,负同等责任,负同等责任,1,鲁H3L958,白色,1,贵A38R49,白色,-1,（南明区）长安驾驶培训有限公司,-1,2007/8/13 0:00,\N,北京现代牌,05496351954951237X,366067000000000000 ,198108,197112,15,6,4,周末,非高峰,2015-04-26,2015年4月26日,阵雨 /阵雨,18℃ / 14℃,东南风 ≤3级 /东北风 ≤3级,阵雨,阵雨,18,14,东南风,≤3级,东北风,≤3级,day
2015-04-26 16:17:00,都司路,7、未按规定让行的 ,负全部责任,不负责任,1,贵A2BP88,黑,1,贵AVK389,银,自培,自培,2009/10/28 0:00,2001/12/3 0:00,大众牌,东南牌,366546000000000000 ,36454751814954605X,198305,197908,16,6,4,周末,非高峰,2015-04-26,2015年4月26日,阵雨 /阵雨,18℃ / 14℃,东南风 ≤3级 /东北风 ≤3级,阵雨,阵雨,18,14,东南风,≤3级,东北风,≤3级,day
2015-04-26 15:20:00,花溪大道,7、未按规定让行的 ,负全部责任,不负责任,1,贵A91111,蓝,1,贵A51R75,白,自培,贵州晨运驾驶培训学校,2004/4/11 0:00,2010/3/25 0:00,三铃,吉利美日牌,366575000000000000 ,774296000000000000 ,198208,198409,15,6,4,周末,非高峰,2015-04-26,2015年4月26日,阵雨 /阵雨,18℃ / 14℃,东南风 ≤3级 /东北风 ≤3级,阵雨,阵雨,18,14,东南风,≤3级,东北风,≤3级,day
2015-04-26 13:50:00,花溪明珠大道,1、追尾的,负全部责任,不负责任,1,贵A233B9,白色,1,贵A7297A,白色,自培,-1,2010/8/23 0:00,-1,解放牌,吉利牌,74740500000000000 ,366566000000000000 ,197704,199107,13,6,4,周末,非高峰,2015-04-26,2015年4月26日,阵雨 /阵雨,18℃ / 14℃,东南风 ≤3级 /东北风 ≤3级,阵雨,阵雨,18,14,东南风,≤3级,东北风,≤3级,day
2015-04-26 14:00:00,黑马市场,1、追尾的,负全部责任,不负责任,1,贵A33822,白,1,贵AK4551,白,自培,十一培,2002/7/22 0:00,1997/4/23 0:00,发现,北京现代牌,366870000000000000 ,364557000000000000 ,197907,197601,14,6,4,周末,非高峰,2015-04-26,2015年4月26日,阵雨 /阵雨,18℃ / 14℃,东南风 ≤3级 /东北风 ≤3级,阵雨,阵雨,18,14,东南风,≤3级,东北风,≤3级,day
2015-04-26 13:47:00,小河,3、倒车的,负全部责任,不负责任,1,贵A0BZ94,白色,1,贵A214A5,白色,自培,十一培,2004/5/17 0:00,1988/4/22 0:00,东风日产牌,江铃牌,364551000000000000 ,364547000000000000 ,198308,196708,13,6,4,周末,非高峰,2015-04-26,2015年4月26日,阵雨 /阵雨,18℃ / 14℃,东南风 ≤3级 /东北风 ≤3级,阵雨,阵雨,18,14,东南风,≤3级,东北风,≤3级,day
2015-04-26 14:00:00,花溪大道,7、未按规定让行的 ,负全部责任,不负责任,1,贵A858F5,白色,1,贵AU6507,白色,自培,十一培,2009/6/23 0:00,1994/3/8 0:00,解放牌,中豪牌,736264000000000000 ,364547000000000000 ,197308,196504,14,6,4,周末,非高峰,2015-04-26,2015年4月26日,阵雨 /阵雨,18℃ / 14℃,东南风 ≤3级 /东北风 ≤3级,阵雨,阵雨,18,14,东南风,≤3级,东北风,≤3级,day
2015-04-26 15:30:00,花果园,7、未按规定让行的 ,负全部责任,不负责任,1,贵ALU841,银,1,贵A18B21,银,自培,自培,2002/12/11 0:00,2006/3/29 0:00,大众牌,梅赛德斯-奔驰牌,364556000000000000 ,36454751394052325X,195707,195804,15,6,4,周末,非高峰,2015-04-26,2015年4月26日,阵雨 /阵雨,18℃ / 14℃,东南风 ≤3级 /东北风 ≤3级,阵雨,阵雨,18,14,东南风,≤3级,东北风,≤3级,day
2015-04-26 13:00:00,北京西路,1、追尾的,负全部责任,不负责任,1,贵AW9599,白色,1,贵GAA486,白色,新天驾校,自培,2011/10/28 0:00,2011/12/9 0:00,豪爵牌,大众汽车牌,364596000000000000 ,366664000000000000 ,199209,198904,13,6,4,周末,非高峰,2015-04-26,2015年4月26日,阵雨 /阵雨,18℃ / 14℃,东南风 ≤3级 /东北风 ≤3级,阵雨,阵雨,18,14,东南风,≤3级,东北风,≤3级,day
2015-04-26 18:00:00,望城坡,3、倒车的,负全部责任,不负责任,1,贵A7AC49,白色,1,贵AVA647,白色,-1,六盘水市昌达驾驶培训学校,-1,-1,翼搏牌,丰田牌,364546000000000 ,364556000000000000 ,681127,197904,18,6,4,周末,晚高峰(17-19点),2015-04-26,2015年4月26日,阵雨 /阵雨,18℃ / 14℃,东南风 ≤3级 /东北风 ≤3级,阵雨,阵雨,18,14,东南风,≤3级,东北风,≤3级,day
2015-04-26 16:00:00,上麦,7、未按规定让行的 ,负全部责任,不负责任,1,贵HBE236,红,1,贵AA491G,白,-1,贵阳学院汽车驾驶培训,-1,2012/9/27 0:00,江淮牌,雪佛兰牌,35747500000000000 ,364596000000000000 ,198304,199208,16,6,4,周末,非高峰,2015-04-26,2015年4月26日,阵雨 /阵雨,18℃ / 14℃,东南风 ≤3级 /东北风 ≤3级,阵雨,阵雨,18,14,东南风,≤3级,东北风,≤3级,day
2015-04-26 17:20:00,金阳,1、追尾的,负全部责任,不负责任,1,贵JDE121,白,1,贵A7BK44,黑,长运驾校,新华驾校,2014/8/12 0:00,2014/10/8 0:00,吉利美日牌,谛艾仕牌,366669000000000000 ,366268000000000000 ,198911,198408,17,6,4,周末,晚高峰(17-19点),2015-04-26,2015年4月26日,阵雨 /阵雨,18℃ / 14℃,东南风 ≤3级 /东北风 ≤3级,阵雨,阵雨,18,14,东南风,≤3级,东北风,≤3级,day
2015-04-26 18:00:00,长岭北路,7、未按规定让行的 ,负全部责任,不负责任,1,贵AU1195,黄,1,贵A82810,红,十一驾驶培训有限公司,黔南州交通驾驶学校,2011/5/18 0:00,-1,吉利美日牌,望江牌,364558000000000000 ,366864000000000000 ,198407,197310,18,6,4,周末,晚高峰(17-19点),2015-04-26,2015年4月26日,阵雨 /阵雨,18℃ / 14℃,东南风 ≤3级 /东北风 ≤3级,阵雨,阵雨,18,14,东南风,≤3级,东北风,≤3级,day
2015-04-27 07:00:00,黄山冲,1、追尾的,负全部责任,不负责任,1,贵AFD125,白色,1,贵AS6814,白色,-1,自培,-1,2013/10/29 0:00,长安牌,力帆牌,734767000000000000 ,366368000000000000 ,199401,197303,7,0,4,工作日,早高峰(7-9点),2015-04-27,2015年4月27日,阴 /雷阵雨,21℃ / 14℃,东南风 ≤3级 /东北风 ≤3级,阴,雷阵雨,21,14,东南风,≤3级,东北风,≤3级,day
2015-04-27 07:30:00,长青路,9、不符合前8款规定或者双方同时具有上述情形的,负同等责任,负同等责任,1,贵APH703,红,1,贵AA840Z,银,-1,全林驾校,-1,2013/3/21 0:00,中华牌,力帆牌,356168000000000000 ,366064000000000000 ,197501,198611,7,0,4,工作日,早高峰(7-9点),2015-04-27,2015年4月27日,阴 /雷阵雨,21℃ / 14℃,东南风 ≤3级 /东北风 ≤3级,阴,雷阵雨,21,14,东南风,≤3级,东北风,≤3级,day
2015-04-27 07:30:00,次南门,8、依法应负全责的其他情形,负全部责任,不负责任,1,贵A6AF29,黄,1,贵AU8627,绿,新华驾校,黔南州兴鑫驾驶员培训学校,2013/1/21 0:00,2008/8/13 0:00,大众汽车牌,瑞麒牌,364547000000000000 ,366846000000000000 ,197901,197602,7,0,4,工作日,早高峰(7-9点),2015-04-27,2015年4月27日,阴 /雷阵雨,21℃ / 14℃,东南风 ≤3级 /东北风 ≤3级,阴,雷阵雨,21,14,东南风,≤3级,东北风,≤3级,day
2015-04-27 07:30:00,大营坡,9、不符合前8款规定或者双方同时具有上述情形的,负同等责任,负同等责任,1,贵AA8406,银,1,贵APH703,红,全林驾校,全林驾校,2013/3/21 0:00,-1,五菱,中华牌,366064000000000000 ,356168000000000000 ,198611,197501,7,0,4,工作日,早高峰(7-9点),2015-04-27,2015年4月27日,阴 /雷阵雨,21℃ / 14℃,东南风 ≤3级 /东北风 ≤3级,阴,雷阵雨,21,14,东南风,≤3级,东北风,≤3级,day