accidenttime,accidentaddr,driver1fault,driver1responsibility,driver2responsibility,sex1,platenumber1,carcolor1,sex2,platenumber2,carcolor2,jxmc1,jxmc2,cclzrq1,cclzrq2,clpp1,clpp2,driver1license,driver2license,brith1,brith2,hour,weekday,month,is_weekday,peak_hour,date,日期,天气状况,气温,风力风向,day_wea,night_wea,day_tep,night_tep,day_wind_direction,day_wind_speed,night_wind_direction,night_wind_speed,segment
2015-04-27 05:20:00,白金大道,1、追尾的,负全部责任,不负责任,0,贵ACT156,黑,1,贵A8862M,红,自培,时发驾校,1997/12/1 0:00,2014/10/9 0:00,福克斯牌,江南牌,364548000000000000 ,366347000000000000 ,195511,197807,5,0,4,工作日,非高峰,2015-04-27,2015年4月27日,阴 /雷阵雨,21℃ / 14℃,东南风 ≤3级 /东北风 ≤3级,阴,雷阵雨,21,14,东南风,≤3级,东北风,≤3级,night
2015-04-26 22:30:00,智慧龙城,1、追尾的,负全部责任,不负责任,1,贵A6BP54,黄,1,贵FAK899,红,-1,毕节地区黔中驾校,-1,2007/4/24 0:00,大众汽车牌,夏利牌,364548000000000000 ,366068000000000000 ,199205,197509,22,6,4,周末,非高峰,2015-04-26,2015年4月26日,阵雨 /阵雨,18℃ / 14℃,东南风 ≤3级 /东北风 ≤3级,阵雨,阵雨,18,14,东南风,≤3级,东北风,≤3级,night
2015-04-26 20:05:00,金关,7、未按规定让行的 ,负全部责任,不负责任,1,桂K61573,蓝,1,贵GP4097,银,-1,高新驾校,-1,2014/9/23 0:00,\N,别克牌,36345500000000000 ,364556000000000000 ,197505,198704,20,6,4,周末,非高峰,2015-04-26,2015年4月26日,阵雨 /阵雨,18℃ / 14℃,东南风 ≤3级 /东北风 ≤3级,阵雨,阵雨,18,14,东南风,≤3级,东北风,≤3级,night
2015-04-26 21:30:00,花果园,1、追尾的,负全部责任,不负责任,1,贵A69S14,白色,1,临贵A1J706,白色,路路达驾校,-1,2013/7/31 0:00,-1,雪佛兰,-1,364557000000000000 ,36454700000000000 ,199101,190082,21,6,4,周末,非高峰,2015-04-26,2015年4月26日,阵雨 /阵雨,18℃ / 14℃,东南风 ≤3级 /东北风 ≤3级,阵雨,阵雨,18,14,东南风,≤3级,东北风,≤3级,night
2015-04-26 21:30:00,花果园立交,1、追尾的,负全部责任,不负责任,1,贵A69S14,白色,1,贵GM4801,白色,路路达驾校,安顺驾校,2013/7/31 0:00,-1,雪佛兰,丰田牌,364557000000000000 ,366346000000000000 ,199101,198207,21,6,4,周末,非高峰,2015-04-26,2015年4月26日,阵雨 /阵雨,18℃ / 14℃,东南风 ≤3级 /东北风 ≤3级,阵雨,阵雨,18,14,东南风,≤3级,东北风,≤3级,night
2015-04-26 16:30:00,乌当,8、依法应负全责的其他情形,负全部责任,不负责任,1,贵FD6550,白,1,贵GP4586,白,自培,-1,2011/1/25 0:00,-1,国宝牌,荣威牌,50657751834345435X,366576000000000000 ,197505,199111,16,6,4,周末,非高峰,2015-04-26,2015年4月26日,阵雨 /阵雨,18℃ / 14℃,东南风 ≤3级 /东北风 ≤3级,阵雨,阵雨,18,14,东南风,≤3级,东北风,≤3级,day
2015-04-26 14:30:00,中华中路,1、追尾的,负全部责任,不负责任,1,贵GM2416,白,0,贵A71C33,白,自培,-1,2003/7/8 0:00,-1,鹏城牌,奥迪牌,54162500000000000 ,366566000000000000 ,197411,197207,14,6,4,周末,非高峰,2015-04-26,2015年4月26日,阵雨 /阵雨,18℃ / 14℃,东南风 ≤3级 /东北风 ≤3级,阵雨,阵雨,18,14,东南风,≤3级,东北风,≤3级,day
2015-04-26 17:35:00,太慈桥,7、未按规定让行的 ,负全部责任,不负责任,1,贵A97B44,银,1,贵ACJ537,黑,贵大驾校,自培,2013/9/23 0:00,2002/7/30 0:00,梅塞德斯-奔驰,保时捷牌,364547000000000000 ,366770000000000000 ,196105,196803,17,6,4,周末,晚高峰(17-19点),2015-04-26,2015年4月26日,阵雨 /阵雨,18℃ / 14℃,东南风 ≤3级 /东北风 ≤3级,阵雨,阵雨,18,14,东南风,≤3级,东北风,≤3级,day
2015-04-27 08:20:00,金阳,1、追尾的,负全部责任,不负责任,1,贵ABB32X,黑,1,贵A54B85,银,-1,自培,-1,2002/12/13 0:00,-1,大众牌,36464645195496847X,364548000000000000 ,19810,196410,8,0,4,工作日,早高峰(7-9点),2015-04-27,2015年4月27日,阴 /雷阵雨,21℃ / 14℃,东南风 ≤3级 /东北风 ≤3级,阴,雷阵雨,21,14,东南风,≤3级,东北风,≤3级,day
2015-04-26 16:48:00,花二道,7、未按规定让行的 ,负全部责任,不负责任,1,贵CHZ966,白色,1,贵BY9088,白色,自培,自培,2009/3/17 0:00,2004/11/24 11:02,江淮牌,高尔,724070000000000000 ,366577000000000000 ,198911,198506,16,6,4,周末,非高峰,2015-04-26,2015年4月26日,阵雨 /阵雨,18℃ / 14℃,东南风 ≤3级 /东北风 ≤3级,阵雨,阵雨,18,14,东南风,≤3级,东北风,≤3级,day
2015-04-27 08:00:00,金华镇,3、倒车的,负全部责任,不负责任,1,贵AU7422,黄,1,贵A52K44,红,-1,520101,-1,2010/2/23 0:00,鹏城牌,五菱牌,366664000000000000 ,364557000000000000 ,198707,198112,8,0,4,工作日,早高峰(7-9点),2015-04-27,2015年4月27日,阴 /雷阵雨,21℃ / 14℃,东南风 ≤3级 /东北风 ≤3级,阴,雷阵雨,21,14,东南风,≤3级,东北风,≤3级,day
2015-04-27 05:00:00,甲秀南路,7、未按规定让行的 ,负全部责任,不负责任,1,贵A81240,黄,1,贵JAT355,黑,-1,蓝天驾校,-1,2011/11/30 0:00,夏利,东风日产牌,366067000000000000 ,366577000000000000 ,198707,197906,5,0,4,工作日,非高峰,2015-04-27,2015年4月27日,阴 /雷阵雨,21℃ / 14℃,东南风 ≤3级 /东北风 ≤3级,阴,雷阵雨,21,14,东南风,≤3级,东北风,≤3级,night
2015-04-27 08:00:00,白云区,7、未按规定让行的 ,负全部责任,不负责任,1,贵AJK507,黑,1,贵AB409T,银,-1,十一驾驶培训有限公司,-1,2014/12/30 0:00,马自达牌,东南牌,364557000000000 ,366664000000000000 ,620828,198609,8,0,4,工作日,早高峰(7-9点),2015-04-27,2015年4月27日,阴 /雷阵雨,21℃ / 14℃,东南风 ≤3级 /东北风 ≤3级,阴,雷阵雨,21,14,东南风,≤3级,东北风,≤3级,day
2015-04-27 08:50:00,黔江路,7、未按规定让行的 ,负全部责任,不负责任,1,贵A65R61,黑色,1,贵A7CB29,白色,-1,市交校,-1,2011/11/1 0:00,奥迪牌,吉利牌,355867000000000000 ,366569000000000000 ,198110,199202,8,0,4,工作日,早高峰(7-9点),2015-04-27,2015年4月27日,阴 /雷阵雨,21℃ / 14℃,东南风 ≤3级 /东北风 ≤3级,阴,雷阵雨,21,14,东南风,≤3级,东北风,≤3级,day
2015-04-27 09:00:00,西南环线,1、追尾的,负全部责任,不负责任,1,川AY2513,白色,1,贵ASV612,白色,-1,自培,-1,1998/6/22 0:00,凌肯牌,朗逸牌,354766000000000000 ,364547000000000000 ,198202,196402,9,0,4,工作日,早高峰(7-9点),2015-04-27,2015年4月27日,阴 /雷阵雨,21℃ / 14℃,东南风 ≤3级 /东北风 ≤3级,阴,雷阵雨,21,14,东南风,≤3级,东北风,≤3级,day
2015-04-27 05:00:00,商贸城,3、倒车的,负全部责任,不负责任,1,贵A083B7,黑,1,贵JEE744,白,贵定县阳光汽车驾驶培训学校,蓝天驾校,-1,2012/7/9 0:00,江淮牌,五菱牌,74355500000000000 ,734398000000000000 ,198812,199309,5,0,4,工作日,非高峰,2015-04-27,2015年4月27日,阴 /雷阵雨,21℃ / 14℃,东南风 ≤3级 /东北风 ≤3级,阴,雷阵雨,21,14,东南风,≤3级,东北风,≤3级,night
2015-04-27 08:00:00,中华中路,7、未按规定让行的 ,负全部责任,不负责任,1,贵A46464,白,1,贵ANL968,白,省交校,全林驾校,2011/11/21 0:00,2012/3/19 0:00,捷达牌,广汽菲亚特牌,364548000000000000 ,364547000000000000 ,199103,197710,8,0,4,工作日,早高峰(7-9点),2015-04-27,2015年4月27日,阴 /雷阵雨,21℃ / 14℃,东南风 ≤3级 /东北风 ≤3级,阴,雷阵雨,21,14,东南风,≤3级,东北风,≤3级,day
2015-04-27 08:30:00,世纪城,1、追尾的,负全部责任,不负责任,1,贵ACG885,银,1,贵ABH436,银,（南明区）金大驾驶培训有限公司,-1,2008/8/29 0:00,-1,大众汽车牌,江铃牌,356166000000000000 ,354344000000 ,197203,588012,8,0,4,工作日,早高峰(7-9点),2015-04-27,2015年4月27日,阴 /雷阵雨,21℃ / 14℃,东南风 ≤3级 /东北风 ≤3级,阴,雷阵雨,21,14,东南风,≤3级,东北风,≤3级,day
2015-04-27 08:00:00,绿地环保,3、倒车的,负全部责任,不负责任,0,川E61A62,银,1,贵A4433T,银,（观山湖区）蓝天驾驶培训有限公司,阳光驾校,2007/2/2 0:00,2014/6/26 0:00,五菱牌,长安牌,366361000000000000 ,364568000000000000 ,198303,199106,8,0,4,工作日,早高峰(7-9点),2015-04-27,2015年4月27日,阴 /雷阵雨,21℃ / 14℃,东南风 ≤3级 /东北风 ≤3级,阴,雷阵雨,21,14,东南风,≤3级,东北风,≤3级,day
2015-04-27 07:46:00,世纪城,1、追尾的,负全部责任,不负责任,1,贵GR5566,白,1,贵A559H9,银,新天驾校,贵州贵龙驾校,2011/12/14 0:00,2014/6/18 0:00,东风雪铁龙牌,五菱牌,364557000000000000 ,366361000000000000 ,197411,196709,7,0,4,工作日,早高峰(7-9点),2015-04-27,2015年4月27日,阴 /雷阵雨,21℃ / 14℃,东南风 ≤3级 /东北风 ≤3级,阴,雷阵雨,21,14,东南风,≤3级,东北风,≤3级,day
2015-04-27 11:34:00,二铺,1、追尾的,负全部责任,不负责任,1,贵AGX491,银,1,贵A6661H,黑,-1,金大驾校,-1,2012/9/7 0:00,长安牌,吉利美日牌,355456000000000000 ,364557000000000000 ,198109,198810,11,0,4,工作日,非高峰,2015-04-27,2015年4月27日,阴 /雷阵雨,21℃ / 14℃,东南风 ≤3级 /东北风 ≤3级,阴,雷阵雨,21,14,东南风,≤3级,东北风,≤3级,day
2015-04-27 08:00:00,金阳北路,7、未按规定让行的 ,负全部责任,不负责任,1,鄂A6BM75,白,1,贵A0962S,黑,自培,全林驾校,2003/8/19 0:00,2014/9/4 0:00,马自达牌,长安牌,64166500000000000 ,366577000000000000 ,197611,197309,8,0,4,工作日,早高峰(7-9点),2015-04-27,2015年4月27日,阴 /雷阵雨,21℃ / 14℃,东南风 ≤3级 /东北风 ≤3级,阴,雷阵雨,21,14,东南风,≤3级,东北风,≤3级,day
2015-04-27 06:30:00,头桥,1、追尾的,负全部责任,不负责任,1,贵CK6599,银,1,贵A1J957,白,自培,-1,2002/8/28 0:00,-1,五菱牌,-1,366563000000000000 ,344666000000000000 ,196807,199107,6,0,4,工作日,非高峰,2015-04-27,2015年4月27日,阴 /雷阵雨,21℃ / 14℃,东南风 ≤3级 /东北风 ≤3级,阴,雷阵雨,21,14,东南风,≤3级,东北风,≤3级,day
2015-04-27 09:20:00,市府路,7、未按规定让行的 ,负全部责任,不负责任,1,贵A5BE66,白,1,贵AA715警,白,自培,-1,2001/8/29 0:00,-1,奥迪牌,-1,366569000000000000 ,764547000000000000 ,198012,199107,9,0,4,工作日,早高峰(7-9点),2015-04-27,2015年4月27日,阴 /雷阵雨,21℃ / 14℃,东南风 ≤3级 /东北风 ≤3级,阴,雷阵雨,21,14,东南风,≤3级,东北风,≤3级,day
2015-04-27 08:00:00,小河平桥,7、未按规定让行的 ,负全部责任,不负责任,1,贵ARH477,白色,1,贵H42112,黑色,自培,-1,2014/1/26 0:00,-1,吉利全球鹰牌,大阳,366566000000000000 ,366267000000000000 ,197102,197511,8,0,4,工作日,早高峰(7-9点),2015-04-27,2015年4月27日,阴 /雷阵雨,21℃ / 14℃,东南风 ≤3级 /东北风 ≤3级,阴,雷阵雨,21,14,东南风,≤3级,东北风,≤3级,day
2015-04-27 13:15:00,贵惠大道,1、追尾的,负全部责任,不负责任,1,贵A8BY64,黑色,1,贵A4911H,白色,自培,高新驾校,2004/2/27 0:00,2014/2/28 0:00,东风牌,云雀,366577000000000000 ,364648000000000000 ,198310,199012,13,0,4,工作日,非高峰,2015-04-27,2015年4月27日,阴 /雷阵雨,21℃ / 14℃,东南风 ≤3级 /东北风 ≤3级,阴,雷阵雨,21,14,东南风,≤3级,东北风,≤3级,day
2015-04-27 10:00:00,金阳,7、未按规定让行的 ,负全部责任,不负责任,1,贵A74667,红,1,贵A156F3,红,自培,-1,2001/7/13 0:00,-1,北汽福田,大运牌,366246000000000000 ,364557000000000000 ,196001,199202,10,0,4,工作日,非高峰,2015-04-27,2015年4月27日,阴 /雷阵雨,21℃ / 14℃,东南风 ≤3级 /东北风 ≤3级,阴,雷阵雨,21,14,东南风,≤3级,东北风,≤3级,day
2015-04-27 00:10:00,中天花园,1、追尾的,负全部责任,不负责任,1,贵AJ5260,红,1,贵AU5097,绿,自培,十一培,2012/4/24 0:00,1996/8/25 0:00,劲扬牌,豪爵牌,36636651314956005X,364547000000000000 ,195908,196208,0,0,4,工作日,非高峰,2015-04-27,2015年4月27日,阴 /雷阵雨,21℃ / 14℃,东南风 ≤3级 /东北风 ≤3级,阴,雷阵雨,21,14,东南风,≤3级,东北风,≤3级,night
2015-04-27 08:00:00,枣山路,7、未按规定让行的 ,负全部责任,不负责任,1,贵AU6058,白色,1,贵AU0842,拔丝,自培,十一培,2001/2/20 0:00,1995/1/26 0:00,捷达牌,菲鹰牌,364548000000000000 ,364547000000000000 ,198212,197310,8,0,4,工作日,早高峰(7-9点),2015-04-27,2015年4月27日,阴 /雷阵雨,21℃ / 14℃,东南风 ≤3级 /东北风 ≤3级,阴,雷阵雨,21,14,东南风,≤3级,东北风,≤3级,day
2015-04-27 08:00:00,次南门,7、未按规定让行的 ,负全部责任,不负责任,1,贵FX9044,白,1,贵AU6081,白,自培,十一培,2007/11/27 0:00,1997/5/22 0:00,田野牌,恒通客车牌,366067000000000000 ,36866500000000000 ,198905,197407,8,0,4,工作日,早高峰(7-9点),2015-04-27,2015年4月27日,阴 /雷阵雨,21℃ / 14℃,东南风 ≤3级 /东北风 ≤3级,阴,雷阵雨,21,14,东南风,≤3级,东北风,≤3级,day
2015-04-27 00:00:00,花二道,1、追尾的,负全部责任,不负责任,1,贵ALG664,银,1,贵AG6652,银,长运驾校,自培,2014/12/30 0:00,2004/8/19 0:00,五菱牌,嘉陵牌,366764000000000000 ,364548000000000000 ,199605,198003,0,0,4,工作日,非高峰,2015-04-27,2015年4月27日,阴 /雷阵雨,21℃ / 14℃,东南风 ≤3级 /东北风 ≤3级,阴,雷阵雨,21,14,东南风,≤3级,东北风,≤3级,night
2015-04-27 08:00:00,世纪城,8、依法应负全责的其他情形,负全部责任,不负责任,1,贵A56F33,黄,1,贵A82W22,白,-1,自培,-1,2004/7/24 0:00,大众牌,别克牌,366877000000000000 ,366569000000000000 ,198605,198210,8,0,4,工作日,早高峰(7-9点),2015-04-27,2015年4月27日,阴 /雷阵雨,21℃ / 14℃,东南风 ≤3级 /东北风 ≤3级,阴,雷阵雨,21,14,东南风,≤3级,东北风,≤3级,day
2015-04-27 08:45:00,大营坡,7、未按规定让行的 ,负全部责任,不负责任,0,贵A7S760,白,1,贵JAE123,银,-1,自培,-1,2002/4/24 0:00,依维柯牌,丰田牌,364668000000000000 ,364547000000000000 ,198605,197605,8,0,4,工作日,早高峰(7-9点),2015-04-27,2015年4月27日,阴 /雷阵雨,21℃ / 14℃,东南风 ≤3级 /东北风 ≤3级,阴,雷阵雨,21,14,东南风,≤3级,东北风,≤3级,day
2015-04-27 10:50:00,金关,7、未按规定让行的 ,负全部责任,不负责任,1,贵A923E9,银,1,贵AYP661,银,-1,自培,-1,2004/6/14 0:00,长安牌,得利,72636400000000000 ,366361000000000000 ,195607,196309,10,0,4,工作日,非高峰,2015-04-27,2015年4月27日,阴 /雷阵雨,21℃ / 14℃,东南风 ≤3级 /东北风 ≤3级,阴,雷阵雨,21,14,东南风,≤3级,东北风,≤3级,day
2015-04-27 08:51:00,白云区,7、未按规定让行的 ,负全部责任,不负责任,1,贵AAB094,银,0,贵A7459C,白,自培,自培,2003/5/20 0:00,2005/1/17 0:00,五菱牌,比亚迪牌,366368000000000000 ,366663000000000000 ,197608,197909,8,0,4,工作日,早高峰(7-9点),2015-04-27,2015年4月27日,阴 /雷阵雨,21℃ / 14℃,东南风 ≤3级 /东北风 ≤3级,阴,雷阵雨,21,14,东南风,≤3级,东北风,≤3级,day
2015-04-27 10:30:00,金阳北路,3、倒车的,负全部责任,不负责任,1,贵JDT339,白,0,贵AMV392,蓝,（南明区）金大驾驶培训有限公司,文通驾校,2007/10/15 0:00,2012/1/9 0:00,别克牌,福克斯牌,364548000000000000 ,366063000000000000 ,198411,198012,10,0,4,工作日,非高峰,2015-04-27,2015年4月27日,阴 /雷阵雨,21℃ / 14℃,东南风 ≤3级 /东北风 ≤3级,阴,雷阵雨,21,14,东南风,≤3级,东北风,≤3级,day
2015-04-27 10:03:00,杨家山,1、追尾的,负全部责任,不负责任,1,贵JSZ854,白,1,贵ATY736,白,自培,520126,2015/2/12 0:00,2011/4/25 0:00,-1,东风雪铁龙牌,366862000000000000 ,36657651894246875X,198710,197806,10,0,4,工作日,非高峰,2015-04-27,2015年4月27日,阴 /雷阵雨,21℃ / 14℃,东南风 ≤3级 /东北风 ≤3级,阴,雷阵雨,21,14,东南风,≤3级,东北风,≤3级,day
2015-04-27 08:40:00,会展城,7、未按规定让行的 ,负全部责任,不负责任,1,贵HBB161,白,1,贵A76Y75,黄,蓝天驾校,新华驾校,2013/3/5 0:00,2014/9/4 0:00,劲隆牌,雷克萨斯,364547000000000000 ,35616751214769487X,199101,196903,8,0,4,工作日,早高峰(7-9点),2015-04-27,2015年4月27日,阴 /雷阵雨,21℃ / 14℃,东南风 ≤3级 /东北风 ≤3级,阴,雷阵雨,21,14,东南风,≤3级,东北风,≤3级,day
2015-04-27 13:00:00,解放路,1、追尾的,负全部责任,不负责任,1,贵A5BF03,白色,1,贵A54M87,白色,长运驾校,-1,2013/12/25 0:00,-1,长安牌,东风日产牌,364547000000000000 ,366567 ,198805,-1,13,0,4,工作日,非高峰,2015-04-27,2015年4月27日,阴 /雷阵雨,21℃ / 14℃,东南风 ≤3级 /东北风 ≤3级,阴,雷阵雨,21,14,东南风,≤3级,东北风,≤3级,day
2015-04-27 08:30:00,机场,9、不符合前8款规定或者双方同时具有上述情形的,负同等责任,负同等责任,0,贵A14R89,黑,0,贵AJR546,白,贵工驾校,贵工驾校,2013/7/4 0:00,2010/6/9 0:00,海马牌,长安牌,366669000000000000 ,364548000000000000 ,198311,198706,8,0,4,工作日,早高峰(7-9点),2015-04-27,2015年4月27日,阴 /雷阵雨,21℃ / 14℃,东南风 ≤3级 /东北风 ≤3级,阴,雷阵雨,21,14,东南风,≤3级,东北风,≤3级,day
2015-04-27 09:32:00,金阳,8、依法应负全责的其他情形,负全部责任,不负责任,1,贵GJD341,白,1,川KEB932,黑,自培,-1,2014/4/10 0:00,-1,-1,奥迪 ,364566000000000000 ,355470000000000000 ,198604,196913,9,0,4,工作日,早高峰(7-9点),2015-04-27,2015年4月27日,阴 /雷阵雨,21℃ / 14℃,东南风 ≤3级 /东北风 ≤3级,阴,雷阵雨,21,14,东南风,≤3级,东北风,≤3级,day
2015-04-27 13:28:00,二铺,8、依法应负全责的其他情形,负全部责任,不负责任,1,贵A3410L,白,1,贵A9610B,黑,-1,诚信驾驶培训学校,-1,2015/2/4 0:00,-1,大众汽车牌,366068000000000000 ,366066000000000000 ,198040,197204,13,0,4,工作日,非高峰,2015-04-27,2015年4月27日,阴 /雷阵雨,21℃ / 14℃,东南风 ≤3级 /东北风 ≤3级,阴,雷阵雨,21,14,东南风,≤3级,东北风,≤3级,day
2015-04-27 15:00:00,世纪城,7、未按规定让行的 ,负全部责任,不负责任,1,贵A5575P,白,1,贵AC991S,银,-1,消防驾校,-1,2014/7/17 0:00,长安牌,吉利美日牌,357462000000000000 ,366767000000000000 ,199401,198410,15,0,4,工作日,非高峰,2015-04-27,2015年4月27日,阴 /雷阵雨,21℃ / 14℃,东南风 ≤3级 /东北风 ≤3级,阴,雷阵雨,21,14,东南风,≤3级,东北风,≤3级,day
2015-04-27 11:18:00,北京西路,7、未按规定让行的 ,负全部责任,不负责任,1,贵APT918,银,1,贵HW5234,黄,-1,-1,-1,-1,朗风牌,SUBARUXV,364548000000000000 ,36454800000000000 ,198211,197508,11,0,4,工作日,非高峰,2015-04-27,2015年4月27日,阴 /雷阵雨,21℃ / 14℃,东南风 ≤3级 /东北风 ≤3级,阴,雷阵雨,21,14,东南风,≤3级,东北风,≤3级,day
2015-04-27 16:20:00,黔林山路,1、追尾的,负全部责任,不负责任,1,贵A53C32,红,1,贵AJZ951,黑,公交（集团）驾校（云岩区）,金大驾校,2012/9/7 0:00,2012/10/11 0:00,长安牌,东风牌,36464551934264565X,35465351234751405X,198506,196503,16,0,4,工作日,非高峰,2015-04-27,2015年4月27日,阴 /雷阵雨,21℃ / 14℃,东南风 ≤3级 /东北风 ≤3级,阴,雷阵雨,21,14,东南风,≤3级,东北风,≤3级,day
2015-04-27 11:10:00,三桥,8、依法应负全责的其他情形,负全部责任,不负责任,1,贵GR1793,白,1,贵AV7518,银,智杰驾校,消防驾校,2013/5/21 0:00,2010/11/1 0:00,东风雪铁龙牌,劲隆牌,364568000000000000 ,354364000000000000 ,198702,198108,11,0,4,工作日,非高峰,2015-04-27,2015年4月27日,阴 /雷阵雨,21℃ / 14℃,东南风 ≤3级 /东北风 ≤3级,阴,雷阵雨,21,14,东南风,≤3级,东北风,≤3级,day
2015-04-27 16:30:00,花香村,1、追尾的,负全部责任,不负责任,1,贵A65A96,白色,1,贵A13K93,白色,（南明区）长安驾驶培训有限公司,黔南州交通驾驶学校,2008/10/17 0:00,-1,起亚牌,马自达牌,36454651974369497X,366864000000000000 ,198305,195302,16,0,4,工作日,非高峰,2015-04-27,2015年4月27日,阴 /雷阵雨,21℃ / 14℃,东南风 ≤3级 /东北风 ≤3级,阴,雷阵雨,21,14,东南风,≤3级,东北风,≤3级,day
2015-04-27 11:40:00,金竹立交,1、追尾的,负全部责任,不负责任,1,贵HAL834,白色,1,贵A00472,白色,省交校,预约考试窗口,2011/12/9 0:00,2007/5/29 0:00,东风标致牌,王牌牌,364566000000000000 ,36627351874658527X,198807,197302,11,0,4,工作日,非高峰,2015-04-27,2015年4月27日,阴 /雷阵雨,21℃ / 14℃,东南风 ≤3级 /东北风 ≤3级,阴,雷阵雨,21,14,东南风,≤3级,东北风,≤3级,day
2015-04-27 11:57:00,白云,3、倒车的,负全部责任,不负责任,1,贵A176AG,银,1,贵ANV639,银,自培,-1,2010/10/29 0:00,-1,-1,长安牌,35616951294249375X,36455800000000000 ,196806,198011,11,0,4,工作日,非高峰,2015-04-27,2015年4月27日,阴 /雷阵雨,21℃ / 14℃,东南风 ≤3级 /东北风 ≤3级,阴,雷阵雨,21,14,东南风,≤3级,东北风,≤3级,day
2015-04-27 12:00:00,花香村,7、未按规定让行的 ,负全部责任,不负责任,1,京PEW385,白色,1,贵A58S17,白色,自培,预约考试窗口,2009/2/26 0:00,2006/9/29 0:00,桑塔纳牌,长安牌,54740500000000000 ,364557000000000000 ,197809,198605,12,0,4,工作日,非高峰,2015-04-27,2015年4月27日,阴 /雷阵雨,21℃ / 14℃,东南风 ≤3级 /东北风 ≤3级,阴,雷阵雨,21,14,东南风,≤3级,东北风,≤3级,day
2015-04-27 08:50:00,五里冲,1、追尾的,负全部责任,不负责任,1,贵A79R49,黑,1,贵A87171,银,（云岩区）省交通职业技术驾驶培训学校,十一培,2006/10/11 0:00,1999/11/18 0:00,吉利牌,桑塔纳,366367000000000000 ,364547000000000000 ,198308,196010,8,0,4,工作日,早高峰(7-9点),2015-04-27,2015年4月27日,阴 /雷阵雨,21℃ / 14℃,东南风 ≤3级 /东北风 ≤3级,阴,雷阵雨,21,14,东南风,≤3级,东北风,≤3级,day
2015-04-27 12:40:00,蟠桃宫,9、不符合前8款规定或者双方同时具有上述情形的,负同等责任,负同等责任,1,贵AU1183,白,1,贵AU6622,蓝,自培,十一培,2009/7/24 0:00,1993/11/10 0:00,宗申牌,大运牌,354966000000000000 ,364548000000000000 ,198206,196911,12,0,4,工作日,非高峰,2015-04-27,2015年4月27日,阴 /雷阵雨,21℃ / 14℃,东南风 ≤3级 /东北风 ≤3级,阴,雷阵雨,21,14,东南风,≤3级,东北风,≤3级,day
2015-04-27 11:50:00,瑞金路,1、追尾的,负全部责任,不负责任,1,贵72802,银,1,贵AU6054,绿,十一驾驶培训有限公司,自培,2009/12/21 0:00,2005/11/21 0:00,-1,捷达牌,366567000000000000 ,366066000000000000 ,197507,196603,11,0,4,工作日,非高峰,2015-04-27,2015年4月27日,阴 /雷阵雨,21℃ / 14℃,东南风 ≤3级 /东北风 ≤3级,阴,雷阵雨,21,14,东南风,≤3级,东北风,≤3级,day
2015-04-27 10:20:00,桐木岭,1、追尾的,负全部责任,不负责任,1,贵AP4176,白色,1,贵AHX675,白色,（花溪区）贵州大学驾驶培训有限公司,自培,2006/5/16 0:00,2008/5/6 0:00,三菱牌,福克斯牌,364556000000000000 ,364548000000000000 ,196807,196801,10,0,4,工作日,非高峰,2015-04-27,2015年4月27日,阴 /雷阵雨,21℃ / 14℃,东南风 ≤3级 /东北风 ≤3级,阴,雷阵雨,21,14,东南风,≤3级,东北风,≤3级,day
2015-04-27 11:10:00,百花山,7、未按规定让行的 ,负全部责任,不负责任,1,贵GR1444,白,1,贵AA6461,银,自培,自培,2015/2/15 0:00,2002/7/30 0:00,解放牌,王牌牌,366367000000000000 ,364548000000000000 ,196802,196708,11,0,4,工作日,非高峰,2015-04-27,2015年4月27日,阴 /雷阵雨,21℃ / 14℃,东南风 ≤3级 /东北风 ≤3级,阴,雷阵雨,21,14,东南风,≤3级,东北风,≤3级,day
2015-04-27 15:00:00,金朱东路,1、追尾的,负全部责任,不负责任,1,贵AJA063,银,1,贵AE7966,银,十一培,自培,1999/10/22 0:00,2002/1/8 0:00,黄海牌,三铃牌,574648000000000000 ,366068000000000000 ,195312,198111,15,0,4,工作日,非高峰,2015-04-27,2015年4月27日,阴 /雷阵雨,21℃ / 14℃,东南风 ≤3级 /东北风 ≤3级,阴,雷阵雨,21,14,东南风,≤3级,东北风,≤3级,day
2015-04-27 14:55:00,中华中路,7、未按规定让行的 ,负全部责任,不负责任,1,贵A88R19,白色,1,贵AU1528,白色,自培,-1,2001/8/16 0:00,-1,夏利牌,大运牌,364547000000000000 ,364566000000000000 ,196306,198004,14,0,4,工作日,非高峰,2015-04-27,2015年4月27日,阴 /雷阵雨,21℃ / 14℃,东南风 ≤3级 /东北风 ≤3级,阴,雷阵雨,21,14,东南风,≤3级,东北风,≤3级,day
2015-04-27 12:00:00,五里冲,1、追尾的,负全部责任,不负责任,1,贵FS3972,白色,1,贵A6BF82,白色,自培,全林驾校,2014/9/23 0:00,2014/11/14 0:00,吉利美日牌,翼搏牌,36606751994843195X,366367000000000000 ,198807,198010,12,0,4,工作日,非高峰,2015-04-27,2015年4月27日,阴 /雷阵雨,21℃ / 14℃,东南风 ≤3级 /东北风 ≤3级,阴,雷阵雨,21,14,东南风,≤3级,东北风,≤3级,day
2015-04-27 15:00:00,小河开发大道,1、追尾的,负全部责任,不负责任,1,贵A91S92,白色,1,贵AK7926,白色,-1,（经开区）十一驾驶培训有限公司,-1,2003/1/9 0:00,雷克萨斯,江淮牌,36455600000000000 ,366064000000000000 ,195022,197311,15,0,4,工作日,非高峰,2015-04-27,2015年4月27日,阴 /雷阵雨,21℃ / 14℃,东南风 ≤3级 /东北风 ≤3级,阴,雷阵雨,21,14,东南风,≤3级,东北风,≤3级,day