accidenttime,accidentaddr,driver1fault,driver1responsibility,driver2responsibility,sex1,platenumber1,carcolor1,sex2,platenumber2,carcolor2,jxmc1,jxmc2,cclzrq1,cclzrq2,clpp1,clpp2,driver1license,driver2license,brith1,brith2,hour,weekday,month,is_weekday,peak_hour,date,日期,天气状况,气温,风力风向,day_wea,night_wea,day_tep,night_tep,day_wind_direction,day_wind_speed,night_wind_direction,night_wind_speed,segment
2015-04-27 13:00:00,市府路,1、追尾的,负全部责任,不负责任,1,贵A52Y93,银,1,贵G54311,黑,青正驾校,-1,2011/4/1 0:00,-1,大众汽车牌,红旗牌,366362000000000000 ,264547000000000000 ,199109,197412,13,0,4,工作日,非高峰,2015-04-27,2015年4月27日,阴 /雷阵雨,21℃ / 14℃,东南风 ≤3级 /东北风 ≤3级,阴,雷阵雨,21,14,东南风,≤3级,东北风,≤3级,day
2015-04-27 16:10:00,肺科医院,3、倒车的,负全部责任,不负责任,1,贵GR1316,银,1,贵JAT616,黄,自培,自培,2003/8/26 0:00,2000/6/2 0:00,比亚迪牌,凯迪拉克牌,364557000000000000 ,366361000000000000 ,198506,197204,16,0,4,工作日,非高峰,2015-04-27,2015年4月27日,阴 /雷阵雨,21℃ / 14℃,东南风 ≤3级 /东北风 ≤3级,阴,雷阵雨,21,14,东南风,≤3级,东北风,≤3级,day
2015-04-27 17:30:00,花果园,7、未按规定让行的 ,负全部责任,不负责任,1,贵A5BW81,白色,1,贵A7AF16,白色,贵大驾校,市警校驾校,2011/11/24 0:00,2011/8/9 0:00,别克牌,长安牌,726346000000000000 ,364547000000000000 ,198111,197701,17,0,4,工作日,晚高峰(17-19点),2015-04-27,2015年4月27日,阴 /雷阵雨,21℃ / 14℃,东南风 ≤3级 /东北风 ≤3级,阴,雷阵雨,21,14,东南风,≤3级,东北风,≤3级,day
2015-04-27 17:00:00,望城坡,8、依法应负全责的其他情形,负全部责任,不负责任,1,贵AC571A,白色,1,渝F3M725,白色,吉源驾校,-1,2015/1/19 0:00,-1,长安牌,荣威牌,366862000000000000 ,344605000000000000 ,198810,198708,17,0,4,工作日,晚高峰(17-19点),2015-04-27,2015年4月27日,阴 /雷阵雨,21℃ / 14℃,东南风 ≤3级 /东北风 ≤3级,阴,雷阵雨,21,14,东南风,≤3级,东北风,≤3级,day
2015-04-27 18:00:00,贵惠路,7、未按规定让行的 ,负全部责任,不负责任,1,贵A6BB99,白色,1,贵A6B517,黑色,自培,自培,2007/10/11 0:00,1996/11/18 0:00,北京牌,-1,364547000000000000 ,36667451855648465X,197302,197112,18,0,4,工作日,晚高峰(17-19点),2015-04-27,2015年4月27日,阴 /雷阵雨,21℃ / 14℃,东南风 ≤3级 /东北风 ≤3级,阴,雷阵雨,21,14,东南风,≤3级,东北风,≤3级,day
2015-04-27 15:00:00,花果园,7、未按规定让行的 ,负全部责任,不负责任,1,贵GY3081,白,1,贵AHP818,白,天行健驾校,贵州平安驾驶培训学校,2014/6/18 0:00,2013/5/6 0:00,长安牌,思威牌,354166000000000000 ,784294000000000000 ,199411,198707,15,0,4,工作日,非高峰,2015-04-27,2015年4月27日,阴 /雷阵雨,21℃ / 14℃,东南风 ≤3级 /东北风 ≤3级,阴,雷阵雨,21,14,东南风,≤3级,东北风,≤3级,day
2015-04-27 18:53:00,宝山北路,9、不符合前8款规定或者双方同时具有上述情形的,负同等责任,负同等责任,1,贵A9BW06,红,1,贵A24578,黑,贵州省长安驾驶培训学校,-1,2014/11/25 0:00,-1,马自达牌,丰田牌,366863000000000000 ,364544000000 ,197601,37317,18,0,4,工作日,晚高峰(17-19点),2015-04-27,2015年4月27日,阴 /雷阵雨,21℃ / 14℃,东南风 ≤3级 /东北风 ≤3级,阴,雷阵雨,21,14,东南风,≤3级,东北风,≤3级,day
2015-04-27 17:20:00,三桥,8、依法应负全责的其他情形,负全部责任,不负责任,1,豫E6767Z,黑,1,贵ARX761,白,-1,520111,-1,2008/8/13 0:00,比亚迪牌,五菱牌,54362500000000000 ,366068000000000000 ,197703,198411,17,0,4,工作日,晚高峰(17-19点),2015-04-27,2015年4月27日,阴 /雷阵雨,21℃ / 14℃,东南风 ≤3级 /东北风 ≤3级,阴,雷阵雨,21,14,东南风,≤3级,东北风,≤3级,day
2015-04-27 13:30:00,中华北路,1、追尾的,负全部责任,不负责任,1,贵AU5277,绿,1,贵AU4227,绿,自培,文通驾校,2004/10/22 0:00,2011/10/26 0:00,金捷牌,捷达牌,36606751824746273X,366364000000000000 ,197603,196903,13,0,4,工作日,非高峰,2015-04-27,2015年4月27日,阴 /雷阵雨,21℃ / 14℃,东南风 ≤3级 /东北风 ≤3级,阴,雷阵雨,21,14,东南风,≤3级,东北风,≤3级,day
2015-04-27 13:00:00,乌当,7、未按规定让行的 ,负全部责任,不负责任,1,贵AKV859,黑,1,贵JDY158,黑,自培,铁二局驾校,2006/11/2 0:00,2012/9/28 0:00,骐达牌,别克牌,364548000000000000 ,364548000000000000 ,198307,198902,13,0,4,工作日,非高峰,2015-04-27,2015年4月27日,阴 /雷阵雨,21℃ / 14℃,东南风 ≤3级 /东北风 ≤3级,阴,雷阵雨,21,14,东南风,≤3级,东北风,≤3级,day
2015-04-27 18:00:00,花溪大道,7、未按规定让行的 ,负全部责任,不负责任,1,贵AWY823,白色,1,贵AE9571,白色,自培,自培,2006/10/10 0:00,2004/6/17 0:00,雪佛兰牌,大众牌,786167000000000000 ,366364000000000000 ,197609,196710,18,0,4,工作日,晚高峰(17-19点),2015-04-27,2015年4月27日,阴 /雷阵雨,21℃ / 14℃,东南风 ≤3级 /东北风 ≤3级,阴,雷阵雨,21,14,东南风,≤3级,东北风,≤3级,day
2015-04-27 13:10:00,营盘路,7、未按规定让行的 ,负全部责任,不负责任,1,贵AMS483,白色,1,贵AE0427,白色,自培,自培,2004/8/28 0:00,2003/11/28 0:00,起亚牌,秦川-福莱尔,364547000000000000 ,354664000000000000 ,198312,196411,13,0,4,工作日,非高峰,2015-04-27,2015年4月27日,阴 /雷阵雨,21℃ / 14℃,东南风 ≤3级 /东北风 ≤3级,阴,雷阵雨,21,14,东南风,≤3级,东北风,≤3级,day
2015-04-27 16:50:00,九州港,8、依法应负全责的其他情形,负全部责任,不负责任,1,贵A428F9,白色,1,贵ASC261,白色,自培,自培,2005/10/26 0:00,2003/8/8 0:00,解放牌,大切诺基,366064000000000000 ,364548000000000000 ,197401,197704,16,0,4,工作日,非高峰,2015-04-27,2015年4月27日,阴 /雷阵雨,21℃ / 14℃,东南风 ≤3级 /东北风 ≤3级,阴,雷阵雨,21,14,东南风,≤3级,东北风,≤3级,day
2015-04-27 10:40:00,中华南路,8、依法应负全责的其他情形,负全部责任,不负责任,1,贵HL0741,白,1,贵AU7368,蓝,自培,自培,2008/9/3 0:00,2003/4/30 0:00,起亚牌,钱江牌,366246000000000000 ,366861000000000000 ,198912,197301,10,0,4,工作日,非高峰,2015-04-27,2015年4月27日,阴 /雷阵雨,21℃ / 14℃,东南风 ≤3级 /东北风 ≤3级,阴,雷阵雨,21,14,东南风,≤3级,东北风,≤3级,day
2015-04-27 20:05:00,盐沙大道,3、倒车的,负全部责任,不负责任,1,贵A54C48,黑,1,贵AKP325,红,-1,-1,-1,-1,奥迪牌,东风日产牌,364548000000000000 ,364557000000000 ,196512,670927,20,0,4,工作日,非高峰,2015-04-27,2015年4月27日,阴 /雷阵雨,21℃ / 14℃,东南风 ≤3级 /东北风 ≤3级,阴,雷阵雨,21,14,东南风,≤3级,东北风,≤3级,night
2015-04-27 17:59:00,景怡小区,3、倒车的,负全部责任,不负责任,1,贵AM8611,黑,1,贵GX9339,白,-1,-1,-1,-1,沃尔沃牌,马自达牌,356969000000000000 ,35576600000000000 ,198405,198607,17,0,4,工作日,晚高峰(17-19点),2015-04-27,2015年4月27日,阴 /雷阵雨,21℃ / 14℃,东南风 ≤3级 /东北风 ≤3级,阴,雷阵雨,21,14,东南风,≤3级,东北风,≤3级,day
2015-04-28 05:00:00,阳关,7、未按规定让行的 ,负全部责任,不负责任,1,贵GT1848,黑,1,贵A6688T,银,-1,吉源驾校,-1,2013/11/6 0:00,北京现代牌,五菱牌,54667500000000000 ,366064000000000000 ,199605,199312,5,1,4,工作日,非高峰,2015-04-28,2015年4月28日,多云 /多云,25℃ / 15℃,东北风 ≤3级 /东北风 ≤3级,多云,多云,25,15,东北风,≤3级,东北风,≤3级,night
2015-04-28 08:20:00,大学城,1、追尾的,负全部责任,不负责任,1,贵LAE146,白色,1,贵A1133G,黑色,-1,-1,-1,-1,-1,英伦牌,364548000000000000 ,734767000000000000 ,197103,196910,8,1,4,工作日,早高峰(7-9点),2015-04-28,2015年4月28日,多云 /多云,25℃ / 15℃,东北风 ≤3级 /东北风 ≤3级,多云,多云,25,15,东北风,≤3级,东北风,≤3级,day
2015-04-27 23:00:00,狮峰路,7、未按规定让行的 ,负全部责任,不负责任,1,贵A6E367,银,1,贵AZB109,黑,时发驾校,铁二局驾校,2015/1/5 0:00,2013/12/5 0:00,吉利牌,雅阁牌,366361000000000000 ,364557000000000000 ,197401,196903,23,0,4,工作日,非高峰,2015-04-27,2015年4月27日,阴 /雷阵雨,21℃ / 14℃,东南风 ≤3级 /东北风 ≤3级,阴,雷阵雨,21,14,东南风,≤3级,东北风,≤3级,night
2015-04-28 08:30:00,中华北路,7、未按规定让行的 ,负全部责任,不负责任,1,贵A57X42,银,1,贵AU7009,绿,省交校,-1,2011/12/24 0:00,-1,宝马牌,麟龙牌,366864000000000000 ,364544000000 ,199002,431640,8,1,4,工作日,早高峰(7-9点),2015-04-28,2015年4月28日,多云 /多云,25℃ / 15℃,东北风 ≤3级 /东北风 ≤3级,多云,多云,25,15,东北风,≤3级,东北风,≤3级,day
2015-04-28 08:40:00,都司路,1、追尾的,负全部责任,不负责任,1,贵A45E45,红,1,贵AK6521,白,-1,新华驾校,-1,2013/4/3 0:00,长安牌,思威牌,364547000000000 ,364547000000000000 ,791103,198907,8,1,4,工作日,早高峰(7-9点),2015-04-28,2015年4月28日,多云 /多云,25℃ / 15℃,东北风 ≤3级 /东北风 ≤3级,多云,多云,25,15,东北风,≤3级,东北风,≤3级,day
2015-04-28 08:20:00,八公里,1、追尾的,负全部责任,不负责任,1,贵GK6767,白色,1,贵AEG484,白色,-1,-1,-1,-1,五菱牌,奇瑞牌,366026000000000000 ,366875000000000000 ,198410,196912,8,1,4,工作日,早高峰(7-9点),2015-04-28,2015年4月28日,多云 /多云,25℃ / 15℃,东北风 ≤3级 /东北风 ≤3级,多云,多云,25,15,东北风,≤3级,东北风,≤3级,day
2015-04-28 08:40:00,龙井路,8、依法应负全责的其他情形,负全部责任,不负责任,1,贵FL2085,银,1,贵A9341K,银,-1,路路达驾校,-1,2012/10/18 0:00,长安牌,夏利牌,36606700000000000 ,364558000000000000 ,197706,197402,8,1,4,工作日,早高峰(7-9点),2015-04-28,2015年4月28日,多云 /多云,25℃ / 15℃,东北风 ≤3级 /东北风 ≤3级,多云,多云,25,15,东北风,≤3级,东北风,≤3级,day
2015-04-28 08:50:00,盐务街,8、依法应负全责的其他情形,负全部责任,不负责任,0,贵A9D822,白,0,贵AB9531,绿,-1,蓝天驾校,-1,2012/10/12 0:00,丰田牌,本田牌,74565500000000000 ,734567000000000000 ,196312,198202,8,1,4,工作日,早高峰(7-9点),2015-04-28,2015年4月28日,多云 /多云,25℃ / 15℃,东北风 ≤3级 /东北风 ≤3级,多云,多云,25,15,东北风,≤3级,东北风,≤3级,day
2015-04-28 08:50:00,蛮坡,2、逆行的,负全部责任,不负责任,1,贵HHP073,银,1,贵A83C48,黑,-1,诚信驾驶培训学校,-1,2011/3/18 0:00,-1,捷达,364548000000000000 ,364548000000000000 ,198604,199108,8,1,4,工作日,早高峰(7-9点),2015-04-28,2015年4月28日,多云 /多云,25℃ / 15℃,东北风 ≤3级 /东北风 ≤3级,多云,多云,25,15,东北风,≤3级,东北风,≤3级,day
2015-04-27 22:00:00,青云路,1、追尾的,负全部责任,不负责任,1,贵AU1345,白色,1,贵A9BL46,白色,自培,鑫鑫驾校,2011/12/14 0:00,2012/3/7 0:00,大众牌,北京牌,36656051215465695X,364548000000000000 ,196910,199309,22,0,4,工作日,非高峰,2015-04-27,2015年4月27日,阴 /雷阵雨,21℃ / 14℃,东南风 ≤3级 /东北风 ≤3级,阴,雷阵雨,21,14,东南风,≤3级,东北风,≤3级,night
2015-04-28 08:20:00,中山中路,7、未按规定让行的 ,负全部责任,不负责任,1,贵A7AB13,黄,1,贵AUA036,白,自培,时发驾校,2001/7/6 0:00,2012/3/6 0:00,大众汽车牌,丰田牌,364548000000000000 ,364548000000000000 ,196708,197609,8,1,4,工作日,早高峰(7-9点),2015-04-28,2015年4月28日,多云 /多云,25℃ / 15℃,东北风 ≤3级 /东北风 ≤3级,多云,多云,25,15,东北风,≤3级,东北风,≤3级,day
2015-04-27 18:00:00,绿地,7、未按规定让行的 ,负全部责任,不负责任,1,贵AP4188,黑,1,贵G28881,黑,自培,-1,2007/6/25 0:00,-1,东风日产牌,凯迪拉克牌,764397000000000000 ,734398000000000000 ,197512,198810,18,0,4,工作日,晚高峰(17-19点),2015-04-27,2015年4月27日,阴 /雷阵雨,21℃ / 14℃,东南风 ≤3级 /东北风 ≤3级,阴,雷阵雨,21,14,东南风,≤3级,东北风,≤3级,day
2015-04-27 20:00:00,头桥,3、倒车的,负全部责任,不负责任,1,贵4AY433,银,1,贵AHV729,黑,-1,十一培,-1,1998/3/23 0:00,-1,奇瑞牌,366670000000000000 ,366364000000000000 ,197912,196206,20,0,4,工作日,非高峰,2015-04-27,2015年4月27日,阴 /雷阵雨,21℃ / 14℃,东南风 ≤3级 /东北风 ≤3级,阴,雷阵雨,21,14,东南风,≤3级,东北风,≤3级,night
2015-04-28 00:00:00,北京西路,7、未按规定让行的 ,负全部责任,不负责任,1,贵AV6801,绿,1,贵A63M96,白,-1,十一培,-1,1998/1/25 0:00,万虎牌,谛艾仕牌,36657700000000000 ,364548000000000000 ,197100,197506,0,1,4,工作日,非高峰,2015-04-28,2015年4月28日,多云 /多云,25℃ / 15℃,东北风 ≤3级 /东北风 ≤3级,多云,多云,25,15,东北风,≤3级,东北风,≤3级,night
2015-04-28 08:30:00,乌当,3、倒车的,负全部责任,不负责任,1,贵ASK029,红,1,贵ABF239,银,（乌当区）新华驾驶培训有限公司,十一培,2010/6/8 0:00,1993/10/26 0:00,吉利美日牌,吉利美日牌,36455651815463585X,366361000000000000 ,197910,196802,8,1,4,工作日,早高峰(7-9点),2015-04-28,2015年4月28日,多云 /多云,25℃ / 15℃,东北风 ≤3级 /东北风 ≤3级,多云,多云,25,15,东北风,≤3级,东北风,≤3级,day
2015-04-27 22:30:00,世纪城,8、依法应负全责的其他情形,负全部责任,不负责任,1,贵ACF625,银,1,贵A41N78,银,自培,十一培,2012/2/2 0:00,1997/9/16 0:00,福克斯牌,梅赛德斯-奔驰牌,364558000000000000 ,354166000000000000 ,199209,196909,22,0,4,工作日,非高峰,2015-04-27,2015年4月27日,阴 /雷阵雨,21℃ / 14℃,东南风 ≤3级 /东北风 ≤3级,阴,雷阵雨,21,14,东南风,≤3级,东北风,≤3级,night
2015-04-27 18:00:00,碧海花环,8、依法应负全责的其他情形,负全部责任,不负责任,1,贵ASU251,黑,1,贵ASP106,白,-1,自培,-1,2009/2/16 0:00,一汽佳星牌,北京现代,366363000000000000 ,366046000000000000 ,196201,197807,18,0,4,工作日,晚高峰(17-19点),2015-04-27,2015年4月27日,阴 /雷阵雨,21℃ / 14℃,东南风 ≤3级 /东北风 ≤3级,阴,雷阵雨,21,14,东南风,≤3级,东北风,≤3级,day
2015-04-27 20:50:00,保利,1、追尾的,负全部责任,不负责任,1,贵A34K61,白,1,贵AR3868,银,（乌当区）全林驾驶培训有限公司,自培,2010/2/3 0:00,2006/1/5 0:00,丰田牌,万虎牌,355768000000000000 ,366347000000000000 ,198706,197710,20,0,4,工作日,非高峰,2015-04-27,2015年4月27日,阴 /雷阵雨,21℃ / 14℃,东南风 ≤3级 /东北风 ≤3级,阴,雷阵雨,21,14,东南风,≤3级,东北风,≤3级,night
2015-04-28 00:00:00,小河转盘,1、追尾的,负全部责任,不负责任,1,贵AW9704,白色,1,贵A8R694,白色,（白云区）景宏驾驶培训有限公司,自培,2009/2/11 0:00,2000/5/29 0:00,豪爵牌,-1,364551000000000000 ,36454651205541390X,198503,196411,0,1,4,工作日,非高峰,2015-04-28,2015年4月28日,多云 /多云,25℃ / 15℃,东北风 ≤3级 /东北风 ≤3级,多云,多云,25,15,东北风,≤3级,东北风,≤3级,night
2015-04-27 21:30:00,四方河路,3、倒车的,负全部责任,不负责任,1,贵AKQ573,白色,1,贵AEN514,白色,自培,自培,2007/10/22 0:00,2004/12/8 0:00,吉利牌,东风雪铁龙牌,366363000000000000 ,354166000000000000 ,197903,197407,21,0,4,工作日,非高峰,2015-04-27,2015年4月27日,阴 /雷阵雨,21℃ / 14℃,东南风 ≤3级 /东北风 ≤3级,阴,雷阵雨,21,14,东南风,≤3级,东北风,≤3级,night
2015-04-28 09:10:00,中天花园,7、未按规定让行的 ,负全部责任,不负责任,1,贵A78N21,白,1,贵A5CA57,红,-1,市交通职业学校驾校（南明区）,-1,2001/7/24 0:00,雅阁牌,雪佛兰CHEVROLET,366576000000000000 ,366566000000000000 ,198803,197503,9,1,4,工作日,早高峰(7-9点),2015-04-28,2015年4月28日,多云 /多云,25℃ / 15℃,东北风 ≤3级 /东北风 ≤3级,多云,多云,25,15,东北风,≤3级,东北风,≤3级,day
2015-04-28 08:40:00,三桥,7、未按规定让行的 ,负全部责任,不负责任,1,贵4534503,黄,1,贵A44C75,银,自培,黔丰驾校,2007/11/7 0:00,2015/2/12 0:00,-1,比亚迪牌,366064000000000000 ,36637451144841577X,195902,199007,8,1,4,工作日,早高峰(7-9点),2015-04-28,2015年4月28日,多云 /多云,25℃ / 15℃,东北风 ≤3级 /东北风 ≤3级,多云,多云,25,15,东北风,≤3级,东北风,≤3级,day
2015-04-28 08:48:00,新添寨,1、追尾的,负全部责任,不负责任,1,贵AU3741,绿,1,贵A0BB53,白,自培,贵州省长安驾驶培训学校,1995/12/24 0:00,2014/5/22 0:00,宝来牌,奇瑞牌,364557000000000000 ,36454751864750496X,197509,197203,8,1,4,工作日,早高峰(7-9点),2015-04-28,2015年4月28日,多云 /多云,25℃ / 15℃,东北风 ≤3级 /东北风 ≤3级,多云,多云,25,15,东北风,≤3级,东北风,≤3级,day
2015-04-28 08:01:00,乌当,8、依法应负全责的其他情形,负全部责任,不负责任,1,贵CV3544,黄,1,贵APL741,黑,绥阳县平安机动车驾驶员培训学校,遵义市泥桥诚兴汽车驾驶培训学校,2010/11/1 0:00,2004/5/11 0:00,东风日产牌,比亚迪牌,366568000000000000 ,364557000000000000 ,198308,198311,8,1,4,工作日,早高峰(7-9点),2015-04-28,2015年4月28日,多云 /多云,25℃ / 15℃,东北风 ≤3级 /东北风 ≤3级,多云,多云,25,15,东北风,≤3级,东北风,≤3级,day
2015-04-28 07:45:00,建设学校,7、未按规定让行的 ,负全部责任,不负责任,0,贵AG7G97,白,1,贵CM5377,红,省交校,-1,2011/7/12 0:00,-1,-1,宝骏牌,364547000000000000 ,366563000000000000 ,198307,198004,7,1,4,工作日,早高峰(7-9点),2015-04-28,2015年4月28日,多云 /多云,25℃ / 15℃,东北风 ≤3级 /东北风 ≤3级,多云,多云,25,15,东北风,≤3级,东北风,≤3级,day
2015-04-28 10:30:00,西二环,1、追尾的,负全部责任,不负责任,1,贵A00B28,白色,1,贵A8269F,白色,-1,顺一驾驶培训学校,-1,2012/2/24 0:00,-1,松花江牌,366577000000000000 ,364557000000000000 ,198809,196207,10,1,4,工作日,非高峰,2015-04-28,2015年4月28日,多云 /多云,25℃ / 15℃,东北风 ≤3级 /东北风 ≤3级,多云,多云,25,15,东北风,≤3级,东北风,≤3级,day
2015-04-28 11:00:00,沙冲路,1、追尾的,负全部责任,不负责任,1,鄂A88F75,白色,1,贵A63K21,白色,-1,吉源驾校,-1,2011/5/3 0:00,北京现代牌,长城牌,366566000000000000 ,366367000000000000 ,198806,197512,11,1,4,工作日,非高峰,2015-04-28,2015年4月28日,多云 /多云,25℃ / 15℃,东北风 ≤3级 /东北风 ≤3级,多云,多云,25,15,东北风,≤3级,东北风,≤3级,day
2015-04-28 12:00:00,黔灵山路,7、未按规定让行的 ,负全部责任,不负责任,1,贵A89439,银,1,贵AML627,黄,-1,贵大佳德驾驶培训学校,-1,2011/2/28 0:00,陕汽牌,吉利牌,366861000000000000 ,366570000000000000 ,198612,196812,12,1,4,工作日,非高峰,2015-04-28,2015年4月28日,多云 /多云,25℃ / 15℃,东北风 ≤3级 /东北风 ≤3级,多云,多云,25,15,东北风,≤3级,东北风,≤3级,day
2015-04-28 12:40:00,南厂路,8、依法应负全责的其他情形,负全部责任,不负责任,1,贵AKH289,白色,1,贵A51326,白色,-1,全林驾校,-1,2011/10/13 0:00,别克牌,隆鑫,366566000000000000 ,364596000000000000 ,198782,199007,12,1,4,工作日,非高峰,2015-04-28,2015年4月28日,多云 /多云,25℃ / 15℃,东北风 ≤3级 /东北风 ≤3级,多云,多云,25,15,东北风,≤3级,东北风,≤3级,day
2015-04-28 10:10:00,开发大道,1、追尾的,负全部责任,不负责任,1,贵AEE231,白色,1,云AQ1D56,白色,-1,-1,-1,-1,福田牌,东风雪铁龙,07466751934857977J,364647000000000000 ,198507,198803,10,1,4,工作日,非高峰,2015-04-28,2015年4月28日,多云 /多云,25℃ / 15℃,东北风 ≤3级 /东北风 ≤3级,多云,多云,25,15,东北风,≤3级,东北风,≤3级,day
2015-04-28 09:00:00,西二环,8、依法应负全责的其他情形,负全部责任,不负责任,1,贵A1R021,白色,1,贵AM2127,黑色,遵义市宝驰汽车驾驶培训有限公司,贵阳金马驾驶培训有限公司,-1,2011/7/18 0:00,东风标致牌,嘉陵牌,366546000000000000 ,36454751144269245X,198508,199006,9,1,4,工作日,早高峰(7-9点),2015-04-28,2015年4月28日,多云 /多云,25℃ / 15℃,东北风 ≤3级 /东北风 ≤3级,多云,多云,25,15,东北风,≤3级,东北风,≤3级,day
2015-04-28 10:00:00,西南环线,7、未按规定让行的 ,负全部责任,不负责任,1,贵A35J11,白色,1,贵4544404,白色,蓝天驾校,520124,2014/4/2 0:00,2008/11/5 0:00,宝马牌,-1,786061000000000000 ,364556000000000000 ,197412,198012,10,1,4,工作日,非高峰,2015-04-28,2015年4月28日,多云 /多云,25℃ / 15℃,东北风 ≤3级 /东北风 ≤3级,多云,多云,25,15,东北风,≤3级,东北风,≤3级,day
2015-04-28 09:10:00,东山路,7、未按规定让行的 ,负全部责任,不负责任,1,贵FX3811,白,1,贵HAX592,白,蓝天驾校,鑫鑫驾校,2011/7/28 0:00,2014/4/22 0:00,吉利牌,别克牌,366063000000000000 ,366269000000000000 ,199109,198401,9,1,4,工作日,早高峰(7-9点),2015-04-28,2015年4月28日,多云 /多云,25℃ / 15℃,东北风 ≤3级 /东北风 ≤3级,多云,多云,25,15,东北风,≤3级,东北风,≤3级,day
2015-04-28 10:15:00,白云区,1、追尾的,负全部责任,不负责任,1,贵A38Z93,黄,1,贵A65K88,白,消防驾校,长运驾校,2012/8/16 0:00,2011/9/1 0:00,东风雪铁龙牌,雪佛兰牌,364558000000000000 ,364558000000000000 ,197302,198405,10,1,4,工作日,非高峰,2015-04-28,2015年4月28日,多云 /多云,25℃ / 15℃,东北风 ≤3级 /东北风 ≤3级,多云,多云,25,15,东北风,≤3级,东北风,≤3级,day
2015-04-28 10:10:00,小关,8、依法应负全责的其他情形,负全部责任,不负责任,1,贵A5S823,红,1,贵JD6423,黑,-1,遵义县惠民驾校,-1,-1,北京牌,金杯牌,355464000000000000 ,366566000000000000 ,199501,198904,10,1,4,工作日,非高峰,2015-04-28,2015年4月28日,多云 /多云,25℃ / 15℃,东北风 ≤3级 /东北风 ≤3级,多云,多云,25,15,东北风,≤3级,东北风,≤3级,day
2015-04-28 09:40:00,甲秀南路,1、追尾的,负全部责任,不负责任,1,贵A2BP23,白色,1,贵A86H54,白色,自培,青正驾校,2002/8/9 0:00,2013/12/18 0:00,大众汽车牌,东风雪铁龙牌,36455551814962775X,366363000000000000 ,197908,198211,9,1,4,工作日,早高峰(7-9点),2015-04-28,2015年4月28日,多云 /多云,25℃ / 15℃,东北风 ≤3级 /东北风 ≤3级,多云,多云,25,15,东北风,≤3级,东北风,≤3级,day
2015-04-28 08:10:00,金阳南路,7、未按规定让行的 ,负全部责任,不负责任,1,贵AM3863,白,1,贵A3EA89,银,自培,时法驾校,2004/6/28 0:00,2006/5/16 0:00,力帆牌,东南牌,564541000000000000 ,364566000000000000 ,197412,198707,8,1,4,工作日,早高峰(7-9点),2015-04-28,2015年4月28日,多云 /多云,25℃ / 15℃,东北风 ≤3级 /东北风 ≤3级,多云,多云,25,15,东北风,≤3级,东北风,≤3级,day
2015-04-28 09:00:00,中华中路,7、未按规定让行的 ,负全部责任,不负责任,1,贵AU2392,蓝,1,贵AU6917,绿,-1,十一培,-1,1990/7/16 0:00,宝来牌,宇通牌,364548000000000000 ,364547000000000000 ,196305,197104,9,1,4,工作日,早高峰(7-9点),2015-04-28,2015年4月28日,多云 /多云,25℃ / 15℃,东北风 ≤3级 /东北风 ≤3级,多云,多云,25,15,东北风,≤3级,东北风,≤3级,day
2015-04-28 08:40:00,小河,1、追尾的,负全部责任,不负责任,1,贵AU6514,白色,1,贵A17G71,白色,自培,十一培,2011/8/26 0:00,1995/9/19 0:00,捷达牌,长安牌,364548000000000000 ,364547000000000000 ,198712,197011,8,1,4,工作日,早高峰(7-9点),2015-04-28,2015年4月28日,多云 /多云,25℃ / 15℃,东北风 ≤3级 /东北风 ≤3级,多云,多云,25,15,东北风,≤3级,东北风,≤3级,day
2015-04-28 10:08:00,北京路,9、不符合前8款规定或者双方同时具有上述情形的,负同等责任,负同等责任,1,贵A7BG00,白,1,贵AU7938,绿,（经开区）金安驾驶培训有限公司,十一培,2009/9/10 0:00,1996/9/11 0:00,大众汽车牌,金城牌,364547000000000000 ,364557000000000000 ,197110,197607,10,1,4,工作日,非高峰,2015-04-28,2015年4月28日,多云 /多云,25℃ / 15℃,东北风 ≤3级 /东北风 ≤3级,多云,多云,25,15,东北风,≤3级,东北风,≤3级,day
2015-04-28 09:30:00,曹关,8、依法应负全责的其他情形,负全部责任,不负责任,1,贵AC643H,银,1,贵A72B85,白,自培,十一培,2013/2/26 0:00,1998/8/20 0:00,吉利美日牌,宝马牌,366068000000000000 ,364547000000000000 ,198202,196106,9,1,4,工作日,早高峰(7-9点),2015-04-28,2015年4月28日,多云 /多云,25℃ / 15℃,东北风 ≤3级 /东北风 ≤3级,多云,多云,25,15,东北风,≤3级,东北风,≤3级,day
2015-04-28 09:00:00,小河,9、不符合前8款规定或者双方同时具有上述情形的,负同等责任,负同等责任,1,贵A700E8,白色,1,贵A12Q63,白色,新天驾校,自培,2012/9/4 0:00,2006/6/7 0:00,五菱牌,-1,364596000000000000 ,54663500000000000 ,199012,198612,9,1,4,工作日,早高峰(7-9点),2015-04-28,2015年4月28日,多云 /多云,25℃ / 15℃,东北风 ≤3级 /东北风 ≤3级,多云,多云,25,15,东北风,≤3级,东北风,≤3级,day