accidenttime,accidentaddr,driver1fault,driver1responsibility,driver2responsibility,sex1,platenumber1,carcolor1,sex2,platenumber2,carcolor2,jxmc1,jxmc2,cclzrq1,cclzrq2,clpp1,clpp2,driver1license,driver2license,brith1,brith2,hour,weekday,month,is_weekday,peak_hour,date,日期,天气状况,气温,风力风向,day_wea,night_wea,day_tep,night_tep,day_wind_direction,day_wind_speed,night_wind_direction,night_wind_speed,segment
2015-04-28 09:01:00,总队,3、倒车的,负全部责任,不负责任,1,贵AB422C,黑,1,贵GX6936,白,诚信驾驶培训学校,（云岩区）省交通职业技术驾驶培训学校,2015/2/4 0:00,2008/9/23 0:00,朗逸牌,力帆牌,366276000000000000 ,706664000000000000 ,198911,198404,9,1,4,工作日,早高峰(7-9点),2015-04-28,2015年4月28日,多云 /多云,25℃ / 15℃,东北风 ≤3级 /东北风 ≤3级,多云,多云,25,15,东北风,≤3级,东北风,≤3级,day
2015-04-28 10:00:00,沙冲路,1、追尾的,负全部责任,不负责任,1,贵GGB552,白色,1,贵A8AU32,白色,安顺市鸿运驾校,-1,2011/8/3 0:00,-1,长城牌,东风标致牌,366363000000000000 ,366063000000000000 ,197810,198309,10,1,4,工作日,非高峰,2015-04-28,2015年4月28日,多云 /多云,25℃ / 15℃,东北风 ≤3级 /东北风 ≤3级,多云,多云,25,15,东北风,≤3级,东北风,≤3级,day
2015-04-28 10:10:00,大营坡,8、依法应负全责的其他情形,负全部责任,不负责任,1,贵AU1053,白,1,贵ACK291,银,520127,-1,2000/5/31 0:00,-1,丰田牌,东风雪铁龙牌,364558000000000000 ,4867520000000000 ,197605,197610,10,1,4,工作日,非高峰,2015-04-28,2015年4月28日,多云 /多云,25℃ / 15℃,东北风 ≤3级 /东北风 ≤3级,多云,多云,25,15,东北风,≤3级,东北风,≤3级,day
2015-04-28 12:00:00,航天路, ,负全部责任,不负责任,1,贵A9716K,银,1,贵JBQ747,绿,-1,-1,-1,-1,五菱牌,别克牌,366345000000 ,364548000000000000 ,357481,196807,12,1,4,工作日,非高峰,2015-04-28,2015年4月28日,多云 /多云,25℃ / 15℃,东北风 ≤3级 /东北风 ≤3级,多云,多云,25,15,东北风,≤3级,东北风,≤3级,day
2015-04-28 14:00:00,4号路,7、未按规定让行的 ,负全部责任,不负责任,1,贵A55K84,白色,1,贵A8AS28,白色,十一驾驶培训有限公司,自培,2011/9/15 0:00,2003/9/5 0:00,华泰圣达菲牌,北京现代牌,366564000000000000 ,366361000000000000 ,197212,198110,14,1,4,工作日,非高峰,2015-04-28,2015年4月28日,多云 /多云,25℃ / 15℃,东北风 ≤3级 /东北风 ≤3级,多云,多云,25,15,东北风,≤3级,东北风,≤3级,day
2015-04-28 13:00:00,花果园,9、不符合前8款规定或者双方同时具有上述情形的,负同等责任,负同等责任,1,贵A2BE14,黑色,1,苏A946A7,白色,赤水市佳德驾驶员培训学校,-1,2012/9/14 0:00,-1,五菱牌,江淮牌,366576000000000000 ,704348000000000000 ,198401,197510,13,1,4,工作日,非高峰,2015-04-28,2015年4月28日,多云 /多云,25℃ / 15℃,东北风 ≤3级 /东北风 ≤3级,多云,多云,25,15,东北风,≤3级,东北风,≤3级,day
2015-04-28 14:45:00,乌当,1、追尾的,负全部责任,不负责任,1,贵A4577X,白,1,贵AB7939,黑,520128,-1,2008/7/2 0:00,-1,雪佛兰牌,东南,36606351935663385X,344661000000000000 ,198512,719921,14,1,4,工作日,非高峰,2015-04-28,2015年4月28日,多云 /多云,25℃ / 15℃,东北风 ≤3级 /东北风 ≤3级,多云,多云,25,15,东北风,≤3级,东北风,≤3级,day
2015-04-28 12:30:00,八匹马,1、追尾的,负全部责任,不负责任,1,贵A5BZ04,白,1,贵CB0799,白,（经开区）十一驾驶培训有限公司,-1,2008/5/30 0:00,-1,福特牌,东风牌,366664000000000000 ,36627251944742443X,198408,198003,12,1,4,工作日,非高峰,2015-04-28,2015年4月28日,多云 /多云,25℃ / 15℃,东北风 ≤3级 /东北风 ≤3级,多云,多云,25,15,东北风,≤3级,东北风,≤3级,day
2015-04-28 15:11:00,长林北路,1、追尾的,负全部责任,不负责任,1,贵A04517,白,1,贵AB8996,黑,（南明区）长安驾驶培训有限公司,-1,2010/12/13 0:00,-1,五菱,豪爵牌,366875000000000000 ,354747000000000000 ,198412,196705,15,1,4,工作日,非高峰,2015-04-28,2015年4月28日,多云 /多云,25℃ / 15℃,东北风 ≤3级 /东北风 ≤3级,多云,多云,25,15,东北风,≤3级,东北风,≤3级,day
2015-04-28 15:40:00,白云区,1、追尾的,负全部责任,不负责任,1,贵A2854M,黄,1,贵A935E5,银,-1,青正驾校,-1,2013/10/11 0:00,五菱,长安牌,364556000000000 ,366347000000000000 ,490826,199409,15,1,4,工作日,非高峰,2015-04-28,2015年4月28日,多云 /多云,25℃ / 15℃,东北风 ≤3级 /东北风 ≤3级,多云,多云,25,15,东北风,≤3级,东北风,≤3级,day
2015-04-28 14:50:00,北京西流,1、追尾的,负全部责任,不负责任,1,贵A48P31,黑,1,贵FF0003,红,-1,-1,-1,-1,比亚迪牌,马自达牌,366068000000000000 ,36606651934762065X,198111,198503,14,1,4,工作日,非高峰,2015-04-28,2015年4月28日,多云 /多云,25℃ / 15℃,东北风 ≤3级 /东北风 ≤3级,多云,多云,25,15,东北风,≤3级,东北风,≤3级,day
2015-04-28 16:00:00,沙坡,1、追尾的,负全部责任,不负责任,1,贵ABU332,银,1,贵CBL273,蓝,-1,-1,-1,-1,五菱牌,五菱牌,364544000000 ,366563000000000000 ,624718,199007,16,1,4,工作日,非高峰,2015-04-28,2015年4月28日,多云 /多云,25℃ / 15℃,东北风 ≤3级 /东北风 ≤3级,多云,多云,25,15,东北风,≤3级,东北风,≤3级,day
2015-04-28 09:40:00,西二环,1、追尾的,负全部责任,不负责任,1,贵A0566T,银,1,贵ARP882,黑,自培,贵大佳德驾驶培训学,2004/10/27 0:00,2006/1/24 0:00,长安牌,一汽佳星牌,366367000000000000 ,364648000000000000 ,197906,197311,9,1,4,工作日,早高峰(7-9点),2015-04-28,2015年4月28日,多云 /多云,25℃ / 15℃,东北风 ≤3级 /东北风 ≤3级,多云,多云,25,15,东北风,≤3级,东北风,≤3级,day
2015-04-28 11:30:00,乌当,7、未按规定让行的 ,负全部责任,不负责任,1,渝BN5495,黑,1,贵AMH787,银,自培,-1,2008/6/12 0:00,-1,-1,东风雪铁龙牌,366864000000000000 ,256769000000000 ,198810,740506,11,1,4,工作日,非高峰,2015-04-28,2015年4月28日,多云 /多云,25℃ / 15℃,东北风 ≤3级 /东北风 ≤3级,多云,多云,25,15,东北风,≤3级,东北风,≤3级,day
2015-04-28 13:01:00,白云区,6、违反交通信号的,负全部责任,不负责任,1,贵A33309,红,1,贵APZ164,白,自培,520127,2004/2/29 0:00,2009/7/16 0:00,东风牌,蒙迪欧牌,366367000000000000 ,36455751914941645X,197711,198908,13,1,4,工作日,非高峰,2015-04-28,2015年4月28日,多云 /多云,25℃ / 15℃,东北风 ≤3级 /东北风 ≤3级,多云,多云,25,15,东北风,≤3级,东北风,≤3级,day
2015-04-28 13:25:00,浦江路,7、未按规定让行的 ,负全部责任,不负责任,1,贵AKV424,白色,1,贵AA877M,白色,自培,时发驾校,2003/9/6 0:00,2014/5/6 0:00,北京现代牌,海马,36606851905457446X,364558000000000000 ,198410,198803,13,1,4,工作日,非高峰,2015-04-28,2015年4月28日,多云 /多云,25℃ / 15℃,东北风 ≤3级 /东北风 ≤3级,多云,多云,25,15,东北风,≤3级,东北风,≤3级,day
2015-04-28 13:00:00,小河,7、未按规定让行的 ,负全部责任,不负责任,1,贵A0477C,白色,1,贵JM0834,白色,自培,-1,2009/4/20 0:00,-1,江铃牌,长安牌,366363000000000000 ,06455551894564345X,197508,197801,13,1,4,工作日,非高峰,2015-04-28,2015年4月28日,多云 /多云,25℃ / 15℃,东北风 ≤3级 /东北风 ≤3级,多云,多云,25,15,东北风,≤3级,东北风,≤3级,day
2015-04-28 12:30:00,油小线,7、未按规定让行的 ,负全部责任,不负责任,1,贵AK6913,白色,1,贵JD9889,白色,-1,十一培,-1,1985/1/24 0:00,北京现代牌,名爵牌,364556000000000000 ,364556000000000000 ,198909,196409,12,1,4,工作日,非高峰,2015-04-28,2015年4月28日,多云 /多云,25℃ / 15℃,东北风 ≤3级 /东北风 ≤3级,多云,多云,25,15,东北风,≤3级,东北风,≤3级,day
2015-04-28 11:30:00,兴筑路,7、未按规定让行的 ,负全部责任,不负责任,1,贵JK6955,银,1,贵ADB493,银,（南明区）吉源驾驶培训有限公司,自培,2011/6/28 0:00,2008/1/4 0:00,长安牌,昌河牌,366875000000000000 ,366568000000000000 ,196908,197402,11,1,4,工作日,非高峰,2015-04-28,2015年4月28日,多云 /多云,25℃ / 15℃,东北风 ≤3级 /东北风 ≤3级,多云,多云,25,15,东北风,≤3级,东北风,≤3级,day
2015-04-28 16:07:00,苗圃,1、追尾的,负全部责任,不负责任,1,贵A7LG77,蓝,1,贵GS2139,黄,-1,贵州现代驾驶培训责任有限公司,-1,2013/10/28 0:00,-1,大众汽车牌,357967000000000000 ,366361000000000000 ,198906,197703,16,1,4,工作日,非高峰,2015-04-28,2015年4月28日,多云 /多云,25℃ / 15℃,东北风 ≤3级 /东北风 ≤3级,多云,多云,25,15,东北风,≤3级,东北风,≤3级,day
2015-04-28 15:14:00,五里冲,1、追尾的,负全部责任,不负责任,1,贵A36V61,红,1,贵AB492T,黑,-1,景宏驾校,-1,2011/4/27 0:00,别克牌,风神(NISSAN)牌,784741000000000000 ,366061000000000000 ,197511,198012,15,1,4,工作日,非高峰,2015-04-28,2015年4月28日,多云 /多云,25℃ / 15℃,东北风 ≤3级 /东北风 ≤3级,多云,多云,25,15,东北风,≤3级,东北风,≤3级,day
2015-04-28 15:30:00,紫林庵,9、不符合前8款规定或者双方同时具有上述情形的,负同等责任,负同等责任,1,贵AU1813,黄,1,贵AU6797,蓝,十一驾驶培训有限公司,520127,2011/10/26 0:00,2003/10/20 0:00,国威牌,英鹤牌,366570000000000000 ,364557000000000000 ,198307,198202,15,1,4,工作日,非高峰,2015-04-28,2015年4月28日,多云 /多云,25℃ / 15℃,东北风 ≤3级 /东北风 ≤3级,多云,多云,25,15,东北风,≤3级,东北风,≤3级,day
2015-04-28 17:00:00,漓江路,8、依法应负全责的其他情形,负全部责任,不负责任,1,贵A7453警,灰色,1,贵A9950K,白色,贵大佳德驾驶培训学校,鑫鑫驾校,2012/9/12 0:00,2014/1/10 0:00,-1,长安牌,364556000000000000 ,364551000000000000 ,196806,198010,17,1,4,工作日,晚高峰(17-19点),2015-04-28,2015年4月28日,多云 /多云,25℃ / 15℃,东北风 ≤3级 /东北风 ≤3级,多云,多云,25,15,东北风,≤3级,东北风,≤3级,day
2015-04-28 14:10:00,二戈寨,7、未按规定让行的 ,负全部责任,不负责任,1,皖KT724挂,白色,1,贵A7S967,白色,-1,预约考试窗口,-1,2007/7/12 0:00,国道牌,梅赛德斯-奔驰牌,705645000000 ,366369000000000000 ,133099,198903,14,1,4,工作日,非高峰,2015-04-28,2015年4月28日,多云 /多云,25℃ / 15℃,东北风 ≤3级 /东北风 ≤3级,多云,多云,25,15,东北风,≤3级,东北风,≤3级,day
2015-04-28 15:25:00,嘉润路,7、未按规定让行的 ,负全部责任,不负责任,1,苏L98R47,白,1,贵JT4638,白,-1,自培,-1,2002/10/31 0:00,起亚牌,劲隆牌,765598000000000000 ,366367000000000000 ,198811,197602,15,1,4,工作日,非高峰,2015-04-28,2015年4月28日,多云 /多云,25℃ / 15℃,东北风 ≤3级 /东北风 ≤3级,多云,多云,25,15,东北风,≤3级,东北风,≤3级,day
2015-04-28 18:15:00,云岩区,7、未按规定让行的 ,负全部责任,不负责任,1,陕A691KK,银,1,贵ALV936,银,-1,贵大佳德驾驶培训学,-1,2008/4/1 0:00,长安牌,吉利美日牌,254566000000000000 ,366068000000000000 ,198802,198604,18,1,4,工作日,晚高峰(17-19点),2015-04-28,2015年4月28日,多云 /多云,25℃ / 15℃,东北风 ≤3级 /东北风 ≤3级,多云,多云,25,15,东北风,≤3级,东北风,≤3级,day
2015-04-29 08:01:00,汤巴关,9、不符合前8款规定或者双方同时具有上述情形的,负同等责任,负同等责任,1,贵A689F1,银,1,贵A9076H,银,-1,吉源驾校,-1,2014/5/30 0:00,昌河牌,五菱牌,366364000000000000 ,366347000000000000 ,197211,197404,8,2,4,工作日,早高峰(7-9点),2015-04-29,2015年4月29日,阵雨 /阵雨,26℃ / 16℃,东北风 ≤3级 /东南风 ≤3级,阵雨,阵雨,26,16,东北风,≤3级,东南风,≤3级,day
2015-04-28 15:00:00,西二环,1、追尾的,负全部责任,不负责任,1,贵FG1192,白色,1,贵A9R784,白色,自培,-1,2012/11/19 0:00,-1,五菱牌,长安牌,364568000000000000 ,74066500000000000 ,198712,199105,15,1,4,工作日,非高峰,2015-04-28,2015年4月28日,多云 /多云,25℃ / 15℃,东北风 ≤3级 /东北风 ≤3级,多云,多云,25,15,东北风,≤3级,东北风,≤3级,day
2015-04-28 18:45:00,西二环,7、未按规定让行的 ,负全部责任,不负责任,1,贵A7BX27,白,1,贵AAC157,银,自培,预约考试窗口,2004/5/26 0:00,2007/5/21 0:00,起亚牌,别克牌,366064000000000000 ,366868000000000000 ,197903,198212,18,1,4,工作日,晚高峰(17-19点),2015-04-28,2015年4月28日,多云 /多云,25℃ / 15℃,东北风 ≤3级 /东北风 ≤3级,多云,多云,25,15,东北风,≤3级,东北风,≤3级,day
2015-04-28 17:00:00,花溪平桥,7、未按规定让行的 ,负全部责任,不负责任,1,贵A3011W,黑色,1,贵A95463,白色,自培,贵州现代驾驶培训责任有限公司,2002/6/28 0:00,-1,东风日产牌,陕汽牌,364556000000000000 ,36627751994867045X,196905,198807,17,1,4,工作日,晚高峰(17-19点),2015-04-28,2015年4月28日,多云 /多云,25℃ / 15℃,东北风 ≤3级 /东北风 ≤3级,多云,多云,25,15,东北风,≤3级,东北风,≤3级,day
2015-04-28 17:10:00,八匹马,7、未按规定让行的 ,负全部责任,不负责任,1,贵GF4753,黑,0,贵AVA979,黑,-1,自培,-1,2006/6/2 0:00,钱江牌,思威牌,366365000000000000 ,364558000000000000 ,196210,197209,17,1,4,工作日,晚高峰(17-19点),2015-04-28,2015年4月28日,多云 /多云,25℃ / 15℃,东北风 ≤3级 /东北风 ≤3级,多云,多云,25,15,东北风,≤3级,东北风,≤3级,day
2015-04-28 17:20:00,金阳,1、追尾的,负全部责任,不负责任,1,贵AR0928,银,1,贵A2618J,白,-1,自培,-1,2000/5/11 0:00,三本牌,长安牌,666675000000000 ,364557000000000000 ,195503,197709,17,1,4,工作日,晚高峰(17-19点),2015-04-28,2015年4月28日,多云 /多云,25℃ / 15℃,东北风 ≤3级 /东北风 ≤3级,多云,多云,25,15,东北风,≤3级,东北风,≤3级,day
2015-04-28 18:00:00,神奇路,7、未按规定让行的 ,负全部责任,不负责任,1,贵A44711,白色,1,贵A25G99,白色,景宏驾校,自培,2012/8/13 0:00,2001/5/15 0:00,丰田牌,奥迪,364547000000000000 ,364548000000000000 ,199303,196709,18,1,4,工作日,晚高峰(17-19点),2015-04-28,2015年4月28日,多云 /多云,25℃ / 15℃,东北风 ≤3级 /东北风 ≤3级,多云,多云,25,15,东北风,≤3级,东北风,≤3级,day
2015-04-28 19:30:00,大关,3、倒车的,负全部责任,不负责任,1,贵A421H7,白,1,贵A3423Y,黑,自培,自培,2010/9/14 0:00,2005/2/28 0:00,江淮牌,起亚牌,355468000000000000 ,36455651824758635X,197005,197603,19,1,4,工作日,晚高峰(17-19点),2015-04-28,2015年4月28日,多云 /多云,25℃ / 15℃,东北风 ≤3级 /东北风 ≤3级,多云,多云,25,15,东北风,≤3级,东北风,≤3级,day
2015-04-29 02:00:00,金阳,8、依法应负全责的其他情形,负全部责任,不负责任,1,贵FAD531,蓝,1,贵AHB711,红,黔西县莲城机动车驾驶培训有限公司,520116,-1,2009/9/11 0:00,东风牌,马自达牌,366068000000000000 ,366046000000000000 ,196603,198209,2,2,4,工作日,非高峰,2015-04-29,2015年4月29日,阵雨 /阵雨,26℃ / 16℃,东北风 ≤3级 /东南风 ≤3级,阵雨,阵雨,26,16,东北风,≤3级,东南风,≤3级,night
2015-04-29 09:00:00,下坝,1、追尾的,负全部责任,不负责任,1,贵AR6529,白色,1,贵A46G27,白色,-1,兴黔驾驶培训学校,-1,2006/7/7 0:00,双庆牌,思威牌,36656351964967515X,364547000000000000 ,198208,197007,9,2,4,工作日,早高峰(7-9点),2015-04-29,2015年4月29日,阵雨 /阵雨,26℃ / 16℃,东北风 ≤3级 /东南风 ≤3级,阵雨,阵雨,26,16,东北风,≤3级,东南风,≤3级,day
2015-04-28 22:00:00,八匹马,1、追尾的,负全部责任,不负责任,1,贵JK0181,银,1,贵AYG031,黑,路路达驾校,路路达驾校,2013/5/29 0:00,2013/3/4 0:00,启辰牌,长安牌,366064000000000000 ,36455751935645645X,198701,198512,22,1,4,工作日,非高峰,2015-04-28,2015年4月28日,多云 /多云,25℃ / 15℃,东北风 ≤3级 /东北风 ≤3级,多云,多云,25,15,东北风,≤3级,东北风,≤3级,night
2015-04-28 22:30:00,金阳, ,负全部责任,不负责任,1,贵AU2378,蓝,1,贵ALW936,红,自培,路路达驾校,2009/1/14 0:00,2014/10/11 0:00,瑞麒牌,东南牌,366264000000000000 ,364557000000000000 ,198410,199302,22,1,4,工作日,非高峰,2015-04-28,2015年4月28日,多云 /多云,25℃ / 15℃,东北风 ≤3级 /东北风 ≤3级,多云,多云,25,15,东北风,≤3级,东北风,≤3级,night
2015-04-28 17:30:00,金阳,7、未按规定让行的 ,负全部责任,不负责任,1,贵A81529,银,0,贵GR7112,白,自培,诚信驾驶培训学校,2012/5/24 0:00,2014/5/19 0:00,雪佛兰牌,广汽菲亚特牌,366067000000000000 ,364548000000000000 ,198507,198707,17,1,4,工作日,晚高峰(17-19点),2015-04-28,2015年4月28日,多云 /多云,25℃ / 15℃,东北风 ≤3级 /东北风 ≤3级,多云,多云,25,15,东北风,≤3级,东北风,≤3级,day
2015-04-28 19:00:00,头桥,8、依法应负全责的其他情形,负全部责任,不负责任,1,贵A35679,蓝,1,贵A1B721,黑,新天驾校,-1,2012/9/5 0:00,-1,斯达-斯太尔牌,北京牌,366576000000000000 ,76347500000000000 ,199309,196512,19,1,4,工作日,晚高峰(17-19点),2015-04-28,2015年4月28日,多云 /多云,25℃ / 15℃,东北风 ≤3级 /东北风 ≤3级,多云,多云,25,15,东北风,≤3级,东北风,≤3级,day
2015-04-29 08:10:00,汤巴关,9、不符合前8款规定或者双方同时具有上述情形的,负同等责任,负同等责任,1,贵A9076H,银,1,贵A6890F1,银,-1,凯信驾校,-1,2010/3/3 0:00,五菱牌,-1,366347000000000000 ,366364000000000000 ,197404,197211,8,2,4,工作日,早高峰(7-9点),2015-04-29,2015年4月29日,阵雨 /阵雨,26℃ / 16℃,东北风 ≤3级 /东南风 ≤3级,阵雨,阵雨,26,16,东北风,≤3级,东南风,≤3级,day
2015-04-29 09:15:00,云岩区,7、未按规定让行的 ,负全部责任,不负责任,1,贵AU0929,蓝,1,贵A4BN30,红,-1,-1,-1,-1,宝来牌,马自达牌,36639500000000000 ,65595500000000000 ,972080,198311,9,2,4,工作日,早高峰(7-9点),2015-04-29,2015年4月29日,阵雨 /阵雨,26℃ / 16℃,东北风 ≤3级 /东南风 ≤3级,阵雨,阵雨,26,16,东北风,≤3级,东南风,≤3级,day
2015-04-29 09:25:00,金阳,7、未按规定让行的 ,负全部责任,不负责任,1,贵AU5609,银,1,贵AAM059,黑,-1,-1,-1,-1,捷达牌,迅龙牌,35666800000000 ,364548000000000000 ,197328,197604,9,2,4,工作日,早高峰(7-9点),2015-04-29,2015年4月29日,阵雨 /阵雨,26℃ / 16℃,东北风 ≤3级 /东南风 ≤3级,阵雨,阵雨,26,16,东北风,≤3级,东南风,≤3级,day
2015-04-29 08:40:00,刚玉路,8、依法应负全责的其他情形,负全部责任,不负责任,1,贵GA3728,红,1,贵A7045N,红,新天驾校,消防驾校,2011/7/25 0:00,2012/1/13 0:00,福克斯牌,夏利牌,366347000000000000 ,364558000000000000 ,197209,197303,8,2,4,工作日,早高峰(7-9点),2015-04-29,2015年4月29日,阵雨 /阵雨,26℃ / 16℃,东北风 ≤3级 /东南风 ≤3级,阵雨,阵雨,26,16,东北风,≤3级,东南风,≤3级,day
2015-04-29 09:00:00,湘雅村,3、倒车的,负全部责任,不负责任,1,贵A31X39,白色,1,贵A26901,白色,（南明区）金大驾驶培训有限公司,520116,2006/2/23 0:00,2010/8/10 0:00,福克斯牌,中联牌,366367000000000000 ,36456751984852395X,197205,198707,9,2,4,工作日,早高峰(7-9点),2015-04-29,2015年4月29日,阵雨 /阵雨,26℃ / 16℃,东北风 ≤3级 /东南风 ≤3级,阵雨,阵雨,26,16,东北风,≤3级,东南风,≤3级,day
2015-04-29 08:40:00,观山东路,7、未按规定让行的 ,负全部责任,不负责任,0,贵A11W93,白,1,贵AC803G,银,自培,520134,2006/4/4 0:00,2008/9/17 0:00,大众汽车牌,松花江,364547000000000000 ,366567000000000000 ,198010,197810,8,2,4,工作日,早高峰(7-9点),2015-04-29,2015年4月29日,阵雨 /阵雨,26℃ / 16℃,东北风 ≤3级 /东南风 ≤3级,阵雨,阵雨,26,16,东北风,≤3级,东南风,≤3级,day
2015-04-28 22:00:00,世纪城,1、追尾的,负全部责任,不负责任,1,贵A1688R,银,1,贵JP8621,红,自培,-1,2004/5/28 0:00,-1,雪佛兰牌,北京现代牌,364557000000000000 ,366868000000000000 ,197501,198712,22,1,4,工作日,非高峰,2015-04-28,2015年4月28日,多云 /多云,25℃ / 15℃,东北风 ≤3级 /东北风 ≤3级,多云,多云,25,15,东北风,≤3级,东北风,≤3级,night
2015-04-29 07:00:00,香江路,1、追尾的,负全部责任,不负责任,1,贵A55H88,白色,1,贵A16R78,白色,自培,-1,2002/5/27 0:00,-1,长安牌,路虎,36454651294141265X,734548000000000000 ,196809,197309,7,2,4,工作日,早高峰(7-9点),2015-04-29,2015年4月29日,阵雨 /阵雨,26℃ / 16℃,东北风 ≤3级 /东南风 ≤3级,阵雨,阵雨,26,16,东北风,≤3级,东南风,≤3级,day
2015-04-29 09:00:00,小河,7、未按规定让行的 ,负全部责任,不负责任,1,贵A758D5,白色,1,贵AU0306,白色,自培,铁二局驾校,2012/3/30 0:00,2001/12/21 0:00,解放牌,望江牌,364596000000000000 ,366067000000000000 ,198806,197712,9,2,4,工作日,早高峰(7-9点),2015-04-29,2015年4月29日,阵雨 /阵雨,26℃ / 16℃,东北风 ≤3级 /东南风 ≤3级,阵雨,阵雨,26,16,东北风,≤3级,东南风,≤3级,day
2015-04-29 09:30:00,东山,8、依法应负全责的其他情形,负全部责任,不负责任,1,贵A92W41,白色,1,贵JAJ834,白色,自培,青正驾校,2004/9/19 0:00,2014/11/18 0:00,捷豹XJ,吉利牌,364548000000000000 ,366046000000000000 ,197708,198104,9,2,4,工作日,早高峰(7-9点),2015-04-29,2015年4月29日,阵雨 /阵雨,26℃ / 16℃,东北风 ≤3级 /东南风 ≤3级,阵雨,阵雨,26,16,东北风,≤3级,东南风,≤3级,day
2015-04-29 07:50:00,金阳医院,1、追尾的,负全部责任,不负责任,1,贵AK30773,黑,1,贵A0306H,黑,自培,十一培,2013/8/23 0:00,1996/11/19 0:00,-1,长安牌,366013000000 ,36455651884161635X,37855,197709,7,2,4,工作日,早高峰(7-9点),2015-04-29,2015年4月29日,阵雨 /阵雨,26℃ / 16℃,东北风 ≤3级 /东南风 ≤3级,阵雨,阵雨,26,16,东北风,≤3级,东南风,≤3级,day
2015-04-29 08:00:00,中坝,3、倒车的,负全部责任,不负责任,1,贵GV5727,银,1,贵A77F99,白,（南明区）金大驾驶培训有限公司,自培,2006/9/18 0:00,2003/12/18 0:00,大众牌,东风标致牌,355761000000000000 ,364548000000000000 ,198211,196409,8,2,4,工作日,早高峰(7-9点),2015-04-29,2015年4月29日,阵雨 /阵雨,26℃ / 16℃,东北风 ≤3级 /东南风 ≤3级,阵雨,阵雨,26,16,东北风,≤3级,东南风,≤3级,day
2015-04-29 09:00:00,花果园,3、倒车的,负全部责任,不负责任,1,贵A58W94,白色,1,贵A17V54,白色,-1,自培,-1,2004/5/11 0:00,帕萨特,东风日产牌,366269000000000000 ,364548000000000000 ,198201,197006,9,2,4,工作日,早高峰(7-9点),2015-04-29,2015年4月29日,阵雨 /阵雨,26℃ / 16℃,东北风 ≤3级 /东南风 ≤3级,阵雨,阵雨,26,16,东北风,≤3级,东南风,≤3级,day
2015-04-29 10:30:00,金阳,8、依法应负全责的其他情形,负全部责任,不负责任,1,贵A99K56,银,0,贵A7BJ89,红,-1,自培,-1,2003/8/27 0:00,宝马,牧马人,754796000000000000 ,366346000000000000 ,197610,197603,10,2,4,工作日,非高峰,2015-04-29,2015年4月29日,阵雨 /阵雨,26℃ / 16℃,东北风 ≤3级 /东南风 ≤3级,阵雨,阵雨,26,16,东北风,≤3级,东南风,≤3级,day
2015-04-29 09:20:00,杨家山隧道,1、追尾的,负全部责任,不负责任,1,贵AL3921,白色,1,川AUK164,白色,自培,自培,2013/4/8 0:00,2001/11/23 0:00,豪爵牌,神行者2 ,366068000000000000 ,354567000000000000 ,199112,196807,9,2,4,工作日,早高峰(7-9点),2015-04-29,2015年4月29日,阵雨 /阵雨,26℃ / 16℃,东北风 ≤3级 /东南风 ≤3级,阵雨,阵雨,26,16,东北风,≤3级,东南风,≤3级,day
2015-04-29 09:00:00,头桥,5、开关车门的,负全部责任,不负责任,1,贵ABK049,黑,1,川YU0207,白,路路达驾校,鑫鑫驾校,2013/8/8 0:00,2013/8/8 0:00,雪佛兰牌,传祺牌 ,357469000000000000 ,357469000000000000 ,197003,197003,9,2,4,工作日,早高峰(7-9点),2015-04-29,2015年4月29日,阵雨 /阵雨,26℃ / 16℃,东北风 ≤3级 /东南风 ≤3级,阵雨,阵雨,26,16,东北风,≤3级,东南风,≤3级,day
2015-04-29 10:00:00,金阳,7、未按规定让行的 ,负全部责任,不负责任,1,贵A79A52,银,1,鄂FLA511,白,消防驾校,-1,2004/6/25 0:00,-1,吉利牌,大众汽车牌,366364000000000000 ,06426551945555453X,196409,198011,10,2,4,工作日,非高峰,2015-04-29,2015年4月29日,阵雨 /阵雨,26℃ / 16℃,东北风 ≤3级 /东南风 ≤3级,阵雨,阵雨,26,16,东北风,≤3级,东南风,≤3级,day
2015-04-29 12:17:00,花果园,8、依法应负全责的其他情形,负全部责任,不负责任,1,贵FR6377,银,1,贵AU7793,绿,-1,自培,-1,2011/6/8 0:00,起亚牌,金龙牌,366067000000000000 ,364548000000000000 ,196708,198811,12,2,4,工作日,非高峰,2015-04-29,2015年4月29日,阵雨 /阵雨,26℃ / 16℃,东北风 ≤3级 /东南风 ≤3级,阵雨,阵雨,26,16,东北风,≤3级,东南风,≤3级,day
2015-04-29 11:30:00,长岭南路,3、倒车的,负全部责任,不负责任,1,贵A2494U,白,1,贵CLP131,白,-1,贵大驾校,-1,2011/11/14 0:00,五菱牌,奇瑞牌,74847500000000000 ,366569000000000000 ,197205,198611,11,2,4,工作日,非高峰,2015-04-29,2015年4月29日,阵雨 /阵雨,26℃ / 16℃,东北风 ≤3级 /东南风 ≤3级,阵雨,阵雨,26,16,东北风,≤3级,东南风,≤3级,day
2015-04-29 11:30:00,嘉润路,1、追尾的,负全部责任,不负责任,1,贵ARH811,白色,1,贵JD6924,白色,-1,景宏驾校,-1,2010/9/10 0:00,五菱牌,五菱牌,366862000000000000 ,364596000000000000 ,198612,199106,11,2,4,工作日,非高峰,2015-04-29,2015年4月29日,阵雨 /阵雨,26℃ / 16℃,东北风 ≤3级 /东南风 ≤3级,阵雨,阵雨,26,16,东北风,≤3级,东南风,≤3级,day