accidenttime,accidentaddr,driver1fault,driver1responsibility,driver2responsibility,sex1,platenumber1,carcolor1,sex2,platenumber2,carcolor2,jxmc1,jxmc2,cclzrq1,cclzrq2,clpp1,clpp2,driver1license,driver2license,brith1,brith2,hour,weekday,month,is_weekday,peak_hour,date,日期,天气状况,气温,风力风向,day_wea,night_wea,day_tep,night_tep,day_wind_direction,day_wind_speed,night_wind_direction,night_wind_speed,segment
2015-04-29 11:30:00,蟠桃宫,1、追尾的,负全部责任,不负责任,1,贵JV2299,黑,0,贵ANL456,黑,-1,-1,-1,-1,雪佛兰牌,英伦牌,366846000000000000 ,774852000000000000 ,198209,196606,11,2,4,工作日,非高峰,2015-04-29,2015年4月29日,阵雨 /阵雨,26℃ / 16℃,东北风 ≤3级 /东南风 ≤3级,阵雨,阵雨,26,16,东北风,≤3级,东南风,≤3级,day
2015-04-29 10:30:00,东山,7、未按规定让行的 ,负全部责任,不负责任,1,贵GR4834,白,1,贵ASK484,红,-1,时发驾校,-1,2011/4/26 0:00,福克斯牌,三菱牌,5589520000000000 ,364547000000000000 ,198801,198901,10,2,4,工作日,非高峰,2015-04-29,2015年4月29日,阵雨 /阵雨,26℃ / 16℃,东北风 ≤3级 /东南风 ≤3级,阵雨,阵雨,26,16,东北风,≤3级,东南风,≤3级,day
2015-04-29 09:59:00,八匹马,1、追尾的,负全部责任,不负责任,1,贵A3477Z,银,1,贵A3B610,白,-1,贵工驾校,-1,2011/4/20 0:00,夏利牌,大众汽车牌,36666551824542007X,364551000000000000 ,197601,199110,9,2,4,工作日,早高峰(7-9点),2015-04-29,2015年4月29日,阵雨 /阵雨,26℃ / 16℃,东北风 ≤3级 /东南风 ≤3级,阵雨,阵雨,26,16,东北风,≤3级,东南风,≤3级,day
2015-04-29 11:30:00,贵惠大道,7、未按规定让行的 ,负全部责任,不负责任,1,贵JDV318,白色,1,贵AKW336,灰色,自培,-1,2014/12/17 0:00,-1,长安牌,长安牌,364557000000000000 ,366361000000000000 ,199607,196511,11,2,4,工作日,非高峰,2015-04-29,2015年4月29日,阵雨 /阵雨,26℃ / 16℃,东北风 ≤3级 /东南风 ≤3级,阵雨,阵雨,26,16,东北风,≤3级,东南风,≤3级,day
2015-04-29 11:40:00,花溪,7、未按规定让行的 ,负全部责任,不负责任,1,浙K11702,白色,1,贵A65B76,白色,-1,520130,-1,2009/3/25 0:00,五菱牌,吉普,776346000000000000 ,366367000000000000 ,199109,197704,11,2,4,工作日,非高峰,2015-04-29,2015年4月29日,阵雨 /阵雨,26℃ / 16℃,东北风 ≤3级 /东南风 ≤3级,阵雨,阵雨,26,16,东北风,≤3级,东南风,≤3级,day
2015-04-29 12:50:00,金阳,7、未按规定让行的 ,负全部责任,不负责任,1,贵A86325,白,0,贵A1392X,银,无,消防驾校,2004/4/12 0:00,2013/9/12 0:00,中联牌,吉利美日牌,364548000000000000 ,366067000000000000 ,198602,198102,12,2,4,工作日,非高峰,2015-04-29,2015年4月29日,阵雨 /阵雨,26℃ / 16℃,东北风 ≤3级 /东南风 ≤3级,阵雨,阵雨,26,16,东北风,≤3级,东南风,≤3级,day
2015-04-29 12:00:00,油榨街,7、未按规定让行的 ,负全部责任,不负责任,1,贵A28V62,白色,1,贵AU6987,白色,铁二局驾校,自培,2012/5/16 0:00,2004/1/9 0:00,福特锐界,恒通客车牌,364547000000000000 ,366875000000000000 ,197003,197709,12,2,4,工作日,非高峰,2015-04-29,2015年4月29日,阵雨 /阵雨,26℃ / 16℃,东北风 ≤3级 /东南风 ≤3级,阵雨,阵雨,26,16,东北风,≤3级,东南风,≤3级,day
2015-04-29 10:48:00,南明区,8、依法应负全责的其他情形,负全部责任,不负责任,1,川ADW551,黑,1,贵A16G43,黑,-1,顺一驾驶培训学校,-1,2005/7/4 0:00,宝来,奥迪牌,364548000000000000 ,364547000000000000 ,198303,197509,10,2,4,工作日,非高峰,2015-04-29,2015年4月29日,阵雨 /阵雨,26℃ / 16℃,东北风 ≤3级 /东南风 ≤3级,阵雨,阵雨,26,16,东北风,≤3级,东南风,≤3级,day
2015-04-29 08:30:00,国际城,8、依法应负全责的其他情形,负全部责任,不负责任,1,贵C95594,白色,1,渝A66R51,白色,自培,-1,2006/4/4 0:00,-1,海陵,科雷傲,366562000000000000 ,354666000000000000 ,196804,197702,8,2,4,工作日,早高峰(7-9点),2015-04-29,2015年4月29日,阵雨 /阵雨,26℃ / 16℃,东北风 ≤3级 /东南风 ≤3级,阵雨,阵雨,26,16,东北风,≤3级,东南风,≤3级,day
2015-04-29 09:00:00,中天,3、倒车的,负全部责任,不负责任,0,贵AAC602,黄,0,贵AMB558,银,自培,-1,2003/9/12 0:00,-1,先风牌,长安牌,364558000000000000 ,364548000000000000 ,198402,198201,9,2,4,工作日,早高峰(7-9点),2015-04-29,2015年4月29日,阵雨 /阵雨,26℃ / 16℃,东北风 ≤3级 /东南风 ≤3级,阵雨,阵雨,26,16,东北风,≤3级,东南风,≤3级,day
2015-04-29 09:38:00,五里冲,7、未按规定让行的 ,负全部责任,不负责任,1,贵AJY464,红,1,贵AU0013,蓝,自培,十一培,2000/12/19 0:00,1999/4/26 0:00,五菱牌,宗申牌,364557000000000000 ,366368000000000000 ,198012,197004,9,2,4,工作日,早高峰(7-9点),2015-04-29,2015年4月29日,阵雨 /阵雨,26℃ / 16℃,东北风 ≤3级 /东南风 ≤3级,阵雨,阵雨,26,16,东北风,≤3级,东南风,≤3级,day
2015-04-29 09:50:00,百花湖,7、未按规定让行的 ,负全部责任,不负责任,1,浙G47K17,银,1,贵AU8852,绿,-1,自培,-1,2005/12/30 0:00,名爵牌,山洋牌,366875000000000000 ,364596000000000000 ,198202,198608,9,2,4,工作日,早高峰(7-9点),2015-04-29,2015年4月29日,阵雨 /阵雨,26℃ / 16℃,东北风 ≤3级 /东南风 ≤3级,阵雨,阵雨,26,16,东北风,≤3级,东南风,≤3级,day
2015-04-29 10:00:00,世纪城,7、未按规定让行的 ,负全部责任,不负责任,1,贵JAD199,白,1,贵GF0838,黑,黔南州兴鑫汽车驾驶培训学校,自培,2010/6/9 0:00,2004/5/16 0:00,荣威牌,北京现代牌,76366500000000000 ,75663500000000000 ,198812,198210,10,2,4,工作日,非高峰,2015-04-29,2015年4月29日,阵雨 /阵雨,26℃ / 16℃,东北风 ≤3级 /东南风 ≤3级,阵雨,阵雨,26,16,东北风,≤3级,东南风,≤3级,day
2015-04-29 12:00:00,图书批发市场,7、未按规定让行的 ,负全部责任,不负责任,1,贵A76877,黑色,1,贵AMM441,白色,（花溪区）鑫鑫驾驶培训有限公司,自培,2010/1/27 0:00,2006/1/12 0:00,衡山,途威,364548000000000000 ,36455551884946532X,198709,197708,12,2,4,工作日,非高峰,2015-04-29,2015年4月29日,阵雨 /阵雨,26℃ / 16℃,东北风 ≤3级 /东南风 ≤3级,阵雨,阵雨,26,16,东北风,≤3级,东南风,≤3级,day
2015-04-29 14:30:00,十里河滩,3、倒车的,负全部责任,不负责任,1,贵AB763U,白色,1,贵AU0564,白色,新天驾校,自培,2015/1/6 0:00,2004/6/7 0:00,雪佛兰牌,宝来牌,56868500000000000 ,366067000000000000 ,199411,197011,14,2,4,工作日,非高峰,2015-04-29,2015年4月29日,阵雨 /阵雨,26℃ / 16℃,东北风 ≤3级 /东南风 ≤3级,阵雨,阵雨,26,16,东北风,≤3级,东南风,≤3级,day
2015-04-29 13:00:00,贵州大学,3、倒车的,负全部责任,不负责任,1,临牌,白色,1,贵AC4929,白色,铁二局驾校（南明区）,自培,2015/3/3 0:00,2004/9/20 0:00,-1,丰田牌,74262500000000000 ,264348000000000000 ,198302,198206,13,2,4,工作日,非高峰,2015-04-29,2015年4月29日,阵雨 /阵雨,26℃ / 16℃,东北风 ≤3级 /东南风 ≤3级,阵雨,阵雨,26,16,东北风,≤3级,东南风,≤3级,day
2015-04-29 11:12:00,花果园立交桥,7、未按规定让行的 ,负全部责任,不负责任,1,贵AU4649,白色,1,贵AU6079,白色,520135,自培,2009/4/10 0:00,2000/8/16 0:00,隆鑫牌,捷达牌,364547000000000000 ,364547000000000000 ,198808,197608,11,2,4,工作日,非高峰,2015-04-29,2015年4月29日,阵雨 /阵雨,26℃ / 16℃,东北风 ≤3级 /东南风 ≤3级,阵雨,阵雨,26,16,东北风,≤3级,东南风,≤3级,day
2015-04-29 13:00:00,机场路,7、未按规定让行的 ,负全部责任,不负责任,1,贵AU7542,白色,1,贵ASH523,白色,自培,自培,2012/9/25 0:00,2005/2/1 0:00,捷达牌,高尔夫牌,364567000000000000 ,366546000000000000 ,198911,196403,13,2,4,工作日,非高峰,2015-04-29,2015年4月29日,阵雨 /阵雨,26℃ / 16℃,东北风 ≤3级 /东南风 ≤3级,阵雨,阵雨,26,16,东北风,≤3级,东南风,≤3级,day
2015-04-29 15:00:00,花溪,7、未按规定让行的 ,负全部责任,不负责任,1,贵A431B6,白色,1,贵A603F8,白色,-1,520129,-1,2008/4/7 0:00,东风牌,解放牌,366569000000000000 ,366567000000000000 ,198802,198504,15,2,4,工作日,非高峰,2015-04-29,2015年4月29日,阵雨 /阵雨,26℃ / 16℃,东北风 ≤3级 /东南风 ≤3级,阵雨,阵雨,26,16,东北风,≤3级,东南风,≤3级,day
2015-04-29 14:01:00,高新区,1、追尾的,负全部责任,不负责任,1,贵ANP646,银,1,贵GT6685,白,-1,新华驾校,-1,2013/2/3 0:00,长安牌,北京现代牌,254370000000000000 ,366064000000000000 ,198302,198506,14,2,4,工作日,非高峰,2015-04-29,2015年4月29日,阵雨 /阵雨,26℃ / 16℃,东北风 ≤3级 /东南风 ≤3级,阵雨,阵雨,26,16,东北风,≤3级,东南风,≤3级,day
2015-04-29 18:25:00,花溪,7、未按规定让行的 ,负全部责任,不负责任,1,贵A3BJ62,白色,1,贵A7BX99,白色,-1,贵大驾校,-1,2010/10/27 0:00,马自达牌,雪佛兰牌,364548000000000000 ,366369000000000000 ,195107,198701,18,2,4,工作日,晚高峰(17-19点),2015-04-29,2015年4月29日,阵雨 /阵雨,26℃ / 16℃,东北风 ≤3级 /东南风 ≤3级,阵雨,阵雨,26,16,东北风,≤3级,东南风,≤3级,day
2015-04-29 19:00:00,花溪大道,1、追尾的,负全部责任,不负责任,1,贵AT4239,白色,1,贵AK5133,白色,-1,-1,-1,-1,金狮牌,帕萨特牌,366766000000000000 ,36636551875448325X,195908,197310,19,2,4,工作日,晚高峰(17-19点),2015-04-29,2015年4月29日,阵雨 /阵雨,26℃ / 16℃,东北风 ≤3级 /东南风 ≤3级,阵雨,阵雨,26,16,东北风,≤3级,东南风,≤3级,day
2015-04-29 14:50:00,下坝隧道,1、追尾的,负全部责任,不负责任,1,贵A3533A,白色,1,贵A77151,白色,贵大驾校,自培,2012/12/7 0:00,1986/12/4 0:00,荣威牌,华泰圣达菲牌,364556000000000000 ,364548000000000000 ,198601,195904,14,2,4,工作日,非高峰,2015-04-29,2015年4月29日,阵雨 /阵雨,26℃ / 16℃,东北风 ≤3级 /东南风 ≤3级,阵雨,阵雨,26,16,东北风,≤3级,东南风,≤3级,day
2015-04-29 15:40:00,市南路口,7、未按规定让行的 ,负全部责任,不负责任,1,贵JV4478,白色,1,贵AJA126,白色,-1,自培,-1,2009/4/10 0:00,起亚牌,长安牌,355267000000000000 ,355247000000000000 ,199112,198402,15,2,4,工作日,非高峰,2015-04-29,2015年4月29日,阵雨 /阵雨,26℃ / 16℃,东北风 ≤3级 /东南风 ≤3级,阵雨,阵雨,26,16,东北风,≤3级,东南风,≤3级,day
2015-04-29 15:30:00,油榨街,1、追尾的,负全部责任,不负责任,1,贵AJY028,白色,1,贵ARN938,白色,-1,预约考试窗口,-1,2006/11/21 0:00,江淮,马自达牌,07406551144969818X,366347000000000000 ,199008,196611,15,2,4,工作日,非高峰,2015-04-29,2015年4月29日,阵雨 /阵雨,26℃ / 16℃,东北风 ≤3级 /东南风 ≤3级,阵雨,阵雨,26,16,东北风,≤3级,东南风,≤3级,day
2015-04-29 14:33:00,花溪大道,1、追尾的,负全部责任,不负责任,1,贵A12X59,白色,1,贵AM0003,白色,自培,市警校驾校,1999/7/1 0:00,2007/11/23 0:00,夏利牌,长安牌,364551000000000000 ,366061000000000000 ,197711,198102,14,2,4,工作日,非高峰,2015-04-29,2015年4月29日,阵雨 /阵雨,26℃ / 16℃,东北风 ≤3级 /东南风 ≤3级,阵雨,阵雨,26,16,东北风,≤3级,东南风,≤3级,day
2015-04-29 15:00:00,二铺,7、未按规定让行的 ,负全部责任,不负责任,1,贵A2115R,银,1,贵A94614,黑,鑫鑫驾校,520129,2004/4/30 0:00,2008/1/3 0:00,比亚迪牌,伏尔加,366562000000000000 ,364547000000000000 ,197409,197609,15,2,4,工作日,非高峰,2015-04-29,2015年4月29日,阵雨 /阵雨,26℃ / 16℃,东北风 ≤3级 /东南风 ≤3级,阵雨,阵雨,26,16,东北风,≤3级,东南风,≤3级,day
2015-04-29 21:00:00,小河平桥,1、追尾的,负全部责任,不负责任,1,贵A1768N,白色,1,川J63393,白色,（观山湖区）诚信驾驶培训有限公司,-1,2009/4/23 0:00,-1,莲花牌,-1,366275000000000000 ,35414651204145177X,198501,196409,21,2,4,工作日,非高峰,2015-04-29,2015年4月29日,阵雨 /阵雨,26℃ / 16℃,东北风 ≤3级 /东南风 ≤3级,阵雨,阵雨,26,16,东北风,≤3级,东南风,≤3级,night
2015-04-30 00:00:00,小河平桥,1、追尾的,负全部责任,不负责任,1,贵ANC243,白色,1,贵JS0491,白色,-1,-1,-1,-1,雪佛兰牌,奥德赛牌,364596000000000000 ,36686151824548656X,197799,197601,0,3,4,工作日,非高峰,2015-04-30,2015年4月30日,阵雨 /阵雨,25℃ / 17℃,东南风 ≤3级 /东南风 ≤3级,阵雨,阵雨,25,17,东南风,≤3级,东南风,≤3级,night
2015-04-30 00:00:00,星力百货,1、追尾的,负全部责任,不负责任,1,贵AJL415,白色,1,贵A6F313,白色,-1,贵州现代驾驶培训责任有限公司,-1,2011/12/2 0:00,北京现代,缤智,366861000000000000 ,364547000000000000 ,198510,198805,0,3,4,工作日,非高峰,2015-04-30,2015年4月30日,阵雨 /阵雨,25℃ / 17℃,东南风 ≤3级 /东南风 ≤3级,阵雨,阵雨,25,17,东南风,≤3级,东南风,≤3级,night
2015-04-30 07:00:00,二戈寨,8、依法应负全责的其他情形,负全部责任,不负责任,1,贵A465J9,白色,1,贵AA000J,白色,（南明区）吉源驾驶培训有限公司,凯信驾校,2007/10/22 0:00,2014/11/18 0:00,福田牌,五菱牌,34095500000000000 ,376575000000000000 ,198808,198310,7,3,4,工作日,早高峰(7-9点),2015-04-30,2015年4月30日,阵雨 /阵雨,25℃ / 17℃,东南风 ≤3级 /东南风 ≤3级,阵雨,阵雨,25,17,东南风,≤3级,东南风,≤3级,day
2015-04-30 05:00:00,中天花园,1、追尾的,负全部责任,不负责任,1,贵A72622,白,1,贵A18A74,黑,十一驾驶培训有限公司,市交校,2008/11/13 0:00,2010/7/20 0:00,粤海牌,丰田牌,364596000000000000 ,355266000000000000 ,198809,199103,5,3,4,工作日,非高峰,2015-04-30,2015年4月30日,阵雨 /阵雨,25℃ / 17℃,东南风 ≤3级 /东南风 ≤3级,阵雨,阵雨,25,17,东南风,≤3级,东南风,≤3级,night
2015-04-29 15:40:00,花香村,7、未按规定让行的 ,负全部责任,不负责任,1,贵AAL022,黑色,1,贵GM1373,白色,十一培,长运驾校,1994/10/24 0:00,2013/10/22 0:00,速腾牌,东风雪铁龙牌,364547000000000000 ,366369000000000000 ,196206,199312,15,2,4,工作日,非高峰,2015-04-29,2015年4月29日,阵雨 /阵雨,26℃ / 16℃,东北风 ≤3级 /东南风 ≤3级,阵雨,阵雨,26,16,东北风,≤3级,东南风,≤3级,day
2015-04-29 15:19:00,北京路,7、未按规定让行的 ,负全部责任,不负责任,1,贵APR194,银,1,贵A0B554,白,自培,自培,2003/12/10 0:00,1993/7/25 0:00,夏利牌,奥迪牌,366061000000000000 ,36464551235466525X,197810,196510,15,2,4,工作日,非高峰,2015-04-29,2015年4月29日,阵雨 /阵雨,26℃ / 16℃,东北风 ≤3级 /东南风 ≤3级,阵雨,阵雨,26,16,东北风,≤3级,东南风,≤3级,day
2015-04-29 17:40:00,兴关路,7、未按规定让行的 ,负全部责任,不负责任,1,贵AAM618,白色,1,贵AWA896,白色,自培,凯信驾校,2006/8/21 0:00,2014/9/30 0:00,力帆牌,丰田牌,36454651805675065X,55060500000000000 ,197412,198707,17,2,4,工作日,晚高峰(17-19点),2015-04-29,2015年4月29日,阵雨 /阵雨,26℃ / 16℃,东北风 ≤3级 /东南风 ≤3级,阵雨,阵雨,26,16,东北风,≤3级,东南风,≤3级,day
2015-04-29 14:20:00,东山,7、未按规定让行的 ,负全部责任,不负责任,1,贵DD9126,黑,1,贵AB5844,白,自培,-1,2000/10/17 0:00,-1,猎豹牌,东本牌,366661000000000000 ,364547000000000000 ,197911,196106,14,2,4,工作日,非高峰,2015-04-29,2015年4月29日,阵雨 /阵雨,26℃ / 16℃,东北风 ≤3级 /东南风 ≤3级,阵雨,阵雨,26,16,东北风,≤3级,东南风,≤3级,day
2015-04-29 15:17:00,狮子路,3、倒车的,负全部责任,不负责任,1,贵A585F3,银,1,贵AX9847,绿,-1,十一培,-1,1994/3/9 0:00,五菱牌,豪爵牌,366064000000000000 ,364547000000000000 ,198307,195704,15,2,4,工作日,非高峰,2015-04-29,2015年4月29日,阵雨 /阵雨,26℃ / 16℃,东北风 ≤3级 /东南风 ≤3级,阵雨,阵雨,26,16,东北风,≤3级,东南风,≤3级,day
2015-04-29 15:30:00,花果园,7、未按规定让行的 ,负全部责任,不负责任,1,贵AV7038,白色,1,贵AVA031,白色,自培,自培,2003/11/17 0:00,2007/5/21 0:00,豪爵牌,福克斯,366566000000000000 ,36634551904843201X,197605,198407,15,2,4,工作日,非高峰,2015-04-29,2015年4月29日,阵雨 /阵雨,26℃ / 16℃,东北风 ≤3级 /东南风 ≤3级,阵雨,阵雨,26,16,东北风,≤3级,东南风,≤3级,day
2015-04-30 05:30:00,金阳,9、不符合前8款规定或者双方同时具有上述情形的,负全部责任,不负责任,1,贵ARL641,红,1,贵A4389R,白,诚信驾驶培训学校,青正驾校,2012/3/13 0:00,2015/2/17 0:00,力帆牌,江淮牌,366764000000000000 ,366347000000000000 ,198810,197904,5,3,4,工作日,非高峰,2015-04-30,2015年4月30日,阵雨 /阵雨,25℃ / 17℃,东南风 ≤3级 /东南风 ≤3级,阵雨,阵雨,25,17,东南风,≤3级,东南风,≤3级,night
2015-04-29 17:49:00,白云区,8、依法应负全责的其他情形,负全部责任,不负责任,1,贵AZW155,白,1,贵GR9500,红,-1,消防驾校,-1,2004/2/10 0:00,帝豪牌,翼搏牌,36456900000000 ,366346000000000000 ,212300,198111,17,2,4,工作日,晚高峰(17-19点),2015-04-29,2015年4月29日,阵雨 /阵雨,26℃ / 16℃,东北风 ≤3级 /东南风 ≤3级,阵雨,阵雨,26,16,东北风,≤3级,东南风,≤3级,day
2015-04-29 18:00:00,八公里,3、倒车的,负全部责任,不负责任,1,贵A8159C,白色,1,贵A453H4,白色,-1,预约考试窗口,-1,2006/8/16 0:00,航天牌,福田牌,364547000000 ,366068000000000000 ,227255,198208,18,2,4,工作日,晚高峰(17-19点),2015-04-29,2015年4月29日,阵雨 /阵雨,26℃ / 16℃,东北风 ≤3级 /东南风 ≤3级,阵雨,阵雨,26,16,东北风,≤3级,东南风,≤3级,day
2015-04-30 08:00:00,宝山南路,7、未按规定让行的 ,负全部责任,不负责任,1,贵AE2916,白色,1,贵AU9624,白色,自培,铁二局驾校,2005/11/17 0:00,2011/10/25 0:00,马自达牌,宗申牌,366347000000000000 ,366569000000000000 ,197508,198408,8,3,4,工作日,早高峰(7-9点),2015-04-30,2015年4月30日,阵雨 /阵雨,25℃ / 17℃,东南风 ≤3级 /东南风 ≤3级,阵雨,阵雨,25,17,东南风,≤3级,东南风,≤3级,day
2015-04-29 17:10:00,牛郎关收费站,1、追尾的,负全部责任,不负责任,1,贵G38183,白色,1,贵GF0729,白色,安顺市平坝驾校,-1,2010/5/19 0:00,-1,-1,雪佛兰牌,366363000000000000 ,366363000000000000 ,198610,198301,17,2,4,工作日,晚高峰(17-19点),2015-04-29,2015年4月29日,阵雨 /阵雨,26℃ / 16℃,东北风 ≤3级 /东南风 ≤3级,阵雨,阵雨,26,16,东北风,≤3级,东南风,≤3级,day
2015-04-30 08:00:00,花果园,3、倒车的,负全部责任,不负责任,1,贵AS7992,白色,1,贵AKL113,白色,自培,自培,1985/10/27 0:00,2001/10/31 0:00,钱江牌,东风雪铁龙牌,366367000000000000 ,364548000000000000 ,196509,195709,8,3,4,工作日,早高峰(7-9点),2015-04-30,2015年4月30日,阵雨 /阵雨,25℃ / 17℃,东南风 ≤3级 /东南风 ≤3级,阵雨,阵雨,25,17,东南风,≤3级,东南风,≤3级,day
2015-04-29 23:00:00,锦江路,3、倒车的,负全部责任,不负责任,1,贵AK1826,白色,1,闽A9N362,白色,景宏驾校,-1,2012/5/29 0:00,-1,五菱牌,\N,36455551845647590X,73456851295653538X,197012,196812,23,2,4,工作日,非高峰,2015-04-29,2015年4月29日,阵雨 /阵雨,26℃ / 16℃,东北风 ≤3级 /东南风 ≤3级,阵雨,阵雨,26,16,东北风,≤3级,东南风,≤3级,night
2015-04-29 21:00:00,花溪,9、不符合前8款规定或者双方同时具有上述情形的,负同等责任,负同等责任,1,贵AUA736,白色,1,渝BS2945,白色,（南明区）阳光驾驶培训有限公司,-1,2007/3/13 0:00,-1,奇瑞牌,-1,364556000000000000 ,366361000000000000 ,197201,197609,21,2,4,工作日,非高峰,2015-04-29,2015年4月29日,阵雨 /阵雨,26℃ / 16℃,东北风 ≤3级 /东南风 ≤3级,阵雨,阵雨,26,16,东北风,≤3级,东南风,≤3级,night
2015-04-30 07:00:00,二戈寨,1、追尾的,负全部责任,不负责任,1,贵A34947,白色,1,贵A964F4,白色,消防驾校,铁二局驾校,2004/2/19 0:00,2011/11/8 0:00,松花江,江淮牌,364556000000000000 ,354766000000000000 ,198501,198210,7,3,4,工作日,早高峰(7-9点),2015-04-30,2015年4月30日,阵雨 /阵雨,25℃ / 17℃,东南风 ≤3级 /东南风 ≤3级,阵雨,阵雨,25,17,东南风,≤3级,东南风,≤3级,day
2015-04-30 07:30:00,实验三中,3、倒车的,负全部责任,不负责任,1,贵C0H320,红,1,贵A9BP53,黑,全林驾校,顺安驾训公司蓬溪分公司,2013/3/5 0:00,2005/5/18 0:00,-1,长安牌,366361000000000000 ,354166000000000000 ,197909,197503,7,3,4,工作日,早高峰(7-9点),2015-04-30,2015年4月30日,阵雨 /阵雨,25℃ / 17℃,东南风 ≤3级 /东南风 ≤3级,阵雨,阵雨,25,17,东南风,≤3级,东南风,≤3级,day
2015-04-30 12:00:00,南明区,7、未按规定让行的 ,负全部责任,不负责任,1,贵AC1913,白色,1,贵A61Y96,白色,-1,-1,-1,-1,豪爵牌,大众牌,36656051875653358X,364556000000000 ,197312,721225,12,3,4,工作日,非高峰,2015-04-30,2015年4月30日,阵雨 /阵雨,25℃ / 17℃,东南风 ≤3级 /东南风 ≤3级,阵雨,阵雨,25,17,东南风,≤3级,东南风,≤3级,day
2015-04-30 10:20:00,头桥,7、未按规定让行的 ,负全部责任,不负责任,1,贵A42K49,黑,1,贵GY5667,黑,织金县织通驾驶培训学校,时法驾校,-1,2006/12/22 0:00,大众汽车牌,北京现代牌,366368000000000000 ,366362000000000000 ,196907,198201,10,3,4,工作日,非高峰,2015-04-30,2015年4月30日,阵雨 /阵雨,25℃ / 17℃,东南风 ≤3级 /东南风 ≤3级,阵雨,阵雨,25,17,东南风,≤3级,东南风,≤3级,day
2015-04-30 13:48:00,解放路,7、未按规定让行的 ,负全部责任,不负责任,1,贵A83L53,白色,1,苏FJ228K,白色,（乌当区）平安驾驶培训有限公司,-1,2007/11/29 0:00,-1,长城牌,长安牌,366068000000000000 ,764247000000000000 ,198012,196802,13,3,4,工作日,非高峰,2015-04-30,2015年4月30日,阵雨 /阵雨,25℃ / 17℃,东南风 ≤3级 /东南风 ≤3级,阵雨,阵雨,25,17,东南风,≤3级,东南风,≤3级,day
2015-04-30 06:15:00,油榨街,1、追尾的,负全部责任,不负责任,1,贵A7BE84,黑,1,贵GY5559,红,贵州省长安驾驶培训学校,-1,2012/11/5 0:00,-1,凌派牌,金杯牌,35467651205567875X,36636251984865665X,196411,198707,6,3,4,工作日,非高峰,2015-04-30,2015年4月30日,阵雨 /阵雨,25℃ / 17℃,东南风 ≤3级 /东南风 ≤3级,阵雨,阵雨,25,17,东南风,≤3级,东南风,≤3级,day
2015-04-30 06:25:00,甲秀南路,8、依法应负全责的其他情形,负全部责任,不负责任,1,贵A83P93,黑,1,贵A5240B,红,（白云区）消防驾驶培训学校,顺一驾驶培训学校,2007/6/28 0:00,2008/8/28 0:00,长安牌,瑞麒牌,54567500000000000 ,366364000000000000 ,197005,197101,6,3,4,工作日,非高峰,2015-04-30,2015年4月30日,阵雨 /阵雨,25℃ / 17℃,东南风 ≤3级 /东南风 ≤3级,阵雨,阵雨,25,17,东南风,≤3级,东南风,≤3级,day
2015-04-30 10:00:00,中曹司,7、未按规定让行的 ,负全部责任,不负责任,1,贵AP7189,白色,1,贵AU6128,黑色,织金县织通驾驶培训学校,其他,-1,2009/3/24 0:00,望江牌,劲隆牌,366064000000000000 ,366566000000000000 ,198501,198609,10,3,4,工作日,非高峰,2015-04-30,2015年4月30日,阵雨 /阵雨,25℃ / 17℃,东南风 ≤3级 /东南风 ≤3级,阵雨,阵雨,25,17,东南风,≤3级,东南风,≤3级,day
2015-04-30 13:50:00,解放路,7、未按规定让行的 ,负全部责任,不负责任,1,贵ATK689,白色,1,贵APB435,白色,无,新华驾校,2008/1/10 0:00,2012/8/22 0:00,起亚牌,东风标致牌,364547000000000000 ,364551000000000000 ,197002,199105,13,3,4,工作日,非高峰,2015-04-30,2015年4月30日,阵雨 /阵雨,25℃ / 17℃,东南风 ≤3级 /东南风 ≤3级,阵雨,阵雨,25,17,东南风,≤3级,东南风,≤3级,day
2015-04-30 13:40:00,西二环,1、追尾的,负全部责任,不负责任,1,贵AB164J,白色,1,贵A81R43,白色,（经开区）十一驾驶培训有限公司,诚信驾驶培训学校,2015/2/17 0:00,2012/1/17 0:00,金杯牌,宝马牌,366067000000000000 ,364547000000000000 ,198410,198505,13,3,4,工作日,非高峰,2015-04-30,2015年4月30日,阵雨 /阵雨,25℃ / 17℃,东南风 ≤3级 /东南风 ≤3级,阵雨,阵雨,25,17,东南风,≤3级,东南风,≤3级,day
2015-04-30 05:10:00,白云区,1、追尾的,负全部责任,不负责任,1,渝A3Y289,黑,1,贵A78Z62,白,自培,-1,2001/12/13 0:00,-1, 普拉多 ,长城牌,354677000000000000 ,3665640000000000 ,196308,197202,5,3,4,工作日,非高峰,2015-04-30,2015年4月30日,阵雨 /阵雨,25℃ / 17℃,东南风 ≤3级 /东南风 ≤3级,阵雨,阵雨,25,17,东南风,≤3级,东南风,≤3级,night
2015-04-30 14:00:00,金阳,1、追尾的,负全部责任,不负责任,1,贵A63G17,白,1,贵A26A74,黑,自培,时发驾校,2001/11/16 0:00,2014/7/19 0:00,明锐牌,梅赛德斯-奔驰,364558000000000000 ,364548000000000000 ,197312,199104,14,3,4,工作日,非高峰,2015-04-30,2015年4月30日,阵雨 /阵雨,25℃ / 17℃,东南风 ≤3级 /东南风 ≤3级,阵雨,阵雨,25,17,东南风,≤3级,东南风,≤3级,day