accidenttime,accidentaddr,driver1fault,driver1responsibility,driver2responsibility,sex1,platenumber1,carcolor1,sex2,platenumber2,carcolor2,jxmc1,jxmc2,cclzrq1,cclzrq2,clpp1,clpp2,driver1license,driver2license,brith1,brith2,hour,weekday,month,is_weekday,peak_hour,date,日期,天气状况,气温,风力风向,day_wea,night_wea,day_tep,night_tep,day_wind_direction,day_wind_speed,night_wind_direction,night_wind_speed,segment
2015-04-30 11:30:00,水东路,1、追尾的,负全部责任,不负责任,1,贵A48X19,白色,1,贵AU6213,白色,自培,预约考试窗口,2002/8/23 0:00,2006/12/7 0:00,丰田牌,捷达牌,36454651255550527X,364557000000000000 ,196111,198309,11,3,4,工作日,非高峰,2015-04-30,2015年4月30日,阵雨 /阵雨,25℃ / 17℃,东南风 ≤3级 /东南风 ≤3级,阵雨,阵雨,25,17,东南风,≤3级,东南风,≤3级,day
2015-04-29 21:40:00,黄河路,1、追尾的,负全部责任,不负责任,1,贵AU9941,白色,1,贵AU4152,白色,自培,十一培,2003/5/28 0:00,1994/12/5 0:00,瑞麒牌,捷达牌,366868000000000000 ,364548000000000000 ,198502,196012,21,2,4,工作日,非高峰,2015-04-29,2015年4月29日,阵雨 /阵雨,26℃ / 16℃,东北风 ≤3级 /东南风 ≤3级,阵雨,阵雨,26,16,东北风,≤3级,东南风,≤3级,night
2015-04-30 05:15:00,万东高架桥,1、追尾的,负全部责任,不负责任,1,贵A45J89,白色,1,贵A51Y18,白色,贵州晨运驾驶培训学校,自培,2005/9/11 0:00,2004/5/26 0:00,吉利美日牌,梅赛德斯-奔驰牌,354677000000000000 ,364547000000000000 ,196907,198206,5,3,4,工作日,非高峰,2015-04-30,2015年4月30日,阵雨 /阵雨,25℃ / 17℃,东南风 ≤3级 /东南风 ≤3级,阵雨,阵雨,25,17,东南风,≤3级,东南风,≤3级,night
2015-04-30 08:30:00,新添寨,7、未按规定让行的 ,负全部责任,不负责任,1,贵GAD043,白,1,贵A4AW18,白,黔丰驾校（花溪区）,自培,2015/3/24 0:00,2007/1/17 0:00,东风标致牌,别克牌,364556000000000000 ,364557000000000000 ,196905,198308,8,3,4,工作日,早高峰(7-9点),2015-04-30,2015年4月30日,阵雨 /阵雨,25℃ / 17℃,东南风 ≤3级 /东南风 ≤3级,阵雨,阵雨,25,17,东南风,≤3级,东南风,≤3级,day
2015-04-30 08:00:00,宝山北路,7、未按规定让行的 ,负全部责任,不负责任,1,湘F92A72,白色,1,贵ACM788,白色,自培,自培,2014/1/3 0:00,2004/5/19 0:00,吉利,丰田牌,74262500000000000 ,36454651204249526X,197109,196406,8,3,4,工作日,早高峰(7-9点),2015-04-30,2015年4月30日,阵雨 /阵雨,25℃ / 17℃,东南风 ≤3级 /东南风 ≤3级,阵雨,阵雨,25,17,东南风,≤3级,东南风,≤3级,day
2015-04-30 12:00:00,清水江璐,7、未按规定让行的 ,负全部责任,不负责任,1,贵AVF721,白色,1,贵A0244S,白色,-1,青正驾校,-1,2012/9/22 0:00,雷克萨斯,朗风牌,354366000000000000 ,366347000000000000 ,198711,198409,12,3,4,工作日,非高峰,2015-04-30,2015年4月30日,阵雨 /阵雨,25℃ / 17℃,东南风 ≤3级 /东南风 ≤3级,阵雨,阵雨,25,17,东南风,≤3级,东南风,≤3级,day
2015-04-30 16:35:00,皂角井,1、追尾的,负全部责任,不负责任,1,贵A17N48,红,1,贵GQ0588,黑,-1,新天驾校,-1,2012/5/23 0:00,金杯牌,起亚牌,36561500000000000 ,364548000000000000 ,197508,199302,16,3,4,工作日,非高峰,2015-04-30,2015年4月30日,阵雨 /阵雨,25℃ / 17℃,东南风 ≤3级 /东南风 ≤3级,阵雨,阵雨,25,17,东南风,≤3级,东南风,≤3级,day
2015-04-30 14:30:00,香江花园,3、倒车的,负全部责任,不负责任,1,贵A460A5,白色,1,贵A31C24,白色,-1,时法驾校,-1,2007/2/15 0:00,解放牌,东风日产牌,36607500000000000 ,07747451834042495X,977120,197504,14,3,4,工作日,非高峰,2015-04-30,2015年4月30日,阵雨 /阵雨,25℃ / 17℃,东南风 ≤3级 /东南风 ≤3级,阵雨,阵雨,25,17,东南风,≤3级,东南风,≤3级,day
2015-04-30 15:30:00,小河长江路,1、追尾的,负全部责任,不负责任,1,贵AV5896,白色,1,贵CDC044,白色,-1,航天驾校,-1,-1,东风日产牌,思域牌,366368000000000000 ,366566000000000000 ,195109,198210,15,3,4,工作日,非高峰,2015-04-30,2015年4月30日,阵雨 /阵雨,25℃ / 17℃,东南风 ≤3级 /东南风 ≤3级,阵雨,阵雨,25,17,东南风,≤3级,东南风,≤3级,day
2015-04-30 18:00:00,小河沙冲南路,1、追尾的,负全部责任,不负责任,1,贵ASF199,黑色,1,贵A8BX05,白色,-1,贵大佳德驾驶培训学校,-1,2000/12/15 0:00,思域牌,飞度牌,55763500000000000 ,364548000000000000 ,198004,198208,18,3,4,工作日,晚高峰(17-19点),2015-04-30,2015年4月30日,阵雨 /阵雨,25℃ / 17℃,东南风 ≤3级 /东南风 ≤3级,阵雨,阵雨,25,17,东南风,≤3级,东南风,≤3级,day
2015-04-30 18:00:00,三七厂,7、未按规定让行的 ,负全部责任,不负责任,1,湘F18143,白色,1,贵A06128,白色,-1,其他,-1,2009/3/24 0:00,江铃牌,昌河,74296500000000000 ,366566000000000000 ,197008,198609,18,3,4,工作日,晚高峰(17-19点),2015-04-30,2015年4月30日,阵雨 /阵雨,25℃ / 17℃,东南风 ≤3级 /东南风 ≤3级,阵雨,阵雨,25,17,东南风,≤3级,东南风,≤3级,day
2015-04-30 19:50:00,小河转盘,7、未按规定让行的 ,负全部责任,不负责任,1,贵FAD716,白色,1,贵A2285N,白色,-1,景宏驾校,-1,2011/10/26 0:00,吉利牌,五菱牌,366068000000000000 ,664368000000000000 ,198407,196507,19,3,4,工作日,晚高峰(17-19点),2015-04-30,2015年4月30日,阵雨 /阵雨,25℃ / 17℃,东南风 ≤3级 /东南风 ≤3级,阵雨,阵雨,25,17,东南风,≤3级,东南风,≤3级,day
2015-04-30 11:00:00,花果园,1、追尾的,负全部责任,不负责任,1,川RER319,白色,1,苏NBA947,白色,自培,-1,2011/6/23 0:00,-1,雪佛兰牌,马自达牌 ,355266000000000000 ,35524651984753051X,198610,198703,11,3,4,工作日,非高峰,2015-04-30,2015年4月30日,阵雨 /阵雨,25℃ / 17℃,东南风 ≤3级 /东南风 ≤3级,阵雨,阵雨,25,17,东南风,≤3级,东南风,≤3级,day
2015-04-30 10:20:00,黔灵西路,1、追尾的,负全部责任,不负责任,0,贵A45337,白,1,贵A355G8,白,自培,安顺市顺安汽车（摩托车）驾驶培训学校,2006/9/27 0:00,2015/2/17 0:00,中华牌,长城牌,364557000000000000 ,364547000000000000 ,198405,199009,10,3,4,工作日,非高峰,2015-04-30,2015年4月30日,阵雨 /阵雨,25℃ / 17℃,东南风 ≤3级 /东南风 ≤3级,阵雨,阵雨,25,17,东南风,≤3级,东南风,≤3级,day
2015-04-30 17:40:00,农科院,7、未按规定让行的 ,负全部责任,不负责任,1,贵AA912R,白色,1,贵AKQ539,白色,新天驾校,十一培,2012/9/28 0:00,1994/8/3 0:00,宝骏牌,朗逸牌,364568000000000000 ,366368000000000000 ,199312,195903,17,3,4,工作日,晚高峰(17-19点),2015-04-30,2015年4月30日,阵雨 /阵雨,25℃ / 17℃,东南风 ≤3级 /东南风 ≤3级,阵雨,阵雨,25,17,东南风,≤3级,东南风,≤3级,day
2015-04-30 17:30:00,太慈桥,7、未按规定让行的 ,负全部责任,不负责任,0,贵AW8092,红,1,贵AD9136,黑,自培,十一培,2003/5/15 0:00,1994/6/28 0:00,万虎牌,豪爵牌,366347000000000000 ,364548000000000000 ,197803,194912,17,3,4,工作日,晚高峰(17-19点),2015-04-30,2015年4月30日,阵雨 /阵雨,25℃ / 17℃,东南风 ≤3级 /东南风 ≤3级,阵雨,阵雨,25,17,东南风,≤3级,东南风,≤3级,day
2015-04-30 16:10:00,黄河路,1、追尾的,负全部责任,不负责任,1,贵AD2707,白色,1,贵A3AP81,白色,520103,十一培,2014/6/25 0:00,1994/10/23 0:00,豪爵牌,大众牌,364648000000000000 ,364548000000000000 ,198912,197011,16,3,4,工作日,非高峰,2015-04-30,2015年4月30日,阵雨 /阵雨,25℃ / 17℃,东南风 ≤3级 /东南风 ≤3级,阵雨,阵雨,25,17,东南风,≤3级,东南风,≤3级,day
2015-04-30 13:40:00,二戈寨,9、不符合前8款规定或者双方同时具有上述情形的,负同等责任,负同等责任,1,贵ALF166,白色,1,贵A804Z9,白色,自培,十一培,2007/4/3 0:00,1994/12/25 0:00,夏利牌,-1,366067000000000000 ,364548000000000000 ,198205,196401,13,3,4,工作日,非高峰,2015-04-30,2015年4月30日,阵雨 /阵雨,25℃ / 17℃,东南风 ≤3级 /东南风 ≤3级,阵雨,阵雨,25,17,东南风,≤3级,东南风,≤3级,day
2015-04-30 07:30:00,云环中路,1、追尾的,负全部责任,不负责任,1,贵A8774S,黑,0,贵FL5973,红,贵州现代驾驶培训责任有限公司,自培,2013/7/12 0:00,2006/8/1 0:00,奇瑞牌,东风雪铁龙牌,366361000000000000 ,366361000000000000 ,198008,197801,7,3,4,工作日,早高峰(7-9点),2015-04-30,2015年4月30日,阵雨 /阵雨,25℃ / 17℃,东南风 ≤3级 /东南风 ≤3级,阵雨,阵雨,25,17,东南风,≤3级,东南风,≤3级,day
2015-04-30 06:20:00,小河珠江路,4、停车时未挂低速档、未拉驻车制动，导致车辆滑行的,负全部责任,不负责任,1,贵AB628J,白色,1,贵FV9984,白色,贵州天河驾校,自培,2014/10/17 0:00,2004/4/20 0:00,五菱牌,长城牌,366767000000000000 ,366067000000000000 ,198209,196402,6,3,4,工作日,非高峰,2015-04-30,2015年4月30日,阵雨 /阵雨,25℃ / 17℃,东南风 ≤3级 /东南风 ≤3级,阵雨,阵雨,25,17,东南风,≤3级,东南风,≤3级,day
2015-04-30 16:00:00,金阳,7、未按规定让行的 ,负全部责任,不负责任,0,贵A24100,白,0,贵A7SO67,红,-1,自培,-1,2014/6/6 0:00,桑塔纳,-1,36454151965653767X,366670000000000000 ,198212,198510,16,3,4,工作日,非高峰,2015-04-30,2015年4月30日,阵雨 /阵雨,25℃ / 17℃,东南风 ≤3级 /东南风 ≤3级,阵雨,阵雨,25,17,东南风,≤3级,东南风,≤3级,day
2015-04-30 17:20:00,西二环,1、追尾的,负全部责任,不负责任,1,贵AHE135,黑,1,贵JAE567,红,新天驾校,520101,2011/11/8 0:00,2009/11/12 0:00,马自达牌,三菱牌,55567500000000000 ,66963500000000000 ,198501,198110,17,3,4,工作日,晚高峰(17-19点),2015-04-30,2015年4月30日,阵雨 /阵雨,25℃ / 17℃,东南风 ≤3级 /东南风 ≤3级,阵雨,阵雨,25,17,东南风,≤3级,东南风,≤3级,day
2015-04-30 17:00:00,金阳,7、未按规定让行的 ,负全部责任,不负责任,1,贵GJ9402,黑,1,渝BV5921,红,-1,道真驾校,-1,-1,奥迪,-1,366346000000000000 ,366564000000000000 ,197207,197509,17,3,4,工作日,晚高峰(17-19点),2015-04-30,2015年4月30日,阵雨 /阵雨,25℃ / 17℃,东南风 ≤3级 /东南风 ≤3级,阵雨,阵雨,25,17,东南风,≤3级,东南风,≤3级,day
2015-04-30 20:00:00,花溪,7、未按规定让行的 ,负全部责任,不负责任,1,贵A93774,白色,1,贵GR9165,白色,自培,鑫鑫驾校,-1,2011/11/24 0:00,钱江,马自达牌,366363000000000000 ,364556000000000000 ,198312,198601,20,3,4,工作日,非高峰,2015-04-30,2015年4月30日,阵雨 /阵雨,25℃ / 17℃,东南风 ≤3级 /东南风 ≤3级,阵雨,阵雨,25,17,东南风,≤3级,东南风,≤3级,night
2015-04-30 22:20:00,金阳,3、倒车的,负全部责任,不负责任,1,贵A392A4,红,1,贵A25H87,白,长运驾校,-1,2010/7/23 0:00,-1,解放牌,比亚迪牌,355468000000000000 ,364558000000000000 ,198208,198906,22,3,4,工作日,非高峰,2015-04-30,2015年4月30日,阵雨 /阵雨,25℃ / 17℃,东南风 ≤3级 /东南风 ≤3级,阵雨,阵雨,25,17,东南风,≤3级,东南风,≤3级,night
2015-04-30 23:00:00,遵义路,7、未按规定让行的 ,负全部责任,不负责任,1,贵AMG385,蓝,1,贵AV0963,白,自培,-1,2008/3/25 0:00,-1,比亚迪牌,铃木牌,364547000000000000 ,364548000000000000 ,198604,197308,23,3,4,工作日,非高峰,2015-04-30,2015年4月30日,阵雨 /阵雨,25℃ / 17℃,东南风 ≤3级 /东南风 ≤3级,阵雨,阵雨,25,17,东南风,≤3级,东南风,≤3级,night
2015-05-01 07:00:00,花溪,7、未按规定让行的 ,负全部责任,不负责任,1,贵AA587K,白色,1,贵A5627A,白色,-1,人武驾校,-1,2012/11/21 0:00,宝骏牌,长安牌,354367000000000000 ,364568000000000000 ,196607,199107,7,4,5,工作日,早高峰(7-9点),2015-05-01,2015年5月1日,阵雨 /多云,25℃ / 14℃,东南风 ≤3级 /东北风 ≤3级,阵雨,多云,25,14,东南风,≤3级,东北风,≤3级,day
2015-05-01 07:40:00,东山,9、不符合前8款规定或者双方同时具有上述情形的,负全部责任,不负责任,0,贵EV3114,白,1,贵JBU162,黑,-1,贵州省长安驾驶培训学校,-1,2011/10/15 0:00,-1,-1,366766000000000000 ,364566000000000000 ,195708,198909,7,4,5,工作日,早高峰(7-9点),2015-05-01,2015年5月1日,阵雨 /多云,25℃ / 14℃,东南风 ≤3级 /东北风 ≤3级,阵雨,多云,25,14,东南风,≤3级,东北风,≤3级,day
2015-05-01 07:50:00,同心路,7、未按规定让行的 ,负全部责任,不负责任,1,贵A3136A,红,1,贵AJ7879,蓝,-1,自培,-1,1995/6/26 0:00,力帆牌,豪爵牌,364558000000000000 ,364558000000000000 ,198002,196309,7,4,5,工作日,早高峰(7-9点),2015-05-01,2015年5月1日,阵雨 /多云,25℃ / 14℃,东南风 ≤3级 /东北风 ≤3级,阵雨,多云,25,14,东南风,≤3级,东北风,≤3级,day
2015-05-01 00:00:00,河滨公园,9、不符合前8款规定或者双方同时具有上述情形的,负同等责任,负同等责任,1,贵CHT541,白色,1,贵AVA366,白色,-1,公交公司驾校,-1,2008/3/11 0:00,-1,朗逸牌,366566000000000000 ,364547000000000000 ,198507,198603,0,4,5,工作日,非高峰,2015-05-01,2015年5月1日,阵雨 /多云,25℃ / 14℃,东南风 ≤3级 /东北风 ≤3级,阵雨,多云,25,14,东南风,≤3级,东北风,≤3级,night
2015-05-01 07:00:00,北京西路,3、倒车的,负全部责任,不负责任,1,贵GL0821,白,1,贵GY4903,红,520127,-1,2000/10/31 0:00,-1,-1,-1,364558000000000000 ,366069000000000000 ,196612,198610,7,4,5,工作日,早高峰(7-9点),2015-05-01,2015年5月1日,阵雨 /多云,25℃ / 14℃,东南风 ≤3级 /东北风 ≤3级,阵雨,多云,25,14,东南风,≤3级,东北风,≤3级,day
2015-04-30 21:26:00,兴隆花园,7、未按规定让行的 ,负全部责任,不负责任,1,贵A77698,白色,1,贵A0M500,白色,（乌当区）新天驾驶培训有限公司,铁二局驾校,2005/6/2 0:00,2012/4/6 0:00,汉江,金杯牌,364566000000000000 ,36666351174954838X,198102,199308,21,3,4,工作日,非高峰,2015-04-30,2015年4月30日,阵雨 /阵雨,25℃ / 17℃,东南风 ≤3级 /东南风 ≤3级,阵雨,阵雨,25,17,东南风,≤3级,东南风,≤3级,night
2015-05-01 00:00:00,西二环三桥桥上,7、未按规定让行的 ,负全部责任,不负责任,1,贵GGE789,白色,1,贵A3113B,白色,高新驾校,贵大佳德驾驶培训学校,2012/5/26 0:00,2006/1/5 0:00,-1,五菱牌,364556000000000000 ,364566000000000000 ,197512,198607,0,4,5,工作日,非高峰,2015-05-01,2015年5月1日,阵雨 /多云,25℃ / 14℃,东南风 ≤3级 /东北风 ≤3级,阵雨,多云,25,14,东南风,≤3级,东北风,≤3级,night
2015-04-30 20:01:00,乌当,1、追尾的,负全部责任,不负责任,1,贵A170E5,黑,1,贵AG8127,白,自培,自培,2007/9/13 0:00,2012/10/17 0:00,解放牌,山城牌,366367000000000000 ,366562000000000000 ,198307,196606,20,3,4,工作日,非高峰,2015-04-30,2015年4月30日,阵雨 /阵雨,25℃ / 17℃,东南风 ≤3级 /东南风 ≤3级,阵雨,阵雨,25,17,东南风,≤3级,东南风,≤3级,night
2015-04-30 22:30:00,大营路,3、倒车的,负全部责任,不负责任,0,贵AR3696,红,1,贵A0AS90,白,自培,520107,2005/9/21 0:00,2010/3/3 0:00,雪佛兰牌,雪佛兰牌,364646000000000000 ,5665520000000000 ,198507,197910,22,3,4,工作日,非高峰,2015-04-30,2015年4月30日,阵雨 /阵雨,25℃ / 17℃,东南风 ≤3级 /东南风 ≤3级,阵雨,阵雨,25,17,东南风,≤3级,东南风,≤3级,night
2015-04-30 19:30:00,大营坡,9、不符合前8款规定或者双方同时具有上述情形的,负全部责任,不负责任,0,贵A65W66,红,1,贵AF6808,黑,自培,-1,2004/4/13 0:00,-1,海马牌,豪进牌,364548000000000000 ,364548000000000000 ,198506,195711,19,3,4,工作日,晚高峰(17-19点),2015-04-30,2015年4月30日,阵雨 /阵雨,25℃ / 17℃,东南风 ≤3级 /东南风 ≤3级,阵雨,阵雨,25,17,东南风,≤3级,东南风,≤3级,day
2015-04-30 17:00:00,遵义路,8、依法应负全责的其他情形,负全部责任,不负责任,1,贵AJB324,白色,1,贵FV6002,白色,自培,贵大驾校,2002/12/16 0:00,2014/4/15 0:00,北京牌,吉利牌,366668000000000000 ,366067000000000000 ,197302,198709,17,3,4,工作日,晚高峰(17-19点),2015-04-30,2015年4月30日,阵雨 /阵雨,25℃ / 17℃,东南风 ≤3级 /东南风 ≤3级,阵雨,阵雨,25,17,东南风,≤3级,东南风,≤3级,day
2015-04-30 20:10:00,北二环,8、依法应负全责的其他情形,负全部责任,不负责任,1,渝BA4695,黄,1,贵A84A32,黑,自培,贵阳金马驾驶培训有限公司,2004/8/18 0:00,2012/9/3 0:00,猎豹,长安牌,366067000000000000 ,364566000000000000 ,197402,198507,20,3,4,工作日,非高峰,2015-04-30,2015年4月30日,阵雨 /阵雨,25℃ / 17℃,东南风 ≤3级 /东南风 ≤3级,阵雨,阵雨,25,17,东南风,≤3级,东南风,≤3级,night
2015-04-30 17:26:00,八匹马,7、未按规定让行的 ,负全部责任,不负责任,0,贵DAL651,红,1,贵AM9459,黄,自培,自培,2012/3/30 0:00,2003/7/31 0:00,豪爵牌,奥迪牌,364557000000000000 ,364548000000000000 ,198201,197203,17,3,4,工作日,晚高峰(17-19点),2015-04-30,2015年4月30日,阵雨 /阵雨,25℃ / 17℃,东南风 ≤3级 /东南风 ≤3级,阵雨,阵雨,25,17,东南风,≤3级,东南风,≤3级,day
2015-04-30 18:29:00,花果园立交,7、未按规定让行的 ,负全部责任,不负责任,1,贵APH645,白色,1,贵AVK142,白色,（南明区）阳光驾驶培训有限公司,自培,2007/11/19 0:00,2001/4/13 0:00,雪佛兰,北京现代牌,366361000000000000 ,364556000000000000 ,197910,195507,18,3,4,工作日,晚高峰(17-19点),2015-04-30,2015年4月30日,阵雨 /阵雨,25℃ / 17℃,东南风 ≤3级 /东南风 ≤3级,阵雨,阵雨,25,17,东南风,≤3级,东南风,≤3级,day
2015-05-01 01:00:00,保利紫薇郡,7、未按规定让行的 ,负全部责任,不负责任,1,贵GV9708,蓝,0,贵A22621,红,-1,自培,-1,2005/1/25 0:00,-1,丰田牌,734766000000000000 ,36455651884961422X,197801,197708,1,4,5,工作日,非高峰,2015-05-01,2015年5月1日,阵雨 /多云,25℃ / 14℃,东南风 ≤3级 /东北风 ≤3级,阵雨,多云,25,14,东南风,≤3级,东北风,≤3级,night
2015-04-30 19:50:00,浣纱路,8、依法应负全责的其他情形,负全部责任,不负责任,1,贵APW455,蓝,1,贵GY1256,黑,自培,自培,2000/3/29 0:00,2005/6/23 0:00,飞碟牌,大众牌,366367000000000000 ,364547000000000000 ,196902,198306,19,3,4,工作日,晚高峰(17-19点),2015-04-30,2015年4月30日,阵雨 /阵雨,25℃ / 17℃,东南风 ≤3级 /东南风 ≤3级,阵雨,阵雨,25,17,东南风,≤3级,东南风,≤3级,day
2015-04-30 22:00:00,纪念塔,1、追尾的,负全部责任,不负责任,1,贵A38W74,黑,1,贵A88R86,白,贵州现代驾驶培训责任有限公司,自培,2010/7/2 0:00,2006/1/20 0:00,北京牌,雪佛兰,364556000000000000 ,364548000000000000 ,199009,198505,22,3,4,工作日,非高峰,2015-04-30,2015年4月30日,阵雨 /阵雨,25℃ / 17℃,东南风 ≤3级 /东南风 ≤3级,阵雨,阵雨,25,17,东南风,≤3级,东南风,≤3级,night
2015-05-01 07:40:00,沙冲路,7、未按规定让行的 ,负全部责任,不负责任,1,贵A54G81,白色,1,贵AU6332,白色,十一驾驶培训有限公司,99,2011/8/16 0:00,2003/8/23 0:00,福克斯牌,恒通客车牌,706646000000000000 ,364548000000000000 ,198011,198408,7,4,5,工作日,早高峰(7-9点),2015-05-01,2015年5月1日,阵雨 /多云,25℃ / 14℃,东南风 ≤3级 /东北风 ≤3级,阵雨,多云,25,14,东南风,≤3级,东北风,≤3级,day
2015-05-01 09:00:00,小石城,3、倒车的,负全部责任,不负责任,1,川XB6919,白,1,贵GY3698,黑,新天驾校,自培,2011/9/2 0:00,2003/12/5 0:00,-1,-1,356168000000000000 ,364548000000000000 ,197507,196803,9,4,5,工作日,早高峰(7-9点),2015-05-01,2015年5月1日,阵雨 /多云,25℃ / 14℃,东南风 ≤3级 /东北风 ≤3级,阵雨,多云,25,14,东南风,≤3级,东北风,≤3级,day
2015-05-01 09:30:00,金阳,7、未按规定让行的 ,负全部责任,不负责任,1,贵A9959G,蓝,1,贵A1513S,白,自培,长运驾校,2012/2/7 0:00,2014/2/19 0:00,雪佛兰,-1,36455651314869765X,366347000000000000 ,195907,197801,9,4,5,工作日,早高峰(7-9点),2015-05-01,2015年5月1日,阵雨 /多云,25℃ / 14℃,东南风 ≤3级 /东北风 ≤3级,阵雨,多云,25,14,东南风,≤3级,东北风,≤3级,day
2015-05-01 09:00:00,小河平桥,7、未按规定让行的 ,负全部责任,不负责任,1,贵A23M23,白色,1,粤BY54A3,白色,铁二局驾校,-1,2011/10/24 0:00,-1,东风牌,-1,366564000000000000 ,P922323,198202,5,9,4,5,工作日,早高峰(7-9点),2015-05-01,2015年5月1日,阵雨 /多云,25℃ / 14℃,东南风 ≤3级 /东北风 ≤3级,阵雨,多云,25,14,东南风,≤3级,东北风,≤3级,day
2015-05-01 01:20:00,金阳,7、未按规定让行的 ,负全部责任,不负责任,1,贵AU7246,蓝,0,贵AC041S,黄,自培,（乌当区）平安驾驶培训有限公司,2003/5/15 0:00,2013/2/2 0:00,力帆牌,夏利牌,356168000000000000 ,366347000000000000 ,196411,197109,1,4,5,工作日,非高峰,2015-05-01,2015年5月1日,阵雨 /多云,25℃ / 14℃,东南风 ≤3级 /东北风 ≤3级,阵雨,多云,25,14,东南风,≤3级,东北风,≤3级,night
2015-05-01 10:00:00,新添大道,8、依法应负全责的其他情形,负全部责任,不负责任,1,贵AU5228,黄,1,贵A5SE72,白,-1,全林驾校,-1,2014/12/29 0:00,金福牌,-1,366669000000000000 ,364548000000000000 ,198310,199004,10,4,5,工作日,非高峰,2015-05-01,2015年5月1日,阵雨 /多云,25℃ / 14℃,东南风 ≤3级 /东北风 ≤3级,阵雨,多云,25,14,东南风,≤3级,东北风,≤3级,day
2015-05-01 11:30:00,白云区,8、依法应负全责的其他情形,负全部责任,不负责任,1,贵AN9578,白,0,贵CNT898,红,黔南州华晟驾驶培训学校,路路达驾校（白云区）,-1,2015/3/23 0:00,大切诺基,-1,364558000000000000 ,366564000000000000 ,196903,198703,11,4,5,工作日,非高峰,2015-05-01,2015年5月1日,阵雨 /多云,25℃ / 14℃,东南风 ≤3级 /东北风 ≤3级,阵雨,多云,25,14,东南风,≤3级,东北风,≤3级,day
2015-05-01 10:30:00,车管所,7、未按规定让行的 ,负全部责任,不负责任,1,贵GT1543,白,1,贵A18R74,白,安顺市顺阳驾校培训学校,520136,-1,2009/9/9 0:00,-1,雪佛兰牌,366363000000000000 ,364548000000000000 ,198201,198704,10,4,5,工作日,非高峰,2015-05-01,2015年5月1日,阵雨 /多云,25℃ / 14℃,东南风 ≤3级 /东北风 ≤3级,阵雨,多云,25,14,东南风,≤3级,东北风,≤3级,day
2015-05-01 10:30:00,小河骨科医院,1、追尾的,负全部责任,不负责任,1,贵A0210E,白色,1,贵AL2914,白色,（南明区）金大驾驶培训有限公司,金筑驾校,2006/10/22 0:00,2006/5/9 0:00,朗逸牌,东方牌,366367000000000000 ,364548000000000000 ,196911,196712,10,4,5,工作日,非高峰,2015-05-01,2015年5月1日,阵雨 /多云,25℃ / 14℃,东南风 ≤3级 /东北风 ≤3级,阵雨,多云,25,14,东南风,≤3级,东北风,≤3级,day
2015-05-01 11:30:00,二甫,1、追尾的,负全部责任,不负责任,1,贵A6926S,黄,1,贵GB1985,白,省交校,吉源驾校,2012/10/17 0:00,2014/7/27 0:00,江铃牌,-1,35546751925661402X,364596000000000000 ,198612,198807,11,4,5,工作日,非高峰,2015-05-01,2015年5月1日,阵雨 /多云,25℃ / 14℃,东南风 ≤3级 /东北风 ≤3级,阵雨,多云,25,14,东南风,≤3级,东北风,≤3级,day
2015-05-01 10:40:00,新添大道,7、未按规定让行的 ,负全部责任,不负责任,1,贵A95W6X,黑,0,贵A6184A,白,黔东南州正林驾驶培训学校,-1,2011/1/26 0:00,-1,-1,雅阁牌,364557000000000000 ,355296000000000000 ,198901,199008,10,4,5,工作日,非高峰,2015-05-01,2015年5月1日,阵雨 /多云,25℃ / 14℃,东南风 ≤3级 /东北风 ≤3级,阵雨,多云,25,14,东南风,≤3级,东北风,≤3级,day
2015-04-30 21:00:00,宏泰物流园,3、倒车的,负全部责任,不负责任,1,贵A187F2,红,0,贵A6154J,白,自培,-1,2014/11/3 0:00,-1,解放牌,五菱牌,37654551124647745X,574062000000000000 ,199602,199002,21,3,4,工作日,非高峰,2015-04-30,2015年4月30日,阵雨 /阵雨,25℃ / 17℃,东南风 ≤3级 /东南风 ≤3级,阵雨,阵雨,25,17,东南风,≤3级,东南风,≤3级,night
2015-04-30 23:00:00,海马冲,9、不符合前8款规定或者双方同时具有上述情形的,负全部责任,不负责任,1,贵A264C7,白,0,贵FF9316,红,自培,-1,2010/11/10 0:00,-1,江淮牌,夏利牌,724568000000000000 ,366068000000000000 ,198712,197509,23,3,4,工作日,非高峰,2015-04-30,2015年4月30日,阵雨 /阵雨,25℃ / 17℃,东南风 ≤3级 /东南风 ≤3级,阵雨,阵雨,25,17,东南风,≤3级,东南风,≤3级,night
2015-05-01 08:00:00,朝阳路,8、依法应负全责的其他情形,负全部责任,不负责任,1,贵A6001G,白色,1,贵JBQ925,白色,自培,-1,2011/3/18 0:00,-1,解放牌,-1,706361000000000000 ,734398000000000000 ,199108,198308,8,4,5,工作日,早高峰(7-9点),2015-05-01,2015年5月1日,阵雨 /多云,25℃ / 14℃,东南风 ≤3级 /东北风 ≤3级,阵雨,多云,25,14,东南风,≤3级,东北风,≤3级,day
2015-05-01 07:10:00,解放路,9、不符合前8款规定或者双方同时具有上述情形的,负全部责任,不负责任,1,贵AU1165,蓝,1,贵A8H506,白,自培,-1,2008/9/17 0:00,-1,豪爵牌,-1,256766000000000000 ,354662000000000000 ,198207,196811,7,4,5,工作日,早高峰(7-9点),2015-05-01,2015年5月1日,阵雨 /多云,25℃ / 14℃,东南风 ≤3级 /东北风 ≤3级,阵雨,多云,25,14,东南风,≤3级,东北风,≤3级,day
2015-05-01 11:00:00,金阳,1、追尾的,负全部责任,不负责任,1,贵A69L26,黑,1,贵DDM232,红,自培,-1,2014/2/25 0:00,-1,长安牌,-1,364557000000000000 ,366666000000000000 ,199109,198208,11,4,5,工作日,非高峰,2015-05-01,2015年5月1日,阵雨 /多云,25℃ / 14℃,东南风 ≤3级 /东北风 ≤3级,阵雨,多云,25,14,东南风,≤3级,东北风,≤3级,day