accidenttime,accidentaddr,driver1fault,driver1responsibility,driver2responsibility,sex1,platenumber1,carcolor1,sex2,platenumber2,carcolor2,jxmc1,jxmc2,cclzrq1,cclzrq2,clpp1,clpp2,driver1license,driver2license,brith1,brith2,hour,weekday,month,is_weekday,peak_hour,date,日期,天气状况,气温,风力风向,day_wea,night_wea,day_tep,night_tep,day_wind_direction,day_wind_speed,night_wind_direction,night_wind_speed,segment
2015-05-01 09:00:00,黄河路,7、未按规定让行的 ,负全部责任,不负责任,1,贵A923D5,白色,1,贵AV7454,白色,自培,十一培,2008/6/10 0:00,1994/1/12 0:00,解放牌,喜马牌,366061000000000000 ,364556000000000000 ,196910,196905,9,4,5,工作日,早高峰(7-9点),2015-05-01,2015年5月1日,阵雨 /多云,25℃ / 14℃,东南风 ≤3级 /东北风 ≤3级,阵雨,多云,25,14,东南风,≤3级,东北风,≤3级,day
2015-05-01 05:40:00,中华南路,7、未按规定让行的 ,负全部责任,不负责任,1,贵A44M31,黑,1,贵AV6917,白,自培,十一培,2003/3/13 0:00,1990/7/16 0:00,翼虎牌,力之星牌,364556000000000000 ,364547000000000000 ,196905,197104,5,4,5,工作日,非高峰,2015-05-01,2015年5月1日,阵雨 /多云,25℃ / 14℃,东南风 ≤3级 /东北风 ≤3级,阵雨,多云,25,14,东南风,≤3级,东北风,≤3级,night
2015-05-01 10:30:00,龙厂路,3、倒车的,负全部责任,不负责任,1,贵A901A6,蓝,1,贵A9606C,白,铁二局驾校（南明区）,-1,2004/2/29 0:00,-1,川路牌,别克牌,366361000000000000 ,364557000000000000 ,198403,197501,10,4,5,工作日,非高峰,2015-05-01,2015年5月1日,阵雨 /多云,25℃ / 14℃,东南风 ≤3级 /东北风 ≤3级,阵雨,多云,25,14,东南风,≤3级,东北风,≤3级,day
2015-05-01 12:02:00,金阳,3、倒车的,负全部责任,不负责任,1,湘L8K183,白,1,贵AA0616,红,-1,通发驾校,-1,2010/12/28 0:00,-1,五菱,74766500000000000 ,366367000000000000 ,196004,196311,12,4,5,工作日,非高峰,2015-05-01,2015年5月1日,阵雨 /多云,25℃ / 14℃,东南风 ≤3级 /东北风 ≤3级,阵雨,多云,25,14,东南风,≤3级,东北风,≤3级,day
2015-05-01 12:30:00,花二道,7、未按规定让行的 ,负全部责任,不负责任,1,贵A89245,黑,1,贵AEF018,红,-1,-1,-1,-1,双狮,五菱牌,364548000000000000 ,765696000000000000 ,197008,199312,12,4,5,工作日,非高峰,2015-05-01,2015年5月1日,阵雨 /多云,25℃ / 14℃,东南风 ≤3级 /东北风 ≤3级,阵雨,多云,25,14,东南风,≤3级,东北风,≤3级,day
2015-05-01 13:00:00,护国路,3、倒车的,负全部责任,不负责任,1,鄂FVG292,白色,1,贵A46P91,白色,-1,自培,-1,2005/4/14 0:00,-1,福特牌,364366000000000000 ,36454651964769955X,197810,198203,13,4,5,工作日,非高峰,2015-05-01,2015年5月1日,阵雨 /多云,25℃ / 14℃,东南风 ≤3级 /东北风 ≤3级,阵雨,多云,25,14,东南风,≤3级,东北风,≤3级,day
2015-05-01 13:00:00,花溪,9、不符合前8款规定或者双方同时具有上述情形的,负同等责任,负同等责任,1,贵A6627T,白色,1,贵FE0442,白色,-1,-1,-1,-1,别克牌,-1,366367000000000000 ,366048000000000000 ,195302,197612,13,4,5,工作日,非高峰,2015-05-01,2015年5月1日,阵雨 /多云,25℃ / 14℃,东南风 ≤3级 /东北风 ≤3级,阵雨,多云,25,14,东南风,≤3级,东北风,≤3级,day
2015-05-01 13:00:00,金阳,1、追尾的,负全部责任,不负责任,0,贵A9LE02,红,1,贵LJY265,蓝,-1,十一驾驶培训有限公司,-1,2015/2/27 0:00,-1,-1,57419600000000000 ,357266000000000000 ,197902,198309,13,4,5,工作日,非高峰,2015-05-01,2015年5月1日,阵雨 /多云,25℃ / 14℃,东南风 ≤3级 /东北风 ≤3级,阵雨,多云,25,14,东南风,≤3级,东北风,≤3级,day
2015-05-01 14:00:00,小河,2、逆行的,负全部责任,不负责任,1,贵GX5047,白色,1,贵A43K28,白色,-1,时发驾校,-1,2013/11/19 0:00,-1,-1,77636551215657275X,364648000000000000 ,196912,197704,14,4,5,工作日,非高峰,2015-05-01,2015年5月1日,阵雨 /多云,25℃ / 14℃,东南风 ≤3级 /东北风 ≤3级,阵雨,多云,25,14,东南风,≤3级,东北风,≤3级,day
2015-05-01 14:00:00,西二环,1、追尾的,负全部责任,不负责任,1,贵CQ8250,白色,1,贵D65194,白色,-1,金大驾校,-1,2013/1/30 0:00,-1,-1,366569000000000000 ,366668000000000000 ,199012,198012,14,4,5,工作日,非高峰,2015-05-01,2015年5月1日,阵雨 /多云,25℃ / 14℃,东南风 ≤3级 /东北风 ≤3级,阵雨,多云,25,14,东南风,≤3级,东北风,≤3级,day
2015-05-01 12:30:00,乌当,9、不符合前8款规定或者双方同时具有上述情形的,负全部责任,不负责任,1,贵A3301Y,白,1,鄂S68476,白,自培,-1,2004/9/19 0:00,-1,江南牌,-1,366367000000000000 ,366769000000000000 ,196301,198910,12,4,5,工作日,非高峰,2015-05-01,2015年5月1日,阵雨 /多云,25℃ / 14℃,东南风 ≤3级 /东北风 ≤3级,阵雨,多云,25,14,东南风,≤3级,东北风,≤3级,day
2015-05-01 11:58:00,车水路,3、倒车的,负全部责任,不负责任,1,贵AGG187,白色,1,贵JAE773,白色,贵大驾校,-1,2010/11/5 0:00,-1,东风牌,-1,364547000000000000 ,355247000000000000 ,197001,198812,11,4,5,工作日,非高峰,2015-05-01,2015年5月1日,阵雨 /多云,25℃ / 14℃,东南风 ≤3级 /东北风 ≤3级,阵雨,多云,25,14,东南风,≤3级,东北风,≤3级,day
2015-05-01 12:30:00,东风大道,9、不符合前8款规定或者双方同时具有上述情形的,负全部责任,不负责任,1,贵A44E75,白,1,贵AA5209,黑,长运驾校,景宏驾校,2012/8/14 0:00,2014/1/8 0:00,起亚牌,金轮,364548000000000000 ,364547000000000000 ,198708,199111,12,4,5,工作日,非高峰,2015-05-01,2015年5月1日,阵雨 /多云,25℃ / 14℃,东南风 ≤3级 /东北风 ≤3级,阵雨,多云,25,14,东南风,≤3级,东北风,≤3级,day
2015-05-01 13:00:00,花溪大坝,7、未按规定让行的 ,负全部责任,不负责任,1,贵GCB182,白色,1,贵A4318J,白色,520135,-1,2009/1/21 0:00,-1,-1,五菱牌,366347000000000000 ,364556000000000000 ,197905,198601,13,4,5,工作日,非高峰,2015-05-01,2015年5月1日,阵雨 /多云,25℃ / 14℃,东南风 ≤3级 /东北风 ≤3级,阵雨,多云,25,14,东南风,≤3级,东北风,≤3级,day
2015-05-01 14:00:00,金阳,7、未按规定让行的 ,负全部责任,不负责任,1,贵A877B3,白,1,贵A42W31,黑,-1,520129,-1,2010/3/18 0:00,长安牌,雪佛兰牌,366046000000000000 ,654297000000000000 ,198201,198212,14,4,5,工作日,非高峰,2015-05-01,2015年5月1日,阵雨 /多云,25℃ / 14℃,东南风 ≤3级 /东北风 ≤3级,阵雨,多云,25,14,东南风,≤3级,东北风,≤3级,day
2015-05-01 14:10:00,金阳,7、未按规定让行的 ,负全部责任,不负责任,1,贵A699B1,红,1,贵A8354B,白,-1,蓝天驾校,-1,2015/1/20 0:00,江淮牌,比亚迪牌,06546751225455565X,726648000000000000 ,196610,198110,14,4,5,工作日,非高峰,2015-05-01,2015年5月1日,阵雨 /多云,25℃ / 14℃,东南风 ≤3级 /东北风 ≤3级,阵雨,多云,25,14,东南风,≤3级,东北风,≤3级,day
2015-05-01 15:03:00,黔灵山路,1、追尾的,负全部责任,不负责任,1,贵A19F29,黑,1,贵JFJ959,白,-1,-1,-1,-1,雪佛兰牌,-1,3664450000000 ,366846000000000000 ,325210,199309,15,4,5,工作日,非高峰,2015-05-01,2015年5月1日,阵雨 /多云,25℃ / 14℃,东南风 ≤3级 /东北风 ≤3级,阵雨,多云,25,14,东南风,≤3级,东北风,≤3级,day
2015-05-02 16:30:00,二桥,1、追尾的,负全部责任,不负责任,0,鄂K6E335,黄,1,豫P1K981,白,自培,-1,2012/5/3 0:00,-1,-1,-1,64167500000000000 ,56868500000000000 ,198704,198208,16,5,5,工作日,非高峰,2015-05-02,2015年5月2日,多云 /阵雨,26℃ / 16℃,东北风 ≤3级 /东风 ≤3级,多云,阵雨,26,16,东北风,≤3级,东风,≤3级,day
2015-05-01 11:15:00,贵安大道,7、未按规定让行的 ,负全部责任,不负责任,1,贵A31107,白色,1,贵AEV187,白色,安顺市平坝驾校,自培,2009/10/13 0:00,2005/1/17 0:00,中联牌,福特牌,36636251804152408X,366068000000000000 ,197409,197810,11,4,5,工作日,非高峰,2015-05-01,2015年5月1日,阵雨 /多云,25℃ / 14℃,东南风 ≤3级 /东北风 ≤3级,阵雨,多云,25,14,东南风,≤3级,东北风,≤3级,day
2015-05-01 11:40:00,甘荫塘,1、追尾的,负全部责任,不负责任,1,贵A79630,白色,1,贵AU6297,白色,自培,自培,2001/8/30 0:00,2003/8/8 0:00,程力威牌,黄海牌,786167000000000000 ,364556000000000000 ,197912,198206,11,4,5,工作日,非高峰,2015-05-01,2015年5月1日,阵雨 /多云,25℃ / 14℃,东南风 ≤3级 /东北风 ≤3级,阵雨,多云,25,14,东南风,≤3级,东北风,≤3级,day
2015-05-01 11:05:00,转弯塘,1、追尾的,负全部责任,不负责任,1,贵A89H89,白,1,贵A0BG57,白,自培,自培,2007/3/27 0:00,2002/11/30 0:00,金旅牌,大众汽车牌,364547000000000000 ,364548000000000000 ,198801,196307,11,4,5,工作日,非高峰,2015-05-01,2015年5月1日,阵雨 /多云,25℃ / 14℃,东南风 ≤3级 /东北风 ≤3级,阵雨,多云,25,14,东南风,≤3级,东北风,≤3级,day
2015-05-01 16:00:00,花二道,8、依法应负全责的其他情形,负全部责任,不负责任,1,贵A89864,白色,1,贵G81228,白色,-1,-1,-1,-1,望江牌,-1,366367000000000000 ,366346000000000000 ,197506,198808,16,4,5,工作日,非高峰,2015-05-01,2015年5月1日,阵雨 /多云,25℃ / 14℃,东南风 ≤3级 /东北风 ≤3级,阵雨,多云,25,14,东南风,≤3级,东北风,≤3级,day
2015-05-01 16:00:00,高坡乡,3、倒车的,负全部责任,不负责任,1,贵AL4803,白色,1,渝F3M839,白色,-1,吉源驾校,-1,2011/4/23 0:00,一汽佳星牌,-1,364544000000 ,344678000000000000 ,41927,199301,16,4,5,工作日,非高峰,2015-05-01,2015年5月1日,阵雨 /多云,25℃ / 14℃,东南风 ≤3级 /东北风 ≤3级,阵雨,多云,25,14,东南风,≤3级,东北风,≤3级,day
2015-05-01 15:00:00,金阳,1、追尾的,负全部责任,不负责任,1,贵AXO676,黑,1,陕AR9Q69,白,-1,贵州省仁怀市酒都汽车驾驶培训有限公司,-1,-1,-1,-1,366366000000000 ,366670000000000000 ,640725,198404,15,4,5,工作日,非高峰,2015-05-01,2015年5月1日,阵雨 /多云,25℃ / 14℃,东南风 ≤3级 /东北风 ≤3级,阵雨,多云,25,14,东南风,≤3级,东北风,≤3级,day
2015-05-01 16:00:00,湘雅村,7、未按规定让行的 ,负全部责任,不负责任,1,贵AV0212,白色,1,鄂J4X596,白色,自培,-1,1999/9/14 0:00,-1,雅阁牌,-1,364547000000000000 ,774267000000000000 ,197502,196611,16,4,5,工作日,非高峰,2015-05-01,2015年5月1日,阵雨 /多云,25℃ / 14℃,东南风 ≤3级 /东北风 ≤3级,阵雨,多云,25,14,东南风,≤3级,东北风,≤3级,day
2015-05-01 16:00:00,花果园,4、停车时未挂低速档、未拉驻车制动，导致车辆滑行的,负全部责任,不负责任,1,贵A5269X,白色,1,贵BX1227,白色,-1,市交校,-1,2011/12/24 0:00,-1,-1,54346500000000000 ,364548000000000000 ,194803,197905,16,4,5,工作日,非高峰,2015-05-01,2015年5月1日,阵雨 /多云,25℃ / 14℃,东南风 ≤3级 /东北风 ≤3级,阵雨,多云,25,14,东南风,≤3级,东北风,≤3级,day
2015-05-01 17:00:00,都司路,8、依法应负全责的其他情形,负全部责任,不负责任,1,贵JFA448,白色,1,贵ACF691,白色,-1,高新驾校,-1,2015/4/16 0:00,-1,五菱牌,366864000000000000 ,364556000000000000 ,198810,199107,17,4,5,工作日,晚高峰(17-19点),2015-05-01,2015年5月1日,阵雨 /多云,25℃ / 14℃,东南风 ≤3级 /东北风 ≤3级,阵雨,多云,25,14,东南风,≤3级,东北风,≤3级,day
2015-05-01 17:00:00,高坡,8、依法应负全责的其他情形,负全部责任,不负责任,1,贵A42F42,白色,1,渝FX5823,白色,-1,-1,-1,-1,华泰圣达菲牌,-1,76380500000000000 ,355647000000000000 ,199505,197910,17,4,5,工作日,晚高峰(17-19点),2015-05-01,2015年5月1日,阵雨 /多云,25℃ / 14℃,东南风 ≤3级 /东北风 ≤3级,阵雨,多云,25,14,东南风,≤3级,东北风,≤3级,day
2015-05-01 18:00:00,北京西路,7、未按规定让行的 ,负全部责任,不负责任,1,浙D86B58,黑,1,贵ALA471,黑,-1,市警校驾校,-1,2012/2/8 0:00,-1,迪马牌,774266000000000000 ,366563000000000000 ,196911,198612,18,4,5,工作日,晚高峰(17-19点),2015-05-01,2015年5月1日,阵雨 /多云,25℃ / 14℃,东南风 ≤3级 /东北风 ≤3级,阵雨,多云,25,14,东南风,≤3级,东北风,≤3级,day
2015-05-01 18:00:00,沙冲路口,7、未按规定让行的 ,负全部责任,不负责任,1,贵GBB223,白色,1,贵DA0776,白色,-1,-1,-1,-1,-1,-1,366346000000000000 ,36666051305543445X,196404,195411,18,4,5,工作日,晚高峰(17-19点),2015-05-01,2015年5月1日,阵雨 /多云,25℃ / 14℃,东南风 ≤3级 /东北风 ≤3级,阵雨,多云,25,14,东南风,≤3级,东北风,≤3级,day
2015-05-01 20:00:00,花果园,7、未按规定让行的 ,负全部责任,不负责任,1,贵A55P78,黑色,1,贵F60313,白色,-1,-1,-1,-1,捷达牌,-1,366347000000000000 ,364548000000000000 ,197910,197209,20,4,5,工作日,非高峰,2015-05-01,2015年5月1日,阵雨 /多云,25℃ / 14℃,东南风 ≤3级 /东北风 ≤3级,阵雨,多云,25,14,东南风,≤3级,东北风,≤3级,night
2015-05-01 21:35:00,金阳,7、未按规定让行的 ,负全部责任,不负责任,1,贵A92S84,白,1,贵AFA511,黑,（南明区）现代驾驶培训有限公司,自培,2008/11/13 0:00,2002/7/11 0:00,别克牌,比亚迪牌,364557000000000000 ,36455751204647408X,197809,196402,21,4,5,工作日,非高峰,2015-05-01,2015年5月1日,阵雨 /多云,25℃ / 14℃,东南风 ≤3级 /东北风 ≤3级,阵雨,多云,25,14,东南风,≤3级,东北风,≤3级,night
2015-05-01 17:00:00,花溪,3、倒车的,负全部责任,不负责任,1,贵JED216,白色,1,贵A96901,白色,自培,-1,2013/11/7 0:00,-1,-1,福田牌,364548000000000000 ,366363000000000 ,199108,630123,17,4,5,工作日,晚高峰(17-19点),2015-05-01,2015年5月1日,阵雨 /多云,25℃ / 14℃,东南风 ≤3级 /东北风 ≤3级,阵雨,多云,25,14,东南风,≤3级,东北风,≤3级,day
2015-05-01 17:35:00,商贸城,3、倒车的,负全部责任,不负责任,1,贵A81166A,红,1,贵A99050,红,-1,六盘水市宏安驾驶培训学校,-1,-1,-1,力帆牌,355461000000000000 ,366069000000000000 ,197409,198204,17,4,5,工作日,晚高峰(17-19点),2015-05-01,2015年5月1日,阵雨 /多云,25℃ / 14℃,东南风 ≤3级 /东北风 ≤3级,阵雨,多云,25,14,东南风,≤3级,东北风,≤3级,day
2015-05-01 20:00:00,四方河路,7、未按规定让行的 ,负全部责任,不负责任,1,贵AM7206,白色,1,贵FS9336,白色,（经开区）十一驾驶培训有限公司,-1,2005/10/21 0:00,-1,湘江牌,-1,366364000000000000 ,366068000000000000 ,196712,199303,20,4,5,工作日,非高峰,2015-05-01,2015年5月1日,阵雨 /多云,25℃ / 14℃,东南风 ≤3级 /东北风 ≤3级,阵雨,多云,25,14,东南风,≤3级,东北风,≤3级,night
2015-05-01 16:30:00,甲秀南路,1、追尾的,负全部责任,不负责任,1,贵APB197,白色,1,贵A17M64,白色,自培,520116,2003/8/19 0:00,2011/4/27 0:00,别克牌,大众牌,364556000000000000 ,364547000000000000 ,197611,198912,16,4,5,工作日,非高峰,2015-05-01,2015年5月1日,阵雨 /多云,25℃ / 14℃,东南风 ≤3级 /东北风 ≤3级,阵雨,多云,25,14,东南风,≤3级,东北风,≤3级,day
2015-05-01 17:00:00,乌当,1、追尾的,负全部责任,不负责任,1,贵A5748G,黑,1,贵ARJ648,黄,自培,长运驾校,2007/3/21 0:00,2013/7/30 0:00,雅阁牌,福田牌,364566000000000000 ,364557000000000000 ,198710,199503,17,4,5,工作日,晚高峰(17-19点),2015-05-01,2015年5月1日,阵雨 /多云,25℃ / 14℃,东南风 ≤3级 /东北风 ≤3级,阵雨,多云,25,14,东南风,≤3级,东北风,≤3级,day
2015-05-01 16:24:00,花溪,3、倒车的,负全部责任,不负责任,1,贵AL6485,黄,1,贵ATJ921,黑,（经开区）十一驾驶培训有限公司,十一培,2009/4/15 0:00,1999/9/7 0:00,隆鑫牌,东风日产牌,366663000000000000 ,364556000000000000 ,198411,197504,16,4,5,工作日,非高峰,2015-05-01,2015年5月1日,阵雨 /多云,25℃ / 14℃,东南风 ≤3级 /东北风 ≤3级,阵雨,多云,25,14,东南风,≤3级,东北风,≤3级,day
2015-05-01 16:30:00,青阳镇,2、逆行的,负全部责任,不负责任,1,贵A230H7,白色,1,贵A9848,白色,（花溪区）鑫鑫驾驶培训有限公司,十一培,2010/2/24 0:00,1999/8/17 0:00,解放牌,-1,366566000000000000 ,364556000000000000 ,196011,197301,16,4,5,工作日,非高峰,2015-05-01,2015年5月1日,阵雨 /多云,25℃ / 14℃,东南风 ≤3级 /东北风 ≤3级,阵雨,多云,25,14,东南风,≤3级,东北风,≤3级,day
2015-05-01 17:05:00,新添寨,7、未按规定让行的 ,负全部责任,不负责任,0,贵AK5449,红,1,贵A69G83,白,（南明区）贵工大驾驶培训有限公司,十一培,2005/12/30 0:00,1991/6/4 0:00,轰轰烈牌,比亚迪牌,36454751844560402X,364557000000000000 ,197001,196811,17,4,5,工作日,晚高峰(17-19点),2015-05-01,2015年5月1日,阵雨 /多云,25℃ / 14℃,东南风 ≤3级 /东北风 ≤3级,阵雨,多云,25,14,东南风,≤3级,东北风,≤3级,day
2015-05-01 16:20:00,解放路,7、未按规定让行的 ,负全部责任,不负责任,1,贵A8BV71,白色,1,贵AX8043,白色,高新驾校,自培,2014/11/24 0:00,2000/2/23 0:00,翼虎牌,沃尔沃,774268000000000000 ,364547000000000000 ,197703,197204,16,4,5,工作日,非高峰,2015-05-01,2015年5月1日,阵雨 /多云,25℃ / 14℃,东南风 ≤3级 /东北风 ≤3级,阵雨,多云,25,14,东南风,≤3级,东北风,≤3级,day
2015-05-01 20:30:00,乌当,8、依法应负全责的其他情形,负全部责任,不负责任,1,贵A1R262,白,1,贵AU7185,蓝,全林驾校,-1,2014/8/28 0:00,-1,-1,宗申牌,36666951974753607X,36627600000000 ,198303,197706,20,4,5,工作日,非高峰,2015-05-01,2015年5月1日,阵雨 /多云,25℃ / 14℃,东南风 ≤3级 /东北风 ≤3级,阵雨,多云,25,14,东南风,≤3级,东北风,≤3级,night
2015-05-01 21:00:00,珠江路,3、倒车的,负全部责任,不负责任,1,贵AT5625,白色,1,贵AUA057,白色,-1,时发驾校,-1,2011/3/7 0:00,吉利牌,丰田牌,36454700000000000 ,364556000000000000 ,195810,198709,21,4,5,工作日,非高峰,2015-05-01,2015年5月1日,阵雨 /多云,25℃ / 14℃,东南风 ≤3级 /东北风 ≤3级,阵雨,多云,25,14,东南风,≤3级,东北风,≤3级,night
2015-05-02 00:00:00,花溪,7、未按规定让行的 ,负全部责任,不负责任,1,贵ACY731,白色,1,贵A4AH42,白色,-1,蓝天驾校,-1,2012/5/23 0:00,雅阁牌,东风日产牌,34543500000000000 ,364547000000000000 ,196610,199302,0,5,5,工作日,非高峰,2015-05-02,2015年5月2日,多云 /阵雨,26℃ / 16℃,东北风 ≤3级 /东风 ≤3级,多云,阵雨,26,16,东北风,≤3级,东风,≤3级,night
2015-05-02 07:20:00,林城东路,1、追尾的,负全部责任,不负责任,1,云DF3885,白,1,云D995XL,黑,-1,-1,-1,-1,-1,-1,37666400000000000 ,376664000000000000 ,195812,196403,7,5,5,工作日,早高峰(7-9点),2015-05-02,2015年5月2日,多云 /阵雨,26℃ / 16℃,东北风 ≤3级 /东风 ≤3级,多云,阵雨,26,16,东北风,≤3级,东风,≤3级,day
2015-05-02 08:00:00,恒大绿洲,8、依法应负全责的其他情形,负全部责任,不负责任,1,贵E51923,白,1,贵CEV884,黑,-1,文通驾校,-1,2012/7/28 0:00,-1,-1,366766000000000000 ,366570000000000000 ,195711,198406,8,5,5,工作日,早高峰(7-9点),2015-05-02,2015年5月2日,多云 /阵雨,26℃ / 16℃,东北风 ≤3级 /东风 ≤3级,多云,阵雨,26,16,东北风,≤3级,东风,≤3级,day
2015-05-02 10:00:00,小河转盘,1、追尾的,负全部责任,不负责任,1,贵AEX551,白色,1,贵GQ2618,白色,市交校,520123,2012/5/31 0:00,2009/12/11 0:00,奥迪牌,-1,366570000000000000 ,364596000000000000 ,198708,199103,10,5,5,工作日,非高峰,2015-05-02,2015年5月2日,多云 /阵雨,26℃ / 16℃,东北风 ≤3级 /东风 ≤3级,多云,阵雨,26,16,东北风,≤3级,东风,≤3级,day
2015-05-02 07:02:00,白云区,7、未按规定让行的 ,负全部责任,不负责任,1,川Q415A2,白,1,贵AC757M,白,消防驾校,-1,2012/1/12 0:00,-1,-1,-1,355368000000000000 ,56762500000000000 ,198204,198407,7,5,5,工作日,早高峰(7-9点),2015-05-02,2015年5月2日,多云 /阵雨,26℃ / 16℃,东北风 ≤3级 /东风 ≤3级,多云,阵雨,26,16,东北风,≤3级,东风,≤3级,day
2015-05-02 08:10:00,三桥,7、未按规定让行的 ,负全部责任,不负责任,1,贵EK5647,白,0,贵APBP72,白,新天驾校,金大驾校,-1,2015/2/6 0:00,-1,-1,36676251965442547X,364548000000000000 ,198210,198107,8,5,5,工作日,早高峰(7-9点),2015-05-02,2015年5月2日,多云 /阵雨,26℃ / 16℃,东北风 ≤3级 /东风 ≤3级,多云,阵雨,26,16,东北风,≤3级,东风,≤3级,day
2015-05-02 08:00:00,三桥,1、追尾的,负全部责任,不负责任,1,贵AU8288,白,1,贵AFQ127,黑,（南明区）现代驾驶培训有限公司,顺一驾驶培训学校,2006/4/29 0:00,2002/4/29 0:00,宝来牌,雪佛兰牌,366064000000000000 ,36455751225445525X,198711,196610,8,5,5,工作日,早高峰(7-9点),2015-05-02,2015年5月2日,多云 /阵雨,26℃ / 16℃,东北风 ≤3级 /东风 ≤3级,多云,阵雨,26,16,东北风,≤3级,东风,≤3级,day
2015-05-02 01:00:00,东客站,3、倒车的,负全部责任,不负责任,1,贵A937A6,白色,1,贵A42P25,白色,阳光驾校,贵阳学院汽车驾驶培训,2015/1/23 0:00,2013/8/28 0:00,解放牌,英菲尼迪,36687551915467293X,364547000000000000 ,198910,198705,1,5,5,工作日,非高峰,2015-05-02,2015年5月2日,多云 /阵雨,26℃ / 16℃,东北风 ≤3级 /东风 ≤3级,多云,阵雨,26,16,东北风,≤3级,东风,≤3级,night
2015-05-02 07:00:00,红岩路,8、依法应负全责的其他情形,负全部责任,不负责任,1,贵A02666,白色,1,贵AV5721,白色,（南明区）长运驾驶培训有限公司,-1,2008/1/2 0:00,-1,大众汽车牌,五菱牌,366577000000000000 ,355468000000000000 ,197101,196070,7,5,5,工作日,早高峰(7-9点),2015-05-02,2015年5月2日,多云 /阵雨,26℃ / 16℃,东北风 ≤3级 /东风 ≤3级,多云,阵雨,26,16,东北风,≤3级,东风,≤3级,day
2015-05-01 18:00:00,金清大道,1、追尾的,负全部责任,不负责任,1,贵A89196,红,1,贵GL1239,白,自培,人武驾校,2002/3/25 0:00,2004/5/25 0:00,长安,-1,366361000000000000 ,36455651865454638X,198106,197210,18,4,5,工作日,晚高峰(17-19点),2015-05-01,2015年5月1日,阵雨 /多云,25℃ / 14℃,东南风 ≤3级 /东北风 ≤3级,阵雨,多云,25,14,东南风,≤3级,东北风,≤3级,day
2015-05-01 22:40:00,花果园,7、未按规定让行的 ,负全部责任,不负责任,1,贵A400C2,黄,1,贵A2CA82,白,自培,铁二局驾校,2004/2/28 0:00,2011/9/2 0:00,东风牌,捷达牌,366069000000000000 ,364547000000000000 ,197812,198711,22,4,5,工作日,非高峰,2015-05-01,2015年5月1日,阵雨 /多云,25℃ / 14℃,东南风 ≤3级 /东北风 ≤3级,阵雨,多云,25,14,东南风,≤3级,东北风,≤3级,night
2015-05-01 23:10:00,北京西路,1、追尾的,负全部责任,不负责任,1,贵A11W79,白色,1,贵AU8656,白色,自培,自培,2004/10/26 0:00,2003/7/11 0:00,福克斯牌,瑞麒牌,366868000000000000 ,366577000000000000 ,196509,197403,23,4,5,工作日,非高峰,2015-05-01,2015年5月1日,阵雨 /多云,25℃ / 14℃,东南风 ≤3级 /东北风 ≤3级,阵雨,多云,25,14,东南风,≤3级,东北风,≤3级,night
2015-05-02 05:30:00,浣纱桥,7、未按规定让行的 ,负全部责任,不负责任,1,贵LFX728,蓝,1,贵A97E61,白,-1,十一培,-1,1989/5/7 0:00,-1,宝马,366577000000000000 ,364558000000000000 ,197510,196812,5,5,5,工作日,非高峰,2015-05-02,2015年5月2日,多云 /阵雨,26℃ / 16℃,东北风 ≤3级 /东风 ≤3级,多云,阵雨,26,16,东北风,≤3级,东风,≤3级,night
2015-05-02 09:00:00,上麦收费站,1、追尾的,负全部责任,不负责任,1,贵A19M64,黑,1,贵JDN113,白,-1,十一培,-1,1993/7/6 0:00,江铃牌,-1,36455700000000000 ,364548000000000000 ,197520,197301,9,5,5,工作日,早高峰(7-9点),2015-05-02,2015年5月2日,多云 /阵雨,26℃ / 16℃,东北风 ≤3级 /东风 ≤3级,多云,阵雨,26,16,东北风,≤3级,东风,≤3级,day
2015-05-01 17:40:00,中华南路,7、未按规定让行的 ,负全部责任,不负责任,1,贵A44M31,黑,1,贵A46917,白,自培,十一培,2003/3/13 0:00,1990/7/16 0:00,翼虎牌,时风牌,364556000000000000 ,364547000000000000 ,196905,197104,17,4,5,工作日,晚高峰(17-19点),2015-05-01,2015年5月1日,阵雨 /多云,25℃ / 14℃,东南风 ≤3级 /东北风 ≤3级,阵雨,多云,25,14,东南风,≤3级,东北风,≤3级,day
2015-05-01 21:30:00,北京西路,8、依法应负全责的其他情形,负全部责任,不负责任,0,贵EL3153,白,1,贵AU6203,黄,自培,十一培,2004/8/31 0:00,1990/1/18 0:00,-1,黄海牌,366769000000000000 ,364557000000000000 ,198206,197107,21,4,5,工作日,非高峰,2015-05-01,2015年5月1日,阵雨 /多云,25℃ / 14℃,东南风 ≤3级 /东北风 ≤3级,阵雨,多云,25,14,东南风,≤3级,东北风,≤3级,night
2015-05-01 17:50:00,太慈桥,8、依法应负全责的其他情形,负全部责任,不负责任,1,贵A99G23,白,1,贵AAW567,红,贵州现代驾驶培训责任有限公司,自培,2014/3/4 0:00,2002/8/12 0:00,福田牌,大众汽车牌,366066000000000000 ,364547000000000000 ,197208,197301,17,4,5,工作日,晚高峰(17-19点),2015-05-01,2015年5月1日,阵雨 /多云,25℃ / 14℃,东南风 ≤3级 /东北风 ≤3级,阵雨,多云,25,14,东南风,≤3级,东北风,≤3级,day