accidenttime,accidentaddr,driver1fault,driver1responsibility,driver2responsibility,sex1,platenumber1,carcolor1,sex2,platenumber2,carcolor2,jxmc1,jxmc2,cclzrq1,cclzrq2,clpp1,clpp2,driver1license,driver2license,brith1,brith2,hour,weekday,month,is_weekday,peak_hour,date,日期,天气状况,气温,风力风向,day_wea,night_wea,day_tep,night_tep,day_wind_direction,day_wind_speed,night_wind_direction,night_wind_speed,segment
2015-05-01 20:30:00,小河平桥,7、未按规定让行的 ,负全部责任,不负责任,1,贵A36F67,白色,1,贵A99908,白色,全林驾校,自培,2014/12/16 0:00,2004/2/10 0:00,丰田牌,乘龙牌,366264000000000000 ,366368000000000000 ,198012,196803,20,4,5,工作日,非高峰,2015-05-01,2015年5月1日,阵雨 /多云,25℃ / 14℃,东南风 ≤3级 /东北风 ≤3级,阵雨,多云,25,14,东南风,≤3级,东北风,≤3级,night
2015-05-02 09:30:00,粑粑坳,8、依法应负全责的其他情形,负全部责任,不负责任,1,贵HAV753,白,1,贵A36J32,红,-1,贵阳万里圣驾校,-1,2013/3/6 0:00,-1,吉利牌,366277000000000000 ,364548000000000000 ,197603,196008,9,5,5,工作日,早高峰(7-9点),2015-05-02,2015年5月2日,多云 /阵雨,26℃ / 16℃,东北风 ≤3级 /东风 ≤3级,多云,阵雨,26,16,东北风,≤3级,东风,≤3级,day
2015-05-01 22:30:00,花果园,7、未按规定让行的 ,负全部责任,不负责任,1,贵JDL439,白色,1,贵GT2454,白色,自培,-1,2003/11/12 0:00,-1,-1,-1,364547000000000000 ,355266000000000000 ,197010,199201,22,4,5,工作日,非高峰,2015-05-01,2015年5月1日,阵雨 /多云,25℃ / 14℃,东南风 ≤3级 /东北风 ≤3级,阵雨,多云,25,14,东南风,≤3级,东北风,≤3级,night
2015-05-02 10:00:00,贵安大道,8、依法应负全责的其他情形,负全部责任,不负责任,1,贵CKT413,白色,1,贵A49F25,白色,-1,铁二局驾校,-1,2012/12/24 0:00,-1,沃尔沃,366568000000000000 ,366562000000000000 ,196605,199208,10,5,5,工作日,非高峰,2015-05-02,2015年5月2日,多云 /阵雨,26℃ / 16℃,东北风 ≤3级 /东风 ≤3级,多云,阵雨,26,16,东北风,≤3级,东风,≤3级,day
2015-05-02 11:10:00,金阳,1、追尾的,负全部责任,不负责任,1,贵J63858,白,1,贵A54V29,黑,520127,贵州现代驾驶培训责任有限公司,2003/9/18 0:00,2009/10/15 0:00,-1,东风牌,366367000000000000 ,35466151274948301X,198211,196308,11,5,5,工作日,非高峰,2015-05-02,2015年5月2日,多云 /阵雨,26℃ / 16℃,东北风 ≤3级 /东风 ≤3级,多云,阵雨,26,16,东北风,≤3级,东风,≤3级,day
2015-05-02 11:00:00,花溪,7、未按规定让行的 ,负全部责任,不负责任,1,贵JM0296,白色,1,贵A964A2,白色,-1,黔南州兴鑫驾驶员培训学校,-1,-1,-1,东风牌,36687600000000000 ,366876000000000000 ,197504,197504,11,5,5,工作日,非高峰,2015-05-02,2015年5月2日,多云 /阵雨,26℃ / 16℃,东北风 ≤3级 /东风 ≤3级,多云,阵雨,26,16,东北风,≤3级,东风,≤3级,day
2015-05-02 11:30:00,瑞金南路,8、依法应负全责的其他情形,负全部责任,不负责任,1,粤B0AG61,白,1,贵AX8921,蓝,520127,-1,2012/3/26 0:00,-1,-1,轻骑牌,364548000000000000 ,36606500000000000 ,198707,957111,11,5,5,工作日,非高峰,2015-05-02,2015年5月2日,多云 /阵雨,26℃ / 16℃,东北风 ≤3级 /东风 ≤3级,多云,阵雨,26,16,东北风,≤3级,东风,≤3级,day
2015-05-02 11:31:00,花果园,7、未按规定让行的 ,负全部责任,不负责任,1,贵A73N87,白,1,贵AA1192,黑,自培,自培,2012/1/5 0:00,2014/11/28 0:00,-1,丰田牌,364596000000000000 ,364548000000000000 ,199005,196804,11,5,5,工作日,非高峰,2015-05-02,2015年5月2日,多云 /阵雨,26℃ / 16℃,东北风 ≤3级 /东风 ≤3级,多云,阵雨,26,16,东北风,≤3级,东风,≤3级,day
2015-05-02 10:40:00,金阳,8、依法应负全责的其他情形,负全部责任,不负责任,1,贵AK6698,黑,1,贵A67L71,白,-1,省交校,-1,2010/11/12 0:00,力帆牌,吉利美日牌,366061000000000000 ,554550000000000000 ,196601,197611,10,5,5,工作日,非高峰,2015-05-02,2015年5月2日,多云 /阵雨,26℃ / 16℃,东北风 ≤3级 /东风 ≤3级,多云,阵雨,26,16,东北风,≤3级,东风,≤3级,day
2015-05-02 10:00:00,白云区,3、倒车的,负全部责任,不负责任,1,贵A148E3,黄,0,贵ANG892,白,自培,文通驾校,-1,2011/9/14 0:00,飞碟牌,丰田牌,36636051855449567X,366064000000000000 ,197110,197011,10,5,5,工作日,非高峰,2015-05-02,2015年5月2日,多云 /阵雨,26℃ / 16℃,东北风 ≤3级 /东风 ≤3级,多云,阵雨,26,16,东北风,≤3级,东风,≤3级,day
2015-05-02 10:00:00,金阳,8、依法应负全责的其他情形,负全部责任,不负责任,1,贵AU5412,蓝,0,小型,红,-1,毕节市奇康驾驶培训学校,-1,2014/10/17 0:00,豪门牌,-1,364566000000000000 ,366375000000000000 ,197801,198501,10,5,5,工作日,非高峰,2015-05-02,2015年5月2日,多云 /阵雨,26℃ / 16℃,东北风 ≤3级 /东风 ≤3级,多云,阵雨,26,16,东北风,≤3级,东风,≤3级,day
2015-05-02 14:00:00,花溪大道中段,1、追尾的,负全部责任,不负责任,1,贵FF6314,白色,1,贵AA4256,白色,-1,520134,-1,2002/11/9 0:00,-1,程力威牌,366068000000000000 ,364557000000000000 ,197403,196610,14,5,5,工作日,非高峰,2015-05-02,2015年5月2日,多云 /阵雨,26℃ / 16℃,东北风 ≤3级 /东风 ≤3级,多云,阵雨,26,16,东北风,≤3级,东风,≤3级,day
2015-05-02 12:46:00,金阳,7、未按规定让行的 ,负全部责任,不负责任,1,贵GGL213,黄,1,贵AP3236,红,省交校,预约考试窗口,2014/11/20 0:00,2006/11/21 0:00,-1,黄川牌,366577000000000000 ,364556000000000000 ,198709,196809,12,5,5,工作日,非高峰,2015-05-02,2015年5月2日,多云 /阵雨,26℃ / 16℃,东北风 ≤3级 /东风 ≤3级,多云,阵雨,26,16,东北风,≤3级,东风,≤3级,day
2015-05-02 12:50:00,花溪大道,7、未按规定让行的 ,负全部责任,不负责任,1,贵HS6246,白色,1,贵AU0842,白色,-1,公交公司驾校,-1,2007/8/28 0:00,-1,奇瑞牌,36626651894143337X,364551000000000000 ,197809,198602,12,5,5,工作日,非高峰,2015-05-02,2015年5月2日,多云 /阵雨,26℃ / 16℃,东北风 ≤3级 /东风 ≤3级,多云,阵雨,26,16,东北风,≤3级,东风,≤3级,day
2015-05-02 12:00:00,油榨街,9、不符合前8款规定或者双方同时具有上述情形的,负同等责任,负同等责任,1,贵JDC748,白色,1,贵AME284,白色,自培,黔丰驾校,2005/1/24 0:00,2014/2/21 0:00,-1,东风标致牌,366862000000000000 ,364548000000000000 ,197806,199210,12,5,5,工作日,非高峰,2015-05-02,2015年5月2日,多云 /阵雨,26℃ / 16℃,东北风 ≤3级 /东风 ≤3级,多云,阵雨,26,16,东北风,≤3级,东风,≤3级,day
2015-05-02 11:40:00,花溪洛平,7、未按规定让行的 ,负全部责任,不负责任,1,贵AE8808,白色,1,贵GZ3188,白色,自培,吉源驾校（南明区）,2011/3/22 0:00,2015/3/20 0:00,三铃牌,-1,355467000000000000 ,364556000000000000 ,196410,199612,11,5,5,工作日,非高峰,2015-05-02,2015年5月2日,多云 /阵雨,26℃ / 16℃,东北风 ≤3级 /东风 ≤3级,多云,阵雨,26,16,东北风,≤3级,东风,≤3级,day
2015-05-02 14:45:00,车水路,1、追尾的,负全部责任,不负责任,1,贵ALC732,白,1,贵A3750Z,白,自培,520127,2002/8/21 0:00,2010/7/26 0:00,奇瑞,高尔,36666951924359645X,364558000000000000 ,198605,197112,14,5,5,工作日,非高峰,2015-05-02,2015年5月2日,多云 /阵雨,26℃ / 16℃,东北风 ≤3级 /东风 ≤3级,多云,阵雨,26,16,东北风,≤3级,东风,≤3级,day
2015-05-02 10:30:00,万江小区,3、倒车的,负全部责任,不负责任,1,贵A34L16,黑,1,贵AAA737,白,消防驾校,十一培,2013/5/28 0:00,1990/8/28 0:00,奥迪牌,嘉陵牌,364558000000000000 ,366246000000000000 ,199106,195802,10,5,5,工作日,非高峰,2015-05-02,2015年5月2日,多云 /阵雨,26℃ / 16℃,东北风 ≤3级 /东风 ≤3级,多云,阵雨,26,16,东北风,≤3级,东风,≤3级,day
2015-05-02 10:00:00,瑞金南路,1、追尾的,负全部责任,不负责任,1,贵A9BF81,白色,1,贵AU5188,白色,鑫鑫驾校,十一培,2014/10/11 0:00,1999/5/27 0:00,大众汽车牌,力帆牌,366546000000000000 ,364548000000000000 ,198104,198108,10,5,5,工作日,非高峰,2015-05-02,2015年5月2日,多云 /阵雨,26℃ / 16℃,东北风 ≤3级 /东风 ≤3级,多云,阵雨,26,16,东北风,≤3级,东风,≤3级,day
2015-05-02 10:40:00,小河乌江路,9、不符合前8款规定或者双方同时具有上述情形的,负同等责任,负同等责任,1,贵AC2994,白色,1,贵A1CB93,白色,-1,十一培,-1,1997/5/28 0:00,猎豹,五菱牌,3666520000000000 ,366064000000000000 ,870620,197508,10,5,5,工作日,非高峰,2015-05-02,2015年5月2日,多云 /阵雨,26℃ / 16℃,东北风 ≤3级 /东风 ≤3级,多云,阵雨,26,16,东北风,≤3级,东风,≤3级,day
2015-05-02 10:00:00,观水路,7、未按规定让行的 ,负全部责任,不负责任,1,贵AAV411,黑,1,贵AU6281,蓝,自培,十一培,2004/11/28 0:00,1999/5/18 0:00,宗隆牌,豪爵牌,366766000000000000 ,364556000000000000 ,196310,197004,10,5,5,工作日,非高峰,2015-05-02,2015年5月2日,多云 /阵雨,26℃ / 16℃,东北风 ≤3级 /东风 ≤3级,多云,阵雨,26,16,东北风,≤3级,东风,≤3级,day
2015-05-02 11:00:00,南湖南路,3、倒车的,负全部责任,不负责任,1,贵AB664Z,黑,1,贵AHY137,白,景宏驾校,自培,2014/9/24 0:00,2004/6/21 0:00,东风雪铁龙牌,东风标致牌,366670000000000000 ,364548000000000000 ,198406,198112,11,5,5,工作日,非高峰,2015-05-02,2015年5月2日,多云 /阵雨,26℃ / 16℃,东北风 ≤3级 /东风 ≤3级,多云,阵雨,26,16,东北风,≤3级,东风,≤3级,day
2015-05-02 10:15:00,小河转盘,1、追尾的,负全部责任,不负责任,1,贵AEX551,白色,1,贵AEP147,白色,市交校,自培,2012/5/31 0:00,2003/3/3 0:00,奥迪牌,东风标致牌,366570000000000000 ,364547000000000000 ,198708,198009,10,5,5,工作日,非高峰,2015-05-02,2015年5月2日,多云 /阵雨,26℃ / 16℃,东北风 ≤3级 /东风 ≤3级,多云,阵雨,26,16,东北风,≤3级,东风,≤3级,day
2015-05-02 08:00:00,花溪大道,7、未按规定让行的 ,负全部责任,不负责任,1,贵CG5417,白色,1,贵AU6148,白色,自培,自培,2000/4/13 0:00,2009/5/21 0:00,-1,宇通牌,366569000000000000 ,366068000000000000 ,196110,198102,8,5,5,工作日,早高峰(7-9点),2015-05-02,2015年5月2日,多云 /阵雨,26℃ / 16℃,东北风 ≤3级 /东风 ≤3级,多云,阵雨,26,16,东北风,≤3级,东风,≤3级,day
2015-05-02 15:23:00,五里冲,8、依法应负全责的其他情形,负全部责任,不负责任,1,贵A66S85,白色,1,贵A37N34,白色,天行健驾校,-1,2013/10/14 0:00,-1,五菱牌,锋范牌,364556000000000000 ,364596000000000000 ,199007,199481,15,5,5,工作日,非高峰,2015-05-02,2015年5月2日,多云 /阵雨,26℃ / 16℃,东北风 ≤3级 /东风 ≤3级,多云,阵雨,26,16,东北风,≤3级,东风,≤3级,day
2015-05-03 00:00:00,二戈寨,7、未按规定让行的 ,负全部责任,不负责任,1,贵AKE634,白色,1,贵A3009S,白色,贵州晨运驾驶培训学校,吉源驾校,2010/4/7 0:00,2006/11/2 0:00,金杯牌,东风日产牌,364547000000000000 ,364556000000000000 ,197507,198808,0,6,5,周末,非高峰,2015-05-03,2015年5月3日,阵雨 /阵雨,25℃ / 15℃,东北风 ≤3级 /东北风 ≤3级,阵雨,阵雨,25,15,东北风,≤3级,东北风,≤3级,night
2015-05-02 18:00:00,汪成路,9、不符合前8款规定或者双方同时具有上述情形的,负同等责任,负同等责任,1,贵A0BZ24,白色,1,贵AU6796,白色,（经开区）顺一驾驶培训有限公司,蓝天驾校,2008/9/24 0:00,2012/9/7 0:00,丰田牌,蜀都牌,364547000000000000 ,366061000000000000 ,198608,197910,18,5,5,工作日,晚高峰(17-19点),2015-05-02,2015年5月2日,多云 /阵雨,26℃ / 16℃,东北风 ≤3级 /东风 ≤3级,多云,阵雨,26,16,东北风,≤3级,东风,≤3级,day
2015-05-02 18:00:00,黄河南路,8、依法应负全责的其他情形,负全部责任,不负责任,1,贵A797H2,白色,1,贵A3852V,白色,毕节地区新毕汽车驾驶培训学校,吉源驾校,-1,2013/3/8 0:00,东风牌,长安牌,366046000000000000 ,76168500000000000 ,197801,197402,18,5,5,工作日,晚高峰(17-19点),2015-05-02,2015年5月2日,多云 /阵雨,26℃ / 16℃,东北风 ≤3级 /东风 ≤3级,多云,阵雨,26,16,东北风,≤3级,东风,≤3级,day
2015-05-02 19:30:00,中华南路,1、追尾的,负全部责任,不负责任,1,贵AU0307,蓝,1,贵AUA036,白,顺一驾驶培训学校,时发驾校,2010/11/1 0:00,2012/3/6 0:00,万达牌,丰田牌,364567000000000000 ,364548000000000000 ,198910,197609,19,5,5,工作日,晚高峰(17-19点),2015-05-02,2015年5月2日,多云 /阵雨,26℃ / 16℃,东北风 ≤3级 /东风 ≤3级,多云,阵雨,26,16,东北风,≤3级,东风,≤3级,day
2015-05-02 18:20:00,小河,7、未按规定让行的 ,负全部责任,不负责任,1,贵A6753H,白色,1,桂RCC644,白色,贵大驾校,-1,2002/11/13 0:00,-1,长安牌,-1,364556000000000000 ,5966520000000000 ,196505,197508,18,5,5,工作日,晚高峰(17-19点),2015-05-02,2015年5月2日,多云 /阵雨,26℃ / 16℃,东北风 ≤3级 /东风 ≤3级,多云,阵雨,26,16,东北风,≤3级,东风,≤3级,day
2015-05-02 12:52:00,金阳,3、倒车的,负全部责任,不负责任,1,贵AL3789,白,1,贵A93H91,红,自培,-1,2003/3/7 0:00,-1,新大洲牌,奥迪,64542500000000000 ,366364000000000 ,197008,741216,12,5,5,工作日,非高峰,2015-05-02,2015年5月2日,多云 /阵雨,26℃ / 16℃,东北风 ≤3级 /东风 ≤3级,多云,阵雨,26,16,东北风,≤3级,东风,≤3级,day
2015-05-02 15:40:00,武警水电三支队,7、未按规定让行的 ,负全部责任,不负责任,1,贵GQ2258,白,1,贵A27950,黄,自培,-1,2011/9/21 0:00,-1,-1,钱江牌,574162000000000000 ,36626351865660448X,199111,197212,15,5,5,工作日,非高峰,2015-05-02,2015年5月2日,多云 /阵雨,26℃ / 16℃,东北风 ≤3级 /东风 ≤3级,多云,阵雨,26,16,东北风,≤3级,东风,≤3级,day
2015-05-02 18:50:00,新添寨,7、未按规定让行的 ,负全部责任,不负责任,1,贵A44A82,白,1,贵AEN484,红,贵大佳德驾驶培训学校,十一培,2012/8/9 0:00,1996/7/8 0:00,长安牌,-1,364557000000000000 ,364557000000000000 ,197712,197508,18,5,5,工作日,晚高峰(17-19点),2015-05-02,2015年5月2日,多云 /阵雨,26℃ / 16℃,东北风 ≤3级 /东风 ≤3级,多云,阵雨,26,16,东北风,≤3级,东风,≤3级,day
2015-05-02 14:00:00,金波路,8、依法应负全责的其他情形,负全部责任,不负责任,1,苏CY166T,白,1,贵A38H83,红,自培,十一培,2009/6/9 0:00,1997/9/3 0:00,-1,雪佛兰牌,674662000000000000 ,364547000000000000 ,198406,197210,14,5,5,工作日,非高峰,2015-05-02,2015年5月2日,多云 /阵雨,26℃ / 16℃,东北风 ≤3级 /东风 ≤3级,多云,阵雨,26,16,东北风,≤3级,东风,≤3级,day
2015-05-02 12:40:00,蟠桃宫,7、未按规定让行的 ,负全部责任,不负责任,0,贵A64M94,红,1,贵AM345,红,自培,十一培,2003/1/25 0:00,1985/9/22 0:00,奥迪牌,-1,364548000000000000 ,366361000000000000 ,196304,194705,12,5,5,工作日,非高峰,2015-05-02,2015年5月2日,多云 /阵雨,26℃ / 16℃,东北风 ≤3级 /东风 ≤3级,多云,阵雨,26,16,东北风,≤3级,东风,≤3级,day
2015-05-02 12:30:00,市北路,1、追尾的,负全部责任,不负责任,0,贵AEN274,红,1,贵A21M18,白,消防驾校,自培,2010/3/3 0:00,2000/8/31 0:00,长安牌,大众汽车牌,366046000000000000 ,64542500000000000 ,198010,197404,12,5,5,工作日,非高峰,2015-05-02,2015年5月2日,多云 /阵雨,26℃ / 16℃,东北风 ≤3级 /东风 ≤3级,多云,阵雨,26,16,东北风,≤3级,东风,≤3级,day
2015-05-02 17:00:00,中华南路,9、不符合前8款规定或者双方同时具有上述情形的,负全部责任,不负责任,1,贵A38K16,白,1,贵JAR338,白,全林驾校,自培,2014/11/25 0:00,2003/6/12 0:00,大众牌,-1,364548000000000000 ,364548000000000000 ,197201,198212,17,5,5,工作日,晚高峰(17-19点),2015-05-02,2015年5月2日,多云 /阵雨,26℃ / 16℃,东北风 ≤3级 /东风 ≤3级,多云,阵雨,26,16,东北风,≤3级,东风,≤3级,day
2015-05-02 17:00:00,白云区,1、追尾的,负全部责任,不负责任,1,贵A8H791,黑,1,贵ASL186,红,十一驾驶培训有限公司,自培,2011/5/18 0:00,2006/6/13 0:00,-1,北京牌,364558000000000000 ,366246000000000000 ,198407,198111,17,5,5,工作日,晚高峰(17-19点),2015-05-02,2015年5月2日,多云 /阵雨,26℃ / 16℃,东北风 ≤3级 /东风 ≤3级,多云,阵雨,26,16,东北风,≤3级,东风,≤3级,day
2015-05-02 12:40:00,金阳,1、追尾的,负全部责任,不负责任,1,川A579YY,蓝,0,贵AW2487,红,自培,自培,2012/2/28 0:00,2002/5/29 0:00,-1,北京现代牌,655566000000000000 ,366567000000000000 ,198711,198305,12,5,5,工作日,非高峰,2015-05-02,2015年5月2日,多云 /阵雨,26℃ / 16℃,东北风 ≤3级 /东风 ≤3级,多云,阵雨,26,16,东北风,≤3级,东风,≤3级,day
2015-05-02 15:30:00,金阳,7、未按规定让行的 ,负全部责任,不负责任,1,贵A5VL877,白,1,贵GT9978,黑,自培,自培,2006/1/25 0:00,2010/9/22 0:00,-1,-1,354166000000000000 ,74346500000000000 ,197008,199103,15,5,5,工作日,非高峰,2015-05-02,2015年5月2日,多云 /阵雨,26℃ / 16℃,东北风 ≤3级 /东风 ≤3级,多云,阵雨,26,16,东北风,≤3级,东风,≤3级,day
2015-05-02 17:30:00,火车站,3、倒车的,负全部责任,不负责任,1,贵AMT922,白色,1,贵A0459C,白色,520127,铁二局驾校,2007/11/9 0:00,2012/10/22 0:00,马自达牌,-1,366566000000000000 ,364547000000000000 ,198706,198612,17,5,5,工作日,晚高峰(17-19点),2015-05-02,2015年5月2日,多云 /阵雨,26℃ / 16℃,东北风 ≤3级 /东风 ≤3级,多云,阵雨,26,16,东北风,≤3级,东风,≤3级,day
2015-05-02 20:30:00,西南环线,7、未按规定让行的 ,负全部责任,不负责任,1,渝BR2928,白色,1,贵F60554,白色,-1,（花溪区）高新十七驾驶培训有限公司,-1,2013/11/5 0:00,-1,-1,354658000000000000 ,366068000000000000 ,197907,199405,20,5,5,工作日,非高峰,2015-05-02,2015年5月2日,多云 /阵雨,26℃ / 16℃,东北风 ≤3级 /东风 ≤3级,多云,阵雨,26,16,东北风,≤3级,东风,≤3级,night
2015-05-03 09:58:00,新添寨,7、未按规定让行的 ,负全部责任,不负责任,1,贵A9732B,红,1,贵A6422R,蓝,-1,新天驾校,-1,2006/10/31 0:00,荣威牌,理念牌,364556000000000000 ,364557000000000000 ,198902,198310,9,6,5,周末,早高峰(7-9点),2015-05-03,2015年5月3日,阵雨 /阵雨,25℃ / 15℃,东北风 ≤3级 /东北风 ≤3级,阵雨,阵雨,25,15,东北风,≤3级,东北风,≤3级,day
2015-05-03 06:00:00,油榨街,4、停车时未挂低速档、未拉驻车制动，导致车辆滑行的,负全部责任,不负责任,1,贵AR2647,白,0,贵A74N11,蓝,-1,全林驾校,-1,2014/8/4 0:00,江铃全顺牌,奥迪牌,734361000000000000 ,364548000000000000 ,196412,198608,6,6,5,周末,非高峰,2015-05-03,2015年5月3日,阵雨 /阵雨,25℃ / 15℃,东北风 ≤3级 /东北风 ≤3级,阵雨,阵雨,25,15,东北风,≤3级,东北风,≤3级,day
2015-05-03 09:10:00,金阳,9、不符合前8款规定或者双方同时具有上述情形的,负全部责任,不负责任,1,贵GP6753,黑,1,贵A19W57,红,-1,阳光驾校,-1,-1,-1,众泰牌,706661000000000000 ,366669000000000000 ,198809,197504,9,6,5,周末,早高峰(7-9点),2015-05-03,2015年5月3日,阵雨 /阵雨,25℃ / 15℃,东北风 ≤3级 /东北风 ≤3级,阵雨,阵雨,25,15,东北风,≤3级,东北风,≤3级,day
2015-05-03 09:40:00,中坝路,1、追尾的,负全部责任,不负责任,1,贵A95B69,白色,1,贵JAN633,白色,自培,路顺驾校（息烽县）,2007/4/6 0:00,2012/12/4 0:00,雪佛兰牌,-1,364547000000000000 ,364547000000000000 ,198410,198809,9,6,5,周末,早高峰(7-9点),2015-05-03,2015年5月3日,阵雨 /阵雨,25℃ / 15℃,东北风 ≤3级 /东北风 ≤3级,阵雨,阵雨,25,15,东北风,≤3级,东北风,≤3级,day
2015-05-03 08:30:00,头桥,7、未按规定让行的 ,负全部责任,不负责任,1,苏BL615P,白色,1,贵AU5521,白色,-1,（乌当区）新天驾驶培训有限公司,-1,2007/5/21 0:00,-1,捷达牌,764641000000000000 ,364568000000000000 ,196811,198804,8,6,5,周末,早高峰(7-9点),2015-05-03,2015年5月3日,阵雨 /阵雨,25℃ / 15℃,东北风 ≤3级 /东北风 ≤3级,阵雨,阵雨,25,15,东北风,≤3级,东北风,≤3级,day
2015-05-03 01:00:00,百花山,8、依法应负全责的其他情形,负全部责任,不负责任,1,贵A701C6,蓝,1,贵A0EA73,白,铁二局驾校,-1,2014/12/23 0:00,-1,解放牌,东风日产牌,364548000000000000 ,06556851894248447X,196504,197806,1,6,5,周末,非高峰,2015-05-03,2015年5月3日,阵雨 /阵雨,25℃ / 15℃,东北风 ≤3级 /东北风 ≤3级,阵雨,阵雨,25,15,东北风,≤3级,东北风,≤3级,night
2015-05-03 09:50:00,长岭南路,1、追尾的,负全部责任,不负责任,1,贵AU5152,黄,1,贵AMH545,白,自培,消防驾校,2000/12/23 0:00,2010/7/16 0:00,三铃牌,东风雪铁龙牌,364547000000000000 ,364647000000000000 ,196111,198005,9,6,5,周末,早高峰(7-9点),2015-05-03,2015年5月3日,阵雨 /阵雨,25℃ / 15℃,东北风 ≤3级 /东北风 ≤3级,阵雨,阵雨,25,15,东北风,≤3级,东北风,≤3级,day
2015-05-03 13:34:00,金阳,8、依法应负全责的其他情形,负全部责任,不负责任,1,贵EN7364,黑,1,贵ARY348,黑,-1,消防驾校,-1,2010/10/26 0:00,-1,丰田牌,366061000000000000 ,364557000000000000 ,197205,198403,13,6,5,周末,非高峰,2015-05-03,2015年5月3日,阵雨 /阵雨,25℃ / 15℃,东北风 ≤3级 /东北风 ≤3级,阵雨,阵雨,25,15,东北风,≤3级,东北风,≤3级,day
2015-05-02 21:10:00,小河,7、未按规定让行的 ,负全部责任,不负责任,1,贵AU5711,黄,1,川E9356G,白,自培,-1,2004/7/5 0:00,-1,富先达牌,-1,366367000000000000 ,776261000000000000 ,197409,197806,21,5,5,工作日,非高峰,2015-05-02,2015年5月2日,多云 /阵雨,26℃ / 16℃,东北风 ≤3级 /东风 ≤3级,多云,阵雨,26,16,东北风,≤3级,东风,≤3级,night
2015-05-03 12:00:00,友谊路,7、未按规定让行的 ,负全部责任,不负责任,1,贵A6BW73,蓝,1,贵AEK977,红,-1,十一培,-1,1993/7/7 0:00,夏利牌,雷诺,57193050154 ,364547000000000000 ,14910,197410,12,6,5,周末,非高峰,2015-05-03,2015年5月3日,阵雨 /阵雨,25℃ / 15℃,东北风 ≤3级 /东北风 ≤3级,阵雨,阵雨,25,15,东北风,≤3级,东北风,≤3级,day
2015-05-02 17:00:00,小河,1、追尾的,负全部责任,不负责任,1,贵JDN769,白色,1,贵AU0548,白色,自培,十一培,2004/5/15 0:00,1994/5/22 0:00,-1,宝来牌,364547000000000000 ,364547000000000000 ,197512,197312,17,5,5,工作日,晚高峰(17-19点),2015-05-02,2015年5月2日,多云 /阵雨,26℃ / 16℃,东北风 ≤3级 /东风 ≤3级,多云,阵雨,26,16,东北风,≤3级,东风,≤3级,day
2015-05-02 17:00:00,小河松花江,1、追尾的,负全部责任,不负责任,1,贵JDN769,白色,1,贵AU0548,白色,自培,十一培,2004/5/15 0:00,1994/5/22 0:00,-1,宝来牌,364547000000000000 ,364547000000000000 ,197512,197312,17,5,5,工作日,晚高峰(17-19点),2015-05-02,2015年5月2日,多云 /阵雨,26℃ / 16℃,东北风 ≤3级 /东风 ≤3级,多云,阵雨,26,16,东北风,≤3级,东风,≤3级,day
2015-05-02 23:00:00,金关,7、未按规定让行的 ,负全部责任,不负责任,1,贵DT7862,白,1,贵A48556,黑,贵州省长安驾驶培训学校,自培,2012/11/28 0:00,2010/12/9 0:00,-1,-1,366661000000000000 ,366864000000000000 ,198903,198907,23,5,5,工作日,非高峰,2015-05-02,2015年5月2日,多云 /阵雨,26℃ / 16℃,东北风 ≤3级 /东风 ≤3级,多云,阵雨,26,16,东北风,≤3级,东风,≤3级,night
2015-05-03 09:00:00,贵钢花鸟市场,4、停车时未挂低速档、未拉驻车制动，导致车辆滑行的,负全部责任,不负责任,1,贵AEL953,白,1,贵A24521,黑,-1,自培,-1,2003/8/9 0:00,波罗牌,帕萨特牌,364558000000000000 ,364548000000000000 ,195188,198406,9,6,5,周末,早高峰(7-9点),2015-05-03,2015年5月3日,阵雨 /阵雨,25℃ / 15℃,东北风 ≤3级 /东北风 ≤3级,阵雨,阵雨,25,15,东北风,≤3级,东北风,≤3级,day
2015-05-03 00:00:00,沙冲路,7、未按规定让行的 ,负全部责任,不负责任,1,贵A82B29,白色,1,贵AJ3013,白色,自培,自培,2004/5/18 0:00,2002/7/4 0:00,马自达牌,骏派牌,366063000000000000 ,364547000000000000 ,197912,196206,0,6,5,周末,非高峰,2015-05-03,2015年5月3日,阵雨 /阵雨,25℃ / 15℃,东北风 ≤3级 /东北风 ≤3级,阵雨,阵雨,25,15,东北风,≤3级,东北风,≤3级,night
2015-05-03 13:20:00,孟关,1、追尾的,负全部责任,不负责任,1,贵A5850Y,白色,1,贵GX5114,白色,阳光驾校,自培,2013/9/9 0:00,2010/10/11 0:00,-1,-1,364556000000000000 ,364556000000000000 ,199209,199010,13,6,5,周末,非高峰,2015-05-03,2015年5月3日,阵雨 /阵雨,25℃ / 15℃,东北风 ≤3级 /东北风 ≤3级,阵雨,阵雨,25,15,东北风,≤3级,东北风,≤3级,day
2015-05-03 12:05:00,火车站,7、未按规定让行的 ,负全部责任,不负责任,1,贵AK7297,白色,1,贵AU6854,白色,自培,无锡市城北机动车驾驶培训部,2003/8/25 0:00,2008/5/5 0:00,望江牌,恒通客车牌,36464551305540325X,355741000000000000 ,195411,198606,12,6,5,周末,非高峰,2015-05-03,2015年5月3日,阵雨 /阵雨,25℃ / 15℃,东北风 ≤3级 /东北风 ≤3级,阵雨,阵雨,25,15,东北风,≤3级,东北风,≤3级,day