accidenttime,accidentaddr,driver1fault,driver1responsibility,driver2responsibility,sex1,platenumber1,carcolor1,sex2,platenumber2,carcolor2,jxmc1,jxmc2,cclzrq1,cclzrq2,clpp1,clpp2,driver1license,driver2license,brith1,brith2,hour,weekday,month,is_weekday,peak_hour,date,日期,天气状况,气温,风力风向,day_wea,night_wea,day_tep,night_tep,day_wind_direction,day_wind_speed,night_wind_direction,night_wind_speed,segment
2015-05-03 11:45:00,北京西路,1、追尾的,负全部责任,不负责任,1,贵AU034,白,1,贵AP0484,红,（白云区）消防驾驶培训学校,-1,2006/12/28 0:00,-1,-1,长安牌,366068000000000000 ,366064000000000000 ,198408,195504,11,6,5,周末,非高峰,2015-05-03,2015年5月3日,阵雨 /阵雨,25℃ / 15℃,东北风 ≤3级 /东北风 ≤3级,阵雨,阵雨,25,15,东北风,≤3级,东北风,≤3级,day
2015-05-03 13:00:00,观府壹号,9、不符合前8款规定或者双方同时具有上述情形的,负同等责任,不负责任,1,贵A15N98,白,1,贵EED102,黑,自培,消防驾校,2007/4/16 0:00,2011/5/10 0:00,-1,-1,36606951984845443X,704968000000000000 ,198707,197405,13,6,5,周末,非高峰,2015-05-03,2015年5月3日,阵雨 /阵雨,25℃ / 15℃,东北风 ≤3级 /东北风 ≤3级,阵雨,阵雨,25,15,东北风,≤3级,东北风,≤3级,day
2015-05-03 13:00:00,北二环,7、未按规定让行的 ,负全部责任,不负责任,1,川JN6148,蓝,1,贵A13A68,蓝,自培,新天驾校,-1,2014/5/7 0:00,-1,东风雪铁龙牌,354166000000000000 ,354696000000000000 ,199107,198111,13,6,5,周末,非高峰,2015-05-03,2015年5月3日,阵雨 /阵雨,25℃ / 15℃,东北风 ≤3级 /东北风 ≤3级,阵雨,阵雨,25,15,东北风,≤3级,东北风,≤3级,day
2015-05-03 11:15:00,金清大道,1、追尾的,负全部责任,不负责任,1,贵BA9397,黑,1,贵B41384,白,-1,金春驾校威宁分校,-1,-1,-1,-1,366846000000000000 ,366069000000000000 ,197905,195409,11,6,5,周末,非高峰,2015-05-03,2015年5月3日,阵雨 /阵雨,25℃ / 15℃,东北风 ≤3级 /东北风 ≤3级,阵雨,阵雨,25,15,东北风,≤3级,东北风,≤3级,day
2015-05-03 12:30:00,轮胎厂,3、倒车的,负全部责任,不负责任,1,贵A09579A,白,1,贵AJQ973,红,自培,预约考试窗口,1997/7/11 0:00,2007/7/31 0:00,-1,夏利,364556000000000000 ,366067000000000000 ,197904,197411,12,6,5,周末,非高峰,2015-05-03,2015年5月3日,阵雨 /阵雨,25℃ / 15℃,东北风 ≤3级 /东北风 ≤3级,阵雨,阵雨,25,15,东北风,≤3级,东北风,≤3级,day
2015-05-03 12:03:00,白云区,3、倒车的,负全部责任,不负责任,1,贵AC303E,黑,1,贵A5803L,白,-1,A009,-1,2009/9/25 0:00,大众汽车牌,东南,55767500000000000 ,364558000000000000 ,198912,196812,12,6,5,周末,非高峰,2015-05-03,2015年5月3日,阵雨 /阵雨,25℃ / 15℃,东北风 ≤3级 /东北风 ≤3级,阵雨,阵雨,25,15,东北风,≤3级,东北风,≤3级,day
2015-05-03 11:40:00,金清路,7、未按规定让行的 ,负全部责任,不负责任,1,贵A4BG98,蓝,1,贵A23H61,白,（白云区）景宏驾驶培训有限公司,-1,2007/6/28 0:00,-1,斯柯达牌,起亚牌,366261000000000000 ,364545000000 ,197708,765322,11,6,5,周末,非高峰,2015-05-03,2015年5月3日,阵雨 /阵雨,25℃ / 15℃,东北风 ≤3级 /东北风 ≤3级,阵雨,阵雨,25,15,东北风,≤3级,东北风,≤3级,day
2015-05-03 14:30:00,甘荫塘,3、倒车的,负全部责任,不负责任,1,苏CBW713,白色,1,贵GV3462,白色,-1,新华驾校（乌当区）,-1,2015/4/23 0:00,-1,-1,764763000000000000 ,734568000000000000 ,197306,199204,14,6,5,周末,非高峰,2015-05-03,2015年5月3日,阵雨 /阵雨,25℃ / 15℃,东北风 ≤3级 /东北风 ≤3级,阵雨,阵雨,25,15,东北风,≤3级,东北风,≤3级,day
2015-05-03 14:30:00,白金大道,8、依法应负全责的其他情形,负全部责任,不负责任,1,贵A86862,黄,1,贵AK9345,白,-1,520127,-1,2008/10/16 0:00,凯宴,东风标致牌,366263000000000000 ,364558000000000000 ,198204,199003,14,6,5,周末,非高峰,2015-05-03,2015年5月3日,阵雨 /阵雨,25℃ / 15℃,东北风 ≤3级 /东北风 ≤3级,阵雨,阵雨,25,15,东北风,≤3级,东北风,≤3级,day
2015-05-03 16:00:00,孟关,8、依法应负全责的其他情形,负全部责任,不负责任,1,贵A70994,白色,1,贵A4565Y,白色,-1,顺一驾驶培训学校,-1,2012/10/23 0:00,星马牌,-1,366068000000000000 ,364551000000000000 ,197911,199201,16,6,5,周末,非高峰,2015-05-03,2015年5月3日,阵雨 /阵雨,25℃ / 15℃,东北风 ≤3级 /东北风 ≤3级,阵雨,阵雨,25,15,东北风,≤3级,东北风,≤3级,day
2015-05-03 15:30:00,花溪,7、未按规定让行的 ,负全部责任,不负责任,1,贵APU443,白色,1,贵AB143H,白色,自培,自培,1992/2/20 0:00,2006/1/24 0:00,科雷傲,金杯牌,364556000000000000 ,364556000000000000 ,196810,198101,15,6,5,周末,非高峰,2015-05-03,2015年5月3日,阵雨 /阵雨,25℃ / 15℃,东北风 ≤3级 /东北风 ≤3级,阵雨,阵雨,25,15,东北风,≤3级,东北风,≤3级,day
2015-05-03 14:25:00,白云,7、未按规定让行的 ,负全部责任,不负责任,1,贵A7310E,红,1,贵A53P61,白,高新驾校,文通驾校,2012/4/5 0:00,2011/3/29 0:00,五菱牌,思威牌,364568000000000000 ,364558000000000000 ,199204,198107,14,6,5,周末,非高峰,2015-05-03,2015年5月3日,阵雨 /阵雨,25℃ / 15℃,东北风 ≤3级 /东北风 ≤3级,阵雨,阵雨,25,15,东北风,≤3级,东北风,≤3级,day
2015-05-03 15:00:00,西二环,7、未按规定让行的 ,负全部责任,不负责任,1,贵AJ3698,白色,1,渝C12M65,白色,-1,-1,-1,-1,东本牌,大众牌,366084000000000000 ,366046000000000000 ,197907,198603,15,6,5,周末,非高峰,2015-05-03,2015年5月3日,阵雨 /阵雨,25℃ / 15℃,东北风 ≤3级 /东北风 ≤3级,阵雨,阵雨,25,15,东北风,≤3级,东北风,≤3级,day
2015-05-03 11:18:00,望城坡,1、追尾的,负全部责任,不负责任,1,贵A22L95,白色,1,贵AR4988,白色,自培,-1,2002/5/16 0:00,-1,名爵牌,钱江牌,364547000000000000 ,3645470000000000 ,198402,581020,11,6,5,周末,非高峰,2015-05-03,2015年5月3日,阵雨 /阵雨,25℃ / 15℃,东北风 ≤3级 /东北风 ≤3级,阵雨,阵雨,25,15,东北风,≤3级,东北风,≤3级,day
2015-05-03 14:30:00,麻冲,1、追尾的,负全部责任,不负责任,1,贵AAJ419,黑,1,贵AT4435,黄,自培,消防驾校,2004/5/27 0:00,1992/6/5 0:00,大众牌,金龙牌,366566000000000000 ,364548000000000000 ,197507,196809,14,6,5,周末,非高峰,2015-05-03,2015年5月3日,阵雨 /阵雨,25℃ / 15℃,东北风 ≤3级 /东北风 ≤3级,阵雨,阵雨,25,15,东北风,≤3级,东北风,≤3级,day
2015-05-03 16:50:00,未来方舟,7、未按规定让行的 ,负全部责任,不负责任,1,渝F6E179,白,1,贵A1452J,红,自培,-1,2012/12/30 0:00,-1,-1,起亚牌,356666000000000000 ,57193474196 ,197008,30982,16,6,5,周末,非高峰,2015-05-03,2015年5月3日,阵雨 /阵雨,25℃ / 15℃,东北风 ≤3级 /东北风 ≤3级,阵雨,阵雨,25,15,东北风,≤3级,东北风,≤3级,day
2015-05-03 11:15:00,杨家山隧道,1、追尾的,负全部责任,不负责任,1,贵A422A7,红,1,贵A5109E,白,安顺市鸿运驾校,自培,2010/12/23 0:00,2012/5/30 0:00,-1,长安牌,366363000000000000 ,726647000000000000 ,197105,198108,11,6,5,周末,非高峰,2015-05-03,2015年5月3日,阵雨 /阵雨,25℃ / 15℃,东北风 ≤3级 /东北风 ≤3级,阵雨,阵雨,25,15,东北风,≤3级,东北风,≤3级,day
2015-05-03 12:40:00,服务大楼,7、未按规定让行的 ,负全部责任,不负责任,1,贵A4CF43,黑,1,贵AO6323,黄,自培,十一培,2000/6/29 0:00,1995/4/12 0:00,大众牌,-1,364548000000000000 ,364548000000000000 ,197304,197405,12,6,5,周末,非高峰,2015-05-03,2015年5月3日,阵雨 /阵雨,25℃ / 15℃,东北风 ≤3级 /东北风 ≤3级,阵雨,阵雨,25,15,东北风,≤3级,东北风,≤3级,day
2015-05-03 11:16:00,渔安新城,8、依法应负全责的其他情形,负全部责任,不负责任,1,贵A36R67,白,1,贵AU7202,蓝,（南明区）吉源驾驶培训有限公司,十一培,2008/1/18 0:00,1997/1/30 0:00,别克牌,望江牌,364548000000000000 ,364548000000000000 ,198201,196602,11,6,5,周末,非高峰,2015-05-03,2015年5月3日,阵雨 /阵雨,25℃ / 15℃,东北风 ≤3级 /东北风 ≤3级,阵雨,阵雨,25,15,东北风,≤3级,东北风,≤3级,day
2015-05-03 12:30:00,三桥,7、未按规定让行的 ,负全部责任,不负责任,1,贵A91059,白,1,贵AV7309,蓝,贵州现代驾驶培训责任有限公司,十一培,2011/10/26 0:00,1986/3/12 0:00,红岩牌,新宝牌,366761000000000000 ,364548000000000000 ,197506,196308,12,6,5,周末,非高峰,2015-05-03,2015年5月3日,阵雨 /阵雨,25℃ / 15℃,东北风 ≤3级 /东北风 ≤3级,阵雨,阵雨,25,15,东北风,≤3级,东北风,≤3级,day
2015-05-03 15:00:00,花香村,7、未按规定让行的 ,负全部责任,不负责任,1,贵AU1228,蓝,1,贵AV7949,蓝,自培,十一培,2003/9/6 0:00,1997/8/27 0:00,重骑牌,丰田牌,366367000000000000 ,366364000000000000 ,197604,197003,15,6,5,周末,非高峰,2015-05-03,2015年5月3日,阵雨 /阵雨,25℃ / 15℃,东北风 ≤3级 /东北风 ≤3级,阵雨,阵雨,25,15,东北风,≤3级,东北风,≤3级,day
2015-05-03 12:00:00,市南路,7、未按规定让行的 ,负全部责任,不负责任,1,贵AU9797,白色,1,贵AKC333,白色,（云岩区）时发驾驶培训有限公司,自培,2009/12/22 0:00,2003/10/12 0:00,银翔牌,奥迪,366566000000000000 ,364548000000000000 ,198210,197108,12,6,5,周末,非高峰,2015-05-03,2015年5月3日,阵雨 /阵雨,25℃ / 15℃,东北风 ≤3级 /东北风 ≤3级,阵雨,阵雨,25,15,东北风,≤3级,东北风,≤3级,day
2015-05-03 11:40:00,花果园,1、追尾的,负全部责任,不负责任,1,贵A88H94,白色,1,贵A94L45,白色,市交校,自培,2010/1/15 0:00,2003/7/17 0:00,起亚牌,福克斯牌,706146000000000000 ,366868000000000000 ,198109,196312,11,6,5,周末,非高峰,2015-05-03,2015年5月3日,阵雨 /阵雨,25℃ / 15℃,东北风 ≤3级 /东北风 ≤3级,阵雨,阵雨,25,15,东北风,≤3级,东北风,≤3级,day
2015-05-03 11:09:00,妇幼保健院,8、依法应负全责的其他情形,负全部责任,不负责任,1,贵A6EA82,白,1,贵ANP197,蓝,（经开区）顺一驾驶培训有限公司,自培,2008/1/24 0:00,2007/10/19 0:00,东风牌,锋范牌,364566000000000000 ,364547000000000000 ,198804,198806,11,6,5,周末,非高峰,2015-05-03,2015年5月3日,阵雨 /阵雨,25℃ / 15℃,东北风 ≤3级 /东北风 ≤3级,阵雨,阵雨,25,15,东北风,≤3级,东北风,≤3级,day
2015-05-03 15:00:00,头桥,1、追尾的,负全部责任,不负责任,1,贵ACS491,白,1,贵H71093,蓝,诚信驾驶培训学校,毕节地区黔中驾校,2013/7/22 0:00,-1,长安牌,-1,364548000000000000 ,366068000000000000 ,198909,197103,15,6,5,周末,非高峰,2015-05-03,2015年5月3日,阵雨 /阵雨,25℃ / 15℃,东北风 ≤3级 /东北风 ≤3级,阵雨,阵雨,25,15,东北风,≤3级,东北风,≤3级,day
2015-05-03 15:01:00,杨家山隧道,7、未按规定让行的 ,负全部责任,不负责任,1,贵A89776,白,0,贵HBH261,黑,-1,预约考试窗口,-1,2007/4/12 0:00,徐工牌,-1,64260500000000000 ,74865500000000000 ,197910,198208,15,6,5,周末,非高峰,2015-05-03,2015年5月3日,阵雨 /阵雨,25℃ / 15℃,东北风 ≤3级 /东北风 ≤3级,阵雨,阵雨,25,15,东北风,≤3级,东北风,≤3级,day
2015-05-03 17:39:00,小河,1、追尾的,负全部责任,不负责任,1,贵A74C11,白色,1,贵A95K12,白色,-1,铁二局驾校,-1,2013/4/1 0:00,大众汽车牌,大众牌,734596000000000000 ,354166000000000000 ,198505,197310,17,6,5,周末,晚高峰(17-19点),2015-05-03,2015年5月3日,阵雨 /阵雨,25℃ / 15℃,东北风 ≤3级 /东北风 ≤3级,阵雨,阵雨,25,15,东北风,≤3级,东北风,≤3级,day
2015-05-03 18:38:00,都司路口,7、未按规定让行的 ,负全部责任,不负责任,1,贵AKR862,白色,1,贵A0BC51,白色,-1,诚信驾驶培训学校,-1,2015/1/7 0:00,夏利牌,长城牌,364545000000 ,344796000000000000 ,297292,198807,18,6,5,周末,晚高峰(17-19点),2015-05-03,2015年5月3日,阵雨 /阵雨,25℃ / 15℃,东北风 ≤3级 /东北风 ≤3级,阵雨,阵雨,25,15,东北风,≤3级,东北风,≤3级,day
2015-05-03 20:00:00,小河,1、追尾的,负全部责任,不负责任,1,贵BP1718,白色,1,贵A91468,白色,-1,-1,-1,-1,-1,欧曼牌,364547000000 ,364566000000000000 ,718201,198410,20,6,5,周末,非高峰,2015-05-03,2015年5月3日,阵雨 /阵雨,25℃ / 15℃,东北风 ≤3级 /东北风 ≤3级,阵雨,阵雨,25,15,东北风,≤3级,东北风,≤3级,night
2015-05-03 22:25:00,浣纱路,8、依法应负全责的其他情形,负全部责任,不负责任,1,贵H344L3,黄,1,贵JBP289,蓝,-1,文通驾校,-1,2011/10/8 0:00,-1,-1,364746000000 ,366875000000000000 ,372787,198309,22,6,5,周末,非高峰,2015-05-03,2015年5月3日,阵雨 /阵雨,25℃ / 15℃,东北风 ≤3级 /东北风 ≤3级,阵雨,阵雨,25,15,东北风,≤3级,东北风,≤3级,night
2015-05-03 18:00:00,小河区,7、未按规定让行的 ,负全部责任,不负责任,1,粤BWG623,白色,1,贵FS4199,白色,全林驾校,市交校,2013/8/23 0:00,2014/7/19 0:00,-1,-1,364551000000000000 ,254361000000000000 ,198207,198604,18,6,5,周末,晚高峰(17-19点),2015-05-03,2015年5月3日,阵雨 /阵雨,25℃ / 15℃,东北风 ≤3级 /东北风 ≤3级,阵雨,阵雨,25,15,东北风,≤3级,东北风,≤3级,day
2015-05-03 18:10:00,碧海社区,7、未按规定让行的 ,负全部责任,不负责任,0,皖AK1535,白,1,贵AEP174,红,-1,预约考试窗口,-1,2007/4/12 0:00,新阳光牌,颐达牌,36456500000000000 ,364557000000000000 ,993122,196909,18,6,5,周末,晚高峰(17-19点),2015-05-03,2015年5月3日,阵雨 /阵雨,25℃ / 15℃,东北风 ≤3级 /东北风 ≤3级,阵雨,阵雨,25,15,东北风,≤3级,东北风,≤3级,day
2015-05-03 19:00:00,二戈寨,7、未按规定让行的 ,负全部责任,不负责任,1,贵A35V77,白色,1,贵AVL355,白色,自培,预约考试窗口,1995/3/11 0:00,2007/5/22 0:00,丰田牌,奥迪牌,36454651804955745X,364547000000000000 ,197408,197612,19,6,5,周末,晚高峰(17-19点),2015-05-03,2015年5月3日,阵雨 /阵雨,25℃ / 15℃,东北风 ≤3级 /东北风 ≤3级,阵雨,阵雨,25,15,东北风,≤3级,东北风,≤3级,day
2015-05-03 18:40:00,金阳北路,7、未按规定让行的 ,负全部责任,不负责任,0,贵B14336,黑,1,贵AV9451,蓝,时发驾校,吉源驾校,2014/7/19 0:00,2013/7/26 0:00,-1,福克斯(FOCUS)牌,364547000000000000 ,364548000000000000 ,197012,198901,18,6,5,周末,晚高峰(17-19点),2015-05-03,2015年5月3日,阵雨 /阵雨,25℃ / 15℃,东北风 ≤3级 /东北风 ≤3级,阵雨,阵雨,25,15,东北风,≤3级,东北风,≤3级,day
2015-05-03 19:00:00,百花大道,7、未按规定让行的 ,负全部责任,不负责任,1,贵A445448,白,1,贵GV9389,白,自培,-1,2002/10/14 0:00,-1,-1,-1,364557000000000000 ,736967000000000000 ,197803,197008,19,6,5,周末,晚高峰(17-19点),2015-05-03,2015年5月3日,阵雨 /阵雨,25℃ / 15℃,东北风 ≤3级 /东北风 ≤3级,阵雨,阵雨,25,15,东北风,≤3级,东北风,≤3级,day
2015-05-03 19:10:00,延安东路,7、未按规定让行的 ,负全部责任,不负责任,1,贵AU8128,黄,1,贵AU6967,黄,自培,-1,1999/10/15 0:00,-1,宝来牌,豪爵牌,366575000000000000 ,364545000000 ,196810,207933,19,6,5,周末,晚高峰(17-19点),2015-05-03,2015年5月3日,阵雨 /阵雨,25℃ / 15℃,东北风 ≤3级 /东北风 ≤3级,阵雨,阵雨,25,15,东北风,≤3级,东北风,≤3级,day
2015-05-03 16:00:00,高坡乡,8、依法应负全责的其他情形,负全部责任,不负责任,1,贵A8H603,白色,1,贵A9BP07,白色,铁二局驾校,自培,2014/11/24 0:00,2002/5/15 0:00,-1,比亚迪牌,366661000000000000 ,364556000000000000 ,198312,196309,16,6,5,周末,非高峰,2015-05-03,2015年5月3日,阵雨 /阵雨,25℃ / 15℃,东北风 ≤3级 /东北风 ≤3级,阵雨,阵雨,25,15,东北风,≤3级,东北风,≤3级,day
2015-05-03 14:30:00,中山南路,7、未按规定让行的 ,负全部责任,不负责任,1,贵ARR263,白色,1,贵AU2015,白色,青正驾校,自培,2012/10/30 0:00,2004/11/4 0:00,吉利牌,瑞麒牌,364548000000000000 ,35466151225457755X,196212,196610,14,6,5,周末,非高峰,2015-05-03,2015年5月3日,阵雨 /阵雨,25℃ / 15℃,东北风 ≤3级 /东北风 ≤3级,阵雨,阵雨,25,15,东北风,≤3级,东北风,≤3级,day
2015-05-03 17:30:00,南浦路,7、未按规定让行的 ,负全部责任,不负责任,1,贵ANN772,白色,1,贵AAY289,白色,520132,自培,2009/3/24 0:00,2001/5/23 0:00,思铂睿牌,马自达,364547000000000000 ,364548000000000000 ,198909,198001,17,6,5,周末,晚高峰(17-19点),2015-05-03,2015年5月3日,阵雨 /阵雨,25℃ / 15℃,东北风 ≤3级 /东北风 ≤3级,阵雨,阵雨,25,15,东北风,≤3级,东北风,≤3级,day
2015-05-03 20:00:00,见龙洞路,1、追尾的,负全部责任,不负责任,1,贵JAG426,白色,1,贵ANE221,白色,瓮安县江沣机动车驾驶培训学校有限公司,自培,2013/9/9 0:00,2005/6/9 0:00,-1,雪佛兰牌,36656151164245447X,366546000000000000 ,199206,198001,20,6,5,周末,非高峰,2015-05-03,2015年5月3日,阵雨 /阵雨,25℃ / 15℃,东北风 ≤3级 /东北风 ≤3级,阵雨,阵雨,25,15,东北风,≤3级,东北风,≤3级,night
2015-05-03 19:40:00,花果园大街,9、不符合前8款规定或者双方同时具有上述情形的,负同等责任,负同等责任,1,贵A26A93,白色,1,贵AU6608,白色,贵州省长安驾驶培训学校,自培,2012/8/2 0:00,2003/4/30 0:00,别克牌,爱立新牌,364547000000000000 ,364548000000000000 ,199112,196201,19,6,5,周末,晚高峰(17-19点),2015-05-03,2015年5月3日,阵雨 /阵雨,25℃ / 15℃,东北风 ≤3级 /东北风 ≤3级,阵雨,阵雨,25,15,东北风,≤3级,东北风,≤3级,day
2015-05-03 18:30:00,花溪,7、未按规定让行的 ,负全部责任,不负责任,1,贵CFM848,红,0,贵A14E31,红,高新驾校,自培,2011/3/30 0:00,2008/1/15 0:00,-1,明锐牌,36656551994364345X,364556000000000000 ,198805,198512,18,6,5,周末,晚高峰(17-19点),2015-05-03,2015年5月3日,阵雨 /阵雨,25℃ / 15℃,东北风 ≤3级 /东北风 ≤3级,阵雨,阵雨,25,15,东北风,≤3级,东北风,≤3级,day
2015-05-03 14:00:00,花果园,3、倒车的,负全部责任,不负责任,1,黑B38082,白,1,贵CA9608,黑,自培,自培,2012/12/14 0:00,2002/7/8 0:00,-1,-1,784962000000000000 ,366566000000000000 ,199004,197405,14,6,5,周末,非高峰,2015-05-03,2015年5月3日,阵雨 /阵雨,25℃ / 15℃,东北风 ≤3级 /东北风 ≤3级,阵雨,阵雨,25,15,东北风,≤3级,东北风,≤3级,day
2015-05-03 15:30:00,花香村,7、未按规定让行的 ,负全部责任,不负责任,1,粤B4AB54,白色,1,贵AU9776,白色,自培,自培,2012/8/23 0:00,2003/12/30 0:00,-1,瑞麒牌,364548000000000000 ,364548000000000000 ,198611,196910,15,6,5,周末,非高峰,2015-05-03,2015年5月3日,阵雨 /阵雨,25℃ / 15℃,东北风 ≤3级 /东北风 ≤3级,阵雨,阵雨,25,15,东北风,≤3级,东北风,≤3级,day
2015-05-03 22:30:00,兴关路,7、未按规定让行的 ,负全部责任,不负责任,1,贵AB195K,白色,1,贵A4BV47,白色,-1,520114,-1,-1,别克,大众汽车牌,366067000000000000 ,364547000000000000 ,197612,198912,22,6,5,周末,非高峰,2015-05-03,2015年5月3日,阵雨 /阵雨,25℃ / 15℃,东北风 ≤3级 /东北风 ≤3级,阵雨,阵雨,25,15,东北风,≤3级,东北风,≤3级,night
2015-05-04 01:30:00,甲秀南路,8、依法应负全责的其他情形,负全部责任,不负责任,1,贵AEG128,红,0,贵A89268,黄,-1,-1,-1,-1,威志牌,解放牌,364547000000000000 ,355464000000000000 ,197906,198112,1,0,5,工作日,非高峰,2015-05-04,2015年5月4日,阵雨 /阵雨,20℃ / 14℃,东北风 ≤3级 /东北风 ≤3级,阵雨,阵雨,20,14,东北风,≤3级,东北风,≤3级,night
2015-05-04 07:40:00,鹿冲关路口,1、追尾的,负全部责任,不负责任,1,贵HU1838,白色,1,皖AYW284,白色,520132,贵州现代驾驶培训责任有限公司,2009/4/21 0:00,2014/7/15 0:00,-1,-1,366575000000000000 ,704966000000000000 ,198012,197401,7,0,5,工作日,早高峰(7-9点),2015-05-04,2015年5月4日,阵雨 /阵雨,20℃ / 14℃,东北风 ≤3级 /东北风 ≤3级,阵雨,阵雨,20,14,东北风,≤3级,东北风,≤3级,day
2015-05-04 08:10:00,偏坡,1、追尾的,负全部责任,不负责任,1,贵A69L89,红,0,贵A64Y46,白,-1,520109,-1,2010/3/15 0:00,北京现代牌,起亚牌,36666500000000000 ,364548000000000000 ,977031,198908,8,0,5,工作日,早高峰(7-9点),2015-05-04,2015年5月4日,阵雨 /阵雨,20℃ / 14℃,东北风 ≤3级 /东北风 ≤3级,阵雨,阵雨,20,14,东北风,≤3级,东北风,≤3级,day
2015-05-04 04:50:00,东站,7、未按规定让行的 ,负全部责任,不负责任,1,贵AU0975,白色,1,贵A0776R,白色,安顺市顺安汽车（摩托车）驾驶培训学校,铁二局驾校,2011/7/7 0:00,2014/4/24 0:00,宝来牌,东南牌,36636251164251547X,364556000000000000 ,199206,197710,4,0,5,工作日,非高峰,2015-05-04,2015年5月4日,阵雨 /阵雨,20℃ / 14℃,东北风 ≤3级 /东北风 ≤3级,阵雨,阵雨,20,14,东北风,≤3级,东北风,≤3级,night
2015-05-04 01:30:00,北京路,1、追尾的,负全部责任,不负责任,1,贵CNB372,白,1,贵AVF957,白,惠水县黔岭机动车驾驶培训有限公司,520119,-1,2009/12/15 0:00,-1,大众汽车牌,366876000000000000 ,36657451824145818X,198305,197609,1,0,5,工作日,非高峰,2015-05-04,2015年5月4日,阵雨 /阵雨,20℃ / 14℃,东北风 ≤3级 /东北风 ≤3级,阵雨,阵雨,20,14,东北风,≤3级,东北风,≤3级,night
2015-05-04 08:00:00,凤凰路,1、追尾的,负全部责任,不负责任,1,贵E23492,红,1,贵GE5875,蓝,-1,预约考试窗口,-1,2007/1/23 0:00,-1,-1,366764000000000000 ,724567000000000000 ,196904,198011,8,0,5,工作日,早高峰(7-9点),2015-05-04,2015年5月4日,阵雨 /阵雨,20℃ / 14℃,东北风 ≤3级 /东北风 ≤3级,阵雨,阵雨,20,14,东北风,≤3级,东北风,≤3级,day
2015-05-04 08:40:00,北京路,1、追尾的,负全部责任,不负责任,1,贵A94S43,黑,1,贵A5BA84,黑,-1,-1,-1,-1,雪铁龙,奥迪牌,364547000000000000 ,366670000000000000 ,198703,198312,8,0,5,工作日,早高峰(7-9点),2015-05-04,2015年5月4日,阵雨 /阵雨,20℃ / 14℃,东北风 ≤3级 /东北风 ≤3级,阵雨,阵雨,20,14,东北风,≤3级,东北风,≤3级,day
2015-05-04 09:00:00,太慈桥,7、未按规定让行的 ,负全部责任,不负责任,1,贵Y35297,白色,1,贵AVM184,白色,-1,鑫鑫驾校,-1,2012/1/16 0:00,-1,福克斯牌,366563000000000000 ,364547000000000000 ,199011,198708,9,0,5,工作日,早高峰(7-9点),2015-05-04,2015年5月4日,阵雨 /阵雨,20℃ / 14℃,东北风 ≤3级 /东北风 ≤3级,阵雨,阵雨,20,14,东北风,≤3级,东北风,≤3级,day
2015-05-04 09:10:00,花溪大道,7、未按规定让行的 ,负全部责任,不负责任,1,贵TAN897,白色,1,贵AA825B,白色,-1,黔丰驾校,-1,2013/8/14 0:00,-1,-1,36687551844357275X,36454651944758265X,197005,198003,9,0,5,工作日,早高峰(7-9点),2015-05-04,2015年5月4日,阵雨 /阵雨,20℃ / 14℃,东北风 ≤3级 /东北风 ≤3级,阵雨,阵雨,20,14,东北风,≤3级,东北风,≤3级,day
2015-05-04 08:30:00,甘荫塘,1、追尾的,负全部责任,不负责任,1,贵CCE590,白色,1,贵A4BA94,黑色,务川自治县创新驾驶员培训有限公司,大地驾校,-1,2006/4/24 0:00,-1,大众汽车牌,36656251175547545X,364547000000000000 ,199311,198801,8,0,5,工作日,早高峰(7-9点),2015-05-04,2015年5月4日,阵雨 /阵雨,20℃ / 14℃,东北风 ≤3级 /东北风 ≤3级,阵雨,阵雨,20,14,东北风,≤3级,东北风,≤3级,day
2015-05-04 07:40:00,花溪大道,8、依法应负全责的其他情形,负全部责任,不负责任,1,贵A3BY14,白,1,贵AP6999,红,十一培,-1,1992/3/2 0:00,-1,斯柯达牌,国威牌,364547000000000000 ,364547000000000 ,195707,580125,7,0,5,工作日,早高峰(7-9点),2015-05-04,2015年5月4日,阵雨 /阵雨,20℃ / 14℃,东北风 ≤3级 /东北风 ≤3级,阵雨,阵雨,20,14,东北风,≤3级,东北风,≤3级,day
2015-05-04 08:00:00,北京西路,1、追尾的,负全部责任,不负责任,1,贵A5AR35,黑,1,贵ANN769,黑,自培,自培,2004/8/17 0:00,2002/7/31 0:00,福克斯牌,吉利美日牌,366347000000000000 ,764547000000000000 ,197709,196409,8,0,5,工作日,早高峰(7-9点),2015-05-04,2015年5月4日,阵雨 /阵雨,20℃ / 14℃,东北风 ≤3级 /东北风 ≤3级,阵雨,阵雨,20,14,东北风,≤3级,东北风,≤3级,day
2015-05-03 23:23:00,贵遵路,1、追尾的,负全部责任,不负责任,1,贵AA221N,红,1,桂AMD022,白,自培,-1,2013/12/18 0:00,-1,五菱牌,-1,54595500000000000 ,366567000000000000 ,199502,196509,23,6,5,周末,非高峰,2015-05-03,2015年5月3日,阵雨 /阵雨,25℃ / 15℃,东北风 ≤3级 /东北风 ≤3级,阵雨,阵雨,25,15,东北风,≤3级,东北风,≤3级,night
2015-05-04 00:00:00,甘荫塘,8、依法应负全责的其他情形,负全部责任,不负责任,1,渝KFU652,白色,1,闽A526S4,白色,自培,-1,2007/8/29 0:00,-1,-1,-1,354698000000000000 ,734567000000000000 ,198102,198901,0,0,5,工作日,非高峰,2015-05-04,2015年5月4日,阵雨 /阵雨,20℃ / 14℃,东北风 ≤3级 /东北风 ≤3级,阵雨,阵雨,20,14,东北风,≤3级,东北风,≤3级,night