accidenttime,accidentaddr,driver1fault,driver1responsibility,driver2responsibility,sex1,platenumber1,carcolor1,sex2,platenumber2,carcolor2,jxmc1,jxmc2,cclzrq1,cclzrq2,clpp1,clpp2,driver1license,driver2license,brith1,brith2,hour,weekday,month,is_weekday,peak_hour,date,日期,天气状况,气温,风力风向,day_wea,night_wea,day_tep,night_tep,day_wind_direction,day_wind_speed,night_wind_direction,night_wind_speed,segment
2015-05-04 08:00:00,花孟大道,2、逆行的,负全部责任,不负责任,1,贵A5518A,白色,1,贵JN0693,白色,自培,-1,2003/11/21 0:00,-1,五菱牌,-1,364556000000000000 ,366875000000000000 ,198310,198306,8,0,5,工作日,早高峰(7-9点),2015-05-04,2015年5月4日,阵雨 /阵雨,20℃ / 14℃,东北风 ≤3级 /东北风 ≤3级,阵雨,阵雨,20,14,东北风,≤3级,东北风,≤3级,day
2015-05-04 07:00:00,沙冲南路,1、追尾的,负全部责任,不负责任,1,贵A6F377,白色,1,贵AFU093,白色,自培,-1,2002/12/11 0:00,-1,-1,-1,364547000000000000 ,364546000000000 ,197707,640418,7,0,5,工作日,早高峰(7-9点),2015-05-04,2015年5月4日,阵雨 /阵雨,20℃ / 14℃,东北风 ≤3级 /东北风 ≤3级,阵雨,阵雨,20,14,东北风,≤3级,东北风,≤3级,day
2015-05-04 07:15:00,甲秀楼,7、未按规定让行的 ,负全部责任,不负责任,0,贵AU2035,黄,1,贵AF2224,黑,全林驾校,自培,2011/6/16 0:00,2004/3/10 0:00,瑞麒牌,轰轰烈牌,366347000000000000 ,364547000000000000 ,198211,196912,7,0,5,工作日,早高峰(7-9点),2015-05-04,2015年5月4日,阵雨 /阵雨,20℃ / 14℃,东北风 ≤3级 /东北风 ≤3级,阵雨,阵雨,20,14,东北风,≤3级,东北风,≤3级,day
2015-05-04 08:40:00,中华中路,7、未按规定让行的 ,负全部责任,不负责任,1,贵A4AX39,白,1,贵A94A44,白,-1,自培,-1,2000/8/14 0:00,丰田牌,别克牌,36454700000000000 ,364547000000000000 ,197710,197604,8,0,5,工作日,早高峰(7-9点),2015-05-04,2015年5月4日,阵雨 /阵雨,20℃ / 14℃,东北风 ≤3级 /东北风 ≤3级,阵雨,阵雨,20,14,东北风,≤3级,东北风,≤3级,day
2015-05-04 01:10:00,西南家具城,8、依法应负全责的其他情形,负全部责任,不负责任,1,贵CCN198,白,1,贵A5825F,蓝,自培,自培,2010/9/16 0:00,2004/12/31 0:00,-1,比亚迪牌,36656251945463745X,364558000000000000 ,198010,197910,1,0,5,工作日,非高峰,2015-05-04,2015年5月4日,阵雨 /阵雨,20℃ / 14℃,东北风 ≤3级 /东北风 ≤3级,阵雨,阵雨,20,14,东北风,≤3级,东北风,≤3级,night
2015-05-04 00:00:00,甲秀南路,7、未按规定让行的 ,负全部责任,不负责任,1,贵A26696,白色,1,贵A8598H,白色,自培,自培,2008/9/19 0:00,2005/2/2 0:00,三一牌,东风日产牌,36656551824843065X,364556000000000000 ,197607,196505,0,0,5,工作日,非高峰,2015-05-04,2015年5月4日,阵雨 /阵雨,20℃ / 14℃,东北风 ≤3级 /东北风 ≤3级,阵雨,阵雨,20,14,东北风,≤3级,东北风,≤3级,night
2015-05-04 08:50:00,野鸭塘,7、未按规定让行的 ,负全部责任,不负责任,1,贵FL2126,蓝,0,贵A71Z65,黑,大方县银春汽车驾驶培训学校,-1,2014/1/28 0:00,-1,-1,朗逸牌,366067000000000000 ,734361000000000000 ,198702,197103,8,0,5,工作日,早高峰(7-9点),2015-05-04,2015年5月4日,阵雨 /阵雨,20℃ / 14℃,东北风 ≤3级 /东北风 ≤3级,阵雨,阵雨,20,14,东北风,≤3级,东北风,≤3级,day
2015-05-04 10:00:00,乌当,1、追尾的,负全部责任,不负责任,1,贵A9915K,白,1,贵A1092N,白,-1,蓝天驾校,-1,2012/3/31 0:00,五菱牌,长城牌,366562000000000000 ,366670000000000000 ,198612,197307,10,0,5,工作日,非高峰,2015-05-04,2015年5月4日,阵雨 /阵雨,20℃ / 14℃,东北风 ≤3级 /东北风 ≤3级,阵雨,阵雨,20,14,东北风,≤3级,东北风,≤3级,day
2015-05-04 11:00:00,小河,1、追尾的,负全部责任,不负责任,1,贵A349B1,白色,1,贵GM5038,白色,-1,铁二局驾校,-1,2014/12/1 0:00,江淮牌,-1,64190500000000000 ,676766000000000000 ,199305,198010,11,0,5,工作日,非高峰,2015-05-04,2015年5月4日,阵雨 /阵雨,20℃ / 14℃,东北风 ≤3级 /东北风 ≤3级,阵雨,阵雨,20,14,东北风,≤3级,东北风,≤3级,day
2015-05-04 11:10:00,青岩,1、追尾的,负全部责任,不负责任,1,贵A349B1,白色,1,贵GM5038,白色,-1,铁二局驾校,-1,2014/12/1 0:00,江淮牌,-1,64190500000000000 ,676766000000000000 ,199305,198010,11,0,5,工作日,非高峰,2015-05-04,2015年5月4日,阵雨 /阵雨,20℃ / 14℃,东北风 ≤3级 /东北风 ≤3级,阵雨,阵雨,20,14,东北风,≤3级,东北风,≤3级,day
2015-05-04 11:20:00,世纪城,7、未按规定让行的 ,负全部责任,不负责任,1,浙JM591L,白,1,闽C944AL,黑,-1,预约考试窗口,-1,2006/8/16 0:00,-1,翼虎牌,776264000000000000 ,36636051974949095X,197401,198308,11,0,5,工作日,非高峰,2015-05-04,2015年5月4日,阵雨 /阵雨,20℃ / 14℃,东北风 ≤3级 /东北风 ≤3级,阵雨,阵雨,20,14,东北风,≤3级,东北风,≤3级,day
2015-05-04 11:30:00,花果园,1、追尾的,负全部责任,不负责任,0,贵A6RZ61,蓝,1,贵FL7625,红,贵阳学院汽车驾驶培训,路路达驾校,2012/6/8 0:00,2013/5/29 0:00,-1,-1,366561000000000000 ,366063000000000000 ,198912,197304,11,0,5,工作日,非高峰,2015-05-04,2015年5月4日,阵雨 /阵雨,20℃ / 14℃,东北风 ≤3级 /东北风 ≤3级,阵雨,阵雨,20,14,东北风,≤3级,东北风,≤3级,day
2015-05-04 11:20:00,金苏东路,1、追尾的,负全部责任,不负责任,1,贵AKJ377,黑,1,贵AVA415,黑,-1,金大驾校,-1,2003/8/13 0:00,东风日产牌,起亚牌,366063000000000000 ,356667000000000000 ,199209,197802,11,0,5,工作日,非高峰,2015-05-04,2015年5月4日,阵雨 /阵雨,20℃ / 14℃,东北风 ≤3级 /东北风 ≤3级,阵雨,阵雨,20,14,东北风,≤3级,东北风,≤3级,day
2015-05-04 09:30:00,二戈寨,1、追尾的,负全部责任,不负责任,1,贵A989C4,白色,1,贵APU145,白色,全林驾校,顺一驾驶培训学校,2012/10/24 0:00,1996/12/30 0:00,五菱牌,长城牌,364556000000000000 ,364547000000000000 ,198806,195311,9,0,5,工作日,早高峰(7-9点),2015-05-04,2015年5月4日,阵雨 /阵雨,20℃ / 14℃,东北风 ≤3级 /东北风 ≤3级,阵雨,阵雨,20,14,东北风,≤3级,东北风,≤3级,day
2015-05-04 11:20:00,蟠桃宫,7、未按规定让行的 ,负全部责任,不负责任,0,贵A8E926,白,1,贵A32B75,红,全林驾校,-1,2014/3/19 0:00,-1,-1,长安牌,364547000000000000 ,364545000000 ,199207,203351,11,0,5,工作日,非高峰,2015-05-04,2015年5月4日,阵雨 /阵雨,20℃ / 14℃,东北风 ≤3级 /东北风 ≤3级,阵雨,阵雨,20,14,东北风,≤3级,东北风,≤3级,day
2015-05-04 11:03:00,世纪城,4、停车时未挂低速档、未拉驻车制动，导致车辆滑行的,负全部责任,不负责任,1,贵APF936,白,1,贵A8BV55,红,路路达驾校,-1,2012/8/16 0:00,-1,-1,别克牌,364557000000000000 ,366069000000000000 ,198604,197010,11,0,5,工作日,非高峰,2015-05-04,2015年5月4日,阵雨 /阵雨,20℃ / 14℃,东北风 ≤3级 /东北风 ≤3级,阵雨,阵雨,20,14,东北风,≤3级,东北风,≤3级,day
2015-05-04 12:20:00,五里冲,1、追尾的,负全部责任,不负责任,1,贵A90438,蓝,1,贵JDK461,黑,自培,时发驾校,2002/11/30 0:00,2014/11/10 0:00,嘉陵牌,-1,364557000000000000 ,355468000000000000 ,196507,199607,12,0,5,工作日,非高峰,2015-05-04,2015年5月4日,阵雨 /阵雨,20℃ / 14℃,东北风 ≤3级 /东北风 ≤3级,阵雨,阵雨,20,14,东北风,≤3级,东北风,≤3级,day
2015-05-04 10:00:00,田园里,7、未按规定让行的 ,负全部责任,不负责任,1,贵A28Y77,白色,1,贵AHC719,白色,-1,-1,1978/10/22 0:00,-1,奥迪牌,奥迪牌,364556000000000000 ,356169000000000000 ,195501,197606,10,0,5,工作日,非高峰,2015-05-04,2015年5月4日,阵雨 /阵雨,20℃ / 14℃,东北风 ≤3级 /东北风 ≤3级,阵雨,阵雨,20,14,东北风,≤3级,东北风,≤3级,day
2015-05-04 09:20:00,西二环,1、追尾的,负全部责任,不负责任,1,贵A46X46,白色,1,贵A68A81,白色,自培,520102,2007/1/18 0:00,2007/11/23 0:00,福克斯牌,三菱牌,36666151904159666X,786167000000000000 ,198409,198907,9,0,5,工作日,早高峰(7-9点),2015-05-04,2015年5月4日,阵雨 /阵雨,20℃ / 14℃,东北风 ≤3级 /东北风 ≤3级,阵雨,阵雨,20,14,东北风,≤3级,东北风,≤3级,day
2015-05-04 08:20:00,玉厂路,9、不符合前8款规定或者双方同时具有上述情形的,负全部责任,不负责任,1,贵HAN575,红,1,渝HE7818,黑,自培,-1,2005/2/7 0:00,-1,-1,-1,364547000000000000 ,357366000000000000 ,196406,196912,8,0,5,工作日,早高峰(7-9点),2015-05-04,2015年5月4日,阵雨 /阵雨,20℃ / 14℃,东北风 ≤3级 /东北风 ≤3级,阵雨,阵雨,20,14,东北风,≤3级,东北风,≤3级,day
2015-05-04 08:30:00,白金大道,7、未按规定让行的 ,负全部责任,不负责任,1,贵ARE745,蓝,1,贵A01952,白,自培,-1,2004/5/10 0:00,-1,雪佛兰牌,轰轰烈,366361000000000000 ,364647000000000000 ,198009,198712,8,0,5,工作日,早高峰(7-9点),2015-05-04,2015年5月4日,阵雨 /阵雨,20℃ / 14℃,东北风 ≤3级 /东北风 ≤3级,阵雨,阵雨,20,14,东北风,≤3级,东北风,≤3级,day
2015-05-04 10:20:00,金阳,7、未按规定让行的 ,负全部责任,不负责任,1,贵ATG521,白,1,贵AU0957,黄,贵州省长安驾驶培训学校,十一培,2010/9/3 0:00,1995/6/6 0:00,威志牌,捷达牌,366370000000000000 ,364547000000000000 ,197805,196307,10,0,5,工作日,非高峰,2015-05-04,2015年5月4日,阵雨 /阵雨,20℃ / 14℃,东北风 ≤3级 /东北风 ≤3级,阵雨,阵雨,20,14,东北风,≤3级,东北风,≤3级,day
2015-05-04 09:00:00,朝阳洞路,7、未按规定让行的 ,负全部责任,不负责任,1,贵JDT923,白色,1,贵AU6756,白色,自培,十一培,2006/10/20 0:00,1996/1/20 0:00,-1,金福牌,366876000000000000 ,364551000000000000 ,196710,197608,9,0,5,工作日,早高峰(7-9点),2015-05-04,2015年5月4日,阵雨 /阵雨,20℃ / 14℃,东北风 ≤3级 /东北风 ≤3级,阵雨,阵雨,20,14,东北风,≤3级,东北风,≤3级,day
2015-05-04 08:30:00,新路口城市方舟地下停车厂,3、倒车的,负全部责任,不负责任,1,贵A26L28,白色,1,贵AD0776,白色,自培,十一培,2001/12/25 0:00,1994/11/6 0:00,吉利牌,双狮牌,366364000000000000 ,364547000000000000 ,195801,194904,8,0,5,工作日,早高峰(7-9点),2015-05-04,2015年5月4日,阵雨 /阵雨,20℃ / 14℃,东北风 ≤3级 /东北风 ≤3级,阵雨,阵雨,20,14,东北风,≤3级,东北风,≤3级,day
2015-05-04 10:40:00,湘雅村,7、未按规定让行的 ,负全部责任,不负责任,1,贵AGJ054,白色,1,贵AU5106,白色,自培,十一培,2006/1/13 0:00,1990/2/27 0:00,五菱牌,陆胜牌,73474551934159637X,364547000000000000 ,198509,196805,10,0,5,工作日,非高峰,2015-05-04,2015年5月4日,阵雨 /阵雨,20℃ / 14℃,东北风 ≤3级 /东北风 ≤3级,阵雨,阵雨,20,14,东北风,≤3级,东北风,≤3级,day
2015-05-04 08:43:00,贵惠路口,7、未按规定让行的 ,负全部责任,不负责任,1,贵A31A36,蓝,1,贵AV7858,黑,鑫鑫驾校,自培,2011/12/26 0:00,2004/1/29 0:00,晶锐牌,宗申牌,366846000000000000 ,36606351885474745X,198112,197710,8,0,5,工作日,早高峰(7-9点),2015-05-04,2015年5月4日,阵雨 /阵雨,20℃ / 14℃,东北风 ≤3级 /东北风 ≤3级,阵雨,阵雨,20,14,东北风,≤3级,东北风,≤3级,day
2015-05-04 10:40:00,花二道,1、追尾的,负全部责任,不负责任,1,贵A86453,白色,1,贵ABX844,白色,自培,自培,2012/12/28 0:00,2004/9/6 0:00,五十铃牌,福克斯牌,364556000000000000 ,366862000000000000 ,198912,196106,10,0,5,工作日,非高峰,2015-05-04,2015年5月4日,阵雨 /阵雨,20℃ / 14℃,东北风 ≤3级 /东北风 ≤3级,阵雨,阵雨,20,14,东北风,≤3级,东北风,≤3级,day
2015-05-04 09:30:00,北京路,1、追尾的,负全部责任,不负责任,1,贵AP1927,红,1,贵AAY110,白,诚信驾驶培训学校,自培,2015/2/4 0:00,2004/9/27 0:00,双庆牌,发现4,366546000000000000 ,764167000000000000 ,198307,197510,9,0,5,工作日,早高峰(7-9点),2015-05-04,2015年5月4日,阵雨 /阵雨,20℃ / 14℃,东北风 ≤3级 /东北风 ≤3级,阵雨,阵雨,20,14,东北风,≤3级,东北风,≤3级,day
2015-05-04 11:02:00,汪家湾,3、倒车的,负全部责任,不负责任,1,贵AEE244,白,1,贵BY1642,白,520109,-1,2006/12/5 0:00,-1,梅赛德斯-奔驰牌,-1,366367000000000000 ,364557000000000000 ,198001,197403,11,0,5,工作日,非高峰,2015-05-04,2015年5月4日,阵雨 /阵雨,20℃ / 14℃,东北风 ≤3级 /东北风 ≤3级,阵雨,阵雨,20,14,东北风,≤3级,东北风,≤3级,day
2015-05-04 13:00:00,南明区,3、倒车的,负全部责任,不负责任,1,贵A953F1,白色,1,贵A809F9,白色,-1,520130,-1,2010/1/26 0:00,凯马牌,华神牌,376570000000000000 ,366066000000000000 ,198102,196912,13,0,5,工作日,非高峰,2015-05-04,2015年5月4日,阵雨 /阵雨,20℃ / 14℃,东北风 ≤3级 /东北风 ≤3级,阵雨,阵雨,20,14,东北风,≤3级,东北风,≤3级,day
2015-05-04 15:00:00,花溪,8、依法应负全责的其他情形,负全部责任,不负责任,1,贵GL5827,白色,1,贵ARD670,白色,-1,-1,-1,-1,-1,-1,364545000000 ,664345000000 ,238755,374254,15,0,5,工作日,非高峰,2015-05-04,2015年5月4日,阵雨 /阵雨,20℃ / 14℃,东北风 ≤3级 /东北风 ≤3级,阵雨,阵雨,20,14,东北风,≤3级,东北风,≤3级,day
2015-05-04 14:00:00,小十字,1、追尾的,负全部责任,不负责任,1,贵GT4217,白,1,贵A79A99,蓝,（南明区）市交通职业技术驾驶培训学校,新华驾校,2010/2/10 0:00,2012/3/27 0:00,-1,东风日产牌,364547000000000000 ,364547000000000000 ,198904,197009,14,0,5,工作日,非高峰,2015-05-04,2015年5月4日,阵雨 /阵雨,20℃ / 14℃,东北风 ≤3级 /东北风 ≤3级,阵雨,阵雨,20,14,东北风,≤3级,东北风,≤3级,day
2015-05-04 14:00:00,金阳,7、未按规定让行的 ,负全部责任,不负责任,1,贵A468J2,黑,1,贵A4AS65,蓝,文通驾校,诚信驾驶培训学校,2011/11/3 0:00,2013/2/2 0:00,江淮牌,奇瑞牌,364566000000000000 ,364548000000000000 ,198603,198203,14,0,5,工作日,非高峰,2015-05-04,2015年5月4日,阵雨 /阵雨,20℃ / 14℃,东北风 ≤3级 /东北风 ≤3级,阵雨,阵雨,20,14,东北风,≤3级,东北风,≤3级,day
2015-05-04 15:10:00,西南商贸城,8、依法应负全责的其他情形,负全部责任,不负责任,1,贵ANX183,白,1,贵A73K15,黄,自培,长运驾校,-1,2013/7/30 0:00,梅赛德斯-奔驰,长安牌,366370000000000000 ,364547000000000000 ,197709,198109,15,0,5,工作日,非高峰,2015-05-04,2015年5月4日,阵雨 /阵雨,20℃ / 14℃,东北风 ≤3级 /东北风 ≤3级,阵雨,阵雨,20,14,东北风,≤3级,东北风,≤3级,day
2015-05-05 14:40:00,东林寺路,3、倒车的,负全部责任,不负责任,1,贵H059E9,白,0,贵B21100,蓝,-1,六盘水市达安驾驶培训学校,-1,-1,-1,-1,726768000000000000 ,366363000000000000 ,196807,197910,14,1,5,工作日,非高峰,2015-05-05,2015年5月5日,阵雨 /阵雨,21℃ / 15℃,南风 ≤3级 /南风 ≤3级,阵雨,阵雨,21,15,南风,≤3级,南风,≤3级,day
2015-05-04 13:30:00,龙洞堡, ,负全部责任,不负责任,1,鄂D9M082,红,1,小鬼AU2179,蓝,-1,毕节地区宏强驾校,-1,2005/9/26 0:00,-1,-1,65447500000000000 ,366064000000000000 ,197911,198406,13,0,5,工作日,非高峰,2015-05-04,2015年5月4日,阵雨 /阵雨,20℃ / 14℃,东北风 ≤3级 /东北风 ≤3级,阵雨,阵雨,20,14,东北风,≤3级,东北风,≤3级,day
2015-05-04 15:10:00,新添寨火炬大道,1、追尾的,负全部责任,不负责任,1,贵GN6927,白色,1,贵A43E24,白色,-1,（南明区）长安驾驶培训有限公司,-1,2014/4/3 0:00,-1,东风标致牌,344667000000000000 ,364556000000000000 ,198909,198609,15,0,5,工作日,非高峰,2015-05-04,2015年5月4日,阵雨 /阵雨,20℃ / 14℃,东北风 ≤3级 /东北风 ≤3级,阵雨,阵雨,20,14,东北风,≤3级,东北风,≤3级,day
2015-05-04 13:28:00,白云,1、追尾的,负全部责任,不负责任,1,贵AC931L,红,1,贵ATM684,红,-1,贵阳万里圣驾校,-1,2014/6/3 0:00,-1,长安,355361000000000000 ,366368000000000000 ,199310,198008,13,0,5,工作日,非高峰,2015-05-04,2015年5月4日,阵雨 /阵雨,20℃ / 14℃,东北风 ≤3级 /东北风 ≤3级,阵雨,阵雨,20,14,东北风,≤3级,东北风,≤3级,day
2015-05-04 16:30:00,绿地环保,7、未按规定让行的 ,负全部责任,不负责任,1,贵A8V037,黑,1,贵A2BP82,蓝,520131,路路达驾校,-1,2015/2/3 0:00,-1,雪佛兰牌,65497500000000000 ,364548000000000000 ,197601,199102,16,0,5,工作日,非高峰,2015-05-04,2015年5月4日,阵雨 /阵雨,20℃ / 14℃,东北风 ≤3级 /东北风 ≤3级,阵雨,阵雨,20,14,东北风,≤3级,东北风,≤3级,day
2015-05-04 17:00:00,小河,3、倒车的,负全部责任,不负责任,1,贵A490F4,白色,1,贵GM3490,白色,（经开区）十一驾驶培训有限公司,铁二局驾校,2008/12/2 0:00,2010/8/26 0:00,江淮牌,-1,366368000000000000 ,354567000000000000 ,196510,197701,17,0,5,工作日,晚高峰(17-19点),2015-05-04,2015年5月4日,阵雨 /阵雨,20℃ / 14℃,东北风 ≤3级 /东北风 ≤3级,阵雨,阵雨,20,14,东北风,≤3级,东北风,≤3级,day
2015-05-04 17:40:00,北京西路,7、未按规定让行的 ,负全部责任,不负责任,1,贵A54G55,黑,1,贵ANS469,黑,（南明区）金大驾驶培训有限公司,自培,2006/6/8 0:00,2008/2/28 0:00,梅赛德斯-奔驰牌,丰田牌,366271000000000000 ,366567000000000000 ,198108,197009,17,0,5,工作日,晚高峰(17-19点),2015-05-04,2015年5月4日,阵雨 /阵雨,20℃ / 14℃,东北风 ≤3级 /东北风 ≤3级,阵雨,阵雨,20,14,东北风,≤3级,东北风,≤3级,day
2015-05-04 17:10:00,二铺,1、追尾的,负全部责任,不负责任,1,贵FV7023,黑,1,贵CNT261,白,毕节地区宏强汽车(摩托车)驾驶培训学校,消防驾校,-1,2014/5/5 0:00,-1,-1,366064000000000000 ,366563000000000000 ,197910,199503,17,0,5,工作日,晚高峰(17-19点),2015-05-04,2015年5月4日,阵雨 /阵雨,20℃ / 14℃,东北风 ≤3级 /东北风 ≤3级,阵雨,阵雨,20,14,东北风,≤3级,东北风,≤3级,day
2015-05-04 16:00:00,南二环,1、追尾的,负全部责任,不负责任,1,贵A2916A,黑,1,贵A19N12,黑,-1,自培,-1,2004/12/1 0:00,-1,雅阁牌,354166000000000000 ,355266000000000000 ,198102,198608,16,0,5,工作日,非高峰,2015-05-04,2015年5月4日,阵雨 /阵雨,20℃ / 14℃,东北风 ≤3级 /东北风 ≤3级,阵雨,阵雨,20,14,东北风,≤3级,东北风,≤3级,day
2015-05-04 17:30:00,油榨街,8、依法应负全责的其他情形,负全部责任,不负责任,1,贵AA202U,白色,1,贵AU6573,白色,贵州平安驾驶培训学校,遵义市泥桥诚兴汽车驾驶培训学校,2014/7/23 0:00,2006/8/10 0:00,-1,大阳牌,576005000000000000 ,366567000000000000 ,197812,198511,17,0,5,工作日,晚高峰(17-19点),2015-05-04,2015年5月4日,阵雨 /阵雨,20℃ / 14℃,东北风 ≤3级 /东北风 ≤3级,阵雨,阵雨,20,14,东北风,≤3级,东北风,≤3级,day
2015-05-04 10:05:00,世纪城,8、依法应负全责的其他情形,负全部责任,不负责任,1,贵ACY686,白,1,贵GY5931,红,自培,-1,2007/8/2 0:00,-1,大众牌,-1,36606651914751795X,705667000000000000 ,198903,198310,10,0,5,工作日,非高峰,2015-05-04,2015年5月4日,阵雨 /阵雨,20℃ / 14℃,东北风 ≤3级 /东北风 ≤3级,阵雨,阵雨,20,14,东北风,≤3级,东北风,≤3级,day
2015-05-04 14:55:00,大西门,1、追尾的,负全部责任,不负责任,1,贵A0BJ56,蓝,1,贵AT5683,白,自培,消防驾校,2004/1/17 0:00,1999/7/25 0:00,福克斯牌,青年牌,36666951284743446X,364548000000000000 ,196703,198107,14,0,5,工作日,非高峰,2015-05-04,2015年5月4日,阵雨 /阵雨,20℃ / 14℃,东北风 ≤3级 /东北风 ≤3级,阵雨,阵雨,20,14,东北风,≤3级,东北风,≤3级,day
2015-05-04 12:30:00,花果园立交桥,1、追尾的,负全部责任,不负责任,1,贵AMC139,白色,1,贵FV6823,白色,自培,-1,2003/4/2 0:00,-1,广州雅阁,-1,03476551864874245X,366067000000000000 ,197207,198812,12,0,5,工作日,非高峰,2015-05-04,2015年5月4日,阵雨 /阵雨,20℃ / 14℃,东北风 ≤3级 /东北风 ≤3级,阵雨,阵雨,20,14,东北风,≤3级,东北风,≤3级,day
2015-05-04 16:10:00,洪福盛宴,4、停车时未挂低速档、未拉驻车制动，导致车辆滑行的,负全部责任,不负责任,1,贵GAB865,白色,1,贵JBT349,白色,凯信驾校,十一培,2014/4/23 0:00,1994/9/7 0:00,-1,-1,35706351174860795X,364547000000000000 ,199307,197508,16,0,5,工作日,非高峰,2015-05-04,2015年5月4日,阵雨 /阵雨,20℃ / 14℃,东北风 ≤3级 /东北风 ≤3级,阵雨,阵雨,20,14,东北风,≤3级,东北风,≤3级,day
2015-05-04 14:15:00,油榨街,7、未按规定让行的 ,负全部责任,不负责任,1,贵ANV978,白色,1,贵ANC128,白色,金大驾校,自培,2012/3/30 0:00,2012/4/11 0:00,雷克萨斯,长安牌,364548000000000000 ,366864000000000000 ,198702,198110,14,0,5,工作日,非高峰,2015-05-04,2015年5月4日,阵雨 /阵雨,20℃ / 14℃,东北风 ≤3级 /东北风 ≤3级,阵雨,阵雨,20,14,东北风,≤3级,东北风,≤3级,day
2015-05-04 13:00:00,贵惠大道,7、未按规定让行的 ,负全部责任,不负责任,1,贵A17R93,白色,1,贵A68F24,白色,自培,自培,2009/7/25 0:00,2003/5/15 0:00,福田牌,东风雪铁龙牌,674591000000000000 ,364548000000000000 ,198905,197805,13,0,5,工作日,非高峰,2015-05-04,2015年5月4日,阵雨 /阵雨,20℃ / 14℃,东北风 ≤3级 /东北风 ≤3级,阵雨,阵雨,20,14,东北风,≤3级,东北风,≤3级,day
2015-05-04 17:17:00,偏坡,8、依法应负全责的其他情形,负全部责任,不负责任,1,贵A736E7,红,1,贵A7BF28,白,天行健驾校,人武驾校,2010/11/23 0:00,2012/5/16 0:00,-1,东风日产牌,366664000000000000 ,574666000000000000 ,198612,198905,17,0,5,工作日,晚高峰(17-19点),2015-05-04,2015年5月4日,阵雨 /阵雨,20℃ / 14℃,东北风 ≤3级 /东北风 ≤3级,阵雨,阵雨,20,14,东北风,≤3级,东北风,≤3级,day
2015-05-04 18:00:00,北京西路,9、不符合前8款规定或者双方同时具有上述情形的,负全部责任,不负责任,1,粤B8F4N5,红,1,贵AU1945,黄,-1,黔西县宏远黔职驾校,-1,2008/9/27 0:00,-1,凌肯牌,705666000000000000 ,366068000000000000 ,198111,197903,18,0,5,工作日,晚高峰(17-19点),2015-05-04,2015年5月4日,阵雨 /阵雨,20℃ / 14℃,东北风 ≤3级 /东北风 ≤3级,阵雨,阵雨,20,14,东北风,≤3级,东北风,≤3级,day
2015-05-04 17:00:00,花二道,9、不符合前8款规定或者双方同时具有上述情形的,负同等责任,负同等责任,1,贵JBR471,白色,1,贵AB034A,白色,消防驾校,消防驾校,2011/11/29 0:00,2013/5/7 0:00,-1,宝马牌,364551000000000000 ,364596000000000000 ,198709,199406,17,0,5,工作日,晚高峰(17-19点),2015-05-04,2015年5月4日,阵雨 /阵雨,20℃ / 14℃,东北风 ≤3级 /东北风 ≤3级,阵雨,阵雨,20,14,东北风,≤3级,东北风,≤3级,day
2015-05-04 15:51:00,北二环,7、未按规定让行的 ,负全部责任,不负责任,1,渝BHK182,红,1,贵A2971Y,白,-1,（修文县）智杰驾驶培训有限公司,-1,2006/7/27 0:00,-1,北京牌,344557000000000000 ,364548000000000000 ,199519,198612,15,0,5,工作日,非高峰,2015-05-04,2015年5月4日,阵雨 /阵雨,20℃ / 14℃,东北风 ≤3级 /东北风 ≤3级,阵雨,阵雨,20,14,东北风,≤3级,东北风,≤3级,day
2015-05-04 17:58:00,花果园,1、追尾的,负全部责任,不负责任,1,贵JDN275,蓝,1,贵GJ8889,红,诚信驾驶培训学校,-1,2014/5/19 0:00,-1,-1,-1,364556000000000000 ,364548000000000000 ,198206,199105,17,0,5,工作日,晚高峰(17-19点),2015-05-04,2015年5月4日,阵雨 /阵雨,20℃ / 14℃,东北风 ≤3级 /东北风 ≤3级,阵雨,阵雨,20,14,东北风,≤3级,东北风,≤3级,day
2015-05-04 18:00:00,花香村,1、追尾的,负全部责任,不负责任,1,贵AN1164,白色,1,贵A9B71,白色,-1,长运驾校,-1,2012/8/29 0:00,五菱牌,-1,354168000000000000 ,364548000000000000 ,196706,198209,18,0,5,工作日,晚高峰(17-19点),2015-05-04,2015年5月4日,阵雨 /阵雨,20℃ / 14℃,东北风 ≤3级 /东北风 ≤3级,阵雨,阵雨,20,14,东北风,≤3级,东北风,≤3级,day
2015-05-04 18:11:00,云潭北路,7、未按规定让行的 ,负全部责任,不负责任,1,贵A8837W,红,1,贵A84G58,红,-1,吉源驾校,-1,2013/8/5 0:00,五菱牌,大众牌,364557000000000000 ,36636151934262446X,198309,198506,18,0,5,工作日,晚高峰(17-19点),2015-05-04,2015年5月4日,阵雨 /阵雨,20℃ / 14℃,东北风 ≤3级 /东北风 ≤3级,阵雨,阵雨,20,14,东北风,≤3级,东北风,≤3级,day
2015-05-04 20:35:00,石林路,8、依法应负全责的其他情形,负全部责任,不负责任,1,贵JDZ446,白,1,贵A83047,白,-1,金大驾校,-1,2012/11/26 0:00,-1,解放,36464651925652140X,355247000000000000 ,198612,199404,20,0,5,工作日,非高峰,2015-05-04,2015年5月4日,阵雨 /阵雨,20℃ / 14℃,东北风 ≤3级 /东北风 ≤3级,阵雨,阵雨,20,14,东北风,≤3级,东北风,≤3级,night
2015-05-04 21:00:00,东二环,9、不符合前8款规定或者双方同时具有上述情形的,负同等责任,负同等责任,1,鄂AHF218,白色,1,贵JCC225,白色,-1,贵州现代驾驶培训责任有限公司,-1,2010/5/27 0:00,比亚迪牌,-1,366570000000000000 ,366070000000000000 ,198401,198509,21,0,5,工作日,非高峰,2015-05-04,2015年5月4日,阵雨 /阵雨,20℃ / 14℃,东北风 ≤3级 /东北风 ≤3级,阵雨,阵雨,20,14,东北风,≤3级,东北风,≤3级,night