accidenttime,accidentaddr,driver1fault,driver1responsibility,driver2responsibility,sex1,platenumber1,carcolor1,sex2,platenumber2,carcolor2,jxmc1,jxmc2,cclzrq1,cclzrq2,clpp1,clpp2,driver1license,driver2license,brith1,brith2,hour,weekday,month,is_weekday,peak_hour,date,日期,天气状况,气温,风力风向,day_wea,night_wea,day_tep,night_tep,day_wind_direction,day_wind_speed,night_wind_direction,night_wind_speed,segment
2015-05-05 02:30:00,O八三,7、未按规定让行的 ,负全部责任,不负责任,1,贵CVK522,红,1,贵A3419V,红,-1,长运驾校（南明区）,-1,2015/3/24 0:00,-1,-1,366567000000000000 ,36606651994247366X,199201,198806,2,1,5,工作日,非高峰,2015-05-05,2015年5月5日,阵雨 /阵雨,21℃ / 15℃,南风 ≤3级 /南风 ≤3级,阵雨,阵雨,21,15,南风,≤3级,南风,≤3级,night
2015-05-05 04:30:00,二戈寨,3、倒车的,负全部责任,不负责任,1,贵CHS194,白色,1,贵A00004,白色,-1,消防驾校,-1,1996/10/11 0:00,-1,徐工牌,364646000000000000 ,36454751854543645X,198703,197101,4,1,5,工作日,非高峰,2015-05-05,2015年5月5日,阵雨 /阵雨,21℃ / 15℃,南风 ≤3级 /南风 ≤3级,阵雨,阵雨,21,15,南风,≤3级,南风,≤3级,night
2015-05-05 07:00:00,沙冲路,7、未按规定让行的 ,负全部责任,不负责任,1,贵AT5348,白色,1,贵A1553P,白色,-1,贵阳学院汽车驾驶培训,1975/3/18 0:00,2010/7/12 0:00,黄河牌,飞度牌,364548000000000000 ,36454651994265796X,195601,198806,7,1,5,工作日,早高峰(7-9点),2015-05-05,2015年5月5日,阵雨 /阵雨,21℃ / 15℃,南风 ≤3级 /南风 ≤3级,阵雨,阵雨,21,15,南风,≤3级,南风,≤3级,day
2015-05-04 18:20:00,开发大道,7、未按规定让行的 ,负全部责任,不负责任,1,贵A52E45,白色,1,贵AH7513,白色,自培,贵州现代驾驶培训责任有限公司,2005/8/9 0:00,2013/1/25 0:00,东风标致牌,丰田,574664000000000000 ,366768000000000000 ,197810,198605,18,0,5,工作日,晚高峰(17-19点),2015-05-04,2015年5月4日,阵雨 /阵雨,20℃ / 14℃,东北风 ≤3级 /东北风 ≤3级,阵雨,阵雨,20,14,东北风,≤3级,东北风,≤3级,day
2015-05-05 06:00:00,五里冲,7、未按规定让行的 ,负全部责任,不负责任,1,贵A9940K,白,1,渝B6V745,黑,-1,十一培,-1,1990/6/1 0:00,长安牌,-1,36666951214959648X,364547000000000000 ,196908,196812,6,1,5,工作日,非高峰,2015-05-05,2015年5月5日,阵雨 /阵雨,21℃ / 15℃,南风 ≤3级 /南风 ≤3级,阵雨,阵雨,21,15,南风,≤3级,南风,≤3级,day
2015-05-04 15:30:00,服务大楼,8、依法应负全责的其他情形,负全部责任,不负责任,1,贵A403J9,白色,1,贵A32Z18,白色,自培,十一培,2000/8/17 0:00,1993/4/15 0:00,长安牌,梅赛德斯-奔驰,366063000000000000 ,364547000000000000 ,197311,197310,15,0,5,工作日,非高峰,2015-05-04,2015年5月4日,阵雨 /阵雨,20℃ / 14℃,东北风 ≤3级 /东北风 ≤3级,阵雨,阵雨,20,14,东北风,≤3级,东北风,≤3级,day
2015-05-04 15:30:00,八匹马,1、追尾的,负全部责任,不负责任,1,贵A89E17,白,1,贵AV7822,蓝,自培,十一培,2002/7/30 0:00,1994/2/25 0:00,指南者,东风标致牌,366364000000000000 ,364547000000000000 ,196707,196706,15,0,5,工作日,非高峰,2015-05-04,2015年5月4日,阵雨 /阵雨,20℃ / 14℃,东北风 ≤3级 /东北风 ≤3级,阵雨,阵雨,20,14,东北风,≤3级,东北风,≤3级,day
2015-05-04 16:30:00,粑粑坳,2、逆行的,负全部责任,不负责任,1,贵AB5671,蓝,1,贵A6857M,黑,（经开区）十一驾驶培训有限公司,自培,2007/10/22 0:00,2008/6/5 0:00,长安,北京现代牌,364556000000000000 ,354168000000000000 ,197702,198410,16,0,5,工作日,非高峰,2015-05-04,2015年5月4日,阵雨 /阵雨,20℃ / 14℃,东北风 ≤3级 /东北风 ≤3级,阵雨,阵雨,20,14,东北风,≤3级,东北风,≤3级,day
2015-05-05 07:23:00,东新路,7、未按规定让行的 ,负全部责任,不负责任,0,贵A9BM72,白,1,贵A90197,白,（南明区）阳光驾驶培训有限公司,自培,2005/1/11 0:00,2002/9/12 0:00,别克牌,程力威牌,366367000000000000 ,364556000000000000 ,198008,196907,7,1,5,工作日,早高峰(7-9点),2015-05-05,2015年5月5日,阵雨 /阵雨,21℃ / 15℃,南风 ≤3级 /南风 ≤3级,阵雨,阵雨,21,15,南风,≤3级,南风,≤3级,day
2015-05-04 15:20:00,北京西路, ,负全部责任,不负责任,1,贵A74S27,红,1,贵CBX366,黑,自培,自培,2002/11/1 0:00,2012/8/6 0:00,明锐牌,-1,364557000000000000 ,36656551145543847X,198409,199011,15,0,5,工作日,非高峰,2015-05-04,2015年5月4日,阵雨 /阵雨,20℃ / 14℃,东北风 ≤3级 /东北风 ≤3级,阵雨,阵雨,20,14,东北风,≤3级,东北风,≤3级,day
2015-05-04 17:30:00,都司路,7、未按规定让行的 ,负全部责任,不负责任,1,贵ALA540,黄,0,贵A2CC71,白,自培,自培,2000/2/15 0:00,2001/2/21 0:00,迪马牌,马自达牌,366347000000000000 ,366346000000000000 ,197810,198208,17,0,5,工作日,晚高峰(17-19点),2015-05-04,2015年5月4日,阵雨 /阵雨,20℃ / 14℃,东北风 ≤3级 /东北风 ≤3级,阵雨,阵雨,20,14,东北风,≤3级,东北风,≤3级,day
2015-05-04 17:21:00,湘雅村,8、依法应负全责的其他情形,负全部责任,不负责任,1,贵AC881P,蓝,0,贵ANB854,红,自培,自培,2003/1/16 0:00,2003/8/5 0:00,夏利,福特牌,364547000000000000 ,364547000000000000 ,196902,198405,17,0,5,工作日,晚高峰(17-19点),2015-05-04,2015年5月4日,阵雨 /阵雨,20℃ / 14℃,东北风 ≤3级 /东北风 ≤3级,阵雨,阵雨,20,14,东北风,≤3级,东北风,≤3级,day
2015-05-04 15:50:00,小河五大队,8、依法应负全责的其他情形,负全部责任,不负责任,1,贵A12A59,白色,1,贵AV1676,白色,自培,自培,2003/2/25 0:00,2006/12/30 0:00,凯迪拉克牌,思威牌,364547000000000000 ,366561000000000000 ,196001,198712,15,0,5,工作日,非高峰,2015-05-04,2015年5月4日,阵雨 /阵雨,20℃ / 14℃,东北风 ≤3级 /东北风 ≤3级,阵雨,阵雨,20,14,东北风,≤3级,东北风,≤3级,day
2015-05-05 01:00:00,金阳沃尔玛,7、未按规定让行的 ,负全部责任,不负责任,1,贵A3654U,白,0,渝B76R72,黑,（白云区）消防驾驶培训学校,-1,2007/4/19 0:00,-1,五菱牌,-1,364557000000000000 ,35466251835641126X,195906,197512,1,1,5,工作日,非高峰,2015-05-05,2015年5月5日,阵雨 /阵雨,21℃ / 15℃,南风 ≤3级 /南风 ≤3级,阵雨,阵雨,21,15,南风,≤3级,南风,≤3级,night
2015-05-05 09:09:00,市公安局,7、未按规定让行的 ,负全部责任,不负责任,1,贵A3CF64,红,1,贵AA534J,白,文通驾校,-1,2011/1/5 0:00,-1,长安牌,丰田牌,366367000000000000 ,36666851144962047X,197204,199008,9,1,5,工作日,早高峰(7-9点),2015-05-05,2015年5月5日,阵雨 /阵雨,21℃ / 15℃,南风 ≤3级 /南风 ≤3级,阵雨,阵雨,21,15,南风,≤3级,南风,≤3级,day
2015-05-05 09:00:00,军区,8、依法应负全责的其他情形,负全部责任,不负责任,1,贵A464A3,白色,1,贵A95C87,白色,黔南东方机动车驾驶培训学校,-1,2011/5/20 0:00,-1,解放牌,北京现代牌,364596000000000000 ,364547000000000 ,199012,560915,9,1,5,工作日,早高峰(7-9点),2015-05-05,2015年5月5日,阵雨 /阵雨,21℃ / 15℃,南风 ≤3级 /南风 ≤3级,阵雨,阵雨,21,15,南风,≤3级,南风,≤3级,day
2015-05-05 09:00:00,东山,8、依法应负全责的其他情形,负全部责任,不负责任,1,贵AS5437,白色,1,贵A640G6,白色,-1,新华驾校（乌当区）,-1,2014/9/9 0:00,东宏牌,福田牌,364547000000000000 ,366068000000000000 ,197202,199304,9,1,5,工作日,早高峰(7-9点),2015-05-05,2015年5月5日,阵雨 /阵雨,21℃ / 15℃,南风 ≤3级 /南风 ≤3级,阵雨,阵雨,21,15,南风,≤3级,南风,≤3级,day
2015-05-05 08:30:00,绿洲湾小区,3、倒车的,负全部责任,不负责任,1,贵A3EB73,白,1,贵A3232C,蓝,-1,预约考试窗口,-1,2007/4/17 0:00,福特牌,雪佛兰牌,36455700000000000 ,364557000000000000 ,199102,198810,8,1,5,工作日,早高峰(7-9点),2015-05-05,2015年5月5日,阵雨 /阵雨,21℃ / 15℃,南风 ≤3级 /南风 ≤3级,阵雨,阵雨,21,15,南风,≤3级,南风,≤3级,day
2015-05-05 08:00:00,二戈寨,7、未按规定让行的 ,负全部责任,不负责任,1,贵A52K65,白色,1,贵A0BP74,白色,黔东南州交通驾驶培训学校,-1,2011/8/31 0:00,-1,名爵牌,五菱牌,366246000000000000 ,354668000000000000 ,197105,197306,8,1,5,工作日,早高峰(7-9点),2015-05-05,2015年5月5日,阵雨 /阵雨,21℃ / 15℃,南风 ≤3级 /南风 ≤3级,阵雨,阵雨,21,15,南风,≤3级,南风,≤3级,day
2015-05-04 18:30:00,八匹马, ,负全部责任,不负责任,1,贵GS6959,白,1,贵A55N23,白,自培,预约考试窗口,2003/1/8 0:00,2006/8/28 0:00,-1,吉利牌,366363000000000000 ,366064000000000000 ,197702,196607,18,0,5,工作日,晚高峰(17-19点),2015-05-04,2015年5月4日,阵雨 /阵雨,20℃ / 14℃,东北风 ≤3级 /东北风 ≤3级,阵雨,阵雨,20,14,东北风,≤3级,东北风,≤3级,day
2015-05-04 22:30:00,蔡家关,7、未按规定让行的 ,负全部责任,不负责任,1,贵AS2241,白色,1,贵AU4922,白色,自培,自培,2001/8/13 0:00,2005/9/26 0:00,东风标致牌,金舰牌,366267000000000000 ,366347000000000000 ,197101,198304,22,0,5,工作日,非高峰,2015-05-04,2015年5月4日,阵雨 /阵雨,20℃ / 14℃,东北风 ≤3级 /东北风 ≤3级,阵雨,阵雨,20,14,东北风,≤3级,东北风,≤3级,night
2015-05-04 18:00:00,沙冲路口,4、停车时未挂低速档、未拉驻车制动，导致车辆滑行的,负全部责任,不负责任,1,贵AW2409,白色,1,贵A69096,白色,（经开区）十一驾驶培训有限公司,十一培,2005/1/7 0:00,1991/1/5 0:00,隆鑫牌,宇通牌,364547000000000000 ,344667000000000000 ,197401,197010,18,0,5,工作日,晚高峰(17-19点),2015-05-04,2015年5月4日,阵雨 /阵雨,20℃ / 14℃,东北风 ≤3级 /东北风 ≤3级,阵雨,阵雨,20,14,东北风,≤3级,东北风,≤3级,day
2015-05-05 08:30:00,小车河,7、未按规定让行的 ,负全部责任,不负责任,0,贵A46L58,蓝,0,贵AEX936,红,（经开区）十一驾驶培训有限公司,十一培,2008/2/22 0:00,1994/9/15 0:00,东风标致牌,荣威牌,364548000000000000 ,364547000000000000 ,198312,196302,8,1,5,工作日,早高峰(7-9点),2015-05-05,2015年5月5日,阵雨 /阵雨,21℃ / 15℃,南风 ≤3级 /南风 ≤3级,阵雨,阵雨,21,15,南风,≤3级,南风,≤3级,day
2015-05-05 09:00:00,甲秀南路,1、追尾的,负全部责任,不负责任,1,贵A2BF44,白色,1,贵AGQ352,白色,-1,自培,-1,2003/9/8 0:00,大众汽车牌,豪情牌,364556000000000000 ,356746000000000000 ,198908,197610,9,1,5,工作日,早高峰(7-9点),2015-05-05,2015年5月5日,阵雨 /阵雨,21℃ / 15℃,南风 ≤3级 /南风 ≤3级,阵雨,阵雨,21,15,南风,≤3级,南风,≤3级,day
2015-05-05 07:40:00,螺丝山路,4、停车时未挂低速档、未拉驻车制动，导致车辆滑行的,负全部责任,不负责任,1,贵AHT569,红,1,贵CEX808,蓝,贵州省长安驾驶培训学校,自培,2010/4/7 0:00,2005/6/29 0:00,夏利牌,-1,364548000000000000 ,366562000000000000 ,196104,198202,7,1,5,工作日,早高峰(7-9点),2015-05-05,2015年5月5日,阵雨 /阵雨,21℃ / 15℃,南风 ≤3级 /南风 ≤3级,阵雨,阵雨,21,15,南风,≤3级,南风,≤3级,day
2015-05-05 08:30:00,合群路,3、倒车的,负全部责任,不负责任,1,贵AU5859,白色,1,贵AHF975,白色,（经开区）十一驾驶培训有限公司,自培,2005/7/8 0:00,2004/11/24 11:22,桑塔纳牌,哈飞牌,364547000000000000 ,364547000000000000 ,197003,196308,8,1,5,工作日,早高峰(7-9点),2015-05-05,2015年5月5日,阵雨 /阵雨,21℃ / 15℃,南风 ≤3级 /南风 ≤3级,阵雨,阵雨,21,15,南风,≤3级,南风,≤3级,day
2015-05-05 08:00:00,花果园,8、依法应负全责的其他情形,负全部责任,不负责任,1,贵A84J57,白色,1,贵A7910T,白色,吉源驾校,自培,2014/3/17 0:00,2006/4/20 0:00,福克斯牌,吉利美日牌,366666000000000000 ,364548000000000000 ,197606,197402,8,1,5,工作日,早高峰(7-9点),2015-05-05,2015年5月5日,阵雨 /阵雨,21℃ / 15℃,南风 ≤3级 /南风 ≤3级,阵雨,阵雨,21,15,南风,≤3级,南风,≤3级,day
2015-05-04 21:34:00,新华路,1、追尾的,负全部责任,不负责任,1,贵JQZ204,白色,1,贵AU2968,白色,自培,自培,2004/4/7 0:00,2004/11/24 0:00,-1,轻骑牌,364547000000000000 ,366566000000000000 ,198510,197907,21,0,5,工作日,非高峰,2015-05-04,2015年5月4日,阵雨 /阵雨,20℃ / 14℃,东北风 ≤3级 /东北风 ≤3级,阵雨,阵雨,20,14,东北风,≤3级,东北风,≤3级,night
2015-05-05 11:10:00,金阳酒店用品市场,1、追尾的,负全部责任,不负责任,1,贵A3914E,红,1,贵A0190W,黑,-1,高新驾校,-1,2013/12/4 0:00,-1,吉利美日牌,366347000000000000 ,364596000000000000 ,197511,199402,11,1,5,工作日,非高峰,2015-05-05,2015年5月5日,阵雨 /阵雨,21℃ / 15℃,南风 ≤3级 /南风 ≤3级,阵雨,阵雨,21,15,南风,≤3级,南风,≤3级,day
2015-05-05 12:00:00,甲秀南路,8、依法应负全责的其他情形,负全部责任,不负责任,1,贵A86322,白色,1,贵AAS126,白色,-1,预约考试窗口,-1,2007/4/12 0:00,中联牌,长安牌,355463000000000000 ,355266000000000000 ,197211,198510,12,1,5,工作日,非高峰,2015-05-05,2015年5月5日,阵雨 /阵雨,21℃ / 15℃,南风 ≤3级 /南风 ≤3级,阵雨,阵雨,21,15,南风,≤3级,南风,≤3级,day
2015-05-05 09:15:00,甲秀南路,1、追尾的,负全部责任,不负责任,1,贵A34E13,白,1,贵ADG912,黑,顺一驾驶培训学校,520101,2012/5/26 0:00,2008/5/30 0:00,依维柯牌,五菱牌,364556000000000000 ,36686751944941777X,198906,198008,9,1,5,工作日,早高峰(7-9点),2015-05-05,2015年5月5日,阵雨 /阵雨,21℃ / 15℃,南风 ≤3级 /南风 ≤3级,阵雨,阵雨,21,15,南风,≤3级,南风,≤3级,day
2015-05-05 12:00:00,中华北路,9、不符合前8款规定或者双方同时具有上述情形的,负全部责任,不负责任,1,贵ANG354,红,1,贵AU2324,黄,（观山湖区）诚信驾驶培训有限公司,（观山湖区）诚信驾驶培训有限公司,2009/12/23 0:00,2011/5/4 0:00,风神牌,瑞麒牌,364548000000000000 ,364568000000000000 ,197111,198906,12,1,5,工作日,非高峰,2015-05-05,2015年5月5日,阵雨 /阵雨,21℃ / 15℃,南风 ≤3级 /南风 ≤3级,阵雨,阵雨,21,15,南风,≤3级,南风,≤3级,day
2015-05-05 10:00:00,金阳,8、依法应负全责的其他情形,负全部责任,不负责任,1,赣B37032,红,1,贵JG3292,白,-1,全林驾校,-1,2012/5/4 0:00,-1,-1,726568000000000000 ,364547000000000000 ,197507,198101,10,1,5,工作日,非高峰,2015-05-05,2015年5月5日,阵雨 /阵雨,21℃ / 15℃,南风 ≤3级 /南风 ≤3级,阵雨,阵雨,21,15,南风,≤3级,南风,≤3级,day
2015-05-05 12:10:00,云潭南路,9、不符合前8款规定或者双方同时具有上述情形的,负全部责任,不负责任,1,贵O594045,黄,1,贵A46L51,红,-1,-1,-1,-1,-1,思铭牌,3645570000000000 ,364548000000000 ,197005,198005,12,1,5,工作日,非高峰,2015-05-05,2015年5月5日,阵雨 /阵雨,21℃ / 15℃,南风 ≤3级 /南风 ≤3级,阵雨,阵雨,21,15,南风,≤3级,南风,≤3级,day
2015-05-05 12:20:00,西南环线,7、未按规定让行的 ,负全部责任,不负责任,1,渝F2J267,白色,1,贵A86254,白色,-1,无,-1,1998/12/4 0:00,-1,陕汽牌,356667000000000000 ,364556000000000000 ,197207,197402,12,1,5,工作日,非高峰,2015-05-05,2015年5月5日,阵雨 /阵雨,21℃ / 15℃,南风 ≤3级 /南风 ≤3级,阵雨,阵雨,21,15,南风,≤3级,南风,≤3级,day
2015-05-05 12:30:00,北二环,1、追尾的,负全部责任,不负责任,1,贵AU7656,黄,1,贵CBG884,白,520112,消防驾校,2001/7/30 0:00,2011/3/9 0:00,宗申牌,-1,364548000000000000 ,364596000000000000 ,196007,198709,12,1,5,工作日,非高峰,2015-05-05,2015年5月5日,阵雨 /阵雨,21℃ / 15℃,南风 ≤3级 /南风 ≤3级,阵雨,阵雨,21,15,南风,≤3级,南风,≤3级,day
2015-05-05 13:30:00,贵安大道,6、违反交通信号的,负全部责任,不负责任,1,贵EVG292,白色,1,贵A4221Y,白色,-1,-1,-1,-1,-1,金杯牌,64365500000000000 ,66063500000000000 ,197810,196901,13,1,5,工作日,非高峰,2015-05-05,2015年5月5日,阵雨 /阵雨,21℃ / 15℃,南风 ≤3级 /南风 ≤3级,阵雨,阵雨,21,15,南风,≤3级,南风,≤3级,day
2015-05-05 15:56:00,护国路,7、未按规定让行的 ,负全部责任,不负责任,1,贵AS3988,红,1,贵A96H23,黑,自培,-1,2000/1/20 0:00,-1,雅阁牌,思域牌,36455651224160695X,236946000000000000 ,196609,199501,15,1,5,工作日,非高峰,2015-05-05,2015年5月5日,阵雨 /阵雨,21℃ / 15℃,南风 ≤3级 /南风 ≤3级,阵雨,阵雨,21,15,南风,≤3级,南风,≤3级,day
2015-05-05 14:30:00,甲秀南路,1、追尾的,负全部责任,不负责任,1,贵AA899B,白色,1,贵AA199L,白色,（乌当区）新华驾驶培训有限公司,未定义,2006/11/29 0:00,2014/6/27 0:00,长安牌,比亚迪牌,356168000000000000 ,36634651904040575X,197307,198404,14,1,5,工作日,非高峰,2015-05-05,2015年5月5日,阵雨 /阵雨,21℃ / 15℃,南风 ≤3级 /南风 ≤3级,阵雨,阵雨,21,15,南风,≤3级,南风,≤3级,day
2015-05-05 14:20:00,白修路隧道,7、未按规定让行的 ,负全部责任,不负责任,1,贵A4929K,黑,1,贵A7556G,红,景宏驾校,贵阳学院汽车驾驶培训,2014/1/26 0:00,2010/5/12 0:00,传祺牌,金杯牌,364558000000000000 ,366068000000000000 ,196809,198710,14,1,5,工作日,非高峰,2015-05-05,2015年5月5日,阵雨 /阵雨,21℃ / 15℃,南风 ≤3级 /南风 ≤3级,阵雨,阵雨,21,15,南风,≤3级,南风,≤3级,day
2015-05-05 08:21:00,花果园,1、追尾的,负全部责任,不负责任,1,贵ANT535,白色,1,苏DZ975E,白色,自培,-1,2004/4/17 0:00,-1,雪佛兰牌,-1,364547000000000000 ,366577000000000000 ,196003,195601,8,1,5,工作日,早高峰(7-9点),2015-05-05,2015年5月5日,阵雨 /阵雨,21℃ / 15℃,南风 ≤3级 /南风 ≤3级,阵雨,阵雨,21,15,南风,≤3级,南风,≤3级,day
2015-05-05 09:23:00,枣山路,7、未按规定让行的 ,负全部责任,不负责任,1,贵AV5013,黄,1,贵FAB102,红,自培,金大驾校,2002/4/16 0:00,2015/1/29 0:00,-1,-1,364547000000000000 ,366070000000000000 ,196707,196606,9,1,5,工作日,早高峰(7-9点),2015-05-05,2015年5月5日,阵雨 /阵雨,21℃ / 15℃,南风 ≤3级 /南风 ≤3级,阵雨,阵雨,21,15,南风,≤3级,南风,≤3级,day
2015-05-05 11:56:00,贵遵路,8、依法应负全责的其他情形,负全部责任,不负责任,1,贵AP3335,白,1,贵AMM376,红,自培,路路达驾校,2000/8/31 0:00,2015/2/10 0:00,思铭牌,吉利美日牌,36606051854666665X,364567000000000000 ,197102,199505,11,1,5,工作日,非高峰,2015-05-05,2015年5月5日,阵雨 /阵雨,21℃ / 15℃,南风 ≤3级 /南风 ≤3级,阵雨,阵雨,21,15,南风,≤3级,南风,≤3级,day
2015-05-05 12:00:00,甲秀南路,1、追尾的,负全部责任,不负责任,1,贵AR6588,白色,1,贵AH8862,白色,自培,黔丰驾校,2000/12/18 0:00,1993/4/7 0:00,尼桑牌,三铃牌,364547000000000000 ,364548000000000000 ,197204,197406,12,1,5,工作日,非高峰,2015-05-05,2015年5月5日,阵雨 /阵雨,21℃ / 15℃,南风 ≤3级 /南风 ≤3级,阵雨,阵雨,21,15,南风,≤3级,南风,≤3级,day
2015-05-05 12:00:00,区政府门口,1、追尾的,负全部责任,不负责任,1,贵A5648F,白色,1,贵A37F13,白色,-1,十一培,-1,1996/7/18 0:00,解放牌,东风雪铁龙牌,364568000000000000 ,364556000000000000 ,199304,195712,12,1,5,工作日,非高峰,2015-05-05,2015年5月5日,阵雨 /阵雨,21℃ / 15℃,南风 ≤3级 /南风 ≤3级,阵雨,阵雨,21,15,南风,≤3级,南风,≤3级,day
2015-05-05 12:00:00,三桥,3、倒车的,负全部责任,不负责任,1,贵GQ9969,白,1,贵A9886B,红,自培,十一培,2014/1/14 0:00,1995/5/14 0:00,-1,-1,366368000000000000 ,364558000000000000 ,198109,196803,12,1,5,工作日,非高峰,2015-05-05,2015年5月5日,阵雨 /阵雨,21℃ / 15℃,南风 ≤3级 /南风 ≤3级,阵雨,阵雨,21,15,南风,≤3级,南风,≤3级,day
2015-05-05 11:30:00,贵乌路,3、倒车的,负全部责任,不负责任,1,贵A647B4,白,1,贵GS7676,白,-1,自培,-1,2005/2/1 0:00,解放牌,-1,364596000000000000 ,366361000000000000 ,148908,198402,11,1,5,工作日,非高峰,2015-05-05,2015年5月5日,阵雨 /阵雨,21℃ / 15℃,南风 ≤3级 /南风 ≤3级,阵雨,阵雨,21,15,南风,≤3级,南风,≤3级,day
2015-05-05 10:00:00,金关,7、未按规定让行的 ,负全部责任,不负责任,1,贵A345B9,蓝,1,贵A11Y64,黑,消防驾校,自培,2012/3/2 0:00,2000/7/11 0:00,南骏牌,东风日产牌,36455651924042635X,354364000000000000 ,198604,197911,10,1,5,工作日,非高峰,2015-05-05,2015年5月5日,阵雨 /阵雨,21℃ / 15℃,南风 ≤3级 /南风 ≤3级,阵雨,阵雨,21,15,南风,≤3级,南风,≤3级,day
2015-05-05 12:40:00,云潭南路,9、不符合前8款规定或者双方同时具有上述情形的,负全部责任,不负责任,1,贵A46L51,红,1,贵O594045,黄,-1,自培,-1,2006/4/25 0:00,思铭牌,-1,36454800000000000 ,364557000000000000 ,198008,197005,12,1,5,工作日,非高峰,2015-05-05,2015年5月5日,阵雨 /阵雨,21℃ / 15℃,南风 ≤3级 /南风 ≤3级,阵雨,阵雨,21,15,南风,≤3级,南风,≤3级,day
2015-05-05 15:50:00,转弯塘,7、未按规定让行的 ,负全部责任,不负责任,1,贵CP8113,白,1,贵AU5314,黄,-1,自培,-1,2000/1/27 0:00,-1,恒通客车牌,354796000000000000 ,364548000000000000 ,197811,198011,15,1,5,工作日,非高峰,2015-05-05,2015年5月5日,阵雨 /阵雨,21℃ / 15℃,南风 ≤3级 /南风 ≤3级,阵雨,阵雨,21,15,南风,≤3级,南风,≤3级,day
2015-05-05 14:00:00,油榨街,7、未按规定让行的 ,负全部责任,不负责任,1,贵J39128,白色,1,贵ASG925,白色,（南明区）铁二局驾驶培训有限公司,-1,2007/11/14 0:00,-1,-1,雪佛兰牌,364547000000000000 ,78617451904943481X,196307,198408,14,1,5,工作日,非高峰,2015-05-05,2015年5月5日,阵雨 /阵雨,21℃ / 15℃,南风 ≤3级 /南风 ≤3级,阵雨,阵雨,21,15,南风,≤3级,南风,≤3级,day
2015-05-05 16:40:00,浣纱路,7、未按规定让行的 ,负全部责任,不负责任,1,贵ARV987,黑,1,贵AU4417,黑,-1,-1,-1,-1,北京牌,捷达牌,364545000000 ,364545000000 ,780404,249510,16,1,5,工作日,非高峰,2015-05-05,2015年5月5日,阵雨 /阵雨,21℃ / 15℃,南风 ≤3级 /南风 ≤3级,阵雨,阵雨,21,15,南风,≤3级,南风,≤3级,day
2015-05-05 16:45:00,五里冲,1、追尾的,负全部责任,不负责任,1,贵A89E27,白,1,贵A4843Y,红,-1,-1,-1,-1,波罗牌,吉利牌,364545000000 ,366068000000000000 ,228393,198110,16,1,5,工作日,非高峰,2015-05-05,2015年5月5日,阵雨 /阵雨,21℃ / 15℃,南风 ≤3级 /南风 ≤3级,阵雨,阵雨,21,15,南风,≤3级,南风,≤3级,day
2015-05-05 17:15:00,阳关,8、依法应负全责的其他情形,负全部责任,不负责任,1,贵B59817,白色,1,贵ABK156,白色,-1,蓝天驾校,-1,2011/9/15 0:00,-1,北京现代牌,36668500000000000 ,364556000000000000 ,197609,198203,17,1,5,工作日,晚高峰(17-19点),2015-05-05,2015年5月5日,阵雨 /阵雨,21℃ / 15℃,南风 ≤3级 /南风 ≤3级,阵雨,阵雨,21,15,南风,≤3级,南风,≤3级,day
2015-05-05 18:15:00,北京路,9、不符合前8款规定或者双方同时具有上述情形的,负全部责任,不负责任,1,贵A16K25,黄,1,贵A58P54,白,-1,省交校,-1,2011/6/11 0:00,别克牌,大众牌,75668500000000000 ,366661000000000000 ,198204,199004,18,1,5,工作日,晚高峰(17-19点),2015-05-05,2015年5月5日,阵雨 /阵雨,21℃ / 15℃,南风 ≤3级 /南风 ≤3级,阵雨,阵雨,21,15,南风,≤3级,南风,≤3级,day
2015-05-05 18:00:00,西二环,8、依法应负全责的其他情形,负全部责任,不负责任,1,贵A7AW53,白色,1,贵AKQ061,白色,自培,省交校,2012/12/21 0:00,2010/10/15 0:00,北京现代牌,福克斯牌,364548000000000000 ,366875000000000000 ,199005,198307,18,1,5,工作日,晚高峰(17-19点),2015-05-05,2015年5月5日,阵雨 /阵雨,21℃ / 15℃,南风 ≤3级 /南风 ≤3级,阵雨,阵雨,21,15,南风,≤3级,南风,≤3级,day
2015-05-05 18:30:00,阳关,8、依法应负全责的其他情形,负全部责任,不负责任,1,贵A344B7,白,1,贵AV3968,黄,自培,（白云区）消防驾驶培训学校,2012/7/20 0:00,1998/11/30 0:00,东风牌,钱江牌,64166500000000000 ,364556000000000000 ,199302,197509,18,1,5,工作日,晚高峰(17-19点),2015-05-05,2015年5月5日,阵雨 /阵雨,21℃ / 15℃,南风 ≤3级 /南风 ≤3级,阵雨,阵雨,21,15,南风,≤3级,南风,≤3级,day
2015-05-05 17:00:00,都司路,1、追尾的,负全部责任,不负责任,1,贵ACB754,白色,1,贵ASC117,白色,-1,景宏驾校,-1,-1,帕萨特牌,揽胜,366364000000000000 ,784741000000000000 ,196611,197511,17,1,5,工作日,晚高峰(17-19点),2015-05-05,2015年5月5日,阵雨 /阵雨,21℃ / 15℃,南风 ≤3级 /南风 ≤3级,阵雨,阵雨,21,15,南风,≤3级,南风,≤3级,day
2015-05-05 15:30:00,瑞金南路,1、追尾的,负全部责任,不负责任,1,贵ASR303,红,0,贵AX4434,黑,自培,景宏驾校,2011/6/29 0:00,2012/7/9 0:00,-1,蒙迪欧牌,574162000000000000 ,366564000000000000 ,199003,197407,15,1,5,工作日,非高峰,2015-05-05,2015年5月5日,阵雨 /阵雨,21℃ / 15℃,南风 ≤3级 /南风 ≤3级,阵雨,阵雨,21,15,南风,≤3级,南风,≤3级,day