accidenttime,accidentaddr,driver1fault,driver1responsibility,driver2responsibility,sex1,platenumber1,carcolor1,sex2,platenumber2,carcolor2,jxmc1,jxmc2,cclzrq1,cclzrq2,clpp1,clpp2,driver1license,driver2license,brith1,brith2,hour,weekday,month,is_weekday,peak_hour,date,日期,天气状况,气温,风力风向,day_wea,night_wea,day_tep,night_tep,day_wind_direction,day_wind_speed,night_wind_direction,night_wind_speed,segment
2015-05-05 14:20:00,花果园,1、追尾的,负全部责任,不负责任,1,贵A11V12,白色,1,贵A87G94,白色,自培,十一培,2010/6/11 0:00,1984/7/12 0:00,福克斯牌,威志牌,36455651994746447X,364558000000000000 ,198803,196307,14,1,5,工作日,非高峰,2015-05-05,2015年5月5日,阵雨 /阵雨,21℃ / 15℃,南风 ≤3级 /南风 ≤3级,阵雨,阵雨,21,15,南风,≤3级,南风,≤3级,day
2015-05-05 14:00:00,碧海步行街,8、依法应负全责的其他情形,负全部责任,不负责任,1,贵A9CC73,红,1,贵ANX542,黑,自培,十一培,2002/11/14 0:00,1996/7/10 0:00,宝马牌,英伦牌,36455551974164775X,364548000000000000 ,198309,197202,14,1,5,工作日,非高峰,2015-05-05,2015年5月5日,阵雨 /阵雨,21℃ / 15℃,南风 ≤3级 /南风 ≤3级,阵雨,阵雨,21,15,南风,≤3级,南风,≤3级,day
2015-05-05 15:00:00,甲秀南路,9、不符合前8款规定或者双方同时具有上述情形的,负全部责任,不负责任,1,贵AN0194,白色,1,贵AW4682,白色,自培,十一培,2004/9/17 0:00,1987/3/22 0:00,圣火神牌,松花江牌,364547000000000000 ,364556000000000000 ,197901,194904,15,1,5,工作日,非高峰,2015-05-05,2015年5月5日,阵雨 /阵雨,21℃ / 15℃,南风 ≤3级 /南风 ≤3级,阵雨,阵雨,21,15,南风,≤3级,南风,≤3级,day
2015-05-05 15:20:00,黔灵山公园,1、追尾的,负全部责任,不负责任,0,渝GY7176,白,1,贵AU6912,黄,大方县坤豪机动车驾驶技能培训中心,自培,2014/10/8 0:00,2002/6/13 0:00,-1,捷达牌,344547000000000000 ,366068000000000000 ,198908,196610,15,1,5,工作日,非高峰,2015-05-05,2015年5月5日,阵雨 /阵雨,21℃ / 15℃,南风 ≤3级 /南风 ≤3级,阵雨,阵雨,21,15,南风,≤3级,南风,≤3级,day
2015-05-05 13:50:00,贵钢花鸟市场,7、未按规定让行的 ,负全部责任,不负责任,1,贵A32K52,白色,1,贵AHY574,白色,（花溪区）高新十七驾驶培训有限公司,自培,2008/7/7 0:00,2006/8/14 0:00,大众牌,比亚迪牌,364548000000000000 ,364558000000000000 ,198608,197810,13,1,5,工作日,非高峰,2015-05-05,2015年5月5日,阵雨 /阵雨,21℃ / 15℃,南风 ≤3级 /南风 ≤3级,阵雨,阵雨,21,15,南风,≤3级,南风,≤3级,day
2015-05-05 15:30:00,次南门,7、未按规定让行的 ,负全部责任,不负责任,1,贵A19212,白色,1,贵AU7607,白色,-1,自培,1966/3/6 0:00,2000/12/27 0:00,沃尔沃,豪爵牌,364547000000000000 ,364548000000000000 ,194511,198208,15,1,5,工作日,非高峰,2015-05-05,2015年5月5日,阵雨 /阵雨,21℃ / 15℃,南风 ≤3级 /南风 ≤3级,阵雨,阵雨,21,15,南风,≤3级,南风,≤3级,day
2015-05-05 17:50:00,中山西路,3、倒车的,负全部责任,不负责任,0,贵A21B51,红,1,贵AW8445,白,（观山湖区）蓝天驾驶培训有限公司,自培,2006/12/6 0:00,2005/4/14 0:00,雪佛兰牌,国威牌,366661000000000000 ,34365500000000000 ,198403,197303,17,1,5,工作日,晚高峰(17-19点),2015-05-05,2015年5月5日,阵雨 /阵雨,21℃ / 15℃,南风 ≤3级 /南风 ≤3级,阵雨,阵雨,21,15,南风,≤3级,南风,≤3级,day
2015-05-05 12:30:00,大南门转盘,8、依法应负全责的其他情形,负全部责任,不负责任,1,桂MLX889,白色,1,贵AV2188,白色,自培,自培,2011/5/4 0:00,2002/12/10 0:00,-1,蒙迪欧牌,36845500000000000 ,357468000000000000 ,198002,196510,12,1,5,工作日,非高峰,2015-05-05,2015年5月5日,阵雨 /阵雨,21℃ / 15℃,南风 ≤3级 /南风 ≤3级,阵雨,阵雨,21,15,南风,≤3级,南风,≤3级,day
2015-05-05 18:00:00,花二道,7、未按规定让行的 ,负全部责任,不负责任,1,贵FM3941,白色,1,贵GM8021,白色,织金县织通驾驶培训学校,-1,2011/11/25 0:00,-1,-1,-1,366064000000000000 ,366363000000000000 ,197502,199301,18,1,5,工作日,晚高峰(17-19点),2015-05-05,2015年5月5日,阵雨 /阵雨,21℃ / 15℃,南风 ≤3级 /南风 ≤3级,阵雨,阵雨,21,15,南风,≤3级,南风,≤3级,day
2015-05-05 17:00:00,长江路,8、依法应负全责的其他情形,负全部责任,不负责任,1,贵AA7568,白色,1,贵A80948,白色,自培,-1,2003/7/28 0:00,-1,金轮,长安,364547000000000000 ,366067000000000000 ,197105,199101,17,1,5,工作日,晚高峰(17-19点),2015-05-05,2015年5月5日,阵雨 /阵雨,21℃ / 15℃,南风 ≤3级 /南风 ≤3级,阵雨,阵雨,21,15,南风,≤3级,南风,≤3级,day
2015-05-06 00:00:00,石板物流园,3、倒车的,负全部责任,不负责任,1,贵AFN527,红,1,贵A739B9,红,-1,-1,-1,-1,长安牌,五菱牌,364545000000 ,364546000000 ,759763,402272,0,2,5,工作日,非高峰,2015-05-06,2015年5月6日,多云 /多云,25℃ / 16℃,东北风 ≤3级 /南风 ≤3级,多云,多云,25,16,东北风,≤3级,南风,≤3级,night
2015-05-06 02:56:00,百花湖,8、依法应负全责的其他情形,负全部责任,不负责任,1,贵AA254Y,白,0,贵GN0069,红,-1,金大驾校,-1,2012/7/31 0:00,东风牌,-1,366347000000000000 ,364648000000000000 ,197501,198909,2,2,5,工作日,非高峰,2015-05-06,2015年5月6日,多云 /多云,25℃ / 16℃,东北风 ≤3级 /南风 ≤3级,多云,多云,25,16,东北风,≤3级,南风,≤3级,night
2015-05-05 19:30:00,八匹马,1、追尾的,负全部责任,不负责任,1,贵EK5229,红,1,贵A9521N,红,望谟县天马机动车驾驶员培训学校,顺一驾驶培训学校,-1,2011/9/30 0:00,-1,五菱牌,366767000000000000 ,36455651914759477X,197604,198903,19,1,5,工作日,晚高峰(17-19点),2015-05-05,2015年5月5日,阵雨 /阵雨,21℃ / 15℃,南风 ≤3级 /南风 ≤3级,阵雨,阵雨,21,15,南风,≤3级,南风,≤3级,day
2015-05-05 20:00:00,八公里,8、依法应负全责的其他情形,负全部责任,不负责任,1,贵CC3623,白色,1,贵B85865,白色,自培,-1,2004/8/12 0:00,-1,-1,-1,366566000000000000 ,366067000000000000 ,198211,197911,20,1,5,工作日,非高峰,2015-05-05,2015年5月5日,阵雨 /阵雨,21℃ / 15℃,南风 ≤3级 /南风 ≤3级,阵雨,阵雨,21,15,南风,≤3级,南风,≤3级,night
2015-05-06 07:30:00,渔安隧道,1、追尾的,负全部责任,不负责任,1,贵AD2248,黑,1,贵AVA474,白,-1,贵阳金马驾驶培训有限公司,1973/12/19 0:00,2000/9/11 0:00,金杯牌,东风标致牌,364557000000000000 ,364548000000000000 ,195402,196609,7,2,5,工作日,早高峰(7-9点),2015-05-06,2015年5月6日,多云 /多云,25℃ / 16℃,东北风 ≤3级 /南风 ≤3级,多云,多云,25,16,东北风,≤3级,南风,≤3级,day
2015-05-05 22:00:00,富源中路新华小学,3、倒车的,负全部责任,不负责任,1,贵A091E7,白色,1,贵CHR419,白色,（南明区）铁二局驾驶培训有限公司,520101,2009/4/22 0:00,2009/4/20 0:00,-1,-1,366067000000000000 ,366577000000000000 ,199002,197410,22,1,5,工作日,非高峰,2015-05-05,2015年5月5日,阵雨 /阵雨,21℃ / 15℃,南风 ≤3级 /南风 ≤3级,阵雨,阵雨,21,15,南风,≤3级,南风,≤3级,night
2015-05-06 07:30:00,甲秀南路,1、追尾的,负全部责任,不负责任,1,贵A12E73,白色,1,贵AC029A,白色,贵州现代驾驶培训责任有限公司,铁二局驾校（南明区）,2010/7/8 0:00,2011/6/29 0:00,东风标致牌,起亚牌,364556000000000000 ,364566000000000000 ,198312,199303,7,2,5,工作日,早高峰(7-9点),2015-05-06,2015年5月6日,多云 /多云,25℃ / 16℃,东北风 ≤3级 /南风 ≤3级,多云,多云,25,16,东北风,≤3级,南风,≤3级,day
2015-05-05 22:25:00,煤矿村,7、未按规定让行的 ,负全部责任,不负责任,1,贵AL995S,黄,1,贵FZ9900,红,毕节地区黔中汽车(摩托车)驾驶培训学校,自培,-1,2001/11/21 0:00,-1,-1,366068000000000000 ,36604551204161805X,198709,196409,22,1,5,工作日,非高峰,2015-05-05,2015年5月5日,阵雨 /阵雨,21℃ / 15℃,南风 ≤3级 /南风 ≤3级,阵雨,阵雨,21,15,南风,≤3级,南风,≤3级,night
2015-05-05 21:05:00,西二环,8、依法应负全责的其他情形,负全部责任,不负责任,1,贵DF9197,白,1,贵AGW201,黄,（云岩区）贵大佳德驾驶培训有限公司,-1,2010/5/25 0:00,-1,-1,雪佛兰CHEVROLET,366664000000000000 ,366570000000000000 ,198807,197607,21,1,5,工作日,非高峰,2015-05-05,2015年5月5日,阵雨 /阵雨,21℃ / 15℃,南风 ≤3级 /南风 ≤3级,阵雨,阵雨,21,15,南风,≤3级,南风,≤3级,night
2015-05-05 21:50:00,沙冲路口,1、追尾的,负全部责任,不负责任,1,贵A25G96,白色,1,贵AV6091,白色,（云岩区）省交通职业技术驾驶培训学校,-1,2007/4/10 0:00,-1,福特牌,思威牌,364547000000000000 ,36454800000000000 ,198708,196001,21,1,5,工作日,非高峰,2015-05-05,2015年5月5日,阵雨 /阵雨,21℃ / 15℃,南风 ≤3级 /南风 ≤3级,阵雨,阵雨,21,15,南风,≤3级,南风,≤3级,night
2015-05-05 21:30:00,西二环,8、依法应负全责的其他情形,负全部责任,不负责任,1,贵DA8075,黄,1,贵DBW364,蓝,自培,长运驾校,2001/1/15 0:00,2014/11/6 0:00,-1,-1,364558000000000000 ,366664000000000000 ,197103,198805,21,1,5,工作日,非高峰,2015-05-05,2015年5月5日,阵雨 /阵雨,21℃ / 15℃,南风 ≤3级 /南风 ≤3级,阵雨,阵雨,21,15,南风,≤3级,南风,≤3级,night
2015-05-05 22:00:00,小河盘江路,7、未按规定让行的 ,负全部责任,不负责任,1,贵HAD395,白色,1,贵A22V58,白色,自培,无,2006/5/29 0:00,2002/6/19 0:00,-1,大众汽车牌,36626651804941442X,364557000000000000 ,197408,197602,22,1,5,工作日,非高峰,2015-05-05,2015年5月5日,阵雨 /阵雨,21℃ / 15℃,南风 ≤3级 /南风 ≤3级,阵雨,阵雨,21,15,南风,≤3级,南风,≤3级,night
2015-05-06 03:00:00,蟠桃宫,7、未按规定让行的 ,负全部责任,不负责任,1,贵A2BV11,白色,1,贵AFH495,白色,自培,（云岩区）贵大佳德驾驶培训有限公司,2001/4/11 0:00,-1,东风日产牌,雪佛兰牌,366661000000000000 ,74360500000000000 ,197003,197903,3,2,5,工作日,非高峰,2015-05-06,2015年5月6日,多云 /多云,25℃ / 16℃,东北风 ≤3级 /南风 ≤3级,多云,多云,25,16,东北风,≤3级,南风,≤3级,night
2015-05-05 22:30:00,云潭路,8、依法应负全责的其他情形,负全部责任,不负责任,1,贵AC803M,白,1,贵AB0962,红,自培,-1,2001/5/10 0:00,-1,宝马牌,钱江牌,36454651945446795X,36455700000000000 ,198010,197204,22,1,5,工作日,非高峰,2015-05-05,2015年5月5日,阵雨 /阵雨,21℃ / 15℃,南风 ≤3级 /南风 ≤3级,阵雨,阵雨,21,15,南风,≤3级,南风,≤3级,night
2015-05-05 18:30:00,金竹,7、未按规定让行的 ,负全部责任,不负责任,1,贵GR2133,白色,1,贵AL6747,白色,长运驾校,十一培,2014/2/19 0:00,1995/8/1 0:00,-1,万虎牌,364596000000000000 ,364558000000000000 ,198907,196603,18,1,5,工作日,晚高峰(17-19点),2015-05-05,2015年5月5日,阵雨 /阵雨,21℃ / 15℃,南风 ≤3级 /南风 ≤3级,阵雨,阵雨,21,15,南风,≤3级,南风,≤3级,day
2015-05-05 17:30:00,甲秀南路,7、未按规定让行的 ,负全部责任,不负责任,1,贵AP1040,白色,1,贵A73592,白色,印江民兴机动车驾驶培训有限公司,十一培,2014/5/19 0:00,1998/4/8 0:00,上豪牌,捷达牌,366663000000000000 ,506661000000000000 ,197607,195805,17,1,5,工作日,晚高峰(17-19点),2015-05-05,2015年5月5日,阵雨 /阵雨,21℃ / 15℃,南风 ≤3级 /南风 ≤3级,阵雨,阵雨,21,15,南风,≤3级,南风,≤3级,day
2015-05-05 21:30:00,锦江路,3、倒车的,负全部责任,不负责任,1,鄂C8E315,白色,1,贵A9AM82,白色,-1,十一培,-1,1996/9/30 0:00,-1,长安牌,266548000000000000 ,36455051895550447X,198408,197811,21,1,5,工作日,非高峰,2015-05-05,2015年5月5日,阵雨 /阵雨,21℃ / 15℃,南风 ≤3级 /南风 ≤3级,阵雨,阵雨,21,15,南风,≤3级,南风,≤3级,night
2015-05-06 04:30:00,四方河,1、追尾的,负全部责任,不负责任,1,贵AG7127,白色,1,贵AA0688,白色,诚信驾驶培训学校,十一培,2008/8/14 0:00,1994/6/7 0:00,江铃牌,奥德赛,364557000000000000 ,364547000000000000 ,197603,195901,4,2,5,工作日,非高峰,2015-05-06,2015年5月6日,多云 /多云,25℃ / 16℃,东北风 ≤3级 /南风 ≤3级,多云,多云,25,16,东北风,≤3级,南风,≤3级,night
2015-05-05 17:00:00,花果园立交桥下,7、未按规定让行的 ,负全部责任,不负责任,1,贵CWY216,白色,1,贵AKA744,白色,绥阳县汽车驾驶培训学校,自培,2011/6/27 0:00,2004/5/26 0:00,-1,锋范牌,366568000000000000 ,364547000000000000 ,196807,198108,17,1,5,工作日,晚高峰(17-19点),2015-05-05,2015年5月5日,阵雨 /阵雨,21℃ / 15℃,南风 ≤3级 /南风 ≤3级,阵雨,阵雨,21,15,南风,≤3级,南风,≤3级,day
2015-05-05 19:10:00,二戈寨,5、开关车门的,负全部责任,不负责任,1,贵A7703T,黄,1,贵A4537C,红,-1,自培,-1,2001/12/3 0:00,-1,-1,36455751244164407X,364548000000000000 ,196009,196704,19,1,5,工作日,晚高峰(17-19点),2015-05-05,2015年5月5日,阵雨 /阵雨,21℃ / 15℃,南风 ≤3级 /南风 ≤3级,阵雨,阵雨,21,15,南风,≤3级,南风,≤3级,day
2015-05-06 07:00:00,后巢乡,7、未按规定让行的 ,负全部责任,不负责任,1,贵A6E316,白色,1,贵AG023,白色,自培,自培,2006/8/3 0:00,2005/5/19 0:00,-1,-1,354361000000000000 ,366347000000000000 ,198201,196602,7,2,5,工作日,早高峰(7-9点),2015-05-06,2015年5月6日,多云 /多云,25℃ / 16℃,东北风 ≤3级 /南风 ≤3级,多云,多云,25,16,东北风,≤3级,南风,≤3级,day
2015-05-06 07:50:00,金清线,7、未按规定让行的 ,负全部责任,不负责任,1,贵A89753,白,1,贵GGE545,红,-1,文通驾校,-1,2011/12/2 0:00,三一牌,-1,366564000000000000 ,364596000000000000 ,198510,198910,7,2,5,工作日,早高峰(7-9点),2015-05-06,2015年5月6日,多云 /多云,25℃ / 16℃,东北风 ≤3级 /南风 ≤3级,多云,多云,25,16,东北风,≤3级,南风,≤3级,day
2015-05-06 08:00:00,金朱西路,7、未按规定让行的 ,负全部责任,不负责任,1,粤BAC552,白,1,贵GE5897,白,-1,消防驾校,-1,2013/10/17 0:00,-1,-1,356161000000000000 ,355456000000000000 ,197950,198301,8,2,5,工作日,早高峰(7-9点),2015-05-06,2015年5月6日,多云 /多云,25℃ / 16℃,东北风 ≤3级 /南风 ≤3级,多云,多云,25,16,东北风,≤3级,南风,≤3级,day
2015-05-06 08:30:00,二戈寨,7、未按规定让行的 ,负全部责任,不负责任,1,贵JDZ555,白色,1,贵A6067A,白色,-1,-1,-1,-1,-1,东风标致牌,364556000000000000 ,366669000000000000 ,197006,198405,8,2,5,工作日,早高峰(7-9点),2015-05-06,2015年5月6日,多云 /多云,25℃ / 16℃,东北风 ≤3级 /南风 ≤3级,多云,多云,25,16,东北风,≤3级,南风,≤3级,day
2015-05-06 08:25:00,花果园,9、不符合前8款规定或者双方同时具有上述情形的,负全部责任,不负责任,1,贵A9D942,红,1,川A782PT,黑,十一驾校（经开区）,-1,2015/3/25 0:00,-1,-1,-1,65467500000000000 ,35456051964043385X,197412,198204,8,2,5,工作日,早高峰(7-9点),2015-05-06,2015年5月6日,多云 /多云,25℃ / 16℃,东北风 ≤3级 /南风 ≤3级,多云,多云,25,16,东北风,≤3级,南风,≤3级,day
2015-05-06 07:45:00,沙冲路口,7、未按规定让行的 ,负全部责任,不负责任,1,贵A7CC66,白色,1,贵FK7983,白色,罗甸县吉兴汽车驾驶培训学校,-1,2011/4/20 0:00,-1,大众汽车牌,-1,364556000000000000 ,366046000000000000 ,197211,198511,7,2,5,工作日,早高峰(7-9点),2015-05-06,2015年5月6日,多云 /多云,25℃ / 16℃,东北风 ≤3级 /南风 ≤3级,多云,多云,25,16,东北风,≤3级,南风,≤3级,day
2015-05-06 07:50:00,香江路,1、追尾的,负全部责任,不负责任,1,贵CJN216,白,1,贵AKB247,红,-1,金筑驾校,-1,2005/2/7 0:00,-1,波罗牌,366577000000000000 ,364547000000000000 ,198709,198410,7,2,5,工作日,早高峰(7-9点),2015-05-06,2015年5月6日,多云 /多云,25℃ / 16℃,东北风 ≤3级 /南风 ≤3级,多云,多云,25,16,东北风,≤3级,南风,≤3级,day
2015-05-06 07:45:00,枣山路,8、依法应负全责的其他情形,负全部责任,不负责任,1,贵AKG798,白,0,贵A4CA52,红,（南明区）金大驾驶培训有限公司,长运驾校,2007/11/12 0:00,2012/10/8 0:00,丰田牌,丰田牌,364548000000000000 ,36454751144261765X,196310,199006,7,2,5,工作日,早高峰(7-9点),2015-05-06,2015年5月6日,多云 /多云,25℃ / 16℃,东北风 ≤3级 /南风 ≤3级,多云,多云,25,16,东北风,≤3级,南风,≤3级,day
2015-05-06 08:00:00,小河珠江路,7、未按规定让行的 ,负全部责任,不负责任,1,贵A84491,白色,1,贵A4AP01,白色,（花溪区）高新十七驾驶培训有限公司,自培,2004/12/9 0:00,2014/4/17 0:00,万达,雪佛兰牌,364551000000000000 ,366666000000000000 ,197605,197112,8,2,5,工作日,早高峰(7-9点),2015-05-06,2015年5月6日,多云 /多云,25℃ / 16℃,东北风 ≤3级 /南风 ≤3级,多云,多云,25,16,东北风,≤3级,南风,≤3级,day
2015-05-06 08:10:00,宝山南路,7、未按规定让行的 ,负全部责任,不负责任,1,贵A5BY28,白,1,贵AU8899,蓝,诚信驾校（观山湖区）,520130,2015/3/24 0:00,2008/9/25 0:00,别克牌,瑞麒牌,366361000000000000 ,364557000000000000 ,196608,198704,8,2,5,工作日,早高峰(7-9点),2015-05-06,2015年5月6日,多云 /多云,25℃ / 16℃,东北风 ≤3级 /南风 ≤3级,多云,多云,25,16,东北风,≤3级,南风,≤3级,day
2015-05-06 08:05:00,瑞金北路,7、未按规定让行的 ,负全部责任,不负责任,1,贵AX3212,黑,1,贵AV7697,黄,无,-1,1994/10/1 0:00,-1,丰田(TOYOTA)牌,嘉陵牌,366061000000000000 ,36454800000000000 ,197408,197406,8,2,5,工作日,早高峰(7-9点),2015-05-06,2015年5月6日,多云 /多云,25℃ / 16℃,东北风 ≤3级 /南风 ≤3级,多云,多云,25,16,东北风,≤3级,南风,≤3级,day
2015-05-06 08:50:00,北二环,9、不符合前8款规定或者双方同时具有上述情形的,负全部责任,不负责任,1,贵DAW239,白,1,贵AK6973,红,-1,全林驾校,-1,2014/5/20 0:00,-1,三铃牌,366669000000000000 ,364548000000000000 ,198409,199204,8,2,5,工作日,早高峰(7-9点),2015-05-06,2015年5月6日,多云 /多云,25℃ / 16℃,东北风 ≤3级 /南风 ≤3级,多云,多云,25,16,东北风,≤3级,南风,≤3级,day
2015-05-06 09:40:00,白云区,3、倒车的,负全部责任,不负责任,1,贵A2554J,白,1,贵A4AW81,黄,-1,消防驾校,-1,1997/10/17 0:00,福田牌,雪佛兰牌,355766000000000000 ,364558000000000000 ,199102,197811,9,2,5,工作日,早高峰(7-9点),2015-05-06,2015年5月6日,多云 /多云,25℃ / 16℃,东北风 ≤3级 /南风 ≤3级,多云,多云,25,16,东北风,≤3级,南风,≤3级,day
2015-05-06 10:00:00,曹关村,1、追尾的,负全部责任,不负责任,1,贵A68490,蓝,1,贵CNX989,白,-1,-1,-1,-1,嘉陵,-1,3660680000000000 ,366568000000000000 ,190915,198810,10,2,5,工作日,非高峰,2015-05-06,2015年5月6日,多云 /多云,25℃ / 16℃,东北风 ≤3级 /南风 ≤3级,多云,多云,25,16,东北风,≤3级,南风,≤3级,day
2015-05-06 09:00:00,沙冲路,1、追尾的,负全部责任,不负责任,1,贵ANC474,白色,1,贵AFR729,白色,路路达驾校,-1,2013/2/3 0:00,-1,爱虎,金杯牌,676570000000000000 ,36686051954658438X,198311,198102,9,2,5,工作日,早高峰(7-9点),2015-05-06,2015年5月6日,多云 /多云,25℃ / 16℃,东北风 ≤3级 /南风 ≤3级,多云,多云,25,16,东北风,≤3级,南风,≤3级,day
2015-05-06 07:34:00,北京西路,1、追尾的,负全部责任,不负责任,1,贵AMS034,红,0,贵AF2856,白,自培,新天驾校,2001/11/21 0:00,2015/2/3 0:00,威志牌,豪进牌,364547000000000000 ,364547000000000000 ,197708,197412,7,2,5,工作日,早高峰(7-9点),2015-05-06,2015年5月6日,多云 /多云,25℃ / 16℃,东北风 ≤3级 /南风 ≤3级,多云,多云,25,16,东北风,≤3级,南风,≤3级,day
2015-05-06 08:00:00,天林花园,3、倒车的,负全部责任,不负责任,1,贵AHX461,白,1,贵AAE839,红,自培,520106,2004/12/24 0:00,2008/11/18 0:00,蒙迪欧牌,朗逸牌,366346000000000000 ,36455751214057406X,197101,196904,8,2,5,工作日,早高峰(7-9点),2015-05-06,2015年5月6日,多云 /多云,25℃ / 16℃,东北风 ≤3级 /南风 ≤3级,多云,多云,25,16,东北风,≤3级,南风,≤3级,day
2015-05-06 08:30:00,新添大道,1、追尾的,负全部责任,不负责任,1,贵A94F29,黑,1,贵F3759,白,自培,自培,2001/3/22 0:00,2013/12/2 0:00,索兰托,-1,364557000000000000 ,356166000000000000 ,196009,195812,8,2,5,工作日,早高峰(7-9点),2015-05-06,2015年5月6日,多云 /多云,25℃ / 16℃,东北风 ≤3级 /南风 ≤3级,多云,多云,25,16,东北风,≤3级,南风,≤3级,day
2015-05-06 08:00:00,瑞金中路,7、未按规定让行的 ,负全部责任,不负责任,1,贵AW2562,白,1,贵AW2324,黄,自培,（观山湖区）诚信驾驶培训有限公司,2002/2/21 0:00,2011/5/4 0:00,猎豹牌,钱江牌,364556000000000000 ,364568000000000000 ,197406,198906,8,2,5,工作日,早高峰(7-9点),2015-05-06,2015年5月6日,多云 /多云,25℃ / 16℃,东北风 ≤3级 /南风 ≤3级,多云,多云,25,16,东北风,≤3级,南风,≤3级,day
2015-05-06 09:00:00,小河平桥,8、依法应负全责的其他情形,负全部责任,不负责任,1,贵A57H85,白色,1,贵A2942J,白色,自培,520129,2004/6/30 0:00,1997/9/20 0:00,长城牌,长安牌,366570000000000000 ,35756051224648015X,197306,196602,9,2,5,工作日,早高峰(7-9点),2015-05-06,2015年5月6日,多云 /多云,25℃ / 16℃,东北风 ≤3级 /南风 ≤3级,多云,多云,25,16,东北风,≤3级,南风,≤3级,day
2015-05-06 09:40:00,头桥,7、未按规定让行的 ,负全部责任,不负责任,1,贵A95X22,黑,1,贵AU5936,黄,自培,520116,2007/6/18 0:00,2001/12/28 0:00,众泰牌,迅龙牌,364548000000000000 ,364548000000000000 ,196406,198010,9,2,5,工作日,早高峰(7-9点),2015-05-06,2015年5月6日,多云 /多云,25℃ / 16℃,东北风 ≤3级 /南风 ≤3级,多云,多云,25,16,东北风,≤3级,南风,≤3级,day
2015-05-06 07:42:00,喷水池,7、未按规定让行的 ,负全部责任,不负责任,0,贵AJ6811,红,0,贵APS542,黄,-1,十一培,-1,1998/12/25 0:00,嘉陵牌,长安牌,武字第666569号,364548000000000000 ,128号,197607,7,2,5,工作日,早高峰(7-9点),2015-05-06,2015年5月6日,多云 /多云,25℃ / 16℃,东北风 ≤3级 /南风 ≤3级,多云,多云,25,16,东北风,≤3级,南风,≤3级,day
2015-05-06 08:00:00,温泉路,1、追尾的,负全部责任,不负责任,1,贵LV3544,白色,1,贵A20328,白色,绥阳县平安机动车驾驶员培训学校,十一培,2010/11/1 0:00,1992/3/11 0:00,-1,柳特神力牌,366568000000000000 ,364548000000000000 ,198308,195411,8,2,5,工作日,早高峰(7-9点),2015-05-06,2015年5月6日,多云 /多云,25℃ / 16℃,东北风 ≤3级 /南风 ≤3级,多云,多云,25,16,东北风,≤3级,南风,≤3级,day
2015-05-06 08:00:00,西二环,1、追尾的,负全部责任,不负责任,1,贵A2513T,白色,1,贵A93M71,白色,黔丰驾校,自培,2014/2/21 0:00,2004/5/17 0:00,-1,大众牌,364556000000000000 ,366069000000000000 ,198708,197105,8,2,5,工作日,早高峰(7-9点),2015-05-06,2015年5月6日,多云 /多云,25℃ / 16℃,东北风 ≤3级 /南风 ≤3级,多云,多云,25,16,东北风,≤3级,南风,≤3级,day
2015-05-06 08:00:00,石标路,1、追尾的,负全部责任,不负责任,1,贵A97C93,白,1,贵ANV243,黑,（南明区）吉源驾驶培训有限公司,自培,2011/4/6 0:00,2004/5/18 0:00,雪佛兰牌,速腾牌,366364000000000000 ,364548000000000000 ,197609,197604,8,2,5,工作日,早高峰(7-9点),2015-05-06,2015年5月6日,多云 /多云,25℃ / 16℃,东北风 ≤3级 /南风 ≤3级,多云,多云,25,16,东北风,≤3级,南风,≤3级,day
2015-05-06 08:00:00,望城坡,7、未按规定让行的 ,负全部责任,不负责任,1,贵FV3849,白色,1,贵AU6106,白色,自培,自培,2003/12/18 0:00,2001/9/26 0:00,-1,万达牌,366368000000000000 ,364547000000000000 ,196902,196505,8,2,5,工作日,早高峰(7-9点),2015-05-06,2015年5月6日,多云 /多云,25℃ / 16℃,东北风 ≤3级 /南风 ≤3级,多云,多云,25,16,东北风,≤3级,南风,≤3级,day
2015-05-06 09:18:00,兴隆花园,7、未按规定让行的 ,负全部责任,不负责任,1,贵AC718A,白色,1,贵A78E19,白色,自培,遵义市海通机动车驾驶培训学校,2006/6/21 0:00,2012/6/28 0:00,-1,东风标致牌,366361000000000000 ,376570000000000000 ,198804,199112,9,2,5,工作日,早高峰(7-9点),2015-05-06,2015年5月6日,多云 /多云,25℃ / 16℃,东北风 ≤3级 /南风 ≤3级,多云,多云,25,16,东北风,≤3级,南风,≤3级,day
2015-05-06 10:40:00,云峰大道,1、追尾的,负全部责任,不负责任,1,闽A82W76,黑,1,贵AP0865,黑,消防驾校,自培,2012/6/18 0:00,2012/9/17 0:00,别克牌,奇瑞牌,364558000000000000 ,364558000000000000 ,199107,198610,10,2,5,工作日,非高峰,2015-05-06,2015年5月6日,多云 /多云,25℃ / 16℃,东北风 ≤3级 /南风 ≤3级,多云,多云,25,16,东北风,≤3级,南风,≤3级,day
2015-05-06 09:50:00,花果园,7、未按规定让行的 ,负全部责任,不负责任,1,贵A4AH82,白色,1,贵AU7777,白色,（南明区）阳光驾驶培训有限公司,自培,2007/11/21 0:00,1997/12/31 0:00,福克斯牌,三本牌,364551000000000000 ,364548000000000000 ,198907,197708,9,2,5,工作日,早高峰(7-9点),2015-05-06,2015年5月6日,多云 /多云,25℃ / 16℃,东北风 ≤3级 /南风 ≤3级,多云,多云,25,16,东北风,≤3级,南风,≤3级,day