accidenttime,accidentaddr,driver1fault,driver1responsibility,driver2responsibility,sex1,platenumber1,carcolor1,sex2,platenumber2,carcolor2,jxmc1,jxmc2,cclzrq1,cclzrq2,clpp1,clpp2,driver1license,driver2license,brith1,brith2,hour,weekday,month,is_weekday,peak_hour,date,日期,天气状况,气温,风力风向,day_wea,night_wea,day_tep,night_tep,day_wind_direction,day_wind_speed,night_wind_direction,night_wind_speed,segment
2015-05-06 11:00:00,大十字,7、未按规定让行的 ,负全部责任,不负责任,1,贵AV1881,白色,1,贵AU6084,白色,-1,520116,-1,1998/12/3 0:00,钱江牌,捷达牌,4046510000000000 ,366577000000000000 ,196305,197712,11,2,5,工作日,非高峰,2015-05-06,2015年5月6日,多云 /多云,25℃ / 16℃,东北风 ≤3级 /南风 ≤3级,多云,多云,25,16,东北风,≤3级,南风,≤3级,day
2015-05-06 11:00:00,西南环线,1、追尾的,负全部责任,不负责任,1,贵AC539J,白色,1,贵GY5246,白色,-1,自培,-1,2000/2/15 0:00,北京牌,-1,07436551144760328X,364548000000000000 ,199003,195407,11,2,5,工作日,非高峰,2015-05-06,2015年5月6日,多云 /多云,25℃ / 16℃,东北风 ≤3级 /南风 ≤3级,多云,多云,25,16,东北风,≤3级,南风,≤3级,day
2015-05-06 11:13:00,宝山北路,1、追尾的,负全部责任,不负责任,1,贵A15C25,白,1,贵AS6266,黄,-1,-1,-1,-1,东风日产牌,别克牌,36635351804860911X,364545000000 ,197407,225862,11,2,5,工作日,非高峰,2015-05-06,2015年5月6日,多云 /多云,25℃ / 16℃,东北风 ≤3级 /南风 ≤3级,多云,多云,25,16,东北风,≤3级,南风,≤3级,day
2015-05-06 11:30:00,花溪大道,1、追尾的,负全部责任,不负责任,1,皖SC5W29,白色,1,贵A5734B,白色,-1,青正驾校,-1,2011/3/14 0:00,-1,长安牌,705661000000000000 ,364596000000000000 ,198007,198608,11,2,5,工作日,非高峰,2015-05-06,2015年5月6日,多云 /多云,25℃ / 16℃,东北风 ≤3级 /南风 ≤3级,多云,多云,25,16,东北风,≤3级,南风,≤3级,day
2015-05-06 12:40:00,金阳,3、倒车的,负全部责任,不负责任,1,贵ARJ257,蓝,1,贵AB389V,红,-1,自培,-1,1999/5/24 0:00,北京牌,北京现代牌,734569000000000000 ,366364000000000000 ,197110,197210,12,2,5,工作日,非高峰,2015-05-06,2015年5月6日,多云 /多云,25℃ / 16℃,东北风 ≤3级 /南风 ≤3级,多云,多云,25,16,东北风,≤3级,南风,≤3级,day
2015-05-06 13:30:00,沙冲路,7、未按规定让行的 ,负全部责任,不负责任,1,贵AAM751,白色,1,贵AV5236,白色,-1,新天驾校,-1,2001/6/12 0:00,宗申牌,东风雪铁龙牌,354548000000000000 ,364548000000000000 ,196510,198210,13,2,5,工作日,非高峰,2015-05-06,2015年5月6日,多云 /多云,25℃ / 16℃,东北风 ≤3级 /南风 ≤3级,多云,多云,25,16,东北风,≤3级,南风,≤3级,day
2015-05-06 11:06:00,大凹,1、追尾的,负全部责任,不负责任,1,贵AVK437,白,1,贵AMT556,白,文通驾校,-1,2010/12/9 0:00,-1,沃尔沃,红旗牌,344667000000000000 ,76366500000000000 ,198410,199007,11,2,5,工作日,非高峰,2015-05-06,2015年5月6日,多云 /多云,25℃ / 16℃,东北风 ≤3级 /南风 ≤3级,多云,多云,25,16,东北风,≤3级,南风,≤3级,day
2015-05-06 11:45:00,201国道,7、未按规定让行的 ,负全部责任,不负责任,0,贵AMX693,白,1,贵AV7721,蓝,省交校,自培,2010/9/25 0:00,2009/11/3 0:00,大众汽车牌,帕萨特牌,364558000000000000 ,364568000000000000 ,196912,199012,11,2,5,工作日,非高峰,2015-05-06,2015年5月6日,多云 /多云,25℃ / 16℃,东北风 ≤3级 /南风 ≤3级,多云,多云,25,16,东北风,≤3级,南风,≤3级,day
2015-05-06 11:00:00,史北路,7、未按规定让行的 ,负全部责任,不负责任,1,贵A73876,白色,1,贵AV7153,白色,吉源驾校,99,2014/7/27 0:00,2006/11/7 0:00,天马,比亚迪牌,36456751924953008X,364547000000000000 ,198608,198703,11,2,5,工作日,非高峰,2015-05-06,2015年5月6日,多云 /多云,25℃ / 16℃,东北风 ≤3级 /南风 ≤3级,多云,多云,25,16,东北风,≤3级,南风,≤3级,day
2015-05-06 13:00:00,会展城,3、倒车的,负全部责任,不负责任,1,贵A85K96,蓝,1,云AE772K,红,市交校,省交校,2012/12/12 0:00,2014/9/18 0:00,东风标致牌,-1,364551000000000000 ,366246000000000000 ,198905,199307,13,2,5,工作日,非高峰,2015-05-06,2015年5月6日,多云 /多云,25℃ / 16℃,东北风 ≤3级 /南风 ≤3级,多云,多云,25,16,东北风,≤3级,南风,≤3级,day
2015-05-06 11:00:00,黔江路,1、追尾的,负全部责任,不负责任,1,川FBB326,白色,1,贵GC7273,白色,-1,预约考试窗口,-1,2006/10/19 0:00,\N,-1,35486651164269843X,355447000000000000 ,199206,197207,11,2,5,工作日,非高峰,2015-05-06,2015年5月6日,多云 /多云,25℃ / 16℃,东北风 ≤3级 /南风 ≤3级,多云,多云,25,16,东北风,≤3级,南风,≤3级,day
2015-05-06 13:30:00,会展城,7、未按规定让行的 ,负全部责任,不负责任,1,贵ACP923,红,0,贵AR5246,黄,（乌当区）全林驾驶培训有限公司,-1,2004/12/28 0:00,-1,五菱牌,南益牌,364548000000000000 ,366068000000000000 ,198010,199304,13,2,5,工作日,非高峰,2015-05-06,2015年5月6日,多云 /多云,25℃ / 16℃,东北风 ≤3级 /南风 ≤3级,多云,多云,25,16,东北风,≤3级,南风,≤3级,day
2015-05-06 13:18:00,渔安隧道,1、追尾的,负全部责任,不负责任,1,贵A21P31,白,1,贵AA899U,红,顺一驾驶培训学校,贵州省长安驾驶培训学校,2011/4/25 0:00,2010/2/24 0:00,雪佛兰牌,夏利牌,366347000000000000 ,366270000000000000 ,198212,198601,13,2,5,工作日,非高峰,2015-05-06,2015年5月6日,多云 /多云,25℃ / 16℃,东北风 ≤3级 /南风 ≤3级,多云,多云,25,16,东北风,≤3级,南风,≤3级,day
2015-05-06 10:20:00,上寨村,3、倒车的,负全部责任,不负责任,1,贵FN6178,黑,1,贵G60770,白,毕节地区黔中汽车(摩托车)驾驶培训学校,自培,2014/9/18 0:00,2002/5/28 0:00,-1,-1,366068000000000000 ,364557000000000000 ,199101,197310,10,2,5,工作日,非高峰,2015-05-06,2015年5月6日,多云 /多云,25℃ / 16℃,东北风 ≤3级 /南风 ≤3级,多云,多云,25,16,东北风,≤3级,南风,≤3级,day
2015-05-06 09:30:00,三桥,7、未按规定让行的 ,负全部责任,不负责任,1,贵A78B48,蓝,1,贵J95189,黄,文通驾校,十一培,2012/7/11 0:00,1991/12/18 0:00,-1,-1,364557000000000000 ,364547000000000000 ,198608,196210,9,2,5,工作日,早高峰(7-9点),2015-05-06,2015年5月6日,多云 /多云,25℃ / 16℃,东北风 ≤3级 /南风 ≤3级,多云,多云,25,16,东北风,≤3级,南风,≤3级,day
2015-05-06 11:46:00,金阳南路,7、未按规定让行的 ,负全部责任,不负责任,1,贵AA801C,黄,1,贵APF724,蓝,-1,十一培,-1,1988/11/11 0:00,-1,思域牌,366347000000000000 ,36454751315549005X,197408,195911,11,2,5,工作日,非高峰,2015-05-06,2015年5月6日,多云 /多云,25℃ / 16℃,东北风 ≤3级 /南风 ≤3级,多云,多云,25,16,东北风,≤3级,南风,≤3级,day
2015-05-06 13:00:00,西南环线,7、未按规定让行的 ,负全部责任,不负责任,1,临贵A7Q088,白色,1,贵AU7558,白色,遵义市祥顺机动车驾驶培训学校,十一培,2013/2/19 0:00,1993/10/19 0:00,-1,嘉陵牌,366566000000000000 ,364556000000000000 ,198104,196710,13,2,5,工作日,非高峰,2015-05-06,2015年5月6日,多云 /多云,25℃ / 16℃,东北风 ≤3级 /南风 ≤3级,多云,多云,25,16,东北风,≤3级,南风,≤3级,day
2015-05-06 14:00:00,东站,1、追尾的,负全部责任,不负责任,1,贵A928A3,白色,1,贵AD8984,白色,-1,十一培,-1,1998/9/11 0:00,江淮牌,豪爵牌,74846500000000000 ,364548000000000000 ,197801,195209,14,2,5,工作日,非高峰,2015-05-06,2015年5月6日,多云 /多云,25℃ / 16℃,东北风 ≤3级 /南风 ≤3级,多云,多云,25,16,东北风,≤3级,南风,≤3级,day
2015-05-06 09:40:00,苗圃二号,1、追尾的,负全部责任,不负责任,1,贵GV1166,红,1,贵G14916,黄,自培,十一培,2014/2/18 0:00,1998/7/7 0:00,-1,-1,74295500000000000 ,364548000000000000 ,199409,197712,9,2,5,工作日,早高峰(7-9点),2015-05-06,2015年5月6日,多云 /多云,25℃ / 16℃,东北风 ≤3级 /南风 ≤3级,多云,多云,25,16,东北风,≤3级,南风,≤3级,day
2015-05-06 13:00:00,小河三00医院,3、倒车的,负全部责任,不负责任,1,贵GL4571,白色,1,贵AKV676,白色,铁二局驾校,自培,2013/2/2 0:00,2003/6/27 0:00,-1,-1,364548000000000000 ,36454751934647765X,198406,198502,13,2,5,工作日,非高峰,2015-05-06,2015年5月6日,多云 /多云,25℃ / 16℃,东北风 ≤3级 /南风 ≤3级,多云,多云,25,16,东北风,≤3级,南风,≤3级,day
2015-05-06 08:37:00,花溪平桥,7、未按规定让行的 ,负全部责任,不负责任,1,贵A26696,白色,1,贵APS077,白色,自培,自培,2008/9/19 0:00,2003/1/16 0:00,三一牌,雅阁牌,36656551824843065X,366670000000000000 ,197607,197811,8,2,5,工作日,早高峰(7-9点),2015-05-06,2015年5月6日,多云 /多云,25℃ / 16℃,东北风 ≤3级 /南风 ≤3级,多云,多云,25,16,东北风,≤3级,南风,≤3级,day
2015-05-06 10:00:00,南明区看守所,3、倒车的,负全部责任,不负责任,1,贵AU4884,白色,1,贵ASZ554,白色,自培,自培,2002/12/2 0:00,2002/10/19 0:00,捷达牌,雪铁龙,366361000000000000 ,366569000000000000 ,197405,197701,10,2,5,工作日,非高峰,2015-05-06,2015年5月6日,多云 /多云,25℃ / 16℃,东北风 ≤3级 /南风 ≤3级,多云,多云,25,16,东北风,≤3级,南风,≤3级,day
2015-05-06 09:30:00,艺校立交,7、未按规定让行的 ,负全部责任,不负责任,1,贵AJ8002,白色,1,贵A8312M,白色,自培,自培,2006/4/4 0:00,2007/1/30 0:00,时代,北京现代牌,366364000000000000 ,364567000000000000 ,197110,198808,9,2,5,工作日,早高峰(7-9点),2015-05-06,2015年5月6日,多云 /多云,25℃ / 16℃,东北风 ≤3级 /南风 ≤3级,多云,多云,25,16,东北风,≤3级,南风,≤3级,day
2015-05-06 14:40:00,乌当,1、追尾的,负全部责任,不负责任,1,贵A4AZ81,红,1,贵AB573K,红,诚信驾驶培训学校,（乌当区）平安驾驶培训有限公司,2014/9/22 0:00,2001/4/24 0:00,思域牌,五菱牌,364596000000000000 ,36454751824969097X,199106,197608,14,2,5,工作日,非高峰,2015-05-06,2015年5月6日,多云 /多云,25℃ / 16℃,东北风 ≤3级 /南风 ≤3级,多云,多云,25,16,东北风,≤3级,南风,≤3级,day
2015-05-06 16:30:00,阳关,1、追尾的,负全部责任,不负责任,1,贵ABX121,黑,1,贵CNF983,白,铁二局驾校,-1,2011/3/14 0:00,-1,-1,-1,364547000000000000 ,366561000000000000 ,198906,199002,16,2,5,工作日,非高峰,2015-05-06,2015年5月6日,多云 /多云,25℃ / 16℃,东北风 ≤3级 /南风 ≤3级,多云,多云,25,16,东北风,≤3级,南风,≤3级,day
2015-05-06 16:00:00,名族中学,3、倒车的,负全部责任,不负责任,1,贵A7175L,白色,1,贵AK3597,白色,鑫鑫驾校,新天驾校,2012/12/6 0:00,2012/12/25 0:00,雪佛兰牌,福田五星牌,36455551845558775X,366061000000000000 ,197011,198812,16,2,5,工作日,非高峰,2015-05-06,2015年5月6日,多云 /多云,25℃ / 16℃,东北风 ≤3级 /南风 ≤3级,多云,多云,25,16,东北风,≤3级,南风,≤3级,day
2015-05-06 16:00:00,飞山街,7、未按规定让行的 ,负全部责任,不负责任,0,贵GAD075,白,1,贵AB8231,白,全林驾校,消防驾校,2013/10/21 0:00,2010/8/2 0:00,-1,嘉陵牌,364646000000000000 ,364548000000000000 ,198312,198503,16,2,5,工作日,非高峰,2015-05-06,2015年5月6日,多云 /多云,25℃ / 16℃,东北风 ≤3级 /南风 ≤3级,多云,多云,25,16,东北风,≤3级,南风,≤3级,day
2015-05-06 14:10:00,解放路,9、不符合前8款规定或者双方同时具有上述情形的,负同等责任,不负责任,1,贵AVA445,蓝,0,贵A79L33,白,自培,自培,2001/12/3 0:00,2014/9/12 0:00,雪佛兰牌,-1,366347000000000000 ,776263000000000000 ,197309,197806,14,2,5,工作日,非高峰,2015-05-06,2015年5月6日,多云 /多云,25℃ / 16℃,东北风 ≤3级 /南风 ≤3级,多云,多云,25,16,东北风,≤3级,南风,≤3级,day
2015-05-06 15:14:00,解放路,1、追尾的,负全部责任,不负责任,1,贵AL9953,白色,1,贵AHJ000,白色,顺一驾驶培训学校,-1,2014/1/21 0:00,-1,铃木牌,迈腾牌,366061000000000000 ,754553000000000000 ,197212,197108,15,2,5,工作日,非高峰,2015-05-06,2015年5月6日,多云 /多云,25℃ / 16℃,东北风 ≤3级 /南风 ≤3级,多云,多云,25,16,东北风,≤3级,南风,≤3级,day
2015-05-06 19:00:00,白云南路,7、未按规定让行的 ,负全部责任,不负责任,1,粤A305A9,黑,1,贵GX6573,白,-1,-1,-1,-1,长安牌,-1,364547000000000000 ,36456551984064247X,195607,198704,19,2,5,工作日,晚高峰(17-19点),2015-05-06,2015年5月6日,多云 /多云,25℃ / 16℃,东北风 ≤3级 /南风 ≤3级,多云,多云,25,16,东北风,≤3级,南风,≤3级,day
2015-05-06 21:00:00,石标路,2、逆行的,负全部责任,不负责任,1,贵A55P21,白,0,贵A71G17,蓝,-1,520127,-1,-1,江淮牌,大众汽车牌,364367000000000000 ,366063000000000000 ,197404,197605,21,2,5,工作日,非高峰,2015-05-06,2015年5月6日,多云 /多云,25℃ / 16℃,东北风 ≤3级 /南风 ≤3级,多云,多云,25,16,东北风,≤3级,南风,≤3级,night
2015-05-06 18:28:00,花果园,7、未按规定让行的 ,负全部责任,不负责任,1,贵ARF662,白,1,贵A78M75,白,（南明区）铁二局驾驶培训有限公司,景宏驾校,2009/10/12 0:00,2012/3/10 0:00,骏派牌,福克斯牌,364566000000000000 ,364548000000000000 ,199012,198412,18,2,5,工作日,晚高峰(17-19点),2015-05-06,2015年5月6日,多云 /多云,25℃ / 16℃,东北风 ≤3级 /南风 ≤3级,多云,多云,25,16,东北风,≤3级,南风,≤3级,day
2015-05-06 20:10:00,下寨路,3、倒车的,负全部责任,不负责任,1,贵A98M34,白,1,贵A529G8,红,诚信驾驶培训学校,-1,2014/4/18 0:00,-1,哈弗牌,荣沃牌,366564000000000000 ,366064000000000000 ,198807,198111,20,2,5,工作日,非高峰,2015-05-06,2015年5月6日,多云 /多云,25℃ / 16℃,东北风 ≤3级 /南风 ≤3级,多云,多云,25,16,东北风,≤3级,南风,≤3级,night
2015-05-06 17:30:00,大凹,8、依法应负全责的其他情形,负全部责任,不负责任,1,贵A139C3,白,1,贵AAQ045,白,-1,520111,-1,2008/8/13 0:00,跃进牌,解放牌,366666000000000000 ,366068000000000000 ,195807,198411,17,2,5,工作日,晚高峰(17-19点),2015-05-06,2015年5月6日,多云 /多云,25℃ / 16℃,东北风 ≤3级 /南风 ≤3级,多云,多云,25,16,东北风,≤3级,南风,≤3级,day
2015-05-06 15:25:00,北京东路,1、追尾的,负全部责任,不负责任,1,贵A98699,白,1,贵A24557,黄,自培,-1,2006/11/21 0:00,-1,华通牌,通用所,64297500000000000 ,366068000000000000 ,196805,198610,15,2,5,工作日,非高峰,2015-05-06,2015年5月6日,多云 /多云,25℃ / 16℃,东北风 ≤3级 /南风 ≤3级,多云,多云,25,16,东北风,≤3级,南风,≤3级,day
2015-05-06 16:20:00,护国路,7、未按规定让行的 ,负全部责任,不负责任,1,贵AG6566,白色,1,贵A1BF34,白色,自培,-1,2002/1/11 0:00,-1,喜力牌,梅赛德斯-奔驰,76360500000000000 ,366669000000000000 ,197502,197810,16,2,5,工作日,非高峰,2015-05-06,2015年5月6日,多云 /多云,25℃ / 16℃,东北风 ≤3级 /南风 ≤3级,多云,多云,25,16,东北风,≤3级,南风,≤3级,day
2015-05-06 15:00:00,五里冲,1、追尾的,负全部责任,不负责任,1,贵ANB117,白色,1,贵G59971,白色,自培,-1,2004/5/12 0:00,-1,雪佛兰牌,-1,77479551934565825X,366363000000000000 ,198501,196803,15,2,5,工作日,非高峰,2015-05-06,2015年5月6日,多云 /多云,25℃ / 16℃,东北风 ≤3级 /南风 ≤3级,多云,多云,25,16,东北风,≤3级,南风,≤3级,day
2015-05-06 14:00:00,浣纱路,9、不符合前8款规定或者双方同时具有上述情形的,负同等责任,负同等责任,1,贵ANT113,白色,1,贵A16K42,白色,自培,-1,2002/9/6 0:00,-1,科雷傲,福克斯牌,36454651274653526X,364548000000000000 ,196302,196210,14,2,5,工作日,非高峰,2015-05-06,2015年5月6日,多云 /多云,25℃ / 16℃,东北风 ≤3级 /南风 ≤3级,多云,多云,25,16,东北风,≤3级,南风,≤3级,day
2015-05-06 14:00:00,解放路,7、未按规定让行的 ,负全部责任,不负责任,1,贵GP3248,白色,1,贵FX1062,白色,自培,-1,2007/12/13 0:00,-1,-1,-1,366046000000000000 ,366068000000000000 ,198608,198104,14,2,5,工作日,非高峰,2015-05-06,2015年5月6日,多云 /多云,25℃ / 16℃,东北风 ≤3级 /南风 ≤3级,多云,多云,25,16,东北风,≤3级,南风,≤3级,day
2015-05-06 14:00:00,解放路,1、追尾的,负全部责任,不负责任,1,贵GT3248,白色,1,贵A39616,白色,自培,十一驾驶培训有限公司,2007/12/13 0:00,2003/6/19 0:00,-1,中联牌,366046000000000000 ,366577000000000000 ,198608,197507,14,2,5,工作日,非高峰,2015-05-06,2015年5月6日,多云 /多云,25℃ / 16℃,东北风 ≤3级 /南风 ≤3级,多云,多云,25,16,东北风,≤3级,南风,≤3级,day
2015-05-06 14:12:00,花溪大道,1、追尾的,负全部责任,不负责任,1,贵F19224,白色,1,贵A79N96,白色,新华驾校,十一培,2013/4/18 0:00,1999/8/12 0:00,-1,思威牌,366061000000000000 ,364547000000000000 ,199111,197505,14,2,5,工作日,非高峰,2015-05-06,2015年5月6日,多云 /多云,25℃ / 16℃,东北风 ≤3级 /南风 ≤3级,多云,多云,25,16,东北风,≤3级,南风,≤3级,day
2015-05-06 18:10:00,花香村,1、追尾的,负全部责任,不负责任,1,贵GX5735,白,1,贵A66P46,黑,-1,十一培,-1,1998/4/2 0:00,-1,福特牌,36636400000000000 ,364547000000000000 ,197108,197302,18,2,5,工作日,晚高峰(17-19点),2015-05-06,2015年5月6日,多云 /多云,25℃ / 16℃,东北风 ≤3级 /南风 ≤3级,多云,多云,25,16,东北风,≤3级,南风,≤3级,day
2015-05-06 20:00:00,贵阳学院,3、倒车的,负全部责任,不负责任,1,贵AK5841,白色,1,贵A2H635,白色,-1,十一培,-1,1992/9/16 0:00,东力牌,-1,364547000000000000 ,364547000000000000 ,197501,196311,20,2,5,工作日,非高峰,2015-05-06,2015年5月6日,多云 /多云,25℃ / 16℃,东北风 ≤3级 /南风 ≤3级,多云,多云,25,16,东北风,≤3级,南风,≤3级,night
2015-05-06 18:30:00,白云北路,4、停车时未挂低速档、未拉驻车制动，导致车辆滑行的,负全部责任,不负责任,0,贵A97G82,黑,1,贵A3549M,黑,消防驾校,自培,2011/11/18 0:00,2004/7/5 0:00,荣威牌,力帆牌,364558000000000000 ,364558000000000000 ,199105,196701,18,2,5,工作日,晚高峰(17-19点),2015-05-06,2015年5月6日,多云 /多云,25℃ / 16℃,东北风 ≤3级 /南风 ≤3级,多云,多云,25,16,东北风,≤3级,南风,≤3级,day
2015-05-06 14:00:00,油榨街,7、未按规定让行的 ,负全部责任,不负责任,1,贵A38S59,白色,1,贵AKT158,白色,自培,自培,2004/1/14 0:00,2001/7/5 0:00,东风日产牌,梅赛德斯-奔驰,36454651274255260X,364548000000000000 ,196306,197505,14,2,5,工作日,非高峰,2015-05-06,2015年5月6日,多云 /多云,25℃ / 16℃,东北风 ≤3级 /南风 ≤3级,多云,多云,25,16,东北风,≤3级,南风,≤3级,day
2015-05-08 16:30:00,八匹马,1、追尾的,负全部责任,不负责任,1,贵A6C621,白,0,贵AKN792,白,自培,自培,2007/5/31 0:00,2004/7/9 0:00,-1,宝马,364547000000000000 ,364558000000000000 ,198507,197301,16,4,5,工作日,非高峰,2015-05-08,2015年5月8日,阵雨 /多云,25℃ / 15℃,东南风 ≤3级 /东北风 ≤3级,阵雨,多云,25,15,东南风,≤3级,东北风,≤3级,day
2015-05-06 19:20:00,新添大道,1、追尾的,负全部责任,不负责任,1,贵A7BJ67,白,1,浙BR645X,黑,全林驾校,-1,2013/2/1 0:00,-1,福克斯牌,-1,364596000000000000 ,356661000000000000 ,198606,196012,19,2,5,工作日,晚高峰(17-19点),2015-05-06,2015年5月6日,多云 /多云,25℃ / 16℃,东北风 ≤3级 /南风 ≤3级,多云,多云,25,16,东北风,≤3级,南风,≤3级,day
2015-05-06 19:30:00,二铺,1、追尾的,负全部责任,不负责任,1,贵A032F5,白,1,贵GGB635,黑,-1,长运驾校,-1,2015/1/27 0:00,江铃牌,-1,53993468890 ,364596000000000000 ,27784,198812,19,2,5,工作日,晚高峰(17-19点),2015-05-06,2015年5月6日,多云 /多云,25℃ / 16℃,东北风 ≤3级 /南风 ≤3级,多云,多云,25,16,东北风,≤3级,南风,≤3级,day
2015-05-06 18:00:00,小河清水江路,7、未按规定让行的 ,负全部责任,不负责任,1,贵AV6069,白色,1,贵A4BH72,白色,-1,鑫鑫驾校,-1,2002/11/18 0:00,隆鑫牌,众泰牌,364547000000000000 ,364551000000000000 ,196011,197804,18,2,5,工作日,晚高峰(17-19点),2015-05-06,2015年5月6日,多云 /多云,25℃ / 16℃,东北风 ≤3级 /南风 ≤3级,多云,多云,25,16,东北风,≤3级,南风,≤3级,day
2015-05-06 20:00:00,合肥路,4、停车时未挂低速档、未拉驻车制动，导致车辆滑行的,负全部责任,不负责任,1,贵ACV496,白,1,贵A77Z43,黑,-1,（乌当区）新华驾驶培训有限公司,-1,2009/9/9 0:00,长安牌,丰田牌,74367500000000000 ,734361000000000000 ,199505,199104,20,2,5,工作日,非高峰,2015-05-06,2015年5月6日,多云 /多云,25℃ / 16℃,东北风 ≤3级 /南风 ≤3级,多云,多云,25,16,东北风,≤3级,南风,≤3级,night
2015-05-07 03:44:00,甲秀南路,7、未按规定让行的 ,负全部责任,不负责任,1,贵AM6053,白,1,贵A37W34,红,-1,-1,-1,-1,国本牌,宝马牌,366064000000000 ,364526000000000000 ,721023,199409,3,3,5,工作日,非高峰,2015-05-07,2015年5月7日,阵雨 /雷阵雨,23℃ / 17℃,东南风 ≤3级 /东南风 ≤3级,阵雨,雷阵雨,23,17,东南风,≤3级,东南风,≤3级,night
2015-05-07 07:40:00,航天大道,1、追尾的,负全部责任,不负责任,1,贵A4254N,黄,1,贵ASA314,黑,-1,-1,-1,-1,哈飞牌,海马牌,364548000000000000 ,354657000000000000 ,197601,197011,7,3,5,工作日,早高峰(7-9点),2015-05-07,2015年5月7日,阵雨 /雷阵雨,23℃ / 17℃,东南风 ≤3级 /东南风 ≤3级,阵雨,雷阵雨,23,17,东南风,≤3级,东南风,≤3级,day
2015-05-07 07:45:00,万东大桥,1、追尾的,负全部责任,不负责任,1,贵JX6626,黑,1,贵AT1347,黑,-1,520118,-1,2008/11/24 0:00,-1,嘉陵牌,366568000000000000 ,736261000000000000 ,198209,197811,7,3,5,工作日,早高峰(7-9点),2015-05-07,2015年5月7日,阵雨 /雷阵雨,23℃ / 17℃,东南风 ≤3级 /东南风 ≤3级,阵雨,雷阵雨,23,17,东南风,≤3级,东南风,≤3级,day
2015-05-07 06:00:00,小河转盘,1、追尾的,负全部责任,不负责任,1,贵JH0872,白色,1,贵GQ9843,白色,黔南州华晟驾驶培训学校,新华驾校,-1,2012/2/22 0:00,-1,-1,366875000000000000 ,354669000000000000 ,197512,197603,6,3,5,工作日,非高峰,2015-05-07,2015年5月7日,阵雨 /雷阵雨,23℃ / 17℃,东南风 ≤3级 /东南风 ≤3级,阵雨,雷阵雨,23,17,东南风,≤3级,东南风,≤3级,day
2015-05-06 21:05:00,观山路,1、追尾的,负全部责任,不负责任,1,贵JB7649,黑,1,贵AEQ628,白,贵阳万里圣驾校,-1,2011/9/20 0:00,-1,-1,华泰圣达菲牌,366364000000000000 ,724568000000000000 ,197009,197112,21,2,5,工作日,非高峰,2015-05-06,2015年5月6日,多云 /多云,25℃ / 16℃,东北风 ≤3级 /南风 ≤3级,多云,多云,25,16,东北风,≤3级,南风,≤3级,night
2015-05-07 05:50:00,碧海花园,8、依法应负全责的其他情形,负全部责任,不负责任,1,贵AN2414,红,1,贵GJ1181,红,-1,十一驾驶培训有限公司,-1,2005/10/13 0:00,东风雪铁龙牌,-1,36454500000000000 ,366068000000000000 ,958010,198008,5,3,5,工作日,非高峰,2015-05-07,2015年5月7日,阵雨 /雷阵雨,23℃ / 17℃,东南风 ≤3级 /东南风 ≤3级,阵雨,雷阵雨,23,17,东南风,≤3级,东南风,≤3级,night
2015-05-07 07:20:00,都司路,7、未按规定让行的 ,负全部责任,不负责任,1,贵A79H78,黑,1,贵AV6138,黄,自培,预约考试窗口,2013/5/8 0:00,2006/10/20 0:00,宝来牌,东风牌,74065500000000000 ,366061000000000000 ,198405,198805,7,3,5,工作日,早高峰(7-9点),2015-05-07,2015年5月7日,阵雨 /雷阵雨,23℃ / 17℃,东南风 ≤3级 /东南风 ≤3级,阵雨,雷阵雨,23,17,东南风,≤3级,东南风,≤3级,day
2015-05-06 21:20:00,东风镇,3、倒车的,负全部责任,不负责任,1,贵A663A4,黄,1,贵FR6889,白,贵州现代驾驶培训责任有限公司,-1,2014/8/29 0:00,-1,五菱牌,-1,364557000000000000 ,366067000000000000 ,198508,198404,21,2,5,工作日,非高峰,2015-05-06,2015年5月6日,多云 /多云,25℃ / 16℃,东北风 ≤3级 /南风 ≤3级,多云,多云,25,16,东北风,≤3级,南风,≤3级,night
2015-05-07 06:55:00,沙冲北路,1、追尾的,负全部责任,不负责任,1,贵AU6098,白色,1,贵AU7118,白色,文通驾校,自培,2010/12/22 0:00,2008/6/5 0:00,金典牌,建设牌,364566000000000000 ,364567000000000000 ,198611,198501,6,3,5,工作日,非高峰,2015-05-07,2015年5月7日,阵雨 /雷阵雨,23℃ / 17℃,东南风 ≤3级 /东南风 ≤3级,阵雨,雷阵雨,23,17,东南风,≤3级,东南风,≤3级,day
2015-05-07 07:30:00,开发大道,8、依法应负全责的其他情形,负全部责任,不负责任,1,贵A2067A,白色,1,贵AB381A,白色,新华驾校,顺一驾驶培训学校,2010/9/5 0:00,2012/8/23 0:00,五菱牌,福克斯牌,36666851854561523X,704968000000000000 ,197101,198701,7,3,5,工作日,早高峰(7-9点),2015-05-07,2015年5月7日,阵雨 /雷阵雨,23℃ / 17℃,东南风 ≤3级 /东南风 ≤3级,阵雨,雷阵雨,23,17,东南风,≤3级,东南风,≤3级,day