accidenttime,accidentaddr,driver1fault,driver1responsibility,driver2responsibility,sex1,platenumber1,carcolor1,sex2,platenumber2,carcolor2,jxmc1,jxmc2,cclzrq1,cclzrq2,clpp1,clpp2,driver1license,driver2license,brith1,brith2,hour,weekday,month,is_weekday,peak_hour,date,日期,天气状况,气温,风力风向,day_wea,night_wea,day_tep,night_tep,day_wind_direction,day_wind_speed,night_wind_direction,night_wind_speed,segment
2015-05-06 22:00:00,大十字,7、未按规定让行的 ,负全部责任,不负责任,1,贵AC627S,白色,1,贵A76V85,白色,吉源驾校（南明区）,520116,2012/1/19 0:00,2009/1/19 0:00,起亚,吉普,364566000000000000 ,364548000000000000 ,199208,198912,22,2,5,工作日,非高峰,2015-05-06,2015年5月6日,多云 /多云,25℃ / 16℃,东北风 ≤3级 /南风 ≤3级,多云,多云,25,16,东北风,≤3级,南风,≤3级,night
2015-05-07 00:00:00,小河,3、倒车的,负全部责任,不负责任,1,贵A692F9,白色,1,贵A8190A,白色,-1,未定义,-1,2014/7/16 0:00,长安牌,雪佛兰牌,726567000000000000 ,364556000000000000 ,197210,198709,0,3,5,工作日,非高峰,2015-05-07,2015年5月7日,阵雨 /雷阵雨,23℃ / 17℃,东南风 ≤3级 /东南风 ≤3级,阵雨,雷阵雨,23,17,东南风,≤3级,东南风,≤3级,night
2015-05-06 20:15:00,北京西路,8、依法应负全责的其他情形,负全部责任,不负责任,1,贵JAX244,红,1,贵AHW744,白,自培,（乌当区）全林驾驶培训有限公司,2011/2/14 0:00,2012/1/4 0:00,-1,雅阁牌,366361000000000000 ,366370000000000000 ,198101,197612,20,2,5,工作日,非高峰,2015-05-06,2015年5月6日,多云 /多云,25℃ / 16℃,东北风 ≤3级 /南风 ≤3级,多云,多云,25,16,东北风,≤3级,南风,≤3级,night
2015-05-06 21:50:00,都司路,1、追尾的,负全部责任,不负责任,1,贵A46S36,白色,1,贵AEL717,白色,自培,520101,2002/6/3 0:00,2009/12/21 0:00,海马牌,丰田牌,364547000000000000 ,364548000000000000 ,197312,196912,21,2,5,工作日,非高峰,2015-05-06,2015年5月6日,多云 /多云,25℃ / 16℃,东北风 ≤3级 /南风 ≤3级,多云,多云,25,16,东北风,≤3级,南风,≤3级,night
2015-05-06 22:00:00,中山西路,7、未按规定让行的 ,负全部责任,不负责任,1,贵AJH186,红,1,贵ART739,黑,自培,全林驾校,2006/8/24 0:00,2011/10/25 0:00,丰田牌,-1,364548000000000000 ,364557000000000000 ,198404,197301,22,2,5,工作日,非高峰,2015-05-06,2015年5月6日,多云 /多云,25℃ / 16℃,东北风 ≤3级 /南风 ≤3级,多云,多云,25,16,东北风,≤3级,南风,≤3级,night
2015-05-07 00:00:00,纪念塔转盘,7、未按规定让行的 ,负全部责任,不负责任,1,贵ASN882,白色,1,贵AU5906,白色,自培,自培,2004/7/16 0:00,2012/3/14 0:00,东风日产牌,捷达牌,366570000000000000 ,364547000000000000 ,198307,198908,0,3,5,工作日,非高峰,2015-05-07,2015年5月7日,阵雨 /雷阵雨,23℃ / 17℃,东南风 ≤3级 /东南风 ≤3级,阵雨,雷阵雨,23,17,东南风,≤3级,东南风,≤3级,night
2015-05-07 00:00:00,沙冲南路,1、追尾的,负全部责任,不负责任,1,贵AV1213,白色,1,冀J744BQ,白色,自培,-1,2003/3/18 0:00,-1,豪进牌,-1,364556000000000000 ,574191000000000000 ,196710,199311,0,3,5,工作日,非高峰,2015-05-07,2015年5月7日,阵雨 /雷阵雨,23℃ / 17℃,东南风 ≤3级 /东南风 ≤3级,阵雨,雷阵雨,23,17,东南风,≤3级,东南风,≤3级,night
2015-05-07 08:00:00,水口寺大桥,7、未按规定让行的 ,负全部责任,不负责任,1,贵AK6878,白色,1,贵A79L16,白色,贵州现代驾驶培训责任有限公司,十一培,2011/10/24 0:00,1996/2/8 0:00,大阳牌,宝骏牌,364551000000000000 ,36454651224963405X,198704,196608,8,3,5,工作日,早高峰(7-9点),2015-05-07,2015年5月7日,阵雨 /雷阵雨,23℃ / 17℃,东南风 ≤3级 /东南风 ≤3级,阵雨,雷阵雨,23,17,东南风,≤3级,东南风,≤3级,day
2015-05-06 21:00:00,花果园,3、倒车的,负全部责任,不负责任,0,贵A65H26,白,1,贵A97K47,白,（南明区）长运驾驶培训有限公司,自培,2005/10/21 0:00,2005/9/6 0:00,荣威牌,宝马牌,366347000000000000 ,364557000000000000 ,197607,198610,21,2,5,工作日,非高峰,2015-05-06,2015年5月6日,多云 /多云,25℃ / 16℃,东北风 ≤3级 /南风 ≤3级,多云,多云,25,16,东北风,≤3级,南风,≤3级,night
2015-05-06 17:40:00,新添大道,4、停车时未挂低速档、未拉驻车制动，导致车辆滑行的,负全部责任,不负责任,1,贵GJ8115,白,0,贵GE6113,白,（乌当区）新华驾驶培训有限公司,自培,2008/4/10 0:00,2005/2/5 0:00,-1,-1,266646000000000000 ,36455651924253446X,198304,198606,17,2,5,工作日,晚高峰(17-19点),2015-05-06,2015年5月6日,多云 /多云,25℃ / 16℃,东北风 ≤3级 /南风 ≤3级,多云,多云,25,16,东北风,≤3级,南风,≤3级,day
2015-05-07 07:50:00,小河平桥,7、未按规定让行的 ,负全部责任,不负责任,1,贵GM8928,白色,1,贵A33412,白色,顺一驾驶培训学校,十一驾驶培训有限公司,2012/7/23 0:00,1983/6/29 0:00,别克牌,金旅牌,36455051975666447X,364547000000000000 ,198312,196301,7,3,5,工作日,早高峰(7-9点),2015-05-07,2015年5月7日,阵雨 /雷阵雨,23℃ / 17℃,东南风 ≤3级 /东南风 ≤3级,阵雨,雷阵雨,23,17,东南风,≤3级,东南风,≤3级,day
2015-05-07 09:20:00,黔灵山路,8、依法应负全责的其他情形,负全部责任,不负责任,1,贵CCD634,白,1,贵DT7561,红,-1,文通驾校,-1,2012/2/28 0:00,-1,-1,366063000000000000 ,366669000000000000 ,198405,197903,9,3,5,工作日,早高峰(7-9点),2015-05-07,2015年5月7日,阵雨 /雷阵雨,23℃ / 17℃,东南风 ≤3级 /东南风 ≤3级,阵雨,雷阵雨,23,17,东南风,≤3级,东南风,≤3级,day
2015-05-07 09:00:00,黔灵山隧道,1、追尾的,负全部责任,不负责任,1,贵AU8052,黄,1,贵A3BK36,黑,（花溪区）鑫鑫驾驶培训有限公司,-1,2010/5/27 0:00,-1,宝来牌,福克斯牌,366067000000000000 ,366567000000000000 ,198906,198806,9,3,5,工作日,早高峰(7-9点),2015-05-07,2015年5月7日,阵雨 /雷阵雨,23℃ / 17℃,东南风 ≤3级 /东南风 ≤3级,阵雨,雷阵雨,23,17,东南风,≤3级,东南风,≤3级,day
2015-05-07 08:20:00,黔灵山隧道,1、追尾的,负全部责任,不负责任,1,贵GT2449,白,1,贵AEL942,红,时发驾校,贵大佳德驾驶培训学校,2014/9/3 0:00,2013/12/12 0:00,-1,东南牌,364596000000000000 ,364551000000000000 ,198611,198910,8,3,5,工作日,早高峰(7-9点),2015-05-07,2015年5月7日,阵雨 /雷阵雨,23℃ / 17℃,东南风 ≤3级 /东南风 ≤3级,阵雨,雷阵雨,23,17,东南风,≤3级,东南风,≤3级,day
2015-05-07 09:00:00,五里冲,7、未按规定让行的 ,负全部责任,不负责任,1,贵AX1172,白色,1,贵GV9141,白色,（花溪区）金马驾驶培训有限公司,预约考试窗口,2010/5/25 0:00,2007/7/26 0:00,迅龙牌,-1,364557000000000000 ,364557000000000000 ,198105,198807,9,3,5,工作日,早高峰(7-9点),2015-05-07,2015年5月7日,阵雨 /雷阵雨,23℃ / 17℃,东南风 ≤3级 /东南风 ≤3级,阵雨,雷阵雨,23,17,东南风,≤3级,东南风,≤3级,day
2015-05-07 09:00:00,水东路,1、追尾的,负全部责任,不负责任,1,贵AFC275,白,1,贵A3BP36,蓝,金大驾校,-1,2013/10/16 0:00,-1,五菱牌,丰田牌,36455651134256415X,364547000000000000 ,199506,198809,9,3,5,工作日,早高峰(7-9点),2015-05-07,2015年5月7日,阵雨 /雷阵雨,23℃ / 17℃,东南风 ≤3级 /东南风 ≤3级,阵雨,雷阵雨,23,17,东南风,≤3级,东南风,≤3级,day
2015-05-07 10:00:00,西二环下坝隧道,1、追尾的,负全部责任,不负责任,1,贵A874F9,白色,1,贵AU7814,白色,-1,520129,-1,2004/8/23 0:00,解放牌,奇瑞牌,75668500000000000 ,366061000000000000 ,198701,197105,10,3,5,工作日,非高峰,2015-05-07,2015年5月7日,阵雨 /雷阵雨,23℃ / 17℃,东南风 ≤3级 /东南风 ≤3级,阵雨,雷阵雨,23,17,东南风,≤3级,东南风,≤3级,day
2015-05-07 10:40:00,机场宾馆,3、倒车的,负全部责任,不负责任,1,川M4723A,红,1,贵A73L56,红,-1,诚信驾驶培训学校,-1,2014/9/12 0:00,-1,宝马,264068000000000000 ,366868000000000000 ,198306,198805,10,3,5,工作日,非高峰,2015-05-07,2015年5月7日,阵雨 /雷阵雨,23℃ / 17℃,东南风 ≤3级 /东南风 ≤3级,阵雨,雷阵雨,23,17,东南风,≤3级,东南风,≤3级,day
2015-05-07 12:00:00,飞山街,8、依法应负全责的其他情形,负全部责任,不负责任,1,贵J339警,白,1,贵AH2197,黄,-1,-1,-1,-1,-1,翼搏牌,36684600000000000 ,36454751065642407X,198611,194212,12,3,5,工作日,非高峰,2015-05-07,2015年5月7日,阵雨 /雷阵雨,23℃ / 17℃,东南风 ≤3级 /东南风 ≤3级,阵雨,雷阵雨,23,17,东南风,≤3级,东南风,≤3级,day
2015-05-07 09:00:00,黔灵西路,1、追尾的,负全部责任,不负责任,1,贵ASE164,白,1,贵A98A98,黑,全林驾校,十一培,2011/7/19 0:00,1995/4/25 0:00,福克斯牌,丰田牌,774964000000000000 ,366364000000000000 ,198102,197101,9,3,5,工作日,早高峰(7-9点),2015-05-07,2015年5月7日,阵雨 /雷阵雨,23℃ / 17℃,东南风 ≤3级 /东南风 ≤3级,阵雨,雷阵雨,23,17,东南风,≤3级,东南风,≤3级,day
2015-05-07 08:30:00,省军区,7、未按规定让行的 ,负全部责任,不负责任,1,贵FM5399,白色,1,贵A17K94,白色,-1,自培,-1,2005/2/28 0:00,-1,东风标致牌,366046000000000000 ,366846000000000000 ,197605,197403,8,3,5,工作日,早高峰(7-9点),2015-05-07,2015年5月7日,阵雨 /雷阵雨,23℃ / 17℃,东南风 ≤3级 /东南风 ≤3级,阵雨,雷阵雨,23,17,东南风,≤3级,东南风,≤3级,day
2015-05-07 09:35:00,东二环,1、追尾的,负全部责任,不负责任,1,贵A9206F,红,1,贵AN3584,黑,吉源驾校,自培,2013/5/8 0:00,2003/3/30 0:00,长安牌,大众汽车牌,765697000000000000 ,366367000000000000 ,198512,195812,9,3,5,工作日,早高峰(7-9点),2015-05-07,2015年5月7日,阵雨 /雷阵雨,23℃ / 17℃,东南风 ≤3级 /东南风 ≤3级,阵雨,雷阵雨,23,17,东南风,≤3级,东南风,≤3级,day
2015-05-07 08:10:00,观山东路,7、未按规定让行的 ,负全部责任,不负责任,0,贵AEL286,白,0,贵A54N99,白,全林驾校,自培,2011/3/31 0:00,2004/8/2 0:00,长安牌,柯兰多,364648000000000000 ,364547000000000000 ,198405,198207,8,3,5,工作日,早高峰(7-9点),2015-05-07,2015年5月7日,阵雨 /雷阵雨,23℃ / 17℃,东南风 ≤3级 /东南风 ≤3级,阵雨,雷阵雨,23,17,东南风,≤3级,东南风,≤3级,day
2015-05-07 08:11:00,花溪区,7、未按规定让行的 ,负全部责任,不负责任,1,贵GP6311,白色,1,贵ABR178,白色,（乌当区）全林驾驶培训有限公司,自培,2006/4/28 0:00,2004/7/1 0:00,-1,奥迪牌,366662000000000000 ,36636251834247627X,197804,197506,8,3,5,工作日,早高峰(7-9点),2015-05-07,2015年5月7日,阵雨 /雷阵雨,23℃ / 17℃,东南风 ≤3级 /东南风 ≤3级,阵雨,雷阵雨,23,17,东南风,≤3级,东南风,≤3级,day
2015-05-07 11:30:00,宅吉路,7、未按规定让行的 ,负全部责任,不负责任,1,贵A45B37,白色,1,贵AZR077,白色,-1,自培,-1,2004/1/13 0:00,马自达牌,-1,364548000000000000 ,366846000000000000 ,196801,197412,11,3,5,工作日,非高峰,2015-05-07,2015年5月7日,阵雨 /雷阵雨,23℃ / 17℃,东南风 ≤3级 /东南风 ≤3级,阵雨,雷阵雨,23,17,东南风,≤3级,东南风,≤3级,day
2015-05-07 07:18:00,三桥,1、追尾的,负全部责任,不负责任,1,贵AV7396,蓝,1,贵A44L81,红,自培,自培,2002/6/20 0:00,2005/6/9 0:00,雅阁牌,吉利牌,36606351975649745X,366569000000000000 ,198312,197712,7,3,5,工作日,早高峰(7-9点),2015-05-07,2015年5月7日,阵雨 /雷阵雨,23℃ / 17℃,东南风 ≤3级 /东南风 ≤3级,阵雨,雷阵雨,23,17,东南风,≤3级,东南风,≤3级,day
2015-05-07 03:30:00,八匹马,1、追尾的,负全部责任,不负责任,1,贵AES199,黑,0,贵ATE852,红,自培,自培,2003/9/26 0:00,2002/8/30 0:00,奥迪牌,-1,66667500000000000 ,56969500000000000 ,197301,196801,3,3,5,工作日,非高峰,2015-05-07,2015年5月7日,阵雨 /雷阵雨,23℃ / 17℃,东南风 ≤3级 /东南风 ≤3级,阵雨,雷阵雨,23,17,东南风,≤3级,东南风,≤3级,night
2015-05-07 12:30:00,瑞北路口,1、追尾的,负全部责任,不负责任,1,贵A01729,红,1,贵AGQ077,蓝,-1,诚信驾驶培训学校,-1,2015/1/23 0:00,万达牌,哈飞牌,364445000000000000 ,366566000000000000 ,296405,196909,12,3,5,工作日,非高峰,2015-05-07,2015年5月7日,阵雨 /雷阵雨,23℃ / 17℃,东南风 ≤3级 /东南风 ≤3级,阵雨,雷阵雨,23,17,东南风,≤3级,东南风,≤3级,day
2015-05-07 10:25:00,东林寺路,1、追尾的,负全部责任,不负责任,0,贵A9134W,白,1,贵ALW531,蓝,安顺市顺安汽车（摩托车）驾驶培训学校,新天驾校,-1,2011/7/25 0:00,东风雪铁龙牌,吉利牌,366068000000000000 ,364557000000000000 ,198809,198112,10,3,5,工作日,非高峰,2015-05-07,2015年5月7日,阵雨 /雷阵雨,23℃ / 17℃,东南风 ≤3级 /东南风 ≤3级,阵雨,雷阵雨,23,17,东南风,≤3级,东南风,≤3级,day
2015-05-07 12:00:00,开发大道,7、未按规定让行的 ,负全部责任,不负责任,1,贵AU4251,白色,1,贵AMB175,白色,自培,（乌当区）新华驾驶培训有限公司,2007/12/20 0:00,2006/7/4 0:00,神龙-富康,夏利牌,366566000000000000 ,355468000000000000 ,198210,197005,12,3,5,工作日,非高峰,2015-05-07,2015年5月7日,阵雨 /雷阵雨,23℃ / 17℃,东南风 ≤3级 /东南风 ≤3级,阵雨,雷阵雨,23,17,东南风,≤3级,东南风,≤3级,day
2015-05-07 12:50:00,金关,7、未按规定让行的 ,负全部责任,不负责任,1,贵AGG331,白,1,浙AV4B24,黑,省交校,鑫鑫驾校,2014/12/24 0:00,2011/10/13 0:00,雷克萨斯,-1,366567000000000000 ,07634751164564821X,199205,199201,12,3,5,工作日,非高峰,2015-05-07,2015年5月7日,阵雨 /雷阵雨,23℃ / 17℃,东南风 ≤3级 /东南风 ≤3级,阵雨,雷阵雨,23,17,东南风,≤3级,东南风,≤3级,day
2015-05-07 13:30:00,林城东路,7、未按规定让行的 ,负全部责任,不负责任,1,贵HH4222,红,1,贵A4AE74,黑,-1,-1,1978/5/12 0:00,-1,-1,飞球牌,36624551334342447X,366575000000000000 ,195505,198001,13,3,5,工作日,非高峰,2015-05-07,2015年5月7日,阵雨 /雷阵雨,23℃ / 17℃,东南风 ≤3级 /东南风 ≤3级,阵雨,雷阵雨,23,17,东南风,≤3级,东南风,≤3级,day
2015-05-07 13:10:00,野鸭小学,1、追尾的,负全部责任,不负责任,1,贵JFC698,白,1,贵A0M968,红,520132,黔西南州方圆驾校,2009/3/24 0:00,-1,-1,-1,74355500000000000 ,366761000000000000 ,198101,197504,13,3,5,工作日,非高峰,2015-05-07,2015年5月7日,阵雨 /雷阵雨,23℃ / 17℃,东南风 ≤3级 /东南风 ≤3级,阵雨,雷阵雨,23,17,东南风,≤3级,东南风,≤3级,day
2015-05-07 11:11:00,建设南路,8、依法应负全责的其他情形,负全部责任,不负责任,1,贵A56N46,白,1,陕GGR133,白,景宏驾校,-1,2010/3/4 0:00,-1,东风雪铁龙牌,-1,364547000000000000 ,726347000000000000 ,198203,197009,11,3,5,工作日,非高峰,2015-05-07,2015年5月7日,阵雨 /雷阵雨,23℃ / 17℃,东南风 ≤3级 /东南风 ≤3级,阵雨,雷阵雨,23,17,东南风,≤3级,东南风,≤3级,day
2015-05-07 14:45:00,机场路,1、追尾的,负全部责任,不负责任,1,贵JAC554,白色,1,贵AJZ487,白色,-1,诚信驾驶培训学校,-1,2012/10/31 0:00,-1,英伦牌,786175000000000000 ,366577000000000000 ,198503,198706,14,3,5,工作日,非高峰,2015-05-07,2015年5月7日,阵雨 /雷阵雨,23℃ / 17℃,东南风 ≤3级 /东南风 ≤3级,阵雨,雷阵雨,23,17,东南风,≤3级,东南风,≤3级,day
2015-05-07 14:50:00,云环北路,3、倒车的,负全部责任,不负责任,1,贵AC148F,红,1,贵A29J13,白,-1,消防驾校,-1,2005/4/20 0:00,夏利牌,长安牌,366368000000000000 ,36606251834860311X,198101,197507,14,3,5,工作日,非高峰,2015-05-07,2015年5月7日,阵雨 /雷阵雨,23℃ / 17℃,东南风 ≤3级 /东南风 ≤3级,阵雨,雷阵雨,23,17,东南风,≤3级,东南风,≤3级,day
2015-05-07 17:00:00,四方河,7、未按规定让行的 ,负全部责任,不负责任,1,贵A13Y11,白色,1,贵AB474L,白色,凯信驾校,吉源驾校,2014/11/6 0:00,2014/11/3 0:00,宝马牌,吉利牌,364566000000000000 ,364547000000000000 ,198911,199504,17,3,5,工作日,晚高峰(17-19点),2015-05-07,2015年5月7日,阵雨 /雷阵雨,23℃ / 17℃,东南风 ≤3级 /东南风 ≤3级,阵雨,雷阵雨,23,17,东南风,≤3级,东南风,≤3级,day
2015-05-07 16:25:00,西南商贸城,7、未按规定让行的 ,负全部责任,不负责任,1,贵AT8532,黄,1,贵A1CE96,黑,自培,未定义,2012/1/17 0:00,2014/1/17 0:00,宗申牌,吉利牌,366066000000000000 ,36686051994163796X,197404,198809,16,3,5,工作日,非高峰,2015-05-07,2015年5月7日,阵雨 /雷阵雨,23℃ / 17℃,东南风 ≤3级 /东南风 ≤3级,阵雨,雷阵雨,23,17,东南风,≤3级,东南风,≤3级,day
2015-05-07 12:30:00,金朱东路,1、追尾的,负全部责任,不负责任,1,贵AU8825,黄,1,湘N8334A,蓝,自培,-1,2011/3/15 0:00,-1,三野牌,-1,07466751994262667X,75663500000000000 ,198806,198012,12,3,5,工作日,非高峰,2015-05-07,2015年5月7日,阵雨 /雷阵雨,23℃ / 17℃,东南风 ≤3级 /东南风 ≤3级,阵雨,雷阵雨,23,17,东南风,≤3级,东南风,≤3级,day
2015-05-07 10:10:00,北京西路,4、停车时未挂低速档、未拉驻车制动，导致车辆滑行的,负全部责任,不负责任,1,贵ADK573,红,1,贵AAQ206,白,自培,-1,2004/5/15 0:00,-1,东风雪铁龙牌,金杯牌,364648000000000000 ,364547000000000 ,196912,640701,10,3,5,工作日,非高峰,2015-05-07,2015年5月7日,阵雨 /雷阵雨,23℃ / 17℃,东南风 ≤3级 /东南风 ≤3级,阵雨,雷阵雨,23,17,东南风,≤3级,东南风,≤3级,day
2015-05-07 11:21:00,百花大道,1、追尾的,负全部责任,不负责任,1,粤QJ4196,黑,1,贵A765H5,白,自培,-1,2011/12/7 0:00,-1,-1,长安牌,6444520000000000 ,724568000000000000 ,198903,198906,11,3,5,工作日,非高峰,2015-05-07,2015年5月7日,阵雨 /雷阵雨,23℃ / 17℃,东南风 ≤3级 /东南风 ≤3级,阵雨,雷阵雨,23,17,东南风,≤3级,东南风,≤3级,day
2015-05-07 11:30:00,茶园村,2、逆行的,负全部责任,不负责任,1,贵A26120,红,1,鄂EV6984,蓝,自培,-1,2003/12/1 0:00,-1,汉江,-1,64767500000000000 ,64340500000000000 ,197312,198006,11,3,5,工作日,非高峰,2015-05-07,2015年5月7日,阵雨 /雷阵雨,23℃ / 17℃,东南风 ≤3级 /东南风 ≤3级,阵雨,雷阵雨,23,17,东南风,≤3级,东南风,≤3级,day
2015-05-07 12:50:00,会展城,8、依法应负全责的其他情形,负全部责任,不负责任,1,贵A7688G,黑,1,贵A5BC09,黑,自培,-1,2012/1/14 0:00,-1,丰田牌,大众牌,786167000000000000 ,364556000000000000 ,196905,199103,12,3,5,工作日,非高峰,2015-05-07,2015年5月7日,阵雨 /雷阵雨,23℃ / 17℃,东南风 ≤3级 /东南风 ≤3级,阵雨,雷阵雨,23,17,东南风,≤3级,东南风,≤3级,day
2015-05-07 11:00:00,金阳国际会议中心,7、未按规定让行的 ,负全部责任,不负责任,1,贵AV7802,蓝,1,贵GX8587,黑,自培,-1,2001/3/5 0:00,-1,嘉陵牌,-1,364558000000000000 ,354366000000000000 ,197507,198211,11,3,5,工作日,非高峰,2015-05-07,2015年5月7日,阵雨 /雷阵雨,23℃ / 17℃,东南风 ≤3级 /东南风 ≤3级,阵雨,雷阵雨,23,17,东南风,≤3级,东南风,≤3级,day
2015-05-07 13:20:00,后坝,7、未按规定让行的 ,负全部责任,不负责任,1,贵HBB852,白,1,贵A582D8,红,施秉县恒安机动车驾驶培训学校,十一培,2014/12/1 0:00,1993/7/6 0:00,-1,福田牌,366268000000000000 ,364548000000000000 ,198302,197312,13,3,5,工作日,非高峰,2015-05-07,2015年5月7日,阵雨 /雷阵雨,23℃ / 17℃,东南风 ≤3级 /东南风 ≤3级,阵雨,雷阵雨,23,17,东南风,≤3级,东南风,≤3级,day
2015-05-07 12:30:00,大南门,7、未按规定让行的 ,负全部责任,不负责任,1,贵APU214,白,0,贵A22F92,红,自培,自培,2002/7/8 0:00,2005/1/24 0:00,比亚迪牌,大众牌,364557000000000000 ,36454651314850746X,197609,195907,12,3,5,工作日,非高峰,2015-05-07,2015年5月7日,阵雨 /雷阵雨,23℃ / 17℃,东南风 ≤3级 /东南风 ≤3级,阵雨,雷阵雨,23,17,东南风,≤3级,东南风,≤3级,day
2015-05-07 13:00:00,花溪大道,1、追尾的,负全部责任,不负责任,1,贵AEQ317,白色,1,粤GX3072,白色,长运驾校,自培,2014/12/30 0:00,2001/6/29 0:00,东风雪铁龙牌,丰田牌,364547000000000000 ,4965520000000000 ,197402,197005,13,3,5,工作日,非高峰,2015-05-07,2015年5月7日,阵雨 /雷阵雨,23℃ / 17℃,东南风 ≤3级 /东南风 ≤3级,阵雨,雷阵雨,23,17,东南风,≤3级,东南风,≤3级,day
2015-05-07 15:30:00,车水路,7、未按规定让行的 ,负全部责任,不负责任,1,贵AC317F,白色,1,贵A82K47,白色,高新驾校,自培,2014/12/30 0:00,2006/11/13 0:00,长安牌,启辰牌,366064000000000000 ,364557000000000000 ,198911,197402,15,3,5,工作日,非高峰,2015-05-07,2015年5月7日,阵雨 /雷阵雨,23℃ / 17℃,东南风 ≤3级 /东南风 ≤3级,阵雨,雷阵雨,23,17,东南风,≤3级,东南风,≤3级,day
2015-05-07 14:00:00,万东桥,7、未按规定让行的 ,负全部责任,不负责任,1,贵AU0349,蓝,1,贵A7R529,黑,-1,预约考试窗口,-1,2006/12/4 0:00,宝来牌,-1,364548000000000000 ,364556000000000000 ,196703,198203,14,3,5,工作日,非高峰,2015-05-07,2015年5月7日,阵雨 /雷阵雨,23℃ / 17℃,东南风 ≤3级 /东南风 ≤3级,阵雨,雷阵雨,23,17,东南风,≤3级,东南风,≤3级,day
2015-05-07 15:55:00,金朱大道,9、不符合前8款规定或者双方同时具有上述情形的,负同等责任,不负责任,1,贵A95815,黄 ,1,贵AB817H,红,自培,自培,1987/6/21 0:00,2011/7/28 0:00,庆铃,雪佛兰牌,364548000000000000 ,366063000000000000 ,197012,199004,15,3,5,工作日,非高峰,2015-05-07,2015年5月7日,阵雨 /雷阵雨,23℃ / 17℃,东南风 ≤3级 /东南风 ≤3级,阵雨,雷阵雨,23,17,东南风,≤3级,东南风,≤3级,day
2015-05-07 13:50:00,湖滨路,1、追尾的,负全部责任,不负责任,1,贵GV9042,白,1,贵A7875G,白,-1,预约考试窗口,-1,2006/8/29 0:00,-1,比亚迪牌,57436951945452065X,354767000000000000 ,198010,196910,13,3,5,工作日,非高峰,2015-05-07,2015年5月7日,阵雨 /雷阵雨,23℃ / 17℃,东南风 ≤3级 /东南风 ≤3级,阵雨,雷阵雨,23,17,东南风,≤3级,东南风,≤3级,day
2015-05-07 17:50:00,新添寨,1、追尾的,负全部责任,不负责任,1,贵A0225P,红,1,贵HBB358,蓝,-1,新华驾校（乌当区）,-1,2015/4/13 0:00,-1,-1,366366000000000000 ,364547000000000000 ,197610,197207,17,3,5,工作日,晚高峰(17-19点),2015-05-07,2015年5月7日,阵雨 /雷阵雨,23℃ / 17℃,东南风 ≤3级 /东南风 ≤3级,阵雨,雷阵雨,23,17,东南风,≤3级,东南风,≤3级,day
2015-05-07 18:10:00,喷水池,9、不符合前8款规定或者双方同时具有上述情形的,负全部责任,不负责任,1,贵A66A25,蓝,0,贵AKH479,红,-1,文通驾校,-1,2011/6/23 0:00,-1,雷斯特,36627800000000000 ,366061000000000000 ,198010,197106,18,3,5,工作日,晚高峰(17-19点),2015-05-07,2015年5月7日,阵雨 /雷阵雨,23℃ / 17℃,东南风 ≤3级 /东南风 ≤3级,阵雨,雷阵雨,23,17,东南风,≤3级,东南风,≤3级,day
2015-05-07 18:30:00,西南环线,7、未按规定让行的 ,负全部责任,不负责任,1,浙C513AB,白色,1,贵A5229W,白色,-1,长运驾校,-1,2013/5/31 0:00,-1,索兰托,36626851814659745X,366666000000000000 ,197902,195908,18,3,5,工作日,晚高峰(17-19点),2015-05-07,2015年5月7日,阵雨 /雷阵雨,23℃ / 17℃,东南风 ≤3级 /东南风 ≤3级,阵雨,雷阵雨,23,17,东南风,≤3级,东南风,≤3级,day
2015-05-07 19:30:00,八匹马,8、依法应负全责的其他情形,负全部责任,不负责任,1,贵AB396A,黑,1,贵AU9827,黑,-1,-1,-1,-1,北京牌,豪爵牌,364556518246645X,74667500000000000 ,197602,197307,19,3,5,工作日,晚高峰(17-19点),2015-05-07,2015年5月7日,阵雨 /雷阵雨,23℃ / 17℃,东南风 ≤3级 /东南风 ≤3级,阵雨,雷阵雨,23,17,东南风,≤3级,东南风,≤3级,day
2015-05-07 19:40:00,世纪城,3、倒车的,负全部责任,不负责任,1,贵A1159A,红,1,贵ASE619,红,-1,520114,-1,2009/3/17 0:00,丰田(TOYOTA))牌,江铃全顺牌,35747451964854877X,74367500000000000 ,198207,198804,19,3,5,工作日,晚高峰(17-19点),2015-05-07,2015年5月7日,阵雨 /雷阵雨,23℃ / 17℃,东南风 ≤3级 /东南风 ≤3级,阵雨,雷阵雨,23,17,东南风,≤3级,东南风,≤3级,day
2015-05-07 20:30:00,新关路,7、未按规定让行的 ,负全部责任,不负责任,1,贵FX1027,白色,1,贵AUA794,白色,-1,20135,-1,2009/12/22 0:00,-1,大众牌,366068000000000000 ,364596000000000000 ,197912,199009,20,3,5,工作日,非高峰,2015-05-07,2015年5月7日,阵雨 /雷阵雨,23℃ / 17℃,东南风 ≤3级 /东南风 ≤3级,阵雨,雷阵雨,23,17,东南风,≤3级,东南风,≤3级,night
2015-05-07 18:11:00,甘荫塘,8、依法应负全责的其他情形,负全部责任,不负责任,0,贵DCN5456,白,0,贵GQ1994,白,鑫鑫驾校,贵州省长安驾驶培训学校,2014/4/22 0:00,2014/2/13 0:00,-1,-1,366670000000000000 ,364547000000000000 ,199006,196205,18,3,5,工作日,晚高峰(17-19点),2015-05-07,2015年5月7日,阵雨 /雷阵雨,23℃ / 17℃,东南风 ≤3级 /东南风 ≤3级,阵雨,雷阵雨,23,17,东南风,≤3级,东南风,≤3级,day