accidenttime,accidentaddr,driver1fault,driver1responsibility,driver2responsibility,sex1,platenumber1,carcolor1,sex2,platenumber2,carcolor2,jxmc1,jxmc2,cclzrq1,cclzrq2,clpp1,clpp2,driver1license,driver2license,brith1,brith2,hour,weekday,month,is_weekday,peak_hour,date,日期,天气状况,气温,风力风向,day_wea,night_wea,day_tep,night_tep,day_wind_direction,day_wind_speed,night_wind_direction,night_wind_speed,segment
2015-05-07 18:00:00,沙冲路,1、追尾的,负全部责任,不负责任,1,贵A36Z85,白色,1,贵GM8068,白色,阳光驾校,市交校,2014/8/28 0:00,2013/8/22 0:00,海马牌,-1,364547000000000000 ,366363000000000000 ,197101,198407,18,3,5,工作日,晚高峰(17-19点),2015-05-07,2015年5月7日,阵雨 /雷阵雨,23℃ / 17℃,东南风 ≤3级 /东南风 ≤3级,阵雨,雷阵雨,23,17,东南风,≤3级,东南风,≤3级,day
2015-05-07 18:00:00,贵惠大道,1、追尾的,负全部责任,不负责任,1,贵A39896,白色,1,粤SF5981,白色,黔西县宏远黔职驾校有限公司,铁二局驾校,-1,2014/7/19 0:00,五菱,-1,366068000000000000 ,355468000000000000 ,199208,199308,18,3,5,工作日,晚高峰(17-19点),2015-05-07,2015年5月7日,阵雨 /雷阵雨,23℃ / 17℃,东南风 ≤3级 /东南风 ≤3级,阵雨,雷阵雨,23,17,东南风,≤3级,东南风,≤3级,day
2015-05-07 20:40:00,北京路,7、未按规定让行的 ,负全部责任,不负责任,1,贵AV8234,白色,1,贵AH1221,白色,（花溪区）高新十七驾驶培训有限公司,-1,2006/6/23 0:00,-1,大阳牌,大运牌,364548000000000000 ,364847000000000000 ,196805,195411,20,3,5,工作日,非高峰,2015-05-07,2015年5月7日,阵雨 /雷阵雨,23℃ / 17℃,东南风 ≤3级 /东南风 ≤3级,阵雨,雷阵雨,23,17,东南风,≤3级,东南风,≤3级,night
2015-05-07 17:40:00,碧海花园,7、未按规定让行的 ,负全部责任,不负责任,1,贵A9623T,黄,1,贵A4742Z,黑,蓝天驾校,时法驾校,2014/7/20 0:00,2006/4/27 0:00,五菱牌,马自达牌,366068000000000000 ,364558000000000000 ,198612,198512,17,3,5,工作日,晚高峰(17-19点),2015-05-07,2015年5月7日,阵雨 /雷阵雨,23℃ / 17℃,东南风 ≤3级 /东南风 ≤3级,阵雨,雷阵雨,23,17,东南风,≤3级,东南风,≤3级,day
2015-05-07 18:10:00,机场路,7、未按规定让行的 ,负全部责任,不负责任,1,贵AVL553,黑,0,贵AC1510,白,文通驾校,诚信驾驶培训学校,2011/6/28 0:00,2014/12/23 0:00,别克牌,双庆牌,366566000000000000 ,366566000000000000 ,198305,196502,18,3,5,工作日,晚高峰(17-19点),2015-05-07,2015年5月7日,阵雨 /雷阵雨,23℃ / 17℃,东南风 ≤3级 /东南风 ≤3级,阵雨,雷阵雨,23,17,东南风,≤3级,东南风,≤3级,day
2015-05-07 17:30:00,中天花园,8、依法应负全责的其他情形,负全部责任,不负责任,1,贵A4AU52,黑,0,贵DCR547,白,诚信驾驶培训学校,贵州现代驾驶培训责任有限公司,2012/8/8 0:00,2013/4/24 0:00,沃尔沃,-1,366546000000000000 ,366661000000000000 ,197312,199010,17,3,5,工作日,晚高峰(17-19点),2015-05-07,2015年5月7日,阵雨 /雷阵雨,23℃ / 17℃,东南风 ≤3级 /东南风 ≤3级,阵雨,雷阵雨,23,17,东南风,≤3级,东南风,≤3级,day
2015-05-07 17:35:00,黔灵山路,1、追尾的,负全部责任,不负责任,1,贵A51J72,白,1,贵AH4389,红,长运驾校,520116,2011/12/21 0:00,2008/12/8 0:00,福克斯牌,东风标致,36454751154363767X,55454851835555427X,199105,197511,17,3,5,工作日,晚高峰(17-19点),2015-05-07,2015年5月7日,阵雨 /雷阵雨,23℃ / 17℃,东南风 ≤3级 /东南风 ≤3级,阵雨,雷阵雨,23,17,东南风,≤3级,东南风,≤3级,day
2015-05-07 21:30:00,北京西路,1、追尾的,负全部责任,不负责任,0,贵JX3328,黑,1,贵FS4073,红,自培,文通驾校,2013/8/15 0:00,2012/11/16 0:00,-1,-1,366864000000000000 ,726364000000000000 ,197904,198306,21,3,5,工作日,非高峰,2015-05-07,2015年5月7日,阵雨 /雷阵雨,23℃ / 17℃,东南风 ≤3级 /东南风 ≤3级,阵雨,雷阵雨,23,17,东南风,≤3级,东南风,≤3级,night
2015-05-07 17:15:00,会展南路,1、追尾的,负全部责任,不负责任,1,贵A7440R,黑,1,渝ATK670,白,凯信驾校,-1,2014/3/31 0:00,-1,雪佛兰牌,-1,364568000000000000 ,344606000000000000 ,199505,198411,17,3,5,工作日,晚高峰(17-19点),2015-05-07,2015年5月7日,阵雨 /雷阵雨,23℃ / 17℃,东南风 ≤3级 /东南风 ≤3级,阵雨,雷阵雨,23,17,东南风,≤3级,东南风,≤3级,day
2015-05-07 14:15:00,枣山路,7、未按规定让行的 ,负全部责任,不负责任,1,贵EK9979,白,1,贵AWY947,白,自培,-1,2011/3/21 0:00,-1,-1,江淮牌,674844000000000000 ,36636651364552225X,199201,195201,14,3,5,工作日,非高峰,2015-05-07,2015年5月7日,阵雨 /雷阵雨,23℃ / 17℃,东南风 ≤3级 /东南风 ≤3级,阵雨,雷阵雨,23,17,东南风,≤3级,东南风,≤3级,day
2015-05-07 16:04:00,博爱路,7、未按规定让行的 ,负全部责任,不负责任,1,贵AK1985,黄,1,贵AN2936,黑,（清镇市）青正驾驶培训有限公司,自培,2010/5/12 0:00,2003/4/15 0:00,宗申牌,丰田牌,366566000000000000 ,356169000000000000 ,197203,197209,16,3,5,工作日,非高峰,2015-05-07,2015年5月7日,阵雨 /雷阵雨,23℃ / 17℃,东南风 ≤3级 /东南风 ≤3级,阵雨,雷阵雨,23,17,东南风,≤3级,东南风,≤3级,day
2015-05-07 18:15:00,状元街,3、倒车的,负全部责任,不负责任,1,贵ARG694,白色,1,贵BR1374,白色,-1,自培,-1,2006/10/16 0:00,大众汽车牌,-1,784568000000000000 ,364547000000000000 ,197905,197912,18,3,5,工作日,晚高峰(17-19点),2015-05-07,2015年5月7日,阵雨 /雷阵雨,23℃ / 17℃,东南风 ≤3级 /东南风 ≤3级,阵雨,雷阵雨,23,17,东南风,≤3级,东南风,≤3级,day
2015-05-07 17:35:00,四方河,7、未按规定让行的 ,负全部责任,不负责任,1,贵CY2706,白色,1,贵AU0226,白色,自培,自培,2003/10/29 0:00,2001/6/15 0:00,-1,万达牌,364547000000000000 ,364547000000000000 ,198205,198304,17,3,5,工作日,晚高峰(17-19点),2015-05-07,2015年5月7日,阵雨 /雷阵雨,23℃ / 17℃,东南风 ≤3级 /东南风 ≤3级,阵雨,雷阵雨,23,17,东南风,≤3级,东南风,≤3级,day
2015-05-07 21:26:00,文昌北路,1、追尾的,负全部责任,不负责任,1,贵A22K47,蓝,1,贵AN7199,黑,遵义市宝驰汽车驾驶培训有限公司,自培,2012/11/13 0:00,2000/10/19 0:00,东风标致牌,福特锐界,366564000000000000 ,734569000000000000 ,198107,197010,21,3,5,工作日,非高峰,2015-05-07,2015年5月7日,阵雨 /雷阵雨,23℃ / 17℃,东南风 ≤3级 /东南风 ≤3级,阵雨,雷阵雨,23,17,东南风,≤3级,东南风,≤3级,night
2015-05-07 17:00:00,白金大道,7、未按规定让行的 ,负全部责任,不负责任,1,贵A34207,白,1,贵A81W39,黑,自培,自培,2007/8/8 0:00,2005/10/27 0:00,三一牌,思域牌,64297500000000000 ,366347000000000000 ,197904,197911,17,3,5,工作日,晚高峰(17-19点),2015-05-07,2015年5月7日,阵雨 /雷阵雨,23℃ / 17℃,东南风 ≤3级 /东南风 ≤3级,阵雨,雷阵雨,23,17,东南风,≤3级,东南风,≤3级,day
2015-05-07 14:00:00,北二环,8、依法应负全责的其他情形,负全部责任,不负责任,1,贵AL1807,红,1,贵JN0425,红,自培,自培,2000/7/3 0:00,2013/10/17 0:00,长安牌,-1,364557000000000000 ,366875000000000000 ,196803,198204,14,3,5,工作日,非高峰,2015-05-07,2015年5月7日,阵雨 /雷阵雨,23℃ / 17℃,东南风 ≤3级 /东南风 ≤3级,阵雨,雷阵雨,23,17,东南风,≤3级,东南风,≤3级,day
2015-05-08 07:30:00,箭道街,7、未按规定让行的 ,负全部责任,不负责任,1,贵AGN156,白色,1,贵ARM135,白色,-1,全林驾校,-1,2012/4/20 0:00,奥迪牌,大众牌,366546000000000000 ,36636651264567265X,196107,196201,7,4,5,工作日,早高峰(7-9点),2015-05-08,2015年5月8日,阵雨 /多云,25℃ / 15℃,东南风 ≤3级 /东北风 ≤3级,阵雨,多云,25,15,东南风,≤3级,东北风,≤3级,day
2015-05-08 08:10:00,观山西路,7、未按规定让行的 ,负全部责任,不负责任,1,贵A413D5,白,1,贵A58V21,红,-1,高新驾校,-1,2013/12/4 0:00,江淮牌,-1,356168000000000000 ,364596000000000000 ,195904,199402,8,4,5,工作日,早高峰(7-9点),2015-05-08,2015年5月8日,阵雨 /多云,25℃ / 15℃,东南风 ≤3级 /东北风 ≤3级,阵雨,多云,25,15,东南风,≤3级,东北风,≤3级,day
2015-05-08 03:00:00,西南商贸城,7、未按规定让行的 ,负全部责任,不负责任,1,贵G22359,黑,1,贵AES984,红,安顺市汽车运输公司驾驶员培训学校,自培,-1,2012/10/24 0:00,-1,哈弗牌,724561000000000000 ,366267000000000000 ,197410,197001,3,4,5,工作日,非高峰,2015-05-08,2015年5月8日,阵雨 /多云,25℃ / 15℃,东南风 ≤3级 /东北风 ≤3级,阵雨,多云,25,15,东南风,≤3级,东北风,≤3级,night
2015-05-08 07:20:00,大洼,7、未按规定让行的 ,负全部责任,不负责任,1,贵A96442,蓝,0,贵A74X23,红,-1,预约考试窗口,-1,2006/8/24 0:00,中集牌,-1,366068000000000000 ,366369000000000000 ,197910,197503,7,4,5,工作日,早高峰(7-9点),2015-05-08,2015年5月8日,阵雨 /多云,25℃ / 15℃,东南风 ≤3级 /东北风 ≤3级,阵雨,多云,25,15,东南风,≤3级,东北风,≤3级,day
2015-05-08 08:05:00,都司路,3、倒车的,负全部责任,不负责任,1,贵A0M294,白,1,贵A65G91,白,全林驾校（乌当区）,宏运驾校,2015/3/26 0:00,2006/11/22 0:00,-1,长安牌,366369000000000000 ,364548000000000000 ,199004,198304,8,4,5,工作日,早高峰(7-9点),2015-05-08,2015年5月8日,阵雨 /多云,25℃ / 15℃,东南风 ≤3级 /东北风 ≤3级,阵雨,多云,25,15,东南风,≤3级,东北风,≤3级,day
2015-05-08 08:10:00,下坝,1、追尾的,负全部责任,不负责任,1,贵AH3693,白,1,贵AEF246,红,自培,预约考试窗口,2005/4/26 0:00,2007/2/5 0:00,嘉陵牌,福克斯牌,36454651934653565X,366546000000000000 ,198502,196906,8,4,5,工作日,早高峰(7-9点),2015-05-08,2015年5月8日,阵雨 /多云,25℃ / 15℃,东南风 ≤3级 /东北风 ≤3级,阵雨,多云,25,15,东南风,≤3级,东北风,≤3级,day
2015-05-08 08:10:00,黔灵山路,7、未按规定让行的 ,负全部责任,不负责任,1,贵A9984A,红,1,贵ASE996,白,-1,毕节地区驾校,-1,-1,长城牌,大众牌,724747000000000000 ,366046000000000000 ,197511,198806,8,4,5,工作日,早高峰(7-9点),2015-05-08,2015年5月8日,阵雨 /多云,25℃ / 15℃,东南风 ≤3级 /东北风 ≤3级,阵雨,多云,25,15,东南风,≤3级,东北风,≤3级,day
2015-05-08 07:00:00,宝山南路,7、未按规定让行的 ,负全部责任,不负责任,1,贵AU5698,白色,1,贵A22C35,白色,（经开区）十一驾驶培训有限公司,新天驾校,2007/11/22 0:00,2009/3/13 0:00,豪爵牌,众泰牌,366577000000000000 ,364556000000000000 ,196602,199001,7,4,5,工作日,早高峰(7-9点),2015-05-08,2015年5月8日,阵雨 /多云,25℃ / 15℃,东南风 ≤3级 /东北风 ≤3级,阵雨,多云,25,15,东南风,≤3级,东北风,≤3级,day
2015-05-08 07:11:00,八公里,8、依法应负全责的其他情形,负全部责任,不负责任,1,贵G14759,白色,1,贵ATV251,白色,-1,黔南金都汽车驾驶学校,-1,2011/3/1 0:00,-1,五菱牌,364547000000000000 ,366347000000000000 ,198201,197905,7,4,5,工作日,早高峰(7-9点),2015-05-08,2015年5月8日,阵雨 /多云,25℃ / 15℃,东南风 ≤3级 /东北风 ≤3级,阵雨,多云,25,15,东南风,≤3级,东北风,≤3级,day
2015-05-08 08:40:00,花溪,1、追尾的,负全部责任,不负责任,1,贵GP0967,白色,1,贵AC049E,白色,-1,吉源驾校,-1,2013/6/26 0:00,-1,长安牌,364556000000000000 ,364556000000000000 ,197811,198811,8,4,5,工作日,早高峰(7-9点),2015-05-08,2015年5月8日,阵雨 /多云,25℃ / 15℃,东南风 ≤3级 /东北风 ≤3级,阵雨,多云,25,15,东南风,≤3级,东北风,≤3级,day
2015-05-08 09:00:00,三桥,3、倒车的,负全部责任,不负责任,1,贵A043B5,白,1,川XAN592,红,-1,-1,-1,-1,飞碟牌,-1,366568000000000000 ,355266000000000000 ,199408,198403,9,4,5,工作日,早高峰(7-9点),2015-05-08,2015年5月8日,阵雨 /多云,25℃ / 15℃,东南风 ≤3级 /东北风 ≤3级,阵雨,多云,25,15,东南风,≤3级,东北风,≤3级,day
2015-05-08 09:00:00,花溪,3、倒车的,负全部责任,不负责任,1,贵A777J8,白色,1,贵AC384M,白色,-1,吉源驾校（南明区）,-1,2015/3/20 0:00,东风牌,-1,364556000000000000 ,364556000000000000 ,199109,198804,9,4,5,工作日,早高峰(7-9点),2015-05-08,2015年5月8日,阵雨 /多云,25℃ / 15℃,东南风 ≤3级 /东北风 ≤3级,阵雨,多云,25,15,东南风,≤3级,东北风,≤3级,day
2015-05-08 10:08:00,和尚坡,8、依法应负全责的其他情形,负全部责任,不负责任,1,贵A739E9,黄,0,贵AFG307,红,-1,-1,-1,-1,福田牌,大众汽车牌,356168000000000000 ,354556000000000000 ,197508,196909,10,4,5,工作日,非高峰,2015-05-08,2015年5月8日,阵雨 /多云,25℃ / 15℃,东南风 ≤3级 /东北风 ≤3级,阵雨,多云,25,15,东南风,≤3级,东北风,≤3级,day
2015-05-08 09:30:00,花溪公园,7、未按规定让行的 ,负全部责任,不负责任,1,贵A22462,白色,1,贵A7943B,白色,自培,贵大驾校,1998/9/3 0:00,2012/5/16 0:00,万达牌,丰田牌,364556000000000000 ,364551000000000000 ,197703,199012,9,4,5,工作日,早高峰(7-9点),2015-05-08,2015年5月8日,阵雨 /多云,25℃ / 15℃,东南风 ≤3级 /东北风 ≤3级,阵雨,多云,25,15,东南风,≤3级,东北风,≤3级,day
2015-05-08 08:30:00,五里冲,7、未按规定让行的 ,负全部责任,不负责任,1,贵A17F81,白色,1,贵AS1367,白色,（花溪区）贵州大学驾驶培训有限公司,铁二局驾校,2006/6/8 0:00,2012/6/8 0:00,福克斯牌,朗风牌,366662000000000000 ,364557000000000000 ,197703,197808,8,4,5,工作日,早高峰(7-9点),2015-05-08,2015年5月8日,阵雨 /多云,25℃ / 15℃,东南风 ≤3级 /东北风 ≤3级,阵雨,多云,25,15,东南风,≤3级,东北风,≤3级,day
2015-05-08 09:30:00,贵惠大道,7、未按规定让行的 ,负全部责任,不负责任,1,贵A24919,白色,1,贵A7225B,白色,（云岩区）省交通职业技术驾驶培训学校,顺一驾驶培训学校,2006/11/1 0:00,2012/8/30 0:00,五十铃牌,雪佛兰牌,76360500000000000 ,364556000000000000 ,198401,199005,9,4,5,工作日,早高峰(7-9点),2015-05-08,2015年5月8日,阵雨 /多云,25℃ / 15℃,东南风 ≤3级 /东北风 ≤3级,阵雨,多云,25,15,东南风,≤3级,东北风,≤3级,day
2015-05-08 08:30:00,甘荫塘,3、倒车的,负全部责任,不负责任,1,贵A22J82,白色,1,贵A14C99,白色,凯信驾校,贵州省长安驾驶培训学校,2014/6/10 0:00,2013/12/9 0:00,马自达牌,别克,36454651804142022X,34454851924151917X,197409,198609,8,4,5,工作日,早高峰(7-9点),2015-05-08,2015年5月8日,阵雨 /多云,25℃ / 15℃,东南风 ≤3级 /东北风 ≤3级,阵雨,多云,25,15,东南风,≤3级,东北风,≤3级,day
2015-05-08 10:05:00,后坝,3、倒车的,负同等责任,不负责任,1,贵A5580K,黑,1,贵AB435J,红,吉源驾校,吉源驾校,2013/4/10 0:00,2010/6/23 0:00,东风牌,长安牌,37656251944649618X,366064000000000000 ,198002,198810,10,4,5,工作日,非高峰,2015-05-08,2015年5月8日,阵雨 /多云,25℃ / 15℃,东南风 ≤3级 /东北风 ≤3级,阵雨,多云,25,15,东南风,≤3级,东北风,≤3级,day
2015-05-08 07:40:00,花果园,1、追尾的,负全部责任,不负责任,1,贵A6AM71,红,1,贵A87X75,蓝,自培,520109,2001/10/26 0:00,2009/12/16 0:00,大众牌,雪佛兰牌,76762500000000000 ,355468000000000000 ,197704,197311,7,4,5,工作日,早高峰(7-9点),2015-05-08,2015年5月8日,阵雨 /多云,25℃ / 15℃,东南风 ≤3级 /东北风 ≤3级,阵雨,多云,25,15,东南风,≤3级,东北风,≤3级,day
2015-05-08 08:00:00,富源北路,7、未按规定让行的 ,负全部责任,不负责任,1,浙K1544W,白色,1,贵AMV233,白色,自培,-1,2004/2/18 0:00,-1,-1,长安牌,776347000000000000 ,36684551814949666X,198110,197908,8,4,5,工作日,早高峰(7-9点),2015-05-08,2015年5月8日,阵雨 /多云,25℃ / 15℃,东南风 ≤3级 /东北风 ≤3级,阵雨,多云,25,15,东南风,≤3级,东北风,≤3级,day
2015-05-08 08:30:00,次南门,9、不符合前8款规定或者双方同时具有上述情形的,负同等责任,负同等责任,1,贵AU0287,白色,1,贵HAW163,白色,自培,自培,2011/1/13 0:00,2005/10/27 0:00,奇瑞牌,-1,364648000000000000 ,36626951974769446X,197503,198303,8,4,5,工作日,早高峰(7-9点),2015-05-08,2015年5月8日,阵雨 /多云,25℃ / 15℃,东南风 ≤3级 /东北风 ≤3级,阵雨,多云,25,15,东南风,≤3级,东北风,≤3级,day
2015-05-08 08:00:00,延安东路,7、未按规定让行的 ,负全部责任,不负责任,1,贵A0BJ58,白,1,贵AU7291,黑,自培,十一培,2004/10/11 0:00,1989/5/21 0:00,起亚牌,雅奇牌,366864000000000000 ,364548000000000000 ,197809,196511,8,4,5,工作日,早高峰(7-9点),2015-05-08,2015年5月8日,阵雨 /多云,25℃ / 15℃,东南风 ≤3级 /东北风 ≤3级,阵雨,多云,25,15,东南风,≤3级,东北风,≤3级,day
2015-05-07 21:59:00,望城坡,8、依法应负全责的其他情形,负全部责任,不负责任,1,贵A8213E,黄,1,贵A18B26,白,路路达驾校（白云区）,自培,2015/3/5 0:00,2007/4/13 0:00,金杯牌,雪佛兰牌,364547000000000000 ,364547000000000000 ,199608,198410,21,3,5,工作日,非高峰,2015-05-07,2015年5月7日,阵雨 /雷阵雨,23℃ / 17℃,东南风 ≤3级 /东南风 ≤3级,阵雨,雷阵雨,23,17,东南风,≤3级,东南风,≤3级,night
2015-05-08 00:00:00,世纪城,7、未按规定让行的 ,负全部责任,不负责任,1,贵FP0100,白,1,贵JBC583,白,消防驾校,自培,2011/12/26 0:00,2003/12/27 0:00,-1,-1,35616551864562965X,364556000000000000 ,197201,196402,0,4,5,工作日,非高峰,2015-05-08,2015年5月8日,阵雨 /多云,25℃ / 15℃,东南风 ≤3级 /东北风 ≤3级,阵雨,多云,25,15,东南风,≤3级,东北风,≤3级,night
2015-05-08 08:00:00,西南环线,7、未按规定让行的 ,负全部责任,不负责任,1,贵A3942X,白色,1,贵A63X51,白色,吉源驾校,自培,2014/10/9 0:00,2005/12/8 0:00,北京现代牌,雅阁牌,366346000000000000 ,364547000000000000 ,198506,197207,8,4,5,工作日,早高峰(7-9点),2015-05-08,2015年5月8日,阵雨 /多云,25℃ / 15℃,东南风 ≤3级 /东北风 ≤3级,阵雨,多云,25,15,东南风,≤3级,东北风,≤3级,day
2015-05-08 09:20:00,沙冲路,3、倒车的,负全部责任,不负责任,1,贵JBS929,白色,1,贵A11N75,白色,自培,自培,2001/4/30 0:00,2002/9/5 0:00,-1,梅赛德斯-奔驰,356166000000000000 ,364548000000000000 ,195806,198202,9,4,5,工作日,早高峰(7-9点),2015-05-08,2015年5月8日,阵雨 /多云,25℃ / 15℃,东南风 ≤3级 /东北风 ≤3级,阵雨,多云,25,15,东南风,≤3级,东北风,≤3级,day
2015-05-08 10:00:00,宝山南路,8、依法应负全责的其他情形,负全部责任,不负责任,1,苏F3F655,白色,1,贵AAX761,白色,自培,520117,-1,2010/3/11 0:00,-1,迈腾牌,706568000000000000 ,366264000000000000 ,197909,196909,10,4,5,工作日,非高峰,2015-05-08,2015年5月8日,阵雨 /多云,25℃ / 15℃,东南风 ≤3级 /东北风 ≤3级,阵雨,多云,25,15,东南风,≤3级,东北风,≤3级,day
2015-05-08 10:30:00,三桥,7、未按规定让行的 ,负全部责任,不负责任,1,贵A27447,白,1,贵AF6035,蓝,-1,人武驾校,-1,2012/7/13 0:00,奥拓,力帆牌,366570000000000000 ,364548000000000000 ,197501,198503,10,4,5,工作日,非高峰,2015-05-08,2015年5月8日,阵雨 /多云,25℃ / 15℃,东南风 ≤3级 /东北风 ≤3级,阵雨,多云,25,15,东南风,≤3级,东北风,≤3级,day
2015-05-08 11:50:00,二铺,3、倒车的,负全部责任,不负责任,1,贵A75660,白,1,贵A23786,黄,六盘水达安驾驶培训有限公司,520119,-1,2010/2/8 0:00,力帆,华威驰乐牌,364666000000000000 ,364596000000000000 ,198812,198504,11,4,5,工作日,非高峰,2015-05-08,2015年5月8日,阵雨 /多云,25℃ / 15℃,东南风 ≤3级 /东北风 ≤3级,阵雨,多云,25,15,东南风,≤3级,东北风,≤3级,day
2015-05-08 12:30:00,南明区,7、未按规定让行的 ,负全部责任,不负责任,1,贵GM9112,白色,1,贵A6BG61,白色,（乌当区）新天驾驶培训有限公司,520125,2009/1/7 0:00,2009/4/27 0:00,-1,宝马牌,364548000000000000 ,366068000000000000 ,198707,197705,12,4,5,工作日,非高峰,2015-05-08,2015年5月8日,阵雨 /多云,25℃ / 15℃,东南风 ≤3级 /东北风 ≤3级,阵雨,多云,25,15,东南风,≤3级,东北风,≤3级,day
2015-05-08 11:30:00,油榨街,7、未按规定让行的 ,负全部责任,不负责任,1,贵FX1611,白色,1,贵AU6686,白色,-1,其他,-1,2009/3/24 0:00,-1,恒通客车牌,366068000000000000 ,364547000000000000 ,197608,198312,11,4,5,工作日,非高峰,2015-05-08,2015年5月8日,阵雨 /多云,25℃ / 15℃,东南风 ≤3级 /东北风 ≤3级,阵雨,多云,25,15,东南风,≤3级,东北风,≤3级,day
2015-05-08 10:58:00,解放路,8、依法应负全责的其他情形,负全部责任,不负责任,1,贵ANA421,白色,1,贵APC986,白色,-1,预约考试窗口,-1,2007/7/3 0:00,长安牌,长城牌,764163000000000000 ,364596000000000000 ,196901,198903,10,4,5,工作日,非高峰,2015-05-08,2015年5月8日,阵雨 /多云,25℃ / 15℃,东南风 ≤3级 /东北风 ≤3级,阵雨,多云,25,15,东南风,≤3级,东北风,≤3级,day
2015-05-08 12:20:00,二戈寨,1、追尾的,负全部责任,不负责任,1,鄂S66392,白色,1,贵A130E2,白色,-1,铁二局驾校,-1,2007/7/24 0:00,飞度牌 ,解放牌,726646000000000000 ,36666251834259327X,198306,197506,12,4,5,工作日,非高峰,2015-05-08,2015年5月8日,阵雨 /多云,25℃ / 15℃,东南风 ≤3级 /东北风 ≤3级,阵雨,多云,25,15,东南风,≤3级,东北风,≤3级,day
2015-05-08 11:26:00,沙冲路,7、未按规定让行的 ,负全部责任,不负责任,1,贵G56881,白色,1,贵AVM218,白色,-1,铜仁地区锦宏驾校,-1,-1,-1,梅赛德斯-奔驰牌,366346000000000000 ,366670000000000000 ,196707,198505,11,4,5,工作日,非高峰,2015-05-08,2015年5月8日,阵雨 /多云,25℃ / 15℃,东南风 ≤3级 /东北风 ≤3级,阵雨,多云,25,15,东南风,≤3级,东北风,≤3级,day
2015-05-08 11:00:00,甲秀南路,1、追尾的,负全部责任,不负责任,1,贵ES2587,白色,1,贵GV7103,白色,（南明区）贵工大驾驶培训有限公司,金大驾校,2007/9/25 0:00,2014/6/27 0:00,-1,-1,36676551984549565X,36455551104869405X,198701,199407,11,4,5,工作日,非高峰,2015-05-08,2015年5月8日,阵雨 /多云,25℃ / 15℃,东南风 ≤3级 /东北风 ≤3级,阵雨,多云,25,15,东南风,≤3级,东北风,≤3级,day
2015-05-08 14:00:00,花溪,8、依法应负全责的其他情形,负全部责任,不负责任,1,贵AS0675,白色,1,贵A0996X,白色,-1,-1,-1,-1,鑫源牌,-1,364654000000000000 ,364544000000000000 ,197110,197103,14,4,5,工作日,非高峰,2015-05-08,2015年5月8日,阵雨 /多云,25℃ / 15℃,东南风 ≤3级 /东北风 ≤3级,阵雨,多云,25,15,东南风,≤3级,东北风,≤3级,day
2015-05-08 14:30:00,小河区,7、未按规定让行的 ,负全部责任,不负责任,1,贵A344C7,白色,1,贵AA780G,黑色,-1,顺一驾驶培训学校,-1,2012/6/4 0:00,东风牌,奥迪,734596000000000000 ,366067000000000000 ,199312,198906,14,4,5,工作日,非高峰,2015-05-08,2015年5月8日,阵雨 /多云,25℃ / 15℃,东南风 ≤3级 /东北风 ≤3级,阵雨,多云,25,15,东南风,≤3级,东北风,≤3级,day
2015-05-08 14:40:00,世纪城,7、未按规定让行的 ,负全部责任,不负责任,1,川RPZ442,白,1,贵A9820E,黑,-1,贵阳金马驾驶培训有限公司,-1,2011/8/4 0:00,-1,-1,355768000000000000 ,366061000000000000 ,199507,199110,14,4,5,工作日,非高峰,2015-05-08,2015年5月8日,阵雨 /多云,25℃ / 15℃,东南风 ≤3级 /东北风 ≤3级,阵雨,多云,25,15,东南风,≤3级,东北风,≤3级,day
2015-05-08 09:35:00,都匀路,8、依法应负全责的其他情形,负全部责任,不负责任,1,贵A98B29,白,1,贵A22248,黑,自培,-1,2012/5/15 0:00,-1,北京现代,豪爵牌,366361000000000000 ,364546000000000 ,198103,560726,9,4,5,工作日,早高峰(7-9点),2015-05-08,2015年5月8日,阵雨 /多云,25℃ / 15℃,东南风 ≤3级 /东北风 ≤3级,阵雨,多云,25,15,东南风,≤3级,东北风,≤3级,day
2015-05-08 12:30:00,北京西路,7、未按规定让行的 ,负全部责任,不负责任,1,贵A1415C,黑,0,贵AU8248,黄,蓝天驾校,自培,2014/5/26 0:00,2010/8/24 0:00,长城牌,大运牌,366669000000000000 ,366663000000000000 ,198404,198203,12,4,5,工作日,非高峰,2015-05-08,2015年5月8日,阵雨 /多云,25℃ / 15℃,东南风 ≤3级 /东北风 ≤3级,阵雨,多云,25,15,东南风,≤3级,东北风,≤3级,day
2015-05-08 12:00:00,下坝,4、停车时未挂低速档、未拉驻车制动，导致车辆滑行的,负全部责任,不负责任,1,贵AV6862,黄,1,贵A7CB96,红,（经开区）十一驾驶培训有限公司,自培,2007/12/17 0:00,2006/4/27 0:00,三铃牌,大众牌,366061000000000000 ,366561000000000000 ,197202,197205,12,4,5,工作日,非高峰,2015-05-08,2015年5月8日,阵雨 /多云,25℃ / 15℃,东南风 ≤3级 /东北风 ≤3级,阵雨,多云,25,15,东南风,≤3级,东北风,≤3级,day
2015-05-08 11:00:00,永乐路,7、未按规定让行的 ,负全部责任,不负责任,1,贵AU3792,黑,0,贵AJ8921,蓝,无,自培,1999/5/5 0:00,2005/12/21 0:00,三铃牌,雪佛兰牌,364548000000000000 ,364547000000000000 ,196711,197904,11,4,5,工作日,非高峰,2015-05-08,2015年5月8日,阵雨 /多云,25℃ / 15℃,东南风 ≤3级 /东北风 ≤3级,阵雨,多云,25,15,东南风,≤3级,东北风,≤3级,day