accidenttime,accidentaddr,driver1fault,driver1responsibility,driver2responsibility,sex1,platenumber1,carcolor1,sex2,platenumber2,carcolor2,jxmc1,jxmc2,cclzrq1,cclzrq2,clpp1,clpp2,driver1license,driver2license,brith1,brith2,hour,weekday,month,is_weekday,peak_hour,date,日期,天气状况,气温,风力风向,day_wea,night_wea,day_tep,night_tep,day_wind_direction,day_wind_speed,night_wind_direction,night_wind_speed,segment
2015-05-08 09:00:00,小河黔江路,7、未按规定让行的 ,负全部责任,不负责任,1,贵AU8022,白色,1,贵AJ0438,白色,自培,自培,2000/10/12 0:00,2003/1/3 0:00,飞肯牌,奥迪牌,366368000000000000 ,364547000000000000 ,197109,196912,9,4,5,工作日,早高峰(7-9点),2015-05-08,2015年5月8日,阵雨 /多云,25℃ / 15℃,东南风 ≤3级 /东北风 ≤3级,阵雨,多云,25,15,东南风,≤3级,东北风,≤3级,day
2015-05-08 09:50:00,北二环,1、追尾的,负全部责任,不负责任,0,贵A76B75,蓝,1,贵AEV346,黄,自培,自培,2004/7/12 0:00,2005/1/25 0:00,蒙迪欧牌,蒙迪欧牌,366567000000000000 ,64555500000000000 ,198504,197111,9,4,5,工作日,早高峰(7-9点),2015-05-08,2015年5月8日,阵雨 /多云,25℃ / 15℃,东南风 ≤3级 /东北风 ≤3级,阵雨,多云,25,15,东南风,≤3级,东北风,≤3级,day
2015-05-08 15:00:00,太慈桥,8、依法应负全责的其他情形,负全部责任,不负责任,1,贵H91198,黑,1,贵A22V24,白,-1,贵工驾校,-1,2003/6/27 0:00,-1,马自达牌,366246000000000000 ,364548000000000000 ,196803,196709,15,4,5,工作日,非高峰,2015-05-08,2015年5月8日,阵雨 /多云,25℃ / 15℃,东南风 ≤3级 /东北风 ≤3级,阵雨,多云,25,15,东南风,≤3级,东北风,≤3级,day
2015-05-08 15:00:00,航天大道,7、未按规定让行的 ,负全部责任,不负责任,1,贵A95L78,白,1,贵A295G9,红,（观山湖区）蓝天驾驶培训有限公司,全林驾校,2007/6/18 0:00,2012/4/20 0:00,飞度牌,长安牌,364547000000000000 ,357475000000000000 ,198202,197706,15,4,5,工作日,非高峰,2015-05-08,2015年5月8日,阵雨 /多云,25℃ / 15℃,东南风 ≤3级 /东北风 ≤3级,阵雨,多云,25,15,东南风,≤3级,东北风,≤3级,day
2015-05-08 15:00:00,林城东路,1、追尾的,负全部责任,不负责任,1,贵AEZ431,红,1,贵A8149L,黑,新天驾校,吉源驾校,2011/5/16 0:00,2014/3/13 0:00,长安牌,东南,364547000000000000 ,364556000000000000 ,196811,199510,15,4,5,工作日,非高峰,2015-05-08,2015年5月8日,阵雨 /多云,25℃ / 15℃,东南风 ≤3级 /东北风 ≤3级,阵雨,多云,25,15,东南风,≤3级,东北风,≤3级,day
2015-05-08 14:30:00,花石路,7、未按规定让行的 ,负全部责任,不负责任,1,渝FJ9664,白色,1,贵AEV490,白色,-1,时法驾校,-1,2006/10/30 0:00,-1,三菱牌,356667000000000000 ,364547000000000000 ,197311,198510,14,4,5,工作日,非高峰,2015-05-08,2015年5月8日,阵雨 /多云,25℃ / 15℃,东南风 ≤3级 /东北风 ≤3级,阵雨,多云,25,15,东南风,≤3级,东北风,≤3级,day
2015-05-08 13:53:00,金朱西路,1、追尾的,负同等责任,不负责任,1,贵A941D4,黄,1,贵AU3579,黄,-1,深港,-1,2006/3/7 0:00,江铃牌,飞肯牌,36456551925667565X,56862500000000000 ,198612,197904,13,4,5,工作日,非高峰,2015-05-08,2015年5月8日,阵雨 /多云,25℃ / 15℃,东南风 ≤3级 /东北风 ≤3级,阵雨,多云,25,15,东南风,≤3级,东北风,≤3级,day
2015-05-08 14:12:00,贵州日报社,8、依法应负全责的其他情形,负全部责任,不负责任,1,贵JE7194,红,1,贵AU8053,黄,瓮安县江沣机动车驾驶培训学校有限公司,-1,2014/2/28 0:00,-1,-1,瑞麒牌,366864000000000000 ,57271445339 ,197012,1558,14,4,5,工作日,非高峰,2015-05-08,2015年5月8日,阵雨 /多云,25℃ / 15℃,东南风 ≤3级 /东北风 ≤3级,阵雨,多云,25,15,东南风,≤3级,东北风,≤3级,day
2015-05-08 15:05:00,和尚坡,8、依法应负全责的其他情形,负全部责任,不负责任,1,贵ADQ671,红,0,贵GY6562,蓝,遵义市航天汽车驾驶员培训有限公司,-1,2013/5/15 0:00,-1,长安牌,-1,366566000000000000 ,534075000000000000 ,199109,198902,15,4,5,工作日,非高峰,2015-05-08,2015年5月8日,阵雨 /多云,25℃ / 15℃,东南风 ≤3级 /东北风 ≤3级,阵雨,多云,25,15,东南风,≤3级,东北风,≤3级,day
2015-05-08 13:00:00,蟠桃宫,7、未按规定让行的 ,负全部责任,不负责任,1,贵AU7772,白色,1,贵A37J28,白色,自培,（观山湖区）诚信驾驶培训有限公司,2000/3/27 0:00,2012/12/17 0:00,力帆牌,大众牌,364548000000000000 ,364547000000000000 ,197109,199008,13,4,5,工作日,非高峰,2015-05-08,2015年5月8日,阵雨 /多云,25℃ / 15℃,东南风 ≤3级 /东北风 ≤3级,阵雨,多云,25,15,东南风,≤3级,东北风,≤3级,day
2015-05-08 15:30:00,会展中心,8、依法应负全责的其他情形,负全部责任,不负责任,1,贵J69999,白,1,贵A37W71,白,-1,贵阳诚信东山分校,-1,2015/3/27 0:00,-1,奥迪牌,36686351264041035X,366546000000000000 ,196204,198512,15,4,5,工作日,非高峰,2015-05-08,2015年5月8日,阵雨 /多云,25℃ / 15℃,东南风 ≤3级 /东北风 ≤3级,阵雨,多云,25,15,东南风,≤3级,东北风,≤3级,day
2015-05-08 17:00:00,后坝,7、未按规定让行的 ,负全部责任,不负责任,1,贵A684C4,白色,1,贵A55H26,白色,520107,景宏驾校,2011/1/10 0:00,2014/11/20 0:00,解放牌,福特牌,366364000000000000 ,364558000000000000 ,197512,197708,17,4,5,工作日,晚高峰(17-19点),2015-05-08,2015年5月8日,阵雨 /多云,25℃ / 15℃,东南风 ≤3级 /东北风 ≤3级,阵雨,多云,25,15,东南风,≤3级,东北风,≤3级,day
2015-05-08 16:35:00,同心路,9、不符合前8款规定或者双方同时具有上述情形的,负全部责任,不负责任,1,贵A22J54,白,1,贵A28W69,白,织金县织通驾驶培训学校,消防驾校,-1,2013/12/12 0:00,金杯牌,东风日产牌,366064000000000000 ,364558000000000000 ,199206,199506,16,4,5,工作日,非高峰,2015-05-08,2015年5月8日,阵雨 /多云,25℃ / 15℃,东南风 ≤3级 /东北风 ≤3级,阵雨,多云,25,15,东南风,≤3级,东北风,≤3级,day
2015-05-08 17:00:00,东二环,7、未按规定让行的 ,负全部责任,不负责任,1,贵A99W18,白,0,贵GGD928,白,（花溪区）高新十七驾驶培训有限公司,青正驾校,2006/12/7 0:00,2014/1/23 0:00,-1,-1,366246000000000000 ,366347000000000000 ,198206,198512,17,4,5,工作日,晚高峰(17-19点),2015-05-08,2015年5月8日,阵雨 /多云,25℃ / 15℃,东南风 ≤3级 /东北风 ≤3级,阵雨,多云,25,15,东南风,≤3级,东北风,≤3级,day
2015-05-08 16:00:00,苗圃隧道,1、追尾的,负全部责任,不负责任,1,贵AAW603,白色,1,贵GAE478,白色,自培,-1,2014/7/29 0:00,-1,江铃全顺牌,-1,364567000000000000 ,36636200000000000 ,198908,199070,16,4,5,工作日,非高峰,2015-05-08,2015年5月8日,阵雨 /多云,25℃ / 15℃,东南风 ≤3级 /东北风 ≤3级,阵雨,多云,25,15,东南风,≤3级,东北风,≤3级,day
2015-05-08 16:20:00,小十字,3、倒车的,负全部责任,不负责任,1,贵ALA596,蓝,1,贵A57N99,白,自培,-1,1999/1/18 0:00,-1,华东牌,途锐,364547000000000000 ,364547000000000000 ,197510,198908,16,4,5,工作日,非高峰,2015-05-08,2015年5月8日,阵雨 /多云,25℃ / 15℃,东南风 ≤3级 /东北风 ≤3级,阵雨,多云,25,15,东南风,≤3级,东北风,≤3级,day
2015-05-08 16:30:00,花果园,7、未按规定让行的 ,负全部责任,不负责任,1,贵A44P41,黑色,1,贵A729J5,白色,自培,顺一驾驶培训学校,2000/8/21 0:00,2011/7/11 0:00,风朗,东风牌,364556000000000000 ,364596000000000000 ,197308,198810,16,4,5,工作日,非高峰,2015-05-08,2015年5月8日,阵雨 /多云,25℃ / 15℃,东南风 ≤3级 /东北风 ≤3级,阵雨,多云,25,15,东南风,≤3级,东北风,≤3级,day
2015-05-08 15:00:00,二铺,7、未按规定让行的 ,负全部责任,不负责任,1,贵AHM998,黑,1,鄂FBR732,白,自培,自培,2005/11/8 0:00,-1,奥迪牌,-1,364548000000000000 ,64297500000000000 ,196407,198802,15,4,5,工作日,非高峰,2015-05-08,2015年5月8日,阵雨 /多云,25℃ / 15℃,东南风 ≤3级 /东北风 ≤3级,阵雨,多云,25,15,东南风,≤3级,东北风,≤3级,day
2015-05-08 15:20:00,大营坡,8、依法应负全责的其他情形,负全部责任,不负责任,1,贵A78818,白,1,贵AU0814,蓝,-1,十一培,1977/1/5 0:00,1997/12/25 0:00,金龙牌,万达牌,366367000000000000 ,364547000000000000 ,195801,197403,15,4,5,工作日,非高峰,2015-05-08,2015年5月8日,阵雨 /多云,25℃ / 15℃,东南风 ≤3级 /东北风 ≤3级,阵雨,多云,25,15,东南风,≤3级,东北风,≤3级,day
2015-05-08 14:50:00,白金大道,7、未按规定让行的 ,负全部责任,不负责任,1,贵AB410Z,白,1,贵AHT642,白,路路达驾校,十一培,2014/12/1 0:00,1996/9/30 0:00,东风雪铁龙牌,解放牌,366361000000000000 ,366068000000000000 ,196603,197011,14,4,5,工作日,非高峰,2015-05-08,2015年5月8日,阵雨 /多云,25℃ / 15℃,东南风 ≤3级 /东北风 ≤3级,阵雨,多云,25,15,东南风,≤3级,东北风,≤3级,day
2015-05-08 15:00:00,东站,3、倒车的,负全部责任,不负责任,1,贵C97438,白色,1,贵ALE252,白色,自培,十一培,2003/3/19 0:00,1994/5/8 0:00,-1,启辰牌,366577000000000000 ,366361000000000000 ,197008,197301,15,4,5,工作日,非高峰,2015-05-08,2015年5月8日,阵雨 /多云,25℃ / 15℃,东南风 ≤3级 /东北风 ≤3级,阵雨,多云,25,15,东南风,≤3级,东北风,≤3级,day
2015-05-08 13:10:00,会展中心,7、未按规定让行的 ,负全部责任,不负责任,1,贵A2BW38,白,0,贵AP6965,黄,蓝天驾校,自培,2012/6/19 0:00,2007/8/31 0:00,东风标致牌,豪爵牌,364547000000000000 ,364558000000000000 ,197309,197508,13,4,5,工作日,非高峰,2015-05-08,2015年5月8日,阵雨 /多云,25℃ / 15℃,东南风 ≤3级 /东北风 ≤3级,阵雨,多云,25,15,东南风,≤3级,东北风,≤3级,day
2015-05-08 13:30:00,观水路,4、停车时未挂低速档、未拉驻车制动，导致车辆滑行的,负全部责任,不负责任,0,贵EM7772,蓝,0,贵A2AN12,白,自培,自培,2000/3/27 0:00,2005/2/3 0:00,-1,雅阁牌,364548000000000000 ,36454751804750696X,197109,197403,13,4,5,工作日,非高峰,2015-05-08,2015年5月8日,阵雨 /多云,25℃ / 15℃,东南风 ≤3级 /东北风 ≤3级,阵雨,多云,25,15,东南风,≤3级,东北风,≤3级,day
2015-05-08 14:00:00,黔灵山路,8、依法应负全责的其他情形,负全部责任,不负责任,0,贵A38B79,黑,1,贵A41E42,红,惠水县好花红驾驶培训有限责任公司,自培,2015/3/16 0:00,2003/1/9 0:00,宝马,江淮牌,366876000000000000 ,364557000000000000 ,199002,196607,14,4,5,工作日,非高峰,2015-05-08,2015年5月8日,阵雨 /多云,25℃ / 15℃,东南风 ≤3级 /东北风 ≤3级,阵雨,多云,25,15,东南风,≤3级,东北风,≤3级,day
2015-05-08 16:10:00,紫林庵,7、未按规定让行的 ,负全部责任,不负责任,1,贵AU7531,黄,1,贵ASN161,红,-1,自培,-1,2004/6/9 0:00,金龙牌,骐达牌,366368000000000000 ,364547000000000000 ,196904,197909,16,4,5,工作日,非高峰,2015-05-08,2015年5月8日,阵雨 /多云,25℃ / 15℃,东南风 ≤3级 /东北风 ≤3级,阵雨,多云,25,15,东南风,≤3级,东北风,≤3级,day
2015-05-08 17:30:00,会展城,7、未按规定让行的 ,负全部责任,不负责任,1,贵A28G67,白,0,贵A36V51,蓝,安顺市顺阳驾校培训学校,-1,2012/4/17 0:00,-1,宝马,福克斯(FOCUS)牌,366361000000000000 ,366361000000000000 ,199304,197408,17,4,5,工作日,晚高峰(17-19点),2015-05-08,2015年5月8日,阵雨 /多云,25℃ / 15℃,东南风 ≤3级 /东北风 ≤3级,阵雨,多云,25,15,东南风,≤3级,东北风,≤3级,day
2015-05-08 17:38:00,东二环,1、追尾的,负全部责任,不负责任,1,贵A8119W,红,1,贵A4959V,黑,-1,贵阳万里圣驾校,-1,2014/11/17 0:00,一汽佳星牌,北京现代牌,366369000000000000 ,366046000000000000 ,198410,199607,17,4,5,工作日,晚高峰(17-19点),2015-05-08,2015年5月8日,阵雨 /多云,25℃ / 15℃,东南风 ≤3级 /东北风 ≤3级,阵雨,多云,25,15,东南风,≤3级,东北风,≤3级,day
2015-05-08 18:40:00,嘉润路,7、未按规定让行的 ,负全部责任,不负责任,1,贵ATW558,白色,1,贵GP4919,白色,-1,520123,-1,2011/9/9 0:00,蒙迪欧牌,-1,366666000000000000 ,366246000000000000 ,197810,198401,18,4,5,工作日,晚高峰(17-19点),2015-05-08,2015年5月8日,阵雨 /多云,25℃ / 15℃,东南风 ≤3级 /东北风 ≤3级,阵雨,多云,25,15,东南风,≤3级,东北风,≤3级,day
2015-05-08 19:30:00,金苏大道,7、未按规定让行的 ,负全部责任,不负责任,1,贵A6071W,红,1,贵JS3681,黄,十一驾驶培训有限公司,-1,2011/10/8 0:00,-1,夏利牌,-1,364566000000000000 ,366846000000000000 ,198903,197809,19,4,5,工作日,晚高峰(17-19点),2015-05-08,2015年5月8日,阵雨 /多云,25℃ / 15℃,东南风 ≤3级 /东北风 ≤3级,阵雨,多云,25,15,东南风,≤3级,东北风,≤3级,day
2015-05-08 18:09:00,福州街,8、依法应负全责的其他情形,负全部责任,不负责任,1,贵A595F8,白,0,贵A5AS90,白,十一驾驶培训有限公司,贵州现代驾驶培训责任有限公司,2000/3/14 0:00,2014/3/25 0:00,解放牌,马自达牌,366347000000000000 ,366576000000000000 ,196212,198402,18,4,5,工作日,晚高峰(17-19点),2015-05-08,2015年5月8日,阵雨 /多云,25℃ / 15℃,东南风 ≤3级 /东北风 ≤3级,阵雨,多云,25,15,东南风,≤3级,东北风,≤3级,day
2015-05-08 18:50:00,西二环,7、未按规定让行的 ,负全部责任,不负责任,1,贵A489E5,白色,1,贵A6AY39,白色,贵工驾校,鑫鑫驾校,2013/3/15 0:00,2011/10/13 0:00,解放牌,锋范牌,366061000000000000 ,364547000000000000 ,197701,197208,18,4,5,工作日,晚高峰(17-19点),2015-05-08,2015年5月8日,阵雨 /多云,25℃ / 15℃,东南风 ≤3级 /东北风 ≤3级,阵雨,多云,25,15,东南风,≤3级,东北风,≤3级,day
2015-05-08 19:20:00,大洼,7、未按规定让行的 ,负全部责任,不负责任,1,贵A96442,蓝,0,贵A74X23,红,-1,预约考试窗口,-1,2006/8/24 0:00,嘉陵牌,-1,366068000000000000 ,366369000000000000 ,197910,197503,19,4,5,工作日,晚高峰(17-19点),2015-05-08,2015年5月8日,阵雨 /多云,25℃ / 15℃,东南风 ≤3级 /东北风 ≤3级,阵雨,多云,25,15,东南风,≤3级,东北风,≤3级,day
2015-05-08 18:10:00,小关,1、追尾的,负全部责任,不负责任,1,贵A9340S,红,1,贵A88O75,红,诚信驾驶培训学校,贵大佳德驾驶培训学,2012/3/23 0:00,2006/11/20 0:00,-1,-1,364568000000000000 ,366663000000000000 ,199112,196912,18,4,5,工作日,晚高峰(17-19点),2015-05-08,2015年5月8日,阵雨 /多云,25℃ / 15℃,东南风 ≤3级 /东北风 ≤3级,阵雨,多云,25,15,东南风,≤3级,东北风,≤3级,day
2015-05-08 18:00:00,金朱东路,1、追尾的,负全部责任,不负责任,1,贵AC569X,白,1,贵FF2488,白,时发驾校,-1,2014/3/13 0:00,-1,海马牌,-1,364568000000000000 ,354868000000000000 ,199210,198403,18,4,5,工作日,晚高峰(17-19点),2015-05-08,2015年5月8日,阵雨 /多云,25℃ / 15℃,东南风 ≤3级 /东北风 ≤3级,阵雨,多云,25,15,东南风,≤3级,东北风,≤3级,day
2015-05-08 17:10:00,中华中路,1、追尾的,负全部责任,不负责任,1,贵A97K56,红,1,贵AK5361,黑,（乌当区）全林驾驶培训有限公司,十一培,2007/9/18 0:00,1986/9/15 0:00,吉奥牌,东风雪铁龙牌,774266000000000000 ,364548000000000000 ,198709,196908,17,4,5,工作日,晚高峰(17-19点),2015-05-08,2015年5月8日,阵雨 /多云,25℃ / 15℃,东南风 ≤3级 /东北风 ≤3级,阵雨,多云,25,15,东南风,≤3级,东北风,≤3级,day
2015-05-08 18:00:00,瑞金北路,1、追尾的,负全部责任,不负责任,1,桂NHT411,白色,1,贵A96L51,白色,-1,十一培,-1,1997/2/25 0:00,-1,北京现代牌,364547000000000000 ,364547000000000000 ,197500,197401,18,4,5,工作日,晚高峰(17-19点),2015-05-08,2015年5月8日,阵雨 /多云,25℃ / 15℃,东南风 ≤3级 /东北风 ≤3级,阵雨,多云,25,15,东南风,≤3级,东北风,≤3级,day
2015-05-08 17:20:00,西南环线,7、未按规定让行的 ,负全部责任,不负责任,1,贵A75597,白色,1,贵AD08E5,白色,520114,自培,2004/5/11 0:00,2003/3/4 0:00,双狮,-1,364547000000000000 ,354367000000000000 ,197702,196904,17,4,5,工作日,晚高峰(17-19点),2015-05-08,2015年5月8日,阵雨 /多云,25℃ / 15℃,东南风 ≤3级 /东北风 ≤3级,阵雨,多云,25,15,东南风,≤3级,东北风,≤3级,day
2015-05-08 17:40:00,北京路,7、未按规定让行的 ,负全部责任,不负责任,1,贵A49G17,蓝,1,贵AV6349,黄,新华驾校,自培,2011/7/6 0:00,2003/8/26 0:00,沃尔沃,东风标致牌,364547000000000000 ,366661000000000000 ,197011,197809,17,4,5,工作日,晚高峰(17-19点),2015-05-08,2015年5月8日,阵雨 /多云,25℃ / 15℃,东南风 ≤3级 /东北风 ≤3级,阵雨,多云,25,15,东南风,≤3级,东北风,≤3级,day
2015-05-08 16:52:00,苗圃一号隧道,1、追尾的,负全部责任,不负责任,1,贵A2J676,白色,1,贵A62K77,白色,自培,自培,2005/8/16 0:00,2010/6/21 0:00,-1,广汽菲亚特牌,734767000000000000 ,366566000000000000 ,196405,197601,16,4,5,工作日,非高峰,2015-05-08,2015年5月8日,阵雨 /多云,25℃ / 15℃,东南风 ≤3级 /东北风 ≤3级,阵雨,多云,25,15,东南风,≤3级,东北风,≤3级,day
2015-05-08 21:50:00,会展中心,7、未按规定让行的 ,负全部责任,不负责任,1,贵A55K74,黑,1,闽ABV487,黄,-1,-1,-1,-1,-1,北京,59176444855 ,366064000000000000 ,711,199210,21,4,5,工作日,非高峰,2015-05-08,2015年5月8日,阵雨 /多云,25℃ / 15℃,东南风 ≤3级 /东北风 ≤3级,阵雨,多云,25,15,东南风,≤3级,东北风,≤3级,night
2015-05-09 00:00:00,后坝,7、未按规定让行的 ,负全部责任,不负责任,1,贵A684C4,白色,1,贵A55H26,白色,520107,景宏驾校,2011/1/10 0:00,2014/11/20 0:00,解放牌,福特牌,366364000000000000 ,364558000000000000 ,197512,197708,0,5,5,工作日,非高峰,2015-05-09,2015年5月9日,阵雨 /阵雨,23℃ / 16℃,东北风 ≤3级 /东南风 ≤3级,阵雨,阵雨,23,16,东北风,≤3级,东南风,≤3级,night
2015-05-09 04:10:00,金阳南路,3、倒车的,负全部责任,不负责任,1,贵GAA341,红,1,贵A23P88,白,-1,贵阳金马驾驶培训有限公司,-1,2011/11/29 0:00,-1,马自达牌,36455700000000000 ,364548000000000000 ,198211,198802,4,5,5,工作日,非高峰,2015-05-09,2015年5月9日,阵雨 /阵雨,23℃ / 16℃,东北风 ≤3级 /东南风 ≤3级,阵雨,阵雨,23,16,东北风,≤3级,东南风,≤3级,night
2015-05-09 04:20:00,三桥,7、未按规定让行的 ,负全部责任,不负责任,1,贵CR7999,黑,0,贵AU0763,黄,-1,自培,-1,2010/9/28 0:00,-1,万达牌,66645500000000000 ,364548000000000000 ,197103,198308,4,5,5,工作日,非高峰,2015-05-09,2015年5月9日,阵雨 /阵雨,23℃ / 16℃,东北风 ≤3级 /东南风 ≤3级,阵雨,阵雨,23,16,东北风,≤3级,东南风,≤3级,night
2015-05-09 08:30:00,兴筑路,7、未按规定让行的 ,负全部责任,不负责任,1,贵CS65576,黑,1,贵GV5033,白,-1,-1,-1,-1,-1,-1,CD43444062,364547000000 ,426,170001,8,5,5,工作日,早高峰(7-9点),2015-05-09,2015年5月9日,阵雨 /阵雨,23℃ / 16℃,东北风 ≤3级 /东南风 ≤3级,阵雨,阵雨,23,16,东北风,≤3级,东南风,≤3级,day
2015-05-09 08:30:00,解放桥,7、未按规定让行的 ,负全部责任,不负责任,1,贵A7Q924,白,1,贵AV6078,白,（乌当区）新华驾驶培训有限公司,铁二局驾校,2007/11/2 0:00,2004/6/26 0:00,-1,东力牌,364547000000000000 ,366368000000000000 ,198512,198104,8,5,5,工作日,早高峰(7-9点),2015-05-09,2015年5月9日,阵雨 /阵雨,23℃ / 16℃,东北风 ≤3级 /东南风 ≤3级,阵雨,阵雨,23,16,东北风,≤3级,东南风,≤3级,day
2015-05-08 23:50:00,云环路,1、追尾的,负全部责任,不负责任,1,贵A0877G,红,1,贵AEU088,红,自培,贵州省长安驾驶培训学校,2003/12/5 0:00,2013/6/14 0:00,华泰圣达菲牌,开瑞牌,364558000000000000 ,364568000000000000 ,197801,198706,23,4,5,工作日,非高峰,2015-05-08,2015年5月8日,阵雨 /多云,25℃ / 15℃,东南风 ≤3级 /东北风 ≤3级,阵雨,多云,25,15,东南风,≤3级,东北风,≤3级,night
2015-05-09 08:00:00,万江小区,7、未按规定让行的 ,负全部责任,不负责任,0,贵AU6016,白,1,贵A2003A,蓝,（南明区）阳光驾驶培训有限公司,鑫鑫驾校,2006/2/28 0:00,2010/10/18 0:00,恒通客车牌,缤智牌,364548000000000000 ,364558000000000000 ,196807,196404,8,5,5,工作日,早高峰(7-9点),2015-05-09,2015年5月9日,阵雨 /阵雨,23℃ / 16℃,东北风 ≤3级 /东南风 ≤3级,阵雨,阵雨,23,16,东北风,≤3级,东南风,≤3级,day
2015-05-09 01:00:00,云岩区,7、未按规定让行的 ,负全部责任,不负责任,0,贵A6531F,白,1,贵GV8735,白,十一驾驶培训有限公司,贵州现代驾驶培训责任有限公司,2011/10/26 0:00,2012/2/7 0:00,北京现代牌,-1,366675000000000000 ,36459551985661025X,197810,198712,1,5,5,工作日,非高峰,2015-05-09,2015年5月9日,阵雨 /阵雨,23℃ / 16℃,东北风 ≤3级 /东南风 ≤3级,阵雨,阵雨,23,16,东北风,≤3级,东南风,≤3级,night
2015-05-09 00:00:00,西南环线,7、未按规定让行的 ,负全部责任,不负责任,1,贵A4882P,白色,1,贵A5BM73,白色,铁二局驾校,520116,2012/5/21 0:00,2008/9/26 0:00,五菱牌,别克牌,364547000000000000 ,364551000000000000 ,198705,197709,0,5,5,工作日,非高峰,2015-05-09,2015年5月9日,阵雨 /阵雨,23℃ / 16℃,东北风 ≤3级 /东南风 ≤3级,阵雨,阵雨,23,16,东北风,≤3级,东南风,≤3级,night
2015-05-08 22:00:00,八匹马,8、依法应负全责的其他情形,负全部责任,不负责任,1,贵AA9498,白,0,贵APR961,白,自培,消防驾校（白云区）,1998/2/9 0:00,2015/3/20 0:00,奥迪牌,起亚牌,364547000000000000 ,364557000000000000 ,196211,198706,22,4,5,工作日,非高峰,2015-05-08,2015年5月8日,阵雨 /多云,25℃ / 15℃,东南风 ≤3级 /东北风 ≤3级,阵雨,多云,25,15,东南风,≤3级,东北风,≤3级,night
2015-05-09 02:40:00,金阳南路,7、未按规定让行的 ,负全部责任,不负责任,1,贵ACV675,红,1,贵AV6208,蓝,市警校驾校,消防驾校,2013/12/12 0:00,2002/11/9 0:00,-1,隆鑫牌,366061000000000000 ,364548000000000000 ,197511,197910,2,5,5,工作日,非高峰,2015-05-09,2015年5月9日,阵雨 /阵雨,23℃ / 16℃,东北风 ≤3级 /东南风 ≤3级,阵雨,阵雨,23,16,东北风,≤3级,东南风,≤3级,night
2015-05-09 08:24:00,迎宾路,7、未按规定让行的 ,负全部责任,不负责任,1,贵GT2781,白色,1,贵A333B3,白色,市交校,-1,2013/11/7 0:00,-1,-1,长安牌,364551000000000000 ,786766000000000000 ,197512,190907,8,5,5,工作日,早高峰(7-9点),2015-05-09,2015年5月9日,阵雨 /阵雨,23℃ / 16℃,东北风 ≤3级 /东南风 ≤3级,阵雨,阵雨,23,16,东北风,≤3级,东南风,≤3级,day
2015-05-09 08:30:00,牛郎关,3、倒车的,负全部责任,不负责任,1,贵A11446,白色,1,贵A06955,白色,（南明区）铁二局驾驶培训有限公司,-1,2009/4/22 0:00,-1,-1,楚飞牌,366663000000000000 ,36676651834264438X,198609,197506,8,5,5,工作日,早高峰(7-9点),2015-05-09,2015年5月9日,阵雨 /阵雨,23℃ / 16℃,东北风 ≤3级 /东南风 ≤3级,阵雨,阵雨,23,16,东北风,≤3级,东南风,≤3级,day
2015-05-09 10:00:00,花溪,7、未按规定让行的 ,负全部责任,不负责任,1,川A577U3,白色,1,贵AGZ882,白色,-1,高新驾校,-1,2013/12/4 0:00,-1,奥迪牌,354597000000000000 ,364556000000000000 ,198211,199207,10,5,5,工作日,非高峰,2015-05-09,2015年5月9日,阵雨 /阵雨,23℃ / 16℃,东北风 ≤3级 /东南风 ≤3级,阵雨,阵雨,23,16,东北风,≤3级,东南风,≤3级,day
2015-05-09 10:20:00,肉联厂,9、不符合前8款规定或者双方同时具有上述情形的,负同等责任,不负责任,1,贵AU9611,黑,1,贵A6PO59,白,-1,520116,-1,2009/4/9 0:00,瑞麒牌,-1,36686200000000000 ,36656551824763526X,198020,197603,10,5,5,工作日,非高峰,2015-05-09,2015年5月9日,阵雨 /阵雨,23℃ / 16℃,东北风 ≤3级 /东南风 ≤3级,阵雨,阵雨,23,16,东北风,≤3级,东南风,≤3级,day
2015-05-09 10:40:00,野猫井,7、未按规定让行的 ,负全部责任,不负责任,1,贵AL6077,黄,1,贵AB880B,黄,-1,贵工驾校,-1,2012/5/8 0:00,蒙德王牌,别克牌,366876000000000000 ,364596000000000000 ,197205,198910,10,5,5,工作日,非高峰,2015-05-09,2015年5月9日,阵雨 /阵雨,23℃ / 16℃,东北风 ≤3级 /东南风 ≤3级,阵雨,阵雨,23,16,东北风,≤3级,东南风,≤3级,day
2015-05-09 11:15:00,宝山北路,8、依法应负全责的其他情形,负全部责任,不负责任,0,津DCD132,红,1,贵A8BA06,红,-1,贵大驾校,-1,2015/2/3 0:00,-1,大众汽车牌,564664000000000000 ,364547000000000000 ,198204,196509,11,5,5,工作日,非高峰,2015-05-09,2015年5月9日,阵雨 /阵雨,23℃ / 16℃,东北风 ≤3级 /东南风 ≤3级,阵雨,阵雨,23,16,东北风,≤3级,东南风,≤3级,day
2015-05-09 11:00:00,花果园,8、依法应负全责的其他情形,负同等责任,不负责任,1,贵A33A88,红,1,贵AC954T,红,自培,公交（集团）驾校（云岩区）,2004/3/19 0:00,2009/11/27 0:00,东风雪铁龙牌,夏利牌,364548000000000000 ,364547000000000000 ,197906,198501,11,5,5,工作日,非高峰,2015-05-09,2015年5月9日,阵雨 /阵雨,23℃ / 16℃,东北风 ≤3级 /东南风 ≤3级,阵雨,阵雨,23,16,东北风,≤3级,东南风,≤3级,day
2015-05-09 00:00:00,东客站,3、倒车的,负全部责任,不负责任,1,贵A61906,白色,1,浙K2712R,白色,十一培,-1,1992/9/15 0:00,-1,宇通牌,-1,364558000000000000 ,776347000000000000 ,197210,198110,0,5,5,工作日,非高峰,2015-05-09,2015年5月9日,阵雨 /阵雨,23℃ / 16℃,东北风 ≤3级 /东南风 ≤3级,阵雨,阵雨,23,16,东北风,≤3级,东南风,≤3级,night