accidenttime,accidentaddr,driver1fault,driver1responsibility,driver2responsibility,sex1,platenumber1,carcolor1,sex2,platenumber2,carcolor2,jxmc1,jxmc2,cclzrq1,cclzrq2,clpp1,clpp2,driver1license,driver2license,brith1,brith2,hour,weekday,month,is_weekday,peak_hour,date,日期,天气状况,气温,风力风向,day_wea,night_wea,day_tep,night_tep,day_wind_direction,day_wind_speed,night_wind_direction,night_wind_speed,segment
2015-05-09 00:00:00,转弯塘,7、未按规定让行的 ,负全部责任,不负责任,1,贵FS3708,黄,1,贵ADT211,红,自培,蓝天驾校,2001/3/13 0:00,2015/2/4 0:00,-1,夏利牌,366068000000000000 ,364548000000000000 ,197501,197301,0,5,5,工作日,非高峰,2015-05-09,2015年5月9日,阵雨 /阵雨,23℃ / 16℃,东北风 ≤3级 /东南风 ≤3级,阵雨,阵雨,23,16,东北风,≤3级,东南风,≤3级,night
2015-05-09 01:30:00,中铁逸都,7、未按规定让行的 ,负全部责任,不负责任,1,贵A7RO499,蓝,1,贵AB699L,黑,自培,消防驾校,2005/9/21 0:00,2011/9/7 0:00,-1,捷豹XF,64555500000000000 ,364548000000000000 ,197610,199205,1,5,5,工作日,非高峰,2015-05-09,2015年5月9日,阵雨 /阵雨,23℃ / 16℃,东北风 ≤3级 /东南风 ≤3级,阵雨,阵雨,23,16,东北风,≤3级,东南风,≤3级,night
2015-05-09 08:30:00,转弯塘,1、追尾的,负全部责任,不负责任,1,贵CGS412,黄,1,贵ATE566,黑,自培,十一培,2008/3/10 0:00,1999/4/3 0:00,-1,大众汽车牌,366566000000000000 ,364558000000000000 ,198111,197502,8,5,5,工作日,早高峰(7-9点),2015-05-09,2015年5月9日,阵雨 /阵雨,23℃ / 16℃,东北风 ≤3级 /东南风 ≤3级,阵雨,阵雨,23,16,东北风,≤3级,东南风,≤3级,day
2015-05-09 06:00:00,沙冲路口,8、依法应负全责的其他情形,负全部责任,不负责任,1,贵A8BJ42,白色,1,贵A59S63,白色,-1,自培,-1,2005/9/21 0:00,丰田牌,奥迪,364548000000000000 ,364547000000000000 ,197612,198701,6,5,5,工作日,非高峰,2015-05-09,2015年5月9日,阵雨 /阵雨,23℃ / 16℃,东北风 ≤3级 /东南风 ≤3级,阵雨,阵雨,23,16,东北风,≤3级,东南风,≤3级,day
2015-05-09 11:00:00,北京西路,3、倒车的,负全部责任,不负责任,1,贵AB147E,红,1,贵A5BB28,白,-1,自培,-1,2004/7/16 0:00,雪佛兰牌,长城牌,57679393987 ,366046000000000000 ,85873,198108,11,5,5,工作日,非高峰,2015-05-09,2015年5月9日,阵雨 /阵雨,23℃ / 16℃,东北风 ≤3级 /东南风 ≤3级,阵雨,阵雨,23,16,东北风,≤3级,东南风,≤3级,day
2015-05-09 09:30:00,甲秀南路,1、追尾的,负全部责任,不负责任,1,贵A91641,白色,1,贵A2AW73,白色,（南明区）阳光驾驶培训有限公司,520126,2006/12/14 0:00,2009/8/10 0:00,大众牌,雪佛兰牌,364556000000000000 ,364556000000000000 ,197208,197711,9,5,5,工作日,早高峰(7-9点),2015-05-09,2015年5月9日,阵雨 /阵雨,23℃ / 16℃,东北风 ≤3级 /东南风 ≤3级,阵雨,阵雨,23,16,东北风,≤3级,东南风,≤3级,day
2015-05-09 11:00:00,会展中心,7、未按规定让行的 ,负全部责任,不负责任,1,贵GGE369,红,1,贵GM4071,红,贵州省长安驾驶培训学校,顺一驾驶培训学校,2014/5/14 0:00,2013/9/16 0:00,-1,-1,55369500000000000 ,366577000000000000 ,199008,198509,11,5,5,工作日,非高峰,2015-05-09,2015年5月9日,阵雨 /阵雨,23℃ / 16℃,东北风 ≤3级 /东南风 ≤3级,阵雨,阵雨,23,16,东北风,≤3级,东南风,≤3级,day
2015-05-09 11:00:00,沙冲北路,7、未按规定让行的 ,负全部责任,不负责任,1,贵ADE828,白色,1,贵A4AE49,白色,自培,自培,2005/7/26 0:00,1986/12/25 0:00,雅阁牌,飞度牌,734397000000000000 ,364548000000000000 ,197610,194912,11,5,5,工作日,非高峰,2015-05-09,2015年5月9日,阵雨 /阵雨,23℃ / 16℃,东北风 ≤3级 /东南风 ≤3级,阵雨,阵雨,23,16,东北风,≤3级,东南风,≤3级,day
2015-05-09 10:00:00,太慈桥,8、依法应负全责的其他情形,负全部责任,不负责任,1,贵A76R59,白色,1,贵ATY453,白色,自培,自培,2002/6/18 0:00,2001/5/18 0:00,别克牌,长城牌,366666000000000000 ,366569000000000000 ,197201,197704,10,5,5,工作日,非高峰,2015-05-09,2015年5月9日,阵雨 /阵雨,23℃ / 16℃,东北风 ≤3级 /东南风 ≤3级,阵雨,阵雨,23,16,东北风,≤3级,东南风,≤3级,day
2015-05-09 10:30:00,杨家山隧道,1、追尾的,负全部责任,不负责任,1,贵AV7107,红,1,贵CCL876,白,-1,凤冈玉龙驾校,-1,-1,三友牌,-1,366546000000000000 ,366569000000000000 ,196710,196712,10,5,5,工作日,非高峰,2015-05-09,2015年5月9日,阵雨 /阵雨,23℃ / 16℃,东北风 ≤3级 /东南风 ≤3级,阵雨,阵雨,23,16,东北风,≤3级,东南风,≤3级,day
2015-05-09 09:00:00,小十字,7、未按规定让行的 ,负全部责任,不负责任,1,贵AU6023,白色,1,贵A9CA33,白色,自培,吉源驾校,1994/3/16 0:00,2004/3/6 0:00,建豪牌,大众汽车牌,364547000000000000 ,364558000000000000 ,197008,197306,9,5,5,工作日,早高峰(7-9点),2015-05-09,2015年5月9日,阵雨 /阵雨,23℃ / 16℃,东北风 ≤3级 /东南风 ≤3级,阵雨,阵雨,23,16,东北风,≤3级,东南风,≤3级,day
2015-05-09 11:00:00,甲秀南路,7、未按规定让行的 ,负全部责任,不负责任,1,贵GR9596,白色,1,贵CJF657,白色,省交校,-1,2012/4/25 0:00,-1,-1,-1,36455551144959777X,366568000000000000 ,199008,197610,11,5,5,工作日,非高峰,2015-05-09,2015年5月9日,阵雨 /阵雨,23℃ / 16℃,东北风 ≤3级 /东南风 ≤3级,阵雨,阵雨,23,16,东北风,≤3级,东南风,≤3级,day
2015-05-09 13:10:00,金关,7、未按规定让行的 ,负全部责任,不负责任,1,湘N4E668,蓝,1,贵AU8338,黄,-1,铁二局驾校,-1,2008/7/24 0:00,-1,飞肯牌,366246000000000000 ,366364000000000000 ,197401,197004,13,5,5,工作日,非高峰,2015-05-09,2015年5月9日,阵雨 /阵雨,23℃ / 16℃,东北风 ≤3级 /东南风 ≤3级,阵雨,阵雨,23,16,东北风,≤3级,东南风,≤3级,day
2015-05-09 13:22:00,四方河路,8、依法应负全责的其他情形,负全部责任,不负责任,1,贵A1R287,白色,1,贵A3927A,白色,-1,顺一驾驶培训学校,-1,2011/1/4 0:00,-1,大众汽车牌,364596000000000000 ,366361000000000000 ,198806,197510,13,5,5,工作日,非高峰,2015-05-09,2015年5月9日,阵雨 /阵雨,23℃ / 16℃,东北风 ≤3级 /东南风 ≤3级,阵雨,阵雨,23,16,东北风,≤3级,东南风,≤3级,day
2015-05-09 13:30:00,北京西路,1、追尾的,负全部责任,不负责任,1,贵GV9944,白,1,贵A7AM81,白,-1,520133,-1,2008/2/1 0:00,-1,长安牌,574270000000000000 ,74740500000000000 ,198603,196909,13,5,5,工作日,非高峰,2015-05-09,2015年5月9日,阵雨 /阵雨,23℃ / 16℃,东北风 ≤3级 /东南风 ≤3级,阵雨,阵雨,23,16,东北风,≤3级,东南风,≤3级,day
2015-05-09 12:12:00,会展北路,7、未按规定让行的 ,负全部责任,不负责任,1,贵JE3649,蓝,1,贵A92J69,蓝,惠水县黔岭机动车驾驶培训有限公司,-1,2012/2/22 0:00,-1,-1,长安牌,366876000000000000 ,366846000000000000 ,198204,197910,12,5,5,工作日,非高峰,2015-05-09,2015年5月9日,阵雨 /阵雨,23℃ / 16℃,东北风 ≤3级 /东南风 ≤3级,阵雨,阵雨,23,16,东北风,≤3级,东南风,≤3级,day
2015-05-09 12:00:00,野猫井,7、未按规定让行的 ,负全部责任,不负责任,1,贵A34R75,白色,1,贵A2BL37,白色,铁二局驾校,毕节地区宏强汽车(摩托车)驾驶培训学校,2010/11/16 0:00,2014/8/26 0:00,风神牌,东风标致牌,366363000000000000 ,36454651144560705X,196807,199001,12,5,5,工作日,非高峰,2015-05-09,2015年5月9日,阵雨 /阵雨,23℃ / 16℃,东北风 ≤3级 /东南风 ≤3级,阵雨,阵雨,23,16,东北风,≤3级,东南风,≤3级,day
2015-05-09 11:30:00,南明区,7、未按规定让行的 ,负全部责任,不负责任,1,贵AA015P,白色,1,贵A8CB08,黑色,-1,贵阳万里圣驾校,-1,2005/10/18 0:00,宝骏牌,奥迪牌,74365500000000000 ,364557000000000000 ,198911,198601,11,5,5,工作日,非高峰,2015-05-09,2015年5月9日,阵雨 /阵雨,23℃ / 16℃,东北风 ≤3级 /东南风 ≤3级,阵雨,阵雨,23,16,东北风,≤3级,东南风,≤3级,day
2015-05-09 08:40:00,和尚坡,7、未按规定让行的 ,负全部责任,不负责任,1,贵CT2771,白,1,贵O564616,黄,十一培,-1,1996/8/12 0:00,-1,-1,-1,76766500000000000 ,366064000000000000 ,197305,198011,8,5,5,工作日,早高峰(7-9点),2015-05-09,2015年5月9日,阵雨 /阵雨,23℃ / 16℃,东北风 ≤3级 /东南风 ≤3级,阵雨,阵雨,23,16,东北风,≤3级,东南风,≤3级,day
2015-05-09 09:40:00,未来方舟,7、未按规定让行的 ,负全部责任,不负责任,1,赣MN7616,黑,1,贵GAD625,黑,自培,-1,2012/8/16 0:00,-1,-1,-1,724568000000000000 ,355766000000000000 ,198902,199108,9,5,5,工作日,早高峰(7-9点),2015-05-09,2015年5月9日,阵雨 /阵雨,23℃ / 16℃,东北风 ≤3级 /东南风 ≤3级,阵雨,阵雨,23,16,东北风,≤3级,东南风,≤3级,day
2015-05-09 11:15:00,水电八局,1、追尾的,负全部责任,不负责任,1,贵A35P98,红,0,贵AS2758,蓝,自培,-1,2007/10/18 0:00,-1,东风雪铁龙牌,宝马,366061000000000000 ,366061000000000000 ,198707,199103,11,5,5,工作日,非高峰,2015-05-09,2015年5月9日,阵雨 /阵雨,23℃ / 16℃,东北风 ≤3级 /东南风 ≤3级,阵雨,阵雨,23,16,东北风,≤3级,东南风,≤3级,day
2015-05-09 11:40:00,中天花园,7、未按规定让行的 ,负全部责任,不负责任,1,贵AVJ255,红,1,贵GGA852,红,自培,贵阳金马驾驶培训有限公司,2002/7/3 0:00,2014/6/18 0:00,大众汽车牌,-1,364547000000000000 ,364556000000000000 ,197006,197005,11,5,5,工作日,非高峰,2015-05-09,2015年5月9日,阵雨 /阵雨,23℃ / 16℃,东北风 ≤3级 /东南风 ≤3级,阵雨,阵雨,23,16,东北风,≤3级,东南风,≤3级,day
2015-05-09 12:10:00,东林寺路,1、追尾的,负全部责任,不负责任,1,贵AE2166,红,0,贵GQ1943,白,自培,新天驾校,2001/6/15 0:00,2014/9/22 0:00,力帆牌,-1,364548000000000000 ,366346000000000000 ,198304,199310,12,5,5,工作日,非高峰,2015-05-09,2015年5月9日,阵雨 /阵雨,23℃ / 16℃,东北风 ≤3级 /东南风 ≤3级,阵雨,阵雨,23,16,东北风,≤3级,东南风,≤3级,day
2015-05-09 09:00:00,大营坡,8、依法应负全责的其他情形,负全部责任,不负责任,1,贵A1816G,红,1,贵AMJ489,黑,毕节市顺达汽车驾驶培训学校,自培,2011/5/24 0:00,2002/1/8 0:00,吉奥牌,东风雪铁龙牌,36455651964547505X,366061000000000000 ,198201,197204,9,5,5,工作日,早高峰(7-9点),2015-05-09,2015年5月9日,阵雨 /阵雨,23℃ / 16℃,东北风 ≤3级 /东南风 ≤3级,阵雨,阵雨,23,16,东北风,≤3级,东南风,≤3级,day
2015-05-09 12:00:00,盐务街,7、未按规定让行的 ,负全部责任,不负责任,1,贵A7BP42,红,1,贵AU3959,红,-1,自培,-1,2006/5/11 0:00,蒙迪欧牌,钱江牌,364545000000 ,364596000000000000 ,376125,198505,12,5,5,工作日,非高峰,2015-05-09,2015年5月9日,阵雨 /阵雨,23℃ / 16℃,东北风 ≤3级 /东南风 ≤3级,阵雨,阵雨,23,16,东北风,≤3级,东南风,≤3级,day
2015-05-09 11:30:00,二戈寨,7、未按规定让行的 ,负全部责任,不负责任,1,贵A71N32,白色,1,贵AKX342,白色,（南明区）吉源驾驶培训有限公司,自培,2006/8/15 0:00,2003/10/10 0:00,别克牌,宝马牌,364547000000000000 ,364547000000000000 ,197910,197804,11,5,5,工作日,非高峰,2015-05-09,2015年5月9日,阵雨 /阵雨,23℃ / 16℃,东北风 ≤3级 /东南风 ≤3级,阵雨,阵雨,23,16,东北风,≤3级,东南风,≤3级,day
2015-05-09 10:30:00,金朱东路,8、依法应负全责的其他情形,负全部责任,不负责任,1,贵A93589,黑,1,贵AAL190,红,自培,自培,2004/8/23 0:00,2002/6/11 0:00,望江,长安牌,364558000000000000 ,364557000000000000 ,197412,197512,10,5,5,工作日,非高峰,2015-05-09,2015年5月9日,阵雨 /阵雨,23℃ / 16℃,东北风 ≤3级 /东南风 ≤3级,阵雨,阵雨,23,16,东北风,≤3级,东南风,≤3级,day
2015-05-09 10:02:00,新建路,7、未按规定让行的 ,负全部责任,不负责任,1,贵A77A34,黑,1,贵AU6122,黄,自培,自培,2006/12/7 0:00,2002/3/8 0:00,北京现代牌,大福牌,364548000000000000 ,36636651965641065X,197303,198212,10,5,5,工作日,非高峰,2015-05-09,2015年5月9日,阵雨 /阵雨,23℃ / 16℃,东北风 ≤3级 /东南风 ≤3级,阵雨,阵雨,23,16,东北风,≤3级,东南风,≤3级,day
2015-05-09 13:10:00,十二滩转盘,7、未按规定让行的 ,负全部责任,不负责任,1,贵A59279,蓝,1,贵AC0978,蓝,-1,诚信驾驶培训学校,-1,2014/3/10 0:00,解放,望江牌,364547000000 ,364557000000000000 ,139773,196910,13,5,5,工作日,非高峰,2015-05-09,2015年5月9日,阵雨 /阵雨,23℃ / 16℃,东北风 ≤3级 /东南风 ≤3级,阵雨,阵雨,23,16,东北风,≤3级,东南风,≤3级,day
2015-05-09 14:14:00,枣山路,8、依法应负全责的其他情形,负全部责任,不负责任,1,贵JCH551,红,0,贵A9AM73,红,-1,520130,-1,2009/9/16 0:00,-1,东风雪铁龙牌,36656551914849605X,366864000000000000 ,198907,197010,14,5,5,工作日,非高峰,2015-05-09,2015年5月9日,阵雨 /阵雨,23℃ / 16℃,东北风 ≤3级 /东南风 ≤3级,阵雨,阵雨,23,16,东北风,≤3级,东南风,≤3级,day
2015-05-09 14:30:00,未来方舟,7、未按规定让行的 ,负全部责任,不负责任,1,贵A228F5,白,0,贵GM1725,白,-1,贵大佳德驾驶培训学校,-1,2013/7/9 0:00,解放牌,-1,06546751934658487X,366367000000000000 ,198502,197304,14,5,5,工作日,非高峰,2015-05-09,2015年5月9日,阵雨 /阵雨,23℃ / 16℃,东北风 ≤3级 /东南风 ≤3级,阵雨,阵雨,23,16,东北风,≤3级,东南风,≤3级,day
2015-05-09 14:45:00,西南商贸城,9、不符合前8款规定或者双方同时具有上述情形的,负全部责任,不负责任,1,贵GV2525,白,1,贵AB5445,红,-1,诚信驾驶培训学校,-1,2015/4/22 0:00,-1,宗申牌,74365500000000000 ,36455651874655637X,198206,197302,14,5,5,工作日,非高峰,2015-05-09,2015年5月9日,阵雨 /阵雨,23℃ / 16℃,东北风 ≤3级 /东南风 ≤3级,阵雨,阵雨,23,16,东北风,≤3级,东南风,≤3级,day
2015-05-09 13:00:00,花果园,7、未按规定让行的 ,负全部责任,不负责任,1,贵AR2898,黄,1,贵A2260B,白,-1,贵州平安驾驶培训学校,-1,2011/4/28 0:00,宗申牌,飞度,356164000000000000 ,366067000000000000 ,197112,199110,13,5,5,工作日,非高峰,2015-05-09,2015年5月9日,阵雨 /阵雨,23℃ / 16℃,东北风 ≤3级 /东南风 ≤3级,阵雨,阵雨,23,16,东北风,≤3级,东南风,≤3级,day
2015-05-09 15:30:00,兴隆花园,3、倒车的,负全部责任,不负责任,1,贵JBS422,白色,1,贵AB390X,白色,-1,-1,-1,-1,钱江牌,福克斯牌,36454653721 ,364645000000 ,15369,835613,15,5,5,工作日,非高峰,2015-05-09,2015年5月9日,阵雨 /阵雨,23℃ / 16℃,东北风 ≤3级 /东南风 ≤3级,阵雨,阵雨,23,16,东北风,≤3级,东南风,≤3级,day
2015-05-09 14:15:00,金朱路,1、追尾的,负全部责任,不负责任,1,粤BF348Q,白,1,贵A38G87,黑,（观山湖区）蓝天驾驶培训有限公司,市交校,2005/4/11 0:00,2014/4/8 0:00,-1,大众汽车牌,364646000000000000 ,364548000000000000 ,197109,196511,14,5,5,工作日,非高峰,2015-05-09,2015年5月9日,阵雨 /阵雨,23℃ / 16℃,东北风 ≤3级 /东南风 ≤3级,阵雨,阵雨,23,16,东北风,≤3级,东南风,≤3级,day
2015-05-09 14:00:00,二戈寨,1、追尾的,负全部责任,不负责任,1,贵CGC293,白色,1,桂A4472R,白色,顺一驾驶培训学校,铁二局驾校,2013/11/20 0:00,2010/12/15 0:00,-1,-1,357967000000000000 ,355464000000000000 ,198710,198002,14,5,5,工作日,非高峰,2015-05-09,2015年5月9日,阵雨 /阵雨,23℃ / 16℃,东北风 ≤3级 /东南风 ≤3级,阵雨,阵雨,23,16,东北风,≤3级,东南风,≤3级,day
2015-05-09 16:12:00,飞山街,8、依法应负全责的其他情形,负全部责任,不负责任,1,贵A12G57,红,1,贵A65K53,黄,自培,-1,2012/4/11 0:00,-1,大众牌,翼虎牌,364548000000000000 ,36455700000000 ,197809,197832,16,5,5,工作日,非高峰,2015-05-09,2015年5月9日,阵雨 /阵雨,23℃ / 16℃,东北风 ≤3级 /东南风 ≤3级,阵雨,阵雨,23,16,东北风,≤3级,东南风,≤3级,day
2015-05-09 17:09:00,黔灵山路,8、依法应负全责的其他情形,负全部责任,不负责任,1,贵AGH109,白,1,渝CGF943,黑,-1,520134,-1,2007/11/29 0:00,福田牌,-1,366061000000000000 ,354677000000000000 ,197103,197202,17,5,5,工作日,晚高峰(17-19点),2015-05-09,2015年5月9日,阵雨 /阵雨,23℃ / 16℃,东北风 ≤3级 /东南风 ≤3级,阵雨,阵雨,23,16,东北风,≤3级,东南风,≤3级,day
2015-05-09 17:11:00,三桥,1、追尾的,负全部责任,不负责任,1,贵A98R93,黑,1,贵BZ5474,黑,-1,-1,-1,-1,别克牌,-1,366064000000000000 ,356761000000000000 ,197502,197209,17,5,5,工作日,晚高峰(17-19点),2015-05-09,2015年5月9日,阵雨 /阵雨,23℃ / 16℃,东北风 ≤3级 /东南风 ≤3级,阵雨,阵雨,23,16,东北风,≤3级,东南风,≤3级,day
2015-05-09 13:00:00,贵遵路,1、追尾的,负全部责任,不负责任,1,贵A89938,蓝,1,贵ALN451,蓝,自培,-1,2003/5/31 0:00,-1,精通天马,东风雪铁龙牌,366046000000000000 ,36454700000000000 ,197112,195708,13,5,5,工作日,非高峰,2015-05-09,2015年5月9日,阵雨 /阵雨,23℃ / 16℃,东北风 ≤3级 /东南风 ≤3级,阵雨,阵雨,23,16,东北风,≤3级,东南风,≤3级,day
2015-05-09 16:30:00,大凹,8、依法应负全责的其他情形,负全部责任,不负责任,1,贵A7Q576,白,1,贵GY3075,白,自培,-1,2010/7/7 0:00,-1,-1,-1,355266000000000000 ,355247000000000000 ,198802,199503,16,5,5,工作日,非高峰,2015-05-09,2015年5月9日,阵雨 /阵雨,23℃ / 16℃,东北风 ≤3级 /东南风 ≤3级,阵雨,阵雨,23,16,东北风,≤3级,东南风,≤3级,day
2015-05-09 15:15:00,新添寨,7、未按规定让行的 ,负全部责任,不负责任,1,贵AEL751,白,1,贵AV0759,蓝,-1,十一培,-1,1996/8/28 0:00,风神牌,北京现代牌,364545000000 ,36454651894743393X,388660,197803,15,5,5,工作日,非高峰,2015-05-09,2015年5月9日,阵雨 /阵雨,23℃ / 16℃,东北风 ≤3级 /东南风 ≤3级,阵雨,阵雨,23,16,东北风,≤3级,东南风,≤3级,day
2015-05-09 14:50:00,中华北路,3、倒车的,负全部责任,不负责任,1,贵A48X29,红,1,贵A89L59,白,自培,十一培,2001/5/28 0:00,1995/12/18 0:00,高尔夫牌,奥迪牌,364556000000000000 ,364547000000000000 ,196211,197411,14,5,5,工作日,非高峰,2015-05-09,2015年5月9日,阵雨 /阵雨,23℃ / 16℃,东北风 ≤3级 /东南风 ≤3级,阵雨,阵雨,23,16,东北风,≤3级,东南风,≤3级,day
2015-05-09 13:20:00,花溪大道,7、未按规定让行的 ,负全部责任,不负责任,1,贵A5644A,白色,1,贵AKQ344,白色,自培,十一培,2009/12/17 0:00,1995/8/7 0:00,-1,奥迪牌,364557000000000000 ,364547000000000000 ,195910,197504,13,5,5,工作日,非高峰,2015-05-09,2015年5月9日,阵雨 /阵雨,23℃ / 16℃,东北风 ≤3级 /东南风 ≤3级,阵雨,阵雨,23,16,东北风,≤3级,东南风,≤3级,day
2015-05-09 13:06:00,花溪大道,1、追尾的,负全部责任,不负责任,1,贵A394E1,白,1,贵ASN296,红,（乌当区）全林驾驶培训有限公司,自培,2007/1/27 0:00,2004/3/27 0:00,解放牌,奥迪牌,366368000000000000 ,366347000000000000 ,197702,196912,13,5,5,工作日,非高峰,2015-05-09,2015年5月9日,阵雨 /阵雨,23℃ / 16℃,东北风 ≤3级 /东南风 ≤3级,阵雨,阵雨,23,16,东北风,≤3级,东南风,≤3级,day
2015-05-09 11:30:00,白金大道,7、未按规定让行的 ,负同等责任,不负责任,1,贵A740G1,蓝,1,贵AJN866,黑,-1,自培,-1,2003/8/20 0:00,炎龙牌,豪情牌,364544000000 ,36636051964246565X,608503,198206,11,5,5,工作日,非高峰,2015-05-09,2015年5月9日,阵雨 /阵雨,23℃ / 16℃,东北风 ≤3级 /东南风 ≤3级,阵雨,阵雨,23,16,东北风,≤3级,东南风,≤3级,day
2015-05-09 13:00:00,小河,1、追尾的,负全部责任,不负责任,1,贵AU8988,白色,1,贵A8BN21,白色,自培,自培,2004/10/19 0:00,2005/12/8 0:00,瑞麒牌,雪佛兰牌,366361000000000000 ,364547000000000000 ,196607,197808,13,5,5,工作日,非高峰,2015-05-09,2015年5月9日,阵雨 /阵雨,23℃ / 16℃,东北风 ≤3级 /东南风 ≤3级,阵雨,阵雨,23,16,东北风,≤3级,东南风,≤3级,day
2015-05-09 11:30:00,北京路,1、追尾的,负全部责任,不负责任,1,贵AVL921,黑,1,贵A63M31,白,自培,自培,2001/2/12 0:00,2010/5/24 0:00,奥迪牌,福特锐界,366577000000000000 ,364648000000000000 ,197404,198705,11,5,5,工作日,非高峰,2015-05-09,2015年5月9日,阵雨 /阵雨,23℃ / 16℃,东北风 ≤3级 /东南风 ≤3级,阵雨,阵雨,23,16,东北风,≤3级,东南风,≤3级,day
2015-05-09 11:50:00,次南门,7、未按规定让行的 ,负全部责任,不负责任,1,贵APX992,白色,1,贵A94P87,白色,自培,自培,2014/10/20 0:00,2006/5/17 0:00,江淮牌,奥迪牌,366864000000000000 ,366846000000000000 ,197407,197106,11,5,5,工作日,非高峰,2015-05-09,2015年5月9日,阵雨 /阵雨,23℃ / 16℃,东北风 ≤3级 /东南风 ≤3级,阵雨,阵雨,23,16,东北风,≤3级,东南风,≤3级,day
2015-05-09 18:00:00,西二环,1、追尾的,负全部责任,不负责任,1,湘A2207F,白色,1,贵A559E2,白色,-1,黔丰驾校,-1,2014/6/24 0:00,-1,福迪牌,74863500000000000 ,354366000000000000 ,198602,199307,18,5,5,工作日,晚高峰(17-19点),2015-05-09,2015年5月9日,阵雨 /阵雨,23℃ / 16℃,东北风 ≤3级 /东南风 ≤3级,阵雨,阵雨,23,16,东北风,≤3级,东南风,≤3级,day
2015-05-09 18:40:00,金源街,3、倒车的,负全部责任,不负责任,1,贵GC8246,蓝,1,贵ANK725,黄,-1,文通驾校,-1,2011/6/23 0:00,-1,朗逸牌,36606500000000000 ,366064000000000000 ,973101,198301,18,5,5,工作日,晚高峰(17-19点),2015-05-09,2015年5月9日,阵雨 /阵雨,23℃ / 16℃,东北风 ≤3级 /东南风 ≤3级,阵雨,阵雨,23,16,东北风,≤3级,东南风,≤3级,day
2015-05-09 18:27:00,新添大道,1、追尾的,负全部责任,不负责任,1,贵ADR291,红,1,贵AC457R,蓝,自培,预约考试窗口,1998/6/15 0:00,2007/6/25 0:00,吉利美日牌,长安牌,366361000000000000 ,364557000000000000 ,196905,198610,18,5,5,工作日,晚高峰(17-19点),2015-05-09,2015年5月9日,阵雨 /阵雨,23℃ / 16℃,东北风 ≤3级 /东南风 ≤3级,阵雨,阵雨,23,16,东北风,≤3级,东南风,≤3级,day
2015-05-09 17:50:00,黔灵山路,7、未按规定让行的 ,负同等责任,不负责任,1,贵A82679,蓝,0,贵JDE915,红,自培,自培,-1,2013/7/23 0:00,精通天马,-1,366861000000000000 ,36454651894168566X,198503,197809,17,5,5,工作日,晚高峰(17-19点),2015-05-09,2015年5月9日,阵雨 /阵雨,23℃ / 16℃,东北风 ≤3级 /东南风 ≤3级,阵雨,阵雨,23,16,东北风,≤3级,东南风,≤3级,day
2015-05-09 17:00:00,油榨街,3、倒车的,负全部责任,不负责任,1,粤SLU285,白色,1,贵AA7551,白色,-1,吉源驾校,-1,2014/11/19 0:00,捷达牌,港田,366766000000000000 ,366068000000000000 ,199106,197910,17,5,5,工作日,晚高峰(17-19点),2015-05-09,2015年5月9日,阵雨 /阵雨,23℃ / 16℃,东北风 ≤3级 /东南风 ≤3级,阵雨,阵雨,23,16,东北风,≤3级,东南风,≤3级,day
2015-05-09 18:00:00,观山湖区,2、逆行的,负全部责任,不负责任,1,贵AMH185,红,1,贵A4530V,白,万里圣驾校（清镇市）,-1,2015/3/18 0:00,-1,长安牌,捷达,74065500000000000 ,74367500000000000 ,198609,199511,18,5,5,工作日,晚高峰(17-19点),2015-05-09,2015年5月9日,阵雨 /阵雨,23℃ / 16℃,东北风 ≤3级 /东南风 ≤3级,阵雨,阵雨,23,16,东北风,≤3级,东南风,≤3级,day
2015-05-09 18:25:00,三桥,1、追尾的,负全部责任,不负责任,1,闽C6A946,黑,1,贵A146E8,红,顺风驾校,消防驾校,2015/2/2 0:00,2013/7/12 0:00,-1,长安牌,366046000000000000 ,366367000000000000 ,199006,197704,18,5,5,工作日,晚高峰(17-19点),2015-05-09,2015年5月9日,阵雨 /阵雨,23℃ / 16℃,东北风 ≤3级 /东南风 ≤3级,阵雨,阵雨,23,16,东北风,≤3级,东南风,≤3级,day
2015-05-09 17:00:00,花溪,9、不符合前8款规定或者双方同时具有上述情形的,负同等责任,负同等责任,1,贵A30163,白色,1,贵A49N41,白色,无,-1,2004/6/24 0:00,-1,东风牌,雪佛兰牌,366862000000000000 ,364544000000 ,198005,404367,17,5,5,工作日,晚高峰(17-19点),2015-05-09,2015年5月9日,阵雨 /阵雨,23℃ / 16℃,东北风 ≤3级 /东南风 ≤3级,阵雨,阵雨,23,16,东北风,≤3级,东南风,≤3级,day
2015-05-09 21:00:00,浣纱路,7、未按规定让行的 ,负全部责任,不负责任,1,贵A74L91,白色,1,贵GY1875,白色,（乌当区）新天驾驶培训有限公司,诚信驾驶培训学校,2005/11/7 0:00,2011/10/10 0:00,福特牌,-1,364548000000000000 ,36606951984853445X,198407,198707,21,5,5,工作日,非高峰,2015-05-09,2015年5月9日,阵雨 /阵雨,23℃ / 16℃,东北风 ≤3级 /东南风 ≤3级,阵雨,阵雨,23,16,东北风,≤3级,东南风,≤3级,night
2015-05-09 20:00:00,甲秀南路,1、追尾的,负全部责任,不负责任,1,贵A3531R,白色,1,贵A0890F,白色,（花溪区）金马驾驶培训有限公司,景宏驾校（白云区）,2006/8/14 0:00,2015/3/13 0:00,东风牌,别克牌,364556000000000000 ,36455551884943606X,197605,197708,20,5,5,工作日,非高峰,2015-05-09,2015年5月9日,阵雨 /阵雨,23℃ / 16℃,东北风 ≤3级 /东南风 ≤3级,阵雨,阵雨,23,16,东北风,≤3级,东南风,≤3级,night