accidenttime,accidentaddr,driver1fault,driver1responsibility,driver2responsibility,sex1,platenumber1,carcolor1,sex2,platenumber2,carcolor2,jxmc1,jxmc2,cclzrq1,cclzrq2,clpp1,clpp2,driver1license,driver2license,brith1,brith2,hour,weekday,month,is_weekday,peak_hour,date,日期,天气状况,气温,风力风向,day_wea,night_wea,day_tep,night_tep,day_wind_direction,day_wind_speed,night_wind_direction,night_wind_speed,segment
2015-05-09 22:20:00,肉联厂,9、不符合前8款规定或者双方同时具有上述情形的,负同等责任,不负责任,1,贵A6PO59,白,1,贵AU9611,黑,（乌当区）全林驾驶培训有限公司,（乌当区）全林驾驶培训有限公司,2009/4/9 0:00,-1,-1,瑞麒牌,36656551824763526X,36686200000000000 ,197603,198020,22,5,5,工作日,非高峰,2015-05-09,2015年5月9日,阵雨 /阵雨,23℃ / 16℃,东北风 ≤3级 /东南风 ≤3级,阵雨,阵雨,23,16,东北风,≤3级,东南风,≤3级,night
2015-05-09 17:00:00,观山东路,1、追尾的,负全部责任,不负责任,1,贵AAM032,红,1,贵CNH194,白,自培,-1,2009/12/3 0:00,-1,飞鹰牌,-1,355464000000000000 ,366563000000000000 ,199012,198908,17,5,5,工作日,晚高峰(17-19点),2015-05-09,2015年5月9日,阵雨 /阵雨,23℃ / 16℃,东北风 ≤3级 /东南风 ≤3级,阵雨,阵雨,23,16,东北风,≤3级,东南风,≤3级,day
2015-05-09 17:30:00,青云路,8、依法应负全责的其他情形,负全部责任,不负责任,1,贵AT0206,蓝,1,贵ATW642,白,自培,十一培,2012/3/19 0:00,1996/6/5 0:00,力帆牌,比亚迪牌,357361000000000000 ,364548000000000000 ,196802,196602,17,5,5,工作日,晚高峰(17-19点),2015-05-09,2015年5月9日,阵雨 /阵雨,23℃ / 16℃,东北风 ≤3级 /东南风 ≤3级,阵雨,阵雨,23,16,东北风,≤3级,东南风,≤3级,day
2015-05-09 21:30:00,贵开路,8、依法应负全责的其他情形,负全部责任,不负责任,1,贵G73319,黄,1,贵A25P99,蓝,（南明区）金大驾驶培训有限公司,十一培,2007/11/23 0:00,1996/9/2 0:00,-1,吉利牌,366064000000000000 ,364558000000000000 ,197808,196510,21,5,5,工作日,非高峰,2015-05-09,2015年5月9日,阵雨 /阵雨,23℃ / 16℃,东北风 ≤3级 /东南风 ≤3级,阵雨,阵雨,23,16,东北风,≤3级,东南风,≤3级,night
2015-05-09 18:00:00,恒大绿洲,8、依法应负全责的其他情形,负全部责任,不负责任,1,川C29475,黑,0,贵ANL338,红,自培,十一培,2001/9/20 0:00,1997/4/18 0:00,-1,马自达牌,355547000000000000 ,364548000000000000 ,197003,195710,18,5,5,工作日,晚高峰(17-19点),2015-05-09,2015年5月9日,阵雨 /阵雨,23℃ / 16℃,东北风 ≤3级 /东南风 ≤3级,阵雨,阵雨,23,16,东北风,≤3级,东南风,≤3级,day
2015-05-09 19:06:00,云环路,9、不符合前8款规定或者双方同时具有上述情形的,负同等责任,不负责任,1,渝A11V43,红,1,贵A08099,蓝,-1,自培,-1,2004/3/30 0:00,东风日产牌,豪泺牌,364546000000 ,364557000000000000 ,44642,197803,19,5,5,工作日,晚高峰(17-19点),2015-05-09,2015年5月9日,阵雨 /阵雨,23℃ / 16℃,东北风 ≤3级 /东南风 ≤3级,阵雨,阵雨,23,16,东北风,≤3级,东南风,≤3级,day
2015-05-09 18:40:00,云环路,7、未按规定让行的 ,负全部责任,不负责任,1,贵AC089C,蓝,1,贵A98333,蓝,天行健驾校（修文县）,自培,2015/3/16 0:00,2002/8/30 0:00,凌派牌,三铃,364558000000000000 ,364558000000000000 ,198702,197004,18,5,5,工作日,晚高峰(17-19点),2015-05-09,2015年5月9日,阵雨 /阵雨,23℃ / 16℃,东北风 ≤3级 /东南风 ≤3级,阵雨,阵雨,23,16,东北风,≤3级,东南风,≤3级,day
2015-05-09 17:00:00,中华中路,7、未按规定让行的 ,负全部责任,不负责任,1,贵AKE977,白色,1,贵AU6163,白色,（南明区）阳光驾驶培训有限公司,自培,2005/2/5 0:00,2000/3/15 0:00,起亚牌,宇通牌,364558000000000000 ,366368000000000000 ,197006,197405,17,5,5,工作日,晚高峰(17-19点),2015-05-09,2015年5月9日,阵雨 /阵雨,23℃ / 16℃,东北风 ≤3级 /东南风 ≤3级,阵雨,阵雨,23,16,东北风,≤3级,东南风,≤3级,day
2015-05-09 16:40:00,云岩区,1、追尾的,负全部责任,不负责任,1,贵AAQ852,红,1,贵AU1854,黄,自培,自培,2001/4/29 0:00,2001/5/14 0:00,北京现代牌,瑞麒牌,726368000000000000 ,364558000000000000 ,197109,198101,16,5,5,工作日,非高峰,2015-05-09,2015年5月9日,阵雨 /阵雨,23℃ / 16℃,东北风 ≤3级 /东南风 ≤3级,阵雨,阵雨,23,16,东北风,≤3级,东南风,≤3级,day
2015-05-09 17:30:00,体育路,8、依法应负全责的其他情形,负全部责任,不负责任,1,闽AJT564,白色,1,贵AGG623,白色,自培,自培,2013/5/13 0:00,2005/4/14 0:00,-1,五菱牌,734597000000000000 ,366067000000000000 ,199305,196401,17,5,5,工作日,晚高峰(17-19点),2015-05-09,2015年5月9日,阵雨 /阵雨,23℃ / 16℃,东北风 ≤3级 /东南风 ≤3级,阵雨,阵雨,23,16,东北风,≤3级,东南风,≤3级,day
2015-05-10 06:30:00,贵开路,1、追尾的,负全部责任,不负责任,1,川REL295,白,1,贵A1B24警,白,铁二局驾校,自培,2014/1/3 0:00,2009/11/30 0:00,-1,-1,355741000000000000 ,266963000000000000 ,198403,198706,6,6,5,周末,非高峰,2015-05-10,2015年5月10日,阵雨 /雷阵雨,25℃ / 14℃,南风 ≤3级 /南风 ≤3级,阵雨,雷阵雨,25,14,南风,≤3级,南风,≤3级,day
2015-05-09 20:21:00,大营坡,7、未按规定让行的 ,负全部责任,不负责任,1,贵AKL979,蓝,0,贵GG57068,白,自培,520124,2010/10/29 0:00,2009/9/15 0:00,吉利牌,-1,366267000000000000 ,36455551154068446X,198005,199104,20,5,5,工作日,非高峰,2015-05-09,2015年5月9日,阵雨 /阵雨,23℃ / 16℃,东北风 ≤3级 /东南风 ≤3级,阵雨,阵雨,23,16,东北风,≤3级,东南风,≤3级,night
2015-05-09 21:05:00,小关,1、追尾的,负全部责任,不负责任,1,贵A7Q757,黑,0,贵AD4554,白,顺一驾驶培训学校,-1,2011/8/29 0:00,-1,-1,宝马,364647000000000000 ,364547000000000000 ,198808,196709,21,5,5,工作日,非高峰,2015-05-09,2015年5月9日,阵雨 /阵雨,23℃ / 16℃,东北风 ≤3级 /东南风 ≤3级,阵雨,阵雨,23,16,东北风,≤3级,东南风,≤3级,night
2015-05-10 04:20:00,省建四公司,1、追尾的,负全部责任,不负责任,1,贵HCP633,白色,1,贵AH8088,白色,市交校,铁二局驾校,2012/6/27 0:00,2012/1/12 0:00,-1,奇瑞牌,366861000000000000 ,366063000000000000 ,199010,199103,4,6,5,周末,非高峰,2015-05-10,2015年5月10日,阵雨 /雷阵雨,25℃ / 14℃,南风 ≤3级 /南风 ≤3级,阵雨,雷阵雨,25,14,南风,≤3级,南风,≤3级,night
2015-05-10 02:50:00,金华牧场,1、追尾的,负全部责任,不负责任,1,贵A21S38,红,1,贵AC440V,白,（花溪区）金马驾驶培训有限公司,凯信驾校,2007/10/31 0:00,2014/9/4 0:00,雪佛兰牌,五菱牌,366576000000000000 ,364557000000000000 ,197505,199106,2,6,5,周末,非高峰,2015-05-10,2015年5月10日,阵雨 /雷阵雨,25℃ / 14℃,南风 ≤3级 /南风 ≤3级,阵雨,雷阵雨,25,14,南风,≤3级,南风,≤3级,night
2015-05-10 08:11:00,北京西路,8、依法应负全责的其他情形,负全部责任,不负责任,1,贵ASZ968,红,1,贵AAS186,红,-1,-1,-1,-1,雪佛兰牌,别克牌,366645000000 ,364547000000 ,350894,351520,8,6,5,周末,早高峰(7-9点),2015-05-10,2015年5月10日,阵雨 /雷阵雨,25℃ / 14℃,南风 ≤3级 /南风 ≤3级,阵雨,雷阵雨,25,14,南风,≤3级,南风,≤3级,day
2015-05-10 10:30:00,皂角井,7、未按规定让行的 ,负全部责任,不负责任,1,贵JV3216,白色,1,贵AHN555,白色,时发驾校,新天驾校,2012/11/10 0:00,2012/8/2 0:00,-1,广汽菲亚特牌,354366000000000000 ,366767000000000000 ,198302,198605,10,6,5,周末,非高峰,2015-05-10,2015年5月10日,阵雨 /雷阵雨,25℃ / 14℃,南风 ≤3级 /南风 ≤3级,阵雨,雷阵雨,25,14,南风,≤3级,南风,≤3级,day
2015-05-10 09:30:00,八公里,1、追尾的,负全部责任,不负责任,1,贵GQ5821,白色,1,贵GV5686,白色,顺一驾驶培训学校,-1,2012/3/6 0:00,-1,-1,-1,364556000000000000 ,364556000000000000 ,198912,199122,9,6,5,周末,早高峰(7-9点),2015-05-10,2015年5月10日,阵雨 /雷阵雨,25℃ / 14℃,南风 ≤3级 /南风 ≤3级,阵雨,雷阵雨,25,14,南风,≤3级,南风,≤3级,day
2015-05-10 10:00:00,磊庄,7、未按规定让行的 ,负全部责任,不负责任,1,贵CN1383,白色,1,贵A6137F,白色,全林驾校,省交校,2014/11/25 0:00,2010/10/15 0:00,-1,-1,36657651905459725X,366663000000000000 ,198410,199006,10,6,5,周末,非高峰,2015-05-10,2015年5月10日,阵雨 /雷阵雨,25℃ / 14℃,南风 ≤3级 /南风 ≤3级,阵雨,雷阵雨,25,14,南风,≤3级,南风,≤3级,day
2015-05-10 10:30:00,宝山南路,7、未按规定让行的 ,负全部责任,不负责任,1,贵A77V57,红,0,贵A81Z88,蓝,自培,自培,1998/12/30 0:00,2002/4/12 0:00,宝马,思威牌,364547000000000000 ,364548000000000000 ,197612,196212,10,6,5,周末,非高峰,2015-05-10,2015年5月10日,阵雨 /雷阵雨,25℃ / 14℃,南风 ≤3级 /南风 ≤3级,阵雨,雷阵雨,25,14,南风,≤3级,南风,≤3级,day
2015-05-10 10:25:00,学士路,3、倒车的,负全部责任,不负责任,1,贵A4833V,黑色,1,贵A68P15,白色,阳光驾校,铁二局驾校,2012/10/18 0:00,2011/5/26 0:00,-1,梅赛德斯-奔驰牌,364556000000000000 ,364556000000000000 ,198505,198112,10,6,5,周末,非高峰,2015-05-10,2015年5月10日,阵雨 /雷阵雨,25℃ / 14℃,南风 ≤3级 /南风 ≤3级,阵雨,雷阵雨,25,14,南风,≤3级,南风,≤3级,day
2015-05-10 10:00:00,西二环,7、未按规定让行的 ,负全部责任,不负责任,1,贵AM5481,白色,1,渝C12M65,白色,铁二局驾校,-1,2009/12/31 0:00,-1,先锋牌,大众牌,366347000000000000 ,366046000000000000 ,197205,198603,10,6,5,周末,非高峰,2015-05-10,2015年5月10日,阵雨 /雷阵雨,25℃ / 14℃,南风 ≤3级 /南风 ≤3级,阵雨,雷阵雨,25,14,南风,≤3级,南风,≤3级,day
2015-05-10 10:30:00,延安西路,7、未按规定让行的 ,负全部责任,不负责任,1,贵AL0071,红,1,贵B464FK,黑,自培,全林驾校,2006/3/28 0:00,2012/9/25 0:00,本田牌,-1,366366000000000000 ,364567000000000000 ,196908,199105,10,6,5,周末,非高峰,2015-05-10,2015年5月10日,阵雨 /雷阵雨,25℃ / 14℃,南风 ≤3级 /南风 ≤3级,阵雨,雷阵雨,25,14,南风,≤3级,南风,≤3级,day
2015-05-10 01:50:00,长岭南路,7、未按规定让行的 ,负全部责任,不负责任,1,贵JX1623,黄,1,贵AU0949,黄,自培,-1,2003/10/21 0:00,-1,-1,银钢牌,366861000000000000 ,364558000000000000 ,198107,147511,1,6,5,周末,非高峰,2015-05-10,2015年5月10日,阵雨 /雷阵雨,25℃ / 14℃,南风 ≤3级 /南风 ≤3级,阵雨,雷阵雨,25,14,南风,≤3级,南风,≤3级,night
2015-05-09 21:10:00,八角岩,7、未按规定让行的 ,负全部责任,不负责任,1,贵A95F81,蓝,1,贵AU7502,黄,自培,十一培,2002/10/21 0:00,1993/5/16 0:00,长安牌,捷达牌,366861000000000000 ,364548000000000000 ,196708,197406,21,5,5,工作日,非高峰,2015-05-09,2015年5月9日,阵雨 /阵雨,23℃ / 16℃,东北风 ≤3级 /东南风 ≤3级,阵雨,阵雨,23,16,东北风,≤3级,东南风,≤3级,night
2015-05-09 21:30:00,世纪城,3、倒车的,负全部责任,不负责任,1,贵A58A84,黑,1,贵AXG216,白,（乌当区）平安驾驶培训有限公司,自培,2006/12/25 0:00,2004/5/11 0:00,丰田牌,-1,364547000000000000 ,364548000000000000 ,197410,197111,21,5,5,工作日,非高峰,2015-05-09,2015年5月9日,阵雨 /阵雨,23℃ / 16℃,东北风 ≤3级 /东南风 ≤3级,阵雨,阵雨,23,16,东北风,≤3级,东南风,≤3级,night
2015-05-10 09:00:00,朝阳洞路,7、未按规定让行的 ,负全部责任,不负责任,1,贵JAQ578,白色,1,贵ACN598,白色,（乌当区）新天驾驶培训有限公司,自培,2005/4/26 0:00,2004/12/9 0:00,-1,长安牌,364547000000000000 ,364548000000000000 ,198302,197712,9,6,5,周末,早高峰(7-9点),2015-05-10,2015年5月10日,阵雨 /雷阵雨,25℃ / 14℃,南风 ≤3级 /南风 ≤3级,阵雨,雷阵雨,25,14,南风,≤3级,南风,≤3级,day
2015-05-10 10:20:00,二桥,7、未按规定让行的 ,负全部责任,不负责任,1,贵AV3429,红,1,贵AN1118,蓝,-1,自培,-1,2011/10/24 0:00,金捷牌,思域牌,364556000000000000 ,366664000000000000 ,196909,199211,10,6,5,周末,非高峰,2015-05-10,2015年5月10日,阵雨 /雷阵雨,25℃ / 14℃,南风 ≤3级 /南风 ≤3级,阵雨,雷阵雨,25,14,南风,≤3级,南风,≤3级,day
2015-05-10 03:10:00,清水江路,1、追尾的,负全部责任,不负责任,1,闽J1127J,白色,1,贵A78P24,白色,自培,自培,2006/6/26 0:00,2006/6/15 0:00,-1,东风标致牌,736669000000000000 ,364547000000000000 ,198309,197406,3,6,5,周末,非高峰,2015-05-10,2015年5月10日,阵雨 /雷阵雨,25℃ / 14℃,南风 ≤3级 /南风 ≤3级,阵雨,雷阵雨,25,14,南风,≤3级,南风,≤3级,night
2015-05-10 11:22:00,云环路,7、未按规定让行的 ,负全部责任,不负责任,1,豫P82680,黄,1,贵AC202U,蓝,-1,景宏驾校（白云区）,-1,2015/4/10 0:00,-1,东风雪铁龙牌,56161500000000000 ,366067000000000000 ,196311,199505,11,6,5,周末,非高峰,2015-05-10,2015年5月10日,阵雨 /雷阵雨,25℃ / 14℃,南风 ≤3级 /南风 ≤3级,阵雨,雷阵雨,25,14,南风,≤3级,南风,≤3级,day
2015-05-10 12:00:00,小河,8、依法应负全责的其他情形,负全部责任,不负责任,1,贵A6927Y,白色,1,贵A93K95,白色,-1,-1,-1,-1,-1,锋范牌,364547000000 ,364547000000 ,149807,150147,12,6,5,周末,非高峰,2015-05-10,2015年5月10日,阵雨 /雷阵雨,25℃ / 14℃,南风 ≤3级 /南风 ≤3级,阵雨,雷阵雨,25,14,南风,≤3级,南风,≤3级,day
2015-05-10 12:30:00,诚信南路,7、未按规定让行的 ,负全部责任,不负责任,1,贵A470D1,白,1,贵AC422X,蓝,-1,路路达驾校,-1,2014/10/11 0:00,江淮牌,马自达,734964000000000000 ,366675000000000000 ,198501,198308,12,6,5,周末,非高峰,2015-05-10,2015年5月10日,阵雨 /雷阵雨,25℃ / 14℃,南风 ≤3级 /南风 ≤3级,阵雨,雷阵雨,25,14,南风,≤3级,南风,≤3级,day
2015-05-10 13:00:00,省建四公司,7、未按规定让行的 ,负全部责任,不负责任,1,津QZ8341,白色,1,贵AV9249,白色,-1,市警校驾校,-1,2011/2/28 0:00,-1,思域牌,66645500000000000 ,736675000000000000 ,198908,199101,13,6,5,周末,非高峰,2015-05-10,2015年5月10日,阵雨 /雷阵雨,25℃ / 14℃,南风 ≤3级 /南风 ≤3级,阵雨,雷阵雨,25,14,南风,≤3级,南风,≤3级,day
2015-05-10 11:00:00,开发大道,1、追尾的,负全部责任,不负责任,1,贵CBB440,白色,1,贵CDQ028,白色,顺一驾驶培训学校,-1,2011/1/5 0:00,-1,-1,-1,36654551935565723X,366546000000000000 ,198511,195803,11,6,5,周末,非高峰,2015-05-10,2015年5月10日,阵雨 /雷阵雨,25℃ / 14℃,南风 ≤3级 /南风 ≤3级,阵雨,雷阵雨,25,14,南风,≤3级,南风,≤3级,day
2015-05-10 12:05:00,西二环,8、依法应负全责的其他情形,负全部责任,不负责任,1,川X4721A,红,1,贵AHR898,黑,-1,顺一驾驶培训学校,-1,2005/1/28 0:00,-1,捷豹XJ,356170000000000000 ,355368000000000000 ,197008,198511,12,6,5,周末,非高峰,2015-05-10,2015年5月10日,阵雨 /雷阵雨,25℃ / 14℃,南风 ≤3级 /南风 ≤3级,阵雨,雷阵雨,25,14,南风,≤3级,南风,≤3级,day
2015-05-10 12:00:00,小河转盘,7、未按规定让行的 ,负全部责任,不负责任,1,贵A44247,白色,1,贵FP9631,白色,吉源驾校,蓝天驾校,2014/7/30 0:00,2013/6/6 0:00,桑塔纳,-1,366669000000000000 ,366068000000000000 ,198209,197310,12,6,5,周末,非高峰,2015-05-10,2015年5月10日,阵雨 /雷阵雨,25℃ / 14℃,南风 ≤3级 /南风 ≤3级,阵雨,雷阵雨,25,14,南风,≤3级,南风,≤3级,day
2015-05-10 12:14:00,金苏大道,7、未按规定让行的 ,负全部责任,不负责任,1,贵A42Z88,黑,1,贵A9H562,白,（南明区）铁二局驾驶培训有限公司,黔南州兴鑫驾驶员培训学校,2007/3/13 0:00,-1,大众汽车牌,-1,364547000000000000 ,36686651814952433X,198610,197908,12,6,5,周末,非高峰,2015-05-10,2015年5月10日,阵雨 /雷阵雨,25℃ / 14℃,南风 ≤3级 /南风 ≤3级,阵雨,雷阵雨,25,14,南风,≤3级,南风,≤3级,day
2015-05-10 13:11:00,万科,7、未按规定让行的 ,负全部责任,不负责任,1,贵A33P13,白色,1,贵AA8817,白色,蓝天驾校,黔南州173驾驶学校,2010/7/16 0:00,-1,奥迪,解放牌,786369000000000000 ,366864000000000000 ,198111,198510,13,6,5,周末,非高峰,2015-05-10,2015年5月10日,阵雨 /雷阵雨,25℃ / 14℃,南风 ≤3级 /南风 ≤3级,阵雨,雷阵雨,25,14,南风,≤3级,南风,≤3级,day
2015-05-10 13:30:00,金阳客运站,3、倒车的,负全部责任,不负责任,1,冀G2F425,黑,1,贵FL2708,白,-1,青正驾校,-1,2013/11/14 0:00,-1,-1,57486551294154745X,366067000000000000 ,196809,198603,13,6,5,周末,非高峰,2015-05-10,2015年5月10日,阵雨 /雷阵雨,25℃ / 14℃,南风 ≤3级 /南风 ≤3级,阵雨,雷阵雨,25,14,南风,≤3级,南风,≤3级,day
2015-05-10 13:50:00,后坝,7、未按规定让行的 ,负全部责任,不负责任,1,贵A93V51,黄,1,贵HAH215,白,-1,蓝天驾校（观山湖区）,-1,2015/3/20 0:00,长城牌,-1,366064000000000000 ,366577000000000000 ,198102,198707,13,6,5,周末,非高峰,2015-05-10,2015年5月10日,阵雨 /雷阵雨,25℃ / 14℃,南风 ≤3级 /南风 ≤3级,阵雨,雷阵雨,25,14,南风,≤3级,南风,≤3级,day
2015-05-10 14:00:00,中天会展城,3、倒车的,负全部责任,不负责任,1,贵AV0914,红,1,贵ASG884,红,-1,文通驾校,-1,2012/3/21 0:00,钱江牌,奥德赛牌,374564000000000000 ,366369000000000000 ,198004,198511,14,6,5,周末,非高峰,2015-05-10,2015年5月10日,阵雨 /雷阵雨,25℃ / 14℃,南风 ≤3级 /南风 ≤3级,阵雨,雷阵雨,25,14,南风,≤3级,南风,≤3级,day
2015-05-10 14:00:00,望城坡,1、追尾的,负全部责任,不负责任,1,贵ANY913,白色,1,贵AV8334,白色,-1,-1,-1,1979/2/17 0:00,朗逸牌,三菱牌,726788000000000000 ,366368000000000000 ,197510,196309,14,6,5,周末,非高峰,2015-05-10,2015年5月10日,阵雨 /雷阵雨,25℃ / 14℃,南风 ≤3级 /南风 ≤3级,阵雨,雷阵雨,25,14,南风,≤3级,南风,≤3级,day
2015-05-10 14:15:00,黄河路,7、未按规定让行的 ,负全部责任,不负责任,1,贵A2BX47,白色,1,闽A471P9,白色,-1,-1,-1,-1,福克斯牌,-1,366269000000000000 ,734596000000000000 ,198807,198103,14,6,5,周末,非高峰,2015-05-10,2015年5月10日,阵雨 /雷阵雨,25℃ / 14℃,南风 ≤3级 /南风 ≤3级,阵雨,雷阵雨,25,14,南风,≤3级,南风,≤3级,day
2015-05-10 10:17:00,南垭路,7、未按规定让行的 ,负全部责任,不负责任,1,贵A7BP63,蓝,1,贵AU0948,黄,自培,自培,2004/4/21 0:00,2012/11/15 0:00,丰田牌,金翌牌,366846000000000000 ,36666651145568605X,197310,199011,10,6,5,周末,非高峰,2015-05-10,2015年5月10日,阵雨 /雷阵雨,25℃ / 14℃,南风 ≤3级 /南风 ≤3级,阵雨,雷阵雨,25,14,南风,≤3级,南风,≤3级,day
2015-05-10 10:30:00,蟠桃宫,7、未按规定让行的 ,负全部责任,不负责任,1,贵A74B31,蓝,1,贵A51K76,白,自培,长运驾校,2003/3/31 0:00,2013/12/5 0:00,别克牌,大众汽车牌,254548000000000000 ,366274000000000000 ,197404,196401,10,6,5,周末,非高峰,2015-05-10,2015年5月10日,阵雨 /雷阵雨,25℃ / 14℃,南风 ≤3级 /南风 ≤3级,阵雨,雷阵雨,25,14,南风,≤3级,南风,≤3级,day
2015-05-10 11:20:00,云环路,1、追尾的,负全部责任,不负责任,1,贵AHR338,红,1,苏NG0336,白,自培,高新驾校,2004/8/31 0:00,2013/8/6 0:00,丰田牌,-1,74246500000000000 ,354364000000000000 ,198603,197810,11,6,5,周末,非高峰,2015-05-10,2015年5月10日,阵雨 /雷阵雨,25℃ / 14℃,南风 ≤3级 /南风 ≤3级,阵雨,雷阵雨,25,14,南风,≤3级,南风,≤3级,day
2015-05-10 11:50:00,会展城,7、未按规定让行的 ,负全部责任,不负责任,1,贵HS1655,黑,1,皖HTY592,白,自培,贵州省长安驾驶培训学校,2004/2/29 0:00,2013/12/20 0:00,-1,-1,366367000000000000 ,706969000000000000 ,197409,197208,11,6,5,周末,非高峰,2015-05-10,2015年5月10日,阵雨 /雷阵雨,25℃ / 14℃,南风 ≤3级 /南风 ≤3级,阵雨,雷阵雨,25,14,南风,≤3级,南风,≤3级,day
2015-05-10 11:55:00,开发大道,1、追尾的,负全部责任,不负责任,1,贵CBB440,白色,1,贵AV1915,白色,顺一驾驶培训学校,十一培,2011/1/5 0:00,1997/4/17 0:00,-1,奥迪牌,36654551935565723X,364557000000000000 ,198511,197505,11,6,5,周末,非高峰,2015-05-10,2015年5月10日,阵雨 /雷阵雨,25℃ / 14℃,南风 ≤3级 /南风 ≤3级,阵雨,雷阵雨,25,14,南风,≤3级,南风,≤3级,day
2015-05-10 10:28:00,小石城,1、追尾的,负全部责任,不负责任,1,贵AU1787,白色,1,贵A4AS14,黑色,自培,自培,2011/5/26 0:00,2003/8/8 0:00,嘉陵牌,-1,366064000000000000 ,364548000000000000 ,198404,198101,10,6,5,周末,非高峰,2015-05-10,2015年5月10日,阵雨 /雷阵雨,25℃ / 14℃,南风 ≤3级 /南风 ≤3级,阵雨,雷阵雨,25,14,南风,≤3级,南风,≤3级,day
2015-05-10 14:00:00,甘荫塘,7、未按规定让行的 ,负全部责任,不负责任,1,贵F91101,白色,1,贵AMV708,白色,（观山湖区）诚信驾驶培训有限公司,-1,2008/12/26 0:00,-1,-1,吉利牌,366046000000000000 ,357475000000000000 ,198008,198205,14,6,5,周末,非高峰,2015-05-10,2015年5月10日,阵雨 /雷阵雨,25℃ / 14℃,南风 ≤3级 /南风 ≤3级,阵雨,雷阵雨,25,14,南风,≤3级,南风,≤3级,day
2015-05-10 14:00:00,小关湖,1、追尾的,负全部责任,不负责任,1,贵AP8778,白色,1,贵AAR958,白色,智杰驾校（修文县）,景宏驾校,2012/4/23 0:00,2011/4/26 0:00,望江牌,双狮牌,36456751984855095X,366367000000000000 ,198707,198404,14,6,5,周末,非高峰,2015-05-10,2015年5月10日,阵雨 /雷阵雨,25℃ / 14℃,南风 ≤3级 /南风 ≤3级,阵雨,雷阵雨,25,14,南风,≤3级,南风,≤3级,day
2015-05-10 15:40:00,小河转盘,1、追尾的,负全部责任,不负责任,1,贵A61G93,白色,1,贵JR4945,白色,长顺县誉达驾驶培训有限公司,520135,-1,-1,大众汽车牌,-1,366862000000000000 ,254768000000000000 ,199303,198312,15,6,5,周末,非高峰,2015-05-10,2015年5月10日,阵雨 /雷阵雨,25℃ / 14℃,南风 ≤3级 /南风 ≤3级,阵雨,雷阵雨,25,14,南风,≤3级,南风,≤3级,day
2015-05-10 17:45:00,黔灵山路,1、追尾的,负全部责任,不负责任,1,贵AA737T,白,1,川AN4766,红,十一驾驶培训有限公司,-1,2012/9/26 0:00,-1,福特牌,宗申牌,364567000000000000 ,764166000000000000 ,198909,197609,17,6,5,周末,晚高峰(17-19点),2015-05-10,2015年5月10日,阵雨 /雷阵雨,25℃ / 14℃,南风 ≤3级 /南风 ≤3级,阵雨,雷阵雨,25,14,南风,≤3级,南风,≤3级,day
2015-05-10 16:41:00,枣山路,7、未按规定让行的 ,负全部责任,不负责任,0,贵A1BN49,红,1,贵A7BK95,红,贵州省长安驾驶培训学校,智杰驾校,2011/10/27 0:00,2014/7/25 0:00,大众牌,吉利牌,364557000000000000 ,366068000000000000 ,199105,199008,16,6,5,周末,非高峰,2015-05-10,2015年5月10日,阵雨 /雷阵雨,25℃ / 14℃,南风 ≤3级 /南风 ≤3级,阵雨,雷阵雨,25,14,南风,≤3级,南风,≤3级,day
2015-05-10 17:37:00,新添大道,8、依法应负全责的其他情形,负全部责任,不负责任,0,贵AG6273,黑,1,贵AV3625,黑,六盘水黔龙驾驶培训有限公司,自培,-1,2001/3/20 0:00,力帆牌,大众汽车牌,36454651814668701X,774543000000000000 ,197902,197412,17,6,5,周末,晚高峰(17-19点),2015-05-10,2015年5月10日,阵雨 /雷阵雨,25℃ / 14℃,南风 ≤3级 /南风 ≤3级,阵雨,雷阵雨,25,14,南风,≤3级,南风,≤3级,day
2015-05-10 15:00:00,文昌南路,1、追尾的,负全部责任,不负责任,1,贵AAS555,黑,1,贵AU5896,蓝,十一培,阳光驾校,1985/11/7 0:00,2011/12/24 0:00,嘉隆牌,捷达牌,364548000000000000 ,36687551144743293X,194911,199003,15,6,5,周末,非高峰,2015-05-10,2015年5月10日,阵雨 /雷阵雨,25℃ / 14℃,南风 ≤3级 /南风 ≤3级,阵雨,雷阵雨,25,14,南风,≤3级,南风,≤3级,day
2015-05-10 15:00:00,会展东路,3、倒车的,负全部责任,不负责任,1,贵A998G5,红,1,贵GT3427,蓝,自培,-1,2005/5/31 0:00,-1,五菱牌,-1,356168000000000000 ,664396000000000000 ,196602,198604,15,6,5,周末,非高峰,2015-05-10,2015年5月10日,阵雨 /雷阵雨,25℃ / 14℃,南风 ≤3级 /南风 ≤3级,阵雨,雷阵雨,25,14,南风,≤3级,南风,≤3级,day
2015-05-10 15:00:00,文化路,7、未按规定让行的 ,负全部责任,不负责任,1,贵AK9324,白色,1,贵A81G62,白色,-1,十一培,-1,1990/2/28 0:00,丰田牌,高尔夫牌,364556000000000000 ,364547000000000000 ,197311,196302,15,6,5,周末,非高峰,2015-05-10,2015年5月10日,阵雨 /雷阵雨,25℃ / 14℃,南风 ≤3级 /南风 ≤3级,阵雨,雷阵雨,25,14,南风,≤3级,南风,≤3级,day
2015-05-10 13:50:00,百花大道,7、未按规定让行的 ,负全部责任,不负责任,1,贵A07234,白,1,贵A6BZ16,红,自培,十一培,2004/9/13 0:00,1999/5/5 0:00,金旅牌,斯柯达牌,364557000000000000 ,366347000000000000 ,197705,197703,13,6,5,周末,非高峰,2015-05-10,2015年5月10日,阵雨 /雷阵雨,25℃ / 14℃,南风 ≤3级 /南风 ≤3级,阵雨,雷阵雨,25,14,南风,≤3级,南风,≤3级,day