accidenttime,accidentaddr,driver1fault,driver1responsibility,driver2responsibility,sex1,platenumber1,carcolor1,sex2,platenumber2,carcolor2,jxmc1,jxmc2,cclzrq1,cclzrq2,clpp1,clpp2,driver1license,driver2license,brith1,brith2,hour,weekday,month,is_weekday,peak_hour,date,日期,天气状况,气温,风力风向,day_wea,night_wea,day_tep,night_tep,day_wind_direction,day_wind_speed,night_wind_direction,night_wind_speed,segment
2015-05-10 15:30:00,富源南路,7、未按规定让行的 ,负全部责任,不负责任,1,贵ASM722,白色,1,贵A6259E,白色,自培,十一培,2004/7/30 0:00,1998/3/23 0:00,奥迪牌,猎豹牌,364547000000000000 ,36455751845555497X,198508,197011,15,6,5,周末,非高峰,2015-05-10,2015年5月10日,阵雨 /雷阵雨,25℃ / 14℃,南风 ≤3级 /南风 ≤3级,阵雨,雷阵雨,25,14,南风,≤3级,南风,≤3级,day
2015-05-10 15:00:00,百花湖,1、追尾的,负全部责任,不负责任,1,苏B9L136,红,1,贵AA517M,白,-1,自培,-1,2012/9/5 0:00,-1,翼虎牌,254551000000000000 ,364557000000000000 ,199102,199110,15,6,5,周末,非高峰,2015-05-10,2015年5月10日,阵雨 /雷阵雨,25℃ / 14℃,南风 ≤3级 /南风 ≤3级,阵雨,雷阵雨,25,14,南风,≤3级,南风,≤3级,day
2015-05-10 15:39:00,瑞金中路,7、未按规定让行的 ,负全部责任,不负责任,1,贵A24D46,黑,1,贵A7R590,白,-1,自培,-1,2004/9/6 0:00,-1,-1,36454800000000000 ,364548000000000000 ,196211,198505,15,6,5,周末,非高峰,2015-05-10,2015年5月10日,阵雨 /雷阵雨,25℃ / 14℃,南风 ≤3级 /南风 ≤3级,阵雨,雷阵雨,25,14,南风,≤3级,南风,≤3级,day
2015-05-10 14:00:00,蟠桃宫,9、不符合前8款规定或者双方同时具有上述情形的,负同等责任,不负责任,1,贵BAS294,白,1,贵AB8959,白,六盘水达安驾驶培训有限公司,自培,2012/3/5 0:00,2004/7/14 0:00,-1,豪爵牌,75568500000000000 ,364547000000000000 ,198804,198302,14,6,5,周末,非高峰,2015-05-10,2015年5月10日,阵雨 /雷阵雨,25℃ / 14℃,南风 ≤3级 /南风 ≤3级,阵雨,雷阵雨,25,14,南风,≤3级,南风,≤3级,day
2015-05-10 15:30:00,中曹司,7、未按规定让行的 ,负全部责任,不负责任,1,贵A7EA73,白色,1,贵AC074P,白色,自培,自培,2005/9/14 0:00,2008/2/4 0:00,长安牌,-1,364551000000000000 ,364547000000000000 ,198608,198809,15,6,5,周末,非高峰,2015-05-10,2015年5月10日,阵雨 /雷阵雨,25℃ / 14℃,南风 ≤3级 /南风 ≤3级,阵雨,雷阵雨,25,14,南风,≤3级,南风,≤3级,day
2015-05-10 16:30:00,碧海花园,8、依法应负全责的其他情形,负全部责任,不负责任,1,贵ACF092,白,1,贵ADN125,黑,（经开区）十一驾驶培训有限公司,自培,2005/2/6 0:00,2004/1/31 0:00,马自达牌,奥迪牌,364547000000000000 ,366363000000000000 ,196505,196403,16,6,5,周末,非高峰,2015-05-10,2015年5月10日,阵雨 /雷阵雨,25℃ / 14℃,南风 ≤3级 /南风 ≤3级,阵雨,雷阵雨,25,14,南风,≤3级,南风,≤3级,day
2015-05-10 13:30:00,贵安大道,1、追尾的,负全部责任,不负责任,1,贵ASA851,白色,1,贵ASF295,白色,自培,自培,2007/2/7 0:00,2004/10/18 0:00,北京现代牌,大众汽车牌,366846000000000000 ,366368000000000000 ,197810,198504,13,6,5,周末,非高峰,2015-05-10,2015年5月10日,阵雨 /雷阵雨,25℃ / 14℃,南风 ≤3级 /南风 ≤3级,阵雨,雷阵雨,25,14,南风,≤3级,南风,≤3级,day
2015-05-10 14:30:00,北京路,1、追尾的,负全部责任,不负责任,1,贵AL8048,黄,1,贵ATJ972,红,自培,自培,2008/3/7 0:00,2007/8/15 0:00,凌本牌,明锐牌,364566000000000000 ,366670000000000000 ,198611,197206,14,6,5,周末,非高峰,2015-05-10,2015年5月10日,阵雨 /雷阵雨,25℃ / 14℃,南风 ≤3级 /南风 ≤3级,阵雨,雷阵雨,25,14,南风,≤3级,南风,≤3级,day
2015-05-10 15:10:00,金阳南路,7、未按规定让行的 ,负全部责任,不负责任,1,贵AW3073,黑,1,贵AKL467,黑,自培,自培,2012/9/29 0:00,2011/7/13 0:00,马自达(MAZDA)牌,大众汽车牌,54167500000000000 ,364548000000000000 ,199208,197507,15,6,5,周末,非高峰,2015-05-10,2015年5月10日,阵雨 /雷阵雨,25℃ / 14℃,南风 ≤3级 /南风 ≤3级,阵雨,雷阵雨,25,14,南风,≤3级,南风,≤3级,day
2015-05-10 16:37:00,八匹马,1、追尾的,负全部责任,不负责任,1,贵A0429G,白,1,贵AU4872,蓝,自培,新天驾校,2014/2/20 0:00,2008/11/17 0:00,雪佛兰牌,嘉隆牌,366347000000000000 ,364548000000000000 ,197401,198209,16,6,5,周末,非高峰,2015-05-10,2015年5月10日,阵雨 /雷阵雨,25℃ / 14℃,南风 ≤3级 /南风 ≤3级,阵雨,雷阵雨,25,14,南风,≤3级,南风,≤3级,day
2015-05-10 15:57:00,黔春隧道,1、追尾的,负全部责任,不负责任,1,贵H68899,红,1,闽JN5341,黑,-1,-1,-1,-1,-1,\N,黔消字号6465号,736675000000000000 ,21号,197005,15,6,5,周末,非高峰,2015-05-10,2015年5月10日,阵雨 /雷阵雨,25℃ / 14℃,南风 ≤3级 /南风 ≤3级,阵雨,雷阵雨,25,14,南风,≤3级,南风,≤3级,day
2015-05-10 17:40:00,尖山路,1、追尾的,负全部责任,不负责任,1,贵AC837M,蓝,1,贵CFG163,白,长运驾校,-1,2014/6/16 0:00,-1,长安牌,-1,364558000000000000 ,366566000000000000 ,199302,197705,17,6,5,周末,晚高峰(17-19点),2015-05-10,2015年5月10日,阵雨 /雷阵雨,25℃ / 14℃,南风 ≤3级 /南风 ≤3级,阵雨,雷阵雨,25,14,南风,≤3级,南风,≤3级,day
2015-05-10 16:00:00,幸福里,7、未按规定让行的 ,负全部责任,不负责任,1,贵ADJ892,蓝,1,贵DC6511,白,天河驾校（花溪区）,-1,2015/4/21 0:00,-1,-1,-1,366766000000000000 ,366669000000000000 ,199007,198911,16,6,5,周末,非高峰,2015-05-10,2015年5月10日,阵雨 /雷阵雨,25℃ / 14℃,南风 ≤3级 /南风 ≤3级,阵雨,雷阵雨,25,14,南风,≤3级,南风,≤3级,day
2015-05-10 18:10:00,育才路,1、追尾的,负全部责任,不负责任,1,贵AD9677,黄,1,贵AA591A,白,-1,路路达驾校,-1,2014/12/1 0:00,隆鑫牌,吉利牌,366367000000000000 ,364557000000000000 ,196101,199001,18,6,5,周末,晚高峰(17-19点),2015-05-10,2015年5月10日,阵雨 /雷阵雨,25℃ / 14℃,南风 ≤3级 /南风 ≤3级,阵雨,雷阵雨,25,14,南风,≤3级,南风,≤3级,day
2015-05-10 20:00:00,富源北路,7、未按规定让行的 ,负全部责任,不负责任,1,贵FT1276,白色,1,贵A99J32,白色,-1,蓝天驾校,-1,2012/5/14 0:00,-1,吉利美日牌,366068000000000000 ,364547000000000000 ,198111,198504,20,6,5,周末,非高峰,2015-05-10,2015年5月10日,阵雨 /雷阵雨,25℃ / 14℃,南风 ≤3级 /南风 ≤3级,阵雨,雷阵雨,25,14,南风,≤3级,南风,≤3级,night
2015-05-10 20:00:00,甲秀南路,7、未按规定让行的 ,负全部责任,不负责任,1,豫K93764,蓝,1,贵GB9635,白,-1,高新驾校,-1,2014/9/23 0:00,-1,-1,55495500000000000 ,364556000000000000 ,198502,198704,20,6,5,周末,非高峰,2015-05-10,2015年5月10日,阵雨 /雷阵雨,25℃ / 14℃,南风 ≤3级 /南风 ≤3级,阵雨,雷阵雨,25,14,南风,≤3级,南风,≤3级,night
2015-05-10 21:00:00,湘雅村,5、开关车门的,负全部责任,不负责任,1,贵A72A49,白色,1,贵ARB119,白色,-1,-1,-1,-1,长安牌,五菱牌,364545000000 ,74367500000000000 ,325848,196401,21,6,5,周末,非高峰,2015-05-10,2015年5月10日,阵雨 /雷阵雨,25℃ / 14℃,南风 ≤3级 /南风 ≤3级,阵雨,雷阵雨,25,14,南风,≤3级,南风,≤3级,night
2015-05-11 00:00:00,小关,7、未按规定让行的 ,负全部责任,不负责任,1,贵AU3534,白,1,贵AU3192,黄,-1,蓝天驾校,-1,2011/5/19 0:00,万达牌,瑞麒牌,366068000000000000 ,366575000000000000 ,197307,198111,0,0,5,工作日,非高峰,2015-05-11,2015年5月11日,多云 /多云,24℃ / 13℃,东北风 ≤3级 /东北风 ≤3级,多云,多云,24,13,东北风,≤3级,东北风,≤3级,night
2015-05-11 02:25:00,八匹马,1、追尾的,负全部责任,不负责任,1,贵A35Y11,红,1,粤BY3E09,红,520127,-1,2002/9/6 0:00,-1,起亚牌,-1,354364000000000000 ,03656851914348685X,196209,198905,2,0,5,工作日,非高峰,2015-05-11,2015年5月11日,多云 /多云,24℃ / 13℃,东北风 ≤3级 /东北风 ≤3级,多云,多云,24,13,东北风,≤3级,东北风,≤3级,night
2015-05-10 22:00:00,花果园,1、追尾的,负全部责任,不负责任,1,贵A14499,白色,1,贵JF0244,白色,-1,兴黔驾驶培训学校,-1,2006/7/7 0:00,天马牌,-1,366669000000000000 ,364547000000000000 ,192403,197007,22,6,5,周末,非高峰,2015-05-10,2015年5月10日,阵雨 /雷阵雨,25℃ / 14℃,南风 ≤3级 /南风 ≤3级,阵雨,雷阵雨,25,14,南风,≤3级,南风,≤3级,night
2015-05-10 19:00:00,湖南商会,3、倒车的,负全部责任,不负责任,1,贵HAH758,白,1,贵BV7121,白,-1,六盘水市键麟驾驶培训学校,-1,-1,-1,-1,75495500000000000 ,364647000000000000 ,199008,198405,19,6,5,周末,晚高峰(17-19点),2015-05-10,2015年5月10日,阵雨 /雷阵雨,25℃ / 14℃,南风 ≤3级 /南风 ≤3级,阵雨,雷阵雨,25,14,南风,≤3级,南风,≤3级,day
2015-05-10 20:12:00,贵开路,7、未按规定让行的 ,负全部责任,不负责任,1,贵CHF448,红,1,贵AHE486,黄,阳光驾校,#,2012/3/27 0:00,2006/5/9 0:00,-1,明锐牌,366568000000000000 ,774769000000000000 ,198202,198402,20,6,5,周末,非高峰,2015-05-10,2015年5月10日,阵雨 /雷阵雨,25℃ / 14℃,南风 ≤3级 /南风 ≤3级,阵雨,雷阵雨,25,14,南风,≤3级,南风,≤3级,night
2015-05-11 03:30:00,白云北路,7、未按规定让行的 ,负全部责任,不负责任,1,贵A20613,白,1,贵A3591W,黑,-1,自培,-1,2012/8/31 0:00,三一牌,长安牌,74862500000000000 ,366664000000000000 ,198612,199204,3,0,5,工作日,非高峰,2015-05-11,2015年5月11日,多云 /多云,24℃ / 13℃,东北风 ≤3级 /东北风 ≤3级,多云,多云,24,13,东北风,≤3级,东北风,≤3级,night
2015-05-10 16:50:00,花果园桥上,7、未按规定让行的 ,负全部责任,不负责任,1,***,白色,1,贵A66P29,白色,自培,威宁县草海汽车驾驶培训有限公司,2001/4/23 0:00,2004/5/27 0:00,-1,大众汽车牌,364547000000000000 ,364547000000000000 ,197810,197312,16,6,5,周末,非高峰,2015-05-10,2015年5月10日,阵雨 /雷阵雨,25℃ / 14℃,南风 ≤3级 /南风 ≤3级,阵雨,雷阵雨,25,14,南风,≤3级,南风,≤3级,day
2015-05-10 16:20:00,观山东路,7、未按规定让行的 ,负全部责任,不负责任,1,贵A76M90,黄,1,贵A998G1,黄,自培,-1,2002/5/24 0:00,-1,-1,大运牌,364548000000000000 ,364648000000000000 ,196302,199604,16,6,5,周末,非高峰,2015-05-10,2015年5月10日,阵雨 /雷阵雨,25℃ / 14℃,南风 ≤3级 /南风 ≤3级,阵雨,雷阵雨,25,14,南风,≤3级,南风,≤3级,day
2015-05-10 17:26:00,蛮破,7、未按规定让行的 ,负全部责任,不负责任,1,贵JBR548,黑,0,贵AW7766,蓝,贵工驾校,十一培,2012/6/30 0:00,1997/8/25 0:00,-1,飞肯牌,55066500000000000 ,364548000000000000 ,198705,197805,17,6,5,周末,晚高峰(17-19点),2015-05-10,2015年5月10日,阵雨 /雷阵雨,25℃ / 14℃,南风 ≤3级 /南风 ≤3级,阵雨,雷阵雨,25,14,南风,≤3级,南风,≤3级,day
2015-05-10 17:00:00,延安东路,7、未按规定让行的 ,负全部责任,不负责任,1,贵AK4996,白,1,贵AM7288,红,（南明区）金大驾驶培训有限公司,自培,2005/5/19 0:00,2004/1/2 0:00,福特牌,建设牌,364547000000000000 ,364548000000000000 ,196801,197705,17,6,5,周末,晚高峰(17-19点),2015-05-10,2015年5月10日,阵雨 /雷阵雨,25℃ / 14℃,南风 ≤3级 /南风 ≤3级,阵雨,雷阵雨,25,14,南风,≤3级,南风,≤3级,day
2015-05-10 17:30:00,大营坡,1、追尾的,负全部责任,不负责任,1,贵AKB994,红,1,贵A0CB87,红,自培,自培,2003/8/9 0:00,2005/2/28 0:00,速腾牌,别克牌,366562000000000000 ,364547000000000000 ,197203,198212,17,6,5,周末,晚高峰(17-19点),2015-05-10,2015年5月10日,阵雨 /雷阵雨,25℃ / 14℃,南风 ≤3级 /南风 ≤3级,阵雨,雷阵雨,25,14,南风,≤3级,南风,≤3级,day
2015-05-10 17:00:00,花溪,1、追尾的,负全部责任,不负责任,1,贵GL3518,白色,1,贵ART777,白色,自培,自培,2003/9/9 0:00,2001/3/27 0:00,-1,解放牌,364547000000000000 ,364547000000000000 ,198102,196402,17,6,5,周末,晚高峰(17-19点),2015-05-10,2015年5月10日,阵雨 /雷阵雨,25℃ / 14℃,南风 ≤3级 /南风 ≤3级,阵雨,雷阵雨,25,14,南风,≤3级,南风,≤3级,day
2015-05-10 21:00:00,东二环,8、依法应负全责的其他情形,负全部责任,不负责任,1,贵A8AR56,红,1,贵AM5074,白,（白云区）景宏驾驶培训有限公司,-1,2004/11/23 10:34,-1,大众汽车牌,捷达牌,366562000000000000 ,06556651904059445X,197604,198404,21,6,5,周末,非高峰,2015-05-10,2015年5月10日,阵雨 /雷阵雨,25℃ / 14℃,南风 ≤3级 /南风 ≤3级,阵雨,雷阵雨,25,14,南风,≤3级,南风,≤3级,night
2015-05-11 00:00:00,省医,8、依法应负全责的其他情形,负全部责任,不负责任,1,贵GA5179,红,1,贵AHD996,白,自培,市警校驾校,2012/2/22 0:00,2012/4/6 0:00,-1,长安牌,366263000000000000 ,36454651155555400X,197706,199111,0,0,5,工作日,非高峰,2015-05-11,2015年5月11日,多云 /多云,24℃ / 13℃,东北风 ≤3级 /东北风 ≤3级,多云,多云,24,13,东北风,≤3级,东北风,≤3级,night
2015-05-11 08:20:00,建设路,7、未按规定让行的 ,负全部责任,不负责任,0,贵ALT778,黑,1,贵AC477K,红,-1,景宏驾校,-1,2012/4/16 0:00,一汽佳星牌,启辰牌,366347000000000000 ,364568000000000000 ,197608,199106,8,0,5,工作日,早高峰(7-9点),2015-05-11,2015年5月11日,多云 /多云,24℃ / 13℃,东北风 ≤3级 /东北风 ≤3级,多云,多云,24,13,东北风,≤3级,东北风,≤3级,day
2015-05-11 08:20:00,新添大道,7、未按规定让行的 ,负全部责任,不负责任,1,贵CGG172,红,1,贵GGA209,黑,-1,吉源驾校,-1,2014/2/27 0:00,-1,-1,36656551894949757X,366570000000000000 ,197808,198305,8,0,5,工作日,早高峰(7-9点),2015-05-11,2015年5月11日,多云 /多云,24℃ / 13℃,东北风 ≤3级 /东北风 ≤3级,多云,多云,24,13,东北风,≤3级,东北风,≤3级,day
2015-05-11 07:50:00,西二环,7、未按规定让行的 ,负全部责任,不负责任,1,贵JEE979,白,0,贵A9531H,红,自培,自培,2011/4/25 0:00,2011/5/11 0:00,-1,五菱牌,366362000000000000 ,366067000000000000 ,197507,197605,7,0,5,工作日,早高峰(7-9点),2015-05-11,2015年5月11日,多云 /多云,24℃ / 13℃,东北风 ≤3级 /东北风 ≤3级,多云,多云,24,13,东北风,≤3级,东北风,≤3级,day
2015-05-11 07:20:00,五大队门口,9、不符合前8款规定或者双方同时具有上述情形的,负同等责任,负同等责任,1,贵ARK395,白色,1,贵AB176F,白色,-1,预约考试窗口,-1,2006/9/22 0:00,解放牌,吉利牌,0762551834564205X,364547000000000000 ,975012,197209,7,0,5,工作日,早高峰(7-9点),2015-05-11,2015年5月11日,多云 /多云,24℃ / 13℃,东北风 ≤3级 /东北风 ≤3级,多云,多云,24,13,东北风,≤3级,东北风,≤3级,day
2015-05-11 07:50:00,延安路,1、追尾的,负全部责任,不负责任,1,贵AKK339,黑,1,贵AW6266,白,（南明区）铁二局驾驶培训有限公司,预约考试窗口,2005/2/1 0:00,2007/6/18 0:00,梅赛德斯-奔驰2996CC,东风雪铁龙牌,77479651905552875X,36666951964040617X,198411,198204,7,0,5,工作日,早高峰(7-9点),2015-05-11,2015年5月11日,多云 /多云,24℃ / 13℃,东北风 ≤3级 /东北风 ≤3级,多云,多云,24,13,东北风,≤3级,东北风,≤3级,day
2015-05-11 07:00:00,朱昌镇,1、追尾的,负全部责任,不负责任,0,贵GR9966,红,1,贵A0134K,红,-1,预约考试窗口,-1,2007/7/3 0:00,-1,五菱牌,364557000000000000 ,366368000000000000 ,199005,197309,7,0,5,工作日,早高峰(7-9点),2015-05-11,2015年5月11日,多云 /多云,24℃ / 13℃,东北风 ≤3级 /东北风 ≤3级,多云,多云,24,13,东北风,≤3级,东北风,≤3级,day
2015-05-11 08:10:00,碧海花园,7、未按规定让行的 ,负同等责任,负同等责任,1,贵GM3293,黑,1,贵A11W18,黑,（观山湖区）诚信驾驶培训有限公司,（观山湖区）诚信驾驶培训有限公司,2010/9/29 0:00,2010/6/13 0:00,-1,奥迪牌,364557000000000000 ,366367000000000000 ,197510,197901,8,0,5,工作日,早高峰(7-9点),2015-05-11,2015年5月11日,多云 /多云,24℃ / 13℃,东北风 ≤3级 /东北风 ≤3级,多云,多云,24,13,东北风,≤3级,东北风,≤3级,day
2015-05-11 08:30:00,后坝,7、未按规定让行的 ,负全部责任,不负责任,1,晋MJY334,白色,1,贵AU9204,白色,-1,自培,-1,1995/7/10 0:00,-1,钱江牌,344674000000000000 ,364548000000000000 ,199307,196002,8,0,5,工作日,早高峰(7-9点),2015-05-11,2015年5月11日,多云 /多云,24℃ / 13℃,东北风 ≤3级 /东北风 ≤3级,多云,多云,24,13,东北风,≤3级,东北风,≤3级,day
2015-05-11 08:40:00,二铺,3、倒车的,负全部责任,不负责任,1,贵A464D6,白,1,贵ARU216,白,-1,-1,-1,-1,江淮牌,东风牌,36606800000000 ,74365500000000000 ,199204,198009,8,0,5,工作日,早高峰(7-9点),2015-05-11,2015年5月11日,多云 /多云,24℃ / 13℃,东北风 ≤3级 /东北风 ≤3级,多云,多云,24,13,东北风,≤3级,东北风,≤3级,day
2015-05-11 08:50:00,未来方舟,7、未按规定让行的 ,负全部责任,不负责任,1,贵APF624,白色,1,贵CS8314,白色,-1,诚信驾驶培训学校,-1,2011/5/12 0:00,-1,-1,354767000000000000 ,364547000000000000 ,199008,195808,8,0,5,工作日,早高峰(7-9点),2015-05-11,2015年5月11日,多云 /多云,24℃ / 13℃,东北风 ≤3级 /东北风 ≤3级,多云,多云,24,13,东北风,≤3级,东北风,≤3级,day
2015-05-11 09:00:00,花溪大道,8、依法应负全责的其他情形,负全部责任,不负责任,1,贵A109L1,白色,1,贵ACM986,白色,-1,未定义,-1,2014/1/17 0:00,-1,长安,366875000000000000 ,364567000000000000 ,197306,199303,9,0,5,工作日,早高峰(7-9点),2015-05-11,2015年5月11日,多云 /多云,24℃ / 13℃,东北风 ≤3级 /东北风 ≤3级,多云,多云,24,13,东北风,≤3级,东北风,≤3级,day
2015-05-11 09:10:00,恒大绿洲城, ,负同等责任,负同等责任,1,贵A76910,白,1,贵AA958M,红,-1,铁二局驾校,-1,2012/7/31 0:00,望江,大众汽车牌,36454605103 ,364558000000000000 ,41945,197311,9,0,5,工作日,早高峰(7-9点),2015-05-11,2015年5月11日,多云 /多云,24℃ / 13℃,东北风 ≤3级 /东北风 ≤3级,多云,多云,24,13,东北风,≤3级,东北风,≤3级,day
2015-05-11 09:30:00,五里冲,1、追尾的,负全部责任,不负责任,1,京Q12L94,白色,1,贵A87W69,白色,-1,鑫鑫驾校,-1,2013/8/9 0:00,-1,帕萨特牌,704967000000000000 ,364548000000000000 ,197607,198801,9,0,5,工作日,早高峰(7-9点),2015-05-11,2015年5月11日,多云 /多云,24℃ / 13℃,东北风 ≤3级 /东北风 ≤3级,多云,多云,24,13,东北风,≤3级,东北风,≤3级,day
2015-05-11 09:00:00,帝景传说,1、追尾的,负全部责任,不负责任,1,贵CJL147,红,0,贵JAB853,蓝,贵州省长安驾驶培训学校,-1,2012/10/23 0:00,-1,-1,-1,366546000000000000 ,36684551944643440X,199201,198002,9,0,5,工作日,早高峰(7-9点),2015-05-11,2015年5月11日,多云 /多云,24℃ / 13℃,东北风 ≤3级 /东北风 ≤3级,多云,多云,24,13,东北风,≤3级,东北风,≤3级,day
2015-05-11 06:00:00,药用植物园,1、追尾的,负全部责任,不负责任,1,贵A9BC03,白色,1,贵GM3453,白色,自培,顺一驾驶培训学校,2001/2/21 0:00,2012/6/18 0:00,北京现代牌,-1,364556000000000000 ,366568000000000000 ,197407,198106,6,0,5,工作日,非高峰,2015-05-11,2015年5月11日,多云 /多云,24℃ / 13℃,东北风 ≤3级 /东北风 ≤3级,多云,多云,24,13,东北风,≤3级,东北风,≤3级,day
2015-05-11 08:00:00,黔灵山隧道,1、追尾的,负全部责任,不负责任,1,贵ARB086,红,1,贵A8SK57,黑,十一驾驶培训有限公司,自培,2012/3/31 0:00,2003/9/29 0:00,梅赛德斯-奔驰,-1,254761000000000000 ,364556000000000000 ,197005,197609,8,0,5,工作日,早高峰(7-9点),2015-05-11,2015年5月11日,多云 /多云,24℃ / 13℃,东北风 ≤3级 /东北风 ≤3级,多云,多云,24,13,东北风,≤3级,东北风,≤3级,day
2015-05-11 08:00:00,甲秀南路,8、依法应负全责的其他情形,负全部责任,不负责任,1,贵A18G43,黑,0,贵A55M79,黑,自培,自培,2015/3/16 0:00,2006/6/23 0:00,大众汽车牌,雪佛兰牌,366661000000000000 ,364558000000000000 ,198502,196212,8,0,5,工作日,早高峰(7-9点),2015-05-11,2015年5月11日,多云 /多云,24℃ / 13℃,东北风 ≤3级 /东北风 ≤3级,多云,多云,24,13,东北风,≤3级,东北风,≤3级,day
2015-05-10 18:05:00,富水南路,9、不符合前8款规定或者双方同时具有上述情形的,负全部责任,不负责任,0,贵A94601,黑,0,贵AH5958,白,自培,自培,2000/8/14 0:00,2005/10/25 0:00,跃进,豪爵牌,364548000000000000 ,364547000000000000 ,197804,197108,18,6,5,周末,晚高峰(17-19点),2015-05-10,2015年5月10日,阵雨 /雷阵雨,25℃ / 14℃,南风 ≤3级 /南风 ≤3级,阵雨,雷阵雨,25,14,南风,≤3级,南风,≤3级,day
2015-05-11 07:45:00,头桥,7、未按规定让行的 ,负全部责任,不负责任,1,贵A6060警,白,1,贵A31S77,红,自培,自培,2007/7/23 0:00,2002/3/28 0:00,-1,长城牌,366563000000000000 ,364548000000000000 ,198507,195011,7,0,5,工作日,早高峰(7-9点),2015-05-11,2015年5月11日,多云 /多云,24℃ / 13℃,东北风 ≤3级 /东北风 ≤3级,多云,多云,24,13,东北风,≤3级,东北风,≤3级,day
2015-05-11 08:00:00,沙冲南路,8、依法应负全责的其他情形,负全部责任,不负责任,1,贵A55Z28,白色,1,贵A032A3,白色,自培,自培,2006/10/30 0:00,2002/12/18 0:00,丰田牌,东风牌,56762500000000000 ,366662000000000000 ,198107,197303,8,0,5,工作日,早高峰(7-9点),2015-05-11,2015年5月11日,多云 /多云,24℃ / 13℃,东北风 ≤3级 /东北风 ≤3级,多云,多云,24,13,东北风,≤3级,东北风,≤3级,day
2015-05-11 08:50:00,金阳南路,7、未按规定让行的 ,负全部责任,不负责任,1,贵A6869E,黑,1,闽ARD243,白,诚信驾驶培训学校,-1,2013/11/20 0:00,-1,东风雪铁龙牌,-1,354364000000000000 ,734596000000000000 ,197906,197012,8,0,5,工作日,早高峰(7-9点),2015-05-11,2015年5月11日,多云 /多云,24℃ / 13℃,东北风 ≤3级 /东北风 ≤3级,多云,多云,24,13,东北风,≤3级,东北风,≤3级,day
2015-05-11 09:10:00,西二环,1、追尾的,负全部责任,不负责任,1,贵A1429P,白色,1,贵AA995Y,白色,自培,-1,2012/11/15 0:00,-1,五菱牌,大众汽车牌,366577000000000000 ,366864000000000000 ,199404,198806,9,0,5,工作日,早高峰(7-9点),2015-05-11,2015年5月11日,多云 /多云,24℃ / 13℃,东北风 ≤3级 /东北风 ≤3级,多云,多云,24,13,东北风,≤3级,东北风,≤3级,day
2015-05-11 09:00:00,观山东路,7、未按规定让行的 ,负全部责任,不负责任,1,贵A1329L,红,1,贵A35466,白,自培,消防驾校,1997/8/25 0:00,2003/6/19 0:00,东风标致牌,金旅牌,364548000000000000 ,366068000000000000 ,195904,198210,9,0,5,工作日,早高峰(7-9点),2015-05-11,2015年5月11日,多云 /多云,24℃ / 13℃,东北风 ≤3级 /东北风 ≤3级,多云,多云,24,13,东北风,≤3级,东北风,≤3级,day
2015-05-11 09:30:00,瑞金北路,7、未按规定让行的 ,负全部责任,不负责任,1,贵AUA445,黑,1,贵J02223,黑,自培,-1,2001/12/3 0:00,-1,吉利美日牌,-1,366347000000000000 ,59819856708 ,197309,12347,9,0,5,工作日,早高峰(7-9点),2015-05-11,2015年5月11日,多云 /多云,24℃ / 13℃,东北风 ≤3级 /东北风 ≤3级,多云,多云,24,13,东北风,≤3级,东北风,≤3级,day
2015-05-11 10:00:00,艺校,7、未按规定让行的 ,负全部责任,不负责任,1,浙J1T275,白色,1,贵AHY622,白色,-1,自培,-1,2007/12/6 0:00,-1,克莱斯勒,776263000000000000 ,364548000000000000 ,197301,196501,10,0,5,工作日,非高峰,2015-05-11,2015年5月11日,多云 /多云,24℃ / 13℃,东北风 ≤3级 /东北风 ≤3级,多云,多云,24,13,东北风,≤3级,东北风,≤3级,day
2015-05-11 10:00:00,花果园,9、不符合前8款规定或者双方同时具有上述情形的,负同等责任,负同等责任,1,贵AU2238,白色,1,贵AU6613,白色,-1,520116,-1,2001/9/25 0:00,宝来牌,轰轰烈牌,364545000000 ,504568000000000000 ,244948,197512,10,0,5,工作日,非高峰,2015-05-11,2015年5月11日,多云 /多云,24℃ / 13℃,东北风 ≤3级 /东北风 ≤3级,多云,多云,24,13,东北风,≤3级,东北风,≤3级,day
2015-05-11 10:00:00,长岭南路,7、未按规定让行的 ,负全部责任,不负责任,1,贵AKC582,白,1,贵A3BW45,白,-1,贵州现代驾驶培训责任有限公司,-1,2014/11/19 0:00,高尔夫牌,福特牌,364545000000 ,75667500000000000 ,235627,199107,10,0,5,工作日,非高峰,2015-05-11,2015年5月11日,多云 /多云,24℃ / 13℃,东北风 ≤3级 /东北风 ≤3级,多云,多云,24,13,东北风,≤3级,东北风,≤3级,day
2015-05-11 11:00:00,甘荫塘,3、倒车的,负全部责任,不负责任,1,贵A544H1,白色,1,贵AL6757,白色,-1,自培,-1,2010/8/12 0:00,东风牌,锦宏牌,356164000000000000 ,54595500000000000 ,197406,198202,11,0,5,工作日,非高峰,2015-05-11,2015年5月11日,多云 /多云,24℃ / 13℃,东北风 ≤3级 /东北风 ≤3级,多云,多云,24,13,东北风,≤3级,东北风,≤3级,day
2015-05-11 11:03:00,金阳南路,7、未按规定让行的 ,负全部责任,不负责任,1,贵A5A410,黄,1,贵AU8645,黑,-1,攸县东风公司机动车驾驶员培训学校,-1,2008/5/28 0:00,-1,瑞麒牌,362558000000000000 ,74667500000000000 ,196810,198304,11,0,5,工作日,非高峰,2015-05-11,2015年5月11日,多云 /多云,24℃ / 13℃,东北风 ≤3级 /东北风 ≤3级,多云,多云,24,13,东北风,≤3级,东北风,≤3级,day