accidenttime,accidentaddr,driver1fault,driver1responsibility,driver2responsibility,sex1,platenumber1,carcolor1,sex2,platenumber2,carcolor2,jxmc1,jxmc2,cclzrq1,cclzrq2,clpp1,clpp2,driver1license,driver2license,brith1,brith2,hour,weekday,month,is_weekday,peak_hour,date,日期,天气状况,气温,风力风向,day_wea,night_wea,day_tep,night_tep,day_wind_direction,day_wind_speed,night_wind_direction,night_wind_speed,segment
2015-05-11 10:20:00,南明区,1、追尾的,负全部责任,不负责任,1,贵BC9985,白色,1,贵AKD654,白色,诚信驾驶培训学校,贵州现代驾驶培训责任有限公司,2014/11/27 0:00,2014/11/10 0:00,-1,金杯牌,366069000000000000 ,354147000000000000 ,199211,198710,10,0,5,工作日,非高峰,2015-05-11,2015年5月11日,多云 /多云,24℃ / 13℃,东北风 ≤3级 /东北风 ≤3级,多云,多云,24,13,东北风,≤3级,东北风,≤3级,day
2015-05-11 11:40:00,大营坡,7、未按规定让行的 ,负全部责任,不负责任,1,贵A46N45,白,1,贵AK4554,黑,（南明区）长安驾驶培训有限公司,-1,2009/1/6 0:00,-1,甲壳虫,大众牌,364548000000000000 ,364645000000000 ,198902,641011,11,0,5,工作日,非高峰,2015-05-11,2015年5月11日,多云 /多云,24℃ / 13℃,东北风 ≤3级 /东北风 ≤3级,多云,多云,24,13,东北风,≤3级,东北风,≤3级,day
2015-05-11 08:40:00,宝山南路,9、不符合前8款规定或者双方同时具有上述情形的,负同等责任,负同等责任,1,贵AOS686,白,1,贵ATW747,蓝,自培,文通驾校,2003/2/19 0:00,2004/8/19 0:00,-1,东风雪铁龙牌,366067000000000000 ,366664000000000000 ,197608,198312,8,0,5,工作日,早高峰(7-9点),2015-05-11,2015年5月11日,多云 /多云,24℃ / 13℃,东北风 ≤3级 /东北风 ≤3级,多云,多云,24,13,东北风,≤3级,东北风,≤3级,day
2015-05-11 09:30:00,八匹马,1、追尾的,负全部责任,不负责任,1,贵GAB855,黑,1,贵CB7649,黑,自培,贵州现代驾驶培训责任有限公司,2004/5/26 0:00,2011/9/20 0:00,-1,-1,366368000000000000 ,366364000000000000 ,198312,197009,9,0,5,工作日,早高峰(7-9点),2015-05-11,2015年5月11日,多云 /多云,24℃ / 13℃,东北风 ≤3级 /东北风 ≤3级,多云,多云,24,13,东北风,≤3级,东北风,≤3级,day
2015-05-11 09:04:00,狮子山隧道,8、依法应负全责的其他情形,负全部责任,不负责任,1,贵A9712T,黄,1,贵A14W58,黑,520110,自培,2014/5/29 0:00,2001/9/25 0:00,力帆牌,别克牌,364567000000000000 ,364548000000000000 ,198510,197804,9,0,5,工作日,早高峰(7-9点),2015-05-11,2015年5月11日,多云 /多云,24℃ / 13℃,东北风 ≤3级 /东北风 ≤3级,多云,多云,24,13,东北风,≤3级,东北风,≤3级,day
2015-05-11 09:31:00,新路口,9、不符合前8款规定或者双方同时具有上述情形的,负同等责任,负同等责任,0,贵A76A79,蓝,1,贵AV1366,黄,自培,自培,2011/8/19 0:00,2005/1/7 0:00,福特牌,力帆牌,364547000000000000 ,366368000000000000 ,197210,197208,9,0,5,工作日,早高峰(7-9点),2015-05-11,2015年5月11日,多云 /多云,24℃ / 13℃,东北风 ≤3级 /东北风 ≤3级,多云,多云,24,13,东北风,≤3级,东北风,≤3级,day
2015-05-11 11:00:00,朱昌化高路,7、未按规定让行的 ,负全部责任,不负责任,1,贵ARB113,红,0,贵A9938P,红,-1,自培,-1,2012/12/21 0:00,东南牌,-1,6664550000000000 ,364557000000000000 ,197811,198710,11,0,5,工作日,非高峰,2015-05-11,2015年5月11日,多云 /多云,24℃ / 13℃,东北风 ≤3级 /东北风 ≤3级,多云,多云,24,13,东北风,≤3级,东北风,≤3级,day
2015-05-11 11:00:00,见龙洞,7、未按规定让行的 ,负全部责任,不负责任,1,川A1G505,白色,1,贵JQ6204,白色,自培,自培,2008/6/20 0:00,2004/4/7 0:00,-1,-1,366863000000000000 ,364547000000000000 ,198709,198510,11,0,5,工作日,非高峰,2015-05-11,2015年5月11日,多云 /多云,24℃ / 13℃,东北风 ≤3级 /东北风 ≤3级,多云,多云,24,13,东北风,≤3级,东北风,≤3级,day
2015-05-11 08:20:00,金朱东路,1、追尾的,负全部责任,不负责任,1,贵ACD266,蓝,1,贵AU7616,黄,自培,自培,2004/7/8 0:00,2004/12/30 0:00,起亚牌,嘉陵牌,364547000000000000 ,364557000000000000 ,197210,197612,8,0,5,工作日,早高峰(7-9点),2015-05-11,2015年5月11日,多云 /多云,24℃ / 13℃,东北风 ≤3级 /东北风 ≤3级,多云,多云,24,13,东北风,≤3级,东北风,≤3级,day
2015-05-11 09:00:00,二戈寨,9、不符合前8款规定或者双方同时具有上述情形的,负同等责任,负同等责任,1,贵J62552,白色,1,贵A93R32,白色,自培,自培,2001/4/26 0:00,2004/8/11 0:00,-1,东风标致牌,36687451875653677X,356164000000000000 ,197312,197805,9,0,5,工作日,早高峰(7-9点),2015-05-11,2015年5月11日,多云 /多云,24℃ / 13℃,东北风 ≤3级 /东北风 ≤3级,多云,多云,24,13,东北风,≤3级,东北风,≤3级,day
2015-05-11 11:59:00,小关,1、追尾的,负全部责任,不负责任,1,赣F5K121,红,1,贵A91621,红,-1,时发驾校,-1,2011/3/30 0:00,-1,东宏牌,726347000000000000 ,364566000000000000 ,197308,198503,11,0,5,工作日,非高峰,2015-05-11,2015年5月11日,多云 /多云,24℃ / 13℃,东北风 ≤3级 /东北风 ≤3级,多云,多云,24,13,东北风,≤3级,东北风,≤3级,day
2015-05-11 12:00:00,长岭北路,7、未按规定让行的 ,负全部责任,不负责任,1,贵A95F69,白,1,贵JAM597,白,520127,全林驾校,2007/7/9 0:00,2014/1/7 0:00,长安牌,-1,364558000000000000 ,366576000000000000 ,198007,197112,12,0,5,工作日,非高峰,2015-05-11,2015年5月11日,多云 /多云,24℃ / 13℃,东北风 ≤3级 /东北风 ≤3级,多云,多云,24,13,东北风,≤3级,东北风,≤3级,day
2015-05-11 11:50:00,碧海花园,1、追尾的,负全部责任,不负责任,1,川BT0729,黑,1,贵A1054L,红,铁二局驾校,贵州省仁怀市汽车驾驶培训有限责任公司,2005/11/17 0:00,2009/7/20 0:00,-1,哈飞牌,364547000000000000 ,366566000000000000 ,197501,198305,11,0,5,工作日,非高峰,2015-05-11,2015年5月11日,多云 /多云,24℃ / 13℃,东北风 ≤3级 /东北风 ≤3级,多云,多云,24,13,东北风,≤3级,东北风,≤3级,day
2015-05-11 14:20:00,石林东路,1、追尾的,负全部责任,不负责任,1,贵FJ9526,红,1,贵A7544V,红,毕节地区宏强汽车(摩托车)驾驶培训学校,（经开区）顺一驾驶培训有限公司,-1,2012/7/28 0:00,-1,风神牌,366064000000000000 ,366566000000000000 ,197102,197909,14,0,5,工作日,非高峰,2015-05-11,2015年5月11日,多云 /多云,24℃ / 13℃,东北风 ≤3级 /东北风 ≤3级,多云,多云,24,13,东北风,≤3级,东北风,≤3级,day
2015-05-11 15:48:00,花果园,7、未按规定让行的 ,负全部责任,不负责任,1,渝C47P59,白色,1,贵FAL759,白色,-1,顺一驾驶培训学校,-1,2010/6/22 0:00,-1,-1,354366000000000000 ,366064000000000000 ,198505,198609,15,0,5,工作日,非高峰,2015-05-11,2015年5月11日,多云 /多云,24℃ / 13℃,东北风 ≤3级 /东北风 ≤3级,多云,多云,24,13,东北风,≤3级,东北风,≤3级,day
2015-05-11 12:30:00,西二环,7、未按规定让行的 ,负全部责任,不负责任,1,贵A64B19,白色,1,贵A419C2,白色,自培,520134,2001/2/13 0:00,2008/1/23 0:00,凌派牌,红宇牌,36656251854250535X,364557000000000000 ,197106,198801,12,0,5,工作日,非高峰,2015-05-11,2015年5月11日,多云 /多云,24℃ / 13℃,东北风 ≤3级 /东北风 ≤3级,多云,多云,24,13,东北风,≤3级,东北风,≤3级,day
2015-05-11 12:41:00,北京西路,7、未按规定让行的 ,负全部责任,不负责任,1,贵A84S39,红,0,贵A5165B,黑,自培,贵州现代驾驶培训责任有限公司,2004/6/29 0:00,2010/7/22 0:00,宝马牌,东风日产牌,366361000000000000 ,364547000000000000 ,197908,199105,12,0,5,工作日,非高峰,2015-05-11,2015年5月11日,多云 /多云,24℃ / 13℃,东北风 ≤3级 /东北风 ≤3级,多云,多云,24,13,东北风,≤3级,东北风,≤3级,day
2015-05-11 15:00:00,贵惠大道,8、依法应负全责的其他情形,负全部责任,不负责任,1,贵A635B8,白色,1,贵A96X15,白色,自培,长运驾校,2001/11/12 0:00,2012/6/15 0:00,江淮牌,-1,364547000000000000 ,366068000000000000 ,197405,198912,15,0,5,工作日,非高峰,2015-05-11,2015年5月11日,多云 /多云,24℃ / 13℃,东北风 ≤3级 /东北风 ≤3级,多云,多云,24,13,东北风,≤3级,东北风,≤3级,day
2015-05-11 13:20:00,和尚坡,3、倒车的,负全部责任,不负责任,0,贵ATV796,红,0,贵AB8193,白,-1,十一培,-1,1997/8/8 0:00,长安牌,嘉陵牌,364548000000000000 ,364548000000000000 ,198402,197907,13,0,5,工作日,非高峰,2015-05-11,2015年5月11日,多云 /多云,24℃ / 13℃,东北风 ≤3级 /东北风 ≤3级,多云,多云,24,13,东北风,≤3级,东北风,≤3级,day
2015-05-11 14:00:00,云环路,1、追尾的,负全部责任,不负责任,1,贵CND579,红,1,贵AH3725,白,贵州省长安驾驶培训学校,十一培,2012/10/9 0:00,1999/10/13 0:00,-1,江铃牌,364558000000000000 ,364558000000000000 ,199109,196511,14,0,5,工作日,非高峰,2015-05-11,2015年5月11日,多云 /多云,24℃ / 13℃,东北风 ≤3级 /东北风 ≤3级,多云,多云,24,13,东北风,≤3级,东北风,≤3级,day
2015-05-11 10:30:00,金阳医院,1、追尾的,负全部责任,不负责任,1,贵A7R503,白,1,贵A7AN77,黑,自培,十一培,2005/3/24 0:00,1996/5/30 0:00,-1,华泰圣达菲牌,775468000000000000 ,364547000000000000 ,198205,197206,10,0,5,工作日,非高峰,2015-05-11,2015年5月11日,多云 /多云,24℃ / 13℃,东北风 ≤3级 /东北风 ≤3级,多云,多云,24,13,东北风,≤3级,东北风,≤3级,day
2015-05-11 12:00:00,中坝,8、依法应负全责的其他情形,负全部责任,不负责任,1,贵A1146P,黑,1,贵A5630G,红,自培,十一培,2011/7/27 0:00,1993/7/14 0:00,宝骏牌,五菱牌,357866000000000000 ,364556000000000000 ,199006,195803,12,0,5,工作日,非高峰,2015-05-11,2015年5月11日,多云 /多云,24℃ / 13℃,东北风 ≤3级 /东北风 ≤3级,多云,多云,24,13,东北风,≤3级,东北风,≤3级,day
2015-05-11 11:10:00,博物馆,7、未按规定让行的 ,负全部责任,不负责任,1,贵AU5135,蓝,0,贵AE8299,红,消防驾校,自培,2000/2/28 0:00,2003/7/25 0:00,捷达牌,宝马牌,364547000000000000 ,364548000000000000 ,197507,197501,11,0,5,工作日,非高峰,2015-05-11,2015年5月11日,多云 /多云,24℃ / 13℃,东北风 ≤3级 /东北风 ≤3级,多云,多云,24,13,东北风,≤3级,东北风,≤3级,day
2015-05-11 15:00:00,八匹马,3、倒车的,负全部责任,不负责任,1,贵FB0282,蓝,1,贵A58Z18,黑,-1,自培,-1,2006/4/27 0:00,-1,雅阁牌,366067000000000000 ,74546500000000000 ,199004,198201,15,0,5,工作日,非高峰,2015-05-11,2015年5月11日,多云 /多云,24℃ / 13℃,东北风 ≤3级 /东北风 ≤3级,多云,多云,24,13,东北风,≤3级,东北风,≤3级,day
2015-05-11 15:00:00,花溪大道,1、追尾的,负全部责任,不负责任,1,贵AMR911,白色,1,贵ABG529,白色,-1,自培,-1,2001/8/25 0:00,五菱牌,大众汽车牌,364568000000000000 ,364547000000000000 ,198108,193909,15,0,5,工作日,非高峰,2015-05-11,2015年5月11日,多云 /多云,24℃ / 13℃,东北风 ≤3级 /东北风 ≤3级,多云,多云,24,13,东北风,≤3级,东北风,≤3级,day
2015-05-11 09:40:00,瑞金南路,7、未按规定让行的 ,负全部责任,不负责任,1,贵AU7149,白色,1,贵A35G15,白色,自培,自培,2000/5/18 0:00,2005/1/25 0:00,万达牌,长城牌,364547000000000000 ,364547000000000000 ,197505,197603,9,0,5,工作日,早高峰(7-9点),2015-05-11,2015年5月11日,多云 /多云,24℃ / 13℃,东北风 ≤3级 /东北风 ≤3级,多云,多云,24,13,东北风,≤3级,东北风,≤3级,day
2015-05-11 18:00:00,龙泉苑街,7、未按规定让行的 ,负全部责任,不负责任,0,贵AU6648,蓝,0,贵A89B33,黑,520116,蓝天驾校,1995/9/19 0:00,2012/6/19 0:00,恒通客车牌,大众汽车牌,364558000000000000 ,366347000000000000 ,197606,197905,18,0,5,工作日,晚高峰(17-19点),2015-05-11,2015年5月11日,多云 /多云,24℃ / 13℃,东北风 ≤3级 /东北风 ≤3级,多云,多云,24,13,东北风,≤3级,东北风,≤3级,day
2015-05-11 18:30:00,金清大道,8、依法应负全责的其他情形,负全部责任,不负责任,1,贵A677C5,白,1,浙BG7P92,蓝,-1,-1,-1,-1,南骏牌,-1,74066500000000000 ,230566000000000000 ,198906,199003,18,0,5,工作日,晚高峰(17-19点),2015-05-11,2015年5月11日,多云 /多云,24℃ / 13℃,东北风 ≤3级 /东北风 ≤3级,多云,多云,24,13,东北风,≤3级,东北风,≤3级,day
2015-05-11 16:40:00,山水黔城,7、未按规定让行的 ,负全部责任,不负责任,1,闽D244N5,白色,1,贵GAA798,白色,安顺市金安汽车培训学校,贵阳万里圣驾校,-1,2015/1/12 0:00,-1,-1,734398000000000000 ,366061000000000000 ,198410,198006,16,0,5,工作日,非高峰,2015-05-11,2015年5月11日,多云 /多云,24℃ / 13℃,东北风 ≤3级 /东北风 ≤3级,多云,多云,24,13,东北风,≤3级,东北风,≤3级,day
2015-05-11 17:00:00,长江路,1、追尾的,负全部责任,不负责任,1,贵A0BN98,白色,1,贵JR2234,白色,（花溪区）高新十七驾驶培训有限公司,520106,2010/10/27 0:00,2008/10/24 0:00,东风雪铁龙牌,-1,366761000000000000 ,726767000000000000 ,198003,197412,17,0,5,工作日,晚高峰(17-19点),2015-05-11,2015年5月11日,多云 /多云,24℃ / 13℃,东北风 ≤3级 /东北风 ≤3级,多云,多云,24,13,东北风,≤3级,东北风,≤3级,day
2015-05-11 19:11:00,世纪城,4、停车时未挂低速档、未拉驻车制动，导致车辆滑行的,负全部责任,不负责任,0,贵A57G94,黑,0,闽A3N642,黑,（经开区）十一驾驶培训有限公司,520116,2005/6/23 0:00,2007/10/29 0:00,SRX,-1,364557000000000000 ,73459651974560245X,197811,198301,19,0,5,工作日,晚高峰(17-19点),2015-05-11,2015年5月11日,多云 /多云,24℃ / 13℃,东北风 ≤3级 /东北风 ≤3级,多云,多云,24,13,东北风,≤3级,东北风,≤3级,day
2015-05-11 17:35:00,花二道,1、追尾的,负全部责任,不负责任,1,贵JA3524,红,1,贵ASU262,白,（南明区）吉源驾驶培训有限公司,-1,2008/6/5 0:00,-1,-1,雅阁牌,366070000000000000 ,364547000000 ,197912,368194,17,0,5,工作日,晚高峰(17-19点),2015-05-11,2015年5月11日,多云 /多云,24℃ / 13℃,东北风 ≤3级 /东北风 ≤3级,多云,多云,24,13,东北风,≤3级,东北风,≤3级,day
2015-05-11 18:00:00,小河,9、不符合前8款规定或者双方同时具有上述情形的,负同等责任,负同等责任,1,贵AEC526,白色,1,贵A138B9,白色,（经开区）十一驾驶培训有限公司,-1,2008/7/17 0:00,-1,荣威牌,五十铃牌,364556000000000000 ,734596000000000000 ,199001,198305,18,0,5,工作日,晚高峰(17-19点),2015-05-11,2015年5月11日,多云 /多云,24℃ / 13℃,东北风 ≤3级 /东北风 ≤3级,多云,多云,24,13,东北风,≤3级,东北风,≤3级,day
2015-05-11 15:55:00,浣纱桥,7、未按规定让行的 ,负全部责任,不负责任,1,贵AVK117,白色,1,贵AV7937,白色,自培,99,2007/1/22 0:00,2002/10/10 0:00,雷克萨斯,宗申牌,357246000000000000 ,364547000000000000 ,198109,198007,15,0,5,工作日,非高峰,2015-05-11,2015年5月11日,多云 /多云,24℃ / 13℃,东北风 ≤3级 /东北风 ≤3级,多云,多云,24,13,东北风,≤3级,东北风,≤3级,day
2015-05-11 15:20:00,小河西南环线,1、追尾的,负全部责任,不负责任,1,贵AEJ245,白色,1,渝FJD945,白色,（南明区）市交通职业技术驾驶培训学校,高坪驾校,2006/12/12 0:00,2007/4/19 0:00,奥迪牌,-1,376269000000000000 ,356664000000000000 ,198012,196208,15,0,5,工作日,非高峰,2015-05-11,2015年5月11日,多云 /多云,24℃ / 13℃,东北风 ≤3级 /东北风 ≤3级,多云,多云,24,13,东北风,≤3级,东北风,≤3级,day
2015-05-11 18:00:00,白云区,7、未按规定让行的 ,负全部责任,不负责任,1,贵DJ37P7,红,1,贵CCD210,红,-1,省交校,-1,2013/12/5 0:00,-1,大众牌,3666635195555844X,366570000000000000 ,198111,198811,18,0,5,工作日,晚高峰(17-19点),2015-05-11,2015年5月11日,多云 /多云,24℃ / 13℃,东北风 ≤3级 /东北风 ≤3级,多云,多云,24,13,东北风,≤3级,东北风,≤3级,day
2015-05-12 00:00:00,花溪大道,1、追尾的,负全部责任,不负责任,1,贵A84W65,白色,1,贵A7310P,白色,-1,新天驾校,-1,2013/5/7 0:00,起亚牌,奇瑞牌,34646500000000000 ,366577000000000000 ,197711,199407,0,1,5,工作日,非高峰,2015-05-12,2015年5月12日,阴 /雷阵雨,24℃ / 13℃,南风 ≤3级 /南风 ≤3级,阴,雷阵雨,24,13,南风,≤3级,南风,≤3级,night
2015-05-12 05:00:00,花溪清溪路,7、未按规定让行的 ,负全部责任,不负责任,1,贵FAM632,白色,1,贵A62S69,白色,-1,高新驾校,-1,2013/4/9 0:00,-1,长城牌,366067000000000000 ,364596000000000000 ,197712,199008,5,1,5,工作日,非高峰,2015-05-12,2015年5月12日,阴 /雷阵雨,24℃ / 13℃,南风 ≤3级 /南风 ≤3级,阴,雷阵雨,24,13,南风,≤3级,南风,≤3级,night
2015-05-12 06:00:00,石板镇,3、倒车的,负全部责任,不负责任,1,云C50812,白色,1,贵AA095M,白色,-1,路路达驾校,-1,2014/12/1 0:00,-1,福特牌,376570000000000000 ,36455651144751765X,198503,199003,6,1,5,工作日,非高峰,2015-05-12,2015年5月12日,阴 /雷阵雨,24℃ / 13℃,南风 ≤3级 /南风 ≤3级,阴,雷阵雨,24,13,南风,≤3级,南风,≤3级,day
2015-05-12 07:00:00,花果园,7、未按规定让行的 ,负全部责任,不负责任,1,贵A8BM19,白色,1,贵AAH574,白色,520136,520121,2000/2/21 0:00,2010/9/15 0:00,森林人,东风标致牌,356170000000000000 ,366767000000000000 ,197911,197805,7,1,5,工作日,早高峰(7-9点),2015-05-12,2015年5月12日,阴 /雷阵雨,24℃ / 13℃,南风 ≤3级 /南风 ≤3级,阴,雷阵雨,24,13,南风,≤3级,南风,≤3级,day
2015-05-11 17:00:00,三桥,2、逆行的,负全部责任,不负责任,1,贵A9206V,红,1,贵FV5941,黑,自培,自培,2001/5/9 0:00,2010/12/10 0:00,捷达牌,-1,364557000000000000 ,36606751914155565X,196606,198909,17,0,5,工作日,晚高峰(17-19点),2015-05-11,2015年5月11日,多云 /多云,24℃ / 13℃,东北风 ≤3级 /东北风 ≤3级,多云,多云,24,13,东北风,≤3级,东北风,≤3级,day
2015-05-11 17:00:00,李家坟,8、依法应负全责的其他情形,负全部责任,不负责任,1,贵GY7899,白,0,贵A9D914,黑,自培,蓝天驾校,2004/8/5 0:00,2014/5/7 0:00,-1,-1,364548000000000000 ,366046000000000000 ,198406,199310,17,0,5,工作日,晚高峰(17-19点),2015-05-11,2015年5月11日,多云 /多云,24℃ / 13℃,东北风 ≤3级 /东北风 ≤3级,多云,多云,24,13,东北风,≤3级,东北风,≤3级,day
2015-05-11 17:00:00,贵大财经大学,3、倒车的,负全部责任,不负责任,1,贵GX5247,白色,1,贵A16B56,白色,自培,-1,2010/8/20 0:00,-1,-1,吉利美日牌,64552500000000000 ,364556000000000000 ,198702,198012,17,0,5,工作日,晚高峰(17-19点),2015-05-11,2015年5月11日,多云 /多云,24℃ / 13℃,东北风 ≤3级 /东北风 ≤3级,多云,多云,24,13,东北风,≤3级,东北风,≤3级,day
2015-05-11 18:10:00,北京西路,8、依法应负全责的其他情形,负全部责任,不负责任,1,贵A92M94,白,1,贵AX4878,黑,鑫鑫驾校,十一培,2013/7/18 0:00,1994/3/20 0:00,东南牌,五羊-本田牌,366368000000000000 ,364548000000000000 ,197804,196502,18,0,5,工作日,晚高峰(17-19点),2015-05-11,2015年5月11日,多云 /多云,24℃ / 13℃,东北风 ≤3级 /东北风 ≤3级,多云,多云,24,13,东北风,≤3级,东北风,≤3级,day
2015-05-12 07:20:00,宝山南路,8、依法应负全责的其他情形,负全部责任,不负责任,1,贵JDN584,白色,1,贵AU7313,白色,全林驾校,十一培,2014/9/15 0:00,1999/1/6 0:00,-1,豪爵,364557000000000000 ,364547000000000000 ,197605,197108,7,1,5,工作日,早高峰(7-9点),2015-05-12,2015年5月12日,阴 /雷阵雨,24℃ / 13℃,南风 ≤3级 /南风 ≤3级,阴,雷阵雨,24,13,南风,≤3级,南风,≤3级,day
2015-05-11 18:08:00,新添大道,5、开关车门的,负全部责任,不负责任,1,贵AKJ316,红,1,贵A3729,黄,-1,自培,-1,2003/3/21 0:00,吉利美日牌,-1,364557000000000000 ,36606751855474675X,198805,197110,18,0,5,工作日,晚高峰(17-19点),2015-05-11,2015年5月11日,多云 /多云,24℃ / 13℃,东北风 ≤3级 /东北风 ≤3级,多云,多云,24,13,东北风,≤3级,东北风,≤3级,day
2015-05-11 17:10:00,杨家山隧道,8、依法应负全责的其他情形,负全部责任,不负责任,1,贵AH7486,白,1,贵AV0076,黄,景宏驾校,自培,2014/5/21 0:00,2000/1/26 0:00,双庆牌,长安牌,364568000000000000 ,364558000000000000 ,199004,197205,17,0,5,工作日,晚高峰(17-19点),2015-05-11,2015年5月11日,多云 /多云,24℃ / 13℃,东北风 ≤3级 /东北风 ≤3级,多云,多云,24,13,东北风,≤3级,东北风,≤3级,day
2015-05-11 16:00:00,三桥,3、倒车的,负全部责任,不负责任,0,贵JS7553,蓝,1,贵AS5788,黄,（云岩区）时发驾驶培训有限公司,自培,2008/8/20 0:00,2005/6/7 0:00,-1,宝来牌,366870000000000000 ,364548000000000000 ,197504,198211,16,0,5,工作日,非高峰,2015-05-11,2015年5月11日,多云 /多云,24℃ / 13℃,东北风 ≤3级 /东北风 ≤3级,多云,多云,24,13,东北风,≤3级,东北风,≤3级,day
2015-05-11 16:50:00,沙冲路,7、未按规定让行的 ,负全部责任,不负责任,1,贵AEH163,白色,1,贵ALL157,白色,自培,自培,2005/12/30 0:00,2006/6/1 0:00,长安牌,奇瑞牌,354364000000000000 ,764768000000000000 ,197902,198309,16,0,5,工作日,非高峰,2015-05-11,2015年5月11日,多云 /多云,24℃ / 13℃,东北风 ≤3级 /东北风 ≤3级,多云,多云,24,13,东北风,≤3级,东北风,≤3级,day
2015-05-11 16:00:00,新村小学,7、未按规定让行的 ,负全部责任,不负责任,1,贵AJA998,白色,1,贵GY6000,白色,（白云区）景宏驾驶培训有限公司,520118,2006/11/23 0:00,2009/3/5 0:00,-1,斯柯达牌,366576000000000000 ,366664000000000000 ,198608,198906,16,0,5,工作日,非高峰,2015-05-11,2015年5月11日,多云 /多云,24℃ / 13℃,东北风 ≤3级 /东北风 ≤3级,多云,多云,24,13,东北风,≤3级,东北风,≤3级,day
2015-05-11 19:15:00,市北路,7、未按规定让行的 ,负全部责任,不负责任,1,贵ASR178,白,1,贵A88301,红,贵大佳德驾驶培训学校,-1,2010/12/14 0:00,-1,凯迪拉克,起亚牌,354667000000000000 ,364548000000000 ,196706,751029,19,0,5,工作日,晚高峰(17-19点),2015-05-11,2015年5月11日,多云 /多云,24℃ / 13℃,东北风 ≤3级 /东北风 ≤3级,多云,多云,24,13,东北风,≤3级,东北风,≤3级,day
2015-05-12 05:11:00,东山,1、追尾的,负全部责任,不负责任,1,贵AHG517,黑,0,贵AHJ3465,白,路路达驾校,-1,2014/1/14 0:00,-1,北京牌,-1,366569000000000000 ,36454800000000000 ,198108,196902,5,1,5,工作日,非高峰,2015-05-12,2015年5月12日,阴 /雷阵雨,24℃ / 13℃,南风 ≤3级 /南风 ≤3级,阴,雷阵雨,24,13,南风,≤3级,南风,≤3级,night
2015-05-12 09:00:00,花果园,7、未按规定让行的 ,负全部责任,不负责任,1,贵A9EA61,白色,1,贵A83V46,白色,-1,自培,-1,2002/12/11 0:00,长安牌,北京现代牌,366846000000000000 ,366346000000000000 ,197309,197602,9,1,5,工作日,早高峰(7-9点),2015-05-12,2015年5月12日,阴 /雷阵雨,24℃ / 13℃,南风 ≤3级 /南风 ≤3级,阴,雷阵雨,24,13,南风,≤3级,南风,≤3级,day
2015-05-12 10:00:00,六广门,9、不符合前8款规定或者双方同时具有上述情形的,负同等责任,负同等责任,1,贵GT1703,红,1,贵AR2241,红,-1,自培,-1,2002/8/12 0:00,-1,宗申牌,54761500000000000 ,364547000000000000 ,199002,194704,10,1,5,工作日,非高峰,2015-05-12,2015年5月12日,阴 /雷阵雨,24℃ / 13℃,南风 ≤3级 /南风 ≤3级,阴,雷阵雨,24,13,南风,≤3级,南风,≤3级,day
2015-05-12 10:10:00,中坝,1、追尾的,负全部责任,不负责任,1,贵A75N37,红,1,贵GAB167,白,-1,消防驾校,-1,2011/11/10 0:00,-1,-1,354868000000000000 ,775447000000000000 ,198610,198412,10,1,5,工作日,非高峰,2015-05-12,2015年5月12日,阴 /雷阵雨,24℃ / 13℃,南风 ≤3级 /南风 ≤3级,阴,雷阵雨,24,13,南风,≤3级,南风,≤3级,day
2015-05-12 09:30:00,飞山街,8、依法应负全责的其他情形,负全部责任,不负责任,1,贵AP0209,红,1,贵A47P46,红,（南明区）金大驾驶培训有限公司,长运驾校,2005/9/23 0:00,2012/12/20 0:00,丰田牌,吉利牌,364548000000000000 ,364558000000000000 ,196809,199408,9,1,5,工作日,早高峰(7-9点),2015-05-12,2015年5月12日,阴 /雷阵雨,24℃ / 13℃,南风 ≤3级 /南风 ≤3级,阴,雷阵雨,24,13,南风,≤3级,南风,≤3级,day
2015-05-12 10:30:00,小河,1、追尾的,负全部责任,不负责任,1,贵B44264,白色,1,贵AJS411,白色,-1,四川省天欣驾驶员培训学校,-1,2007/10/17 0:00,-1,华泰牌,364646000000000000 ,366577000000000000 ,198907,198512,10,1,5,工作日,非高峰,2015-05-12,2015年5月12日,阴 /雷阵雨,24℃ / 13℃,南风 ≤3级 /南风 ≤3级,阴,雷阵雨,24,13,南风,≤3级,南风,≤3级,day
2015-05-12 08:30:00,五里冲,7、未按规定让行的 ,负全部责任,不负责任,0,贵A87N11,黑,1,贵A31M24,红,贵州现代驾驶培训责任有限公司,金大驾校,2014/5/13 0:00,2011/11/7 0:00,宝马牌,雅阁牌,366662000000000000 ,364558000000000000 ,198510,198003,8,1,5,工作日,早高峰(7-9点),2015-05-12,2015年5月12日,阴 /雷阵雨,24℃ / 13℃,南风 ≤3级 /南风 ≤3级,阴,雷阵雨,24,13,南风,≤3级,南风,≤3级,day