accidenttime,accidentaddr,driver1fault,driver1responsibility,driver2responsibility,sex1,platenumber1,carcolor1,sex2,platenumber2,carcolor2,jxmc1,jxmc2,cclzrq1,cclzrq2,clpp1,clpp2,driver1license,driver2license,brith1,brith2,hour,weekday,month,is_weekday,peak_hour,date,日期,天气状况,气温,风力风向,day_wea,night_wea,day_tep,night_tep,day_wind_direction,day_wind_speed,night_wind_direction,night_wind_speed,segment
2015-05-12 08:00:00,长江路,7、未按规定让行的 ,负全部责任,不负责任,1,贵AU0696,白色,1,贵A6AW32,白色,自培,十一驾驶培训有限公司,2012/12/18 0:00,2015/4/3 0:00,万达牌,东风雪铁龙牌,366068000000000000 ,364646000000000000 ,198903,197712,8,1,5,工作日,早高峰(7-9点),2015-05-12,2015年5月12日,阴 /雷阵雨,24℃ / 13℃,南风 ≤3级 /南风 ≤3级,阴,雷阵雨,24,13,南风,≤3级,南风,≤3级,day
2015-05-12 09:30:00,白云大酒店,1、追尾的,负全部责任,不负责任,0,贵AA558G,红,1,贵GK8791,黑,路路达驾校（白云区）,四川省天欣驾驶员培训学校,2015/4/17 0:00,2008/2/19 0:00,荣威牌,-1,366363000000000000 ,366347000000000000 ,198010,198401,9,1,5,工作日,早高峰(7-9点),2015-05-12,2015年5月12日,阴 /雷阵雨,24℃ / 13℃,南风 ≤3级 /南风 ≤3级,阴,雷阵雨,24,13,南风,≤3级,南风,≤3级,day
2015-05-12 09:30:00,六广门,9、不符合前8款规定或者双方同时具有上述情形的,负同等责任,负同等责任,1,贵AR2241,红,1,贵GT1703,红,自培,自培,2002/8/12 0:00,-1,宗申牌,-1,364547000000000000 ,54761500000000000 ,194704,199002,9,1,5,工作日,早高峰(7-9点),2015-05-12,2015年5月12日,阴 /雷阵雨,24℃ / 13℃,南风 ≤3级 /南风 ≤3级,阴,雷阵雨,24,13,南风,≤3级,南风,≤3级,day
2015-05-12 10:30:00,同心路,1、追尾的,负全部责任,不负责任,1,贵AC941M,红,0,贵A1064A,黑,蓝天驾校（观山湖区）,贵州贵龙驾校,2015/4/1 0:00,2014/8/20 0:00,-1,-1,366567000000000000 ,364558000000000000 ,198809,198605,10,1,5,工作日,非高峰,2015-05-12,2015年5月12日,阴 /雷阵雨,24℃ / 13℃,南风 ≤3级 /南风 ≤3级,阴,雷阵雨,24,13,南风,≤3级,南风,≤3级,day
2015-05-11 21:05:00,大营坡,9、不符合前8款规定或者双方同时具有上述情形的,负全部责任,不负责任,1,贵AHH344,白,1,贵AU4052,黑,自培,自培,2000/6/12 0:00,2006/7/20 0:00,东风标致牌,桑塔纳牌,366662000000000000 ,366577000000000000 ,197904,198703,21,0,5,工作日,非高峰,2015-05-11,2015年5月11日,多云 /多云,24℃ / 13℃,东北风 ≤3级 /东北风 ≤3级,多云,多云,24,13,东北风,≤3级,东北风,≤3级,night
2015-05-11 20:30:00,大营坡,7、未按规定让行的 ,负全部责任,不负责任,1,贵AN5144,黄,1,贵A08409,蓝,贵州省遵义汽车运输集团源丰交通驾驶培训有限责任公司,自培,2012/4/28 0:00,2001/3/20 0:00,润腾牌,豪爵牌,364566000000000000 ,366068000000000000 ,199103,196910,20,0,5,工作日,非高峰,2015-05-11,2015年5月11日,多云 /多云,24℃ / 13℃,东北风 ≤3级 /东北风 ≤3级,多云,多云,24,13,东北风,≤3级,东北风,≤3级,night
2015-05-12 08:10:00,粑粑坳,7、未按规定让行的 ,负全部责任,不负责任,1,贵A12V19,白,0,贵A42H92,红,（南明区）吉源驾驶培训有限公司,自培,2007/12/18 0:00,2002/6/11 0:00,长城牌,长安牌,364558000000000000 ,36455751225448403X,197708,196610,8,1,5,工作日,早高峰(7-9点),2015-05-12,2015年5月12日,阴 /雷阵雨,24℃ / 13℃,南风 ≤3级 /南风 ≤3级,阴,雷阵雨,24,13,南风,≤3级,南风,≤3级,day
2015-05-12 11:00:00,二桥,7、未按规定让行的 ,负全部责任,不负责任,1,贵AU2269,黄,1,贵AV0552,黄,520101,自培,2007/3/13 0:00,2001/4/24 0:00,望龙牌,嘉隆牌,364557000000000000 ,364547000000000000 ,198709,196602,11,1,5,工作日,非高峰,2015-05-12,2015年5月12日,阴 /雷阵雨,24℃ / 13℃,南风 ≤3级 /南风 ≤3级,阴,雷阵雨,24,13,南风,≤3级,南风,≤3级,day
2015-05-11 21:00:00,腾生广场,3、倒车的,负全部责任,不负责任,0,贵CPR159,蓝,1,贵AAA573,红,自培,自培,2013/9/30 0:00,2002/5/30 0:00,-1,红旗牌,366570000000000000 ,364548000000000000 ,199210,196210,21,0,5,工作日,非高峰,2015-05-11,2015年5月11日,多云 /多云,24℃ / 13℃,东北风 ≤3级 /东北风 ≤3级,多云,多云,24,13,东北风,≤3级,东北风,≤3级,night
2015-05-12 07:50:00,黔灵山路,7、未按规定让行的 ,负全部责任,不负责任,0,贵A78889,红,1,贵AU8945,黄,自培,自培,2003/7/22 0:00,2004/8/9 0:00,比亚迪牌,宗隆牌,364556000000000000 ,724758000000000000 ,198502,196603,7,1,5,工作日,早高峰(7-9点),2015-05-12,2015年5月12日,阴 /雷阵雨,24℃ / 13℃,南风 ≤3级 /南风 ≤3级,阴,雷阵雨,24,13,南风,≤3级,南风,≤3级,day
2015-05-12 03:00:00,百花大道,7、未按规定让行的 ,负全部责任,不负责任,1,川AV2464,红,1,贵AP076Y,白,自培,自培,2007/3/29 0:00,2001/1/20 0:00,喜马牌,-1,354147000000000000 ,364548000000000000 ,197710,197806,3,1,5,工作日,非高峰,2015-05-12,2015年5月12日,阴 /雷阵雨,24℃ / 13℃,南风 ≤3级 /南风 ≤3级,阴,雷阵雨,24,13,南风,≤3级,南风,≤3级,night
2015-05-12 04:55:00,大十字,7、未按规定让行的 ,负全部责任,不负责任,1,贵AWB944,黑,0,贵ARN849,红,自培,自培,2007/9/6 0:00,2005/3/2 0:00,丰田牌,宝马,5063520000000000 ,364548000000000000 ,197708,197307,4,1,5,工作日,非高峰,2015-05-12,2015年5月12日,阴 /雷阵雨,24℃ / 13℃,南风 ≤3级 /南风 ≤3级,阴,雷阵雨,24,13,南风,≤3级,南风,≤3级,night
2015-05-12 07:45:00,相宝山,3、倒车的,负全部责任,不负责任,1,贵AU5929,黄,1,贵A12N75,红,自培,自培,2003/6/20 0:00,2002/11/12 0:00,捷达牌,东风日产牌,364548000000000000 ,364547000000000000 ,195810,197603,7,1,5,工作日,早高峰(7-9点),2015-05-12,2015年5月12日,阴 /雷阵雨,24℃ / 13℃,南风 ≤3级 /南风 ≤3级,阴,雷阵雨,24,13,南风,≤3级,南风,≤3级,day
2015-05-12 11:40:00,西二环,7、未按规定让行的 ,负全部责任,不负责任,1,贵O505557,蓝,0,贵A46L51,黑,-1,蓝天驾校,-1,2011/7/28 0:00,-1,思铭牌,366064000000000000 ,364548000000000000 ,198904,197306,11,1,5,工作日,非高峰,2015-05-12,2015年5月12日,阴 /雷阵雨,24℃ / 13℃,南风 ≤3级 /南风 ≤3级,阴,雷阵雨,24,13,南风,≤3级,南风,≤3级,day
2015-05-12 12:50:00,金阳医院,7、未按规定让行的 ,负全部责任,不负责任,0,贵A36M67,黑,1,贵GGC799,黑,-1,蓝天驾校,-1,2011/12/7 0:00,福克斯牌,-1,366664000000000000 ,364548000000000000 ,197819,197010,12,1,5,工作日,非高峰,2015-05-12,2015年5月12日,阴 /雷阵雨,24℃ / 13℃,南风 ≤3级 /南风 ≤3级,阴,雷阵雨,24,13,南风,≤3级,南风,≤3级,day
2015-05-12 11:51:00,科创南路,7、未按规定让行的 ,负全部责任,不负责任,1,贵A1868T,红,1,贵GC9213,蓝,安顺市鸿运驾校,全林驾校,-1,2010/4/7 0:00,力帆牌,-1,366347000000000000 ,364566000000000000 ,198010,198703,11,1,5,工作日,非高峰,2015-05-12,2015年5月12日,阴 /雷阵雨,24℃ / 13℃,南风 ≤3级 /南风 ≤3级,阴,雷阵雨,24,13,南风,≤3级,南风,≤3级,day
2015-05-12 13:30:00,二铺,9、不符合前8款规定或者双方同时具有上述情形的,负全部责任,不负责任,1,贵A4Q266,黑,1,贵ARN859,黑,-1,遵义市驰龙封闭式汽车驾驶培训有限公司,-1,2004/6/26 0:00,-1,起亚,364647000000000000 ,364548000000000000 ,198304,197302,13,1,5,工作日,非高峰,2015-05-12,2015年5月12日,阴 /雷阵雨,24℃ / 13℃,南风 ≤3级 /南风 ≤3级,阴,雷阵雨,24,13,南风,≤3级,南风,≤3级,day
2015-05-12 12:20:00,甲秀南路,1、追尾的,负全部责任,不负责任,1,贵ASY554,黑色,1,贵A19153,白色,（花溪区）贵州大学驾驶培训有限公司,-1,2007/1/12 0:00,-1,雅阁牌,双庆牌,74365500000000000 ,765446000000000 ,198310,470828,12,1,5,工作日,非高峰,2015-05-12,2015年5月12日,阴 /雷阵雨,24℃ / 13℃,南风 ≤3级 /南风 ≤3级,阴,雷阵雨,24,13,南风,≤3级,南风,≤3级,day
2015-05-12 11:40:00,同心路,9、不符合前8款规定或者双方同时具有上述情形的,负同等责任,负同等责任,1,贵A3461S,红,1,贵A364E7,白,景宏驾校,景宏驾校,2012/10/29 0:00,2012/5/26 0:00,丰田牌,华神牌,364558000000000000 ,36459551984242777X,197801,198706,11,1,5,工作日,非高峰,2015-05-12,2015年5月12日,阴 /雷阵雨,24℃ / 13℃,南风 ≤3级 /南风 ≤3级,阴,雷阵雨,24,13,南风,≤3级,南风,≤3级,day
2015-05-12 12:00:00,小河西南环线,7、未按规定让行的 ,负全部责任,不负责任,1,贵A39379,白色,1,贵AR4296,白色,-1,隆安县隆达机动车驾驶员培训有限责任公司,-1,2007/4/11 0:00,凌宇牌,轰轰烈牌,366046000000000000 ,366566000000000000 ,198504,198001,12,1,5,工作日,非高峰,2015-05-12,2015年5月12日,阴 /雷阵雨,24℃ / 13℃,南风 ≤3级 /南风 ≤3级,阴,雷阵雨,24,13,南风,≤3级,南风,≤3级,day
2015-05-12 13:00:00,贵惠大道,7、未按规定让行的 ,负全部责任,不负责任,1,贵A77Y87,白色,1,贵A95G42,白色,自培,贵州晨运驾驶培训学校,2001/4/8 0:00,2010/12/8 0:00,别克牌,丰田牌,364547000000000000 ,366361000000000000 ,198207,197412,13,1,5,工作日,非高峰,2015-05-12,2015年5月12日,阴 /雷阵雨,24℃ / 13℃,南风 ≤3级 /南风 ≤3级,阴,雷阵雨,24,13,南风,≤3级,南风,≤3级,day
2015-05-12 11:14:00,同心路,9、不符合前8款规定或者双方同时具有上述情形的,负同等责任,负同等责任,1,贵A364E7,白,1,贵A3461S,红,金大驾校,金大驾校,2012/5/26 0:00,2012/10/29 0:00,华神牌,丰田牌,36459551984242777X,364558000000000000 ,198706,197801,11,1,5,工作日,非高峰,2015-05-12,2015年5月12日,阴 /雷阵雨,24℃ / 13℃,南风 ≤3级 /南风 ≤3级,阴,雷阵雨,24,13,南风,≤3级,南风,≤3级,day
2015-05-12 13:30:00,白云区,7、未按规定让行的 ,负全部责任,不负责任,1,贵A8094S,黄,1,贵A7507A,蓝,黔西县宏远黔职驾校有限公司,-1,2013/11/12 0:00,-1,奇瑞,-1,366068000000000000 ,364558000000000000 ,198501,196805,13,1,5,工作日,非高峰,2015-05-12,2015年5月12日,阴 /雷阵雨,24℃ / 13℃,南风 ≤3级 /南风 ≤3级,阴,雷阵雨,24,13,南风,≤3级,南风,≤3级,day
2015-05-12 13:35:00,小河珠江路,7、未按规定让行的 ,负全部责任,不负责任,1,贵A0BF29,白色,1,贵ASA858,白色,-1,消防驾校,-1,2009/8/29 0:00,大众汽车牌,东风日产牌,366567000000000000 ,366067000000000000 ,198512,198507,13,1,5,工作日,非高峰,2015-05-12,2015年5月12日,阴 /雷阵雨,24℃ / 13℃,南风 ≤3级 /南风 ≤3级,阴,雷阵雨,24,13,南风,≤3级,南风,≤3级,day
2015-05-12 15:03:00,大关,7、未按规定让行的 ,负同等责任,负同等责任,1,贵J932161,蓝,1,贵CP147,黑,-1,520131,-1,2010/4/19 0:00,-1,-1,366262000000000000 ,05676251954242062X,198102,198106,15,1,5,工作日,非高峰,2015-05-12,2015年5月12日,阴 /雷阵雨,24℃ / 13℃,南风 ≤3级 /南风 ≤3级,阴,雷阵雨,24,13,南风,≤3级,南风,≤3级,day
2015-05-12 13:00:00,东站,7、未按规定让行的 ,负全部责任,不负责任,1,贵A86E48,白色,1,贵AU7956,白色,自培,自培,2005/12/19 0:00,2012/9/25 0:00,梅赛德斯-奔驰,恒通客车牌,364548000000000000 ,364567000000000000 ,198303,199009,13,1,5,工作日,非高峰,2015-05-12,2015年5月12日,阴 /雷阵雨,24℃ / 13℃,南风 ≤3级 /南风 ≤3级,阴,雷阵雨,24,13,南风,≤3级,南风,≤3级,day
2015-05-12 13:50:00,三桥,7、未按规定让行的 ,负全部责任,不负责任,1,贵ATL307,白,1,贵AC070H,黑,自培,520114,2004/8/4 0:00,2008/9/1 0:00,解放牌,-1,366869000000000000 ,364568000000000000 ,197909,198609,13,1,5,工作日,非高峰,2015-05-12,2015年5月12日,阴 /雷阵雨,24℃ / 13℃,南风 ≤3级 /南风 ≤3级,阴,雷阵雨,24,13,南风,≤3级,南风,≤3级,day
2015-05-12 09:17:00,百花大道,7、未按规定让行的 ,负全部责任,不负责任,1,贵AA864X,红,1,贵B80505,黑,吉源驾校,十一培,2011/7/4 0:00,1991/11/15 0:00,江淮牌,-1,366068000000000000 ,364557000000000000 ,197507,196502,9,1,5,工作日,早高峰(7-9点),2015-05-12,2015年5月12日,阴 /雷阵雨,24℃ / 13℃,南风 ≤3级 /南风 ≤3级,阴,雷阵雨,24,13,南风,≤3级,南风,≤3级,day
2015-05-12 12:30:00,贵阳学院,7、未按规定让行的 ,负全部责任,不负责任,1,贵A37V71,白色,1,贵A5605学,白色,福泉市锦程机动车驾驶培训学校,十一培,2009/11/25 0:00,1997/5/14 0:00,大众汽车牌,-1,36606051285448603X,364547000000000000 ,196710,197003,12,1,5,工作日,非高峰,2015-05-12,2015年5月12日,阴 /雷阵雨,24℃ / 13℃,南风 ≤3级 /南风 ≤3级,阴,雷阵雨,24,13,南风,≤3级,南风,≤3级,day
2015-05-12 13:10:00,瑞金南路,8、依法应负全责的其他情形,负全部责任,不负责任,1,贵AU6997,白,1,贵A57M23,白,自培,十一培,1980/2/26 0:00,1998/10/7 0:00,宇通牌,福克斯牌,364548000000000000 ,364548000000000000 ,195605,198004,13,1,5,工作日,非高峰,2015-05-12,2015年5月12日,阴 /雷阵雨,24℃ / 13℃,南风 ≤3级 /南风 ≤3级,阴,雷阵雨,24,13,南风,≤3级,南风,≤3级,day
2015-05-12 11:40:00,都匀路,7、未按规定让行的 ,负全部责任,不负责任,1,贵AGU982,白,1,贵ADV675,黑,自培,十一培,2004/7/8 0:00,1993/12/9 0:00,长城牌,北京现代牌,35466951864045398X,364548000000000000 ,197204,196803,11,1,5,工作日,非高峰,2015-05-12,2015年5月12日,阴 /雷阵雨,24℃ / 13℃,南风 ≤3级 /南风 ≤3级,阴,雷阵雨,24,13,南风,≤3级,南风,≤3级,day
2015-05-12 08:40:00,杨家山隧道,1、追尾的,负全部责任,不负责任,1,贵A7184Z,红,1,贵AF6029,黑,贵阳金马驾驶培训有限公司,自培,2003/10/17 0:00,2003/3/11 0:00,中华牌,轰轰烈牌,364557000000000000 ,364548000000000000 ,198502,196610,8,1,5,工作日,早高峰(7-9点),2015-05-12,2015年5月12日,阴 /雷阵雨,24℃ / 13℃,南风 ≤3级 /南风 ≤3级,阴,雷阵雨,24,13,南风,≤3级,南风,≤3级,day
2015-05-12 09:00:00,枣山路,7、未按规定让行的 ,负全部责任,不负责任,0,贵CNX990,白,1,贵DM7194,黑,天行健驾校,自培,2014/8/15 0:00,2002/5/17 0:00,-1,-1,366564000000000000 ,366670000000000000 ,198811,197302,9,1,5,工作日,早高峰(7-9点),2015-05-12,2015年5月12日,阴 /雷阵雨,24℃ / 13℃,南风 ≤3级 /南风 ≤3级,阴,雷阵雨,24,13,南风,≤3级,南风,≤3级,day
2015-05-12 11:47:00,中华北路,7、未按规定让行的 ,负全部责任,不负责任,1,贵AV6839,黄,1,贵FAC552,红,-1,自培,-1,2012/4/27 0:00,豪达牌,-1,366361000000000000 ,366064000000000000 ,197503,198603,11,1,5,工作日,非高峰,2015-05-12,2015年5月12日,阴 /雷阵雨,24℃ / 13℃,南风 ≤3级 /南风 ≤3级,阴,雷阵雨,24,13,南风,≤3级,南风,≤3级,day
2015-05-12 12:20:00,沙冲路,1、追尾的,负全部责任,不负责任,1,贵ARN506,白色,1,贵AU6628,白色,十一驾驶培训有限公司,自培,2010/4/23 0:00,2010/11/29 0:00,桑塔纳牌,钱江牌,376266000000000000 ,364557000000000000 ,199108,198804,12,1,5,工作日,非高峰,2015-05-12,2015年5月12日,阴 /雷阵雨,24℃ / 13℃,南风 ≤3级 /南风 ≤3级,阴,雷阵雨,24,13,南风,≤3级,南风,≤3级,day
2015-05-12 16:00:00,世纪城,7、未按规定让行的 ,负全部责任,不负责任,1,贵A22019,蓝,1,贵AN3119,蓝,-1,全林驾校,-1,2011/6/9 0:00,凌宇牌,思域牌,36636700000000000 ,366670000000000000 ,197109,199012,16,1,5,工作日,非高峰,2015-05-12,2015年5月12日,阴 /雷阵雨,24℃ / 13℃,南风 ≤3级 /南风 ≤3级,阴,雷阵雨,24,13,南风,≤3级,南风,≤3级,day
2015-05-12 13:50:00,花溪大道,7、未按规定让行的 ,负全部责任,不负责任,1,贵A3560K,白色,1,贵AB665X,白色,自培,顺一驾驶培训学校,-1,2010/11/1 0:00,解放牌,神龙-富康,366570000000000000 ,36455551155560687X,198107,199111,13,1,5,工作日,非高峰,2015-05-12,2015年5月12日,阴 /雷阵雨,24℃ / 13℃,南风 ≤3级 /南风 ≤3级,阴,雷阵雨,24,13,南风,≤3级,南风,≤3级,day
2015-05-12 14:20:00,云潭北路,1、追尾的,负全部责任,不负责任,1,贵AB433E,蓝,1,贵A6371C,黑,景宏驾校,消防驾校,2014/9/24 0:00,2010/11/16 0:00,北京牌,大地牌,366368000000000000 ,364558000000000000 ,198412,198803,14,1,5,工作日,非高峰,2015-05-12,2015年5月12日,阴 /雷阵雨,24℃ / 13℃,南风 ≤3级 /南风 ≤3级,阴,雷阵雨,24,13,南风,≤3级,南风,≤3级,day
2015-05-12 14:23:00,嘉润路,2、逆行的,负全部责任,不负责任,1,贵ALT563,白色,1,贵A45H73,白色,黔南州兴鑫汽车驾驶培训学校,贵州省长安驾驶培训学校,2013/7/23 0:00,2013/8/9 0:00,五菱牌,江淮牌,366868000000000000 ,774797000000000000 ,199102,199206,14,1,5,工作日,非高峰,2015-05-12,2015年5月12日,阴 /雷阵雨,24℃ / 13℃,南风 ≤3级 /南风 ≤3级,阴,雷阵雨,24,13,南风,≤3级,南风,≤3级,day
2015-05-12 14:10:00,枣山路,7、未按规定让行的 ,负全部责任,不负责任,1,渝C1H198,黑,1,贵AO8692,黄,-1,贵大佳德驾驶培训学,-1,2006/10/26 0:00,-1,-1,344797000000000000 ,366064000000000000 ,198712,198008,14,1,5,工作日,非高峰,2015-05-12,2015年5月12日,阴 /雷阵雨,24℃ / 13℃,南风 ≤3级 /南风 ≤3级,阴,雷阵雨,24,13,南风,≤3级,南风,≤3级,day
2015-05-12 13:50:00,北二环,8、依法应负全责的其他情形,负全部责任,不负责任,1,贵A5970V,白,1,贵A200C5,白,青正驾校,-1,2012/12/11 0:00,-1,广汽菲亚特牌,解放牌,36459551154660795X,366361000000000000 ,199102,197608,13,1,5,工作日,非高峰,2015-05-12,2015年5月12日,阴 /雷阵雨,24℃ / 13℃,南风 ≤3级 /南风 ≤3级,阴,雷阵雨,24,13,南风,≤3级,南风,≤3级,day
2015-05-12 18:00:00,永乐乡,7、未按规定让行的 ,负全部责任,不负责任,1,贵A75389,黄,0,贵A3105K,白,-1,自培,-1,2014/10/23 0:00,解放,长安牌,36455700000000000 ,366063000000000000 ,198212,198204,18,1,5,工作日,晚高峰(17-19点),2015-05-12,2015年5月12日,阴 /雷阵雨,24℃ / 13℃,南风 ≤3级 /南风 ≤3级,阴,雷阵雨,24,13,南风,≤3级,南风,≤3级,day
2015-05-12 18:00:00,贵阳学院,3、倒车的,负全部责任,不负责任,1,渝CR9422,黑色,1,贵A31G12,白色,-1,贵阳学院汽车驾驶培训,-1,2011/12/7 0:00,-1,宝骏牌,354670000000000000 ,366561000000000000 ,196910,197804,18,1,5,工作日,晚高峰(17-19点),2015-05-12,2015年5月12日,阴 /雷阵雨,24℃ / 13℃,南风 ≤3级 /南风 ≤3级,阴,雷阵雨,24,13,南风,≤3级,南风,≤3级,day
2015-05-12 19:00:00,新添大道,7、未按规定让行的 ,负全部责任,不负责任,1,粤S53S43,红,1,贵ANF543,红,-1,全林驾校,-1,2010/10/11 0:00,-1,东风日产牌,74267500000000000 ,364557000000000000 ,198601,199012,19,1,5,工作日,晚高峰(17-19点),2015-05-12,2015年5月12日,阴 /雷阵雨,24℃ / 13℃,南风 ≤3级 /南风 ≤3级,阴,雷阵雨,24,13,南风,≤3级,南风,≤3级,day
2015-05-12 17:00:00,世纪城,7、未按规定让行的 ,负全部责任,不负责任,1,贵A29R46,红,1,贵AN3119,蓝,（白云区）消防驾驶培训学校,全林驾校,2008/12/10 0:00,2011/6/9 0:00,科雷傲,爱立新牌,364647000000000000 ,366670000000000000 ,198202,199012,17,1,5,工作日,晚高峰(17-19点),2015-05-12,2015年5月12日,阴 /雷阵雨,24℃ / 13℃,南风 ≤3级 /南风 ≤3级,阴,雷阵雨,24,13,南风,≤3级,南风,≤3级,day
2015-05-12 18:00:00,百花山,1、追尾的,负全部责任,不负责任,1,贵JBE329,红,1,贵A59A81,红,-1,黔西南州兴昌驾校,-1,-1,-1,发现神行,06416651924063015X,366346000000000000 ,198604,198905,18,1,5,工作日,晚高峰(17-19点),2015-05-12,2015年5月12日,阴 /雷阵雨,24℃ / 13℃,南风 ≤3级 /南风 ≤3级,阴,雷阵雨,24,13,南风,≤3级,南风,≤3级,day
2015-05-12 16:52:00,盐务街,1、追尾的,负全部责任,不负责任,1,贵A54N49,白,1,贵A2CE27,黑,新天驾校,鑫鑫驾校,1999/11/3 0:00,2011/12/27 0:00,思威牌,大众汽车牌,364548000000000000 ,364566000000000000 ,197706,198909,16,1,5,工作日,非高峰,2015-05-12,2015年5月12日,阴 /雷阵雨,24℃ / 13℃,南风 ≤3级 /南风 ≤3级,阴,雷阵雨,24,13,南风,≤3级,南风,≤3级,day
2015-05-12 16:00:00,解放路,7、未按规定让行的 ,负全部责任,不负责任,1,贵AN1184,白色,1,贵ABT702,白色,自培,预约考试窗口,2003/1/9 0:00,2007/1/18 0:00,马自达牌,长安牌,364558000000000000 ,366068000000000000 ,195510,198502,16,1,5,工作日,非高峰,2015-05-12,2015年5月12日,阴 /雷阵雨,24℃ / 13℃,南风 ≤3级 /南风 ≤3级,阴,雷阵雨,24,13,南风,≤3级,南风,≤3级,day
2015-05-12 15:20:00,安云路,7、未按规定让行的 ,负全部责任,不负责任,1,云AR1E43,白,1,贵JEL413,蓝,自培,-1,2004/5/8 0:00,-1,-1,-1,366067000000000000 ,36636051164949605X,198512,199208,15,1,5,工作日,非高峰,2015-05-12,2015年5月12日,阴 /雷阵雨,24℃ / 13℃,南风 ≤3级 /南风 ≤3级,阴,雷阵雨,24,13,南风,≤3级,南风,≤3级,day
2015-05-12 15:28:00,八匹马,7、未按规定让行的 ,负全部责任,不负责任,0,贵A8566E,白,1,贵ANM846,黑,景宏驾校,十一培,2012/1/18 0:00,1989/5/30 0:00,北京现代牌,丰田牌,364558000000000000 ,364548000000000000 ,198910,195511,15,1,5,工作日,非高峰,2015-05-12,2015年5月12日,阴 /雷阵雨,24℃ / 13℃,南风 ≤3级 /南风 ≤3级,阴,雷阵雨,24,13,南风,≤3级,南风,≤3级,day
2015-05-12 17:15:00,大川白金城,7、未按规定让行的 ,负全部责任,不负责任,1,渝BP2694,黑,1,贵A5135B,黑,-1,自培,-1,2002/3/29 0:00,-1,吉利美日牌,366367000000000000 ,366675000000000000 ,197205,196509,17,1,5,工作日,晚高峰(17-19点),2015-05-12,2015年5月12日,阴 /雷阵雨,24℃ / 13℃,南风 ≤3级 /南风 ≤3级,阴,雷阵雨,24,13,南风,≤3级,南风,≤3级,day
2015-05-12 17:54:00,北京路,1、追尾的,负全部责任,不负责任,1,京MY694,白,1,贵A68M55,黄,-1,自培,-1,2004/7/8 0:00,-1,雪佛兰牌,554448000000 ,364548000000000000 ,210257,197807,17,1,5,工作日,晚高峰(17-19点),2015-05-12,2015年5月12日,阴 /雷阵雨,24℃ / 13℃,南风 ≤3级 /南风 ≤3级,阴,雷阵雨,24,13,南风,≤3级,南风,≤3级,day
2015-05-12 15:00:00,南明区铁二局驾校门前,4、停车时未挂低速档、未拉驻车制动，导致车辆滑行的,负全部责任,不负责任,1,贵GC4085,白色,1,贵A6558X,白色,自培,自培,2006/5/18 0:00,2004/8/25 0:00,-1,比亚迪牌,354147000000000000 ,36455551924749535X,197207,198603,15,1,5,工作日,非高峰,2015-05-12,2015年5月12日,阴 /雷阵雨,24℃ / 13℃,南风 ≤3级 /南风 ≤3级,阴,雷阵雨,24,13,南风,≤3级,南风,≤3级,day
2015-05-12 14:00:00,笔山路口,7、未按规定让行的 ,负全部责任,不负责任,1,贵A28723,白色,1,贵AD7253,白色,自培,自培,2005/8/18 0:00,2004/9/30 0:00,轻骑,钱江牌,36466551955663458X,366566000000000000 ,198112,197802,14,1,5,工作日,非高峰,2015-05-12,2015年5月12日,阴 /雷阵雨,24℃ / 13℃,南风 ≤3级 /南风 ≤3级,阴,雷阵雨,24,13,南风,≤3级,南风,≤3级,day
2015-05-12 17:40:00,八匹马,1、追尾的,负全部责任,不负责任,1,贵A96A92,红,1,贵CN2936,黑,消防驾校,-1,2000/9/29 0:00,-1,东南牌,-1,364558000000000000 ,366061000000000000 ,196102,196811,17,1,5,工作日,晚高峰(17-19点),2015-05-12,2015年5月12日,阴 /雷阵雨,24℃ / 13℃,南风 ≤3级 /南风 ≤3级,阴,雷阵雨,24,13,南风,≤3级,南风,≤3级,day
2015-05-12 18:00:00,黄泥哨村,8、依法应负全责的其他情形,负全部责任,不负责任,1,贵A27612,白色,1,贵ACE702,白色,-1,金筑驾校,-1,2005/8/2 0:00,陕汽牌,五菱牌,366875000000000000 ,364556000000000000 ,198809,198604,18,1,5,工作日,晚高峰(17-19点),2015-05-12,2015年5月12日,阴 /雷阵雨,24℃ / 13℃,南风 ≤3级 /南风 ≤3级,阴,雷阵雨,24,13,南风,≤3级,南风,≤3级,day
2015-05-12 17:48:00,大洼,7、未按规定让行的 ,负全部责任,不负责任,1,贵GQ5546,红,1,云AH983M,红,（花溪区）金马驾驶培训有限公司,-1,2006/8/14 0:00,-1,-1,-1,364547000000000000 ,74065500000000000 ,198802,199306,17,1,5,工作日,晚高峰(17-19点),2015-05-12,2015年5月12日,阴 /雷阵雨,24℃ / 13℃,南风 ≤3级 /南风 ≤3级,阴,雷阵雨,24,13,南风,≤3级,南风,≤3级,day
2015-05-12 21:30:00,友谊路,1、追尾的,负全部责任,不负责任,1,贵A87K33,黑,1,贵G60231,白,-1,金大驾校,-1,2015/2/16 0:00,奥德赛牌,-1,364548000000000000 ,36454751995660097X,198502,198812,21,1,5,工作日,非高峰,2015-05-12,2015年5月12日,阴 /雷阵雨,24℃ / 13℃,南风 ≤3级 /南风 ≤3级,阴,雷阵雨,24,13,南风,≤3级,南风,≤3级,night