accidenttime,accidentaddr,driver1fault,driver1responsibility,driver2responsibility,sex1,platenumber1,carcolor1,sex2,platenumber2,carcolor2,jxmc1,jxmc2,cclzrq1,cclzrq2,clpp1,clpp2,driver1license,driver2license,brith1,brith2,hour,weekday,month,is_weekday,peak_hour,date,日期,天气状况,气温,风力风向,day_wea,night_wea,day_tep,night_tep,day_wind_direction,day_wind_speed,night_wind_direction,night_wind_speed,segment
2015-05-12 22:00:00,花果园,3、倒车的,负全部责任,不负责任,1,贵CD0798,白色,1,贵AJL271,白色,-1,贵州晨运驾驶培训学校,-1,2010/12/23 0:00,-1,北京现代牌,354366000000000000 ,366347000000000000 ,199409,197810,22,1,5,工作日,非高峰,2015-05-12,2015年5月12日,阴 /雷阵雨,24℃ / 13℃,南风 ≤3级 /南风 ≤3级,阴,雷阵雨,24,13,南风,≤3级,南风,≤3级,night
2015-05-13 07:00:00,茶园林,1、追尾的,负全部责任,不负责任,1,贵A0M931,白,1,贵JAW698,白,-1,-1,-1,-1,-1,-1,366543000000000000 ,776346000000000000 ,196701,198701,7,2,5,工作日,早高峰(7-9点),2015-05-13,2015年5月13日,多云 /阵雨,26℃ / 19℃,东南风 ≤3级 /东南风 ≤3级,多云,阵雨,26,19,东南风,≤3级,东南风,≤3级,day
2015-05-13 07:30:00,白云一中,8、依法应负全责的其他情形,负全部责任,不负责任,1,川EZ1365,白,1,贵F05137,黄,-1,毕节地区黔中驾校,-1,-1,-1,-1,354366000000000000 ,36606751975543915X,196808,198311,7,2,5,工作日,早高峰(7-9点),2015-05-13,2015年5月13日,多云 /阵雨,26℃ / 19℃,东南风 ≤3级 /东南风 ≤3级,多云,阵雨,26,19,东南风,≤3级,东南风,≤3级,day
2015-05-12 21:00:00,贵阳一中,7、未按规定让行的 ,负全部责任,不负责任,0,贵AW8764,蓝,0,贵A74J68,蓝,（乌当区）全林驾驶培训有限公司,吉源驾校,2004/12/16 0:00,2014/11/19 0:00,三铃牌,东风日产牌,36455651864663446X,36454651164868706X,197202,199207,21,1,5,工作日,非高峰,2015-05-12,2015年5月12日,阴 /雷阵雨,24℃ / 13℃,南风 ≤3级 /南风 ≤3级,阴,雷阵雨,24,13,南风,≤3级,南风,≤3级,night
2015-05-13 07:30:00,北京路,7、未按规定让行的 ,负全部责任,不负责任,1,贵HBH188,白,1,贵AU3448,黄,-1,（南明区）现代驾驶培训有限公司,-1,1998/4/30 0:00,-1,奇瑞牌,25786751924165403X,36454751814067765X,198609,197904,7,2,5,工作日,早高峰(7-9点),2015-05-13,2015年5月13日,多云 /阵雨,26℃ / 19℃,东南风 ≤3级 /东南风 ≤3级,多云,阵雨,26,19,东南风,≤3级,东南风,≤3级,day
2015-05-13 06:52:00,南湖街,7、未按规定让行的 ,负全部责任,不负责任,1,贵A2906B,蓝,1,贵A6074B,红,无,自培,2004/12/31 0:00,2003/5/31 0:00,长城牌,比亚迪牌,364558000000000000 ,366368000000000000 ,197301,198109,6,2,5,工作日,非高峰,2015-05-13,2015年5月13日,多云 /阵雨,26℃ / 19℃,东南风 ≤3级 /东南风 ≤3级,多云,阵雨,26,19,东南风,≤3级,东南风,≤3级,day
2015-05-12 21:20:00,新添大道,4、停车时未挂低速档、未拉驻车制动，导致车辆滑行的,负全部责任,不负责任,1,贵AU7616,黄,1,贵ANN388,红,自培,-1,2007/3/26 0:00,-1,恒通客车牌,丰田牌,24440500000000000 ,36454751884252525X,197006,197706,21,1,5,工作日,非高峰,2015-05-12,2015年5月12日,阴 /雷阵雨,24℃ / 13℃,南风 ≤3级 /南风 ≤3级,阴,雷阵雨,24,13,南风,≤3级,南风,≤3级,night
2015-05-12 23:00:00,新添大道,7、未按规定让行的 ,负全部责任,不负责任,1,贵A0AE49,黑,1,贵AA889C,红,文通驾校,520131,2011/10/8 0:00,2004/9/13 0:00,奥迪牌,东风雪铁龙,364548000000000000 ,366067000000000000 ,197812,198010,23,1,5,工作日,非高峰,2015-05-12,2015年5月12日,阴 /雷阵雨,24℃ / 13℃,南风 ≤3级 /南风 ≤3级,阴,雷阵雨,24,13,南风,≤3级,南风,≤3级,night
2015-05-12 21:00:00,麒龙名苑,3、倒车的,负全部责任,不负责任,0,贵AB973E,红,0,贵A26M24,红,贵阳万里圣驾校,520127,2014/9/1 0:00,2009/1/23 0:00,别克,东风雪铁龙牌,364596000000000000 ,366569000000000000 ,199211,197202,21,1,5,工作日,非高峰,2015-05-12,2015年5月12日,阴 /雷阵雨,24℃ / 13℃,南风 ≤3级 /南风 ≤3级,阴,雷阵雨,24,13,南风,≤3级,南风,≤3级,night
2015-05-13 05:40:00,贵开路,1、追尾的,负全部责任,不负责任,1,贵A1951Y,蓝,0,贵A7Q849,白,-1,预约考试窗口,-1,2007/2/8 0:00,-1,-1,364557000000000000 ,366068000000000000 ,196812,197212,5,2,5,工作日,非高峰,2015-05-13,2015年5月13日,多云 /阵雨,26℃ / 19℃,东南风 ≤3级 /东南风 ≤3级,多云,阵雨,26,19,东南风,≤3级,东南风,≤3级,night
2015-05-13 04:30:00,医学院,9、不符合前8款规定或者双方同时具有上述情形的,负同等责任,负同等责任,1,贵AUA055,白色,1,贵AU1962,白色,（南明区）阳光驾驶培训有限公司,（南明区）阳光驾驶培训有限公司,2008/9/19 0:00,2002/9/10 0:00,丰田牌,宗申牌,366367000000000000 ,366067000000000000 ,197810,196702,4,2,5,工作日,非高峰,2015-05-13,2015年5月13日,多云 /阵雨,26℃ / 19℃,东南风 ≤3级 /东南风 ≤3级,多云,阵雨,26,19,东南风,≤3级,东南风,≤3级,night
2015-05-12 18:30:00,花溪大道,8、依法应负全责的其他情形,负全部责任,不负责任,1,贵AU8083,白色,1,贵AU6507,白色,自培,十一培,1997/10/20 0:00,1994/3/8 0:00,瑞麒牌,蜀都牌,364547000000000000 ,364547000000000000 ,197601,196504,18,1,5,工作日,晚高峰(17-19点),2015-05-12,2015年5月12日,阴 /雷阵雨,24℃ / 13℃,南风 ≤3级 /南风 ≤3级,阴,雷阵雨,24,13,南风,≤3级,南风,≤3级,day
2015-05-12 20:00:00,百花大道,7、未按规定让行的 ,负全部责任,不负责任,1,贵A006E8,白,1,贵A11V43,红,自培,自培,2011/6/28 0:00,2007/1/30 0:00,解放牌,东风日产牌,364648000000000000 ,364567000000000000 ,198203,198808,20,1,5,工作日,非高峰,2015-05-12,2015年5月12日,阴 /雷阵雨,24℃ / 13℃,南风 ≤3级 /南风 ≤3级,阴,雷阵雨,24,13,南风,≤3级,南风,≤3级,night
2015-05-12 16:10:00,喷水池,8、依法应负全责的其他情形,负全部责任,不负责任,1,贵A31909,白,1,贵A6Q038,红,吉源驾校,自培,2015/1/19 0:00,2003/6/9 0:00,徐工牌,-1,364547000000000000 ,364548000000000000 ,199009,198411,16,1,5,工作日,非高峰,2015-05-12,2015年5月12日,阴 /雷阵雨,24℃ / 13℃,南风 ≤3级 /南风 ≤3级,阴,雷阵雨,24,13,南风,≤3级,南风,≤3级,day
2015-05-12 20:17:00,贵钢,3、倒车的,负全部责任,不负责任,1,贵GR5139,白,1,贵A2AR61,黄,安顺市镇宁县正兴汽车驾驶培训学校,自培,2012/12/11 0:00,2003/9/24 0:00,-1,大众汽车牌,366362000000000000 ,366566000000000000 ,198502,197608,20,1,5,工作日,非高峰,2015-05-12,2015年5月12日,阴 /雷阵雨,24℃ / 13℃,南风 ≤3级 /南风 ≤3级,阴,雷阵雨,24,13,南风,≤3级,南风,≤3级,night
2015-05-12 16:50:00,铜仁路,1、追尾的,负全部责任,不负责任,1,贵A6BF36,白,1,贵A73C52,红,自培,自培,2005/4/13 0:00,2002/7/22 0:00,蒙迪欧牌,五菱牌,724061000000000000 ,356168000000000000 ,198601,197408,16,1,5,工作日,非高峰,2015-05-12,2015年5月12日,阴 /雷阵雨,24℃ / 13℃,南风 ≤3级 /南风 ≤3级,阴,雷阵雨,24,13,南风,≤3级,南风,≤3级,day
2015-05-13 05:40:00,轮胎厂,1、追尾的,负全部责任,不负责任,1,贵A919E4,红,1,贵A6485K,红,自培,景宏驾校,2010/3/24 0:00,2014/9/24 0:00,长安牌,五菱牌,66047500000000000 ,364556000000000000 ,198004,198808,5,2,5,工作日,非高峰,2015-05-13,2015年5月13日,多云 /阵雨,26℃ / 19℃,东南风 ≤3级 /东南风 ≤3级,多云,阵雨,26,19,东南风,≤3级,东南风,≤3级,night
2015-05-12 21:00:00,小河五大队,7、未按规定让行的 ,负全部责任,不负责任,1,贵AB4752,白色,1,贵A19Y24,白色,-1,鑫鑫驾校,-1,2006/10/26 0:00,豪爵-SUZUKI牌,-1,366562000000000000 ,366566000000000000 ,196203,197909,21,1,5,工作日,非高峰,2015-05-12,2015年5月12日,阴 /雷阵雨,24℃ / 13℃,南风 ≤3级 /南风 ≤3级,阴,雷阵雨,24,13,南风,≤3级,南风,≤3级,night
2015-05-13 00:00:00,太慈桥,7、未按规定让行的 ,负全部责任,不负责任,1,贵A82345,白色,1,贵JAX433,白色,-1,贵大佳德驾驶培训学校,-1,2012/7/23 0:00,嘉龙牌,-1,75663500000000000 ,355467000000000000 ,198610,196809,0,2,5,工作日,非高峰,2015-05-13,2015年5月13日,多云 /阵雨,26℃ / 19℃,东南风 ≤3级 /东南风 ≤3级,多云,阵雨,26,19,东南风,≤3级,东南风,≤3级,night
2015-05-13 08:50:00,瑞金北路,7、未按规定让行的 ,负全部责任,不负责任,1,渝A2M484,蓝,1,贵A23H44,白,-1,贵州省长安驾驶培训学校,-1,2013/9/16 0:00,-1,大众汽车牌,34466351155546475X,366061000000000000 ,199111,197006,8,2,5,工作日,早高峰(7-9点),2015-05-13,2015年5月13日,多云 /阵雨,26℃ / 19℃,东南风 ≤3级 /东南风 ≤3级,多云,阵雨,26,19,东南风,≤3级,东南风,≤3级,day
2015-05-13 09:40:00,黔灵山路,1、追尾的,负全部责任,不负责任,1,贵AKG493,蓝,1,贵A42C82,白,-1,520130,-1,2008/5/21 0:00,宝马,福克斯牌,366861000000000000 ,356168000000000000 ,198008,197407,9,2,5,工作日,早高峰(7-9点),2015-05-13,2015年5月13日,多云 /阵雨,26℃ / 19℃,东南风 ≤3级 /东南风 ≤3级,多云,阵雨,26,19,东南风,≤3级,东南风,≤3级,day
2015-05-13 09:50:00,北京西路,7、未按规定让行的 ,负全部责任,不负责任,1,贵A98550,红,0,贵A64M29,白,-1,消防驾校,-1,2012/1/21 0:00,隆鑫牌,宝马牌,36636100000000000 ,366846000000000000 ,196405,198512,9,2,5,工作日,早高峰(7-9点),2015-05-13,2015年5月13日,多云 /阵雨,26℃ / 19℃,东南风 ≤3级 /东南风 ≤3级,多云,阵雨,26,19,东南风,≤3级,东南风,≤3级,day
2015-05-13 09:30:00,云环路,9、不符合前8款规定或者双方同时具有上述情形的,负同等责任,负同等责任,1,贵AA754J,白,1,贵A86087,黄,自培,-1,2004/10/19 0:00,-1,朗逸牌,达飞尔牌,354361000000000000 ,726066000000000000 ,198002,196701,9,2,5,工作日,早高峰(7-9点),2015-05-13,2015年5月13日,多云 /阵雨,26℃ / 19℃,东南风 ≤3级 /东南风 ≤3级,多云,阵雨,26,19,东南风,≤3级,东南风,≤3级,day
2015-05-13 08:40:00,上寨村,3、倒车的,负全部责任,不负责任,1,贵AML392,猴哥,0,贵A8170N,黑,（南明区）金大驾驶培训有限公司,消防驾校,2006/5/11 0:00,2005/6/28 0:00,长安牌,吉利美日牌,366061000000000000 ,366064000000000000 ,197604,197612,8,2,5,工作日,早高峰(7-9点),2015-05-13,2015年5月13日,多云 /阵雨,26℃ / 19℃,东南风 ≤3级 /东南风 ≤3级,多云,阵雨,26,19,东南风,≤3级,东南风,≤3级,day
2015-05-13 09:00:00,明珠大道,1、追尾的,负全部责任,不负责任,1,贵GX4523,白色,1,贵A3535B,白色,贵大驾校,十一驾驶培训有限公司,2014/12/29 0:00,2012/11/30 0:00,-1,-1,366068000000000000 ,366868000000000000 ,199412,199312,9,2,5,工作日,早高峰(7-9点),2015-05-13,2015年5月13日,多云 /阵雨,26℃ / 19℃,东南风 ≤3级 /东南风 ≤3级,多云,阵雨,26,19,东南风,≤3级,东南风,≤3级,day
2015-05-13 09:20:00,中山东路,7、未按规定让行的 ,负全部责任,不负责任,1,贵GGA372,白,1,贵AU8777,黄,贵大驾校,大地驾校,2011/8/12 0:00,2009/4/2 0:00,-1,瑞麒牌,364556000000000000 ,36666051824863449X,199001,197607,9,2,5,工作日,早高峰(7-9点),2015-05-13,2015年5月13日,多云 /阵雨,26℃ / 19℃,东南风 ≤3级 /东南风 ≤3级,多云,阵雨,26,19,东南风,≤3级,东南风,≤3级,day
2015-05-13 08:00:00,湘雅村,7、未按规定让行的 ,负全部责任,不负责任,1,贵AW8874,白色,1,贵A7BL43,白色,（观山湖区）蓝天驾驶培训有限公司,诚信驾驶培训学校,2008/1/16 0:00,2015/1/7 0:00,陆豪牌,宝马牌,364547000000000000 ,364547000000000000 ,198207,198706,8,2,5,工作日,早高峰(7-9点),2015-05-13,2015年5月13日,多云 /阵雨,26℃ / 19℃,东南风 ≤3级 /东南风 ≤3级,多云,阵雨,26,19,东南风,≤3级,东南风,≤3级,day
2015-05-13 08:40:00,大营坡,3、倒车的,负全部责任,不负责任,1,贵AEF127,白,1,贵ASE484,红,（南明区）阳光驾驶培训有限公司,-1,2006/1/19 0:00,-1,梅赛德斯-奔驰,大众汽车牌,366562000000000000 ,364547000000000000 ,198303,196610,8,2,5,工作日,早高峰(7-9点),2015-05-13,2015年5月13日,多云 /阵雨,26℃ / 19℃,东南风 ≤3级 /东南风 ≤3级,多云,阵雨,26,19,东南风,≤3级,东南风,≤3级,day
2015-05-13 09:30:00,乌当区东风镇,3、倒车的,负全部责任,不负责任,1,贵AH9536,白色,1,贵AC978X,白色,（乌当区）全林驾驶培训有限公司,-1,2015/2/10 0:00,-1,豪进牌,-1,364557000000000000 ,366346000000000000 ,199102,199109,9,2,5,工作日,早高峰(7-9点),2015-05-13,2015年5月13日,多云 /阵雨,26℃ / 19℃,东南风 ≤3级 /东南风 ≤3级,多云,阵雨,26,19,东南风,≤3级,东南风,≤3级,day
2015-05-13 11:00:00,金苏大道,7、未按规定让行的 ,负全部责任,不负责任,1,贵A90576,白,0,贵AB061V,黄,-1,消防驾校,-1,2011/7/14 0:00,解放,-1,37636051964847623X,364558000000000000 ,198207,198903,11,2,5,工作日,非高峰,2015-05-13,2015年5月13日,多云 /阵雨,26℃ / 19℃,东南风 ≤3级 /东南风 ≤3级,多云,阵雨,26,19,东南风,≤3级,东南风,≤3级,day
2015-05-13 11:30:00,宝山南路,7、未按规定让行的 ,负全部责任,不负责任,1,贵DA8669,白,1,贵AV8619,黄,-1,520129,-1,2008/5/12 0:00,-1,三铃牌,366670000000000000 ,366068000000000000 ,197808,198505,11,2,5,工作日,非高峰,2015-05-13,2015年5月13日,多云 /阵雨,26℃ / 19℃,东南风 ≤3级 /东南风 ≤3级,多云,阵雨,26,19,东南风,≤3级,东南风,≤3级,day
2015-05-13 04:00:00,金源购物中心,3、倒车的,负全部责任,不负责任,0,贵AH8884,白,0,贵GN3773,蓝,自培,-1,2011/12/8 0:00,-1,梅赛德斯-奔驰,-1,65497500000000000 ,36454800000000000 ,198505,198710,4,2,5,工作日,非高峰,2015-05-13,2015年5月13日,多云 /阵雨,26℃ / 19℃,东南风 ≤3级 /东南风 ≤3级,多云,阵雨,26,19,东南风,≤3级,东南风,≤3级,night
2015-05-13 08:30:00,枣山路,8、依法应负全责的其他情形,负全部责任,不负责任,1,贵AA9124,白色,1,贵GL4457,白色,自培,省交校,2007/6/21 0:00,2012/4/25 0:00,东风雪铁龙牌,-1,364548000000000000 ,36636251945574495X,197909,198011,8,2,5,工作日,早高峰(7-9点),2015-05-13,2015年5月13日,多云 /阵雨,26℃ / 19℃,东南风 ≤3级 /东南风 ≤3级,多云,阵雨,26,19,东南风,≤3级,东南风,≤3级,day
2015-05-12 22:14:00,油小线,7、未按规定让行的 ,负全部责任,不负责任,1,贵GM6743,黄,1,贵A14R15,白,铁二局驾校,自培,2011/7/20 0:00,2006/4/18 0:00,-1,-1,364547000000000000 ,364547000000000000 ,199008,198103,22,1,5,工作日,非高峰,2015-05-12,2015年5月12日,阴 /雷阵雨,24℃ / 13℃,南风 ≤3级 /南风 ≤3级,阴,雷阵雨,24,13,南风,≤3级,南风,≤3级,night
2015-05-13 08:06:00,嘉润路,1、追尾的,负全部责任,不负责任,0,贵A88K25,红,1,贵AES688,白,-1,自培,-1,2005/1/14 0:00,大众汽车牌,思铭牌,364547000000 ,364547000000000000 ,286628,198406,8,2,5,工作日,早高峰(7-9点),2015-05-13,2015年5月13日,多云 /阵雨,26℃ / 19℃,东南风 ≤3级 /东南风 ≤3级,多云,阵雨,26,19,东南风,≤3级,东南风,≤3级,day
2015-05-13 09:50:00,五眼桥,7、未按规定让行的 ,负全部责任,不负责任,1,贵NB4109,白色,1,贵AG0809,白色,（观山湖区）蓝天驾驶培训有限公司,自培,2010/3/3 0:00,2001/9/20 0:00,-1,丰田,364557000000000000 ,366368000000000000 ,198910,198208,9,2,5,工作日,早高峰(7-9点),2015-05-13,2015年5月13日,多云 /阵雨,26℃ / 19℃,东南风 ≤3级 /东南风 ≤3级,多云,阵雨,26,19,东南风,≤3级,东南风,≤3级,day
2015-05-13 13:00:00,育才路,1、追尾的,负全部责任,不负责任,1,鲁C44482,黑,1,贵AHS766,蓝,-1,-1,-1,-1,-1,长安牌,786775000000000000 ,357175000000000000 ,196810,196807,13,2,5,工作日,非高峰,2015-05-13,2015年5月13日,多云 /阵雨,26℃ / 19℃,东南风 ≤3级 /东南风 ≤3级,多云,阵雨,26,19,东南风,≤3级,东南风,≤3级,day
2015-05-13 13:00:00,西二环,7、未按规定让行的 ,负全部责任,不负责任,1,贵O27715,黄,0,贵A46L51,红,-1,蓝天驾校,-1,2011/7/28 0:00,-1,思铭牌,366064000000000000 ,364548000000000000 ,197610,197306,13,2,5,工作日,非高峰,2015-05-13,2015年5月13日,多云 /阵雨,26℃ / 19℃,东南风 ≤3级 /东南风 ≤3级,多云,阵雨,26,19,东南风,≤3级,东南风,≤3级,day
2015-05-13 11:00:00,营盘路,8、依法应负全责的其他情形,负全部责任,不负责任,1,浙HH6195,白色,1,贵ACJ858,白色,（经开区）十一驾驶培训有限公司,自培,-1,1995/12/17 0:00,-1,东风日产牌,774996000000000000 ,364548000000000000 ,198902,197702,11,2,5,工作日,非高峰,2015-05-13,2015年5月13日,多云 /阵雨,26℃ / 19℃,东南风 ≤3级 /东南风 ≤3级,多云,阵雨,26,19,东南风,≤3级,东南风,≤3级,day
2015-05-13 10:00:00,沙冲路,7、未按规定让行的 ,负全部责任,不负责任,1,贵A9744M,白色,1,贵A64L78,白色,自培,-1,2000/2/18 0:00,-1,丰田牌,丰田牌,366064000000000000 ,364548000000000000 ,196212,198306,10,2,5,工作日,非高峰,2015-05-13,2015年5月13日,多云 /阵雨,26℃ / 19℃,东南风 ≤3级 /东南风 ≤3级,多云,阵雨,26,19,东南风,≤3级,东南风,≤3级,day
2015-05-13 11:04:00,百花大道,3、倒车的,负全部责任,不负责任,1,贵A,红,1,贵DQ1123,红,-1,贵州铜南汽车驾驶培有限公司,-1,-1,-1,-1,65467500000000000 ,366663000000000000 ,198211,198402,11,2,5,工作日,非高峰,2015-05-13,2015年5月13日,多云 /阵雨,26℃ / 19℃,东南风 ≤3级 /东南风 ≤3级,多云,阵雨,26,19,东南风,≤3级,东南风,≤3级,day
2015-05-13 10:30:00,白金大道,7、未按规定让行的 ,负全部责任,不负责任,1,贵A6713M,蓝,1,贵AC491V,蓝,消防驾校,人武驾校,2011/9/2 0:00,2012/2/24 0:00,海马牌,哈弗牌,364558000000000000 ,364558000000000000 ,198001,198911,10,2,5,工作日,非高峰,2015-05-13,2015年5月13日,多云 /阵雨,26℃ / 19℃,东南风 ≤3级 /东南风 ≤3级,多云,阵雨,26,19,东南风,≤3级,东南风,≤3级,day
2015-05-13 11:00:00,青山小区,7、未按规定让行的 ,负全部责任,不负责任,1,贵A94B34,白色,1,贵ET5484,白色,（南明区）铁二局驾驶培训有限公司,自培,2009/6/18 0:00,1991/9/9 0:00,哈飞牌,-1,366566000000000000 ,364548000000000000 ,196806,196209,11,2,5,工作日,非高峰,2015-05-13,2015年5月13日,多云 /阵雨,26℃ / 19℃,东南风 ≤3级 /东南风 ≤3级,多云,阵雨,26,19,东南风,≤3级,东南风,≤3级,day
2015-05-13 11:00:00,龙洞堡机场,3、倒车的,负全部责任,不负责任,1,贵A372D7,白色,1,贵JN2317,白色,-1,黔南州交通驾驶学校,-1,-1,金杯牌,-1,365556000000000000 ,366868000000000000 ,198609,197408,11,2,5,工作日,非高峰,2015-05-13,2015年5月13日,多云 /阵雨,26℃ / 19℃,东南风 ≤3级 /东南风 ≤3级,多云,阵雨,26,19,东南风,≤3级,东南风,≤3级,day
2015-05-13 12:00:00,市北路,7、未按规定让行的 ,负全部责任,不负责任,1,贵A6F954,红,1,贵A98B43,黄,惠水县好花红驾驶培训有限责任公司,遵义市恒达机动车驾驶员培训学校,-1,2011/6/23 0:00,-1,长安牌,366876000000000000 ,364557000000000000 ,198709,198105,12,2,5,工作日,非高峰,2015-05-13,2015年5月13日,多云 /阵雨,26℃ / 19℃,东南风 ≤3级 /东南风 ≤3级,多云,阵雨,26,19,东南风,≤3级,东南风,≤3级,day
2015-05-13 10:00:00,花溪大道,1、追尾的,负全部责任,不负责任,1,贵AP3084,蓝,1,贵A97P14,黄,自培,-1,2012/12/3 0:00,-1,猎豹牌,雪佛兰牌,366061000000000000 ,366367000000000000 ,197902,198210,10,2,5,工作日,非高峰,2015-05-13,2015年5月13日,多云 /阵雨,26℃ / 19℃,东南风 ≤3级 /东南风 ≤3级,多云,阵雨,26,19,东南风,≤3级,东南风,≤3级,day
2015-05-13 10:00:00,贵安大道,1、追尾的,负全部责任,不负责任,1,贵ATU862,白色,1,贵ASA851,白色,贵州省仁怀市酒都汽车驾驶培训有限公司,预约考试窗口,-1,2007/2/7 0:00,奇瑞牌,北京现代牌,366770000000000000 ,366846000000000000 ,198409,197810,10,2,5,工作日,非高峰,2015-05-13,2015年5月13日,多云 /阵雨,26℃ / 19℃,东南风 ≤3级 /东南风 ≤3级,多云,阵雨,26,19,东南风,≤3级,东南风,≤3级,day
2015-05-13 14:00:00,五里冲,7、未按规定让行的 ,负全部责任,不负责任,1,贵AG8617,白色,1,贵CKH904,白色,-1,鑫鑫驾校,-1,2013/3/5 0:00,本一牌,-1,366567000000000000 ,35436551294961053X,197212,196808,14,2,5,工作日,非高峰,2015-05-13,2015年5月13日,多云 /阵雨,26℃ / 19℃,东南风 ≤3级 /东南风 ≤3级,多云,阵雨,26,19,东南风,≤3级,东南风,≤3级,day
2015-05-13 14:00:00,西二环,8、依法应负全责的其他情形,负全部责任,不负责任,1,贵A33051,白色,1,贵AV8308,白色,-1,诚信驾驶培训学校,-1,2009/3/17 0:00,中联牌,起亚牌,366577000000000000 ,364567000000000000 ,197701,198909,14,2,5,工作日,非高峰,2015-05-13,2015年5月13日,多云 /阵雨,26℃ / 19℃,东南风 ≤3级 /东南风 ≤3级,多云,阵雨,26,19,东南风,≤3级,东南风,≤3级,day
2015-05-13 14:20:00,金朱东路,7、未按规定让行的 ,负全部责任,不负责任,1,贵AMB209,黑,1,贵AOK098,白,-1,青正驾校,-1,2011/3/14 0:00,北京现代牌,-1,366067000000000000 ,364596000000000000 ,197710,198702,14,2,5,工作日,非高峰,2015-05-13,2015年5月13日,多云 /阵雨,26℃ / 19℃,东南风 ≤3级 /东南风 ≤3级,多云,阵雨,26,19,东南风,≤3级,东南风,≤3级,day
2015-05-13 17:00:00,大水沟,7、未按规定让行的 ,负全部责任,不负责任,1,云AC7398,白色,1,贵A6368J,白色,-1,自培,-1,2006/7/14 0:00,豪爵牌,北京现代牌,366566000000000000 ,364556000000000000 ,197906,196611,17,2,5,工作日,晚高峰(17-19点),2015-05-13,2015年5月13日,多云 /阵雨,26℃ / 19℃,东南风 ≤3级 /东南风 ≤3级,多云,阵雨,26,19,东南风,≤3级,东南风,≤3级,day
2015-05-13 17:00:00,小河,7、未按规定让行的 ,负全部责任,不负责任,1,贵AAY862,白色,1,贵JJ3226,白色,-1,-1,-1,-1,奇瑞牌,-1,364548000000000000 ,36454800000000000 ,194710,198127,17,2,5,工作日,晚高峰(17-19点),2015-05-13,2015年5月13日,多云 /阵雨,26℃ / 19℃,东南风 ≤3级 /东南风 ≤3级,多云,阵雨,26,19,东南风,≤3级,东南风,≤3级,day
2015-05-14 03:58:00,三桥,7、未按规定让行的 ,负全部责任,不负责任,1,贵A302C9,白,1,贵A7216X,红,-1,-1,-1,-1,解放牌,比亚迪牌,366564000000000000 ,364556000000000000 ,196707,199111,3,3,5,工作日,非高峰,2015-05-14,2015年5月14日,多云 /雷阵雨,27℃ / 20℃,东南风 ≤3级 /南风 ≤3级,多云,雷阵雨,27,20,东南风,≤3级,南风,≤3级,night
2015-05-13 17:00:00,贵惠大道,1、追尾的,负全部责任,不负责任,1,贵AGQ137,白色,1,贵A14N77,白色,长运驾校,长运驾校,2014/9/18 0:00,2012/10/9 0:00,哈飞牌,马自达牌,364596000000000000 ,364568000000000000 ,199308,198709,17,2,5,工作日,晚高峰(17-19点),2015-05-13,2015年5月13日,多云 /阵雨,26℃ / 19℃,东南风 ≤3级 /东南风 ≤3级,多云,阵雨,26,19,东南风,≤3级,东南风,≤3级,day
2015-05-13 13:00:00,小河平桥,1、追尾的,负全部责任,不负责任,1,贵ARZ267,白色,1,贵A4692M,白色,自培,市交校,2005/1/26 0:00,2012/5/11 0:00,东风雪铁龙牌,马自达牌,364547000000000000 ,364596000000000000 ,198309,199309,13,2,5,工作日,非高峰,2015-05-13,2015年5月13日,多云 /阵雨,26℃ / 19℃,东南风 ≤3级 /东南风 ≤3级,多云,阵雨,26,19,东南风,≤3级,东南风,≤3级,day
2015-05-13 11:10:00,花果园,1、追尾的,负全部责任,不负责任,1,贵JAC773,红,1,贵HS8851,红,自培,-1,2006/12/4 0:00,-1,-1,-1,574066000000000000 ,776363000000000000 ,198205,198509,11,2,5,工作日,非高峰,2015-05-13,2015年5月13日,多云 /阵雨,26℃ / 19℃,东南风 ≤3级 /东南风 ≤3级,多云,阵雨,26,19,东南风,≤3级,东南风,≤3级,day
2015-05-13 13:00:00,甘荫塘,7、未按规定让行的 ,负全部责任,不负责任,1,贵CMY396,白色,1,贵AA194,白色,诚信驾驶培训学校,十一培,2012/6/14 0:00,1993/2/25 0:00,-1,-1,36656351815654665X,364547000000000000 ,197912,197411,13,2,5,工作日,非高峰,2015-05-13,2015年5月13日,多云 /阵雨,26℃ / 19℃,东南风 ≤3级 /东南风 ≤3级,多云,阵雨,26,19,东南风,≤3级,东南风,≤3级,day
2015-05-13 11:35:00,金清大道,7、未按规定让行的 ,负全部责任,不负责任,1,贵AK1866,蓝,1,贵AV0299,红,自培,十一培,2007/5/9 0:00,1996/9/18 0:00,海马牌,爱立新牌,366064000000000000 ,36454751894755325X,196507,197803,11,2,5,工作日,非高峰,2015-05-13,2015年5月13日,多云 /阵雨,26℃ / 19℃,东南风 ≤3级 /东南风 ≤3级,多云,阵雨,26,19,东南风,≤3级,东南风,≤3级,day
2015-05-13 10:30:00,金苏大道,7、未按规定让行的 ,负全部责任,不负责任,0,贵A0BJ72,黑,1,贵ARJ878,红,长运驾校,自培,2013/3/15 0:00,2002/5/27 0:00,北京现代牌,吉利牌,364547000000000000 ,366368000000000000 ,197208,197808,10,2,5,工作日,非高峰,2015-05-13,2015年5月13日,多云 /阵雨,26℃ / 19℃,东南风 ≤3级 /东南风 ≤3级,多云,阵雨,26,19,东南风,≤3级,东南风,≤3级,day