accidenttime,accidentaddr,driver1fault,driver1responsibility,driver2responsibility,sex1,platenumber1,carcolor1,sex2,platenumber2,carcolor2,jxmc1,jxmc2,cclzrq1,cclzrq2,clpp1,clpp2,driver1license,driver2license,brith1,brith2,hour,weekday,month,is_weekday,peak_hour,date,日期,天气状况,气温,风力风向,day_wea,night_wea,day_tep,night_tep,day_wind_direction,day_wind_speed,night_wind_direction,night_wind_speed,segment
2015-05-13 13:00:00,花溪清溪路,7、未按规定让行的 ,负全部责任,不负责任,1,贵467122,白色,1,贵AV9383,白色,鑫鑫驾校,自培,2011/12/14 0:00,2006/7/6 0:00,-1,双鹰牌,366664000000000000 ,366067000000000000 ,198507,197310,13,2,5,工作日,非高峰,2015-05-13,2015年5月13日,多云 /阵雨,26℃ / 19℃,东南风 ≤3级 /东南风 ≤3级,多云,阵雨,26,19,东南风,≤3级,东南风,≤3级,day
2015-05-13 15:15:00,新添大道,1、追尾的,负全部责任,不负责任,0,贵AKL188,蓝,1,川EK9894,白,-1,省交校,-1,2010/11/25 0:00,梅赛德斯-奔驰,吉利全球鹰牌,366347000000000000 ,364568000000000000 ,198806,199112,15,2,5,工作日,非高峰,2015-05-13,2015年5月13日,多云 /阵雨,26℃ / 19℃,东南风 ≤3级 /东南风 ≤3级,多云,阵雨,26,19,东南风,≤3级,东南风,≤3级,day
2015-05-13 13:14:00,西南商贸城,4、停车时未挂低速档、未拉驻车制动，导致车辆滑行的,负全部责任,不负责任,1,贵GQ8826,红,1,贵A4873A,红,-1,520129,-1,2006/1/12 0:00,-1,奇瑞牌,76347500000000000 ,364557000000000000 ,198109,197508,13,2,5,工作日,非高峰,2015-05-13,2015年5月13日,多云 /阵雨,26℃ / 19℃,东南风 ≤3级 /东南风 ≤3级,多云,阵雨,26,19,东南风,≤3级,东南风,≤3级,day
2015-05-13 18:00:00,花溪平桥,7、未按规定让行的 ,负全部责任,不负责任,1,贵A3R320,白色,1,贵A94E76,白色,-1,贵大驾校,-1,2011/12/14 0:00,-1,荣威牌,73456951994761415X,366566000000000000 ,198803,198911,18,2,5,工作日,晚高峰(17-19点),2015-05-13,2015年5月13日,多云 /阵雨,26℃ / 19℃,东南风 ≤3级 /东南风 ≤3级,多云,阵雨,26,19,东南风,≤3级,东南风,≤3级,day
2015-05-13 21:10:00,黄金路,3、倒车的,负全部责任,不负责任,1,渝B54H53,红,1,贵AB011Y,红,-1,贵州现代驾驶培训责任有限公司,-1,2012/7/23 0:00,-1,起亚牌,344797000000000000 ,364596000000000000 ,199412,199312,21,2,5,工作日,非高峰,2015-05-13,2015年5月13日,多云 /阵雨,26℃ / 19℃,东南风 ≤3级 /东南风 ≤3级,多云,阵雨,26,19,东南风,≤3级,东南风,≤3级,night
2015-05-13 17:15:00,火炬大道,7、未按规定让行的 ,负全部责任,不负责任,0,贵CNT189,蓝,1,贵A240E1,白,贵州天河驾校,路路达驾校（白云区）,2014/12/17 0:00,2015/5/7 0:00,-1,解放牌,366570000000000000 ,266846000000000000 ,198904,198101,17,2,5,工作日,晚高峰(17-19点),2015-05-13,2015年5月13日,多云 /阵雨,26℃ / 19℃,东南风 ≤3级 /东南风 ≤3级,多云,阵雨,26,19,东南风,≤3级,东南风,≤3级,day
2015-05-13 19:00:00,嘉润路,1、追尾的,负全部责任,不负责任,1,贵A4BJ01,白色,1,贵A63Y61,白色,长运驾校,自培,2014/11/28 0:00,1977/6/12 0:00,缤智牌,-1,784743000000000000 ,364547000000000000 ,198102,195106,19,2,5,工作日,晚高峰(17-19点),2015-05-13,2015年5月13日,多云 /阵雨,26℃ / 19℃,东南风 ≤3级 /东南风 ≤3级,多云,阵雨,26,19,东南风,≤3级,东南风,≤3级,day
2015-05-13 18:00:00,三桥,1、追尾的,负全部责任,不负责任,0,贵AB635F,红,1,贵JS6735,红,-1,预约考试窗口,-1,2007/2/14 0:00,长安牌,-1,64965500000000000 ,364567000000000000 ,198804,198702,18,2,5,工作日,晚高峰(17-19点),2015-05-13,2015年5月13日,多云 /阵雨,26℃ / 19℃,东南风 ≤3级 /东南风 ≤3级,多云,阵雨,26,19,东南风,≤3级,东南风,≤3级,day
2015-05-13 19:45:00,金阳, ,负同等责任,负同等责任,0,贵AA659E,红,1,贵GR4136,红,蓝天驾校,蓝天驾校,2012/6/13 0:00,2014/3/10 0:00,五菱牌,-1,364557000000000000 ,366364000000000000 ,196403,196205,19,2,5,工作日,晚高峰(17-19点),2015-05-13,2015年5月13日,多云 /阵雨,26℃ / 19℃,东南风 ≤3级 /东南风 ≤3级,多云,阵雨,26,19,东南风,≤3级,东南风,≤3级,day
2015-05-13 18:30:00,世纪城,8、依法应负全责的其他情形,负全部责任,不负责任,0,云AS152F,白,1,渝A69K72,黑,黔西南州晶森汽车（摩托车）驾驶培训学校有限公司,-1,2012/4/27 0:00,-1,-1,丰田牌,36676551994155466X,344543000000000000 ,198809,199203,18,2,5,工作日,晚高峰(17-19点),2015-05-13,2015年5月13日,多云 /阵雨,26℃ / 19℃,东南风 ≤3级 /东南风 ≤3级,多云,阵雨,26,19,东南风,≤3级,东南风,≤3级,day
2015-05-13 18:00:00,小河平桥,8、依法应负全责的其他情形,负全部责任,不负责任,1,贵A92V73,白色,1,贵A22933,白色,高新驾校,自培,2013/8/6 0:00,1997/8/29 0:00,比亚迪牌,豪泺牌,364556000000000000 ,366577000000000000 ,198112,196911,18,2,5,工作日,晚高峰(17-19点),2015-05-13,2015年5月13日,多云 /阵雨,26℃ / 19℃,东南风 ≤3级 /东南风 ≤3级,多云,阵雨,26,19,东南风,≤3级,东南风,≤3级,day
2015-05-13 15:16:00,中天花园,7、未按规定让行的 ,负全部责任,不负责任,1,贵GLQ339,白,1,贵A52R93,白,自培,-1,2002/5/29 0:00,-1,-1,长城牌,366570000000000000 ,506668000000000000 ,197510,198802,15,2,5,工作日,非高峰,2015-05-13,2015年5月13日,多云 /阵雨,26℃ / 19℃,东南风 ≤3级 /东南风 ≤3级,多云,阵雨,26,19,东南风,≤3级,东南风,≤3级,day
2015-05-13 15:00:00,玉田坝,7、未按规定让行的 ,负全部责任,不负责任,1,贵AV7691,白色,1,贵JAM981,白色,自培,-1,2005/11/18 0:00,-1,神鹰牌,-1,366670000000000000 ,364547000000000 ,198709,770615,15,2,5,工作日,非高峰,2015-05-13,2015年5月13日,多云 /阵雨,26℃ / 19℃,东南风 ≤3级 /东南风 ≤3级,多云,阵雨,26,19,东南风,≤3级,东南风,≤3级,day
2015-05-13 14:20:00,市西高架桥,1、追尾的,负全部责任,不负责任,1,贵ATK934,黄,1,贵A69W82,黑,自培,十一培,2003/7/24 0:00,1993/7/15 0:00,吉利美日牌,吉利牌,364557000000000000 ,364548000000000000 ,198307,196002,14,2,5,工作日,非高峰,2015-05-13,2015年5月13日,多云 /阵雨,26℃ / 19℃,东南风 ≤3级 /东南风 ≤3级,多云,阵雨,26,19,东南风,≤3级,东南风,≤3级,day
2015-05-13 14:00:00,护国路,8、依法应负全责的其他情形,负全部责任,不负责任,1,贵A7BK11,黄,1,贵A14R25,红,自培,十一培,2003/12/25 0:00,1995/8/22 0:00,长安牌,DS4,36454751205465320X,364548000000000000 ,196410,196705,14,2,5,工作日,非高峰,2015-05-13,2015年5月13日,多云 /阵雨,26℃ / 19℃,东南风 ≤3级 /东南风 ≤3级,多云,阵雨,26,19,东南风,≤3级,东南风,≤3级,day
2015-05-13 14:00:00,西南环线,3、倒车的,负全部责任,不负责任,1,渝BN5979,白色,1,贵A9420B,白色,自培,自培,2003/8/29 0:00,2012/12/4 0:00,-1,-1,356768000000000000 ,366367000000000000 ,196509,199005,14,2,5,工作日,非高峰,2015-05-13,2015年5月13日,多云 /阵雨,26℃ / 19℃,东南风 ≤3级 /东南风 ≤3级,多云,阵雨,26,19,东南风,≤3级,东南风,≤3级,day
2015-05-13 16:00:00,太慈桥,7、未按规定让行的 ,负全部责任,不负责任,1,贵GC0908,白色,1,贵A9BB76,白色,自培,自培,2004/6/28 0:00,2008/5/29 0:00,-1,观致牌,364548000000000000 ,36656051984148097X,197405,198709,16,2,5,工作日,非高峰,2015-05-13,2015年5月13日,多云 /阵雨,26℃ / 19℃,东南风 ≤3级 /东南风 ≤3级,多云,阵雨,26,19,东南风,≤3级,东南风,≤3级,day
2015-05-14 07:00:00,蟠桃宫,1、追尾的,负全部责任,不负责任,1,渝FW3859,白,1,贵A5609C,红,-1,520114,-1,2009/4/17 0:00,-1,长安牌,3566680000000000 ,356168000000000000 ,197507,196803,7,3,5,工作日,早高峰(7-9点),2015-05-14,2015年5月14日,多云 /雷阵雨,27℃ / 20℃,东南风 ≤3级 /南风 ≤3级,多云,雷阵雨,27,20,东南风,≤3级,南风,≤3级,day
2015-05-14 08:30:00,花二道,7、未按规定让行的 ,负全部责任,不负责任,1,贵GV2757,白色,1,贵A5485B,白色,-1,路路达驾校,-1,2014/9/12 0:00,梅赛德斯-奔驰,五菱牌,366570000000000000 ,366364000000000000 ,198511,197408,8,3,5,工作日,早高峰(7-9点),2015-05-14,2015年5月14日,多云 /雷阵雨,27℃ / 20℃,东南风 ≤3级 /南风 ≤3级,多云,雷阵雨,27,20,东南风,≤3级,南风,≤3级,day
2015-05-14 08:59:00,浣纱桥,8、依法应负全责的其他情形,负全部责任,不负责任,1,贵GT4431,黑,1,贵AMV123,蓝,-1,长运驾校,-1,2014/9/18 0:00,-1,思铂睿牌,36367500000000000 ,366064000000000000 ,975021,199501,8,3,5,工作日,早高峰(7-9点),2015-05-14,2015年5月14日,多云 /雷阵雨,27℃ / 20℃,东南风 ≤3级 /南风 ≤3级,多云,雷阵雨,27,20,东南风,≤3级,南风,≤3级,day
2015-05-14 09:00:00,百花大道,9、不符合前8款规定或者双方同时具有上述情形的,负同等责任,负同等责任,1,贵A3G118,白,1,贵AU6411,蓝,-1,520127,-1,2001/2/5 0:00,-1,黄海牌,355447000000000000 ,364557000000000000 ,198907,198211,9,3,5,工作日,早高峰(7-9点),2015-05-14,2015年5月14日,多云 /雷阵雨,27℃ / 20℃,东南风 ≤3级 /南风 ≤3级,多云,雷阵雨,27,20,东南风,≤3级,南风,≤3级,day
2015-05-14 10:00:00,花溪大道,1、追尾的,负全部责任,不负责任,1,贵AKE776,白色,1,贵AUA795,白色,-1,人武驾校,-1,2011/7/19 0:00,长城牌,大众牌,36455651884752445X,236946000000000000 ,197703,196407,10,3,5,工作日,非高峰,2015-05-14,2015年5月14日,多云 /雷阵雨,27℃ / 20℃,东南风 ≤3级 /南风 ≤3级,多云,雷阵雨,27,20,东南风,≤3级,南风,≤3级,day
2015-05-14 07:20:00,长岭南路,1、追尾的,负全部责任,不负责任,1,贵AU0612,黑,1,贵ANA696,黄,（白云区）消防驾驶培训学校,消防驾校,2009/5/8 0:00,2010/9/3 0:00,宝来牌,长城牌,36455551954647685X,366664000000000000 ,198102,197611,7,3,5,工作日,早高峰(7-9点),2015-05-14,2015年5月14日,多云 /雷阵雨,27℃ / 20℃,东南风 ≤3级 /南风 ≤3级,多云,雷阵雨,27,20,东南风,≤3级,南风,≤3级,day
2015-05-14 08:00:00,二戈寨,7、未按规定让行的 ,负全部责任,不负责任,1,川K6230,白色,1,贵AC486J,白色,-1,-1,1977/10/5 0:00,-1,-1,五菱牌,35544651384656533X,366068000000000000 ,195702,197910,8,3,5,工作日,早高峰(7-9点),2015-05-14,2015年5月14日,多云 /雷阵雨,27℃ / 20℃,东南风 ≤3级 /南风 ≤3级,多云,雷阵雨,27,20,东南风,≤3级,南风,≤3级,day
2015-05-14 07:00:00,小河转盘,9、不符合前8款规定或者双方同时具有上述情形的,负同等责任,负同等责任,1,贵AKY667,白色,1,贵AJ0592,白色,自培,自培,2006/1/4 0:00,1994/12/14 0:00,北京现代牌,起亚,36606551864867405X,364547000000000000 ,197207,196408,7,3,5,工作日,早高峰(7-9点),2015-05-14,2015年5月14日,多云 /雷阵雨,27℃ / 20℃,东南风 ≤3级 /南风 ≤3级,多云,雷阵雨,27,20,东南风,≤3级,南风,≤3级,day
2015-05-14 06:00:00,大营坡,1、追尾的,负全部责任,不负责任,1,贵A88L36,白,0,贵JEL747,红,自培,贵龙驾校（修文县）,2011/11/23 0:00,2015/3/18 0:00,发现,-1,366663000000000000 ,354648000000000000 ,197612,198212,6,3,5,工作日,非高峰,2015-05-14,2015年5月14日,多云 /雷阵雨,27℃ / 20℃,东南风 ≤3级 /南风 ≤3级,多云,雷阵雨,27,20,东南风,≤3级,南风,≤3级,day
2015-05-14 06:00:00,花果园,7、未按规定让行的 ,负全部责任,不负责任,1,贵A2408A,蓝,1,粤BH30V9,红,全林驾校（乌当区）,长运驾校,2015/5/6 0:00,2014/11/28 0:00,别克牌,-1,364557000000000000 ,266561000000000000 ,199209,197207,6,3,5,工作日,非高峰,2015-05-14,2015年5月14日,多云 /雷阵雨,27℃ / 20℃,东南风 ≤3级 /南风 ≤3级,多云,雷阵雨,27,20,东南风,≤3级,南风,≤3级,day
2015-05-14 07:00:00,白云区马安山,3、倒车的,负全部责任,不负责任,1,贵CBX395,白色,1,贵VBD713,白色,贵州省遵义汽车运输集团源丰交通驾驶培训有限责任公司,-1,2012/6/5 0:00,-1,-1,-1,366568000000000000 ,366568000000000000 ,198908,198912,7,3,5,工作日,早高峰(7-9点),2015-05-14,2015年5月14日,多云 /雷阵雨,27℃ / 20℃,东南风 ≤3级 /南风 ≤3级,多云,雷阵雨,27,20,东南风,≤3级,南风,≤3级,day
2015-05-14 10:25:00,北京东路,7、未按规定让行的 ,负全部责任,不负责任,1,贵ABB289,黑,1,贵A44F51,黑,520134,全林驾校,2007/11/5 0:00,2012/11/29 0:00,荣威牌,利亚纳牌,364548000000000000 ,364647000000000000 ,198601,198511,10,3,5,工作日,非高峰,2015-05-14,2015年5月14日,多云 /雷阵雨,27℃ / 20℃,东南风 ≤3级 /南风 ≤3级,多云,雷阵雨,27,20,东南风,≤3级,南风,≤3级,day
2015-05-14 10:30:00,阿栗村,7、未按规定让行的 ,负全部责任,不负责任,1,川EKP831,蓝,1,贵A88536,红,-1,-1,-1,-1,-1,隆鑫牌,35436551294962781X,366067000000000000 ,196808,198709,10,3,5,工作日,非高峰,2015-05-14,2015年5月14日,多云 /雷阵雨,27℃ / 20℃,东南风 ≤3级 /南风 ≤3级,多云,雷阵雨,27,20,东南风,≤3级,南风,≤3级,day
2015-05-14 02:10:00,黄山冲,1、追尾的,负全部责任,不负责任,1,贵A814D2,红,1,贵AX9042,红,自培,-1,2005/8/26 0:00,-1,解放牌,豪爵牌,35546351834568303X,565045000000000000 ,197501,390004,2,3,5,工作日,非高峰,2015-05-14,2015年5月14日,多云 /雷阵雨,27℃ / 20℃,东南风 ≤3级 /南风 ≤3级,多云,雷阵雨,27,20,东南风,≤3级,南风,≤3级,night
2015-05-14 07:45:00,大营路,7、未按规定让行的 ,负全部责任,不负责任,1,贵ACQ929,红,1,贵A7BP47,蓝,自培,市交校,2004/9/16 0:00,2011/6/8 0:00,奇瑞牌,锋范牌,366562000000000000 ,364557000000000000 ,196910,199208,7,3,5,工作日,早高峰(7-9点),2015-05-14,2015年5月14日,多云 /雷阵雨,27℃ / 20℃,东南风 ≤3级 /南风 ≤3级,多云,雷阵雨,27,20,东南风,≤3级,南风,≤3级,day
2015-05-14 07:17:00,水东路,8、依法应负全责的其他情形,负全部责任,不负责任,1,贵A54Z48,红,1,贵A45334,黑,（南明区）现代驾驶培训有限公司,十一培,2007/6/12 0:00,1998/5/26 0:00,速腾牌,中华牌,366568000000000000 ,364558000000000000 ,198305,196703,7,3,5,工作日,早高峰(7-9点),2015-05-14,2015年5月14日,多云 /雷阵雨,27℃ / 20℃,东南风 ≤3级 /南风 ≤3级,多云,雷阵雨,27,20,东南风,≤3级,南风,≤3级,day
2015-05-13 20:00:00,麦架桥,7、未按规定让行的 ,负全部责任,不负责任,1,贵AB525Z,蓝,1,贵AE8911,白,自培,十一培,2014/4/23 0:00,1994/1/25 0:00,吉利牌,丰田牌,364558000000000000 ,364548000000000000 ,197302,196112,20,2,5,工作日,非高峰,2015-05-13,2015年5月13日,多云 /阵雨,26℃ / 19℃,东南风 ≤3级 /东南风 ≤3级,多云,阵雨,26,19,东南风,≤3级,东南风,≤3级,night
2015-05-14 07:00:00,五里冲,7、未按规定让行的 ,负全部责任,不负责任,1,贵AGC597,白色,1,贵AK318,白色,自培,自培,1996/5/9 0:00,2004/8/4 0:00,东南,-1,364547000000000000 ,364547000000000000 ,196302,197712,7,3,5,工作日,早高峰(7-9点),2015-05-14,2015年5月14日,多云 /雷阵雨,27℃ / 20℃,东南风 ≤3级 /南风 ≤3级,多云,雷阵雨,27,20,东南风,≤3级,南风,≤3级,day
2015-05-14 09:40:00,铜仁路,7、未按规定让行的 ,负全部责任,不负责任,1,贵F26210,白,1,贵A28N41,红,蓝天驾校,自培,2014/3/4 0:00,2001/4/19 0:00,-1,一汽佳星牌,366063000000000000 ,366570000000000000 ,198807,197309,9,3,5,工作日,早高峰(7-9点),2015-05-14,2015年5月14日,多云 /雷阵雨,27℃ / 20℃,东南风 ≤3级 /南风 ≤3级,多云,雷阵雨,27,20,东南风,≤3级,南风,≤3级,day
2015-05-14 12:00:00,紫林庵,1、追尾的,负全部责任,不负责任,1,赣E32472,蓝,1,贵A7AM24,蓝,-1,贵大驾校,-1,2013/8/20 0:00,-1,大众汽车牌,726768000000000000 ,366261000000000000 ,195509,198001,12,3,5,工作日,非高峰,2015-05-14,2015年5月14日,多云 /雷阵雨,27℃ / 20℃,东南风 ≤3级 /南风 ≤3级,多云,雷阵雨,27,20,东南风,≤3级,南风,≤3级,day
2015-05-14 12:00:00,阳关大道,7、未按规定让行的 ,负全部责任,不负责任,1,贵GX6640,红,1,贵GP5442,红,-1,520136,-1,2008/10/16 0:00,-1,-1,74847500000000000 ,366068000000000000 ,198712,198401,12,3,5,工作日,非高峰,2015-05-14,2015年5月14日,多云 /雷阵雨,27℃ / 20℃,东南风 ≤3级 /南风 ≤3级,多云,雷阵雨,27,20,东南风,≤3级,南风,≤3级,day
2015-05-14 11:00:00,钢材市场,1、追尾的,负全部责任,不负责任,1,贵A47292,白色,1,贵AP8719,白色,-1,时法驾校,-1,2006/4/27 0:00,凌云,丰田牌,734568000000000000 ,364547000000000000 ,198201,196912,11,3,5,工作日,非高峰,2015-05-14,2015年5月14日,多云 /雷阵雨,27℃ / 20℃,东南风 ≤3级 /南风 ≤3级,多云,雷阵雨,27,20,东南风,≤3级,南风,≤3级,day
2015-05-14 11:30:00,沙冲路,7、未按规定让行的 ,负全部责任,不负责任,1,贵A08744,白色,1,贵A96563,白色,（南明区）阳光驾驶培训有限公司,鑫鑫驾校,2007/1/23 0:00,2012/8/30 0:00,-1,中集牌,364556000000000000 ,36454651804965026X,198706,197408,11,3,5,工作日,非高峰,2015-05-14,2015年5月14日,多云 /雷阵雨,27℃ / 20℃,东南风 ≤3级 /南风 ≤3级,多云,雷阵雨,27,20,东南风,≤3级,南风,≤3级,day
2015-05-14 10:30:00,大营坡,3、倒车的,负全部责任,不负责任,0,贵AGN535,红,1,贵GY5727,红,新天驾校,广安市驾校,2014/3/20 0:00,2008/7/3 0:00,吉利牌,-1,364548000000000000 ,357475000000000000 ,198010,197808,10,3,5,工作日,非高峰,2015-05-14,2015年5月14日,多云 /雷阵雨,27℃ / 20℃,东南风 ≤3级 /南风 ≤3级,多云,雷阵雨,27,20,东南风,≤3级,南风,≤3级,day
2015-05-14 10:26:00,西南家具城,7、未按规定让行的 ,负全部责任,不负责任,1,贵AX7328,蓝,1,贵AC722X,蓝,贵阳万里圣驾校,-1,2014/12/18 0:00,-1,丰田牌,-1,366566000000000000 ,366862000000000000 ,199503,199404,10,3,5,工作日,非高峰,2015-05-14,2015年5月14日,多云 /雷阵雨,27℃ / 20℃,东南风 ≤3级 /南风 ≤3级,多云,雷阵雨,27,20,东南风,≤3级,南风,≤3级,day
2015-05-14 10:45:00,金朱西路,7、未按规定让行的 ,负全部责任,不负责任,0,贵AHV384,白,0,贵AL4244,红,-1,（南明区）市交通职业技术驾驶培训学校,-1,2003/4/7 0:00,荣威牌,新阳光牌,364548000000000000 ,36454651884067602X,197610,197704,10,3,5,工作日,非高峰,2015-05-14,2015年5月14日,多云 /雷阵雨,27℃ / 20℃,东南风 ≤3级 /南风 ≤3级,多云,雷阵雨,27,20,东南风,≤3级,南风,≤3级,day
2015-05-14 13:37:00,花果园,4、停车时未挂低速档、未拉驻车制动，导致车辆滑行的,负全部责任,不负责任,1,贵FZ1136,红,0,贵A53K92,黑,-1,诚信驾驶培训学校,-1,2015/3/24 0:00,-1,大众牌,366046000000000000 ,364558000000000000 ,198008,197608,13,3,5,工作日,非高峰,2015-05-14,2015年5月14日,多云 /雷阵雨,27℃ / 20℃,东南风 ≤3级 /南风 ≤3级,多云,雷阵雨,27,20,东南风,≤3级,南风,≤3级,day
2015-05-14 14:05:00,森林公园,3、倒车的,负全部责任,不负责任,1,贵A20004,蓝,0,贵AC961A,白,-1,新华驾校,-1,2014/10/8 0:00,五菱,五菱牌,35416551995557095X,364558000000000000 ,198811,198312,14,3,5,工作日,非高峰,2015-05-14,2015年5月14日,多云 /雷阵雨,27℃ / 20℃,东南风 ≤3级 /南风 ≤3级,多云,雷阵雨,27,20,东南风,≤3级,南风,≤3级,day
2015-05-14 14:18:00,下坝,1、追尾的,负全部责任,不负责任,1,贵GS5749,红,1,贵A0BL82,蓝,-1,铁二局驾校,-1,2012/9/3 0:00,-1,马自达牌,64155500000000000 ,364558000000000000 ,967061,198910,14,3,5,工作日,非高峰,2015-05-14,2015年5月14日,多云 /雷阵雨,27℃ / 20℃,东南风 ≤3级 /南风 ≤3级,多云,雷阵雨,27,20,东南风,≤3级,南风,≤3级,day
2015-05-14 15:00:00,花溪,7、未按规定让行的 ,负全部责任,不负责任,1,川A04B71,白色,1,贵GR2340,白色,-1,人武驾校,-1,2013/5/27 0:00,-1,-1,66967500000000000 ,355247000000000000 ,197602,199207,15,3,5,工作日,非高峰,2015-05-14,2015年5月14日,多云 /雷阵雨,27℃ / 20℃,东南风 ≤3级 /南风 ≤3级,多云,雷阵雨,27,20,东南风,≤3级,南风,≤3级,day
2015-05-14 15:35:00,云峰大道,7、未按规定让行的 ,负全部责任,不负责任,1,贵AXA292,黑,1,贵AC320U,蓝,-1,吉源驾校（南明区）,-1,2015/4/21 0:00,奥迪牌,长安牌,366564000000000000 ,36455651964064635X,198606,198204,15,3,5,工作日,非高峰,2015-05-14,2015年5月14日,多云 /雷阵雨,27℃ / 20℃,东南风 ≤3级 /南风 ≤3级,多云,雷阵雨,27,20,东南风,≤3级,南风,≤3级,day
2015-05-14 14:30:00,长岭南路,1、追尾的,负全部责任,不负责任,1,贵A2AN74,红,1,贵AKM282,白,（云岩区）贵大佳德驾驶培训有限公司,自培,2010/9/16 0:00,2003/1/12 0:00,长城牌,三菱牌,36455651804559633X,366367000000000000 ,197401,198202,14,3,5,工作日,非高峰,2015-05-14,2015年5月14日,多云 /雷阵雨,27℃ / 20℃,东南风 ≤3级 /南风 ≤3级,多云,雷阵雨,27,20,东南风,≤3级,南风,≤3级,day
2015-05-14 12:30:00,上麦村,3、倒车的,负全部责任,不负责任,1,贵AOS977,白,1,贵AFT441,黑,自培,预约考试窗口,2001/7/26 0:00,2007/2/9 0:00,-1,哈飞牌,366067000000000000 ,366367000000000000 ,197511,197801,12,3,5,工作日,非高峰,2015-05-14,2015年5月14日,多云 /雷阵雨,27℃ / 20℃,东南风 ≤3级 /南风 ≤3级,多云,雷阵雨,27,20,东南风,≤3级,南风,≤3级,day
2015-05-14 13:00:00,小河金竹镇,8、依法应负全责的其他情形,负全部责任,不负责任,1,贵A2433Y,白色,1,贵AFD982,白色,自培,-1,2006/9/26 0:00,-1,长安牌,五菱牌,574074000000000000 ,36455600000000000 ,198707,199003,13,3,5,工作日,非高峰,2015-05-14,2015年5月14日,多云 /雷阵雨,27℃ / 20℃,东南风 ≤3级 /南风 ≤3级,多云,雷阵雨,27,20,东南风,≤3级,南风,≤3级,day
2015-05-14 12:00:00,市南路,8、依法应负全责的其他情形,负全部责任,不负责任,1,贵AAM593,白色,1,川XAW943,白色,自培,-1,2011/1/13 0:00,-1,凌肯牌,-1,344544000000000000 ,35524651914058071X,199001,198904,12,3,5,工作日,非高峰,2015-05-14,2015年5月14日,多云 /雷阵雨,27℃ / 20℃,东南风 ≤3级 /南风 ≤3级,多云,雷阵雨,27,20,东南风,≤3级,南风,≤3级,day
2015-05-14 13:00:00,枣山路,7、未按规定让行的 ,负全部责任,不负责任,1,贵A49W43,黑,1,贵A16V78,黑,自培,-1,2007/4/3 0:00,-1,-1,梅赛德斯-奔驰牌,364548000000000000 ,366068000000000000 ,198805,197909,13,3,5,工作日,非高峰,2015-05-14,2015年5月14日,多云 /雷阵雨,27℃ / 20℃,东南风 ≤3级 /南风 ≤3级,多云,雷阵雨,27,20,东南风,≤3级,南风,≤3级,day
2015-05-14 12:05:00,蟠桃宫,7、未按规定让行的 ,负全部责任,不负责任,0,贵AKS828,白,1,贵A2PK84,黑,-1,十一培,-1,1991/3/4 0:00,比亚迪牌,-1,36454751825457696X,364548000000000000 ,197610,196310,12,3,5,工作日,非高峰,2015-05-14,2015年5月14日,多云 /雷阵雨,27℃ / 20℃,东南风 ≤3级 /南风 ≤3级,多云,雷阵雨,27,20,东南风,≤3级,南风,≤3级,day
2015-05-14 10:30:00,同心路,7、未按规定让行的 ,负全部责任,不负责任,1,贵AA692M,白,1,贵AU5144,黄,路路达驾校,十一培,2011/12/27 0:00,1992/9/16 0:00,吉利牌,蜀都牌,366061000000000000 ,364547000000000000 ,197207,196409,10,3,5,工作日,非高峰,2015-05-14,2015年5月14日,多云 /雷阵雨,27℃ / 20℃,东南风 ≤3级 /南风 ≤3级,多云,雷阵雨,27,20,东南风,≤3级,南风,≤3级,day
2015-05-14 12:45:00,黔灵山路,1、追尾的,负全部责任,不负责任,1,贵ACR899,黄,1,贵A29P72,白,-1,自培,-1,2005/3/2 0:00,速腾牌,大众牌,366669000000000000 ,364548000000000000 ,198308,198007,12,3,5,工作日,非高峰,2015-05-14,2015年5月14日,多云 /雷阵雨,27℃ / 20℃,东南风 ≤3级 /南风 ≤3级,多云,雷阵雨,27,20,东南风,≤3级,南风,≤3级,day
2015-05-14 11:00:00,安云路,3、倒车的,负全部责任,不负责任,1,贵A26A91,黑色,1,贵AAH062,白色,鑫鑫驾校,自培,2011/9/27 0:00,2004/9/29 0:00,起亚,奥迪牌,364548000000000000 ,36454651814062605X,198310,197904,11,3,5,工作日,非高峰,2015-05-14,2015年5月14日,多云 /雷阵雨,27℃ / 20℃,东南风 ≤3级 /南风 ≤3级,多云,雷阵雨,27,20,东南风,≤3级,南风,≤3级,day
2015-05-14 10:00:00,轮胎厂,8、依法应负全责的其他情形,负全部责任,不负责任,1,贵A8CB04,白,1,贵AS0449,红,自培,自培,2013/5/28 0:00,2004/7/25 0:00,金龙牌,东风牌,364568000000000000 ,366061000000000000 ,198609,198505,10,3,5,工作日,非高峰,2015-05-14,2015年5月14日,多云 /雷阵雨,27℃ / 20℃,东南风 ≤3级 /南风 ≤3级,多云,雷阵雨,27,20,东南风,≤3级,南风,≤3级,day
2015-05-14 15:30:00,解放西路,7、未按规定让行的 ,负全部责任,不负责任,1,贵A11E38,蓝,1,贵A88S12,黑,-1,自培,-1,2003/3/19 0:00,丰田牌,吉利牌,364544000000 ,355464000000000000 ,925389,197607,15,3,5,工作日,非高峰,2015-05-14,2015年5月14日,多云 /雷阵雨,27℃ / 20℃,东南风 ≤3级 /南风 ≤3级,多云,雷阵雨,27,20,东南风,≤3级,南风,≤3级,day