accidenttime,accidentaddr,driver1fault,driver1responsibility,driver2responsibility,sex1,platenumber1,carcolor1,sex2,platenumber2,carcolor2,jxmc1,jxmc2,cclzrq1,cclzrq2,clpp1,clpp2,driver1license,driver2license,brith1,brith2,hour,weekday,month,is_weekday,peak_hour,date,日期,天气状况,气温,风力风向,day_wea,night_wea,day_tep,night_tep,day_wind_direction,day_wind_speed,night_wind_direction,night_wind_speed,segment
2015-05-14 12:08:00,交际处,1、追尾的,负全部责任,不负责任,1,贵GE6892,白,1,贵AU5128,黄,自培,自培,2009/5/25 0:00,2004/3/1 0:00,-1,豪爵牌,366346000000000000 ,364557000000000000 ,198703,196311,12,3,5,工作日,非高峰,2015-05-14,2015年5月14日,多云 /雷阵雨,27℃ / 20℃,东南风 ≤3级 /南风 ≤3级,多云,雷阵雨,27,20,东南风,≤3级,南风,≤3级,day
2015-05-14 15:00:00,黄河路,7、未按规定让行的 ,负全部责任,不负责任,1,贵AU6161,白色,1,贵GJ9918,白色,-1,预约考试窗口,-1,2007/7/11 0:00,大阳牌,-1,366068000000000000 ,366369000000000000 ,197410,198310,15,3,5,工作日,非高峰,2015-05-14,2015年5月14日,多云 /雷阵雨,27℃ / 20℃,东南风 ≤3级 /南风 ≤3级,多云,雷阵雨,27,20,东南风,≤3级,南风,≤3级,day
2015-05-14 14:00:00,南二环,7、未按规定让行的 ,负全部责任,不负责任,1,贵DQ9147,白色,1,贵A21471,白色,黔南州华晟驾驶培训学校,鑫鑫驾校,2012/3/13 0:00,2014/9/2 0:00,-1,解放牌,364567000000000000 ,366063000000000000 ,198612,199408,14,3,5,工作日,非高峰,2015-05-14,2015年5月14日,多云 /雷阵雨,27℃ / 20℃,东南风 ≤3级 /南风 ≤3级,多云,雷阵雨,27,20,东南风,≤3级,南风,≤3级,day
2015-05-14 16:20:00,花溪,1、追尾的,负全部责任,不负责任,0,贵AT7F28,红,1,贵ALK302,白,-1,长运驾校,-1,2014/4/3 0:00,-1,金杯牌,57274173052 ,364556000000000000 ,35416,198112,16,3,5,工作日,非高峰,2015-05-14,2015年5月14日,多云 /雷阵雨,27℃ / 20℃,东南风 ≤3级 /南风 ≤3级,多云,雷阵雨,27,20,东南风,≤3级,南风,≤3级,day
2015-05-14 18:00:00,南明区,7、未按规定让行的 ,负全部责任,不负责任,1,贵A0AM52,白色,1,贵A2BW77,白色,-1,高新驾校,-1,2015/4/2 0:00,尚酷,丰田牌,364542000000000000 ,366368000000000000 ,198801,198002,18,3,5,工作日,晚高峰(17-19点),2015-05-14,2015年5月14日,多云 /雷阵雨,27℃ / 20℃,东南风 ≤3级 /南风 ≤3级,多云,雷阵雨,27,20,东南风,≤3级,南风,≤3级,day
2015-05-14 18:00:00,南明区甘平路,9、不符合前8款规定或者双方同时具有上述情形的,负同等责任,负同等责任,1,贵GA1193,白色,1,贵A4BY24,白色,-1,-1,-1,-1,-1,大众汽车牌,366343000000000000 ,366067000000000000 ,196207,199212,18,3,5,工作日,晚高峰(17-19点),2015-05-14,2015年5月14日,多云 /雷阵雨,27℃ / 20℃,东南风 ≤3级 /南风 ≤3级,多云,雷阵雨,27,20,东南风,≤3级,南风,≤3级,day
2015-05-14 18:00:00,花溪,1、追尾的,负全部责任,不负责任,1,贵GT7908,白色,1,贵A4874S,白色,贵大驾校,贵大驾校,2011/6/25 0:00,2011/10/14 0:00,-1,别克牌,366363000000000000 ,36455551884151535X,197609,197709,18,3,5,工作日,晚高峰(17-19点),2015-05-14,2015年5月14日,多云 /雷阵雨,27℃ / 20℃,东南风 ≤3级 /南风 ≤3级,多云,雷阵雨,27,20,东南风,≤3级,南风,≤3级,day
2015-05-14 16:00:00,诚信南路,3、倒车的,负全部责任,不负责任,0,贵AE2055,红,1,贵GP5127,黑,（乌当区）新华驾驶培训有限公司,顺一驾驶培训学校,2004/12/30 0:00,2014/8/6 0:00,长安牌,-1,74065500000000000 ,364548000000000000 ,198304,198411,16,3,5,工作日,非高峰,2015-05-14,2015年5月14日,多云 /雷阵雨,27℃ / 20℃,东南风 ≤3级 /南风 ≤3级,多云,雷阵雨,27,20,东南风,≤3级,南风,≤3级,day
2015-05-14 18:30:00,会展东路,3、倒车的,负全部责任,不负责任,1,贵A3949R,白,1,浙C9648G,红,吉源驾校,-1,2013/7/2 0:00,-1,五菱牌,-1,364557000000000000 ,734569000000000000 ,198809,196004,18,3,5,工作日,晚高峰(17-19点),2015-05-14,2015年5月14日,多云 /雷阵雨,27℃ / 20℃,东南风 ≤3级 /南风 ≤3级,多云,雷阵雨,27,20,东南风,≤3级,南风,≤3级,day
2015-05-14 20:20:00,恒大绿洲,9、不符合前8款规定或者双方同时具有上述情形的,负同等责任,不负责任,1,贵CGL759,红,1,川C29216,黑,-1,-1,-1,-1,长安牌,-1,36464551964554645X,35556051924656295X,198201,198602,20,3,5,工作日,非高峰,2015-05-14,2015年5月14日,多云 /雷阵雨,27℃ / 20℃,东南风 ≤3级 /南风 ≤3级,多云,雷阵雨,27,20,东南风,≤3级,南风,≤3级,night
2015-05-14 15:20:00,金阳步行街,7、未按规定让行的 ,负全部责任,不负责任,1,贵AV9721,黄,1,贵AEE772,红,自培,贵工驾校,2004/6/2 0:00,2012/6/30 0:00,雅阁牌,迈腾牌,74667500000000000 ,354247000000000000 ,197203,197910,15,3,5,工作日,非高峰,2015-05-14,2015年5月14日,多云 /雷阵雨,27℃ / 20℃,东南风 ≤3级 /南风 ≤3级,多云,雷阵雨,27,20,东南风,≤3级,南风,≤3级,day
2015-05-14 14:30:00,常青路,3、倒车的,负全部责任,不负责任,1,贵ADE568,红,1,贵ASR569,蓝,贵龙驾校（修文县）,十一培,2015/3/12 0:00,1995/7/29 0:00,五菱牌,起亚牌,366576000000000000 ,364548000000000000 ,198409,197310,14,3,5,工作日,非高峰,2015-05-14,2015年5月14日,多云 /雷阵雨,27℃ / 20℃,东南风 ≤3级 /南风 ≤3级,多云,雷阵雨,27,20,东南风,≤3级,南风,≤3级,day
2015-05-14 18:00:00,长岭南路,9、不符合前8款规定或者双方同时具有上述情形的,负全部责任,不负责任,1,柳C9PR66,蓝,1,贵GV3397,蓝,-1,十一培,-1,1992/2/22 0:00,-1,-1,366066000000000000 ,364548000000000000 ,198507,197004,18,3,5,工作日,晚高峰(17-19点),2015-05-14,2015年5月14日,多云 /雷阵雨,27℃ / 20℃,东南风 ≤3级 /南风 ≤3级,多云,雷阵雨,27,20,东南风,≤3级,南风,≤3级,day
2015-05-14 18:40:00,贵阳北站,1、追尾的,负全部责任,不负责任,1,贵A6BG22,白,1,贵AU7803,黄,自培,十一培,2014/8/15 0:00,1992/10/28 0:00,传祺牌,宝来牌,366361000000000000 ,364558000000000000 ,196108,197210,18,3,5,工作日,晚高峰(17-19点),2015-05-14,2015年5月14日,多云 /雷阵雨,27℃ / 20℃,东南风 ≤3级 /南风 ≤3级,多云,雷阵雨,27,20,东南风,≤3级,南风,≤3级,day
2015-05-14 16:00:00,大营路,7、未按规定让行的 ,负全部责任,不负责任,1,贵AER258,红,1,贵AU0458,黄,自培,十一培,2004/5/11 0:00,1992/11/26 0:00,雪佛兰牌,宝来牌,366564000000000000 ,364547000000000000 ,197607,197402,16,3,5,工作日,非高峰,2015-05-14,2015年5月14日,多云 /雷阵雨,27℃ / 20℃,东南风 ≤3级 /南风 ≤3级,多云,雷阵雨,27,20,东南风,≤3级,南风,≤3级,day
2015-05-14 15:40:00,一大队,1、追尾的,负全部责任,不负责任,1,贵AMC322,红,1,贵A22C29,蓝,诚信驾驶培训学校,自培,2013/2/2 0:00,2005/12/5 0:00,翼虎牌,东风标致牌,366347000000000000 ,364557000000000000 ,197109,197608,15,3,5,工作日,非高峰,2015-05-14,2015年5月14日,多云 /雷阵雨,27℃ / 20℃,东南风 ≤3级 /南风 ≤3级,多云,雷阵雨,27,20,东南风,≤3级,南风,≤3级,day
2015-05-14 15:00:00,甲秀南路,7、未按规定让行的 ,负全部责任,不负责任,1,贵A7Q861,白色,1,贵GL4774,白色,吉源驾校,自培,2014/11/3 0:00,2006/8/22 0:00,-1,-1,74365500000000000 ,364547000000000000 ,197404,198805,15,3,5,工作日,非高峰,2015-05-14,2015年5月14日,多云 /雷阵雨,27℃ / 20℃,东南风 ≤3级 /南风 ≤3级,多云,雷阵雨,27,20,东南风,≤3级,南风,≤3级,day
2015-05-14 17:10:00,会展城,7、未按规定让行的 ,负全部责任,不负责任,1,贵AE6448,白,0,贵A4CE97,白,自培,自培,1992/7/17 0:00,2007/5/31 0:00,豪爵牌,福克斯牌,364547000000000000 ,364558000000000000 ,197509,198203,17,3,5,工作日,晚高峰(17-19点),2015-05-14,2015年5月14日,多云 /雷阵雨,27℃ / 20℃,东南风 ≤3级 /南风 ≤3级,多云,雷阵雨,27,20,东南风,≤3级,南风,≤3级,day
2015-05-14 16:00:00,新添大道, ,负全部责任,不负责任,0,贵JBK691,白,1,贵A74W68,黑,全林驾校,自培,2013/12/27 0:00,2002/4/29 0:00,-1,雅阁牌,364557000000000000 ,366068000000000000 ,198602,196910,16,3,5,工作日,非高峰,2015-05-14,2015年5月14日,多云 /雷阵雨,27℃ / 20℃,东南风 ≤3级 /南风 ≤3级,多云,雷阵雨,27,20,东南风,≤3级,南风,≤3级,day
2015-05-15 00:00:00,花溪,1、追尾的,负全部责任,不负责任,1,贵B96508,白色,1,贵A7785S,白色,-1,自培,-1,2004/12/20 0:00,-1,-1,346456000000000 ,36455551815674725X,119631,197912,0,4,5,工作日,非高峰,2015-05-15,2015年5月15日,阵雨 /阵雨,25℃ / 16℃,东北风 ≤3级 /东北风 ≤3级,阵雨,阵雨,25,16,东北风,≤3级,东北风,≤3级,night
2015-05-15 07:15:00,新添大道,7、未按规定让行的 ,负全部责任,不负责任,1,贵A53M58,黑,1,贵A83C84,蓝,-1,自培,-1,2007/5/29 0:00,雪佛兰,雪佛兰牌,57193070896 ,364557000000000000 ,34782,197401,7,4,5,工作日,早高峰(7-9点),2015-05-15,2015年5月15日,阵雨 /阵雨,25℃ / 16℃,东北风 ≤3级 /东北风 ≤3级,阵雨,阵雨,25,16,东北风,≤3级,东北风,≤3级,day
2015-05-14 15:00:00,市南路,8、依法应负全责的其他情形,负全部责任,不负责任,1,渝CM5561,白色,1,贵A0071R,白色,自培,自培,2000/5/10 0:00,2014/12/18 0:00,-1,五菱牌,364547000000000000 ,364556000000000000 ,196312,198602,15,3,5,工作日,非高峰,2015-05-14,2015年5月14日,多云 /雷阵雨,27℃ / 20℃,东南风 ≤3级 /南风 ≤3级,多云,雷阵雨,27,20,东南风,≤3级,南风,≤3级,day
2015-05-15 02:35:00,大营坡,1、追尾的,负全部责任,不负责任,1,贵DY8338,红,1,川EA4935,红,鑫鑫驾校,预约考试窗口,2014/1/22 0:00,2006/12/15 0:00,-1,-1,366669000000000000 ,35436551865550063X,198302,197211,2,4,5,工作日,非高峰,2015-05-15,2015年5月15日,阵雨 /阵雨,25℃ / 16℃,东北风 ≤3级 /东北风 ≤3级,阵雨,阵雨,25,16,东北风,≤3级,东北风,≤3级,night
2015-05-15 00:00:00,小河万科,7、未按规定让行的 ,负全部责任,不负责任,1,贵GY4545,白色,1,贵GE3574,白色,（经开区）顺一驾驶培训有限公司,预约考试窗口,2009/4/23 0:00,2007/6/25 0:00,-1,-1,366369000000000000 ,357267000000000000 ,198903,198201,0,4,5,工作日,非高峰,2015-05-15,2015年5月15日,阵雨 /阵雨,25℃ / 16℃,东北风 ≤3级 /东北风 ≤3级,阵雨,阵雨,25,16,东北风,≤3级,东北风,≤3级,night
2015-05-15 00:00:00,八匹马,6、违反交通信号的,负全部责任,不负责任,1,贵A99C93,黑,1,贵AX1934,黑,（南明区）金大驾驶培训有限公司,520116,2007/8/10 0:00,1998/4/13 0:00,北京现代牌,大运牌,366068000000000000 ,364557000000000000 ,197910,196501,0,4,5,工作日,非高峰,2015-05-15,2015年5月15日,阵雨 /阵雨,25℃ / 16℃,东北风 ≤3级 /东北风 ≤3级,阵雨,阵雨,25,16,东北风,≤3级,东北风,≤3级,night
2015-05-14 19:40:00,金阳北路,7、未按规定让行的 ,负全部责任,不负责任,1,贵JA9309,蓝,0,湘AF3M97,黑,-1,（云岩区）时发驾驶培训有限公司,-1,2014/5/16 0:00,-1,-1,366861000000000000 ,74746500000000000 ,196208,198306,19,3,5,工作日,晚高峰(17-19点),2015-05-14,2015年5月14日,多云 /雷阵雨,27℃ / 20℃,东南风 ≤3级 /南风 ≤3级,多云,雷阵雨,27,20,东南风,≤3级,南风,≤3级,day
2015-05-15 07:00:00,贵安大学城,3、倒车的,负全部责任,不负责任,1,贵GGE467,白色,1,皖HUA222,白色,自培,-1,1994/7/8 0:00,-1,-1,-1,364547000000000000 ,704967000000000000 ,195701,197303,7,4,5,工作日,早高峰(7-9点),2015-05-15,2015年5月15日,阵雨 /阵雨,25℃ / 16℃,东北风 ≤3级 /东北风 ≤3级,阵雨,阵雨,25,16,东北风,≤3级,东北风,≤3级,day
2015-05-15 07:05:00,贵开路,9、不符合前8款规定或者双方同时具有上述情形的,负全部责任,不负责任,1,贵AKD817,黑,1,贵AEH279,红,蓝天驾校,-1,2012/2/20 0:00,-1,海马牌,北京现代牌,364548000000000000 ,364557000000000000 ,197210,199201,7,4,5,工作日,早高峰(7-9点),2015-05-15,2015年5月15日,阵雨 /阵雨,25℃ / 16℃,东北风 ≤3级 /东北风 ≤3级,阵雨,阵雨,25,16,东北风,≤3级,东北风,≤3级,day
2015-05-15 06:00:00,油榨街,7、未按规定让行的 ,负全部责任,不负责任,1,贵AB5B45,白色,1,贵A67P15,白色,-1,顺一驾驶培训学校,-1,2012/7/13 0:00,-1,丰田牌,364556000000000000 ,366061000000000000 ,198809,198305,6,4,5,工作日,非高峰,2015-05-15,2015年5月15日,阵雨 /阵雨,25℃ / 16℃,东北风 ≤3级 /东北风 ≤3级,阵雨,阵雨,25,16,东北风,≤3级,东北风,≤3级,day
2015-05-15 07:30:00,电信局,1、追尾的,负全部责任,不负责任,1,川X8A598,黑,1,贵JBT264,黄,鑫鑫驾校,-1,2012/7/27 0:00,-1,-1,-1,356170000000000000 ,346557000000000000 ,196304,197912,7,4,5,工作日,早高峰(7-9点),2015-05-15,2015年5月15日,阵雨 /阵雨,25℃ / 16℃,东北风 ≤3级 /东北风 ≤3级,阵雨,阵雨,25,16,东北风,≤3级,东北风,≤3级,day
2015-05-14 20:20:00,育才路,7、未按规定让行的 ,负全部责任,不负责任,1,贵A1769Y,白,1,贵A94Z49,黑,自培,（南明区）阳光驾驶培训有限公司,2010/4/13 0:00,2005/2/3 0:00,北京现代牌,奥迪牌,364557000000000000 ,366068000000000000 ,199110,197101,20,3,5,工作日,非高峰,2015-05-14,2015年5月14日,多云 /雷阵雨,27℃ / 20℃,东南风 ≤3级 /南风 ≤3级,多云,雷阵雨,27,20,东南风,≤3级,南风,≤3级,night
2015-05-15 08:00:00,黄河南路,8、依法应负全责的其他情形,负全部责任,不负责任,1,贵AU6182,白色,1,贵A33E55,白色,-1,十一驾驶培训有限公司,-1,2009/1/13 0:00,银钢牌,英伦牌,366068000000000000 ,76168500000000000 ,198508,198206,8,4,5,工作日,早高峰(7-9点),2015-05-15,2015年5月15日,阵雨 /阵雨,25℃ / 16℃,东北风 ≤3级 /东北风 ≤3级,阵雨,阵雨,25,16,东北风,≤3级,东北风,≤3级,day
2015-05-15 08:50:00,八匹马,7、未按规定让行的 ,负全部责任,不负责任,0,贵A4BB02,白,0,贵A62A85,红,520128,520101,2009/3/17 0:00,2011/2/16 0:00,哈飞牌,东风日产牌,366846000000000000 ,364548000000000000 ,198411,198301,8,4,5,工作日,早高峰(7-9点),2015-05-15,2015年5月15日,阵雨 /阵雨,25℃ / 16℃,东北风 ≤3级 /东北风 ≤3级,阵雨,阵雨,25,16,东北风,≤3级,东北风,≤3级,day
2015-05-15 08:10:00,大营坡,1、追尾的,负全部责任,不负责任,1,贵AW1452,红,1,贵A22P56,红,诚信驾驶培训学校,-1,2011/12/16 0:00,-1,丰田牌,-1,364547000000000000 ,366067000000000000 ,195809,198709,8,4,5,工作日,早高峰(7-9点),2015-05-15,2015年5月15日,阵雨 /阵雨,25℃ / 16℃,东北风 ≤3级 /东北风 ≤3级,阵雨,阵雨,25,16,东北风,≤3级,东北风,≤3级,day
2015-05-15 08:05:00,东山,1、追尾的,负全部责任,不负责任,1,贵ATG331,蓝,0,贵A67S46,蓝,金大驾校,520107,2011/6/15 0:00,2010/2/22 0:00,夏利牌,一汽牌,355247000000000000 ,364547000000000000 ,198907,198310,8,4,5,工作日,早高峰(7-9点),2015-05-15,2015年5月15日,阵雨 /阵雨,25℃ / 16℃,东北风 ≤3级 /东北风 ≤3级,阵雨,阵雨,25,16,东北风,≤3级,东北风,≤3级,day
2015-05-15 07:50:00,同心路,1、追尾的,负全部责任,不负责任,1,贵A1988,红,1,贵AU1538,黄,全林驾校,-1,2012/7/18 0:00,-1,-1,大众牌,364548000000000000 ,59190471677 ,197710,39233,7,4,5,工作日,早高峰(7-9点),2015-05-15,2015年5月15日,阵雨 /阵雨,25℃ / 16℃,东北风 ≤3级 /东北风 ≤3级,阵雨,阵雨,25,16,东北风,≤3级,东北风,≤3级,day
2015-05-15 09:00:00,花果园,7、未按规定让行的 ,负全部责任,不负责任,1,贵A76161,白色,1,贵A1Q561,白色,自培,-1,1999/6/15 0:00,-1,东风日产柴牌,-1,364547000000000000 ,36454651914048950X,197703,198904,9,4,5,工作日,早高峰(7-9点),2015-05-15,2015年5月15日,阵雨 /阵雨,25℃ / 16℃,东北风 ≤3级 /东北风 ≤3级,阵雨,阵雨,25,16,东北风,≤3级,东北风,≤3级,day
2015-05-15 07:25:00,世纪城,9、不符合前8款规定或者双方同时具有上述情形的,负全部责任,不负责任,1,贵A5K795,白,1,贵A9CC86,红,自培,预约考试窗口,2008/6/24 0:00,2007/6/22 0:00,-1,大众牌,366061000000000000 ,366664000000000000 ,197810,198008,7,4,5,工作日,早高峰(7-9点),2015-05-15,2015年5月15日,阵雨 /阵雨,25℃ / 16℃,东北风 ≤3级 /东北风 ≤3级,阵雨,阵雨,25,16,东北风,≤3级,东北风,≤3级,day
2015-05-14 19:24:00,转弯塘,8、依法应负全责的其他情形,负全部责任,不负责任,1,贵AV0746,黄,1,贵AJY546,红,520116,十一培,2003/1/8 0:00,1993/2/24 0:00,松益牌,豪情牌,364548000000000000 ,364547000000000000 ,197803,196202,19,3,5,工作日,晚高峰(17-19点),2015-05-14,2015年5月14日,多云 /雷阵雨,27℃ / 20℃,东南风 ≤3级 /南风 ≤3级,多云,雷阵雨,27,20,东南风,≤3级,南风,≤3级,day
2015-05-15 08:00:00,大十字,7、未按规定让行的 ,负全部责任,不负责任,1,贵A2AM32,白色,1,贵AU7279,白色,-1,十一培,-1,1994/2/24 0:00,吉利美日牌,三铃牌,76475500000000000 ,364548000000000000 ,985032,197010,8,4,5,工作日,早高峰(7-9点),2015-05-15,2015年5月15日,阵雨 /阵雨,25℃ / 16℃,东北风 ≤3级 /东北风 ≤3级,阵雨,阵雨,25,16,东北风,≤3级,东北风,≤3级,day
2015-05-14 21:00:00,花溪大道,7、未按规定让行的 ,负全部责任,不负责任,1,贵FZ1691,白色,1,贵A92938,白色,自培,自培,2011/6/5 0:00,2002/8/15 0:00,-1,广塔,366067000000000000 ,364596000000000000 ,198508,197911,21,3,5,工作日,非高峰,2015-05-14,2015年5月14日,多云 /雷阵雨,27℃ / 20℃,东南风 ≤3级 /南风 ≤3级,多云,雷阵雨,27,20,东南风,≤3级,南风,≤3级,night
2015-05-15 08:35:00,金阳南路,9、不符合前8款规定或者双方同时具有上述情形的,负同等责任,不负责任,1,贵AK6721,黑,1,贵AFA214,白,（经开区）十一驾驶培训有限公司,-1,2005/12/5 0:00,-1,歌诗图牌,江铃全顺牌,366064000000000000 ,354670000000000000 ,198206,197408,8,4,5,工作日,早高峰(7-9点),2015-05-15,2015年5月15日,阵雨 /阵雨,25℃ / 16℃,东北风 ≤3级 /东北风 ≤3级,阵雨,阵雨,25,16,东北风,≤3级,东北风,≤3级,day
2015-05-15 08:40:00,三桥,7、未按规定让行的 ,负全部责任,不负责任,1,贵A96R96,红,1,贵A14N74,红,贵定县阳光汽车驾驶培训学校,-1,2011/5/11 0:00,-1,北京牌,长安牌,366868000000000000 ,66562500000000000 ,199102,197906,8,4,5,工作日,早高峰(7-9点),2015-05-15,2015年5月15日,阵雨 /阵雨,25℃ / 16℃,东北风 ≤3级 /东北风 ≤3级,阵雨,阵雨,25,16,东北风,≤3级,东北风,≤3级,day
2015-05-15 08:20:00,云潭路,1、追尾的,负全部责任,不负责任,1,贵FM8443,蓝,1,贵A7909R,白,-1,遵义县鸭溪振兴机动车驾驶培训学校,-1,2007/8/3 0:00,-1,东风日产牌,366064000000000000 ,364558000000000000 ,197102,196402,8,4,5,工作日,早高峰(7-9点),2015-05-15,2015年5月15日,阵雨 /阵雨,25℃ / 16℃,东北风 ≤3级 /东北风 ≤3级,阵雨,阵雨,25,16,东北风,≤3级,东北风,≤3级,day
2015-05-15 08:00:00,观山东路,7、未按规定让行的 ,负全部责任,不负责任,0,贵AC0461,黑,1,贵JAR257,红,（南明区）金大驾驶培训有限公司,-1,2008/5/21 0:00,-1,康超牌,-1,366668000000000000 ,364548000000000000 ,197505,198609,8,4,5,工作日,早高峰(7-9点),2015-05-15,2015年5月15日,阵雨 /阵雨,25℃ / 16℃,东北风 ≤3级 /东北风 ≤3级,阵雨,阵雨,25,16,东北风,≤3级,东北风,≤3级,day
2015-05-15 10:20:00,大川白金城,7、未按规定让行的 ,负全部责任,不负责任,1,贵A23C59,白,1,渝B82B93,黑,-1,-1,-1,-1,五菱牌,-1,364547000000 ,366068000000000000 ,244382,198605,10,4,5,工作日,非高峰,2015-05-15,2015年5月15日,阵雨 /阵雨,25℃ / 16℃,东北风 ≤3级 /东北风 ≤3级,阵雨,阵雨,25,16,东北风,≤3级,东北风,≤3级,day
2015-05-15 11:00:00,长江路,3、倒车的,负全部责任,不负责任,1,贵4534126,白色,1,贵AA641Y,白色,-1,十一驾驶培训有限公司,-1,2015/3/25 0:00,-1,-1,366368000000000000 ,74265500000000000 ,297204,198402,11,4,5,工作日,非高峰,2015-05-15,2015年5月15日,阵雨 /阵雨,25℃ / 16℃,东北风 ≤3级 /东北风 ≤3级,阵雨,阵雨,25,16,东北风,≤3级,东北风,≤3级,day
2015-05-15 11:05:00,龙洞堡,1、追尾的,负全部责任,不负责任,1,贵A4BF73,白,1,湘JBC73,白,-1,贵州现代驾驶培训责任有限公司,-1,2014/12/2 0:00,东风标致牌,-1,364548000000000000 ,364547000000000000 ,199009,198709,11,4,5,工作日,非高峰,2015-05-15,2015年5月15日,阵雨 /阵雨,25℃ / 16℃,东北风 ≤3级 /东北风 ≤3级,阵雨,阵雨,25,16,东北风,≤3级,东北风,≤3级,day
2015-05-15 11:10:00,马王庙,3、倒车的,负全部责任,不负责任,1,贵A923F7,白,0,贵A6B132,黄,-1,贵阳金马驾驶培训有限公司,-1,2014/7/13 0:00,长城牌,-1,734063000000000000 ,364548000000000000 ,196510,196306,11,4,5,工作日,非高峰,2015-05-15,2015年5月15日,阵雨 /阵雨,25℃ / 16℃,东北风 ≤3级 /东北风 ≤3级,阵雨,阵雨,25,16,东北风,≤3级,东北风,≤3级,day
2015-05-15 09:10:00,西二环,1、追尾的,负全部责任,不负责任,1,贵HS7188,黑,1,贵A96G53,红,（南明区）市交通职业技术驾驶培训学校,新天驾校,2007/5/31 0:00,2011/9/4 0:00,-1,吉利美日牌,366263000000000000 ,366564000000000000 ,198609,199102,9,4,5,工作日,早高峰(7-9点),2015-05-15,2015年5月15日,阵雨 /阵雨,25℃ / 16℃,东北风 ≤3级 /东北风 ≤3级,阵雨,阵雨,25,16,东北风,≤3级,东北风,≤3级,day
2015-05-15 10:00:00,小河平桥,1、追尾的,负全部责任,不负责任,1,贵A54C7,白色,1,贵CK0793,白色,-1,遵义驰龙驾校,-1,-1,-1,-1,366662000000000000 ,366577000000000000 ,197102,198606,10,4,5,工作日,非高峰,2015-05-15,2015年5月15日,阵雨 /阵雨,25℃ / 16℃,东北风 ≤3级 /东北风 ≤3级,阵雨,阵雨,25,16,东北风,≤3级,东北风,≤3级,day
2015-05-15 09:30:00,西南商贸城,7、未按规定让行的 ,负全部责任,不负责任,1,湘E56S98,红,1,贵GE0066,红,-1,安顺驾校,-1,-1,-1,-1,74365500000000000 ,366346000000000000 ,198612,198201,9,4,5,工作日,早高峰(7-9点),2015-05-15,2015年5月15日,阵雨 /阵雨,25℃ / 16℃,东北风 ≤3级 /东北风 ≤3级,阵雨,阵雨,25,16,东北风,≤3级,东北风,≤3级,day
2015-05-15 10:00:00,小河,7、未按规定让行的 ,负全部责任,不负责任,1,贵AD7650,白色,1,贵A61K28,白色,时发驾校,青正驾校,2012/11/2 0:00,2013/7/24 0:00,东风雪铁龙,东风标致牌,364547000000000000 ,364547000000000000 ,196801,196509,10,4,5,工作日,非高峰,2015-05-15,2015年5月15日,阵雨 /阵雨,25℃ / 16℃,东北风 ≤3级 /东北风 ≤3级,阵雨,阵雨,25,16,东北风,≤3级,东北风,≤3级,day
2015-05-15 11:00:00,金阳客车站,3、倒车的,负全部责任,不负责任,1,贵A5709K,红,1,贵A9851C,黑,新天驾校,自培,2014/7/20 0:00,1996/4/18 0:00,五菱牌,-1,366067000000000000 ,364557000000000000 ,198505,197107,11,4,5,工作日,非高峰,2015-05-15,2015年5月15日,阵雨 /阵雨,25℃ / 16℃,东北风 ≤3级 /东北风 ≤3级,阵雨,阵雨,25,16,东北风,≤3级,东北风,≤3级,day
2015-05-15 09:20:00,金顶山,7、未按规定让行的 ,负全部责任,不负责任,1,贵A8B422,黄,1,贵AS7966,红,-1,（云岩区）省交通职业技术驾驶培训学校,-1,2004/8/14 0:00,-1,威志牌,36454800000000000 ,364548000000000000 ,195405,198506,9,4,5,工作日,早高峰(7-9点),2015-05-15,2015年5月15日,阵雨 /阵雨,25℃ / 16℃,东北风 ≤3级 /东北风 ≤3级,阵雨,阵雨,25,16,东北风,≤3级,东北风,≤3级,day
2015-05-15 10:00:00,小河平桥,7、未按规定让行的 ,负全部责任,不负责任,1,贵ARW915,白色,1,贵A0565Y,白色,自培,天行健驾校,2001/10/23 0:00,2014/8/5 0:00,吉利牌,北京牌,366068000000000000 ,364558000000000000 ,197102,198706,10,4,5,工作日,非高峰,2015-05-15,2015年5月15日,阵雨 /阵雨,25℃ / 16℃,东北风 ≤3级 /东北风 ≤3级,阵雨,阵雨,25,16,东北风,≤3级,东北风,≤3级,day
2015-05-15 10:00:00,金朱西路,8、依法应负全责的其他情形,负全部责任,不负责任,1,贵ATP482,黄,1,贵A25962,蓝,自培,520109,2002/7/2 0:00,2010/11/17 0:00,雪佛兰牌,金龙,364558000000000000 ,364557000000000000 ,196311,197602,10,4,5,工作日,非高峰,2015-05-15,2015年5月15日,阵雨 /阵雨,25℃ / 16℃,东北风 ≤3级 /东北风 ≤3级,阵雨,阵雨,25,16,东北风,≤3级,东北风,≤3级,day
2015-05-15 09:10:00,小关大桥,1、追尾的,负全部责任,不负责任,1,贵AFY975,红,1,川A54V04,黑,自培,-1,2003/11/25 0:00,-1,松花江,-1,366270000000000000 ,355456000000000000 ,197403,199011,9,4,5,工作日,早高峰(7-9点),2015-05-15,2015年5月15日,阵雨 /阵雨,25℃ / 16℃,东北风 ≤3级 /东北风 ≤3级,阵雨,阵雨,25,16,东北风,≤3级,东北风,≤3级,day
2015-05-15 08:10:00,金关,8、依法应负全责的其他情形,负全部责任,不负责任,1,贵A374H9,白,1,贵AU0008,黄,贵州现代驾驶培训责任有限公司,自培,2012/3/10 0:00,2000/8/17 0:00,解放牌,大运牌,366567000000000000 ,364547000000000000 ,197709,196909,8,4,5,工作日,早高峰(7-9点),2015-05-15,2015年5月15日,阵雨 /阵雨,25℃ / 16℃,东北风 ≤3级 /东北风 ≤3级,阵雨,阵雨,25,16,东北风,≤3级,东北风,≤3级,day