accidenttime,accidentaddr,driver1fault,driver1responsibility,driver2responsibility,sex1,platenumber1,carcolor1,sex2,platenumber2,carcolor2,jxmc1,jxmc2,cclzrq1,cclzrq2,clpp1,clpp2,driver1license,driver2license,brith1,brith2,hour,weekday,month,is_weekday,peak_hour,date,日期,天气状况,气温,风力风向,day_wea,night_wea,day_tep,night_tep,day_wind_direction,day_wind_speed,night_wind_direction,night_wind_speed,segment
2015-05-15 08:00:00,观山东路,8、依法应负全责的其他情形,负全部责任,不负责任,1,贵AU5136,黄,1,贵JN9197,白,贵州省长安驾驶培训学校,自培,2012/11/19 0:00,2004/5/10 0:00,爱立新牌,-1,364568000000000000 ,364547000000000000 ,199211,196307,8,4,5,工作日,早高峰(7-9点),2015-05-15,2015年5月15日,阵雨 /阵雨,25℃ / 16℃,东北风 ≤3级 /东北风 ≤3级,阵雨,阵雨,25,16,东北风,≤3级,东北风,≤3级,day
2015-05-15 09:00:00,金阳南路,9、不符合前8款规定或者双方同时具有上述情形的,负同等责任,不负责任,1,贵HFA214,白,1,贵AK6721,黑,-1,自培,-1,2005/12/5 0:00,-1,歌诗图牌,354670000000000000 ,366064000000000000 ,197408,198206,9,4,5,工作日,早高峰(7-9点),2015-05-15,2015年5月15日,阵雨 /阵雨,25℃ / 16℃,东北风 ≤3级 /东北风 ≤3级,阵雨,阵雨,25,16,东北风,≤3级,东北风,≤3级,day
2015-05-15 09:00:00,大营坡,7、未按规定让行的 ,负全部责任,不负责任,1,贵JBT231,白色,1,贵ABG747,白色,自培,自培,2012/8/9 0:00,2002/6/18 0:00,-1,圣路牌,35746151814855031X,366663000000000000 ,197907,198210,9,4,5,工作日,早高峰(7-9点),2015-05-15,2015年5月15日,阵雨 /阵雨,25℃ / 16℃,东北风 ≤3级 /东北风 ≤3级,阵雨,阵雨,25,16,东北风,≤3级,东北风,≤3级,day
2015-05-15 10:50:00,杨家山隧道,1、追尾的,负全部责任,不负责任,1,贵AHG141,黄,1,浙K1595Y,红,贵阳金马驾驶培训有限公司,-1,2014/7/13 0:00,-1,标致,-1,364566000000000000 ,776346000000000000 ,199412,199007,10,4,5,工作日,非高峰,2015-05-15,2015年5月15日,阵雨 /阵雨,25℃ / 16℃,东北风 ≤3级 /东北风 ≤3级,阵雨,阵雨,25,16,东北风,≤3级,东北风,≤3级,day
2015-05-15 09:19:00,云峰大道,1、追尾的,负全部责任,不负责任,1,贵A83N62,黑,1,贵A32916,黄,消防驾校,-1,2014/12/3 0:00,-1,野马牌,雅阁,364558000000000000 ,364558000000000000 ,197305,197303,9,4,5,工作日,早高峰(7-9点),2015-05-15,2015年5月15日,阵雨 /阵雨,25℃ / 16℃,东北风 ≤3级 /东北风 ≤3级,阵雨,阵雨,25,16,东北风,≤3级,东北风,≤3级,day
2015-05-15 13:33:00,粑粑坳,8、依法应负全责的其他情形,负全部责任,不负责任,1,贵ACE546,红,1,贵AV3647,白,-1,-1,-1,-1,解放牌,陆康牌,364546000000000 ,366875000000000000 ,690215,196708,13,4,5,工作日,非高峰,2015-05-15,2015年5月15日,阵雨 /阵雨,25℃ / 16℃,东北风 ≤3级 /东北风 ≤3级,阵雨,阵雨,25,16,东北风,≤3级,东北风,≤3级,day
2015-05-15 13:00:00,南明区物流园,3、倒车的,负全部责任,不负责任,1,贵CG4021,白色,1,贵A49J12,白色,遵义市驰龙封闭式汽车驾驶培训有限公司,金大驾校,-1,2012/3/16 0:00,-1,一汽佳星牌,366567000000000000 ,364547000000000000 ,199201,196404,13,4,5,工作日,非高峰,2015-05-15,2015年5月15日,阵雨 /阵雨,25℃ / 16℃,东北风 ≤3级 /东北风 ≤3级,阵雨,阵雨,25,16,东北风,≤3级,东北风,≤3级,day
2015-05-15 13:00:00,花溪,1、追尾的,负全部责任,不负责任,1,贵GGA811,白色,1,粤BN2402,白色,贵州平坝兴安机动车驾驶培训有限公司,全林驾校,-1,2012/5/31 0:00,-1,-1,366363000000000000 ,366766000000000000 ,198001,197508,13,4,5,工作日,非高峰,2015-05-15,2015年5月15日,阵雨 /阵雨,25℃ / 16℃,东北风 ≤3级 /东北风 ≤3级,阵雨,阵雨,25,16,东北风,≤3级,东北风,≤3级,day
2015-05-15 14:30:00,北京路,1、追尾的,负全部责任,不负责任,1,贵FT3443,红,1,贵A43Y49,蓝,-1,贵阳金马驾驶培训有限公司,-1,1999/12/3 0:00,-1,东风标致牌,784548000000000000 ,364548000000000000 ,197804,195811,14,4,5,工作日,非高峰,2015-05-15,2015年5月15日,阵雨 /阵雨,25℃ / 16℃,东北风 ≤3级 /东北风 ≤3级,阵雨,阵雨,25,16,东北风,≤3级,东北风,≤3级,day
2015-05-15 13:00:00,紫林庵,7、未按规定让行的 ,负全部责任,不负责任,0,贵A6P570,白,1,渝B5Y225,黑,全林驾校（乌当区）,天行健驾校,2015/3/26 0:00,2013/11/20 0:00,-1,-1,366567000000000000 ,266546000000000000 ,198307,196411,13,4,5,工作日,非高峰,2015-05-15,2015年5月15日,阵雨 /阵雨,25℃ / 16℃,东北风 ≤3级 /东北风 ≤3级,阵雨,阵雨,25,16,东北风,≤3级,东北风,≤3级,day
2015-05-15 12:25:00,孟关,7、未按规定让行的 ,负全部责任,不负责任,1,贵AJN041,黑,1,贵A85P61,白,自培,铁二局驾校,1995/9/5 0:00,2014/12/22 0:00,奥迪牌,宝骏牌,366561000000000000 ,366061000000000000 ,196401,198906,12,4,5,工作日,非高峰,2015-05-15,2015年5月15日,阵雨 /阵雨,25℃ / 16℃,东北风 ≤3级 /东北风 ≤3级,阵雨,阵雨,25,16,东北风,≤3级,东北风,≤3级,day
2015-05-15 14:00:00,二戈寨,7、未按规定让行的 ,负全部责任,不负责任,1,贵A52S54,白色,1,贵AV2681,白色,520132,520106,2010/1/21 0:00,2009/1/23 0:00,东风日产牌,科雷傲,364547000000000000 ,364547000000000000 ,197303,199009,14,4,5,工作日,非高峰,2015-05-15,2015年5月15日,阵雨 /阵雨,25℃ / 16℃,东北风 ≤3级 /东北风 ≤3级,阵雨,阵雨,25,16,东北风,≤3级,东北风,≤3级,day
2015-05-15 16:00:00,花溪大道,1、追尾的,负全部责任,不负责任,1,贵AAC097,白色,1,贵HY8981,白色,-1,长运驾校,-1,2012/8/13 0:00,建设牌,-1,736647000000000000 ,366274000000000000 ,197702,198609,16,4,5,工作日,非高峰,2015-05-15,2015年5月15日,阵雨 /阵雨,25℃ / 16℃,东北风 ≤3级 /东北风 ≤3级,阵雨,阵雨,25,16,东北风,≤3级,东北风,≤3级,day
2015-05-15 16:00:00,花溪大道,7、未按规定让行的 ,负全部责任,不负责任,1,贵A13S56,白色,1,贵A15N77,白色,-1,-1,-1,-1,高尔夫牌,雪佛兰牌,364555000000000 ,364568000000000000 ,680314,198779,16,4,5,工作日,非高峰,2015-05-15,2015年5月15日,阵雨 /阵雨,25℃ / 16℃,东北风 ≤3级 /东北风 ≤3级,阵雨,阵雨,25,16,东北风,≤3级,东北风,≤3级,day
2015-05-15 16:17:00,飞山街,9、不符合前8款规定或者双方同时具有上述情形的,负同等责任,不负责任,1,贵AFF345,红,1,贵A42B95,黑,-1,景宏驾校,-1,2012/11/28 0:00,宝马,别克牌,36666900000000000 ,67496851854750058X,198110,197103,16,4,5,工作日,非高峰,2015-05-15,2015年5月15日,阵雨 /阵雨,25℃ / 16℃,东北风 ≤3级 /东北风 ≤3级,阵雨,阵雨,25,16,东北风,≤3级,东北风,≤3级,day
2015-05-15 16:30:00,野鸭中学,1、追尾的,负全部责任,不负责任,1,贵AEV326,红,1,贵JED913,白,520101,自培,2001/3/31 0:00,2006/1/5 0:00,五菱牌,-1,734363000000000000 ,366875000000000000 ,197707,194808,16,4,5,工作日,非高峰,2015-05-15,2015年5月15日,阵雨 /阵雨,25℃ / 16℃,东北风 ≤3级 /东北风 ≤3级,阵雨,阵雨,25,16,东北风,≤3级,东北风,≤3级,day
2015-05-15 12:00:00,中华南路,7、未按规定让行的 ,负全部责任,不负责任,1,贵AKY159,白色,1,贵AV2236,白色,自培,贵州晨运驾驶培训学校,2001/7/19 0:00,2010/1/5 0:00,思威牌,钱江牌,776268000000000000 ,364596000000000000 ,197312,199007,12,4,5,工作日,非高峰,2015-05-15,2015年5月15日,阵雨 /阵雨,25℃ / 16℃,东北风 ≤3级 /东北风 ≤3级,阵雨,阵雨,25,16,东北风,≤3级,东北风,≤3级,day
2015-05-15 14:00:00,小河淮河路,1、追尾的,负全部责任,不负责任,1,贵AK3762,红色,1,贵A28W82,白色,顺一驾驶培训学校,十一培,2013/9/3 0:00,1989/7/17 0:00,奇瑞牌,雪佛兰牌,366046000000000000 ,364547000000000000 ,197708,196206,14,4,5,工作日,非高峰,2015-05-15,2015年5月15日,阵雨 /阵雨,25℃ / 16℃,东北风 ≤3级 /东北风 ≤3级,阵雨,阵雨,25,16,东北风,≤3级,东北风,≤3级,day
2015-05-15 12:10:00,云潭北路,1、追尾的,负全部责任,不负责任,1,云AN3J63,白,1,贵A75738,黑,自培,十一培,2011/4/26 0:00,1990/11/29 0:00,-1,昌达,536564000000000000 ,364547000000000000 ,198406,196910,12,4,5,工作日,非高峰,2015-05-15,2015年5月15日,阵雨 /阵雨,25℃ / 16℃,东北风 ≤3级 /东北风 ≤3级,阵雨,阵雨,25,16,东北风,≤3级,东北风,≤3级,day
2015-05-15 13:00:00,北京西路路口,7、未按规定让行的 ,负全部责任,不负责任,1,川K9W477,白色,1,贵AV5106,白色,自培,十一培,2012/4/27 0:00,1990/2/27 0:00,-1,华泰吉田牌,355464000000000000 ,364547000000000000 ,196604,196805,13,4,5,工作日,非高峰,2015-05-15,2015年5月15日,阵雨 /阵雨,25℃ / 16℃,东北风 ≤3级 /东北风 ≤3级,阵雨,阵雨,25,16,东北风,≤3级,东北风,≤3级,day
2015-05-15 13:09:00,油子哨,8、依法应负全责的其他情形,负全部责任,不负责任,1,贵J68471,蓝,1,贵A12W12,黑,毕节地区黔中汽车(摩托车)驾驶培训学校,自培,2011/8/12 0:00,2003/7/28 0:00,-1,奥迪牌,366068000000000000 ,364557000000000000 ,198809,197806,13,4,5,工作日,非高峰,2015-05-15,2015年5月15日,阵雨 /阵雨,25℃ / 16℃,东北风 ≤3级 /东北风 ≤3级,阵雨,阵雨,25,16,东北风,≤3级,东北风,≤3级,day
2015-05-15 14:00:00,花溪,8、依法应负全责的其他情形,负全部责任,不负责任,1,贵AA356警,白色,1,贵A89A66,白色,自培,自培,2007/9/7 0:00,2003/4/21 0:00,-1,夏利牌,364556000000000000 ,364556000000000000 ,198612,197409,14,4,5,工作日,非高峰,2015-05-15,2015年5月15日,阵雨 /阵雨,25℃ / 16℃,东北风 ≤3级 /东北风 ≤3级,阵雨,阵雨,25,16,东北风,≤3级,东北风,≤3级,day
2015-05-15 12:00:00,宝山北路,7、未按规定让行的 ,负全部责任,不负责任,1,贵GP5028,红,1,贵AHP288,黑,自培,自培,2012/8/29 0:00,2006/12/8 0:00,-1,梅赛德斯-奔驰,65467500000000000 ,774669000000000000 ,199202,196904,12,4,5,工作日,非高峰,2015-05-15,2015年5月15日,阵雨 /阵雨,25℃ / 16℃,东北风 ≤3级 /东北风 ≤3级,阵雨,阵雨,25,16,东北风,≤3级,东北风,≤3级,day
2015-05-15 14:00:00,青云路,1、追尾的,负全部责任,不负责任,1,贵AJE138,白色,1,贵ANJ277,白色,自培,自培,2001/3/15 0:00,2004/3/26 0:00,大众牌,华泰特拉卡牌,364547000000000000 ,36454751944155093X,198204,198009,14,4,5,工作日,非高峰,2015-05-15,2015年5月15日,阵雨 /阵雨,25℃ / 16℃,东北风 ≤3级 /东北风 ≤3级,阵雨,阵雨,25,16,东北风,≤3级,东北风,≤3级,day
2015-05-16 21:00:00,新添大道,1、追尾的,负全部责任,不负责任,1,赣GJ7471,红,1,贵AMC771,蓝,-1,520107,-1,2009/9/16 0:00,-1,凌派牌,724568000000000000 ,366368000000000000 ,198907,198101,21,5,5,工作日,非高峰,2015-05-16,2015年5月16日,阴 /雷阵雨,23℃ / 17℃,东北风 ≤3级 /东风 ≤3级,阴,雷阵雨,23,17,东北风,≤3级,东风,≤3级,night
2015-05-15 15:46:00,北京路,7、未按规定让行的 ,负全部责任,不负责任,1,贵JV6228,白,1,贵A82M87,黑,黔南荔波县樟江驾驶培训学校,吉源驾校,-1,2014/4/4 0:00,-1,大众汽车牌,366877000000000000 ,364548000000000000 ,197009,198202,15,4,5,工作日,非高峰,2015-05-15,2015年5月15日,阵雨 /阵雨,25℃ / 16℃,东北风 ≤3级 /东北风 ≤3级,阵雨,阵雨,25,16,东北风,≤3级,东北风,≤3级,day
2015-05-15 14:40:00,花果园,7、未按规定让行的 ,负全部责任,不负责任,1,贵A41G61,黄,1,贵A52N49,白,顺一驾驶培训学校,预约考试窗口,2012/6/15 0:00,2006/12/31 0:00,长城牌,奥迪,364547000000000000 ,364548000000000000 ,198607,198301,14,4,5,工作日,非高峰,2015-05-15,2015年5月15日,阵雨 /阵雨,25℃ / 16℃,东北风 ≤3级 /东北风 ≤3级,阵雨,阵雨,25,16,东北风,≤3级,东北风,≤3级,day
2015-05-15 17:30:00,建材学校,7、未按规定让行的 ,负全部责任,不负责任,1,贵A25C49,黄,1,贵ASJ453,红,省交校,蓝天驾校,2012/9/17 0:00,2011/8/30 0:00,东风雪铁龙牌,长城牌,364557000000000000 ,364557000000000000 ,198003,198508,17,4,5,工作日,晚高峰(17-19点),2015-05-15,2015年5月15日,阵雨 /阵雨,25℃ / 16℃,东北风 ≤3级 /东北风 ≤3级,阵雨,阵雨,25,16,东北风,≤3级,东北风,≤3级,day
2015-05-15 17:00:00,红阳厂,3、倒车的,负全部责任,不负责任,1,贵AA111B,白色,1,皖ANR393,白色,高新驾校,-1,2013/9/18 0:00,-1,东风标致牌,东风雪铁龙牌,364556000000000000 ,366876000000000000 ,196908,198210,17,4,5,工作日,晚高峰(17-19点),2015-05-15,2015年5月15日,阵雨 /阵雨,25℃ / 16℃,东北风 ≤3级 /东北风 ≤3级,阵雨,阵雨,25,16,东北风,≤3级,东北风,≤3级,day
2015-05-15 17:40:00,转弯塘,7、未按规定让行的 ,负全部责任,不负责任,1,贵ALG633,白,1,贵A33N31,白,（云岩区）省交通职业技术驾驶培训学校,-1,2005/5/12 0:00,-1,五菱牌,哈弗牌,366669000000000000 ,3645480000000000 ,198205,195808,17,4,5,工作日,晚高峰(17-19点),2015-05-15,2015年5月15日,阵雨 /阵雨,25℃ / 16℃,东北风 ≤3级 /东北风 ≤3级,阵雨,阵雨,25,16,东北风,≤3级,东北风,≤3级,day
2015-05-15 16:30:00,大营路,7、未按规定让行的 ,负全部责任,不负责任,0,贵AUA473,黄,0,贵AV6978,白,消防驾校,自培,2011/11/10 0:00,1998/8/24 0:00,吉利美日牌,金洪牌,366063000000000000 ,364548000000000000 ,198602,197511,16,4,5,工作日,非高峰,2015-05-15,2015年5月15日,阵雨 /阵雨,25℃ / 16℃,东北风 ≤3级 /东北风 ≤3级,阵雨,阵雨,25,16,东北风,≤3级,东北风,≤3级,day
2015-05-15 16:27:00,火车站,1、追尾的,负全部责任,不负责任,0,贵JR1388,白,1,赣F86838,白,贵阳学院汽车驾驶培训,-1,2011/2/25 0:00,-1,-1,-1,364567000000000000 ,726370000000000000 ,198610,199006,16,4,5,工作日,非高峰,2015-05-15,2015年5月15日,阵雨 /阵雨,25℃ / 16℃,东北风 ≤3级 /东北风 ≤3级,阵雨,阵雨,25,16,东北风,≤3级,东北风,≤3级,day
2015-05-15 18:00:00,下坝隧道,1、追尾的,负全部责任,不负责任,1,贵A6567Z,白色,1,贵HN5336,白色,-1,-1,-1,-1,飞度牌,-1,364556000000000 ,3662620000000000 ,197220,199003,18,4,5,工作日,晚高峰(17-19点),2015-05-15,2015年5月15日,阵雨 /阵雨,25℃ / 16℃,东北风 ≤3级 /东北风 ≤3级,阵雨,阵雨,25,16,东北风,≤3级,东北风,≤3级,day
2015-05-16 00:00:00,嘉润路,8、依法应负全责的其他情形,负全部责任,不负责任,1,贵AU9936,黄,1,贵A3CB01,h,-1,金大驾校,-1,2013/10/16 0:00,瑞麒牌,昂科雷,355266000000000000 ,364558000000000000 ,198909,196911,0,5,5,工作日,非高峰,2015-05-16,2015年5月16日,阴 /雷阵雨,23℃ / 17℃,东北风 ≤3级 /东风 ≤3级,阴,雷阵雨,23,17,东北风,≤3级,东风,≤3级,night
2015-05-16 07:00:00,14公里,2、逆行的,负全部责任,不负责任,1,贵A3520N,黑,1,贵A4298X,红,路路达驾校,青正驾校,2013/8/8 0:00,2012/6/4 0:00,五菱牌,北京牌,376562000000000000 ,364557000000000000 ,197905,197910,7,5,5,工作日,早高峰(7-9点),2015-05-16,2015年5月16日,阴 /雷阵雨,23℃ / 17℃,东北风 ≤3级 /东风 ≤3级,阴,雷阵雨,23,17,东北风,≤3级,东风,≤3级,day
2015-05-15 20:00:00,林东矿物局,4、停车时未挂低速档、未拉驻车制动，导致车辆滑行的,负全部责任,不负责任,1,贵ARN574,蓝,1,贵A6533V,黑,高新驾校,-1,2011/5/13 0:00,-1,五菱牌,福克斯牌,364566000000000000 ,676546000000000000 ,198709,196502,20,4,5,工作日,非高峰,2015-05-15,2015年5月15日,阵雨 /阵雨,25℃ / 16℃,东北风 ≤3级 /东北风 ≤3级,阵雨,阵雨,25,16,东北风,≤3级,东北风,≤3级,night
2015-05-16 00:00:00,花二道,1、追尾的,负全部责任,不负责任,1,贵A35194,白色,1,贵A14G27,白色,520127,-1,2004/8/2 0:00,-1,万达牌,东风日产牌,364556000000000000 ,364646000000000000 ,198103,199110,0,5,5,工作日,非高峰,2015-05-16,2015年5月16日,阴 /雷阵雨,23℃ / 17℃,东北风 ≤3级 /东风 ≤3级,阴,雷阵雨,23,17,东北风,≤3级,东风,≤3级,night
2015-05-15 17:49:00,金阳客车站,7、未按规定让行的 ,负全部责任,不负责任,1,贵ACA039,白,1,贵AA191M,红,鑫鑫驾校（花溪区）,省交校,2015/5/8 0:00,2010/2/1 0:00,长城牌,宝马牌,366270000000000000 ,364557000000000000 ,199409,198804,17,4,5,工作日,晚高峰(17-19点),2015-05-15,2015年5月15日,阵雨 /阵雨,25℃ / 16℃,东北风 ≤3级 /东北风 ≤3级,阵雨,阵雨,25,16,东北风,≤3级,东北风,≤3级,day
2015-05-16 03:00:00,老干活动中心,7、未按规定让行的 ,负全部责任,不负责任,0,贵FV7560,黄,1,贵AKV116,红,-1,预约考试窗口,-1,2006/8/16 0:00,-1,-1,36603500000000000 ,364557000000000000 ,986101,198712,3,5,5,工作日,非高峰,2015-05-16,2015年5月16日,阴 /雷阵雨,23℃ / 17℃,东北风 ≤3级 /东风 ≤3级,阴,雷阵雨,23,17,东北风,≤3级,东风,≤3级,night
2015-05-15 18:00:00,花香村,7、未按规定让行的 ,负全部责任,不负责任,1,贵ATC061,白色,1,贵AU9781,白色,自培,黔西县宏远黔职驾校,2002/11/5 0:00,2008/7/1 0:00,松花江,安第斯牌,366363000000000000 ,366068000000000000 ,198203,198212,18,4,5,工作日,晚高峰(17-19点),2015-05-15,2015年5月15日,阵雨 /阵雨,25℃ / 16℃,东北风 ≤3级 /东北风 ≤3级,阵雨,阵雨,25,16,东北风,≤3级,东北风,≤3级,day
2015-05-15 17:00:00,嘉润路,7、未按规定让行的 ,负全部责任,不负责任,1,贵AN6826,白色,1,CS64539,黑色,自培,-1,2006/12/4 0:00,-1,豪爵牌,-1,366875000000000000 ,CD43445490,197409,1084,17,4,5,工作日,晚高峰(17-19点),2015-05-15,2015年5月15日,阵雨 /阵雨,25℃ / 16℃,东北风 ≤3级 /东北风 ≤3级,阵雨,阵雨,25,16,东北风,≤3级,东北风,≤3级,day
2015-05-15 16:50:00,黔灵山路,3、倒车的,负全部责任,不负责任,1,苏AC9953,黑,1,贵AG5421,白,自培,-1,2005/3/8 0:00,-1,豪鹰牌,豪爵牌,786175000000000000 ,764568000000000000 ,197304,197504,16,4,5,工作日,非高峰,2015-05-15,2015年5月15日,阵雨 /阵雨,25℃ / 16℃,东北风 ≤3级 /东北风 ≤3级,阵雨,阵雨,25,16,东北风,≤3级,东北风,≤3级,day
2015-05-15 15:40:00,护国路,7、未按规定让行的 ,负全部责任,不负责任,1,贵AU5622,白色,1,贵A9004T,白色,自培,铁二局驾校,2001/5/21 0:00,2013/6/5 0:00,捷达牌,吉利美日牌,366567000000000000 ,366361000000000000 ,196710,197510,15,4,5,工作日,非高峰,2015-05-15,2015年5月15日,阵雨 /阵雨,25℃ / 16℃,东北风 ≤3级 /东北风 ≤3级,阵雨,阵雨,25,16,东北风,≤3级,东北风,≤3级,day
2015-05-15 15:30:00,黔灵山路,7、未按规定让行的 ,负全部责任,不负责任,1,湘D09993,蓝,1,贵A89W29,蓝,自培,新天驾校,2011/3/25 0:00,2011/8/29 0:00,-1,荣威牌,07406751154064005X,366064000000000000 ,199104,197408,15,4,5,工作日,非高峰,2015-05-15,2015年5月15日,阵雨 /阵雨,25℃ / 16℃,东北风 ≤3级 /东北风 ≤3级,阵雨,阵雨,25,16,东北风,≤3级,东北风,≤3级,day
2015-05-15 15:00:00,东站,8、依法应负全责的其他情形,负全部责任,不负责任,1,贵A715D8,白色,1,贵A28L96,白色,毕节地区黔中汽车(摩托车)驾驶培训学校,十一培,2013/10/16 0:00,1996/10/15 0:00,解放牌,长安牌,366068000000000000 ,364548000000000000 ,199408,197507,15,4,5,工作日,非高峰,2015-05-15,2015年5月15日,阵雨 /阵雨,25℃ / 16℃,东北风 ≤3级 /东北风 ≤3级,阵雨,阵雨,25,16,东北风,≤3级,东北风,≤3级,day
2015-05-15 17:25:00,小关,3、倒车的,负全部责任,不负责任,1,贵APP596,蓝,0,贵A043D4,蓝,自培,十一培,2001/9/14 0:00,1995/12/20 0:00,福田牌,福田牌,366068000000000000 ,366364000000000 ,197807,721202,17,4,5,工作日,晚高峰(17-19点),2015-05-15,2015年5月15日,阵雨 /阵雨,25℃ / 16℃,东北风 ≤3级 /东北风 ≤3级,阵雨,阵雨,25,16,东北风,≤3级,东北风,≤3级,day
2015-05-15 15:00:00,民族学院,1、追尾的,负全部责任,不负责任,1,贵A5587A,白色,1,贵A9102F,白色,贵大驾校,自培,2011/10/14 0:00,2011/7/18 0:00,翼搏牌,哈飞牌,364556000000000000 ,366368000000000000 ,198806,197412,15,4,5,工作日,非高峰,2015-05-15,2015年5月15日,阵雨 /阵雨,25℃ / 16℃,东北风 ≤3级 /东北风 ≤3级,阵雨,阵雨,25,16,东北风,≤3级,东北风,≤3级,day
2015-05-15 18:00:00,扁井,8、依法应负全责的其他情形,负全部责任,不负责任,1,贵A18F46,白,1,贵A4AC69,黑,（南明区）铁二局驾驶培训有限公司,自培,2009/2/24 0:00,2004/4/10 0:00,翼虎牌,大众汽车牌,364547000000000000 ,354364000000000000 ,198609,197509,18,4,5,工作日,晚高峰(17-19点),2015-05-15,2015年5月15日,阵雨 /阵雨,25℃ / 16℃,东北风 ≤3级 /东北风 ≤3级,阵雨,阵雨,25,16,东北风,≤3级,东北风,≤3级,day
2015-05-16 01:00:00,新添大道,8、依法应负全责的其他情形,负全部责任,不负责任,0,贵AKW455,红,1,贵A2304C,白,贵州现代驾驶培训责任有限公司,-1,2013/3/13 0:00,-1,锋范牌,海马牌,366568000000000000 ,654543000000000000 ,197408,198101,1,5,5,工作日,非高峰,2015-05-16,2015年5月16日,阴 /雷阵雨,23℃ / 17℃,东北风 ≤3级 /东风 ≤3级,阴,雷阵雨,23,17,东北风,≤3级,东风,≤3级,night
2015-05-16 05:00:00,观山东路,1、追尾的,负全部责任,不负责任,1,贵HAN617,红,1,贵GK1544,蓝,（经开区）十一驾驶培训有限公司,-1,2009/2/16 0:00,-1,-1,-1,364547000000000000 ,36454800000000000 ,197512,197110,5,5,5,工作日,非高峰,2015-05-16,2015年5月16日,阴 /雷阵雨,23℃ / 17℃,东北风 ≤3级 /东风 ≤3级,阴,雷阵雨,23,17,东北风,≤3级,东风,≤3级,night
2015-05-16 08:32:00,北京西路,1、追尾的,负全部责任,不负责任,1,贵A4374J,红,1,豫A6E86,白,-1,-1,-1,-1,五菱牌,-1,7625520000000000 ,55646500000000000 ,971120,198202,8,5,5,工作日,早高峰(7-9点),2015-05-16,2015年5月16日,阴 /雷阵雨,23℃ / 17℃,东北风 ≤3级 /东风 ≤3级,阴,雷阵雨,23,17,东北风,≤3级,东风,≤3级,day
2015-05-16 10:00:00,西南商贸城,7、未按规定让行的 ,负全部责任,不负责任,1,贵FX5153,黑,1,贵A3976P,红,-1,顺风驾校,-1,2014/6/18 0:00,-1,吉利牌,366066000000000000 ,364557000000000000 ,196711,197603,10,5,5,工作日,非高峰,2015-05-16,2015年5月16日,阴 /雷阵雨,23℃ / 17℃,东北风 ≤3级 /东风 ≤3级,阴,雷阵雨,23,17,东北风,≤3级,东风,≤3级,day
2015-05-16 10:20:00,兴筑路,7、未按规定让行的 ,负全部责任,不负责任,1,贵FD4711,黄,1,贵A0BM94,蓝,-1,自培,-1,2014/4/14 0:00,-1,一汽牌,366066000000000000 ,366675000000000000 ,197011,197602,10,5,5,工作日,非高峰,2015-05-16,2015年5月16日,阴 /雷阵雨,23℃ / 17℃,东北风 ≤3级 /东风 ≤3级,阴,雷阵雨,23,17,东北风,≤3级,东风,≤3级,day
2015-05-16 10:30:00,北京西路,8、依法应负全责的其他情形,负全部责任,不负责任,1,渝BLR919,白,1,贵DZ8749,红,-1,长运驾校,-1,2013/10/22 0:00,-1,-1,724062000000000000 ,366669000000000000 ,198509,197404,10,5,5,工作日,非高峰,2015-05-16,2015年5月16日,阴 /雷阵雨,23℃ / 17℃,东北风 ≤3级 /东风 ≤3级,阴,雷阵雨,23,17,东北风,≤3级,东风,≤3级,day
2015-05-16 10:50:00,北京路,8、依法应负全责的其他情形,负全部责任,不负责任,1,贵JCV171,白,1,贵GH4933,黑,（观山湖区）诚信驾驶培训有限公司,-1,2006/6/8 0:00,-1,-1,-1,366864000000000000 ,35426751874243525X,197312,197306,10,5,5,工作日,非高峰,2015-05-16,2015年5月16日,阴 /雷阵雨,23℃ / 17℃,东北风 ≤3级 /东风 ≤3级,阴,雷阵雨,23,17,东北风,≤3级,东风,≤3级,day
2015-05-16 10:00:00,三桥,3、倒车的,负全部责任,不负责任,1,贵AUA851,黄,0,贵A3AW58,黑,遵义市泥桥诚兴汽车驾驶培训学校,消防驾校,2011/2/16 0:00,2011/12/9 0:00,吉利美日牌,福特牌,366561000000000000 ,364547000000000000 ,197408,197004,10,5,5,工作日,非高峰,2015-05-16,2015年5月16日,阴 /雷阵雨,23℃ / 17℃,东北风 ≤3级 /东风 ≤3级,阴,雷阵雨,23,17,东北风,≤3级,东风,≤3级,day
2015-05-16 07:30:00,贵开路,7、未按规定让行的 ,负全部责任,不负责任,1,贵JAK583,黑,1,贵A79J71,黑,-1,六盘水市黔龙驾驶培训学校,-1,-1,-1,北京牌,366864000000000000 ,364646000000000000 ,198612,197808,7,5,5,工作日,早高峰(7-9点),2015-05-16,2015年5月16日,阴 /雷阵雨,23℃ / 17℃,东北风 ≤3级 /东风 ≤3级,阴,雷阵雨,23,17,东北风,≤3级,东风,≤3级,day
2015-05-16 09:27:00,体育路,8、依法应负全责的其他情形,负全部责任,不负责任,0,贵A8343J,白,1,贵A21241,蓝,贵阳金马驾驶培训有限公司,-1,2012/9/4 0:00,-1,鹤云牌,欧宝威达,36634651804355656X,366068000000000000 ,197405,198611,9,5,5,工作日,早高峰(7-9点),2015-05-16,2015年5月16日,阴 /雷阵雨,23℃ / 17℃,东北风 ≤3级 /东风 ≤3级,阴,雷阵雨,23,17,东北风,≤3级,东风,≤3级,day