accidenttime,accidentaddr,driver1fault,driver1responsibility,driver2responsibility,sex1,platenumber1,carcolor1,sex2,platenumber2,carcolor2,jxmc1,jxmc2,cclzrq1,cclzrq2,clpp1,clpp2,driver1license,driver2license,brith1,brith2,hour,weekday,month,is_weekday,peak_hour,date,日期,天气状况,气温,风力风向,day_wea,night_wea,day_tep,night_tep,day_wind_direction,day_wind_speed,night_wind_direction,night_wind_speed,segment
2015-05-16 08:35:00,金阳大酒店,1、追尾的,负全部责任,不负责任,0,贵A33R71,红,1,贵ALW031,黑,-1,黔南州173驾驶学校,-1,-1,北京牌,猎豹牌,57313599749 ,366566000000000000 ,88308,197405,8,5,5,工作日,早高峰(7-9点),2015-05-16,2015年5月16日,阴 /雷阵雨,23℃ / 17℃,东北风 ≤3级 /东风 ≤3级,阴,雷阵雨,23,17,东北风,≤3级,东风,≤3级,day
2015-05-16 10:00:00,小河转盘,9、不符合前8款规定或者双方同时具有上述情形的,负同等责任,负同等责任,1,贵A3EB43,白色,1,贵A4417Y,白色,铁二局驾校,-1,2014/12/23 0:00,-1,大众汽车牌,东风牌,364556000000000000 ,354166000000000000 ,197610,197308,10,5,5,工作日,非高峰,2015-05-16,2015年5月16日,阴 /雷阵雨,23℃ / 17℃,东北风 ≤3级 /东风 ≤3级,阴,雷阵雨,23,17,东北风,≤3级,东风,≤3级,day
2015-05-16 12:00:00,观水路,7、未按规定让行的 ,负全部责任,不负责任,1,贵A51S95,白色,1,贵A87L76,白色,-1,-1,-1,-1,海马牌,东风标致牌,36669500000000000 ,36667500000000000 ,979092,986052,12,5,5,工作日,非高峰,2015-05-16,2015年5月16日,阴 /雷阵雨,23℃ / 17℃,东北风 ≤3级 /东风 ≤3级,阴,雷阵雨,23,17,东北风,≤3级,东风,≤3级,day
2015-05-15 21:30:00,保利云山,1、追尾的,负全部责任,不负责任,1,贵B33297,蓝,1,贵AV4146,黄,自培,-1,2004/9/9 0:00,-1,-1,力帆牌,364646000000000000 ,366566000000000000 ,198612,198307,21,4,5,工作日,非高峰,2015-05-15,2015年5月15日,阵雨 /阵雨,25℃ / 16℃,东北风 ≤3级 /东北风 ≤3级,阵雨,阵雨,25,16,东北风,≤3级,东北风,≤3级,night
2015-05-15 20:00:00,小河转盘,1、追尾的,负全部责任,不负责任,1,临贵A2N076,白色,1,贵A53B68,白色,自培,-1,2009/1/6 0:00,-1,-1,-1,64795500000000000 ,366846000000000000 ,198702,197409,20,4,5,工作日,非高峰,2015-05-15,2015年5月15日,阵雨 /阵雨,25℃ / 16℃,东北风 ≤3级 /东北风 ≤3级,阵雨,阵雨,25,16,东北风,≤3级,东北风,≤3级,night
2015-05-16 00:00:00,渔安隧道,1、追尾的,负全部责任,不负责任,1,贵AZC146,白色,1,贵A38K58,白色,自培,-1,2012/8/1 0:00,-1,大众牌,-1,56963500000000000 ,34542500000000000 ,198510,196504,0,5,5,工作日,非高峰,2015-05-16,2015年5月16日,阴 /雷阵雨,23℃ / 17℃,东北风 ≤3级 /东风 ≤3级,阴,雷阵雨,23,17,东北风,≤3级,东风,≤3级,night
2015-05-15 19:10:00,阳关,8、依法应负全责的其他情形,负全部责任,不负责任,1,贵EP1317,白,1,贵A43J21,黑,自培,-1,2005/2/7 0:00,-1,-1,海马牌,366276000000000000 ,黔尚字第66454759,198610,10318,19,4,5,工作日,晚高峰(17-19点),2015-05-15,2015年5月15日,阵雨 /阵雨,25℃ / 16℃,东北风 ≤3级 /东北风 ≤3级,阵雨,阵雨,25,16,东北风,≤3级,东北风,≤3级,day
2015-05-15 18:00:00,金园路,1、追尾的,负全部责任,不负责任,1,贵A0703V,红,1,贵A2385N,白,消防驾校,十一培,2014/11/4 0:00,1997/6/5 0:00,海马牌,五菱牌,366068000000000000 ,366577000000000000 ,198303,197112,18,4,5,工作日,晚高峰(17-19点),2015-05-15,2015年5月15日,阵雨 /阵雨,25℃ / 16℃,东北风 ≤3级 /东北风 ≤3级,阵雨,阵雨,25,16,东北风,≤3级,东北风,≤3级,day
2015-05-15 18:00:00,花溪,7、未按规定让行的 ,负全部责任,不负责任,1,贵A6061L,白色,1,贵A49359,白色,高新驾校,自培,1998/8/31 0:00,2010/8/5 0:00,英伦牌,实力,364556000000000000 ,366346000000000000 ,197409,198703,18,4,5,工作日,晚高峰(17-19点),2015-05-15,2015年5月15日,阵雨 /阵雨,25℃ / 16℃,东北风 ≤3级 /东北风 ≤3级,阵雨,阵雨,25,16,东北风,≤3级,东北风,≤3级,day
2015-05-15 18:10:00,都司路,1、追尾的,负全部责任,不负责任,1,贵ER9762,白,0,贵AX7988,蓝,兴义市麒麟驾驶培训学校有限公司,自培,2014/10/27 0:00,2004/6/17 0:00,-1,豪进牌,366766000000000000 ,364557000000000000 ,199001,197709,18,4,5,工作日,晚高峰(17-19点),2015-05-15,2015年5月15日,阵雨 /阵雨,25℃ / 16℃,东北风 ≤3级 /东北风 ≤3级,阵雨,阵雨,25,16,东北风,≤3级,东北风,≤3级,day
2015-05-16 10:10:00,宝山南路,7、未按规定让行的 ,负全部责任,不负责任,0,贵ATA425,蓝,1,贵AHT193,红,-1,自培,-1,2001/9/24 0:00,北京现代牌,雅阁牌,364548000000000000 ,36684551234564485X,196610,196501,10,5,5,工作日,非高峰,2015-05-16,2015年5月16日,阴 /雷阵雨,23℃ / 17℃,东北风 ≤3级 /东风 ≤3级,阴,雷阵雨,23,17,东北风,≤3级,东风,≤3级,day
2015-05-16 09:30:00,奥体中心,7、未按规定让行的 ,负全部责任,不负责任,1,贵A38A27,白,0,贵AVE889,蓝,自培,自培,2011/9/28 0:00,2007/9/11 0:00,雪佛兰牌,东风日产牌,364558000000000000 ,364556000000000000 ,199111,198801,9,5,5,工作日,早高峰(7-9点),2015-05-16,2015年5月16日,阴 /雷阵雨,23℃ / 17℃,东北风 ≤3级 /东风 ≤3级,阴,雷阵雨,23,17,东北风,≤3级,东风,≤3级,day
2015-05-16 11:00:00,浦江路,7、未按规定让行的 ,负全部责任,不负责任,1,贵A7659警,白色,1,贵A9976T,白色,吉源驾校,自培,2014/7/21 0:00,2004/3/16 0:00,-1,别克牌,366267000000000000 ,366364000000000000 ,199401,197106,11,5,5,工作日,非高峰,2015-05-16,2015年5月16日,阴 /雷阵雨,23℃ / 17℃,东北风 ≤3级 /东风 ≤3级,阴,雷阵雨,23,17,东北风,≤3级,东风,≤3级,day
2015-05-16 11:30:00,花溪区,3、倒车的,负全部责任,不负责任,1,贵A7BM69,白色,1,贵A75G15,白色,-1,自培,-1,2007/9/13 0:00,吉利美日牌,奇瑞牌,36626451964143537X,364547000000000000 ,198209,197505,11,5,5,工作日,非高峰,2015-05-16,2015年5月16日,阴 /雷阵雨,23℃ / 17℃,东北风 ≤3级 /东风 ≤3级,阴,雷阵雨,23,17,东北风,≤3级,东风,≤3级,day
2015-05-16 12:10:00,西二环,7、未按规定让行的 ,负全部责任,不负责任,1,贵O255360,蓝,0,贵A44G53,红,520114,蓝天驾校,2007/3/2 0:00,2011/7/28 0:00,-1,东风日产牌,366068000000000000 ,364548000000000000 ,197111,197306,12,5,5,工作日,非高峰,2015-05-16,2015年5月16日,阴 /雷阵雨,23℃ / 17℃,东北风 ≤3级 /东风 ≤3级,阴,雷阵雨,23,17,东北风,≤3级,东风,≤3级,day
2015-05-16 13:00:00,花溪,7、未按规定让行的 ,负全部责任,不负责任,1,贵DV9171,白色,1,贵A5239Y,白色,-1,高新驾校,-1,2015/1/26 0:00,-1,吉利牌,366664000000000000 ,364556000000000000 ,198012,199111,13,5,5,工作日,非高峰,2015-05-16,2015年5月16日,阴 /雷阵雨,23℃ / 17℃,东北风 ≤3级 /东风 ≤3级,阴,雷阵雨,23,17,东北风,≤3级,东风,≤3级,day
2015-05-16 11:30:00,野鸭小学,8、依法应负全责的其他情形,负全部责任,不负责任,1,贵AL8291,黑,0,贵AK3827,红,景宏驾校,（白云区）消防驾驶培训学校,2012/5/16 0:00,2006/8/14 0:00,东宏牌,豪爵牌,364557000000000000 ,366566000000000000 ,199303,197002,11,5,5,工作日,非高峰,2015-05-16,2015年5月16日,阴 /雷阵雨,23℃ / 17℃,东北风 ≤3级 /东风 ≤3级,阴,雷阵雨,23,17,东北风,≤3级,东风,≤3级,day
2015-05-16 12:00:00,苗圃2号隧道,1、追尾的,负全部责任,不负责任,1,贵HV9615,白色,1,贵GZ4311,白色,诚信驾驶培训学校,贵州省长安驾驶培训学校,2012/1/30 0:00,2015/1/29 0:00,-1,-1,366267000000000000 ,35524651124861071X,198309,199607,12,5,5,工作日,非高峰,2015-05-16,2015年5月16日,阴 /雷阵雨,23℃ / 17℃,东北风 ≤3级 /东风 ≤3级,阴,雷阵雨,23,17,东北风,≤3级,东风,≤3级,day
2015-05-16 13:55:00,兴筑西路,7、未按规定让行的 ,负全部责任,不负责任,0,贵AWC474,黑,1,贵A7D119,蓝,-1,蓝天驾校,-1,2013/11/29 0:00,奥迪牌,-1,36454651804957796X,364547000000000000 ,197408,199012,13,5,5,工作日,非高峰,2015-05-16,2015年5月16日,阴 /雷阵雨,23℃ / 17℃,东北风 ≤3级 /东风 ≤3级,阴,雷阵雨,23,17,东北风,≤3级,东风,≤3级,day
2015-05-16 15:22:00,石林西路,8、依法应负全责的其他情形,负全部责任,不负责任,1,豫N82429,蓝,1,贵A7876G,红,-1,阳光驾校,-1,2011/12/24 0:00,-1,福克斯牌,55063500000000000 ,55763500000000000 ,197405,198702,15,5,5,工作日,非高峰,2015-05-16,2015年5月16日,阴 /雷阵雨,23℃ / 17℃,东北风 ≤3级 /东风 ≤3级,阴,雷阵雨,23,17,东北风,≤3级,东风,≤3级,day
2015-05-16 15:55:00,金关,7、未按规定让行的 ,负全部责任,不负责任,1,鄂FBP789,白,1,贵GP9218,黑,-1,520118,-1,2009/9/10 0:00,-1,-1,64297500000000000 ,366375000000000000 ,197906,198504,15,5,5,工作日,非高峰,2015-05-16,2015年5月16日,阴 /雷阵雨,23℃ / 17℃,东北风 ≤3级 /东风 ≤3级,阴,雷阵雨,23,17,东北风,≤3级,东风,≤3级,day
2015-05-16 14:00:00,青年路,9、不符合前8款规定或者双方同时具有上述情形的,负同等责任,负同等责任,1,贵A47M72,白色,1,贵AU7719,白色,自培,无,2012/4/30 0:00,1995/10/31 0:00,雪佛兰牌,捷达牌,364548000000000000 ,364557000000000000 ,199202,197410,14,5,5,工作日,非高峰,2015-05-16,2015年5月16日,阴 /雷阵雨,23℃ / 17℃,东北风 ≤3级 /东风 ≤3级,阴,雷阵雨,23,17,东北风,≤3级,东风,≤3级,day
2015-05-16 12:12:00,碧海南路,3、倒车的,负全部责任,不负责任,0,贵A4BM41,黑,1,贵A6174P,红,自培,消防驾校,2004/6/18 0:00,2013/11/12 0:00,奥迪牌,雪佛兰牌,364548000000000000 ,364557000000000000 ,197208,197910,12,5,5,工作日,非高峰,2015-05-16,2015年5月16日,阴 /雷阵雨,23℃ / 17℃,东北风 ≤3级 /东风 ≤3级,阴,雷阵雨,23,17,东北风,≤3级,东风,≤3级,day
2015-05-16 12:00:00,二戈寨,7、未按规定让行的 ,负全部责任,不负责任,1,贵A79168,白色,1,贵AGX232,白色,自培,-1,2004/8/24 0:00,-1,福田牌,锋范牌,366347000000000000 ,3660510000000000 ,197109,199409,12,5,5,工作日,非高峰,2015-05-16,2015年5月16日,阴 /雷阵雨,23℃ / 17℃,东北风 ≤3级 /东风 ≤3级,阴,雷阵雨,23,17,东北风,≤3级,东风,≤3级,day
2015-05-16 13:00:00,后巢村,7、未按规定让行的 ,负全部责任,不负责任,1,贵A4625Y,白色,1,贵AB7919,白色,自培,顺一驾驶培训学校,2004/5/31 0:00,2004/5/29 0:00,-1,嘉陵牌,36606751804159875X,364547000000000000 ,197409,198203,13,5,5,工作日,非高峰,2015-05-16,2015年5月16日,阴 /雷阵雨,23℃ / 17℃,东北风 ≤3级 /东风 ≤3级,阴,雷阵雨,23,17,东北风,≤3级,东风,≤3级,day
2015-05-16 12:00:00,百花大道,7、未按规定让行的 ,负全部责任,不负责任,1,贵AA6695,白,1,贵A46P87,红,自培,-1,2011/12/15 0:00,-1,江淮牌,普瑞维亚,74066500000000000 ,36454800000000000 ,197312,197912,12,5,5,工作日,非高峰,2015-05-16,2015年5月16日,阴 /雷阵雨,23℃ / 17℃,东北风 ≤3级 /东风 ≤3级,阴,雷阵雨,23,17,东北风,≤3级,东风,≤3级,day
2015-05-16 13:30:00,甲秀南路,1、追尾的,负全部责任,不负责任,1,贵G11446,黑,1,冀J423JX,红,自培,-1,2008/12/9 0:00,-1,-1,-1,54955500000000000 ,574417000000000000 ,198601,199012,13,5,5,工作日,非高峰,2015-05-16,2015年5月16日,阴 /雷阵雨,23℃ / 17℃,东北风 ≤3级 /东风 ≤3级,阴,雷阵雨,23,17,东北风,≤3级,东风,≤3级,day
2015-05-16 15:03:00,八鸽岩,3、倒车的,负全部责任,不负责任,1,贵A64186,黑,1,贵AH8658,红,-1,十一培,-1,1997/3/19 0:00,隆鑫,本田牌,36454800000000000 ,364547000000000000 ,195608,196303,15,5,5,工作日,非高峰,2015-05-16,2015年5月16日,阴 /雷阵雨,23℃ / 17℃,东北风 ≤3级 /东风 ≤3级,阴,雷阵雨,23,17,东北风,≤3级,东风,≤3级,day
2015-05-16 11:00:00,贵钢门口,8、依法应负全责的其他情形,负全部责任,不负责任,1,贵FZ3435,白色,1,贵ACD103,白色,自培,十一培,2013/6/9 0:00,1993/7/6 0:00,-1,东风日产牌,724747000000000000 ,364547000000000000 ,198607,196306,11,5,5,工作日,非高峰,2015-05-16,2015年5月16日,阴 /雷阵雨,23℃ / 17℃,东北风 ≤3级 /东风 ≤3级,阴,雷阵雨,23,17,东北风,≤3级,东风,≤3级,day
2015-05-16 13:10:00,金阳北路,1、追尾的,负全部责任,不负责任,1,贵AB388G,白,1,贵GV4750,白,（经开区）顺一驾驶培训有限公司,自培,2009/4/21 0:00,2002/3/21 0:00,东风标致牌,-1,366347000000000000 ,364558000000000000 ,197812,197704,13,5,5,工作日,非高峰,2015-05-16,2015年5月16日,阴 /雷阵雨,23℃ / 17℃,东北风 ≤3级 /东风 ≤3级,阴,雷阵雨,23,17,东北风,≤3级,东风,≤3级,day
2015-05-16 13:00:00,观水路,7、未按规定让行的 ,负全部责任,不负责任,1,贵A9BG51,黑,1,贵A19X48,黑,市警校驾校,自培,2013/11/11 0:00,2003/11/1 0:00,奥迪牌,福克斯牌,366875000000000000 ,364547000000000000 ,198609,196102,13,5,5,工作日,非高峰,2015-05-16,2015年5月16日,阴 /雷阵雨,23℃ / 17℃,东北风 ≤3级 /东风 ≤3级,阴,雷阵雨,23,17,东北风,≤3级,东风,≤3级,day
2015-05-16 13:40:00,北京西路,7、未按规定让行的 ,负全部责任,不负责任,1,贵CNK992,黑,1,贵A5333C,白,自培,自培,2001/3/28 0:00,2003/8/30 0:00,-1,长安牌,366546000000000000 ,364558000000000000 ,197412,197802,13,5,5,工作日,非高峰,2015-05-16,2015年5月16日,阴 /雷阵雨,23℃ / 17℃,东北风 ≤3级 /东风 ≤3级,阴,雷阵雨,23,17,东北风,≤3级,东风,≤3级,day
2015-05-16 12:00:00,香江花园,1、追尾的,负全部责任,不负责任,1,贵A268A8,白色,1,贵AM3783,白色,自培,自培,2006/12/29 0:00,2002/11/21 0:00,江铃牌,大众汽车牌,364551000000000000 ,364548000000000000 ,198809,196809,12,5,5,工作日,非高峰,2015-05-16,2015年5月16日,阴 /雷阵雨,23℃ / 17℃,东北风 ≤3级 /东风 ≤3级,阴,雷阵雨,23,17,东北风,≤3级,东风,≤3级,day
2015-05-16 15:40:00,北京西路,1、追尾的,负全部责任,不负责任,1,浙BV8C41,蓝,1,贵EL7727,红,思南县铜南摩托车驾驶培训学校,520123,-1,2008/8/25 0:00,-1,-1,366664000000000000 ,366764000000000000 ,199112,198708,15,5,5,工作日,非高峰,2015-05-16,2015年5月16日,阴 /雷阵雨,23℃ / 17℃,东北风 ≤3级 /东风 ≤3级,阴,雷阵雨,23,17,东北风,≤3级,东风,≤3级,day
2015-05-16 14:00:00,太慈桥,1、追尾的,负全部责任,不负责任,1,贵AAH437,白色,1,贵A21482,白色,-1,市交校,-1,2004/4/5 0:00,本田牌,红岩牌,724561000000000000 ,364548000000000000 ,196809,196911,14,5,5,工作日,非高峰,2015-05-16,2015年5月16日,阴 /雷阵雨,23℃ / 17℃,东北风 ≤3级 /东风 ≤3级,阴,雷阵雨,23,17,东北风,≤3级,东风,≤3级,day
2015-05-16 16:00:00,云潭南路,1、追尾的,负全部责任,不负责任,1,贵ACP853,白,1,贵A581C,白,自培,路路达驾校,2012/4/27 0:00,2014/10/8 0:00,别克牌,-1,366070000000000000 ,366063000000000000 ,198202,197508,16,5,5,工作日,非高峰,2015-05-16,2015年5月16日,阴 /雷阵雨,23℃ / 17℃,东北风 ≤3级 /东风 ≤3级,阴,雷阵雨,23,17,东北风,≤3级,东风,≤3级,day
2015-05-16 14:00:00,油榨街,7、未按规定让行的 ,负全部责任,不负责任,0,贵A1Q772,白,1,贵AMB874,红,（乌当区）全林驾驶培训有限公司,兴黔,2008/1/17 0:00,2005/6/1 0:00,-1,长安牌,364548000000000000 ,364557000000000000 ,198711,198108,14,5,5,工作日,非高峰,2015-05-16,2015年5月16日,阴 /雷阵雨,23℃ / 17℃,东北风 ≤3级 /东风 ≤3级,阴,雷阵雨,23,17,东北风,≤3级,东风,≤3级,day
2015-05-16 14:45:00,龙洞堡,7、未按规定让行的 ,负全部责任,不负责任,1,粤B33253,白,1,贵AU2957,黄,-1,万里圣驾校（清镇市）,-1,2004/3/30 0:00,-1,恒胜牌,65495500000000000 ,366046000000000000 ,197809,197104,14,5,5,工作日,非高峰,2015-05-16,2015年5月16日,阴 /雷阵雨,23℃ / 17℃,东北风 ≤3级 /东风 ≤3级,阴,雷阵雨,23,17,东北风,≤3级,东风,≤3级,day
2015-05-16 17:00:00,北京路,7、未按规定让行的 ,负全部责任,不负责任,1,贵A05184,白色,1,贵A9BL05,白色,毕节地区宏强汽车(摩托车)驾驶培训学校,市交校,2011/3/15 0:00,2011/8/2 0:00,金杯牌,长安牌,366064000000000000 ,364548000000000000 ,198205,199211,17,5,5,工作日,晚高峰(17-19点),2015-05-16,2015年5月16日,阴 /雷阵雨,23℃ / 17℃,东北风 ≤3级 /东风 ≤3级,阴,雷阵雨,23,17,东北风,≤3级,东风,≤3级,day
2015-05-16 18:00:00,金阳警官学院,1、追尾的,负全部责任,不负责任,0,贵AX4977,蓝,1,贵A6CB19,黑,-1,公安干院驾校,-1,2006/12/13 0:00,跃进牌,别克牌,364548000000000000 ,364556000000000000 ,199511,197603,18,5,5,工作日,晚高峰(17-19点),2015-05-16,2015年5月16日,阴 /雷阵雨,23℃ / 17℃,东北风 ≤3级 /东风 ≤3级,阴,雷阵雨,23,17,东北风,≤3级,东风,≤3级,day
2015-05-16 16:00:00,四号路,9、不符合前8款规定或者双方同时具有上述情形的,负同等责任,负同等责任,1,贵GGA566,白色,1,贵AGD765,白色,文通驾校,无,2011/4/21 0:00,1999/11/30 0:00,-1,丰田牌,366063000000000000 ,36636051885658305X,198402,197712,16,5,5,工作日,非高峰,2015-05-16,2015年5月16日,阴 /雷阵雨,23℃ / 17℃,东北风 ≤3级 /东风 ≤3级,阴,雷阵雨,23,17,东北风,≤3级,东风,≤3级,day
2015-05-16 18:00:00,次南门,7、未按规定让行的 ,负全部责任,不负责任,1,贵A7BB89,白,0,川LH4033,黑,-1,预约考试窗口,-1,2007/3/14 0:00,大众汽车牌,-1,366064000000000000 ,364547000000000000 ,196302,198304,18,5,5,工作日,晚高峰(17-19点),2015-05-16,2015年5月16日,阴 /雷阵雨,23℃ / 17℃,东北风 ≤3级 /东风 ≤3级,阴,雷阵雨,23,17,东北风,≤3级,东风,≤3级,day
2015-05-16 17:00:00,云潭南路,1、追尾的,负全部责任,不负责任,1,贵ACP853,白,1,贵A58PC,白,自培,路路达驾校,2012/4/27 0:00,2014/10/8 0:00,别克牌,-1,366070000000000000 ,366063000000000000 ,198202,197508,17,5,5,工作日,晚高峰(17-19点),2015-05-16,2015年5月16日,阴 /雷阵雨,23℃ / 17℃,东北风 ≤3级 /东风 ≤3级,阴,雷阵雨,23,17,东北风,≤3级,东风,≤3级,day
2015-05-16 18:00:00,次南门,9、不符合前8款规定或者双方同时具有上述情形的,负全部责任,不负责任,1,贵A7BB89,白,0,川LH4033,黑,-1,预约考试窗口,-1,2007/3/14 0:00,大众汽车牌,-1,366064000000000000 ,364547000000000000 ,196302,198304,18,5,5,工作日,晚高峰(17-19点),2015-05-16,2015年5月16日,阴 /雷阵雨,23℃ / 17℃,东北风 ≤3级 /东风 ≤3级,阴,雷阵雨,23,17,东北风,≤3级,东风,≤3级,day
2015-05-16 19:20:00,天誉城,7、未按规定让行的 ,负全部责任,不负责任,1,贵ES1818,红,1,贵ALZ045,黑,吉源驾校,-1,2014/1/2 0:00,-1,-1,别克牌,366761000000000000 ,357467000000000000 ,198105,198601,19,5,5,工作日,晚高峰(17-19点),2015-05-16,2015年5月16日,阴 /雷阵雨,23℃ / 17℃,东北风 ≤3级 /东风 ≤3级,阴,雷阵雨,23,17,东北风,≤3级,东风,≤3级,day
2015-05-16 14:00:00,解放路,7、未按规定让行的 ,负全部责任,不负责任,1,贵AMS559,白色,1,贵AG0231,白色,自培,公交公司驾校,2004/10/10 0:00,2005/4/6 0:00,长安牌,凯诺牌,364547000000000000 ,364548000000000000 ,195209,198302,14,5,5,工作日,非高峰,2015-05-16,2015年5月16日,阴 /雷阵雨,23℃ / 17℃,东北风 ≤3级 /东风 ≤3级,阴,雷阵雨,23,17,东北风,≤3级,东风,≤3级,day
2015-05-16 14:00:00,中华北路,7、未按规定让行的 ,负全部责任,不负责任,1,贵ALY441,红,0,贵A53R67,白,消防驾校,十一培,2003/7/23 0:00,1989/7/27 0:00,吉利美日牌,揽胜极光,364557000000000000 ,364548000000000000 ,198411,196910,14,5,5,工作日,非高峰,2015-05-16,2015年5月16日,阴 /雷阵雨,23℃ / 17℃,东北风 ≤3级 /东风 ≤3级,阴,雷阵雨,23,17,东北风,≤3级,东风,≤3级,day
2015-05-16 20:00:00,护国路,9、不符合前8款规定或者双方同时具有上述情形的,负同等责任,负同等责任,1,贵A72B63,白色,1,贵A18E67,白色,（乌当区）全林驾驶培训有限公司,十一培,2006/12/27 0:00,1998/5/5 0:00,别克牌,奥迪,366875000000000000 ,364548000000000000 ,197809,197412,20,5,5,工作日,非高峰,2015-05-16,2015年5月16日,阴 /雷阵雨,23℃ / 17℃,东北风 ≤3级 /东风 ≤3级,阴,雷阵雨,23,17,东北风,≤3级,东风,≤3级,night
2015-05-16 15:00:00,观山东路,1、追尾的,负全部责任,不负责任,1,贵AC894M,蓝,1,贵ASA231,蓝,吉源驾校,自培,2015/2/4 0:00,2001/5/25 0:00,五菱牌,东风标致牌,364566000000000000 ,364548000000000000 ,198601,195509,15,5,5,工作日,非高峰,2015-05-16,2015年5月16日,阴 /雷阵雨,23℃ / 17℃,东北风 ≤3级 /东风 ≤3级,阴,雷阵雨,23,17,东北风,≤3级,东风,≤3级,day
2015-05-16 14:30:00,北京西路,1、追尾的,负全部责任,不负责任,0,贵A27C17,黑,1,贵AWP752,黑,（乌当区）新天驾驶培训有限公司,自培,2010/3/22 0:00,2007/5/31 0:00,别克牌,-1,36636351874640966X,366061000000000000 ,197302,197208,14,5,5,工作日,非高峰,2015-05-16,2015年5月16日,阴 /雷阵雨,23℃ / 17℃,东北风 ≤3级 /东风 ≤3级,阴,雷阵雨,23,17,东北风,≤3级,东风,≤3级,day
2015-05-16 18:00:00,太慈桥,7、未按规定让行的 ,负全部责任,不负责任,1,贵A738H7,白色,1,贵A29G96,白色,-1,自培,-1,2004/6/4 0:00,解放牌,奥迪牌,366347000000000000 ,364648000000000000 ,192608,196904,18,5,5,工作日,晚高峰(17-19点),2015-05-16,2015年5月16日,阴 /雷阵雨,23℃ / 17℃,东北风 ≤3级 /东风 ≤3级,阴,雷阵雨,23,17,东北风,≤3级,东风,≤3级,day
2015-05-16 17:10:00,三桥,8、依法应负全责的其他情形,负全部责任,不负责任,1,贵AF7335,红,1,贵AU6078,黄,诚信驾驶培训学校,自培,2011/12/30 0:00,2002/9/11 0:00,昌河牌,隆鑫牌,36455651995445637X,366064000000000000 ,198810,196810,17,5,5,工作日,晚高峰(17-19点),2015-05-16,2015年5月16日,阴 /雷阵雨,23℃ / 17℃,东北风 ≤3级 /东风 ≤3级,阴,雷阵雨,23,17,东北风,≤3级,东风,≤3级,day
2015-05-16 14:10:00,金朱路,3、倒车的,负全部责任,不负责任,1,贵AM0633,黄,1,贵A91P61,白,自培,自培,2006/5/30 0:00,2001/7/10 0:00,钱江牌,丰田牌,364557000000000000 ,364556000000000000 ,198302,197609,14,5,5,工作日,非高峰,2015-05-16,2015年5月16日,阴 /雷阵雨,23℃ / 17℃,东北风 ≤3级 /东风 ≤3级,阴,雷阵雨,23,17,东北风,≤3级,东风,≤3级,day
2015-05-17 09:00:00,新添大道,7、未按规定让行的 ,负全部责任,不负责任,1,贵AL8975,红,1,贵A34B61,白,-1,520116,-1,2009/9/10 0:00,金狮牌,长城牌,364647000000000000 ,366246000000000000 ,197808,197007,9,6,5,周末,早高峰(7-9点),2015-05-17,2015年5月17日,阵雨 /雷阵雨,25℃ / 17℃,东北风 ≤3级 /南风 ≤3级,阵雨,雷阵雨,25,17,东北风,≤3级,南风,≤3级,day
2015-05-17 07:30:00,改茶新村,3、倒车的,负全部责任,不负责任,1,川X3A368,白,1,贵FS5183,白,（南明区）阳光驾驶培训有限公司,大方大山驾校,2007/3/1 0:00,2008/9/5 0:00,-1,-1,356168000000000000 ,366067000000000000 ,195112,198605,7,6,5,周末,早高峰(7-9点),2015-05-17,2015年5月17日,阵雨 /雷阵雨,25℃ / 17℃,东北风 ≤3级 /南风 ≤3级,阵雨,雷阵雨,25,17,东北风,≤3级,南风,≤3级,day
2015-05-16 21:20:00,皂角井,1、追尾的,负全部责任,不负责任,1,贵A95043,白,0,贵A77S46,红,-1,预约考试窗口,-1,2007/2/25 0:00,圣火神牌,海马牌,366370000000000000 ,364551000000000000 ,197402,198412,21,5,5,工作日,非高峰,2015-05-16,2015年5月16日,阴 /雷阵雨,23℃ / 17℃,东北风 ≤3级 /东风 ≤3级,阴,雷阵雨,23,17,东北风,≤3级,东风,≤3级,night
2015-05-17 04:00:00,长岭坡,8、依法应负全责的其他情形,负全部责任,不负责任,1,贵A3253B,黄,1,贵AJE891,蓝,路路达驾校,-1,2014/9/3 0:00,-1,-1,昊锐牌,364557000000000000 ,364557000000000000 ,199506,197004,4,6,5,周末,非高峰,2015-05-17,2015年5月17日,阵雨 /雷阵雨,25℃ / 17℃,东北风 ≤3级 /南风 ≤3级,阵雨,雷阵雨,25,17,东北风,≤3级,南风,≤3级,night
2015-05-17 09:05:00,黔灵西路,9、不符合前8款规定或者双方同时具有上述情形的,负同等责任,负同等责任,0,贵A3EB06,黄,1,贵A94P39,红,蓝天驾校,蓝天驾校,2012/6/29 0:00,2012/6/29 0:00,长安牌,大通牌,364548000000000000 ,364548000000000000 ,197710,197710,9,6,5,周末,早高峰(7-9点),2015-05-17,2015年5月17日,阵雨 /雷阵雨,25℃ / 17℃,东北风 ≤3级 /南风 ≤3级,阵雨,雷阵雨,25,17,东北风,≤3级,南风,≤3级,day
2015-05-17 10:00:00,二戈寨,7、未按规定让行的 ,负全部责任,不负责任,1,贵A94B46,白色,1,冀A463BV,白色,-1,毕节地区奇康驾校,-1,-1,雪佛兰牌,-1,376146000000000000 ,366046000000000000 ,198609,198309,10,6,5,周末,非高峰,2015-05-17,2015年5月17日,阵雨 /雷阵雨,25℃ / 17℃,东北风 ≤3级 /南风 ≤3级,阵雨,雷阵雨,25,17,东北风,≤3级,南风,≤3级,day