accidenttime,accidentaddr,driver1fault,driver1responsibility,driver2responsibility,sex1,platenumber1,carcolor1,sex2,platenumber2,carcolor2,jxmc1,jxmc2,cclzrq1,cclzrq2,clpp1,clpp2,driver1license,driver2license,brith1,brith2,hour,weekday,month,is_weekday,peak_hour,date,日期,天气状况,气温,风力风向,day_wea,night_wea,day_tep,night_tep,day_wind_direction,day_wind_speed,night_wind_direction,night_wind_speed,segment
2015-05-17 09:00:00,太慈桥,1、追尾的,负全部责任,不负责任,1,贵A82B56,白色,1,贵AB794G,白色,（乌当区）新天驾驶培训有限公司,-1,2005/1/5 0:00,-1,利亚纳牌,东风日产牌,364556000000000000 ,74667500000000000 ,198011,198510,9,6,5,周末,早高峰(7-9点),2015-05-17,2015年5月17日,阵雨 /雷阵雨,25℃ / 17℃,东北风 ≤3级 /南风 ≤3级,阵雨,雷阵雨,25,17,东北风,≤3级,南风,≤3级,day
2015-05-17 02:30:00,大十字,7、未按规定让行的 ,负全部责任,不负责任,0,贵AJC138,白,1,贵APV379,银,-1,诚信驾驶培训学校,-1,2010/9/28 0:00,夏利,翼搏牌,724696000000000000 ,364547000000000000 ,197401,197107,2,6,5,周末,非高峰,2015-05-17,2015年5月17日,阵雨 /雷阵雨,25℃ / 17℃,东北风 ≤3级 /南风 ≤3级,阵雨,雷阵雨,25,17,东北风,≤3级,南风,≤3级,night
2015-05-17 07:30:00,和尚坡,2、逆行的,负全部责任,不负责任,0,贵AG8487,白,1,贵AX6019,白,（乌当区）新华驾驶培训有限公司,-1,2006/11/29 0:00,-1,金城牌,豪爵牌,356170000000000000 ,366068000000000000 ,197408,198403,7,6,5,周末,早高峰(7-9点),2015-05-17,2015年5月17日,阵雨 /雷阵雨,25℃ / 17℃,东北风 ≤3级 /南风 ≤3级,阵雨,雷阵雨,25,17,东北风,≤3级,南风,≤3级,day
2015-05-17 11:00:00,南二环,1、追尾的,负全部责任,不负责任,1,贵AB730K,白色,1,贵A1100V,白色,-1,消防驾校,-1,2010/9/13 0:00,长安牌,五菱牌,366067000000000000 ,36455651155652665X,198110,199112,11,6,5,周末,非高峰,2015-05-17,2015年5月17日,阵雨 /雷阵雨,25℃ / 17℃,东北风 ≤3级 /南风 ≤3级,阵雨,雷阵雨,25,17,东北风,≤3级,南风,≤3级,day
2015-05-17 11:00:00,未来方舟,8、依法应负全责的其他情形,负全部责任,不负责任,1,渝B5F454,白色,1,贵A57344,白色,-1,文通驾校,-1,2012/4/25 0:00,-1,长安,344797000000000000 ,366766000000000000 ,198905,198503,11,6,5,周末,非高峰,2015-05-17,2015年5月17日,阵雨 /雷阵雨,25℃ / 17℃,东北风 ≤3级 /南风 ≤3级,阵雨,雷阵雨,25,17,东北风,≤3级,南风,≤3级,day
2015-05-17 12:00:00,花溪大道,1、追尾的,负全部责任,不负责任,1,湘K08534,白色,1,贵A11H87,白色,-1,鑫鑫驾校,-1,2014/10/11 0:00,-1,大众汽车牌,76347500000000000 ,366275000000000000 ,198711,198107,12,6,5,周末,非高峰,2015-05-17,2015年5月17日,阵雨 /雷阵雨,25℃ / 17℃,东北风 ≤3级 /南风 ≤3级,阵雨,雷阵雨,25,17,东北风,≤3级,南风,≤3级,day
2015-05-17 12:05:00,头桥,1、追尾的,负全部责任,不负责任,1,贵BX2884,黑,1,贵CHG197,黑,-1,高新驾校,-1,2013/12/4 0:00,-1,-1,36630500000000000 ,366546000000000000 ,972092,197608,12,6,5,周末,非高峰,2015-05-17,2015年5月17日,阵雨 /雷阵雨,25℃ / 17℃,东北风 ≤3级 /南风 ≤3级,阵雨,雷阵雨,25,17,东北风,≤3级,南风,≤3级,day
2015-05-16 16:30:00,大昌隆,7、未按规定让行的 ,负全部责任,不负责任,1,贵A26S67,白色,1,贵A35C43,白色,自培,预约考试窗口,2003/10/14 0:00,2006/8/16 0:00,东风雪铁龙,雪佛兰牌,366271000000000000 ,36636051974949095X,198212,198308,16,5,5,工作日,非高峰,2015-05-16,2015年5月16日,阴 /雷阵雨,23℃ / 17℃,东北风 ≤3级 /东风 ≤3级,阴,雷阵雨,23,17,东北风,≤3级,东风,≤3级,day
2015-05-16 17:00:00,贵开路,7、未按规定让行的 ,负全部责任,不负责任,1,贵ADK915,白色,1,贵AU6986,白色,-1,十一培,1974/6/10 0:00,1995/12/28 0:00,奥德赛牌,宇通牌,364548000000000000 ,366368000000000000 ,195409,196809,17,5,5,工作日,晚高峰(17-19点),2015-05-16,2015年5月16日,阴 /雷阵雨,23℃ / 17℃,东北风 ≤3级 /东风 ≤3级,阴,雷阵雨,23,17,东北风,≤3级,东风,≤3级,day
2015-05-17 07:30:00,改茶社村,8、依法应负全责的其他情形,负全部责任,不负责任,1,川X3A368,白,1,贵AFS424,白,（南明区）阳光驾驶培训有限公司,自培,2007/3/1 0:00,2007/11/8 0:00,-1,解放牌,356168000000000000 ,366064000000000000 ,195112,197506,7,6,5,周末,早高峰(7-9点),2015-05-17,2015年5月17日,阵雨 /雷阵雨,25℃ / 17℃,东北风 ≤3级 /南风 ≤3级,阵雨,雷阵雨,25,17,东北风,≤3级,南风,≤3级,day
2015-05-17 09:00:00,会展城,3、倒车的,负全部责任,不负责任,1,贵F63076,黄,1,贵A89X63,黑,自培,自培,2014/4/16 0:00,2003/6/27 0:00,-1,大众汽车牌,366067000000000000 ,366368000000000000 ,197105,198312,9,6,5,周末,早高峰(7-9点),2015-05-17,2015年5月17日,阵雨 /雷阵雨,25℃ / 17℃,东北风 ≤3级 /南风 ≤3级,阵雨,雷阵雨,25,17,东北风,≤3级,南风,≤3级,day
2015-05-17 09:30:00,同心路,1、追尾的,负全部责任,不负责任,1,贵A0731学,红,1,贵AA771E,红,（白云区）消防驾驶培训学校,自培,2005/12/13 0:00,2004/9/17 0:00,-1,科雷傲,26436651964043065X,364558000000000000 ,198204,197212,9,6,5,周末,早高峰(7-9点),2015-05-17,2015年5月17日,阵雨 /雷阵雨,25℃ / 17℃,东北风 ≤3级 /南风 ≤3级,阵雨,雷阵雨,25,17,东北风,≤3级,南风,≤3级,day
2015-05-16 18:00:00,保利云山,7、未按规定让行的 ,负全部责任,不负责任,0,贵GJ3962,白,1,贵AV6585,黄,自培,自培,2007/9/12 0:00,2006/11/2 0:00,-1,创新牌,724566000000000000 ,366875000000000000 ,198808,197011,18,5,5,工作日,晚高峰(17-19点),2015-05-16,2015年5月16日,阴 /雷阵雨,23℃ / 17℃,东北风 ≤3级 /东风 ≤3级,阴,雷阵雨,23,17,东北风,≤3级,东风,≤3级,day
2015-05-16 16:00:00,贵铝医院,7、未按规定让行的 ,负全部责任,不负责任,1,贵A2656G,白,1,贵AHB223,黑,自培,自培,2013/12/25 0:00,2008/3/13 0:00,翼虎牌,佳乐,366046000000000000 ,07676551894140857X,197703,197809,16,5,5,工作日,非高峰,2015-05-16,2015年5月16日,阴 /雷阵雨,23℃ / 17℃,东北风 ≤3级 /东风 ≤3级,阴,雷阵雨,23,17,东北风,≤3级,东风,≤3级,day
2015-05-16 17:00:00,航天路,3、倒车的,负全部责任,不负责任,1,贵A6EB09,白色,1,贵A7P923,白色,自培,自培,2001/6/12 0:00,2004/10/21 0:00,大众汽车牌,-1,364556000000000000 ,366566000000000000 ,197810,198208,17,5,5,工作日,晚高峰(17-19点),2015-05-16,2015年5月16日,阴 /雷阵雨,23℃ / 17℃,东北风 ≤3级 /东风 ≤3级,阴,雷阵雨,23,17,东北风,≤3级,东风,≤3级,day
2015-05-17 12:25:00,大川白金城,1、追尾的,负全部责任,不负责任,1,川R00173,蓝,1,贵A740E4,蓝,-1,自培,-1,-1,-1,福田牌,357266000000000000 ,364557000000000000 ,198103,198908,12,6,5,周末,非高峰,2015-05-17,2015年5月17日,阵雨 /雷阵雨,25℃ / 17℃,东北风 ≤3级 /南风 ≤3级,阵雨,雷阵雨,25,17,东北风,≤3级,南风,≤3级,day
2015-05-17 11:20:00,金阳南路,9、不符合前8款规定或者双方同时具有上述情形的,负同等责任,不负责任,0,贵GK2691,红,1,湘F4YQ77,黄,人武驾校,-1,2012/10/31 0:00,-1,-1,-1,366363000000000000 ,74366500000000000 ,197908,198110,11,6,5,周末,非高峰,2015-05-17,2015年5月17日,阵雨 /雷阵雨,25℃ / 17℃,东北风 ≤3级 /南风 ≤3级,阵雨,雷阵雨,25,17,东北风,≤3级,南风,≤3级,day
2015-05-17 11:00:00,金中立交,7、未按规定让行的 ,负全部责任,不负责任,1,贵A3C222,白色,1,贵A7721B,白色,吉源驾校,520129,2013/2/1 0:00,2008/11/7 0:00,-1,大众汽车牌,364568000000000000 ,364551000000000000 ,199108,198912,11,6,5,周末,非高峰,2015-05-17,2015年5月17日,阵雨 /雷阵雨,25℃ / 17℃,东北风 ≤3级 /南风 ≤3级,阵雨,雷阵雨,25,17,东北风,≤3级,南风,≤3级,day
2015-05-17 14:35:00,贵阳一中,4、停车时未挂低速档、未拉驻车制动，导致车辆滑行的,负全部责任,不负责任,0,贵A19M28,红,1,贵A53Y25,红,（南明区）铁二局驾驶培训有限公司,#,2015/2/9 0:00,1997/1/23 0:00,五菱牌,揽胜极光,36606651814267560X,366061000000000000 ,197906,197812,14,6,5,周末,非高峰,2015-05-17,2015年5月17日,阵雨 /雷阵雨,25℃ / 17℃,东北风 ≤3级 /南风 ≤3级,阵雨,雷阵雨,25,17,东北风,≤3级,南风,≤3级,day
2015-05-17 14:09:00,金阳南路,7、未按规定让行的 ,负全部责任,不负责任,1,川HH7536,黑,1,贵AJM066,黄,-1,金筑驾校,-1,2004/12/10 0:00,-1,翼虎牌,354947000000000000 ,364548000000000000 ,196911,198601,14,6,5,周末,非高峰,2015-05-17,2015年5月17日,阵雨 /雷阵雨,25℃ / 17℃,东北风 ≤3级 /南风 ≤3级,阵雨,雷阵雨,25,17,东北风,≤3级,南风,≤3级,day
2015-05-17 15:00:00,中华南路,7、未按规定让行的 ,负全部责任,不负责任,1,贵AU8186,白色,1,贵CKU199,白色,铁二局驾校,520129,2004/4/6 0:00,2007/11/22 0:00,宝来牌,-1,366364000000000000 ,36656551904748597X,196711,198403,15,6,5,周末,非高峰,2015-05-17,2015年5月17日,阵雨 /雷阵雨,25℃ / 17℃,东北风 ≤3级 /南风 ≤3级,阵雨,雷阵雨,25,17,东北风,≤3级,南风,≤3级,day
2015-05-17 14:00:00,龙洞堡机场,7、未按规定让行的 ,负全部责任,不负责任,1,川A2ZG12,白色,1,贵ANK774,白色,520127,吉源驾校（南明区）,2003/5/8 0:00,2014/7/22 0:00,-1,锋范牌,354698000000000000 ,364551000000000000 ,198303,198905,14,6,5,周末,非高峰,2015-05-17,2015年5月17日,阵雨 /雷阵雨,25℃ / 17℃,东北风 ≤3级 /南风 ≤3级,阵雨,雷阵雨,25,17,东北风,≤3级,南风,≤3级,day
2015-05-17 12:10:00,合群路,7、未按规定让行的 ,负全部责任,不负责任,1,贵AM5472,红,1,贵A55X77,黄,自培,公交（集团）驾校（云岩区）,2000/8/4 0:00,2008/9/24 0:00,江铃全顺牌,比亚迪牌,366347000000000000 ,366346000000000000 ,197303,198611,12,6,5,周末,非高峰,2015-05-17,2015年5月17日,阵雨 /雷阵雨,25℃ / 17℃,东北风 ≤3级 /南风 ≤3级,阵雨,雷阵雨,25,17,东北风,≤3级,南风,≤3级,day
2015-05-17 12:30:00,二铺,3、倒车的,负全部责任,不负责任,1,贵A5126C,白,1,贵A049U,黑,自培,贵阳万里圣驾校,2002/11/1 0:00,2014/12/31 0:00,-1,-1,366064000000000000 ,366761000000000000 ,198403,198408,12,6,5,周末,非高峰,2015-05-17,2015年5月17日,阵雨 /雷阵雨,25℃ / 17℃,东北风 ≤3级 /南风 ≤3级,阵雨,雷阵雨,25,17,东北风,≤3级,南风,≤3级,day
2015-05-17 10:00:00,粑粑坳,3、倒车的,负全部责任,不负责任,1,贵A68N34,黑,0,闽C39784,红,自培,-1,2001/11/5 0:00,-1,大众汽车牌,-1,366367000000000000 ,734398000000000000 ,197404,199001,10,6,5,周末,非高峰,2015-05-17,2015年5月17日,阵雨 /雷阵雨,25℃ / 17℃,东北风 ≤3级 /南风 ≤3级,阵雨,雷阵雨,25,17,东北风,≤3级,南风,≤3级,day
2015-05-17 12:00:00,双峰路,8、依法应负全责的其他情形,负全部责任,不负责任,1,贵A5AK55,红,1,贵ANA567,黑,（南明区）长运驾驶培训有限公司,十一培,2010/9/16 0:00,1996/6/7 0:00,斯柯达牌,宝马牌,366546000000000000 ,364646000000000000 ,195410,196206,12,6,5,周末,非高峰,2015-05-17,2015年5月17日,阵雨 /雷阵雨,25℃ / 17℃,东北风 ≤3级 /南风 ≤3级,阵雨,雷阵雨,25,17,东北风,≤3级,南风,≤3级,day
2015-05-17 12:50:00,合群路,7、未按规定让行的 ,负全部责任,不负责任,1,贵AV1004,黄,0,贵A34O62,蓝,自培,十一培,2001/5/7 0:00,1994/11/1 0:00,大发牌,-1,74667500000000000 ,364548000000000000 ,198206,197605,12,6,5,周末,非高峰,2015-05-17,2015年5月17日,阵雨 /雷阵雨,25℃ / 17℃,东北风 ≤3级 /南风 ≤3级,阵雨,雷阵雨,25,17,东北风,≤3级,南风,≤3级,day
2015-05-17 10:00:00,小河锦江路,8、依法应负全责的其他情形,负全部责任,不负责任,1,渝GU2297,白色,1,贵AKN188,白色,自培,十一培,2013/7/19 0:00,1998/5/27 0:00,金杯牌,梅赛德斯-奔驰,356767000000000000 ,366566000000000000 ,198102,197108,10,6,5,周末,非高峰,2015-05-17,2015年5月17日,阵雨 /雷阵雨,25℃ / 17℃,东北风 ≤3级 /南风 ≤3级,阵雨,雷阵雨,25,17,东北风,≤3级,南风,≤3级,day
2015-05-17 10:38:00,新添大道,7、未按规定让行的 ,负全部责任,不负责任,1,贵AVA782,红,1,贵AU5391,黄,自培,十一培,2002/3/6 0:00,1995/8/29 0:00,长安牌,捷达牌,364548000000000000 ,364647000000000000 ,197503,197006,10,6,5,周末,非高峰,2015-05-17,2015年5月17日,阵雨 /雷阵雨,25℃ / 17℃,东北风 ≤3级 /南风 ≤3级,阵雨,雷阵雨,25,17,东北风,≤3级,南风,≤3级,day
2015-05-17 11:00:00,清水江璐,7、未按规定让行的 ,负全部责任,不负责任,1,贵AR2744,白色,1,云AH5B97,黑色,市交校,自培,2012/6/27 0:00,2002/8/9 0:00,雪佛兰牌,-1,366861000000000000 ,364547000000000000 ,199010,197310,11,6,5,周末,非高峰,2015-05-17,2015年5月17日,阵雨 /雷阵雨,25℃ / 17℃,东北风 ≤3级 /南风 ≤3级,阵雨,雷阵雨,25,17,东北风,≤3级,南风,≤3级,day
2015-05-17 14:20:00,盐务街,1、追尾的,负全部责任,不负责任,0,贵A68R27,蓝,1,贵A6BV24,红,（白云区）景宏驾驶培训有限公司,自培,2010/2/9 0:00,2004/8/2 0:00,-1,别克牌,364596000000000000 ,704967000000000000 ,198501,197502,14,6,5,周末,非高峰,2015-05-17,2015年5月17日,阵雨 /雷阵雨,25℃ / 17℃,东北风 ≤3级 /南风 ≤3级,阵雨,雷阵雨,25,17,东北风,≤3级,南风,≤3级,day
2015-05-17 11:10:00,未来方舟,5、开关车门的,负全部责任,不负责任,1,贵A407E9,蓝,1,贵GQ6025,黑,自培,自培,2011/9/20 0:00,2004/7/2 0:00,东风牌,-1,366876000000000000 ,364548000000000000 ,197008,198411,11,6,5,周末,非高峰,2015-05-17,2015年5月17日,阵雨 /雷阵雨,25℃ / 17℃,东北风 ≤3级 /南风 ≤3级,阵雨,雷阵雨,25,17,东北风,≤3级,南风,≤3级,day
2015-05-17 15:30:00,同心路,8、依法应负全责的其他情形,负全部责任,不负责任,1,贵GL0643,红,0,贵A4191E,红,-1,消防驾校,-1,2012/9/18 0:00,-1,明锐牌,734398000000000000 ,366346000000000000 ,198901,197211,15,6,5,周末,非高峰,2015-05-17,2015年5月17日,阵雨 /雷阵雨,25℃ / 17℃,东北风 ≤3级 /南风 ≤3级,阵雨,雷阵雨,25,17,东北风,≤3级,南风,≤3级,day
2015-05-17 16:00:00,五里冲加油站,7、未按规定让行的 ,负全部责任,不负责任,1,贵GJ3314,白色,1,贵AR2762,白色,-1,诚信驾驶培训学校,-1,2014/3/10 0:00,-1,骏逸牌,366346000000000 ,364548000000000000 ,720802,198608,16,6,5,周末,非高峰,2015-05-17,2015年5月17日,阵雨 /雷阵雨,25℃ / 17℃,东北风 ≤3级 /南风 ≤3级,阵雨,雷阵雨,25,17,东北风,≤3级,南风,≤3级,day
2015-05-17 16:00:00,市南路,5、开关车门的,负全部责任,不负责任,1,贵GS3318,白色,1,贵A0CC00,白色,-1,无,-1,2004/1/31 0:00,-1,东风雪铁龙牌,357475000000000000 ,364547000000000000 ,198605,194904,16,6,5,周末,非高峰,2015-05-17,2015年5月17日,阵雨 /雷阵雨,25℃ / 17℃,东北风 ≤3级 /南风 ≤3级,阵雨,雷阵雨,25,17,东北风,≤3级,南风,≤3级,day
2015-05-17 16:30:00,三江派出所,1、追尾的,负全部责任,不负责任,1,贵JDZ592,白色,1,贵A799W,白色,-1,-1,-1,-1,-1,-1,35617000000000 ,364536000000000000 ,196808,118705,16,6,5,周末,非高峰,2015-05-17,2015年5月17日,阵雨 /雷阵雨,25℃ / 17℃,东北风 ≤3级 /南风 ≤3级,阵雨,雷阵雨,25,17,东北风,≤3级,南风,≤3级,day
2015-05-17 17:00:00,大西门,7、未按规定让行的 ,负全部责任,不负责任,1,贵AU5837,白色,1,贵AU7374,白色,-1,消防驾校,-1,1986/11/3 0:00,轻骑.铃木牌,宇通牌,366363000000000000 ,364547000000000000 ,596406,196803,17,6,5,周末,晚高峰(17-19点),2015-05-17,2015年5月17日,阵雨 /雷阵雨,25℃ / 17℃,东北风 ≤3级 /南风 ≤3级,阵雨,雷阵雨,25,17,东北风,≤3级,南风,≤3级,day
2015-05-17 17:00:00,小关隧道,1、追尾的,负全部责任,不负责任,1,贵A36365,蓝,1,贵AEV528,黑,-1,-1,-1,-1,粤海牌,马自达牌,366067000000000000 ,355470000000000000 ,198508,197302,17,6,5,周末,晚高峰(17-19点),2015-05-17,2015年5月17日,阵雨 /雷阵雨,25℃ / 17℃,东北风 ≤3级 /南风 ≤3级,阵雨,雷阵雨,25,17,东北风,≤3级,南风,≤3级,day
2015-05-17 17:30:00,北京路,1、追尾的,负全部责任,不负责任,1,贵A38B21,黑,1,贵ACA569,黄,（乌当区）新天驾驶培训有限公司,自培,2005/8/24 0:00,2004/2/4 0:00,长安牌,-1,366361000000000000 ,364547000000000000 ,196711,197004,17,6,5,周末,晚高峰(17-19点),2015-05-17,2015年5月17日,阵雨 /雷阵雨,25℃ / 17℃,东北风 ≤3级 /南风 ≤3级,阵雨,雷阵雨,25,17,东北风,≤3级,南风,≤3级,day
2015-05-17 15:30:00,贵遵路,7、未按规定让行的 ,负全部责任,不负责任,1,贵A46Y17,黑,1,贵A88V74,蓝,（乌当区）新天驾驶培训有限公司,520127,2010/11/1 0:00,2008/7/31 0:00,北京现代牌,福克斯牌,354670000000000000 ,366361000000000000 ,197202,196807,15,6,5,周末,非高峰,2015-05-17,2015年5月17日,阵雨 /雷阵雨,25℃ / 17℃,东北风 ≤3级 /南风 ≤3级,阵雨,雷阵雨,25,17,东北风,≤3级,南风,≤3级,day
2015-05-17 17:00:00,罗汉营,7、未按规定让行的 ,负全部责任,不负责任,1,贵AGW476,白色,1,贵CCY936,白色,消防驾校（白云区）,-1,2015/3/20 0:00,-1,五菱牌,-1,366566000000000000 ,366575000000000000 ,197212,198903,17,6,5,周末,晚高峰(17-19点),2015-05-17,2015年5月17日,阵雨 /雷阵雨,25℃ / 17℃,东北风 ≤3级 /南风 ≤3级,阵雨,雷阵雨,25,17,东北风,≤3级,南风,≤3级,day
2015-05-17 16:30:00,金园路,1、追尾的,负全部责任,不负责任,1,贵AU1885,黄,1,贵A1290L,黑,贵州省仁怀市酒都汽车驾驶培训有限公司,-1,2011/1/27 0:00,-1,瑞麒牌,比亚迪牌,366575000000000000 ,366368000000000000 ,198710,419770,16,6,5,周末,非高峰,2015-05-17,2015年5月17日,阵雨 /雷阵雨,25℃ / 17℃,东北风 ≤3级 /南风 ≤3级,阵雨,雷阵雨,25,17,东北风,≤3级,南风,≤3级,day
2015-05-17 17:00:00,富水北路,7、未按规定让行的 ,负全部责任,不负责任,1,贵GM2412,白色,1,贵GM4681,白色,市警校驾校,-1,2014/11/12 0:00,-1,-1,-1,366869000000000000 ,366846000000000000 ,198805,198505,17,6,5,周末,晚高峰(17-19点),2015-05-17,2015年5月17日,阵雨 /雷阵雨,25℃ / 17℃,东北风 ≤3级 /南风 ≤3级,阵雨,雷阵雨,25,17,东北风,≤3级,南风,≤3级,day
2015-05-17 14:00:00,花二道,8、依法应负全责的其他情形,负全部责任,不负责任,1,贵A58A23,白色,1,贵GL6763,白色,自培,诚信驾驶培训学校,2002/7/12 0:00,2013/5/6 0:00,速腾牌,-1,366368000000000000 ,364548000000000000 ,196005,199307,14,6,5,周末,非高峰,2015-05-17,2015年5月17日,阵雨 /雷阵雨,25℃ / 17℃,东北风 ≤3级 /南风 ≤3级,阵雨,雷阵雨,25,17,东北风,≤3级,南风,≤3级,day
2015-05-17 17:00:00,长江路,1、追尾的,负全部责任,不负责任,1,贵AAK223,白色,1,贵FH6758,白色,自培,顺一驾驶培训学校,2005/3/2 0:00,2012/7/24 0:00,中华牌,-1,364547000000000000 ,364548000000000000 ,197104,196905,17,6,5,周末,晚高峰(17-19点),2015-05-17,2015年5月17日,阵雨 /雷阵雨,25℃ / 17℃,东北风 ≤3级 /南风 ≤3级,阵雨,雷阵雨,25,17,东北风,≤3级,南风,≤3级,day
2015-05-17 16:00:00,市南路,9、不符合前8款规定或者双方同时具有上述情形的,负同等责任,负同等责任,1,贵AU6593,白色,1,贵AU6593,白色,自培,-1,2009/8/7 0:00,-1,恒通客车牌,恒通客车牌,357475000000000000 ,36454800000000000 ,198605,196803,16,6,5,周末,非高峰,2015-05-17,2015年5月17日,阵雨 /雷阵雨,25℃ / 17℃,东北风 ≤3级 /南风 ≤3级,阵雨,雷阵雨,25,17,东北风,≤3级,南风,≤3级,day
2015-05-17 17:30:00,苗圃2号,8、依法应负全责的其他情形,负全部责任,不负责任,1,贵AKA683,黑,1,贵A94702,蓝,自培,-1,2004/9/6 0:00,-1,朗逸牌,嘉陵,366566000000000000 ,366069000000000000 ,197311,198610,17,6,5,周末,晚高峰(17-19点),2015-05-17,2015年5月17日,阵雨 /雷阵雨,25℃ / 17℃,东北风 ≤3级 /南风 ≤3级,阵雨,雷阵雨,25,17,东北风,≤3级,南风,≤3级,day
2015-05-17 17:30:00,粑粑坳,1、追尾的,负全部责任,不负责任,1,贵A27P69,黑,1,贵DD8822,黑,自培,-1,2006/2/28 0:00,-1,梅赛德斯-奔驰牌,-1,366068000000000000 ,366666000000000000 ,197909,195103,17,6,5,周末,晚高峰(17-19点),2015-05-17,2015年5月17日,阵雨 /雷阵雨,25℃ / 17℃,东北风 ≤3级 /南风 ≤3级,阵雨,雷阵雨,25,17,东北风,≤3级,南风,≤3级,day
2015-05-17 14:10:00,三桥,9、不符合前8款规定或者双方同时具有上述情形的,负全部责任,不负责任,0,贵ATBM69,蓝,1,贵AU1986,白,现代驾校（南明区）,自培,2015/5/14 0:00,2003/1/29 0:00,-1,丰田牌,364548000000000000 ,366367000000000000 ,198503,197012,14,6,5,周末,非高峰,2015-05-17,2015年5月17日,阵雨 /雷阵雨,25℃ / 17℃,东北风 ≤3级 /南风 ≤3级,阵雨,雷阵雨,25,17,东北风,≤3级,南风,≤3级,day
2015-05-17 17:30:00,观山湖一号,7、未按规定让行的 ,负全部责任,不负责任,1,贵A298D4,白,1,贵AV3821,黄,消防驾校,自培,2013/4/19 0:00,2004/12/22 0:00,欧铃牌,银翔/YINXIANG,366063000000000000 ,36454651854652705X,197612,197102,17,6,5,周末,晚高峰(17-19点),2015-05-17,2015年5月17日,阵雨 /雷阵雨,25℃ / 17℃,东北风 ≤3级 /南风 ≤3级,阵雨,雷阵雨,25,17,东北风,≤3级,南风,≤3级,day
2015-05-17 17:17:00,航天大道,1、追尾的,负全部责任,不负责任,1,贵AK4847,红,1,贵A99173,白,吉源驾校,自培,2014/2/13 0:00,2005/5/23 0:00,嘉陵牌,陕汽牌,366767000000000000 ,364547000000000000 ,198709,197202,17,6,5,周末,晚高峰(17-19点),2015-05-17,2015年5月17日,阵雨 /雷阵雨,25℃ / 17℃,东北风 ≤3级 /南风 ≤3级,阵雨,雷阵雨,25,17,东北风,≤3级,南风,≤3级,day
2015-05-17 13:10:00,白金大道,1、追尾的,负全部责任,不负责任,1,贵A32978,白,1,贵AB6227,红,自培,自培,2007/4/17 0:00,2003/11/2 0:00,松花江,科雷傲,36656651884742205X,776268000000000000 ,197703,194804,13,6,5,周末,非高峰,2015-05-17,2015年5月17日,阵雨 /雷阵雨,25℃ / 17℃,东北风 ≤3级 /南风 ≤3级,阵雨,雷阵雨,25,17,东北风,≤3级,南风,≤3级,day
2015-05-17 14:30:00,金阳一中,9、不符合前8款规定或者双方同时具有上述情形的,负同等责任,负同等责任,1,贵AVE531,红,1,贵A85827,蓝,自培,自培,2005/9/29 0:00,2007/1/9 0:00,大众汽车牌,豪泺牌,366269000000000000 ,364557000000000000 ,197506,197106,14,6,5,周末,非高峰,2015-05-17,2015年5月17日,阵雨 /雷阵雨,25℃ / 17℃,东北风 ≤3级 /南风 ≤3级,阵雨,雷阵雨,25,17,东北风,≤3级,南风,≤3级,day
2015-05-17 15:30:00,北京西路,1、追尾的,负全部责任,不负责任,1,贵CAG445,黑,1,贵AET567,红,自培,自培,2000/5/27 0:00,2002/12/16 0:00,-1,丰田(TOYOTA)牌,366864000000000000 ,364547000000000000 ,197502,198309,15,6,5,周末,非高峰,2015-05-17,2015年5月17日,阵雨 /雷阵雨,25℃ / 17℃,东北风 ≤3级 /南风 ≤3级,阵雨,雷阵雨,25,17,东北风,≤3级,南风,≤3级,day
2015-05-17 19:40:00,北京路,7、未按规定让行的 ,负全部责任,不负责任,1,贵DJ4638,白,0,贵A56B15,蓝,-1,蓝天驾校,-1,2011/9/29 0:00,-1,东风标致牌,366668000000000000 ,366364000000000000 ,196504,197201,19,6,5,周末,晚高峰(17-19点),2015-05-17,2015年5月17日,阵雨 /雷阵雨,25℃ / 17℃,东北风 ≤3级 /南风 ≤3级,阵雨,雷阵雨,25,17,东北风,≤3级,南风,≤3级,day
2015-05-17 21:00:00,世纪城,5、开关车门的,负全部责任,不负责任,1,贵AV9585,黄,1,贵A82B46,红,-1,消防驾校,-1,2012/2/27 0:00,嘉陵牌,东风雪铁龙牌,71445500000000000 ,364646000000000000 ,197806,197607,21,6,5,周末,非高峰,2015-05-17,2015年5月17日,阵雨 /雷阵雨,25℃ / 17℃,东北风 ≤3级 /南风 ≤3级,阵雨,雷阵雨,25,17,东北风,≤3级,南风,≤3级,night
2015-05-17 17:30:00,观山湖一号,8、依法应负全责的其他情形,负全部责任,不负责任,1,贵A298D4,白,1,桂AJ2828,黑,消防驾校,（南明区）长安驾驶培训有限公司,2013/4/19 0:00,-1,欧铃牌,东本牌,366063000000000000 ,366661000000000000 ,197612,197302,17,6,5,周末,晚高峰(17-19点),2015-05-17,2015年5月17日,阵雨 /雷阵雨,25℃ / 17℃,东北风 ≤3级 /南风 ≤3级,阵雨,雷阵雨,25,17,东北风,≤3级,南风,≤3级,day
2015-05-17 20:40:00,头桥,7、未按规定让行的 ,负全部责任,不负责任,1,贵A72C25,白,1,贵A0BK37,红,贵州省长安驾驶培训学校,-1,2010/12/3 0:00,-1,长安牌,福特牌,356168000000000000 ,366068000000000000 ,197512,199301,20,6,5,周末,非高峰,2015-05-17,2015年5月17日,阵雨 /雷阵雨,25℃ / 17℃,东北风 ≤3级 /南风 ≤3级,阵雨,雷阵雨,25,17,东北风,≤3级,南风,≤3级,night
2015-05-17 19:00:00,同心西路,1、追尾的,负全部责任,不负责任,1,贵AB377K,白,1,浙C38X76,黑,（云岩区）时发驾驶培训有限公司,-1,2009/2/25 0:00,-1,飞度牌,-1,366046000000000000 ,774768000000000000 ,198210,197512,19,6,5,周末,晚高峰(17-19点),2015-05-17,2015年5月17日,阵雨 /雷阵雨,25℃ / 17℃,东北风 ≤3级 /南风 ≤3级,阵雨,雷阵雨,25,17,东北风,≤3级,南风,≤3级,day