accidenttime,accidentaddr,driver1fault,driver1responsibility,driver2responsibility,sex1,platenumber1,carcolor1,sex2,platenumber2,carcolor2,jxmc1,jxmc2,cclzrq1,cclzrq2,clpp1,clpp2,driver1license,driver2license,brith1,brith2,hour,weekday,month,is_weekday,peak_hour,date,日期,天气状况,气温,风力风向,day_wea,night_wea,day_tep,night_tep,day_wind_direction,day_wind_speed,night_wind_direction,night_wind_speed,segment
2015-05-17 18:00:00,金清大道,7、未按规定让行的 ,负全部责任,不负责任,1,贵A5088Y,红,1,贵A9174R,蓝,（清镇市）万里圣驾驶培训有限公司,520109,2015/2/17 0:00,2008/4/2 0:00,-1,长安牌,734767000000000000 ,364557000000000000 ,199412,198706,18,6,5,周末,晚高峰(17-19点),2015-05-17,2015年5月17日,阵雨 /雷阵雨,25℃ / 17℃,东北风 ≤3级 /南风 ≤3级,阵雨,雷阵雨,25,17,东北风,≤3级,南风,≤3级,day
2015-05-17 18:30:00,延安西路,7、未按规定让行的 ,负全部责任,不负责任,1,贵A389C9,白,1,贵AAN122,蓝,自培,-1,2012/11/23 0:00,-1,云马牌,隆鑫牌,366364000000000000 ,74595500000000000 ,197307,198605,18,6,5,周末,晚高峰(17-19点),2015-05-17,2015年5月17日,阵雨 /雷阵雨,25℃ / 17℃,东北风 ≤3级 /南风 ≤3级,阵雨,雷阵雨,25,17,东北风,≤3级,南风,≤3级,day
2015-05-17 20:00:00,观山路,1、追尾的,负全部责任,不负责任,1,贵AU6188,黄,1,贵A59H11,红,自培,阳光驾校,2007/8/23 0:00,2011/12/26 0:00,金福牌,东风雪铁龙牌,366068000000000000 ,366566000000000000 ,198611,198208,20,6,5,周末,非高峰,2015-05-17,2015年5月17日,阵雨 /雷阵雨,25℃ / 17℃,东北风 ≤3级 /南风 ≤3级,阵雨,雷阵雨,25,17,东北风,≤3级,南风,≤3级,night
2015-05-17 21:20:00,油榨街,7、未按规定让行的 ,负全部责任,不负责任,1,贵A4BY94,红,1,贵A61C93,红,自培,铁二局驾校,2007/10/22 0:00,2013/12/18 0:00,-1,雪铁龙,364557000000000000 ,364566000000000000 ,198702,199502,21,6,5,周末,非高峰,2015-05-17,2015年5月17日,阵雨 /雷阵雨,25℃ / 17℃,东北风 ≤3级 /南风 ≤3级,阵雨,雷阵雨,25,17,东北风,≤3级,南风,≤3级,night
2015-05-17 18:00:00,九莲化工厂,7、未按规定让行的 ,负全部责任,不负责任,1,贵JBR689,白色,1,鄂FE3625,白色,景宏驾校,-1,2012/5/29 0:00,-1,-1,-1,36455551845647590X,64297500000000000 ,197012,197309,18,6,5,周末,晚高峰(17-19点),2015-05-17,2015年5月17日,阵雨 /雷阵雨,25℃ / 17℃,东北风 ≤3级 /南风 ≤3级,阵雨,雷阵雨,25,17,东北风,≤3级,南风,≤3级,day
2015-05-17 22:00:00,北京西路,9、不符合前8款规定或者双方同时具有上述情形的,负全部责任,不负责任,1,贵A9BM31,白,1,贵GV9452,黑,-1,-1,-1,-1,雪佛兰牌,-1,654657000000000000 ,774797000000000000 ,198901,199009,22,6,5,周末,非高峰,2015-05-17,2015年5月17日,阵雨 /雷阵雨,25℃ / 17℃,东北风 ≤3级 /南风 ≤3级,阵雨,雷阵雨,25,17,东北风,≤3级,南风,≤3级,night
2015-05-17 22:13:00,花都路,3、倒车的,负全部责任,不负责任,1,贵JED121,白,1,贵A76P93,蓝,-1,贵工驾校,-1,2011/9/15 0:00,-1,凯迪拉克牌,366875000000000000 ,366664000000000000 ,199212,198910,22,6,5,周末,非高峰,2015-05-17,2015年5月17日,阵雨 /雷阵雨,25℃ / 17℃,东北风 ≤3级 /南风 ≤3级,阵雨,雷阵雨,25,17,东北风,≤3级,南风,≤3级,night
2015-05-18 00:00:00,小河,1、追尾的,负全部责任,不负责任,1,贵A9882F,白色,1,贵A65AA2,白色,-1,全林驾校,-1,2012/10/16 0:00,解放牌,-1,366068000000000000 ,366067000000000000 ,198108,199211,0,0,5,工作日,非高峰,2015-05-18,2015年5月18日,多云 /多云,25℃ / 18℃,东北风 ≤3级 /东北风 ≤3级,多云,多云,25,18,东北风,≤3级,东北风,≤3级,night
2015-05-18 00:30:00,中坝,8、依法应负全责的其他情形,负全部责任,不负责任,1,贵A87177,蓝,1,贵A33B79,白,-1,消防驾校,-1,2012/2/14 0:00,豪泺牌,起亚牌,364556000000000 ,366361000000000000 ,681229,198209,0,0,5,工作日,非高峰,2015-05-18,2015年5月18日,多云 /多云,25℃ / 18℃,东北风 ≤3级 /东北风 ≤3级,多云,多云,25,18,东北风,≤3级,东北风,≤3级,night
2015-05-18 03:18:00,碧海花园,7、未按规定让行的 ,负全部责任,不负责任,1,贵A6354T,黑,1,贵A74J86,蓝,贵州省铜南汽车驾驶培训有限公司,贵大佳德驾驶培训学校,-1,2014/2/21 0:00,东风牌,广汽菲亚特牌,366664000000000000 ,25636651974043623X,198701,198304,3,0,5,工作日,非高峰,2015-05-18,2015年5月18日,多云 /多云,25℃ / 18℃,东北风 ≤3级 /东北风 ≤3级,多云,多云,25,18,东北风,≤3级,东北风,≤3级,night
2015-05-17 22:00:00,小河转盘,8、依法应负全责的其他情形,负全部责任,不负责任,1,贵AKG414,白色,1,贵JAN535,白色,-1,文通驾校,-1,2014/1/16 0:00,丰田牌,-1,364556000000000000 ,366867000000000000 ,137308,198312,22,6,5,周末,非高峰,2015-05-17,2015年5月17日,阵雨 /雷阵雨,25℃ / 17℃,东北风 ≤3级 /南风 ≤3级,阵雨,雷阵雨,25,17,东北风,≤3级,南风,≤3级,night
2015-05-18 03:00:00,西南商贸城,1、追尾的,负全部责任,不负责任,1,贵A7AC68,红,1,贵AGJ938,黑,自培,520110,2004/8/5 0:00,2010/2/24 0:00,大众汽车牌,大众汽车牌,366367000000000000 ,364557000000000000 ,196909,199002,3,0,5,工作日,非高峰,2015-05-18,2015年5月18日,多云 /多云,25℃ / 18℃,东北风 ≤3级 /东北风 ≤3级,多云,多云,25,18,东北风,≤3级,东北风,≤3级,night
2015-05-18 07:30:00,狮峰路,3、倒车的,负全部责任,不负责任,1,贵AEE928,红,1,贵ACK995,黄,-1,十一培,-1,1987/11/12 0:00,夏利牌,雪佛兰牌,3645470000000 ,364548000000000000 ,196900,196202,7,0,5,工作日,早高峰(7-9点),2015-05-18,2015年5月18日,多云 /多云,25℃ / 18℃,东北风 ≤3级 /东北风 ≤3级,多云,多云,25,18,东北风,≤3级,东北风,≤3级,day
2015-05-18 08:00:00,小河转盘,7、未按规定让行的 ,负全部责任,不负责任,1,贵A2997B`,白色,1,贵A6AN06,白色,顺一驾驶培训学校,十一培,2012/8/29 0:00,1998/7/8 0:00,-1,比亚迪牌,356163000000000000 ,366347000000000000 ,197301,197512,8,0,5,工作日,早高峰(7-9点),2015-05-18,2015年5月18日,多云 /多云,25℃ / 18℃,东北风 ≤3级 /东北风 ≤3级,多云,多云,25,18,东北风,≤3级,东北风,≤3级,day
2015-05-17 18:00:00,三桥,7、未按规定让行的 ,负全部责任,不负责任,1,贵A6086E,红,1,贵A19K48,红,自培,十一培,2007/8/9 0:00,1996/7/10 0:00,五菱牌,五菱牌,366046000000000000 ,364547000000000000 ,198610,197809,18,6,5,周末,晚高峰(17-19点),2015-05-17,2015年5月17日,阵雨 /雷阵雨,25℃ / 17℃,东北风 ≤3级 /南风 ≤3级,阵雨,雷阵雨,25,17,东北风,≤3级,南风,≤3级,day
2015-05-17 21:00:00,友谊路,9、不符合前8款规定或者双方同时具有上述情形的,负全部责任,不负责任,1,贵A3BF71,红,1,贵AP6625,白,-1,自培,-1,2007/1/17 0:00,大众汽车牌,吉利牌,364547000000000 ,364548000000000000 ,630404,198712,21,6,5,周末,非高峰,2015-05-17,2015年5月17日,阵雨 /雷阵雨,25℃ / 17℃,东北风 ≤3级 /南风 ≤3级,阵雨,雷阵雨,25,17,东北风,≤3级,南风,≤3级,night
2015-05-17 19:00:00,盐务街,7、未按规定让行的 ,负全部责任,不负责任,1,贵CKW897,白色,1,贵ACH938,白色,新天驾校,自培,2011/8/16 0:00,2004/8/25 0:00,-1,捷达牌,366566000000000000 ,36455051884961447X,197911,197708,19,6,5,周末,晚高峰(17-19点),2015-05-17,2015年5月17日,阵雨 /雷阵雨,25℃ / 17℃,东北风 ≤3级 /南风 ≤3级,阵雨,雷阵雨,25,17,东北风,≤3级,南风,≤3级,day
2015-05-17 18:00:00,盘江路,7、未按规定让行的 ,负全部责任,不负责任,1,贵A1239N,白色,1,贵GY5066,白色,文通驾校,自培,2012/6/14 0:00,2006/9/1 0:00,-1,-1,36455551144562650X,366862000000000000 ,199001,198409,18,6,5,周末,晚高峰(17-19点),2015-05-17,2015年5月17日,阵雨 /雷阵雨,25℃ / 17℃,东北风 ≤3级 /南风 ≤3级,阵雨,雷阵雨,25,17,东北风,≤3级,南风,≤3级,day
2015-05-17 23:50:00,温泉路,7、未按规定让行的 ,负全部责任,不负责任,1,贵AV0939,白,1,浙B2RY74,黄,520116,预约考试窗口,1982/4/2 0:00,2006/11/8 0:00,大众汽车牌,-1,364547000000000000 ,366868000000000000 ,196312,198407,23,6,5,周末,非高峰,2015-05-17,2015年5月17日,阵雨 /雷阵雨,25℃ / 17℃,东北风 ≤3级 /南风 ≤3级,阵雨,雷阵雨,25,17,东北风,≤3级,南风,≤3级,night
2015-05-18 07:20:00,金阳,7、未按规定让行的 ,负全部责任,不负责任,1,贵A790F7,黑,1,琼APX394,黑,-1,黔西县宏远黔职驾校有限公司,-1,2012/11/6 0:00,解放牌,松花江,36455800000000000 ,366067000000000000 ,195012,199202,7,0,5,工作日,早高峰(7-9点),2015-05-18,2015年5月18日,多云 /多云,25℃ / 18℃,东北风 ≤3级 /东北风 ≤3级,多云,多云,25,18,东北风,≤3级,东北风,≤3级,day
2015-05-18 08:00:00,黄河路,9、不符合前8款规定或者双方同时具有上述情形的,负同等责任,负同等责任,1,贵A52E35,白色,1,贵A0F89,白色,-1,文通驾校,-1,2012/2/20 0:00,高尔夫牌,-1,366346000000000000 ,36455051894768448X,195503,197803,8,0,5,工作日,早高峰(7-9点),2015-05-18,2015年5月18日,多云 /多云,25℃ / 18℃,东北风 ≤3级 /东北风 ≤3级,多云,多云,25,18,东北风,≤3级,东北风,≤3级,day
2015-05-18 09:00:00,开发大道,8、依法应负全责的其他情形,负全部责任,不负责任,1,贵AB786C,白色,1,贵A7BE44,白色,-1,鑫鑫驾校,-1,2014/11/3 0:00,五菱牌,别克牌,364556000000000000 ,724566000000000000 ,197907,198601,9,0,5,工作日,早高峰(7-9点),2015-05-18,2015年5月18日,多云 /多云,25℃ / 18℃,东北风 ≤3级 /东北风 ≤3级,多云,多云,25,18,东北风,≤3级,东北风,≤3级,day
2015-05-18 08:30:00,O八三,7、未按规定让行的 ,负全部责任,不负责任,1,贵AA491B,红,0,贵AB626U,白,高新驾校,全林驾校,2014/9/24 0:00,2014/12/29 0:00,江淮牌,吉利牌,364557000000000000 ,36455651884942476X,199309,197708,8,0,5,工作日,早高峰(7-9点),2015-05-18,2015年5月18日,多云 /多云,25℃ / 18℃,东北风 ≤3级 /东北风 ≤3级,多云,多云,25,18,东北风,≤3级,东北风,≤3级,day
2015-05-18 09:00:00,富源路,7、未按规定让行的 ,负全部责任,不负责任,1,贵A94Y99,白色,1,贵GL2825,白色,（乌当区）新天驾驶培训有限公司,景宏驾校,2004/12/27 0:00,2012/7/10 0:00,奥迪牌,-1,356166000000000000 ,364547000000000000 ,197102,198907,9,0,5,工作日,早高峰(7-9点),2015-05-18,2015年5月18日,多云 /多云,25℃ / 18℃,东北风 ≤3级 /东北风 ≤3级,多云,多云,25,18,东北风,≤3级,东北风,≤3级,day
2015-05-18 08:15:00,大营坡,7、未按规定让行的 ,负全部责任,不负责任,1,贵AKF648,蓝,1,贵FG9693,红,铁二局驾校,贵大佳德驾驶培训学,2010/7/20 0:00,2007/5/30 0:00,东风标致牌,-1,364547000000000000 ,366046000000000000 ,198301,198306,8,0,5,工作日,早高峰(7-9点),2015-05-18,2015年5月18日,多云 /多云,25℃ / 18℃,东北风 ≤3级 /东北风 ≤3级,多云,多云,25,18,东北风,≤3级,东北风,≤3级,day
2015-05-18 09:00:00,花果园,7、未按规定让行的 ,负全部责任,不负责任,1,贵FS7172,白色,1,贵APF096,白色,-1,四川省蜀安驾校,-1,2008/8/5 0:00,-1,捷达牌,366246000000000000 ,364547000000000000 ,196304,198705,9,0,5,工作日,早高峰(7-9点),2015-05-18,2015年5月18日,多云 /多云,25℃ / 18℃,东北风 ≤3级 /东北风 ≤3级,多云,多云,25,18,东北风,≤3级,东北风,≤3级,day
2015-05-17 23:00:00,大十字,8、依法应负全责的其他情形,负全部责任,不负责任,1,贵AU6066,白色,1,贵AC612U,白色,自培,-1,2002/3/28 0:00,-1,海陵牌,长安牌,366367000000000000 ,366068000000000000 ,197510,198008,23,6,5,周末,非高峰,2015-05-17,2015年5月17日,阵雨 /雷阵雨,25℃ / 17℃,东北风 ≤3级 /南风 ≤3级,阵雨,雷阵雨,25,17,东北风,≤3级,南风,≤3级,night
2015-05-18 08:00:00,新添立交桥,7、未按规定让行的 ,负全部责任,不负责任,0,贵A65X55,白,1,贵AC746U,红,自培,贵大佳德驾驶培训学校,2003/8/7 0:00,2014/12/26 0:00,宝马牌,夏利牌,36686351835458096X,366667000000000000 ,197510,198304,8,0,5,工作日,早高峰(7-9点),2015-05-18,2015年5月18日,多云 /多云,25℃ / 18℃,东北风 ≤3级 /东北风 ≤3级,多云,多云,25,18,东北风,≤3级,东北风,≤3级,day
2015-05-18 08:00:00,中曹司,1、追尾的,负全部责任,不负责任,1,贵A6BF70,白色,1,贵AFU228,白色,新天驾校,十一培,2014/6/5 0:00,1993/7/12 0:00,大众汽车牌,雪佛兰牌,366666000000000000 ,36454651844847025X,198411,197007,8,0,5,工作日,早高峰(7-9点),2015-05-18,2015年5月18日,多云 /多云,25℃ / 18℃,东北风 ≤3级 /东北风 ≤3级,多云,多云,25,18,东北风,≤3级,东北风,≤3级,day
2015-05-18 08:12:00,云环东路,7、未按规定让行的 ,负全部责任,不负责任,0,贵AB8692,白,1,贵A43Z99,蓝,（白云区）路路达驾驶培训有限公司,十一培,2003/11/14 0:00,1999/6/2 0:00,宗申牌,长安牌,364558000000000000 ,364558000000000000 ,197602,197503,8,0,5,工作日,早高峰(7-9点),2015-05-18,2015年5月18日,多云 /多云,25℃ / 18℃,东北风 ≤3级 /东北风 ≤3级,多云,多云,25,18,东北风,≤3级,东北风,≤3级,day
2015-05-18 00:00:00,解放路,7、未按规定让行的 ,负全部责任,不负责任,1,贵AHP079,白色,1,贵A88865,白色,自培,十一培,2006/8/3 0:00,1998/8/11 0:00,锋范牌,南骏牌,364548000000000000 ,366875000000000000 ,198601,197108,0,0,5,工作日,非高峰,2015-05-18,2015年5月18日,多云 /多云,25℃ / 18℃,东北风 ≤3级 /东北风 ≤3级,多云,多云,25,18,东北风,≤3级,东北风,≤3级,night
2015-05-18 00:00:00,山水黔城,8、依法应负全责的其他情形,负全部责任,不负责任,1,贵JN4353,白色,1,贵AT6153,白色,自培,十一培,2013/12/10 0:00,1989/12/28 0:00,-1,万虎牌,364547000000000000 ,364548000000000000 ,198808,196504,0,0,5,工作日,非高峰,2015-05-18,2015年5月18日,多云 /多云,25℃ / 18℃,东北风 ≤3级 /东北风 ≤3级,多云,多云,25,18,东北风,≤3级,东北风,≤3级,night
2015-05-18 08:05:00,五里冲,7、未按规定让行的 ,负全部责任,不负责任,1,川A206U8,红,0,贵A998G6,黑,（南明区）铁二局驾驶培训有限公司,自培,2007/12/26 0:00,2008/9/8 0:00,-1,黄海牌,354575000000000000 ,366367000000000000 ,197108,196712,8,0,5,工作日,早高峰(7-9点),2015-05-18,2015年5月18日,多云 /多云,25℃ / 18℃,东北风 ≤3级 /东北风 ≤3级,多云,多云,25,18,东北风,≤3级,东北风,≤3级,day
2015-05-18 00:00:00,望城坡,3、倒车的,负全部责任,不负责任,1,贵A66W34,白色,1,贵AEN186,白色,十一培,自培,1997/1/27 0:00,2005/5/12 0:00,长安牌,-1,364547000000000000 ,364556000000000000 ,196406,198107,0,0,5,工作日,非高峰,2015-05-18,2015年5月18日,多云 /多云,25℃ / 18℃,东北风 ≤3级 /东北风 ≤3级,多云,多云,25,18,东北风,≤3级,东北风,≤3级,night
2015-05-18 08:00:00,市南路,7、未按规定让行的 ,负全部责任,不负责任,1,贵AD4187,白,0,贵A39C67,红,自培,自培,2000/5/23 0:00,2005/2/5 0:00,蒙迪欧牌,别克(BUICK)牌,36454651834963745X,764543000000000000 ,197508,196901,8,0,5,工作日,早高峰(7-9点),2015-05-18,2015年5月18日,多云 /多云,25℃ / 18℃,东北风 ≤3级 /东北风 ≤3级,多云,多云,25,18,东北风,≤3级,东北风,≤3级,day
2015-05-18 10:00:00,二戈寨,1、追尾的,负全部责任,不负责任,1,贵A9882R,白色,1,贵AL1402,白色,-1,贵阳学院汽车驾驶培训,-1,2012/12/19 0:00,-1,长安牌,366068000000000000 ,366546000000000000 ,198108,199409,10,0,5,工作日,非高峰,2015-05-18,2015年5月18日,多云 /多云,25℃ / 18℃,东北风 ≤3级 /东北风 ≤3级,多云,多云,25,18,东北风,≤3级,东北风,≤3级,day
2015-05-18 10:00:00,小河,1、追尾的,负全部责任,不负责任,1,贵A9882F,白色,1,贵A655A2,白色,-1,全林驾校,-1,2012/10/16 0:00,解放牌,五菱牌,366068000000000000 ,366067000000000000 ,198108,199211,10,0,5,工作日,非高峰,2015-05-18,2015年5月18日,多云 /多云,25℃ / 18℃,东北风 ≤3级 /东北风 ≤3级,多云,多云,25,18,东北风,≤3级,东北风,≤3级,day
2015-05-18 10:00:00,都司路,7、未按规定让行的 ,负全部责任,不负责任,1,贵A67N56,白色,1,贵AU0732,白色,-1,520127,-1,1998/5/18 0:00,宝马,国威牌,654996000000000000 ,366662000000000000 ,198706,197210,10,0,5,工作日,非高峰,2015-05-18,2015年5月18日,多云 /多云,25℃ / 18℃,东北风 ≤3级 /东北风 ≤3级,多云,多云,25,18,东北风,≤3级,东北风,≤3级,day
2015-05-18 10:30:00,花果园,7、未按规定让行的 ,负全部责任,不负责任,1,鄂C24749,白,1,贵ABQ869,白,-1,贵阳金马驾驶培训有限公司,-1,2012/5/10 0:00,-1,英伦牌,73626300000000000 ,366064000000000000 ,197201,198810,10,0,5,工作日,非高峰,2015-05-18,2015年5月18日,多云 /多云,25℃ / 18℃,东北风 ≤3级 /东北风 ≤3级,多云,多云,25,18,东北风,≤3级,东北风,≤3级,day
2015-05-18 10:00:00,飞山街,7、未按规定让行的 ,负全部责任,不负责任,1,贵AU4682,黄,1,贵A41H21,白,无,吉源驾校,2000/5/10 0:00,2013/7/23 0:00,鑫源牌,-1,364547000000000000 ,364557000000000000 ,197502,198211,10,0,5,工作日,非高峰,2015-05-18,2015年5月18日,多云 /多云,25℃ / 18℃,东北风 ≤3级 /东北风 ≤3级,多云,多云,25,18,东北风,≤3级,东北风,≤3级,day
2015-05-18 09:48:00,金阳南路,7、未按规定让行的 ,负全部责任,不负责任,1,鄂FB1925,白,1,贵AHW411,红,-1,（观山湖区）蓝天驾驶培训有限公司,-1,-1,-1,思威牌,64297500000000000 ,366067000000000000 ,198707,198608,9,0,5,工作日,早高峰(7-9点),2015-05-18,2015年5月18日,多云 /多云,25℃ / 18℃,东北风 ≤3级 /东北风 ≤3级,多云,多云,25,18,东北风,≤3级,东北风,≤3级,day
2015-05-18 09:35:00,中山南路,1、追尾的,负全部责任,不负责任,1,贵AU0056,黄,1,渝A41A41,红,消防驾校,青正驾校（清镇市）,2002/4/19 0:00,2015/3/9 0:00,宝来牌,雪佛兰牌,36636351855443407X,354654000000000000 ,197110,198102,9,0,5,工作日,早高峰(7-9点),2015-05-18,2015年5月18日,多云 /多云,25℃ / 18℃,东北风 ≤3级 /东北风 ≤3级,多云,多云,25,18,东北风,≤3级,东北风,≤3级,day
2015-05-18 10:50:00,东林寺路,8、依法应负全责的其他情形,负全部责任,不负责任,0,贵ASL032,红,1,贵CNT175,红,现代驾校（南明区）,湄潭驾校,2015/3/23 0:00,-1,波罗牌,-1,366566000000000000 ,366570000000000000 ,198111,197201,10,0,5,工作日,非高峰,2015-05-18,2015年5月18日,多云 /多云,25℃ / 18℃,东北风 ≤3级 /东北风 ≤3级,多云,多云,25,18,东北风,≤3级,东北风,≤3级,day
2015-05-18 10:00:00,花溪大道,7、未按规定让行的 ,负全部责任,不负责任,1,贵ATK955,白色,1,贵A38062,白色,自培,-1,2004/5/24 0:00,-1,-1,福田牌,36455551295553440X,366669000000000000 ,196811,198705,10,0,5,工作日,非高峰,2015-05-18,2015年5月18日,多云 /多云,25℃ / 18℃,东北风 ≤3级 /东北风 ≤3级,多云,多云,25,18,东北风,≤3级,东北风,≤3级,day
2015-05-18 11:00:00,花溪七大队停车场,3、倒车的,负全部责任,不负责任,1,贵AC142T,白色,1,贵A3870F,白色,-1,铁二局驾校,-1,2014/4/1 0:00,解放牌,东风牌,726775000000000000 ,364556000000000000 ,198502,198306,11,0,5,工作日,非高峰,2015-05-18,2015年5月18日,多云 /多云,25℃ / 18℃,东北风 ≤3级 /东北风 ≤3级,多云,多云,25,18,东北风,≤3级,东北风,≤3级,day
2015-05-18 11:00:00,花溪大道,7、未按规定让行的 ,负全部责任,不负责任,1,贵FV3128,白色,1,贵AU9528,白色,-1,-1,-1,-1,-1,瑞麒牌,364546000000 ,364545000000 ,79862,89415,11,0,5,工作日,非高峰,2015-05-18,2015年5月18日,多云 /多云,25℃ / 18℃,东北风 ≤3级 /东北风 ≤3级,多云,多云,25,18,东北风,≤3级,东北风,≤3级,day
2015-05-18 12:30:00,三桥,8、依法应负全责的其他情形,负全部责任,不负责任,1,贵J67889,红,1,贵AC587P,黑,-1,520127,-1,2008/4/22 0:00,-1,英伦牌,366864000000000000 ,36656651914547367X,198410,198901,12,0,5,工作日,非高峰,2015-05-18,2015年5月18日,多云 /多云,25℃ / 18℃,东北风 ≤3级 /东北风 ≤3级,多云,多云,25,18,东北风,≤3级,东北风,≤3级,day
2015-05-18 09:10:00,白云南路,7、未按规定让行的 ,负全部责任,不负责任,1,贵GT3049,黑,1,贵A7R323,黄,自培,路路达驾校,2006/12/21 0:00,2014/10/11 0:00,-1,-1,366561000000000000 ,364558000000000000 ,198312,197908,9,0,5,工作日,早高峰(7-9点),2015-05-18,2015年5月18日,多云 /多云,25℃ / 18℃,东北风 ≤3级 /东北风 ≤3级,多云,多云,25,18,东北风,≤3级,东北风,≤3级,day
2015-05-18 10:20:00,旭东路,7、未按规定让行的 ,负全部责任,不负责任,1,皖NKJ949,红,1,川AA896J,黑,自培,-1,2009/3/2 0:00,-1,-1,众泰牌,706063000000000000 ,354563000000000000 ,196412,195602,10,0,5,工作日,非高峰,2015-05-18,2015年5月18日,多云 /多云,25℃ / 18℃,东北风 ≤3级 /东北风 ≤3级,多云,多云,25,18,东北风,≤3级,东北风,≤3级,day
2015-05-18 10:00:00,宅吉院,7、未按规定让行的 ,负全部责任,不负责任,0,贵AH6226,红,0,贵A3AB57,红,自培,-1,2001/7/6 0:00,-1,山城牌,丰田牌,364548000000000000 ,364548000000000000 ,196404,198307,10,0,5,工作日,非高峰,2015-05-18,2015年5月18日,多云 /多云,25℃ / 18℃,东北风 ≤3级 /东北风 ≤3级,多云,多云,25,18,东北风,≤3级,东北风,≤3级,day
2015-05-18 09:10:00,汤巴关,7、未按规定让行的 ,负全部责任,不负责任,0,贵A26B74,黑,0,贵AKK633,黑,自培,-1,2000/5/29 0:00,-1,长城牌,比亚迪牌,364547000000000000 ,366066000000000000 ,197905,197009,9,0,5,工作日,早高峰(7-9点),2015-05-18,2015年5月18日,多云 /多云,25℃ / 18℃,东北风 ≤3级 /东北风 ≤3级,多云,多云,25,18,东北风,≤3级,东北风,≤3级,day
2015-05-18 10:00:00,茶店,8、依法应负全责的其他情形,负全部责任,不负责任,1,贵AU7915,黄,1,贵AU5493,黑,-1,十一培,-1,1990/5/24 0:00,新阳光牌,捷达牌,364557000000000000 ,364548000000000000 ,196510,196502,10,0,5,工作日,非高峰,2015-05-18,2015年5月18日,多云 /多云,25℃ / 18℃,东北风 ≤3级 /东北风 ≤3级,多云,多云,25,18,东北风,≤3级,东北风,≤3级,day
2015-05-18 10:00:00,锦江路,7、未按规定让行的 ,负全部责任,不负责任,1,贵A59A37,白色,1,贵AR1391,白色,顺一驾驶培训学校,自培,2015/1/9 0:00,2004/5/28 0:00,长安牌,迅龙牌,734398000000000000 ,364551000000000000 ,199607,198508,10,0,5,工作日,非高峰,2015-05-18,2015年5月18日,多云 /多云,25℃ / 18℃,东北风 ≤3级 /东北风 ≤3级,多云,多云,25,18,东北风,≤3级,东北风,≤3级,day
2015-05-18 12:30:00,五岳酒店,1、追尾的,负全部责任,不负责任,1,贵APA214,白色,1,贵A10544,白色,-1,自培,-1,2007/10/29 0:00,雅阁牌,乘龙牌,364544000000 ,36454751935661697X,19209,198512,12,0,5,工作日,非高峰,2015-05-18,2015年5月18日,多云 /多云,25℃ / 18℃,东北风 ≤3级 /东北风 ≤3级,多云,多云,25,18,东北风,≤3级,东北风,≤3级,day
2015-05-18 13:05:00,南苑路,8、依法应负全责的其他情形,负全部责任,不负责任,1,贵A48Z56,黑,1,贵AK8461,白,-1,自培,-1,2001/5/9 0:00,轩逸牌,万虎牌,366575000000000000 ,366670000000000000 ,196811,197405,13,0,5,工作日,非高峰,2015-05-18,2015年5月18日,多云 /多云,25℃ / 18℃,东北风 ≤3级 /东北风 ≤3级,多云,多云,25,18,东北风,≤3级,东北风,≤3级,day
2015-05-18 09:29:00,科创南路,7、未按规定让行的 ,负全部责任,不负责任,1,贵A142A7,黄,1,贵HV2174,红,自培,自培,2008/6/18 0:00,2008/8/26 0:00,解放牌,-1,66667500000000000 ,366664000000000000 ,196811,197609,9,0,5,工作日,早高峰(7-9点),2015-05-18,2015年5月18日,多云 /多云,25℃ / 18℃,东北风 ≤3级 /东北风 ≤3级,多云,多云,25,18,东北风,≤3级,东北风,≤3级,day
2015-05-18 09:30:00,阳关新苑,3、倒车的,负全部责任,不负责任,1,贵AB153S,蓝,1,贵A22Z41,黑,自培,自培,2004/8/10 0:00,2006/1/11 0:00,凯迪拉克牌,丰田牌,364557000000000000 ,364557000000000000 ,198606,197206,9,0,5,工作日,早高峰(7-9点),2015-05-18,2015年5月18日,多云 /多云,25℃ / 18℃,东北风 ≤3级 /东北风 ≤3级,多云,多云,25,18,东北风,≤3级,东北风,≤3级,day
2015-05-18 13:30:00,会展北路,7、未按规定让行的 ,负全部责任,不负责任,1,贵A0513Z,黑,1,贵GP4758,白,-1,-1,-1,-1,凯迪拉克,-1,36656200000000 ,364557000000000000 ,309220,198507,13,0,5,工作日,非高峰,2015-05-18,2015年5月18日,多云 /多云,25℃ / 18℃,东北风 ≤3级 /东北风 ≤3级,多云,多云,25,18,东北风,≤3级,东北风,≤3级,day
2015-05-18 13:30:00,会展城,7、未按规定让行的 ,负全部责任,不负责任,1,贵A0513Z,黑,1,贵GP4758,白,-1,全林驾校,-1,2011/1/4 0:00,凯迪拉克,-1,366561000000000 ,364567000000000000 ,630922,198507,13,0,5,工作日,非高峰,2015-05-18,2015年5月18日,多云 /多云,25℃ / 18℃,东北风 ≤3级 /东北风 ≤3级,多云,多云,25,18,东北风,≤3级,东北风,≤3级,day