accidenttime,accidentaddr,driver1fault,driver1responsibility,driver2responsibility,sex1,platenumber1,carcolor1,sex2,platenumber2,carcolor2,jxmc1,jxmc2,cclzrq1,cclzrq2,clpp1,clpp2,driver1license,driver2license,brith1,brith2,hour,weekday,month,is_weekday,peak_hour,date,日期,天气状况,气温,风力风向,day_wea,night_wea,day_tep,night_tep,day_wind_direction,day_wind_speed,night_wind_direction,night_wind_speed,segment
2015-05-18 17:00:00,花溪区政府,7、未按规定让行的 ,负全部责任,不负责任,1,贵A82899,白色,1,贵A90347,白色,-1,-1,-1,-1,豪爵牌,红岩牌,364544000000 ,366577000000000000 ,13642,197301,17,0,5,工作日,晚高峰(17-19点),2015-05-18,2015年5月18日,多云 /多云,25℃ / 18℃,东北风 ≤3级 /东北风 ≤3级,多云,多云,25,18,东北风,≤3级,东北风,≤3级,day
2015-05-18 11:00:00,新添寨,3、倒车的,负全部责任,不负责任,1,贵A27M45,红,1,贵JCX271,红,无,未定义,2002/1/30 0:00,2014/6/16 0:00,奥迪牌,-1,364557000000000000 ,364566000000000000 ,196503,199508,11,0,5,工作日,非高峰,2015-05-18,2015年5月18日,多云 /多云,25℃ / 18℃,东北风 ≤3级 /东北风 ≤3级,多云,多云,25,18,东北风,≤3级,东北风,≤3级,day
2015-05-18 11:30:00,北京西路,1、追尾的,负全部责任,不负责任,0,贵A6M969,黄,1,贵AMT836,白,自培,顺一驾驶培训学校,2015/4/27 0:00,2011/4/25 0:00,-1,金旅牌,366661000000000000 ,36454651885546807X,198605,197711,11,0,5,工作日,非高峰,2015-05-18,2015年5月18日,多云 /多云,25℃ / 18℃,东北风 ≤3级 /东北风 ≤3级,多云,多云,25,18,东北风,≤3级,东北风,≤3级,day
2015-05-18 11:30:00,西二环,7、未按规定让行的 ,负全部责任,不负责任,1,贵H94746,蓝,1,贵A9246Z,白,-1,（南明区）铁二局驾驶培训有限公司,-1,2006/4/20 0:00,-1,别克牌,366063000000000000 ,376570000000000000 ,198206,197304,11,0,5,工作日,非高峰,2015-05-18,2015年5月18日,多云 /多云,25℃ / 18℃,东北风 ≤3级 /东北风 ≤3级,多云,多云,25,18,东北风,≤3级,东北风,≤3级,day
2015-05-18 11:00:00,都司路,1、追尾的,负全部责任,不负责任,1,贵A6BL13,白色,1,贵A70S68,白色,自培,顺一驾驶培训学校,1995/10/24 0:00,2011/4/18 0:00,英菲尼迪 QX60,-1,364547000000000000 ,364548000000000000 ,196502,197112,11,0,5,工作日,非高峰,2015-05-18,2015年5月18日,多云 /多云,25℃ / 18℃,东北风 ≤3级 /东北风 ≤3级,多云,多云,25,18,东北风,≤3级,东北风,≤3级,day
2015-05-18 12:00:00,花果园,7、未按规定让行的 ,负全部责任,不负责任,1,贵A9BN36,白色,1,贵A0667Z,白色,金大驾校,新天驾校,2015/1/26 0:00,2014/1/22 0:00,力帆牌,比亚迪牌,366068000000000000 ,74195500000000000 ,197409,198404,12,0,5,工作日,非高峰,2015-05-18,2015年5月18日,多云 /多云,25℃ / 18℃,东北风 ≤3级 /东北风 ≤3级,多云,多云,25,18,东北风,≤3级,东北风,≤3级,day
2015-05-18 13:00:00,世纪金源酒店,8、依法应负全责的其他情形,负全部责任,不负责任,1,皖KH7155,蓝,1,贵A64R73,白,-1,贵州省长安驾驶培训学校,-1,-1,-1,梅赛德斯-奔驰牌,705664000000000000 ,366568000000000000 ,198608,198212,13,0,5,工作日,非高峰,2015-05-18,2015年5月18日,多云 /多云,25℃ / 18℃,东北风 ≤3级 /东北风 ≤3级,多云,多云,25,18,东北风,≤3级,东北风,≤3级,day
2015-05-18 12:00:00,长江东路,7、未按规定让行的 ,负全部责任,不负责任,1,贵AKU916,白色,1,贵A53C43,白色,（观山湖区）蓝天驾驶培训有限公司,预约考试窗口,2005/11/2 0:00,2006/8/16 0:00,松花江牌,起亚牌,355468000000000000 ,36636051974949095X,196807,198308,12,0,5,工作日,非高峰,2015-05-18,2015年5月18日,多云 /多云,25℃ / 18℃,东北风 ≤3级 /东北风 ≤3级,多云,多云,25,18,东北风,≤3级,东北风,≤3级,day
2015-05-18 11:44:00,金朱南路,7、未按规定让行的 ,负全部责任,不负责任,1,贵A7BF73,白,1,贵FQ1069,黑,（南明区）现代驾驶培训有限公司,-1,2015/2/16 0:00,-1,吉利牌,-1,364548000000000000 ,724068000000000000 ,199010,198905,11,0,5,工作日,非高峰,2015-05-18,2015年5月18日,多云 /多云,25℃ / 18℃,东北风 ≤3级 /东北风 ≤3级,多云,多云,25,18,东北风,≤3级,东北风,≤3级,day
2015-05-18 14:28:00,金朱西路,7、未按规定让行的 ,负全部责任,不负责任,1,贵A201G5,白,1,贵F83833,白,-1,贵州现代驾驶培训责任有限公司,-1,2012/6/14 0:00,解放牌,-1,376861000000000000 ,355266000000000000 ,198512,199101,14,0,5,工作日,非高峰,2015-05-18,2015年5月18日,多云 /多云,25℃ / 18℃,东北风 ≤3级 /东北风 ≤3级,多云,多云,25,18,东北风,≤3级,东北风,≤3级,day
2015-05-18 16:20:00,小关,8、依法应负全责的其他情形,负全部责任,不负责任,1,贵A50O56,红,1,贵A66G59,红,-1,贵阳金马驾驶培训有限公司,-1,2014/4/3 0:00,-1,长安牌,357846000000000000 ,366063000000000000 ,199301,198608,16,0,5,工作日,非高峰,2015-05-18,2015年5月18日,多云 /多云,25℃ / 18℃,东北风 ≤3级 /东北风 ≤3级,多云,多云,25,18,东北风,≤3级,东北风,≤3级,day
2015-05-18 16:00:00,迎宾大道,7、未按规定让行的 ,负全部责任,不负责任,1,贵A99G16,白色,1,贵ANY354,白色,金大驾校（南明区）,鑫鑫驾校,2015/3/19 0:00,2013/9/2 0:00,起亚牌,明锐牌,364547000000000000 ,366361000000000000 ,198304,198407,16,0,5,工作日,非高峰,2015-05-18,2015年5月18日,多云 /多云,25℃ / 18℃,东北风 ≤3级 /东北风 ≤3级,多云,多云,25,18,东北风,≤3级,东北风,≤3级,day
2015-05-18 16:00:00,三江口,1、追尾的,负全部责任,不负责任,1,贵AU7387,白色,1,贵A51L95,白色,消防驾校,市警校驾校,1999/11/2 0:00,2014/8/11 0:00,宗申牌,大众牌,364547000000000000 ,364547000000000000 ,197806,196611,16,0,5,工作日,非高峰,2015-05-18,2015年5月18日,多云 /多云,25℃ / 18℃,东北风 ≤3级 /东北风 ≤3级,多云,多云,25,18,东北风,≤3级,东北风,≤3级,day
2015-05-18 14:00:00,富源路,4、停车时未挂低速档、未拉驻车制动，导致车辆滑行的,负全部责任,不负责任,1,贵AB1489,白色,1,贵AC172T,白色,自培,预约考试窗口,2002/9/18 0:00,2007/5/15 0:00,三铃牌,五菱牌,364547000000000000 ,364547000000000000 ,196412,196604,14,0,5,工作日,非高峰,2015-05-18,2015年5月18日,多云 /多云,25℃ / 18℃,东北风 ≤3级 /东北风 ≤3级,多云,多云,25,18,东北风,≤3级,东北风,≤3级,day
2015-05-18 11:00:00,白金大道,8、依法应负全责的其他情形,负全部责任,不负责任,1,贵A20039,白,1,贵AWB938,黑,自培,十一培,2004/6/24 0:00,1997/9/26 0:00,中联牌,丰田牌,364557000000000000 ,764767000000000000 ,197105,196310,11,0,5,工作日,非高峰,2015-05-18,2015年5月18日,多云 /多云,25℃ / 18℃,东北风 ≤3级 /东北风 ≤3级,多云,多云,25,18,东北风,≤3级,东北风,≤3级,day
2015-05-18 13:00:00,花溪平桥,7、未按规定让行的 ,负全部责任,不负责任,1,贵AHX415,白色,1,贵AGD735,白色,自培,自培,2000/7/13 0:00,2006/5/30 0:00,大众汽车牌,天马牌,364547000000000000 ,364568000000000000 ,196709,198503,13,0,5,工作日,非高峰,2015-05-18,2015年5月18日,多云 /多云,25℃ / 18℃,东北风 ≤3级 /东北风 ≤3级,多云,多云,25,18,东北风,≤3级,东北风,≤3级,day
2015-05-18 15:06:00,金朱东路,1、追尾的,负全部责任,不负责任,1,贵AYA834,白,1,川KAS226,白,自培,-1,2007/2/12 0:00,-1,-1,-1,36454751994940697X,355447000000000000 ,198808,198209,15,0,5,工作日,非高峰,2015-05-18,2015年5月18日,多云 /多云,25℃ / 18℃,东北风 ≤3级 /东北风 ≤3级,多云,多云,25,18,东北风,≤3级,东北风,≤3级,day
2015-05-18 17:00:00,小河开发大道,1、追尾的,负全部责任,不负责任,1,贵AHP178,白色,1,鄂E6585X,白色,时发驾校,-1,2010/10/14 0:00,-1,福特牌,-1,364648000000000000 ,344661000000000000 ,198801,199408,17,0,5,工作日,晚高峰(17-19点),2015-05-18,2015年5月18日,多云 /多云,25℃ / 18℃,东北风 ≤3级 /东北风 ≤3级,多云,多云,25,18,东北风,≤3级,东北风,≤3级,day
2015-05-18 14:30:00,杨家山隧道,1、追尾的,负全部责任,不负责任,1,贵A97E43,蓝,1,贵AJ9399,白,消防驾校,-1,2013/3/5 0:00,-1,福克斯牌,比亚迪牌,57466151974161095X,74847500000000000 ,198309,197901,14,0,5,工作日,非高峰,2015-05-18,2015年5月18日,多云 /多云,25℃ / 18℃,东北风 ≤3级 /东北风 ≤3级,多云,多云,25,18,东北风,≤3级,东北风,≤3级,day
2015-05-18 14:50:00,喷水池,4、停车时未挂低速档、未拉驻车制动，导致车辆滑行的,负全部责任,不负责任,1,贵A907G2,白,1,贵A29L63,白,新天驾校,-1,2012/2/20 0:00,-1,江铃全顺牌,福特牌,366068000000000000 ,36656551925650305X,198606,198612,14,0,5,工作日,非高峰,2015-05-18,2015年5月18日,多云 /多云,25℃ / 18℃,东北风 ≤3级 /东北风 ≤3级,多云,多云,25,18,东北风,≤3级,东北风,≤3级,day
2015-05-18 18:40:00,白云北路,1、追尾的,负全部责任,不负责任,1,贵AE9829,红,1,贵A9266F,蓝,-1,520123,-1,2008/3/25 0:00,嘉冠牌,吉利牌,366370000000000000 ,364558000000000000 ,197209,198205,18,0,5,工作日,晚高峰(17-19点),2015-05-18,2015年5月18日,多云 /多云,25℃ / 18℃,东北风 ≤3级 /东北风 ≤3级,多云,多云,25,18,东北风,≤3级,东北风,≤3级,day
2015-05-18 18:40:00,金朱中路,7、未按规定让行的 ,负全部责任,不负责任,1,贵A35337,白,1,贵AD5449,白,-1,自培,-1,2004/3/10 0:00,福田牌,东风雪铁龙,366067000000000000 ,355456000000000000 ,197004,194603,18,0,5,工作日,晚高峰(17-19点),2015-05-18,2015年5月18日,多云 /多云,25℃ / 18℃,东北风 ≤3级 /东北风 ≤3级,多云,多云,25,18,东北风,≤3级,东北风,≤3级,day
2015-05-18 17:30:00,八匹马,8、依法应负全责的其他情形,负全部责任,不负责任,1,贵A68K93,蓝,1,贵A755736,红,消防驾校,-1,2014/12/3 0:00,-1,大众牌,-1,366863000000000000 ,364547000000000 ,198702,600919,17,0,5,工作日,晚高峰(17-19点),2015-05-18,2015年5月18日,多云 /多云,25℃ / 18℃,东北风 ≤3级 /东北风 ≤3级,多云,多云,25,18,东北风,≤3级,东北风,≤3级,day
2015-05-18 18:00:00,云环路,8、依法应负全责的其他情形,负全部责任,不负责任,0,贵AB733Z,白,1,贵A29673,蓝,全林驾校,消防驾校,2014/1/17 0:00,2011/11/14 0:00,吉利牌,解放牌,366068000000000000 ,364596000000000000 ,197805,198910,18,0,5,工作日,晚高峰(17-19点),2015-05-18,2015年5月18日,多云 /多云,25℃ / 18℃,东北风 ≤3级 /东北风 ≤3级,多云,多云,25,18,东北风,≤3级,东北风,≤3级,day
2015-05-18 20:00:00,甘荫塘,7、未按规定让行的 ,负全部责任,不负责任,1,贵CZ3151,白色,1,贵AB4454,白色,顺一驾驶培训学校,-1,2012/11/17 0:00,-1,-1,夏利,364551000000000000 ,354651000000000000 ,198710,198007,20,0,5,工作日,非高峰,2015-05-18,2015年5月18日,多云 /多云,25℃ / 18℃,东北风 ≤3级 /东北风 ≤3级,多云,多云,25,18,东北风,≤3级,东北风,≤3级,night
2015-05-18 16:10:00,贵开路,1、追尾的,负全部责任,不负责任,1,贵AX3161,红,1,贵CHV581,红,自培,（南明区）长安驾驶培训有限公司,2004/5/10 0:00,2014/8/5 0:00,五菱牌,-1,364548000000000000 ,344548000000000000 ,197503,198411,16,0,5,工作日,非高峰,2015-05-18,2015年5月18日,多云 /多云,25℃ / 18℃,东北风 ≤3级 /东北风 ≤3级,多云,多云,25,18,东北风,≤3级,东北风,≤3级,day
2015-05-18 16:00:00,西南环线,7、未按规定让行的 ,负全部责任,不负责任,1,鲁JKY481,白色,1,渝A192B7,白色,自培,-1,2003/9/30 0:00,-1,-1,川路牌,784168000000000000 ,674668000000000000 ,197710,198902,16,0,5,工作日,非高峰,2015-05-18,2015年5月18日,多云 /多云,25℃ / 18℃,东北风 ≤3级 /东北风 ≤3级,多云,多云,25,18,东北风,≤3级,东北风,≤3级,day
2015-05-18 15:30:00,博物馆,7、未按规定让行的 ,负全部责任,不负责任,1,闽A4088F,黄,1,贵A765CZ,黑,自培,十一培,2008/1/8 0:00,1995/9/16 0:00,-1,飞度牌,734569000000000000 ,364547000000000000 ,196602,197002,15,0,5,工作日,非高峰,2015-05-18,2015年5月18日,多云 /多云,25℃ / 18℃,东北风 ≤3级 /东北风 ≤3级,多云,多云,25,18,东北风,≤3级,东北风,≤3级,day
2015-05-18 17:00:00,大关隧道,1、追尾的,负全部责任,不负责任,1,贵AD2248,黑,0,贵A6AJ38,白,-1,自培,1973/12/19 0:00,2002/12/16 0:00,钱江牌,福特牌,364557000000000000 ,364558000000000000 ,195402,197110,17,0,5,工作日,晚高峰(17-19点),2015-05-18,2015年5月18日,多云 /多云,25℃ / 18℃,东北风 ≤3级 /东北风 ≤3级,多云,多云,25,18,东北风,≤3级,东北风,≤3级,day
2015-05-18 18:10:00,北京路,9、不符合前8款规定或者双方同时具有上述情形的,负全部责任,不负责任,1,贵AV5055,黄,1,贵AM1561,白,-1,自培,-1,2004/4/25 0:00,建设-雅马哈牌,金马牌,364547000000000000 ,364548000000000000 ,196512,196711,18,0,5,工作日,晚高峰(17-19点),2015-05-18,2015年5月18日,多云 /多云,25℃ / 18℃,东北风 ≤3级 /东北风 ≤3级,多云,多云,25,18,东北风,≤3级,东北风,≤3级,day
2015-05-18 21:20:00,北京西路,1、追尾的,负全部责任,不负责任,1,贵A33X74,红,1,贵A0AV12,白,-1,自培,-1,2001/1/18 0:00,蒙迪欧,吉利牌,36634700000000000 ,364557000000000000 ,197702,197412,21,0,5,工作日,非高峰,2015-05-18,2015年5月18日,多云 /多云,25℃ / 18℃,东北风 ≤3级 /东北风 ≤3级,多云,多云,25,18,东北风,≤3级,东北风,≤3级,night
2015-05-18 18:10:00,北京西路,7、未按规定让行的 ,负全部责任,不负责任,1,贵AB9724,白,1,贵AU2162,黄,黔南金桥汽车驾驶培训学校,自培,2007/7/31 0:00,2006/5/17 0:00,金城牌,瑞麒牌,366846000000000000 ,366347000000000000 ,198904,197803,18,0,5,工作日,晚高峰(17-19点),2015-05-18,2015年5月18日,多云 /多云,25℃ / 18℃,东北风 ≤3级 /东北风 ≤3级,多云,多云,25,18,东北风,≤3级,东北风,≤3级,day
2015-05-18 17:00:00,金朱东路,7、未按规定让行的 ,负全部责任,不负责任,1,贵AVA195,白,1,贵A20973,白,（南明区）阳光驾驶培训有限公司,自培,2006/6/7 0:00,2004/6/29 0:00,思威牌,三一牌,366068000000000000 ,366770000000000000 ,198411,197102,17,0,5,工作日,晚高峰(17-19点),2015-05-18,2015年5月18日,多云 /多云,25℃ / 18℃,东北风 ≤3级 /东北风 ≤3级,多云,多云,25,18,东北风,≤3级,东北风,≤3级,day
2015-05-18 17:50:00,二铺,9、不符合前8款规定或者双方同时具有上述情形的,负同等责任,负同等责任,1,贵AA985X,黑,1,贵AHV995,黑,贵州现代驾驶培训责任有限公司,自培,2014/6/26 0:00,2002/4/19 0:00,比亚迪牌,比亚迪牌,364568000000000000 ,356164000000000000 ,199001,197410,17,0,5,工作日,晚高峰(17-19点),2015-05-18,2015年5月18日,多云 /多云,25℃ / 18℃,东北风 ≤3级 /东北风 ≤3级,多云,多云,25,18,东北风,≤3级,东北风,≤3级,day
2015-05-18 16:00:00,富源路,1、追尾的,负全部责任,不负责任,1,贵A77559,白色,1,贵A0CB64,白色,十一培,自培,1990/3/5 0:00,2002/10/31 0:00,大众汽车牌,东风日产牌,364547000000000000 ,36606651895553443X,196301,197811,16,0,5,工作日,非高峰,2015-05-18,2015年5月18日,多云 /多云,25℃ / 18℃,东北风 ≤3级 /东北风 ≤3级,多云,多云,25,18,东北风,≤3级,东北风,≤3级,day
2015-05-18 15:30:00,水口寺,8、依法应负全责的其他情形,负全部责任,不负责任,1,贵AW6882,黑,1,贵AU8274,黄,自培,自培,2004/2/13 0:00,2004/12/30 0:00,长安牌,宝来牌,364547000000000000 ,366046000000000000 ,198505,198009,15,0,5,工作日,非高峰,2015-05-18,2015年5月18日,多云 /多云,25℃ / 18℃,东北风 ≤3级 /东北风 ≤3级,多云,多云,25,18,东北风,≤3级,东北风,≤3级,day
2015-05-18 21:31:00,云峰大道,7、未按规定让行的 ,负全部责任,不负责任,1,贵ASK482,蓝,1,贵A82C89,黑,-1,新天驾校,-1,2012/4/19 0:00,锋范牌,福克斯牌,364558000000000000 ,364548000000000000 ,197108,199304,21,0,5,工作日,非高峰,2015-05-18,2015年5月18日,多云 /多云,25℃ / 18℃,东北风 ≤3级 /东北风 ≤3级,多云,多云,25,18,东北风,≤3级,东北风,≤3级,night
2015-05-18 22:00:00,沙冲路,9、不符合前8款规定或者双方同时具有上述情形的,负同等责任,负同等责任,1,贵A7AH89,白色,1,浙FAY247,白色,-1,520110,-1,2010/4/12 0:00,东风日产牌,-1,366246000000000000 ,366577000000000000 ,197506,198512,22,0,5,工作日,非高峰,2015-05-18,2015年5月18日,多云 /多云,25℃ / 18℃,东北风 ≤3级 /东北风 ≤3级,多云,多云,25,18,东北风,≤3级,东北风,≤3级,night
2015-05-19 00:00:00,李家坟,3、倒车的,负全部责任,不负责任,1,贵A377Q9,白,1,贵F61278,红,-1,-1,-1,-1,-1,-1,366068000000000000 ,366067000000000000 ,197004,197102,0,1,5,工作日,非高峰,2015-05-19,2015年5月19日,阵雨 /大雨,25℃ / 18℃,东北风 ≤3级 /南风 ≤3级,阵雨,大雨,25,18,东北风,≤3级,南风,≤3级,night
2015-05-19 01:00:00,黔灵山路,7、未按规定让行的 ,负全部责任,不负责任,1,贵AC733Y,红,1,贵GR8073,白,-1,贵州省长安驾驶培训学校,-1,2011/12/29 0:00,长安牌,-1,66646500000000000 ,364547000000000000 ,197201,197503,1,1,5,工作日,非高峰,2015-05-19,2015年5月19日,阵雨 /大雨,25℃ / 18℃,东北风 ≤3级 /南风 ≤3级,阵雨,大雨,25,18,东北风,≤3级,南风,≤3级,night
2015-05-19 06:30:00,世纪城,7、未按规定让行的 ,负全部责任,不负责任,1,贵AU5152,黄,1,贵GQ8775,红,-1,贵州现代驾驶培训责任有限公司,-1,2011/8/18 0:00,蜀都牌,-1,364557000000000000 ,366067000000000000 ,198607,199212,6,1,5,工作日,非高峰,2015-05-19,2015年5月19日,阵雨 /大雨,25℃ / 18℃,东北风 ≤3级 /南风 ≤3级,阵雨,大雨,25,18,东北风,≤3级,南风,≤3级,day
2015-05-19 07:00:00,温泉路,7、未按规定让行的 ,负全部责任,不负责任,1,贵A645A9,红,0,贵AU0193,黄,-1,十一驾驶培训有限公司,-1,2011/2/10 0:00,五菱牌,瑞麒牌,366575000000000000 ,364566000000000000 ,199006,198609,7,1,5,工作日,早高峰(7-9点),2015-05-19,2015年5月19日,阵雨 /大雨,25℃ / 18℃,东北风 ≤3级 /南风 ≤3级,阵雨,大雨,25,18,东北风,≤3级,南风,≤3级,day
2015-05-19 07:00:00,长江路,7、未按规定让行的 ,负全部责任,不负责任,1,贵AKE254,白色,1,贵AHG635,白色,-1,自培,-1,2013/8/29 0:00,沃尔沃牌,福特牌,366767000000000000 ,364548000000000000 ,198504,199005,7,1,5,工作日,早高峰(7-9点),2015-05-19,2015年5月19日,阵雨 /大雨,25℃ / 18℃,东北风 ≤3级 /南风 ≤3级,阵雨,大雨,25,18,东北风,≤3级,南风,≤3级,day
2015-05-19 08:00:00,世纪园,7、未按规定让行的 ,负全部责任,不负责任,1,贵A78C96,黑,1,贵GQ4458,黑,520114,顺一驾驶培训学校,2000/4/24 0:00,2013/9/16 0:00,大众牌,-1,78486851275548855X,366566000000000000 ,196311,197602,8,1,5,工作日,早高峰(7-9点),2015-05-19,2015年5月19日,阵雨 /大雨,25℃ / 18℃,东北风 ≤3级 /南风 ≤3级,阵雨,大雨,25,18,东北风,≤3级,南风,≤3级,day
2015-05-18 22:00:00,箭道街路口,7、未按规定让行的 ,负全部责任,不负责任,1,贵AU1388,白色,1,贵A73L73,白色,全林驾校,黔丰驾校,2003/7/16 0:00,2014/4/30 0:00,嘉陵牌,思域牌,364548000000000000 ,36455551984952590X,196510,198708,22,0,5,工作日,非高峰,2015-05-18,2015年5月18日,多云 /多云,25℃ / 18℃,东北风 ≤3级 /东北风 ≤3级,多云,多云,25,18,东北风,≤3级,东北风,≤3级,night
2015-05-19 07:40:00,大川白金城,1、追尾的,负全部责任,不负责任,1,贵JF7734,蓝,1,贵A7795P,白,消防驾校,路路达驾校,1999/11/12 0:00,2012/12/19 0:00,-1,五菱牌,364558000000000000 ,366064000000000000 ,197207,197403,7,1,5,工作日,早高峰(7-9点),2015-05-19,2015年5月19日,阵雨 /大雨,25℃ / 18℃,东北风 ≤3级 /南风 ≤3级,阵雨,大雨,25,18,东北风,≤3级,南风,≤3级,day
2015-05-18 22:00:00,军区,1、追尾的,负全部责任,不负责任,1,贵H33961,白色,1,贵HB4469,白色,十一驾驶培训有限公司,吉源驾校,2009/12/24 0:00,2014/10/9 0:00,-1,-1,366277000000000000 ,364568000000000000 ,199109,199508,22,0,5,工作日,非高峰,2015-05-18,2015年5月18日,多云 /多云,25℃ / 18℃,东北风 ≤3级 /东北风 ≤3级,多云,多云,25,18,东北风,≤3级,东北风,≤3级,night
2015-05-18 22:00:00,香江路,9、不符合前8款规定或者双方同时具有上述情形的,负同等责任,负同等责任,1,贵AC346K,白色,1,贵A25077,白色,-1,预约考试窗口,-1,2006/10/19 0:00,红旗,精通天马,366806000000000000 ,364548000000000000 ,198403,196809,22,0,5,工作日,非高峰,2015-05-18,2015年5月18日,多云 /多云,25℃ / 18℃,东北风 ≤3级 /东北风 ≤3级,多云,多云,25,18,东北风,≤3级,东北风,≤3级,night
2015-05-19 07:00:00,南厂路,1、追尾的,负全部责任,不负责任,1,贵ANL565,白色,1,贵DD4298,白色,鑫鑫驾校（花溪区）,-1,2015/4/3 0:00,-1,别克牌,-1,366361000000000000 ,366667000000000000 ,197810,196712,7,1,5,工作日,早高峰(7-9点),2015-05-19,2015年5月19日,阵雨 /大雨,25℃ / 18℃,东北风 ≤3级 /南风 ≤3级,阵雨,大雨,25,18,东北风,≤3级,南风,≤3级,day
2015-05-18 23:00:00,浣纱路,1、追尾的,负全部责任,不负责任,1,贵AV5163,白色,1,贵A449H7,白色,安顺市鸿运驾校,-1,2010/10/26 0:00,-1,-1,五菱牌,366067000000000000 ,3663460000000000 ,197912,198009,23,0,5,工作日,非高峰,2015-05-18,2015年5月18日,多云 /多云,25℃ / 18℃,东北风 ≤3级 /东北风 ≤3级,多云,多云,25,18,东北风,≤3级,东北风,≤3级,night
2015-05-19 08:00:00,乌当区冒沙井,1、追尾的,负全部责任,不负责任,1,贵A29B37,白色,1,贵FX1264,白色,全林驾校,-1,2011/9/15 0:00,-1,长安牌,-1,364557000000000000 ,366067000000000000 ,198707,199003,8,1,5,工作日,早高峰(7-9点),2015-05-19,2015年5月19日,阵雨 /大雨,25℃ / 18℃,东北风 ≤3级 /南风 ≤3级,阵雨,大雨,25,18,东北风,≤3级,南风,≤3级,day
2015-05-18 22:30:00,沙冲路,9、不符合前8款规定或者双方同时具有上述情形的,负同等责任,负同等责任,1,浙FAY247,白色,1,贵A7AH89,白色,（花溪区）高新十七驾驶培训有限公司,（花溪区）高新十七驾驶培训有限公司,2010/4/12 0:00,-1,-1,东风日产牌,366577000000000000 ,366246000000000000 ,198512,197506,22,0,5,工作日,非高峰,2015-05-18,2015年5月18日,多云 /多云,25℃ / 18℃,东北风 ≤3级 /东北风 ≤3级,多云,多云,25,18,东北风,≤3级,东北风,≤3级,night
2015-05-19 07:00:00,金阳,7、未按规定让行的 ,负全部责任,不负责任,1,贵AC096P,白色,1,贵A3AV31,白色,-1,自培,-1,2009/3/24 0:00,北京现代牌,途威,366046000000000000 ,364568000000000000 ,198512,198804,7,1,5,工作日,早高峰(7-9点),2015-05-19,2015年5月19日,阵雨 /大雨,25℃ / 18℃,东北风 ≤3级 /南风 ≤3级,阵雨,大雨,25,18,东北风,≤3级,南风,≤3级,day
2015-05-19 08:30:00,会展城,3、倒车的,负全部责任,不负责任,1,川EG1223,黄,1,贵AC065M,黑,-1,全林驾校,-1,2010/11/8 0:00,-1,雪佛兰牌,35436651874755738X,366368000000000000 ,197303,197201,8,1,5,工作日,早高峰(7-9点),2015-05-19,2015年5月19日,阵雨 /大雨,25℃ / 18℃,东北风 ≤3级 /南风 ≤3级,阵雨,大雨,25,18,东北风,≤3级,南风,≤3级,day
2015-05-19 09:30:00,盐沙大道,7、未按规定让行的 ,负全部责任,不负责任,1,贵CAE635,黑,1,贵A6540S,黑,-1,时发驾校,-1,2014/5/21 0:00,-1,-1,366566000000000000 ,36454751134369095X,196409,199505,9,1,5,工作日,早高峰(7-9点),2015-05-19,2015年5月19日,阵雨 /大雨,25℃ / 18℃,东北风 ≤3级 /南风 ≤3级,阵雨,大雨,25,18,东北风,≤3级,南风,≤3级,day
2015-05-19 10:00:00,万东桥,1、追尾的,负全部责任,不负责任,1,贵AV9527,白色,1,贵GC5062,白色,-1,铁二局驾校,-1,2012/12/31 0:00,海戈牌,-1,366566000000000000 ,366562000000000000 ,199001,197404,10,1,5,工作日,非高峰,2015-05-19,2015年5月19日,阵雨 /大雨,25℃ / 18℃,东北风 ≤3级 /南风 ≤3级,阵雨,大雨,25,18,东北风,≤3级,南风,≤3级,day
2015-05-18 17:30:00,宝山南路,7、未按规定让行的 ,负全部责任,不负责任,1,贵AV4395,白色,1,贵A96J56,白色,自培,贵州现代驾驶培训责任有限公司,2001/5/22 0:00,2014/11/10 0:00,钱江牌,东风雪铁龙牌,364548000000000000 ,366064000000000000 ,198012,197906,17,0,5,工作日,晚高峰(17-19点),2015-05-18,2015年5月18日,多云 /多云,25℃ / 18℃,东北风 ≤3级 /东北风 ≤3级,多云,多云,25,18,东北风,≤3级,东北风,≤3级,day
2015-05-19 07:00:00,大关桥,9、不符合前8款规定或者双方同时具有上述情形的,负全部责任,不负责任,1,贵A964F2,红,1,贵GK8579,白,自培,诚信驾驶培训学校,2007/2/7 0:00,2009/3/17 0:00,黑豹牌,-1,364557000000000000 ,364567000000000000 ,196710,198909,7,1,5,工作日,早高峰(7-9点),2015-05-19,2015年5月19日,阵雨 /大雨,25℃ / 18℃,东北风 ≤3级 /南风 ≤3级,阵雨,大雨,25,18,东北风,≤3级,南风,≤3级,day