accidenttime,accidentaddr,driver1fault,driver1responsibility,driver2responsibility,sex1,platenumber1,carcolor1,sex2,platenumber2,carcolor2,jxmc1,jxmc2,cclzrq1,cclzrq2,clpp1,clpp2,driver1license,driver2license,brith1,brith2,hour,weekday,month,is_weekday,peak_hour,date,日期,天气状况,气温,风力风向,day_wea,night_wea,day_tep,night_tep,day_wind_direction,day_wind_speed,night_wind_direction,night_wind_speed,segment
2015-05-19 07:00:00,小河兴隆花园,7、未按规定让行的 ,负全部责任,不负责任,1,贵AJW322,白色,1,贵AFC041,白色,市交校,十一培,2012/9/14 0:00,1996/10/24 0:00,福克斯牌,北斗星牌,366061000000000000 ,364547000000000000 ,198510,196103,7,1,5,工作日,早高峰(7-9点),2015-05-19,2015年5月19日,阵雨 /大雨,25℃ / 18℃,东北风 ≤3级 /南风 ≤3级,阵雨,大雨,25,18,东北风,≤3级,南风,≤3级,day
2015-05-18 22:00:00,宝福山,1、追尾的,负全部责任,不负责任,1,贵AU0863,白色,1,贵FJ2336,白色,自培,自培,1998/7/29 0:00,2004/8/26 0:00,万达牌,-1,366068000000000000 ,366068000000000000 ,197404,197604,22,0,5,工作日,非高峰,2015-05-18,2015年5月18日,多云 /多云,25℃ / 18℃,东北风 ≤3级 /东北风 ≤3级,多云,多云,25,18,东北风,≤3级,东北风,≤3级,night
2015-05-19 07:00:00,煤矿村,4、停车时未挂低速档、未拉驻车制动，导致车辆滑行的,负全部责任,不负责任,1,贵AUW314,白色,1,贵A7AB91, 白色,自培,自培,2001/1/7 0:00,2006/6/23 0:00,-1,大众牌,366068000000000000 ,364547000000000000 ,197604,196708,7,1,5,工作日,早高峰(7-9点),2015-05-19,2015年5月19日,阵雨 /大雨,25℃ / 18℃,东北风 ≤3级 /南风 ≤3级,阵雨,大雨,25,18,东北风,≤3级,南风,≤3级,day
2015-05-19 10:00:00,东山,7、未按规定让行的 ,负全部责任,不负责任,1,贵A74G51,白,1,贵A53X27,黑,镇宁县宏伟汽车有限责任公司汽车（摩托车培训学校）,自培,-1,2015/2/11 0:00,雪佛兰牌,起亚牌,366064000000000000 ,364548000000000000 ,198209,199204,10,1,5,工作日,非高峰,2015-05-19,2015年5月19日,阵雨 /大雨,25℃ / 18℃,东北风 ≤3级 /南风 ≤3级,阵雨,大雨,25,18,东北风,≤3级,南风,≤3级,day
2015-05-19 08:05:00,黔灵山路,7、未按规定让行的 ,负全部责任,不负责任,0,贵AO4144,红,1,贵AH5877,黑,贵阳金马驾驶培训有限公司,贵州省长安驾驶培训学校,2010/12/3 0:00,2011/8/18 0:00,-1,高尔夫,364547000000000000 ,366367000000000000 ,197412,197312,8,1,5,工作日,早高峰(7-9点),2015-05-19,2015年5月19日,阵雨 /大雨,25℃ / 18℃,东北风 ≤3级 /南风 ≤3级,阵雨,大雨,25,18,东北风,≤3级,南风,≤3级,day
2015-05-19 10:25:00,西南商贸城,1、追尾的,负全部责任,不负责任,1,贵AU993,蓝,1,贵A6792S,红,-1,市警校驾校,-1,2011/5/9 0:00,-1,-1,366046000000000000 ,364557000000000000 ,197608,198006,10,1,5,工作日,非高峰,2015-05-19,2015年5月19日,阵雨 /大雨,25℃ / 18℃,东北风 ≤3级 /南风 ≤3级,阵雨,大雨,25,18,东北风,≤3级,南风,≤3级,day
2015-05-19 10:28:00,云潭路,7、未按规定让行的 ,负全部责任,不负责任,1,贵GAG587,红,1,贵JBY219,蓝,-1,-1,-1,-1,-1,-1,364544000000 ,34640500000000000 ,933698,197910,10,1,5,工作日,非高峰,2015-05-19,2015年5月19日,阵雨 /大雨,25℃ / 18℃,东北风 ≤3级 /南风 ≤3级,阵雨,大雨,25,18,东北风,≤3级,南风,≤3级,day
2015-05-19 11:00:00,小河,7、未按规定让行的 ,负全部责任,不负责任,1,贵AA2194,白色,1,贵A953F4,白色,520113,520101,2008/3/11 0:00,2009/12/23 0:00,-1,东风牌,364548000000000000 ,366068000000000000 ,198601,197811,11,1,5,工作日,非高峰,2015-05-19,2015年5月19日,阵雨 /大雨,25℃ / 18℃,东北风 ≤3级 /南风 ≤3级,阵雨,大雨,25,18,东北风,≤3级,南风,≤3级,day
2015-05-19 14:00:00,金苏大道,7、未按规定让行的 ,负全部责任,不负责任,1,贵A593Q7,红,1,贵AE6755,红,-1,自培,-1,2003/8/19 0:00,-1,东风雪铁龙牌,36656251875448647X,364547000000000000 ,197310,194809,14,1,5,工作日,非高峰,2015-05-19,2015年5月19日,阵雨 /大雨,25℃ / 18℃,东北风 ≤3级 /南风 ≤3级,阵雨,大雨,25,18,东北风,≤3级,南风,≤3级,day
2015-05-19 13:00:00,小河,7、未按规定让行的 ,负全部责任,不负责任,1,贵A8390G,白色,1,贵ANV572,白色,（南明区）现代驾驶培训有限公司,诚信驾驶培训学校,2009/12/21 0:00,2011/11/18 0:00,长安牌,大众汽车牌,366067000000000000 ,366347000000000000 ,196807,196812,13,1,5,工作日,非高峰,2015-05-19,2015年5月19日,阵雨 /大雨,25℃ / 18℃,东北风 ≤3级 /南风 ≤3级,阵雨,大雨,25,18,东北风,≤3级,南风,≤3级,day
2015-05-19 11:00:00,花果园,7、未按规定让行的 ,负全部责任,不负责任,1,贵AU1519,红,1,贵A9BY12,红,新华驾校,-1,2011/10/11 0:00,-1,豪爵,五菱牌,364557000000000000 ,366664000000000000 ,198809,198912,11,1,5,工作日,非高峰,2015-05-19,2015年5月19日,阵雨 /大雨,25℃ / 18℃,东北风 ≤3级 /南风 ≤3级,阵雨,大雨,25,18,东北风,≤3级,南风,≤3级,day
2015-05-19 14:20:00,三桥,7、未按规定让行的 ,负全部责任,不负责任,1,贵ATS828,红,1,贵AU0542,黄,（南明区）长运驾驶培训有限公司,520127,2008/4/10 0:00,2001/11/1 0:00,五菱牌,新阳光牌,366347000000000000 ,364557000000000000 ,197407,198212,14,1,5,工作日,非高峰,2015-05-19,2015年5月19日,阵雨 /大雨,25℃ / 18℃,东北风 ≤3级 /南风 ≤3级,阵雨,大雨,25,18,东北风,≤3级,南风,≤3级,day
2015-05-19 12:00:00,浣纱桥,7、未按规定让行的 ,负全部责任,不负责任,1,贵A7P499,红,0,贵ALV539,红,顺一驾驶培训学校,顺一驾驶培训学校,2012/6/15 0:00,2012/6/15 0:00,-1,雪佛兰牌,366067000000000000 ,366067000000000000 ,199305,199305,12,1,5,工作日,非高峰,2015-05-19,2015年5月19日,阵雨 /大雨,25℃ / 18℃,东北风 ≤3级 /南风 ≤3级,阵雨,大雨,25,18,东北风,≤3级,南风,≤3级,day
2015-05-19 10:00:00,大桥寨,1、追尾的,负全部责任,不负责任,1,贵AP6467,白色,1,贵ALL0843,白色,自培,自培,2003/11/4 0:00,2011/12/13 0:00,豪爵牌,-1,366067000000000000 ,364557000000000000 ,196601,198911,10,1,5,工作日,非高峰,2015-05-19,2015年5月19日,阵雨 /大雨,25℃ / 18℃,东北风 ≤3级 /南风 ≤3级,阵雨,大雨,25,18,东北风,≤3级,南风,≤3级,day
2015-05-19 08:10:00,友谊路,1、追尾的,负全部责任,不负责任,1,贵A51N75,红,1,贵AU7417,绿,自培,-1,2003/5/6 0:00,-1,东风日产牌,银翔牌,366367000000000000 ,366669000000000000 ,197005,197412,8,1,5,工作日,早高峰(7-9点),2015-05-19,2015年5月19日,阵雨 /大雨,25℃ / 18℃,东北风 ≤3级 /南风 ≤3级,阵雨,大雨,25,18,东北风,≤3级,南风,≤3级,day
2015-05-19 08:10:00,上麦收费站,1、追尾的,负全部责任,不负责任,1,渝BNN936,黑,1,渝B62X76,黑,自培,-1,2013/7/24 0:00,-1,-1,-1,354666000000000000 ,354677000000000000 ,197411,196902,8,1,5,工作日,早高峰(7-9点),2015-05-19,2015年5月19日,阵雨 /大雨,25℃ / 18℃,东北风 ≤3级 /南风 ≤3级,阵雨,大雨,25,18,东北风,≤3级,南风,≤3级,day
2015-05-19 09:00:00,望城坡,1、追尾的,负全部责任,不负责任,1,贵AP4345,白色,1,贵A7BL59,白色,（南明区）贵工大驾驶培训有限公司,十一培,2006/12/31 0:00,1998/12/18 0:00,波罗牌,马自达牌,364547000000000000 ,364548000000000000 ,196905,198006,9,1,5,工作日,早高峰(7-9点),2015-05-19,2015年5月19日,阵雨 /大雨,25℃ / 18℃,东北风 ≤3级 /南风 ≤3级,阵雨,大雨,25,18,东北风,≤3级,南风,≤3级,day
2015-05-19 08:00:00,花二道,1、追尾的,负全部责任,不负责任,1,贵A7AY59,白色,1,贵A75313`,白色,自培,十一培,2002/8/12 0:00,1992/7/23 0:00,福克斯牌,-1,364548000000000000 ,364547000000000000 ,198208,196812,8,1,5,工作日,早高峰(7-9点),2015-05-19,2015年5月19日,阵雨 /大雨,25℃ / 18℃,东北风 ≤3级 /南风 ≤3级,阵雨,大雨,25,18,东北风,≤3级,南风,≤3级,day
2015-05-19 09:02:00,观山东路,1、追尾的,负全部责任,不负责任,1,贵AU5947,绿,1,贵AU6003,绿,诚信驾驶培训学校,自培,2004/5/21 0:00,2001/4/27 0:00,捷达牌,捷达牌,366367000000000000 ,356168000000000000 ,197204,197605,9,1,5,工作日,早高峰(7-9点),2015-05-19,2015年5月19日,阵雨 /大雨,25℃ / 18℃,东北风 ≤3级 /南风 ≤3级,阵雨,大雨,25,18,东北风,≤3级,南风,≤3级,day
2015-05-19 08:20:00,中天花园,3、倒车的,负全部责任,不负责任,1,贵AM0222,黑,1,贵AX1163,白,（云岩区）省交通职业技术驾驶培训学校,自培,2009/9/2 0:00,2004/4/13 0:00,宝马牌,雪佛兰科帕奇,366367000000000000 ,724561000000000000 ,197411,195410,8,1,5,工作日,早高峰(7-9点),2015-05-19,2015年5月19日,阵雨 /大雨,25℃ / 18℃,东北风 ≤3级 /南风 ≤3级,阵雨,大雨,25,18,东北风,≤3级,南风,≤3级,day
2015-05-19 14:00:00,朱昌,3、倒车的,负全部责任,不负责任,1,贵JEL742,白,0,贵A2847B,蓝,未定义,吉源驾校,2011/10/12 0:00,2014/3/13 0:00,-1,-1,364548000000000000 ,366370000000000000 ,199205,198207,14,1,5,工作日,非高峰,2015-05-19,2015年5月19日,阵雨 /大雨,25℃ / 18℃,东北风 ≤3级 /南风 ≤3级,阵雨,大雨,25,18,东北风,≤3级,南风,≤3级,day
2015-05-19 11:00:00,麦巴村,1、追尾的,负全部责任,不负责任,1,贵FAM603,白色,1,贵AC272E,白色,贵州现代驾驶培训责任有限公司,预约考试窗口,2014/12/9 0:00,2007/8/7 0:00,-1,长安牌,366067000000000000 ,364547000000000000 ,199508,197710,11,1,5,工作日,非高峰,2015-05-19,2015年5月19日,阵雨 /大雨,25℃ / 18℃,东北风 ≤3级 /南风 ≤3级,阵雨,大雨,25,18,东北风,≤3级,南风,≤3级,day
2015-05-19 14:00:00,小河平桥,7、未按规定让行的 ,负全部责任,不负责任,1,贵AA052P,白色,1,贵A27W78,白色,平安驾校（乌当区）,-1,2015/3/23 0:00,-1,雪佛兰牌,大众汽车,364551000000000000 ,364548000000000000 ,197701,199012,14,1,5,工作日,非高峰,2015-05-19,2015年5月19日,阵雨 /大雨,25℃ / 18℃,东北风 ≤3级 /南风 ≤3级,阵雨,大雨,25,18,东北风,≤3级,南风,≤3级,day
2015-05-19 13:00:00,松涛路,1、追尾的,负全部责任,不负责任,1,贵GP4122,白色,1,贵A6S860,白色,吉源驾校,-1,1995/7/1 0:00,-1,-1,-1,36636251284363305X,5395510000000000 ,196705,199307,13,1,5,工作日,非高峰,2015-05-19,2015年5月19日,阵雨 /大雨,25℃ / 18℃,东北风 ≤3级 /南风 ≤3级,阵雨,大雨,25,18,东北风,≤3级,南风,≤3级,day
2015-05-19 15:00:00,五大队,7、未按规定让行的 ,负全部责任,不负责任,1,贵A62735,白色,1,贵A8087C,白色,-1,铁二局驾校,-1,2013/4/15 0:00,宗申,五菱牌,364546000000000 ,366069000000000000 ,610402,199005,15,1,5,工作日,非高峰,2015-05-19,2015年5月19日,阵雨 /大雨,25℃ / 18℃,东北风 ≤3级 /南风 ≤3级,阵雨,大雨,25,18,东北风,≤3级,南风,≤3级,day
2015-05-19 17:00:00,市南路,7、未按规定让行的 ,负全部责任,不负责任,1,贵A73P14,白色,1,贵AM2262,白色,-1,-1,-1,-1,长城牌,宇锋牌,36606600000000000 ,666048000000000000 ,196501,196202,17,1,5,工作日,晚高峰(17-19点),2015-05-19,2015年5月19日,阵雨 /大雨,25℃ / 18℃,东北风 ≤3级 /南风 ≤3级,阵雨,大雨,25,18,东北风,≤3级,南风,≤3级,day
2015-05-19 17:50:00,渔安隧道,1、追尾的,负全部责任,不负责任,0,贵AC455S,蓝,1,贵A86R99,白,-1,-1,-1,-1,-1,东风日产牌,366354000000 ,364545000000 ,19545,142619,17,1,5,工作日,晚高峰(17-19点),2015-05-19,2015年5月19日,阵雨 /大雨,25℃ / 18℃,东北风 ≤3级 /南风 ≤3级,阵雨,大雨,25,18,东北风,≤3级,南风,≤3级,day
2015-05-19 17:00:00,小河,3、倒车的,负全部责任,不负责任,1,鲁RB1528,白色,1,贵A2578Z,白色,-1,贵工驾校,-1,2006/8/7 0:00,-1,明锐牌,786146000000000000 ,364551000000000000 ,198405,198012,17,1,5,工作日,晚高峰(17-19点),2015-05-19,2015年5月19日,阵雨 /大雨,25℃ / 18℃,东北风 ≤3级 /南风 ≤3级,阵雨,大雨,25,18,东北风,≤3级,南风,≤3级,day
2015-05-19 17:00:00,柏杨林,7、未按规定让行的 ,负全部责任,不负责任,1,贵CBA919,白,1,贵AR1985,蓝,诚信驾驶培训学校,吉源驾校,2013/8/15 0:00,2014/7/27 0:00,-1,田野牌,366067000000000000 ,364596000000000000 ,199102,198807,17,1,5,工作日,晚高峰(17-19点),2015-05-19,2015年5月19日,阵雨 /大雨,25℃ / 18℃,东北风 ≤3级 /南风 ≤3级,阵雨,大雨,25,18,东北风,≤3级,南风,≤3级,day
2015-05-19 14:40:00,北京西路,7、未按规定让行的 ,负全部责任,不负责任,1,贵AU5531,黄,1,贵AU7417,蓝,蓝天驾校,-1,2007/4/16 0:00,-1,宗申牌,银翔牌,366367000000000000 ,366669000000000000 ,197311,197412,14,1,5,工作日,非高峰,2015-05-19,2015年5月19日,阵雨 /大雨,25℃ / 18℃,东北风 ≤3级 /南风 ≤3级,阵雨,大雨,25,18,东北风,≤3级,南风,≤3级,day
2015-05-19 15:00:00,沙冲路口,7、未按规定让行的 ,负全部责任,不负责任,1,贵A6BB99,白色,1,贵A35C43,白色,自培,预约考试窗口,2007/10/11 0:00,2006/8/16 0:00,北京牌,雪佛兰牌,364547000000000000 ,36636051974949095X,197302,198308,15,1,5,工作日,非高峰,2015-05-19,2015年5月19日,阵雨 /大雨,25℃ / 18℃,东北风 ≤3级 /南风 ≤3级,阵雨,大雨,25,18,东北风,≤3级,南风,≤3级,day
2015-05-19 19:30:00,长岭南路,8、依法应负全责的其他情形,负全部责任,不负责任,1,贵A17X41,黑,1,贵AU3989,黄,-1,-1,-1,-1,大众汽车牌,望江牌,366255000000 ,364547000000 ,279312,135005,19,1,5,工作日,晚高峰(17-19点),2015-05-19,2015年5月19日,阵雨 /大雨,25℃ / 18℃,东北风 ≤3级 /南风 ≤3级,阵雨,大雨,25,18,东北风,≤3级,南风,≤3级,day
2015-05-19 11:00:00,金竹立交,7、未按规定让行的 ,负全部责任,不负责任,1,贵A23V59,白色,1,贵ALT777,白色,自培,预约考试窗口,2004/6/1 0:00,2007/1/5 0:00,起亚,梅赛德斯-奔驰牌,364557000000000000 ,364548000000000000 ,196402,198808,11,1,5,工作日,非高峰,2015-05-19,2015年5月19日,阵雨 /大雨,25℃ / 18℃,东北风 ≤3级 /南风 ≤3级,阵雨,大雨,25,18,东北风,≤3级,南风,≤3级,day
2015-05-19 11:10:00,三桥,7、未按规定让行的 ,负全部责任,不负责任,1,贵CFS543,黑,1,贵A85O56,白,自培,-1,2007/5/17 0:00,-1,-1,-1,36454751265564323X,36455700000000000 ,196211,198652,11,1,5,工作日,非高峰,2015-05-19,2015年5月19日,阵雨 /大雨,25℃ / 18℃,东北风 ≤3级 /南风 ≤3级,阵雨,大雨,25,18,东北风,≤3级,南风,≤3级,day
2015-05-19 14:00:00,下坝村,1、追尾的,负全部责任,不负责任,1,贵A868E3,白色,1,贵A0BC74,白色,自培,-1,2012/11/13 0:00,-1,东风牌,雪佛兰牌,774852000000000000 ,774852000000000000 ,198002,197603,14,1,5,工作日,非高峰,2015-05-19,2015年5月19日,阵雨 /大雨,25℃ / 18℃,东北风 ≤3级 /南风 ≤3级,阵雨,大雨,25,18,东北风,≤3级,南风,≤3级,day
2015-05-19 11:20:00,石林西路,1、追尾的,负全部责任,不负责任,1,贵ARM809,黑,1,贵AU1035,绿,自培,十一培,2011/9/6 0:00,1994/4/26 0:00,一汽佳星牌,大众牌,77485151874852645X,366364000000000000 ,197307,197110,11,1,5,工作日,非高峰,2015-05-19,2015年5月19日,阵雨 /大雨,25℃ / 18℃,东北风 ≤3级 /南风 ≤3级,阵雨,大雨,25,18,东北风,≤3级,南风,≤3级,day
2015-05-19 17:00:00,花溪区,8、依法应负全责的其他情形,负全部责任,不负责任,1,贵ARY162,白色,1,贵A37V65,白色,自培,自培,2014/11/11 0:00,2001/12/6 0:00,北京现代牌,大众汽车牌,366561000000000000 ,364556000000000000 ,198704,198209,17,1,5,工作日,晚高峰(17-19点),2015-05-19,2015年5月19日,阵雨 /大雨,25℃ / 18℃,东北风 ≤3级 /南风 ≤3级,阵雨,大雨,25,18,东北风,≤3级,南风,≤3级,day
2015-05-19 16:50:00,花果园,3、倒车的,负全部责任,不负责任,1,贵A79M15,红,1,贵A19Z97,蓝,自培,自培,2013/3/13 0:00,2002/7/26 0:00,丰田牌,-1,36464551824640445X,366664000000000000 ,197602,197404,16,1,5,工作日,非高峰,2015-05-19,2015年5月19日,阵雨 /大雨,25℃ / 18℃,东北风 ≤3级 /南风 ≤3级,阵雨,大雨,25,18,东北风,≤3级,南风,≤3级,day
2015-05-19 19:40:00,黔灵山路,7、未按规定让行的 ,负全部责任,不负责任,1,贵HX3111,黑,0,贵GH8742,红,（乌当区）全林驾驶培训有限公司,路路达驾校,2006/4/12 0:00,2014/6/19 0:00,-1,-1,364548000000000000 ,364557000000000000 ,198003,197107,19,1,5,工作日,晚高峰(17-19点),2015-05-19,2015年5月19日,阵雨 /大雨,25℃ / 18℃,东北风 ≤3级 /南风 ≤3级,阵雨,大雨,25,18,东北风,≤3级,南风,≤3级,day
2015-05-19 18:12:00,长岭北路,1、追尾的,负全部责任,不负责任,1,贵CFG467,红,1,贵GZ3922,黑,时发驾校,-1,2013/11/19 0:00,-1,-1,-1,366567000000000000 ,366347000000000000 ,197809,197305,18,1,5,工作日,晚高峰(17-19点),2015-05-19,2015年5月19日,阵雨 /大雨,25℃ / 18℃,东北风 ≤3级 /南风 ≤3级,阵雨,大雨,25,18,东北风,≤3级,南风,≤3级,day
2015-05-19 18:40:00,海马冲隧道,7、未按规定让行的 ,负全部责任,不负责任,1,贵JEF766,白,1,贵AKV339,蓝,毕节地区威宁汽车驾驶培训学校,-1,2014/10/11 0:00,-1,-1,昊锐牌,366064000000000000 ,77549551954760567X,197310,198103,18,1,5,工作日,晚高峰(17-19点),2015-05-19,2015年5月19日,阵雨 /大雨,25℃ / 18℃,东北风 ≤3级 /南风 ≤3级,阵雨,大雨,25,18,东北风,≤3级,南风,≤3级,day
2015-05-19 20:15:00,航天大道,1、追尾的,负全部责任,不负责任,1,贵A7974R,红,1,贵AB938V,白,贵州省遵义汽车运输（集团）余庆金阳驾驶培训有限责任公司,-1,2009/12/28 0:00,-1,五菱牌,雷克萨斯,36656151934846647X,726669000000000000 ,198507,197408,20,1,5,工作日,非高峰,2015-05-19,2015年5月19日,阵雨 /大雨,25℃ / 18℃,东北风 ≤3级 /南风 ≤3级,阵雨,大雨,25,18,东北风,≤3级,南风,≤3级,night
2015-05-19 21:00:00,西二环,1、追尾的,负全部责任,不负责任,1,贵A743E8,白色,1,贵ATK698,白色,-1,自培,-1,1997/10/21 0:00,北京牌,东风日产牌,56163500000000000 ,364547000000000000 ,197509,195701,21,1,5,工作日,非高峰,2015-05-19,2015年5月19日,阵雨 /大雨,25℃ / 18℃,东北风 ≤3级 /南风 ≤3级,阵雨,大雨,25,18,东北风,≤3级,南风,≤3级,night
2015-05-20 10:00:00,八匹马,7、未按规定让行的 ,负全部责任,不负责任,1,贵A9921V,红,1,贵AU8621,黄,-1,520109,-1,2009/9/17 0:00,华泰圣达菲牌,大阳牌,66646500000000000 ,366067000000000000 ,196206,197602,10,2,5,工作日,非高峰,2015-05-20,2015年5月20日,阴 /阵雨,23℃ / 17℃,东北风 ≤3级 /东北风 ≤3级,阴,阵雨,23,17,东北风,≤3级,东北风,≤3级,day
2015-05-20 07:28:00,市北路,7、未按规定让行的 ,负全部责任,不负责任,0,贵DDB032,黑,0,贵A69A69,蓝,沿河县鸿发汽车驾驶培训有限公司,顺一驾驶培训学校,-1,2011/12/16 0:00,-1,福克斯牌,366670000000000000 ,364548000000000000 ,196409,196805,7,2,5,工作日,早高峰(7-9点),2015-05-20,2015年5月20日,阴 /阵雨,23℃ / 17℃,东北风 ≤3级 /东北风 ≤3级,阴,阵雨,23,17,东北风,≤3级,东北风,≤3级,day
2015-05-19 22:40:00,航天大道,1、追尾的,负全部责任,不负责任,1,贵ATU792,红,1,贵GX9089,白,顺一驾驶培训学校,新天驾校,2011/1/5 0:00,2010/12/1 0:00,吉利美日牌,-1,366347000000000000 ,364557000000000000 ,198211,199003,22,1,5,工作日,非高峰,2015-05-19,2015年5月19日,阵雨 /大雨,25℃ / 18℃,东北风 ≤3级 /南风 ≤3级,阵雨,大雨,25,18,东北风,≤3级,南风,≤3级,night
2015-05-19 23:00:00,瑞金南路,1、追尾的,负全部责任,不负责任,1,贵FD5244,白色,1,贵AU5542,白色,毕节市奇康驾驶培训学校,预约考试窗口,-1,2006/8/10 0:00,-1,鑫源牌,366046000000000000 ,366064000000000000 ,198409,196311,23,1,5,工作日,非高峰,2015-05-19,2015年5月19日,阵雨 /大雨,25℃ / 18℃,东北风 ≤3级 /南风 ≤3级,阵雨,大雨,25,18,东北风,≤3级,南风,≤3级,night
2015-05-20 07:50:00,金阳南路,1、追尾的,负全部责任,不负责任,0,贵GAA431,黑,1,贵AU3935,黄,-1,预约考试窗口,-1,2006/12/22 0:00,-1,银翔牌,574370000000000000 ,366064000000000000 ,198907,196807,7,2,5,工作日,早高峰(7-9点),2015-05-20,2015年5月20日,阴 /阵雨,23℃ / 17℃,东北风 ≤3级 /东北风 ≤3级,阴,阵雨,23,17,东北风,≤3级,东北风,≤3级,day
2015-05-20 07:10:00,火车北站,2、逆行的,负全部责任,不负责任,1,贵JAV356,红,1,贵A51W89,白,-1,全林驾校,-1,2014/10/8 0:00,-1,起亚牌,64995500000000000 ,364566000000000000 ,196811,199002,7,2,5,工作日,早高峰(7-9点),2015-05-20,2015年5月20日,阴 /阵雨,23℃ / 17℃,东北风 ≤3级 /东北风 ≤3级,阴,阵雨,23,17,东北风,≤3级,东北风,≤3级,day
2015-05-19 20:40:00,尖山路,7、未按规定让行的 ,负全部责任,不负责任,0,贵A0BY15,白,1,贵A2CC98,白,自培,文通驾校,2007/8/7 0:00,2012/3/21 0:00,别克牌,飞度牌,364558000000000000 ,364558000000000000 ,197905,199208,20,1,5,工作日,非高峰,2015-05-19,2015年5月19日,阵雨 /大雨,25℃ / 18℃,东北风 ≤3级 /南风 ≤3级,阵雨,大雨,25,18,东北风,≤3级,南风,≤3级,night
2015-05-19 21:00:00,小河,7、未按规定让行的 ,负全部责任,不负责任,1,贵AEM352,白色,1,贵A63K94,白色,自培,顺一驾驶培训学校,2006/12/21 0:00,2010/9/8 0:00,东风标致牌,长城牌,364548000000000000 ,364557000000000000 ,198305,197111,21,1,5,工作日,非高峰,2015-05-19,2015年5月19日,阵雨 /大雨,25℃ / 18℃,东北风 ≤3级 /南风 ≤3级,阵雨,大雨,25,18,东北风,≤3级,南风,≤3级,night
2015-05-19 18:00:00,花溪,9、不符合前8款规定或者双方同时具有上述情形的,负同等责任,负同等责任,1,贵A480D1,白色,1,贵A82753,白色,自培,-1,2012/8/13 0:00,-1,解放牌,豪泺牌,357475000000000000 ,366069000000000000 ,198202,198606,18,1,5,工作日,晚高峰(17-19点),2015-05-19,2015年5月19日,阵雨 /大雨,25℃ / 18℃,东北风 ≤3级 /南风 ≤3级,阵雨,大雨,25,18,东北风,≤3级,南风,≤3级,day
2015-05-19 20:40:00,沙冲南路,1、追尾的,负全部责任,不负责任,1,贵AV2968,黄,1,贵A88X24,蓝,-1,十一培,-1,1994/2/16 0:00,宗申牌,起亚牌,366566000000000000 ,364557000000000000 ,197407,197103,20,1,5,工作日,非高峰,2015-05-19,2015年5月19日,阵雨 /大雨,25℃ / 18℃,东北风 ≤3级 /南风 ≤3级,阵雨,大雨,25,18,东北风,≤3级,南风,≤3级,night
2015-05-19 19:00:00,青岩,1、追尾的,负全部责任,不负责任,1,贵A2984P,白色,1,贵AA892B,白色,吉源驾校,自培,2015/1/30 0:00,2006/6/22 0:00,长安牌,谛艾仕牌,36455551845456402X,364556000000000000 ,197010,197906,19,1,5,工作日,晚高峰(17-19点),2015-05-19,2015年5月19日,阵雨 /大雨,25℃ / 18℃,东北风 ≤3级 /南风 ≤3级,阵雨,大雨,25,18,东北风,≤3级,南风,≤3级,day
2015-05-19 22:00:00,油榨街,7、未按规定让行的 ,负全部责任,不负责任,1,贵GF4905,白色,1,贵ASS333,白色,景宏驾校,自培,2012/7/10 0:00,2014/11/12 0:00,-1,宝马牌,364548000000000000 ,36657651905457313X,199106,198410,22,1,5,工作日,非高峰,2015-05-19,2015年5月19日,阵雨 /大雨,25℃ / 18℃,东北风 ≤3级 /南风 ≤3级,阵雨,大雨,25,18,东北风,≤3级,南风,≤3级,night
2015-05-19 22:30:00,观山湖区,7、未按规定让行的 ,负全部责任,不负责任,1,贵A7AR69,蓝,1,贵CDM868,黄,路路达驾校,自培,2013/6/17 0:00,2007/1/11 0:00,哈飞牌,-1,364557000000000000 ,366067000000000000 ,198603,198703,22,1,5,工作日,非高峰,2015-05-19,2015年5月19日,阵雨 /大雨,25℃ / 18℃,东北风 ≤3级 /南风 ≤3级,阵雨,大雨,25,18,东北风,≤3级,南风,≤3级,night
2015-05-19 22:10:00,世纪城,7、未按规定让行的 ,负全部责任,不负责任,1,贵FL1222,白,1,贵A8BZ99,蓝,路路达驾校,自培,2014/10/10 0:00,2005/6/14 0:00,-1,长安牌,366067000000000000 ,364548000000000000 ,198707,198610,22,1,5,工作日,非高峰,2015-05-19,2015年5月19日,阵雨 /大雨,25℃ / 18℃,东北风 ≤3级 /南风 ≤3级,阵雨,大雨,25,18,东北风,≤3级,南风,≤3级,night
2015-05-19 22:00:00,贵惠大道,8、依法应负全责的其他情形,负全部责任,不负责任,1,贵J02514,白色,1,贵ANK938,白色,（乌当区）新华驾驶培训有限公司,自培,2005/4/14 0:00,2003/5/19 0:00,-1,思域牌,366876000000000000 ,366361000000000000 ,198111,197506,22,1,5,工作日,非高峰,2015-05-19,2015年5月19日,阵雨 /大雨,25℃ / 18℃,东北风 ≤3级 /南风 ≤3级,阵雨,大雨,25,18,东北风,≤3级,南风,≤3级,night
2015-05-19 20:00:00,解放路,3、倒车的,负全部责任,不负责任,0,赣E4W196,红,1,贵A23E17,黄,自培,自培,2014/12/26 0:00,2006/6/23 0:00,-1,长安牌,726776000000000000 ,364547000000000000 ,199001,198701,20,1,5,工作日,非高峰,2015-05-19,2015年5月19日,阵雨 /大雨,25℃ / 18℃,东北风 ≤3级 /南风 ≤3级,阵雨,大雨,25,18,东北风,≤3级,南风,≤3级,night