accidenttime,accidentaddr,driver1fault,driver1responsibility,driver2responsibility,sex1,platenumber1,carcolor1,sex2,platenumber2,carcolor2,jxmc1,jxmc2,cclzrq1,cclzrq2,clpp1,clpp2,driver1license,driver2license,brith1,brith2,hour,weekday,month,is_weekday,peak_hour,date,日期,天气状况,气温,风力风向,day_wea,night_wea,day_tep,night_tep,day_wind_direction,day_wind_speed,night_wind_direction,night_wind_speed,segment
2015-05-20 08:00:00,中华中路,1、追尾的,负全部责任,不负责任,1,贵A3L742,白色,1,贵AU7386,白色,-1,自培,-1,2003/3/28 0:00,-1,福田牌,X664845487,364548000000000000 ,1073,197906,8,2,5,工作日,早高峰(7-9点),2015-05-20,2015年5月20日,阴 /阵雨,23℃ / 17℃,东北风 ≤3级 /东北风 ≤3级,阴,阵雨,23,17,东北风,≤3级,东北风,≤3级,day
2015-05-20 09:00:00,二戈寨,1、追尾的,负全部责任,不负责任,1,贵JU1578,白色,1,贵APG657,白色,-1,520106,-1,2002/11/10 0:00,-1,-1,344674000000000000 ,66065500000000000 ,199010,195402,9,2,5,工作日,早高峰(7-9点),2015-05-20,2015年5月20日,阴 /阵雨,23℃ / 17℃,东北风 ≤3级 /东北风 ≤3级,阴,阵雨,23,17,东北风,≤3级,东北风,≤3级,day
2015-05-20 09:00:00,二戈寨,7、未按规定让行的 ,负全部责任,不负责任,1,贵JV157,白色,1,贵ADG657,白色,-1,520106,-1,2002/11/10 0:00,-1,五菱牌,344674000000000000 ,66065500000000000 ,199010,195402,9,2,5,工作日,早高峰(7-9点),2015-05-20,2015年5月20日,阴 /阵雨,23℃ / 17℃,东北风 ≤3级 /东北风 ≤3级,阴,阵雨,23,17,东北风,≤3级,东北风,≤3级,day
2015-05-20 08:00:00,五里冲,7、未按规定让行的 ,负全部责任,不负责任,1,贵A90357,白色,1,贵HBU388,白色,自培,520119,2010/9/10 0:00,2011/3/9 0:00,豪情,-1,364567000000000000 ,36454651895560397X,199102,197811,8,2,5,工作日,早高峰(7-9点),2015-05-20,2015年5月20日,阴 /阵雨,23℃ / 17℃,东北风 ≤3级 /东北风 ≤3级,阴,阵雨,23,17,东北风,≤3级,东北风,≤3级,day
2015-05-20 07:50:00,黔灵山路,9、不符合前8款规定或者双方同时具有上述情形的,负全部责任,不负责任,1,贵AHX199,黑,0,贵A8AT98,黑,（乌当区）新华驾驶培训有限公司,顺风驾校,2004/12/8 0:00,2014/4/21 0:00,酷威,迈腾牌,366068000000000000 ,364548000000000000 ,196910,198804,7,2,5,工作日,早高峰(7-9点),2015-05-20,2015年5月20日,阴 /阵雨,23℃ / 17℃,东北风 ≤3级 /东北风 ≤3级,阴,阵雨,23,17,东北风,≤3级,东北风,≤3级,day
2015-05-20 08:55:00,富水北路,7、未按规定让行的 ,负全部责任,不负责任,1,贵AVT922,黄,1,贵AJ6888,红,-1,贵州省长安驾驶培训学校,-1,1995/5/20 0:00,-1,嘉陵牌,364547000000000000 ,364547000000000000 ,196007,197301,8,2,5,工作日,早高峰(7-9点),2015-05-20,2015年5月20日,阴 /阵雨,23℃ / 17℃,东北风 ≤3级 /东北风 ≤3级,阴,阵雨,23,17,东北风,≤3级,东北风,≤3级,day
2015-05-20 09:00:00,花溪大道,7、未按规定让行的 ,负全部责任,不负责任,1,贵A576J1,白色,1,贵AGK234,白色,顺一驾校（经开区）,520127,2013/7/4 0:00,2009/9/28 0:00,长安牌,夏利牌,364648000000000000 ,36636851824361637X,198211,197605,9,2,5,工作日,早高峰(7-9点),2015-05-20,2015年5月20日,阴 /阵雨,23℃ / 17℃,东北风 ≤3级 /东北风 ≤3级,阴,阵雨,23,17,东北风,≤3级,东北风,≤3级,day
2015-05-20 09:00:00,孟关,8、依法应负全责的其他情形,负全部责任,不负责任,1,贵A0M957,白色,1,贵A8Q940,白色,顺风驾校（花溪区）,520114,2015/4/22 0:00,2008/10/28 0:00,-1,-1,364556000000000000 ,364556000000000000 ,198005,199002,9,2,5,工作日,早高峰(7-9点),2015-05-20,2015年5月20日,阴 /阵雨,23℃ / 17℃,东北风 ≤3级 /东北风 ≤3级,阴,阵雨,23,17,东北风,≤3级,东北风,≤3级,day
2015-05-20 08:00:00,金朱东路,1、追尾的,负全部责任,不负责任,1,贵GT8899,红,1,贵A67S72,黑,吉源驾校,铁二局驾校,2012/6/18 0:00,2012/5/11 0:00,-1,梅赛德斯-奔驰,364666000000000000 ,364558000000000000 ,197803,199009,8,2,5,工作日,早高峰(7-9点),2015-05-20,2015年5月20日,阴 /阵雨,23℃ / 17℃,东北风 ≤3级 /东北风 ≤3级,阴,阵雨,23,17,东北风,≤3级,东北风,≤3级,day
2015-05-20 08:20:00,蛮破,7、未按规定让行的 ,负全部责任,不负责任,1,贵AP9623,红,1,贵JX2719,黄,十一驾驶培训有限公司,-1,2014/5/29 0:00,-1,东风标致牌,-1,765500000000000000 ,36686251914161565X,197012,198909,8,2,5,工作日,早高峰(7-9点),2015-05-20,2015年5月20日,阴 /阵雨,23℃ / 17℃,东北风 ≤3级 /东北风 ≤3级,阴,阵雨,23,17,东北风,≤3级,东北风,≤3级,day
2015-05-20 08:00:00,青云路,8、依法应负全责的其他情形,负全部责任,不负责任,1,贵AAN491,白色,1,贵A6BV91,白色,（乌当区）全林驾驶培训有限公司,-1,2009/9/10 0:00,-1,双狮牌,福田牌,364648000000000000 ,70566700000000000 ,196910,197512,8,2,5,工作日,早高峰(7-9点),2015-05-20,2015年5月20日,阴 /阵雨,23℃ / 17℃,东北风 ≤3级 /东北风 ≤3级,阴,阵雨,23,17,东北风,≤3级,东北风,≤3级,day
2015-05-20 10:00:00,小河转盘,8、依法应负全责的其他情形,负全部责任,不负责任,1,贵FAT446,白色,1,贵FQ7791,白色,-1,吉源驾校,-1,2013/4/18 0:00,-1,-1,366068000000000000 ,364568000000000000 ,198402,198702,10,2,5,工作日,非高峰,2015-05-20,2015年5月20日,阴 /阵雨,23℃ / 17℃,东北风 ≤3级 /东北风 ≤3级,阴,阵雨,23,17,东北风,≤3级,东北风,≤3级,day
2015-05-20 10:30:00,百花山,7、未按规定让行的 ,负全部责任,不负责任,1,贵A3940R,白,1,贵AP3748,黑,-1,-1,-1,-1,五菱牌,奥迪牌,3660640000000000 ,366546000000000000 ,199607,198908,10,2,5,工作日,非高峰,2015-05-20,2015年5月20日,阴 /阵雨,23℃ / 17℃,东北风 ≤3级 /东北风 ≤3级,阴,阵雨,23,17,东北风,≤3级,东北风,≤3级,day
2015-05-20 10:51:00,绿地环保科技园,7、未按规定让行的 ,负全部责任,不负责任,1,贵GM3217,黑,1,贵CNB165,白,-1,贵州现代驾驶培训责任有限公司,-1,2012/12/31 0:00,-1,-1,53351414449 ,366063000000000000 ,90008,199010,10,2,5,工作日,非高峰,2015-05-20,2015年5月20日,阴 /阵雨,23℃ / 17℃,东北风 ≤3级 /东北风 ≤3级,阴,阵雨,23,17,东北风,≤3级,东北风,≤3级,day
2015-05-20 11:00:00,保利溪谷,1、追尾的,负全部责任,不负责任,1,贵G27355,白色,1,贵FP1180,白色,-1,顺一驾驶培训学校,-1,2013/11/20 0:00,-1,-1,366346000000000000 ,36606051885566465X,196404,197711,11,2,5,工作日,非高峰,2015-05-20,2015年5月20日,阴 /阵雨,23℃ / 17℃,东北风 ≤3级 /东北风 ≤3级,阴,阵雨,23,17,东北风,≤3级,东北风,≤3级,day
2015-05-20 08:31:00,观山东路,7、未按规定让行的 ,负全部责任,不负责任,1,贵ASU884,红,1,贵A65133,白,自培,预约考试窗口,2004/11/10 0:00,2007/5/30 0:00,朗逸牌,东风牌,364556000000000000 ,366347000000000000 ,197410,197903,8,2,5,工作日,早高峰(7-9点),2015-05-20,2015年5月20日,阴 /阵雨,23℃ / 17℃,东北风 ≤3级 /东北风 ≤3级,阴,阵雨,23,17,东北风,≤3级,东北风,≤3级,day
2015-05-20 08:40:00,贵黄公路,9、不符合前8款规定或者双方同时具有上述情形的,负全部责任,不负责任,1,湘C82447,蓝,1,贵A09124,红,自培,-1,2009/10/23 0:00,-1,-1,东风雪铁龙牌,506878000000000000 ,74165500000000000 ,198001,199010,8,2,5,工作日,早高峰(7-9点),2015-05-20,2015年5月20日,阴 /阵雨,23℃ / 17℃,东北风 ≤3级 /东北风 ≤3级,阴,阵雨,23,17,东北风,≤3级,东北风,≤3级,day
2015-05-20 09:05:00,中华北路,1、追尾的,负全部责任,不负责任,0,贵ATB901,白,1,贵A5BP40,黑,自培,预约考试窗口,2004/12/13 0:00,2007/7/24 0:00,福克斯牌,丰田牌,364547000000000000 ,36454751994349245X,195612,198805,9,2,5,工作日,早高峰(7-9点),2015-05-20,2015年5月20日,阴 /阵雨,23℃ / 17℃,东北风 ≤3级 /东北风 ≤3级,阴,阵雨,23,17,东北风,≤3级,东北风,≤3级,day
2015-05-19 21:03:00,南方汇通车厂,7、未按规定让行的 ,负全部责任,不负责任,1,贵JEL744,红,1,贵A18Y48,红,吉源驾校,十一培,2014/12/22 0:00,1993/12/2 0:00,-1,奇瑞牌,364558000000000000 ,364557000000000000 ,196912,196104,21,1,5,工作日,非高峰,2015-05-19,2015年5月19日,阵雨 /大雨,25℃ / 18℃,东北风 ≤3级 /南风 ≤3级,阵雨,大雨,25,18,东北风,≤3级,南风,≤3级,night
2015-05-20 08:00:00,太慈桥,7、未按规定让行的 ,负全部责任,不负责任,1,贵ASM323,白色,1,贵A6CE77,白色,-1,十一培,-1,1994/11/29 0:00,马自达牌,克莱斯勒,344547000000000000 ,364547000000000000 ,198803,196410,8,2,5,工作日,早高峰(7-9点),2015-05-20,2015年5月20日,阴 /阵雨,23℃ / 17℃,东北风 ≤3级 /东北风 ≤3级,阴,阵雨,23,17,东北风,≤3级,东北风,≤3级,day
2015-05-20 09:00:00,金阳大道,7、未按规定让行的 ,负全部责任,不负责任,0,贵AXA003,黑,1,贵APP654,红,自培,十一培,2005/2/2 0:00,1998/1/15 0:00,荣威牌,奇瑞牌,364547000000000000 ,366361000000000000 ,197303,197605,9,2,5,工作日,早高峰(7-9点),2015-05-20,2015年5月20日,阴 /阵雨,23℃ / 17℃,东北风 ≤3级 /东北风 ≤3级,阴,阵雨,23,17,东北风,≤3级,东北风,≤3级,day
2015-05-20 08:44:00,碧海广场,7、未按规定让行的 ,负全部责任,不负责任,1,贵ACS496,绿,1,贵AV9209,黄,自培,十一培,2003/11/17 0:00,1994/7/29 0:00,东风标致牌,爱立新牌,364558000000000000 ,74667500000000000 ,198210,196705,8,2,5,工作日,早高峰(7-9点),2015-05-20,2015年5月20日,阴 /阵雨,23℃ / 17℃,东北风 ≤3级 /东北风 ≤3级,阴,阵雨,23,17,东北风,≤3级,东北风,≤3级,day
2015-05-20 07:45:00,北京西路,1、追尾的,负全部责任,不负责任,1,沪C875C2,黑,1,贵AW4372,红,自培,自培,2006/7/31 0:00,2004/5/31 0:00,-1,丰田牌,704967000000000000 ,366846000000000000 ,197907,197808,7,2,5,工作日,早高峰(7-9点),2015-05-20,2015年5月20日,阴 /阵雨,23℃ / 17℃,东北风 ≤3级 /东北风 ≤3级,阴,阵雨,23,17,东北风,≤3级,东北风,≤3级,day
2015-05-20 09:00:00,蔡家关,8、依法应负全责的其他情形,负全部责任,不负责任,0,贵HCX854,白,1,贵A3D610,白,（南明区）贵工大驾驶培训有限公司,自培,2015/2/17 0:00,2002/8/22 0:00,-1,-1,366566000000000000 ,364547000000000000 ,198702,196908,9,2,5,工作日,早高峰(7-9点),2015-05-20,2015年5月20日,阴 /阵雨,23℃ / 17℃,东北风 ≤3级 /东北风 ≤3级,阴,阵雨,23,17,东北风,≤3级,东北风,≤3级,day
2015-05-20 09:00:00,长江路,1、追尾的,负全部责任,不负责任,1,贵A6982F,白色,1,贵AX0878,白色,贵州现代驾驶培训责任有限公司,自培,2014/1/2 0:00,2003/11/21 0:00,-1,嘉陵牌,355761000000000000 ,356668000000000000 ,198504,197704,9,2,5,工作日,早高峰(7-9点),2015-05-20,2015年5月20日,阴 /阵雨,23℃ / 17℃,东北风 ≤3级 /东北风 ≤3级,阴,阵雨,23,17,东北风,≤3级,东北风,≤3级,day
2015-05-20 11:00:00,小碧乡马寨村,7、未按规定让行的 ,负全部责任,不负责任,1,贵A2931U,白色,1,贵A0429R,白色,铁二局驾校,铁二局驾校,2013/5/7 0:00,2013/3/5 0:00,五菱牌,五菱牌,364556000000000000 ,364556000000000000 ,199212,199004,11,2,5,工作日,非高峰,2015-05-20,2015年5月20日,阴 /阵雨,23℃ / 17℃,东北风 ≤3级 /东北风 ≤3级,阴,阵雨,23,17,东北风,≤3级,东北风,≤3级,day
2015-05-20 11:00:00,冶金厅,3、倒车的,负全部责任,不负责任,0,贵AHY342,黑,1,湘K1WR29,红,（云岩区）省交通职业技术驾驶培训学校,-1,2007/2/13 0:00,-1,雷克萨斯,-1,36656551804169506X,76345500000000000 ,197409,195005,11,2,5,工作日,非高峰,2015-05-20,2015年5月20日,阴 /阵雨,23℃ / 17℃,东北风 ≤3级 /东北风 ≤3级,阴,阵雨,23,17,东北风,≤3级,东北风,≤3级,day
2015-05-20 11:15:00,八匹马,1、追尾的,负全部责任,不负责任,1,贵AA079M,红,0,贵GA6483,黑,-1,预约考试窗口,-1,2007/5/31 0:00,北京牌,-1,366670000000000000 ,364557000000000000 ,197912,197804,11,2,5,工作日,非高峰,2015-05-20,2015年5月20日,阴 /阵雨,23℃ / 17℃,东北风 ≤3级 /东北风 ≤3级,阴,阵雨,23,17,东北风,≤3级,东北风,≤3级,day
2015-05-20 10:40:00,北京西路,1、追尾的,负全部责任,不负责任,1,贵JDB417,黑,1,贵GF1583,白,新华驾校,-1,2014/5/6 0:00,-1,-1,-1,36606751844154525X,366347000000000000 ,197009,197305,10,2,5,工作日,非高峰,2015-05-20,2015年5月20日,阴 /阵雨,23℃ / 17℃,东北风 ≤3级 /东北风 ≤3级,阴,阵雨,23,17,东北风,≤3级,东北风,≤3级,day
2015-05-20 13:00:00,顺海路,3、倒车的,负全部责任,不负责任,1,贵A96S76,白,0,贵GZ9909,蓝,-1,-1,-1,-1,大众牌,-1,36455700000000 ,366363000000000000 ,199403,199102,13,2,5,工作日,非高峰,2015-05-20,2015年5月20日,阴 /阵雨,23℃ / 17℃,东北风 ≤3级 /东北风 ≤3级,阴,阵雨,23,17,东北风,≤3级,东北风,≤3级,day
2015-05-20 15:00:00,遵义路,8、依法应负全责的其他情形,负全部责任,不负责任,1,鲁HSS699,白色,1,贵AL7181,白色,-1,阳光驾校,-1,2012/7/11 0:00,-1,凯迪拉克牌,05496351925457337X,364556000000000000 ,198610,198703,15,2,5,工作日,非高峰,2015-05-20,2015年5月20日,阴 /阵雨,23℃ / 17℃,东北风 ≤3级 /东北风 ≤3级,阴,阵雨,23,17,东北风,≤3级,东北风,≤3级,day
2015-05-20 15:00:00,世纪城,3、倒车的,负全部责任,不负责任,1,贵A843F8,红,1,贵AU2225,黄,贵州省黔东南州宏达驾驶学校,毕节地区宏强驾校,2010/1/6 0:00,2006/7/31 0:00,华神牌,金城牌,366263000000000000 ,366064000000000000 ,198002,198402,15,2,5,工作日,非高峰,2015-05-20,2015年5月20日,阴 /阵雨,23℃ / 17℃,东北风 ≤3级 /东北风 ≤3级,阴,阵雨,23,17,东北风,≤3级,东北风,≤3级,day
2015-05-20 14:12:00,枣山路,8、依法应负全责的其他情形,负全部责任,不负责任,1,贵FP0116,黑,1,贵FL6556,黑,-1,毕节地区驾校,-1,-1,-1,-1,366046000000000000 ,366046000000000000 ,197606,197708,14,2,5,工作日,非高峰,2015-05-20,2015年5月20日,阴 /阵雨,23℃ / 17℃,东北风 ≤3级 /东北风 ≤3级,阴,阵雨,23,17,东北风,≤3级,东北风,≤3级,day
2015-05-20 14:00:00,湘雅村,7、未按规定让行的 ,负全部责任,不负责任,1,贵A52N68,白色,1,贵ADN115,白色,-1,兴黔驾驶培训学校,-1,2006/7/7 0:00,宝马牌,北京现代牌,364551000000000000 ,366569000000000000 ,198111,197711,14,2,5,工作日,非高峰,2015-05-20,2015年5月20日,阴 /阵雨,23℃ / 17℃,东北风 ≤3级 /东北风 ≤3级,阴,阵雨,23,17,东北风,≤3级,东北风,≤3级,day
2015-05-20 10:00:00,花果园,7、未按规定让行的 ,负全部责任,不负责任,1,贵AEZ241,黄,1,贵A6AC42,黄,自培,自培,2004/6/4 0:00,2012/7/20 0:00,福克斯牌,福特牌,364548000000000000 ,36454651984663445X,196212,198702,10,2,5,工作日,非高峰,2015-05-20,2015年5月20日,阴 /阵雨,23℃ / 17℃,东北风 ≤3级 /东北风 ≤3级,阴,阵雨,23,17,东北风,≤3级,东北风,≤3级,day
2015-05-20 10:01:00,黔灵山隧道,1、追尾的,负全部责任,不负责任,1,湘G3QQ59,黑,1,湘KW4594,红,自培,-1,2010/4/21 0:00,-1,-1,-1,07494651965658650X,76347500000000000 ,198212,198302,10,2,5,工作日,非高峰,2015-05-20,2015年5月20日,阴 /阵雨,23℃ / 17℃,东北风 ≤3级 /东北风 ≤3级,阴,阵雨,23,17,东北风,≤3级,东北风,≤3级,day
2015-05-20 11:13:00,会展城,7、未按规定让行的 ,负全部责任,不负责任,1,贵A6711Z,红,1,贵JA4579,红,自培,铁二局驾校,2004/11/1 0:00,2011/8/29 0:00,-1,-1,364548000000000000 ,364557000000000000 ,197109,199010,11,2,5,工作日,非高峰,2015-05-20,2015年5月20日,阴 /阵雨,23℃ / 17℃,东北风 ≤3级 /东北风 ≤3级,阴,阵雨,23,17,东北风,≤3级,东北风,≤3级,day
2015-05-20 10:00:00,合朋,7、未按规定让行的 ,负全部责任,不负责任,1,贵AT5812,白色,1,贵A95P76,白色,消防驾校,十一培,2002/5/10 0:00,1995/3/8 0:00,重骑牌,大众汽车牌,364551000000000000 ,364547000000000000 ,198211,197308,10,2,5,工作日,非高峰,2015-05-20,2015年5月20日,阴 /阵雨,23℃ / 17℃,东北风 ≤3级 /东北风 ≤3级,阴,阵雨,23,17,东北风,≤3级,东北风,≤3级,day
2015-05-20 11:45:00,老阳关,7、未按规定让行的 ,负全部责任,不负责任,0,贵A17K54,白,1,贵AU0480,黄,贵州现代驾驶培训责任有限公司,十一培,2014/2/21 0:00,1998/5/25 0:00,名爵牌,三铃牌,366364000000000000 ,366368000000000000 ,198109,197012,11,2,5,工作日,非高峰,2015-05-20,2015年5月20日,阴 /阵雨,23℃ / 17℃,东北风 ≤3级 /东北风 ≤3级,阴,阵雨,23,17,东北风,≤3级,东北风,≤3级,day
2015-05-20 11:00:00,湘雅村,1、追尾的,负全部责任,不负责任,1,贵A65F54,白色,1,贵A54E37,白色,自培,十一培,2004/7/13 0:00,1990/3/19 0:00,捷豹,雪佛兰牌,734561000000000000 ,364548000000000000 ,195509,196304,11,2,5,工作日,非高峰,2015-05-20,2015年5月20日,阴 /阵雨,23℃ / 17℃,东北风 ≤3级 /东北风 ≤3级,阴,阵雨,23,17,东北风,≤3级,东北风,≤3级,day
2015-05-20 09:35:00,西二环,1、追尾的,负全部责任,不负责任,1,贵AMN698,红,0,贵AWY744,白,省交校,自培,2010/7/6 0:00,2007/7/18 0:00,比亚迪牌,大众牌,366663000000000000 ,36369500000000000 ,198906,197702,9,2,5,工作日,早高峰(7-9点),2015-05-20,2015年5月20日,阴 /阵雨,23℃ / 17℃,东北风 ≤3级 /东北风 ≤3级,阴,阵雨,23,17,东北风,≤3级,东北风,≤3级,day
2015-05-20 10:00:00,花果园,1、追尾的,负全部责任,不负责任,1,贵A849H0,白色,1,贵AGY885,白色,自培,自培,2006/8/16 0:00,2006/5/31 0:00,川路牌,吉利美日牌,366067000000000000 ,364548000000000000 ,196410,198706,10,2,5,工作日,非高峰,2015-05-20,2015年5月20日,阴 /阵雨,23℃ / 17℃,东北风 ≤3级 /东北风 ≤3级,阴,阵雨,23,17,东北风,≤3级,东北风,≤3级,day
2015-05-20 10:30:00,黔灵西路,7、未按规定让行的 ,负全部责任,不负责任,1,贵AFF438,白,1,贵AO7397,黄,（经开区）十一驾驶培训有限公司,自培,2005/1/7 0:00,2011/1/12 0:00,丰田牌,-1,364547000000000000 ,64995500000000000 ,197805,198704,10,2,5,工作日,非高峰,2015-05-20,2015年5月20日,阴 /阵雨,23℃ / 17℃,东北风 ≤3级 /东北风 ≤3级,阴,阵雨,23,17,东北风,≤3级,东北风,≤3级,day
2015-05-20 10:20:00,三中,7、未按规定让行的 ,负全部责任,不负责任,1,湘L31846,红,1,贵AU0816,黄,自培,自培,2009/12/23 0:00,2003/6/19 0:00,-1,创新牌,75467500000000000 ,366864000000000000 ,198303,198009,10,2,5,工作日,非高峰,2015-05-20,2015年5月20日,阴 /阵雨,23℃ / 17℃,东北风 ≤3级 /东北风 ≤3级,阴,阵雨,23,17,东北风,≤3级,东北风,≤3级,day
2015-05-20 10:30:00,宝山北路,8、依法应负全责的其他情形,负全部责任,不负责任,1,贵AV2346,黄,1,贵AU2183,黄,自培,自培,2006/7/21 0:00,2000/1/24 0:00,世纪风牌,千里马牌,376563000000000000 ,364548000000000000 ,198609,196804,10,2,5,工作日,非高峰,2015-05-20,2015年5月20日,阴 /阵雨,23℃ / 17℃,东北风 ≤3级 /东北风 ≤3级,阴,阵雨,23,17,东北风,≤3级,东北风,≤3级,day
2015-05-20 15:01:00,世纪城,7、未按规定让行的 ,负全部责任,不负责任,1,贵A198D8,白,1,贵F83833,黑,贵阳万里圣驾校,贵州现代驾驶培训责任有限公司,2011/9/20 0:00,2012/6/14 0:00,解放牌,-1,366364000000000000 ,355266000000000000 ,197009,199101,15,2,5,工作日,非高峰,2015-05-20,2015年5月20日,阴 /阵雨,23℃ / 17℃,东北风 ≤3级 /东北风 ≤3级,阴,阵雨,23,17,东北风,≤3级,东北风,≤3级,day
2015-05-20 14:00:00,中天未来方舟,3、倒车的,负全部责任,不负责任,1,贵AC042P,白色,1,贵A13N77,白色,时发驾校,520126,2011/5/25 0:00,2010/1/20 0:00,一汽佳星牌,福克斯牌,366670000000000000 ,364547000000000000 ,198706,197412,14,2,5,工作日,非高峰,2015-05-20,2015年5月20日,阴 /阵雨,23℃ / 17℃,东北风 ≤3级 /东北风 ≤3级,阴,阵雨,23,17,东北风,≤3级,东北风,≤3级,day
2015-05-20 15:50:00,中华南路,1、追尾的,负全部责任,不负责任,1,贵F16452,白,1,贵A9BE62,白,-1,高新驾校,-1,2012/5/23 0:00,-1,北京牌,366046000000000000 ,36454751985642695X,198704,198712,15,2,5,工作日,非高峰,2015-05-20,2015年5月20日,阴 /阵雨,23℃ / 17℃,东北风 ≤3级 /东北风 ≤3级,阴,阵雨,23,17,东北风,≤3级,东北风,≤3级,day
2015-05-20 16:15:00,金阳南路,3、倒车的,负全部责任,不负责任,1,贵AJ5298,白,1,贵A8155T,红,-1,黔丰驾校,-1,2013/12/12 0:00,银钢牌,五菱牌,786363000000000000 ,366068000000000000 ,197212,198002,16,2,5,工作日,非高峰,2015-05-20,2015年5月20日,阴 /阵雨,23℃ / 17℃,东北风 ≤3级 /东北风 ≤3级,阴,阵雨,23,17,东北风,≤3级,东北风,≤3级,day
2015-05-20 17:00:00,新华路,7、未按规定让行的 ,负全部责任,不负责任,1,贵AZF911,绿,1,贵AE2953,黄,-1,自培,-1,2005/7/11 0:00,丰田牌,纳智捷牌,366061000000000000 ,366063000000000000 ,197008,198208,17,2,5,工作日,晚高峰(17-19点),2015-05-20,2015年5月20日,阴 /阵雨,23℃ / 17℃,东北风 ≤3级 /东北风 ≤3级,阴,阵雨,23,17,东北风,≤3级,东北风,≤3级,day
2015-05-20 17:40:00,火车站,8、依法应负全责的其他情形,负全部责任,不负责任,1,甘G00095,白,1,贵A32V66,黑,-1,自培,-1,1998/7/29 0:00,-1,宝马,26664551924957603X,364548000000000000 ,198608,197501,17,2,5,工作日,晚高峰(17-19点),2015-05-20,2015年5月20日,阴 /阵雨,23℃ / 17℃,东北风 ≤3级 /东北风 ≤3级,阴,阵雨,23,17,东北风,≤3级,东北风,≤3级,day
2015-05-20 18:15:00,解放路,8、依法应负全责的其他情形,负全部责任,不负责任,1,贵A835F3,红,1,贵A0BN40,白,（云岩区）省交通职业技术驾驶培训学校,市警校驾校,2006/10/11 0:00,2013/12/12 0:00,华神牌,东风雪铁龙牌,364548000000000000 ,354677000000000000 ,198004,197901,18,2,5,工作日,晚高峰(17-19点),2015-05-20,2015年5月20日,阴 /阵雨,23℃ / 17℃,东北风 ≤3级 /东北风 ≤3级,阴,阵雨,23,17,东北风,≤3级,东北风,≤3级,day
2015-05-20 17:00:00,遵义路,7、未按规定让行的 ,负全部责任,不负责任,1,贵AGY266,白色,1,贵AU6741,白色,（南明区）阳光驾驶培训有限公司,520129,2005/5/9 0:00,2010/12/15 0:00,吉利全球鹰牌,蜀都牌,355647000000000000 ,366367000000000000 ,196804,198301,17,2,5,工作日,晚高峰(17-19点),2015-05-20,2015年5月20日,阴 /阵雨,23℃ / 17℃,东北风 ≤3级 /东北风 ≤3级,阴,阵雨,23,17,东北风,≤3级,东北风,≤3级,day
2015-05-20 17:00:00,富源中路,3、倒车的,负全部责任,不负责任,1,贵A670F2,白色,1,川AG4068,白色,-1,乐山市三禾驾校,-1,-1,南骏牌,轰轰烈牌,366067000000000000 ,366875000000000000 ,197310,197810,17,2,5,工作日,晚高峰(17-19点),2015-05-20,2015年5月20日,阴 /阵雨,23℃ / 17℃,东北风 ≤3级 /东北风 ≤3级,阴,阵雨,23,17,东北风,≤3级,东北风,≤3级,day
2015-05-20 12:30:00,都司路,3、倒车的,负全部责任,不负责任,1,贵GT6969,黑,0,贵GX9108,红,自培,-1,2008/12/11 0:00,-1,-1,风神牌,366370000000000000 ,35546951904258002X,198711,198406,12,2,5,工作日,非高峰,2015-05-20,2015年5月20日,阴 /阵雨,23℃ / 17℃,东北风 ≤3级 /东北风 ≤3级,阴,阵雨,23,17,东北风,≤3级,东北风,≤3级,day
2015-05-20 13:00:00,四方河,1、追尾的,负全部责任,不负责任,1,贵A87X89,白色,1,贵D89292,白色,自培,-1,2001/9/29 0:00,-1,索兰托,-1,364556000000000000 ,366668000000000000 ,197701,197905,13,2,5,工作日,非高峰,2015-05-20,2015年5月20日,阴 /阵雨,23℃ / 17℃,东北风 ≤3级 /东北风 ≤3级,阴,阵雨,23,17,东北风,≤3级,东北风,≤3级,day
2015-05-20 12:00:00,老阳关,3、倒车的,负全部责任,不负责任,0,豫BQF951,红,1,桂RN9829,黄,自培,-1,2009/9/27 0:00,-1,-1,-1,56863500000000000 ,36360500000000000 ,198510,197508,12,2,5,工作日,非高峰,2015-05-20,2015年5月20日,阴 /阵雨,23℃ / 17℃,东北风 ≤3级 /东北风 ≤3级,阴,阵雨,23,17,东北风,≤3级,东北风,≤3级,day
2015-05-20 12:40:00,油榨街,7、未按规定让行的 ,负全部责任,不负责任,1,贵A48211,白色,1,贵ARG372,白色,自培,鑫鑫驾校,2008/9/25 0:00,2011/5/25 0:00,东风,吉利美日牌,366661000000000000 ,36686351964364257X,198802,198205,12,2,5,工作日,非高峰,2015-05-20,2015年5月20日,阴 /阵雨,23℃ / 17℃,东北风 ≤3级 /东北风 ≤3级,阴,阵雨,23,17,东北风,≤3级,东北风,≤3级,day
2015-05-20 17:00:00,孟关,7、未按规定让行的 ,负全部责任,不负责任,1,贵ART902,白色,1,贵A5806A,白色,黔南金桥汽车驾驶培训学校,十一培,2009/1/20 0:00,1997/9/22 0:00,解放牌,五菱牌,366863000000000000 ,364547000000000000 ,197909,197710,17,2,5,工作日,晚高峰(17-19点),2015-05-20,2015年5月20日,阴 /阵雨,23℃ / 17℃,东北风 ≤3级 /东北风 ≤3级,阴,阵雨,23,17,东北风,≤3级,东北风,≤3级,day