accidenttime,accidentaddr,driver1fault,driver1responsibility,driver2responsibility,sex1,platenumber1,carcolor1,sex2,platenumber2,carcolor2,jxmc1,jxmc2,cclzrq1,cclzrq2,clpp1,clpp2,driver1license,driver2license,brith1,brith2,hour,weekday,month,is_weekday,peak_hour,date,日期,天气状况,气温,风力风向,day_wea,night_wea,day_tep,night_tep,day_wind_direction,day_wind_speed,night_wind_direction,night_wind_speed,segment
2015-05-20 14:00:00,中天未来方舟,8、依法应负全责的其他情形,负全部责任,不负责任,1,贵AC042P,白色,1,贵AB967G,白色,时发驾校,自培,2011/5/25 0:00,2010/4/23 0:00,一汽佳星牌,-1,366670000000000000 ,364646000000000000 ,198706,199010,14,2,5,工作日,非高峰,2015-05-20,2015年5月20日,阴 /阵雨,23℃ / 17℃,东北风 ≤3级 /东北风 ≤3级,阴,阵雨,23,17,东北风,≤3级,东北风,≤3级,day
2015-05-20 16:00:00,花溪,7、未按规定让行的 ,负全部责任,不负责任,1,贵AU8150,白色,1,贵A3535N,白色,自培,自培,2015/5/11 0:00,2005/6/1 0:00,润腾牌,北京现代牌,355266000000000000 ,366561000000000000 ,198603,196302,16,2,5,工作日,非高峰,2015-05-20,2015年5月20日,阴 /阵雨,23℃ / 17℃,东北风 ≤3级 /东北风 ≤3级,阴,阵雨,23,17,东北风,≤3级,东北风,≤3级,day
2015-05-20 17:00:00,宝福山,8、依法应负全责的其他情形,负全部责任,不负责任,1,贵A6AN33,白色,1,贵A36B34,白色,景宏驾校,自培,2012/5/29 0:00,2000/3/28 0:00,别克牌,-1,364557000000000000 ,366868000000000000 ,198107,197402,17,2,5,工作日,晚高峰(17-19点),2015-05-20,2015年5月20日,阴 /阵雨,23℃ / 17℃,东北风 ≤3级 /东北风 ≤3级,阴,阵雨,23,17,东北风,≤3级,东北风,≤3级,day
2015-05-20 16:45:00,富源北路,3、倒车的,负全部责任,不负责任,1,贵HAK185,黑,1,贵A1236,绿,贵州省长安驾驶培训学校,自培,2012/6/19 0:00,2003/11/26 0:00,-1,-1,364547000000000000 ,366368000000000000 ,197001,197411,16,2,5,工作日,非高峰,2015-05-20,2015年5月20日,阴 /阵雨,23℃ / 17℃,东北风 ≤3级 /东北风 ≤3级,阴,阵雨,23,17,东北风,≤3级,东北风,≤3级,day
2015-05-20 11:56:00,太慈桥,8、依法应负全责的其他情形,负全部责任,不负责任,1,鄂F6J268,白,1,贵ARJ997,黑,自培,自培,2008/5/20 0:00,2007/9/19 0:00,-1,东风标致牌,64263500000000000 ,364547000000000000 ,198601,198812,11,2,5,工作日,非高峰,2015-05-20,2015年5月20日,阴 /阵雨,23℃ / 17℃,东北风 ≤3级 /东北风 ≤3级,阴,阵雨,23,17,东北风,≤3级,东北风,≤3级,day
2015-05-20 12:30:00,火车北站,9、不符合前8款规定或者双方同时具有上述情形的,负全部责任,不负责任,1,贵ACX527,黄,1,贵JEN592,白,自培,自培,2009/1/4 0:00,2005/2/24 0:00,红旗牌,-1,574363000000000000 ,364558000000000000 ,198506,194909,12,2,5,工作日,非高峰,2015-05-20,2015年5月20日,阴 /阵雨,23℃ / 17℃,东北风 ≤3级 /东北风 ≤3级,阴,阵雨,23,17,东北风,≤3级,东北风,≤3级,day
2015-05-20 19:25:00,中天花园,1、追尾的,负全部责任,不负责任,1,京NJC997,黑,1,贵AG9094,红,-1,全林驾校,-1,2012/5/5 0:00,-1,嘉陵牌,35786651815452455X,366064000000000000 ,197910,199102,19,2,5,工作日,晚高峰(17-19点),2015-05-20,2015年5月20日,阴 /阵雨,23℃ / 17℃,东北风 ≤3级 /东北风 ≤3级,阴,阵雨,23,17,东北风,≤3级,东北风,≤3级,day
2015-05-20 20:00:00,金清大道,7、未按规定让行的 ,负全部责任,不负责任,1,贵AF5699,黑,1,贵A8BR95,黑,-1,长运驾校,-1,2014/4/28 0:00,陆豪牌,吉利牌,35467500000000000 ,364557000000000000 ,198102,196306,20,2,5,工作日,非高峰,2015-05-20,2015年5月20日,阴 /阵雨,23℃ / 17℃,东北风 ≤3级 /东北风 ≤3级,阴,阵雨,23,17,东北风,≤3级,东北风,≤3级,night
2015-05-20 21:00:00,四方河路,3、倒车的,负全部责任,不负责任,1,贵A7Q669,白色,1,贵ATA969,白色,-1,铁二局驾校,-1,2010/12/15 0:00,-1,雪佛兰牌,366843000000 ,366064000000000000 ,423,199111,21,2,5,工作日,非高峰,2015-05-20,2015年5月20日,阴 /阵雨,23℃ / 17℃,东北风 ≤3级 /东北风 ≤3级,阴,阵雨,23,17,东北风,≤3级,东北风,≤3级,night
2015-05-20 21:00:00,油榨街,8、依法应负全责的其他情形,负全部责任,不负责任,1,贵A7CE05,白色,1,贵AA534J,白色,-1,全林驾校,-1,2014/7/13 0:00,长城牌,丰田牌,36667000000000000 ,36666851144862047X,198101,199007,21,2,5,工作日,非高峰,2015-05-20,2015年5月20日,阴 /阵雨,23℃ / 17℃,东北风 ≤3级 /东北风 ≤3级,阴,阵雨,23,17,东北风,≤3级,东北风,≤3级,night
2015-05-20 21:06:00,遵义路,7、未按规定让行的 ,负全部责任,不负责任,1,贵A9BM12,红,1,贵A43G33,黑,自培,时发驾校,2008/1/3 0:00,2013/6/6 0:00,蒙迪欧牌,丰田牌,364548000000000000 ,366566000000000000 ,197806,197609,21,2,5,工作日,非高峰,2015-05-20,2015年5月20日,阴 /阵雨,23℃ / 17℃,东北风 ≤3级 /东北风 ≤3级,阴,阵雨,23,17,东北风,≤3级,东北风,≤3级,night
2015-05-20 21:25:00,马王街,8、依法应负全责的其他情形,负全部责任,不负责任,1,贵ADP388,红,1,渝BXX886,黑,（乌当区）平安驾驶培训有限公司,习水县顺达机动车驾驶员培训学校,2006/8/11 0:00,2003/1/9 0:00,长安牌,-1,356163000000000000 ,36634651905558005X,197310,198411,21,2,5,工作日,非高峰,2015-05-20,2015年5月20日,阴 /阵雨,23℃ / 17℃,东北风 ≤3级 /东北风 ≤3级,阴,阵雨,23,17,东北风,≤3级,东北风,≤3级,night
2015-05-21 07:00:00,贵遵路,8、依法应负全责的其他情形,负全部责任,不负责任,1,贵AAD967,黑,1,贵A24735,蓝,自培,新华驾校,2004/8/16 0:00,2014/5/6 0:00,长安牌,-1,35616351294967345X,366068000000000000 ,196808,198909,7,3,5,工作日,早高峰(7-9点),2015-05-21,2015年5月21日,阴 /阵雨,24℃ / 16℃,东风 ≤3级 /东风 ≤3级,阴,阵雨,24,16,东风,≤3级,东风,≤3级,day
2015-05-21 04:30:00,白金大道,1、追尾的,负全部责任,不负责任,1,贵AVB798,黑,1,贵A7255C,红,自培,路顺驾校,2000/11/6 0:00,2014/10/29 0:00,-1,五菱牌,366368000000000000 ,364566000000000000 ,197710,199407,4,3,5,工作日,非高峰,2015-05-21,2015年5月21日,阴 /阵雨,24℃ / 16℃,东风 ≤3级 /东风 ≤3级,阴,阵雨,24,16,东风,≤3级,东风,≤3级,night
2015-05-21 08:00:00,中坝,1、追尾的,负全部责任,不负责任,1,贵A1BV23,黑,1,贵F60377,白,（花溪区）凯信驾驶培训有限公司,自培,2015/2/26 0:00,2012/7/5 0:00,别克牌,-1,366369000000000000 ,366068000000000000 ,198710,198504,8,3,5,工作日,早高峰(7-9点),2015-05-21,2015年5月21日,阴 /阵雨,24℃ / 16℃,东风 ≤3级 /东风 ≤3级,阴,阵雨,24,16,东风,≤3级,东风,≤3级,day
2015-05-20 18:40:00,大营坡,8、依法应负全责的其他情形,负全部责任,不负责任,0,贵AV7390,黄,1,贵ABQ341,白,520127,-1,1997/8/14 0:00,-1,三铃牌,黄海牌,364557000000000000 ,356163000000000000 ,197411,197202,18,2,5,工作日,晚高峰(17-19点),2015-05-20,2015年5月20日,阴 /阵雨,23℃ / 17℃,东北风 ≤3级 /东北风 ≤3级,阴,阵雨,23,17,东北风,≤3级,东北风,≤3级,day
2015-05-21 08:00:00,省军区,7、未按规定让行的 ,负全部责任,不负责任,1,贵ASS122,白色,1,贵A9BL63,白色,-1,贵州省长安驾驶培训学校,-1,2015/1/6 0:00,福克斯牌,-1,成字第4946455,364547000000000000 ,2011,198805,8,3,5,工作日,早高峰(7-9点),2015-05-21,2015年5月21日,阴 /阵雨,24℃ / 16℃,东风 ≤3级 /东风 ≤3级,阴,阵雨,24,16,东风,≤3级,东风,≤3级,day
2015-05-21 08:00:00,花孟公路,1、追尾的,负全部责任,不负责任,1,贵CNV849,白色,1,贵AP398A,白色,-1,自培,-1,2008/8/14 0:00,-1,-1,3665660000000000 ,354367000000000000 ,199205,196708,8,3,5,工作日,早高峰(7-9点),2015-05-21,2015年5月21日,阴 /阵雨,24℃ / 16℃,东风 ≤3级 /东风 ≤3级,阴,阵雨,24,16,东风,≤3级,东风,≤3级,day
2015-05-21 08:00:00,八匹马,7、未按规定让行的 ,负全部责任,不负责任,1,贵GV2618,白,0,贵JDY131,白,自培,贵州平安驾驶培训学校,2003/10/16 0:00,2013/2/18 0:00,-1,-1,366364000000000000 ,364548000000000000 ,197901,197506,8,3,5,工作日,早高峰(7-9点),2015-05-21,2015年5月21日,阴 /阵雨,24℃ / 16℃,东风 ≤3级 /东风 ≤3级,阴,阵雨,24,16,东风,≤3级,东风,≤3级,day
2015-05-21 10:00:00,百花大道,3、倒车的,负全部责任,不负责任,1,贵AA832T,红,1,云AX391S,白,贵州现代驾驶培训责任有限公司,-1,2014/6/26 0:00,-1,北京牌,-1,364557000000000000 ,256046000000000000 ,199405,198109,10,3,5,工作日,非高峰,2015-05-21,2015年5月21日,阴 /阵雨,24℃ / 16℃,东风 ≤3级 /东风 ≤3级,阴,阵雨,24,16,东风,≤3级,东风,≤3级,day
2015-05-20 19:01:00,会展城,1、追尾的,负全部责任,不负责任,1,贵A334D6,白,1,渝F7P228,黑,自培,-1,2004/6/19 0:00,-1,解放牌,-1,366046000000000000 ,356664000000000000 ,198103,197201,19,2,5,工作日,晚高峰(17-19点),2015-05-20,2015年5月20日,阴 /阵雨,23℃ / 17℃,东北风 ≤3级 /东北风 ≤3级,阴,阵雨,23,17,东北风,≤3级,东北风,≤3级,day
2015-05-21 07:55:00,二桥,1、追尾的,负全部责任,不负责任,1,贵AGP686,白,1,贵AW7448,白,自培,-1,2004/1/6 0:00,-1,-1,银翔牌,366577000000000000 ,366061000000000000 ,197201,199001,7,3,5,工作日,早高峰(7-9点),2015-05-21,2015年5月21日,阴 /阵雨,24℃ / 16℃,东风 ≤3级 /东风 ≤3级,阴,阵雨,24,16,东风,≤3级,东风,≤3级,day
2015-05-21 07:30:00,中华南路,1、追尾的,负全部责任,不负责任,1,贵A5CB66,白,1,贵AU0453,蓝,-1,十一培,-1,1990/7/23 0:00,别克牌,宝来牌,5566510000000000 ,364547000000000000 ,993121,195901,7,3,5,工作日,早高峰(7-9点),2015-05-21,2015年5月21日,阴 /阵雨,24℃ / 16℃,东风 ≤3级 /东风 ≤3级,阴,阵雨,24,16,东风,≤3级,东风,≤3级,day
2015-05-20 22:00:00,友谊路,5、开关车门的,负全部责任,不负责任,1,贵ARH927,白色,1,贵AST828,白色,贵州晨运驾驶培训学校,十一培,2010/10/25 0:00,1993/6/24 0:00,瑞麒牌,福特牌,366347000000000000 ,366363000000000000 ,198111,197410,22,2,5,工作日,非高峰,2015-05-20,2015年5月20日,阴 /阵雨,23℃ / 17℃,东北风 ≤3级 /东北风 ≤3级,阴,阵雨,23,17,东北风,≤3级,东北风,≤3级,night
2015-05-21 10:00:00,大营坡,7、未按规定让行的 ,负全部责任,不负责任,1,贵AC964P,黑,1,贵AFE288,红,铁二局驾校,十一培,2014/2/27 0:00,1993/6/18 0:00,朗风牌,福特牌,366067000000000000 ,364548000000000000 ,199412,196309,10,3,5,工作日,非高峰,2015-05-21,2015年5月21日,阴 /阵雨,24℃ / 16℃,东风 ≤3级 /东风 ≤3级,阴,阵雨,24,16,东风,≤3级,东风,≤3级,day
2015-05-20 18:30:00,阳关,7、未按规定让行的 ,负全部责任,不负责任,1,贵A30240,白,1,贵A79176,黑,（南明区）铁二局驾驶培训有限公司,自培,2008/5/16 0:00,2004/7/28 0:00,长安,大地牌,366347000000000000 ,366361000000000000 ,198201,197402,18,2,5,工作日,晚高峰(17-19点),2015-05-20,2015年5月20日,阴 /阵雨,23℃ / 17℃,东北风 ≤3级 /东北风 ≤3级,阴,阵雨,23,17,东北风,≤3级,东北风,≤3级,day
2015-05-20 18:40:00,市北路,7、未按规定让行的 ,负全部责任,不负责任,1,贵AU0554,黄,0,贵A5EC72,白,自培,自培,2003/1/13 0:00,2012/5/17 0:00,万达牌,广汽菲亚特牌,364547000000000000 ,344796000000000000 ,197003,199007,18,2,5,工作日,晚高峰(17-19点),2015-05-20,2015年5月20日,阴 /阵雨,23℃ / 17℃,东北风 ≤3级 /东北风 ≤3级,阴,阵雨,23,17,东北风,≤3级,东北风,≤3级,day
2015-05-20 19:00:00,三桥,1、追尾的,负全部责任,不负责任,1,贵AKU671,白,1,贵AX3657,红,（乌当区）新天驾驶培训有限公司,自培,2005/6/23 0:00,2003/12/23 0:00,长安牌,飞鹰牌,364556000000000000 ,354367000000000000 ,197811,198203,19,2,5,工作日,晚高峰(17-19点),2015-05-20,2015年5月20日,阴 /阵雨,23℃ / 17℃,东北风 ≤3级 /东北风 ≤3级,阴,阵雨,23,17,东北风,≤3级,东北风,≤3级,day
2015-05-20 22:40:00,观山东路,1、追尾的,负全部责任,不负责任,1,贵ASM186,红,1,贵AV7748,绿,新华驾校,自培,2012/12/27 0:00,2006/4/17 0:00,马自达牌,新阳光牌,36666851844942447X,366368000000000000 ,197008,198108,22,2,5,工作日,非高峰,2015-05-20,2015年5月20日,阴 /阵雨,23℃ / 17℃,东北风 ≤3级 /东北风 ≤3级,阴,阵雨,23,17,东北风,≤3级,东北风,≤3级,night
2015-05-21 10:00:00,摆郎小学,7、未按规定让行的 ,负全部责任,不负责任,1,贵GAE696,白色,1,贵A29205,白色,金马驾校（花溪区）,-1,2015/4/1 0:00,-1,-1,川马星王,366346000000000000 ,366867000000000000 ,198910,198112,10,3,5,工作日,非高峰,2015-05-21,2015年5月21日,阴 /阵雨,24℃ / 16℃,东风 ≤3级 /东风 ≤3级,阴,阵雨,24,16,东风,≤3级,东风,≤3级,day
2015-05-21 10:30:00,沙子哨,1、追尾的,负全部责任,不负责任,1,贵A6890H,白,1,贵A483F4,白,毕节地区宏强汽车(摩托车)驾驶培训学校,-1,2013/8/23 0:00,-1,五菱牌,江淮牌,366561000000000000 ,364648000000000000 ,198802,199301,10,3,5,工作日,非高峰,2015-05-21,2015年5月21日,阴 /阵雨,24℃ / 16℃,东风 ≤3级 /东风 ≤3级,阴,阵雨,24,16,东风,≤3级,东风,≤3级,day
2015-05-21 11:55:00,海马冲隧道,1、追尾的,负全部责任,不负责任,1,豫KY8594,黑,1,贵HCC246,黄,-1,-1,-1,-1,-1,-1,57786423593 ,366246000000000000 ,65185,197311,11,3,5,工作日,非高峰,2015-05-21,2015年5月21日,阴 /阵雨,24℃ / 16℃,东风 ≤3级 /东风 ≤3级,阴,阵雨,24,16,东风,≤3级,东风,≤3级,day
2015-05-21 12:00:00,状元街,7、未按规定让行的 ,负全部责任,不负责任,1,贵A48R37,白色,1,贵AU7951,白色,-1,520125,-1,2009/4/27 0:00,雅阁牌,奇瑞牌,366876000000000000 ,75560500000000000 ,199305,198706,12,3,5,工作日,非高峰,2015-05-21,2015年5月21日,阴 /阵雨,24℃ / 16℃,东风 ≤3级 /东风 ≤3级,阴,阵雨,24,16,东风,≤3级,东风,≤3级,day
2015-05-21 14:00:00,西南环线,7、未按规定让行的 ,负全部责任,不负责任,1,贵AGZ902,白色,1,贵A44G53,白色,-1,蓝天驾校,-1,2011/7/28 0:00,福田牌,东风日产牌,36455700000000000 ,364548000000000000 ,197103,197306,14,3,5,工作日,非高峰,2015-05-21,2015年5月21日,阴 /阵雨,24℃ / 16℃,东风 ≤3级 /东风 ≤3级,阴,阵雨,24,16,东风,≤3级,东风,≤3级,day
2015-05-21 14:00:00,南明区,7、未按规定让行的 ,负全部责任,不负责任,1,贵A464J5,白色,1,贵AWY525,白色,自培,520103,-1,2009/9/10 0:00,福田牌,红旗牌,07406651924764893X,366269000000000000 ,198603,196901,14,3,5,工作日,非高峰,2015-05-21,2015年5月21日,阴 /阵雨,24℃ / 16℃,东风 ≤3级 /东风 ≤3级,阴,阵雨,24,16,东风,≤3级,东风,≤3级,day
2015-05-21 16:00:00,嘉润路,7、未按规定让行的 ,负全部责任,不负责任,1,贵CHC398,白色,1,渝AS7836,白色,-1,黔南州兴鑫驾驶员培训学校,-1,-1,-1,新鸽牌,366566000000000000 ,366861000000000000 ,198207,198009,16,3,5,工作日,非高峰,2015-05-21,2015年5月21日,阴 /阵雨,24℃ / 16℃,东风 ≤3级 /东风 ≤3级,阴,阵雨,24,16,东风,≤3级,东风,≤3级,day
2015-05-21 14:00:00,会展城,7、未按规定让行的 ,负全部责任,不负责任,1,贵JW1831,红,1,贵AB005K,黑,阳光驾校,-1,2014/10/8 0:00,-1,-1,北京现代牌,366068000000000000 ,364548000000000000 ,198603,198203,14,3,5,工作日,非高峰,2015-05-21,2015年5月21日,阴 /阵雨,24℃ / 16℃,东风 ≤3级 /东风 ≤3级,阴,阵雨,24,16,东风,≤3级,东风,≤3级,day
2015-05-21 11:00:00,观水路,7、未按规定让行的 ,负全部责任,不负责任,1,贵ACP678,白色,1,贵AX6119,白色,自培,未定义,2000/4/30 0:00,2014/11/20 0:00,晶锐牌,马自达(MAZDA)牌,364557000000000000 ,364548000000000000 ,198007,198604,11,3,5,工作日,非高峰,2015-05-21,2015年5月21日,阴 /阵雨,24℃ / 16℃,东风 ≤3级 /东风 ≤3级,阴,阵雨,24,16,东风,≤3级,东风,≤3级,day
2015-05-21 11:50:00,新添大道,1、追尾的,负全部责任,不负责任,1,贵AF8829,黑,1,贵JR1037,蓝,自培,全林驾校,2004/9/23 0:00,2014/3/19 0:00,豪爵牌,-1,364547000000000000 ,366367000000000000 ,196405,197909,11,3,5,工作日,非高峰,2015-05-21,2015年5月21日,阴 /阵雨,24℃ / 16℃,东风 ≤3级 /东风 ≤3级,阴,阵雨,24,16,东风,≤3级,东风,≤3级,day
2015-05-21 14:00:00,花溪,7、未按规定让行的 ,负全部责任,不负责任,1,贵AC846T,白色,1,贵FL8559,白色,自培,新华驾校,2006/11/10 0:00,2010/4/21 0:00,蒙迪欧牌,-1,366068000000000000 ,366064000000000000 ,198206,198105,14,3,5,工作日,非高峰,2015-05-21,2015年5月21日,阴 /阵雨,24℃ / 16℃,东风 ≤3级 /东风 ≤3级,阴,阵雨,24,16,东风,≤3级,东风,≤3级,day
2015-05-21 14:00:00,花溪大道,8、依法应负全责的其他情形,负全部责任,不负责任,1,贵ACM047,白色,1,贵A6BB74,白色,自培,青正驾校,2001/8/16 0:00,2013/7/24 0:00,-1,雅阁牌,364547000000000000 ,366068000000000000 ,196905,199404,14,3,5,工作日,非高峰,2015-05-21,2015年5月21日,阴 /阵雨,24℃ / 16℃,东风 ≤3级 /东风 ≤3级,阴,阵雨,24,16,东风,≤3级,东风,≤3级,day
2015-05-21 10:00:00,空招,1、追尾的,负全部责任,不负责任,1,贵A0AM24,白色,1,贵AA4433,白色,十一驾驶培训有限公司,十一培,2011/10/24 0:00,1992/6/9 0:00,昊锐牌,长洪,366363000000000000 ,364548000000000000 ,198208,197203,10,3,5,工作日,非高峰,2015-05-21,2015年5月21日,阴 /阵雨,24℃ / 16℃,东风 ≤3级 /东风 ≤3级,阴,阵雨,24,16,东风,≤3级,东风,≤3级,day
2015-05-21 08:25:00,沙河街,7、未按规定让行的 ,负全部责任,不负责任,1,贵A8BP76,白,1,贵A16A75,黑,520132,十一培,2009/11/27 0:00,1995/9/10 0:00,宝马牌,雪佛兰牌,77426551954355067X,366846000000000000 ,198105,197702,8,3,5,工作日,早高峰(7-9点),2015-05-21,2015年5月21日,阴 /阵雨,24℃ / 16℃,东风 ≤3级 /东风 ≤3级,阴,阵雨,24,16,东风,≤3级,东风,≤3级,day
2015-05-21 11:00:00,油榨街,1、追尾的,负全部责任,不负责任,1,贵A0BN36,白色,1,贵A7CE24,白色,新天驾校,十一培,2014/2/11 0:00,1993/7/21 0:00,福特牌,克莱斯勒牌,364557000000000000 ,36454651804243525X,197804,197406,11,3,5,工作日,非高峰,2015-05-21,2015年5月21日,阴 /阵雨,24℃ / 16℃,东风 ≤3级 /东风 ≤3级,阴,阵雨,24,16,东风,≤3级,东风,≤3级,day
2015-05-21 12:00:00,西南环线,9、不符合前8款规定或者双方同时具有上述情形的,负同等责任,负同等责任,1,贵FL6114,白色,1,贵A42B49,白色,鑫鑫驾校,十一培,2012/7/16 0:00,1994/8/28 0:00,-1,东风牌,366046000000000000 ,364548000000000000 ,198002,196311,12,3,5,工作日,非高峰,2015-05-21,2015年5月21日,阴 /阵雨,24℃ / 16℃,东风 ≤3级 /东风 ≤3级,阴,阵雨,24,16,东风,≤3级,东风,≤3级,day
2015-05-21 11:05:00,金龙星岛国际,8、依法应负全责的其他情形,负全部责任,不负责任,1,贵AKC826,白,1,贵ACY162,红,自培,十一培,2004/10/28 0:00,1991/2/10 0:00,丰田牌,-1,364547000000000000 ,364548000000000000 ,197612,195002,11,3,5,工作日,非高峰,2015-05-21,2015年5月21日,阴 /阵雨,24℃ / 16℃,东风 ≤3级 /东风 ≤3级,阴,阵雨,24,16,东风,≤3级,东风,≤3级,day
2015-05-21 09:30:00,粑粑坳,7、未按规定让行的 ,负全部责任,不负责任,1,贵ACE546,白,1,贵ASX544,蓝,-1,自培,-1,2002/9/13 0:00,解放牌,马自达牌,364546000000000 ,364558000000000000 ,690215,197006,9,3,5,工作日,早高峰(7-9点),2015-05-21,2015年5月21日,阴 /阵雨,24℃ / 16℃,东风 ≤3级 /东风 ≤3级,阴,阵雨,24,16,东风,≤3级,东风,≤3级,day
2015-05-21 08:00:00,育才路,1、追尾的,负全部责任,不负责任,1,贵A1268P,黑,1,贵A8H268,白,贵州贵龙驾校,自培,2014/7/18 0:00,2006/7/17 0:00,比亚迪牌,-1,366861000000000000 ,364548000000000000 ,197601,197501,8,3,5,工作日,早高峰(7-9点),2015-05-21,2015年5月21日,阴 /阵雨,24℃ / 16℃,东风 ≤3级 /东风 ≤3级,阴,阵雨,24,16,东风,≤3级,东风,≤3级,day
2015-05-21 14:00:00,万科,7、未按规定让行的 ,负全部责任,不负责任,1,贵AGL962,白色,1,贵A23G87,白色,-1,自培,-1,2004/4/11 0:00,捷达,奥迪,364644000000 ,364556000000000000 ,401614,197307,14,3,5,工作日,非高峰,2015-05-21,2015年5月21日,阴 /阵雨,24℃ / 16℃,东风 ≤3级 /东风 ≤3级,阴,阵雨,24,16,东风,≤3级,东风,≤3级,day
2015-05-21 13:00:00,二戈寨,8、依法应负全责的其他情形,负全部责任,不负责任,1,贵A4CE30,白色,1,贵GGA263,白色,自培,自培,2004/11/17 0:00,2012/8/13 0:00,宝马牌,-1,364547000000000000 ,36455551984147777X,198411,198709,13,3,5,工作日,非高峰,2015-05-21,2015年5月21日,阴 /阵雨,24℃ / 16℃,东风 ≤3级 /东风 ≤3级,阴,阵雨,24,16,东风,≤3级,东风,≤3级,day
2015-05-21 09:00:00,小河三江口,3、倒车的,负全部责任,不负责任,1,贵A31S45,白色,1,贵ATA766,白色,自培,自培,2004/6/17 0:00,2005/11/3 0:00,江淮牌,红旗牌,366576000000000000 ,364548000000000000 ,198408,198206,9,3,5,工作日,早高峰(7-9点),2015-05-21,2015年5月21日,阴 /阵雨,24℃ / 16℃,东风 ≤3级 /东风 ≤3级,阴,阵雨,24,16,东风,≤3级,东风,≤3级,day
2015-05-21 17:00:00,花溪,1、追尾的,负全部责任,不负责任,1,贵AC211S,白色,1,贵CD7437,白色,-1,新天驾校,-1,2014/7/20 0:00,别克牌,-1,36455600000000000 ,366566000000000000 ,197611,199310,17,3,5,工作日,晚高峰(17-19点),2015-05-21,2015年5月21日,阴 /阵雨,24℃ / 16℃,东风 ≤3级 /东风 ≤3级,阴,阵雨,24,16,东风,≤3级,东风,≤3级,day
2015-05-21 17:11:00,宾阳大道,7、未按规定让行的 ,负全部责任,不负责任,1,贵A928B3,白,1,贵A2U576,白,-1,全林驾校,-1,2013/2/1 0:00,解放牌,-1,74066500000000000 ,364547000000000000 ,197909,199012,17,3,5,工作日,晚高峰(17-19点),2015-05-21,2015年5月21日,阴 /阵雨,24℃ / 16℃,东风 ≤3级 /东风 ≤3级,阴,阵雨,24,16,东风,≤3级,东风,≤3级,day
2015-05-21 17:00:00,田园里,7、未按规定让行的 ,负全部责任,不负责任,1,贵A21Y64,白色,1,贵A39222,白色,现代驾校（南明区）,自培,2015/4/14 0:00,2004/9/23 0:00,福克斯牌,福田牌,366068000000000000 ,364556000000000000 ,197510,198203,17,3,5,工作日,晚高峰(17-19点),2015-05-21,2015年5月21日,阴 /阵雨,24℃ / 16℃,东风 ≤3级 /东风 ≤3级,阴,阵雨,24,16,东风,≤3级,东风,≤3级,day
2015-05-21 16:00:00,西南商贸城,8、依法应负全责的其他情形,负全部责任,不负责任,0,贵DCR416,红,1,贵A6M385,白,高新驾校,（花溪区）高新十七驾驶培训有限公司,2014/2/10 0:00,2012/1/4 0:00,-1,-1,366664000000000000 ,366061000000000000 ,199211,198404,16,3,5,工作日,非高峰,2015-05-21,2015年5月21日,阴 /阵雨,24℃ / 16℃,东风 ≤3级 /东风 ≤3级,阴,阵雨,24,16,东风,≤3级,东风,≤3级,day
2015-05-21 18:00:00,神奇路,7、未按规定让行的 ,负全部责任,不负责任,1,贵GAA038,白色,1,贵AU7272,白色,长安驾校（南明区）,消防驾校,2015/3/11 0:00,1999/1/7 0:00,-1,宗申牌,355468000000000000 ,364547000000000000 ,198508,197509,18,3,5,工作日,晚高峰(17-19点),2015-05-21,2015年5月21日,阴 /阵雨,24℃ / 16℃,东风 ≤3级 /东风 ≤3级,阴,阵雨,24,16,东风,≤3级,东风,≤3级,day
2015-05-21 22:00:00,轮胎厂,8、依法应负全责的其他情形,负全部责任,不负责任,1,贵EF1491,白,1,贵A4BS97,黑,-1,阳光驾校,-1,2012/7/11 0:00,-1,丰田牌,366370000000000000 ,364557000000000000 ,198409,197106,22,3,5,工作日,非高峰,2015-05-21,2015年5月21日,阴 /阵雨,24℃ / 16℃,东风 ≤3级 /东风 ≤3级,阴,阵雨,24,16,东风,≤3级,东风,≤3级,night
2015-05-22 03:50:00,二桥,7、未按规定让行的 ,负全部责任,不负责任,1,贵AV6996,白,1,贵HAZ366,黑,-1,全林驾校,-1,2011/9/29 0:00,迅龙牌,-1,364547000000000000 ,364596000000000000 ,196009,198806,3,4,5,工作日,非高峰,2015-05-22,2015年5月22日,阵雨 /阵雨,19℃ / 14℃,东风 ≤3级 /东风 ≤3级,阵雨,阵雨,19,14,东风,≤3级,东风,≤3级,night
2015-05-22 06:52:00,蛮破,1、追尾的,负全部责任,不负责任,1,贵JBA785,红,1,贵AV6684,黄,吉源驾校（南明区）,时发驾校,2015/5/4 0:00,2010/5/25 0:00,-1,宗申牌,366877000000000000 ,364557000000000000 ,199007,198602,6,4,5,工作日,非高峰,2015-05-22,2015年5月22日,阵雨 /阵雨,19℃ / 14℃,东风 ≤3级 /东风 ≤3级,阵雨,阵雨,19,14,东风,≤3级,东风,≤3级,day