accidenttime,accidentaddr,driver1fault,driver1responsibility,driver2responsibility,sex1,platenumber1,carcolor1,sex2,platenumber2,carcolor2,jxmc1,jxmc2,cclzrq1,cclzrq2,clpp1,clpp2,driver1license,driver2license,brith1,brith2,hour,weekday,month,is_weekday,peak_hour,date,日期,天气状况,气温,风力风向,day_wea,night_wea,day_tep,night_tep,day_wind_direction,day_wind_speed,night_wind_direction,night_wind_speed,segment
2015-05-21 19:00:00,新建路,1、追尾的,负全部责任,不负责任,1,贵A6BL99,白,1,贵AV5977,绿,-1,顺一驾驶培训学校,-1,2010/4/30 0:00,一汽佳星牌,解放牌,774266000000000000 ,364596000000000000 ,199111,198606,19,3,5,工作日,晚高峰(17-19点),2015-05-21,2015年5月21日,阴 /阵雨,24℃ / 16℃,东风 ≤3级 /东风 ≤3级,阴,阵雨,24,16,东风,≤3级,东风,≤3级,day
2015-05-21 16:11:00,中坝,3、倒车的,负全部责任,不负责任,0,贵ACF887,黄,1,贵AB696C,红,自培,时发驾校,2006/6/19 0:00,2008/7/31 0:00,荣威牌,吉利美日牌,364558000000000000 ,366347000000000000 ,196401,197010,16,3,5,工作日,非高峰,2015-05-21,2015年5月21日,阴 /阵雨,24℃ / 16℃,东风 ≤3级 /东风 ≤3级,阴,阵雨,24,16,东风,≤3级,东风,≤3级,day
2015-05-21 17:00:00,贵大,7、未按规定让行的 ,负全部责任,不负责任,1,贵A24C67,白色,1,贵A47B52,白色,自培,鑫鑫驾校,2004/9/9 0:00,2015/2/5 0:00,大众牌,高尔夫牌,364556000000000000 ,366546000000000000 ,196305,198608,17,3,5,工作日,晚高峰(17-19点),2015-05-21,2015年5月21日,阴 /阵雨,24℃ / 16℃,东风 ≤3级 /东风 ≤3级,阴,阵雨,24,16,东风,≤3级,东风,≤3级,day
2015-05-21 14:15:00,贵大,7、未按规定让行的 ,负全部责任,不负责任,1,贵A02652,黑,1,贵F61791,黑,自培,全林驾校,2000/11/23 0:00,2006/9/26 0:00,福田牌,-1,364547000000000000 ,364566000000000000 ,196406,198606,14,3,5,工作日,非高峰,2015-05-21,2015年5月21日,阴 /阵雨,24℃ / 16℃,东风 ≤3级 /东风 ≤3级,阴,阵雨,24,16,东风,≤3级,东风,≤3级,day
2015-05-21 16:00:00,大营坡,7、未按规定让行的 ,负全部责任,不负责任,1,贵HX9932,白,1,贵GAD522,白,自培,吉源驾校,2008/7/30 0:00,2014/12/3 0:00,-1,-1,364567000000000000 ,376175000000000000 ,198511,198206,16,3,5,工作日,非高峰,2015-05-21,2015年5月21日,阴 /阵雨,24℃ / 16℃,东风 ≤3级 /东风 ≤3级,阴,阵雨,24,16,东风,≤3级,东风,≤3级,day
2015-05-21 18:00:00,小河,7、未按规定让行的 ,负全部责任,不负责任,1,贵AB0176,白色,1,贵AAN132,白色,-1,十一培,-1,1998/11/12 0:00,云雀牌,马自达牌,366170000000000000 ,364556000000000000 ,198310,197907,18,3,5,工作日,晚高峰(17-19点),2015-05-21,2015年5月21日,阴 /阵雨,24℃ / 16℃,东风 ≤3级 /东风 ≤3级,阴,阵雨,24,16,东风,≤3级,东风,≤3级,day
2015-05-21 14:21:00,和平路,1、追尾的,负全部责任,不负责任,0,贵AMH782,红,1,渝AO2275,黑,-1,自培,1977/12/22 0:00,2004/10/29 0:00,东风标致牌,-1,364548000000000000 ,364548000000000000 ,195312,198608,14,3,5,工作日,非高峰,2015-05-21,2015年5月21日,阴 /阵雨,24℃ / 16℃,东风 ≤3级 /东风 ≤3级,阴,阵雨,24,16,东风,≤3级,东风,≤3级,day
2015-05-21 16:00:00,四方河路,1、追尾的,负全部责任,不负责任,1,贵A251D3,白色,1,贵A04548,白色,毕节地区黔中汽车(摩托车)驾驶培训学校,自培,2011/8/17 0:00,2003/7/24 0:00,昌河牌,华星,366067000000000000 ,366061000000000000 ,197709,197912,16,3,5,工作日,非高峰,2015-05-21,2015年5月21日,阴 /阵雨,24℃ / 16℃,东风 ≤3级 /东风 ≤3级,阴,阵雨,24,16,东风,≤3级,东风,≤3级,day
2015-05-21 15:00:00,遵义路,7、未按规定让行的 ,负全部责任,不负责任,1,贵AHK162,白色,1,贵AX9305,白色,青正驾校（清镇市）,自培,2015/3/11 0:00,2002/9/16 0:00,朗逸牌,长安牌,366862000000000000 ,364547000000000000 ,198408,197403,15,3,5,工作日,非高峰,2015-05-21,2015年5月21日,阴 /阵雨,24℃ / 16℃,东风 ≤3级 /东风 ≤3级,阴,阵雨,24,16,东风,≤3级,东风,≤3级,day
2015-05-21 14:00:00,花溪大道,7、未按规定让行的 ,负全部责任,不负责任,1,贵FV0688,白色,1,贵A6557Z,白色,自培,自培,2015/3/30 0:00,2006/8/4 0:00,-1,-1,354767000000000000 ,364548000000000000 ,199104,197505,14,3,5,工作日,非高峰,2015-05-21,2015年5月21日,阴 /阵雨,24℃ / 16℃,东风 ≤3级 /东风 ≤3级,阴,阵雨,24,16,东风,≤3级,东风,≤3级,day
2015-05-21 16:00:00,沙冲中路,7、未按规定让行的 ,负全部责任,不负责任,1,贵AU5569,白色,1,贵A9BX87,白色,自培,自培,2002/6/3 0:00,2008/1/29 0:00,金福牌,东风标致牌,364547000000000000 ,704963000000000000 ,196307,198009,16,3,5,工作日,非高峰,2015-05-21,2015年5月21日,阴 /阵雨,24℃ / 16℃,东风 ≤3级 /东风 ≤3级,阴,阵雨,24,16,东风,≤3级,东风,≤3级,day
2015-05-22 07:40:00,蟠桃宫,7、未按规定让行的 ,负全部责任,不负责任,1,贵CNW861,红,0,贵A71E58,黑,全林驾校,520102,2001/11/15 0:00,2009/9/4 0:00,-1,风神牌,366566000000000000 ,376363000000000000 ,197409,197704,7,4,5,工作日,早高峰(7-9点),2015-05-22,2015年5月22日,阵雨 /阵雨,19℃ / 14℃,东风 ≤3级 /东风 ≤3级,阵雨,阵雨,19,14,东风,≤3级,东风,≤3级,day
2015-05-21 20:00:00,清溪路,7、未按规定让行的 ,负全部责任,不负责任,1,贵AB531P,白色,1,贵GY1056,白色,贵州现代驾驶培训责任有限公司,顺一驾驶培训学校,2013/8/13 0:00,2010/9/29 0:00,五菱牌,-1,364556000000000000 ,364548000000000000 ,199104,198801,20,3,5,工作日,非高峰,2015-05-21,2015年5月21日,阴 /阵雨,24℃ / 16℃,东风 ≤3级 /东风 ≤3级,阴,阵雨,24,16,东风,≤3级,东风,≤3级,night
2015-05-22 04:30:00,狮峰路,7、未按规定让行的 ,负全部责任,不负责任,1,贵AOC137,黑,1,贵A76K96,白,全林驾校,全林驾校,2014/12/16 0:00,2012/4/17 0:00,-1,比亚迪牌,36454751224848325X,364547000000000000 ,196607,199107,4,4,5,工作日,非高峰,2015-05-22,2015年5月22日,阵雨 /阵雨,19℃ / 14℃,东风 ≤3级 /东风 ≤3级,阵雨,阵雨,19,14,东风,≤3级,东风,≤3级,night
2015-05-22 08:30:00,蔡家关,3、倒车的,负全部责任,不负责任,1,贵A3807H,白,1,湘N5H356,黑,-1,-1,-1,-1,-1,-1,366068000000000000 ,75665500000000000 ,198101,198501,8,4,5,工作日,早高峰(7-9点),2015-05-22,2015年5月22日,阵雨 /阵雨,19℃ / 14℃,东风 ≤3级 /东风 ≤3级,阵雨,阵雨,19,14,东风,≤3级,东风,≤3级,day
2015-05-22 08:39:00,观山东路,1、追尾的,负全部责任,不负责任,1,贵JN648,白,0,贵HBB781,白,-1,市警校驾校,-1,2013/7/11 0:00,-1,-1,366876000000000000 ,36454651994250706X,197009,198806,8,4,5,工作日,早高峰(7-9点),2015-05-22,2015年5月22日,阵雨 /阵雨,19℃ / 14℃,东风 ≤3级 /东风 ≤3级,阵雨,阵雨,19,14,东风,≤3级,东风,≤3级,day
2015-05-22 10:15:00,阳关,1、追尾的,负全部责任,不负责任,1,贵AVA441,白,1,贵AA6126,蓝,自培,智杰驾校,2001/12/6 0:00,2014/7/19 0:00,雪佛兰牌,五菱,36455751944248565X,364568000000000000 ,198006,198607,10,4,5,工作日,非高峰,2015-05-22,2015年5月22日,阵雨 /阵雨,19℃ / 14℃,东风 ≤3级 /东风 ≤3级,阵雨,阵雨,19,14,东风,≤3级,东风,≤3级,day
2015-05-22 09:00:00,东二环,3、倒车的,负全部责任,不负责任,1,贵AMF737,蓝,1,贵CKE175,蓝,毕节地区黔中汽车(摩托车)驾驶培训学校,十一驾驶培训有限公司,-1,2011/1/4 0:00,五菱牌,-1,366068000000000000 ,355468000000000000 ,199005,199112,9,4,5,工作日,早高峰(7-9点),2015-05-22,2015年5月22日,阵雨 /阵雨,19℃ / 14℃,东风 ≤3级 /东风 ≤3级,阵雨,阵雨,19,14,东风,≤3级,东风,≤3级,day
2015-05-22 09:20:00,会展中心,8、依法应负全责的其他情形,负全部责任,不负责任,1,湘KCF469,黑,1,贵AA985X,黄,贵阳学院汽车驾驶培训,青正驾校,2014/12/2 0:00,2014/6/26 0:00,-1,比亚迪牌,76347500000000000 ,364568000000000000 ,198707,199001,9,4,5,工作日,早高峰(7-9点),2015-05-22,2015年5月22日,阵雨 /阵雨,19℃ / 14℃,东风 ≤3级 /东风 ≤3级,阵雨,阵雨,19,14,东风,≤3级,东风,≤3级,day
2015-05-22 10:00:00,阳关,3、倒车的,负全部责任,不负责任,1,贵A1CA68,白,1,贵A9145E,黑,消防驾校,自培,2005/6/17 0:00,2000/1/10 0:00,宝马牌,解放牌,364557000000000000 ,364557000000000000 ,198704,197005,10,4,5,工作日,非高峰,2015-05-22,2015年5月22日,阵雨 /阵雨,19℃ / 14℃,东风 ≤3级 /东风 ≤3级,阵雨,阵雨,19,14,东风,≤3级,东风,≤3级,day
2015-05-22 02:30:00,云潭大桥,8、依法应负全责的其他情形,负全部责任,不负责任,1,贵A22070,红,1,贵AMB227,黑,自培,大方县龙飞汽车(摩托车)驾驶培训学校,2013/3/7 0:00,2000/5/17 0:00,五菱牌,朗逸牌,366368000000000000 ,36454651824560265X,196704,197601,2,4,5,工作日,非高峰,2015-05-22,2015年5月22日,阵雨 /阵雨,19℃ / 14℃,东风 ≤3级 /东风 ≤3级,阵雨,阵雨,19,14,东风,≤3级,东风,≤3级,night
2015-05-21 23:00:00,东站,8、依法应负全责的其他情形,负全部责任,不负责任,1,贵A2433S,白色,1,贵AAR958,白色,自培,-1,2006/7/13 0:00,-1,长安牌,黄海牌,364548000000000000 ,364555000000000 ,197909,680815,23,3,5,工作日,非高峰,2015-05-21,2015年5月21日,阴 /阵雨,24℃ / 16℃,东风 ≤3级 /东风 ≤3级,阴,阵雨,24,16,东风,≤3级,东风,≤3级,night
2015-05-22 06:00:00,宾阳大道,8、依法应负全责的其他情形,负全部责任,不负责任,1,浙D611DM,黑,1,贵AA881C,蓝,自培,-1,2013/8/24 0:00,-1,-1,五菱牌,774247000000000000 ,364596000000000000 ,199012,199210,6,4,5,工作日,非高峰,2015-05-22,2015年5月22日,阵雨 /阵雨,19℃ / 14℃,东风 ≤3级 /东风 ≤3级,阵雨,阵雨,19,14,东风,≤3级,东风,≤3级,day
2015-05-22 08:00:00,八一水库,7、未按规定让行的 ,负全部责任,不负责任,1,云AD8314,白色,1,贵ABM618,白色,自培,-1,2012/8/24 0:00,-1,长安,-1,344605000000000000 ,366369000000000000 ,198611,198510,8,4,5,工作日,早高峰(7-9点),2015-05-22,2015年5月22日,阵雨 /阵雨,19℃ / 14℃,东风 ≤3级 /东风 ≤3级,阵雨,阵雨,19,14,东风,≤3级,东风,≤3级,day
2015-05-21 22:00:00,中华路,7、未按规定让行的 ,负全部责任,不负责任,1,贵A17N27,白色,1,贵AU6917,白色,贵阳金马驾驶培训有限公司,十一培,2012/7/4 0:00,1990/7/16 0:00,奥德赛牌,捷达牌,364547000000000000 ,364547000000000000 ,199003,197104,22,3,5,工作日,非高峰,2015-05-21,2015年5月21日,阴 /阵雨,24℃ / 16℃,东风 ≤3级 /东风 ≤3级,阴,阵雨,24,16,东风,≤3级,东风,≤3级,night
2015-05-22 10:01:00,黄花街,3、倒车的,负全部责任,不负责任,1,贵ACJ336,白,1,贵AR5326,白,（南明区）阳光驾驶培训有限公司,十一培,2008/1/9 0:00,1996/10/30 0:00,传祺牌,金杯牌,366346000000000000 ,366576000000000000 ,197411,196007,10,4,5,工作日,非高峰,2015-05-22,2015年5月22日,阵雨 /阵雨,19℃ / 14℃,东风 ≤3级 /东风 ≤3级,阵雨,阵雨,19,14,东风,≤3级,东风,≤3级,day
2015-05-22 04:30:00,金阳,1、追尾的,负全部责任,不负责任,1,贵A41G95,黑,1,贵A22N87,黑,（云岩区）省交通职业技术驾驶培训学校,自培,2007/9/27 0:00,2006/7/6 0:00,福克斯牌,森林人越野车,364548000000000000 ,364558000000000000 ,198603,198708,4,4,5,工作日,非高峰,2015-05-22,2015年5月22日,阵雨 /阵雨,19℃ / 14℃,东风 ≤3级 /东风 ≤3级,阵雨,阵雨,19,14,东风,≤3级,东风,≤3级,night
2015-05-22 08:00:00,富水北路,7、未按规定让行的 ,负全部责任,不负责任,1,贵AU5763,绿,1,贵A64N49,黄,吉源驾校（南明区）,自培,2005/3/2 0:00,2004/4/7 0:00,捷达牌,宝马,366367000000000000 ,364547000000000000 ,197810,197312,8,4,5,工作日,早高峰(7-9点),2015-05-22,2015年5月22日,阵雨 /阵雨,19℃ / 14℃,东风 ≤3级 /东风 ≤3级,阵雨,阵雨,19,14,东风,≤3级,东风,≤3级,day
2015-05-22 10:00:00,鸿通城,8、依法应负全责的其他情形,负全部责任,不负责任,1,贵AU4129,白色,1,贵A021C1,白色,-1,自培,-1,2006/4/27 0:00,嘉陵牌,福田牌,354364000000000000 ,357268000000000000 ,197709,198308,10,4,5,工作日,非高峰,2015-05-22,2015年5月22日,阵雨 /阵雨,19℃ / 14℃,东风 ≤3级 /东风 ≤3级,阵雨,阵雨,19,14,东风,≤3级,东风,≤3级,day
2015-05-22 09:00:00,小河珠江路,7、未按规定让行的 ,负全部责任,不负责任,1,贵ADC385,白色,1,贵A23E23,白色,（经开区）十一驾驶培训有限公司,自培,2005/1/28 0:00,2001/5/25 0:00,奇瑞牌,帝豪牌,354677000000000000 ,364547000000000000 ,196411,195410,9,4,5,工作日,早高峰(7-9点),2015-05-22,2015年5月22日,阵雨 /阵雨,19℃ / 14℃,东风 ≤3级 /东风 ≤3级,阵雨,阵雨,19,14,东风,≤3级,东风,≤3级,day
2015-05-22 10:00:00,钟坡西路,8、依法应负全责的其他情形,负全部责任,不负责任,0,贵AJ7804,白,1,贵A33Y76,红,诚信驾驶培训学校,自培,2014/10/23 0:00,2004/3/30 0:00,飞肯牌,比亚迪牌,364547000000000000 ,36455651825659445X,197209,197612,10,4,5,工作日,非高峰,2015-05-22,2015年5月22日,阵雨 /阵雨,19℃ / 14℃,东风 ≤3级 /东风 ≤3级,阵雨,阵雨,19,14,东风,≤3级,东风,≤3级,day
2015-05-22 10:00:00,温泉路,1、追尾的,负全部责任,不负责任,1,贵A44S69,白,1,贵D71547,红,新天驾校,金筑驾校,2010/12/29 0:00,2008/6/11 0:00,丰田牌,-1,366068000000000000 ,366662000000000000 ,198501,198302,10,4,5,工作日,非高峰,2015-05-22,2015年5月22日,阵雨 /阵雨,19℃ / 14℃,东风 ≤3级 /东风 ≤3级,阵雨,阵雨,19,14,东风,≤3级,东风,≤3级,day
2015-05-22 11:03:00,三桥,1、追尾的,负全部责任,不负责任,1,贵ABB39,红,1,贵AE7419,白,-1,-1,-1,-1,-1,力帆牌,36626400000000000 ,354166000000000000 ,197412,196410,11,4,5,工作日,非高峰,2015-05-22,2015年5月22日,阵雨 /阵雨,19℃ / 14℃,东风 ≤3级 /东风 ≤3级,阵雨,阵雨,19,14,东风,≤3级,东风,≤3级,day
2015-05-22 11:35:00,十二滩,7、未按规定让行的 ,负全部责任,不负责任,1,贵A87J53,白,1,贵A64N83,红,-1,消防驾校,-1,2011/11/28 0:00,海马牌,五菱牌,57761246429 ,364596000000000000 ,2068,199211,11,4,5,工作日,非高峰,2015-05-22,2015年5月22日,阵雨 /阵雨,19℃ / 14℃,东风 ≤3级 /东风 ≤3级,阵雨,阵雨,19,14,东风,≤3级,东风,≤3级,day
2015-05-22 11:35:00,建筑设计院,8、依法应负全责的其他情形,负全部责任,不负责任,1,贵JBK199,白,1,贵GN1136,黑,-1,人武驾校,-1,2012/9/26 0:00,-1,-1,664247000000000000 ,366264000000000000 ,198711,198810,11,4,5,工作日,非高峰,2015-05-22,2015年5月22日,阵雨 /阵雨,19℃ / 14℃,东风 ≤3级 /东风 ≤3级,阵雨,阵雨,19,14,东风,≤3级,东风,≤3级,day
2015-05-22 12:15:00,武警部队一支队,7、未按规定让行的 ,负全部责任,不负责任,1,贵A3411V,红,1,贵AC455T,红,-1,520103,-1,2009/9/7 0:00,金杯牌,奇瑞牌,366067000000000000 ,366368000000000000 ,196403,198111,12,4,5,工作日,非高峰,2015-05-22,2015年5月22日,阵雨 /阵雨,19℃ / 14℃,东风 ≤3级 /东风 ≤3级,阵雨,阵雨,19,14,东风,≤3级,东风,≤3级,day
2015-05-22 11:56:00,金阳新世界,7、未按规定让行的 ,负全部责任,不负责任,1,贵AVC258,绿,1,贵AA2999,白,（花溪区）高新十七驾驶培训有限公司,省交校,2009/5/15 0:00,2013/10/25 0:00,长安牌,本田牌,366664000000000000 ,366361000000000000 ,198103,198006,11,4,5,工作日,非高峰,2015-05-22,2015年5月22日,阵雨 /阵雨,19℃ / 14℃,东风 ≤3级 /东风 ≤3级,阵雨,阵雨,19,14,东风,≤3级,东风,≤3级,day
2015-05-22 12:05:00,西南家具城,7、未按规定让行的 ,负全部责任,不负责任,1,贵A16V75,红,1,贵A727C4,黄,消防驾校,文通驾校,2010/6/29 0:00,2012/5/8 0:00,北京现代牌,南骏牌,366068000000000000 ,364557000000000000 ,197909,199308,12,4,5,工作日,非高峰,2015-05-22,2015年5月22日,阵雨 /阵雨,19℃ / 14℃,东风 ≤3级 /东风 ≤3级,阵雨,阵雨,19,14,东风,≤3级,东风,≤3级,day
2015-05-22 12:00:00,小河,7、未按规定让行的 ,负全部责任,不负责任,1,贵FS4095,白色,1,贵AD7650,白色,-1,青正驾校,-1,2012/11/2 0:00,-1,东风雪铁龙,366068000000000000 ,364547000000000000 ,197803,196801,12,4,5,工作日,非高峰,2015-05-22,2015年5月22日,阵雨 /阵雨,19℃ / 14℃,东风 ≤3级 /东风 ≤3级,阵雨,阵雨,19,14,东风,≤3级,东风,≤3级,day
2015-05-22 12:00:00,新添大道,7、未按规定让行的 ,负全部责任,不负责任,1,贵A3097K,黑,1,渝A6N093,白,铜仁隆达驾驶培训学校有限责任公司,-1,2011/1/25 0:00,-1,解放牌,-1,366663000000000000 ,344544000000000000 ,196710,198808,12,4,5,工作日,非高峰,2015-05-22,2015年5月22日,阵雨 /阵雨,19℃ / 14℃,东风 ≤3级 /东风 ≤3级,阵雨,阵雨,19,14,东风,≤3级,东风,≤3级,day
2015-05-22 11:45:00,世纪城,7、未按规定让行的 ,负全部责任,不负责任,1,贵A5402X,蓝,1,贵GP4511,黑,-1,铜仁地区锦宏咨询服务有限公司驾驶培训学校,-1,2010/2/2 0:00,五菱牌,-1,366363000000000000 ,366063000000000000 ,197802,198209,11,4,5,工作日,非高峰,2015-05-22,2015年5月22日,阵雨 /阵雨,19℃ / 14℃,东风 ≤3级 /东风 ≤3级,阵雨,阵雨,19,14,东风,≤3级,东风,≤3级,day
2015-05-22 13:00:00,火焰山洞口,1、追尾的,负全部责任,不负责任,1,贵A286G7,黄,1,贵AC288J,黑,-1,自培,-1,2013/3/5 0:00,江淮牌,长安牌,366567000000000000 ,364557000000000000 ,197212,199407,13,4,5,工作日,非高峰,2015-05-22,2015年5月22日,阵雨 /阵雨,19℃ / 14℃,东风 ≤3级 /东风 ≤3级,阵雨,阵雨,19,14,东风,≤3级,东风,≤3级,day
2015-05-22 09:00:00,头桥,7、未按规定让行的 ,负全部责任,不负责任,1,贵ARJ074,红,1,贵FX1926,黑,自培,-1,2002/6/5 0:00,-1,江淮牌,-1,364557000000000000 ,36454751964142327X,197210,198209,9,4,5,工作日,早高峰(7-9点),2015-05-22,2015年5月22日,阵雨 /阵雨,19℃ / 14℃,东风 ≤3级 /东风 ≤3级,阵雨,阵雨,19,14,东风,≤3级,东风,≤3级,day
2015-05-22 11:24:00,枣山路,7、未按规定让行的 ,负全部责任,不负责任,1,贵AU8038,绿,1,贵AU7945,绿,自培,长安驾校（南明区）,2004/4/10 0:00,2003/11/28 0:00,劲隆牌,奇瑞牌,366361000000000000 ,366067000000000000 ,198209,198101,11,4,5,工作日,非高峰,2015-05-22,2015年5月22日,阵雨 /阵雨,19℃ / 14℃,东风 ≤3级 /东风 ≤3级,阵雨,阵雨,19,14,东风,≤3级,东风,≤3级,day
2015-05-22 11:26:00,林城东路,1、追尾的,负全部责任,不负责任,1,贵AJA485,白,0,贵A9808H,蓝,自培,贵州现代驾驶培训责任有限公司,2006/9/4 0:00,2013/5/9 0:00,翼虎牌,精灵,364547000000000000 ,376367000000000000 ,197204,198705,11,4,5,工作日,非高峰,2015-05-22,2015年5月22日,阵雨 /阵雨,19℃ / 14℃,东风 ≤3级 /东风 ≤3级,阵雨,阵雨,19,14,东风,≤3级,东风,≤3级,day
2015-05-22 12:00:00,万科城,7、未按规定让行的 ,负全部责任,不负责任,0,贵AMN061,绿,1,贵A0803W,红,自培,-1,2004/8/27 0:00,-1,-1,别克牌,35466751884745546X,764568000000000000 ,197703,197812,12,4,5,工作日,非高峰,2015-05-22,2015年5月22日,阵雨 /阵雨,19℃ / 14℃,东风 ≤3级 /东风 ≤3级,阵雨,阵雨,19,14,东风,≤3级,东风,≤3级,day
2015-05-22 11:15:00,宝山北路,7、未按规定让行的 ,负全部责任,不负责任,0,贵AV1173,白,0,贵A5AA68,白,自培,青岛正友机动车驾驶培训有限公司,2006/5/10 0:00,-1,嘉陵牌,大众牌,355496000000000000 ,364548000000000000 ,198209,199008,11,4,5,工作日,非高峰,2015-05-22,2015年5月22日,阵雨 /阵雨,19℃ / 14℃,东风 ≤3级 /东风 ≤3级,阵雨,阵雨,19,14,东风,≤3级,东风,≤3级,day
2015-05-22 13:00:00,小河平桥,5、开关车门的,负全部责任,不负责任,1,贵A34B27,白色,1,贵AU7439,白色,-1,十一培,-1,1993/2/28 0:00,吉利美日牌,大运牌,366361000000000000 ,364547000000000000 ,197603,196410,13,4,5,工作日,非高峰,2015-05-22,2015年5月22日,阵雨 /阵雨,19℃ / 14℃,东风 ≤3级 /东风 ≤3级,阵雨,阵雨,19,14,东风,≤3级,东风,≤3级,day
2015-05-22 09:00:00,小河开发大道,1、追尾的,负全部责任,不负责任,1,贵FQ7332,白色,1,贵AA546G,白色,智杰驾校,自培,2013/7/17 0:00,2005/2/21 0:00,-1,夏利牌,366361000000000000 ,364557000000000000 ,197608,198502,9,4,5,工作日,早高峰(7-9点),2015-05-22,2015年5月22日,阵雨 /阵雨,19℃ / 14℃,东风 ≤3级 /东风 ≤3级,阵雨,阵雨,19,14,东风,≤3级,东风,≤3级,day
2015-05-22 12:00:00,花溪大道,1、追尾的,负全部责任,不负责任,1,贵AU1013,白色,1,贵ASA259,白色,文通驾校,自培,2003/6/27 0:00,2004/10/19 0:00,大福牌,奥迪牌,366368000000000000 ,76745500000000000 ,197101,196307,12,4,5,工作日,非高峰,2015-05-22,2015年5月22日,阵雨 /阵雨,19℃ / 14℃,东风 ≤3级 /东风 ≤3级,阵雨,阵雨,19,14,东风,≤3级,东风,≤3级,day
2015-05-22 14:00:00,花溪大道,1、追尾的,负全部责任,不负责任,1,渝B35F18,白色,1,贵A7163F,白色,-1,鑫鑫驾校（花溪区）,-1,2015/4/3 0:00,-1,江淮牌,354361000000000000 ,364556000000000000 ,198410,198710,14,4,5,工作日,非高峰,2015-05-22,2015年5月22日,阵雨 /阵雨,19℃ / 14℃,东风 ≤3级 /东风 ≤3级,阵雨,阵雨,19,14,东风,≤3级,东风,≤3级,day
2015-05-22 14:00:00,花溪孟关,1、追尾的,负全部责任,不负责任,1,贵A7586F,白色,1,贵A0165Y,白色,-1,铁二局驾校,-1,2013/12/5 0:00,五菱牌,五菱牌,55768500000000000 ,366669000000000000 ,198509,198008,14,4,5,工作日,非高峰,2015-05-22,2015年5月22日,阵雨 /阵雨,19℃ / 14℃,东风 ≤3级 /东风 ≤3级,阵雨,阵雨,19,14,东风,≤3级,东风,≤3级,day
2015-05-22 14:30:00,阳关,8、依法应负全责的其他情形,负全部责任,不负责任,1,贵A88N54,白,1,贵GY1989,黑,-1,贵大佳德驾驶培训学校,-1,2013/10/10 0:00,金杯牌,-1,355266000000000000 ,364557000000000000 ,198711,199309,14,4,5,工作日,非高峰,2015-05-22,2015年5月22日,阵雨 /阵雨,19℃ / 14℃,东风 ≤3级 /东风 ≤3级,阵雨,阵雨,19,14,东风,≤3级,东风,≤3级,day
2015-05-22 15:00:00,花溪大道,1、追尾的,负全部责任,不负责任,1,贵A45F76,白色,1,贵A717H9,白色,-1,-1,-1,-1,一汽佳星牌,昌河牌,356186000000000000 ,366068000000000000 ,197808,198208,15,4,5,工作日,非高峰,2015-05-22,2015年5月22日,阵雨 /阵雨,19℃ / 14℃,东风 ≤3级 /东风 ≤3级,阵雨,阵雨,19,14,东风,≤3级,东风,≤3级,day
2015-05-22 15:20:00,金阳大道,1、追尾的,负全部责任,不负责任,1,贵A100D1,红,1,贵CNR126,白,织金县织通驾驶培训学校,文通驾校,-1,2012/11/1 0:00,时风牌,-1,366064000000000000 ,366567000000000000 ,198611,197010,15,4,5,工作日,非高峰,2015-05-22,2015年5月22日,阵雨 /阵雨,19℃ / 14℃,东风 ≤3级 /东风 ≤3级,阵雨,阵雨,19,14,东风,≤3级,东风,≤3级,day
2015-05-22 15:00:00,水东路,9、不符合前8款规定或者双方同时具有上述情形的,负同等责任,负同等责任,1,贵A78619,白色,1,贵AA4328,白色,诚信驾驶培训学校,铁二局驾校,2015/4/29 0:00,2000/2/1 0:00,嘉陵,秦川-福莱尔,364547000000000000 ,364547000000000000 ,199402,196805,15,4,5,工作日,非高峰,2015-05-22,2015年5月22日,阵雨 /阵雨,19℃ / 14℃,东风 ≤3级 /东风 ≤3级,阵雨,阵雨,19,14,东风,≤3级,东风,≤3级,day
2015-05-22 14:00:00,花溪,7、未按规定让行的 ,负全部责任,不负责任,1,贵A09188,白色,1,贵A37W65,白色,黔丰驾校,长运驾校,2014/5/16 0:00,-1,长安,奥迪牌,364556000000000000 ,366566000000000000 ,199102,199406,14,4,5,工作日,非高峰,2015-05-22,2015年5月22日,阵雨 /阵雨,19℃ / 14℃,东风 ≤3级 /东风 ≤3级,阵雨,阵雨,19,14,东风,≤3级,东风,≤3级,day
2015-05-22 16:07:00,观山东路,1、追尾的,负全部责任,不负责任,1,贵A88S13,红 ,1,粤N63935,白,省交校,-1,2014/11/20 0:00,-1,东风雪铁龙牌,-1,366276000000000000 ,5367520000000000 ,199110,198411,16,4,5,工作日,非高峰,2015-05-22,2015年5月22日,阵雨 /阵雨,19℃ / 14℃,东风 ≤3级 /东风 ≤3级,阵雨,阵雨,19,14,东风,≤3级,东风,≤3级,day
2015-05-22 17:00:00,贵宾大道,1、追尾的,负全部责任,不负责任,1,粤A7JN84,白色,1,贵A99H22,白色,-1,贵州省长安驾驶培训学校,-1,2009/3/25 0:00,-1,东风标致牌,4667520000000000 ,366346000000000000 ,197408,198801,17,4,5,工作日,晚高峰(17-19点),2015-05-22,2015年5月22日,阵雨 /阵雨,19℃ / 14℃,东风 ≤3级 /东风 ≤3级,阵雨,阵雨,19,14,东风,≤3级,东风,≤3级,day
2015-05-22 18:00:00,嘉润路,7、未按规定让行的 ,负全部责任,不负责任,1,贵A8BE45,白色,1,贵A7BL90,白色,-1,铁二局驾校,-1,2011/5/4 0:00,雪佛兰牌,英姿,366577000000000000 ,364556000000000000 ,198601,198803,18,4,5,工作日,晚高峰(17-19点),2015-05-22,2015年5月22日,阵雨 /阵雨,19℃ / 14℃,东风 ≤3级 /东风 ≤3级,阵雨,阵雨,19,14,东风,≤3级,东风,≤3级,day