accidenttime,accidentaddr,driver1fault,driver1responsibility,driver2responsibility,sex1,platenumber1,carcolor1,sex2,platenumber2,carcolor2,jxmc1,jxmc2,cclzrq1,cclzrq2,clpp1,clpp2,driver1license,driver2license,brith1,brith2,hour,weekday,month,is_weekday,peak_hour,date,日期,天气状况,气温,风力风向,day_wea,night_wea,day_tep,night_tep,day_wind_direction,day_wind_speed,night_wind_direction,night_wind_speed,segment
2015-05-22 18:00:00,观山湖,9、不符合前8款规定或者双方同时具有上述情形的,负同等责任,负同等责任,1,贵A97S93,白色,1,贵A3499Z,白色,-1,贵大驾校,-1,2014/9/26 0:00,奥迪牌,福特牌,成64947054,366346000000000000 ,410,198811,18,4,5,工作日,晚高峰(17-19点),2015-05-22,2015年5月22日,阵雨 /阵雨,19℃ / 14℃,东风 ≤3级 /东风 ≤3级,阵雨,阵雨,19,14,东风,≤3级,东风,≤3级,day
2015-05-22 18:00:00,贵州交通学院,3、倒车的,负全部责任,不负责任,1,贵GX9999,黑,1,贵GM2693,黑,-1,520115,-1,2009/2/11 0:00,-1,-1,356664000000000000 ,364566000000000000 ,197504,199008,18,4,5,工作日,晚高峰(17-19点),2015-05-22,2015年5月22日,阵雨 /阵雨,19℃ / 14℃,东风 ≤3级 /东风 ≤3级,阵雨,阵雨,19,14,东风,≤3级,东风,≤3级,day
2015-05-22 18:00:00,长江路,7、未按规定让行的 ,负全部责任,不负责任,1,贵AGL468,白色,1,贵GE8497,白色,-1,铁二局驾校,-1,2012/12/24 0:00,福克斯牌,-1,726046000000000000 ,364547000000000000 ,197904,197805,18,4,5,工作日,晚高峰(17-19点),2015-05-22,2015年5月22日,阵雨 /阵雨,19℃ / 14℃,东风 ≤3级 /东风 ≤3级,阵雨,阵雨,19,14,东风,≤3级,东风,≤3级,day
2015-05-22 18:20:00,贵开路,7、未按规定让行的 ,负全部责任,不负责任,1,贵GQ1152,黑,0,贵A96777,白,-1,时发驾校,-1,2012/1/21 0:00,-1,解放牌,36606400000000000 ,364547000000000000 ,197303,197503,18,4,5,工作日,晚高峰(17-19点),2015-05-22,2015年5月22日,阵雨 /阵雨,19℃ / 14℃,东风 ≤3级 /东风 ≤3级,阵雨,阵雨,19,14,东风,≤3级,东风,≤3级,day
2015-05-22 15:10:00,长岭南路,7、未按规定让行的 ,负全部责任,不负责任,1,贵ACK427,红,1,贵AE471A,黑,十一培,市交校,1999/12/2 0:00,2003/5/16 0:00,福克斯牌,宝来牌,376770000000000000 ,364557000000000000 ,198011,198501,15,4,5,工作日,非高峰,2015-05-22,2015年5月22日,阵雨 /阵雨,19℃ / 14℃,东风 ≤3级 /东风 ≤3级,阵雨,阵雨,19,14,东风,≤3级,东风,≤3级,day
2015-05-22 14:00:00,花溪大道,7、未按规定让行的 ,负全部责任,不负责任,1,贵A377B3,白色,1,贵GF7355,白色,自培,贵州省长安驾驶培训学校,2001/7/24 0:00,2011/10/15 0:00,北京牌,-1,36636051945455095X,364547000000000000 ,198010,198704,14,4,5,工作日,非高峰,2015-05-22,2015年5月22日,阵雨 /阵雨,19℃ / 14℃,东风 ≤3级 /东风 ≤3级,阵雨,阵雨,19,14,东风,≤3级,东风,≤3级,day
2015-05-22 14:00:00,都司路,1、追尾的,负全部责任,不负责任,1,贵AU7842,白色,1,贵AHK511,白色,自培,自培,2002/1/8 0:00,2001/8/21 0:00,宝来牌,-1,364548000000000000 ,364547000000000000 ,197908,197111,14,4,5,工作日,非高峰,2015-05-22,2015年5月22日,阵雨 /阵雨,19℃ / 14℃,东风 ≤3级 /东风 ≤3级,阵雨,阵雨,19,14,东风,≤3级,东风,≤3级,day
2015-05-22 17:00:00,喷水池,1、追尾的,负全部责任,不负责任,1,贵A48L25,白色,1,贵ATF806,白色,鑫鑫驾校,十一培,2014/3/24 0:00,1999/4/26 0:00,东风雪铁龙牌,江淮牌,06656851984952475X,366064000000000000 ,198708,197010,17,4,5,工作日,晚高峰(17-19点),2015-05-22,2015年5月22日,阵雨 /阵雨,19℃ / 14℃,东风 ≤3级 /东风 ≤3级,阵雨,阵雨,19,14,东风,≤3级,东风,≤3级,day
2015-05-22 13:10:00,机场5号路,7、未按规定让行的 ,负全部责任,不负责任,0,皖A4M054,白,1,贵AB1094,黑,贵州省长安驾驶培训学校,自培,2014/8/25 0:00,2005/8/24 0:00,-1,隆鑫牌,366261000000000000 ,364548000000000000 ,199211,198404,13,4,5,工作日,非高峰,2015-05-22,2015年5月22日,阵雨 /阵雨,19℃ / 14℃,东风 ≤3级 /东风 ≤3级,阵雨,阵雨,19,14,东风,≤3级,东风,≤3级,day
2015-05-22 14:00:00,甲秀南路,1、追尾的,负全部责任,不负责任,1,贵A4EB79,白色,1,贵A81Y15,白色,（南明区）吉源驾驶培训有限公司,自培,2007/12/17 0:00,2004/12/23 0:00,-1,夏利牌,354767000000000000 ,366068000000000000 ,198707,198509,14,4,5,工作日,非高峰,2015-05-22,2015年5月22日,阵雨 /阵雨,19℃ / 14℃,东风 ≤3级 /东风 ≤3级,阵雨,阵雨,19,14,东风,≤3级,东风,≤3级,day
2015-05-22 18:00:00,都司路,8、依法应负全责的其他情形,负全部责任,不负责任,1,贵AU5489,绿,1,贵GV2063,黑,（南明区）金大驾驶培训有限公司,鑫鑫驾校,2005/2/18 0:00,2012/6/25 0:00,捷达牌,-1,366361000000000000 ,366570000000000000 ,196901,198108,18,4,5,工作日,晚高峰(17-19点),2015-05-22,2015年5月22日,阵雨 /阵雨,19℃ / 14℃,东风 ≤3级 /东风 ≤3级,阵雨,阵雨,19,14,东风,≤3级,东风,≤3级,day
2015-05-22 17:00:00,三江口,7、未按规定让行的 ,负全部责任,不负责任,1,贵JB376,白色,1,贵A4822B,白色,鑫鑫驾校,贵大驾校,2010/8/13 0:00,2014/8/19 0:00,-1,斯柯达牌,366347000000000000 ,364547000000000000 ,197408,197411,17,4,5,工作日,晚高峰(17-19点),2015-05-22,2015年5月22日,阵雨 /阵雨,19℃ / 14℃,东风 ≤3级 /东风 ≤3级,阵雨,阵雨,19,14,东风,≤3级,东风,≤3级,day
2015-05-22 18:05:00,宝山南路,7、未按规定让行的 ,负全部责任,不负责任,1,贵A69K88,红,1,贵A4115,黑,贵大佳德驾驶培训学校,自培,2013/8/14 0:00,1997/3/28 0:00,吉利牌,-1,364557000000000000 ,364547000000000000 ,197407,198002,18,4,5,工作日,晚高峰(17-19点),2015-05-22,2015年5月22日,阵雨 /阵雨,19℃ / 14℃,东风 ≤3级 /东风 ≤3级,阵雨,阵雨,19,14,东风,≤3级,东风,≤3级,day
2015-05-22 21:00:00,甘荫塘,7、未按规定让行的 ,负全部责任,不负责任,1,贵A64Z18,白色,1,贵A3CG69,白色,铁二局驾校,十一驾驶培训有限公司,2014/11/13 0:00,2011/9/30 0:00,长安牌,长安牌,366067000000000000 ,364548000000000000 ,197906,197601,21,4,5,工作日,非高峰,2015-05-22,2015年5月22日,阵雨 /阵雨,19℃ / 14℃,东风 ≤3级 /东风 ≤3级,阵雨,阵雨,19,14,东风,≤3级,东风,≤3级,night
2015-05-23 09:25:00,都司路,9、不符合前8款规定或者双方同时具有上述情形的,负全部责任,不负责任,0,贵AMT459,黑,1,贵AK5227,绿,（南明区）铁二局驾驶培训有限公司,广安市驾校,2007/1/17 0:00,2006/7/28 0:00,帕萨特牌,轰轰烈牌,364566000000000000 ,356164000000000000 ,197903,197312,9,5,5,工作日,早高峰(7-9点),2015-05-23,2015年5月23日,阵雨 /阴,19℃ / 14℃,东北风 ≤3级 /东北风 ≤3级,阵雨,阴,19,14,东北风,≤3级,东北风,≤3级,day
2015-05-22 21:00:00,四方河路,7、未按规定让行的 ,负全部责任,不负责任,1,贵A2BX99,白色,1,贵A6BG20,白色,安顺市金安汽车培训学校,贵州现代驾驶培训责任有限公司,-1,2014/12/9 0:00,大众牌,比亚迪牌,366346000000000000 ,35465351864256855X,199106,197206,21,4,5,工作日,非高峰,2015-05-22,2015年5月22日,阵雨 /阵雨,19℃ / 14℃,东风 ≤3级 /东风 ≤3级,阵雨,阵雨,19,14,东风,≤3级,东风,≤3级,night
2015-05-22 21:30:00,白金大道,8、依法应负全责的其他情形,负全部责任,不负责任,1,贵AB957T,黑,1,贵AB817H,红,黔南州华晟驾驶培训学校,时发驾校,-1,2012/6/20 0:00,五菱牌,雪佛兰牌,364558000000000000 ,366046000000000000 ,196903,198503,21,4,5,工作日,非高峰,2015-05-22,2015年5月22日,阵雨 /阵雨,19℃ / 14℃,东风 ≤3级 /东风 ≤3级,阵雨,阵雨,19,14,东风,≤3级,东风,≤3级,night
2015-05-22 21:50:00,延安中路,1、追尾的,负全部责任,不负责任,1,贵A89158,白,1,贵ATA486,黑,鑫鑫驾校,自培,2014/11/5 0:00,1997/1/30 0:00,丰田,长安牌,364548000000000000 ,36454651894957745X,199605,197808,21,4,5,工作日,非高峰,2015-05-22,2015年5月22日,阵雨 /阵雨,19℃ / 14℃,东风 ≤3级 /东风 ≤3级,阵雨,阵雨,19,14,东风,≤3级,东风,≤3级,night
2015-05-23 09:30:00,鸟巢,1、追尾的,负全部责任,不负责任,1,贵A1653A,红,1,贵ABG043,红,路路达驾校,520127,2012/7/5 0:00,2007/12/12 0:00,大众牌,五菱牌,364556000000000000 ,366364000000000000 ,197812,197104,9,5,5,工作日,早高峰(7-9点),2015-05-23,2015年5月23日,阵雨 /阴,19℃ / 14℃,东北风 ≤3级 /东北风 ≤3级,阵雨,阴,19,14,东北风,≤3级,东北风,≤3级,day
2015-05-23 00:00:00,西南环线,9、不符合前8款规定或者双方同时具有上述情形的,负同等责任,负同等责任,1,贵AB100J,白色,1,贵AA125X,白色,铁二局驾校,长运驾校,2012/11/19 0:00,2012/4/28 0:00,-1,奥迪牌,364551000000000000 ,366068000000000000 ,198909,197807,0,5,5,工作日,非高峰,2015-05-23,2015年5月23日,阵雨 /阴,19℃ / 14℃,东北风 ≤3级 /东北风 ≤3级,阵雨,阴,19,14,东北风,≤3级,东北风,≤3级,night
2015-05-22 20:00:00,延安西路,5、开关车门的,负全部责任,不负责任,1,贵ABG896,白色,1,贵CJZ532,白色,自培,-1,2008/3/10 0:00,-1,比亚迪牌,-1,364566000000000000 ,366546000000000000 ,198704,198703,20,4,5,工作日,非高峰,2015-05-22,2015年5月22日,阵雨 /阵雨,19℃ / 14℃,东风 ≤3级 /东风 ≤3级,阵雨,阵雨,19,14,东风,≤3级,东风,≤3级,night
2015-05-23 03:30:00,金菱花园,3、倒车的,负全部责任,不负责任,1,贵A9286M,红,1,贵A6LO45,白,（乌当区）新天驾驶培训有限公司,预约考试窗口,2007/10/22 0:00,2007/5/31 0:00,起亚牌,-1,364558000000000000 ,364548000000000000 ,198210,197309,3,5,5,工作日,非高峰,2015-05-23,2015年5月23日,阵雨 /阴,19℃ / 14℃,东北风 ≤3级 /东北风 ≤3级,阵雨,阴,19,14,东北风,≤3级,东北风,≤3级,night
2015-05-22 18:00:00,花果园,7、未按规定让行的 ,负全部责任,不负责任,1,贵AWA733,黑色,1,贵BR1599,白色,自培,六盘水市宏安驾驶培训学校,2004/7/12 0:00,-1,奥迪牌,-1,364547000000000000 ,366364000000000000 ,198512,197710,18,4,5,工作日,晚高峰(17-19点),2015-05-22,2015年5月22日,阵雨 /阵雨,19℃ / 14℃,东风 ≤3级 /东风 ≤3级,阵雨,阵雨,19,14,东风,≤3级,东风,≤3级,day
2015-05-23 09:30:00,百花大道,7、未按规定让行的 ,负全部责任,不负责任,1,贵AK0594,红,0,贵AW2165,红,自培,消防驾校,2000/4/12 0:00,2010/9/17 0:00,嘉陵牌,望江牌,366064000000000000 ,734398000000000000 ,197612,197310,9,5,5,工作日,早高峰(7-9点),2015-05-23,2015年5月23日,阵雨 /阴,19℃ / 14℃,东北风 ≤3级 /东北风 ≤3级,阵雨,阴,19,14,东北风,≤3级,东北风,≤3级,day
2015-05-23 10:00:00,兴隆花园,8、依法应负全责的其他情形,负全部责任,不负责任,1,贵A98B71,白色,1,贵AE713A,白色,自培,（南明区）铁二局驾驶培训有限公司,2004/7/1 0:00,2013/7/11 0:00,东风日产牌,途安Touran牌,364556000000000000 ,366861000000000000 ,197506,199101,10,5,5,工作日,非高峰,2015-05-23,2015年5月23日,阵雨 /阴,19℃ / 14℃,东北风 ≤3级 /东北风 ≤3级,阵雨,阴,19,14,东北风,≤3级,东北风,≤3级,day
2015-05-23 09:35:00,花果园,1、追尾的,负全部责任,不负责任,1,贵A6BR25,红,1,贵A2355A,红,长运驾校,十一培,2014/5/14 0:00,1984/8/6 0:00,长安牌,五菱牌,366246000000000000 ,364557000000000000 ,198206,196308,9,5,5,工作日,早高峰(7-9点),2015-05-23,2015年5月23日,阵雨 /阴,19℃ / 14℃,东北风 ≤3级 /东北风 ≤3级,阵雨,阴,19,14,东北风,≤3级,东北风,≤3级,day
2015-05-22 20:00:00,狮峰路,8、依法应负全责的其他情形,负全部责任,不负责任,1,贵JQ8520,白色,1,贵GP9201,白色,景宏驾校,自培,2010/2/21 0:00,2004/7/23 0:00,-1,-1,364547000000000000 ,36636051965549454X,198712,198211,20,4,5,工作日,非高峰,2015-05-22,2015年5月22日,阵雨 /阵雨,19℃ / 14℃,东风 ≤3级 /东风 ≤3级,阵雨,阵雨,19,14,东风,≤3级,东风,≤3级,night
2015-05-22 18:00:00,花溪平桥,7、未按规定让行的 ,负全部责任,不负责任,1,贵AUA688,白色,1,贵A39879,白色,自培,自培,2002/7/11 0:00,2004/4/5 0:00,奇瑞牌,豪泺牌,364556000000000000 ,364556000000000000 ,196602,198108,18,4,5,工作日,晚高峰(17-19点),2015-05-22,2015年5月22日,阵雨 /阵雨,19℃ / 14℃,东风 ≤3级 /东风 ≤3级,阵雨,阵雨,19,14,东风,≤3级,东风,≤3级,day
2015-05-22 17:00:00,金鼎山,3、倒车的,负全部责任,不负责任,1,贵AVA325,白色,1,贵A57P86,白色,自培,自培,2006/8/24 0:00,2002/5/20 0:00,-1,东风日产牌,366868000000000000 ,366875000000000000 ,198409,197311,17,4,5,工作日,晚高峰(17-19点),2015-05-22,2015年5月22日,阵雨 /阵雨,19℃ / 14℃,东风 ≤3级 /东风 ≤3级,阵雨,阵雨,19,14,东风,≤3级,东风,≤3级,day
2015-05-22 20:20:00,观山西路,1、追尾的,负全部责任,不负责任,1,贵JBP155,红,1,贵A7R625,白,自培,自培,2012/2/17 0:00,2004/5/14 0:00,-1,-1,724548000000000000 ,364557000000000000 ,197309,196907,20,4,5,工作日,非高峰,2015-05-22,2015年5月22日,阵雨 /阵雨,19℃ / 14℃,东风 ≤3级 /东风 ≤3级,阵雨,阵雨,19,14,东风,≤3级,东风,≤3级,night
2015-05-23 08:00:00,海鲜市场,3、倒车的,负全部责任,不负责任,1,贵A774H6,白色,1,贵ANJ509,白色,自培,自培,2015/1/4 0:00,2005/2/1 0:00,凯马牌,胜达,355267000000000000 ,65467500000000000 ,198905,197805,8,5,5,工作日,早高峰(7-9点),2015-05-23,2015年5月23日,阵雨 /阴,19℃ / 14℃,东北风 ≤3级 /东北风 ≤3级,阵雨,阴,19,14,东北风,≤3级,东北风,≤3级,day
2015-05-23 10:00:00,西南家具城,8、依法应负全责的其他情形,负全部责任,不负责任,1,贵A0662X,白,1,贵A27926,蓝,-1,-1,-1,-1,吉利全球鹰牌,钱江牌,36634700000000000 ,364546000000000 ,193011,560815,10,5,5,工作日,非高峰,2015-05-23,2015年5月23日,阵雨 /阴,19℃ / 14℃,东北风 ≤3级 /东北风 ≤3级,阵雨,阴,19,14,东北风,≤3级,东北风,≤3级,day
2015-05-23 11:00:00,小河转盘,7、未按规定让行的 ,负全部责任,不负责任,1,贵A614C6,白色,1,贵GZ9166,白色,-1,-1,-1,-1,长安牌,-1,364556000000000000 ,74366500000000000 ,197312,198902,11,5,5,工作日,非高峰,2015-05-23,2015年5月23日,阵雨 /阴,19℃ / 14℃,东北风 ≤3级 /东北风 ≤3级,阵雨,阴,19,14,东北风,≤3级,东北风,≤3级,day
2015-05-23 11:45:00,三桥,7、未按规定让行的 ,负全部责任,不负责任,1,湘H94669,黑,1,贵CBM449,黑,-1,黔丰驾校,-1,2014/4/14 0:00,-1,-1,76766500000000000 ,366566000000000000 ,196506,199405,11,5,5,工作日,非高峰,2015-05-23,2015年5月23日,阵雨 /阴,19℃ / 14℃,东北风 ≤3级 /东北风 ≤3级,阵雨,阴,19,14,东北风,≤3级,东北风,≤3级,day
2015-05-23 12:00:00,小河,7、未按规定让行的 ,负全部责任,不负责任,1,鄂A4K963,白色,1,贵A471F7,白色,-1,-1,-1,-1,-1,江淮牌,65466500000000000 ,36606751144959075X,199005,199008,12,5,5,工作日,非高峰,2015-05-23,2015年5月23日,阵雨 /阴,19℃ / 14℃,东北风 ≤3级 /东北风 ≤3级,阵雨,阴,19,14,东北风,≤3级,东北风,≤3级,day
2015-05-23 12:00:00,花溪大道,3、倒车的,负全部责任,不负责任,1,贵A63L17,白色,1,贵A4AZ71,白色,鑫鑫驾校,预约考试窗口,2012/7/16 0:00,2006/3/23 0:00,别克牌,索兰托,364547000000000000 ,366061000000000000 ,197410,198109,12,5,5,工作日,非高峰,2015-05-23,2015年5月23日,阵雨 /阴,19℃ / 14℃,东北风 ≤3级 /东北风 ≤3级,阵雨,阴,19,14,东北风,≤3级,东北风,≤3级,day
2015-05-23 11:00:00,解放路,1、追尾的,负全部责任,不负责任,1,贵GL5936,白色,1,贵A37W59,白色,-1,时发,-1,2005/1/17 0:00,-1,明锐牌,355247000000000000 ,36454651964364745X,198710,198205,11,5,5,工作日,非高峰,2015-05-23,2015年5月23日,阵雨 /阴,19℃ / 14℃,东北风 ≤3级 /东北风 ≤3级,阵雨,阴,19,14,东北风,≤3级,东北风,≤3级,day
2015-05-23 11:30:00,西二环,7、未按规定让行的 ,负全部责任,不负责任,0,贵CQ9703,黄,1,贵HD8971,黄,-1,自培,-1,2011/7/5 0:00,-1,-1,366569000000000000 ,364066000000000000 ,197201,199101,11,5,5,工作日,非高峰,2015-05-23,2015年5月23日,阵雨 /阴,19℃ / 14℃,东北风 ≤3级 /东北风 ≤3级,阵雨,阴,19,14,东北风,≤3级,东北风,≤3级,day
2015-05-23 11:00:00,建设路,7、未按规定让行的 ,负全部责任,不负责任,1,贵A0BR31,白,1,贵ANH928,白,消防驾校,预约考试窗口,2015/1/4 0:00,2007/5/31 0:00,别克牌,奥迪牌,364558000000000000 ,36455651914551637X,197008,198901,11,5,5,工作日,非高峰,2015-05-23,2015年5月23日,阵雨 /阴,19℃ / 14℃,东北风 ≤3级 /东北风 ≤3级,阵雨,阴,19,14,东北风,≤3级,东北风,≤3级,day
2015-05-23 10:30:00,西南商贸城,7、未按规定让行的 ,负全部责任,不负责任,1,贵CNN874,黑,1,贵FK2271,黑,吉源驾校,兴黔驾驶培训学校,2014/12/10 0:00,2006/7/20 0:00,-1,-1,36656551104852443X,366068000000000000 ,199407,196408,10,5,5,工作日,非高峰,2015-05-23,2015年5月23日,阵雨 /阴,19℃ / 14℃,东北风 ≤3级 /东北风 ≤3级,阵雨,阴,19,14,东北风,≤3级,东北风,≤3级,day
2015-05-23 12:04:00,八匹马,8、依法应负全责的其他情形,负全部责任,不负责任,1,贵AKC513,白,1,贵AA522N,白,凯信驾校,-1,2014/9/22 0:00,-1,江铃全顺牌,雪佛兰牌,364556000000000000 ,364567000000000000 ,199312,198901,12,5,5,工作日,非高峰,2015-05-23,2015年5月23日,阵雨 /阴,19℃ / 14℃,东北风 ≤3级 /东北风 ≤3级,阵雨,阴,19,14,东北风,≤3级,东北风,≤3级,day
2015-05-23 14:05:00,盐务街,7、未按规定让行的 ,负全部责任,不负责任,1,贵A67L25,白,1,贵AA8181,黑,-1,自培,-1,1996/2/15 0:00,别克牌,夏利,736268000000000000 ,364547000000000000 ,197810,195207,14,5,5,工作日,非高峰,2015-05-23,2015年5月23日,阵雨 /阴,19℃ / 14℃,东北风 ≤3级 /东北风 ≤3级,阵雨,阴,19,14,东北风,≤3级,东北风,≤3级,day
2015-05-23 14:00:00,贵惠路口,3、倒车的,负全部责任,不负责任,1,贵AA624T,黑,1,贵JW7614,黑,（经开区）十一驾驶培训有限公司,-1,2008/10/27 0:00,-1,-1,-1,726669000000000000 ,366870000000000000 ,197308,197609,14,5,5,工作日,非高峰,2015-05-23,2015年5月23日,阵雨 /阴,19℃ / 14℃,东北风 ≤3级 /东北风 ≤3级,阵雨,阴,19,14,东北风,≤3级,东北风,≤3级,day
2015-05-23 14:00:00,金朱东路,1、追尾的,负全部责任,不负责任,1,贵DB3292,红,1,贵AV6298,绿,-1,顺一驾驶培训学校,-1,2001/3/27 0:00,-1,丰田(TOYOTA)牌,366664000000000000 ,366575000000000000 ,199010,197512,14,5,5,工作日,非高峰,2015-05-23,2015年5月23日,阵雨 /阴,19℃ / 14℃,东北风 ≤3级 /东北风 ≤3级,阵雨,阴,19,14,东北风,≤3级,东北风,≤3级,day
2015-05-23 13:04:00,中华南路,9、不符合前8款规定或者双方同时具有上述情形的,负同等责任,负同等责任,1,贵A48907,黑,0,贵A2N382,白,自培,自培,2002/11/20 0:00,2012/6/13 0:00,别克牌,-1,366576000000000000 ,364547000000000000 ,197306,198908,13,5,5,工作日,非高峰,2015-05-23,2015年5月23日,阵雨 /阴,19℃ / 14℃,东北风 ≤3级 /东北风 ≤3级,阵雨,阴,19,14,东北风,≤3级,东北风,≤3级,day
2015-05-23 12:01:00,云潭北路,1、追尾的,负全部责任,不负责任,1,贵A5SB34,红,1,贵FV3245,白,自培,文通驾校,2001/8/21 0:00,2012/2/21 0:00,-1,-1,364558000000000000 ,366046000000000000 ,197302,197405,12,5,5,工作日,非高峰,2015-05-23,2015年5月23日,阵雨 /阴,19℃ / 14℃,东北风 ≤3级 /东北风 ≤3级,阵雨,阴,19,14,东北风,≤3级,东北风,≤3级,day
2015-05-23 10:44:00,北京西路,1、追尾的,负全部责任,不负责任,1,贵A250B1,白,1,贵A3785B,黑,自培,-1,2012/9/21 0:00,-1,江淮牌,-1,254067000000000000 ,256062000000000000 ,199106,198003,10,5,5,工作日,非高峰,2015-05-23,2015年5月23日,阵雨 /阴,19℃ / 14℃,东北风 ≤3级 /东北风 ≤3级,阵雨,阴,19,14,东北风,≤3级,东北风,≤3级,day
2015-05-23 10:00:00,机场路,1、追尾的,负全部责任,不负责任,1,贵JM2691,白色,1,贵AU7491,白色,520107,十一培,2006/5/16 0:00,1994/3/10 0:00,-1,恒通客车牌,366564000000000000 ,364547000000000000 ,196908,195809,10,5,5,工作日,非高峰,2015-05-23,2015年5月23日,阵雨 /阴,19℃ / 14℃,东北风 ≤3级 /东北风 ≤3级,阵雨,阴,19,14,东北风,≤3级,东北风,≤3级,day
2015-05-23 11:00:00,万东桥,7、未按规定让行的 ,负全部责任,不负责任,1,贵FHL331,白色,1,贵E74433,白色,鑫鑫驾校,十一培,2014/11/10 0:00,1989/11/27 0:00,-1,-1,366064000000000000 ,366368000000000000 ,198202,197012,11,5,5,工作日,非高峰,2015-05-23,2015年5月23日,阵雨 /阴,19℃ / 14℃,东北风 ≤3级 /东北风 ≤3级,阵雨,阴,19,14,东北风,≤3级,东北风,≤3级,day
2015-05-23 11:50:00,东山路,3、倒车的,负全部责任,不负责任,0,贵AHE255,蓝,0,贵A13N11,蓝,自培,十一培,2012/2/8 0:00,1997/10/8 0:00,梅赛德斯-奔驰牌,揽胜极光,726347000000000000 ,364548000000000000 ,197706,197601,11,5,5,工作日,非高峰,2015-05-23,2015年5月23日,阵雨 /阴,19℃ / 14℃,东北风 ≤3级 /东北风 ≤3级,阵雨,阴,19,14,东北风,≤3级,东北风,≤3级,day
2015-05-23 10:54:00,北二环,7、未按规定让行的 ,负全部责任,不负责任,1,贵GV8732,白,1,贵AU6576,绿,（南明区）长运驾驶培训有限公司,自培,2007/6/26 0:00,2010/9/20 0:00,-1,蜀都牌,364548000000000000 ,366067000000000000 ,198707,199004,10,5,5,工作日,非高峰,2015-05-23,2015年5月23日,阵雨 /阴,19℃ / 14℃,东北风 ≤3级 /东北风 ≤3级,阵雨,阴,19,14,东北风,≤3级,东北风,≤3级,day
2015-05-23 11:47:00,北京西路,1、追尾的,负全部责任,不负责任,1,贵JBC238,黑,0,贵AB6637,蓝,鑫鑫驾校,自培,2012/7/28 0:00,2003/6/26 0:00,-1,隆鑫牌,366670000000000000 ,364547000000000000 ,198708,196809,11,5,5,工作日,非高峰,2015-05-23,2015年5月23日,阵雨 /阴,19℃ / 14℃,东北风 ≤3级 /东北风 ≤3级,阵雨,阴,19,14,东北风,≤3级,东北风,≤3级,day
2015-05-23 13:00:00,贵安新区,1、追尾的,负全部责任,不负责任,1,贵ARB886,白色,1,贵GX2504,白色,消防驾校,自培,2012/10/15 0:00,2007/5/31 0:00,思域牌,-1,357466000000000000 ,366761000000000000 ,197910,198511,13,5,5,工作日,非高峰,2015-05-23,2015年5月23日,阵雨 /阴,19℃ / 14℃,东北风 ≤3级 /东北风 ≤3级,阵雨,阴,19,14,东北风,≤3级,东北风,≤3级,day
2015-05-23 09:00:00,市南路,7、未按规定让行的 ,负全部责任,不负责任,1,贵JDC848,白色,1,贵AU5389,白色,自培,自培,2003/7/15 0:00,2005/1/7 0:00,-1,捷达牌,364646000000000000 ,36684551804053565X,196212,197404,9,5,5,工作日,早高峰(7-9点),2015-05-23,2015年5月23日,阵雨 /阴,19℃ / 14℃,东北风 ≤3级 /东北风 ≤3级,阵雨,阴,19,14,东北风,≤3级,东北风,≤3级,day
2015-05-23 14:50:00,同心路,1、追尾的,负全部责任,不负责任,1,川EZ2822,黑,1,贵A7AS69,红 ,-1,消防驾校,-1,2011/12/24 0:00,-1,东风标致牌,354366000000000000 ,366346000000000000 ,199209,197005,14,5,5,工作日,非高峰,2015-05-23,2015年5月23日,阵雨 /阴,19℃ / 14℃,东北风 ≤3级 /东北风 ≤3级,阵雨,阴,19,14,东北风,≤3级,东北风,≤3级,day
2015-05-23 16:00:00,西南商贸城,1、追尾的,负全部责任,不负责任,1,贵A69J36,黑,1,贵A023A3,黑,-1,520127,-1,2009/1/22 0:00,-1,福田牌,654897000000000000 ,366068000000000000 ,198510,198212,16,5,5,工作日,非高峰,2015-05-23,2015年5月23日,阵雨 /阴,19℃ / 14℃,东北风 ≤3级 /东北风 ≤3级,阵雨,阴,19,14,东北风,≤3级,东北风,≤3级,day
2015-05-23 17:00:00,中华中路,7、未按规定让行的 ,负全部责任,不负责任,1,贵AAY378,黑,1,贵A97H35,白,-1,十一驾驶培训有限公司,-1,2010/12/1 0:00,尼桑牌,雪佛兰牌,364596000000000000 ,364547000000000000 ,199101,198512,17,5,5,工作日,晚高峰(17-19点),2015-05-23,2015年5月23日,阵雨 /阴,19℃ / 14℃,东北风 ≤3级 /东北风 ≤3级,阵雨,阴,19,14,东北风,≤3级,东北风,≤3级,day
2015-05-23 16:00:00,解放路,1、追尾的,负全部责任,不负责任,1,贵A340E2,白色,1,贵ANH861,白色,全林驾校,时法驾校,2011/11/11 0:00,2006/7/4 0:00,华神牌,翼虎牌,366067000000000000 ,366046000000000000 ,199005,198010,16,5,5,工作日,非高峰,2015-05-23,2015年5月23日,阵雨 /阴,19℃ / 14℃,东北风 ≤3级 /东北风 ≤3级,阵雨,阴,19,14,东北风,≤3级,东北风,≤3级,day
2015-05-23 17:00:00,榕筑小区,3、倒车的,负全部责任,不负责任,1,粤CDS864,白色,1,贵BV9257,白色,-1,（观山湖区）蓝天驾驶培训有限公司,-1,2013/4/11 0:00,-1,-1,354662000000000000 ,06656251824953035X,197502,197608,17,5,5,工作日,晚高峰(17-19点),2015-05-23,2015年5月23日,阵雨 /阴,19℃ / 14℃,东北风 ≤3级 /东北风 ≤3级,阵雨,阴,19,14,东北风,≤3级,东北风,≤3级,day