accidenttime,accidentaddr,driver1fault,driver1responsibility,driver2responsibility,sex1,platenumber1,carcolor1,sex2,platenumber2,carcolor2,jxmc1,jxmc2,cclzrq1,cclzrq2,clpp1,clpp2,driver1license,driver2license,brith1,brith2,hour,weekday,month,is_weekday,peak_hour,date,日期,天气状况,气温,风力风向,day_wea,night_wea,day_tep,night_tep,day_wind_direction,day_wind_speed,night_wind_direction,night_wind_speed,segment
2015-05-23 16:30:00,杨家山隧道,1、追尾的,负全部责任,不负责任,1,贵AS1556,黑,1,贵AB252R,黑,自培,贵州现代驾驶培训责任有限公司,2014/4/10 0:00,2014/11/10 0:00,宗申牌,五菱牌,366364000000000000 ,66646500000000000 ,196910,199307,16,5,5,工作日,非高峰,2015-05-23,2015年5月23日,阵雨 /阴,19℃ / 14℃,东北风 ≤3级 /东北风 ≤3级,阵雨,阴,19,14,东北风,≤3级,东北风,≤3级,day
2015-05-23 16:20:00,宝山北路,3、倒车的,负全部责任,不负责任,0,贵A24562,红,1,贵ADC466,黄,消防驾校,520129,2015/1/20 0:00,2008/5/12 0:00,新感觉,起亚牌,364548000000000000 ,366875000000000000 ,198411,197902,16,5,5,工作日,非高峰,2015-05-23,2015年5月23日,阵雨 /阴,19℃ / 14℃,东北风 ≤3级 /东北风 ≤3级,阵雨,阴,19,14,东北风,≤3级,东北风,≤3级,day
2015-05-23 16:28:00,西二环,1、追尾的,负全部责任,不负责任,1,桂AWW097,白,1,贵F63347,白,-1,贵州现代驾驶培训责任有限公司,-1,2013/12/24 0:00,-1,-1,03454751975569443X,366067000000000000 ,198311,198510,16,5,5,工作日,非高峰,2015-05-23,2015年5月23日,阵雨 /阴,19℃ / 14℃,东北风 ≤3级 /东北风 ≤3级,阵雨,阴,19,14,东北风,≤3级,东北风,≤3级,day
2015-05-23 18:00:00,沙冲南路,1、追尾的,负全部责任,不负责任,1,苏LQ9049,白色,1,贵A5BQ93,白色,-1,路路达驾校,-1,2013/7/8 0:00,-1,-1,765596000000000000 ,74866500000000000 ,197511,198909,18,5,5,工作日,晚高峰(17-19点),2015-05-23,2015年5月23日,阵雨 /阴,19℃ / 14℃,东北风 ≤3级 /东北风 ≤3级,阵雨,阴,19,14,东北风,≤3级,东北风,≤3级,day
2015-05-23 15:10:00,花香村,3、倒车的,负全部责任,不负责任,1,贵A8N885,蓝,1,贵A3AB82,白,毕节地区黔中汽车(摩托车)驾驶培训学校,十一培,2015/4/21 0:00,1999/11/13 0:00,-1,长安牌,366267000000000000 ,364548000000000000 ,198803,197603,15,5,5,工作日,非高峰,2015-05-23,2015年5月23日,阵雨 /阴,19℃ / 14℃,东北风 ≤3级 /东北风 ≤3级,阵雨,阴,19,14,东北风,≤3级,东北风,≤3级,day
2015-05-23 14:10:00,八鸽岩,7、未按规定让行的 ,负全部责任,不负责任,0,贵AT6315,白,1,贵A39157,红,自培,十一培,2004/5/13 0:00,1994/1/16 0:00,万虎牌,楚胜牌,364548000000000000 ,364548000000000000 ,197307,195802,14,5,5,工作日,非高峰,2015-05-23,2015年5月23日,阵雨 /阴,19℃ / 14℃,东北风 ≤3级 /东北风 ≤3级,阵雨,阴,19,14,东北风,≤3级,东北风,≤3级,day
2015-05-23 13:00:00,山水黔城,7、未按规定让行的 ,负全部责任,不负责任,1,贵AD1476,白色,1,贵AU6819,白色,（南明区）长运驾驶培训有限公司,自培,2008/1/23 0:00,2002/12/17 0:00,途威,捷达牌,364547000000000000 ,366068000000000000 ,198810,198202,13,5,5,工作日,非高峰,2015-05-23,2015年5月23日,阵雨 /阴,19℃ / 14℃,东北风 ≤3级 /东北风 ≤3级,阵雨,阴,19,14,东北风,≤3级,东北风,≤3级,day
2015-05-23 14:00:00,长江路,7、未按规定让行的 ,负全部责任,不负责任,1,贵JBS376,白色,1,贵AU4374,白色,鑫鑫驾校,自培,2010/8/13 0:00,2008/3/13 0:00,-1,迎客牌,366347000000000000 ,364547000000000000 ,197408,198509,14,5,5,工作日,非高峰,2015-05-23,2015年5月23日,阵雨 /阴,19℃ / 14℃,东北风 ≤3级 /东北风 ≤3级,阵雨,阴,19,14,东北风,≤3级,东北风,≤3级,day
2015-05-23 17:00:00,喷水池,1、追尾的,负全部责任,不负责任,1,贵A48L25,白色,1,贵AU8919,白色,鑫鑫驾校,自培,2014/3/24 0:00,2004/5/19 0:00,东风雪铁龙牌,瑞麒牌,06656851984952475X,36455551264660535X,198708,196202,17,5,5,工作日,晚高峰(17-19点),2015-05-23,2015年5月23日,阵雨 /阴,19℃ / 14℃,东北风 ≤3级 /东北风 ≤3级,阵雨,阴,19,14,东北风,≤3级,东北风,≤3级,day
2015-05-23 17:00:00,宝山南路,1、追尾的,负全部责任,不负责任,1,贵A2AT91,白色,1,贵AKY588,白色,（乌当区）平安驾驶培训有限公司,自培,2006/8/11 0:00,2011/1/30 0:00,大众汽车牌,东风雪铁龙牌,364548000000000000 ,355147000000000000 ,198310,197302,17,5,5,工作日,晚高峰(17-19点),2015-05-23,2015年5月23日,阵雨 /阴,19℃ / 14℃,东北风 ≤3级 /东北风 ≤3级,阵雨,阴,19,14,东北风,≤3级,东北风,≤3级,day
2015-05-23 16:40:00,大西门,7、未按规定让行的 ,负全部责任,不负责任,1,贵A89K32,黑,1,贵AV8043,黄,贵州省长安驾驶培训学校,自培,2014/7/22 0:00,2001/9/25 0:00,昊锐牌,金城牌,366567000000000000 ,36636751814551565X,197903,197901,16,5,5,工作日,非高峰,2015-05-23,2015年5月23日,阵雨 /阴,19℃ / 14℃,东北风 ≤3级 /东北风 ≤3级,阵雨,阴,19,14,东北风,≤3级,东北风,≤3级,day
2015-05-23 13:58:00,贵阳医学院,1、追尾的,负全部责任,不负责任,1,贵A8AP83,黑,1,贵CQ4008,白,自培,自培,2004/11/28 0:00,2006/3/30 0:00,一汽佳星牌,-1,355561000000000000 ,366563000000000000 ,197407,197812,13,5,5,工作日,非高峰,2015-05-23,2015年5月23日,阵雨 /阴,19℃ / 14℃,东北风 ≤3级 /东北风 ≤3级,阵雨,阴,19,14,东北风,≤3级,东北风,≤3级,day
2015-05-23 14:00:00,碧海花园,7、未按规定让行的 ,负全部责任,不负责任,1,贵A31A72,黑,1,贵AA027C,蓝,自培,自培,2004/2/16 0:00,2008/3/5 0:00,东风日产牌,红星牌,364646000000000000 ,366067000000000000 ,195508,198910,14,5,5,工作日,非高峰,2015-05-23,2015年5月23日,阵雨 /阴,19℃ / 14℃,东北风 ≤3级 /东北风 ≤3级,阵雨,阴,19,14,东北风,≤3级,东北风,≤3级,day
2015-05-23 21:00:00,北京路,7、未按规定让行的 ,负全部责任,不负责任,1,贵AV8841,白色,1,贵AV7581,白色,-1,99,-1,2004/6/18 0:00,松益牌,迅龙牌,364566000000000000 ,364548000000000000 ,198010,198604,21,5,5,工作日,非高峰,2015-05-23,2015年5月23日,阵雨 /阴,19℃ / 14℃,东北风 ≤3级 /东北风 ≤3级,阵雨,阴,19,14,东北风,≤3级,东北风,≤3级,night
2015-05-23 21:30:00,雪花啤酒厂,7、未按规定让行的 ,负全部责任,不负责任,1,贵HV9872,白,1,贵CG8206,白,-1,-1,-1,-1,-1,-1,764747000000000000 ,36656951155645345X,197912,199112,21,5,5,工作日,非高峰,2015-05-23,2015年5月23日,阵雨 /阴,19℃ / 14℃,东北风 ≤3级 /东北风 ≤3级,阵雨,阴,19,14,东北风,≤3级,东北风,≤3级,night
2015-05-24 00:00:00,花溪区,1、追尾的,负全部责任,不负责任,1,贵A7PY1L,白色,1,贵AA907P,白色,-1,（花溪区）凯信驾驶培训有限公司,-1,2010/9/8 0:00,-1,比亚迪牌,364556000000000000 ,366271000000000000 ,199008,198311,0,6,5,周末,非高峰,2015-05-24,2015年5月24日,多云 /阴,24℃ / 18℃,东风 ≤3级 /东南风 ≤3级,多云,阴,24,18,东风,≤3级,东南风,≤3级,night
2015-05-24 00:00:00,旭东路,9、不符合前8款规定或者双方同时具有上述情形的,负全部责任,不负责任,1,贵A69V41,红,1,贵AC553H,白,-1,（乌当区）新天驾驶培训有限公司,-1,2012/10/9 0:00,捷达牌,长安牌,364545000000 ,366069000000000000 ,148953,198211,0,6,5,周末,非高峰,2015-05-24,2015年5月24日,多云 /阴,24℃ / 18℃,东风 ≤3级 /东南风 ≤3级,多云,阴,24,18,东风,≤3级,东南风,≤3级,night
2015-05-24 00:00:00,花溪大道,7、未按规定让行的 ,负全部责任,不负责任,1,贵A27B22,白色,1,贵AU3172,白色,（花溪区）仁武驾驶培训有限公司,520127,2007/7/19 0:00,2010/2/20 0:00,福克斯牌,隆鑫牌,364556000000000000 ,36687451924053675X,198310,198604,0,6,5,周末,非高峰,2015-05-24,2015年5月24日,多云 /阴,24℃ / 18℃,东风 ≤3级 /东南风 ≤3级,多云,阴,24,18,东风,≤3级,东南风,≤3级,night
2015-05-23 23:00:00,合肥路,9、不符合前8款规定或者双方同时具有上述情形的,负全部责任,不负责任,1,贵A96796,白,1,贵AB386K,红,省交校,-1,2014/9/18 0:00,-1,解放牌,宝马,366261000000000000 ,364596000000000000 ,199303,199106,23,5,5,工作日,非高峰,2015-05-23,2015年5月23日,阵雨 /阴,19℃ / 14℃,东北风 ≤3级 /东北风 ≤3级,阵雨,阴,19,14,东北风,≤3级,东北风,≤3级,night
2015-05-23 20:00:00,小河黄河路,7、未按规定让行的 ,负全部责任,不负责任,1,贵AWA638,白色,1,贵JAP652,白色,十一驾校（经开区）,十一驾驶培训有限公司,2015/3/16 0:00,2014/9/29 0:00,奥迪牌,-1,344673000000000000 ,366568000000000000 ,199202,198308,20,5,5,工作日,非高峰,2015-05-23,2015年5月23日,阵雨 /阴,19℃ / 14℃,东北风 ≤3级 /东北风 ≤3级,阵雨,阴,19,14,东北风,≤3级,东北风,≤3级,night
2015-05-23 19:45:00,延安西路,7、未按规定让行的 ,负全部责任,不负责任,1,贵GT7278,白,1,贵JAC338,红,铁二局驾校,（南明区）金大驾驶培训有限公司,2012/7/2 0:00,2004/6/18 0:00,-1,-1,355464000000000000 ,364547000000000000 ,198706,197804,19,5,5,工作日,晚高峰(17-19点),2015-05-23,2015年5月23日,阵雨 /阴,19℃ / 14℃,东北风 ≤3级 /东北风 ≤3级,阵雨,阴,19,14,东北风,≤3级,东北风,≤3级,day
2015-05-23 18:50:00,太慈桥,8、依法应负全责的其他情形,负全部责任,不负责任,1,贵GF6804,白,1,贵ARC132,红,全林驾校,岑巩县一安驾驶培训有限公司,2012/7/19 0:00,2012/2/17 0:00,-1,五菱牌,366864000000000000 ,364548000000000000 ,198409,198905,18,5,5,工作日,晚高峰(17-19点),2015-05-23,2015年5月23日,阵雨 /阴,19℃ / 14℃,东北风 ≤3级 /东北风 ≤3级,阵雨,阴,19,14,东北风,≤3级,东北风,≤3级,day
2015-05-24 10:00:00,八匹马,8、依法应负全责的其他情形,负全部责任,不负责任,0,贵A742H1,红,1,贵BR9711,红,-1,贵州省长安驾驶培训学校,-1,2013/10/14 0:00,长安牌,-1,366067000000000000 ,364648000000000000 ,198509,198704,10,6,5,周末,非高峰,2015-05-24,2015年5月24日,多云 /阴,24℃ / 18℃,东风 ≤3级 /东南风 ≤3级,多云,阴,24,18,东风,≤3级,东南风,≤3级,day
2015-05-24 10:05:00,白金大道,9、不符合前8款规定或者双方同时具有上述情形的,负同等责任,负同等责任,1,贵DDF191,黑,1,贵A90928,蓝,（白云区）消防驾驶培训学校,预约考试窗口,2008/3/24 0:00,2006/11/20 0:00,-1,乘龙牌,366663000000000000 ,364558000000000000 ,198810,197603,10,6,5,周末,非高峰,2015-05-24,2015年5月24日,多云 /阴,24℃ / 18℃,东风 ≤3级 /东南风 ≤3级,多云,阴,24,18,东风,≤3级,东南风,≤3级,day
2015-05-24 08:00:00,小河平桥,7、未按规定让行的 ,负全部责任,不负责任,1,贵CFC578,白色,1,贵A0N499,白色,凯信驾校（花溪区）,-1,2015/3/5 0:00,-1,-1,-1,366567000000000000 ,74066500000000000 ,198209,199105,8,6,5,周末,早高峰(7-9点),2015-05-24,2015年5月24日,多云 /阴,24℃ / 18℃,东风 ≤3级 /东南风 ≤3级,多云,阴,24,18,东风,≤3级,东南风,≤3级,day
2015-05-24 07:30:00,百花湖,8、依法应负全责的其他情形,负全部责任,不负责任,1,贵AMB579,红,1,贵AX5701,红,消防驾校,消防驾校,1998/8/11 0:00,2015/1/4 0:00,飞碟牌,宗申.比亚乔牌,366364000000000000 ,364557000000000000 ,197311,197702,7,6,5,周末,早高峰(7-9点),2015-05-24,2015年5月24日,多云 /阴,24℃ / 18℃,东风 ≤3级 /东南风 ≤3级,多云,阴,24,18,东风,≤3级,东南风,≤3级,day
2015-05-24 10:05:00,翁贡村,3、倒车的,负全部责任,不负责任,1,贵AE665E,白,1,贵AU3069,绿,（乌当区）新华驾驶培训有限公司,预约考试窗口,2007/3/26 0:00,2007/2/7 0:00,-1,豪铃牌,364557000000000000 ,366876000000000000 ,198901,198110,10,6,5,周末,非高峰,2015-05-24,2015年5月24日,多云 /阴,24℃ / 18℃,东风 ≤3级 /东南风 ≤3级,多云,阴,24,18,东风,≤3级,东南风,≤3级,day
2015-05-23 20:30:00,金清路,1、追尾的,负全部责任,不负责任,1,贵A5118S,红,1,贵AE676E,黄,自培,消防驾校,2002/10/12 0:00,2011/11/29 0:00,东风日产牌,长安牌,355468000000000000 ,36456751994561605X,197011,198801,20,5,5,工作日,非高峰,2015-05-23,2015年5月23日,阵雨 /阴,19℃ / 14℃,东北风 ≤3级 /东北风 ≤3级,阵雨,阴,19,14,东北风,≤3级,东北风,≤3级,night
2015-05-24 00:00:00,小河转盘,7、未按规定让行的 ,负全部责任,不负责任,1,贵A47W34,白色,1,贵HBB358,白色,自培,新华驾校（乌当区）,2003/5/26 0:00,2015/4/13 0:00,大众汽车牌,-1,664648000000000000 ,364547000000000000 ,197003,197207,0,6,5,周末,非高峰,2015-05-24,2015年5月24日,多云 /阴,24℃ / 18℃,东风 ≤3级 /东南风 ≤3级,多云,阴,24,18,东风,≤3级,东南风,≤3级,night
2015-05-23 18:30:00,太平路,7、未按规定让行的 ,负全部责任,不负责任,1,贵AEP632,黑,1,贵A86X24,红,贵大佳德驾驶培训学校,十一培,2014/11/10 0:00,1994/5/5 0:00,奇瑞牌,别克牌,366564000000000000 ,364548000000000000 ,199002,195912,18,5,5,工作日,晚高峰(17-19点),2015-05-23,2015年5月23日,阵雨 /阴,19℃ / 14℃,东北风 ≤3级 /东北风 ≤3级,阵雨,阴,19,14,东北风,≤3级,东北风,≤3级,day
2015-05-24 07:30:00,世纪城,1、追尾的,负全部责任,不负责任,1,贵GP1358,黑,1,贵AU8352,黑,-1,十一培,-1,1995/7/24 0:00,-1,瑞麒牌,354364000000000000 ,354698000000000000 ,196609,197805,7,6,5,周末,早高峰(7-9点),2015-05-24,2015年5月24日,多云 /阴,24℃ / 18℃,东风 ≤3级 /东南风 ≤3级,多云,阴,24,18,东风,≤3级,东南风,≤3级,day
2015-05-23 21:00:00,蟠桃宫,7、未按规定让行的 ,负全部责任,不负责任,1,贵A8304P,白色,1,贵A5AS05,白色,文通驾校,自培,2011/6/13 0:00,2001/9/19 0:00,长安牌,大众汽车牌,364556000000000000 ,364547000000000000 ,198805,197405,21,5,5,工作日,非高峰,2015-05-23,2015年5月23日,阵雨 /阴,19℃ / 14℃,东北风 ≤3级 /东北风 ≤3级,阵雨,阴,19,14,东北风,≤3级,东北风,≤3级,night
2015-05-24 09:00:00,永红小区,3、倒车的,负全部责任,不负责任,1,贵A2N757,白色,1,贵J03958,白色,-1,自培,-1,2002/6/20 0:00,-1,-1,364544000000 ,366362000000000000 ,401937,196508,9,6,5,周末,早高峰(7-9点),2015-05-24,2015年5月24日,多云 /阴,24℃ / 18℃,东风 ≤3级 /东南风 ≤3级,多云,阴,24,18,东风,≤3级,东南风,≤3级,day
2015-05-24 10:00:00,省军区,3、倒车的,负全部责任,不负责任,1,贵A75Z67,白色,1,贵JCE852,白色,吉源驾校,-1,2015/1/16 0:00,-1,马自达牌,-1,36662500000000000 ,36686651254166447X,198208,196109,10,6,5,周末,非高峰,2015-05-24,2015年5月24日,多云 /阴,24℃ / 18℃,东风 ≤3级 /东南风 ≤3级,多云,阴,24,18,东风,≤3级,东南风,≤3级,day
2015-05-24 07:00:00,龙家寨,8、依法应负全责的其他情形,负全部责任,不负责任,1,贵JQ2592,白色,1,贵JX3447,白色,惠水县黔岭机动车驾驶培训有限公司,铁二局驾校,-1,2010/5/11 0:00,-1,-1,366862000000000000 ,364566000000000000 ,197602,198901,7,6,5,周末,早高峰(7-9点),2015-05-24,2015年5月24日,多云 /阴,24℃ / 18℃,东风 ≤3级 /东南风 ≤3级,多云,阴,24,18,东风,≤3级,东南风,≤3级,day
2015-05-24 00:00:00,解放西路,7、未按规定让行的 ,负全部责任,不负责任,1,贵A14119,白色,1,贵HAM167,白色,无,自培,1997/4/24 0:00,-1,五征,-1,364547000000000000 ,36606051965457647X,197404,198210,0,6,5,周末,非高峰,2015-05-24,2015年5月24日,多云 /阴,24℃ / 18℃,东风 ≤3级 /东南风 ≤3级,多云,阴,24,18,东风,≤3级,东南风,≤3级,night
2015-05-24 12:40:00,师大,7、未按规定让行的 ,负全部责任,不负责任,1,贵A54A79,白,1,贵A5BP17,红,（南明区）市交通职业技术驾驶培训学校,新华驾校,2007/12/28 0:00,2011/4/1 0:00,-1,东风雪铁龙牌,54066500000000000 ,366666000000000000 ,197409,198010,12,6,5,周末,非高峰,2015-05-24,2015年5月24日,多云 /阴,24℃ / 18℃,东风 ≤3级 /东南风 ≤3级,多云,阴,24,18,东风,≤3级,东南风,≤3级,day
2015-05-24 11:00:00,贵龙大道,1、追尾的,负全部责任,不负责任,1,贵AVE417,白色,1,贵A6924R,白色,-1,预约考试窗口,-1,2006/2/6 0:00,奥迪牌,三菱帕杰罗,344366000000000000 ,366274000000000000 ,197208,198008,11,6,5,周末,非高峰,2015-05-24,2015年5月24日,多云 /阴,24℃ / 18℃,东风 ≤3级 /东南风 ≤3级,多云,阴,24,18,东风,≤3级,东南风,≤3级,day
2015-05-24 13:00:00,中铁生态城,8、依法应负全责的其他情形,负全部责任,不负责任,1,贵A38C23,蓝,1,贵A0BH29,红,贵大佳德驾驶培训学校,自培,2013/10/10 0:00,2012/10/17 0:00,东风雪铁龙,-1,366668000000000000 ,366562000000000000 ,199212,196606,13,6,5,周末,非高峰,2015-05-24,2015年5月24日,多云 /阴,24℃ / 18℃,东风 ≤3级 /东南风 ≤3级,多云,阴,24,18,东风,≤3级,东南风,≤3级,day
2015-05-24 12:30:00,北京西路,7、未按规定让行的 ,负全部责任,不负责任,1,贵JT4548,白,0,云A324KF,白,自培,全林驾校,1993/9/10 0:00,2014/6/26 0:00,-1,-1,364548000000000000 ,364547000000000000 ,196901,199110,12,6,5,周末,非高峰,2015-05-24,2015年5月24日,多云 /阴,24℃ / 18℃,东风 ≤3级 /东南风 ≤3级,多云,阴,24,18,东风,≤3级,东南风,≤3级,day
2015-05-24 11:00:00,新路口,8、依法应负全责的其他情形,负全部责任,不负责任,1,贵AU9513,白色,1,贵A89G42,白色,自培,福泉市锦程机动车驾驶培训学校,2003/8/18 0:00,2006/12/22 0:00,瑞麒牌,东风标致牌,354166000000000000 ,364548000000000000 ,196204,196711,11,6,5,周末,非高峰,2015-05-24,2015年5月24日,多云 /阴,24℃ / 18℃,东风 ≤3级 /东南风 ≤3级,多云,阴,24,18,东风,≤3级,东南风,≤3级,day
2015-05-24 04:00:00,鹿冲关,1、追尾的,负全部责任,不负责任,1,贵ASN323,蓝,1,贵A0N578,白,自培,预约考试窗口,2003/7/24 0:00,2007/4/10 0:00,大众汽车牌,-1,364548000000000000 ,364548000000000000 ,198503,198510,4,6,5,周末,非高峰,2015-05-24,2015年5月24日,多云 /阴,24℃ / 18℃,东风 ≤3级 /东南风 ≤3级,多云,阴,24,18,东风,≤3级,东南风,≤3级,night
2015-05-24 09:01:00,大关,1、追尾的,负全部责任,不负责任,1,贵AUA036,白,0,贵AMJ919,红,自培,自培,2003/8/18 0:00,2004/2/5 0:00,丰田牌,波罗牌,364548000000000000 ,366368000000000000 ,198408,197010,9,6,5,周末,早高峰(7-9点),2015-05-24,2015年5月24日,多云 /阴,24℃ / 18℃,东风 ≤3级 /东南风 ≤3级,多云,阴,24,18,东风,≤3级,东南风,≤3级,day
2015-05-24 10:00:00,牛郎关,3、倒车的,负全部责任,不负责任,1,贵CB1300,白色,1,贵AA674L,白色,自培,-1,2005/7/14 0:00,-1,-1,五菱牌,366869000000000000 ,357963000000000000 ,198506,199304,10,6,5,周末,非高峰,2015-05-24,2015年5月24日,多云 /阴,24℃ / 18℃,东风 ≤3级 /东南风 ≤3级,多云,阴,24,18,东风,≤3级,东南风,≤3级,day
2015-05-24 10:30:00,大营路,7、未按规定让行的 ,负全部责任,不负责任,0,贵JEN332,银,1,贵A69P81,红,自培,自培,2009/2/2 0:00,2001/8/27 0:00,-1,奥迪牌,366862000000000000 ,36454751944745695X,197112,198003,10,6,5,周末,非高峰,2015-05-24,2015年5月24日,多云 /阴,24℃ / 18℃,东风 ≤3级 /东南风 ≤3级,多云,阴,24,18,东风,≤3级,东南风,≤3级,day
2015-05-24 11:40:00,冒沙井,7、未按规定让行的 ,负全部责任,不负责任,1,贵A85R93,白,1,贵AW6254,黄,自培,自培,2003/5/27 0:00,2012/8/7 0:00,丰田牌,力帆牌,364548000000000000 ,364567000000000000 ,197009,198909,11,6,5,周末,非高峰,2015-05-24,2015年5月24日,多云 /阴,24℃ / 18℃,东风 ≤3级 /东南风 ≤3级,多云,阴,24,18,东风,≤3级,东南风,≤3级,day
2015-05-24 12:00:00,甘平路,7、未按规定让行的 ,负全部责任,不负责任,1,贵AN0799,白色,1,贵A406F5,白色,自培,自培,2002/1/22 0:00,1995/1/16 0:00,隆鑫牌,江淮牌,366346000000000000 ,364556000000000000 ,197501,197710,12,6,5,周末,非高峰,2015-05-24,2015年5月24日,多云 /阴,24℃ / 18℃,东风 ≤3级 /东南风 ≤3级,多云,阴,24,18,东风,≤3级,东南风,≤3级,day
2015-05-24 11:00:00,太慈桥,8、依法应负全责的其他情形,负全部责任,不负责任,1,贵A95672,白色,1,贵A07449,白色,自培,贵大佳德驾驶培训学,2004/8/2 0:00,2008/6/18 0:00,徐工牌,炎龙牌,366563000000000000 ,36687551964859847X,195402,198207,11,6,5,周末,非高峰,2015-05-24,2015年5月24日,多云 /阴,24℃ / 18℃,东风 ≤3级 /东南风 ≤3级,多云,阴,24,18,东风,≤3级,东南风,≤3级,day
2015-05-24 10:30:00,宝山路,7、未按规定让行的 ,负全部责任,不负责任,1,贵AFR777,黑,1,贵AU7260,黄,-1,十一培,-1,1995/9/16 0:00,飞度牌,万达牌,364547000000000 ,366364000000000000 ,194302,196810,10,6,5,周末,非高峰,2015-05-24,2015年5月24日,多云 /阴,24℃ / 18℃,东风 ≤3级 /东南风 ≤3级,多云,阴,24,18,东风,≤3级,东南风,≤3级,day
2015-05-24 11:10:00,大山洞,1、追尾的,负全部责任,不负责任,1,贵A55609,黑,1,贵A86R33,黑,-1,十一培,-1,1998/5/15 0:00,丰田牌,神行者 2,364557000000000 ,364557000000000000 ,670517,197002,11,6,5,周末,非高峰,2015-05-24,2015年5月24日,多云 /阴,24℃ / 18℃,东风 ≤3级 /东南风 ≤3级,多云,阴,24,18,东风,≤3级,东南风,≤3级,day
2015-05-24 08:50:00,省二医,1、追尾的,负全部责任,不负责任,1,贵A91H13,白,1,贵A51K61,蓝,消防驾校,自培,2014/6/25 0:00,2004/6/10 0:00,长安牌,别克牌,364548000000000000 ,364548000000000000 ,198810,196008,8,6,5,周末,早高峰(7-9点),2015-05-24,2015年5月24日,多云 /阴,24℃ / 18℃,东风 ≤3级 /东南风 ≤3级,多云,阴,24,18,东风,≤3级,东南风,≤3级,day
2015-05-24 08:30:00,白云公园,3、倒车的,负全部责任,不负责任,1,贵ACY585,黑,1,贵A4188G,红,安顺市汽车运输公司驾驶员培训学校,自培,2012/3/19 0:00,2005/3/9 0:00,奇瑞牌,长安牌,364558000000000000 ,366566000000000000 ,198805,198207,8,6,5,周末,早高峰(7-9点),2015-05-24,2015年5月24日,多云 /阴,24℃ / 18℃,东风 ≤3级 /东南风 ≤3级,多云,阴,24,18,东风,≤3级,东南风,≤3级,day
2015-05-24 02:30:00,机场路,7、未按规定让行的 ,负全部责任,不负责任,1,贵AAY556,白,1,贵AF5101,红,自培,自培,2000/5/10 0:00,2003/9/2 0:00,东风标致牌,金城牌,364548000000000000 ,36454651965648705X,198108,198212,2,6,5,周末,非高峰,2015-05-24,2015年5月24日,多云 /阴,24℃ / 18℃,东风 ≤3级 /东南风 ≤3级,多云,阴,24,18,东风,≤3级,东南风,≤3级,night
2015-05-24 14:00:00,百花山路,7、未按规定让行的 ,负全部责任,不负责任,1,贵AZC638,红,1,贵A7AV62,白,-1,蓝天驾校,-1,2012/8/14 0:00,长城牌,宝马,366273000000000000 ,36454751804151365X,198106,197409,14,6,5,周末,非高峰,2015-05-24,2015年5月24日,多云 /阴,24℃ / 18℃,东风 ≤3级 /东南风 ≤3级,多云,阴,24,18,东风,≤3级,东南风,≤3级,day
2015-05-24 15:00:00,二铺,3、倒车的,负全部责任,不负责任,1,贵A80253,蓝,1,贵A7708P,蓝,-1,诚信驾驶培训学校,-1,2014/10/10 0:00,昌河,五菱牌,366577000000000000 ,36459551134856367X,197809,199507,15,6,5,周末,非高峰,2015-05-24,2015年5月24日,多云 /阴,24℃ / 18℃,东风 ≤3级 /东南风 ≤3级,多云,阴,24,18,东风,≤3级,东南风,≤3级,day
2015-05-24 15:00:00,沙冲南路,3、倒车的,负全部责任,不负责任,1,贵A8Q204,白色,1,贵A89H51,白色,-1,长运驾校,-1,2012/8/13 0:00,-1,福克斯牌,35616851854650153X,364646000000000000 ,197102,197512,15,6,5,周末,非高峰,2015-05-24,2015年5月24日,多云 /阴,24℃ / 18℃,东风 ≤3级 /东南风 ≤3级,多云,阴,24,18,东风,≤3级,东南风,≤3级,day
2015-05-24 16:00:00,孟关,9、不符合前8款规定或者双方同时具有上述情形的,负同等责任,负同等责任,1,贵A9P611,白色,1,***,白色,-1,-1,-1,-1,-1,-1,364556000000000000 ,65467500000000000 ,198404,198608,16,6,5,周末,非高峰,2015-05-24,2015年5月24日,多云 /阴,24℃ / 18℃,东风 ≤3级 /东南风 ≤3级,多云,阴,24,18,东风,≤3级,东南风,≤3级,day
2015-05-24 16:20:00,瑞金北路,8、依法应负全责的其他情形,负全部责任,不负责任,1,黑M96648,红,1,贵A0P510,白,-1,长运驾校（南明区）,-1,2013/5/24 0:00,-1,-1,676747000000000000 ,364547000000000000 ,197706,198605,16,6,5,周末,非高峰,2015-05-24,2015年5月24日,多云 /阴,24℃ / 18℃,东风 ≤3级 /东南风 ≤3级,多云,阴,24,18,东风,≤3级,东南风,≤3级,day
2015-05-24 14:55:00,解放路,3、倒车的,负全部责任,不负责任,1,贵A49H57,红,1,贵AB929T,白,（南明区）市交通职业技术驾驶培训学校,520135,2009/10/14 0:00,2011/2/22 0:00,起亚牌,起亚牌,364547000000000000 ,366347000000000000 ,197410,196409,14,6,5,周末,非高峰,2015-05-24,2015年5月24日,多云 /阴,24℃ / 18℃,东风 ≤3级 /东南风 ≤3级,多云,阴,24,18,东风,≤3级,东南风,≤3级,day