accidenttime,accidentaddr,driver1fault,driver1responsibility,driver2responsibility,sex1,platenumber1,carcolor1,sex2,platenumber2,carcolor2,jxmc1,jxmc2,cclzrq1,cclzrq2,clpp1,clpp2,driver1license,driver2license,brith1,brith2,hour,weekday,month,is_weekday,peak_hour,date,日期,天气状况,气温,风力风向,day_wea,night_wea,day_tep,night_tep,day_wind_direction,day_wind_speed,night_wind_direction,night_wind_speed,segment
2015-05-24 15:00:00,都司路,7、未按规定让行的 ,负全部责任,不负责任,1,贵A45M34,白色,1,贵A59M54,白色,长运驾校,铁二局驾校,2011/5/10 0:00,2012/10/24 0:00,英伦牌,长安牌,364548000000000000 ,356168000000000000 ,198806,196707,15,6,5,周末,非高峰,2015-05-24,2015年5月24日,多云 /阴,24℃ / 18℃,东风 ≤3级 /东南风 ≤3级,多云,阴,24,18,东风,≤3级,东南风,≤3级,day
2015-05-24 15:00:00,小河,7、未按规定让行的 ,负全部责任,不负责任,1,贵JBM542,白色,1,贵FAT786,白色,（观山湖区）诚信驾驶培训有限公司,-1,2009/4/23 0:00,-1,-1,-1,366669000000000000 ,366068000000000000 ,198404,198008,15,6,5,周末,非高峰,2015-05-24,2015年5月24日,多云 /阴,24℃ / 18℃,东风 ≤3级 /东南风 ≤3级,多云,阴,24,18,东风,≤3级,东南风,≤3级,day
2015-05-24 17:40:00,观山湖,7、未按规定让行的 ,负全部责任,不负责任,1,贵A46W89,蓝,1,贵AK623M,银,-1,鑫鑫驾校,-1,2012/10/22 0:00,大众汽车牌,-1,364557000000000000 ,364557000000000000 ,198302,199302,17,6,5,周末,晚高峰(17-19点),2015-05-24,2015年5月24日,多云 /阴,24℃ / 18℃,东风 ≤3级 /东南风 ≤3级,多云,阴,24,18,东风,≤3级,东南风,≤3级,day
2015-05-24 18:00:00,花溪,1、追尾的,负全部责任,不负责任,1,贵ADD952,白色,1,贵BM2723,白色,520116,诚信驾驶培训学校,1996/7/10 0:00,2015/4/7 0:00,东风日产牌,-1,366246000000000000 ,364567000000000000 ,197303,199011,18,6,5,周末,晚高峰(17-19点),2015-05-24,2015年5月24日,多云 /阴,24℃ / 18℃,东风 ≤3级 /东南风 ≤3级,多云,阴,24,18,东风,≤3级,东南风,≤3级,day
2015-05-24 19:00:00,四方河,9、不符合前8款规定或者双方同时具有上述情形的,负同等责任,负同等责任,1,贵JED322,白色,1,贵A755E7,白色,-1,鑫鑫驾校,-1,2013/9/2 0:00,-1,长安牌,356166000000000000 ,355247000000000000 ,195605,199302,19,6,5,周末,晚高峰(17-19点),2015-05-24,2015年5月24日,多云 /阴,24℃ / 18℃,东风 ≤3级 /东南风 ≤3级,多云,阴,24,18,东风,≤3级,东南风,≤3级,day
2015-05-24 13:05:00,云峰大道,7、未按规定让行的 ,负全部责任,不负责任,0,贵A8G637,白,1,贵AU7646,黄,自培,自培,2004/12/30 0:00,2012/11/15 0:00,-1,金龙牌,364558000000000000 ,366061000000000000 ,198302,199001,13,6,5,周末,非高峰,2015-05-24,2015年5月24日,多云 /阴,24℃ / 18℃,东风 ≤3级 /东南风 ≤3级,多云,阴,24,18,东风,≤3级,东南风,≤3级,day
2015-05-24 14:30:00,中山西路,7、未按规定让行的 ,负全部责任,不负责任,1,贵AHK427,红,1,贵A6CA54,黑,（南明区）市交通职业技术驾驶培训学校,十一培,2005/10/9 0:00,1997/12/17 0:00,锋范牌,大众牌,364556000000000000 ,364548000000000000 ,196807,197309,14,6,5,周末,非高峰,2015-05-24,2015年5月24日,多云 /阴,24℃ / 18℃,东风 ≤3级 /东南风 ≤3级,多云,阴,24,18,东风,≤3级,东南风,≤3级,day
2015-05-24 11:00:00,花溪,7、未按规定让行的 ,负全部责任,不负责任,1,贵GQ1634,白色,1,贵B37994,白色,自培,十一培,2004/12/27 0:00,1995/2/8 0:00,-1,-1,366276000000000000 ,364547000000000000 ,197409,197212,11,6,5,周末,非高峰,2015-05-24,2015年5月24日,多云 /阴,24℃ / 18℃,东风 ≤3级 /东南风 ≤3级,多云,阴,24,18,东风,≤3级,东南风,≤3级,day
2015-05-24 11:45:00,大西门,1、追尾的,负全部责任,不负责任,1,贵AU9605,银,1,贵ATY008,黑,自培,十一培,2004/3/31 0:00,1993/11/7 0:00,双狮牌,东风日产牌,366361000000000000 ,364558000000000000 ,198403,197202,11,6,5,周末,非高峰,2015-05-24,2015年5月24日,多云 /阴,24℃ / 18℃,东风 ≤3级 /东南风 ≤3级,多云,阴,24,18,东风,≤3级,东南风,≤3级,day
2015-05-24 13:00:00,黄河路,1、追尾的,负全部责任,不负责任,1,贵A0CC90,白色,1,贵AL199P,白色,自培,自培,2001/11/10 0:00,2002/6/20 0:00,雪佛兰牌,-1,364556000000000000 ,364547000000000000 ,197908,197401,13,6,5,周末,非高峰,2015-05-24,2015年5月24日,多云 /阴,24℃ / 18℃,东风 ≤3级 /东南风 ≤3级,多云,阴,24,18,东风,≤3级,东南风,≤3级,day
2015-05-24 17:00:00,花溪,1、追尾的,负全部责任,不负责任,1,贵AB345C,白色,1,贵A5950E,白色,自培,自培,2008/1/10 0:00,2003/11/11 0:00,马自达牌,理念牌,364556000000000000 ,357468000000000000 ,198907,197503,17,6,5,周末,晚高峰(17-19点),2015-05-24,2015年5月24日,多云 /阴,24℃ / 18℃,东风 ≤3级 /东南风 ≤3级,多云,阴,24,18,东风,≤3级,东南风,≤3级,day
2015-05-24 13:10:00,八匹马,1、追尾的,负全部责任,不负责任,1,贵AV8275,绿,1,贵AVM234,黑,自培,自培,2003/8/23 0:00,2004/1/9 0:00,哈飞牌,奥迪牌,364548000000000000 ,366061000000000000 ,196309,196803,13,6,5,周末,非高峰,2015-05-24,2015年5月24日,多云 /阴,24℃ / 18℃,东风 ≤3级 /东南风 ≤3级,多云,阴,24,18,东风,≤3级,东南风,≤3级,day
2015-05-24 11:03:00,八鸽岩,3、倒车的,负全部责任,不负责任,1,贵A4259V,黑,0,贵A6BF35,黑,自培,自培,2007/4/17 0:00,2006/11/3 0:00,夏利牌,起亚牌,364547000000000000 ,364548000000000000 ,196803,197106,11,6,5,周末,非高峰,2015-05-24,2015年5月24日,多云 /阴,24℃ / 18℃,东风 ≤3级 /东南风 ≤3级,多云,阴,24,18,东风,≤3级,东南风,≤3级,day
2015-05-24 17:28:00,金朱东路口,7、未按规定让行的 ,负全部责任,不负责任,1,贵AFD897,红,1,贵A87468,蓝,（白云区）消防驾驶培训学校,-1,2009/5/15 0:00,-1,波罗牌,嘉龙牌,364558000000000000 ,366261000000000000 ,196803,198805,17,6,5,周末,晚高峰(17-19点),2015-05-24,2015年5月24日,多云 /阴,24℃ / 18℃,东风 ≤3级 /东南风 ≤3级,多云,阴,24,18,东风,≤3级,东南风,≤3级,day
2015-05-24 21:30:00,瑞金路,7、未按规定让行的 ,负全部责任,不负责任,1,贵A98P64,黑,1,贵A55B81,红,长运驾校,吉源驾校,2011/10/31 0:00,1999/5/20 0:00,沃尔沃,-1,364548000000000000 ,364548000000000000 ,199007,198109,21,6,5,周末,非高峰,2015-05-24,2015年5月24日,多云 /阴,24℃ / 18℃,东风 ≤3级 /东南风 ≤3级,多云,阴,24,18,东风,≤3级,东南风,≤3级,night
2015-05-24 17:40:00,亨特停车场,3、倒车的,负全部责任,不负责任,0,贵JDD878,白,1,贵A3BE31,红,金大驾校,520123,2014/8/15 0:00,2010/12/1 0:00,-1,东风标致牌,364548000000000000 ,364547000000000000 ,199109,199105,17,6,5,周末,晚高峰(17-19点),2015-05-24,2015年5月24日,多云 /阴,24℃ / 18℃,东风 ≤3级 /东南风 ≤3级,多云,阴,24,18,东风,≤3级,东南风,≤3级,day
2015-05-24 18:30:00,花二道,1、追尾的,负全部责任,不负责任,1,贵JBR814,黑,1,贵JBL373,蓝,路路达驾校,消防驾校,2012/8/27 0:00,2007/5/22 0:00,-1,-1,36454651255567647X,354367000000000000 ,196111,197011,18,6,5,周末,晚高峰(17-19点),2015-05-24,2015年5月24日,多云 /阴,24℃ / 18℃,东风 ≤3级 /东南风 ≤3级,多云,阴,24,18,东风,≤3级,东南风,≤3级,day
2015-05-24 19:20:00,大西门,7、未按规定让行的 ,负全部责任,不负责任,1,贵AV6489,白,1,贵AU0417,蓝,（云岩区）省交通职业技术驾驶培训学校,-1,2005/8/30 0:00,-1,吉利牌,宝来牌,354669000000000000 ,366566000000000000 ,197502,197310,19,6,5,周末,晚高峰(17-19点),2015-05-24,2015年5月24日,多云 /阴,24℃ / 18℃,东风 ≤3级 /东南风 ≤3级,多云,阴,24,18,东风,≤3级,东南风,≤3级,day
2015-05-25 07:00:00,皂角井,1、追尾的,负全部责任,不负责任,1,贵A3P640,白色,1,贵GA9218,白色,-1,鑫鑫驾校,-1,2012/4/11 0:00,-1,-1,764858000000000000 ,364547000000000000 ,199044,196612,7,0,5,工作日,早高峰(7-9点),2015-05-25,2015年5月25日,多云 /阵雨,26℃ / 19℃,东南风 ≤3级 /东南风 ≤3级,多云,阵雨,26,19,东南风,≤3级,东南风,≤3级,day
2015-05-25 08:00:00,杨家山,1、追尾的,负全部责任,不负责任,1,豫A952H3,白色,1,贵APT729,白色,-1,高新驾校,-1,2010/10/25 0:00,红旗牌,夏利牌,05406551914062343X,364568000000000000 ,198904,198809,8,0,5,工作日,早高峰(7-9点),2015-05-25,2015年5月25日,多云 /阵雨,26℃ / 19℃,东南风 ≤3级 /东南风 ≤3级,多云,阵雨,26,19,东南风,≤3级,东南风,≤3级,day
2015-05-25 08:00:00,航天路,8、依法应负全责的其他情形,负全部责任,不负责任,1,贵A3L461,白,1,贵A45E23,黑,贵工驾校,新天驾校,2014/10/13 0:00,2011/10/21 0:00,-1,宝骏牌,364548000000000000 ,364557000000000000 ,198604,199008,8,0,5,工作日,早高峰(7-9点),2015-05-25,2015年5月25日,多云 /阵雨,26℃ / 19℃,东南风 ≤3级 /东南风 ≤3级,多云,阵雨,26,19,东南风,≤3级,东南风,≤3级,day
2015-05-25 08:50:00,西二环,1、追尾的,负全部责任,不负责任,0,贵AC2524,白,1,贵AKT355,黑,新天驾校（乌当区）,财院驾校,2015/4/7 0:00,2004/12/17 0:00,先锋牌,丰田牌,357267000000000000 ,364547000000000000 ,198305,198201,8,0,5,工作日,早高峰(7-9点),2015-05-25,2015年5月25日,多云 /阵雨,26℃ / 19℃,东南风 ≤3级 /东南风 ≤3级,多云,阵雨,26,19,东南风,≤3级,东南风,≤3级,day
2015-05-25 07:55:00,盐务街口,7、未按规定让行的 ,负全部责任,不负责任,1,贵A3H250,白,1,贵A5AG28,红,蓝天驾校,大方大山驾校,2014/7/16 0:00,2007/11/27 0:00,-1,沃尔沃牌,364646000000000000 ,366067000000000000 ,198612,197002,7,0,5,工作日,早高峰(7-9点),2015-05-25,2015年5月25日,多云 /阵雨,26℃ / 19℃,东南风 ≤3级 /东南风 ≤3级,多云,阵雨,26,19,东南风,≤3级,东南风,≤3级,day
2015-05-25 08:18:00,北二环,1、追尾的,负全部责任,不负责任,1,贵AL6625,蓝,1,贵FH1019,白,贵阳万里圣驾校,-1,2012/7/13 0:00,-1,钱江牌,-1,366566000000000000 ,366061000000000000 ,198211,199004,8,0,5,工作日,早高峰(7-9点),2015-05-25,2015年5月25日,多云 /阵雨,26℃ / 19℃,东南风 ≤3级 /东南风 ≤3级,多云,阵雨,26,19,东南风,≤3级,东南风,≤3级,day
2015-05-24 18:00:00,车水路,1、追尾的,负全部责任,不负责任,1,川BN3357,白色,1,贵GN9432,白色,自培,-1,2006/8/2 0:00,-1,-1,-1,354896000000000000 ,366362000000000000 ,196804,198602,18,6,5,周末,晚高峰(17-19点),2015-05-24,2015年5月24日,多云 /阴,24℃ / 18℃,东风 ≤3级 /东南风 ≤3级,多云,阴,24,18,东风,≤3级,东南风,≤3级,day
2015-05-24 20:30:00,太慈桥,7、未按规定让行的 ,负全部责任,不负责任,0,闽A37V46,黑,1,鄂F6B344,白,自培,-1,2009/2/25 0:00,-1,宝马,-1,73456951275454755X,64297500000000000 ,196310,197811,20,6,5,周末,非高峰,2015-05-24,2015年5月24日,多云 /阴,24℃ / 18℃,东风 ≤3级 /东南风 ≤3级,多云,阴,24,18,东风,≤3级,东南风,≤3级,night
2015-05-24 17:10:00,白云南路,1、追尾的,负全部责任,不负责任,1,贵AUA447,黑,1,贵A4061T,红,自培,路路达驾校,2011/3/30 0:00,2013/8/8 0:00,吉利美日牌,夏利牌,355468000000000000 ,364558000000000000 ,197702,199302,17,6,5,周末,晚高峰(17-19点),2015-05-24,2015年5月24日,多云 /阴,24℃ / 18℃,东风 ≤3级 /东南风 ≤3级,多云,阴,24,18,东风,≤3级,东南风,≤3级,day
2015-05-25 03:30:00,花果园,9、不符合前8款规定或者双方同时具有上述情形的,负同等责任,负同等责任,1,贵GV7662,白,1,贵APS402,黑,自培,-1,2007/3/21 0:00,-1,-1,江铃牌,366566000000000000 ,354366000000000000 ,197402,197408,3,0,5,工作日,非高峰,2015-05-25,2015年5月25日,多云 /阵雨,26℃ / 19℃,东南风 ≤3级 /东南风 ≤3级,多云,阵雨,26,19,东南风,≤3级,东南风,≤3级,night
2015-05-25 08:10:00,温泉路口,7、未按规定让行的 ,负全部责任,不负责任,1,贵ATH909,红,1,贵CHX514,白,自培,-1,2004/4/15 0:00,-1,-1,-1,364548000000000000 ,366568000000000000 ,197810,198302,8,0,5,工作日,早高峰(7-9点),2015-05-25,2015年5月25日,多云 /阵雨,26℃ / 19℃,东南风 ≤3级 /东南风 ≤3级,多云,阵雨,26,19,东南风,≤3级,东南风,≤3级,day
2015-05-25 08:00:00,大营坡,9、不符合前8款规定或者双方同时具有上述情形的,负同等责任,负同等责任,0,贵AED589,红,1,贵A37X66,黑,自培,-1,2003/6/30 0:00,-1,迈腾牌,丰田牌,366069000000000000 ,364557000000000000 ,197509,196608,8,0,5,工作日,早高峰(7-9点),2015-05-25,2015年5月25日,多云 /阵雨,26℃ / 19℃,东南风 ≤3级 /东南风 ≤3级,多云,阵雨,26,19,东南风,≤3级,东南风,≤3级,day
2015-05-25 08:00:00,次南门,3、倒车的,负全部责任,不负责任,1,贵A483J9,白色,1,贵A9BV06,白色,-1,自培,-1,2007/6/4 0:00,金杯牌,东风雪铁龙牌,36676600000000000 ,364547000000000000 ,197081,197509,8,0,5,工作日,早高峰(7-9点),2015-05-25,2015年5月25日,多云 /阵雨,26℃ / 19℃,东南风 ≤3级 /东南风 ≤3级,多云,阵雨,26,19,东南风,≤3级,东南风,≤3级,day
2015-05-25 07:00:00,清溪路,1、追尾的,负全部责任,不负责任,1,贵AB233P,白色,1,贵A55K83,白色,诚信驾驶培训学校,自培,2014/7/20 0:00,2004/6/17 0:00,吉利牌,翼搏牌,364556000000000000 ,364547000000000000 ,197706,197311,7,0,5,工作日,早高峰(7-9点),2015-05-25,2015年5月25日,多云 /阵雨,26℃ / 19℃,东南风 ≤3级 /东南风 ≤3级,多云,阵雨,26,19,东南风,≤3级,东南风,≤3级,day
2015-05-24 18:00:00,吉林村,3、倒车的,负全部责任,不负责任,1,贵AA5519,白色,1,贵AKW666,白色,自培,自培,2012/6/4 0:00,2005/12/22 0:00,金轮,丰田牌,354668000000000000 ,366061000000000000 ,197304,198206,18,6,5,周末,晚高峰(17-19点),2015-05-24,2015年5月24日,多云 /阴,24℃ / 18℃,东风 ≤3级 /东南风 ≤3级,多云,阴,24,18,东风,≤3级,东南风,≤3级,day
2015-05-24 20:00:00,盘江路,1、追尾的,负全部责任,不负责任,1,贵ALK877,白色,1,贵AX8412,白色,自培,自培,2000/8/31 0:00,2002/12/10 0:00,丰田牌,钱江牌,364548000000000000 ,364548000000000000 ,197411,197308,20,6,5,周末,非高峰,2015-05-24,2015年5月24日,多云 /阴,24℃ / 18℃,东风 ≤3级 /东南风 ≤3级,多云,阴,24,18,东风,≤3级,东南风,≤3级,night
2015-05-25 07:20:00,金阳,8、依法应负全责的其他情形,负全部责任,不负责任,1,云AF119J,红,0,贵ANX848,红,自培,自培,2008/12/30 0:00,2005/12/5 0:00,金杯牌,福特牌,374796000000000000 ,364547000000000000 ,198409,198301,7,0,5,工作日,早高峰(7-9点),2015-05-25,2015年5月25日,多云 /阵雨,26℃ / 19℃,东南风 ≤3级 /东南风 ≤3级,多云,阵雨,26,19,东南风,≤3级,东南风,≤3级,day
2015-05-25 08:00:00,贵开路,8、依法应负全责的其他情形,负全部责任,不负责任,1,贵A9AW37,白,1,贵A63L54,白,-1,-1,1979/12/4 0:00,-1,别克牌,雪佛兰牌,364558000000000000 ,50606700000000000 ,196207,198309,8,0,5,工作日,早高峰(7-9点),2015-05-25,2015年5月25日,多云 /阵雨,26℃ / 19℃,东南风 ≤3级 /东南风 ≤3级,多云,阵雨,26,19,东南风,≤3级,东南风,≤3级,day
2015-05-25 08:30:00,阳关立交,1、追尾的,负全部责任,不负责任,1,贵DO9449,黄,0,贵AV1743,黑,-1,自培,-1,1990/3/12 0:00,-1,天马牌,366568000000000000 ,364548000000000000 ,196908,196509,8,0,5,工作日,早高峰(7-9点),2015-05-25,2015年5月25日,多云 /阵雨,26℃ / 19℃,东南风 ≤3级 /东南风 ≤3级,多云,阵雨,26,19,东南风,≤3级,东南风,≤3级,day
2015-05-25 09:00:00,小河,3、倒车的,负全部责任,不负责任,1,贵ALU442,白色,1,贵A7231B,白色,-1,-1,-1,-1,英伦牌,丰田牌,36654600000000000 ,366565000000000000 ,198072,198704,9,0,5,工作日,早高峰(7-9点),2015-05-25,2015年5月25日,多云 /阵雨,26℃ / 19℃,东南风 ≤3级 /东南风 ≤3级,多云,阵雨,26,19,东南风,≤3级,东南风,≤3级,day
2015-05-25 11:00:00,火车北站,7、未按规定让行的 ,负全部责任,不负责任,1,贵AKQ383,红,1,贵AU1005,黄,-1,自培,-1,2003/9/27 0:00,丰田牌,瑞麒牌,366761000000000000 ,366663000000000000 ,196202,198109,11,0,5,工作日,非高峰,2015-05-25,2015年5月25日,多云 /阵雨,26℃ / 19℃,东南风 ≤3级 /东南风 ≤3级,多云,阵雨,26,19,东南风,≤3级,东南风,≤3级,day
2015-05-25 11:30:00,金关,7、未按规定让行的 ,负全部责任,不负责任,1,贵A99754,银,1,贵A9246Z,白,-1,-1,-1,-1,时风牌,别克牌,366068000000000000 ,36454800000000000 ,195809,198218,11,0,5,工作日,非高峰,2015-05-25,2015年5月25日,多云 /阵雨,26℃ / 19℃,东南风 ≤3级 /东南风 ≤3级,多云,阵雨,26,19,东南风,≤3级,东南风,≤3级,day
2015-05-25 12:00:00,贵钢,8、依法应负全责的其他情形,负同等责任,负同等责任,1,浙A00666,白色,1,贵AV0815,白色,-1,自培,-1,1994/8/30 0:00,斯达-斯太尔牌,珠峰牌,764368000000000000 ,364548000000000000 ,197211,196703,12,0,5,工作日,非高峰,2015-05-25,2015年5月25日,多云 /阵雨,26℃ / 19℃,东南风 ≤3级 /东南风 ≤3级,多云,阵雨,26,19,东南风,≤3级,东南风,≤3级,day
2015-05-25 13:00:00,沙冲路,7、未按规定让行的 ,负全部责任,不负责任,1,贵A6BA31,白色,1,贵A85X89,白色,-1,-1,-1,-1,宝来牌,宝马牌,364547000000000000 ,364547000000000000 ,198106,195207,13,0,5,工作日,非高峰,2015-05-25,2015年5月25日,多云 /阵雨,26℃ / 19℃,东南风 ≤3级 /东南风 ≤3级,多云,阵雨,26,19,东南风,≤3级,东南风,≤3级,day
2015-05-25 12:56:00,中坝立交,7、未按规定让行的 ,负全部责任,不负责任,1,贵A95058,蓝,1,贵A23Y24,白,消防驾校,六盘水市宏安驾驶培训学校,2010/5/12 0:00,-1,欧曼牌,别克牌,364596000000000000 ,366063000000000000 ,198710,198202,12,0,5,工作日,非高峰,2015-05-25,2015年5月25日,多云 /阵雨,26℃ / 19℃,东南风 ≤3级 /东南风 ≤3级,多云,阵雨,26,19,东南风,≤3级,东南风,≤3级,day
2015-05-25 09:00:00,贵惠大道,7、未按规定让行的 ,负全部责任,不负责任,1,贵A34N82,白色,1,贵JN7602,白色,自培,-1,2001/11/30 0:00,-1,长安牌,-1,364556000000000000 ,366875000000000000 ,197008,96602,9,0,5,工作日,早高峰(7-9点),2015-05-25,2015年5月25日,多云 /阵雨,26℃ / 19℃,东南风 ≤3级 /东南风 ≤3级,多云,阵雨,26,19,东南风,≤3级,东南风,≤3级,day
2015-05-25 09:30:00,阳关大道,7、未按规定让行的 ,负全部责任,不负责任,1,贵FX7799,白,1,贵A5977E,白,铁二局驾校,-1,2014/5/21 0:00,-1,-1,五菱牌,364596000000000000 ,59393557021 ,197906,13469,9,0,5,工作日,早高峰(7-9点),2015-05-25,2015年5月25日,多云 /阵雨,26℃ / 19℃,东南风 ≤3级 /东南风 ≤3级,多云,阵雨,26,19,东南风,≤3级,东南风,≤3级,day
2015-05-25 10:00:00,恒大绿洲城,9、不符合前8款规定或者双方同时具有上述情形的,负同等责任,负同等责任,1,贵A38346,白,1,贵GE4603,黑,自培,自培,2013/6/21 0:00,2012/3/13 0:00,长安,-1,364557000000000000 ,364568000000000000 ,199002,198708,10,0,5,工作日,非高峰,2015-05-25,2015年5月25日,多云 /阵雨,26℃ / 19℃,东南风 ≤3级 /东南风 ≤3级,多云,阵雨,26,19,东南风,≤3级,东南风,≤3级,day
2015-05-25 09:30:00,白云中央转盘,1、追尾的,负全部责任,不负责任,0,贵A1AM41,白,1,贵A85944,白,（白云区）消防驾驶培训学校,-1,2009/2/25 0:00,-1,丰田牌,菲亚特,364551000000000000 ,36455700000000 ,197511,603140,9,0,5,工作日,早高峰(7-9点),2015-05-25,2015年5月25日,多云 /阵雨,26℃ / 19℃,东南风 ≤3级 /东南风 ≤3级,多云,阵雨,26,19,东南风,≤3级,东南风,≤3级,day
2015-05-25 09:50:00,林城东路,7、未按规定让行的 ,负全部责任,不负责任,1,贵ANY375,黑,1,鲁BY6331,红,（南明区）阳光驾驶培训有限公司,-1,2006/5/19 0:00,-1,雅阁牌,-1,354657000000000000 ,67459751915551625X,197710,198911,9,0,5,工作日,早高峰(7-9点),2015-05-25,2015年5月25日,多云 /阵雨,26℃ / 19℃,东南风 ≤3级 /东南风 ≤3级,多云,阵雨,26,19,东南风,≤3级,东南风,≤3级,day
2015-05-25 12:00:00,老阳关,1、追尾的,负全部责任,不负责任,1,浙A6PJ39,黑,1,贵A6469A,白,-1,新华驾校,-1,2010/3/15 0:00,-1,黄海牌,366664000000000000 ,355496000000000000 ,197705,198211,12,0,5,工作日,非高峰,2015-05-25,2015年5月25日,多云 /阵雨,26℃ / 19℃,东南风 ≤3级 /东南风 ≤3级,多云,阵雨,26,19,东南风,≤3级,东南风,≤3级,day
2015-05-25 13:00:00,贵惠大道,1、追尾的,负全部责任,不负责任,1,贵AP192X,白色,1,贵CKB372,白色,-1,-1,-1,-1,-1,-1,364546000000 ,364547000000 ,435068,202450,13,0,5,工作日,非高峰,2015-05-25,2015年5月25日,多云 /阵雨,26℃ / 19℃,东南风 ≤3级 /东南风 ≤3级,多云,阵雨,26,19,东南风,≤3级,东南风,≤3级,day
2015-05-25 13:50:00,世纪城,1、追尾的,负全部责任,不负责任,1,浙APE518,白,1,贵ALK998,白,-1,消防驾校,-1,2011/5/20 0:00,猎豹牌,丰田牌,704756000000000000 ,364568000000000000 ,198706,198602,13,0,5,工作日,非高峰,2015-05-25,2015年5月25日,多云 /阵雨,26℃ / 19℃,东南风 ≤3级 /东南风 ≤3级,多云,阵雨,26,19,东南风,≤3级,东南风,≤3级,day
2015-05-25 09:00:00,珠江路,3、倒车的,负全部责任,不负责任,1,贵AC356L,白色,1,贵AB607A,白色,自培,顺一驾驶培训学校,2002/9/17 0:00,2011/10/12 0:00,-1,起亚牌,364551000000000000 ,364551000000000000 ,197612,197901,9,0,5,工作日,早高峰(7-9点),2015-05-25,2015年5月25日,多云 /阵雨,26℃ / 19℃,东南风 ≤3级 /东南风 ≤3级,多云,阵雨,26,19,东南风,≤3级,东南风,≤3级,day
2015-05-25 10:30:00,新添大道三大队门口,9、不符合前8款规定或者双方同时具有上述情形的,负全部责任,不负责任,1,贵AHK916,黑,1,贵A8Q974,蓝,自培,贵州贵龙驾校,2007/9/17 0:00,2012/7/16 0:00,五菱牌,-1,366064000000000000 ,366361000000000000 ,198610,196801,10,0,5,工作日,非高峰,2015-05-25,2015年5月25日,多云 /阵雨,26℃ / 19℃,东南风 ≤3级 /东南风 ≤3级,多云,阵雨,26,19,东南风,≤3级,东南风,≤3级,day
2015-05-25 11:00:00,花果园,7、未按规定让行的 ,负全部责任,不负责任,1,贵AXA081,白色,1,贵A61391,白色,自培,鑫鑫驾校,2001/4/25 0:00,2013/9/10 0:00,东风标致牌,军马牌,364547000000000000 ,364547000000000000 ,196709,198204,11,0,5,工作日,非高峰,2015-05-25,2015年5月25日,多云 /阵雨,26℃ / 19℃,东南风 ≤3级 /东南风 ≤3级,多云,阵雨,26,19,东南风,≤3级,东南风,≤3级,day
2015-05-25 10:30:00,长岭北路,9、不符合前8款规定或者双方同时具有上述情形的,负同等责任,负同等责任,1,川AZ1R72,蓝,1,贵A966A3,白,自培,-1,2008/4/15 0:00,-1,-1,江淮牌,366670000000000000 ,355468000000000000 ,198110,198705,10,0,5,工作日,非高峰,2015-05-25,2015年5月25日,多云 /阵雨,26℃ / 19℃,东南风 ≤3级 /东南风 ≤3级,多云,阵雨,26,19,东南风,≤3级,东南风,≤3级,day
2015-05-25 15:10:00,太慈桥,1、追尾的,负全部责任,不负责任,1,贵A72170,蓝,1,川ZAR244,黑,-1,十一培,-1,1997/10/15 0:00,金龙牌,-1,36666700000000000 ,366367000000000000 ,197500,197610,15,0,5,工作日,非高峰,2015-05-25,2015年5月25日,多云 /阵雨,26℃ / 19℃,东南风 ≤3级 /东南风 ≤3级,多云,阵雨,26,19,东南风,≤3级,东南风,≤3级,day
2015-05-25 07:40:00,百花大道,7、未按规定让行的 ,负全部责任,不负责任,1,鄂F6P238,白,1,贵AT4749,白,自培,十一培,2008/12/10 0:00,1992/2/17 0:00,-1,金龙牌,64263500000000000 ,364548000000000000 ,196706,195806,7,0,5,工作日,早高峰(7-9点),2015-05-25,2015年5月25日,多云 /阵雨,26℃ / 19℃,东南风 ≤3级 /东南风 ≤3级,多云,阵雨,26,19,东南风,≤3级,东南风,≤3级,day
2015-05-25 09:15:00,西南商贸城,4、停车时未挂低速档、未拉驻车制动，导致车辆滑行的,负全部责任,不负责任,0,贵AA7283,黑,1,贵GQ8379,黑,-1,自培,-1,2005/2/5 0:00,起亚,-1,364547000000000 ,366368000000000000 ,197164,198212,9,0,5,工作日,早高峰(7-9点),2015-05-25,2015年5月25日,多云 /阵雨,26℃ / 19℃,东南风 ≤3级 /东南风 ≤3级,多云,阵雨,26,19,东南风,≤3级,东南风,≤3级,day
2015-05-25 09:18:00,东二环,1、追尾的,负全部责任,不负责任,1,贵A5885S,白,1,贵A53J83,黑,消防驾校,自培,2010/2/21 0:00,2003/1/30 0:00,名爵牌,发现4,366575000000000000 ,364548000000000000 ,198808,196708,9,0,5,工作日,早高峰(7-9点),2015-05-25,2015年5月25日,多云 /阵雨,26℃ / 19℃,东南风 ≤3级 /东南风 ≤3级,多云,阵雨,26,19,东南风,≤3级,东南风,≤3级,day