accidenttime,accidentaddr,driver1fault,driver1responsibility,driver2responsibility,sex1,platenumber1,carcolor1,sex2,platenumber2,carcolor2,jxmc1,jxmc2,cclzrq1,cclzrq2,clpp1,clpp2,driver1license,driver2license,brith1,brith2,hour,weekday,month,is_weekday,peak_hour,date,日期,天气状况,气温,风力风向,day_wea,night_wea,day_tep,night_tep,day_wind_direction,day_wind_speed,night_wind_direction,night_wind_speed,segment
2015-05-25 09:45:00,天誉城,1、追尾的,负全部责任,不负责任,1,贵AU4094,蓝,1,贵AM1435,白,青正驾校,自培,2011/1/26 0:00,2000/7/3 0:00,望江牌,大阳牌,366061000000000000 ,364556000000000000 ,197808,196710,9,0,5,工作日,早高峰(7-9点),2015-05-25,2015年5月25日,多云 /阵雨,26℃ / 19℃,东南风 ≤3级 /东南风 ≤3级,多云,阵雨,26,19,东南风,≤3级,东南风,≤3级,day
2015-05-25 10:03:00,G75白云出口,7、未按规定让行的 ,负全部责任,不负责任,1,贵A39K47,红,0,贵AB841S,黑,520115,自培,2006/11/2 0:00,2010/8/2 0:00,长安牌,-1,366347000000000000 ,05746251924549152X,197210,198601,10,0,5,工作日,非高峰,2015-05-25,2015年5月25日,多云 /阵雨,26℃ / 19℃,东南风 ≤3级 /东南风 ≤3级,多云,阵雨,26,19,东南风,≤3级,东南风,≤3级,day
2015-05-25 14:00:00,西二环,7、未按规定让行的 ,负全部责任,不负责任,1,贵A539F5,白色,1,贵A7216X,白色,（观山湖区）蓝天驾驶培训有限公司,顺一驾驶培训学校,2009/2/18 0:00,2010/11/1 0:00,解放牌,比亚迪牌,36656051914747725X,36455551155560687X,198903,199111,14,0,5,工作日,非高峰,2015-05-25,2015年5月25日,多云 /阵雨,26℃ / 19℃,东南风 ≤3级 /东南风 ≤3级,多云,阵雨,26,19,东南风,≤3级,东南风,≤3级,day
2015-05-25 15:38:00,金塘东街,1、追尾的,负全部责任,不负责任,1,贵AX9978,白,1,贵AUA337,黑,-1,鑫鑫驾校（花溪区）,-1,2005/6/2 0:00,长城牌,吉利美日牌,726775000000000000 ,366562000000000000 ,197406,198305,15,0,5,工作日,非高峰,2015-05-25,2015年5月25日,多云 /阵雨,26℃ / 19℃,东南风 ≤3级 /东南风 ≤3级,多云,阵雨,26,19,东南风,≤3级,东南风,≤3级,day
2015-05-25 16:00:00,东山路,7、未按规定让行的 ,负全部责任,不负责任,1,贵A2BZ42,白,0,贵JBJ269,白,（经开区）十一驾驶培训有限公司,阳光驾校,2005/7/28 0:00,2012/12/27 0:00,起亚牌,-1,364548000000000000 ,364548000000000000 ,198011,198110,16,0,5,工作日,非高峰,2015-05-25,2015年5月25日,多云 /阵雨,26℃ / 19℃,东南风 ≤3级 /东南风 ≤3级,多云,阵雨,26,19,东南风,≤3级,东南风,≤3级,day
2015-05-25 13:15:00,高新区,1、追尾的,负全部责任,不负责任,1,贵GQ9734,黑,1,贵AB076L,白,全林驾校,自培,2012/6/30 0:00,2011/5/25 0:00,-1,凯迪拉克牌,366067000000000000 ,364558000000000000 ,198812,199106,13,0,5,工作日,非高峰,2015-05-25,2015年5月25日,多云 /阵雨,26℃ / 19℃,东南风 ≤3级 /东南风 ≤3级,多云,阵雨,26,19,东南风,≤3级,东南风,≤3级,day
2015-05-25 14:10:00,花果园,7、未按规定让行的 ,负全部责任,不负责任,0,贵A48W48,白,1,贵AS9255,黑,（乌当区）新天驾驶培训有限公司,消防驾校,2008/12/1 0:00,2011/5/10 0:00,北京现代牌,奔驰C200,364547000000000000 ,364548000000000000 ,197302,198409,14,0,5,工作日,非高峰,2015-05-25,2015年5月25日,多云 /阵雨,26℃ / 19℃,东南风 ≤3级 /东南风 ≤3级,多云,阵雨,26,19,东南风,≤3级,东南风,≤3级,day
2015-05-25 17:20:00,军区南厂路,3、倒车的,负全部责任,不负责任,1,贵CNZ192,黑,1,贵A54W67,黑,-1,贵州现代驾驶培训责任有限公司,-1,2011/2/21 0:00,-1,梅赛德斯-奔驰,366567000000000000 ,36456651144969705X,197111,199008,17,0,5,工作日,晚高峰(17-19点),2015-05-25,2015年5月25日,多云 /阵雨,26℃ / 19℃,东南风 ≤3级 /东南风 ≤3级,多云,阵雨,26,19,东南风,≤3级,东南风,≤3级,day
2015-05-25 18:20:00,金朱东路,7、未按规定让行的 ,负全部责任,不负责任,1,贵CD6709,红,0,贵ACW168,黑,-1,-1,-1,-1,-1,奇瑞牌,364545000000 ,364546000000 ,799808,461409,18,0,5,工作日,晚高峰(17-19点),2015-05-25,2015年5月25日,多云 /阵雨,26℃ / 19℃,东南风 ≤3级 /东南风 ≤3级,多云,阵雨,26,19,东南风,≤3级,东南风,≤3级,day
2015-05-25 19:10:00,百花大道,8、依法应负全责的其他情形,负全部责任,不负责任,1,贵A1211V,黑,1,赣A0F796,黑,-1,-1,-1,-1,-1,-1,366067000000000000 ,724568000000000000 ,198111,197102,19,0,5,工作日,晚高峰(17-19点),2015-05-25,2015年5月25日,多云 /阵雨,26℃ / 19℃,东南风 ≤3级 /东南风 ≤3级,多云,阵雨,26,19,东南风,≤3级,东南风,≤3级,day
2015-05-25 18:09:00,花果园,7、未按规定让行的 ,负全部责任,不负责任,1,贵A3AV34,白,0,贵AJ9484,黑,遵义市汇遵驾驶员培训学校,自培,-1,2013/8/2 0:00,梅赛德斯-奔驰牌,宝马牌,366561000000000000 ,366063000000000000 ,199003,198801,18,0,5,工作日,晚高峰(17-19点),2015-05-25,2015年5月25日,多云 /阵雨,26℃ / 19℃,东南风 ≤3级 /东南风 ≤3级,多云,阵雨,26,19,东南风,≤3级,东南风,≤3级,day
2015-05-25 17:00:00,同心路,1、追尾的,负全部责任,不负责任,1,贵AVA454,黄,1,贵GY1239,黑,消防驾校,消防驾校,2011/3/16 0:00,2015/1/20 0:00,宝马,-1,364557000000000000 ,364558000000000000 ,198708,199307,17,0,5,工作日,晚高峰(17-19点),2015-05-25,2015年5月25日,多云 /阵雨,26℃ / 19℃,东南风 ≤3级 /东南风 ≤3级,多云,阵雨,26,19,东南风,≤3级,东南风,≤3级,day
2015-05-25 18:00:00,栖霞小区,7、未按规定让行的 ,负全部责任,不负责任,1,贵AJH239,白色,1,贵A26A57,白色,（乌当区）全林驾驶培训有限公司,贵州晨运驾驶培训学校,2005/9/30 0:00,2006/9/7 0:00,福克斯牌,宝马,366864000000000000 ,364548000000000000 ,197001,198605,18,0,5,工作日,晚高峰(17-19点),2015-05-25,2015年5月25日,多云 /阵雨,26℃ / 19℃,东南风 ≤3级 /东南风 ≤3级,多云,阵雨,26,19,东南风,≤3级,东南风,≤3级,day
2015-05-25 14:00:00,小河平桥,1、追尾的,负全部责任,不负责任,1,贵AJ7817,白色,1,贵CJ5715,白色,自培,自培,2006/2/6 0:00,2007/9/13 0:00,豪爵牌,-1,366064000000000000 ,366361000000000000 ,198603,198203,14,0,5,工作日,非高峰,2015-05-25,2015年5月25日,多云 /阵雨,26℃ / 19℃,东南风 ≤3级 /东南风 ≤3级,多云,阵雨,26,19,东南风,≤3级,东南风,≤3级,day
2015-05-25 15:40:00,龚家寨,7、未按规定让行的 ,负全部责任,不负责任,1,贵A0274G,蓝,1,贵GK9878,红,自培,十一培,2002/10/14 0:00,1993/11/23 0:00,-1,-1,364558000000000000 ,364557000000000000 ,196505,196704,15,0,5,工作日,非高峰,2015-05-25,2015年5月25日,多云 /阵雨,26℃ / 19℃,东南风 ≤3级 /东南风 ≤3级,多云,阵雨,26,19,东南风,≤3级,东南风,≤3级,day
2015-05-25 14:00:00,车水路,8、依法应负全责的其他情形,负全部责任,不负责任,1,贵A8831E,白色,1,贵ABL597,白色,大方县银春汽车驾驶培训学校,十一培,2011/11/15 0:00,1993/6/29 0:00,五菱牌,雅阁牌,366067000000000000 ,364547000000000000 ,198708,196411,14,0,5,工作日,非高峰,2015-05-25,2015年5月25日,多云 /阵雨,26℃ / 19℃,东南风 ≤3级 /东南风 ≤3级,多云,阵雨,26,19,东南风,≤3级,东南风,≤3级,day
2015-05-25 15:00:00,贵惠大道,8、依法应负全责的其他情形,负全部责任,不负责任,1,豫RA9624,白色,1,贵ALX302,白色,自培,十一培,2011/9/8 0:00,1998/9/22 0:00,-1,北京现代牌,55746500000000000 ,366367000000000000 ,198801,197401,15,0,5,工作日,非高峰,2015-05-25,2015年5月25日,多云 /阵雨,26℃ / 19℃,东南风 ≤3级 /东南风 ≤3级,多云,阵雨,26,19,东南风,≤3级,东南风,≤3级,day
2015-05-25 15:00:00,小河长江路,1、追尾的,负全部责任,不负责任,1,贵GN9955,白色,1,贵GQ5115,白色,阳光驾校,自培,2012/7/27 0:00,2003/9/12 0:00,-1,-1,705667000000000000 ,364556000000000000 ,199204,197902,15,0,5,工作日,非高峰,2015-05-25,2015年5月25日,多云 /阵雨,26℃ / 19℃,东南风 ≤3级 /东南风 ≤3级,多云,阵雨,26,19,东南风,≤3级,东南风,≤3级,day
2015-05-25 15:15:00,花果园,7、未按规定让行的 ,负全部责任,不负责任,1,贵HW8684,银,1,贵A9AW32,白,贵州省黔东南州宏达驾驶学校,自培,2009/9/12 0:00,2004/10/29 0:00,-1,梅赛德斯-奔驰牌,366269000000000000 ,364548000000000000 ,196805,197908,15,0,5,工作日,非高峰,2015-05-25,2015年5月25日,多云 /阵雨,26℃ / 19℃,东南风 ≤3级 /东南风 ≤3级,多云,阵雨,26,19,东南风,≤3级,东南风,≤3级,day
2015-05-25 15:00:00,中华南路,7、未按规定让行的 ,负全部责任,不负责任,1,贵ANG814,红,1,贵AU4861,银,吉源驾校,自培,2014/3/20 0:00,2007/1/17 0:00,丰田牌,天马牌,364566000000000000 ,366364000000000000 ,199107,197107,15,0,5,工作日,非高峰,2015-05-25,2015年5月25日,多云 /阵雨,26℃ / 19℃,东南风 ≤3级 /东南风 ≤3级,多云,阵雨,26,19,东南风,≤3级,东南风,≤3级,day
2015-05-25 17:00:00,神奇路,1、追尾的,负全部责任,不负责任,1,贵AU1186,白色,1,贵A0CE89,白色,（花溪区）高新十七驾驶培训有限公司,自培,2006/6/15 0:00,2003/5/6 0:00,钱江牌,梅赛德斯-奔驰牌,366068000000000000 ,366046000000000000 ,196811,198111,17,0,5,工作日,晚高峰(17-19点),2015-05-25,2015年5月25日,多云 /阵雨,26℃ / 19℃,东南风 ≤3级 /东南风 ≤3级,多云,阵雨,26,19,东南风,≤3级,东南风,≤3级,day
2015-05-25 17:20:00,南湖东路,1、追尾的,负全部责任,不负责任,1,贵AU3238,黑,1,贵ALG833,白,520127,自培,2005/5/12 0:00,2008/3/12 0:00,捷达牌,吉利牌,366068000000000000 ,356166000000000000 ,197102,197503,17,0,5,工作日,晚高峰(17-19点),2015-05-25,2015年5月25日,多云 /阵雨,26℃ / 19℃,东南风 ≤3级 /东南风 ≤3级,多云,阵雨,26,19,东南风,≤3级,东南风,≤3级,day
2015-05-25 16:05:00,大西门,1、追尾的,负全部责任,不负责任,1,贵AU6052,黄,1,贵AV7522,银,消防驾校,自培,1997/5/9 0:00,2004/4/24 0:00,捷达牌,天禧牌,364547000000000000 ,366067000000000000 ,196904,198004,16,0,5,工作日,非高峰,2015-05-25,2015年5月25日,多云 /阵雨,26℃ / 19℃,东南风 ≤3级 /东南风 ≤3级,多云,阵雨,26,19,东南风,≤3级,东南风,≤3级,day
2015-05-25 19:00:00,小碧乡,7、未按规定让行的 ,负全部责任,不负责任,1,贵A29H92,白色,1,贵JAL787,白色,吉源驾校,黔南州交通驾驶学校,2015/1/6 0:00,-1,翼虎牌,-1,366046000000000000 ,366864000000000000 ,198905,198211,19,0,5,工作日,晚高峰(17-19点),2015-05-25,2015年5月25日,多云 /阵雨,26℃ / 19℃,东南风 ≤3级 /东南风 ≤3级,多云,阵雨,26,19,东南风,≤3级,东南风,≤3级,day
2015-05-25 18:03:00,八匹马,1、追尾的,负全部责任,不负责任,1,贵A833D2,红,1,贵A9BK70,白,-1,520108,-1,2010/2/12 0:00,长安牌,波罗牌,355464000000000000 ,364547000000000000 ,199405,198905,18,0,5,工作日,晚高峰(17-19点),2015-05-25,2015年5月25日,多云 /阵雨,26℃ / 19℃,东南风 ≤3级 /东南风 ≤3级,多云,阵雨,26,19,东南风,≤3级,东南风,≤3级,day
2015-05-25 17:00:00,贵安大道,7、未按规定让行的 ,负全部责任,不负责任,1,贵AMW536,白色,1,贵ACB707,白色,贵州省长安驾驶培训学校,-1,2011/10/15 0:00,-1,飞度牌,-1,366569000000000000 ,366046000000000000 ,198706,199210,17,0,5,工作日,晚高峰(17-19点),2015-05-25,2015年5月25日,多云 /阵雨,26℃ / 19℃,东南风 ≤3级 /东南风 ≤3级,多云,阵雨,26,19,东南风,≤3级,东南风,≤3级,day
2015-05-25 21:00:00,花果园,7、未按规定让行的 ,负全部责任,不负责任,1,贵CC3687,白色,1,贵A0BR64,白色,-1,自培,-1,2014/11/26 0:00,-1,比亚迪牌,355768000000000000 ,364548000000000000 ,198911,198612,21,0,5,工作日,非高峰,2015-05-25,2015年5月25日,多云 /阵雨,26℃ / 19℃,东南风 ≤3级 /东南风 ≤3级,多云,阵雨,26,19,东南风,≤3级,东南风,≤3级,night
2015-05-26 00:00:00,火车站,8、依法应负全责的其他情形,负全部责任,不负责任,1,贵AS4486,白色,1,贵A96S49,白色,-1,顺一驾驶培训学校,-1,2009/12/22 0:00,江淮牌,比亚迪牌,364547000000000 ,366347000000000000 ,570208,198012,0,1,5,工作日,非高峰,2015-05-26,2015年5月26日,阵雨 /雷阵雨,26℃ / 20℃,东南风 ≤3级 /东北风 ≤3级,阵雨,雷阵雨,26,20,东南风,≤3级,东北风,≤3级,night
2015-05-26 02:00:00,中铁逸都,7、未按规定让行的 ,负全部责任,不负责任,1,贵AB933T,红,1,豫HQA262,黑,-1,-1,-1,-1,长安牌,-1,3660660000000000 ,54963500000000000 ,560505,198701,2,1,5,工作日,非高峰,2015-05-26,2015年5月26日,阵雨 /雷阵雨,26℃ / 20℃,东南风 ≤3级 /东北风 ≤3级,阵雨,雷阵雨,26,20,东南风,≤3级,东北风,≤3级,night
2015-05-26 08:00:00,骨科医院,8、依法应负全责的其他情形,负全部责任,不负责任,1,贵A0P544,白色,1,贵A48M47,白色,市交校,预约考试窗口,2011/2/23 0:00,2006/10/20 0:00,-1,东风日产牌,366564000000000000 ,364547000000000000 ,197408,198404,8,1,5,工作日,早高峰(7-9点),2015-05-26,2015年5月26日,阵雨 /雷阵雨,26℃ / 20℃,东南风 ≤3级 /东北风 ≤3级,阵雨,雷阵雨,26,20,东南风,≤3级,东北风,≤3级,day
2015-05-26 04:00:00,后巢乡,3、倒车的,负全部责任,不负责任,1,贵A474J5,白色,1,贵JBQ111,白色,自培,（经开区）顺一驾驶培训有限公司,2012/10/22 0:00,2010/3/19 0:00,长安牌,-1,366375000000000000 ,354366000000000000 ,197010,198605,4,1,5,工作日,非高峰,2015-05-26,2015年5月26日,阵雨 /雷阵雨,26℃ / 20℃,东南风 ≤3级 /东北风 ≤3级,阵雨,雷阵雨,26,20,东南风,≤3级,东北风,≤3级,night
2015-05-26 07:50:00,白云区沙文乡,3、倒车的,负全部责任,不负责任,1,贵A866E4,蓝,1,贵A413H7,黑,-1,预约考试窗口,-1,2006/12/14 0:00,福田牌,江淮牌,64166500000000000 ,36455751224556695X,196508,196601,7,1,5,工作日,早高峰(7-9点),2015-05-26,2015年5月26日,阵雨 /雷阵雨,26℃ / 20℃,东南风 ≤3级 /东北风 ≤3级,阵雨,雷阵雨,26,20,东南风,≤3级,东北风,≤3级,day
2015-05-26 08:30:00,贵州饭店,7、未按规定让行的 ,负全部责任,不负责任,1,贵A7BV25,白,1,贵AH5945,红,贵州省长安驾驶培训学校,自培,2014/11/25 0:00,2003/3/13 0:00,夏利牌,夏利,354662000000000000 ,364556000000000000 ,197206,197210,8,1,5,工作日,早高峰(7-9点),2015-05-26,2015年5月26日,阵雨 /雷阵雨,26℃ / 20℃,东南风 ≤3级 /东北风 ≤3级,阵雨,雷阵雨,26,20,东南风,≤3级,东北风,≤3级,day
2015-05-26 08:50:00,百花大道,8、依法应负全责的其他情形,负全部责任,不负责任,1,贵A259C7,白,1,贵BP5688,黑,-1,预约考试窗口,-1,2006/11/20 0:00,福田牌,-1,07746051804156415X,364557000000000000 ,197409,197210,8,1,5,工作日,早高峰(7-9点),2015-05-26,2015年5月26日,阵雨 /雷阵雨,26℃ / 20℃,东南风 ≤3级 /东北风 ≤3级,阵雨,雷阵雨,26,20,东南风,≤3级,东北风,≤3级,day
2015-05-26 08:30:00,中铁阅山湖,9、不符合前8款规定或者双方同时具有上述情形的,负同等责任,负同等责任,0,贵A4963T,银,1,粤BL74H5,白,蓝天驾校,-1,2014/7/20 0:00,-1,-1,-1,366067000000000000 ,784147000000000000 ,198205,197412,8,1,5,工作日,早高峰(7-9点),2015-05-26,2015年5月26日,阵雨 /雷阵雨,26℃ / 20℃,东南风 ≤3级 /东北风 ≤3级,阵雨,雷阵雨,26,20,东南风,≤3级,东北风,≤3级,day
2015-05-26 10:00:00,龙洞堡,8、依法应负全责的其他情形,负全部责任,不负责任,1,贵GJ3919,白色,1,贵A85K48,白色,-1,吉源驾校,-1,2013/5/8 0:00,-1,雅阁牌,344672000000000000 ,366566000000000000 ,198810,198504,10,1,5,工作日,非高峰,2015-05-26,2015年5月26日,阵雨 /雷阵雨,26℃ / 20℃,东南风 ≤3级 /东北风 ≤3级,阵雨,雷阵雨,26,20,东南风,≤3级,东北风,≤3级,day
2015-05-26 07:00:00,小河转盘,1、追尾的,负全部责任,不负责任,1,贵A87C71,白色,1,贵AU3486,白色,自培,520135,2006/5/8 0:00,2002/7/21 0:00,福特牌,钱江牌,364547000000000000 ,366361000000000000 ,197107,198110,7,1,5,工作日,早高峰(7-9点),2015-05-26,2015年5月26日,阵雨 /雷阵雨,26℃ / 20℃,东南风 ≤3级 /东北风 ≤3级,阵雨,雷阵雨,26,20,东南风,≤3级,东北风,≤3级,day
2015-05-26 08:00:00,嘉润路,8、依法应负全责的其他情形,负全部责任,不负责任,1,贵A82155,白色,1,贵A36N74,白色,自培,贵大驾校,2005/1/18 0:00,2012/2/14 0:00,中集牌,沃尔沃,504063000000000000 ,364551000000000000 ,197506,199105,8,1,5,工作日,早高峰(7-9点),2015-05-26,2015年5月26日,阵雨 /雷阵雨,26℃ / 20℃,东南风 ≤3级 /东北风 ≤3级,阵雨,雷阵雨,26,20,东南风,≤3级,东北风,≤3级,day
2015-05-26 09:00:00,东二环,1、追尾的,负全部责任,不负责任,1,贵AX5221,白色,1,贵A5AF21,白色,自培,市警校驾校,2011/7/18 0:00,2013/11/11 0:00,长安牌,大众牌,364566000000000000 ,36606651904554446X,198601,198401,9,1,5,工作日,早高峰(7-9点),2015-05-26,2015年5月26日,阵雨 /雷阵雨,26℃ / 20℃,东南风 ≤3级 /东北风 ≤3级,阵雨,雷阵雨,26,20,东南风,≤3级,东北风,≤3级,day
2015-05-26 08:00:00,开发大道,3、倒车的,负全部责任,不负责任,1,湘ANF703,白色,1,川A2206Q,白色,自培,-1,2011/4/13 0:00,-1,ASX劲炫,-1,74167500000000000 ,354596000000000000 ,198909,198707,8,1,5,工作日,早高峰(7-9点),2015-05-26,2015年5月26日,阵雨 /雷阵雨,26℃ / 20℃,东南风 ≤3级 /东北风 ≤3级,阵雨,雷阵雨,26,20,东南风,≤3级,东北风,≤3级,day
2015-05-26 08:48:00,北京西路,1、追尾的,负全部责任,不负责任,0,贵A7P969,白,1,贵A8Q987,黑,铁二局驾校,十一培,2014/12/22 0:00,1990/2/25 0:00,-1,-1,364548000000000000 ,364548000000000000 ,198807,196612,8,1,5,工作日,早高峰(7-9点),2015-05-26,2015年5月26日,阵雨 /雷阵雨,26℃ / 20℃,东南风 ≤3级 /东北风 ≤3级,阵雨,雷阵雨,26,20,东南风,≤3级,东北风,≤3级,day
2015-05-26 10:40:00,头桥,7、未按规定让行的 ,负全部责任,不负责任,1,贵JDE961,红,1,贵ARG194,黄,贵定县阳光汽车驾驶培训学校,十一培,2012/10/9 0:00,1993/2/25 0:00,-1,福克斯牌,366868000000000000 ,364547000000000000 ,196306,197411,10,1,5,工作日,非高峰,2015-05-26,2015年5月26日,阵雨 /雷阵雨,26℃ / 20℃,东南风 ≤3级 /东北风 ≤3级,阵雨,雷阵雨,26,20,东南风,≤3级,东北风,≤3级,day
2015-05-26 10:44:00,二铺,8、依法应负全责的其他情形,负全部责任,不负责任,1,贵A592A2,红,1,贵GX5968,红,新华驾校,自培,2012/12/27 0:00,2006/8/7 0:00,福田牌,-1,366063000000000000 ,364548000000000000 ,199207,198801,10,1,5,工作日,非高峰,2015-05-26,2015年5月26日,阵雨 /雷阵雨,26℃ / 20℃,东南风 ≤3级 /东北风 ≤3级,阵雨,雷阵雨,26,20,东南风,≤3级,东北风,≤3级,day
2015-05-26 11:35:00,云环中路,1、追尾的,负全部责任,不负责任,1,贵A14X77,白,1,贵A83V65,黑,（南明区）阳光驾驶培训有限公司,自培,2005/12/22 0:00,2003/11/11 0:00,路虎,大众牌,74566500000000000 ,364558000000000000 ,197409,197901,11,1,5,工作日,非高峰,2015-05-26,2015年5月26日,阵雨 /雷阵雨,26℃ / 20℃,东南风 ≤3级 /东北风 ≤3级,阵雨,雷阵雨,26,20,东南风,≤3级,东北风,≤3级,day
2015-05-26 10:00:00,观山东路,7、未按规定让行的 ,负全部责任,不负责任,1,贵AU4288,白,1,贵A0EA73,银,自培,-1,1994/9/25 0:00,-1,捷达牌,东风日产牌,364548000000000000 ,06556851894248447X,195904,197806,10,1,5,工作日,非高峰,2015-05-26,2015年5月26日,阵雨 /雷阵雨,26℃ / 20℃,东南风 ≤3级 /东北风 ≤3级,阵雨,雷阵雨,26,20,东南风,≤3级,东北风,≤3级,day
2015-05-26 10:53:00,观山西路,7、未按规定让行的 ,负全部责任,不负责任,1,贵A4565H,白,1,贵GV9313,红,-1,长运驾校,-1,2014/9/30 0:00,福田牌,红旗,366669000000000000 ,366070000000000000 ,198211,199204,10,1,5,工作日,非高峰,2015-05-26,2015年5月26日,阵雨 /雷阵雨,26℃ / 20℃,东南风 ≤3级 /东北风 ≤3级,阵雨,雷阵雨,26,20,东南风,≤3级,东北风,≤3级,day
2015-05-26 13:30:00,黎阳家园,2、逆行的,负全部责任,不负责任,1,贵A86A45,黑,1,贵A1NA88,白,-1,520107,-1,2009/9/16 0:00,雪佛兰牌,-1,364547000000000000 ,364647000000000000 ,197612,199001,13,1,5,工作日,非高峰,2015-05-26,2015年5月26日,阵雨 /雷阵雨,26℃ / 20℃,东南风 ≤3级 /东北风 ≤3级,阵雨,雷阵雨,26,20,东南风,≤3级,东北风,≤3级,day
2015-05-26 14:00:00,小河太慈桥,1、追尾的,负全部责任,不负责任,1,贵GX9027,白色,1,闽AX2744,白色,-1,-1,-1,-1,-1,银钢牌,366254000000 ,734505000000 ,406881,66672,14,1,5,工作日,非高峰,2015-05-26,2015年5月26日,阵雨 /雷阵雨,26℃ / 20℃,东南风 ≤3级 /东北风 ≤3级,阵雨,雷阵雨,26,20,东南风,≤3级,东北风,≤3级,day
2015-05-26 15:30:00,朱昌镇长冲村,9、不符合前8款规定或者双方同时具有上述情形的,负全部责任,不负责任,1,贵A54H35,银,1,贵AAF607,红,-1,-1,-1,-1,豪情牌,隆鑫牌,364547000000000000 ,364547000000000000 ,198606,196610,15,1,5,工作日,非高峰,2015-05-26,2015年5月26日,阵雨 /雷阵雨,26℃ / 20℃,东南风 ≤3级 /东北风 ≤3级,阵雨,雷阵雨,26,20,东南风,≤3级,东北风,≤3级,day
2015-05-26 15:30:00,云环路,7、未按规定让行的 ,负全部责任,不负责任,0,渝A344M1,白,1,贵ANM484,红,路路达驾校,自培,2014/7/19 0:00,2012/10/10 0:00,-1,起亚牌,366067000000000000 ,36456751914568568X,199107,198901,15,1,5,工作日,非高峰,2015-05-26,2015年5月26日,阵雨 /雷阵雨,26℃ / 20℃,东南风 ≤3级 /东北风 ≤3级,阵雨,雷阵雨,26,20,东南风,≤3级,东北风,≤3级,day
2015-05-26 15:00:00,油榨街,3、倒车的,负全部责任,不负责任,1,陕FN6395,白色,1,贵BS7624,白色,-1,（南明区）阳光驾驶培训有限公司,-1,2011/12/6 0:00,-1,-1,256766000000000000 ,366546000000000000 ,198201,197512,15,1,5,工作日,非高峰,2015-05-26,2015年5月26日,阵雨 /雷阵雨,26℃ / 20℃,东南风 ≤3级 /东北风 ≤3级,阵雨,雷阵雨,26,20,东南风,≤3级,东北风,≤3级,day
2015-05-26 11:00:00,合朋,3、倒车的,负全部责任,不负责任,1,贵A120A6,白色,1,贵A120A6,白色,自培,-1,2008/1/11 0:00,-1,俊风牌,俊风牌,724568000000000000 ,72456751834540517X,197507,197501,11,1,5,工作日,非高峰,2015-05-26,2015年5月26日,阵雨 /雷阵雨,26℃ / 20℃,东南风 ≤3级 /东北风 ≤3级,阵雨,雷阵雨,26,20,东南风,≤3级,东北风,≤3级,day
2015-05-26 10:35:00,观山湖区,7、未按规定让行的 ,负全部责任,不负责任,1,贵BP8668,蓝,1,贵A664A6,红,自培,-1,2000/10/20 0:00,-1,-1,五菱牌,364647000000000000 ,726368000000000000 ,196311,199008,10,1,5,工作日,非高峰,2015-05-26,2015年5月26日,阵雨 /雷阵雨,26℃ / 20℃,东南风 ≤3级 /东北风 ≤3级,阵雨,雷阵雨,26,20,东南风,≤3级,东北风,≤3级,day
2015-05-26 11:30:00,金阳医院,7、未按规定让行的 ,负同等责任,负同等责任,1,贵A6278G,红,1,贵AET231,红,自培,十一培,2013/7/23 0:00,1996/8/26 0:00,-1,-1,364567000000000000 ,364548000000000000 ,198901,196310,11,1,5,工作日,非高峰,2015-05-26,2015年5月26日,阵雨 /雷阵雨,26℃ / 20℃,东南风 ≤3级 /东北风 ≤3级,阵雨,雷阵雨,26,20,东南风,≤3级,东北风,≤3级,day
2015-05-26 09:30:00,新添大道,1、追尾的,负全部责任,不负责任,0,贵AF2292,蓝,1,贵A31K44,蓝,（经开区）金安驾驶培训有限公司,自培,2008/5/26 0:00,2003/9/3 0:00,飞度牌,福克斯牌,364557000000000000 ,364548000000000000 ,198911,197410,9,1,5,工作日,早高峰(7-9点),2015-05-26,2015年5月26日,阵雨 /雷阵雨,26℃ / 20℃,东南风 ≤3级 /东北风 ≤3级,阵雨,雷阵雨,26,20,东南风,≤3级,东北风,≤3级,day
2015-05-26 09:00:00,孟关,3、倒车的,负全部责任,不负责任,1,贵AEL138,白色,1,贵A3052C,白色,诚信驾驶培训学校,自培,2014/7/18 0:00,2002/2/1 0:00,五十铃牌,江淮牌,364556000000000000 ,36454651815540405X,199404,197911,9,1,5,工作日,早高峰(7-9点),2015-05-26,2015年5月26日,阵雨 /雷阵雨,26℃ / 20℃,东南风 ≤3级 /东北风 ≤3级,阵雨,雷阵雨,26,20,东南风,≤3级,东北风,≤3级,day
2015-05-26 11:00:00,贵惠大道,7、未按规定让行的 ,负全部责任,不负责任,1,贵ANW419,白色,1,贵A5897学,白色,（乌当区）新华驾驶培训有限公司,自培,2004/12/30 0:00,2000/11/13 0:00,朗逸牌,-1,366069000000000000 ,364551000000000000 ,196411,197006,11,1,5,工作日,非高峰,2015-05-26,2015年5月26日,阵雨 /雷阵雨,26℃ / 20℃,东南风 ≤3级 /东北风 ≤3级,阵雨,雷阵雨,26,20,东南风,≤3级,东北风,≤3级,day
2015-05-26 13:30:00,云环路,1、追尾的,负全部责任,不负责任,1,粤KC5355,白,0,贵AKS992,红,路路达驾校,自培,2013/12/4 0:00,2005/3/15 0:00,-1,力帆牌,4167520000000000 ,364548000000000000 ,198311,198508,13,1,5,工作日,非高峰,2015-05-26,2015年5月26日,阵雨 /雷阵雨,26℃ / 20℃,东南风 ≤3级 /东北风 ≤3级,阵雨,雷阵雨,26,20,东南风,≤3级,东北风,≤3级,day