accidenttime,accidentaddr,driver1fault,driver1responsibility,driver2responsibility,sex1,platenumber1,carcolor1,sex2,platenumber2,carcolor2,jxmc1,jxmc2,cclzrq1,cclzrq2,clpp1,clpp2,driver1license,driver2license,brith1,brith2,hour,weekday,month,is_weekday,peak_hour,date,日期,天气状况,气温,风力风向,day_wea,night_wea,day_tep,night_tep,day_wind_direction,day_wind_speed,night_wind_direction,night_wind_speed,segment
2015-05-26 16:00:00,小河,3、倒车的,负全部责任,不负责任,1,贵A03133,白色,1,贵A6CE96,白色,贵州省长安驾驶培训学校,自培,2012/10/9 0:00,2011/3/16 0:00,五菱,金旅牌,366061000000000000 ,366064000000000000 ,198905,198208,16,1,5,工作日,非高峰,2015-05-26,2015年5月26日,阵雨 /雷阵雨,26℃ / 20℃,东南风 ≤3级 /东北风 ≤3级,阵雨,雷阵雨,26,20,东南风,≤3级,东北风,≤3级,day
2015-05-26 12:00:00,清溪路,7、未按规定让行的 ,负全部责任,不负责任,1,贵A709E4,白色,1,贵GGA133,白色,铁二局驾校,自培,2013/10/18 0:00,2000/5/8 0:00,长安牌,-1,34466351104255298X,364556000000000000 ,199406,198009,12,1,5,工作日,非高峰,2015-05-26,2015年5月26日,阵雨 /雷阵雨,26℃ / 20℃,东南风 ≤3级 /东北风 ≤3级,阵雨,雷阵雨,26,20,东南风,≤3级,东北风,≤3级,day
2015-05-26 11:30:00,北京路,8、依法应负全责的其他情形,负全部责任,不负责任,1,京P662N6,白,1,贵AU3054,黄,自培,自培,2002/12/26 0:00,2010/7/14 0:00,-1,豪爵牌,664548000000000000 ,355468000000000000 ,198104,198706,11,1,5,工作日,非高峰,2015-05-26,2015年5月26日,阵雨 /雷阵雨,26℃ / 20℃,东南风 ≤3级 /东北风 ≤3级,阵雨,雷阵雨,26,20,东南风,≤3级,东北风,≤3级,day
2015-05-26 14:07:00,柏秧林,8、依法应负全责的其他情形,负全部责任,不负责任,1,贵APM033,红,1,贵A19Y24,红,凯信驾校,鑫鑫驾校,2011/12/8 0:00,2006/10/26 0:00,昌河牌,-1,344797000000000000 ,366566000000000000 ,198705,197909,14,1,5,工作日,非高峰,2015-05-26,2015年5月26日,阵雨 /雷阵雨,26℃ / 20℃,东南风 ≤3级 /东北风 ≤3级,阵雨,雷阵雨,26,20,东南风,≤3级,东北风,≤3级,day
2015-05-26 14:54:00,小关桥,1、追尾的,负全部责任,不负责任,1,贵AB504W,红,1,云AH961A,红,贵州现代驾驶培训责任有限公司,-1,2009/11/19 0:00,-1,夏利牌,-1,364596000000000000 ,354344000000 ,198612,455740,14,1,5,工作日,非高峰,2015-05-26,2015年5月26日,阵雨 /雷阵雨,26℃ / 20℃,东南风 ≤3级 /东北风 ≤3级,阵雨,雷阵雨,26,20,东南风,≤3级,东北风,≤3级,day
2015-05-26 16:21:00,野鸭加油站,7、未按规定让行的 ,负全部责任,不负责任,1,贵AP9090,蓝,1,贵A66Y77,红,-1,贵大佳德驾驶培训学校,-1,2011/10/10 0:00,嘉陵牌,明锐牌,366068000000000000 ,364557000000000000 ,197901,198909,16,1,5,工作日,非高峰,2015-05-26,2015年5月26日,阵雨 /雷阵雨,26℃ / 20℃,东南风 ≤3级 /东北风 ≤3级,阵雨,雷阵雨,26,20,东南风,≤3级,东北风,≤3级,day
2015-05-26 20:00:00,金钟桥,7、未按规定让行的 ,负全部责任,不负责任,1,陕E39865,蓝,1,贵AME934,银,-1,吉源驾校,-1,2015/1/30 0:00,-1,朗逸牌,256546000000000000 ,364566000000000000 ,196801,199205,20,1,5,工作日,非高峰,2015-05-26,2015年5月26日,阵雨 /雷阵雨,26℃ / 20℃,东南风 ≤3级 /东北风 ≤3级,阵雨,雷阵雨,26,20,东南风,≤3级,东北风,≤3级,night
2015-05-26 19:00:00,陈家坡,3、倒车的,负全部责任,不负责任,1,贵AV8484,白色,1,贵AV0688,白色,贵州现代驾驶培训责任有限公司,520106,2014/9/15 0:00,2008/5/16 0:00,波罗牌,易主牌,364547000000000000 ,364547000000000000 ,196002,198609,19,1,5,工作日,晚高峰(17-19点),2015-05-26,2015年5月26日,阵雨 /雷阵雨,26℃ / 20℃,东南风 ≤3级 /东北风 ≤3级,阵雨,雷阵雨,26,20,东南风,≤3级,东北风,≤3级,day
2015-05-26 18:00:00,花溪,1、追尾的,负全部责任,不负责任,1,贵APX763,白色,1,贵A718A9,白色,（观山湖区）诚信驾驶培训有限公司,-1,2006/4/29 0:00,-1,解放牌,长城牌,364556000000000000 ,55467500000000000 ,198602,197310,18,1,5,工作日,晚高峰(17-19点),2015-05-26,2015年5月26日,阵雨 /雷阵雨,26℃ / 20℃,东南风 ≤3级 /东北风 ≤3级,阵雨,雷阵雨,26,20,东南风,≤3级,东北风,≤3级,day
2015-05-26 17:10:00,北二环,7、未按规定让行的 ,负全部责任,不负责任,1,贵AKL355,黑,1,贵ATJ949,红,新天驾校（乌当区）,520136,2015/5/6 0:00,2011/3/30 0:00,长安牌,长安牌,364556000000000000 ,364557000000000000 ,199306,198703,17,1,5,工作日,晚高峰(17-19点),2015-05-26,2015年5月26日,阵雨 /雷阵雨,26℃ / 20℃,东南风 ≤3级 /东北风 ≤3级,阵雨,雷阵雨,26,20,东南风,≤3级,东北风,≤3级,day
2015-05-27 07:15:00,太慈桥,7、未按规定让行的 ,负全部责任,不负责任,1,鄂S68182,白,1,贵A3AF36,银,-1,文通驾校,-1,2005/6/23 0:00,-1,福特牌,61445500000000000 ,364547000000000000 ,198303,197303,7,2,5,工作日,早高峰(7-9点),2015-05-27,2015年5月27日,阴 /阵雨,26℃ / 20℃,南风 ≤3级 /东北风 ≤3级,阴,阵雨,26,20,南风,≤3级,东北风,≤3级,day
2015-05-27 07:29:00,北京路加油站,7、未按规定让行的 ,负全部责任,不负责任,1,贵A461J3,白,1,贵A0BB02,红,-1,铁二局驾校,-1,2014/11/5 0:00,江淮牌,奇瑞牌,35526551984354837X,36606251935452315X,198705,198510,7,2,5,工作日,早高峰(7-9点),2015-05-27,2015年5月27日,阴 /阵雨,26℃ / 20℃,南风 ≤3级 /东北风 ≤3级,阴,阵雨,26,20,南风,≤3级,东北风,≤3级,day
2015-05-27 08:05:00,兴筑路口,7、未按规定让行的 ,负全部责任,不负责任,1,贵AA383P,黑,1,贵ANL325,红,-1,520127,-1,2009/2/20 0:00,翼虎牌,东风雪铁龙牌,366146000000000000 ,36455551825547447X,198306,197611,8,2,5,工作日,早高峰(7-9点),2015-05-27,2015年5月27日,阴 /阵雨,26℃ / 20℃,南风 ≤3级 /东北风 ≤3级,阴,阵雨,26,20,南风,≤3级,东北风,≤3级,day
2015-05-26 17:00:00,富源北路,7、未按规定让行的 ,负全部责任,不负责任,1,贵AR082,白色,1,贵A42X77,白色,-1,自培,-1,2004/4/1 0:00,-1,宝马,43654651245661395X,364547000000000000 ,196012,196708,17,1,5,工作日,晚高峰(17-19点),2015-05-26,2015年5月26日,阵雨 /雷阵雨,26℃ / 20℃,东南风 ≤3级 /东北风 ≤3级,阵雨,雷阵雨,26,20,东南风,≤3级,东北风,≤3级,day
2015-05-27 08:00:00,太慈桥,7、未按规定让行的 ,负全部责任,不负责任,1,贵A34M98,白色,1,贵AV6859,白色,-1,自培,-1,2000/1/19 0:00,大众牌,宗申牌,364547000000000000 ,364556000000000000 ,199101,197903,8,2,5,工作日,早高峰(7-9点),2015-05-27,2015年5月27日,阴 /阵雨,26℃ / 20℃,南风 ≤3级 /东北风 ≤3级,阴,阵雨,26,20,南风,≤3级,东北风,≤3级,day
2015-05-26 15:02:00,十三公里,7、未按规定让行的 ,负全部责任,不负责任,1,湘A14434,黑,1,贵AA618P,红,自培,自培,2003/4/25 0:00,2006/9/7 0:00,五征牌,航天牌,07456051905658258X,355468000000000000 ,198412,198111,15,1,5,工作日,非高峰,2015-05-26,2015年5月26日,阵雨 /雷阵雨,26℃ / 20℃,东南风 ≤3级 /东北风 ≤3级,阵雨,雷阵雨,26,20,东南风,≤3级,东北风,≤3级,day
2015-05-26 13:30:00,会展中心,7、未按规定让行的 ,负同等责任,负同等责任,1,贵AEL223,黑,1,贵ASM344,黑,自培,自培,2000/4/3 0:00,2003/6/20 0:00,丰田牌,福克斯牌,366346000000000000 ,364548000000000000 ,197309,198010,13,1,5,工作日,非高峰,2015-05-26,2015年5月26日,阵雨 /雷阵雨,26℃ / 20℃,东南风 ≤3级 /东北风 ≤3级,阵雨,雷阵雨,26,20,东南风,≤3级,东北风,≤3级,day
2015-05-26 14:40:00,长岭北路,1、追尾的,负全部责任,不负责任,1,贵GP4818,白,1,贵GT6350,红,自培,自培,2007/8/7 0:00,2004/12/29 0:00,-1,-1,364547000000000000 ,366363000000000000 ,198802,198106,14,1,5,工作日,非高峰,2015-05-26,2015年5月26日,阵雨 /雷阵雨,26℃ / 20℃,东南风 ≤3级 /东北风 ≤3级,阵雨,雷阵雨,26,20,东南风,≤3级,东北风,≤3级,day
2015-05-26 13:07:00,金阳北路,1、追尾的,负全部责任,不负责任,1,贵A86N12,白,1,贵AFX339,红,自培,自培,2004/7/14 0:00,2004/4/9 0:00,奥迪牌,华泰圣达菲牌,364547000000000000 ,366364000000000000 ,196907,197109,13,1,5,工作日,非高峰,2015-05-26,2015年5月26日,阵雨 /雷阵雨,26℃ / 20℃,东南风 ≤3级 /东北风 ≤3级,阵雨,雷阵雨,26,20,东南风,≤3级,东北风,≤3级,day
2015-05-26 12:00:00,解放路,7、未按规定让行的 ,负全部责任,不负责任,1,贵AU6121,白色,1,贵A3CF0,白色,自培,自培,2005/6/23 0:00,2002/11/11 0:00,飞肯牌,-1,366566000000000000 ,366068000000000000 ,198301,198110,12,1,5,工作日,非高峰,2015-05-26,2015年5月26日,阵雨 /雷阵雨,26℃ / 20℃,东南风 ≤3级 /东北风 ≤3级,阵雨,雷阵雨,26,20,东南风,≤3级,东北风,≤3级,day
2015-05-27 01:30:00,太慈桥,3、倒车的,负全部责任,不负责任,1,贵A985G6,红,1,贵CKM165,黑,消防驾校,-1,2013/1/29 0:00,-1,长安牌,-1,36455751914069695X,355467000000000000 ,198904,197412,1,2,5,工作日,非高峰,2015-05-27,2015年5月27日,阴 /阵雨,26℃ / 20℃,南风 ≤3级 /东北风 ≤3级,阴,阵雨,26,20,南风,≤3级,东北风,≤3级,night
2015-05-27 00:00:00,太慈桥,8、依法应负全责的其他情形,负全部责任,不负责任,1,贵A78460,白色,1,贵A28P96,白色,无,贵工驾校,1978/2/26 0:00,2011/6/29 0:00,东风牌,东风标致牌,364548000000000000 ,366566000000000000 ,195907,198203,0,2,5,工作日,非高峰,2015-05-27,2015年5月27日,阴 /阵雨,26℃ / 20℃,南风 ≤3级 /东北风 ≤3级,阴,阵雨,26,20,南风,≤3级,东北风,≤3级,night
2015-05-26 23:00:00,中山东路,7、未按规定让行的 ,负全部责任,不负责任,1,贵A257E8,白色,1,贵A7BB43,白色,自培,安顺市开发区千合机动车培训学校,2010/2/21 0:00,2006/11/20 0:00,江铃牌,长安牌,366361000000000000 ,364596000000000000 ,197505,198805,23,1,5,工作日,非高峰,2015-05-26,2015年5月26日,阵雨 /雷阵雨,26℃ / 20℃,东南风 ≤3级 /东北风 ≤3级,阵雨,雷阵雨,26,20,东南风,≤3级,东北风,≤3级,night
2015-05-26 22:00:00,四方河,9、不符合前8款规定或者双方同时具有上述情形的,负同等责任,负同等责任,1,贵GT2089,白色,1,贵AF8183,白色,贵大驾校,520134,2012/12/26 0:00,2008/2/1 0:00,-1,菲亚特,364551000000000000 ,364548000000000000 ,199006,198906,22,1,5,工作日,非高峰,2015-05-26,2015年5月26日,阵雨 /雷阵雨,26℃ / 20℃,东南风 ≤3级 /东北风 ≤3级,阵雨,雷阵雨,26,20,东南风,≤3级,东北风,≤3级,night
2015-05-27 08:00:00,远大停车场,8、依法应负全责的其他情形,负全部责任,不负责任,1,贵ATE874,白色,1,贵A72Y37,白色,自培,贵州晨运驾驶培训学校,2003/4/23 0:00,2007/10/22 0:00,奇瑞牌,大众汽车牌,764656000000000000 ,366546000000000000 ,196803,197412,8,2,5,工作日,早高峰(7-9点),2015-05-27,2015年5月27日,阴 /阵雨,26℃ / 20℃,南风 ≤3级 /东北风 ≤3级,阴,阵雨,26,20,南风,≤3级,东北风,≤3级,day
2015-05-26 22:00:00,小河,3、倒车的,负全部责任,不负责任,1,贵AVK155,白色,1,贵ALS636,白色,无,-1,2004/8/26 0:00,-1,海马牌,凯迪拉克牌,366369000000000000 ,36636900000000000 ,198401,198604,22,1,5,工作日,非高峰,2015-05-26,2015年5月26日,阵雨 /雷阵雨,26℃ / 20℃,东南风 ≤3级 /东北风 ≤3级,阵雨,雷阵雨,26,20,东南风,≤3级,东北风,≤3级,night
2015-05-27 06:54:00,新添寨振华广场,1、追尾的,负全部责任,不负责任,1,贵AU7164,黄,1,贵AKV670,黄,自培,新华驾校（乌当区）,1987/6/5 0:00,2015/4/23 0:00,捷达牌,北京现代牌,364548000000000000 ,364557000000000000 ,196612,197508,6,2,5,工作日,非高峰,2015-05-27,2015年5月27日,阴 /阵雨,26℃ / 20℃,南风 ≤3级 /东北风 ≤3级,阴,阵雨,26,20,南风,≤3级,东北风,≤3级,day
2015-05-27 08:00:00,夏堰村, ,负全部责任,不负责任,1,贵A25847,黄,0,贵CAY903,红,无,全林驾校,1997/3/10 0:00,2002/8/13 0:00,象力牌,-1,364558000000000000 ,366566000000000000 ,196410,198204,8,2,5,工作日,早高峰(7-9点),2015-05-27,2015年5月27日,阴 /阵雨,26℃ / 20℃,南风 ≤3级 /东北风 ≤3级,阴,阵雨,26,20,南风,≤3级,东北风,≤3级,day
2015-05-27 08:40:00,龚家寨,8、依法应负全责的其他情形,负全部责任,不负责任,1,贵A314F6,红,0,贵JAC787,白,-1,-1,-1,-1,福田牌,-1,366361000000000000 ,364557000000000000 ,198312,198712,8,2,5,工作日,早高峰(7-9点),2015-05-27,2015年5月27日,阴 /阵雨,26℃ / 20℃,南风 ≤3级 /东北风 ≤3级,阴,阵雨,26,20,南风,≤3级,东北风,≤3级,day
2015-05-27 09:00:00,东山,7、未按规定让行的 ,负全部责任,不负责任,0,贵A21E97,红,1,贵FZ0521,黑,520134,铁二局驾校,2007/11/29 0:00,2014/12/23 0:00,别克牌,-1,364548000000000000 ,366046000000000000 ,198905,199311,9,2,5,工作日,早高峰(7-9点),2015-05-27,2015年5月27日,阴 /阵雨,26℃ / 20℃,南风 ≤3级 /东北风 ≤3级,阴,阵雨,26,20,南风,≤3级,东北风,≤3级,day
2015-05-27 09:15:00,金阳路,8、依法应负全责的其他情形,负全部责任,不负责任,1,浙F516E9,黑,1,贵APP004,红,-1,贵州现代驾驶培训责任有限公司,-1,2010/12/22 0:00,-1,五菱牌,36666951924762795X,364566000000000000 ,198603,199101,9,2,5,工作日,早高峰(7-9点),2015-05-27,2015年5月27日,阴 /阵雨,26℃ / 20℃,南风 ≤3级 /东北风 ≤3级,阴,阵雨,26,20,南风,≤3级,东北风,≤3级,day
2015-05-27 10:00:00,龙洞堡,3、倒车的,负全部责任,不负责任,1,贵ASY669,白色,1,贵A7AN98,白色,-1,-1,-1,-1,比亚迪牌,速迈,364544000000 ,364546000000 ,14682,82639,10,2,5,工作日,非高峰,2015-05-27,2015年5月27日,阴 /阵雨,26℃ / 20℃,南风 ≤3级 /东北风 ≤3级,阴,阵雨,26,20,南风,≤3级,东北风,≤3级,day
2015-05-27 10:55:00,黔灵山路,8、依法应负全责的其他情形,负全部责任,不负责任,1,贵DDR345,红,1,贵AV7691,黄,-1,520116,-1,1999/4/20 0:00,-1,神鹰牌,366664000000000000 ,364557000000000000 ,198801,197306,10,2,5,工作日,非高峰,2015-05-27,2015年5月27日,阴 /阵雨,26℃ / 20℃,南风 ≤3级 /东北风 ≤3级,阴,阵雨,26,20,南风,≤3级,东北风,≤3级,day
2015-05-27 10:50:00,金阳客车站,3、倒车的,负全部责任,不负责任,1,贵A67344,蓝,1,贵A78492,黄,消防驾校,自培,2004/2/20 0:00,2005/9/23 0:00,宗申,宇通牌,364548000000000000 ,364568000000000000 ,196711,198611,10,2,5,工作日,非高峰,2015-05-27,2015年5月27日,阴 /阵雨,26℃ / 20℃,南风 ≤3级 /东北风 ≤3级,阴,阵雨,26,20,南风,≤3级,东北风,≤3级,day
2015-05-27 08:40:00,八匹马,8、依法应负全责的其他情形,负全部责任,不负责任,1,贵A9367S,白,1,贵A0572N,蓝,新华驾校,文通驾校,2009/12/8 0:00,2012/12/4 0:00,五菱牌,长城牌,354766000000000000 ,366567000000000000 ,197202,197608,8,2,5,工作日,早高峰(7-9点),2015-05-27,2015年5月27日,阴 /阵雨,26℃ / 20℃,南风 ≤3级 /东北风 ≤3级,阴,阵雨,26,20,南风,≤3级,东北风,≤3级,day
2015-05-27 10:00:00,二戈寨,7、未按规定让行的 ,负全部责任,不负责任,1,贵AE6276,白色,1,贵A11X46,白色,自培,贵大佳德驾驶培训学校,2002/12/30 0:00,2012/6/26 0:00,豪宝牌,思域牌,36455551865464655X,364547000000000000 ,197210,199108,10,2,5,工作日,非高峰,2015-05-27,2015年5月27日,阴 /阵雨,26℃ / 20℃,南风 ≤3级 /东北风 ≤3级,阴,阵雨,26,20,南风,≤3级,东北风,≤3级,day
2015-05-27 08:00:00,小河,7、未按规定让行的 ,负全部责任,不负责任,1,贵A92Z35,白色,1,贵AU0907,白色,自培,（花溪区）高新十七驾驶培训有限公司,2001/4/26 0:00,2008/7/15 0:00,东风雪铁龙牌,万达牌,364547000000000000 ,74667500000000000 ,197004,198612,8,2,5,工作日,早高峰(7-9点),2015-05-27,2015年5月27日,阴 /阵雨,26℃ / 20℃,南风 ≤3级 /东北风 ≤3级,阴,阵雨,26,20,南风,≤3级,东北风,≤3级,day
2015-05-27 07:30:00,大理石路口,7、未按规定让行的 ,负同等责任,负同等责任,1,贵A27C58,红,1,贵AAS186,黑,自培,-1,2003/1/9 0:00,-1,波罗牌,别克牌,364547000000000000 ,364547000000 ,197609,351520,7,2,5,工作日,早高峰(7-9点),2015-05-27,2015年5月27日,阴 /阵雨,26℃ / 20℃,南风 ≤3级 /东北风 ≤3级,阴,阵雨,26,20,南风,≤3级,东北风,≤3级,day
2015-05-27 09:35:00,北京路,3、倒车的,负全部责任,不负责任,1,贵FX0525,蓝,1,贵A64S71,红,自培,预约考试窗口,2009/6/10 0:00,2006/8/29 0:00,-1,昊锐牌,366070000000000000 ,366876000000000000 ,198104,198806,9,2,5,工作日,早高峰(7-9点),2015-05-27,2015年5月27日,阴 /阵雨,26℃ / 20℃,南风 ≤3级 /东北风 ≤3级,阴,阵雨,26,20,南风,≤3级,东北风,≤3级,day
2015-05-27 08:00:00,营盘路,1、追尾的,负全部责任,不负责任,1,贵AL7024,白色,1,贵A6N546,白色,凯信驾校（花溪区）,十一培,2013/4/17 0:00,1994/12/19 0:00,珠峰牌,-1,36606751955456537X,364548000000000000 ,198110,196204,8,2,5,工作日,早高峰(7-9点),2015-05-27,2015年5月27日,阴 /阵雨,26℃ / 20℃,南风 ≤3级 /东北风 ≤3级,阴,阵雨,26,20,南风,≤3级,东北风,≤3级,day
2015-05-27 09:30:00,云岩区,9、不符合前8款规定或者双方同时具有上述情形的,负同等责任,负同等责任,1,贵A78M33,白,1,贵AF4999,黑,自培,十一培,2009/9/17 0:00,1990/7/16 0:00,东风标致牌,丰田牌,754541000000000000 ,364548000000000000 ,198710,195911,9,2,5,工作日,早高峰(7-9点),2015-05-27,2015年5月27日,阴 /阵雨,26℃ / 20℃,南风 ≤3级 /东北风 ≤3级,阴,阵雨,26,20,南风,≤3级,东北风,≤3级,day
2015-05-27 07:30:00,大理石路口,9、不符合前8款规定或者双方同时具有上述情形的,负同等责任,负同等责任,1,贵AAS186,黑,1,贵A27C58,红,-1,自培,-1,2003/1/9 0:00,别克牌,波罗牌,364547000000 ,364547000000000000 ,351520,197609,7,2,5,工作日,早高峰(7-9点),2015-05-27,2015年5月27日,阴 /阵雨,26℃ / 20℃,南风 ≤3级 /东北风 ≤3级,阴,阵雨,26,20,南风,≤3级,东北风,≤3级,day
2015-05-27 07:00:00,遵义路,1、追尾的,负全部责任,不负责任,1,贵AU9254,白色,1,贵A92W94,白色,自培,自培,2009/1/21 0:00,2006/6/27 0:00,瑞麒牌,思威牌,366067000000000000 ,366669000000000000 ,198611,197603,7,2,5,工作日,早高峰(7-9点),2015-05-27,2015年5月27日,阴 /阵雨,26℃ / 20℃,南风 ≤3级 /东北风 ≤3级,阴,阵雨,26,20,南风,≤3级,东北风,≤3级,day
2015-05-27 00:00:00,八一水库,7、未按规定让行的 ,负全部责任,不负责任,1,贵A336B5,白色,1,贵J72399,白色,自培,自培,2000/3/9 0:00,2010/7/19 0:00,江淮牌,-1,356168000000000000 ,366046000000000000 ,196504,198407,0,2,5,工作日,非高峰,2015-05-27,2015年5月27日,阴 /阵雨,26℃ / 20℃,南风 ≤3级 /东北风 ≤3级,阴,阵雨,26,20,南风,≤3级,东北风,≤3级,night
2015-05-27 10:00:00,宝山路,7、未按规定让行的 ,负全部责任,不负责任,1,贵AES187,白色,1,贵ATJ646,白色,自培,自培,2004/6/18 0:00,2000/5/12 0:00,雷克萨斯,奥迪牌,364557000000000000 ,364547000000000000 ,196302,197708,10,2,5,工作日,非高峰,2015-05-27,2015年5月27日,阴 /阵雨,26℃ / 20℃,南风 ≤3级 /东北风 ≤3级,阴,阵雨,26,20,南风,≤3级,东北风,≤3级,day
2015-05-27 11:00:00,水车路,1、追尾的,负全部责任,不负责任,1,贵AUH802,黄,1,贵A5BA84,黑,无,-1,1994/9/13 0:00,-1,-1,奥迪牌,354566000000000000 ,366670000000000000 ,197109,198312,11,2,5,工作日,非高峰,2015-05-27,2015年5月27日,阴 /阵雨,26℃ / 20℃,南风 ≤3级 /东北风 ≤3级,阴,阵雨,26,20,南风,≤3级,东北风,≤3级,day
2015-05-27 09:30:00,八匹马,7、未按规定让行的 ,负全部责任,不负责任,1,贵AF9792,银,1,贵CHT868,蓝,无,-1,2004/8/18 0:00,-1,力之星牌,-1,355566000000000000 ,366562000000000000 ,196805,198609,9,2,5,工作日,早高峰(7-9点),2015-05-27,2015年5月27日,阴 /阵雨,26℃ / 20℃,南风 ≤3级 /东北风 ≤3级,阴,阵雨,26,20,南风,≤3级,东北风,≤3级,day
2015-05-27 12:50:00,三桥,8、依法应负全责的其他情形,负全部责任,不负责任,1,贵ARY433,红,1,赣B55403,红,-1,-1,-1,-1,北京现代牌,-1,366269000000000000 ,724096000000000000 ,198206,197907,12,2,5,工作日,非高峰,2015-05-27,2015年5月27日,阴 /阵雨,26℃ / 20℃,南风 ≤3级 /东北风 ≤3级,阴,阵雨,26,20,南风,≤3级,东北风,≤3级,day
2015-05-27 14:00:00,小河平桥,7、未按规定让行的 ,负全部责任,不负责任,1,贵4257682,白色,1,贵A44E53,白色,-1,-1,-1,-1,-1,-1,366068000000000000 ,36454800000000000 ,197701,197306,14,2,5,工作日,非高峰,2015-05-27,2015年5月27日,阴 /阵雨,26℃ / 20℃,南风 ≤3级 /东北风 ≤3级,阴,阵雨,26,20,南风,≤3级,东北风,≤3级,day
2015-05-27 14:00:00,花溪大道,1、追尾的,负全部责任,不负责任,1,贵A884F7,白色,1,湘A4591N,白色,-1,贵州现代驾驶培训责任有限公司,-1,2014/5/8 0:00,华神牌,力帆牌,366063000000000000 ,74095500000000000 ,198806,198901,14,2,5,工作日,非高峰,2015-05-27,2015年5月27日,阴 /阵雨,26℃ / 20℃,南风 ≤3级 /东北风 ≤3级,阴,阵雨,26,20,南风,≤3级,东北风,≤3级,day
2015-05-27 14:00:00,白云北路,3、倒车的,负全部责任,不负责任,1,贵A615G2,红,1,贵ALH699,黑,-1,时法驾校,-1,2006/8/1 0:00,五菱牌,北京现代牌,74795500000000000 ,36459551985465365X,198804,198710,14,2,5,工作日,非高峰,2015-05-27,2015年5月27日,阴 /阵雨,26℃ / 20℃,南风 ≤3级 /东北风 ≤3级,阴,阵雨,26,20,南风,≤3级,东北风,≤3级,day
2015-05-27 12:00:00,富源南路,8、依法应负全责的其他情形,负全部责任,不负责任,1,贵AU0838,白色,1,贵A0EB88,白色,（南明区）铁二局驾驶培训有限公司,自培,2007/3/6 0:00,2002/4/15 0:00,宝来牌,赛飞利,366046000000000000 ,364547000000000000 ,197711,198212,12,2,5,工作日,非高峰,2015-05-27,2015年5月27日,阴 /阵雨,26℃ / 20℃,南风 ≤3级 /东北风 ≤3级,阴,阵雨,26,20,南风,≤3级,东北风,≤3级,day
2015-05-27 11:00:00,阳关立交,8、依法应负全责的其他情形,负全部责任,不负责任,1,贵APG058,黄,1,贵HBG524,白,自培,路路达驾校,2011/1/26 0:00,2013/3/14 0:00,奇瑞牌,-1,366364000000000000 ,355468000000000000 ,196409,196810,11,2,5,工作日,非高峰,2015-05-27,2015年5月27日,阴 /阵雨,26℃ / 20℃,南风 ≤3级 /东北风 ≤3级,阴,阵雨,26,20,南风,≤3级,东北风,≤3级,day
2015-05-27 13:00:00,白云南路,7、未按规定让行的 ,负全部责任,不负责任,1,桂CJL339,红,0,贵ASU492,黑,铁二局驾校,智杰驾校,2001/8/16 0:00,2014/11/5 0:00,-1,别克牌,36767500000000000 ,364568000000000000 ,198012,198808,13,2,5,工作日,非高峰,2015-05-27,2015年5月27日,阴 /阵雨,26℃ / 20℃,南风 ≤3级 /东北风 ≤3级,阴,阵雨,26,20,南风,≤3级,东北风,≤3级,day
2015-05-27 13:00:00,小河,7、未按规定让行的 ,负全部责任,不负责任,1,贵A69P98,白色,1,贵JM3145,白色,自培,全林驾校,2004/2/19 0:00,2012/11/8 0:00,大众牌,-1,364547000000000000 ,364566000000000000 ,198407,198810,13,2,5,工作日,非高峰,2015-05-27,2015年5月27日,阴 /阵雨,26℃ / 20℃,南风 ≤3级 /东北风 ≤3级,阴,阵雨,26,20,南风,≤3级,东北风,≤3级,day
2015-05-27 12:00:00,金顶山,4、停车时未挂低速档、未拉驻车制动，导致车辆滑行的,负全部责任,不负责任,1,贵AH2321,白色,1,贵A21H35,白色,（乌当区）新华驾驶培训有限公司,预约考试窗口,2007/7/13 0:00,2006/8/25 0:00,东本牌,东风雪铁龙牌,734398000000000000 ,364547000000000000 ,198611,197312,12,2,5,工作日,非高峰,2015-05-27,2015年5月27日,阴 /阵雨,26℃ / 20℃,南风 ≤3级 /东北风 ≤3级,阴,阵雨,26,20,南风,≤3级,东北风,≤3级,day
2015-05-27 12:00:00,太慈桥,7、未按规定让行的 ,负全部责任,不负责任,1,闽CQY841,白色,1,贵ABK499,白色,-1,吉源驾校（南明区）,-1,2011/3/4 0:00,-1,索兰托,734397000000000000 ,366067000000000000 ,197807,199002,12,2,5,工作日,非高峰,2015-05-27,2015年5月27日,阴 /阵雨,26℃ / 20℃,南风 ≤3级 /东北风 ≤3级,阴,阵雨,26,20,南风,≤3级,东北风,≤3级,day
2015-05-27 09:30:00,嘉润路,7、未按规定让行的 ,负全部责任,不负责任,1,贵A8AN65,白色,1,贵H81G22,白色,自培,预约考试窗口,2007/4/10 0:00,2006/7/11 0:00,福克斯牌,-1,364551000000000000 ,364547000000000000 ,198410,196903,9,2,5,工作日,早高峰(7-9点),2015-05-27,2015年5月27日,阴 /阵雨,26℃ / 20℃,南风 ≤3级 /东北风 ≤3级,阴,阵雨,26,20,南风,≤3级,东北风,≤3级,day
2015-05-27 09:30:00,嘉润路,1、追尾的,负全部责任,不负责任,1,贵A8AN65,白色,1,贵AU8824,白色,自培,预约考试窗口,2007/4/10 0:00,2007/3/21 0:00,福克斯牌,瑞麒牌,364551000000000000 ,364566000000000000 ,198410,198610,9,2,5,工作日,早高峰(7-9点),2015-05-27,2015年5月27日,阴 /阵雨,26℃ / 20℃,南风 ≤3级 /东北风 ≤3级,阴,阵雨,26,20,南风,≤3级,东北风,≤3级,day