accidenttime,accidentaddr,driver1fault,driver1responsibility,driver2responsibility,sex1,platenumber1,carcolor1,sex2,platenumber2,carcolor2,jxmc1,jxmc2,cclzrq1,cclzrq2,clpp1,clpp2,driver1license,driver2license,brith1,brith2,hour,weekday,month,is_weekday,peak_hour,date,日期,天气状况,气温,风力风向,day_wea,night_wea,day_tep,night_tep,day_wind_direction,day_wind_speed,night_wind_direction,night_wind_speed,segment
2015-05-27 09:00:00,清水江路,8、依法应负全责的其他情形,负全部责任,不负责任,1,贵A706D4,白色,1,贵A3M472,白色,自培,-1,2007/10/12 0:00,-1,江淮牌,-1,366567000000000000 ,366868000000000000 ,196708,197304,9,2,5,工作日,早高峰(7-9点),2015-05-27,2015年5月27日,阴 /阵雨,26℃ / 20℃,南风 ≤3级 /东北风 ≤3级,阴,阵雨,26,20,南风,≤3级,东北风,≤3级,day
2015-05-27 10:30:00,二桥,7、未按规定让行的 ,负全部责任,不负责任,1,贵AS8342,银,1,贵CQJ967,黑,自培,-1,2003/11/27 0:00,-1,五菱牌,-1,36654551864952946X,36656651874368445X,197208,197305,10,2,5,工作日,非高峰,2015-05-27,2015年5月27日,阴 /阵雨,26℃ / 20℃,南风 ≤3级 /东北风 ≤3级,阴,阵雨,26,20,南风,≤3级,东北风,≤3级,day
2015-05-27 10:00:00,新村,1、追尾的,负全部责任,不负责任,1,贵ANZ696,白色,1,贵AAA907,白色,铁二局驾校,十一培,2010/9/6 0:00,1997/6/13 0:00,佳乐,三野牌,74595500000000000 ,364547000000000000 ,198112,197602,10,2,5,工作日,非高峰,2015-05-27,2015年5月27日,阴 /阵雨,26℃ / 20℃,南风 ≤3级 /东北风 ≤3级,阴,阵雨,26,20,南风,≤3级,东北风,≤3级,day
2015-05-27 08:44:00,白云区刚玉街,7、未按规定让行的 ,负全部责任,不负责任,1,贵CLN741,银,1,贵A6228G,银,全林驾校,自培,2014/5/13 0:00,2012/4/26 0:00,-1,轩逸牌,366562000000000000 ,364548000000000000 ,198203,196811,8,2,5,工作日,早高峰(7-9点),2015-05-27,2015年5月27日,阴 /阵雨,26℃ / 20℃,南风 ≤3级 /东北风 ≤3级,阴,阵雨,26,20,南风,≤3级,东北风,≤3级,day
2015-05-27 09:00:00,大洼,8、依法应负全责的其他情形,负全部责任,不负责任,1,贵A73919,蓝,1,贵FE4877,白,自培,自培,1993/4/6 0:00,2004/12/30 0:00,东风牌,-1,366364000000000000 ,364557000000000000 ,195807,197012,9,2,5,工作日,早高峰(7-9点),2015-05-27,2015年5月27日,阴 /阵雨,26℃ / 20℃,南风 ≤3级 /东北风 ≤3级,阴,阵雨,26,20,南风,≤3级,东北风,≤3级,day
2015-05-27 13:00:00,西南环线,8、依法应负全责的其他情形,负全部责任,不负责任,1,KT15574,白色,1,贵AU0088,白色,-1,自培,-1,2003/3/30 0:00,-1,宝来牌,KJ54454513,364648000000000000 ,195,197403,13,2,5,工作日,非高峰,2015-05-27,2015年5月27日,阴 /阵雨,26℃ / 20℃,南风 ≤3级 /东北风 ≤3级,阴,阵雨,26,20,南风,≤3级,东北风,≤3级,day
2015-05-27 14:24:00,贵遵高速,8、依法应负全责的其他情形,负全部责任,不负责任,1,贵AU4133,黑,1,贵AFF453,白,鑫鑫驾校,自培,2011/10/22 0:00,2003/9/5 0:00,桑塔纳牌,-1,366063000000000000 ,364566000000000000 ,198506,198506,14,2,5,工作日,非高峰,2015-05-27,2015年5月27日,阴 /阵雨,26℃ / 20℃,南风 ≤3级 /东北风 ≤3级,阴,阵雨,26,20,南风,≤3级,东北风,≤3级,day
2015-05-27 12:21:00,东林寺路,7、未按规定让行的 ,负全部责任,不负责任,1,贵JL1183,黄,0,贵A64M77,黑,自培,自培,2007/11/29 0:00,2003/7/15 0:00,-1,宝马牌,355470000000000000 ,376664000000000000 ,198708,198410,12,2,5,工作日,非高峰,2015-05-27,2015年5月27日,阴 /阵雨,26℃ / 20℃,南风 ≤3级 /东北风 ≤3级,阴,阵雨,26,20,南风,≤3级,东北风,≤3级,day
2015-05-27 14:00:00,乌当区奶牛场,1、追尾的,负全部责任,不负责任,1,贵A0BM62,白,1,贵A6184M,红,长运驾校,自培,1997/5/23 0:00,2005/8/30 0:00,吉利牌,五菱牌,364557000000000000 ,366246000000000000 ,197003,198212,14,2,5,工作日,非高峰,2015-05-27,2015年5月27日,阴 /阵雨,26℃ / 20℃,南风 ≤3级 /东北风 ≤3级,阴,阵雨,26,20,南风,≤3级,东北风,≤3级,day
2015-05-27 11:00:00,金戈路,7、未按规定让行的 ,负全部责任,不负责任,1,贵JAN462,白色,1,贵A78M74,白色,-1,自培,-1,2008/6/5 0:00,-1,雪佛兰牌,364548000000000000 ,36666351974167405X,197003,198309,11,2,5,工作日,非高峰,2015-05-27,2015年5月27日,阴 /阵雨,26℃ / 20℃,南风 ≤3级 /东北风 ≤3级,阴,阵雨,26,20,南风,≤3级,东北风,≤3级,day
2015-05-27 14:00:00,嘉润路,9、不符合前8款规定或者双方同时具有上述情形的,负同等责任,负同等责任,1,贵ATP258,白色,1,贵A1937E,白色,（南明区）铁二局驾驶培训有限公司,520107,2005/8/2 0:00,2008/12/25 0:00,长城牌,长安牌,364548000000000000 ,364547000000000000 ,198406,199004,14,2,5,工作日,非高峰,2015-05-27,2015年5月27日,阴 /阵雨,26℃ / 20℃,南风 ≤3级 /东北风 ≤3级,阴,阵雨,26,20,南风,≤3级,东北风,≤3级,day
2015-05-27 12:25:00,白云北路,7、未按规定让行的 ,负全部责任,不负责任,1,贵A4893V,银,1,鄂F51267,蓝,消防驾校,-1,2000/9/29 0:00,-1,比亚迪牌,-1,366368000000000000 ,64265500000000000 ,198208,196109,12,2,5,工作日,非高峰,2015-05-27,2015年5月27日,阴 /阵雨,26℃ / 20℃,南风 ≤3级 /东北风 ≤3级,阴,阵雨,26,20,南风,≤3级,东北风,≤3级,day
2015-05-27 17:00:00,花果园,7、未按规定让行的 ,负同等责任,负同等责任,1,贵A27598,白,1,贵AU3666,蓝,-1,520127,-1,1997/9/17 0:00,阿克托斯,钱江牌,356271000000000000 ,364547000000000000 ,196911,197508,17,2,5,工作日,晚高峰(17-19点),2015-05-27,2015年5月27日,阴 /阵雨,26℃ / 20℃,南风 ≤3级 /东北风 ≤3级,阴,阵雨,26,20,南风,≤3级,东北风,≤3级,day
2015-05-27 19:05:00,水车路,7、未按规定让行的 ,负全部责任,不负责任,1,贵A88498,黄,1,贵FBH291,黑,-1,-1,-1,-1,南骏牌,-1,36455651384367947X,366067000000000000 ,195705,197211,19,2,5,工作日,晚高峰(17-19点),2015-05-27,2015年5月27日,阴 /阵雨,26℃ / 20℃,南风 ≤3级 /东北风 ≤3级,阴,阵雨,26,20,南风,≤3级,东北风,≤3级,day
2015-05-27 17:02:00,金源购物城停车场,8、依法应负全责的其他情形,负全部责任,不负责任,0,贵A43L28,黑,1,苏B9243K,黑,时发驾校,-1,2010/9/19 0:00,-1,大众牌,-1,366361000000000000 ,76469551995446668X,198203,198810,17,2,5,工作日,晚高峰(17-19点),2015-05-27,2015年5月27日,阴 /阵雨,26℃ / 20℃,南风 ≤3级 /东北风 ≤3级,阴,阵雨,26,20,南风,≤3级,东北风,≤3级,day
2015-05-27 19:00:00,北京西路,7、未按规定让行的 ,负全部责任,不负责任,1,贵GP5127,白色,1,贵CD5022,白色,鑫鑫驾校,顺一驾驶培训学校,2014/8/6 0:00,2010/9/26 0:00,-1,-1,364548000000000000 ,364548000000000000 ,198411,199012,19,2,5,工作日,晚高峰(17-19点),2015-05-27,2015年5月27日,阴 /阵雨,26℃ / 20℃,南风 ≤3级 /东北风 ≤3级,阴,阵雨,26,20,南风,≤3级,东北风,≤3级,day
2015-05-27 16:00:00,市南路,9、不符合前8款规定或者双方同时具有上述情形的,负同等责任,负同等责任,1,贵DCW593,黑,1,贵AMM161,黑,铁二局驾校（南明区）,520129,2015/5/20 0:00,2008/1/3 0:00,-1,东风雪铁龙,366369000000000000 ,366347000000000000 ,198705,197908,16,2,5,工作日,非高峰,2015-05-27,2015年5月27日,阴 /阵雨,26℃ / 20℃,南风 ≤3级 /东北风 ≤3级,阴,阵雨,26,20,南风,≤3级,东北风,≤3级,day
2015-05-28 03:20:00,北京路贵州饭店,1、追尾的,负全部责任,不负责任,1,贵CLZ713,白,1,贵A86145,黑,-1,自培,-1,1992/7/2 0:00,-1,解放,354364000000000000 ,364548000000000000 ,199310,196705,3,3,5,工作日,非高峰,2015-05-28,2015年5月28日,多云 /雷阵雨,29℃ / 19℃,南风 ≤3级 /东南风 ≤3级,多云,雷阵雨,29,19,南风,≤3级,东南风,≤3级,night
2015-05-28 07:00:00,蟠桃宫,7、未按规定让行的 ,负全部责任,不负责任,1,贵EVP329,白色,1,贵ANG824,白色,-1,新华驾校,-1,2011/1/4 0:00,-1,大众汽车牌,366768000000000000 ,364547000000000000 ,197904,199010,7,3,5,工作日,早高峰(7-9点),2015-05-28,2015年5月28日,多云 /雷阵雨,29℃ / 19℃,南风 ≤3级 /东南风 ≤3级,多云,雷阵雨,29,19,南风,≤3级,东南风,≤3级,day
2015-05-28 01:40:00,中华南路,8、依法应负全责的其他情形,负全部责任,不负责任,0,贵AST059,黑,1,贵A15K48,黑,贵州省长安驾驶培训学校,520130,2014/3/31 0:00,2010/3/12 0:00,-1,梅赛德斯—奔驰,366364000000000000 ,364558000000000000 ,196903,199010,1,3,5,工作日,非高峰,2015-05-28,2015年5月28日,多云 /雷阵雨,29℃ / 19℃,南风 ≤3级 /东南风 ≤3级,多云,雷阵雨,29,19,南风,≤3级,东南风,≤3级,night
2015-05-27 16:00:00,蟠桃宫,3、倒车的,负全部责任,不负责任,1,贵ALX414,红,1,贵HBH995,白,自培,新华驾校,2001/4/16 0:00,2015/1/12 0:00,江淮牌,-1,366670000000000000 ,366067000000000000 ,197208,197812,16,2,5,工作日,非高峰,2015-05-27,2015年5月27日,阴 /阵雨,26℃ / 20℃,南风 ≤3级 /东北风 ≤3级,阴,阵雨,26,20,南风,≤3级,东北风,≤3级,day
2015-05-27 18:40:00,南浦路,3、倒车的,负全部责任,不负责任,1,贵AU1528,绿,1,贵A62K18,红,自培,-1,2004/12/17 0:00,-1,捷达牌,奇瑞牌,344668000000000000 ,364548000000000 ,198509,750110,18,2,5,工作日,晚高峰(17-19点),2015-05-27,2015年5月27日,阴 /阵雨,26℃ / 20℃,南风 ≤3级 /东北风 ≤3级,阴,阵雨,26,20,南风,≤3级,东北风,≤3级,day
2015-05-27 16:30:00,中山路,7、未按规定让行的 ,负全部责任,不负责任,1,贵A22F71,黑,1,川A192U5,蓝,自培,-1,2003/1/28 0:00,-1,大众牌,-1,366546000000000000 ,4947510000000000 ,197011,196208,16,2,5,工作日,非高峰,2015-05-27,2015年5月27日,阴 /阵雨,26℃ / 20℃,南风 ≤3级 /东北风 ≤3级,阴,阵雨,26,20,南风,≤3级,东北风,≤3级,day
2015-05-27 17:55:00,贵阳医学院门口,1、追尾的,负全部责任,不负责任,1,贵FBT777,黑,1,贵AP1658,黑,自培,-1,2008/12/30 0:00,-1,-1,新阳光牌,366064000000000000 ,355268000000000000 ,199002,198706,17,2,5,工作日,晚高峰(17-19点),2015-05-27,2015年5月27日,阴 /阵雨,26℃ / 20℃,南风 ≤3级 /东北风 ≤3级,阴,阵雨,26,20,南风,≤3级,东北风,≤3级,day
2015-05-27 16:00:00,下合群路,8、依法应负全责的其他情形,负全部责任,不负责任,1,贵FZ2949,白色,1,贵AHC822,白色,-1,十一培,-1,1999/4/27 0:00,-1,福克斯牌,364546000000 ,366577000000000000 ,478005,197609,16,2,5,工作日,非高峰,2015-05-27,2015年5月27日,阴 /阵雨,26℃ / 20℃,南风 ≤3级 /东北风 ≤3级,阴,阵雨,26,20,南风,≤3级,东北风,≤3级,day
2015-05-27 15:00:00,锦江路,1、追尾的,负全部责任,不负责任,1,贵AHE547,白色,1,贵AAD298,白色,自培,十一培,2007/7/19 0:00,1993/7/15 0:00,丰田牌,长安牌,5674520000000000 ,364547000000000000 ,197611,194812,15,2,5,工作日,非高峰,2015-05-27,2015年5月27日,阴 /阵雨,26℃ / 20℃,南风 ≤3级 /东北风 ≤3级,阴,阵雨,26,20,南风,≤3级,东北风,≤3级,day
2015-05-27 17:38:00,东山公安厅招待所,8、依法应负全责的其他情形,负全部责任,不负责任,1,贵AV4188,红,1,贵AB6162,黑,自培,十一培,2000/12/29 0:00,1994/2/8 0:00,蒙迪欧牌,海马,357466000000000000 ,364548000000000000 ,197207,197201,17,2,5,工作日,晚高峰(17-19点),2015-05-27,2015年5月27日,阴 /阵雨,26℃ / 20℃,南风 ≤3级 /东北风 ≤3级,阴,阵雨,26,20,南风,≤3级,东北风,≤3级,day
2015-05-27 13:35:00,贵州日报社,1、追尾的,负全部责任,不负责任,1,贵AU0253,蓝,0,贵AV6387,银,自培,自培,1998/9/30 0:00,2006/10/11 0:00,嘉隆牌,隆鑫牌,366875000000000000 ,364547000000000000 ,198006,198312,13,2,5,工作日,非高峰,2015-05-27,2015年5月27日,阴 /阵雨,26℃ / 20℃,南风 ≤3级 /东北风 ≤3级,阴,阵雨,26,20,南风,≤3级,东北风,≤3级,day
2015-05-27 12:10:00,湘雅村,1、追尾的,负全部责任,不负责任,1,贵A64V85,白,1,贵A87C86,黑,自培,自培,2011/11/3 0:00,2000/4/3 0:00,-1,凯迪拉克,364547000000000000 ,366546000000000000 ,199209,196306,12,2,5,工作日,非高峰,2015-05-27,2015年5月27日,阴 /阵雨,26℃ / 20℃,南风 ≤3级 /东北风 ≤3级,阴,阵雨,26,20,南风,≤3级,东北风,≤3级,day
2015-05-27 17:30:00,上寨小院,3、倒车的,负全部责任,不负责任,1,贵A4CB63,黑,1,贵AJE938,黑,-1,自培,-1,2003/10/14 0:00,别克牌,夏利牌,Y689465（0）,366068000000000000 ,1（4）,198110,17,2,5,工作日,晚高峰(17-19点),2015-05-27,2015年5月27日,阴 /阵雨,26℃ / 20℃,南风 ≤3级 /东北风 ≤3级,阴,阵雨,26,20,南风,≤3级,东北风,≤3级,day
2015-05-28 07:20:00,未来方舟,1、追尾的,负全部责任,不负责任,1,贵CHZ459,白,0,贵AMB913,蓝,-1,自培,-1,2001/8/27 0:00,-1,起亚牌,366368000000000000 ,364548000000000000 ,197199,196210,7,3,5,工作日,早高峰(7-9点),2015-05-28,2015年5月28日,多云 /雷阵雨,29℃ / 19℃,南风 ≤3级 /东南风 ≤3级,多云,雷阵雨,29,19,南风,≤3级,东南风,≤3级,day
2015-05-27 15:00:00,小河锦江路,1、追尾的,负全部责任,不负责任,1,贵AHE547,白色,1,闽A33J76,白色,自培,自培,2007/7/19 0:00,2005/3/24 0:00,丰田牌,长城牌,5674520000000000 ,734596000000000000 ,197611,198309,15,2,5,工作日,非高峰,2015-05-27,2015年5月27日,阴 /阵雨,26℃ / 20℃,南风 ≤3级 /东北风 ≤3级,阴,阵雨,26,20,南风,≤3级,东北风,≤3级,day
2015-05-27 16:10:00,北京西路,7、未按规定让行的 ,负全部责任,不负责任,1,贵AV7243,银,1,贵A76G68,红,自培,自培,2003/2/13 0:00,2003/3/31 0:00,银翔牌,雪佛兰牌,364557000000000000 ,36454751894654046X,197405,197802,16,2,5,工作日,非高峰,2015-05-27,2015年5月27日,阴 /阵雨,26℃ / 20℃,南风 ≤3级 /东北风 ≤3级,阴,阵雨,26,20,南风,≤3级,东北风,≤3级,day
2015-05-27 22:04:00,大营坡,8、依法应负全责的其他情形,负全部责任,不负责任,1,贵A23L56,白,1,贵AC1863,红,自培,-1,2003/1/29 0:00,-1,丰田牌,凌肯牌,364558000000000000 ,35414651144869617X,195707,199007,22,2,5,工作日,非高峰,2015-05-27,2015年5月27日,阴 /阵雨,26℃ / 20℃,南风 ≤3级 /东北风 ≤3级,阴,阵雨,26,20,南风,≤3级,东北风,≤3级,night
2015-05-28 00:00:00,花果园,7、未按规定让行的 ,负全部责任,不负责任,1,贵A956F6,白色,1,贵AU9952,白色,-1,吉源驾校,-1,2009/6/22 0:00,东风牌,瑞麒牌,704545000000 ,366063000000000000 ,169337,197307,0,3,5,工作日,非高峰,2015-05-28,2015年5月28日,多云 /雷阵雨,29℃ / 19℃,南风 ≤3级 /东南风 ≤3级,多云,雷阵雨,29,19,南风,≤3级,东南风,≤3级,night
2015-05-27 20:00:00,达高桥,7、未按规定让行的 ,负全部责任,不负责任,1,贵A98776,白色,1,贵AX8253,白色,消防驾校,铁二局驾校,1996/10/23 0:00,2000/6/22 0:00,五征牌,三铃牌,364547000000000000 ,364558000000000000 ,197406,197503,20,2,5,工作日,非高峰,2015-05-27,2015年5月27日,阴 /阵雨,26℃ / 20℃,南风 ≤3级 /东北风 ≤3级,阴,阵雨,26,20,南风,≤3级,东北风,≤3级,night
2015-05-28 00:00:00,西二环,1、追尾的,负全部责任,不负责任,1,贵BK9278,白色,1,贵GAG731,白色,铁二局驾校,诚信驾驶培训学校,2011/11/8 0:00,2014/12/23 0:00,-1,-1,364566000000000000 ,364551000000000000 ,198106,199106,0,3,5,工作日,非高峰,2015-05-28,2015年5月28日,多云 /雷阵雨,29℃ / 19℃,南风 ≤3级 /东南风 ≤3级,多云,雷阵雨,29,19,南风,≤3级,东南风,≤3级,night
2015-05-28 00:00:00,王家桥,1、追尾的,负全部责任,不负责任,1,贵JCT154,白色,1,贵A16G34,白色,文通驾校,文通驾校,2012/1/9 0:00,2014/12/3 0:00,-1,名爵牌,364548000000000000 ,364548000000000000 ,199102,198803,0,3,5,工作日,非高峰,2015-05-28,2015年5月28日,多云 /雷阵雨,29℃ / 19℃,南风 ≤3级 /东南风 ≤3级,多云,雷阵雨,29,19,南风,≤3级,东南风,≤3级,night
2015-05-27 23:00:00,油榨街,7、未按规定让行的 ,负全部责任,不负责任,0,贵A893A4,红,1,贵HAR418,白,-1,贵州省长安驾驶培训学校,-1,2004/6/23 0:00,长安牌,-1,356668000000000000 ,364547000000000000 ,197503,198511,23,2,5,工作日,非高峰,2015-05-27,2015年5月27日,阴 /阵雨,26℃ / 20℃,南风 ≤3级 /东北风 ≤3级,阴,阵雨,26,20,南风,≤3级,东北风,≤3级,night
2015-05-28 08:00:00,沙冲南路,3、倒车的,负全部责任,不负责任,1,贵AT4604,白色,1,贵A16R59,白色,-1,市交校,-1,2013/4/19 0:00,迅龙牌,大众汽车牌,366867000000000 ,364548000000000000 ,670627,198812,8,3,5,工作日,早高峰(7-9点),2015-05-28,2015年5月28日,多云 /雷阵雨,29℃ / 19℃,南风 ≤3级 /东南风 ≤3级,多云,雷阵雨,29,19,南风,≤3级,东南风,≤3级,day
2015-05-28 09:00:00,白云区育才路, ,负全部责任,不负责任,1,贵A82H52,黑,1,川AV3T96,白,-1,景宏驾校,-1,2010/12/1 0:00,丰田牌,-1,654664000000000000 ,364558000000000000 ,197410,196610,9,3,5,工作日,早高峰(7-9点),2015-05-28,2015年5月28日,多云 /雷阵雨,29℃ / 19℃,南风 ≤3级 /东南风 ≤3级,多云,雷阵雨,29,19,南风,≤3级,东南风,≤3级,day
2015-05-28 09:28:00,西二环,1、追尾的,负全部责任,不负责任,1,贵A1BP29,白,1,贵JQ4983,黑,-1,-1,-1,-1,马自达牌,-1,366870000000000000 ,366865000000000000 ,198501,198209,9,3,5,工作日,早高峰(7-9点),2015-05-28,2015年5月28日,多云 /雷阵雨,29℃ / 19℃,南风 ≤3级 /东南风 ≤3级,多云,雷阵雨,29,19,南风,≤3级,东南风,≤3级,day
2015-05-28 10:00:00,会展城,7、未按规定让行的 ,负全部责任,不负责任,1,贵A3P281,红,1,贵GL1327,银,-1,路路达驾校,-1,2012/9/6 0:00,-1,-1,366064000000000000 ,364558000000000000 ,198311,197101,10,3,5,工作日,非高峰,2015-05-28,2015年5月28日,多云 /雷阵雨,29℃ / 19℃,南风 ≤3级 /东南风 ≤3级,多云,雷阵雨,29,19,南风,≤3级,东南风,≤3级,day
2015-05-28 10:05:00,龚庄加油站,7、未按规定让行的 ,负全部责任,不负责任,1,鄂AH4450,白,1,贵A5961C,银,-1,（白云区）消防驾驶培训学校,-1,-1,隆鑫牌,富迪牌,64190500000000000 ,366263000000000000 ,198607,198204,10,3,5,工作日,非高峰,2015-05-28,2015年5月28日,多云 /雷阵雨,29℃ / 19℃,南风 ≤3级 /东南风 ≤3级,多云,雷阵雨,29,19,南风,≤3级,东南风,≤3级,day
2015-05-28 09:30:00,黔灵公园门口,1、追尾的,负全部责任,不负责任,1,贵CD6753,红,1,贵AU1275,白,贵州省长安驾驶培训学校,（乌当区）全林驾驶培训有限公司,2012/7/13 0:00,1995/4/25 0:00,-1,中能牌,366561000000000000 ,77464351394167715X,198605,195809,9,3,5,工作日,早高峰(7-9点),2015-05-28,2015年5月28日,多云 /雷阵雨,29℃ / 19℃,南风 ≤3级 /东南风 ≤3级,多云,雷阵雨,29,19,南风,≤3级,东南风,≤3级,day
2015-05-28 06:26:00,O八三,1、追尾的,负全部责任,不负责任,1,贵AU7991,黄,1,贵AU7140,黄,自培,-1,2002/5/21 0:00,-1,豪爵牌,力之星牌,366875000000000000 ,74640500000000000 ,197901,197409,6,3,5,工作日,非高峰,2015-05-28,2015年5月28日,多云 /雷阵雨,29℃ / 19℃,南风 ≤3级 /东南风 ≤3级,多云,雷阵雨,29,19,南风,≤3级,东南风,≤3级,day
2015-05-27 19:15:00,北二环,1、追尾的,负全部责任,不负责任,1,贵BT8647,红,1,贵A67W29,黑,吉源驾校,十一培,2013/11/20 0:00,1996/6/17 0:00,-1,别克牌,366069000000000000 ,36455751205651497X,198306,196412,19,2,5,工作日,晚高峰(17-19点),2015-05-27,2015年5月27日,阴 /阵雨,26℃ / 20℃,南风 ≤3级 /东北风 ≤3级,阴,阵雨,26,20,南风,≤3级,东北风,≤3级,day
2015-05-28 07:45:00,帝景传说后门,1、追尾的,负全部责任,不负责任,0,贵AHJ358,白,1,贵AU0359,银,消防驾校,十一培,2011/12/26 0:00,1999/5/27 0:00,福特牌,万达牌,357867000000000000 ,36454651224061525X,198408,196604,7,3,5,工作日,早高峰(7-9点),2015-05-28,2015年5月28日,多云 /雷阵雨,29℃ / 19℃,南风 ≤3级 /东南风 ≤3级,多云,雷阵雨,29,19,南风,≤3级,东南风,≤3级,day
2015-05-28 07:10:00,浙南路,7、未按规定让行的 ,负全部责任,不负责任,1,贵AGS807,红,1,贵AU5181,蓝,自培,十一培,2002/1/28 0:00,1993/7/27 0:00,一汽佳星牌,捷达牌,366068000000000000 ,364547000000000000 ,197203,197512,7,3,5,工作日,早高峰(7-9点),2015-05-28,2015年5月28日,多云 /雷阵雨,29℃ / 19℃,南风 ≤3级 /东南风 ≤3级,多云,雷阵雨,29,19,南风,≤3级,东南风,≤3级,day
2015-05-27 21:00:00,二戈寨,8、依法应负全责的其他情形,负全部责任,不负责任,1,贵ATY367,白色,1,贵A09350,白色,自培,十一培,2007/2/2 0:00,1997/7/22 0:00,夏利牌,豪泺牌,364548000000000000 ,366861000000000000 ,195407,196611,21,2,5,工作日,非高峰,2015-05-27,2015年5月27日,阴 /阵雨,26℃ / 20℃,南风 ≤3级 /东北风 ≤3级,阴,阵雨,26,20,南风,≤3级,东北风,≤3级,night
2015-05-27 20:00:00,解放路,4、停车时未挂低速档、未拉驻车制动，导致车辆滑行的,负全部责任,不负责任,1,贵AU5529,白色,1,贵AB8499,白色,贵州省遵义汽车运输（集团）余庆金阳驾驶培训有限责任公司,自培,2012/2/13 0:00,2004/2/10 0:00,豪爵牌,格锐,366562000000000000 ,366064000000000000 ,198707,197109,20,2,5,工作日,非高峰,2015-05-27,2015年5月27日,阴 /阵雨,26℃ / 20℃,南风 ≤3级 /东北风 ≤3级,阴,阵雨,26,20,南风,≤3级,东北风,≤3级,night
2015-05-27 20:00:00,香江路,3、倒车的,负全部责任,不负责任,1,桂L24119,白色,1,贵A8Q788,白色,自培,自培,2010/11/18 0:00,2000/1/25 0:00,-1,-1,36274500000000000 ,364547000000000000 ,198807,197907,20,2,5,工作日,非高峰,2015-05-27,2015年5月27日,阴 /阵雨,26℃ / 20℃,南风 ≤3级 /东北风 ≤3级,阴,阵雨,26,20,南风,≤3级,东北风,≤3级,night
2015-05-28 07:30:00,市西高架桥,7、未按规定让行的 ,负全部责任,不负责任,1,贵AU0653,银,1,贵AL1155,红,自培,自培,2008/6/24 0:00,2002/9/25 0:00,奇瑞牌,大众牌,366068000000000000 ,364547000000000000 ,198702,196505,7,3,5,工作日,早高峰(7-9点),2015-05-28,2015年5月28日,多云 /雷阵雨,29℃ / 19℃,南风 ≤3级 /东南风 ≤3级,多云,雷阵雨,29,19,南风,≤3级,东南风,≤3级,day
2015-05-28 10:00:00,四方河,7、未按规定让行的 ,负全部责任,不负责任,1,贵A78L71,白色,1,云DHX672,白色,贵州现代驾驶培训责任有限公司,520115,2015/1/7 0:00,2009/3/6 0:00,北京现代牌,-1,364548000000000000 ,364547000000000000 ,199106,197804,10,3,5,工作日,非高峰,2015-05-28,2015年5月28日,多云 /雷阵雨,29℃ / 19℃,南风 ≤3级 /东南风 ≤3级,多云,雷阵雨,29,19,南风,≤3级,东南风,≤3级,day
2015-05-28 10:30:00,花溪大道,7、未按规定让行的 ,负全部责任,不负责任,0,贵A4AU87,白,1,贵A484B3,红,自培,（花溪区）高新十七驾驶培训有限公司,2012/7/5 0:00,2004/3/31 0:00,炫威牌,-1,674347000000000000 ,366546000000000000 ,198205,196409,10,3,5,工作日,非高峰,2015-05-28,2015年5月28日,多云 /雷阵雨,29℃ / 19℃,南风 ≤3级 /东南风 ≤3级,多云,雷阵雨,29,19,南风,≤3级,东南风,≤3级,day
2015-05-28 11:00:00,小河黔江路,3、倒车的,负全部责任,不负责任,1,贵A66L52,白色,1,贵AWC918,白色,-1,诚信驾驶培训学校,-1,2012/10/31 0:00,丰田牌,奥迪牌,354670000000000000 ,366577000000000000 ,198104,198706,11,3,5,工作日,非高峰,2015-05-28,2015年5月28日,多云 /雷阵雨,29℃ / 19℃,南风 ≤3级 /东南风 ≤3级,多云,雷阵雨,29,19,南风,≤3级,东南风,≤3级,day
2015-05-28 11:30:00,和尚坡,8、依法应负全责的其他情形,负全部责任,不负责任,1,贵AEL886,白,1,贵AG4376,白,-1,无,-1,2005/7/8 0:00,五菱牌,福特牌,366868000000000000 ,355266000000000000 ,196102,198606,11,3,5,工作日,非高峰,2015-05-28,2015年5月28日,多云 /雷阵雨,29℃ / 19℃,南风 ≤3级 /东南风 ≤3级,多云,雷阵雨,29,19,南风,≤3级,东南风,≤3级,day
2015-05-28 12:05:00,白云区龚庄加油站,7、未按规定让行的 ,负全部责任,不负责任,1,贵A65033,黄,1,贵A5356B,白,-1,文通驾校,1976/11/14 0:00,2012/5/18 0:00,东风,-1,364558000000000000 ,364558000000000000 ,195511,198901,12,3,5,工作日,非高峰,2015-05-28,2015年5月28日,多云 /雷阵雨,29℃ / 19℃,南风 ≤3级 /东南风 ≤3级,多云,雷阵雨,29,19,南风,≤3级,东南风,≤3级,day
2015-05-28 14:00:00,金竹镇,7、未按规定让行的 ,负全部责任,不负责任,1,贵AKC195,白色,1,贵ANP689,白色,消防驾校,-1,2012/10/17 0:00,-1,爱腾,起亚牌,36455651995675635X,35726751974750336X,198812,198303,14,3,5,工作日,非高峰,2015-05-28,2015年5月28日,多云 /雷阵雨,29℃ / 19℃,南风 ≤3级 /东南风 ≤3级,多云,雷阵雨,29,19,南风,≤3级,东南风,≤3级,day