accidenttime,accidentaddr,driver1fault,driver1responsibility,driver2responsibility,sex1,platenumber1,carcolor1,sex2,platenumber2,carcolor2,jxmc1,jxmc2,cclzrq1,cclzrq2,clpp1,clpp2,driver1license,driver2license,brith1,brith2,hour,weekday,month,is_weekday,peak_hour,date,日期,天气状况,气温,风力风向,day_wea,night_wea,day_tep,night_tep,day_wind_direction,day_wind_speed,night_wind_direction,night_wind_speed,segment
2015-05-28 12:00:00,解放西路,8、依法应负全责的其他情形,负全部责任,不负责任,1,贵A98H96,白色,1,贵AHW583,白色,十一驾驶培训有限公司,-1,2012/5/16 0:00,-1,大众汽车牌,华泰圣达菲牌,366363000000000000 ,366875000000000000 ,196210,195610,12,3,5,工作日,非高峰,2015-05-28,2015年5月28日,多云 /雷阵雨,29℃ / 19℃,南风 ≤3级 /东南风 ≤3级,多云,雷阵雨,29,19,南风,≤3级,东南风,≤3级,day
2015-05-28 12:30:00,万东桥,7、未按规定让行的 ,负全部责任,不负责任,1,贵E57713,红,1,贵AXA677,黑,黔西南州盛典汽车摩托车驾驶培训学校有限公司,黔西南州盛典汽车摩托车驾驶培训学校有限公司,-1,1994/8/9 0:00,-1,揽胜,366666000000000000 ,364548000000000000 ,198305,197210,12,3,5,工作日,非高峰,2015-05-28,2015年5月28日,多云 /雷阵雨,29℃ / 19℃,南风 ≤3级 /东南风 ≤3级,多云,雷阵雨,29,19,南风,≤3级,东南风,≤3级,day
2015-05-28 14:00:00,霞辉路,8、依法应负全责的其他情形,负全部责任,不负责任,1,贵A7AH36,白色,1,贵A8H128,白色,蓝天驾校,铁二局驾校（南明区）,2011/9/30 0:00,2000/8/10 0:00,大众汽车牌,-1,366562000000000000 ,364556000000000000 ,197008,197609,14,3,5,工作日,非高峰,2015-05-28,2015年5月28日,多云 /雷阵雨,29℃ / 19℃,南风 ≤3级 /东南风 ≤3级,多云,雷阵雨,29,19,南风,≤3级,东南风,≤3级,day
2015-05-28 09:00:00,甲秀南路,7、未按规定让行的 ,负全部责任,不负责任,1,豫H941JC,白色,1,贵A4307L,白色,自培,-1,2007/2/28 0:00,-1,-1,长安牌,56966500000000000 ,364545000000 ,197809,898968,9,3,5,工作日,早高峰(7-9点),2015-05-28,2015年5月28日,多云 /雷阵雨,29℃ / 19℃,南风 ≤3级 /东南风 ≤3级,多云,雷阵雨,29,19,南风,≤3级,东南风,≤3级,day
2015-05-28 09:00:00,陈亮,8、依法应负全责的其他情形,负全部责任,不负责任,1,贵A2505N,白色,1,豫AH3B98,白色,自培,-1,2010/4/30 0:00,-1,江铃牌,-1,366568000000000000 ,574591000000000000 ,198111,199001,9,3,5,工作日,早高峰(7-9点),2015-05-28,2015年5月28日,多云 /雷阵雨,29℃ / 19℃,南风 ≤3级 /东南风 ≤3级,多云,雷阵雨,29,19,南风,≤3级,东南风,≤3级,day
2015-05-28 13:30:00,景云山,3、倒车的,负全部责任,不负责任,1,贵A20289,黑,1,贵A679J8,红,自培,全林驾校,2004/7/23 0:00,2010/9/8 0:00,豪爵牌,东风牌,366861000000000000 ,364557000000000000 ,197810,198802,13,3,5,工作日,非高峰,2015-05-28,2015年5月28日,多云 /雷阵雨,29℃ / 19℃,南风 ≤3级 /东南风 ≤3级,多云,雷阵雨,29,19,南风,≤3级,东南风,≤3级,day
2015-05-28 14:00:00,金关,7、未按规定让行的 ,负全部责任,不负责任,1,贵A8AM61,白,1,贵A80116,蓝,自培,消防驾校,2001/8/8 0:00,2011/3/16 0:00,比亚迪牌,豪泺牌,366068000000000000 ,364557000000000000 ,198208,198704,14,3,5,工作日,非高峰,2015-05-28,2015年5月28日,多云 /雷阵雨,29℃ / 19℃,南风 ≤3级 /东南风 ≤3级,多云,雷阵雨,29,19,南风,≤3级,东南风,≤3级,day
2015-05-28 14:00:00,富水北路,1、追尾的,负全部责任,不负责任,1,贵A364E3,白,1,贵AU1533,绿,自培,520136,2004/8/4 0:00,2008/10/16 0:00,华神牌,大众牌,774664000000000000 ,36606051854174645X,196207,197109,14,3,5,工作日,非高峰,2015-05-28,2015年5月28日,多云 /雷阵雨,29℃ / 19℃,南风 ≤3级 /东南风 ≤3级,多云,雷阵雨,29,19,南风,≤3级,东南风,≤3级,day
2015-05-28 08:40:00,会展城路,8、依法应负全责的其他情形,负全部责任,不负责任,0,贵AEJ812,白,1,贵AU6228,白,（南明区）铁二局驾驶培训有限公司,十一培,2005/2/21 0:00,1992/4/22 0:00,丰田牌,黄海牌,364548000000000000 ,364548000000000000 ,198008,196108,8,3,5,工作日,早高峰(7-9点),2015-05-28,2015年5月28日,多云 /雷阵雨,29℃ / 19℃,南风 ≤3级 /东南风 ≤3级,多云,雷阵雨,29,19,南风,≤3级,东南风,≤3级,day
2015-05-28 08:00:00,八鸽岩,9、不符合前8款规定或者双方同时具有上述情形的,负同等责任,负同等责任,1,贵AL5677,白色,1,贵AU9213,白色,（乌当区）平安驾驶培训有限公司,十一培,2006/4/29 0:00,1997/11/8 0:00,凌肯牌,瑞麒牌,364556000000000000 ,74667500000000000 ,197510,196302,8,3,5,工作日,早高峰(7-9点),2015-05-28,2015年5月28日,多云 /雷阵雨,29℃ / 19℃,南风 ≤3级 /东南风 ≤3级,多云,雷阵雨,29,19,南风,≤3级,东南风,≤3级,day
2015-05-28 08:00:00,新添寨,1、追尾的,负全部责任,不负责任,0,贵ARJ581,红,1,贵AL3232,黑,自培,十一培,2002/6/18 0:00,1997/8/15 0:00,五菱牌,凯迪拉克,366046000000000000 ,364557000000000000 ,197703,195909,8,3,5,工作日,早高峰(7-9点),2015-05-28,2015年5月28日,多云 /雷阵雨,29℃ / 19℃,南风 ≤3级 /东南风 ≤3级,多云,雷阵雨,29,19,南风,≤3级,东南风,≤3级,day
2015-05-28 10:50:00,白云中路,7、未按规定让行的 ,负全部责任,不负责任,1,贵AE478A,白,1,贵AVA416,黑,高新驾校,自培,2012/6/12 0:00,2002/5/10 0:00,大众牌,-1,364558000000000000 ,364558000000000000 ,198912,197608,10,3,5,工作日,非高峰,2015-05-28,2015年5月28日,多云 /雷阵雨,29℃ / 19℃,南风 ≤3级 /东南风 ≤3级,多云,雷阵雨,29,19,南风,≤3级,东南风,≤3级,day
2015-05-28 08:20:00,西南美食广场,7、未按规定让行的 ,负全部责任,不负责任,1,贵A6A126,黑,1,贵J05201,黑,贵大佳德驾驶培训学校,自培,2012/11/30 0:00,2003/7/24 0:00,-1,-1,364547000000000000 ,36454651215465063X,199108,196910,8,3,5,工作日,早高峰(7-9点),2015-05-28,2015年5月28日,多云 /雷阵雨,29℃ / 19℃,南风 ≤3级 /东南风 ≤3级,多云,雷阵雨,29,19,南风,≤3级,东南风,≤3级,day
2015-05-28 13:00:00,小河,3、倒车的,负全部责任,不负责任,1,贵AA993L,白色,1,贵ANB972,白色,铁二局驾校,自培,2014/2/14 0:00,2006/11/1 0:00,雪佛兰牌,东风雪铁龙牌,364596000000000000 ,364551000000000000 ,199109,198309,13,3,5,工作日,非高峰,2015-05-28,2015年5月28日,多云 /雷阵雨,29℃ / 19℃,南风 ≤3级 /东南风 ≤3级,多云,雷阵雨,29,19,南风,≤3级,东南风,≤3级,day
2015-05-28 13:00:00,解放路,7、未按规定让行的 ,负全部责任,不负责任,1,贵A59J68,白色,1,贵AU6102,白色,-1,自培,-1,2001/4/26 0:00,大众汽车牌,万达牌,366577000000000000 ,36455551254747415X,119830,196103,13,3,5,工作日,非高峰,2015-05-28,2015年5月28日,多云 /雷阵雨,29℃ / 19℃,南风 ≤3级 /东南风 ≤3级,多云,雷阵雨,29,19,南风,≤3级,东南风,≤3级,day
2015-05-28 14:00:00,中曹司,7、未按规定让行的 ,负全部责任,不负责任,1,湘B7FX11,白色,1,贵GQ8037,白色,自培,自培,2008/4/24 0:00,2001/6/25 0:00,-1,-1,74695500000000000 ,36455551264969095X,198501,196208,14,3,5,工作日,非高峰,2015-05-28,2015年5月28日,多云 /雷阵雨,29℃ / 19℃,南风 ≤3级 /东南风 ≤3级,多云,雷阵雨,29,19,南风,≤3级,东南风,≤3级,day
2015-05-28 11:05:00,粑粑坳,7、未按规定让行的 ,负全部责任,不负责任,1,贵A96521,蓝,1,贵AA064W,红,-1,路路达驾校,-1,2010/10/2 0:00,红岩牌,海马牌,366069000000000000 ,36636051905566395X,197605,198411,11,3,5,工作日,非高峰,2015-05-28,2015年5月28日,多云 /雷阵雨,29℃ / 19℃,南风 ≤3级 /东南风 ≤3级,多云,雷阵雨,29,19,南风,≤3级,东南风,≤3级,day
2015-05-28 12:00:00,油小线,7、未按规定让行的 ,负全部责任,不负责任,1,贵AKQ753,白色,1,贵AU3615,白色,（乌当区）新天驾驶培训有限公司,-1,2010/6/24 0:00,-1,蒙迪欧牌,宝来牌,364547000000000000 ,364547000000000000 ,198403,197408,12,3,5,工作日,非高峰,2015-05-28,2015年5月28日,多云 /雷阵雨,29℃ / 19℃,南风 ≤3级 /东南风 ≤3级,多云,雷阵雨,29,19,南风,≤3级,东南风,≤3级,day
2015-05-28 16:00:00,开发大道,1、追尾的,负全部责任,不负责任,1,贵A80061,白色,1,贵AP471N,白色,-1,鑫鑫驾校,-1,2010/2/24 0:00,五菱,-1,366546000000 ,364556000000000000 ,462561,196911,16,3,5,工作日,非高峰,2015-05-28,2015年5月28日,多云 /雷阵雨,29℃ / 19℃,南风 ≤3级 /东南风 ≤3级,多云,雷阵雨,29,19,南风,≤3级,东南风,≤3级,day
2015-05-28 16:35:00,金阳客车站,4、停车时未挂低速档、未拉驻车制动，导致车辆滑行的,负全部责任,不负责任,1,贵CKH987,红,1,苏J714L1,白,-1,吉源驾校,-1,2014/5/26 0:00,-1,-1,366670000000000000 ,764168000000000000 ,198305,198002,16,3,5,工作日,非高峰,2015-05-28,2015年5月28日,多云 /雷阵雨,29℃ / 19℃,南风 ≤3级 /东南风 ≤3级,多云,雷阵雨,29,19,南风,≤3级,东南风,≤3级,day
2015-05-28 17:50:00,西二环,1、追尾的,负全部责任,不负责任,1,贵A9080J,黑,1,贵A9347A,白,-1,520121,-1,2011/12/13 0:00,长安牌,雷克萨斯,366061000000000000 ,366278000000000000 ,196902,197211,17,3,5,工作日,晚高峰(17-19点),2015-05-28,2015年5月28日,多云 /雷阵雨,29℃ / 19℃,南风 ≤3级 /东南风 ≤3级,多云,雷阵雨,29,19,南风,≤3级,东南风,≤3级,day
2015-05-28 18:00:00,西南环线,7、未按规定让行的 ,负全部责任,不负责任,1,贵A20953,白色,1,贵A24J74,白色,-1,520126,-1,2008/5/14 0:00,五菱,一汽佳星牌,364544000000000000 ,366566000000000000 ,195906,198406,18,3,5,工作日,晚高峰(17-19点),2015-05-28,2015年5月28日,多云 /雷阵雨,29℃ / 19℃,南风 ≤3级 /东南风 ≤3级,多云,雷阵雨,29,19,南风,≤3级,东南风,≤3级,day
2015-05-28 15:30:00,市政府,1、追尾的,负全部责任,不负责任,1,贵A3L563,银,1,贵ALR022,白,-1,（乌当区）新天驾驶培训有限公司,-1,2014/7/25 0:00,-1,保时捷,764766000000000000 ,364547000000000000 ,198601,199202,15,3,5,工作日,非高峰,2015-05-28,2015年5月28日,多云 /雷阵雨,29℃ / 19℃,南风 ≤3级 /东南风 ≤3级,多云,雷阵雨,29,19,南风,≤3级,东南风,≤3级,day
2015-05-28 16:00:00,花溪,4、停车时未挂低速档、未拉驻车制动，导致车辆滑行的,负全部责任,不负责任,1,贵DAR546,白色,1,贵JDD285,白色,高新驾校,鑫鑫驾校,2012/4/27 0:00,2004/6/1 0:00,-1,-1,366664000000000000 ,364556000000000000 ,198101,198207,16,3,5,工作日,非高峰,2015-05-28,2015年5月28日,多云 /雷阵雨,29℃ / 19℃,南风 ≤3级 /东南风 ≤3级,多云,雷阵雨,29,19,南风,≤3级,东南风,≤3级,day
2015-05-28 13:30:00,金工立交,7、未按规定让行的 ,负全部责任,不负责任,1,贵GM8880,白,1,贵GL1026,白,贵州省仁怀市酒都汽车驾驶培训有限公司,全林驾校,2011/5/27 0:00,2012/8/23 0:00,宝马,-1,366061000000000000 ,364568000000000000 ,198811,199005,13,3,5,工作日,非高峰,2015-05-28,2015年5月28日,多云 /雷阵雨,29℃ / 19℃,南风 ≤3级 /东南风 ≤3级,多云,雷阵雨,29,19,南风,≤3级,东南风,≤3级,day
2015-05-28 15:15:00,新世纪,7、未按规定让行的 ,负全部责任,不负责任,1,贵FQ8446,白,1,贵AV0387,黑,公交驾校,520133,2012/2/27 0:00,2008/10/28 0:00,-1,英伦牌,364557000000000000 ,364557000000000000 ,198411,197809,15,3,5,工作日,非高峰,2015-05-28,2015年5月28日,多云 /雷阵雨,29℃ / 19℃,南风 ≤3级 /东南风 ≤3级,多云,雷阵雨,29,19,南风,≤3级,东南风,≤3级,day
2015-05-28 16:50:00,湘雅村,8、依法应负全责的其他情形,负全部责任,不负责任,1,贵A701C6,黄,1,贵AU0726,银,铁二局驾校,预约考试窗口,2014/12/23 0:00,2006/11/1 0:00,解放牌,大运牌,364548000000000000 ,364547000000000000 ,196504,196701,16,3,5,工作日,非高峰,2015-05-28,2015年5月28日,多云 /雷阵雨,29℃ / 19℃,南风 ≤3级 /东南风 ≤3级,多云,雷阵雨,29,19,南风,≤3级,东南风,≤3级,day
2015-05-28 20:00:00,八匹马,8、依法应负全责的其他情形,负全部责任,不负责任,1,湘US1421,红,1,贵AU8641,黄,-1,自培,-1,2000/5/24 0:00,-1,瑞麒牌,77566500000000000 ,366066000000000000 ,197401,197511,20,3,5,工作日,非高峰,2015-05-28,2015年5月28日,多云 /雷阵雨,29℃ / 19℃,南风 ≤3级 /东南风 ≤3级,多云,雷阵雨,29,19,南风,≤3级,东南风,≤3级,night
2015-05-28 20:00:00,太慈桥,7、未按规定让行的 ,负全部责任,不负责任,1,赣F92554,白色,1,贵AU7392,白色,-1,自培,-1,2004/8/25 0:00,-1,福田牌,726346000000000000 ,364547000000000000 ,196204,198305,20,3,5,工作日,非高峰,2015-05-28,2015年5月28日,多云 /雷阵雨,29℃ / 19℃,南风 ≤3级 /东南风 ≤3级,多云,雷阵雨,29,19,南风,≤3级,东南风,≤3级,night
2015-05-29 04:30:00,金朱东路,7、未按规定让行的 ,负全部责任,不负责任,1,贵A1168A,白,1,贵A86518,黑,-1,-1,-1,-1,东风日产牌,福田牌,364546000000 ,366045000000 ,515461,323581,4,4,5,工作日,非高峰,2015-05-29,2015年5月29日,阵雨 /阵雨,24℃ / 17℃,东南风 ≤3级 /东北风 ≤3级,阵雨,阵雨,24,17,东南风,≤3级,东北风,≤3级,night
2015-05-29 06:10:00,百花大道,7、未按规定让行的 ,负全部责任,不负责任,1,贵A7300G,白,1,贵GT7481,白,（观山湖区）诚信驾驶培训有限公司,贵工驾校,2008/7/8 0:00,2012/5/8 0:00,解放牌,-1,364557000000000000 ,364596000000000000 ,197207,198910,6,4,5,工作日,非高峰,2015-05-29,2015年5月29日,阵雨 /阵雨,24℃ / 17℃,东南风 ≤3级 /东北风 ≤3级,阵雨,阵雨,24,17,东南风,≤3级,东北风,≤3级,day
2015-05-28 15:10:00,延安东路,7、未按规定让行的 ,负全部责任,不负责任,0,贵A8BP97,蓝,1,贵A12E14,白,自培,自培,2005/10/31 0:00,1996/8/25 0:00,别克牌,东风标致牌,364547000000000000 ,364547000000000000 ,197802,197308,15,3,5,工作日,非高峰,2015-05-28,2015年5月28日,多云 /雷阵雨,29℃ / 19℃,南风 ≤3级 /东南风 ≤3级,多云,雷阵雨,29,19,南风,≤3级,东南风,≤3级,day
2015-05-28 15:30:00,上麦收费站,7、未按规定让行的 ,负全部责任,不负责任,1,贵A7711G,白,1,贵AA302Y,红,自培,铁二局驾校,2002/9/30 0:00,2011/12/16 0:00,江淮牌,奥迪牌,366361000000000000 ,364666000000000000 ,196807,199005,15,3,5,工作日,非高峰,2015-05-28,2015年5月28日,多云 /雷阵雨,29℃ / 19℃,南风 ≤3级 /东南风 ≤3级,多云,雷阵雨,29,19,南风,≤3级,东南风,≤3级,day
2015-05-28 16:10:00,团坡桥,3、倒车的,负全部责任,不负责任,1,贵JDZ966,白色,1,贵ACN141,白色,自培,520110,2002/9/30 0:00,2009/3/6 0:00,-1,东风标致牌,364547000000000000 ,364547000000000000 ,195704,197209,16,3,5,工作日,非高峰,2015-05-28,2015年5月28日,多云 /雷阵雨,29℃ / 19℃,南风 ≤3级 /东南风 ≤3级,多云,雷阵雨,29,19,南风,≤3级,东南风,≤3级,day
2015-05-28 15:10:00,交警三大队,8、依法应负全责的其他情形,负全部责任,不负责任,1,贵A18A95,蓝,1,贵A54N89,黑,-1,十一培,-1,1998/11/12 0:00,别克牌,别克牌,36666600000000000 ,364548000000000000 ,197301,198008,15,3,5,工作日,非高峰,2015-05-28,2015年5月28日,多云 /雷阵雨,29℃ / 19℃,南风 ≤3级 /东南风 ≤3级,多云,雷阵雨,29,19,南风,≤3级,东南风,≤3级,day
2015-05-29 07:00:00,长江路,8、依法应负全责的其他情形,负全部责任,不负责任,1,贵A2L455,白色,1,贵AU6473,白色,自培,十一培,2009/1/6 0:00,1992/5/7 0:00,-1,陆胜牌,366566000000000000 ,364547000000000000 ,198502,197110,7,4,5,工作日,早高峰(7-9点),2015-05-29,2015年5月29日,阵雨 /阵雨,24℃ / 17℃,东南风 ≤3级 /东北风 ≤3级,阵雨,阵雨,24,17,东南风,≤3级,东北风,≤3级,day
2015-05-28 13:00:00,未来方舟,7、未按规定让行的 ,负全部责任,不负责任,1,贵GX6643,白色,1,贵A31053,白色,自培,自培,2002/11/1 0:00,2005/9/13 0:00,五菱牌,长安,366363000000000000 ,36454751824641645X,196707,197602,13,3,5,工作日,非高峰,2015-05-28,2015年5月28日,多云 /雷阵雨,29℃ / 19℃,南风 ≤3级 /东南风 ≤3级,多云,雷阵雨,29,19,南风,≤3级,东南风,≤3级,day
2015-05-28 19:00:00,花溪,7、未按规定让行的 ,负全部责任,不负责任,1,渝C6Q174,白色,1,贵JBT959,白色,-1,自培,-1,2014/9/19 0:00,-1,-1,354366000000000000 ,366767000000000000 ,198611,198711,19,3,5,工作日,晚高峰(17-19点),2015-05-28,2015年5月28日,多云 /雷阵雨,29℃ / 19℃,南风 ≤3级 /东南风 ≤3级,多云,雷阵雨,29,19,南风,≤3级,东南风,≤3级,day
2015-05-28 21:30:00,金源购物中心,8、依法应负全责的其他情形,负全部责任,不负责任,1,渝C02017,银,1,贵A79N36,黑,-1,520101,-1,2008/10/30 0:00,-1,丰田牌,354670000000000000 ,36346500000000000 ,198304,198412,21,3,5,工作日,非高峰,2015-05-28,2015年5月28日,多云 /雷阵雨,29℃ / 19℃,南风 ≤3级 /东南风 ≤3级,多云,雷阵雨,29,19,南风,≤3级,东南风,≤3级,night
2015-05-28 20:00:00,花石路口,1、追尾的,负全部责任,不负责任,1,贵A5211H,白色,1,贵AB234W,白色,（南明区）阳光驾驶培训有限公司,毕节地区宏强驾校,2006/6/23 0:00,-1,五菱牌,江铃牌,364556000000000000 ,366064000000000000 ,198406,198402,20,3,5,工作日,非高峰,2015-05-28,2015年5月28日,多云 /雷阵雨,29℃ / 19℃,南风 ≤3级 /东南风 ≤3级,多云,雷阵雨,29,19,南风,≤3级,东南风,≤3级,night
2015-05-29 09:00:00,贵开路,8、依法应负全责的其他情形,负全部责任,不负责任,0,贵A8BV31,黑,1,贵AJH825,红,-1,-1,-1,-1,沃尔沃,长安牌,364545000000 ,364545000000 ,364419,213079,9,4,5,工作日,早高峰(7-9点),2015-05-29,2015年5月29日,阵雨 /阵雨,24℃ / 17℃,东南风 ≤3级 /东北风 ≤3级,阵雨,阵雨,24,17,东南风,≤3级,东北风,≤3级,day
2015-05-29 08:10:00,同心西路,1、追尾的,负全部责任,不负责任,1,贵AA531A,白,1,贵ADG194,红,消防驾校,520115,2011/4/25 0:00,2008/11/26 0:00,吉利美日牌,长城牌,354663000000000000 ,364548000000000000 ,197602,198808,8,4,5,工作日,早高峰(7-9点),2015-05-29,2015年5月29日,阵雨 /阵雨,24℃ / 17℃,东南风 ≤3级 /东北风 ≤3级,阵雨,阵雨,24,17,东南风,≤3级,东北风,≤3级,day
2015-05-29 09:00:00,乌当区,8、依法应负全责的其他情形,负全部责任,不负责任,1,贵JED329,白色,1,贵GP5951,白色,全林驾校,顺一驾驶培训学校,2014/2/21 0:00,2012/12/31 0:00,-1,-1,364568000000000000 ,06546751974047485X,199111,198304,9,4,5,工作日,早高峰(7-9点),2015-05-29,2015年5月29日,阵雨 /阵雨,24℃ / 17℃,东南风 ≤3级 /东北风 ≤3级,阵雨,阵雨,24,17,东南风,≤3级,东北风,≤3级,day
2015-05-29 09:00:00,北京西路,7、未按规定让行的 ,负全部责任,不负责任,0,贵A89K38,红,1,贵AV0355,蓝,（南明区）吉源驾驶培训有限公司,520127,2011/2/22 0:00,1999/12/16 0:00,马自达牌,钱江牌,366664000000000000 ,364547000000000000 ,197808,198111,9,4,5,工作日,早高峰(7-9点),2015-05-29,2015年5月29日,阵雨 /阵雨,24℃ / 17℃,东南风 ≤3级 /东北风 ≤3级,阵雨,阵雨,24,17,东南风,≤3级,东北风,≤3级,day
2015-05-29 10:00:00,300医院,1、追尾的,负全部责任,不负责任,1,贵A412H2,白色,1,贵GQ6849,白色,-1,十一驾驶培训有限公司,-1,2012/3/19 0:00,江铃牌,-1,734570000000000000 ,364551000000000000 ,199011,198212,10,4,5,工作日,非高峰,2015-05-29,2015年5月29日,阵雨 /阵雨,24℃ / 17℃,东南风 ≤3级 /东北风 ≤3级,阵雨,阵雨,24,17,东南风,≤3级,东北风,≤3级,day
2015-05-29 04:50:00,观水路,7、未按规定让行的 ,负全部责任,不负责任,1,贵AEX588,黑,1,贵A93N71,黑,自培,-1,2004/9/16 0:00,-1,迈腾牌,指南者,366046000000000000 ,366346000000000000 ,198411,196911,4,4,5,工作日,非高峰,2015-05-29,2015年5月29日,阵雨 /阵雨,24℃ / 17℃,东南风 ≤3级 /东北风 ≤3级,阵雨,阵雨,24,17,东南风,≤3级,东北风,≤3级,night
2015-05-29 07:49:00,太慈桥,7、未按规定让行的 ,负全部责任,不负责任,1,贵A49M45,白,1,贵GJ6321,红,自培,人武驾校,2004/6/14 0:00,2012/7/31 0:00,大众汽车牌,-1,366768000000000000 ,724541000000000000 ,198604,197202,7,4,5,工作日,早高峰(7-9点),2015-05-29,2015年5月29日,阵雨 /阵雨,24℃ / 17℃,东南风 ≤3级 /东北风 ≤3级,阵雨,阵雨,24,17,东南风,≤3级,东北风,≤3级,day
2015-05-29 09:00:00,北京路,7、未按规定让行的 ,负全部责任,不负责任,0,贵A6P228,黄,1,贵AU6452,绿,金大驾校,十一培,2014/6/3 0:00,1993/7/28 0:00,-1,陆胜牌,364557000000000000 ,36454751874864405X,199206,197307,9,4,5,工作日,早高峰(7-9点),2015-05-29,2015年5月29日,阵雨 /阵雨,24℃ / 17℃,东南风 ≤3级 /东北风 ≤3级,阵雨,阵雨,24,17,东南风,≤3级,东北风,≤3级,day
2015-05-29 07:00:00,沙冲路,7、未按规定让行的 ,负全部责任,不负责任,1,贵A2N937,白色,1,贵AU0725,白色,自培,十一培,2007/4/12 0:00,1995/5/30 0:00,-1,宝来牌,366346000000000000 ,36454751264347365X,198602,196205,7,4,5,工作日,早高峰(7-9点),2015-05-29,2015年5月29日,阵雨 /阵雨,24℃ / 17℃,东南风 ≤3级 /东北风 ≤3级,阵雨,阵雨,24,17,东南风,≤3级,东北风,≤3级,day
2015-05-28 21:15:00,贵乌路,7、未按规定让行的 ,负全部责任,不负责任,0,贵AC7846,黑,1,贵AB163S,黑,贵州省长安驾驶培训学校,自培,2012/8/13 0:00,2003/2/28 0:00,鑫源牌,凯迪拉克SRX跨界车,364548000000000000 ,364557000000000000 ,199111,197603,21,3,5,工作日,非高峰,2015-05-28,2015年5月28日,多云 /雷阵雨,29℃ / 19℃,南风 ≤3级 /东南风 ≤3级,多云,雷阵雨,29,19,南风,≤3级,东南风,≤3级,night
2015-05-28 19:00:00,八匹马,9、不符合前8款规定或者双方同时具有上述情形的,负同等责任,负同等责任,1,贵GY7142,黑,1,贵A9157S,红,贵州平安驾驶培训学校,自培,2012/6/15 0:00,2002/7/22 0:00,-1,夏利牌,364648000000000000 ,36455751845552445X,198301,197011,19,3,5,工作日,晚高峰(17-19点),2015-05-28,2015年5月28日,多云 /雷阵雨,29℃ / 19℃,南风 ≤3级 /东南风 ≤3级,多云,雷阵雨,29,19,南风,≤3级,东南风,≤3级,day
2015-05-29 08:50:00,中山西路,1、追尾的,负全部责任,不负责任,0,贵A87N75,银,1,贵A68V22,红,-1,自培,-1,2000/10/12 0:00,大众汽车牌,长安牌,36455500000000000 ,364548000000000000 ,975071,198102,8,4,5,工作日,早高峰(7-9点),2015-05-29,2015年5月29日,阵雨 /阵雨,24℃ / 17℃,东南风 ≤3级 /东北风 ≤3级,阵雨,阵雨,24,17,东南风,≤3级,东北风,≤3级,day
2015-05-28 18:30:00,北京路,7、未按规定让行的 ,负全部责任,不负责任,1,贵A5BR08,白,1,贵AHP766,黑,自培,自培,2004/9/6 0:00,2002/11/19 0:00,传祺牌,马自达牌,366846000000000000 ,364547000000000000 ,197003,196206,18,3,5,工作日,晚高峰(17-19点),2015-05-28,2015年5月28日,多云 /雷阵雨,29℃ / 19℃,南风 ≤3级 /东南风 ≤3级,多云,雷阵雨,29,19,南风,≤3级,东南风,≤3级,day
2015-05-28 19:47:00,铝建路,7、未按规定让行的 ,负全部责任,不负责任,1,贵A1177R,黄,1,贵A91Y11,白,自培,自培,2003/6/24 0:00,2003/9/15 0:00,中华牌,东风标致牌,364558000000000000 ,364558000000000000 ,198212,198108,19,3,5,工作日,晚高峰(17-19点),2015-05-28,2015年5月28日,多云 /雷阵雨,29℃ / 19℃,南风 ≤3级 /东南风 ≤3级,多云,雷阵雨,29,19,南风,≤3级,东南风,≤3级,day
2015-05-29 10:30:00,八匹马,1、追尾的,负全部责任,不负责任,1,陕D19717,白,1,贵CKC561,蓝,-1,消防驾校,-1,2014/7/20 0:00,-1,-1,254041000000000000 ,366546000000000000 ,195810,197608,10,4,5,工作日,非高峰,2015-05-29,2015年5月29日,阵雨 /阵雨,24℃ / 17℃,东南风 ≤3级 /东北风 ≤3级,阵雨,阵雨,24,17,东南风,≤3级,东北风,≤3级,day
2015-05-29 11:00:00,花果园,7、未按规定让行的 ,负全部责任,不负责任,1,闽C119T3,白色,1,贵A27R99,白色,-1,贵大驾校,-1,2013/12/13 0:00,-1,福特牌,734397000000000000 ,364551000000000000 ,199103,198603,11,4,5,工作日,非高峰,2015-05-29,2015年5月29日,阵雨 /阵雨,24℃ / 17℃,东南风 ≤3级 /东北风 ≤3级,阵雨,阵雨,24,17,东南风,≤3级,东北风,≤3级,day
2015-05-29 11:20:00,二铺汽配城,7、未按规定让行的 ,负全部责任,不负责任,1,云AJ422L,红,1,贵A612D5,白,-1,520127,-1,2009/1/23 0:00,-1,长城牌,366562000000000000 ,366068000000000000 ,198905,198604,11,4,5,工作日,非高峰,2015-05-29,2015年5月29日,阵雨 /阵雨,24℃ / 17℃,东南风 ≤3级 /东北风 ≤3级,阵雨,阵雨,24,17,东南风,≤3级,东北风,≤3级,day
2015-05-29 12:00:00,桐荫路,3、倒车的,负全部责任,不负责任,1,贵4240755,白色,1,***,白色,-1,-1,-1,-1,-1,-1,366046000000000000 ,366876000000000000 ,197709,199008,12,4,5,工作日,非高峰,2015-05-29,2015年5月29日,阵雨 /阵雨,24℃ / 17℃,东南风 ≤3级 /东北风 ≤3级,阵雨,阵雨,24,17,东南风,≤3级,东北风,≤3级,day
2015-05-29 09:30:00,电建一公司,7、未按规定让行的 ,负全部责任,不负责任,1,贵GQ9611,蓝,1,贵A47N58,黑,（南明区）长安驾驶培训有限公司,自培,2009/6/1 0:00,2006/1/19 0:00,-1,奥迪牌,364547000000000000 ,366577000000000000 ,198202,197112,9,4,5,工作日,早高峰(7-9点),2015-05-29,2015年5月29日,阵雨 /阵雨,24℃ / 17℃,东南风 ≤3级 /东北风 ≤3级,阵雨,阵雨,24,17,东南风,≤3级,东北风,≤3级,day