accidenttime,accidentaddr,driver1fault,driver1responsibility,driver2responsibility,sex1,platenumber1,carcolor1,sex2,platenumber2,carcolor2,jxmc1,jxmc2,cclzrq1,cclzrq2,clpp1,clpp2,driver1license,driver2license,brith1,brith2,hour,weekday,month,is_weekday,peak_hour,date,日期,天气状况,气温,风力风向,day_wea,night_wea,day_tep,night_tep,day_wind_direction,day_wind_speed,night_wind_direction,night_wind_speed,segment
2015-05-29 10:00:00,新华路,7、未按规定让行的 ,负全部责任,不负责任,1,贵A75L52,白色,1,贵A9P891,白色,自培,道真驾校,2012/6/15 0:00,-1,传祺牌,-1,364547000000000000 ,366564000000000000 ,197202,198710,10,4,5,工作日,非高峰,2015-05-29,2015年5月29日,阵雨 /阵雨,24℃ / 17℃,东南风 ≤3级 /东北风 ≤3级,阵雨,阵雨,24,17,东南风,≤3级,东北风,≤3级,day
2015-05-29 11:30:00,同心路,7、未按规定让行的 ,负全部责任,不负责任,1,贵AC595Z,黑,1,贵AVA533,黑,（白云区）消防驾驶培训学校,消防驾校,2013/10/9 0:00,2012/1/19 0:00,五菱牌,思威牌,366068000000000000 ,364558000000000000 ,199206,198808,11,4,5,工作日,非高峰,2015-05-29,2015年5月29日,阵雨 /阵雨,24℃ / 17℃,东南风 ≤3级 /东北风 ≤3级,阵雨,阵雨,24,17,东南风,≤3级,东北风,≤3级,day
2015-05-29 12:00:00,白云南路,1、追尾的,负全部责任,不负责任,1,贵CMA822,蓝,1,贵GY7379,白,路路达驾校,-1,2014/8/6 0:00,-1,-1,-1,36657451144642565X,366669000000000000 ,199002,198112,12,4,5,工作日,非高峰,2015-05-29,2015年5月29日,阵雨 /阵雨,24℃ / 17℃,东南风 ≤3级 /东北风 ≤3级,阵雨,阵雨,24,17,东南风,≤3级,东北风,≤3级,day
2015-05-29 09:40:00,后坝,1、追尾的,负全部责任,不负责任,1,贵JEW288,白,0,贵CGT618,黑,-1,正安县永昇驾校,-1,-1,-1,-1,366562000000000000 ,366561000000000000 ,197912,198908,9,4,5,工作日,早高峰(7-9点),2015-05-29,2015年5月29日,阵雨 /阵雨,24℃ / 17℃,东南风 ≤3级 /东北风 ≤3级,阵雨,阵雨,24,17,东南风,≤3级,东北风,≤3级,day
2015-05-29 13:00:00,大营坡,7、未按规定让行的 ,负全部责任,不负责任,1,贵A49V25,红,1,贵AGK436,黑,-1,鑫鑫驾校,-1,2012/3/26 0:00,宝马牌,比亚迪牌,354654000000000 ,366868000000000000 ,761027,198403,13,4,5,工作日,非高峰,2015-05-29,2015年5月29日,阵雨 /阵雨,24℃ / 17℃,东南风 ≤3级 /东北风 ≤3级,阵雨,阵雨,24,17,东南风,≤3级,东北风,≤3级,day
2015-05-29 13:00:00,花果园,1、追尾的,负全部责任,不负责任,1,贵A1571F,白色,1,贵ALM581,白色,-1,520125,-1,2007/11/12 0:00,中顺牌,丰田牌,354670000000000000 ,364547000000000000 ,197906,198601,13,4,5,工作日,非高峰,2015-05-29,2015年5月29日,阵雨 /阵雨,24℃ / 17℃,东南风 ≤3级 /东北风 ≤3级,阵雨,阵雨,24,17,东南风,≤3级,东北风,≤3级,day
2015-05-29 13:10:00,东二环,8、依法应负全责的其他情形,负全部责任,不负责任,1,贵A93J37,白,1,贵AAE306,蓝,-1,铁二局驾校（南明区）,-1,2015/3/17 0:00,依维柯牌,金福牌,76347500000000000 ,364648000000000000 ,198504,198312,13,4,5,工作日,非高峰,2015-05-29,2015年5月29日,阵雨 /阵雨,24℃ / 17℃,东南风 ≤3级 /东北风 ≤3级,阵雨,阵雨,24,17,东南风,≤3级,东北风,≤3级,day
2015-05-29 15:30:00,金阳沃尔玛,8、依法应负全责的其他情形,负全部责任,不负责任,1,贵GY5699,白,1,贵A67R32,白,-1,贵州现代驾驶培训责任有限公司,-1,2012/2/20 0:00,-1,起亚牌,364647000000000000 ,36455651154965635X,198807,199108,15,4,5,工作日,非高峰,2015-05-29,2015年5月29日,阵雨 /阵雨,24℃ / 17℃,东南风 ≤3级 /东北风 ≤3级,阵雨,阵雨,24,17,东南风,≤3级,东北风,≤3级,day
2015-05-29 15:00:00,花溪大道,7、未按规定让行的 ,负全部责任,不负责任,1,贵AB799C,白色,1,贵A78F23,白色,六盘水华腾山海驾驶培训有限公司,-1,2012/8/1 0:00,-1,吉利牌,长城牌,364596000000000000 ,346568000000000000 ,198710,198960,15,4,5,工作日,非高峰,2015-05-29,2015年5月29日,阵雨 /阵雨,24℃ / 17℃,东南风 ≤3级 /东北风 ≤3级,阵雨,阵雨,24,17,东南风,≤3级,东北风,≤3级,day
2015-05-29 11:00:00,延安路,7、未按规定让行的 ,负全部责任,不负责任,1,贵AU2087,白色,1,贵AT7404,白色,自培,自培,2000/8/9 0:00,2004/8/19 0:00,力帆牌,川崎,364547000000000000 ,364548000000000000 ,196311,198204,11,4,5,工作日,非高峰,2015-05-29,2015年5月29日,阵雨 /阵雨,24℃ / 17℃,东南风 ≤3级 /东北风 ≤3级,阵雨,阵雨,24,17,东南风,≤3级,东北风,≤3级,day
2015-05-29 11:00:00,观水路,1、追尾的,负全部责任,不负责任,1,贵A82S61,白色,1,贵A43J27,白色,自培,自培,2004/5/30 0:00,1997/3/14 0:00,奥迪牌,锋范牌,364556000000000000 ,364547000000000000 ,198402,196405,11,4,5,工作日,非高峰,2015-05-29,2015年5月29日,阵雨 /阵雨,24℃ / 17℃,东南风 ≤3级 /东北风 ≤3级,阵雨,阵雨,24,17,东南风,≤3级,东北风,≤3级,day
2015-05-29 12:00:00,三桥,3、倒车的,负全部责任,不负责任,1,贵A254C6,白,1,贵A45227,红,自培,-1,2013/7/4 0:00,-1,凯马牌,长安牌,364596000000000000 ,366068000000000000 ,198804,199305,12,4,5,工作日,非高峰,2015-05-29,2015年5月29日,阵雨 /阵雨,24℃ / 17℃,东南风 ≤3级 /东北风 ≤3级,阵雨,阵雨,24,17,东南风,≤3级,东北风,≤3级,day
2015-05-29 11:30:00,浣纱路,7、未按规定让行的 ,负全部责任,不负责任,1,贵HP1328,白,1,贵AU9839,黄,自培,-1,2007/5/23 0:00,-1,-1,鑫源牌,366066000000000000 ,366347000000000000 ,197305,197802,11,4,5,工作日,非高峰,2015-05-29,2015年5月29日,阵雨 /阵雨,24℃ / 17℃,东南风 ≤3级 /东北风 ≤3级,阵雨,阵雨,24,17,东南风,≤3级,东北风,≤3级,day
2015-05-29 13:57:00,林城东路,7、未按规定让行的 ,负全部责任,不负责任,0,贵AJP332,白,1,闽HX6434,黑,自培,-1,2005/1/4 0:00,-1,东风日产牌,-1,364551000000000000 ,734847000000000000 ,197601,198102,13,4,5,工作日,非高峰,2015-05-29,2015年5月29日,阵雨 /阵雨,24℃ / 17℃,东南风 ≤3级 /东北风 ≤3级,阵雨,阵雨,24,17,东南风,≤3级,东北风,≤3级,day
2015-05-29 09:30:00,航天大道,8、依法应负全责的其他情形,负全部责任,不负责任,1,贵A3BW61,黑,1,贵A23Y31,黄,贵阳金马驾驶培训有限公司,十一培,2015/1/14 0:00,1999/10/27 0:00,斯柯达牌,别克牌,364596000000000000 ,364557000000000000 ,198510,197708,9,4,5,工作日,早高峰(7-9点),2015-05-29,2015年5月29日,阵雨 /阵雨,24℃ / 17℃,东南风 ≤3级 /东北风 ≤3级,阵雨,阵雨,24,17,东南风,≤3级,东北风,≤3级,day
2015-05-29 12:30:00,北二环,8、依法应负全责的其他情形,负全部责任,不负责任,1,贵AZC592,白,1,贵AVA776,黄,-1,十一培,-1,1997/8/5 0:00,丰田牌,高尔夫牌,576064000000000000 ,364547000000000000 ,197810,197212,12,4,5,工作日,非高峰,2015-05-29,2015年5月29日,阵雨 /阵雨,24℃ / 17℃,东南风 ≤3级 /东北风 ≤3级,阵雨,阵雨,24,17,东南风,≤3级,东北风,≤3级,day
2015-05-29 12:30:00,大营路紫金庄园,7、未按规定让行的 ,负全部责任,不负责任,0,贵AVA576,黄,1,贵AU7903,绿,新天驾校,十一培,2011/5/16 0:00,1992/2/6 0:00,别克牌,雅奇牌,364646000000000000 ,364557000000000000 ,197505,197304,12,4,5,工作日,非高峰,2015-05-29,2015年5月29日,阵雨 /阵雨,24℃ / 17℃,东南风 ≤3级 /东北风 ≤3级,阵雨,阵雨,24,17,东南风,≤3级,东北风,≤3级,day
2015-05-29 10:00:00,清水江路,1、追尾的,负全部责任,不负责任,1,贵CJU366,白色,1,贵A74U98,白色,文通驾校,自培,2012/10/10 0:00,2003/1/8 0:00,-1,-1,366577000000000000 ,364547000000000000 ,198803,197610,10,4,5,工作日,非高峰,2015-05-29,2015年5月29日,阵雨 /阵雨,24℃ / 17℃,东南风 ≤3级 /东北风 ≤3级,阵雨,阵雨,24,17,东南风,≤3级,东北风,≤3级,day
2015-05-29 11:30:00,梦草路,8、依法应负全责的其他情形,负全部责任,不负责任,1,贵A1Q129,白,1,贵AH5576,黑,（南明区）市交通职业技术驾驶培训学校,自培,2007/4/6 0:00,2001/10/1 0:00,-1,帕萨特牌,364548000000000000 ,364548000000000000 ,198605,198107,11,4,5,工作日,非高峰,2015-05-29,2015年5月29日,阵雨 /阵雨,24℃ / 17℃,东南风 ≤3级 /东北风 ≤3级,阵雨,阵雨,24,17,东南风,≤3级,东北风,≤3级,day
2015-05-29 13:00:00,二桥,1、追尾的,负全部责任,不负责任,1,贵A835F8,红,1,贵ATY586,蓝,-1,自培,-1,2003/10/10 0:00,华神牌,奇瑞牌,364545000000 ,366269000000000000 ,771132,197110,13,4,5,工作日,非高峰,2015-05-29,2015年5月29日,阵雨 /阵雨,24℃ / 17℃,东南风 ≤3级 /东北风 ≤3级,阵雨,阵雨,24,17,东南风,≤3级,东北风,≤3级,day
2015-05-29 09:50:00,会展城,1、追尾的,负全部责任,不负责任,1,贵AYP772,黑,1,贵A909D3,黑,自培,自培,2012/3/5 0:00,2003/8/29 0:00,-1,-1,366061000000000000 ,366061000000000000 ,197612,198311,9,4,5,工作日,早高峰(7-9点),2015-05-29,2015年5月29日,阵雨 /阵雨,24℃ / 17℃,东南风 ≤3级 /东北风 ≤3级,阵雨,阵雨,24,17,东南风,≤3级,东北风,≤3级,day
2015-05-29 14:40:00,未来方舟,3、倒车的,负全部责任,不负责任,1,贵AXA681,红,1,贵A1BC87,白,自培,520130,1995/12/11 0:00,2010/2/26 0:00,奥德赛牌,高尔夫牌,364548000000000000 ,364548000000000000 ,195701,198605,14,4,5,工作日,非高峰,2015-05-29,2015年5月29日,阵雨 /阵雨,24℃ / 17℃,东南风 ≤3级 /东北风 ≤3级,阵雨,阵雨,24,17,东南风,≤3级,东北风,≤3级,day
2015-05-29 13:00:00,望城坡,7、未按规定让行的 ,负全部责任,不负责任,1,贵AC491W,白色,1,贵GAA789,白色,-1,铁二局驾校,-1,2004/8/24 0:00,依维柯牌,-1,774897000000000000 ,366361000000000000 ,199006,197303,13,4,5,工作日,非高峰,2015-05-29,2015年5月29日,阵雨 /阵雨,24℃ / 17℃,东南风 ≤3级 /东北风 ≤3级,阵雨,阵雨,24,17,东南风,≤3级,东北风,≤3级,day
2015-05-29 17:00:00,贵筑路,9、不符合前8款规定或者双方同时具有上述情形的,负同等责任,负同等责任,1,贵A1821L,白色,1,贵CDL684,白色,贵大驾校,铁二局驾校,2011/5/25 0:00,2014/7/17 0:00,东风牌,-1,364556000000000000 ,36656551974241807X,198709,198306,17,4,5,工作日,晚高峰(17-19点),2015-05-29,2015年5月29日,阵雨 /阵雨,24℃ / 17℃,东南风 ≤3级 /东北风 ≤3级,阵雨,阵雨,24,17,东南风,≤3级,东北风,≤3级,day
2015-05-29 17:20:00,贵乌路,1、追尾的,负全部责任,不负责任,0,贵A0BP20,白,1,贵AES397,红,全林驾校,长运驾校,2014/3/19 0:00,2012/9/14 0:00,东风日产牌,沃尔沃牌,364547000000000000 ,234541000000000000 ,199207,198308,17,4,5,工作日,晚高峰(17-19点),2015-05-29,2015年5月29日,阵雨 /阵雨,24℃ / 17℃,东南风 ≤3级 /东北风 ≤3级,阵雨,阵雨,24,17,东南风,≤3级,东北风,≤3级,day
2015-05-29 17:05:00,北二环,1、追尾的,负全部责任,不负责任,1,贵A26M44,红,1,贵A67P51,蓝,十一驾驶培训有限公司,预约考试窗口,2014/7/27 0:00,2006/8/29 0:00,长安牌,别克牌,364557000000000000 ,364557000000000000 ,198712,196801,17,4,5,工作日,晚高峰(17-19点),2015-05-29,2015年5月29日,阵雨 /阵雨,24℃ / 17℃,东南风 ≤3级 /东北风 ≤3级,阵雨,阵雨,24,17,东南风,≤3级,东北风,≤3级,day
2015-05-29 17:00:00,苗圃2号隧道,1、追尾的,负全部责任,不负责任,1,贵ALP132,白色,1,贵A2BH61,白色,顺一驾驶培训学校,-1,2010/6/30 0:00,-1,-1,吉利牌,364566000000000000 ,364547000000000000 ,198604,198808,17,4,5,工作日,晚高峰(17-19点),2015-05-29,2015年5月29日,阵雨 /阵雨,24℃ / 17℃,东南风 ≤3级 /东北风 ≤3级,阵雨,阵雨,24,17,东南风,≤3级,东北风,≤3级,day
2015-05-29 16:30:00,观山湖区,1、追尾的,负全部责任,不负责任,1,贵JN3227,白,1,贵AKU354,白,（花溪区）高新十七驾驶培训有限公司,520106,2011/3/30 0:00,2008/3/4 0:00,-1,奥迪牌,364548000000000000 ,364547000000000000 ,197108,198802,16,4,5,工作日,非高峰,2015-05-29,2015年5月29日,阵雨 /阵雨,24℃ / 17℃,东南风 ≤3级 /东北风 ≤3级,阵雨,阵雨,24,17,东南风,≤3级,东北风,≤3级,day
2015-05-29 17:00:00,孟关,3、倒车的,负全部责任,不负责任,1,贵A82L54,白色,1,贵A42S17,白色,景宏驾校,阳光驾校,2014/11/20 0:00,2013/4/27 0:00,吉利牌,雪佛兰牌,364551000000000000 ,366363000000000000 ,198705,199305,17,4,5,工作日,晚高峰(17-19点),2015-05-29,2015年5月29日,阵雨 /阵雨,24℃ / 17℃,东南风 ≤3级 /东北风 ≤3级,阵雨,阵雨,24,17,东南风,≤3级,东北风,≤3级,day
2015-05-29 16:50:00,大营坡,1、追尾的,负全部责任,不负责任,1,贵FD0400,黑,1,贵CER588,黑,贞丰县锦宏驾驶培训学校,-1,2012/7/23 0:00,-1,-1,-1,366070000000000000 ,61445500000000000 ,198704,198204,16,4,5,工作日,非高峰,2015-05-29,2015年5月29日,阵雨 /阵雨,24℃ / 17℃,东南风 ≤3级 /东北风 ≤3级,阵雨,阵雨,24,17,东南风,≤3级,东北风,≤3级,day
2015-05-29 17:00:00,新添寨一一七,8、依法应负全责的其他情形,负全部责任,不负责任,0,贵AM8137,黑,0,贵GM1127,白,新天驾校,铁二局驾校,2011/6/20 0:00,2012/5/4 0:00,豪爵牌,-1,366864000000000000 ,364548000000000000 ,198407,198205,17,4,5,工作日,晚高峰(17-19点),2015-05-29,2015年5月29日,阵雨 /阵雨,24℃ / 17℃,东南风 ≤3级 /东北风 ≤3级,阵雨,阵雨,24,17,东南风,≤3级,东北风,≤3级,day
2015-05-29 19:05:00,西南商贸城,8、依法应负全责的其他情形,负全部责任,不负责任,1,贵A84H32,黑,1,粤AP0D87,黑,-1,长运驾校,-1,2013/4/12 0:00,一汽佳星牌,-1,66065500000000000 ,74043500000000000 ,196608,198810,19,4,5,工作日,晚高峰(17-19点),2015-05-29,2015年5月29日,阵雨 /阵雨,24℃ / 17℃,东南风 ≤3级 /东北风 ≤3级,阵雨,阵雨,24,17,东南风,≤3级,东北风,≤3级,day
2015-05-29 18:00:00,大关立交,7、未按规定让行的 ,负全部责任,不负责任,1,贵A53E51,黄,1,贵A2BY53,黑,自培,景宏驾校,2004/6/18 0:00,2011/9/29 0:00,比亚迪牌,大众牌,364557000000000000 ,364551000000000000 ,197906,198802,18,4,5,工作日,晚高峰(17-19点),2015-05-29,2015年5月29日,阵雨 /阵雨,24℃ / 17℃,东南风 ≤3级 /东北风 ≤3级,阵雨,阵雨,24,17,东南风,≤3级,东北风,≤3级,day
2015-05-29 16:00:00,箭道街,1、追尾的,负全部责任,不负责任,1,贵A45N49,白色,1,贵AFQ491,白色,自培,贵州晨运驾驶培训学校,2007/3/14 0:00,2009/11/30 0:00,奥迪牌,雪佛兰牌,364547000000000000 ,364551000000000000 ,198505,197703,16,4,5,工作日,非高峰,2015-05-29,2015年5月29日,阵雨 /阵雨,24℃ / 17℃,东南风 ≤3级 /东北风 ≤3级,阵雨,阵雨,24,17,东南风,≤3级,东北风,≤3级,day
2015-05-29 17:00:00,蟠桃宫,1、追尾的,负全部责任,不负责任,1,贵A39567,白色,1,贵A51E87,白色,自培,潞西市汽车运输有限公司机动车驾驶员培训站,2002/9/30 0:00,-1,起亚牌,名爵牌,364548000000000000 ,355468000000000000 ,195311,198603,17,4,5,工作日,晚高峰(17-19点),2015-05-29,2015年5月29日,阵雨 /阵雨,24℃ / 17℃,东南风 ≤3级 /东北风 ≤3级,阵雨,阵雨,24,17,东南风,≤3级,东北风,≤3级,day
2015-05-29 14:00:00,红岩冲,7、未按规定让行的 ,负全部责任,不负责任,1,贵A9P991,白色,1,贵A89C38,白色,金大驾校,十一培,2013/3/7 0:00,1983/4/15 0:00,-1,-1,366670000000000000 ,364547000000000000 ,197407,196005,14,4,5,工作日,非高峰,2015-05-29,2015年5月29日,阵雨 /阵雨,24℃ / 17℃,东南风 ≤3级 /东北风 ≤3级,阵雨,阵雨,24,17,东南风,≤3级,东北风,≤3级,day
2015-05-29 16:20:00,大营坡,1、追尾的,负全部责任,不负责任,1,贵FAT340,白,1,贵A91M55,白,新天驾校,十一培,2015/1/6 0:00,1996/12/11 0:00,-1,长城牌,36606751934652627X,364548000000000000 ,198502,195907,16,4,5,工作日,非高峰,2015-05-29,2015年5月29日,阵雨 /阵雨,24℃ / 17℃,东南风 ≤3级 /东北风 ≤3级,阵雨,阵雨,24,17,东南风,≤3级,东北风,≤3级,day
2015-05-29 17:00:00,花溪,8、依法应负全责的其他情形,负全部责任,不负责任,1,贵A3226R,白色,1,贵AW4837,白色,贵大驾校,十一培,2014/12/26 0:00,1993/6/29 0:00,吉利美日牌,双狮牌,364556000000000000 ,364548000000000000 ,197701,197006,17,4,5,工作日,晚高峰(17-19点),2015-05-29,2015年5月29日,阵雨 /阵雨,24℃ / 17℃,东南风 ≤3级 /东北风 ≤3级,阵雨,阵雨,24,17,东南风,≤3级,东北风,≤3级,day
2015-05-29 12:13:00,贵开路,7、未按规定让行的 ,负全部责任,不负责任,1,贵A3CF18,白,1,贵A35F58,白,自培,十一培,2006/12/13 0:00,1999/2/8 0:00,大众汽车牌,福克斯牌,364548000000000000 ,364646000000000000 ,197002,197507,12,4,5,工作日,非高峰,2015-05-29,2015年5月29日,阵雨 /阵雨,24℃ / 17℃,东南风 ≤3级 /东北风 ≤3级,阵雨,阵雨,24,17,东南风,≤3级,东北风,≤3级,day
2015-05-29 14:00:00,省二医,7、未按规定让行的 ,负全部责任,不负责任,0,贵AHF581,蓝,1,贵AAX438,红,（乌当区）新天驾驶培训有限公司,自培,2006/2/8 0:00,2000/8/10 0:00,哈飞牌,波罗牌,364547000000000000 ,364548000000000000 ,197210,197412,14,4,5,工作日,非高峰,2015-05-29,2015年5月29日,阵雨 /阵雨,24℃ / 17℃,东南风 ≤3级 /东北风 ≤3级,阵雨,阵雨,24,17,东南风,≤3级,东北风,≤3级,day
2015-05-29 13:05:00,观山东路,1、追尾的,负全部责任,不负责任,1,贵A26E38,红,1,贵AEG843,黑,人武驾校,自培,2013/6/13 0:00,2001/4/24 0:00,福克斯牌,中华牌,366861000000000000 ,366364000000000000 ,198012,196307,13,4,5,工作日,非高峰,2015-05-29,2015年5月29日,阵雨 /阵雨,24℃ / 17℃,东南风 ≤3级 /东北风 ≤3级,阵雨,阵雨,24,17,东南风,≤3级,东北风,≤3级,day
2015-05-29 17:32:00,改茶路,7、未按规定让行的 ,负全部责任,不负责任,0,贵JEL747,白,1,贵ACA561,银,贵龙驾校（修文县）,自培,2015/3/18 0:00,2000/9/29 0:00,-1,-1,354648000000000000 ,364558000000000000 ,198212,198111,17,4,5,工作日,晚高峰(17-19点),2015-05-29,2015年5月29日,阵雨 /阵雨,24℃ / 17℃,东南风 ≤3级 /东北风 ≤3级,阵雨,阵雨,24,17,东南风,≤3级,东北风,≤3级,day
2015-05-29 18:00:00,小河,1、追尾的,负全部责任,不负责任,1,贵A4590W,白色,1,贵AST354,黑色,安顺市公共交通驾驶培训学校,自培,2011/3/25 0:00,2007/9/19 0:00,长安牌,雪佛兰牌,366363000000000000 ,364547000000000000 ,198511,198403,18,4,5,工作日,晚高峰(17-19点),2015-05-29,2015年5月29日,阵雨 /阵雨,24℃ / 17℃,东南风 ≤3级 /东北风 ≤3级,阵雨,阵雨,24,17,东南风,≤3级,东北风,≤3级,day
2015-05-29 21:30:00,花溪大道,1、追尾的,负全部责任,不负责任,1,贵AC951A,白,1,贵JDC274,蓝,-1,全林驾校,-1,2014/9/25 0:00,宝马牌,-1,36455700000000000 ,36456651985656745X,197405,198712,21,4,5,工作日,非高峰,2015-05-29,2015年5月29日,阵雨 /阵雨,24℃ / 17℃,东南风 ≤3级 /东北风 ≤3级,阵雨,阵雨,24,17,东南风,≤3级,东北风,≤3级,night
2015-05-29 21:00:00,鸿通城,8、依法应负全责的其他情形,负全部责任,不负责任,1,贵JBK765,白色,1,贵A9CC98,白色,顺一驾驶培训学校,-1,2010/8/27 0:00,-1,-1,沃尔沃牌,366068000000000000 ,4196520000000000 ,199108,198703,21,4,5,工作日,非高峰,2015-05-29,2015年5月29日,阵雨 /阵雨,24℃ / 17℃,东南风 ≤3级 /东北风 ≤3级,阵雨,阵雨,24,17,东南风,≤3级,东北风,≤3级,night
2015-05-29 20:50:00,瑞金北路口, ,负全部责任,不负责任,1,贵AN0241,黑,1,贵A37E48,红,（白云区）消防驾驶培训学校,预约考试窗口,2006/6/13 0:00,2006/10/18 0:00,海马牌,宝马牌,364558000000000000 ,364548000000000000 ,194910,198706,20,4,5,工作日,非高峰,2015-05-29,2015年5月29日,阵雨 /阵雨,24℃ / 17℃,东南风 ≤3级 /东北风 ≤3级,阵雨,阵雨,24,17,东南风,≤3级,东北风,≤3级,night
2015-05-29 21:00:00,西二环,1、追尾的,负全部责任,不负责任,1,贵A86100,蓝,1,贵A30586,白,安顺市顺安汽车（摩托车）驾驶培训学校,泥桥诚兴驾校,-1,-1,楚风牌,三一牌,366363000000000000 ,366567000000000000 ,198904,198512,21,4,5,工作日,非高峰,2015-05-29,2015年5月29日,阵雨 /阵雨,24℃ / 17℃,东南风 ≤3级 /东北风 ≤3级,阵雨,阵雨,24,17,东南风,≤3级,东北风,≤3级,night
2015-05-29 22:00:00,小河,1、追尾的,负全部责任,不负责任,1,贵AA484W,白色,1,贵ANL392,白色,自培,预约考试窗口,2013/5/23 0:00,2006/9/27 0:00,长安牌,思域牌,366346000000000000 ,364547000000000000 ,198912,198601,22,4,5,工作日,非高峰,2015-05-29,2015年5月29日,阵雨 /阵雨,24℃ / 17℃,东南风 ≤3级 /东北风 ≤3级,阵雨,阵雨,24,17,东南风,≤3级,东北风,≤3级,night
2015-05-29 21:00:00,二戈寨,7、未按规定让行的 ,负全部责任,不负责任,1,贵AK0903,白色,1,贵A32C66,白色,自培,市交校,2004/4/16 0:00,2012/3/14 0:00,钱江牌,众泰牌,364558000000000000 ,364556000000000000 ,196412,198904,21,4,5,工作日,非高峰,2015-05-29,2015年5月29日,阵雨 /阵雨,24℃ / 17℃,东南风 ≤3级 /东北风 ≤3级,阵雨,阵雨,24,17,东南风,≤3级,东北风,≤3级,night
2015-05-29 18:01:00,远大生态园,7、未按规定让行的 ,负全部责任,不负责任,1,贵GQ9691,红,0,贵AJ6943,红,-1,#,-1,2003/12/11 0:00,-1,高尔夫,366368000000000 ,366046000000000000 ,740310,197810,18,4,5,工作日,晚高峰(17-19点),2015-05-29,2015年5月29日,阵雨 /阵雨,24℃ / 17℃,东南风 ≤3级 /东北风 ≤3级,阵雨,阵雨,24,17,东南风,≤3级,东北风,≤3级,day
2015-05-29 20:38:00,世纪城,9、不符合前8款规定或者双方同时具有上述情形的,负全部责任,不负责任,0,贵A83H83,蓝,1,贵A3L776,白,520134,-1,2007/11/23 0:00,-1,别克牌,-1,364547000000000000 ,364547000000 ,198702,118412,20,4,5,工作日,非高峰,2015-05-29,2015年5月29日,阵雨 /阵雨,24℃ / 17℃,东南风 ≤3级 /东北风 ≤3级,阵雨,阵雨,24,17,东南风,≤3级,东北风,≤3级,night
2015-05-30 07:30:00,改茶路,7、未按规定让行的 ,负全部责任,不负责任,1,贵CJA995,白,1,贵AA1437,红,-1,-1,-1,-1,-1,松花江牌,364745000000 ,36475091168 ,427282,89927,7,5,5,工作日,早高峰(7-9点),2015-05-30,2015年5月30日,阵雨 /阵雨,23℃ / 17℃,东北风 ≤3级 /东风 ≤3级,阵雨,阵雨,23,17,东北风,≤3级,东风,≤3级,day
2015-05-30 10:00:00,解放路,8、依法应负全责的其他情形,负全部责任,不负责任,1,临贵AZP736,白色,1,贵A37N77,白色,-1,-1,-1,-1,-1,-1,364546000000 ,534647000000000000 ,477172,198003,10,5,5,工作日,非高峰,2015-05-30,2015年5月30日,阵雨 /阵雨,23℃ / 17℃,东北风 ≤3级 /东风 ≤3级,阵雨,阵雨,23,17,东北风,≤3级,东风,≤3级,day
2015-05-30 00:00:00,都司路,7、未按规定让行的 ,负全部责任,不负责任,1,贵AU0223,白色,1,贵AVA367,白色,毕节地区黔中汽车(摩托车)驾驶培训学校,诚信驾驶培训学校,2010/3/16 0:00,2014/1/9 0:00,恒胜牌,宝马,366568000000000000 ,364547000000000000 ,197812,199402,0,5,5,工作日,非高峰,2015-05-30,2015年5月30日,阵雨 /阵雨,23℃ / 17℃,东北风 ≤3级 /东风 ≤3级,阵雨,阵雨,23,17,东北风,≤3级,东风,≤3级,night
2015-05-30 06:40:00,贵阳普天,9、不符合前8款规定或者双方同时具有上述情形的,负全部责任,不负责任,1,贵A5897B,白,1,贵A75886,红,（南明区）金大驾驶培训有限公司,消防驾校,2006/4/5 0:00,2011/8/2 0:00,中华牌,东风日产柴牌,364557000000000000 ,36455651144357633X,197601,199005,6,5,5,工作日,非高峰,2015-05-30,2015年5月30日,阵雨 /阵雨,23℃ / 17℃,东北风 ≤3级 /东风 ≤3级,阵雨,阵雨,23,17,东北风,≤3级,东风,≤3级,day
2015-05-30 09:40:00,宝山北路,1、追尾的,负全部责任,不负责任,1,贵AU8703,绿,1,贵ABX439,白,自培,自培,2011/8/18 0:00,1995/4/2 0:00,飞肯牌,海马牌,364566000000000000 ,36454751804541567X,198502,197401,9,5,5,工作日,早高峰(7-9点),2015-05-30,2015年5月30日,阵雨 /阵雨,23℃ / 17℃,东北风 ≤3级 /东风 ≤3级,阵雨,阵雨,23,17,东北风,≤3级,东风,≤3级,day
2015-05-30 01:30:00,白云公园,7、未按规定让行的 ,负全部责任,不负责任,1,贵AC073T,白,1,贵AU5412,绿,黔西县宏远黔职驾校有限公司,自培,-1,1999/6/21 0:00,-1,豪门牌,366068000000000000 ,366568000000000000 ,198811,197601,1,5,5,工作日,非高峰,2015-05-30,2015年5月30日,阵雨 /阵雨,23℃ / 17℃,东北风 ≤3级 /东风 ≤3级,阵雨,阵雨,23,17,东北风,≤3级,东风,≤3级,night
2015-05-30 10:00:00,狗场,1、追尾的,负全部责任,不负责任,0,贵A82X48,黑,1,贵A197B2,白,新天驾校,青正驾校,2011/5/5 0:00,2014/11/6 0:00,纳智捷牌,解放牌,366067000000000000 ,364556000000000000 ,199109,197503,10,5,5,工作日,非高峰,2015-05-30,2015年5月30日,阵雨 /阵雨,23℃ / 17℃,东北风 ≤3级 /东风 ≤3级,阵雨,阵雨,23,17,东北风,≤3级,东风,≤3级,day