accidenttime,accidentaddr,driver1fault,driver1responsibility,driver2responsibility,sex1,platenumber1,carcolor1,sex2,platenumber2,carcolor2,jxmc1,jxmc2,cclzrq1,cclzrq2,clpp1,clpp2,driver1license,driver2license,brith1,brith2,hour,weekday,month,is_weekday,peak_hour,date,日期,天气状况,气温,风力风向,day_wea,night_wea,day_tep,night_tep,day_wind_direction,day_wind_speed,night_wind_direction,night_wind_speed,segment
2015-05-30 09:00:00,孟关,9、不符合前8款规定或者双方同时具有上述情形的,负同等责任,负同等责任,1,贵A3BM26,白色,1,贵A004C6,白色,（经开区）十一驾驶培训有限公司,（经开区）十一驾驶培训有限公司,2015/2/17 0:00,2014/11/18 0:00,斯柯达牌,欧铃牌,364551000000000000 ,364556000000000000 ,199009,199009,9,5,5,工作日,早高峰(7-9点),2015-05-30,2015年5月30日,阵雨 /阵雨,23℃ / 17℃,东北风 ≤3级 /东风 ≤3级,阵雨,阵雨,23,17,东北风,≤3级,东风,≤3级,day
2015-05-30 09:00:00,东林寺路,3、倒车的,负全部责任,不负责任,1,贵A554E3,红,1,贵AB421T,黑,文通驾校,路路达驾校,2012/11/7 0:00,2012/2/9 0:00,江淮牌,五菱牌,724568000000000000 ,366068000000000000 ,199208,198007,9,5,5,工作日,早高峰(7-9点),2015-05-30,2015年5月30日,阵雨 /阵雨,23℃ / 17℃,东北风 ≤3级 /东风 ≤3级,阵雨,阵雨,23,17,东北风,≤3级,东风,≤3级,day
2015-05-29 20:00:00,花溪,1、追尾的,负全部责任,不负责任,1,湘A4YH02,白色,1,贵JDB859,白色,自培,-1,2012/5/28 0:00,-1,-1,-1,254768000000000000 ,3655550000000000 ,197001,979082,20,4,5,工作日,非高峰,2015-05-29,2015年5月29日,阵雨 /阵雨,24℃ / 17℃,东南风 ≤3级 /东北风 ≤3级,阵雨,阵雨,24,17,东南风,≤3级,东北风,≤3级,night
2015-05-30 10:00:00,新添寨,7、未按规定让行的 ,负全部责任,不负责任,1,贵A8806N,红,1,贵AU7310,黄,-1,十一培,-1,1993/1/11 0:00,长城牌,金龙牌,36455700000000000 ,366770000000000000 ,196710,197507,10,5,5,工作日,非高峰,2015-05-30,2015年5月30日,阵雨 /阵雨,23℃ / 17℃,东北风 ≤3级 /东风 ≤3级,阵雨,阵雨,23,17,东北风,≤3级,东风,≤3级,day
2015-05-30 02:10:00,世纪城,1、追尾的,负全部责任,不负责任,0,贵AGQ092,白,1,贵AU5594,银,织金县织通驾驶培训学校,十一培,2011/4/28 0:00,1997/4/24 0:00,比亚迪牌,迎客牌,366064000000000000 ,364547000000000000 ,197611,196912,2,5,5,工作日,非高峰,2015-05-30,2015年5月30日,阵雨 /阵雨,23℃ / 17℃,东北风 ≤3级 /东风 ≤3级,阵雨,阵雨,23,17,东北风,≤3级,东风,≤3级,night
2015-05-29 18:00:00,西南环线,1、追尾的,负全部责任,不负责任,1,贵A25A35,白色,1,贵AE083B,白色,（云岩区）省交通职业技术驾驶培训学校,自培,2005/2/28 0:00,2006/6/22 0:00,长城牌,长安牌,364548000000000000 ,364551000000000000 ,197802,198511,18,4,5,工作日,晚高峰(17-19点),2015-05-29,2015年5月29日,阵雨 /阵雨,24℃ / 17℃,东南风 ≤3级 /东北风 ≤3级,阵雨,阵雨,24,17,东南风,≤3级,东北风,≤3级,day
2015-05-29 19:00:00,南湖路,7、未按规定让行的 ,负全部责任,不负责任,1,贵A7395F,蓝,1,贵AA214A,银,消防驾校,自培,2011/8/11 0:00,2006/11/3 0:00,长安牌,长安牌,364558000000000000 ,364558000000000000 ,197412,198705,19,4,5,工作日,晚高峰(17-19点),2015-05-29,2015年5月29日,阵雨 /阵雨,24℃ / 17℃,东南风 ≤3级 /东北风 ≤3级,阵雨,阵雨,24,17,东南风,≤3级,东北风,≤3级,day
2015-05-29 20:00:00,四方河,7、未按规定让行的 ,负全部责任,不负责任,1,贵A94441,白色,1,贵AD4611,白色,大方县龙飞汽车(摩托车)驾驶培训学校,自培,2011/5/9 0:00,2004/8/14 0:00,威达,神龙富康,366067000000000000 ,366361000000000000 ,198606,197702,20,4,5,工作日,非高峰,2015-05-29,2015年5月29日,阵雨 /阵雨,24℃ / 17℃,东南风 ≤3级 /东北风 ≤3级,阵雨,阵雨,24,17,东南风,≤3级,东北风,≤3级,night
2015-05-29 19:10:00,南湖西路口,9、不符合前8款规定或者双方同时具有上述情形的,负同等责任,负同等责任,1,贵A1121A,白,1,贵A20339,蓝,自培,自培,2012/8/1 0:00,2007/4/16 0:00,斯柯达牌,东风牌,366347000000000000 ,364557000000000000 ,197602,197404,19,4,5,工作日,晚高峰(17-19点),2015-05-29,2015年5月29日,阵雨 /阵雨,24℃ / 17℃,东南风 ≤3级 /东北风 ≤3级,阵雨,阵雨,24,17,东南风,≤3级,东北风,≤3级,day
2015-05-30 07:43:00,东风大道,7、未按规定让行的 ,负全部责任,不负责任,1,贵A9032R,白,0,贵A63P61,白,贵大驾校,吉源驾校,2012/8/27 0:00,2014/4/4 0:00,捷达牌,北京现代牌,364556000000000000 ,364557000000000000 ,199207,198511,7,5,5,工作日,早高峰(7-9点),2015-05-30,2015年5月30日,阵雨 /阵雨,23℃ / 17℃,东北风 ≤3级 /东风 ≤3级,阵雨,阵雨,23,17,东北风,≤3级,东风,≤3级,day
2015-05-30 10:00:00,五里冲,9、不符合前8款规定或者双方同时具有上述情形的,负同等责任,负同等责任,1,贵GS3349,白色,1,贵A35P19,白色,贵州平坝兴安机动车驾驶培训有限公司,-1,2015/1/12 0:00,-1,-1,东风日产牌,366363000000000000 ,366344000000 ,198006,96101,10,5,5,工作日,非高峰,2015-05-30,2015年5月30日,阵雨 /阵雨,23℃ / 17℃,东北风 ≤3级 /东风 ≤3级,阵雨,阵雨,23,17,东北风,≤3级,东风,≤3级,day
2015-05-30 11:00:00,青云路,7、未按规定让行的 ,负全部责任,不负责任,1,贵A15G73,白色,1,贵JAR646,白色,-1,铁二局驾校,-1,2010/2/4 0:00,长城牌,-1,35524700000000000 ,355266000000000000 ,198501,198810,11,5,5,工作日,非高峰,2015-05-30,2015年5月30日,阵雨 /阵雨,23℃ / 17℃,东北风 ≤3级 /东风 ≤3级,阵雨,阵雨,23,17,东北风,≤3级,东风,≤3级,day
2015-05-30 11:30:00,金阳北路,1、追尾的,负全部责任,不负责任,1,贵ARC861,白,1,贵GC0156,白,-1,顺一驾驶培训学校,-1,2012/11/7 0:00,福田牌,-1,36454500000000000 ,364558000000000000 ,982080,198404,11,5,5,工作日,非高峰,2015-05-30,2015年5月30日,阵雨 /阵雨,23℃ / 17℃,东北风 ≤3级 /东风 ≤3级,阵雨,阵雨,23,17,东北风,≤3级,东风,≤3级,day
2015-05-30 11:50:00,花果园,7、未按规定让行的 ,负全部责任,不负责任,1,贵CBH101,红,0,贵AWY800,白,-1,十一驾驶培训有限公司,-1,2011/9/30 0:00,-1,-1,366575000000000000 ,357475000000000000 ,198101,198707,11,5,5,工作日,非高峰,2015-05-30,2015年5月30日,阵雨 /阵雨,23℃ / 17℃,东北风 ≤3级 /东风 ≤3级,阵雨,阵雨,23,17,东北风,≤3级,东风,≤3级,day
2015-05-30 11:00:00,枣山路,7、未按规定让行的 ,负全部责任,不负责任,1,贵FAT032,红,1,贵AU1373,黑,-1,520116,-1,2008/12/17 0:00,-1,山洋牌,36606100000000000 ,366367000000000000 ,198610,197611,11,5,5,工作日,非高峰,2015-05-30,2015年5月30日,阵雨 /阵雨,23℃ / 17℃,东北风 ≤3级 /东风 ≤3级,阵雨,阵雨,23,17,东北风,≤3级,东风,≤3级,day
2015-05-30 10:57:00,世纪金源停车场,3、倒车的,负全部责任,不负责任,0,贵CCZ050,白,1,贵GK6786,蓝,吉源驾校（南明区）,-1,2015/4/21 0:00,-1,-1,-1,354956000000000000 ,357466000000000000 ,198610,198411,10,5,5,工作日,非高峰,2015-05-30,2015年5月30日,阵雨 /阵雨,23℃ / 17℃,东北风 ≤3级 /东风 ≤3级,阵雨,阵雨,23,17,东北风,≤3级,东风,≤3级,day
2015-05-30 12:00:00,空招对面,7、未按规定让行的 ,负全部责任,不负责任,1,贵FA7536,白色,1,贵AU0009,白色,贵州晨运驾驶培训学校,消防驾校,2010/8/24 0:00,2011/4/18 0:00,-1,万达牌,36634651294259586X,366367000000000000 ,196806,198312,12,5,5,工作日,非高峰,2015-05-30,2015年5月30日,阵雨 /阵雨,23℃ / 17℃,东北风 ≤3级 /东风 ≤3级,阵雨,阵雨,23,17,东北风,≤3级,东风,≤3级,day
2015-05-30 13:00:00,花果园,1、追尾的,负全部责任,不负责任,1,贵AGG337,白色,1,贵AAG575,白色,自培,自培,2011/7/7 0:00,2003/4/11 0:00,江铃牌,东风标致牌,366347000000000000 ,364548000000000000 ,198412,195912,13,5,5,工作日,非高峰,2015-05-30,2015年5月30日,阵雨 /阵雨,23℃ / 17℃,东北风 ≤3级 /东风 ≤3级,阵雨,阵雨,23,17,东北风,≤3级,东风,≤3级,day
2015-05-30 12:05:00,乌当梅兰山十字路口,9、不符合前8款规定或者双方同时具有上述情形的,负同等责任,负同等责任,1,贵A32V33,白,1,贵A45C29,红,-1,时发,-1,2005/8/25 0:00,雪佛兰牌,北京现代牌,36556500000000000 ,364557000000000000 ,979042,197801,12,5,5,工作日,非高峰,2015-05-30,2015年5月30日,阵雨 /阵雨,23℃ / 17℃,东北风 ≤3级 /东风 ≤3级,阵雨,阵雨,23,17,东北风,≤3级,东风,≤3级,day
2015-05-30 15:00:00,小河转盘,1、追尾的,负全部责任,不负责任,1,贵A0P623,白色,1,贵JEL416,白色,-1,吉源驾校（南明区）,-1,2015/4/16 0:00,-1,-1,344797000000000000 ,364551000000000000 ,198508,199209,15,5,5,工作日,非高峰,2015-05-30,2015年5月30日,阵雨 /阵雨,23℃ / 17℃,东北风 ≤3级 /东风 ≤3级,阵雨,阵雨,23,17,东北风,≤3级,东风,≤3级,day
2015-05-30 07:30:00,瑞金南路,7、未按规定让行的 ,负全部责任,不负责任,0,贵A78W12,黑,0,贵AE162警,白,自培,-1,2003/2/27 0:00,-1,奥迪牌,-1,356166000000000000 ,364558000000000000 ,197212,197497,7,5,5,工作日,早高峰(7-9点),2015-05-30,2015年5月30日,阵雨 /阵雨,23℃ / 17℃,东北风 ≤3级 /东风 ≤3级,阵雨,阵雨,23,17,东北风,≤3级,东风,≤3级,day
2015-05-30 14:00:00,小河平桥,7、未按规定让行的 ,负全部责任,不负责任,1,贵AEQ123,白色,1,贵A64R75,白色,自培,高新驾校,2008/6/17 0:00,2014/5/28 0:00,北京现代牌,中华牌,364556000000000000 ,364596000000000000 ,198511,199010,14,5,5,工作日,非高峰,2015-05-30,2015年5月30日,阵雨 /阵雨,23℃ / 17℃,东北风 ≤3级 /东风 ≤3级,阵雨,阵雨,23,17,东北风,≤3级,东风,≤3级,day
2015-05-30 14:11:00,西南商贸城,1、追尾的,负全部责任,不负责任,1,贵AG584K,黑,1,贵ACA59,黑,自培,长运驾校,2013/9/6 0:00,2014/12/9 0:00,-1,-1,364596000000000000 ,36456651914746447X,199005,198903,14,5,5,工作日,非高峰,2015-05-30,2015年5月30日,阵雨 /阵雨,23℃ / 17℃,东北风 ≤3级 /东风 ≤3级,阵雨,阵雨,23,17,东北风,≤3级,东风,≤3级,day
2015-05-30 13:00:00,都司路,7、未按规定让行的 ,负全部责任,不负责任,1,贵AX4145,白色,1,川XBJ255,白色,无,自培,1999/9/1 0:00,2006/10/22 0:00,金福牌,-1,366876000000000000 ,356168000000000000 ,196907,197308,13,5,5,工作日,非高峰,2015-05-30,2015年5月30日,阵雨 /阵雨,23℃ / 17℃,东北风 ≤3级 /东风 ≤3级,阵雨,阵雨,23,17,东北风,≤3级,东风,≤3级,day
2015-05-30 08:30:00,转湾塘,8、依法应负全责的其他情形,负全部责任,不负责任,1,贵H1G753,蓝,1,贵A36J17,红,自培,自培,2015/4/20 0:00,2000/6/7 0:00,-1,别克牌,784962000000000000 ,364548000000000000 ,198301,197505,8,5,5,工作日,早高峰(7-9点),2015-05-30,2015年5月30日,阵雨 /阵雨,23℃ / 17℃,东北风 ≤3级 /东风 ≤3级,阵雨,阵雨,23,17,东北风,≤3级,东风,≤3级,day
2015-05-30 00:00:00,小河,8、依法应负全责的其他情形,负全部责任,不负责任,1,贵A24N33,白色,1,贵A73N67,白色,自培,自培,2005/8/24 0:00,2004/6/4 0:00,斯柯达牌,斯柯达牌,366666000000000000 ,364548000000000000 ,198208,198109,0,5,5,工作日,非高峰,2015-05-30,2015年5月30日,阵雨 /阵雨,23℃ / 17℃,东北风 ≤3级 /东风 ≤3级,阵雨,阵雨,23,17,东北风,≤3级,东风,≤3级,night
2015-05-30 16:00:00,花果园,1、追尾的,负全部责任,不负责任,1,贵GN6665,白色,1,贵CR0585,白色,-1,新华驾校,-1,2010/2/23 0:00,-1,-1,55768500000000000 ,36676951974269257X,198310,198306,16,5,5,工作日,非高峰,2015-05-30,2015年5月30日,阵雨 /阵雨,23℃ / 17℃,东北风 ≤3级 /东风 ≤3级,阵雨,阵雨,23,17,东北风,≤3级,东风,≤3级,day
2015-05-30 15:00:00,嘉润路,1、追尾的,负全部责任,不负责任,1,贵A18N48,白色,1,贵A869A7,白色,（南明区）阳光驾驶培训有限公司,全林驾校,2007/11/19 0:00,2011/7/28 0:00,别克牌,长安牌,36455051975652405X,366663000000000000 ,198312,199009,15,5,5,工作日,非高峰,2015-05-30,2015年5月30日,阵雨 /阵雨,23℃ / 17℃,东北风 ≤3级 /东风 ≤3级,阵雨,阵雨,23,17,东北风,≤3级,东风,≤3级,day
2015-05-30 14:45:00,北京西路,3、倒车的,负全部责任,不负责任,1,贵ASP211,黑,1,贵ADN954,白,-1,预约考试窗口,-1,2006/10/20 0:00,别克牌,吉利美日牌,76347500000000000 ,364547000000000000 ,198209,196811,14,5,5,工作日,非高峰,2015-05-30,2015年5月30日,阵雨 /阵雨,23℃ / 17℃,东北风 ≤3级 /东风 ≤3级,阵雨,阵雨,23,17,东北风,≤3级,东风,≤3级,day
2015-05-30 17:00:00,奥体中心,1、追尾的,负全部责任,不负责任,1,贵AC315E,白,1,桂AUM644,黑,-1,-1,-1,-1,风神,-1,3663610000000000 ,366261000000000000 ,197206,198705,17,5,5,工作日,晚高峰(17-19点),2015-05-30,2015年5月30日,阵雨 /阵雨,23℃ / 17℃,东北风 ≤3级 /东风 ≤3级,阵雨,阵雨,23,17,东北风,≤3级,东风,≤3级,day
2015-05-30 16:16:00,贵惠路口,9、不符合前8款规定或者双方同时具有上述情形的,负同等责任,负同等责任,1,贵CCP958,黑,0,贵GAH851,蓝,遵义县南白机动车驾驶员培训学校,十一驾驶培训有限公司,-1,2014/10/23 0:00,-1,-1,366566000000000000 ,355468000000000000 ,198910,198811,16,5,5,工作日,非高峰,2015-05-30,2015年5月30日,阵雨 /阵雨,23℃ / 17℃,东北风 ≤3级 /东风 ≤3级,阵雨,阵雨,23,17,东北风,≤3级,东风,≤3级,day
2015-05-30 16:00:00,长江路,7、未按规定让行的 ,负全部责任,不负责任,1,贵AET985,白色,1,贵G33929,白色,新天驾校,-1,2010/2/8 0:00,-1,东风标致牌,-1,74065500000000000 ,366369000000000000 ,196608,198411,16,5,5,工作日,非高峰,2015-05-30,2015年5月30日,阵雨 /阵雨,23℃ / 17℃,东北风 ≤3级 /东风 ≤3级,阵雨,阵雨,23,17,东北风,≤3级,东风,≤3级,day
2015-05-30 16:10:00,渔安隧道,1、追尾的,负全部责任,不负责任,1,贵A4EE40,白,1,贵A059D9,黄,自培,自培,2002/9/20 0:00,2012/5/30 0:00,长安牌,英田牌,36454651814248705X,36676851954046563X,197906,198104,16,5,5,工作日,非高峰,2015-05-30,2015年5月30日,阵雨 /阵雨,23℃ / 17℃,东北风 ≤3级 /东风 ≤3级,阵雨,阵雨,23,17,东北风,≤3级,东风,≤3级,day
2015-05-30 17:00:00,北京西路,7、未按规定让行的 ,负全部责任,不负责任,0,贵A7LA12,白,1,贵A58H31,黑,自培,蓝天驾校,2003/2/28 0:00,2012/11/12 0:00,-1,大众牌,364548000000000000 ,364646000000000000 ,198409,197912,17,5,5,工作日,晚高峰(17-19点),2015-05-30,2015年5月30日,阵雨 /阵雨,23℃ / 17℃,东北风 ≤3级 /东风 ≤3级,阵雨,阵雨,23,17,东北风,≤3级,东风,≤3级,day
2015-05-30 15:35:00,八匹马,8、依法应负全责的其他情形,负全部责任,不负责任,0,贵ACY755,红,0,贵A63A44,白,自培,贵州平安驾驶培训学校,2003/9/16 0:00,2011/10/11 0:00,飞度牌,马自达牌,364558000000000000 ,364547000000000000 ,197406,196810,15,5,5,工作日,非高峰,2015-05-30,2015年5月30日,阵雨 /阵雨,23℃ / 17℃,东北风 ≤3级 /东风 ≤3级,阵雨,阵雨,23,17,东北风,≤3级,东风,≤3级,day
2015-05-30 15:00:00,云岩区,1、追尾的,负全部责任,不负责任,1,贵A5833Y,白色,1,贵DG1339,白色,自培,-1,2013/10/29 0:00,-1,北京现代牌,-1,734746000000000000 ,366669000000000000 ,199304,198712,15,5,5,工作日,非高峰,2015-05-30,2015年5月30日,阵雨 /阵雨,23℃ / 17℃,东北风 ≤3级 /东风 ≤3级,阵雨,阵雨,23,17,东北风,≤3级,东风,≤3级,day
2015-05-30 16:00:00,沙冲南路,1、追尾的,负全部责任,不负责任,1,贵AU8639,白色,1,贵AEQ646,白色,-1,自培,-1,2004/4/21 0:00,建豪牌,飞度牌,364547000000000000 ,366346000000000000 ,198703,197505,16,5,5,工作日,非高峰,2015-05-30,2015年5月30日,阵雨 /阵雨,23℃ / 17℃,东北风 ≤3级 /东风 ≤3级,阵雨,阵雨,23,17,东北风,≤3级,东风,≤3级,day
2015-05-30 16:00:00,金阳新世界,8、依法应负全责的其他情形,负全部责任,不负责任,0,贵A68B43,黑,1,贵AS5578,银,消防驾校,自培,2008/2/22 0:00,2007/9/21 0:00,思域牌,马自达牌,364557000000000000 ,366346000000000000 ,197104,197612,16,5,5,工作日,非高峰,2015-05-30,2015年5月30日,阵雨 /阵雨,23℃ / 17℃,东北风 ≤3级 /东风 ≤3级,阵雨,阵雨,23,17,东北风,≤3级,东风,≤3级,day
2015-05-30 16:00:00,五里冲,1、追尾的,负全部责任,不负责任,1,贵A4FB92,白色,1,贵A52P39,白色,自培,自培,2012/9/7 0:00,2004/8/27 0:00,大众汽车牌,大众汽车牌,364547000000000000 ,364647000000000000 ,199207,197901,16,5,5,工作日,非高峰,2015-05-30,2015年5月30日,阵雨 /阵雨,23℃ / 17℃,东北风 ≤3级 /东风 ≤3级,阵雨,阵雨,23,17,东北风,≤3级,东风,≤3级,day
2015-05-30 17:40:00,河滨公园,7、未按规定让行的 ,负全部责任,不负责任,1,贵A0BH82,红,1,贵AU6116,白,-1,自培,-1,2000/3/1 0:00,夏利,金龙牌,764528000000000000 ,364547000000000000 ,195503,197802,17,5,5,工作日,晚高峰(17-19点),2015-05-30,2015年5月30日,阵雨 /阵雨,23℃ / 17℃,东北风 ≤3级 /东风 ≤3级,阵雨,阵雨,23,17,东北风,≤3级,东风,≤3级,day
2015-05-30 17:00:00,枣山路,7、未按规定让行的 ,负全部责任,不负责任,1,贵GR8569,白色,1,贵AK4272,白色,镇宁县宏伟汽车有限责任公司汽车（摩托车培训学校）,自培,2014/5/4 0:00,2004/1/9 0:00,-1,国威牌,366362000000000000 ,366367000000000000 ,198008,197805,17,5,5,工作日,晚高峰(17-19点),2015-05-30,2015年5月30日,阵雨 /阵雨,23℃ / 17℃,东北风 ≤3级 /东风 ≤3级,阵雨,阵雨,23,17,东北风,≤3级,东风,≤3级,day
2015-05-30 17:00:00,市北路,8、依法应负全责的其他情形,负全部责任,不负责任,0,贵A78B59,红,1,贵A0CF27,白,铁二局驾校,520107,2014/11/24 0:00,2009/1/19 0:00,东风标致牌,马自达牌,364646000000000000 ,355468000000000000 ,198212,198112,17,5,5,工作日,晚高峰(17-19点),2015-05-30,2015年5月30日,阵雨 /阵雨,23℃ / 17℃,东北风 ≤3级 /东风 ≤3级,阵雨,阵雨,23,17,东北风,≤3级,东风,≤3级,day
2015-05-30 16:20:00,三桥,9、不符合前8款规定或者双方同时具有上述情形的,负全部责任,不负责任,1,贵A62653,红,1,贵FAF565,红,蓝天驾校（观山湖区）,自培,2015/5/4 0:00,2012/7/23 0:00,鑫陵,-1,366363000000000000 ,36606651915549565X,196906,198911,16,5,5,工作日,非高峰,2015-05-30,2015年5月30日,阵雨 /阵雨,23℃ / 17℃,东北风 ≤3级 /东风 ≤3级,阵雨,阵雨,23,17,东北风,≤3级,东风,≤3级,day
2015-05-30 17:00:00,油榨街,4、停车时未挂低速档、未拉驻车制动，导致车辆滑行的,负全部责任,不负责任,1,贵A8BH04,白色,1,贵A90691,白色,青正驾校,-1,2013/11/14 0:00,-1,飞度牌,星马牌,364596000000000000 ,36606651984669445X,198802,198702,17,5,5,工作日,晚高峰(17-19点),2015-05-30,2015年5月30日,阵雨 /阵雨,23℃ / 17℃,东北风 ≤3级 /东风 ≤3级,阵雨,阵雨,23,17,东北风,≤3级,东风,≤3级,day
2015-05-30 16:00:00,马王庙,3、倒车的,负全部责任,不负责任,0,贵DY3452,红,1,贵GP3943,黑,吉源驾校,-1,2011/1/28 0:00,-1,-1,-1,36666851904869095X,3663685199575X,198407,198813,16,5,5,工作日,非高峰,2015-05-30,2015年5月30日,阵雨 /阵雨,23℃ / 17℃,东北风 ≤3级 /东风 ≤3级,阵雨,阵雨,23,17,东北风,≤3级,东风,≤3级,day
2015-05-30 21:30:00,龙泉苑街,7、未按规定让行的 ,负全部责任,不负责任,1,贵A8BP31,黑,1,贵A55J42,白,-1,消防驾校,-1,2011/6/11 0:00,宝马,起亚牌,4542520000000000 ,774763000000000000 ,197510,198009,21,5,5,工作日,非高峰,2015-05-30,2015年5月30日,阵雨 /阵雨,23℃ / 17℃,东北风 ≤3级 /东风 ≤3级,阵雨,阵雨,23,17,东北风,≤3级,东风,≤3级,night
2015-05-30 23:00:00,花果园,9、不符合前8款规定或者双方同时具有上述情形的,负同等责任,负同等责任,1,贵AE571F,黑,1,云A19A22,红,-1,-1,-1,-1,比亚迪牌,福克斯牌,256569000000000 ,74065500000000000 ,312113,198706,23,5,5,工作日,非高峰,2015-05-30,2015年5月30日,阵雨 /阵雨,23℃ / 17℃,东北风 ≤3级 /东风 ≤3级,阵雨,阵雨,23,17,东北风,≤3级,东风,≤3级,night
2015-05-31 00:00:00,中曹司大桥,1、追尾的,负全部责任,不负责任,1,桂BD6776,白色,1,贵GY2343,白色,-1,520117,-1,2010/12/28 0:00,-1,-1,364556000000000000 ,366363000000000000 ,197006,198109,0,6,5,周末,非高峰,2015-05-31,2015年5月31日,阵雨 /阵雨,25℃ / 19℃,东风 ≤3级 /南风 ≤3级,阵雨,阵雨,25,19,东风,≤3级,南风,≤3级,night
2015-05-30 20:00:00,金鸭社区,8、依法应负全责的其他情形,负全部责任,不负责任,1,贵A803G3,白,1,贵AE1072,白,大方大山汽车驾驶培训学校,蓝天驾校,-1,2011/11/14 0:00,解放牌,大运牌,366067000000000000 ,36456651174553567X,197805,199301,20,5,5,工作日,非高峰,2015-05-30,2015年5月30日,阵雨 /阵雨,23℃ / 17℃,东北风 ≤3级 /东风 ≤3级,阵雨,阵雨,23,17,东北风,≤3级,东风,≤3级,night
2015-05-30 21:50:00,金阳南路,7、未按规定让行的 ,负全部责任,不负责任,1,贵A984G8,红,1,贵AA705Z,白,（经开区）十一驾驶培训有限公司,消防驾校,2010/11/29 0:00,2011/4/1 0:00,长安牌,丰田牌,364567000000000000 ,364596000000000000 ,198511,198904,21,5,5,工作日,非高峰,2015-05-30,2015年5月30日,阵雨 /阵雨,23℃ / 17℃,东北风 ≤3级 /东风 ≤3级,阵雨,阵雨,23,17,东北风,≤3级,东风,≤3级,night
2015-05-30 17:20:00,大营坡,7、未按规定让行的 ,负全部责任,不负责任,1,贵FAR062,白,1,贵A6CA06,黑,自培,顺一驾驶培训学校,2004/12/8 0:00,2011/10/31 0:00,-1,长城牌,366066000000000000 ,364548000000000000 ,197707,198812,17,5,5,工作日,晚高峰(17-19点),2015-05-30,2015年5月30日,阵雨 /阵雨,23℃ / 17℃,东北风 ≤3级 /东风 ≤3级,阵雨,阵雨,23,17,东北风,≤3级,东风,≤3级,day
2015-05-30 21:40:00,北京西路,7、未按规定让行的 ,负全部责任,不负责任,1,贵AER884,黑,1,贵A97H92,黑,全林驾校,自培,2014/7/10 0:00,2005/1/26 0:00,宝马,翼搏牌,364557000000000000 ,364547000000000000 ,199101,197206,21,5,5,工作日,非高峰,2015-05-30,2015年5月30日,阵雨 /阵雨,23℃ / 17℃,东北风 ≤3级 /东风 ≤3级,阵雨,阵雨,23,17,东北风,≤3级,东风,≤3级,night
2015-05-30 22:00:00,机场路,1、追尾的,负全部责任,不负责任,1,浙B1RQ82,白色,1,贵AU3994,白色,黔西县宏远黔职驾校有限公司,自培,2011/12/27 0:00,2004/7/13 0:00,-1,宝来牌,366067000000000000 ,366367000000000000 ,198604,197709,22,5,5,工作日,非高峰,2015-05-30,2015年5月30日,阵雨 /阵雨,23℃ / 17℃,东北风 ≤3级 /东风 ≤3级,阵雨,阵雨,23,17,东北风,≤3级,东风,≤3级,night
2015-05-31 00:00:00,永乐,3、倒车的,负全部责任,不负责任,1,贵DAY648,白色,1,贵A597C4,白色,贵州省长安驾驶培训学校,自培,2007/9/6 0:00,2001/9/11 0:00,-1,时风牌,366661000000000000 ,364557000000000000 ,196702,197710,0,6,5,周末,非高峰,2015-05-31,2015年5月31日,阵雨 /阵雨,25℃ / 19℃,东风 ≤3级 /南风 ≤3级,阵雨,阵雨,25,19,东风,≤3级,南风,≤3级,night
2015-03-31 09:20:00,宝山南路,1、追尾的,负全部责任,不负责任,1,贵A66P61,白色,1,贵BS4891,白色,-1,-1,-1,-1,宝马牌,奥迪,76174500000000000 ,364647000000000000 ,198208,198808,9,1,3,工作日,早高峰(7-9点),2015-03-31,2015年3月31日,多云 /多云,28℃ / 19℃,南风 ≤3级 /南风 ≤3级,多云,多云,28,19,南风,≤3级,南风,≤3级,day
2015-04-21 13:30:00,会展城,3、倒车的,负全部责任,不负责任,1,贵AM1811,黑,1,贵AST814,银,-1,520123,-1,2008/7/31 0:00,丰田牌,宝马,774066000000000000 ,364558000000000000 ,197708,198612,13,1,4,工作日,非高峰,2015-04-21,2015年4月21日,阴 /阵雨,17℃ / 10℃,东北风 ≤3级 /东北风 ≤3级,阴,阵雨,17,10,东北风,≤3级,东北风,≤3级,day
2015-04-17 15:00:00,金阳客站,7、未按规定让行的 ,负全部责任,不负责任,1,贵B79427,蓝,1,贵AC738G,银,-1,铁二局驾校,-1,2015/2/16 0:00,牡丹,北京现代牌,3646510000000000 ,366569000000000000 ,690222,198507,15,4,4,工作日,非高峰,2015-04-17,2015年4月17日,多云 /多云,28℃ / 19℃,南风 ≤3级 /南风 ≤3级,多云,多云,28,19,南风,≤3级,南风,≤3级,day
2015-04-24 09:00:00,金朱东路,1、追尾的,负全部责任,不负责任,1,贵B31615,白,1,贵A5273A,黑,-1,天行健驾校,-1,2004/12/7 0:00,东南,五菱牌,344667000000000000 ,364557000000000000 ,198704,197412,9,4,4,工作日,早高峰(7-9点),2015-04-24,2015年4月24日,阴 /小雨,16℃ / 11℃,东风 ≤3级 /东风 ≤3级,阴,小雨,16,11,东风,≤3级,东风,≤3级,day
2015-02-13 10:30:00,四方河往小河方向,7、未按规定让行的 ,负全部责任,不负责任,1,贵AB524E,白色,1,贵B55759,白色,黔西县宏远黔职驾校有限公司,-1,2013/4/9 0:00,-1,江淮牌,东南,36606651944346707X,364646000000000000 ,198005,198501,10,4,2,工作日,非高峰,2015-02-13,2015年2月13日,多云 /阵雨,17℃ / 8℃,南风 ≤3级 /南风 ≤3级,多云,阵雨,17,8,南风,≤3级,南风,≤3级,day