accidenttime,accidentaddr,driver1fault,driver1responsibility,driver2responsibility,sex1,platenumber1,carcolor1,sex2,platenumber2,carcolor2,jxmc1,jxmc2,cclzrq1,cclzrq2,clpp1,clpp2,driver1license,driver2license,brith1,brith2,hour,weekday,month,is_weekday,peak_hour,date,日期,天气状况,气温,风力风向,day_wea,night_wea,day_tep,night_tep,day_wind_direction,day_wind_speed,night_wind_direction,night_wind_speed,segment
2015-04-18 15:28:00,花溪,7、未按规定让行的 ,负全部责任,不负责任,1,贵ASU666,白,1,贵B28233,白,省交校,-1,2011/2/23 0:00,-1,宝马牌,福特牌,355247000000000000 ,364646000000000000 ,199107,197504,15,5,4,工作日,非高峰,2015-04-18,2015年4月18日,多云 /雷阵雨,29℃ / 16℃,南风 ≤3级 /南风 ≤3级,多云,雷阵雨,29,16,南风,≤3级,南风,≤3级,day
2015-02-12 14:10:00,行政服务大厅口,3、倒车的,负全部责任,不负责任,1,贵AKC694,蓝,1,贵AVB874,黑,（南明区）金大驾驶培训有限公司,十一培,2007/9/29 0:00,1995/3/18 0:00,英伦牌,东风雪铁龙牌,366846000000000000 ,364548000000000000 ,195701,195312,14,3,2,工作日,非高峰,2015-02-12,2015年2月12日,多云 /多云,15℃ / 5℃,南风 ≤3级 /南风 ≤3级,多云,多云,15,5,南风,≤3级,南风,≤3级,day
2015-02-28 11:30:00,机场大道,7、未按规定让行的 ,负全部责任,不负责任,0,贵B21293,白色,0,贵ATS056,黑色,-1,铁二局驾校,-1,2010/12/15 0:00,丰田牌,长城牌,364646000000000000 ,364547000000000000 ,195901,197412,11,5,2,工作日,非高峰,2015-02-28,2015年2月28日,小雨 /小雨,8℃ / 4℃,东北风 ≤3级 /东北风 ≤3级,小雨,小雨,8,4,东北风,≤3级,东北风,≤3级,day
2015-03-14 20:00:00,二戈寨,7、未按规定让行的 ,负全部责任,不负责任,1,贵ALL798,白色,1,贵B87274,白色,-1,-1,-1,-1,大众牌,长安,76366500000000000 ,366061000000000000 ,198608,199111,20,5,3,工作日,非高峰,2015-03-14,2015年3月14日,阴 /阴,17℃ / 12℃,南风 ≤3级 /东南风 ≤3级,阴,阴,17,12,南风,≤3级,东南风,≤3级,night
2015-04-10 14:00:00,鑫中路,1、追尾的,负全部责任,不负责任,1,贵B94937,白色,1,贵A5515A,白色,-1,-1,-1,-1,昌河牌,比亚迪牌,364646000000000000 ,366875000000000000 ,397003,197401,14,4,4,工作日,非高峰,2015-04-10,2015年4月10日,小雨 /小雨,12℃ / 8℃,东北风 ≤3级 /东北风 ≤3级,小雨,小雨,12,8,东北风,≤3级,东北风,≤3级,day
2015-04-13 10:05:00,黔灵山路,7、未按规定让行的 ,负全部责任,不负责任,1,贵A986E4,白,0,贵B92558,黑,-1,520108,-1,-1,跃进牌,福克斯牌,724568000000000000 ,364548000000000000 ,197609,196001,10,0,4,工作日,非高峰,2015-04-13,2015年4月13日,晴 /多云,23℃ / 8℃,东北风 ≤3级 /东北风 ≤3级,晴,多云,23,8,东北风,≤3级,东北风,≤3级,day
2015-03-19 16:40:00,花果园,8、依法应负全责的其他情形,负全部责任,不负责任,1,贵BAA636,白,1,贵AU6269,黄,-1,自培,-1,2012/12/18 0:00,东风雪铁龙牌,黄海牌,364648000000000000 ,364548000000000000 ,197907,199101,16,3,3,工作日,非高峰,2015-03-19,2015年3月19日,多云 /阵雨,26℃ / 12℃,南风 ≤3级 /东北风 ≤3级,多云,阵雨,26,12,南风,≤3级,东北风,≤3级,day
2015-03-26 17:50:00,高架桥,7、未按规定让行的 ,负全部责任,不负责任,1,贵AS7211,银,1,贵BAF846,银,-1,-1,-1,-1,千里马牌,东风雪铁龙,366046000000000000 ,364548000000000000 ,198308,199508,17,3,3,工作日,晚高峰(17-19点),2015-03-26,2015年3月26日,阴 /阵雨,17℃ / 12℃,南风 ≤3级 /南风 ≤3级,阴,阵雨,17,12,南风,≤3级,南风,≤3级,day
2015-03-20 08:10:00,八匹马,7、未按规定让行的 ,负全部责任,不负责任,1,贵A22N11,红,1,贵BAA741,银,消防驾校,-1,2014/9/17 0:00,-1,大众牌,长城牌,366668000000000000 ,364648000000000000 ,197706,197409,8,4,3,工作日,早高峰(7-9点),2015-03-20,2015年3月20日,阴 /阵雨,14℃ / 10℃,东北风 ≤3级 /东北风 ≤3级,阴,阵雨,14,10,东北风,≤3级,东北风,≤3级,day
2015-03-22 21:00:00,白云区,7、未按规定让行的 ,负全部责任,不负责任,1,湘E9FC92,白,1,贵H55295,红,-1,黔东南州职院驾校,-1,-1,无,长安,74369500000000000 ,366270000000000000 ,198202,197707,21,6,3,周末,非高峰,2015-03-22,2015年3月22日,阵雨 /阵雨,19℃ / 10℃,东南风 ≤3级 /东风 ≤3级,阵雨,阵雨,19,10,东南风,≤3级,东风,≤3级,night
2015-04-03 10:30:00,孟关大道,7、未按规定让行的 ,负全部责任,不负责任,1,贵AAX797,白色,1,贵BA2882,白色,铁二局驾校,铁二局驾校,2013/10/24 0:00,2008/9/22 0:00,索兰托,江铃牌,364556000000000000 ,364547000000000000 ,199409,199005,10,4,4,工作日,非高峰,2015-04-03,2015年4月3日,多云 /多云,30℃ / 19℃,南风 ≤3级 /南风 ≤3级,多云,多云,30,19,南风,≤3级,南风,≤3级,day
2015-02-15 14:25:00,省府路,1、追尾的,负全部责任,不负责任,1,贵AM7404,蓝,1,贵BAC525,黑,瓮安县鑫源驾驶培训学校,-1,2012/2/9 0:00,-1,雪铁龙,骏逸牌,366864000000000000 ,36454700000000000 ,198907,198501,14,6,2,周末,非高峰,2015-02-15,2015年2月15日,多云 /阴,19℃ / 8℃,南风 ≤3级 /东北风 ≤3级,多云,阴,19,8,南风,≤3级,东北风,≤3级,day
2015-03-16 17:00:00,黔灵山路,1、追尾的,负全部责任,不负责任,1,贵AU8885,黄,1,贵BA7893,红,自培,-1,2001/9/4 0:00,-1,锦宏牌,北京现代牌,366569000000000000 ,364646000000000000 ,197907,199003,17,0,3,工作日,晚高峰(17-19点),2015-03-16,2015年3月16日,阴 /多云,20℃ / 15℃,南风 ≤3级 /南风 ≤3级,阴,多云,20,15,南风,≤3级,南风,≤3级,day
2015-04-19 22:15:00,花果园,8、依法应负全责的其他情形,负全部责任,不负责任,1,贵ACQ901,白色,1,贵BAB708,白色,自培,-1,2002/4/22 0:00,-1,解放牌,起亚,366347000000000000 ,36636251934867567X,197710,198507,22,6,4,周末,非高峰,2015-04-19,2015年4月19日,阵雨 /阵雨,22℃ / 13℃,东北风 ≤3级 /东北风 ≤3级,阵雨,阵雨,22,13,东北风,≤3级,东北风,≤3级,night
2015-04-22 18:00:00,三桥,7、未按规定让行的 ,负全部责任,不负责任,1,贵AX2741,黑,1,贵BAB616,白,自培,青正驾校（清镇市）,2009/7/16 0:00,2015/3/4 0:00,嘉冠牌,雪佛兰牌,366661000000000000 ,364647000000000000 ,198410,198712,18,2,4,工作日,晚高峰(17-19点),2015-04-22,2015年4月22日,小雨 /小雨,15℃ / 10℃,东北风 ≤3级 /东北风 ≤3级,小雨,小雨,15,10,东北风,≤3级,东北风,≤3级,day
2015-03-21 12:20:00,长岭南路,3、倒车的,负全部责任,不负责任,1,贵BA5391,蓝,1,贵AS1411,黑,自培,-1,2000/7/27 0:00,-1,五菱牌,劲隆牌,366068000000000000 ,36656351935551511X,196703,198511,12,5,3,工作日,非高峰,2015-03-21,2015年3月21日,阴 /阴,16℃ / 11℃,东北风 ≤3级 /东南风 ≤3级,阴,阴,16,11,东北风,≤3级,东南风,≤3级,day
2015-02-15 13:26:00,西二环,7、未按规定让行的 ,负全部责任,不负责任,1,贵BA8574,黑,1,渝JBG364,黑,自培,-1,2008/2/18 0:00,-1,比亚迪牌,-1,364647000000000000 ,366566000000000000 ,196903,198702,13,6,2,周末,非高峰,2015-02-15,2015年2月15日,多云 /阴,19℃ / 8℃,南风 ≤3级 /东北风 ≤3级,多云,阴,19,8,南风,≤3级,东北风,≤3级,day
2015-04-17 11:40:00,友谊路,7、未按规定让行的 ,负全部责任,不负责任,0,贵B21622,银,1,贵AU7706,银,-1,十一培,-1,1996/5/13 0:00,蒙迪欧牌,恒通客车牌,724064000000000000 ,366368000000000000 ,196006,197010,11,4,4,工作日,非高峰,2015-04-17,2015年4月17日,多云 /多云,28℃ / 19℃,南风 ≤3级 /南风 ≤3级,多云,多云,28,19,南风,≤3级,南风,≤3级,day
2015-04-14 15:30:00,牛郎关,7、未按规定让行的 ,负全部责任,不负责任,1,贵A1000J,白色,1,贵B87274,白色,自培,十一培,2003/10/14 0:00,1996/8/20 0:00,大众汽车牌,长安,366766000000000000 ,364547000000000000 ,198009,197407,15,1,4,工作日,非高峰,2015-04-14,2015年4月14日,晴 /多云,22℃ / 9℃,东风 ≤3级 /东风 ≤3级,晴,多云,22,9,东风,≤3级,东风,≤3级,day
2015-04-25 10:00:00,乌当,7、未按规定让行的 ,负全部责任,不负责任,1,贵B44529,白,1,闽A46D56,黑,贵工驾校,自培,2010/10/26 0:00,2008/1/23 0:00,丰田,宝马,366664000000000000 ,364557000000000000 ,198803,198512,10,5,4,工作日,非高峰,2015-04-25,2015年4月25日,阴 /阵雨,20℃ / 11℃,东风 ≤3级 /东南风 ≤3级,阴,阵雨,20,11,东风,≤3级,东南风,≤3级,day
2015-03-12 17:30:00,啤酒厂,7、未按规定让行的 ,负全部责任,不负责任,1,贵GQ4861,银,1,贵B66116,银,-1,自培,-1,2002/6/25 0:00,吉利美日牌,昌河,364566000000000000 ,364556000000000000 ,196904,197910,17,3,3,工作日,晚高峰(17-19点),2015-03-12,2015年3月12日,多云 /多云,16℃ / 10℃,南风 ≤3级 /南风 ≤3级,多云,多云,16,10,南风,≤3级,南风,≤3级,day
2015-05-06 08:40:00,小河平桥,1、追尾的,负全部责任,不负责任,1,贵CFD225,白色,1,贵AVC277,白色,黔南州华晟驾驶培训学校,自培,2012/3/13 0:00,2003/5/15 0:00,起亚牌,起亚,364567000000000000 ,364557000000000000 ,198612,197407,8,2,5,工作日,早高峰(7-9点),2015-05-06,2015年5月6日,多云 /多云,25℃ / 16℃,东北风 ≤3级 /南风 ≤3级,多云,多云,25,16,东北风,≤3级,南风,≤3级,day
2015-03-07 13:00:00,金阳客站,1、追尾的,负全部责任,不负责任,1,贵BC6639,银,1,贵A96G23,白,-1,长运驾校（南明区）,-1,2015/2/27 0:00,吉利牌,大众汽车牌,364648000000000000 ,366064000000000000 ,196604,197905,13,5,3,工作日,非高峰,2015-03-07,2015年3月7日,阴 /小雨,10℃ / 5℃,东风 ≤3级 /东南风 ≤3级,阴,小雨,10,5,东风,≤3级,东南风,≤3级,day
2015-02-07 08:45:00,孟关,9、不符合前8款规定或者双方同时具有上述情形的,负同等责任,负同等责任,1,渝AR3138,黑色,1,贵BF4514,黑色,-1,-1,-1,-1,宝雕牌,长安牌,344541000000000000 ,364546000000 ,199103,490482,8,5,2,工作日,早高峰(7-9点),2015-02-07,2015年2月7日,阴 /阴,8℃ / 3℃,东北风 ≤3级 /东北风 ≤3级,阴,阴,8,3,东北风,≤3级,东北风,≤3级,day
2015-04-27 17:50:00,商贸城,1、追尾的,负全部责任,不负责任,1,贵A264C5,银,1,贵BJ5346,银,-1,-1,-1,-1,解放牌,吉利牌,776366000000000000 ,35436551144340547X,196711,199005,17,0,4,工作日,晚高峰(17-19点),2015-04-27,2015年4月27日,阴 /雷阵雨,21℃ / 14℃,东南风 ≤3级 /东北风 ≤3级,阴,雷阵雨,21,14,东南风,≤3级,东北风,≤3级,day
2015-04-17 08:00:00,花果园,7、未按规定让行的 ,负全部责任,不负责任,1,贵BAU214,白色,1,贵ALT289,白色,全林驾校,兴黔驾驶培训学校,2013/7/2 0:00,2006/3/28 0:00,大众汽车牌,大众汽车牌,364548000000000000 ,364547000000000000 ,199102,198707,8,4,4,工作日,早高峰(7-9点),2015-04-17,2015年4月17日,多云 /多云,28℃ / 19℃,南风 ≤3级 /南风 ≤3级,多云,多云,28,19,南风,≤3级,南风,≤3级,day
2015-04-28 08:40:00,花果园,3、倒车的,负全部责任,不负责任,1,贵BAJ214,白色,1,贵AA9975,白色,现代驾校（南明区）,预约考试窗口,2015/3/30 0:00,2007/8/7 0:00,东风日产牌,长安,366370000000000000 ,366567000000000000 ,198406,197105,8,1,4,工作日,早高峰(7-9点),2015-04-28,2015年4月28日,多云 /多云,25℃ / 15℃,东北风 ≤3级 /东北风 ≤3级,多云,多云,25,15,东北风,≤3级,东北风,≤3级,day
2015-03-10 08:50:00,海马冲,1、追尾的,负全部责任,不负责任,1,贵ACX351,黑,1,贵BAV663,黄,（云岩区）省交通职业技术驾驶培训学校,贵工驾校,2008/1/28 0:00,2014/11/7 0:00,奥迪牌,东风牌,364547000000000000 ,366761000000000000 ,198708,199510,8,1,3,工作日,早高峰(7-9点),2015-03-10,2015年3月10日,小雨 /小雨,8℃ / 4℃,东北风 ≤3级 /东北风 ≤3级,小雨,小雨,8,4,东北风,≤3级,东北风,≤3级,day
2015-03-14 11:46:00,小河平桥,7、未按规定让行的 ,负全部责任,不负责任,1,贵BE9363,白色,1,贵AU6434,白色,-1,公交公司驾校,-1,2006/12/12 0:00,长安牌,宗申牌,36464751905440767X,364547000000000000 ,198410,198504,11,5,3,工作日,非高峰,2015-03-14,2015年3月14日,阴 /阴,17℃ / 12℃,南风 ≤3级 /东南风 ≤3级,阴,阴,17,12,南风,≤3级,东南风,≤3级,day
2015-03-29 10:10:00,上海之春,8、依法应负全责的其他情形,负全部责任,不负责任,1,贵A27G64,银,1,贵BB3331,银,十一驾驶培训有限公司,六盘水市达安驾驶培训学校,2007/8/20 0:00,2006/8/2 0:00,宝骏牌,北京现代牌,366570000000000000 ,364646000000000000 ,197611,197804,10,6,3,周末,非高峰,2015-03-29,2015年3月29日,阴 /多云,18℃ / 15℃,东风 ≤3级 /南风 ≤3级,阴,多云,18,15,东风,≤3级,南风,≤3级,day
2015-04-24 20:00:00,八公里,9、不符合前8款规定或者双方同时具有上述情形的,负同等责任,负同等责任,1,贵AW4984,白色,1,贵BAT859,白色,自培,铁二局驾校（南明区）,2003/10/30 0:00,2015/4/1 0:00,飞肯牌,五菱牌,364547000000000000 ,364666000000000000 ,196412,199605,20,4,4,工作日,非高峰,2015-04-24,2015年4月24日,阴 /小雨,16℃ / 11℃,东风 ≤3级 /东风 ≤3级,阴,小雨,16,11,东风,≤3级,东风,≤3级,night
2015-04-15 11:40:00,涴沙桥,7、未按规定让行的 ,负全部责任,不负责任,1,贵BB6801,黑,1,贵AU3474,白,-1,金大驾校,-1,2006/4/29 0:00,奥迪,双狮牌,36454800000000000 ,36634551864262605X,196910,197206,11,2,4,工作日,非高峰,2015-04-15,2015年4月15日,多云 /多云,24℃ / 16℃,东南风 ≤3级 /南风 ≤3级,多云,多云,24,16,东南风,≤3级,南风,≤3级,day
2015-04-16 15:10:00,花溪,7、未按规定让行的 ,负全部责任,不负责任,1,贵BAY024,白色,1,贵HB6737,白色,鑫鑫驾校（花溪区）,-1,2015/3/13 0:00,-1,北京现代牌,长安牌,364647000000000000 ,366264000000000000 ,198809,197904,15,3,4,工作日,非高峰,2015-04-16,2015年4月16日,多云 /多云,29℃ / 17℃,南风 ≤3级 /南风 ≤3级,多云,多云,29,17,南风,≤3级,南风,≤3级,day
2015-04-20 15:30:00,都拉营,1、追尾的,负全部责任,不负责任,1,贵A4234N,银,1,贵BAZ049,黑,（南明区）阳光驾驶培训有限公司,-1,2005/2/21 0:00,-1,奇瑞,奥迪牌,366361000000000000 ,366067000000000000 ,197610,198408,15,0,4,工作日,非高峰,2015-04-20,2015年4月20日,阴 /阴,20℃ / 11℃,东北风 ≤3级 /东北风 ≤3级,阴,阴,20,11,东北风,≤3级,东北风,≤3级,day
2015-04-27 18:00:00,孟关,1、追尾的,负全部责任,不负责任,1,贵GT5005,白色,1,贵BB4902,白色,惠水县黔岭机动车驾驶培训有限公司,-1,2014/1/23 0:00,-1,风神,五菱牌,364547000000000000 ,366664000000000000 ,199410,198612,18,0,4,工作日,晚高峰(17-19点),2015-04-27,2015年4月27日,阴 /雷阵雨,21℃ / 14℃,东南风 ≤3级 /东北风 ≤3级,阴,雷阵雨,21,14,东南风,≤3级,东北风,≤3级,day
2015-03-09 11:40:00,世纪城,9、不符合前8款规定或者双方同时具有上述情形的,负同等责任,负同等责任,1,贵AB6921,黑,1,贵BP9255,黑,-1,-1,-1,-1,中能牌,北京牌,366563000000000000 ,36464751234065735X,199408,196504,11,0,3,工作日,非高峰,2015-03-09,2015年3月9日,小雨 /小雨,10℃ / 5℃,东北风 ≤3级 /东北风 ≤3级,小雨,小雨,10,5,东北风,≤3级,东北风,≤3级,day
2015-03-16 10:00:00,碧海花园,8、依法应负全责的其他情形,负全部责任,不负责任,1,贵BQ3207,银,1,贵AM3203,银,-1,-1,-1,-1,一汽佳星牌,轰轰烈牌,364647000000000000 ,364557000000000 ,198404,590214,10,0,3,工作日,非高峰,2015-03-16,2015年3月16日,阴 /多云,20℃ / 15℃,南风 ≤3级 /南风 ≤3级,阴,多云,20,15,南风,≤3级,南风,≤3级,day
2015-03-14 13:30:00,涴沙桥,1、追尾的,负全部责任,不负责任,1,贵BP0031,黑,1,贵A44J72,黑,安顺市顺达汽车驾驶培训学校,贵阳学院汽车驾驶培训,-1,2010/7/22 0:00,吉利美日牌,荣威牌,364666000000000000 ,366347000000000000 ,199206,199008,13,5,3,工作日,非高峰,2015-03-14,2015年3月14日,阴 /阴,17℃ / 12℃,南风 ≤3级 /东南风 ≤3级,阴,阴,17,12,南风,≤3级,东南风,≤3级,day
2015-04-28 10:00:00,凤凰路,8、依法应负全责的其他情形,负全部责任,不负责任,1,渝BN6257,红,1,贵BP6558,银,-1,-1,-1,-1,无,大众汽车牌,354668000000000000 ,736646000000000000 ,198111,198503,10,1,4,工作日,非高峰,2015-04-28,2015年4月28日,多云 /多云,25℃ / 15℃,东北风 ≤3级 /东北风 ≤3级,多云,多云,25,15,东北风,≤3级,东北风,≤3级,day
2015-03-25 12:45:00,白云区,1、追尾的,负全部责任,不负责任,1,贵A1234G,银,1,贵BR5761,银,-1,十一培,-1,1997/6/2 0:00,长安牌,猎豹牌,36606800000000000 ,364646000000000000 ,199101,196205,12,2,3,工作日,非高峰,2015-03-25,2015年3月25日,阴 /阵雨,14℃ / 9℃,东北风 ≤3级 /东北风 ≤3级,阴,阵雨,14,9,东北风,≤3级,东北风,≤3级,day
2015-04-05 10:30:00,甲秀南路,8、依法应负全责的其他情形,负全部责任,不负责任,1,贵A9728T,白色,1,贵BP3541,白色,-1,自培,-1,2004/5/29 0:00,尼桑牌,江淮牌,74560500000000000 ,366064000000000000 ,199001,198205,10,6,4,周末,非高峰,2015-04-05,2015年4月5日,阴 /阵雨,30℃ / 12℃,南风 ≤3级 /东北风 ≤3级,阴,阵雨,30,12,南风,≤3级,东北风,≤3级,day
2015-02-26 11:30:00,白云区,1、追尾的,负全部责任,不负责任,1,贵BM9955,银,1,贵FL5718,白,-1,毕节地区驾校,-1,-1,丰田牌,长城牌,366368000000000000 ,366068000000000000 ,197908,196802,11,3,2,工作日,非高峰,2015-02-26,2015年2月26日,阴 /小雨,12℃ / 9℃,东风 ≤3级 /南风 ≤3级,阴,小雨,12,9,东风,≤3级,南风,≤3级,day
2015-02-06 11:00:00,中天未来方舟,1、追尾的,负全部责任,不负责任,1,贵BL9388,黑色,1,贵ARN847,白色,-1,集顺达驾校,-1,-1,东风牌,颐达(TIIDA)牌,35714551104743467X,36656251914368447X,199403,198905,11,4,2,工作日,非高峰,2015-02-06,2015年2月6日,多云 /小雨,9℃ / 2℃,南风 ≤3级 /南风 ≤3级,多云,小雨,9,2,南风,≤3级,南风,≤3级,day
2015-02-14 11:20:00,小河转盘,9、不符合前8款规定或者双方同时具有上述情形的,负全部责任,不负责任,1,贵BM2796,白色,1,贵GS3469,白色,六盘水昌达汽车摩托车驾驶培训学校有限公司,六盘水昌达汽车摩托车驾驶培训学校有限公司,-1,2012/12/18 0:00,长安牌,起亚牌,364646000000000000 ,366367000000000000 ,198405,198303,11,5,2,工作日,非高峰,2015-02-14,2015年2月14日,阵雨 /雷阵雨,16℃ / 10℃,南风 ≤3级 /南风 ≤3级,阵雨,雷阵雨,16,10,南风,≤3级,南风,≤3级,day
2015-02-14 21:05:00,观山湖区,7、未按规定让行的 ,负全部责任,不负责任,0,贵BR9919,黑,1,贵A6259R,黑,诚信驾驶培训学校,贵阳万里圣驾校,2013/2/22 0:00,2014/11/17 0:00,捷豹XJ,朗风牌,54247500000000000 ,364596000000000000 ,197807,196909,21,5,2,工作日,非高峰,2015-02-14,2015年2月14日,阵雨 /雷阵雨,16℃ / 10℃,南风 ≤3级 /南风 ≤3级,阵雨,雷阵雨,16,10,南风,≤3级,南风,≤3级,night
2015-03-29 14:35:00,八匹马,7、未按规定让行的 ,负全部责任,不负责任,1,贵ATB847,银,1,贵BQ6111,黑,自培,-1,2004/11/17 0:00,-1,福克斯牌,梅赛德斯-奔驰,364556000000000000 ,366069000000000000 ,197102,196802,14,6,3,周末,非高峰,2015-03-29,2015年3月29日,阴 /多云,18℃ / 15℃,东风 ≤3级 /南风 ≤3级,阴,多云,18,15,东风,≤3级,南风,≤3级,day
2015-03-06 18:05:00,杨家山隧道,1、追尾的,负全部责任,不负责任,1,贵ES1985,白色,1,贵BT1927,白色,-1,-1,-1,-1,思铭牌,思域牌,366761000000000000 ,366761000000000000 ,198807,198409,18,4,3,工作日,晚高峰(17-19点),2015-03-06,2015年3月6日,小雨 /小雨,5℃ / 3℃,东北风 ≤3级 /东北风 ≤3级,小雨,小雨,5,3,东北风,≤3级,东北风,≤3级,day
2015-02-12 07:30:00,金华园B区,1、追尾的,负全部责任,不负责任,1,贵SKG867,红,0,贵D28989,黑,-1,-1,-1,-1,-1,雷克萨斯,36546500000000000 ,36667451265641548X,965032,196212,7,3,2,工作日,早高峰(7-9点),2015-02-12,2015年2月12日,多云 /多云,15℃ / 5℃,南风 ≤3级 /南风 ≤3级,多云,多云,15,5,南风,≤3级,南风,≤3级,day
2015-04-07 17:10:00,皂角井,1、追尾的,负全部责任,不负责任,1,贵BR9541,白色,1,贵FS3236,白色,-1,顺一驾驶培训学校,-1,2014/11/21 0:00,解放牌,东风标致牌,366767000000000000 ,354868000000000000 ,196805,198205,17,1,4,工作日,晚高峰(17-19点),2015-04-07,2015年4月7日,小雨 /小雨,9℃ / 5℃,东北风 ≤3级 /东北风 ≤3级,小雨,小雨,9,5,东北风,≤3级,东北风,≤3级,day
2015-04-10 18:00:00,威清路,7、未按规定让行的 ,负全部责任,不负责任,1,贵A97V77,白,1,贵BW9638,白,（白云区）消防驾驶培训学校,（南明区）吉源驾驶培训有限公司,2007/11/23 0:00,2010/2/21 0:00,斯柯达牌,宝马牌,36455751965574407X,364648000000000000 ,198211,198807,18,4,4,工作日,晚高峰(17-19点),2015-04-10,2015年4月10日,小雨 /小雨,12℃ / 8℃,东北风 ≤3级 /东北风 ≤3级,小雨,小雨,12,8,东北风,≤3级,东北风,≤3级,day
2015-04-28 10:40:00,世纪金源,3、倒车的,负全部责任,不负责任,1,粤QLX578,银,1,贵BT4102,白,-1,地区驾校赫章分校,-1,-1,宝马牌,福特锐界,5865520000000000 ,366070000000000000 ,198211,198808,10,1,4,工作日,非高峰,2015-04-28,2015年4月28日,多云 /多云,25℃ / 15℃,东北风 ≤3级 /东北风 ≤3级,多云,多云,25,15,东北风,≤3级,东北风,≤3级,day
2015-03-17 18:00:00,小关,1、追尾的,负全部责任,不负责任,1,贵BX1895,红,1,贵A731E5,绿,贵大佳德驾驶培训学校,公安干院驾校,2013/7/9 0:00,2006/11/17 0:00,起亚牌,北京牌,364568000000000000 ,366368000000000000 ,198703,198301,18,1,3,工作日,晚高峰(17-19点),2015-03-17,2015年3月17日,多云 /多云,25℃ / 14℃,南风 ≤3级 /南风 ≤3级,多云,多云,25,14,南风,≤3级,南风,≤3级,day
2015-02-07 13:00:00,南明小碧,1、追尾的,负全部责任,不负责任,1,贵A0BC17,黑色,1,贵BS9493,白色,市警校驾校,-1,2013/12/12 0:00,-1,奥迪牌,长城牌,364648000000000000 ,36464751924952445X,198612,198608,13,5,2,工作日,非高峰,2015-02-07,2015年2月7日,阴 /阴,8℃ / 3℃,东北风 ≤3级 /东北风 ≤3级,阴,阴,8,3,东北风,≤3级,东北风,≤3级,day
2015-04-14 22:20:00,黔江路,1、追尾的,负全部责任,不负责任,1,贵BN6491,白色,1,贵CAU577,白色,自培,-1,2006/7/20 0:00,-1,别克牌,江淮牌,364568000000000000 ,366562000000000000 ,198509,194008,22,1,4,工作日,非高峰,2015-04-14,2015年4月14日,晴 /多云,22℃ / 9℃,东风 ≤3级 /东风 ≤3级,晴,多云,22,9,东风,≤3级,东风,≤3级,night
2015-03-01 17:46:00,世纪城,1、追尾的,负全部责任,不负责任,1,贵A5694U,红,1,贵BT2237,银,自培,路路达驾校,2003/10/14 0:00,2015/2/9 0:00,长安牌,吉利牌,364558000000000000 ,366862000000000000 ,198309,199607,17,6,3,周末,晚高峰(17-19点),2015-03-01,2015年3月1日,阴 /阴,9℃ / 3℃,东风 ≤3级 /南风 ≤3级,阴,阴,9,3,东风,≤3级,南风,≤3级,day
2015-02-15 14:00:00,花溪区清溪路,9、不符合前8款规定或者双方同时具有上述情形的,负全部责任,不负责任,1,贵BM1655,黑色,1,贵AGT974,白色,自培,十一培,2012/1/21 0:00,1989/7/10 0:00,大众牌,华泰特拉卡牌,364646000000000000 ,364547000000000000 ,199211,195706,14,6,2,周末,非高峰,2015-02-15,2015年2月15日,多云 /阴,19℃ / 8℃,南风 ≤3级 /东北风 ≤3级,多云,阴,19,8,南风,≤3级,东北风,≤3级,day
2015-03-27 22:00:00,白云区,7、未按规定让行的 ,负全部责任,不负责任,1,赣C03886,白,1,贵BN1253,白,-1,自培,-1,2004/7/2 0:00,\N,奥迪,07566851985648275X,364596000000000000 ,198712,198507,22,4,3,工作日,非高峰,2015-03-27,2015年3月27日,阵雨 /阵雨,18℃ / 13℃,南风 ≤3级 /南风 ≤3级,阵雨,阵雨,18,13,南风,≤3级,南风,≤3级,night
2015-04-20 08:10:00,蔡家关,3、倒车的,负全部责任,不负责任,1,贵BQ9796,白色,1,临贵A1J581,白色,（南明区）贵工大驾驶培训有限公司,自培,2009/9/25 0:00,2003/8/28 0:00,吉利牌,-1,364648000000000000 ,364547000000000000 ,198006,198407,8,0,4,工作日,早高峰(7-9点),2015-04-20,2015年4月20日,阴 /阴,20℃ / 11℃,东北风 ≤3级 /东北风 ≤3级,阴,阴,20,11,东北风,≤3级,东北风,≤3级,day
2015-03-09 19:10:00,一中,7、未按规定让行的 ,负全部责任,不负责任,1,贵A29944,银,1,贵BR1137,银,自培,自培,2004/9/20 0:00,2006/10/31 0:00,丰田牌,丰田牌,366347000000000000 ,366061000000000000 ,197305,198502,19,0,3,工作日,晚高峰(17-19点),2015-03-09,2015年3月9日,小雨 /小雨,10℃ / 5℃,东北风 ≤3级 /东北风 ≤3级,小雨,小雨,10,5,东北风,≤3级,东北风,≤3级,day
2015-04-18 13:25:00,龙广路,1、追尾的,负全部责任,不负责任,1,贵BT6607,黑,1,贵A76N45,白,自培,青正驾校,2006/6/28 0:00,2011/4/1 0:00,江铃牌,别克牌,364666000000000000 ,366362000000000000 ,198306,199109,13,5,4,工作日,非高峰,2015-04-18,2015年4月18日,多云 /雷阵雨,29℃ / 16℃,南风 ≤3级 /南风 ≤3级,多云,雷阵雨,29,16,南风,≤3级,南风,≤3级,day