accidenttime,accidentaddr,driver1fault,driver1responsibility,driver2responsibility,sex1,platenumber1,carcolor1,sex2,platenumber2,carcolor2,jxmc1,jxmc2,cclzrq1,cclzrq2,clpp1,clpp2,driver1license,driver2license,brith1,brith2,hour,weekday,month,is_weekday,peak_hour,date,日期,天气状况,气温,风力风向,day_wea,night_wea,day_tep,night_tep,day_wind_direction,day_wind_speed,night_wind_direction,night_wind_speed,segment
2015-04-18 13:40:00,中曹司大桥,7、未按规定让行的 ,负全部责任,不负责任,1,贵AB308K,白色,1,贵C82648,白色,-1,-1,-1,-1,东风雪铁龙牌,波罗牌,3645555122450425X,366869000000000000 ,196601,198409,13,5,4,工作日,非高峰,2015-04-18,2015年4月18日,多云 /雷阵雨,29℃ / 16℃,南风 ≤3级 /南风 ≤3级,多云,雷阵雨,29,16,南风,≤3级,南风,≤3级,day
2015-03-10 19:50:00,花果园,1、追尾的,负全部责任,不负责任,1,贵A35H47,白色,1,贵CA0268,白色,六枝特区顺安机动车驾驶培训学校有限公司,路路达驾校,2011/5/16 0:00,2014/2/19 0:00,东风牌,起亚牌,364648000000000000 ,366567000000000000 ,198101,197409,19,1,3,工作日,晚高峰(17-19点),2015-03-10,2015年3月10日,小雨 /小雨,8℃ / 4℃,东北风 ≤3级 /东北风 ≤3级,小雨,小雨,8,4,东北风,≤3级,东北风,≤3级,day
2015-03-12 16:35:00,八匹马,1、追尾的,负全部责任,不负责任,1,贵A85L23,白,1,贵CA4341,白,（南明区）现代驾驶培训有限公司,青正驾校,-1,2012/7/23 0:00,长安牌,中华牌,366568000000000000 ,364548000000000000 ,198209,196612,16,3,3,工作日,非高峰,2015-03-12,2015年3月12日,多云 /多云,16℃ / 10℃,南风 ≤3级 /南风 ≤3级,多云,多云,16,10,南风,≤3级,南风,≤3级,day
2015-04-02 16:00:00,花溪二道,1、追尾的,负全部责任,不负责任,1,贵A62B26,白色,1,贵BZ0234,白色,自培,贵阳金马驾驶培训有限公司,2001/12/25 0:00,2012/1/21 0:00,帕萨特牌,东风日产牌,366876000000000000 ,366067000000000000 ,197503,199110,16,3,4,工作日,非高峰,2015-04-02,2015年4月2日,多云 /多云,30℃ / 18℃,南风 ≤3级 /南风 ≤3级,多云,多云,30,18,南风,≤3级,南风,≤3级,day
2015-04-22 17:48:00,石林西路,9、不符合前8款规定或者双方同时具有上述情形的,负同等责任,负同等责任,1,辽B893N2,黑,1,贵C18247,白,-1,鑫鑫驾校,-1,2011/5/12 0:00,梅赛德斯奔驰,江铃全顺牌,55366500000000000 ,364566000000000000 ,199004,198701,17,2,4,工作日,晚高峰(17-19点),2015-04-22,2015年4月22日,小雨 /小雨,15℃ / 10℃,东北风 ≤3级 /东北风 ≤3级,小雨,小雨,15,10,东北风,≤3级,东北风,≤3级,day
2015-03-20 10:00:00,北京西路,1、追尾的,负全部责任,不负责任,1,贵AJR494,银,1,贵BY3701,红,自培,-1,2007/5/15 0:00,-1,五菱牌,雪佛兰牌,366067000000000000 ,364647000000000000 ,198005,198703,10,4,3,工作日,非高峰,2015-03-20,2015年3月20日,阴 /阵雨,14℃ / 10℃,东北风 ≤3级 /东北风 ≤3级,阴,阵雨,14,10,东北风,≤3级,东北风,≤3级,day
2015-02-08 11:00:00,枣山路,1、追尾的,负全部责任,不负责任,1,贵C82861,黄,1,贵A24K14,白,新天驾校,-1,2011/8/8 0:00,-1,江淮,五菱牌,366566000000000000 ,355348000000000000 ,198307,198708,11,6,2,周末,非高峰,2015-02-08,2015年2月8日,阴 /阴,7℃ / 3℃,东北风 ≤3级 /南风 ≤3级,阴,阴,7,3,东北风,≤3级,南风,≤3级,day
2015-04-19 17:30:00,恒丰,1、追尾的,负全部责任,不负责任,1,贵BZ9267,银,1,川EB1945,银,-1,-1,-1,-1,长城牌,大众汽车牌 ,364648000000000000 ,354366000000000000 ,199004,199402,17,6,4,周末,晚高峰(17-19点),2015-04-19,2015年4月19日,阵雨 /阵雨,22℃ / 13℃,东北风 ≤3级 /东北风 ≤3级,阵雨,阵雨,22,13,东北风,≤3级,东北风,≤3级,day
2015-03-20 11:17:00,火车北站,8、依法应负全责的其他情形,负全部责任,不负责任,1,贵CA9065,白,1,贵AU6125,绿,-1,吉源驾校,-1,2001/5/14 0:00,长城牌,捷达牌,366566000000000000 ,366068000000000000 ,196603,196701,11,4,3,工作日,非高峰,2015-03-20,2015年3月20日,阴 /阵雨,14℃ / 10℃,东北风 ≤3级 /东北风 ≤3级,阴,阵雨,14,10,东北风,≤3级,东北风,≤3级,day
2015-05-04 14:30:00,西南商贸城,7、未按规定让行的 ,负全部责任,不负责任,1,贵CB5108,白,1,贵A82488,黄,-1,-1,-1,-1,福田牌,豪泺牌,366567000000000000 ,36606751964149493X,198112,198209,14,0,5,工作日,非高峰,2015-05-04,2015年5月4日,阵雨 /阵雨,20℃ / 14℃,东北风 ≤3级 /东北风 ≤3级,阵雨,阵雨,20,14,东北风,≤3级,东北风,≤3级,day
2015-04-06 20:00:00,贵黄公路,7、未按规定让行的 ,负全部责任,不负责任,1,贵CAL603,白色,1,贵BY2082,白色,-1,自培,-1,1996/12/23 0:00,大众牌,宝马牌,366546000000000000 ,364547000000000000 ,197101,197006,20,0,4,工作日,非高峰,2015-04-06,2015年4月6日,阵雨 /阵雨,17℃ / 7℃,东北风 ≤3级 /东北风 ≤3级,阵雨,阵雨,17,7,东北风,≤3级,东北风,≤3级,night
2015-04-23 14:00:00,白云区,3、倒车的,负全部责任,不负责任,0,贵CCJ487,白,1,贵AUA438,蓝,-1,自培,-1,2006/9/8 0:00,雪佛兰牌,吉利美日牌,366563000000000000 ,364558000000000000 ,198904,198512,14,3,4,工作日,非高峰,2015-04-23,2015年4月23日,阴 /小雨,16℃ / 10℃,东北风 ≤3级 /东北风 ≤3级,阴,小雨,16,10,东北风,≤3级,东北风,≤3级,day
2015-03-21 10:15:00,杨家山,1、追尾的,负全部责任,不负责任,1,贵CD3386,银,1,贵A78H45,银,-1,-1,-1,-1,长安,大众汽车牌,364166000000000000 ,366566000000000000 ,196310,198104,10,5,3,工作日,非高峰,2015-03-21,2015年3月21日,阴 /阴,16℃ / 11℃,东北风 ≤3级 /东南风 ≤3级,阴,阴,16,11,东北风,≤3级,东南风,≤3级,day
2015-04-27 10:12:00,黄河路,7、未按规定让行的 ,负全部责任,不负责任,1,贵BR9048,白色,1,贵F71309,白色,自培,-1,2004/9/15 0:00,-1,奇瑞牌,钱江牌,364556000000000000 ,366068000000000000 ,196907,198712,10,0,4,工作日,非高峰,2015-04-27,2015年4月27日,阴 /雷阵雨,21℃ / 14℃,东南风 ≤3级 /东北风 ≤3级,阴,雷阵雨,21,14,东南风,≤3级,东北风,≤3级,day
2015-03-15 10:15:00,甘荫塘,1、追尾的,负全部责任,不负责任,1,贵AC6559,白色,1,贵C97668,白色,-1,自培,-1,2005/7/8 0:00,轰轰烈牌,尼桑牌,366064000000000000 ,366368000000000000 ,198603,198403,10,6,3,周末,非高峰,2015-03-15,2015年3月15日,阴 /阴,18℃ / 13℃,东风 ≤3级 /南风 ≤3级,阴,阴,18,13,东风,≤3级,南风,≤3级,day
2015-02-14 20:25:00,观山湖区,4、停车时未挂低速档、未拉驻车制动，导致车辆滑行的,负全部责任,不负责任,1,贵JBK823,黑,1,贵C52129,黑,-1,自培,-1,2009/10/28 0:00,解放牌,红旗牌,6416520000000000 ,724069000000000000 ,985092,198301,20,5,2,工作日,非高峰,2015-02-14,2015年2月14日,阵雨 /雷阵雨,16℃ / 10℃,南风 ≤3级 /南风 ≤3级,阵雨,雷阵雨,16,10,南风,≤3级,南风,≤3级,night
2015-03-27 12:00:00,小河,7、未按规定让行的 ,负全部责任,不负责任,1,贵CAD611,白色,1,贵AKU943,白色,-1,自培,-1,2004/4/13 0:00,揽胜极光,起亚牌,364546000000000 ,364547000000000000 ,671025,197203,12,4,3,工作日,非高峰,2015-03-27,2015年3月27日,阵雨 /阵雨,18℃ / 13℃,南风 ≤3级 /南风 ≤3级,阵雨,阵雨,18,13,南风,≤3级,南风,≤3级,day
2015-04-07 10:05:00,金阳,3、倒车的,负全部责任,不负责任,1,贵CAK628,银,1,贵AU1832,绿,-1,自培,-1,2001/7/31 0:00,昊锐牌,大阳牌,664747000000000000 ,366575000000000000 ,195406,198106,10,1,4,工作日,非高峰,2015-04-07,2015年4月7日,小雨 /小雨,9℃ / 5℃,东北风 ≤3级 /东北风 ≤3级,小雨,小雨,9,5,东北风,≤3级,东北风,≤3级,day
2015-03-03 11:00:00,北二环,1、追尾的,负全部责任,不负责任,0,贵AW2668,黑,1,贵C89571,黑,自培,自培,2002/7/16 0:00,2001/10/31 0:00,三铃牌,长安牌,364547000000000000 ,366564000000000000 ,196210,198005,11,1,3,工作日,非高峰,2015-03-03,2015年3月3日,小雨 /小雨,8℃ / 3℃,东北风 ≤3级 /东北风 ≤3级,小雨,小雨,8,3,东北风,≤3级,东北风,≤3级,day
2015-02-28 16:40:00,诚信路,7、未按规定让行的 ,负全部责任,不负责任,1,贵A69822,蓝,0,贵CBE696,黑,-1,自培,-1,2001/12/3 0:00,嘉吉,丰田牌,354367000000000000 ,36606651965641305X,197309,198212,16,5,2,工作日,非高峰,2015-02-28,2015年2月28日,小雨 /小雨,8℃ / 4℃,东北风 ≤3级 /东北风 ≤3级,小雨,小雨,8,4,东北风,≤3级,东北风,≤3级,day
2015-04-09 08:15:00,中华北路,7、未按规定让行的 ,负全部责任,不负责任,1,贵BV9217,银,1,贵AHR195,银,自培,自培,2004/1/14 0:00,2005/2/6 0:00,五菱牌,沃尔沃牌,364648000000000000 ,364558000000000000 ,196304,197911,8,3,4,工作日,早高峰(7-9点),2015-04-09,2015年4月9日,阴 /小雨,11℃ / 7℃,东北风 ≤3级 /东北风 ≤3级,阴,小雨,11,7,东北风,≤3级,东北风,≤3级,day
2015-04-19 15:32:00,金钟桥,1、追尾的,负全部责任,不负责任,1,贵CAK859,白,1,贵GR3354,银,-1,西安市百顺机动车驾驶员培训学校,-1,-1,宝马,金杯牌,366546000000000000 ,734397000000000000 ,197807,198201,15,6,4,周末,非高峰,2015-04-19,2015年4月19日,阵雨 /阵雨,22℃ / 13℃,东北风 ≤3级 /东北风 ≤3级,阵雨,阵雨,22,13,东北风,≤3级,东北风,≤3级,day
2015-04-11 00:00:00,大营坡,7、未按规定让行的 ,负全部责任,不负责任,0,贵ARV764,黑,1,贵CCV986,黄,阳光驾校,-1,2014/12/24 0:00,-1,名爵牌,别克牌,364548000000000000 ,366546000000000000 ,198302,195609,0,5,4,工作日,非高峰,2015-04-11,2015年4月11日,多云 /多云,15℃ / 9℃,东北风 ≤3级 /东风 ≤3级,多云,多云,15,9,东北风,≤3级,东风,≤3级,night
2015-04-04 10:30:00,金阳南路,8、依法应负全责的其他情形,负全部责任,不负责任,1,贵CCC300,白,1,贵A5AR35,白,（南明区）长安驾驶培训有限公司,自培,2010/3/25 0:00,2004/8/17 0:00,福克斯牌,福克斯牌,364558000000000000 ,366347000000000000 ,198707,197709,10,5,4,工作日,非高峰,2015-04-04,2015年4月4日,多云 /多云,29℃ / 18℃,南风 ≤3级 /南风 ≤3级,多云,多云,29,18,南风,≤3级,南风,≤3级,day
2015-04-18 10:40:00,白云区,7、未按规定让行的 ,负全部责任,不负责任,1,贵GX9494,黑,1,贵CB0751,红,新天驾校,-1,-1,-1,思威牌,欧铃牌,36067500000000000 ,366577000000000000 ,198004,197411,10,5,4,工作日,非高峰,2015-04-18,2015年4月18日,多云 /雷阵雨,29℃ / 16℃,南风 ≤3级 /南风 ≤3级,多云,雷阵雨,29,16,南风,≤3级,南风,≤3级,day
2015-03-10 20:00:00,蟠桃宫,8、依法应负全责的其他情形,负全部责任,不负责任,1,贵A6BK07,红,1,贵CB1019,白,诚信驾驶培训学校,520114,2014/12/9 0:00,2008/8/13 0:00,起亚牌,五菱牌,364567000000000000 ,366664000000000000 ,199210,198410,20,1,3,工作日,非高峰,2015-03-10,2015年3月10日,小雨 /小雨,8℃ / 4℃,东北风 ≤3级 /东北风 ≤3级,小雨,小雨,8,4,东北风,≤3级,东北风,≤3级,night
2015-03-06 10:00:00,杨家山隧道,1、追尾的,负全部责任,不负责任,1,浙C557CB, 黑,1,贵CCR259,白,-1,新天驾校,-1,2011/4/18 0:00,无,比亚迪牌,366061000000000000 ,366563000000000000 ,196802,197812,10,4,3,工作日,非高峰,2015-03-06,2015年3月6日,小雨 /小雨,5℃ / 3℃,东北风 ≤3级 /东北风 ≤3级,小雨,小雨,5,3,东北风,≤3级,东北风,≤3级,day
2015-04-18 13:20:00,白云区,7、未按规定让行的 ,负全部责任,不负责任,1,贵CC3615,红,1,贵A6471S,银,-1,顺一驾驶培训学校,-1,2012/7/30 0:00,雅阁牌,别克牌,76765500000000000 ,364558000000000000 ,197211,196906,13,5,4,工作日,非高峰,2015-04-18,2015年4月18日,多云 /雷阵雨,29℃ / 16℃,南风 ≤3级 /南风 ≤3级,多云,雷阵雨,29,16,南风,≤3级,南风,≤3级,day
2015-04-12 18:40:00,新添寨,7、未按规定让行的 ,负全部责任,不负责任,1,贵AU5638,绿,1,贵CCY294,白,-1,全林驾校,-1,2012/10/15 0:00,银河牌,中华牌,366565000000000000 ,366570000000000000 ,199005,198203,18,6,4,周末,晚高峰(17-19点),2015-04-12,2015年4月12日,晴 /多云,21℃ / 7℃,东风 ≤3级 /东风 ≤3级,晴,多云,21,7,东风,≤3级,东风,≤3级,day
2015-04-18 13:17:00,天河潭,7、未按规定让行的 ,负全部责任,不负责任,1,贵CEV034,白色,1,贵A66C36,白色,-1,全林驾校,-1,2010/3/19 0:00,雪佛兰牌,马自达牌,36654551275542825X,364548000000000000 ,196311,198407,13,5,4,工作日,非高峰,2015-04-18,2015年4月18日,多云 /雷阵雨,29℃ / 16℃,南风 ≤3级 /南风 ≤3级,多云,雷阵雨,29,16,南风,≤3级,南风,≤3级,day
2015-03-03 18:00:00,三桥,8、依法应负全责的其他情形,负全部责任,不负责任,1,贵CF6378,黑,1,贵ARV399,黑,-1,全林驾校,-1,2011/5/26 0:00,帕萨特牌,比亚迪牌,366568000000000000 ,724070000000000000 ,197304,198010,18,1,3,工作日,晚高峰(17-19点),2015-03-03,2015年3月3日,小雨 /小雨,8℃ / 3℃,东北风 ≤3级 /东北风 ≤3级,小雨,小雨,8,3,东北风,≤3级,东北风,≤3级,day
2015-04-23 16:30:00,金珠路,7、未按规定让行的 ,负全部责任,不负责任,1,贵CFM877,黄,1,贵AC6855,黑,-1,天行健驾校,-1,2014/12/2 0:00,大众汽车牌,力帆牌,366566000000000000 ,364648000000000000 ,197610,197503,16,3,4,工作日,非高峰,2015-04-23,2015年4月23日,阴 /小雨,16℃ / 10℃,东北风 ≤3级 /东北风 ≤3级,阴,小雨,16,10,东北风,≤3级,东北风,≤3级,day
2015-04-18 16:00:00,解放路,1、追尾的,负全部责任,不负责任,1,贵AV3457,白色,1,贵CFY101,白色,-1,-1,-1,-1,哈飞牌,吉利牌,364551000000000000 ,35466951954151545X,199308,198109,16,5,4,工作日,非高峰,2015-04-18,2015年4月18日,多云 /雷阵雨,29℃ / 16℃,南风 ≤3级 /南风 ≤3级,多云,雷阵雨,29,16,南风,≤3级,南风,≤3级,day
2015-04-05 15:20:00,电建一公司,7、未按规定让行的 ,负全部责任,不负责任,1,贵CGY862,白色,1,贵AU0677,白色,-1,-1,-1,-1,丰田牌,万达牌,506264000000000000 ,36606051214351347X,198711,196905,15,6,4,周末,非高峰,2015-04-05,2015年4月5日,阴 /阵雨,30℃ / 12℃,南风 ≤3级 /东北风 ≤3级,阴,阵雨,30,12,南风,≤3级,东北风,≤3级,day
2015-03-18 12:30:00,金阳南路,7、未按规定让行的 ,负全部责任,不负责任,1,贵CHA520,红,1,贵AU8829,黑,-1,预约考试窗口,-1,2007/5/31 0:00,五菱牌,瑞麒牌,36657451845555305X,36454751865547760X,197011,197211,12,2,3,工作日,非高峰,2015-03-18,2015年3月18日,多云 /多云,24℃ / 14℃,南风 ≤3级 /南风 ≤3级,多云,多云,24,14,南风,≤3级,南风,≤3级,day
2015-03-22 10:08:00,花果园,7、未按规定让行的 ,负全部责任,不负责任,1,贵CEG569,白,1,贵AU8039,蓝,（南明区）吉源驾驶培训有限公司,六盘水市键麟驾驶培训学校,2006/1/25 0:00,2005/8/28 0:00,起亚牌,力之星牌,366577000000000000 ,364647000000000000 ,197711,197111,10,6,3,周末,非高峰,2015-03-22,2015年3月22日,阵雨 /阵雨,19℃ / 10℃,东南风 ≤3级 /东风 ≤3级,阵雨,阵雨,19,10,东南风,≤3级,东风,≤3级,day
2015-03-31 12:10:00,新街,3、倒车的,负全部责任,不负责任,1,贵CBS123,银,1,贵A7A585,银,贵州现代驾驶培训责任有限公司,自培,2015/1/7 0:00,2003/7/31 0:00,柯兰多,凯宴,07436551994668068X,364547000000000000 ,198802,198204,12,1,3,工作日,非高峰,2015-03-31,2015年3月31日,多云 /多云,28℃ / 19℃,南风 ≤3级 /南风 ≤3级,多云,多云,28,19,南风,≤3级,南风,≤3级,day
2015-04-18 07:16:00,黔灵山路,7、未按规定让行的 ,负全部责任,不负责任,1,贵CHC212,白,1,贵AU0050,蓝,路路达驾校,-1,2014/5/6 0:00,-1,大众汽车牌,金龙牌,366577000000000000 ,364548000000000000 ,197612,197511,7,5,4,工作日,早高峰(7-9点),2015-04-18,2015年4月18日,多云 /雷阵雨,29℃ / 16℃,南风 ≤3级 /南风 ≤3级,多云,雷阵雨,29,16,南风,≤3级,南风,≤3级,day
2015-04-01 19:35:00,花果园,1、追尾的,负全部责任,不负责任,1,桂KMF328,白色,1,贵CC1689,白色,自培,铁二局驾校,2006/8/17 0:00,2012/3/10 0:00,大众牌,马自达牌,36363500000000000 ,364556000000000000 ,198405,197209,19,2,4,工作日,晚高峰(17-19点),2015-04-01,2015年4月1日,多云 /多云,29℃ / 19℃,南风 ≤3级 /南风 ≤3级,多云,多云,29,19,南风,≤3级,南风,≤3级,day
2015-04-20 07:50:00,海马冲,1、追尾的,负全部责任,不负责任,1,贵A7AM39,白,1,贵CAR999,黑,自培,-1,2005/2/5 0:00,-1,大众汽车牌,揽胜运动,364647000000000000 ,78496400000000000 ,198404,197410,7,0,4,工作日,早高峰(7-9点),2015-04-20,2015年4月20日,阴 /阴,20℃ / 11℃,东北风 ≤3级 /东北风 ≤3级,阴,阴,20,11,东北风,≤3级,东北风,≤3级,day
2015-04-21 22:40:00,未来方舟,3、倒车的,负全部责任,不负责任,1,贵CC3943,红,1,贵A90087,蓝,自培,遵义市海通机动车驾驶培训学校,2006/1/24 0:00,2012/2/23 0:00,北京现代牌,大运牌,366368000000000000 ,366069000000000000 ,197604,198909,22,1,4,工作日,非高峰,2015-04-21,2015年4月21日,阴 /阵雨,17℃ / 10℃,东北风 ≤3级 /东北风 ≤3级,阴,阵雨,17,10,东北风,≤3级,东北风,≤3级,night
2015-04-25 17:50:00,琉璃花园,4、停车时未挂低速档、未拉驻车制动，导致车辆滑行的,负全部责任,不负责任,1,贵ADT145,红,1,贵CGX235,白,-1,十一培,-1,1986/7/7 0:00,五十铃牌,大众牌,355464000000000000 ,366562000000000000 ,197201,196409,17,5,4,工作日,晚高峰(17-19点),2015-04-25,2015年4月25日,阴 /阵雨,20℃ / 11℃,东风 ≤3级 /东南风 ≤3级,阴,阵雨,20,11,东风,≤3级,东南风,≤3级,day
2015-03-02 01:40:00,三桥,1、追尾的,负全部责任,不负责任,0,贵A9889R,蓝,1,贵CAX692,蓝,铁二局驾校,自培,2014/8/18 0:00,2003/8/29 0:00,长安牌,比亚迪牌,364567000000000000 ,366561000000000000 ,198908,198109,1,0,3,工作日,非高峰,2015-03-02,2015年3月2日,阴 /小雨,9℃ / 2℃,东北风 ≤3级 /东北风 ≤3级,阴,小雨,9,2,东北风,≤3级,东北风,≤3级,night
2015-03-21 10:31:00,头桥,3、倒车的,负全部责任,不负责任,1,贵CAC991,银,1,贵GR4783,银,自培,自培,2003/8/4 0:00,2000/11/2 0:00,森林人,梅赛德斯-奔驰,366367000000000000 ,366564000000000000 ,196711,197309,10,5,3,工作日,非高峰,2015-03-21,2015年3月21日,阴 /阴,16℃ / 11℃,东北风 ≤3级 /东南风 ≤3级,阴,阴,16,11,东北风,≤3级,东南风,≤3级,day
2015-04-23 15:35:00,粑粑街,5、开关车门的,负全部责任,不负责任,1,贵CDU029,白,1,贵AML935,白,-1,自培,-1,2003/5/31 0:00,长安牌,起亚牌,355267000000000000 ,364557000000000000 ,199208,198408,15,3,4,工作日,非高峰,2015-04-23,2015年4月23日,阴 /小雨,16℃ / 10℃,东北风 ≤3级 /东北风 ≤3级,阴,小雨,16,10,东北风,≤3级,东北风,≤3级,day
2015-04-30 17:30:00,金阳,8、依法应负全责的其他情形,负全部责任,不负责任,1,贵AB106F,白,1,贵CHG336,白,贵州天河驾校,-1,2014/12/23 0:00,-1,一汽佳星,江铃牌,366068000000000000 ,366567000000000000 ,198009,197312,17,3,4,工作日,晚高峰(17-19点),2015-04-30,2015年4月30日,阵雨 /阵雨,25℃ / 17℃,东南风 ≤3级 /东南风 ≤3级,阵雨,阵雨,25,17,东南风,≤3级,东南风,≤3级,day
2015-03-26 08:50:00,世纪城,1、追尾的,负全部责任,不负责任,1,贵CHX993,白,1,贵A25M99,白,-1,贵大驾校,-1,2014/7/22 0:00,雅阁牌,东风日产牌,366566000000000000 ,774861000000000000 ,198110,198601,8,3,3,工作日,早高峰(7-9点),2015-03-26,2015年3月26日,阴 /阵雨,17℃ / 12℃,南风 ≤3级 /南风 ≤3级,阴,阵雨,17,12,南风,≤3级,南风,≤3级,day
2015-04-29 10:00:00,贵开路,3、倒车的,负全部责任,不负责任,1,贵AM5805,白色,1,贵CJG591,白色,-1,-1,-1,-1,长安牌,宝马,366061000000000000 ,366575000000000000 ,198010,198004,10,2,4,工作日,非高峰,2015-04-29,2015年4月29日,阵雨 /阵雨,26℃ / 16℃,东北风 ≤3级 /东南风 ≤3级,阵雨,阵雨,26,16,东北风,≤3级,东南风,≤3级,day
2015-04-06 11:01:00,花果园,7、未按规定让行的 ,负全部责任,不负责任,1,贵AP9326,银,1,贵CJK685,白,十一驾驶培训有限公司,-1,2014/6/16 0:00,-1,新陵牌,五菱牌,366067000000000000 ,726775000000000000 ,199307,198610,11,0,4,工作日,非高峰,2015-04-06,2015年4月6日,阵雨 /阵雨,17℃ / 7℃,东北风 ≤3级 /东北风 ≤3级,阵雨,阵雨,17,7,东北风,≤3级,东北风,≤3级,day
2015-03-19 11:10:00,金阳大道,7、未按规定让行的 ,负全部责任,不负责任,1,贵A61463,白,1,贵CKT227,银,自培,四川省长征机动车驾驶员培训学校有限公司,2014/10/29 0:00,2006/7/24 0:00,长安,金旅牌,364558000000000000 ,354669000000000000 ,198706,197307,11,3,3,工作日,非高峰,2015-03-19,2015年3月19日,多云 /阵雨,26℃ / 12℃,南风 ≤3级 /东北风 ≤3级,多云,阵雨,26,12,南风,≤3级,东北风,≤3级,day
2015-04-10 11:30:00,西二环,7、未按规定让行的 ,负全部责任,不负责任,1,贵AM8017,白色,1,贵CHT464,白色,贵州省长安驾驶培训学校,-1,2013/7/4 0:00,-1,嘉陵牌,雪佛兰牌,366064000000000000 ,366064000000000000 ,199210,199203,11,4,4,工作日,非高峰,2015-04-10,2015年4月10日,小雨 /小雨,12℃ / 8℃,东北风 ≤3级 /东北风 ≤3级,小雨,小雨,12,8,东北风,≤3级,东北风,≤3级,day
2015-03-30 18:00:00,花果园,7、未按规定让行的 ,负全部责任,不负责任,1,贵CH4079,白色,1,贵A22C74,白色,吉源驾校,鑫鑫驾校,2013/11/8 0:00,2013/4/8 0:00,五菱牌,雪佛兰牌,366577000000000000 ,366070000000000000 ,199303,198112,18,0,3,工作日,晚高峰(17-19点),2015-03-30,2015年3月30日,晴 /多云,24℃ / 17℃,南风 ≤3级 /南风 ≤3级,晴,多云,24,17,南风,≤3级,南风,≤3级,day
2015-03-04 07:00:00,白云区,7、未按规定让行的 ,负全部责任,不负责任,1,贵CKJ146,白,1,贵AU3249,蓝,景宏驾校,自培,2014/8/18 0:00,2002/10/31 0:00,金旅牌,钱江牌,366563000000000000 ,366566000000000000 ,197908,198303,7,2,3,工作日,早高峰(7-9点),2015-03-04,2015年3月4日,小雨 /小雨,6℃ / 1℃,东北风 ≤3级 /东北风 ≤3级,小雨,小雨,6,1,东北风,≤3级,东北风,≤3级,day
2015-03-18 00:00:00,碧桂园,7、未按规定让行的 ,负全部责任,不负责任,1,川L65A62,灰色,1,贵CKF499,黑色,-1,-1,-1,-1,长安牌,宝骏牌,355568000000000000 ,354867000000000000 ,197510,199208,0,2,3,工作日,非高峰,2015-03-18,2015年3月18日,多云 /多云,24℃ / 14℃,南风 ≤3级 /南风 ≤3级,多云,多云,24,14,南风,≤3级,南风,≤3级,night
2015-03-26 08:30:00,市北路,7、未按规定让行的 ,负全部责任,不负责任,1,贵CLJ554,红,1,贵AS6606,蓝,贵州省仁怀市酒都汽车驾驶培训有限公司,-1,2011/3/28 0:00,-1,三菱牌,轰轰烈牌,366575000000000000 ,364547000000000000 ,197812,197407,8,3,3,工作日,早高峰(7-9点),2015-03-26,2015年3月26日,阴 /阵雨,17℃ / 12℃,南风 ≤3级 /南风 ≤3级,阴,阵雨,17,12,南风,≤3级,南风,≤3级,day
2015-04-18 09:30:00,白云区,7、未按规定让行的 ,负全部责任,不负责任,1,贵FP7109,白,1,贵CHW217,白,织金县织通驾驶培训学校,-1,2013/10/10 0:00,-1,长安牌,五菱牌,36604551104742735X,366561000000000000 ,199403,198410,9,5,4,工作日,早高峰(7-9点),2015-04-18,2015年4月18日,多云 /雷阵雨,29℃ / 16℃,南风 ≤3级 /南风 ≤3级,多云,雷阵雨,29,16,南风,≤3级,南风,≤3级,day
2015-02-27 12:35:00,金朱东路,1、追尾的,负全部责任,不负责任,1,贵CLT485,黑,1,贵AW5172,绿,-1,无,-1,-1,宝骏牌,嘉鹏牌,366562000000000000 ,354867000000000000 ,197008,197712,12,4,2,工作日,非高峰,2015-02-27,2015年2月27日,多云 /阵雨,21℃ / 5℃,南风 ≤3级 /南风 ≤3级,多云,阵雨,21,5,南风,≤3级,南风,≤3级,day
2015-03-30 15:30:00,西南商贸城,7、未按规定让行的 ,负全部责任,不负责任,1,贵CNF484,银,1,贵A6281N,黑,-1,-1,-1,-1,大众汽车牌,夏利牌,355463000000000000 ,366046000000000000 ,197904,199110,15,0,3,工作日,非高峰,2015-03-30,2015年3月30日,晴 /多云,24℃ / 17℃,南风 ≤3级 /南风 ≤3级,晴,多云,24,17,南风,≤3级,南风,≤3级,day
2015-03-10 16:00:00,都司路,7、未按规定让行的 ,负全部责任,不负责任,1,贵CQ3550,白,1,贵ACT697,黑,-1,新华驾校,-1,2012/11/13 0:00,观致牌,雅阁牌,366566000000000000 ,364547000000000000 ,198404,197712,16,1,3,工作日,非高峰,2015-03-10,2015年3月10日,小雨 /小雨,8℃ / 4℃,东北风 ≤3级 /东北风 ≤3级,小雨,小雨,8,4,东北风,≤3级,东北风,≤3级,day
2015-03-02 18:00:00,纪念塔,7、未按规定让行的 ,负全部责任,不负责任,1,贵A53L59,黑,1,贵CR6723,银,-1,-1,-1,-1,大众牌,长安牌,366264000000000000 ,366375000000000000 ,197808,197201,18,0,3,工作日,晚高峰(17-19点),2015-03-02,2015年3月2日,阴 /小雨,9℃ / 2℃,东北风 ≤3级 /东北风 ≤3级,阴,小雨,9,2,东北风,≤3级,东北风,≤3级,day
2015-02-10 08:00:00,沙冲南路大理石路,1、追尾的,负全部责任,不负责任,1,贵CS2661,白色,1,贵A77W28,白色,-1,520124,-1,2009/11/19 0:00,东风雪铁龙牌,三菱牌,366577000000000000 ,364551000000000000 ,198008,198809,8,1,2,工作日,早高峰(7-9点),2015-02-10,2015年2月10日,小雨 /小雨,6℃ / 3℃,东北风 ≤3级 /东风 ≤3级,小雨,小雨,6,3,东北风,≤3级,东风,≤3级,day