accidenttime,accidentaddr,driver1fault,driver1responsibility,driver2responsibility,sex1,platenumber1,carcolor1,sex2,platenumber2,carcolor2,jxmc1,jxmc2,cclzrq1,cclzrq2,clpp1,clpp2,driver1license,driver2license,brith1,brith2,hour,weekday,month,is_weekday,peak_hour,date,日期,天气状况,气温,风力风向,day_wea,night_wea,day_tep,night_tep,day_wind_direction,day_wind_speed,night_wind_direction,night_wind_speed,segment
2015-03-23 15:20:00,白云区,3、倒车的,负全部责任,不负责任,1,贵CPQ364,黑,1,贵GT5108,黑,遵义市泥桥诚兴汽车驾驶培训学校,宜城市恒通驾校,-1,2009/6/23 0:00,宝马牌,雅阁牌,36656051994645695X,64290500000000000 ,198802,198604,15,0,3,工作日,非高峰,2015-03-23,2015年3月23日,多云 /阴,17℃ / 9℃,东北风 ≤3级 /东北风 ≤3级,多云,阴,17,9,东北风,≤3级,东北风,≤3级,day
2015-04-30 13:53:00,省医,7、未按规定让行的 ,负全部责任,不负责任,0,贵CHW535,红,1,贵A26662,黑,自培,贵州省长安驾驶培训学校,2004/4/24 0:00,2011/8/18 0:00,思域牌,豪爵,364558000000000000 ,364568000000000000 ,196410,199002,13,3,4,工作日,非高峰,2015-04-30,2015年4月30日,阵雨 /阵雨,25℃ / 17℃,东南风 ≤3级 /东南风 ≤3级,阵雨,阵雨,25,17,东南风,≤3级,东南风,≤3级,day
2015-04-01 12:00:00,新路口,1、追尾的,负全部责任,不负责任,1,贵AU7254,蓝,1,贵CLL521,黑,自培,-1,2001/5/8 0:00,-1,福田牌,东风牌,366347000000000000 ,366577000000000000 ,198006,198010,12,2,4,工作日,非高峰,2015-04-01,2015年4月1日,多云 /多云,29℃ / 19℃,南风 ≤3级 /南风 ≤3级,多云,多云,29,19,南风,≤3级,南风,≤3级,day
2015-03-13 09:00:00,五里冲,7、未按规定让行的 ,负全部责任,不负责任,1,贵CLP161,白色,1,贵AU5107,黑色,-1,十一培,-1,1984/5/17 0:00,奥迪牌,新阳光牌,366576000000000000 ,364547000000000000 ,198806,195911,9,4,3,工作日,早高峰(7-9点),2015-03-13,2015年3月13日,多云 /阵雨,17℃ / 12℃,南风 ≤3级 /南风 ≤3级,多云,阵雨,17,12,南风,≤3级,南风,≤3级,day
2015-04-16 08:40:00,黔林山路,1、追尾的,负全部责任,不负责任,0,贵CJW552,白,1,贵AKU267,红,（乌当区）新天驾驶培训有限公司,十一培,2006/1/16 0:00,1997/3/24 0:00,丰田牌,三菱牌,366577000000000000 ,364547000000000000 ,198405,197206,8,3,4,工作日,早高峰(7-9点),2015-04-16,2015年4月16日,多云 /多云,29℃ / 17℃,南风 ≤3级 /南风 ≤3级,多云,多云,29,17,南风,≤3级,南风,≤3级,day
2015-04-11 18:00:00,北京东路,1、追尾的,负全部责任,不负责任,1,贵CJP985,白,1,贵AU9521,绿,-1,自培,-1,2006/9/29 0:00,力狮,瑞麒牌,364648000000000000 ,36626651904850433X,198409,198407,18,5,4,工作日,晚高峰(17-19点),2015-04-11,2015年4月11日,多云 /多云,15℃ / 9℃,东北风 ≤3级 /东风 ≤3级,多云,多云,15,9,东北风,≤3级,东风,≤3级,day
2015-03-02 13:35:00,云环中路,7、未按规定让行的 ,负全部责任,不负责任,1,贵CK5633,银,1,贵ANF782,绿,-1,自培,-1,2008/3/4 0:00,别克牌,奥迪牌,366570000000000000 ,364558000000000000 ,199005,197111,13,0,3,工作日,非高峰,2015-03-02,2015年3月2日,阴 /小雨,9℃ / 2℃,东北风 ≤3级 /东北风 ≤3级,阴,小雨,9,2,东北风,≤3级,东北风,≤3级,day
2015-02-28 16:00:00,中山东路,7、未按规定让行的 ,负全部责任,不负责任,1,贵CGA215,银,1,贵ACK367,黑,自培,自培,2007/12/18 0:00,2004/9/19 0:00,英伦牌,宝马牌,366566000000000000 ,366669000000000000 ,197810,197108,16,5,2,工作日,非高峰,2015-02-28,2015年2月28日,小雨 /小雨,8℃ / 4℃,东北风 ≤3级 /东北风 ≤3级,小雨,小雨,8,4,东北风,≤3级,东北风,≤3级,day
2015-04-03 11:14:00,四十四医院,7、未按规定让行的 ,负全部责任,不负责任,1,贵AU6162,白色,1,贵CV5435,白色,自培,全林驾校,2003/1/8 0:00,2014/8/28 0:00,万达牌,东风牌,366363000000000000 ,366068000000000000 ,197801,198304,11,4,4,工作日,非高峰,2015-04-03,2015年4月3日,多云 /多云,30℃ / 19℃,南风 ≤3级 /南风 ≤3级,多云,多云,30,19,南风,≤3级,南风,≤3级,day
2015-04-07 15:00:00,富源路,7、未按规定让行的 ,负全部责任,不负责任,1,贵CTW315,白色,1,贵CA2451,白色,自培,-1,1996/8/30 0:00,-1,长安牌,吉奥牌,364547000000000000 ,366566000000000000 ,197103,197402,15,1,4,工作日,非高峰,2015-04-07,2015年4月7日,小雨 /小雨,9℃ / 5℃,东北风 ≤3级 /东北风 ≤3级,小雨,小雨,9,5,东北风,≤3级,东北风,≤3级,day
2015-04-10 11:30:00,花溪,7、未按规定让行的 ,负全部责任,不负责任,1,贵A984G8,蓝,1,贵CNQ469,银,（经开区）十一驾驶培训有限公司,520114,2010/11/29 0:00,2009/2/10 0:00,长安牌,东风牌,364567000000000000 ,366577000000000000 ,198511,197410,11,4,4,工作日,非高峰,2015-04-10,2015年4月10日,小雨 /小雨,12℃ / 8℃,东北风 ≤3级 /东北风 ≤3级,小雨,小雨,12,8,东北风,≤3级,东北风,≤3级,day
2015-02-28 20:00:00,南明区乡镇企业小区,9、不符合前8款规定或者双方同时具有上述情形的,负同等责任,负同等责任,1,贵CNH244,白色,1,贵CN6878,白色,-1,吉源驾校,-1,2012/6/5 0:00,长安牌,酷派,366566000000000000 ,366566000000000000 ,198926,198904,20,5,2,工作日,非高峰,2015-02-28,2015年2月28日,小雨 /小雨,8℃ / 4℃,东北风 ≤3级 /东北风 ≤3级,小雨,小雨,8,4,东北风,≤3级,东北风,≤3级,night
2015-03-28 16:40:00,新添寨,1、追尾的,负全部责任,不负责任,1,渝C8M655,银,1,贵CNX415,黑,-1,-1,-1,-1,起亚牌,宝马牌,354147000000000000 ,366561000000000000 ,196611,197006,16,5,3,工作日,非高峰,2015-03-28,2015年3月28日,阵雨 /雷阵雨,17℃ / 14℃,南风 ≤3级 /南风 ≤3级,阵雨,雷阵雨,17,14,南风,≤3级,南风,≤3级,day
2015-04-11 11:30:00,金阳,9、不符合前8款规定或者双方同时具有上述情形的,负同等责任,负同等责任,1,贵CLW752,银,1,赣A16L96,银,吉源驾校,-1,2013/7/25 0:00,-1,起亚牌,翼虎牌,366566000000000000 ,355766000000000000 ,199208,197709,11,5,4,工作日,非高峰,2015-04-11,2015年4月11日,多云 /多云,15℃ / 9℃,东北风 ≤3级 /东风 ≤3级,多云,多云,15,9,东北风,≤3级,东风,≤3级,day
2015-04-13 19:00:00,市西路高架桥,1、追尾的,负全部责任,不负责任,1,贵A95H46,白色,1,贵CTJ414,白色,路路达驾校,-1,2013/2/3 0:00,-1,森林人,江西五十铃牌,676570000000000000 ,36656551974940246X,198311,198308,19,0,4,工作日,晚高峰(17-19点),2015-04-13,2015年4月13日,晴 /多云,23℃ / 8℃,东北风 ≤3级 /东北风 ≤3级,晴,多云,23,8,东北风,≤3级,东北风,≤3级,day
2015-04-16 08:00:00,白云区,1、追尾的,负全部责任,不负责任,1,贵CW5887,银,1,贵A4360E,银,-1,-1,-1,-1,长城牌,比亚迪牌,366064000000000000 ,366068000000000000 ,197910,197406,8,3,4,工作日,早高峰(7-9点),2015-04-16,2015年4月16日,多云 /多云,29℃ / 17℃,南风 ≤3级 /南风 ≤3级,多云,多云,29,17,南风,≤3级,南风,≤3级,day
2015-03-21 00:00:00,都司路,7、未按规定让行的 ,负全部责任,不负责任,1,贵D55119,黑色,1,贵A4BK32,白色,-1,凯信驾校,-1,2014/12/10 0:00,大众汽车牌,斯巴鲁 XV,704967000000000000 ,364547000000000000 ,197112,196710,0,5,3,工作日,非高峰,2015-03-21,2015年3月21日,阴 /阴,16℃ / 11℃,东北风 ≤3级 /东南风 ≤3级,阴,阴,16,11,东北风,≤3级,东南风,≤3级,night
2015-03-19 19:30:00,花溪大道,5、开关车门的,负全部责任,不负责任,1,贵DAN282,白色,1,贵AN5657,白色,-1,自培,-1,1992/9/22 0:00,大众汽车牌,建设牌,366669000000000000 ,364548000000000000 ,198901,196407,19,3,3,工作日,晚高峰(17-19点),2015-03-19,2015年3月19日,多云 /阵雨,26℃ / 12℃,南风 ≤3级 /东北风 ≤3级,多云,阵雨,26,12,南风,≤3级,东北风,≤3级,day
2015-04-03 17:10:00,商贸城,1、追尾的,负全部责任,不负责任,1,贵CQD922,红,1,贵GY1618,黄,遵义市海通机动车驾驶培训学校,自培,-1,2002/3/22 0:00,雪佛兰牌,宝马牌,366061000000000000 ,366567000000000000 ,197310,197805,17,4,4,工作日,晚高峰(17-19点),2015-04-03,2015年4月3日,多云 /多云,30℃ / 19℃,南风 ≤3级 /南风 ≤3级,多云,多云,30,19,南风,≤3级,南风,≤3级,day
2015-03-10 21:00:00,浦江路,3、倒车的,负全部责任,不负责任,1,贵BD5526,黑,1,贵CS2661,红,-1,（花溪区）贵州大学驾驶培训有限公司,-1,-1,哈力爱俊达牌,东风雪铁龙牌,364646000000000000 ,366577000000000000 ,197902,198008,21,1,3,工作日,非高峰,2015-03-10,2015年3月10日,小雨 /小雨,8℃ / 4℃,东北风 ≤3级 /东北风 ≤3级,小雨,小雨,8,4,东北风,≤3级,东北风,≤3级,night
2015-03-11 20:10:00,小河,7、未按规定让行的 ,负全部责任,不负责任,1,贵ASS493,白色,1,贵CX9198,白色,路路达驾校,全林驾校,2014/10/8 0:00,2014/3/19 0:00,凯迪拉克,宝马,364566000000000000 ,366546000000000000 ,199002,198909,20,2,3,工作日,非高峰,2015-03-11,2015年3月11日,阴 /小雨,8℃ / 4℃,东北风 ≤3级 /东北风 ≤3级,阴,小雨,8,4,东北风,≤3级,东北风,≤3级,night
2015-03-04 06:56:00,陕西路,8、依法应负全责的其他情形,负全部责任,不负责任,0,贵D64790,银,0,贵GR2554,白,全林驾校,金大驾校,2014/12/29 0:00,2012/10/26 0:00,解放,梅赛德斯-奔驰牌,366666000000000000 ,364548000000000000 ,198604,198710,6,2,3,工作日,非高峰,2015-03-04,2015年3月4日,小雨 /小雨,6℃ / 1℃,东北风 ≤3级 /东北风 ≤3级,小雨,小雨,6,1,东北风,≤3级,东北风,≤3级,day
2015-03-29 07:15:00,航天大道,1、追尾的,负全部责任,不负责任,1,贵CX3748,白,1,贵A7H448,黑,省交校,预约考试窗口,2011/5/24 0:00,2007/4/5 0:00,北京现代牌,别克牌,36656851155657745X,366569000000000000 ,199112,197810,7,6,3,周末,早高峰(7-9点),2015-03-29,2015年3月29日,阴 /多云,18℃ / 15℃,东风 ≤3级 /南风 ≤3级,阴,多云,18,15,东风,≤3级,南风,≤3级,day
2015-03-16 13:55:00,贵阳一中,1、追尾的,负全部责任,不负责任,1,贵AU3271,蓝,1,贵DAN219,白,（南明区）铁二局驾驶培训有限公司,-1,2006/12/7 0:00,-1,捷达牌,大众汽车牌,366361000000000000 ,366669000000000000 ,197410,197607,13,0,3,工作日,非高峰,2015-03-16,2015年3月16日,阴 /多云,20℃ / 15℃,南风 ≤3级 /南风 ≤3级,阴,多云,20,15,南风,≤3级,南风,≤3级,day
2015-05-06 10:00:00,花果园,7、未按规定让行的 ,负全部责任,不负责任,1,贵CV0311,白色,1,贵A43J27,白色,-1,自培,-1,1997/3/14 0:00,东风牌,锋范牌,366561000000000000 ,364547000000000000 ,196501,196405,10,2,5,工作日,非高峰,2015-05-06,2015年5月6日,多云 /多云,25℃ / 16℃,东北风 ≤3级 /南风 ≤3级,多云,多云,25,16,东北风,≤3级,南风,≤3级,day
2015-04-20 19:03:00,金关,8、依法应负全责的其他情形,负全部责任,不负责任,1,贵A732P9,白,1,贵CZ8731,黑,-1,金春驾校纳雍分校,-1,-1,-1,丰田牌,364547000000 ,36686151805553605X,340542,197411,19,0,4,工作日,晚高峰(17-19点),2015-04-20,2015年4月20日,阴 /阴,20℃ / 11℃,东北风 ≤3级 /东北风 ≤3级,阴,阴,20,11,东北风,≤3级,东北风,≤3级,day
2015-03-04 07:55:00,双峰路,3、倒车的,负全部责任,不负责任,1,贵GT7435,白色,1,贵CX9626,黑色,-1,贵州晨运驾驶培训学校,-1,2008/5/16 0:00,大众汽车牌,五菱牌,364548000000000000 ,354662000000000000 ,196782,197310,7,2,3,工作日,早高峰(7-9点),2015-03-04,2015年3月4日,小雨 /小雨,6℃ / 1℃,东北风 ≤3级 /东北风 ≤3级,小雨,小雨,6,1,东北风,≤3级,东北风,≤3级,day
2015-04-24 16:23:00,会展城,3、倒车的,负全部责任,不负责任,1,贵HT8257,白,1,贵CNV502,银,自培,-1,2004/5/16 0:00,-1,雪佛兰牌,福特牌,366270000000000000 ,366569000000000000 ,198102,198810,16,4,4,工作日,非高峰,2015-04-24,2015年4月24日,阴 /小雨,16℃ / 11℃,东风 ≤3级 /东风 ≤3级,阴,小雨,16,11,东风,≤3级,东风,≤3级,day
2015-04-15 08:50:00,甲秀南路,1、追尾的,负全部责任,不负责任,1,贵CNC271,白色,1,贵ANN376,白色,（乌当区）全林驾驶培训有限公司,自培,2009/12/10 0:00,2003/10/27 0:00,东风牌,丰田牌,366575000000000000 ,364548000000000000 ,197610,197806,8,2,4,工作日,早高峰(7-9点),2015-04-15,2015年4月15日,多云 /多云,24℃ / 16℃,东南风 ≤3级 /南风 ≤3级,多云,多云,24,16,东南风,≤3级,南风,≤3级,day
2015-03-15 17:15:00,林城东路,7、未按规定让行的 ,负全部责任,不负责任,1,贵D12939,红,1,贵AJY577,蓝,-1,自培,-1,2006/5/8 0:00,丰田牌,夏利,366663000000000000 ,364557000000000000 ,197612,198712,17,6,3,周末,晚高峰(17-19点),2015-03-15,2015年3月15日,阴 /阴,18℃ / 13℃,东风 ≤3级 /南风 ≤3级,阴,阴,18,13,东风,≤3级,南风,≤3级,day
2015-03-29 14:36:00,白云区,7、未按规定让行的 ,负全部责任,不负责任,1,贵D76666,黑,1,贵AS0442,银,铜仁地区锦宏咨询服务有限公司驾驶培训学校,遵义县南白驾校,-1,2009/6/2 0:00,奥迪,金马牌,366663000000000000 ,366569000000000000 ,197806,197511,14,6,3,周末,非高峰,2015-03-29,2015年3月29日,阴 /多云,18℃ / 15℃,东风 ≤3级 /南风 ≤3级,阴,多云,18,15,东风,≤3级,南风,≤3级,day
2015-04-20 19:00:00,贵黄公路,3、倒车的,负全部责任,不负责任,1,粤BS5013,白色,1,贵DAN239,白色,-1,全林驾校,-1,-1,五十铃,别克牌,784962000000000000 ,366669000000000000 ,198712,198409,19,0,4,工作日,晚高峰(17-19点),2015-04-20,2015年4月20日,阴 /阴,20℃ / 11℃,东北风 ≤3级 /东北风 ≤3级,阴,阴,20,11,东北风,≤3级,东北风,≤3级,day
2015-05-28 14:00:00,小河,8、依法应负全责的其他情形,负全部责任,不负责任,1,贵DAQ378,白色,1,贵AC7922,白色,-1,520129,-1,-1,长安牌,宗申牌,366645000000 ,366261000000000000 ,705597,197203,14,3,5,工作日,非高峰,2015-05-28,2015年5月28日,多云 /雷阵雨,29℃ / 19℃,南风 ≤3级 /东南风 ≤3级,多云,雷阵雨,29,19,南风,≤3级,东南风,≤3级,day
2015-03-20 14:30:00,沙坡,3、倒车的,负全部责任,不负责任,1,贵DCT463,红,1,贵A5374B,黑,-1,路路达驾校,-1,2014/8/21 0:00,北京牌,大众汽车牌,366661000000000000 ,366347000000000000 ,198301,197112,14,4,3,工作日,非高峰,2015-03-20,2015年3月20日,阴 /阵雨,14℃ / 10℃,东北风 ≤3级 /东北风 ≤3级,阴,阵雨,14,10,东北风,≤3级,东北风,≤3级,day
2015-03-09 21:53:00,会展城,8、依法应负全责的其他情形,负全部责任,不负责任,1,贵AN5354,银,1,贵DCU741,黑,-1,-1,-1,-1,嘉隆牌,比亚迪牌,366368000000000000 ,36666951824652695X,198912,197602,21,0,3,工作日,非高峰,2015-03-09,2015年3月9日,小雨 /小雨,10℃ / 5℃,东北风 ≤3级 /东北风 ≤3级,小雨,小雨,10,5,东北风,≤3级,东北风,≤3级,night
2015-04-15 20:00:00,小河,7、未按规定让行的 ,负全部责任,不负责任,1,贵DCV544,白色,1,贵A24H34,白色,-1,-1,-1,-1,大众牌,长安牌,36666351165553898X,366067000000000000 ,199211,198809,20,2,4,工作日,非高峰,2015-04-15,2015年4月15日,多云 /多云,24℃ / 16℃,东南风 ≤3级 /南风 ≤3级,多云,多云,24,16,东南风,≤3级,南风,≤3级,night
2015-03-25 18:40:00,贵黄公路,8、依法应负全责的其他情形,负同等责任,负同等责任,1,贵DBY977,白,1,贵A6697B,银,新天驾校,-1,2013/11/27 0:00,-1,五菱牌,北京牌,366670000000000000 ,5946510000000000 ,198403,199103,18,2,3,工作日,晚高峰(17-19点),2015-03-25,2015年3月25日,阴 /阵雨,14℃ / 9℃,东北风 ≤3级 /东北风 ≤3级,阴,阵雨,14,9,东北风,≤3级,东北风,≤3级,day
2015-04-27 13:31:00,世纪城,8、依法应负全责的其他情形,负全部责任,不负责任,1,贵A084B8,银,1,贵DBT679,白,贵州现代驾驶培训责任有限公司,-1,2010/12/2 0:00,-1,长安牌,起亚牌,364596000000000000 ,364596000000000000 ,199005,198811,13,0,4,工作日,非高峰,2015-04-27,2015年4月27日,阴 /雷阵雨,21℃ / 14℃,东南风 ≤3级 /东北风 ≤3级,阴,雷阵雨,21,14,东南风,≤3级,东北风,≤3级,day
2015-02-12 09:40:00,观山湖区斗篷山7组,8、依法应负全责的其他情形,负全部责任,不负责任,1,贵AP7481,红,1,贵DBY325,蓝,自培,-1,2013/9/22 0:00,-1,富路牌,东风牌,364557000000000000 ,36666351944941955X,197409,198008,9,3,2,工作日,早高峰(7-9点),2015-02-12,2015年2月12日,多云 /多云,15℃ / 5℃,南风 ≤3级 /南风 ≤3级,多云,多云,15,5,南风,≤3级,南风,≤3级,day
2015-03-16 17:08:00,老阳关,7、未按规定让行的 ,负全部责任,不负责任,1,贵AB785B,黑,1,贵DCR876,红,顺一驾驶培训学校,贵州省黔东南州金凯驾驶学校,2012/11/19 0:00,-1,长安牌,北京现代牌,366368000000000000 ,366669000000000000 ,198707,198712,17,0,3,工作日,晚高峰(17-19点),2015-03-16,2015年3月16日,阴 /多云,20℃ / 15℃,南风 ≤3级 /南风 ≤3级,阴,多云,20,15,南风,≤3级,南风,≤3级,day
2015-02-13 16:00:00,西二环甲秀立交,9、不符合前8款规定或者双方同时具有上述情形的,负同等责任,负同等责任,1,临贵AVF251,白色,1,贵DCL882,白色,全林驾校,-1,2012/10/22 0:00,-1,-1,雪佛兰牌,366564000000000000 ,355766000000000000 ,196312,199801,16,4,2,工作日,非高峰,2015-02-13,2015年2月13日,多云 /阵雨,17℃ / 8℃,南风 ≤3级 /南风 ≤3级,多云,阵雨,17,8,南风,≤3级,南风,≤3级,day
2015-04-26 06:00:00,长岭北路,8、依法应负全责的其他情形,负全部责任,不负责任,1,贵GN3125,黑,1,贵DC2383,银,（观山湖区）蓝天驾驶培训有限公司,-1,2005/1/28 0:00,-1,奥迪牌,东风牌,354670000000000000 ,366663000000000000 ,197303,197809,6,6,4,周末,非高峰,2015-04-26,2015年4月26日,阵雨 /阵雨,18℃ / 14℃,东南风 ≤3级 /东北风 ≤3级,阵雨,阵雨,18,14,东南风,≤3级,东北风,≤3级,day
2015-04-06 12:10:00,狮子山隧道,7、未按规定让行的 ,负全部责任,不负责任,1,贵DL7721,黑,1,贵A8BX09,黑,-1,贵州现代驾驶培训责任有限公司,-1,2014/12/19 0:00,大众汽车牌,别克牌,366664000000000000 ,364548000000000000 ,197005,197910,12,0,4,工作日,非高峰,2015-04-06,2015年4月6日,阵雨 /阵雨,17℃ / 7℃,东北风 ≤3级 /东北风 ≤3级,阵雨,阵雨,17,7,东北风,≤3级,东北风,≤3级,day
2015-04-07 13:30:00,花果园,3、倒车的,负全部责任,不负责任,1,贵DX1764,黑,1,贵A11F51,红,-1,新天驾校,-1,2012/8/28 0:00,凯迪拉克,福特牌,366664000000000000 ,364548000000000000 ,198910,198409,13,1,4,工作日,非高峰,2015-04-07,2015年4月7日,小雨 /小雨,9℃ / 5℃,东北风 ≤3级 /东北风 ≤3级,小雨,小雨,9,5,东北风,≤3级,东北风,≤3级,day
2015-04-26 16:25:00,头桥,1、追尾的,负全部责任,不负责任,1,贵DZ1978,银,1,贵A95E95,红,-1,时发驾校,-1,2012/9/10 0:00,凌派牌,锋范牌,354696000000000000 ,364548000000000000 ,197811,199004,16,6,4,周末,非高峰,2015-04-26,2015年4月26日,阵雨 /阵雨,18℃ / 14℃,东南风 ≤3级 /东北风 ≤3级,阵雨,阵雨,18,14,东南风,≤3级,东北风,≤3级,day
2015-04-23 12:28:00,石标路,1、追尾的,负全部责任,不负责任,1,贵CQ222,黑,1,贵DAR823,白,自培,全林驾校,2003/10/16 0:00,2012/6/15 0:00,-1,宝马牌,364596000000000000 ,364557000000000000 ,198508,199010,12,3,4,工作日,非高峰,2015-04-23,2015年4月23日,阴 /小雨,16℃ / 10℃,东北风 ≤3级 /东北风 ≤3级,阴,小雨,16,10,东北风,≤3级,东北风,≤3级,day
2015-04-01 17:15:00,长林南路,7、未按规定让行的 ,负全部责任,不负责任,1,贵DAR823,白,1,贵ANL695,黑,自培,黔南州173驾驶学校,2004/3/12 0:00,-1,宝马牌,比亚迪牌,364557000000000000 ,254558000000000000 ,198304,196906,17,2,4,工作日,晚高峰(17-19点),2015-04-01,2015年4月1日,多云 /多云,29℃ / 19℃,南风 ≤3级 /南风 ≤3级,多云,多云,29,19,南风,≤3级,南风,≤3级,day
2015-03-28 18:00:00,解放西路,7、未按规定让行的 ,负全部责任,不负责任,1,贵A7AF72,白色,1,贵DH5262,白色,自培,顺一驾驶培训学校,2007/5/31 0:00,2010/7/13 0:00,翼虎牌,福克斯,364547000000000000 ,574191000000000000 ,198504,199205,18,5,3,工作日,晚高峰(17-19点),2015-03-28,2015年3月28日,阵雨 /雷阵雨,17℃ / 14℃,南风 ≤3级 /南风 ≤3级,阵雨,雷阵雨,17,14,南风,≤3级,南风,≤3级,day
2015-03-21 22:23:00,北京路,8、依法应负全责的其他情形,负全部责任,不负责任,1,贵CY1037,银,1,贵AAN764,红,自培,十一培,2006/9/21 0:00,1997/6/12 0:00,宝来牌,福克斯牌,364646000000000000 ,36454651824954025X,198602,197608,22,5,3,工作日,非高峰,2015-03-21,2015年3月21日,阴 /阴,16℃ / 11℃,东北风 ≤3级 /东南风 ≤3级,阴,阴,16,11,东北风,≤3级,东南风,≤3级,night
2015-04-09 10:30:00,黔灵山路,4、停车时未挂低速档、未拉驻车制动，导致车辆滑行的,负全部责任,不负责任,1,贵DCU169,白,1,贵AB4491,白,-1,自培,-1,2003/4/11 0:00,别克牌,X5,366669000000000000 ,364548000000000000 ,198702,197408,10,3,4,工作日,非高峰,2015-04-09,2015年4月9日,阴 /小雨,11℃ / 7℃,东北风 ≤3级 /东北风 ≤3级,阴,小雨,11,7,东北风,≤3级,东北风,≤3级,day
2015-04-04 13:20:00,白云,1、追尾的,负全部责任,不负责任,1,贵DCA152,黑,1,贵AJ5369,银,贵州省铜南汽车驾驶培训有限公司,自培,2012/10/23 0:00,2004/4/29 0:00,别克牌,长安牌,36666351214351695X,364558000000000000 ,196905,196208,13,5,4,工作日,非高峰,2015-04-04,2015年4月4日,多云 /多云,29℃ / 18℃,南风 ≤3级 /南风 ≤3级,多云,多云,29,18,南风,≤3级,南风,≤3级,day
2015-04-03 08:35:00,黔春隧道,1、追尾的,负全部责任,不负责任,1,贵DDF551,白,1,贵AU6306,绿,自培,自培,2006/12/29 0:00,2008/6/5 0:00,大众汽车牌,恒通客车牌,366669000000000000 ,36666251865661767X,198402,197212,8,4,4,工作日,早高峰(7-9点),2015-04-03,2015年4月3日,多云 /多云,30℃ / 19℃,南风 ≤3级 /南风 ≤3级,多云,多云,30,19,南风,≤3级,南风,≤3级,day
2015-02-09 15:29:00,观山湖,1、追尾的,负全部责任,不负责任,1,贵A81343,黑,1,贵E53466,黑,-1,市交校,-1,2013/3/29 0:00,红岩牌,英菲尼迪牌,3663625192495445X,366766000000000000 ,198608,198805,15,0,2,工作日,非高峰,2015-02-09,2015年2月9日,阴 /小雨,6℃ / 4℃,东北风 ≤3级 /东北风 ≤3级,阴,小雨,6,4,东北风,≤3级,东北风,≤3级,day
2015-04-02 19:25:00,头桥,3、倒车的,负全部责任,不负责任,1,贵E63679,银,1,贵AKT817,银,-1,520131,-1,2009/5/12 0:00,博斯特B5,长安牌,366769000000000000 ,366361000000000000 ,198502,196905,19,3,4,工作日,晚高峰(17-19点),2015-04-02,2015年4月2日,多云 /多云,30℃ / 18℃,南风 ≤3级 /南风 ≤3级,多云,多云,30,18,南风,≤3级,南风,≤3级,day
2015-03-23 18:00:00,开发大道,1、追尾的,负全部责任,不负责任,1,贵DD1414,黑色,1,贵A3674N,黑色,新天驾校,新天驾校,2014/4/28 0:00,2014/7/20 0:00,东风日产牌,昌河牌,366067000000000000 ,366067000000000000 ,198912,198907,18,0,3,工作日,晚高峰(17-19点),2015-03-23,2015年3月23日,多云 /阴,17℃ / 9℃,东北风 ≤3级 /东北风 ≤3级,多云,阴,17,9,东北风,≤3级,东北风,≤3级,day
2015-03-14 10:00:00,五里冲,7、未按规定让行的 ,负全部责任,不负责任,1,贵DD2499,白色,1,贵JDL688,白色,520108,阳光驾校,2001/12/21 0:00,2012/6/8 0:00,五菱牌,林海·雅马哈牌,36666851284564523X,36606651934155423X,196701,198509,10,5,3,工作日,非高峰,2015-03-14,2015年3月14日,阴 /阴,17℃ / 12℃,南风 ≤3级 /东南风 ≤3级,阴,阴,17,12,南风,≤3级,东南风,≤3级,day
2015-04-16 09:15:00,红岩桥,7、未按规定让行的 ,负全部责任,不负责任,1,贵DY9631,蓝,1,贵AAU412,银,绥阳县平安机动车驾驶员培训学校,贵州现代驾驶培训责任有限公司,-1,2012/6/15 0:00,五菱牌,江淮牌,366664000000000000 ,364547000000000000 ,197208,198712,9,3,4,工作日,早高峰(7-9点),2015-04-16,2015年4月16日,多云 /多云,29℃ / 17℃,南风 ≤3级 /南风 ≤3级,多云,多云,29,17,南风,≤3级,南风,≤3级,day
2015-04-10 21:10:00,中山西路,7、未按规定让行的 ,负全部责任,不负责任,1,贵E54794,白,1,贵A4AE28,白,顺一驾驶培训学校,自培,2012/9/29 0:00,2003/8/13 0:00,福特牌,骏派牌,366766000000000000 ,366347000000000000 ,198510,197510,21,4,4,工作日,非高峰,2015-04-10,2015年4月10日,小雨 /小雨,12℃ / 8℃,东北风 ≤3级 /东北风 ≤3级,小雨,小雨,12,8,东北风,≤3级,东北风,≤3级,night
2015-04-08 07:40:00,贵阳至遵义,1、追尾的,负全部责任,不负责任,1,贵DX5314,白,1,贵ACJ188,黑,-1,财院驾校,-1,2004/12/17 0:00,依维柯牌,东风日产牌,366669000000000000 ,36455551934342305X,198309,198505,7,2,4,工作日,早高峰(7-9点),2015-04-08,2015年4月8日,小雨 /小雨,10℃ / 6℃,东北风 ≤3级 /东北风 ≤3级,小雨,小雨,10,6,东北风,≤3级,东北风,≤3级,day
2015-04-04 20:20:00,花溪,3、倒车的,负全部责任,不负责任,1,贵AVM836,黑,1,贵DY8584,白,520119,-1,2009/1/14 0:00,-1,雅阁牌,东风标致牌,364556000000000000 ,366664000000000000 ,198110,197606,20,5,4,工作日,非高峰,2015-04-04,2015年4月4日,多云 /多云,29℃ / 18℃,南风 ≤3级 /南风 ≤3级,多云,多云,29,18,南风,≤3级,南风,≤3级,night