accidenttime,accidentaddr,driver1fault,driver1responsibility,driver2responsibility,sex1,platenumber1,carcolor1,sex2,platenumber2,carcolor2,jxmc1,jxmc2,cclzrq1,cclzrq2,clpp1,clpp2,driver1license,driver2license,brith1,brith2,hour,weekday,month,is_weekday,peak_hour,date,日期,天气状况,气温,风力风向,day_wea,night_wea,day_tep,night_tep,day_wind_direction,day_wind_speed,night_wind_direction,night_wind_speed,segment
2015-02-06 08:50:00,牛场,4、停车时未挂低速档、未拉驻车制动，导致车辆滑行的,负全部责任,不负责任,1,贵A6349G,黑,1,贵DQ6536,黑,新华驾校,-1,2014/6/17 0:00,-1,起亚牌,大众汽车牌,364557000000000000 ,366669000000000000 ,196306,198907,8,4,2,工作日,早高峰(7-9点),2015-02-06,2015年2月6日,多云 /小雨,9℃ / 2℃,南风 ≤3级 /南风 ≤3级,多云,小雨,9,2,南风,≤3级,南风,≤3级,day
2015-03-16 17:20:00,黔林山路,7、未按规定让行的 ,负全部责任,不负责任,1,贵DCR876,白,1,贵J93366,黄,-1,诚信驾校（观山湖区）,-1,-1,北京现代牌,解放牌,366669000000000000 ,366262000000000000 ,198712,197708,17,0,3,工作日,晚高峰(17-19点),2015-03-16,2015年3月16日,阴 /多云,20℃ / 15℃,南风 ≤3级 /南风 ≤3级,阴,多云,20,15,南风,≤3级,南风,≤3级,day
2015-03-18 08:30:00,大理石路,7、未按规定让行的 ,负全部责任,不负责任,1,贵JBT882,白色,1,贵DT3697,白色,文通驾校,-1,2012/10/17 0:00,-1,别克牌,东风牌,366564000000000000 ,366670000000000000 ,198602,197112,8,2,3,工作日,早高峰(7-9点),2015-03-18,2015年3月18日,多云 /多云,24℃ / 14℃,南风 ≤3级 /南风 ≤3级,多云,多云,24,14,南风,≤3级,南风,≤3级,day
2015-04-09 13:01:00,金珠立交,1、追尾的,负全部责任,不负责任,1,川QP5171,银,1,贵DG4832,黑,-1,-1,-1,-1,东风日产牌,别克牌,355364000000000000 ,366663000000000000 ,198809,197202,13,3,4,工作日,非高峰,2015-04-09,2015年4月9日,阴 /小雨,11℃ / 7℃,东北风 ≤3级 /东北风 ≤3级,阴,小雨,11,7,东北风,≤3级,东北风,≤3级,day
2015-03-19 13:20:00,花果园,8、依法应负全责的其他情形,负全部责任,不负责任,1,贵DCR811,白色,1,贵ET7444,红色,（云岩区）省交通职业技术驾驶培训学校,-1,2009/4/10 0:00,-1,荣威牌,长安牌,366669000000000000 ,366761000000000000 ,198809,195909,13,3,3,工作日,非高峰,2015-03-19,2015年3月19日,多云 /阵雨,26℃ / 12℃,南风 ≤3级 /东北风 ≤3级,多云,阵雨,26,12,南风,≤3级,东北风,≤3级,day
2015-04-16 10:30:00,小河,1、追尾的,负全部责任,不负责任,1,贵A5AN88,白色,1,贵E69991,白色,-1,-1,-1,-1,福克斯牌,五菱,344246000000000000 ,366766000000000000 ,197404,198410,10,3,4,工作日,非高峰,2015-04-16,2015年4月16日,多云 /多云,29℃ / 17℃,南风 ≤3级 /南风 ≤3级,多云,多云,29,17,南风,≤3级,南风,≤3级,day
2015-04-19 14:00:00,新华路,7、未按规定让行的 ,负全部责任,不负责任,1,贵EC3284,白色,1,贵A9AP42,白色,-1,贵州平安驾驶培训学校,-1,2012/3/20 0:00,红旗牌,雪佛兰牌,366766000000000000 ,364667000000000000 ,196108,198106,14,6,4,周末,非高峰,2015-04-19,2015年4月19日,阵雨 /阵雨,22℃ / 13℃,东北风 ≤3级 /东北风 ≤3级,阵雨,阵雨,22,13,东北风,≤3级,东北风,≤3级,day
2015-04-04 16:23:00,花果园,3、倒车的,负全部责任,不负责任,1,贵DZ9993,黑,1,贵G78907,蓝,-1,金大驾校,-1,2015/1/7 0:00,长安牌,钱江,366670000000000000 ,366061000000000000 ,197611,197712,16,5,4,工作日,非高峰,2015-04-04,2015年4月4日,多云 /多云,29℃ / 18℃,南风 ≤3级 /南风 ≤3级,多云,多云,29,18,南风,≤3级,南风,≤3级,day
2015-04-04 11:00:00,嘉润路,4、停车时未挂低速档、未拉驻车制动，导致车辆滑行的,负全部责任,不负责任,1,贵E26575,白色,1,贵A11C95,白色,-1,预约考试窗口,-1,2007/6/19 0:00,五菱牌,大众牌,55760500000000000 ,364547000000000000 ,198907,197711,11,5,4,工作日,非高峰,2015-04-04,2015年4月4日,多云 /多云,29℃ / 18℃,南风 ≤3级 /南风 ≤3级,多云,多云,29,18,南风,≤3级,南风,≤3级,day
2015-04-08 18:57:00,北京西路,7、未按规定让行的 ,负全部责任,不负责任,1,贵ABK882,银,1,贵F76536,蓝,-1,毕节地区黔中驾校,-1,-1,北京现代牌,长安,344667000000000000 ,366068000000000000 ,198511,198309,18,2,4,工作日,晚高峰(17-19点),2015-04-08,2015年4月8日,小雨 /小雨,10℃ / 6℃,东北风 ≤3级 /东北风 ≤3级,小雨,小雨,10,6,东北风,≤3级,东北风,≤3级,day
2015-04-13 11:00:00,贵阳西,1、追尾的,负全部责任,不负责任,1,赣C47484,黑,1,贵EB2985,白,-1,-1,-1,-1,江铃牌,江铃牌,726646000000000000 ,36606351154350157X,199107,199105,11,0,4,工作日,非高峰,2015-04-13,2015年4月13日,晴 /多云,23℃ / 8℃,东北风 ≤3级 /东北风 ≤3级,晴,多云,23,8,东北风,≤3级,东北风,≤3级,day
2015-03-20 16:10:00,润金路,7、未按规定让行的 ,负全部责任,不负责任,1,贵DV9963,黑,1,贵ATE906,黄,自培,-1,2009/5/4 0:00,-1,大众牌,长安牌,366666000000000000 ,36666251835662793X,198506,197512,16,4,3,工作日,非高峰,2015-03-20,2015年3月20日,阴 /阵雨,14℃ / 10℃,东北风 ≤3级 /东北风 ≤3级,阴,阵雨,14,10,东北风,≤3级,东北风,≤3级,day
2015-04-28 23:00:00,小河,1、追尾的,负全部责任,不负责任,1,渝B7E235,白色,1,贵DQ7596,白色,-1,自培,-1,2014/11/12 0:00,雅阁牌,蒙迪欧,366864000000000000 ,36657651905457313X,198607,198410,23,1,4,工作日,非高峰,2015-04-28,2015年4月28日,多云 /多云,25℃ / 15℃,东北风 ≤3级 /东北风 ≤3级,多云,多云,25,15,东北风,≤3级,东北风,≤3级,night
2015-04-22 04:15:00,嘉润路,3、倒车的,负全部责任,不负责任,1,贵DBW813,红,1,贵E23631,黑,-1,自培,-1,2006/3/20 0:00,海马牌,福田牌,366669000000000 ,366564000000000000 ,760205,197707,4,2,4,工作日,非高峰,2015-04-22,2015年4月22日,小雨 /小雨,15℃ / 10℃,东北风 ≤3级 /东北风 ≤3级,小雨,小雨,15,10,东北风,≤3级,东北风,≤3级,night
2015-04-05 12:01:00,头桥,7、未按规定让行的 ,负全部责任,不负责任,1,贵DY1585,白,1,贵APT461,蓝,新天驾校,自培,2013/1/29 0:00,2010/6/22 0:00,长城牌,松花江,364556000000000000 ,36606351814251037X,196903,197906,12,6,4,周末,非高峰,2015-04-05,2015年4月5日,阴 /阵雨,30℃ / 12℃,南风 ≤3级 /东北风 ≤3级,阴,阵雨,30,12,南风,≤3级,东北风,≤3级,day
2015-02-15 09:00:00,兴筑西路,7、未按规定让行的 ,负全部责任,不负责任,0,贵F61788,黑,1,贵A6253N,黑色,-1,（观山湖区）蓝天驾驶培训有限公司,-1,2004/6/25 0:00,长安牌,五菱牌,366046000000000000 ,36606651825462785X,198906,197610,9,6,2,周末,早高峰(7-9点),2015-02-15,2015年2月15日,多云 /阴,19℃ / 8℃,南风 ≤3级 /东北风 ≤3级,多云,阴,19,8,南风,≤3级,东北风,≤3级,day
2015-03-19 13:40:00,金阳客站,8、依法应负全责的其他情形,负全部责任,不负责任,1,贵A88602,白,1,贵EA4169,绿,消防驾校,-1,2003/1/31 0:00,-1,金龙牌,江铃牌,366368000000000000 ,366766000000000000 ,197610,196510,13,3,3,工作日,非高峰,2015-03-19,2015年3月19日,多云 /阵雨,26℃ / 12℃,南风 ≤3级 /东北风 ≤3级,多云,阵雨,26,12,南风,≤3级,东北风,≤3级,day
2015-02-06 12:00:00,锦江路,1、追尾的,负全部责任,不负责任,1,贵A5C876,白色,0,贵EJ5261,白色,贵大驾校,-1,2011/10/14 0:00,-1,-1,力帆牌,366867000000000000 ,76347500000000000 ,198607,198309,12,4,2,工作日,非高峰,2015-02-06,2015年2月6日,多云 /小雨,9℃ / 2℃,南风 ≤3级 /南风 ≤3级,多云,小雨,9,2,南风,≤3级,南风,≤3级,day
2015-02-11 07:01:00,东林寺路,1、追尾的,负全部责任,不负责任,1,贵ASH257,灰,1,贵E21248,黑,自培,-1,2005/7/20 0:00,-1,轩逸牌,英伦牌,366264000000000000 ,366764000000000000 ,198506,198910,7,2,2,工作日,早高峰(7-9点),2015-02-11,2015年2月11日,多云 /多云,11℃ / 3℃,东风 ≤3级 /东北风 ≤3级,多云,多云,11,3,东风,≤3级,东北风,≤3级,day
2015-04-10 08:40:00,四方河,1、追尾的,负全部责任,不负责任,1,贵FA8097,白色,1,贵AKJ101,白色,-1,顺一驾驶培训学校,-1,2011/4/6 0:00,五菱牌,长安牌,576676000000000000 ,364556000000000000 ,198008,198001,8,4,4,工作日,早高峰(7-9点),2015-04-10,2015年4月10日,小雨 /小雨,12℃ / 8℃,东北风 ≤3级 /东北风 ≤3级,小雨,小雨,12,8,东北风,≤3级,东北风,≤3级,day
2015-04-23 21:00:00,贵开路,7、未按规定让行的 ,负全部责任,不负责任,0,贵FJ9234,红,1,贵AHS648,银,贵州贵龙驾校,金大驾校,2014/6/18 0:00,2012/10/29 0:00,荣威牌,起亚牌,364548000000000000 ,366263000000000000 ,198312,199309,21,3,4,工作日,非高峰,2015-04-23,2015年4月23日,阴 /小雨,16℃ / 10℃,东北风 ≤3级 /东北风 ≤3级,阴,小雨,16,10,东北风,≤3级,东北风,≤3级,night
2015-03-13 12:23:00,小河,8、依法应负全责的其他情形,负全部责任,不负责任,1,贵FG3582,白色,1,贵GQ4367,灰色,自培,预约考试窗口,-1,2006/8/31 0:00,北京牌,海马,366066000000000000 ,366368000000000000 ,197605,198001,12,4,3,工作日,非高峰,2015-03-13,2015年3月13日,多云 /阵雨,17℃ / 12℃,南风 ≤3级 /南风 ≤3级,多云,阵雨,17,12,南风,≤3级,南风,≤3级,day
2015-03-07 16:00:00,啤酒厂,1、追尾的,负全部责任,不负责任,1,贵A6801H,银,1,贵FA0340,银,（南明区）长安驾驶培训有限公司,（观山湖区）诚信驾驶培训有限公司,2009/6/1 0:00,-1,跃进牌,长安牌,364666000000000000 ,72456751904653605X,198911,198402,16,5,3,工作日,非高峰,2015-03-07,2015年3月7日,阴 /小雨,10℃ / 5℃,东风 ≤3级 /东南风 ≤3级,阴,小雨,10,5,东风,≤3级,东南风,≤3级,day
2015-04-17 11:20:00,云环路,7、未按规定让行的 ,负全部责任,不负责任,1,贵A404P3,黑,1,贵FL5717,黑,-1,贵州现代驾驶培训责任有限公司,-1,2012/3/22 0:00,-1,英伦牌,364558000000000000 ,364558000000000000 ,197911,198907,11,4,4,工作日,非高峰,2015-04-17,2015年4月17日,多云 /多云,28℃ / 19℃,南风 ≤3级 /南风 ≤3级,多云,多云,28,19,南风,≤3级,南风,≤3级,day
2015-04-26 19:49:00,野鸭塘,8、依法应负全责的其他情形,负全部责任,不负责任,1,贵A592A2,银,1,贵ET0339,黑,自培,-1,2004/7/19 0:00,-1,福田牌,高尔夫,366063000000000000 ,364567000000000000 ,198310,199105,19,6,4,周末,晚高峰(17-19点),2015-04-26,2015年4月26日,阵雨 /阵雨,18℃ / 14℃,东南风 ≤3级 /东北风 ≤3级,阵雨,阵雨,18,14,东南风,≤3级,东北风,≤3级,day
2015-04-07 09:15:00,金珠东路,1、追尾的,负全部责任,不负责任,1,贵FG1858,银,0,贵ASS633,银,-1,十一培,-1,1998/12/22 0:00,长安牌,奥迪牌,35747451994250285X,364547000000000000 ,198806,197309,9,1,4,工作日,早高峰(7-9点),2015-04-07,2015年4月7日,小雨 /小雨,9℃ / 5℃,东北风 ≤3级 /东北风 ≤3级,小雨,小雨,9,5,东北风,≤3级,东北风,≤3级,day
2015-03-31 09:00:00,花溪,1、追尾的,负全部责任,不负责任,1,贵FJ2406,银,1,贵AKM812,黄,诚信驾驶培训学校,十一培,2012/11/17 0:00,1987/1/6 0:00,长安牌,别克牌,366067000000000000 ,364548000000000000 ,199406,196606,9,1,3,工作日,早高峰(7-9点),2015-03-31,2015年3月31日,多云 /多云,28℃ / 19℃,南风 ≤3级 /南风 ≤3级,多云,多云,28,19,南风,≤3级,南风,≤3级,day
2015-03-12 13:00:00,大营路,7、未按规定让行的 ,负全部责任,不负责任,1,贵ET8896,白色,1,贵A87J71,白色,省交校,自培,2014/6/5 0:00,2001/12/13 0:00,东风标致牌,东风雪铁龙牌,366561000000000000 ,364547000000000000 ,198209,197901,13,3,3,工作日,非高峰,2015-03-12,2015年3月12日,多云 /多云,16℃ / 10℃,南风 ≤3级 /南风 ≤3级,多云,多云,16,10,南风,≤3级,南风,≤3级,day
2015-04-08 15:00:00,长江路,7、未按规定让行的 ,负全部责任,不负责任,1,贵A63V76,白色,1,贵FE6725,白色,吉源驾校,自培,2014/1/24 0:00,2001/12/29 0:00,奇瑞牌,奥迪牌,366067000000000000 ,364547000000000000 ,199210,196709,15,2,4,工作日,非高峰,2015-04-08,2015年4月8日,小雨 /小雨,10℃ / 6℃,东北风 ≤3级 /东北风 ≤3级,小雨,小雨,10,6,东北风,≤3级,东北风,≤3级,day
2015-03-10 13:00:00,贵阳一中,7、未按规定让行的 ,负全部责任,不负责任,1,贵GP6559,红,1,贵F71586,红,新天驾校,自培,2012/8/7 0:00,2000/12/20 0:00,东风标致牌,威志牌,366363000000000000 ,366361000000000000 ,198402,197105,13,1,3,工作日,非高峰,2015-03-10,2015年3月10日,小雨 /小雨,8℃ / 4℃,东北风 ≤3级 /东北风 ≤3级,小雨,小雨,8,4,东北风,≤3级,东北风,≤3级,day
2015-02-10 21:40:00,延安东路,7、未按规定让行的 ,负全部责任,不负责任,1,贵EW9933,黑,1,贵AG4052,黑,自培,自培,2006/9/1 0:00,2006/7/20 0:00,发现,东宏牌,366766000000000000 ,366577000000000000 ,198612,198703,21,1,2,工作日,非高峰,2015-02-10,2015年2月10日,小雨 /小雨,6℃ / 3℃,东北风 ≤3级 /东风 ≤3级,小雨,小雨,6,3,东北风,≤3级,东风,≤3级,night
2015-03-13 14:40:00,白云区,8、依法应负全责的其他情形,负全部责任,不负责任,1,贵FN7629,银,1,贵A39F94,银,-1,消防驾校,-1,2011/12/24 0:00,别克牌,夏利牌,366061000000000000 ,366569000000000000 ,197810,197405,14,4,3,工作日,非高峰,2015-03-13,2015年3月13日,多云 /阵雨,17℃ / 12℃,南风 ≤3级 /南风 ≤3级,多云,阵雨,17,12,南风,≤3级,南风,≤3级,day
2015-04-17 11:15:00,花果园,7、未按规定让行的 ,负全部责任,不负责任,1,贵FN3900,黑,1,贵A55353,黑,-1,贵州省长安驾驶培训学校,-1,2012/10/24 0:00,五菱牌,金轮,36606651154348045X,366664000000000000 ,199105,198710,11,4,4,工作日,非高峰,2015-04-17,2015年4月17日,多云 /多云,28℃ / 19℃,南风 ≤3级 /南风 ≤3级,多云,多云,28,19,南风,≤3级,南风,≤3级,day
2015-03-08 19:30:00,金阳客站,7、未按规定让行的 ,负全部责任,不负责任,1,贵GP9098,银,1,贵FQ7194,黑,新华驾校,兴黔驾驶培训学校,2010/5/17 0:00,2006/6/21 0:00,丰田牌,雅阁牌,364548000000000000 ,74055500000000000 ,196607,194608,19,6,3,周末,晚高峰(17-19点),2015-03-08,2015年3月8日,小雨 /阴,11℃ / 6℃,东北风 ≤3级 /东北风 ≤3级,小雨,阴,11,6,东北风,≤3级,东北风,≤3级,day
2015-02-26 11:50:00,金阳北路,1、追尾的,负全部责任,不负责任,1,贵FR4212,白,1,贵AAY914,黑,大方大山汽车驾驶培训学校,长运驾校,-1,2013/12/5 0:00,江铃牌,起亚牌,366067000000000000 ,366067000000000000 ,198412,199207,11,3,2,工作日,非高峰,2015-02-26,2015年2月26日,阴 /小雨,12℃ / 9℃,东风 ≤3级 /南风 ≤3级,阴,小雨,12,9,东风,≤3级,南风,≤3级,day
2015-03-21 14:30:00,新添寨,7、未按规定让行的 ,负全部责任,不负责任,1,贵FN9582,银,0,贵A12S77,银,无,贵大佳德驾驶培训学,2011/12/1 0:00,2007/12/28 0:00,北京牌,东风雪铁龙牌,366367000000000000 ,364557000000000000 ,197610,196906,14,5,3,工作日,非高峰,2015-03-21,2015年3月21日,阴 /阴,16℃ / 11℃,东北风 ≤3级 /东南风 ≤3级,阴,阴,16,11,东北风,≤3级,东南风,≤3级,day
2015-02-12 11:10:00,东林寺路,7、未按规定让行的 ,负全部责任,不负责任,1,贵FR2833,银,1,贵A7151Y,白,铁二局驾校,新华驾校（乌当区）,2014/2/27 0:00,2012/8/17 0:00,中华牌,吉利美日牌,366068000000000000 ,366068000000000000 ,198801,198202,11,3,2,工作日,非高峰,2015-02-12,2015年2月12日,多云 /多云,15℃ / 5℃,南风 ≤3级 /南风 ≤3级,多云,多云,15,5,南风,≤3级,南风,≤3级,day
2015-02-08 16:00:00,三桥,7、未按规定让行的 ,负全部责任,不负责任,1,贵AP4890,白色,1,贵FJ1236,黑色,自培,铁二局驾校,2014/3/5 0:00,2012/10/22 0:00,东宏牌,雪佛兰牌,366070000000000000 ,366064000000000000 ,198712,198304,16,6,2,周末,非高峰,2015-02-08,2015年2月8日,阴 /阴,7℃ / 3℃,东北风 ≤3级 /南风 ≤3级,阴,阴,7,3,东北风,≤3级,南风,≤3级,day
2015-03-23 08:30:00,富源立交,7、未按规定让行的 ,负全部责任,不负责任,1,贵FL2741,白色,1,贵AK8257,白色,长运驾校,毕节地区宏强汽车(摩托车)驾驶培训学校,2012/1/4 0:00,2002/10/12 0:00,东风牌,钱江牌,366361000000000000 ,366367000000000000 ,197401,196405,8,0,3,工作日,早高峰(7-9点),2015-03-23,2015年3月23日,多云 /阴,17℃ / 9℃,东北风 ≤3级 /东北风 ≤3级,多云,阴,17,9,东北风,≤3级,东北风,≤3级,day
2015-04-15 15:25:00,白云区,7、未按规定让行的 ,负全部责任,不负责任,1,贵AA483A,银,1,贵FW7429,白,-1,贵州现代驾驶培训责任有限公司,-1,2014/3/28 0:00,长安牌,奇瑞牌,574191000000000000 ,366069000000000000 ,198909,199012,15,2,4,工作日,非高峰,2015-04-15,2015年4月15日,多云 /多云,24℃ / 16℃,东南风 ≤3级 /南风 ≤3级,多云,多云,24,16,东南风,≤3级,南风,≤3级,day
2015-03-23 17:40:00,甲秀南路,8、依法应负全责的其他情形,负全部责任,不负责任,1,贵FK4671,白色,1,贵A97588,白色,自培,-1,2006/10/11 0:00,-1,奥迪牌,红岩牌,366068000000000000 ,366067000000000000 ,198606,197701,17,0,3,工作日,晚高峰(17-19点),2015-03-23,2015年3月23日,多云 /阴,17℃ / 9℃,东北风 ≤3级 /东北风 ≤3级,多云,阴,17,9,东北风,≤3级,东北风,≤3级,day
2015-03-11 14:30:00,小河,7、未按规定让行的 ,负全部责任,不负责任,1,贵AU9213,白色,1,贵FY2355,白色,-1,十一驾驶培训有限公司,-1,2015/2/27 0:00,瑞麒牌,大众牌,74665500000000000 ,366061000000000000 ,196302,198204,14,2,3,工作日,非高峰,2015-03-11,2015年3月11日,阴 /小雨,8℃ / 4℃,东北风 ≤3级 /东北风 ≤3级,阴,小雨,8,4,东北风,≤3级,东北风,≤3级,day
2015-03-24 00:00:00,车水路,1、追尾的,负全部责任,不负责任,1,贵FT9284,白色,1,贵GV5391,白色,（经开区）十一驾驶培训有限公司,-1,2006/3/24 0:00,-1,思域牌,吉利美日牌,364547000000000000 ,36676600000000000 ,198105,198304,0,1,3,工作日,非高峰,2015-03-24,2015年3月24日,小雨 /阵雨,13℃ / 7℃,东北风 ≤3级 /东北风 ≤3级,小雨,阵雨,13,7,东北风,≤3级,东北风,≤3级,night
2015-04-21 12:40:00,未来方舟,4、停车时未挂低速档、未拉驻车制动，导致车辆滑行的,负全部责任,不负责任,0,粤BF7238,白,1,贵FV3469,银,-1,自培,-1,2012/6/8 0:00,北京现代牌,东风牌,54065500000000000 ,36606551854956767X,197107,197108,12,1,4,工作日,非高峰,2015-04-21,2015年4月21日,阴 /阵雨,17℃ / 10℃,东北风 ≤3级 /东北风 ≤3级,阴,阵雨,17,10,东北风,≤3级,东北风,≤3级,day
2015-04-01 11:10:00,商贸城,3、倒车的,负全部责任,不负责任,1,苏EQ45Y6,银,1,贵FX8166,黄,-1,贵州省长安驾驶培训学校,-1,2011/5/24 0:00,江淮牌 ,启辰牌,765464000000000000 ,366061000000000000 ,196912,198506,11,2,4,工作日,非高峰,2015-04-01,2015年4月1日,多云 /多云,29℃ / 19℃,南风 ≤3级 /南风 ≤3级,多云,多云,29,19,南风,≤3级,南风,≤3级,day
2015-03-03 16:20:00,白云区,7、未按规定让行的 ,负全部责任,不负责任,1,贵FZ0473,银,1,贵AU2324,红,新华驾校,（观山湖区）诚信驾驶培训有限公司,2013/9/2 0:00,2011/5/4 0:00,北京牌,嘉陵牌,366068000000000000 ,364568000000000000 ,199401,198906,16,1,3,工作日,非高峰,2015-03-03,2015年3月3日,小雨 /小雨,8℃ / 3℃,东北风 ≤3级 /东北风 ≤3级,小雨,小雨,8,3,东北风,≤3级,东北风,≤3级,day
2015-03-30 13:00:00,甲秀南路,1、追尾的,负全部责任,不负责任,1,贵AEJ976,白色,1,贵FY2364,白色,-1,黔西县宏远黔职驾校,-1,-1,桑塔纳牌,X6,774763000000000 ,366061000000000000 ,781221,197502,13,0,3,工作日,非高峰,2015-03-30,2015年3月30日,晴 /多云,24℃ / 17℃,南风 ≤3级 /南风 ≤3级,晴,多云,24,17,南风,≤3级,南风,≤3级,day
2015-04-10 17:40:00,解放路,7、未按规定让行的 ,负全部责任,不负责任,1,贵FZ5587,白,0,贵ANX442,红,-1,消防驾校,-1,-1,江铃全顺牌,雪佛兰牌,56867500000000000 ,705447000000000000 ,198911,198610,17,4,4,工作日,晚高峰(17-19点),2015-04-10,2015年4月10日,小雨 /小雨,12℃ / 8℃,东北风 ≤3级 /东北风 ≤3级,小雨,小雨,12,8,东北风,≤3级,东北风,≤3级,day
2015-03-06 00:00:00,贵惠大道,1、追尾的,负全部责任,不负责任,1,浙K6462P,白色,1,贵FX1561,白色,-1,景宏驾校,-1,2011/11/7 0:00,长安牌,北京牌,726363000000000000 ,366068000000000000 ,199201,199204,0,4,3,工作日,非高峰,2015-03-06,2015年3月6日,小雨 /小雨,5℃ / 3℃,东北风 ≤3级 /东北风 ≤3级,小雨,小雨,5,3,东北风,≤3级,东北风,≤3级,night
2015-03-18 03:30:00,花溪吉林,7、未按规定让行的 ,负全部责任,不负责任,1,云DS2195,白色,1,贵FS7106,白色,-1,鑫鑫驾校,-1,2012/7/28 0:00,江淮牌,梅赛德斯-奔驰牌,704768000000000000 ,376575000000000000 ,199009,197903,3,2,3,工作日,非高峰,2015-03-18,2015年3月18日,多云 /多云,24℃ / 14℃,南风 ≤3级 /南风 ≤3级,多云,多云,24,14,南风,≤3级,南风,≤3级,night
2015-03-09 18:46:00,金阳北路,1、追尾的,负全部责任,不负责任,1,贵DE5563,北,1,贵FV0704,黑,吉源驾校,-1,2011/3/16 0:00,-1,江铃牌,起亚牌,366670000000000000 ,764867000000000000 ,198012,198812,18,0,3,工作日,晚高峰(17-19点),2015-03-09,2015年3月9日,小雨 /小雨,10℃ / 5℃,东北风 ≤3级 /东北风 ≤3级,小雨,小雨,10,5,东北风,≤3级,东北风,≤3级,day
2015-02-08 13:20:00,普天路,7、未按规定让行的 ,负全部责任,不负责任,1,贵AU3503,蓝,1,贵FZ5204,银,自培,贵州现代驾驶培训责任有限公司,2002/9/23 0:00,2014/12/9 0:00,瑞麒牌,比亚迪牌,366066000000000000 ,366064000000000000 ,197108,198605,13,6,2,周末,非高峰,2015-02-08,2015年2月8日,阴 /阴,7℃ / 3℃,东北风 ≤3级 /南风 ≤3级,阴,阴,7,3,东北风,≤3级,南风,≤3级,day
2015-03-05 15:30:00,沙冲路,7、未按规定让行的 ,负全部责任,不负责任,1,贵AEE928,银,1,贵FZ0754,黑,-1,-1,-1,-1,夏利牌,北京现代牌,364566000000000000 ,364596000000000000 ,196910,198605,15,3,3,工作日,非高峰,2015-03-05,2015年3月5日,小雨 /小雨,4℃ / 1℃,东北风 ≤3级 /东北风 ≤3级,小雨,小雨,4,1,东北风,≤3级,东北风,≤3级,day
2015-03-11 15:00:00,金阳客站,7、未按规定让行的 ,负全部责任,不负责任,1,贵FY6567,白,1,贵FM1257,银,-1,自培,-1,2011/6/13 0:00,凌派牌,长安牌,366046000000000000 ,366068000000000000 ,197909,198211,15,2,3,工作日,非高峰,2015-03-11,2015年3月11日,阴 /小雨,8℃ / 4℃,东北风 ≤3级 /东北风 ≤3级,阴,小雨,8,4,东北风,≤3级,东北风,≤3级,day
2015-03-06 14:05:00,云环路,7、未按规定让行的 ,负全部责任,不负责任,1,贵GBG538,白,1,贵AA729R,黑,-1,无,-1,1998/5/30 0:00,解放牌,马自达牌,366761000000000000 ,366347000000000000 ,198206,197902,14,4,3,工作日,非高峰,2015-03-06,2015年3月6日,小雨 /小雨,5℃ / 3℃,东北风 ≤3级 /东北风 ≤3级,小雨,小雨,5,3,东北风,≤3级,东北风,≤3级,day
2015-02-04 11:01:00,冒沙井,3、倒车的,负全部责任,不负责任,1,贵GBH836,白色,1,贵A33W43,白色,-1,520117,-1,2008/12/8 0:00,解放牌,比亚迪牌,366064000000000000 ,366046000000000000 ,197210,198103,11,2,2,工作日,非高峰,2015-02-04,2015年2月4日,小雨 /小雨,4℃ / 0℃,东北风 ≤3级 /东北风 ≤3级,小雨,小雨,4,0,东北风,≤3级,东北风,≤3级,day
2015-04-19 10:10:00,四方河,8、依法应负全责的其他情形,负全部责任,不负责任,1,贵CKD842,白色,1,贵FX7281,白色,鑫鑫驾校,铁二局驾校,2014/7/19 0:00,-1,江铃牌,长安牌,366561000000000000 ,77445500000000000 ,199208,196706,10,6,4,周末,非高峰,2015-04-19,2015年4月19日,阵雨 /阵雨,22℃ / 13℃,东北风 ≤3级 /东北风 ≤3级,阵雨,阵雨,22,13,东北风,≤3级,东北风,≤3级,day
2015-03-08 10:30:00,养牛村,7、未按规定让行的 ,负全部责任,不负责任,1,闽R85274,白色,1,贵G91687,白色,-1,-1,-1,-1,\N,森林人,356166000000000000 ,366363000000000000 ,196712,198907,10,6,3,周末,非高峰,2015-03-08,2015年3月8日,小雨 /阴,11℃ / 6℃,东北风 ≤3级 /东北风 ≤3级,小雨,阴,11,6,东北风,≤3级,东北风,≤3级,day
2015-04-08 20:00:00,花果园,1、追尾的,负全部责任,不负责任,1,鄂J755728,白色,1,贵GAA047,白色,-1,文通驾校,-1,2012/3/10 0:00,\N,宝马,65562500000000000 ,364556000000000000 ,198711,198611,20,2,4,工作日,非高峰,2015-04-08,2015年4月8日,小雨 /小雨,10℃ / 6℃,东北风 ≤3级 /东北风 ≤3级,小雨,小雨,10,6,东北风,≤3级,东北风,≤3级,night
2015-04-04 07:30:00,枣山路,3、倒车的,负全部责任,不负责任,1,贵FX0897,白,1,从泰 JAU8,白,十一培,预约考试窗口,1986/7/28 0:00,2006/10/25 0:00,长安牌,-1,364547000000000000 ,366067000000000000 ,196108,197907,7,5,4,工作日,早高峰(7-9点),2015-04-04,2015年4月4日,多云 /多云,29℃ / 18℃,南风 ≤3级 /南风 ≤3级,多云,多云,29,18,南风,≤3级,南风,≤3级,day