accidenttime,accidentaddr,driver1fault,driver1responsibility,driver2responsibility,sex1,platenumber1,carcolor1,sex2,platenumber2,carcolor2,jxmc1,jxmc2,cclzrq1,cclzrq2,clpp1,clpp2,driver1license,driver2license,brith1,brith2,hour,weekday,month,is_weekday,peak_hour,date,日期,天气状况,气温,风力风向,day_wea,night_wea,day_tep,night_tep,day_wind_direction,day_wind_speed,night_wind_direction,night_wind_speed,segment
2015-04-27 08:00:00,省政府,6、违反交通信号的,负全部责任,不负责任,1,贵FS1008,白,1,贵A96B63,白,自培,十一培,2008/3/18 0:00,1991/10/7 0:00,现代,丰田牌,366063000000000000 ,364548000000000000 ,198809,197004,8,0,4,工作日,早高峰(7-9点),2015-04-27,2015年4月27日,阴 /雷阵雨,21℃ / 14℃,东南风 ≤3级 /东北风 ≤3级,阴,雷阵雨,21,14,东南风,≤3级,东北风,≤3级,day
2015-02-14 17:40:00,涴沙桥,1、追尾的,负全部责任,不负责任,1,贵FZ5204,黑,1,贵AHJ566,蓝,贵州现代驾驶培训责任有限公司,自培,2014/12/9 0:00,2005/9/1 0:00,比亚迪牌,三菱牌,366064000000000000 ,364548000000000000 ,198605,198007,17,5,2,工作日,晚高峰(17-19点),2015-02-14,2015年2月14日,阵雨 /雷阵雨,16℃ / 10℃,南风 ≤3级 /南风 ≤3级,阵雨,雷阵雨,16,10,南风,≤3级,南风,≤3级,day
2015-03-08 20:00:00,中曹司, ,负同等责任,负同等责任,0,贵FZ0100,黑,1,贵ARM414,银,消防驾校,消防驾校,2015/1/20 0:00,2011/6/13 0:00,福特牌,吉利牌,254062000000000000 ,366069000000000000 ,198212,198701,20,6,3,周末,非高峰,2015-03-08,2015年3月8日,小雨 /阴,11℃ / 6℃,东北风 ≤3级 /东北风 ≤3级,小雨,阴,11,6,东北风,≤3级,东北风,≤3级,night
2015-04-23 18:00:00,北京路,1、追尾的,负全部责任,不负责任,1,贵GAA953,银,1,贵AMJ518,红,（修文县）天行健驾驶培训有限公司,新天驾校,2015/2/9 0:00,2011/6/25 0:00,沃尔沃牌,福特牌,36606051915553454X,366046000000000000 ,198911,197512,18,3,4,工作日,晚高峰(17-19点),2015-04-23,2015年4月23日,阴 /小雨,16℃ / 10℃,东北风 ≤3级 /东北风 ≤3级,阴,小雨,16,10,东北风,≤3级,东北风,≤3级,day
2015-02-10 08:00:00,甲秀南路苗圃二号隧道,1、追尾的,负全部责任,不负责任,1,贵GBB625,白色,1,贵CFQ991,白色,-1,十一驾驶培训有限公司,-1,2013/5/28 0:00,王牌牌,长安牌,36606251875642497X,366569000000000000 ,197312,199210,8,1,2,工作日,早高峰(7-9点),2015-02-10,2015年2月10日,小雨 /小雨,6℃ / 3℃,东北风 ≤3级 /东风 ≤3级,小雨,小雨,6,3,东北风,≤3级,东风,≤3级,day
2015-03-30 10:00:00,金竹大桥,1、追尾的,负全部责任,不负责任,1,贵A2AS99,白色,1,贵GD3571,白色,-1,新天驾校,-1,2014/12/30 0:00,一汽佳星牌,东风牌,36636100000000000 ,364566000000000000 ,198402,198510,10,0,3,工作日,非高峰,2015-03-30,2015年3月30日,晴 /多云,24℃ / 17℃,南风 ≤3级 /南风 ≤3级,晴,多云,24,17,南风,≤3级,南风,≤3级,day
2015-05-11 05:35:00,西南商贸城,7、未按规定让行的 ,负全部责任,不负责任,0,湘J8PS39,黑,0,贵GD2248,黑,-1,-1,-1,-1,-1,雪铁龙,74867500000000000 ,774266000000000000 ,199205,199608,5,0,5,工作日,非高峰,2015-05-11,2015年5月11日,多云 /多云,24℃ / 13℃,东北风 ≤3级 /东北风 ≤3级,多云,多云,24,13,东北风,≤3级,东北风,≤3级,night
2015-03-11 19:10:00,花果园,7、未按规定让行的 ,负全部责任,不负责任,1,贵GA7928,黑,0,贵A6G168,黑,贵大佳德驾驶培训学校,文通驾校,2014/6/23 0:00,2012/9/17 0:00,宝来牌,福特牌,35426751865556037X,364548000000000000 ,197211,198801,19,2,3,工作日,晚高峰(17-19点),2015-03-11,2015年3月11日,阴 /小雨,8℃ / 4℃,东北风 ≤3级 /东北风 ≤3级,阴,小雨,8,4,东北风,≤3级,东北风,≤3级,day
2015-04-21 17:30:00,百花湖,8、依法应负全责的其他情形,负全部责任,不负责任,1,贵GC8153,黄,1,贵AB836E,红,（白云区）消防驾驶培训学校,贵州省长安驾驶培训学校,2008/7/8 0:00,2014/5/5 0:00,大众汽车牌,五菱牌,364596000000000000 ,366561000000000000 ,198502,196812,17,1,4,工作日,晚高峰(17-19点),2015-04-21,2015年4月21日,阴 /阵雨,17℃ / 10℃,东北风 ≤3级 /东北风 ≤3级,阴,阵雨,17,10,东北风,≤3级,东北风,≤3级,day
2015-02-08 13:00:00,小河,7、未按规定让行的 ,负全部责任,不负责任,1,贵F72972,白色,1,贵G43454,黑色,自培,时发驾校,-1,2012/4/25 0:00,吉利牌,桑塔纳,366068000000000000 ,364596000000000000 ,197205,198809,13,6,2,周末,非高峰,2015-02-08,2015年2月8日,阴 /阴,7℃ / 3℃,东北风 ≤3级 /南风 ≤3级,阴,阴,7,3,东北风,≤3级,南风,≤3级,day
2015-03-14 09:00:00,曹关收费站,1、追尾的,负全部责任,不负责任,1,贵FT3759,银,1,贵GC7508,银,黔丰驾校,-1,2014/5/22 0:00,-1,东风日产牌,大众汽车牌,364558000000000000 ,366346000000000000 ,198902,196809,9,5,3,工作日,早高峰(7-9点),2015-03-14,2015年3月14日,阴 /阴,17℃ / 12℃,南风 ≤3级 /东南风 ≤3级,阴,阴,17,12,南风,≤3级,东南风,≤3级,day
2015-03-26 15:00:00,中天花园,3、倒车的,负全部责任,不负责任,1,贵A649A8,银,0,贵GD9549,银,吉源驾校,520125,2014/12/18 0:00,2008/9/4 0:00,东风牌,松花江牌,364548000000000000 ,664547000000000000 ,199011,198506,15,3,3,工作日,非高峰,2015-03-26,2015年3月26日,阴 /阵雨,17℃ / 12℃,南风 ≤3级 /南风 ≤3级,阴,阵雨,17,12,南风,≤3级,南风,≤3级,day
2015-04-17 00:00:00,八匹马,7、未按规定让行的 ,负全部责任,不负责任,1,贵GC4219,银,1,贵GA243警,白,自培,-1,2007/11/21 0:00,-1,马自达牌,-1,36634551924943495X,366346000000000000 ,198608,197109,0,4,4,工作日,非高峰,2015-04-17,2015年4月17日,多云 /多云,28℃ / 19℃,南风 ≤3级 /南风 ≤3级,多云,多云,28,19,南风,≤3级,南风,≤3级,night
2015-04-02 08:40:00,威清路,7、未按规定让行的 ,负全部责任,不负责任,1,贵GAA731,红,1,贵AU5056,绿,-1,十一培,-1,1999/6/29 0:00,丰田牌,捷达牌,355266000000000000 ,366662000000000000 ,199105,196910,8,3,4,工作日,早高峰(7-9点),2015-04-02,2015年4月2日,多云 /多云,30℃ / 18℃,南风 ≤3级 /南风 ≤3级,多云,多云,30,18,南风,≤3级,南风,≤3级,day
2015-03-07 16:48:00,鬼黄璐,1、追尾的,负全部责任,不负责任,1,贵GC2381,银,1,贵AU4488,银,-1,十一培,-1,1993/12/23 0:00,起亚牌,捷达牌,36636400000000000 ,364548000000000000 ,197300,196507,16,5,3,工作日,非高峰,2015-03-07,2015年3月7日,阴 /小雨,10℃ / 5℃,东风 ≤3级 /东南风 ≤3级,阴,小雨,10,5,东风,≤3级,东南风,≤3级,day
2015-04-22 10:10:00,宝山北路,7、未按规定让行的 ,负全部责任,不负责任,1,贵ALV966,银,1,贵G60676,红,自培,十一培,2003/4/11 0:00,1993/4/28 0:00,比亚迪牌,解放牌,364548000000000000 ,364548000000000000 ,196205,197004,10,2,4,工作日,非高峰,2015-04-22,2015年4月22日,小雨 /小雨,15℃ / 10℃,东北风 ≤3级 /东北风 ≤3级,小雨,小雨,15,10,东北风,≤3级,东北风,≤3级,day
2015-05-12 11:45:00,黔灵山路,7、未按规定让行的 ,负全部责任,不负责任,1,贵A55V77,黑,1,贵G27959,红,自培,十一培,2001/12/31 0:00,1989/5/14 0:00,凯迪拉克,宝马,36455651235668695X,366346000000000000 ,196512,196308,11,1,5,工作日,非高峰,2015-05-12,2015年5月12日,阴 /雷阵雨,24℃ / 13℃,南风 ≤3级 /南风 ≤3级,阴,雷阵雨,24,13,南风,≤3级,南风,≤3级,day
2015-04-19 18:00:00,汤巴关,1、追尾的,负全部责任,不负责任,1,贵GA2618,白色,1,贵AU6256,白色,自培,自培,2007/5/22 0:00,2000/4/24 0:00,丰田牌,大运牌,364547000000000000 ,364547000000000000 ,197612,196611,18,6,4,周末,晚高峰(17-19点),2015-04-19,2015年4月19日,阵雨 /阵雨,22℃ / 13℃,东北风 ≤3级 /东北风 ≤3级,阵雨,阵雨,22,13,东北风,≤3级,东北风,≤3级,day
2015-02-04 09:30:00,白金大道,1、追尾的,负全部责任,不负责任,1,贵GC3491,黑,1,贵A8AS64,红,-1,自培,-1,2003/3/20 0:00,起亚牌,夏利牌,364558000000000000 ,364558000000000000 ,197001,196809,9,2,2,工作日,早高峰(7-9点),2015-02-04,2015年2月4日,小雨 /小雨,4℃ / 0℃,东北风 ≤3级 /东北风 ≤3级,小雨,小雨,4,0,东北风,≤3级,东北风,≤3级,day
2015-03-05 15:40:00,林城西路,7、未按规定让行的 ,负全部责任,不负责任,1,贵G47155,白,1,贵A1590T,白,吉源驾校,自培,2013/3/14 0:00,2002/7/12 0:00,五菱,雪佛兰牌,354048000000000000 ,36455651824159765X,198111,197609,15,3,3,工作日,非高峰,2015-03-05,2015年3月5日,小雨 /小雨,4℃ / 1℃,东北风 ≤3级 /东北风 ≤3级,小雨,小雨,4,1,东北风,≤3级,东北风,≤3级,day
2015-04-29 12:50:00,车水路,9、不符合前8款规定或者双方同时具有上述情形的,负同等责任,负同等责任,1,贵A393F9,白色,1,贵GC9083,白色,自培,自培,2003/3/4 0:00,-1,虹宇牌,飞度,364548000000000000 ,366067000000000000 ,197902,198610,12,2,4,工作日,非高峰,2015-04-29,2015年4月29日,阵雨 /阵雨,26℃ / 16℃,东北风 ≤3级 /东南风 ≤3级,阵雨,阵雨,26,16,东北风,≤3级,东南风,≤3级,day
2015-04-21 11:30:00,二铺,7、未按规定让行的 ,负全部责任,不负责任,1,贵GL4539,银,1,贵GC8155,黄,-1,贵州现代驾驶培训责任有限公司,-1,2012/5/8 0:00,航天牌,大众汽车牌,74365500000000000 ,366368000000000000 ,199309,196410,11,1,4,工作日,非高峰,2015-04-21,2015年4月21日,阴 /阵雨,17℃ / 10℃,东北风 ≤3级 /东北风 ≤3级,阴,阵雨,17,10,东北风,≤3级,东北风,≤3级,day
2015-05-09 09:30:00,沙冲路口,7、未按规定让行的 ,负全部责任,不负责任,1,贵GE8764,白色,1,贵A9BH88,白色,织金县织通驾驶培训学校,顺一驾驶培训学校,2011/11/25 0:00,2014/7/16 0:00,五菱牌,别克牌,366064000000000000 ,364547000000000000 ,199304,198005,9,5,5,工作日,早高峰(7-9点),2015-05-09,2015年5月9日,阵雨 /阵雨,23℃ / 16℃,东北风 ≤3级 /东南风 ≤3级,阵雨,阵雨,23,16,东北风,≤3级,东南风,≤3级,day
2015-02-06 20:00:00,长江路,7、未按规定让行的 ,负全部责任,不负责任,1,贵GE8764,白色,1,鄂Z6W835,白色,织金县织通驾驶培训学校,-1,2011/11/25 0:00,-1,五菱牌,\N,366064000000000000 ,65495500000000000 ,199304,198506,20,4,2,工作日,非高峰,2015-02-06,2015年2月6日,多云 /小雨,9℃ / 2℃,南风 ≤3级 /南风 ≤3级,多云,小雨,9,2,南风,≤3级,南风,≤3级,night
2015-04-23 11:40:00,都司路,1、追尾的,负全部责任,不负责任,1,鄂EHZ218,白色,1,贵GE5826,白色,-1,自培,-1,2003/11/20 0:00,马自达牌,思域牌,06439551924867565X,74365500000000000 ,198607,196311,11,3,4,工作日,非高峰,2015-04-23,2015年4月23日,阴 /小雨,16℃ / 10℃,东北风 ≤3级 /东北风 ≤3级,阴,小雨,16,10,东北风,≤3级,东北风,≤3级,day
2015-04-02 15:00:00,同仁街,3、倒车的,负全部责任,不负责任,1,贵HX4111,黑,1,贵GF7138,银,-1,蓝天驾校,-1,1998/12/31 0:00,丰田牌,丰田牌,654747000000000000 ,366368000000000000 ,197303,197712,15,3,4,工作日,非高峰,2015-04-02,2015年4月2日,多云 /多云,30℃ / 18℃,南风 ≤3级 /南风 ≤3级,多云,多云,30,18,南风,≤3级,南风,≤3级,day
2015-03-21 07:30:00,杨家山隧道,1、追尾的,负全部责任,不负责任,1,贵GF7424,白色,1,贵GL1414,白色,自培,预约考试窗口,2011/10/12 0:00,2007/5/23 0:00,大众汽车牌,谛艾仕,54766500000000000 ,364548000000000000 ,198308,198710,7,5,3,工作日,早高峰(7-9点),2015-03-21,2015年3月21日,阴 /阴,16℃ / 11℃,东北风 ≤3级 /东南风 ≤3级,阴,阴,16,11,东北风,≤3级,东南风,≤3级,day
2015-03-07 16:03:00,金珠西路,7、未按规定让行的 ,负全部责任,不负责任,1,贵GBJ523,银,1,贵BAA752,银,自培,-1,2009/9/30 0:00,-1,解放牌,红旗,366363000000000000 ,364596000000000000 ,197805,198601,16,5,3,工作日,非高峰,2015-03-07,2015年3月7日,阴 /小雨,10℃ / 5℃,东风 ≤3级 /东南风 ≤3级,阴,小雨,10,5,东风,≤3级,东南风,≤3级,day
2015-03-12 18:15:00,北京西路,9、不符合前8款规定或者双方同时具有上述情形的,负同等责任,负同等责任,1,贵GC1289,黑,1,贵GGA028,黑,自培,顺一驾驶培训学校,2004/5/21 0:00,2012/3/16 0:00,东风日产牌,东风标致牌,364548000000000000 ,36624551944248095X,198208,198006,18,3,3,工作日,晚高峰(17-19点),2015-03-12,2015年3月12日,多云 /多云,16℃ / 10℃,南风 ≤3级 /南风 ≤3级,多云,多云,16,10,南风,≤3级,南风,≤3级,day
2015-04-14 09:30:00,小车河,1、追尾的,负全部责任,不负责任,1,贵E27855,银,1,贵GH3623,银,自培,-1,2011/10/21 0:00,-1,金杯牌,五菱牌,366764000000000000 ,366346000000000000 ,198408,196811,9,1,4,工作日,早高峰(7-9点),2015-04-14,2015年4月14日,晴 /多云,22℃ / 9℃,东风 ≤3级 /东风 ≤3级,晴,多云,22,9,东风,≤3级,东风,≤3级,day
2015-02-16 13:00:00,客车站,7、未按规定让行的 ,负全部责任,不负责任,1,贵GE9585,黑,1,贵A32E31,黑,-1,十一培,-1,1997/10/23 0:00,雪佛兰牌,福克斯牌,364558000000000000 ,354660000000000000 ,199002,197612,13,0,2,工作日,非高峰,2015-02-16,2015年2月16日,阴 /阵雨,15℃ / 9℃,东北风 ≤3级 /东南风 ≤3级,阴,阵雨,15,9,东北风,≤3级,东南风,≤3级,day
2015-04-21 11:20:00,三桥,8、依法应负全责的其他情形,负全部责任,不负责任,1,贵GE9375,蓝,1,贵ASS778,红,（南明区）现代驾驶培训有限公司,自培,2009/12/21 0:00,2000/7/20 0:00,福特锐界,东风日产牌,355741000000000000 ,355469000000000000 ,199011,196810,11,1,4,工作日,非高峰,2015-04-21,2015年4月21日,阴 /阵雨,17℃ / 10℃,东北风 ≤3级 /东北风 ≤3级,阴,阵雨,17,10,东北风,≤3级,东北风,≤3级,day
2015-04-08 09:30:00,沙冲南路,3、倒车的,负全部责任,不负责任,1,川A8H2E8,白色,1,贵GGC874,白色,-1,自培,-1,2010/10/29 0:00,凯迪拉克牌,大众牌,355461000000000000 ,355461000000000000 ,198408,198410,9,2,4,工作日,早高峰(7-9点),2015-04-08,2015年4月8日,小雨 /小雨,10℃ / 6℃,东北风 ≤3级 /东北风 ≤3级,小雨,小雨,10,6,东北风,≤3级,东北风,≤3级,day
2015-04-04 10:40:00,头桥,1、追尾的,负全部责任,不负责任,0,贵GJ9386,红,1,贵A33K26,白,520132,自培,2008/10/9 0:00,2005/7/19 0:00,歌诗图牌,宝来牌,366363000000000000 ,364548000000000000 ,198507,196706,10,5,4,工作日,非高峰,2015-04-04,2015年4月4日,多云 /多云,29℃ / 18℃,南风 ≤3级 /南风 ≤3级,多云,多云,29,18,南风,≤3级,南风,≤3级,day
2015-03-21 17:55:00,贵大体育馆,9、不符合前8款规定或者双方同时具有上述情形的,负同等责任,负同等责任,1,贵GL4283,白色,1,贵AFN319,白色,贵阳万里圣驾校,自培,2014/12/15 0:00,2006/8/1 0:00,长安牌,昊锐牌,357462000000000000 ,366061000000000000 ,197210,198310,17,5,3,工作日,晚高峰(17-19点),2015-03-21,2015年3月21日,阴 /阴,16℃ / 11℃,东北风 ≤3级 /东南风 ≤3级,阴,阴,16,11,东北风,≤3级,东南风,≤3级,day
2015-04-03 15:56:00,未来方舟,8、依法应负全责的其他情形,负全部责任,不负责任,1,贵GN2128,白,1,贵ARA985,白,自培,成都乘风机动车驾驶技术培训学校,2003/1/20 0:00,2006/1/11 0:00,宝马,瑞麒牌,366367000000000000 ,364566000000000000 ,198201,198605,15,4,4,工作日,非高峰,2015-04-03,2015年4月3日,多云 /多云,30℃ / 19℃,南风 ≤3级 /南风 ≤3级,多云,多云,30,19,南风,≤3级,南风,≤3级,day
2015-04-04 09:30:00,沙冲路,9、不符合前8款规定或者双方同时具有上述情形的,负同等责任,负同等责任,1,贵AB110L,白色,1,贵GF8625,白色,（南明区）吉源驾驶培训有限公司,（南明区）吉源驾驶培训有限公司,2008/1/29 0:00,-1,观致牌,奇瑞牌,366361000000000000 ,366346000000000000 ,198809,196012,9,5,4,工作日,早高峰(7-9点),2015-04-04,2015年4月4日,多云 /多云,29℃ / 18℃,南风 ≤3级 /南风 ≤3级,多云,多云,29,18,南风,≤3级,南风,≤3级,day
2015-04-06 13:20:00,解放路,7、未按规定让行的 ,负同等责任,负同等责任,1,贵A62S83,白,1,贵GJ8948,银,蓝天驾校,蓝天驾校,2011/6/14 0:00,-1,雪佛兰牌,朗逸牌,366264000000000000 ,366346000000000000 ,198510,197807,13,0,4,工作日,非高峰,2015-04-06,2015年4月6日,阵雨 /阵雨,17℃ / 7℃,东北风 ≤3级 /东北风 ≤3级,阵雨,阵雨,17,7,东北风,≤3级,东北风,≤3级,day
2015-03-04 15:55:00,花溪,7、未按规定让行的 ,负全部责任,不负责任,1,贵A3155F,银,1,贵GM4772,白,诚信驾驶培训学校,贵大驾校,2011/12/15 0:00,2013/7/5 0:00,五菱牌,众泰牌,36455651914149698X,36455551174049685X,198909,199304,15,2,3,工作日,非高峰,2015-03-04,2015年3月4日,小雨 /小雨,6℃ / 1℃,东北风 ≤3级 /东北风 ≤3级,小雨,小雨,6,1,东北风,≤3级,东北风,≤3级,day
2015-04-14 16:30:00,碧海花园,3、倒车的,负全部责任,不负责任,0,贵GQ6698,黄,0,贵CLC867,黑,-1,-1,-1,-1,北京现代牌,东风标致牌,364547000000 ,364740000000 ,327680,27312,16,1,4,工作日,非高峰,2015-04-14,2015年4月14日,晴 /多云,22℃ / 9℃,东风 ≤3级 /东风 ≤3级,晴,多云,22,9,东风,≤3级,东风,≤3级,day
2015-03-17 08:25:00,小河,7、未按规定让行的 ,负全部责任,不负责任,1,贵GR6923,白色,1,贵A45F78,白色,-1,-1,-1,-1,江淮牌,福克斯牌,734366000000000000 ,36454700000000000 ,199105,195704,8,1,3,工作日,早高峰(7-9点),2015-03-17,2015年3月17日,多云 /多云,25℃ / 14℃,南风 ≤3级 /南风 ≤3级,多云,多云,25,14,南风,≤3级,南风,≤3级,day
2015-04-22 21:00:00,黔林山路,7、未按规定让行的 ,负全部责任,不负责任,1,贵GR7051,白,1,贵JCZ6639,白,-1,520125,-1,2010/11/26 0:00,别克牌,-1,366368000000000000 ,366370000000000000 ,198210,198405,21,2,4,工作日,非高峰,2015-04-22,2015年4月22日,小雨 /小雨,15℃ / 10℃,东北风 ≤3级 /东北风 ≤3级,小雨,小雨,15,10,东北风,≤3级,东北风,≤3级,night
2015-03-09 09:30:00,乌当,8、依法应负全责的其他情形,负全部责任,不负责任,1,贵A9879W,黑,1,贵ATW476,黑,贵州平安驾驶培训学校,预约考试窗口,2012/12/19 0:00,2007/7/10 0:00,英伦牌,速腾牌,364557000000000000 ,366066000000000000 ,199106,195605,9,0,3,工作日,早高峰(7-9点),2015-03-09,2015年3月9日,小雨 /小雨,10℃ / 5℃,东北风 ≤3级 /东北风 ≤3级,小雨,小雨,10,5,东北风,≤3级,东北风,≤3级,day
2015-05-10 14:02:00,枣山路,7、未按规定让行的 ,负全部责任,不负责任,1,贵CY9999,红,1,贵A59E44,蓝,-1,（白云区）消防驾驶培训学校,-1,1997/2/28 0:00,-1,锋范牌,54366500000000000 ,366568000000000000 ,198011,197810,14,6,5,周末,非高峰,2015-05-10,2015年5月10日,阵雨 /雷阵雨,25℃ / 14℃,南风 ≤3级 /南风 ≤3级,阵雨,雷阵雨,25,14,南风,≤3级,南风,≤3级,day
2015-03-29 23:32:00,观山湖区,8、依法应负全责的其他情形,负全部责任,不负责任,1,川J9292D,银,0,贵A5213S,黑,-1,-1,-1,-1,力帆牌,东风日产牌,355267000000000000 ,366570000000000000 ,199202,197305,23,6,3,周末,非高峰,2015-03-29,2015年3月29日,阴 /多云,18℃ / 15℃,东风 ≤3级 /南风 ≤3级,阴,多云,18,15,东风,≤3级,南风,≤3级,night
2015-03-19 15:11:00,北京西路,1、追尾的,负全部责任,不负责任,1,贵GR3340,黄,1,川A5BS84,黑,安顺市开发区千合机动车培训学校,-1,2014/11/10 0:00,-1,北京现代牌,飞度牌,366346000000000000 ,354598000000000000 ,199012,198407,15,3,3,工作日,非高峰,2015-03-19,2015年3月19日,多云 /阵雨,26℃ / 12℃,南风 ≤3级 /东北风 ≤3级,多云,阵雨,26,12,南风,≤3级,东北风,≤3级,day
2015-04-30 17:30:00,汤巴关路,1、追尾的,负全部责任,不负责任,1,贵GL3466,白,0,贵JL1266,白,（乌当区）平安驾驶培训有限公司,-1,2010/1/20 0:00,-1,五菱牌,豪江牌,784893000000000000 ,366861000000000000 ,198612,198007,17,3,4,工作日,晚高峰(17-19点),2015-04-30,2015年4月30日,阵雨 /阵雨,25℃ / 17℃,东南风 ≤3级 /东南风 ≤3级,阵雨,阵雨,25,17,东南风,≤3级,东南风,≤3级,day
2015-04-18 11:40:00,南明区,7、未按规定让行的 ,负全部责任,不负责任,1,贵GM5286,白色,1,贵A2B605,白色,自培,预约考试窗口,2005/10/31 0:00,2007/8/1 0:00,比亚迪牌,比亚迪牌,366347000000000000 ,366061000000000000 ,197410,197104,11,5,4,工作日,非高峰,2015-04-18,2015年4月18日,多云 /雷阵雨,29℃ / 16℃,南风 ≤3级 /南风 ≤3级,多云,雷阵雨,29,16,南风,≤3级,南风,≤3级,day
2015-04-04 11:00:00,四通街,8、依法应负全责的其他情形,负全部责任,不负责任,1,贵AJC916,白色,1,贵GP8245,白色,自培,-1,2002/5/9 0:00,-1,长安牌,海马牌,366068000000000000 ,356164000000000000 ,197903,197808,11,5,4,工作日,非高峰,2015-04-04,2015年4月4日,多云 /多云,29℃ / 18℃,南风 ≤3级 /南风 ≤3级,多云,多云,29,18,南风,≤3级,南风,≤3级,day
2015-02-26 11:10:00,省党校,1、追尾的,负全部责任,不负责任,1,贵A4414Y,白色,1,贵GL5352,白色,黔丰驾校,自培,2013/11/13 0:00,2004/4/16 0:00,长安牌,风神,354670000000000000 ,364548000000000000 ,197411,197210,11,3,2,工作日,非高峰,2015-02-26,2015年2月26日,阴 /小雨,12℃ / 9℃,东风 ≤3级 /南风 ≤3级,阴,小雨,12,9,东风,≤3级,南风,≤3级,day
2015-04-17 14:10:00,西南环线,7、未按规定让行的 ,负全部责任,不负责任,1,贵AN4551,白色,1,贵GL1636,白色,（南明区）金大驾驶培训有限公司,自培,2004/12/21 0:00,2004/10/27 0:00,东风标致牌,宝马牌,364547000000000000 ,355468000000000000 ,198311,196305,14,4,4,工作日,非高峰,2015-04-17,2015年4月17日,多云 /多云,28℃ / 19℃,南风 ≤3级 /南风 ≤3级,多云,多云,28,19,南风,≤3级,南风,≤3级,day
2015-04-09 18:20:00,金关,7、未按规定让行的 ,负全部责任,不负责任,1,贵GQ1891,黑,1,贵A2H589,白,-1,自培,-1,2014/1/21 0:00,五菱牌,起亚牌,366346000000000000 ,364567000000000000 ,197209,199101,18,3,4,工作日,晚高峰(17-19点),2015-04-09,2015年4月9日,阴 /小雨,11℃ / 7℃,东北风 ≤3级 /东北风 ≤3级,阴,小雨,11,7,东北风,≤3级,东北风,≤3级,day
2015-03-28 12:15:00,太慈桥,7、未按规定让行的 ,负全部责任,不负责任,1,贵AJQ637,白色,1,贵A44J54,白色,-1,-1,-1,-1,长安牌,传祺牌,355266000000000000 ,364648000000000000 ,199403,197410,12,5,3,工作日,非高峰,2015-03-28,2015年3月28日,阵雨 /雷阵雨,17℃ / 14℃,南风 ≤3级 /南风 ≤3级,阵雨,雷阵雨,17,14,南风,≤3级,南风,≤3级,day
2015-02-12 16:00:00,解放路,7、未按规定让行的 ,负全部责任,不负责任,1,贵JAN683,黑色,1,贵A8BX68,白色,-1,时发驾校,-1,2015/2/2 0:00,哈弗牌,飞度牌,356666000000000000 ,364646000000000000 ,197509,198506,16,3,2,工作日,非高峰,2015-02-12,2015年2月12日,多云 /多云,15℃ / 5℃,南风 ≤3级 /南风 ≤3级,多云,多云,15,5,南风,≤3级,南风,≤3级,day
2015-02-06 14:50:00,世纪城,4、停车时未挂低速档、未拉驻车制动，导致车辆滑行的,负全部责任,不负责任,1,贵A777A7,银,1,贵JAS273,银,-1,天行健驾校,-1,2014/4/16 0:00,江铃牌,五菱牌,36606051204240447X,354658000000000000 ,196406,196602,14,4,2,工作日,非高峰,2015-02-06,2015年2月6日,多云 /小雨,9℃ / 2℃,南风 ≤3级 /南风 ≤3级,多云,小雨,9,2,南风,≤3级,南风,≤3级,day
2015-04-12 10:00:00,八匹马,7、未按规定让行的 ,负全部责任,不负责任,1,贵A08908,黑,1,贵GR2403,黑,诚信驾驶培训学校,520133,2012/7/25 0:00,2008/9/27 0:00,昌河,五菱牌,364558000000000000 ,74365500000000000 ,195804,197403,10,6,4,周末,非高峰,2015-04-12,2015年4月12日,晴 /多云,21℃ / 7℃,东风 ≤3级 /东风 ≤3级,晴,多云,21,7,东风,≤3级,东风,≤3级,day
2015-03-09 16:35:00,高新区,1、追尾的,负全部责任,不负责任,1,贵JAL133,白,1,贵A3597B,白,（乌当区）全林驾驶培训有限公司,路路达驾校,2004/12/29 0:00,2014/9/2 0:00,翼搏牌,夏利牌,364558000000000000 ,364596000000000000 ,197410,198911,16,0,3,工作日,非高峰,2015-03-09,2015年3月9日,小雨 /小雨,10℃ / 5℃,东北风 ≤3级 /东北风 ≤3级,小雨,小雨,10,5,东北风,≤3级,东北风,≤3级,day
2015-05-29 05:30:00,会展城路口,7、未按规定让行的 ,负全部责任,不负责任,1,贵JAT634,白,1,贵GT2244,红,（云岩区）省交通职业技术驾驶培训学校,自培,2007/3/26 0:00,1994/6/15 0:00,雪佛兰牌,-1,364547000000000000 ,364547000000000000 ,196905,196502,5,4,5,工作日,非高峰,2015-05-29,2015年5月29日,阵雨 /阵雨,24℃ / 17℃,东南风 ≤3级 /东北风 ≤3级,阵雨,阵雨,24,17,东南风,≤3级,东北风,≤3级,night
2015-04-01 13:00:00,苗圃二号隧道,1、追尾的,负全部责任,不负责任,1,贵JAP451,白色,1,贵VKF914,白色,贵州现代驾驶培训责任有限公司,高新驾校,2014/8/29 0:00,2013/9/4 0:00,马自达牌,-1,364556000000000000 ,366566000000000000 ,199007,199202,13,2,4,工作日,非高峰,2015-04-01,2015年4月1日,多云 /多云,29℃ / 19℃,南风 ≤3级 /南风 ≤3级,多云,多云,29,19,南风,≤3级,南风,≤3级,day
2015-03-29 15:30:00,白云区,1、追尾的,负全部责任,不负责任,1,贵JAR888,黑,1,贵A6380W,银,-1,时法驾校,-1,2007/1/17 0:00,长城牌,中华牌,364566000000000000 ,366670000000000000 ,198404,197304,15,6,3,周末,非高峰,2015-03-29,2015年3月29日,阴 /多云,18℃ / 15℃,东风 ≤3级 /南风 ≤3级,阴,多云,18,15,东风,≤3级,南风,≤3级,day