accidenttime,accidentaddr,driver1fault,driver1responsibility,driver2responsibility,sex1,platenumber1,carcolor1,sex2,platenumber2,carcolor2,jxmc1,jxmc2,cclzrq1,cclzrq2,clpp1,clpp2,driver1license,driver2license,brith1,brith2,hour,weekday,month,is_weekday,peak_hour,date,日期,天气状况,气温,风力风向,day_wea,night_wea,day_tep,night_tep,day_wind_direction,day_wind_speed,night_wind_direction,night_wind_speed,segment
2015-02-11 16:30:00,二戈寨,8、依法应负全责的其他情形,负全部责任,不负责任,1,贵JBL734,黑色,1,贵A45973,白色,-1,520106,-1,2008/2/28 0:00,五菱牌,嘉龙牌,366875000000000000 ,364556000000000000 ,197391,198009,16,2,2,工作日,非高峰,2015-02-11,2015年2月11日,多云 /多云,11℃ / 3℃,东风 ≤3级 /东北风 ≤3级,多云,多云,11,3,东风,≤3级,东北风,≤3级,day
2015-04-30 00:00:00,黄河路,7、未按规定让行的 ,负全部责任,不负责任,1,贵JBM256,白色,1,贵A99G74,白色,-1,520106,-1,2010/2/22 0:00,凯迪拉克牌,骐达牌,366870000000000000 ,366347000000000000 ,198611,199011,0,3,4,工作日,非高峰,2015-04-30,2015年4月30日,阵雨 /阵雨,25℃ / 17℃,东南风 ≤3级 /东南风 ≤3级,阵雨,阵雨,25,17,东南风,≤3级,东南风,≤3级,night
2015-05-14 17:10:00,省五医,8、依法应负全责的其他情形,负全部责任,不负责任,1,贵JBQ778,红,1,贵A77666,黑,自培,-1,2002/7/15 0:00,-1,东风牌,捷豹 XF,366876000000000000 ,366345000000000 ,196409,670615,17,3,5,工作日,晚高峰(17-19点),2015-05-14,2015年5月14日,多云 /雷阵雨,27℃ / 20℃,东南风 ≤3级 /南风 ≤3级,多云,雷阵雨,27,20,东南风,≤3级,南风,≤3级,day
2015-04-13 13:30:00,小河,1、追尾的,负全部责任,不负责任,1,贵JBQ473,白色,1,贵GF3948,白色,时发驾校,-1,2012/11/5 0:00,-1,五菱牌,江铃牌,364551000000000000 ,364556000000000000 ,197912,198409,13,0,4,工作日,非高峰,2015-04-13,2015年4月13日,晴 /多云,23℃ / 8℃,东北风 ≤3级 /东北风 ≤3级,晴,多云,23,8,东北风,≤3级,东北风,≤3级,day
2015-04-24 15:40:00,油榨街,8、依法应负全责的其他情形,负全部责任,不负责任,1,贵JBQ473,白色,1,贵ALE733,白色,时发驾校,自培,2012/11/5 0:00,2003/9/12 0:00,五菱牌,五菱牌,364551000000000000 ,364548000000000000 ,197912,198504,15,4,4,工作日,非高峰,2015-04-24,2015年4月24日,阴 /小雨,16℃ / 11℃,东风 ≤3级 /东风 ≤3级,阴,小雨,16,11,东风,≤3级,东风,≤3级,day
2015-05-18 14:40:00,云环路,7、未按规定让行的 ,负全部责任,不负责任,1,贵ACK138,白,1,贵A8761X,黑,自培,-1,2007/12/13 0:00,-1,五菱牌,丰田牌,366046000000000000 ,354361000000000000 ,198608,198202,14,0,5,工作日,非高峰,2015-05-18,2015年5月18日,多云 /多云,25℃ / 18℃,东北风 ≤3级 /东北风 ≤3级,多云,多云,25,18,东北风,≤3级,东北风,≤3级,day
2015-04-12 12:12:00,金阳,3、倒车的,负全部责任,不负责任,1,贵A56V17,白,0,贵JAS645,白,自培,新天驾校,2001/4/30 0:00,2012/8/17 0:00,英菲尼迪,大众汽车牌,364548000000000000 ,65497500000000000 ,196105,198411,12,6,4,周末,非高峰,2015-04-12,2015年4月12日,晴 /多云,21℃ / 7℃,东风 ≤3级 /东风 ≤3级,晴,多云,21,7,东风,≤3级,东风,≤3级,day
2015-03-19 08:10:00,北京西路,9、不符合前8款规定或者双方同时具有上述情形的,负同等责任,负同等责任,1,贵AW8504,黑,1,贵JAS159,黑,自培,新天驾校,2002/10/18 0:00,-1,英伦牌,东风标致牌,36636351875468911X,366069000000000000 ,197310,198706,8,3,3,工作日,早高峰(7-9点),2015-03-19,2015年3月19日,多云 /阵雨,26℃ / 12℃,南风 ≤3级 /东北风 ≤3级,多云,阵雨,26,12,南风,≤3级,东北风,≤3级,day
2015-04-05 20:30:00,南湖路,7、未按规定让行的 ,负全部责任,不负责任,1,贵A42108,银,1,贵A95F39,白,消防驾校,自培,2012/9/24 0:00,2007/6/14 0:00,星,雷克萨斯,364558000000000000 ,366546000000000000 ,195804,197604,20,6,4,周末,非高峰,2015-04-05,2015年4月5日,阴 /阵雨,30℃ / 12℃,南风 ≤3级 /东北风 ≤3级,阴,阵雨,30,12,南风,≤3级,东北风,≤3级,night
2015-05-05 08:00:00,永乐路, ,负全部责任,不负责任,0,贵AHR195,红,0,贵A87W64,白,省交校,自培,2012/8/30 0:00,2004/10/10 0:00,沃尔沃牌,明锐牌,364558000000000000 ,366546000000000000 ,197711,198004,8,1,5,工作日,早高峰(7-9点),2015-05-05,2015年5月5日,阵雨 /阵雨,21℃ / 15℃,南风 ≤3级 /南风 ≤3级,阵雨,阵雨,21,15,南风,≤3级,南风,≤3级,day
2015-02-03 12:37:00,后巢乡,3、倒车的,负全部责任,不负责任,1,贵A088C2,白色,1,贵JAZ337,白色,贵州省长安驾驶培训学校,自培,2012/7/12 0:00,2013/6/19 0:00,福田牌,长安牌,36636051824950797X,355468000000000000 ,197608,199410,12,1,2,工作日,非高峰,2015-02-03,2015年2月3日,小雨 /小雨,6℃ / 1℃,东北风 ≤3级 /东北风 ≤3级,小雨,小雨,6,1,东北风,≤3级,东北风,≤3级,day
2015-02-15 17:30:00,浣纱桥,7、未按规定让行的 ,负全部责任,不负责任,1,贵AP6X62,黑色,1,贵JBJ821,黑色,自培,诚信驾驶培训学校,1999/6/23 0:00,2014/10/10 0:00,-1,别克牌,366864000000000000 ,364547000000000000 ,197410,198810,17,6,2,周末,晚高峰(17-19点),2015-02-15,2015年2月15日,多云 /阴,19℃ / 8℃,南风 ≤3级 /东北风 ≤3级,多云,阴,19,8,南风,≤3级,东北风,≤3级,day
2015-03-23 08:30:00,黔林山路,1、追尾的,负全部责任,不负责任,1,贵GN1528,白,1,贵JBG323,白,安顺市汽车运输公司驾驶员培训学校,蓝天驾校,-1,2011/2/17 0:00,雪佛兰牌,长安牌,366346000000000000 ,364548000000000000 ,198511,199001,8,0,3,工作日,早高峰(7-9点),2015-03-23,2015年3月23日,多云 /阴,17℃ / 9℃,东北风 ≤3级 /东北风 ≤3级,多云,阴,17,9,东北风,≤3级,东北风,≤3级,day
2015-02-16 23:10:00,东站立交桥,7、未按规定让行的 ,负全部责任,不负责任,1,贵JBC117,白色,1,贵A61L23,白色,市警校驾校,贵州省长安驾驶培训学校,2014/8/11 0:00,2012/11/5 0:00,东风牌,东风雪铁龙牌,366861000000000000 ,364558000000000000 ,198701,199209,23,0,2,工作日,非高峰,2015-02-16,2015年2月16日,阴 /阵雨,15℃ / 9℃,东北风 ≤3级 /东南风 ≤3级,阴,阵雨,15,9,东北风,≤3级,东南风,≤3级,night
2015-04-25 13:40:00,五里冲,7、未按规定让行的 ,负全部责任,不负责任,1,贵A02607,白色,1,贵JBF118,白色,自培,黔南州兴鑫驾驶员培训学校,2000/10/12 0:00,-1,华菱之星牌,北京现代牌,366347000000000000 ,366870000000000000 ,197907,198410,13,5,4,工作日,非高峰,2015-04-25,2015年4月25日,阴 /阵雨,20℃ / 11℃,东风 ≤3级 /东南风 ≤3级,阴,阵雨,20,11,东风,≤3级,东南风,≤3级,day
2015-02-02 09:14:00,北京西路,7、未按规定让行的 ,负全部责任,不负责任,1,贵ATE664,白,1,贵JBQ384,黑色,-1,消防驾校,-1,2012/8/16 0:00,江铃,福特牌,734569000000000000 ,364548000000000000 ,196703,199209,9,0,2,工作日,早高峰(7-9点),2015-02-02,2015年2月2日,阴 /小雨,7℃ / 3℃,南风 ≤3级 /东南风 ≤3级,阴,小雨,7,3,南风,≤3级,东南风,≤3级,day
2015-04-28 12:00:00,草坝路,3、倒车的,负全部责任,不负责任,0,贵JBS745,银,1,贵A689C6,红,-1,自培,-1,2011/12/15 0:00,东风牌,江铃牌,07406251924740018X,364547000000000000 ,198603,197710,12,1,4,工作日,非高峰,2015-04-28,2015年4月28日,多云 /多云,25℃ / 15℃,东北风 ≤3级 /东北风 ≤3级,多云,多云,25,15,东北风,≤3级,东北风,≤3级,day
2015-04-08 18:00:00,机场路,8、依法应负全责的其他情形,负全部责任,不负责任,1,贵JBS111,白色,1,贵A1349A,白色,-1,-1,-1,-1,丰田牌,波罗牌,06479551905452535X,366064000000000000 ,198410,198103,18,2,4,工作日,晚高峰(17-19点),2015-04-08,2015年4月8日,小雨 /小雨,10℃ / 6℃,东北风 ≤3级 /东北风 ≤3级,小雨,小雨,10,6,东北风,≤3级,东北风,≤3级,day
2015-04-02 09:30:00,五眼桥,9、不符合前8款规定或者双方同时具有上述情形的,负同等责任,负同等责任,1,贵A7800K,蓝,1,贵JBR476,白,-1,新天驾校,-1,2009/9/7 0:00,别克,北京现代牌,357475000000000000 ,64995500000000000 ,198111,198410,9,3,4,工作日,早高峰(7-9点),2015-04-02,2015年4月2日,多云 /多云,30℃ / 18℃,南风 ≤3级 /南风 ≤3级,多云,多云,30,18,南风,≤3级,南风,≤3级,day
2015-04-28 16:00:00,蔡家关,5、开关车门的,负全部责任,不负责任,1,贵BV6534,黑,1,贵JBS745,黑,天行健驾校,-1,2014/8/26 0:00,-1,中华牌,东风牌,364666000000000000 ,07406251924740016X,198309,198603,16,1,4,工作日,非高峰,2015-04-28,2015年4月28日,多云 /多云,25℃ / 15℃,东北风 ≤3级 /东北风 ≤3级,多云,多云,25,15,东北风,≤3级,东北风,≤3级,day
2015-02-09 09:50:00,甲秀南路,7、未按规定让行的 ,负全部责任,不负责任,1,贵JBQ396,白色,1,贵A6A983,白色,自培,十一培,2013/2/25 0:00,1993/9/8 0:00,宝骏牌,-1,366064000000000000 ,36455551265553425X,198708,196211,9,0,2,工作日,早高峰(7-9点),2015-02-09,2015年2月9日,阴 /小雨,6℃ / 4℃,东北风 ≤3级 /东北风 ≤3级,阴,小雨,6,4,东北风,≤3级,东北风,≤3级,day
2015-02-27 16:10:00,小河平桥,7、未按规定让行的 ,负全部责任,不负责任,0,贵JAR189,白色,1,贵HY4153,黑色,龙里县金都汽车培训学校有限公司,自培,2014/4/2 0:00,2007/12/28 0:00,中华牌,福克斯牌,366064000000000000 ,36666551874574565X,198311,197301,16,4,2,工作日,非高峰,2015-02-27,2015年2月27日,多云 /阵雨,21℃ / 5℃,南风 ≤3级 /南风 ≤3级,多云,阵雨,21,5,南风,≤3级,南风,≤3级,day
2015-02-12 08:15:00,狮子山隧道,7、未按规定让行的 ,负全部责任,不负责任,1,贵A0292W,黄,1,贵JAR497,蓝,消防驾校,自培,2012/3/27 0:00,2001/12/6 0:00,奇瑞牌,江淮牌,366364000000000000 ,366875000000000000 ,197102,196603,8,3,2,工作日,早高峰(7-9点),2015-02-12,2015年2月12日,多云 /多云,15℃ / 5℃,南风 ≤3级 /南风 ≤3级,多云,多云,15,5,南风,≤3级,南风,≤3级,day
2015-03-19 15:24:00,大营路,9、不符合前8款规定或者双方同时具有上述情形的,负同等责任,负同等责任,1,贵JBS155,白,1,贵AU8354,绿,-1,自培,-1,2005/10/20 0:00,别克牌,瑞麒牌,774797000000000000 ,364547000000000000 ,198408,197305,15,3,3,工作日,非高峰,2015-03-19,2015年3月19日,多云 /阵雨,26℃ / 12℃,南风 ≤3级 /东北风 ≤3级,多云,阵雨,26,12,南风,≤3级,东北风,≤3级,day
2015-05-18 07:20:00,三桥,7、未按规定让行的 ,负全部责任,不负责任,1,贵JBR156,白,1,贵A27H65,黑,贵阳万里圣驾校,自培,2014/11/17 0:00,2001/7/2 0:00,哈弗牌,-1,364548000000000000 ,254564000000000000 ,196501,197411,7,0,5,工作日,早高峰(7-9点),2015-05-18,2015年5月18日,多云 /多云,25℃ / 18℃,东北风 ≤3级 /东北风 ≤3级,多云,多云,25,18,东北风,≤3级,东北风,≤3级,day
2015-04-01 07:00:00,五里冲,9、不符合前8款规定或者双方同时具有上述情形的,负同等责任,负同等责任,1,贵JC2155,白色,1,贵A95731,白色,-1,自培,-1,2004/7/28 0:00,中华,豪泺牌,366870000000000000 ,366347000000000000 ,198206,198105,7,2,4,工作日,早高峰(7-9点),2015-04-01,2015年4月1日,多云 /多云,29℃ / 19℃,南风 ≤3级 /南风 ≤3级,多云,多云,29,19,南风,≤3级,南风,≤3级,day
2015-02-05 14:00:00,贵龙大道,1、追尾的,负全部责任,不负责任,1,贵JBB849,白色,1,贵AEU092,白色,自培,自培,2003/12/27 0:00,2003/12/27 0:00,丰田牌,东风雪铁龙牌,366364000000000000 ,366364000000000000 ,196603,196603,14,3,2,工作日,非高峰,2015-02-05,2015年2月5日,阴 /阴,3℃ / 0℃,东北风 ≤3级 /东北风 ≤3级,阴,阴,3,0,东北风,≤3级,东北风,≤3级,day
2015-04-25 12:49:00,乌当,8、依法应负全责的其他情形,负全部责任,不负责任,1,川EZ3658,白,1,贵JBT114,白,-1,全林驾校,-1,2015/2/10 0:00,英伦牌,哈弗牌,354366000000000000 ,366367000000000000 ,198201,197912,12,5,4,工作日,非高峰,2015-04-25,2015年4月25日,阴 /阵雨,20℃ / 11℃,东风 ≤3级 /东南风 ≤3级,阴,阵雨,20,11,东风,≤3级,东南风,≤3级,day
2015-03-15 08:00:00,观山湖区,3、倒车的,负全部责任,不负责任,1,贵A61196,银,1,贵JF0595,蓝,消防驾校,-1,2010/12/29 0:00,-1,熊猫,比亚迪牌,366346000000000000 ,366863000000000000 ,197808,198403,8,6,3,周末,早高峰(7-9点),2015-03-15,2015年3月15日,阴 /阴,18℃ / 13℃,东风 ≤3级 /南风 ≤3级,阴,阴,18,13,东风,≤3级,南风,≤3级,day
2015-04-24 16:36:00,北京西路,1、追尾的,负全部责任,不负责任,1,贵JDY618,银,1,贵AU1361,蓝,-1,520109,-1,2003/7/28 0:00,长安牌,钱江牌,74360500000000000 ,36636751974960745X,199302,198308,16,4,4,工作日,非高峰,2015-04-24,2015年4月24日,阴 /小雨,16℃ / 11℃,东风 ≤3级 /东风 ≤3级,阴,小雨,16,11,东风,≤3级,东风,≤3级,day
2015-03-30 07:30:00,白云区,8、依法应负全责的其他情形,负全部责任,不负责任,1,贵JDA925,银,1,贵A27S11,白,（南明区）阳光驾驶培训有限公司,-1,2006/5/15 0:00,-1,五菱牌,起亚牌,366868000000000000 ,36457500000000000 ,198512,977111,7,0,3,工作日,早高峰(7-9点),2015-03-30,2015年3月30日,晴 /多云,24℃ / 17℃,南风 ≤3级 /南风 ≤3级,晴,多云,24,17,南风,≤3级,南风,≤3级,day
2015-04-08 19:10:00,三桥,7、未按规定让行的 ,负全部责任,不负责任,1,贵JBT795,白,1,贵A82X78,白,天行健驾校,-1,2014/12/29 0:00,-1,启辰牌,金旅牌,364548000000000000 ,346557000000000000 ,197509,198605,19,2,4,工作日,晚高峰(17-19点),2015-04-08,2015年4月8日,小雨 /小雨,10℃ / 6℃,东北风 ≤3级 /东北风 ≤3级,小雨,小雨,10,6,东北风,≤3级,东北风,≤3级,day
2015-04-14 13:30:00,五眼桥,7、未按规定让行的 ,负全部责任,不负责任,1,贵AA781W,白色,1,贵JJ8163,白色,（南明区）铁二局驾驶培训有限公司,贵州现代驾驶培训责任有限公司,2008/12/25 0:00,2012/11/20 0:00,航天牌,雅阁牌,366067000000000000 ,74167500000000000 ,198711,198105,13,1,4,工作日,非高峰,2015-04-14,2015年4月14日,晴 /多云,22℃ / 9℃,东风 ≤3级 /东风 ≤3级,晴,多云,22,9,东风,≤3级,东风,≤3级,day
2015-04-12 17:10:00,小河,9、不符合前8款规定或者双方同时具有上述情形的,负同等责任,负同等责任,1,贵JQ2768,白色,1,贵AB901J,白色,-1,顺一驾驶培训学校,-1,2014/4/30 0:00,长安牌,长安牌,366067000000000000 ,364551000000000000 ,198509,198812,17,6,4,周末,晚高峰(17-19点),2015-04-12,2015年4月12日,晴 /多云,21℃ / 7℃,东风 ≤3级 /东风 ≤3级,晴,多云,21,7,东风,≤3级,东风,≤3级,day
2015-04-21 10:00:00,苗圃,1、追尾的,负全部责任,不负责任,1,贵AEJ985,黄,1,贵CNN998,银,（花溪区）贵州大学驾驶培训有限公司,-1,2006/5/16 0:00,-1,北京现代牌,五菱牌,366569000000000000 ,366563000000000000 ,197506,197909,10,1,4,工作日,非高峰,2015-04-21,2015年4月21日,阴 /阵雨,17℃ / 10℃,东北风 ≤3级 /东北风 ≤3级,阴,阵雨,17,10,东北风,≤3级,东北风,≤3级,day
2015-04-12 17:14:00,花溪,1、追尾的,负全部责任,不负责任,1,贵A48J32,黑,1,贵CNV648,银,自培,遵义驾校,2002/11/9 0:00,-1,奥迪牌,北京现代牌,366864000000000000 ,366567000000000000 ,197011,198211,17,6,4,周末,晚高峰(17-19点),2015-04-12,2015年4月12日,晴 /多云,21℃ / 7℃,东风 ≤3级 /东风 ≤3级,晴,多云,21,7,东风,≤3级,东风,≤3级,day
2015-05-18 10:00:00,都司路,9、不符合前8款规定或者双方同时具有上述情形的,负全部责任,不负责任,1,鄂C29479,黄,1,贵CNW101,白,-1,预约考试窗口,-1,2007/2/13 0:00,-1,大众汽车牌,736297000000000000 ,36666051965645495X,197209,198212,10,0,5,工作日,非高峰,2015-05-18,2015年5月18日,多云 /多云,25℃ / 18℃,东北风 ≤3级 /东北风 ≤3级,多云,多云,25,18,东北风,≤3级,东北风,≤3级,day
2015-04-10 17:40:00,文昌北路,1、追尾的,负全部责任,不负责任,0,贵CPV296,银,1,贵AF1197,银,-1,时发,-1,2004/12/27 0:00,丰田牌,丰田威驰,366546000000000000 ,364547000000000000 ,196101,197906,17,4,4,工作日,晚高峰(17-19点),2015-04-10,2015年4月10日,小雨 /小雨,12℃ / 8℃,东北风 ≤3级 /东北风 ≤3级,小雨,小雨,12,8,东北风,≤3级,东北风,≤3级,day
2015-04-10 17:58:00,宅吉路,3、倒车的,负全部责任,不负责任,1,贵JE5944,银,1,贵A4596M,银,自培,十一培,2001/12/5 0:00,1999/8/28 0:00,风朗,东风雪铁龙牌,366869000000000000 ,364548000000000000 ,197008,198104,17,4,4,工作日,晚高峰(17-19点),2015-04-10,2015年4月10日,小雨 /小雨,12℃ / 8℃,东北风 ≤3级 /东北风 ≤3级,小雨,小雨,12,8,东北风,≤3级,东北风,≤3级,day
2015-03-28 18:00:00,新添大道,1、追尾的,负同等责任,负同等责任,1,贵AU6947,绿,1,贵JBW975,银,-1,自培,-1,2006/6/9 0:00,捷达牌,五菱牌,366868000000000000 ,364547000000000000 ,197408,197602,18,5,3,工作日,晚高峰(17-19点),2015-03-28,2015年3月28日,阵雨 /雷阵雨,17℃ / 14℃,南风 ≤3级 /南风 ≤3级,阵雨,雷阵雨,17,14,南风,≤3级,南风,≤3级,day
2015-04-21 10:00:00,观山东路,1、追尾的,负全部责任,不负责任,1,贵JK0036,白,1,贵AH1972,白,自培,自培,2013/12/30 0:00,2008/9/12 0:00,福克斯牌,飞肯牌,366868000000000000 ,364548000000000000 ,198612,198205,10,1,4,工作日,非高峰,2015-04-21,2015年4月21日,阴 /阵雨,17℃ / 10℃,东北风 ≤3级 /东北风 ≤3级,阴,阵雨,17,10,东北风,≤3级,东北风,≤3级,day
2015-04-21 09:00:00,皂角井,8、依法应负全责的其他情形,负全部责任,不负责任,1,贵F47994,白色,1,贵A6AX49,白色,-1,自培,-1,2012/3/1 0:00,桑塔纳,吉利美日牌,366046000000000000 ,364556000000000000 ,197312,197009,9,1,4,工作日,早高峰(7-9点),2015-04-21,2015年4月21日,阴 /阵雨,17℃ / 10℃,东北风 ≤3级 /东北风 ≤3级,阴,阵雨,17,10,东北风,≤3级,东北风,≤3级,day
2015-02-06 06:30:00,世纪城,7、未按规定让行的 ,负全部责任,不负责任,1,贵CQ0142,银,1,贵A7C926,白,-1,贵州晨运驾驶培训学校,-1,2010/6/2 0:00,比亚迪牌,哈弗牌,366562000000000000 ,364548000000000000 ,198202,198908,6,4,2,工作日,非高峰,2015-02-06,2015年2月6日,多云 /小雨,9℃ / 2℃,南风 ≤3级 /南风 ≤3级,多云,小雨,9,2,南风,≤3级,南风,≤3级,day
2015-04-17 17:30:00,北二环,1、追尾的,负全部责任,不负责任,1,贵EN6392,白色,1,贵A243A2,白色,时发驾校,-1,2010/12/16 0:00,-1,东风雪铁龙牌,江铃牌,354766000000000000 ,73459551834245435X,198901,197506,17,4,4,工作日,晚高峰(17-19点),2015-04-17,2015年4月17日,多云 /多云,28℃ / 19℃,南风 ≤3级 /南风 ≤3级,多云,多云,28,19,南风,≤3级,南风,≤3级,day
2015-03-28 00:00:00,贵惠大道,9、不符合前8款规定或者双方同时具有上述情形的,负同等责任,负同等责任,1,贵A77G39,白色,1,贵FA8258,白色,吉源驾校（南明区）,-1,2006/1/12 0:00,-1,长安牌,吉利美日牌,364567000000000000 ,36606651814158406X,198605,197909,0,5,3,工作日,非高峰,2015-03-28,2015年3月28日,阵雨 /雷阵雨,17℃ / 14℃,南风 ≤3级 /南风 ≤3级,阵雨,雷阵雨,17,14,南风,≤3级,南风,≤3级,night
2015-03-24 10:50:00,五里冲,7、未按规定让行的 ,负全部责任,不负责任,1,贵GL9625,白,1,贵F50363,黑,（乌当区）新天驾驶培训有限公司,-1,2005/8/24 0:00,-1,福克斯牌,五菱牌,366067000000000000 ,366063000000000000 ,198103,198203,10,1,3,工作日,非高峰,2015-03-24,2015年3月24日,小雨 /阵雨,13℃ / 7℃,东北风 ≤3级 /东北风 ≤3级,小雨,阵雨,13,7,东北风,≤3级,东北风,≤3级,day
2015-04-10 14:50:00,大南门,9、不符合前8款规定或者双方同时具有上述情形的,负同等责任,负同等责任,1,贵FJ8129,白色,1,贵A3AY49,白色,-1,铁二局驾校,-1,2014/12/23 0:00,丰田牌,福克斯牌,366067000000000000 ,356746000000000000 ,196307,197310,14,4,4,工作日,非高峰,2015-04-10,2015年4月10日,小雨 /小雨,12℃ / 8℃,东北风 ≤3级 /东北风 ≤3级,小雨,小雨,12,8,东北风,≤3级,东北风,≤3级,day
2015-03-25 15:20:00,甘平路,7、未按规定让行的 ,负全部责任,不负责任,1,贵FJ9414,白色,1,贵AJN935,白色,-1,铁二局驾校,-1,2010/4/30 0:00,江铃牌,奇瑞牌,355566000000000000 ,366061000000000000 ,195902,197911,15,2,3,工作日,非高峰,2015-03-25,2015年3月25日,阴 /阵雨,14℃ / 9℃,东北风 ≤3级 /东北风 ≤3级,阴,阵雨,14,9,东北风,≤3级,东北风,≤3级,day
2015-03-19 22:30:00,金园路,1、追尾的,负全部责任,不负责任,1,贵AU3237,蓝,1,贵FN9251,白,-1,-1,-1,-1,钱江牌,比亚迪牌,36455800000000000 ,364068000000000000 ,195031,197508,22,3,3,工作日,非高峰,2015-03-19,2015年3月19日,多云 /阵雨,26℃ / 12℃,南风 ≤3级 /东北风 ≤3级,多云,阵雨,26,12,南风,≤3级,东北风,≤3级,night
2015-03-29 22:12:00,金狮小区,8、依法应负全责的其他情形,负全部责任,不负责任,1,贵ET8896,白,1,贵AHQ508,银,省交校,十一培,2014/6/5 0:00,1998/7/13 0:00,东风标致牌,别克牌,366561000000000000 ,364547000000000000 ,198209,196106,22,6,3,周末,非高峰,2015-03-29,2015年3月29日,阴 /多云,18℃ / 15℃,东风 ≤3级 /南风 ≤3级,阴,多云,18,15,东风,≤3级,南风,≤3级,night
2015-04-27 04:37:00,省水利厅门口,8、依法应负全责的其他情形,负全部责任,不负责任,1,贵JW3656,白色,1,粤B959J3,白色,（观山湖区）蓝天驾驶培训有限公司,自培,2007/6/7 0:00,2006/7/26 0:00,酷威,宝马,366868000000000000 ,366664000000000000 ,198009,197505,4,0,4,工作日,非高峰,2015-04-27,2015年4月27日,阴 /雷阵雨,21℃ / 14℃,东南风 ≤3级 /东北风 ≤3级,阴,雷阵雨,21,14,东南风,≤3级,东北风,≤3级,night
2015-05-07 22:35:00,花溪,1、追尾的,负全部责任,不负责任,1,贵JX2977,白色,1,贵AU3106,白色,瓮安县鑫源驾驶培训学校,自培,2011/6/13 0:00,2006/1/26 0:00,荣威牌,豪爵牌,366864000000000000 ,354664000000000000 ,199005,196912,22,3,5,工作日,非高峰,2015-05-07,2015年5月7日,阵雨 /雷阵雨,23℃ / 17℃,东南风 ≤3级 /东南风 ≤3级,阵雨,雷阵雨,23,17,东南风,≤3级,东南风,≤3级,night
2015-02-04 02:30:00,金阳医院,1、追尾的,负全部责任,不负责任,0,贵F71168,银,1,贵GP9720,白,消防驾校,自培,2010/5/19 0:00,2006/9/14 0:00,蒙迪欧牌,夏利牌,366068000000000000 ,364548000000000000 ,197112,195607,2,2,2,工作日,非高峰,2015-02-04,2015年2月4日,小雨 /小雨,4℃ / 0℃,东北风 ≤3级 /东北风 ≤3级,小雨,小雨,4,0,东北风,≤3级,东北风,≤3级,night
2015-04-11 11:35:00,三桥,7、未按规定让行的 ,负全部责任,不负责任,1,贵EX5348,银,1,贵FJ1236,黄,安顺市张坪驾驶技术培训学校有限公司,铁二局驾校,-1,2012/10/22 0:00,东风牌,雪佛兰牌,366346000000000000 ,366064000000000000 ,199003,198304,11,5,4,工作日,非高峰,2015-04-11,2015年4月11日,多云 /多云,15℃ / 9℃,东北风 ≤3级 /东风 ≤3级,多云,多云,15,9,东北风,≤3级,东风,≤3级,day
2015-04-06 21:28:00,二浦,8、依法应负全责的其他情形,负全部责任,不负责任,1,贵A89G6,黄,1,贵FJ1961,银,贵州省铜南汽车驾驶培训有限公司,长运驾校,-1,2011/7/15 0:00,-1,荣威牌,366664000000000000 ,366064000000000000 ,199105,198306,21,0,4,工作日,非高峰,2015-04-06,2015年4月6日,阵雨 /阵雨,17℃ / 7℃,东北风 ≤3级 /东北风 ≤3级,阵雨,阵雨,17,7,东北风,≤3级,东北风,≤3级,night
2015-04-08 10:12:00,金钟桥,7、未按规定让行的 ,负全部责任,不负责任,1,贵FAU766,银,1,贵ADE639,红,织金县织通驾驶培训学校,预约考试窗口,-1,2007/4/18 0:00,马自达牌,江淮牌,366064000000000000 ,366367000000000000 ,198204,198409,10,2,4,工作日,非高峰,2015-04-08,2015年4月8日,小雨 /小雨,10℃ / 6℃,东北风 ≤3级 /东北风 ≤3级,小雨,小雨,10,6,东北风,≤3级,东北风,≤3级,day
2015-03-25 15:49:00,黑马市场,8、依法应负全责的其他情形,负全部责任,不负责任,1,贵FH1684,白色,1,贵A48N81,黑色,毕节地区金春汽车驾驶培训学校,-1,2010/7/23 0:00,-1,江淮牌,骐达牌,366061000000000000 ,36454800000000000 ,198701,195909,15,2,3,工作日,非高峰,2015-03-25,2015年3月25日,阴 /阵雨,14℃ / 9℃,东北风 ≤3级 /东北风 ≤3级,阴,阵雨,14,9,东北风,≤3级,东北风,≤3级,day
2015-04-14 07:20:00,长江路,7、未按规定让行的 ,负全部责任,不负责任,1,贵F05299,白色,1,贵FL4979,白色,黔东南州吉祥机动车驾驶培训学校,-1,2011/12/14 0:00,-1,佳美,英伦牌,366268000000000000 ,366061000000000000 ,198606,197085,7,1,4,工作日,早高峰(7-9点),2015-04-14,2015年4月14日,晴 /多云,22℃ / 9℃,东风 ≤3级 /东风 ≤3级,晴,多云,22,9,东风,≤3级,东风,≤3级,day
2015-03-28 10:35:00,西南环线,7、未按规定让行的 ,负全部责任,不负责任,1,鄂FBX466,白色,1,贵FL2791,黑色,-1,-1,-1,-1,猎豹牌,大众牌,334556000000000000 ,366067000000000000 ,199308,198801,10,5,3,工作日,非高峰,2015-03-28,2015年3月28日,阵雨 /雷阵雨,17℃ / 14℃,南风 ≤3级 /南风 ≤3级,阵雨,雷阵雨,17,14,南风,≤3级,南风,≤3级,day