accidenttime,accidentaddr,driver1fault,driver1responsibility,driver2responsibility,sex1,platenumber1,carcolor1,sex2,platenumber2,carcolor2,jxmc1,jxmc2,cclzrq1,cclzrq2,clpp1,clpp2,driver1license,driver2license,brith1,brith2,hour,weekday,month,is_weekday,peak_hour,date,日期,天气状况,气温,风力风向,day_wea,night_wea,day_tep,night_tep,day_wind_direction,day_wind_speed,night_wind_direction,night_wind_speed,segment
2015-04-19 14:59:00,诚信南路,8、依法应负全责的其他情形,负全部责任,不负责任,0,贵FA8663,银,1,贵FE0525,银,消防驾校,-1,2011/6/11 0:00,-1,长安牌,大江牌,366664000000000000 ,344798000000000000 ,197712,198508,14,6,4,周末,非高峰,2015-04-19,2015年4月19日,阵雨 /阵雨,22℃ / 13℃,东北风 ≤3级 /东北风 ≤3级,阵雨,阵雨,22,13,东北风,≤3级,东北风,≤3级,day
2015-03-31 21:00:00,沙冲路,7、未按规定让行的 ,负全部责任,不负责任,1,贵GT7803,白色,1,贵FQ0209,白色,-1,全林驾校,-1,2014/5/23 0:00,东风标致牌,大众牌,676867000000000000 ,36606351974652258X,198710,198302,21,1,3,工作日,非高峰,2015-03-31,2015年3月31日,多云 /多云,28℃ / 19℃,南风 ≤3级 /南风 ≤3级,多云,多云,28,19,南风,≤3级,南风,≤3级,night
2015-02-05 19:35:00,黔林山路,9、不符合前8款规定或者双方同时具有上述情形的,负同等责任,负同等责任,1,贵ABP72N,黑,1,贵CBN979,黑,-1,鑫鑫驾校,-1,2010/2/20 0:00,-1,辉翼,366563000000000000 ,364558000000000000 ,196806,197712,19,3,2,工作日,晚高峰(17-19点),2015-02-05,2015年2月5日,阴 /阴,3℃ / 0℃,东北风 ≤3级 /东北风 ≤3级,阴,阴,3,0,东北风,≤3级,东北风,≤3级,day
2015-04-18 09:10:00,花二道,1、追尾的,负全部责任,不负责任,1,贵FQ2642,白色,1,贵CBQ395,白色,（乌当区）新天驾驶培训有限公司,-1,2006/4/25 0:00,-1,长安牌,雪佛兰牌,726646000000000000 ,36455600000000000 ,196609,197110,9,5,4,工作日,早高峰(7-9点),2015-04-18,2015年4月18日,多云 /雷阵雨,29℃ / 16℃,南风 ≤3级 /南风 ≤3级,多云,雷阵雨,29,16,南风,≤3级,南风,≤3级,day
2015-04-29 09:00:00,乌当,9、不符合前8款规定或者双方同时具有上述情形的,负同等责任,负同等责任,1,贵FP5421,白,1,贵A567D5,绿,自培,-1,2014/5/15 0:00,-1,三菱牌,奥铃牌,366067000000000000 ,74965500000000000 ,199106,197208,9,2,4,工作日,早高峰(7-9点),2015-04-29,2015年4月29日,阵雨 /阵雨,26℃ / 16℃,东北风 ≤3级 /东南风 ≤3级,阵雨,阵雨,26,16,东北风,≤3级,东南风,≤3级,day
2015-03-02 16:30:00,莆田,7、未按规定让行的 ,负全部责任,不负责任,1,贵FS7620,白,1,贵GR7088,黑,毕节地区宏强汽车(摩托车)驾驶培训学校,蓝天驾校,-1,2014/2/21 0:00,吉奥牌,起亚牌,366064000000000000 ,355464000000000000 ,197407,198603,16,0,3,工作日,非高峰,2015-03-02,2015年3月2日,阴 /小雨,9℃ / 2℃,东北风 ≤3级 /东北风 ≤3级,阴,小雨,9,2,东北风,≤3级,东北风,≤3级,day
2015-03-20 20:20:00,乌当,1、追尾的,负全部责任,不负责任,1,贵FP1857,红,1,贵A43K94,银,全林驾校,520107,2011/10/25 0:00,2008/1/28 0:00,东风雪铁龙牌,三菱牌,366061000000000000 ,36455651914143553X,198111,198909,20,4,3,工作日,非高峰,2015-03-20,2015年3月20日,阴 /阵雨,14℃ / 10℃,东北风 ≤3级 /东北风 ≤3级,阴,阵雨,14,10,东北风,≤3级,东北风,≤3级,night
2015-03-06 15:08:00,高新区,7、未按规定让行的 ,负全部责任,不负责任,1,贵A57734V,黑,1,贵FS4160,红,长运驾校,文通驾校,2014/9/23 0:00,2010/12/17 0:00,-1,比亚迪牌,366068000000000000 ,364558000000000000 ,199512,198110,15,4,3,工作日,非高峰,2015-03-06,2015年3月6日,小雨 /小雨,5℃ / 3℃,东北风 ≤3级 /东北风 ≤3级,小雨,小雨,5,3,东北风,≤3级,东北风,≤3级,day
2015-03-15 15:15:00,黔林山路,7、未按规定让行的 ,负全部责任,不负责任,1,贵FP1824,银,1,贵A565C6,蓝,文通驾校,铁二局驾校,2012/5/29 0:00,2015/1/9 0:00,长安牌,江铃,366061000000000000 ,36454751874656726X,198205,197302,15,6,3,周末,非高峰,2015-03-15,2015年3月15日,阴 /阴,18℃ / 13℃,东风 ≤3级 /南风 ≤3级,阴,阴,18,13,东风,≤3级,南风,≤3级,day
2015-04-27 15:15:00,金苏大道,1、追尾的,负全部责任,不负责任,1,贵ACZ236,蓝,1,贵FJ7030,黑,自培,景宏驾校,2004/5/18 0:00,2002/4/30 0:00,雪佛兰牌,东南牌,36454751234346445X,364558000000000000 ,196505,196508,15,0,4,工作日,非高峰,2015-04-27,2015年4月27日,阴 /雷阵雨,21℃ / 14℃,东南风 ≤3级 /东北风 ≤3级,阴,雷阵雨,21,14,东南风,≤3级,东北风,≤3级,day
2015-02-28 09:30:00,富水北路,1、追尾的,负全部责任,不负责任,1,贵FE1782,白色,1,贵AU0363,白色,大方大山汽车驾驶培训学校,十一培,2010/11/22 0:00,1980/11/5 0:00,北京现代牌,气派牌,36606651154156067X,364547000000000000 ,199109,196005,9,5,2,工作日,早高峰(7-9点),2015-02-28,2015年2月28日,小雨 /小雨,8℃ / 4℃,东北风 ≤3级 /东北风 ≤3级,小雨,小雨,8,4,东北风,≤3级,东北风,≤3级,day
2015-03-20 20:10:00,长坡路,1、追尾的,负全部责任,不负责任,1,贵GP7251,黑,1,贵FL1738,黑,（南明区）市交通职业技术驾驶培训学校,自培,2006/9/26 0:00,2014/5/14 0:00,丰田牌,大众汽车牌,364557000000000000 ,366046000000000000 ,198111,197304,20,4,3,工作日,非高峰,2015-03-20,2015年3月20日,阴 /阵雨,14℃ / 10℃,东北风 ≤3级 /东北风 ≤3级,阴,阵雨,14,10,东北风,≤3级,东北风,≤3级,night
2015-04-16 15:20:00,黔灵山路,7、未按规定让行的 ,负全部责任,不负责任,0,贵CB7683,银,1,贵A4CA01,蓝,-1,自培,-1,2003/6/27 0:00,朗逸牌,梅赛德斯—奔驰,354167000000000000 ,364548000000000000 ,198707,198405,15,3,4,工作日,非高峰,2015-04-16,2015年4月16日,多云 /多云,29℃ / 17℃,南风 ≤3级 /南风 ≤3级,多云,多云,29,17,南风,≤3级,南风,≤3级,day
2015-02-20 08:20:00,小河转盘,9、不符合前8款规定或者双方同时具有上述情形的,负同等责任,负同等责任,1,贵FP5314,白色,1,贵GNG182,白色,（花溪区）仁武驾驶培训有限公司,（花溪区）仁武驾驶培训有限公司,2005/10/28 0:00,2013/9/29 0:00,五菱牌,-1,366067000000000000 ,366346000000000000 ,197309,197403,8,4,2,工作日,早高峰(7-9点),2015-02-20,2015年2月20日,多云 /雷阵雨,23℃ / 11℃,南风 ≤3级 /东北风 ≤3级,多云,雷阵雨,23,11,南风,≤3级,东北风,≤3级,day
2015-03-21 17:20:00,百花大道,9、不符合前8款规定或者双方同时具有上述情形的,负同等责任,负同等责任,1,贵CC3987,红,1,贵A43N22,黄,-1,消防驾校,-1,2001/1/29 0:00,长安牌,大众牌,36606700000000000 ,364557000000000000 ,197208,198212,17,5,3,工作日,晚高峰(17-19点),2015-03-21,2015年3月21日,阴 /阴,16℃ / 11℃,东北风 ≤3级 /东南风 ≤3级,阴,阴,16,11,东北风,≤3级,东南风,≤3级,day
2015-03-27 08:00:00,南二环,1、追尾的,负全部责任,不负责任,1,贵CFD225,白色,1,贵ANY537,白色,黔南州华晟驾驶培训学校,-1,2012/3/13 0:00,-1,起亚牌,五菱牌,364567000000000000 ,364545000000 ,198612,360802,8,4,3,工作日,早高峰(7-9点),2015-03-27,2015年3月27日,阵雨 /阵雨,18℃ / 13℃,南风 ≤3级 /南风 ≤3级,阵雨,阵雨,18,13,南风,≤3级,南风,≤3级,day
2015-03-31 17:00:00,花溪大水沟,3、倒车的,负全部责任,不负责任,1,贵CHK228,白色,1,贵A671F1,白色,新华驾校,-1,2014/4/15 0:00,-1,凌派牌,江铃牌,50627251974054596X,74360500000000000 ,198304,198005,17,1,3,工作日,晚高峰(17-19点),2015-03-31,2015年3月31日,多云 /多云,28℃ / 19℃,南风 ≤3级 /南风 ≤3级,多云,多云,28,19,南风,≤3级,南风,≤3级,day
2015-03-08 14:20:00,贵阳西站,9、不符合前8款规定或者双方同时具有上述情形的,负同等责任,负同等责任,1,贵A8903S,银,1,贵CBE552,黑,-1,铜仁地区石阡启灵驾校,-1,-1,长城牌,大众汽车牌,366067000000000000 ,366661000000000000 ,197612,197410,14,6,3,周末,非高峰,2015-03-08,2015年3月8日,小雨 /阴,11℃ / 6℃,东北风 ≤3级 /东北风 ≤3级,小雨,阴,11,6,东北风,≤3级,东北风,≤3级,day
2015-03-05 09:03:00,南明区,7、未按规定让行的 ,负全部责任,不负责任,1,贵CGT204,红,1,贵AU6976,绿,-1,其他,-1,-1,广汽菲亚特牌,万达牌,3665655114564325X,36656951885659735X,199012,197712,9,3,3,工作日,早高峰(7-9点),2015-03-05,2015年3月5日,小雨 /小雨,4℃ / 1℃,东北风 ≤3级 /东北风 ≤3级,小雨,小雨,4,1,东北风,≤3级,东北风,≤3级,day
2015-03-07 10:30:00,小河,7、未按规定让行的 ,负全部责任,不负责任,1,贵AGH655,白色,1,贵CFD225,白色,贵州现代驾驶培训责任有限公司,鑫鑫驾校,2011/6/29 0:00,2012/3/13 0:00,比亚迪牌,起亚牌,364547000000000000 ,364567000000000000 ,199201,198612,10,5,3,工作日,非高峰,2015-03-07,2015年3月7日,阴 /小雨,10℃ / 5℃,东风 ≤3级 /东南风 ≤3级,阴,小雨,10,5,东风,≤3级,东南风,≤3级,day
2015-04-04 05:00:00,营盘路,1、追尾的,负全部责任,不负责任,1,贵CF6315,白色,1,贵AM9332,白色,顺一驾驶培训学校,-1,2014/4/30 0:00,-1,福田牌,金典牌,356166000000000000 ,366663000000000000 ,197001,197212,5,5,4,工作日,非高峰,2015-04-04,2015年4月4日,多云 /多云,29℃ / 18℃,南风 ≤3级 /南风 ≤3级,多云,多云,29,18,南风,≤3级,南风,≤3级,night
2015-04-01 11:00:00,黄河路,7、未按规定让行的 ,负全部责任,不负责任,1,贵AR5383,白色,1,贵CCF124,白色,自培,-1,2012/6/8 0:00,-1,长洪牌,通家福牌,366066000000000000 ,366567000000000000 ,197109,198204,11,2,4,工作日,非高峰,2015-04-01,2015年4月1日,多云 /多云,29℃ / 19℃,南风 ≤3级 /南风 ≤3级,多云,多云,29,19,南风,≤3级,南风,≤3级,day
2015-04-21 14:10:00,三桥,9、不符合前8款规定或者双方同时具有上述情形的,负同等责任,负同等责任,1,贵CHT461,银,1,贵AGM348,银,-1,-1,-1,-1,北京现代牌,欧蓝德牌,366064000000000000 ,4562520000000000 ,199203,197009,14,1,4,工作日,非高峰,2015-04-21,2015年4月21日,阴 /阵雨,17℃ / 10℃,东北风 ≤3级 /东北风 ≤3级,阴,阵雨,17,10,东北风,≤3级,东北风,≤3级,day
2015-03-29 12:30:00,世纪城,7、未按规定让行的 ,负全部责任,不负责任,1,贵A6768V,银,1,贵CHT461,银,-1,-1,-1,-1,长安牌,北京现代牌,356767000000000000 ,366064000000000000 ,197404,199203,12,6,3,周末,非高峰,2015-03-29,2015年3月29日,阴 /多云,18℃ / 15℃,东风 ≤3级 /南风 ≤3级,阴,多云,18,15,东风,≤3级,南风,≤3级,day
2015-03-21 17:50:00,百花大道,9、不符合前8款规定或者双方同时具有上述情形的,负同等责任,负同等责任,1,贵A43N22,黄,1,贵CC3987,红,自培,-1,2001/1/29 0:00,-1,大众牌,长安牌,364557000000000000 ,366067000000000000 ,198212,197208,17,5,3,工作日,晚高峰(17-19点),2015-03-21,2015年3月21日,阴 /阴,16℃ / 11℃,东北风 ≤3级 /东南风 ≤3级,阴,阴,16,11,东北风,≤3级,东南风,≤3级,day
2015-03-20 16:00:00,小河新村,8、依法应负全责的其他情形,负全部责任,不负责任,1,贵CDL874,白色,1,贵JD4215,黑色,自培,-1,2000/8/15 0:00,-1,夏利牌,东风牌,364557000000000000 ,354364000000000000 ,197901,198811,16,4,3,工作日,非高峰,2015-03-20,2015年3月20日,阴 /阵雨,14℃ / 10℃,东北风 ≤3级 /东北风 ≤3级,阴,阵雨,14,10,东北风,≤3级,东北风,≤3级,day
2015-03-26 16:00:00,长江路,8、依法应负全责的其他情形,负全部责任,不负责任,1,贵A6A536,白色,1,贵CDC581,白色,自培,-1,2005/9/2 0:00,-1,-1,比亚迪牌,355266000000000000 ,366568000000000000 ,198608,198608,16,3,3,工作日,非高峰,2015-03-26,2015年3月26日,阴 /阵雨,17℃ / 12℃,南风 ≤3级 /南风 ≤3级,阴,阵雨,17,12,南风,≤3级,南风,≤3级,day
2015-04-21 14:00:00,小河清水江路,1、追尾的,负全部责任,不负责任,1,贵A75H21,白色,1,贵CDE487,白色,自培,凤冈阳光驾驶员培训有限责任公司,2003/3/23 0:00,2007/2/28 0:00,荣威牌,东风牌,364547000000000000 ,364548000000000000 ,197502,198412,14,1,4,工作日,非高峰,2015-04-21,2015年4月21日,阴 /阵雨,17℃ / 10℃,东北风 ≤3级 /东北风 ≤3级,阴,阵雨,17,10,东北风,≤3级,东北风,≤3级,day
2015-04-14 14:40:00,东山,1、追尾的,负全部责任,不负责任,1,贵CFX378,银,1,贵JED494,银,-1,自培,-1,2005/4/29 0:00,英伦牌,谛艾仕牌,365746000000000000 ,364548000000000000 ,198003,195912,14,1,4,工作日,非高峰,2015-04-14,2015年4月14日,晴 /多云,22℃ / 9℃,东风 ≤3级 /东风 ≤3级,晴,多云,22,9,东风,≤3级,东风,≤3级,day
2015-04-01 11:30:00,白云区,8、依法应负全责的其他情形,负全部责任,不负责任,0,赣D7429,黑,1,贵CDE871,白,-1,自培,-1,2004/1/9 0:00,\N,东风日产牌,724547000000000000 ,56846500000000000 ,198206,196901,11,2,4,工作日,非高峰,2015-04-01,2015年4月1日,多云 /多云,29℃ / 19℃,南风 ≤3级 /南风 ≤3级,多云,多云,29,19,南风,≤3级,南风,≤3级,day
2015-05-15 10:00:00,贵黄公路,7、未按规定让行的 ,负全部责任,不负责任,1,贵A859A2,白色,1,贵CJ3656,白色,-1,自培,-1,2007/1/30 0:00,长安牌,雅阁牌,74863500000000000 ,364567000000000000 ,198209,198808,10,4,5,工作日,非高峰,2015-05-15,2015年5月15日,阵雨 /阵雨,25℃ / 16℃,东北风 ≤3级 /东北风 ≤3级,阵雨,阵雨,25,16,东北风,≤3级,东北风,≤3级,day
2015-04-18 00:00:00,阿栗村,8、依法应负全责的其他情形,负全部责任,不负责任,1,贵A8859T,红,1,贵CFF900,银,自培,自培,2001/11/21 0:00,2004/9/2 0:00,五菱牌,东风雪铁龙牌,36455651864167447X,364547000000000000 ,197209,197712,0,5,4,工作日,非高峰,2015-04-18,2015年4月18日,多云 /雷阵雨,29℃ / 16℃,南风 ≤3级 /南风 ≤3级,多云,雷阵雨,29,16,南风,≤3级,南风,≤3级,night
2015-04-17 18:40:00,百花大道,7、未按规定让行的 ,负全部责任,不负责任,1,贵A1635R,白,0,贵CKD717,黑,-1,预约考试窗口,-1,2006/10/17 0:00,长安牌,丰田牌,366061000000000000 ,344667000000000000 ,198501,198501,18,4,4,工作日,晚高峰(17-19点),2015-04-17,2015年4月17日,多云 /多云,28℃ / 19℃,南风 ≤3级 /南风 ≤3级,多云,多云,28,19,南风,≤3级,南风,≤3级,day
2015-05-16 11:00:00,油榨街,7、未按规定让行的 ,负全部责任,不负责任,1,贵CNB233,白色,1,贵AU6323,白色,自培,520120,2006/10/12 0:00,2010/5/24 0:00,北京现代牌,钱江牌,366568000000000000 ,364547000000000000 ,196408,199105,11,5,5,工作日,非高峰,2015-05-16,2015年5月16日,阴 /雷阵雨,23℃ / 17℃,东北风 ≤3级 /东风 ≤3级,阴,雷阵雨,23,17,东北风,≤3级,东风,≤3级,day
2015-05-09 14:10:00,轮胎厂,8、依法应负全责的其他情形,负全部责任,不负责任,1,贵CHT461,红,1,贵A641B9,红,-1,（观山湖区）诚信驾驶培训有限公司,-1,2013/5/31 0:00,北京现代牌,江淮牌,366564000000000000 ,364556000000000000 ,198502,199111,14,5,5,工作日,非高峰,2015-05-09,2015年5月9日,阵雨 /阵雨,23℃ / 16℃,东北风 ≤3级 /东南风 ≤3级,阵雨,阵雨,23,16,东北风,≤3级,东南风,≤3级,day
2015-02-05 15:10:00,西二环,1、追尾的,负全部责任,不负责任,1,贵A33F72,银,1,贵CKY648,蓝,-1,全林驾校,-1,2014/4/10 0:00,金杯牌,比亚迪牌,364547000000000000 ,366577000000000000 ,196805,198107,15,3,2,工作日,非高峰,2015-02-05,2015年2月5日,阴 /阴,3℃ / 0℃,东北风 ≤3级 /东北风 ≤3级,阴,阴,3,0,东北风,≤3级,东北风,≤3级,day
2015-04-19 12:53:00,田园里,7、未按规定让行的 ,负全部责任,不负责任,1,贵CNB233,白色,1,贵AU0893,白色,自培,自培,2006/10/12 0:00,1994/8/30 0:00,北京现代牌,蓝野牌,366568000000000000 ,364548000000000000 ,196408,196703,12,6,4,周末,非高峰,2015-04-19,2015年4月19日,阵雨 /阵雨,22℃ / 13℃,东北风 ≤3级 /东北风 ≤3级,阵雨,阵雨,22,13,东北风,≤3级,东北风,≤3级,day
2015-05-16 00:00:00,油榨街,7、未按规定让行的 ,负全部责任,不负责任,1,贵CNB233,白色,1,贵A46323,白色,自培,520120,2006/10/12 0:00,2010/5/24 0:00,北京现代牌,丰田,366568000000000000 ,364547000000000000 ,196408,199105,0,5,5,工作日,非高峰,2015-05-16,2015年5月16日,阴 /雷阵雨,23℃ / 17℃,东北风 ≤3级 /东风 ≤3级,阴,雷阵雨,23,17,东北风,≤3级,东风,≤3级,night
2015-03-04 09:00:00,涴沙桥,7、未按规定让行的 ,负全部责任,不负责任,1,浙J865R2,白,1,贵CLT438,白,-1,诚信驾驶培训学校,-1,2010/5/7 0:00,北京现代牌,福克斯牌,776268000000000000 ,366661000000000000 ,196612,198512,9,2,3,工作日,早高峰(7-9点),2015-03-04,2015年3月4日,小雨 /小雨,6℃ / 1℃,东北风 ≤3级 /东北风 ≤3级,小雨,小雨,6,1,东北风,≤3级,东北风,≤3级,day
2015-03-10 02:00:00,花溪大道,7、未按规定让行的 ,负全部责任,不负责任,1,陕EA7667,白色,1,贵GR9635,白色,-1,其它,-1,-1,\N,雪佛兰牌,245364000000000000 ,366862000000000000 ,197612,198609,2,1,3,工作日,非高峰,2015-03-10,2015年3月10日,小雨 /小雨,8℃ / 4℃,东北风 ≤3级 /东北风 ≤3级,小雨,小雨,8,4,东北风,≤3级,东北风,≤3级,night
2015-04-13 15:20:00,华通汽车,7、未按规定让行的 ,负全部责任,不负责任,1,贵GC9685,蓝,1,贵CHT461,黑,-1,自培,-1,2014/11/5 0:00,哈飞,北京现代牌,76265500000000000 ,366564000000000000 ,197004,198202,15,0,4,工作日,非高峰,2015-04-13,2015年4月13日,晴 /多云,23℃ / 8℃,东北风 ≤3级 /东北风 ≤3级,晴,多云,23,8,东北风,≤3级,东北风,≤3级,day
2015-04-13 13:50:00,五大队,7、未按规定让行的 ,负全部责任,不负责任,1,贵A96891,白色,1,贵CJ3656,白色,市交校,自培,2008/11/20 0:00,2007/1/30 0:00,力帆牌,雅阁牌,366064000000000000 ,364567000000000000 ,198009,198808,13,0,4,工作日,非高峰,2015-04-13,2015年4月13日,晴 /多云,23℃ / 8℃,东北风 ≤3级 /东北风 ≤3级,晴,多云,23,8,东北风,≤3级,东北风,≤3级,day
2015-02-08 18:00:00,乌当,8、依法应负全责的其他情形,负全部责任,不负责任,1,贵GC0038,银,1,贵CKS886,银,金大驾校,自培,2013/12/6 0:00,2003/5/9 0:00,东风标致牌,马自达牌,364557000000000000 ,366575000000000000 ,199101,197512,18,6,2,周末,晚高峰(17-19点),2015-02-08,2015年2月8日,阴 /阴,7℃ / 3℃,东北风 ≤3级 /南风 ≤3级,阴,阴,7,3,东北风,≤3级,南风,≤3级,day
2015-05-26 12:00:00,东站,7、未按规定让行的 ,负全部责任,不负责任,1,贵GY4648,白色,1,贵GR2772,白色,吉源驾校,自培,2014/5/8 0:00,2005/8/2 0:00,-1,尚酷,54169500000000000 ,364547000000000000 ,198702,198212,12,1,5,工作日,非高峰,2015-05-26,2015年5月26日,阵雨 /雷阵雨,26℃ / 20℃,东南风 ≤3级 /东北风 ≤3级,阵雨,雷阵雨,26,20,东南风,≤3级,东北风,≤3级,day
2015-05-25 10:30:00,花果园,7、未按规定让行的 ,负全部责任,不负责任,1,贵A8457B,白,1,贵CHT461,红,自培,自培,2002/1/10 0:00,2014/11/5 0:00,丰田(TOYOTA)牌,北京现代牌,366067000000000000 ,366564000000000000 ,197911,198202,10,0,5,工作日,非高峰,2015-05-25,2015年5月25日,多云 /阵雨,26℃ / 19℃,东南风 ≤3级 /东南风 ≤3级,多云,阵雨,26,19,东南风,≤3级,东南风,≤3级,day
2015-04-28 09:40:00,杨建山隧道,1、追尾的,负全部责任,不负责任,1,贵ARP882,黑,1,贵GS4633,白,-1,消防驾校,-1,2011/12/24 0:00,一汽佳星牌,别克牌,364648000000000000 ,357468000000000000 ,197511,196611,9,1,4,工作日,早高峰(7-9点),2015-04-28,2015年4月28日,多云 /多云,25℃ / 15℃,东北风 ≤3级 /东北风 ≤3级,多云,多云,25,15,东北风,≤3级,东北风,≤3级,day
2015-03-13 16:20:00,二戈寨,1、追尾的,负全部责任,不负责任,1,贵GR1068,白色,1,贵A6036C,白色,消防驾校,-1,2011/4/18 0:00,-1,起亚牌,解放牌,366567000000000000 ,356168000000000000 ,198412,196601,16,4,3,工作日,非高峰,2015-03-13,2015年3月13日,多云 /阵雨,17℃ / 12℃,南风 ≤3级 /南风 ≤3级,多云,阵雨,17,12,南风,≤3级,南风,≤3级,day
2015-02-25 15:00:00,世纪城,7、未按规定让行的 ,负全部责任,不负责任,0,贵GS4681,白,1,贵A13F46,白,高新驾校,贵州现代驾驶培训责任有限公司,2014/11/24 0:00,2014/3/28 0:00,宝马牌,福克斯牌,366670000000000000 ,364647000000000000 ,198510,198412,15,2,2,工作日,非高峰,2015-02-25,2015年2月25日,阴 /阵雨,15℃ / 8℃,东北风 ≤3级 /东北风 ≤3级,阴,阵雨,15,8,东北风,≤3级,东北风,≤3级,day
2015-03-20 22:00:00,北京西路,1、追尾的,负全部责任,不负责任,1,贵GT6663,白,0,贵GV8134,蓝,自培,贵州贵龙驾校,2012/5/25 0:00,2014/11/17 0:00,北京现代牌,宝马牌,734567000000000000 ,364647000000000000 ,198304,198203,22,4,3,工作日,非高峰,2015-03-20,2015年3月20日,阴 /阵雨,14℃ / 10℃,东北风 ≤3级 /东北风 ≤3级,阴,阵雨,14,10,东北风,≤3级,东北风,≤3级,night
2015-05-29 14:50:00,宝山北路,1、追尾的,负全部责任,不负责任,1,贵CNB233,黑,1,贵A0L334,白,自培,自培,2006/10/12 0:00,2006/8/31 0:00,北京现代牌,-1,366568000000000000 ,36636651815664225X,196408,197912,14,4,5,工作日,非高峰,2015-05-29,2015年5月29日,阵雨 /阵雨,24℃ / 17℃,东南风 ≤3级 /东北风 ≤3级,阵雨,阵雨,24,17,东南风,≤3级,东北风,≤3级,day
2015-03-07 11:00:00,云环路,1、追尾的,负全部责任,不负责任,1,贵CNC321,白,1,贵GQ0148,黑,自培,-1,2002/8/23 0:00,-1,长安牌,雪佛兰牌,364548000000000000 ,364548000000000000 ,198012,197411,11,5,3,工作日,非高峰,2015-03-07,2015年3月7日,阴 /小雨,10℃ / 5℃,东风 ≤3级 /东南风 ≤3级,阴,小雨,10,5,东风,≤3级,东南风,≤3级,day
2015-04-27 17:45:00,花溪,1、追尾的,负全部责任,不负责任,1,贵GT4045,白色,1,渝FW3413,白色,自培,贵州省长安驾驶培训学校,2004/5/9 0:00,2012/4/19 0:00,东风牌,长安牌,366661000000000000 ,356668000000000000 ,197608,197602,17,0,4,工作日,晚高峰(17-19点),2015-04-27,2015年4月27日,阴 /雷阵雨,21℃ / 14℃,东南风 ≤3级 /东北风 ≤3级,阴,雷阵雨,21,14,东南风,≤3级,东北风,≤3级,day
2015-03-26 10:30:00,百余去,8、依法应负全责的其他情形,负全部责任,不负责任,1,贵GR1806,银,1,贵A81131,银,自培,十一培,2009/6/19 0:00,1996/11/25 0:00,大众牌,陕汽牌,354361000000000000 ,364557000000000000 ,198603,197509,10,3,3,工作日,非高峰,2015-03-26,2015年3月26日,阴 /阵雨,17℃ / 12℃,南风 ≤3级 /南风 ≤3级,阴,阵雨,17,12,南风,≤3级,南风,≤3级,day
2015-02-25 00:00:00,黔江路,7、未按规定让行的 ,负全部责任,不负责任,1,贵GS8868,黑色,1,贵AEJ772,白色,消防驾校,自培,2010/11/29 0:00,2003/11/3 0:00,翼搏牌,丰田牌,366061000000000000 ,364547000000000000 ,198707,197104,0,2,2,工作日,非高峰,2015-02-25,2015年2月25日,阴 /阵雨,15℃ / 8℃,东北风 ≤3级 /东北风 ≤3级,阴,阵雨,15,8,东北风,≤3级,东北风,≤3级,night
2015-04-23 09:40:00,世纪城,1、追尾的,负全部责任,不负责任,1,贵CL8874,银,1,贵CJ2990,银,自培,自培,2004/8/17 0:00,2003/5/12 0:00,朗逸牌,捷达牌,366568000000000000 ,364548000000000000 ,198406,196402,9,3,4,工作日,早高峰(7-9点),2015-04-23,2015年4月23日,阴 /小雨,16℃ / 10℃,东北风 ≤3级 /东北风 ≤3级,阴,小雨,16,10,东北风,≤3级,东北风,≤3级,day
2015-04-01 09:00:00,沙冲路,7、未按规定让行的 ,负全部责任,不负责任,1,贵GT7803,白色,1,贵FQ0209,白色,-1,全林驾校,-1,2014/5/23 0:00,东风标致牌,大众牌,676867000000000000 ,36606351974652258X,198710,198302,9,2,4,工作日,早高峰(7-9点),2015-04-01,2015年4月1日,多云 /多云,29℃ / 19℃,南风 ≤3级 /南风 ≤3级,多云,多云,29,19,南风,≤3级,南风,≤3级,day
2015-03-12 22:45:00,金阳,7、未按规定让行的 ,负全部责任,不负责任,1,贵GT3831,黑,1,贵AMX187,黑,-1,-1,-1,-1,福克斯牌,比亚迪牌,366363000000000000 ,366046000000000000 ,197909,198902,22,3,3,工作日,非高峰,2015-03-12,2015年3月12日,多云 /多云,16℃ / 10℃,南风 ≤3级 /南风 ≤3级,多云,多云,16,10,南风,≤3级,南风,≤3级,night
2015-05-02 21:30:00,金阳,8、依法应负全责的其他情形,负全部责任,不负责任,1,贵A802G3,红,1,贵GT7766,黑,（白云区）消防驾驶培训学校,-1,2007/10/11 0:00,-1,福田牌,奥迪,366361000000000000 ,366064000000000000 ,197504,199203,21,5,5,工作日,非高峰,2015-05-02,2015年5月2日,多云 /阵雨,26℃ / 16℃,东北风 ≤3级 /东风 ≤3级,多云,阵雨,26,16,东北风,≤3级,东风,≤3级,night
2015-02-27 18:00:00,观山湖,8、依法应负全责的其他情形,负全部责任,不负责任,1,贵A33W51,红,1,贵GT2960,银,自培,520114,2001/6/18 0:00,2008/9/17 0:00,哈飞牌,丰田牌,54368500000000000 ,366364000000000000 ,197705,196711,18,4,2,工作日,晚高峰(17-19点),2015-02-27,2015年2月27日,多云 /阵雨,21℃ / 5℃,南风 ≤3级 /南风 ≤3级,多云,阵雨,21,5,南风,≤3级,南风,≤3级,day