accidenttime,accidentaddr,driver1fault,driver1responsibility,driver2responsibility,sex1,platenumber1,carcolor1,sex2,platenumber2,carcolor2,jxmc1,jxmc2,cclzrq1,cclzrq2,clpp1,clpp2,driver1license,driver2license,brith1,brith2,hour,weekday,month,is_weekday,peak_hour,date,日期,天气状况,气温,风力风向,day_wea,night_wea,day_tep,night_tep,day_wind_direction,day_wind_speed,night_wind_direction,night_wind_speed,segment
2015-04-01 09:15:00,车管所,7、未按规定让行的 ,负全部责任,不负责任,1,贵A4151J,红,1,贵GT7766,银,吉源驾校,-1,2014/4/4 0:00,-1,江淮牌,奥迪,364566000000000000 ,36606400000000000 ,199411,199206,9,2,4,工作日,早高峰(7-9点),2015-04-01,2015年4月1日,多云 /多云,29℃ / 19℃,南风 ≤3级 /南风 ≤3级,多云,多云,29,19,南风,≤3级,南风,≤3级,day
2015-05-24 13:00:00,长江路,7、未按规定让行的 ,负全部责任,不负责任,1,贵GT7803,白色,1,贵CS6309,白色,-1,预约考试窗口,-1,2007/7/10 0:00,东风标致牌,-1,636867000000000000 ,36454651324874745X,198710,195607,13,6,5,周末,非高峰,2015-05-24,2015年5月24日,多云 /阴,24℃ / 18℃,东风 ≤3级 /东南风 ≤3级,多云,阴,24,18,东风,≤3级,东南风,≤3级,day
2015-04-25 21:00:00,小河平桥,7、未按规定让行的 ,负全部责任,不负责任,1,贵A15G27,白色,1,贵GT1403,白色,十一驾驶培训有限公司,铁二局驾校,2014/4/15 0:00,2014/7/17 0:00,吉利牌,长安牌,364547000000000000 ,36406751964541445X,196302,198201,21,5,4,工作日,非高峰,2015-04-25,2015年4月25日,阴 /阵雨,20℃ / 11℃,东风 ≤3级 /东南风 ≤3级,阴,阵雨,20,11,东风,≤3级,东南风,≤3级,night
2015-03-05 11:25:00,石板阵,1、追尾的,负全部责任,不负责任,1,贵A7495R,白色,1,贵GT7054,白色,-1,顺一驾驶培训学校,-1,2013/9/16 0:00,长安牌,起亚牌,36455600000000000 ,364647000000000000 ,196810,198705,11,3,3,工作日,非高峰,2015-03-05,2015年3月5日,小雨 /小雨,4℃ / 1℃,东北风 ≤3级 /东北风 ≤3级,小雨,小雨,4,1,东北风,≤3级,东北风,≤3级,day
2015-03-31 17:00:00,二戈寨,7、未按规定让行的 ,负全部责任,不负责任,1,贵GT3144,白色,1,贵FAA552,白色,凯信驾校,-1,2014/2/20 0:00,-1,大众汽车牌,五菱牌,254766000000000000 ,366046000000000000 ,198512,198103,17,1,3,工作日,晚高峰(17-19点),2015-03-31,2015年3月31日,多云 /多云,28℃ / 19℃,南风 ≤3级 /南风 ≤3级,多云,多云,28,19,南风,≤3级,南风,≤3级,day
2015-02-07 15:00:00,南明区新华路,8、依法应负全责的其他情形,负全部责任,不负责任,1,贵AP2951,黑色,1,贵GX5226,白色,-1,蓝天驾校,-1,2014/11/5 0:00,力帆牌,福特牌,366068000000000 ,364548000000000000 ,720902,199005,15,5,2,工作日,非高峰,2015-02-07,2015年2月7日,阴 /阴,8℃ / 3℃,东北风 ≤3级 /东北风 ≤3级,阴,阴,8,3,东北风,≤3级,东北风,≤3级,day
2015-04-12 12:20:00,涴沙桥,8、依法应负全责的其他情形,负全部责任,不负责任,1,贵AT2644,银,1,贵GY3054,银,-1,-1,-1,-1,国威牌,凌派牌,366761000000000000 ,364547000000000000 ,198410,197306,12,6,4,周末,非高峰,2015-04-12,2015年4月12日,晴 /多云,21℃ / 7℃,东风 ≤3级 /东风 ≤3级,晴,多云,21,7,东风,≤3级,东风,≤3级,day
2015-04-19 16:00:00,碧海花园,3、倒车的,负全部责任,不负责任,1,贵GY2476,红,1,贵GF8321,黄,-1,-1,-1,-1,翼搏牌,大众汽车牌,3663630000000000 ,576046000000000000 ,172060,197010,16,6,4,周末,非高峰,2015-04-19,2015年4月19日,阵雨 /阵雨,22℃ / 13℃,东北风 ≤3级 /东北风 ≤3级,阵雨,阵雨,22,13,东北风,≤3级,东北风,≤3级,day
2015-03-13 10:00:00,金阳,1、追尾的,负全部责任,不负责任,1,贵GY1074,白,1,川EE1838,白,黔丰驾校,-1,2014/9/17 0:00,-1,五菱牌,东风标致牌 ,364548000000000000 ,366662000000000000 ,196805,197108,10,4,3,工作日,非高峰,2015-03-13,2015年3月13日,多云 /阵雨,17℃ / 12℃,南风 ≤3级 /南风 ≤3级,多云,阵雨,17,12,南风,≤3级,南风,≤3级,day
2015-04-16 08:10:00,商贸城,1、追尾的,负全部责任,不负责任,1,贵ANV179,银,1,贵GV2042,白,自培,铁二局驾校,1996/5/9 0:00,2013/7/22 0:00,别克牌,别克牌,364547000000000000 ,356164000000000000 ,197204,197206,8,3,4,工作日,早高峰(7-9点),2015-04-16,2015年4月16日,多云 /多云,29℃ / 17℃,南风 ≤3级 /南风 ≤3级,多云,多云,29,17,南风,≤3级,南风,≤3级,day
2015-02-11 09:30:00,西二环,1、追尾的,负全部责任,不负责任,1,贵GS3966,黑,1,贵A2B611,银,自培,铁二局驾校,2004/10/20 0:00,2011/6/20 0:00,路虎,长安牌,356164000000000000 ,357266000000000000 ,197401,198208,9,2,2,工作日,早高峰(7-9点),2015-02-11,2015年2月11日,多云 /多云,11℃ / 3℃,东风 ≤3级 /东北风 ≤3级,多云,多云,11,3,东风,≤3级,东北风,≤3级,day
2015-03-27 18:51:00,花溪大道,7、未按规定让行的 ,负全部责任,不负责任,1,贵A435D5,白色,1,贵GT7766,白色,新天驾校,自培,2013/4/17 0:00,2010/6/17 0:00,庆铃牌,奥迪,364557000000000000 ,366064000000000000 ,199411,199003,18,4,3,工作日,晚高峰(17-19点),2015-03-27,2015年3月27日,阵雨 /阵雨,18℃ / 13℃,南风 ≤3级 /南风 ≤3级,阵雨,阵雨,18,13,南风,≤3级,南风,≤3级,day
2015-04-20 12:30:00,新添寨,1、追尾的,负全部责任,不负责任,1,贵GN6241,白,1,贵GT6940,白,新天驾校,自培,2012/7/9 0:00,2007/7/18 0:00,东风标致牌,众泰牌,366346000000000000 ,364557000000000000 ,198508,197112,12,0,4,工作日,非高峰,2015-04-20,2015年4月20日,阴 /阴,20℃ / 11℃,东北风 ≤3级 /东北风 ≤3级,阴,阴,20,11,东北风,≤3级,东北风,≤3级,day
2015-03-17 08:43:00,兰州路,1、追尾的,负全部责任,不负责任,1,贵GX4286,白,1,贵AU5962,绿,-1,自培,-1,2004/4/30 0:00,福特牌,先锋牌,34666300000000000 ,364547000000000000 ,199101,197106,8,1,3,工作日,早高峰(7-9点),2015-03-17,2015年3月17日,多云 /多云,25℃ / 14℃,南风 ≤3级 /南风 ≤3级,多云,多云,25,14,南风,≤3级,南风,≤3级,day
2015-05-22 08:30:00,金朱东路,9、不符合前8款规定或者双方同时具有上述情形的,负同等责任,负同等责任,1,贵AAK667,红,1,贵GV2815,白,（乌当区）平安驾驶培训有限公司,自培,2005/12/5 0:00,2004/11/12 0:00,东方牌,翼虎牌,364548000000000000 ,366368000000000000 ,196903,197511,8,4,5,工作日,早高峰(7-9点),2015-05-22,2015年5月22日,阵雨 /阵雨,19℃ / 14℃,东风 ≤3级 /东风 ≤3级,阵雨,阵雨,19,14,东风,≤3级,东风,≤3级,day
2015-03-07 14:40:00,百花湖,7、未按规定让行的 ,负全部责任,不负责任,1,贵GV3637,白,1,贵AA027M,银,贵州现代驾驶培训责任有限公司,路路达驾校,2014/10/23 0:00,2014/4/1 0:00,雪佛兰牌,五菱牌,344673000000000000 ,364557000000000000 ,198311,197608,14,5,3,工作日,非高峰,2015-03-07,2015年3月7日,阴 /小雨,10℃ / 5℃,东风 ≤3级 /东南风 ≤3级,阴,小雨,10,5,东风,≤3级,东南风,≤3级,day
2015-04-14 23:27:00,城基路,4、停车时未挂低速档、未拉驻车制动，导致车辆滑行的,负全部责任,不负责任,1,贵A9AT19,蓝,1,贵GV4499,黄,贵阳金马驾驶培训有限公司,天行健驾校,2015/2/2 0:00,2014/9/29 0:00,福特,别克牌,364548000000000000 ,364558000000000000 ,199205,199603,23,1,4,工作日,非高峰,2015-04-14,2015年4月14日,晴 /多云,22℃ / 9℃,东风 ≤3级 /东风 ≤3级,晴,多云,22,9,东风,≤3级,东风,≤3级,night
2015-03-16 11:05:00,三桥,3、倒车的,负全部责任,不负责任,1,贵AG6535,白,1,贵GV8059,黑,-1,预约考试窗口,-1,2006/5/19 0:00,万虎牌,长安牌,355247000000000000 ,366367000000000000 ,199209,197502,11,0,3,工作日,非高峰,2015-03-16,2015年3月16日,阴 /多云,20℃ / 15℃,南风 ≤3级 /南风 ≤3级,阴,多云,20,15,南风,≤3级,南风,≤3级,day
2015-04-10 21:30:00,化工路,7、未按规定让行的 ,负全部责任,不负责任,1,贵GY5987,白,0,贵GX9535,白,全林驾校,-1,2014/2/12 0:00,-1,北京现代牌,别克牌,366346000000000000 ,364547000000000000 ,197712,196712,21,4,4,工作日,非高峰,2015-04-10,2015年4月10日,小雨 /小雨,12℃ / 8℃,东北风 ≤3级 /东北风 ≤3级,小雨,小雨,12,8,东北风,≤3级,东北风,≤3级,night
2015-03-06 08:03:00,白云区,7、未按规定让行的 ,负全部责任,不负责任,1,贵A3781S,银,1,贵HBR813,白,-1,520116,-1,2009/3/4 0:00,吉利美日牌,长安牌,36666700000000000 ,36454751314049006X,196802,195904,8,4,3,工作日,早高峰(7-9点),2015-03-06,2015年3月6日,小雨 /小雨,5℃ / 3℃,东北风 ≤3级 /东北风 ≤3级,小雨,小雨,5,3,东北风,≤3级,东北风,≤3级,day
2015-02-05 18:20:00,白云南路,1、追尾的,负全部责任,不负责任,1,贵ABU168,红,1,贵HT5165,白,-1,蓝天驾校,-1,2014/7/20 0:00,福田牌,别克牌,366067000000000000 ,366566000000000000 ,198709,198404,18,3,2,工作日,晚高峰(17-19点),2015-02-05,2015年2月5日,阴 /阴,3℃ / 0℃,东北风 ≤3级 /东北风 ≤3级,阴,阴,3,0,东北风,≤3级,东北风,≤3级,day
2015-04-18 11:30:00,金阳南路,7、未按规定让行的 ,负全部责任,不负责任,1,贵A5115K,黑,1,贵JAE599,黑,-1,蓝天驾校,-1,2014/12/22 0:00,解放牌,别克牌,366064000000000000 ,765598000000000000 ,199210,198702,11,5,4,工作日,非高峰,2015-04-18,2015年4月18日,多云 /雷阵雨,29℃ / 16℃,南风 ≤3级 /南风 ≤3级,多云,雷阵雨,29,16,南风,≤3级,南风,≤3级,day
2015-03-31 10:30:00,苗圃,1、追尾的,负全部责任,不负责任,1,贵JBV365,白,0,贵AB544R,蓝,-1,吉源驾校,-1,2014/8/20 0:00,北京牌,福特牌,366068000000000000 ,36455051154254440X,197905,199106,10,1,3,工作日,非高峰,2015-03-31,2015年3月31日,多云 /多云,28℃ / 19℃,南风 ≤3级 /南风 ≤3级,多云,多云,28,19,南风,≤3级,南风,≤3级,day
2015-04-13 11:30:00,沙冲路,7、未按规定让行的 ,负全部责任,不负责任,1,贵JBU392,白色,1,贵AV4922,白色,龙里县圣锦汽车驾驶培训学校,520132,-1,2003/9/16 0:00,金杯牌,福特锐界,366875000000000000 ,36634651944274725X,198708,198006,11,0,4,工作日,非高峰,2015-04-13,2015年4月13日,晴 /多云,23℃ / 8℃,东北风 ≤3级 /东北风 ≤3级,晴,多云,23,8,东北风,≤3级,东北风,≤3级,day
2015-04-07 12:30:00,解伍路,7、未按规定让行的 ,负全部责任,不负责任,1,贵HCC111,白色,1,贵A39L16,白色,-1,嘉兴市通达汽车驾驶员培训有限公司,-1,2009/2/10 0:00,福特牌,雪佛兰牌,366846000000000000 ,355468000000000000 ,199310,198212,12,1,4,工作日,非高峰,2015-04-07,2015年4月7日,小雨 /小雨,9℃ / 5℃,东北风 ≤3级 /东北风 ≤3级,小雨,小雨,9,5,东北风,≤3级,东北风,≤3级,day
2015-04-10 11:00:00,万东桥,7、未按规定让行的 ,负全部责任,不负责任,1,贵A7EA06,白色,1,贵HBH342,白色,贵大驾校,凯信驾校,2010/11/5 0:00,2014/12/31 0:00,金杯牌,长安牌,364556000000000000 ,364556000000000000 ,196509,198111,11,4,4,工作日,非高峰,2015-04-10,2015年4月10日,小雨 /小雨,12℃ / 8℃,东北风 ≤3级 /东北风 ≤3级,小雨,小雨,12,8,东北风,≤3级,东北风,≤3级,day
2015-04-04 13:20:00,金竹立交,4、停车时未挂低速档、未拉驻车制动，导致车辆滑行的,负全部责任,不负责任,1,贵AU0803,白色,1,贵JBU928,白色,自培,鑫鑫驾校,2002/11/11 0:00,2012/6/25 0:00,宝来牌,风神牌,366361000000000000 ,354767000000000000 ,197503,198103,13,5,4,工作日,非高峰,2015-04-04,2015年4月4日,多云 /多云,29℃ / 18℃,南风 ≤3级 /南风 ≤3级,多云,多云,29,18,南风,≤3级,南风,≤3级,day
2015-04-05 14:30:00,皂角井,7、未按规定让行的 ,负全部责任,不负责任,1,贵GY5839,白色,1,贵JBR144,白色,（乌当区）平安驾驶培训有限公司,自培,2010/2/9 0:00,2005/3/7 0:00,金旅牌,别克牌,674696000000000000 ,66660500000000000 ,198608,196703,14,6,4,周末,非高峰,2015-04-05,2015年4月5日,阴 /阵雨,30℃ / 12℃,南风 ≤3级 /东北风 ≤3级,阴,阵雨,30,12,南风,≤3级,东北风,≤3级,day
2015-03-17 12:20:00,北京西路,1、追尾的,负全部责任,不负责任,1,贵JCC561,黑,1,贵A0G790,黄,-1,自培,-1,2001/8/24 0:00,东风标致牌,-1,364548000000000000 ,364548000000000000 ,197612,198207,12,1,3,工作日,非高峰,2015-03-17,2015年3月17日,多云 /多云,25℃ / 14℃,南风 ≤3级 /南风 ≤3级,多云,多云,25,14,南风,≤3级,南风,≤3级,day
2015-03-17 08:50:00,小河转盘,1、追尾的,负全部责任,不负责任,1,贵HAK268,白色,1,贵A43634,黑色,自培,自培,2004/1/12 0:00,2001/12/12 0:00,名爵牌,东风,366362000000000000 ,364547000000000000 ,196311,196403,8,1,3,工作日,早高峰(7-9点),2015-03-17,2015年3月17日,多云 /多云,25℃ / 14℃,南风 ≤3级 /南风 ≤3级,多云,多云,25,14,南风,≤3级,南风,≤3级,day
2015-03-13 08:30:00,宝山北路,8、依法应负全责的其他情形,负全部责任,不负责任,1,贵HCS649,银,1,贵AU6855,绿,贵大佳德驾驶培训学校,-1,2014/2/12 0:00,-1,哈飞牌,银翔牌,366271000000000000 ,366061000000000000 ,199206,198510,8,4,3,工作日,早高峰(7-9点),2015-03-13,2015年3月13日,多云 /阵雨,17℃ / 12℃,南风 ≤3级 /南风 ≤3级,多云,阵雨,17,12,南风,≤3级,南风,≤3级,day
2015-03-31 08:30:00,宅吉小区,8、依法应负全责的其他情形,负全部责任,不负责任,1,贵JCY939,白,1,贵JBT498,白,-1,鑫鑫驾校,-1,2013/12/4 0:00,宝骏牌,翼搏牌,366864000000000000 ,364548000000000000 ,195307,198811,8,1,3,工作日,早高峰(7-9点),2015-03-31,2015年3月31日,多云 /多云,28℃ / 19℃,南风 ≤3级 /南风 ≤3级,多云,多云,28,19,南风,≤3级,南风,≤3级,day
2015-03-20 11:00:00,中曹司,9、不符合前8款规定或者双方同时具有上述情形的,负同等责任,负同等责任,1,贵AH774W,白色,1,贵JDD332,白色,铁二局驾校,-1,2014/11/28 0:00,-1,-1,众泰牌,366568000000000000 ,36687600000000000 ,197809,199510,11,4,3,工作日,非高峰,2015-03-20,2015年3月20日,阴 /阵雨,14℃ / 10℃,东北风 ≤3级 /东北风 ≤3级,阴,阵雨,14,10,东北风,≤3级,东北风,≤3级,day
2015-03-20 10:50:00,中曹司加油站,7、未按规定让行的 ,负全部责任,不负责任,1,贵JDD332,白色,1,贵AA774W,白色,惠水县黔岭机动车驾驶培训有限公司,铁二局驾校,-1,2014/11/28 0:00,众泰牌,威弛,366876000000000000 ,366568000000000000 ,199510,197809,10,4,3,工作日,非高峰,2015-03-20,2015年3月20日,阴 /阵雨,14℃ / 10℃,东北风 ≤3级 /东北风 ≤3级,阴,阵雨,14,10,东北风,≤3级,东北风,≤3级,day
2015-03-25 08:30:00,甘荫塘,7、未按规定让行的 ,负全部责任,不负责任,1,贵GL6218,白色,1,贵JDC515,白色,（南明区）铁二局驾驶培训有限公司,-1,2005/8/2 0:00,-1,丰田牌,海马牌,364556000000000000 ,72664651804140777X,196505,197409,8,2,3,工作日,早高峰(7-9点),2015-03-25,2015年3月25日,阴 /阵雨,14℃ / 9℃,东北风 ≤3级 /东北风 ≤3级,阴,阵雨,14,9,东北风,≤3级,东北风,≤3级,day
2015-03-13 09:30:00,和尚坡,7、未按规定让行的 ,负全部责任,不负责任,1,贵JDC939,蓝,1,贵GE8735,黑,新华驾校,-1,2015/1/7 0:00,-1,长安牌,奇瑞牌,364548000000000000 ,366346000000000000 ,197111,196509,9,4,3,工作日,早高峰(7-9点),2015-03-13,2015年3月13日,多云 /阵雨,17℃ / 12℃,南风 ≤3级 /南风 ≤3级,多云,阵雨,17,12,南风,≤3级,南风,≤3级,day
2015-03-02 08:00:00,乌当,7、未按规定让行的 ,负全部责任,不负责任,1,贵AFB757,蓝,1,贵JK0912,白,-1,新天驾校,-1,2012/1/29 0:00,众泰牌,北京现代牌,364557000000000 ,366868000000000000 ,760524,198108,8,0,3,工作日,早高峰(7-9点),2015-03-02,2015年3月2日,阴 /小雨,9℃ / 2℃,东北风 ≤3级 /东北风 ≤3级,阴,小雨,9,2,东北风,≤3级,东北风,≤3级,day
2015-04-26 06:25:00,二桥,7、未按规定让行的 ,负全部责任,不负责任,1,贵AJM895,黑,1,贵GV4323,黑,自培,兴黔,2000/9/26 0:00,2005/7/12 0:00,东风雪铁龙牌,大众汽车牌,366577000000000000 ,364567000000000000 ,196410,198610,6,6,4,周末,非高峰,2015-04-26,2015年4月26日,阵雨 /阵雨,18℃ / 14℃,东南风 ≤3级 /东北风 ≤3级,阵雨,阵雨,18,14,东南风,≤3级,东北风,≤3级,day
2015-03-10 09:50:00,长岭南路,8、依法应负全责的其他情形,负全部责任,不负责任,1,贵A9533U,银,1,贵HCL373,黑,自培,-1,2001/12/17 0:00,-1,五菱牌,吉利牌,366562000000000000 ,366267000000000000 ,197601,198812,9,1,3,工作日,早高峰(7-9点),2015-03-10,2015年3月10日,小雨 /小雨,8℃ / 4℃,东北风 ≤3级 /东北风 ≤3级,小雨,小雨,8,4,东北风,≤3级,东北风,≤3级,day
2015-05-18 00:00:00,马王庙,3、倒车的,负全部责任,不负责任,0,贵ARC725,红,1,贵JAE599,黑,自培,蓝天驾校,2004/10/13 0:00,2014/12/22 0:00,长安牌,别克牌,366068000000000000 ,765598000000000000 ,197703,198702,0,0,5,工作日,非高峰,2015-05-18,2015年5月18日,多云 /多云,25℃ / 18℃,东北风 ≤3级 /东北风 ≤3级,多云,多云,25,18,东北风,≤3级,东北风,≤3级,night
2015-03-13 12:55:00,北京西路,3、倒车的,负全部责任,不负责任,1,贵JCU412,红,1,贵A7145P,绿,自培,-1,2008/12/30 0:00,-1,华泰宝利格牌,宝来,364647000000000000 ,366367000000000000 ,198805,198410,12,4,3,工作日,非高峰,2015-03-13,2015年3月13日,多云 /阵雨,17℃ / 12℃,南风 ≤3级 /南风 ≤3级,多云,阵雨,17,12,南风,≤3级,南风,≤3级,day
2015-03-05 12:58:00,太慈桥,8、依法应负全责的其他情形,负全部责任,不负责任,1,贵JDB257,白色,1,贵A48986,白色,自培,-1,2004/4/5 0:00,-1,英致牌,江铃牌,366861000000000000 ,364544000000 ,197510,686387,12,3,3,工作日,非高峰,2015-03-05,2015年3月5日,小雨 /小雨,4℃ / 1℃,东北风 ≤3级 /东北风 ≤3级,小雨,小雨,4,1,东北风,≤3级,东北风,≤3级,day
2015-04-22 11:30:00,海马冲,7、未按规定让行的 ,负全部责任,不负责任,1,云A358FM,黑,1,贵JK5548,黑,-1,十一培,-1,1999/5/7 0:00,起亚,东风雪铁龙牌,374547000000000000 ,355468000000000000 ,197709,197608,11,2,4,工作日,非高峰,2015-04-22,2015年4月22日,小雨 /小雨,15℃ / 10℃,东北风 ≤3级 /东北风 ≤3级,小雨,小雨,15,10,东北风,≤3级,东北风,≤3级,day
2015-04-19 08:30:00,云环东路,9、不符合前8款规定或者双方同时具有上述情形的,负全部责任,不负责任,1,贵JL3916,黑,1,贵A4355H,红,贵大佳德驾驶培训学校,自培,2011/8/18 0:00,2004/4/30 0:00,吉利牌,奇瑞牌,366061000000000000 ,366068000000000000 ,198602,197509,8,6,4,周末,早高峰(7-9点),2015-04-19,2015年4月19日,阵雨 /阵雨,22℃ / 13℃,东北风 ≤3级 /东北风 ≤3级,阵雨,阵雨,22,13,东北风,≤3级,东北风,≤3级,day
2015-02-12 11:32:00,乌当区航天大道,1、追尾的,负全部责任,不负责任,1,贵GT1886,灰,1,贵JW0777,黑,鑫鑫驾校,自培,2012/9/17 0:00,2005/9/23 0:00,吉利美日牌,吉利全球鹰牌,36636651974964245X,366876000000000000 ,198308,197611,11,3,2,工作日,非高峰,2015-02-12,2015年2月12日,多云 /多云,15℃ / 5℃,南风 ≤3级 /南风 ≤3级,多云,多云,15,5,南风,≤3级,南风,≤3级,day
2015-03-22 20:10:00,花果园,7、未按规定让行的 ,负全部责任,不负责任,1,贵JX2977,白色,1,贵ACC389,白色,瓮安县鑫源驾驶培训学校,-1,2011/6/13 0:00,-1,荣威牌,大众牌,366864000000000000 ,364547000000000000 ,199005,198409,20,6,3,周末,非高峰,2015-03-22,2015年3月22日,阵雨 /阵雨,19℃ / 10℃,东南风 ≤3级 /东风 ≤3级,阵雨,阵雨,19,10,东南风,≤3级,东风,≤3级,night
2015-02-27 08:45:00,观山湖,7、未按规定让行的 ,负全部责任,不负责任,1,贵JK4564,黑,1,贵A72P38,白,（经开区）十一驾驶培训有限公司,-1,2010/4/19 0:00,-1,大众牌,艾力绅牌,364556000000000000 ,74395500000000000 ,198507,199012,8,4,2,工作日,早高峰(7-9点),2015-02-27,2015年2月27日,多云 /阵雨,21℃ / 5℃,南风 ≤3级 /南风 ≤3级,多云,阵雨,21,5,南风,≤3级,南风,≤3级,day
2015-04-21 18:30:00,西二环,7、未按规定让行的 ,负全部责任,不负责任,1,贵AEU856,白色,1,贵GV2757,白色,-1,市交校,-1,2012/11/11 0:00,金旅牌,梅赛德斯-奔驰,575569000000000000 ,366570000000000000 ,199001,198005,18,1,4,工作日,晚高峰(17-19点),2015-04-21,2015年4月21日,阴 /阵雨,17℃ / 10℃,东北风 ≤3级 /东北风 ≤3级,阴,阵雨,17,10,东北风,≤3级,东北风,≤3级,day
2015-03-31 22:00:00,白云区,8、依法应负全责的其他情形,负全部责任,不负责任,1,贵GV3549,红,0,鄂ARJ438,黑,自培,新华驾校,-1,2013/12/30 0:00,奇瑞牌,五菱牌,726669000000000000 ,64166500000000000 ,198412,199307,22,1,3,工作日,非高峰,2015-03-31,2015年3月31日,多云 /多云,28℃ / 19℃,南风 ≤3级 /南风 ≤3级,多云,多云,28,19,南风,≤3级,南风,≤3级,night
2015-02-14 14:30:00,都司路,9、不符合前8款规定或者双方同时具有上述情形的,负同等责任,负同等责任,1,贵GV3829,白色,1,贵AU6661,白色,铁二局驾校,顺一驾驶培训学校,2014/6/23 0:00,2010/8/31 0:00,马自达牌,蜀都牌,364547000000000000 ,36606651924249095X,199106,198606,14,5,2,工作日,非高峰,2015-02-14,2015年2月14日,阵雨 /雷阵雨,16℃ / 10℃,南风 ≤3级 /南风 ≤3级,阵雨,雷阵雨,16,10,南风,≤3级,南风,≤3级,day
2015-04-26 09:00:00,送变电小区,3、倒车的,负全部责任,不负责任,1,贵CKK135,黑,1,贵JN8539,银,自培,-1,2004/9/24 0:00,-1,大众牌,东风标致牌,364547000000000000 ,364556000000000000 ,196306,198602,9,6,4,周末,早高峰(7-9点),2015-04-26,2015年4月26日,阵雨 /阵雨,18℃ / 14℃,东南风 ≤3级 /东北风 ≤3级,阵雨,阵雨,18,14,东南风,≤3级,东北风,≤3级,day
2015-04-22 11:30:00,小河平桥,7、未按规定让行的 ,负全部责任,不负责任,1,贵AC651H,白色,1,贵JM3188,白色,顺一驾驶培训学校,自培,2000/8/29 0:00,2000/8/28 0:00,雪佛兰牌,雪佛兰牌,364547000000000000 ,364551000000000000 ,196307,197808,11,2,4,工作日,非高峰,2015-04-22,2015年4月22日,小雨 /小雨,15℃ / 10℃,东北风 ≤3级 /东北风 ≤3级,小雨,小雨,15,10,东北风,≤3级,东北风,≤3级,day
2015-03-22 10:30:00,清镇,3、倒车的,负全部责任,不负责任,1,贵ATY269,白色,1,贵GV5940,白色,-1,自培,-1,2004/11/16 0:00,福克斯牌,科雷傲,344661000000000000 ,764066000000000000 ,198807,196812,10,6,3,周末,非高峰,2015-03-22,2015年3月22日,阵雨 /阵雨,19℃ / 10℃,东南风 ≤3级 /东风 ≤3级,阵雨,阵雨,19,10,东南风,≤3级,东风,≤3级,day
2015-03-22 20:10:00,花果园,9、不符合前8款规定或者双方同时具有上述情形的,负同等责任,负同等责任,1,贵ACC389,白色,1,贵JX2977,白色,自培,自培,2014/1/7 0:00,2011/6/13 0:00,大众牌,荣威牌,364547000000000000 ,366864000000000000 ,198909,199005,20,6,3,周末,非高峰,2015-03-22,2015年3月22日,阵雨 /阵雨,19℃ / 10℃,东南风 ≤3级 /东风 ≤3级,阵雨,阵雨,19,10,东南风,≤3级,东风,≤3级,night
2015-03-21 19:50:00,鸿通城停车厂,8、依法应负全责的其他情形,负全部责任,不负责任,1,贵GY1685,白色,1,贵AHL158,白色,-1,520136,-1,2010/2/11 0:00,迈凯B5,中华牌,354367000000000000 ,366864000000000000 ,198512,197912,19,5,3,工作日,晚高峰(17-19点),2015-03-21,2015年3月21日,阴 /阴,16℃ / 11℃,东北风 ≤3级 /东南风 ≤3级,阴,阴,16,11,东北风,≤3级,东南风,≤3级,day
2015-04-19 14:46:00,商贸城,8、依法应负全责的其他情形,负全部责任,不负责任,1,贵GY3273,白,1,贵AU6588,黄,-1,毕节地区新毕驾校,-1,-1,比亚迪牌,捷达牌,364596000000000000 ,366066000000000000 ,199112,197312,14,6,4,周末,非高峰,2015-04-19,2015年4月19日,阵雨 /阵雨,22℃ / 13℃,东北风 ≤3级 /东北风 ≤3级,阵雨,阵雨,22,13,东北风,≤3级,东北风,≤3级,day
2015-03-29 18:53:00,财院,7、未按规定让行的 ,负全部责任,不负责任,1,贵GY4478,红,1,贵AU6967,绿,（南明区）现代驾驶培训有限公司,市交校,2009/6/10 0:00,1997/5/28 0:00,长安牌,恒通客车牌,344661000000000000 ,364548000000000000 ,198902,196302,18,6,3,周末,晚高峰(17-19点),2015-03-29,2015年3月29日,阴 /多云,18℃ / 15℃,东风 ≤3级 /南风 ≤3级,阴,多云,18,15,东风,≤3级,南风,≤3级,day
2015-03-26 19:00:00,云峰大道,8、依法应负全责的其他情形,负全部责任,不负责任,1,贵AB1232,黄,1,贵GY1973,红,自培,全林驾校,2003/3/3 0:00,2014/12/16 0:00,宗申牌,雪佛兰牌,364558000000000000 ,366767000000000000 ,196901,198110,19,3,3,工作日,晚高峰(17-19点),2015-03-26,2015年3月26日,阴 /阵雨,17℃ / 12℃,南风 ≤3级 /南风 ≤3级,阴,阵雨,17,12,南风,≤3级,南风,≤3级,day
2015-03-03 14:45:00,东山路,8、依法应负全责的其他情形,负全部责任,不负责任,1,贵CAD166,黑,1,贵GX2867,白,自培,消防驾校,2002/4/5 0:00,2011/9/13 0:00,纳智捷牌,宝马牌,366546000000000000 ,36456751145669006X,198301,199012,14,1,3,工作日,非高峰,2015-03-03,2015年3月3日,小雨 /小雨,8℃ / 3℃,东北风 ≤3级 /东北风 ≤3级,小雨,小雨,8,3,东北风,≤3级,东北风,≤3级,day