accidenttime,accidentaddr,driver1fault,driver1responsibility,driver2responsibility,sex1,platenumber1,carcolor1,sex2,platenumber2,carcolor2,jxmc1,jxmc2,cclzrq1,cclzrq2,clpp1,clpp2,driver1license,driver2license,brith1,brith2,hour,weekday,month,is_weekday,peak_hour,date,日期,天气状况,气温,风力风向,day_wea,night_wea,day_tep,night_tep,day_wind_direction,day_wind_speed,night_wind_direction,night_wind_speed,segment
2015-03-27 14:24:00,油榨街,8、依法应负全责的其他情形,负全部责任,不负责任,1,贵ATN811,银,1,贵FV9060,银,-1,新华驾校,-1,2011/7/6 0:00,五菱牌,雪佛兰牌,574370000000000000 ,366064000000000000 ,199009,197606,14,4,3,工作日,非高峰,2015-03-27,2015年3月27日,阵雨 /阵雨,18℃ / 13℃,南风 ≤3级 /南风 ≤3级,阵雨,阵雨,18,13,南风,≤3级,南风,≤3级,day
2015-04-01 20:30:00,土麦,1、追尾的,负全部责任,不负责任,0,贵FV1061,白,1,贵CKU991,黑,消防驾校,-1,2012/1/10 0:00,-1,五菱牌,奇瑞牌,364557000000000000 ,36656751964169043X,196406,198209,20,2,4,工作日,非高峰,2015-04-01,2015年4月1日,多云 /多云,29℃ / 19℃,南风 ≤3级 /南风 ≤3级,多云,多云,29,19,南风,≤3级,南风,≤3级,night
2015-02-01 08:00:00,飞来巷,3、倒车的,负全部责任,不负责任,1,贵FV5581,灰,1,贵FV7426,灰,-1,预约考试窗口,-1,2007/5/30 0:00,长安牌,五菱牌,366068000000000000 ,366064000000000000 ,197906,198204,8,6,2,周末,早高峰(7-9点),2015-02-01,2015年2月1日,阴 /小雨,2℃ / 0℃,东北风 ≤3级 /东风 ≤3级,阴,小雨,2,0,东北风,≤3级,东风,≤3级,day
2015-03-18 21:38:00,延安东路,6、违反交通信号的,负全部责任,不负责任,1,贵FV7201,白,1,贵AU5719,绿,织金县织通驾驶培训学校,黄岩汽校,2012/5/9 0:00,2008/7/1 0:00,雪佛兰牌,捷达牌,366064000000000000 ,366566000000000000 ,198509,198706,21,2,3,工作日,非高峰,2015-03-18,2015年3月18日,多云 /多云,24℃ / 14℃,南风 ≤3级 /南风 ≤3级,多云,多云,24,14,南风,≤3级,南风,≤3级,night
2015-02-15 09:10:00,小河平桥,3、倒车的,负全部责任,不负责任,1,贵GX2527,白色,1,贵AU0944,白色,顺一驾驶培训学校,十一培,2014/10/23 0:00,1999/7/20 0:00,梅赛德斯-奔驰牌,万达牌,366269000000000000 ,366269000000000000 ,198712,197809,9,6,2,周末,早高峰(7-9点),2015-02-15,2015年2月15日,多云 /阴,19℃ / 8℃,南风 ≤3级 /东北风 ≤3级,多云,阴,19,8,南风,≤3级,东北风,≤3级,day
2015-04-05 10:40:00,红岩路,1、追尾的,负全部责任,不负责任,1,贵GV1807,白色,1,贵A6143F,白色,贵大佳德驾驶培训学校,自培,2014/5/27 0:00,2003/9/10 0:00,马自达牌,长安牌,364547000000000000 ,366367000000000000 ,197112,197909,10,6,4,周末,非高峰,2015-04-05,2015年4月5日,阴 /阵雨,30℃ / 12℃,南风 ≤3级 /东北风 ≤3级,阴,阵雨,30,12,南风,≤3级,东北风,≤3级,day
2015-05-10 04:30:00,万江小区,7、未按规定让行的 ,负全部责任,不负责任,1,贵FV9115,黑,1,贵A61O13,蓝,自培,自培,2004/9/7 0:00,2002/10/26 0:00,东风雪铁龙牌,-1,366064000000000000 ,364557000000000000 ,197603,198306,4,6,5,周末,非高峰,2015-05-10,2015年5月10日,阵雨 /雷阵雨,25℃ / 14℃,南风 ≤3级 /南风 ≤3级,阵雨,雷阵雨,25,14,南风,≤3级,南风,≤3级,night
2015-04-04 15:00:00,东客站,7、未按规定让行的 ,负全部责任,不负责任,1,贵A2804J,白色,1,贵FS3175,白色,自培,-1,2014/9/23 0:00,-1,雪佛兰牌,五菱牌,36606751994843195X,366068000000000000 ,198807,198807,15,5,4,工作日,非高峰,2015-04-04,2015年4月4日,多云 /多云,29℃ / 18℃,南风 ≤3级 /南风 ≤3级,多云,多云,29,18,南风,≤3级,南风,≤3级,day
2015-04-01 02:30:00,上麦,1、追尾的,负全部责任,不负责任,0,贵FV1061,白,1,贵CKK991,黑,消防驾校,-1,2012/1/10 0:00,-1,五菱牌,丰田牌,364557000000000000 ,36656751964169043X,196406,198209,2,2,4,工作日,非高峰,2015-04-01,2015年4月1日,多云 /多云,29℃ / 19℃,南风 ≤3级 /南风 ≤3级,多云,多云,29,19,南风,≤3级,南风,≤3级,night
2015-04-15 15:10:00,花果园,7、未按规定让行的 ,负全部责任,不负责任,1,贵FX1223,白,1,贵AGT347,绿,-1,文通驾校,-1,2011/6/27 0:00,吉利美日牌,马自达牌,74360500000000000 ,366568000000000000 ,199101,199209,15,2,4,工作日,非高峰,2015-04-15,2015年4月15日,多云 /多云,24℃ / 16℃,东南风 ≤3级 /南风 ≤3级,多云,多云,24,16,东南风,≤3级,南风,≤3级,day
2015-04-09 10:30:00,未来方舟,8、依法应负全责的其他情形,负全部责任,不负责任,1,贵GF7848,黑,1,贵GC5130,银,-1,高新驾校,-1,2012/7/20 0:00,东风牌,雪佛兰牌,734561000000000000 ,355468000000000000 ,197702,198506,10,3,4,工作日,非高峰,2015-04-09,2015年4月9日,阴 /小雨,11℃ / 7℃,东北风 ≤3级 /东北风 ≤3级,阴,小雨,11,7,东北风,≤3级,东北风,≤3级,day
2015-04-15 15:10:00,花果园,7、未按规定让行的 ,负同等责任,负同等责任,1,贵AGT347,银,1,贵FX1223,黑,文通驾校,文通驾校,2011/6/27 0:00,-1,马自达牌,吉利美日牌,366568000000000000 ,74360500000000000 ,199209,199101,15,2,4,工作日,非高峰,2015-04-15,2015年4月15日,多云 /多云,24℃ / 16℃,东南风 ≤3级 /南风 ≤3级,多云,多云,24,16,东南风,≤3级,南风,≤3级,day
2015-03-14 14:10:00,西二环,8、依法应负全责的其他情形,负全部责任,不负责任,1,贵A908B6,黑,1,贵FX4363,银,全林驾校,贵阳金马驾驶培训有限公司,2013/8/5 0:00,2012/12/4 0:00,解放牌,起亚牌,364557000000000000 ,357470000000000000 ,196807,197002,14,5,3,工作日,非高峰,2015-03-14,2015年3月14日,阴 /阴,17℃ / 12℃,南风 ≤3级 /东南风 ≤3级,阴,阴,17,12,南风,≤3级,东南风,≤3级,day
2015-03-27 11:40:00,金源街,9、不符合前8款规定或者双方同时具有上述情形的,负同等责任,负同等责任,1,贵GGB124,银,1,贵A5BK94,银,全林驾校,全林驾校,2012/9/5 0:00,2003/2/5 0:00,起亚牌,大众牌,366562000000000000 ,366566000000000000 ,197104,197310,11,4,3,工作日,非高峰,2015-03-27,2015年3月27日,阵雨 /阵雨,18℃ / 13℃,南风 ≤3级 /南风 ≤3级,阵雨,阵雨,18,13,南风,≤3级,南风,≤3级,day
2015-03-12 11:00:00,金阳南路,8、依法应负全责的其他情形,负全部责任,不负责任,1,豫LD2769,银,1,贵GGB251,白,（南明区）长安驾驶培训有限公司,新天驾校,2009/1/6 0:00,2013/12/26 0:00,五菱牌,东风日产牌,364568000000000000 ,366361000000000000 ,198801,197211,11,3,3,工作日,非高峰,2015-03-12,2015年3月12日,多云 /多云,16℃ / 10℃,南风 ≤3级 /南风 ≤3级,多云,多云,16,10,南风,≤3级,南风,≤3级,day
2015-03-17 18:40:00,花溪大道,7、未按规定让行的 ,负全部责任,不负责任,1,贵A33C57,黑色,1,贵GF7872,蓝色,遵义市海通机动车驾驶培训学校,文通驾校,-1,2011/10/30 0:00,大众汽车牌,五菱牌,364556000000000000 ,364556000000000000 ,198511,197511,18,1,3,工作日,晚高峰(17-19点),2015-03-17,2015年3月17日,多云 /多云,25℃ / 14℃,南风 ≤3级 /南风 ≤3级,多云,多云,25,14,南风,≤3级,南风,≤3级,day
2015-02-25 20:10:00,中华南路,7、未按规定让行的 ,负全部责任,不负责任,1,贵AMH167,银,1,贵GGB258,银,十一培,长运驾校,1994/4/4 0:00,2014/12/16 0:00,大众牌,比亚迪牌,364547000000000000 ,364548000000000000 ,196607,198808,20,2,2,工作日,非高峰,2015-02-25,2015年2月25日,阴 /阵雨,15℃ / 8℃,东北风 ≤3级 /东北风 ≤3级,阴,阵雨,15,8,东北风,≤3级,东北风,≤3级,night
2015-02-15 16:45:00,沙冲南路消防队,1、追尾的,负全部责任,不负责任,1,贵AVL269,黑色,1,贵GGB653,白色,自培,凯信驾校,2004/7/13 0:00,2014/10/21 0:00,宝马牌,吉利美日牌,356746000000000000 ,364556000000000000 ,196712,199301,16,6,2,周末,非高峰,2015-02-15,2015年2月15日,多云 /阴,19℃ / 8℃,南风 ≤3级 /东北风 ≤3级,多云,阴,19,8,南风,≤3级,东北风,≤3级,day
2015-04-08 09:20:00,二桥,7、未按规定让行的 ,负全部责任,不负责任,1,云AC7397,银,1,贵GGB917,银,自培,阳光驾校,2008/12/31 0:00,2014/7/15 0:00,豪进牌,东风牌,366067000000000000 ,364557000000000000 ,198707,198911,9,2,4,工作日,早高峰(7-9点),2015-04-08,2015年4月8日,小雨 /小雨,10℃ / 6℃,东北风 ≤3级 /东北风 ≤3级,小雨,小雨,10,6,东北风,≤3级,东北风,≤3级,day
2015-04-13 10:20:00,新民村,3、倒车的,负全部责任,不负责任,1,贵GM5681,白色,1,贵GGB159,白色,消防驾校,自培,2013/7/29 0:00,2012/11/19 0:00,吉利美日牌,观致牌,364556000000000000 ,36455551944241775X,198409,198006,10,0,4,工作日,非高峰,2015-04-13,2015年4月13日,晴 /多云,23℃ / 8℃,东北风 ≤3级 /东北风 ≤3级,晴,多云,23,8,东北风,≤3级,东北风,≤3级,day
2015-03-04 11:10:00,贵安新区,1、追尾的,负全部责任,不负责任,1,贵GL6725,白色,1,贵GP5464,白色,贵州现代驾驶培训责任有限公司,贵阳金马驾驶培训有限公司,2014/8/18 0:00,2014/1/14 0:00,五菱牌,北京现代牌,366363000000000000 ,364556000000000000 ,199203,197412,11,2,3,工作日,非高峰,2015-03-04,2015年3月4日,小雨 /小雨,6℃ / 1℃,东北风 ≤3级 /东北风 ≤3级,小雨,小雨,6,1,东北风,≤3级,东北风,≤3级,day
2015-02-26 17:00:00,都司路,7、未按规定让行的 ,负全部责任,不负责任,1,贵JN9346,黑,1,贵GL6200,银,（南明区）长安驾驶培训有限公司,吉源驾校,2010/3/3 0:00,2013/2/1 0:00,长安牌,凌派牌,366875000000000000 ,364596000000000000 ,198111,198608,17,3,2,工作日,晚高峰(17-19点),2015-02-26,2015年2月26日,阴 /小雨,12℃ / 9℃,东风 ≤3级 /南风 ≤3级,阴,小雨,12,9,东风,≤3级,南风,≤3级,day
2015-05-27 20:30:00,金阳客车站,1、追尾的,负全部责任,不负责任,1,浙C6JX54,红,0,贵GL1608,红,自培,-1,2015/2/13 0:00,-1,-1,别克,366567000000000000 ,556512000000000 ,198706,107131,20,2,5,工作日,非高峰,2015-05-27,2015年5月27日,阴 /阵雨,26℃ / 20℃,南风 ≤3级 /东北风 ≤3级,阴,阵雨,26,20,南风,≤3级,东北风,≤3级,night
2015-05-16 02:46:00,西二环,7、未按规定让行的 ,负全部责任,不负责任,1,贵AZC562,黑,1,贵GK9918,红,自培,自培,2007/7/30 0:00,2011/7/5 0:00,奥迪牌,大众汽车牌,366361000000000000 ,364066000000000000 ,198112,199101,2,5,5,工作日,非高峰,2015-05-16,2015年5月16日,阴 /雷阵雨,23℃ / 17℃,东北风 ≤3级 /东风 ≤3级,阴,雷阵雨,23,17,东北风,≤3级,东风,≤3级,night
2015-04-07 18:00:00,中山南路,1、追尾的,负全部责任,不负责任,0,贵A12G99,蓝,1,贵GP0483,银,-1,贵工驾校,-1,2013/5/13 0:00,福特牌,起亚牌,64542500000000000 ,66569500000000000 ,197509,196211,18,1,4,工作日,晚高峰(17-19点),2015-04-07,2015年4月7日,小雨 /小雨,9℃ / 5℃,东北风 ≤3级 /东北风 ≤3级,小雨,小雨,9,5,东北风,≤3级,东北风,≤3级,day
2015-04-03 18:30:00,沙冲南路,7、未按规定让行的 ,负全部责任,不负责任,1,贵A123A9,白色,1,贵GP9286,白色,-1,吉源驾校,-1,2013/12/4 0:00,五菱牌,长安牌,74367500000000000 ,366368000000000000 ,196806,198205,18,4,4,工作日,晚高峰(17-19点),2015-04-03,2015年4月3日,多云 /多云,30℃ / 19℃,南风 ≤3级 /南风 ≤3级,多云,多云,30,19,南风,≤3级,南风,≤3级,day
2015-05-24 17:20:00,延安南路,7、未按规定让行的 ,负全部责任,不负责任,1,鄂S48993,红,1,贵GQ4319,白,-1,-1,-1,-1,-1,东风雪铁龙牌,784962000000000000 ,74860500000000000 ,197509,199006,17,6,5,周末,晚高峰(17-19点),2015-05-24,2015年5月24日,多云 /阴,24℃ / 18℃,东风 ≤3级 /东南风 ≤3级,多云,阴,24,18,东风,≤3级,东南风,≤3级,day
2015-02-08 17:35:00,田园北路,7、未按规定让行的 ,负全部责任,不负责任,1,贵A44H95,白色,1,贵GM3525,白色,新天驾校,-1,2013/5/14 0:00,-1,北京牌,揽胜极光,364557000000000000 ,364556000000000000 ,198805,198301,17,6,2,周末,晚高峰(17-19点),2015-02-08,2015年2月8日,阴 /阴,7℃ / 3℃,东北风 ≤3级 /南风 ≤3级,阴,阴,7,3,东北风,≤3级,南风,≤3级,day
2015-05-23 10:00:00,花果园,1、追尾的,负全部责任,不负责任,1,贵A7443V,红,1,贵GQ8839,白,-1,贵州省长安驾驶培训学校,-1,2011/6/13 0:00,长安牌,宝马牌,784691000000000000 ,764962000000000000 ,198709,197705,10,5,5,工作日,非高峰,2015-05-23,2015年5月23日,阵雨 /阴,19℃ / 14℃,东北风 ≤3级 /东北风 ≤3级,阵雨,阴,19,14,东北风,≤3级,东北风,≤3级,day
2015-03-01 17:00:00,东站,7、未按规定让行的 ,负全部责任,不负责任,1,贵A261E1,白色,1,贵GP4628,白色,黔西县宏远黔职驾校有限公司,吉源驾校,-1,2011/10/13 0:00,江铃牌,五菱牌,366068000000000000 ,366669000000000000 ,197702,197010,17,6,3,周末,晚高峰(17-19点),2015-03-01,2015年3月1日,阴 /阴,9℃ / 3℃,东风 ≤3级 /南风 ≤3级,阴,阴,9,3,东风,≤3级,南风,≤3级,day
2015-03-04 11:25:00,白云区,1、追尾的,负全部责任,不负责任,1,贵AK6311,黑,1,贵GL8371,白,自培,吉源驾校（南明区）,2015/1/26 0:00,2002/12/1 0:00,三铃牌,起亚牌,366064000000000000 ,364557000000000000 ,197808,197010,11,2,3,工作日,非高峰,2015-03-04,2015年3月4日,小雨 /小雨,6℃ / 1℃,东北风 ≤3级 /东北风 ≤3级,小雨,小雨,6,1,东北风,≤3级,东北风,≤3级,day
2015-03-24 07:30:00,八鸽岩,1、追尾的,负全部责任,不负责任,1,贵AKT711,白,1,贵GP1581,银,自培,顺一驾驶培训学校,2003/8/13 0:00,2010/9/17 0:00,福田牌,思域(CIVIC)牌,366366000000000000 ,364556000000000000 ,197302,197908,7,1,3,工作日,早高峰(7-9点),2015-03-24,2015年3月24日,小雨 /阵雨,13℃ / 7℃,东北风 ≤3级 /东北风 ≤3级,小雨,阵雨,13,7,东北风,≤3级,东北风,≤3级,day
2015-04-15 10:10:00,下坝,1、追尾的,负全部责任,不负责任,1,贵GM6819,银,1,贵AEX289,黑,520130,十一培,2008/4/15 0:00,1995/12/18 0:00,东风牌,傲虎,36684551815458567X,36455551864867447X,197910,197207,10,2,4,工作日,非高峰,2015-04-15,2015年4月15日,多云 /多云,24℃ / 16℃,东南风 ≤3级 /南风 ≤3级,多云,多云,24,16,东南风,≤3级,南风,≤3级,day
2015-02-26 11:10:00,省党校门口,1、追尾的,负全部责任,不负责任,1,贵A4414Y,白色,1,贵GL5352,白色,黔丰驾校,自培,2013/11/13 0:00,2004/4/16 0:00,长安牌,风神,354670000000000000 ,364548000000000000 ,197411,197210,11,3,2,工作日,非高峰,2015-02-26,2015年2月26日,阴 /小雨,12℃ / 9℃,东风 ≤3级 /南风 ≤3级,阴,小雨,12,9,东风,≤3级,南风,≤3级,day
2015-05-27 20:30:00,二铺至金阳客车站,1、追尾的,负全部责任,不负责任,1,浙C6JX54,红,0,贵GL1608,白,自培,自培,2015/2/13 0:00,2010/6/13 0:00,-1,别克,366567000000000000 ,364557000000000000 ,198706,199107,20,2,5,工作日,非高峰,2015-05-27,2015年5月27日,阴 /阵雨,26℃ / 20℃,南风 ≤3级 /东北风 ≤3级,阴,阵雨,26,20,南风,≤3级,东北风,≤3级,night
2015-04-25 22:30:00,市体育馆高架桥,7、未按规定让行的 ,负全部责任,不负责任,1,贵A28K34,白色,1,贵GP5148,白色,金大驾校（南明区）,自培,2015/3/19 0:00,2012/5/28 0:00,思域牌,大众牌,364547000000000000 ,366061000000000000 ,198610,197404,22,5,4,工作日,非高峰,2015-04-25,2015年4月25日,阴 /阵雨,20℃ / 11℃,东风 ≤3级 /东南风 ≤3级,阴,阵雨,20,11,东风,≤3级,东南风,≤3级,night
2015-04-12 16:10:00,金阳客车站,7、未按规定让行的 ,负全部责任,不负责任,1,贵HQ7559,黑,1,贵AU3909,蓝,-1,520136,-1,2010/4/26 0:00,别克牌,瑞麒牌,74667500000000000 ,36606751154666275X,197612,199102,16,6,4,周末,非高峰,2015-04-12,2015年4月12日,晴 /多云,21℃ / 7℃,东风 ≤3级 /东风 ≤3级,晴,多云,21,7,东风,≤3级,东风,≤3级,day
2015-03-12 18:00:00,八匹马,7、未按规定让行的 ,负全部责任,不负责任,1,贵HD2149,黑,1,贵AE0013,白,-1,黔南州兴鑫驾驶员培训学校,-1,-1,东风标致牌,雷克牌,366246000000000000 ,366867000000000000 ,196908,198410,18,3,3,工作日,晚高峰(17-19点),2015-03-12,2015年3月12日,多云 /多云,16℃ / 10℃,南风 ≤3级 /南风 ≤3级,多云,多云,16,10,南风,≤3级,南风,≤3级,day
2015-03-05 13:30:00,八匹马,8、依法应负全责的其他情形,负全部责任,不负责任,1,贵AB251X,蓝,1,贵GR4255,白,贵州晨运驾驶培训学校,新华驾校,2011/7/13 0:00,2010/8/31 0:00,雪佛兰牌,江淮牌,366068000000000000 ,364548000000000000 ,197706,198808,13,3,3,工作日,非高峰,2015-03-05,2015年3月5日,小雨 /小雨,4℃ / 1℃,东北风 ≤3级 /东北风 ≤3级,小雨,小雨,4,1,东北风,≤3级,东北风,≤3级,day
2015-04-15 11:55:00,白云南路,8、依法应负全责的其他情形,负全部责任,不负责任,1,贵GM3722,红,1,贵GR4171,红,金大驾校,（南明区）阳光驾驶培训有限公司,2013/10/16 0:00,2013/2/1 0:00,马自达牌,北京现代牌,366346000000000000 ,256868000000000000 ,197810,198408,11,2,4,工作日,非高峰,2015-04-15,2015年4月15日,多云 /多云,24℃ / 16℃,东南风 ≤3级 /南风 ≤3级,多云,多云,24,16,东南风,≤3级,南风,≤3级,day
2015-04-14 15:30:00,中曹司,3、倒车的,负全部责任,不负责任,1,贵GR4678,白色,1,贵A7AS34,白色,铁二局驾校,自培,2014/12/1 0:00,2012/12/26 0:00,丰田牌,迈凯B5,344661000000000000 ,36454651874153346X,198501,197309,15,1,4,工作日,非高峰,2015-04-14,2015年4月14日,晴 /多云,22℃ / 9℃,东风 ≤3级 /东风 ≤3级,晴,多云,22,9,东风,≤3级,东风,≤3级,day
2015-04-14 16:50:00,二戈寨,7、未按规定让行的 ,负全部责任,不负责任,1,贵A61H32,白色,1,贵HL2984,白色,诚信驾驶培训学校,-1,2012/2/13 0:00,-1,马自达牌,福特牌,364547000000000000 ,366246000000000000 ,196301,199201,16,1,4,工作日,非高峰,2015-04-14,2015年4月14日,晴 /多云,22℃ / 9℃,东风 ≤3级 /东风 ≤3级,晴,多云,22,9,东风,≤3级,东风,≤3级,day
2015-05-27 15:50:00,观山东路,1、追尾的,负全部责任,不负责任,1,贵AHP742,白,1,贵GR2403,白,-1,520133,-1,2008/9/27 0:00,金杯牌,五菱牌,256246000000000000 ,74365500000000000 ,197203,197403,15,2,5,工作日,非高峰,2015-05-27,2015年5月27日,阴 /阵雨,26℃ / 20℃,南风 ≤3级 /东北风 ≤3级,阴,阵雨,26,20,南风,≤3级,东北风,≤3级,day
2015-05-29 11:00:00,金朱西路,7、未按规定让行的 ,负全部责任,不负责任,1,晋APG582,红,1,贵GV9313,黑,-1,景宏驾校,-1,2010/12/23 0:00,-1,红旗,774769000000000000 ,364566000000000000 ,197004,198703,11,4,5,工作日,非高峰,2015-05-29,2015年5月29日,阵雨 /阵雨,24℃ / 17℃,东南风 ≤3级 /东北风 ≤3级,阵雨,阵雨,24,17,东南风,≤3级,东北风,≤3级,day
2015-03-19 16:25:00,八匹马,9、不符合前8款规定或者双方同时具有上述情形的,负同等责任,负同等责任,1,贵A5473A,黑,1,贵GQ9020,黄,-1,十一培,-1,1996/8/28 0:00,东风牌,金旅牌,376570000000000000 ,366368000000000000 ,198503,195802,16,3,3,工作日,非高峰,2015-03-19,2015年3月19日,多云 /阵雨,26℃ / 12℃,南风 ≤3级 /东北风 ≤3级,多云,阵雨,26,12,南风,≤3级,东北风,≤3级,day
2015-04-30 15:37:00,金阳,1、追尾的,负全部责任,不负责任,1,贵A747C7,红,1,贵JAC315,白,-1,自培,-1,2005/11/9 0:00,力帆牌,大众汽车牌,366664000000000000 ,364548000000000000 ,199008,198606,15,3,4,工作日,非高峰,2015-04-30,2015年4月30日,阵雨 /阵雨,25℃ / 17℃,东南风 ≤3级 /东南风 ≤3级,阵雨,阵雨,25,17,东南风,≤3级,东南风,≤3级,day
2015-04-08 11:40:00,花果园,8、依法应负全责的其他情形,负全部责任,不负责任,1,贵JBU737,白色,1,贵A6CE26,白色,-1,自培,-1,2006/6/12 0:00,吉利牌,晶锐牌,706363000000000000 ,364547000000000000 ,197912,197107,11,2,4,工作日,非高峰,2015-04-08,2015年4月8日,小雨 /小雨,10℃ / 6℃,东北风 ≤3级 /东北风 ≤3级,小雨,小雨,10,6,东北风,≤3级,东北风,≤3级,day
2015-02-12 10:00:00,宜家商城,7、未按规定让行的 ,负全部责任,不负责任,1,贵A9690T,白色,1,贵GP4090,白色,自培,自培,2004/4/30 0:00,2005/5/9 0:00,大众汽车牌,开利星空X6,36636351384564965X,366064000000000000 ,195701,198101,10,3,2,工作日,非高峰,2015-02-12,2015年2月12日,多云 /多云,15℃ / 5℃,南风 ≤3级 /南风 ≤3级,多云,多云,15,5,南风,≤3级,南风,≤3级,day
2015-05-12 19:05:00,中坝,7、未按规定让行的 ,负全部责任,不负责任,1,贵AMH987,白,1,贵GV9313,红,黔南剑江汽车驾驶培训学校,景宏驾校,-1,2010/12/23 0:00,五菱牌,红旗,366863000000000000 ,364566000000000000 ,199012,198703,19,1,5,工作日,晚高峰(17-19点),2015-05-12,2015年5月12日,阴 /雷阵雨,24℃ / 13℃,南风 ≤3级 /南风 ≤3级,阴,雷阵雨,24,13,南风,≤3级,南风,≤3级,day
2015-04-15 18:30:00,百花山,1、追尾的,负全部责任,不负责任,0,贵A7AF93,白,0,贵JAL775,白,（南明区）现代驾驶培训有限公司,金筑驾校,2009/7/28 0:00,2005/1/4 0:00,奇瑞牌,大众汽车牌,364568000000000000 ,664557000000000000 ,198701,198310,18,2,4,工作日,晚高峰(17-19点),2015-04-15,2015年4月15日,多云 /多云,24℃ / 16℃,东南风 ≤3级 /南风 ≤3级,多云,多云,24,16,东南风,≤3级,南风,≤3级,day
2015-05-17 14:00:00,次南门,7、未按规定让行的 ,负全部责任,不负责任,1,贵FAY107,黑,1,贵J66752,红,-1,贵州现代驾驶培训责任有限公司,-1,2011/6/24 0:00,-1,菲亚特牌,366270000000000000 ,366061000000000000 ,198908,198808,14,6,5,周末,非高峰,2015-05-17,2015年5月17日,阵雨 /雷阵雨,25℃ / 17℃,东北风 ≤3级 /南风 ≤3级,阵雨,雷阵雨,25,17,东北风,≤3级,南风,≤3级,day
2015-03-20 15:10:00,花溪大道,7、未按规定让行的 ,负全部责任,不负责任,1,贵4565962,白色,1,贵A66Y59,白色,顺一驾驶培训学校,自培,2009/12/22 0:00,2001/4/10 0:00,-1,中华牌,366361000000000000 ,36454751954943097X,197012,198108,15,4,3,工作日,非高峰,2015-03-20,2015年3月20日,阴 /阵雨,14℃ / 10℃,东北风 ≤3级 /东北风 ≤3级,阴,阵雨,14,10,东北风,≤3级,东北风,≤3级,day
2015-05-19 10:00:00,南二环,7、未按规定让行的 ,负全部责任,不负责任,1,贵AZS967,白色,1,贵A056B1,白色,自培,文通驾校,2003/5/19 0:00,2012/5/21 0:00,-1,解放牌,364556000000000000 ,366064000000000000 ,197008,197307,10,1,5,工作日,非高峰,2015-05-19,2015年5月19日,阵雨 /大雨,25℃ / 18℃,东北风 ≤3级 /南风 ≤3级,阵雨,大雨,25,18,东北风,≤3级,南风,≤3级,day
2015-02-11 14:36:00,南明区杨家山,7、未按规定让行的 ,负全部责任,不负责任,1,贵A29H27,白色,1,贵JA5992,白色,自培,-1,2004/11/12 0:00,-1,长城牌,三菱牌,36636751214664447X,355468000000000000 ,196902,198309,14,2,2,工作日,非高峰,2015-02-11,2015年2月11日,多云 /多云,11℃ / 3℃,东风 ≤3级 /东北风 ≤3级,多云,多云,11,3,东风,≤3级,东北风,≤3级,day
2015-05-07 19:27:00,小河金竹镇,7、未按规定让行的 ,负全部责任,不负责任,1,贵A5617J,白色,1,贵AC449X,白色,-1,自培,-1,2004/11/24 11:02,-1,宝马,355566000000000000 ,366577000000000000 ,197512,198506,19,3,5,工作日,晚高峰(17-19点),2015-05-07,2015年5月7日,阵雨 /雷阵雨,23℃ / 17℃,东南风 ≤3级 /东南风 ≤3级,阵雨,雷阵雨,23,17,东南风,≤3级,东南风,≤3级,day
2015-05-12 12:00:00,遵义路,7、未按规定让行的 ,负全部责任,不负责任,1,贵AJB324,白色,1,贵AE0710,白色,自培,自培,2002/12/16 0:00,2003/4/25 0:00,北京牌,钱江牌,366668000000000000 ,364548000000000000 ,197302,198102,12,1,5,工作日,非高峰,2015-05-12,2015年5月12日,阴 /雷阵雨,24℃ / 13℃,南风 ≤3级 /南风 ≤3级,阴,雷阵雨,24,13,南风,≤3级,南风,≤3级,day
2015-03-08 09:12:00,龙洞堡,8、依法应负全责的其他情形,负全部责任,不负责任,1,贵A7815,银,0,贵A67P75,银,-1,顺一驾驶培训学校,-1,2012/5/5 0:00,比亚迪牌,雪铁龙1998CC轻型客车,364550000000000000 ,364596000000000000 ,198208,198007,9,6,3,周末,早高峰(7-9点),2015-03-08,2015年3月8日,小雨 /阴,11℃ / 6℃,东北风 ≤3级 /东北风 ≤3级,小雨,阴,11,6,东北风,≤3级,东北风,≤3级,day
2015-03-10 11:20:00,云峰大道,8、依法应负全责的其他情形,负全部责任,不负责任,1,贵A2E642,银,1,贵AU5521,绿,-1,（乌当区）新天驾驶培训有限公司,-1,2007/5/21 0:00,五菱牌,宗申牌,35616351215550271X,364568000000000000 ,196911,198804,11,1,3,工作日,非高峰,2015-03-10,2015年3月10日,小雨 /小雨,8℃ / 4℃,东北风 ≤3级 /东北风 ≤3级,小雨,小雨,8,4,东北风,≤3级,东北风,≤3级,day
2015-04-27 18:30:00,邮电大楼,7、未按规定让行的 ,负全部责任,不负责任,1,贵ATJ709,蓝,1,贵AW7469,白,预约考试窗口,铁二局驾校,1993/3/7 0:00,2013/8/28 0:00,威志牌,揽胜极光,36454651204341405X,364557000000000000 ,196405,199205,18,0,4,工作日,晚高峰(17-19点),2015-04-27,2015年4月27日,阴 /雷阵雨,21℃ / 14℃,东南风 ≤3级 /东北风 ≤3级,阴,雷阵雨,21,14,东南风,≤3级,东北风,≤3级,day
2015-05-24 14:00:00,观山东路,7、未按规定让行的 ,负全部责任,不负责任,0,贵AVL113,黑,0,贵A26E82,蓝,镇宁宏伟驾校,消防驾校,-1,2013/3/5 0:00,福特牌,东南牌,364547000000000 ,364548000000000000 ,730611,198509,14,6,5,周末,非高峰,2015-05-24,2015年5月24日,多云 /阴,24℃ / 18℃,东风 ≤3级 /东南风 ≤3级,多云,阴,24,18,东风,≤3级,东南风,≤3级,day