accidenttime,accidentaddr,driver1fault,driver1responsibility,driver2responsibility,sex1,platenumber1,carcolor1,sex2,platenumber2,carcolor2,jxmc1,jxmc2,cclzrq1,cclzrq2,clpp1,clpp2,driver1license,driver2license,brith1,brith2,hour,weekday,month,is_weekday,peak_hour,date,日期,天气状况,气温,风力风向,day_wea,night_wea,day_tep,night_tep,day_wind_direction,day_wind_speed,night_wind_direction,night_wind_speed,segment
2015-02-06 22:30:00,花香村,1、追尾的,负全部责任,不负责任,1,贵ASB567,银,1,贵A43S96,蓝,自培,阳光驾校,2007/9/7 0:00,2013/9/9 0:00,丰田牌,丰田(TOYOTA))牌,364548000000000000 ,764997000000000000 ,198812,198503,22,4,2,工作日,非高峰,2015-02-06,2015年2月6日,多云 /小雨,9℃ / 2℃,南风 ≤3级 /南风 ≤3级,多云,小雨,9,2,南风,≤3级,南风,≤3级,night
2015-03-08 17:00:00,金朱东路,5、开关车门的,负全部责任,不负责任,1,贵GGC121,红,1,贵A23G12,黑,自培,铁二局驾校,2003/6/23 0:00,2011/11/23 0:00,一汽牌,朗逸牌,364548000000000000 ,366361000000000000 ,196908,196705,17,6,3,周末,晚高峰(17-19点),2015-03-08,2015年3月8日,小雨 /阴,11℃ / 6℃,东北风 ≤3级 /东北风 ≤3级,小雨,阴,11,6,东北风,≤3级,东北风,≤3级,day
2015-02-08 15:05:00,轮胎厂,7、未按规定让行的 ,负全部责任,不负责任,1,贵A7C026,银,1,贵ADE845,银,自培,-1,2011/11/11 0:00,-1,五菱牌,夏利牌,366063000000000000 ,36455500000000000 ,197208,979012,15,6,2,周末,非高峰,2015-02-08,2015年2月8日,阴 /阴,7℃ / 3℃,东北风 ≤3级 /南风 ≤3级,阴,阴,7,3,东北风,≤3级,南风,≤3级,day
2015-03-31 01:00:00,备战路,7、未按规定让行的 ,负全部责任,不负责任,1,贵A2B603,白色,1,贵AAU471,白色,自培,-1,2007/10/17 0:00,-1,江淮牌,长安牌,366367000000000000 ,36637500000000000 ,198105,198803,1,1,3,工作日,非高峰,2015-03-31,2015年3月31日,多云 /多云,28℃ / 19℃,南风 ≤3级 /南风 ≤3级,多云,多云,28,19,南风,≤3级,南风,≤3级,night
2015-04-19 17:17:00,北京西路,7、未按规定让行的 ,负全部责任,不负责任,0,贵ACU927,黑,1,贵A27P46,蓝,-1,十一培,-1,1998/6/5 0:00,中顺牌,波罗,954677000000000000 ,364548000000000000 ,197307,196904,17,6,4,周末,晚高峰(17-19点),2015-04-19,2015年4月19日,阵雨 /阵雨,22℃ / 13℃,东北风 ≤3级 /东北风 ≤3级,阵雨,阵雨,22,13,东北风,≤3级,东北风,≤3级,day
2015-04-02 17:35:00,次南门,1、追尾的,负全部责任,不负责任,1,贵AQS006,白色,1,贵AU6816,白色,（南明区）吉源驾驶培训有限公司,十一培,2010/3/24 0:00,1996/8/25 0:00,福特牌,恒通客车牌,54596500000000000 ,36454751394560767X,198705,195801,17,3,4,工作日,晚高峰(17-19点),2015-04-02,2015年4月2日,多云 /多云,30℃ / 18℃,南风 ≤3级 /南风 ≤3级,多云,多云,30,18,南风,≤3级,南风,≤3级,day
2015-05-28 13:00:00,花溪,7、未按规定让行的 ,负全部责任,不负责任,1,贵AVA374,白色,1,贵AU7643,白色,吉源驾校（南明区）,十一培,2010/11/16 0:00,1987/6/9 0:00,丰田牌,捷达牌,364556000000000000 ,364547000000000000 ,199103,196507,13,3,5,工作日,非高峰,2015-05-28,2015年5月28日,多云 /雷阵雨,29℃ / 19℃,南风 ≤3级 /东南风 ≤3级,多云,雷阵雨,29,19,南风,≤3级,东南风,≤3级,day
2015-04-18 14:05:00,化工路,7、未按规定让行的 ,负同等责任,负同等责任,1,贵AC354L,银,0,贵ASF135,红,-1,自培,-1,2007/11/8 0:00,东风雪铁龙牌,大众汽车牌,356168000000000000 ,36454751984162760X,195105,198709,14,5,4,工作日,非高峰,2015-04-18,2015年4月18日,多云 /雷阵雨,29℃ / 16℃,南风 ≤3级 /南风 ≤3级,多云,雷阵雨,29,16,南风,≤3级,南风,≤3级,day
2015-04-08 14:30:00,乌当区航天大道,7、未按规定让行的 ,负全部责任,不负责任,1,贵CHK464,白色,1,贵AA4492,白色,贵州平安驾驶培训学校,自培,2014/1/22 0:00,2004/3/15 0:00,解放牌,嘉陵,366562000000000000 ,366566000000000000 ,198209,197111,14,2,4,工作日,非高峰,2015-04-08,2015年4月8日,小雨 /小雨,10℃ / 6℃,东北风 ≤3级 /东北风 ≤3级,小雨,小雨,10,6,东北风,≤3级,东北风,≤3级,day
2015-03-14 20:35:00,金阳大道,8、依法应负全责的其他情形,负全部责任,不负责任,1,贵GV4954,黑,1,贵ANR629,白,六盘水市宏安驾驶培训学校,520110,2003/1/9 0:00,-1,大众牌,福田牌,36634651905558005X,366577000000000000 ,198411,197906,20,5,3,工作日,非高峰,2015-03-14,2015年3月14日,阴 /阴,17℃ / 12℃,南风 ≤3级 /东南风 ≤3级,阴,阴,17,12,南风,≤3级,东南风,≤3级,night
2015-05-28 13:45:00,花果园,4、停车时未挂低速档、未拉驻车制动，导致车辆滑行的,负全部责任,不负责任,1,贵A78F67,白,1,贵AU3156,黄,黔丰驾校（花溪区）,文通驾校,2015/3/24 0:00,2011/12/8 0:00,一汽佳星牌,宝来牌,364547000000000000 ,364566000000000000 ,198703,198912,13,3,5,工作日,非高峰,2015-05-28,2015年5月28日,多云 /雷阵雨,29℃ / 19℃,南风 ≤3级 /东南风 ≤3级,多云,雷阵雨,29,19,南风,≤3级,东南风,≤3级,day
2015-05-03 10:30:00,小河,1、追尾的,负全部责任,不负责任,0,贵AB045V,红,1,贵A14246,白,贵州现代驾驶培训责任有限公司,贵州省长安驾驶培训学校,2011/12/21 0:00,2014/8/25 0:00,雪铁龙,世纪风,364547000000000000 ,366562000000000000 ,198801,199501,10,6,5,周末,非高峰,2015-05-03,2015年5月3日,阵雨 /阵雨,25℃ / 15℃,东北风 ≤3级 /东北风 ≤3级,阵雨,阵雨,25,15,东北风,≤3级,东北风,≤3级,day
2015-03-14 20:00:00,青岩,7、未按规定让行的 ,负全部责任,不负责任,1,贵AYY625,黑色,1,贵A7BB36,黑色,贵州现代驾驶培训责任有限公司,520126,2012/6/26 0:00,2008/8/28 0:00,奥迪牌,桑塔纳,364548000000000000 ,36459551924165098X,199007,198609,20,5,3,工作日,非高峰,2015-03-14,2015年3月14日,阴 /阴,17℃ / 12℃,南风 ≤3级 /东南风 ≤3级,阴,阴,17,12,南风,≤3级,东南风,≤3级,night
2015-03-06 19:30:00,大营坡,7、未按规定让行的 ,负全部责任,不负责任,1,贵AU3192,黑色,1,贵GV5755,白色,时发驾校,吉源驾校,2010/12/16 0:00,2013/8/29 0:00,瑞麒牌,东风日产牌,36634651884365775X,364548000000000000 ,197705,195711,19,4,3,工作日,晚高峰(17-19点),2015-03-06,2015年3月6日,小雨 /小雨,5℃ / 3℃,东北风 ≤3级 /东北风 ≤3级,小雨,小雨,5,3,东北风,≤3级,东北风,≤3级,day
2015-05-07 15:30:00,东二环,7、未按规定让行的 ,负全部责任,不负责任,1,贵A94P27,黄,1,贵A66V61,黑,自培,自培,2004/12/30 0:00,2004/12/1 0:00,威志牌,大众牌,366577000000000000 ,364547000000000000 ,198209,198508,15,3,5,工作日,非高峰,2015-05-07,2015年5月7日,阵雨 /雷阵雨,23℃ / 17℃,东南风 ≤3级 /东南风 ≤3级,阵雨,雷阵雨,23,17,东南风,≤3级,东南风,≤3级,day
2015-03-20 10:04:00,老客站,9、不符合前8款规定或者双方同时具有上述情形的,负同等责任,负同等责任,1,贵AF3472,黑,1,贵A13M35,白,六盘水市昌达驾驶培训学校,六盘水市昌达驾驶培训学校,2001/9/25 0:00,2007/3/5 0:00,大江牌,福克斯牌,366566000000000000 ,364547000000000000 ,196603,198108,10,4,3,工作日,非高峰,2015-03-20,2015年3月20日,阴 /阵雨,14℃ / 10℃,东北风 ≤3级 /东北风 ≤3级,阴,阵雨,14,10,东北风,≤3级,东北风,≤3级,day
2015-05-15 21:35:00,宝福山,7、未按规定让行的 ,负全部责任,不负责任,1,贵A4BA77,红,1,贵ASF313,白,新天驾校,文通驾校,2012/10/18 0:00,2012/3/21 0:00,雪佛兰CHEVROLET,高尔夫牌,36456551144745305X,366369000000000000 ,199003,198908,21,4,5,工作日,非高峰,2015-05-15,2015年5月15日,阵雨 /阵雨,25℃ / 16℃,东北风 ≤3级 /东北风 ≤3级,阵雨,阵雨,25,16,东北风,≤3级,东北风,≤3级,night
2015-04-23 20:30:00,大营坡,8、依法应负全责的其他情形,负全部责任,不负责任,1,贵A98039,黄,1,贵AJW754,黑,六盘水市黔龙驾驶培训学校,-1,2008/1/28 0:00,-1,陕汽牌,比亚迪牌,366267000000000000 ,356746000000000000 ,197311,196903,20,3,4,工作日,非高峰,2015-04-23,2015年4月23日,阴 /小雨,16℃ / 10℃,东北风 ≤3级 /东北风 ≤3级,阴,小雨,16,10,东北风,≤3级,东北风,≤3级,night
2015-05-20 06:50:00,山林路,9、不符合前8款规定或者双方同时具有上述情形的,负同等责任,负同等责任,1,贵A15B46,红,1,贵AF6929,黑,贵州省长安驾驶培训学校,贵州省长安驾驶培训学校,2011/7/14 0:00,2014/12/24 0:00,宝来牌,颐达牌,364548000000000000 ,364548000000000000 ,196105,197207,6,2,5,工作日,非高峰,2015-05-20,2015年5月20日,阴 /阵雨,23℃ / 17℃,东北风 ≤3级 /东北风 ≤3级,阴,阵雨,23,17,东北风,≤3级,东北风,≤3级,day
2015-02-15 15:00:00,师大,7、未按规定让行的 ,负全部责任,不负责任,1,贵A82S95,黄,1,贵AU6423,绿,时法驾校,公交公司驾校,2005/11/8 0:00,2005/8/26 0:00,福特牌,嘉隆牌,366570000000000000 ,366664000000000000 ,197907,197802,15,6,2,周末,非高峰,2015-02-15,2015年2月15日,多云 /阴,19℃ / 8℃,南风 ≤3级 /东北风 ≤3级,多云,阴,19,8,南风,≤3级,东北风,≤3级,day
2015-02-05 17:30:00,花香村高架桥,1、追尾的,负全部责任,不负责任,1,贵ANY328,黑色,1,贵A99K42,白色,预约考试窗口,长运驾校,1991/3/23 0:00,2014/12/9 0:00,迷你,翼搏牌,364548000000000000 ,364548000000000000 ,196801,198503,17,3,2,工作日,晚高峰(17-19点),2015-02-05,2015年2月5日,阴 /阴,3℃ / 0℃,东北风 ≤3级 /东北风 ≤3级,阴,阴,3,0,东北风,≤3级,东北风,≤3级,day
2015-03-30 08:05:00,小河,9、不符合前8款规定或者双方同时具有上述情形的,负同等责任,负同等责任,1,贵A49M73,白色,1,贵A7BV48,白色,顺一驾驶培训学校,顺一驾驶培训学校,2012/6/29 0:00,2006/10/18 0:00,长安牌,宝马牌,366567000000000000 ,364548000000000000 ,197403,198801,8,0,3,工作日,早高峰(7-9点),2015-03-30,2015年3月30日,晴 /多云,24℃ / 17℃,南风 ≤3级 /南风 ≤3级,晴,多云,24,17,南风,≤3级,南风,≤3级,day
2015-02-28 20:00:00,省府路,7、未按规定让行的 ,负全部责任,不负责任,1,贵A2CA18,黑色,1,贵ARH448,白色,自培,520115,2002/1/21 0:00,2008/1/17 0:00,大众汽车牌,丰田牌,364547000000000000 ,364551000000000000 ,198008,198812,20,5,2,工作日,非高峰,2015-02-28,2015年2月28日,小雨 /小雨,8℃ / 4℃,东北风 ≤3级 /东北风 ≤3级,小雨,小雨,8,4,东北风,≤3级,东北风,≤3级,night
2015-03-15 18:30:00,凤凰村,8、依法应负全责的其他情形,负全部责任,不负责任,1,贵AU7025,白色,1,贵AU4637,白色,自培,自培,1994/2/7 0:00,2001/4/24 0:00,金狮牌,天马牌,364548000000000000 ,364547000000000000 ,197307,197601,18,6,3,周末,晚高峰(17-19点),2015-03-15,2015年3月15日,阴 /阴,18℃ / 13℃,东风 ≤3级 /南风 ≤3级,阴,阴,18,13,东风,≤3级,南风,≤3级,day
2015-04-03 01:00:00,开发大道,1、追尾的,负全部责任,不负责任,1,贵ACT492,白色,1,贵GR6866,白色,金筑驾校,520108,2006/11/9 0:00,-1,帕萨特牌,东风标致牌,366868000000000000 ,366875000000000000 ,198110,199003,1,4,4,工作日,非高峰,2015-04-03,2015年4月3日,多云 /多云,30℃ / 19℃,南风 ≤3级 /南风 ≤3级,多云,多云,30,19,南风,≤3级,南风,≤3级,night
2015-04-15 15:30:00,都溪林场,3、倒车的,负全部责任,不负责任,1,贵A232F1,白,1,贵A58H33,白,大地驾校,诚信驾驶培训学校,-1,2011/12/15 0:00,长安牌,大众汽车牌,366368000000000000 ,366367000000000000 ,197703,196410,15,2,4,工作日,非高峰,2015-04-15,2015年4月15日,多云 /多云,24℃ / 16℃,东南风 ≤3级 /南风 ≤3级,多云,多云,24,16,东南风,≤3级,南风,≤3级,day
2015-02-12 20:50:00,艺校立交桥处,7、未按规定让行的 ,负全部责任,不负责任,1,贵G1GC187,白色,1,贵A9BE00,白色,预约考试窗口,贵州平安驾驶培训学校,-1,2014/6/23 0:00,-1,福克斯牌,366367000000000000 ,364548000000000000 ,198203,198811,20,3,2,工作日,非高峰,2015-02-12,2015年2月12日,多云 /多云,15℃ / 5℃,南风 ≤3级 /南风 ≤3级,多云,多云,15,5,南风,≤3级,南风,≤3级,night
2015-05-29 10:30:00,黔灵西路,8、依法应负全责的其他情形,负全部责任,不负责任,1,贵AJT981,红,1,贵JE5683,黄,预约考试窗口,金大驾校,2007/4/13 0:00,2012/2/23 0:00,风神牌,-1,366566000000000000 ,366870000000000000 ,197912,198410,10,4,5,工作日,非高峰,2015-05-29,2015年5月29日,阵雨 /阵雨,24℃ / 17℃,东南风 ≤3级 /东北风 ≤3级,阵雨,阵雨,24,17,东南风,≤3级,东北风,≤3级,day
2015-05-17 14:00:00,解放路,8、依法应负全责的其他情形,负全部责任,不负责任,1,贵A42W58,白色,1,闽C8776Z,白色,预约考试窗口,-1,2004/3/31 0:00,-1,索兰托,-1,364557000000000000 ,73436551945649345X,197201,198012,14,6,5,周末,非高峰,2015-05-17,2015年5月17日,阵雨 /雷阵雨,25℃ / 17℃,东北风 ≤3级 /南风 ≤3级,阵雨,雷阵雨,25,17,东北风,≤3级,南风,≤3级,day
2015-03-10 16:00:00,紫林庵,7、未按规定让行的 ,负全部责任,不负责任,1,贵A5NU254,银,1,贵AFV051,银,顺一驾驶培训学校,（经开区）十一驾驶培训有限公司,2011/2/9 0:00,2012/6/15 0:00,-1,夏利牌,364547000000000000 ,364547000000000000 ,196211,197202,16,1,3,工作日,非高峰,2015-03-10,2015年3月10日,小雨 /小雨,8℃ / 4℃,东北风 ≤3级 /东北风 ≤3级,小雨,小雨,8,4,东北风,≤3级,东北风,≤3级,day
2015-05-29 21:18:00,三桥,1、追尾的,负全部责任,不负责任,1,渝C74G75,白,1,贵AE790W,黑,预约考试窗口,-1,2006/7/6 0:00,-1,-1,吉利牌,366061000000000000 ,366068000000000000 ,197705,199511,21,4,5,工作日,非高峰,2015-05-29,2015年5月29日,阵雨 /阵雨,24℃ / 17℃,东南风 ≤3级 /东北风 ≤3级,阵雨,阵雨,24,17,东南风,≤3级,东北风,≤3级,night
2015-04-02 17:00:00,世纪城,9、不符合前8款规定或者双方同时具有上述情形的,负同等责任,负同等责任,1,贵A3EA89,银,1,贵A981A2,银,预约考试窗口,-1,2006/5/16 0:00,-1,东南牌,长安牌,364566000000000000 ,357267000000000000 ,198707,198105,17,3,4,工作日,晚高峰(17-19点),2015-04-02,2015年4月2日,多云 /多云,30℃ / 18℃,南风 ≤3级 /南风 ≤3级,多云,多云,30,18,南风,≤3级,南风,≤3级,day
2015-03-15 14:10:00,万东桥上,9、不符合前8款规定或者双方同时具有上述情形的,负同等责任,负同等责任,1,贵ATN597,白色,1,贵AU8872,白色,时法驾校,消防驾校,-1,2007/6/26 0:00,别克牌,隆鑫牌,364547000000000 ,364551000000000000 ,621116,198601,14,6,3,周末,非高峰,2015-03-15,2015年3月15日,阴 /阴,18℃ / 13℃,东风 ≤3级 /南风 ≤3级,阴,阴,18,13,东风,≤3级,南风,≤3级,day
2015-04-15 09:20:00,花溪大道,1、追尾的,负全部责任,不负责任,1,贵AMU296,白色,1,贵AH0899,白色,顺一驾驶培训学校,-1,2010/5/7 0:00,1975/10/5 0:00,吉利牌,宗申牌,364551000000000000 ,364548000000000000 ,197211,195201,9,2,4,工作日,早高峰(7-9点),2015-04-15,2015年4月15日,多云 /多云,24℃ / 16℃,东南风 ≤3级 /南风 ≤3级,多云,多云,24,16,东南风,≤3级,南风,≤3级,day
2015-04-10 18:30:00,鹿冲关路,9、不符合前8款规定或者双方同时具有上述情形的,负同等责任,负同等责任,1,贵A6054Y,银,0,贵A4CC60,白,预约考试窗口,预约考试窗口,-1,2007/5/8 0:00,朗风牌,吉姆尼,354767000000000000 ,366363000000000000 ,197501,197408,18,4,4,工作日,晚高峰(17-19点),2015-04-10,2015年4月10日,小雨 /小雨,12℃ / 8℃,东北风 ≤3级 /东北风 ≤3级,小雨,小雨,12,8,东北风,≤3级,东北风,≤3级,day
2015-02-02 08:40:00,中华中路,1、追尾的,负全部责任,不负责任,1,贵AU0202,绿色,0,贵A75U36,白,自培,无,2007/4/29 0:00,2009/10/23 0:00,奇瑞牌,-1,364548000000000000 ,364548000000000000 ,198811,199004,8,0,2,工作日,早高峰(7-9点),2015-02-02,2015年2月2日,阴 /小雨,7℃ / 3℃,南风 ≤3级 /东南风 ≤3级,阴,小雨,7,3,南风,≤3级,东南风,≤3级,day
2015-02-11 14:20:00,甲秀南路下坝隧道口,1、追尾的,负全部责任,不负责任,1,贵A509A5,银,1,贵A1B33警,白,黔中驾校大方分校,-1,2003/4/7 0:00,-1,解放牌,-1,366361000000000000 ,36656051994846248X,197006,198807,14,2,2,工作日,非高峰,2015-02-11,2015年2月11日,多云 /多云,11℃ / 3℃,东风 ≤3级 /东北风 ≤3级,多云,多云,11,3,东风,≤3级,东北风,≤3级,day
2015-05-13 21:00:00,四方河,7、未按规定让行的 ,负全部责任,不负责任,1,贵CHT461,白色,1,贵A056D2,白色,遵义市大刚机动车驾驶人培训有限公司,-1,2014/11/5 0:00,-1,北京现代牌,南骏牌,366564000000000000 ,366067000000000000 ,198202,198740,21,2,5,工作日,非高峰,2015-05-13,2015年5月13日,多云 /阵雨,26℃ / 19℃,东南风 ≤3级 /东南风 ≤3级,多云,阵雨,26,19,东南风,≤3级,东南风,≤3级,night
2015-04-24 17:46:00,金苏大道,8、依法应负全责的其他情形,负全部责任,不负责任,1,贵AGM916,白,1,贵GQ0918,黑,黔中驾校大方分校,520116,2003/4/7 0:00,1999/10/22 0:00,宝来(BORA),起亚牌,366361000000000000 ,366361000000000000 ,197006,198106,17,4,4,工作日,晚高峰(17-19点),2015-04-24,2015年4月24日,阴 /小雨,16℃ / 11℃,东风 ≤3级 /东风 ≤3级,阴,小雨,16,11,东风,≤3级,东风,≤3级,day
2015-05-05 22:00:00,邮电大楼,1、追尾的,负全部责任,不负责任,1,贵AU0202,白色,1,贵AC0111,白色,自培,全林驾校,2007/4/29 0:00,2011/12/7 0:00,万达牌,隆鑫牌,364548000000000000 ,364596000000000000 ,198811,199306,22,1,5,工作日,非高峰,2015-05-05,2015年5月5日,阵雨 /阵雨,21℃ / 15℃,南风 ≤3级 /南风 ≤3级,阵雨,阵雨,21,15,南风,≤3级,南风,≤3级,night
2015-05-10 10:26:00,贵开路,7、未按规定让行的 ,负全部责任,不负责任,1,贵CHT461,红,1,贵A7294E,红,遵义市大刚机动车驾驶人培训有限公司,遵义市大刚机动车驾驶人培训有限公司,2014/11/5 0:00,2004/1/13 0:00,北京现代牌,-1,366564000000000000 ,364557000000000000 ,198202,198507,10,6,5,周末,非高峰,2015-05-10,2015年5月10日,阵雨 /雷阵雨,25℃ / 14℃,南风 ≤3级 /南风 ≤3级,阵雨,雷阵雨,25,14,南风,≤3级,南风,≤3级,day
2015-04-12 10:40:00,金竹立交,1、追尾的,负全部责任,不负责任,1,贵A99C67,白色,1,鲁U96695,白色,遵义市驰龙封闭式汽车驾驶培训有限公司,-1,2012/9/17 0:00,-1,长安牌,别克,364556000000000000 ,705667000000000000 ,198912,197005,10,6,4,周末,非高峰,2015-04-12,2015年4月12日,晴 /多云,21℃ / 7℃,东风 ≤3级 /东风 ≤3级,晴,多云,21,7,东风,≤3级,东风,≤3级,day
2015-05-17 16:52:00,狗场,9、不符合前8款规定或者双方同时具有上述情形的,负同等责任,负同等责任,1,贵CNB144,白,1,贵A82517,黄,预约考试窗口,预约考试窗口,-1,2007/7/30 0:00,-1,长安,366546000000000000 ,366368000000000000 ,197301,198412,16,6,5,周末,非高峰,2015-05-17,2015年5月17日,阵雨 /雷阵雨,25℃ / 17℃,东北风 ≤3级 /南风 ≤3级,阵雨,雷阵雨,25,17,东北风,≤3级,南风,≤3级,day
2015-05-21 18:30:00,改茶大道,7、未按规定让行的 ,负全部责任,不负责任,1,贵AU7375,黄,1,贵A6BK67,白,黔南州173驾驶学校,自培,1993/6/24 0:00,2007/11/8 0:00,隆鑫牌,斯柯达牌,366368000000000000 ,366246000000000000 ,196909,198605,18,3,5,工作日,晚高峰(17-19点),2015-05-21,2015年5月21日,阴 /阵雨,24℃ / 16℃,东风 ≤3级 /东风 ≤3级,阴,阵雨,24,16,东风,≤3级,东风,≤3级,day
2015-04-15 08:50:00,碧海 ,3、倒车的,负全部责任,不负责任,1,贵AMT241,银,1,贵A719C5,银,预约考试窗口,-1,2005/12/30 0:00,-1,福克斯牌,南骏牌,74565500000000000 ,376570000000000000 ,197008,198001,8,2,4,工作日,早高峰(7-9点),2015-04-15,2015年4月15日,多云 /多云,24℃ / 16℃,东南风 ≤3级 /南风 ≤3级,多云,多云,24,16,东南风,≤3级,南风,≤3级,day
2015-03-15 17:00:00,小河,7、未按规定让行的 ,负全部责任,不负责任,1,贵AB854X,黑色,1,贵A74K64,白色,预约考试窗口,520134,2003/1/9 0:00,2007/10/22 0:00,欧蓝德 EX,别克牌,366064000000000000 ,364547000000000000 ,197311,198505,17,6,3,周末,晚高峰(17-19点),2015-03-15,2015年3月15日,阴 /阴,18℃ / 13℃,东风 ≤3级 /南风 ≤3级,阴,阴,18,13,东风,≤3级,南风,≤3级,day
2015-05-04 09:00:00,小河,7、未按规定让行的 ,负全部责任,不负责任,1,贵A522G2,白色,1,贵AC699J,白色,自培,-1,2011/6/8 0:00,-1,长安牌,长安牌,366567000000000000 ,36455100000000000 ,196401,190021,9,0,5,工作日,早高峰(7-9点),2015-05-04,2015年5月4日,阵雨 /阵雨,20℃ / 14℃,东北风 ≤3级 /东北风 ≤3级,阵雨,阵雨,20,14,东北风,≤3级,东北风,≤3级,day
2015-04-04 09:00:00,宝山北路,7、未按规定让行的 ,负全部责任,不负责任,1,贵ARZ932,黑,1,贵GH7602,白,吉源驾校（南明区）,安顺驾校,2015/3/2 0:00,-1,威志牌,东风日产牌,364548000000000000 ,366346000000000000 ,195708,196812,9,5,4,工作日,早高峰(7-9点),2015-04-04,2015年4月4日,多云 /多云,29℃ / 18℃,南风 ≤3级 /南风 ≤3级,多云,多云,29,18,南风,≤3级,南风,≤3级,day
2015-04-10 11:40:00,云岩区,1、追尾的,负全部责任,不负责任,0,川A1PD92,黑,1,贵ASL232,黑,路路达驾校,十一驾驶培训有限公司,2013/2/3 0:00,2015/3/6 0:00,奥迪牌 ,长安牌,366347000000000000 ,364596000000000000 ,198006,199611,11,4,4,工作日,非高峰,2015-04-10,2015年4月10日,小雨 /小雨,12℃ / 8℃,东北风 ≤3级 /东北风 ≤3级,小雨,小雨,12,8,东北风,≤3级,东北风,≤3级,day
2015-04-03 08:50:00,三桥,7、未按规定让行的 ,负全部责任,不负责任,0,贵A79G34,红,1,贵HU2855,红,（乌当区）全林驾驶培训有限公司,520127,2007/1/17 0:00,2009/9/28 0:00,雪佛兰牌,宗申牌,36454751944269605X,366061000000000000 ,198006,198805,8,4,4,工作日,早高峰(7-9点),2015-04-03,2015年4月3日,多云 /多云,30℃ / 19℃,南风 ≤3级 /南风 ≤3级,多云,多云,30,19,南风,≤3级,南风,≤3级,day
2015-03-11 13:00:00,次南门,7、未按规定让行的 ,负全部责任,不负责任,1,贵A91P66,白色,1,贵A17E12,白色,预约考试窗口,路路达驾校,1999/3/9 0:00,2012/7/5 0:00,大众汽车牌,别克牌,364547000000000000 ,364558000000000000 ,197802,196506,13,2,3,工作日,非高峰,2015-03-11,2015年3月11日,阴 /小雨,8℃ / 4℃,东北风 ≤3级 /东北风 ≤3级,阴,小雨,8,4,东北风,≤3级,东北风,≤3级,day
2015-03-11 12:20:00,白云区,8、依法应负全责的其他情形,负全部责任,不负责任,1,贵A5790C,银,1,贵A6365J,黑,预约考试窗口,消防驾校,1999/4/23 0:00,2010/12/16 0:00,豪情牌,英伦牌,364558000000000000 ,364558000000000000 ,197504,198111,12,2,3,工作日,非高峰,2015-03-11,2015年3月11日,阴 /小雨,8℃ / 4℃,东北风 ≤3级 /东北风 ≤3级,阴,小雨,8,4,东北风,≤3级,东北风,≤3级,day
2015-03-24 13:30:00,腾飞路,7、未按规定让行的 ,负全部责任,不负责任,1,贵A99139,白,1,贵AR1888,白,贵阳学院汽车驾驶培训,-1,2014/10/24 0:00,-1,别克牌,丰田牌,366577000000000000 ,364547000000000000 ,199406,197711,13,1,3,工作日,非高峰,2015-03-24,2015年3月24日,小雨 /阵雨,13℃ / 7℃,东北风 ≤3级 /东北风 ≤3级,小雨,阵雨,13,7,东北风,≤3级,东北风,≤3级,day
2015-03-14 14:20:00,甲秀南路,1、追尾的,负全部责任,不负责任,1,贵A75B14,白色,1,贵CC8554,白色,（云岩区）时发驾驶培训有限公司,-1,2007/11/23 0:00,-1,三菱牌,福克斯,786167000000000000 ,06559551104569515X,198907,199401,14,5,3,工作日,非高峰,2015-03-14,2015年3月14日,阴 /阴,17℃ / 12℃,南风 ≤3级 /东南风 ≤3级,阴,阴,17,12,南风,≤3级,东南风,≤3级,day
2015-04-28 15:00:00,解放路,1、追尾的,负全部责任,不负责任,1,贵CNB238,白色,1,贵FQ0239,黑色,诚信驾驶培训学校,-1,2012/2/23 0:00,-1,大众汽车牌,比亚迪牌,366567000000000000 ,366068000000000000 ,196812,198607,15,1,4,工作日,非高峰,2015-04-28,2015年4月28日,多云 /多云,25℃ / 15℃,东北风 ≤3级 /东北风 ≤3级,多云,多云,25,15,东北风,≤3级,东北风,≤3级,day
2015-03-02 09:10:00,花溪公园,1、追尾的,负全部责任,不负责任,1,贵AU2983,白色,1,沪EE8405,黑色,自培,-1,2009/8/15 0:00,-1,瑞麒牌,奥迪,366367000000000000 ,764868000000000000 ,197712,197306,9,0,3,工作日,早高峰(7-9点),2015-03-02,2015年3月2日,阴 /小雨,9℃ / 2℃,东北风 ≤3级 /东北风 ≤3级,阴,小雨,9,2,东北风,≤3级,东北风,≤3级,day
2015-04-04 12:01:00,花果园,8、依法应负全责的其他情形,负全部责任,不负责任,1,贵AOL446,银,0,贵AS1806,银,预约考试窗口,预约考试窗口,2003/4/8 0:00,2007/5/28 0:00,-1,思迪牌,355456000000000000 ,364548000000000000 ,198212,196312,12,5,4,工作日,非高峰,2015-04-04,2015年4月4日,多云 /多云,29℃ / 18℃,南风 ≤3级 /南风 ≤3级,多云,多云,29,18,南风,≤3级,南风,≤3级,day
2015-03-24 12:20:00,园林中路,8、依法应负全责的其他情形,负全部责任,不负责任,1,贵BX0634,白色,1,贵AMH101,白色,蓝天驾校,520106,2014/9/3 0:00,2004/4/7 0:00,大众汽车牌,五菱牌,364646000000000000 ,364557000000000000 ,198111,198307,12,1,3,工作日,非高峰,2015-03-24,2015年3月24日,小雨 /阵雨,13℃ / 7℃,东北风 ≤3级 /东北风 ≤3级,小雨,阵雨,13,7,东北风,≤3级,东北风,≤3级,day