accidenttime,accidentaddr,driver1fault,driver1responsibility,driver2responsibility,sex1,platenumber1,carcolor1,sex2,platenumber2,carcolor2,jxmc1,jxmc2,cclzrq1,cclzrq2,clpp1,clpp2,driver1license,driver2license,brith1,brith2,hour,weekday,month,is_weekday,peak_hour,date,日期,天气状况,气温,风力风向,day_wea,night_wea,day_tep,night_tep,day_wind_direction,day_wind_speed,night_wind_direction,night_wind_speed,segment
2015-02-11 09:30:00,甘平路口,1、追尾的,负全部责任,不负责任,1,贵ANB864,黑色,1,贵FX7936,白色,（南明区）铁二局驾驶培训有限公司,毕节地区黔中驾校,2006/8/22 0:00,2008/8/5 0:00,奥迪,吉利美日牌,364547000000000000 ,366068000000000000 ,198507,198704,9,2,2,工作日,早高峰(7-9点),2015-02-11,2015年2月11日,多云 /多云,11℃ / 3℃,东风 ≤3级 /东北风 ≤3级,多云,多云,11,3,东风,≤3级,东北风,≤3级,day
2015-04-01 17:36:00,蟠桃宫,7、未按规定让行的 ,负全部责任,不负责任,1,贵HBH342,白色,1,贵AEB776,白色,凯信驾校,十一培,2014/12/31 0:00,1998/4/30 0:00,长安牌,比亚迪牌,364556000000000000 ,364547000000000000 ,198111,197403,17,2,4,工作日,晚高峰(17-19点),2015-04-01,2015年4月1日,多云 /多云,29℃ / 19℃,南风 ≤3级 /南风 ≤3级,多云,多云,29,19,南风,≤3级,南风,≤3级,day
2015-05-25 11:00:00,遵义路,8、依法应负全责的其他情形,负全部责任,不负责任,1,贵AU0182,黄,1,贵A88N68,白,自培,自培,2007/9/13 0:00,2003/9/12 0:00,瑞麒牌,大众汽车牌,366361000000000000 ,366576000000000000 ,198203,198303,11,0,5,工作日,非高峰,2015-05-25,2015年5月25日,多云 /阵雨,26℃ / 19℃,东南风 ≤3级 /东南风 ≤3级,多云,阵雨,26,19,东南风,≤3级,东南风,≤3级,day
2015-04-11 14:20:00,富源中路,1、追尾的,负全部责任,不负责任,1,贵AH3804,白色,1,贵A7K068,白色,黔南州173驾驶学校,凯信驾校,1993/11/21 0:00,2014/7/22 0:00,福特锐界,X5,36454651844569397X,36454651284143700X,197001,196709,14,5,4,工作日,非高峰,2015-04-11,2015年4月11日,多云 /多云,15℃ / 9℃,东北风 ≤3级 /东风 ≤3级,多云,多云,15,9,东北风,≤3级,东风,≤3级,day
2015-03-11 10:10:00,朝阳洞路,3、倒车的,负全部责任,不负责任,1,贵A33479,白色,1,贵AK4839,白色,毕节地区驾校,十一驾驶培训有限公司,2003/6/19 0:00,2008/2/28 0:00,中联牌,思迪牌,366577000000000000 ,357266000000000000 ,197507,197802,10,2,3,工作日,非高峰,2015-03-11,2015年3月11日,阴 /小雨,8℃ / 4℃,东北风 ≤3级 /东北风 ≤3级,阴,小雨,8,4,东北风,≤3级,东北风,≤3级,day
2015-04-09 12:20:00,金阳,1、追尾的,负全部责任,不负责任,1,贵AGA329,银,1,贵A0854C,红,毕节地区驾校,毕节地区黔中汽车(摩托车)驾驶培训学校,-1,2007/12/13 0:00,丰田牌,杰士达,354361000000000000 ,366046000000000000 ,198202,198608,12,3,4,工作日,非高峰,2015-04-09,2015年4月9日,阴 /小雨,11℃ / 7℃,东北风 ≤3级 /东北风 ≤3级,阴,小雨,11,7,东北风,≤3级,东北风,≤3级,day
2015-05-04 15:30:00,大营路,7、未按规定让行的 ,负全部责任,不负责任,1,贵ANW823,黑,0,贵A16B97,黑,（经开区）十一驾驶培训有限公司,520108,2008/10/27 0:00,2010/3/2 0:00,丰田牌,福特牌,366367000000000000 ,366368000000000000 ,195112,197910,15,0,5,工作日,非高峰,2015-05-04,2015年5月4日,阵雨 /阵雨,20℃ / 14℃,东北风 ≤3级 /东北风 ≤3级,阵雨,阵雨,20,14,东北风,≤3级,东北风,≤3级,day
2015-05-10 09:02:00,南垭路,7、未按规定让行的 ,负全部责任,不负责任,1,贵A9555Z,黄,1,贵A9BP87,白,文通驾校,时发驾校,2012/3/13 0:00,2011/7/6 0:00,雪佛兰牌,大众汽车牌,35486651885464511X,364548000000000000 ,197710,199002,9,6,5,周末,早高峰(7-9点),2015-05-10,2015年5月10日,阵雨 /雷阵雨,25℃ / 14℃,南风 ≤3级 /南风 ≤3级,阵雨,雷阵雨,25,14,南风,≤3级,南风,≤3级,day
2015-05-19 14:30:00,南湖路,1、追尾的,负全部责任,不负责任,1,云A5S953,红,1,贵A8761X,黑,毕节地区驾校,毕节地区黔中汽车(摩托车)驾驶培训学校,-1,2007/12/13 0:00,-1,丰田牌,354361000000000000 ,366046000000000000 ,198202,198608,14,1,5,工作日,非高峰,2015-05-19,2015年5月19日,阵雨 /大雨,25℃ / 18℃,东北风 ≤3级 /南风 ≤3级,阵雨,大雨,25,18,东北风,≤3级,南风,≤3级,day
2015-05-16 17:30:00,杨家山,1、追尾的,负全部责任,不负责任,1,贵F01587,蓝,1,贵A9464E,红,毕节地区金春驾校,毕节地区金春驾校,-1,-1,-1,长安牌,366061000000000000 ,366061000000000000 ,195306,195306,17,5,5,工作日,晚高峰(17-19点),2015-05-16,2015年5月16日,阴 /雷阵雨,23℃ / 17℃,东北风 ≤3级 /东风 ≤3级,阴,雷阵雨,23,17,东北风,≤3级,东风,≤3级,day
2015-05-26 15:30:00,瑞金北路,8、依法应负全责的其他情形,负全部责任,不负责任,0,贵A6F313,红,0,贵ACY871,红,贵州现代驾驶培训责任有限公司,520129,2011/12/2 0:00,2005/1/12 0:00,缤智,雪佛兰牌,364547000000000000 ,366367000000000000 ,198805,198202,15,1,5,工作日,非高峰,2015-05-26,2015年5月26日,阵雨 /雷阵雨,26℃ / 20℃,东南风 ≤3级 /东北风 ≤3级,阵雨,雷阵雨,26,20,东南风,≤3级,东北风,≤3级,day
2015-05-29 18:00:00,蟠桃宫,1、追尾的,负全部责任,不负责任,1,贵AU5521,白色,1,贵A33W26,白色,毕节地区驰航驾校,大方县银春汽车驾驶培训学校,2007/5/21 0:00,2009/5/25 0:00,宗申牌,一汽佳星牌,364568000000000000 ,364547000000000000 ,198804,198808,18,4,5,工作日,晚高峰(17-19点),2015-05-29,2015年5月29日,阵雨 /阵雨,24℃ / 17℃,东南风 ≤3级 /东北风 ≤3级,阵雨,阵雨,24,17,东南风,≤3级,东北风,≤3级,day
2015-03-21 13:40:00,神奇路,8、依法应负全责的其他情形,负全部责任,不负责任,1,贵A73N67,白色,1,贵A67N45,灰色,铜仁鸿程驾驶培训学校,吉源驾校（南明区）,2004/6/4 0:00,2001/1/18 0:00,斯柯达牌,东风标致牌,364548000000000000 ,364547000000000000 ,198109,196706,13,5,3,工作日,非高峰,2015-03-21,2015年3月21日,阴 /阴,16℃ / 11℃,东北风 ≤3级 /东南风 ≤3级,阴,阴,16,11,东北风,≤3级,东南风,≤3级,day
2015-05-23 21:10:00,粑粑坳,7、未按规定让行的 ,负同等责任,负同等责任,1,贵JD6213,黑,1,渝BL3285,蓝,贵大佳德驾驶培训学,-1,2002/4/30 0:00,-1,解放牌,-1,366361000000000000 ,366067000000000000 ,198011,197403,21,5,5,工作日,非高峰,2015-05-23,2015年5月23日,阵雨 /阴,19℃ / 14℃,东北风 ≤3级 /东北风 ≤3级,阵雨,阴,19,14,东北风,≤3级,东北风,≤3级,night
2015-05-18 12:00:00,金朱路,7、未按规定让行的 ,负全部责任,不负责任,0,贵AEX754,黑,1,贵BZ8548,白,（乌当区）全林驾驶培训有限公司,蓝天驾校,2006/6/5 0:00,2013/3/5 0:00,科雷傲,-1,36636651805453896X,366664000000000000 ,197410,198605,12,0,5,工作日,非高峰,2015-05-18,2015年5月18日,多云 /多云,25℃ / 18℃,东北风 ≤3级 /东北风 ≤3级,多云,多云,25,18,东北风,≤3级,东北风,≤3级,day
2015-04-01 14:00:00,花果园,7、未按规定让行的 ,负全部责任,不负责任,1,贵A46M72,白色,1,贵A9A393,白色,六盘水里程驾驶培训有限公司,省交校,2013/9/13 0:00,2014/2/11 0:00,长安牌,东风牌,364548000000000000 ,36656251984564746X,196209,198701,14,2,4,工作日,非高峰,2015-04-01,2015年4月1日,多云 /多云,29℃ / 19℃,南风 ≤3级 /南风 ≤3级,多云,多云,29,19,南风,≤3级,南风,≤3级,day
2015-03-29 15:30:00,瑞金路,7、未按规定让行的 ,负全部责任,不负责任,1,贵AU3101,绿,1,贵AU6389,蓝,铁二局驾校,自培,2009/12/2 0:00,2000/2/15 0:00,嘉陵牌,捷达牌,364557000000000000 ,366361000000000000 ,197803,198106,15,6,3,周末,非高峰,2015-03-29,2015年3月29日,阴 /多云,18℃ / 15℃,东风 ≤3级 /南风 ≤3级,阴,多云,18,15,东风,≤3级,南风,≤3级,day
2015-05-23 09:00:00,富源中路,7、未按规定让行的 ,负全部责任,不负责任,1,贵A0459C,黑色,1,贵GQ2974,白色,铁二局驾校,自培,2012/10/22 0:00,2010/6/28 0:00,-1,-1,364547000000000000 ,366661000000000000 ,198612,198009,9,5,5,工作日,早高峰(7-9点),2015-05-23,2015年5月23日,阵雨 /阴,19℃ / 14℃,东北风 ≤3级 /东北风 ≤3级,阵雨,阴,19,14,东北风,≤3级,东北风,≤3级,day
2015-03-27 18:10:00,宝山北路,8、依法应负全责的其他情形,负全部责任,不负责任,1,贵A0BM65,黄,1,贵AEV077,红,自培,自培,1997/6/25 0:00,2006/9/7 0:00,东风雪铁龙牌,马自达牌,364548000000000000 ,364558000000000000 ,197802,198408,18,4,3,工作日,晚高峰(17-19点),2015-03-27,2015年3月27日,阵雨 /阵雨,18℃ / 13℃,南风 ≤3级 /南风 ≤3级,阵雨,阵雨,18,13,南风,≤3级,南风,≤3级,day
2015-04-28 23:00:00,沙冲路,1、追尾的,负全部责任,不负责任,1,贵CGK406,白色,1,贵A331G4,白色,安顺驾校,-1,-1,-1,江铃全顺牌,长安牌,***,366067000000000000 ,-1,199401,23,1,4,工作日,非高峰,2015-04-28,2015年4月28日,多云 /多云,25℃ / 15℃,东北风 ≤3级 /东北风 ≤3级,多云,多云,25,15,东北风,≤3级,东北风,≤3级,night
2015-05-05 13:00:00,通云汽配城,7、未按规定让行的 ,负全部责任,不负责任,1,贵AU6947,白色,1,贵AU0952,白色,安顺驾校,-1,-1,-1,宇通牌,钱江牌,***,366067000000000000 ,-1,197311,13,1,5,工作日,非高峰,2015-05-05,2015年5月5日,阵雨 /阵雨,21℃ / 15℃,南风 ≤3级 /南风 ≤3级,阵雨,阵雨,21,15,南风,≤3级,南风,≤3级,day
2015-05-15 11:00:00,五里冲,1、追尾的,负全部责任,不负责任,1,贵A921D2,白色,1,贵A23P21,白色,安顺驾校,人武驾校,-1,2014/9/17 0:00,东风牌,别克牌,***,724347000000000000 ,-1,198006,11,4,5,工作日,非高峰,2015-05-15,2015年5月15日,阵雨 /阵雨,25℃ / 16℃,东北风 ≤3级 /东北风 ≤3级,阵雨,阵雨,25,16,东北风,≤3级,东北风,≤3级,day
2015-05-25 19:00:00,金阳,7、未按规定让行的 ,负全部责任,不负责任,1,贵BJ1425,白色,1,湘M17442,白色,安顺驾校,-1,-1,-1,-1,-1,***,76166500000000000 ,-1,198308,19,0,5,工作日,晚高峰(17-19点),2015-05-25,2015年5月25日,多云 /阵雨,26℃ / 19℃,东南风 ≤3级 /东南风 ≤3级,多云,阵雨,26,19,东南风,≤3级,东南风,≤3级,day
2015-05-10 16:30:00,解放西路与青云路交叉,7、未按规定让行的 ,负全部责任,不负责任,1,贵A83B33,白色,1,贵A24P18,白色,安顺驾校,湄潭县江南驾校,-1,2008/10/15 0:00,长安牌,奇瑞牌,***,364547000000000000 ,-1,198607,16,6,5,周末,非高峰,2015-05-10,2015年5月10日,阵雨 /雷阵雨,25℃ / 14℃,南风 ≤3级 /南风 ≤3级,阵雨,雷阵雨,25,14,南风,≤3级,南风,≤3级,day
2015-05-05 18:30:00,贵惠大道,1、追尾的,负全部责任,不负责任,1,贵AVC277,白色,1,贵A2P471,白色,安顺驾校,自培,-1,2003/7/10 0:00,起亚,-1,***,366068000000000000 ,-1,196212,18,1,5,工作日,晚高峰(17-19点),2015-05-05,2015年5月5日,阵雨 /阵雨,21℃ / 15℃,南风 ≤3级 /南风 ≤3级,阵雨,阵雨,21,15,南风,≤3级,南风,≤3级,day
2015-03-27 14:00:00,新世界,1、追尾的,负全部责任,不负责任,1,贵A97829,白,1,贵A33W66,白,自培,市交校,2003/9/29 0:00,2010/12/23 0:00,豪泺牌,凌派牌,364568000000000000 ,36454751154540567X,198508,199101,14,4,3,工作日,非高峰,2015-03-27,2015年3月27日,阵雨 /阵雨,18℃ / 13℃,南风 ≤3级 /南风 ≤3级,阵雨,阵雨,18,13,南风,≤3级,南风,≤3级,day
2015-03-09 17:02:00,云潭南路,7、未按规定让行的 ,负全部责任,不负责任,0,贵CKD717,黑,1,贵JBR344,银,毕节地区金春驾校,-1,2006/10/17 0:00,-1,丰田牌,长城牌,344667000000000000 ,74365500000000000 ,198501,198709,17,0,3,工作日,晚高峰(17-19点),2015-03-09,2015年3月9日,小雨 /小雨,10℃ / 5℃,东北风 ≤3级 /东北风 ≤3级,小雨,小雨,10,5,东北风,≤3级,东北风,≤3级,day
2015-03-12 09:40:00,杨家山隧道,1、追尾的,负全部责任,不负责任,1,贵A67K99,黑色,1,贵A7785B,白色,织金县织通驾校,-1,-1,-1,雅阁牌,哈飞牌,366046000000000000 ,74365500000000000 ,198603,198204,9,3,3,工作日,早高峰(7-9点),2015-03-12,2015年3月12日,多云 /多云,16℃ / 10℃,南风 ≤3级 /南风 ≤3级,多云,多云,16,10,南风,≤3级,南风,≤3级,day
2015-04-13 11:00:00,贵惠大道,1、追尾的,负全部责任,不负责任,1,贵JN6354,白色,1,贵JAC584,白色,自培,520133,2007/3/20 0:00,2008/5/22 0:00,嘉陵牌,夏利牌,366876000000000000 ,366876000000000000 ,198401,198004,11,0,4,工作日,非高峰,2015-04-13,2015年4月13日,晴 /多云,23℃ / 8℃,东北风 ≤3级 /东北风 ≤3级,晴,多云,23,8,东北风,≤3级,东北风,≤3级,day
2015-05-16 14:20:00,威清路,1、追尾的,负全部责任,不负责任,1,贵AJS179,红,1,贵AU0515,黄,铁二局驾校,遵义县鸿盛驾驶培训学校,2011/11/14 0:00,2008/11/26 0:00,奇瑞牌,金龙牌,366361000000000000 ,366566000000000000 ,199003,197009,14,5,5,工作日,非高峰,2015-05-16,2015年5月16日,阴 /雷阵雨,23℃ / 17℃,东北风 ≤3级 /东风 ≤3级,阴,雷阵雨,23,17,东北风,≤3级,东风,≤3级,day
2015-03-31 17:30:00,沙冲路,7、未按规定让行的 ,负全部责任,不负责任,1,贵AUA047,白色,1,贵AU2931,白色,航天驾校,预约考试窗口,1998/11/9 0:00,2006/8/23 0:00,丰田牌,瑞麒牌,364547000000000000 ,36454651234559347X,197207,196501,17,1,3,工作日,晚高峰(17-19点),2015-03-31,2015年3月31日,多云 /多云,28℃ / 19℃,南风 ≤3级 /南风 ≤3级,多云,多云,28,19,南风,≤3级,南风,≤3级,day
2015-04-25 17:30:00,乌当,7、未按规定让行的 ,负全部责任,不负责任,1,贵AX0725,银,1,贵A64P37,银,余庆金阳驾校,-1,-1,-1,黄河牌,北京牌,57462500000000000 ,65563500000000000 ,198402,198503,17,5,4,工作日,晚高峰(17-19点),2015-04-25,2015年4月25日,阴 /阵雨,20℃ / 11℃,东风 ≤3级 /东南风 ≤3级,阴,阵雨,20,11,东风,≤3级,东南风,≤3级,day
2015-04-04 11:50:00,花溪石板,7、未按规定让行的 ,负全部责任,不负责任,1,鄂KC4645,白色,1,贵A4414M,白色,贵大佳德驾驶培训学,贵阳金马驾驶培训有限公司,-1,2012/11/7 0:00,\N,一汽佳星牌,61443500000000000 ,364556000000000000 ,198704,199401,11,5,4,工作日,非高峰,2015-04-04,2015年4月4日,多云 /多云,29℃ / 18℃,南风 ≤3级 /南风 ≤3级,多云,多云,29,18,南风,≤3级,南风,≤3级,day
2015-04-30 11:20:00,黄河路,1、追尾的,负全部责任,不负责任,1,贵JBT644,白色,1,贵A4574A,白色,毕节地区黔中驾校,毕节地区黔中驾校,-1,-1,北京现代牌,起亚牌,366064000000000000 ,366064000000000000 ,197706,197706,11,3,4,工作日,非高峰,2015-04-30,2015年4月30日,阵雨 /阵雨,25℃ / 17℃,东南风 ≤3级 /东南风 ≤3级,阵雨,阵雨,25,17,东南风,≤3级,东南风,≤3级,day
2015-03-29 13:00:00,嘉润路,7、未按规定让行的 ,负全部责任,不负责任,1,贵ARJ707,白色,1,贵F68461,白色,省交校,新华驾校,2010/11/25 0:00,2013/10/28 0:00,长安牌,解放牌,364064000000000000 ,366875000000000000 ,198110,198301,13,6,3,周末,非高峰,2015-03-29,2015年3月29日,阴 /多云,18℃ / 15℃,东风 ≤3级 /南风 ≤3级,阴,多云,18,15,东风,≤3级,南风,≤3级,day
2015-05-25 10:08:00,三桥,7、未按规定让行的 ,负全部责任,不负责任,1,贵A47X56,黑,1,贵A06540,黄,道真驾校,绥阳县汽车驾驶培训学校,1998/12/11 0:00,2004/6/30 0:00,雅阁,东风牌,364548000000000000 ,366663000000000000 ,198002,196809,10,0,5,工作日,非高峰,2015-05-25,2015年5月25日,多云 /阵雨,26℃ / 19℃,东南风 ≤3级 /东南风 ≤3级,多云,阵雨,26,19,东南风,≤3级,东南风,≤3级,day
2015-04-13 04:58:00,小河,7、未按规定让行的 ,负全部责任,不负责任,1,贵AR7831,白色,1,贵A5154W,白色,消防驾校,吉源驾校,1999/8/31 0:00,2014/4/18 0:00,长安牌,雪佛兰牌,366566000000000000 ,366566000000000000 ,196810,198701,4,0,4,工作日,非高峰,2015-04-13,2015年4月13日,晴 /多云,23℃ / 8℃,东北风 ≤3级 /东北风 ≤3级,晴,多云,23,8,东北风,≤3级,东北风,≤3级,night
2015-04-13 13:00:00,西南环线,7、未按规定让行的 ,负全部责任,不负责任,1,贵A5448Z,黑色,1,贵GM6541,白色,铁二局驾校,凯信驾校（花溪区）,2011/12/26 0:00,2015/4/2 0:00,东南牌,比亚迪牌,364567000000000000 ,366863000000000000 ,199005,198802,13,0,4,工作日,非高峰,2015-04-13,2015年4月13日,晴 /多云,23℃ / 8℃,东北风 ≤3级 /东北风 ≤3级,晴,多云,23,8,东北风,≤3级,东北风,≤3级,day
2015-03-27 08:00:00,东山,1、追尾的,负全部责任,不负责任,1,贵A81H15,蓝,1,贵AK8239,黑,新华驾校,十一培,2014/9/4 0:00,1996/2/6 0:00,波罗牌,丰田(TOYOTA)牌,364558000000000000 ,364548000000000000 ,198602,197901,8,4,3,工作日,早高峰(7-9点),2015-03-27,2015年3月27日,阵雨 /阵雨,18℃ / 13℃,南风 ≤3级 /南风 ≤3级,阵雨,阵雨,18,13,南风,≤3级,南风,≤3级,day
2015-03-02 18:00:00,小河平桥,1、追尾的,负全部责任,不负责任,1,贵AU7029,黑色,1,贵A43993,白色,文通驾校,自培,2006/12/25 0:00,2001/7/26 0:00,奇瑞牌,轻骑,366067000000000000 ,364646000000000000 ,198103,198210,18,0,3,工作日,晚高峰(17-19点),2015-03-02,2015年3月2日,阴 /小雨,9℃ / 2℃,东北风 ≤3级 /东北风 ≤3级,阴,小雨,9,2,东北风,≤3级,东北风,≤3级,day
2015-05-24 14:00:00,花溪湿地公园,7、未按规定让行的 ,负全部责任,不负责任,1,贵AB562G,白色,1,贵GGC132,白色,#,景宏驾校,-1,2015/1/22 0:00,菲亚特,-1,36606651974765645X,366561000000000000 ,198303,198705,14,6,5,周末,非高峰,2015-05-24,2015年5月24日,多云 /阴,24℃ / 18℃,东风 ≤3级 /东南风 ≤3级,多云,阴,24,18,东风,≤3级,东南风,≤3级,day
2015-02-04 12:30:00,金阳客车站 ,9、不符合前8款规定或者双方同时具有上述情形的,负同等责任,负同等责任,1,贵AU7191,绿,1,贵CC0201,红,毕节地区黔中驾校,毕节地区黔中驾校,1998/10/29 0:00,2005/5/26 0:00,宝来牌,豪泺牌,364548000000000000 ,366068000000000000 ,197801,196609,12,2,2,工作日,非高峰,2015-02-04,2015年2月4日,小雨 /小雨,4℃ / 0℃,东北风 ≤3级 /东北风 ≤3级,小雨,小雨,4,0,东北风,≤3级,东北风,≤3级,day
2015-05-21 08:25:00,沙河街,9、不符合前8款规定或者双方同时具有上述情形的,负同等责任,负同等责任,1,贵A16A75,黑,1,贵A8BP76,白,贵州晨运驾驶培训学校,贵州晨运驾驶培训学校,1995/9/10 0:00,2009/11/27 0:00,雪佛兰牌,宝马牌,366846000000000000 ,77426551954355067X,197702,198105,8,3,5,工作日,早高峰(7-9点),2015-05-21,2015年5月21日,阴 /阵雨,24℃ / 16℃,东风 ≤3级 /东风 ≤3级,阴,阵雨,24,16,东风,≤3级,东风,≤3级,day
2015-05-14 22:10:00,西部化工,7、未按规定让行的 ,负全部责任,不负责任,1,贵ANS377,黄,1,贵A1967Y,红,兴黔驾驶培训学校,新华驾校,-1,1996/7/18 0:00,梅赛德斯-奔驰,江淮牌,671441000000000000 ,364558000000000000 ,197110,195708,22,3,5,工作日,非高峰,2015-05-14,2015年5月14日,多云 /雷阵雨,27℃ / 20℃,东南风 ≤3级 /南风 ≤3级,多云,雷阵雨,27,20,东南风,≤3级,南风,≤3级,night
2015-05-07 14:46:00,花果园,1、追尾的,负全部责任,不负责任,1,贵ACD214,红,1,贵GL7777,白,时法驾校,鑫鑫驾校,2010/2/5 0:00,2012/7/28 0:00,长安牌,-1,364566000000000000 ,36455551854168446X,198612,197109,14,3,5,工作日,非高峰,2015-05-07,2015年5月7日,阵雨 /雷阵雨,23℃ / 17℃,东南风 ≤3级 /东南风 ≤3级,阵雨,雷阵雨,23,17,东南风,≤3级,东南风,≤3级,day
2015-04-18 16:00:00,二戈寨,1、追尾的,负全部责任,不负责任,1,贵AEF179,黑,1,贵AR1231,红,（南明区）铁二局驾驶培训有限公司,自培,2009/1/23 0:00,2004/6/24 0:00,红旗牌,金洪牌,364547000000000000 ,36464551805541405X,199009,197411,16,5,4,工作日,非高峰,2015-04-18,2015年4月18日,多云 /雷阵雨,29℃ / 16℃,南风 ≤3级 /南风 ≤3级,多云,雷阵雨,29,16,南风,≤3级,南风,≤3级,day
2015-05-20 08:50:00,煤矿村,3、倒车的,负全部责任,不负责任,1,贵A43031,白,1,贵A53A61,黄,顺一驾驶培训学校,新华驾校,2014/12/22 0:00,2011/10/30 0:00,兴黔,雪佛兰牌,355267000000000000 ,364547000000000000 ,199311,198110,8,2,5,工作日,早高峰(7-9点),2015-05-20,2015年5月20日,阴 /阵雨,23℃ / 17℃,东北风 ≤3级 /东北风 ≤3级,阴,阵雨,23,17,东北风,≤3级,东北风,≤3级,day
2015-05-17 19:30:00,狗场,9、不符合前8款规定或者双方同时具有上述情形的,负同等责任,负同等责任,1,贵A82517,黄,1,贵CNB144,白,遵义县南白驾校,遵义县南白驾校,2007/7/30 0:00,-1,欧曼牌,-1,366368000000000000 ,366546000000000000 ,198412,197301,19,6,5,周末,晚高峰(17-19点),2015-05-17,2015年5月17日,阵雨 /雷阵雨,25℃ / 17℃,东北风 ≤3级 /南风 ≤3级,阵雨,雷阵雨,25,17,东北风,≤3级,南风,≤3级,day
2015-05-04 11:00:00,花溪清溪路,7、未按规定让行的 ,负全部责任,不负责任,1,贵A9F957,白色,1,贵AU0625,白色,未定义,-1,2013/11/29 0:00,-1,-1,万达牌,364556000000000000 ,364556000000000000 ,198705,198501,11,0,5,工作日,非高峰,2015-05-04,2015年5月4日,阵雨 /阵雨,20℃ / 14℃,东北风 ≤3级 /东北风 ≤3级,阵雨,阵雨,20,14,东北风,≤3级,东北风,≤3级,day
2015-03-18 12:50:00,五里冲,1、追尾的,负全部责任,不负责任,1,贵A89Y74,白色,1,贵AX9764,白色,自培,-1,2003/7/25 0:00,-1,宝马,北京现代牌,364551000000000000 ,35636851954265723X,197808,198106,12,2,3,工作日,非高峰,2015-03-18,2015年3月18日,多云 /多云,24℃ / 14℃,南风 ≤3级 /南风 ≤3级,多云,多云,24,14,南风,≤3级,南风,≤3级,day
2015-04-22 16:30:00,金源街,7、未按规定让行的 ,负全部责任,不负责任,1,贵AU7145,绿,1,贵AB094T,白,大地驾校,-1,2000/5/17 0:00,-1,捷达牌,众泰牌,366367000000000000 ,355447000000000000 ,196811,198203,16,2,4,工作日,非高峰,2015-04-22,2015年4月22日,小雨 /小雨,15℃ / 10℃,东北风 ≤3级 /东北风 ≤3级,小雨,小雨,15,10,东北风,≤3级,东北风,≤3级,day
2015-05-21 15:00:00,花果园,1、追尾的,负全部责任,不负责任,1,贵AEP338,黑,0,贵GF6297,白,兴黔驾驶培训学校,新天驾校,2002/11/21 0:00,2011/5/20 0:00,东风日产牌,-1,364548000000000000 ,364548000000000000 ,196209,198708,15,3,5,工作日,非高峰,2015-05-21,2015年5月21日,阴 /阵雨,24℃ / 16℃,东风 ≤3级 /东风 ≤3级,阴,阵雨,24,16,东风,≤3级,东风,≤3级,day
2015-04-21 08:00:00,黄山冲,3、倒车的,负全部责任,不负责任,1,贵A26L81,黑,1,贵AF2123,黄,阳光驾校,自培,2012/3/10 0:00,2000/11/20 0:00,传祺牌,神鹰牌,364548000000000000 ,354767000000000000 ,199009,195712,8,1,4,工作日,早高峰(7-9点),2015-04-21,2015年4月21日,阴 /阵雨,17℃ / 10℃,东北风 ≤3级 /东北风 ≤3级,阴,阵雨,17,10,东北风,≤3级,东北风,≤3级,day
2015-05-30 10:30:00,铝建路,9、不符合前8款规定或者双方同时具有上述情形的,负同等责任,负同等责任,1,贵A298G7,白,1,贵A859A4,红,诚信驾驶培训学校,诚信驾驶培训学校,2012/8/8 0:00,2006/11/9 0:00,解放牌,长安牌,364666000000000000 ,355266000000000000 ,198004,198805,10,5,5,工作日,非高峰,2015-05-30,2015年5月30日,阵雨 /阵雨,23℃ / 17℃,东北风 ≤3级 /东风 ≤3级,阵雨,阵雨,23,17,东北风,≤3级,东风,≤3级,day
2015-03-21 14:28:00,北京路,8、依法应负全责的其他情形,负全部责任,不负责任,1,贵AU7910,绿,1,贵A55P61,白,大地驾校,自培,2000/5/17 0:00,2002/11/30 0:00,隆鑫牌,别克牌,366367000000000000 ,364548000000000000 ,196811,197306,14,5,3,工作日,非高峰,2015-03-21,2015年3月21日,阴 /阴,16℃ / 11℃,东北风 ≤3级 /东南风 ≤3级,阴,阴,16,11,东北风,≤3级,东南风,≤3级,day
2015-04-14 10:30:00,加油站,3、倒车的,负全部责任,不负责任,1,贵CHM375,白色,1,贵GV8098,白色,预约考试窗口,预约考试窗口,2007/1/8 0:00,2007/1/8 0:00,长安牌,凯宴B5,366267000000000000 ,366267000000000000 ,196608,196608,10,1,4,工作日,非高峰,2015-04-14,2015年4月14日,晴 /多云,22℃ / 9℃,东风 ≤3级 /东风 ≤3级,晴,多云,22,9,东风,≤3级,东风,≤3级,day
2015-03-15 08:00:00,金竹镇,3、倒车的,负全部责任,不负责任,1,贵A726A7,白色,1,贵ACB239,白色,鑫鑫驾校,大地驾校,2012/12/7 0:00,2006/6/1 0:00,福田牌,东风日产牌,364596000000000000 ,364556000000000000 ,198806,197104,8,6,3,周末,早高峰(7-9点),2015-03-15,2015年3月15日,阴 /阴,18℃ / 13℃,东风 ≤3级 /南风 ≤3级,阴,阴,18,13,东风,≤3级,南风,≤3级,day
2015-03-16 16:23:00,都司路,7、未按规定让行的 ,负全部责任,不负责任,1,贵JAL563,白,0,贵JAP579,银,新华驾校,吉源驾校,2011/1/4 0:00,2014/5/14 0:00,奥迪牌,别克牌,366876000000000000 ,726363000000000000 ,197904,199211,16,0,3,工作日,非高峰,2015-03-16,2015年3月16日,阴 /多云,20℃ / 15℃,南风 ≤3级 /南风 ≤3级,阴,多云,20,15,南风,≤3级,南风,≤3级,day