accidenttime,accidentaddr,driver1fault,driver1responsibility,driver2responsibility,sex1,platenumber1,carcolor1,sex2,platenumber2,carcolor2,jxmc1,jxmc2,cclzrq1,cclzrq2,clpp1,clpp2,driver1license,driver2license,brith1,brith2,hour,weekday,month,is_weekday,peak_hour,date,日期,天气状况,气温,风力风向,day_wea,night_wea,day_tep,night_tep,day_wind_direction,day_wind_speed,night_wind_direction,night_wind_speed,segment
2015-04-01 07:30:00,冒沙井,7、未按规定让行的 ,负全部责任,不负责任,1,贵AU0237,蓝,1,贵GV8929,蓝,消防驾校,长运驾校,2003/12/3 0:00,2014/6/27 0:00,奇瑞牌,雪佛兰牌,364557000000000000 ,364547000000000000 ,197703,197109,7,2,4,工作日,早高峰(7-9点),2015-04-01,2015年4月1日,多云 /多云,29℃ / 19℃,南风 ≤3级 /南风 ≤3级,多云,多云,29,19,南风,≤3级,南风,≤3级,day
2015-05-04 09:10:00,二戈寨,9、不符合前8款规定或者双方同时具有上述情形的,负同等责任,负同等责任,1,贵JLC225,白色,1,鄂AHF218,白色,贵州现代驾驶培训责任有限公司,贵州现代驾驶培训责任有限公司,2010/5/27 0:00,-1,-1,比亚迪牌,366070000000000000 ,366570000000000000 ,198509,198401,9,0,5,工作日,早高峰(7-9点),2015-05-04,2015年5月4日,阵雨 /阵雨,20℃ / 14℃,东北风 ≤3级 /东北风 ≤3级,阵雨,阵雨,20,14,东北风,≤3级,东北风,≤3级,day
2015-04-08 12:30:00,金珠西路,7、未按规定让行的 ,负全部责任,不负责任,1,贵AU2064,蓝,1,贵AB110N,银,十一驾驶培训有限公司,十一驾驶培训有限公司,2007/7/3 0:00,2007/7/3 0:00,宝来牌,梅赛德斯-奔驰牌,366364000000000000 ,366364000000000000 ,197201,197201,12,2,4,工作日,非高峰,2015-04-08,2015年4月8日,小雨 /小雨,10℃ / 6℃,东北风 ≤3级 /东北风 ≤3级,小雨,小雨,10,6,东北风,≤3级,东北风,≤3级,day
2015-03-30 10:25:00,水东路,3、倒车的,负全部责任,不负责任,1,贵AU3448,蓝,1,贵A89R28,银,自培,520130,1998/4/30 0:00,2008/10/24 0:00,奇瑞牌,SRX,36454751814067765X,364547000000000000 ,197904,198412,10,0,3,工作日,非高峰,2015-03-30,2015年3月30日,晴 /多云,24℃ / 17℃,南风 ≤3级 /南风 ≤3级,晴,多云,24,17,南风,≤3级,南风,≤3级,day
2015-05-28 20:20:00,会展城,7、未按规定让行的 ,负全部责任,不负责任,1,贵AU574,银,1,贵AU2385,银,黔南州兴鑫驾驶员培训学校,自培,2008/8/11 0:00,2000/7/31 0:00,-1,钱江,366566000000000000 ,364548000000000000 ,197807,197805,20,3,5,工作日,非高峰,2015-05-28,2015年5月28日,多云 /雷阵雨,29℃ / 19℃,南风 ≤3级 /东南风 ≤3级,多云,雷阵雨,29,19,南风,≤3级,东南风,≤3级,night
2015-04-10 19:00:00,沙冲路,7、未按规定让行的 ,负全部责任,不负责任,1,贵A2K797,白色,1,川AL129K,白色,自培,-1,1997/10/20 0:00,-1,长安牌,朗逸牌,364556000000000000 ,355447000000000000 ,197009,196811,19,4,4,工作日,晚高峰(17-19点),2015-04-10,2015年4月10日,小雨 /小雨,12℃ / 8℃,东北风 ≤3级 /东北风 ≤3级,小雨,小雨,12,8,东北风,≤3级,东北风,≤3级,day
2015-04-01 17:30:00,二戈寨,7、未按规定让行的 ,负全部责任,不负责任,1,川A649LS,白色,1,贵A7098B,白色,织金县织通驾校,自培,-1,2003/9/5 0:00,丰田牌 ,东风日产牌,5365510000000000 ,364547000000000000 ,199006,196409,17,2,4,工作日,晚高峰(17-19点),2015-04-01,2015年4月1日,多云 /多云,29℃ / 19℃,南风 ≤3级 /南风 ≤3级,多云,多云,29,19,南风,≤3级,南风,≤3级,day
2015-04-10 10:14:00,白云区,1、追尾的,负全部责任,不负责任,1,粤GY3417,黑,0,贵AB034C,银,无,消防驾校,2001/12/17 0:00,2015/2/9 0:00,无,吉利牌,366061000000000000 ,366361000000000000 ,197412,197712,10,4,4,工作日,非高峰,2015-04-10,2015年4月10日,小雨 /小雨,12℃ / 8℃,东北风 ≤3级 /东北风 ≤3级,小雨,小雨,12,8,东北风,≤3级,东北风,≤3级,day
2015-05-28 08:00:00,中华南路,7、未按规定让行的 ,负全部责任,不负责任,1,贵AUA791,白色,1,贵A0EB76,白色,自培,520131,2003/6/24 0:00,2009/3/17 0:00,丰田牌,福特锐界,355456000000000000 ,36454651944155495X,198208,198009,8,3,5,工作日,早高峰(7-9点),2015-05-28,2015年5月28日,多云 /雷阵雨,29℃ / 19℃,南风 ≤3级 /东南风 ≤3级,多云,雷阵雨,29,19,南风,≤3级,东南风,≤3级,day
2015-04-12 14:55:00,新世界,9、不符合前8款规定或者双方同时具有上述情形的,负同等责任,负同等责任,0,贵ACC842,红,1,贵AWZ349,银,时发,时发,2002/8/1 0:00,2005/12/20 0:00,长安牌,长安牌,364558000000000000 ,366046000000000000 ,197001,197910,14,6,4,周末,非高峰,2015-04-12,2015年4月12日,晴 /多云,21℃ / 7℃,东风 ≤3级 /东风 ≤3级,晴,多云,21,7,东风,≤3级,东风,≤3级,day
2015-05-03 15:11:00,金阳,7、未按规定让行的 ,负全部责任,不负责任,1,贵AC105P,黑,1,贵AC133H,白,无,景宏驾校,2001/12/17 0:00,2011/12/14 0:00,-1,欧蓝德,366061000000000000 ,364568000000000000 ,197412,198712,15,6,5,周末,非高峰,2015-05-03,2015年5月3日,阵雨 /阵雨,25℃ / 15℃,东北风 ≤3级 /东北风 ≤3级,阵雨,阵雨,25,15,东北风,≤3级,东北风,≤3级,day
2015-05-05 19:00:00,二戈寨,7、未按规定让行的 ,负全部责任,不负责任,1,贵AAZ831,白色,1,渝C3D826,白色,永康市保安服务公司机动车驾驶员培训学校,自培,2006/12/30 0:00,2014/6/13 0:00,长安牌,-1,36606651975542445X,356768000000000000 ,198311,198103,19,1,5,工作日,晚高峰(17-19点),2015-05-05,2015年5月5日,阵雨 /阵雨,21℃ / 15℃,南风 ≤3级 /南风 ≤3级,阵雨,阵雨,21,15,南风,≤3级,南风,≤3级,day
2015-03-29 16:47:00,王家桥,9、不符合前8款规定或者双方同时具有上述情形的,负同等责任,负同等责任,1,贵A15B68,红,1, 贵A0BY61,白,铁二局驾校,-1,2003/4/24 0:00,-1,福克斯牌,-1,364558000000000000 ,36454800000000000 ,197202,195310,16,6,3,周末,非高峰,2015-03-29,2015年3月29日,阴 /多云,18℃ / 15℃,东风 ≤3级 /南风 ≤3级,阴,多云,18,15,东风,≤3级,南风,≤3级,day
2015-05-17 16:00:00,东二环,8、依法应负全责的其他情形,负全部责任,不负责任,1,贵JAP115,白色,1,贵AV9212,白色,黔中驾校大方分校,自培,2001/7/26 0:00,2001/2/2 0:00,-1,豪爵牌,364646000000000000 ,364547000000000000 ,198210,197003,16,6,5,周末,非高峰,2015-05-17,2015年5月17日,阵雨 /雷阵雨,25℃ / 17℃,东北风 ≤3级 /南风 ≤3级,阵雨,雷阵雨,25,17,东北风,≤3级,南风,≤3级,day
2015-03-27 19:00:00,粑粑街,2、逆行的,负全部责任,不负责任,1,渝BP2564,黄,1,贵A2743P,银,黔南州173驾驶学校,520127,2002/12/4 0:00,2009/12/22 0:00,凯马牌,吉利牌,366577000000000000 ,366067000000000000 ,197408,197612,19,4,3,工作日,晚高峰(17-19点),2015-03-27,2015年3月27日,阵雨 /阵雨,18℃ / 13℃,南风 ≤3级 /南风 ≤3级,阵雨,阵雨,18,13,南风,≤3级,南风,≤3级,day
2015-05-23 11:50:00,友谊路,9、不符合前8款规定或者双方同时具有上述情形的,负同等责任,负同等责任,0,贵AFM819,红,1,渝HPU562,红,M027,-1,2004/8/20 0:00,-1,捷达牌,-1,364548000000000000 ,366864000000000000 ,198604,198111,11,5,5,工作日,非高峰,2015-05-23,2015年5月23日,阵雨 /阴,19℃ / 14℃,东北风 ≤3级 /东北风 ≤3级,阵雨,阴,19,14,东北风,≤3级,东北风,≤3级,day
2015-02-27 14:00:00,花溪霞晖路,3、倒车的,负全部责任,不负责任,1,贵A8591M,黑色,1,贵A4553J,白色,黔西南州方圆驾校,贵阳金马驾驶培训有限公司,2007/2/14 0:00,2014/3/11 0:00,五菱牌,吉利美日牌,364556000000000000 ,364556000000000000 ,198512,199102,14,4,2,工作日,非高峰,2015-02-27,2015年2月27日,多云 /阵雨,21℃ / 5℃,南风 ≤3级 /南风 ≤3级,多云,阵雨,21,5,南风,≤3级,南风,≤3级,day
2015-05-11 09:30:00,李家坟新村,3、倒车的,负全部责任,不负责任,1,贵A461E7,白,1,贵A8052A,红,黔南东方驾驶培训学校,-1,2005/4/1 0:00,-1,凯马牌,雪佛兰牌,366046000000000000 ,366369000000000000 ,198009,199001,9,0,5,工作日,早高峰(7-9点),2015-05-11,2015年5月11日,多云 /多云,24℃ / 13℃,东北风 ≤3级 /东北风 ≤3级,多云,多云,24,13,东北风,≤3级,东北风,≤3级,day
2015-03-16 16:30:00,南明区,9、不符合前8款规定或者双方同时具有上述情形的,负同等责任,负同等责任,1,贵A17Z67,黑,1,贵AB7934,白,（白云区）景宏驾驶培训有限公司,（白云区）景宏驾驶培训有限公司,2008/3/12 0:00,2012/3/31 0:00,朗逸牌,江淮牌,74560500000000000 ,364596000000000000 ,197411,199309,16,0,3,工作日,非高峰,2015-03-16,2015年3月16日,阴 /多云,20℃ / 15℃,南风 ≤3级 /南风 ≤3级,阴,多云,20,15,南风,≤3级,南风,≤3级,day
2015-05-16 23:00:00,北京路,7、未按规定让行的 ,负全部责任,不负责任,1,贵JBP236,白色,1,贵A4507V,小轿车,阳光驾校,兴黔驾驶培训学校,-1,2006/4/29 0:00,-1,雪佛兰牌,364556000000000000 ,364548000000000000 ,199205,198111,23,5,5,工作日,非高峰,2015-05-16,2015年5月16日,阴 /雷阵雨,23℃ / 17℃,东北风 ≤3级 /东风 ≤3级,阴,雷阵雨,23,17,东北风,≤3级,东风,≤3级,night
2015-03-14 08:30:00,青年路,1、追尾的,负全部责任,不负责任,1,贵AFV63,白色,1,贵A96R36,白色,（南明区）长运驾驶培训有限公司,预约考试窗口,2007/7/12 0:00,2006/7/20 0:00,-1,大众汽车牌,364547000000000000 ,364547000000000000 ,196512,198606,8,5,3,工作日,早高峰(7-9点),2015-03-14,2015年3月14日,阴 /阴,17℃ / 12℃,南风 ≤3级 /东南风 ≤3级,阴,阴,17,12,南风,≤3级,东南风,≤3级,day
2015-03-25 11:40:00,合群路,2、逆行的,负全部责任,不负责任,1,贵GQ3132,银,1,贵A6BK00,黑,顺风驾校,顺风驾校,2014/8/14 0:00,2008/6/24 0:00,五菱牌,丰田牌,364557000000000000 ,36456551934568005X,198805,198501,11,2,3,工作日,非高峰,2015-03-25,2015年3月25日,阴 /阵雨,14℃ / 9℃,东北风 ≤3级 /东北风 ≤3级,阴,阵雨,14,9,东北风,≤3级,东北风,≤3级,day
2015-04-15 18:30:00,中山东路,1、追尾的,负全部责任,不负责任,1,贵A05301,白色,1,贵A85J36,白色,四川省蜀安驾校,铁二局驾校,2007/2/1 0:00,2012/1/4 0:00,长安,东风雪铁龙牌,36456651995543055X,364547000000000000 ,198811,198108,18,2,4,工作日,晚高峰(17-19点),2015-04-15,2015年4月15日,多云 /多云,24℃ / 16℃,东南风 ≤3级 /南风 ≤3级,多云,多云,24,16,东南风,≤3级,南风,≤3级,day
2015-05-09 22:00:00,后巢,7、未按规定让行的 ,负全部责任,不负责任,1,贵AHL076,白色,1,贵CDW868,白色,D003,自培,2005/7/21 0:00,2005/2/6 0:00,起亚牌,-1,366067000000000000 ,366577000000000000 ,197707,197406,22,5,5,工作日,非高峰,2015-05-09,2015年5月9日,阵雨 /阵雨,23℃ / 16℃,东北风 ≤3级 /东南风 ≤3级,阵雨,阵雨,23,16,东北风,≤3级,东南风,≤3级,night
2015-04-19 18:30:00,中山东站,1、追尾的,负全部责任,不负责任,1,贵AU5031,白色,1,贵A71B15,白色,四川省蜀安驾校,自培,2007/2/1 0:00,2005/5/10 0:00,捷达牌,英菲尼迪牌,36456651995543055X,35616151214851757X,198811,196907,18,6,4,周末,晚高峰(17-19点),2015-04-19,2015年4月19日,阵雨 /阵雨,22℃ / 13℃,东北风 ≤3级 /东北风 ≤3级,阵雨,阵雨,22,13,东北风,≤3级,东北风,≤3级,day
2015-05-10 13:00:00,安云路,1、追尾的,负全部责任,不负责任,1,贵A45V59,蓝,0,贵AMK895,黑,自培,自培,2007/6/25 0:00,2006/12/7 0:00,长城牌,雪佛兰牌,364547000000000000 ,366576000000000000 ,198104,198208,13,6,5,周末,非高峰,2015-05-10,2015年5月10日,阵雨 /雷阵雨,25℃ / 14℃,南风 ≤3级 /南风 ≤3级,阵雨,雷阵雨,25,14,南风,≤3级,南风,≤3级,day
2015-02-25 15:29:00,西南环线,3、倒车的,负全部责任,不负责任,1,贵A75W43,白色,1,贵A1BC08,黑色,三门峡市渑池驾校,大地驾校,1997/2/17 0:00,2006/10/10 0:00,一汽佳星牌,雪佛兰牌,364547000000000000 ,364648000000000000 ,196303,198410,15,2,2,工作日,非高峰,2015-02-25,2015年2月25日,阴 /阵雨,15℃ / 8℃,东北风 ≤3级 /东北风 ≤3级,阴,阵雨,15,8,东北风,≤3级,东北风,≤3级,day
2015-03-04 13:00:00,小河,9、不符合前8款规定或者双方同时具有上述情形的,负同等责任,负同等责任,1,贵AAG194,黄色,1,贵J00479,白色,黔西县宏远黔职驾校,-1,1993/2/25 0:00,-1,东风雪铁龙牌,解放牌,364547000000000000 ,36687600000000000 ,197411,198071,13,2,3,工作日,非高峰,2015-03-04,2015年3月4日,小雨 /小雨,6℃ / 1℃,东北风 ≤3级 /东北风 ≤3级,小雨,小雨,6,1,东北风,≤3级,东北风,≤3级,day
2015-02-28 05:35:00,诚信北路,9、不符合前8款规定或者双方同时具有上述情形的,负同等责任,负同等责任,1,贵AU474,银,0,贵HCK922,白,宏达驾校,宏达驾校,2001/3/12 0:00,2009/2/25 0:00,-1,奥迪牌,366067000000000000 ,366269000000000000 ,197602,198206,5,5,2,工作日,非高峰,2015-02-28,2015年2月28日,小雨 /小雨,8℃ / 4℃,东北风 ≤3级 /东北风 ≤3级,小雨,小雨,8,4,东北风,≤3级,东北风,≤3级,night
2015-02-04 18:00:00,金阳客车站,7、未按规定让行的 ,负全部责任,不负责任,1,贵AU8476,绿,1,贵A21R71,红,织金县织通驾驶培训学校,文通驾校,-1,2011/4/18 0:00,长安牌,雪佛兰牌,366064000000000000 ,366068000000000000 ,198704,198605,18,2,2,工作日,晚高峰(17-19点),2015-02-04,2015年2月4日,小雨 /小雨,4℃ / 0℃,东北风 ≤3级 /东北风 ≤3级,小雨,小雨,4,0,东北风,≤3级,东北风,≤3级,day
2015-04-05 20:30:00,世纪城,8、依法应负全责的其他情形,负全部责任,不负责任,1,贵A2800B,黑,1, 贵AHC437,银,（经开区）十一驾驶培训有限公司,自培,2006/6/27 0:00,2005/9/23 0:00,吉利牌,-1,364548000000000000 ,364547000000000000 ,196611,198604,20,6,4,周末,非高峰,2015-04-05,2015年4月5日,阴 /阵雨,30℃ / 12℃,南风 ≤3级 /东北风 ≤3级,阴,阵雨,30,12,南风,≤3级,东北风,≤3级,night
2015-05-29 16:00:00,西南环线,7、未按规定让行的 ,负全部责任,不负责任,1,贵A32S39,白色,1,贵AK0389,白色,鄢陵县祥瑞机动车驾驶员培训学校,自培,1999/11/24 0:00,2004/6/2 0:00,宝来牌,帕萨特牌,364548000000000000 ,364547000000000000 ,198011,197601,16,4,5,工作日,非高峰,2015-05-29,2015年5月29日,阵雨 /阵雨,24℃ / 17℃,东南风 ≤3级 /东北风 ≤3级,阵雨,阵雨,24,17,东南风,≤3级,东北风,≤3级,day
2015-02-04 13:40:00,蟠桃宫,3、倒车的,负全部责任,不负责任,1,贵A75K66,白色,1,贵AG2894,白色,新天驾校,自培,2012/11/7 0:00,2006/5/8 0:00,长安牌,波罗牌,364547000000000000 ,364547000000000000 ,198503,198401,13,2,2,工作日,非高峰,2015-02-04,2015年2月4日,小雨 /小雨,4℃ / 0℃,东北风 ≤3级 /东北风 ≤3级,小雨,小雨,4,0,东北风,≤3级,东北风,≤3级,day
2015-02-03 21:05:00,延安西路,8、依法应负全责的其他情形,负全部责任,不负责任,1,贵A29L33,蓝,1,贵JDA489,黑,（乌当区）新天驾驶培训有限公司,青正驾校,2004/12/14 0:00,2014/10/24 0:00,东风日产牌,三菱牌,774266000000000000 ,366863000000000000 ,196604,199508,21,1,2,工作日,非高峰,2015-02-03,2015年2月3日,小雨 /小雨,6℃ / 1℃,东北风 ≤3级 /东北风 ≤3级,小雨,小雨,6,1,东北风,≤3级,东北风,≤3级,night
2015-02-06 17:00:00,白金城,1、追尾的,负全部责任,不负责任,1,贵A8351S,红,1,贵ARS427,白,（白云区）景宏驾驶培训有限公司,毕节地区宏强驾校,2008/11/14 0:00,-1,吉利美日牌,飞碟牌,364558000000000000 ,366064000000000000 ,198705,197010,17,4,2,工作日,晚高峰(17-19点),2015-02-06,2015年2月6日,多云 /小雨,9℃ / 2℃,南风 ≤3级 /南风 ≤3级,多云,小雨,9,2,南风,≤3级,南风,≤3级,day
2015-02-03 16:30:00,黔林山路,7、未按规定让行的 ,负全部责任,不负责任,1,贵A5973T,黑,1,贵GQ5402,白,顺一驾驶培训学校,消防驾校,2010/11/4 0:00,2012/2/17 0:00,夏利牌,别克牌,366361000000000000 ,355470000000000000 ,196707,198610,16,1,2,工作日,非高峰,2015-02-03,2015年2月3日,小雨 /小雨,6℃ / 1℃,东北风 ≤3级 /东北风 ≤3级,小雨,小雨,6,1,东北风,≤3级,东北风,≤3级,day
2015-02-05 21:20:00,西南商贸城,9、不符合前8款规定或者双方同时具有上述情形的,负同等责任,负同等责任,1,贵A2357T,白,1,贵A557D7,蓝,安顺市黔中驾驶培训学校,毕节地区宏强驾校,-1,-1,长安牌,解放牌,366346000000000000 ,366064000000000000 ,196709,198706,21,3,2,工作日,非高峰,2015-02-05,2015年2月5日,阴 /阴,3℃ / 0℃,东北风 ≤3级 /东北风 ≤3级,阴,阴,3,0,东北风,≤3级,东北风,≤3级,night
2015-02-02 17:10:00,南明区服务大楼立交桥,1、追尾的,负全部责任,不负责任,1,贵AE7021,白,1,贵AV9888,红,（南明区）长运驾驶培训有限公司,预约考试窗口,2005/12/21 0:00,2006/10/25 0:00,双庆牌,钱江牌,366664000000000000 ,354366000000000000 ,197201,197106,17,0,2,工作日,晚高峰(17-19点),2015-02-02,2015年2月2日,阴 /小雨,7℃ / 3℃,南风 ≤3级 /东南风 ≤3级,阴,小雨,7,3,南风,≤3级,东南风,≤3级,day
2015-02-06 12:50:00,太慈桥,1、追尾的,负全部责任,不负责任,1,贵CKG416,白色,1,贵AU4122,绿色,正安县永昇驾驶培训学校,自培,-1,1998/5/11 0:00,吉利牌,捷达牌,366561000000000000 ,366367000000000000 ,198911,197602,12,4,2,工作日,非高峰,2015-02-06,2015年2月6日,多云 /小雨,9℃ / 2℃,南风 ≤3级 /南风 ≤3级,多云,小雨,9,2,南风,≤3级,南风,≤3级,day
2015-02-06 20:00:00,乌当,7、未按规定让行的 ,负全部责任,不负责任,1,渝A45U66,黑,1,贵A31R87,红,长运驾校,长运驾校,2013/3/15 0:00,2011/5/23 0:00,长安牌,东风雪铁龙牌,364558000000000000 ,364548000000000000 ,198710,198608,20,4,2,工作日,非高峰,2015-02-06,2015年2月6日,多云 /小雨,9℃ / 2℃,南风 ≤3级 /南风 ≤3级,多云,小雨,9,2,南风,≤3级,南风,≤3级,night
2015-02-05 20:30:00,花果园,7、未按规定让行的 ,负全部责任,不负责任,1,贵AV5883,白色,1,贵A96E62,黑色,贵阳学院汽车驾驶培训,自培,2013/12/31 0:00,2011/5/9 0:00,神龙-富康牌,奥迪牌,364556000000000000 ,344605000000000000 ,199311,198802,20,3,2,工作日,非高峰,2015-02-05,2015年2月5日,阴 /阴,3℃ / 0℃,东北风 ≤3级 /东北风 ≤3级,阴,阴,3,0,东北风,≤3级,东北风,≤3级,night
2015-02-05 15:40:00,云潭南路,8、依法应负全责的其他情形,负全部责任,不负责任,1,贵A943F3,银,1,贵AAB023,白,吉源驾校,贵州现代驾驶培训责任有限公司,2014/2/27 0:00,2010/4/14 0:00,江淮牌,长安牌,36456651134850567X,366064000000000000 ,199507,198712,15,3,2,工作日,非高峰,2015-02-05,2015年2月5日,阴 /阴,3℃ / 0℃,东北风 ≤3级 /东北风 ≤3级,阴,阴,3,0,东北风,≤3级,东北风,≤3级,day
2015-02-07 13:30:00,云环路,7、未按规定让行的 ,负全部责任,不负责任,1,贵A8219C,黑,1,贵A8267U,白,（观山湖区）诚信驾驶培训有限公司,文通驾校,2008/5/15 0:00,2002/6/7 0:00,起亚牌,东风标致牌,366563000000000000 ,364558000000000000 ,198301,197611,13,5,2,工作日,非高峰,2015-02-07,2015年2月7日,阴 /阴,8℃ / 3℃,东北风 ≤3级 /东北风 ≤3级,阴,阴,8,3,东北风,≤3级,东北风,≤3级,day
2015-02-06 09:30:00,备战路,7、未按规定让行的 ,负全部责任,不负责任,1,贵A3179V,白色,1,贵A3160学,白色,新华驾校,消防驾校,2014/8/18 0:00,1994/3/30 0:00,东风牌,-1,364647000000000000 ,364547000000000000 ,198205,196407,9,4,2,工作日,早高峰(7-9点),2015-02-06,2015年2月6日,多云 /小雨,9℃ / 2℃,南风 ≤3级 /南风 ≤3级,多云,小雨,9,2,南风,≤3级,南风,≤3级,day
2015-02-06 17:45:00,中华路,8、依法应负全责的其他情形,负全部责任,不负责任,1,贵A68P27,黑,1,贵A25M82,绿,（南明区）金大驾驶培训有限公司,-1,2007/1/5 0:00,-1,大众汽车牌,宝来牌,366363000000000000 ,346548000000000000 ,198201,198702,17,4,2,工作日,晚高峰(17-19点),2015-02-06,2015年2月6日,多云 /小雨,9℃ / 2℃,南风 ≤3级 /南风 ≤3级,多云,小雨,9,2,南风,≤3级,南风,≤3级,day
2015-02-06 08:15:00,花溪大道,7、未按规定让行的 ,负全部责任,不负责任,1,贵A4AL95,黑,0,豫A4WV86,黄,（经开区）十一驾驶培训有限公司,-1,2009/4/23 0:00,-1,福克斯牌,风神牌,366347000000000000 ,366661000000000000 ,198110,198412,8,4,2,工作日,早高峰(7-9点),2015-02-06,2015年2月6日,多云 /小雨,9℃ / 2℃,南风 ≤3级 /南风 ≤3级,多云,小雨,9,2,南风,≤3级,南风,≤3级,day
2015-02-03 19:52:00,花溪大道北段,1、追尾的,负全部责任,不负责任,1,贵A54L67,黑色,1,贵ACX813,白色,铁二局驾校,-1,2013/10/10 0:00,-1,宝骏牌,夏利牌,364547000000000000 ,354662000000000 ,199107,690313,19,1,2,工作日,晚高峰(17-19点),2015-02-03,2015年2月3日,小雨 /小雨,6℃ / 1℃,东北风 ≤3级 /东北风 ≤3级,小雨,小雨,6,1,东北风,≤3级,东北风,≤3级,day
2015-02-11 13:00:00,花果园高架桥,1、追尾的,负全部责任,不负责任,1,贵A11G78,黑色,1,辽AR6T77,白色,贵工驾校,-1,2012/1/13 0:00,-1,斯巴鲁,奥迪牌,364548000000000000 ,674549000000000000 ,199005,198803,13,2,2,工作日,非高峰,2015-02-11,2015年2月11日,多云 /多云,11℃ / 3℃,东风 ≤3级 /东北风 ≤3级,多云,多云,11,3,东风,≤3级,东北风,≤3级,day
2015-02-10 17:35:00,南明区沙冲路,7、未按规定让行的 ,负全部责任,不负责任,1,贵AKK737,白色,1,贵AU6812,白色,（南明区）阳光驾驶培训有限公司,自培,2006/6/23 0:00,1998/8/24 0:00,锋范牌,宇通牌,364557000000000000 ,364547000000000000 ,197310,196909,17,1,2,工作日,晚高峰(17-19点),2015-02-10,2015年2月10日,小雨 /小雨,6℃ / 3℃,东北风 ≤3级 /东风 ≤3级,小雨,小雨,6,3,东北风,≤3级,东风,≤3级,day
2015-02-05 13:06:00,三桥,1、追尾的,负全部责任,不负责任,1,贵A34555,黑,1,贵AN711,红,威宁县草海汽车驾驶培训有限公司,自培,2010/5/25 0:00,2005/1/25 0:00,豪泺牌,-1,366069000000000000 ,354361000000000000 ,197909,197209,13,3,2,工作日,非高峰,2015-02-05,2015年2月5日,阴 /阴,3℃ / 0℃,东北风 ≤3级 /东北风 ≤3级,阴,阴,3,0,东北风,≤3级,东北风,≤3级,day
2015-02-09 09:47:00,陈亮村,7、未按规定让行的 ,负全部责任,不负责任,1,贵A66M29,白色,1,贵ADL375,白色,景宏驾校,520109,2012/3/13 0:00,2007/12/17 0:00,福特牌,比亚迪牌,364556000000000000 ,36455551264943445X,198005,196208,9,0,2,工作日,早高峰(7-9点),2015-02-09,2015年2月9日,阴 /小雨,6℃ / 4℃,东北风 ≤3级 /东北风 ≤3级,阴,小雨,6,4,东北风,≤3级,东北风,≤3级,day
2015-02-08 12:00:00,花溪吉林村,3、倒车的,负全部责任,不负责任,1,贵DA9572,白色,1,贵A2790F,黑色,高新驾校,诚信驾驶培训学校,2015/1/28 0:00,2014/9/12 0:00,哈飞牌,解放牌,364566000000000000 ,364556000000000000 ,199503,198709,12,6,2,周末,非高峰,2015-02-08,2015年2月8日,阴 /阴,7℃ / 3℃,东北风 ≤3级 /南风 ≤3级,阴,阴,7,3,东北风,≤3级,南风,≤3级,day
2015-02-10 21:24:00,延安中路,7、未按规定让行的 ,负全部责任,不负责任,1,贵AU0246,白色,1,贵GE5248,白色,（南明区）金大驾驶培训有限公司,省驾校,2008/10/13 0:00,2005/1/11 0:00,万达牌,瑞麒牌,364547000000000000 ,706146000000000000 ,196001,197707,21,1,2,工作日,非高峰,2015-02-10,2015年2月10日,小雨 /小雨,6℃ / 3℃,东北风 ≤3级 /东风 ≤3级,小雨,小雨,6,3,东北风,≤3级,东风,≤3级,night
2015-02-08 12:00:00,山水黔城正大门,7、未按规定让行的 ,负全部责任,不负责任,1,贵AW6724,黑色,1,贵AU8660,黑色,蓝天驾校,阳光驾校,2010/7/7 0:00,2008/8/12 0:00,隆鑫牌,欧豹牌,364547000000000000 ,35616751284669837X,197209,196702,12,6,2,周末,非高峰,2015-02-08,2015年2月8日,阴 /阴,7℃ / 3℃,东北风 ≤3级 /南风 ≤3级,阴,阴,7,3,东北风,≤3级,南风,≤3级,day
2015-02-11 04:20:00,燕楼乡县道,8、依法应负全责的其他情形,负全部责任,不负责任,1,贵A3350F,白色,1,贵A2B410,白色,鑫鑫驾校,520117,2014/5/20 0:00,2010/2/5 0:00,长城牌,五菱牌,366064000000000000 ,364556000000000000 ,197611,198905,4,2,2,工作日,非高峰,2015-02-11,2015年2月11日,多云 /多云,11℃ / 3℃,东风 ≤3级 /东北风 ≤3级,多云,多云,11,3,东风,≤3级,东北风,≤3级,night
2015-02-07 17:00:00,官山西路,7、未按规定让行的 ,负全部责任,不负责任,1,贵A74M63,白,1,贵A21A91,蓝,消防驾校,无,2012/12/18 0:00,2001/11/6 0:00,比亚迪牌,夏利牌,364557000000000000 ,364548000000000000 ,198907,197902,17,5,2,工作日,晚高峰(17-19点),2015-02-07,2015年2月7日,阴 /阴,8℃ / 3℃,东北风 ≤3级 /东北风 ≤3级,阴,阴,8,3,东北风,≤3级,东北风,≤3级,day
2015-02-09 17:00:00,文昌南路,7、未按规定让行的 ,负全部责任,不负责任,1,贵AV1222,绿,1,贵A71K58,黑,（云岩区）时发驾驶培训有限公司,消防驾校,2009/1/21 0:00,2011/3/9 0:00,奥迪,丰田牌,36456751915542563X,364548000000000000 ,198911,199005,17,0,2,工作日,晚高峰(17-19点),2015-02-09,2015年2月9日,阴 /小雨,6℃ / 4℃,东北风 ≤3级 /东北风 ≤3级,阴,小雨,6,4,东北风,≤3级,东北风,≤3级,day
2015-02-08 19:00:00,三桥中坝,1、追尾的,负全部责任,不负责任,1,贵HL1612,银,1,贵A76115,黑,吉源驾校,-1,2015/1/8 0:00,-1,蒙迪欧牌,力帆,366563000000000000 ,366061000000000000 ,199202,198112,19,6,2,周末,晚高峰(17-19点),2015-02-08,2015年2月8日,阴 /阴,7℃ / 3℃,东北风 ≤3级 /南风 ≤3级,阴,阴,7,3,东北风,≤3级,南风,≤3级,day