accidenttime,accidentaddr,driver1fault,driver1responsibility,driver2responsibility,sex1,platenumber1,carcolor1,sex2,platenumber2,carcolor2,jxmc1,jxmc2,cclzrq1,cclzrq2,clpp1,clpp2,driver1license,driver2license,brith1,brith2,hour,weekday,month,is_weekday,peak_hour,date,日期,天气状况,气温,风力风向,day_wea,night_wea,day_tep,night_tep,day_wind_direction,day_wind_speed,night_wind_direction,night_wind_speed,segment
2015-02-08 12:00:00,南明区东站路,7、未按规定让行的 ,负全部责任,不负责任,1,贵JK5982,白色,1,贵A0BX84,黑色,文通驾校,-1,2011/12/9 0:00,-1,东风牌,金杯牌,364547000000000000 ,79296500000000000 ,197308,199286,12,6,2,周末,非高峰,2015-02-08,2015年2月8日,阴 /阴,7℃ / 3℃,东北风 ≤3级 /南风 ≤3级,阴,阴,7,3,东北风,≤3级,南风,≤3级,day
2015-02-08 15:00:00,会展城,9、不符合前8款规定或者双方同时具有上述情形的,负全部责任,不负责任,1,贵JG9432,白,1,贵A99986,黄,毕节市金沙县宏星驾驶员培训学校,黔南州华晟驾驶培训学校,-1,2005/1/5 0:00,长安牌,嘉陵牌,366061000000000000 ,366361000000000000 ,195810,198105,15,6,2,周末,非高峰,2015-02-08,2015年2月8日,阴 /阴,7℃ / 3℃,东北风 ≤3级 /南风 ≤3级,阴,阴,7,3,东北风,≤3级,南风,≤3级,day
2015-02-08 12:00:00,花溪大道,8、依法应负全责的其他情形,负全部责任,不负责任,1,贵A74R98,红色,1,贵A46F78,白色,长运驾校,-1,2013/11/19 0:00,-1,凌派牌,马自达牌,364548000000000000 ,364542000000000000 ,199505,195704,12,6,2,周末,非高峰,2015-02-08,2015年2月8日,阴 /阴,7℃ / 3℃,东北风 ≤3级 /南风 ≤3级,阴,阴,7,3,东北风,≤3级,南风,≤3级,day
2015-02-07 16:44:00,花溪,3、倒车的,负全部责任,不负责任,1,贵A0077B,白色,1,贵A960F1,白色,（南明区）金大驾驶培训有限公司,铁二局驾校,2005/6/29 0:00,2012/11/12 0:00,别克牌,解放,366347000000000000 ,364596000000000000 ,197403,199107,16,5,2,工作日,非高峰,2015-02-07,2015年2月7日,阴 /阴,8℃ / 3℃,东北风 ≤3级 /东北风 ≤3级,阴,阴,8,3,东北风,≤3级,东北风,≤3级,day
2015-02-14 15:00:00,沙冲路,7、未按规定让行的 ,负全部责任,不负责任,1,贵A11M47,白色,1,贵AU7993,黑色,贵州现代驾驶培训责任有限公司,贵工驾校,2015/2/2 0:00,2011/7/28 0:00,斯柯达牌,奇瑞牌,364548000000000000 ,364547000000000000 ,197904,197412,15,5,2,工作日,非高峰,2015-02-14,2015年2月14日,阵雨 /雷阵雨,16℃ / 10℃,南风 ≤3级 /南风 ≤3级,阵雨,雷阵雨,16,10,南风,≤3级,南风,≤3级,day
2015-02-11 15:00:00,金阳康馨路,9、不符合前8款规定或者双方同时具有上述情形的,负同等责任,负同等责任,1,贵AB562A,黑,1,贵A2859G,蓝,铁二局驾校,诚信驾驶培训学校,2010/2/22 0:00,2012/8/24 0:00,吉利美日牌,五菱牌,366361000000000000 ,366577000000000000 ,197609,199311,15,2,2,工作日,非高峰,2015-02-11,2015年2月11日,多云 /多云,11℃ / 3℃,东风 ≤3级 /东北风 ≤3级,多云,多云,11,3,东风,≤3级,东北风,≤3级,day
2015-02-16 11:07:00,湖滨路,7、未按规定让行的 ,负全部责任,不负责任,1,贵A9BA86,蓝,1,贵AA889M,黑,全林驾校,全林驾校,2012/3/9 0:00,2014/12/16 0:00,别克牌,吉利美日牌,364547000000000000 ,364646000000000000 ,198706,198611,11,0,2,工作日,非高峰,2015-02-16,2015年2月16日,阴 /阵雨,15℃ / 9℃,东北风 ≤3级 /东南风 ≤3级,阴,阵雨,15,9,东北风,≤3级,东南风,≤3级,day
2015-02-16 09:12:00,白云区,1、追尾的,负全部责任,不负责任,1,贵A0848H,蓝,1,贵A3648V,白,长运驾校,-1,2014/5/14 0:00,-1,五菱牌,雪佛兰牌,364558000000000000 ,364545000000 ,197604,188362,9,0,2,工作日,早高峰(7-9点),2015-02-16,2015年2月16日,阴 /阵雨,15℃ / 9℃,东北风 ≤3级 /东南风 ≤3级,阴,阵雨,15,9,东北风,≤3级,东南风,≤3级,day
2015-02-12 05:40:00,宝山路,7、未按规定让行的 ,负全部责任,不负责任,1,贵A55P28A,黑,1,贵A46W26,黑,阳光驾校,预约考试窗口,2014/5/8 0:00,2007/5/10 0:00,-1,科雷傲,364547000000000000 ,366768000000000000 ,198906,198010,5,3,2,工作日,非高峰,2015-02-12,2015年2月12日,多云 /多云,15℃ / 5℃,南风 ≤3级 /南风 ≤3级,多云,多云,15,5,南风,≤3级,南风,≤3级,night
2015-02-12 16:30:00,富源路立交桥,7、未按规定让行的 ,负全部责任,不负责任,1,贵A2Y6581,白色,1,贵A23F57,白色,（经开区）十一驾驶培训有限公司,预约考试窗口,2008/11/7 0:00,2007/2/9 0:00,-1,东风日产牌,364551000000000000 ,364551000000000000 ,198912,198001,16,3,2,工作日,非高峰,2015-02-12,2015年2月12日,多云 /多云,15℃ / 5℃,南风 ≤3级 /南风 ≤3级,多云,多云,15,5,南风,≤3级,南风,≤3级,day
2015-02-16 11:50:00,沙冲路,9、不符合前8款规定或者双方同时具有上述情形的,负同等责任,负同等责任,1,贵GX6298,白色,1,贵A72N31,白色,消防驾校,-1,2015/1/20 0:00,-1,长安牌,观致牌,36454651814564800X,364545000000 ,197901,205378,11,0,2,工作日,非高峰,2015-02-16,2015年2月16日,阴 /阵雨,15℃ / 9℃,东北风 ≤3级 /东南风 ≤3级,阴,阵雨,15,9,东北风,≤3级,东南风,≤3级,day
2015-02-14 08:30:00,花果园,7、未按规定让行的 ,负全部责任,不负责任,1,贵CNC757,黑,1,贵AH2222,黑,金大驾校,预约考试窗口,2014/4/21 0:00,2007/5/16 0:00,东风标致牌,轻骑牌,366568000000000000 ,57494651974042426X,199004,198304,8,5,2,工作日,早高峰(7-9点),2015-02-14,2015年2月14日,阵雨 /雷阵雨,16℃ / 10℃,南风 ≤3级 /南风 ≤3级,阵雨,雷阵雨,16,10,南风,≤3级,南风,≤3级,day
2015-02-09 17:00:00,贵开路,7、未按规定让行的 ,负全部责任,不负责任,1,贵A5C108,黑,1,贵AU5789,绿,黔东南三穗县铭穗机动车驾驶培训学校,自培,2014/8/23 0:00,2006/2/17 0:00,-1,双菱牌,366261000000000000 ,364547000000000000 ,199007,198406,17,0,2,工作日,晚高峰(17-19点),2015-02-09,2015年2月9日,阴 /小雨,6℃ / 4℃,东北风 ≤3级 /东北风 ≤3级,阴,小雨,6,4,东北风,≤3级,东北风,≤3级,day
2015-02-16 09:53:00,金源街,7、未按规定让行的 ,负全部责任,不负责任,1,贵A51E35,黑,1,贵AU8133,绿,文通驾校,-1,2011/6/27 0:00,-1,福克斯牌,瑞麒牌,366546000000000000 ,36636800000000 ,198301,101938,9,0,2,工作日,早高峰(7-9点),2015-02-16,2015年2月16日,阴 /阵雨,15℃ / 9℃,东北风 ≤3级 /东南风 ≤3级,阴,阵雨,15,9,东北风,≤3级,东南风,≤3级,day
2015-02-12 08:00:00,小河,8、依法应负全责的其他情形,负全部责任,不负责任,1,贵FQ6881,黑色,1,贵A7CB14,白色,顺风驾校,吉源驾校,2015/1/22 0:00,2013/8/29 0:00,长安牌,起亚牌,364566000000000000 ,366764000000000000 ,199302,199406,8,3,2,工作日,早高峰(7-9点),2015-02-12,2015年2月12日,多云 /多云,15℃ / 5℃,南风 ≤3级 /南风 ≤3级,多云,多云,15,5,南风,≤3级,南风,≤3级,day
2015-02-13 10:15:00,开发大道,7、未按规定让行的 ,负全部责任,不负责任,1,贵AJX195,白色,1,贵JBS623,白色,（观山湖区）蓝天驾驶培训有限公司,-1,2005/1/24 0:00,-1,田野牌,长安牌,366367000000000000 ,364364000000000000 ,197912,197205,10,4,2,工作日,非高峰,2015-02-13,2015年2月13日,多云 /阵雨,17℃ / 8℃,南风 ≤3级 /南风 ≤3级,多云,阵雨,17,8,南风,≤3级,南风,≤3级,day
2015-02-12 12:30:00,三桥,8、依法应负全责的其他情形,负全部责任,不负责任,1,贵AV8876,白,1,粤B78318,银,（经开区）十一驾驶培训有限公司,-1,2005/2/6 0:00,-1,马自达牌,金杯,366664000000000000 ,74262500000000000 ,197102,198709,12,3,2,工作日,非高峰,2015-02-12,2015年2月12日,多云 /多云,15℃ / 5℃,南风 ≤3级 /南风 ≤3级,多云,多云,15,5,南风,≤3级,南风,≤3级,day
2015-02-23 09:15:00,宝山北路师大路段,7、未按规定让行的 ,负全部责任,不负责任,1,贵AP4207,白色,1,贵AU0065,白色,（南明区）阳光驾驶培训有限公司,自培,2007/8/23 0:00,2002/7/12 0:00,鑫源牌,宝来牌,364556000000000000 ,364548000000000000 ,195208,197004,9,0,2,工作日,早高峰(7-9点),2015-02-23,2015年2月23日,阴 /阴,16℃ / 8℃,南风 ≤3级 /东风 ≤3级,阴,阴,16,8,南风,≤3级,东风,≤3级,day
2015-02-27 10:00:00,黔江路10号,7、未按规定让行的 ,负全部责任,不负责任,1,贵A77C89,白色,1,贵ATN543,白色,瓮安县鑫源驾驶培训学校,顺一驾驶培训学校,-1,2011/5/18 0:00,大众牌,东南牌,366864000000000000 ,36684551954540667X,197909,198101,10,4,2,工作日,非高峰,2015-02-27,2015年2月27日,多云 /阵雨,21℃ / 5℃,南风 ≤3级 /南风 ≤3级,多云,阵雨,21,5,南风,≤3级,南风,≤3级,day
2015-02-24 11:00:00,开发大道,1、追尾的,负全部责任,不负责任,1,贵A57H55,白色,1,贵A92M39,黑色,顺一驾驶培训学校,贵州省长安驾驶培训学校,2013/6/8 0:00,2014/5/5 0:00,大众汽车牌,大众汽车牌,366546000000000000 ,366563000000000000 ,198402,198209,11,1,2,工作日,非高峰,2015-02-24,2015年2月24日,多云 /阴,20℃ / 9℃,南风 ≤3级 /南风 ≤3级,多云,阴,20,9,南风,≤3级,南风,≤3级,day
2015-02-17 09:30:00,新添大道,7、未按规定让行的 ,负全部责任,不负责任,1,贵AKX652,蓝,1,贵A6A588,银,消防驾校,520129,2010/11/1 0:00,2008/11/7 0:00,福克斯牌,-1,366664000000000000 ,364548000000000000 ,197302,196905,9,1,2,工作日,早高峰(7-9点),2015-02-17,2015年2月17日,阴 /阴,17℃ / 11℃,东南风 ≤3级 /南风 ≤3级,阴,阴,17,11,东南风,≤3级,南风,≤3级,day
2015-02-27 08:00:00,金源街,3、倒车的,负全部责任,不负责任,1,贵A9384警,白,1,贵A67C28,白,诚信驾驶培训学校,520136,2011/6/13 0:00,2011/9/30 0:00,-1,雪佛兰牌,364557000000000000 ,364557000000000000 ,199101,198506,8,4,2,工作日,早高峰(7-9点),2015-02-27,2015年2月27日,多云 /阵雨,21℃ / 5℃,南风 ≤3级 /南风 ≤3级,多云,阵雨,21,5,南风,≤3级,南风,≤3级,day
2015-02-27 10:28:00,云盘古堡,1、追尾的,负全部责任,不负责任,0,贵AFT129,黑色,1,贵A2030N,白色,吉源驾校,文通驾校,2015/1/30 0:00,2011/1/5 0:00,吉利牌,吉利牌,364556000000000000 ,366862000000000000 ,199302,197807,10,4,2,工作日,非高峰,2015-02-27,2015年2月27日,多云 /阵雨,21℃ / 5℃,南风 ≤3级 /南风 ≤3级,多云,阵雨,21,5,南风,≤3级,南风,≤3级,day
2015-02-27 13:46:00,西南环线,1、追尾的,负全部责任,不负责任,1,贵A679E2,白色,1,贵A5E828,银色,时发驾校,520132,2012/6/13 0:00,2010/9/30 0:00,五菱牌,-1,354675000000000000 ,366064000000000000 ,196807,198708,13,4,2,工作日,非高峰,2015-02-27,2015年2月27日,多云 /阵雨,21℃ / 5℃,南风 ≤3级 /南风 ≤3级,多云,阵雨,21,5,南风,≤3级,南风,≤3级,day
2015-02-15 17:00:00,师大,8、依法应负全责的其他情形,负全部责任,不负责任,1,贵AHN099,黑,0,贵ANM7154,银,智杰驾校,时发,2014/8/27 0:00,2005/11/25 0:00,长城牌,-1,36676551174765465X,56969500000000000 ,199303,198308,17,6,2,周末,晚高峰(17-19点),2015-02-15,2015年2月15日,多云 /阴,19℃ / 8℃,南风 ≤3级 /东北风 ≤3级,多云,阴,19,8,南风,≤3级,东北风,≤3级,day
2015-02-16 14:00:00,贵惠大道,7、未按规定让行的 ,负全部责任,不负责任,1,贵AK1494,白色,1,浙AM641W,白色,（南明区）铁二局驾驶培训有限公司,-1,2008/10/7 0:00,-1,陆康牌,雅阁牌,364547000000000000 ,366664000000000000 ,198502,197410,14,0,2,工作日,非高峰,2015-02-16,2015年2月16日,阴 /阵雨,15℃ / 9℃,东北风 ≤3级 /东南风 ≤3级,阴,阵雨,15,9,东北风,≤3级,东南风,≤3级,day
2015-02-28 08:10:00,黄河路机电厂宿舍,7、未按规定让行的 ,负全部责任,不负责任,1,贵A3774V,黑色,1,贵ADZ197,白色,顺一驾驶培训学校,-1,2011/12/6 0:00,-1,东风标致牌,奇瑞牌,364547000000000000 ,355468000000000000 ,196008,196403,8,5,2,工作日,早高峰(7-9点),2015-02-28,2015年2月28日,小雨 /小雨,8℃ / 4℃,东北风 ≤3级 /东北风 ≤3级,小雨,小雨,8,4,东北风,≤3级,东北风,≤3级,day
2015-02-27 12:30:00,鲤鱼街,8、依法应负全责的其他情形,负全部责任,不负责任,1,贵A83V82,红,1,贵ABK606,银,吉源驾校,自培,2014/8/1 0:00,2000/9/18 0:00,东风日产牌,吉利牌,36454751134041400X,356168000000000000 ,199504,197312,12,4,2,工作日,非高峰,2015-02-27,2015年2月27日,多云 /阵雨,21℃ / 5℃,南风 ≤3级 /南风 ≤3级,多云,阵雨,21,5,南风,≤3级,南风,≤3级,day
2015-02-14 17:00:00,花香村,7、未按规定让行的 ,负全部责任,不负责任,1,贵AU3199,绿,1,贵A22C35,黑,（南明区）吉源驾驶培训有限公司,-1,2009/9/17 0:00,-1,瑞麒牌,众泰牌,36604551834253045X,36455600000000000 ,197506,199010,17,5,2,工作日,晚高峰(17-19点),2015-02-14,2015年2月14日,阵雨 /雷阵雨,16℃ / 10℃,南风 ≤3级 /南风 ≤3级,阵雨,雷阵雨,16,10,南风,≤3级,南风,≤3级,day
2015-02-27 17:00:00,花溪大道,8、依法应负全责的其他情形,负全部责任,不负责任,1,贵A61E67,银,1,贵AU6274,绿,长运驾校,阳光驾校,2014/11/28 0:00,2006/8/7 0:00,大众汽车牌,山洋牌,364596000000000000 ,36636751894162595X,199602,197809,17,4,2,工作日,晚高峰(17-19点),2015-02-27,2015年2月27日,多云 /阵雨,21℃ / 5℃,南风 ≤3级 /南风 ≤3级,多云,阵雨,21,5,南风,≤3级,南风,≤3级,day
2015-02-14 22:00:00,沙冲北路,7、未按规定让行的 ,负全部责任,不负责任,1,贵AU0638,白色,1,贵APS205,白色,（乌当区）新天驾驶培训有限公司,-1,2006/1/20 0:00,-1,万达牌,骐达牌,366361000000000000 ,364557000000000000 ,197809,199005,22,5,2,工作日,非高峰,2015-02-14,2015年2月14日,阵雨 /雷阵雨,16℃ / 10℃,南风 ≤3级 /南风 ≤3级,阵雨,雷阵雨,16,10,南风,≤3级,南风,≤3级,night
2015-02-28 10:00:00,鹿冲关,1、追尾的,负全部责任,不负责任,1,贵A94V78,白,1,贵A87J18,银,（南明区）吉源驾驶培训有限公司,-1,2006/8/15 0:00,-1,福克斯牌,吉利美日牌,36454751925445726X,364544000000 ,198610,22352,10,5,2,工作日,非高峰,2015-02-28,2015年2月28日,小雨 /小雨,8℃ / 4℃,东北风 ≤3级 /东北风 ≤3级,小雨,小雨,8,4,东北风,≤3级,东北风,≤3级,day
2015-02-27 10:00:00,贵州大学,8、依法应负全责的其他情形,负全部责任,不负责任,1,贵JBT219,黑色,0,贵JN5648,黑色,吉源驾校,高新驾校,2015/1/8 0:00,2011/8/18 0:00,钱江牌,朗逸牌,366766000000000000 ,366854000000000000 ,198512,197912,10,4,2,工作日,非高峰,2015-02-27,2015年2月27日,多云 /阵雨,21℃ / 5℃,南风 ≤3级 /南风 ≤3级,多云,阵雨,21,5,南风,≤3级,南风,≤3级,day
2015-02-28 12:13:00,碧海商业街,7、未按规定让行的 ,负全部责任,不负责任,1,粤B8HC76,银,1,贵A42L72,蓝,路路达驾校,文通驾校,2014/8/21 0:00,2012/3/31 0:00,北京现代牌,雪佛兰牌,36606051824340540X,364648000000000000 ,197605,198312,12,5,2,工作日,非高峰,2015-02-28,2015年2月28日,小雨 /小雨,8℃ / 4℃,东北风 ≤3级 /东北风 ≤3级,小雨,小雨,8,4,东北风,≤3级,东北风,≤3级,day
2015-02-11 15:00:00,观山东路,1、追尾的,负全部责任,不负责任,1,贵A2BB06,白色,1,贵AH8228,黑色,全林驾校,自培,2011/5/19 0:00,2001/3/30 0:00,波罗牌,豪爵牌,364557000000000000 ,364547000000000000 ,199102,197411,15,2,2,工作日,非高峰,2015-02-11,2015年2月11日,多云 /多云,11℃ / 3℃,东风 ≤3级 /东北风 ≤3级,多云,多云,11,3,东风,≤3级,东北风,≤3级,day
2015-02-13 13:00:00,二戈寨,8、依法应负全责的其他情形,负全部责任,不负责任,1,贵A0233M,白色,1,贵AB6758,黑色,（南明区）铁二局驾驶培训有限公司,自培,2006/8/10 0:00,2004/5/25 0:00,北京现代牌,陆豪牌,366664000000000000 ,364547000000000000 ,198012,197804,13,4,2,工作日,非高峰,2015-02-13,2015年2月13日,多云 /阵雨,17℃ / 8℃,南风 ≤3级 /南风 ≤3级,多云,阵雨,17,8,南风,≤3级,南风,≤3级,day
2015-02-16 10:00:00,白云区,7、未按规定让行的 ,负全部责任,不负责任,1,贵A84E19,黑,1,贵AU9732,绿,（南明区）吉源驾驶培训有限公司,自培,2007/8/2 0:00,2006/12/31 0:00,北京现代牌,瑞麒牌,364558000000000000 ,364558000000000000 ,198112,197704,10,0,2,工作日,非高峰,2015-02-16,2015年2月16日,阴 /阵雨,15℃ / 9℃,东北风 ≤3级 /东南风 ≤3级,阴,阵雨,15,9,东北风,≤3级,东南风,≤3级,day
2015-02-26 12:10:00,珠江路,3、倒车的,负全部责任,不负责任,1,贵A18E31,白色,1,贵AMV223,黑色,顺一驾驶培训学校,十一驾驶培训有限公司,2010/12/13 0:00,2010/11/29 0:00,长安牌,长安牌,364556000000000000 ,366770000000000000 ,199207,197607,12,3,2,工作日,非高峰,2015-02-26,2015年2月26日,阴 /小雨,12℃ / 9℃,东风 ≤3级 /南风 ≤3级,阴,小雨,12,9,东风,≤3级,南风,≤3级,day
2015-03-01 15:40:00,莲花坡,1、追尾的,负全部责任,不负责任,1,贵A5BF47,银,1,贵ASW369,红,吉源驾校,-1,2014/12/1 0:00,-1,斯柯达牌,雪佛兰牌,364548000000000000 ,3662460000000000 ,197107,166080,15,6,3,周末,非高峰,2015-03-01,2015年3月1日,阴 /阴,9℃ / 3℃,东风 ≤3级 /南风 ≤3级,阴,阴,9,3,东风,≤3级,南风,≤3级,day
2015-02-28 16:30:00,老干中心,8、依法应负全责的其他情形,负全部责任,不负责任,1,贵FR8772,白,0,贵JAT447,白,毕节地区黔中汽车(摩托车)驾驶培训学校,-1,2011/2/25 0:00,-1,大众牌,豪爵牌,366068000000000000 ,364548000000000000 ,198809,198901,16,5,2,工作日,非高峰,2015-02-28,2015年2月28日,小雨 /小雨,8℃ / 4℃,东北风 ≤3级 /东北风 ≤3级,小雨,小雨,8,4,东北风,≤3级,东北风,≤3级,day
2015-03-01 17:30:00,浣纱路,7、未按规定让行的 ,负全部责任,不负责任,1,贵A3AT94,白色,1,贵A1AP57,白色,全林驾校,十一驾驶培训有限公司,2013/9/22 0:00,2012/7/30 0:00,丰田牌,东风雪铁龙牌,366367000000000000 ,364646000000000000 ,198111,198102,17,6,3,周末,晚高峰(17-19点),2015-03-01,2015年3月1日,阴 /阴,9℃ / 3℃,东风 ≤3级 /南风 ≤3级,阴,阴,9,3,东风,≤3级,南风,≤3级,day
2015-03-02 07:00:00,沙冲中路,7、未按规定让行的 ,负全部责任,不负责任,1,贵A84J77,白色,1,贵ATV376,白色,贵州省长安驾驶培训学校,消防驾校,2014/4/17 0:00,2010/10/8 0:00,东风标致牌,长安牌,364548000000000000 ,364558000000000000 ,198301,197911,7,0,3,工作日,早高峰(7-9点),2015-03-02,2015年3月2日,阴 /小雨,9℃ / 2℃,东北风 ≤3级 /东北风 ≤3级,阴,小雨,9,2,东北风,≤3级,东北风,≤3级,day
2015-02-26 10:21:00,北京西路,1、追尾的,负全部责任,不负责任,1,贵A27A95,白色,1,贵A85M12,黑色,十一驾驶培训有限公司,520107,2011/10/8 0:00,2010/3/10 0:00,东风雪铁龙牌,福特牌,366546000000000000 ,364548000000000000 ,198002,198610,10,3,2,工作日,非高峰,2015-02-26,2015年2月26日,阴 /小雨,12℃ / 9℃,东风 ≤3级 /南风 ≤3级,阴,小雨,12,9,东风,≤3级,南风,≤3级,day
2015-02-24 18:40:00,乌江路红绿灯处,9、不符合前8款规定或者双方同时具有上述情形的,负同等责任,负同等责任,1,贵AL3498,白色,1,贵A8262N,白色,鑫鑫驾校,鑫鑫驾校,2014/4/22 0:00,2004/7/12 0:00,五菱牌,长城牌,366561000000000000 ,364551000000000000 ,198410,197908,18,1,2,工作日,晚高峰(17-19点),2015-02-24,2015年2月24日,多云 /阴,20℃ / 9℃,南风 ≤3级 /南风 ≤3级,多云,阴,20,9,南风,≤3级,南风,≤3级,day
2015-02-26 17:00:00,花溪,7、未按规定让行的 ,负全部责任,不负责任,1,贵AA845C,黑色,0,贵DX2388,黑色,惠水县黔岭机动车驾驶培训有限公司,-1,2011/7/18 0:00,-1,力帆牌,大众汽车牌,364566000000000000 ,366661000000000000 ,198908,198806,17,3,2,工作日,晚高峰(17-19点),2015-02-26,2015年2月26日,阴 /小雨,12℃ / 9℃,东风 ≤3级 /南风 ≤3级,阴,小雨,12,9,东风,≤3级,南风,≤3级,day
2015-02-25 01:40:00,花二道,1、追尾的,负全部责任,不负责任,1,贵JAL825,白色,1,贵AGN742,黑色,贵州省长安驾驶培训学校,新华驾校,2007/10/22 0:00,2010/2/4 0:00,长安牌,锋范牌,366876000000000000 ,364547000000000000 ,197904,196002,1,2,2,工作日,非高峰,2015-02-25,2015年2月25日,阴 /阵雨,15℃ / 8℃,东北风 ≤3级 /东北风 ≤3级,阴,阵雨,15,8,东北风,≤3级,东北风,≤3级,night
2015-03-02 15:10:00,和尚坡,7、未按规定让行的 ,负全部责任,不负责任,1,贵A7A170,红,0,贵FS5923,黑,黔丰驾校,顺一驾驶培训学校,2014/11/10 0:00,2013/8/19 0:00,启辰牌,金杯牌,364548000000000000 ,36606651964567645X,198701,198201,15,0,3,工作日,非高峰,2015-03-02,2015年3月2日,阴 /小雨,9℃ / 2℃,东北风 ≤3级 /东北风 ≤3级,阴,小雨,9,2,东北风,≤3级,东北风,≤3级,day
2015-02-26 00:00:00,金园南路,7、未按规定让行的 ,负全部责任,不负责任,1,贵A72E58,黑,1,贵AU9668,黄,蓝天驾校,-1,2014/3/20 0:00,-1,大众汽车牌,瑞麒牌,36666951954968045X,36766500000000000 ,198108,197102,0,3,2,工作日,非高峰,2015-02-26,2015年2月26日,阴 /小雨,12℃ / 9℃,东风 ≤3级 /南风 ≤3级,阴,小雨,12,9,东风,≤3级,南风,≤3级,night
2015-02-26 16:40:00,仙鹤路,1、追尾的,负全部责任,不负责任,0,贵JDN811,白,1,贵ALS185,白,青正驾校,自培,2014/6/4 0:00,2009/2/4 0:00,福克斯牌,东风牌,364548000000000000 ,366369000000000000 ,197602,197303,16,3,2,工作日,非高峰,2015-02-26,2015年2月26日,阴 /小雨,12℃ / 9℃,东风 ≤3级 /南风 ≤3级,阴,小雨,12,9,东风,≤3级,南风,≤3级,day
2015-02-28 12:25:00,小河黔江路,3、倒车的,负全部责任,不负责任,1,贵AN9501,黑色,1,贵AU6162,黑色,（南明区）金大驾驶培训有限公司,全林驾校,2006/6/29 0:00,2003/1/8 0:00,雪佛兰牌,捷达牌,355561000000000000 ,366363000000000000 ,198102,197801,12,5,2,工作日,非高峰,2015-02-28,2015年2月28日,小雨 /小雨,8℃ / 4℃,东北风 ≤3级 /东北风 ≤3级,小雨,小雨,8,4,东北风,≤3级,东北风,≤3级,day
2015-03-01 04:00:00,机场,3、倒车的,负全部责任,不负责任,1,贵A1189E,白色,1,贵AMK748,白色,（乌当区）全林驾驶培训有限公司,铁二局驾校,2006/8/10 0:00,2010/4/20 0:00,夏利牌,锋范牌,366046000000000000 ,366863000000000000 ,198112,197405,4,6,3,周末,非高峰,2015-03-01,2015年3月1日,阴 /阴,9℃ / 3℃,东风 ≤3级 /南风 ≤3级,阴,阴,9,3,东风,≤3级,南风,≤3级,night
2015-03-01 13:30:00,延安西路,7、未按规定让行的 ,负全部责任,不负责任,1,贵C67216,黑,1,贵GX5634,白,遵义市汇遵驾驶员培训学校,520127,-1,2009/12/28 0:00,江淮,五菱牌,366566000000000000 ,364558000000000000 ,198708,197601,13,6,3,周末,非高峰,2015-03-01,2015年3月1日,阴 /阴,9℃ / 3℃,东风 ≤3级 /南风 ≤3级,阴,阴,9,3,东风,≤3级,南风,≤3级,day
2015-03-06 16:05:00,花果园立交,1、追尾的,负全部责任,不负责任,1,贵ABG126,白色,1,贵AV4313,白色,（南明区）铁二局驾驶培训有限公司,自培,2007/9/3 0:00,2004/4/5 0:00,嘉年华牌,海陵牌,357046000000000000 ,364556000000000000 ,197102,197703,16,4,3,工作日,非高峰,2015-03-06,2015年3月6日,小雨 /小雨,5℃ / 3℃,东北风 ≤3级 /东北风 ≤3级,小雨,小雨,5,3,东北风,≤3级,东北风,≤3级,day
2015-03-06 17:30:00,南湖东路,7、未按规定让行的 ,负全部责任,不负责任,1,贵A9046P,黑,1,贵A9437M,银,（南明区）吉源驾驶培训有限公司,520127,2009/9/10 0:00,2000/11/28 0:00,吉利牌,吉利美日牌,364558000000000000 ,366368000000000000 ,194602,197504,17,4,3,工作日,晚高峰(17-19点),2015-03-06,2015年3月6日,小雨 /小雨,5℃ / 3℃,东北风 ≤3级 /东北风 ≤3级,小雨,小雨,5,3,东北风,≤3级,东北风,≤3级,day
2015-03-03 21:40:00,黔林东路,7、未按规定让行的 ,负全部责任,不负责任,0,贵A1BC25,白,1,贵AU9264,白,顺一驾驶培训学校,520106,2010/10/20 0:00,2010/2/8 0:00,大众牌,钱江牌,364548000000000000 ,364567000000000000 ,198805,198701,21,1,3,工作日,非高峰,2015-03-03,2015年3月3日,小雨 /小雨,8℃ / 3℃,东北风 ≤3级 /东北风 ≤3级,小雨,小雨,8,3,东北风,≤3级,东北风,≤3级,night
2015-02-28 17:50:00,东山半坡,1、追尾的,负全部责任,不负责任,1,贵ADU844,蓝,1,贵A155G4,银,长运驾校,吉源驾校,2011/11/30 0:00,2014/11/3 0:00,比亚迪牌,东风牌,724561000000000000 ,366064000000000000 ,196310,199102,17,5,2,工作日,晚高峰(17-19点),2015-02-28,2015年2月28日,小雨 /小雨,8℃ / 4℃,东北风 ≤3级 /东北风 ≤3级,小雨,小雨,8,4,东北风,≤3级,东北风,≤3级,day
2015-02-28 18:00:00,黔林山路,1、追尾的,负全部责任,不负责任,1,贵A43Y78,白,1,贵GK7717,白,（观山湖区）蓝天驾驶培训有限公司,-1,2005/3/3 0:00,-1,起亚牌,雪佛兰牌,36455651824953766X,366370000000000000 ,197608,198907,18,5,2,工作日,晚高峰(17-19点),2015-02-28,2015年2月28日,小雨 /小雨,8℃ / 4℃,东北风 ≤3级 /东北风 ≤3级,小雨,小雨,8,4,东北风,≤3级,东北风,≤3级,day
2015-03-07 00:00:00,艺校立交桥,9、不符合前8款规定或者双方同时具有上述情形的,负同等责任,负同等责任,1,贵A28W57,白色,1,贵AF1433,黑色,铁二局驾校,铁二局驾校,2011/12/1 0:00,1991/5/21 0:00,长安牌,嘉陵牌,734596000000000000 ,36454751214258525X,198602,196906,0,5,3,工作日,非高峰,2015-03-07,2015年3月7日,阴 /小雨,10℃ / 5℃,东风 ≤3级 /东南风 ≤3级,阴,小雨,10,5,东风,≤3级,东南风,≤3级,night