accidenttime,accidentaddr,driver1fault,driver1responsibility,driver2responsibility,sex1,platenumber1,carcolor1,sex2,platenumber2,carcolor2,jxmc1,jxmc2,cclzrq1,cclzrq2,clpp1,clpp2,driver1license,driver2license,brith1,brith2,hour,weekday,month,is_weekday,peak_hour,date,日期,天气状况,气温,风力风向,day_wea,night_wea,day_tep,night_tep,day_wind_direction,day_wind_speed,night_wind_direction,night_wind_speed,segment
2015-03-03 15:30:00,花溪,3、倒车的,负全部责任,不负责任,1,贵A9F426,白色,1,贵A5517Y,白色,贵大驾校,520117,2012/7/13 0:00,2007/10/17 0:00,长城牌,宝马牌,36455551165566445X,364556000000000000 ,199211,198810,15,1,3,工作日,非高峰,2015-03-03,2015年3月3日,小雨 /小雨,8℃ / 3℃,东北风 ≤3级 /东北风 ≤3级,小雨,小雨,8,3,东北风,≤3级,东北风,≤3级,day
2015-02-28 14:00:00,公园路,1、追尾的,负全部责任,不负责任,0,贵CES494,白,1,贵AS8869,银,自培,十一培,2008/6/17 0:00,1995/12/30 0:00,劲隆牌,东风雪铁龙,366564000000000000 ,364548000000000000 ,198708,197112,14,5,2,工作日,非高峰,2015-02-28,2015年2月28日,小雨 /小雨,8℃ / 4℃,东北风 ≤3级 /东北风 ≤3级,小雨,小雨,8,4,东北风,≤3级,东北风,≤3级,day
2015-02-28 14:30:00,茶店,1、追尾的,负全部责任,不负责任,1,贵A17E97,红,1,贵AV8976,红,全林驾校,自培,2012/11/9 0:00,2004/2/10 0:00,东风标致牌,长安牌,364557000000000000 ,354663000000000000 ,198006,197602,14,5,2,工作日,非高峰,2015-02-28,2015年2月28日,小雨 /小雨,8℃ / 4℃,东北风 ≤3级 /东北风 ≤3级,小雨,小雨,8,4,东北风,≤3级,东北风,≤3级,day
2015-03-02 08:50:00,世纪城,7、未按规定让行的 ,负全部责任,不负责任,1,贵AXA499,白,1,贵AM0879,银,铁二局驾校,自培,2010/4/2 0:00,2002/3/21 0:00,三菱牌,东风日产牌,364558000000000000 ,364547000000000000 ,197106,195412,8,0,3,工作日,早高峰(7-9点),2015-03-02,2015年3月2日,阴 /小雨,9℃ / 2℃,东北风 ≤3级 /东北风 ≤3级,阴,小雨,9,2,东北风,≤3级,东北风,≤3级,day
2015-02-26 10:20:00,观山湖北京西路,1、追尾的,负全部责任,不负责任,1,贵A27A95,白色,1,贵A23N24,黑色,十一驾驶培训有限公司,自培,2011/10/8 0:00,2003/5/28 0:00,东风雪铁龙牌,东风雪铁龙牌,366546000000000000 ,364547000000000000 ,198002,198108,10,3,2,工作日,非高峰,2015-02-26,2015年2月26日,阴 /小雨,12℃ / 9℃,东风 ≤3级 /南风 ≤3级,阴,小雨,12,9,东风,≤3级,南风,≤3级,day
2015-03-04 21:00:00,沙冲路,7、未按规定让行的 ,负全部责任,不负责任,1,贵AU7412,绿,1,贵A47G95,黑,路路达驾校,十一驾驶培训有限公司,2012/3/18 0:00,2011/9/30 0:00,望龙牌,北京现代牌,364596000000000000 ,366577000000000000 ,199306,196404,21,2,3,工作日,非高峰,2015-03-04,2015年3月4日,小雨 /小雨,6℃ / 1℃,东北风 ≤3级 /东北风 ≤3级,小雨,小雨,6,1,东北风,≤3级,东北风,≤3级,night
2015-03-03 10:30:00,小河平桥,7、未按规定让行的 ,负全部责任,不负责任,1,贵A883F2,白色,1,贵A4BX58,白色,长运驾校,凯信驾校,2012/5/2 0:00,2015/1/19 0:00,解放牌,起亚,364557000000000000 ,36666951924849545X,198901,198607,10,1,3,工作日,非高峰,2015-03-03,2015年3月3日,小雨 /小雨,8℃ / 3℃,东北风 ≤3级 /东北风 ≤3级,小雨,小雨,8,3,东北风,≤3级,东北风,≤3级,day
2015-03-03 16:44:00,八公里,7、未按规定让行的 ,负全部责任,不负责任,1,贵AB0273,黑色,1,贵A5130V,白色,十一驾驶培训有限公司,铁二局驾校,2012/9/17 0:00,2015/2/16 0:00,东风,长城牌,65447500000000000 ,364646000000000000 ,197701,198712,16,1,3,工作日,非高峰,2015-03-03,2015年3月3日,小雨 /小雨,8℃ / 3℃,东北风 ≤3级 /东北风 ≤3级,小雨,小雨,8,3,东北风,≤3级,东北风,≤3级,day
2015-03-07 00:00:00,贵安新区,3、倒车的,负全部责任,不负责任,1,贵A297H6,白色,1,贵A3519U,白色,诚信驾驶培训学校,鑫鑫驾校,2015/1/7 0:00,2015/2/5 0:00,斯卡特牌,五菱牌,36455551164146605X,364556000000000000 ,199209,199301,0,5,3,工作日,非高峰,2015-03-07,2015年3月7日,阴 /小雨,10℃ / 5℃,东风 ≤3级 /东南风 ≤3级,阴,小雨,10,5,东风,≤3级,东南风,≤3级,night
2015-03-06 21:10:00,沙冲南路,1、追尾的,负全部责任,不负责任,1,贵AU8954,黑色,1,贵AVL543,白色,（经开区）十一驾驶培训有限公司,预约考试窗口,2008/11/7 0:00,2007/5/10 0:00,瑞麒牌,DS5,364547000000000000 ,364548000000000000 ,197108,198408,21,4,3,工作日,非高峰,2015-03-06,2015年3月6日,小雨 /小雨,5℃ / 3℃,东北风 ≤3级 /东北风 ≤3级,小雨,小雨,5,3,东北风,≤3级,东北风,≤3级,night
2015-03-04 15:40:00,诚心北路,7、未按规定让行的 ,负全部责任,不负责任,1,贵A0E902,银,1,贵AA598M,黑,路路达驾校,贵大佳德驾驶培训学,2014/12/2 0:00,2009/7/20 0:00,五菱牌,长安牌,366347000000000000 ,35454351815659595X,198412,197912,15,2,3,工作日,非高峰,2015-03-04,2015年3月4日,小雨 /小雨,6℃ / 1℃,东北风 ≤3级 /东北风 ≤3级,小雨,小雨,6,1,东北风,≤3级,东北风,≤3级,day
2015-03-04 11:50:00,花果园,8、依法应负全责的其他情形,负全部责任,不负责任,1,贵A5643G,白,1,贵AU5654,白,新天驾校,平坝驾校,2008/9/19 0:00,-1,解放牌,豪爵牌,366367000000000000 ,366363000000000000 ,197808,198202,11,2,3,工作日,非高峰,2015-03-04,2015年3月4日,小雨 /小雨,6℃ / 1℃,东北风 ≤3级 /东北风 ≤3级,小雨,小雨,6,1,东北风,≤3级,东北风,≤3级,day
2015-03-04 21:30:00,三桥,1、追尾的,负全部责任,不负责任,1,贵ARR752,银,1,贵A4851K,白,自培,-1,2008/12/10 0:00,-1,东风雪铁龙,雪佛兰牌,364548000000000000 ,364566000000000000 ,198902,199011,21,2,3,工作日,非高峰,2015-03-04,2015年3月4日,小雨 /小雨,6℃ / 1℃,东北风 ≤3级 /东北风 ≤3级,小雨,小雨,6,1,东北风,≤3级,东北风,≤3级,night
2015-03-04 09:00:00,百花大道,7、未按规定让行的 ,负全部责任,不负责任,1,粤E99P03,黑,1,贵A39966,白,铜仁地区锦宏咨询服务有限公司驾驶培训学校,贵州晨运驾驶培训学校,-1,2006/2/21 0:00,雅阁牌,别克牌,366664000000000000 ,364557000000000000 ,198808,198506,9,2,3,工作日,早高峰(7-9点),2015-03-04,2015年3月4日,小雨 /小雨,6℃ / 1℃,东北风 ≤3级 /东北风 ≤3级,小雨,小雨,6,1,东北风,≤3级,东北风,≤3级,day
2015-03-06 17:10:00,小河,3、倒车的,负全部责任,不负责任,1,贵A607F8,白色,1,贵FN2138,白色,（乌当区）新华驾驶培训有限公司,-1,2007/12/28 0:00,-1,燕台牌,别克牌,366363000000000000 ,366061000000000000 ,197108,198811,17,4,3,工作日,晚高峰(17-19点),2015-03-06,2015年3月6日,小雨 /小雨,5℃ / 3℃,东北风 ≤3级 /东北风 ≤3级,小雨,小雨,5,3,东北风,≤3级,东北风,≤3级,day
2015-03-03 13:50:00,白云区,7、未按规定让行的 ,负全部责任,不负责任,1,贵GL4794,白,1,贵ANB118,银,消防驾校,-1,2013/2/18 0:00,-1,福克斯牌,索兰托,366068000000000000 ,36686351964348527X,197301,198205,13,1,3,工作日,非高峰,2015-03-03,2015年3月3日,小雨 /小雨,8℃ / 3℃,东北风 ≤3级 /东北风 ≤3级,小雨,小雨,8,3,东北风,≤3级,东北风,≤3级,day
2015-03-05 12:00:00,金珠路,8、依法应负全责的其他情形,负全部责任,不负责任,1,贵GP3662,黑,1,贵A11X59,红,安顺市天安机动车驾驶员培训学校,文通驾校,-1,2011/10/22 0:00,中华牌,雷克萨斯,366369000000000000 ,364558000000000000 ,198903,198804,12,3,3,工作日,非高峰,2015-03-05,2015年3月5日,小雨 /小雨,4℃ / 1℃,东北风 ≤3级 /东北风 ≤3级,小雨,小雨,4,1,东北风,≤3级,东北风,≤3级,day
2015-03-06 05:00:00,花溪,7、未按规定让行的 ,负全部责任,不负责任,1,贵A689F1,黑色,1,贵A0263Y,白色,六盘水昌达汽车摩托车驾驶培训学校有限公司,未定义,2010/3/3 0:00,2014/4/23 0:00,昌河牌,长城牌,366364000000000000 ,36455551965668405X,197211,198212,5,4,3,工作日,非高峰,2015-03-06,2015年3月6日,小雨 /小雨,5℃ / 3℃,东北风 ≤3级 /东北风 ≤3级,小雨,小雨,5,3,东北风,≤3级,东北风,≤3级,night
2015-03-06 13:00:00,珠江路,8、依法应负全责的其他情形,负全部责任,不负责任,1,贵AKP382,白色,1,贵APA322,黑色,（花溪区）仁武驾驶培训有限公司,自培,2008/2/20 0:00,1998/10/27 0:00,别克牌,桑塔纳,366061000000000000 ,366061000000000000 ,197105,197211,13,4,3,工作日,非高峰,2015-03-06,2015年3月6日,小雨 /小雨,5℃ / 3℃,东北风 ≤3级 /东北风 ≤3级,小雨,小雨,5,3,东北风,≤3级,东北风,≤3级,day
2015-03-07 15:40:00,云环中路,7、未按规定让行的 ,负全部责任,不负责任,1,贵GB8444,红,1,贵AA799R,白,黔西南州方圆汽车（摩托车）驾驶培训学校有限公司,景宏驾校,-1,2010/12/23 0:00,解放牌,丰田牌,35736551885664041X,364566000000000000 ,197712,198703,15,5,3,工作日,非高峰,2015-03-07,2015年3月7日,阴 /小雨,10℃ / 5℃,东风 ≤3级 /东南风 ≤3级,阴,小雨,10,5,东风,≤3级,东南风,≤3级,day
2015-03-09 15:00:00,王家桥,3、倒车的,负全部责任,不负责任,1,贵A96W85,黑,0,贵A23Q15,黑,贵州现代驾驶培训责任有限公司,新天驾校,2011/10/22 0:00,2011/4/18 0:00,海马牌,-1,366068000000000000 ,364548000000000000 ,198712,198105,15,0,3,工作日,非高峰,2015-03-09,2015年3月9日,小雨 /小雨,10℃ / 5℃,东北风 ≤3级 /东北风 ≤3级,小雨,小雨,10,5,东北风,≤3级,东北风,≤3级,day
2015-03-08 22:40:00,湖南路,7、未按规定让行的 ,负全部责任,不负责任,1,鄂G60126,银,1,贵ADH672,白,（南明区）吉源驾驶培训有限公司,-1,2015/2/15 0:00,-1,江铃牌,东风牌,366768000000000000 ,355366000000000000 ,198812,198609,22,6,3,周末,非高峰,2015-03-08,2015年3月8日,小雨 /阴,11℃ / 6℃,东北风 ≤3级 /东北风 ≤3级,小雨,阴,11,6,东北风,≤3级,东北风,≤3级,night
2015-03-08 10:12:00,龙洞堡,3、倒车的,负全部责任,不负责任,1,贵A1105C,白色,1,贵ADU676,白色,阳光驾校,诚信驾驶培训学校,2011/9/5 0:00,2013/7/22 0:00,吉利牌,长安牌,74766500000000000 ,36455551884749655X,197007,197703,10,6,3,周末,非高峰,2015-03-08,2015年3月8日,小雨 /阴,11℃ / 6℃,东北风 ≤3级 /东北风 ≤3级,小雨,阴,11,6,东北风,≤3级,东北风,≤3级,day
2015-03-07 07:30:00,小河浦江路,8、依法应负全责的其他情形,负全部责任,不负责任,1,贵A59F27,黑色,1,贵A22N31,白色,全林驾校,阳光驾校,2014/1/7 0:00,2012/6/21 0:00,江铃全顺牌,东风标致牌,36606651144759565X,364547000000000000 ,199003,196310,7,5,3,工作日,早高峰(7-9点),2015-03-07,2015年3月7日,阴 /小雨,10℃ / 5℃,东风 ≤3级 /东南风 ≤3级,阴,小雨,10,5,东风,≤3级,东南风,≤3级,day
2015-03-05 15:30:00,青云路,3、倒车的,负全部责任,不负责任,1,贵AE5768,白,1,贵A7AY19,白,（乌当区）新华驾驶培训有限公司,-1,2008/4/10 0:00,-1,傲虎,捷豹,364547000000000000 ,366668000000000000 ,197603,197305,15,3,3,工作日,非高峰,2015-03-05,2015年3月5日,小雨 /小雨,4℃ / 1℃,东北风 ≤3级 /东北风 ≤3级,小雨,小雨,4,1,东北风,≤3级,东北风,≤3级,day
2015-03-06 12:00:00,解放路,7、未按规定让行的 ,负全部责任,不负责任,1,贵A98A59,黑,1,贵A48322,黑,金大驾校,-1,2013/7/11 0:00,-1,大众汽车牌,空,364548000000000000 ,36456800000000000 ,198501,198910,12,4,3,工作日,非高峰,2015-03-06,2015年3月6日,小雨 /小雨,5℃ / 3℃,东北风 ≤3级 /东北风 ≤3级,小雨,小雨,5,3,东北风,≤3级,东北风,≤3级,day
2015-03-08 04:10:00,青岩古镇,3、倒车的,负全部责任,不负责任,1,贵A9306V,白色,1,贵AA642B,白色,贵州天河驾校,顺一驾驶培训学校,2014/6/20 0:00,2012/8/30 0:00,五菱牌,东风牌,364556000000000000 ,36455551914168405X,199310,198909,4,6,3,周末,非高峰,2015-03-08,2015年3月8日,小雨 /阴,11℃ / 6℃,东北风 ≤3级 /东北风 ≤3级,小雨,阴,11,6,东北风,≤3级,东北风,≤3级,night
2015-03-03 07:00:00,市南路,7、未按规定让行的 ,负全部责任,不负责任,1,贵CHN483,灰色,1,贵AU7818,黑色,遵义市航天汽车驾驶员培训有限公司,自培,2011/9/14 0:00,2001/1/10 0:00,五菱牌,恒通客车牌,366568000000000000 ,366862000000000000 ,196908,197312,7,1,3,工作日,早高峰(7-9点),2015-03-03,2015年3月3日,小雨 /小雨,8℃ / 3℃,东北风 ≤3级 /东北风 ≤3级,小雨,小雨,8,3,东北风,≤3级,东北风,≤3级,day
2015-03-09 14:30:00,二铺,8、依法应负全责的其他情形,负全部责任,不负责任,1,贵A2421N,银,1,贵A2937M,银,（乌当区）新天驾驶培训有限公司,-1,2005/6/22 0:00,-1,松花江牌,夏利,366367000000000000 ,364647000000000000 ,198012,198504,14,0,3,工作日,非高峰,2015-03-09,2015年3月9日,小雨 /小雨,10℃ / 5℃,东北风 ≤3级 /东北风 ≤3级,小雨,小雨,10,5,东北风,≤3级,东北风,≤3级,day
2015-03-07 11:03:00,阳关,7、未按规定让行的 ,负全部责任,不负责任,1,贵ALL796,银,1,贵AU2055,黄,消防驾校,黔南州交通驾驶学校,2010/9/3 0:00,2008/7/26 0:00,金杯牌,建豪牌,366064000000000000 ,366868000000000000 ,198110,197503,11,5,3,工作日,非高峰,2015-03-07,2015年3月7日,阴 /小雨,10℃ / 5℃,东风 ≤3级 /东南风 ≤3级,阴,小雨,10,5,东风,≤3级,东南风,≤3级,day
2015-03-07 21:00:00,北京西路,1、追尾的,负全部责任,不负责任,1,贵AMM639,银,1,贵A94H22,银,（南明区）市交通职业技术驾驶培训学校,-1,2010/5/14 0:00,-1,东风雪铁龙牌,凯迪拉克,364547000000000000 ,366346000000000000 ,198604,199007,21,5,3,工作日,非高峰,2015-03-07,2015年3月7日,阴 /小雨,10℃ / 5℃,东风 ≤3级 /东南风 ≤3级,阴,小雨,10,5,东风,≤3级,东南风,≤3级,night
2015-03-06 08:15:00,西二环,1、追尾的,负全部责任,不负责任,1,贵AXA935,黑,1,贵DX6981,蓝,（白云区）消防驾驶培训学校,-1,2007/7/19 0:00,-1,大众牌,开瑞牌,364558000000000000 ,36666951984057585X,198708,198704,8,4,3,工作日,早高峰(7-9点),2015-03-06,2015年3月6日,小雨 /小雨,5℃ / 3℃,东北风 ≤3级 /东北风 ≤3级,小雨,小雨,5,3,东北风,≤3级,东北风,≤3级,day
2015-03-08 21:50:00,粑粑街,1、追尾的,负全部责任,不负责任,1,贵AW2102,白,1,桂A9J901,黑,（南明区）阳光驾驶培训有限公司,-1,2009/9/11 0:00,-1,江淮牌,梅赛德斯-奔驰牌,36657651944543017X,357464000000000000 ,198001,197708,21,6,3,周末,非高峰,2015-03-08,2015年3月8日,小雨 /阴,11℃ / 6℃,东北风 ≤3级 /东北风 ≤3级,小雨,阴,11,6,东北风,≤3级,东北风,≤3级,night
2015-03-07 13:25:00,三桥,8、依法应负全责的其他情形,负全部责任,不负责任,1,贵A8897M,黑,1,贵A3709X,黑,新天驾校,-1,2013/9/17 0:00,-1,五菱牌,江铃牌,07636051144651993X,366577000000000000 ,199002,198008,13,5,3,工作日,非高峰,2015-03-07,2015年3月7日,阴 /小雨,10℃ / 5℃,东风 ≤3级 /东南风 ≤3级,阴,小雨,10,5,东风,≤3级,东南风,≤3级,day
2015-03-08 10:40:00,黄河南路,7、未按规定让行的 ,负全部责任,不负责任,1,贵AA405W,白色,1,贵AU6168,白色,关岭自治县顺意汽车驾驶培训学校,无,-1,2002/12/31 0:00,五菱牌,双庆牌,376570000000000000 ,364556000000000000 ,197809,197810,10,6,3,周末,非高峰,2015-03-08,2015年3月8日,小雨 /阴,11℃ / 6℃,东北风 ≤3级 /东北风 ≤3级,小雨,阴,11,6,东北风,≤3级,东北风,≤3级,day
2015-03-10 11:00:00,三桥,7、未按规定让行的 ,负全部责任,不负责任,1,贵ALR641,黄,1,贵CKN904,黑,福泉市锦程机动车驾驶培训学校,诚信驾驶培训学校,2010/9/29 0:00,2014/10/22 0:00,雪佛兰牌,东风雪铁龙牌,364548000000000000 ,366364000000000000 ,198610,197412,11,1,3,工作日,非高峰,2015-03-10,2015年3月10日,小雨 /小雨,8℃ / 4℃,东北风 ≤3级 /东北风 ≤3级,小雨,小雨,8,4,东北风,≤3级,东北风,≤3级,day
2015-03-11 19:30:00,小河平桥,7、未按规定让行的 ,负全部责任,不负责任,1,贵A4921M,白色,1,贵A3672V,白色,（南明区）铁二局驾驶培训有限公司,路路达驾校（白云区）,2006/9/28 0:00,2015/3/5 0:00,福克斯牌,思域牌,364551000000000000 ,366570000000000000 ,198306,198405,19,2,3,工作日,晚高峰(17-19点),2015-03-11,2015年3月11日,阴 /小雨,8℃ / 4℃,东北风 ≤3级 /东北风 ≤3级,阴,小雨,8,4,东北风,≤3级,东北风,≤3级,day
2015-03-12 13:00:00,太慈桥,8、依法应负全责的其他情形,负全部责任,不负责任,1,贵AKE1442,白,1,贵A5088B,蓝,（观山湖区）蓝天驾驶培训有限公司,未定义,2005/4/20 0:00,2014/3/31 0:00,-1,丰田牌,364547000000000000 ,364548000000000000 ,196609,199503,13,3,3,工作日,非高峰,2015-03-12,2015年3月12日,多云 /多云,16℃ / 10℃,南风 ≤3级 /南风 ≤3级,多云,多云,16,10,南风,≤3级,南风,≤3级,day
2015-03-13 21:00:00,贵安大道,9、不符合前8款规定或者双方同时具有上述情形的,负同等责任,负同等责任,1,贵GH9658,白色,1,贵FS3745,白色,（乌当区）新天驾驶培训有限公司,520133,2005/1/20 0:00,-1,长安牌,五菱牌,364557000000000000 ,366068000000000000 ,198201,198909,21,4,3,工作日,非高峰,2015-03-13,2015年3月13日,多云 /阵雨,17℃ / 12℃,南风 ≤3级 /南风 ≤3级,多云,阵雨,17,12,南风,≤3级,南风,≤3级,night
2015-03-12 16:36:00,花果园,9、不符合前8款规定或者双方同时具有上述情形的,负同等责任,负同等责任,1,贵A44R27,银,1,贵AU5557,绿,（南明区）金大驾驶培训有限公司,新天驾校,2005/2/21 0:00,2012/1/9 0:00,梅赛德斯-奔驰牌,捷达牌,366669000000000000 ,366368000000000000 ,197611,198106,16,3,3,工作日,非高峰,2015-03-12,2015年3月12日,多云 /多云,16℃ / 10℃,南风 ≤3级 /南风 ≤3级,多云,多云,16,10,南风,≤3级,南风,≤3级,day
2015-03-10 21:40:00,新添寨,4、停车时未挂低速档、未拉驻车制动，导致车辆滑行的,负全部责任,不负责任,1,贵GC7326,黑,1,贵ASG782,银,十一驾驶培训有限公司,全林驾校,2014/12/16 0:00,2013/8/5 0:00,比亚迪牌,东风牌,366566000000000000 ,366569000000000000 ,198011,199408,21,1,3,工作日,非高峰,2015-03-10,2015年3月10日,小雨 /小雨,8℃ / 4℃,东北风 ≤3级 /东北风 ≤3级,小雨,小雨,8,4,东北风,≤3级,东北风,≤3级,night
2015-03-09 16:10:00,西南环线,7、未按规定让行的 ,负全部责任,不负责任,1,贵A57F55,黑色,1,贵A32731,白色,（观山湖区）蓝天驾驶培训有限公司,-1,2011/4/21 0:00,-1,福克斯牌,宗申,366875000000000000 ,366875000000000000 ,198005,197209,16,0,3,工作日,非高峰,2015-03-09,2015年3月9日,小雨 /小雨,10℃ / 5℃,东北风 ≤3级 /东北风 ≤3级,小雨,小雨,10,5,东北风,≤3级,东北风,≤3级,day
2015-03-13 17:00:00,贵开路,7、未按规定让行的 ,负全部责任,不负责任,1,贵A19C41,蓝,1,贵AU8747,黄,顺一驾驶培训学校,鑫鑫驾校,2013/9/29 0:00,2011/7/11 0:00,沃尔沃牌,瑞麒牌,366666000000000000 ,366068000000000000 ,198302,199211,17,4,3,工作日,晚高峰(17-19点),2015-03-13,2015年3月13日,多云 /阵雨,17℃ / 12℃,南风 ≤3级 /南风 ≤3级,多云,阵雨,17,12,南风,≤3级,南风,≤3级,day
2015-03-11 20:19:00,南明区,8、依法应负全责的其他情形,负全部责任,不负责任,1,贵AA544B,白,0,贵A79C27,绿,诚信驾驶培训学校,-1,2014/11/27 0:00,-1,北京现代牌,福克斯牌,366562000000000000 ,3660605114465596X,199002,199002,20,2,3,工作日,非高峰,2015-03-11,2015年3月11日,阴 /小雨,8℃ / 4℃,东北风 ≤3级 /东北风 ≤3级,阴,小雨,8,4,东北风,≤3级,东北风,≤3级,night
2015-03-07 18:05:00,体育路,7、未按规定让行的 ,负全部责任,不负责任,1,贵FZ4701,银,1,贵AN9919,绿,毕节地区新毕汽车驾驶培训学校,自培,2010/12/10 0:00,2006/4/9 0:00,长安牌,翼虎牌,366046000000000000 ,364548000000000000 ,197411,195109,18,5,3,工作日,晚高峰(17-19点),2015-03-07,2015年3月7日,阴 /小雨,10℃ / 5℃,东风 ≤3级 /东南风 ≤3级,阴,小雨,10,5,东风,≤3级,东南风,≤3级,day
2015-03-09 00:00:00,望城坡,1、追尾的,负全部责任,不负责任,1,贵A4415W,白色,1,浙BKY743,白色,贵州省长安驾驶培训学校,自培,2012/8/31 0:00,2003/2/12 0:00,英伦牌,帕萨特牌,366567000000000000 ,774667000000000000 ,198801,197110,0,0,3,工作日,非高峰,2015-03-09,2015年3月9日,小雨 /小雨,10℃ / 5℃,东北风 ≤3级 /东北风 ≤3级,小雨,小雨,10,5,东北风,≤3级,东北风,≤3级,night
2015-03-05 21:30:00,黄河路,1、追尾的,负全部责任,不负责任,1,贵GP1926,白色,1,贵AAT932,黑色,贵州省黔东南州金凯驾驶学校,自培,2011/2/28 0:00,2003/11/12 0:00,北京现代牌,东风日产牌,366267000000000000 ,364548000000000000 ,199206,196506,21,3,3,工作日,非高峰,2015-03-05,2015年3月5日,小雨 /小雨,4℃ / 1℃,东北风 ≤3级 /东北风 ≤3级,小雨,小雨,4,1,东北风,≤3级,东北风,≤3级,night
2015-03-13 13:16:00,八匹马,8、依法应负全责的其他情形,负全部责任,不负责任,1,贵A0BB94,银,1,贵A3AR72,黑,长运驾校,贵州省长安驾驶培训学校,2014/8/28 0:00,2011/8/12 0:00,东风雪铁龙牌,大众牌,364547000000000000 ,366566000000000000 ,197012,197804,13,4,3,工作日,非高峰,2015-03-13,2015年3月13日,多云 /阵雨,17℃ / 12℃,南风 ≤3级 /南风 ≤3级,多云,阵雨,17,12,南风,≤3级,南风,≤3级,day
2015-03-09 18:00:00,杨家山,1、追尾的,负全部责任,不负责任,1,贵EF0716,白,1,贵A44C98,银,安顺市天安机动车驾驶员培训学校,贵州铜南汽车驾驶培有限公司,-1,-1,东风雪铁龙牌,起亚牌,366369000000000000 ,366663000000000000 ,199206,197509,18,0,3,工作日,晚高峰(17-19点),2015-03-09,2015年3月9日,小雨 /小雨,10℃ / 5℃,东北风 ≤3级 /东北风 ≤3级,小雨,小雨,10,5,东北风,≤3级,东北风,≤3级,day
2015-03-10 17:00:00,石林西路,1、追尾的,负全部责任,不负责任,1,贵FP7803,白,1,贵GGQ837,黑,毕节市奇康驾驶培训学校,-1,2013/11/28 0:00,-1,金旅牌,-1,376570000000000000 ,366363000000000000 ,199011,198011,17,1,3,工作日,晚高峰(17-19点),2015-03-10,2015年3月10日,小雨 /小雨,8℃ / 4℃,东北风 ≤3级 /东北风 ≤3级,小雨,小雨,8,4,东北风,≤3级,东北风,≤3级,day
2015-03-12 15:40:00,北京西路,3、倒车的,负全部责任,不负责任,1,贵A51L34,白,1,贵AKY247,白,贵阳金马驾驶培训有限公司,消防驾校,2014/9/22 0:00,2010/7/26 0:00,福克斯牌,昊锐牌,366868000000000000 ,364547000000000000 ,198602,196903,15,3,3,工作日,非高峰,2015-03-12,2015年3月12日,多云 /多云,16℃ / 10℃,南风 ≤3级 /南风 ≤3级,多云,多云,16,10,南风,≤3级,南风,≤3级,day
2015-03-08 13:30:00,杨家山,1、追尾的,负全部责任,不负责任,0,贵A53Z28,黄,1,贵AX3376,银,全林驾校,吉源驾校,2011/9/5 0:00,1993/9/9 0:00,锋范牌,豪达牌,36454751994760096X,364548000000000000 ,198803,196507,13,6,3,周末,非高峰,2015-03-08,2015年3月8日,小雨 /阴,11℃ / 6℃,东北风 ≤3级 /东北风 ≤3级,小雨,阴,11,6,东北风,≤3级,东北风,≤3级,day
2015-03-10 21:47:00,大营坡,1、追尾的,负全部责任,不负责任,1,渝CJ9453,银,0,贵A54L85,蓝,贵州贵龙驾校,全林驾校,2014/11/17 0:00,2012/12/21 0:00,江铃牌,别克牌,355468000000000000 ,364548000000000000 ,199109,197506,21,1,3,工作日,非高峰,2015-03-10,2015年3月10日,小雨 /小雨,8℃ / 4℃,东北风 ≤3级 /东北风 ≤3级,小雨,小雨,8,4,东北风,≤3级,东北风,≤3级,night
2015-03-10 09:00:00,牛郎关,7、未按规定让行的 ,负全部责任,不负责任,1,贵A30093,白色,1,贵E55123,白色,自培,-1,2008/1/28 0:00,-1,东风牌,雅尊,364557000000000000 ,36606651324657025X,197503,195602,9,1,3,工作日,早高峰(7-9点),2015-03-10,2015年3月10日,小雨 /小雨,8℃ / 4℃,东北风 ≤3级 /东北风 ≤3级,小雨,小雨,8,4,东北风,≤3级,东北风,≤3级,day
2015-03-12 17:20:00,小碧,7、未按规定让行的 ,负全部责任,不负责任,1,贵AL6145,白,0,贵A925781,白,自培,贵州现代驾驶培训责任有限公司,2006/11/1 0:00,2012/6/14 0:00,鑫源牌,-1,364556000000000000 ,36455551985554656X,198805,198711,17,3,3,工作日,晚高峰(17-19点),2015-03-12,2015年3月12日,多云 /多云,16℃ / 10℃,南风 ≤3级 /南风 ≤3级,多云,多云,16,10,南风,≤3级,南风,≤3级,day
2015-03-26 08:00:00,市北路,7、未按规定让行的 ,负全部责任,不负责任,1,贵A29047,白,0,贵A87E46,白,贵州省长安驾驶培训学校,高新驾校,2011/8/19 0:00,2011/8/17 0:00,斯达-斯太尔牌,别克,364548000000000000 ,706263000000000000 ,198803,198411,8,3,3,工作日,早高峰(7-9点),2015-03-26,2015年3月26日,阴 /阵雨,17℃ / 12℃,南风 ≤3级 /南风 ≤3级,阴,阵雨,17,12,南风,≤3级,南风,≤3级,day
2015-03-13 07:10:00,花果园,7、未按规定让行的 ,负全部责任,不负责任,1,贵GY5291,白色,1,贵A22935,白色,蓝天驾校,520109,2011/10/12 0:00,2009/3/26 0:00,海马牌,豪泺牌,366661000000000000 ,366067000000000000 ,198210,196411,7,4,3,工作日,早高峰(7-9点),2015-03-13,2015年3月13日,多云 /阵雨,17℃ / 12℃,南风 ≤3级 /南风 ≤3级,多云,阵雨,17,12,南风,≤3级,南风,≤3级,day
2015-03-14 21:50:00,次南门,7、未按规定让行的 ,负全部责任,不负责任,1,贵CJX422,白色,1,贵A83E48,白色,仁怀市顺通汽车驾驶培训学校有限公司,-1,2011/8/15 0:00,-1,奥迪牌,帕纳美拉,366575000000000000 ,364547000000000000 ,198812,198503,21,5,3,工作日,非高峰,2015-03-14,2015年3月14日,阴 /阴,17℃ / 12℃,南风 ≤3级 /东南风 ≤3级,阴,阴,17,12,南风,≤3级,东南风,≤3级,night