accidenttime,accidentaddr,driver1fault,driver1responsibility,driver2responsibility,sex1,platenumber1,carcolor1,sex2,platenumber2,carcolor2,jxmc1,jxmc2,cclzrq1,cclzrq2,clpp1,clpp2,driver1license,driver2license,brith1,brith2,hour,weekday,month,is_weekday,peak_hour,date,日期,天气状况,气温,风力风向,day_wea,night_wea,day_tep,night_tep,day_wind_direction,day_wind_speed,night_wind_direction,night_wind_speed,segment
2015-03-14 18:20:00,金珠大道,1、追尾的,负全部责任,不负责任,1,贵A98142,黑,1,湘CJ7419,白,（经开区）十一驾驶培训有限公司,-1,2007/10/22 0:00,-1,宗申牌,菲亚特菲跃,366067000000000000 ,74765500000000000 ,197508,196901,18,5,3,工作日,晚高峰(17-19点),2015-03-14,2015年3月14日,阴 /阴,17℃ / 12℃,南风 ≤3级 /东南风 ≤3级,阴,阴,17,12,南风,≤3级,东南风,≤3级,day
2015-03-15 11:00:00,甲秀南路,1、追尾的,负全部责任,不负责任,1,贵AKW902,白色,1,贵A2955U,黑色,黔丰驾校,贵州平安驾驶培训学校,2013/8/23 0:00,2014/9/30 0:00,奥德赛牌,别克牌,36454651175546605X,364548000000000000 ,199311,198501,11,6,3,周末,非高峰,2015-03-15,2015年3月15日,阴 /阴,18℃ / 13℃,东风 ≤3级 /南风 ≤3级,阴,阴,18,13,东风,≤3级,南风,≤3级,day
2015-03-13 10:00:00,观山东路,1、追尾的,负全部责任,不负责任,1,贵A84S68,黑,1,贵A8138V,红,市交校,诚信驾驶培训学校,2012/2/23 0:00,2013/5/6 0:00,宝马,宝马,364548000000000000 ,36456551995550896X,198901,198811,10,4,3,工作日,非高峰,2015-03-13,2015年3月13日,多云 /阵雨,17℃ / 12℃,南风 ≤3级 /南风 ≤3级,多云,阵雨,17,12,南风,≤3级,南风,≤3级,day
2015-03-15 10:30:00,机场路,9、不符合前8款规定或者双方同时具有上述情形的,负同等责任,负同等责任,1,贵A9058F,白色,1,贵AFN304,白色,金大驾校,-1,2012/5/25 0:00,-1,五菱牌,奇瑞牌,36455651885563445X,364545000000 ,197711,330723,10,6,3,周末,非高峰,2015-03-15,2015年3月15日,阴 /阴,18℃ / 13℃,东风 ≤3级 /南风 ≤3级,阴,阴,18,13,东风,≤3级,南风,≤3级,day
2015-03-26 10:02:00,沙场,3、倒车的,负全部责任,不负责任,1,贵AA306M,白,1,贵A407D6,白,自培,-1,2012/1/10 0:00,-1,北京牌,解放牌,36455651894258635X,36606351965661425X,197806,198212,10,3,3,工作日,非高峰,2015-03-26,2015年3月26日,阴 /阵雨,17℃ / 12℃,南风 ≤3级 /南风 ≤3级,阴,阵雨,17,12,南风,≤3级,南风,≤3级,day
2015-03-15 17:38:00,百花山,8、依法应负全责的其他情形,负全部责任,不负责任,0,贵A63N18,红,1,贵7BA02,银,（云岩区）省交通职业技术驾驶培训学校,消防驾校,2005/1/12 0:00,1996/9/30 0:00,歌诗图牌,-1,364548000000000000 ,364548000000000000 ,198001,197307,17,6,3,周末,晚高峰(17-19点),2015-03-15,2015年3月15日,阴 /阴,18℃ / 13℃,东风 ≤3级 /南风 ≤3级,阴,阴,18,13,东风,≤3级,南风,≤3级,day
2015-03-26 09:40:00,新世界,8、依法应负全责的其他情形,负全部责任,不负责任,1,贵A2585Y,白,1,贵AU7294,蓝,新华驾校,消防驾校,2014/8/18 0:00,2005/2/4 0:00,风朗,宝来牌,366063000000000000 ,364558000000000000 ,197207,198210,9,3,3,工作日,早高峰(7-9点),2015-03-26,2015年3月26日,阴 /阵雨,17℃ / 12℃,南风 ≤3级 /南风 ≤3级,阴,阵雨,17,12,南风,≤3级,南风,≤3级,day
2015-03-15 11:10:00,金阳南路,1、追尾的,负全部责任,不负责任,1,贵ANC651,银,1,鄂J4H686,白,（经开区）顺一驾驶培训有限公司,-1,2008/10/21 0:00,-1,一汽佳星牌,金杯牌,357469000000000000 ,66565500000000000 ,197802,197208,11,6,3,周末,非高峰,2015-03-15,2015年3月15日,阴 /阴,18℃ / 13℃,东风 ≤3级 /南风 ≤3级,阴,阴,18,13,东风,≤3级,南风,≤3级,day
2015-03-15 17:20:00,解放路口,7、未按规定让行的 ,负全部责任,不负责任,1,贵A24S61,灰色,1,贵AU3621,黄色,自培,自培,2011/8/3 0:00,2004/6/21 0:00,锋范牌,飞肯牌,364596000000000000 ,356168000000000000 ,198703,197410,17,6,3,周末,晚高峰(17-19点),2015-03-15,2015年3月15日,阴 /阴,18℃ / 13℃,东风 ≤3级 /南风 ≤3级,阴,阴,18,13,东风,≤3级,南风,≤3级,day
2015-03-15 00:00:00,花溪,7、未按规定让行的 ,负全部责任,不负责任,1,贵GK8979,白色,1,贵A36293,白色,全林驾校,-1,2012/3/8 0:00,-1,雪佛兰牌,南骏牌,364548000000000000 ,36455600000000000 ,195705,196073,0,6,3,周末,非高峰,2015-03-15,2015年3月15日,阴 /阴,18℃ / 13℃,东风 ≤3级 /南风 ≤3级,阴,阴,18,13,东风,≤3级,南风,≤3级,night
2015-03-13 07:30:00,转弯塘,7、未按规定让行的 ,负全部责任,不负责任,1,贵AFR427,银,1,贵AU8174,绿,贵大驾校,贵州省遵义汽车运输集团源丰交通驾驶培训有限责任公司,2012/2/14 0:00,2005/10/31 0:00,金杯牌,瑞麒牌,364556000000000000 ,364548000000000000 ,197811,197410,7,4,3,工作日,早高峰(7-9点),2015-03-13,2015年3月13日,多云 /阵雨,17℃ / 12℃,南风 ≤3级 /南风 ≤3级,多云,阵雨,17,12,南风,≤3级,南风,≤3级,day
2015-03-14 16:10:00,白云区,9、不符合前8款规定或者双方同时具有上述情形的,负同等责任,负同等责任,1,贵AF4655,银,1,贵A862F2,白,路路达驾校,路路达驾校,2014/9/12 0:00,2010/8/4 0:00,菲亚特,解放牌,364558000000000000 ,364066000000000000 ,199502,198601,16,5,3,工作日,非高峰,2015-03-14,2015年3月14日,阴 /阴,17℃ / 12℃,南风 ≤3级 /东南风 ≤3级,阴,阴,17,12,南风,≤3级,东南风,≤3级,day
2015-03-26 03:05:00,金域华村门口,1、追尾的,负全部责任,不负责任,1,贵A12K56,白色,1,渝AVB751,灰色,贵州省长安驾驶培训学校,-1,2011/11/2 0:00,-1,东风日产牌,速腾牌,36687451865464446X,355664000000000000 ,197210,197907,3,3,3,工作日,非高峰,2015-03-26,2015年3月26日,阴 /阵雨,17℃ / 12℃,南风 ≤3级 /南风 ≤3级,阴,阵雨,17,12,南风,≤3级,南风,≤3级,night
2015-03-26 16:30:00,三桥,7、未按规定让行的 ,负全部责任,不负责任,1,贵AW2336,银,1,贵FAF279,银,黔西县宏远黔职驾校有限公司,-1,2011/9/2 0:00,-1,五菱牌,东风牌,366068000000000000 ,366067000000000000 ,198508,199110,16,3,3,工作日,非高峰,2015-03-26,2015年3月26日,阴 /阵雨,17℃ / 12℃,南风 ≤3级 /南风 ≤3级,阴,阵雨,17,12,南风,≤3级,南风,≤3级,day
2015-03-12 14:38:00,金苏大道,2、逆行的,负全部责任,不负责任,1,贵 A7G550,黑,1,贵A61W33,银,贵州现代驾驶培训责任有限公司,自培,2013/5/9 0:00,2004/5/28 0:00,-1,马自达牌,366063000000000000 ,364558000000000000 ,198609,198206,14,3,3,工作日,非高峰,2015-03-12,2015年3月12日,多云 /多云,16℃ / 10℃,南风 ≤3级 /南风 ≤3级,多云,多云,16,10,南风,≤3级,南风,≤3级,day
2015-03-12 13:30:00,白云区,1、追尾的,负全部责任,不负责任,1,贵CCX314,黑,1,贵AC9476,黑,凤冈玉龙汽车驾驶员培训有限责任公司,自培,2010/11/18 0:00,2004/8/13 0:00,北京现代牌,力帆牌,366569000000000000 ,364558000000000000 ,199009,198601,13,3,3,工作日,非高峰,2015-03-12,2015年3月12日,多云 /多云,16℃ / 10℃,南风 ≤3级 /南风 ≤3级,多云,多云,16,10,南风,≤3级,南风,≤3级,day
2015-04-10 12:30:00,开发大道,7、未按规定让行的 ,负全部责任,不负责任,1,贵A45F58,白色,1,贵JAL685,白色,铁二局驾校,消防驾校,2011/11/8 0:00,2010/5/31 0:00,马自达牌,奥迪牌,364547000000000000 ,364568000000000000 ,196912,198911,12,4,4,工作日,非高峰,2015-04-10,2015年4月10日,小雨 /小雨,12℃ / 8℃,东北风 ≤3级 /东北风 ≤3级,小雨,小雨,12,8,东北风,≤3级,东北风,≤3级,day
2015-04-09 22:38:00,老阳关,7、未按规定让行的 ,负全部责任,不负责任,1,贵A6061F,红,1,贵A22601,红,诚信驾驶培训学校,顺一驾驶培训学校,2013/12/13 0:00,1995/4/25 0:00,吉利美日牌,红岩牌,364596000000000000 ,366367000000000000 ,199301,196403,22,3,4,工作日,非高峰,2015-04-09,2015年4月9日,阴 /小雨,11℃ / 7℃,东北风 ≤3级 /东北风 ≤3级,阴,小雨,11,7,东北风,≤3级,东北风,≤3级,night
2015-03-26 11:10:00,八匹马,9、不符合前8款规定或者双方同时具有上述情形的,负同等责任,负同等责任,1,贵A7771J,红,1,贵GL6245,黑,铁二局驾校,铁二局驾校,2013/7/9 0:00,2012/8/16 0:00,比亚迪牌,东风日产牌,36459551174853495X,366546000000000000 ,199307,198206,11,3,3,工作日,非高峰,2015-03-26,2015年3月26日,阴 /阵雨,17℃ / 12℃,南风 ≤3级 /南风 ≤3级,阴,阵雨,17,12,南风,≤3级,南风,≤3级,day
2015-04-09 21:30:00,黔灵山路,1、追尾的,负全部责任,不负责任,1,贵A80744,黄,1,贵AA662F,银,诚信驾驶培训学校,文通驾校,2013/7/22 0:00,2011/5/12 0:00,恒通客车牌,吉利牌,366375000000000000 ,366566000000000000 ,199305,198708,21,3,4,工作日,非高峰,2015-04-09,2015年4月9日,阴 /小雨,11℃ / 7℃,东北风 ≤3级 /东北风 ≤3级,阴,小雨,11,7,东北风,≤3级,东北风,≤3级,night
2015-03-19 13:40:00,北二环,1、追尾的,负全部责任,不负责任,1,贵AK5095,银,1,贵A91F73,黑,（南明区）金大驾驶培训有限公司,预约考试窗口,2005/8/24 0:00,2006/12/4 0:00,富路牌,别克牌,36455651984354633X,36687551824268415X,198705,197606,13,3,3,工作日,非高峰,2015-03-19,2015年3月19日,多云 /阵雨,26℃ / 12℃,南风 ≤3级 /东北风 ≤3级,多云,阵雨,26,12,南风,≤3级,东北风,≤3级,day
2015-03-19 15:00:00,花溪,8、依法应负全责的其他情形,负全部责任,不负责任,1,贵GV1176,白色,1,贵AS5375,白色,鑫鑫驾校,预约考试窗口,2014/1/22 0:00,2007/6/25 0:00,东风牌,万虎牌,76360500000000000 ,36455551225449715X,197805,196610,15,3,3,工作日,非高峰,2015-03-19,2015年3月19日,多云 /阵雨,26℃ / 12℃,南风 ≤3级 /东北风 ≤3级,多云,阵雨,26,12,南风,≤3级,东北风,≤3级,day
2015-04-02 18:00:00,中坝,1、追尾的,负全部责任,不负责任,1,贵HBY659,银,1,贵A0063V,蓝,吉源驾校,520127,2014/3/10 0:00,2009/12/22 0:00,吉利美日牌,蒙迪欧,366264000000000000 ,366770000000000000 ,198707,197909,18,3,4,工作日,晚高峰(17-19点),2015-04-02,2015年4月2日,多云 /多云,30℃ / 18℃,南风 ≤3级 /南风 ≤3级,多云,多云,30,18,南风,≤3级,南风,≤3级,day
2015-03-19 14:30:00,西南环线,8、依法应负全责的其他情形,负全部责任,不负责任,1,贵A30036,白色,1,贵A99N87,白色,贵州省黔南交通驾驶学校,520123,-1,2009/1/12 0:00,长安,大众汽车牌,366375000000000000 ,366375000000000000 ,198512,198409,14,3,3,工作日,非高峰,2015-03-19,2015年3月19日,多云 /阵雨,26℃ / 12℃,南风 ≤3级 /东北风 ≤3级,多云,阵雨,26,12,南风,≤3级,东北风,≤3级,day
2015-04-02 17:05:00,林城东路,1、追尾的,负全部责任,不负责任,1,贵AFR479,白,1,渝F3U857,银,（观山湖区）蓝天驾驶培训有限公司,-1,2008/1/10 0:00,-1,雷克萨斯,长安牌,734847000000000000 ,67686700000000000 ,198610,194041,17,3,4,工作日,晚高峰(17-19点),2015-04-02,2015年4月2日,多云 /多云,30℃ / 18℃,南风 ≤3级 /南风 ≤3级,多云,多云,30,18,南风,≤3级,南风,≤3级,day
2015-04-10 08:31:00,都司路,7、未按规定让行的 ,负全部责任,不负责任,1,贵AU3141,黑,1,贵A97407,蓝,自培,（云岩区）省交通职业技术驾驶培训学校,2011/7/25 0:00,2005/1/26 0:00,三雅牌,长城,364596000000000000 ,366246000000000000 ,198708,198008,8,4,4,工作日,早高峰(7-9点),2015-04-10,2015年4月10日,小雨 /小雨,12℃ / 8℃,东北风 ≤3级 /东北风 ≤3级,小雨,小雨,12,8,东北风,≤3级,东北风,≤3级,day
2015-04-03 08:26:00,新世界,1、追尾的,负全部责任,不负责任,0,贵A7BA88,白,0,桂AVS418,白,消防驾校,-1,2015/1/20 0:00,-1,沃尔沃牌,\N,366566000000000000 ,726775000000000000 ,198706,197011,8,4,4,工作日,早高峰(7-9点),2015-04-03,2015年4月3日,多云 /多云,30℃ / 19℃,南风 ≤3级 /南风 ≤3级,多云,多云,30,19,南风,≤3级,南风,≤3级,day
2015-03-19 16:00:00,省二医,7、未按规定让行的 ,负全部责任,不负责任,1,贵AJG491,白,1,贵A74281,蓝,（乌当区）新华驾驶培训有限公司,-1,2010/11/26 0:00,-1,东风雪铁龙牌,力帆,366664000000000000 ,366375000000000000 ,197303,198311,16,3,3,工作日,非高峰,2015-03-19,2015年3月19日,多云 /阵雨,26℃ / 12℃,南风 ≤3级 /东北风 ≤3级,多云,阵雨,26,12,南风,≤3级,东北风,≤3级,day
2015-04-10 17:27:00,贵安大道,7、未按规定让行的 ,负全部责任,不负责任,1,贵J9JJ66,白色,1,贵A78X25,白色,贵州省黔东南州金凯驾驶学校,诚信驾驶培训学校,-1,2015/3/24 0:00,-1,长安牌,366262000000000000 ,364548000000000000 ,197708,199012,17,4,4,工作日,晚高峰(17-19点),2015-04-10,2015年4月10日,小雨 /小雨,12℃ / 8℃,东北风 ≤3级 /东北风 ≤3级,小雨,小雨,12,8,东北风,≤3级,东北风,≤3级,day
2015-03-20 05:30:00,市政府,7、未按规定让行的 ,负全部责任,不负责任,1,贵A7125G,白,1,贵A5BM16,白,消防驾校,-1,2013/9/27 0:00,-1,科雷傲,哈弗牌,366664000000000000 ,364548000000000000 ,197802,196010,5,4,3,工作日,非高峰,2015-03-20,2015年3月20日,阴 /阵雨,14℃ / 10℃,东北风 ≤3级 /东北风 ≤3级,阴,阵雨,14,10,东北风,≤3级,东北风,≤3级,night
2015-03-27 07:10:00,金阳远大,3、倒车的,负全部责任,不负责任,1,贵A61M44,黑,1,贵A2BV79,黑,（南明区）铁二局驾驶培训有限公司,-1,2009/12/17 0:00,-1,长安牌,比亚迪牌,366064000000000000 ,366267000000000000 ,198710,197709,7,4,3,工作日,早高峰(7-9点),2015-03-27,2015年3月27日,阵雨 /阵雨,18℃ / 13℃,南风 ≤3级 /南风 ≤3级,阵雨,阵雨,18,13,南风,≤3级,南风,≤3级,day
2015-03-19 17:00:00,花果园,1、追尾的,负全部责任,不负责任,1,贵FL1467,黑,1,贵AU8326,绿,长运驾校,预约考试窗口,2015/1/22 0:00,2007/4/3 0:00,中华牌,豪爵牌,204666000000000000 ,366347000000000000 ,199009,198411,17,3,3,工作日,晚高峰(17-19点),2015-03-19,2015年3月19日,多云 /阵雨,26℃ / 12℃,南风 ≤3级 /东北风 ≤3级,多云,阵雨,26,12,南风,≤3级,东北风,≤3级,day
2015-03-19 17:45:00,开发大道,7、未按规定让行的 ,负全部责任,不负责任,1,贵A97K79,白色,1,贵EF5475,黑色,顺一驾驶培训学校,新华驾校,2012/11/7 0:00,2012/1/10 0:00,斯柯达牌,大众牌,576775000000000000 ,364551000000000000 ,198106,199207,17,3,3,工作日,晚高峰(17-19点),2015-03-19,2015年3月19日,多云 /阵雨,26℃ / 12℃,南风 ≤3级 /东北风 ≤3级,多云,阵雨,26,12,南风,≤3级,东北风,≤3级,day
2015-04-03 11:05:00,金阳,1、追尾的,负全部责任,不负责任,1,贵A6434P,银,1,贵AA006E,黑,诚信驾驶培训学校,未定义,2012/10/16 0:00,2014/7/22 0:00,长安牌,福克斯牌,364557000000000000 ,364557000000000000 ,198705,198809,11,4,4,工作日,非高峰,2015-04-03,2015年4月3日,多云 /多云,30℃ / 19℃,南风 ≤3级 /南风 ≤3级,多云,多云,30,19,南风,≤3级,南风,≤3级,day
2015-03-19 17:40:00,北二环,1、追尾的,负全部责任,不负责任,1,贵CGW851,白,1,贵A5AE96,白,新天驾校,铁二局驾校,2014/6/5 0:00,2005/5/10 0:00,大众牌,东风标致牌,366577000000000000 ,366246000000000000 ,199002,196301,17,3,3,工作日,晚高峰(17-19点),2015-03-19,2015年3月19日,多云 /阵雨,26℃ / 12℃,南风 ≤3级 /东北风 ≤3级,多云,阵雨,26,12,南风,≤3级,东北风,≤3级,day
2015-03-20 08:30:00,小河,1、追尾的,负全部责任,不负责任,1,贵AA4246,白色,1,贵A28M34,白色,（云岩区）时发驾驶培训有限公司,-1,2009/11/12 0:00,-1,金轮,长安牌,364547000000000000 ,356167000000000000 ,198910,197601,8,4,3,工作日,早高峰(7-9点),2015-03-20,2015年3月20日,阴 /阵雨,14℃ / 10℃,东北风 ≤3级 /东北风 ≤3级,阴,阵雨,14,10,东北风,≤3级,东北风,≤3级,day
2015-03-19 18:45:00,下坝,7、未按规定让行的 ,负全部责任,不负责任,1,贵GV7733,黑,1,贵GV8008,白,贵阳万里圣驾校,凯信驾校,2014/11/17 0:00,2014/9/4 0:00,雅阁牌,翼搏牌,364558000000000000 ,35436551834542781X,199110,197501,18,3,3,工作日,晚高峰(17-19点),2015-03-19,2015年3月19日,多云 /阵雨,26℃ / 12℃,南风 ≤3级 /东北风 ≤3级,多云,阵雨,26,12,南风,≤3级,东北风,≤3级,day
2015-03-26 20:40:00,朝阳洞路,7、未按规定让行的 ,负全部责任,不负责任,1,贵AEC433,白色,1,贵ANT611,白色,吉源驾校,520126,2014/12/22 0:00,-1,北京现代牌,吉利美日牌,726766000000000000 ,366064000000000000 ,199102,198710,20,3,3,工作日,非高峰,2015-03-26,2015年3月26日,阴 /阵雨,17℃ / 12℃,南风 ≤3级 /南风 ≤3级,阴,阵雨,17,12,南风,≤3级,南风,≤3级,night
2015-04-10 09:00:00,花溪,1、追尾的,负全部责任,不负责任,1,贵A56E51,白色,1,贵AMX362,白色,黔丰驾校,自培,2014/12/15 0:00,2002/5/9 0:00,东风雪铁龙牌,北京现代牌,357467000000000000 ,364556000000000000 ,197308,197311,9,4,4,工作日,早高峰(7-9点),2015-04-10,2015年4月10日,小雨 /小雨,12℃ / 8℃,东北风 ≤3级 /东北风 ≤3级,小雨,小雨,12,8,东北风,≤3级,东北风,≤3级,day
2015-03-27 08:30:00,白云区,5、开关车门的,负全部责任,不负责任,1,贵A85757,白,1,贵AEP793,黑,（白云区）消防驾驶培训学校,-1,2008/7/8 0:00,-1,蓝箭,比亚迪牌,366068000000000000 ,364558000000000000 ,198602,197010,8,4,3,工作日,早高峰(7-9点),2015-03-27,2015年3月27日,阵雨 /阵雨,18℃ / 13℃,南风 ≤3级 /南风 ≤3级,阵雨,阵雨,18,13,南风,≤3级,南风,≤3级,day
2015-03-27 17:45:00,花溪大道,7、未按规定让行的 ,负全部责任,不负责任,1,贵AF6826,白色,1,贵AB7958,白色,自培,时发,2005/1/14 0:00,2006/1/23 0:00,豪爵牌,雷克牌,364548000000000000 ,366067000000000000 ,198105,197309,17,4,3,工作日,晚高峰(17-19点),2015-03-27,2015年3月27日,阵雨 /阵雨,18℃ / 13℃,南风 ≤3级 /南风 ≤3级,阵雨,阵雨,18,13,南风,≤3级,南风,≤3级,day
2015-04-10 14:00:00,孟关,8、依法应负全责的其他情形,负全部责任,不负责任,1,贵A7585B,白色,1,贵A7596U,白色,凯信驾校,吉源驾校,2014/3/6 0:00,2013/11/5 0:00,东南牌,东风雪铁龙牌,356169000000000000 ,364556000000000000 ,197010,199207,14,4,4,工作日,非高峰,2015-04-10,2015年4月10日,小雨 /小雨,12℃ / 8℃,东北风 ≤3级 /东北风 ≤3级,小雨,小雨,12,8,东北风,≤3级,东北风,≤3级,day
2015-03-19 19:08:00,金朱东路,7、未按规定让行的 ,负全部责任,不负责任,1,贵A82511,白,0,贵A4AE23,红,贵州天河驾校,-1,2014/7/31 0:00,-1,欧曼牌,福特牌,366067000000000000 ,366068000000000000 ,198512,197203,19,3,3,工作日,晚高峰(17-19点),2015-03-19,2015年3月19日,多云 /阵雨,26℃ / 12℃,南风 ≤3级 /东北风 ≤3级,多云,阵雨,26,12,南风,≤3级,东北风,≤3级,day
2015-04-03 11:08:00,野鸭塘,8、依法应负全责的其他情形,负全部责任,不负责任,0,贵CFU609,白,1,贵A84J81,白,自培,吉源驾校,2011/12/14 0:00,2014/2/13 0:00,东风雪铁龙牌,吉利美日牌,366562000000000000 ,366661000000000000 ,198010,198210,11,4,4,工作日,非高峰,2015-04-03,2015年4月3日,多云 /多云,30℃ / 19℃,南风 ≤3级 /南风 ≤3级,多云,多云,30,19,南风,≤3级,南风,≤3级,day
2015-04-10 15:35:00,西二环,1、追尾的,负全部责任,不负责任,1,贵ACK834,白,1,贵A53L66,白,凯信驾校,（乌当区）新华驾驶培训有限公司,2014/2/20 0:00,2006/11/9 0:00,五菱牌,豪情牌,366067000000000000 ,366566000000000000 ,197710,198306,15,4,4,工作日,非高峰,2015-04-10,2015年4月10日,小雨 /小雨,12℃ / 8℃,东北风 ≤3级 /东北风 ≤3级,小雨,小雨,12,8,东北风,≤3级,东北风,≤3级,day
2015-04-03 17:40:00,解放路,7、未按规定让行的 ,负全部责任,不负责任,1,贵A28A77,银,1,贵ASW262,银,（经开区）十一驾驶培训有限公司,青正驾校,2006/7/18 0:00,2012/6/27 0:00,大众汽车牌,东风日产牌,366346000000000000 ,364596000000000000 ,198310,199204,17,4,4,工作日,晚高峰(17-19点),2015-04-03,2015年4月3日,多云 /多云,30℃ / 19℃,南风 ≤3级 /南风 ≤3级,多云,多云,30,19,南风,≤3级,南风,≤3级,day
2015-04-10 20:09:00,头桥,8、依法应负全责的其他情形,负全部责任,不负责任,1,贵AJB725,白,1,贵AU3532,蓝,（白云区）消防驾驶培训学校,自培,2007/10/29 0:00,2003/7/15 0:00,大众,神鹰牌,366067000000000000 ,364556000000000000 ,197910,196710,20,4,4,工作日,非高峰,2015-04-10,2015年4月10日,小雨 /小雨,12℃ / 8℃,东北风 ≤3级 /东北风 ≤3级,小雨,小雨,12,8,东北风,≤3级,东北风,≤3级,night
2015-04-11 03:20:00,中华北路,7、未按规定让行的 ,负全部责任,不负责任,0,贵A77E49,银,1,贵A3BH62,银,（乌当区）新天驾驶培训有限公司,蓝天驾校,2008/1/11 0:00,2014/12/5 0:00,大众汽车牌,雪佛兰牌,03676751894974016X,366368000000000000 ,197808,196211,3,5,4,工作日,非高峰,2015-04-11,2015年4月11日,多云 /多云,15℃ / 9℃,东北风 ≤3级 /东风 ≤3级,多云,多云,15,9,东北风,≤3级,东风,≤3级,night
2015-03-20 15:00:00,嘉润路,7、未按规定让行的 ,负全部责任,不负责任,1,贵GL0966,白色,1,贵AAQ056,白色,（南明区）市交通职业技术驾驶培训学校,520108,2005/4/30 0:00,2008/12/4 0:00,大众牌,金旅牌,36454651974562645X,366566000000000000 ,198301,198202,15,4,3,工作日,非高峰,2015-03-20,2015年3月20日,阴 /阵雨,14℃ / 10℃,东北风 ≤3级 /东北风 ≤3级,阴,阵雨,14,10,东北风,≤3级,东北风,≤3级,day
2015-03-20 15:30:00,小河五大队,7、未按规定让行的 ,负全部责任,不负责任,1,贵A814B3,白色,1,贵A2723B,白色,（经开区）十一驾驶培训有限公司,自培,2008/2/22 0:00,2006/9/27 0:00,奥铃牌,飞度牌,366067000000000000 ,366068000000000000 ,198106,198808,15,4,3,工作日,非高峰,2015-03-20,2015年3月20日,阴 /阵雨,14℃ / 10℃,东北风 ≤3级 /东北风 ≤3级,阴,阵雨,14,10,东北风,≤3级,东北风,≤3级,day
2015-04-11 00:00:00,护国路,7、未按规定让行的 ,负全部责任,不负责任,1,贵GX5445,白色,1,贵ARK073,白色,文通驾校,贵州贵龙驾校,2012/1/9 0:00,2012/3/22 0:00,长安牌,朗风牌,36459551924049625X,366361000000000000 ,198604,197509,0,5,4,工作日,非高峰,2015-04-11,2015年4月11日,多云 /多云,15℃ / 9℃,东北风 ≤3级 /东风 ≤3级,多云,多云,15,9,东北风,≤3级,东风,≤3级,night
2015-04-03 13:50:00,下坝,1、追尾的,负全部责任,不负责任,1,贵A1654U,白,1,贵DN9651,白,消防驾校,-1,2012/5/6 0:00,-1,东风牌,北斗星牌,366577000000000000 ,366644000000 ,197109,617763,13,4,4,工作日,非高峰,2015-04-03,2015年4月3日,多云 /多云,30℃ / 19℃,南风 ≤3级 /南风 ≤3级,多云,多云,30,19,南风,≤3级,南风,≤3级,day
2015-03-28 06:30:00,金珠路口,8、依法应负全责的其他情形,负全部责任,不负责任,0,贵AF4080,银,1,贵GD5746,银,铁二局驾校,-1,2014/12/23 0:00,-1,豪江牌,雪佛兰牌,364596000000000000 ,366362000000000000 ,197803,191103,6,5,3,工作日,非高峰,2015-03-28,2015年3月28日,阵雨 /雷阵雨,17℃ / 14℃,南风 ≤3级 /南风 ≤3级,阵雨,雷阵雨,17,14,南风,≤3级,南风,≤3级,day
2015-04-10 21:20:00,黄河路,7、未按规定让行的 ,负全部责任,不负责任,1,贵A3G099,白色,1,贵A29555,白色,黔南金桥汽车驾驶培训学校,-1,2007/5/22 0:00,-1,长安牌,光速牌,366068000000000000 ,76347500000000000 ,197610,198410,21,4,4,工作日,非高峰,2015-04-10,2015年4月10日,小雨 /小雨,12℃ / 8℃,东北风 ≤3级 /东北风 ≤3级,小雨,小雨,12,8,东北风,≤3级,东北风,≤3级,night
2015-03-28 10:40:00,小河,7、未按规定让行的 ,负全部责任,不负责任,1,贵A9602M,白色,1,贵AEX848,白色,吉源驾校,520109,2014/4/28 0:00,2009/1/19 0:00,金杯牌,江淮牌,366067000000000000 ,355464000000000000 ,197807,197709,10,5,3,工作日,非高峰,2015-03-28,2015年3月28日,阵雨 /雷阵雨,17℃ / 14℃,南风 ≤3级 /南风 ≤3级,阵雨,雷阵雨,17,14,南风,≤3级,南风,≤3级,day
2015-04-03 16:00:00,花溪金竹,8、依法应负全责的其他情形,负全部责任,不负责任,1,贵A1786H,白色,1,贵GR8863,白色,鑫鑫驾校,预约考试窗口,2011/12/9 0:00,2007/5/24 0:00,五菱牌,本田牌,364596000000000000 ,364556000000000000 ,198810,198112,16,4,4,工作日,非高峰,2015-04-03,2015年4月3日,多云 /多云,30℃ / 19℃,南风 ≤3级 /南风 ≤3级,多云,多云,30,19,南风,≤3级,南风,≤3级,day
2015-03-20 16:30:00,市北路,8、依法应负全责的其他情形,负全部责任,不负责任,1,贵APZ017,红,1,贵A77R64,蓝,（南明区）长运驾驶培训有限公司,-1,2006/2/23 0:00,-1,别克,森林人,364548000000000000 ,364548000000000000 ,198701,197305,16,4,3,工作日,非高峰,2015-03-20,2015年3月20日,阴 /阵雨,14℃ / 10℃,东北风 ≤3级 /东北风 ≤3级,阴,阵雨,14,10,东北风,≤3级,东北风,≤3级,day
2015-04-11 03:00:00,青岩,1、追尾的,负全部责任,不负责任,1,贵GE9271,白色,1,贵A8BH36,白色,鑫鑫驾校,省交校,2011/12/26 0:00,2013/11/6 0:00,五菱牌,福特牌,70496651884953485X,364548000000000000 ,197708,196907,3,5,4,工作日,非高峰,2015-04-11,2015年4月11日,多云 /多云,15℃ / 9℃,东北风 ≤3级 /东风 ≤3级,多云,多云,15,9,东北风,≤3级,东风,≤3级,night