accidenttime,accidentaddr,driver1fault,driver1responsibility,driver2responsibility,sex1,platenumber1,carcolor1,sex2,platenumber2,carcolor2,jxmc1,jxmc2,cclzrq1,cclzrq2,clpp1,clpp2,driver1license,driver2license,brith1,brith2,hour,weekday,month,is_weekday,peak_hour,date,日期,天气状况,气温,风力风向,day_wea,night_wea,day_tep,night_tep,day_wind_direction,day_wind_speed,night_wind_direction,night_wind_speed,segment
2015-03-27 17:20:00,云潭北路,7、未按规定让行的 ,负全部责任,不负责任,1,贵A37H43,白,1,贵A98348,白,新天驾校,自培,2012/10/26 0:00,2005/5/26 0:00,大众牌,解放牌,364566000000000000 ,36634651824855473X,198206,197607,17,4,3,工作日,晚高峰(17-19点),2015-03-27,2015年3月27日,阵雨 /阵雨,18℃ / 13℃,南风 ≤3级 /南风 ≤3级,阵雨,阵雨,18,13,南风,≤3级,南风,≤3级,day
2015-04-10 13:20:00,白云区,8、依法应负全责的其他情形,负全部责任,不负责任,1,贵A2002P,银,1,贵A840C2,银,消防驾校,自培,2011/11/2 0:00,2006/1/10 0:00,吉利牌,南骏牌,364558000000000000 ,366361000000000000 ,198709,197010,13,4,4,工作日,非高峰,2015-04-10,2015年4月10日,小雨 /小雨,12℃ / 8℃,东北风 ≤3级 /东北风 ≤3级,小雨,小雨,12,8,东北风,≤3级,东北风,≤3级,day
2015-04-11 09:32:00,乌当,7、未按规定让行的 ,负全部责任,不负责任,1,贵JBP132,银,0,银,银,（乌当区）平安驾驶培训有限公司,自培,2009/9/14 0:00,2004/12/14 0:00,吉利牌,-1,364557000000000000 ,364557000000000000 ,198510,197609,9,5,4,工作日,早高峰(7-9点),2015-04-11,2015年4月11日,多云 /多云,15℃ / 9℃,东北风 ≤3级 /东风 ≤3级,多云,多云,15,9,东北风,≤3级,东风,≤3级,day
2015-04-10 19:40:00,紫林庵,1、追尾的,负全部责任,不负责任,0,贵AR7828,白,1,贵A0B605,白,（白云区）消防驾驶培训学校,自培,2005/12/30 0:00,2004/8/27 0:00,东方牌,吉利牌,364547000000000000 ,364547000000000000 ,196706,197210,19,4,4,工作日,晚高峰(17-19点),2015-04-10,2015年4月10日,小雨 /小雨,12℃ / 8℃,东北风 ≤3级 /东北风 ≤3级,小雨,小雨,12,8,东北风,≤3级,东北风,≤3级,day
2015-04-03 13:19:00,长岭北路,8、依法应负全责的其他情形,负全部责任,不负责任,1,贵JB5572,白,1,贵ALA463,白,罗甸县吉兴汽车驾驶培训学校,自培,2013/7/16 0:00,2004/8/19 0:00,长安牌,迪马牌,366869000000000000 ,364548000000000000 ,199112,197602,13,4,4,工作日,非高峰,2015-04-03,2015年4月3日,多云 /多云,30℃ / 19℃,南风 ≤3级 /南风 ≤3级,多云,多云,30,19,南风,≤3级,南风,≤3级,day
2015-04-03 17:30:00,西二环,1、追尾的,负全部责任,不负责任,1,贵DBX567,黑,1,贵GJ0688,黑,贵阳学院汽车驾驶培训,-1,2007/12/11 0:00,-1,大众汽车牌,北京现代牌,366670000000000000 ,356168000000000000 ,198402,197309,17,4,4,工作日,晚高峰(17-19点),2015-04-03,2015年4月3日,多云 /多云,30℃ / 19℃,南风 ≤3级 /南风 ≤3级,多云,多云,30,19,南风,≤3级,南风,≤3级,day
2015-04-04 10:40:00,恒大城,1、追尾的,负全部责任,不负责任,1,贵GM9337,黑,1,贵A1079W,银,鑫鑫驾校,贵阳万里圣驾校,2012/11/18 0:00,2014/9/1 0:00,东风日产牌,长安牌,36455751925559495X,364558000000000000 ,198611,198802,10,5,4,工作日,非高峰,2015-04-04,2015年4月4日,多云 /多云,29℃ / 18℃,南风 ≤3级 /南风 ≤3级,多云,多云,29,18,南风,≤3级,南风,≤3级,day
2015-03-21 00:00:00,花溪大道,1、追尾的,负全部责任,不负责任,1,贵JDT255,白色,1,贵JBQ212,白色,惠水县好花红驾驶培训有限责任公司,贵州平安驾驶培训学校,-1,2011/12/1 0:00,宝马牌,吉利牌,374558000000000000 ,355667000000000000 ,197809,198110,0,5,3,工作日,非高峰,2015-03-21,2015年3月21日,阴 /阴,16℃ / 11℃,东北风 ≤3级 /东南风 ≤3级,阴,阴,16,11,东北风,≤3级,东南风,≤3级,night
2015-03-21 02:55:00,北京西路,1、追尾的,负全部责任,不负责任,1,贵FH7668,银,1,贵A0BK42,银,织金县织通驾驶培训学校,贵阳万里圣驾校,-1,2015/2/17 0:00,大众汽车牌,哈弗牌,366064000000000000 ,36666551934966523X,197511,198508,2,5,3,工作日,非高峰,2015-03-21,2015年3月21日,阴 /阴,16℃ / 11℃,东北风 ≤3级 /东南风 ≤3级,阴,阴,16,11,东北风,≤3级,东南风,≤3级,night
2015-03-28 21:00:00,汽车城,7、未按规定让行的 ,负全部责任,不负责任,1,贵GGB138,白色,1,贵A86P46,白色,（南明区）阳光驾驶培训有限公司,铁二局驾校,2008/5/26 0:00,2012/3/1 0:00,马自达牌,东风雪铁龙牌,364556000000000000 ,366863000000000000 ,198908,198512,21,5,3,工作日,非高峰,2015-03-28,2015年3月28日,阵雨 /雷阵雨,17℃ / 14℃,南风 ≤3级 /南风 ≤3级,阵雨,雷阵雨,17,14,南风,≤3级,南风,≤3级,night
2015-04-04 10:00:00,小河,1、追尾的,负全部责任,不负责任,1,贵A8402W,白色,1,贵ALK086,白色,（花溪区）贵州大学驾驶培训有限公司,预约考试窗口,2009/2/20 0:00,2007/6/29 0:00,大众汽车牌,锋范牌,366568000000000000 ,364646000000000000 ,197212,197906,10,5,4,工作日,非高峰,2015-04-04,2015年4月4日,多云 /多云,29℃ / 18℃,南风 ≤3级 /南风 ≤3级,多云,多云,29,18,南风,≤3级,南风,≤3级,day
2015-04-11 12:10:00,花二道,7、未按规定让行的 ,负全部责任,不负责任,1,贵AEZ526,白色,1,贵CFT852,白色,鑫鑫驾校,全林驾校,2011/12/29 0:00,2012/3/29 0:00,夏利牌,东风雪铁龙牌,364548000000000000 ,36654551954556295X,198010,198101,12,5,4,工作日,非高峰,2015-04-11,2015年4月11日,多云 /多云,15℃ / 9℃,东北风 ≤3级 /东风 ≤3级,多云,多云,15,9,东北风,≤3级,东风,≤3级,day
2015-03-28 13:50:00,纪念塔,7、未按规定让行的 ,负全部责任,不负责任,1,贵A31J18,白色,1,贵AGJ615,白色,顺一驾驶培训学校,蓝天驾校,2011/8/11 0:00,2012/2/13 0:00,福克斯牌,北京现代牌,366570000000000000 ,366346000000000000 ,197410,197711,13,5,3,工作日,非高峰,2015-03-28,2015年3月28日,阵雨 /雷阵雨,17℃ / 14℃,南风 ≤3级 /南风 ≤3级,阵雨,雷阵雨,17,14,南风,≤3级,南风,≤3级,day
2015-03-21 14:30:00,北京西路,7、未按规定让行的 ,负全部责任,不负责任,1,贵AF3032,黑,1,贵HCP794,黑,蓝天驾校,-1,2014/12/1 0:00,-1,夏利,宝骏牌,366067000000000000 ,366567000000000000 ,197611,198108,14,5,3,工作日,非高峰,2015-03-21,2015年3月21日,阴 /阴,16℃ / 11℃,东北风 ≤3级 /东南风 ≤3级,阴,阴,16,11,东北风,≤3级,东南风,≤3级,day
2015-04-04 17:20:00,枣山路,1、追尾的,负全部责任,不负责任,1,贵AU0082,蓝,1,贵A6AY67,绿,贵州现代驾驶培训责任有限公司,-1,2011/6/29 0:00,-1,远豪牌,福特牌,366662000000000000 ,366663000000000000 ,198908,197311,17,5,4,工作日,晚高峰(17-19点),2015-04-04,2015年4月4日,多云 /多云,29℃ / 18℃,南风 ≤3级 /南风 ≤3级,多云,多云,29,18,南风,≤3级,南风,≤3级,day
2015-03-28 14:28:00,南二环,1、追尾的,负全部责任,不负责任,1,贵HCS335,白色,1,贵A603F8,白色,贵大佳德驾驶培训学校,520129,2014/7/27 0:00,2008/4/7 0:00,五菱牌,解放牌,366269000000000000 ,366567000000000000 ,199002,198504,14,5,3,工作日,非高峰,2015-03-28,2015年3月28日,阵雨 /雷阵雨,17℃ / 14℃,南风 ≤3级 /南风 ≤3级,阵雨,雷阵雨,17,14,南风,≤3级,南风,≤3级,day
2015-04-04 10:40:00,白云区,1、追尾的,负全部责任,不负责任,1,贵GM9337,银,1,贵AB177L,蓝,鑫鑫驾校,路路达驾校,2012/11/18 0:00,2013/10/21 0:00,东风日产牌,五菱牌,36455751925559495X,364558000000000000 ,198611,199409,10,5,4,工作日,非高峰,2015-04-04,2015年4月4日,多云 /多云,29℃ / 18℃,南风 ≤3级 /南风 ≤3级,多云,多云,29,18,南风,≤3级,南风,≤3级,day
2015-03-28 20:00:00,富水北路,7、未按规定让行的 ,负全部责任,不负责任,1,贵A924B9,蓝,1,贵AMV368,白,吉源驾校,市交校,2013/8/14 0:00,2014/8/4 0:00,飞碟牌,长安牌,36656651824969825X,364547000000000000 ,197608,199302,20,5,3,工作日,非高峰,2015-03-28,2015年3月28日,阵雨 /雷阵雨,17℃ / 14℃,南风 ≤3级 /南风 ≤3级,阵雨,雷阵雨,17,14,南风,≤3级,南风,≤3级,night
2015-04-11 18:10:00,大南门,9、不符合前8款规定或者双方同时具有上述情形的,负同等责任,负同等责任,1,贵AU3101,绿,1,贵AU0044,绿,（乌当区）新天驾驶培训有限公司,（乌当区）新天驾驶培训有限公司,2007/7/26 0:00,2001/4/23 0:00,瑞麒牌,宝来牌,36606751934756075X,366569000000000000 ,198503,197702,18,5,4,工作日,晚高峰(17-19点),2015-04-11,2015年4月11日,多云 /多云,15℃ / 9℃,东北风 ≤3级 /东风 ≤3级,多云,多云,15,9,东北风,≤3级,东风,≤3级,day
2015-04-04 16:35:00,都司路高架桥,7、未按规定让行的 ,负全部责任,不负责任,1,贵A5BN23,白色,1,贵JBP8777,白色,贵州省长安驾驶培训学校,阳光驾校,2014/12/31 0:00,2012/4/25 0:00,中华牌,-1,366669000000000000 ,256862000000000000 ,197709,198603,16,5,4,工作日,非高峰,2015-04-04,2015年4月4日,多云 /多云,29℃ / 18℃,南风 ≤3级 /南风 ≤3级,多云,多云,29,18,南风,≤3级,南风,≤3级,day
2015-03-28 13:35:00,乌当,7、未按规定让行的 ,负全部责任,不负责任,1,贵ABZ724,银,1,贵ABWE434,银,长运驾校,贵州平安驾驶培训学校,2014/11/6 0:00,2011/7/18 0:00,丰田牌,-1,366347000000000000 ,366064000000000000 ,195402,199007,13,5,3,工作日,非高峰,2015-03-28,2015年3月28日,阵雨 /雷阵雨,17℃ / 14℃,南风 ≤3级 /南风 ≤3级,阵雨,雷阵雨,17,14,南风,≤3级,南风,≤3级,day
2015-04-12 09:00:00,沙冲路,1、追尾的,负全部责任,不负责任,1,贵A8BE72,白色,1,贵AKD486,白色,长运驾校,顺一驾驶培训学校,2014/11/17 0:00,2010/7/5 0:00,海马牌,雅阁牌,364596000000000000 ,366564000000000000 ,198802,199105,9,6,4,周末,早高峰(7-9点),2015-04-12,2015年4月12日,晴 /多云,21℃ / 7℃,东风 ≤3级 /东风 ≤3级,晴,多云,21,7,东风,≤3级,东风,≤3级,day
2015-03-28 13:00:00,南站,1、追尾的,负全部责任,不负责任,1,贵A9426Z,白色,1,贵AKP597,白色,（白云区）消防驾驶培训学校,-1,2010/4/6 0:00,-1,梅赛德斯-奔驰牌,金杯牌,366067000000000000 ,366068000000000000 ,198404,199103,13,5,3,工作日,非高峰,2015-03-28,2015年3月28日,阵雨 /雷阵雨,17℃ / 14℃,南风 ≤3级 /南风 ≤3级,阵雨,雷阵雨,17,14,南风,≤3级,南风,≤3级,day
2015-03-21 14:00:00,富源北路,9、不符合前8款规定或者双方同时具有上述情形的,负同等责任,负同等责任,1,贵A5316A,白色,1,贵A80235,白色,（乌当区）新天驾驶培训有限公司,（乌当区）新天驾驶培训有限公司,2006/7/27 0:00,-1,北京现代牌,长安,364556000000000000 ,366375000000000000 ,198712,198007,14,5,3,工作日,非高峰,2015-03-21,2015年3月21日,阴 /阴,16℃ / 11℃,东北风 ≤3级 /东南风 ≤3级,阴,阴,16,11,东北风,≤3级,东南风,≤3级,day
2015-04-11 11:00:00,龙洞堡大道,7、未按规定让行的 ,负全部责任,不负责任,1,贵A3CE75,白色,1,贵AAE674,白色,未定义,路路达驾校,2013/10/30 0:00,2001/8/10 0:00,长安牌,金典牌,364596000000000000 ,364548000000000000 ,198909,198209,11,5,4,工作日,非高峰,2015-04-11,2015年4月11日,多云 /多云,15℃ / 9℃,东北风 ≤3级 /东风 ≤3级,多云,多云,15,9,东北风,≤3级,东风,≤3级,day
2015-03-28 17:30:00,客车站,7、未按规定让行的 ,负全部责任,不负责任,1,贵AA379L,黑,1,贵ACB989,黑,（南明区）长运驾驶培训有限公司,-1,2005/2/2 0:00,-1,长安牌,中华牌,364596000000000000 ,366267000000000000 ,198501,199105,17,5,3,工作日,晚高峰(17-19点),2015-03-28,2015年3月28日,阵雨 /雷阵雨,17℃ / 14℃,南风 ≤3级 /南风 ≤3级,阵雨,雷阵雨,17,14,南风,≤3级,南风,≤3级,day
2015-03-29 10:45:00,白云区,3、倒车的,负全部责任,不负责任,1,贵ART299,银,1,贵A475F1,白,消防驾校,-1,2012/3/1 0:00,-1,解放牌,江淮牌,364558000000000000 ,354664000000000000 ,197402,197310,10,6,3,周末,非高峰,2015-03-29,2015年3月29日,阴 /多云,18℃ / 15℃,东风 ≤3级 /南风 ≤3级,阴,多云,18,15,东风,≤3级,南风,≤3级,day
2015-03-27 20:30:00,会展城,9、不符合前8款规定或者双方同时具有上述情形的,负同等责任,负同等责任,1,贵AUR154,红,1,贵AUA298,白,（乌当区）新天驾驶培训有限公司,自培,2005/1/14 0:00,2009/9/30 0:00,长安,吉利美日牌,366061000000000000 ,364567000000000000 ,196511,198405,20,4,3,工作日,非高峰,2015-03-27,2015年3月27日,阵雨 /阵雨,18℃ / 13℃,南风 ≤3级 /南风 ≤3级,阵雨,阵雨,18,13,南风,≤3级,南风,≤3级,night
2015-03-29 10:10:00,小河,7、未按规定让行的 ,负全部责任,不负责任,1,贵AFV324,白色,1,贵A42C23,白色,（南明区）阳光驾驶培训有限公司,铁二局驾校,2005/9/6 0:00,2011/11/23 0:00,吉利牌,雪佛兰牌,366769000000000000 ,366568000000000000 ,197304,198012,10,6,3,周末,非高峰,2015-03-29,2015年3月29日,阴 /多云,18℃ / 15℃,东风 ≤3级 /南风 ≤3级,阴,多云,18,15,东风,≤3级,南风,≤3级,day
2015-04-04 18:03:00,宏泰物流,3、倒车的,负全部责任,不负责任,1,贵A574F9,银,1,云AY549W,银,自培,-1,2012/6/25 0:00,-1,五菱牌,五菱牌,366670000000000000 ,726347000000000000 ,196611,199012,18,5,4,工作日,晚高峰(17-19点),2015-04-04,2015年4月4日,多云 /多云,29℃ / 18℃,南风 ≤3级 /南风 ≤3级,多云,多云,29,18,南风,≤3级,南风,≤3级,day
2015-03-29 11:30:00,轮胎厂,3、倒车的,负全部责任,不负责任,1,贵A57M22,白,1,贵ADB029,白,贵州现代驾驶培训责任有限公司,新天驾校,2012/4/20 0:00,2012/11/16 0:00,东风标致牌,金旅牌,364548000000000000 ,366068000000000000 ,198710,198601,11,6,3,周末,非高峰,2015-03-29,2015年3月29日,阴 /多云,18℃ / 15℃,东风 ≤3级 /南风 ≤3级,阴,多云,18,15,东风,≤3级,南风,≤3级,day
2015-04-13 08:30:00,小河平桥,7、未按规定让行的 ,负全部责任,不负责任,1,贵AVC611,白色,1,贵AMN771,白色,贵州省黔东南州宏达驾驶学校,鑫鑫驾校,-1,2008/5/15 0:00,思威牌,奇瑞牌,366064000000000000 ,366567000000000000 ,197706,198210,8,0,4,工作日,早高峰(7-9点),2015-04-13,2015年4月13日,晴 /多云,23℃ / 8℃,东北风 ≤3级 /东北风 ≤3级,晴,多云,23,8,东北风,≤3级,东北风,≤3级,day
2015-03-22 09:25:00,五里冲,1、追尾的,负全部责任,不负责任,1,贵AU5076,绿,1,贵AA585L,红,（南明区）铁二局驾驶培训有限公司,-1,2006/9/13 0:00,-1,钱江牌,菲亚特,366067000000000000 ,366575000000000000 ,197905,199108,9,6,3,周末,早高峰(7-9点),2015-03-22,2015年3月22日,阵雨 /阵雨,19℃ / 10℃,东南风 ≤3级 /东风 ≤3级,阵雨,阵雨,19,10,东南风,≤3级,东风,≤3级,day
2015-03-29 10:10:00,北京东路,8、依法应负全责的其他情形,负全部责任,不负责任,1,粤BF7325,白,0,贵A38M49,白,新天驾校,金大驾校,2006/5/9 0:00,2012/11/26 0:00,无,起亚牌,366367000000000000 ,366875000000000000 ,196703,198410,10,6,3,周末,非高峰,2015-03-29,2015年3月29日,阴 /多云,18℃ / 15℃,东风 ≤3级 /南风 ≤3级,阴,多云,18,15,东风,≤3级,南风,≤3级,day
2015-04-05 19:30:00,人民广场,3、倒车的,负全部责任,不负责任,1,贵A54L39,白色,1,贵A5BN36,白色,顺一驾驶培训学校,时法驾校,2010/12/31 0:00,2006/11/14 0:00,宝骏牌,东风标致牌,366577000000000000 ,364646000000000000 ,197905,197811,19,6,4,周末,晚高峰(17-19点),2015-04-05,2015年4月5日,阴 /阵雨,30℃ / 12℃,南风 ≤3级 /东北风 ≤3级,阴,阵雨,30,12,南风,≤3级,东北风,≤3级,day
2015-03-14 16:10:00,沙坡,9、不符合前8款规定或者双方同时具有上述情形的,负同等责任,负同等责任,1,贵A862F2,白,1,贵AF4655,银,安顺市开发区千合机动车培训学校,安顺市开发区千合机动车培训学校,2010/8/4 0:00,2014/9/12 0:00,解放牌,菲亚特,364066000000000000 ,364558000000000000 ,198601,199502,16,5,3,工作日,非高峰,2015-03-14,2015年3月14日,阴 /阴,17℃ / 12℃,南风 ≤3级 /东南风 ≤3级,阴,阴,17,12,南风,≤3级,东南风,≤3级,day
2015-03-21 18:51:00,小河,7、未按规定让行的 ,负全部责任,不负责任,1,贵A4725T,蓝,1,贵JDM629,黑,市交校,-1,2014/12/3 0:00,-1,福特牌,北京牌,366670000000000000 ,366870000000000000 ,198204,198508,18,5,3,工作日,晚高峰(17-19点),2015-03-21,2015年3月21日,阴 /阴,16℃ / 11℃,东北风 ≤3级 /东南风 ≤3级,阴,阴,16,11,东北风,≤3级,东南风,≤3级,day
2015-04-04 20:17:00,八匹马,7、未按规定让行的 ,负全部责任,不负责任,1,贵A67K58,白,0,贵GY1737,红,省交校,-1,2012/9/28 0:00,-1,丰田牌,缤智牌,364548000000000000 ,366067000000000000 ,198711,198210,20,5,4,工作日,非高峰,2015-04-04,2015年4月4日,多云 /多云,29℃ / 18℃,南风 ≤3级 /南风 ≤3级,多云,多云,29,18,南风,≤3级,南风,≤3级,night
2015-04-12 11:00:00,二手车市场,7、未按规定让行的 ,负全部责任,不负责任,1,贵ARR849,白,1,贵AC750A,白,（白云区）景宏驾驶培训有限公司,吉源驾校（南明区）,2008/11/14 0:00,2015/4/2 0:00,五菱牌,比亚迪牌,364558000000000000 ,355468000000000000 ,196709,198601,11,6,4,周末,非高峰,2015-04-12,2015年4月12日,晴 /多云,21℃ / 7℃,东风 ≤3级 /东风 ≤3级,晴,多云,21,7,东风,≤3级,东风,≤3级,day
2015-03-22 12:40:00,云潭南路,7、未按规定让行的 ,负全部责任,不负责任,1,贵A3576Y,银,1,贵H552E8,银,江口县南江汽车驾驶培训有限公司,新天驾校,-1,2010/5/17 0:00,东风雪铁龙牌,-1,364648000000000000 ,76366500000000000 ,198010,198910,12,6,3,周末,非高峰,2015-03-22,2015年3月22日,阵雨 /阵雨,19℃ / 10℃,东南风 ≤3级 /东风 ≤3级,阵雨,阵雨,19,10,东南风,≤3级,东风,≤3级,day
2015-04-06 14:00:00,云潭南路,7、未按规定让行的 ,负全部责任,不负责任,0,贵CLJ203,黑,1,贵APH369,蓝,惠水县好花红驾驶培训有限责任公司,吉源驾校,-1,2014/8/13 0:00,谛艾仕牌,夏利牌,366568000000000000 ,364548000000000000 ,199005,196610,14,0,4,工作日,非高峰,2015-04-06,2015年4月6日,阵雨 /阵雨,17℃ / 7℃,东北风 ≤3级 /东北风 ≤3级,阵雨,阵雨,17,7,东北风,≤3级,东北风,≤3级,day
2015-04-12 14:00:00,五里冲,9、不符合前8款规定或者双方同时具有上述情形的,负同等责任,负同等责任,1,贵A71F61,银,1,贵A71F61,银,全林驾校,全林驾校,2012/12/21 0:00,2002/6/24 0:00,福克斯牌,福克斯牌,366568000000000000 ,36454651854255705X,198212,197106,14,6,4,周末,非高峰,2015-04-12,2015年4月12日,晴 /多云,21℃ / 7℃,东风 ≤3级 /东风 ≤3级,晴,多云,21,7,东风,≤3级,东风,≤3级,day
2015-03-30 09:50:00,新添大道,7、未按规定让行的 ,负全部责任,不负责任,1,贵A52E58,白色,1,贵AU8954,白色,市警校驾校,520129,2010/9/27 0:00,2008/11/7 0:00,大众汽车牌,瑞麒牌,364547000000000000 ,364547000000000000 ,198108,197108,9,0,3,工作日,早高峰(7-9点),2015-03-30,2015年3月30日,晴 /多云,24℃ / 17℃,南风 ≤3级 /南风 ≤3级,晴,多云,24,17,南风,≤3级,南风,≤3级,day
2015-04-12 19:30:00,新添寨,7、未按规定让行的 ,负全部责任,不负责任,1,贵A24V44,黑,1,贵AU2105,银,文通驾校,新华驾校,2012/6/20 0:00,2012/1/10 0:00,传祺牌,瑞麒牌,36636051964040745X,364557000000000000 ,198204,197812,19,6,4,周末,晚高峰(17-19点),2015-04-12,2015年4月12日,晴 /多云,21℃ / 7℃,东风 ≤3级 /东风 ≤3级,晴,多云,21,7,东风,≤3级,东风,≤3级,day
2015-03-30 10:00:00,西南环线,7、未按规定让行的 ,负全部责任,不负责任,1,浙G781GX,白色,1,贵AFP795,白色,吉源驾校,岳池驾校,2014/3/10 0:00,2007/3/6 0:00,起亚牌,长安牌,774861000000000000 ,355266000000000000 ,197102,198610,10,0,3,工作日,非高峰,2015-03-30,2015年3月30日,晴 /多云,24℃ / 17℃,南风 ≤3级 /南风 ≤3级,晴,多云,24,17,南风,≤3级,南风,≤3级,day
2015-03-22 17:20:00,和尚坡,3、倒车的,负全部责任,不负责任,1,贵A9330F,红,0,贵A893U,白,吉源驾校,520116,2014/11/3 0:00,2008/5/5 0:00,雪佛兰牌,-1,364556000000000000 ,366067000000000000 ,199410,198204,17,6,3,周末,晚高峰(17-19点),2015-03-22,2015年3月22日,阵雨 /阵雨,19℃ / 10℃,东南风 ≤3级 /东风 ≤3级,阵雨,阵雨,19,10,东南风,≤3级,东风,≤3级,day
2015-03-29 13:10:00,市西高架,7、未按规定让行的 ,负全部责任,不负责任,1,贵AHL879,银,1,贵AU6044,绿,（乌当区）新华驾驶培训有限公司,自培,2007/11/1 0:00,2006/11/29 0:00,吉利牌,宇通牌,366567000000000000 ,364547000000000000 ,197504,198807,13,6,3,周末,非高峰,2015-03-29,2015年3月29日,阴 /多云,18℃ / 15℃,东风 ≤3级 /南风 ≤3级,阴,多云,18,15,东风,≤3级,南风,≤3级,day
2015-03-22 03:35:00,航天大道,1、追尾的,负全部责任,不负责任,1,贵A97331,红,1,贵ASY788,黑,新华驾校,自培,2012/7/11 0:00,2006/3/1 0:00,嘉陵牌,思域牌,364557000000000000 ,364558000000000000 ,199011,195408,3,6,3,周末,非高峰,2015-03-22,2015年3月22日,阵雨 /阵雨,19℃ / 10℃,东南风 ≤3级 /东风 ≤3级,阵雨,阵雨,19,10,东南风,≤3级,东风,≤3级,night
2015-03-29 14:14:00,大营坡,7、未按规定让行的 ,负全部责任,不负责任,1,贵AKQ685,红,1,贵A4BN31,黄,（乌当区）新天驾驶培训有限公司,自培,2005/7/20 0:00,2003/5/27 0:00,别克牌,翼虎牌,366246000000000000 ,364548000000000000 ,197509,196602,14,6,3,周末,非高峰,2015-03-29,2015年3月29日,阴 /多云,18℃ / 15℃,东风 ≤3级 /南风 ≤3级,阴,多云,18,15,东风,≤3级,南风,≤3级,day
2015-04-13 07:45:00,人民医院,7、未按规定让行的 ,负全部责任,不负责任,0,贵AHD996,银,1,贵AU0312,蓝,市警校驾校,自培,2012/4/6 0:00,2001/1/22 0:00,长安牌,钱江,36454651155555400X,366064000000000000 ,199111,197510,7,0,4,工作日,早高峰(7-9点),2015-04-13,2015年4月13日,晴 /多云,23℃ / 8℃,东北风 ≤3级 /东北风 ≤3级,晴,多云,23,8,东北风,≤3级,东北风,≤3级,day
2015-04-12 18:30:00,中天花园,1、追尾的,负全部责任,不负责任,1,贵AA812C,白色,1,贵AAM754,白色,贵州省长安驾驶培训学校,-1,2014/10/29 0:00,-1,海马牌,重骑牌,364548000000000000 ,364547000000000 ,198906,761212,18,6,4,周末,晚高峰(17-19点),2015-04-12,2015年4月12日,晴 /多云,21℃ / 7℃,东风 ≤3级 /东风 ≤3级,晴,多云,21,7,东风,≤3级,东风,≤3级,day
2015-04-12 23:21:00,新世界,3、倒车的,负全部责任,不负责任,1,贵JDC951,白,1,贵AU878,黄,新华驾校,自培,2015/1/27 0:00,2009/1/19 0:00,传祺牌,-1,74065500000000000 ,366561000000000000 ,198803,198001,23,6,4,周末,非高峰,2015-04-12,2015年4月12日,晴 /多云,21℃ / 7℃,东风 ≤3级 /东风 ≤3级,晴,多云,21,7,东风,≤3级,东风,≤3级,night
2015-03-22 16:30:00,八匹马,1、追尾的,负全部责任,不负责任,1,贵ANX811,黑,1,贵GF9486,银,（南明区）吉源驾驶培训有限公司,-1,2008/12/23 0:00,-1,雷克萨斯,奇瑞牌,364548000000000000 ,366567000000000000 ,198908,197408,16,6,3,周末,非高峰,2015-03-22,2015年3月22日,阵雨 /阵雨,19℃ / 10℃,东南风 ≤3级 /东风 ≤3级,阵雨,阵雨,19,10,东南风,≤3级,东风,≤3级,day
2015-04-12 10:10:00,白云区,1、追尾的,负全部责任,不负责任,1,贵AA432V,银,1,贵AB678Y,银,时发驾校,自培,2014/11/25 0:00,2014/11/19 0:00,比亚迪牌,海马牌,364558000000000000 ,36687551825550768X,197803,197611,10,6,4,周末,非高峰,2015-04-12,2015年4月12日,晴 /多云,21℃ / 7℃,东风 ≤3级 /东风 ≤3级,晴,多云,21,7,东风,≤3级,东风,≤3级,day
2015-03-22 16:15:00,松花隧道,3、倒车的,负全部责任,不负责任,0,贵JDZ259,白,1,贵FF6155,黑,贵阳万里圣驾校,-1,2014/7/29 0:00,-1,飞碟牌,大众牌,364596000000000000 ,366064000000000000 ,198611,198108,16,6,3,周末,非高峰,2015-03-22,2015年3月22日,阵雨 /阵雨,19℃ / 10℃,东南风 ≤3级 /东风 ≤3级,阵雨,阵雨,19,10,东南风,≤3级,东风,≤3级,day
2015-04-06 16:48:00,保利,9、不符合前8款规定或者双方同时具有上述情形的,负同等责任,负同等责任,1,贵A455E3,白,1,贵A7BK88,白,兴仁县江南汽车驾驶培训有限责任公司,-1,2011/9/26 0:00,-1,解放牌,大众汽车牌,366767000000000000 ,366064000000000000 ,198702,197504,16,0,4,工作日,非高峰,2015-04-06,2015年4月6日,阵雨 /阵雨,17℃ / 7℃,东北风 ≤3级 /东北风 ≤3级,阵雨,阵雨,17,7,东北风,≤3级,东北风,≤3级,day
2015-03-31 08:01:00,乌当,7、未按规定让行的 ,负全部责任,不负责任,1,贵AKE732,黑,1,贵AFR799,黑,（乌当区）新天驾驶培训有限公司,自培,2011/3/2 0:00,2002/8/5 0:00,红旗牌,雅阁牌,364557000000000000 ,354669000000000000 ,198710,197509,8,1,3,工作日,早高峰(7-9点),2015-03-31,2015年3月31日,多云 /多云,28℃ / 19℃,南风 ≤3级 /南风 ≤3级,多云,多云,28,19,南风,≤3级,南风,≤3级,day
2015-03-30 14:09:00,乌当,1、追尾的,负全部责任,不负责任,1,贵AJK136,黑,1,贵CHM864,黄,全林驾校,景宏驾校,2012/8/16 0:00,2012/7/2 0:00,比亚迪牌,宝骏牌,364557000000000000 ,366061000000000000 ,198904,198911,14,0,3,工作日,非高峰,2015-03-30,2015年3月30日,晴 /多云,24℃ / 17℃,南风 ≤3级 /南风 ≤3级,晴,多云,24,17,南风,≤3级,南风,≤3级,day