accidenttime,accidentaddr,driver1fault,driver1responsibility,driver2responsibility,sex1,platenumber1,carcolor1,sex2,platenumber2,carcolor2,jxmc1,jxmc2,cclzrq1,cclzrq2,clpp1,clpp2,driver1license,driver2license,brith1,brith2,hour,weekday,month,is_weekday,peak_hour,date,日期,天气状况,气温,风力风向,day_wea,night_wea,day_tep,night_tep,day_wind_direction,day_wind_speed,night_wind_direction,night_wind_speed,segment
2015-04-07 13:30:00,漓江路,7、未按规定让行的 ,负全部责任,不负责任,1,贵ALJ922,白色,1,贵A9CC75,白色,鑫鑫驾校,顺一驾驶培训学校,2012/9/22 0:00,2010/9/8 0:00,别克牌,长安牌,364551000000000000 ,364557000000000000 ,199105,197111,13,1,4,工作日,非高峰,2015-04-07,2015年4月7日,小雨 /小雨,9℃ / 5℃,东北风 ≤3级 /东北风 ≤3级,小雨,小雨,9,5,东北风,≤3级,东北风,≤3级,day
2015-04-07 08:02:00,宾阳大道,7、未按规定让行的 ,负全部责任,不负责任,0,贵AC752M,银,1,贵JAP218,银,诚信驾驶培训学校,-1,2012/6/28 0:00,-1,长安牌,奥迪牌,366364000000000000 ,774266000000000000 ,196904,197412,8,1,4,工作日,早高峰(7-9点),2015-04-07,2015年4月7日,小雨 /小雨,9℃ / 5℃,东北风 ≤3级 /东北风 ≤3级,小雨,小雨,9,5,东北风,≤3级,东北风,≤3级,day
2015-03-16 09:24:00,枣山路,8、依法应负全责的其他情形,负全部责任,不负责任,1,贵AFH186,黑,1,渝A22A86,银,青正驾校,-1,2012/8/21 0:00,-1,长城牌,纳智捷牌,366347000000000000 ,354658000000000000 ,197809,195903,9,0,3,工作日,早高峰(7-9点),2015-03-16,2015年3月16日,阴 /多云,20℃ / 15℃,南风 ≤3级 /南风 ≤3级,阴,多云,20,15,南风,≤3级,南风,≤3级,day
2015-03-30 15:30:00,曹关,1、追尾的,负全部责任,不负责任,1,贵A6082A,银,1,贵A362H1,银,智杰驾校,鑫鑫驾校,2014/8/4 0:00,-1,吉利牌,长安牌,366361000000000000 ,357468000000000000 ,198304,199106,15,0,3,工作日,非高峰,2015-03-30,2015年3月30日,晴 /多云,24℃ / 17℃,南风 ≤3级 /南风 ≤3级,晴,多云,24,17,南风,≤3级,南风,≤3级,day
2015-04-07 09:00:00,小河,8、依法应负全责的其他情形,负全部责任,不负责任,1,贵A53L13,白色,1,贵A8690P,白色,金大驾校,-1,2013/10/10 0:00,-1,丰田牌,长安牌,364556000000000000 ,366068000000000000 ,197708,199010,9,1,4,工作日,早高峰(7-9点),2015-04-07,2015年4月7日,小雨 /小雨,9℃ / 5℃,东北风 ≤3级 /东北风 ≤3级,小雨,小雨,9,5,东北风,≤3级,东北风,≤3级,day
2015-03-31 08:00:00,云岩区如意巷,3、倒车的,负全部责任,不负责任,1,贵AK7075,白色,1,贵GGC962,白色,贵州省长安驾驶培训学校,-1,2011/11/24 0:00,-1,吉利美日牌,五菱牌,364547000000000000 ,66861500000000000 ,198110,197503,8,1,3,工作日,早高峰(7-9点),2015-03-31,2015年3月31日,多云 /多云,28℃ / 19℃,南风 ≤3级 /南风 ≤3级,多云,多云,28,19,南风,≤3级,南风,≤3级,day
2015-03-16 09:30:00,嘉润路,7、未按规定让行的 ,负全部责任,不负责任,1,贵AEY734,白色,1,贵A39R73,白色,（观山湖区）蓝天驾驶培训有限公司,-1,2007/6/18 0:00,-1,一汽佳星牌,夏利牌,364547000000000000 ,366546000000000000 ,198810,197309,9,0,3,工作日,早高峰(7-9点),2015-03-16,2015年3月16日,阴 /多云,20℃ / 15℃,南风 ≤3级 /南风 ≤3级,阴,多云,20,15,南风,≤3级,南风,≤3级,day
2015-04-06 15:00:00,苗圃二号隧道,1、追尾的,负全部责任,不负责任,1,贵A8779V,白色,1,贵GP9261,白色,贵州现代驾驶培训责任有限公司,长运驾校,2013/10/28 0:00,2013/5/31 0:00,金杯牌,双庆牌,366064000000000000 ,364548000000000000 ,198209,198211,15,0,4,工作日,非高峰,2015-04-06,2015年4月6日,阵雨 /阵雨,17℃ / 7℃,东北风 ≤3级 /东北风 ≤3级,阵雨,阵雨,17,7,东北风,≤3级,东北风,≤3级,day
2015-04-07 03:00:00,苗圃二号隧道,1、追尾的,负全部责任,不负责任,1,贵A8779V,白色,1,贵DBK229,白色,贵州现代驾驶培训责任有限公司,-1,2013/10/28 0:00,-1,金杯牌,大众汽车牌,366064000000000000 ,366666000000000000 ,198209,197203,3,1,4,工作日,非高峰,2015-04-07,2015年4月7日,小雨 /小雨,9℃ / 5℃,东北风 ≤3级 /东北风 ≤3级,小雨,小雨,9,5,东北风,≤3级,东北风,≤3级,night
2015-04-12 13:00:00,北京西路,1、追尾的,负全部责任,不负责任,1,贵GX4337,黑,1,贵A3BH25,黑,市警校驾校,十一培,2012/12/31 0:00,1993/10/20 0:00,别克牌,东风牌,734398000000000000 ,364548000000000000 ,198401,197401,13,6,4,周末,非高峰,2015-04-12,2015年4月12日,晴 /多云,21℃ / 7℃,东风 ≤3级 /东风 ≤3级,晴,多云,21,7,东风,≤3级,东风,≤3级,day
2015-03-22 12:30:00,金竹镇,7、未按规定让行的 ,负全部责任,不负责任,1,贵A6G979,白色,1,贵AU1248,白色,吉源驾校,自培,2014/7/14 0:00,2011/5/12 0:00,五菱牌,丰田牌,266269000000000000 ,366367000000000000 ,198807,196806,12,6,3,周末,非高峰,2015-03-22,2015年3月22日,阵雨 /阵雨,19℃ / 10℃,东南风 ≤3级 /东风 ≤3级,阵雨,阵雨,19,10,东南风,≤3级,东风,≤3级,day
2015-03-23 08:50:00,南垭路,3、倒车的,负全部责任,不负责任,1,贵A8BY59,白,1,贵AB0199,黑,（南明区）市交通职业技术驾驶培训学校,自培,2010/9/15 0:00,2007/3/6 0:00,长安牌,别克牌,364556000000000000 ,364547000000000000 ,199101,198801,8,0,3,工作日,早高峰(7-9点),2015-03-23,2015年3月23日,多云 /阴,17℃ / 9℃,东北风 ≤3级 /东北风 ≤3级,多云,阴,17,9,东北风,≤3级,东北风,≤3级,day
2015-03-23 11:11:00,头桥,7、未按规定让行的 ,负全部责任,不负责任,1,贵A75G23,蓝,1,贵A26V93,银,智杰驾校,自培,2013/8/21 0:00,2002/5/9 0:00,东风日产牌,奥迪牌,366361000000000000 ,355463000000000000 ,198309,197501,11,0,3,工作日,非高峰,2015-03-23,2015年3月23日,多云 /阴,17℃ / 9℃,东北风 ≤3级 /东北风 ≤3级,多云,阴,17,9,东北风,≤3级,东北风,≤3级,day
2015-03-30 16:00:00,东二环,1、追尾的,负全部责任,不负责任,1,贵APA471,白色,1,贵AV5852,灰色,毕节地区黔中汽车(摩托车)驾驶培训学校,-1,2011/1/7 0:00,-1,福田牌,长安牌,366068000000000000 ,364547000000000000 ,199202,199305,16,0,3,工作日,非高峰,2015-03-30,2015年3月30日,晴 /多云,24℃ / 17℃,南风 ≤3级 /南风 ≤3级,晴,多云,24,17,南风,≤3级,南风,≤3级,day
2015-03-31 08:35:00,二浦,7、未按规定让行的 ,负同等责任,负同等责任,0,贵AYM898,白,1,川XBE849,黑,景宏驾校,景宏驾校,2012/5/17 0:00,2014/7/17 0:00,神龙富康,江淮牌 ,364547000000000000 ,356164000000000000 ,198501,197310,8,1,3,工作日,早高峰(7-9点),2015-03-31,2015年3月31日,多云 /多云,28℃ / 19℃,南风 ≤3级 /南风 ≤3级,多云,多云,28,19,南风,≤3级,南风,≤3级,day
2015-03-23 17:22:00,北京路,9、不符合前8款规定或者双方同时具有上述情形的,负同等责任,负同等责任,1,贵A87H72,白,1,贵AEW184,白,（花溪区）高新十七驾驶培训有限公司,（花溪区）高新十七驾驶培训有限公司,2004/12/9 0:00,2009/6/25 0:00,福克斯牌,别克牌,366367000000000000 ,36454751995654765X,196701,198812,17,0,3,工作日,晚高峰(17-19点),2015-03-23,2015年3月23日,多云 /阴,17℃ / 9℃,东北风 ≤3级 /东北风 ≤3级,多云,阴,17,9,东北风,≤3级,东北风,≤3级,day
2015-04-08 07:30:00,花溪,7、未按规定让行的 ,负全部责任,不负责任,1,贵FS7376,白色,1,贵AGX391,白色,凯信驾校,贵大驾校,2014/4/23 0:00,2011/6/27 0:00,五菱牌,名爵牌,366064000000000000 ,364566000000000000 ,197405,198703,7,2,4,工作日,早高峰(7-9点),2015-04-08,2015年4月8日,小雨 /小雨,10℃ / 6℃,东北风 ≤3级 /东北风 ≤3级,小雨,小雨,10,6,东北风,≤3级,东北风,≤3级,day
2015-03-31 12:00:00,新华路,7、未按规定让行的 ,负全部责任,不负责任,1,贵A75Z45,白色,1,贵ATA205,白色,铁二局驾校,市交校,2014/6/3 0:00,2012/8/15 0:00,金旅牌,夏利牌,366067000000000000 ,354549000000000000 ,199511,197512,12,1,3,工作日,非高峰,2015-03-31,2015年3月31日,多云 /多云,28℃ / 19℃,南风 ≤3级 /南风 ≤3级,多云,多云,28,19,南风,≤3级,南风,≤3级,day
2015-03-31 10:00:00,大凹,9、不符合前8款规定或者双方同时具有上述情形的,负同等责任,负同等责任,1,贵A4516K,白,1,贵A006E8,白,自培,（南明区）阳光驾驶培训有限公司,2012/3/30 0:00,2011/6/28 0:00,雪佛兰牌,解放牌,355741000000000000 ,364648000000000000 ,198303,198203,10,1,3,工作日,非高峰,2015-03-31,2015年3月31日,多云 /多云,28℃ / 19℃,南风 ≤3级 /南风 ≤3级,多云,多云,28,19,南风,≤3级,南风,≤3级,day
2015-04-07 18:49:00,苗圃,1、追尾的,负全部责任,不负责任,0,贵A81P67,黑,1,贵A179G9,银,消防驾校,大方县龙飞汽车(摩托车)驾驶培训学校,2012/1/11 0:00,-1,轩逸牌,五菱牌,364548000000000000 ,355468000000000000 ,199012,197208,18,1,4,工作日,晚高峰(17-19点),2015-04-07,2015年4月7日,小雨 /小雨,9℃ / 5℃,东北风 ≤3级 /东北风 ≤3级,小雨,小雨,9,5,东北风,≤3级,东北风,≤3级,day
2015-03-23 21:00:00,五里冲,7、未按规定让行的 ,负全部责任,不负责任,1,贵A9569B,银,1,贵A27474,银,长运驾校,大方县银春汽车驾驶培训学校,2012/3/16 0:00,2000/11/20 0:00,大众汽车牌,三一牌,364548000000000000 ,674666000000000000 ,198401,198205,21,0,3,工作日,非高峰,2015-03-23,2015年3月23日,多云 /阴,17℃ / 9℃,东北风 ≤3级 /东北风 ≤3级,多云,阴,17,9,东北风,≤3级,东北风,≤3级,night
2015-03-16 17:20:00,蟠桃宫,3、倒车的,负全部责任,不负责任,1,贵AV3094,白色,1,贵A2473Z,白色,鑫鑫驾校,-1,2014/11/5 0:00,-1,巨能牌,福克斯牌,4967520000000000 ,366546000000000000 ,197810,196409,17,0,3,工作日,晚高峰(17-19点),2015-03-16,2015年3月16日,阴 /多云,20℃ / 15℃,南风 ≤3级 /南风 ≤3级,阴,多云,20,15,南风,≤3级,南风,≤3级,day
2015-04-07 15:30:00,白云区,1、追尾的,负全部责任,不负责任,0,贵AC587F,白,0,贵ARL503,银,青正驾校,时发驾校,2013/6/18 0:00,2014/2/19 0:00,纳智捷牌,一汽佳星牌,364558000000000000 ,364558000000000000 ,199302,198411,15,1,4,工作日,非高峰,2015-04-07,2015年4月7日,小雨 /小雨,9℃ / 5℃,东北风 ≤3级 /东北风 ≤3级,小雨,小雨,9,5,东北风,≤3级,东北风,≤3级,day
2015-04-08 08:00:00,凤凰山,8、依法应负全责的其他情形,负全部责任,不负责任,1,贵A5AN34,白色,1,贵GK9355,白色,高新驾校,-1,2013/12/4 0:00,-1,雷克萨斯,雪佛兰牌,366069000000000000 ,364647000000000000 ,196801,198904,8,2,4,工作日,早高峰(7-9点),2015-04-08,2015年4月8日,小雨 /小雨,10℃ / 6℃,东北风 ≤3级 /东北风 ≤3级,小雨,小雨,10,6,东北风,≤3级,东北风,≤3级,day
2015-03-20 15:00:00,白云南路,1、追尾的,负全部责任,不负责任,1,贵J04968,银,1,贵A50556,银,路路达驾校,新天驾校,2014/7/19 0:00,2014/5/7 0:00,嘉陵,南方,366875000000000000 ,364557000000000000 ,199208,199206,15,4,3,工作日,非高峰,2015-03-20,2015年3月20日,阴 /阵雨,14℃ / 10℃,东北风 ≤3级 /东北风 ≤3级,阴,阵雨,14,10,东北风,≤3级,东北风,≤3级,day
2015-03-31 12:00:00,白云区,2、逆行的,负全部责任,不负责任,1,贵J0496,银,1,贵GT7006,黑,路路达驾校,人武驾校,2014/7/19 0:00,2012/8/1 0:00,-1,福克斯牌,366875000000000000 ,366067000000000000 ,199208,199206,12,1,3,工作日,非高峰,2015-03-31,2015年3月31日,多云 /多云,28℃ / 19℃,南风 ≤3级 /南风 ≤3级,多云,多云,28,19,南风,≤3级,南风,≤3级,day
2015-04-08 08:15:00,乌当,7、未按规定让行的 ,负全部责任,不负责任,1,川EX3137,黑,1,贵A51665,银,阳光驾校,新华驾校,2012/10/18 0:00,2014/7/16 0:00,起亚牌,长安,354366000000000000 ,364557000000000000 ,196609,199001,8,2,4,工作日,早高峰(7-9点),2015-04-08,2015年4月8日,小雨 /小雨,10℃ / 6℃,东北风 ≤3级 /东北风 ≤3级,小雨,小雨,10,6,东北风,≤3级,东北风,≤3级,day
2015-03-31 11:30:00,大西门,3、倒车的,负全部责任,不负责任,1,贵A9BM83,白色,1,贵GX9590,白色,长运驾校,消防驾校,2014/3/18 0:00,2012/3/31 0:00,骏派牌,宝马,364556000000000000 ,76366500000000000 ,198612,197801,11,1,3,工作日,非高峰,2015-03-31,2015年3月31日,多云 /多云,28℃ / 19℃,南风 ≤3级 /南风 ≤3级,多云,多云,28,19,南风,≤3级,南风,≤3级,day
2015-03-23 14:30:00,沙冲北路,1、追尾的,负全部责任,不负责任,1,贵A73B71,白色,1,贵GP0101,白色,市交通职业学校驾校（南明区）,长运驾校,2012/8/14 0:00,2012/12/21 0:00,雪佛兰牌,翼搏牌,364547000000000000 ,364547000000000000 ,199204,196711,14,0,3,工作日,非高峰,2015-03-23,2015年3月23日,多云 /阴,17℃ / 9℃,东北风 ≤3级 /东北风 ≤3级,多云,阴,17,9,东北风,≤3级,东北风,≤3级,day
2015-03-16 22:22:00,枣山路,8、依法应负全责的其他情形,负全部责任,不负责任,1,贵A83H37,银,1,贵A45G22,蓝,吉源驾校,公交公司驾校,2013/2/28 0:00,2005/4/6 0:00,北京牌,飞度牌,366347000000000000 ,364548000000000000 ,197504,198302,22,0,3,工作日,非高峰,2015-03-16,2015年3月16日,阴 /多云,20℃ / 15℃,南风 ≤3级 /南风 ≤3级,阴,多云,20,15,南风,≤3级,南风,≤3级,night
2015-03-24 12:00:00,安云路,8、依法应负全责的其他情形,负全部责任,不负责任,1,贵CLX176,红,1,贵AHW221,黑,仁怀市顺通汽车驾驶培训学校有限公司,自培,-1,2010/2/24 0:00,东风牌,发现,366566000000000000 ,364557000000000000 ,198710,198904,12,1,3,工作日,非高峰,2015-03-24,2015年3月24日,小雨 /阵雨,13℃ / 7℃,东北风 ≤3级 /东北风 ≤3级,小雨,阵雨,13,7,东北风,≤3级,东北风,≤3级,day
2015-03-17 15:30:00,金朱东路,8、依法应负全责的其他情形,负全部责任,不负责任,1,贵A988228,红,1,贵A9812M,黑,（南明区）吉源驾驶培训有限公司,路路达驾校,2008/10/31 0:00,2013/4/27 0:00,-1,大众汽车牌,364596000000000000 ,366561000000000000 ,198605,198109,15,1,3,工作日,非高峰,2015-03-17,2015年3月17日,多云 /多云,25℃ / 14℃,南风 ≤3级 /南风 ≤3级,多云,多云,25,14,南风,≤3级,南风,≤3级,day
2015-04-08 15:30:00,次南门,7、未按规定让行的 ,负全部责任,不负责任,1,贵AV2399,黑色,1,贵ATY436,白色,贵州省黔东南州宏达驾驶学校,贵州平安驾驶培训学校,2010/12/3 0:00,2011/11/23 0:00,帕萨特牌,雪佛兰牌,364557000000000000 ,364547000000000000 ,197002,197203,15,2,4,工作日,非高峰,2015-04-08,2015年4月8日,小雨 /小雨,10℃ / 6℃,东北风 ≤3级 /东北风 ≤3级,小雨,小雨,10,6,东北风,≤3级,东北风,≤3级,day
2015-04-08 18:00:00,花溪,7、未按规定让行的 ,负全部责任,不负责任,1,贵A556C5,白色,1,贵A0994S,白色,（南明区）铁二局驾驶培训有限公司,自培,2007/11/14 0:00,-1,解放牌,五菱牌,366663000000000000 ,364556000000000000 ,197510,197505,18,2,4,工作日,晚高峰(17-19点),2015-04-08,2015年4月8日,小雨 /小雨,10℃ / 6℃,东北风 ≤3级 /东北风 ≤3级,小雨,小雨,10,6,东北风,≤3级,东北风,≤3级,day
2015-03-17 16:25:00,云潭南路,1、追尾的,负全部责任,不负责任,1,贵A25896,红,1,贵A37F86,红,（南明区）金大驾驶培训有限公司,鑫鑫驾校,2005/9/6 0:00,2012/12/20 0:00,凌肯,东风雪铁龙牌,366367000000000000 ,364548000000000000 ,196901,199002,16,1,3,工作日,非高峰,2015-03-17,2015年3月17日,多云 /多云,25℃ / 14℃,南风 ≤3级 /南风 ≤3级,多云,多云,25,14,南风,≤3级,南风,≤3级,day
2015-03-31 16:00:00,金阳北路,1、追尾的,负全部责任,不负责任,1,贵A93513,银,1,贵AMS781,蓝,文通驾校,路路达驾校,2012/2/8 0:00,2013/11/20 0:00,南方,威志牌,366663000000000000 ,366361000000000000 ,198909,197512,16,1,3,工作日,非高峰,2015-03-31,2015年3月31日,多云 /多云,28℃ / 19℃,南风 ≤3级 /南风 ≤3级,多云,多云,28,19,南风,≤3级,南风,≤3级,day
2015-03-17 17:00:00,乌当,6、违反交通信号的,负全部责任,不负责任,0,贵A75M67,红,1,贵AU3761,黄,全林驾校,绥阳,2015/1/14 0:00,2004/12/10 0:00,马自达牌,宝来牌,364547000000000000 ,366568000000000000 ,198803,198507,17,1,3,工作日,晚高峰(17-19点),2015-03-17,2015年3月17日,多云 /多云,25℃ / 14℃,南风 ≤3级 /南风 ≤3级,多云,多云,25,14,南风,≤3级,南风,≤3级,day
2015-04-01 12:47:00,花溪,3、倒车的,负全部责任,不负责任,1,贵A3P663,白色,1,贵A89175,白色,（经开区）十一驾驶培训有限公司,贵州省仁怀市酒都汽车驾驶培训有限公司,2008/4/7 0:00,-1,-1,解放牌,366367000000000000 ,366862000000000000 ,196811,197911,12,2,4,工作日,非高峰,2015-04-01,2015年4月1日,多云 /多云,29℃ / 19℃,南风 ≤3级 /南风 ≤3级,多云,多云,29,19,南风,≤3级,南风,≤3级,day
2015-03-17 10:20:00,白云区,7、未按规定让行的 ,负全部责任,不负责任,1,贵APM886,黄,1,贵AMK647,黄,新天驾校,时发驾校,2011/10/28 0:00,2014/2/21 0:00,一汽佳星牌,长安牌,364557000000000000 ,364558000000000000 ,197208,197310,10,1,3,工作日,非高峰,2015-03-17,2015年3月17日,多云 /多云,25℃ / 14℃,南风 ≤3级 /南风 ≤3级,多云,多云,25,14,南风,≤3级,南风,≤3级,day
2015-04-08 08:00:00,惠农巷,7、未按规定让行的 ,负全部责任,不负责任,1,贵A36W91,白色,1,贵AH1541,黑色,（乌当区）新天驾驶培训有限公司,自培,2008/10/30 0:00,2004/12/16 0:00,大众汽车牌,银钢牌,366346000000000000 ,364547000000000000 ,198310,197006,8,2,4,工作日,早高峰(7-9点),2015-04-08,2015年4月8日,小雨 /小雨,10℃ / 6℃,东北风 ≤3级 /东北风 ≤3级,小雨,小雨,10,6,东北风,≤3级,东北风,≤3级,day
2015-04-08 12:10:00,白云路,7、未按规定让行的 ,负全部责任,不负责任,1,贵A6352J,蓝,1,贵A209C3,白,顺一驾驶培训学校,新天驾校,2012/6/18 0:00,2010/7/21 0:00,中华牌,江淮牌,364558000000000000 ,366068000000000000 ,198312,197410,12,2,4,工作日,非高峰,2015-04-08,2015年4月8日,小雨 /小雨,10℃ / 6℃,东北风 ≤3级 /东北风 ≤3级,小雨,小雨,10,6,东北风,≤3级,东北风,≤3级,day
2015-04-08 12:30:00, 百云,1、追尾的,负全部责任,不负责任,1,贵A867A9,红,1,贵AKF311,黑,绥阳县汽车驾驶培训学校,-1,2013/10/10 0:00,-1,田野牌,雅阁牌,36455751265458695X,356666000000000000 ,196210,196208,12,2,4,工作日,非高峰,2015-04-08,2015年4月8日,小雨 /小雨,10℃ / 6℃,东北风 ≤3级 /东北风 ≤3级,小雨,小雨,10,6,东北风,≤3级,东北风,≤3级,day
2015-04-08 21:20:00,东山,1、追尾的,负全部责任,不负责任,1,贵GR8092,红,1,贵AU1592,绿,贵州现代驾驶培训责任有限公司,贵大佳德驾驶培训学校,2013/7/2 0:00,2010/8/12 0:00,福特牌,捷达牌,364548000000000000 ,364566000000000000 ,199008,199201,21,2,4,工作日,非高峰,2015-04-08,2015年4月8日,小雨 /小雨,10℃ / 6℃,东北风 ≤3级 /东北风 ≤3级,小雨,小雨,10,6,东北风,≤3级,东北风,≤3级,night
2015-04-01 10:00:00,大营坡,1、追尾的,负全部责任,不负责任,1,贵A691C6,银,0,贵AU0073,蓝,铁二局驾校,预约考试窗口,2012/7/20 0:00,2006/6/15 0:00,长安牌,万达牌,364547000000000000 ,364567000000000000 ,197611,198703,10,2,4,工作日,非高峰,2015-04-01,2015年4月1日,多云 /多云,29℃ / 19℃,南风 ≤3级 /南风 ≤3级,多云,多云,29,19,南风,≤3级,南风,≤3级,day
2015-03-24 11:04:00,花香村,1、追尾的,负全部责任,不负责任,1,贵A025A4,白,0,云ALV697,红,时发驾校,-1,2014/7/19 0:00,-1,东风牌,奇瑞牌,366869000000000000 ,366066000000000 ,199009,197703,11,1,3,工作日,非高峰,2015-03-24,2015年3月24日,小雨 /阵雨,13℃ / 7℃,东北风 ≤3级 /东北风 ≤3级,小雨,阵雨,13,7,东北风,≤3级,东北风,≤3级,day
2015-03-24 11:30:00,花果园,7、未按规定让行的 ,负全部责任,不负责任,1,贵AGE553,银,1,贵AV3586,黑,（乌当区）新天驾驶培训有限公司,-1,2008/1/23 0:00,-1,五菱牌,大众汽车牌,354675000000000000 ,364544000000 ,197205,98067,11,1,3,工作日,非高峰,2015-03-24,2015年3月24日,小雨 /阵雨,13℃ / 7℃,东北风 ≤3级 /东北风 ≤3级,小雨,阵雨,13,7,东北风,≤3级,东北风,≤3级,day
2015-03-18 07:00:00,轮胎厂,7、未按规定让行的 ,负全部责任,不负责任,0,贵A446D9,银,0,贵GP3555,白,（花溪区）高新十七驾驶培训有限公司,吉源驾校,2006/3/1 0:00,2014/8/27 0:00,江淮牌,翼搏牌,364556000000000000 ,366669000000000000 ,197003,198405,7,2,3,工作日,早高峰(7-9点),2015-03-18,2015年3月18日,多云 /多云,24℃ / 14℃,南风 ≤3级 /南风 ≤3级,多云,多云,24,14,南风,≤3级,南风,≤3级,day
2015-04-09 09:35:00,三桥,7、未按规定让行的 ,负全部责任,不负责任,1,贵A8BV88,银,0,贵A2BN42,红,（南明区）市交通职业技术驾驶培训学校,顺一驾驶培训学校,2010/3/4 0:00,2011/1/21 0:00,丰田牌,别克牌,364548000000000000 ,366046000000000000 ,198904,197607,9,3,4,工作日,早高峰(7-9点),2015-04-09,2015年4月9日,阴 /小雨,11℃ / 7℃,东北风 ≤3级 /东北风 ≤3级,阴,小雨,11,7,东北风,≤3级,东北风,≤3级,day
2015-04-09 09:50:00,北京西路,8、依法应负全责的其他情形,负同等责任,负同等责任,1,贵DBR345,白,1,贵CFW443,白,铁二局驾校,-1,2013/5/22 0:00,-1,雪佛兰牌,北京现代牌,366664000000000000 ,36656600000000000 ,198501,198601,9,3,4,工作日,早高峰(7-9点),2015-04-09,2015年4月9日,阴 /小雨,11℃ / 7℃,东北风 ≤3级 /东北风 ≤3级,阴,小雨,11,7,东北风,≤3级,东北风,≤3级,day
2015-03-18 10:00:00,五里冲,7、未按规定让行的 ,负全部责任,不负责任,1,贵JAA317,银,1,贵A95589,红,顺一驾驶培训学校,-1,2012/5/14 0:00,-1,五菱牌,别克牌,364556000000000000 ,366070000000000000 ,198809,197407,10,2,3,工作日,非高峰,2015-03-18,2015年3月18日,多云 /多云,24℃ / 14℃,南风 ≤3级 /南风 ≤3级,多云,多云,24,14,南风,≤3级,南风,≤3级,day
2015-03-18 08:30:00,新世界,7、未按规定让行的 ,负全部责任,不负责任,0,贵AA860M,蓝,1,贵AKA324,银,消防驾校,-1,2012/9/24 0:00,-1,斯柯达牌,起亚牌,364558000000000000 ,364558000000000000 ,197210,199401,8,2,3,工作日,早高峰(7-9点),2015-03-18,2015年3月18日,多云 /多云,24℃ / 14℃,南风 ≤3级 /南风 ≤3级,多云,多云,24,14,南风,≤3级,南风,≤3级,day
2015-03-25 10:10:00,省医,7、未按规定让行的 ,负全部责任,不负责任,1,贵A7BK76,黑,1,贵A77K18,黑,时发驾校,青正驾校,2012/8/31 0:00,2011/8/11 0:00,缤智牌,东风雪铁龙牌,364547000000000000 ,366347000000000000 ,198610,198109,10,2,3,工作日,非高峰,2015-03-25,2015年3月25日,阴 /阵雨,14℃ / 9℃,东北风 ≤3级 /东北风 ≤3级,阴,阵雨,14,9,东北风,≤3级,东北风,≤3级,day
2015-04-01 20:50:00,西南环线,1、追尾的,负全部责任,不负责任,1,贵A22258,白色,1,贵AFQ523,白色,（南明区）长运驾驶培训有限公司,-1,2005/2/24 0:00,-1,豪泺牌,捷达牌,364557000000000000 ,366364000000000000 ,197609,194207,20,2,4,工作日,非高峰,2015-04-01,2015年4月1日,多云 /多云,29℃ / 19℃,南风 ≤3级 /南风 ≤3级,多云,多云,29,19,南风,≤3级,南风,≤3级,night
2015-04-09 08:00:00,未来方舟,7、未按规定让行的 ,负同等责任,负同等责任,1,贵A92S16,银,1,贵F67086,红,长运驾校,-1,2012/3/29 0:00,-1,奥迪牌,长安,366561000000000000 ,764168000000000000 ,198312,197312,8,3,4,工作日,早高峰(7-9点),2015-04-09,2015年4月9日,阴 /小雨,11℃ / 7℃,东北风 ≤3级 /东北风 ≤3级,阴,小雨,11,7,东北风,≤3级,东北风,≤3级,day
2015-03-23 09:20:00,黄河路,7、未按规定让行的 ,负全部责任,不负责任,1,贵A489E7,白色,1,贵AU6102,白色,（花溪区）高新十七驾驶培训有限公司,惠水县黔岭机动车驾驶培训有限公司,2006/3/1 0:00,2004/5/27 0:00,解放牌,万达牌,364556000000000000 ,36606651854860495X,197003,197107,9,0,3,工作日,早高峰(7-9点),2015-03-23,2015年3月23日,多云 /阴,17℃ / 9℃,东北风 ≤3级 /东北风 ≤3级,多云,阴,17,9,东北风,≤3级,东北风,≤3级,day
2015-04-09 10:30:00,未来方舟,9、不符合前8款规定或者双方同时具有上述情形的,负同等责任,负同等责任,1,贵GC5130,蓝,1,贵GF7848,黑,自培,自培,2012/7/20 0:00,-1,雪佛兰牌,东风牌,355468000000000000 ,734561000000000000 ,198506,197702,10,3,4,工作日,非高峰,2015-04-09,2015年4月9日,阴 /小雨,11℃ / 7℃,东北风 ≤3级 /东北风 ≤3级,阴,小雨,11,7,东北风,≤3级,东北风,≤3级,day
2015-04-09 08:00:00,五里冲,7、未按规定让行的 ,负全部责任,不负责任,1,贵A097C3,白色,1,贵A6246H,白色,吉源驾校,自培,2014/12/16 0:00,2011/9/2 0:00,东风牌,江铃牌,36666151945447695X,364596000000000000 ,198010,198907,8,3,4,工作日,早高峰(7-9点),2015-04-09,2015年4月9日,阴 /小雨,11℃ / 7℃,东北风 ≤3级 /东北风 ≤3级,阴,小雨,11,7,东北风,≤3级,东北风,≤3级,day
2015-04-01 22:00:00,兴义路,8、依法应负全责的其他情形,负全部责任,不负责任,1,贵A96026,红,1,贵GL6732,黑,青正驾校,预约考试窗口,2011/11/2 0:00,2007/2/6 0:00,揽胜,雅阁牌,364596000000000000 ,366577000000000000 ,198608,197911,22,2,4,工作日,非高峰,2015-04-01,2015年4月1日,多云 /多云,29℃ / 19℃,南风 ≤3级 /南风 ≤3级,多云,多云,29,19,南风,≤3级,南风,≤3级,night