accidenttime,accidentaddr,driver1fault,driver1responsibility,driver2responsibility,sex1,platenumber1,carcolor1,sex2,platenumber2,carcolor2,jxmc1,jxmc2,cclzrq1,cclzrq2,clpp1,clpp2,driver1license,driver2license,brith1,brith2,hour,weekday,month,is_weekday,peak_hour,date,日期,天气状况,气温,风力风向,day_wea,night_wea,day_tep,night_tep,day_wind_direction,day_wind_speed,night_wind_direction,night_wind_speed,segment
2015-04-01 20:00:00,金苏大道,3、倒车的,负全部责任,不负责任,1,贵A602F2,蓝,1,贵FN9191,银,（南明区）吉源驾驶培训有限公司,消防驾校,2009/1/7 0:00,2012/2/7 0:00,川路牌,宝骏牌,366664000000000000 ,366068000000000000 ,197211,198603,20,2,4,工作日,非高峰,2015-04-01,2015年4月1日,多云 /多云,29℃ / 19℃,南风 ≤3级 /南风 ≤3级,多云,多云,29,19,南风,≤3级,南风,≤3级,night
2015-04-01 18:00:00,中华北路,3、倒车的,负全部责任,不负责任,1,贵ARN276,银,1,贵DBM193,银,鑫鑫驾校,-1,2012/12/24 0:00,-1,吉利牌,马自达牌,364548000000000000 ,36666551144862565X,196305,199007,18,2,4,工作日,晚高峰(17-19点),2015-04-01,2015年4月1日,多云 /多云,29℃ / 19℃,南风 ≤3级 /南风 ≤3级,多云,多云,29,19,南风,≤3级,南风,≤3级,day
2015-04-08 09:40:00,中山西路,7、未按规定让行的 ,负全部责任,不负责任,1,贵A58S94,白色,1,贵AU7568,白色,市交校,十一培,2014/11/14 0:00,1999/2/8 0:00,思域牌,捷达牌,364551000000000000 ,364547000000000000 ,198708,196410,9,2,4,工作日,早高峰(7-9点),2015-04-08,2015年4月8日,小雨 /小雨,10℃ / 6℃,东北风 ≤3级 /东北风 ≤3级,小雨,小雨,10,6,东北风,≤3级,东北风,≤3级,day
2015-03-17 07:30:00,百花山,8、依法应负全责的其他情形,负全部责任,不负责任,1,贵A1BC62,白,1,贵A14N21,黑,诚信驾驶培训学校,自培,2015/1/23 0:00,2004/3/12 0:00,斯柯达牌,东风日产牌,364548000000000000 ,364548000000000000 ,198201,196911,7,1,3,工作日,早高峰(7-9点),2015-03-17,2015年3月17日,多云 /多云,25℃ / 14℃,南风 ≤3级 /南风 ≤3级,多云,多云,25,14,南风,≤3级,南风,≤3级,day
2015-04-01 10:00:00,栖霞小区,3、倒车的,负全部责任,不负责任,1,贵A0BB71,红,1,贵A91M86,银,新华驾校,自培,2012/9/29 0:00,2005/8/26 0:00,广汽菲亚特牌,东风标致牌,36606751824943247X,366347000000000000 ,197608,198409,10,2,4,工作日,非高峰,2015-04-01,2015年4月1日,多云 /多云,29℃ / 19℃,南风 ≤3级 /南风 ≤3级,多云,多云,29,19,南风,≤3级,南风,≤3级,day
2015-03-17 09:00:00,五里冲,7、未按规定让行的 ,负全部责任,不负责任,1,贵ALN781,银,1,贵GX4211,白,高新驾校,自培,2012/4/27 0:00,2000/12/4 0:00,长安牌,起亚牌,366067000000000000 ,364548000000000000 ,196408,196106,9,1,3,工作日,早高峰(7-9点),2015-03-17,2015年3月17日,多云 /多云,25℃ / 14℃,南风 ≤3级 /南风 ≤3级,多云,多云,25,14,南风,≤3级,南风,≤3级,day
2015-04-01 14:30:00,西二环,1、追尾的,负全部责任,不负责任,1,贵A7536C,银,1,贵AX2778,银,织金县织通驾驶培训学校,自培,2010/9/28 0:00,2000/3/8 0:00,长安牌,长城牌,366064000000000000 ,364548000000000000 ,198711,197203,14,2,4,工作日,非高峰,2015-04-01,2015年4月1日,多云 /多云,29℃ / 19℃,南风 ≤3级 /南风 ≤3级,多云,多云,29,19,南风,≤3级,南风,≤3级,day
2015-04-22 08:10:00,花溪,8、依法应负全责的其他情形,负全部责任,不负责任,1,贵GR1672,白,1,贵A4228L,银,顺风驾校,黔丰驾校,2014/9/19 0:00,2015/1/13 0:00,别克牌,吉利牌,364556000000000000 ,364556000000000000 ,196610,198109,8,2,4,工作日,早高峰(7-9点),2015-04-22,2015年4月22日,小雨 /小雨,15℃ / 10℃,东北风 ≤3级 /东北风 ≤3级,小雨,小雨,15,10,东北风,≤3级,东北风,≤3级,day
2015-04-02 09:40:00,大营坡,7、未按规定让行的 ,负全部责任,不负责任,0,贵GP6506,银,1,贵A2BY76,白,智杰驾校,吉源驾校,2013/6/21 0:00,2014/9/26 0:00,东风雪铁龙牌,雪佛兰牌,764096000000000000 ,366767000000000000 ,197710,198901,9,3,4,工作日,早高峰(7-9点),2015-04-02,2015年4月2日,多云 /多云,30℃ / 18℃,南风 ≤3级 /南风 ≤3级,多云,多云,30,18,南风,≤3级,南风,≤3级,day
2015-03-25 17:00:00,西南环线,7、未按规定让行的 ,负全部责任,不负责任,1,贵AJM518,白色,1,贵A92H27,白色,黔南州兴鑫汽车驾驶培训学校,市警校驾校,-1,2012/7/3 0:00,江铃牌,大众牌,366862000000000000 ,364647000000000000 ,198312,198809,17,2,3,工作日,晚高峰(17-19点),2015-03-25,2015年3月25日,阴 /阵雨,14℃ / 9℃,东北风 ≤3级 /东北风 ≤3级,阴,阵雨,14,9,东北风,≤3级,东北风,≤3级,day
2015-03-25 17:00:00,花溪大道,9、不符合前8款规定或者双方同时具有上述情形的,负同等责任,负同等责任,1,贵A1799X,白色,1,贵AU0390,白色,铁二局驾校,-1,2013/6/7 0:00,-1,斯柯达牌,三雅牌,366567000000000000 ,36454700000000000 ,197908,196001,17,2,3,工作日,晚高峰(17-19点),2015-03-25,2015年3月25日,阴 /阵雨,14℃ / 9℃,东北风 ≤3级 /东北风 ≤3级,阴,阵雨,14,9,东北风,≤3级,东北风,≤3级,day
2015-04-02 09:00:00,三江口,1、追尾的,负全部责任,不负责任,1,贵A851H8,白色,1,贵A5VB29,白色,织金县织通驾驶培训学校,-1,2011/11/30 0:00,-1,江铃牌,-1,366064000000000000 ,36606100000000000 ,198712,197012,9,3,4,工作日,早高峰(7-9点),2015-04-02,2015年4月2日,多云 /多云,30℃ / 18℃,南风 ≤3级 /南风 ≤3级,多云,多云,30,18,南风,≤3级,南风,≤3级,day
2015-03-18 11:30:00,八匹马,9、不符合前8款规定或者双方同时具有上述情形的,负同等责任,负同等责任,1,贵GY1585,黑,0,渝FIU268,黑,（白云区）消防驾驶培训学校,-1,2010/3/23 0:00,-1,奥迪牌,-1,364548000000000000 ,34454551175561240X,199010,199311,11,2,3,工作日,非高峰,2015-03-18,2015年3月18日,多云 /多云,24℃ / 14℃,南风 ≤3级 /南风 ≤3级,多云,多云,24,14,南风,≤3级,南风,≤3级,day
2015-03-25 12:00:00,西二环,1、追尾的,负全部责任,不负责任,1,贵GM3852,黄,1,贵CNG226,银,省交校,-1,2011/10/24 0:00,-1,大众汽车牌,东风牌,366069000000000000 ,355744000000000000 ,198905,198203,12,2,3,工作日,非高峰,2015-03-25,2015年3月25日,阴 /阵雨,14℃ / 9℃,东北风 ≤3级 /东北风 ≤3级,阴,阵雨,14,9,东北风,≤3级,东北风,≤3级,day
2015-04-22 08:00:00,花溪大道,8、依法应负全责的其他情形,负全部责任,不负责任,1,贵A47537,白色,1,贵BW8103,白色,凯信驾校（花溪区）,-1,2015/4/2 0:00,-1,铃木,蒙迪欧牌,364547000000000000 ,366363000000000000 ,198311,199308,8,2,4,工作日,早高峰(7-9点),2015-04-22,2015年4月22日,小雨 /小雨,15℃ / 10℃,东北风 ≤3级 /东北风 ≤3级,小雨,小雨,15,10,东北风,≤3级,东北风,≤3级,day
2015-03-18 20:00:00,五里冲,1、追尾的,负全部责任,不负责任,1,贵AAH218,白,1,贵AM6012,银,文通驾校,预约考试窗口,2011/7/11 0:00,2006/8/24 0:00,富路牌,福田牌,366061000000000000 ,35616751295440488X,198503,196810,20,2,3,工作日,非高峰,2015-03-18,2015年3月18日,多云 /多云,24℃ / 14℃,南风 ≤3级 /南风 ≤3级,多云,多云,24,14,南风,≤3级,南风,≤3级,night
2015-04-02 09:20:00,白云区,3、倒车的,负全部责任,不负责任,1,贵A693H4,黑,1,贵GN3196,银,新华驾校,三门汽校,2015/1/7 0:00,2009/6/15 0:00,王牌牌,比亚迪牌,364568000000000000 ,366864000000000000 ,199509,199010,9,3,4,工作日,早高峰(7-9点),2015-04-02,2015年4月2日,多云 /多云,30℃ / 18℃,南风 ≤3级 /南风 ≤3级,多云,多云,30,18,南风,≤3级,南风,≤3级,day
2015-03-25 11:40:00,解放路,7、未按规定让行的 ,负全部责任,不负责任,1,贵GM8176,银,1,贵A8CA73,白,（乌当区）平安驾驶培训有限公司,-1,2007/9/29 0:00,-1,雷克萨斯,雪佛兰牌,357463000000000000 ,364547000000000000 ,197709,194103,11,2,3,工作日,非高峰,2015-03-25,2015年3月25日,阴 /阵雨,14℃ / 9℃,东北风 ≤3级 /东北风 ≤3级,阴,阵雨,14,9,东北风,≤3级,东北风,≤3级,day
2015-03-25 15:10:00,观山湖一号,3、倒车的,负全部责任,不负责任,0,贵GK2681,白,0,贵GM8343,白,蓝天驾校,-1,2014/12/1 0:00,-1,丰田牌,千里马牌,366261000000000000 ,36454700000000000 ,197403,198900,15,2,3,工作日,非高峰,2015-03-25,2015年3月25日,阴 /阵雨,14℃ / 9℃,东北风 ≤3级 /东北风 ≤3级,阴,阵雨,14,9,东北风,≤3级,东北风,≤3级,day
2015-03-18 12:00:00,金竹镇,1、追尾的,负全部责任,不负责任,1,贵AS0719,白色,1,贵A3891T,白色,高新驾校,-1,2012/2/14 0:00,-1,铃木牌,北京牌,364547000000000000 ,366064000000000000 ,199010,198004,12,2,3,工作日,非高峰,2015-03-18,2015年3月18日,多云 /多云,24℃ / 14℃,南风 ≤3级 /南风 ≤3级,多云,多云,24,14,南风,≤3级,南风,≤3级,day
2015-03-18 12:10:00,金竹镇,1、追尾的,负全部责任,不负责任,1,贵AS0719,白色,1,贵A3891T,白色,高新驾校,-1,2012/2/14 0:00,-1,铃木牌,北京牌,364547000000000000 ,366064000000000000 ,199010,198004,12,2,3,工作日,非高峰,2015-03-18,2015年3月18日,多云 /多云,24℃ / 14℃,南风 ≤3级 /南风 ≤3级,多云,多云,24,14,南风,≤3级,南风,≤3级,day
2015-04-02 09:00:00,西二环,7、未按规定让行的 ,负全部责任,不负责任,1,贵JAJ272,白色,1,贵A20004,白色,青正驾校,-1,2012/10/12 0:00,-1,斯柯达牌,力帆,354366000000000000 ,35416551995557035X,196605,198811,9,3,4,工作日,早高峰(7-9点),2015-04-02,2015年4月2日,多云 /多云,30℃ / 18℃,南风 ≤3级 /南风 ≤3级,多云,多云,30,18,南风,≤3级,南风,≤3级,day
2015-03-18 17:00:00,二手车市场, ,负全部责任,不负责任,1,贵A17G53,白,1,贵FA1657,黑,铁二局驾校,-1,2010/9/26 0:00,-1,大众汽车牌,北京现代牌,364547000000000000 ,36604551234763105X,198505,196503,17,2,3,工作日,晚高峰(17-19点),2015-03-18,2015年3月18日,多云 /多云,24℃ / 14℃,南风 ≤3级 /南风 ≤3级,多云,多云,24,14,南风,≤3级,南风,≤3级,day
2015-04-16 00:00:00,三桥,3、倒车的,负全部责任,不负责任,1,贵BZ5436,白色,1,贵GH3569,白色,毕节地区金春汽车驾驶培训学校,自培,-1,2007/11/5 0:00,福田,大众汽车牌,366067000000000000 ,355266000000000000 ,198808,198904,0,3,4,工作日,非高峰,2015-04-16,2015年4月16日,多云 /多云,29℃ / 17℃,南风 ≤3级 /南风 ≤3级,多云,多云,29,17,南风,≤3级,南风,≤3级,night
2015-05-08 09:40:00,花二道,7、未按规定让行的 ,负全部责任,不负责任,1,贵A2P575,白色,1,贵A3BK01,白色,（经开区）十一驾驶培训有限公司,铁二局驾校,2005/7/8 0:00,2011/12/2 0:00,-1,马自达牌,366367000000000000 ,364547000000000000 ,197109,198110,9,4,5,工作日,早高峰(7-9点),2015-05-08,2015年5月8日,阵雨 /多云,25℃ / 15℃,东南风 ≤3级 /东北风 ≤3级,阵雨,多云,25,15,东南风,≤3级,东北风,≤3级,day
2015-04-22 11:00:00,小河四十四医院,1、追尾的,负全部责任,不负责任,1,贵A87S15,白色,1,贵FV2302,白色,（南明区）金大驾驶培训有限公司,-1,2004/12/13 0:00,-1,丰田牌,吉利牌,364548000000000000 ,366068000000000000 ,198102,198003,11,2,4,工作日,非高峰,2015-04-22,2015年4月22日,小雨 /小雨,15℃ / 10℃,东北风 ≤3级 /东北风 ≤3级,小雨,小雨,15,10,东北风,≤3级,东北风,≤3级,day
2015-04-22 16:47:00,永乐乡,3、倒车的,负全部责任,不负责任,1,贵A383A7,黑,1,贵FV4902,黑,贵州现代驾驶培训责任有限公司,-1,2014/1/2 0:00,-1,东风牌,五菱牌,364557000000000000 ,366061000000000000 ,199507,198104,16,2,4,工作日,非高峰,2015-04-22,2015年4月22日,小雨 /小雨,15℃ / 10℃,东北风 ≤3级 /东北风 ≤3级,小雨,小雨,15,10,东北风,≤3级,东北风,≤3级,day
2015-04-30 08:30:00,贵惠大道,7、未按规定让行的 ,负全部责任,不负责任,1,贵A4BL12,白色,1,贵FS3789,白色,贵大驾校,-1,2011/11/1 0:00,-1,精灵,长安牌,36634551934268606X,355667000000000000 ,198506,198305,8,3,4,工作日,早高峰(7-9点),2015-04-30,2015年4月30日,阵雨 /阵雨,25℃ / 17℃,东南风 ≤3级 /东南风 ≤3级,阵雨,阵雨,25,17,东南风,≤3级,东南风,≤3级,day
2015-04-30 16:30:00,小河平桥,7、未按规定让行的 ,负全部责任,不负责任,1,贵JDY525,白色,1,贵A61321,白色,文通驾校,-1,2010/11/17 0:00,-1,蒙迪欧牌,乘龙牌,364548000000000000 ,366864000000000000 ,198803,196705,16,3,4,工作日,非高峰,2015-04-30,2015年4月30日,阵雨 /阵雨,25℃ / 17℃,东南风 ≤3级 /东南风 ≤3级,阵雨,阵雨,25,17,东南风,≤3级,东南风,≤3级,day
2015-04-22 14:00:00,白云区,7、未按规定让行的 ,负全部责任,不负责任,0,贵A7676Y,白,1,贵AB723C,黄,消防驾校,青正驾校,2011/8/2 0:00,2014/8/5 0:00,华泰牌,长安牌,364567000000000000 ,366347000000000000 ,199004,195608,14,2,4,工作日,非高峰,2015-04-22,2015年4月22日,小雨 /小雨,15℃ / 10℃,东北风 ≤3级 /东北风 ≤3级,小雨,小雨,15,10,东北风,≤3级,东北风,≤3级,day
2015-05-07 18:20:00,北京西路,1、追尾的,负全部责任,不负责任,1,临牌,白,1,贵A64F39,蓝,贵工驾校,消防驾校,2012/3/31 0:00,2011/12/30 0:00,-1,东风雪铁龙牌,366563000000000000 ,674969000000000000 ,195804,196811,18,3,5,工作日,晚高峰(17-19点),2015-05-07,2015年5月7日,阵雨 /雷阵雨,23℃ / 17℃,东南风 ≤3级 /东南风 ≤3级,阵雨,雷阵雨,23,17,东南风,≤3级,东南风,≤3级,day
2015-04-02 06:40:00,燕子岩大桥,7、未按规定让行的 ,负全部责任,不负责任,1,贵A21N95,白,1,贵AA509C,黄,（花溪区）高新十七驾驶培训有限公司,自培,2006/1/5 0:00,2004/4/22 0:00,雅阁牌,大众汽车牌,364557000000000000 ,364557000000000000 ,198705,198602,6,3,4,工作日,非高峰,2015-04-02,2015年4月2日,多云 /多云,30℃ / 18℃,南风 ≤3级 /南风 ≤3级,多云,多云,30,18,南风,≤3级,南风,≤3级,day
2015-04-22 08:10:00,石标路,1、追尾的,负全部责任,不负责任,1,贵A9BM42,黑,1,贵ACR723,黑,十一驾驶培训有限公司,自培,2012/12/28 0:00,2002/8/23 0:00,福克斯牌,丰田牌,364547000000000000 ,36454751974259096X,196905,198306,8,2,4,工作日,早高峰(7-9点),2015-04-22,2015年4月22日,小雨 /小雨,15℃ / 10℃,东北风 ≤3级 /东北风 ≤3级,小雨,小雨,15,10,东北风,≤3级,东北风,≤3级,day
2015-05-08 10:05:00,后坝,7、未按规定让行的 ,负同等责任,不负责任,1,贵AB435J,红,1,贵A5580K,黑,贵工驾校,贵工驾校,2010/6/23 0:00,2013/4/10 0:00,长安牌,东风牌,366064000000000000 ,37656251944649618X,198810,198002,10,4,5,工作日,非高峰,2015-05-08,2015年5月8日,阵雨 /多云,25℃ / 15℃,东南风 ≤3级 /东北风 ≤3级,阵雨,多云,25,15,东南风,≤3级,东北风,≤3级,day
2015-05-08 03:00:00,延安西路,7、未按规定让行的 ,负全部责任,不负责任,1,贵FV6475,蓝,1,贵AKG568,黑,铁二局驾校,无,2012/10/24 0:00,2009/4/7 0:00,-1,丰田牌,356164000000000000 ,364548000000000000 ,196608,195406,3,4,5,工作日,非高峰,2015-05-08,2015年5月8日,阵雨 /多云,25℃ / 15℃,东南风 ≤3级 /东北风 ≤3级,阵雨,多云,25,15,东南风,≤3级,东北风,≤3级,night
2015-05-08 08:00:00,北京西路,1、追尾的,负全部责任,不负责任,0,贵AKW255,白,1,贵A82B45,白,市交校,消防驾校,2013/6/21 0:00,2012/3/10 0:00,大众汽车,别克牌,366546000000000000 ,344661000000000000 ,198011,198410,8,4,5,工作日,早高峰(7-9点),2015-05-08,2015年5月8日,阵雨 /多云,25℃ / 15℃,东南风 ≤3级 /东北风 ≤3级,阵雨,多云,25,15,东南风,≤3级,东北风,≤3级,day
2015-05-08 07:50:00,都司路高架桥上,9、不符合前8款规定或者双方同时具有上述情形的,负同等责任,负同等责任,1,贵HAW163,白色,1,贵AU0287,白色,自培,自培,2005/10/27 0:00,2011/1/13 0:00,-1,万达牌,36626951974769446X,364648000000000000 ,198303,197503,7,4,5,工作日,早高峰(7-9点),2015-05-08,2015年5月8日,阵雨 /多云,25℃ / 15℃,东南风 ≤3级 /东北风 ≤3级,阵雨,多云,25,15,东南风,≤3级,东北风,≤3级,day
2015-05-08 09:00:00,花溪马鞍坡,3、倒车的,负全部责任,不负责任,1,贵A777J8,白色,1,贵AC384M,白色,长运驾校,吉源驾校（南明区）,2014/11/28 0:00,2015/3/20 0:00,东风牌,-1,364556000000000000 ,364556000000000000 ,199109,198804,9,4,5,工作日,早高峰(7-9点),2015-05-08,2015年5月8日,阵雨 /多云,25℃ / 15℃,东南风 ≤3级 /东北风 ≤3级,阵雨,多云,25,15,东南风,≤3级,东北风,≤3级,day
2015-04-22 17:47:00,八匹马,8、依法应负全责的其他情形,负全部责任,不负责任,1,贵C18247,白,1,川EN1577,黑,鑫鑫驾校,-1,2011/5/12 0:00,-1,江铃全顺牌,北京现代牌  ,364566000000000000 ,6945510000000000 ,198701,196210,17,2,4,工作日,晚高峰(17-19点),2015-04-22,2015年4月22日,小雨 /小雨,15℃ / 10℃,东北风 ≤3级 /东北风 ≤3级,小雨,小雨,15,10,东北风,≤3级,东北风,≤3级,day
2015-04-22 16:30:00,金阳,7、未按规定让行的 ,负全部责任,不负责任,1,贵A0497V,银,1,贵ASA446,白,长运驾校,-1,2013/5/31 0:00,-1,英伦牌,一汽佳星牌,364558000000000000 ,366870000000000000 ,199208,199010,16,2,4,工作日,非高峰,2015-04-22,2015年4月22日,小雨 /小雨,15℃ / 10℃,东北风 ≤3级 /东北风 ≤3级,小雨,小雨,15,10,东北风,≤3级,东北风,≤3级,day
2015-04-16 08:15:00,龙泉街,9、不符合前8款规定或者双方同时具有上述情形的,负同等责任,负同等责任,1,贵A7AM15,银,1,贵A43R62,红,贵州平安驾驶培训学校,-1,2010/7/22 0:00,-1,长安牌,雪佛兰牌,36656851954063045X,36366500000000000 ,198104,984072,8,3,4,工作日,早高峰(7-9点),2015-04-16,2015年4月16日,多云 /多云,29℃ / 17℃,南风 ≤3级 /南风 ≤3级,多云,多云,29,17,南风,≤3级,南风,≤3级,day
2015-04-22 15:24:00,金阳,3、倒车的,负全部责任,不负责任,0,贵74X65,银,1,川CR9921,银,（乌当区）平安驾驶培训有限公司,-1,2006/12/30 0:00,-1,-1,英伦牌 ,366068000000000000 ,354168000000000000 ,197409,198911,15,2,4,工作日,非高峰,2015-04-22,2015年4月22日,小雨 /小雨,15℃ / 10℃,东北风 ≤3级 /东北风 ≤3级,小雨,小雨,15,10,东北风,≤3级,东北风,≤3级,day
2015-04-16 15:40:00,青岩,7、未按规定让行的 ,负全部责任,不负责任,1,贵A23G34,白色,1,贵AS888V,白色,（观山湖区）蓝天驾驶培训有限公司,铁二局驾校,2010/2/25 0:00,2012/7/20 0:00,启辰牌,-1,364557000000000000 ,36455551214154595X,198904,196909,15,3,4,工作日,非高峰,2015-04-16,2015年4月16日,多云 /多云,29℃ / 17℃,南风 ≤3级 /南风 ≤3级,多云,多云,29,17,南风,≤3级,南风,≤3级,day
2015-04-16 16:00:00,北京西路,7、未按规定让行的 ,负全部责任,不负责任,0,贵AA1677,黑,0,贵AAA315,银,（乌当区）新天驾驶培训有限公司,520120,2006/7/26 0:00,2009/4/20 0:00,奥迪,嘉陵牌,364548000000000000 ,36684551905654516X,197110,198412,16,3,4,工作日,非高峰,2015-04-16,2015年4月16日,多云 /多云,29℃ / 17℃,南风 ≤3级 /南风 ≤3级,多云,多云,29,17,南风,≤3级,南风,≤3级,day
2015-05-01 03:10:00,和尚坡,7、未按规定让行的 ,负全部责任,不负责任,0,贵CNZ695,黑,1,贵AU0485,白,遵义市泥桥诚兴汽车驾驶培训学校,消防驾校,-1,2005/2/18 0:00,-1,宝来牌,366563000000000000 ,366368000000000000 ,198108,197609,3,4,5,工作日,非高峰,2015-05-01,2015年5月1日,阵雨 /多云,25℃ / 14℃,东南风 ≤3级 /东北风 ≤3级,阵雨,多云,25,14,东南风,≤3级,东北风,≤3级,night
2015-02-03 17:30:00,西工厂,3、倒车的,负全部责任,不负责任,1,贵AMT202,白色,1,渝APA139,黑色,（乌当区）新华驾驶培训有限公司,-1,2010/11/3 0:00,-1,五菱牌,长安牌,366061000000000000 ,344677000000000000 ,197501,198807,17,1,2,工作日,晚高峰(17-19点),2015-02-03,2015年2月3日,小雨 /小雨,6℃ / 1℃,东北风 ≤3级 /东北风 ≤3级,小雨,小雨,6,1,东北风,≤3级,东北风,≤3级,day
2015-05-08 18:05:00,都司路,7、未按规定让行的 ,负全部责任,不负责任,1,贵A7BN95,白,1,贵ACP342,黑,（南明区）金大驾驶培训有限公司,市警校驾校,2006/6/8 0:00,2010/11/15 0:00,菲亚特,奥迪牌,366367000000000000 ,364548000000000000 ,198202,198711,18,4,5,工作日,晚高峰(17-19点),2015-05-08,2015年5月8日,阵雨 /多云,25℃ / 15℃,东南风 ≤3级 /东北风 ≤3级,阵雨,多云,25,15,东南风,≤3级,东北风,≤3级,day
2015-04-23 00:00:00,延安西路,7、未按规定让行的 ,负全部责任,不负责任,1,贵AGB968,白,1,贵HCS577,白,（南明区）铁二局驾驶培训有限公司,-1,2008/12/25 0:00,-1,依维柯牌,大众汽车牌,74847500000000000 ,4146520000000000 ,199005,198410,0,3,4,工作日,非高峰,2015-04-23,2015年4月23日,阴 /小雨,16℃ / 10℃,东北风 ≤3级 /东北风 ≤3级,阴,小雨,16,10,东北风,≤3级,东北风,≤3级,night
2015-05-08 12:30:00,会展南路,7、未按规定让行的 ,负全部责任,不负责任,0,贵AHE418,黑,1,贵AAK918,黑,长运驾校,全林驾校,2012/2/29 0:00,2011/12/28 0:00,奥迪牌,金翌牌,354366000000000000 ,366061000000000000 ,198007,198704,12,4,5,工作日,非高峰,2015-05-08,2015年5月8日,阵雨 /多云,25℃ / 15℃,东南风 ≤3级 /东北风 ≤3级,阵雨,多云,25,15,东南风,≤3级,东北风,≤3级,day
2015-05-08 18:00:00,西湖路,1、追尾的,负全部责任,不负责任,1,贵ASH091,白色,1,贵AEE415,白色,（南明区）金大驾驶培训有限公司,长运驾校,2006/4/10 0:00,2006/4/24 0:00,福克斯牌,迈腾牌,364547000000000000 ,254558000000000000 ,196007,196704,18,4,5,工作日,晚高峰(17-19点),2015-05-08,2015年5月8日,阵雨 /多云,25℃ / 15℃,东南风 ≤3级 /东北风 ≤3级,阵雨,多云,25,15,东南风,≤3级,东北风,≤3级,day
2015-05-08 16:30:00,大营坡,7、未按规定让行的 ,负全部责任,不负责任,1,贵A8N646,白,1,贵F79280,黄,贵大佳德驾驶培训学校,520134,2015/1/20 0:00,2007/12/27 0:00,-1,-1,364566000000000000 ,36604551964761765X,199306,198203,16,4,5,工作日,非高峰,2015-05-08,2015年5月8日,阵雨 /多云,25℃ / 15℃,东南风 ≤3级 /东北风 ≤3级,阵雨,多云,25,15,东南风,≤3级,东北风,≤3级,day
2015-04-23 10:00:00,罗汉营,7、未按规定让行的 ,负全部责任,不负责任,1,贵A0BF84,黑,1,贵AU7877,绿,贵州现代驾驶培训责任有限公司,-1,2012/6/27 0:00,-1,奥迪牌,力帆牌,364567000000000000 ,366361000000000000 ,198702,198112,10,3,4,工作日,非高峰,2015-04-23,2015年4月23日,阴 /小雨,16℃ / 10℃,东北风 ≤3级 /东北风 ≤3级,阴,小雨,16,10,东北风,≤3级,东北风,≤3级,day
2015-04-30 20:40:00,市南路,7、未按规定让行的 ,负全部责任,不负责任,1,贵JBT468,白色,1,贵JBS128,白色,顺风驾校,铁二局驾校,2014/6/26 0:00,2013/10/24 0:00,别克牌,别克牌,364547000000000000 ,344796000000000000 ,197709,198801,20,3,4,工作日,非高峰,2015-04-30,2015年4月30日,阵雨 /阵雨,25℃ / 17℃,东南风 ≤3级 /东南风 ≤3级,阵雨,阵雨,25,17,东南风,≤3级,东南风,≤3级,night
2015-04-16 17:20:00,野鸭塘,8、依法应负全责的其他情形,负全部责任,不负责任,1,贵AL4311,黑,1,贵AB953S,银,路路达驾校,路路达驾校,2014/11/4 0:00,2014/5/6 0:00,福特锐界,雪佛兰牌,366670000000000000 ,364558000000000000 ,198910,197902,17,3,4,工作日,晚高峰(17-19点),2015-04-16,2015年4月16日,多云 /多云,29℃ / 17℃,南风 ≤3级 /南风 ≤3级,多云,多云,29,17,南风,≤3级,南风,≤3级,day
2015-05-08 17:30:00,花果园,1、追尾的,负全部责任,不负责任,1,贵GV7217,黑,1,贵AV1004,黄,（乌当区）新天驾驶培训有限公司,自培,2006/1/26 0:00,2001/5/7 0:00,-1,豪爵牌,364547000000000000 ,74667500000000000 ,196607,198206,17,4,5,工作日,晚高峰(17-19点),2015-05-08,2015年5月8日,阵雨 /多云,25℃ / 15℃,东南风 ≤3级 /东北风 ≤3级,阵雨,多云,25,15,东南风,≤3级,东北风,≤3级,day
2015-05-07 22:30:00,花溪大道,1、追尾的,负全部责任,不负责任,1,贵A23999,白色,1,贵AU0794,白色,（南明区）阳光驾驶培训有限公司,自培,2005/1/11 0:00,2002/3/14 0:00,东风牌,宝来牌,364547000000000000 ,364547000000000000 ,198301,195712,22,3,5,工作日,非高峰,2015-05-07,2015年5月7日,阵雨 /雷阵雨,23℃ / 17℃,东南风 ≤3级 /东南风 ≤3级,阵雨,雷阵雨,23,17,东南风,≤3级,东南风,≤3级,night
2015-04-29 16:18:00,喷水池,7、未按规定让行的 ,负全部责任,不负责任,1,贵A75L33,白色,1,贵AU7863,白色,遵义县南白机动车驾驶员培训学校,自培,2011/3/15 0:00,2005/11/3 0:00,夏利牌,宇通牌,366566000000000000 ,364557000000000000 ,198512,198206,16,2,4,工作日,非高峰,2015-04-29,2015年4月29日,阵雨 /阵雨,26℃ / 16℃,东北风 ≤3级 /东南风 ≤3级,阵雨,阵雨,26,16,东北风,≤3级,东南风,≤3级,day
2015-04-22 18:24:00,小河,7、未按规定让行的 ,负全部责任,不负责任,1,贵AMT202,白色,1,贵A47F69,白色,（乌当区）新华驾驶培训有限公司,自培,2010/11/3 0:00,2004/10/18 0:00,五菱牌,福克斯牌,366061000000000000 ,364547000000000000 ,197501,197502,18,2,4,工作日,晚高峰(17-19点),2015-04-22,2015年4月22日,小雨 /小雨,15℃ / 10℃,东北风 ≤3级 /东北风 ≤3级,小雨,小雨,15,10,东北风,≤3级,东北风,≤3级,day