accidenttime,accidentaddr,driver1fault,driver1responsibility,driver2responsibility,sex1,platenumber1,carcolor1,sex2,platenumber2,carcolor2,jxmc1,jxmc2,cclzrq1,cclzrq2,clpp1,clpp2,driver1license,driver2license,brith1,brith2,hour,weekday,month,is_weekday,peak_hour,date,日期,天气状况,气温,风力风向,day_wea,night_wea,day_tep,night_tep,day_wind_direction,day_wind_speed,night_wind_direction,night_wind_speed,segment
2015-05-08 20:30:00,大营坡,9、不符合前8款规定或者双方同时具有上述情形的,负同等责任,不负责任,1,贵CDA849,蓝,1,贵AHF567,红,吉源驾校,-1,2014/6/4 0:00,-1,-1,东风标致牌,366563000000000000 ,364548000000000000 ,197708,198203,20,4,5,工作日,非高峰,2015-05-08,2015年5月8日,阵雨 /多云,25℃ / 15℃,东南风 ≤3级 /东北风 ≤3级,阵雨,多云,25,15,东南风,≤3级,东北风,≤3级,night
2015-05-08 14:10:00,贵惠大道,7、未按规定让行的 ,负全部责任,不负责任,1,贵ATL376,白色,1,贵HB6931,白色,吉源驾校,遵义市海通机动车驾驶培训学校,2013/6/13 0:00,2012/6/28 0:00,丰田牌,-1,36606351174550355X,376570000000000000 ,199301,199112,14,4,5,工作日,非高峰,2015-05-08,2015年5月8日,阵雨 /多云,25℃ / 15℃,东南风 ≤3级 /东北风 ≤3级,阵雨,多云,25,15,东南风,≤3级,东北风,≤3级,day
2015-05-01 15:00:00,甲秀南路,7、未按规定让行的 ,负全部责任,不负责任,1,贵BP1747,白色,1,贵A80480,白色,六盘水黔龙驾驶培训有限公司,自培,-1,1998/7/7 0:00,-1,解放牌,364666000000000000 ,366367000000000000 ,198104,196710,15,4,5,工作日,非高峰,2015-05-01,2015年5月1日,阵雨 /多云,25℃ / 14℃,东南风 ≤3级 /东北风 ≤3级,阵雨,多云,25,14,东南风,≤3级,东北风,≤3级,day
2015-05-09 09:10:00,罗汉营,9、不符合前8款规定或者双方同时具有上述情形的,负全部责任,不负责任,1,贵A33G64,白,1,贵AV7795,蓝,（南明区）阳光驾驶培训有限公司,自培,2009/12/4 0:00,2003/1/29 0:00,明锐牌,中能牌,366670000000000000 ,366347000000000000 ,198206,197306,9,5,5,工作日,早高峰(7-9点),2015-05-09,2015年5月9日,阵雨 /阵雨,23℃ / 16℃,东北风 ≤3级 /东南风 ≤3级,阵雨,阵雨,23,16,东北风,≤3级,东南风,≤3级,day
2015-05-02 11:10:00,杨家山隧道,1、追尾的,负全部责任,不负责任,1,贵ADK669,白色,1,贵AC398F,白色,（南明区）长安驾驶培训有限公司,520110,2009/2/27 0:00,2008/6/4 0:00,东风雪铁龙牌,大众汽车牌,366766000000000000 ,364551000000000000 ,197907,198807,11,5,5,工作日,非高峰,2015-05-02,2015年5月2日,多云 /阵雨,26℃ / 16℃,东北风 ≤3级 /东风 ≤3级,多云,阵雨,26,16,东北风,≤3级,东风,≤3级,day
2015-05-01 15:15:00,富源中路,3、倒车的,负全部责任,不负责任,1,贵GH2879,白色,1,贵HTS391,白色,（观山湖区）蓝天驾驶培训有限公司,-1,2006/6/16 0:00,-1,-1,-1,366070000000000000 ,366570000000000000 ,196609,198902,15,4,5,工作日,非高峰,2015-05-01,2015年5月1日,阵雨 /多云,25℃ / 14℃,东南风 ≤3级 /东北风 ≤3级,阵雨,多云,25,14,东南风,≤3级,东北风,≤3级,day
2015-05-09 11:05:00,杨家山隧道,8、依法应负全责的其他情形,负全部责任,不负责任,1,湘P8P469,黑,1,贵A38L92,红,吉源驾校,铁二局驾校,2014/2/27 0:00,2013/9/2 0:00,-1,五菱牌,74867500000000000 ,57419651994346615X,197802,198805,11,5,5,工作日,非高峰,2015-05-09,2015年5月9日,阵雨 /阵雨,23℃ / 16℃,东北风 ≤3级 /东南风 ≤3级,阵雨,阵雨,23,16,东北风,≤3级,东南风,≤3级,day
2015-05-01 17:10:00,中心环路,1、追尾的,负全部责任,不负责任,1,贵A0AF81,黑,1,贵AA5777,黑,贵阳学院汽车驾驶培训,自培,2011/5/17 0:00,1997/3/19 0:00,东风日产牌,鹿城,366577000000000000 ,364547000000000000 ,196701,194911,17,4,5,工作日,晚高峰(17-19点),2015-05-01,2015年5月1日,阵雨 /多云,25℃ / 14℃,东南风 ≤3级 /东北风 ≤3级,阵雨,多云,25,14,东南风,≤3级,东北风,≤3级,day
2015-05-02 10:50:00,清华中学,1、追尾的,负全部责任,不负责任,1,贵GGA987,白,1,贵ANA253,蓝,黔丰驾校,贵大佳德驾驶培训学校,2014/6/13 0:00,2010/11/11 0:00,-1,迷你,364556000000000000 ,364548000000000000 ,198908,196105,10,5,5,工作日,非高峰,2015-05-02,2015年5月2日,多云 /阵雨,26℃ / 16℃,东北风 ≤3级 /东风 ≤3级,多云,阵雨,26,16,东北风,≤3级,东风,≤3级,day
2015-05-02 10:00:00,沙冲路,7、未按规定让行的 ,负全部责任,不负责任,1,贵GV9123,白色,1,贵AU695,白色,金大驾校,自培,2014/6/3 0:00,2005/12/31 0:00,-1,-1,364547000000000000 ,364548000000000000 ,197007,196301,10,5,5,工作日,非高峰,2015-05-02,2015年5月2日,多云 /阵雨,26℃ / 16℃,东北风 ≤3级 /东风 ≤3级,多云,阵雨,26,16,东北风,≤3级,东风,≤3级,day
2015-04-24 07:40:00,石板路,8、依法应负全责的其他情形,负全部责任,不负责任,1,贵A55G79,黑,1,皖K14554,红,铁二局驾校,-1,2013/5/22 0:00,-1,华泰圣达菲牌,向阳,366367000000000000 ,705647000000000000 ,196802,197812,7,4,4,工作日,早高峰(7-9点),2015-04-24,2015年4月24日,阴 /小雨,16℃ / 11℃,东风 ≤3级 /东风 ≤3级,阴,小雨,16,11,东风,≤3级,东风,≤3级,day
2015-05-01 21:40:00,金阳,7、未按规定让行的 ,负全部责任,不负责任,1,贵A95N17,黑,1,贵AC340W,红,（乌当区）新天驾驶培训有限公司,（白云区）消防驾驶培训学校,2010/8/19 0:00,-1,五菱牌,五菱,364557000000000000 ,74667500000000000 ,198501,198610,21,4,5,工作日,非高峰,2015-05-01,2015年5月1日,阵雨 /多云,25℃ / 14℃,东南风 ≤3级 /东北风 ≤3级,阵雨,多云,25,14,东南风,≤3级,东北风,≤3级,night
2015-05-01 12:00:00,三桥,1、追尾的,负全部责任,不负责任,1,贵A24752,蓝,1,贵FN5108,黑,十一驾校（经开区）,-1,2015/4/21 0:00,-1,-1,-1,366575000000000000 ,36604551944757617X,198001,198003,12,4,5,工作日,非高峰,2015-05-01,2015年5月1日,阵雨 /多云,25℃ / 14℃,东南风 ≤3级 /东北风 ≤3级,阵雨,多云,25,14,东南风,≤3级,东北风,≤3级,day
2015-05-01 16:00:00,都司路,7、未按规定让行的 ,负全部责任,不负责任,1,贵A22F88,白色,1,贵A5CA13,白色,贵大驾校,贵州省长安驾驶培训学校,2011/9/13 0:00,2014/3/20 0:00,北京现代牌,豪情牌,366663000000000000 ,364547000000000000 ,198603,199003,16,4,5,工作日,非高峰,2015-05-01,2015年5月1日,阵雨 /多云,25℃ / 14℃,东南风 ≤3级 /东北风 ≤3级,阵雨,多云,25,14,东南风,≤3级,东北风,≤3级,day
2015-05-09 10:40:00,铝兴路,9、不符合前8款规定或者双方同时具有上述情形的,负全部责任,不负责任,0,贵AK5482,白,1,贵A90716,蓝,（云岩区）贵大佳德驾驶培训有限公司,-1,2009/10/22 0:00,-1,东本牌,解放,364558000000000000 ,366568000000000000 ,197112,197006,10,5,5,工作日,非高峰,2015-05-09,2015年5月9日,阵雨 /阵雨,23℃ / 16℃,东北风 ≤3级 /东南风 ≤3级,阵雨,阵雨,23,16,东北风,≤3级,东南风,≤3级,day
2015-04-17 09:20:00,钟坡西路,7、未按规定让行的 ,负全部责任,不负责任,1,贵AAE696,银,1,贵GL3530,银,（乌当区）全林驾驶培训有限公司,长运驾校,2009/1/19 0:00,2013/3/15 0:00,长安牌,大众牌,34479651915661868X,364548000000000000 ,198912,198507,9,4,4,工作日,早高峰(7-9点),2015-04-17,2015年4月17日,多云 /多云,28℃ / 19℃,南风 ≤3级 /南风 ≤3级,多云,多云,28,19,南风,≤3级,南风,≤3级,day
2015-04-23 13:00:00,百花大道,7、未按规定让行的 ,负全部责任,不负责任,0,贵A155C7,白,1,贵ARB332,黑,市交校,-1,2013/9/9 0:00,-1,江淮牌,长安牌,36636351874862605X,366363000000000000 ,197307,198703,13,3,4,工作日,非高峰,2015-04-23,2015年4月23日,阴 /小雨,16℃ / 10℃,东北风 ≤3级 /东北风 ≤3级,阴,小雨,16,10,东北风,≤3级,东北风,≤3级,day
2015-05-09 09:10:00,开发大道,7、未按规定让行的 ,负全部责任,不负责任,1,贵A94R94,白色,1,贵CFB606,白色,（南明区）吉源驾驶培训有限公司,-1,2008/4/21 0:00,-1,奥迪牌,-1,36454751264957640X,366562000000000000 ,196208,199104,9,5,5,工作日,早高峰(7-9点),2015-05-09,2015年5月9日,阵雨 /阵雨,23℃ / 16℃,东北风 ≤3级 /东南风 ≤3级,阵雨,阵雨,23,16,东北风,≤3级,东南风,≤3级,day
2015-05-09 14:00:00,甲秀南路,1、追尾的,负全部责任,不负责任,1,贵A83A11,白色,1,贵A3127F,白色,（南明区）吉源驾驶培训有限公司,吉源驾校,2011/3/30 0:00,2013/8/29 0:00,东风标致牌,吉利美日牌,354647000000000000 ,364556000000000000 ,198002,198612,14,5,5,工作日,非高峰,2015-05-09,2015年5月9日,阵雨 /阵雨,23℃ / 16℃,东北风 ≤3级 /东南风 ≤3级,阵雨,阵雨,23,16,东北风,≤3级,东南风,≤3级,day
2015-05-09 18:52:00,都司路,7、未按规定让行的 ,负全部责任,不负责任,1,贵AU7567,白色,1,贵A2BW70,白色,（南明区）金大驾驶培训有限公司,全林驾校,2006/6/8 0:00,2014/11/14 0:00,捷达牌,翼虎牌,366067000000000000 ,364548000000000000 ,196711,197812,18,5,5,工作日,晚高峰(17-19点),2015-05-09,2015年5月9日,阵雨 /阵雨,23℃ / 16℃,东北风 ≤3级 /东南风 ≤3级,阵雨,阵雨,23,16,东北风,≤3级,东南风,≤3级,day
2015-05-08 13:00:00,瑞金北路,3、倒车的,负全部责任,不负责任,1,云A910DD,红,1,贵A24191,黑,消防驾校,十一培,2011/6/11 0:00,1991/8/11 0:00,-1,金龙牌,366064000000000000 ,364547000000000000 ,199106,195804,13,4,5,工作日,非高峰,2015-05-08,2015年5月8日,阵雨 /多云,25℃ / 15℃,东南风 ≤3级 /东北风 ≤3级,阵雨,多云,25,15,东南风,≤3级,东北风,≤3级,day
2015-05-01 04:21:00,黔灵西路,7、未按规定让行的 ,负全部责任,不负责任,1,贵CPX182,白色,1,贵AU7015,白色,凤冈阳光驾驶员培训有限责任公司,自培,2012/4/11 0:00,2006/12/28 0:00,-1,飞肯牌,366569000000000000 ,366274000000000000 ,198712,197307,4,4,5,工作日,非高峰,2015-05-01,2015年5月1日,阵雨 /多云,25℃ / 14℃,东南风 ≤3级 /东北风 ≤3级,阵雨,多云,25,14,东南风,≤3级,东北风,≤3级,night
2015-04-24 09:20:00,金清大道,4、停车时未挂低速档、未拉驻车制动，导致车辆滑行的,负全部责任,不负责任,1,川AW5C38,白,1,贵AJB282,白,（白云区）消防驾驶培训学校,自培,2008/1/29 0:00,2006/7/20 0:00,\N,夏利牌,366561000000000000 ,364769000000000000 ,198808,197902,9,4,4,工作日,早高峰(7-9点),2015-04-24,2015年4月24日,阴 /小雨,16℃ / 11℃,东风 ≤3级 /东风 ≤3级,阴,小雨,16,11,东风,≤3级,东风,≤3级,day
2015-05-09 16:00:00,博爱路,7、未按规定让行的 ,负全部责任,不负责任,1,贵GR2081,黑,1,贵AEJ372,黑,贵州现代驾驶培训责任有限公司,520114,2013/12/17 0:00,2009/7/16 0:00,-1,众泰牌,364557000000000000 ,366369000000000000 ,196907,197207,16,5,5,工作日,非高峰,2015-05-09,2015年5月9日,阵雨 /阵雨,23℃ / 16℃,东北风 ≤3级 /东南风 ≤3级,阵雨,阵雨,23,16,东北风,≤3级,东南风,≤3级,day
2015-04-17 17:30:00,五里冲,1、追尾的,负全部责任,不负责任,1,贵JJ1057,白,1,贵A46J75,黑,黔南州华晟驾驶培训学校,-1,2011/9/23 0:00,-1,长城牌,梅赛德斯-奔驰牌,356164000000000000 ,364546000000000 ,197601,580207,17,4,4,工作日,晚高峰(17-19点),2015-04-17,2015年4月17日,多云 /多云,28℃ / 19℃,南风 ≤3级 /南风 ≤3级,多云,多云,28,19,南风,≤3级,南风,≤3级,day
2015-04-17 17:28:00,云环路,8、依法应负全责的其他情形,负全部责任,不负责任,0,贵AA858L,银,1,贵A95F53,白,新天驾校,鑫鑫驾校,2012/4/18 0:00,2012/7/13 0:00,力帆牌,雪佛兰牌,366764000000000000 ,366566000000000000 ,198204,197906,17,4,4,工作日,晚高峰(17-19点),2015-04-17,2015年4月17日,多云 /多云,28℃ / 19℃,南风 ≤3级 /南风 ≤3级,多云,多云,28,19,南风,≤3级,南风,≤3级,day
2015-05-09 14:30:00,大川白金城, ,负全部责任,不负责任,0,贵A4038,白,1,贵A45493,白,消防驾校,贵州晨运驾驶培训学校,2012/8/24 0:00,2010/3/25 0:00,-1,济南,364558000000000000 ,357475000000000000 ,198404,199103,14,5,5,工作日,非高峰,2015-05-09,2015年5月9日,阵雨 /阵雨,23℃ / 16℃,东北风 ≤3级 /东南风 ≤3级,阵雨,阵雨,23,16,东北风,≤3级,东南风,≤3级,day
2015-05-02 12:35:00,北京西路,8、依法应负全责的其他情形,负全部责任,不负责任,1,贵AC6046,蓝,1,贵A285H7,白,自培,（乌当区）新天驾驶培训有限公司,2011/7/11 0:00,2002/10/22 0:00,隆鑫牌,解放牌,366347000000000000 ,366564000000000000 ,197804,198009,12,5,5,工作日,非高峰,2015-05-02,2015年5月2日,多云 /阵雨,26℃ / 16℃,东北风 ≤3级 /东风 ≤3级,多云,阵雨,26,16,东北风,≤3级,东风,≤3级,day
2015-04-24 17:00:00,甲秀南路,7、未按规定让行的 ,负全部责任,不负责任,1,贵ABR309,白色,1,贵GP1587,白色,诚信驾驶培训学校,高新驾校,2014/11/27 0:00,2012/11/15 0:00,五菱牌,科雷傲,75662500000000000 ,36455051884552447X,198301,197701,17,4,4,工作日,晚高峰(17-19点),2015-04-24,2015年4月24日,阴 /小雨,16℃ / 11℃,东风 ≤3级 /东风 ≤3级,阴,小雨,16,11,东风,≤3级,东风,≤3级,day
2015-05-02 14:00:00,次南门,8、依法应负全责的其他情形,负全部责任,不负责任,1,贵A5AB68,白色,1,贵GRZ469,白色,阳光驾校（南明区）,-1,2015/4/8 0:00,-1,东风标致牌,-1,364547000000000000 ,366375000000000000 ,197304,198207,14,5,5,工作日,非高峰,2015-05-02,2015年5月2日,多云 /阵雨,26℃ / 16℃,东北风 ≤3级 /东风 ≤3级,多云,阵雨,26,16,东北风,≤3级,东风,≤3级,day
2015-04-17 20:50:00,云岩区,7、未按规定让行的 ,负全部责任,不负责任,1,贵JCQ639,白,1,贵A12R58,黑,惠水县金都汽车驾驶培训有限公司,贵州省长安驾驶培训学校,-1,2005/7/11 0:00,长安牌,比亚迪牌,366875000000000000 ,355766000000000000 ,198503,198601,20,4,4,工作日,非高峰,2015-04-17,2015年4月17日,多云 /多云,28℃ / 19℃,南风 ≤3级 /南风 ≤3级,多云,多云,28,19,南风,≤3级,南风,≤3级,night
2015-04-18 12:19:00,小河平桥,7、未按规定让行的 ,负全部责任,不负责任,1,贵A12W96,白色,1,贵GL6100,白色,贵州省湄潭县汽车驾驶培训学校,（经开区）金安驾驶培训有限公司,-1,2014/1/21 0:00,五菱牌,丰田牌,366570000000000000 ,366061000000000000 ,198903,197212,12,5,4,工作日,非高峰,2015-04-18,2015年4月18日,多云 /雷阵雨,29℃ / 16℃,南风 ≤3级 /南风 ≤3级,多云,雷阵雨,29,16,南风,≤3级,南风,≤3级,day
2015-04-18 12:00:00,北京华联,2、逆行的,负全部责任,不负责任,1,贵A6045K,白,1,贵A6710C,红,（乌当区）新华驾驶培训有限公司,蓝天驾校,2005/8/11 0:00,2012/9/7 0:00,奇瑞,长安牌,366670000000000000 ,366361000000000000 ,198010,198412,12,5,4,工作日,非高峰,2015-04-18,2015年4月18日,多云 /雷阵雨,29℃ / 16℃,南风 ≤3级 /南风 ≤3级,多云,雷阵雨,29,16,南风,≤3级,南风,≤3级,day
2015-04-25 09:00:00,白云,7、未按规定让行的 ,负全部责任,不负责任,0,贵A11G68,银,1,贵A9BL28,白,（云岩区）时发驾驶培训有限公司,鑫鑫驾校,2009/6/20 0:00,2014/11/3 0:00,夏利牌,福特牌,364558000000000000 ,364568000000000000 ,198609,198710,9,5,4,工作日,早高峰(7-9点),2015-04-25,2015年4月25日,阴 /阵雨,20℃ / 11℃,东风 ≤3级 /东南风 ≤3级,阴,阵雨,20,11,东风,≤3级,东南风,≤3级,day
2015-04-25 09:30:00,太慈桥,7、未按规定让行的 ,负全部责任,不负责任,1,贵DR9684,白色,1,贵A6AU75,白色,（花溪区）鑫鑫驾驶培训有限公司,金大驾校,2009/10/30 0:00,2013/5/10 0:00,江铃牌,福克斯牌,366663000000000000 ,364547000000000000 ,198309,199203,9,5,4,工作日,早高峰(7-9点),2015-04-25,2015年4月25日,阴 /阵雨,20℃ / 11℃,东风 ≤3级 /东南风 ≤3级,阴,阵雨,20,11,东风,≤3级,东南风,≤3级,day
2015-05-10 09:00:00,香江花园,7、未按规定让行的 ,负全部责任,不负责任,1,贵AAD952,白色,1,贵AU6428,白色,贵州现代驾驶培训责任有限公司,消防驾校,2011/11/16 0:00,2003/9/29 0:00,雪佛兰牌,捷达牌,364556000000000000 ,36634651815448775X,197104,197910,9,6,5,周末,早高峰(7-9点),2015-05-10,2015年5月10日,阵雨 /雷阵雨,25℃ / 14℃,南风 ≤3级 /南风 ≤3级,阵雨,雷阵雨,25,14,南风,≤3级,南风,≤3级,day
2015-05-11 09:10:00,恒大绿洲城,7、未按规定让行的 ,负同等责任,负同等责任,1,贵AA958M,红,1,贵A7Q910,白,铁二局驾校,铁二局驾校,2012/7/31 0:00,-1,大众汽车牌,-1,364558000000000000 ,36454605103 ,197311,41945,9,0,5,工作日,早高峰(7-9点),2015-05-11,2015年5月11日,多云 /多云,24℃ / 13℃,东北风 ≤3级 /东北风 ≤3级,多云,多云,24,13,东北风,≤3级,东北风,≤3级,day
2015-04-24 10:38:00,西二环,7、未按规定让行的 ,负全部责任,不负责任,1,贵A96J55,黑,1,贵FP9345,白,遵义集顺达交通运输（集团）汽车驾驶培训有限公司,自培,2010/9/30 0:00,2012/12/28 0:00,江铃牌,长安牌,366063000000000000 ,364568000000000000 ,197210,198909,10,4,4,工作日,非高峰,2015-04-24,2015年4月24日,阴 /小雨,16℃ / 11℃,东风 ≤3级 /东风 ≤3级,阴,小雨,16,11,东风,≤3级,东风,≤3级,day
2015-05-02 17:10:00,小车河,7、未按规定让行的 ,负全部责任,不负责任,1,贵AFN187,黄,1,贵AEL844,红,顺一驾驶培训学校,自培,2010/3/1 0:00,2004/9/29 0:00,大众汽车牌,翼虎牌,36454751934947400X,36454651804865526X,198508,197407,17,5,5,工作日,晚高峰(17-19点),2015-05-02,2015年5月2日,多云 /阵雨,26℃ / 16℃,东北风 ≤3级 /东风 ≤3级,多云,阵雨,26,16,东北风,≤3级,东风,≤3级,day
2015-04-18 00:00:00,宾阳大道,9、不符合前8款规定或者双方同时具有上述情形的,负全部责任,不负责任,1,贵A94K63,白,1,贵AU7325,黑,凯信驾校,自培,2014/12/4 0:00,2002/10/14 0:00,翼搏牌,恒通客车牌,366346000000000000 ,366361000000000000 ,198305,197312,0,5,4,工作日,非高峰,2015-04-18,2015年4月18日,多云 /雷阵雨,29℃ / 16℃,南风 ≤3级 /南风 ≤3级,多云,雷阵雨,29,16,南风,≤3级,南风,≤3级,night
2015-04-24 12:00:00,小河四扬附近,7、未按规定让行的 ,负全部责任,不负责任,1,贵A2691J,白色,1,贵CG9002,白色,（云岩区）省交通职业技术驾驶培训学校,自培,2007/7/18 0:00,2006/6/19 0:00,马自达牌,长安牌,74765500000000000 ,366568000000000000 ,198701,198210,12,4,4,工作日,非高峰,2015-04-24,2015年4月24日,阴 /小雨,16℃ / 11℃,东风 ≤3级 /东风 ≤3级,阴,小雨,16,11,东风,≤3级,东风,≤3级,day
2015-05-10 08:50:00,二戈寨,7、未按规定让行的 ,负全部责任,不负责任,1,贵A5803C,白色,1,贵APZ992,白色,吉源驾校,-1,2014/5/30 0:00,-1,吉利美日牌,宝马牌,366862000000000000 ,734398000000000000 ,197909,198507,8,6,5,周末,早高峰(7-9点),2015-05-10,2015年5月10日,阵雨 /雷阵雨,25℃ / 14℃,南风 ≤3级 /南风 ≤3级,阵雨,雷阵雨,25,14,南风,≤3级,南风,≤3级,day
2015-04-25 09:45:00,白云区,8、依法应负全责的其他情形,负全部责任,不负责任,1,贵A7750G,白,1,贵FS5985,白,路路达驾校（白云区）,-1,2015/4/1 0:00,-1,起亚牌,五菱牌,35434051164246560X,366067000000000000 ,199206,197904,9,5,4,工作日,早高峰(7-9点),2015-04-25,2015年4月25日,阴 /阵雨,20℃ / 11℃,东风 ≤3级 /东南风 ≤3级,阴,阵雨,20,11,东风,≤3级,东南风,≤3级,day
2015-02-08 17:45:00,乌当,1、追尾的,负全部责任,不负责任,1,贵AU9926,绿,1,贵GF9743,银,（乌当区）全林驾驶培训有限公司,-1,2006/8/10 0:00,-1,瑞麒牌,豪爵牌,364557000000000000 ,36626800000000000 ,197308,189120,17,6,2,周末,晚高峰(17-19点),2015-02-08,2015年2月8日,阴 /阴,7℃ / 3℃,东北风 ≤3级 /南风 ≤3级,阴,阴,7,3,东北风,≤3级,南风,≤3级,day
2015-04-25 07:20:00,宅吉路,3、倒车的,负全部责任,不负责任,1,京PMS616,银,1,贵FX7747,红,（南明区）金大驾驶培训有限公司,-1,2007/7/9 0:00,-1,红旗牌,五菱牌,784964000000000000 ,366068000000000000 ,197404,197802,7,5,4,工作日,早高峰(7-9点),2015-04-25,2015年4月25日,阴 /阵雨,20℃ / 11℃,东风 ≤3级 /东南风 ≤3级,阴,阵雨,20,11,东风,≤3级,东南风,≤3级,day
2015-02-08 17:45:00,航天路,1、追尾的,负全部责任,不负责任,1,贵AV9926,黑色,1,贵GF9743,白色,（乌当区）全林驾驶培训有限公司,市交校,2006/8/10 0:00,2011/6/25 0:00,东风标致牌,豪爵牌,364557000000000000 ,366268000000000000 ,197308,198912,17,6,2,周末,晚高峰(17-19点),2015-02-08,2015年2月8日,阴 /阴,7℃ / 3℃,东北风 ≤3级 /南风 ≤3级,阴,阴,7,3,东北风,≤3级,南风,≤3级,day
2015-05-03 05:40:00,谢家坡,7、未按规定让行的 ,负全部责任,不负责任,1,贵A43J99,白色,1,贵AED767,白色,阳光驾校,贵州晨运驾驶培训学校,2014/10/20 0:00,2009/4/21 0:00,海马牌,比亚迪牌,366564000000000000 ,364556000000000000 ,197206,196204,5,6,5,周末,非高峰,2015-05-03,2015年5月3日,阵雨 /阵雨,25℃ / 15℃,东北风 ≤3级 /东北风 ≤3级,阵雨,阵雨,25,15,东北风,≤3级,东北风,≤3级,night
2015-03-19 13:16:00,车水路口,1、追尾的,负全部责任,不负责任,1,贵A89226,白色,1,贵A7S111,白色,威宁县草海汽车驾驶培训有限公司,-1,2009/8/12 0:00,-1,大众汽车牌,大众汽车牌,366069000000000000 ,366068000000000000 ,198304,197311,13,3,3,工作日,非高峰,2015-03-19,2015年3月19日,多云 /阵雨,26℃ / 12℃,南风 ≤3级 /东北风 ≤3级,多云,阵雨,26,12,南风,≤3级,东北风,≤3级,day
2015-05-11 09:00:00,西二环,1、追尾的,负全部责任,不负责任,1,贵A99F13,白,1,川XAH369,红,自培,-1,2014/11/5 0:00,-1,奥迪牌,-1,364547000000000000 ,356168000000000000 ,199206,196807,9,0,5,工作日,早高峰(7-9点),2015-05-11,2015年5月11日,多云 /多云,24℃ / 13℃,东北风 ≤3级 /东北风 ≤3级,多云,多云,24,13,东北风,≤3级,东北风,≤3级,day
2015-05-04 07:40:00,黔灵山路,8、依法应负全责的其他情形,负全部责任,不负责任,1,贵A6CF04,白,1,贵AU2279,黄,（乌当区）新天驾驶培训有限公司,自培,2009/9/4 0:00,2009/3/25 0:00,五菱牌,宝来牌,366877000000000000 ,366347000000000000 ,197705,198410,7,0,5,工作日,早高峰(7-9点),2015-05-04,2015年5月4日,阵雨 /阵雨,20℃ / 14℃,东北风 ≤3级 /东北风 ≤3级,阵雨,阵雨,20,14,东北风,≤3级,东北风,≤3级,day
2015-04-18 13:30:00,中华南路,1、追尾的,负全部责任,不负责任,1,贵AUA294,蓝,1,贵GY7946,白,市警校驾校,文通驾校,2009/12/10 0:00,-1,吉利美日牌,梅赛德斯-奔驰牌,366361000000000000 ,366670000000000000 ,198204,198812,13,5,4,工作日,非高峰,2015-04-18,2015年4月18日,多云 /雷阵雨,29℃ / 16℃,南风 ≤3级 /南风 ≤3级,多云,雷阵雨,29,16,南风,≤3级,南风,≤3级,day
2015-05-10 16:40:00,高坡,7、未按规定让行的 ,负全部责任,不负责任,1,贵A0M069,白色,1,贵A79M77,白色,全林驾校,市交校,2012/4/17 0:00,2013/8/22 0:00,-1,马自达牌,364556000000000000 ,364547000000000000 ,198108,197008,16,6,5,周末,非高峰,2015-05-10,2015年5月10日,阵雨 /雷阵雨,25℃ / 14℃,南风 ≤3级 /南风 ≤3级,阵雨,雷阵雨,25,14,南风,≤3级,南风,≤3级,day
2015-04-19 08:00:00,西二环,1、追尾的,负全部责任,不负责任,1,贵A6981F,银,1,贵A216H8,银,（云岩区）省交通职业技术驾驶培训学校,-1,2008/1/23 0:00,-1,长安牌,解放牌,364557000000000000 ,54663500000000000 ,198407,198511,8,6,4,周末,早高峰(7-9点),2015-04-19,2015年4月19日,阵雨 /阵雨,22℃ / 13℃,东北风 ≤3级 /东北风 ≤3级,阵雨,阵雨,22,13,东北风,≤3级,东北风,≤3级,day
2015-04-18 15:40:00,花溪大道,7、未按规定让行的 ,负全部责任,不负责任,1,贵GM1131,黑色,1,贵FG2157,白色,新天驾校,铁二局驾校,2011/7/18 0:00,2012/4/6 0:00,迷你,五菱牌,364547000000000000 ,366067000000000000 ,198905,197904,15,5,4,工作日,非高峰,2015-04-18,2015年4月18日,多云 /雷阵雨,29℃ / 16℃,南风 ≤3级 /南风 ≤3级,多云,雷阵雨,29,16,南风,≤3级,南风,≤3级,day
2015-04-25 11:20:00,黔中大道,1、追尾的,负全部责任,不负责任,1,贵A90096,白色,1,贵AB999B,白色,贵州晨运驾驶培训学校,高新驾校,2011/4/7 0:00,2015/2/13 0:00,豪泺牌,北京牌,364556000000000000 ,364556000000000000 ,198212,199410,11,5,4,工作日,非高峰,2015-04-25,2015年4月25日,阴 /阵雨,20℃ / 11℃,东风 ≤3级 /东南风 ≤3级,阴,阵雨,20,11,东风,≤3级,东南风,≤3级,day
2015-04-25 12:30:00,小关,1、追尾的,负全部责任,不负责任,1,贵A3259K,白,1,贵AW8845,白,纳雍县顺达汽车驾驶培训有限公司,-1,2009/8/23 0:00,-1,江淮牌,丰田牌,366046000000000000 ,366846000000000000 ,198609,198205,12,5,4,工作日,非高峰,2015-04-25,2015年4月25日,阴 /阵雨,20℃ / 11℃,东风 ≤3级 /东南风 ≤3级,阴,阵雨,20,11,东风,≤3级,东南风,≤3级,day
2015-04-25 15:15:00,金珠西路,7、未按规定让行的 ,负全部责任,不负责任,1,贵GV16,黄,1,贵A057A92,红,路路达驾校,520115,2014/4/17 0:00,2008/4/10 0:00,-1,-1,364548000000000000 ,36455651994368637X,197212,198805,15,5,4,工作日,非高峰,2015-04-25,2015年4月25日,阴 /阵雨,20℃ / 11℃,东风 ≤3级 /东南风 ≤3级,阴,阵雨,20,11,东风,≤3级,东南风,≤3级,day