accidenttime,accidentaddr,driver1fault,driver1responsibility,driver2responsibility,sex1,platenumber1,carcolor1,sex2,platenumber2,carcolor2,jxmc1,jxmc2,cclzrq1,cclzrq2,clpp1,clpp2,driver1license,driver2license,brith1,brith2,hour,weekday,month,is_weekday,peak_hour,date,日期,天气状况,气温,风力风向,day_wea,night_wea,day_tep,night_tep,day_wind_direction,day_wind_speed,night_wind_direction,night_wind_speed,segment
2015-04-26 04:20:00,嘉润路,9、不符合前8款规定或者双方同时具有上述情形的,负同等责任,负同等责任,1,贵A49553,白色,1,贵A095B6,白色,鑫鑫驾校（花溪区）,鑫鑫驾校,2015/4/3 0:00,2012/9/21 0:00,帕萨特,解放牌,366068000000000000 ,344664000000000000 ,197311,199403,4,6,4,周末,非高峰,2015-04-26,2015年4月26日,阵雨 /阵雨,18℃ / 14℃,东南风 ≤3级 /东北风 ≤3级,阵雨,阵雨,18,14,东南风,≤3级,东北风,≤3级,night
2015-05-03 18:10:00,富水北路,7、未按规定让行的 ,负全部责任,不负责任,0,贵HBV954,白,0,贵JBS387,蓝,鑫鑫驾校,省交校,2014/5/7 0:00,2014/4/24 0:00,东风雪铁龙牌,-1,364547000000000000 ,364547000000000000 ,198205,199306,18,6,5,周末,晚高峰(17-19点),2015-05-03,2015年5月3日,阵雨 /阵雨,25℃ / 15℃,东北风 ≤3级 /东北风 ≤3级,阵雨,阵雨,25,15,东北风,≤3级,东北风,≤3级,day
2015-05-10 13:30:00,花溪车站,7、未按规定让行的 ,负全部责任,不负责任,1,贵A639G7,白色,1,贵APH875,白色,鑫鑫驾校,时发驾校,2014/9/19 0:00,2013/5/20 0:00,解放牌,松花江,35526551925440547X,364596000000000000 ,198610,198801,13,6,5,周末,非高峰,2015-05-10,2015年5月10日,阵雨 /雷阵雨,25℃ / 14℃,南风 ≤3级 /南风 ≤3级,阵雨,雷阵雨,25,14,南风,≤3级,南风,≤3级,day
2015-04-19 06:30:00,水东路,7、未按规定让行的 ,负全部责任,不负责任,1,贵A29E77,白色,1,贵A79B42,白色,顺一驾驶培训学校,-1,2012/4/26 0:00,-1,宝马,福克斯牌,364548000000000000 ,366064000000000000 ,199103,198507,6,6,4,周末,非高峰,2015-04-19,2015年4月19日,阵雨 /阵雨,22℃ / 13℃,东北风 ≤3级 /东北风 ≤3级,阵雨,阵雨,22,13,东北风,≤3级,东北风,≤3级,day
2015-05-10 06:40:00,云岩广场,3、倒车的,负全部责任,不负责任,1,贵A27G37,白,1,贵AEJ592,红,平安驾校（乌当区）,自培,2015/3/23 0:00,2004/8/25 0:00,比亚迪牌,飞度牌,355296000000000000 ,366346000000000000 ,198701,197709,6,6,5,周末,非高峰,2015-05-10,2015年5月10日,阵雨 /雷阵雨,25℃ / 14℃,南风 ≤3级 /南风 ≤3级,阵雨,雷阵雨,25,14,南风,≤3级,南风,≤3级,day
2015-05-03 21:00:00,富源路,8、依法应负全责的其他情形,负全部责任,不负责任,1,贵A25A99,白色,1,贵A5889警,白色,铁二局驾校,-1,2011/10/25 0:00,-1,速腾牌,-1,366770000000000000 ,364547000000000000 ,198402,197312,21,6,5,周末,非高峰,2015-05-03,2015年5月3日,阵雨 /阵雨,25℃ / 15℃,东北风 ≤3级 /东北风 ≤3级,阵雨,阵雨,25,15,东北风,≤3级,东北风,≤3级,night
2015-04-19 10:20:00,中华北路,9、不符合前8款规定或者双方同时具有上述情形的,负同等责任,负同等责任,1,贵AHP675,白色,1,贵AU7744,白色,（南明区）阳光驾驶培训有限公司,毕节地区黔中汽车(摩托车)驾驶培训学校,2005/1/25 0:00,1995/8/21 0:00,福克斯牌,捷达牌,364548000000000000 ,364547000000000000 ,195408,197208,10,6,4,周末,非高峰,2015-04-19,2015年4月19日,阵雨 /阵雨,22℃ / 13℃,东北风 ≤3级 /东北风 ≤3级,阵雨,阵雨,22,13,东北风,≤3级,东北风,≤3级,day
2015-05-10 20:30:00,王家桥,5、开关车门的,负全部责任,不负责任,1,贵AWY454,黑,1,贵A39X77,蓝,贵州省仁怀市汽车驾驶培训有限责任公司,520109,-1,2008/1/10 0:00,北京现代牌,比亚迪牌,366575000000000000 ,364547000000000000 ,199003,198903,20,6,5,周末,非高峰,2015-05-10,2015年5月10日,阵雨 /雷阵雨,25℃ / 14℃,南风 ≤3级 /南风 ≤3级,阵雨,雷阵雨,25,14,南风,≤3级,南风,≤3级,night
2015-05-11 07:48:00,花果园,1、追尾的,负全部责任,不负责任,1,贵A28V67,白,1,贵AET899,黄,（白云区）消防驾驶培训学校,自培,2005/3/9 0:00,1997/12/19 0:00,-1,比亚迪牌,36454751904360565X,364547000000000000 ,198405,197507,7,0,5,工作日,早高峰(7-9点),2015-05-11,2015年5月11日,多云 /多云,24℃ / 13℃,东北风 ≤3级 /东北风 ≤3级,多云,多云,24,13,东北风,≤3级,东北风,≤3级,day
2015-05-11 07:50:00,金朱东路,1、追尾的,负全部责任,不负责任,1,贵AGQ549,白,1,贵AYU379,白,（花溪区）鑫鑫驾驶培训有限公司,520118,2010/1/27 0:00,2010/3/4 0:00,起亚牌,-1,36686151974564417X,364557000000000000 ,198301,197508,7,0,5,工作日,早高峰(7-9点),2015-05-11,2015年5月11日,多云 /多云,24℃ / 13℃,东北风 ≤3级 /东北风 ≤3级,多云,多云,24,13,东北风,≤3级,东北风,≤3级,day
2015-04-19 10:05:00,西二环,1、追尾的,负全部责任,不负责任,1,贵ADJ863,白,1,贵A86G47,黑,（白云区）景宏驾驶培训有限公司,贵大驾校,2010/8/6 0:00,2013/2/22 0:00,南骏牌,大众牌,366876000000000000 ,366562000000000000 ,197306,198006,10,6,4,周末,非高峰,2015-04-19,2015年4月19日,阵雨 /阵雨,22℃ / 13℃,东北风 ≤3级 /东北风 ≤3级,阵雨,阵雨,22,13,东北风,≤3级,东北风,≤3级,day
2015-04-19 11:00:00,西二环,7、未按规定让行的 ,负全部责任,不负责任,1,贵JB2587,白色,1,贵AS09A3,白色,（南明区）吉源驾驶培训有限公司,路顺驾校,2007/7/16 0:00,2014/3/4 0:00,福特牌,-1,785770000000000000 ,534041000000000000 ,198611,198909,11,6,4,周末,非高峰,2015-04-19,2015年4月19日,阵雨 /阵雨,22℃ / 13℃,东北风 ≤3级 /东北风 ≤3级,阵雨,阵雨,22,13,东北风,≤3级,东北风,≤3级,day
2015-04-26 13:00:00,世纪城,3、倒车的,负全部责任,不负责任,1,贵AP7H39,红,1,贵A85X89,黄,（南明区）阳光驾驶培训有限公司,自培,2006/9/4 0:00,2003/10/16 0:00,-1,宝马牌,354654000000000000 ,354657000000000000 ,197302,197206,13,6,4,周末,非高峰,2015-04-26,2015年4月26日,阵雨 /阵雨,18℃ / 14℃,东南风 ≤3级 /东北风 ≤3级,阵雨,阵雨,18,14,东南风,≤3级,东北风,≤3级,day
2015-05-10 19:00:00,花溪,7、未按规定让行的 ,负全部责任,不负责任,1,贵A19G34,白色,1,贵A19234,白色,诚信驾驶培训学校,自培,2010/8/6 0:00,1998/11/17 0:00,中华牌,现代胜达,364568000000000000 ,366347000000000000 ,199110,197611,19,6,5,周末,晚高峰(17-19点),2015-05-10,2015年5月10日,阵雨 /雷阵雨,25℃ / 14℃,南风 ≤3级 /南风 ≤3级,阵雨,雷阵雨,25,14,南风,≤3级,南风,≤3级,day
2015-05-10 18:30:00,保利温泉,7、未按规定让行的 ,负全部责任,不负责任,1,贵AAI123,白,1,贵AU5839,黄,全林驾校,新天驾校,2014/7/13 0:00,2011/9/8 0:00,-1,捷达牌,364566000000000000 ,364566000000000000 ,199003,199205,18,6,5,周末,晚高峰(17-19点),2015-05-10,2015年5月10日,阵雨 /雷阵雨,25℃ / 14℃,南风 ≤3级 /南风 ≤3级,阵雨,雷阵雨,25,14,南风,≤3级,南风,≤3级,day
2015-04-19 14:00:00,花果园,7、未按规定让行的 ,负全部责任,不负责任,1,贵A24885,白色,1,贵JAJ415,白色,自培,-1,2006/6/7 0:00,-1,柳特神力牌,大众汽车牌,364556000000000000 ,366864000000000000 ,197904,197701,14,6,4,周末,非高峰,2015-04-19,2015年4月19日,阵雨 /阵雨,22℃ / 13℃,东北风 ≤3级 /东北风 ≤3级,阵雨,阵雨,22,13,东北风,≤3级,东北风,≤3级,day
2015-05-10 18:00:00,中曹司大桥桥头,1、追尾的,负全部责任,不负责任,1,贵AA104U,白色,1,贵FR9152,白色,十一驾驶培训有限公司,预约考试窗口,2011/11/15 0:00,2007/7/30 0:00,红星牌,-1,366363000000000000 ,366046000000000000 ,198803,197306,18,6,5,周末,晚高峰(17-19点),2015-05-10,2015年5月10日,阵雨 /雷阵雨,25℃ / 14℃,南风 ≤3级 /南风 ≤3级,阵雨,雷阵雨,25,14,南风,≤3级,南风,≤3级,day
2015-05-10 19:01:00,肿瘤医院,7、未按规定让行的 ,负全部责任,不负责任,1,贵ET6339,白,1,贵AU7911,黑,贵州贵龙驾校,自培,2014/11/17 0:00,1998/2/19 0:00,-1,海格牌,366761000000000000 ,366561000000000000 ,197410,197502,19,6,5,周末,晚高峰(17-19点),2015-05-10,2015年5月10日,阵雨 /雷阵雨,25℃ / 14℃,南风 ≤3级 /南风 ≤3级,阵雨,雷阵雨,25,14,南风,≤3级,南风,≤3级,day
2015-04-19 13:45:00,黔灵山路,1、追尾的,负全部责任,不负责任,1,贵ADT358,蓝,1,贵A7522B,白,自培,路路达驾校,2007/12/26 0:00,2013/3/4 0:00,大众牌,长安牌,366562000000000000 ,364558000000000000 ,197510,197509,13,6,4,周末,非高峰,2015-04-19,2015年4月19日,阵雨 /阵雨,22℃ / 13℃,东北风 ≤3级 /东北风 ≤3级,阵雨,阵雨,22,13,东北风,≤3级,东北风,≤3级,day
2015-05-10 17:40:00,瑞金中路,7、未按规定让行的 ,负全部责任,不负责任,1,贵ARS192,白色,1,贵AU7374,白色,自培,预约考试窗口,2008/7/10 0:00,2006/8/31 0:00,夏利,宇通牌,366569000000000000 ,364547000000000000 ,197409,198712,17,6,5,周末,晚高峰(17-19点),2015-05-10,2015年5月10日,阵雨 /雷阵雨,25℃ / 14℃,南风 ≤3级 /南风 ≤3级,阵雨,雷阵雨,25,14,南风,≤3级,南风,≤3级,day
2015-04-19 10:10:00,观山湖,1、追尾的,负全部责任,不负责任,1,贵A109F1,白,1,贵A92S23,黑,路路达驾校,铜仁地区锦宏驾校,2013/9/12 0:00,-1,鹤云牌,奥迪牌,364566000000000000 ,366675000000000000 ,198812,198202,10,6,4,周末,非高峰,2015-04-19,2015年4月19日,阵雨 /阵雨,22℃ / 13℃,东北风 ≤3级 /东北风 ≤3级,阵雨,阵雨,22,13,东北风,≤3级,东北风,≤3级,day
2015-04-26 10:30:00,花溪,1、追尾的,负全部责任,不负责任,1,贵FJ9763,白色,1,贵GGD877,白色,（乌当区）平安驾驶培训有限公司,-1,2006/8/11 0:00,-1,英伦牌,纳智捷牌,366064000000000000 ,36455600000000000 ,197912,197082,10,6,4,周末,非高峰,2015-04-26,2015年4月26日,阵雨 /阵雨,18℃ / 14℃,东南风 ≤3级 /东北风 ≤3级,阵雨,阵雨,18,14,东南风,≤3级,东北风,≤3级,day
2015-04-19 15:00:00,花果园,3、倒车的,负全部责任,不负责任,1,贵AHT234,白色,1,贵A43L74,白色,安顺市黔中驾驶培训学校,全林驾校,-1,2014/2/26 0:00,荣威牌,长城牌,74246500000000000 ,355456000000000000 ,198508,198604,15,6,4,周末,非高峰,2015-04-19,2015年4月19日,阵雨 /阵雨,22℃ / 13℃,东北风 ≤3级 /东北风 ≤3级,阵雨,阵雨,22,13,东北风,≤3级,东北风,≤3级,day
2015-04-26 18:35:00,富源路,7、未按规定让行的 ,负全部责任,不负责任,1,贵A78L77,白色,1,临贵A5S718,白色,（南明区）市交通职业技术驾驶培训学校,520115,2011/4/26 0:00,-1,吉利牌,-1,364547000000000000 ,364556000000000000 ,196903,198812,18,6,4,周末,晚高峰(17-19点),2015-04-26,2015年4月26日,阵雨 /阵雨,18℃ / 14℃,东南风 ≤3级 /东北风 ≤3级,阵雨,阵雨,18,14,东南风,≤3级,东北风,≤3级,day
2015-05-04 16:00:00,金阳,7、未按规定让行的 ,负全部责任,不负责任,1,贵GX9256,白,1,贵A69337,黑,贵州晨运驾驶培训学校,贵州天河驾校,2011/6/13 0:00,2015/4/21 0:00,-1,隆鑫,36775500000000000 ,366668000000000000 ,198212,199602,16,0,5,工作日,非高峰,2015-05-04,2015年5月4日,阵雨 /阵雨,20℃ / 14℃,东北风 ≤3级 /东北风 ≤3级,阵雨,阵雨,20,14,东北风,≤3级,东北风,≤3级,day
2015-04-26 20:00:00,二戈寨,1、追尾的,负全部责任,不负责任,1,贵GU7816,白色,1,贵A9086L,白色,铁二局驾校,-1,2012/7/4 0:00,-1,-1,丰田牌,364547000000000000 ,366661000000000000 ,199302,198911,20,6,4,周末,非高峰,2015-04-26,2015年4月26日,阵雨 /阵雨,18℃ / 14℃,东南风 ≤3级 /东北风 ≤3级,阵雨,阵雨,18,14,东南风,≤3级,东北风,≤3级,night
2015-05-04 13:00:00,博物馆,7、未按规定让行的 ,负全部责任,不负责任,1,贵J02341,黑,0,贵AKW547,黑,（南明区）长安驾驶培训有限公司,自培,2010/4/7 0:00,2003/12/17 0:00,-1,雪佛兰牌,366875000000000000 ,364548000000000000 ,197803,195605,13,0,5,工作日,非高峰,2015-05-04,2015年5月4日,阵雨 /阵雨,20℃ / 14℃,东北风 ≤3级 /东北风 ≤3级,阵雨,阵雨,20,14,东北风,≤3级,东北风,≤3级,day
2015-04-13 10:22:00,白云区,1、追尾的,负全部责任,不负责任,0,贵AA3681,蓝,1,贵GV8418,白,景宏驾校,-1,2014/8/18 0:00,-1,帕萨特,北京现代牌,364568000000000000 ,34567500000000000 ,198511,985111,10,0,4,工作日,非高峰,2015-04-13,2015年4月13日,晴 /多云,23℃ / 8℃,东北风 ≤3级 /东北风 ≤3级,晴,多云,23,8,东北风,≤3级,东北风,≤3级,day
2015-05-04 17:00:00,观山东路,7、未按规定让行的 ,负全部责任,不负责任,1,贵AP707R,黄,1,贵GR1985,蓝,路路达驾校,吉源驾校,2012/12/3 0:00,2014/7/27 0:00,-1,宝骏牌,364557000000000000 ,364596000000000000 ,197002,198807,17,0,5,工作日,晚高峰(17-19点),2015-05-04,2015年5月4日,阵雨 /阵雨,20℃ / 14℃,东北风 ≤3级 /东北风 ≤3级,阵雨,阵雨,20,14,东北风,≤3级,东北风,≤3级,day
2015-04-26 19:00:00,小河长江路,1、追尾的,负全部责任,不负责任,1,贵AU5832,白色,1,贵AB9248,白色,文通驾校,毕节地区新毕驾校,2011/10/17 0:00,2006/5/17 0:00,三铃牌,嘉陵牌,364566000000000000 ,366046000000000000 ,199211,198102,19,6,4,周末,晚高峰(17-19点),2015-04-26,2015年4月26日,阵雨 /阵雨,18℃ / 14℃,东南风 ≤3级 /东北风 ≤3级,阵雨,阵雨,18,14,东南风,≤3级,东北风,≤3级,day
2015-05-04 20:15:00,新路口,1、追尾的,负全部责任,不负责任,1,贵AA365K,黑,1,贵A01416,黑,时发驾校,消防驾校,2014/4/23 0:00,2012/6/19 0:00,福克斯牌,华菱之星牌,364556000000000000 ,364558000000000000 ,198802,199104,20,0,5,工作日,非高峰,2015-05-04,2015年5月4日,阵雨 /阵雨,20℃ / 14℃,东北风 ≤3级 /东北风 ≤3级,阵雨,阵雨,20,14,东北风,≤3级,东北风,≤3级,night
2015-04-13 10:50:00,机场,7、未按规定让行的 ,负全部责任,不负责任,1,贵A9122C,白色,1,贵AU6643,白色,全林驾校,长运驾校,2014/5/20 0:00,2011/4/2 0:00,北京现代牌,金洪牌,366064000000000000 ,366064000000000000 ,197609,197802,10,0,4,工作日,非高峰,2015-04-13,2015年4月13日,晴 /多云,23℃ / 8℃,东北风 ≤3级 /东北风 ≤3级,晴,多云,23,8,东北风,≤3级,东北风,≤3级,day
2015-04-19 15:20:00,威清路,8、依法应负全责的其他情形,负全部责任,不负责任,1,贵A57H94,黄,1,贵A77N72,黄,惠水县黔岭机动车驾驶培训有限公司,贵州省长安驾驶培训学校,-1,1995/6/11 0:00,宝马,雪佛兰牌,354366000000000000 ,36454751834642693X,197211,197502,15,6,4,周末,非高峰,2015-04-19,2015年4月19日,阵雨 /阵雨,22℃ / 13℃,东北风 ≤3级 /东北风 ≤3级,阵雨,阵雨,22,13,东北风,≤3级,东北风,≤3级,day
2015-04-27 07:40:00,海马冲,1、追尾的,负全部责任,不负责任,1,贵AHY844,白,1,贵ARM166,银,（乌当区）全林驾驶培训有限公司,贵大佳德驾驶培训学校,2010/9/8 0:00,2014/11/19 0:00,捷达牌,吉利美日牌,366346000000000000 ,366246000000000000 ,198806,198907,7,0,4,工作日,早高峰(7-9点),2015-04-27,2015年4月27日,阴 /雷阵雨,21℃ / 14℃,东南风 ≤3级 /东北风 ≤3级,阴,雷阵雨,21,14,东南风,≤3级,东北风,≤3级,day
2015-05-05 07:30:00,二桥,8、依法应负全责的其他情形,负全部责任,不负责任,1,贵AVM361,白,1,贵AV0485,黄,（观山湖区）诚信驾驶培训有限公司,消防驾校,2010/3/16 0:00,1996/7/3 0:00,翼虎牌,长安牌,366064000000000000 ,366368000000000000 ,198102,197411,7,1,5,工作日,早高峰(7-9点),2015-05-05,2015年5月5日,阵雨 /阵雨,21℃ / 15℃,南风 ≤3级 /南风 ≤3级,阵雨,阵雨,21,15,南风,≤3级,南风,≤3级,day
2015-05-05 09:30:00,蓝天驾校,1、追尾的,负全部责任,不负责任,1,贵A75O88,蓝,1,贵APE357,白,蓝天驾校（观山湖区）,自培,2015/5/4 0:00,1995/9/17 0:00,-1,长安牌,364557000000000000 ,364547000000000000 ,199209,197710,9,1,5,工作日,早高峰(7-9点),2015-05-05,2015年5月5日,阵雨 /阵雨,21℃ / 15℃,南风 ≤3级 /南风 ≤3级,阵雨,阵雨,21,15,南风,≤3级,南风,≤3级,day
2015-04-14 07:47:00,小河平桥,1、追尾的,负全部责任,不负责任,1,贵JJZ393,黑色,1,贵JBQ359,白色,景宏驾校,自培,2012/6/28 0:00,2014/6/24 0:00,嘉隆牌,锋范牌,264368000000000000 ,366361000000000000 ,197711,198005,7,1,4,工作日,早高峰(7-9点),2015-04-14,2015年4月14日,晴 /多云,22℃ / 9℃,东风 ≤3级 /东风 ≤3级,晴,多云,22,9,东风,≤3级,东风,≤3级,day
2015-04-27 15:40:00,八匹马,7、未按规定让行的 ,负全部责任,不负责任,1,贵ANW639,蓝,1,贵AU8621,红,新天驾校,520109,2010/6/24 0:00,2009/9/17 0:00,起亚牌,瑞麒牌,366347000000000000 ,366067000000000000 ,197003,197602,15,0,4,工作日,非高峰,2015-04-27,2015年4月27日,阴 /雷阵雨,21℃ / 14℃,东南风 ≤3级 /东北风 ≤3级,阴,雷阵雨,21,14,东南风,≤3级,东北风,≤3级,day
2015-04-27 05:40:00,盐务街,2、逆行的,负全部责任,不负责任,0,贵AP9179,白,1,贵A55K55,白,织金县织通驾驶培训学校,-1,2010/12/28 0:00,-1,沃尔沃,大众汽车牌,366064000000000000 ,354554000000000000 ,197402,198611,5,0,4,工作日,非高峰,2015-04-27,2015年4月27日,阴 /雷阵雨,21℃ / 14℃,东南风 ≤3级 /东北风 ≤3级,阴,雷阵雨,21,14,东南风,≤3级,东北风,≤3级,night
2015-05-05 11:27:00,北京西路,7、未按规定让行的 ,负全部责任,不负责任,1,贵QR433P,白,1,贵AU3101,黄,市警校驾校,自培,2012/1/5 0:00,2009/12/2 0:00,-1,瑞麒牌,366367000000000000 ,364557000000000000 ,198210,197803,11,1,5,工作日,非高峰,2015-05-05,2015年5月5日,阵雨 /阵雨,21℃ / 15℃,南风 ≤3级 /南风 ≤3级,阵雨,阵雨,21,15,南风,≤3级,南风,≤3级,day
2015-04-27 09:20:00,王家桥,7、未按规定让行的 ,负全部责任,不负责任,1,贵AHN186,白色,1,贵HSQ379,白色,青正驾校,十一驾驶培训有限公司,2012/5/29 0:00,2014/4/15 0:00,哈飞牌,-1,364548000000000000 ,366367000000000000 ,198503,197811,9,0,4,工作日,早高峰(7-9点),2015-04-27,2015年4月27日,阴 /雷阵雨,21℃ / 14℃,东南风 ≤3级 /东北风 ≤3级,阴,雷阵雨,21,14,东南风,≤3级,东北风,≤3级,day
2015-04-14 09:50:00,百花山,1、追尾的,负全部责任,不负责任,1,贵GL1606,绿,1,贵A64N68,银,铁二局驾校,吉源驾校,2012/12/13 0:00,2014/8/1 0:00,五菱牌,长安牌,366068000000000000 ,366061000000000000 ,199301,196711,9,1,4,工作日,早高峰(7-9点),2015-04-14,2015年4月14日,晴 /多云,22℃ / 9℃,东风 ≤3级 /东风 ≤3级,晴,多云,22,9,东风,≤3级,东风,≤3级,day
2015-05-05 08:00:00,双峰北路,3、倒车的,负全部责任,不负责任,1,贵A31M25,白色,1,贵AL8539,白色,贵大驾校,预约考试窗口,2012/6/30 0:00,2006/11/9 0:00,长安牌,福特牌,364547000000000000 ,364548000000000000 ,198908,197604,8,1,5,工作日,早高峰(7-9点),2015-05-05,2015年5月5日,阵雨 /阵雨,21℃ / 15℃,南风 ≤3级 /南风 ≤3级,阵雨,阵雨,21,15,南风,≤3级,南风,≤3级,day
2015-05-10 19:00:00,龙洞堡,7、未按规定让行的 ,负全部责任,不负责任,1,贵A53G35,白色,1,贵FN9513,白色,遵义市泥桥诚兴汽车驾驶培训学校,吉源驾校,2011/9/15 0:00,2013/9/4 0:00,夏利牌,-1,366661000000000000 ,366068000000000000 ,199205,197311,19,6,5,周末,晚高峰(17-19点),2015-05-10,2015年5月10日,阵雨 /雷阵雨,25℃ / 14℃,南风 ≤3级 /南风 ≤3级,阵雨,雷阵雨,25,14,南风,≤3级,南风,≤3级,day
2015-04-27 10:00:00,偏坡,1、追尾的,负全部责任,不负责任,1,贵A25L12,白,1,贵A0655G,银,路路达驾校,全林驾校,2014/7/21 0:00,2011/11/2 0:00,传祺牌,北京现代牌,366577000000000000 ,364558000000000000 ,198810,197905,10,0,4,工作日,非高峰,2015-04-27,2015年4月27日,阴 /雷阵雨,21℃ / 14℃,东南风 ≤3级 /东北风 ≤3级,阴,雷阵雨,21,14,东南风,≤3级,东北风,≤3级,day
2015-05-05 08:00:00,大营路,7、未按规定让行的 ,负全部责任,不负责任,1,贵A23J42,黑,1,贵A3264V,白,全林驾校,520103,2014/7/10 0:00,2010/12/15 0:00,别克牌,马自达牌,36626051884567445X,364548000000000000 ,197701,198105,8,1,5,工作日,早高峰(7-9点),2015-05-05,2015年5月5日,阵雨 /阵雨,21℃ / 15℃,南风 ≤3级 /南风 ≤3级,阵雨,阵雨,21,15,南风,≤3级,南风,≤3级,day
2015-04-20 07:20:00,白云区,1、追尾的,负全部责任,不负责任,1,贵A5536B,白,0,贵A9559T,白,消防驾校,路路达驾校,2014/8/8 0:00,2012/10/26 0:00,中华牌,东风日产牌,364558000000000000 ,364558000000000000 ,197702,197608,7,0,4,工作日,早高峰(7-9点),2015-04-20,2015年4月20日,阴 /阴,20℃ / 11℃,东北风 ≤3级 /东北风 ≤3级,阴,阴,20,11,东北风,≤3级,东北风,≤3级,day
2015-04-20 00:00:00,沙冲路,7、未按规定让行的 ,负全部责任,不负责任,1,贵A57V88,白色,1,贵A0BL73,白色,鑫鑫驾校,长运驾校,2014/8/6 0:00,2013/10/29 0:00,福克斯牌,斯柯达牌,366061000000000000 ,366067000000000000 ,198708,199410,0,0,4,工作日,非高峰,2015-04-20,2015年4月20日,阴 /阴,20℃ / 11℃,东北风 ≤3级 /东北风 ≤3级,阴,阴,20,11,东北风,≤3级,东北风,≤3级,night
2015-05-05 12:00:00,中华北路,9、不符合前8款规定或者双方同时具有上述情形的,负同等责任,不负责任,1,贵AU2324,黄,1,贵ANG354,红,铁二局驾校,铁二局驾校,2011/5/4 0:00,2009/12/23 0:00,嘉陵牌,风神牌,364568000000000000 ,364548000000000000 ,198906,197111,12,1,5,工作日,非高峰,2015-05-05,2015年5月5日,阵雨 /阵雨,21℃ / 15℃,南风 ≤3级 /南风 ≤3级,阵雨,阵雨,21,15,南风,≤3级,南风,≤3级,day
2015-04-26 18:30:00,长江路,7、未按规定让行的 ,负全部责任,不负责任,1,贵FZ9932,白色,1,贵A963A4,白色,金沙县驰航驾驶培训学校,自培,2011/10/10 0:00,2011/7/7 0:00,长安牌,解放牌,366061000000000000 ,364566000000000000 ,198203,198912,18,6,4,周末,晚高峰(17-19点),2015-04-26,2015年4月26日,阵雨 /阵雨,18℃ / 14℃,东南风 ≤3级 /东北风 ≤3级,阵雨,阵雨,18,14,东南风,≤3级,东北风,≤3级,day
2015-05-04 14:00:00,二戈寨,7、未按规定让行的 ,负全部责任,不负责任,1,贵A4BL68,白色,1,贵ADB232,白色,吉源驾校,自培,2015/2/4 0:00,2003/1/23 0:00,雪佛兰牌,五菱牌,364547000000000000 ,364547000000000000 ,196901,197612,14,0,5,工作日,非高峰,2015-05-04,2015年5月4日,阵雨 /阵雨,20℃ / 14℃,东北风 ≤3级 /东北风 ≤3级,阵雨,阵雨,20,14,东北风,≤3级,东北风,≤3级,day
2015-04-27 14:30:00,八匹马,1、追尾的,负全部责任,不负责任,1,贵A11V53,红,1,贵AB5316,银,长运驾校,-1,2012/8/28 0:00,-1,江铃牌,隆鑫牌,364548000000000000 ,366369000000000000 ,198503,197803,14,0,4,工作日,非高峰,2015-04-27,2015年4月27日,阴 /雷阵雨,21℃ / 14℃,东南风 ≤3级 /东北风 ≤3级,阴,雷阵雨,21,14,东南风,≤3级,东北风,≤3级,day
2015-05-05 08:28:00,头桥, ,负全部责任,不负责任,1,贵JCS458,蓝,1,贵AKA718,蓝,省交校,-1,2010/11/12 0:00,-1,-1,思域牌,366570000000000000 ,57823447021 ,198902,3469,8,1,5,工作日,早高峰(7-9点),2015-05-05,2015年5月5日,阵雨 /阵雨,21℃ / 15℃,南风 ≤3级 /南风 ≤3级,阵雨,阵雨,21,15,南风,≤3级,南风,≤3级,day
2015-04-28 07:50:00,延安西路,7、未按规定让行的 ,负全部责任,不负责任,1,贵AC000C,白,1,贵ACV811,蓝,（云岩区）省交通职业技术驾驶培训学校,520134,2007/12/18 0:00,2008/1/10 0:00,别克牌,一汽佳星牌,364548000000000000 ,364568000000000000 ,198201,198506,7,1,4,工作日,早高峰(7-9点),2015-04-28,2015年4月28日,多云 /多云,25℃ / 15℃,东北风 ≤3级 /东北风 ≤3级,多云,多云,25,15,东北风,≤3级,东北风,≤3级,day
2015-04-28 08:30:00,金阳,7、未按规定让行的 ,负全部责任,不负责任,1,贵AGL007,红,1,贵A0AR12,银,（乌当区）平安驾驶培训有限公司,新天驾校,2010/2/25 0:00,2011/8/17 0:00,飞度,起亚牌,355463000000000000 ,36459551914943495X,196709,198908,8,1,4,工作日,早高峰(7-9点),2015-04-28,2015年4月28日,多云 /多云,25℃ / 15℃,东北风 ≤3级 /东北风 ≤3级,多云,多云,25,15,东北风,≤3级,东北风,≤3级,day
2015-05-06 12:25:00,开发大道,1、追尾的,负全部责任,不负责任,1,贵AU7748,白色,1,贵AW3095,白色,（经开区）顺一驾驶培训有限公司,-1,2008/11/12 0:00,-1,金龙牌,豪爵牌,366246000000000000 ,366763000000000000 ,197706,196702,12,2,5,工作日,非高峰,2015-05-06,2015年5月6日,多云 /多云,25℃ / 16℃,东北风 ≤3级 /南风 ≤3级,多云,多云,25,16,东北风,≤3级,南风,≤3级,day
2015-04-14 15:10:00,大关,4、停车时未挂低速档、未拉驻车制动，导致车辆滑行的,负全部责任,不负责任,1,贵ARG152,银,1,贵A2406学,蓝,吉源驾校（南明区）,顺一驾驶培训学校,2015/3/20 0:00,2010/12/20 0:00,五菱牌,-1,54663500000000000 ,364568000000000000 ,197302,198712,15,1,4,工作日,非高峰,2015-04-14,2015年4月14日,晴 /多云,22℃ / 9℃,东风 ≤3级 /东风 ≤3级,晴,多云,22,9,东风,≤3级,东风,≤3级,day