accidenttime,accidentaddr,driver1fault,driver1responsibility,driver2responsibility,sex1,platenumber1,carcolor1,sex2,platenumber2,carcolor2,jxmc1,jxmc2,cclzrq1,cclzrq2,clpp1,clpp2,driver1license,driver2license,brith1,brith2,hour,weekday,month,is_weekday,peak_hour,date,日期,天气状况,气温,风力风向,day_wea,night_wea,day_tep,night_tep,day_wind_direction,day_wind_speed,night_wind_direction,night_wind_speed,segment
2015-05-06 13:58:00,三桥,1、追尾的,负全部责任,不负责任,1,贵A9121T,蓝,1,贵A977LV,黄,贵大佳德驾驶培训学校,贵州平安驾驶培训学校,2011/11/7 0:00,2010/7/12 0:00,长城牌,-1,366067000000000000 ,364557000000000000 ,198912,198708,13,2,5,工作日,非高峰,2015-05-06,2015年5月6日,多云 /多云,25℃ / 16℃,东北风 ≤3级 /南风 ≤3级,多云,多云,25,16,东北风,≤3级,南风,≤3级,day
2015-05-06 08:30:00,碧海花园,7、未按规定让行的 ,负全部责任,不负责任,1,贵ARW765,红,1,贵AP2236,红,高新驾校,520134,2011/8/5 0:00,2007/9/29 0:00,解放牌,东风牌,774266000000000000 ,364548000000000000 ,197910,198603,8,2,5,工作日,早高峰(7-9点),2015-05-06,2015年5月6日,多云 /多云,25℃ / 16℃,东北风 ≤3级 /南风 ≤3级,多云,多云,25,16,东北风,≤3级,南风,≤3级,day
2015-04-14 15:15:00,湘雅村,9、不符合前8款规定或者双方同时具有上述情形的,负同等责任,负同等责任,1,贵GL4626,白,0,贵AKL618,黄,（乌当区）新天驾驶培训有限公司,（乌当区）新天驾驶培训有限公司,2006/1/6 0:00,-1,北京现代牌,雷克萨斯,366669000000000000 ,3645460000000000 ,198311,976081,15,1,4,工作日,非高峰,2015-04-14,2015年4月14日,晴 /多云,22℃ / 9℃,东风 ≤3级 /东风 ≤3级,晴,多云,22,9,东风,≤3级,东风,≤3级,day
2015-04-14 18:10:00,小车河,3、倒车的,负全部责任,不负责任,1,贵A79G12,黄,1,贵AX9194,银,全林驾校,-1,2013/12/19 0:00,-1,蒙迪欧牌,福克斯(FOCUS)牌,364547000000000000 ,366664000000000000 ,199003,199101,18,1,4,工作日,晚高峰(17-19点),2015-04-14,2015年4月14日,晴 /多云,22℃ / 9℃,东风 ≤3级 /东风 ≤3级,晴,多云,22,9,东风,≤3级,东风,≤3级,day
2015-04-28 11:00:00,西南环线,7、未按规定让行的 ,负全部责任,不负责任,1,贵CS0884,白色,1,桂MB3769,白色,遵义市航天汽车驾驶员培训有限公司,-1,2011/6/15 0:00,-1,奥迪牌,\N,366577000000000000 ,36863500000000000 ,198101,198411,11,1,4,工作日,非高峰,2015-04-28,2015年4月28日,多云 /多云,25℃ / 15℃,东北风 ≤3级 /东北风 ≤3级,多云,多云,25,15,东北风,≤3级,东北风,≤3级,day
2015-05-06 10:00:00,贵大附中,3、倒车的,负全部责任,不负责任,1,贵A342F4,白色,1,贵A1002H,白色,（南明区）吉源驾驶培训有限公司,-1,2008/5/27 0:00,-1,福田牌,解放牌,366067000000000000 ,366067000000000000 ,197502,197407,10,2,5,工作日,非高峰,2015-05-06,2015年5月6日,多云 /多云,25℃ / 16℃,东北风 ≤3级 /南风 ≤3级,多云,多云,25,16,东北风,≤3级,南风,≤3级,day
2015-05-06 10:20:00,贵大付中,3、倒车的,负全部责任,不负责任,1,贵A342F4,白色,1,贵A1002H,白色,（南明区）吉源驾驶培训有限公司,-1,2008/5/27 0:00,-1,福田牌,解放牌,366067000000000000 ,366067000000000000 ,197502,197407,10,2,5,工作日,非高峰,2015-05-06,2015年5月6日,多云 /多云,25℃ / 16℃,东北风 ≤3级 /南风 ≤3级,多云,多云,25,16,东北风,≤3级,南风,≤3级,day
2015-04-27 18:00:00,长江路,7、未按规定让行的 ,负全部责任,不负责任,1,贵ATP514,白色,1,贵A43E96,白色,长运驾校,景宏驾校,2014/8/28 0:00,2010/8/6 0:00,松花江,丰田牌,366362000000000000 ,36634551844354525X,197212,197005,18,0,4,工作日,晚高峰(17-19点),2015-04-27,2015年4月27日,阴 /雷阵雨,21℃ / 14℃,东南风 ≤3级 /东北风 ≤3级,阴,雷阵雨,21,14,东南风,≤3级,东北风,≤3级,day
2015-04-15 02:25:00,西二环,4、停车时未挂低速档、未拉驻车制动，导致车辆滑行的,负全部责任,不负责任,0,贵C89696,银,1,贵FT4365,蓝,新天驾校,-1,2011/4/29 0:00,-1,捷达牌,马自达牌,366363000000000000 ,366046000000000000 ,196412,199004,2,2,4,工作日,非高峰,2015-04-15,2015年4月15日,多云 /多云,24℃ / 16℃,东南风 ≤3级 /南风 ≤3级,多云,多云,24,16,东南风,≤3级,南风,≤3级,night
2015-04-21 09:00:00,后巢,9、不符合前8款规定或者双方同时具有上述情形的,负同等责任,负同等责任,1,贵AGY019,白色,1,贵AB532A,白色,（南明区）市交通职业技术驾驶培训学校,铁二局驾校,2009/12/8 0:00,2014/1/18 0:00,福田牌,东风标致牌,74365500000000000 ,364547000000000000 ,198705,198907,9,1,4,工作日,早高峰(7-9点),2015-04-21,2015年4月21日,阴 /阵雨,17℃ / 10℃,东北风 ≤3级 /东北风 ≤3级,阴,阵雨,17,10,东北风,≤3级,东北风,≤3级,day
2015-04-27 17:00:00,甲秀南路,7、未按规定让行的 ,负全部责任,不负责任,1,贵A95463,黑色,1,贵AJR601,白色,黔东南民族职业技术学院驾驶学校,520133,-1,2009/11/12 0:00,陕汽牌,夏利牌,36627751994867045X,356166000000000000 ,198807,197210,17,0,4,工作日,晚高峰(17-19点),2015-04-27,2015年4月27日,阴 /雷阵雨,21℃ / 14℃,东南风 ≤3级 /东北风 ≤3级,阴,雷阵雨,21,14,东南风,≤3级,东北风,≤3级,day
2015-04-17 16:00:00,花溪,7、未按规定让行的 ,负全部责任,不负责任,1,贵A9546J,白色,1,贵A84P22,白色,黔东南民族职业技术学院驾驶学校,贵州现代驾驶培训责任有限公司,-1,2013/1/25 0:00,长安,东风日产牌,36627751994867045X,36455551175642605X,198807,199312,16,4,4,工作日,非高峰,2015-04-17,2015年4月17日,多云 /多云,28℃ / 19℃,南风 ≤3级 /南风 ≤3级,多云,多云,28,19,南风,≤3级,南风,≤3级,day
2015-04-21 17:20:00,贵乌路,8、依法应负全责的其他情形,负全部责任,不负责任,1,贵A59E97,黑,1,贵A98M8J,黑,（南明区）铁二局驾驶培训有限公司,新华驾校,2005/11/21 0:00,2012/9/29 0:00,长安牌,-1,36454751964161645X,366347000000000000 ,198209,198403,17,1,4,工作日,晚高峰(17-19点),2015-04-21,2015年4月21日,阴 /阵雨,17℃ / 10℃,东北风 ≤3级 /东北风 ≤3级,阴,阵雨,17,10,东北风,≤3级,东北风,≤3级,day
2015-04-29 11:50:00,大营坡,1、追尾的,负全部责任,不负责任,1,贵A73Z86,黑,1,贵A27L57,银,（白云区）景宏驾驶培训有限公司,520109,2009/12/1 0:00,2008/10/22 0:00,凌派牌,奥迪牌,364558000000000000 ,354550000000000000 ,195510,198005,11,2,4,工作日,非高峰,2015-04-29,2015年4月29日,阵雨 /阵雨,26℃ / 16℃,东北风 ≤3级 /东南风 ≤3级,阵雨,阵雨,26,16,东北风,≤3级,东南风,≤3级,day
2015-04-20 08:59:00,乌当,8、依法应负全责的其他情形,负全部责任,不负责任,1,贵GM6895,白,1,贵A27E18,红,（经开区）顺一驾驶培训有限公司,自培,2008/11/12 0:00,2006/6/8 0:00,别克牌,福克斯牌,364547000000000000 ,366370000000000000 ,199003,197911,8,0,4,工作日,早高峰(7-9点),2015-04-20,2015年4月20日,阴 /阴,20℃ / 11℃,东北风 ≤3级 /东北风 ≤3级,阴,阴,20,11,东北风,≤3级,东北风,≤3级,day
2015-05-05 15:30:00,金阳大道,7、未按规定让行的 ,负全部责任,不负责任,1,贵A4CA43,蓝,1,贵A6F174,白,自培,自培,2007/11/22 0:00,2004/6/19 0:00,马自达牌,-1,364596000000000000 ,554541000000000000 ,198601,197908,15,1,5,工作日,非高峰,2015-05-05,2015年5月5日,阵雨 /阵雨,21℃ / 15℃,南风 ≤3级 /南风 ≤3级,阵雨,阵雨,21,15,南风,≤3级,南风,≤3级,day
2015-04-15 08:00:00, 花果园,9、不符合前8款规定或者双方同时具有上述情形的,负同等责任,负同等责任,1,贵JN0006,白,1,贵ADE311,白,无,无,2008/4/10 0:00,-1,起亚牌,东风牌,364548000000000000 ,74365500000000000 ,198903,197512,8,2,4,工作日,早高峰(7-9点),2015-04-15,2015年4月15日,多云 /多云,24℃ / 16℃,东南风 ≤3级 /南风 ≤3级,多云,多云,24,16,东南风,≤3级,南风,≤3级,day
2015-04-29 09:30:00,白云区,9、不符合前8款规定或者双方同时具有上述情形的,负同等责任,负同等责任,1,贵A0381P,蓝,1,贵A00788,红,青正驾校,金安驾校,2014/4/16 0:00,-1,众泰牌,铜江,364557000000000000 ,366369000000000000 ,196412,197803,9,2,4,工作日,早高峰(7-9点),2015-04-29,2015年4月29日,阵雨 /阵雨,26℃ / 16℃,东北风 ≤3级 /东南风 ≤3级,阵雨,阵雨,26,16,东北风,≤3级,东南风,≤3级,day
2015-04-28 17:40:00,新华路,8、依法应负全责的其他情形,负全部责任,不负责任,0,贵A28E71,黑,1,粤A7121G,银,新天驾校,蓝天驾校,2011/7/25 0:00,2014/5/7 0:00,别克牌,金杯牌,364568000000000000 ,366561000000000000 ,199105,197811,17,1,4,工作日,晚高峰(17-19点),2015-04-28,2015年4月28日,多云 /多云,25℃ / 15℃,东北风 ≤3级 /东北风 ≤3级,多云,多云,25,15,东北风,≤3级,东北风,≤3级,day
2015-04-21 14:40:00,甲秀南路,7、未按规定让行的 ,负全部责任,不负责任,1,贵GP4628,银,1,贵AW1162,银,消防驾校,吉源驾校,2011/10/13 0:00,2013/8/29 0:00,五菱牌,宝雕牌,366669000000000000 ,366361000000000000 ,197010,198405,14,1,4,工作日,非高峰,2015-04-21,2015年4月21日,阴 /阵雨,17℃ / 10℃,东北风 ≤3级 /东北风 ≤3级,阴,阵雨,17,10,东北风,≤3级,东北风,≤3级,day
2015-04-28 17:50:00,花溪平桥,9、不符合前8款规定或者双方同时具有上述情形的,负同等责任,负同等责任,1,贵A95463,白色,1,贵A3011W,白色,黔东南民族职业技术学院驾驶学校,黔东南民族职业技术学院驾驶学校,-1,2002/6/28 0:00,陕汽牌,东风日产牌,36627751994867045X,364556000000000000 ,198807,196905,17,1,4,工作日,晚高峰(17-19点),2015-04-28,2015年4月28日,多云 /多云,25℃ / 15℃,东北风 ≤3级 /东北风 ≤3级,多云,多云,25,15,东北风,≤3级,东北风,≤3级,day
2015-04-29 07:30:00,贵开路,1、追尾的,负全部责任,不负责任,1,贵ARG528,银,1,贵APE673,蓝,（乌当区）全林驾驶培训有限公司,-1,2005/1/26 0:00,-1,吉利牌,海马牌,364548000000000000 ,364548000000000000 ,196709,197001,7,2,4,工作日,早高峰(7-9点),2015-04-29,2015年4月29日,阵雨 /阵雨,26℃ / 16℃,东北风 ≤3级 /东南风 ≤3级,阵雨,阵雨,26,16,东北风,≤3级,东南风,≤3级,day
2015-04-15 12:53:00,转弯塘,1、追尾的,负全部责任,不负责任,1,贵A04684,黑,1,贵ANC578,黑,沿河县鸿发汽车驾驶培训有限公司,毕节地区黔中汽车(摩托车)驾驶培训学校,-1,2005/6/23 0:00,福田牌,梅赛德斯-奔驰牌,366670000000000000 ,366577000000000000 ,198806,197310,12,2,4,工作日,非高峰,2015-04-15,2015年4月15日,多云 /多云,24℃ / 16℃,东南风 ≤3级 /南风 ≤3级,多云,多云,24,16,东南风,≤3级,南风,≤3级,day
2015-04-15 08:25:00,白云区,7、未按规定让行的 ,负全部责任,不负责任,1,贵AA127A,银,1,贵A92N46,黑,凯信驾校,520102,2015/1/8 0:00,2009/9/4 0:00,五菱牌,丰田牌,356670000000000000 ,364558000000000000 ,197204,198611,8,2,4,工作日,早高峰(7-9点),2015-04-15,2015年4月15日,多云 /多云,24℃ / 16℃,东南风 ≤3级 /南风 ≤3级,多云,多云,24,16,东南风,≤3级,南风,≤3级,day
2015-04-29 08:50:00,六广门,8、依法应负全责的其他情形,负全部责任,不负责任,1,贵ANW211,银,1,云AF611K,蓝,（南明区）吉源驾驶培训有限公司,吉源驾校（南明区）,2006/5/30 0:00,1996/3/25 0:00,朗逸牌,北京现代牌,364547000000000000 ,366763000000000000 ,197806,196111,8,2,4,工作日,早高峰(7-9点),2015-04-29,2015年4月29日,阵雨 /阵雨,26℃ / 16℃,东北风 ≤3级 /东南风 ≤3级,阵雨,阵雨,26,16,东北风,≤3级,东南风,≤3级,day
2015-04-21 20:00:00,水口寺,7、未按规定让行的 ,负全部责任,不负责任,1,贵AU5142,白色,1,贵AA4487,白色,（观山湖区）诚信驾驶培训有限公司,-1,2008/5/27 0:00,-1,捷达牌,别克牌,366361000000000000 ,364547000000000000 ,197511,197511,20,1,4,工作日,非高峰,2015-04-21,2015年4月21日,阴 /阵雨,17℃ / 10℃,东北风 ≤3级 /东北风 ≤3级,阴,阵雨,17,10,东北风,≤3级,东北风,≤3级,night
2015-05-06 19:40:00,甲秀南路,1、追尾的,负全部责任,不负责任,1,贵AMR074,红,1,贵GV1166,红,新华驾校,-1,2011/1/12 0:00,-1,五菱牌,-1,74367500000000000 ,74298500000000000 ,198109,199409,19,2,5,工作日,晚高峰(17-19点),2015-05-06,2015年5月6日,多云 /多云,25℃ / 16℃,东北风 ≤3级 /南风 ≤3级,多云,多云,25,16,东北风,≤3级,南风,≤3级,day
2015-05-07 07:00:00,贵惠大道,7、未按规定让行的 ,负全部责任,不负责任,1,贵GY3065,白色,1,川9V8155,白色,顺一驾驶培训学校,-1,2015/1/9 0:00,-1,大众牌,-1,366666000000000000 ,366669000000000000 ,196209,198507,7,3,5,工作日,早高峰(7-9点),2015-05-07,2015年5月7日,阵雨 /雷阵雨,23℃ / 17℃,东南风 ≤3级 /东南风 ≤3级,阵雨,雷阵雨,23,17,东南风,≤3级,东南风,≤3级,day
2015-05-07 08:00:00,保利云山,1、追尾的,负全部责任,不负责任,1,贵A1BN73,红,1,贵AAT927,白,长运驾校,-1,2012/8/13 0:00,-1,福克斯牌,福克斯牌,366568000000000000 ,364548000000000000 ,198306,197501,8,3,5,工作日,早高峰(7-9点),2015-05-07,2015年5月7日,阵雨 /雷阵雨,23℃ / 17℃,东南风 ≤3级 /东南风 ≤3级,阵雨,雷阵雨,23,17,东南风,≤3级,东南风,≤3级,day
2015-05-07 11:40:00,粑粑坳,3、倒车的,负全部责任,不负责任,1,贵A5G582,红,1,贵AGE141,黑,铜仁通达汽车驾驶员培训有限公司,520127,-1,2008/1/4 0:00,-1,吉利牌,36667451894347407X,364557000000000000 ,197805,198501,11,3,5,工作日,非高峰,2015-05-07,2015年5月7日,阵雨 /雷阵雨,23℃ / 17℃,东南风 ≤3级 /东南风 ≤3级,阵雨,雷阵雨,23,17,东南风,≤3级,东南风,≤3级,day
2015-03-20 14:00:00,花果园,3、倒车的,负全部责任,不负责任,1,贵AU8187,绿色,1,贵A92A19,白色,（观山湖区）诚信驾驶培训有限公司,贵大驾校,2009/1/20 0:00,2011/10/11 0:00,先风牌,锋范牌,366566000000000000 ,364547000000000000 ,198207,198810,14,4,3,工作日,非高峰,2015-03-20,2015年3月20日,阴 /阵雨,14℃ / 10℃,东北风 ≤3级 /东北风 ≤3级,阴,阵雨,14,10,东北风,≤3级,东北风,≤3级,day
2015-04-15 16:25:00,北京路,1、追尾的,负全部责任,不负责任,1,贵AU8187,绿 ,1,贵A47A28,银,（观山湖区）诚信驾驶培训有限公司,自培,2009/1/20 0:00,2004/1/18 0:00,先风牌,SRX,366566000000000000 ,364548000000000000 ,198207,197806,16,2,4,工作日,非高峰,2015-04-15,2015年4月15日,多云 /多云,24℃ / 16℃,东南风 ≤3级 /南风 ≤3级,多云,多云,24,16,东南风,≤3级,南风,≤3级,day
2015-05-30 16:00:00,花溪,7、未按规定让行的 ,负全部责任,不负责任,1,贵A76W26,白色,1,贵GC6846,白色,（云岩区）省交通职业技术驾驶培训学校,高新驾校,2005/12/14 0:00,2012/5/11 0:00,北京现代牌,-1,366346000000000000 ,364556000000000000 ,198611,195906,16,5,5,工作日,非高峰,2015-05-30,2015年5月30日,阵雨 /阵雨,23℃ / 17℃,东北风 ≤3级 /东风 ≤3级,阵雨,阵雨,23,17,东北风,≤3级,东风,≤3级,day
2015-05-30 16:00:00,金阳,3、倒车的,负全部责任,不负责任,1,贵AAX214,红,1,贵A7693L,白,（南明区）长运驾驶培训有限公司,铁二局驾校,2005/10/9 0:00,2012/7/5 0:00,颐达牌,比亚迪牌,366347000000000000 ,364568000000000000 ,198405,199012,16,5,5,工作日,非高峰,2015-05-30,2015年5月30日,阵雨 /阵雨,23℃ / 17℃,东北风 ≤3级 /东风 ≤3级,阵雨,阵雨,23,17,东北风,≤3级,东风,≤3级,day
2015-05-22 14:00:00,小河,7、未按规定让行的 ,负全部责任,不负责任,1,贵A9643H,白色,1,贵GV2445,白色,文通驾校,自培,2011/7/5 0:00,2010/1/18 0:00,福特牌,-1,366577000000000000 ,366566000000000000 ,198611,198310,14,4,5,工作日,非高峰,2015-05-22,2015年5月22日,阵雨 /阵雨,19℃ / 14℃,东风 ≤3级 /东风 ≤3级,阵雨,阵雨,19,14,东风,≤3级,东风,≤3级,day
2015-05-07 14:00:00,浣纱路,1、追尾的,负全部责任,不负责任,1,贵AU0099,黄,0,贵A83A58,黑,阳光驾校,贵州省长安驾驶培训学校,2011/6/28 0:00,2011/6/22 0:00,宝来牌,吉利美日牌,36454651914967405X,366046000000000000 ,198908,197507,14,3,5,工作日,非高峰,2015-05-07,2015年5月7日,阵雨 /雷阵雨,23℃ / 17℃,东南风 ≤3级 /东南风 ≤3级,阵雨,雷阵雨,23,17,东南风,≤3级,东南风,≤3级,day
2015-05-30 17:43:00,粑粑坳,7、未按规定让行的 ,负全部责任,不负责任,1,贵FN6041,红,1,贵HK9145,银,时发驾校,自培,2012/2/21 0:00,-1,-1,-1,364566000000000000 ,366561000000000000 ,198702,196807,17,5,5,工作日,晚高峰(17-19点),2015-05-30,2015年5月30日,阵雨 /阵雨,23℃ / 17℃,东北风 ≤3级 /东风 ≤3级,阵雨,阵雨,23,17,东北风,≤3级,东风,≤3级,day
2015-05-22 14:00:00,白云区,3、倒车的,负全部责任,不负责任,0,贵HAN646,白,1,贵A333E7,白,景宏驾校,省交校,2012/6/28 0:00,2014/7/14 0:00,-1,五菱牌,344671000000000000 ,366569000000000000 ,198512,199403,14,4,5,工作日,非高峰,2015-05-22,2015年5月22日,阵雨 /阵雨,19℃ / 14℃,东风 ≤3级 /东风 ≤3级,阵雨,阵雨,19,14,东风,≤3级,东风,≤3级,day
2015-05-07 16:20:00,中山东路,1、追尾的,负全部责任,不负责任,0,贵A3AU12,黑,1,贵A074C9,红,吉源驾校,新天驾校,2014/11/28 0:00,2012/1/9 0:00,福克斯牌,昌河牌,364548000000000000 ,355468000000000000 ,198807,198805,16,3,5,工作日,非高峰,2015-05-07,2015年5月7日,阵雨 /雷阵雨,23℃ / 17℃,东南风 ≤3级 /东南风 ≤3级,阵雨,雷阵雨,23,17,东南风,≤3级,东南风,≤3级,day
2015-04-15 15:09:00,大营坡,1、追尾的,负全部责任,不负责任,1,贵AJ7354,黄,1,贵GY5592,白,铁二局驾校,铁二局驾校,2012/10/16 0:00,2013/12/27 0:00,大阳牌,雪佛兰牌,364568000000000000 ,364596000000000000 ,198908,198710,15,2,4,工作日,非高峰,2015-04-15,2015年4月15日,多云 /多云,24℃ / 16℃,东南风 ≤3级 /南风 ≤3级,多云,多云,24,16,东南风,≤3级,南风,≤3级,day
2015-05-22 08:35:00,百花山路,8、依法应负全责的其他情形,负全部责任,不负责任,1,贵A9BN53,蓝,1,贵A4651N,黄,铁二局驾校（南明区）,铁二局驾校,2015/4/1 0:00,2011/6/15 0:00,马自达牌,比亚迪牌,54963500000000000 ,364548000000000000 ,198105,198707,8,4,5,工作日,早高峰(7-9点),2015-05-22,2015年5月22日,阵雨 /阵雨,19℃ / 14℃,东风 ≤3级 /东风 ≤3级,阵雨,阵雨,19,14,东风,≤3级,东风,≤3级,day
2015-04-15 17:30:00,白云区,8、依法应负全责的其他情形,负全部责任,不负责任,1,贵A14K61,黑,1,贵D96299,白,（南明区）金大驾驶培训有限公司,时发,2005/11/30 0:00,2005/4/4 0:00,红旗牌,朗逸牌,74366500000000000 ,366670000000000000 ,197201,197103,17,2,4,工作日,晚高峰(17-19点),2015-04-15,2015年4月15日,多云 /多云,24℃ / 16℃,东南风 ≤3级 /南风 ≤3级,多云,多云,24,16,东南风,≤3级,南风,≤3级,day
2015-05-22 08:30:00,解放路,8、依法应负全责的其他情形,负全部责任,不负责任,1,贵ACK817,红,0,贵AU9603,绿,（南明区）阳光驾驶培训有限公司,株洲市交通技校,2004/12/30 0:00,2000/11/21 0:00,宝骏牌,海陵牌,366568000000000000 ,74667500000000000 ,198103,197206,8,4,5,工作日,早高峰(7-9点),2015-05-22,2015年5月22日,阵雨 /阵雨,19℃ / 14℃,东风 ≤3级 /东风 ≤3级,阵雨,阵雨,19,14,东风,≤3级,东风,≤3级,day
2015-04-15 18:05:00,记住路,8、依法应负全责的其他情形,负全部责任,不负责任,1,贵GX9302,白,1,贵A2487B,黄,人武驾校,路路达驾校,2014/11/5 0:00,2014/9/2 0:00,奥迪牌,大众汽车牌,364556000000000000 ,364558000000000000 ,198907,197607,18,2,4,工作日,晚高峰(17-19点),2015-04-15,2015年4月15日,多云 /多云,24℃ / 16℃,东南风 ≤3级 /南风 ≤3级,多云,多云,24,16,东南风,≤3级,南风,≤3级,day
2015-05-07 14:00:00,北京西路,1、追尾的,负全部责任,不负责任,1,贵AB2519,黄,1,贵ABV397,黄,思南县铜南摩托车驾驶培训学校,长运驾校,2011/7/15 0:00,2004/10/25 0:00,凯诺牌,江淮牌,366664000000000000 ,364548000000000000 ,197102,195701,14,3,5,工作日,非高峰,2015-05-07,2015年5月7日,阵雨 /雷阵雨,23℃ / 17℃,东南风 ≤3级 /东南风 ≤3级,阵雨,雷阵雨,23,17,东南风,≤3级,东南风,≤3级,day
2015-05-07 10:36:00,嘉润路,9、不符合前8款规定或者双方同时具有上述情形的,负同等责任,负同等责任,1,贵ABA258,白色,1,贵AU1866,白色,顺一驾驶培训学校,六盘水昌达汽车摩托车驾驶培训学校有限公司,2012/5/21 0:00,2000/8/14 0:00,凯宴B5,瑞麒牌,364548000000000000 ,36454651964246527X,199204,198206,10,3,5,工作日,非高峰,2015-05-07,2015年5月7日,阵雨 /雷阵雨,23℃ / 17℃,东南风 ≤3级 /东南风 ≤3级,阵雨,雷阵雨,23,17,东南风,≤3级,东南风,≤3级,day
2015-05-23 10:00:00,同心路,7、未按规定让行的 ,负全部责任,不负责任,1,贵GQ8179,白,1,贵AU3238,黄,福泉市锦程机动车驾驶培训学校,长运驾校,2011/6/20 0:00,2010/6/22 0:00,-1,捷达牌,364558000000000000 ,364568000000000000 ,197005,199109,10,5,5,工作日,非高峰,2015-05-23,2015年5月23日,阵雨 /阴,19℃ / 14℃,东北风 ≤3级 /东北风 ≤3级,阵雨,阴,19,14,东北风,≤3级,东北风,≤3级,day
2015-05-15 08:00:00,八公里,1、追尾的,负全部责任,不负责任,1,贵A26G55,白色,1,贵AHY656,白色,（南明区）铁二局驾驶培训有限公司,预约考试窗口,2009/4/2 0:00,2006/3/1 0:00,长安牌,福克斯牌,36454651834146395X,364547000000000000 ,197509,196804,8,4,5,工作日,早高峰(7-9点),2015-05-15,2015年5月15日,阵雨 /阵雨,25℃ / 16℃,东北风 ≤3级 /东北风 ≤3级,阵雨,阵雨,25,16,东北风,≤3级,东北风,≤3级,day
2015-05-22 19:10:00,新添寨,1、追尾的,负全部责任,不负责任,1,贵AC686S,黄,1,贵A19E41,红,贵州平安驾驶培训学校,-1,2010/12/31 0:00,-1,力帆牌,蒙迪欧牌,364557000000000000 ,366669000000000000 ,199008,198302,19,4,5,工作日,晚高峰(17-19点),2015-05-22,2015年5月22日,阵雨 /阵雨,19℃ / 14℃,东风 ≤3级 /东风 ≤3级,阵雨,阵雨,19,14,东风,≤3级,东风,≤3级,day
2015-05-15 08:40:00,帝景传说,7、未按规定让行的 ,负全部责任,不负责任,0,贵AFY159,黑,1,贵AX1934,黑,诚信驾驶培训学校,520116,2015/2/4 0:00,1998/4/13 0:00,丰田牌,大运牌,354577000000000000 ,364557000000000000 ,197012,196501,8,4,5,工作日,早高峰(7-9点),2015-05-15,2015年5月15日,阵雨 /阵雨,25℃ / 16℃,东北风 ≤3级 /东北风 ≤3级,阵雨,阵雨,25,16,东北风,≤3级,东北风,≤3级,day
2015-05-22 16:15:00,兴筑西路,1、追尾的,负全部责任,不负责任,1,贵AB589N,红,1,贵FH7920,白,贵州现代驾驶培训责任有限公司,-1,2014/9/18 0:00,-1,吉利牌,-1,366347000000000000 ,366064000000000000 ,198101,196807,16,4,5,工作日,非高峰,2015-05-22,2015年5月22日,阵雨 /阵雨,19℃ / 14℃,东风 ≤3级 /东风 ≤3级,阵雨,阵雨,19,14,东风,≤3级,东风,≤3级,day
2015-05-15 08:28:00,火炬大道,8、依法应负全责的其他情形,负全部责任,不负责任,0,贵A52F66,黑,1,贵A482D5,白,全林驾校,新华驾校,2013/10/9 0:00,2006/11/15 0:00,东风日产牌,解放牌,366566000000000000 ,366564000000000000 ,198808,197303,8,4,5,工作日,早高峰(7-9点),2015-05-15,2015年5月15日,阵雨 /阵雨,25℃ / 16℃,东北风 ≤3级 /东北风 ≤3级,阵雨,阵雨,25,16,东北风,≤3级,东北风,≤3级,day
2015-05-07 09:50:00,油榨街,1、追尾的,负全部责任,不负责任,1,贵JBS253,白色,1,贵AV2988,白色,贵大佳德驾驶培训学校,自培,2012/9/25 0:00,2012/4/12 0:00,-1,创新牌,364568000000000000 ,74667500000000000 ,198506,198804,9,3,5,工作日,早高峰(7-9点),2015-05-07,2015年5月7日,阵雨 /雷阵雨,23℃ / 17℃,东南风 ≤3级 /东南风 ≤3级,阵雨,雷阵雨,23,17,东南风,≤3级,东南风,≤3级,day
2015-03-29 17:30:00,白云区,1、追尾的,负全部责任,不负责任,1,贵A24Y77,银,1,贵AS0442,银,（南明区）吉源驾驶培训有限公司,遵义县南白驾校,2009/6/15 0:00,2009/6/2 0:00,北京现代牌,金马牌,36604551824650005X,366569000000000000 ,197602,197511,17,6,3,周末,晚高峰(17-19点),2015-03-29,2015年3月29日,阴 /多云,18℃ / 15℃,东风 ≤3级 /南风 ≤3级,阴,多云,18,15,东风,≤3级,南风,≤3级,day
2015-05-23 14:22:00,太慈桥,3、倒车的,负全部责任,不负责任,1,鄂AB1H99,黑,1,贵AB608U,红,蓝天驾校（观山湖区）,省交校,2015/3/6 0:00,2013/5/27 0:00,-1,五菱牌,366870000000000000 ,366276000000000000 ,199011,199101,14,5,5,工作日,非高峰,2015-05-23,2015年5月23日,阵雨 /阴,19℃ / 14℃,东北风 ≤3级 /东北风 ≤3级,阵雨,阴,19,14,东北风,≤3级,东北风,≤3级,day
2015-05-23 13:04:00,中华南路,7、未按规定让行的 ,负同等责任,负同等责任,0,贵A2N382,白,1,贵A48907,黑,蓝天驾校,蓝天驾校,2012/6/13 0:00,2002/11/20 0:00,-1,别克牌,364547000000000000 ,366576000000000000 ,198908,197306,13,5,5,工作日,非高峰,2015-05-23,2015年5月23日,阵雨 /阴,19℃ / 14℃,东北风 ≤3级 /东北风 ≤3级,阵雨,阴,19,14,东北风,≤3级,东北风,≤3级,day
2015-05-23 15:24:00,北京西路,8、依法应负全责的其他情形,负全部责任,不负责任,1,贵AU8941,黄,1,贵GR1004,白,（花溪区）金马驾驶培训有限公司,-1,2006/1/19 0:00,-1,跃进牌,-1,366067000000000000 ,366666000000000000 ,198611,199211,15,5,5,工作日,非高峰,2015-05-23,2015年5月23日,阵雨 /阴,19℃ / 14℃,东北风 ≤3级 /东北风 ≤3级,阵雨,阴,19,14,东北风,≤3级,东北风,≤3级,day