accidenttime,accidentaddr,driver1fault,driver1responsibility,driver2responsibility,sex1,platenumber1,carcolor1,sex2,platenumber2,carcolor2,jxmc1,jxmc2,cclzrq1,cclzrq2,clpp1,clpp2,driver1license,driver2license,brith1,brith2,hour,weekday,month,is_weekday,peak_hour,date,日期,天气状况,气温,风力风向,day_wea,night_wea,day_tep,night_tep,day_wind_direction,day_wind_speed,night_wind_direction,night_wind_speed,segment
2015-05-16 12:45:00,东山路,9、不符合前8款规定或者双方同时具有上述情形的,负同等责任,不负责任,1,贵AS4841,白,1,贵AFR101,黄,（乌当区）新天驾驶培训有限公司,（花溪区）鑫鑫驾驶培训有限公司,2008/1/23 0:00,1998/5/6 0:00,豪爵牌,金杯牌,364547000000000000 ,364548000000000000 ,196803,197107,12,5,5,工作日,非高峰,2015-05-16,2015年5月16日,阴 /雷阵雨,23℃ / 17℃,东北风 ≤3级 /东风 ≤3级,阴,雷阵雨,23,17,东北风,≤3级,东风,≤3级,day
2015-05-24 11:50:00,友谊路,8、依法应负全责的其他情形,负全部责任,不负责任,0,贵A16M81,白,1,贵AUO303,黄,（南明区）市交通职业技术驾驶培训学校,520126,2008/5/23 0:00,2009/3/20 0:00,沃尔沃,-1,36636051234067579X,366347000000000000 ,196504,198411,11,6,5,周末,非高峰,2015-05-24,2015年5月24日,多云 /阴,24℃ / 18℃,东风 ≤3级 /东南风 ≤3级,多云,阴,24,18,东风,≤3级,东南风,≤3级,day
2015-03-18 15:40:00,都司路,7、未按规定让行的 ,负全部责任,不负责任,1,贵AU7817,蓝,1,贵A84K88,白,（经开区）十一驾驶培训有限公司,自培,2007/10/22 0:00,2007/12/20 0:00,金龙牌,丰田牌,36606751845449537X,364548000000000000 ,197010,196805,15,2,3,工作日,非高峰,2015-03-18,2015年3月18日,多云 /多云,24℃ / 14℃,南风 ≤3级 /南风 ≤3级,多云,多云,24,14,南风,≤3级,南风,≤3级,day
2015-05-23 14:00:00,金阳沃尔玛,7、未按规定让行的 ,负全部责任,不负责任,1,贵AU3716,绿,1,贵A59C15,红,文通驾校,自培,2011/5/19 0:00,2004/5/30 0:00,田达牌,东风标致牌,364557000000000000 ,364548000000000000 ,198108,196602,14,5,5,工作日,非高峰,2015-05-23,2015年5月23日,阵雨 /阴,19℃ / 14℃,东北风 ≤3级 /东北风 ≤3级,阵雨,阴,19,14,东北风,≤3级,东北风,≤3级,day
2015-05-23 14:00:00,清溪路,3、倒车的,负全部责任,不负责任,1,贵A25R28,白色,1,贵A82H88,白色,自培,自培,2011/9/27 0:00,2004/3/16 0:00,锋范牌,广汽菲亚特牌,364556000000000000 ,364547000000000000 ,198610,198305,14,5,5,工作日,非高峰,2015-05-23,2015年5月23日,阵雨 /阴,19℃ / 14℃,东北风 ≤3级 /东北风 ≤3级,阵雨,阴,19,14,东北风,≤3级,东北风,≤3级,day
2015-05-16 20:00:00,小河转盘,8、依法应负全责的其他情形,负全部责任,不负责任,1,贵A7BE25,白色,1,贵A7560B,白色,自培,顺一驾驶培训学校,2010/3/9 0:00,2012/10/29 0:00,长安牌,吉利美日牌,364547000000000000 ,366347000000000000 ,199106,198412,20,5,5,工作日,非高峰,2015-05-16,2015年5月16日,阴 /雷阵雨,23℃ / 17℃,东北风 ≤3级 /东风 ≤3级,阴,雷阵雨,23,17,东北风,≤3级,东风,≤3级,night
2015-05-16 13:00:00,贵钢花鸟市场,1、追尾的,负全部责任,不负责任,1,贵A68A15,白色,1,贵AW3441,白色,长运驾校,520134,2014/10/28 0:00,2008/9/12 0:00,-1,东风标致牌,366362000000000000 ,364547000000000000 ,199310,198804,13,5,5,工作日,非高峰,2015-05-16,2015年5月16日,阴 /雷阵雨,23℃ / 17℃,东北风 ≤3级 /东风 ≤3级,阴,雷阵雨,23,17,东北风,≤3级,东风,≤3级,day
2015-05-24 05:00:00,永乐乡,7、未按规定让行的 ,负全部责任,不负责任,1,贵A993E1,黑,1,贵FQ2598,红,凯信驾校（花溪区）,吉源驾校,2015/3/5 0:00,2012/9/4 0:00,江淮牌,-1,366768000000000000 ,366067000000000000 ,197804,197611,5,6,5,周末,非高峰,2015-05-24,2015年5月24日,多云 /阴,24℃ / 18℃,东风 ≤3级 /东南风 ≤3级,多云,阴,24,18,东风,≤3级,东南风,≤3级,night
2015-03-27 18:00:00,宝山路,1、追尾的,负全部责任,不负责任,1,贵AU7925,白色,1,贵A4AH48,白色,（观山湖区）蓝天驾驶培训有限公司,诚信驾驶培训学校,2005/1/28 0:00,2012/5/31 0:00,奇瑞牌,马自达牌,364548000000000000 ,364548000000000000 ,198601,198709,18,4,3,工作日,晚高峰(17-19点),2015-03-27,2015年3月27日,阵雨 /阵雨,18℃ / 13℃,南风 ≤3级 /南风 ≤3级,阵雨,阵雨,18,13,南风,≤3级,南风,≤3级,day
2015-05-16 15:00:00,小河黄河路,1、追尾的,负全部责任,不负责任,1,贵A13R69,白色,1,贵ANZ787,白色,十一驾校（经开区）,-1,2015/3/16 0:00,-1,森林人,锋范牌,364551000000000000 ,3645465122566706X,197911,196612,15,5,5,工作日,非高峰,2015-05-16,2015年5月16日,阴 /雷阵雨,23℃ / 17℃,东北风 ≤3级 /东风 ≤3级,阴,雷阵雨,23,17,东北风,≤3级,东风,≤3级,day
2015-05-24 11:00:00,贵惠大道,1、追尾的,负全部责任,不负责任,1,贵A17H73,黑色,1,贵JAC942,白色,铁二局驾校,吉源驾校（南明区）,2011/12/16 0:00,-1,奥迪牌,-1,34466051164651546X,366068000000000000 ,199202,199510,11,6,5,周末,非高峰,2015-05-24,2015年5月24日,多云 /阴,24℃ / 18℃,东风 ≤3级 /东南风 ≤3级,多云,阴,24,18,东风,≤3级,东南风,≤3级,day
2015-05-17 09:00:00,中曹司,1、追尾的,负全部责任,不负责任,1,贵AU8707,白色,1,贵CLZ827,白色,（乌当区）全林驾驶培训有限公司,十一驾驶培训有限公司,2010/1/25 0:00,2014/9/16 0:00,瑞麒牌,-1,366347000000000000 ,366562000000000000 ,198512,197511,9,6,5,周末,早高峰(7-9点),2015-05-17,2015年5月17日,阵雨 /雷阵雨,25℃ / 17℃,东北风 ≤3级 /南风 ≤3级,阵雨,雷阵雨,25,17,东北风,≤3级,南风,≤3级,day
2015-05-24 17:00:00,曹关路口,1、追尾的,负全部责任,不负责任,1,贵A62V46,蓝,0,贵FAK932,蓝,（白云区）消防驾驶培训学校,凯信驾校,2007/6/28 0:00,2014/12/24 0:00,思威牌,-1,366361000000000000 ,366068000000000000 ,196601,197910,17,6,5,周末,晚高峰(17-19点),2015-05-24,2015年5月24日,多云 /阴,24℃ / 18℃,东风 ≤3级 /东南风 ≤3级,多云,阴,24,18,东风,≤3级,东南风,≤3级,day
2015-05-24 17:00:00,枣山路,8、依法应负全责的其他情形,负全部责任,不负责任,0,贵AVK154,白,1,贵AV5767,银,（花溪区）金马驾驶培训有限公司,自培,2007/4/11 0:00,2008/9/1 0:00,大众牌,-1,366346000000000000 ,366068000000000000 ,198604,197507,17,6,5,周末,晚高峰(17-19点),2015-05-24,2015年5月24日,多云 /阴,24℃ / 18℃,东风 ≤3级 /东南风 ≤3级,多云,阴,24,18,东风,≤3级,东南风,≤3级,day
2015-05-24 17:10:00,解放西路,7、未按规定让行的 ,负全部责任,不负责任,0,贵A4CB70,黑,1,贵AU0427,蓝,（南明区）现代驾驶培训有限公司,自培,2009/3/25 0:00,2012/11/15 0:00,别克牌,钱江牌,364596000000000000 ,364548000000000000 ,199002,198301,17,6,5,周末,晚高峰(17-19点),2015-05-24,2015年5月24日,多云 /阴,24℃ / 18℃,东风 ≤3级 /东南风 ≤3级,多云,阴,24,18,东风,≤3级,东南风,≤3级,day
2015-05-25 00:16:00,合肥路,7、未按规定让行的 ,负全部责任,不负责任,0,贵AZF332,黑,0,贵A74X67,白,（云岩区）时发驾驶培训有限公司,自培,2009/4/10 0:00,1996/9/15 0:00,别克牌,北京现代,74595500000000000 ,364557000000000000 ,198112,196510,0,0,5,工作日,非高峰,2015-05-25,2015年5月25日,多云 /阵雨,26℃ / 19℃,东南风 ≤3级 /东南风 ≤3级,多云,阵雨,26,19,东南风,≤3级,东南风,≤3级,night
2015-05-17 11:00:00,花果园,3、倒车的,负全部责任,不负责任,1,贵A468G9,白色,1,贵FHL759,白色,消防驾校,顺一驾驶培训学校,2010/12/16 0:00,2010/6/22 0:00,东风牌,-1,366064000000000000 ,366064000000000000 ,197410,198609,11,6,5,周末,非高峰,2015-05-17,2015年5月17日,阵雨 /雷阵雨,25℃ / 17℃,东北风 ≤3级 /南风 ≤3级,阵雨,雷阵雨,25,17,东北风,≤3级,南风,≤3级,day
2015-05-16 21:50:00,宝山北路,1、追尾的,负全部责任,不负责任,0,贵FAT743,黑,1,贵AW9389,黄,时发驾校（云岩区）,自培,2015/4/17 0:00,2004/4/14 0:00,-1,迅龙牌,364557000000000000 ,366061000000000000 ,198912,197710,21,5,5,工作日,非高峰,2015-05-16,2015年5月16日,阴 /雷阵雨,23℃ / 17℃,东北风 ≤3级 /东风 ≤3级,阴,雷阵雨,23,17,东北风,≤3级,东风,≤3级,night
2015-05-23 17:20:00,杨家山隧道,1、追尾的,负全部责任,不负责任,1,贵AL1722,黑,1,贵AL531M,红,鑫鑫驾校,自培,2011/12/9 0:00,2011/9/7 0:00,银钢牌,-1,364556000000000000 ,366577000000000000 ,197607,197409,17,5,5,工作日,晚高峰(17-19点),2015-05-23,2015年5月23日,阵雨 /阴,19℃ / 14℃,东北风 ≤3级 /东北风 ≤3级,阵雨,阴,19,14,东北风,≤3级,东北风,≤3级,day
2015-05-24 17:32:00,瑞金北路,4、停车时未挂低速档、未拉驻车制动，导致车辆滑行的,负全部责任,不负责任,1,贵JEF299,蓝,1,贵JEG242,黑,文通驾校,吉源驾校,2012/9/21 0:00,2013/8/5 0:00,-1,-1,726061000000000000 ,366864000000000000 ,197001,199407,17,6,5,周末,晚高峰(17-19点),2015-05-24,2015年5月24日,多云 /阴,24℃ / 18℃,东风 ≤3级 /东南风 ≤3级,多云,阴,24,18,东风,≤3级,东南风,≤3级,day
2015-05-17 10:19:00,新添大道,1、追尾的,负全部责任,不负责任,1,贵A26C76,白,1,贵A55P51,白,市警校驾校,贵州省长安驾驶培训学校,2012/10/10 0:00,2012/9/6 0:00,东风标致牌,奥迪,366861000000000000 ,364547000000000000 ,198001,196302,10,6,5,周末,非高峰,2015-05-17,2015年5月17日,阵雨 /雷阵雨,25℃ / 17℃,东北风 ≤3级 /南风 ≤3级,阵雨,雷阵雨,25,17,东北风,≤3级,南风,≤3级,day
2015-05-25 00:00:00,金苏大道,8、依法应负全责的其他情形,负全部责任,不负责任,1,贵GK6548,红,1,贵A8807L,红,六枝特区顺安机动车驾驶培训学校有限公司,毕节市顺达汽车驾驶培训学校,-1,2002/12/25 0:00,-1,夏利牌,356168000000000000 ,366575000000000000 ,197710,196312,0,0,5,工作日,非高峰,2015-05-25,2015年5月25日,多云 /阵雨,26℃ / 19℃,东南风 ≤3级 /东南风 ≤3级,多云,阵雨,26,19,东南风,≤3级,东南风,≤3级,night
2015-05-24 16:20:00,百花大道,7、未按规定让行的 ,负全部责任,不负责任,1,贵A5708X,红,1,贵ANR091,黑,织金县织通驾驶培训学校,-1,2010/11/9 0:00,-1,长安牌,帕萨特牌,366064000000000000 ,35436351164164325X,197604,199209,16,6,5,周末,非高峰,2015-05-24,2015年5月24日,多云 /阴,24℃ / 18℃,东风 ≤3级 /东南风 ≤3级,多云,阴,24,18,东风,≤3级,东南风,≤3级,day
2015-05-17 12:18:00,云潭北路,7、未按规定让行的 ,负全部责任,不负责任,1,贵A91N17,蓝,1,贵ASV776,红,金马驾校（花溪区）,路路达驾校,2015/5/8 0:00,2014/12/2 0:00,名爵牌,长安牌,36454751134741325X,364558000000000000 ,199503,199501,12,6,5,周末,非高峰,2015-05-17,2015年5月17日,阵雨 /雷阵雨,25℃ / 17℃,东北风 ≤3级 /南风 ≤3级,阵雨,雷阵雨,25,17,东北风,≤3级,南风,≤3级,day
2015-05-17 14:03:00,百峰巷,9、不符合前8款规定或者双方同时具有上述情形的,负全部责任,不负责任,1,贵A532G1,白,0,贵ARX467,红,（乌当区）平安驾驶培训有限公司,长运驾校,2006/8/11 0:00,2014/2/21 0:00,金杯牌,吉利牌,354767000000000000 ,366767000000000000 ,197006,198505,14,6,5,周末,非高峰,2015-05-17,2015年5月17日,阵雨 /雷阵雨,25℃ / 17℃,东北风 ≤3级 /南风 ≤3级,阵雨,雷阵雨,25,17,东北风,≤3级,南风,≤3级,day
2015-05-25 14:00:00,黄河路,1、追尾的,负全部责任,不负责任,1,贵AAY329,白色,1,贵A37X75,白色,毕节地区威宁汽车驾驶培训学校,520114,-1,2009/1/8 0:00,-1,金杯牌,36606751955466515X,355266000000000000 ,198110,198612,14,0,5,工作日,非高峰,2015-05-25,2015年5月25日,多云 /阵雨,26℃ / 19℃,东南风 ≤3级 /东南风 ≤3级,多云,阵雨,26,19,东南风,≤3级,东南风,≤3级,day
2015-05-18 08:30:00,白金大道,9、不符合前8款规定或者双方同时具有上述情形的,负同等责任,负同等责任,1,贵GT6645,白,1,贵A3993U,蓝,（云岩区）省交通职业技术驾驶培训学校,文通驾校,2005/6/6 0:00,2012/9/24 0:00,-1,东风标致牌,366577000000000000 ,364557000000000000 ,197502,198205,8,0,5,工作日,早高峰(7-9点),2015-05-18,2015年5月18日,多云 /多云,25℃ / 18℃,东北风 ≤3级 /东北风 ≤3级,多云,多云,25,18,东北风,≤3级,东北风,≤3级,day
2015-05-25 16:00:00,营盘路,8、依法应负全责的其他情形,负全部责任,不负责任,1,贵A907A9,白色,1,贵JDT176,白色,铁二局驾校,市交校,2011/4/12 0:00,2012/12/12 0:00,解放牌,-1,366064000000000000 ,354166000000000000 ,198512,198208,16,0,5,工作日,非高峰,2015-05-25,2015年5月25日,多云 /阵雨,26℃ / 19℃,东南风 ≤3级 /东南风 ≤3级,多云,阵雨,26,19,东南风,≤3级,东南风,≤3级,day
2015-05-18 06:00:00,中曹司,3、倒车的,负全部责任,不负责任,1,京Q564R7,白色,1,贵A3301N,白色,全林驾校,铁二局驾校,2014/2/12 0:00,2012/11/9 0:00,-1,长安牌,354543000000000000 ,366368000000000000 ,197811,198006,6,0,5,工作日,非高峰,2015-05-18,2015年5月18日,多云 /多云,25℃ / 18℃,东北风 ≤3级 /东北风 ≤3级,多云,多云,25,18,东北风,≤3级,东北风,≤3级,day
2015-05-25 16:30:00,会展中心,4、停车时未挂低速档、未拉驻车制动，导致车辆滑行的,负全部责任,不负责任,0,贵A6761M,黑,1,渝A397X2,黑,路路达驾校,-1,2014/9/3 0:00,-1,吉利美日牌,-1,366669000000000000 ,344547000000000000 ,198706,199110,16,0,5,工作日,非高峰,2015-05-25,2015年5月25日,多云 /阵雨,26℃ / 19℃,东南风 ≤3级 /东南风 ≤3级,多云,阵雨,26,19,东南风,≤3级,东南风,≤3级,day
2015-05-17 17:01:00,八大队门口,7、未按规定让行的 ,负全部责任,不负责任,1,贵A8551U,红,1,贵F76727,蓝,黔丰驾校,顺一驾驶培训学校,2014/8/26 0:00,2012/5/29 0:00,力帆牌,-1,364557000000000000 ,364557000000000000 ,196705,199009,17,6,5,周末,晚高峰(17-19点),2015-05-17,2015年5月17日,阵雨 /雷阵雨,25℃ / 17℃,东北风 ≤3级 /南风 ≤3级,阵雨,雷阵雨,25,17,东北风,≤3级,南风,≤3级,day
2015-03-25 10:30:00,会展城,7、未按规定让行的 ,负全部责任,不负责任,0,贵A6761M,黑,1,贵A86J66,银,路路达驾校,-1,2014/9/3 0:00,-1,吉利美日牌,东风牌,366669000000000000 ,366568000000000000 ,198706,198812,10,2,3,工作日,非高峰,2015-03-25,2015年3月25日,阴 /阵雨,14℃ / 9℃,东北风 ≤3级 /东北风 ≤3级,阴,阵雨,14,9,东北风,≤3级,东北风,≤3级,day
2015-05-24 17:40:00,中渝第一城,1、追尾的,负全部责任,不负责任,1,贵A88F37,黑,1,贵A42R52,红,（南明区）阳光驾驶培训有限公司,自培,2005/9/15 0:00,2003/3/19 0:00,-1,大众汽车牌,355667000000000000 ,366566000000000000 ,198004,196702,17,6,5,周末,晚高峰(17-19点),2015-05-24,2015年5月24日,多云 /阴,24℃ / 18℃,东风 ≤3级 /东南风 ≤3级,多云,阴,24,18,东风,≤3级,东南风,≤3级,day
2015-05-17 19:08:00,金阳沃尔玛,7、未按规定让行的 ,负全部责任,不负责任,1,贵CET423,白,1,贵A993A9,红,遵义市海通机动车驾驶培训学校,-1,2012/6/14 0:00,-1,长城牌,长城牌,366546000000000000 ,35675500000000000 ,197910,972120,19,6,5,周末,晚高峰(17-19点),2015-05-17,2015年5月17日,阵雨 /雷阵雨,25℃ / 17℃,东北风 ≤3级 /南风 ≤3级,阵雨,雷阵雨,25,17,东北风,≤3级,南风,≤3级,day
2015-05-26 14:30:00,八匹马,1、追尾的,负全部责任,不负责任,1,贵GAE388,红,1,贵CPY847,红,安顺市张坪驾驶技术培训学校有限公司,自培,-1,-1,-1,-1,366346000000000000 ,366562000000000000 ,198709,198005,14,1,5,工作日,非高峰,2015-05-26,2015年5月26日,阵雨 /雷阵雨,26℃ / 20℃,东南风 ≤3级 /东北风 ≤3级,阵雨,雷阵雨,26,20,东南风,≤3级,东北风,≤3级,day
2015-05-15 16:00:00,保利云山,7、未按规定让行的 ,负全部责任,不负责任,1,贵A34K38,白色,1,鄂KB5491,白色,省交校,-1,2011/7/8 0:00,-1,大众汽车牌,-1,366367000000000000 ,66065500000000000 ,198103,197103,16,4,5,工作日,非高峰,2015-05-15,2015年5月15日,阵雨 /阵雨,25℃ / 16℃,东北风 ≤3级 /东北风 ≤3级,阵雨,阵雨,25,16,东北风,≤3级,东北风,≤3级,day
2015-05-19 07:00:00,锦江路,7、未按规定让行的 ,负全部责任,不负责任,1,贵AV3V89,白色,1,贵AEH964,白色,（乌当区）新华驾驶培训有限公司,黔南州交通驾驶学校,2006/8/7 0:00,-1,-1,宝来牌,364548000000000000 ,36686351295464445X,197010,196810,7,1,5,工作日,早高峰(7-9点),2015-05-19,2015年5月19日,阵雨 /大雨,25℃ / 18℃,东北风 ≤3级 /南风 ≤3级,阵雨,大雨,25,18,东北风,≤3级,南风,≤3级,day
2015-05-18 14:50:00,长岭南路,8、依法应负全责的其他情形,负全部责任,不负责任,1,贵A11H94,白,1,贵GQ2561,白,路路达驾校,-1,2014/7/21 0:00,-1,福克斯牌,-1,364558000000000000 ,364647000000000000 ,199009,199003,14,0,5,工作日,非高峰,2015-05-18,2015年5月18日,多云 /多云,25℃ / 18℃,东北风 ≤3级 /东北风 ≤3级,多云,多云,25,18,东北风,≤3级,东北风,≤3级,day
2015-05-26 15:00:00,小河,7、未按规定让行的 ,负全部责任,不负责任,1,贵A43632,白色,1,贵A96B41,白色,贵州现代驾驶培训责任有限公司,贵州现代驾驶培训责任有限公司,2014/12/29 0:00,2012/9/27 0:00,日野,-1,354367000000000000 ,664567000000000000 ,197202,198201,15,1,5,工作日,非高峰,2015-05-26,2015年5月26日,阵雨 /雷阵雨,26℃ / 20℃,东南风 ≤3级 /东北风 ≤3级,阵雨,雷阵雨,26,20,东南风,≤3级,东北风,≤3级,day
2015-05-18 12:00:00,贵开路,7、未按规定让行的 ,负全部责任,不负责任,1,贵A515C1,白,1,贵AV7397,黄,文通驾校,北海市海安机动车驾驶员培训学校,2010/2/2 0:00,2007/3/7 0:00,解放牌,大运牌,366066000000000000 ,344558000000000000 ,197409,198612,12,0,5,工作日,非高峰,2015-05-18,2015年5月18日,多云 /多云,25℃ / 18℃,东北风 ≤3级 /东北风 ≤3级,多云,多云,25,18,东北风,≤3级,东北风,≤3级,day
2015-05-18 16:30:00,大十字,7、未按规定让行的 ,负全部责任,不负责任,1,贵A8EB99,白,1,贵DK3248,白,沿河县鸿发汽车驾驶培训有限公司,沿河县鸿发汽车驾驶培训有限公司,2010/7/29 0:00,2010/7/29 0:00,雷克萨斯,-1,366670000000000000 ,366670000000000000 ,199108,199108,16,0,5,工作日,非高峰,2015-05-18,2015年5月18日,多云 /多云,25℃ / 18℃,东北风 ≤3级 /东北风 ≤3级,多云,多云,25,18,东北风,≤3级,东北风,≤3级,day
2015-04-30 16:50:00,龙洞堡,1、追尾的,负全部责任,不负责任,1,贵CET423,白,1,贵AN6381,黑,遵义市海通机动车驾驶培训学校,自培,2012/6/14 0:00,2001/5/15 0:00,长城牌,福田五星牌,366546000000000000 ,356166000000000000 ,197910,196501,16,3,4,工作日,非高峰,2015-04-30,2015年4月30日,阵雨 /阵雨,25℃ / 17℃,东南风 ≤3级 /东南风 ≤3级,阵雨,阵雨,25,17,东南风,≤3级,东南风,≤3级,day
2015-05-26 17:50:00,八匹马,7、未按规定让行的 ,负全部责任,不负责任,0,贵A66K74,白,1,贵A32C46,白,贵工驾校,自培,2013/9/13 0:00,2007/11/12 0:00,大众汽车牌,起亚牌,366276000000000000 ,374547000000000000 ,198204,196901,17,1,5,工作日,晚高峰(17-19点),2015-05-26,2015年5月26日,阵雨 /雷阵雨,26℃ / 20℃,东南风 ≤3级 /东北风 ≤3级,阵雨,雷阵雨,26,20,东南风,≤3级,东北风,≤3级,day
2015-05-27 07:50:00,上寨村,3、倒车的,负全部责任,不负责任,1,贵ACR928,白,1,贵AL2694,白,消防驾校,自培,2011/4/18 0:00,2001/8/21 0:00,大地牌,丰田牌,366064000000000000 ,356169000000000000 ,197111,196005,7,2,5,工作日,早高峰(7-9点),2015-05-27,2015年5月27日,阴 /阵雨,26℃ / 20℃,南风 ≤3级 /东北风 ≤3级,阴,阵雨,26,20,南风,≤3级,东北风,≤3级,day
2015-05-26 10:25:00,蛮破检查站,1、追尾的,负全部责任,不负责任,0,贵A9AW54,黄,0,贵AEG556,红,全林驾校,自培,2010/9/16 0:00,2001/11/6 0:00,吉利美日牌,起亚牌,364548000000000000 ,364548000000000000 ,197912,198211,10,1,5,工作日,非高峰,2015-05-26,2015年5月26日,阵雨 /雷阵雨,26℃ / 20℃,东南风 ≤3级 /东北风 ≤3级,阵雨,雷阵雨,26,20,东南风,≤3级,东北风,≤3级,day
2015-05-18 19:30:00,金关,3、倒车的,负全部责任,不负责任,1,贵A817C7,白,1,贵GU2225,蓝,青正驾校,自培,2012/3/9 0:00,2013/6/25 0:00,-1,-1,36459551995662745X,364596000000000000 ,198812,198810,19,0,5,工作日,晚高峰(17-19点),2015-05-18,2015年5月18日,多云 /多云,25℃ / 18℃,东北风 ≤3级 /东北风 ≤3级,多云,多云,25,18,东北风,≤3级,东北风,≤3级,day
2015-05-11 16:30:00,金戈路,1、追尾的,负全部责任,不负责任,1,贵A7388Z,黑色,1,贵A4241Y,白色,顺一驾驶培训学校,-1,2013/11/20 0:00,-1,长安牌,东风雪铁龙牌,364566000000000000 ,364551000000000000 ,198907,196409,16,0,5,工作日,非高峰,2015-05-11,2015年5月11日,多云 /多云,24℃ / 13℃,东北风 ≤3级 /东北风 ≤3级,多云,多云,24,13,东北风,≤3级,东北风,≤3级,day
2015-05-19 09:30:00,杨家山隧道,1、追尾的,负全部责任,不负责任,1,贵A12Y31,红,0,贵A47L95,白,（云岩区）贵大佳德驾驶培训有限公司,-1,2011/6/29 0:00,-1,雅阁,大众牌,364547000000000000 ,364548000000000000 ,198912,198508,9,1,5,工作日,早高峰(7-9点),2015-05-19,2015年5月19日,阵雨 /大雨,25℃ / 18℃,东北风 ≤3级 /南风 ≤3级,阵雨,大雨,25,18,东北风,≤3级,南风,≤3级,day
2015-05-27 09:00:00,杨家山隧道,7、未按规定让行的 ,负全部责任,不负责任,0,贵A8AW24,银,1,贵A433H6,黄,消防驾校,-1,2011/12/8 0:00,-1,东风雪铁龙牌,东风牌,364647000000000000 ,366864000000000000 ,198404,198612,9,2,5,工作日,早高峰(7-9点),2015-05-27,2015年5月27日,阴 /阵雨,26℃ / 20℃,南风 ≤3级 /东北风 ≤3级,阴,阵雨,26,20,南风,≤3级,东北风,≤3级,day
2015-05-27 16:00:00,小河转盘,1、追尾的,负全部责任,不负责任,1,贵A92K87,白色,1,贵ADU398,白色,顺一驾驶培训学校,-1,2014/4/14 0:00,-1,传祺牌,长安牌,36636351864061916X,364556000000000000 ,197204,199608,16,2,5,工作日,非高峰,2015-05-27,2015年5月27日,阴 /阵雨,26℃ / 20℃,南风 ≤3级 /东北风 ≤3级,阴,阵雨,26,20,南风,≤3级,东北风,≤3级,day
2015-05-11 15:00:00,二戈寨,7、未按规定让行的 ,负全部责任,不负责任,1,贵AKD181,白色,1,贵J82599,白色,（观山湖区）蓝天驾驶培训有限公司,-1,2008/3/27 0:00,-1,-1,-1,366277000000000000 ,364647000000000000 ,198310,198210,15,0,5,工作日,非高峰,2015-05-11,2015年5月11日,多云 /多云,24℃ / 13℃,东北风 ≤3级 /东北风 ≤3级,多云,多云,24,13,东北风,≤3级,东北风,≤3级,day
2015-05-19 08:40:00,西南家具城,8、依法应负全责的其他情形,负全部责任,不负责任,1,贵A5558T,红,1,贵ANL882,黑,路路达驾校,预约考试窗口,2012/12/19 0:00,2006/11/20 0:00,比亚迪牌,波罗牌,366368000000000000 ,364558000000000000 ,198803,198110,8,1,5,工作日,早高峰(7-9点),2015-05-19,2015年5月19日,阵雨 /大雨,25℃ / 18℃,东北风 ≤3级 /南风 ≤3级,阵雨,大雨,25,18,东北风,≤3级,南风,≤3级,day
2015-05-28 05:00:00,观水路,7、未按规定让行的 ,负全部责任,不负责任,1,贵A3BV38,白色,1,贵AV6908,白色,吉源驾校,公交（集团）驾校（云岩区）,2014/12/22 0:00,2004/6/30 0:00,北京现代牌,安第斯牌,364548000000000000 ,366368000000000000 ,198303,196811,5,3,5,工作日,非高峰,2015-05-28,2015年5月28日,多云 /雷阵雨,29℃ / 19℃,南风 ≤3级 /东南风 ≤3级,多云,雷阵雨,29,19,南风,≤3级,东南风,≤3级,night
2015-05-11 12:40:00,偏坡,7、未按规定让行的 ,负全部责任,不负责任,1,贵J4V957,白,1,渝EF9958,白,龙里县圣锦汽车驾驶培训学校,-1,2012/12/12 0:00,-1,-1,-1,366868000000000000 ,356767000000000000 ,199212,197310,12,0,5,工作日,非高峰,2015-05-11,2015年5月11日,多云 /多云,24℃ / 13℃,东北风 ≤3级 /东北风 ≤3级,多云,多云,24,13,东北风,≤3级,东北风,≤3级,day
2015-05-27 11:30:00,中华路与富水路转盘,7、未按规定让行的 ,负全部责任,不负责任,1,贵AFQ722,白,1,贵AWC244,黑,自培,-1,2005/8/12 0:00,-1,东风日产牌,丰田牌,357475000000000000 ,74146500000000000 ,195104,199010,11,2,5,工作日,非高峰,2015-05-27,2015年5月27日,阴 /阵雨,26℃ / 20℃,南风 ≤3级 /东北风 ≤3级,阴,阵雨,26,20,南风,≤3级,东北风,≤3级,day
2015-05-27 16:00:00,小菁村,2、逆行的,负全部责任,不负责任,1,贵A70896,白,1,贵BAV623,白,吉源驾校,-1,2005/9/26 0:00,-1,-1,-1,364557000000000000 ,366069000000000000 ,197003,199204,16,2,5,工作日,非高峰,2015-05-27,2015年5月27日,阴 /阵雨,26℃ / 20℃,南风 ≤3级 /东北风 ≤3级,阴,阵雨,26,20,南风,≤3级,东北风,≤3级,day
2015-05-28 05:40:00,三江派出所,4、停车时未挂低速档、未拉驻车制动，导致车辆滑行的,负全部责任,不负责任,1,贵GJ9352,白色,1,闽A11Y77,白色,十一驾驶培训有限公司,长运驾校,2014/6/20 0:00,2013/10/22 0:00,-1,雪佛兰牌,354366000000000000 ,734596000000000000 ,197506,198809,5,3,5,工作日,非高峰,2015-05-28,2015年5月28日,多云 /雷阵雨,29℃ / 19℃,南风 ≤3级 /东南风 ≤3级,多云,雷阵雨,29,19,南风,≤3级,东南风,≤3级,night