accidenttime,accidentaddr,driver1fault,driver1responsibility,driver2responsibility,sex1,platenumber1,carcolor1,sex2,platenumber2,carcolor2,jxmc1,jxmc2,cclzrq1,cclzrq2,clpp1,clpp2,driver1license,driver2license,brith1,brith2,hour,weekday,month,is_weekday,peak_hour,date,日期,天气状况,气温,风力风向,day_wea,night_wea,day_tep,night_tep,day_wind_direction,day_wind_speed,night_wind_direction,night_wind_speed,segment
2015-05-12 08:00:00,西二环,8、依法应负全责的其他情形,负全部责任,不负责任,1,贵A22L14,白,0,贵GP5656,红,（南明区）金大驾驶培训有限公司,吉源驾校,2008/5/21 0:00,2014/7/20 0:00,江铃牌,-1,364547000000000000 ,374796000000000000 ,196906,198412,8,1,5,工作日,早高峰(7-9点),2015-05-12,2015年5月12日,阴 /雷阵雨,24℃ / 13℃,南风 ≤3级 /南风 ≤3级,阴,雷阵雨,24,13,南风,≤3级,南风,≤3级,day
2015-05-12 10:00:00,油榨街,7、未按规定让行的 ,负全部责任,不负责任,1,贵ARG712,白色,1,贵AU3629,白色,（乌当区）平安驾驶培训有限公司,520106,2008/1/24 0:00,2008/11/18 0:00,五菱牌,瑞麒牌,356166000000000000 ,364547000000000000 ,196502,196506,10,1,5,工作日,非高峰,2015-05-12,2015年5月12日,阴 /雷阵雨,24℃ / 13℃,南风 ≤3级 /南风 ≤3级,阴,雷阵雨,24,13,南风,≤3级,南风,≤3级,day
2015-05-12 13:10:00,铝兴路,1、追尾的,负全部责任,不负责任,1,贵A0283W,蓝,1,贵ASG164,蓝,贵州省长安驾驶培训学校,省交校,2011/3/11 0:00,2011/8/4 0:00,长安牌,长安牌,364547000000000000 ,366046000000000000 ,198709,198109,13,1,5,工作日,非高峰,2015-05-12,2015年5月12日,阴 /雷阵雨,24℃ / 13℃,南风 ≤3级 /南风 ≤3级,阴,雷阵雨,24,13,南风,≤3级,南风,≤3级,day
2015-05-27 08:15:00,大营坡,7、未按规定让行的 ,负全部责任,不负责任,1,贵A29M74,蓝,0,贵AV6944,白,人武驾校,自培,2012/5/16 0:00,2004/8/16 0:00,宝骏牌,雪佛兰,364548000000000000 ,364548000000000000 ,196811,196909,8,2,5,工作日,早高峰(7-9点),2015-05-27,2015年5月27日,阴 /阵雨,26℃ / 20℃,南风 ≤3级 /东北风 ≤3级,阴,阵雨,26,20,南风,≤3级,东北风,≤3级,day
2015-05-20 00:00:00,小河黄河路,7、未按规定让行的 ,负全部责任,不负责任,1,贵AU8871,白色,1,贵A58W19,白色,顺一驾驶培训学校,-1,2010/6/30 0:00,-1,宗隆牌,中华牌,366046000000000000 ,357246000000000000 ,198610,197407,0,2,5,工作日,非高峰,2015-05-20,2015年5月20日,阴 /阵雨,23℃ / 17℃,东北风 ≤3级 /东北风 ≤3级,阴,阵雨,23,17,东北风,≤3级,东北风,≤3级,night
2015-05-19 20:38:00,白云南路,9、不符合前8款规定或者双方同时具有上述情形的,负同等责任,负同等责任,1,贵A31M76,黑,1,贵AA303C,白,（白云区）消防驾驶培训学校,（白云区）消防驾驶培训学校,2010/2/23 0:00,-1,大众牌,东风牌,366662000000000000 ,354549000000000000 ,198409,197906,20,1,5,工作日,非高峰,2015-05-19,2015年5月19日,阵雨 /大雨,25℃ / 18℃,东北风 ≤3级 /南风 ≤3级,阵雨,大雨,25,18,东北风,≤3级,南风,≤3级,night
2015-05-12 07:45:00,甲秀南路,1、追尾的,负全部责任,不负责任,1,贵J08571,白色,1,贵AAP122,白色,安顺市鸿运驾校,未定义,-1,2014/7/31 0:00,-1,豪爵牌,366862000000000000 ,364548000000000000 ,197308,196810,7,1,5,工作日,早高峰(7-9点),2015-05-12,2015年5月12日,阴 /雷阵雨,24℃ / 13℃,南风 ≤3级 /南风 ≤3级,阴,雷阵雨,24,13,南风,≤3级,南风,≤3级,day
2015-05-28 08:00:00,石板,7、未按规定让行的 ,负全部责任,不负责任,1,贵A55P48,白色,1,贵A2525V,白色,（经开区）金安驾驶培训有限公司,长运驾校,2006/7/20 0:00,2012/8/13 0:00,东风日产牌,-1,364556000000000000 ,364547000000000000 ,197609,199111,8,3,5,工作日,早高峰(7-9点),2015-05-28,2015年5月28日,多云 /雷阵雨,29℃ / 19℃,南风 ≤3级 /东南风 ≤3级,多云,雷阵雨,29,19,南风,≤3级,东南风,≤3级,day
2015-05-28 08:45:00,世纪城地下停车场,8、依法应负全责的其他情形,负全部责任,不负责任,1,贵ANH595,白,1,贵A0BN67,白,（乌当区）新华驾驶培训有限公司,-1,2009/7/27 0:00,-1,中华牌,奥迪牌,364556000000000000 ,366562000000000000 ,197911,195810,8,3,5,工作日,早高峰(7-9点),2015-05-28,2015年5月28日,多云 /雷阵雨,29℃ / 19℃,南风 ≤3级 /东南风 ≤3级,多云,雷阵雨,29,19,南风,≤3级,东南风,≤3级,day
2015-05-12 16:00:00,遵义路,7、未按规定让行的 ,负全部责任,不负责任,1,贵JDU556,白色,1,贵AAX401,白色,贵定县阳光汽车驾驶培训学校,520129,-1,2009/4/15 0:00,-1,北京牌,366868000000000000 ,355468000000000000 ,198807,197307,16,1,5,工作日,非高峰,2015-05-12,2015年5月12日,阴 /雷阵雨,24℃ / 13℃,南风 ≤3级 /南风 ≤3级,阴,雷阵雨,24,13,南风,≤3级,南风,≤3级,day
2015-05-28 17:00:00,花溪大道,8、依法应负全责的其他情形,负全部责任,不负责任,0,贵AAG439,白,1,贵FZ6159,白,惠水县黔岭机动车驾驶培训有限公司,鑫鑫驾校,-1,2012/9/11 0:00,迷你,-1,36454651174054606X,366067000000000000 ,199304,199002,17,3,5,工作日,晚高峰(17-19点),2015-05-28,2015年5月28日,多云 /雷阵雨,29℃ / 19℃,南风 ≤3级 /东南风 ≤3级,多云,雷阵雨,29,19,南风,≤3级,东南风,≤3级,day
2015-05-13 07:10:00,世纪城,5、开关车门的,负全部责任,不负责任,1,贵G60293,黑,1,贵AHF791,黑,六盘水华腾山海驾驶培训有限公司,自培,-1,1991/8/27 0:00,-1,英伦牌,364647000000000000 ,364556000000000000 ,195808,196902,7,2,5,工作日,早高峰(7-9点),2015-05-13,2015年5月13日,多云 /阵雨,26℃ / 19℃,东南风 ≤3级 /东南风 ≤3级,多云,阵雨,26,19,东南风,≤3级,东南风,≤3级,day
2015-05-29 09:00:00,温泉路,7、未按规定让行的 ,负全部责任,不负责任,1,贵AGN739,红,1,贵A93J11,白,（南明区）长运驾驶培训有限公司,新天驾校,2010/1/13 0:00,2013/3/12 0:00,英伦牌,长安牌,364557000000000000 ,64240500000000000 ,195201,198003,9,4,5,工作日,早高峰(7-9点),2015-05-29,2015年5月29日,阵雨 /阵雨,24℃ / 17℃,东南风 ≤3级 /东北风 ≤3级,阵雨,阵雨,24,17,东南风,≤3级,东北风,≤3级,day
2015-05-12 15:00:00,孟关,7、未按规定让行的 ,负全部责任,不负责任,1,贵FS5446,白色,1,贵AB324R,白色,贵大佳德驾驶培训学校,市交校,2011/11/21 0:00,2014/9/17 0:00,-1,昌河铃木牌,366067000000000000 ,366661000000000000 ,199112,199509,15,1,5,工作日,非高峰,2015-05-12,2015年5月12日,阴 /雷阵雨,24℃ / 13℃,南风 ≤3级 /南风 ≤3级,阴,雷阵雨,24,13,南风,≤3级,南风,≤3级,day
2015-05-13 07:30:00,黔灵山路,1、追尾的,负全部责任,不负责任,1,贵ACE181,白,1,贵FP5098,黑,（乌当区）全林驾驶培训有限公司,-1,2006/8/10 0:00,-1,比亚迪牌,-1,366769000000000000 ,366067000000000000 ,198311,199303,7,2,5,工作日,早高峰(7-9点),2015-05-13,2015年5月13日,多云 /阵雨,26℃ / 19℃,东南风 ≤3级 /东南风 ≤3级,多云,阵雨,26,19,东南风,≤3级,东南风,≤3级,day
2015-05-13 08:30:00,北京西路,8、依法应负全责的其他情形,负全部责任,不负责任,1,贵A45H21,白,1,贵A39H12,蓝,金大驾校,自培,2012/3/26 0:00,2001/12/12 0:00,长城牌,广汽菲亚特牌,36687451884969585X,366368000000000000 ,197708,197909,8,2,5,工作日,早高峰(7-9点),2015-05-13,2015年5月13日,多云 /阵雨,26℃ / 19℃,东南风 ≤3级 /东南风 ≤3级,多云,阵雨,26,19,东南风,≤3级,东南风,≤3级,day
2015-05-29 09:00:00,蔡家关,3、倒车的,负全部责任,不负责任,1,贵GP1937,白色,1,贵A2CF92,白色,贵州平安驾驶培训学校,蓝天驾校,2012/3/20 0:00,2012/8/15 0:00,-1,凯迪拉克,366046000000000000 ,366661000000000000 ,198207,198907,9,4,5,工作日,早高峰(7-9点),2015-05-29,2015年5月29日,阵雨 /阵雨,24℃ / 17℃,东南风 ≤3级 /东北风 ≤3级,阵雨,阵雨,24,17,东南风,≤3级,东北风,≤3级,day
2015-05-20 07:00:00,机场,9、不符合前8款规定或者双方同时具有上述情形的,负同等责任,负同等责任,1,贵AU5372,白色,1,贵AV2019,白色,遵义县南白机动车驾驶员培训学校,520114,2011/3/17 0:00,2008/6/5 0:00,嘉隆牌,海戈牌,366566000000000000 ,364568000000000000 ,199101,198612,7,2,5,工作日,早高峰(7-9点),2015-05-20,2015年5月20日,阴 /阵雨,23℃ / 17℃,东北风 ≤3级 /东北风 ≤3级,阴,阵雨,23,17,东北风,≤3级,东北风,≤3级,day
2015-05-20 18:00:00,北京西路,1、追尾的,负全部责任,不负责任,1,贵F72986,白色,1,贵A8BJ42,白色,黔西县宏远黔职驾校有限公司,预约考试窗口,-1,2006/8/2 0:00,-1,丰田牌,366068000000000000 ,364548000000000000 ,198802,197612,18,2,5,工作日,晚高峰(17-19点),2015-05-20,2015年5月20日,阴 /阵雨,23℃ / 17℃,东北风 ≤3级 /东北风 ≤3级,阴,阵雨,23,17,东北风,≤3级,东北风,≤3级,day
2015-05-29 07:49:00,太慈桥,7、未按规定让行的 ,负同等责任,负同等责任,1,贵GJ6321,红,1,贵A49M45,白,人武驾校,人武驾校,2012/7/31 0:00,2004/6/14 0:00,-1,大众汽车牌,724541000000000000 ,366768000000000000 ,197202,198604,7,4,5,工作日,早高峰(7-9点),2015-05-29,2015年5月29日,阵雨 /阵雨,24℃ / 17℃,东南风 ≤3级 /东北风 ≤3级,阵雨,阵雨,24,17,东南风,≤3级,东北风,≤3级,day
2015-05-13 11:30:00,世纪城,7、未按规定让行的 ,负全部责任,不负责任,1,贵A1634L,白,1,贵ADS168,蓝,消防驾校,鑫鑫驾校,2010/10/29 0:00,2012/11/9 0:00,东风雪铁龙,北京现代,364646000000000000 ,366361000000000000 ,196705,197512,11,2,5,工作日,非高峰,2015-05-13,2015年5月13日,多云 /阵雨,26℃ / 19℃,东南风 ≤3级 /东南风 ≤3级,多云,阵雨,26,19,东南风,≤3级,东南风,≤3级,day
2015-05-28 22:00:00,云环路,1、追尾的,负全部责任,不负责任,1,贵FZ1032,红,1,贵AC875N,蓝,贵大驾校,大方县龙飞驾校,2014/9/26 0:00,-1,-1,马自达牌,366046000000000000 ,366067000000000000 ,199103,198111,22,3,5,工作日,非高峰,2015-05-28,2015年5月28日,多云 /雷阵雨,29℃ / 19℃,南风 ≤3级 /东南风 ≤3级,多云,雷阵雨,29,19,南风,≤3级,东南风,≤3级,night
2015-05-20 18:55:00,遵义路,1、追尾的,负全部责任,不负责任,1,贵ACS032,黑,1,贵GC2917,黑,（观山湖区）蓝天驾驶培训有限公司,-1,2009/11/4 0:00,-1,吉利美日牌,-1,364557000000000000 ,366363000000000000 ,197006,198805,18,2,5,工作日,晚高峰(17-19点),2015-05-20,2015年5月20日,阴 /阵雨,23℃ / 17℃,东北风 ≤3级 /东北风 ≤3级,阴,阵雨,23,17,东北风,≤3级,东北风,≤3级,day
2015-05-20 17:00:00,富源北路,1、追尾的,负全部责任,不负责任,1,贵ET9437,白色,1,贵AM3904,白色,金大驾校,自培,2014/12/25 0:00,2010/12/6 0:00,-1,长安,65595500000000000 ,355741000000000000 ,198303,198710,17,2,5,工作日,晚高峰(17-19点),2015-05-20,2015年5月20日,阴 /阵雨,23℃ / 17℃,东北风 ≤3级 /东北风 ≤3级,阴,阵雨,23,17,东北风,≤3级,东北风,≤3级,day
2015-05-20 11:00:00,贵阳北站,7、未按规定让行的 ,负全部责任,不负责任,1,贵ADK559,红,1,贵FB7895,蓝,高新驾校,自培,2012/12/3 0:00,2003/4/28 0:00,宝马牌,-1,366070000000000000 ,366046000000000000 ,199012,197708,11,2,5,工作日,非高峰,2015-05-20,2015年5月20日,阴 /阵雨,23℃ / 17℃,东北风 ≤3级 /东北风 ≤3级,阴,阵雨,23,17,东北风,≤3级,东北风,≤3级,day
2015-05-29 09:00:00,甲秀南路,1、追尾的,负全部责任,不负责任,1,贵A64N52,红,1,贵AU0448,黄,（经开区）十一驾驶培训有限公司,自培,2006/6/15 0:00,2002/1/8 0:00,五菱牌,宝来牌,705663000000000000 ,364548000000000000 ,198609,197112,9,4,5,工作日,早高峰(7-9点),2015-05-29,2015年5月29日,阵雨 /阵雨,24℃ / 17℃,东南风 ≤3级 /东北风 ≤3级,阵雨,阵雨,24,17,东南风,≤3级,东北风,≤3级,day
2015-05-12 17:40:00,马王庙,8、依法应负全责的其他情形,负全部责任,不负责任,1,贵JAT528,红,1,贵GV3682,黑,省交校,-1,2014/11/20 0:00,-1,-1,-1,366063000000000000 ,366761000000000000 ,199012,199404,17,1,5,工作日,晚高峰(17-19点),2015-05-12,2015年5月12日,阴 /雷阵雨,24℃ / 13℃,南风 ≤3级 /南风 ≤3级,阴,雷阵雨,24,13,南风,≤3级,南风,≤3级,day
2015-05-13 20:00:00,新华路,7、未按规定让行的 ,负全部责任,不负责任,1,贵ANK342,白色,1,贵AU0304,白色,赫章县汽车(摩托车)驾驶培训学校,520127,-1,1998/10/15 0:00,解放牌,宝来牌,366070000000000000 ,364548000000000000 ,198608,197509,20,2,5,工作日,非高峰,2015-05-13,2015年5月13日,多云 /阵雨,26℃ / 19℃,东南风 ≤3级 /东南风 ≤3级,多云,阵雨,26,19,东南风,≤3级,东南风,≤3级,night
2015-05-13 20:50:00,增关村,1、追尾的,负全部责任,不负责任,1,贵ALV077,白,1,贵A6951P,白,（白云区）景宏驾驶培训有限公司,贵大佳德驾驶培训学校,2007/11/29 0:00,2012/4/26 0:00,丰田牌,雪佛兰牌,364558000000000000 ,36454751824365325X,197401,197605,20,2,5,工作日,非高峰,2015-05-13,2015年5月13日,多云 /阵雨,26℃ / 19℃,东南风 ≤3级 /东南风 ≤3级,多云,阵雨,26,19,东南风,≤3级,东南风,≤3级,night
2015-05-21 07:00:00,皂角井,7、未按规定让行的 ,负全部责任,不负责任,1,贵FH4921,白色,1,贵A7851B,白色,（观山湖区）蓝天驾驶培训有限公司,吉源驾校,2006/7/5 0:00,2014/8/1 0:00,-1,起亚牌,366361000000000000 ,364551000000000000 ,197808,199209,7,3,5,工作日,早高峰(7-9点),2015-05-21,2015年5月21日,阴 /阵雨,24℃ / 16℃,东风 ≤3级 /东风 ≤3级,阴,阵雨,24,16,东风,≤3级,东风,≤3级,day
2015-05-21 08:10:00,北二环,1、追尾的,负全部责任,不负责任,1,贵AKN382,白,1,贵A2AW45,红,（云岩区）省交通职业技术驾驶培训学校,长运驾校,2006/10/25 0:00,2013/11/19 0:00,丰田牌,雪佛兰牌,364548000000000000 ,364557000000000000 ,198605,198610,8,3,5,工作日,早高峰(7-9点),2015-05-21,2015年5月21日,阴 /阵雨,24℃ / 16℃,东风 ≤3级 /东风 ≤3级,阴,阵雨,24,16,东风,≤3级,东风,≤3级,day
2015-05-29 13:03:00,八匹马,8、依法应负全责的其他情形,负全部责任,不负责任,1,贵JM4571,黑,1,贵GS7852,白,文通驾校,全林驾校,2011/12/9 0:00,2013/2/1 0:00,-1,-1,364547000000000000 ,364557000000000000 ,199302,199002,13,4,5,工作日,非高峰,2015-05-29,2015年5月29日,阵雨 /阵雨,24℃ / 17℃,东南风 ≤3级 /东北风 ≤3级,阵雨,阵雨,24,17,东南风,≤3级,东北风,≤3级,day
2015-05-29 14:00:00,西二环,1、追尾的,负全部责任,不负责任,1,贵FP2766,白色,1,贵ASL518,白色,（南明区）市交通职业技术驾驶培训学校,-1,2005/6/8 0:00,-1,-1,梅赛德斯-奔驰,366046000000000000 ,364648000000000000 ,198202,196708,14,4,5,工作日,非高峰,2015-05-29,2015年5月29日,阵雨 /阵雨,24℃ / 17℃,东南风 ≤3级 /东北风 ≤3级,阵雨,阵雨,24,17,东南风,≤3级,东北风,≤3级,day
2015-05-20 22:00:00,小河,1、追尾的,负全部责任,不负责任,1,贵A6BX56,白色,1,贵AV0222,白色,鑫鑫驾校,自培,2014/5/20 0:00,2010/8/19 0:00,东风日产牌,发现4,364547000000000000 ,74360500000000000 ,197802,199008,22,2,5,工作日,非高峰,2015-05-20,2015年5月20日,阴 /阵雨,23℃ / 17℃,东北风 ≤3级 /东北风 ≤3级,阴,阵雨,23,17,东北风,≤3级,东北风,≤3级,night
2015-05-13 17:15:00,八匹马,7、未按规定让行的 ,负全部责任,不负责任,1,贵A5BG21,白,1,贵A2055M,白,吉源驾校,吉源驾校,2014/11/3 0:00,2013/8/16 0:00,飞度牌,吉利美日牌,36676951224940725X,366361000000000000 ,196608,197410,17,2,5,工作日,晚高峰(17-19点),2015-05-13,2015年5月13日,多云 /阵雨,26℃ / 19℃,东南风 ≤3级 /东南风 ≤3级,多云,阵雨,26,19,东南风,≤3级,东南风,≤3级,day
2015-05-29 15:20:00,世纪城,7、未按规定让行的 ,负全部责任,不负责任,1,贵AJH109,银,1,贵ANK747,白,（南明区）阳光驾驶培训有限公司,蓝天驾校,2007/3/13 0:00,2010/12/29 0:00,骊威牌,马自达牌,366367000000000000 ,364557000000000000 ,198109,198901,15,4,5,工作日,非高峰,2015-05-29,2015年5月29日,阵雨 /阵雨,24℃ / 17℃,东南风 ≤3级 /东北风 ≤3级,阵雨,阵雨,24,17,东南风,≤3级,东北风,≤3级,day
2015-05-03 15:00:00,兰州路,1、追尾的,负全部责任,不负责任,1,贵A24274,白,1,贵AU3541,蓝,高新驾校,人武驾校,2015/1/13 0:00,1997/12/3 0:00,雨花牌,飞肯牌,364556000000000000 ,366067000000000000 ,198809,197212,15,6,5,周末,非高峰,2015-05-03,2015年5月3日,阵雨 /阵雨,25℃ / 15℃,东北风 ≤3级 /东北风 ≤3级,阵雨,阵雨,25,15,东北风,≤3级,东北风,≤3级,day
2015-05-29 17:00:00,花溪,9、不符合前8款规定或者双方同时具有上述情形的,负同等责任,负同等责任,1,贵AF457A,白色,1,贵ALQ363,白色,凯信驾校（花溪区）,520124,2015/4/2 0:00,2009/11/4 0:00,五菱牌,长安牌,364556000000000000 ,364547000000000000 ,198304,197311,17,4,5,工作日,晚高峰(17-19点),2015-05-29,2015年5月29日,阵雨 /阵雨,24℃ / 17℃,东南风 ≤3级 /东北风 ≤3级,阵雨,阵雨,24,17,东南风,≤3级,东北风,≤3级,day
2015-05-13 14:30:00,花果园立交,7、未按规定让行的 ,负全部责任,不负责任,1,贵A56A65,白色,1,浙CX9E25,白色,铁二局驾校,-1,2012/8/3 0:00,-1,指南者,-1,55760500000000000 ,66042500000000000 ,198206,197903,14,2,5,工作日,非高峰,2015-05-13,2015年5月13日,多云 /阵雨,26℃ / 19℃,东南风 ≤3级 /东南风 ≤3级,多云,阵雨,26,19,东南风,≤3级,东南风,≤3级,day
2015-05-29 22:00:00,花果园,7、未按规定让行的 ,负全部责任,不负责任,1,贵A4BW91,白色,1,贵A32299,白色,省交校,-1,2013/7/23 0:00,-1,沃尔沃牌,皇冠,364548000000000000 ,366570000000000000 ,198910,197410,22,4,5,工作日,非高峰,2015-05-29,2015年5月29日,阵雨 /阵雨,24℃ / 17℃,东南风 ≤3级 /东北风 ≤3级,阵雨,阵雨,24,17,东南风,≤3级,东北风,≤3级,night
2015-05-21 06:45:00,大关村,3、倒车的,负全部责任,不负责任,1,贵HCU149,红,1,豫BWA566,红,阳光驾校,-1,2014/8/26 0:00,-1,-1,-1,366264000000000000 ,05466351154348053X,198708,199105,6,3,5,工作日,非高峰,2015-05-21,2015年5月21日,阴 /阵雨,24℃ / 16℃,东风 ≤3级 /东风 ≤3级,阴,阵雨,24,16,东风,≤3级,东风,≤3级,day
2015-05-13 12:30:00,金朱东路,8、依法应负全责的其他情形,负全部责任,不负责任,1,贵A90110,蓝,1,贵AKQ127,白,毕节地区汽车(摩托车)驾驶员培训学校,自培,2012/4/17 0:00,2002/5/23 0:00,乘龙牌,威志牌,366067000000000000 ,364548000000000000 ,198107,196203,12,2,5,工作日,非高峰,2015-05-13,2015年5月13日,多云 /阵雨,26℃ / 19℃,东南风 ≤3级 /东南风 ≤3级,多云,阵雨,26,19,东南风,≤3级,东南风,≤3级,day
2015-05-29 19:30:00,友谊路,1、追尾的,负全部责任,不负责任,1,贵A8BA28,白,1,贵AU4331,黑,鑫鑫驾校,自培,2014/6/6 0:00,2004/8/11 0:00,雪佛兰牌,捷达牌,364548000000000000 ,364547000000000000 ,198206,196111,19,4,5,工作日,晚高峰(17-19点),2015-05-29,2015年5月29日,阵雨 /阵雨,24℃ / 17℃,东南风 ≤3级 /东北风 ≤3级,阵雨,阵雨,24,17,东南风,≤3级,东北风,≤3级,day
2015-05-13 20:00:00,甲秀南路,7、未按规定让行的 ,负全部责任,不负责任,1,贵J67222,白色,1,贵AB763H,白色,黔南东方机动车驾驶培训学校,自培,2012/8/20 0:00,2012/9/10 0:00,-1,哈飞牌,366869000000000000 ,366577000000000000 ,198811,197908,20,2,5,工作日,非高峰,2015-05-13,2015年5月13日,多云 /阵雨,26℃ / 19℃,东南风 ≤3级 /东南风 ≤3级,多云,阵雨,26,19,东南风,≤3级,东南风,≤3级,night
2015-05-21 14:00:00,神奇路,1、追尾的,负全部责任,不负责任,1,贵FZ0070,白色,1,贵A46S68,白色,（观山湖区）诚信驾驶培训有限公司,自培,2009/4/23 0:00,2002/9/3 0:00,-1,路虎,364567000000000000 ,364547000000000000 ,199001,198406,14,3,5,工作日,非高峰,2015-05-21,2015年5月21日,阴 /阵雨,24℃ / 16℃,东风 ≤3级 /东风 ≤3级,阴,阵雨,24,16,东风,≤3级,东风,≤3级,day
2015-05-21 18:00:00,花果园,7、未按规定让行的 ,负全部责任,不负责任,1,贵A20789,白色,1,贵GR5638,白色,沿河县鸿发汽车驾驶培训有限公司,贵州省长安驾驶培训学校,-1,2014/10/29 0:00,大运牌,-1,366670000000000000 ,364567000000000000 ,198109,199012,18,3,5,工作日,晚高峰(17-19点),2015-05-21,2015年5月21日,阴 /阵雨,24℃ / 16℃,东风 ≤3级 /东风 ≤3级,阴,阵雨,24,16,东风,≤3级,东风,≤3级,day
2015-04-25 10:00:00,花溪大道,7、未按规定让行的 ,负全部责任,不负责任,1,贵AV5233,白色,1,贵A83L64,白色,（云岩区）省交通职业技术驾驶培训学校,鑫鑫驾校,2008/1/7 0:00,2014/1/10 0:00,思威牌,长安牌,366367000000000000 ,366361000000000000 ,197001,196701,10,5,4,工作日,非高峰,2015-04-25,2015年4月25日,阴 /阵雨,20℃ / 11℃,东风 ≤3级 /东南风 ≤3级,阴,阵雨,20,11,东风,≤3级,东南风,≤3级,day
2015-05-14 15:40:00,双峰路,3、倒车的,负全部责任,不负责任,1,贵AV5233,黄,1,贵A2BY34,白,（云岩区）省交通职业技术驾驶培训学校,520116,2008/1/7 0:00,2014/11/27 0:00,思威牌,起亚牌,366367000000000000 ,366347000000000000 ,197001,198201,15,3,5,工作日,非高峰,2015-05-14,2015年5月14日,多云 /雷阵雨,27℃ / 20℃,东南风 ≤3级 /南风 ≤3级,多云,雷阵雨,27,20,东南风,≤3级,南风,≤3级,day
2015-05-14 19:10:00,野猫井,7、未按规定让行的 ,负同等责任,不负责任,1,贵A6E870,红,1,贵A59L12,白,（经开区）顺一驾驶培训有限公司,（经开区）顺一驾驶培训有限公司,2008/11/24 0:00,-1,-1,北京现代牌,36606351914053597X,366246000000000000 ,198904,199203,19,3,5,工作日,晚高峰(17-19点),2015-05-14,2015年5月14日,多云 /雷阵雨,27℃ / 20℃,东南风 ≤3级 /南风 ≤3级,多云,雷阵雨,27,20,东南风,≤3级,南风,≤3级,day
2015-05-14 20:50:00,北京路,7、未按规定让行的 ,负全部责任,不负责任,0,贵GS3265,白,1,贵AU5521,黄,鑫鑫驾校,（乌当区）新天驾驶培训有限公司,2013/3/5 0:00,2007/5/21 0:00,-1,捷达牌,366346000000000000 ,364568000000000000 ,198802,198804,20,3,5,工作日,非高峰,2015-05-14,2015年5月14日,多云 /雷阵雨,27℃ / 20℃,东南风 ≤3级 /南风 ≤3级,多云,雷阵雨,27,20,东南风,≤3级,南风,≤3级,night
2015-05-14 15:30:00,北京路,3、倒车的,负全部责任,不负责任,1,贵A1Q694,黑,0,贵A5BY28,白,六盘水达安驾驶培训有限公司,（南明区）现代驾驶培训有限公司,-1,2015/3/24 0:00,-1,别克牌,364646000000000000 ,366361000000000000 ,199112,196608,15,3,5,工作日,非高峰,2015-05-14,2015年5月14日,多云 /雷阵雨,27℃ / 20℃,东南风 ≤3级 /南风 ≤3级,多云,雷阵雨,27,20,东南风,≤3级,南风,≤3级,day
2015-05-30 07:00:00,小碧乡,3、倒车的,负全部责任,不负责任,1,贵GM4090,白色,1,贵A24538学,白色,铁二局驾校,贵州省长安驾驶培训学校,2012/3/1 0:00,2010/12/17 0:00,-1,-1,364556000000000000 ,36455551154556655X,196508,199101,7,5,5,工作日,早高峰(7-9点),2015-05-30,2015年5月30日,阵雨 /阵雨,23℃ / 17℃,东北风 ≤3级 /东风 ≤3级,阵雨,阵雨,23,17,东北风,≤3级,东风,≤3级,day
2015-04-21 11:30:00,合群路,1、追尾的,负全部责任,不负责任,1,贵A0BA15,白,1,贵ASY374,白,顺一驾驶培训学校,-1,2013/2/28 0:00,-1,东风雪铁龙牌,思域牌,364548000000000000 ,354561000000000000 ,199005,198109,11,1,4,工作日,非高峰,2015-04-21,2015年4月21日,阴 /阵雨,17℃ / 10℃,东北风 ≤3级 /东北风 ≤3级,阴,阵雨,17,10,东北风,≤3级,东北风,≤3级,day
2015-05-30 09:13:00,中天花园,1、追尾的,负全部责任,不负责任,1,贵GV9783,红,1,贵AAX762,白,铁二局驾校,-1,2013/12/27 0:00,-1,-1,雅阁牌,364566000000000000 ,366068000000000000 ,199210,196803,9,5,5,工作日,早高峰(7-9点),2015-05-30,2015年5月30日,阵雨 /阵雨,23℃ / 17℃,东北风 ≤3级 /东风 ≤3级,阵雨,阵雨,23,17,东北风,≤3级,东风,≤3级,day
2015-05-30 08:00:00,箭道街,3、倒车的,负全部责任,不负责任,0,贵ADD572,黑,1,贵A27C85,黑,（观山湖区）蓝天驾驶培训有限公司,自培,2007/8/24 0:00,2002/12/12 0:00,三菱牌,雅阁牌,364556000000000000 ,364646000000000000 ,197411,196605,8,5,5,工作日,早高峰(7-9点),2015-05-30,2015年5月30日,阵雨 /阵雨,23℃ / 17℃,东北风 ≤3级 /东风 ≤3级,阵雨,阵雨,23,17,东北风,≤3级,东风,≤3级,day
2015-05-12 11:00:00,花果园,3、倒车的,负全部责任,不负责任,1,贵A73L27,白色,1,贵FZ2843,白色,新华驾校,全林驾校（乌当区）,2011/9/6 0:00,2015/3/26 0:00,长安牌,-1,364547000000000000 ,366061000000000000 ,197511,199108,11,1,5,工作日,非高峰,2015-05-12,2015年5月12日,阴 /雷阵雨,24℃ / 13℃,南风 ≤3级 /南风 ≤3级,阴,雷阵雨,24,13,南风,≤3级,南风,≤3级,day
2015-05-27 14:00:00,孟关,8、依法应负全责的其他情形,负全部责任,不负责任,1,贵A61L47,白色,1,贵A2AX455,白色,（南明区）阳光驾驶培训有限公司,铁二局驾校,2005/2/4 0:00,2011/4/29 0:00,吉利美日牌,-1,364548000000000000 ,364568000000000000 ,198404,198706,14,2,5,工作日,非高峰,2015-05-27,2015年5月27日,阴 /阵雨,26℃ / 20℃,南风 ≤3级 /东北风 ≤3级,阴,阵雨,26,20,南风,≤3级,东北风,≤3级,day