accidenttime,accidentaddr,driver1fault,driver1responsibility,driver2responsibility,sex1,platenumber1,carcolor1,sex2,platenumber2,carcolor2,jxmc1,jxmc2,cclzrq1,cclzrq2,clpp1,clpp2,driver1license,driver2license,brith1,brith2,hour,weekday,month,is_weekday,peak_hour,date,日期,天气状况,气温,风力风向,day_wea,night_wea,day_tep,night_tep,day_wind_direction,day_wind_speed,night_wind_direction,night_wind_speed,segment
2015-03-03 15:30:00,世纪城,8、依法应负全责的其他情形,负全部责任,不负责任,1,贵FY1692,黑,1,贵AAB396,银,毕节地区汽车(摩托车)驾驶员培训学校,自培,2012/7/24 0:00,2003/1/17 0:00,北京牌,东风雪铁龙牌,366046000000000000 ,765461000000000000 ,199208,197605,15,1,3,工作日,非高峰,2015-03-03,2015年3月3日,小雨 /小雨,8℃ / 3℃,东北风 ≤3级 /东北风 ≤3级,小雨,小雨,8,3,东北风,≤3级,东北风,≤3级,day
2015-05-08 16:15:00,宝山北路,1、追尾的,负全部责任,不负责任,1,贵AU5725,黑,0,贵A33H45,黄,贵州现代驾驶培训责任有限公司,自培,2011/7/11 0:00,2001/5/14 0:00,捷达牌,途锐,366346000000000000 ,364548000000000000 ,199202,197002,16,4,5,工作日,非高峰,2015-05-08,2015年5月8日,阵雨 /多云,25℃ / 15℃,东南风 ≤3级 /东北风 ≤3级,阵雨,多云,25,15,东南风,≤3级,东北风,≤3级,day
2015-05-06 16:00:00,花香村,1、追尾的,负全部责任,不负责任,1,贵AU4902,黄,1,贵AU2607,黄,（经开区）十一驾驶培训有限公司,黄岩汽校,2007/11/22 0:00,2009/6/18 0:00,长江,陆康牌,366361000000000000 ,366577000000000000 ,198009,198509,16,2,5,工作日,非高峰,2015-05-06,2015年5月6日,多云 /多云,25℃ / 16℃,东北风 ≤3级 /南风 ≤3级,多云,多云,25,16,东北风,≤3级,南风,≤3级,day
2015-04-11 11:00:00,浣纱桥,3、倒车的,负全部责任,不负责任,1,贵A0H273,白色,1,贵FJ2149,白色,长运驾校,长运驾校,2014/5/14 0:00,2011/11/7 0:00,别克牌,一汽佳星牌,366067000000000000 ,366577000000000000 ,198212,197707,11,5,4,工作日,非高峰,2015-04-11,2015年4月11日,多云 /多云,15℃ / 9℃,东北风 ≤3级 /东风 ≤3级,多云,多云,15,9,东北风,≤3级,东风,≤3级,day
2015-04-30 12:20:00,贵惠大道,7、未按规定让行的 ,负全部责任,不负责任,1,贵A5BB79,白色,1,贵GX9535,白色,新华驾校,新天驾校,2012/1/9 0:00,2011/5/23 0:00,吉利牌,别克牌,364548000000000000 ,364547000000000000 ,198603,198504,12,3,4,工作日,非高峰,2015-04-30,2015年4月30日,阵雨 /阵雨,25℃ / 17℃,东南风 ≤3级 /东南风 ≤3级,阵雨,阵雨,25,17,东南风,≤3级,东南风,≤3级,day
2015-04-08 16:00:00,博爱路,3、倒车的,负全部责任,不负责任,1,贵A2EA98,白色,1,贵A63F61,白色,长运驾校,自培,2012/8/14 0:00,2004/5/27 0:00,长安牌,别克牌,364547000000000000 ,366567000000000000 ,199305,196802,16,2,4,工作日,非高峰,2015-04-08,2015年4月8日,小雨 /小雨,10℃ / 6℃,东北风 ≤3级 /东北风 ≤3级,小雨,小雨,10,6,东北风,≤3级,东北风,≤3级,day
2015-04-08 08:50:00,中坝,7、未按规定让行的 ,负全部责任,不负责任,1,贵AJE774,银,1,贵A43F23,黄,织金县织通驾驶培训学校,-1,2011/6/14 0:00,-1,金旅牌,吉利牌,366064000000000000 ,366669000000000000 ,198911,198912,8,2,4,工作日,早高峰(7-9点),2015-04-08,2015年4月8日,小雨 /小雨,10℃ / 6℃,东北风 ≤3级 /东北风 ≤3级,小雨,小雨,10,6,东北风,≤3级,东北风,≤3级,day
2015-04-28 10:15:00,白云区,3、倒车的,负全部责任,不负责任,1,贵FG3756,银,1,贵AA000A,白,景宏驾校,自培,2014/10/21 0:00,2011/4/19 0:00,长安牌,北京现代牌,376570000000000000 ,366067000000000000 ,199503,197211,10,1,4,工作日,非高峰,2015-04-28,2015年4月28日,多云 /多云,25℃ / 15℃,东北风 ≤3级 /东北风 ≤3级,多云,多云,25,15,东北风,≤3级,东北风,≤3级,day
2015-04-26 19:20:00,中华中路,7、未按规定让行的 ,负全部责任,不负责任,1,贵AU6389,绿,1,贵A8BG80,白,桐梓县鸿新机动车驾驶培训学校,（南明区）阳光驾驶培训有限公司,-1,2014/12/18 0:00,恒通客车牌,福特探险者,366567000000000000 ,354656000000000000 ,198207,198203,19,6,4,周末,晚高峰(17-19点),2015-04-26,2015年4月26日,阵雨 /阵雨,18℃ / 14℃,东南风 ≤3级 /东北风 ≤3级,阵雨,阵雨,18,14,东南风,≤3级,东北风,≤3级,day
2015-02-27 11:30:00,红岩路,7、未按规定让行的 ,负全部责任,不负责任,0,贵AB335B,黄,0,贵ATR178,白,金大驾校,路顺驾校,2014/12/25 0:00,2015/2/3 0:00,长安牌,吉利牌,366361000000000000 ,355456000000000000 ,197310,196712,11,4,2,工作日,非高峰,2015-02-27,2015年2月27日,多云 /阵雨,21℃ / 5℃,南风 ≤3级 /南风 ≤3级,多云,阵雨,21,5,南风,≤3级,南风,≤3级,day
2015-02-14 11:30:00,中曹司,7、未按规定让行的 ,负全部责任,不负责任,1,贵A2925G,白色,1,贵AKC953,蓝色,贵州现代驾驶培训责任有限公司,自培,2010/4/30 0:00,2008/9/25 0:00,长安牌,大众汽车牌,366569000000000000 ,366661000000000000 ,199108,198802,11,5,2,工作日,非高峰,2015-02-14,2015年2月14日,阵雨 /雷阵雨,16℃ / 10℃,南风 ≤3级 /南风 ≤3级,阵雨,雷阵雨,16,10,南风,≤3级,南风,≤3级,day
2015-04-23 14:40:00,水东路,7、未按规定让行的 ,负全部责任,不负责任,1,贵AEU472,红,0,贵GY3889,黄,（观山湖区）诚信驾驶培训有限公司,时法驾校,2008/7/28 0:00,2006/1/25 0:00,起亚牌,东风日产牌,366846000000000000 ,354652000000000000 ,198901,198209,14,3,4,工作日,非高峰,2015-04-23,2015年4月23日,阴 /小雨,16℃ / 10℃,东北风 ≤3级 /东北风 ≤3级,阴,小雨,16,10,东北风,≤3级,东北风,≤3级,day
2015-03-01 16:00:00,沙冲路,1、追尾的,负全部责任,不负责任,1,贵AR9429,白色,1,苏B2855V,白色,（经开区）十一驾驶培训有限公司,-1,2006/3/9 0:00,-1,富路牌,\N,364547000000000000 ,344675000000000000 ,197510,198406,16,6,3,周末,非高峰,2015-03-01,2015年3月1日,阴 /阴,9℃ / 3℃,东风 ≤3级 /南风 ≤3级,阴,阴,9,3,东风,≤3级,南风,≤3级,day
2015-05-14 11:26:00,东二环,7、未按规定让行的 ,负全部责任,不负责任,1,贵A957A9,黄,1,贵A9113X,蓝,诚信驾驶培训学校,时发驾校,2011/3/18 0:00,2015/2/2 0:00,江淮牌,-1,364596000000000000 ,364648000000000000 ,198712,198405,11,3,5,工作日,非高峰,2015-05-14,2015年5月14日,多云 /雷阵雨,27℃ / 20℃,东南风 ≤3级 /南风 ≤3级,多云,雷阵雨,27,20,东南风,≤3级,南风,≤3级,day
2015-05-04 08:19:00,花果园立交,9、不符合前8款规定或者双方同时具有上述情形的,负同等责任,负同等责任,1,贵A1R700,白色,1,贵A84691,白色,通发驾校,自培,2014/6/12 0:00,2001/7/31 0:00,-1,五羊,366663000000000000 ,364547000000000000 ,198410,197204,8,0,5,工作日,早高峰(7-9点),2015-05-04,2015年5月4日,阵雨 /阵雨,20℃ / 14℃,东北风 ≤3级 /东北风 ≤3级,阵雨,阵雨,20,14,东北风,≤3级,东北风,≤3级,day
2015-02-03 10:00:00,干平路,7、未按规定让行的 ,负全部责任,不负责任,1,贵A4777H,白色,1,贵A48Z25,红色,高新驾校,自培,2013/8/6 0:00,2007/1/15 0:00,吉利牌,吉利美日牌,364596000000000000 ,364556000000000000 ,198909,198812,10,1,2,工作日,非高峰,2015-02-03,2015年2月3日,小雨 /小雨,6℃ / 1℃,东北风 ≤3级 /东北风 ≤3级,小雨,小雨,6,1,东北风,≤3级,东北风,≤3级,day
2015-02-14 23:00:00,延安东路,8、依法应负全责的其他情形,负全部责任,不负责任,1,贵A47M16,红,1,贵A88P79,黑,贵州省长安驾驶培训学校,520101,2012/12/20 0:00,2008/5/30 0:00,酷派,吉利美日牌,364548000000000000 ,364557000000000000 ,198303,197804,23,5,2,工作日,非高峰,2015-02-14,2015年2月14日,阵雨 /雷阵雨,16℃ / 10℃,南风 ≤3级 /南风 ≤3级,阵雨,雷阵雨,16,10,南风,≤3级,南风,≤3级,night
2015-03-17 22:00:00,黔林西路,1、追尾的,负全部责任,不负责任,1,贵AS3397,红,1,贵APR995,黑,（白云区）消防驾驶培训学校,贵州现代驾驶培训责任有限公司,2006/1/26 0:00,2012/7/24 0:00,长安牌,雷克萨斯,357266000000000000 ,364548000000000000 ,198109,198312,22,1,3,工作日,非高峰,2015-03-17,2015年3月17日,多云 /多云,25℃ / 14℃,南风 ≤3级 /南风 ≤3级,多云,多云,25,14,南风,≤3级,南风,≤3级,night
2015-03-29 18:00:00,白云区,7、未按规定让行的 ,负全部责任,不负责任,1,贵A7460W,蓝,1,贵HAZ613,银,长运驾校,吉源驾校,2014/1/7 0:00,2014/8/13 0:00,秦川-福莱尔,东风雪铁龙牌,364558000000000000 ,364548000000000000 ,199507,197902,18,6,3,周末,晚高峰(17-19点),2015-03-29,2015年3月29日,阴 /多云,18℃ / 15℃,东风 ≤3级 /南风 ≤3级,阴,多云,18,15,东风,≤3级,南风,≤3级,day
2015-04-14 22:30:00,沙文,1、追尾的,负全部责任,不负责任,1,贵A7460W,蓝,1,贵AB1264,白,长运驾校,-1,2014/1/7 0:00,-1,秦川-福莱尔,三铃牌,364558000000000000 ,3645571884863695X,199507,977072,22,1,4,工作日,非高峰,2015-04-14,2015年4月14日,晴 /多云,22℃ / 9℃,东风 ≤3级 /东风 ≤3级,晴,多云,22,9,东风,≤3级,东风,≤3级,night
2015-05-23 18:03:00,金园路,7、未按规定让行的 ,负全部责任,不负责任,1,贵A7460W,黄,1,贵AAL798,黄,长运驾校,520127,2014/1/7 0:00,2004/5/14 0:00,秦川-福莱尔,万虎牌,364558000000000000 ,366346000000000000 ,199507,196503,18,5,5,工作日,晚高峰(17-19点),2015-05-23,2015年5月23日,阵雨 /阴,19℃ / 14℃,东北风 ≤3级 /东北风 ≤3级,阵雨,阴,19,14,东北风,≤3级,东北风,≤3级,day
2015-04-10 19:00:00,小河平桥,7、未按规定让行的 ,负全部责任,不负责任,1,贵GGC849,白色,1,临A0F220,白色,市交校,凯信驾校,2011/4/29 0:00,2010/12/21 0:00,大众汽车牌,-1,364556000000000000 ,366067000000000000 ,199106,198905,19,4,4,工作日,晚高峰(17-19点),2015-04-10,2015年4月10日,小雨 /小雨,12℃ / 8℃,东北风 ≤3级 /东北风 ≤3级,小雨,小雨,12,8,东北风,≤3级,东北风,≤3级,day
2015-04-13 01:40:00,长江路,1、追尾的,负全部责任,不负责任,1,贵AHV187,白色,1,贵AAW336,黑色,贵州现代驾驶培训责任有限公司,自培,2011/12/21 0:00,2011/8/30 0:00,思威牌,梅赛德斯-奔驰牌,364547000000000000 ,364551000000000000 ,195903,198707,1,0,4,工作日,非高峰,2015-04-13,2015年4月13日,晴 /多云,23℃ / 8℃,东北风 ≤3级 /东北风 ≤3级,晴,多云,23,8,东北风,≤3级,东北风,≤3级,night
2015-05-17 14:00:00,金朱西路,7、未按规定让行的 ,负全部责任,不负责任,1,贵G38941,白,1,贵AVU936,红,毕节地区宏强汽车(摩托车)驾驶培训学校,高新驾校,2012/2/15 0:00,2012/6/29 0:00,-1,-1,366064000000000000 ,366868000000000000 ,198504,199202,14,6,5,周末,非高峰,2015-05-17,2015年5月17日,阵雨 /雷阵雨,25℃ / 17℃,东北风 ≤3级 /南风 ≤3级,阵雨,雷阵雨,25,17,东北风,≤3级,南风,≤3级,day
2015-05-08 10:12:00,大营坡,2、逆行的,负全部责任,不负责任,1,贵A7L232,红,1,贵AP3335,白,（观山湖区）诚信驾驶培训有限公司,贵州平安驾驶培训学校,2015/2/10 0:00,2005/1/7 0:00,-1,思铭牌,364567000000000000 ,366577000000000000 ,199505,197411,10,4,5,工作日,非高峰,2015-05-08,2015年5月8日,阵雨 /多云,25℃ / 15℃,东南风 ≤3级 /东北风 ≤3级,阵雨,多云,25,15,东南风,≤3级,东北风,≤3级,day
2015-03-17 08:00:00,四方河路,1、追尾的,负全部责任,不负责任,1,贵AL3287,白色,1,贵ADM155,白色,（经开区）十一驾驶培训有限公司,-1,2008/9/16 0:00,-1,福克斯牌,大众牌,364547000000000000 ,364551000000000000 ,199003,198701,8,1,3,工作日,早高峰(7-9点),2015-03-17,2015年3月17日,多云 /多云,25℃ / 14℃,南风 ≤3级 /南风 ≤3级,多云,多云,25,14,南风,≤3级,南风,≤3级,day
2015-03-08 20:30:00,西南环线,9、不符合前8款规定或者双方同时具有上述情形的,负同等责任,负同等责任,1,贵ARM414,白,0,贵FZ0100,白,诚信驾驶培训学校,诚信驾驶培训学校,2011/6/13 0:00,2015/1/20 0:00,吉利牌,福特牌,366069000000000000 ,254062000000000000 ,198701,198212,20,6,3,周末,非高峰,2015-03-08,2015年3月8日,小雨 /阴,11℃ / 6℃,东北风 ≤3级 /东北风 ≤3级,小雨,阴,11,6,东北风,≤3级,东北风,≤3级,night
2015-04-17 11:00:00,贵开路,8、依法应负全责的其他情形,负全部责任,不负责任,1,贵A92905,白,1,渝CEQJ39,银,镇宁县宏伟汽车有限责任公司汽车（摩托车培训学校）,毕节地区金春驾校,-1,-1,江淮牌,-1,364596000000000000 ,366061000000000000 ,199109,198010,11,4,4,工作日,非高峰,2015-04-17,2015年4月17日,多云 /多云,28℃ / 19℃,南风 ≤3级 /南风 ≤3级,多云,多云,28,19,南风,≤3级,南风,≤3级,day
2015-03-30 21:30:00,杨惠村,7、未按规定让行的 ,负全部责任,不负责任,1,贵A20190,白,1,贵AMH866,蓝,鑫鑫驾校,-1,2010/11/15 0:00,-1,中联牌,长安牌,366368000000000000 ,364567000000000000 ,198410,199208,21,0,3,工作日,非高峰,2015-03-30,2015年3月30日,晴 /多云,24℃ / 17℃,南风 ≤3级 /南风 ≤3级,晴,多云,24,17,南风,≤3级,南风,≤3级,night
2015-02-11 15:00:00,海马冲,8、依法应负全责的其他情形,负全部责任,不负责任,1,贵A64R75,白色,1,贵HS4417,白色,（南明区）铁二局驾驶培训有限公司,-1,2009/4/22 0:00,-1,中华牌,东风雪铁龙牌,364596000000000000 ,366262000000000000 ,199009,198711,15,2,2,工作日,非高峰,2015-02-11,2015年2月11日,多云 /多云,11℃ / 3℃,东风 ≤3级 /东北风 ≤3级,多云,多云,11,3,东风,≤3级,东北风,≤3级,day
2015-04-25 22:00:00,市北路,7、未按规定让行的 ,负全部责任,不负责任,1,贵AKR878,黑,1,贵AB740S,银,路路达驾校（白云区）,自培,2015/4/17 0:00,2003/4/2 0:00,别克牌,克莱斯勒,366661000000000000 ,364548000000000000 ,198609,198407,22,5,4,工作日,非高峰,2015-04-25,2015年4月25日,阴 /阵雨,20℃ / 11℃,东风 ≤3级 /东南风 ≤3级,阴,阵雨,20,11,东风,≤3级,东南风,≤3级,night
2015-03-13 11:30:00,解放西路,8、依法应负全责的其他情形,负全部责任,不负责任,1,贵A64P87,白色,1,贵A97K62,白色,（南明区）铁二局驾驶培训有限公司,-1,2009/4/22 0:00,-1,宝马,雪佛兰牌,364596000000000000 ,364547000000000000 ,199009,196902,11,4,3,工作日,非高峰,2015-03-13,2015年3月13日,多云 /阵雨,17℃ / 12℃,南风 ≤3级 /南风 ≤3级,多云,阵雨,17,12,南风,≤3级,南风,≤3级,day
2015-03-03 15:52:00,飞山街,7、未按规定让行的 ,负全部责任,不负责任,0,贵A36B74,黑,1,贵AU0541,蓝,贵州省赫章县金源汽车驾驶培训学校,99,-1,2006/8/15 0:00,昊锐牌,万达牌,366661000000000000 ,364557000000000000 ,198207,198710,15,1,3,工作日,非高峰,2015-03-03,2015年3月3日,小雨 /小雨,8℃ / 3℃,东北风 ≤3级 /东北风 ≤3级,小雨,小雨,8,3,东北风,≤3级,东北风,≤3级,day
2015-03-31 14:50:00,富源南路,1、追尾的,负全部责任,不负责任,0,贵A72F87,红,1,贵AD081B,白,消防驾校,路路达驾校,2011/10/21 0:00,2013/11/20 0:00,海马牌,-1,36455751164755406X,364558000000000000 ,199203,197511,14,1,3,工作日,非高峰,2015-03-31,2015年3月31日,多云 /多云,28℃ / 19℃,南风 ≤3级 /南风 ≤3级,多云,多云,28,19,南风,≤3级,南风,≤3级,day
2015-04-15 11:10:00,油榨街,3、倒车的,负全部责任,不负责任,1,贵GV3091,白色,1,贵A6045A,白色,铁二局驾校,吉源驾校,2012/12/22 0:00,2014/3/10 0:00,夏利牌,长安牌,366369000000000000 ,364556000000000000 ,197104,199508,11,2,4,工作日,非高峰,2015-04-15,2015年4月15日,多云 /多云,24℃ / 16℃,东南风 ≤3级 /南风 ≤3级,多云,多云,24,16,东南风,≤3级,南风,≤3级,day
2015-05-28 09:00:00,杨家山,8、依法应负全责的其他情形,负全部责任,不负责任,1,贵AFE765,白色,1,贵A46P39,白色,十一驾驶培训有限公司,消防驾校,2012/5/28 0:00,2012/4/25 0:00,解放牌,梅赛德斯-奔驰牌,364566000000000000 ,366546000000000000 ,198912,197607,9,3,5,工作日,早高峰(7-9点),2015-05-28,2015年5月28日,多云 /雷阵雨,29℃ / 19℃,南风 ≤3级 /东南风 ≤3级,多云,雷阵雨,29,19,南风,≤3级,东南风,≤3级,day
2015-04-04 14:15:00,白云南路,7、未按规定让行的 ,负全部责任,不负责任,1,贵AAS885,白色,1,贵AKN921,白色,毕节市顺达汽车驾驶培训学校,消防驾校,2012/2/22 0:00,2011/5/17 0:00,长安牌,起亚牌,364558000000000000 ,364558000000000000 ,198805,196607,14,5,4,工作日,非高峰,2015-04-04,2015年4月4日,多云 /多云,29℃ / 18℃,南风 ≤3级 /南风 ≤3级,多云,多云,29,18,南风,≤3级,南风,≤3级,day
2015-04-09 14:30:00,二戈寨,1、追尾的,负全部责任,不负责任,1,贵A31V31,白色,1,贵AML852,白色,天行健驾校,-1,2014/5/13 0:00,-1,奥迪,五十铃牌,366661000000000000 ,35476651155567907X,199209,199111,14,3,4,工作日,非高峰,2015-04-09,2015年4月9日,阴 /小雨,11℃ / 7℃,东北风 ≤3级 /东北风 ≤3级,阴,小雨,11,7,东北风,≤3级,东北风,≤3级,day
2015-03-01 17:34:00,长江路与珠江路交叉口,7、未按规定让行的 ,负全部责任,不负责任,1,贵A0AM89,黑色,1,贵AA066P,白色,顺一驾驶培训学校,顺一驾驶培训学校,2012/7/21 0:00,2014/4/30 0:00,大众汽车牌,豪情牌,366067000000000000 ,366068000000000000 ,198009,197501,17,6,3,周末,晚高峰(17-19点),2015-03-01,2015年3月1日,阴 /阴,9℃ / 3℃,东风 ≤3级 /南风 ≤3级,阴,阴,9,3,东风,≤3级,南风,≤3级,day
2015-02-28 09:50:00,观山湖,7、未按规定让行的 ,负全部责任,不负责任,1,贵A93P66,白,1,贵AU0983,黄,诚信驾驶培训学校,自培,2011/12/19 0:00,2000/10/13 0:00,迷你,万达牌,364548000000000000 ,364551000000000000 ,198611,197906,9,5,2,工作日,早高峰(7-9点),2015-02-28,2015年2月28日,小雨 /小雨,8℃ / 4℃,东北风 ≤3级 /东北风 ≤3级,小雨,小雨,8,4,东北风,≤3级,东北风,≤3级,day
2015-04-14 05:22:00,后曹路,4、停车时未挂低速档、未拉驻车制动，导致车辆滑行的,负全部责任,不负责任,1,贵A419A6,白色,1,川X91865,白色,黔南金都汽车驾驶学校,-1,2012/9/26 0:00,-1,江淮牌,长安牌  ,366875000000000000 ,355247000000000000 ,199311,199403,5,1,4,工作日,非高峰,2015-04-14,2015年4月14日,晴 /多云,22℃ / 9℃,东风 ≤3级 /东风 ≤3级,晴,多云,22,9,东风,≤3级,东风,≤3级,night
2015-05-26 08:50:00,金苏大桥,7、未按规定让行的 ,负全部责任,不负责任,0,贵BV3012,白,1,贵A6F966,银,六盘水飞云驾驶学校有限公司,省交校,-1,2012/9/18 0:00,-1,-1,364647000000000000 ,364558000000000000 ,199108,199111,8,1,5,工作日,早高峰(7-9点),2015-05-26,2015年5月26日,阵雨 /雷阵雨,26℃ / 20℃,东南风 ≤3级 /东北风 ≤3级,阵雨,雷阵雨,26,20,东南风,≤3级,东北风,≤3级,day
2015-05-10 12:50:00,小河,7、未按规定让行的 ,负全部责任,不负责任,1,贵A323B2,白色,1,贵A45Y54,白色,大方大山汽车驾驶培训学校,顺一驾驶培训学校,-1,2012/6/4 0:00,解放牌,丰田牌,366067000000000000 ,366067000000000000 ,197901,198906,12,6,5,周末,非高峰,2015-05-10,2015年5月10日,阵雨 /雷阵雨,25℃ / 14℃,南风 ≤3级 /南风 ≤3级,阵雨,雷阵雨,25,14,南风,≤3级,南风,≤3级,day
2015-05-27 17:00:00,车水路,8、依法应负全责的其他情形,负全部责任,不负责任,1,贵ADH672,白,1,贵A3863P,白,（观山湖区）诚信驾驶培训有限公司,520106,2008/5/15 0:00,2007/10/11 0:00,东风牌,-1,355266000000000000 ,366868000000000000 ,198609,198001,17,2,5,工作日,晚高峰(17-19点),2015-05-27,2015年5月27日,阴 /阵雨,26℃ / 20℃,南风 ≤3级 /东北风 ≤3级,阴,阵雨,26,20,南风,≤3级,东北风,≤3级,day
2015-03-26 18:03:00,大十字,8、依法应负全责的其他情形,负全部责任,不负责任,0,贵A3CB67,红,1,贵AF0433,红,消防驾校,预约考试窗口,2012/5/10 0:00,2007/5/24 0:00,迈凯B5,山城牌,774769000000000000 ,36454751914575407X,198911,198901,18,3,3,工作日,晚高峰(17-19点),2015-03-26,2015年3月26日,阴 /阵雨,17℃ / 12℃,南风 ≤3级 /南风 ≤3级,阴,阵雨,17,12,南风,≤3级,南风,≤3级,day
2015-03-24 16:20:00,油小线,8、依法应负全责的其他情形,负全部责任,不负责任,1,贵A84L67,白色,1,贵A18N45,白色,贵州省长安驾驶培训学校,贵州省长安驾驶培训学校,2012/6/7 0:00,2013/7/4 0:00,东风标致牌,别克牌,364556000000000000 ,65563500000000000 ,198305,197002,16,1,3,工作日,非高峰,2015-03-24,2015年3月24日,小雨 /阵雨,13℃ / 7℃,东北风 ≤3级 /东北风 ≤3级,小雨,阵雨,13,7,东北风,≤3级,东北风,≤3级,day
2015-05-19 13:00:00,金阳南路,1、追尾的,负全部责任,不负责任,1,贵A5BR02,黑,1,贵CLW218,白,遵义县机动车驾驶培训学校,自培,2011/3/7 0:00,2011/3/24 0:00,长安牌,-1,366566000000000000 ,366561000000000000 ,197709,198808,13,1,5,工作日,非高峰,2015-05-19,2015年5月19日,阵雨 /大雨,25℃ / 18℃,东北风 ≤3级 /南风 ≤3级,阵雨,大雨,25,18,东北风,≤3级,南风,≤3级,day
2015-03-16 20:15:00,中环路,1、追尾的,负全部责任,不负责任,1,贵A37H71,红,1,贵ADB626,银,（经开区）十一驾驶培训有限公司,预约考试窗口,2006/6/15 0:00,2006/9/4 0:00,别克牌,美鹿,366067000000000000 ,364568000000000000 ,198410,198612,20,0,3,工作日,非高峰,2015-03-16,2015年3月16日,阴 /多云,20℃ / 15℃,南风 ≤3级 /南风 ≤3级,阴,多云,20,15,南风,≤3级,南风,≤3级,night
2015-03-12 15:00:00,孟关隧道,4、停车时未挂低速档、未拉驻车制动，导致车辆滑行的,负全部责任,不负责任,1,贵JBP653,白色,1,贵A6E617,灰色,自培,铁二局驾校,2008/12/4 0:00,2014/12/22 0:00,长安牌,吉利牌,355741000000000000 ,364556000000000000 ,198903,199108,15,3,3,工作日,非高峰,2015-03-12,2015年3月12日,多云 /多云,16℃ / 10℃,南风 ≤3级 /南风 ≤3级,多云,多云,16,10,南风,≤3级,南风,≤3级,day
2015-02-08 07:05:00,金阳客车站,1、追尾的,负全部责任,不负责任,0,贵AU7487,绿,1,贵AU5496,绿,（花溪区）高新十七驾驶培训有限公司,520117,2007/5/23 0:00,2008/11/26 0:00,金龙牌,捷达牌,366064000000000000 ,366064000000000000 ,197006,198104,7,6,2,周末,早高峰(7-9点),2015-02-08,2015年2月8日,阴 /阴,7℃ / 3℃,东北风 ≤3级 /南风 ≤3级,阴,阴,7,3,东北风,≤3级,南风,≤3级,day
2015-05-01 10:50:00,小河平桥,7、未按规定让行的 ,负全部责任,不负责任,1,贵A2764H,白色,1,贵DAU628,白色,顺一驾驶培训学校,长运驾校,2014/3/19 0:00,2013/7/30 0:00,-1,-1,356168000000000000 ,366664000000000000 ,196303,197011,10,4,5,工作日,非高峰,2015-05-01,2015年5月1日,阵雨 /多云,25℃ / 14℃,东南风 ≤3级 /东北风 ≤3级,阵雨,多云,25,14,东南风,≤3级,东北风,≤3级,day
2015-03-09 11:00:00,油榨街,3、倒车的,负全部责任,不负责任,1,贵A3BZ94,银,1,贵A64G78,蓝,新天驾校,-1,2014/11/4 0:00,-1,福克斯牌,长安牌,06569551984054687X,366566000000000000 ,198704,197402,11,0,3,工作日,非高峰,2015-03-09,2015年3月9日,小雨 /小雨,10℃ / 5℃,东北风 ≤3级 /东北风 ≤3级,小雨,小雨,10,5,东北风,≤3级,东北风,≤3级,day
2015-03-29 10:50:00,东新路,7、未按规定让行的 ,负全部责任,不负责任,1,贵A0AT92,银,1,贵AB2144,蓝,金大驾校,金大驾校,2012/5/14 0:00,2005/10/20 0:00,比亚迪牌,豪爵牌,344607000000000000 ,364547000000000000 ,198311,197206,10,6,3,周末,非高峰,2015-03-29,2015年3月29日,阴 /多云,18℃ / 15℃,东风 ≤3级 /南风 ≤3级,阴,多云,18,15,东风,≤3级,南风,≤3级,day
2015-04-28 08:40:00,市北路,8、依法应负全责的其他情形,负全部责任,不负责任,1,贵AU6668,绿,1,贵JAA727,白,（乌当区）全林驾驶培训有限公司,-1,2006/8/29 0:00,-1,捷达牌,东风雪铁龙牌,354366000000000000 ,765468000000000000 ,197806,197206,8,1,4,工作日,早高峰(7-9点),2015-04-28,2015年4月28日,多云 /多云,25℃ / 15℃,东北风 ≤3级 /东北风 ≤3级,多云,多云,25,15,东北风,≤3级,东北风,≤3级,day
2015-05-26 15:30:00,百花大道,7、未按规定让行的 ,负全部责任,不负责任,1,贵AU5753,银,1,贵CT4553,黑,长顺县誉达驾驶培训有限公司,-1,2011/6/29 0:00,-1,捷达牌,-1,366346000000000000 ,724561000000000000 ,198909,198509,15,1,5,工作日,非高峰,2015-05-26,2015年5月26日,阵雨 /雷阵雨,26℃ / 20℃,东南风 ≤3级 /东北风 ≤3级,阵雨,雷阵雨,26,20,东南风,≤3级,东北风,≤3级,day
2015-04-24 10:50:00,云环路,3、倒车的,负全部责任,不负责任,1,贵A0926G,黑,1,贵AKR972,黑,消防驾校,（南明区）阳光驾驶培训有限公司,2010/12/6 0:00,2005/2/3 0:00,金杯牌,丰田牌,364557000000000000 ,366068000000000000 ,198811,197101,10,4,4,工作日,非高峰,2015-04-24,2015年4月24日,阴 /小雨,16℃ / 11℃,东风 ≤3级 /东风 ≤3级,阴,小雨,16,11,东风,≤3级,东风,≤3级,day
2015-04-25 18:00:00,大西门,8、依法应负全责的其他情形,负全部责任,不负责任,0,贵AU7093,蓝,1,贵ACE804,红,自培,十一培,2011/2/24 0:00,1992/5/29 0:00,金龙牌,别克牌,364548000000000000 ,36454751225554005X,198507,196611,18,5,4,工作日,晚高峰(17-19点),2015-04-25,2015年4月25日,阴 /阵雨,20℃ / 11℃,东风 ≤3级 /东南风 ≤3级,阴,阵雨,20,11,东风,≤3级,东南风,≤3级,day
2015-04-01 16:00:00,纪念塔,1、追尾的,负全部责任,不负责任,1,贵ANZ872,白色,1,贵EA4438,白色,铁二局驾校,-1,2012/8/14 0:00,-1,奥迪,沃尔沃,36454651915468805X,674147000000000000 ,198910,196305,16,2,4,工作日,非高峰,2015-04-01,2015年4月1日,多云 /多云,29℃ / 19℃,南风 ≤3级 /南风 ≤3级,多云,多云,29,19,南风,≤3级,南风,≤3级,day