accidenttime,accidentaddr,driver1fault,driver1responsibility,driver2responsibility,sex1,platenumber1,carcolor1,sex2,platenumber2,carcolor2,jxmc1,jxmc2,cclzrq1,cclzrq2,clpp1,clpp2,driver1license,driver2license,brith1,brith2,hour,weekday,month,is_weekday,peak_hour,date,日期,天气状况,气温,风力风向,day_wea,night_wea,day_tep,night_tep,day_wind_direction,day_wind_speed,night_wind_direction,night_wind_speed,segment
2015-02-12 12:00:00,金阳客车站,7、未按规定让行的 ,负全部责任,不负责任,1,贵AVA475,银,1,贵A42W62,香槟,（观山湖区）诚信驾驶培训有限公司,-1,2007/12/10 0:00,-1,福克斯,别克牌,77460500000000000 ,364558000000000000 ,197609,199110,12,3,2,工作日,非高峰,2015-02-12,2015年2月12日,多云 /多云,15℃ / 5℃,南风 ≤3级 /南风 ≤3级,多云,多云,15,5,南风,≤3级,南风,≤3级,day
2015-03-27 08:00:00,白云区,7、未按规定让行的 ,负全部责任,不负责任,0,贵AVA475,黄,1,贵AA968M,白,（观山湖区）诚信驾驶培训有限公司,自培,2007/12/10 0:00,2012/9/6 0:00,福克斯,起亚牌,77460500000000000 ,364558000000000000 ,197609,197503,8,4,3,工作日,早高峰(7-9点),2015-03-27,2015年3月27日,阵雨 /阵雨,18℃ / 13℃,南风 ≤3级 /南风 ≤3级,阵雨,阵雨,18,13,南风,≤3级,南风,≤3级,day
2015-05-13 14:30:00,小河珠江路,7、未按规定让行的 ,负全部责任,不负责任,1,贵JBR658,白色,1,贵JK4463,白色,（乌当区）新天驾驶培训有限公司,贵州现代驾驶培训责任有限公司,2005/2/21 0:00,2014/10/24 0:00,-1,-1,366575000000000000 ,364566000000000000 ,197303,199202,14,2,5,工作日,非高峰,2015-05-13,2015年5月13日,多云 /阵雨,26℃ / 19℃,东南风 ≤3级 /东南风 ≤3级,多云,阵雨,26,19,东南风,≤3级,东南风,≤3级,day
2015-03-06 14:00:00,小河,3、倒车的,负全部责任,不负责任,1,贵A2093J,灰色,1,贵A09129,黑色,余庆县乾顺汽车驾驶培训学校,520106,2012/5/11 0:00,2008/10/7 0:00,海马牌,昌河,364556000000000000 ,355296000000000000 ,197405,198412,14,4,3,工作日,非高峰,2015-03-06,2015年3月6日,小雨 /小雨,5℃ / 3℃,东北风 ≤3级 /东北风 ≤3级,小雨,小雨,5,3,东北风,≤3级,东北风,≤3级,day
2015-03-19 13:34:00,北站,7、未按规定让行的 ,负全部责任,不负责任,1,渝AKP124,银,1,贵AMF544,白,黔西县顺风机动车驾驶学校有限公司,-1,2011/3/31 0:00,-1,长安牌,大众牌,356767000000000000 ,364546000000000000 ,196802,196501,13,3,3,工作日,非高峰,2015-03-19,2015年3月19日,多云 /阵雨,26℃ / 12℃,南风 ≤3级 /东北风 ≤3级,多云,阵雨,26,12,南风,≤3级,东北风,≤3级,day
2015-02-16 09:50:00,福州街,7、未按规定让行的 ,负全部责任,不负责任,1,贵FS3021,黑,1,贵A522F6,银,黔西县顺风机动车驾驶学校有限公司,贵州晨运驾驶培训学校,-1,2011/4/6 0:00,长安牌,五菱牌,366068000000000000 ,366064000000000000 ,197706,198707,9,0,2,工作日,早高峰(7-9点),2015-02-16,2015年2月16日,阴 /阵雨,15℃ / 9℃,东北风 ≤3级 /东南风 ≤3级,阴,阵雨,15,9,东北风,≤3级,东南风,≤3级,day
2015-02-09 08:10:00,乌当,7、未按规定让行的 ,负全部责任,不负责任,1,贵A7BY69,蓝,1,贵A0406L,银,铜仁地区锦宏咨询服务有限公司驾驶培训学校,蓝天驾校,-1,2012/4/13 0:00,江铃全顺牌,长安牌,36606251144646085X,366068000000000000 ,199002,198511,8,0,2,工作日,早高峰(7-9点),2015-02-09,2015年2月9日,阴 /小雨,6℃ / 4℃,东北风 ≤3级 /东北风 ≤3级,阴,小雨,6,4,东北风,≤3级,东北风,≤3级,day
2015-05-26 17:00:00,黔灵山路,1、追尾的,负全部责任,不负责任,1,贵DBN661,黑,1,贵AJ8355,红,铜仁地区锦宏咨询服务有限公司驾驶培训学校,520106,-1,2009/5/11 0:00,-1,起亚牌,366669000000000000 ,364547000000000000 ,197608,198906,17,1,5,工作日,晚高峰(17-19点),2015-05-26,2015年5月26日,阵雨 /雷阵雨,26℃ / 20℃,东南风 ≤3级 /东北风 ≤3级,阵雨,雷阵雨,26,20,东南风,≤3级,东北风,≤3级,day
2015-05-19 18:10:00,宅吉路,7、未按规定让行的 ,负全部责任,不负责任,1,贵AV5185,黄,0,贵A23B47,红,遵义洪宇驾驶培训有限公司,市交校,2011/7/15 0:00,2012/5/16 0:00,东风日产牌,东风标致牌,366567000000000000 ,364548000000000000 ,198908,197512,18,1,5,工作日,晚高峰(17-19点),2015-05-19,2015年5月19日,阵雨 /大雨,25℃ / 18℃,东北风 ≤3级 /南风 ≤3级,阵雨,大雨,25,18,东北风,≤3级,南风,≤3级,day
2015-04-24 14:20:00,甲秀南路,7、未按规定让行的 ,负全部责任,不负责任,1,贵AG876J,白,1,贵JCQ224,白色,贵州省遵义汽车运输集团源丰交通驾驶培训有限责任公司,-1,2014/12/6 0:00,-1,-1,宝马牌,366563000000000000 ,366876000000000000 ,199404,198604,14,4,4,工作日,非高峰,2015-04-24,2015年4月24日,阴 /小雨,16℃ / 11℃,东风 ≤3级 /东风 ≤3级,阴,小雨,16,11,东风,≤3级,东风,≤3级,day
2015-05-30 17:20:00,金阳南路,7、未按规定让行的 ,负全部责任,不负责任,1,贵A1876J,白,1,贵A24526,白,贵州省遵义汽车运输集团源丰交通驾驶培训有限责任公司,自培,2014/12/6 0:00,2009/7/2 0:00,金旅牌,起亚牌,366563000000000000 ,366361000000000000 ,199404,198209,17,5,5,工作日,晚高峰(17-19点),2015-05-30,2015年5月30日,阵雨 /阵雨,23℃ / 17℃,东北风 ≤3级 /东风 ≤3级,阵雨,阵雨,23,17,东北风,≤3级,东风,≤3级,day
2015-04-22 17:45:00,贵阳,1、追尾的,负全部责任,不负责任,1,贵JW2597,黑,1,贵A14V25,白,瓮安县江沣机动车驾驶培训学校有限公司,新天驾校,-1,2011/11/18 0:00,思威牌,东风标致牌,366864000000000000 ,706067000000000000 ,198604,198312,17,2,4,工作日,晚高峰(17-19点),2015-04-22,2015年4月22日,小雨 /小雨,15℃ / 10℃,东北风 ≤3级 /东北风 ≤3级,小雨,小雨,15,10,东北风,≤3级,东北风,≤3级,day
2015-04-24 09:00:00,西二环苗圃隧道,1、追尾的,负全部责任,不负责任,1,贵A6675H,白色,1,贵A61S58,白色,正安县珍州驾驶培训有限责任公司,-1,2014/10/30 0:00,-1,大众牌,大众牌,366561000000000000 ,364540000000 ,199401,36157,9,4,4,工作日,早高峰(7-9点),2015-04-24,2015年4月24日,阴 /小雨,16℃ / 11℃,东风 ≤3级 /东风 ≤3级,阴,小雨,16,11,东风,≤3级,东风,≤3级,day
2015-03-16 08:50:00,花溪,7、未按规定让行的 ,负全部责任,不负责任,1,贵AB859C,白色,1,贵AA193B,白色,黔南金都汽车驾驶学校,贵大驾校,-1,2012/12/7 0:00,奇瑞牌,风神牌,366064000000000000 ,364556000000000000 ,197005,197408,8,0,3,工作日,早高峰(7-9点),2015-03-16,2015年3月16日,阴 /多云,20℃ / 15℃,南风 ≤3级 /南风 ≤3级,阴,多云,20,15,南风,≤3级,南风,≤3级,day
2015-05-08 10:30:00,新添大道,7、未按规定让行的 ,负全部责任,不负责任,1,贵A0J021,白,0,贵ASS372,红,遵义市恒达机动车驾驶员培训学校,十一驾驶培训有限公司,2010/7/28 0:00,2013/11/27 0:00,-1,东风日产牌,364557000000000000 ,364648000000000000 ,196703,198501,10,4,5,工作日,非高峰,2015-05-08,2015年5月8日,阵雨 /多云,25℃ / 15℃,东南风 ≤3级 /东北风 ≤3级,阵雨,多云,25,15,东南风,≤3级,东北风,≤3级,day
2015-05-19 07:33:00,白金大道,1、追尾的,负全部责任,不负责任,1,贵A31410,蓝,0,贵A1801M,蓝,威宁县草海汽车驾驶培训有限公司,铁二局驾校,-1,2015/1/9 0:00,豪泺牌,吉利牌,366069000000000000 ,364568000000000000 ,198408,199202,7,1,5,工作日,早高峰(7-9点),2015-05-19,2015年5月19日,阵雨 /大雨,25℃ / 18℃,东北风 ≤3级 /南风 ≤3级,阵雨,大雨,25,18,东北风,≤3级,南风,≤3级,day
2015-05-29 13:00:00,花果园,8、依法应负全责的其他情形,负全部责任,不负责任,1,贵AA405C,白色,1,粤B4VY57,白色,毕节地区宏强汽车(摩托车)驾驶培训学校,-1,2011/12/8 0:00,-1,雅阁(ACC0RD)牌,-1,366064000000000000 ,5065510000000000 ,198802,199004,13,4,5,工作日,非高峰,2015-05-29,2015年5月29日,阵雨 /阵雨,24℃ / 17℃,东南风 ≤3级 /东北风 ≤3级,阵雨,阵雨,24,17,东南风,≤3级,东北风,≤3级,day
2015-03-31 07:35:00,长岭南路,8、依法应负全责的其他情形,负全部责任,不负责任,1,贵ABK494,黄,1,贵A90443,红,黔南金都汽车驾驶学校,自培,2010/12/16 0:00,2014/6/23 0:00,五菱,豪泺牌,366061000000000000 ,366068000000000000 ,197802,198308,7,1,3,工作日,早高峰(7-9点),2015-03-31,2015年3月31日,多云 /多云,28℃ / 19℃,南风 ≤3级 /南风 ≤3级,多云,多云,28,19,南风,≤3级,南风,≤3级,day
2015-05-29 08:00:00,十二滩,7、未按规定让行的 ,负全部责任,不负责任,1,贵FN1754,蓝,1,贵ASU974,红,毕节地区宏强汽车(摩托车)驾驶培训学校,新华驾校,-1,2010/10/15 0:00,-1,-1,366064000000000000 ,366567000000000000 ,197712,198304,8,4,5,工作日,早高峰(7-9点),2015-05-29,2015年5月29日,阵雨 /阵雨,24℃ / 17℃,东南风 ≤3级 /东北风 ≤3级,阵雨,阵雨,24,17,东南风,≤3级,东北风,≤3级,day
2015-04-01 12:10:00,云潭南路,7、未按规定让行的 ,负全部责任,不负责任,1,贵FN4067,黑,1,赣C69998,黑,威宁县草海汽车驾驶培训有限公司,-1,2013/8/27 0:00,-1,五菱牌,雅阁牌,366070000000000000 ,726647000000000000 ,197706,199612,12,2,4,工作日,非高峰,2015-04-01,2015年4月1日,多云 /多云,29℃ / 19℃,南风 ≤3级 /南风 ≤3级,多云,多云,29,19,南风,≤3级,南风,≤3级,day
2015-03-30 20:30:00,三桥,1、追尾的,负全部责任,不负责任,1,贵JAN474,黑,1,贵A1891T,银,毕节地区新毕汽车驾驶培训学校,-1,2012/7/19 0:00,-1,别克牌,东风雪铁龙牌,366046000000000000 ,366066000000000000 ,198711,197705,20,0,3,工作日,非高峰,2015-03-30,2015年3月30日,晴 /多云,24℃ / 17℃,南风 ≤3级 /南风 ≤3级,晴,多云,24,17,南风,≤3级,南风,≤3级,night
2015-05-08 05:00:00,望城坡,1、追尾的,负全部责任,不负责任,1,贵FM8782,白色,1,贵AEM369,白色,毕节地区宏强汽车(摩托车)驾驶培训学校,铁二局驾校,-1,2013/4/22 0:00,-1,五菱牌,366064000000000000 ,366063000000000000 ,196707,199403,5,4,5,工作日,非高峰,2015-05-08,2015年5月8日,阵雨 /多云,25℃ / 15℃,东南风 ≤3级 /东北风 ≤3级,阵雨,多云,25,15,东南风,≤3级,东北风,≤3级,night
2015-05-24 08:40:00,白金大道,8、依法应负全责的其他情形,负全部责任,不负责任,1,贵CZ2062,红,1,贵A4300S,黑,习水县顺达机动车驾驶员培训学校,自培,2010/9/6 0:00,2008/3/25 0:00,-1,东风日产牌,366577000000000000 ,366061000000000000 ,197702,197901,8,6,5,周末,早高峰(7-9点),2015-05-24,2015年5月24日,多云 /阴,24℃ / 18℃,东风 ≤3级 /东南风 ≤3级,多云,阴,24,18,东风,≤3级,东南风,≤3级,day
2015-04-26 12:40:00,四方河,7、未按规定让行的 ,负全部责任,不负责任,1,贵AU1351,绿,1,李百昆,银,毕节地区宏强汽车(摩托车)驾驶培训学校,-1,2010/8/25 0:00,-1,大众牌,\N,366064000000000000 ,366368000000000000 ,198606,198511,12,6,4,周末,非高峰,2015-04-26,2015年4月26日,阵雨 /阵雨,18℃ / 14℃,东南风 ≤3级 /东北风 ≤3级,阵雨,阵雨,18,14,东南风,≤3级,东北风,≤3级,day
2015-05-14 06:58:00,恒大绿洲,7、未按规定让行的 ,负全部责任,不负责任,1,贵A3R783,红,0,贵A44=668R,白,毕节地区宏强汽车(摩托车)驾驶培训学校,无,2015/1/27 0:00,2012/4/28 0:00,-1,-1,366064000000000000 ,364557000000000000 ,197405,198301,6,3,5,工作日,非高峰,2015-05-14,2015年5月14日,多云 /雷阵雨,27℃ / 20℃,东南风 ≤3级 /南风 ≤3级,多云,雷阵雨,27,20,东南风,≤3级,南风,≤3级,day
2015-03-26 10:02:00,白云区,7、未按规定让行的 ,负全部责任,不负责任,1,贵A3815A,银,1,贵A4CC33,白,遵义县南白机动车驾驶员培训学校,自培,2011/5/25 0:00,2013/6/6 0:00,长安牌,大众牌,364558000000000000 ,364558000000000000 ,199106,198908,10,3,3,工作日,非高峰,2015-03-26,2015年3月26日,阴 /阵雨,17℃ / 12℃,南风 ≤3级 /南风 ≤3级,阴,阵雨,17,12,南风,≤3级,南风,≤3级,day
2015-04-09 10:00:00,清溪路,1、追尾的,负全部责任,不负责任,1,贵AKB231,白色,1,贵AES878,白色,遵义驰宇驾驶培训学校,520101,-1,2009/3/25 0:00,丰田牌,索兰托,366562000000000000 ,364547000000000000 ,196206,197809,10,3,4,工作日,非高峰,2015-04-09,2015年4月9日,阴 /小雨,11℃ / 7℃,东北风 ≤3级 /东北风 ≤3级,阴,小雨,11,7,东北风,≤3级,东北风,≤3级,day
2015-05-09 12:30:00,高铁北站,8、依法应负全责的其他情形,负全部责任,不负责任,1,贵LNF977,白,1,贵GBC829,蓝,赤水市机动车驾驶员培训学校,-1,2011/1/25 0:00,-1,-1,-1,366576000000000000 ,366346000000000000 ,198108,197009,12,5,5,工作日,非高峰,2015-05-09,2015年5月9日,阵雨 /阵雨,23℃ / 16℃,东北风 ≤3级 /东南风 ≤3级,阵雨,阵雨,23,16,东北风,≤3级,东南风,≤3级,day
2015-04-13 10:53:00,金阳二浦,7、未按规定让行的 ,负全部责任,不负责任,1,贵A27351,银,1,贵AA794Z,银,贵州省黔东南州金凯驾驶学校,-1,2005/10/13 0:00,-1,华菱之星牌,东风雪铁龙牌,366274000000000000 ,366064000000000000 ,197808,199101,10,0,4,工作日,非高峰,2015-04-13,2015年4月13日,晴 /多云,23℃ / 8℃,东北风 ≤3级 /东北风 ≤3级,晴,多云,23,8,东北风,≤3级,东北风,≤3级,day
2015-03-12 17:30:00,八匹马,8、依法应负全责的其他情形,负全部责任,不负责任,1,贵ET4191,白,1,贵AU6387,白,务川自治县汇通驾驶员培训有限公司,自培,-1,2003/5/15 0:00,丰田牌,恒通客车牌,366563000000000000 ,364557000000000000 ,198911,198007,17,3,3,工作日,晚高峰(17-19点),2015-03-12,2015年3月12日,多云 /多云,16℃ / 10℃,南风 ≤3级 /南风 ≤3级,多云,多云,16,10,南风,≤3级,南风,≤3级,day
2015-05-12 08:10:00,碧海花园,7、未按规定让行的 ,负全部责任,不负责任,1,贵CL8041,黄,0,贵FS2788,白,桐梓县顺兴驾驶培训学校,毕节市顺达驾校,-1,-1,-1,-1,366567000000000000 ,366066000000000000 ,197212,197209,8,1,5,工作日,早高峰(7-9点),2015-05-12,2015年5月12日,阴 /雷阵雨,24℃ / 13℃,南风 ≤3级 /南风 ≤3级,阴,雷阵雨,24,13,南风,≤3级,南风,≤3级,day
2015-05-07 10:50:00,长岭南路,7、未按规定让行的 ,负全部责任,不负责任,1,贵AU6837,黄,1,贵AKC781,红,习水县汽车驾驶培训学校,-1,2010/6/28 0:00,-1,恒通客车牌,马自达牌,36657651894574275X,366864000000000000 ,197801,198501,10,3,5,工作日,非高峰,2015-05-07,2015年5月7日,阵雨 /雷阵雨,23℃ / 17℃,东南风 ≤3级 /东南风 ≤3级,阵雨,雷阵雨,23,17,东南风,≤3级,东南风,≤3级,day
2015-02-10 09:00:00,冒沙井,3、倒车的,负全部责任,不负责任,1,贵CFF424,黑,1,贵AF5051,银,道真仡佬族苗族自治县驾驶员培训学校,-1,2011/4/7 0:00,-1,力帆牌,大运牌,366564000000000000 ,366346000000000000 ,197506,199107,9,1,2,工作日,早高峰(7-9点),2015-02-10,2015年2月10日,小雨 /小雨,6℃ / 3℃,东北风 ≤3级 /东风 ≤3级,小雨,小雨,6,3,东北风,≤3级,东风,≤3级,day
2015-03-11 15:00:00,后巢乡,3、倒车的,负全部责任,不负责任,1,贵A942A6,白色,1,贵A941E1,白色,桐梓县毅昕机动车驾驶培训学校,-1,2011/11/29 0:00,-1,江淮牌,长安牌,366566000000000000 ,726771000000000000 ,198606,199006,15,2,3,工作日,非高峰,2015-03-11,2015年3月11日,阴 /小雨,8℃ / 4℃,东北风 ≤3级 /东北风 ≤3级,阴,小雨,8,4,东北风,≤3级,东北风,≤3级,day
2015-03-03 13:30:00,长岭南路,7、未按规定让行的 ,负全部责任,不负责任,1,贵AU6855,绿,1,贵ACR335,白,遵义县机动车驾驶培训学校,吉源驾校,2010/5/5 0:00,2014/7/30 0:00,银翔牌,吉利美日牌,366566000000000000 ,574968000000000000 ,197911,198709,13,1,3,工作日,非高峰,2015-03-03,2015年3月3日,小雨 /小雨,8℃ / 3℃,东北风 ≤3级 /东北风 ≤3级,小雨,小雨,8,3,东北风,≤3级,东北风,≤3级,day
2015-03-31 11:30:00,黔灵山路,1、追尾的,负全部责任,不负责任,1,贵A5402Y,红,1,贵GL1150,黑,遵义县机动车驾驶培训学校,金大驾校,-1,2012/10/26 0:00,长城牌,大众牌,364556000000000000 ,364557000000000000 ,199007,198703,11,1,3,工作日,非高峰,2015-03-31,2015年3月31日,多云 /多云,28℃ / 19℃,南风 ≤3级 /南风 ≤3级,多云,多云,28,19,南风,≤3级,南风,≤3级,day
2015-04-18 13:40:00,白金大道,8、依法应负全责的其他情形,负全部责任,不负责任,0,贵A1921M,白,1,贵A5869S,蓝,遵义神舟驾驶学校有限公司,路路达驾校,2012/8/1 0:00,2013/5/29 0:00,长城牌,长城牌,366368000000000000 ,364558000000000000 ,197703,197404,13,5,4,工作日,非高峰,2015-04-18,2015年4月18日,多云 /雷阵雨,29℃ / 16℃,南风 ≤3级 /南风 ≤3级,多云,雷阵雨,29,16,南风,≤3级,南风,≤3级,day
2015-04-20 13:30:00,宾阳,1、追尾的,负全部责任,不负责任,1,贵A959C2,白,1,贵A1875K,黑,遵义集顺达交通运输（集团）汽车驾驶培训有限公司,-1,2011/7/20 0:00,-1,解放牌,五菱牌,366347000000000000 ,774770000000000000 ,198712,196903,13,0,4,工作日,非高峰,2015-04-20,2015年4月20日,阴 /阴,20℃ / 11℃,东北风 ≤3级 /东北风 ≤3级,阴,阴,20,11,东北风,≤3级,东北风,≤3级,day
2015-04-06 23:00:00,小十字,1、追尾的,负全部责任,不负责任,1,贵HCB941,银,1,贵A71K13,银,黔东南州中信达驾驶培训学校,贵州现代驾驶培训责任有限公司,-1,2013/5/9 0:00,宝马牌,北京现代牌,366277000000000000 ,364556000000000000 ,199107,199407,23,0,4,工作日,非高峰,2015-04-06,2015年4月6日,阵雨 /阵雨,17℃ / 7℃,东北风 ≤3级 /东北风 ≤3级,阵雨,阵雨,17,7,东北风,≤3级,东北风,≤3级,night
2015-05-22 17:10:00,西二环,7、未按规定让行的 ,负全部责任,不负责任,1,贵AA4658,蓝,1,贵AVB563,红,遵义市驰龙封闭式汽车驾驶培训有限公司,预约考试窗口,-1,2006/12/31 0:00,长安,思域牌,366567000000000000 ,366375000000000000 ,197402,195901,17,4,5,工作日,晚高峰(17-19点),2015-05-22,2015年5月22日,阵雨 /阵雨,19℃ / 14℃,东风 ≤3级 /东风 ≤3级,阵雨,阵雨,19,14,东风,≤3级,东风,≤3级,day
2015-05-20 18:00:00,三全花园,7、未按规定让行的 ,负全部责任,不负责任,1,贵A559G9,红,1,贵A72P83,红,遵义市泥桥诚兴汽车驾驶培训学校,黔丰驾校,-1,2014/10/22 0:00,长安牌,中华牌,664664000000000000 ,366046000000000000 ,196402,199107,18,2,5,工作日,晚高峰(17-19点),2015-05-20,2015年5月20日,阴 /阵雨,23℃ / 17℃,东北风 ≤3级 /东北风 ≤3级,阴,阵雨,23,17,东北风,≤3级,东北风,≤3级,day
2015-05-20 18:00:00,三合花园,7、未按规定让行的 ,负全部责任,不负责任,1,贵A559G9,红,1,贵A72P83,黑,遵义市泥桥诚兴汽车驾驶培训学校,黔丰驾校,-1,2014/10/22 0:00,长安牌,中华牌,664664000000000000 ,366046000000000000 ,196402,199107,18,2,5,工作日,晚高峰(17-19点),2015-05-20,2015年5月20日,阴 /阵雨,23℃ / 17℃,东北风 ≤3级 /东北风 ≤3级,阴,阵雨,23,17,东北风,≤3级,东北风,≤3级,day
2015-05-16 10:15:00,八匹马,8、依法应负全责的其他情形,负全部责任,不负责任,1,贵A3AM52,白,1,贵AMSK78,黑,（南明区）铁二局驾驶培训有限公司,-1,2004/12/1 0:00,-1,科雷傲,-1,364547000000000000 ,366061000000000000 ,195805,196604,10,5,5,工作日,非高峰,2015-05-16,2015年5月16日,阴 /雷阵雨,23℃ / 17℃,东北风 ≤3级 /东风 ≤3级,阴,雷阵雨,23,17,东北风,≤3级,东风,≤3级,day
2015-04-07 08:03:00,大营坡,1、追尾的,负全部责任,不负责任,1,贵A3561X,蓝,1,贵A7AB41,白,铁二局驾校,路路达驾校,2012/5/4 0:00,2013/8/8 0:00,比亚迪牌,长安牌,36456751165554005X,366862000000000000 ,199211,198301,8,1,4,工作日,早高峰(7-9点),2015-04-07,2015年4月7日,小雨 /小雨,9℃ / 5℃,东北风 ≤3级 /东北风 ≤3级,小雨,小雨,9,5,东北风,≤3级,东北风,≤3级,day
2015-03-25 13:50:00,四方河,1、追尾的,负全部责任,不负责任,1,贵AUL794,白色,1,贵AKU663,白色,遵义市泥桥诚兴汽车驾驶培训学校,-1,2010/8/24 0:00,-1,-1,宝马牌,366569000000000000 ,364545000000000000 ,199007,973111,13,2,3,工作日,非高峰,2015-03-25,2015年3月25日,阴 /阵雨,14℃ / 9℃,东北风 ≤3级 /东北风 ≤3级,阴,阵雨,14,9,东北风,≤3级,东北风,≤3级,day
2015-05-08 12:10:00,大营坡,7、未按规定让行的 ,负全部责任,不负责任,1,贵A3561X,黑,1,贵A3CA69,白,铁二局驾校,（观山湖区）蓝天驾驶培训有限公司,2012/5/4 0:00,2002/2/21 0:00,比亚迪牌,海马,36456751165554005X,364548000000000000 ,199211,197809,12,4,5,工作日,非高峰,2015-05-08,2015年5月8日,阵雨 /多云,25℃ / 15℃,东南风 ≤3级 /东北风 ≤3级,阵雨,多云,25,15,东南风,≤3级,东北风,≤3级,day
2015-05-08 13:00:00,油榨街,3、倒车的,负全部责任,不负责任,1,贵AU7361,白色,1,贵A23288,白色,自培,自培,2007/4/19 0:00,2006/2/20 0:00,宇通牌,新世纪牌,364547000000000000 ,364547000000000000 ,198812,198609,13,4,5,工作日,非高峰,2015-05-08,2015年5月8日,阵雨 /多云,25℃ / 15℃,东南风 ≤3级 /东北风 ≤3级,阵雨,多云,25,15,东南风,≤3级,东北风,≤3级,day
2015-04-06 11:30:00,百花山,7、未按规定让行的 ,负全部责任,不负责任,1,贵A88N44,银,1,贵ATB253,红,铁二局驾校,-1,2010/2/8 0:00,-1,夏利牌,吉利牌,376570000000000000 ,364547000000000 ,197905,610401,11,0,4,工作日,非高峰,2015-04-06,2015年4月6日,阵雨 /阵雨,17℃ / 7℃,东北风 ≤3级 /东北风 ≤3级,阵雨,阵雨,17,7,东北风,≤3级,东北风,≤3级,day
2015-04-19 14:00:00,河滨公园,7、未按规定让行的 ,负全部责任,不负责任,1,贵A563C8,白色,1,贵ARP351,白色,铁二局驾校,-1,2014/11/13 0:00,1972/10/16 0:00,解放牌,雪佛兰牌,364556000000000000 ,36454751305642567X,196104,195412,14,6,4,周末,非高峰,2015-04-19,2015年4月19日,阵雨 /阵雨,22℃ / 13℃,东北风 ≤3级 /东北风 ≤3级,阵雨,阵雨,22,13,东北风,≤3级,东北风,≤3级,day
2015-04-23 07:40:00,小河平桥,7、未按规定让行的 ,负全部责任,不负责任,1,贵AR3713,白色,1,贵G3538,白色,（南明区）铁二局驾驶培训有限公司,-1,2007/5/9 0:00,-1,富路牌,-1,36656651874665446X,74360500000000000 ,197302,198812,7,3,4,工作日,早高峰(7-9点),2015-04-23,2015年4月23日,阴 /小雨,16℃ / 10℃,东北风 ≤3级 /东北风 ≤3级,阴,小雨,16,10,东北风,≤3级,东北风,≤3级,day
2015-05-11 09:30:00,西二环,7、未按规定让行的 ,负全部责任,不负责任,1,贵A546G1,白,1,贵FH4325,黑,长运驾校,金大驾校,2008/12/23 0:00,2013/2/3 0:00,福田牌,-1,364557000000000000 ,366347000000000000 ,197601,199005,9,0,5,工作日,早高峰(7-9点),2015-05-11,2015年5月11日,多云 /多云,24℃ / 13℃,东北风 ≤3级 /东北风 ≤3级,多云,多云,24,13,东北风,≤3级,东北风,≤3级,day
2015-04-22 11:00:00,三桥,1、追尾的,负全部责任,不负责任,1,贵HRJ955,银,1,贵A56P93,白,（南明区）铁二局驾驶培训有限公司,铁二局驾校,2010/11/30 0:00,2013/3/26 0:00,-1,金杯牌,574162000000000000 ,354167000000000000 ,198805,199405,11,2,4,工作日,非高峰,2015-04-22,2015年4月22日,小雨 /小雨,15℃ / 10℃,东北风 ≤3级 /东北风 ≤3级,小雨,小雨,15,10,东北风,≤3级,东北风,≤3级,day
2015-04-03 10:52:00,沙冲路,1、追尾的,负全部责任,不负责任,1,贵ASE383,白色,1,贵AA285K,白色,（南明区）铁二局驾驶培训有限公司,-1,2010/11/16 0:00,-1,英菲尼迪牌,吉利牌,366575000000000000 ,366570000000000000 ,198401,197604,10,4,4,工作日,非高峰,2015-04-03,2015年4月3日,多云 /多云,30℃ / 19℃,南风 ≤3级 /南风 ≤3级,多云,多云,30,19,南风,≤3级,南风,≤3级,day
2015-05-23 08:00:00,太慈桥,1、追尾的,负全部责任,不负责任,1,贵A9005F,白色,1,贵GT6195,白色,铁二局驾校,520126,2011/11/8 0:00,2009/7/27 0:00,比亚迪牌,-1,36626851984058627X,366675000000000000 ,198704,197502,8,5,5,工作日,早高峰(7-9点),2015-05-23,2015年5月23日,阵雨 /阴,19℃ / 14℃,东北风 ≤3级 /东北风 ≤3级,阵雨,阴,19,14,东北风,≤3级,东北风,≤3级,day
2015-04-22 07:40:00,乌当,7、未按规定让行的 ,负全部责任,不负责任,1,贵FQ0814,银,1,贵GX4675,银,自培,520116,2012/3/29 0:00,2007/5/16 0:00,吉利牌,五菱牌,364557000000000000 ,364557000000000000 ,197401,198306,7,2,4,工作日,早高峰(7-9点),2015-04-22,2015年4月22日,小雨 /小雨,15℃ / 10℃,东北风 ≤3级 /东北风 ≤3级,小雨,小雨,15,10,东北风,≤3级,东北风,≤3级,day
2015-03-30 21:00:00,盐务街,7、未按规定让行的 ,负全部责任,不负责任,0,贵A35J26,白,1,贵AU1373,蓝,铁二局驾校,-1,2012/12/17 0:00,-1,大众牌,瑞麒牌,364548000000000000 ,36636600000000000 ,198210,967021,21,0,3,工作日,非高峰,2015-03-30,2015年3月30日,晴 /多云,24℃ / 17℃,南风 ≤3级 /南风 ≤3级,晴,多云,24,17,南风,≤3级,南风,≤3级,night
2015-05-05 20:40:00,西南环线,1、追尾的,负全部责任,不负责任,1,贵AS2113,白色,1,贵FZ3031,白色,铁二局驾校,铁二局驾校,2014/7/28 0:00,2014/7/28 0:00,福田五星牌,-1,366067000000000000 ,366067000000000000 ,199410,199410,20,1,5,工作日,非高峰,2015-05-05,2015年5月5日,阵雨 /阵雨,21℃ / 15℃,南风 ≤3级 /南风 ≤3级,阵雨,阵雨,21,15,南风,≤3级,南风,≤3级,night