accidenttime,accidentaddr,driver1fault,driver1responsibility,driver2responsibility,sex1,platenumber1,carcolor1,sex2,platenumber2,carcolor2,jxmc1,jxmc2,cclzrq1,cclzrq2,clpp1,clpp2,driver1license,driver2license,brith1,brith2,hour,weekday,month,is_weekday,peak_hour,date,日期,天气状况,气温,风力风向,day_wea,night_wea,day_tep,night_tep,day_wind_direction,day_wind_speed,night_wind_direction,night_wind_speed,segment
2015-05-20 01:30:00,北京西路,7、未按规定让行的 ,负全部责任,不负责任,1,贵A9AM12,蓝,1,贵A14Z38,蓝,铁二局驾校,520107,2012/12/5 0:00,2008/8/20 0:00,雪佛兰牌,北京现代牌,366662000000000000 ,36455651825459637X,198112,197610,1,2,5,工作日,非高峰,2015-05-20,2015年5月20日,阴 /阵雨,23℃ / 17℃,东北风 ≤3级 /东北风 ≤3级,阴,阵雨,23,17,东北风,≤3级,东北风,≤3级,night
2015-04-21 15:10:00,白云区,8、依法应负全责的其他情形,负全部责任,不负责任,1,贵A8489F,银,1,贵AS5012,红,铁二局驾校,-1,2013/12/18 0:00,-1,吉利牌,豪爵牌,366664000000000000 ,366369000000000000 ,197105,198206,15,1,4,工作日,非高峰,2015-04-21,2015年4月21日,阴 /阵雨,17℃ / 10℃,东北风 ≤3级 /东北风 ≤3级,阴,阵雨,17,10,东北风,≤3级,东北风,≤3级,day
2015-03-30 17:00:00,嘉润路,1、追尾的,负全部责任,不负责任,1,贵JAL568,白色,1,贵CGC422,白色,铁二局驾校,-1,2012/6/1 0:00,-1,马自达牌,捷豹XF,364547000000000000 ,366569000000000000 ,198710,197611,17,0,3,工作日,晚高峰(17-19点),2015-03-30,2015年3月30日,晴 /多云,24℃ / 17℃,南风 ≤3级 /南风 ≤3级,晴,多云,24,17,南风,≤3级,南风,≤3级,day
2015-04-25 09:40:00,宝山南路,7、未按规定让行的 ,负全部责任,不负责任,1,贵A46L64,银,1,贵AU4873,绿,铁二局驾校,-1,2014/6/3 0:00,-1,五菱牌,捷达牌,366061000000000000 ,366347000000000000 ,197603,198204,9,5,4,工作日,早高峰(7-9点),2015-04-25,2015年4月25日,阴 /阵雨,20℃ / 11℃,东风 ≤3级 /东南风 ≤3级,阴,阵雨,20,11,东风,≤3级,东南风,≤3级,day
2015-05-28 12:20:00,阳光大道国际人才城,7、未按规定让行的 ,负全部责任,不负责任,0,贵A7AR47,蓝,1,贵A5AR65,红,铁二局驾校,-1,2012/5/11 0:00,-1,雪佛兰牌,福克斯牌,364648000000000000 ,74946500000000000 ,198012,197307,12,3,5,工作日,非高峰,2015-05-28,2015年5月28日,多云 /雷阵雨,29℃ / 19℃,南风 ≤3级 /东南风 ≤3级,多云,雷阵雨,29,19,南风,≤3级,东南风,≤3级,day
2015-03-13 15:53:00,航天路,7、未按规定让行的 ,负全部责任,不负责任,1,贵A27974,黑,1,贵GT5709,黑,（南明区）铁二局驾驶培训有限公司,路路达驾校,2005/3/24 0:00,2013/9/26 0:00,嘉龙牌,北京现代牌,366367000000000000 ,364558000000000000 ,196712,196208,15,4,3,工作日,非高峰,2015-03-13,2015年3月13日,多云 /阵雨,17℃ / 12℃,南风 ≤3级 /南风 ≤3级,多云,阵雨,17,12,南风,≤3级,南风,≤3级,day
2015-04-25 15:21:00,花溪大道,1、追尾的,负全部责任,不负责任,1,贵A9R515,白色,1,贵A484G9,白色,铁二局驾校,蓝天驾校,2014/9/2 0:00,2010/11/16 0:00,骏派牌,松花江牌,364568000000000000 ,366068000000000000 ,198907,199110,15,5,4,工作日,非高峰,2015-04-25,2015年4月25日,阴 /阵雨,20℃ / 11℃,东风 ≤3级 /东南风 ≤3级,阴,阵雨,20,11,东风,≤3级,东南风,≤3级,day
2015-05-16 11:00:00,小河长江路,7、未按规定让行的 ,负全部责任,不负责任,1,贵A11C19,白色,1,贵AU6461,白色,铁二局驾校,520116,2014/9/2 0:00,2002/4/30 0:00,大众汽车牌,捷达牌,344797000000000000 ,364556000000000000 ,198501,197501,11,5,5,工作日,非高峰,2015-05-16,2015年5月16日,阴 /雷阵雨,23℃ / 17℃,东北风 ≤3级 /东风 ≤3级,阴,雷阵雨,23,17,东北风,≤3级,东风,≤3级,day
2015-04-14 11:00:00,小石城,1、追尾的,负全部责任,不负责任,0,贵AQ3282,黑,1,贵AGB371,黑,铁二局驾校,520107,2014/11/24 0:00,2008/1/7 0:00,-1,长安牌,36464651925550082X,366368000000000000 ,198611,197010,11,1,4,工作日,非高峰,2015-04-14,2015年4月14日,晴 /多云,22℃ / 9℃,东风 ≤3级 /东风 ≤3级,晴,多云,22,9,东风,≤3级,东风,≤3级,day
2015-04-28 11:20:00,新添大道,1、追尾的,负全部责任,不负责任,1,贵AHT673,黑,1,贵AE0183,黑,贵州平安驾驶培训学校,-1,2005/1/7 0:00,-1,起亚牌,威姿,366577000000000000 ,36456700000000000 ,197411,195052,11,1,4,工作日,非高峰,2015-04-28,2015年4月28日,多云 /多云,25℃ / 15℃,东北风 ≤3级 /东北风 ≤3级,多云,多云,25,15,东北风,≤3级,东北风,≤3级,day
2015-04-14 17:00:00,白云区,8、依法应负全责的其他情形,负全部责任,不负责任,0,贵GAB482,银,1,贵A49A77,蓝,（南明区）铁二局驾驶培训有限公司,自培,2015/2/10 0:00,2005/1/6 0:00,风朗,雪佛兰牌,366369000000000000 ,366546000000000000 ,198210,196712,17,1,4,工作日,晚高峰(17-19点),2015-04-14,2015年4月14日,晴 /多云,22℃ / 9℃,东风 ≤3级 /东风 ≤3级,晴,多云,22,9,东风,≤3级,东风,≤3级,day
2015-05-12 10:00:00,金阳,7、未按规定让行的 ,负全部责任,不负责任,1,贵A9216K,白,0,贵GR9680,白,（南明区）铁二局驾驶培训有限公司,自培,2005/9/15 0:00,2004/6/18 0:00,英伦牌,-1,364558000000000000 ,364547000000000000 ,197001,198204,10,1,5,工作日,非高峰,2015-05-12,2015年5月12日,阴 /雷阵雨,24℃ / 13℃,南风 ≤3级 /南风 ≤3级,阴,雷阵雨,24,13,南风,≤3级,南风,≤3级,day
2015-05-25 19:00:00,白云南路红十字,1、追尾的,负全部责任,不负责任,1,贵ANX666,白,1,贵A0BW67,红,（南明区）铁二局驾驶培训有限公司,路路达驾校,2007/8/1 0:00,2014/7/21 0:00,别克牌,吉利美日牌,364547000000000000 ,366061000000000000 ,198505,199310,19,0,5,工作日,晚高峰(17-19点),2015-05-25,2015年5月25日,多云 /阵雨,26℃ / 19℃,东南风 ≤3级 /东南风 ≤3级,多云,阵雨,26,19,东南风,≤3级,东南风,≤3级,day
2015-04-18 11:20:00,白云区,1、追尾的,负全部责任,不负责任,1,贵A26815,白,1,贵AV2508,白,铁二局驾校,省交校,2010/8/17 0:00,2011/11/16 0:00,中联牌,五菱牌,366246000000000000 ,366067000000000000 ,198412,198605,11,5,4,工作日,非高峰,2015-04-18,2015年4月18日,多云 /雷阵雨,29℃ / 16℃,南风 ≤3级 /南风 ≤3级,多云,雷阵雨,29,16,南风,≤3级,南风,≤3级,day
2015-04-02 12:25:00,黔灵山路,7、未按规定让行的 ,负全部责任,不负责任,1,贵AU9542,绿,1,贵AU2651,绿,（南明区）铁二局驾驶培训有限公司,自培,2008/5/16 0:00,2006/1/26 0:00,大河牌,嘉陵牌,366566000000000000 ,366570000000000000 ,197304,197106,12,3,4,工作日,非高峰,2015-04-02,2015年4月2日,多云 /多云,30℃ / 18℃,南风 ≤3级 /南风 ≤3级,多云,多云,30,18,南风,≤3级,南风,≤3级,day
2015-05-03 12:40:00,孟关,1、追尾的,负全部责任,不负责任,1,贵A6449L,白色,1,贵FV2335,白色,（南明区）铁二局驾驶培训有限公司,-1,2009/12/24 0:00,-1,长安牌,-1,364556000000000000 ,366068000000000000 ,198407,198308,12,6,5,周末,非高峰,2015-05-03,2015年5月3日,阵雨 /阵雨,25℃ / 15℃,东北风 ≤3级 /东北风 ≤3级,阵雨,阵雨,25,15,东北风,≤3级,东北风,≤3级,day
2015-02-08 16:00:00,乌当,1、追尾的,负全部责任,不负责任,1,贵A31043,银,1,贵A89W65,黑,铁二局驾校,六盘水市黔龙驾驶培训学校,2012/6/4 0:00,-1,陕汽牌,劳恩斯,36455651914942478X,64555500000000000 ,198908,197402,16,6,2,周末,非高峰,2015-02-08,2015年2月8日,阴 /阴,7℃ / 3℃,东北风 ≤3级 /南风 ≤3级,阴,阴,7,3,东北风,≤3级,南风,≤3级,day
2015-04-30 11:00:00,二戈寨,1、追尾的,负全部责任,不负责任,1,浙G881AU,白色,1,贵AM3986,白色,铁二局驾校,铁二局驾校,2012/10/9 0:00,2014/9/18 0:00,丰田牌,三鑫牌,364568000000000000 ,364596000000000000 ,198709,199308,11,3,4,工作日,非高峰,2015-04-30,2015年4月30日,阵雨 /阵雨,25℃ / 17℃,东南风 ≤3级 /东南风 ≤3级,阵雨,阵雨,25,17,东南风,≤3级,东南风,≤3级,day
2015-02-10 13:15:00,凤凰翠堤小区内,3、倒车的,负全部责任,不负责任,1,贵A23L47,白色,1,京YAR332,白色,铁二局驾校,预约考试窗口,2012/5/17 0:00,2006/9/27 0:00,荣威牌,宝马牌,366368000000000000 ,366868000000000000 ,198308,198112,13,1,2,工作日,非高峰,2015-02-10,2015年2月10日,小雨 /小雨,6℃ / 3℃,东北风 ≤3级 /东风 ≤3级,小雨,小雨,6,3,东北风,≤3级,东风,≤3级,day
2015-02-11 16:02:00,大南门环岛,8、依法应负全责的其他情形,负全部责任,不负责任,1,贵A74W21,银,0,贵A33393,蓝,（南明区）铁二局驾驶培训有限公司,自培,2009/12/4 0:00,2003/7/1 0:00,长城牌,南骏牌,364568000000000000 ,364557000000000000 ,199007,197403,16,2,2,工作日,非高峰,2015-02-11,2015年2月11日,多云 /多云,11℃ / 3℃,东风 ≤3级 /东北风 ≤3级,多云,多云,11,3,东风,≤3级,东北风,≤3级,day
2015-04-01 11:10:00,花果园,7、未按规定让行的 ,负全部责任,不负责任,0,贵A13A16,黑,1,贵AU7955,蓝,铁二局驾校,自培,2012/5/25 0:00,2005/9/14 0:00,马自达牌,金龙牌,364551000000000000 ,366864000000000000 ,198207,198109,11,2,4,工作日,非高峰,2015-04-01,2015年4月1日,多云 /多云,29℃ / 19℃,南风 ≤3级 /南风 ≤3级,多云,多云,29,19,南风,≤3级,南风,≤3级,day
2015-05-13 12:04:00,花果园,9、不符合前8款规定或者双方同时具有上述情形的,负同等责任,负同等责任,1,贵A671C6,白,0,贵AL8921,黄,铁二局驾校,铁二局驾校,2013/4/1 0:00,1980/1/15 0:00,东风牌,东本牌,36454751324875005X,364547000000000000 ,195607,195801,12,2,5,工作日,非高峰,2015-05-13,2015年5月13日,多云 /阵雨,26℃ / 19℃,东南风 ≤3级 /东南风 ≤3级,多云,阵雨,26,19,东南风,≤3级,东南风,≤3级,day
2015-03-10 14:30:00,宝山北路,1、追尾的,负全部责任,不负责任,1,贵APW286,黑,1,贵A3BZ03,黑,铁二局驾校,520126,2013/11/6 0:00,2010/2/25 0:00,吉利牌,丰田牌,364596000000000000 ,364596000000000000 ,199009,198212,14,1,3,工作日,非高峰,2015-03-10,2015年3月10日,小雨 /小雨,8℃ / 4℃,东北风 ≤3级 /东北风 ≤3级,小雨,小雨,8,4,东北风,≤3级,东北风,≤3级,day
2015-05-18 11:30:00,东凤镇,3、倒车的,负全部责任,不负责任,1,贵A053E2,白,1,贵A8306E,白,铁二局驾校,消防驾校,2013/4/22 0:00,2013/3/21 0:00,解放牌,解放牌,366367000000000000 ,366347000000000000 ,197509,197610,11,0,5,工作日,非高峰,2015-05-18,2015年5月18日,多云 /多云,25℃ / 18℃,东北风 ≤3级 /东北风 ≤3级,多云,多云,25,18,东北风,≤3级,东北风,≤3级,day
2015-03-22 16:00:00,小河转盘,7、未按规定让行的 ,负全部责任,不负责任,1,贵AA561H,白色,1,贵4524408,白色,自培,-1,2014/3/5 0:00,-1,长安牌,-1,364566000000000000 ,366067000000000000 ,198902,198209,16,6,3,周末,非高峰,2015-03-22,2015年3月22日,阵雨 /阵雨,19℃ / 10℃,东南风 ≤3级 /东风 ≤3级,阵雨,阵雨,19,10,东南风,≤3级,东风,≤3级,day
2015-02-09 17:30:00,乌当,9、不符合前8款规定或者双方同时具有上述情形的,负同等责任,负同等责任,1,贵ARN983,黑,1,贵A6BA83,红,毕节市顺达汽车驾驶培训学校,文通驾校,-1,2011/7/25 0:00,吉利牌,马自达牌,366064000000000000 ,306368000000000000 ,197906,196908,17,0,2,工作日,晚高峰(17-19点),2015-02-09,2015年2月9日,阴 /小雨,6℃ / 4℃,东北风 ≤3级 /东北风 ≤3级,阴,小雨,6,4,东北风,≤3级,东北风,≤3级,day
2015-03-11 15:50:00,云潭南路,7、未按规定让行的 ,负全部责任,不负责任,1,贵AB354V,银,1,贵A149A9,银,大方县龙飞汽车(摩托车)驾驶培训学校,520109,-1,2009/4/22 0:00,东风牌,长安牌,366068000000000000 ,366361000000000000 ,197203,197107,15,2,3,工作日,非高峰,2015-03-11,2015年3月11日,阴 /小雨,8℃ / 4℃,东北风 ≤3级 /东北风 ≤3级,阴,小雨,8,4,东北风,≤3级,东北风,≤3级,day
2015-03-20 07:40:00,北京东路,7、未按规定让行的 ,负全部责任,不负责任,1,贵GY5431,黑,1,贵AGU927,黑,铁二局驾校,自培,2013/4/15 0:00,2002/10/10 0:00,宝马牌,沃尔沃,66945500000000000 ,357462000000000000 ,198811,197803,7,4,3,工作日,早高峰(7-9点),2015-03-20,2015年3月20日,阴 /阵雨,14℃ / 10℃,东北风 ≤3级 /东北风 ≤3级,阴,阵雨,14,10,东北风,≤3级,东北风,≤3级,day
2015-03-01 09:30:00,金阳车站,3、倒车的,负全部责任,不负责任,1,贵CWA272,黑,1,小型,蓝,铁二局驾校,自培,2014/10/22 0:00,2010/9/15 0:00,大众汽车牌,-1,366561000000000000 ,364566000000000000 ,196911,199103,9,6,3,周末,早高峰(7-9点),2015-03-01,2015年3月1日,阴 /阴,9℃ / 3℃,东风 ≤3级 /南风 ≤3级,阴,阴,9,3,东风,≤3级,南风,≤3级,day
2015-05-16 00:00:00,南二环,7、未按规定让行的 ,负全部责任,不负责任,1,贵CGW651,白色,1,贵FV6882,白色,铁二局驾校,-1,2014/10/22 0:00,-1,-1,-1,364567000000000000 ,366067000000000000 ,199410,198705,0,5,5,工作日,非高峰,2015-05-16,2015年5月16日,阴 /雷阵雨,23℃ / 17℃,东北风 ≤3级 /东风 ≤3级,阴,雷阵雨,23,17,东北风,≤3级,东风,≤3级,night
2015-05-14 16:00:00,太慈桥,8、依法应负全责的其他情形,负全部责任,不负责任,1,贵A9816K,白色,1,贵GL7422,白色,铁二局驾校（南明区）,（乌当区）全林驾驶培训有限公司,2015/3/17 0:00,2011/5/4 0:00,华泰圣达菲牌,-1,366063000000000000 ,366346000000000000 ,198112,198312,16,3,5,工作日,非高峰,2015-05-14,2015年5月14日,多云 /雷阵雨,27℃ / 20℃,东南风 ≤3级 /南风 ≤3级,多云,雷阵雨,27,20,东南风,≤3级,南风,≤3级,day
2015-03-12 09:00:00,小河平桥,7、未按规定让行的 ,负全部责任,不负责任,1,贵A94J72,白色,1,贵A27871,白色,大方县龙飞汽车(摩托车)驾驶培训学校,顺一驾驶培训学校,-1,2012/2/8 0:00,梅赛德斯—奔驰,昌河,366067000000000000 ,674669000000000000 ,198808,198109,9,3,3,工作日,早高峰(7-9点),2015-03-12,2015年3月12日,多云 /多云,16℃ / 10℃,南风 ≤3级 /南风 ≤3级,多云,多云,16,10,南风,≤3级,南风,≤3级,day
2015-03-13 10:00:00,小屯路,3、倒车的,负全部责任,不负责任,1,贵A48831,灰色,1,贵A0136A,白色,遵义县鸿盛机动车驾驶员培训学校,520111,-1,2010/8/23 0:00,兴黔,长城牌,366067000000000000 ,36456551145446698X,198108,199010,10,4,3,工作日,非高峰,2015-03-13,2015年3月13日,多云 /阵雨,17℃ / 12℃,南风 ≤3级 /南风 ≤3级,多云,阵雨,17,12,南风,≤3级,南风,≤3级,day
2015-04-30 11:10:00,东站路,1、追尾的,负全部责任,不负责任,1,贵AJA557,白色,1,贵GFN883,白色,大方县银春汽车驾驶培训学校,顺一驾驶培训学校,-1,2011/11/1 0:00,福田牌,-1,36606651934257645X,366567000000000000 ,198506,198404,11,3,4,工作日,非高峰,2015-04-30,2015年4月30日,阵雨 /阵雨,25℃ / 17℃,东南风 ≤3级 /东南风 ≤3级,阵雨,阵雨,25,17,东南风,≤3级,东南风,≤3级,day
2015-05-03 11:10:00,北京西路,8、依法应负全责的其他情形,负全部责任,不负责任,1,贵A9053R,白,1,贵JAP474,黑,织金县织通驾驶培训学校,-1,2011/7/6 0:00,-1,北京牌,-1,366064000000000000 ,366876000000000000 ,198603,198908,11,6,5,周末,非高峰,2015-05-03,2015年5月3日,阵雨 /阵雨,25℃ / 15℃,东北风 ≤3级 /东北风 ≤3级,阵雨,阵雨,25,15,东北风,≤3级,东北风,≤3级,day
2015-03-08 15:41:00,大西门,7、未按规定让行的 ,负全部责任,不负责任,1,贵CJT744,银,1,贵AF9954,白,遵义县鸿盛机动车驾驶员培训学校,-1,2012/5/31 0:00,-1,五菱牌,凌肯牌,355247000000000000 ,364566000000000000 ,198804,198808,15,6,3,周末,非高峰,2015-03-08,2015年3月8日,小雨 /阴,11℃ / 6℃,东北风 ≤3级 /东北风 ≤3级,小雨,阴,11,6,东北风,≤3级,东北风,≤3级,day
2015-05-23 22:10:00,白云南路,7、未按规定让行的 ,负全部责任,不负责任,1,贵FA2499,白,1,贵A2L435,白,大方县银春汽车驾驶培训学校,-1,2014/12/10 0:00,-1,-1,-1,366067000000000000 ,366346000000000000 ,199507,197607,22,5,5,工作日,非高峰,2015-05-23,2015年5月23日,阵雨 /阴,19℃ / 14℃,东北风 ≤3级 /东北风 ≤3级,阵雨,阴,19,14,东北风,≤3级,东北风,≤3级,night
2015-03-14 11:15:00,二铺,8、依法应负全责的其他情形,负全部责任,不负责任,1,贵FJ7422,银,1,贵A64092,银,织金县织通驾驶培训学校,诚信驾驶培训学校,-1,2013/3/18 0:00,五菱牌,长安,366046000000000000 ,364557000000000000 ,197209,199204,11,5,3,工作日,非高峰,2015-03-14,2015年3月14日,阴 /阴,17℃ / 12℃,南风 ≤3级 /东南风 ≤3级,阴,阴,17,12,南风,≤3级,东南风,≤3级,day
2015-04-08 22:44:00,石板物流园,3、倒车的,负全部责任,不负责任,1,贵A392A5,白色,1,贵A1454H,白色,织金县织通驾驶培训学校,-1,2011/12/30 0:00,-1,解放牌,长安牌,366064000000000000 ,366068000000000000 ,198002,197702,22,2,4,工作日,非高峰,2015-04-08,2015年4月8日,小雨 /小雨,10℃ / 6℃,东北风 ≤3级 /东北风 ≤3级,小雨,小雨,10,6,东北风,≤3级,东北风,≤3级,night
2015-05-17 23:30:00,迎宾西路,1、追尾的,负全部责任,不负责任,0,贵A88N34,红,0,贵A43N95,白,织金县织通驾驶培训学校,贵州天河驾校,-1,2015/1/23 0:00,雪佛兰牌,长安牌,366064000000000000 ,366661000000000000 ,197310,198212,23,6,5,周末,非高峰,2015-05-17,2015年5月17日,阵雨 /雷阵雨,25℃ / 17℃,东北风 ≤3级 /南风 ≤3级,阵雨,雷阵雨,25,17,东北风,≤3级,南风,≤3级,night
2015-03-07 17:55:00,育才路,7、未按规定让行的 ,负全部责任,不负责任,1,贵ARR938,红,1,贵A476F9,白,遵义县鸿盛机动车驾驶员培训学校,自培,2011/1/28 0:00,2005/7/4 0:00,奇瑞,解放牌,366566000000000000 ,366067000000000000 ,198009,198612,17,5,3,工作日,晚高峰(17-19点),2015-03-07,2015年3月7日,阴 /小雨,10℃ / 5℃,东风 ≤3级 /东南风 ≤3级,阴,小雨,10,5,东风,≤3级,东南风,≤3级,day
2015-04-05 17:30:00,北京西路,1、追尾的,负全部责任,不负责任,1,贵A1J334,黑,1,贵A1532H,红,织金县织通驾驶培训学校,贵大佳德驾驶培训学校,2013/6/24 0:00,2011/5/13 0:00,-1,五菱牌,366064000000000000 ,366361000000000000 ,199406,198402,17,6,4,周末,晚高峰(17-19点),2015-04-05,2015年4月5日,阴 /阵雨,30℃ / 12℃,南风 ≤3级 /东北风 ≤3级,阴,阵雨,30,12,南风,≤3级,东北风,≤3级,day
2015-05-22 12:30:00,福州街,3、倒车的,负全部责任,不负责任,1,贵LCF838,蓝,1,贵A0023X,蓝,织金县织通驾驶培训学校,消防驾校,2013/6/24 0:00,2011/4/25 0:00,-1,大众牌,366064000000000000 ,366068000000000000 ,199406,199004,12,4,5,工作日,非高峰,2015-05-22,2015年5月22日,阵雨 /阵雨,19℃ / 14℃,东风 ≤3级 /东风 ≤3级,阵雨,阵雨,19,14,东风,≤3级,东风,≤3级,day
2015-04-16 12:00:00,沙冲路,7、未按规定让行的 ,负全部责任,不负责任,1,贵CN6934,白色,1,贵CAC281,白色,遵义市汇遵驾驶员培训学校,铁二局驾校,-1,2013/3/26 0:00,东风牌,梅赛德斯-奔驰牌,65498500000000000 ,774761000000000000 ,198208,199308,12,3,4,工作日,非高峰,2015-04-16,2015年4月16日,多云 /多云,29℃ / 17℃,南风 ≤3级 /南风 ≤3级,多云,多云,29,17,南风,≤3级,南风,≤3级,day
2015-02-11 11:00:00,山水黔城,3、倒车的,负全部责任,不负责任,1,贵ARP191,白色,1,贵A9C179,白色,安顺市顺安汽车（摩托车）驾驶培训学校,自培,-1,1999/9/2 0:00,中华牌,-1,366346000000000000 ,364547000000000000 ,198309,196203,11,2,2,工作日,非高峰,2015-02-11,2015年2月11日,多云 /多云,11℃ / 3℃,东风 ≤3级 /东北风 ≤3级,多云,多云,11,3,东风,≤3级,东北风,≤3级,day
2015-03-31 10:25:00,龙井路,7、未按规定让行的 ,负全部责任,不负责任,1,川A511UX,银,1,贵GX4817,黑,六盘水天生湖驾驶培训有限公司,吉源驾校,-1,2013/10/21 0:00,捷达,嘉陵牌,364648000000000000 ,366067000000000000 ,198709,198711,10,1,3,工作日,非高峰,2015-03-31,2015年3月31日,多云 /多云,28℃ / 19℃,南风 ≤3级 /南风 ≤3级,多云,多云,28,19,南风,≤3级,南风,≤3级,day
2015-02-15 12:00:00,金苏大道,7、未按规定让行的 ,负全部责任,不负责任,1,贵AS1833,蓝,1,贵A32154,白,织金县织通驾驶培训学校,-1,2013/9/3 0:00,-1,宝马,华菱之星牌,364568000000000000 ,366664000000000000 ,199211,197508,12,6,2,周末,非高峰,2015-02-15,2015年2月15日,多云 /阴,19℃ / 8℃,南风 ≤3级 /东北风 ≤3级,多云,阴,19,8,南风,≤3级,东北风,≤3级,day
2015-04-12 22:00:00,油榨街,7、未按规定让行的 ,负全部责任,不负责任,1,贵A6189J,白色,1,贵ATG144,白色,织金县织通驾驶培训学校,自培,2013/6/24 0:00,2004/3/29 0:00,大众汽车牌,宝马牌,366064000000000000 ,364547000000000000 ,199406,198204,22,6,4,周末,非高峰,2015-04-12,2015年4月12日,晴 /多云,21℃ / 7℃,东风 ≤3级 /东风 ≤3级,晴,多云,21,7,东风,≤3级,东风,≤3级,night
2015-05-12 08:30:00,花果园,8、依法应负全责的其他情形,负全部责任,不负责任,1,贵C08248,红,1,冀CBU349,黑,平坝县高峰振鑫机动车驾驶人培训学校,-1,2015/4/2 0:00,-1,-1,-1,366862000000000000 ,655067000000000000 ,198910,197212,8,1,5,工作日,早高峰(7-9点),2015-05-12,2015年5月12日,阴 /雷阵雨,24℃ / 13℃,南风 ≤3级 /南风 ≤3级,阴,雷阵雨,24,13,南风,≤3级,南风,≤3级,day
2015-05-29 07:30:00,金华镇,3、倒车的,负全部责任,不负责任,1,贵A401E4,白,1,贵A57516,红,黔西县宏远黔职驾校有限公司,贵阳万里圣驾校,-1,2015/3/24 0:00,解放牌,长安,366068000000000000 ,36455651274253693X,199405,196306,7,4,5,工作日,早高峰(7-9点),2015-05-29,2015年5月29日,阵雨 /阵雨,24℃ / 17℃,东南风 ≤3级 /东北风 ≤3级,阵雨,阵雨,24,17,东南风,≤3级,东北风,≤3级,day
2015-03-18 10:00:00,金燕路,7、未按规定让行的 ,负全部责任,不负责任,1,贵AM0296,蓝,1,贵AB7943,银,黔西县宏远黔职驾校有限公司,新天驾校,-1,2012/9/28 0:00,富路牌,雷克牌,364557000000000000 ,357475000000000000 ,198511,199111,10,2,3,工作日,非高峰,2015-03-18,2015年3月18日,多云 /多云,24℃ / 14℃,南风 ≤3级 /南风 ≤3级,多云,多云,24,14,南风,≤3级,南风,≤3级,day
2015-03-15 09:50:00,金朱东路,7、未按规定让行的 ,负全部责任,不负责任,1,贵A01899,白,0,贵G96128,黑,黔西县宏远黔职驾校有限公司,消防驾校,2010/6/10 0:00,2011/10/30 0:00,江淮牌,雷克萨斯,366068000000000000 ,364557000000000000 ,198612,196812,9,6,3,周末,早高峰(7-9点),2015-03-15,2015年3月15日,阴 /阴,18℃ / 13℃,东风 ≤3级 /南风 ≤3级,阴,阴,18,13,东风,≤3级,南风,≤3级,day
2015-04-24 00:00:00,智慧龙城,1、追尾的,负全部责任,不负责任,1,贵GY6146,白色,1,贵BY1535,白色,独山兴鑫驾驶培训有限责任公司,-1,2015/3/5 0:00,-1,大众汽车牌,奥迪,366863000000000000 ,366069000000000000 ,197411,195608,0,4,4,工作日,非高峰,2015-04-24,2015年4月24日,阴 /小雨,16℃ / 11℃,东风 ≤3级 /东风 ≤3级,阴,小雨,16,11,东风,≤3级,东风,≤3级,night
2015-04-24 13:00:00,智慧龙城,1、追尾的,负全部责任,不负责任,1,贵GY6143,白色,1,贵AVW541,白色,独山兴鑫驾驶培训有限责任公司,-1,2015/3/5 0:00,-1,起亚牌,马自达牌,366863000000000000 ,356661000000000000 ,197411,197706,13,4,4,工作日,非高峰,2015-04-24,2015年4月24日,阴 /小雨,16℃ / 11℃,东风 ≤3级 /东风 ≤3级,阴,小雨,16,11,东风,≤3级,东风,≤3级,day
2015-04-28 17:00:00,牛郎关,1、追尾的,负全部责任,不负责任,1,渝BR7348,白色,1,贵A758E1,白色,纳雍县顺达汽车驾驶培训有限公司,十一驾驶培训有限公司,-1,2012/8/30 0:00,无,福田牌,36606251954545318X,364556000000000000 ,198101,199304,17,1,4,工作日,晚高峰(17-19点),2015-04-28,2015年4月28日,多云 /多云,25℃ / 15℃,东北风 ≤3级 /东北风 ≤3级,多云,多云,25,15,东北风,≤3级,东北风,≤3级,day
2015-05-09 21:00:00,黔灵山路,1、追尾的,负全部责任,不负责任,1,贵A9814A,白,1,粤DG0218,红,黔西县宏远黔职驾校有限公司,-1,2014/7/25 0:00,-1,江淮牌,-1,366068000000000000 ,4146520000000000 ,199309,197106,21,5,5,工作日,非高峰,2015-05-09,2015年5月9日,阵雨 /阵雨,23℃ / 16℃,东北风 ≤3级 /东南风 ≤3级,阵雨,阵雨,23,16,东北风,≤3级,东南风,≤3级,night
2015-05-20 13:30:00,金关,9、不符合前8款规定或者双方同时具有上述情形的,负全部责任,不负责任,1,贵AA457P,白,1,贵EP9240,红,黔西县宏远黔职驾校有限公司,-1,2011/3/22 0:00,-1,金杯牌,-1,366068000000000000 ,366346000000000000 ,199012,199201,13,2,5,工作日,非高峰,2015-05-20,2015年5月20日,阴 /阵雨,23℃ / 17℃,东北风 ≤3级 /东北风 ≤3级,阴,阵雨,23,17,东北风,≤3级,东北风,≤3级,day
2015-05-27 13:00:00,东站,7、未按规定让行的 ,负全部责任,不负责任,1,贵A7636F,白色,1,贵A96397,白色,自培,-1,2011/9/19 0:00,-1,五菱牌,天马牌,366063000000000000 ,36634600000000000 ,199107,195510,13,2,5,工作日,非高峰,2015-05-27,2015年5月27日,阴 /阵雨,26℃ / 20℃,南风 ≤3级 /东北风 ≤3级,阴,阵雨,26,20,南风,≤3级,东北风,≤3级,day
2015-05-12 09:30:00,五医,7、未按规定让行的 ,负全部责任,不负责任,1,贵A57436,红,0,贵APR961,白,贵州省黔南交通驾驶学校,消防驾校（白云区）,-1,2015/3/20 0:00,国威牌,起亚牌,366875000000000000 ,364557000000000000 ,198711,198706,9,1,5,工作日,早高峰(7-9点),2015-05-12,2015年5月12日,阴 /雷阵雨,24℃ / 13℃,南风 ≤3级 /南风 ≤3级,阴,雷阵雨,24,13,南风,≤3级,南风,≤3级,day