accidenttime,accidentaddr,driver1fault,driver1responsibility,driver2responsibility,sex1,platenumber1,carcolor1,sex2,platenumber2,carcolor2,jxmc1,jxmc2,cclzrq1,cclzrq2,clpp1,clpp2,driver1license,driver2license,brith1,brith2,hour,weekday,month,is_weekday,peak_hour,date,日期,天气状况,气温,风力风向,day_wea,night_wea,day_tep,night_tep,day_wind_direction,day_wind_speed,night_wind_direction,night_wind_speed,segment
2015-04-13 07:10:00,三桥,7、未按规定让行的 ,负全部责任,不负责任,1,贵ABS466,银,1,贵A1761T,黑,贵定县阳光汽车驾驶培训学校,蓝天驾校,-1,2013/6/6 0:00,奥迪牌,雅阁牌,36604551945563803X,366067000000000000 ,198011,197107,7,0,4,工作日,早高峰(7-9点),2015-04-13,2015年4月13日,晴 /多云,23℃ / 8℃,东北风 ≤3级 /东北风 ≤3级,晴,多云,23,8,东北风,≤3级,东北风,≤3级,day
2015-05-06 14:20:00,小河,1、追尾的,负全部责任,不负责任,1,贵AS8841,白色,1,贵A23X54,白色,贵定县阳光汽车驾驶培训学校,（白云区）景宏驾驶培训有限公司,-1,2013/4/19 0:00,奥迪牌,途威,366868000000000000 ,364566000000000000 ,199302,199211,14,2,5,工作日,非高峰,2015-05-06,2015年5月6日,多云 /多云,25℃ / 16℃,东北风 ≤3级 /南风 ≤3级,多云,多云,25,16,东北风,≤3级,南风,≤3级,day
2015-04-09 16:00:00,中曹司大桥,7、未按规定让行的 ,负全部责任,不负责任,1,贵JN0457,白色,1,贵A42W87,白色,黔南东方机动车驾驶培训学校,-1,2009/11/20 0:00,-1,五菱牌,锋范牌,36687451974754405X,366068000000000000 ,198303,198808,16,3,4,工作日,非高峰,2015-04-09,2015年4月9日,阴 /小雨,11℃ / 7℃,东北风 ≤3级 /东北风 ≤3级,阴,小雨,11,7,东北风,≤3级,东北风,≤3级,day
2015-02-11 19:10:00,金燕路,3、倒车的,负全部责任,不负责任,1,贵A014D8,银,1,贵APX044,银,黔南东方机动车驾驶培训学校,-1,2012/4/16 0:00,-1,解放牌,解放牌,366068000000000000 ,366067000000000000 ,198901,18603,19,2,2,工作日,晚高峰(17-19点),2015-02-11,2015年2月11日,多云 /多云,11℃ / 3℃,东风 ≤3级 /东北风 ≤3级,多云,多云,11,3,东风,≤3级,东北风,≤3级,day
2015-05-21 12:30:00,省医,1、追尾的,负全部责任,不负责任,1,贵JAR448,白色,1,贵DF8022,白色,黔南剑江汽车驾驶培训学校,宏达驾校,-1,-1,-1,-1,366875000000000000 ,366271000000000000 ,198804,197201,12,3,5,工作日,非高峰,2015-05-21,2015年5月21日,阴 /阵雨,24℃ / 16℃,东风 ≤3级 /东风 ≤3级,阴,阵雨,24,16,东风,≤3级,东风,≤3级,day
2015-05-01 21:00:00,文昌路,7、未按规定让行的 ,负全部责任,不负责任,1,贵JBF565,白,1,贵A57K81,黄,瓮安县鑫源驾驶培训学校,预约考试窗口,-1,2006/11/23 0:00,-1,东风日产牌,366861000000000000 ,355468000000000000 ,198512,198705,21,4,5,工作日,非高峰,2015-05-01,2015年5月1日,阵雨 /多云,25℃ / 14℃,东南风 ≤3级 /东北风 ≤3级,阵雨,多云,25,14,东南风,≤3级,东北风,≤3级,night
2015-05-08 05:30:00,白云北路,7、未按规定让行的 ,负全部责任,不负责任,1,贵A5875Y,蓝,1,贵A6511J,红,黔南剑江汽车驾驶培训学校,人武驾校,2011/3/18 0:00,2012/3/30 0:00,锋范牌,-1,36455751944663647X,364557000000000000 ,198002,197203,5,4,5,工作日,非高峰,2015-05-08,2015年5月8日,阵雨 /多云,25℃ / 15℃,东南风 ≤3级 /东北风 ≤3级,阵雨,多云,25,15,东南风,≤3级,东北风,≤3级,night
2015-05-22 11:01:00,曹富路,7、未按规定让行的 ,负全部责任,不负责任,1,贵A3136A,红,1,贵A46C11,白,黔南剑江汽车驾驶培训学校,时发驾校,2011/3/18 0:00,2012/12/10 0:00,力帆牌,五菱牌,36455751944663647X,364566000000000000 ,198002,199103,11,4,5,工作日,非高峰,2015-05-22,2015年5月22日,阵雨 /阵雨,19℃ / 14℃,东风 ≤3级 /东风 ≤3级,阵雨,阵雨,19,14,东风,≤3级,东风,≤3级,day
2015-05-09 11:00:00,花溪,7、未按规定让行的 ,负全部责任,不负责任,1,贵A375A5,白色,1,贵JM3382,白色,黔南剑江汽车驾驶培训学校,-1,2009/8/25 0:00,-1,解放牌,红旗牌,366066000000000000 ,364545000000 ,197310,390049,11,5,5,工作日,非高峰,2015-05-09,2015年5月9日,阵雨 /阵雨,23℃ / 16℃,东北风 ≤3级 /东南风 ≤3级,阵雨,阵雨,23,16,东北风,≤3级,东南风,≤3级,day
2015-03-17 10:40:00,瑞金路,1、追尾的,负全部责任,不负责任,1,贵AA5227,银,1,贵AJA454,白,黔南金桥汽车驾驶培训学校,-1,2012/11/14 0:00,1978/10/3 0:00,迪爵,东南牌,366846000000000000 ,364547000000000000 ,196303,195604,10,1,3,工作日,非高峰,2015-03-17,2015年3月17日,多云 /多云,25℃ / 14℃,南风 ≤3级 /南风 ≤3级,多云,多云,25,14,南风,≤3级,南风,≤3级,day
2015-02-07 00:00:00,黄河路,7、未按规定让行的 ,负同等责任,负同等责任,1,贵AAQ407,黑色,1,贵AU6103,白色,黔南金桥汽车驾驶培训学校,-1,2009/7/1 0:00,-1,江淮牌,大众牌,366561000000000000 ,366367000000000000 ,198412,197304,0,5,2,工作日,非高峰,2015-02-07,2015年2月7日,阴 /阴,8℃ / 3℃,东北风 ≤3级 /东北风 ≤3级,阴,阴,8,3,东北风,≤3级,东北风,≤3级,night
2015-05-09 20:30:00,新添寨,7、未按规定让行的 ,负全部责任,不负责任,1,贵FAU081,蓝,1,贵A6BZ94,白,黔西蓝天机动车驾驶培训学校,全林驾校,-1,2014/4/8 0:00,-1,别克牌,36606351995556565X,364567000000000000 ,198811,199001,20,5,5,工作日,非高峰,2015-05-09,2015年5月9日,阵雨 /阵雨,23℃ / 16℃,东北风 ≤3级 /东南风 ≤3级,阵雨,阵雨,23,16,东北风,≤3级,东南风,≤3级,night
2015-04-15 20:30:00,油小线,7、未按规定让行的 ,负全部责任,不负责任,1,贵AU2335,白色,1,贵A2592V,白色,安顺市平坝驾校,安顺市平坝驾校,2011/4/7 0:00,2003/9/3 0:00,瑞麒牌,五菱牌,366363000000000000 ,366066000000000000 ,198710,197312,20,2,4,工作日,非高峰,2015-04-15,2015年4月15日,多云 /多云,24℃ / 16℃,东南风 ≤3级 /南风 ≤3级,多云,多云,24,16,东南风,≤3级,南风,≤3级,night
2015-03-25 17:00:00,金阳,7、未按规定让行的 ,负全部责任,不负责任,1,贵GH2643,银,1,贵AB5309,银,安顺职中驾校,长运驾校,-1,2012/12/10 0:00,北京现代牌,嘉陵牌,355266000000000000 ,64397500000000000 ,199105,198102,17,2,3,工作日,晚高峰(17-19点),2015-03-25,2015年3月25日,阴 /阵雨,14℃ / 9℃,东北风 ≤3级 /东北风 ≤3级,阴,阵雨,14,9,东北风,≤3级,东北风,≤3级,day
2015-03-24 16:30:00,东客站,8、依法应负全责的其他情形,负全部责任,不负责任,1,贵GX9165,白色,1,贵A1518G,白色,安顺职中驾校,诚信驾驶培训学校,-1,2012/7/11 0:00,长安牌,长安牌,364556000000000000 ,364557000000000000 ,198904,197104,16,1,3,工作日,非高峰,2015-03-24,2015年3月24日,小雨 /阵雨,13℃ / 7℃,东北风 ≤3级 /东北风 ≤3级,小雨,阵雨,13,7,东北风,≤3级,东北风,≤3级,day
2015-03-20 00:00:00,花溪,1、追尾的,负全部责任,不负责任,1,贵GK9281,白色,1,贵AA295B,白色,安顺市鸿运驾校,贵大驾校,-1,2013/7/22 0:00,建设-雅马哈牌,马自达牌,366363000000000000 ,364556000000000000 ,198801,199310,0,4,3,工作日,非高峰,2015-03-20,2015年3月20日,阴 /阵雨,14℃ / 10℃,东北风 ≤3级 /东北风 ≤3级,阴,阵雨,14,10,东北风,≤3级,东北风,≤3级,night
2015-03-20 08:55:00,孟关,1、追尾的,负全部责任,不负责任,1,贵GK9281,白色,1,贵AV3494,白色,安顺市鸿运驾校,顺一驾驶培训学校,-1,2012/3/24 0:00,建设-雅马哈牌,豪爵牌,366363000000000000 ,364551000000000000 ,198801,198611,8,4,3,工作日,早高峰(7-9点),2015-03-20,2015年3月20日,阴 /阵雨,14℃ / 10℃,东北风 ≤3级 /东北风 ≤3级,阴,阵雨,14,10,东北风,≤3级,东北风,≤3级,day
2015-05-19 20:50:00,中山南路,7、未按规定让行的 ,负全部责任,不负责任,1,贵AA7831,红,1,贵AB667F,红,安顺市鸿运驾校,-1,2012/3/26 0:00,-1,五羊,长安牌,366369000000000000 ,364548000000000 ,198805,751130,20,1,5,工作日,非高峰,2015-05-19,2015年5月19日,阵雨 /大雨,25℃ / 18℃,东北风 ≤3级 /南风 ≤3级,阵雨,大雨,25,18,东北风,≤3级,南风,≤3级,night
2015-03-27 15:15:00,金阳医院,7、未按规定让行的 ,负全部责任,不负责任,1,贵GK8617,银,1,贵A9896W,银,安顺市公共交通驾驶培训学校,新天驾校,2013/3/14 0:00,2012/5/28 0:00,五菱牌,长安牌,76366500000000000 ,366567000000000000 ,198811,198408,15,4,3,工作日,非高峰,2015-03-27,2015年3月27日,阵雨 /阵雨,18℃ / 13℃,南风 ≤3级 /南风 ≤3级,阵雨,阵雨,18,13,南风,≤3级,南风,≤3级,day
2015-03-07 18:00:00,花溪,7、未按规定让行的 ,负全部责任,不负责任,1,贵BAE671,白色,1,贵A3350R,白色,安顺市汽车运输公司驾驶员培训学校,吉源驾校,-1,2014/3/5 0:00,东风牌,五菱牌,366369000000000000 ,366068000000000000 ,197607,197710,18,5,3,工作日,晚高峰(17-19点),2015-03-07,2015年3月7日,阴 /小雨,10℃ / 5℃,东风 ≤3级 /东南风 ≤3级,阴,小雨,10,5,东风,≤3级,东南风,≤3级,day
2015-04-07 07:30:00,黔灵山路,7、未按规定让行的 ,负全部责任,不负责任,1,贵F83180,白,1,贵A93X69,红,贵定县诚驰机动车驾驶培训有限公司,520118,-1,2004/9/10 0:00,雪佛兰牌,江铃牌,366046000000000000 ,366061000000000000 ,199001,197408,7,1,4,工作日,早高峰(7-9点),2015-04-07,2015年4月7日,小雨 /小雨,9℃ / 5℃,东北风 ≤3级 /东北风 ≤3级,小雨,小雨,9,5,东北风,≤3级,东北风,≤3级,day
2015-05-15 09:30:00,东林寺路,8、依法应负全责的其他情形,负全部责任,不负责任,1,贵JBR685,白,1,贵A5910X,红,龙里县圣锦汽车驾驶培训学校,长运驾校,-1,2011/5/23 0:00,-1,中华牌,366875000000000000 ,364548000000000000 ,198901,198608,9,4,5,工作日,早高峰(7-9点),2015-05-15,2015年5月15日,阵雨 /阵雨,25℃ / 16℃,东北风 ≤3级 /东北风 ≤3级,阵雨,阵雨,25,16,东北风,≤3级,东北风,≤3级,day
2015-05-29 20:00:00,蔡家关,7、未按规定让行的 ,负全部责任,不负责任,1,贵A53R28,红,1,贵CPK721,白,安顺市开发区千合机动车培训学校,-1,2011/2/11 0:00,-1,大众牌,-1,364064000000000000 ,366375000000000000 ,198611,198810,20,4,5,工作日,非高峰,2015-05-29,2015年5月29日,阵雨 /阵雨,24℃ / 17℃,东南风 ≤3级 /东北风 ≤3级,阵雨,阵雨,24,17,东南风,≤3级,东北风,≤3级,night
2015-03-30 18:00:00,花溪朝阳村,7、未按规定让行的 ,负全部责任,不负责任,1,贵GY6777,白色,1,贵A9723T,白色,安顺市公共交通驾驶培训学校,自培,2009/12/30 0:00,2003/2/11 0:00,红旗牌,别克牌,366864000000000000 ,364556000000000000 ,198609,198301,18,0,3,工作日,晚高峰(17-19点),2015-03-30,2015年3月30日,晴 /多云,24℃ / 17℃,南风 ≤3级 /南风 ≤3级,晴,多云,24,17,南风,≤3级,南风,≤3级,day
2015-03-09 11:30:00,火车站,1、追尾的,负全部责任,不负责任,1,贵GF0961,黑,1,贵AU4325,绿,安顺市汽车运输公司驾驶员培训学校,自培,2012/4/16 0:00,2005/1/26 0:00,长安牌,捷达牌,366346000000000000 ,36454651924166525X,195704,198609,11,0,3,工作日,非高峰,2015-03-09,2015年3月9日,小雨 /小雨,10℃ / 5℃,东北风 ≤3级 /东北风 ≤3级,小雨,小雨,10,5,东北风,≤3级,东北风,≤3级,day
2015-03-19 16:45:00,花果园,1、追尾的,负全部责任,不负责任,1,豫CD93576,白色,1,贵A33E99,黑色,铜仁通达汽车驾驶员培训有限公司,-1,2011/8/9 0:00,-1,\N,大众牌,366664000000000000 ,366067000000000000 ,197307,197910,16,3,3,工作日,非高峰,2015-03-19,2015年3月19日,多云 /阵雨,26℃ / 12℃,南风 ≤3级 /东北风 ≤3级,多云,阵雨,26,12,南风,≤3级,东北风,≤3级,day
2015-05-19 18:05:00,长岭路,1、追尾的,负全部责任,不负责任,1,贵AC946H,黑,1,贵A204H4,白,思南县四发驾驶培训有限责任公司,全林驾校,-1,2011/10/13 0:00,上海别克,-1,366664000000000000 ,364557000000000000 ,199607,198712,18,1,5,工作日,晚高峰(17-19点),2015-05-19,2015年5月19日,阵雨 /大雨,25℃ / 18℃,东北风 ≤3级 /南风 ≤3级,阵雨,大雨,25,18,东北风,≤3级,南风,≤3级,day
2015-04-14 16:00:00,世纪城,1、追尾的,负全部责任,不负责任,0,贵CGR821,白,1,贵A0AT94,白,遵义市遵义县东方机动车驾驶培训学校,消防驾校,-1,2011/11/2 0:00,宝马牌,雪佛兰牌,366570000000000000 ,366568000000000000 ,198704,198003,16,1,4,工作日,非高峰,2015-04-14,2015年4月14日,晴 /多云,22℃ / 9℃,东风 ≤3级 /东风 ≤3级,晴,多云,22,9,东风,≤3级,东风,≤3级,day
2015-04-20 11:10:00,保利,7、未按规定让行的 ,负同等责任,负同等责任,1,贵GM6400,银,1,贵FS5116,银,安顺市鸿运驾校,-1,2013/3/8 0:00,-1,长安牌,雪佛兰牌,366369000000000000 ,366068000000000000 ,199210,198607,11,0,4,工作日,非高峰,2015-04-20,2015年4月20日,阴 /阴,20℃ / 11℃,东北风 ≤3级 /东北风 ≤3级,阴,阴,20,11,东北风,≤3级,东北风,≤3级,day
2015-02-08 10:00:00,航天员,3、倒车的,负全部责任,不负责任,1,贵ACT051,白色,1,贵CGT486,黑色,贵州省铜仁梵净山驾驶培训学校有限公司,-1,2012/4/18 0:00,-1,东风日产牌,东风雪铁龙牌,366666000000000000 ,366068000000000000 ,198911,197210,10,6,2,周末,非高峰,2015-02-08,2015年2月8日,阴 /阴,7℃ / 3℃,东北风 ≤3级 /南风 ≤3级,阴,阴,7,3,东北风,≤3级,南风,≤3级,day
2015-04-01 17:08:00,长岭南路,8、依法应负全责的其他情形,负全部责任,不负责任,1,贵DY1519,白,1,贵JAM999,白,贵州省德江时发汽车驾驶培训学校,-1,2011/10/31 0:00,-1,大众汽车牌,宝马牌,366669000000000000 ,36454751924646046X,197312,198602,17,2,4,工作日,晚高峰(17-19点),2015-04-01,2015年4月1日,多云 /多云,29℃ / 19℃,南风 ≤3级 /南风 ≤3级,多云,多云,29,19,南风,≤3级,南风,≤3级,day
2015-03-25 18:20:00,黔林山路,1、追尾的,负全部责任,不负责任,1,贵AU6977,绿,1,贵A4BA22,白,（花溪区）高新十七驾驶培训有限公司,520133,2007/11/5 0:00,2007/10/9 0:00,恒通客车牌,起亚牌,364548000000000000 ,366347000000000000 ,196608,196703,18,2,3,工作日,晚高峰(17-19点),2015-03-25,2015年3月25日,阴 /阵雨,14℃ / 9℃,东北风 ≤3级 /东北风 ≤3级,阴,阵雨,14,9,东北风,≤3级,东北风,≤3级,day
2015-04-05 18:44:00,市公安局,9、不符合前8款规定或者双方同时具有上述情形的,负同等责任,负同等责任,1,贵A48M39,银,1,贵A89168,红,遵义市宝驰汽车驾驶培训有限公司,毕节地区驰航驾校,-1,-1,吉利牌,中集牌,366577000000000000 ,366061000000000000 ,198309,198208,18,6,4,周末,晚高峰(17-19点),2015-04-05,2015年4月5日,阴 /阵雨,30℃ / 12℃,南风 ≤3级 /东北风 ≤3级,阴,阵雨,30,12,南风,≤3级,东北风,≤3级,day
2015-05-04 16:30:00,小河转盘,7、未按规定让行的 ,负全部责任,不负责任,1,贵A22M74,白色,1,贵A38C77,白色,（花溪区）高新十七驾驶培训有限公司,（南明区）铁二局驾驶培训有限公司,2006/1/24 0:00,2004/4/6 0:00,东风标致牌,北京现代牌,364548000000000000 ,364547000000000000 ,198501,197707,16,0,5,工作日,非高峰,2015-05-04,2015年5月4日,阵雨 /阵雨,20℃ / 14℃,东北风 ≤3级 /东北风 ≤3级,阵雨,阵雨,20,14,东北风,≤3级,东北风,≤3级,day
2015-02-01 17:20:00,新添大道南,7、未按规定让行的 ,负全部责任,不负责任,1,贵A2BC41,白,1,粤B81X76,黑,高新驾校,黔南州173驾驶学校,2010/12/8 0:00,-1,东风标致牌,-1,366669000000000000 ,366876000000000000 ,197612,198409,17,6,2,周末,晚高峰(17-19点),2015-02-01,2015年2月1日,阴 /小雨,2℃ / 0℃,东北风 ≤3级 /东风 ≤3级,阴,小雨,2,0,东北风,≤3级,东风,≤3级,day
2015-03-31 10:20:00,金珠路,7、未按规定让行的 ,负全部责任,不负责任,1,贵AAF995,黑,1,贵AMB082,黑,贞丰县金舟驾驶员培训有限公司,贵州省湄潭县汽车驾驶培训学校,-1,2013/7/30 0:00,思威牌,长城牌,366667000000000000 ,364666000000000000 ,198502,198710,10,1,3,工作日,非高峰,2015-03-31,2015年3月31日,多云 /多云,28℃ / 19℃,南风 ≤3级 /南风 ≤3级,多云,多云,28,19,南风,≤3级,南风,≤3级,day
2015-05-09 16:10:00,花溪大道,7、未按规定让行的 ,负全部责任,不负责任,0,贵A41S52,白,1,贵GY3684,白,（花溪区）高新十七驾驶培训有限公司,顺一驾驶培训学校,2006/6/15 0:00,2012/11/17 0:00,神龙 - 富康牌,-1,366361000000000000 ,364547000000000000 ,197702,196909,16,5,5,工作日,非高峰,2015-05-09,2015年5月9日,阵雨 /阵雨,23℃ / 16℃,东北风 ≤3级 /东南风 ≤3级,阵雨,阵雨,23,16,东北风,≤3级,东南风,≤3级,day
2015-05-08 11:00:00,箭道街,3、倒车的,负全部责任,不负责任,1,贵GY6595,黑色,1,贵AE6656,白色,高新驾校,自培,2011/10/17 0:00,2001/5/14 0:00,-1,望江牌,366063000000000000 ,366568000000000000 ,198205,197402,11,4,5,工作日,非高峰,2015-05-08,2015年5月8日,阵雨 /多云,25℃ / 15℃,东南风 ≤3级 /东北风 ≤3级,阵雨,多云,25,15,东南风,≤3级,东北风,≤3级,day
2015-05-06 16:00:00,普天华通,1、追尾的,负全部责任,不负责任,1,贵DBN454,白,1,云AC189A,黑,高新驾校,-1,2012/1/19 0:00,-1,-1,东南牌,366669000000000000 ,74595500000000000 ,198504,198603,16,2,5,工作日,非高峰,2015-05-06,2015年5月6日,多云 /多云,25℃ / 16℃,东北风 ≤3级 /南风 ≤3级,多云,多云,25,16,东北风,≤3级,南风,≤3级,day
2015-05-11 11:30:00,云岩服务车站,3、倒车的,负全部责任,不负责任,1,贵GX6891,白,1,贵A0930L,白,高新驾校,金大驾校,2013/9/18 0:00,2012/9/29 0:00,-1,起亚牌,364596000000000000 ,364558000000000000 ,199410,197201,11,0,5,工作日,非高峰,2015-05-11,2015年5月11日,多云 /多云,24℃ / 13℃,东北风 ≤3级 /东北风 ≤3级,多云,多云,24,13,东北风,≤3级,东北风,≤3级,day
2015-04-23 13:50:00,黄金路,7、未按规定让行的 ,负全部责任,不负责任,1,贵A0R858,白,1,贵A6AV74,银,高新驾校,520116,2015/2/2 0:00,2006/1/5 0:00,比亚迪牌,东风雪铁龙牌,36459551135460445X,366367000000000000 ,199510,198406,13,3,4,工作日,非高峰,2015-04-23,2015年4月23日,阴 /小雨,16℃ / 10℃,东北风 ≤3级 /东北风 ≤3级,阴,小雨,16,10,东北风,≤3级,东北风,≤3级,day
2015-04-24 16:27:00,小河,1、追尾的,负全部责任,不负责任,1,贵A220D2,白色,1,桂AGW845,白色,自培,-1,2014/5/16 0:00,-1,东风牌,北京现代牌,366061000000000000 ,5065510000000000 ,198911,199103,16,4,4,工作日,非高峰,2015-04-24,2015年4月24日,阴 /小雨,16℃ / 11℃,东风 ≤3级 /东风 ≤3级,阴,小雨,16,11,东风,≤3级,东风,≤3级,day
2015-04-24 11:30:00,花二道,1、追尾的,负全部责任,不负责任,1,贵A96E64,白色,1,贵GV3402,白色,高新驾校,-1,2015/1/19 0:00,-1,北京现代牌,丰田牌,364567000000000000 ,36656351924651075X,198706,198602,11,4,4,工作日,非高峰,2015-04-24,2015年4月24日,阴 /小雨,16℃ / 11℃,东风 ≤3级 /东风 ≤3级,阴,小雨,16,11,东风,≤3级,东风,≤3级,day
2015-05-19 21:20:00,西二环,1、追尾的,负全部责任,不负责任,0,贵ATS449,蓝,1,贵A92P72,白,高新驾校,长安驾校（南明区）,2015/1/19 0:00,2015/3/11 0:00,-1,-1,364567000000000000 ,366862000000000000 ,198706,198505,21,1,5,工作日,非高峰,2015-05-19,2015年5月19日,阵雨 /大雨,25℃ / 18℃,东北风 ≤3级 /南风 ≤3级,阵雨,大雨,25,18,东北风,≤3级,南风,≤3级,night
2015-04-23 17:30:00,黔江路,1、追尾的,负全部责任,不负责任,1,贵A7AS83,白色,1,贵AHC154,白色,高新驾校,自培,2012/9/12 0:00,2004/12/30 0:00,长安牌,奇瑞牌,784977000000000000 ,364551000000000000 ,197608,197701,17,3,4,工作日,晚高峰(17-19点),2015-04-23,2015年4月23日,阴 /小雨,16℃ / 10℃,东北风 ≤3级 /东北风 ≤3级,阴,小雨,16,10,东北风,≤3级,东北风,≤3级,day
2015-05-16 18:00:00,美的林城时代,1、追尾的,负全部责任,不负责任,0,贵A7R352,白,0,贵AEE942,红,智杰驾校,-1,2015/1/7 0:00,-1,-1,思域牌,364568000000000000 ,366666000000000000 ,199006,198106,18,5,5,工作日,晚高峰(17-19点),2015-05-16,2015年5月16日,阴 /雷阵雨,23℃ / 17℃,东北风 ≤3级 /东风 ≤3级,阴,雷阵雨,23,17,东北风,≤3级,东风,≤3级,day
2015-04-07 14:20:00,嘉润路,6、违反交通信号的,负全部责任,不负责任,1,贵GE4518,白色,1,贵GS6545,白色,高新驾校,贵州平安驾驶培训学校,2012/7/9 0:00,2014/10/28 0:00,比亚迪牌,宝马牌,55763500000000000 ,07757451934162355X,198304,198509,14,1,4,工作日,非高峰,2015-04-07,2015年4月7日,小雨 /小雨,9℃ / 5℃,东北风 ≤3级 /东北风 ≤3级,小雨,小雨,9,5,东北风,≤3级,东北风,≤3级,day
2015-05-22 17:00:00,花溪,7、未按规定让行的 ,负全部责任,不负责任,1,贵A5169Y,白色,1,贵AK981,白色,高新驾校,诚信驾驶培训学校,2014/7/31 0:00,2013/9/16 0:00,别克牌,-1,366046000000000000 ,364556000000000000 ,198310,197505,17,4,5,工作日,晚高峰(17-19点),2015-05-22,2015年5月22日,阵雨 /阵雨,19℃ / 14℃,东风 ≤3级 /东风 ≤3级,阵雨,阵雨,19,14,东风,≤3级,东风,≤3级,day
2015-03-14 15:30:00,花溪大道,1、追尾的,负全部责任,不负责任,1,贵A6828N,白色,1,贵A939F3,白色,贵大驾校,贵州天河驾校,2011/5/25 0:00,2011/10/28 0:00,东风日产牌,王牌牌,364556000000000000 ,366067000000000000 ,199210,196603,15,5,3,工作日,非高峰,2015-03-14,2015年3月14日,阴 /阴,17℃ / 12℃,南风 ≤3级 /东南风 ≤3级,阴,阴,17,12,南风,≤3级,东南风,≤3级,day
2015-02-16 17:04:00,黔林公园,8、依法应负全责的其他情形,负全部责任,不负责任,1,贵A0SF51,银,1,贵ABG527,黑,贵工驾校,520117,2012/12/18 0:00,2009/10/22 0:00,-1,起亚牌,364646000000000000 ,364556000000000000 ,198008,197706,17,0,2,工作日,晚高峰(17-19点),2015-02-16,2015年2月16日,阴 /阵雨,15℃ / 9℃,东北风 ≤3级 /东南风 ≤3级,阴,阵雨,15,9,东北风,≤3级,东南风,≤3级,day
2015-05-20 16:40:00,未来方舟,8、依法应负全责的其他情形,负全部责任,不负责任,1,贵A64A14,黑,1,贵A91N18,蓝,（南明区）贵工大驾驶培训有限公司,自培,2009/7/10 0:00,2004/3/25 0:00,朗逸牌,福克斯牌,364547000000000000 ,366361000000000000 ,198604,198201,16,2,5,工作日,非高峰,2015-05-20,2015年5月20日,阴 /阵雨,23℃ / 17℃,东北风 ≤3级 /东北风 ≤3级,阴,阵雨,23,17,东北风,≤3级,东北风,≤3级,day
2015-04-25 11:00:00,白云区,7、未按规定让行的 ,负全部责任,不负责任,1,贵A9763V,银,1,贵FJ7030,黑,天行健驾校,景宏驾校,2014/12/2 0:00,2002/4/30 0:00,吉利牌,东南牌,364558000000000000 ,364558000000000000 ,197309,196508,11,5,4,工作日,非高峰,2015-04-25,2015年4月25日,阴 /阵雨,20℃ / 11℃,东风 ≤3级 /东南风 ≤3级,阴,阵雨,20,11,东风,≤3级,东南风,≤3级,day
2015-05-15 09:00:00,三五三七厂路口,8、依法应负全责的其他情形,负全部责任,不负责任,1,贵JAP337,白色,1,贵AU7340,白色,贵大驾校,自培,2012/8/27 0:00,2003/3/6 0:00,-1,恒通客车牌,364556000000000000 ,364547000000000000 ,199111,197010,9,4,5,工作日,早高峰(7-9点),2015-05-15,2015年5月15日,阵雨 /阵雨,25℃ / 16℃,东北风 ≤3级 /东北风 ≤3级,阵雨,阵雨,25,16,东北风,≤3级,东北风,≤3级,day
2015-05-12 08:00:00,花溪,8、依法应负全责的其他情形,负全部责任,不负责任,1,贵A5AH29,白色,1,贵AEK777,白色,贵大驾校,520124,2011/6/27 0:00,2009/2/20 0:00,雪佛兰牌,丰田牌,366367000000000000 ,366563000000000000 ,197612,197412,8,1,5,工作日,早高峰(7-9点),2015-05-12,2015年5月12日,阴 /雷阵雨,24℃ / 13℃,南风 ≤3级 /南风 ≤3级,阴,雷阵雨,24,13,南风,≤3级,南风,≤3级,day
2015-03-14 19:05:00,省道101沙地段,1、追尾的,负全部责任,不负责任,1,贵JK6218,白色,1,贵AK3524,灰色,贵大驾校,-1,2012/5/26 0:00,-1,吉利牌,双庆牌,344798000000000000 ,366566000000000000 ,198801,198906,19,5,3,工作日,晚高峰(17-19点),2015-03-14,2015年3月14日,阴 /阴,17℃ / 12℃,南风 ≤3级 /东南风 ≤3级,阴,阴,17,12,南风,≤3级,东南风,≤3级,day
2015-05-06 08:40:00,会展城,8、依法应负全责的其他情形,负全部责任,不负责任,1,贵AON428,红,1,湘F9KX56,黑,贵大驾校,-1,2013/7/22 0:00,-1,-1,-1,36454651144668797X,74296500000000000 ,199002,198107,8,2,5,工作日,早高峰(7-9点),2015-05-06,2015年5月6日,多云 /多云,25℃ / 16℃,东北风 ≤3级 /南风 ≤3级,多云,多云,25,16,东北风,≤3级,南风,≤3级,day
2015-04-02 04:33:00,花果园,7、未按规定让行的 ,负全部责任,不负责任,1,贵AL5841,白色,1,贵AK5785,白色,贵大驾校,无,2012/3/27 0:00,2004/1/31 0:00,豪铃牌,丰田牌,364547000000000000 ,364548000000000000 ,199205,198506,4,3,4,工作日,非高峰,2015-04-02,2015年4月2日,多云 /多云,30℃ / 18℃,南风 ≤3级 /南风 ≤3级,多云,多云,30,18,南风,≤3级,南风,≤3级,night
2015-05-27 16:00:00,花溪,3、倒车的,负全部责任,不负责任,1,贵GGD312,白色,1,贵GV4816,白色,贵大驾校,预约考试窗口,2012/11/21 0:00,2006/8/24 0:00,-1,-1,364556000000000000 ,364548000000000000 ,198612,197109,16,2,5,工作日,非高峰,2015-05-27,2015年5月27日,阴 /阵雨,26℃ / 20℃,南风 ≤3级 /东北风 ≤3级,阴,阵雨,26,20,南风,≤3级,东北风,≤3级,day