accidenttime,accidentaddr,driver1fault,driver1responsibility,driver2responsibility,sex1,platenumber1,carcolor1,sex2,platenumber2,carcolor2,jxmc1,jxmc2,cclzrq1,cclzrq2,clpp1,clpp2,driver1license,driver2license,brith1,brith2,hour,weekday,month,is_weekday,peak_hour,date,日期,天气状况,气温,风力风向,day_wea,night_wea,day_tep,night_tep,day_wind_direction,day_wind_speed,night_wind_direction,night_wind_speed,segment
2015-05-22 18:00:00,乌当区,9、不符合前8款规定或者双方同时具有上述情形的,负同等责任,负同等责任,1,贵A3499Z,白色,1,贵A97S93,白色,贵大驾校,贵大驾校,2014/9/26 0:00,-1,福特牌,奥迪牌,366346000000000000 ,成64947054,198811,410,18,4,5,工作日,晚高峰(17-19点),2015-05-22,2015年5月22日,阵雨 /阵雨,19℃ / 14℃,东风 ≤3级 /东风 ≤3级,阵雨,阵雨,19,14,东风,≤3级,东风,≤3级,day
2015-03-30 20:00:00,世纪城,3、倒车的,负全部责任,不负责任,1,贵A66E98,黑,1,贵A58K26,黄,（经开区）十一驾驶培训有限公司,长运驾校,2008/1/18 0:00,2012/11/20 0:00,一汽佳星牌,明锐牌,764164000000000000 ,366368000000000000 ,196504,198007,20,0,3,工作日,非高峰,2015-03-30,2015年3月30日,晴 /多云,24℃ / 17℃,南风 ≤3级 /南风 ≤3级,晴,多云,24,17,南风,≤3级,南风,≤3级,night
2015-04-11 00:00:00,花溪,7、未按规定让行的 ,负全部责任,不负责任,1,贵CQC574,白色,1,贵AEK614,白色,（经开区）十一驾驶培训有限公司,自培,2008/5/30 0:00,2002/9/17 0:00,比亚迪牌,大切诺基,364548000000000000 ,364547000000000000 ,197403,197009,0,5,4,工作日,非高峰,2015-04-11,2015年4月11日,多云 /多云,15℃ / 9℃,东北风 ≤3级 /东风 ≤3级,多云,多云,15,9,东北风,≤3级,东风,≤3级,night
2015-02-12 15:20:00,山水黔城门口,7、未按规定让行的 ,负全部责任,不负责任,1,贵AWY323,白色,1,贵A23X28,白色,（经开区）十一驾驶培训有限公司,无,2006/2/17 0:00,2008/8/26 0:00,览胜,途锐,364548000000000000 ,36454651144556565X,198406,199001,15,3,2,工作日,非高峰,2015-02-12,2015年2月12日,多云 /多云,15℃ / 5℃,南风 ≤3级 /南风 ≤3级,多云,多云,15,5,南风,≤3级,南风,≤3级,day
2015-05-27 00:00:00,小河长江路,7、未按规定让行的 ,负全部责任,不负责任,1,贵ATV839,白色,1,贵A28F19,白色,（经开区）十一驾驶培训有限公司,文通驾校,2005/2/24 0:00,2012/4/1 0:00,-1,马自达牌,364547000000000000 ,364556000000000000 ,197201,198303,0,2,5,工作日,非高峰,2015-05-27,2015年5月27日,阴 /阵雨,26℃ / 20℃,南风 ≤3级 /东北风 ≤3级,阴,阵雨,26,20,南风,≤3级,东北风,≤3级,night
2015-04-08 15:07:00,金苏大道,1、追尾的,负全部责任,不负责任,1,贵AX2756,红,1,渝ARK912,银,（经开区）十一驾驶培训有限公司,-1,2005/12/5 0:00,-1,金捷牌,-1,364558000000000000 ,354547000000000000 ,196503,196901,15,2,4,工作日,非高峰,2015-04-08,2015年4月8日,小雨 /小雨,10℃ / 6℃,东北风 ≤3级 /东北风 ≤3级,小雨,小雨,10,6,东北风,≤3级,东北风,≤3级,day
2015-03-02 18:36:00,新世界,7、未按规定让行的 ,负全部责任,不负责任,1,贵A96533,红,1,贵ASP881,白,（经开区）十一驾驶培训有限公司,省交校,2006/6/27 0:00,2014/12/19 0:00,解放牌,丰田牌,364596000000000000 ,56865500000000000 ,198501,198609,18,0,3,工作日,晚高峰(17-19点),2015-03-02,2015年3月2日,阴 /小雨,9℃ / 2℃,东北风 ≤3级 /东北风 ≤3级,阴,小雨,9,2,东北风,≤3级,东北风,≤3级,day
2015-04-06 11:44:00,六广门,7、未按规定让行的 ,负全部责任,不负责任,1,贵A59F55,银,1,贵AU8004,绿,（经开区）十一驾驶培训有限公司,自培,2008/1/3 0:00,2005/1/12 0:00,大众牌,力帆牌,364547000000000000 ,366568000000000000 ,196212,197803,11,0,4,工作日,非高峰,2015-04-06,2015年4月6日,阵雨 /阵雨,17℃ / 7℃,东北风 ≤3级 /东北风 ≤3级,阵雨,阵雨,17,7,东北风,≤3级,东北风,≤3级,day
2015-05-28 17:00:00,水东路,8、依法应负全责的其他情形,负全部责任,不负责任,0,贵GJ8641,黑,1,贵A27A19,蓝,（经开区）十一驾驶培训有限公司,贵工驾校,2010/7/7 0:00,2010/2/8 0:00,-1,马自达牌,354663000000000000 ,366766000000000000 ,197402,198504,17,3,5,工作日,晚高峰(17-19点),2015-05-28,2015年5月28日,多云 /雷阵雨,29℃ / 19℃,南风 ≤3级 /东南风 ≤3级,多云,雷阵雨,29,19,南风,≤3级,东南风,≤3级,day
2015-04-30 16:49:00,黄金路,9、不符合前8款规定或者双方同时具有上述情形的,负全部责任,不负责任,1,贵AMK238,白,1,贵ANW439,黑,（经开区）十一驾驶培训有限公司,贵州现代驾驶培训责任有限公司,2010/12/22 0:00,2008/3/24 0:00,雪佛兰牌,雪佛兰牌,364548000000000000 ,64165500000000000 ,194206,197412,16,3,4,工作日,非高峰,2015-04-30,2015年4月30日,阵雨 /阵雨,25℃ / 17℃,东南风 ≤3级 /东南风 ≤3级,阵雨,阵雨,25,17,东南风,≤3级,东南风,≤3级,day
2015-05-12 15:50:00,贵开路,1、追尾的,负全部责任,不负责任,1,贵CP6551,黑,1,浙GY886G,黑,（经开区）十一驾驶培训有限公司,人武驾校,2010/12/15 0:00,2013/7/22 0:00,-1,宝马牌,366567000000000000 ,366877000000000000 ,198708,199112,15,1,5,工作日,非高峰,2015-05-12,2015年5月12日,阴 /雷阵雨,24℃ / 13℃,南风 ≤3级 /南风 ≤3级,阴,雷阵雨,24,13,南风,≤3级,南风,≤3级,day
2015-04-29 00:00:00,国际城,9、不符合前8款规定或者双方同时具有上述情形的,负同等责任,负同等责任,1,贵GC9083,白色,1,贵A393F9,白色,（经开区）十一驾驶培训有限公司,（经开区）十一驾驶培训有限公司,-1,2003/3/4 0:00,飞度,虹宇牌,366067000000000000 ,364548000000000000 ,198610,197902,0,2,4,工作日,非高峰,2015-04-29,2015年4月29日,阵雨 /阵雨,26℃ / 16℃,东北风 ≤3级 /东南风 ≤3级,阵雨,阵雨,26,16,东北风,≤3级,东南风,≤3级,night
2015-03-11 09:30:00,贵惠大道,7、未按规定让行的 ,负全部责任,不负责任,1,贵A5935J,白色,1,贵DBW288,白色,十一驾驶培训有限公司,人武驾校,2011/10/14 0:00,2012/11/9 0:00,北京牌,中华牌,366368000000000000 ,366664000000000000 ,196008,199108,9,2,3,工作日,早高峰(7-9点),2015-03-11,2015年3月11日,阴 /小雨,8℃ / 4℃,东北风 ≤3级 /东北风 ≤3级,阴,小雨,8,4,东北风,≤3级,东北风,≤3级,day
2015-04-18 12:30:00,阳关,8、依法应负全责的其他情形,负全部责任,不负责任,1,贵F03268,黑,0,贵A87Y37,银,十一驾驶培训有限公司,520134,2010/11/29 0:00,2008/8/19 0:00,长城牌,雅阁牌,364566000000000000 ,364557000000000000 ,198610,198801,12,5,4,工作日,非高峰,2015-04-18,2015年4月18日,多云 /雷阵雨,29℃ / 16℃,南风 ≤3级 /南风 ≤3级,多云,雷阵雨,29,16,南风,≤3级,南风,≤3级,day
2015-03-17 14:30:00,金苏大道,1、追尾的,负全部责任,不负责任,1,贵A98220,黄,1,贵A9248N,黑,铁二局驾校,-1,2006/5/9 0:00,-1,五征牌,雪佛兰牌,364568000000000000 ,364596000000000000 ,198608,198910,14,1,3,工作日,非高峰,2015-03-17,2015年3月17日,多云 /多云,25℃ / 14℃,南风 ≤3级 /南风 ≤3级,多云,多云,25,14,南风,≤3级,南风,≤3级,day
2015-04-13 17:57:00,西二环,1、追尾的,负全部责任,不负责任,0,贵GP1853,银,1,贵CH1828,黑,十一驾驶培训有限公司,预约考试窗口,2011/5/17 0:00,2007/5/31 0:00,丰田牌,长城牌,61442500000000000 ,366566000000000000 ,197804,196103,17,0,4,工作日,晚高峰(17-19点),2015-04-13,2015年4月13日,晴 /多云,23℃ / 8℃,东北风 ≤3级 /东北风 ≤3级,晴,多云,23,8,东北风,≤3级,东北风,≤3级,day
2015-04-08 10:00:00,友谊路,9、不符合前8款规定或者双方同时具有上述情形的,负同等责任,负同等责任,0,贵A52W61,红,1,贵AM7383,红,（经开区）十一驾驶培训有限公司,（经开区）十一驾驶培训有限公司,2009/4/15 0:00,2009/4/21 0:00,三菱牌,思域牌,364551000000000000 ,774769000000000000 ,198606,197708,10,2,4,工作日,非高峰,2015-04-08,2015年4月8日,小雨 /小雨,10℃ / 6℃,东北风 ≤3级 /东北风 ≤3级,小雨,小雨,10,6,东北风,≤3级,东北风,≤3级,day
2015-02-04 20:30:00,大凹村,7、未按规定让行的 ,负全部责任,不负责任,1,贵GY4851,黑,1,贵A201G5,银,十一驾驶培训有限公司,贵州现代驾驶培训责任有限公司,2010/12/15 0:00,-1,江铃牌,解放牌,364596000000000000 ,376861000000000000 ,199101,198512,20,2,2,工作日,非高峰,2015-02-04,2015年2月4日,小雨 /小雨,4℃ / 0℃,东北风 ≤3级 /东北风 ≤3级,小雨,小雨,4,0,东北风,≤3级,东北风,≤3级,night
2015-04-13 17:00:00,三桥,8、依法应负全责的其他情形,负全部责任,不负责任,1,贵A605D1,白,1,贵A45Y54,黑,铁二局驾校（南明区）,-1,2012/4/28 0:00,-1,解放牌,丰田牌,364556000000000000 ,366068000000000000 ,199005,199301,17,0,4,工作日,晚高峰(17-19点),2015-04-13,2015年4月13日,晴 /多云,23℃ / 8℃,东北风 ≤3级 /东北风 ≤3级,晴,多云,23,8,东北风,≤3级,东北风,≤3级,day
2015-03-02 10:00:00,北京西路,7、未按规定让行的 ,负全部责任,不负责任,1,贵JBR256,黑,1,贵A5CA57,黑,十一驾驶培训有限公司,-1,2014/9/16 0:00,-1,长城牌,雪佛兰CHEVROLET,64260500000000000 ,366566000000000000 ,196907,197503,10,0,3,工作日,非高峰,2015-03-02,2015年3月2日,阴 /小雨,9℃ / 2℃,东北风 ≤3级 /东北风 ≤3级,阴,小雨,9,2,东北风,≤3级,东北风,≤3级,day
2015-05-01 08:30:00,客车站,7、未按规定让行的 ,负全部责任,不负责任,1,贵AB441A,白色,1,贵A51B24,白色,（经开区）十一驾驶培训有限公司,520120,2005/11/17 0:00,2009/5/12 0:00,五菱牌,别克牌,366368000000000000 ,366661000000000000 ,196907,198407,8,4,5,工作日,早高峰(7-9点),2015-05-01,2015年5月1日,阵雨 /多云,25℃ / 14℃,东南风 ≤3级 /东北风 ≤3级,阵雨,多云,25,14,东南风,≤3级,东北风,≤3级,day
2015-05-16 19:10:00,金清线,7、未按规定让行的 ,负全部责任,不负责任,1,贵A29351,白,1,贵A6S597,黑,（经开区）十一驾驶培训有限公司,青正驾校,2008/4/7 0:00,2014/10/24 0:00,运力牌,-1,366347000000000000 ,36636351264163858X,196003,196209,19,5,5,工作日,晚高峰(17-19点),2015-05-16,2015年5月16日,阴 /雷阵雨,23℃ / 17℃,东北风 ≤3级 /东风 ≤3级,阴,雷阵雨,23,17,东北风,≤3级,东风,≤3级,day
2015-03-14 13:07:00,碧海花园,7、未按规定让行的 ,负全部责任,不负责任,1,贵AGJ722,银,1,贵AFV845,银,消防驾校,新华驾校,2006/6/23 0:00,2011/11/14 0:00,雪佛兰牌,比亚迪牌,366361000000000000 ,364568000000000000 ,197310,198709,13,5,3,工作日,非高峰,2015-03-14,2015年3月14日,阴 /阴,17℃ / 12℃,南风 ≤3级 /东南风 ≤3级,阴,阴,17,12,南风,≤3级,东南风,≤3级,day
2015-04-19 11:30:00,甲秀南路,7、未按规定让行的 ,负全部责任,不负责任,1,贵A91M97,白色,1,贵ADD598,白色,（经开区）十一驾驶培训有限公司,预约考试窗口,2009/2/17 0:00,2007/4/12 0:00,五菱牌,雅阁牌,364567000000000000 ,355266000000000000 ,198608,198510,11,6,4,周末,非高峰,2015-04-19,2015年4月19日,阵雨 /阵雨,22℃ / 13℃,东北风 ≤3级 /东北风 ≤3级,阵雨,阵雨,22,13,东北风,≤3级,东北风,≤3级,day
2015-03-03 12:35:00,长江路,8、依法应负全责的其他情形,负全部责任,不负责任,1,贵A771D7,白色,1,贵AAL481,白色,（经开区）十一驾驶培训有限公司,自培,2005/11/17 0:00,2002/4/19 0:00,解放牌,雪佛兰牌,366368000000000000 ,366361000000000000 ,196907,196411,12,1,3,工作日,非高峰,2015-03-03,2015年3月3日,小雨 /小雨,8℃ / 3℃,东北风 ≤3级 /东北风 ≤3级,小雨,小雨,8,3,东北风,≤3级,东北风,≤3级,day
2015-04-07 08:20:00,花果园立交桥,7、未按规定让行的 ,负全部责任,不负责任,1,贵GR4679,白色,1,贵GH8149,白色,顺一驾驶培训学校,自培,2005/7/8 0:00,2004/2/24 0:00,别克牌,雪佛兰牌,364548000000000000 ,366347000000000000 ,196504,198308,8,1,4,工作日,早高峰(7-9点),2015-04-07,2015年4月7日,小雨 /小雨,9℃ / 5℃,东北风 ≤3级 /东北风 ≤3级,小雨,小雨,9,5,东北风,≤3级,东北风,≤3级,day
2015-04-20 11:30:00,转弯塘,8、依法应负全责的其他情形,负同等责任,负同等责任,1,贵A47E34,银,1,贵A372B5,黄,文通驾校,自培,2006/5/9 0:00,2003/6/2 0:00,长安牌,中联牌,364556000000000000 ,364548000000000000 ,197407,198501,11,0,4,工作日,非高峰,2015-04-20,2015年4月20日,阴 /阴,20℃ / 11℃,东北风 ≤3级 /东北风 ≤3级,阴,阴,20,11,东北风,≤3级,东北风,≤3级,day
2015-03-05 21:47:00,小河一八三厂对面,7、未按规定让行的 ,负全部责任,不负责任,1,贵AU9381,白色,1,贵AB193B,黑色,（经开区）十一驾驶培训有限公司,自培,2008/5/30 0:00,2014/3/5 0:00,宝来牌,北京牌,364556000000000000 ,55747500000000000 ,198205,198703,21,3,3,工作日,非高峰,2015-03-05,2015年3月5日,小雨 /小雨,4℃ / 1℃,东北风 ≤3级 /东北风 ≤3级,小雨,小雨,4,1,东北风,≤3级,东北风,≤3级,night
2015-03-28 10:44:00,小河,7、未按规定让行的 ,负全部责任,不负责任,1,贵A33696,白色,1,贵GP0261,白色,十一驾驶培训有限公司,贵阳金马驾驶培训有限公司,2011/7/26 0:00,2012/5/7 0:00,川路,江淮牌,364547000000000000 ,364556000000000000 ,197610,198201,10,5,3,工作日,非高峰,2015-03-28,2015年3月28日,阵雨 /雷阵雨,17℃ / 14℃,南风 ≤3级 /南风 ≤3级,阵雨,雷阵雨,17,14,南风,≤3级,南风,≤3级,day
2015-02-26 07:50:00,三桥南路,7、未按规定让行的 ,负同等责任,负同等责任,1,贵A56X54,黑,1,贵A1966T,黑,十一驾驶培训有限公司,-1,2010/9/27 0:00,-1,吉利牌,中华牌,364557000000000000 ,366067000000000000 ,198508,198304,7,3,2,工作日,早高峰(7-9点),2015-02-26,2015年2月26日,阴 /小雨,12℃ / 9℃,东风 ≤3级 /南风 ≤3级,阴,小雨,12,9,东风,≤3级,南风,≤3级,day
2015-05-17 19:00:00,贵惠大道,1、追尾的,负全部责任,不负责任,1,贵GH8878,白色,1,贵A56K98,白色,十一驾驶培训有限公司,十一驾驶培训有限公司,2013/6/27 0:00,2014/11/18 0:00,-1,傲虎,366864000000000000 ,366069000000000000 ,198210,199304,19,6,5,周末,晚高峰(17-19点),2015-05-17,2015年5月17日,阵雨 /雷阵雨,25℃ / 17℃,东北风 ≤3级 /南风 ≤3级,阵雨,雷阵雨,25,17,东北风,≤3级,南风,≤3级,day
2015-05-06 10:00:00,蟠桃宫,1、追尾的,负全部责任,不负责任,1,贵A344L3,白色,1,贵AA105B,白色,（经开区）十一驾驶培训有限公司,阳光驾校,-1,2011/11/1 0:00,-1,雪佛兰牌,366567000000000000 ,36454751934147097X,198611,198509,10,2,5,工作日,非高峰,2015-05-06,2015年5月6日,多云 /多云,25℃ / 16℃,东北风 ≤3级 /南风 ≤3级,多云,多云,25,16,东北风,≤3级,南风,≤3级,day
2015-03-28 23:08:00,陕西路,8、依法应负全责的其他情形,负全部责任,不负责任,1,贵CNL931,银,0,贵A72R69,蓝,贵大佳德驾驶培训学校,预约考试窗口,2007/10/31 0:00,2007/1/17 0:00,夏利牌,长安牌,35746651885648868X,364547000000000000 ,197712,197504,23,5,3,工作日,非高峰,2015-03-28,2015年3月28日,阵雨 /雷阵雨,17℃ / 14℃,南风 ≤3级 /南风 ≤3级,阵雨,雷阵雨,17,14,南风,≤3级,南风,≤3级,night
2015-02-16 11:30:00,贵阳一中,7、未按规定让行的 ,负全部责任,不负责任,1,贵AQP8448,银,1,贵DAS956,黑,（经开区）十一驾驶培训有限公司,自培,2007/11/22 0:00,-1,-1,江淮牌,356168000000000000 ,366669000000000000 ,197006,198006,11,0,2,工作日,非高峰,2015-02-16,2015年2月16日,阴 /阵雨,15℃ / 9℃,东北风 ≤3级 /东南风 ≤3级,阴,阵雨,15,9,东北风,≤3级,东南风,≤3级,day
2015-05-22 11:00:00,西二环,7、未按规定让行的 ,负全部责任,不负责任,1,贵GGA019,黄,1,鄂FKE661,黑,十一驾驶培训有限公司,-1,2012/7/16 0:00,-1,-1,-1,364547000000000000 ,366370000000000000 ,196611,197103,11,4,5,工作日,非高峰,2015-05-22,2015年5月22日,阵雨 /阵雨,19℃ / 14℃,东风 ≤3级 /东风 ≤3级,阵雨,阵雨,19,14,东风,≤3级,东风,≤3级,day
2015-03-24 17:00:00,兴桥,7、未按规定让行的 ,负全部责任,不负责任,1,贵A7BL91,白,1,贵FV9579,白,贵州省长安驾驶培训学校,-1,2012/6/27 0:00,-1,福克斯牌,丰田牌,364547000000000000 ,366064000000000000 ,198109,198508,17,1,3,工作日,晚高峰(17-19点),2015-03-24,2015年3月24日,小雨 /阵雨,13℃ / 7℃,东北风 ≤3级 /东北风 ≤3级,小雨,阵雨,13,7,东北风,≤3级,东北风,≤3级,day
2015-05-22 17:30:00,贵开路,9、不符合前8款规定或者双方同时具有上述情形的,负同等责任,负同等责任,1,贵A63B92,红,1,贵A4BE06,白,（经开区）十一驾驶培训有限公司,自培,2008/12/2 0:00,2002/4/26 0:00,迷你,奥迪牌,364548000000000000 ,364548000000000000 ,198903,198104,17,4,5,工作日,晚高峰(17-19点),2015-05-22,2015年5月22日,阵雨 /阵雨,19℃ / 14℃,东风 ≤3级 /东风 ≤3级,阵雨,阵雨,19,14,东风,≤3级,东风,≤3级,day
2015-04-08 14:45:00,太慈桥,7、未按规定让行的 ,负全部责任,不负责任,1,贵AP8389,白色,1,贵GT5468,白色,十一驾驶培训有限公司,自培,2012/9/17 0:00,2005/4/26 0:00,东本牌,豪江牌,36459551994257095X,364547000000000000 ,198806,196611,14,2,4,工作日,非高峰,2015-04-08,2015年4月8日,小雨 /小雨,10℃ / 6℃,东北风 ≤3级 /东北风 ≤3级,小雨,小雨,10,6,东北风,≤3级,东北风,≤3级,day
2015-04-01 16:40:00,北京西路,7、未按规定让行的 ,负全部责任,不负责任,1,贵A87J66,银,1,贵F76588,红,十一驾驶培训有限公司,毕节地区金春驾校,2012/10/30 0:00,-1,东风雪铁龙牌,五菱,366068000000000000 ,366061000000000000 ,198210,198109,16,2,4,工作日,非高峰,2015-04-01,2015年4月1日,多云 /多云,29℃ / 19℃,南风 ≤3级 /南风 ≤3级,多云,多云,29,19,南风,≤3级,南风,≤3级,day
2015-05-10 21:00:00,小河,3、倒车的,负全部责任,不负责任,1,贵A1204N,白色,1,贵AHS592,白色,十一驾驶培训有限公司,高新驾校,2013/1/29 0:00,2009/11/30 0:00,五菱牌,大众汽车牌,76366500000000000 ,364551000000000000 ,196705,198803,21,6,5,周末,非高峰,2015-05-10,2015年5月10日,阵雨 /雷阵雨,25℃ / 14℃,南风 ≤3级 /南风 ≤3级,阵雨,雷阵雨,25,14,南风,≤3级,南风,≤3级,night
2015-03-17 16:30:00,大营坡,7、未按规定让行的 ,负全部责任,不负责任,1,贵AWY732,黑,0,贵AW1797,黑,十一驾驶培训有限公司,-1,2014/10/23 0:00,-1,丰田牌,豪爵牌,366347000000000000 ,774648000000000000 ,198302,196405,16,1,3,工作日,非高峰,2015-03-17,2015年3月17日,多云 /多云,25℃ / 14℃,南风 ≤3级 /南风 ≤3级,多云,多云,25,14,南风,≤3级,南风,≤3级,day
2015-05-02 15:35:00,金阳万科城,1、追尾的,负全部责任,不负责任,1,贵A73H97,白,1,贵AS4355,黑,贵州省长安驾驶培训学校,-1,2012/11/5 0:00,-1,大众牌,梅赛德斯-奔驰,366269000000000000 ,366269000000000000 ,198207,199012,15,5,5,工作日,非高峰,2015-05-02,2015年5月2日,多云 /阵雨,26℃ / 16℃,东北风 ≤3级 /东风 ≤3级,多云,阵雨,26,16,东北风,≤3级,东风,≤3级,day
2015-05-01 12:00:00,喷水池,7、未按规定让行的 ,负全部责任,不负责任,1,贵A88E43,白色,1,贵AU1286,白色,（南明区）长安驾驶培训有限公司,（南明区）现代驾驶培训有限公司,2010/3/16 0:00,2006/11/10 0:00,宝马,瑞麒牌,364547000000000000 ,356168000000000000 ,198009,197012,12,4,5,工作日,非高峰,2015-05-01,2015年5月1日,阵雨 /多云,25℃ / 14℃,东南风 ≤3级 /东北风 ≤3级,阵雨,多云,25,14,东南风,≤3级,东北风,≤3级,day
2015-03-15 20:10:00,金顶山,3、倒车的,负全部责任,不负责任,1,贵A5821W,白,1,贵ADX757,银,自培,诚信驾驶培训学校,2008/12/2 0:00,1994/10/25 0:00,长城牌,桑塔纳,36634551864558565X,364547000000000000 ,197201,196112,20,6,3,周末,非高峰,2015-03-15,2015年3月15日,阴 /阴,18℃ / 13℃,东风 ≤3级 /南风 ≤3级,阴,阴,18,13,东风,≤3级,南风,≤3级,night
2015-04-30 11:30:00,机场,7、未按规定让行的 ,负全部责任,不负责任,1,贵AGB855,白色,1,粤BW6989,白色,（南明区）长安驾驶培训有限公司,-1,2010/2/9 0:00,-1,大众汽车牌,思域牌,364547000000000000 ,366868000000000000 ,197406,198606,11,3,4,工作日,非高峰,2015-04-30,2015年4月30日,阵雨 /阵雨,25℃ / 17℃,东南风 ≤3级 /东南风 ≤3级,阵雨,阵雨,25,17,东南风,≤3级,东南风,≤3级,day
2015-04-13 10:00:00,碧海花园,1、追尾的,负全部责任,不负责任,1,贵AM3121,银,1,贵AU5853,绿,贵州省长安驾驶培训学校,-1,2013/7/25 0:00,-1,双狮牌,捷达牌,364547000000000000 ,366068000000000000 ,199009,197211,10,0,4,工作日,非高峰,2015-04-13,2015年4月13日,晴 /多云,23℃ / 8℃,东北风 ≤3级 /东北风 ≤3级,晴,多云,23,8,东北风,≤3级,东北风,≤3级,day
2015-05-01 13:30:00,乌当区,3、倒车的,负全部责任,不负责任,1,贵A2871N,白色,1,贵A18803,白色,（南明区）长安驾驶培训有限公司,金大驾校,2008/4/9 0:00,2014/5/6 0:00,长安牌,湘江牌,376562000000000000 ,36455651805562455X,197903,197411,13,4,5,工作日,非高峰,2015-05-01,2015年5月1日,阵雨 /多云,25℃ / 14℃,东南风 ≤3级 /东北风 ≤3级,阵雨,多云,25,14,东南风,≤3级,东北风,≤3级,day
2015-02-05 01:10:00,南明区云关乡摆郎村,3、倒车的,负全部责任,不负责任,1,贵A63K75,黑色,1,贵A98B64,红色,贵州省长安驾驶培训学校,-1,2013/3/21 0:00,-1,福克斯牌,长安牌,364547000000000000 ,364547000000000000 ,198607,198711,1,3,2,工作日,非高峰,2015-02-05,2015年2月5日,阴 /阴,3℃ / 0℃,东北风 ≤3级 /东北风 ≤3级,阴,阴,3,0,东北风,≤3级,东北风,≤3级,night
2015-03-21 15:18:00,花溪大道中段,9、不符合前8款规定或者双方同时具有上述情形的,负同等责任,负同等责任,1,贵A37M46,白色,1,贵A087E4,白色,贵州省长安驾驶培训学校,520135,2014/8/25 0:00,2010/5/19 0:00,奥迪牌,解放牌,364547000000000000 ,364596000000000000 ,199004,197211,15,5,3,工作日,非高峰,2015-03-21,2015年3月21日,阴 /阴,16℃ / 11℃,东北风 ≤3级 /东南风 ≤3级,阴,阴,16,11,东北风,≤3级,东南风,≤3级,day
2015-03-04 07:40:00,黔林山路,1、追尾的,负全部责任,不负责任,1,贵FL4894,白,1,贵AJ2657,白,贵州省长安驾驶培训学校,-1,2012/9/6 0:00,-1,比亚迪牌,嘉陵牌,366061000000000000 ,356168000000000000 ,198111,196307,7,2,3,工作日,早高峰(7-9点),2015-03-04,2015年3月4日,小雨 /小雨,6℃ / 1℃,东北风 ≤3级 /东北风 ≤3级,小雨,小雨,6,1,东北风,≤3级,东北风,≤3级,day
2015-05-11 10:00:00,花果园,7、未按规定让行的 ,负全部责任,不负责任,1,贵AU5722,白色,1,贵GR9162,白色,自培,自培,2009/6/1 0:00,2006/7/6 0:00,隆鑫牌,-1,364547000000000000 ,364548000000000000 ,196105,196412,10,0,5,工作日,非高峰,2015-05-11,2015年5月11日,多云 /多云,24℃ / 13℃,东北风 ≤3级 /东北风 ≤3级,多云,多云,24,13,东北风,≤3级,东北风,≤3级,day
2015-03-29 10:21:00,亨特,1、追尾的,负全部责任,不负责任,1,贵AMT989,银,1,贵A35F36,黄,贵州省长安驾驶培训学校,自培,2010/10/22 0:00,2005/6/22 0:00,力帆牌,宝马,36454751984847287X,366364000000000000 ,198707,197601,10,6,3,周末,非高峰,2015-03-29,2015年3月29日,阴 /多云,18℃ / 15℃,东风 ≤3级 /南风 ≤3级,阴,多云,18,15,东风,≤3级,南风,≤3级,day
2015-05-29 17:30:00,贵阳一中,4、停车时未挂低速档、未拉驻车制动，导致车辆滑行的,负全部责任,不负责任,1,贵AKK223,黑,0,贵ABV778,白,贵州省长安驾驶培训学校,自培,2014/1/18 0:00,2006/6/19 0:00,东风日产牌,凯迪拉克,36656251964343445X,366367000000000000 ,198205,197310,17,4,5,工作日,晚高峰(17-19点),2015-05-29,2015年5月29日,阵雨 /阵雨,24℃ / 17℃,东南风 ≤3级 /东北风 ≤3级,阵雨,阵雨,24,17,东南风,≤3级,东北风,≤3级,day
2015-03-28 10:40:00,水东路,1、追尾的,负全部责任,不负责任,1,贵A44W45,白,1,贵A75G56,银,（南明区）长安驾驶培训有限公司,市交校,2009/3/25 0:00,2012/11/12 0:00,享御,东风牌,354668000000000000 ,364548000000000000 ,197507,197205,10,5,3,工作日,非高峰,2015-03-28,2015年3月28日,阵雨 /雷阵雨,17℃ / 14℃,南风 ≤3级 /南风 ≤3级,阵雨,雷阵雨,17,14,南风,≤3级,南风,≤3级,day
2015-05-27 01:10:00,百花山隧道,1、追尾的,负全部责任,不负责任,1,贵CNQ570,白,1,贵E82278,黑,贵州省长安驾驶培训学校,-1,2011/9/9 0:00,-1,-1,-1,364548000000000000 ,366770000000000000 ,199208,199108,1,2,5,工作日,非高峰,2015-05-27,2015年5月27日,阴 /阵雨,26℃ / 20℃,南风 ≤3级 /东北风 ≤3级,阴,阵雨,26,20,南风,≤3级,东北风,≤3级,night
2015-02-04 14:30:00,五里冲,8、依法应负全责的其他情形,负全部责任,不负责任,1,贵GF9743,黑,1,贵AA472Y,银,（南明区）长安驾驶培训有限公司,-1,2009/11/30 0:00,-1,豪爵牌,吉利美日牌,364548000000000000 ,36636800000000000 ,198808,196909,14,2,2,工作日,非高峰,2015-02-04,2015年2月4日,小雨 /小雨,4℃ / 0℃,东北风 ≤3级 /东北风 ≤3级,小雨,小雨,4,0,东北风,≤3级,东北风,≤3级,day
2015-03-14 18:00:00,北京路,1、追尾的,负全部责任,不负责任,1,贵A75E81,黑,1,贵AYM418,黑,（南明区）长安驾驶培训有限公司,鑫福驾驶员培训学校,2009/3/25 0:00,2009/6/30 0:00,沃尔沃牌,北京现代,364557000000000000 ,357866000000000000 ,198603,198903,18,5,3,工作日,晚高峰(17-19点),2015-03-14,2015年3月14日,阴 /阴,17℃ / 12℃,南风 ≤3级 /东南风 ≤3级,阴,阴,17,12,南风,≤3级,东南风,≤3级,day