accidenttime,accidentaddr,driver1fault,driver1responsibility,driver2responsibility,sex1,platenumber1,carcolor1,sex2,platenumber2,carcolor2,jxmc1,jxmc2,cclzrq1,cclzrq2,clpp1,clpp2,driver1license,driver2license,brith1,brith2,hour,weekday,month,is_weekday,peak_hour,date,日期,天气状况,气温,风力风向,day_wea,night_wea,day_tep,night_tep,day_wind_direction,day_wind_speed,night_wind_direction,night_wind_speed,segment
2015-05-19 01:00:00,黔灵山路,7、未按规定让行的 ,负同等责任,负同等责任,1,贵GR8073,白,1,贵AC733Y,红,贵州省长安驾驶培训学校,贵州省长安驾驶培训学校,2011/12/29 0:00,-1,-1,长安牌,364547000000000000 ,66646500000000000 ,197503,197201,1,1,5,工作日,非高峰,2015-05-19,2015年5月19日,阵雨 /大雨,25℃ / 18℃,东北风 ≤3级 /南风 ≤3级,阵雨,大雨,25,18,东北风,≤3级,南风,≤3级,night
2015-05-04 07:10:00,贵开路,8、依法应负全责的其他情形,负全部责任,不负责任,1,贵A0AW98,白,1,贵AH7396,黄,贵州省长安驾驶培训学校,文通驾校,2011/12/30 0:00,1993/4/6 0:00,起亚牌,翼虎牌,364648000000000000 ,364556000000000000 ,197906,196311,7,0,5,工作日,早高峰(7-9点),2015-05-04,2015年5月4日,阵雨 /阵雨,20℃ / 14℃,东北风 ≤3级 /东北风 ≤3级,阵雨,阵雨,20,14,东北风,≤3级,东北风,≤3级,day
2015-04-25 11:40:00,青山小区,7、未按规定让行的 ,负全部责任,不负责任,1,贵A4BE97,白色,1,贵AHS116,白色,贵州省长安驾驶培训学校,-1,2014/10/29 0:00,-1,福克斯牌,雪佛兰牌,364547000000000000 ,366564000000000000 ,199504,198812,11,5,4,工作日,非高峰,2015-04-25,2015年4月25日,阴 /阵雨,20℃ / 11℃,东风 ≤3级 /东南风 ≤3级,阴,阵雨,20,11,东风,≤3级,东南风,≤3级,day
2015-02-07 12:20:00,金阳南路,7、未按规定让行的 ,负全部责任,不负责任,1,贵A63R85,黑,1,贵AU1605,绿,贵州省长安驾驶培训学校,贵州晨运驾驶培训学校,2012/10/10 0:00,2010/11/22 0:00,长安牌,钱江牌,364558000000000000 ,366068000000000000 ,197712,197807,12,5,2,工作日,非高峰,2015-02-07,2015年2月7日,阴 /阴,8℃ / 3℃,东北风 ≤3级 /东北风 ≤3级,阴,阴,8,3,东北风,≤3级,东北风,≤3级,day
2015-05-19 07:00:00,小河干平路,3、倒车的,负全部责任,不负责任,1,贵ATA438,白色,1,贵AT6153,白色,鑫鑫驾校,自培,2010/10/18 0:00,2015/4/15 0:00,雪佛兰牌,万虎牌,64346500000000000 ,356168000000000000 ,197810,196603,7,1,5,工作日,早高峰(7-9点),2015-05-19,2015年5月19日,阵雨 /大雨,25℃ / 18℃,东北风 ≤3级 /南风 ≤3级,阵雨,大雨,25,18,东北风,≤3级,南风,≤3级,day
2015-05-25 10:03:00,瑞北路口,7、未按规定让行的 ,负全部责任,不负责任,1,贵FHS493,白,1,贵AU0567,绿,鑫鑫驾校,-1,2012/8/17 0:00,-1,-1,宝来牌,366067000000000000 ,366270000000000000 ,198503,197208,10,0,5,工作日,非高峰,2015-05-25,2015年5月25日,多云 /阵雨,26℃ / 19℃,东南风 ≤3级 /东南风 ≤3级,多云,阵雨,26,19,东南风,≤3级,东南风,≤3级,day
2015-03-14 12:30:00,中曹司,1、追尾的,负全部责任,不负责任,1,贵FL4384,白色,1,贵FP9171,白色,鑫鑫驾校,-1,2013/8/16 0:00,-1,雪佛兰牌,长安牌,366061000000000000 ,366068000000000000 ,198812,197810,12,5,3,工作日,非高峰,2015-03-14,2015年3月14日,阴 /阴,17℃ / 12℃,南风 ≤3级 /东南风 ≤3级,阴,阴,17,12,南风,≤3级,东南风,≤3级,day
2015-03-29 17:20:00,筑宏家居,7、未按规定让行的 ,负全部责任,不负责任,1,贵A9190C,白色,1,贵HC7415,白色,鑫鑫驾校,520115,2013/3/5 0:00,2007/11/22 0:00,北京牌,五菱牌,364551000000000000 ,366264000000000000 ,198703,198810,17,6,3,周末,晚高峰(17-19点),2015-03-29,2015年3月29日,阴 /多云,18℃ / 15℃,东风 ≤3级 /南风 ≤3级,阴,多云,18,15,东风,≤3级,南风,≤3级,day
2015-03-19 11:20:00,阳关,7、未按规定让行的 ,负全部责任,不负责任,1,贵ASW393,黑,1,贵GJ0888,黑,鑫鑫驾校,-1,2011/5/25 0:00,-1,宝马,奥迪(AUDI)牌,364547000000000000 ,36454700000000000 ,198312,196901,11,3,3,工作日,非高峰,2015-03-19,2015年3月19日,多云 /阵雨,26℃ / 12℃,南风 ≤3级 /东北风 ≤3级,多云,阵雨,26,12,南风,≤3级,东北风,≤3级,day
2015-05-25 18:00:00,花溪大道,9、不符合前8款规定或者双方同时具有上述情形的,负同等责任,负同等责任,1,贵A9190C,白色,1,贵AUA660,白色,鑫鑫驾校,鑫鑫驾校,2013/3/5 0:00,2007/1/22 0:00,北京牌,大众牌,364551000000000000 ,36676351954965497X,198703,198108,18,0,5,工作日,晚高峰(17-19点),2015-05-25,2015年5月25日,多云 /阵雨,26℃ / 19℃,东南风 ≤3级 /东南风 ≤3级,多云,阵雨,26,19,东南风,≤3级,东南风,≤3级,day
2015-03-09 15:25:00,云峰路,7、未按规定让行的 ,负全部责任,不负责任,1,贵AKU482,蓝,1,贵A99Z41,银,鑫鑫驾校,-1,2011/6/13 0:00,-1,朗逸牌,桑塔纳,36657651874966496X,34146500000000000 ,197308,198510,15,0,3,工作日,非高峰,2015-03-09,2015年3月9日,小雨 /小雨,10℃ / 5℃,东北风 ≤3级 /东北风 ≤3级,小雨,小雨,10,5,东北风,≤3级,东北风,≤3级,day
2015-05-20 18:00:00,改茶路,1、追尾的,负全部责任,不负责任,1,贵CB9808,白色,1,贵AME876,白色,（花溪区）鑫鑫驾驶培训有限公司,-1,2015/2/13 0:00,-1,-1,长安牌,07634751884761598X,36454800000000000 ,197703,196004,18,2,5,工作日,晚高峰(17-19点),2015-05-20,2015年5月20日,阴 /阵雨,23℃ / 17℃,东北风 ≤3级 /东北风 ≤3级,阴,阵雨,23,17,东北风,≤3级,东北风,≤3级,day
2015-03-21 15:00:00,花果园,8、依法应负全责的其他情形,负全部责任,不负责任,1,贵A4CB31,黑色,1,贵AH122,黑色,（花溪区）鑫鑫驾驶培训有限公司,其他,2015/2/5 0:00,2008/3/18 0:00,别克牌,-1,364551000000000000 ,366569000000000000 ,199402,198003,15,5,3,工作日,非高峰,2015-03-21,2015年3月21日,阴 /阴,16℃ / 11℃,东北风 ≤3级 /东南风 ≤3级,阴,阴,16,11,东北风,≤3级,东南风,≤3级,day
2015-03-26 17:30:00,后坝,3、倒车的,负全部责任,不负责任,1,贵A54S31,银,1,贵A28V26,黑,鑫鑫驾校,-1,2011/7/26 0:00,-1,长安牌,奥迪牌,357475000000000000 ,784368000000000000 ,197606,198103,17,3,3,工作日,晚高峰(17-19点),2015-03-26,2015年3月26日,阴 /阵雨,17℃ / 12℃,南风 ≤3级 /南风 ≤3级,阴,阵雨,17,12,南风,≤3级,南风,≤3级,day
2015-05-17 10:00:00,小河转盘,7、未按规定让行的 ,负全部责任,不负责任,1,贵FX7481,白色,1,贵AU7874,白色,鑫鑫驾校,公交公司驾校,2014/9/2 0:00,2007/8/28 0:00,-1,力帆牌,364648000000000000 ,364547000000000000 ,198408,198506,10,6,5,周末,非高峰,2015-05-17,2015年5月17日,阵雨 /雷阵雨,25℃ / 17℃,东北风 ≤3级 /南风 ≤3级,阵雨,雷阵雨,25,17,东北风,≤3级,南风,≤3级,day
2015-03-10 08:46:00,花果园,7、未按规定让行的 ,负全部责任,不负责任,1,贵A6BV44,蓝色,1,贵A67X62,白色,（花溪区）鑫鑫驾驶培训有限公司,顺一驾驶培训学校,2009/11/20 0:00,2011/4/6 0:00,翼虎牌,大众汽车牌,77476851835548511X,355468000000000000 ,197511,196208,8,1,3,工作日,早高峰(7-9点),2015-03-10,2015年3月10日,小雨 /小雨,8℃ / 4℃,东北风 ≤3级 /东北风 ≤3级,小雨,小雨,8,4,东北风,≤3级,东北风,≤3级,day
2015-03-15 01:30:00,花溪吉林,1、追尾的,负全部责任,不负责任,1,贵A3619C,白色,1,贵AH1982,白色,（花溪区）鑫鑫驾驶培训有限公司,自培,2010/11/23 0:00,2002/5/13 0:00,大众汽车牌,宝马(BMW)牌,364556000000000000 ,774356000000000000 ,197808,196108,1,6,3,周末,非高峰,2015-03-15,2015年3月15日,阴 /阴,18℃ / 13℃,东风 ≤3级 /南风 ≤3级,阴,阴,18,13,东风,≤3级,南风,≤3级,night
2015-02-23 16:10:00,玉厂路三岔路口,3、倒车的,负全部责任,不负责任,1,贵JBQ359,白色,1,贵A34J44,红色,鑫鑫驾校,自培,2014/6/24 0:00,2007/12/18 0:00,锋范牌,东风牌,366361000000000000 ,366367000000000000 ,198005,197109,16,0,2,工作日,非高峰,2015-02-23,2015年2月23日,阴 /阴,16℃ / 8℃,南风 ≤3级 /东风 ≤3级,阴,阴,16,8,南风,≤3级,东风,≤3级,day
2015-05-14 13:40:00,金清大道,1、追尾的,负全部责任,不负责任,1,贵A3817E,红,1,贵AC9400,黑,鑫鑫驾校,消防驾校,2014/11/5 0:00,2011/4/1 0:00,吉利美日牌,钱江牌,364596000000000000 ,364596000000000000 ,199410,198904,13,3,5,工作日,非高峰,2015-05-14,2015年5月14日,多云 /雷阵雨,27℃ / 20℃,东南风 ≤3级 /南风 ≤3级,多云,雷阵雨,27,20,东南风,≤3级,南风,≤3级,day
2015-05-13 18:00:00,贵筑路,7、未按规定让行的 ,负全部责任,不负责任,1,贵A29H91,白色,1,贵A0182Y,白色,鑫鑫驾校,贵大驾校,2015/1/26 0:00,2013/1/30 0:00,大众汽车牌,别克牌,364548000000000000 ,364556000000000000 ,198305,197709,18,2,5,工作日,晚高峰(17-19点),2015-05-13,2015年5月13日,多云 /阵雨,26℃ / 19℃,东南风 ≤3级 /东南风 ≤3级,多云,阵雨,26,19,东南风,≤3级,东南风,≤3级,day
2015-03-15 13:30:00,枣山路,1、追尾的,负全部责任,不负责任,1,贵A27C34,红,1,贵AU7638,蓝,（经开区）顺一驾驶培训有限公司,自培,2008/2/1 0:00,2011/12/13 0:00,福克斯牌,力帆牌,364548000000000000 ,364548000000000000 ,194403,198710,13,6,3,周末,非高峰,2015-03-15,2015年3月15日,阴 /阴,18℃ / 13℃,东风 ≤3级 /南风 ≤3级,阴,阴,18,13,东风,≤3级,南风,≤3级,day
2015-05-08 08:00:00,中华南路,7、未按规定让行的 ,负全部责任,不负责任,1,贵AU7614,白色,1,贵CPE149,白色,（经开区）顺一驾驶培训有限公司,铁二局驾校,2008/6/4 0:00,2014/4/24 0:00,嘉陵牌,-1,366876000000000000 ,366562000000000000 ,199001,198807,8,4,5,工作日,早高峰(7-9点),2015-05-08,2015年5月8日,阵雨 /多云,25℃ / 15℃,东南风 ≤3级 /东北风 ≤3级,阵雨,多云,25,15,东南风,≤3级,东北风,≤3级,day
2015-05-29 08:00:00,贵惠大道,7、未按规定让行的 ,负全部责任,不负责任,1,贵A0151S,白色,1,贵A784E2,白色,顺一驾驶培训学校,市交校,2011/5/17 0:00,2012/4/24 0:00,雅阁牌,长安牌,364548000000000000 ,344673000000000000 ,197509,198401,8,4,5,工作日,早高峰(7-9点),2015-05-29,2015年5月29日,阵雨 /阵雨,24℃ / 17℃,东南风 ≤3级 /东北风 ≤3级,阵雨,阵雨,24,17,东南风,≤3级,东北风,≤3级,day
2015-04-21 12:30:00,白云区,1、追尾的,负全部责任,不负责任,1,贵AJG446,白,1,贵ARG516,黄,顺一驾驶培训学校,贵州省长安驾驶培训学校,2011/6/15 0:00,2014/12/16 0:00,凯迪拉克牌,吉利美日牌,366064000000000000 ,354364000000000000 ,197709,199406,12,1,4,工作日,非高峰,2015-04-21,2015年4月21日,阴 /阵雨,17℃ / 10℃,东北风 ≤3级 /东北风 ≤3级,阴,阵雨,17,10,东北风,≤3级,东北风,≤3级,day
2015-03-15 11:20:00,都司路,8、依法应负全责的其他情形,负全部责任,不负责任,1,贵AKT648,白色,1,贵A5B681,白色,顺一驾驶培训学校,自培,2010/11/23 0:00,2003/4/8 0:00,东风标致牌,别克牌,364548000000000000 ,366666000000000000 ,197312,197101,11,6,3,周末,非高峰,2015-03-15,2015年3月15日,阴 /阴,18℃ / 13℃,东风 ≤3级 /南风 ≤3级,阴,阴,18,13,东风,≤3级,南风,≤3级,day
2015-03-03 19:00:00,北京西路,1、追尾的,负全部责任,不负责任,1,贵AU9855,绿,1,贵A6BL71,白,（经开区）顺一驾驶培训有限公司,-1,2008/9/24 0:00,-1,本田牌,谛艾仕牌,366346000000000000 ,366663000000000000 ,197506,196212,19,1,3,工作日,晚高峰(17-19点),2015-03-03,2015年3月3日,小雨 /小雨,8℃ / 3℃,东北风 ≤3级 /东北风 ≤3级,小雨,小雨,8,3,东北风,≤3级,东北风,≤3级,day
2015-02-16 12:18:00,金竹立交,7、未按规定让行的 ,负全部责任,不负责任,1,贵A5851K,灰色,1,贵AA843E,白色,顺一驾驶培训学校,-1,2013/8/19 0:00,-1,昌河牌,起亚牌,366066000000000000 ,364646000000000000 ,197309,197709,12,0,2,工作日,非高峰,2015-02-16,2015年2月16日,阴 /阵雨,15℃ / 9℃,东北风 ≤3级 /东南风 ≤3级,阴,阵雨,15,9,东北风,≤3级,东南风,≤3级,day
2015-05-05 07:52:00,神奇路,7、未按规定让行的 ,负全部责任,不负责任,1,贵A69N57,白色,1,贵A05764,白色,顺一驾驶培训学校,新天驾校,2012/12/29 0:00,2010/11/1 0:00,奥迪牌,-1,364548000000000000 ,364557000000000000 ,198505,199201,7,1,5,工作日,早高峰(7-9点),2015-05-05,2015年5月5日,阵雨 /阵雨,21℃ / 15℃,南风 ≤3级 /南风 ≤3级,阵雨,阵雨,21,15,南风,≤3级,南风,≤3级,day
2015-04-16 14:00:00,清溪路,7、未按规定让行的 ,负全部责任,不负责任,1,贵A8M588,白色,1,贵AUA037,白色,顺一驾驶培训学校,贵大驾校,2012/8/6 0:00,2011/3/3 0:00,-1,奇瑞牌,366563000000000000 ,364556000000000000 ,198504,196908,14,3,4,工作日,非高峰,2015-04-16,2015年4月16日,多云 /多云,29℃ / 17℃,南风 ≤3级 /南风 ≤3级,多云,多云,29,17,南风,≤3级,南风,≤3级,day
2015-03-12 18:15:00,北京西路,7、未按规定让行的 ,负全部责任,不负责任,1,贵GGA028,黑,1,贵GC1209,黑,顺一驾驶培训学校,顺一驾驶培训学校,2012/3/16 0:00,2004/5/21 0:00,东风标致牌,迈腾牌,36624551944248095X,364548000000000000 ,198006,198208,18,3,3,工作日,晚高峰(17-19点),2015-03-12,2015年3月12日,多云 /多云,16℃ / 10℃,南风 ≤3级 /南风 ≤3级,多云,多云,16,10,南风,≤3级,南风,≤3级,day
2015-05-10 11:30:00,鑫中路,8、依法应负全责的其他情形,负全部责任,不负责任,1,贵A15G77,白色,1,贵A79A13,白色,顺一驾驶培训学校,-1,2012/3/24 0:00,-1,-1,雪佛兰牌,364551000000000000 ,366669000000000000 ,199309,199011,11,6,5,周末,非高峰,2015-05-10,2015年5月10日,阵雨 /雷阵雨,25℃ / 14℃,南风 ≤3级 /南风 ≤3级,阵雨,雷阵雨,25,14,南风,≤3级,南风,≤3级,day
2015-05-07 12:10:00,肿瘤医院,1、追尾的,负全部责任,不负责任,1,贵A2N675,白,1,贵GE5778,黑,顺一驾驶培训学校,预约考试窗口,2012/3/24 0:00,2006/8/31 0:00,-1,大众汽车牌,364551000000000000 ,364557000000000000 ,199309,196411,12,3,5,工作日,非高峰,2015-05-07,2015年5月7日,阵雨 /雷阵雨,23℃ / 17℃,东南风 ≤3级 /东南风 ≤3级,阵雨,雷阵雨,23,17,东南风,≤3级,东南风,≤3级,day
2015-04-01 15:53:00,中坝,7、未按规定让行的 ,负全部责任,不负责任,1,贵ABK867,黑,1,贵GGB298,银,顺一驾驶培训学校,自培,2012/12/29 0:00,-1,荣威牌,别克牌,366668000000000000 ,366864000000000000 ,198610,199006,15,2,4,工作日,非高峰,2015-04-01,2015年4月1日,多云 /多云,29℃ / 19℃,南风 ≤3级 /南风 ≤3级,多云,多云,29,19,南风,≤3级,南风,≤3级,day
2015-04-15 07:55:00,长江路,7、未按规定让行的 ,负全部责任,不负责任,1,贵A2BL35,白色,1,贵GT8051,白色,顺一驾驶培训学校,顺安驾校,2013/12/18 0:00,-1,奇瑞牌,北京现代牌,366347000000000000 ,36636551864852419X,198111,197207,7,2,4,工作日,早高峰(7-9点),2015-04-15,2015年4月15日,多云 /多云,24℃ / 16℃,东南风 ≤3级 /南风 ≤3级,多云,多云,24,16,东南风,≤3级,南风,≤3级,day
2015-03-23 15:00:00,小河盘江路,7、未按规定让行的 ,负全部责任,不负责任,1,贵JDD943,白色,1,贵A000L1,白色,顺一驾驶培训学校,-1,2015/2/2 0:00,-1,别克牌,-1,364547000000000000 ,36656851155462565X,196107,199110,15,0,3,工作日,非高峰,2015-03-23,2015年3月23日,多云 /阴,17℃ / 9℃,东北风 ≤3级 /东北风 ≤3级,多云,阴,17,9,东北风,≤3级,东北风,≤3级,day
2015-05-30 15:00:00,二戈寨,8、依法应负全责的其他情形,负全部责任,不负责任,1,贵JED723,白色,1,贵A2089A,白色,顺一驾驶培训学校,全林驾校,2014/3/28 0:00,2012/8/9 0:00,-1,长安牌,364548000000000000 ,366367000000000000 ,196710,198111,15,5,5,工作日,非高峰,2015-05-30,2015年5月30日,阵雨 /阵雨,23℃ / 17℃,东北风 ≤3级 /东风 ≤3级,阵雨,阵雨,23,17,东北风,≤3级,东风,≤3级,day
2015-03-18 09:20:00,金朱东路,8、依法应负全责的其他情形,负全部责任,不负责任,0,贵A96M81,白,0,贵ET47,白,顺一驾驶培训学校,贵州现代驾驶培训责任有限公司,2014/1/18 0:00,2013/7/12 0:00,雪佛兰牌,-1,36464551965442566X,364647000000000000 ,198210,198512,9,2,3,工作日,早高峰(7-9点),2015-03-18,2015年3月18日,多云 /多云,24℃ / 14℃,南风 ≤3级 /南风 ≤3级,多云,多云,24,14,南风,≤3级,南风,≤3级,day
2015-04-08 11:00:00,花石路,3、倒车的,负全部责任,不负责任,1,贵FBK529,白色,1,贵ANN749,白色,顺一驾驶培训学校,人武驾校,2014/11/21 0:00,2010/11/10 0:00,五菱牌,福克斯牌,366066000000000000 ,354548000000000000 ,196905,196711,11,2,4,工作日,非高峰,2015-04-08,2015年4月8日,小雨 /小雨,10℃ / 6℃,东北风 ≤3级 /东北风 ≤3级,小雨,小雨,10,6,东北风,≤3级,东北风,≤3级,day
2015-04-10 13:30:00,世纪城,1、追尾的,负全部责任,不负责任,1,贵AX4925,黑,1,赣JL6322,绿,（经开区）顺一驾驶培训有限公司,-1,2007/12/18 0:00,-1,雷克牌,江铃牌,266261000000000000 ,724758000000000000 ,197912,196602,13,4,4,工作日,非高峰,2015-04-10,2015年4月10日,小雨 /小雨,12℃ / 8℃,东北风 ≤3级 /东北风 ≤3级,小雨,小雨,12,8,东北风,≤3级,东北风,≤3级,day
2015-03-14 13:50:00,金朱东路,3、倒车的,负全部责任,不负责任,1,贵A707A4,白,1,贵A991D1,蓝,顺一驾驶培训学校,自培,2012/3/22 0:00,2013/2/22 0:00,东风牌,解放牌,366347000000000000 ,356168000000000000 ,197610,196401,13,5,3,工作日,非高峰,2015-03-14,2015年3月14日,阴 /阴,17℃ / 12℃,南风 ≤3级 /东南风 ≤3级,阴,阴,17,12,南风,≤3级,东南风,≤3级,day
2015-04-24 14:00:00,兴隆花园,7、未按规定让行的 ,负全部责任,不负责任,1,贵APL335,白色,1,贵AFH107,白色,顺一驾驶培训学校,自培,2012/9/10 0:00,2007/6/18 0:00,思威牌,东风雪铁龙牌,344663000000000000 ,366347000000000000 ,198906,198208,14,4,4,工作日,非高峰,2015-04-24,2015年4月24日,阴 /小雨,16℃ / 11℃,东风 ≤3级 /东风 ≤3级,阴,小雨,16,11,东风,≤3级,东风,≤3级,day
2015-04-20 14:50:00,西二环,7、未按规定让行的 ,负全部责任,不负责任,1,贵GX1416,白,1,贵AA706A,银,顺一驾驶培训学校,预约考试窗口,2014/12/22 0:00,2006/9/28 0:00,大众牌,长城牌,726775000000000000 ,366067000000000000 ,197812,197008,14,0,4,工作日,非高峰,2015-04-20,2015年4月20日,阴 /阴,20℃ / 11℃,东北风 ≤3级 /东北风 ≤3级,阴,阴,20,11,东北风,≤3级,东北风,≤3级,day
2015-04-08 14:30:00,黄山冲,5、开关车门的,负全部责任,不负责任,0,贵AHD732,银,1,贵AA1497,黑,（经开区）顺一驾驶培训有限公司,-1,2009/4/21 0:00,-1,宝来牌,五菱牌,366068000000000000 ,364557000000000000 ,196912,198904,14,2,4,工作日,非高峰,2015-04-08,2015年4月8日,小雨 /小雨,10℃ / 6℃,东北风 ≤3级 /东北风 ≤3级,小雨,小雨,10,6,东北风,≤3级,东北风,≤3级,day
2015-03-09 14:00:00,二铺,1、追尾的,负全部责任,不负责任,1,贵AFQ659,银,1,贵AHX317,银,（经开区）顺一驾驶培训有限公司,自培,2010/10/29 0:00,2007/10/31 0:00,东风牌,奥迪牌,366064000000000000 ,366767000000000000 ,198403,198112,14,0,3,工作日,非高峰,2015-03-09,2015年3月9日,小雨 /小雨,10℃ / 5℃,东北风 ≤3级 /东北风 ≤3级,小雨,小雨,10,5,东北风,≤3级,东北风,≤3级,day
2015-03-28 08:30:00,沙冲南路,8、依法应负全责的其他情形,负全部责任,不负责任,1,贵A34R21,白色,1,贵A7AR36,白色,顺一驾驶培训学校,贵州省长安驾驶培训学校,2010/7/28 0:00,2015/1/29 0:00,思威牌,北京现代牌,366864000000000000 ,364547000000000000 ,197212,198602,8,5,3,工作日,早高峰(7-9点),2015-03-28,2015年3月28日,阵雨 /雷阵雨,17℃ / 14℃,南风 ≤3级 /南风 ≤3级,阵雨,雷阵雨,17,14,南风,≤3级,南风,≤3级,day
2015-04-18 18:10:00,小河,5、开关车门的,负全部责任,不负责任,1,川6456944,黄色,1,贵AL8832,白色,自培,自培,2009/5/8 0:00,1995/12/28 0:00,-1,红旗牌,366046000000000000 ,366346000000000000 ,198811,196301,18,5,4,工作日,晚高峰(17-19点),2015-04-18,2015年4月18日,多云 /雷阵雨,29℃ / 16℃,南风 ≤3级 /南风 ≤3级,多云,雷阵雨,29,16,南风,≤3级,南风,≤3级,day
2015-02-08 20:00:00,三桥大洼,1、追尾的,负全部责任,不负责任,1,贵AW1782,黑,0,贵GK9918,银,顺一驾驶培训学校,自培,2012/5/28 0:00,2011/7/5 0:00,先锋牌,大众汽车牌,364596000000000000 ,364066000000000000 ,199008,199101,20,6,2,周末,非高峰,2015-02-08,2015年2月8日,阴 /阴,7℃ / 3℃,东北风 ≤3级 /南风 ≤3级,阴,阴,7,3,东北风,≤3级,南风,≤3级,night
2015-04-30 08:50:00,艺校立交桥,7、未按规定让行的 ,负全部责任,不负责任,1,贵A7BX66,白色,1,云DK7373,白色,顺一驾驶培训学校,-1,2015/1/9 0:00,-1,广汽菲亚特牌,吉利牌,366246000000000000 ,376664000000000 ,197904,800816,8,3,4,工作日,早高峰(7-9点),2015-04-30,2015年4月30日,阵雨 /阵雨,25℃ / 17℃,东南风 ≤3级 /东南风 ≤3级,阵雨,阵雨,25,17,东南风,≤3级,东南风,≤3级,day
2015-05-07 10:00:00,西南环线,7、未按规定让行的 ,负全部责任,不负责任,1,贵A49C32,白色,1,贵FV6210,白色,顺一驾驶培训学校,520109,2012/7/9 0:00,2007/2/7 0:00,长城牌,-1,364547000000000000 ,366067000000000000 ,195402,198708,10,3,5,工作日,非高峰,2015-05-07,2015年5月7日,阵雨 /雷阵雨,23℃ / 17℃,东南风 ≤3级 /东南风 ≤3级,阵雨,雷阵雨,23,17,东南风,≤3级,东南风,≤3级,day
2015-05-05 07:30:00,机场,1、追尾的,负全部责任,不负责任,1,贵A1414X,白色,1,贵AKK912,白色,顺一驾驶培训学校,-1,2012/7/24 0:00,-1,福克斯牌,马自达牌,344679000000000000 ,366363000000000000 ,198702,197022,7,1,5,工作日,早高峰(7-9点),2015-05-05,2015年5月5日,阵雨 /阵雨,21℃ / 15℃,南风 ≤3级 /南风 ≤3级,阵雨,阵雨,21,15,南风,≤3级,南风,≤3级,day
2015-03-14 16:00:00,花溪清溪路,7、未按规定让行的 ,负全部责任,不负责任,1,贵AB795J,白色,1,贵AU9372,白色,顺一驾驶培训学校,贵大驾校,2012/12/5 0:00,2010/9/21 0:00,马自达牌,宝来牌,34467051975565593X,364556000000000000 ,198311,199011,16,5,3,工作日,非高峰,2015-03-14,2015年3月14日,阴 /阴,17℃ / 12℃,南风 ≤3级 /东南风 ≤3级,阴,阴,17,12,南风,≤3级,东南风,≤3级,day
2015-05-06 14:00:00,二铺,7、未按规定让行的 ,负全部责任,不负责任,1,贵A9225B,黑,1,贵AC772J,黑,顺一驾驶培训学校,铁二局驾校,2015/1/21 0:00,2012/4/1 0:00,东风牌,吉利牌,364557000000000000 ,366367000000000000 ,198907,197610,14,2,5,工作日,非高峰,2015-05-06,2015年5月6日,多云 /多云,25℃ / 16℃,东北风 ≤3级 /南风 ≤3级,多云,多云,25,16,东北风,≤3级,南风,≤3级,day
2015-04-24 22:00:00,松花江路,9、不符合前8款规定或者双方同时具有上述情形的,负同等责任,负同等责任,1,贵A4978Y,白色,1,云C67496,白色,自培,-1,2014/5/26 0:00,-1,北京现代牌,湘江,364551000000000000 ,366067000000000000 ,199206,198610,22,4,4,工作日,非高峰,2015-04-24,2015年4月24日,阴 /小雨,16℃ / 11℃,东风 ≤3级 /东风 ≤3级,阴,小雨,16,11,东风,≤3级,东风,≤3级,night
2015-03-26 07:00:00,富水南路,7、未按规定让行的 ,负全部责任,不负责任,1,贵AU7474,白色,1,贵AU8245,黑色,（清镇市）青正驾驶培训有限公司,520134,2010/11/10 0:00,2007/10/22 0:00,大运牌,宝来牌,366364000000000000 ,364548000000000000 ,197204,197604,7,3,3,工作日,早高峰(7-9点),2015-03-26,2015年3月26日,阴 /阵雨,17℃ / 12℃,南风 ≤3级 /南风 ≤3级,阴,阵雨,17,12,南风,≤3级,南风,≤3级,day
2015-03-22 10:49:00,涴沙桥,7、未按规定让行的 ,负全部责任,不负责任,0,贵A9BC76,白,1,贵A73L14,白,（经开区）顺一驾驶培训有限公司,景宏驾校,2015/2/17 0:00,2012/10/30 0:00,马自达牌,长安牌,364547000000000000 ,364547000000000000 ,197901,196611,10,6,3,周末,非高峰,2015-03-22,2015年3月22日,阵雨 /阵雨,19℃ / 10℃,东南风 ≤3级 /东风 ≤3级,阵雨,阵雨,19,10,东南风,≤3级,东风,≤3级,day
2015-04-26 09:50:00,八匹马,7、未按规定让行的 ,负全部责任,不负责任,1,贵A32P93,银,1,贵GY1460,银,自培,市交校,2013/6/21 0:00,2014/7/19 0:00,吉利牌,雪佛兰牌,366068000000000000 ,366270000000000000 ,199111,197012,9,6,4,周末,早高峰(7-9点),2015-04-26,2015年4月26日,阵雨 /阵雨,18℃ / 14℃,东南风 ≤3级 /东北风 ≤3级,阵雨,阵雨,18,14,东南风,≤3级,东北风,≤3级,day
2015-04-14 14:10:00,中坝,8、依法应负全责的其他情形,负全部责任,不负责任,1,贵FZ8103,黑,1,贵AF5688,银,青正驾校,-1,2012/12/22 0:00,-1,力帆牌,嘉陵牌,366046000000000000 ,74365500000000000 ,198605,198406,14,1,4,工作日,非高峰,2015-04-14,2015年4月14日,晴 /多云,22℃ / 9℃,东风 ≤3级 /东风 ≤3级,晴,多云,22,9,东风,≤3级,东风,≤3级,day
2015-05-03 12:00:00,黄河路,7、未按规定让行的 ,负全部责任,不负责任,1,贵A4BR39,白色,1,贵A74988,白色,顺一驾校（经开区）,-1,2015/4/17 0:00,-1,大众汽车牌,专用,364547000000000000 ,364507000000000000 ,197412,197810,12,6,5,周末,非高峰,2015-05-03,2015年5月3日,阵雨 /阵雨,25℃ / 15℃,东北风 ≤3级 /东北风 ≤3级,阵雨,阵雨,25,15,东北风,≤3级,东北风,≤3级,day