accidenttime,accidentaddr,driver1fault,driver1responsibility,driver2responsibility,sex1,platenumber1,carcolor1,sex2,platenumber2,carcolor2,jxmc1,jxmc2,cclzrq1,cclzrq2,clpp1,clpp2,driver1license,driver2license,brith1,brith2,hour,weekday,month,is_weekday,peak_hour,date,日期,天气状况,气温,风力风向,day_wea,night_wea,day_tep,night_tep,day_wind_direction,day_wind_speed,night_wind_direction,night_wind_speed,segment
2015-05-06 08:30:00,宾阳大道,9、不符合前8款规定或者双方同时具有上述情形的,负全部责任,不负责任,1,贵A9286T,白,1,贵A35874,蓝,青正驾校,青正驾校,2014/4/23 0:00,1992/7/16 0:00,起亚牌,锦宏,364557000000000000 ,364548000000000000 ,199301,196508,8,2,5,工作日,早高峰(7-9点),2015-05-06,2015年5月6日,多云 /多云,25℃ / 16℃,东北风 ≤3级 /南风 ≤3级,多云,多云,25,16,东北风,≤3级,南风,≤3级,day
2015-04-19 17:00:00,花果园,9、不符合前8款规定或者双方同时具有上述情形的,负同等责任,负同等责任,1,贵GX9719,白,1,贵AU8319,绿,贵州晨运驾驶培训学校,-1,2012/5/30 0:00,-1,大众汽车牌,宝来牌,364547000000000000 ,366363000000000000 ,199108,197208,17,6,4,周末,晚高峰(17-19点),2015-04-19,2015年4月19日,阵雨 /阵雨,22℃ / 13℃,东北风 ≤3级 /东北风 ≤3级,阵雨,阵雨,22,13,东北风,≤3级,东北风,≤3级,day
2015-05-20 14:00:00,贵黄交警支队,7、未按规定让行的 ,负全部责任,不负责任,1,贵A10676,红,0,贵GP4804,白,青正驾校,省交校,2014/4/23 0:00,2014/10/9 0:00,哈雷爱俊达牌,-1,364557000000000000 ,366567000000000000 ,199301,198608,14,2,5,工作日,非高峰,2015-05-20,2015年5月20日,阴 /阵雨,23℃ / 17℃,东北风 ≤3级 /东北风 ≤3级,阴,阵雨,23,17,东北风,≤3级,东北风,≤3级,day
2015-04-24 07:23:00,省府路,1、追尾的,负全部责任,不负责任,1,贵HY1228,红,0,贵A0K060,红,自培,自培,2011/5/6 0:00,2005/1/27 0:00,比亚迪牌,东风日产牌,355561000000000000 ,364547000000000000 ,197903,197111,7,4,4,工作日,早高峰(7-9点),2015-04-24,2015年4月24日,阴 /小雨,16℃ / 11℃,东风 ≤3级 /东风 ≤3级,阴,小雨,16,11,东风,≤3级,东风,≤3级,day
2015-04-22 19:00:00,花溪,7、未按规定让行的 ,负全部责任,不负责任,1,贵AB069R,白色,1,贵JD5125,白色,青正驾校,-1,2015/2/4 0:00,-1,利亚纳牌,夏利,366662000000000000 ,366862000000000000 ,197005,196703,19,2,4,工作日,晚高峰(17-19点),2015-04-22,2015年4月22日,小雨 /小雨,15℃ / 10℃,东北风 ≤3级 /东北风 ≤3级,小雨,小雨,15,10,东北风,≤3级,东北风,≤3级,day
2015-02-16 18:47:00,兴关路,7、未按规定让行的 ,负全部责任,不负责任,1,贵AU038,白色,1,贵ADF292,白色,（乌当区）平安驾驶培训有限公司,520109,2008/11/14 0:00,2010/8/25 0:00,-1,圣路牌,356168000000000000 ,364548000000000000 ,196909,198703,18,0,2,工作日,晚高峰(17-19点),2015-02-16,2015年2月16日,阴 /阵雨,15℃ / 9℃,东北风 ≤3级 /东南风 ≤3级,阴,阵雨,15,9,东北风,≤3级,东南风,≤3级,day
2015-05-20 19:00:00,O八三,3、倒车的,负全部责任,不负责任,1,贵AC507N,红,1,贵A4993R,白,万里圣驾校（清镇市）,自培,2015/4/22 0:00,2006/6/5 0:00,-1,东风日产牌,366662000000000000 ,364557000000000000 ,199302,197101,19,2,5,工作日,晚高峰(17-19点),2015-05-20,2015年5月20日,阴 /阵雨,23℃ / 17℃,东北风 ≤3级 /东北风 ≤3级,阴,阵雨,23,17,东北风,≤3级,东北风,≤3级,day
2015-03-28 18:00:00,万科城,9、不符合前8款规定或者双方同时具有上述情形的,负同等责任,负同等责任,1,贵AB9932B,红,1,贵A3066A,银,贵阳万里圣驾校,-1,2014/12/31 0:00,-1,-1,比亚迪牌,366067000000000000 ,366664000000000000 ,198008,199303,18,5,3,工作日,晚高峰(17-19点),2015-03-28,2015年3月28日,阵雨 /雷阵雨,17℃ / 14℃,南风 ≤3级 /南风 ≤3级,阵雨,雷阵雨,17,14,南风,≤3级,南风,≤3级,day
2015-03-05 07:20:00,白金大道,1、追尾的,负全部责任,不负责任,1,贵AMH668,白,0,贵AKZ671,黑,（乌当区）平安驾驶培训有限公司,520102,2009/4/29 0:00,2010/7/22 0:00,梅赛德斯-奔驰牌,长城牌,366363000000000000 ,364558000000000000 ,198107,197509,7,3,3,工作日,早高峰(7-9点),2015-03-05,2015年3月5日,小雨 /小雨,4℃ / 1℃,东北风 ≤3级 /东北风 ≤3级,小雨,小雨,4,1,东北风,≤3级,东北风,≤3级,day
2015-03-01 13:30:00,花溪,3、倒车的,负全部责任,不负责任,1,贵A2733H,白色,1,贵ABK499,黑色,黔丰驾校,-1,2013/12/12 0:00,-1,奇瑞牌,索兰托,364556000000000000 ,366067000000000 ,197708,781128,13,6,3,周末,非高峰,2015-03-01,2015年3月1日,阴 /阴,9℃ / 3℃,东风 ≤3级 /南风 ≤3级,阴,阴,9,3,东风,≤3级,南风,≤3级,day
2015-02-16 16:28:00,贵开路,1、追尾的,负全部责任,不负责任,1,贵A54F86,蓝,1,贵AA1940,红,贵州平安驾驶培训学校,-1,2013/11/8 0:00,-1,飞度牌,神龙-富康,364547000000000000 ,364548000000000000 ,198206,197804,16,0,2,工作日,非高峰,2015-02-16,2015年2月16日,阴 /阵雨,15℃ / 9℃,东北风 ≤3级 /东南风 ≤3级,阴,阵雨,15,9,东北风,≤3级,东南风,≤3级,day
2015-04-08 08:50:00,乌当,1、追尾的,负全部责任,不负责任,1,贵A9652A,黑,1,贵A79E72,黑,贵州平安驾驶培训学校,市交校,2012/11/15 0:00,2011/10/18 0:00,北京牌,吉利牌,364566000000000000 ,36455651174562665X,198009,199301,8,2,4,工作日,早高峰(7-9点),2015-04-08,2015年4月8日,小雨 /小雨,10℃ / 6℃,东北风 ≤3级 /东北风 ≤3级,小雨,小雨,10,6,东北风,≤3级,东北风,≤3级,day
2015-04-23 09:00:00,金阳,1、追尾的,负全部责任,不负责任,1,贵AU7554,绿,1,浙CN8K62,黑,贵州平安驾驶培训学校,-1,2011/8/10 0:00,-1,黄海牌,日产牌,35526551164640345X,774769000000000000 ,199202,196302,9,3,4,工作日,早高峰(7-9点),2015-04-23,2015年4月23日,阴 /小雨,16℃ / 10℃,东北风 ≤3级 /东北风 ≤3级,阴,小雨,16,10,东北风,≤3级,东北风,≤3级,day
2015-05-06 03:00:00,花果园,6、违反交通信号的,负全部责任,不负责任,0,贵GM6890,黑,1,贵AA5268,白,黔丰驾校,-1,2013/12/12 0:00,-1,-1,金轮,366770000000000000 ,36454500000000000 ,198308,959051,3,2,5,工作日,非高峰,2015-05-06,2015年5月6日,多云 /多云,25℃ / 16℃,东北风 ≤3级 /南风 ≤3级,多云,多云,25,16,东北风,≤3级,南风,≤3级,night
2015-03-21 06:20:00,花溪,7、未按规定让行的 ,负全部责任,不负责任,1,贵J8T859,白色,1,贵AUA704,白色,贵州平安驾驶培训学校,自培,2010/12/21 0:00,2004/12/30 0:00,-1,奇瑞牌,366068000000000000 ,36455551964340567X,198705,198205,6,5,3,工作日,非高峰,2015-03-21,2015年3月21日,阴 /阴,16℃ / 11℃,东北风 ≤3级 /东南风 ≤3级,阴,阴,16,11,东北风,≤3级,东南风,≤3级,day
2015-02-09 14:40:00,观山湖,1、追尾的,负全部责任,不负责任,1,贵A68F98,黑,1,贵AVA839,黑,贵州平安驾驶培训学校,-1,2012/2/13 0:00,-1,英伦牌,凯迪拉克牌,366566000000000000 ,366566000000000000 ,197312,198706,14,0,2,工作日,非高峰,2015-02-09,2015年2月9日,阴 /小雨,6℃ / 4℃,东北风 ≤3级 /东北风 ≤3级,阴,小雨,6,4,东北风,≤3级,东北风,≤3级,day
2015-04-22 11:18:00,金龙国际,3、倒车的,负全部责任,不负责任,1,贵A41744,银,1,贵A73N85,银,（南明区）现代驾驶培训有限公司,金大驾校,2007/10/24 0:00,2013/5/10 0:00,奇瑞牌,雪佛兰牌,364547000000000000 ,364547000000000000 ,197106,198607,11,2,4,工作日,非高峰,2015-04-22,2015年4月22日,小雨 /小雨,15℃ / 10℃,东北风 ≤3级 /东北风 ≤3级,小雨,小雨,15,10,东北风,≤3级,东北风,≤3级,day
2015-05-04 07:13:00,百花湖,7、未按规定让行的 ,负全部责任,不负责任,1,贵AQ833R,白,1,贵AC866P,红,贵州现代驾驶培训责任有限公司,青正驾校,2010/7/22 0:00,2011/11/14 0:00,-1,北京牌,364596000000000000 ,366347000000000000 ,199006,197712,7,0,5,工作日,早高峰(7-9点),2015-05-04,2015年5月4日,阵雨 /阵雨,20℃ / 14℃,东北风 ≤3级 /东北风 ≤3级,阵雨,阵雨,20,14,东北风,≤3级,东北风,≤3级,day
2015-03-31 17:00:00,头桥,9、不符合前8款规定或者双方同时具有上述情形的,负同等责任,负同等责任,1,贵AGH071,白色,1,贵A31167,白色,自培,-1,2008/9/18 0:00,-1,海马牌,江淮牌,364548000000000000 ,366861000000000000 ,198712,196712,17,1,3,工作日,晚高峰(17-19点),2015-03-31,2015年3月31日,多云 /多云,28℃ / 19℃,南风 ≤3级 /南风 ≤3级,多云,多云,28,19,南风,≤3级,南风,≤3级,day
2015-02-05 03:00:00,梅家桥,7、未按规定让行的 ,负全部责任,不负责任,1,贵ANC381,银,1,贵A2301Y,黑,贵州现代驾驶培训责任有限公司,省驾校,2010/7/29 0:00,2005/1/10 0:00,思威牌,朗逸牌,355764000000000000 ,366347000000000000 ,199101,197802,3,3,2,工作日,非高峰,2015-02-05,2015年2月5日,阴 /阴,3℃ / 0℃,东北风 ≤3级 /东北风 ≤3级,阴,阴,3,0,东北风,≤3级,东北风,≤3级,night
2015-04-12 09:00:00,乌当,1、追尾的,负全部责任,不负责任,1,贵AMX435,银,1,贵C77149,银,（南明区）现代驾驶培训有限公司,湄潭县江南驾校,2007/6/12 0:00,-1,波罗牌,飞度,364557000000000000 ,366546000000000000 ,198508,198808,9,6,4,周末,早高峰(7-9点),2015-04-12,2015年4月12日,晴 /多云,21℃ / 7℃,东风 ≤3级 /东风 ≤3级,晴,多云,21,7,东风,≤3级,东风,≤3级,day
2015-04-27 02:30:00,阳关水乡,8、依法应负全责的其他情形,负全部责任,不负责任,1,贵A923F2,白色,1,贵A11V43,白色,贵州平安驾驶培训学校,自培,2011/7/18 0:00,2011/10/24 0:00,长安牌,东风日产牌,364557000000000000 ,366664000000000000 ,198909,199211,2,0,4,工作日,非高峰,2015-04-27,2015年4月27日,阴 /雷阵雨,21℃ / 14℃,东南风 ≤3级 /东北风 ≤3级,阴,雷阵雨,21,14,东南风,≤3级,东北风,≤3级,night
2015-03-11 07:50:00,新添寨,7、未按规定让行的 ,负全部责任,不负责任,1,贵AYY746,红,1,贵A1447U,白,贵州平安驾驶培训学校,自培,2013/7/4 0:00,2006/6/16 0:00,福克斯牌,丰田牌,354654000000000000 ,366361000000000000 ,197004,197710,7,2,3,工作日,早高峰(7-9点),2015-03-11,2015年3月11日,阴 /小雨,8℃ / 4℃,东北风 ≤3级 /东北风 ≤3级,阴,小雨,8,4,东北风,≤3级,东北风,≤3级,day
2015-04-11 21:10:00,金阳,9、不符合前8款规定或者双方同时具有上述情形的,负同等责任,负同等责任,1,贵A76G72,白,1,贵A9177W,银,（南明区）现代驾驶培训有限公司,吉源驾校,2011/4/8 0:00,2014/3/3 0:00,奥迪牌,五菱牌,366575000000000000 ,36454751854556045X,198611,197101,21,5,4,工作日,非高峰,2015-04-11,2015年4月11日,多云 /多云,15℃ / 9℃,东北风 ≤3级 /东风 ≤3级,多云,多云,15,9,东北风,≤3级,东风,≤3级,night
2015-05-16 01:40:00,后坝,1、追尾的,负全部责任,不负责任,0,贵A9531H,红,1,贵A92X39,蓝,贵州现代驾驶培训责任有限公司,-1,2011/5/11 0:00,-1,五菱牌,江铃牌,366067000000000000 ,366064000000000000 ,197605,196511,1,5,5,工作日,非高峰,2015-05-16,2015年5月16日,阴 /雷阵雨,23℃ / 17℃,东北风 ≤3级 /东风 ≤3级,阴,雷阵雨,23,17,东北风,≤3级,东风,≤3级,night
2015-05-11 07:50:00,西二环,9、不符合前8款规定或者双方同时具有上述情形的,负同等责任,负同等责任,0,贵A9531H,红,1,贵JEE979,白,贵州现代驾驶培训责任有限公司,贵州现代驾驶培训责任有限公司,2011/5/11 0:00,2011/4/25 0:00,五菱牌,-1,366067000000000000 ,366362000000000000 ,197605,197507,7,0,5,工作日,早高峰(7-9点),2015-05-11,2015年5月11日,多云 /多云,24℃ / 13℃,东北风 ≤3级 /东北风 ≤3级,多云,多云,24,13,东北风,≤3级,东北风,≤3级,day
2015-05-25 18:00:00,黄河路,7、未按规定让行的 ,负全部责任,不负责任,1,贵A1757P,白色,1,渝FG1425,白色,黔丰驾校,自培,2014/5/4 0:00,2007/8/27 0:00,广汽菲亚特牌,-1,364556000000000000 ,344671000000000000 ,199406,198706,18,0,5,工作日,晚高峰(17-19点),2015-05-25,2015年5月25日,多云 /阵雨,26℃ / 19℃,东南风 ≤3级 /东南风 ≤3级,多云,阵雨,26,19,东南风,≤3级,东南风,≤3级,day
2015-05-18 17:00:00,贵惠大道,3、倒车的,负全部责任,不负责任,1,贵FZ8390,白色,1,云D4387D,白色,贵州现代驾驶培训责任有限公司,-1,2014/9/4 0:00,-1,-1,-1,366046000000000000 ,376664000000000000 ,198611,197703,17,0,5,工作日,晚高峰(17-19点),2015-05-18,2015年5月18日,多云 /多云,25℃ / 18℃,东北风 ≤3级 /东北风 ≤3级,多云,多云,25,18,东北风,≤3级,东北风,≤3级,day
2015-05-30 11:10:00,百花大道,7、未按规定让行的 ,负全部责任,不负责任,1,贵AOS688,白,1,贵AX3111,黑,现代驾校（南明区）,预约考试窗口,2015/4/22 0:00,2007/2/1 0:00,-1,银钢牌,366064000000000000 ,4555520000000000 ,196707,198808,11,5,5,工作日,非高峰,2015-05-30,2015年5月30日,阵雨 /阵雨,23℃ / 17℃,东北风 ≤3级 /东风 ≤3级,阵雨,阵雨,23,17,东北风,≤3级,东风,≤3级,day
2015-05-26 10:00:00,北京西路,9、不符合前8款规定或者双方同时具有上述情形的,负同等责任,负同等责任,1,贵GQ7141,白,1,贵A8Q343,红,贵州现代驾驶培训责任有限公司,十一驾驶培训有限公司,2014/12/17 0:00,2011/1/4 0:00,-1,-1,366370000000000000 ,355470000000000000 ,199503,199110,10,1,5,工作日,非高峰,2015-05-26,2015年5月26日,阵雨 /雷阵雨,26℃ / 20℃,东南风 ≤3级 /东北风 ≤3级,阵雨,雷阵雨,26,20,东南风,≤3级,东北风,≤3级,day
2015-02-12 18:40:00,西南环线,7、未按规定让行的 ,负全部责任,不负责任,1,贵A8BX12,白色,1,贵A2BC94,白色,贵州现代驾驶培训责任有限公司,贵大驾校,2014/12/17 0:00,2014/4/15 0:00,奥迪牌,长安牌,366269000000000000 ,364556000000000000 ,197904,199302,18,3,2,工作日,晚高峰(17-19点),2015-02-12,2015年2月12日,多云 /多云,15℃ / 5℃,南风 ≤3级 /南风 ≤3级,多云,多云,15,5,南风,≤3级,南风,≤3级,day
2015-05-03 08:53:00,小碧乡,7、未按规定让行的 ,负全部责任,不负责任,1,贵AKL186,白色,1,贵A6177T,白色,（南明区）现代驾驶培训有限公司,自培,2015/2/16 0:00,2005/1/5 0:00,东风雪铁龙牌,五菱牌,36455551965463656X,366875000000000000 ,198210,198208,8,6,5,周末,早高峰(7-9点),2015-05-03,2015年5月3日,阵雨 /阵雨,25℃ / 15℃,东北风 ≤3级 /东北风 ≤3级,阵雨,阵雨,25,15,东北风,≤3级,东北风,≤3级,day
2015-03-08 13:00:00,金阳会展城,7、未按规定让行的 ,负全部责任,不负责任,1,贵A19R95,蓝,1,贵AEP919,白,贵州现代驾驶培训责任有限公司,520101,2011/6/29 0:00,2008/9/8 0:00,大众汽车牌,迈腾牌,364557000000000000 ,364556000000000000 ,198603,197105,13,6,3,周末,非高峰,2015-03-08,2015年3月8日,小雨 /阴,11℃ / 6℃,东北风 ≤3级 /东北风 ≤3级,小雨,阴,11,6,东北风,≤3级,东北风,≤3级,day
2015-03-29 12:00:00,东站,8、依法应负全责的其他情形,负全部责任,不负责任,1,贵JBU155,白色,1,云A57A47,白色,（南明区）现代驾驶培训有限公司,自培,2006/8/4 0:00,2002/12/8 0:00,吉利全球鹰牌,凯尊,355468000000000000 ,36454651804363605X,198310,197405,12,6,3,周末,非高峰,2015-03-29,2015年3月29日,阴 /多云,18℃ / 15℃,东风 ≤3级 /南风 ≤3级,阴,多云,18,15,东风,≤3级,南风,≤3级,day
2015-05-04 14:38:00,肿瘤医院,3、倒车的,负全部责任,不负责任,1,贵A67M26,白色,1,贵AWS244,白色,贵州现代驾驶培训责任有限公司,（云岩区）时发驾驶培训有限公司,2014/9/15 0:00,1993/3/11 0:00,起亚牌,-1,74195500000000000 ,364547000000000000 ,198310,197403,14,0,5,工作日,非高峰,2015-05-04,2015年5月4日,阵雨 /阵雨,20℃ / 14℃,东北风 ≤3级 /东北风 ≤3级,阵雨,阵雨,20,14,东北风,≤3级,东北风,≤3级,day
2015-05-08 08:27:00,花溪大道,1、追尾的,负全部责任,不负责任,1,贵A8440N,白色,1,贵AUA786,白色,（花溪区）金马驾驶培训有限公司,-1,2006/1/19 0:00,-1,五菱牌,奇瑞牌,364556000000000000 ,36455551894565X,196708,197801,8,4,5,工作日,早高峰(7-9点),2015-05-08,2015年5月8日,阵雨 /多云,25℃ / 15℃,东南风 ≤3级 /东北风 ≤3级,阵雨,多云,25,15,东南风,≤3级,东北风,≤3级,day
2015-04-16 14:00:00,金竹镇,7、未按规定让行的 ,负全部责任,不负责任,1,贵BYB088,白色,1,贵AMA562,白色,贵州现代驾驶培训责任有限公司,自培,2011/8/8 0:00,2004/11/24 11:02,-1,北京现代牌,366046000000000000 ,366577000000000000 ,197610,198506,14,3,4,工作日,非高峰,2015-04-16,2015年4月16日,多云 /多云,29℃ / 17℃,南风 ≤3级 /南风 ≤3级,多云,多云,29,17,南风,≤3级,南风,≤3级,day
2015-04-19 09:10:00,花溪大道,1、追尾的,负全部责任,不负责任,1,贵ANB183,白色,1,贵A18W53,白色,（花溪区）金马驾驶培训有限公司,520101,2006/5/31 0:00,2008/5/6 0:00,北京现代牌,奥迪牌,364596000000000000 ,364556000000000000 ,198607,197512,9,6,4,周末,早高峰(7-9点),2015-04-19,2015年4月19日,阵雨 /阵雨,22℃ / 13℃,东北风 ≤3级 /东北风 ≤3级,阵雨,阵雨,22,13,东北风,≤3级,东北风,≤3级,day
2015-05-15 20:36:00,花果园,3、倒车的,负全部责任,不负责任,0,贵AX2381,黑,1,贵A8CE07,黑,（南明区）吉源驾驶培训有限公司,自培,2006/8/15 0:00,1997/6/16 0:00,途锐,夏利牌,364547000000000000 ,355468000000000000 ,198206,196312,20,4,5,工作日,非高峰,2015-05-15,2015年5月15日,阵雨 /阵雨,25℃ / 16℃,东北风 ≤3级 /东北风 ≤3级,阵雨,阵雨,25,16,东北风,≤3级,东北风,≤3级,night
2015-04-10 10:40:00,世纪城,3、倒车的,负全部责任,不负责任,1,贵JAB111,黑,1,贵A44477,黑,（南明区）吉源驾驶培训有限公司,520133,2005/7/14 0:00,2010/12/3 0:00,辉腾,方园,366875000000000000 ,364548000000000000 ,197410,198609,10,4,4,工作日,非高峰,2015-04-10,2015年4月10日,小雨 /小雨,12℃ / 8℃,东北风 ≤3级 /东北风 ≤3级,小雨,小雨,12,8,东北风,≤3级,东北风,≤3级,day
2015-04-10 10:40:00,黔林山路,3、倒车的,负全部责任,不负责任,1,贵JAB111,黑,1,贵A44477,白,（南明区）吉源驾驶培训有限公司,520133,2005/7/14 0:00,2010/12/3 0:00,辉腾,宝马,366875000000000000 ,364548000000000000 ,197410,198609,10,4,4,工作日,非高峰,2015-04-10,2015年4月10日,小雨 /小雨,12℃ / 8℃,东北风 ≤3级 /东北风 ≤3级,小雨,小雨,12,8,东北风,≤3级,东北风,≤3级,day
2015-05-03 16:30:00,二铺汽配城,7、未按规定让行的 ,负全部责任,不负责任,1,贵FS4627,白,1,贵F76494,黄,贵阳金马驾驶培训有限公司,-1,2014/11/3 0:00,-1,-1,-1,366068000000000000 ,366577000000000000 ,197401,199103,16,6,5,周末,非高峰,2015-05-03,2015年5月3日,阵雨 /阵雨,25℃ / 15℃,东北风 ≤3级 /东北风 ≤3级,阵雨,阵雨,25,15,东北风,≤3级,东北风,≤3级,day
2015-04-30 20:30:00,三桥,3、倒车的,负全部责任,不负责任,1,贵A74742,黄,1,贵A4CB66,白,贵阳金马驾驶培训有限公司,520114,2012/5/14 0:00,2008/9/26 0:00,众星,大众汽车牌,36606351964850605X,364547000000000000 ,198207,198808,20,3,4,工作日,非高峰,2015-04-30,2015年4月30日,阵雨 /阵雨,25℃ / 17℃,东南风 ≤3级 /东南风 ≤3级,阵雨,阵雨,25,17,东南风,≤3级,东南风,≤3级,night
2015-04-08 08:10:00,八匹马,7、未按规定让行的 ,负全部责任,不负责任,1,贵AL3817,黑,1,贵A1G083,黑,（南明区）吉源驾驶培训有限公司,-1,2005/6/2 0:00,-1,丰田牌,哈弗牌,364548000000000000 ,364557000000000000 ,195506,197510,8,2,4,工作日,早高峰(7-9点),2015-04-08,2015年4月8日,小雨 /小雨,10℃ / 6℃,东北风 ≤3级 /东北风 ≤3级,小雨,小雨,10,6,东北风,≤3级,东北风,≤3级,day
2015-05-12 15:00:00,西二环,1、追尾的,负全部责任,不负责任,1,贵GM9363,白色,1,贵FN3282,白色,（南明区）吉源驾驶培训有限公司,鑫鑫驾校,2006/11/20 0:00,2012/12/28 0:00,-1,-1,366347000000000000 ,366067000000000000 ,197710,198501,15,1,5,工作日,非高峰,2015-05-12,2015年5月12日,阴 /雷阵雨,24℃ / 13℃,南风 ≤3级 /南风 ≤3级,阴,雷阵雨,24,13,南风,≤3级,南风,≤3级,day
2015-03-02 14:10:00,三桥,1、追尾的,负全部责任,不负责任,1,贵A27Y91,黑,1,贵FN9191,白,（南明区）吉源驾驶培训有限公司,消防驾校,2009/1/19 0:00,2012/2/7 0:00,雪佛兰牌,宝骏牌,364568000000000000 ,366068000000000000 ,198711,198603,14,0,3,工作日,非高峰,2015-03-02,2015年3月2日,阴 /小雨,9℃ / 2℃,东北风 ≤3级 /东北风 ≤3级,阴,小雨,9,2,东北风,≤3级,东北风,≤3级,day
2015-02-26 08:20:00,贵惠大道,7、未按规定让行的 ,负全部责任,不负责任,1,贵FV0844,白色,1,贵A6949L,白色,（南明区）吉源驾驶培训有限公司,新华驾校,2006/1/6 0:00,2011/10/26 0:00,奥迪牌,瑞麒牌,364558000000000000 ,364551000000000000 ,198310,199202,8,3,2,工作日,早高峰(7-9点),2015-02-26,2015年2月26日,阴 /小雨,12℃ / 9℃,东风 ≤3级 /南风 ≤3级,阴,小雨,12,9,东风,≤3级,南风,≤3级,day
2015-03-03 09:30:00,北二环,7、未按规定让行的 ,负全部责任,不负责任,1,贵A67862,银,1,贵AW6952,黄,（南明区）吉源驾驶培训有限公司,-1,2006/9/26 0:00,-1,东风,雷克萨斯,364566000000000000 ,364568000000000000 ,198606,198901,9,1,3,工作日,早高峰(7-9点),2015-03-03,2015年3月3日,小雨 /小雨,8℃ / 3℃,东北风 ≤3级 /东北风 ≤3级,小雨,小雨,8,3,东北风,≤3级,东北风,≤3级,day
2015-05-11 07:48:00,云环路,9、不符合前8款规定或者双方同时具有上述情形的,负全部责任,不负责任,1,贵ATL333,黑,1,贵ALZ039,红,文通驾校,省交校,2010/12/22 0:00,2012/2/13 0:00,雪佛兰牌,夏利牌,366361000000000000 ,364558000000000000 ,198202,199112,7,0,5,工作日,早高峰(7-9点),2015-05-11,2015年5月11日,多云 /多云,24℃ / 13℃,东北风 ≤3级 /东北风 ≤3级,多云,多云,24,13,东北风,≤3级,东北风,≤3级,day
2015-04-07 17:28:00,大凹,8、依法应负全责的其他情形,负全部责任,不负责任,1,贵AMX398,白,1,贵A439F4,白,文通驾校,-1,2012/4/14 0:00,-1,美亚牌,江淮牌,364596000000000000 ,07436751905465205X,198902,198410,17,1,4,工作日,晚高峰(17-19点),2015-04-07,2015年4月7日,小雨 /小雨,9℃ / 5℃,东北风 ≤3级 /东北风 ≤3级,小雨,小雨,9,5,东北风,≤3级,东北风,≤3级,day
2015-04-23 07:03:00,王家桥,7、未按规定让行的 ,负全部责任,不负责任,1,贵JBT226,白,1,贵AFN509,黄,文通驾校,520116,2011/10/30 0:00,2009/5/4 0:00,翼搏牌,长城牌,364548000000000000 ,364548000000000000 ,197008,197710,7,3,4,工作日,早高峰(7-9点),2015-04-23,2015年4月23日,阴 /小雨,16℃ / 10℃,东北风 ≤3级 /东北风 ≤3级,阴,小雨,16,10,东北风,≤3级,东北风,≤3级,day
2015-03-15 15:22:00,军区,7、未按规定让行的 ,负全部责任,不负责任,1,贵A5AY06,黑色,1,贵A95685,白色,文通驾校,-1,2011/10/18 0:00,-1,福克斯牌,豪泺牌,364547000000000000 ,366069000000000000 ,198801,198806,15,6,3,周末,非高峰,2015-03-15,2015年3月15日,阴 /阴,18℃ / 13℃,东风 ≤3级 /南风 ≤3级,阴,阴,18,13,东风,≤3级,南风,≤3级,day
2015-02-28 17:50:00,贵筑路,7、未按规定让行的 ,负全部责任,不负责任,1,贵A7287H,白,1,贵CFF992,黑,文通驾校,-1,2012/3/22 0:00,-1,五菱牌,蒙迪欧,364596000000000000 ,36656751284147645X,199202,196709,17,5,2,工作日,晚高峰(17-19点),2015-02-28,2015年2月28日,小雨 /小雨,8℃ / 4℃,东北风 ≤3级 /东北风 ≤3级,小雨,小雨,8,4,东北风,≤3级,东北风,≤3级,day
2015-04-10 12:03:00,太慈桥 ,1、追尾的,负全部责任,不负责任,1,贵AAH757,黑,1,贵GP9558,黑,文通驾校,-1,2011/5/9 0:00,-1,豪爵牌,丰田牌,366347000000000000 ,366363000000000 ,199002,740823,12,4,4,工作日,非高峰,2015-04-10,2015年4月10日,小雨 /小雨,12℃ / 8℃,东北风 ≤3级 /东北风 ≤3级,小雨,小雨,12,8,东北风,≤3级,东北风,≤3级,day
2015-05-02 03:00:00,西南环线,1、追尾的,负全部责任,不负责任,1,贵A8944L,白色,1,贵ACG177,白色,吉源驾校,-1,2013/9/17 0:00,-1,北京牌,中华牌,364556000000000000 ,75567500000000000 ,194811,198401,3,5,5,工作日,非高峰,2015-05-02,2015年5月2日,多云 /阵雨,26℃ / 16℃,东北风 ≤3级 /东风 ≤3级,多云,阵雨,26,16,东北风,≤3级,东风,≤3级,night
2015-05-12 07:00:00,乌当区阿栗小街,7、未按规定让行的 ,负全部责任,不负责任,1,贵FS7470,白色,1,贵A720H9,白色,吉源驾校,-1,2014/4/4 0:00,-1,-1,-1,366064000000000000 ,366068000000000000 ,197512,197111,7,1,5,工作日,早高峰(7-9点),2015-05-12,2015年5月12日,阴 /雷阵雨,24℃ / 13℃,南风 ≤3级 /南风 ≤3级,阴,雷阵雨,24,13,南风,≤3级,南风,≤3级,day
2015-05-04 10:00:00,金顶山,8、依法应负全责的其他情形,负全部责任,不负责任,1,贵A440J1,红,1,贵A4541S,红,吉源驾校,贵大佳德驾驶培训学校,2014/4/2 0:00,2013/2/21 0:00,江淮牌,长安牌,366346000000000000 ,364548000000000000 ,196506,196503,10,0,5,工作日,非高峰,2015-05-04,2015年5月4日,阵雨 /阵雨,20℃ / 14℃,东北风 ≤3级 /东北风 ≤3级,阵雨,阵雨,20,14,东北风,≤3级,东北风,≤3级,day