accidenttime,accidentaddr,driver1fault,driver1responsibility,driver2responsibility,sex1,platenumber1,carcolor1,sex2,platenumber2,carcolor2,jxmc1,jxmc2,cclzrq1,cclzrq2,clpp1,clpp2,driver1license,driver2license,brith1,brith2,hour,weekday,month,is_weekday,peak_hour,date,日期,天气状况,气温,风力风向,day_wea,night_wea,day_tep,night_tep,day_wind_direction,day_wind_speed,night_wind_direction,night_wind_speed,segment
2015-05-25 17:00:00,小河平桥,1、追尾的,负全部责任,不负责任,1,贵AJE102,白色,1,贵ABY841,白色,吉源驾校,520130,2014/5/5 0:00,2009/6/10 0:00,五菱牌,长安牌,364556000000000000 ,354366000000000000 ,199505,197203,17,0,5,工作日,晚高峰(17-19点),2015-05-25,2015年5月25日,多云 /阵雨,26℃ / 19℃,东南风 ≤3级 /东南风 ≤3级,多云,阵雨,26,19,东南风,≤3级,东南风,≤3级,day
2015-05-27 16:00:00,小碧加油站,3、倒车的,负全部责任,不负责任,1,贵A2EB38,白色,1,贵AB218S,白色,吉源驾校,消防驾校,2014/1/24 0:00,2013/5/7 0:00,英菲尼迪牌,长安牌,366068000000000000 ,55746500000000000 ,199106,199012,16,2,5,工作日,非高峰,2015-05-27,2015年5月27日,阴 /阵雨,26℃ / 20℃,南风 ≤3级 /东北风 ≤3级,阴,阵雨,26,20,南风,≤3级,东北风,≤3级,day
2015-04-06 17:00:00,白云区,1、追尾的,负全部责任,不负责任,1,贵JN9967,白色,1,贵A6544L,白色,文通驾校,自培,2011/5/11 0:00,2004/8/12 0:00,科雷傲,五菱牌,354366000000000000 ,366068000000000000 ,197311,198211,17,0,4,工作日,晚高峰(17-19点),2015-04-06,2015年4月6日,阵雨 /阵雨,17℃ / 7℃,东北风 ≤3级 /东北风 ≤3级,阵雨,阵雨,17,7,东北风,≤3级,东北风,≤3级,day
2015-03-16 09:50:00,苗圃一号,1、追尾的,负全部责任,不负责任,1,贵AP4063,白色,1,贵AM6153,白色,吉源驾校,-1,2013/8/14 0:00,-1,东风牌,轰轰烈牌,36455551174668775X,366876000000000000 ,199302,199502,9,0,3,工作日,早高峰(7-9点),2015-03-16,2015年3月16日,阴 /多云,20℃ / 15℃,南风 ≤3级 /南风 ≤3级,阴,多云,20,15,南风,≤3级,南风,≤3级,day
2015-05-12 11:00:00,金苏大道,7、未按规定让行的 ,负全部责任,不负责任,1,贵A7F43F,黑,1,贵A88518,黑,文通驾校,-1,2012/11/18 0:00,-1,-1,陕汽牌,357967000000000000 ,364558000000000 ,199011,811219,11,1,5,工作日,非高峰,2015-05-12,2015年5月12日,阴 /雷阵雨,24℃ / 13℃,南风 ≤3级 /南风 ≤3级,阴,雷阵雨,24,13,南风,≤3级,南风,≤3级,day
2015-02-05 09:10:00,观山湖,7、未按规定让行的 ,负全部责任,不负责任,1,贵FP5785,蓝,0,贵A3617X,黑,吉源驾校,贵大佳德驾驶培训学校,2014/11/28 0:00,2013/5/20 0:00,五菱牌,哈飞牌,366067000000000000 ,366063000000000000 ,196801,198810,9,3,2,工作日,早高峰(7-9点),2015-02-05,2015年2月5日,阴 /阴,3℃ / 0℃,东北风 ≤3级 /东北风 ≤3级,阴,阴,3,0,东北风,≤3级,东北风,≤3级,day
2015-03-17 19:00:00,甘荫塘,7、未按规定让行的 ,负全部责任,不负责任,1,贵A8618A,白色,1,贵ACW433,白色,吉源驾校,顺一驾驶培训学校,2014/4/28 0:00,2013/9/29 0:00,五菱牌,东风日产牌,355267000000000000 ,366068000000000000 ,199508,197708,19,1,3,工作日,晚高峰(17-19点),2015-03-17,2015年3月17日,多云 /多云,25℃ / 14℃,南风 ≤3级 /南风 ≤3级,多云,多云,25,14,南风,≤3级,南风,≤3级,day
2015-05-09 12:30:00,金关,3、倒车的,负全部责任,不负责任,1,贵FAF344,白,1,贵BT1503,黑,吉源驾校,-1,2014/9/10 0:00,-1,-1,-1,366067000000000000 ,364666000000000000 ,198506,196908,12,5,5,工作日,非高峰,2015-05-09,2015年5月9日,阵雨 /阵雨,23℃ / 16℃,东北风 ≤3级 /东南风 ≤3级,阵雨,阵雨,23,16,东北风,≤3级,东南风,≤3级,day
2015-04-22 10:10:00,野鸭塘,8、依法应负全责的其他情形,负全部责任,不负责任,1,贵A991G6,蓝,1,贵AU5898,银,吉源驾校,铁二局驾校,2014/7/30 0:00,2005/6/22 0:00,五菱牌,豪爵牌,364596000000000000 ,364547000000000000 ,199003,197106,10,2,4,工作日,非高峰,2015-04-22,2015年4月22日,小雨 /小雨,15℃ / 10℃,东北风 ≤3级 /东北风 ≤3级,小雨,小雨,15,10,东北风,≤3级,东北风,≤3级,day
2015-04-16 18:00:00,渔安,3、倒车的,负全部责任,不负责任,1,贵A97R91,白,1,贵AN7936,红,吉源驾校,自培,2014/8/1 0:00,2012/10/15 0:00,别克牌,双庆牌,364566000000000000 ,364548000000000000 ,199005,199108,18,3,4,工作日,晚高峰(17-19点),2015-04-16,2015年4月16日,多云 /多云,29℃ / 17℃,南风 ≤3级 /南风 ≤3级,多云,多云,29,17,南风,≤3级,南风,≤3级,day
2015-05-04 21:00:00,清溪路,1、追尾的,负全部责任,不负责任,1,贵A5835T,白色,1,贵AHY841,白色,吉源驾校,自培,2013/7/25 0:00,2007/10/24 0:00,吉利牌,飞度牌,364556000000000000 ,364556000000000000 ,199503,198603,21,0,5,工作日,非高峰,2015-05-04,2015年5月4日,阵雨 /阵雨,20℃ / 14℃,东北风 ≤3级 /东北风 ≤3级,阵雨,阵雨,20,14,东北风,≤3级,东北风,≤3级,night
2015-04-02 18:00:00,三江口,7、未按规定让行的 ,负全部责任,不负责任,1,贵CNZ149,白色,1,贵AU0435,白色,（南明区）吉源驾驶培训有限公司,-1,2015/2/15 0:00,-1,大众汽车牌,豪江牌,366567000000000000 ,364546000000000 ,199001,660422,18,3,4,工作日,晚高峰(17-19点),2015-04-02,2015年4月2日,多云 /多云,30℃ / 18℃,南风 ≤3级 /南风 ≤3级,多云,多云,30,18,南风,≤3级,南风,≤3级,day
2015-04-03 10:30:00,花溪,3、倒车的,负全部责任,不负责任,1,贵GR2966,白色,1,贵JS3947,黑色,吉源驾校,地区驾校赫章分校,2015/2/4 0:00,-1,雪佛兰牌,江淮牌,366267000000000000 ,366070000000000000 ,198201,198302,10,4,4,工作日,非高峰,2015-04-03,2015年4月3日,多云 /多云,30℃ / 19℃,南风 ≤3级 /南风 ≤3级,多云,多云,30,19,南风,≤3级,南风,≤3级,day
2015-05-23 15:00:00,南二环,7、未按规定让行的 ,负全部责任,不负责任,1,贵JCK879,白色,1,桂MB7973,白色,（南明区）吉源驾驶培训有限公司,-1,2005/2/3 0:00,-1,-1,-1,366064000000000000 ,36845500000000000 ,196207,198411,15,5,5,工作日,非高峰,2015-05-23,2015年5月23日,阵雨 /阴,19℃ / 14℃,东北风 ≤3级 /东北风 ≤3级,阵雨,阴,19,14,东北风,≤3级,东北风,≤3级,day
2015-03-20 08:30:00,小石城,8、依法应负全责的其他情形,负全部责任,不负责任,1,贵AFU8203,黄,1,贵CFS266,银,（南明区）吉源驾驶培训有限公司,全林驾校,2010/1/18 0:00,2013/9/22 0:00,-1,长城牌,364548000000000000 ,364548000000000000 ,196906,199209,8,4,3,工作日,早高峰(7-9点),2015-03-20,2015年3月20日,阴 /阵雨,14℃ / 10℃,东北风 ≤3级 /东北风 ≤3级,阴,阵雨,14,10,东北风,≤3级,东北风,≤3级,day
2015-05-23 15:23:00,渔安新城,3、倒车的,负全部责任,不负责任,1,贵APR681,白,1,贵AC182F,黑,文通驾校,全林驾校,2012/2/20 0:00,2011/9/29 0:00,长城牌,哈弗牌,364548000000000000 ,364557000000000000 ,197311,199207,15,5,5,工作日,非高峰,2015-05-23,2015年5月23日,阵雨 /阴,19℃ / 14℃,东北风 ≤3级 /东北风 ≤3级,阵雨,阴,19,14,东北风,≤3级,东北风,≤3级,day
2015-04-03 22:10:00,延安东路,9、不符合前8款规定或者双方同时具有上述情形的,负同等责任,负同等责任,1,贵A3BL08,白,1,贵A23E86,银,文通驾校,文通驾校,2012/9/17 0:00,1994/1/10 0:00,缤智牌,锋范牌,366570000000000000 ,364548000000000000 ,198009,196101,22,4,4,工作日,非高峰,2015-04-03,2015年4月3日,多云 /多云,30℃ / 19℃,南风 ≤3级 /南风 ≤3级,多云,多云,30,19,南风,≤3级,南风,≤3级,night
2015-04-19 18:30:00,小河区,1、追尾的,负全部责任,不负责任,1,贵ACL424,白色,1,贵A16P54,白色,吉源驾校,顺一驾驶培训学校,2014/3/13 0:00,2012/8/23 0:00,梅赛德斯-奔驰牌,别克牌,36656851915667043X,734544000000000000 ,198912,197801,18,6,4,周末,晚高峰(17-19点),2015-04-19,2015年4月19日,阵雨 /阵雨,22℃ / 13℃,东北风 ≤3级 /东北风 ≤3级,阵雨,阵雨,22,13,东北风,≤3级,东北风,≤3级,day
2015-05-03 14:00:00,金阳,7、未按规定让行的 ,负全部责任,不负责任,1,贵AB575L,红,1,贵A29D45,白,文通驾校,520114,2012/9/22 0:00,2008/5/8 0:00,大众牌,-1,364557000000000000 ,57464751874375067X,197405,197305,14,6,5,周末,非高峰,2015-05-03,2015年5月3日,阵雨 /阵雨,25℃ / 15℃,东北风 ≤3级 /东北风 ≤3级,阵雨,阵雨,25,15,东北风,≤3级,东北风,≤3级,day
2015-03-03 16:10:00,金阳医院,4、停车时未挂低速档、未拉驻车制动，导致车辆滑行的,负全部责任,不负责任,1,桂9X669,白,1,贵AA193M,白,吉源驾校,凯信驾校,2013/3/22 0:00,2015/1/5 0:00,\N,豪情牌,724561000000000000 ,364557000000000000 ,199312,199102,16,1,3,工作日,非高峰,2015-03-03,2015年3月3日,小雨 /小雨,8℃ / 3℃,东北风 ≤3级 /东北风 ≤3级,小雨,小雨,8,3,东北风,≤3级,东北风,≤3级,day
2015-05-16 09:30:00,云环路,1、追尾的,负全部责任,不负责任,1,贵AA196B,红,1,贵CFV716,黑,吉源驾校,消防驾校,2014/5/8 0:00,2010/8/27 0:00,五菱牌,-1,364568000000000000 ,364568000000000000 ,199510,198610,9,5,5,工作日,早高峰(7-9点),2015-05-16,2015年5月16日,阴 /雷阵雨,23℃ / 17℃,东北风 ≤3级 /东风 ≤3级,阴,雷阵雨,23,17,东北风,≤3级,东风,≤3级,day
2015-05-29 18:00:00,枣山路,7、未按规定让行的 ,负全部责任,不负责任,1,渝C9F956,红,1,贵AU8397,绿,吉源驾校,黔西县宏远黔职驾校,2013/9/16 0:00,2009/7/14 0:00,-1,瑞麒牌,354677000000000000 ,366368000000000000 ,196909,198301,18,4,5,工作日,晚高峰(17-19点),2015-05-29,2015年5月29日,阵雨 /阵雨,24℃ / 17℃,东南风 ≤3级 /东北风 ≤3级,阵雨,阵雨,24,17,东南风,≤3级,东北风,≤3级,day
2015-04-15 09:00:00,三桥,7、未按规定让行的 ,负全部责任,不负责任,1,贵FBB912,黄,1,云KF4839,银,吉源驾校,-1,2014/5/26 0:00,-1,金旅牌,五菱牌,364557000000000000 ,74062500000000000 ,199407,197103,9,2,4,工作日,早高峰(7-9点),2015-04-15,2015年4月15日,多云 /多云,24℃ / 16℃,东南风 ≤3级 /南风 ≤3级,多云,多云,24,16,东南风,≤3级,南风,≤3级,day
2015-04-09 06:30:00,闽达厂停车场,7、未按规定让行的 ,负全部责任,不负责任,1,贵A91J77,白色,1,贵A6AC52,白色,吉源驾校,-1,2013/3/22 0:00,-1,夏利牌,东风日产牌,364547000000000000 ,36454700000000000 ,197502,197907,6,3,4,工作日,非高峰,2015-04-09,2015年4月9日,阴 /小雨,11℃ / 7℃,东北风 ≤3级 /东北风 ≤3级,阴,小雨,11,7,东北风,≤3级,东北风,≤3级,day
2015-04-10 14:10:00,公园路,7、未按规定让行的 ,负全部责任,不负责任,1,贵A58L29,黑,1,湘H5ZH72,黄,自培,-1,2012/9/22 0:00,-1,长安牌,广汽菲亚特牌,364548000000000000 ,74147500000000000 ,199404,198610,14,4,4,工作日,非高峰,2015-04-10,2015年4月10日,小雨 /小雨,12℃ / 8℃,东北风 ≤3级 /东北风 ≤3级,小雨,小雨,12,8,东北风,≤3级,东北风,≤3级,day
2015-02-27 03:45:00,电建一公司,1、追尾的,负全部责任,不负责任,1,贵ALF502,白色,1,贵A8AS85,白色,吉源驾校,-1,2014/9/1 0:00,-1,长城牌,福克斯牌,364666000000000000 ,36547500000000000 ,198301,987102,3,4,2,工作日,非高峰,2015-02-27,2015年2月27日,多云 /阵雨,21℃ / 5℃,南风 ≤3级 /南风 ≤3级,多云,阵雨,21,5,南风,≤3级,南风,≤3级,night
2015-02-14 15:30:00,石板水果批发市场出口,7、未按规定让行的 ,负全部责任,不负责任,1,贵A6037A,白色,1,贵AL1C64,黑色,吉源驾校,自培,2015/1/20 0:00,2005/2/5 0:00,吉利美日牌,-1,364551000000000000 ,364551000000000000 ,199010,198106,15,5,2,工作日,非高峰,2015-02-14,2015年2月14日,阵雨 /雷阵雨,16℃ / 10℃,南风 ≤3级 /南风 ≤3级,阵雨,雷阵雨,16,10,南风,≤3级,南风,≤3级,day
2015-03-13 08:12:00,五里冲,7、未按规定让行的 ,负全部责任,不负责任,1,贵GS8657,黑,1,贵A31G33,黑,吉源驾校,消防驾校,2014/8/27 0:00,2011/5/23 0:00,大众汽车牌,吉利牌,364548000000000000 ,36666051865651401X,199001,197212,8,4,3,工作日,早高峰(7-9点),2015-03-13,2015年3月13日,多云 /阵雨,17℃ / 12℃,南风 ≤3级 /南风 ≤3级,多云,阵雨,17,12,南风,≤3级,南风,≤3级,day
2015-05-14 16:30:00,机场,3、倒车的,负全部责任,不负责任,1,贵A6001G,白色,1,贵A0C373,白色,吉源驾校,十一培,2014/11/3 0:00,1997/11/10 0:00,解放牌,-1,364556000000000000 ,364547000000000000 ,199508,196812,16,3,5,工作日,非高峰,2015-05-14,2015年5月14日,多云 /雷阵雨,27℃ / 20℃,东南风 ≤3级 /南风 ≤3级,多云,雷阵雨,27,20,东南风,≤3级,南风,≤3级,day
2015-03-23 08:30:00,石标路,1、追尾的,负全部责任,不负责任,1,贵AU7795,绿,1,贵GX5393,白,（观山湖区）诚信驾驶培训有限公司,520116,2009/1/20 0:00,2009/3/18 0:00,豪剑牌,众泰牌,366276000000000000 ,364547000000000000 ,197508,197701,8,0,3,工作日,早高峰(7-9点),2015-03-23,2015年3月23日,多云 /阴,17℃ / 9℃,东北风 ≤3级 /东北风 ≤3级,多云,阴,17,9,东北风,≤3级,东北风,≤3级,day
2015-03-28 13:00:00,八匹马,7、未按规定让行的 ,负全部责任,不负责任,0,贵GX5138,红,0,贵A12W77,黄,诚信驾驶培训学校,蓝天驾校,2011/11/28 0:00,2010/10/26 0:00,宝马牌,思域牌,355761000000000000 ,364557000000000000 ,198102,197612,13,5,3,工作日,非高峰,2015-03-28,2015年3月28日,阵雨 /雷阵雨,17℃ / 14℃,南风 ≤3级 /南风 ≤3级,阵雨,雷阵雨,17,14,南风,≤3级,南风,≤3级,day
2015-04-15 10:10:00,延安南路,7、未按规定让行的 ,负全部责任,不负责任,1,贵CF3458,银,1,贵A7392C,银,诚信驾驶培训学校,六盘水市黔龙驾驶培训学校,2012/8/8 0:00,2007/7/31 0:00,雪佛兰牌,夏利牌,366064000000000000 ,366670000000000000 ,198410,197706,10,2,4,工作日,非高峰,2015-04-15,2015年4月15日,多云 /多云,24℃ / 16℃,东南风 ≤3级 /南风 ≤3级,多云,多云,24,16,东南风,≤3级,南风,≤3级,day
2015-05-02 12:40:00,金阳,7、未按规定让行的 ,负全部责任,不负责任,1,贵ARB908,蓝,1,贵FR5750,黑,诚信驾驶培训学校,省交校,2014/9/12 0:00,2010/11/12 0:00,飞度牌,-1,364557000000000000 ,74965500000000000 ,196407,197410,12,5,5,工作日,非高峰,2015-05-02,2015年5月2日,多云 /阵雨,26℃ / 16℃,东北风 ≤3级 /东风 ≤3级,多云,阵雨,26,16,东北风,≤3级,东风,≤3级,day
2015-04-02 19:50:00,沙冲南路,1、追尾的,负全部责任,不负责任,1,贵HAL814,白色,1,贵GY5533,白色,诚信驾驶培训学校,-1,2014/1/16 0:00,-1,东风雪铁龙牌,福克斯牌,364548000000000000 ,64568000000000 ,199003,810328,19,3,4,工作日,晚高峰(17-19点),2015-04-02,2015年4月2日,多云 /多云,30℃ / 18℃,南风 ≤3级 /南风 ≤3级,多云,多云,30,18,南风,≤3级,南风,≤3级,day
2015-05-05 22:00:00,五里冲,1、追尾的,负全部责任,不负责任,1,贵A5AN24,白色,1,贵GR4160,白色,（观山湖区）诚信驾驶培训有限公司,-1,2008/6/3 0:00,-1,北京现代牌,-1,366375000000000000 ,366367000000000000 ,197710,198403,22,1,5,工作日,非高峰,2015-05-05,2015年5月5日,阵雨 /阵雨,21℃ / 15℃,南风 ≤3级 /南风 ≤3级,阵雨,阵雨,21,15,南风,≤3级,南风,≤3级,night
2015-03-27 08:00:00,长岭南路,9、不符合前8款规定或者双方同时具有上述情形的,负同等责任,负同等责任,1,贵A2065M,红,1,贵CFN408,白,诚信驾驶培训学校,吉源驾校,2012/1/18 0:00,2014/8/13 0:00,吉利牌,名爵牌,366669000000000000 ,364547000000000000 ,197607,198310,8,4,3,工作日,早高峰(7-9点),2015-03-27,2015年3月27日,阵雨 /阵雨,18℃ / 13℃,南风 ≤3级 /南风 ≤3级,阵雨,阵雨,18,13,南风,≤3级,南风,≤3级,day
2015-04-30 09:00:00,宝福山,1、追尾的,负全部责任,不负责任,0,贵A4188Y,红,1,贵AB261W,白,诚信驾驶培训学校,文通驾校,2011/3/3 0:00,2011/4/20 0:00,马自达牌,海马牌,36656751144065045X,366568000000000000 ,199004,199101,9,3,4,工作日,早高峰(7-9点),2015-04-30,2015年4月30日,阵雨 /阵雨,25℃ / 17℃,东南风 ≤3级 /东南风 ≤3级,阵雨,阵雨,25,17,东南风,≤3级,东南风,≤3级,day
2015-03-03 09:30:00,陕西路,8、依法应负全责的其他情形,负全部责任,不负责任,1,贵A56N66,白色,1,贵A23R65,白色,诚信驾驶培训学校,-1,2013/4/3 0:00,-1,吉利牌,东风标致牌,356168000000000000 ,366846000000000000 ,195609,195710,9,1,3,工作日,早高峰(7-9点),2015-03-03,2015年3月3日,小雨 /小雨,8℃ / 3℃,东北风 ≤3级 /东北风 ≤3级,小雨,小雨,8,3,东北风,≤3级,东北风,≤3级,day
2015-04-07 18:00:00,新路口,7、未按规定让行的 ,负全部责任,不负责任,1,贵A88M63,白色,1,贵AU0765,白色,诚信驾驶培训学校,（南明区）阳光驾驶培训有限公司,2012/10/22 0:00,2008/11/14 0:00,吉利美日牌,宝来牌,366564000000000000 ,364547000000000000 ,198108,198209,18,1,4,工作日,晚高峰(17-19点),2015-04-07,2015年4月7日,小雨 /小雨,9℃ / 5℃,东北风 ≤3级 /东北风 ≤3级,小雨,小雨,9,5,东北风,≤3级,东北风,≤3级,day
2015-03-24 10:40:00,小河平桥,1、追尾的,负全部责任,不负责任,1,贵A2191E,黑色,1,贵A77Y49,灰色,顺风驾校,市警校驾校,2014/2/11 0:00,2002/8/1 0:00,豪情牌,海马牌,355266000000000000 ,366661000000000000 ,198712,196204,10,1,3,工作日,非高峰,2015-03-24,2015年3月24日,小雨 /阵雨,13℃ / 7℃,东北风 ≤3级 /东北风 ≤3级,小雨,阵雨,13,7,东北风,≤3级,东北风,≤3级,day
2015-05-20 19:00:00,五里冲,7、未按规定让行的 ,负全部责任,不负责任,1,贵A37888,白色,1,贵ABE885,白色,诚信驾驶培训学校,阳光驾校,2014/7/18 0:00,2014/5/8 0:00,长城,长安牌,364548000000000000 ,366046000000000000 ,195802,198103,19,2,5,工作日,晚高峰(17-19点),2015-05-20,2015年5月20日,阴 /阵雨,23℃ / 17℃,东北风 ≤3级 /东北风 ≤3级,阴,阵雨,23,17,东北风,≤3级,东北风,≤3级,day
2015-04-01 14:20:00,大坝,3、倒车的,负全部责任,不负责任,1,贵A7876C,黄,1,贵GR4524,红,诚信驾驶培训学校,十一培,2012/1/31 0:00,1996/11/24 0:00,长安牌,雷克萨斯,36455751804056605X,364558000000000000 ,197404,197403,14,2,4,工作日,非高峰,2015-04-01,2015年4月1日,多云 /多云,29℃ / 19℃,南风 ≤3级 /南风 ≤3级,多云,多云,29,19,南风,≤3级,南风,≤3级,day
2015-03-04 16:40:00,乌当,1、追尾的,负全部责任,不负责任,1,贵A95G89,黑,1,贵AHP076,黑,诚信驾驶培训学校,自培,2011/8/10 0:00,2001/5/11 0:00,福克斯牌,东风牌,364548000000000000 ,364557000000000000 ,198810,198108,16,2,3,工作日,非高峰,2015-03-04,2015年3月4日,小雨 /小雨,6℃ / 1℃,东北风 ≤3级 /东北风 ≤3级,小雨,小雨,6,1,东北风,≤3级,东北风,≤3级,day
2015-03-16 11:47:00,仙鹤路,7、未按规定让行的 ,负全部责任,不负责任,1,贵AB393L,白,1,贵A2733学,银,诚信驾驶培训学校,自培,2014/12/23 0:00,1989/4/24 0:00,宝马,-1,366561000000000000 ,364548000000000000 ,196606,196210,11,0,3,工作日,非高峰,2015-03-16,2015年3月16日,阴 /多云,20℃ / 15℃,南风 ≤3级 /南风 ≤3级,阴,多云,20,15,南风,≤3级,南风,≤3级,day
2015-03-16 07:28:00,远大生态,8、依法应负全责的其他情形,负全部责任,不负责任,1,贵FM7723,黑,1,贵A22L28,白,诚信驾驶培训学校,蓝天驾校,2015/2/4 0:00,2011/9/29 0:00,大众牌,丰田牌,366046000000000000 ,64361500000000000 ,199211,198605,7,0,3,工作日,早高峰(7-9点),2015-03-16,2015年3月16日,阴 /多云,20℃ / 15℃,南风 ≤3级 /南风 ≤3级,阴,多云,20,15,南风,≤3级,南风,≤3级,day
2015-05-09 18:00:00,新发装饰市场,7、未按规定让行的 ,负全部责任,不负责任,1,贵CQB552,白色,1,贵AU7831,白色,顺风驾校,消防驾校,2015/2/2 0:00,2001/9/12 0:00,-1,金龙牌,36656251144657645X,366868000000000000 ,199002,197102,18,5,5,工作日,晚高峰(17-19点),2015-05-09,2015年5月9日,阵雨 /阵雨,23℃ / 16℃,东北风 ≤3级 /东南风 ≤3级,阵雨,阵雨,23,16,东北风,≤3级,东南风,≤3级,day
2015-03-06 08:00:00,小河转盘,1、追尾的,负全部责任,不负责任,1,贵A2272V,白色,1,贵AP586Y,白色,（乌当区）全林驾驶培训有限公司,长运驾校,2007/5/16 0:00,2014/2/19 0:00,长安牌,-1,364548000000000000 ,366362000000000000 ,197908,197507,8,4,3,工作日,早高峰(7-9点),2015-03-06,2015年3月6日,小雨 /小雨,5℃ / 3℃,东北风 ≤3级 /东北风 ≤3级,小雨,小雨,5,3,东北风,≤3级,东北风,≤3级,day
2015-03-28 09:00:00,新天大道,8、依法应负全责的其他情形,负全部责任,不负责任,1,贵ARX632,黑,1,贵AU7271,蓝,（乌当区）全林驾驶培训有限公司,520136,2008/5/5 0:00,2008/8/20 0:00,松花江,大阳牌,356168000000000000 ,366064000000000000 ,197510,198211,9,5,3,工作日,早高峰(7-9点),2015-03-28,2015年3月28日,阵雨 /雷阵雨,17℃ / 14℃,南风 ≤3级 /南风 ≤3级,阵雨,雷阵雨,17,14,南风,≤3级,南风,≤3级,day
2015-04-07 01:30:00,金阳南路,7、未按规定让行的 ,负全部责任,不负责任,1,贵AYY9854,银,1,贵GT3898,白,顺风驾校,-1,2014/4/21 0:00,-1,-1,雪佛兰牌,366264000000000000 ,366068000000000000 ,199109,198810,1,1,4,工作日,非高峰,2015-04-07,2015年4月7日,小雨 /小雨,9℃ / 5℃,东北风 ≤3级 /东北风 ≤3级,小雨,小雨,9,5,东北风,≤3级,东北风,≤3级,night
2015-04-05 09:20:00,二浦,1、追尾的,负全部责任,不负责任,1,贵A7245R,银,1,贵A8696M,红,（乌当区）全林驾驶培训有限公司,诚信驾驶培训学校,2006/6/27 0:00,2013/5/6 0:00,佳乐,起亚牌,364557000000000000 ,364557000000000000 ,198402,197102,9,6,4,周末,早高峰(7-9点),2015-04-05,2015年4月5日,阴 /阵雨,30℃ / 12℃,南风 ≤3级 /东北风 ≤3级,阴,阵雨,30,12,南风,≤3级,东北风,≤3级,day
2015-05-25 18:08:00,甲秀北路,1、追尾的,负全部责任,不负责任,1,贵A85A71,红,1,贵A7001Y,红,（乌当区）全林驾驶培训有限公司,路路达驾校,2006/3/31 0:00,2012/11/5 0:00,丰田牌,长城牌,364547000000000000 ,36455751995559725X,197308,198811,18,0,5,工作日,晚高峰(17-19点),2015-05-25,2015年5月25日,多云 /阵雨,26℃ / 19℃,东南风 ≤3级 /东南风 ≤3级,多云,阵雨,26,19,东南风,≤3级,东南风,≤3级,day
2015-05-05 17:48:00,杨家山隧道,8、依法应负全责的其他情形,负全部责任,不负责任,1,贵AFC438,白,1,川A865Y5,红,（乌当区）全林驾驶培训有限公司,-1,2010/4/22 0:00,-1,解放牌,-1,366068000000000000 ,76576651965450465X,198706,198210,17,1,5,工作日,晚高峰(17-19点),2015-05-05,2015年5月5日,阵雨 /阵雨,21℃ / 15℃,南风 ≤3级 /南风 ≤3级,阵雨,阵雨,21,15,南风,≤3级,南风,≤3级,day
2015-04-29 15:30:00,世纪城,7、未按规定让行的 ,负全部责任,不负责任,1,贵A84189,黑,1,贵AG80057,黑,（乌当区）全林驾驶培训有限公司,520116,2007/9/18 0:00,2006/6/27 0:00,解放,-1,366567000000000000 ,364548000000000000 ,197011,196611,15,2,4,工作日,非高峰,2015-04-29,2015年4月29日,阵雨 /阵雨,26℃ / 16℃,东北风 ≤3级 /东南风 ≤3级,阵雨,阵雨,26,16,东北风,≤3级,东南风,≤3级,day
2015-05-12 22:18:00,百花山,1、追尾的,负全部责任,不负责任,1,贵AU8709,黄,1,贵AMP634,黄,全林驾校,文通驾校,2010/12/1 0:00,2012/8/25 0:00,三本牌,起亚,364557000000000000 ,364548000000000000 ,198810,196202,22,1,5,工作日,非高峰,2015-05-12,2015年5月12日,阴 /雷阵雨,24℃ / 13℃,南风 ≤3级 /南风 ≤3级,阴,雷阵雨,24,13,南风,≤3级,南风,≤3级,night
2015-04-12 08:44:00,西二环,1、追尾的,负全部责任,不负责任,1,贵A92701,银,1,贵AAR811,银,全林驾校,自培,2011/5/19 0:00,-1,南雅,红旗牌,366368000000000000 ,354367000000000000 ,197912,197109,8,6,4,周末,早高峰(7-9点),2015-04-12,2015年4月12日,晴 /多云,21℃ / 7℃,东风 ≤3级 /东风 ≤3级,晴,多云,21,7,东风,≤3级,东风,≤3级,day
2015-03-11 13:50:00,鹿冲关路,7、未按规定让行的 ,负全部责任,不负责任,1,贵ASV151,银,1,贵A8026M,银,全林驾校,铁二局驾校,2010/12/27 0:00,2011/11/2 0:00,长安牌,五菱牌,364548000000000000 ,364566000000000000 ,198406,198905,13,2,3,工作日,非高峰,2015-03-11,2015年3月11日,阴 /小雨,8℃ / 4℃,东北风 ≤3级 /东北风 ≤3级,阴,小雨,8,4,东北风,≤3级,东北风,≤3级,day
2015-04-18 12:30:00,金阳红街,7、未按规定让行的 ,负全部责任,不负责任,1,贵AA6596,银,0,贵AAE574,红,全林驾校,平坝驾校,2013/8/1 0:00,-1,三一牌,起亚牌,366561000000000000 ,366363000000000000 ,198207,197503,12,5,4,工作日,非高峰,2015-04-18,2015年4月18日,多云 /雷阵雨,29℃ / 16℃,南风 ≤3级 /南风 ≤3级,多云,雷阵雨,29,16,南风,≤3级,南风,≤3级,day
2015-04-08 19:00:00,观水路,8、依法应负全责的其他情形,负全部责任,不负责任,1,贵AEY348,白色,1,贵AGC998,白色,全林驾校,-1,2013/8/5 0:00,-1,豪情牌,奥迪牌,36687651154046256X,364646000000000000 ,199104,197401,19,2,4,工作日,晚高峰(17-19点),2015-04-08,2015年4月8日,小雨 /小雨,10℃ / 6℃,东北风 ≤3级 /东北风 ≤3级,小雨,小雨,10,6,东北风,≤3级,东北风,≤3级,day