accidenttime,accidentaddr,driver1fault,driver1responsibility,driver2responsibility,sex1,platenumber1,carcolor1,sex2,platenumber2,carcolor2,jxmc1,jxmc2,cclzrq1,cclzrq2,clpp1,clpp2,driver1license,driver2license,brith1,brith2,hour,weekday,month,is_weekday,peak_hour,date,日期,天气状况,气温,风力风向,day_wea,night_wea,day_tep,night_tep,day_wind_direction,day_wind_speed,night_wind_direction,night_wind_speed,segment
2015-03-22 14:00:00,丽景阳天,8、依法应负全责的其他情形,负全部责任,不负责任,1,贵A0BG16,黄,1,贵A57X88,黑,全林驾校,-1,2014/6/10 0:00,-1,东风牌,途锐牌,364548000000000000 ,354366000000000000 ,198105,197504,14,6,3,周末,非高峰,2015-03-22,2015年3月22日,阵雨 /阵雨,19℃ / 10℃,东南风 ≤3级 /东风 ≤3级,阵雨,阵雨,19,10,东南风,≤3级,东风,≤3级,day
2015-05-08 12:45:00,延安中路,7、未按规定让行的 ,负全部责任,不负责任,0,贵A3BH32,白,1,贵GY1818,黑,全林驾校,顺一驾驶培训学校,2013/7/29 0:00,2012/11/17 0:00,大众汽车牌,-1,36456651174941446X,366564000000000000 ,199308,197502,12,4,5,工作日,非高峰,2015-05-08,2015年5月8日,阵雨 /多云,25℃ / 15℃,东南风 ≤3级 /东北风 ≤3级,阵雨,多云,25,15,东南风,≤3级,东北风,≤3级,day
2015-04-03 08:50:00,省府路,7、未按规定让行的 ,负全部责任,不负责任,1,贵A8AS76,银,1,贵AW0204,银,全林驾校,自培,2012/10/25 0:00,2005/1/14 0:00,雪佛兰牌,凌肯牌,364557000000000000 ,366346000000000000 ,198408,197009,8,4,4,工作日,早高峰(7-9点),2015-04-03,2015年4月3日,多云 /多云,30℃ / 19℃,南风 ≤3级 /南风 ≤3级,多云,多云,30,19,南风,≤3级,南风,≤3级,day
2015-02-15 18:00:00,大营坡,1、追尾的,负全部责任,不负责任,1,贵A3853L,白,1,贵AV3561,黑,全林驾校,自培,2012/8/28 0:00,2002/4/15 0:00,东风雪铁龙牌,神鹰牌,364557000000000000 ,364548000000000000 ,196811,194302,18,6,2,周末,晚高峰(17-19点),2015-02-15,2015年2月15日,多云 /阴,19℃ / 8℃,南风 ≤3级 /东北风 ≤3级,多云,阴,19,8,南风,≤3级,东北风,≤3级,day
2015-04-18 13:00:00,乌当,9、不符合前8款规定或者双方同时具有上述情形的,负全部责任,不负责任,0,贵A71B86,红,1,贵A9373W,黑,全林驾校,顺一驾驶培训学校,2014/9/15 0:00,2010/10/13 0:00,起亚牌,凌派牌,366846000000000000 ,36455651985665477X,196702,198712,13,5,4,工作日,非高峰,2015-04-18,2015年4月18日,多云 /雷阵雨,29℃ / 16℃,南风 ≤3级 /南风 ≤3级,多云,雷阵雨,29,16,南风,≤3级,南风,≤3级,day
2015-05-23 14:00:00,油榨街,7、未按规定让行的 ,负全部责任,不负责任,1,贵A13E44,白色,1,贵A39X71,白色,（乌当区）全林驾驶培训有限公司,自培,2006/6/5 0:00,-1,长安牌,别克牌,366663000000000000 ,366546000000000000 ,198010,197909,14,5,5,工作日,非高峰,2015-05-23,2015年5月23日,阵雨 /阴,19℃ / 14℃,东北风 ≤3级 /东北风 ≤3级,阵雨,阴,19,14,东北风,≤3级,东北风,≤3级,day
2015-02-25 18:00:00,宽城国际,7、未按规定让行的 ,负全部责任,不负责任,1,贵A64G99,黑色,1,贵AZ341S,白色,（乌当区）全林驾驶培训有限公司,-1,2006/11/8 0:00,-1,翼虎牌,-1,364548000000000000 ,55347500000000000 ,198606,198601,18,2,2,工作日,晚高峰(17-19点),2015-02-25,2015年2月25日,阴 /阵雨,15℃ / 8℃,东北风 ≤3级 /东北风 ≤3级,阴,阵雨,15,8,东北风,≤3级,东北风,≤3级,day
2015-03-04 18:46:00,清溪路,5、开关车门的,负全部责任,不负责任,1,贵AU6059,白色,1,贵A96F25,白色,（乌当区）全林驾驶培训有限公司,520109,2009/4/30 0:00,2010/3/15 0:00,嘉隆牌,东风日产牌,366562000000000000 ,364556000000000000 ,198706,198810,18,2,3,工作日,晚高峰(17-19点),2015-03-04,2015年3月4日,小雨 /小雨,6℃ / 1℃,东北风 ≤3级 /东北风 ≤3级,小雨,小雨,6,1,东北风,≤3级,东北风,≤3级,day
2015-02-28 09:15:00,乌当,1、追尾的,负全部责任,不负责任,0,贵AK4768,白,1,贵A53F37,银,吉源驾校（南明区）,贵州平安驾驶培训学校,2008/2/27 0:00,2012/11/30 0:00,川路,福克斯牌,364557000000000000 ,364647000000000000 ,198612,197711,9,5,2,工作日,早高峰(7-9点),2015-02-28,2015年2月28日,小雨 /小雨,8℃ / 4℃,东北风 ≤3级 /东北风 ≤3级,小雨,小雨,8,4,东北风,≤3级,东北风,≤3级,day
2015-04-12 13:46:00,恒大城,7、未按规定让行的 ,负全部责任,不负责任,1,贵AX6985,银,1,渝CH4881,白,（乌当区）全林驾驶培训有限公司,-1,2008/5/29 0:00,-1,长城牌,大众牌,366069000000000000 ,354669000000000000 ,196812,197212,13,6,4,周末,非高峰,2015-04-12,2015年4月12日,晴 /多云,21℃ / 7℃,东风 ≤3级 /东风 ≤3级,晴,多云,21,7,东风,≤3级,东风,≤3级,day
2015-03-16 12:37:00,钢材市场,3、倒车的,负全部责任,不负责任,1,贵AJD535,黑色,1,闽JJ1936,白色,（乌当区）全林驾驶培训有限公司,520131,2009/12/10 0:00,2008/12/18 0:00,长安牌,宝马牌,364557000000000000 ,736669000000000000 ,196611,198105,12,0,3,工作日,非高峰,2015-03-16,2015年3月16日,阴 /多云,20℃ / 15℃,南风 ≤3级 /南风 ≤3级,阴,多云,20,15,南风,≤3级,南风,≤3级,day
2015-04-23 11:56:00,大营坡,3、倒车的,负全部责任,不负责任,1,贵AVF725,蓝,1,贵AZE226,银,（乌当区）全林驾驶培训有限公司,-1,2006/12/7 0:00,-1,起亚牌,凯迪拉克牌,364547000000000000 ,355469000000000000 ,196505,196108,11,3,4,工作日,非高峰,2015-04-23,2015年4月23日,阴 /小雨,16℃ / 10℃,东北风 ≤3级 /东北风 ≤3级,阴,小雨,16,10,东北风,≤3级,东北风,≤3级,day
2015-02-26 18:00:00,小河宽城国际,7、未按规定让行的 ,负全部责任,不负责任,1,贵A64G99,白色,1,贵A7049S,白色,（乌当区）全林驾驶培训有限公司,-1,2006/11/8 0:00,-1,翼虎牌,丰田牌,364548000000000000 ,55347500000000000 ,198606,198601,18,3,2,工作日,晚高峰(17-19点),2015-02-26,2015年2月26日,阴 /小雨,12℃ / 9℃,东风 ≤3级 /南风 ≤3级,阴,小雨,12,9,东风,≤3级,南风,≤3级,day
2015-04-11 10:30:00,北京西路,8、依法应负全责的其他情形,负全部责任,不负责任,0,贵A86A91,银,1,贵ALU553,银,全林驾校,520129,2011/8/31 0:00,2008/12/2 0:00,东风雪铁龙牌,A8L,364548000000000000 ,364548000000000000 ,198704,198903,10,5,4,工作日,非高峰,2015-04-11,2015年4月11日,多云 /多云,15℃ / 9℃,东北风 ≤3级 /东风 ≤3级,多云,多云,15,9,东北风,≤3级,东风,≤3级,day
2015-04-14 15:00:00,甲秀南路,7、未按规定让行的 ,负全部责任,不负责任,1,贵A13G44,白色,1,贵A96709,白色,全林驾校,贵大驾校,2012/7/6 0:00,2011/4/8 0:00,别克牌,解放牌,366269000000000000 ,364556000000000000 ,198012,199210,15,1,4,工作日,非高峰,2015-04-14,2015年4月14日,晴 /多云,22℃ / 9℃,东风 ≤3级 /东风 ≤3级,晴,多云,22,9,东风,≤3级,东风,≤3级,day
2015-05-03 07:15:00,师大附中,7、未按规定让行的 ,负全部责任,不负责任,1,贵CDM224,红,1,贵AV7230,黄,全林驾校,自培,2012/6/15 0:00,2011/6/8 0:00,-1,新阳光牌,366664000000000000 ,364547000000000000 ,196208,198609,7,6,5,周末,早高峰(7-9点),2015-05-03,2015年5月3日,阵雨 /阵雨,25℃ / 15℃,东北风 ≤3级 /东北风 ≤3级,阵雨,阵雨,25,15,东北风,≤3级,东北风,≤3级,day
2015-04-04 11:30:00,小关,1、追尾的,负全部责任,不负责任,1,川EV4652,黑,1,贵A61Z18,黑,全林驾校,自培,2013/2/1 0:00,2001/10/10 0:00,北京现代牌,福特牌,354364000000000000 ,366347000000000000 ,197511,198202,11,5,4,工作日,非高峰,2015-04-04,2015年4月4日,多云 /多云,29℃ / 18℃,南风 ≤3级 /南风 ≤3级,多云,多云,29,18,南风,≤3级,南风,≤3级,day
2015-03-16 09:00:00,乌当,7、未按规定让行的 ,负全部责任,不负责任,1,贵A8ASP6,黑,1,贵A17H76,黑,全林驾校,全林驾校,2013/3/5 0:00,2012/12/24 0:00,-1,东风日产牌,364547000000000000 ,366246000000000000 ,199203,196607,9,0,3,工作日,早高峰(7-9点),2015-03-16,2015年3月16日,阴 /多云,20℃ / 15℃,南风 ≤3级 /南风 ≤3级,阴,多云,20,15,南风,≤3级,南风,≤3级,day
2015-05-04 18:18:00,白云南路,7、未按规定让行的 ,负全部责任,不负责任,1,贵A7BC53,白,1,贵EN2428,红,全林驾校,自培,2014/10/27 0:00,2007/7/31 0:00,标致1587CC轿车,-1,364568000000000000 ,364548000000000000 ,198809,198110,18,0,5,工作日,晚高峰(17-19点),2015-05-04,2015年5月4日,阵雨 /阵雨,20℃ / 14℃,东北风 ≤3级 /东北风 ≤3级,阵雨,阵雨,20,14,东北风,≤3级,东北风,≤3级,day
2015-04-17 15:15:00,八匹马,1、追尾的,负全部责任,不负责任,1,贵A19V13,黑,1,贵AVM227,黑,全林驾校,文通驾校,2013/7/2 0:00,2011/11/23 0:00,丰田牌,斯柯达牌,366764000000000000 ,364567000000000000 ,199011,199101,15,4,4,工作日,非高峰,2015-04-17,2015年4月17日,多云 /多云,28℃ / 19℃,南风 ≤3级 /南风 ≤3级,多云,多云,28,19,南风,≤3级,南风,≤3级,day
2015-02-25 09:05:00,二桥,1、追尾的,负全部责任,不负责任,1,贵A97N12,黑,1,贵GM5090,黑,全林驾校,青正驾校,2014/10/14 0:00,2013/6/18 0:00,起亚牌,海马牌,364567000000000000 ,366347000000000000 ,199505,197003,9,2,2,工作日,早高峰(7-9点),2015-02-25,2015年2月25日,阴 /阵雨,15℃ / 8℃,东北风 ≤3级 /东北风 ≤3级,阴,阵雨,15,8,东北风,≤3级,东北风,≤3级,day
2015-03-21 16:00:00,新添寨,7、未按规定让行的 ,负全部责任,不负责任,1,贵A6262M,黄,1,贵AH7365,白,全林驾校,新天驾校,2014/2/26 0:00,2011/5/3 0:00,英伦牌,钱江牌,364557000000000000 ,364548000000000000 ,198409,196508,16,5,3,工作日,非高峰,2015-03-21,2015年3月21日,阴 /阴,16℃ / 11℃,东北风 ≤3级 /东南风 ≤3级,阴,阴,16,11,东北风,≤3级,东南风,≤3级,day
2015-05-02 20:48:00,小河转盘,7、未按规定让行的 ,负全部责任,不负责任,1,贵AU953K,白色,1,贵GL4437,白色,凯信驾校（花溪区）,顺一驾驶培训学校,2015/4/2 0:00,2011/4/26 0:00,-1,-1,366067000000000000 ,366670000000000000 ,198911,198807,20,5,5,工作日,非高峰,2015-05-02,2015年5月2日,多云 /阵雨,26℃ / 16℃,东北风 ≤3级 /东风 ≤3级,多云,阵雨,26,16,东北风,≤3级,东风,≤3级,night
2015-04-24 17:30:00,都司路,1、追尾的,负全部责任,不负责任,1,贵AB1449,白色,1,鄂AAA243,白色,全林驾校（乌当区）,-1,2015/3/26 0:00,-1,嘉陵牌,嘉陵牌,366669000000000000 ,66746500000000000 ,199110,197309,17,4,4,工作日,晚高峰(17-19点),2015-04-24,2015年4月24日,阴 /小雨,16℃ / 11℃,东风 ≤3级 /东风 ≤3级,阴,小雨,16,11,东风,≤3级,东风,≤3级,day
2015-05-15 08:00:00,甲秀南路,1、追尾的,负全部责任,不负责任,1,临贵A6E100,白色,1,贵A10031,白色,凯信驾校,长运驾校,2015/2/3 0:00,2005/9/15 0:00,-1,豪泺牌,366566000000000000 ,364556000000000000 ,198709,197412,8,4,5,工作日,早高峰(7-9点),2015-05-15,2015年5月15日,阵雨 /阵雨,25℃ / 16℃,东北风 ≤3级 /东北风 ≤3级,阵雨,阵雨,25,16,东北风,≤3级,东北风,≤3级,day
2015-04-08 11:00:00,三桥,7、未按规定让行的 ,负全部责任,不负责任,1,贵AA854F,银,1,贵A6016R,蓝,凯信驾校,贵阳金马驾驶培训有限公司,2014/8/19 0:00,2012/9/4 0:00,五菱牌,力帆牌,366367000000000000 ,75560500000000000 ,198103,198809,11,2,4,工作日,非高峰,2015-04-08,2015年4月8日,小雨 /小雨,10℃ / 6℃,东北风 ≤3级 /东北风 ≤3级,小雨,小雨,10,6,东北风,≤3级,东北风,≤3级,day
2015-03-08 15:20:00,花溪,3、倒车的,负全部责任,不负责任,1,贵AB319B,白色,1,贵A2W578,白色,凯信驾校,-1,2014/11/18 0:00,-1,长安牌,宝马牌,355464000000000000 ,354268000000000000 ,197608,198203,15,6,3,周末,非高峰,2015-03-08,2015年3月8日,小雨 /阴,11℃ / 6℃,东北风 ≤3级 /东北风 ≤3级,小雨,阴,11,6,东北风,≤3级,东北风,≤3级,day
2015-04-25 16:00:00,金阳,2、逆行的,负全部责任,不负责任,1,贵A14419,黑,1,贵A5738L,红,凯信驾校,诚信驾驶培训学校,2014/9/22 0:00,2010/9/28 0:00,豪爵牌,五菱牌,364567000000000000 ,364557000000000000 ,199105,198908,16,5,4,工作日,非高峰,2015-04-25,2015年4月25日,阴 /阵雨,20℃ / 11℃,东风 ≤3级 /东南风 ≤3级,阴,阵雨,20,11,东风,≤3级,东南风,≤3级,day
2015-03-16 10:00:00,林城东路,1、追尾的,负全部责任,不负责任,0,贵A43W14,银,1,粤BJ188U,黑,凯信驾校,-1,2015/1/28 0:00,-1,大众汽车牌,梅赛德斯-奔驰牌,36455651935549636X,4260520000000000 ,198511,197406,10,0,3,工作日,非高峰,2015-03-16,2015年3月16日,阴 /多云,20℃ / 15℃,南风 ≤3级 /南风 ≤3级,阴,多云,20,15,南风,≤3级,南风,≤3级,day
2015-05-01 20:35:00,花溪,9、不符合前8款规定或者双方同时具有上述情形的,负同等责任,负同等责任,1,贵GGA497,白色,1,贵AU9955,白色,凯信驾校,凯信驾校,2014/3/31 0:00,2010/10/12 0:00,-1,天马牌,364556000000000000 ,34768500000000000 ,198508,198401,20,4,5,工作日,非高峰,2015-05-01,2015年5月1日,阵雨 /多云,25℃ / 14℃,东南风 ≤3级 /东北风 ≤3级,阵雨,多云,25,14,东南风,≤3级,东北风,≤3级,night
2015-04-17 17:00:00,乌当,7、未按规定让行的 ,负全部责任,不负责任,1,贵A7BP87,红,1,贵ANL437,银,全林驾校,自培,2015/1/14 0:00,2004/9/27 0:00,别克牌,高尔夫牌,364557000000000000 ,364547000000000000 ,198905,197711,17,4,4,工作日,晚高峰(17-19点),2015-04-17,2015年4月17日,多云 /多云,28℃ / 19℃,南风 ≤3级 /南风 ≤3级,多云,多云,28,19,南风,≤3级,南风,≤3级,day
2015-03-28 14:10:00,学士路,3、倒车的,负全部责任,不负责任,1,贵A4021J,白色,1,贵AV060D,白色,自培,鑫鑫驾校,2014/3/31 0:00,2004/7/28 0:00,大众汽车牌,-1,364556000000000000 ,364568000000000000 ,199509,198508,14,5,3,工作日,非高峰,2015-03-28,2015年3月28日,阵雨 /雷阵雨,17℃ / 14℃,南风 ≤3级 /南风 ≤3级,阵雨,雷阵雨,17,14,南风,≤3级,南风,≤3级,day
2015-02-12 09:10:00,小河转盘,1、追尾的,负全部责任,不负责任,1,贵AFN359,白色,1,贵AKK082,白色,（云岩区）省交通职业技术驾驶培训学校,-1,2005/1/12 0:00,-1,英伦牌,红旗牌,74055500000000000 ,364555000000000 ,196401,660410,9,3,2,工作日,早高峰(7-9点),2015-02-12,2015年2月12日,多云 /多云,15℃ / 5℃,南风 ≤3级 /南风 ≤3级,多云,多云,15,5,南风,≤3级,南风,≤3级,day
2015-05-11 22:30:00,同心路,7、未按规定让行的 ,负全部责任,不负责任,1,贵A3159U,红,1,贵A1365K,蓝,（云岩区）省交通职业技术驾驶培训学校,-1,2008/10/15 0:00,-1,吉利美日牌,长安牌,364558000000000000 ,57271416317 ,196710,92593,22,0,5,工作日,非高峰,2015-05-11,2015年5月11日,多云 /多云,24℃ / 13℃,东北风 ≤3级 /东北风 ≤3级,多云,多云,24,13,东北风,≤3级,东北风,≤3级,night
2015-05-30 15:40:00,铝建路,7、未按规定让行的 ,负全部责任,不负责任,1,贵A14N19,蓝,1,贵A78J89,白,（云岩区）省交通职业技术驾驶培训学校,贵州省仁怀市酒都汽车驾驶培训有限公司,2005/6/6 0:00,2013/2/25 0:00,马自达牌,北京现代牌,36454751944351327X,364548000000000000 ,198005,197705,15,5,5,工作日,非高峰,2015-05-30,2015年5月30日,阵雨 /阵雨,23℃ / 17℃,东北风 ≤3级 /东风 ≤3级,阵雨,阵雨,23,17,东北风,≤3级,东风,≤3级,day
2015-03-16 12:40:00,开发大道,7、未按规定让行的 ,负全部责任,不负责任,1,贵A8279J,白色,1,浙BC2R79,白色,（云岩区）省交通职业技术驾驶培训学校,-1,2006/8/18 0:00,-1,蒙迪欧牌,宝马,366361000000000000 ,364548000000000000 ,198006,198703,12,0,3,工作日,非高峰,2015-03-16,2015年3月16日,阴 /多云,20℃ / 15℃,南风 ≤3级 /南风 ≤3级,阴,多云,20,15,南风,≤3级,南风,≤3级,day
2015-05-25 07:30:00,兴关路,1、追尾的,负全部责任,不负责任,0,贵AMG294,银,1,贵AV4447,蓝,（云岩区）省交通职业技术驾驶培训学校,自培,2010/5/14 0:00,2005/7/29 0:00,威志牌,东风雪铁龙牌,364547000000000000 ,366764000000000000 ,197510,197504,7,0,5,工作日,早高峰(7-9点),2015-05-25,2015年5月25日,多云 /阵雨,26℃ / 19℃,东南风 ≤3级 /东南风 ≤3级,多云,阵雨,26,19,东南风,≤3级,东南风,≤3级,day
2015-02-27 19:20:00,兴关路,7、未按规定让行的 ,负全部责任,不负责任,1,贵JN9658,白,1,贵A96132,白,省交校,-1,2011/11/21 0:00,-1,传祺牌,五菱,364548000000000000 ,366569000000000000 ,195105,198411,19,4,2,工作日,晚高峰(17-19点),2015-02-27,2015年2月27日,多云 /阵雨,21℃ / 5℃,南风 ≤3级 /南风 ≤3级,多云,阵雨,21,5,南风,≤3级,南风,≤3级,day
2015-04-22 08:03:00,大营坡,1、追尾的,负全部责任,不负责任,0,贵GM1225,白,0,贵AJ1989,黑,省交校,自培,2012/8/30 0:00,2004/1/13 0:00,大众牌,丰田牌,364596000000000000 ,364548000000000000 ,198710,196505,8,2,4,工作日,早高峰(7-9点),2015-04-22,2015年4月22日,小雨 /小雨,15℃ / 10℃,东北风 ≤3级 /东北风 ≤3级,小雨,小雨,15,10,东北风,≤3级,东北风,≤3级,day
2015-03-25 10:51:00,和尚坡,9、不符合前8款规定或者双方同时具有上述情形的,负同等责任,负同等责任,1,贵CHT788,银,1,贵A3H153,黄,省交校,省交校,2014/4/8 0:00,1995/9/17 0:00,江淮牌,-1,366564000000000000 ,366577000000000000 ,198006,196401,10,2,3,工作日,非高峰,2015-03-25,2015年3月25日,阴 /阵雨,14℃ / 9℃,东北风 ≤3级 /东北风 ≤3级,阴,阵雨,14,9,东北风,≤3级,东北风,≤3级,day
2015-03-22 18:20:00,贵开路,1、追尾的,负全部责任,不负责任,1,贵A71G94,蓝,0,贵MK1297,蓝,（云岩区）省交通职业技术驾驶培训学校,贵州省长安驾驶培训学校,2006/12/12 0:00,2011/2/18 0:00,奇瑞牌,-1,36454651824553747X,364547000000000000 ,197601,198705,18,6,3,周末,晚高峰(17-19点),2015-03-22,2015年3月22日,阵雨 /阵雨,19℃ / 10℃,东南风 ≤3级 /东风 ≤3级,阵雨,阵雨,19,10,东南风,≤3级,东风,≤3级,day
2015-05-30 13:10:00,三桥,1、追尾的,负全部责任,不负责任,1,贵A1655R,银,0,贵CLV602,白,（云岩区）省交通职业技术驾驶培训学校,新华驾校,2009/8/12 0:00,2014/10/11 0:00,东风牌,-1,366664000000000000 ,366670000000000000 ,196810,198512,13,5,5,工作日,非高峰,2015-05-30,2015年5月30日,阵雨 /阵雨,23℃ / 17℃,东北风 ≤3级 /东风 ≤3级,阵雨,阵雨,23,17,东北风,≤3级,东风,≤3级,day
2015-04-10 09:45:00,三桥,8、依法应负全责的其他情形,负全部责任,不负责任,1,川A437WT,白,1,贵AU6398,蓝,（云岩区）省交通职业技术驾驶培训学校,-1,2006/12/12 0:00,-1,福田牌,飞肯牌,366046000000000000 ,36636100000000000 ,198711,197051,9,4,4,工作日,早高峰(7-9点),2015-04-10,2015年4月10日,小雨 /小雨,12℃ / 8℃,东北风 ≤3级 /东北风 ≤3级,小雨,小雨,12,8,东北风,≤3级,东北风,≤3级,day
2015-03-17 18:30:00,中华南路,1、追尾的,负全部责任,不负责任,1,贵A4BK45,白,1,贵A65V25,黑,（云岩区）省交通职业技术驾驶培训学校,卡尔迅,2008/3/13 0:00,2009/8/11 0:00,大众牌,大众汽车牌,364547000000000000 ,366570000000000000 ,198810,198303,18,1,3,工作日,晚高峰(17-19点),2015-03-17,2015年3月17日,多云 /多云,25℃ / 14℃,南风 ≤3级 /南风 ≤3级,多云,多云,25,14,南风,≤3级,南风,≤3级,day
2015-04-10 21:30:00,金源街,1、追尾的,负全部责任,不负责任,1,贵AU3126,白,1,贵AA425B,白,自培,十一驾驶培训有限公司,2011/2/23 0:00,2014/12/16 0:00,豪爵牌,吉利牌,364548000000000000 ,574648000000000000 ,197207,197101,21,4,4,工作日,非高峰,2015-04-10,2015年4月10日,小雨 /小雨,12℃ / 8℃,东北风 ≤3级 /东北风 ≤3级,小雨,小雨,12,8,东北风,≤3级,东北风,≤3级,night
2015-04-28 09:10:00,鹿冲关,1、追尾的,负全部责任,不负责任,0,贵ADD477,白,1,贵GR1624,白,省交校,自培,2012/6/19 0:00,2013/9/18 0:00,别克牌,吉利全球鹰牌,366068000000000000 ,364548000000000000 ,198410,197608,9,1,4,工作日,早高峰(7-9点),2015-04-28,2015年4月28日,多云 /多云,25℃ / 15℃,东北风 ≤3级 /东北风 ≤3级,多云,多云,25,15,东北风,≤3级,东北风,≤3级,day
2015-03-09 13:10:00,双峰路,8、依法应负全责的其他情形,负全部责任,不负责任,1,贵AU5484,蓝,1,贵ARG288,银,（云岩区）省交通职业技术驾驶培训学校,-1,2007/9/7 0:00,-1,捷达牌,五菱牌,344668000000000000 ,366063000000000000 ,198807,199210,13,0,3,工作日,非高峰,2015-03-09,2015年3月9日,小雨 /小雨,10℃ / 5℃,东北风 ≤3级 /东北风 ≤3级,小雨,小雨,10,5,东北风,≤3级,东北风,≤3级,day
2015-05-10 12:28:00,甲秀南路,1、追尾的,负全部责任,不负责任,1,贵BV2067,白色,1,贵A6AH18,白色,贵州贵龙驾校,520134,2014/4/25 0:00,2007/10/29 0:00,-1,翼虎牌,364647000000000000 ,364556000000000000 ,198610,198811,12,6,5,周末,非高峰,2015-05-10,2015年5月10日,阵雨 /雷阵雨,25℃ / 14℃,南风 ≤3级 /南风 ≤3级,阵雨,雷阵雨,25,14,南风,≤3级,南风,≤3级,day
2015-04-15 08:30:00,观山东路,1、追尾的,负全部责任,不负责任,1,贵AA796M,银,1,贵ASG972,银,省交校,自培,2011/12/26 0:00,2002/6/13 0:00,丰田牌,中华牌,366064000000000000 ,366067000000000000 ,198803,197512,8,2,4,工作日,早高峰(7-9点),2015-04-15,2015年4月15日,多云 /多云,24℃ / 16℃,东南风 ≤3级 /南风 ≤3级,多云,多云,24,16,东南风,≤3级,南风,≤3级,day
2015-03-14 11:40:00,新村,3、倒车的,负全部责任,不负责任,1,贵GV5397,白色,1,贵AJR462,白色,省交校,自培,2012/5/22 0:00,2004/8/10 0:00,雪佛兰牌,比亚迪牌,364566000000000000 ,364547000000000000 ,198912,195604,11,5,3,工作日,非高峰,2015-03-14,2015年3月14日,阴 /阴,17℃ / 12℃,南风 ≤3级 /东南风 ≤3级,阴,阴,17,12,南风,≤3级,东南风,≤3级,day
2015-05-30 08:05:00,宝山南路,7、未按规定让行的 ,负全部责任,不负责任,0,贵AU5585,银,1,贵JCV168,白,市交校,（白云区）消防驾驶培训学校,2010/2/25 0:00,-1,捷达牌,-1,366068000000000000 ,366864000000000000 ,199005,198311,8,5,5,工作日,早高峰(7-9点),2015-05-30,2015年5月30日,阵雨 /阵雨,23℃ / 17℃,东北风 ≤3级 /东风 ≤3级,阵雨,阵雨,23,17,东北风,≤3级,东风,≤3级,day
2015-04-19 10:30:00,油榨街,9、不符合前8款规定或者双方同时具有上述情形的,负全部责任,不负责任,1,贵BT9501,白,1,贵AB4325L,黑,市交校,十一驾驶培训有限公司,2011/11/25 0:00,2010/9/27 0:00,长安牌,-1,364648000000000000 ,364557000000000000 ,197612,198805,10,6,4,周末,非高峰,2015-04-19,2015年4月19日,阵雨 /阵雨,22℃ / 13℃,东北风 ≤3级 /东北风 ≤3级,阵雨,阵雨,22,13,东北风,≤3级,东北风,≤3级,day
2015-05-21 11:00:00,小河,7、未按规定让行的 ,负全部责任,不负责任,1,贵AA8077,白色,1,贵AHZ577,白色,自培,自培,2005/6/8 0:00,2006/12/30 0:00,起亚,雅阁牌,36656551955458545X,36606651975542445X,198110,198311,11,3,5,工作日,非高峰,2015-05-21,2015年5月21日,阴 /阵雨,24℃ / 16℃,东风 ≤3级 /东风 ≤3级,阴,阵雨,24,16,东风,≤3级,东风,≤3级,day
2015-03-10 07:20:00,纪念塔,7、未按规定让行的 ,负全部责任,不负责任,1,贵A18E75,白色,1,贵AU6686,白色,（南明区）市交通职业技术驾驶培训学校,其他,2006/4/27 0:00,2009/3/24 0:00,福克斯牌,恒通客车牌,366066000000000000 ,364547000000000000 ,197408,198312,7,1,3,工作日,早高峰(7-9点),2015-03-10,2015年3月10日,小雨 /小雨,8℃ / 4℃,东北风 ≤3级 /东北风 ≤3级,小雨,小雨,8,4,东北风,≤3级,东北风,≤3级,day
2015-05-01 15:30:00,蟠桃宫,7、未按规定让行的 ,负全部责任,不负责任,0,贵A13E48,白,1,贵AP6966,蓝,（南明区）市交通职业技术驾驶培训学校,（南明区）市交通职业技术驾驶培训学校,2005/11/3 0:00,2011/4/25 0:00,思迪牌,豪爵牌,366568000000000000 ,364548000000000000 ,198511,196110,15,4,5,工作日,非高峰,2015-05-01,2015年5月1日,阵雨 /多云,25℃ / 14℃,东南风 ≤3级 /东北风 ≤3级,阵雨,多云,25,14,东南风,≤3级,东北风,≤3级,day
2015-03-23 15:30:00,北京路,8、依法应负全责的其他情形,负全部责任,不负责任,1,贵A58Z79,红,1,贵AU7324,蓝,省交校,自培,2014/12/19 0:00,2007/9/29 0:00,东风日产牌,宝来牌,364548000000000000 ,366876000000000000 ,199208,198511,15,0,3,工作日,非高峰,2015-03-23,2015年3月23日,多云 /阴,17℃ / 9℃,东北风 ≤3级 /东北风 ≤3级,多云,阴,17,9,东北风,≤3级,东北风,≤3级,day
2015-04-18 09:00:00,保利园,9、不符合前8款规定或者双方同时具有上述情形的,负同等责任,负同等责任,1,贵A15G18,白,1,贵AJC296,红,市交校,全林驾校,2013/12/16 0:00,2010/10/18 0:00,比亚迪牌,江南-奥拓牌,364548000000000000 ,364547000000000000 ,198510,199104,9,5,4,工作日,早高峰(7-9点),2015-04-18,2015年4月18日,多云 /雷阵雨,29℃ / 16℃,南风 ≤3级 /南风 ≤3级,多云,雷阵雨,29,16,南风,≤3级,南风,≤3级,day
2015-03-23 13:43:00,解放路,7、未按规定让行的 ,负全部责任,不负责任,1,贵A49571,白色,1,贵APU351,白色,市交校,-1,2011/7/27 0:00,-1,奥迪牌,雷克萨斯,364548000000000000 ,504047000000000000 ,198103,197010,13,0,3,工作日,非高峰,2015-03-23,2015年3月23日,多云 /阴,17℃ / 9℃,东北风 ≤3级 /东北风 ≤3级,多云,阴,17,9,东北风,≤3级,东北风,≤3级,day