accidenttime,accidentaddr,driver1fault,driver1responsibility,driver2responsibility,sex1,platenumber1,carcolor1,sex2,platenumber2,carcolor2,jxmc1,jxmc2,cclzrq1,cclzrq2,clpp1,clpp2,driver1license,driver2license,brith1,brith2,hour,weekday,month,is_weekday,peak_hour,date,日期,天气状况,气温,风力风向,day_wea,night_wea,day_tep,night_tep,day_wind_direction,day_wind_speed,night_wind_direction,night_wind_speed,segment
2015-04-09 17:20:00,航天大道,1、追尾的,负全部责任,不负责任,1,贵A15118,白,1,贵GR2251,白,市交校,新华驾校,2013/12/16 0:00,2001/2/1 0:00,金蛙,翼虎牌,364548000000000000 ,357446000000000000 ,198510,197303,17,3,4,工作日,晚高峰(17-19点),2015-04-09,2015年4月9日,阴 /小雨,11℃ / 7℃,东北风 ≤3级 /东北风 ≤3级,阴,小雨,11,7,东北风,≤3级,东北风,≤3级,day
2015-05-19 14:24:00,花果园,4、停车时未挂低速档、未拉驻车制动，导致车辆滑行的,负全部责任,不负责任,1,贵AA4959,黄,0,贵A2CF19,白,市交校,自培,2014/2/12 0:00,2011/4/2 0:00,豪沃牌,-1,35566551964063003X,36455751955451406X,198204,198110,14,1,5,工作日,非高峰,2015-05-19,2015年5月19日,阵雨 /大雨,25℃ / 18℃,东北风 ≤3级 /南风 ≤3级,阵雨,大雨,25,18,东北风,≤3级,南风,≤3级,day
2015-04-18 15:30:00,孟关,7、未按规定让行的 ,负全部责任,不负责任,1,贵A7252U,白色,1,贵ARN073,白色,市交校,-1,2011/3/9 0:00,-1,骐达牌,骊威牌,364596000000000000 ,36454700000000000 ,198210,119850,15,5,4,工作日,非高峰,2015-04-18,2015年4月18日,多云 /雷阵雨,29℃ / 16℃,南风 ≤3级 /南风 ≤3级,多云,雷阵雨,29,16,南风,≤3级,南风,≤3级,day
2015-05-06 08:00:00,八匹马,9、不符合前8款规定或者双方同时具有上述情形的,负同等责任,不负责任,0,贵GK6864,黑,0,贵GE8571,蓝,贵大佳德驾驶培训学校,-1,2014/9/16 0:00,-1,-1,-1,36666751974248406X,35536551964160621X,198306,198209,8,2,5,工作日,早高峰(7-9点),2015-05-06,2015年5月6日,多云 /多云,25℃ / 16℃,东北风 ≤3级 /南风 ≤3级,多云,多云,25,16,东北风,≤3级,南风,≤3级,day
2015-04-16 10:50:00,金阳南路,7、未按规定让行的 ,负全部责任,不负责任,1,贵A2534C,白,1,贵A735G9,黑,贵大佳德驾驶培训学校,预约考试窗口,2013/8/14 0:00,2006/11/8 0:00,大众汽车牌,解放牌,364557000000000000 ,366064000000000000 ,199001,197103,10,3,4,工作日,非高峰,2015-04-16,2015年4月16日,多云 /多云,29℃ / 17℃,南风 ≤3级 /南风 ≤3级,多云,多云,29,17,南风,≤3级,南风,≤3级,day
2015-02-05 13:20:00,金阳客车在,4、停车时未挂低速档、未拉驻车制动，导致车辆滑行的,负全部责任,不负责任,1,贵A4744S,蓝,1,贵AU0549,绿,（白云区）消防驾驶培训学校,预约考试窗口,2005/6/21 0:00,2007/2/5 0:00,奇瑞牌,万达牌,366869000000000000 ,355468000000000000 ,197908,196507,13,3,2,工作日,非高峰,2015-02-05,2015年2月5日,阴 /阴,3℃ / 0℃,东北风 ≤3级 /东北风 ≤3级,阴,阴,3,0,东北风,≤3级,东北风,≤3级,day
2015-05-11 07:30:00,山水黔城,1、追尾的,负全部责任,不负责任,1,贵A65P77,白色,1,贵A6C597,白色,市交校,自培,2014/2/21 0:00,2002/9/19 0:00,长安牌,-1,344661000000000000 ,366546000000000000 ,199303,197607,7,0,5,工作日,早高峰(7-9点),2015-05-11,2015年5月11日,多云 /多云,24℃ / 13℃,东北风 ≤3级 /东北风 ≤3级,多云,多云,24,13,东北风,≤3级,东北风,≤3级,day
2015-05-05 08:20:00,五里冲,1、追尾的,负全部责任,不负责任,0,贵A7116U,白,1,贵A6BC17,黑,贵大佳德驾驶培训学校,贵工驾校,2014/7/22 0:00,2013/7/4 0:00,-1,东风日产牌,366569000000000000 ,366767000000000000 ,199307,198204,8,1,5,工作日,早高峰(7-9点),2015-05-05,2015年5月5日,阵雨 /阵雨,21℃ / 15℃,南风 ≤3级 /南风 ≤3级,阵雨,阵雨,21,15,南风,≤3级,南风,≤3级,day
2015-02-10 13:25:00,沙文镇,3、倒车的,负全部责任,不负责任,1,贵A66N74,银,1,贵FN5517,灰,贵大佳德驾驶培训学校,路路达驾校,2013/9/23 0:00,2014/12/17 0:00,长安牌,五菱牌,36455751134068725X,364557000000000000 ,199504,199507,13,1,2,工作日,非高峰,2015-02-10,2015年2月10日,小雨 /小雨,6℃ / 3℃,东北风 ≤3级 /东风 ≤3级,小雨,小雨,6,3,东北风,≤3级,东风,≤3级,day
2015-05-13 08:20:00,兴筑东路,8、依法应负全责的其他情形,负全部责任,不负责任,1,贵A66Y72,红,1,贵A7Q848,白,（白云区）消防驾驶培训学校,蓝天驾校（观山湖区）,2006/11/6 0:00,2015/3/6 0:00,比亚迪牌,-1,376570000000000000 ,366346000000000000 ,198703,198607,8,2,5,工作日,早高峰(7-9点),2015-05-13,2015年5月13日,多云 /阵雨,26℃ / 19℃,东南风 ≤3级 /东南风 ≤3级,多云,阵雨,26,19,东南风,≤3级,东南风,≤3级,day
2015-05-23 12:05:00,长宁街,8、依法应负全责的其他情形,负全部责任,不负责任,1,贵A66Y72,红,1,贵A69P83,白,（白云区）消防驾驶培训学校,铁二局驾校,2006/11/6 0:00,2011/7/22 0:00,比亚迪牌,凌派牌,376570000000000000 ,366361000000000000 ,198703,197401,12,5,5,工作日,非高峰,2015-05-23,2015年5月23日,阵雨 /阴,19℃ / 14℃,东北风 ≤3级 /东北风 ≤3级,阵雨,阴,19,14,东北风,≤3级,东北风,≤3级,day
2015-02-15 13:20:00,白云区,1、追尾的,负全部责任,不负责任,1,贵A78S79,黑,1,贵GC7045,黑,（白云区）消防驾驶培训学校,省交校,2010/3/15 0:00,2010/11/25 0:00,福克斯牌,比亚迪牌,36455751974840403X,366363000000000000 ,198307,198408,13,6,2,周末,非高峰,2015-02-15,2015年2月15日,多云 /阴,19℃ / 8℃,南风 ≤3级 /东北风 ≤3级,多云,阴,19,8,南风,≤3级,东北风,≤3级,day
2015-05-19 20:40:00,鹿冲关,8、依法应负全责的其他情形,负全部责任,不负责任,1,贵AO3226,黑,1,贵BB5518,黄,（白云区）消防驾驶培训学校,鑫鑫驾校,2005/2/24 0:00,2013/7/23 0:00,-1,-1,364558000000000000 ,366570000000000000 ,198304,198510,20,1,5,工作日,非高峰,2015-05-19,2015年5月19日,阵雨 /大雨,25℃ / 18℃,东北风 ≤3级 /南风 ≤3级,阵雨,大雨,25,18,东北风,≤3级,南风,≤3级,night
2015-05-23 01:50:00,省政府,7、未按规定让行的 ,负全部责任,不负责任,1,贵GM4158,白,1,贵A3BZ49,白,（白云区）消防驾驶培训学校,自培,2006/1/13 0:00,2010/9/20 0:00,-1,斯巴鲁 XV,364557000000000000 ,364647000000000000 ,197010,197711,1,5,5,工作日,非高峰,2015-05-23,2015年5月23日,阵雨 /阴,19℃ / 14℃,东北风 ≤3级 /东北风 ≤3级,阵雨,阴,19,14,东北风,≤3级,东北风,≤3级,night
2015-02-05 10:00:00,金阳北路,7、未按规定让行的 ,负全部责任,不负责任,1,贵AUS241,黑,1,贵AEE235,黑,（白云区）消防驾驶培训学校,文通驾校,2006/2/17 0:00,2011/11/16 0:00,-1,荣威牌,366347000000000000 ,36455751914254607X,197812,198906,10,3,2,工作日,非高峰,2015-02-05,2015年2月5日,阴 /阴,3℃ / 0℃,东北风 ≤3级 /东北风 ≤3级,阴,阴,3,0,东北风,≤3级,东北风,≤3级,day
2015-05-20 11:55:00,白云南路,1、追尾的,负全部责任,不负责任,1,贵A5950N,黑,1,贵AJW756,红,自培,消防驾校,2009/1/22 0:00,2010/5/5 0:00,海马牌,昌河牌,364558000000000000 ,366575000000000000 ,198807,197411,11,2,5,工作日,非高峰,2015-05-20,2015年5月20日,阴 /阵雨,23℃ / 17℃,东北风 ≤3级 /东北风 ≤3级,阴,阵雨,23,17,东北风,≤3级,东北风,≤3级,day
2015-04-12 08:50:00,鹿冲关,3、倒车的,负全部责任,不负责任,1,贵A1523E,白,1,川R6B278,黑,自培,-1,2010/7/16 0:00,-1,解放牌,东风雪铁龙牌 ,364557000000000000 ,355761000000000000 ,198910,197205,8,6,4,周末,早高峰(7-9点),2015-04-12,2015年4月12日,晴 /多云,21℃ / 7℃,东风 ≤3级 /东风 ≤3级,晴,多云,21,7,东风,≤3级,东风,≤3级,day
2015-02-25 13:10:00,沙冲路,7、未按规定让行的 ,负全部责任,不负责任,1,贵APL033,银,1,贵AU9997,绿,消防驾校,520127,2010/7/1 0:00,2009/12/22 0:00,长城牌,瑞麒牌,366361000000000000 ,366368000000000000 ,197111,198402,13,2,2,工作日,非高峰,2015-02-25,2015年2月25日,阴 /阵雨,15℃ / 8℃,东北风 ≤3级 /东北风 ≤3级,阴,阵雨,15,8,东北风,≤3级,东北风,≤3级,day
2015-03-03 19:40:00,二桥,1、追尾的,负全部责任,不负责任,1,贵ATE172,银,0,贵AKL113,黑,消防驾校,自培,2011/5/3 0:00,2001/10/31 0:00,吉利牌,东风雪铁龙牌,504047000000000000 ,364548000000000000 ,196907,195709,19,1,3,工作日,晚高峰(17-19点),2015-03-03,2015年3月3日,小雨 /小雨,8℃ / 3℃,东北风 ≤3级 /东北风 ≤3级,小雨,小雨,8,3,东北风,≤3级,东北风,≤3级,day
2015-03-03 19:40:00,转弯塘,1、追尾的,负全部责任,不负责任,1,贵ATE172,银,1,贵ARJ876,银,消防驾校,顺一驾驶培训学校,2011/5/3 0:00,2011/2/21 0:00,吉利牌,长安牌,504047000000000000 ,74365500000000000 ,196907,198011,19,1,3,工作日,晚高峰(17-19点),2015-03-03,2015年3月3日,小雨 /小雨,8℃ / 3℃,东北风 ≤3级 /东北风 ≤3级,小雨,小雨,8,3,东北风,≤3级,东北风,≤3级,day
2015-02-17 09:05:00,碧海花园,1、追尾的,负全部责任,不负责任,1,贵AA9103,黑,1,贵A9131U,蓝,消防驾校,十一培,2010/7/26 0:00,1997/11/10 0:00,大众汽车牌,东风雪铁龙,364547000000000000 ,364558000000000000 ,198711,197901,9,1,2,工作日,早高峰(7-9点),2015-02-17,2015年2月17日,阴 /阴,17℃ / 11℃,东南风 ≤3级 /南风 ≤3级,阴,阴,17,11,东南风,≤3级,南风,≤3级,day
2015-02-11 17:30:00,金阳未来环岛,7、未按规定让行的 ,负全部责任,不负责任,1,贵AB57C13,银,1,贵A39E11,蓝,消防驾校,520109,2011/10/31 0:00,-1,-1,雪佛兰牌,354166000000000000 ,354657000000000000 ,197005,197612,17,2,2,工作日,晚高峰(17-19点),2015-02-11,2015年2月11日,多云 /多云,11℃ / 3℃,东风 ≤3级 /东北风 ≤3级,多云,多云,11,3,东风,≤3级,东北风,≤3级,day
2015-04-24 08:35:00,白云,1、追尾的,负全部责任,不负责任,1,贵A4546V,银,1,贵A5887F,银,消防驾校,铁二局驾校,2012/10/10 0:00,2012/2/16 0:00,夏利牌,五菱牌,364558000000000000 ,366361000000000000 ,197608,198207,8,4,4,工作日,早高峰(7-9点),2015-04-24,2015年4月24日,阴 /小雨,16℃ / 11℃,东风 ≤3级 /东风 ≤3级,阴,小雨,16,11,东风,≤3级,东风,≤3级,day
2015-02-27 08:20:00,蟠桃宫,7、未按规定让行的 ,负全部责任,不负责任,1,贵JK0073,白色,1,贵AEV748,白色,（白云区）消防驾驶培训学校,520114,2005/5/9 0:00,2009/2/4 0:00,五菱牌,宝马牌,366868000000000000 ,364547000000000000 ,198403,198103,8,4,2,工作日,早高峰(7-9点),2015-02-27,2015年2月27日,多云 /阵雨,21℃ / 5℃,南风 ≤3级 /南风 ≤3级,多云,阵雨,21,5,南风,≤3级,南风,≤3级,day
2015-05-26 12:30:00,金阳环卫所,8、依法应负全责的其他情形,负全部责任,不负责任,1,贵APU423,黑,0,贵A48K94,黄,消防驾校,十一驾驶培训有限公司,2013/12/12 0:00,2013/4/23 0:00,田野牌,大众牌,364557000000000000 ,364547000000000000 ,198706,198209,12,1,5,工作日,非高峰,2015-05-26,2015年5月26日,阵雨 /雷阵雨,26℃ / 20℃,东南风 ≤3级 /东北风 ≤3级,阵雨,雷阵雨,26,20,东南风,≤3级,东北风,≤3级,day
2015-04-27 16:00:00,金阳,8、依法应负全责的其他情形,负全部责任,不负责任,1,贵A0191W,黄,1,贵AU7308,绿,消防驾校,消防驾校,2013/7/29 0:00,2010/8/13 0:00,五菱牌,捷达牌,364557000000000000 ,364568000000000000 ,199407,199105,16,0,4,工作日,非高峰,2015-04-27,2015年4月27日,阴 /雷阵雨,21℃ / 14℃,东南风 ≤3级 /东北风 ≤3级,阴,雷阵雨,21,14,东南风,≤3级,东北风,≤3级,day
2015-05-29 18:15:00,油榨街,7、未按规定让行的 ,负全部责任,不负责任,1,贵A8BP83,红,0,贵BX0634,银,消防驾校,蓝天驾校,2013/12/12 0:00,2014/9/3 0:00,长安牌,大众汽车牌,366347000000000000 ,364646000000000000 ,199209,198111,18,4,5,工作日,晚高峰(17-19点),2015-05-29,2015年5月29日,阵雨 /阵雨,24℃ / 17℃,东南风 ≤3级 /东北风 ≤3级,阵雨,阵雨,24,17,东南风,≤3级,东北风,≤3级,day
2015-02-27 15:30:00,金阳车站,1、追尾的,负全部责任,不负责任,1,贵AU8353,绿,1,贵GY6000,黑,（白云区）消防驾驶培训学校,金筑驾校,2009/9/16 0:00,2005/2/7 0:00,嘉隆牌,斯柯达牌,36636051865569495X,366664000000000000 ,197211,198505,15,4,2,工作日,非高峰,2015-02-27,2015年2月27日,多云 /阵雨,21℃ / 5℃,南风 ≤3级 /南风 ≤3级,多云,阵雨,21,5,南风,≤3级,南风,≤3级,day
2015-04-03 12:55:00,小河,1、追尾的,负全部责任,不负责任,1,贵AU3496,黑色,1,贵F89347,白色,（白云区）消防驾驶培训学校,-1,2008/11/20 0:00,-1,奇瑞牌,吉利牌,364557000000000000 ,366069000000000000 ,198709,198808,12,4,4,工作日,非高峰,2015-04-03,2015年4月3日,多云 /多云,30℃ / 19℃,南风 ≤3级 /南风 ≤3级,多云,多云,30,19,南风,≤3级,南风,≤3级,day
2015-05-18 08:25:00,八匹马,7、未按规定让行的 ,负全部责任,不负责任,1,贵ALG643,白,1,贵AU6292,黄,（白云区）消防驾驶培训学校,-1,2007/10/29 0:00,-1,东风牌,捷达牌,366068000000000000 ,366067000000000000 ,198610,197411,8,0,5,工作日,早高峰(7-9点),2015-05-18,2015年5月18日,多云 /多云,25℃ / 18℃,东北风 ≤3级 /东北风 ≤3级,多云,多云,25,18,东北风,≤3级,东北风,≤3级,day
2015-04-25 08:30:00,商贸城,7、未按规定让行的 ,负全部责任,不负责任,1,贵AU1871,黄,1,贵JDU991,黄,（白云区）消防驾驶培训学校,自培,2007/2/12 0:00,2006/1/25 0:00,大运牌,大众汽车牌,364557000000000000 ,354675000000000000 ,197712,197004,8,5,4,工作日,早高峰(7-9点),2015-04-25,2015年4月25日,阴 /阵雨,20℃ / 11℃,东风 ≤3级 /东南风 ≤3级,阴,阵雨,20,11,东风,≤3级,东南风,≤3级,day
2015-05-05 09:40:00,蔡家关,1、追尾的,负全部责任,不负责任,1,贵A34174,红,1,贵AWZ626,黄,（白云区）消防驾驶培训学校,-1,2010/1/13 0:00,-1,先风牌,大众牌,366347000000000000 ,364548000000000000 ,197901,196507,9,1,5,工作日,早高峰(7-9点),2015-05-05,2015年5月5日,阵雨 /阵雨,21℃ / 15℃,南风 ≤3级 /南风 ≤3级,阵雨,阵雨,21,15,南风,≤3级,南风,≤3级,day
2015-02-05 21:00:00,云环中路,1、追尾的,负全部责任,不负责任,1,贵A29Y24,蓝,1,贵AA504A,银,（白云区）消防驾驶培训学校,自培,2009/7/22 0:00,2005/5/26 0:00,福克斯牌,夏利,366361000000000000 ,366875000000000000 ,198304,198201,21,3,2,工作日,非高峰,2015-02-05,2015年2月5日,阴 /阴,3℃ / 0℃,东北风 ≤3级 /东北风 ≤3级,阴,阴,3,0,东北风,≤3级,东北风,≤3级,night
2015-05-23 19:00:00,东二环,1、追尾的,负全部责任,不负责任,1,贵A77E39,白色,1,贵JCE022,白色,消防驾校,贵州省长安驾驶培训学校,2010/4/12 0:00,2013/4/27 0:00,东风标致牌,-1,364548000000000000 ,364557000000000000 ,199007,198811,19,5,5,工作日,晚高峰(17-19点),2015-05-23,2015年5月23日,阵雨 /阴,19℃ / 14℃,东北风 ≤3级 /东北风 ≤3级,阵雨,阴,19,14,东北风,≤3级,东北风,≤3级,day
2015-02-04 08:45:00,铜仁路,7、未按规定让行的 ,负全部责任,不负责任,1,贵FA6348,白,1,贵AEV864,蓝,消防驾校,520136,2011/4/19 0:00,-1,东风雪铁龙牌,雪佛兰牌,254567000000000000 ,366846000000000000 ,198203,198206,8,2,2,工作日,早高峰(7-9点),2015-02-04,2015年2月4日,小雨 /小雨,4℃ / 0℃,东北风 ≤3级 /东北风 ≤3级,小雨,小雨,4,0,东北风,≤3级,东北风,≤3级,day
2015-05-04 08:15:00,中天北京小学,5、开关车门的,负全部责任,不负责任,1,贵AVF231,蓝,0,贵AF2919,黄,（白云区）消防驾驶培训学校,消防驾校,2010/3/3 0:00,-1,高尔夫牌,山城牌,364558000000000000 ,355456000000000000 ,197601,197801,8,0,5,工作日,早高峰(7-9点),2015-05-04,2015年5月4日,阵雨 /阵雨,20℃ / 14℃,东北风 ≤3级 /东北风 ≤3级,阵雨,阵雨,20,14,东北风,≤3级,东北风,≤3级,day
2015-02-02 15:30:00,兴义路路口,1、追尾的,负全部责任,不负责任,1,贵A3405U,银色,1,川EN2276,白色,消防驾校,-1,2011/9/28 0:00,-1,吉利全球鹰牌,江淮牌  ,54169500000000000 ,354366000000000000 ,198603,199110,15,0,2,工作日,非高峰,2015-02-02,2015年2月2日,阴 /小雨,7℃ / 3℃,南风 ≤3级 /东南风 ≤3级,阴,小雨,7,3,南风,≤3级,东南风,≤3级,day
2015-03-16 14:00:00,八匹马,1、追尾的,负全部责任,不负责任,1,贵ARB079,白,1,贵GQ4796,红,自培,路路达驾校,2012/2/7 0:00,2014/1/2 0:00,丰田牌,中华牌,366068000000000000 ,366361000000000000 ,197103,196810,14,0,3,工作日,非高峰,2015-03-16,2015年3月16日,阴 /多云,20℃ / 15℃,南风 ≤3级 /南风 ≤3级,阴,多云,20,15,南风,≤3级,南风,≤3级,day
2015-03-08 11:20:00,云峰大道,7、未按规定让行的 ,负全部责任,不负责任,0,贵A2495J,银,1,贵A379D5,黄,消防驾校,盘县宏源驾驶培训学校,2011/12/24 0:00,-1,长安牌,东风牌,354166000000000000 ,364647000000000000 ,198510,197803,11,6,3,周末,非高峰,2015-03-08,2015年3月8日,小雨 /阴,11℃ / 6℃,东北风 ≤3级 /东北风 ≤3级,小雨,阴,11,6,东北风,≤3级,东北风,≤3级,day
2015-04-17 10:10:00,白云区,8、依法应负全责的其他情形,负全部责任,不负责任,1,贵H791GW,蓝,1,贵A9431K,蓝,消防驾校,景宏驾校,2013/5/7 0:00,2012/6/12 0:00,-1,中华牌,364557000000000000 ,364557000000000000 ,199309,199110,10,4,4,工作日,非高峰,2015-04-17,2015年4月17日,多云 /多云,28℃ / 19℃,南风 ≤3级 /南风 ≤3级,多云,多云,28,19,南风,≤3级,南风,≤3级,day
2015-03-29 17:30:00,体育路,1、追尾的,负全部责任,不负责任,1,贵A23R34,黑,1, 川A7S021,白,消防驾校,-1,2012/9/19 0:00,-1,福特锐界,-1,74355500000000000 ,354567000000000000 ,196906,196910,17,6,3,周末,晚高峰(17-19点),2015-03-29,2015年3月29日,阴 /多云,18℃ / 15℃,东风 ≤3级 /南风 ≤3级,阴,多云,18,15,东风,≤3级,南风,≤3级,day
2015-02-04 20:00:00,南湖加油站,3、倒车的,负全部责任,不负责任,1,贵ARF815,红,1,贵A0541X ,银,消防驾校,十一驾驶培训有限公司,2012/7/5 0:00,2011/6/14 0:00,东风雪铁龙牌,-1,364558000000000000 ,366067000000000000 ,198603,198809,20,2,2,工作日,非高峰,2015-02-04,2015年2月4日,小雨 /小雨,4℃ / 0℃,东北风 ≤3级 /东北风 ≤3级,小雨,小雨,4,0,东北风,≤3级,东北风,≤3级,night
2015-03-17 08:00:00,红街,3、倒车的,负全部责任,不负责任,1,贵A1803K,蓝,1,贵A73925,白,消防驾校,-1,2014/6/25 0:00,-1,五菱牌,宇通牌,364557000000000000 ,366764000000000000 ,199201,196505,8,1,3,工作日,早高峰(7-9点),2015-03-17,2015年3月17日,多云 /多云,25℃ / 14℃,南风 ≤3级 /南风 ≤3级,多云,多云,25,14,南风,≤3级,南风,≤3级,day
2015-04-24 12:05:00,草管路,7、未按规定让行的 ,负全部责任,不负责任,1,贵A90634,红,1,贵A9315S,白,消防驾校,-1,2012/5/28 0:00,-1,解放,吉利牌,364558000000000000 ,366068000000000000 ,198708,197611,12,4,4,工作日,非高峰,2015-04-24,2015年4月24日,阴 /小雨,16℃ / 11℃,东风 ≤3级 /东风 ≤3级,阴,小雨,16,11,东风,≤3级,东风,≤3级,day
2015-03-08 17:26:00,083加油站,7、未按规定让行的 ,负全部责任,不负责任,1,贵A7AB51,银,1,贵A72M86,白,贵大佳德驾驶培训学校,520127,2006/1/5 0:00,2004/7/6 0:00,东风日产牌,吉利牌,364556000000000000 ,364557000000000000 ,196009,197502,17,6,3,周末,晚高峰(17-19点),2015-03-08,2015年3月8日,小雨 /阴,11℃ / 6℃,东北风 ≤3级 /东北风 ≤3级,小雨,阴,11,6,东北风,≤3级,东北风,≤3级,day
2015-04-07 17:00:00,蔡家关,7、未按规定让行的 ,负全部责任,不负责任,1,贵APU077,红,1,贵AFM625,银,（乌当区）新天驾驶培训有限公司,-1,2006/12/7 0:00,-1,五菱牌,长安牌,366068000000000000 ,76195500000000000 ,197206,196885,17,1,4,工作日,晚高峰(17-19点),2015-04-07,2015年4月7日,小雨 /小雨,9℃ / 5℃,东北风 ≤3级 /东北风 ≤3级,小雨,小雨,9,5,东北风,≤3级,东北风,≤3级,day
2015-02-17 13:30:00,云岩区,3、倒车的,负全部责任,不负责任,1,贵A33J99,黑,1,贵A69H42,蓝,（乌当区）新天驾驶培训有限公司,-1,2005/5/23 0:00,-1,东风日产牌,名爵牌,256770000000000000 ,366864000000000000 ,196712,198211,13,1,2,工作日,非高峰,2015-02-17,2015年2月17日,阴 /阴,17℃ / 11℃,东南风 ≤3级 /南风 ≤3级,阴,阴,17,11,东南风,≤3级,南风,≤3级,day
2015-04-03 16:27:00,东站,1、追尾的,负全部责任,不负责任,1,贵A82K38,白色,1,贵ADM155,白色,（乌当区）新天驾驶培训有限公司,-1,2007/9/6 0:00,-1,跨界高尔夫,大众牌,364547000000000000 ,364551000000000000 ,197010,198701,16,4,4,工作日,非高峰,2015-04-03,2015年4月3日,多云 /多云,30℃ / 19℃,南风 ≤3级 /南风 ≤3级,多云,多云,30,19,南风,≤3级,南风,≤3级,day
2015-03-22 20:00:00,乌当,3、倒车的,负全部责任,不负责任,0,贵AB823A,黑,0,贵A4565S,银,（乌当区）新天驾驶培训有限公司,自培,2005/12/1 0:00,2007/1/11 0:00,东风雪铁龙牌,宝马牌,364557000000000000 ,357546000000000000 ,197102,198509,20,6,3,周末,非高峰,2015-03-22,2015年3月22日,阵雨 /阵雨,19℃ / 10℃,东南风 ≤3级 /东风 ≤3级,阵雨,阵雨,19,10,东南风,≤3级,东风,≤3级,night
2015-05-25 07:00:00,花溪,1、追尾的,负全部责任,不负责任,1,贵ATC796,白色,1,贵AN5516,白色,（乌当区）新天驾驶培训有限公司,（南明区）阳光驾驶培训有限公司,2008/1/23 0:00,1996/4/15 0:00,五菱牌,双枪牌,364647000000000000 ,364556000000000000 ,196809,195610,7,0,5,工作日,早高峰(7-9点),2015-05-25,2015年5月25日,多云 /阵雨,26℃ / 19℃,东南风 ≤3级 /东南风 ≤3级,多云,阵雨,26,19,东南风,≤3级,东南风,≤3级,day
2015-02-26 10:00:00,文昌阁门口,7、未按规定让行的 ,负全部责任,不负责任,1,贵AR9744,白色,1,贵AU8915,白色,（乌当区）新天驾驶培训有限公司,520129,2004/12/14 0:00,2007/12/13 0:00,锦宏牌,奔野牌,364547000000000000 ,366367000000000000 ,197101,197408,10,3,2,工作日,非高峰,2015-02-26,2015年2月26日,阴 /小雨,12℃ / 9℃,东风 ≤3级 /南风 ≤3级,阴,小雨,12,9,东风,≤3级,南风,≤3级,day
2015-05-24 14:00:00,小河,7、未按规定让行的 ,负全部责任,不负责任,1,贵AR9744,白色,1,贵A74L48,白色,（乌当区）新天驾驶培训有限公司,铁二局驾校,2004/12/14 0:00,2012/12/12 0:00,锦宏牌,别克牌,364547000000000000 ,366863000000000000 ,197101,197908,14,6,5,周末,非高峰,2015-05-24,2015年5月24日,多云 /阴,24℃ / 18℃,东风 ≤3级 /东南风 ≤3级,多云,阴,24,18,东风,≤3级,东南风,≤3级,day
2015-02-05 19:00:00,南明区花果园,7、未按规定让行的 ,负全部责任,不负责任,1,贵GC3297,白色,1,贵JAP113,黑色,新天驾校,贵工驾校,2011/6/25 0:00,2012/3/30 0:00,吉利美日牌,马自达牌,364557000000000000 ,4895520000000000 ,198305,198701,19,3,2,工作日,晚高峰(17-19点),2015-02-05,2015年2月5日,阴 /阴,3℃ / 0℃,东北风 ≤3级 /东北风 ≤3级,阴,阴,3,0,东北风,≤3级,东北风,≤3级,day
2015-03-19 06:10:00,体育馆,3、倒车的,负全部责任,不负责任,1,贵AU9218,绿,1,贵AU1716,白,新天驾校,新天驾校,2011/10/28 0:00,2011/10/28 0:00,豪进牌,神鹰牌,366361000000000000 ,366361000000000000 ,197212,197212,6,3,3,工作日,非高峰,2015-03-19,2015年3月19日,多云 /阵雨,26℃ / 12℃,南风 ≤3级 /东北风 ≤3级,多云,阵雨,26,12,南风,≤3级,东北风,≤3级,day
2015-02-28 07:50:00,南明区,1、追尾的,负全部责任,不负责任,0,贵GC0116,蓝,1,贵A12G36,银,新天驾校,-1,2012/3/13 0:00,-1,斯柯达牌,大众汽车牌,364557000000000000 ,364546000000000 ,198610,620109,7,5,2,工作日,早高峰(7-9点),2015-02-28,2015年2月28日,小雨 /小雨,8℃ / 4℃,东北风 ≤3级 /东北风 ≤3级,小雨,小雨,8,4,东北风,≤3级,东北风,≤3级,day
2015-04-27 18:00:00,贵阳,7、未按规定让行的 ,负全部责任,不负责任,0,贵AER756,黄,1,贵D4Q517,红,铁二局驾校,自培,2007/10/19 0:00,2011/9/8 0:00,梅赛德斯-奔驰,-1,364547000000000000 ,36666951804969745X,198404,197408,18,0,4,工作日,晚高峰(17-19点),2015-04-27,2015年4月27日,阴 /雷阵雨,21℃ / 14℃,东南风 ≤3级 /东北风 ≤3级,阴,雷阵雨,21,14,东南风,≤3级,东北风,≤3级,day
2015-03-16 08:50:00,乌当,3、倒车的,负全部责任,不负责任,1,贵A67Y48,黑,1,贵BM5355,蓝,新天驾校,新天驾校,2014/4/28 0:00,2012/1/29 0:00,宝来牌,福克斯牌,366067000000000000 ,364568000000000000 ,199310,199109,8,0,3,工作日,早高峰(7-9点),2015-03-16,2015年3月16日,阴 /多云,20℃ / 15℃,南风 ≤3级 /南风 ≤3级,阴,多云,20,15,南风,≤3级,南风,≤3级,day
2015-04-11 22:30:00,市北路,5、开关车门的,负全部责任,不负责任,1,贵A54M21,银,1,贵AU7012,蓝,新天驾校,-1,2013/8/5 0:00,-1,东风日产牌,力帆牌,366567000000000000 ,366364000000000000 ,197309,196112,22,5,4,工作日,非高峰,2015-04-11,2015年4月11日,多云 /多云,15℃ / 9℃,东北风 ≤3级 /东风 ≤3级,多云,多云,15,9,东北风,≤3级,东风,≤3级,night