accidenttime,accidentaddr,driver1fault,driver1responsibility,driver2responsibility,sex1,platenumber1,carcolor1,sex2,platenumber2,carcolor2,jxmc1,jxmc2,cclzrq1,cclzrq2,clpp1,clpp2,driver1license,driver2license,brith1,brith2,hour,weekday,month,is_weekday,peak_hour,date,日期,天气状况,气温,风力风向,day_wea,night_wea,day_tep,night_tep,day_wind_direction,day_wind_speed,night_wind_direction,night_wind_speed,segment
2015-03-16 22:30:00,碧海花园,8、依法应负全责的其他情形,负全部责任,不负责任,1,贵A6CZ13,绿,1,闽CMJ647,黑,新天驾校,-1,2014/4/28 0:00,-1,-1,荣威牌,774056000000000000 ,734345000000000000 ,196309,197406,22,0,3,工作日,非高峰,2015-03-16,2015年3月16日,阴 /多云,20℃ / 15℃,南风 ≤3级 /南风 ≤3级,阴,多云,20,15,南风,≤3级,南风,≤3级,night
2015-03-16 14:30:00,黔林山路,1、追尾的,负全部责任,不负责任,0,贵A69F34,白,1,贵FZ0525,银,新天驾校（乌当区）,-1,2015/3/5 0:00,-1,马自达牌,北京现代牌,36454651284358406X,344798000000000000 ,196705,198508,14,0,3,工作日,非高峰,2015-03-16,2015年3月16日,阴 /多云,20℃ / 15℃,南风 ≤3级 /南风 ≤3级,阴,多云,20,15,南风,≤3级,南风,≤3级,day
2015-04-14 19:30:00,花果园,7、未按规定让行的 ,负全部责任,不负责任,0,贵AGA361,黑,0,贵A47K59,黄,新天驾校,人武驾校,2014/1/3 0:00,2013/4/22 0:00,佳乐,别克牌,36455651964758630X,366367000000000000 ,198203,198408,19,1,4,工作日,晚高峰(17-19点),2015-04-14,2015年4月14日,晴 /多云,22℃ / 9℃,东风 ≤3级 /东风 ≤3级,晴,多云,22,9,东风,≤3级,东风,≤3级,day
2015-03-30 12:00:00,花果园,7、未按规定让行的 ,负全部责任,不负责任,1,贵AU8864,黑,1,贵JAP686,白,（乌当区）新天驾驶培训有限公司,吉源驾校,2005/12/1 0:00,2014/6/4 0:00,亚洲英雄牌,北京现代牌,366361000000000000 ,366566000000000000 ,197901,198805,12,0,3,工作日,非高峰,2015-03-30,2015年3月30日,晴 /多云,24℃ / 17℃,南风 ≤3级 /南风 ≤3级,晴,多云,24,17,南风,≤3级,南风,≤3级,day
2015-04-13 06:30:00,石板,7、未按规定让行的 ,负全部责任,不负责任,1,贵FQ2642,白色,1,贵GP5882,白色,（乌当区）新天驾驶培训有限公司,-1,2006/4/25 0:00,-1,长安牌,东风牌,726646000000000000 ,354867000000000000 ,196609,198208,6,0,4,工作日,非高峰,2015-04-13,2015年4月13日,晴 /多云,23℃ / 8℃,东北风 ≤3级 /东北风 ≤3级,晴,多云,23,8,东北风,≤3级,东北风,≤3级,day
2015-05-29 11:00:00,花溪大道,1、追尾的,负全部责任,不负责任,1,贵ASP771,白色,1,贵A043C1,白色,（乌当区）新天驾驶培训有限公司,长运驾校（南明区）,2007/9/19 0:00,2001/12/28 0:00,骊威牌,燕台牌,366263000000000000 ,4660520000000000 ,198210,197912,11,4,5,工作日,非高峰,2015-05-29,2015年5月29日,阵雨 /阵雨,24℃ / 17℃,东南风 ≤3级 /东北风 ≤3级,阵雨,阵雨,24,17,东南风,≤3级,东北风,≤3级,day
2015-05-18 08:00:00,市南路,7、未按规定让行的 ,负同等责任,负同等责任,0,贵A39C67,白,1,贵AD4187,红,（乌当区）新天驾驶培训有限公司,（乌当区）新天驾驶培训有限公司,2005/2/5 0:00,2000/5/23 0:00,别克(BUICK)牌,雅奇牌,764543000000000000 ,36454651834963745X,196901,197508,8,0,5,工作日,早高峰(7-9点),2015-05-18,2015年5月18日,多云 /多云,25℃ / 18℃,东北风 ≤3级 /东北风 ≤3级,多云,多云,25,18,东北风,≤3级,东北风,≤3级,day
2015-05-17 22:00:00,甘荫塘,8、依法应负全责的其他情形,负全部责任,不负责任,1,贵A49G72,白色,1,贵A7093P,白色,新天驾校,自培,2014/12/3 0:00,2005/7/11 0:00,长安牌,起亚牌,36666951985652546X,364547000000000000 ,198712,198705,22,6,5,周末,非高峰,2015-05-17,2015年5月17日,阵雨 /雷阵雨,25℃ / 17℃,东北风 ≤3级 /南风 ≤3级,阵雨,雷阵雨,25,17,东北风,≤3级,南风,≤3级,night
2015-05-16 13:58:00,长岭南路,7、未按规定让行的 ,负全部责任,不负责任,1,贵GGD498,黄,1,贵A89846,蓝,新天驾校,（南明区）吉源驾驶培训有限公司,2011/3/2 0:00,2003/6/2 0:00,-1,北京,364557000000000000 ,366064000000000000 ,198802,198503,13,5,5,工作日,非高峰,2015-05-16,2015年5月16日,阴 /雷阵雨,23℃ / 17℃,东北风 ≤3级 /东风 ≤3级,阴,雷阵雨,23,17,东北风,≤3级,东风,≤3级,day
2015-03-12 17:00:00,三桥,7、未按规定让行的 ,负全部责任,不负责任,0,贵A7G414,银,1,贵A25N33,银,新天驾校,-1,2012/11/12 0:00,-1,五菱牌,福田牌,366869000000000000 ,366562000000000000 ,197101,196312,17,3,3,工作日,晚高峰(17-19点),2015-03-12,2015年3月12日,多云 /多云,16℃ / 10℃,南风 ≤3级 /南风 ≤3级,多云,多云,16,10,南风,≤3级,南风,≤3级,day
2015-04-23 20:00:00,甲秀南路,1、追尾的,负全部责任,不负责任,1,贵GK1158,白,1,贵A6661T,蓝,新天驾校,吉源驾校,2012/2/8 0:00,2013/3/22 0:00,东风标致牌,五菱牌,364548000000000000 ,35466151855466147X,198710,197110,20,3,4,工作日,非高峰,2015-04-23,2015年4月23日,阴 /小雨,16℃ / 10℃,东北风 ≤3级 /东北风 ≤3级,阴,小雨,16,10,东北风,≤3级,东北风,≤3级,night
2015-02-09 16:10:00,八匹马,1、追尾的,负全部责任,不负责任,1,贵JAZ973,黑,1,川AA34A5,黑,新天驾校,-1,2010/12/29 0:00,-1,吉利牌,起亚牌 ,355567000000000000 ,354595000000000 ,196503,900713,16,0,2,工作日,非高峰,2015-02-09,2015年2月9日,阴 /小雨,6℃ / 4℃,东北风 ≤3级 /东北风 ≤3级,阴,小雨,6,4,东北风,≤3级,东北风,≤3级,day
2015-04-17 12:30:00,花果园,8、依法应负全责的其他情形,负全部责任,不负责任,0,贵AET221,黑,0,贵AU8831,黑,（乌当区）新天驾驶培训有限公司,消防驾校,2007/8/17 0:00,2010/7/16 0:00,大众汽车牌,金典牌,364548000000000000 ,36606051824743669X,197612,197603,12,4,4,工作日,非高峰,2015-04-17,2015年4月17日,多云 /多云,28℃ / 19℃,南风 ≤3级 /南风 ≤3级,多云,多云,28,19,南风,≤3级,南风,≤3级,day
2015-05-08 22:00:00,太慈桥,1、追尾的,负全部责任,不负责任,1,贵GV5745,白色,1,贵AU5968,白色,新天驾校,-1,2012/11/26 0:00,-1,-1,捷达牌,366070000000000000 ,366064000000000 ,198511,740801,22,4,5,工作日,非高峰,2015-05-08,2015年5月8日,阵雨 /多云,25℃ / 15℃,东南风 ≤3级 /东北风 ≤3级,阵雨,多云,25,15,东南风,≤3级,东北风,≤3级,night
2015-02-04 09:30:00,贵阳学院丁字路口,3、倒车的,负全部责任,不负责任,1,贵AU9202,白色,1,贵A69W68,白色,（南明区）长运驾驶培训有限公司,-1,2006/12/31 0:00,-1,捷达牌,梅赛德斯-奔驰牌,366046000000000000 ,366845000000000 ,198304,590302,9,2,2,工作日,早高峰(7-9点),2015-02-04,2015年2月4日,小雨 /小雨,4℃ / 0℃,东北风 ≤3级 /东北风 ≤3级,小雨,小雨,4,0,东北风,≤3级,东北风,≤3级,day
2015-05-30 19:40:00,盐沙大道,1、追尾的,负全部责任,不负责任,1,贵GR7157,红,1,贵A709H8,白,（南明区）长运驾驶培训有限公司,自培,2007/1/23 0:00,2008/1/21 0:00,-1,-1,366367000000000000 ,364566000000000000 ,198109,198606,19,5,5,工作日,晚高峰(17-19点),2015-05-30,2015年5月30日,阵雨 /阵雨,23℃ / 17℃,东北风 ≤3级 /东风 ≤3级,阵雨,阵雨,23,17,东北风,≤3级,东风,≤3级,day
2015-03-16 20:00:00,沙冲路,7、未按规定让行的 ,负全部责任,不负责任,1,贵A5AM06,白色,1,贵A9623U,白色,新天驾校,-1,2014/2/18 0:00,-1,思威牌,梅赛德斯-奔驰牌,74062500000000000 ,366661000000000000 ,198202,197811,20,0,3,工作日,非高峰,2015-03-16,2015年3月16日,阴 /多云,20℃ / 15℃,南风 ≤3级 /南风 ≤3级,阴,多云,20,15,南风,≤3级,南风,≤3级,night
2015-05-17 10:00:00,太慈桥,9、不符合前8款规定或者双方同时具有上述情形的,负同等责任,负同等责任,1,贵AAV714,白色,1,贵AKF236,白色,新天驾校,-1,2014/3/21 0:00,-1,双狮牌,丰田牌,366361000000000000 ,364646000000000 ,196607,791216,10,6,5,周末,非高峰,2015-05-17,2015年5月17日,阵雨 /雷阵雨,25℃ / 17℃,东北风 ≤3级 /南风 ≤3级,阵雨,雷阵雨,25,17,东北风,≤3级,南风,≤3级,day
2015-02-05 13:37:00,红街,3、倒车的,负全部责任,不负责任,1,贵CWD843,黑,1,贵A8682F,银,新天驾校,-1,2015/1/6 0:00,-1,五菱牌,雪佛兰牌,366347000000000000 ,366846000000000000 ,198402,197903,13,3,2,工作日,非高峰,2015-02-05,2015年2月5日,阴 /阴,3℃ / 0℃,东北风 ≤3级 /东北风 ≤3级,阴,阴,3,0,东北风,≤3级,东北风,≤3级,day
2015-04-14 16:00:00,都司路,7、未按规定让行的 ,负全部责任,不负责任,1,贵AU5538,绿,1,贵ANL755,银,长运驾校,-1,2011/11/1 0:00,-1,捷达牌,奇瑞牌,366067000000000000 ,364547000000000 ,197406,720308,16,1,4,工作日,非高峰,2015-04-14,2015年4月14日,晴 /多云,22℃ / 9℃,东风 ≤3级 /东风 ≤3级,晴,多云,22,9,东风,≤3级,东风,≤3级,day
2015-03-19 08:30:00,松山路,8、依法应负全责的其他情形,负全部责任,不负责任,1,贵A19E98,白,1,贵AWY380,红,长运驾校,蓝天驾校,2012/9/26 0:00,2014/12/1 0:00,东风标致牌,丰田牌,366367000000000000 ,364567000000000000 ,198211,198807,8,3,3,工作日,早高峰(7-9点),2015-03-19,2015年3月19日,多云 /阵雨,26℃ / 12℃,南风 ≤3级 /东北风 ≤3级,多云,阵雨,26,12,南风,≤3级,东北风,≤3级,day
2015-05-20 17:05:00,世纪城,7、未按规定让行的 ,负全部责任,不负责任,1,贵A382D2,红,1,浙BY151S,黑,长运驾校,蓝天驾校,2012/11/9 0:00,2014/4/2 0:00,凯马牌,-1,366063000000000000 ,56168500000000000 ,199003,197609,17,2,5,工作日,晚高峰(17-19点),2015-05-20,2015年5月20日,阴 /阵雨,23℃ / 17℃,东北风 ≤3级 /东北风 ≤3级,阴,阵雨,23,17,东北风,≤3级,东北风,≤3级,day
2015-04-15 17:20:00,黔林山路,1、追尾的,负全部责任,不负责任,1,贵AW138,蓝,1,贵ACY965,银,长运驾校,-1,2012/4/28 0:00,-1,-1,雅阁牌,366864000000000000 ,364547000000000000 ,197911,196108,17,2,4,工作日,晚高峰(17-19点),2015-04-15,2015年4月15日,多云 /多云,24℃ / 16℃,东南风 ≤3级 /南风 ≤3级,多云,多云,24,16,东南风,≤3级,南风,≤3级,day
2015-04-28 10:30:00,二铺,3、倒车的,负全部责任,不负责任,0,贵A0701A,银,1,贵A4936S,蓝,长运驾校,诚信驾驶培训学校,2013/8/23 0:00,2011/11/2 0:00,海马,长安牌,364558000000000000 ,364557000000000000 ,197603,197206,10,1,4,工作日,非高峰,2015-04-28,2015年4月28日,多云 /多云,25℃ / 15℃,东北风 ≤3级 /东北风 ≤3级,多云,多云,25,15,东北风,≤3级,东北风,≤3级,day
2015-03-17 12:30:00,花二道,7、未按规定让行的 ,负全部责任,不负责任,1,贵AS7531,白色,1,贵G87481,白色,（南明区）长运驾驶培训有限公司,自培,2004/12/9 0:00,-1,解放牌,比亚迪牌,776264000000000000 ,366064000000000000 ,197101,198902,12,1,3,工作日,非高峰,2015-03-17,2015年3月17日,多云 /多云,25℃ / 14℃,南风 ≤3级 /南风 ≤3级,多云,多云,25,14,南风,≤3级,南风,≤3级,day
2015-03-28 10:00:00,黔泰隧道,8、依法应负全责的其他情形,负全部责任,不负责任,0,贵A0BM05,白,1,贵A98C86,银,长运驾校,市交校,2014/12/3 0:00,2012/5/16 0:00,福克斯牌,启辰牌,364548000000000000 ,364548000000000000 ,197710,197508,10,5,3,工作日,非高峰,2015-03-28,2015年3月28日,阵雨 /雷阵雨,17℃ / 14℃,南风 ≤3级 /南风 ≤3级,阵雨,雷阵雨,17,14,南风,≤3级,南风,≤3级,day
2015-02-07 21:00:00,大营坡,8、依法应负全责的其他情形,负全部责任,不负责任,1,贵A7575V,黄,1,贵A7242X ,银,长运驾校,-1,2014/1/7 0:00,-1,丰田牌,-1,366561000000000000 ,36454751395545X,199001,195811,21,5,2,工作日,非高峰,2015-02-07,2015年2月7日,阴 /阴,8℃ / 3℃,东北风 ≤3级 /东北风 ≤3级,阴,阴,8,3,东北风,≤3级,东北风,≤3级,night
2015-03-04 17:00:00,喷水池,1、追尾的,负全部责任,不负责任,1,贵A16114,白,1,贵A13N93,黑,长运驾校,新华驾校,2014/11/28 0:00,2012/9/5 0:00,五征牌,思威牌,366662000000000000 ,364547000000000000 ,199201,199306,17,2,3,工作日,晚高峰(17-19点),2015-03-04,2015年3月4日,小雨 /小雨,6℃ / 1℃,东北风 ≤3级 /东北风 ≤3级,小雨,小雨,6,1,东北风,≤3级,东北风,≤3级,day
2015-03-26 13:00:00,孟关,7、未按规定让行的 ,负全部责任,不负责任,1,贵AB181H,银,0,贵A52P81,白,（南明区）长运驾驶培训有限公司,自培,2004/12/23 0:00,1993/3/30 0:00,华泰圣达菲牌,北京牌,364547000000000000 ,364558000000000000 ,197304,197301,13,3,3,工作日,非高峰,2015-03-26,2015年3月26日,阴 /阵雨,17℃ / 12℃,南风 ≤3级 /南风 ≤3级,阴,阵雨,17,12,南风,≤3级,南风,≤3级,day
2015-04-07 18:30:00,花果园,7、未按规定让行的 ,负全部责任,不负责任,1,贵DAN939,银,1,川A4Q836,红,长运驾校,-1,2014/6/16 0:00,-1,凌派牌,长安牌 ,366661000000000000 ,355267000000000000 ,199008,198602,18,1,4,工作日,晚高峰(17-19点),2015-04-07,2015年4月7日,小雨 /小雨,9℃ / 5℃,东北风 ≤3级 /东北风 ≤3级,小雨,小雨,9,5,东北风,≤3级,东北风,≤3级,day
2015-03-08 18:00:00,白云牛场,7、未按规定让行的 ,负全部责任,不负责任,1,贵AA146Y,黑,1,贵AMP429,红,长运驾校,自培,2014/12/16 0:00,2004/7/16 0:00,英伦牌,东风雪铁龙牌,366368000000000000 ,364558000000000000 ,198701,197810,18,6,3,周末,晚高峰(17-19点),2015-03-08,2015年3月8日,小雨 /阴,11℃ / 6℃,东北风 ≤3级 /东北风 ≤3级,小雨,阴,11,6,东北风,≤3级,东北风,≤3级,day
2015-02-24 21:00:00,护国路,7、未按规定让行的 ,负全部责任,不负责任,1,贵A11M64,黑色,1,川A60T32,白色,长运驾校,-1,2014/2/19 0:00,-1,尼桑牌,大众牌 ,364548000000000000 ,70666551904855443X,199007,198407,21,1,2,工作日,非高峰,2015-02-24,2015年2月24日,多云 /阴,20℃ / 9℃,南风 ≤3级 /南风 ≤3级,多云,阴,20,9,南风,≤3级,南风,≤3级,night
2015-02-07 09:00:00,狗场林东收费站,7、未按规定让行的 ,负全部责任,不负责任,1,贵JBQ283,黑,1,贵AHT103,白,长运驾校,全林驾校,2014/11/6 0:00,2014/3/31 0:00,凌派牌,长安牌,364557000000000000 ,364557000000000000 ,197401,199308,9,5,2,工作日,早高峰(7-9点),2015-02-07,2015年2月7日,阴 /阴,8℃ / 3℃,东北风 ≤3级 /东北风 ≤3级,阴,阴,8,3,东北风,≤3级,东北风,≤3级,day
2015-02-06 14:00:00,甲秀南路,1、追尾的,负全部责任,不负责任,1,贵A2783A,银,1,浙BC8Q27,银,长运驾校,黔南州交通驾驶学校,2013/5/31 0:00,-1,五菱牌,-1,364557000000000000 ,366876000000000000 ,198808,197801,14,4,2,工作日,非高峰,2015-02-06,2015年2月6日,多云 /小雨,9℃ / 2℃,南风 ≤3级 /南风 ≤3级,多云,小雨,9,2,南风,≤3级,南风,≤3级,day
2015-05-19 09:22:00,花果园,7、未按规定让行的 ,负全部责任,不负责任,1,贵A43M93,红,1,贵A8BK08,红,路路达驾校,诚信驾驶培训学校,2014/5/15 0:00,2011/11/15 0:00,北京现代牌,长安牌,366347000000000000 ,36656551825545545X,198302,197611,9,1,5,工作日,早高峰(7-9点),2015-05-19,2015年5月19日,阵雨 /大雨,25℃ / 18℃,东北风 ≤3级 /南风 ≤3级,阵雨,大雨,25,18,东北风,≤3级,南风,≤3级,day
2015-05-02 16:00:00,东山,7、未按规定让行的 ,负全部责任,不负责任,1,贵A6131T,白色,1,贵A8KS84,白色,路路达驾校,自培,2014/9/12 0:00,2012/12/6 0:00,奇瑞牌,-1,364558000000000000 ,364647000000000000 ,197510,198302,16,5,5,工作日,非高峰,2015-05-02,2015年5月2日,多云 /阵雨,26℃ / 16℃,东北风 ≤3级 /东风 ≤3级,多云,阵雨,26,16,东北风,≤3级,东风,≤3级,day
2015-03-10 15:20:00,遵义路,7、未按规定让行的 ,负全部责任,不负责任,1,贵A39M69,黑,1,贵AKE164,银,长运驾校,自培,2013/9/5 0:00,2007/8/29 0:00,长城牌,迈腾,364557000000000000 ,364548000000000000 ,198606,198202,15,1,3,工作日,非高峰,2015-03-10,2015年3月10日,小雨 /小雨,8℃ / 4℃,东北风 ≤3级 /东北风 ≤3级,小雨,小雨,8,4,东北风,≤3级,东北风,≤3级,day
2015-04-18 14:40:00,军区门口,1、追尾的,负全部责任,不负责任,1,渝C18K25,白色,1,贵A47K22,黑色,长运驾校,自培,2015/2/2 0:00,2005/1/5 0:00,五菱牌,宝马,344796000000000000 ,366367000000000000 ,199610,198112,14,5,4,工作日,非高峰,2015-04-18,2015年4月18日,多云 /雷阵雨,29℃ / 16℃,南风 ≤3级 /南风 ≤3级,多云,雷阵雨,29,16,南风,≤3级,南风,≤3级,day
2015-05-27 14:00:00,天誉城,8、依法应负全责的其他情形,负全部责任,不负责任,1,贵A68M38,黑,1,贵A12X57,黑,长运驾校,自培,2014/2/28 0:00,2004/4/16 0:00,荣威牌,丰田牌,355766000000000000 ,364548000000000000 ,198805,198203,14,2,5,工作日,非高峰,2015-05-27,2015年5月27日,阴 /阵雨,26℃ / 20℃,南风 ≤3级 /东北风 ≤3级,阴,阵雨,26,20,南风,≤3级,东北风,≤3级,day
2015-03-25 09:00:00,金马街,7、未按规定让行的 ,负全部责任,不负责任,0,贵FX8468,黑,0,贵A19600,黄,路路达驾校,520114,2014/8/4 0:00,2008/8/26 0:00,五菱牌,嘉陵牌,366061000000000000 ,36454751214269246X,197405,196906,9,2,3,工作日,早高峰(7-9点),2015-03-25,2015年3月25日,阴 /阵雨,14℃ / 9℃,东北风 ≤3级 /东北风 ≤3级,阴,阵雨,14,9,东北风,≤3级,东北风,≤3级,day
2015-03-25 17:55:00,白云区,9、不符合前8款规定或者双方同时具有上述情形的,负同等责任,负同等责任,1,贵A5BM27,白,1,贵ARU655,银,路路达驾校（白云区）,消防驾校,2015/3/5 0:00,2010/5/11 0:00,大众汽车牌,长安牌,364647000000000000 ,364558000000000000 ,198411,198001,17,2,3,工作日,晚高峰(17-19点),2015-03-25,2015年3月25日,阴 /阵雨,14℃ / 9℃,东北风 ≤3级 /东北风 ≤3级,阴,阵雨,14,9,东北风,≤3级,东北风,≤3级,day
2015-02-04 13:50:00,南站路,8、依法应负全责的其他情形,负全部责任,不负责任,1,贵A15H86,白色,1,贵A86J58,白色,路路达驾校,全林驾校,2013/3/4 0:00,2010/9/8 0:00,中华牌,东风牌,354766000000000000 ,364547000000000000 ,198901,195806,13,2,2,工作日,非高峰,2015-02-04,2015年2月4日,小雨 /小雨,4℃ / 0℃,东北风 ≤3级 /东北风 ≤3级,小雨,小雨,4,0,东北风,≤3级,东北风,≤3级,day
2015-05-04 05:00:00,北京西路,1、追尾的,负全部责任,不负责任,1,贵A99C19,红,1,贵AHW476,红,路路达驾校,520109,2012/11/6 0:00,2007/11/12 0:00,长安牌,雷克萨斯,61442500000000000 ,364646000000000000 ,196810,196907,5,0,5,工作日,非高峰,2015-05-04,2015年5月4日,阵雨 /阵雨,20℃ / 14℃,东北风 ≤3级 /东北风 ≤3级,阵雨,阵雨,20,14,东北风,≤3级,东北风,≤3级,night
2015-02-07 10:30:00,白云区,8、依法应负全责的其他情形,负全部责任,不负责任,1,贵A12F79,黑,0,贵A2884U,白,路路达驾校,鑫鑫驾校,2013/2/3 0:00,2014/12/4 0:00,奇瑞牌,荣威牌,364558000000000000 ,364558000000000000 ,197504,198807,10,5,2,工作日,非高峰,2015-02-07,2015年2月7日,阴 /阴,8℃ / 3℃,东北风 ≤3级 /东北风 ≤3级,阴,阴,8,3,东北风,≤3级,东北风,≤3级,day
2015-03-07 15:30:00,合群路,3、倒车的,负全部责任,不负责任,1,贵AU5725,绿,1,贵A45B37,黑,（南明区）金大驾驶培训有限公司,铁二局驾校,2006/4/10 0:00,2012/8/30 0:00,捷达牌,马自达牌,366361000000000000 ,364548000000000000 ,197605,199011,15,5,3,工作日,非高峰,2015-03-07,2015年3月7日,阴 /小雨,10℃ / 5℃,东风 ≤3级 /东南风 ≤3级,阴,小雨,10,5,东风,≤3级,东南风,≤3级,day
2015-02-07 19:00:00,西二环,7、未按规定让行的 ,负全部责任,不负责任,1,贵A3995R,白色,1,贵ALD219,白色,路路达驾校,文通驾校,2015/1/5 0:00,2010/10/29 0:00,五菱牌,桑塔纳牌,366064000000000000 ,366669000000000000 ,199603,198409,19,5,2,工作日,晚高峰(17-19点),2015-02-07,2015年2月7日,阴 /阴,8℃ / 3℃,东北风 ≤3级 /东北风 ≤3级,阴,阴,8,3,东北风,≤3级,东北风,≤3级,day
2015-05-05 09:10:00,西南环线,7、未按规定让行的 ,负全部责任,不负责任,1,贵ASY926,白色,1,贵A35216,白色,（南明区）金大驾驶培训有限公司,-1,2005/2/18 0:00,-1,锋范牌,东风牌,364551000000000000 ,366046000000000000 ,198611,198710,9,1,5,工作日,早高峰(7-9点),2015-05-05,2015年5月5日,阵雨 /阵雨,21℃ / 15℃,南风 ≤3级 /南风 ≤3级,阵雨,阵雨,21,15,南风,≤3级,南风,≤3级,day
2015-03-02 08:10:00,黔林山路,1、追尾的,负全部责任,不负责任,1,贵A63548,黄,1,贵FV1688,白,路路达驾校,-1,2014/11/4 0:00,-1,跃进,东风标致牌,364568000000000000 ,366046000000000000 ,199204,198910,8,0,3,工作日,早高峰(7-9点),2015-03-02,2015年3月2日,阴 /小雨,9℃ / 2℃,东北风 ≤3级 /东北风 ≤3级,阴,小雨,9,2,东北风,≤3级,东北风,≤3级,day
2015-03-24 20:30:00,粑粑街,9、不符合前8款规定或者双方同时具有上述情形的,负同等责任,负同等责任,1,贵AA627F,黑,1,贵AKC309,黄,路路达驾校,520129,2014/10/11 0:00,2008/12/17 0:00,吉利美日牌,北京现代牌,366063000000000000 ,366067000000000000 ,199007,198710,20,1,3,工作日,非高峰,2015-03-24,2015年3月24日,小雨 /阵雨,13℃ / 7℃,东北风 ≤3级 /东北风 ≤3级,小雨,阵雨,13,7,东北风,≤3级,东北风,≤3级,night
2015-05-11 12:11:00,粑粑坳,9、不符合前8款规定或者双方同时具有上述情形的,负全部责任,不负责任,1,贵FH7706,红,1,贵HW3964,红,路路达驾校（白云区）,-1,2015/3/23 0:00,-1,-1,-1,36459551174240795X,366068000000000000 ,199306,199004,12,0,5,工作日,非高峰,2015-05-11,2015年5月11日,多云 /多云,24℃ / 13℃,东北风 ≤3级 /东北风 ≤3级,多云,多云,24,13,东北风,≤3级,东北风,≤3级,day
2015-02-12 13:10:00,大山洞同心西路,1、追尾的,负全部责任,不负责任,1,贵A7859S,黑,1,贵AH8809,黑,路路达驾校,自培,2012/6/19 0:00,2001/7/2 0:00,朗逸牌,猎豹牌,364558000000000000 ,364558000000000000 ,197712,197209,13,3,2,工作日,非高峰,2015-02-12,2015年2月12日,多云 /多云,15℃ / 5℃,南风 ≤3级 /南风 ≤3级,多云,多云,15,5,南风,≤3级,南风,≤3级,day
2015-04-10 17:22:00,金阳南路,1、追尾的,负全部责任,不负责任,0,贵A8AM28,银,1,贵GM8721,银,路路达驾校,自培,2012/9/20 0:00,2004/12/9 0:00,长安牌,吉利美日牌,364557000000000000 ,366363000000000000 ,198701,197409,17,4,4,工作日,晚高峰(17-19点),2015-04-10,2015年4月10日,小雨 /小雨,12℃ / 8℃,东北风 ≤3级 /东北风 ≤3级,小雨,小雨,12,8,东北风,≤3级,东北风,≤3级,day
2015-04-08 09:08:00,大营坡,1、追尾的,负全部责任,不负责任,1,贵AN6197,红,1,贵A52B78,红,（南明区）金大驾驶培训有限公司,自培,2008/5/8 0:00,2002/9/19 0:00,力帆牌,奇瑞牌,366067000000000000 ,364548000000000000 ,198911,194911,9,2,4,工作日,早高峰(7-9点),2015-04-08,2015年4月8日,小雨 /小雨,10℃ / 6℃,东北风 ≤3级 /东北风 ≤3级,小雨,小雨,10,6,东北风,≤3级,东北风,≤3级,day
2015-03-22 09:00:00,林城西路,7、未按规定让行的 ,负全部责任,不负责任,1,贵AU4777,蓝,1,贵A3126S,银,（南明区）金大驾驶培训有限公司,文通驾校,2008/8/26 0:00,2010/12/17 0:00,隆鑫牌,雪佛兰牌,36606051914946725X,364557000000000000 ,198908,198903,9,6,3,周末,早高峰(7-9点),2015-03-22,2015年3月22日,阵雨 /阵雨,19℃ / 10℃,东南风 ≤3级 /东风 ≤3级,阵雨,阵雨,19,10,东南风,≤3级,东风,≤3级,day
2015-04-18 19:30:00,煤矿村,3、倒车的,负全部责任,不负责任,1,贵A781E8,蓝,1,贵A38E91,白,（南明区）金大驾驶培训有限公司,吉源驾校,2006/1/16 0:00,2012/12/25 0:00,福田牌,吉利牌,366562000000000000 ,364596000000000000 ,197409,198804,19,5,4,工作日,晚高峰(17-19点),2015-04-18,2015年4月18日,多云 /雷阵雨,29℃ / 16℃,南风 ≤3级 /南风 ≤3级,多云,雷阵雨,29,16,南风,≤3级,南风,≤3级,day
2015-02-01 09:20:00,三桥立交桥改茶大道,1、追尾的,负全部责任,不负责任,1,豫KWT032,白,1,贵CG5889,黄色,（南明区）金大驾驶培训有限公司,-1,2008/1/21 0:00,-1,吉利全球鹰牌,吉利美日牌,55467500000000000 ,366562000000000000 ,197512,196306,9,6,2,周末,早高峰(7-9点),2015-02-01,2015年2月1日,阴 /小雨,2℃ / 0℃,东北风 ≤3级 /东风 ≤3级,阴,小雨,2,0,东北风,≤3级,东风,≤3级,day
2015-04-04 11:25:00,蓑草路,9、不符合前8款规定或者双方同时具有上述情形的,负同等责任,负同等责任,1,贵AU1936,黄,1,贵A35G32,黑,（南明区）金大驾驶培训有限公司,（南明区）金大驾驶培训有限公司,2008/1/31 0:00,2011/8/29 0:00,瑞麒牌,丰田牌,366361000000000000 ,364547000000000000 ,197201,198809,11,5,4,工作日,非高峰,2015-04-04,2015年4月4日,多云 /多云,29℃ / 18℃,南风 ≤3级 /南风 ≤3级,多云,多云,29,18,南风,≤3级,南风,≤3级,day
2015-03-19 17:00:00,开发大道,7、未按规定让行的 ,负全部责任,不负责任,1,贵GT7178,白色,1,贵AV9355,白色,（南明区）金大驾驶培训有限公司,-1,2006/6/8 0:00,-1,大众牌,宝马牌,366046000000000000 ,H5442186144,197912,72900,17,3,3,工作日,晚高峰(17-19点),2015-03-19,2015年3月19日,多云 /阵雨,26℃ / 12℃,南风 ≤3级 /东北风 ≤3级,多云,阵雨,26,12,南风,≤3级,东北风,≤3级,day