accidenttime,accidentaddr,driver1fault,driver1responsibility,driver2responsibility,sex1,platenumber1,carcolor1,sex2,platenumber2,carcolor2,jxmc1,jxmc2,cclzrq1,cclzrq2,clpp1,clpp2,driver1license,driver2license,brith1,brith2,hour,weekday,month,is_weekday,peak_hour,date,日期,天气状况,气温,风力风向,day_wea,night_wea,day_tep,night_tep,day_wind_direction,day_wind_speed,night_wind_direction,night_wind_speed,segment
2015-03-23 10:00:00,三桥,9、不符合前8款规定或者双方同时具有上述情形的,负同等责任,负同等责任,0,贵A8884X,黑,1,贵AYY788,黑,金大驾校,金大驾校,2012/8/24 0:00,2011/6/11 0:00,长安牌,别克牌,36455651154260696X,364558000000000000 ,199106,198901,10,0,3,工作日,非高峰,2015-03-23,2015年3月23日,多云 /阴,17℃ / 9℃,东北风 ≤3级 /东北风 ≤3级,多云,阴,17,9,东北风,≤3级,东北风,≤3级,day
2015-02-08 12:00:00,人民广场,1、追尾的,负全部责任,不负责任,1,贵AU5949,白色,1,贵FE6199,黑色,（南明区）金大驾驶培训有限公司,自培,2005/7/11 0:00,2003/9/12 0:00,蜀都牌,比亚迪牌,366067000000000000 ,366068000000000000 ,198007,198310,12,6,2,周末,非高峰,2015-02-08,2015年2月8日,阴 /阴,7℃ / 3℃,东北风 ≤3级 /南风 ≤3级,阴,阴,7,3,东北风,≤3级,南风,≤3级,day
2015-04-16 18:05:00,湘雅村,7、未按规定让行的 ,负全部责任,不负责任,1,贵A2BV21,黑,1,贵JDE116,黑,金大驾校,-1,2011/4/18 0:00,-1,别克牌,名爵牌,366061000000000000 ,366846000000000000 ,198603,199001,18,3,4,工作日,晚高峰(17-19点),2015-04-16,2015年4月16日,多云 /多云,29℃ / 17℃,南风 ≤3级 /南风 ≤3级,多云,多云,29,17,南风,≤3级,南风,≤3级,day
2015-04-29 21:20:00,小河平桥,9、不符合前8款规定或者双方同时具有上述情形的,负同等责任,负同等责任,1,贵A1768N,白色,1,川JZ3393,白色,金大驾校（南明区）,-1,2015/4/1 0:00,-1,莲花牌,奇瑞牌 ,366246000000000000 ,35414651204145177X,198807,196409,21,2,4,工作日,非高峰,2015-04-29,2015年4月29日,阵雨 /阵雨,26℃ / 16℃,东北风 ≤3级 /东南风 ≤3级,阵雨,阵雨,26,16,东北风,≤3级,东南风,≤3级,night
2015-02-04 08:00:00,冒沙井,7、未按规定让行的 ,负全部责任,不负责任,1,贵AN4089,黑,0,贵A97M66,黑,（南明区）金大驾驶培训有限公司,全林驾校,2007/8/10 0:00,2013/1/23 0:00,丰田牌,东风日产牌,364557000000000000 ,366069000000000000 ,197201,198510,8,2,2,工作日,早高峰(7-9点),2015-02-04,2015年2月4日,小雨 /小雨,4℃ / 0℃,东北风 ≤3级 /东北风 ≤3级,小雨,小雨,4,0,东北风,≤3级,东北风,≤3级,day
2015-03-25 09:00:00,北京西路,1、追尾的,负全部责任,不负责任,1,贵A127D5,银,1,贵ANT518,黑,（南明区）金大驾驶培训有限公司,-1,2004/12/30 0:00,-1,渝州牌,迈腾牌,364556000000000000 ,77445500000000000 ,197201,197912,9,2,3,工作日,早高峰(7-9点),2015-03-25,2015年3月25日,阴 /阵雨,14℃ / 9℃,东北风 ≤3级 /东北风 ≤3级,阴,阵雨,14,9,东北风,≤3级,东北风,≤3级,day
2015-03-22 11:22:00,北京路,8、依法应负全责的其他情形,负同等责任,负同等责任,1,贵AEW184,白,1,贵A87H72,白,（南明区）金大驾驶培训有限公司,（南明区）金大驾驶培训有限公司,2009/6/25 0:00,2004/12/9 0:00,别克牌,福克斯牌,36454751995654765X,366367000000000000 ,198812,196701,11,6,3,周末,非高峰,2015-03-22,2015年3月22日,阵雨 /阵雨,19℃ / 10℃,东南风 ≤3级 /东风 ≤3级,阵雨,阵雨,19,10,东南风,≤3级,东风,≤3级,day
2015-04-20 11:10:00,水口寺,3、倒车的,负全部责任,不负责任,1,贵AFN907,银,1,贵ARF109,银,（南明区）金大驾驶培训有限公司,自培,2008/8/11 0:00,2007/11/2 0:00,长安牌,大众牌,366570000000000000 ,364548000000000000 ,197408,198904,11,0,4,工作日,非高峰,2015-04-20,2015年4月20日,阴 /阴,20℃ / 11℃,东北风 ≤3级 /东北风 ≤3级,阴,阴,20,11,东北风,≤3级,东北风,≤3级,day
2015-03-28 08:40:00,开发大道,7、未按规定让行的 ,负全部责任,不负责任,1,贵A93F56,白色,1,贵A5338N,白色,（南明区）金大驾驶培训有限公司,自培,2006/10/22 0:00,2002/4/28 0:00,别克牌,长安牌,364547000000000000 ,364551000000000000 ,198706,197908,8,5,3,工作日,早高峰(7-9点),2015-03-28,2015年3月28日,阵雨 /雷阵雨,17℃ / 14℃,南风 ≤3级 /南风 ≤3级,阵雨,雷阵雨,17,14,南风,≤3级,南风,≤3级,day
2015-02-08 21:30:00,乌当,7、未按规定让行的 ,负全部责任,不负责任,1,贵FV0652,白,1,贵AAL526,银,金大驾校,自培,2013/2/3 0:00,2004/8/31 0:00,别克牌,重骑牌,36455651994963475X,366346000000000000 ,198808,196306,21,6,2,周末,非高峰,2015-02-08,2015年2月8日,阴 /阴,7℃ / 3℃,东北风 ≤3级 /南风 ≤3级,阴,阴,7,3,东北风,≤3级,南风,≤3级,night
2015-02-03 21:39:00,小河,1、追尾的,负全部责任,不负责任,1,贵ADZ185,黑,1,贵ANV541,白,（南明区）阳光驾驶培训有限公司,-1,2006/2/20 0:00,-1,比亚迪牌,马自达牌,364556000000000000 ,36454651264051602X,198706,196204,21,1,2,工作日,非高峰,2015-02-03,2015年2月3日,小雨 /小雨,6℃ / 1℃,东北风 ≤3级 /东北风 ≤3级,小雨,小雨,6,1,东北风,≤3级,东北风,≤3级,night
2015-03-29 21:00:00,红岩桥,3、倒车的,负全部责任,不负责任,1,贵ARB406,白色,1,贵GV4331,白色,（南明区）阳光驾驶培训有限公司,贵州现代驾驶培训责任有限公司,2006/9/13 0:00,2013/11/25 0:00,东南牌,三菱牌,364551000000000000 ,36455651174849425X,198710,199307,21,6,3,周末,非高峰,2015-03-29,2015年3月29日,阴 /多云,18℃ / 15℃,东风 ≤3级 /南风 ≤3级,阴,多云,18,15,东风,≤3级,南风,≤3级,night
2015-05-29 10:00:00,贵惠大道,1、追尾的,负全部责任,不负责任,1,贵AWC918,白色,1,贵AB4048,白色,自培,-1,2010/12/28 0:00,-1,奥迪牌,豪爵牌,344661000000000000 ,366862000000000000 ,199209,199005,10,4,5,工作日,非高峰,2015-05-29,2015年5月29日,阵雨 /阵雨,24℃ / 17℃,东南风 ≤3级 /东北风 ≤3级,阵雨,阵雨,24,17,东南风,≤3级,东北风,≤3级,day
2015-03-13 16:40:00,北京东路,8、依法应负全责的其他情形,负全部责任,不负责任,1,贵A6BW42,白,1,贵AU7889,白,金大驾校,自培,2014/10/28 0:00,2005/12/15 0:00,长安牌,奇瑞牌,364548000000000000 ,366064000000000000 ,199301,198107,16,4,3,工作日,非高峰,2015-03-13,2015年3月13日,多云 /阵雨,17℃ / 12℃,南风 ≤3级 /南风 ≤3级,多云,阵雨,17,12,南风,≤3级,南风,≤3级,day
2015-02-12 19:25:00,沙冲路,9、不符合前8款规定或者双方同时具有上述情形的,负同等责任,负同等责任,1,贵A6BX88,黑色,1,贵F38001,白色,贵阳学院汽车驾驶培训,自培,2010/6/30 0:00,2007/9/6 0:00,雪佛兰牌,比亚迪牌,366567000000000000 ,366064000000000000 ,198908,197810,19,3,2,工作日,晚高峰(17-19点),2015-02-12,2015年2月12日,多云 /多云,15℃ / 5℃,南风 ≤3级 /南风 ≤3级,多云,多云,15,5,南风,≤3级,南风,≤3级,day
2015-02-03 09:39:00,小河,1、追尾的,负全部责任,不负责任,1,贵ADZ185,黑,1,贵AU7707,黑,（南明区）阳光驾驶培训有限公司,自培,2006/2/20 0:00,2004/6/21 0:00,比亚迪牌,金龙牌,364556000000000000 ,366068000000000000 ,198706,197605,9,1,2,工作日,早高峰(7-9点),2015-02-03,2015年2月3日,小雨 /小雨,6℃ / 1℃,东北风 ≤3级 /东北风 ≤3级,小雨,小雨,6,1,东北风,≤3级,东北风,≤3级,day
2015-02-13 06:30:00,北京路省展览馆轻轨路口,7、未按规定让行的 ,负全部责任,不负责任,1,贵ABN352,白色,1,贵AN5521,绿色,（南明区）阳光驾驶培训有限公司,（乌当区）新天驾驶培训有限公司,2004/12/17 0:00,2007/5/21 0:00,帕萨特牌,隆鑫牌,366246000000000000 ,364568000000000000 ,196603,198804,6,4,2,工作日,非高峰,2015-02-13,2015年2月13日,多云 /阵雨,17℃ / 8℃,南风 ≤3级 /南风 ≤3级,多云,阵雨,17,8,南风,≤3级,南风,≤3级,day
2015-04-02 08:30:00,福州路,8、依法应负全责的其他情形,负全部责任,不负责任,0,贵ACW588,白,0,贵BV5553,红,（南明区）阳光驾驶培训有限公司,-1,2006/2/20 0:00,-1,北京现代牌,大众汽车牌,366863000000000000 ,364646000000000000 ,198205,198108,8,3,4,工作日,早高峰(7-9点),2015-04-02,2015年4月2日,多云 /多云,30℃ / 18℃,南风 ≤3级 /南风 ≤3级,多云,多云,30,18,南风,≤3级,南风,≤3级,day
2015-04-17 22:50:00,河滨公园,1、追尾的,负全部责任,不负责任,1,贵AMN771,银,0,贵GQ5912,白,（南明区）阳光驾驶培训有限公司,鑫鑫驾校,2008/5/15 0:00,2011/4/13 0:00,奇瑞牌,长城牌,366567000000000000 ,76762500000000000 ,198210,197908,22,4,4,工作日,非高峰,2015-04-17,2015年4月17日,多云 /多云,28℃ / 19℃,南风 ≤3级 /南风 ≤3级,多云,多云,28,19,南风,≤3级,南风,≤3级,night
2015-05-01 20:00:00,沙冲中路,7、未按规定让行的 ,负全部责任,不负责任,1,贵ASY665,白色,1,贵AU9633,白色,（南明区）阳光驾驶培训有限公司,金大驾校,2005/10/17 0:00,2003/7/15 0:00,雅阁牌,钱江牌,364548000000000000 ,36455551974353425X,196509,198305,20,4,5,工作日,非高峰,2015-05-01,2015年5月1日,阵雨 /多云,25℃ / 14℃,东南风 ≤3级 /东北风 ≤3级,阵雨,多云,25,14,东南风,≤3级,东北风,≤3级,night
2015-03-12 11:30:00,小河,7、未按规定让行的 ,负全部责任,不负责任,1,贵AJH352,灰色,1,贵JCM881,白色,吉源驾校,预约考试窗口,2006/4/29 0:00,2006/8/16 0:00,豪情牌,起亚牌,364556000000000000 ,36636051974949095X,198609,198308,11,3,3,工作日,非高峰,2015-03-12,2015年3月12日,多云 /多云,16℃ / 10℃,南风 ≤3级 /南风 ≤3级,多云,多云,16,10,南风,≤3级,南风,≤3级,day
2015-05-23 10:00:00,花溪,7、未按规定让行的 ,负全部责任,不负责任,1,贵A26103,白色,1,贵A9292K,白色,自培,阳光驾校,2008/5/26 0:00,2012/9/24 0:00,昌河,五菱牌,366876000000000000 ,364556000000000000 ,198310,199107,10,5,5,工作日,非高峰,2015-05-23,2015年5月23日,阵雨 /阴,19℃ / 14℃,东北风 ≤3级 /东北风 ≤3级,阵雨,阴,19,14,东北风,≤3级,东北风,≤3级,day
2015-04-12 10:00:00,盐务街,7、未按规定让行的 ,负全部责任,不负责任,1,贵ABM276,白色,1,贵AU7290,白色,（南明区）阳光驾驶培训有限公司,（花溪区）金马驾驶培训有限公司,2006/5/17 0:00,1994/8/16 0:00,大众汽车牌,恒通客车牌,364547000000000000 ,364547000000000000 ,195302,196810,10,6,4,周末,非高峰,2015-04-12,2015年4月12日,晴 /多云,21℃ / 7℃,东风 ≤3级 /东风 ≤3级,晴,多云,21,7,东风,≤3级,东风,≤3级,day
2015-03-02 08:31:00,西二环,1、追尾的,负全部责任,不负责任,1,贵AJK824,银,1,云A1Q479,银,贵阳学院汽车驾驶培训,自培,2010/9/8 0:00,2009/10/27 0:00,夏利牌,五菱牌,366661000000000000 ,366066000000000000 ,198909,197102,8,0,3,工作日,早高峰(7-9点),2015-03-02,2015年3月2日,阴 /小雨,9℃ / 2℃,东北风 ≤3级 /东北风 ≤3级,阴,小雨,9,2,东北风,≤3级,东北风,≤3级,day
2015-03-21 16:00:00,沙冲路,3、倒车的,负全部责任,不负责任,1,贵A2BA95,白色,1,京MY8125,白色,（南明区）阳光驾驶培训有限公司,自培,2004/12/3 0:00,2002/8/30 0:00,宝马,宝马,364547000000000000 ,366576000000000000 ,196702,197710,16,5,3,工作日,非高峰,2015-03-21,2015年3月21日,阴 /阴,16℃ / 11℃,东北风 ≤3级 /东南风 ≤3级,阴,阴,16,11,东北风,≤3级,东南风,≤3级,day
2015-03-05 18:00:00,太慈桥,3、倒车的,负全部责任,不负责任,1,贵AS3373,白色,1,贵A5258E,白色,（南明区）阳光驾驶培训有限公司,兴黔驾驶培训学校,2005/10/17 0:00,2006/6/21 0:00,丰田牌,长安牌,364547000000000000 ,366068000000000000 ,198302,197404,18,3,3,工作日,晚高峰(17-19点),2015-03-05,2015年3月5日,小雨 /小雨,4℃ / 1℃,东北风 ≤3级 /东北风 ≤3级,小雨,小雨,4,1,东北风,≤3级,东北风,≤3级,day
2015-05-20 09:00:00,水果批发市场,7、未按规定让行的 ,负全部责任,不负责任,1,贵A257A6,白色,1,贵A1691K,白色,（南明区）阳光驾驶培训有限公司,长运驾校,-1,2012/12/11 0:00,江铃牌,五菱牌,355468000000000000 ,366046000000000000 ,198602,197809,9,2,5,工作日,早高峰(7-9点),2015-05-20,2015年5月20日,阴 /阵雨,23℃ / 17℃,东北风 ≤3级 /东北风 ≤3级,阴,阵雨,23,17,东北风,≤3级,东北风,≤3级,day
2015-04-15 10:20:00,金珠路,7、未按规定让行的 ,负全部责任,不负责任,1,贵A8878R,黑,1,贵AG4521,黄,（南明区）阳光驾驶培训有限公司,诚信驾驶培训学校,2007/7/4 0:00,2003/5/31 0:00,北京现代牌,山城牌,36636651295659065X,36454751284855365X,196812,196707,10,2,4,工作日,非高峰,2015-04-15,2015年4月15日,多云 /多云,24℃ / 16℃,东南风 ≤3级 /南风 ≤3级,多云,多云,24,16,东南风,≤3级,南风,≤3级,day
2015-03-17 11:00:00,建设南路,7、未按规定让行的 ,负全部责任,不负责任,1,贵AU0828,黄,1,贵A4608P,银,（南明区）阳光驾驶培训有限公司,新华驾校,2006/12/5 0:00,2014/1/16 0:00,宝来牌,江南牌,357475000000000000 ,364548000000000000 ,196807,199205,11,1,3,工作日,非高峰,2015-03-17,2015年3月17日,多云 /多云,25℃ / 14℃,南风 ≤3级 /南风 ≤3级,多云,多云,25,14,南风,≤3级,南风,≤3级,day
2015-03-25 10:30:00,西二环,1、追尾的,负全部责任,不负责任,1,贵A3963学,红,1,贵AKE788,银,（南明区）阳光驾驶培训有限公司,自培,2008/10/21 0:00,2003/6/19 0:00,-1,雪佛兰牌,36656551814350347X,364556000000000000 ,197905,197012,10,2,3,工作日,非高峰,2015-03-25,2015年3月25日,阴 /阵雨,14℃ / 9℃,东北风 ≤3级 /东北风 ≤3级,阴,阵雨,14,9,东北风,≤3级,东北风,≤3级,day
2015-03-28 12:30:00,三桥,7、未按规定让行的 ,负全部责任,不负责任,1,贵JN4464,白,1,贵A57612,白,阳光驾校,自培,2011/6/17 0:00,2005/5/30 0:00,大众汽车牌,凯诺,366274000000000000 ,366061000000000000 ,198702,197812,12,5,3,工作日,非高峰,2015-03-28,2015年3月28日,阵雨 /雷阵雨,17℃ / 14℃,南风 ≤3级 /南风 ≤3级,阵雨,雷阵雨,17,14,南风,≤3级,南风,≤3级,day
2015-05-20 15:00:00,西南环线,3、倒车的,负全部责任,不负责任,1,贵AAC596,白色,1,贵A6M442,白色,（南明区）阳光驾驶培训有限公司,520109,2005/3/24 0:00,2008/10/22 0:00,江淮牌,-1,354166000000000000 ,364547000000000000 ,196708,198410,15,2,5,工作日,非高峰,2015-05-20,2015年5月20日,阴 /阵雨,23℃ / 17℃,东北风 ≤3级 /东北风 ≤3级,阴,阵雨,23,17,东北风,≤3级,东北风,≤3级,day
2015-02-08 17:40:00,西南环线路口,1、追尾的,负全部责任,不负责任,1,贵ACD471,红色,1,贵HAY166,黑色,阳光驾校,自培,2015/1/22 0:00,1996/1/17 0:00,别克牌,飞度牌,366067000000000000 ,364548000000000000 ,197605,196210,17,6,2,周末,晚高峰(17-19点),2015-02-08,2015年2月8日,阴 /阴,7℃ / 3℃,东北风 ≤3级 /南风 ≤3级,阴,阴,7,3,东北风,≤3级,南风,≤3级,day
2015-02-04 19:35:00,小河万科地产路口,7、未按规定让行的 ,负全部责任,不负责任,1,贵AE3028,白色,1,贵JBH736,白色,（南明区）阳光驾驶培训有限公司,顺一驾驶培训学校,2010/1/7 0:00,-1,豪爵牌,金旅牌,366566000000000000 ,03416651934352637X,196506,198505,19,2,2,工作日,晚高峰(17-19点),2015-02-04,2015年2月4日,小雨 /小雨,4℃ / 0℃,东北风 ≤3级 /东北风 ≤3级,小雨,小雨,4,0,东北风,≤3级,东北风,≤3级,day
2015-04-21 08:40:00,八匹马,7、未按规定让行的 ,负全部责任,不负责任,1,贵CW5298,银,1,贵CAF711,白,（南明区）阳光驾驶培训有限公司,-1,2005/1/11 0:00,-1,思威牌,揽胜极光,776363000000000000 ,366575000000000000 ,195607,199101,8,1,4,工作日,早高峰(7-9点),2015-04-21,2015年4月21日,阴 /阵雨,17℃ / 10℃,东北风 ≤3级 /东北风 ≤3级,阴,阵雨,17,10,东北风,≤3级,东北风,≤3级,day
2015-05-09 20:00:00,新添大道,8、依法应负全责的其他情形,负全部责任,不负责任,1,贵AB3921,红,0,贵AN5219,黑,（观山湖区）蓝天驾驶培训有限公司,自培,2006/7/28 0:00,1997/1/8 0:00,速卡迪牌,红旗牌,35469551944943465X,364547000000000000 ,198008,197804,20,5,5,工作日,非高峰,2015-05-09,2015年5月9日,阵雨 /阵雨,23℃ / 16℃,东北风 ≤3级 /东南风 ≤3级,阵雨,阵雨,23,16,东北风,≤3级,东南风,≤3级,night
2015-03-27 11:30:00,后坝,9、不符合前8款规定或者双方同时具有上述情形的,负同等责任,负同等责任,1,贵CLL005,白,1,贵A2601K,蓝,人武驾校,青正驾校,2014/3/18 0:00,2011/11/10 0:00,马自达牌,东风标致牌,366569000000000000 ,364596000000000000 ,199007,198707,11,4,3,工作日,非高峰,2015-03-27,2015年3月27日,阵雨 /阵雨,18℃ / 13℃,南风 ≤3级 /南风 ≤3级,阵雨,阵雨,18,13,南风,≤3级,南风,≤3级,day
2015-02-02 08:30:00,金阳新区碧海南路与林城西路交叉口,7、未按规定让行的 ,负全部责任,不负责任,1,贵AU8795,灰,1,贵ALA178,银,（观山湖区）蓝天驾驶培训有限公司,预约考试窗口,2006/9/29 0:00,2006/11/20 0:00,宝来牌,大众汽车牌,366070000000000000 ,364557000000000000 ,198711,198807,8,0,2,工作日,早高峰(7-9点),2015-02-02,2015年2月2日,阴 /小雨,7℃ / 3℃,南风 ≤3级 /东南风 ≤3级,阴,小雨,7,3,南风,≤3级,东南风,≤3级,day
2015-02-24 20:45:00,小河转盘处,7、未按规定让行的 ,负全部责任,不负责任,1,贵ASL833,黑色,1,贵A66C38,白色,（观山湖区）蓝天驾驶培训有限公司,顺一驾驶培训学校,2004/12/22 0:00,2012/12/4 0:00,雪佛兰牌,宝来牌,364548000000000000 ,366864000000000000 ,198610,198210,20,1,2,工作日,非高峰,2015-02-24,2015年2月24日,多云 /阴,20℃ / 9℃,南风 ≤3级 /南风 ≤3级,多云,阴,20,9,南风,≤3级,南风,≤3级,night
2015-03-19 10:30:00,石林路,8、依法应负全责的其他情形,负全部责任,不负责任,1,贵ARA375,黑,1,贵AU1677,蓝,（观山湖区）蓝天驾驶培训有限公司,自培,2007/2/2 0:00,2007/4/17 0:00,英伦牌,三铃牌,364557000000000000 ,36657651925454275X,196707,198610,10,3,3,工作日,非高峰,2015-03-19,2015年3月19日,多云 /阵雨,26℃ / 12℃,南风 ≤3级 /东北风 ≤3级,多云,阵雨,26,12,南风,≤3级,东北风,≤3级,day
2015-04-07 08:20:00,金阳南路,1、追尾的,负全部责任,不负责任,1,贵ARA375,黑,0,贵A94F45,白,（观山湖区）蓝天驾驶培训有限公司,自培,2007/2/2 0:00,2006/4/7 0:00,英伦牌,宝马,364557000000000000 ,36454751924560446X,196707,198601,8,1,4,工作日,早高峰(7-9点),2015-04-07,2015年4月7日,小雨 /小雨,9℃ / 5℃,东北风 ≤3级 /东北风 ≤3级,小雨,小雨,9,5,东北风,≤3级,东北风,≤3级,day
2015-03-15 11:00:00,优山美诗,3、倒车的,负全部责任,不负责任,1,贵A1BH18,白,1,贵DBW552,黑,（观山湖区）蓝天驾驶培训有限公司,-1,2008/12/22 0:00,-1,北京现代牌,五菱牌,36636051884655490X,366664000000000000 ,197702,198603,11,6,3,周末,非高峰,2015-03-15,2015年3月15日,阴 /阴,18℃ / 13℃,东风 ≤3级 /南风 ≤3级,阴,阴,18,13,东风,≤3级,南风,≤3级,day
2015-03-28 09:20:00,涴沙桥,7、未按规定让行的 ,负全部责任,不负责任,1,贵AF5254,红,1,陕A978XH,银,（观山湖区）蓝天驾驶培训有限公司,-1,2006/4/11 0:00,-1,银翔牌,\N,366375000000000000 ,354668000000000000 ,197610,197503,9,5,3,工作日,早高峰(7-9点),2015-03-28,2015年3月28日,阵雨 /雷阵雨,17℃ / 14℃,南风 ≤3级 /南风 ≤3级,阵雨,雷阵雨,17,14,南风,≤3级,南风,≤3级,day
2015-03-17 08:20:00,世纪城,7、未按规定让行的 ,负全部责任,不负责任,1,贵AS8426,黑,1,贵AA634N,银,蓝天驾校,-1,2012/4/13 0:00,-1,豪进牌,大众汽车牌,364548000000000000 ,64540500000000000 ,199007,197706,8,1,3,工作日,早高峰(7-9点),2015-03-17,2015年3月17日,多云 /多云,25℃ / 14℃,南风 ≤3级 /南风 ≤3级,多云,多云,25,14,南风,≤3级,南风,≤3级,day
2015-02-03 17:00:00,市公安局,7、未按规定让行的 ,负全部责任,不负责任,1,贵ATW352,黑,1,贵A97302,黑,蓝天驾校,自培,2011/11/7 0:00,2003/10/21 0:00,丰田牌,凌肯牌,354667000000000000 ,366361000000000000 ,197710,197501,17,1,2,工作日,晚高峰(17-19点),2015-02-03,2015年2月3日,小雨 /小雨,6℃ / 1℃,东北风 ≤3级 /东北风 ≤3级,小雨,小雨,6,1,东北风,≤3级,东北风,≤3级,day
2015-05-28 15:40:00,大关,1、追尾的,负全部责任,不负责任,1,贵A32F97,银,1,贵AMR942,红,（观山湖区）蓝天驾驶培训有限公司,贵州省长安驾驶培训学校,2005/9/16 0:00,2014/7/22 0:00,别克牌,长安牌,364548000000000000 ,356668000000000000 ,198602,196410,15,3,5,工作日,非高峰,2015-05-28,2015年5月28日,多云 /雷阵雨,29℃ / 19℃,南风 ≤3级 /东南风 ≤3级,多云,雷阵雨,29,19,南风,≤3级,东南风,≤3级,day
2015-03-12 11:10:00,延安中路,3、倒车的,负全部责任,不负责任,1,贵A75G68,白色,1,贵A57K18,白色,（观山湖区）蓝天驾驶培训有限公司,520116,2007/11/7 0:00,2008/7/22 0:00,高尔夫牌,华泰圣达菲牌,366577000000000000 ,364557000000000000 ,197008,198610,11,3,3,工作日,非高峰,2015-03-12,2015年3月12日,多云 /多云,16℃ / 10℃,南风 ≤3级 /南风 ≤3级,多云,多云,16,10,南风,≤3级,南风,≤3级,day
2015-04-18 13:50:00,化工路,7、未按规定让行的 ,负同等责任,负同等责任,0,贵ADK135,红,1,贵AC354L,银,（观山湖区）蓝天驾驶培训有限公司,-1,2007/11/8 0:00,-1,锋范牌,东风雪铁龙牌,36454751984162760X,356168000000000000 ,198709,195605,13,5,4,工作日,非高峰,2015-04-18,2015年4月18日,多云 /雷阵雨,29℃ / 16℃,南风 ≤3级 /南风 ≤3级,多云,雷阵雨,29,16,南风,≤3级,南风,≤3级,day
2015-04-09 13:40:00,小河转盘,7、未按规定让行的 ,负全部责任,不负责任,1,贵A4AM82,白色,1,贵ABX438,白色,（观山湖区）蓝天驾驶培训有限公司,-1,2006/11/22 0:00,-1,大众牌,时代牌,366268000000000000 ,35466900000000000 ,198212,197402,13,3,4,工作日,非高峰,2015-04-09,2015年4月9日,阴 /小雨,11℃ / 7℃,东北风 ≤3级 /东北风 ≤3级,阴,小雨,11,7,东北风,≤3级,东北风,≤3级,day
2015-04-27 16:20:00,白云区,7、未按规定让行的 ,负全部责任,不负责任,1,贵A930G2,蓝,1,贵F112EP,黄,蓝天驾校（观山湖区）,金大驾校,2015/4/17 0:00,2012/11/23 0:00,大运牌,-1,366063000000000000 ,764261000000000000 ,198012,196809,16,0,4,工作日,非高峰,2015-04-27,2015年4月27日,阴 /雷阵雨,21℃ / 14℃,东南风 ≤3级 /东北风 ≤3级,阴,雷阵雨,21,14,东南风,≤3级,东北风,≤3级,day
2015-04-27 16:20:00,白云区,8、依法应负全责的其他情形,负全部责任,不负责任,1,贵A93032,蓝,1,贵F112EP,银,蓝天驾校（观山湖区）,金大驾校,2015/4/17 0:00,2012/11/23 0:00,冠军,-1,366063000000000000 ,764261000000000000 ,198012,196809,16,0,4,工作日,非高峰,2015-04-27,2015年4月27日,阴 /雷阵雨,21℃ / 14℃,东南风 ≤3级 /东北风 ≤3级,阴,雷阵雨,21,14,东南风,≤3级,东北风,≤3级,day
2015-04-13 11:00:00,小河浦江路,8、依法应负全责的其他情形,负全部责任,不负责任,1,贵AK0663,白色,1,贵HAT774,白色,（观山湖区）蓝天驾驶培训有限公司,-1,2006/11/3 0:00,-1,长安,大众牌,364548000000000000 ,364551000000000000 ,197809,199402,11,0,4,工作日,非高峰,2015-04-13,2015年4月13日,晴 /多云,23℃ / 8℃,东北风 ≤3级 /东北风 ≤3级,晴,多云,23,8,东北风,≤3级,东北风,≤3级,day
2015-05-04 16:00:00,北京路,8、依法应负全责的其他情形,负全部责任,不负责任,1,贵A54Y69,红,1,贵AS5788,黑,（观山湖区）蓝天驾驶培训有限公司,-1,2009/9/10 0:00,-1,长安牌,金马牌,366569000000000000 ,364547000000000 ,198308,601028,16,0,5,工作日,非高峰,2015-05-04,2015年5月4日,阵雨 /阵雨,20℃ / 14℃,东北风 ≤3级 /东北风 ≤3级,阵雨,阵雨,20,14,东北风,≤3级,东北风,≤3级,day
2015-04-15 14:30:00,北京西路,1、追尾的,负全部责任,不负责任,1,贵APL063,银,1,贵AA102M,银,蓝天驾校,-1,2010/7/23 0:00,-1,凯迪拉克牌,哈弗牌,34466551904559585X,364546000000000 ,198401,560808,14,2,4,工作日,非高峰,2015-04-15,2015年4月15日,多云 /多云,24℃ / 16℃,东南风 ≤3级 /南风 ≤3级,多云,多云,24,16,东南风,≤3级,南风,≤3级,day
2015-02-06 22:00:00,大营坡,1、追尾的,负全部责任,不负责任,0,贵A1E414,白,1,贵AHJ331,黑,蓝天驾校,-1,2014/10/10 0:00,-1,-1,丰田牌,366661000000000000 ,364547000000000 ,197402,700807,22,4,2,工作日,非高峰,2015-02-06,2015年2月6日,多云 /小雨,9℃ / 2℃,南风 ≤3级 /南风 ≤3级,多云,小雨,9,2,南风,≤3级,南风,≤3级,night
2015-04-16 21:00:00,金苏大道,1、追尾的,负全部责任,不负责任,1,贵AB735C,黑,0,贵ARV264,银,蓝天驾校,-1,2011/7/11 0:00,-1,思铂睿牌,黄海牌,36636051964360395X,366064000000000000 ,198205,199201,21,3,4,工作日,非高峰,2015-04-16,2015年4月16日,多云 /多云,29℃ / 17℃,南风 ≤3级 /南风 ≤3级,多云,多云,29,17,南风,≤3级,南风,≤3级,night
2015-03-28 12:00:00,石标路,1、追尾的,负全部责任,不负责任,0,贵GQ2518,白,1,贵A68Z95,白,蓝天驾校,市交校,2013/11/21 0:00,2014/11/10 0:00,东风日产牌,长城牌,364558000000000000 ,366669000000000000 ,197204,196810,12,5,3,工作日,非高峰,2015-03-28,2015年3月28日,阵雨 /雷阵雨,17℃ / 14℃,南风 ≤3级 /南风 ≤3级,阵雨,雷阵雨,17,14,南风,≤3级,南风,≤3级,day