accidenttime,accidentaddr,driver1fault,driver1responsibility,driver2responsibility,sex1,platenumber1,carcolor1,sex2,platenumber2,carcolor2,jxmc1,jxmc2,cclzrq1,cclzrq2,clpp1,clpp2,driver1license,driver2license,brith1,brith2,hour,weekday,month,is_weekday,peak_hour,date,日期,天气状况,气温,风力风向,day_wea,night_wea,day_tep,night_tep,day_wind_direction,day_wind_speed,night_wind_direction,night_wind_speed,segment
2015-05-09 13:36:00,长岭南路,7、未按规定让行的 ,负全部责任,不负责任,1,贵A6F255,白,1,贵A5AF95,红,蓝天驾校,520134,2014/11/5 0:00,2007/9/29 0:00,-1,长安牌,366063000000000000 ,364548000000000000 ,198210,197208,13,5,5,工作日,非高峰,2015-05-09,2015年5月9日,阵雨 /阵雨,23℃ / 16℃,东北风 ≤3级 /东南风 ≤3级,阵雨,阵雨,23,16,东北风,≤3级,东南风,≤3级,day
2015-04-11 12:00:00,世纪城,9、不符合前8款规定或者双方同时具有上述情形的,负同等责任,负同等责任,1,贵GJ7182,白,1,川ALA568,白,（观山湖区）蓝天驾驶培训有限公司,-1,2009/12/17 0:00,-1,北京现代牌,圣路牌,355456000000000000 ,506864000000000000 ,197312,197008,12,5,4,工作日,非高峰,2015-04-11,2015年4月11日,多云 /多云,15℃ / 9℃,东北风 ≤3级 /东风 ≤3级,多云,多云,15,9,东北风,≤3级,东风,≤3级,day
2015-02-05 11:00:00,金阳北路,1、追尾的,负全部责任,不负责任,1,贵A37B68,黑,1,贵AHX412,黑,蓝天驾校,-1,2012/2/29 0:00,-1,大众汽车牌,速腾牌,364557000000000000 ,364547000000000000 ,198812,198505,11,3,2,工作日,非高峰,2015-02-05,2015年2月5日,阴 /阴,3℃ / 0℃,东北风 ≤3级 /东北风 ≤3级,阴,阴,3,0,东北风,≤3级,东北风,≤3级,day
2015-04-10 11:40:00,花香村,1、追尾的,负全部责任,不负责任,1,贵ALR391,黑,1,贵CNP644,银,市警校驾校,蓝天驾校,2010/3/16 0:00,-1,东南牌,北京牌,36606051845641565X,366566000000000000 ,197012,199005,11,4,4,工作日,非高峰,2015-04-10,2015年4月10日,小雨 /小雨,12℃ / 8℃,东北风 ≤3级 /东北风 ≤3级,小雨,小雨,12,8,东北风,≤3级,东北风,≤3级,day
2015-03-22 14:30:00,白云公园,7、未按规定让行的 ,负全部责任,不负责任,1,贵A44F66,黑,1,贵A1G797,蓝,（经开区）金安驾驶培训有限公司,路路达驾校,2008/9/24 0:00,2014/3/4 0:00,蒙迪欧牌,吉利牌,364556000000000000 ,366068000000000000 ,199002,199505,14,6,3,周末,非高峰,2015-03-22,2015年3月22日,阵雨 /阵雨,19℃ / 10℃,东南风 ≤3级 /东风 ≤3级,阵雨,阵雨,19,10,东南风,≤3级,东风,≤3级,day
2015-04-17 08:29:00,云岩区,7、未按规定让行的 ,负全部责任,不负责任,0,贵A87G85,黑,1,贵AS0107,黄,市警校驾校,自培,2011/12/6 0:00,2012/8/29 0:00,长安牌,万虎牌,364548000000000000 ,364548000000000000 ,198605,199007,8,4,4,工作日,早高峰(7-9点),2015-04-17,2015年4月17日,多云 /多云,28℃ / 19℃,南风 ≤3级 /南风 ≤3级,多云,多云,28,19,南风,≤3级,南风,≤3级,day
2015-04-11 15:00:00,中华南路,7、未按规定让行的 ,负全部责任,不负责任,1,贵AMM378,白,1,贵HY1514,白,市警校驾校,自培,2012/3/8 0:00,-1,北京现代牌,东风日产牌,35436551174148398X,366246000000000000 ,199309,197910,15,5,4,工作日,非高峰,2015-04-11,2015年4月11日,多云 /多云,15℃ / 9℃,东北风 ≤3级 /东风 ≤3级,多云,多云,15,9,东北风,≤3级,东风,≤3级,day
2015-03-27 08:20:00,西二环,7、未按规定让行的 ,负全部责任,不负责任,0,贵AHM564,黑,0,贵ANU491,黑,市警校驾校,-1,2011/5/6 0:00,-1,宝马,别克牌,366846000000000000 ,364548000000000000 ,197502,198207,8,4,3,工作日,早高峰(7-9点),2015-03-27,2015年3月27日,阵雨 /阵雨,18℃ / 13℃,南风 ≤3级 /南风 ≤3级,阵雨,阵雨,18,13,南风,≤3级,南风,≤3级,day
2015-04-10 14:40:00,花香村,1、追尾的,负全部责任,不负责任,1,贵AFR391,黑,1,贵AU0738,蓝,市警校驾校,自培,2010/3/16 0:00,2009/1/14 0:00,丰田牌,万达牌,36606051845641565X,366068000000000000 ,197012,198903,14,4,4,工作日,非高峰,2015-04-10,2015年4月10日,小雨 /小雨,12℃ / 8℃,东北风 ≤3级 /东北风 ≤3级,小雨,小雨,12,8,东北风,≤3级,东北风,≤3级,day
2015-03-31 10:21:00,石标路,3、倒车的,负全部责任,不负责任,1,贵A68Y77,白,1,贵GP1164,蓝,市警校驾校,盘县民星驾驶培训学校有限公司,2010/2/5 0:00,2012/4/9 0:00,雷克萨斯,北斗星,364548000000000000 ,364558000000000000 ,199004,199203,10,1,3,工作日,非高峰,2015-03-31,2015年3月31日,多云 /多云,28℃ / 19℃,南风 ≤3级 /南风 ≤3级,多云,多云,28,19,南风,≤3级,南风,≤3级,day
2015-05-10 11:20:00,贵钢,1、追尾的,负全部责任,不负责任,1,贵A28M44,白,1,贵AB262A,红,金安驾校（经开区）,-1,2015/4/10 0:00,-1,东风雪铁龙牌,五菱牌,74095500000000000 ,36455600000000000 ,198401,199102,11,6,5,周末,非高峰,2015-05-10,2015年5月10日,阵雨 /雷阵雨,25℃ / 14℃,南风 ≤3级 /南风 ≤3级,阵雨,雷阵雨,25,14,南风,≤3级,南风,≤3级,day
2015-05-12 20:55:00,黄山冲,9、不符合前8款规定或者双方同时具有上述情形的,负同等责任,负同等责任,1,贵AR6383,白,0,贵A79G86,白,市警校驾校,新华驾校,2011/7/14 0:00,2012/12/21 0:00,雪佛兰牌,福克斯牌,364548000000000000 ,366566000000000000 ,195911,198108,20,1,5,工作日,非高峰,2015-05-12,2015年5月12日,阴 /雷阵雨,24℃ / 13℃,南风 ≤3级 /南风 ≤3级,阴,雷阵雨,24,13,南风,≤3级,南风,≤3级,night
2015-05-06 14:10:00,解放路,7、未按规定让行的 ,负全部责任,不负责任,0,贵A79L33,白,1,贵AVA445,蓝,市警校驾校,市警校驾校,2014/9/12 0:00,2001/12/3 0:00,-1,雪佛兰牌,776263000000000000 ,366347000000000000 ,197806,197309,14,2,5,工作日,非高峰,2015-05-06,2015年5月6日,多云 /多云,25℃ / 16℃,东北风 ≤3级 /南风 ≤3级,多云,多云,25,16,东北风,≤3级,南风,≤3级,day
2015-03-03 15:00:00,金竹镇金夕路,8、依法应负全责的其他情形,负全部责任,不负责任,1,贵A14B92,白色,1,贵J12335,白色,自培,黔西县顺风机动车驾驶学校有限公司,2005/2/1 0:00,1997/12/23 0:00,福克斯牌,东风雪铁龙牌,364547000000000000 ,364556000000000000 ,198512,196902,15,1,3,工作日,非高峰,2015-03-03,2015年3月3日,小雨 /小雨,8℃ / 3℃,东北风 ≤3级 /东北风 ≤3级,小雨,小雨,8,3,东北风,≤3级,东北风,≤3级,day
2015-03-10 14:18:00,三桥,8、依法应负全责的其他情形,负全部责任,不负责任,1,贵A7835L,黑,1,贵GR9055,白,自培,-1,2010/2/22 0:00,-1,大众牌,福田牌,357267000000000000 ,774761000000000000 ,198203,198501,14,1,3,工作日,非高峰,2015-03-10,2015年3月10日,小雨 /小雨,8℃ / 4℃,东北风 ≤3级 /东北风 ≤3级,小雨,小雨,8,4,东北风,≤3级,东北风,≤3级,day
2015-03-15 21:05:00,大营路,3、倒车的,负全部责任,不负责任,1,贵GV9471,白色,1,贵AU7929,白色,市警校驾校,520116,2014/9/12 0:00,1993/9/22 0:00,翼搏牌,奇瑞牌,364547000000000000 ,364556000000000000 ,196709,196305,21,6,3,周末,非高峰,2015-03-15,2015年3月15日,阴 /阴,18℃ / 13℃,东风 ≤3级 /南风 ≤3级,阴,阴,18,13,东风,≤3级,南风,≤3级,night
2015-02-02 13:05:00,浣沙桥,4、停车时未挂低速档、未拉驻车制动，导致车辆滑行的,负全部责任,不负责任,1,贵AA4384,白色,1,贵A45172,白色,（云岩区）时发驾驶培训有限公司,-1,2007/8/20 0:00,-1,金龙牌,本田,364547000000000000 ,364547000000 ,198904,266955,13,0,2,工作日,非高峰,2015-02-02,2015年2月2日,阴 /小雨,7℃ / 3℃,南风 ≤3级 /东南风 ≤3级,阴,小雨,7,3,南风,≤3级,东南风,≤3级,day
2015-05-06 09:20:00,大营路,7、未按规定让行的 ,负全部责任,不负责任,1,贵GE7616,黑,1,贵A7Q105,红,时发驾校,-1,2011/5/25 0:00,-1,-1,-1,354663000000000000 ,574967000000000000 ,196302,198609,9,2,5,工作日,早高峰(7-9点),2015-05-06,2015年5月6日,多云 /多云,25℃ / 16℃,东北风 ≤3级 /南风 ≤3级,多云,多云,25,16,东北风,≤3级,南风,≤3级,day
2015-03-03 14:30:00,云潭路,1、追尾的,负全部责任,不负责任,1,贵A8710F,黑,1,湘E6H632,白,时发驾校,-1,2011/12/12 0:00,-1,江淮牌,江铃牌,774769000000000000 ,366268000000000000 ,197703,198111,14,1,3,工作日,非高峰,2015-03-03,2015年3月3日,小雨 /小雨,8℃ / 3℃,东北风 ≤3级 /东北风 ≤3级,小雨,小雨,8,3,东北风,≤3级,东北风,≤3级,day
2015-03-16 18:00:00,世纪城,8、依法应负全责的其他情形,负全部责任,不负责任,1,贵JBT394,银,1,贵HAQ122,银,时发驾校,贵州现代驾驶培训责任有限公司,2010/7/16 0:00,2009/9/28 0:00,北京现代牌,吉利美日牌,74367500000000000 ,366262000000000000 ,198910,198607,18,0,3,工作日,晚高峰(17-19点),2015-03-16,2015年3月16日,阴 /多云,20℃ / 15℃,南风 ≤3级 /南风 ≤3级,阴,多云,20,15,南风,≤3级,南风,≤3级,day
2015-05-27 10:30:00,白云北路,1、追尾的,负全部责任,不负责任,0,贵AH765M,红,1,粤B5PV96,黑,时发驾校,自培,2014/11/25 0:00,2005/1/17 0:00,-1,-1,366347000000000000 ,366346000000000000 ,197509,198306,10,2,5,工作日,非高峰,2015-05-27,2015年5月27日,阴 /阵雨,26℃ / 20℃,南风 ≤3级 /东北风 ≤3级,阴,阵雨,26,20,南风,≤3级,东北风,≤3级,day
2015-05-03 11:00:00,北京路,1、追尾的,负全部责任,不负责任,0,贵A26G44,黑,1,贵AEP634,蓝,时发驾校,鑫鑫驾校,2012/12/4 0:00,2010/7/26 0:00,马自达牌,起亚牌,364548000000000000 ,36454751244050695X,198803,196004,11,6,5,周末,非高峰,2015-05-03,2015年5月3日,阵雨 /阵雨,25℃ / 15℃,东北风 ≤3级 /东北风 ≤3级,阵雨,阵雨,25,15,东北风,≤3级,东北风,≤3级,day
2015-05-14 17:30:00,金关,1、追尾的,负全部责任,不负责任,1,渝CX9778,黑,1,贵CDG842,黑,时发驾校,省交校,2011/9/5 0:00,2012/12/21 0:00,-1,-1,366577000000000000 ,366546000000000000 ,198106,199110,17,3,5,工作日,晚高峰(17-19点),2015-05-14,2015年5月14日,多云 /雷阵雨,27℃ / 20℃,东南风 ≤3级 /南风 ≤3级,多云,雷阵雨,27,20,东南风,≤3级,南风,≤3级,day
2015-02-11 15:20:00,艺校立交,1、追尾的,负全部责任,不负责任,1,贵AU7524,白色,1,贵A37L46,白色,时发驾校,贵州省长安驾驶培训学校,2011/3/7 0:00,-1,捷达牌,长安牌,356168000000000000 ,364596000000000000 ,197308,198911,15,2,2,工作日,非高峰,2015-02-11,2015年2月11日,多云 /多云,11℃ / 3℃,东风 ≤3级 /东北风 ≤3级,多云,多云,11,3,东风,≤3级,东北风,≤3级,day
2015-03-16 18:40:00,圣泉流云花园,1、追尾的,负全部责任,不负责任,1,贵AK9408,银,1,贵AEE496,银,时发驾校,-1,2014/7/18 0:00,-1,比亚迪牌,轩逸牌,366577000000000000 ,774769000000000000 ,198509,198007,18,0,3,工作日,晚高峰(17-19点),2015-03-16,2015年3月16日,阴 /多云,20℃ / 15℃,南风 ≤3级 /南风 ≤3级,阴,多云,20,15,南风,≤3级,南风,≤3级,day
2015-05-20 08:15:00,金园路,8、依法应负全责的其他情形,负全部责任,不负责任,1,贵AB082S,黄,1,贵A19C98,白,时发驾校（云岩区）,520131,2015/3/19 0:00,2010/2/9 0:00,捷达牌,别克牌,366368000000000000 ,366361000000000000 ,199406,197311,8,2,5,工作日,早高峰(7-9点),2015-05-20,2015年5月20日,阴 /阵雨,23℃ / 17℃,东北风 ≤3级 /东北风 ≤3级,阴,阵雨,23,17,东北风,≤3级,东北风,≤3级,day
2015-04-20 16:00:00,金阳,4、停车时未挂低速档、未拉驻车制动，导致车辆滑行的,负全部责任,不负责任,1,贵A6616M,黑,1,贵AEQ331,蓝,自培,文通驾校,2009/1/12 0:00,2012/3/21 0:00,比亚迪牌,奇瑞牌,366063000000000000 ,366369000000000000 ,199002,198908,16,0,4,工作日,非高峰,2015-04-20,2015年4月20日,阴 /阴,20℃ / 11℃,东北风 ≤3级 /东北风 ≤3级,阴,阴,20,11,东北风,≤3级,东北风,≤3级,day
2015-04-18 17:20:00,中山路,1、追尾的,负全部责任,不负责任,1,贵AJ2229,白色,1,贵A3PC79,白色,（白云区）景宏驾驶培训有限公司,520108,2006/5/26 0:00,2010/9/15 0:00,宗申牌,-1,364548000000000000 ,364556000000000000 ,198608,198204,17,5,4,工作日,晚高峰(17-19点),2015-04-18,2015年4月18日,多云 /雷阵雨,29℃ / 16℃,南风 ≤3级 /南风 ≤3级,多云,雷阵雨,29,16,南风,≤3级,南风,≤3级,day
2015-03-20 10:30:00,花果园,7、未按规定让行的 ,负全部责任,不负责任,1,贵AR2024,白色,1,贵AU4051,白色,时发驾校,自培,2011/11/22 0:00,2001/11/21 0:00,宗申牌,力帆牌,364547000000000000 ,366868000000000000 ,197208,196510,10,4,3,工作日,非高峰,2015-03-20,2015年3月20日,阴 /阵雨,14℃ / 10℃,东北风 ≤3级 /东北风 ≤3级,阴,阵雨,14,10,东北风,≤3级,东北风,≤3级,day
2015-04-02 14:41:00,大营坡,1、追尾的,负全部责任,不负责任,1,贵HCR923,银,1,贵AG1671,黑,时发驾校,自培,2014/5/21 0:00,1998/12/1 0:00,奇瑞牌,蒙迪欧牌,366864000000000000 ,364547000000000000 ,198310,196901,14,3,4,工作日,非高峰,2015-04-02,2015年4月2日,多云 /多云,30℃ / 18℃,南风 ≤3级 /南风 ≤3级,多云,多云,30,18,南风,≤3级,南风,≤3级,day
2015-04-03 20:50:00,刚玉街,7、未按规定让行的 ,负全部责任,不负责任,1,贵ASA924,白,1,贵A5178B,白,时发驾校,预约考试窗口,2014/3/13 0:00,2007/4/4 0:00,奥路卡牌,东风标致牌,364566000000000000 ,36455751985451445X,199005,198710,20,4,4,工作日,非高峰,2015-04-03,2015年4月3日,多云 /多云,30℃ / 19℃,南风 ≤3级 /南风 ≤3级,多云,多云,30,19,南风,≤3级,南风,≤3级,night
2015-04-02 13:30:00,盐务街,8、依法应负全责的其他情形,负全部责任,不负责任,1,贵A51L13,银,1,贵AD9169,蓝,时发驾校,全林驾校,2015/1/5 0:00,2014/7/10 0:00,丰田牌,风火轮牌,364548000000000000 ,364548000000000000 ,196805,199408,13,3,4,工作日,非高峰,2015-04-02,2015年4月2日,多云 /多云,30℃ / 18℃,南风 ≤3级 /南风 ≤3级,多云,多云,30,18,南风,≤3级,南风,≤3级,day
2015-04-19 21:35:00,长江路,7、未按规定让行的 ,负全部责任,不负责任,1,贵JCC868,白色,1,贵GX5342,白色,（白云区）景宏驾驶培训有限公司,市交校,2008/6/20 0:00,-1,福特牌,梅赛德斯-奔驰,364547000000000000 ,366568000000000000 ,198507,198511,21,6,4,周末,非高峰,2015-04-19,2015年4月19日,阵雨 /阵雨,22℃ / 13℃,东北风 ≤3级 /东北风 ≤3级,阵雨,阵雨,22,13,东北风,≤3级,东北风,≤3级,night
2015-03-16 18:00:00,花二道,1、追尾的,负全部责任,不负责任,1,贵AB4227,黄,1,贵GM2727,银,（白云区）景宏驾驶培训有限公司,长运驾校,2007/10/30 0:00,2014/12/30 0:00,飞肯牌,江铃牌,364556000000000000 ,355363000000000000 ,198612,199601,18,0,3,工作日,晚高峰(17-19点),2015-03-16,2015年3月16日,阴 /多云,20℃ / 15℃,南风 ≤3级 /南风 ≤3级,阴,多云,20,15,南风,≤3级,南风,≤3级,day
2015-02-08 11:20:00,白云南路, ,负同等责任,负同等责任,1,贵A5BX52,黑,1,贵GS3743,红,（白云区）景宏驾驶培训有限公司,（白云区）景宏驾驶培训有限公司,2006/4/27 0:00,2014/10/11 0:00,东风标致牌,雪佛兰牌,364548000000000000 ,364596000000000000 ,198501,199011,11,6,2,周末,非高峰,2015-02-08,2015年2月8日,阴 /阴,7℃ / 3℃,东北风 ≤3级 /南风 ≤3级,阴,阴,7,3,东北风,≤3级,南风,≤3级,day
2015-05-24 08:52:00,枣山路,1、追尾的,负全部责任,不负责任,1,贵A1K496,红,1,贵GN4244,白,景宏驾校,520126,2013/8/12 0:00,2010/12/1 0:00,-1,-1,36455751224968405X,366768000000000000 ,196608,198609,8,6,5,周末,早高峰(7-9点),2015-05-24,2015年5月24日,多云 /阴,24℃ / 18℃,东风 ≤3级 /东南风 ≤3级,多云,阴,24,18,东风,≤3级,东南风,≤3级,day
2015-04-11 12:20:00,贵阳大剧院对面,7、未按规定让行的 ,负全部责任,不负责任,1,贵GT3052,白色,1,贵GQ4888,白色,景宏驾校,-1,2011/12/31 0:00,-1,大众汽车牌,-1,364548000000000000 ,366557000000000000 ,198603,198408,12,5,4,工作日,非高峰,2015-04-11,2015年4月11日,多云 /多云,15℃ / 9℃,东北风 ≤3级 /东风 ≤3级,多云,多云,15,9,东北风,≤3级,东风,≤3级,day
2015-04-12 11:20:00,凤凰山,7、未按规定让行的 ,负全部责任,不负责任,1,贵AKQ813,白色,1,贵F55644,白色,（白云区）景宏驾驶培训有限公司,-1,2007/6/15 0:00,-1,大众汽车牌,长安,36634651844555491X,3645470000000000 ,197001,197006,11,6,4,周末,非高峰,2015-04-12,2015年4月12日,晴 /多云,21℃ / 7℃,东风 ≤3级 /东风 ≤3级,晴,多云,21,7,东风,≤3级,东风,≤3级,day
2015-03-04 08:15:00,甲秀南路,1、追尾的,负全部责任,不负责任,1,贵A3770K,黑,1,贵A3069学,银,景宏驾校,520115,2012/12/18 0:00,2008/10/23 0:00,捷达,-1,364556000000000000 ,366061000000000000 ,197112,197608,8,2,3,工作日,早高峰(7-9点),2015-03-04,2015年3月4日,小雨 /小雨,6℃ / 1℃,东北风 ≤3级 /东北风 ≤3级,小雨,小雨,6,1,东北风,≤3级,东北风,≤3级,day
2015-03-08 15:00:00,甲秀南路,1、追尾的,负全部责任,不负责任,1,贵A3770R,黑,1,贵AHM943,红,景宏驾校,-1,2012/12/18 0:00,-1,吉利牌,红旗牌,364556000000000000 ,36455551154562305X,197112,199101,15,6,3,周末,非高峰,2015-03-08,2015年3月8日,小雨 /阴,11℃ / 6℃,东北风 ≤3级 /东北风 ≤3级,小雨,阴,11,6,东北风,≤3级,东北风,≤3级,day
2015-03-16 17:30:00,中坝,7、未按规定让行的 ,负全部责任,不负责任,1,贵A2972N,黑,1,贵F76659,白,景宏驾校,景宏驾校,2011/12/30 0:00,-1,大众汽车牌,猎豹,364558000000000000 ,366067000000000000 ,197103,198112,17,0,3,工作日,晚高峰(17-19点),2015-03-16,2015年3月16日,阴 /多云,20℃ / 15℃,南风 ≤3级 /南风 ≤3级,阴,多云,20,15,南风,≤3级,南风,≤3级,day
2015-03-10 15:30:00,花溪大道,1、追尾的,负全部责任,不负责任,1,贵JR4639,白色,1,贵A80441,白色,（白云区）景宏驾驶培训有限公司,-1,2009/12/2 0:00,-1,北京现代牌,江铃全顺牌,366868000000000000 ,366564000000000000 ,198304,197910,15,1,3,工作日,非高峰,2015-03-10,2015年3月10日,小雨 /小雨,8℃ / 4℃,东北风 ≤3级 /东北风 ≤3级,小雨,小雨,8,4,东北风,≤3级,东北风,≤3级,day
2015-03-12 12:17:00,长岭北路,1、追尾的,负全部责任,不负责任,1,贵A4740Y,白,1,贵A8911L,白,（乌当区）新华驾驶培训有限公司,吉源驾校,2004/12/8 0:00,2015/1/30 0:00,奥迪牌,威志牌,364547000000000000 ,364557000000000000 ,198309,198411,12,3,3,工作日,非高峰,2015-03-12,2015年3月12日,多云 /多云,16℃ / 10℃,南风 ≤3级 /南风 ≤3级,多云,多云,16,10,南风,≤3级,南风,≤3级,day
2015-04-15 14:00:00,中曹司大桥,1、追尾的,负全部责任,不负责任,1,贵AEQ365,白色,1,贵A3301N,白色,（乌当区）新华驾驶培训有限公司,铁二局驾校,2008/7/16 0:00,2012/11/9 0:00,大众汽车牌,长安牌,676548000000000000 ,366368000000000000 ,198407,198006,14,2,4,工作日,非高峰,2015-04-15,2015年4月15日,多云 /多云,24℃ / 16℃,东南风 ≤3级 /南风 ≤3级,多云,多云,24,16,东南风,≤3级,南风,≤3级,day
2015-02-28 17:00:00,福泽路,1、追尾的,负全部责任,不负责任,1,贵A74P45,红色,1,贵A047A3,白色,（乌当区）新华驾驶培训有限公司,鑫鑫驾校,2008/10/23 0:00,2012/11/9 0:00,北京现代牌,江淮牌,364551000000000000 ,364556000000000000 ,198612,198605,17,5,2,工作日,晚高峰(17-19点),2015-02-28,2015年2月28日,小雨 /小雨,8℃ / 4℃,东北风 ≤3级 /东北风 ≤3级,小雨,小雨,8,4,东北风,≤3级,东北风,≤3级,day
2015-04-18 10:00:00,学士路,5、开关车门的,负全部责任,不负责任,1,贵A98W38,白色,1,贵A8773W,白色,（乌当区）新华驾驶培训有限公司,吉源驾校,2008/7/16 0:00,2008/5/12 0:00,波罗牌,五菱牌,364556000000000000 ,364556000000000000 ,197109,198111,10,5,4,工作日,非高峰,2015-04-18,2015年4月18日,多云 /雷阵雨,29℃ / 16℃,南风 ≤3级 /南风 ≤3级,多云,雷阵雨,29,16,南风,≤3级,南风,≤3级,day
2015-04-07 08:05:00,白云,1、追尾的,负全部责任,不负责任,1,贵GJ1516,银,1,贵AV5985,银,（乌当区）新华驾驶培训有限公司,-1,2007/8/27 0:00,-1,-1,吉利美日牌,366370000000000000 ,355366000000000000 ,198106,198509,8,1,4,工作日,早高峰(7-9点),2015-04-07,2015年4月7日,小雨 /小雨,9℃ / 5℃,东北风 ≤3级 /东北风 ≤3级,小雨,小雨,9,5,东北风,≤3级,东北风,≤3级,day
2015-03-04 07:30:00,乌当,7、未按规定让行的 ,负全部责任,不负责任,1,贵A213H3,银,1,贵AB258G,银,（乌当区）新华驾驶培训有限公司,新华驾校,2015/2/9 0:00,2014/11/20 0:00,五菱牌,吉利美日牌,364557000000000000 ,364568000000000000 ,198311,199007,7,2,3,工作日,早高峰(7-9点),2015-03-04,2015年3月4日,小雨 /小雨,6℃ / 1℃,东北风 ≤3级 /东北风 ≤3级,小雨,小雨,6,1,东北风,≤3级,东北风,≤3级,day
2015-05-25 13:10:00,金朱东路,3、倒车的,负全部责任,不负责任,1,贵AC277A,黑,1,贵JAR247,红,新华驾校（乌当区）,520134,2015/3/13 0:00,2007/11/14 0:00,东风日产牌,-1,355468000000000000 ,36687451974140587X,196801,198309,13,0,5,工作日,非高峰,2015-05-25,2015年5月25日,多云 /阵雨,26℃ / 19℃,东南风 ≤3级 /东南风 ≤3级,多云,阵雨,26,19,东南风,≤3级,东南风,≤3级,day
2015-05-21 12:00:00,红街,3、倒车的,负全部责任,不负责任,1,贵A49M96,红,1,贵FV6544,蓝,（乌当区）新华驾驶培训有限公司,路路达驾校（白云区）,2005/8/26 0:00,2015/3/23 0:00,长安牌,-1,364547000000000000 ,366067000000000000 ,194609,198810,12,3,5,工作日,非高峰,2015-05-21,2015年5月21日,阴 /阵雨,24℃ / 16℃,东风 ≤3级 /东风 ≤3级,阴,阵雨,24,16,东风,≤3级,东风,≤3级,day
2015-05-23 13:00:00,金苏大道,8、依法应负全责的其他情形,负全部责任,不负责任,1,贵A3544W,红,0,贵JBP639,黑,新华驾校,吉源驾校,2012/12/5 0:00,2014/9/10 0:00,长安牌,-1,364558000000000000 ,36455651964364636X,198208,198205,13,5,5,工作日,非高峰,2015-05-23,2015年5月23日,阵雨 /阴,19℃ / 14℃,东北风 ≤3级 /东北风 ≤3级,阵雨,阴,19,14,东北风,≤3级,东北风,≤3级,day
2015-03-12 08:40:00,小河,1、追尾的,负全部责任,不负责任,1,贵A4147Y,白色,1,贵AHV965,白色,新华驾校,-1,2011/12/5 0:00,-1,东风标致牌,奥德赛牌,366368000000000000 ,356369000000000000 ,197112,197207,8,3,3,工作日,早高峰(7-9点),2015-03-12,2015年3月12日,多云 /多云,16℃ / 10℃,南风 ≤3级 /南风 ≤3级,多云,多云,16,10,南风,≤3级,南风,≤3级,day
2015-03-12 18:07:00,西二环,1、追尾的,负全部责任,不负责任,1,贵AG8126,黑,1,贵ANH521,黑,铁二局驾校,自培,2011/12/5 0:00,2004/9/27 0:00,望龙牌,丰田牌,364548000000000000 ,364646000000000000 ,198909,197302,18,3,3,工作日,晚高峰(17-19点),2015-03-12,2015年3月12日,多云 /多云,16℃ / 10℃,南风 ≤3级 /南风 ≤3级,多云,多云,16,10,南风,≤3级,南风,≤3级,day
2015-02-06 14:30:00,五里冲,3、倒车的,负全部责任,不负责任,1,贵GM4354,白色,1,贵GR2023,黑色,新华驾校,自培,2010/11/26 0:00,2002/11/8 0:00,大众牌,长安牌,364551000000000000 ,05616351865542438X,198809,197211,14,4,2,工作日,非高峰,2015-02-06,2015年2月6日,多云 /小雨,9℃ / 2℃,南风 ≤3级 /南风 ≤3级,多云,小雨,9,2,南风,≤3级,南风,≤3级,day
2015-03-04 19:10:00,乌当,7、未按规定让行的 ,负全部责任,不负责任,1,贵A14F43,银,1,贵A897E1,白,新华驾校,黔南州兴鑫驾驶员培训学校,2014/1/16 0:00,-1,吉利美日牌,解放牌,54743500000000000 ,366862000000000000 ,198410,198405,19,2,3,工作日,晚高峰(17-19点),2015-03-04,2015年3月4日,小雨 /小雨,6℃ / 1℃,东北风 ≤3级 /东北风 ≤3级,小雨,小雨,6,1,东北风,≤3级,东北风,≤3级,day
2015-03-17 18:30:00,乌当,1、追尾的,负全部责任,不负责任,1,贵CNB262,银,1,贵AU7144,黄,新华驾校,自培,2014/11/20 0:00,1995/1/26 0:00,荣威牌,海格牌,366561000000000000 ,364558000000000000 ,199307,197109,18,1,3,工作日,晚高峰(17-19点),2015-03-17,2015年3月17日,多云 /多云,25℃ / 14℃,南风 ≤3级 /南风 ≤3级,多云,多云,25,14,南风,≤3级,南风,≤3级,day
2015-05-25 08:30:00,宏太物流,7、未按规定让行的 ,负全部责任,不负责任,1,贵AB515R,黑,1,贵GA4825,白,新华驾校（乌当区）,-1,2015/3/13 0:00,-1,北京牌,-1,364557000000000000 ,364546000000000 ,197407,560816,8,0,5,工作日,早高峰(7-9点),2015-05-25,2015年5月25日,多云 /阵雨,26℃ / 19℃,东南风 ≤3级 /东南风 ≤3级,多云,阵雨,26,19,东南风,≤3级,东南风,≤3级,day
2015-05-25 08:30:00,宏太物流仓库,7、未按规定让行的 ,负全部责任,不负责任,1,贵AB515R,白,1,贵GA4825,黑,新华驾校（乌当区）,-1,2015/3/13 0:00,-1,北京牌,-1,364557000000000000 ,364546000000000 ,197407,560816,8,0,5,工作日,早高峰(7-9点),2015-05-25,2015年5月25日,多云 /阵雨,26℃ / 19℃,东南风 ≤3级 /东南风 ≤3级,多云,阵雨,26,19,东南风,≤3级,东南风,≤3级,day
2015-04-10 16:20:00,松山路,7、未按规定让行的 ,负全部责任,不负责任,1,贵A73X81,银,1,贵AKR778,银,（乌当区）新华驾驶培训有限公司,自培,2007/11/2 0:00,1993/5/9 0:00,东风雪铁龙牌,宝马,364547000000000000 ,364548000000000000 ,195710,196704,16,4,4,工作日,非高峰,2015-04-10,2015年4月10日,小雨 /小雨,12℃ / 8℃,东北风 ≤3级 /东北风 ≤3级,小雨,小雨,12,8,东北风,≤3级,东北风,≤3级,day