accidenttime,accidentaddr,driver1fault,driver1responsibility,driver2responsibility,sex1,platenumber1,carcolor1,sex2,platenumber2,carcolor2,jxmc1,jxmc2,cclzrq1,cclzrq2,clpp1,clpp2,driver1license,driver2license,brith1,brith2,hour,weekday,month,is_weekday,peak_hour,date,日期,天气状况,气温,风力风向,day_wea,night_wea,day_tep,night_tep,day_wind_direction,day_wind_speed,night_wind_direction,night_wind_speed,segment
2015-02-11 08:55:00,市南路口,1、追尾的,负全部责任,不负责任,1,临贵A7B828,白色,1,贵A29328,白色,（乌当区）新华驾驶培训有限公司,消防驾校,2005/1/19 0:00,2003/9/3 0:00,-1,桑塔纳,364547000000000000 ,76265500000000000 ,196209,197202,8,2,2,工作日,早高峰(7-9点),2015-02-11,2015年2月11日,多云 /多云,11℃ / 3℃,东风 ≤3级 /东北风 ≤3级,多云,多云,11,3,东风,≤3级,东北风,≤3级,day
2015-03-18 15:30:00,世纪城,7、未按规定让行的 ,负全部责任,不负责任,1,贵AQ7251,银,1,贵GR1399,黑,（乌当区）新华驾驶培训有限公司,自培,2006/8/18 0:00,-1,雅阁,宝马牌,366669000000000000 ,366064000000000000 ,198008,198902,15,2,3,工作日,非高峰,2015-03-18,2015年3月18日,多云 /多云,24℃ / 14℃,南风 ≤3级 /南风 ≤3级,多云,多云,24,14,南风,≤3级,南风,≤3级,day
2015-04-14 09:00:00,太慈桥,1、追尾的,负全部责任,不负责任,1,贵FZ0947,白色,1,贵A966B9,白色,（乌当区）新华驾驶培训有限公司,无,2009/10/27 0:00,1998/4/7 0:00,哈弗牌,田野牌,366068000000000000 ,366347000000000000 ,198712,197707,9,1,4,工作日,早高峰(7-9点),2015-04-14,2015年4月14日,晴 /多云,22℃ / 9℃,东风 ≤3级 /东风 ≤3级,晴,多云,22,9,东风,≤3级,东风,≤3级,day
2015-02-09 12:00:00,合鹏,7、未按规定让行的 ,负全部责任,不负责任,1,贵ALH989,白色,1,贵AB495K,黑色,（乌当区）新华驾驶培训有限公司,-1,2009/7/27 0:00,-1,北京现代牌,大众牌,366064000000000000 ,366067000000000000 ,199003,197519,12,0,2,工作日,非高峰,2015-02-09,2015年2月9日,阴 /小雨,6℃ / 4℃,东北风 ≤3级 /东北风 ≤3级,阴,小雨,6,4,东北风,≤3级,东北风,≤3级,day
2015-05-29 17:40:00,碧海南路,7、未按规定让行的 ,负全部责任,不负责任,0,贵AHX952,红,1,粤B522AV,红,（乌当区）新华驾驶培训有限公司,-1,2007/6/13 0:00,-1,丰田牌,-1,366363000000000000 ,784962000000000000 ,196506,197306,17,4,5,工作日,晚高峰(17-19点),2015-05-29,2015年5月29日,阵雨 /阵雨,24℃ / 17℃,东南风 ≤3级 /东北风 ≤3级,阵雨,阵雨,24,17,东南风,≤3级,东北风,≤3级,day
2015-04-21 16:00:00,金阳,7、未按规定让行的 ,负全部责任,不负责任,0,贵A21P14,黑,1,贵A745C4,蓝,新华驾校,新华驾校,2014/5/16 0:00,2010/11/25 0:00,沃尔沃,福田牌,364557000000000000 ,36459551874941497X,198506,197308,16,1,4,工作日,非高峰,2015-04-21,2015年4月21日,阴 /阵雨,17℃ / 10℃,东北风 ≤3级 /东北风 ≤3级,阴,阵雨,17,10,东北风,≤3级,东北风,≤3级,day
2015-04-13 17:00:00,牛郎关,3、倒车的,负全部责任,不负责任,1,贵ADW201,白色,1,桂R11533,白色,新华驾校,-1,2014/4/15 0:00,-1,解放牌,东风日产牌,364548000000000000 ,34946500000000000 ,199109,198604,17,0,4,工作日,晚高峰(17-19点),2015-04-13,2015年4月13日,晴 /多云,23℃ / 8℃,东北风 ≤3级 /东北风 ≤3级,晴,多云,23,8,东北风,≤3级,东北风,≤3级,day
2015-05-01 19:00:00,观山湖,3、倒车的,负全部责任,不负责任,1,贵A75L58,白色,1,贵JAR747,白色,新华驾校,520109,2014/10/8 0:00,2008/12/22 0:00,三菱牌,-1,366664000000000000 ,35616651834957081X,198501,197508,19,4,5,工作日,晚高峰(17-19点),2015-05-01,2015年5月1日,阵雨 /多云,25℃ / 14℃,东南风 ≤3级 /东北风 ≤3级,阵雨,多云,25,14,东南风,≤3级,东北风,≤3级,day
2015-04-26 03:30:00,霞辉路,7、未按规定让行的 ,负全部责任,不负责任,1,贵A2077V,白色,1,贵AC098P,白色,新华驾校,-1,2013/5/6 0:00,-1,长安牌,东风标致牌,364556000000000000 ,366862000000000000 ,198002,198503,3,6,4,周末,非高峰,2015-04-26,2015年4月26日,阵雨 /阵雨,18℃ / 14℃,东南风 ≤3级 /东北风 ≤3级,阵雨,阵雨,18,14,东南风,≤3级,东北风,≤3级,night
2015-03-10 20:00:00,金园路,1、追尾的,负全部责任,不负责任,1,贵7060N,黑,1,贵A0403P,银,新华驾校,-1,2014/5/6 0:00,-1,-1,威志牌,366063000000000000 ,366569000000000000 ,198611,196606,20,1,3,工作日,非高峰,2015-03-10,2015年3月10日,小雨 /小雨,8℃ / 4℃,东北风 ≤3级 /东北风 ≤3级,小雨,小雨,8,4,东北风,≤3级,东北风,≤3级,night
2015-03-06 16:16:00,白云北路,7、未按规定让行的 ,负全部责任,不负责任,1,贵A871F9,白,1,贵A15G88,黑,毕节地区黔中汽车(摩托车)驾驶培训学校,自培,2011/3/2 0:00,2011/6/21 0:00,解放牌,丰田牌,364548000000000000 ,366567000000000000 ,198707,199106,16,4,3,工作日,非高峰,2015-03-06,2015年3月6日,小雨 /小雨,5℃ / 3℃,东北风 ≤3级 /东北风 ≤3级,小雨,小雨,5,3,东北风,≤3级,东北风,≤3级,day
2015-05-10 17:00:00,小河五大队,7、未按规定让行的 ,负全部责任,不负责任,1,贵A73R64,白色,1,贵AE0133,白色,毕节地区黔中汽车(摩托车)驾驶培训学校,自培,-1,1995/2/15 0:00,东风牌,豪爵牌,366068000000000000 ,366361000000000000 ,199306,195803,17,6,5,周末,晚高峰(17-19点),2015-05-10,2015年5月10日,阵雨 /雷阵雨,25℃ / 14℃,南风 ≤3级 /南风 ≤3级,阵雨,雷阵雨,25,14,南风,≤3级,南风,≤3级,day
2015-04-26 20:00:00,花溪大道,7、未按规定让行的 ,负全部责任,不负责任,1,贵A5053E,白色,1,贵AA293U,白色,贵州省仁怀市酒都汽车驾驶培训有限公司,遵义市祥顺机动车驾驶培训学校,-1,2005/4/30 0:00,起亚牌,丰田牌,366570000000000000 ,36406351964662445X,198108,198202,20,6,4,周末,非高峰,2015-04-26,2015年4月26日,阵雨 /阵雨,18℃ / 14℃,东南风 ≤3级 /东北风 ≤3级,阵雨,阵雨,18,14,东南风,≤3级,东北风,≤3级,night
2015-03-22 14:46:00,铁桥,8、依法应负全责的其他情形,负全部责任,不负责任,1,贵FX7722,黄,1,贵AFX585,黑,毕节地区黔中汽车(摩托车)驾驶培训学校,520134,-1,2007/9/28 0:00,奇瑞牌,力帆牌,366067000000000000 ,366563000000000000 ,198812,197608,14,6,3,周末,非高峰,2015-03-22,2015年3月22日,阵雨 /阵雨,19℃ / 10℃,东南风 ≤3级 /东风 ≤3级,阵雨,阵雨,19,10,东南风,≤3级,东风,≤3级,day
2015-05-14 19:00:00,刚玉街,9、不符合前8款规定或者双方同时具有上述情形的,负全部责任,不负责任,1,渝B47616,银,0,贵AV0497,蓝,毕节地区黔中汽车(摩托车)驾驶培训学校,自培,2011/12/1 0:00,2002/8/27 0:00,-1,长安牌,354668000000000000 ,364547000000000000 ,197907,198104,19,3,5,工作日,晚高峰(17-19点),2015-05-14,2015年5月14日,多云 /雷阵雨,27℃ / 20℃,东南风 ≤3级 /南风 ≤3级,多云,雷阵雨,27,20,东南风,≤3级,南风,≤3级,day
2015-05-29 09:20:00,八匹马,7、未按规定让行的 ,负全部责任,不负责任,1,贵A46617,红,1,贵CCV539,红,贵州省仁怀市顺全汽车驾驶培训有限公司,-1,2010/9/16 0:00,-1,胜达,-1,366575000000000000 ,366564000000000000 ,197111,199110,9,4,5,工作日,早高峰(7-9点),2015-05-29,2015年5月29日,阵雨 /阵雨,24℃ / 17℃,东南风 ≤3级 /东北风 ≤3级,阵雨,阵雨,24,17,东南风,≤3级,东北风,≤3级,day
2015-05-30 20:00:00,贵开路,9、不符合前8款规定或者双方同时具有上述情形的,负同等责任,负同等责任,1,贵BAR638,白色,1,贵AH1967,白色,盘县海洋汽车摩托车驾驶培训有限公司,盘县海洋汽车摩托车驾驶培训有限公司,-1,2002/12/30 0:00,-1,银翔牌,36464651994254446X,364547000000000000 ,198806,196508,20,5,5,工作日,非高峰,2015-05-30,2015年5月30日,阵雨 /阵雨,23℃ / 17℃,东北风 ≤3级 /东风 ≤3级,阵雨,阵雨,23,17,东北风,≤3级,东风,≤3级,night
2015-04-19 16:00:00,遵义路,1、追尾的,负全部责任,不负责任,1,贵HW5793,白色,1,贵A10459,白色,黔东南民族职业技术学院驾驶学校,-1,2014/10/14 0:00,-1,中华牌,嘉陵牌,366264000000000000 ,37654500000000000 ,197110,973020,16,6,4,周末,非高峰,2015-04-19,2015年4月19日,阵雨 /阵雨,22℃ / 13℃,东北风 ≤3级 /东北风 ≤3级,阵雨,阵雨,22,13,东北风,≤3级,东北风,≤3级,day
2015-04-28 09:50:00,金阳,7、未按规定让行的 ,负全部责任,不负责任,1,贵A0CE47,黑,1,贵GV8725,黑,黔西南州金运驾驶员培训学校有限公司,-1,2012/8/14 0:00,-1,大众汽车牌,东风雪铁龙牌,366766000000000000 ,754542000000000000 ,199005,196007,9,1,4,工作日,早高峰(7-9点),2015-04-28,2015年4月28日,多云 /多云,25℃ / 15℃,东北风 ≤3级 /东北风 ≤3级,多云,多云,25,15,东北风,≤3级,东北风,≤3级,day
2015-04-28 08:49:00,北京西路,1、追尾的,负全部责任,不负责任,1,贵CGY291,白,0,贵JDB227,白,惠水县黔岭机动车驾驶培训有限公司,蓝天驾校（观山湖区）,-1,2015/4/17 0:00,起亚牌,长安牌,366577000000000000 ,366577000000000000 ,197901,198207,8,1,4,工作日,早高峰(7-9点),2015-04-28,2015年4月28日,多云 /多云,25℃ / 15℃,东北风 ≤3级 /东北风 ≤3级,多云,多云,25,15,东北风,≤3级,东北风,≤3级,day
2015-03-10 21:30:00,盐务街,1、追尾的,负全部责任,不负责任,0,贵A43A97,银,1,小型,白,惠水县黔岭机动车驾驶培训有限公司,520118,2012/2/24 0:00,2009/11/4 0:00,福克斯牌,-1,364548000000000000 ,364548000000000000 ,197502,197707,21,1,3,工作日,非高峰,2015-03-10,2015年3月10日,小雨 /小雨,8℃ / 4℃,东北风 ≤3级 /东北风 ≤3级,小雨,小雨,8,4,东北风,≤3级,东北风,≤3级,night
2015-03-17 07:40:00,黔灵公园,7、未按规定让行的 ,负全部责任,不负责任,1,贵JS7371,白,0,贵A6BF82,黑,黔南州兴鑫汽车驾驶培训学校,全林驾校,-1,2014/11/14 0:00,英伦牌,翼搏牌,366862000000000000 ,366367000000000000 ,196608,198010,7,1,3,工作日,早高峰(7-9点),2015-03-17,2015年3月17日,多云 /多云,25℃ / 14℃,南风 ≤3级 /南风 ≤3级,多云,多云,25,14,南风,≤3级,南风,≤3级,day
2015-03-20 13:29:00,碧海南路,7、未按规定让行的 ,负全部责任,不负责任,0,贵AR1665,银,1,粤A336AC,黑,黔南州兴鑫汽车驾驶培训学校,-1,2015/2/3 0:00,-1,大众汽车牌,长安,366875000000000000 ,366846000000000000 ,199007,197208,13,4,3,工作日,非高峰,2015-03-20,2015年3月20日,阴 /阵雨,14℃ / 10℃,东北风 ≤3级 /东北风 ≤3级,阴,阵雨,14,10,东北风,≤3级,东北风,≤3级,day
2015-03-13 07:28:00,北京路,8、依法应负全责的其他情形,负全部责任,不负责任,0,贵ANJ472,银,1,贵FX7391,白,惠水县黔岭机动车驾驶培训有限公司,（南明区）铁二局驾驶培训有限公司,2014/8/14 0:00,2006/1/23 0:00,颐达牌,钱江牌,366061000000000000 ,364548000000000000 ,199303,198709,7,4,3,工作日,早高峰(7-9点),2015-03-13,2015年3月13日,多云 /阵雨,17℃ / 12℃,南风 ≤3级 /南风 ≤3级,多云,阵雨,17,12,南风,≤3级,南风,≤3级,day
2015-04-25 14:30:00,朱昌路,1、追尾的,负全部责任,不负责任,1,贵A612F6,白色,1,贵A1685N,白色,遵义市海通机动车驾驶培训学校,顺一驾驶培训学校,-1,2012/11/16 0:00,解放牌,大众汽车牌,366061000000000000 ,366561000000000000 ,198506,198410,14,5,4,工作日,非高峰,2015-04-25,2015年4月25日,阴 /阵雨,20℃ / 11℃,东风 ≤3级 /东南风 ≤3级,阴,阵雨,20,11,东风,≤3级,东南风,≤3级,day
2015-02-07 17:20:00,杨家山隧道,1、追尾的,负全部责任,不负责任,1,贵DBW274,蓝,1,贵ANV349,白,贵州省铜南汽车驾驶培训有限公司,预约考试窗口,-1,2006/11/6 0:00,马自达牌,吉利牌,36666351165562443X,366670000000000000 ,199211,197801,17,5,2,工作日,晚高峰(17-19点),2015-02-07,2015年2月7日,阴 /阴,8℃ / 3℃,东北风 ≤3级 /东北风 ≤3级,阴,阴,8,3,东北风,≤3级,东北风,≤3级,day
2015-05-17 21:20:00,金园路,9、不符合前8款规定或者双方同时具有上述情形的,负全部责任,不负责任,0,贵DD3665,白,1,贵AA395F,黄,铜仁地区锦宏咨询服务有限公司驾驶培训学校,520116,-1,2008/12/17 0:00,-1,雪佛兰牌,366669000000000000 ,366064000000000000 ,198909,197712,21,6,5,周末,非高峰,2015-05-17,2015年5月17日,阵雨 /雷阵雨,25℃ / 17℃,东北风 ≤3级 /南风 ≤3级,阵雨,雷阵雨,25,17,东北风,≤3级,南风,≤3级,night
2015-05-19 15:00:00,花溪公园,7、未按规定让行的 ,负全部责任,不负责任,1,贵GGC866,白色,1,贵A88M17,白色,黔南州华晟驾驶培训学校,贵大驾校,-1,2014/3/26 0:00,-1,大众牌,366876000000000000 ,36624551234069495X,198609,196504,15,1,5,工作日,非高峰,2015-05-19,2015年5月19日,阵雨 /大雨,25℃ / 18℃,东北风 ≤3级 /南风 ≤3级,阵雨,大雨,25,18,东北风,≤3级,南风,≤3级,day
2015-03-31 11:10:00,新天大道,8、依法应负全责的其他情形,负全部责任,不负责任,1,贵AL7889,白色,1,贵A60441,白色,黔南金都汽车驾驶学校,贵州现代驾驶培训责任有限公司,-1,2014/5/8 0:00,神龙-富康,川路,366875000000000000 ,364557000000000000 ,199104,198201,11,1,3,工作日,非高峰,2015-03-31,2015年3月31日,多云 /多云,28℃ / 19℃,南风 ≤3级 /南风 ≤3级,多云,多云,28,19,南风,≤3级,南风,≤3级,day
2015-05-21 00:00:00,田园北路,7、未按规定让行的 ,负全部责任,不负责任,1,贵A6737M,白色,1,贵A568E3,白色,黔南金都汽车驾驶学校,十一驾驶培训有限公司,-1,2010/10/25 0:00,五菱牌,田野牌,364556000000000000 ,74595500000000000 ,197903,199104,0,3,5,工作日,非高峰,2015-05-21,2015年5月21日,阴 /阵雨,24℃ / 16℃,东风 ≤3级 /东风 ≤3级,阴,阵雨,24,16,东风,≤3级,东风,≤3级,night
2015-05-22 16:00:00,花溪,1、追尾的,负全部责任,不负责任,1,云CE4271,白色,1,贵A5508F,白色,黔南金都汽车驾驶学校,时发,-1,2004/12/6 0:00,-1,东风牌,376570000000000000 ,355464000000000000 ,197404,198511,16,4,5,工作日,非高峰,2015-05-22,2015年5月22日,阵雨 /阵雨,19℃ / 14℃,东风 ≤3级 /东风 ≤3级,阵雨,阵雨,19,14,东风,≤3级,东风,≤3级,day
2015-02-03 09:40:00,都司路,1、追尾的,负全部责任,不负责任,1,贵A47311,白色,1,贵A7C807,白色,黔南金都汽车驾驶学校,-1,2012/3/29 0:00,-1,山鹰,北京牌,366876000000000000 ,366862000000000000 ,199209,199301,9,1,2,工作日,早高峰(7-9点),2015-02-03,2015年2月3日,小雨 /小雨,6℃ / 1℃,东北风 ≤3级 /东北风 ≤3级,小雨,小雨,6,1,东北风,≤3级,东北风,≤3级,day
2015-04-03 20:00:00,开发大道,7、未按规定让行的 ,负全部责任,不负责任,1,贵A36H34,白色,1,贵AG7888,白色,威宁县草海汽车驾驶培训有限公司,鑫鑫驾校,-1,2014/7/19 0:00,雪佛兰牌,酷派,366069000000000000 ,366267000000000000 ,199211,199412,20,4,4,工作日,非高峰,2015-04-03,2015年4月3日,多云 /多云,30℃ / 19℃,南风 ≤3级 /南风 ≤3级,多云,多云,30,19,南风,≤3级,南风,≤3级,night
2015-02-26 14:15:00,改茶大道,7、未按规定让行的 ,负同等责任,负同等责任,1,贵A7295T,银,1,皖HAM321,黑,毕节地区宏强汽车(摩托车)驾驶培训学校,-1,2012/3/28 0:00,-1,五菱牌,奇瑞牌,366064000000000000 ,704964000000000000 ,197409,197907,14,3,2,工作日,非高峰,2015-02-26,2015年2月26日,阴 /小雨,12℃ / 9℃,东风 ≤3级 /南风 ≤3级,阴,小雨,12,9,东风,≤3级,南风,≤3级,day
2015-03-03 23:00:00,百花大道,2、逆行的,负全部责任,不负责任,1,贵A98086,银,1,贵AMV856,银,毕节地区宏强汽车(摩托车)驾驶培训学校,-1,2009/8/18 0:00,-1,陕汽牌,福田牌,366064000000000000 ,364547000000000 ,198709,610617,23,1,3,工作日,非高峰,2015-03-03,2015年3月3日,小雨 /小雨,8℃ / 3℃,东北风 ≤3级 /东北风 ≤3级,小雨,小雨,8,3,东北风,≤3级,东北风,≤3级,night
2015-04-01 15:14:00,威清路,3、倒车的,负全部责任,不负责任,1,贵ASM121,白,0,贵GX5714,白,毕节地区新毕汽车驾驶培训学校,消防驾校,-1,2014/9/2 0:00,思威牌,宝马牌,366046000000000000 ,366267000000000000 ,198903,197511,15,2,4,工作日,非高峰,2015-04-01,2015年4月1日,多云 /多云,29℃ / 19℃,南风 ≤3级 /南风 ≤3级,多云,多云,29,19,南风,≤3级,南风,≤3级,day
2015-02-09 08:00:00,中华路,7、未按规定让行的 ,负全部责任,不负责任,1,贵AU2738,白色,1,贵ARE654,黑色,毕节地区宏强汽车(摩托车)驾驶培训学校,520115,2010/7/30 0:00,2009/3/6 0:00,豪爵牌,雪佛兰牌,366064000000000000 ,4967510000000000 ,198204,196810,8,0,2,工作日,早高峰(7-9点),2015-02-09,2015年2月9日,阴 /小雨,6℃ / 4℃,东北风 ≤3级 /东北风 ≤3级,阴,小雨,6,4,东北风,≤3级,东北风,≤3级,day
2015-02-09 08:30:00,中华路,7、未按规定让行的 ,负全部责任,不负责任,1,贵AU2378,绿,1,贵ARE654,红,毕节地区宏强汽车(摩托车)驾驶培训学校,520115,2010/7/30 0:00,2009/3/6 0:00,瑞麒牌,雪佛兰牌,366064000000000000 ,4967510000000000 ,198204,196810,8,0,2,工作日,早高峰(7-9点),2015-02-09,2015年2月9日,阴 /小雨,6℃ / 4℃,东北风 ≤3级 /东北风 ≤3级,阴,小雨,6,4,东北风,≤3级,东北风,≤3级,day
2015-05-30 10:30:00,省委机关幼儿园,3、倒车的,负全部责任,不负责任,1,贵AV5967,银,1,贵A91P78,黑,毕节地区宏强汽车(摩托车)驾驶培训学校,520117,2009/8/24 0:00,2009/3/17 0:00,大众牌,大众牌,366064000000000000 ,364547000000000000 ,197210,198503,10,5,5,工作日,非高峰,2015-05-30,2015年5月30日,阵雨 /阵雨,23℃ / 17℃,东北风 ≤3级 /东风 ≤3级,阵雨,阵雨,23,17,东北风,≤3级,东风,≤3级,day
2015-04-20 07:40:00,南明区,9、不符合前8款规定或者双方同时具有上述情形的,负同等责任,负同等责任,1,贵A7CB07,蓝,1,贵A8G588,黑,习水县顺达机动车驾驶员培训学校,习水县顺达机动车驾驶员培训学校,-1,2007/12/10 0:00,北京牌,宝马,366846000000000000 ,366568000000000000 ,198704,198011,7,0,4,工作日,早高峰(7-9点),2015-04-20,2015年4月20日,阴 /阴,20℃ / 11℃,东北风 ≤3级 /东北风 ≤3级,阴,阴,20,11,东北风,≤3级,东北风,≤3级,day
2015-02-08 15:30:00,牛郎关立交桥下,7、未按规定让行的 ,负全部责任,不负责任,1,贵A775H8,白色,1,贵A8906C,白色,毕节地区宏强汽车(摩托车)驾驶培训学校,铁二局驾校,-1,2013/12/5 0:00,福田牌,北京牌,366064000000000000 ,364547000000000000 ,198407,196110,15,6,2,周末,非高峰,2015-02-08,2015年2月8日,阴 /阴,7℃ / 3℃,东北风 ≤3级 /南风 ≤3级,阴,阴,7,3,东北风,≤3级,南风,≤3级,day
2015-04-12 10:30:00,烂泥沟,1、追尾的,负全部责任,不负责任,1,贵A87763,白色,1,贵AU8751,白色,毕节地区宏强汽车(摩托车)驾驶培训学校,自培,2013/7/1 0:00,2004/3/29 0:00,解放牌,钱江牌,366064000000000000 ,364558000000000000 ,198601,196912,10,6,4,周末,非高峰,2015-04-12,2015年4月12日,晴 /多云,21℃ / 7℃,东风 ≤3级 /东风 ≤3级,晴,多云,21,7,东风,≤3级,东风,≤3级,day
2015-04-14 15:00:00,马王庙,1、追尾的,负全部责任,不负责任,0,贵AC832N,黑,1,贵AHZ821,蓝,毕节地区宏强汽车(摩托车)驾驶培训学校,520129,-1,2008/5/12 0:00,众泰牌,轩逸牌,366347000000000000 ,366367000000000000 ,196203,197907,15,1,4,工作日,非高峰,2015-04-14,2015年4月14日,晴 /多云,22℃ / 9℃,东风 ≤3级 /东风 ≤3级,晴,多云,22,9,东风,≤3级,东风,≤3级,day
2015-04-28 09:54:00,大营坡,7、未按规定让行的 ,负全部责任,不负责任,1,贵AC767F,蓝,1,贵A32N73,白,毕节地区宏强汽车(摩托车)驾驶培训学校,吉源驾校,-1,2013/12/19 0:00,中华牌,雪佛兰牌,366064000000000000 ,364557000000000000 ,198704,198607,9,1,4,工作日,早高峰(7-9点),2015-04-28,2015年4月28日,多云 /多云,25℃ / 15℃,东北风 ≤3级 /东北风 ≤3级,多云,多云,25,15,东北风,≤3级,东北风,≤3级,day
2015-03-23 12:15:00,野鸭塘,8、依法应负全责的其他情形,负全部责任,不负责任,1,贵A45Y54,黑,1,贵A140C7,白,毕节地区宏强汽车(摩托车)驾驶培训学校,-1,2009/12/3 0:00,-1,丰田牌,解放牌,366064000000000000 ,764567000000000000 ,198804,196401,12,0,3,工作日,非高峰,2015-03-23,2015年3月23日,多云 /阴,17℃ / 9℃,东北风 ≤3级 /东北风 ≤3级,多云,阴,17,9,东北风,≤3级,东北风,≤3级,day
2015-04-21 08:40:00,三桥,1、追尾的,负全部责任,不负责任,1,贵A552H9,白,1,贵FV2176,白,毕节地区宏强汽车(摩托车)驾驶培训学校,贵大佳德驾驶培训学,-1,2006/8/3 0:00,依维柯牌,吉利牌,366064000000000000 ,366068000000000000 ,198702,197504,8,1,4,工作日,早高峰(7-9点),2015-04-21,2015年4月21日,阴 /阵雨,17℃ / 10℃,东北风 ≤3级 /东北风 ≤3级,阴,阵雨,17,10,东北风,≤3级,东北风,≤3级,day
2015-04-10 10:47:00,平桥,8、依法应负全责的其他情形,负全部责任,不负责任,1,贵A5BJ73,白色,1,渝AKA534,白色,大方大山汽车驾驶培训学校,自培,2012/8/8 0:00,2009/1/20 0:00,北京现代牌,大众汽车牌,366067000000000000 ,366566000000000000 ,199009,198207,10,4,4,工作日,非高峰,2015-04-10,2015年4月10日,小雨 /小雨,12℃ / 8℃,东北风 ≤3级 /东北风 ≤3级,小雨,小雨,12,8,东北风,≤3级,东北风,≤3级,day
2015-05-21 13:00:00,瑞金中路,7、未按规定让行的 ,负全部责任,不负责任,1,贵GX9478,白色,1,贵AU5521,白色,贵州省长安驾驶培训学校,（乌当区）新天驾驶培训有限公司,-1,2007/5/21 0:00,-1,重庆牌,4590520000000000 ,364568000000000000 ,198306,198804,13,3,5,工作日,非高峰,2015-05-21,2015年5月21日,阴 /阵雨,24℃ / 16℃,东风 ≤3级 /东风 ≤3级,阴,阵雨,24,16,东风,≤3级,东风,≤3级,day
2015-03-16 17:30:00,花二道,7、未按规定让行的 ,负全部责任,不负责任,1,贵GK5289,黑,1,贵APY594,红,贵州省黔东南州金凯驾驶学校,-1,2010/12/8 0:00,-1,长安,桑塔纳,74066500000000000 ,366566000000000000 ,198404,199202,17,0,3,工作日,晚高峰(17-19点),2015-03-16,2015年3月16日,阴 /多云,20℃ / 15℃,南风 ≤3级 /南风 ≤3级,阴,多云,20,15,南风,≤3级,南风,≤3级,day
2015-03-24 12:40:00,海信立交桥,1、追尾的,负全部责任,不负责任,1,贵A41E13,白色,1,贵A39X16,白色,黔东南州新峰汽车驾驶培训学校,长运驾校,-1,1998/12/22 0:00,福克斯牌,江铃牌,36454751995669365X,364548000000000000 ,198812,197905,12,1,3,工作日,非高峰,2015-03-24,2015年3月24日,小雨 /阵雨,13℃ / 7℃,东北风 ≤3级 /东北风 ≤3级,小雨,阵雨,13,7,东北风,≤3级,东北风,≤3级,day
2015-03-25 13:50:00,长岭南路,7、未按规定让行的 ,负全部责任,不负责任,1,贵A12A44,蓝,1,贵ATJ204,黑,绥阳县平安机动车驾驶员培训学校,-1,2011/6/14 0:00,-1,飞度牌,雪佛兰科帕奇,366061000000000000 ,364547000000000 ,198904,620718,13,2,3,工作日,非高峰,2015-03-25,2015年3月25日,阴 /阵雨,14℃ / 9℃,东北风 ≤3级 /东北风 ≤3级,阴,阵雨,14,9,东北风,≤3级,东北风,≤3级,day
2015-03-09 13:30:00,世纪城,1、追尾的,负全部责任,不负责任,1,贵GM5816,黑,1,贵ASS694,黑,遵义市祥顺机动车驾驶培训学校,-1,2012/11/13 0:00,-1,北京现代牌,东风日产牌,364557000000000000 ,366868000000000000 ,199001,197904,13,0,3,工作日,非高峰,2015-03-09,2015年3月9日,小雨 /小雨,10℃ / 5℃,东北风 ≤3级 /东北风 ≤3级,小雨,小雨,10,5,东北风,≤3级,东北风,≤3级,day
2015-03-12 11:30:00,白云南路,7、未按规定让行的 ,负全部责任,不负责任,1,贵CFK099,红,1,贵A53339,银,贵州省湄潭县汽车驾驶培训学校,时法驾校,2011/6/21 0:00,2006/7/4 0:00,五菱牌,东风,366570000000000000 ,354661000000000000 ,199109,197511,11,3,3,工作日,非高峰,2015-03-12,2015年3月12日,多云 /多云,16℃ / 10℃,南风 ≤3级 /南风 ≤3级,多云,多云,16,10,南风,≤3级,南风,≤3级,day
2015-04-07 12:20:00,三桥,3、倒车的,负全部责任,不负责任,1,贵A256A7,黄,1,贵FX7265,白,道真仡佬族苗族自治县驾驶员培训学校,-1,2015/2/15 0:00,-1,江铃牌,起亚牌,366564000000000000 ,366068000000000000 ,199111,198311,12,1,4,工作日,非高峰,2015-04-07,2015年4月7日,小雨 /小雨,9℃ / 5℃,东北风 ≤3级 /东北风 ≤3级,小雨,小雨,9,5,东北风,≤3级,东北风,≤3级,day
2015-03-26 10:30:00,金关,9、不符合前8款规定或者双方同时具有上述情形的,负同等责任,负同等责任,1,贵CKT809,白,1,贵A48L33,银,遵义驰宇驾驶培训学校,自培,2014/10/11 0:00,2012/6/13 0:00,雪佛兰牌,金旅牌,366567000000000000 ,576175000000000000 ,198110,199207,10,3,3,工作日,非高峰,2015-03-26,2015年3月26日,阴 /阵雨,17℃ / 12℃,南风 ≤3级 /南风 ≤3级,阴,阵雨,17,12,南风,≤3级,南风,≤3级,day
2015-02-28 20:20:00,花溪霞辉路,3、倒车的,负全部责任,不负责任,1,贵CGZ604,白色,1,贵AHN622,白色,赤水市机动车驾驶员培训学校,自培,2012/10/30 0:00,2001/12/20 0:00,奥迪牌,北京现代牌,366576000000000000 ,364556000000000000 ,198708,197211,20,5,2,工作日,非高峰,2015-02-28,2015年2月28日,小雨 /小雨,8℃ / 4℃,东北风 ≤3级 /东北风 ≤3级,小雨,小雨,8,4,东北风,≤3级,东北风,≤3级,night
2015-04-17 15:00:00,世纪城,8、依法应负全责的其他情形,负全部责任,不负责任,1,贵AU6071,绿,0,贵A42G69,黑,自培,自培,2009/10/13 0:00,2004/8/11 0:00,钱江牌,丰田牌,366569000000000000 ,36657451294268638X,198101,196806,15,4,4,工作日,非高峰,2015-04-17,2015年4月17日,多云 /多云,28℃ / 19℃,南风 ≤3级 /南风 ≤3级,多云,多云,28,19,南风,≤3级,南风,≤3级,day