accidenttime,accidentaddr,driver1fault,driver1responsibility,driver2responsibility,sex1,platenumber1,carcolor1,sex2,platenumber2,carcolor2,jxmc1,jxmc2,cclzrq1,cclzrq2,clpp1,clpp2,driver1license,driver2license,brith1,brith2,hour,weekday,month,is_weekday,peak_hour,date,日期,天气状况,气温,风力风向,day_wea,night_wea,day_tep,night_tep,day_wind_direction,day_wind_speed,night_wind_direction,night_wind_speed,segment
2015-03-24 18:10:00,苗圃隧道,1、追尾的,负全部责任,不负责任,1,贵CH1320,白色,1,贵FW6781,黑色,遵义市驰龙封闭式汽车驾驶培训有限公司,鑫鑫驾校,-1,2014/4/3 0:00,颐达(TIIDA)牌,大众汽车牌,366061000000000000 ,366069000000000000 ,198908,198410,18,1,3,工作日,晚高峰(17-19点),2015-03-24,2015年3月24日,小雨 /阵雨,13℃ / 7℃,东北风 ≤3级 /东北风 ≤3级,小雨,阵雨,13,7,东北风,≤3级,东北风,≤3级,day
2015-03-31 14:41:00,粑粑街,8、依法应负全责的其他情形,负全部责任,不负责任,1,贵GJ373,白,1,贵A27354,黄,习水县汽车驾驶培训学校,毕节地区宏强驾校,-1,-1,-1,江淮牌,366577000000000000 ,366064000000000000 ,199108,198410,14,1,3,工作日,非高峰,2015-03-31,2015年3月31日,多云 /多云,28℃ / 19℃,南风 ≤3级 /南风 ≤3级,多云,多云,28,19,南风,≤3级,南风,≤3级,day
2015-03-25 09:05:00,花二道,1、追尾的,负全部责任,不负责任,1,贵JJ7L53,白色,1,贵CGC500,白色,遵义市驰龙封闭式汽车驾驶培训有限公司,路路达驾校,2012/6/18 0:00,2011/11/4 0:00,-1,众泰牌,364557000000000000 ,366563000000000000 ,196903,199210,9,2,3,工作日,早高峰(7-9点),2015-03-25,2015年3月25日,阴 /阵雨,14℃ / 9℃,东北风 ≤3级 /东北风 ≤3级,阴,阵雨,14,9,东北风,≤3级,东北风,≤3级,day
2015-03-17 22:31:00,火车站,8、依法应负全责的其他情形,负全部责任,不负责任,1,贵CKJ395,蓝,1,贵APW451,白,遵义市驰龙封闭式汽车驾驶培训有限公司,自培,2010/9/26 0:00,2003/9/22 0:00,比亚迪牌,吉利牌,366561000000000000 ,366061000000000000 ,198610,197107,22,1,3,工作日,非高峰,2015-03-17,2015年3月17日,多云 /多云,25℃ / 14℃,南风 ≤3级 /南风 ≤3级,多云,多云,25,14,南风,≤3级,南风,≤3级,night
2015-03-22 18:30:00,西二环,1、追尾的,负全部责任,不负责任,1,贵A55V68,白色,1,贵A26Z43,白色,遵义县机动车驾驶培训学校,吉源驾校,-1,2013/6/26 0:00,丰田牌,梅赛德斯-奔驰牌,36656551914943645X,366669000000000000 ,198908,198210,18,6,3,周末,晚高峰(17-19点),2015-03-22,2015年3月22日,阵雨 /阵雨,19℃ / 10℃,东南风 ≤3级 /东风 ≤3级,阵雨,阵雨,19,10,东南风,≤3级,东风,≤3级,day
2015-05-07 10:00:00,甲秀南路口,7、未按规定让行的 ,负全部责任,不负责任,1,贵CPE789,白色,1,贵AGX526,白色,遵义市航天汽车驾驶员培训有限公司,520103,-1,2009/11/20 0:00,-1,长安牌,366569000000000000 ,366346000000000000 ,197802,197103,10,3,5,工作日,非高峰,2015-05-07,2015年5月7日,阵雨 /雷阵雨,23℃ / 17℃,东南风 ≤3级 /东南风 ≤3级,阵雨,雷阵雨,23,17,东南风,≤3级,东南风,≤3级,day
2015-04-03 07:40:00,万江小区,7、未按规定让行的 ,负全部责任,不负责任,1,贵BAJ423,白,1,贵A9708S,蓝,遵义市航天汽车驾驶员培训有限公司,吉源驾校,-1,2014/3/10 0:00,东风日产牌,长安牌,36656251904862535X,366363000000000000 ,198407,196506,7,4,4,工作日,早高峰(7-9点),2015-04-03,2015年4月3日,多云 /多云,30℃ / 19℃,南风 ≤3级 /南风 ≤3级,多云,多云,30,19,南风,≤3级,南风,≤3级,day
2015-02-25 13:12:00,金阳二铺,7、未按规定让行的 ,负全部责任,不负责任,1,贵A16461,银,1,贵JG3497,银,遵义市驰龙封闭式汽车驾驶培训有限公司,-1,2010/7/26 0:00,-1,丰田牌,五羊－本田牌,366567000000000000 ,366863000000000000 ,197309,198807,13,2,2,工作日,非高峰,2015-02-25,2015年2月25日,阴 /阵雨,15℃ / 8℃,东北风 ≤3级 /东北风 ≤3级,阴,阵雨,15,8,东北风,≤3级,东北风,≤3级,day
2015-04-10 11:00:00,五里冲,1、追尾的,负全部责任,不负责任,1,贵CN0445,白色,1,贵JDC945,白色,贵州省湄潭县宜众汽车驾驶员培训学校,-1,2011/5/3 0:00,-1,北京牌,北京现代牌,366570000000000000 ,356746000000000000 ,198911,196510,11,4,4,工作日,非高峰,2015-04-10,2015年4月10日,小雨 /小雨,12℃ / 8℃,东北风 ≤3级 /东北风 ≤3级,小雨,小雨,12,8,东北风,≤3级,东北风,≤3级,day
2015-04-08 09:40:00,花溪大道,1、追尾的,负全部责任,不负责任,1,贵A5652Y,白色,1,贵AU5321,白色,贵州省湄潭县宜众汽车驾驶员培训学校,-1,2012/11/27 0:00,-1,宝马牌,桑塔纳牌,25674551884069737X,364648000000000000 ,197704,197010,9,2,4,工作日,早高峰(7-9点),2015-04-08,2015年4月8日,小雨 /小雨,10℃ / 6℃,东北风 ≤3级 /东北风 ≤3级,小雨,小雨,10,6,东北风,≤3级,东北风,≤3级,day
2015-05-02 12:00:00,大水沟,7、未按规定让行的 ,负全部责任,不负责任,1,贵AV9519,白色,1,贵AMW967,白色,（南明区）铁二局驾驶培训有限公司,520114,2006/8/22 0:00,2009/6/3 0:00,大运牌,夏利,364547000000000000 ,366064000000000000 ,197111,197208,12,5,5,工作日,非高峰,2015-05-02,2015年5月2日,多云 /阵雨,26℃ / 16℃,东北风 ≤3级 /东风 ≤3级,多云,阵雨,26,16,东北风,≤3级,东风,≤3级,day
2015-02-07 11:00:00,白云区,1、追尾的,负全部责任,不负责任,1,贵A66W33,蓝,1,贵AMA845,银,（南明区）铁二局驾驶培训有限公司,自培,2006/4/4 0:00,2008/10/30 0:00,朗风牌,比亚迪牌,364558000000000000 ,364547000000000000 ,198310,198308,11,5,2,工作日,非高峰,2015-02-07,2015年2月7日,阴 /阴,8℃ / 3℃,东北风 ≤3级 /东北风 ≤3级,阴,阴,8,3,东北风,≤3级,东北风,≤3级,day
2015-05-30 11:00:00,小关,1、追尾的,负全部责任,不负责任,1,贵A44F99,白,0,贵A29G16,蓝,（南明区）铁二局驾驶培训有限公司,全林驾校,2007/3/6 0:00,2012/12/28 0:00,利亚纳牌,北京现代牌,366274000000000000 ,364557000000000000 ,197907,198805,11,5,5,工作日,非高峰,2015-05-30,2015年5月30日,阵雨 /阵雨,23℃ / 17℃,东北风 ≤3级 /东风 ≤3级,阵雨,阵雨,23,17,东北风,≤3级,东风,≤3级,day
2015-04-23 08:26:00,沙坡,7、未按规定让行的 ,负全部责任,不负责任,1,贵CEZ753,红,1,贵A709D2,红,（南明区）铁二局驾驶培训有限公司,路路达驾校,2008/10/7 0:00,2013/12/4 0:00,野马牌,福田牌,357966000000000000 ,364596000000000000 ,198411,199201,8,3,4,工作日,早高峰(7-9点),2015-04-23,2015年4月23日,阴 /小雨,16℃ / 10℃,东北风 ≤3级 /东北风 ≤3级,阴,小雨,16,10,东北风,≤3级,东北风,≤3级,day
2015-04-26 06:45:00,石板街,8、依法应负全责的其他情形,负全部责任,不负责任,1,贵A9060B,银,1,贵FS6063,黄,遵义集顺达交通运输（集团）汽车驾驶培训有限公司,-1,2009/8/19 0:00,-1,长安牌,大众汽车牌,366546000000000000 ,366270000000000000 ,198710,199007,6,6,4,周末,非高峰,2015-04-26,2015年4月26日,阵雨 /阵雨,18℃ / 14℃,东南风 ≤3级 /东北风 ≤3级,阵雨,阵雨,18,14,东南风,≤3级,东北风,≤3级,day
2015-03-10 19:30:00,贵阳一中,7、未按规定让行的 ,负全部责任,不负责任,1,贵A9839E,银,1,贵A7BA93,黄,遵义市航天汽车驾驶员培训有限公司,自培,2011/4/19 0:00,2001/5/14 0:00,长安牌,长安牌,364566000000000000 ,364548000000000000 ,198704,196506,19,1,3,工作日,晚高峰(17-19点),2015-03-10,2015年3月10日,小雨 /小雨,8℃ / 4℃,东北风 ≤3级 /东北风 ≤3级,小雨,小雨,8,4,东北风,≤3级,东北风,≤3级,day
2015-03-02 14:50:00,观山二中,7、未按规定让行的 ,负全部责任,不负责任,1,贵A479D7,白,1,贵FZ3227,白,（南明区）铁二局驾驶培训有限公司,-1,2008/6/20 0:00,-1,江淮牌,长安牌,366067000000000000 ,366067000000000000 ,198004,198605,14,0,3,工作日,非高峰,2015-03-02,2015年3月2日,阴 /小雨,9℃ / 2℃,东北风 ≤3级 /东北风 ≤3级,阴,小雨,9,2,东北风,≤3级,东北风,≤3级,day
2015-05-18 11:20:00,金关,9、不符合前8款规定或者双方同时具有上述情形的,负同等责任,负同等责任,1,贵A7BN36,黄,1,贵GR4422,白,消防驾校,-1,2009/7/1 0:00,-1,长安牌,-1,366068000000000000 ,36656400000000000 ,197008,197707,11,0,5,工作日,非高峰,2015-05-18,2015年5月18日,多云 /多云,25℃ / 18℃,东北风 ≤3级 /东北风 ≤3级,多云,多云,25,18,东北风,≤3级,东北风,≤3级,day
2015-05-10 18:20:00,花溪大道复烤厂,8、依法应负全责的其他情形,负全部责任,不负责任,1,贵A91111,白色,1,贵CC7310,白色,（南明区）铁二局驾驶培训有限公司,航天驾校,2009/6/1 0:00,-1,三铃,-1,364547000000000000 ,366566000000000000 ,198607,199004,18,6,5,周末,晚高峰(17-19点),2015-05-10,2015年5月10日,阵雨 /雷阵雨,25℃ / 14℃,南风 ≤3级 /南风 ≤3级,阵雨,雷阵雨,25,14,南风,≤3级,南风,≤3级,day
2015-03-17 15:00:00,金阳,3、倒车的,负全部责任,不负责任,1,贵AR3345,黑,1,贵A3BW69,白,铁二局驾校,-1,2010/2/22 0:00,-1,钱江牌,大众汽车牌,366064000000000000 ,356168000000000000 ,198101,197202,15,1,3,工作日,非高峰,2015-03-17,2015年3月17日,多云 /多云,25℃ / 14℃,南风 ≤3级 /南风 ≤3级,多云,多云,25,14,南风,≤3级,南风,≤3级,day
2015-02-07 20:30:00,兴隆花园3号门,3、倒车的,负全部责任,不负责任,1,贵A86387,白色,1,贵A67L17,白色,铁二局驾校,十一驾驶培训有限公司,2011/11/24 0:00,2012/12/3 0:00,长城,奥迪牌,366868000000000000 ,54742500000000000 ,198906,198105,20,5,2,工作日,非高峰,2015-02-07,2015年2月7日,阴 /阴,8℃ / 3℃,东北风 ≤3级 /东北风 ≤3级,阴,阴,8,3,东北风,≤3级,东北风,≤3级,night
2015-03-15 10:35:00,黔林西路,3、倒车的,负全部责任,不负责任,1,贵A5BY98,蓝,1,贵A63E38,黑,遵义集顺达交通运输（集团）汽车驾驶培训有限公司,自培,2011/1/18 0:00,2006/7/31 0:00,长安牌,梅赛德斯-奔驰,366566000000000000 ,674067000000000000 ,198901,198711,10,6,3,周末,非高峰,2015-03-15,2015年3月15日,阴 /阴,18℃ / 13℃,东风 ≤3级 /南风 ≤3级,阴,阴,18,13,东风,≤3级,南风,≤3级,day
2015-05-20 10:00:00,喷水池,8、依法应负全责的其他情形,负全部责任,不负责任,1,贵AU7517,绿,0,贵ADB336,蓝,正安县永昇驾驶培训学校,自培,2010/6/23 0:00,2001/1/7 0:00,豪爵牌,别克牌,366561000000000000 ,364547000000000000 ,198601,196208,10,2,5,工作日,非高峰,2015-05-20,2015年5月20日,阴 /阵雨,23℃ / 17℃,东北风 ≤3级 /东北风 ≤3级,阴,阵雨,23,17,东北风,≤3级,东北风,≤3级,day
2015-04-29 10:00:00,偏坡,7、未按规定让行的 ,负全部责任,不负责任,1,贵A77E45,白色,1,贵GV9529,白色,铁二局驾校,贵州平安驾驶培训学校,2012/3/10 0:00,1997/5/23 0:00,东风标致牌,吉利美日牌,364556000000000000 ,364557000000000000 ,196602,196812,10,2,4,工作日,非高峰,2015-04-29,2015年4月29日,阵雨 /阵雨,26℃ / 16℃,东北风 ≤3级 /东南风 ≤3级,阵雨,阵雨,26,16,东北风,≤3级,东南风,≤3级,day
2015-02-06 10:50:00,小河转盘,7、未按规定让行的 ,负全部责任,不负责任,1,贵A3956K,黑色,1,贵AU6182,白色,自培,十一驾驶培训有限公司,2012/3/23 0:00,-1,丰田牌,银钢牌,366566000000000000 ,366068000000000000 ,198601,198508,10,4,2,工作日,非高峰,2015-02-06,2015年2月6日,多云 /小雨,9℃ / 2℃,南风 ≤3级 /南风 ≤3级,多云,小雨,9,2,南风,≤3级,南风,≤3级,day
2015-05-21 08:30:00,金园路,1、追尾的,负全部责任,不负责任,1,贵A7479L,白,1,贵APH713,蓝,铁二局驾校,520127,2012/9/3 0:00,2010/2/2 0:00,众泰牌,吉利牌,366361000000000000 ,366564000000000000 ,197909,197107,8,3,5,工作日,早高峰(7-9点),2015-05-21,2015年5月21日,阴 /阵雨,24℃ / 16℃,东风 ≤3级 /东风 ≤3级,阴,阵雨,24,16,东风,≤3级,东风,≤3级,day
2015-02-14 11:20:00,小河转盘,9、不符合前8款规定或者双方同时具有上述情形的,负同等责任,负同等责任,1,贵G33469,白色,1,贵BM2796,白色,铁二局驾校,铁二局驾校,2012/12/18 0:00,-1,长安牌,长安牌,366367000000000000 ,364646000000000000 ,198303,198405,11,5,2,工作日,非高峰,2015-02-14,2015年2月14日,阵雨 /雷阵雨,16℃ / 10℃,南风 ≤3级 /南风 ≤3级,阵雨,雷阵雨,16,10,南风,≤3级,南风,≤3级,day
2015-03-01 15:17:00,大水沟,3、倒车的,负全部责任,不负责任,1,贵FJ8678,红色,1,贵ATY777,白色,铁二局驾校,-1,2012/8/3 0:00,-1,五菱牌,五菱牌,366067000000000000 ,366075000000 ,197911,105626,15,6,3,周末,非高峰,2015-03-01,2015年3月1日,阴 /阴,9℃ / 3℃,东风 ≤3级 /南风 ≤3级,阴,阴,9,3,东风,≤3级,南风,≤3级,day
2015-02-06 14:00:00,300医院门口,1、追尾的,负全部责任,不负责任,1,贵GY5279,黑色,1,贵A62S95,黑色,铁二局驾校,-1,2012/3/10 0:00,-1,长城牌,雪佛兰牌,364551000000000000 ,366362000000000000 ,197612,197601,14,4,2,工作日,非高峰,2015-02-06,2015年2月6日,多云 /小雨,9℃ / 2℃,南风 ≤3级 /南风 ≤3级,多云,小雨,9,2,南风,≤3级,南风,≤3级,day
2015-05-09 13:00:00,青山小区,7、未按规定让行的 ,负全部责任,不负责任,1,贵GAE288,白色,1,贵A72M59,白色,铁二局驾校,高新驾校,2012/10/10 0:00,2012/3/20 0:00,-1,蒙迪欧牌,364548000000000000 ,366761000000000000 ,198807,198108,13,5,5,工作日,非高峰,2015-05-09,2015年5月9日,阵雨 /阵雨,23℃ / 16℃,东北风 ≤3级 /东南风 ≤3级,阵雨,阵雨,23,16,东北风,≤3级,东南风,≤3级,day
2015-03-09 16:20:00,东山,7、未按规定让行的 ,负全部责任,不负责任,1,贵A16B81,红,1,贵DBL382,黑,铁二局驾校,-1,2012/10/10 0:00,-1,东风标致牌,松花江,354658000000000000 ,366669000000000000 ,198105,197001,16,0,3,工作日,非高峰,2015-03-09,2015年3月9日,小雨 /小雨,10℃ / 5℃,东北风 ≤3级 /东北风 ≤3级,小雨,小雨,10,5,东北风,≤3级,东北风,≤3级,day
2015-03-23 16:15:00,盐务街,8、依法应负全责的其他情形,负全部责任,不负责任,1,贵A78R43,银,1,贵GJ5919,红,铁二局驾校,-1,2014/9/2 0:00,-1,翼虎,沃尔沃,366268000000000000 ,366563000000000000 ,199508,198209,16,0,3,工作日,非高峰,2015-03-23,2015年3月23日,多云 /阴,17℃ / 9℃,东北风 ≤3级 /东北风 ≤3级,多云,阴,17,9,东北风,≤3级,东北风,≤3级,day
2015-03-20 18:00:00,孟关,7、未按规定让行的 ,负全部责任,不负责任,1,贵AG019F,蓝,1,贵A68P25,红,铁二局驾校,-1,2014/8/14 0:00,-1,五菱牌,东风标致牌,354166000000000000 ,364548000000000 ,199401,780823,18,4,3,工作日,晚高峰(17-19点),2015-03-20,2015年3月20日,阴 /阵雨,14℃ / 10℃,东北风 ≤3级 /东北风 ≤3级,阴,阵雨,14,10,东北风,≤3级,东北风,≤3级,day
2015-03-31 13:00:00,小河,7、未按规定让行的 ,负全部责任,不负责任,1,贵A960F1,白色,1,贵AGC633,白色,铁二局驾校,自培,2012/11/12 0:00,2000/5/30 0:00,解放,丰田牌,364596000000000000 ,364547000000000000 ,199107,197402,13,1,3,工作日,非高峰,2015-03-31,2015年3月31日,多云 /多云,28℃ / 19℃,南风 ≤3级 /南风 ≤3级,多云,多云,28,19,南风,≤3级,南风,≤3级,day
2015-02-15 09:15:00,中曹司,3、倒车的,负全部责任,不负责任,1,贵A25G56,灰色,1,贵A7734L,白色,铁二局驾校,自培,2014/9/2 0:00,2005/8/29 0:00,长安牌,英伦牌,366268000000000000 ,366862000000000000 ,199508,197010,9,6,2,周末,早高峰(7-9点),2015-02-15,2015年2月15日,多云 /阴,19℃ / 8℃,南风 ≤3级 /东北风 ≤3级,多云,阴,19,8,南风,≤3级,东北风,≤3级,day
2015-05-26 10:00:00,小河五大队,7、未按规定让行的 ,负全部责任,不负责任,1,贵A6001B,白色,1,闽A61F36,白色,铁二局驾校,-1,2014/7/28 0:00,-1,五菱牌,森林人,36666951825460005X,734567000000000000 ,197610,198612,10,1,5,工作日,非高峰,2015-05-26,2015年5月26日,阵雨 /雷阵雨,26℃ / 20℃,东南风 ≤3级 /东北风 ≤3级,阵雨,雷阵雨,26,20,东南风,≤3级,东北风,≤3级,day
2015-05-20 12:10:00,蛮破,9、不符合前8款规定或者双方同时具有上述情形的,负全部责任,不负责任,0,贵JAL764,黑,1,贵AK7857,红,铁二局驾校,-1,2013/7/2 0:00,-1,-1,别克(BUICK)牌,364547000000000000 ,57271549097 ,196911,8483,12,2,5,工作日,非高峰,2015-05-20,2015年5月20日,阴 /阵雨,23℃ / 17℃,东北风 ≤3级 /东北风 ≤3级,阴,阵雨,23,17,东北风,≤3级,东北风,≤3级,day
2015-03-22 16:30:00,都司路,7、未按规定让行的 ,负全部责任,不负责任,1,贵A615C6,黑,0,贵HBV954,银,铁二局驾校,省交校,2014/11/24 0:00,2014/5/7 0:00,解放牌,东风雪铁龙牌,366361000000000000 ,364547000000000000 ,197110,198205,16,6,3,周末,非高峰,2015-03-22,2015年3月22日,阵雨 /阵雨,19℃ / 10℃,东南风 ≤3级 /东风 ≤3级,阵雨,阵雨,19,10,东南风,≤3级,东风,≤3级,day
2015-05-08 10:20:00,师大,1、追尾的,负全部责任,不负责任,1,贵CNV261,白,0,贵A95888,红,铁二局驾校,省交校,2014/8/14 0:00,2013/10/9 0:00,-1,佛斯弟牌,366061000000000000 ,366546000000000000 ,197801,199311,10,4,5,工作日,非高峰,2015-05-08,2015年5月8日,阵雨 /多云,25℃ / 15℃,东南风 ≤3级 /东北风 ≤3级,阵雨,多云,25,15,东南风,≤3级,东北风,≤3级,day
2015-03-19 17:36:00,金阳客站,7、未按规定让行的 ,负全部责任,不负责任,1,贵EK9312,银,0,川A1EY00,银,铁二局驾校,景宏驾校,2014/7/19 0:00,2012/5/16 0:00,吉利牌,梅赛德斯-奔驰牌 ,366764000000000000 ,364557000000000000 ,197211,199303,17,3,3,工作日,晚高峰(17-19点),2015-03-19,2015年3月19日,多云 /阵雨,26℃ / 12℃,南风 ≤3级 /东北风 ≤3级,多云,阵雨,26,12,南风,≤3级,东北风,≤3级,day
2015-04-08 18:30:00,开发大道,1、追尾的,负全部责任,不负责任,1,贵GT6336,白色,1,贵AB383W,白色,铁二局驾校,贵州现代驾驶培训责任有限公司,2010/1/15 0:00,2014/2/21 0:00,东风雪铁龙牌,吉利牌,36455051154848405X,364556000000000000 ,199107,199006,18,2,4,工作日,晚高峰(17-19点),2015-04-08,2015年4月8日,小雨 /小雨,10℃ / 6℃,东北风 ≤3级 /东北风 ≤3级,小雨,小雨,10,6,东北风,≤3级,东北风,≤3级,day
2015-04-10 14:41:00,金阳,7、未按规定让行的 ,负全部责任,不负责任,1,贵A084F1,银,1,贵A6760T,银,贵阳金马驾驶培训有限公司,黔西县宏远黔职驾校有限公司,2007/2/9 0:00,2012/11/6 0:00,福田牌,比亚迪牌,364557000000000000 ,366067000000000000 ,196812,199202,14,4,4,工作日,非高峰,2015-04-10,2015年4月10日,小雨 /小雨,12℃ / 8℃,东北风 ≤3级 /东北风 ≤3级,小雨,小雨,12,8,东北风,≤3级,东北风,≤3级,day
2015-05-16 14:00:00,小河黄河路,1、追尾的,负全部责任,不负责任,1,贵A754A5,白色,1,贵APL204,白色,市交校,自培,2005/3/21 0:00,2002/3/11 0:00,福田牌,北京现代牌,366068000000000000 ,364548000000000000 ,197508,196607,14,5,5,工作日,非高峰,2015-05-16,2015年5月16日,阴 /雷阵雨,23℃ / 17℃,东北风 ≤3级 /东风 ≤3级,阴,雷阵雨,23,17,东北风,≤3级,东风,≤3级,day
2015-04-10 11:57:00,绿洲湾,7、未按规定让行的 ,负全部责任,不负责任,1,贵AJS191,蓝,1,冀JB4223,蓝,（南明区）铁二局驾驶培训有限公司,自培,2005/12/20 0:00,2006/11/27 0:00,长城牌,宝马牌,364547000000000000 ,574191000000000000 ,197810,198702,11,4,4,工作日,非高峰,2015-04-10,2015年4月10日,小雨 /小雨,12℃ / 8℃,东北风 ≤3级 /东北风 ≤3级,小雨,小雨,12,8,东北风,≤3级,东北风,≤3级,day
2015-05-06 13:00:00,长江路,8、依法应负全责的其他情形,负全部责任,不负责任,1,贵A33N94,白色,1,贵A0BL46,白色,铁二局驾校,贵州省长安驾驶培训学校,2011/3/1 0:00,2014/6/9 0:00,起亚牌,长安牌,364547000000000000 ,354596000000000000 ,196308,198911,13,2,5,工作日,非高峰,2015-05-06,2015年5月6日,多云 /多云,25℃ / 16℃,东北风 ≤3级 /南风 ≤3级,多云,多云,25,16,东北风,≤3级,南风,≤3级,day
2015-03-22 08:40:00,师大,1、追尾的,负全部责任,不负责任,1,贵ARB385,白,1,贵A93N82,白,铁二局驾校,贵大佳德驾驶培训学校,2011/8/1 0:00,2012/6/25 0:00,丰田牌,长安牌,366346000000000000 ,366061000000000000 ,195710,198209,8,6,3,周末,早高峰(7-9点),2015-03-22,2015年3月22日,阵雨 /阵雨,19℃ / 10℃,东南风 ≤3级 /东风 ≤3级,阵雨,阵雨,19,10,东南风,≤3级,东风,≤3级,day
2015-03-06 21:00:00,大理石路,8、依法应负全责的其他情形,负全部责任,不负责任,1,贵A99B14,灰色,1,贵ALJ919,灰色,铁二局驾校,-1,2012/5/17 0:00,-1,思域牌,思威牌,364547000000000000 ,3645470000000000 ,197308,197132,21,4,3,工作日,非高峰,2015-03-06,2015年3月6日,小雨 /小雨,5℃ / 3℃,东北风 ≤3级 /东北风 ≤3级,小雨,小雨,5,3,东北风,≤3级,东北风,≤3级,night
2015-03-22 19:40:00,百善南路,8、依法应负全责的其他情形,负全部责任,不负责任,1,贵GX2867,黑,1,贵A61Y93,黑,铁二局驾校,消防驾校,2011/9/13 0:00,2004/9/28 0:00,宝马牌,夏利牌,36456751145669006X,364547000000000000 ,199012,197903,19,6,3,周末,晚高峰(17-19点),2015-03-22,2015年3月22日,阵雨 /阵雨,19℃ / 10℃,东南风 ≤3级 /东风 ≤3级,阵雨,阵雨,19,10,东南风,≤3级,东风,≤3级,day
2015-04-10 08:30:00,瑞金北路,7、未按规定让行的 ,负全部责任,不负责任,1,贵A7BV88,白色,1,贵A56W41,白色,铁二局驾校,自培,2011/7/20 0:00,2001/3/12 0:00,宝马牌,宝骏牌,364557000000000000 ,364547000000000000 ,198110,197805,8,4,4,工作日,早高峰(7-9点),2015-04-10,2015年4月10日,小雨 /小雨,12℃ / 8℃,东北风 ≤3级 /东北风 ≤3级,小雨,小雨,12,8,东北风,≤3级,东北风,≤3级,day
2015-04-03 13:10:00,云潭北路,3、倒车的,负全部责任,不负责任,1,贵JF7645,白,1,贵A4494K,白,铁二局驾校,贵大驾校,2011/12/2 0:00,2012/3/27 0:00,蒙迪欧牌,北京现代牌,364547000000000000 ,376168000000000000 ,198804,198908,13,4,4,工作日,非高峰,2015-04-03,2015年4月3日,多云 /多云,30℃ / 19℃,南风 ≤3级 /南风 ≤3级,多云,多云,30,19,南风,≤3级,南风,≤3级,day
2015-02-11 18:30:00,东山中天世纪新城,9、不符合前8款规定或者双方同时具有上述情形的,负同等责任,负同等责任,1,贵GX2867,银,1,贵A11Y48,蓝,铁二局驾校,警官驾校,2011/9/13 0:00,2005/5/11 0:00,宝马牌,丰田牌,36456751145669006X,36686051834368445X,199012,197505,18,2,2,工作日,晚高峰(17-19点),2015-02-11,2015年2月11日,多云 /多云,11℃ / 3℃,东风 ≤3级 /东北风 ≤3级,多云,多云,11,3,东风,≤3级,东北风,≤3级,day
2015-02-08 14:10:00,金关材料市场,7、未按规定让行的 ,负全部责任,不负责任,1,贵FG8367,黑,1,贵A075C6,蓝,大方县龙飞汽车(摩托车)驾驶培训学校,-1,2013/5/15 0:00,-1,三铃牌,江铃牌,366067000000000000 ,354361000000000000 ,198902,198302,14,6,2,周末,非高峰,2015-02-08,2015年2月8日,阴 /阴,7℃ / 3℃,东北风 ≤3级 /南风 ≤3级,阴,阴,7,3,东北风,≤3级,南风,≤3级,day
2015-05-08 09:33:00,北京西路,1、追尾的,负全部责任,不负责任,1,贵AG8745,黄,1,贵AU8345,黄,（南明区）铁二局驾驶培训有限公司,铁二局驾校,2009/11/12 0:00,2001/5/8 0:00,望江牌,瑞麒牌,364557000000000000 ,364547000000000000 ,198001,196702,9,4,5,工作日,早高峰(7-9点),2015-05-08,2015年5月8日,阵雨 /多云,25℃ / 15℃,东南风 ≤3级 /东北风 ≤3级,阵雨,多云,25,15,东南风,≤3级,东北风,≤3级,day
2015-04-13 12:40:00,孟关,7、未按规定让行的 ,负全部责任,不负责任,1,贵A7BX11,白色,1,豫A4M935,白色,铁二局驾校,520109,2013/5/7 0:00,2009/2/18 0:00,三菱牌,安德拉,355470000000000000 ,74368500000000000 ,198707,198212,12,0,4,工作日,非高峰,2015-04-13,2015年4月13日,晴 /多云,23℃ / 8℃,东北风 ≤3级 /东北风 ≤3级,晴,多云,23,8,东北风,≤3级,东北风,≤3级,day
2015-03-11 08:15:00,怡景苑,7、未按规定让行的 ,负全部责任,不负责任,0,贵A26W55,白,0,贵AEE134,红,铁二局驾校,预约考试窗口,2013/4/22 0:00,2006/11/21 0:00,梅赛德斯-奔驰牌,东风雪铁龙牌,36656551904555296X,364547000000000000 ,198401,197805,8,2,3,工作日,早高峰(7-9点),2015-03-11,2015年3月11日,阴 /小雨,8℃ / 4℃,东北风 ≤3级 /东北风 ≤3级,阴,小雨,8,4,东北风,≤3级,东北风,≤3级,day
2015-02-10 17:56:00,南明区柳井巷,8、依法应负全责的其他情形,负全部责任,不负责任,1,贵AC4551,白色,1,贵CCT303,白色,铁二局驾校,铁二局驾校,2013/10/10 0:00,2011/9/9 0:00,大运牌,大众牌,76160500000000000 ,366567000000000000 ,198108,198102,17,1,2,工作日,晚高峰(17-19点),2015-02-10,2015年2月10日,小雨 /小雨,6℃ / 3℃,东北风 ≤3级 /东风 ≤3级,小雨,小雨,6,3,东北风,≤3级,东风,≤3级,day
2015-03-30 09:00:00,黔灵西路,7、未按规定让行的 ,负全部责任,不负责任,1,贵ATA197,黄,1,贵A89N45,银,铁二局驾校,十一驾驶培训有限公司,2012/12/19 0:00,2010/7/14 0:00,福特,波罗牌,364596000000000000 ,366066000000000000 ,198908,197410,9,0,3,工作日,早高峰(7-9点),2015-03-30,2015年3月30日,晴 /多云,24℃ / 17℃,南风 ≤3级 /南风 ≤3级,晴,多云,24,17,南风,≤3级,南风,≤3级,day
2015-05-22 09:00:00,兴关路,7、未按规定让行的 ,负全部责任,不负责任,1,贵A2BX74,白色,1,贵GV1123,白色,铁二局驾校,铁二局驾校,2014/2/27 0:00,2014/8/18 0:00,丰田牌,北京现代牌,354166000000000000 ,74367500000000000 ,198304,196603,9,4,5,工作日,早高峰(7-9点),2015-05-22,2015年5月22日,阵雨 /阵雨,19℃ / 14℃,东风 ≤3级 /东风 ≤3级,阵雨,阵雨,19,14,东风,≤3级,东风,≤3级,day