accidenttime,accidentaddr,driver1fault,driver1responsibility,driver2responsibility,sex1,platenumber1,carcolor1,sex2,platenumber2,carcolor2,jxmc1,jxmc2,cclzrq1,cclzrq2,clpp1,clpp2,driver1license,driver2license,brith1,brith2,hour,weekday,month,is_weekday,peak_hour,date,日期,天气状况,气温,风力风向,day_wea,night_wea,day_tep,night_tep,day_wind_direction,day_wind_speed,night_wind_direction,night_wind_speed,segment
2015-05-16 09:00:00,南浦路中段,5、开关车门的,负全部责任,不负责任,1,贵FE1741,白色,1,贵AV4313,白色,六盘水里程驾驶培训有限公司,自培,-1,2004/4/5 0:00,-1,海陵牌,366546000000000000 ,364556000000000000 ,198012,197703,9,5,5,工作日,早高峰(7-9点),2015-05-16,2015年5月16日,阴 /雷阵雨,23℃ / 17℃,东北风 ≤3级 /东风 ≤3级,阴,雷阵雨,23,17,东北风,≤3级,东风,≤3级,day
2015-05-08 11:30:00,金竹镇,3、倒车的,负全部责任,不负责任,1,贵AC584W,白色,1,贵AB434P,白色,毕节市顺达汽车驾驶培训学校,520129,-1,2008/5/30 0:00,长安牌,大众汽车牌,366067000000000000 ,364556000000000000 ,198807,197706,11,4,5,工作日,非高峰,2015-05-08,2015年5月8日,阵雨 /多云,25℃ / 15℃,东南风 ≤3级 /东北风 ≤3级,阵雨,多云,25,15,东南风,≤3级,东北风,≤3级,day
2015-05-18 09:40:00,花香村,9、不符合前8款规定或者双方同时具有上述情形的,负同等责任,负同等责任,1,贵A77J54,红,1,贵AV2076,黄,铁二局驾校,-1,2015/1/19 0:00,-1,比亚迪牌,建豪牌,364548000000000000 ,36454500000000000 ,198312,960122,9,0,5,工作日,早高峰(7-9点),2015-05-18,2015年5月18日,多云 /多云,25℃ / 18℃,东北风 ≤3级 /东北风 ≤3级,多云,多云,25,18,东北风,≤3级,东北风,≤3级,day
2015-03-20 15:25:00,西南家具城,7、未按规定让行的 ,负全部责任,不负责任,1,贵FX9758,白,1,贵A5AV41,白,大方池宇驾校,520109,-1,2011/4/18 0:00,别克牌,福克斯牌,366067000000000000 ,364557000000000000 ,196304,198401,15,4,3,工作日,非高峰,2015-03-20,2015年3月20日,阴 /阵雨,14℃ / 10℃,东北风 ≤3级 /东北风 ≤3级,阴,阵雨,14,10,东北风,≤3级,东北风,≤3级,day
2015-04-19 10:35:00,未来方舟,7、未按规定让行的 ,负全部责任,不负责任,1,渝GB7185,红,1,贵A7059J,白,黔西县阳光机动车驾驶学校有限责任公司,毕节地区黔中驾校,-1,-1,长安牌,福克斯牌,366068000000000000 ,366068000000000000 ,198307,197909,10,6,4,周末,非高峰,2015-04-19,2015年4月19日,阵雨 /阵雨,22℃ / 13℃,东北风 ≤3级 /东北风 ≤3级,阵雨,阵雨,22,13,东北风,≤3级,东北风,≤3级,day
2015-03-26 10:48:00,沙冲路,7、未按规定让行的 ,负全部责任,不负责任,1,贵AKU544,黑,0,贵GP0500,红,铁二局驾校,自培,2014/12/22 0:00,2004/7/13 0:00,梅赛德斯-奔驰,翼搏牌,356168000000000000 ,364547000000000000 ,197809,198312,10,3,3,工作日,非高峰,2015-03-26,2015年3月26日,阴 /阵雨,17℃ / 12℃,南风 ≤3级 /南风 ≤3级,阴,阵雨,17,12,南风,≤3级,南风,≤3级,day
2015-03-10 14:10:00,小河,7、未按规定让行的 ,负全部责任,不负责任,1,贵AC714A,黑色,1,贵ALT284,白色,铁二局驾校,自培,2015/1/16 0:00,2006/6/19 0:00,夏利牌,江淮牌,364556000000000000 ,366670000000000000 ,197601,198108,14,1,3,工作日,非高峰,2015-03-10,2015年3月10日,小雨 /小雨,8℃ / 4℃,东北风 ≤3级 /东北风 ≤3级,小雨,小雨,8,4,东北风,≤3级,东北风,≤3级,day
2015-04-30 00:00:00,二桥,4、停车时未挂低速档、未拉驻车制动，导致车辆滑行的,负全部责任,不负责任,1,贵CPZ421,红,1,贵AF7965,白,铁二局驾校,自培,2015/1/16 0:00,2012/12/26 0:00,吉利牌,凌肯牌,36656051175658495X,364548000000000000 ,199312,199307,0,3,4,工作日,非高峰,2015-04-30,2015年4月30日,阵雨 /阵雨,25℃ / 17℃,东南风 ≤3级 /东南风 ≤3级,阵雨,阵雨,25,17,东南风,≤3级,东南风,≤3级,night
2015-05-13 09:00:00,二戈寨,5、开关车门的,负全部责任,不负责任,1,贵FQ0486,白色,1,贵A1BB89,白色,织金县织通驾驶培训学校,消防驾校,2010/12/29 0:00,2013/1/21 0:00,-1,东风雪铁龙牌,366064000000000000 ,364557000000000000 ,196902,199308,9,2,5,工作日,早高峰(7-9点),2015-05-13,2015年5月13日,多云 /阵雨,26℃ / 19℃,东南风 ≤3级 /东南风 ≤3级,多云,阵雨,26,19,东南风,≤3级,东南风,≤3级,day
2015-05-14 18:18:00,甘平路,9、不符合前8款规定或者双方同时具有上述情形的,负同等责任,负同等责任,1,贵A4BY24,白色,1,贵GA1193,白色,大方县银春汽车驾驶培训学校,平坝驾校,-1,-1,大众汽车牌,-1,366067000000000000 ,366363000000000000 ,199212,196207,18,3,5,工作日,晚高峰(17-19点),2015-05-14,2015年5月14日,多云 /雷阵雨,27℃ / 20℃,东南风 ≤3级 /南风 ≤3级,多云,雷阵雨,27,20,东南风,≤3级,南风,≤3级,day
2015-04-18 20:40:00,后巢村,4、停车时未挂低速档、未拉驻车制动，导致车辆滑行的,负全部责任,不负责任,1,贵A305C9,白色,1,贵AP7654,白色,大方县坤豪机动车驾驶技能培训中心,预约考试窗口,-1,2006/12/29 0:00,华神牌,鹏城牌,366067000000000000 ,366061000000000000 ,198704,198409,20,5,4,工作日,非高峰,2015-04-18,2015年4月18日,多云 /雷阵雨,29℃ / 16℃,南风 ≤3级 /南风 ≤3级,多云,雷阵雨,29,16,南风,≤3级,南风,≤3级,night
2015-04-23 09:50:00,中华南路,7、未按规定让行的 ,负全部责任,不负责任,1,贵AU3794,黄,1,贵ANX583,白,绥阳县汽车驾驶培训学校,北海市新正机动车驾驶员培训有限公司,2011/2/21 0:00,2009/9/2 0:00,宝来牌,长城牌,364557000000000000 ,364548000000000000 ,198801,198305,9,3,4,工作日,早高峰(7-9点),2015-04-23,2015年4月23日,阴 /小雨,16℃ / 10℃,东北风 ≤3级 /东北风 ≤3级,阴,小雨,16,10,东北风,≤3级,东北风,≤3级,day
2015-04-16 14:20:00,新添寨,7、未按规定让行的 ,负全部责任,不负责任,1,贵A3343L,银,1,贵A63W79,蓝,织金县织通驾驶培训学校,自培,2011/9/14 0:00,2002/9/29 0:00,五菱牌,江铃牌,366064000000000000 ,354663000000000000 ,197909,197202,14,3,4,工作日,非高峰,2015-04-16,2015年4月16日,多云 /多云,29℃ / 17℃,南风 ≤3级 /南风 ≤3级,多云,多云,29,17,南风,≤3级,南风,≤3级,day
2015-04-21 16:37:00,金阳,7、未按规定让行的 ,负全部责任,不负责任,0,贵AKE177,黑,1,贵F76709,红,纳雍县通达汽车摩托车驾驶培训有限公司,自培,2014/6/13 0:00,2002/9/23 0:00,东风日产牌,解放牌,74365500000000000 ,366068000000000000 ,199112,198012,16,1,4,工作日,非高峰,2015-04-21,2015年4月21日,阴 /阵雨,17℃ / 10℃,东北风 ≤3级 /东北风 ≤3级,阴,阵雨,17,10,东北风,≤3级,东北风,≤3级,day
2015-04-13 08:00:00,新村,7、未按规定让行的 ,负全部责任,不负责任,1,贵A764E2,白色,1,贵AML5891,白色,自培,顺一驾驶培训学校,-1,2013/10/18 0:00,长安牌,-1,366063000000000000 ,36606651954554792X,199008,198101,8,0,4,工作日,早高峰(7-9点),2015-04-13,2015年4月13日,晴 /多云,23℃ / 8℃,东北风 ≤3级 /东北风 ≤3级,晴,多云,23,8,东北风,≤3级,东北风,≤3级,day
2015-05-14 19:10:00,野猫井,7、未按规定让行的 ,负全部责任,不负责任,1,贵A59L12,白,1,贵A6G870,红,黔东南州正林驾驶培训学校,黔东南州正林驾驶培训学校,-1,2008/11/24 0:00,北京现代牌,-1,366246000000000000 ,36606351914053597X,199203,198904,19,3,5,工作日,晚高峰(17-19点),2015-05-14,2015年5月14日,多云 /雷阵雨,27℃ / 20℃,东南风 ≤3级 /南风 ≤3级,多云,雷阵雨,27,20,东南风,≤3级,南风,≤3级,day
2015-03-20 00:00:00,平桥,7、未按规定让行的 ,负全部责任,不负责任,1,贵G86122,白色,1,贵GX6502,白色,安顺市顺安汽车（摩托车）驾驶培训学校,-1,2014/3/27 0:00,-1,奥迪牌,长安牌,366363000000000000 ,376646000000000000 ,197308,197011,0,4,3,工作日,非高峰,2015-03-20,2015年3月20日,阴 /阵雨,14℃ / 10℃,东北风 ≤3级 /东北风 ≤3级,阴,阵雨,14,10,东北风,≤3级,东北风,≤3级,night
2015-05-09 13:30:00,小河平桥,7、未按规定让行的 ,负全部责任,不负责任,1,贵GT2314,白色,1,贵A64B75,白色,安顺市顺安汽车（摩托车）驾驶培训学校,-1,2010/11/8 0:00,-1,-1,丰田牌,366346000000000000 ,366061000000000000 ,198103,198004,13,5,5,工作日,非高峰,2015-05-09,2015年5月9日,阵雨 /阵雨,23℃ / 16℃,东北风 ≤3级 /东南风 ≤3级,阵雨,阵雨,23,16,东北风,≤3级,东南风,≤3级,day
2015-05-26 12:00:00,机场,7、未按规定让行的 ,负全部责任,不负责任,1,贵GX6888,白色,1,贵AV5394,白色,平坝县高峰振鑫机动车驾驶人培训学校,自培,2015/1/6 0:00,2007/1/23 0:00,-1,-1,36636251284342405X,364547000000000000 ,196705,198705,12,1,5,工作日,非高峰,2015-05-26,2015年5月26日,阵雨 /雷阵雨,26℃ / 20℃,东南风 ≤3级 /东北风 ≤3级,阵雨,雷阵雨,26,20,东南风,≤3级,东北风,≤3级,day
2015-03-01 12:50:00,金阳护理学院,7、未按规定让行的 ,负全部责任,不负责任,1,贵DY6634,黄,1,贵AAG692,银,黔西县宏远黔职驾校有限公司,-1,2011/6/10 0:00,-1,福特,艾力绅牌,366664000000000000 ,364545000000 ,198505,355482,12,6,3,周末,非高峰,2015-03-01,2015年3月1日,阴 /阴,9℃ / 3℃,东风 ≤3级 /南风 ≤3级,阴,阴,9,3,东风,≤3级,南风,≤3级,day
2015-03-29 16:30:00,关山东路,1、追尾的,负全部责任,不负责任,1,贵A94Z23,银,1,贵AU5933,绿,黔西县宏远黔职驾校有限公司,自培,2011/5/3 0:00,1993/4/28 0:00,长安牌,捷达牌,366068000000000000 ,364548000000000000 ,198811,195707,16,6,3,周末,非高峰,2015-03-29,2015年3月29日,阴 /多云,18℃ / 15℃,东风 ≤3级 /南风 ≤3级,阴,多云,18,15,东风,≤3级,南风,≤3级,day
2015-03-29 16:30:00,观山东路,1、追尾的,负全部责任,不负责任,1,贵A94Z23,银,0,贵AEC8365,白,黔西县宏远黔职驾校有限公司,贵州平安驾驶培训学校,2011/5/3 0:00,2011/4/8 0:00,长安牌,-1,366068000000000000 ,364548000000000000 ,198811,197603,16,6,3,周末,非高峰,2015-03-29,2015年3月29日,阴 /多云,18℃ / 15℃,东风 ≤3级 /南风 ≤3级,阴,多云,18,15,东风,≤3级,南风,≤3级,day
2015-04-29 09:00:00,湘雅村,7、未按规定让行的 ,负全部责任,不负责任,1,贵JB5964,白色,1,贵DZ8488,白色,惠水宏远机动车驾驶培训有限公司,-1,2012/12/30 0:00,-1,福克斯牌,大众汽车牌,36686851855549096X,366670000000000000 ,197111,197710,9,2,4,工作日,早高峰(7-9点),2015-04-29,2015年4月29日,阵雨 /阵雨,26℃ / 16℃,东北风 ≤3级 /东南风 ≤3级,阵雨,阵雨,26,16,东北风,≤3级,东南风,≤3级,day
2015-03-28 16:08:00,中华南路,7、未按规定让行的 ,负全部责任,不负责任,0,贵J12877,黑,1,贵CCF966,白,贵州省黔南州福泉市兴鑫驾驶培训学校,综安,-1,2009/1/6 0:00,宝马,别克牌,366861000000000000 ,366577000000000000 ,198502,197508,16,5,3,工作日,非高峰,2015-03-28,2015年3月28日,阵雨 /雷阵雨,17℃ / 14℃,南风 ≤3级 /南风 ≤3级,阵雨,雷阵雨,17,14,南风,≤3级,南风,≤3级,day
2015-02-04 13:00:00,合鹏钢材市场,3、倒车的,负全部责任,不负责任,1,贵GD6725,白色,1,贵JP3933,白色,龙里县金都汽车培训学校有限公司,-1,2013/5/29 0:00,-1,起亚牌,金杯牌,724561000000000000 ,774795000000000000 ,197209,198803,13,2,2,工作日,非高峰,2015-02-04,2015年2月4日,小雨 /小雨,4℃ / 0℃,东北风 ≤3级 /东北风 ≤3级,小雨,小雨,4,0,东北风,≤3级,东北风,≤3级,day
2015-04-07 10:50:00,观山西路,3、倒车的,负全部责任,不负责任,1,贵A35X63,银,1,渝F47L55,白,龙里县翼翔驾驶培训有限责任公司,-1,2014/4/2 0:00,-1,东风日产牌,奥迪牌,364557000000000000 ,356663000000000000 ,195605,197102,10,1,4,工作日,非高峰,2015-04-07,2015年4月7日,小雨 /小雨,9℃ / 5℃,东北风 ≤3级 /东北风 ≤3级,小雨,小雨,9,5,东北风,≤3级,东北风,≤3级,day
2015-03-02 15:00:00,涴沙路,1、追尾的,负全部责任,不负责任,1,贵ALK249,银,1,贵AJN973,红,贵定县阳光汽车驾驶培训学校,520119,-1,2009/12/14 0:00,中华牌,奇瑞牌,774847000000000000 ,366363000000000000 ,198804,197602,15,0,3,工作日,非高峰,2015-03-02,2015年3月2日,阴 /小雨,9℃ / 2℃,东北风 ≤3级 /东北风 ≤3级,阴,小雨,9,2,东北风,≤3级,东北风,≤3级,day
2015-05-08 17:00:00,师大,7、未按规定让行的 ,负全部责任,不负责任,1,贵AU5469,白色,1,贵JBT499,白色,贵定县阳光汽车驾驶培训学校,市交校,-1,2014/3/18 0:00,捷达牌,-1,366367000000000000 ,366277000000000000 ,197407,197610,17,4,5,工作日,晚高峰(17-19点),2015-05-08,2015年5月8日,阵雨 /多云,25℃ / 15℃,东南风 ≤3级 /东北风 ≤3级,阵雨,多云,25,15,东南风,≤3级,东北风,≤3级,day
2015-05-05 13:45:00,金苏大道,1、追尾的,负全部责任,不负责任,1,贵A42537,红,1,贵A95R72,白,瓮安县鑫源驾驶培训学校,景宏驾校,-1,2014/7/21 0:00,南方,豪情牌,366864000000000000 ,364548000000000000 ,198711,199306,13,1,5,工作日,非高峰,2015-05-05,2015年5月5日,阵雨 /阵雨,21℃ / 15℃,南风 ≤3级 /南风 ≤3级,阵雨,阵雨,21,15,南风,≤3级,南风,≤3级,day
2015-04-13 04:00:00,花二道,7、未按规定让行的 ,负全部责任,不负责任,1,贵A26128,白色,1,贵GP1084,白色,瓮安县鑫源驾驶培训学校,重庆长途汽运集团公司汽车驾校,-1,2009/3/13 0:00,中联牌,大众牌,366864000000000000 ,364556000000000000 ,197607,198812,4,0,4,工作日,非高峰,2015-04-13,2015年4月13日,晴 /多云,23℃ / 8℃,东北风 ≤3级 /东北风 ≤3级,晴,多云,23,8,东北风,≤3级,东北风,≤3级,night
2015-04-28 11:00:00,北京路加油站,7、未按规定让行的 ,负全部责任,不负责任,1,贵JAV128,白色,1,贵AU0438,白色,贵州省黔南交通驾驶学校,新天驾校,-1,2005/8/11 0:00,奥路卡牌,宝来牌,366862000000000000 ,364548000000000000 ,198412,198706,11,1,4,工作日,非高峰,2015-04-28,2015年4月28日,多云 /多云,25℃ / 15℃,东北风 ≤3级 /东北风 ≤3级,多云,多云,25,15,东北风,≤3级,东北风,≤3级,day
2015-05-24 13:42:00,金关,7、未按规定让行的 ,负全部责任,不负责任,1,贵A4855V,黑,1,贵A69342,黄,瓮安县鑫源驾驶培训学校,-1,2010/12/9 0:00,-1,众泰牌,隆鑫,366864000000000000 ,35456151815665735X,198907,197912,13,6,5,周末,非高峰,2015-05-24,2015年5月24日,多云 /阴,24℃ / 18℃,东风 ≤3级 /东南风 ≤3级,多云,阴,24,18,东风,≤3级,东南风,≤3级,day
2015-05-03 17:35:00,明珠大道,8、依法应负全责的其他情形,负全部责任,不负责任,1,渝BR8432,白色,1,临牌,白色,六盘水飞云驾驶学校有限公司,-1,2014/8/13 0:00,-1,-1,-1,364647000000000000 ,366069000000000000 ,198902,197907,17,6,5,周末,晚高峰(17-19点),2015-05-03,2015年5月3日,阵雨 /阵雨,25℃ / 15℃,东北风 ≤3级 /东北风 ≤3级,阵雨,阵雨,25,15,东北风,≤3级,东北风,≤3级,day
2015-05-01 20:55:00,金关,7、未按规定让行的 ,负全部责任,不负责任,1,贵FAB872,黑,0,贵A3207W,红,威宁彝族回族苗族自治县威胜驾驶培训有限公司,鑫鑫驾校,-1,2013/12/4 0:00,-1,-1,366070000000000000 ,364556000000000000 ,197501,198612,20,4,5,工作日,非高峰,2015-05-01,2015年5月1日,阵雨 /多云,25℃ / 14℃,东南风 ≤3级 /东北风 ≤3级,阵雨,多云,25,14,东南风,≤3级,东北风,≤3级,night
2015-05-17 11:04:00,花二道,1、追尾的,负全部责任,不负责任,1,贵GA2958,黑,0,渝CFZ963,黄,安顺市天安机动车驾驶员培训学校,自培,-1,2011/12/24 0:00,-1,-1,366346000000000000 ,354664000000000000 ,198608,197008,11,6,5,周末,非高峰,2015-05-17,2015年5月17日,阵雨 /雷阵雨,25℃ / 17℃,东北风 ≤3级 /南风 ≤3级,阵雨,雷阵雨,25,17,东北风,≤3级,南风,≤3级,day
2015-03-04 07:30:00,新世界,1、追尾的,负全部责任,不负责任,1,贵A15E85,银,1,贵AUA069,白,贵州平坝兴安机动车驾驶培训有限公司,-1,2012/11/28 0:00,-1,五菱牌,丰田牌,354166000000000000 ,366068000000000000 ,198810,198511,7,2,3,工作日,早高峰(7-9点),2015-03-04,2015年3月4日,小雨 /小雨,6℃ / 1℃,东北风 ≤3级 /东北风 ≤3级,小雨,小雨,6,1,东北风,≤3级,东北风,≤3级,day
2015-05-28 19:20:00,金关百花湖路,7、未按规定让行的 ,负全部责任,不负责任,1,贵A238C6,白,1,贵A0BP59,红,黔南剑江汽车驾驶培训学校,自培,2007/1/31 0:00,2003/7/15 0:00,解放牌,丰田牌,366864000000000000 ,36455751934660605X,198010,198502,19,3,5,工作日,晚高峰(17-19点),2015-05-28,2015年5月28日,多云 /雷阵雨,29℃ / 19℃,南风 ≤3级 /东南风 ≤3级,多云,雷阵雨,29,19,南风,≤3级,东南风,≤3级,day
2015-03-29 10:00:00,市北路,1、追尾的,负全部责任,不负责任,1,贵GH5797,白,1,贵AGB325,黑,安顺市汽车运输公司驾驶员培训学校,全林驾校,-1,2011/9/5 0:00,大众牌,比亚迪牌,364548000000000000 ,364547000000000000 ,198911,199205,10,6,3,周末,非高峰,2015-03-29,2015年3月29日,阴 /多云,18℃ / 15℃,东风 ≤3级 /南风 ≤3级,阴,多云,18,15,东风,≤3级,南风,≤3级,day
2015-05-02 15:40:00,盐务街,7、未按规定让行的 ,负全部责任,不负责任,1,贵A0BK74,白,1,贵CFK980,蓝,贵州省黔东南州宏达驾驶学校,-1,2015/2/11 0:00,-1,斯柯达牌,-1,366271000000000000 ,366546000000000000 ,198011,196803,15,5,5,工作日,非高峰,2015-05-02,2015年5月2日,多云 /阵雨,26℃ / 16℃,东北风 ≤3级 /东风 ≤3级,多云,阵雨,26,16,东北风,≤3级,东风,≤3级,day
2015-05-08 10:25:00,沙冲中路,1、追尾的,负全部责任,不负责任,1,贵A5710Y,白色,1,贵A5BR17,黑色,黔东南州广发机动车驾驶培训学校,-1,2010/3/25 0:00,-1,长安牌,大众汽车牌,366274000000000000 ,366362000000000000 ,198610,198105,10,4,5,工作日,非高峰,2015-05-08,2015年5月8日,阵雨 /多云,25℃ / 15℃,东南风 ≤3级 /东北风 ≤3级,阵雨,多云,25,15,东南风,≤3级,东北风,≤3级,day
2015-03-26 08:07:00,观山湖,7、未按规定让行的 ,负全部责任,不负责任,1,贵GH7795,白,0,贵JBS477,黑,安顺市汽车运输公司驾驶员培训学校,-1,2012/9/29 0:00,-1,起亚牌,东风标致牌,366346000000000000 ,366846000000000000 ,198809,198605,8,3,3,工作日,早高峰(7-9点),2015-03-26,2015年3月26日,阴 /阵雨,17℃ / 12℃,南风 ≤3级 /南风 ≤3级,阴,阵雨,17,12,南风,≤3级,南风,≤3级,day
2015-05-08 12:12:00,贵开路,3、倒车的,负全部责任,不负责任,1,贵JBT921,蓝,1,贵AE0527,黑,安顺市开发区千合机动车培训学校,自培,2015/2/2 0:00,2003/6/9 0:00,-1,丰田牌,36455051165557447X,36454751884366003X,199211,197705,12,4,5,工作日,非高峰,2015-05-08,2015年5月8日,阵雨 /多云,25℃ / 15℃,东南风 ≤3级 /东北风 ≤3级,阵雨,多云,25,15,东南风,≤3级,东北风,≤3级,day
2015-02-16 12:30:00,白云区,8、依法应负全责的其他情形,负全部责任,不负责任,1,贵GH2265,蓝,1,贵AKF675,黑,安顺市黔中驾驶培训学校,自培,2013/9/27 0:00,2002/10/14 0:00,福克斯牌,福克斯牌,366664000000000000 ,36454751274574400X,198209,196301,12,0,2,工作日,非高峰,2015-02-16,2015年2月16日,阴 /阵雨,15℃ / 9℃,东北风 ≤3级 /东南风 ≤3级,阴,阵雨,15,9,东北风,≤3级,东南风,≤3级,day
2015-03-30 12:00:00,青岩,7、未按规定让行的 ,负全部责任,不负责任,1,贵HW2118,白色,1,贵ATU956,白色,遵义市宝驰汽车驾驶培训有限公司,长运驾校,-1,2014/11/6 0:00,本田牌,梅赛德斯-奔驰牌,366566000000000000 ,366068000000000000 ,199406,199308,12,0,3,工作日,非高峰,2015-03-30,2015年3月30日,晴 /多云,24℃ / 17℃,南风 ≤3级 /南风 ≤3级,晴,多云,24,17,南风,≤3级,南风,≤3级,day
2015-05-17 12:07:00,同心路,7、未按规定让行的 ,负全部责任,不负责任,1,鄂AGN788,黑,1,贵CFS342,蓝,铜仁市红色二八职业技术培训学校有限公司,吉源驾校,-1,2010/4/20 0:00,雅阁牌,-1,64965500000000000 ,364558000000000000 ,198906,198905,12,6,5,周末,非高峰,2015-05-17,2015年5月17日,阵雨 /雷阵雨,25℃ / 17℃,东北风 ≤3级 /南风 ≤3级,阵雨,雷阵雨,25,17,东北风,≤3级,南风,≤3级,day
2015-03-18 09:50:00,轮胎厂,7、未按规定让行的 ,负全部责任,不负责任,1,贵A38F78,黑,1,贵GC3054,白,安顺市汽车运输公司驾驶员培训学校,自培,2011/11/17 0:00,2003/7/15 0:00,吉利牌,隆鑫牌,366370000000000000 ,36455751934660605X,198410,198502,9,2,3,工作日,早高峰(7-9点),2015-03-18,2015年3月18日,多云 /多云,24℃ / 14℃,南风 ≤3级 /南风 ≤3级,多云,多云,24,14,南风,≤3级,南风,≤3级,day
2015-03-09 17:20:00,大凹,8、依法应负全责的其他情形,负全部责任,不负责任,1,贵A3995B,白,1,贵A34W64,红,（花溪区）高新十七驾驶培训有限公司,-1,2004/12/30 0:00,-1,福田牌,歌诗图牌,356667000000000000 ,366068000000000000 ,197502,199103,17,0,3,工作日,晚高峰(17-19点),2015-03-09,2015年3月9日,小雨 /小雨,10℃ / 5℃,东北风 ≤3级 /东北风 ≤3级,小雨,小雨,10,5,东北风,≤3级,东北风,≤3级,day
2015-04-30 11:48:00,西二环,8、依法应负全责的其他情形,负全部责任,不负责任,1,贵A680H1,白色,1,贵AU5413,白色,自培,自培,2004/12/14 0:00,2006/12/7 0:00,东风牌,钱江牌,355468000000000000 ,366068000000000000 ,198610,197302,11,3,4,工作日,非高峰,2015-04-30,2015年4月30日,阵雨 /阵雨,25℃ / 17℃,东南风 ≤3级 /东南风 ≤3级,阵雨,阵雨,25,17,东南风,≤3级,东南风,≤3级,day
2015-02-26 14:20:00,八匹马,7、未按规定让行的 ,负全部责任,不负责任,1,贵ALD048,黑,1,贵AU3639,绿,黔西南州天和实业有限公司,自培,2010/7/29 0:00,2004/8/26 0:00,五菱,瑞麒牌,366761000000000000 ,366577000000000000 ,198211,198005,14,3,2,工作日,非高峰,2015-02-26,2015年2月26日,阴 /小雨,12℃ / 9℃,东风 ≤3级 /南风 ≤3级,阴,小雨,12,9,东风,≤3级,南风,≤3级,day
2015-04-17 10:50:00,市北路,1、追尾的,负全部责任,不负责任,1,贵A2AP95,白色,1,贵A15X21,黑色,高新驾校,自培,2012/1/9 0:00,2005/9/13 0:00,夏利牌,凯宴,364548000000000000 ,364548000000000000 ,197406,198304,10,4,4,工作日,非高峰,2015-04-17,2015年4月17日,多云 /多云,28℃ / 19℃,南风 ≤3级 /南风 ≤3级,多云,多云,28,19,南风,≤3级,南风,≤3级,day
2015-05-20 16:00:00,圣泉流云花园,7、未按规定让行的 ,负全部责任,不负责任,0,贵ACV566,黄,1,贵AFU476,红,高新驾校,自培,2011/7/22 0:00,2004/4/12 0:00,朗逸牌,北京现代牌,76366500000000000 ,364556000000000000 ,198208,197503,16,2,5,工作日,非高峰,2015-05-20,2015年5月20日,阴 /阵雨,23℃ / 17℃,东北风 ≤3级 /东北风 ≤3级,阴,阵雨,23,17,东北风,≤3级,东北风,≤3级,day
2015-05-11 15:30:00,云环路,7、未按规定让行的 ,负全部责任,不负责任,1,贵ARL173,白,1,贵A242B8,红,高新驾校,（南明区）吉源驾驶培训有限公司,2013/12/30 0:00,2010/12/6 0:00,五菱牌,解放牌,366664000000000000 ,364557000000000000 ,199201,198811,15,0,5,工作日,非高峰,2015-05-11,2015年5月11日,多云 /多云,24℃ / 13℃,东北风 ≤3级 /东北风 ≤3级,多云,多云,24,13,东北风,≤3级,东北风,≤3级,day
2015-05-07 07:50:00,八匹马,1、追尾的,负全部责任,不负责任,1,贵ASU412,黑,0,贵ANV595,白,（南明区）贵工大驾驶培训有限公司,消防驾校,2004/12/15 0:00,2011/7/11 0:00,朗逸牌,-1,364647000000000000 ,366061000000000000 ,198312,198206,7,3,5,工作日,早高峰(7-9点),2015-05-07,2015年5月7日,阵雨 /雷阵雨,23℃ / 17℃,东南风 ≤3级 /东南风 ≤3级,阵雨,雷阵雨,23,17,东南风,≤3级,东南风,≤3级,day
2015-03-26 11:40:00,白云区,1、追尾的,负全部责任,不负责任,1,贵A800G1,白,1,贵ATR556,白,智杰驾校,520127,2013/7/17 0:00,2009/12/22 0:00,解放牌,一汽佳星牌,366361000000000000 ,366347000000000000 ,198312,197302,11,3,3,工作日,非高峰,2015-03-26,2015年3月26日,阴 /阵雨,17℃ / 12℃,南风 ≤3级 /南风 ≤3级,阴,阵雨,17,12,南风,≤3级,南风,≤3级,day
2015-05-22 04:50:00,八匹马,1、追尾的,负全部责任,不负责任,1,贵A0933T,黄,1,贵AV6527,黄,高新驾校,自培,2014/10/29 0:00,1992/6/2 0:00,豪情牌,凌肯牌,366364000000000000 ,366361000000000000 ,194909,196808,4,4,5,工作日,非高峰,2015-05-22,2015年5月22日,阵雨 /阵雨,19℃ / 14℃,东风 ≤3级 /东风 ≤3级,阵雨,阵雨,19,14,东风,≤3级,东风,≤3级,night
2015-04-29 14:00:00,田园北路,7、未按规定让行的 ,负全部责任,不负责任,1,贵4544198,白色,1,贵AUA705,白色,高新驾校,自培,2014/6/26 0:00,2002/5/21 0:00,-1,奇瑞牌,364556000000000000 ,364557000000000000 ,199310,197309,14,2,4,工作日,非高峰,2015-04-29,2015年4月29日,阵雨 /阵雨,26℃ / 16℃,东北风 ≤3级 /东南风 ≤3级,阵雨,阵雨,26,16,东北风,≤3级,东南风,≤3级,day
2015-04-13 15:45:00,市北路,1、追尾的,负全部责任,不负责任,1,贵ACS573,银,1,贵A19A87,黑,高新驾校,520106,2014/6/26 0:00,2008/6/5 0:00,颐达(TIIDA)牌,雅阁牌,364557000000000000 ,364548000000000000 ,198804,198708,15,0,4,工作日,非高峰,2015-04-13,2015年4月13日,晴 /多云,23℃ / 8℃,东北风 ≤3级 /东北风 ≤3级,晴,多云,23,8,东北风,≤3级,东北风,≤3级,day