accidenttime,accidentaddr,driver1fault,driver1responsibility,driver2responsibility,sex1,platenumber1,carcolor1,sex2,platenumber2,carcolor2,jxmc1,jxmc2,cclzrq1,cclzrq2,clpp1,clpp2,driver1license,driver2license,brith1,brith2,hour,weekday,month,is_weekday,peak_hour,date,日期,天气状况,气温,风力风向,day_wea,night_wea,day_tep,night_tep,day_wind_direction,day_wind_speed,night_wind_direction,night_wind_speed,segment
2015-05-14 16:00:00,花溪,1、追尾的,负全部责任,不负责任,1,贵A1BF65,白色,1,鄂EAW559,白色,高新驾校,-1,2015/2/2 0:00,-1,马自达牌,-1,74062500000000000 ,66946500000000000 ,199104,197006,16,3,5,工作日,非高峰,2015-05-14,2015年5月14日,多云 /雷阵雨,27℃ / 20℃,东南风 ≤3级 /南风 ≤3级,多云,雷阵雨,27,20,东南风,≤3级,南风,≤3级,day
2015-03-22 14:21:00,田园北路,7、未按规定让行的 ,负全部责任,不负责任,1,贵A34K65,白色,1,贵ALW052,白色,贵工驾校,顺一驾驶培训学校,2013/11/8 0:00,2012/4/11 0:00,长城牌,五菱牌,364557000000000000 ,366566000000000000 ,197501,198812,14,6,3,周末,非高峰,2015-03-22,2015年3月22日,阵雨 /阵雨,19℃ / 10℃,东南风 ≤3级 /东风 ≤3级,阵雨,阵雨,19,10,东南风,≤3级,东风,≤3级,day
2015-03-23 18:40:00,西二环,1、追尾的,负全部责任,不负责任,1,贵A13H61,黑,1,贵A0BZ03,白,（南明区）贵工大驾驶培训有限公司,省交校,2010/1/8 0:00,2011/6/11 0:00,别克牌,帕杰罗,366566000000000000 ,364557000000000000 ,198603,198903,18,0,3,工作日,晚高峰(17-19点),2015-03-23,2015年3月23日,多云 /阴,17℃ / 9℃,东北风 ≤3级 /东北风 ≤3级,多云,阴,17,9,东北风,≤3级,东北风,≤3级,day
2015-03-23 18:40:00,杨家山,1、追尾的,负全部责任,不负责任,1,贵A13H61,黑,1,贵AV5523,红,（南明区）贵工大驾驶培训有限公司,自培,2010/1/8 0:00,2005/8/24 0:00,别克牌,雪佛兰牌,366566000000000000 ,366368000000000000 ,198603,197302,18,0,3,工作日,晚高峰(17-19点),2015-03-23,2015年3月23日,多云 /阴,17℃ / 9℃,东北风 ≤3级 /东北风 ≤3级,多云,阴,17,9,东北风,≤3级,东北风,≤3级,day
2015-02-14 14:00:00,沙冲路,1、追尾的,负全部责任,不负责任,1,临贵AIC165,黑色,1,贵H18Y93,白色,十一驾驶培训有限公司,-1,2010/11/12 0:00,-1,-1,-1,36636651884246695X,366046000000000000 ,197706,198510,14,5,2,工作日,非高峰,2015-02-14,2015年2月14日,阵雨 /雷阵雨,16℃ / 10℃,南风 ≤3级 /南风 ≤3级,阵雨,雷阵雨,16,10,南风,≤3级,南风,≤3级,day
2015-04-16 16:30:00,金朱东路,7、未按规定让行的 ,负全部责任,不负责任,1,贵ANH917,黑,1,贵AS2350,黑,天行健驾校,-1,2015/1/5 0:00,-1,东南牌,黄川牌,734398000000000000 ,654948000000000000 ,198204,198906,16,3,4,工作日,非高峰,2015-04-16,2015年4月16日,多云 /多云,29℃ / 17℃,南风 ≤3级 /南风 ≤3级,多云,多云,29,17,南风,≤3级,南风,≤3级,day
2015-04-30 19:00:00,花果园桥下,7、未按规定让行的 ,负全部责任,不负责任,1,贵JED555,白色,1,贵ATG406,白色,贵大驾校,-1,2011/11/14 0:00,-1,比亚迪牌,金杯牌,354367000000000000 ,3666520000000000 ,197712,198912,19,3,4,工作日,晚高峰(17-19点),2015-04-30,2015年4月30日,阵雨 /阵雨,25℃ / 17℃,东南风 ≤3级 /东南风 ≤3级,阵雨,阵雨,25,17,东南风,≤3级,东南风,≤3级,day
2015-02-10 18:30:00,西南环线兴隆花园后门,7、未按规定让行的 ,负全部责任,不负责任,1,贵A6650F,红色,1,贵CNB024,白色,（花溪区）贵州大学驾驶培训有限公司,湄潭宜众驾校,2011/6/27 0:00,-1,雪佛兰牌,五菱牌,366664000000000000 ,366570000000000000 ,198812,197707,18,1,2,工作日,晚高峰(17-19点),2015-02-10,2015年2月10日,小雨 /小雨,6℃ / 3℃,东北风 ≤3级 /东风 ≤3级,小雨,小雨,6,3,东北风,≤3级,东风,≤3级,day
2015-04-18 12:00:00,东站,7、未按规定让行的 ,负全部责任,不负责任,1,贵AL4412,白色,1,贵A27058,白色,（花溪区）贵州大学驾驶培训有限公司,自培,2006/6/29 0:00,2011/5/23 0:00,飞肯牌,陕汽牌,364556000000000000 ,364556000000000000 ,195803,198711,12,5,4,工作日,非高峰,2015-04-18,2015年4月18日,多云 /雷阵雨,29℃ / 16℃,南风 ≤3级 /南风 ≤3级,多云,雷阵雨,29,16,南风,≤3级,南风,≤3级,day
2015-03-18 08:55:00,黄河南路,7、未按规定让行的 ,负全部责任,不负责任,1,贵AHR898,白色,1,贵A6297W,白色,（经开区）十一驾驶培训有限公司,顺一驾驶培训学校,2005/1/28 0:00,-1,捷豹XJ,长安牌,355368000000000000 ,366067000000000000 ,198511,197708,8,2,3,工作日,早高峰(7-9点),2015-03-18,2015年3月18日,多云 /多云,24℃ / 14℃,南风 ≤3级 /南风 ≤3级,多云,多云,24,14,南风,≤3级,南风,≤3级,day
2015-03-08 17:20:00,金珠路,7、未按规定让行的 ,负全部责任,不负责任,0,贵FB1324,白,1,贵C37235,白,天行健驾校,自培,2014/12/2 0:00,2003/12/16 0:00,精通牌,奥迪牌,366046000000000000 ,366546000000000000 ,198603,196307,17,6,3,周末,晚高峰(17-19点),2015-03-08,2015年3月8日,小雨 /阴,11℃ / 6℃,东北风 ≤3级 /东北风 ≤3级,小雨,阴,11,6,东北风,≤3级,东北风,≤3级,day
2015-02-02 18:00:00,世纪城,7、未按规定让行的 ,负全部责任,不负责任,0,贵GV2436,黑,1,贵AA263B,黑,贵大驾校,自培,2012/4/12 0:00,2004/9/21 0:00,东风标致牌,五菱牌,364556000000000000 ,364547000000000000 ,198801,197509,18,0,2,工作日,晚高峰(17-19点),2015-02-02,2015年2月2日,阴 /小雨,7℃ / 3℃,南风 ≤3级 /东南风 ≤3级,阴,小雨,7,3,南风,≤3级,东南风,≤3级,day
2015-04-18 13:23:00,富源北路,1、追尾的,负全部责任,不负责任,1,贵A21162,白色,1,贵A3540J,白色,（经开区）十一驾驶培训有限公司,预约考试窗口,2005/7/28 0:00,2006/10/25 0:00,久龙牌,解放牌,357167000000000000 ,366561000000000000 ,198606,197611,13,5,4,工作日,非高峰,2015-04-18,2015年4月18日,多云 /雷阵雨,29℃ / 16℃,南风 ≤3级 /南风 ≤3级,多云,雷阵雨,29,16,南风,≤3级,南风,≤3级,day
2015-05-20 11:00:00,贵安大道,1、追尾的,负全部责任,不负责任,1,贵AA354F,白色,1,贵ARY569,白色,贵大驾校,-1,2013/7/5 0:00,-1,福克斯牌,马自达牌,366670000000000000 ,366361000000000000 ,198211,197504,11,2,5,工作日,非高峰,2015-05-20,2015年5月20日,阴 /阵雨,23℃ / 17℃,东北风 ≤3级 /东北风 ≤3级,阴,阵雨,23,17,东北风,≤3级,东北风,≤3级,day
2015-05-22 14:00:00,望城坡,1、追尾的,负全部责任,不负责任,1,贵AU4217,白色,1,贵A88J46,白色,（经开区）十一驾驶培训有限公司,市交校,2007/11/22 0:00,2014/7/19 0:00,正好牌,福克斯牌,366046000000000000 ,364548000000000000 ,198410,197207,14,4,5,工作日,非高峰,2015-05-22,2015年5月22日,阵雨 /阵雨,19℃ / 14℃,东风 ≤3级 /东风 ≤3级,阵雨,阵雨,19,14,东风,≤3级,东风,≤3级,day
2015-05-05 08:20:00,大坝路,7、未按规定让行的 ,负全部责任,不负责任,1,贵A71C58,白色,1,贵A1205C,白色,贵大驾校,自培,2012/11/14 0:00,2001/4/2 0:00,福克斯牌,五菱牌,366669000000000000 ,36455551224146405X,197810,196609,8,1,5,工作日,早高峰(7-9点),2015-05-05,2015年5月5日,阵雨 /阵雨,21℃ / 15℃,南风 ≤3级 /南风 ≤3级,阵雨,阵雨,21,15,南风,≤3级,南风,≤3级,day
2015-05-09 20:30:00,改茶大道路口,7、未按规定让行的 ,负全部责任,不负责任,1,贵A432G1,白色,1,贵A82G99,白色,贵大驾校,自培,2014/5/20 0:00,2001/2/12 0:00,-1,东风雪铁龙牌,366068000000000000 ,366577000000000000 ,197001,196501,20,5,5,工作日,非高峰,2015-05-09,2015年5月9日,阵雨 /阵雨,23℃ / 16℃,东北风 ≤3级 /东南风 ≤3级,阵雨,阵雨,23,16,东北风,≤3级,东南风,≤3级,night
2015-04-06 21:07:00,黔灵山路,1、追尾的,负全部责任,不负责任,1,贵A580B9,黑,1,贵AKD638,黑,（经开区）十一驾驶培训有限公司,-1,2007/11/22 0:00,-1,五菱牌,东风雪铁龙牌,366367000000000000 ,354547000000000 ,197410,670520,21,0,4,工作日,非高峰,2015-04-06,2015年4月6日,阵雨 /阵雨,17℃ / 7℃,东北风 ≤3级 /东北风 ≤3级,阵雨,阵雨,17,7,东北风,≤3级,东北风,≤3级,night
2015-05-21 16:30:00,长岭南路,7、未按规定让行的 ,负全部责任,不负责任,1,贵CNX164,白,1,贵A6AF01,黑,自培,顺一驾驶培训学校,2007/11/22 0:00,2012/8/14 0:00,-1,传祺牌,355468000000000000 ,724064000000000000 ,198305,198308,16,3,5,工作日,非高峰,2015-05-21,2015年5月21日,阴 /阵雨,24℃ / 16℃,东风 ≤3级 /东风 ≤3级,阴,阵雨,24,16,东风,≤3级,东风,≤3级,day
2015-03-25 08:20:00,北京路,7、未按规定让行的 ,负全部责任,不负责任,1,贵A39L83,黄,1,贵A25H16,银,（经开区）十一驾驶培训有限公司,-1,2006/1/4 0:00,-1,荣威牌,大众汽车牌,366363000000000000 ,668070 ,196702,-1,8,2,3,工作日,早高峰(7-9点),2015-03-25,2015年3月25日,阴 /阵雨,14℃ / 9℃,东北风 ≤3级 /东北风 ≤3级,阴,阵雨,14,9,东北风,≤3级,东北风,≤3级,day
2015-05-18 10:20:00,观山东路,1、追尾的,负全部责任,不负责任,1,贵AW5483,白,1,贵A88X15,白,（经开区）十一驾驶培训有限公司,自培,2008/10/27 0:00,2012/3/19 0:00,纵情牌,长安牌,366367000000000000 ,366068000000000000 ,198109,199107,10,0,5,工作日,非高峰,2015-05-18,2015年5月18日,多云 /多云,25℃ / 18℃,东北风 ≤3级 /东北风 ≤3级,多云,多云,25,18,东北风,≤3级,东北风,≤3级,day
2015-05-06 11:00:00,干休所,7、未按规定让行的 ,负全部责任,不负责任,1,贵A0511H,白色,1,贵AU0729,白色,十一驾驶培训有限公司,（乌当区）新天驾驶培训有限公司,2012/3/19 0:00,2002/12/30 0:00,一汽佳星牌,万达牌,364551000000000000 ,366361000000000000 ,198702,198401,11,2,5,工作日,非高峰,2015-05-06,2015年5月6日,多云 /多云,25℃ / 16℃,东北风 ≤3级 /南风 ≤3级,多云,多云,25,16,东北风,≤3级,南风,≤3级,day
2015-04-11 14:00:00,北京西路,7、未按规定让行的 ,负全部责任,不负责任,1,贵AWY518,银,1,贵A15N89,银,自培,自培,2008/9/1 0:00,2004/9/13 0:00,夏利牌,雪佛兰牌,366364000000000000 ,366876000000000000 ,197006,197408,14,5,4,工作日,非高峰,2015-04-11,2015年4月11日,多云 /多云,15℃ / 9℃,东北风 ≤3级 /东风 ≤3级,多云,多云,15,9,东北风,≤3级,东风,≤3级,day
2015-03-04 18:00:00,松林路,7、未按规定让行的 ,负全部责任,不负责任,1,贵A585684,银,1,贵JBT523,银,十一驾驶培训有限公司,铁二局驾校,2012/11/30 0:00,2011/8/29 0:00,-1,大众牌,36606651104258447X,364557000000000000 ,199406,199010,18,2,3,工作日,晚高峰(17-19点),2015-03-04,2015年3月4日,小雨 /小雨,6℃ / 1℃,东北风 ≤3级 /东北风 ≤3级,小雨,小雨,6,1,东北风,≤3级,东北风,≤3级,day
2015-04-02 14:00:00,小河,8、依法应负全责的其他情形,负全部责任,不负责任,1,贵A479F1,白色,1,贵A9648U,白色,十一驾驶培训有限公司,-1,2011/11/15 0:00,-1,江淮牌,长城牌,364551000000000000 ,734569000000000000 ,196807,197112,14,3,4,工作日,非高峰,2015-04-02,2015年4月2日,多云 /多云,30℃ / 18℃,南风 ≤3级 /南风 ≤3级,多云,多云,30,18,南风,≤3级,南风,≤3级,day
2015-04-20 09:50:00,八匹马,7、未按规定让行的 ,负全部责任,不负责任,1,贵FS3763,白,1,贵A38717,红,十一驾驶培训有限公司,无,2014/4/15 0:00,1996/12/23 0:00,翼虎牌,金龙牌,366368000000000000 ,366367000000000000 ,197010,197309,9,0,4,工作日,早高峰(7-9点),2015-04-20,2015年4月20日,阴 /阴,20℃ / 11℃,东北风 ≤3级 /东北风 ≤3级,阴,阴,20,11,东北风,≤3级,东北风,≤3级,day
2015-04-12 06:50:00,机场路,3、倒车的,负全部责任,不负责任,1,贵AU0128,白色,1,贵AU5849,白色,（经开区）十一驾驶培训有限公司,铁二局驾校,2005/2/6 0:00,2007/2/14 0:00,中豪牌,望江牌,366566000000000000 ,366562000000000000 ,197506,196409,6,6,4,周末,非高峰,2015-04-12,2015年4月12日,晴 /多云,21℃ / 7℃,东风 ≤3级 /东风 ≤3级,晴,多云,21,7,东风,≤3级,东风,≤3级,day
2015-04-25 16:20:00,小河漓江路,7、未按规定让行的 ,负全部责任,不负责任,1,贵AGB179,白色,1,贵A33V45,黑色,（经开区）十一驾驶培训有限公司,十一驾驶培训有限公司,2007/12/13 0:00,2013/4/10 0:00,长安牌,奥迪,726648000000000000 ,364551000000000000 ,198412,198907,16,5,4,工作日,非高峰,2015-04-25,2015年4月25日,阴 /阵雨,20℃ / 11℃,东风 ≤3级 /东南风 ≤3级,阴,阵雨,20,11,东风,≤3级,东南风,≤3级,day
2015-04-30 17:20:00,大兴星城,8、依法应负全责的其他情形,负全部责任,不负责任,1,贵AKB585,白色,1,贵GM2186,白色,（经开区）十一驾驶培训有限公司,全林驾校（乌当区）,2009/9/9 0:00,2009/3/31 0:00,波罗牌,大众汽车牌,76765500000000000 ,366566000000000000 ,197809,198001,17,3,4,工作日,晚高峰(17-19点),2015-04-30,2015年4月30日,阵雨 /阵雨,25℃ / 17℃,东南风 ≤3级 /东南风 ≤3级,阵雨,阵雨,25,17,东南风,≤3级,东南风,≤3级,day
2015-05-07 20:20:00,黄河路,1、追尾的,负全部责任,不负责任,1,贵AC374T,白色,1,贵JAM566,白色,（经开区）十一驾驶培训有限公司,高新驾校,2009/11/30 0:00,2011/11/21 0:00,长安牌,-1,364551000000000000 ,364548000000000000 ,198803,198705,20,3,5,工作日,非高峰,2015-05-07,2015年5月7日,阵雨 /雷阵雨,23℃ / 17℃,东南风 ≤3级 /东南风 ≤3级,阵雨,雷阵雨,23,17,东南风,≤3级,东南风,≤3级,night
2015-05-06 11:20:00,小河,7、未按规定让行的 ,负全部责任,不负责任,1,贵A98C67,白色,1,贵A87E32,白色,十一驾驶培训有限公司,520129,2012/5/30 0:00,2009/5/14 0:00,北京现代牌,宝马牌,66745500000000000 ,366670000000000000 ,198207,197312,11,2,5,工作日,非高峰,2015-05-06,2015年5月6日,多云 /多云,25℃ / 16℃,东北风 ≤3级 /南风 ≤3级,多云,多云,25,16,东北风,≤3级,南风,≤3级,day
2015-05-04 14:55:00,孟关汽车城,1、追尾的,负全部责任,不负责任,1,贵AC346X,白色,1,贵A8H001,白色,十一驾驶培训有限公司,时发,2011/7/18 0:00,2005/12/21 0:00,雪佛兰,-1,364551000000000000 ,36455051974052405X,198304,198304,14,0,5,工作日,非高峰,2015-05-04,2015年5月4日,阵雨 /阵雨,20℃ / 14℃,东北风 ≤3级 /东北风 ≤3级,阵雨,阵雨,20,14,东北风,≤3级,东北风,≤3级,day
2015-03-10 20:00:00,小河,3、倒车的,负全部责任,不负责任,1,贵A65R32,白色,1,贵ALH974,白色,（经开区）十一驾驶培训有限公司,自培,2010/4/7 0:00,2003/9/15 0:00,长安牌,丰田牌,34466351934266143X,364547000000000000 ,198506,196912,20,1,3,工作日,非高峰,2015-03-10,2015年3月10日,小雨 /小雨,8℃ / 4℃,东北风 ≤3级 /东北风 ≤3级,小雨,小雨,8,4,东北风,≤3级,东北风,≤3级,night
2015-04-07 12:55:00,长岭北路,7、未按规定让行的 ,负全部责任,不负责任,1,贵A3808R,银,1,贵AU8795,绿,十一驾驶培训有限公司,顺一驾驶培训学校,2013/5/28 0:00,2006/9/29 0:00,东风牌,金洪牌,366564000000000000 ,366070000000000000 ,197007,198711,12,1,4,工作日,非高峰,2015-04-07,2015年4月7日,小雨 /小雨,9℃ / 5℃,东北风 ≤3级 /东北风 ≤3级,小雨,小雨,9,5,东北风,≤3级,东北风,≤3级,day
2015-03-23 15:10:00,沙文,1、追尾的,负全部责任,不负责任,1,贵AJJ721,银,1,贵A4255M,银,十一驾驶培训有限公司,路路达驾校,2013/10/29 0:00,1995/7/15 0:00,五菱牌,吉利牌,364568000000000000 ,364558000000000000 ,199405,196001,15,0,3,工作日,非高峰,2015-03-23,2015年3月23日,多云 /阴,17℃ / 9℃,东北风 ≤3级 /东北风 ≤3级,多云,阴,17,9,东北风,≤3级,东北风,≤3级,day
2015-04-17 08:15:00,贵惠大道,9、不符合前8款规定或者双方同时具有上述情形的,负同等责任,负同等责任,1,贵A15Y55,白色,1,贵HY4338,白色,十一驾驶培训有限公司,公安内部,2013/4/16 0:00,2008/9/2 0:00,哈飞牌,福克斯牌,36636951915560407X,364547000000000000 ,198911,199001,8,4,4,工作日,早高峰(7-9点),2015-04-17,2015年4月17日,多云 /多云,28℃ / 19℃,南风 ≤3级 /南风 ≤3级,多云,多云,28,19,南风,≤3级,南风,≤3级,day
2015-04-17 12:50:00,李家坟,1、追尾的,负全部责任,不负责任,1,贵A6440Y,黑,1,贵A62X98,黑,十一驾驶培训有限公司,520134,2014/3/31 0:00,2007/11/15 0:00,丰田,宝马牌,364596000000000000 ,364557000000000000 ,199310,198210,12,4,4,工作日,非高峰,2015-04-17,2015年4月17日,多云 /多云,28℃ / 19℃,南风 ≤3级 /南风 ≤3级,多云,多云,28,19,南风,≤3级,南风,≤3级,day
2015-05-03 13:00:00,天河潭,7、未按规定让行的 ,负全部责任,不负责任,1,贵A0115Y,白色,1,贵AMR081,白色,十一驾驶培训有限公司,-1,2013/10/9 0:00,-1,北京现代牌,大众汽车牌,36455551364355605X,366363000000000000 ,195205,196902,13,6,5,周末,非高峰,2015-05-03,2015年5月3日,阵雨 /阵雨,25℃ / 15℃,东北风 ≤3级 /东北风 ≤3级,阵雨,阵雨,25,15,东北风,≤3级,东北风,≤3级,day
2015-05-09 17:20:00,世纪城,7、未按规定让行的 ,负全部责任,不负责任,1,贵AH367P,黑,1,贵AHN395,红,贵州省长安驾驶培训学校,自培,2010/12/24 0:00,1994/6/5 0:00,-1,长城牌,364557000000000000 ,364548000000000000 ,198812,194907,17,5,5,工作日,晚高峰(17-19点),2015-05-09,2015年5月9日,阵雨 /阵雨,23℃ / 16℃,东北风 ≤3级 /东南风 ≤3级,阵雨,阵雨,23,16,东北风,≤3级,东南风,≤3级,day
2015-05-10 09:30:00,小河浦江路,7、未按规定让行的 ,负全部责任,不负责任,1,贵A0EA27,白色,1,贵A17B59,白色,十一驾驶培训有限公司,自培,2014/6/16 0:00,2005/1/25 0:00,斯柯达牌,福克斯牌,366269000000000000 ,366575000000000000 ,197810,197110,9,6,5,周末,早高峰(7-9点),2015-05-10,2015年5月10日,阵雨 /雷阵雨,25℃ / 14℃,南风 ≤3级 /南风 ≤3级,阵雨,雷阵雨,25,14,南风,≤3级,南风,≤3级,day
2015-02-01 18:00:00,世纪城,3、倒车的,负全部责任,不负责任,1,贵A35L67,红,1,贵AA070V,银,十一驾驶培训有限公司,自培,2013/5/28 0:00,2004/12/31 0:00,翼搏牌,-1,364547000000000000 ,364548000000000000 ,199006,198508,18,6,2,周末,晚高峰(17-19点),2015-02-01,2015年2月1日,阴 /小雨,2℃ / 0℃,东北风 ≤3级 /东风 ≤3级,阴,小雨,2,0,东北风,≤3级,东风,≤3级,day
2015-05-21 13:00:00,皂角井,1、追尾的,负全部责任,不负责任,1,贵AP8448,白色,1,贵AKP509,白色,贵州省长安驾驶培训学校,-1,2014/6/9 0:00,-1,别克(BUICK)牌,波罗牌,254064000000000000 ,365498000000000000 ,199102,197003,13,3,5,工作日,非高峰,2015-05-21,2015年5月21日,阴 /阵雨,24℃ / 16℃,东风 ≤3级 /东风 ≤3级,阴,阵雨,24,16,东风,≤3级,东风,≤3级,day
2015-05-08 10:00:00,花溪大道,1、追尾的,负全部责任,不负责任,1,贵A3BV59,白色,1,贵A72K89,白色,贵州省长安驾驶培训学校,贵州省长安驾驶培训学校,2012/8/23 0:00,2013/7/25 0:00,东风牌,福克斯牌,364596000000000000 ,70634551824954847X,199210,197608,10,4,5,工作日,非高峰,2015-05-08,2015年5月8日,阵雨 /多云,25℃ / 15℃,东南风 ≤3级 /东北风 ≤3级,阵雨,多云,25,15,东南风,≤3级,东北风,≤3级,day
2015-05-10 06:00:00,小河转盘,9、不符合前8款规定或者双方同时具有上述情形的,负同等责任,负同等责任,1,贵AUA041,白色,1,贵AKV826,白色,贵州省长安驾驶培训学校,消防驾校,2011/7/7 0:00,2003/12/1 0:00,丰田牌,奇瑞牌,366875000000000000 ,364547000000000000 ,197506,195711,6,6,5,周末,非高峰,2015-05-10,2015年5月10日,阵雨 /雷阵雨,25℃ / 14℃,南风 ≤3级 /南风 ≤3级,阵雨,雷阵雨,25,14,南风,≤3级,南风,≤3级,day
2015-05-29 16:00:00,花溪,7、未按规定让行的 ,负全部责任,不负责任,1,贵AGC555,白色,1,贵AA1L48,白色,贵州省长安驾驶培训学校,贵州省长安驾驶培训学校,2014/8/25 0:00,2005/7/4 0:00,东风标致牌,-1,366067000000000000 ,366566000000000000 ,199310,198602,16,4,5,工作日,非高峰,2015-05-29,2015年5月29日,阵雨 /阵雨,24℃ / 17℃,东南风 ≤3级 /东北风 ≤3级,阵雨,阵雨,24,17,东南风,≤3级,东北风,≤3级,day
2015-04-10 08:00:00,白云区,7、未按规定让行的 ,负全部责任,不负责任,1,贵A61P19,白,1,贵ATK361,红,（南明区）长安驾驶培训有限公司,消防驾校,2007/11/12 0:00,2011/11/14 0:00,长城牌,马自达牌,36656051994962695X,364558000000000000 ,198808,197803,8,4,4,工作日,早高峰(7-9点),2015-04-10,2015年4月10日,小雨 /小雨,12℃ / 8℃,东北风 ≤3级 /东北风 ≤3级,小雨,小雨,12,8,东北风,≤3级,东北风,≤3级,day
2015-02-07 14:00:00,龙洞堡,1、追尾的,负全部责任,不负责任,0,贵AGN238,红,1,贵AU0812,绿,（南明区）长安驾驶培训有限公司,520134,2009/3/25 0:00,2007/11/23 0:00,福特牌,喜马牌,364547000000000000 ,36606351975663035X,197507,198312,14,5,2,工作日,非高峰,2015-02-07,2015年2月7日,阴 /阴,8℃ / 3℃,东北风 ≤3级 /东北风 ≤3级,阴,阴,8,3,东北风,≤3级,东北风,≤3级,day
2015-03-12 14:14:00,二戈寨,1、追尾的,负全部责任,不负责任,1,云D86614,白色,1,贵A7293A,白色,（南明区）长安驾驶培训有限公司,市交校,2010/3/24 0:00,2014/2/21 0:00,长安牌,起亚牌,364567000000000000 ,366566000000000000 ,198808,198704,14,3,3,工作日,非高峰,2015-03-12,2015年3月12日,多云 /多云,16℃ / 10℃,南风 ≤3级 /南风 ≤3级,多云,多云,16,10,南风,≤3级,南风,≤3级,day
2015-03-21 09:20:00,太慈桥,1、追尾的,负全部责任,不负责任,1,贵GL1235,白,1,贵ACR963,白,（南明区）长安驾驶培训有限公司,-1,2009/6/22 0:00,-1,东风日产牌,北京牌,354868000000000000 ,364548000000000000 ,197811,195902,9,5,3,工作日,早高峰(7-9点),2015-03-21,2015年3月21日,阴 /阴,16℃ / 11℃,东北风 ≤3级 /东南风 ≤3级,阴,阴,16,11,东北风,≤3级,东南风,≤3级,day
2015-04-15 17:00:00,都司路,1、追尾的,负全部责任,不负责任,1,贵A4AP15,白色,1,贵A15519,白色,贵州省长安驾驶培训学校,-1,2011/7/14 0:00,-1,明锐牌,豪日牌,366566000000000000 ,366846000000000000 ,198110,198801,17,2,4,工作日,晚高峰(17-19点),2015-04-15,2015年4月15日,多云 /多云,24℃ / 16℃,东南风 ≤3级 /南风 ≤3级,多云,多云,24,16,东南风,≤3级,南风,≤3级,day
2015-03-20 12:10:00,富源北路,7、未按规定让行的 ,负全部责任,不负责任,1,贵APS738,白色,1,贵AD9X47,白色,贵州省长安驾驶培训学校,-1,2012/1/12 0:00,-1,东风雪铁龙牌,-1,36454651824640606X,74360500000000000 ,197602,199309,12,4,3,工作日,非高峰,2015-03-20,2015年3月20日,阴 /阵雨,14℃ / 10℃,东北风 ≤3级 /东北风 ≤3级,阴,阵雨,14,10,东北风,≤3级,东北风,≤3级,day
2015-03-29 19:00:00,五里冲,7、未按规定让行的 ,负全部责任,不负责任,1,贵A58R53,白色,1,贵A49Y94,白色,贵州省长安驾驶培训学校,-1,2014/3/20 0:00,-1,福田牌,丰田牌,364547000000000000 ,364566000000000000 ,198303,195909,19,6,3,周末,晚高峰(17-19点),2015-03-29,2015年3月29日,阴 /多云,18℃ / 15℃,东风 ≤3级 /南风 ≤3级,阴,多云,18,15,东风,≤3级,南风,≤3级,day
2015-04-13 17:55:00,龙阳路,8、依法应负全责的其他情形,负全部责任,不负责任,1,贵A6BJ36,黑,1,贵AU7597,蓝,贵州省长安驾驶培训学校,自培,2012/6/20 0:00,2007/6/26 0:00,东风标致牌,豪江牌,366664000000000000 ,364547000000000000 ,198411,198809,17,0,4,工作日,晚高峰(17-19点),2015-04-13,2015年4月13日,晴 /多云,23℃ / 8℃,东北风 ≤3级 /东北风 ≤3级,晴,多云,23,8,东北风,≤3级,东北风,≤3级,day
2015-04-15 08:56:00,北京西路,1、追尾的,负全部责任,不负责任,1,贵AC829S,黑,1,贵ARG291,黄,贵州省长安驾驶培训学校,-1,2015/1/28 0:00,-1,宝来,五菱牌,364557000000000000 ,35524700000000000 ,199505,199121,8,2,4,工作日,早高峰(7-9点),2015-04-15,2015年4月15日,多云 /多云,24℃ / 16℃,东南风 ≤3级 /南风 ≤3级,多云,多云,24,16,东南风,≤3级,南风,≤3级,day
2015-05-14 08:30:00,四方河,3、倒车的,负全部责任,不负责任,1,贵A98487,白色,1,贵A85337,白色,消防驾校,自培,2007/11/22 0:00,-1,解放,新世纪,366061000000000000 ,***,197202,-1,8,3,5,工作日,早高峰(7-9点),2015-05-14,2015年5月14日,多云 /雷阵雨,27℃ / 20℃,东南风 ≤3级 /南风 ≤3级,多云,雷阵雨,27,20,东南风,≤3级,南风,≤3级,day
2015-05-15 18:00:00,花溪,1、追尾的,负全部责任,不负责任,1,贵A718E,白色,1,贵A674C6,白色,鑫鑫驾校,自培,2011/5/13 0:00,2012/3/12 0:00,-1,解放牌,736675000000000000 ,364556000000000000 ,197211,196812,18,4,5,工作日,晚高峰(17-19点),2015-05-15,2015年5月15日,阵雨 /阵雨,25℃ / 16℃,东北风 ≤3级 /东北风 ≤3级,阵雨,阵雨,25,16,东北风,≤3级,东北风,≤3级,day
2015-03-09 07:35:00,云峰大道,9、不符合前8款规定或者双方同时具有上述情形的,负同等责任,负同等责任,1,贵AU8729,蓝,1,贵A6254H,白,（花溪区）鑫鑫驾驶培训有限公司,-1,2010/2/8 0:00,-1,钱江牌,长安牌,366347000000000000 ,366067000000000000 ,197401,197609,7,0,3,工作日,早高峰(7-9点),2015-03-09,2015年3月9日,小雨 /小雨,10℃ / 5℃,东北风 ≤3级 /东北风 ≤3级,小雨,小雨,10,5,东北风,≤3级,东北风,≤3级,day
2015-05-19 21:00:00,北京路,9、不符合前8款规定或者双方同时具有上述情形的,负全部责任,不负责任,1,贵AV8729,黄,1,贵AMP634,黄,（花溪区）鑫鑫驾驶培训有限公司,文通驾校,2010/2/8 0:00,2012/8/25 0:00,圣火神牌,起亚,366347000000000000 ,364548000000000000 ,197401,196202,21,1,5,工作日,非高峰,2015-05-19,2015年5月19日,阵雨 /大雨,25℃ / 18℃,东北风 ≤3级 /南风 ≤3级,阵雨,大雨,25,18,东北风,≤3级,南风,≤3级,night