accidenttime,accidentaddr,driver1fault,driver1responsibility,driver2responsibility,sex1,platenumber1,carcolor1,sex2,platenumber2,carcolor2,jxmc1,jxmc2,cclzrq1,cclzrq2,clpp1,clpp2,driver1license,driver2license,brith1,brith2,hour,weekday,month,is_weekday,peak_hour,date,日期,天气状况,气温,风力风向,day_wea,night_wea,day_tep,night_tep,day_wind_direction,day_wind_speed,night_wind_direction,night_wind_speed,segment
2015-04-03 13:10:00,金关,7、未按规定让行的 ,负全部责任,不负责任,1,贵A5816K,银,1,贵A6330H,银,鑫鑫驾校,阳光驾校,2012/3/7 0:00,2013/4/27 0:00,力帆牌,比亚迪牌,364556000000000000 ,364596000000000000 ,197909,199409,13,4,4,工作日,非高峰,2015-04-03,2015年4月3日,多云 /多云,30℃ / 19℃,南风 ≤3级 /南风 ≤3级,多云,多云,30,19,南风,≤3级,南风,≤3级,day
2015-05-05 16:40:00,贵筑路,1、追尾的,负全部责任,不负责任,1,贵A8BF08,白色,1,贵AEJ131,白色,鑫鑫驾校,鑫鑫驾校,2011/5/25 0:00,2011/5/25 0:00,福克斯牌,奥迪牌,364547000000000000 ,364547000000000000 ,198401,198401,16,1,5,工作日,非高峰,2015-05-05,2015年5月5日,阵雨 /阵雨,21℃ / 15℃,南风 ≤3级 /南风 ≤3级,阵雨,阵雨,21,15,南风,≤3级,南风,≤3级,day
2015-02-11 20:00:00,143厂到183厂之间,7、未按规定让行的 ,负全部责任,不负责任,1,贵A484E4,白色,1,贵A0742N,黄色,鑫鑫驾校,顺一驾驶培训学校,2014/7/19 0:00,2010/9/29 0:00,欧铃牌,福克斯牌,366067000000000000 ,364551000000000000 ,199310,199004,20,2,2,工作日,非高峰,2015-02-11,2015年2月11日,多云 /多云,11℃ / 3℃,东风 ≤3级 /东北风 ≤3级,多云,多云,11,3,东风,≤3级,东北风,≤3级,night
2015-05-06 08:28:00,北二环,1、追尾的,负全部责任,不负责任,1,贵EF1901,白,1,贵ANN494,红,鑫鑫驾校,520106,2014/4/3 0:00,2009/2/24 0:00,-1,别克牌,366367000000000000 ,366664000000000000 ,197910,198011,8,2,5,工作日,早高峰(7-9点),2015-05-06,2015年5月6日,多云 /多云,25℃ / 16℃,东北风 ≤3级 /南风 ≤3级,多云,多云,25,16,东北风,≤3级,南风,≤3级,day
2015-04-08 21:00:00,理工学院,1、追尾的,负全部责任,不负责任,1,贵JD8332,白色,1,贵A2BE22,白色,鑫鑫驾校,贵州晨运驾驶培训学校,2014/12/11 0:00,2006/10/19 0:00,骐达牌,宝马牌,364556000000000000 ,364548000000000000 ,199410,198407,21,2,4,工作日,非高峰,2015-04-08,2015年4月8日,小雨 /小雨,10℃ / 6℃,东北风 ≤3级 /东北风 ≤3级,小雨,小雨,10,6,东北风,≤3级,东北风,≤3级,night
2015-03-16 20:50:00,花溪大道,1、追尾的,负全部责任,不负责任,1,贵HAX222,白色,1,贵A7546B,白色,鑫鑫驾校,鑫鑫驾校,2013/2/2 0:00,2003/9/8 0:00,大众汽车牌,北京现代牌,364556000000000000 ,364558000000000000 ,198609,197709,20,0,3,工作日,非高峰,2015-03-16,2015年3月16日,阴 /多云,20℃ / 15℃,南风 ≤3级 /南风 ≤3级,阴,多云,20,15,南风,≤3级,南风,≤3级,night
2015-05-24 10:30:00,南剑路,7、未按规定让行的 ,负全部责任,不负责任,1,贵A0194P,白,0,渝F1U912,红,鑫鑫驾校,-1,2012/6/11 0:00,-1,大众汽车牌,-1,364557000000000000 ,355669000000000000 ,197408,197706,10,6,5,周末,非高峰,2015-05-24,2015年5月24日,多云 /阴,24℃ / 18℃,东风 ≤3级 /东南风 ≤3级,多云,阴,24,18,东风,≤3级,东南风,≤3级,day
2015-04-14 18:00:00,花溪,8、依法应负全责的其他情形,负全部责任,不负责任,1,贵C71326,白色,1,贵A91432,白色,鑫鑫驾校,-1,2012/7/27 0:00,-1,雅阁,劲隆牌,366568000000000000 ,366870000000000000 ,197804,197710,18,1,4,工作日,晚高峰(17-19点),2015-04-14,2015年4月14日,晴 /多云,22℃ / 9℃,东风 ≤3级 /东风 ≤3级,晴,多云,22,9,东风,≤3级,东风,≤3级,day
2015-05-11 00:00:00,冒沙井,7、未按规定让行的 ,负全部责任,不负责任,1,贵A3104F,白色,1,贵FBM891,白色,鑫鑫驾校,市交校,2011/12/29 0:00,2014/9/5 0:00,五菱牌,-1,364556000000000000 ,366067000000000000 ,198511,196610,0,0,5,工作日,非高峰,2015-05-11,2015年5月11日,多云 /多云,24℃ / 13℃,东北风 ≤3级 /东北风 ≤3级,多云,多云,24,13,东北风,≤3级,东北风,≤3级,night
2015-04-17 10:20:00,金珠东路,1、追尾的,负全部责任,不负责任,1,贵JM5481,黑,1,贵A88W63,蓝,鑫鑫驾校,贵大佳德驾驶培训学校,2012/10/23 0:00,-1,朗逸牌,大众牌,364547000000000000 ,364556000000000000 ,197903,198011,10,4,4,工作日,非高峰,2015-04-17,2015年4月17日,多云 /多云,28℃ / 19℃,南风 ≤3级 /南风 ≤3级,多云,多云,28,19,南风,≤3级,南风,≤3级,day
2015-02-08 15:00:00,大昌隆门口,1、追尾的,负全部责任,不负责任,1,川LP3A895,白色,1,贵AJD672,白色,鑫鑫驾校,-1,2014/5/20 0:00,-1,\N,神龙富康,355366000000000000 ,366575000000000000 ,198704,198509,15,6,2,周末,非高峰,2015-02-08,2015年2月8日,阴 /阴,7℃ / 3℃,东北风 ≤3级 /南风 ≤3级,阴,阴,7,3,东北风,≤3级,南风,≤3级,day
2015-03-12 22:00:00,宝山南路,8、依法应负全责的其他情形,负全部责任,不负责任,1,贵GL8759,白色,1,贵AGK918,白色,鑫鑫驾校,鑫鑫驾校,2014/5/20 0:00,2014/8/6 0:00,东风日产牌,东风雪铁龙牌,364568000000000000 ,364556000000000000 ,199010,197211,22,3,3,工作日,非高峰,2015-03-12,2015年3月12日,多云 /多云,16℃ / 10℃,南风 ≤3级 /南风 ≤3级,多云,多云,16,10,南风,≤3级,南风,≤3级,night
2015-02-07 18:58:00,孟关汽车城,8、依法应负全责的其他情形,负全部责任,不负责任,1,贵AB687B,黑色,1,贵A6540A,黑色,鑫鑫驾校,铁二局驾校,2015/1/6 0:00,2011/7/11 0:00,吉利牌,福克斯牌,36626851974160405X,364566000000000000 ,198309,198710,18,5,2,工作日,晚高峰(17-19点),2015-02-07,2015年2月7日,阴 /阴,8℃ / 3℃,东北风 ≤3级 /东北风 ≤3级,阴,阴,8,3,东北风,≤3级,东北风,≤3级,day
2015-04-10 19:00:00,花溪,7、未按规定让行的 ,负全部责任,不负责任,1,贵GR7522,白色,1,贵GF9274,白色,鑫鑫驾校,520127,2015/1/28 0:00,2009/6/2 0:00,奥迪牌,奇瑞牌,366046000000000000 ,344797000000000000 ,198010,198707,19,4,4,工作日,晚高峰(17-19点),2015-04-10,2015年4月10日,小雨 /小雨,12℃ / 8℃,东北风 ≤3级 /东北风 ≤3级,小雨,小雨,12,8,东北风,≤3级,东北风,≤3级,day
2015-02-06 00:00:00,南明,1、追尾的,负全部责任,不负责任,1,贵AHP426,白色,1,贵A5427V,黑色,（经开区）顺一驾驶培训有限公司,-1,2008/10/21 0:00,-1,解放牌,北斗星牌,366067000000000000 ,364558000000000000 ,197410,191708,0,4,2,工作日,非高峰,2015-02-06,2015年2月6日,多云 /小雨,9℃ / 2℃,南风 ≤3级 /南风 ≤3级,多云,小雨,9,2,南风,≤3级,南风,≤3级,night
2015-05-03 20:40:00,金阳万科城,7、未按规定让行的 ,负全部责任,不负责任,1,贵A7317C,蓝,1,贵A8694J,白,鑫鑫驾校,自培,2014/5/20 0:00,2010/12/28 0:00,雪佛兰牌,长安,364568000000000000 ,36456751144847745X,199010,199007,20,6,5,周末,非高峰,2015-05-03,2015年5月3日,阵雨 /阵雨,25℃ / 15℃,东北风 ≤3级 /东北风 ≤3级,阵雨,阵雨,25,15,东北风,≤3级,东北风,≤3级,night
2015-03-08 13:30:00,东客站,1、追尾的,负全部责任,不负责任,1,贵AV8972,白色,1,贵A56N78,白色,顺一驾驶培训学校,-1,2010/11/30 0:00,-1,大运牌,别克牌,366876000000000000 ,364566000000000000 ,198601,197909,13,6,3,周末,非高峰,2015-03-08,2015年3月8日,小雨 /阴,11℃ / 6℃,东北风 ≤3级 /东北风 ≤3级,小雨,阴,11,6,东北风,≤3级,东北风,≤3级,day
2015-04-04 07:30:00,小河平桥,7、未按规定让行的 ,负全部责任,不负责任,1,贵AU8215,白色,1,贵AB720X,白色,顺一驾驶培训学校,-1,2010/11/30 0:00,-1,本田牌,蒙迪欧牌,366876000000000000 ,366367000000000000 ,198601,191705,7,5,4,工作日,早高峰(7-9点),2015-04-04,2015年4月4日,多云 /多云,29℃ / 18℃,南风 ≤3级 /南风 ≤3级,多云,多云,29,18,南风,≤3级,南风,≤3级,day
2015-05-13 08:00:00,望城坡,7、未按规定让行的 ,负全部责任,不负责任,1,贵A73893,白色,1,贵PL4380,白色,顺一驾驶培训学校,毕节地区黔中汽车(摩托车)驾驶培训学校,2011/10/19 0:00,2013/8/16 0:00,福田牌,-1,355468000000000000 ,366061000000000000 ,198204,198812,8,2,5,工作日,早高峰(7-9点),2015-05-13,2015年5月13日,多云 /阵雨,26℃ / 19℃,东南风 ≤3级 /东南风 ≤3级,多云,阵雨,26,19,东南风,≤3级,东南风,≤3级,day
2015-03-06 22:50:00,遵义路,1、追尾的,负全部责任,不负责任,1,贵ASJ422,白色,1,贵AC4059,白色,顺一驾驶培训学校,520134,2012/12/21 0:00,2008/8/7 0:00,马自达牌,锋范牌,366770000000000000 ,364548000000000000 ,195607,197802,22,4,3,工作日,非高峰,2015-03-06,2015年3月6日,小雨 /小雨,5℃ / 3℃,东北风 ≤3级 /东北风 ≤3级,小雨,小雨,5,3,东北风,≤3级,东北风,≤3级,night
2015-02-13 19:10:00,盘江路,7、未按规定让行的 ,负全部责任,不负责任,1,贵AVT564,白色,1,贵A59W87,白色,顺一驾驶培训学校,公安干院驾校,2012/4/26 0:00,2007/4/29 0:00,-1,奥迪牌,364547000000000000 ,366064000000000000 ,197008,198601,19,4,2,工作日,晚高峰(17-19点),2015-02-13,2015年2月13日,多云 /阵雨,17℃ / 8℃,南风 ≤3级 /南风 ≤3级,多云,阵雨,17,8,南风,≤3级,南风,≤3级,day
2015-04-29 12:30:00,花溪大道,1、追尾的,负全部责任,不负责任,1,贵A98Y86,白色,1,贵A8024L,白色,消防驾校,时发,2011/1/7 0:00,-1,现代,佳美,364557000000000000 ,34640500000000000 ,198610,198401,12,2,4,工作日,非高峰,2015-04-29,2015年4月29日,阵雨 /阵雨,26℃ / 16℃,东北风 ≤3级 /东南风 ≤3级,阵雨,阵雨,26,16,东北风,≤3级,东南风,≤3级,day
2015-03-10 08:40:00,西二环,1、追尾的,负全部责任,不负责任,1,贵A68E16,银,0,贵ASU522,黄,顺一驾驶培训学校,贵大驾校,2013/6/8 0:00,2010/9/9 0:00,红旗牌,宝来牌,364551000000000000 ,364556000000000000 ,199008,197205,8,1,3,工作日,早高峰(7-9点),2015-03-10,2015年3月10日,小雨 /小雨,8℃ / 4℃,东北风 ≤3级 /东北风 ≤3级,小雨,小雨,8,4,东北风,≤3级,东北风,≤3级,day
2015-03-28 18:45:00,大寨,7、未按规定让行的 ,负全部责任,不负责任,1,贵GAA338,白色,1,贵FV2290,白色,（经开区）顺一驾驶培训有限公司,-1,2015/2/17 0:00,-1,别克牌,长安牌,74366500000000000 ,366068000000000000 ,197610,197709,18,5,3,工作日,晚高峰(17-19点),2015-03-28,2015年3月28日,阵雨 /雷阵雨,17℃ / 14℃,南风 ≤3级 /南风 ≤3级,阵雨,雷阵雨,17,14,南风,≤3级,南风,≤3级,day
2015-03-18 10:40:00,太慈桥,7、未按规定让行的 ,负全部责任,不负责任,1,贵JR6291,白色,1,贵AU6148,白色,顺一驾驶培训学校,520111,2014/12/24 0:00,-1,五菱牌,大江牌,364556000000000000 ,366068000000000000 ,199110,198002,10,2,3,工作日,非高峰,2015-03-18,2015年3月18日,多云 /多云,24℃ / 14℃,南风 ≤3级 /南风 ≤3级,多云,多云,24,14,南风,≤3级,南风,≤3级,day
2015-04-14 12:20:00,小河平桥,3、倒车的,负全部责任,不负责任,1,贵ANU779,白色,1,闽A83J79,白色,顺一驾驶培训学校,-1,2011/1/4 0:00,-1,思域牌,明锐牌,364556000000000000 ,734596000000000000 ,196712,197605,12,1,4,工作日,非高峰,2015-04-14,2015年4月14日,晴 /多云,22℃ / 9℃,东风 ≤3级 /东风 ≤3级,晴,多云,22,9,东风,≤3级,东风,≤3级,day
2015-02-20 08:50:00,小河转盘,9、不符合前8款规定或者双方同时具有上述情形的,负同等责任,负同等责任,1,贵GNG182,白色,1,贵FP5314,白色,顺一驾驶培训学校,顺一驾驶培训学校,2013/9/29 0:00,2005/10/28 0:00,-1,五菱牌,366346000000000000 ,366067000000000000 ,197403,197309,8,4,2,工作日,早高峰(7-9点),2015-02-20,2015年2月20日,多云 /雷阵雨,23℃ / 11℃,南风 ≤3级 /东北风 ≤3级,多云,雷阵雨,23,11,南风,≤3级,东北风,≤3级,day
2015-04-22 08:15:00,小河,7、未按规定让行的 ,负全部责任,不负责任,1,贵AK3154,白色,1,贵AW6335,白色,（经开区）顺一驾驶培训有限公司,自培,2008/9/27 0:00,2004/2/28 0:00,嘉隆牌,大阳牌,364551000000000000 ,366864000000000000 ,197807,198311,8,2,4,工作日,早高峰(7-9点),2015-04-22,2015年4月22日,小雨 /小雨,15℃ / 10℃,东北风 ≤3级 /东北风 ≤3级,小雨,小雨,15,10,东北风,≤3级,东北风,≤3级,day
2015-02-14 16:30:00,沙冲路口,7、未按规定让行的 ,负全部责任,不负责任,1,贵BAP945,白色,1,贵A17N66,白色,顺一驾驶培训学校,自培,2014/9/19 0:00,2003/8/8 0:00,别克,奥迪牌,364648000000000000 ,366368000000000000 ,198503,198309,16,5,2,工作日,非高峰,2015-02-14,2015年2月14日,阵雨 /雷阵雨,16℃ / 10℃,南风 ≤3级 /南风 ≤3级,阵雨,雷阵雨,16,10,南风,≤3级,南风,≤3级,day
2015-03-20 08:00:00,清水江路,7、未按规定让行的 ,负全部责任,不负责任,1,贵AEX592,黑色,1,贵A45B81,白色,（经开区）顺一驾驶培训有限公司,自培,2009/4/21 0:00,2010/3/8 0:00,马自达牌,东风日产牌,74265500000000000 ,364556000000000000 ,198406,195203,8,4,3,工作日,早高峰(7-9点),2015-03-20,2015年3月20日,阴 /阵雨,14℃ / 10℃,东北风 ≤3级 /东北风 ≤3级,阴,阵雨,14,10,东北风,≤3级,东北风,≤3级,day
2015-05-09 07:40:00,嘉润路,8、依法应负全责的其他情形,负全部责任,不负责任,1,贵A722D3,白色,1,贵A14N84,白色,顺一驾驶培训学校,-1,2011/9/13 0:00,-1,跃进牌,马自达牌,364556000000000000 ,774896000000000000 ,198802,198811,7,5,5,工作日,早高峰(7-9点),2015-05-09,2015年5月9日,阵雨 /阵雨,23℃ / 16℃,东北风 ≤3级 /东南风 ≤3级,阵雨,阵雨,23,16,东北风,≤3级,东南风,≤3级,day
2015-03-07 17:00:00,医学院,7、未按规定让行的 ,负全部责任,不负责任,1,贵ALW341,黑,1,贵A48J18,黑,顺一驾驶培训学校,省交校,2011/8/17 0:00,2014/8/27 0:00,马自达,飞度牌,366246000000000000 ,36454751974746766X,197509,198303,17,5,3,工作日,晚高峰(17-19点),2015-03-07,2015年3月7日,阴 /小雨,10℃ / 5℃,东风 ≤3级 /东南风 ≤3级,阴,小雨,10,5,东风,≤3级,东南风,≤3级,day
2015-05-09 17:00:00,小河珠江路,7、未按规定让行的 ,负全部责任,不负责任,1,贵ANE268,白色,1,贵ASB884,白色,顺一驾驶培训学校,财院驾校,2011/2/28 0:00,2005/11/23 0:00,轩逸牌,力帆牌,74746500000000000 ,366367000000000000 ,196702,198109,17,5,5,工作日,晚高峰(17-19点),2015-05-09,2015年5月9日,阵雨 /阵雨,23℃ / 16℃,东北风 ≤3级 /东南风 ≤3级,阵雨,阵雨,23,16,东北风,≤3级,东南风,≤3级,day
2015-02-11 08:58:00,盘江路,1、追尾的,负全部责任,不负责任,1,贵A67X62,白色,1,贵A29676,白色,顺一驾驶培训学校,-1,2011/4/6 0:00,-1,大众汽车牌,解放牌,355468000000000000 ,364551000000000000 ,196208,198108,8,2,2,工作日,早高峰(7-9点),2015-02-11,2015年2月11日,多云 /多云,11℃ / 3℃,东风 ≤3级 /东北风 ≤3级,多云,多云,11,3,东风,≤3级,东北风,≤3级,day
2015-02-09 16:16:00,福州街,7、未按规定让行的 ,负全部责任,不负责任,1,贵A80933,黑,1,贵GX8162,黑,顺一驾驶培训学校,-1,2011/12/26 0:00,-1,运力牌,丰田牌,366046000000000000 ,354367000000000000 ,198606,197601,16,0,2,工作日,非高峰,2015-02-09,2015年2月9日,阴 /小雨,6℃ / 4℃,东北风 ≤3级 /东北风 ≤3级,阴,小雨,6,4,东北风,≤3级,东北风,≤3级,day
2015-05-22 14:00:00,花鸟市场,3、倒车的,负全部责任,不负责任,1,贵A81G72,白色,1,贵A73Y81,白色,顺一驾驶培训学校,-1,2010/8/31 0:00,-1,众泰牌,吉普,364548000000000000 ,785368000000000000 ,198311,198611,14,4,5,工作日,非高峰,2015-05-22,2015年5月22日,阵雨 /阵雨,19℃ / 14℃,东风 ≤3级 /东风 ≤3级,阵雨,阵雨,19,14,东风,≤3级,东风,≤3级,day
2015-05-23 16:00:00,黄河路,8、依法应负全责的其他情形,负全部责任,不负责任,1,贵A3204,白色,1,贵A5867U,白色,顺一驾驶培训学校,-1,2013/11/20 0:00,-1,-1,夏利牌,364596000000000000 ,664361000000000000 ,198804,198909,16,5,5,工作日,非高峰,2015-05-23,2015年5月23日,阵雨 /阴,19℃ / 14℃,东北风 ≤3级 /东北风 ≤3级,阵雨,阴,19,14,东北风,≤3级,东北风,≤3级,day
2015-05-01 10:51:00,大营路,7、未按规定让行的 ,负全部责任,不负责任,1,贵AFR277,白,1,贵A22Y91,白,贵州晨运驾驶培训学校,大地驾校,2011/9/27 0:00,2007/1/22 0:00,中华牌,-1,366068000000000000 ,364548000000000000 ,198501,196410,10,4,5,工作日,非高峰,2015-05-01,2015年5月1日,阵雨 /多云,25℃ / 14℃,东南风 ≤3级 /东北风 ≤3级,阵雨,多云,25,14,东南风,≤3级,东北风,≤3级,day
2015-04-28 11:00:00,商贸城,7、未按规定让行的 ,负全部责任,不负责任,1,贵GY7187,白,1,贵A2996A,黄,青正驾校,-1,2014/7/19 0:00,-1,黑豹牌,五菱牌,366067000000000000 ,54067500000000000 ,197502,199005,11,1,4,工作日,非高峰,2015-04-28,2015年4月28日,多云 /多云,25℃ / 15℃,东北风 ≤3级 /东北风 ≤3级,多云,多云,25,15,东北风,≤3级,东北风,≤3级,day
2015-02-14 18:00:00,小孟工业国,3、倒车的,负全部责任,不负责任,1,贵GC0375,白色,1,贵AJE136,白色,青正驾校,520116,2012/7/24 0:00,2010/3/3 0:00,英伦牌,长安牌,366346000000000000 ,366363000000000000 ,197310,197105,18,5,2,工作日,晚高峰(17-19点),2015-02-14,2015年2月14日,阵雨 /雷阵雨,16℃ / 10℃,南风 ≤3级 /南风 ≤3级,阵雨,雷阵雨,16,10,南风,≤3级,南风,≤3级,day
2015-05-12 14:00:00,庙冲路口,4、停车时未挂低速档、未拉驻车制动，导致车辆滑行的,负全部责任,不负责任,1,贵GY9566,白色,1,贵A56N75,白色,顺一驾驶培训学校,自培,2014/2/25 0:00,2004/8/29 0:00,-1,奥迪牌,366362000000000000 ,364547000000000000 ,198205,198604,14,1,5,工作日,非高峰,2015-05-12,2015年5月12日,阴 /雷阵雨,24℃ / 13℃,南风 ≤3级 /南风 ≤3级,阴,雷阵雨,24,13,南风,≤3级,南风,≤3级,day
2015-05-13 13:00:00,沙冲路,7、未按规定让行的 ,负全部责任,不负责任,1,贵ABS132,白色,1,贵GP4764,白色,（乌当区）平安驾驶培训有限公司,龙里县圣锦汽车驾驶培训学校,2006/3/31 0:00,2001/9/17 0:00,长安牌,-1,366347000000000000 ,366667000000000000 ,198710,198308,13,2,5,工作日,非高峰,2015-05-13,2015年5月13日,多云 /阵雨,26℃ / 19℃,东南风 ≤3级 /东南风 ≤3级,多云,阵雨,26,19,东南风,≤3级,东南风,≤3级,day
2015-04-27 21:00:00,金阳,1、追尾的,负全部责任,不负责任,1,贵GR1652,红,1,贵ASE353,银,贵阳万里圣驾校,-1,2014/3/6 0:00,-1,凌派牌,福特牌,364558000000000000 ,674243000000000000 ,198808,196512,21,0,4,工作日,非高峰,2015-04-27,2015年4月27日,阴 /雷阵雨,21℃ / 14℃,东南风 ≤3级 /东北风 ≤3级,阴,雷阵雨,21,14,东南风,≤3级,东北风,≤3级,night
2015-05-27 08:00:00,长江路,7、未按规定让行的 ,负全部责任,不负责任,1,贵AC844T,白色,1,贵ASF574,白色,贵阳万里圣驾校,自培,2014/9/17 0:00,2007/5/29 0:00,海马,-1,366346000000000000 ,366368000000000000 ,199602,198112,8,2,5,工作日,早高峰(7-9点),2015-05-27,2015年5月27日,阴 /阵雨,26℃ / 20℃,南风 ≤3级 /东北风 ≤3级,阴,阵雨,26,20,南风,≤3级,东北风,≤3级,day
2015-03-17 11:30:00,观山东路,1、追尾的,负全部责任,不负责任,1,贵AB852A,红,0,贵A41M54,黄,（乌当区）平安驾驶培训有限公司,文通驾校,2007/8/30 0:00,2012/5/28 0:00,长安牌,荣威牌,366363000000000000 ,364557000000000000 ,198703,196901,11,1,3,工作日,非高峰,2015-03-17,2015年3月17日,多云 /多云,25℃ / 14℃,南风 ≤3级 /南风 ≤3级,多云,多云,25,14,南风,≤3级,南风,≤3级,day
2015-05-19 16:17:00,黔灵山路,8、依法应负全责的其他情形,负全部责任,不负责任,1,鄂D5V891,黑,0,贵A72V54,蓝,（乌当区）平安驾驶培训有限公司,铁二局驾校,2008/9/10 0:00,2011/9/9 0:00,-1,思铭牌,66066500000000000 ,364557000000000000 ,197711,198102,16,1,5,工作日,非高峰,2015-05-19,2015年5月19日,阵雨 /大雨,25℃ / 18℃,东北风 ≤3级 /南风 ≤3级,阵雨,大雨,25,18,东北风,≤3级,南风,≤3级,day
2015-03-09 11:30:00,贵惠路,3、倒车的,负全部责任,不负责任,1,贵AKJ774,白色,1,贵AD8582,白色,贵州平安驾驶培训学校,自培,2010/6/24 0:00,1998/7/7 0:00,雪佛兰牌,望江牌,364547000000000000 ,366367000000000000 ,197803,196710,11,0,3,工作日,非高峰,2015-03-09,2015年3月9日,小雨 /小雨,10℃ / 5℃,东北风 ≤3级 /东北风 ≤3级,小雨,小雨,10,5,东北风,≤3级,东北风,≤3级,day
2015-03-20 17:38:00,水东路,8、依法应负全责的其他情形,负全部责任,不负责任,1,贵AV0247,银,1,贵AV0247,银,贵州平安驾驶培训学校,贵大佳德驾驶培训学校,2012/4/10 0:00,2015/1/20 0:00,马自达牌,马自达牌,364548000000000000 ,78564651964342475X,196210,198205,17,4,3,工作日,晚高峰(17-19点),2015-03-20,2015年3月20日,阴 /阵雨,14℃ / 10℃,东北风 ≤3级 /东北风 ≤3级,阴,阵雨,14,10,东北风,≤3级,东北风,≤3级,day
2015-05-01 14:00:00,解放路,7、未按规定让行的 ,负全部责任,不负责任,1,贵GV3708,白色,1,贵AU6162,白色,贵州平安驾驶培训学校,贵州平安驾驶培训学校,2013/8/19 0:00,2013/8/19 0:00,-1,捷达牌,355561000000000000 ,355561000000000000 ,198802,198802,14,4,5,工作日,非高峰,2015-05-01,2015年5月1日,阵雨 /多云,25℃ / 14℃,东南风 ≤3级 /东北风 ≤3级,阵雨,多云,25,14,东南风,≤3级,东北风,≤3级,day
2015-02-12 13:02:00,友谊路,1、追尾的,负全部责任,不负责任,1,贵AGM977,银,1,贵ABJ176,黑,铁二局驾校,-1,2007/10/25 0:00,-1,长安牌,雅阁,364548000000000000 ,36454700000000000 ,198209,196731,13,3,2,工作日,非高峰,2015-02-12,2015年2月12日,多云 /多云,15℃ / 5℃,南风 ≤3级 /南风 ≤3级,多云,多云,15,5,南风,≤3级,南风,≤3级,day
2015-04-12 12:00:00,兴关路,1、追尾的,负全部责任,不负责任,1,贵AU2812,白色,1,贵AV9441,白色,（乌当区）平安驾驶培训有限公司,-1,2007/5/30 0:00,-1,瑞麒牌,宗申牌,36636251964246545X,55446500000000000 ,198206,195002,12,6,4,周末,非高峰,2015-04-12,2015年4月12日,晴 /多云,21℃ / 7℃,东风 ≤3级 /东风 ≤3级,晴,多云,21,7,东风,≤3级,东风,≤3级,day
2015-05-04 14:20:00,小车河,8、依法应负全责的其他情形,负全部责任,不负责任,1,贵DCT472,白色,1,贵A1139Y,白色,贵州平安驾驶培训学校,520114,2012/6/26 0:00,2000/6/28 0:00,-1,比亚迪牌,366663000000000000 ,364547000000000000 ,198112,197812,14,0,5,工作日,非高峰,2015-05-04,2015年5月4日,阵雨 /阵雨,20℃ / 14℃,东北风 ≤3级 /东北风 ≤3级,阵雨,阵雨,20,14,东北风,≤3级,东北风,≤3级,day
2015-04-21 17:30:00,花果园,3、倒车的,负全部责任,不负责任,1,贵A11H55,银,1,贵A8EA28,白,贵州平安驾驶培训学校,-1,2011/12/24 0:00,-1,大众汽车牌,北京现代牌,364548000000000000 ,574376000000000000 ,196809,198605,17,1,4,工作日,晚高峰(17-19点),2015-04-21,2015年4月21日,阴 /阵雨,17℃ / 10℃,东北风 ≤3级 /东北风 ≤3级,阴,阵雨,17,10,东北风,≤3级,东北风,≤3级,day
2015-03-29 08:00:00,百花山,8、依法应负全责的其他情形,负全部责任,不负责任,1,贵AKN763,白,1,贵DBW987,银,贵州平安驾驶培训学校,-1,2010/9/29 0:00,-1,骊威牌,东风标致牌,366562000000000000 ,366663000000000000 ,197504,198501,8,6,3,周末,早高峰(7-9点),2015-03-29,2015年3月29日,阴 /多云,18℃ / 15℃,东风 ≤3级 /南风 ≤3级,阴,多云,18,15,东风,≤3级,南风,≤3级,day
2015-04-03 06:30:00,花溪区,3、倒车的,负全部责任,不负责任,1,贵GL3078,白色,1,贵AHW412,黑色,黔丰驾校,-1,2013/10/17 0:00,-1,比亚迪牌,帕萨特牌,366262000000000000 ,364544000000000000 ,198607,197509,6,4,4,工作日,非高峰,2015-04-03,2015年4月3日,多云 /多云,30℃ / 19℃,南风 ≤3级 /南风 ≤3级,多云,多云,30,19,南风,≤3级,南风,≤3级,day
2015-03-07 16:40:00,瑞金北路,7、未按规定让行的 ,负全部责任,不负责任,1,贵HV3366,白,1,贵A4AS10,黑,贵州平安驾驶培训学校,自培,2012/9/14 0:00,2011/6/22 0:00,长安牌,东风日产牌,357266000000000000 ,366569000000000000 ,197504,198504,16,5,3,工作日,非高峰,2015-03-07,2015年3月7日,阴 /小雨,10℃ / 5℃,东风 ≤3级 /东南风 ≤3级,阴,小雨,10,5,东风,≤3级,东南风,≤3级,day
2015-05-21 15:00:00,小河,7、未按规定让行的 ,负全部责任,不负责任,1,贵JDK981,白色,1,贵ACU317,白色,（乌当区）平安驾驶培训有限公司,自培,2006/3/31 0:00,2004/1/9 0:00,-1,锋范牌,366367000000000000 ,35616751224953383X,198112,196608,15,3,5,工作日,非高峰,2015-05-21,2015年5月21日,阴 /阵雨,24℃ / 16℃,东风 ≤3级 /东风 ≤3级,阴,阵雨,24,16,东风,≤3级,东风,≤3级,day
2015-03-26 11:50:00,甘荫塘,1、追尾的,负全部责任,不负责任,1,贵A49A52,黑色,1,贵AHY537,白色,黔丰驾校,-1,2014/1/13 0:00,-1,长安牌,傲虎,364556000000000000 ,24460500000000000 ,199312,197501,11,3,3,工作日,非高峰,2015-03-26,2015年3月26日,阴 /阵雨,17℃ / 12℃,南风 ≤3级 /南风 ≤3级,阴,阵雨,17,12,南风,≤3级,南风,≤3级,day