accidenttime,accidentaddr,driver1fault,driver1responsibility,driver2responsibility,sex1,platenumber1,carcolor1,sex2,platenumber2,carcolor2,jxmc1,jxmc2,cclzrq1,cclzrq2,clpp1,clpp2,driver1license,driver2license,brith1,brith2,hour,weekday,month,is_weekday,peak_hour,date,日期,天气状况,气温,风力风向,day_wea,night_wea,day_tep,night_tep,day_wind_direction,day_wind_speed,night_wind_direction,night_wind_speed,segment
2015-04-13 09:00:00,花溪平桥,1、追尾的,负全部责任,不负责任,1,贵AB510H,白色,1,贵ANB259,白色,黔丰驾校,贵大驾校,2014/6/27 0:00,2011/6/25 0:00,英伦牌,奥迪牌,36455551135545565X,366275000000000000 ,199511,198208,9,0,4,工作日,早高峰(7-9点),2015-04-13,2015年4月13日,晴 /多云,23℃ / 8℃,东北风 ≤3级 /东北风 ≤3级,晴,多云,23,8,东北风,≤3级,东北风,≤3级,day
2015-04-29 17:30:00,沙冲中路,1、追尾的,负全部责任,不负责任,1,贵AA151C,白色,1,临牌,白色,黔丰驾校（花溪区）,-1,2015/3/16 0:00,-1,长安牌,-1,36624551925566305X,364548000000000000 ,198611,196909,17,2,4,工作日,晚高峰(17-19点),2015-04-29,2015年4月29日,阵雨 /阵雨,26℃ / 16℃,东北风 ≤3级 /东南风 ≤3级,阵雨,阵雨,26,16,东北风,≤3级,东南风,≤3级,day
2015-04-29 17:30:00,沙冲路,1、追尾的,负全部责任,不负责任,1,贵AA151C,黑色,1,临时,白色,黔丰驾校（花溪区）,时发驾校,2015/3/16 0:00,2014/6/18 0:00,长安牌,-1,36624551925566305X,364548000000000000 ,198611,196909,17,2,4,工作日,晚高峰(17-19点),2015-04-29,2015年4月29日,阵雨 /阵雨,26℃ / 16℃,东北风 ≤3级 /东南风 ≤3级,阵雨,阵雨,26,16,东北风,≤3级,东南风,≤3级,day
2015-02-06 12:55:00,三桥,1、追尾的,负全部责任,不负责任,1,贵A5951Z,银,1,贵EP3757,白,黔丰驾校,-1,2013/8/23 0:00,-1,北京现代牌,五菱牌,366068000000000000 ,366767000000000000 ,199307,198612,12,4,2,工作日,非高峰,2015-02-06,2015年2月6日,多云 /小雨,9℃ / 2℃,南风 ≤3级 /南风 ≤3级,多云,小雨,9,2,南风,≤3级,南风,≤3级,day
2015-02-02 08:50:00,花二道,7、未按规定让行的 ,负全部责任,不负责任,1,贵A41246,白色,1,贵GV7724,黑色,黔丰驾校,-1,2013/7/5 0:00,-1,兰箭,大众汽车牌,366369000000000000 ,36456800000000000 ,199401,199405,8,0,2,工作日,早高峰(7-9点),2015-02-02,2015年2月2日,阴 /小雨,7℃ / 3℃,南风 ≤3级 /东南风 ≤3级,阴,小雨,7,3,南风,≤3级,东南风,≤3级,day
2015-03-02 15:30:00,贵惠大道,9、不符合前8款规定或者双方同时具有上述情形的,负同等责任,负同等责任,1,贵AX4406,白色,1,贵A666F4,黑色,（南明区）现代驾驶培训有限公司,铁二局驾校,2007/11/21 0:00,2012/3/1 0:00,五菱牌,解放牌,366068000000000000 ,355567000000000000 ,198908,197305,15,0,3,工作日,非高峰,2015-03-02,2015年3月2日,阴 /小雨,9℃ / 2℃,东北风 ≤3级 /东北风 ≤3级,阴,小雨,9,2,东北风,≤3级,东北风,≤3级,day
2015-04-02 08:25:00,白云区,7、未按规定让行的 ,负全部责任,不负责任,1,贵AA227M,银,1,贵A14V29,蓝,（南明区）现代驾驶培训有限公司,景宏驾校,2008/10/24 0:00,2012/4/25 0:00,长安牌,长安牌,376570000000000000 ,364558000000000000 ,197808,196606,8,3,4,工作日,早高峰(7-9点),2015-04-02,2015年4月2日,多云 /多云,30℃ / 18℃,南风 ≤3级 /南风 ≤3级,多云,多云,30,18,南风,≤3级,南风,≤3级,day
2015-03-09 00:00:00,中华中路,1、追尾的,负全部责任,不负责任,1,贵A7AC29,黑色,1,贵ABE927,白色,贵州现代驾驶培训责任有限公司,贵州省长安驾驶培训学校,2011/4/11 0:00,2012/5/25 0:00,大众汽车牌,奇瑞牌,364547000000000000 ,366068000000000000 ,198805,198203,0,0,3,工作日,非高峰,2015-03-09,2015年3月9日,小雨 /小雨,10℃ / 5℃,东北风 ≤3级 /东北风 ≤3级,小雨,小雨,10,5,东北风,≤3级,东北风,≤3级,night
2015-05-26 08:30:00,贵开路,1、追尾的,负全部责任,不负责任,1,贵AA151C,银,1,贵HX8568,黑,黔丰驾校（花溪区）,自培,2015/3/16 0:00,2007/3/28 0:00,长安牌,-1,36624551925566305X,64246500000000000 ,198611,198110,8,1,5,工作日,早高峰(7-9点),2015-05-26,2015年5月26日,阵雨 /雷阵雨,26℃ / 20℃,东南风 ≤3级 /东北风 ≤3级,阵雨,雷阵雨,26,20,东南风,≤3级,东北风,≤3级,day
2015-04-11 20:54:00,金清大道,1、追尾的,负全部责任,不负责任,0,贵A78688,银,1,贵A6861M,银,贵州现代驾驶培训责任有限公司,-1,2010/11/23 0:00,-1,东风牌,福克斯牌,366577000000000000 ,64558500000000000 ,198310,198706,20,5,4,工作日,非高峰,2015-04-11,2015年4月11日,多云 /多云,15℃ / 9℃,东北风 ≤3级 /东风 ≤3级,多云,多云,15,9,东北风,≤3级,东风,≤3级,night
2015-04-18 19:50:00,花溪,8、依法应负全责的其他情形,负全部责任,不负责任,1,贵A33G68,黑,1,贵A2624Z,白,贵州现代驾驶培训责任有限公司,鑫鑫驾校,2012/12/10 0:00,2013/5/31 0:00,梅赛德斯-奔驰牌,东风牌,364566000000000000 ,366069000000000000 ,198508,198511,19,5,4,工作日,晚高峰(17-19点),2015-04-18,2015年4月18日,多云 /雷阵雨,29℃ / 16℃,南风 ≤3级 /南风 ≤3级,多云,雷阵雨,29,16,南风,≤3级,南风,≤3级,day
2015-03-10 10:55:00,白云区,3、倒车的,负全部责任,不负责任,0,贵A94P44,红,1,贵A36S61,黑,贵州现代驾驶培训责任有限公司,520127,2014/1/2 0:00,2010/2/2 0:00,马自达牌,神行者 2,364558000000000000 ,364558000000000000 ,198505,197410,10,1,3,工作日,非高峰,2015-03-10,2015年3月10日,小雨 /小雨,8℃ / 4℃,东北风 ≤3级 /东北风 ≤3级,小雨,小雨,8,4,东北风,≤3级,东北风,≤3级,day
2015-04-28 15:00:00,花溪大道,3、倒车的,负全部责任,不负责任,1,贵GR7704,白色,1,贵A9BK42,白色,黔丰驾校,自培,2014/9/12 0:00,2003/9/12 0:00,大众汽车牌,A1 SB,364556000000000000 ,364556000000000000 ,199209,196305,15,1,4,工作日,非高峰,2015-04-28,2015年4月28日,多云 /多云,25℃ / 15℃,东北风 ≤3级 /东北风 ≤3级,多云,多云,25,15,东北风,≤3级,东北风,≤3级,day
2015-03-16 19:05:00,花溪,8、依法应负全责的其他情形,负全部责任,不负责任,1,贵A197C5,黑色,1,贵JCR942,白色,（南明区）现代驾驶培训有限公司,-1,2015/2/16 0:00,-1,长安牌,别克牌,76168500000000000 ,366864000000000000 ,196809,198312,19,0,3,工作日,晚高峰(17-19点),2015-03-16,2015年3月16日,阴 /多云,20℃ / 15℃,南风 ≤3级 /南风 ≤3级,阴,多云,20,15,南风,≤3级,南风,≤3级,day
2015-04-20 14:00:00,金阳医院,8、依法应负全责的其他情形,负全部责任,不负责任,1,贵AF6904,白,1,贵CHT461,银,贵州现代驾驶培训责任有限公司,-1,2011/7/11 0:00,-1,夏利,北京现代牌,366368000000000000 ,366064000000000000 ,198205,199203,14,0,4,工作日,非高峰,2015-04-20,2015年4月20日,阴 /阴,20℃ / 11℃,东北风 ≤3级 /东北风 ≤3级,阴,阴,20,11,东北风,≤3级,东北风,≤3级,day
2015-05-31 00:00:00,望城坡,7、未按规定让行的 ,负全部责任,不负责任,1,贵APB305,白色,1,贵GAA789,白色,现代驾校（南明区）,自培,2015/4/7 0:00,1999/11/24 0:00,-1,-1,366361000000000000 ,364548000000000000 ,198410,196411,0,6,5,周末,非高峰,2015-05-31,2015年5月31日,阵雨 /阵雨,25℃ / 19℃,东风 ≤3级 /南风 ≤3级,阵雨,阵雨,25,19,东风,≤3级,南风,≤3级,night
2015-04-19 21:00:00,云岩区,4、停车时未挂低速档、未拉驻车制动，导致车辆滑行的,负全部责任,不负责任,1,贵FAJ324,黑,1,贵JAJ677,蓝,贵州现代驾驶培训责任有限公司,-1,2014/11/27 0:00,-1,吉利牌,三菱牌,366046000000000000 ,36686400000000000 ,198608,199070,21,6,4,周末,非高峰,2015-04-19,2015年4月19日,阵雨 /阵雨,22℃ / 13℃,东北风 ≤3级 /东北风 ≤3级,阵雨,阵雨,22,13,东北风,≤3级,东北风,≤3级,night
2015-05-16 09:00:00,延安南路,7、未按规定让行的 ,负全部责任,不负责任,1,贵FN1193,白色,1,川AG038A,白色,（南明区）现代驾驶培训有限公司,-1,2006/12/8 0:00,-1,-1,-1,36604551805446817X,354548000000000000 ,197410,197407,9,5,5,工作日,早高峰(7-9点),2015-05-16,2015年5月16日,阴 /雷阵雨,23℃ / 17℃,东北风 ≤3级 /东风 ≤3级,阴,雷阵雨,23,17,东北风,≤3级,东风,≤3级,day
2015-05-23 14:00:00,三桥,3、倒车的,负全部责任,不负责任,1,贵A702H4,白色,1,贵CCC814,白色,贵州现代驾驶培训责任有限公司,-1,2010/10/21 0:00,-1,江淮牌,-1,366066000000000000 ,36654551914966490X,197003,198908,14,5,5,工作日,非高峰,2015-05-23,2015年5月23日,阵雨 /阴,19℃ / 14℃,东北风 ≤3级 /东北风 ≤3级,阵雨,阴,19,14,东北风,≤3级,东北风,≤3级,day
2015-05-16 21:00:00,小河转盘,7、未按规定让行的 ,负全部责任,不负责任,1,贵GQ0035,白色,1,湘E63369,白色,贵州现代驾驶培训责任有限公司,-1,2012/7/11 0:00,-1,-1,-1,364557000000000000 ,74365500000000000 ,199209,196704,21,5,5,工作日,非高峰,2015-05-16,2015年5月16日,阴 /雷阵雨,23℃ / 17℃,东北风 ≤3级 /东风 ≤3级,阴,雷阵雨,23,17,东北风,≤3级,东风,≤3级,night
2015-02-12 09:30:00,黔林山路,1、追尾的,负全部责任,不负责任,1,贵A94K29,灰,1,贵AJK601,红,贵州现代驾驶培训责任有限公司,520133,2012/7/2 0:00,2009/11/12 0:00,东风标致牌,北京牌,366567000000000000 ,356166000000000000 ,197106,197210,9,3,2,工作日,早高峰(7-9点),2015-02-12,2015年2月12日,多云 /多云,15℃ / 5℃,南风 ≤3级 /南风 ≤3级,多云,多云,15,5,南风,≤3级,南风,≤3级,day
2015-02-26 09:26:00,大营坡,3、倒车的,负全部责任,不负责任,1,贵JAR335,白,1,贵AE9912,黑,贵州现代驾驶培训责任有限公司,-1,2014/5/29 0:00,-1,启辰牌,豪鹰牌,366664000000000000 ,36455600000000000 ,198209,196612,9,3,2,工作日,早高峰(7-9点),2015-02-26,2015年2月26日,阴 /小雨,12℃ / 9℃,东风 ≤3级 /南风 ≤3级,阴,小雨,12,9,东风,≤3级,南风,≤3级,day
2015-02-28 15:10:00,中华中路,1、追尾的,负全部责任,不负责任,0,贵A88457,白,1,贵A54K73,白,贵州现代驾驶培训责任有限公司,-1,2014/8/26 0:00,-1,金龙,北京现代牌,366064000000000000 ,364557000000000000 ,199002,198803,15,5,2,工作日,非高峰,2015-02-28,2015年2月28日,小雨 /小雨,8℃ / 4℃,东北风 ≤3级 /东北风 ≤3级,小雨,小雨,8,4,东北风,≤3级,东北风,≤3级,day
2015-03-18 14:40:00,长岭南路,1、追尾的,负全部责任,不负责任,1,贵A78K75,黄,1,贵AJ5659,银,贵州现代驾驶培训责任有限公司,铜仁地区通达驾校,2013/4/1 0:00,-1,东风牌,轻骑牌,364557000000000000 ,366663000000000000 ,198806,197609,14,2,3,工作日,非高峰,2015-03-18,2015年3月18日,多云 /多云,24℃ / 14℃,南风 ≤3级 /南风 ≤3级,多云,多云,24,14,南风,≤3级,南风,≤3级,day
2015-03-11 13:30:00,云环路,7、未按规定让行的 ,负全部责任,不负责任,1,贵CAP526,银,1,贵F79332,银,贵州现代驾驶培训责任有限公司,时发驾校,2014/6/19 0:00,2012/2/21 0:00,福克斯牌,东风牌,366577000000000000 ,366068000000000000 ,199110,196707,13,2,3,工作日,非高峰,2015-03-11,2015年3月11日,阴 /小雨,8℃ / 4℃,东北风 ≤3级 /东北风 ≤3级,阴,小雨,8,4,东北风,≤3级,东北风,≤3级,day
2015-03-12 09:16:00,北京路,7、未按规定让行的 ,负全部责任,不负责任,1,贵A97N95,黑,1,贵AU0759,蓝,（花溪区）金马驾驶培训有限公司,520127,2007/3/9 0:00,1997/10/6 0:00,起亚牌,万达牌,366061000000000000 ,364548000000000000 ,198704,197604,9,3,3,工作日,早高峰(7-9点),2015-03-12,2015年3月12日,多云 /多云,16℃ / 10℃,南风 ≤3级 /南风 ≤3级,多云,多云,16,10,南风,≤3级,南风,≤3级,day
2015-04-21 07:45:00,五里冲,1、追尾的,负全部责任,不负责任,1,贵A26A71,白色,1,贵CR7700,白色,（花溪区）金马驾驶培训有限公司,-1,2008/6/5 0:00,-1,马自达牌,大众牌,366368000000000000 ,366546000000000000 ,198412,198305,7,1,4,工作日,早高峰(7-9点),2015-04-21,2015年4月21日,阴 /阵雨,17℃ / 10℃,东北风 ≤3级 /东北风 ≤3级,阴,阵雨,17,10,东北风,≤3级,东北风,≤3级,day
2015-04-25 09:00:00,孟关大道,7、未按规定让行的 ,负全部责任,不负责任,1,贵A0951R,白色,1,贵AFQ245,白色,贵州现代驾驶培训责任有限公司,自培,2013/4/1 0:00,2005/6/2 0:00,雪佛兰牌,五菱牌,364547000000000000 ,366066000000000000 ,199401,196412,9,5,4,工作日,早高峰(7-9点),2015-04-25,2015年4月25日,阴 /阵雨,20℃ / 11℃,东风 ≤3级 /东南风 ≤3级,阴,阵雨,20,11,东风,≤3级,东南风,≤3级,day
2015-05-05 14:00:00,头桥,7、未按规定让行的 ,负全部责任,不负责任,1,贵AP2C23,白,1,苏A318N57,白,（花溪区）金马驾驶培训有限公司,-1,2007/11/19 0:00,-1,-1,-1,366347000000000000 ,764968000000000000 ,196911,197201,14,1,5,工作日,非高峰,2015-05-05,2015年5月5日,阵雨 /阵雨,21℃ / 15℃,南风 ≤3级 /南风 ≤3级,阵雨,阵雨,21,15,南风,≤3级,南风,≤3级,day
2015-05-02 12:00:00,宝山南路,1、追尾的,负全部责任,不负责任,1,贵AU7721,白色,1,贵A58788,白色,自培,自培,2009/11/3 0:00,-1,恒通客车牌,望江,364568000000000000 ,***,199012,-1,12,5,5,工作日,非高峰,2015-05-02,2015年5月2日,多云 /阵雨,26℃ / 16℃,东北风 ≤3级 /东风 ≤3级,多云,阵雨,26,16,东北风,≤3级,东风,≤3级,day
2015-04-02 07:58:00,北京西路,1、追尾的,负全部责任,不负责任,1,贵GN9871,白,1,贵AVE298,黑,（花溪区）金马驾驶培训有限公司,无,2008/12/8 0:00,1995/1/19 0:00,凯迪拉克SRX跨界车,奥迪牌,74365500000000000 ,364556000000000000 ,199002,196712,7,3,4,工作日,早高峰(7-9点),2015-04-02,2015年4月2日,多云 /多云,30℃ / 18℃,南风 ≤3级 /南风 ≤3级,多云,多云,30,18,南风,≤3级,南风,≤3级,day
2015-05-06 13:20:00,燕子岩,8、依法应负全责的其他情形,负全部责任,不负责任,1,闽AVD766,黑,1,贵ADJ492,红,贵阳金马驾驶培训有限公司,520102,2010/11/8 0:00,2010/12/29 0:00,-1,北京现代牌,73459551154054528X,734596000000000000 ,199104,199001,13,2,5,工作日,非高峰,2015-05-06,2015年5月6日,多云 /多云,25℃ / 16℃,东北风 ≤3级 /南风 ≤3级,多云,多云,25,16,东北风,≤3级,南风,≤3级,day
2015-05-04 08:40:00,贵安新区,8、依法应负全责的其他情形,负全部责任,不负责任,1,贵JAX884,白色,1,贵AE9929,白色,贵阳金马驾驶培训有限公司,阳光驾校,2011/2/14 0:00,2011/6/29 0:00,-1,丰田牌,364556000000000000 ,364547000000000000 ,199012,199301,8,0,5,工作日,早高峰(7-9点),2015-05-04,2015年5月4日,阵雨 /阵雨,20℃ / 14℃,东北风 ≤3级 /东北风 ≤3级,阵雨,阵雨,20,14,东北风,≤3级,东北风,≤3级,day
2015-05-08 07:40:00,世纪城,7、未按规定让行的 ,负全部责任,不负责任,1,贵GL7627,蓝,1,贵A14B21,黄,（花溪区）金马驾驶培训有限公司,十一培,2007/10/31 0:00,1994/1/12 0:00,-1,雪佛兰牌,364556000000000000 ,364547000000000000 ,197304,195312,7,4,5,工作日,早高峰(7-9点),2015-05-08,2015年5月8日,阵雨 /多云,25℃ / 15℃,东南风 ≤3级 /东北风 ≤3级,阵雨,多云,25,15,东南风,≤3级,东北风,≤3级,day
2015-03-13 02:40:00,服务大楼,1、追尾的,负全部责任,不负责任,1,贵AU1997,白色,1,贵AP5142,白色,（花溪区）金马驾驶培训有限公司,自培,2007/5/31 0:00,2003/12/11 0:00,丰田牌,劲野牌,366068000000000000 ,734398000000000000 ,198009,196808,2,4,3,工作日,非高峰,2015-03-13,2015年3月13日,多云 /阵雨,17℃ / 12℃,南风 ≤3级 /南风 ≤3级,多云,阵雨,17,12,南风,≤3级,南风,≤3级,night
2015-04-02 07:58:00,海马冲,1、追尾的,负全部责任,不负责任,1,贵GN9871,白,1,贵AHV517,红,（花溪区）金马驾驶培训有限公司,金筑驾校,2008/12/8 0:00,2006/12/26 0:00,凯迪拉克SRX跨界车,思域牌,74365500000000000 ,364548000000000000 ,199002,197003,7,3,4,工作日,早高峰(7-9点),2015-04-02,2015年4月2日,多云 /多云,30℃ / 18℃,南风 ≤3级 /南风 ≤3级,多云,多云,30,18,南风,≤3级,南风,≤3级,day
2015-03-12 20:25:00,六广门,7、未按规定让行的 ,负全部责任,不负责任,0,贵GQ5464,白,1,贵A33E52,银,（花溪区）金马驾驶培训有限公司,贵工驾校,2007/1/4 0:00,2004/4/21 0:00,江铃牌,高尔,366670000000000000 ,364548000000000000 ,198005,196306,20,3,3,工作日,非高峰,2015-03-12,2015年3月12日,多云 /多云,16℃ / 10℃,南风 ≤3级 /南风 ≤3级,多云,多云,16,10,南风,≤3级,南风,≤3级,night
2015-03-17 10:00:00,花溪,9、不符合前8款规定或者双方同时具有上述情形的,负同等责任,负同等责任,1,贵GGA546,白色,1,贵A3387F,白色,贵阳金马驾驶培训有限公司,-1,2014/8/1 0:00,-1,起亚牌,宝来牌,364556000000000000 ,366567000000000000 ,198408,199101,10,1,3,工作日,非高峰,2015-03-17,2015年3月17日,多云 /多云,25℃ / 14℃,南风 ≤3级 /南风 ≤3级,多云,多云,25,14,南风,≤3级,南风,≤3级,day
2015-03-09 16:43:00,金麦社区,1、追尾的,负全部责任,不负责任,1,贵A19Y38,红,1,贵A28528,蓝,（花溪区）金马驾驶培训有限公司,消防驾校,2006/6/16 0:00,2011/7/4 0:00,福克斯牌,南骏牌,364558000000000000 ,364647000000000000 ,198712,198209,16,0,3,工作日,非高峰,2015-03-09,2015年3月9日,小雨 /小雨,10℃ / 5℃,东北风 ≤3级 /东北风 ≤3级,小雨,小雨,10,5,东北风,≤3级,东北风,≤3级,day
2015-03-13 16:10:00,大关,8、依法应负全责的其他情形,负全部责任,不负责任,0,贵A270H6,白,1,贵A625E4,白,（花溪区）金马驾驶培训有限公司,-1,2009/4/29 0:00,-1,解放牌,长安牌,366566000000000000 ,366364000000000000 ,199004,197308,16,4,3,工作日,非高峰,2015-03-13,2015年3月13日,多云 /阵雨,17℃ / 12℃,南风 ≤3级 /南风 ≤3级,多云,阵雨,17,12,南风,≤3级,南风,≤3级,day
2015-04-19 06:20:00,石板,7、未按规定让行的 ,负全部责任,不负责任,1,贵GV2037,白色,1,贵A4282S,白色,贵阳金马驾驶培训有限公司,鑫鑫驾校,2014/11/3 0:00,2013/1/4 0:00,福克斯牌,昌河牌,364556000000000000 ,366346000000000000 ,198905,197106,6,6,4,周末,非高峰,2015-04-19,2015年4月19日,阵雨 /阵雨,22℃ / 13℃,东北风 ≤3级 /东北风 ≤3级,阵雨,阵雨,22,13,东北风,≤3级,东北风,≤3级,day
2015-02-07 12:45:00,宝山北路,7、未按规定让行的 ,负全部责任,不负责任,0,贵A45M71,黄,1,贵A1C088,红,贵阳金马驾驶培训有限公司,-1,2013/12/6 0:00,-1,东风雪铁龙牌,-1,65546500000000000 ,366363000000000000 ,198710,197110,12,5,2,工作日,非高峰,2015-02-07,2015年2月7日,阴 /阴,8℃ / 3℃,东北风 ≤3级 /东北风 ≤3级,阴,阴,8,3,东北风,≤3级,东北风,≤3级,day
2015-02-05 15:40:00,观山路,1、追尾的,负全部责任,不负责任,1,贵ASV369,黑,0,贵ACX822,白,（南明区）吉源驾驶培训有限公司,自培,2006/5/30 0:00,2011/8/10 0:00,雪佛兰牌,宝马,364547000000000000 ,364548000000000000 ,198111,198512,15,3,2,工作日,非高峰,2015-02-05,2015年2月5日,阴 /阴,3℃ / 0℃,东北风 ≤3级 /东北风 ≤3级,阴,阴,3,0,东北风,≤3级,东北风,≤3级,day
2015-05-17 17:10:00,金阳北路,7、未按规定让行的 ,负全部责任,不负责任,0,贵AH8811,红,1,贵A6174P,黑,（南明区）吉源驾驶培训有限公司,消防驾校,2005/8/3 0:00,2013/11/12 0:00,东风雪铁龙,雪佛兰牌,364547000000000000 ,364557000000000000 ,197407,197910,17,6,5,周末,晚高峰(17-19点),2015-05-17,2015年5月17日,阵雨 /雷阵雨,25℃ / 17℃,东北风 ≤3级 /南风 ≤3级,阵雨,雷阵雨,25,17,东北风,≤3级,南风,≤3级,day
2015-05-21 21:50:00,银海元隆,8、依法应负全责的其他情形,负全部责任,不负责任,1,贵AU4927,绿,0,贵A84C68,蓝,（南明区）吉源驾驶培训有限公司,-1,2004/12/13 0:00,-1,捷达牌,东风标致牌,366368000000000000 ,364647518663526X,197804,197225,21,3,5,工作日,非高峰,2015-05-21,2015年5月21日,阴 /阵雨,24℃ / 16℃,东风 ≤3级 /东风 ≤3级,阴,阵雨,24,16,东风,≤3级,东风,≤3级,night
2015-05-29 14:36:00,金苏大道,1、追尾的,负全部责任,不负责任,1,贵A89P85,黑,1,贵A44S73,红,文通驾校,时发驾校（云岩区）,2005/10/31 0:00,2008/3/17 0:00,梅赛德斯-奔驰牌,思铭牌,364558000000000000 ,364567000000000000 ,198707,198501,14,4,5,工作日,非高峰,2015-05-29,2015年5月29日,阵雨 /阵雨,24℃ / 17℃,东南风 ≤3级 /东北风 ≤3级,阵雨,阵雨,24,17,东南风,≤3级,东北风,≤3级,day
2015-03-19 10:00:00,北京西路,7、未按规定让行的 ,负全部责任,不负责任,0,银,黑,1,浙B9MG76,黑,（南明区）吉源驾驶培训有限公司,-1,2005/8/23 0:00,-1,-1,哈弗牌,36636351274363145X,724568000000000000 ,196305,199012,10,3,3,工作日,非高峰,2015-03-19,2015年3月19日,多云 /阵雨,26℃ / 12℃,南风 ≤3级 /东北风 ≤3级,多云,阵雨,26,12,南风,≤3级,东北风,≤3级,day
2015-03-20 16:46:00,忠铝路,7、未按规定让行的 ,负全部责任,不负责任,1,贵AHF385,黑,1,贵A90549,黄,（南明区）吉源驾驶培训有限公司,-1,2008/8/20 0:00,-1,众泰牌,陕汽牌,364558000000000000 ,366046000000000000 ,198512,198712,16,4,3,工作日,非高峰,2015-03-20,2015年3月20日,阴 /阵雨,14℃ / 10℃,东北风 ≤3级 /东北风 ≤3级,阴,阵雨,14,10,东北风,≤3级,东北风,≤3级,day
2015-02-04 08:00:00,长岭南路,7、未按规定让行的 ,负全部责任,不负责任,1,贵A74C18,黑,1,贵AA8168M,蓝,（南明区）吉源驾驶培训有限公司,-1,2008/1/29 0:00,-1,马自达牌,-1,364548000000000000 ,366670000000000000 ,196612,197703,8,2,2,工作日,早高峰(7-9点),2015-02-04,2015年2月4日,小雨 /小雨,4℃ / 0℃,东北风 ≤3级 /东北风 ≤3级,小雨,小雨,4,0,东北风,≤3级,东北风,≤3级,day
2015-04-01 14:00:00,黄河路,1、追尾的,负全部责任,不负责任,1,贵AKL379,白色,1,贵GC6049,白色,（南明区）吉源驾驶培训有限公司,自培,2005/8/3 0:00,2004/5/8 0:00,长安牌,北京现代牌,366347000000000000 ,364547000000000000 ,197509,197410,14,2,4,工作日,非高峰,2015-04-01,2015年4月1日,多云 /多云,29℃ / 19℃,南风 ≤3级 /南风 ≤3级,多云,多云,29,19,南风,≤3级,南风,≤3级,day
2015-03-19 09:30:00,阳关,8、依法应负全责的其他情形,负全部责任,不负责任,1,贵A74576,银,1,贵A52L72,红,（南明区）吉源驾驶培训有限公司,-1,2008/8/20 0:00,-1,北京,中华牌,364556000000000000 ,366067000000000000 ,197908,198905,9,3,3,工作日,早高峰(7-9点),2015-03-19,2015年3月19日,多云 /阵雨,26℃ / 12℃,南风 ≤3级 /东北风 ≤3级,多云,阵雨,26,12,南风,≤3级,东北风,≤3级,day
2015-02-05 17:00:00,金阳大道,1、追尾的,负全部责任,不负责任,1,贵GR9197,黑,1,贵ANX424,白,文通驾校,-1,2011/1/5 0:00,-1,大众汽车牌,奇瑞牌,364557000000000000 ,364546000000000 ,197111,510710,17,3,2,工作日,晚高峰(17-19点),2015-02-05,2015年2月5日,阴 /阴,3℃ / 0℃,东北风 ≤3级 /东北风 ≤3级,阴,阴,3,0,东北风,≤3级,东北风,≤3级,day
2015-04-13 00:00:00,中曹司,1、追尾的,负全部责任,不负责任,1,贵ADZ682,白色,1,贵AU6615,白色,文通驾校,520127,2011/10/8 0:00,2007/11/14 0:00,大众汽车牌,豪爵牌,364548000000000000 ,36656551954153495X,198706,198109,0,0,4,工作日,非高峰,2015-04-13,2015年4月13日,晴 /多云,23℃ / 8℃,东北风 ≤3级 /东北风 ≤3级,晴,多云,23,8,东北风,≤3级,东北风,≤3级,night
2015-02-05 08:15:00,长岭南路,9、不符合前8款规定或者双方同时具有上述情形的,负全部责任,不负责任,1,贵84B83,黑,1,贵A43M35,白,文通驾校,文通驾校,2011/10/26 0:00,2013/8/8 0:00,-1,雪佛兰牌,366347000000000000 ,364557000000000000 ,197909,199001,8,3,2,工作日,早高峰(7-9点),2015-02-05,2015年2月5日,阴 /阴,3℃ / 0℃,东北风 ≤3级 /东北风 ≤3级,阴,阴,3,0,东北风,≤3级,东北风,≤3级,day
2015-04-10 10:57:00,商贸城,8、依法应负全责的其他情形,负全部责任,不负责任,0,贵A6BJ10,黄,1,贵A89222,黑,文通驾校,-1,2011/11/2 0:00,-1,别克牌,红岩牌,364548000000000000 ,364556000000000000 ,198205,198809,10,4,4,工作日,非高峰,2015-04-10,2015年4月10日,小雨 /小雨,12℃ / 8℃,东北风 ≤3级 /东北风 ≤3级,小雨,小雨,12,8,东北风,≤3级,东北风,≤3级,day
2015-04-25 12:00:00,大南门,9、不符合前8款规定或者双方同时具有上述情形的,负同等责任,负同等责任,1,贵ACL543,黑色,1,贵AU0991,白色,文通驾校,无,2012/9/4 0:00,1990/7/20 0:00,东风雪铁龙牌,万达牌,376570000000000000 ,36455551294041407X,197903,196804,12,5,4,工作日,非高峰,2015-04-25,2015年4月25日,阴 /阵雨,20℃ / 11℃,东风 ≤3级 /东南风 ≤3级,阴,阵雨,20,11,东风,≤3级,东南风,≤3级,day
2015-03-22 16:00:00,小河一四三厂,7、未按规定让行的 ,负全部责任,不负责任,1,贵HBJ214,白色,1,贵AV7697,白色,吉源驾校,时发,2014/1/2 0:00,2005/6/20 0:00,北京牌,嘉陵牌,366271000000000000 ,366670000000000000 ,197301,196502,16,6,3,周末,非高峰,2015-03-22,2015年3月22日,阵雨 /阵雨,19℃ / 10℃,东南风 ≤3级 /东风 ≤3级,阵雨,阵雨,19,10,东南风,≤3级,东风,≤3级,day
2015-03-09 12:05:00,省医,1、追尾的,负全部责任,不负责任,1,贵A0E412,白色,1,贵FP9771,白色,吉源驾校,-1,2013/3/6 0:00,-1,大众汽车牌,北京现代牌,366246000000000000 ,355668000000000000 ,199005,197902,12,0,3,工作日,非高峰,2015-03-09,2015年3月9日,小雨 /小雨,10℃ / 5℃,东北风 ≤3级 /东北风 ≤3级,小雨,小雨,10,5,东北风,≤3级,东北风,≤3级,day