accidenttime,accidentaddr,driver1fault,driver1responsibility,driver2responsibility,sex1,platenumber1,carcolor1,sex2,platenumber2,carcolor2,jxmc1,jxmc2,cclzrq1,cclzrq2,clpp1,clpp2,driver1license,driver2license,brith1,brith2,hour,weekday,month,is_weekday,peak_hour,date,日期,天气状况,气温,风力风向,day_wea,night_wea,day_tep,night_tep,day_wind_direction,day_wind_speed,night_wind_direction,night_wind_speed,segment
2015-05-08 10:10:00,龙洞堡,7、未按规定让行的 ,负全部责任,不负责任,1,贵BV9759,白色,1,冀J919PN,白色,六枝特区顺安机动车驾驶培训学校有限公司,-1,2013/11/28 0:00,-1,-1,-1,364648000000000000 ,574164000000000000 ,198111,197807,10,4,5,工作日,非高峰,2015-05-08,2015年5月8日,阵雨 /多云,25℃ / 15℃,东南风 ≤3级 /东北风 ≤3级,阵雨,多云,25,15,东南风,≤3级,东北风,≤3级,day
2015-04-23 14:00:00,花溪,1、追尾的,负全部责任,不负责任,1,贵H390B3,白色,1,贵GGD626,白色,吉源驾校,-1,2014/12/1 0:00,-1,-1,昌河牌,36455551134758567X,366363000000000000 ,199503,198502,14,3,4,工作日,非高峰,2015-04-23,2015年4月23日,阴 /小雨,16℃ / 10℃,东北风 ≤3级 /东北风 ≤3级,阴,小雨,16,10,东北风,≤3级,东北风,≤3级,day
2015-03-15 12:30:00,海天园,7、未按规定让行的 ,负全部责任,不负责任,0,贵FV2654,红,1,贵AGR459,黑,文通驾校,十一培,2012/12/26 0:00,1997/6/10 0:00,英伦牌,高尔夫牌,366068000000000000 ,364547000000000000 ,197808,197601,12,6,3,周末,非高峰,2015-03-15,2015年3月15日,阴 /阴,18℃ / 13℃,东风 ≤3级 /南风 ≤3级,阴,阴,18,13,东风,≤3级,南风,≤3级,day
2015-03-14 11:30:00,白云区,1、追尾的,负全部责任,不负责任,1,贵ALA753,白,1,贵A7146Z,白,吉源驾校,自培,2013/6/21 0:00,2002/10/29 0:00,北京现代牌,英伦牌,366367000000000000 ,366368000000000000 ,198406,197111,11,5,3,工作日,非高峰,2015-03-14,2015年3月14日,阴 /阴,17℃ / 12℃,南风 ≤3级 /东南风 ≤3级,阴,阴,17,12,南风,≤3级,东南风,≤3级,day
2015-04-06 09:00:00,孟关,8、依法应负全责的其他情形,负全部责任,不负责任,1,贵A93342,白色,1,贵GX6743,白色,吉源驾校,自培,2014/9/22 0:00,2003/12/9 0:00,建设,吉利美日牌,364556000000000000 ,364548000000000000 ,196212,198208,9,0,4,工作日,早高峰(7-9点),2015-04-06,2015年4月6日,阵雨 /阵雨,17℃ / 7℃,东北风 ≤3级 /东北风 ≤3级,阵雨,阵雨,17,7,东北风,≤3级,东北风,≤3级,day
2015-04-12 16:20:00,诚信南路,7、未按规定让行的 ,负全部责任,不负责任,0,贵G64554,银,1,贵AS9285,黑,吉源驾校,六盘水市宏安驾驶培训学校,2014/11/28 0:00,2006/10/18 0:00,云雀牌,东风日产牌,357246000000000000 ,354668000000000000 ,198311,198110,16,6,4,周末,非高峰,2015-04-12,2015年4月12日,晴 /多云,21℃ / 7℃,东风 ≤3级 /东风 ≤3级,晴,多云,21,7,东风,≤3级,东风,≤3级,day
2015-05-24 00:00:00,花果园,7、未按规定让行的 ,负全部责任,不负责任,1,贵JDT778,白色,1,贵A33C97,白色,吉源驾校,长运驾校,2014/12/10 0:00,2012/9/29 0:00,-1,高尔夫,366661000000000000 ,366277000000000000 ,197307,196907,0,6,5,周末,非高峰,2015-05-24,2015年5月24日,多云 /阴,24℃ / 18℃,东风 ≤3级 /东南风 ≤3级,多云,阴,24,18,东风,≤3级,东南风,≤3级,night
2015-02-28 12:22:00,白云区,1、追尾的,负全部责任,不负责任,1,贵AA685X,黑,1,贵A4210T,银,（南明区）吉源驾驶培训有限公司,景宏驾校,2007/12/17 0:00,2011/8/11 0:00,东风雪铁龙,夏利牌,364556000000000000 ,364558000000000000 ,198407,198408,12,5,2,工作日,非高峰,2015-02-28,2015年2月28日,小雨 /小雨,8℃ / 4℃,东北风 ≤3级 /东北风 ≤3级,小雨,小雨,8,4,东北风,≤3级,东北风,≤3级,day
2015-03-15 10:30:00,碧海花园,1、追尾的,负全部责任,不负责任,1,贵A84W57,黑,0,贵AP539K5,红,（南明区）吉源驾驶培训有限公司,景宏驾校,2007/12/17 0:00,2011/8/11 0:00,雪佛兰牌,-1,364556000000000000 ,364558000000000000 ,198407,198408,10,6,3,周末,非高峰,2015-03-15,2015年3月15日,阴 /阴,18℃ / 13℃,东风 ≤3级 /南风 ≤3级,阴,阴,18,13,东风,≤3级,南风,≤3级,day
2015-04-21 12:45:00,中天花园,7、未按规定让行的 ,负全部责任,不负责任,0,浙C8VG56,黑,1,贵ACV814,白,吉源驾校,520127,2015/2/4 0:00,2007/12/20 0:00,奥迪牌,奥迪牌,376570000000000000 ,366068000000000000 ,199010,198604,12,1,4,工作日,非高峰,2015-04-21,2015年4月21日,阴 /阵雨,17℃ / 10℃,东北风 ≤3级 /东北风 ≤3级,阴,阵雨,17,10,东北风,≤3级,东北风,≤3级,day
2015-03-21 23:00:00,东方镇,8、依法应负全责的其他情形,负全部责任,不负责任,1,贵AB426R,白,1,贵FV2834,黑,（南明区）吉源驾驶培训有限公司,自培,2009/9/17 0:00,2008/9/25 0:00,东南牌,长城牌,366068000000000000 ,364596000000000000 ,198710,199005,23,5,3,工作日,非高峰,2015-03-21,2015年3月21日,阴 /阴,16℃ / 11℃,东北风 ≤3级 /东南风 ≤3级,阴,阴,16,11,东北风,≤3级,东南风,≤3级,night
2015-03-04 18:20:00,长岭南路,1、追尾的,负全部责任,不负责任,1,贵AJT943,银,1,贵A9165H,白,（南明区）吉源驾驶培训有限公司,文通驾校,2010/1/13 0:00,2011/6/20 0:00,五菱牌,起亚牌,366066000000000000 ,36656551274757201X,197002,196303,18,2,3,工作日,晚高峰(17-19点),2015-03-04,2015年3月4日,小雨 /小雨,6℃ / 1℃,东北风 ≤3级 /东北风 ≤3级,小雨,小雨,6,1,东北风,≤3级,东北风,≤3级,day
2015-03-17 10:40:00,白云区,7、未按规定让行的 ,负全部责任,不负责任,1,贵GP6524,银,1,贵GY3916,白,文通驾校,路路达驾校,2011/12/21 0:00,2014/12/2 0:00,福田牌,雪佛兰牌,364558000000000000 ,366347000000000000 ,197905,197610,10,1,3,工作日,非高峰,2015-03-17,2015年3月17日,多云 /多云,25℃ / 14℃,南风 ≤3级 /南风 ≤3级,多云,多云,25,14,南风,≤3级,南风,≤3级,day
2015-03-21 21:20:00,喷水池,4、停车时未挂低速档、未拉驻车制动，导致车辆滑行的,负全部责任,不负责任,0,贵GV2305,白,1,贵A5AG99,白,文通驾校,520102,2011/12/29 0:00,2009/2/18 0:00,丰田牌,东风雪铁龙牌,366346000000000000 ,366863000000000000 ,198612,196509,21,5,3,工作日,非高峰,2015-03-21,2015年3月21日,阴 /阴,16℃ / 11℃,东北风 ≤3级 /东南风 ≤3级,阴,阴,16,11,东北风,≤3级,东南风,≤3级,night
2015-05-07 09:10:00,黔灵山隧道,1、追尾的,负全部责任,不负责任,1,贵A52E28,红,0,贵GV5428,白,（南明区）吉源驾驶培训有限公司,-1,2010/9/3 0:00,-1,福克斯牌,-1,364547000000000000 ,366064000000000000 ,198709,197904,9,3,5,工作日,早高峰(7-9点),2015-05-07,2015年5月7日,阵雨 /雷阵雨,23℃ / 17℃,东南风 ≤3级 /东南风 ≤3级,阵雨,雷阵雨,23,17,东南风,≤3级,东南风,≤3级,day
2015-05-30 09:00:00,同心路,7、未按规定让行的 ,负全部责任,不负责任,1,贵AAB465,黑,1,贵AK8407,红,（南明区）吉源驾驶培训有限公司,预约考试窗口,2009/9/10 0:00,2007/1/18 0:00,川路牌,理念牌,366347000000000000 ,366575000000000000 ,196506,198708,9,5,5,工作日,早高峰(7-9点),2015-05-30,2015年5月30日,阵雨 /阵雨,23℃ / 17℃,东北风 ≤3级 /东风 ≤3级,阵雨,阵雨,23,17,东北风,≤3级,东风,≤3级,day
2015-03-30 11:00:00,市林路,7、未按规定让行的 ,负全部责任,不负责任,1,贵A84951,红,1,贵A71N69,白,文通驾校,-1,2011/8/17 0:00,-1,奥拓,思威牌,364558000000000000 ,364548000000000000 ,198710,198203,11,0,3,工作日,非高峰,2015-03-30,2015年3月30日,晴 /多云,24℃ / 17℃,南风 ≤3级 /南风 ≤3级,晴,多云,24,17,南风,≤3级,南风,≤3级,day
2015-04-01 10:00:00,长江路,7、未按规定让行的 ,负全部责任,不负责任,1,贵A27L51,白色,1,贵A38S22,白色,（南明区）吉源驾驶培训有限公司,自培,2009/2/18 0:00,2004/5/28 0:00,别克牌,海马牌,366370000000000000 ,55760500000000000 ,198101,198601,10,2,4,工作日,非高峰,2015-04-01,2015年4月1日,多云 /多云,29℃ / 19℃,南风 ≤3级 /南风 ≤3级,多云,多云,29,19,南风,≤3级,南风,≤3级,day
2015-03-18 16:30:00,花溪,7、未按规定让行的 ,负全部责任,不负责任,1,贵A0BY67,白色,1,贵GGP545,白色,吉源驾校,顺一驾驶培训学校,2013/4/26 0:00,2013/12/18 0:00,东风牌,-1,364556000000000000 ,36455551154369605X,197808,199105,16,2,3,工作日,非高峰,2015-03-18,2015年3月18日,多云 /多云,24℃ / 14℃,南风 ≤3级 /南风 ≤3级,多云,多云,24,14,南风,≤3级,南风,≤3级,day
2015-03-11 12:50:00,金阳客站,1、追尾的,负全部责任,不负责任,1,贵ASE456,白,0,贵AA4366,银,吉源驾校,吉源驾校,2014/3/5 0:00,2014/2/25 0:00,五菱牌,飞燕,364596000000000000 ,366068000000000000 ,198607,198908,12,2,3,工作日,非高峰,2015-03-11,2015年3月11日,阴 /小雨,8℃ / 4℃,东北风 ≤3级 /东北风 ≤3级,阴,小雨,8,4,东北风,≤3级,东北风,≤3级,day
2015-02-09 20:00:00,小河锦江路与湘江路交叉口,9、不符合前8款规定或者双方同时具有上述情形的,负同等责任,负同等责任,1,贵GX6788,白色,1,贵FG1132,白色,吉源驾校,-1,2013/5/24 0:00,-1,斯柯达牌,丰田牌,364596000000000000 ,354657000000000000 ,199110,196703,20,0,2,工作日,非高峰,2015-02-09,2015年2月9日,阴 /小雨,6℃ / 4℃,东北风 ≤3级 /东北风 ≤3级,阴,小雨,6,4,东北风,≤3级,东北风,≤3级,night
2015-05-19 15:00:00,小河西南环线,7、未按规定让行的 ,负全部责任,不负责任,1,贵AAA248,白色,1,贵A75P15,白色,吉源驾校,520134,2013/9/26 0:00,2009/5/22 0:00,宇锋牌,梅赛德斯-奔驰E260,78617451104869621X,366061000000000000 ,199407,198709,15,1,5,工作日,非高峰,2015-05-19,2015年5月19日,阵雨 /大雨,25℃ / 18℃,东北风 ≤3级 /南风 ≤3级,阵雨,大雨,25,18,东北风,≤3级,南风,≤3级,day
2015-05-23 13:05:00,贵遵路,7、未按规定让行的 ,负全部责任,不负责任,1,贵A150E8,白,1,贵FT3833,黑,文通驾校,-1,2012/2/20 0:00,-1,江淮牌,-1,364568000000000000 ,59893476657 ,199009,32213,13,5,5,工作日,非高峰,2015-05-23,2015年5月23日,阵雨 /阴,19℃ / 14℃,东北风 ≤3级 /东北风 ≤3级,阵雨,阴,19,14,东北风,≤3级,东北风,≤3级,day
2015-04-15 15:30:00,金珠东路,1、追尾的,负全部责任,不负责任,1,贵A3K989,黑,1,贵AMT897,黑,吉源驾校,诚信驾驶培训学校,2013/9/17 0:00,2015/2/17 0:00,名爵牌,北京牌,364596000000000000 ,364596000000000000 ,198609,199110,15,2,4,工作日,非高峰,2015-04-15,2015年4月15日,多云 /多云,24℃ / 16℃,东南风 ≤3级 /南风 ≤3级,多云,多云,24,16,东南风,≤3级,南风,≤3级,day
2015-03-16 08:00:00,乌当,1、追尾的,负全部责任,不负责任,1,贵A1BB66,银,1,贵JBP746,红,吉源驾校,自培,2013/10/21 0:00,2007/8/1 0:00,大众汽车牌,大众汽车牌,364557000000000000 ,364557000000000000 ,198811,198704,8,0,3,工作日,早高峰(7-9点),2015-03-16,2015年3月16日,阴 /多云,20℃ / 15℃,南风 ≤3级 /南风 ≤3级,阴,多云,20,15,南风,≤3级,南风,≤3级,day
2015-05-05 11:30:00,次南门,1、追尾的,负全部责任,不负责任,1,临牌,黑色,1,贵A73Z31,白色,吉源驾校,自培,2014/10/9 0:00,1997/7/8 0:00,-1,吉利牌,74365500000000000 ,364547000000000000 ,198810,197903,11,1,5,工作日,非高峰,2015-05-05,2015年5月5日,阵雨 /阵雨,21℃ / 15℃,南风 ≤3级 /南风 ≤3级,阵雨,阵雨,21,15,南风,≤3级,南风,≤3级,day
2015-03-27 12:25:00,花果园,7、未按规定让行的 ,负全部责任,不负责任,1,贵A89G97,黑,1,贵GQ4835,黑,吉源驾校,长运驾校,2014/10/8 0:00,2014/6/27 0:00,宝马牌,大众牌,364547000000000000 ,366061000000000000 ,198805,198807,12,4,3,工作日,非高峰,2015-03-27,2015年3月27日,阵雨 /阵雨,18℃ / 13℃,南风 ≤3级 /南风 ≤3级,阵雨,阵雨,18,13,南风,≤3级,南风,≤3级,day
2015-03-22 08:40:00,蔡家关,3、倒车的,负全部责任,不负责任,1,贵GR5151,白,1,贵A6246S,银,吉源驾校,金大驾校,2014/4/4 0:00,2012/3/18 0:00,别克牌,宝骏牌,364596000000000000 ,364557000000000000 ,197712,199012,8,6,3,周末,早高峰(7-9点),2015-03-22,2015年3月22日,阵雨 /阵雨,19℃ / 10℃,东南风 ≤3级 /东风 ≤3级,阵雨,阵雨,19,10,东南风,≤3级,东风,≤3级,day
2015-05-11 13:00:00,青岩,8、依法应负全责的其他情形,负全部责任,不负责任,1,云A81K38,白色,1,贵A2984P,白色,吉源驾校,吉源驾校,2014/2/27 0:00,2015/1/30 0:00,东风日产牌,长安牌,66604051895468746X,36455551845456402X,197810,197010,13,0,5,工作日,非高峰,2015-05-11,2015年5月11日,多云 /多云,24℃ / 13℃,东北风 ≤3级 /东北风 ≤3级,多云,多云,24,13,东北风,≤3级,东北风,≤3级,day
2015-04-10 17:00:00,甲秀南路,8、依法应负全责的其他情形,负全部责任,不负责任,1,贵GGP473,白色,1,贵A0F153,白色,吉源驾校,-1,2015/1/6 0:00,-1,-1,-1,364556000000000000 ,36656951914941845X,199510,198908,17,4,4,工作日,晚高峰(17-19点),2015-04-10,2015年4月10日,小雨 /小雨,12℃ / 8℃,东北风 ≤3级 /东北风 ≤3级,小雨,小雨,12,8,东北风,≤3级,东北风,≤3级,day
2015-04-26 12:00:00,金阳南路,7、未按规定让行的 ,负全部责任,不负责任,1,贵GX5876,白,1,贵AU8977,蓝,吉源驾校,自培,2014/10/9 0:00,2001/2/1 0:00,奥迪,安第斯牌,364558000000000000 ,364547000000000000 ,196601,196001,12,6,4,周末,非高峰,2015-04-26,2015年4月26日,阵雨 /阵雨,18℃ / 14℃,东南风 ≤3级 /东北风 ≤3级,阵雨,阵雨,18,14,东南风,≤3级,东北风,≤3级,day
2015-04-25 17:00:00,西二环,1、追尾的,负全部责任,不负责任,1,贵FJ2747,白色,1,贵A0667Z,白色,（观山湖区）诚信驾驶培训有限公司,新天驾校,2008/5/13 0:00,2014/1/22 0:00,起亚牌,比亚迪牌,364647000000000000 ,74195500000000000 ,198509,198404,17,5,4,工作日,晚高峰(17-19点),2015-04-25,2015年4月25日,阴 /阵雨,20℃ / 11℃,东风 ≤3级 /东南风 ≤3级,阴,阵雨,20,11,东风,≤3级,东南风,≤3级,day
2015-04-30 10:30:00,金阳,8、依法应负全责的其他情形,负全部责任,不负责任,0,湘A3HC45,红,1,贵AU9668,蓝,（观山湖区）诚信驾驶培训有限公司,（南明区）阳光驾驶培训有限公司,2007/11/15 0:00,1997/7/17 0:00,大众汽车牌,重骑牌,364548000000000000 ,364548000000000000 ,198904,196906,10,3,4,工作日,非高峰,2015-04-30,2015年4月30日,阵雨 /阵雨,25℃ / 17℃,东南风 ≤3级 /东南风 ≤3级,阵雨,阵雨,25,17,东南风,≤3级,东南风,≤3级,day
2015-04-13 15:30:00,北京西路,1、追尾的,负全部责任,不负责任,1,贵AX3053,白,1,贵A1BB45,黑,（观山湖区）诚信驾驶培训有限公司,-1,2006/8/31 0:00,-1,钱江牌,大众汽车牌,366346000000000000 ,366577000000000000 ,198311,198512,15,0,4,工作日,非高峰,2015-04-13,2015年4月13日,晴 /多云,23℃ / 8℃,东北风 ≤3级 /东北风 ≤3级,晴,多云,23,8,东北风,≤3级,东北风,≤3级,day
2015-05-12 15:31:00,金麦社区,7、未按规定让行的 ,负全部责任,不负责任,1,贵GN1752,黑,1,贵E1L4D2,黑,自培,-1,2010/2/1 0:00,-1,-1,-1,366064000000000000 ,4396520000000000 ,198708,198107,15,1,5,工作日,非高峰,2015-05-12,2015年5月12日,阴 /雷阵雨,24℃ / 13℃,南风 ≤3级 /南风 ≤3级,阴,雷阵雨,24,13,南风,≤3级,南风,≤3级,day
2015-04-01 10:30:00,金珠路,1、追尾的,负全部责任,不负责任,1,贵A92R91,银,1,贵A25P38,银,自培,十一培,2009/4/16 0:00,1998/11/27 0:00,长安牌,沃尔沃牌,364568000000000000 ,366368000000000000 ,198812,197612,10,2,4,工作日,非高峰,2015-04-01,2015年4月1日,多云 /多云,29℃ / 19℃,南风 ≤3级 /南风 ≤3级,多云,多云,29,19,南风,≤3级,南风,≤3级,day
2015-04-17 18:00:00,黔林西路,4、停车时未挂低速档、未拉驻车制动，导致车辆滑行的,负全部责任,不负责任,0,贵A78H35,白,1,川A18527,蓝,诚信驾驶培训学校,（南明区）长安驾驶培训有限公司,2012/9/25 0:00,2001/6/4 0:00,明锐牌,世纪风牌,36454751984046446X,354657000000000000 ,198704,196905,18,4,4,工作日,晚高峰(17-19点),2015-04-17,2015年4月17日,多云 /多云,28℃ / 19℃,南风 ≤3级 /南风 ≤3级,多云,多云,28,19,南风,≤3级,南风,≤3级,day
2015-03-11 11:18:00,杨家山,1、追尾的,负全部责任,不负责任,1,贵A9BC45,白,1,贵AHT055,红,诚信驾驶培训学校,-1,2012/4/27 0:00,-1,雪佛兰牌,长安牌,35466051894960217X,366567000000000000 ,197808,198704,11,2,3,工作日,非高峰,2015-03-11,2015年3月11日,阴 /小雨,8℃ / 4℃,东北风 ≤3级 /东北风 ≤3级,阴,小雨,8,4,东北风,≤3级,东北风,≤3级,day
2015-05-06 15:00:00,小河,9、不符合前8款规定或者双方同时具有上述情形的,负同等责任,负同等责任,1,贵AGD765,白色,1,贵AGA566,白色,-1,自培,-1,-1,丰田牌,中华牌,364063000000000000 ,***,198402,-1,15,2,5,工作日,非高峰,2015-05-06,2015年5月6日,多云 /多云,25℃ / 16℃,东北风 ≤3级 /南风 ≤3级,多云,多云,25,16,东北风,≤3级,南风,≤3级,day
2015-03-20 18:00:00,白云区,7、未按规定让行的 ,负全部责任,不负责任,1,贵A4889V,银,1,桂AC3155,红,诚信驾驶培训学校,-1,2012/2/23 0:00,-1,梅赛德斯-奔驰牌,轰轰烈牌,364558000000000000 ,36567500000000000 ,199102,197110,18,4,3,工作日,晚高峰(17-19点),2015-03-20,2015年3月20日,阴 /阵雨,14℃ / 10℃,东北风 ≤3级 /东北风 ≤3级,阴,阵雨,14,10,东北风,≤3级,东北风,≤3级,day
2015-03-12 00:00:00,金阳北路,1、追尾的,负全部责任,不负责任,1,贵A1956K,银,1,贵AGN862,银,诚信驾驶培训学校,大地驾校,2012/6/5 0:00,2009/4/2 0:00,五菱牌,纳智捷牌,364568000000000000 ,354662000000000000 ,198908,196509,0,3,3,工作日,非高峰,2015-03-12,2015年3月12日,多云 /多云,16℃ / 10℃,南风 ≤3级 /南风 ≤3级,多云,多云,16,10,南风,≤3级,南风,≤3级,night
2015-02-11 08:56:00,延安东路,1、追尾的,负全部责任,不负责任,0,贵AEU793,蓝,1,贵AH4566,黑,诚信驾驶培训学校,十一培,2011/8/2 0:00,1996/8/5 0:00,东风雪铁龙牌,嘉陵牌,36636051904958579X,364547000000000000 ,198408,197502,8,2,2,工作日,早高峰(7-9点),2015-02-11,2015年2月11日,多云 /多云,11℃ / 3℃,东风 ≤3级 /东北风 ≤3级,多云,多云,11,3,东风,≤3级,东北风,≤3级,day
2015-05-20 09:00:00,田园里,1、追尾的,负全部责任,不负责任,1,贵A49H78,白色,1,贵A22J24,白色,诚信驾驶培训学校,-1,2011/9/8 0:00,-1,福克斯牌,斯柯达牌,36666951845659645X,366861000000000000 ,197012,19010,9,2,5,工作日,早高峰(7-9点),2015-05-20,2015年5月20日,阴 /阵雨,23℃ / 17℃,东北风 ≤3级 /东北风 ≤3级,阴,阵雨,23,17,东北风,≤3级,东北风,≤3级,day
2015-04-22 11:50:00,金源街,7、未按规定让行的 ,负全部责任,不负责任,1,贵A88339,银,1,贵ASL764,黄,诚信驾驶培训学校,-1,2014/10/10 0:00,-1,凯迪拉克,捷达牌,366367000000000000 ,35564751915562655X,197804,198911,11,2,4,工作日,非高峰,2015-04-22,2015年4月22日,小雨 /小雨,15℃ / 10℃,东北风 ≤3级 /东北风 ≤3级,小雨,小雨,15,10,东北风,≤3级,东北风,≤3级,day
2015-02-06 15:15:00,艺校立交,7、未按规定让行的 ,负全部责任,不负责任,1,贵A24M39,白色,1,贵A5193J,白色,诚信驾驶培训学校,-1,2014/7/28 0:00,-1,福克斯牌,宝马牌,364548000000000000 ,364551000000000000 ,199501,108905,15,4,2,工作日,非高峰,2015-02-06,2015年2月6日,多云 /小雨,9℃ / 2℃,南风 ≤3级 /南风 ≤3级,多云,小雨,9,2,南风,≤3级,南风,≤3级,day
2015-05-27 00:00:00,碧桂园,3、倒车的,负全部责任,不负责任,1,贵A241C1,白色,1,鄂AZY842,白色,诚信驾驶培训学校,-1,2015/2/4 0:00,-1,江淮牌,-1,366663000000000000 ,354361000000000000 ,199011,198405,0,2,5,工作日,非高峰,2015-05-27,2015年5月27日,阴 /阵雨,26℃ / 20℃,南风 ≤3级 /东北风 ≤3级,阴,阵雨,26,20,南风,≤3级,东北风,≤3级,night
2015-02-11 16:00:00,新添大道与航天大道,1、追尾的,负全部责任,不负责任,1,贵AB795E,红,1,贵AML586,灰,诚信驾驶培训学校,520106,2012/11/16 0:00,2003/12/1 0:00,长安牌,一汽佳星牌,364557000000000000 ,364557000000000000 ,198506,197704,16,2,2,工作日,非高峰,2015-02-11,2015年2月11日,多云 /多云,11℃ / 3℃,东风 ≤3级 /东北风 ≤3级,多云,多云,11,3,东风,≤3级,东北风,≤3级,day
2015-02-12 10:00:00,白云区白金大道,1、追尾的,负全部责任,不负责任,1,贵A72M63,白,1,贵FX4363,灰,诚信驾驶培训学校,贵阳金马驾驶培训有限公司,2013/10/18 0:00,2012/12/4 0:00,大众牌,起亚牌,364551000000000000 ,357470000000000000 ,198609,197002,10,3,2,工作日,非高峰,2015-02-12,2015年2月12日,多云 /多云,15℃ / 5℃,南风 ≤3级 /南风 ≤3级,多云,多云,15,5,南风,≤3级,南风,≤3级,day
2015-03-19 19:28:00,世界城,7、未按规定让行的 ,负全部责任,不负责任,0,贵A24L28,红,1,贵ACZ778,银,诚信驾驶培训学校,520116,2013/5/17 0:00,2008/5/5 0:00,丰田牌,大众牌,64542500000000000 ,366064000000000000 ,197011,197912,19,3,3,工作日,晚高峰(17-19点),2015-03-19,2015年3月19日,多云 /阵雨,26℃ / 12℃,南风 ≤3级 /东北风 ≤3级,多云,阵雨,26,12,南风,≤3级,东北风,≤3级,day
2015-02-04 12:50:00,观山湖,8、依法应负全责的其他情形,负全部责任,不负责任,1,贵A6BZ67,黑,1,贵AA608Y,黑,诚信驾驶培训学校,贵州现代驾驶培训责任有限公司,2014/10/22 0:00,2013/5/9 0:00,比亚迪牌,吉利牌,366567000000000000 ,364596000000000000 ,197804,198708,12,2,2,工作日,非高峰,2015-02-04,2015年2月4日,小雨 /小雨,4℃ / 0℃,东北风 ≤3级 /东北风 ≤3级,小雨,小雨,4,0,东北风,≤3级,东北风,≤3级,day
2015-05-21 16:05:00,北京西路,7、未按规定让行的 ,负全部责任,不负责任,1,贵AS874Z,黄,1,贵AG7127,黑,诚信驾驶培训学校,诚信驾驶培训学校,2015/2/4 0:00,2014/3/24 0:00,-1,江铃牌,36455651864552636X,364557000000000000 ,197201,199309,16,3,5,工作日,非高峰,2015-05-21,2015年5月21日,阴 /阵雨,24℃ / 16℃,东风 ≤3级 /东风 ≤3级,阴,阵雨,24,16,东风,≤3级,东风,≤3级,day
2015-05-10 08:40:00,金源街,1、追尾的,负全部责任,不负责任,1,贵A0140U,红,1,贵A4AV82,红,（乌当区）全林驾驶培训有限公司,520118,2006/8/10 0:00,2010/5/24 0:00,别克牌,雪佛兰牌,366368000000000000 ,355468000000000000 ,198108,198606,8,6,5,周末,早高峰(7-9点),2015-05-10,2015年5月10日,阵雨 /雷阵雨,25℃ / 14℃,南风 ≤3级 /南风 ≤3级,阵雨,雷阵雨,25,14,南风,≤3级,南风,≤3级,day
2015-03-19 10:10:00,中坝,1、追尾的,负全部责任,不负责任,1,贵A3737U,白,1,贵AB026B,银,诚信驾驶培训学校,自培,2014/5/19 0:00,2004/5/13 0:00,吉利全球鹰牌,吉利牌,366046000000000000 ,374547000000000000 ,198103,196904,10,3,3,工作日,非高峰,2015-03-19,2015年3月19日,多云 /阵雨,26℃ / 12℃,南风 ≤3级 /东北风 ≤3级,多云,阵雨,26,12,南风,≤3级,东北风,≤3级,day
2015-04-04 13:00:00,金阳,1、追尾的,负全部责任,不负责任,1,贵GL6438,银,1,贵CCP234,蓝,余庆县乾顺汽车驾驶培训学校,自培,2012/6/11 0:00,2004/5/18 0:00,宝马牌,丰田牌,366562000000000000 ,366061000000000000 ,198811,196804,13,5,4,工作日,非高峰,2015-04-04,2015年4月4日,多云 /多云,29℃ / 18℃,南风 ≤3级 /南风 ≤3级,多云,多云,29,18,南风,≤3级,南风,≤3级,day
2015-04-15 15:00:00,太慈桥,7、未按规定让行的 ,负全部责任,不负责任,1,贵A37C76,白色,1,贵GZ8868,白色,（乌当区）全林驾驶培训有限公司,自培,2007/5/29 0:00,-1,吉利美日牌,速翼特 运动,364596000000000000 ,364547000000000000 ,198710,198902,15,2,4,工作日,非高峰,2015-04-15,2015年4月15日,多云 /多云,24℃ / 16℃,东南风 ≤3级 /南风 ≤3级,多云,多云,24,16,东南风,≤3级,南风,≤3级,day
2015-03-11 16:45:00,金钟桥,8、依法应负全责的其他情形,负全部责任,不负责任,1,湘E5Y646,黑,1,贵AT6348,红,全林驾校,预约考试窗口,2011/6/10 0:00,2007/1/23 0:00,比亚迪牌,金福牌,74365500000000000 ,366347000000000000 ,198309,198110,16,2,3,工作日,非高峰,2015-03-11,2015年3月11日,阴 /小雨,8℃ / 4℃,东北风 ≤3级 /东北风 ≤3级,阴,小雨,8,4,东北风,≤3级,东北风,≤3级,day
2015-03-20 13:05:00,淮河路,7、未按规定让行的 ,负全部责任,不负责任,1,贵HBT124,灰色,1,贵JM9999,白色,全林驾校,-1,2012/7/18 0:00,-1,东风雪铁龙牌,双龙主席,66946500000000000 ,366846000000000000 ,198012,196010,13,4,3,工作日,非高峰,2015-03-20,2015年3月20日,阴 /阵雨,14℃ / 10℃,东北风 ≤3级 /东北风 ≤3级,阴,阵雨,14,10,东北风,≤3级,东北风,≤3级,day
2015-04-03 08:00:00,大营坡,7、未按规定让行的 ,负全部责任,不负责任,1,贵A57W48,白,1,贵A89M51,白,全林驾校,路路达驾校,2012/9/19 0:00,2012/4/10 0:00,大众汽车牌,众泰牌,364548000000000000 ,364558000000000000 ,197602,198002,8,4,4,工作日,早高峰(7-9点),2015-04-03,2015年4月3日,多云 /多云,30℃ / 19℃,南风 ≤3级 /南风 ≤3级,多云,多云,30,19,南风,≤3级,南风,≤3级,day