accidenttime,accidentaddr,driver1fault,driver1responsibility,driver2responsibility,sex1,platenumber1,carcolor1,sex2,platenumber2,carcolor2,jxmc1,jxmc2,cclzrq1,cclzrq2,clpp1,clpp2,driver1license,driver2license,brith1,brith2,hour,weekday,month,is_weekday,peak_hour,date,日期,天气状况,气温,风力风向,day_wea,night_wea,day_tep,night_tep,day_wind_direction,day_wind_speed,night_wind_direction,night_wind_speed,segment
2015-04-22 21:10:00,枣山路,1、追尾的,负全部责任,不负责任,1,贵AN3618,白,1,贵AU6291,绿,全林驾校,十一驾驶培训有限公司,2012/4/13 0:00,2012/3/18 0:00,大众牌,望江牌,364547000000000000 ,364596000000000000 ,199105,199306,21,2,4,工作日,非高峰,2015-04-22,2015年4月22日,小雨 /小雨,15℃ / 10℃,东北风 ≤3级 /东北风 ≤3级,小雨,小雨,15,10,东北风,≤3级,东北风,≤3级,night
2015-05-18 19:00:00,花果园,1、追尾的,负全部责任,不负责任,1,贵JDY487,白色,1,贵A92N39,白色,全林驾校,-1,2012/3/22 0:00,-1,-1,吉利牌,364566000000000000 ,366067000000000000 ,199107,198901,19,0,5,工作日,晚高峰(17-19点),2015-05-18,2015年5月18日,多云 /多云,25℃ / 18℃,东北风 ≤3级 /东北风 ≤3级,多云,多云,25,18,东北风,≤3级,东北风,≤3级,day
2015-04-24 09:00:00,四方河,1、追尾的,负全部责任,不负责任,1,贵ABT124,白色,1,贵GR6574,白色,全林驾校,顺一驾驶培训学校,2012/7/18 0:00,2014/1/21 0:00,众泰牌,中华牌,66946500000000000 ,364557000000000000 ,198012,198508,9,4,4,工作日,早高峰(7-9点),2015-04-24,2015年4月24日,阴 /小雨,16℃ / 11℃,东风 ≤3级 /东风 ≤3级,阴,小雨,16,11,东风,≤3级,东风,≤3级,day
2015-04-29 07:35:00,金阳,7、未按规定让行的 ,负全部责任,不负责任,1,贵ACE656,银,1,贵A87827,黄,（乌当区）全林驾驶培训有限公司,-1,2009/3/4 0:00,-1,波罗牌,红岩牌,74366500000000000 ,366246000000000000 ,197103,196710,7,2,4,工作日,早高峰(7-9点),2015-04-29,2015年4月29日,阵雨 /阵雨,26℃ / 16℃,东北风 ≤3级 /东南风 ≤3级,阵雨,阵雨,26,16,东北风,≤3级,东南风,≤3级,day
2015-04-27 09:20:00,乌当,1、追尾的,负全部责任,不负责任,1,贵A5AU96,黄,1,贵A61A32,银,全林驾校,新华驾校,2012/10/25 0:00,2011/10/8 0:00,别克牌,夏利牌,254767000000000000 ,364557000000000000 ,198408,198710,9,0,4,工作日,早高峰(7-9点),2015-04-27,2015年4月27日,阴 /雷阵雨,21℃ / 14℃,东南风 ≤3级 /东北风 ≤3级,阴,雷阵雨,21,14,东南风,≤3级,东北风,≤3级,day
2015-04-19 00:00:00,三桥,7、未按规定让行的 ,负全部责任,不负责任,1,贵AJJ468,白,1,贵ANM562,黑,全林驾校,-1,2013/8/21 0:00,-1,北斗星牌,东风日产牌,366661000000000000 ,366664000000000000 ,199108,195806,0,6,4,周末,非高峰,2015-04-19,2015年4月19日,阵雨 /阵雨,22℃ / 13℃,东北风 ≤3级 /东北风 ≤3级,阵雨,阵雨,22,13,东北风,≤3级,东北风,≤3级,night
2015-05-02 18:30:00,花溪大道,1、追尾的,负全部责任,不负责任,1,贵AV6578,白色,1,贵ASL989,白色,（乌当区）全林驾驶培训有限公司,自培,2007/9/18 0:00,2005/6/27 0:00,南骏牌,科雷傲,366262000000000000 ,734345000000000000 ,198303,196702,18,5,5,工作日,晚高峰(17-19点),2015-05-02,2015年5月2日,多云 /阵雨,26℃ / 16℃,东北风 ≤3级 /东风 ≤3级,多云,阵雨,26,16,东北风,≤3级,东风,≤3级,day
2015-04-19 21:30:00,云岩区,8、依法应负全责的其他情形,负全部责任,不负责任,1,贵A8BB17,红,0,贵ATK882,银,（乌当区）全林驾驶培训有限公司,自培,2010/3/3 0:00,2005/2/18 0:00,东风日产牌,丰田牌,364547000000000000 ,364547000000000000 ,198906,198108,21,6,4,周末,非高峰,2015-04-19,2015年4月19日,阵雨 /阵雨,22℃ / 13℃,东北风 ≤3级 /东北风 ≤3级,阵雨,阵雨,22,13,东北风,≤3级,东北风,≤3级,night
2015-05-12 08:30:00,黄山冲,7、未按规定让行的 ,负全部责任,不负责任,0,贵A79G86,白,1,贵AK6383,白,全林驾校,全林驾校,2012/12/21 0:00,2011/7/14 0:00,福克斯牌,银翔牌,366566000000000000 ,364548000000000000 ,198108,195911,8,1,5,工作日,早高峰(7-9点),2015-05-12,2015年5月12日,阴 /雷阵雨,24℃ / 13℃,南风 ≤3级 /南风 ≤3级,阴,雷阵雨,24,13,南风,≤3级,南风,≤3级,day
2015-05-06 17:05:00,观山东路,1、追尾的,负全部责任,不负责任,1,贵GX2146,蓝,1,贵HG5528,红,全林驾校,520127,2014/4/21 0:00,2009/11/23 0:00,-1,-1,366064000000000000 ,364557000000000000 ,198110,198708,17,2,5,工作日,晚高峰(17-19点),2015-05-06,2015年5月6日,多云 /多云,25℃ / 16℃,东北风 ≤3级 /南风 ≤3级,多云,多云,25,16,东北风,≤3级,南风,≤3级,day
2015-05-27 08:20:00,瑞金中路,1、追尾的,负全部责任,不负责任,1,贵A88F85,银,1,贵AAX144,白,全林驾校,自培,2013/7/29 0:00,2002/9/19 0:00,-1,宝马,364548000000000000 ,364548000000000000 ,195709,198306,8,2,5,工作日,早高峰(7-9点),2015-05-27,2015年5月27日,阴 /阵雨,26℃ / 20℃,南风 ≤3级 /东北风 ≤3级,阴,阵雨,26,20,南风,≤3级,东北风,≤3级,day
2015-02-09 13:00:00,渔安新城,7、未按规定让行的 ,负全部责任,不负责任,1,贵AJM897,白色,1,贵A16G34,黑色,自培,文通驾校,2008/1/17 0:00,2014/12/3 0:00,长城牌,名爵牌,36454751924954097X,364548000000000000 ,198608,198803,13,0,2,工作日,非高峰,2015-02-09,2015年2月9日,阴 /小雨,6℃ / 4℃,东北风 ≤3级 /东北风 ≤3级,阴,小雨,6,4,东北风,≤3级,东北风,≤3级,day
2015-05-09 11:00:00,花果园,8、依法应负全责的其他情形,负全部责任,不负责任,1,贵AC954T,红,1,贵A33A88,红,（乌当区）全林驾驶培训有限公司,（乌当区）全林驾驶培训有限公司,2009/11/27 0:00,2004/3/19 0:00,夏利牌,东风雪铁龙牌,364547000000000000 ,364548000000000000 ,198501,197906,11,5,5,工作日,非高峰,2015-05-09,2015年5月9日,阵雨 /阵雨,23℃ / 16℃,东北风 ≤3级 /东南风 ≤3级,阵雨,阵雨,23,16,东北风,≤3级,东南风,≤3级,day
2015-05-29 21:20:00,宝山北路,7、未按规定让行的 ,负全部责任,不负责任,1,贵AV2925,黄,1,贵A6575P,白,（乌当区）全林驾驶培训有限公司,景宏驾校,2007/6/5 0:00,2012/9/12 0:00,先锋牌,福特牌,364557000000000000 ,364558000000000000 ,197301,198906,21,4,5,工作日,非高峰,2015-05-29,2015年5月29日,阵雨 /阵雨,24℃ / 17℃,东南风 ≤3级 /东北风 ≤3级,阵雨,阵雨,24,17,东南风,≤3级,东北风,≤3级,night
2015-02-10 10:55:00,北京西路口,7、未按规定让行的 ,负全部责任,不负责任,1,贵AXH443,白色,1,贵AU0433,蓝色,（乌当区）全林驾驶培训有限公司,消防驾校,2009/12/22 0:00,1997/11/27 0:00,大众汽车牌,嘉陵牌,354670000000000000 ,364556000000000000 ,197304,197708,10,1,2,工作日,非高峰,2015-02-10,2015年2月10日,小雨 /小雨,6℃ / 3℃,东北风 ≤3级 /东风 ≤3级,小雨,小雨,6,3,东北风,≤3级,东风,≤3级,day
2015-03-16 18:30:00,二铺,8、依法应负全责的其他情形,负全部责任,不负责任,1,贵BAL614,黑,1,贵A6591Z,黑,（乌当区）全林驾驶培训有限公司,阳光驾校,2010/4/7 0:00,2012/10/28 0:00,起亚牌,长安牌,774267000000000000 ,366570000000000000 ,196801,198811,18,0,3,工作日,晚高峰(17-19点),2015-03-16,2015年3月16日,阴 /多云,20℃ / 15℃,南风 ≤3级 /南风 ≤3级,阴,多云,20,15,南风,≤3级,南风,≤3级,day
2015-03-26 20:28:00,望城坡,1、追尾的,负全部责任,不负责任,1,贵CR9973,白色,1,贵A081A3,白色,全林驾校,-1,2011/3/9 0:00,-1,东风牌,长安牌,366362000000000000 ,356164000000000000 ,198203,197310,20,3,3,工作日,非高峰,2015-03-26,2015年3月26日,阴 /阵雨,17℃ / 12℃,南风 ≤3级 /南风 ≤3级,阴,阵雨,17,12,南风,≤3级,南风,≤3级,night
2015-03-25 15:23:00,航天大道,7、未按规定让行的 ,负全部责任,不负责任,0,贵A2S922,黑,1,贵HBV112,蓝,全林驾校,阳光驾校（南明区）,2010/9/1 0:00,2015/3/11 0:00,凯迪拉克牌,大众汽车牌,356161000000000000 ,366246000000000000 ,197103,199510,15,2,3,工作日,非高峰,2015-03-25,2015年3月25日,阴 /阵雨,14℃ / 9℃,东北风 ≤3级 /东北风 ≤3级,阴,阵雨,14,9,东北风,≤3级,东北风,≤3级,day
2015-02-26 07:35:00,小河盘江南路,7、未按规定让行的 ,负全部责任,不负责任,1,贵A21H17,白色,1,贵AU6458,黑色,（乌当区）全林驾驶培训有限公司,顺一驾校（经开区）,2009/11/30 0:00,1994/8/22 0:00,长城牌,迅龙牌,364548000000000000 ,364548000000000000 ,197204,197205,7,3,2,工作日,早高峰(7-9点),2015-02-26,2015年2月26日,阴 /小雨,12℃ / 9℃,东风 ≤3级 /南风 ≤3级,阴,小雨,12,9,东风,≤3级,南风,≤3级,day
2015-02-07 17:00:00,中华北路,1、追尾的,负全部责任,不负责任,1,贵A87F88,黑,1,贵A61A46,黄,（乌当区）全林驾驶培训有限公司,自培,2007/8/28 0:00,2003/5/16 0:00,东风雪铁龙牌,朗逸牌,36454751995464043X,36454651854065063X,198810,197104,17,5,2,工作日,晚高峰(17-19点),2015-02-07,2015年2月7日,阴 /阴,8℃ / 3℃,东北风 ≤3级 /东北风 ≤3级,阴,阴,8,3,东北风,≤3级,东北风,≤3级,day
2015-03-05 18:30:00,花果园,3、倒车的,负全部责任,不负责任,1,贵ASY942,白色,1,贵AAX886,白色,全林驾校,自培,2010/9/1 0:00,2003/8/9 0:00,锋范牌,明锐牌,364548000000000000 ,364547000000000000 ,198908,198206,18,3,3,工作日,晚高峰(17-19点),2015-03-05,2015年3月5日,小雨 /小雨,4℃ / 1℃,东北风 ≤3级 /东北风 ≤3级,小雨,小雨,4,1,东北风,≤3级,东北风,≤3级,day
2015-05-26 20:40:00,机场航站楼,7、未按规定让行的 ,负全部责任,不负责任,1,贵AEW823,红,1,贵AUA707,白,（乌当区）全林驾驶培训有限公司,四川省森安驾校,2009/7/20 0:00,2009/6/23 0:00,北京现代牌,丰田牌,364557000000000000 ,344542000000000000 ,195911,198606,20,1,5,工作日,非高峰,2015-05-26,2015年5月26日,阵雨 /雷阵雨,26℃ / 20℃,东南风 ≤3级 /东北风 ≤3级,阵雨,雷阵雨,26,20,东南风,≤3级,东北风,≤3级,night
2015-03-18 12:00:00,省驾校,3、倒车的,负全部责任,不负责任,1,贵A11E54,红,1,贵A8267M,银,全林驾校,贵大佳德驾驶培训学校,2012/2/8 0:00,2006/7/7 0:00,东风雪铁龙牌,朗风,366661000000000000 ,366576000000000000 ,197210,197704,12,2,3,工作日,非高峰,2015-03-18,2015年3月18日,多云 /多云,24℃ / 14℃,南风 ≤3级 /南风 ≤3级,多云,多云,24,14,南风,≤3级,南风,≤3级,day
2015-04-24 11:20:00,石标路,7、未按规定让行的 ,负全部责任,不负责任,1,贵GK9918,银,1,贵AAA103,白,全林驾校,全林驾校,2011/7/5 0:00,2007/7/30 0:00,大众汽车牌,雅阁牌,364066000000000000 ,366361000000000000 ,199101,198112,11,4,4,工作日,非高峰,2015-04-24,2015年4月24日,阴 /小雨,16℃ / 11℃,东风 ≤3级 /东风 ≤3级,阴,小雨,16,11,东风,≤3级,东风,≤3级,day
2015-02-24 08:00:00,云岩区渔安新城,7、未按规定让行的 ,负全部责任,不负责任,1,贵CM0286,白色,1,贵A857E1,黑色,全林驾校,520130,2011/8/31 0:00,2010/2/4 0:00,北京现代牌,佛莱特牌,364548000000000000 ,364548000000000000 ,197610,198607,8,1,2,工作日,早高峰(7-9点),2015-02-24,2015年2月24日,多云 /阴,20℃ / 9℃,南风 ≤3级 /南风 ≤3级,多云,阴,20,9,南风,≤3级,南风,≤3级,day
2015-03-31 09:10:00,长林南路,7、未按规定让行的 ,负全部责任,不负责任,1,贵A793C2,银,1,贵A5259P,红,全林驾校,蓝天驾校,2012/10/15 0:00,2014/11/4 0:00,五菱牌,北京现代牌,366347000000000000 ,36656551134745605X,197612,199503,9,1,3,工作日,早高峰(7-9点),2015-03-31,2015年3月31日,多云 /多云,28℃ / 19℃,南风 ≤3级 /南风 ≤3级,多云,多云,28,19,南风,≤3级,南风,≤3级,day
2015-05-30 14:15:00,西南家居城,7、未按规定让行的 ,负全部责任,不负责任,0,贵ANZ747,白,1,贵A4438Z,黑,全林驾校,-1,2012/11/9 0:00,-1,大众牌,大众牌,364547000000000000 ,366347000000000000 ,198007,198104,14,5,5,工作日,非高峰,2015-05-30,2015年5月30日,阵雨 /阵雨,23℃ / 17℃,东北风 ≤3级 /东风 ≤3级,阵雨,阵雨,23,17,东北风,≤3级,东风,≤3级,day
2015-04-05 05:05:00,北京西路,7、未按规定让行的 ,负全部责任,不负责任,0,贵A27K69,黑,1,贵FN6357,银,全林驾校,520106,2013/3/5 0:00,-1,翼搏牌,长安牌,36454651884262066X,366068000000000000 ,197706,197711,5,6,4,周末,非高峰,2015-04-05,2015年4月5日,阴 /阵雨,30℃ / 12℃,南风 ≤3级 /东北风 ≤3级,阴,阵雨,30,12,南风,≤3级,东北风,≤3级,night
2015-05-01 17:00:00,百花山,7、未按规定让行的 ,负全部责任,不负责任,1,贵AD5888,黑,1,贵A4BM31,白,全林驾校,全林驾校,2014/3/19 0:00,2010/11/16 0:00,东风标致牌,长安牌,366276000000000000 ,366661000000000000 ,198312,198608,17,4,5,工作日,晚高峰(17-19点),2015-05-01,2015年5月1日,阵雨 /多云,25℃ / 14℃,东南风 ≤3级 /东北风 ≤3级,阵雨,多云,25,14,东南风,≤3级,东北风,≤3级,day
2015-04-18 11:20:00,乌当,7、未按规定让行的 ,负全部责任,不负责任,0,贵ANM181,黑,1,贵A03994,蓝,全林驾校,自培,2011/8/31 0:00,2001/10/11 0:00,别克牌,五菱,364557000000000000 ,355467000000000000 ,196811,197210,11,5,4,工作日,非高峰,2015-04-18,2015年4月18日,多云 /雷阵雨,29℃ / 16℃,南风 ≤3级 /南风 ≤3级,多云,雷阵雨,29,16,南风,≤3级,南风,≤3级,day
2015-04-25 11:30:00,乌当,8、依法应负全责的其他情形,负全部责任,不负责任,0,贵JQ8029,银,1,贵A29X77,白,全林驾校,自培,2014/10/27 0:00,2000/7/25 0:00,五菱牌,马自达牌,364557000000000000 ,364557000000000000 ,198206,198207,11,5,4,工作日,非高峰,2015-04-25,2015年4月25日,阴 /阵雨,20℃ / 11℃,东风 ≤3级 /东南风 ≤3级,阴,阵雨,20,11,东风,≤3级,东南风,≤3级,day
2015-05-19 14:45:00,大营路,8、依法应负全责的其他情形,负全部责任,不负责任,1,贵AW5789,蓝,1,贵JK0064,白,全林驾校,-1,2015/1/23 0:00,-1,马自达牌,-1,366561000000000000 ,366347000000000000 ,198912,197305,14,1,5,工作日,非高峰,2015-05-19,2015年5月19日,阵雨 /大雨,25℃ / 18℃,东北风 ≤3级 /南风 ≤3级,阵雨,大雨,25,18,东北风,≤3级,南风,≤3级,day
2015-01-12 08:30:00,松山路,8、依法应负全责的其他情形,负全部责任,不负责任,1,贵87N79,黑,0,贵GL4843,黑,全林驾校,贵大驾校,2014/7/10 0:00,2012/12/17 0:00,-1,钱江牌,77426551855642773X,364547000000000000 ,197112,196307,8,0,1,工作日,早高峰(7-9点),2015-01-12,2015年1月12日,多云 /阴,10℃ / 1℃,东北风 ≤3级 /东北风 ≤3级,多云,阴,10,1,东北风,≤3级,东北风,≤3级,day
2015-04-10 19:10:00,花溪,7、未按规定让行的 ,负全部责任,不负责任,1,贵A75H93,白色,1,临贵A4R566,白色,公交（集团）驾校（云岩区）,黔丰驾校,2014/8/28 0:00,2015/1/29 0:00,东风雪铁龙牌,-1,364548000000000000 ,366246000000000000 ,199508,198310,19,4,4,工作日,晚高峰(17-19点),2015-04-10,2015年4月10日,小雨 /小雨,12℃ / 8℃,东北风 ≤3级 /东北风 ≤3级,小雨,小雨,12,8,东北风,≤3级,东北风,≤3级,day
2015-05-18 08:40:00,大营路,7、未按规定让行的 ,负全部责任,不负责任,1,贵A3R071,白,1,贵AU0807,黄,全林驾校（乌当区）,公交公司驾校,2015/5/6 0:00,2008/9/3 0:00,-1,天马牌,344676000000000000 ,366063000000000000 ,198603,198701,8,0,5,工作日,早高峰(7-9点),2015-05-18,2015年5月18日,多云 /多云,25℃ / 18℃,东北风 ≤3级 /东北风 ≤3级,多云,多云,25,18,东北风,≤3级,东北风,≤3级,day
2015-02-25 13:30:00,金华出口,1、追尾的,负全部责任,不负责任,0,贵A7AJ69,黄,1,浙C1GW43,黑,全林驾校,-1,2014/3/19 0:00,-1,大众汽车牌,-1,364646000000000000 ,366068000000000000 ,197810,197208,13,2,2,工作日,非高峰,2015-02-25,2015年2月25日,阴 /阵雨,15℃ / 8℃,东北风 ≤3级 /东北风 ≤3级,阴,阵雨,15,8,东北风,≤3级,东北风,≤3级,day
2015-04-28 11:40:00,机场停车场,7、未按规定让行的 ,负全部责任,不负责任,1,贵AHF365,白色,1,云AA755S,白色,未定义,-1,2013/12/17 0:00,-1,谛艾仕牌,尼桑牌,364556000000000000 ,654567000000000000 ,199507,198207,11,1,4,工作日,非高峰,2015-04-28,2015年4月28日,多云 /多云,25℃ / 15℃,东北风 ≤3级 /东北风 ≤3级,多云,多云,25,15,东北风,≤3级,东北风,≤3级,day
2015-03-24 19:30:00,山水黔城,1、追尾的,负全部责任,不负责任,1,贵ANX212,白色,1,贵A23S35,白色,全林驾校,鑫鑫驾校,2014/10/14 0:00,2012/4/10 0:00,风神牌,雪佛兰牌,364551000000000000 ,364551000000000000 ,199302,198105,19,1,3,工作日,晚高峰(17-19点),2015-03-24,2015年3月24日,小雨 /阵雨,13℃ / 7℃,东北风 ≤3级 /东北风 ≤3级,小雨,阵雨,13,7,东北风,≤3级,东北风,≤3级,day
2015-02-03 19:25:00,大西门,7、未按规定让行的 ,负全部责任,不负责任,1,贵A82M24,红,1,贵A22C35,银,全林驾校,520126,2014/7/13 0:00,2008/10/29 0:00,迷你,众泰牌,25676651964974655X,364547000000000000 ,198208,199005,19,1,2,工作日,晚高峰(17-19点),2015-02-03,2015年2月3日,小雨 /小雨,6℃ / 1℃,东北风 ≤3级 /东北风 ≤3级,小雨,小雨,6,1,东北风,≤3级,东北风,≤3级,day
2015-04-26 15:30:00,金阳,1、追尾的,负全部责任,不负责任,1,贵A65X66,黄,1,贵A5923N,银,凯信驾校,-1,2014/10/21 0:00,-1,猎豹牌,起亚牌,364556000000000000 ,366367000000000000 ,199502,198403,15,6,4,周末,非高峰,2015-04-26,2015年4月26日,阵雨 /阵雨,18℃ / 14℃,东南风 ≤3级 /东北风 ≤3级,阵雨,阵雨,18,14,东南风,≤3级,东北风,≤3级,day
2015-05-03 15:00:00,世纪城,1、追尾的,负全部责任,不负责任,0,贵A21Y53,黑,1,贵GP1996,白,凯信驾校,鑫鑫驾校,2014/5/29 0:00,2011/7/11 0:00,别克牌,-1,355766000000000000 ,355766000000000000 ,198511,199110,15,6,5,周末,非高峰,2015-05-03,2015年5月3日,阵雨 /阵雨,25℃ / 15℃,东北风 ≤3级 /东北风 ≤3级,阵雨,阵雨,25,15,东北风,≤3级,东北风,≤3级,day
2015-03-27 20:10:00,小河,1、追尾的,负全部责任,不负责任,1,贵GP6371,白色,1,贵A27L36,白色,凯信驾校,贵大驾校,2014/7/31 0:00,2014/9/16 0:00,大众汽车牌,斯柯达牌,364551000000000000 ,366366000000000000 ,198605,197405,20,4,3,工作日,非高峰,2015-03-27,2015年3月27日,阵雨 /阵雨,18℃ / 13℃,南风 ≤3级 /南风 ≤3级,阵雨,阵雨,18,13,南风,≤3级,南风,≤3级,night
2015-04-07 00:00:00,金竹镇,3、倒车的,负全部责任,不负责任,1,贵AB868F,白色,1,贵GP3379,白色,凯信驾校,鑫鑫驾校,2014/8/26 0:00,2011/11/1 0:00,五菱牌,蒙迪欧牌,366274000000000000 ,36636851874764577X,197211,197303,0,1,4,工作日,非高峰,2015-04-07,2015年4月7日,小雨 /小雨,9℃ / 5℃,东北风 ≤3级 /东北风 ≤3级,小雨,小雨,9,5,东北风,≤3级,东北风,≤3级,night
2015-05-30 16:00:00,碧桂园,7、未按规定让行的 ,负全部责任,不负责任,1,贵AG5260,白色,1,贵A3BL56,白色,凯信驾校（花溪区）,铁二局驾校,2015/3/5 0:00,2014/8/14 0:00,豪进牌,别克牌,05556551914646547X,364547000000000000 ,198902,197107,16,5,5,工作日,非高峰,2015-05-30,2015年5月30日,阵雨 /阵雨,23℃ / 17℃,东北风 ≤3级 /东风 ≤3级,阵雨,阵雨,23,17,东北风,≤3级,东风,≤3级,day
2015-02-15 10:28:00,沙冲路大理石路,8、依法应负全责的其他情形,负全部责任,不负责任,1,贵GGB137,黑色,1,贵A8W147,白色,凯信驾校,市交校,2014/8/26 0:00,1999/5/27 0:00,三菱牌,中华牌,364556000000000000 ,364548000000000000 ,196703,197502,10,6,2,周末,非高峰,2015-02-15,2015年2月15日,多云 /阴,19℃ / 8℃,南风 ≤3级 /东北风 ≤3级,多云,阴,19,8,南风,≤3级,东北风,≤3级,day
2015-05-13 07:50:00,世纪园,7、未按规定让行的 ,负全部责任,不负责任,0,贵AAD411,白,1,贵AJD711,红,（云岩区）省交通职业技术驾驶培训学校,自培,2004/12/3 0:00,1997/10/9 0:00,东风标致牌,现代,364547000000000000 ,366546000000000000 ,197009,197010,7,2,5,工作日,早高峰(7-9点),2015-05-13,2015年5月13日,多云 /阵雨,26℃ / 19℃,东南风 ≤3级 /东南风 ≤3级,多云,阵雨,26,19,东南风,≤3级,东南风,≤3级,day
2015-03-02 19:30:00,三桥,7、未按规定让行的 ,负全部责任,不负责任,1,贵A25242,白,1,贵A8167T,银,无,-1,2005/2/1 0:00,-1,时风,大众汽车牌,366570000000000000 ,35726800000000000 ,197802,168020,19,0,3,工作日,晚高峰(17-19点),2015-03-02,2015年3月2日,阴 /小雨,9℃ / 2℃,东北风 ≤3级 /东北风 ≤3级,阴,小雨,9,2,东北风,≤3级,东北风,≤3级,day
2015-05-20 18:30:00,海马冲小区,7、未按规定让行的 ,负全部责任,不负责任,1,贵CQK700,黑,1,贵ADY076,红,习水县汽车驾驶培训学校,自培,2010/12/1 0:00,2006/6/7 0:00,-1,-1,366577000000000000 ,36454651834754797X,198304,197503,18,2,5,工作日,晚高峰(17-19点),2015-05-20,2015年5月20日,阴 /阵雨,23℃ / 17℃,东北风 ≤3级 /东北风 ≤3级,阴,阵雨,23,17,东北风,≤3级,东北风,≤3级,day
2015-04-25 11:50:00,新添大道,7、未按规定让行的 ,负全部责任,不负责任,1,贵ATJ884,红,1,贵A55C36,黑,凯信驾校（花溪区）,自培,2015/3/5 0:00,2005/8/3 0:00,北京现代牌,力帆牌,724548000000000000 ,36636651954356365X,196601,198105,11,5,4,工作日,非高峰,2015-04-25,2015年4月25日,阴 /阵雨,20℃ / 11℃,东风 ≤3级 /东南风 ≤3级,阴,阵雨,20,11,东风,≤3级,东南风,≤3级,day
2015-02-08 14:30:00,北京路,1、追尾的,负全部责任,不负责任,1,贵GV1705,银,1,贵ACT002,黑,凯信驾校,自培,2015/1/5 0:00,2002/12/13 0:00,东风牌,长安牌,366369000000000000 ,366364000000000000 ,198307,196704,14,6,2,周末,非高峰,2015-02-08,2015年2月8日,阴 /阴,7℃ / 3℃,东北风 ≤3级 /南风 ≤3级,阴,阴,7,3,东北风,≤3级,南风,≤3级,day
2015-03-12 11:30:00,绿苑小区,1、追尾的,负全部责任,不负责任,1,贵EW2853,白色,1,贵ACW447,白色,（云岩区）省交通职业技术驾驶培训学校,-1,2004/12/3 0:00,-1,大众牌,波罗牌,364547000000000000 ,366562000000000000 ,197004,199008,11,3,3,工作日,非高峰,2015-03-12,2015年3月12日,多云 /多云,16℃ / 10℃,南风 ≤3级 /南风 ≤3级,多云,多云,16,10,南风,≤3级,南风,≤3级,day
2015-03-20 11:30:00,粑粑街,7、未按规定让行的 ,负全部责任,不负责任,0,贵GY5881,红,1,贵A041B5,白,（云岩区）省交通职业技术驾驶培训学校,-1,2005/6/6 0:00,-1,炫威牌,解放牌,366346000000000000 ,356168000000000000 ,198306,196208,11,4,3,工作日,非高峰,2015-03-20,2015年3月20日,阴 /阵雨,14℃ / 10℃,东北风 ≤3级 /东北风 ≤3级,阴,阵雨,14,10,东北风,≤3级,东北风,≤3级,day
2015-05-19 07:00:00,金顶山,3、倒车的,负全部责任,不负责任,1,贵AET512,白色,1,贵A79449,白色,（云岩区）省交通职业技术驾驶培训学校,人武驾校,2005/8/30 0:00,2014/6/20 0:00,奥迪牌,捷达牌,364547000000000000 ,230570000000000000 ,198607,199210,7,1,5,工作日,早高峰(7-9点),2015-05-19,2015年5月19日,阵雨 /大雨,25℃ / 18℃,东北风 ≤3级 /南风 ≤3级,阵雨,大雨,25,18,东北风,≤3级,南风,≤3级,day
2015-03-28 11:30:00,金清大道,4、停车时未挂低速档、未拉驻车制动，导致车辆滑行的,负全部责任,不负责任,1,贵A9921K,银,1,贵A6EB35,白,省交校,绵阳市游仙富乐汽车驾校,2013/7/23 0:00,2007/11/8 0:00,昌河牌,东风日产牌,36676351955457412X,355468000000000000 ,198110,198208,11,5,3,工作日,非高峰,2015-03-28,2015年3月28日,阵雨 /雷阵雨,17℃ / 14℃,南风 ≤3级 /南风 ≤3级,阵雨,雷阵雨,17,14,南风,≤3级,南风,≤3级,day
2015-04-13 07:50:00,三桥,1、追尾的,负全部责任,不负责任,1,贵A11W17,黑,1,贵ALZ766,银,省交校,-1,2014/4/8 0:00,-1,福克斯牌,夏利牌,364557000000000000 ,366067000000000000 ,197608,197501,7,0,4,工作日,早高峰(7-9点),2015-04-13,2015年4月13日,晴 /多云,23℃ / 8℃,东北风 ≤3级 /东北风 ≤3级,晴,多云,23,8,东北风,≤3级,东北风,≤3级,day
2015-05-05 11:44:00,龙泉苑街,9、不符合前8款规定或者双方同时具有上述情形的,负全部责任,不负责任,1,贵ABF69,红,0,贵A85C37,蓝,（云岩区）省交通职业技术驾驶培训学校,自培,2006/9/28 0:00,2002/7/19 0:00,-1,吉利美日牌,366070000000000000 ,364548000000000000 ,198111,196410,11,1,5,工作日,非高峰,2015-05-05,2015年5月5日,阵雨 /阵雨,21℃ / 15℃,南风 ≤3级 /南风 ≤3级,阵雨,阵雨,21,15,南风,≤3级,南风,≤3级,day
2015-03-12 09:15:00,宝山南路,3、倒车的,负全部责任,不负责任,1,贵A28F43,白色,1,贵A54F41,白色,（云岩区）省交通职业技术驾驶培训学校,自培,2007/2/13 0:00,2002/5/14 0:00,别克牌,红旗牌,74746500000000000 ,364547000000000000 ,198203,196306,9,3,3,工作日,早高峰(7-9点),2015-03-12,2015年3月12日,多云 /多云,16℃ / 10℃,南风 ≤3级 /南风 ≤3级,多云,多云,16,10,南风,≤3级,南风,≤3级,day
2015-03-28 10:00:00,沙冲路,7、未按规定让行的 ,负全部责任,不负责任,1,贵ACL529,黑,1,琼E58397,黑,（云岩区）省交通职业技术驾驶培训学校,-1,2008/11/12 0:00,-1,斯柯达牌,奔驰,366364000000000000 ,366666000000000000 ,196807,196209,10,5,3,工作日,非高峰,2015-03-28,2015年3月28日,阵雨 /雷阵雨,17℃ / 14℃,南风 ≤3级 /南风 ≤3级,阵雨,雷阵雨,17,14,南风,≤3级,南风,≤3级,day