accidenttime,accidentaddr,driver1fault,driver1responsibility,driver2responsibility,sex1,platenumber1,carcolor1,sex2,platenumber2,carcolor2,jxmc1,jxmc2,cclzrq1,cclzrq2,clpp1,clpp2,driver1license,driver2license,brith1,brith2,hour,weekday,month,is_weekday,peak_hour,date,日期,天气状况,气温,风力风向,day_wea,night_wea,day_tep,night_tep,day_wind_direction,day_wind_speed,night_wind_direction,night_wind_speed,segment
2015-05-09 00:00:00,孟关,3、倒车的,负全部责任,不负责任,1,临贵A7Q461,白色,1,贵CF9832,白色,省交校,余庆金阳驾校,2011/5/10 0:00,-1,-1,-1,366663000000000000 ,366562000000000000 ,199002,197602,0,5,5,工作日,非高峰,2015-05-09,2015年5月9日,阵雨 /阵雨,23℃ / 16℃,东北风 ≤3级 /东南风 ≤3级,阵雨,阵雨,23,16,东北风,≤3级,东南风,≤3级,night
2015-04-18 10:00:00,花果园,7、未按规定让行的 ,负全部责任,不负责任,1,贵A4AU51,蓝,1,贵AU0840,蓝,（云岩区）省交通职业技术驾驶培训学校,自培,2006/3/16 0:00,2001/4/6 0:00,力帆牌,宗申牌,364548000000000000 ,364547000000000000 ,196401,197408,10,5,4,工作日,非高峰,2015-04-18,2015年4月18日,多云 /雷阵雨,29℃ / 16℃,南风 ≤3级 /南风 ≤3级,多云,雷阵雨,29,16,南风,≤3级,南风,≤3级,day
2015-03-19 09:00:00,花果园,3、倒车的,负全部责任,不负责任,1,贵GV2304,白色,1,贵A2AN56,白色,（云岩区）省交通职业技术驾驶培训学校,高新驾校,2006/12/28 0:00,2011/10/31 0:00,钱江牌,雪佛兰牌,364548000000000000 ,364548000000000000 ,198003,197605,9,3,3,工作日,早高峰(7-9点),2015-03-19,2015年3月19日,多云 /阵雨,26℃ / 12℃,南风 ≤3级 /东北风 ≤3级,多云,阵雨,26,12,南风,≤3级,东北风,≤3级,day
2015-04-29 21:00:00,文昌路,7、未按规定让行的 ,负全部责任,不负责任,1,贵ASA568,白色,1,贵A38K28,白色,省交校,青正驾校,2011/2/24 0:00,2013/10/23 0:00,别克牌,雪佛兰牌,254277000000000000 ,364547000000000000 ,197311,198607,21,2,4,工作日,非高峰,2015-04-29,2015年4月29日,阵雨 /阵雨,26℃ / 16℃,东北风 ≤3级 /东南风 ≤3级,阵雨,阵雨,26,16,东北风,≤3级,东南风,≤3级,night
2015-05-18 01:40:00,云峰大道,7、未按规定让行的 ,负全部责任,不负责任,0,贵AFL318,红,1,贵A3AW58,黑,（云岩区）省交通职业技术驾驶培训学校,鑫鑫驾校,2005/7/4 0:00,2012/6/18 0:00,宝骏牌,福特牌,366364000000000000 ,364558000000000000 ,197008,199107,1,0,5,工作日,非高峰,2015-05-18,2015年5月18日,多云 /多云,25℃ / 18℃,东北风 ≤3级 /东北风 ≤3级,多云,多云,25,18,东北风,≤3级,东北风,≤3级,night
2015-05-07 11:50:00,人才市场,3、倒车的,负全部责任,不负责任,1,贵ATV415,红,1,贵FR1294,蓝,习水县汽车驾驶培训学校,-1,2012/3/26 0:00,-1,夏利牌,-1,364567000000000000 ,366063000000000000 ,198704,199009,11,3,5,工作日,非高峰,2015-05-07,2015年5月7日,阵雨 /雷阵雨,23℃ / 17℃,东南风 ≤3级 /东南风 ≤3级,阵雨,雷阵雨,23,17,东南风,≤3级,东南风,≤3级,day
2015-03-13 17:00:00,阳关,1、追尾的,负全部责任,不负责任,1,贵A8F130,黑,1,贵A12S95,黑,（云岩区）省交通职业技术驾驶培训学校,自培,2015/2/6 0:00,2001/3/9 0:00,比亚迪牌,思威牌,366262000000000000 ,364548000000000000 ,198509,197606,17,4,3,工作日,晚高峰(17-19点),2015-03-13,2015年3月13日,多云 /阵雨,17℃ / 12℃,南风 ≤3级 /南风 ≤3级,多云,阵雨,17,12,南风,≤3级,南风,≤3级,day
2015-03-13 17:00:00,阳关,8、依法应负全责的其他情形,负全部责任,不负责任,1,贵A8F130,黑,1,贵A64G89,白,（云岩区）省交通职业技术驾驶培训学校,-1,2015/2/6 0:00,-1,比亚迪牌,福克斯牌,366262000000000000 ,355770000000000000 ,198509,198505,17,4,3,工作日,晚高峰(17-19点),2015-03-13,2015年3月13日,多云 /阵雨,17℃ / 12℃,南风 ≤3级 /南风 ≤3级,多云,阵雨,17,12,南风,≤3级,南风,≤3级,day
2015-03-06 13:30:00,金阳医院,1、追尾的,负全部责任,不负责任,1,贵A8BX86,白,1,贵AB631Y,蓝,省交校,诚信驾驶培训学校,2014/12/19 0:00,2012/1/18 0:00,马自达牌,力帆牌,364558000000000000 ,364557000000000000 ,198805,199009,13,4,3,工作日,非高峰,2015-03-06,2015年3月6日,小雨 /小雨,5℃ / 3℃,东北风 ≤3级 /东北风 ≤3级,小雨,小雨,5,3,东北风,≤3级,东北风,≤3级,day
2015-05-26 00:00:00,朱昌镇,9、不符合前8款规定或者双方同时具有上述情形的,负全部责任,不负责任,1,贵A6863X,白,1,贵A54H35,银,省交校,520115,2012/12/7 0:00,2009/11/23 0:00,雪佛兰牌,豪情牌,364557000000000000 ,364547000000000000 ,198605,198306,0,1,5,工作日,非高峰,2015-05-26,2015年5月26日,阵雨 /雷阵雨,26℃ / 20℃,东南风 ≤3级 /东北风 ≤3级,阵雨,雷阵雨,26,20,东南风,≤3级,东北风,≤3级,night
2015-04-18 15:16:00,湘雅村,7、未按规定让行的 ,负全部责任,不负责任,1,贵A74922,蓝,0,贵A13G47,红,省交校,贵龙驾校（修文县）,2012/7/11 0:00,2015/3/12 0:00,山地,东风雪铁龙牌,364547000000000000 ,364568000000000000 ,198902,199012,15,5,4,工作日,非高峰,2015-04-18,2015年4月18日,多云 /雷阵雨,29℃ / 16℃,南风 ≤3级 /南风 ≤3级,多云,雷阵雨,29,16,南风,≤3级,南风,≤3级,day
2015-02-09 08:10:00,西二环,1、追尾的,负全部责任,不负责任,1,贵A5AT38,蓝,1,贵AHQ375,黑,省交校,消防驾校,2011/8/17 0:00,2014/12/3 0:00,大众汽车牌,沃尔沃牌,364547000000000000 ,366061000000000000 ,199005,198810,8,0,2,工作日,早高峰(7-9点),2015-02-09,2015年2月9日,阴 /小雨,6℃ / 4℃,东北风 ≤3级 /东北风 ≤3级,阴,小雨,6,4,东北风,≤3级,东北风,≤3级,day
2015-03-23 16:50:00,小河平桥,8、依法应负全责的其他情形,负全部责任,不负责任,1,贵A7936B,白色,1,川626834,白色,省交校,-1,2012/1/18 0:00,-1,红旗,-1,366875000000000000 ,357167000000000000 ,198707,198410,16,0,3,工作日,非高峰,2015-03-23,2015年3月23日,多云 /阴,17℃ / 9℃,东北风 ≤3级 /东北风 ≤3级,多云,阴,17,9,东北风,≤3级,东北风,≤3级,day
2015-02-09 08:10:00,西二环杨家山隧道内,1、追尾的,负全部责任,不负责任,0,贵A5AT38,黑色,1,贵AHQ375,黑色,省交校,消防驾校,2011/8/17 0:00,2014/12/3 0:00,大众汽车牌,沃尔沃牌,364547000000000000 ,366061000000000000 ,199005,198810,8,0,2,工作日,早高峰(7-9点),2015-02-09,2015年2月9日,阴 /小雨,6℃ / 4℃,东北风 ≤3级 /东北风 ≤3级,阴,小雨,6,4,东北风,≤3级,东北风,≤3级,day
2015-04-18 00:00:00,花果园,7、未按规定让行的 ,负全部责任,不负责任,1,贵CEE264,白,1,贵A8379F,银,省交校,-1,2013/11/20 0:00,-1,梅赛德斯-奔驰,北京现代牌,366561000000000000 ,357475000000000000 ,198505,196712,0,5,4,工作日,非高峰,2015-04-18,2015年4月18日,多云 /雷阵雨,29℃ / 16℃,南风 ≤3级 /南风 ≤3级,多云,雷阵雨,29,16,南风,≤3级,南风,≤3级,night
2015-05-21 09:00:00,花果园,8、依法应负全责的其他情形,负全部责任,不负责任,1,贵A7BN96,黄,0,贵AU4177,绿,省交校,自培,2011/12/9 0:00,1992/9/13 0:00,波罗牌,捷达牌,364548000000000000 ,364548000000000000 ,197103,195611,9,3,5,工作日,早高峰(7-9点),2015-05-21,2015年5月21日,阴 /阵雨,24℃ / 16℃,东风 ≤3级 /东风 ≤3级,阴,阵雨,24,16,东风,≤3级,东风,≤3级,day
2015-03-12 20:30:00,金朱东路,1、追尾的,负全部责任,不负责任,1,贵AA7411,白,1,贵APZ019,银,贵州贵龙驾校,自培,2014/10/22 0:00,2003/7/31 0:00,豪泺牌,长安牌,364558000000000000 ,354663000000000000 ,196411,197502,20,3,3,工作日,非高峰,2015-03-12,2015年3月12日,多云 /多云,16℃ / 10℃,南风 ≤3级 /南风 ≤3级,多云,多云,16,10,南风,≤3级,南风,≤3级,night
2015-03-19 12:30:00,花溪大桥,1、追尾的,负全部责任,不负责任,1,贵GP6898,白色,1,贵JBX469,白色,贵州天河驾校,（经开区）十一驾驶培训有限公司,2014/3/12 0:00,2007/11/30 0:00,广汽菲亚特牌,豪爵牌,36455551135440605X,366361000000000000 ,199510,198302,12,3,3,工作日,非高峰,2015-03-19,2015年3月19日,多云 /阵雨,26℃ / 12℃,南风 ≤3级 /东北风 ≤3级,多云,阵雨,26,12,南风,≤3级,东北风,≤3级,day
2015-03-27 21:00:00,长江路,9、不符合前8款规定或者双方同时具有上述情形的,负同等责任,负同等责任,1,贵A43K95,白色,1,贵AUU835,白色,贵州天河驾校,-1,2015/1/23 0:00,-1,长城牌,-1,366661000000000000 ,364547000000000000 ,198212,199506,21,4,3,工作日,非高峰,2015-03-27,2015年3月27日,阵雨 /阵雨,18℃ / 13℃,南风 ≤3级 /南风 ≤3级,阵雨,阵雨,18,13,南风,≤3级,南风,≤3级,night
2015-03-12 17:30:00,油榨街,3、倒车的,负全部责任,不负责任,1,贵GX6396,白色,1,贵A19F91,白色,市交校,贵州晨运驾驶培训学校,2010/6/30 0:00,2011/10/11 0:00,三菱牌,雪佛兰牌,364558000000000000 ,364547000000000000 ,197408,197906,17,3,3,工作日,晚高峰(17-19点),2015-03-12,2015年3月12日,多云 /多云,16℃ / 10℃,南风 ≤3级 /南风 ≤3级,多云,多云,16,10,南风,≤3级,南风,≤3级,day
2015-02-12 18:40:00,甘荫塘,7、未按规定让行的 ,负全部责任,不负责任,1,贵GP9448,白色,1,贵CD6004,白色,市交校,绥阳平安驾校,2011/10/22 0:00,-1,福克斯牌,北京现代牌,364551000000000000 ,366546000000000000 ,199008,196304,18,3,2,工作日,晚高峰(17-19点),2015-02-12,2015年2月12日,多云 /多云,15℃ / 5℃,南风 ≤3级 /南风 ≤3级,多云,多云,15,5,南风,≤3级,南风,≤3级,day
2015-04-18 17:35:00,孟关立交,1、追尾的,负全部责任,不负责任,1,贵ATA911,白色,1,苏GKH259,白色,市交校,-1,2011/6/27 0:00,-1,东风雪铁龙牌,翼虎牌,36455051964774405X,366566000000000000 ,198203,198303,17,5,4,工作日,晚高峰(17-19点),2015-04-18,2015年4月18日,多云 /雷阵雨,29℃ / 16℃,南风 ≤3级 /南风 ≤3级,多云,雷阵雨,29,16,南风,≤3级,南风,≤3级,day
2015-05-17 18:30:00,世纪金源购物中心,7、未按规定让行的 ,负全部责任,不负责任,1,贵A7BH34,蓝,1,贵GP5442,黑,（南明区）市交通职业技术驾驶培训学校,520125,2010/3/17 0:00,2009/6/22 0:00,科雷傲,-1,364547000000000000 ,354868000000000000 ,198306,197811,18,6,5,周末,晚高峰(17-19点),2015-05-17,2015年5月17日,阵雨 /雷阵雨,25℃ / 17℃,东北风 ≤3级 /南风 ≤3级,阵雨,雷阵雨,25,17,东北风,≤3级,南风,≤3级,day
2015-03-22 18:30:00,建设南路, ,负全部责任,不负责任,1,贵A78316,红,1,贵AAH418,银,贵州贵龙驾校,自培,2014/11/17 0:00,2002/6/27 0:00,川路,豪爵牌,366361000000000000 ,364558000000000000 ,197005,197105,18,6,3,周末,晚高峰(17-19点),2015-03-22,2015年3月22日,阵雨 /阵雨,19℃ / 10℃,东南风 ≤3级 /东风 ≤3级,阵雨,阵雨,19,10,东南风,≤3级,东风,≤3级,day
2015-03-19 17:28:00,观山湖区,1、追尾的,负全部责任,不负责任,1,贵A58L89,白,1,赣L9D259,白,市交校,-1,2012/8/25 0:00,-1,中华牌,海马牌,357475000000000000 ,354564000000000000 ,198904,195811,17,3,3,工作日,晚高峰(17-19点),2015-03-19,2015年3月19日,多云 /阵雨,26℃ / 12℃,南风 ≤3级 /东北风 ≤3级,多云,阵雨,26,12,南风,≤3级,东北风,≤3级,day
2015-04-10 13:30:00,嘉润路,7、未按规定让行的 ,负全部责任,不负责任,1,贵AF8865,白色,1,贵A27M29,白色,（南明区）市交通职业技术驾驶培训学校,-1,2005/6/8 0:00,-1,钱江牌,大众汽车牌,76060500000000000 ,364548000000000000 ,197209,198910,13,4,4,工作日,非高峰,2015-04-10,2015年4月10日,小雨 /小雨,12℃ / 8℃,东北风 ≤3级 /东北风 ≤3级,小雨,小雨,12,8,东北风,≤3级,东北风,≤3级,day
2015-04-12 13:00:00,中坝隧道,7、未按规定让行的 ,负全部责任,不负责任,1,贵GP1328,绿,1,贵HBE138,白,市交校,520102,2012/3/14 0:00,2009/11/20 0:00,翼虎牌,大众汽车牌,364557000000000000 ,364547000000000000 ,197105,199105,13,6,4,周末,非高峰,2015-04-12,2015年4月12日,晴 /多云,21℃ / 7℃,东风 ≤3级 /东风 ≤3级,晴,多云,21,7,东风,≤3级,东风,≤3级,day
2015-03-12 06:20:00,中天大厦,7、未按规定让行的 ,负全部责任,不负责任,1,贵A24431,黑,1,贵A7052F,白,市交校,黔丰驾校,2012/8/14 0:00,2014/4/18 0:00,隆鑫,东风日产牌,364547000000000000 ,364556000000000000 ,199107,199011,6,3,3,工作日,非高峰,2015-03-12,2015年3月12日,多云 /多云,16℃ / 10℃,南风 ≤3级 /南风 ≤3级,多云,多云,16,10,南风,≤3级,南风,≤3级,day
2015-04-16 17:30:00,沙冲北路铁桥,7、未按规定让行的 ,负全部责任,不负责任,1,贵A26G78,白色,1,贵AU0723,白色,市交校,消防驾校,2013/1/4 0:00,2004/10/19 0:00,X3,万达牌,364547000000000000 ,364551000000000000 ,198207,198404,17,3,4,工作日,晚高峰(17-19点),2015-04-16,2015年4月16日,多云 /多云,29℃ / 17℃,南风 ≤3级 /南风 ≤3级,多云,多云,29,17,南风,≤3级,南风,≤3级,day
2015-03-30 10:40:00,长江路,1、追尾的,负全部责任,不负责任,1,贵A37J62,红,1,贵AB958G,黄,市交校,-1,2012/11/11 0:00,-1,长城牌,吉利全球鹰牌,364547000000000000 ,366675000000000000 ,197512,196906,10,0,3,工作日,非高峰,2015-03-30,2015年3月30日,晴 /多云,24℃ / 17℃,南风 ≤3级 /南风 ≤3级,晴,多云,24,17,南风,≤3级,南风,≤3级,day
2015-03-30 11:00:00,油榨街,1、追尾的,负全部责任,不负责任,1,贵ARC087,白色,1,贵ABK298,白色,（南明区）市交通职业技术驾驶培训学校,自培,2010/6/10 0:00,2004/4/30 0:00,长安牌,明锐牌,364648000000000000 ,364547000000000000 ,198704,196811,11,0,3,工作日,非高峰,2015-03-30,2015年3月30日,晴 /多云,24℃ / 17℃,南风 ≤3级 /南风 ≤3级,晴,多云,24,17,南风,≤3级,南风,≤3级,day
2015-05-28 11:00:00,枣山路,7、未按规定让行的 ,负全部责任,不负责任,0,贵A9BK29,白,1,贵A14M65,白,市交校,自培,2014/9/17 0:00,2006/7/27 0:00,东风雪铁龙牌,福克斯牌,364547000000000000 ,364548000000000000 ,198702,197810,11,3,5,工作日,非高峰,2015-05-28,2015年5月28日,多云 /雷阵雨,29℃ / 19℃,南风 ≤3级 /东南风 ≤3级,多云,雷阵雨,29,19,南风,≤3级,东南风,≤3级,day
2015-03-08 17:00:00,小河,7、未按规定让行的 ,负全部责任,不负责任,1,贵JDV584,白色,1,川BV889,白色,（南明区）市交通职业技术驾驶培训学校,顺一驾驶培训学校,2015/2/17 0:00,2012/9/7 0:00,马自达牌,\N,65495500000000000 ,357466000000000000 ,197410,198402,17,6,3,周末,晚高峰(17-19点),2015-03-08,2015年3月8日,小雨 /阴,11℃ / 6℃,东北风 ≤3级 /东北风 ≤3级,小雨,阴,11,6,东北风,≤3级,东北风,≤3级,day
2015-03-21 17:30:00,西二环,1、追尾的,负全部责任,不负责任,1,贵AHZ650,白色,1,贵ANS128,白色,市交校,520129,2011/3/31 0:00,2009/5/14 0:00,北京现代牌,丰田牌,364547000000000000 ,355468000000000000 ,198403,197409,17,5,3,工作日,晚高峰(17-19点),2015-03-21,2015年3月21日,阴 /阴,16℃ / 11℃,东北风 ≤3级 /东南风 ≤3级,阴,阴,16,11,东北风,≤3级,东南风,≤3级,day
2015-05-09 17:00:00,文昌第居,7、未按规定让行的 ,负全部责任,不负责任,1,贵A6BV07,蓝,1,贵AAZ221,红,市交校,-1,2012/12/11 0:00,-1,雪佛兰牌,福克斯牌,364548000000000000 ,36454651275666565X,199205,196312,17,5,5,工作日,晚高峰(17-19点),2015-05-09,2015年5月9日,阵雨 /阵雨,23℃ / 16℃,东北风 ≤3级 /东南风 ≤3级,阵雨,阵雨,23,16,东北风,≤3级,东南风,≤3级,day
2015-04-27 10:30:00,浦江路,7、未按规定让行的 ,负全部责任,不负责任,1,贵A89V91,白色,1,贵AU9966,白色,市交校,520129,2011/3/31 0:00,2008/10/27 0:00,荣威牌,喜马牌,366864000000000000 ,364551000000000000 ,198803,198706,10,0,4,工作日,非高峰,2015-04-27,2015年4月27日,阴 /雷阵雨,21℃ / 14℃,东南风 ≤3级 /东北风 ≤3级,阴,雷阵雨,21,14,东南风,≤3级,东北风,≤3级,day
2015-03-11 09:18:00,观山湖,1、追尾的,负全部责任,不负责任,1,贵AKM482,白,1,贵CMH008,黑,市交校,-1,2012/1/29 0:00,-1,大众汽车牌,雪佛兰牌,366546000000000000 ,36657651884969825X,197908,197708,9,2,3,工作日,早高峰(7-9点),2015-03-11,2015年3月11日,阴 /小雨,8℃ / 4℃,东北风 ≤3级 /东北风 ≤3级,阴,小雨,8,4,东北风,≤3级,东北风,≤3级,day
2015-05-16 13:00:00,花溪平桥,3、倒车的,负全部责任,不负责任,1,贵AKB329,白色,1,贵A83P13,白色,市交校,自培,2013/6/21 0:00,2001/11/21 0:00,思威牌,奥迪牌,364547000000000000 ,364556000000000000 ,198808,197809,13,5,5,工作日,非高峰,2015-05-16,2015年5月16日,阴 /雷阵雨,23℃ / 17℃,东北风 ≤3级 /东风 ≤3级,阴,雷阵雨,23,17,东北风,≤3级,东风,≤3级,day
2015-04-12 11:40:00,五里冲,1、追尾的,负全部责任,不负责任,1,贵A474C7,白色,1,贵AB7883,白色,市交校,自培,2014/10/13 0:00,2001/6/22 0:00,东风牌,神龙-富康,364566000000000000 ,366361000000000000 ,199111,197404,11,6,4,周末,非高峰,2015-04-12,2015年4月12日,晴 /多云,21℃ / 7℃,东风 ≤3级 /东风 ≤3级,晴,多云,21,7,东风,≤3级,东风,≤3级,day
2015-04-04 23:30:00,小河,7、未按规定让行的 ,负全部责任,不负责任,1,贵A5086Y,白色,1,贵A07892,白色,市交校,自培,2011/8/15 0:00,2004/11/18 0:00,长安牌,东风牌,36455051974074447X,364547000000000000 ,198304,196904,23,5,4,工作日,非高峰,2015-04-04,2015年4月4日,多云 /多云,29℃ / 18℃,南风 ≤3级 /南风 ≤3级,多云,多云,29,18,南风,≤3级,南风,≤3级,night
2015-04-29 08:44:00,长江路,1、追尾的,负全部责任,不负责任,1,贵A6399Y,白色,1,贵GT3231,白色,贵大佳德驾驶培训学校,顺一驾驶培训学校,2010/10/22 0:00,2012/5/8 0:00,东风日产牌,长安牌,364558000000000000 ,366363000000000000 ,198804,197110,8,2,4,工作日,早高峰(7-9点),2015-04-29,2015年4月29日,阵雨 /阵雨,26℃ / 16℃,东北风 ≤3级 /东南风 ≤3级,阵雨,阵雨,26,16,东北风,≤3级,东南风,≤3级,day
2015-02-10 09:12:00,白云区,7、未按规定让行的 ,负全部责任,不负责任,1,贵A198B6,黑,1,贵AGD3454,蓝,贵大佳德驾驶培训学校,时发驾校,2011/11/21 0:00,2012/4/25 0:00,解放牌,-1,36456651984950445X,364596000000000000 ,198708,198809,9,1,2,工作日,早高峰(7-9点),2015-02-10,2015年2月10日,小雨 /小雨,6℃ / 3℃,东北风 ≤3级 /东风 ≤3级,小雨,小雨,6,3,东北风,≤3级,东风,≤3级,day
2015-05-26 20:00:00,南惠立交,2、逆行的,负全部责任,不负责任,1,贵A6EB74,白色,1,贵C7S116,白色,贵大佳德驾驶培训学校,鑫鑫驾校,2015/1/30 0:00,2014/3/5 0:00,锋范牌,-1,36656951174741846X,355367000000000000 ,199303,198909,20,1,5,工作日,非高峰,2015-05-26,2015年5月26日,阵雨 /雷阵雨,26℃ / 20℃,东南风 ≤3级 /东北风 ≤3级,阵雨,雷阵雨,26,20,东南风,≤3级,东北风,≤3级,night
2015-04-23 11:38:00,金阳,7、未按规定让行的 ,负全部责任,不负责任,1,贵A39/R28,银,1,贵JA1911,蓝,贵大佳德驾驶培训学校,-1,2013/2/2 0:00,-1,-1,雪佛兰牌,364596000000000000 ,366864000000000000 ,199207,197001,11,3,4,工作日,非高峰,2015-04-23,2015年4月23日,阴 /小雨,16℃ / 10℃,东北风 ≤3级 /东北风 ≤3级,阴,小雨,16,10,东北风,≤3级,东北风,≤3级,day
2015-05-22 08:00:00,新世界小区,7、未按规定让行的 ,负全部责任,不负责任,1,贵A9739U,黑,1,贵AU9704,绿,贵大佳德驾驶培训学校,自培,2012/12/27 0:00,2000/7/26 0:00,荣威牌,湘江牌,364558000000000000 ,364547000000000000 ,197104,198111,8,4,5,工作日,早高峰(7-9点),2015-05-22,2015年5月22日,阵雨 /阵雨,19℃ / 14℃,东风 ≤3级 /东风 ≤3级,阵雨,阵雨,19,14,东风,≤3级,东风,≤3级,day
2015-05-28 13:00:00,花溪大道,1、追尾的,负全部责任,不负责任,1,贵AE461G,白色,1,贵AU8857,白色,贵大佳德驾驶培训学校,-1,2014/6/9 0:00,-1,依维柯牌,海陵牌,366768000000000000 ,364545000000 ,198909,336087,13,3,5,工作日,非高峰,2015-05-28,2015年5月28日,多云 /雷阵雨,29℃ / 19℃,南风 ≤3级 /东南风 ≤3级,多云,雷阵雨,29,19,南风,≤3级,东南风,≤3级,day
2015-03-27 12:30:00,百余去,7、未按规定让行的 ,负全部责任,不负责任,1,贵A89608,白,1,贵GY1728,红,（白云区）消防驾驶培训学校,智杰驾校,2007/11/23 0:00,2015/1/7 0:00,三一牌,宝马,364596000000000000 ,36657551955548496X,198601,198111,12,4,3,工作日,非高峰,2015-03-27,2015年3月27日,阵雨 /阵雨,18℃ / 13℃,南风 ≤3级 /南风 ≤3级,阵雨,阵雨,18,13,南风,≤3级,南风,≤3级,day
2015-04-29 10:30:00,延安东路,7、未按规定让行的 ,负全部责任,不负责任,1,贵AU8661,白色,1,贵AU6986,白色,（白云区）消防驾驶培训学校,520116,2009/3/5 0:00,1989/4/20 0:00,嘉隆牌,雅奇牌,36606051914557545X,366368000000000000 ,198901,196804,10,2,4,工作日,非高峰,2015-04-29,2015年4月29日,阵雨 /阵雨,26℃ / 16℃,东北风 ≤3级 /东南风 ≤3级,阵雨,阵雨,26,16,东北风,≤3级,东南风,≤3级,day
2015-02-12 10:50:00,金阳一中,9、不符合前8款规定或者双方同时具有上述情形的,负同等责任,负同等责任,1,贵DAQ518,灰,1,贵A17A91,蓝,（白云区）消防驾驶培训学校,预约考试窗口,2009/3/18 0:00,2007/7/2 0:00,北京现代牌,宝马,366664000000000000 ,354367000000000000 ,198810,196804,10,3,2,工作日,非高峰,2015-02-12,2015年2月12日,多云 /多云,15℃ / 5℃,南风 ≤3级 /南风 ≤3级,多云,多云,15,5,南风,≤3级,南风,≤3级,day
2015-02-10 00:10:00,白云区,1、追尾的,负全部责任,不负责任,1,贵A8826J,黑,1,贵A56E65,红,贵大佳德驾驶培训学校,自培,2012/2/22 0:00,2007/5/16 0:00,鹤云牌,雪佛兰牌,366669000000000000 ,364558000000000000 ,196710,197506,0,1,2,工作日,非高峰,2015-02-10,2015年2月10日,小雨 /小雨,6℃ / 3℃,东北风 ≤3级 /东风 ≤3级,小雨,小雨,6,3,东北风,≤3级,东风,≤3级,night
2015-02-06 18:30:00,世纪城,7、未按规定让行的 ,负全部责任,不负责任,1,贵ANY998,蓝,1,贵GX6677,黑,消防驾校,-1,2010/7/16 0:00,-1,奥迪牌,别克牌,776266000000000000 ,366761000000000000 ,197301,198611,18,4,2,工作日,晚高峰(17-19点),2015-02-06,2015年2月6日,多云 /小雨,9℃ / 2℃,南风 ≤3级 /南风 ≤3级,多云,小雨,9,2,南风,≤3级,南风,≤3级,day
2015-05-01 16:17:00,大南门,8、依法应负全责的其他情形,负全部责任,不负责任,1,贵AH0183,黄,1,贵AV7462,蓝,自培,消防驾校,2006/8/21 0:00,1993/12/26 0:00,福克斯牌,嘉隆牌,364558000000000000 ,366364000000000000 ,198603,197301,16,4,5,工作日,非高峰,2015-05-01,2015年5月1日,阵雨 /多云,25℃ / 14℃,东南风 ≤3级 /东北风 ≤3级,阵雨,多云,25,14,东南风,≤3级,东北风,≤3级,day
2015-05-25 16:00:00,贵阳东站货场,7、未按规定让行的 ,负全部责任,不负责任,1,贵A359D3,白,1,贵A87220,黑,（白云区）消防驾驶培训学校,贵州省长安驾驶培训学校,2007/4/19 0:00,1998/12/18 0:00,解放牌,解放牌,366364000000000000 ,364548000000000000 ,196712,195311,16,0,5,工作日,非高峰,2015-05-25,2015年5月25日,多云 /阵雨,26℃ / 19℃,东南风 ≤3级 /东南风 ≤3级,多云,阵雨,26,19,东南风,≤3级,东南风,≤3级,day
2015-03-27 19:13:00,白云区,3、倒车的,负全部责任,不负责任,1,贵A78Y55,黑,1,贵A582*1S,黄,（白云区）消防驾驶培训学校,自培,2007/12/20 0:00,2011/9/23 0:00,长安牌,-1,364558000000000000 ,364558000000000000 ,198404,197610,19,4,3,工作日,晚高峰(17-19点),2015-03-27,2015年3月27日,阵雨 /阵雨,18℃ / 13℃,南风 ≤3级 /南风 ≤3级,阵雨,阵雨,18,13,南风,≤3级,南风,≤3级,day
2015-04-12 14:30:00,中华中路,3、倒车的,负全部责任,不负责任,1,贵ALF742,银,0,贵AEF663,白,（白云区）消防驾驶培训学校,自培,2010/2/21 0:00,2004/12/2 0:00,一汽佳星牌,东风雪铁龙牌,356164000000000000 ,366268000000000000 ,196907,198104,14,6,4,周末,非高峰,2015-04-12,2015年4月12日,晴 /多云,21℃ / 7℃,东风 ≤3级 /东风 ≤3级,晴,多云,21,7,东风,≤3级,东风,≤3级,day
2015-03-14 11:30:00,沙文镇,8、依法应负全责的其他情形,负全部责任,不负责任,1,贵A4125V,银,1,贵GV7818,银,消防驾校,-1,2011/6/20 0:00,-1,北京现代牌,起亚牌,364558000000000000 ,35436651804860775X,199001,197407,11,5,3,工作日,非高峰,2015-03-14,2015年3月14日,阴 /阴,17℃ / 12℃,南风 ≤3级 /东南风 ≤3级,阴,阴,17,12,南风,≤3级,东南风,≤3级,day
2015-04-23 08:53:00,花香村,1、追尾的,负全部责任,不负责任,1,贵JBQ384,白,1,贵AAH312,黑,消防驾校,时法驾校,2012/8/16 0:00,2006/1/25 0:00,福特牌,大众汽车牌,364548000000000000 ,706561000000000000 ,199209,197708,8,3,4,工作日,早高峰(7-9点),2015-04-23,2015年4月23日,阴 /小雨,16℃ / 10℃,东北风 ≤3级 /东北风 ≤3级,阴,小雨,16,10,东北风,≤3级,东北风,≤3级,day