accidenttime,accidentaddr,driver1fault,driver1responsibility,driver2responsibility,sex1,platenumber1,carcolor1,sex2,platenumber2,carcolor2,jxmc1,jxmc2,cclzrq1,cclzrq2,clpp1,clpp2,driver1license,driver2license,brith1,brith2,hour,weekday,month,is_weekday,peak_hour,date,日期,天气状况,气温,风力风向,day_wea,night_wea,day_tep,night_tep,day_wind_direction,day_wind_speed,night_wind_direction,night_wind_speed,segment
2015-03-08 17:50:00,白云南路,7、未按规定让行的 ,负全部责任,不负责任,1,贵A45J51,红,1,贵A4895E,黑,消防驾校,-1,2012/12/18 0:00,-1,雪佛兰牌,中华牌,364558000000000000 ,364557000000000 ,196201,641125,17,6,3,周末,晚高峰(17-19点),2015-03-08,2015年3月8日,小雨 /阴,11℃ / 6℃,东北风 ≤3级 /东北风 ≤3级,小雨,阴,11,6,东北风,≤3级,东北风,≤3级,day
2015-05-17 13:00:00,东山路,3、倒车的,负全部责任,不负责任,1,贵A2BX20,蓝,1,贵A6M016,黑,顺一驾驶培训学校,-1,2012/11/28 0:00,-1,雪佛兰牌,-1,364551000000000000 ,366846000000000000 ,199212,197806,13,6,5,周末,非高峰,2015-05-17,2015年5月17日,阵雨 /雷阵雨,25℃ / 17℃,东北风 ≤3级 /南风 ≤3级,阵雨,雷阵雨,25,17,东北风,≤3级,南风,≤3级,day
2015-04-07 11:18:00,金阳,1、追尾的,负全部责任,不负责任,1,贵A24M49,白,1,贵A744B8,白,消防驾校,-1,2013/12/25 0:00,-1,丰田牌,力帆牌,364558000000000000 ,366563000000000000 ,198801,197705,11,1,4,工作日,非高峰,2015-04-07,2015年4月7日,小雨 /小雨,9℃ / 5℃,东北风 ≤3级 /东北风 ≤3级,小雨,小雨,9,5,东北风,≤3级,东北风,≤3级,day
2015-04-16 14:20:00,白云区,3、倒车的,负全部责任,不负责任,1,贵GGA278,白,1,贵A6443P,银,消防驾校,全林驾校,2014/8/8 0:00,2011/11/18 0:00,雪佛兰牌,威志牌,366363000000000000 ,366061000000000000 ,199004,196710,14,3,4,工作日,非高峰,2015-04-16,2015年4月16日,多云 /多云,29℃ / 17℃,南风 ≤3级 /南风 ≤3级,多云,多云,29,17,南风,≤3级,南风,≤3级,day
2015-04-15 14:13:00,紫林庵,7、未按规定让行的 ,负全部责任,不负责任,1,贵FX1908,红,0,贵A58F24,银,消防驾校,市警校驾校,2013/7/12 0:00,2010/8/31 0:00,北京牌,长安牌,574270000000000000 ,356168000000000000 ,199407,198706,14,2,4,工作日,非高峰,2015-04-15,2015年4月15日,多云 /多云,24℃ / 16℃,东南风 ≤3级 /南风 ≤3级,多云,多云,24,16,东南风,≤3级,南风,≤3级,day
2015-04-15 16:13:00,紫林庵,7、未按规定让行的 ,负全部责任,不负责任,1,贵FX1908,红,0,贵A58F24,银,消防驾校,市警校驾校,2013/7/12 0:00,2010/8/31 0:00,北京牌,长安牌,574270000000000000 ,356168000000000000 ,199407,198706,16,2,4,工作日,非高峰,2015-04-15,2015年4月15日,多云 /多云,24℃ / 16℃,东南风 ≤3级 /南风 ≤3级,多云,多云,24,16,东南风,≤3级,南风,≤3级,day
2015-04-09 09:00:00,杨家山隧道,1、追尾的,负全部责任,不负责任,1,贵AG3528,银,1,贵ASH598,白,消防驾校,自培,2014/9/17 0:00,2009/4/23 0:00,东风雪铁龙牌,朗逸牌,364547000000000000 ,364558000000000000 ,199110,197610,9,3,4,工作日,早高峰(7-9点),2015-04-09,2015年4月9日,阴 /小雨,11℃ / 7℃,东北风 ≤3级 /东北风 ≤3级,阴,小雨,11,7,东北风,≤3级,东北风,≤3级,day
2015-02-25 21:20:00,观山东路,1、追尾的,负全部责任,不负责任,1,贵AU4808,蓝,1,贵AU6567,蓝,（白云区）消防驾驶培训学校,-1,2010/3/18 0:00,-1,东本牌,捷达牌,364648000000000000 ,366569000000000000 ,198709,197602,21,2,2,工作日,非高峰,2015-02-25,2015年2月25日,阴 /阵雨,15℃ / 8℃,东北风 ≤3级 /东北风 ≤3级,阴,阵雨,15,8,东北风,≤3级,东北风,≤3级,night
2015-05-22 01:30:00,碧海南路,7、未按规定让行的 ,负全部责任,不负责任,0,贵A0AS16,蓝,1,贵AL6331,蓝,消防驾校,-1,2011/4/12 0:00,-1,大众汽车牌,东本牌,366364000000000000 ,366063000000000000 ,197309,196610,1,4,5,工作日,非高峰,2015-05-22,2015年5月22日,阵雨 /阵雨,19℃ / 14℃,东风 ≤3级 /东风 ≤3级,阵雨,阵雨,19,14,东风,≤3级,东风,≤3级,night
2015-02-11 09:30:00,西二环,7、未按规定让行的 ,负全部责任,不负责任,1,贵A472F9,白色,1,贵CFV419,黑色,消防驾校,520109,2011/7/15 0:00,2007/12/17 0:00,解放牌,别克(BUICK)牌,366566000000000000 ,364557000000000000 ,198707,198511,9,2,2,工作日,早高峰(7-9点),2015-02-11,2015年2月11日,多云 /多云,11℃ / 3℃,东风 ≤3级 /东北风 ≤3级,多云,多云,11,3,东风,≤3级,东北风,≤3级,day
2015-05-01 13:20:00,花果园,7、未按规定让行的 ,负全部责任,不负责任,1,贵LBQ392,黑,1,贵A42F86,蓝,消防驾校,其它,2010/4/2 0:00,-1,-1,马自达牌,344664000000000000 ,36604551974152445X,199010,198309,13,4,5,工作日,非高峰,2015-05-01,2015年5月1日,阵雨 /多云,25℃ / 14℃,东南风 ≤3级 /东北风 ≤3级,阵雨,多云,25,14,东南风,≤3级,东北风,≤3级,day
2015-05-12 18:40:00,金阳,7、未按规定让行的 ,负全部责任,不负责任,0,贵AA658A,红,1,贵A82P97,红,消防驾校,自培,2013/12/25 0:00,2003/2/28 0:00,江淮牌,吉利美日牌,364557000000000000 ,364557000000000000 ,199212,197402,18,1,5,工作日,晚高峰(17-19点),2015-05-12,2015年5月12日,阴 /雷阵雨,24℃ / 13℃,南风 ≤3级 /南风 ≤3级,阴,雷阵雨,24,13,南风,≤3级,南风,≤3级,day
2015-03-21 14:58:00,杨家山隧道,1、追尾的,负全部责任,不负责任,1,贵A6BU10,白色,1,贵A564D2,白色,消防驾校,自培,2011/4/12 0:00,2006/11/24 0:00,-1,长安牌,364551000000000000 ,364558000000000000 ,198112,198510,14,5,3,工作日,非高峰,2015-03-21,2015年3月21日,阴 /阴,16℃ / 11℃,东北风 ≤3级 /东南风 ≤3级,阴,阴,16,11,东北风,≤3级,东南风,≤3级,day
2015-03-02 08:20:00,沙冲路,7、未按规定让行的 ,负全部责任,不负责任,1,贵A53H76,黑,1,贵A5BV78,黑,消防驾校,-1,2010/9/17 0:00,-1,奥迪牌,宝马,366862000000000000 ,706268000000000000 ,197012,198206,8,0,3,工作日,早高峰(7-9点),2015-03-02,2015年3月2日,阴 /小雨,9℃ / 2℃,东北风 ≤3级 /东北风 ≤3级,阴,小雨,9,2,东北风,≤3级,东北风,≤3级,day
2015-03-10 18:35:00,金珠西路,7、未按规定让行的 ,负全部责任,不负责任,1,川XM4493,黑,1,裕CC8183,黑,消防驾校,-1,2012/7/18 0:00,-1,大众汽车牌,-1,65466500000000000 ,56174500000000000 ,197908,197107,18,1,3,工作日,晚高峰(17-19点),2015-03-10,2015年3月10日,小雨 /小雨,8℃ / 4℃,东北风 ≤3级 /东北风 ≤3级,小雨,小雨,8,4,东北风,≤3级,东北风,≤3级,day
2015-03-15 09:10:00,北京西路,1、追尾的,负全部责任,不负责任,1,贵GT4868,银,1,贵AA551K,白,消防驾校,路路达驾校,2012/7/5 0:00,2013/4/23 0:00,长安牌,朗风牌,366347000000000000 ,366046000000000000 ,197710,199401,9,6,3,周末,早高峰(7-9点),2015-03-15,2015年3月15日,阴 /阴,18℃ / 13℃,东风 ≤3级 /南风 ≤3级,阴,阴,18,13,东风,≤3级,南风,≤3级,day
2015-04-24 15:10:00,白二环,7、未按规定让行的 ,负全部责任,不负责任,1,贵A547C5,银,1,贵FV7674,黑,消防驾校,-1,2012/12/11 0:00,-1,解放牌,东风日产牌,364558000000000000 ,364596000000000000 ,197005,199205,15,4,4,工作日,非高峰,2015-04-24,2015年4月24日,阴 /小雨,16℃ / 11℃,东风 ≤3级 /东风 ≤3级,阴,小雨,16,11,东风,≤3级,东风,≤3级,day
2015-05-29 19:07:00,金朱路,1、追尾的,负全部责任,不负责任,1,贵A0376C,红,1,贵FBM549,黑,消防驾校,贵大佳德驾驶培训学校,2012/9/18 0:00,2012/11/28 0:00,奇瑞牌,-1,35616151884749485X,366063000000000000 ,197703,199003,19,4,5,工作日,晚高峰(17-19点),2015-05-29,2015年5月29日,阵雨 /阵雨,24℃ / 17℃,东南风 ≤3级 /东北风 ≤3级,阵雨,阵雨,24,17,东南风,≤3级,东北风,≤3级,day
2015-03-08 14:00:00,改茶路,7、未按规定让行的 ,负全部责任,不负责任,0,贵A52N26,黑,1,贵AR0606,红,消防驾校,黔丰驾校（花溪区）,2013/11/12 0:00,2013/7/20 0:00,福特牌,嘉陵牌,366064000000000000 ,366067000000000000 ,197311,197312,14,6,3,周末,非高峰,2015-03-08,2015年3月8日,小雨 /阴,11℃ / 6℃,东北风 ≤3级 /东北风 ≤3级,小雨,阴,11,6,东北风,≤3级,东北风,≤3级,day
2015-05-29 10:00:00,阳关隧道,1、追尾的,负全部责任,不负责任,1,贵A5080U,蓝,1,贵A4CB07,白,消防驾校,蓬溪金鹰机动车驾训公司,2012/1/11 0:00,2005/11/30 0:00,宝马牌,长安牌,366766000000000000 ,354166000000000000 ,198211,196710,10,4,5,工作日,非高峰,2015-05-29,2015年5月29日,阵雨 /阵雨,24℃ / 17℃,东南风 ≤3级 /东北风 ≤3级,阵雨,阵雨,24,17,东南风,≤3级,东北风,≤3级,day
2015-03-02 15:20:00,轮胎厂,7、未按规定让行的 ,负全部责任,不负责任,0,贵AA361P,黄,1,贵AU6367,红,消防驾校,520116,2014/10/9 0:00,2001/9/27 0:00,别克,大运牌,366067000000000000 ,364548000000000000 ,197012,196705,15,0,3,工作日,非高峰,2015-03-02,2015年3月2日,阴 /小雨,9℃ / 2℃,东北风 ≤3级 /东北风 ≤3级,阴,小雨,9,2,东北风,≤3级,东北风,≤3级,day
2015-04-18 11:25:00,花果园,8、依法应负全责的其他情形,负全部责任,不负责任,1,贵A99889,白色,1,贵A90338,白色,消防驾校,自培,2012/6/26 0:00,2004/1/6 0:00,双狮牌,豪爵牌,364558000000000000 ,366862000000000000 ,198609,196407,11,5,4,工作日,非高峰,2015-04-18,2015年4月18日,多云 /雷阵雨,29℃ / 16℃,南风 ≤3级 /南风 ≤3级,多云,雷阵雨,29,16,南风,≤3级,南风,≤3级,day
2015-04-15 10:00:00,北京西路,7、未按规定让行的 ,负全部责任,不负责任,1,贵A909G3,银,1,贵A0AV87,黑,（乌当区）新天驾驶培训有限公司,新华驾校,2005/5/23 0:00,2013/7/15 0:00,长安牌,北京现代牌,364567000000000000 ,364596000000000000 ,198703,198907,10,2,4,工作日,非高峰,2015-04-15,2015年4月15日,多云 /多云,24℃ / 16℃,东南风 ≤3级 /南风 ≤3级,多云,多云,24,16,东南风,≤3级,南风,≤3级,day
2015-03-01 15:55:00,花二道,1、追尾的,负全部责任,不负责任,1,贵A44R23,白色,1,贵A8833X,白色,（乌当区）新天驾驶培训有限公司,贵州现代驾驶培训责任有限公司,2005/10/29 0:00,2014/2/21 0:00,思域牌,长城牌,364568000000000000 ,366064000000000000 ,198509,198703,15,6,3,周末,非高峰,2015-03-01,2015年3月1日,阴 /阴,9℃ / 3℃,东风 ≤3级 /南风 ≤3级,阴,阴,9,3,东风,≤3级,南风,≤3级,day
2015-05-08 14:35:00,北京西路,1、追尾的,负全部责任,不负责任,1,贵AV1532,黄,1,贵FY9442,红,（乌当区）新天驾驶培训有限公司,鑫鑫驾校,2006/11/20 0:00,2012/6/11 0:00,金狮牌,-1,366361000000000000 ,366067000000000000 ,197609,199308,14,4,5,工作日,非高峰,2015-05-08,2015年5月8日,阵雨 /多云,25℃ / 15℃,东南风 ≤3级 /东北风 ≤3级,阵雨,多云,25,15,东南风,≤3级,东北风,≤3级,day
2015-03-27 18:47:00,东二环,1、追尾的,负全部责任,不负责任,1,贵AV1302,红,1,贵AA898R,白,（乌当区）新天驾驶培训有限公司,-1,2008/1/23 0:00,-1,嘉陵牌,东风雪铁龙牌,364548000000000000 ,364557000000000000 ,197211,198807,18,4,3,工作日,晚高峰(17-19点),2015-03-27,2015年3月27日,阵雨 /阵雨,18℃ / 13℃,南风 ≤3级 /南风 ≤3级,阵雨,阵雨,18,13,南风,≤3级,南风,≤3级,day
2015-05-19 08:10:00,大营坡,1、追尾的,负全部责任,不负责任,1,贵AVJ926,白,0,贵A644F6,白,（乌当区）新天驾驶培训有限公司,-1,2006/1/5 0:00,-1,起亚牌,解放牌,364548000000000000 ,36606800000000000 ,197612,199103,8,1,5,工作日,早高峰(7-9点),2015-05-19,2015年5月19日,阵雨 /大雨,25℃ / 18℃,东北风 ≤3级 /南风 ≤3级,阵雨,大雨,25,18,东北风,≤3级,南风,≤3级,day
2015-03-23 14:32:00,福州街,7、未按规定让行的 ,负全部责任,不负责任,0,贵A98S78,黑,1,贵AU7374,蓝,（乌当区）新天驾驶培训有限公司,无,2005/6/9 0:00,1994/3/17 0:00,奥迪牌,宇通牌,366566000000000000 ,36454751874943097X,197212,197308,14,0,3,工作日,非高峰,2015-03-23,2015年3月23日,多云 /阴,17℃ / 9℃,东北风 ≤3级 /东北风 ≤3级,多云,阴,17,9,东北风,≤3级,东北风,≤3级,day
2015-02-15 16:25:00,中华南路,1、追尾的,负全部责任,不负责任,1,贵GP1819,蓝,1,贵AU0848,绿,（乌当区）新天驾驶培训有限公司,十一培,2006/8/9 0:00,1986/3/7 0:00,沃尔沃,山洋牌,354547000000000000 ,364548000000000000 ,196507,196404,16,6,2,周末,非高峰,2015-02-15,2015年2月15日,多云 /阴,19℃ / 8℃,南风 ≤3级 /东北风 ≤3级,多云,阴,19,8,南风,≤3级,东北风,≤3级,day
2015-03-19 10:55:00,西二环,1、追尾的,负全部责任,不负责任,1,贵A56K13,白,1,川HHW993,白,（乌当区）新天驾驶培训有限公司,-1,2006/3/30 0:00,-1,长城牌,-1,366367000000000000 ,35524651134667021X,196712,199502,10,3,3,工作日,非高峰,2015-03-19,2015年3月19日,多云 /阵雨,26℃ / 12℃,南风 ≤3级 /东北风 ≤3级,多云,阵雨,26,12,南风,≤3级,东北风,≤3级,day
2015-03-29 17:12:00,世纪城,1、追尾的,负全部责任,不负责任,1,贵AKQ642,黑,1,贵AHE992,银,（乌当区）新天驾驶培训有限公司,预约考试窗口,2005/7/8 0:00,2007/7/30 0:00,荣威牌,丰田牌,35466151844553301X,664544000000000000 ,197001,197101,17,6,3,周末,晚高峰(17-19点),2015-03-29,2015年3月29日,阴 /多云,18℃ / 15℃,东风 ≤3级 /南风 ≤3级,阴,多云,18,15,东风,≤3级,南风,≤3级,day
2015-05-21 16:00:00,贵惠大道,1、追尾的,负全部责任,不负责任,1,贵A11W69,白色,1,贵ARM976,白色,（乌当区）新天驾驶培训有限公司,预约考试窗口,2006/1/26 0:00,2006/9/29 0:00,丰田牌,江淮牌,364557000000000000 ,76360500000000000 ,198712,198308,16,3,5,工作日,非高峰,2015-05-21,2015年5月21日,阴 /阵雨,24℃ / 16℃,东风 ≤3级 /东风 ≤3级,阴,阵雨,24,16,东风,≤3级,东风,≤3级,day
2015-02-05 13:00:00,下坝,8、依法应负全责的其他情形,负全部责任,不负责任,1,贵JK5516,黑,1,贵A83M74,红,（乌当区）新天驾驶培训有限公司,正安驾校,2008/11/24 0:00,2008/7/1 0:00,大众牌,东风雪铁龙牌,364547000000000000 ,366561000000000000 ,198512,198405,13,3,2,工作日,非高峰,2015-02-05,2015年2月5日,阴 /阴,3℃ / 0℃,东北风 ≤3级 /东北风 ≤3级,阴,阴,3,0,东北风,≤3级,东北风,≤3级,day
2015-03-29 16:30:00,解放路,9、不符合前8款规定或者双方同时具有上述情形的,负同等责任,负同等责任,1,贵ATX264,白色,1,贵AU1716,白色,（乌当区）新天驾驶培训有限公司,（乌当区）新天驾驶培训有限公司,2008/5/6 0:00,2003/5/6 0:00,夏利牌,丰田牌,366368000000000000 ,364547000000000000 ,197406,196012,16,6,3,周末,非高峰,2015-03-29,2015年3月29日,阴 /多云,18℃ / 15℃,东风 ≤3级 /南风 ≤3级,阴,多云,18,15,东风,≤3级,南风,≤3级,day
2015-05-24 15:30:00,金阳医院,7、未按规定让行的 ,负全部责任,不负责任,1,贵CK4966,黑,1,贵AW4939,黑,新天驾校,自培,2012/9/28 0:00,2007/5/30 0:00,-1,东力牌,364596000000000000 ,36636751975674426X,199105,198312,15,6,5,周末,非高峰,2015-05-24,2015年5月24日,多云 /阴,24℃ / 18℃,东风 ≤3级 /东南风 ≤3级,多云,阴,24,18,东风,≤3级,东南风,≤3级,day
2015-04-05 16:44:00,金 关,7、未按规定让行的 ,负全部责任,不负责任,0,贵AF4407,蓝,1,贵AU0216,蓝,新天驾校,99,2012/12/18 0:00,2007/3/23 0:00,嘉陵牌,奇瑞牌,364548000000000000 ,364548000000000000 ,198501,198312,16,6,4,周末,非高峰,2015-04-05,2015年4月5日,阴 /阵雨,30℃ / 12℃,南风 ≤3级 /东北风 ≤3级,阴,阵雨,30,12,南风,≤3级,东北风,≤3级,day
2015-04-15 11:30:00,中曹司大桥,7、未按规定让行的 ,负全部责任,不负责任,1,贵A056B1,白色,1,贵JF7686,白色,新天驾校,顺一驾驶培训学校,2012/5/21 0:00,2012/9/14 0:00,解放牌,北京现代牌,366064000000000000 ,366569000000000000 ,197307,199010,11,2,4,工作日,非高峰,2015-04-15,2015年4月15日,多云 /多云,24℃ / 16℃,东南风 ≤3级 /南风 ≤3级,多云,多云,24,16,东南风,≤3级,南风,≤3级,day
2015-05-23 12:02:00,大营坡,7、未按规定让行的 ,负全部责任,不负责任,1,贵A4BV90,黑,1,贵A4408K,黄,新天驾校,毕节地区奇康驾校,2014/12/3 0:00,2006/6/2 0:00,华泰宝利格牌,东风标致牌,354366000000000000 ,366067000000000000 ,197909,197411,12,5,5,工作日,非高峰,2015-05-23,2015年5月23日,阵雨 /阴,19℃ / 14℃,东北风 ≤3级 /东北风 ≤3级,阵雨,阴,19,14,东北风,≤3级,东北风,≤3级,day
2015-05-15 18:00:00,省政府,7、未按规定让行的 ,负全部责任,不负责任,0,贵AG8146,红,1,贵A83B82,蓝,（乌当区）新天驾驶培训有限公司,铁二局驾校,2005/1/17 0:00,2010/10/9 0:00,银钢牌,-1,364548000000000000 ,364596000000000000 ,197506,199010,18,4,5,工作日,晚高峰(17-19点),2015-05-15,2015年5月15日,阵雨 /阵雨,25℃ / 16℃,东北风 ≤3级 /东北风 ≤3级,阵雨,阵雨,25,16,东北风,≤3级,东北风,≤3级,day
2015-03-10 08:00:00,贵阳市金关轮胎厂,8、依法应负全责的其他情形,负全部责任,不负责任,1,贵AJV772,白色,1,贵A07707,白色,（乌当区）新天驾驶培训有限公司,自培,2006/11/20 0:00,1997/8/21 0:00,宝马牌,东风牌,364558000000000000 ,364557000000000000 ,198606,196712,8,1,3,工作日,早高峰(7-9点),2015-03-10,2015年3月10日,小雨 /小雨,8℃ / 4℃,东北风 ≤3级 /东北风 ≤3级,小雨,小雨,8,4,东北风,≤3级,东北风,≤3级,day
2015-02-05 17:00:00,涴沙桥,7、未按规定让行的 ,负全部责任,不负责任,1,贵A8BW55,黄,0,贵CNP793,白,（乌当区）新天驾驶培训有限公司,-1,2006/8/7 0:00,-1,路虎,奥迪牌,366567000000000000 ,366546000000000000 ,198103,198610,17,3,2,工作日,晚高峰(17-19点),2015-02-05,2015年2月5日,阴 /阴,3℃ / 0℃,东北风 ≤3级 /东北风 ≤3级,阴,阴,3,0,东北风,≤3级,东北风,≤3级,day
2015-04-09 08:00:00,苏金大道,7、未按规定让行的 ,负全部责任,不负责任,0,贵A2BE54,银,1,贵AKH542,银,新天驾校,自培,2012/4/24 0:00,2003/1/24 0:00,大众汽车牌,宝来牌,364548000000000000 ,364557000000000000 ,198511,196506,8,3,4,工作日,早高峰(7-9点),2015-04-09,2015年4月9日,阴 /小雨,11℃ / 7℃,东北风 ≤3级 /东北风 ≤3级,阴,小雨,11,7,东北风,≤3级,东北风,≤3级,day
2015-03-09 11:57:00,金阳医院,5、开关车门的,负全部责任,不负责任,1,贵AU9701,绿,1,贵AA4796,黄,（乌当区）新天驾驶培训有限公司,预约考试窗口,2007/11/15 0:00,2006/9/27 0:00,瑞麒牌,福田牌,364547000000000000 ,364557000000000000 ,197010,196910,11,0,3,工作日,非高峰,2015-03-09,2015年3月9日,小雨 /小雨,10℃ / 5℃,东北风 ≤3级 /东北风 ≤3级,小雨,小雨,10,5,东北风,≤3级,东北风,≤3级,day
2015-04-20 16:00:00,小河,7、未按规定让行的 ,负全部责任,不负责任,1,贵GC0616,黑色,1,贵A83X94,白色,新天驾校,十一驾驶培训有限公司,2011/3/23 0:00,2012/3/19 0:00,东风标致牌,纳智捷牌,364557000000000000 ,355664000000000000 ,198810,198005,16,0,4,工作日,非高峰,2015-04-20,2015年4月20日,阴 /阴,20℃ / 11℃,东北风 ≤3级 /东北风 ≤3级,阴,阴,20,11,东北风,≤3级,东北风,≤3级,day
2015-05-28 19:00:00,会展南路,8、依法应负全责的其他情形,负全部责任,不负责任,1,贵GL0394,白,0,贵JAN562,黑,（乌当区）新天驾驶培训有限公司,-1,2009/6/4 0:00,-1,-1,-1,364557000000000000 ,77445500000000000 ,199003,197707,19,3,5,工作日,晚高峰(17-19点),2015-05-28,2015年5月28日,多云 /雷阵雨,29℃ / 19℃,南风 ≤3级 /东南风 ≤3级,多云,雷阵雨,29,19,南风,≤3级,东南风,≤3级,day
2015-05-25 13:00:00,特警学校,8、依法应负全责的其他情形,负全部责任,不负责任,1,贵A87702,白色,1,贵AFN953,白色,（乌当区）新天驾驶培训有限公司,兴黔,-1,2006/1/9 0:00,斯达-斯太尔牌,雪佛兰牌,36676351975647045X,364557000000000000 ,198312,197102,13,0,5,工作日,非高峰,2015-05-25,2015年5月25日,多云 /阵雨,26℃ / 19℃,东南风 ≤3级 /东南风 ≤3级,多云,阵雨,26,19,东南风,≤3级,东南风,≤3级,day
2015-05-22 09:00:00,阳关小区,7、未按规定让行的 ,负全部责任,不负责任,1,贵AV1168,绿,1,贵GAD423,黑,自培,-1,2011/7/18 0:00,-1,轻骑牌,-1,36455651835661765X,574947000000000000 ,197512,198307,9,4,5,工作日,早高峰(7-9点),2015-05-22,2015年5月22日,阵雨 /阵雨,19℃ / 14℃,东风 ≤3级 /东风 ≤3级,阵雨,阵雨,19,14,东风,≤3级,东风,≤3级,day
2015-03-24 21:40:00,兴关路,3、倒车的,负全部责任,不负责任,1,贵ARZ143,银,1,渝CY8468,银,新天驾校,自培,2014/4/3 0:00,2006/4/29 0:00,福克斯牌,神剑牌,35747451994352205X,344661000000000000 ,198805,198512,21,1,3,工作日,非高峰,2015-03-24,2015年3月24日,小雨 /阵雨,13℃ / 7℃,东北风 ≤3级 /东北风 ≤3级,小雨,阵雨,13,7,东北风,≤3级,东北风,≤3级,night
2015-05-27 09:04:00,林城东路,7、未按规定让行的 ,负全部责任,不负责任,1,贵JEL356,黑,1,贵AU0441,绿,（乌当区）新天驾驶培训有限公司,-1,2011/3/23 0:00,-1,-1,宝来牌,364557000000000000 ,36684500000000000 ,198710,973043,9,2,5,工作日,早高峰(7-9点),2015-05-27,2015年5月27日,阴 /阵雨,26℃ / 20℃,南风 ≤3级 /东北风 ≤3级,阴,阵雨,26,20,南风,≤3级,东北风,≤3级,day
2015-05-15 11:12:00,白金大道,7、未按规定让行的 ,负全部责任,不负责任,1,贵A2BE83,白,1,贵AB6176,红,（南明区）长运驾驶培训有限公司,路路达驾校,2005/1/24 0:00,2014/3/4 0:00,东风标致牌,东宏牌,366361000000000000 ,366068000000000000 ,198310,199505,11,4,5,工作日,非高峰,2015-05-15,2015年5月15日,阵雨 /阵雨,25℃ / 16℃,东北风 ≤3级 /东北风 ≤3级,阵雨,阵雨,25,16,东北风,≤3级,东北风,≤3级,day
2015-04-08 15:20:00,东二环,1、追尾的,负全部责任,不负责任,1,贵GR4581,白色,1,粤B89N64,白色,新天驾校,贵州省长安驾驶培训学校,2012/11/27 0:00,2010/12/10 0:00,钱江牌,颐达牌,364556000000000000 ,366367000000000000 ,199405,197904,15,2,4,工作日,非高峰,2015-04-08,2015年4月8日,小雨 /小雨,10℃ / 6℃,东北风 ≤3级 /东北风 ≤3级,小雨,小雨,10,6,东北风,≤3级,东北风,≤3级,day
2015-05-29 22:00:00,中山东路,4、停车时未挂低速档、未拉驻车制动，导致车辆滑行的,负全部责任,不负责任,1,贵A6AY92,白色,1,贵AU7392,白色,新天驾校,自培,2012/2/27 0:00,2004/8/25 0:00,别克牌,福田牌,364548000000000000 ,364547000000000000 ,198703,198305,22,4,5,工作日,非高峰,2015-05-29,2015年5月29日,阵雨 /阵雨,24℃ / 17℃,东南风 ≤3级 /东北风 ≤3级,阵雨,阵雨,24,17,东南风,≤3级,东北风,≤3级,night
2015-04-01 08:40:00,北站,7、未按规定让行的 ,负全部责任,不负责任,1,贵A5318Y,白,1,贵A4373S,红,新天驾校,-1,2014/5/7 0:00,-1,长安牌,长城牌,364557000000000000 ,366368000000000000 ,197503,198310,8,2,4,工作日,早高峰(7-9点),2015-04-01,2015年4月1日,多云 /多云,29℃ / 19℃,南风 ≤3级 /南风 ≤3级,多云,多云,29,19,南风,≤3级,南风,≤3级,day
2015-02-08 00:00:00,花溪大道,1、追尾的,负全部责任,不负责任,1,贵A51H89,白色,1,贵A44D52,白色,新天驾校,-1,2012/5/26 0:00,1977/8/10 0:00,福克斯牌,-1,54769500000000000 ,364547000000000000 ,198501,194912,0,6,2,周末,非高峰,2015-02-08,2015年2月8日,阴 /阴,7℃ / 3℃,东北风 ≤3级 /南风 ≤3级,阴,阴,7,3,东北风,≤3级,南风,≤3级,night
2015-02-19 00:00:00,大营坡,7、未按规定让行的 ,负全部责任,不负责任,1,贵A51S44,白色,1,贵AZZ898,黑色,新天驾校,贵州现代驾驶培训责任有限公司,2013/5/29 0:00,2012/12/29 0:00,北京现代牌,东风日产牌,364548000000000000 ,36657551905663440X,198612,198412,0,3,2,工作日,非高峰,2015-02-19,2015年2月19日,多云 /多云,22℃ / 14℃,南风 ≤3级 /南风 ≤3级,多云,多云,22,14,南风,≤3级,南风,≤3级,night
2015-03-03 09:40:00,兴筑西路,7、未按规定让行的 ,负全部责任,不负责任,1,贵A3846Y,黑,1,贵AP030A,银,新天驾校,贵州现代驾驶培训责任有限公司,2014/2/11 0:00,2010/12/6 0:00,大众汽车牌,-1,364557000000000000 ,366361000000000000 ,197608,197010,9,1,3,工作日,早高峰(7-9点),2015-03-03,2015年3月3日,小雨 /小雨,8℃ / 3℃,东北风 ≤3级 /东北风 ≤3级,小雨,小雨,8,3,东北风,≤3级,东北风,≤3级,day
2015-03-10 08:20:00,西二环苗圃二号隧道内,1、追尾的,负全部责任,不负责任,1,贵AV3071,白色,1,贵A69E96,白色,长运驾校,顺一驾驶培训学校,2013/7/30 0:00,2012/8/6 0:00,麟龙牌,大众汽车牌,35495551174946555X,366566000000000000 ,199308,198110,8,1,3,工作日,早高峰(7-9点),2015-03-10,2015年3月10日,小雨 /小雨,8℃ / 4℃,东北风 ≤3级 /东北风 ≤3级,小雨,小雨,8,4,东北风,≤3级,东北风,≤3级,day
2015-04-12 11:00:00,八匹马,7、未按规定让行的 ,负全部责任,不负责任,1,粤E03M07,银,1,贵A13G41,银,贵州省长安驾驶培训学校,路路达驾校,2010/6/4 0:00,2014/7/19 0:00,丰田牌,比亚迪牌,74065500000000000 ,366064000000000000 ,197604,198810,11,6,4,周末,非高峰,2015-04-12,2015年4月12日,晴 /多云,21℃ / 7℃,东风 ≤3级 /东风 ≤3级,晴,多云,21,7,东风,≤3级,东风,≤3级,day