accidenttime,accidentaddr,driver1fault,driver1responsibility,driver2responsibility,sex1,platenumber1,carcolor1,sex2,platenumber2,carcolor2,jxmc1,jxmc2,cclzrq1,cclzrq2,clpp1,clpp2,driver1license,driver2license,brith1,brith2,hour,weekday,month,is_weekday,peak_hour,date,日期,天气状况,气温,风力风向,day_wea,night_wea,day_tep,night_tep,day_wind_direction,day_wind_speed,night_wind_direction,night_wind_speed,segment
2015-04-09 11:00:00,南明区,7、未按规定让行的 ,负全部责任,不负责任,1,贵A995A4,白色,1,贵A19S14,白色,长运驾校,-1,2012/8/13 0:00,-1,江淮牌,长安牌,366063000000000000 ,36455551164864595X,197904,199207,11,3,4,工作日,非高峰,2015-04-09,2015年4月9日,阴 /小雨,11℃ / 7℃,东北风 ≤3级 /东北风 ≤3级,阴,小雨,11,7,东北风,≤3级,东北风,≤3级,day
2015-04-27 11:00:00,南明区,7、未按规定让行的 ,负全部责任,不负责任,1,贵A995A4,白色,1,贵A19314,白色,长运驾校,-1,2012/8/13 0:00,-1,江淮牌,力帆牌,366063000000000000 ,36455551164864595X,197904,199207,11,0,4,工作日,非高峰,2015-04-27,2015年4月27日,阴 /雷阵雨,21℃ / 14℃,东南风 ≤3级 /东北风 ≤3级,阴,雷阵雨,21,14,东南风,≤3级,东北风,≤3级,day
2015-03-20 14:22:00,沙冲路,1、追尾的,负全部责任,不负责任,1,贵ACC269,白色,1,贵ASE652,白色,长运驾校,新华驾校,2011/12/21 0:00,2011/10/13 0:00,马自达牌,北京现代牌,366876000000000000 ,366061000000000000 ,199304,198905,14,4,3,工作日,非高峰,2015-03-20,2015年3月20日,阴 /阵雨,14℃ / 10℃,东北风 ≤3级 /东北风 ≤3级,阴,阵雨,14,10,东北风,≤3级,东北风,≤3级,day
2015-03-02 11:02:00,大营坡,9、不符合前8款规定或者双方同时具有上述情形的,负同等责任,负同等责任,1,贵AX3657,黑,1,贵AU8768,蓝,长运驾校,-1,2012/9/26 0:00,-1,飞鹰牌,山洋牌,36459551995443003X,364548000000000000 ,198810,198808,11,0,3,工作日,非高峰,2015-03-02,2015年3月2日,阴 /小雨,9℃ / 2℃,东北风 ≤3级 /东北风 ≤3级,阴,小雨,9,2,东北风,≤3级,东北风,≤3级,day
2015-05-17 18:00:00,解放路,8、依法应负全责的其他情形,负全部责任,不负责任,1,浙CZU838,白色,1,贵C67289,白色,长运驾校,-1,2010/12/17 0:00,-1,-1,-1,774796000000000000 ,366864000000000000 ,199011,196407,18,6,5,周末,晚高峰(17-19点),2015-05-17,2015年5月17日,阵雨 /雷阵雨,25℃ / 17℃,东北风 ≤3级 /南风 ≤3级,阵雨,雷阵雨,25,17,东北风,≤3级,南风,≤3级,day
2015-04-02 10:15:00,毕节路,3、倒车的,负全部责任,不负责任,1,渝GF4466,黄,1,贵AVM124,白,景宏驾校,（南明区）市交通职业技术驾驶培训学校,2011/1/26 0:00,2015/2/16 0:00,别克牌,大众汽车牌,356767000000000000 ,366363000000000000 ,196809,198709,10,3,4,工作日,非高峰,2015-04-02,2015年4月2日,多云 /多云,30℃ / 18℃,南风 ≤3级 /南风 ≤3级,多云,多云,30,18,南风,≤3级,南风,≤3级,day
2015-03-23 08:10:00,黔林山路,8、依法应负全责的其他情形,负全部责任,不负责任,1,贵A2BA42,红,1,贵A51K66,银,长运驾校,铁二局驾校（南明区）,2012/8/29 0:00,2014/9/5 0:00,福克斯牌,东风雪铁龙牌,366564000000000000 ,364548000000000000 ,198603,196510,8,0,3,工作日,早高峰(7-9点),2015-03-23,2015年3月23日,多云 /阴,17℃ / 9℃,东北风 ≤3级 /东北风 ≤3级,多云,阴,17,9,东北风,≤3级,东北风,≤3级,day
2015-04-10 00:00:00,金清路,8、依法应负全责的其他情形,负全部责任,不负责任,1,渝BR9263,白,1,贵A78A87,白,大方县龙飞汽车(摩托车)驾驶培训学校,时法驾校,-1,2007/4/4 0:00,无,北京现代牌,366067000000000000 ,364548000000000000 ,198110,197509,0,4,4,工作日,非高峰,2015-04-10,2015年4月10日,小雨 /小雨,12℃ / 8℃,东北风 ≤3级 /东北风 ≤3级,小雨,小雨,12,8,东北风,≤3级,东北风,≤3级,night
2015-04-07 11:00:00,迎宾大道,8、依法应负全责的其他情形,负全部责任,不负责任,1,贵A35451,白色,1,贵AA843E,白色,（南明区）长运驾驶培训有限公司,-1,2007/7/12 0:00,-1,五菱,起亚牌,364556000000000000 ,364646000000000000 ,198502,197709,11,1,4,工作日,非高峰,2015-04-07,2015年4月7日,小雨 /小雨,9℃ / 5℃,东北风 ≤3级 /东北风 ≤3级,小雨,小雨,9,5,东北风,≤3级,东北风,≤3级,day
2015-04-07 21:30:00,花果园,1、追尾的,负全部责任,不负责任,1,粤LMG471,白色,1,贵AU3504,白色,贵州省黔东南州金凯驾驶学校,自培,2009/6/10 0:00,2007/9/6 0:00,中华牌,万达牌,366269000000000000 ,366661000000000000 ,197807,197112,21,1,4,工作日,非高峰,2015-04-07,2015年4月7日,小雨 /小雨,9℃ / 5℃,东北风 ≤3级 /东北风 ≤3级,小雨,小雨,9,5,东北风,≤3级,东北风,≤3级,night
2015-03-27 18:35:00,红岩桥,7、未按规定让行的 ,负全部责任,不负责任,1,贵AU8903,白色,1,贵ADZ847,白色,（南明区）长运驾驶培训有限公司,520130,2005/8/11 0:00,2009/7/28 0:00,鑫源牌,夏利牌,366361000000000000 ,364548000000000000 ,197608,196308,18,4,3,工作日,晚高峰(17-19点),2015-03-27,2015年3月27日,阵雨 /阵雨,18℃ / 13℃,南风 ≤3级 /南风 ≤3级,阵雨,阵雨,18,13,南风,≤3级,南风,≤3级,day
2015-05-26 11:00:00,遵义路,1、追尾的,负全部责任,不负责任,1,贵CJ9530,白色,1,贵A966E3,白色,（南明区）长运驾驶培训有限公司,自培,2005/1/7 0:00,-1,-1,长安牌,364556000000000000 ,355247000000000000 ,198604,199405,11,1,5,工作日,非高峰,2015-05-26,2015年5月26日,阵雨 /雷阵雨,26℃ / 20℃,东南风 ≤3级 /东北风 ≤3级,阵雨,雷阵雨,26,20,东南风,≤3级,东北风,≤3级,day
2015-03-09 13:25:00,玲珑湾,8、依法应负全责的其他情形,负全部责任,不负责任,1,贵AAY240,黑,1,贵A83P52,红,（南明区）长运驾驶培训有限公司,自培,2009/11/19 0:00,2009/11/12 0:00,雪佛兰牌,北京现代牌,364547000000000000 ,366064000000000000 ,198902,199011,13,0,3,工作日,非高峰,2015-03-09,2015年3月9日,小雨 /小雨,10℃ / 5℃,东北风 ≤3级 /东北风 ≤3级,小雨,小雨,10,5,东北风,≤3级,东北风,≤3级,day
2015-02-15 12:03:00,绿洲湾,8、依法应负全责的其他情形,负全部责任,不负责任,1,贵A1678G,黑,1,贵A362F4,银,（南明区）长运驾驶培训有限公司,-1,2007/10/30 0:00,-1,英伦牌,大迪牌,366067000000000000 ,364557000000000000 ,198803,199001,12,6,2,周末,非高峰,2015-02-15,2015年2月15日,多云 /阴,19℃ / 8℃,南风 ≤3级 /东北风 ≤3级,多云,阴,19,8,南风,≤3级,东北风,≤3级,day
2015-05-20 08:29:00,艳山红镇,7、未按规定让行的 ,负全部责任,不负责任,1,贵A5573N,红,0,贵GV1168,白,长运驾校,铁二局驾校,2014/1/7 0:00,2014/11/13 0:00,东风牌,-1,364558000000000000 ,364646000000000000 ,197508,198512,8,2,5,工作日,早高峰(7-9点),2015-05-20,2015年5月20日,阴 /阵雨,23℃ / 17℃,东北风 ≤3级 /东北风 ≤3级,阴,阵雨,23,17,东北风,≤3级,东北风,≤3级,day
2015-04-15 10:00:00,山水黔城,3、倒车的,负全部责任,不负责任,1,贵AA769N,白色,1,贵A69H42,白色,（南明区）长运驾驶培训有限公司,-1,2007/11/6 0:00,-1,福克斯(FOCUS)牌,名爵牌,366664000000000000 ,36656851134966737X,198512,199508,10,2,4,工作日,非高峰,2015-04-15,2015年4月15日,多云 /多云,24℃ / 16℃,东南风 ≤3级 /南风 ≤3级,多云,多云,24,16,东南风,≤3级,南风,≤3级,day
2015-03-06 15:30:00,小河,7、未按规定让行的 ,负全部责任,不负责任,1,贵DAY944,白色,1,贵AV2179,白色,长运驾校,520117,2013/5/31 0:00,2007/11/19 0:00,夏利牌,丰田牌,366669000000000000 ,364547000000000000 ,198604,197105,15,4,3,工作日,非高峰,2015-03-06,2015年3月6日,小雨 /小雨,5℃ / 3℃,东北风 ≤3级 /东北风 ≤3级,小雨,小雨,5,3,东北风,≤3级,东北风,≤3级,day
2015-04-07 11:00:00,花果园,1、追尾的,负全部责任,不负责任,1,渝A87Q33,蓝,1,贵GY5777,黑,吉源驾校,十一培,2014/2/25 0:00,1989/10/29 0:00,雪佛兰牌 ,宝马,364547000000000000 ,364548000000000000 ,198511,195607,11,1,4,工作日,非高峰,2015-04-07,2015年4月7日,小雨 /小雨,9℃ / 5℃,东北风 ≤3级 /东北风 ≤3级,小雨,小雨,9,5,东北风,≤3级,东北风,≤3级,day
2015-03-02 10:00:00,蔡家街,7、未按规定让行的 ,负全部责任,不负责任,0,贵A9E215,银,1,贵A98Z57,银,（南明区）长运驾驶培训有限公司,自培,2005/7/11 0:00,2001/6/14 0:00,北京现代牌,宝马,364548000000000000 ,36454751274759408X,197704,196303,10,0,3,工作日,非高峰,2015-03-02,2015年3月2日,阴 /小雨,9℃ / 2℃,东北风 ≤3级 /东北风 ≤3级,阴,小雨,9,2,东北风,≤3级,东北风,≤3级,day
2015-04-08 10:00:00,金源街,8、依法应负全责的其他情形,负全部责任,不负责任,0,贵A64V93,红,1,贵A68K55,银,长运驾校,自培,2014/12/3 0:00,2005/12/13 0:00,宝马牌,迷你,366664000000000000 ,366064000000000000 ,199411,198011,10,2,4,工作日,非高峰,2015-04-08,2015年4月8日,小雨 /小雨,10℃ / 6℃,东北风 ≤3级 /东北风 ≤3级,小雨,小雨,10,6,东北风,≤3级,东北风,≤3级,day
2015-04-22 19:37:00,延安东路,1、追尾的,负全部责任,不负责任,1,贵AU5299,白,1,贵AU5022,绿,长运驾校,520114,2014/5/14 0:00,2008/7/22 0:00,捷达牌,捷达牌,366575000000000000 ,366566000000000000 ,198507,198808,19,2,4,工作日,晚高峰(17-19点),2015-04-22,2015年4月22日,小雨 /小雨,15℃ / 10℃,东北风 ≤3级 /东北风 ≤3级,小雨,小雨,15,10,东北风,≤3级,东北风,≤3级,day
2015-05-25 08:30:00,北京西路,7、未按规定让行的 ,负全部责任,不负责任,1,粤B1F700,黑,1,贵AE4439,黑,长运驾校,预约考试窗口,2013/5/31 0:00,2006/8/15 0:00,-1,钱江牌,366068000000000000 ,364596000000000000 ,199210,198803,8,0,5,工作日,早高峰(7-9点),2015-05-25,2015年5月25日,多云 /阵雨,26℃ / 19℃,东南风 ≤3级 /东南风 ≤3级,多云,阵雨,26,19,东南风,≤3级,东南风,≤3级,day
2015-03-10 17:00:00,改茶路,7、未按规定让行的 ,负全部责任,不负责任,1,贵A19P26,黄,1,贵JM7271,红,长运驾校,-1,2014/2/19 0:00,-1,波罗牌,比亚迪牌,364548000000000000 ,366843000000 ,199206,1000,17,1,3,工作日,晚高峰(17-19点),2015-03-10,2015年3月10日,小雨 /小雨,8℃ / 4℃,东北风 ≤3级 /东北风 ≤3级,小雨,小雨,8,4,东北风,≤3级,东北风,≤3级,day
2015-04-25 15:16:00,白云区,1、追尾的,负全部责任,不负责任,1,贵AA156C,蓝,0,贵FX7320,蓝,路路达驾校,（乌当区）新天驾驶培训有限公司,2014/8/4 0:00,-1,五菱牌,大众汽车牌,364568000000000000 ,36686851984145530X,199603,198709,15,5,4,工作日,非高峰,2015-04-25,2015年4月25日,阴 /阵雨,20℃ / 11℃,东风 ≤3级 /东南风 ≤3级,阴,阵雨,20,11,东风,≤3级,东南风,≤3级,day
2015-03-28 19:00:00,白云区,1、追尾的,负全部责任,不负责任,1,贵ASN192,黑,1,贵CDY097,银,路路达驾校,时法驾校,2014/8/6 0:00,2006/11/14 0:00,蒙迪欧牌,北京牌,364558000000000000 ,366566000000000000 ,199406,198001,19,5,3,工作日,晚高峰(17-19点),2015-03-28,2015年3月28日,阵雨 /雷阵雨,17℃ / 14℃,南风 ≤3级 /南风 ≤3级,阵雨,雷阵雨,17,14,南风,≤3级,南风,≤3级,day
2015-03-19 14:30:00,花溪,7、未按规定让行的 ,负全部责任,不负责任,1,贵A9815F,白色,1,贵A224E6,白色,长运驾校,自培,2013/12/5 0:00,2011/7/22 0:00,大众汽车牌,五菱牌,364556000000000000 ,366068000000000000 ,195301,197412,14,3,3,工作日,非高峰,2015-03-19,2015年3月19日,多云 /阵雨,26℃ / 12℃,南风 ≤3级 /东北风 ≤3级,多云,阵雨,26,12,南风,≤3级,东北风,≤3级,day
2015-05-09 23:00:00,花果园,7、未按规定让行的 ,负全部责任,不负责任,1,贵A8BZ00,白色,1,贵GR1377,白色,长运驾校,-1,2015/2/2 0:00,-1,-1,-1,364548000000000000 ,3745560000000000 ,198602,197429,23,5,5,工作日,非高峰,2015-05-09,2015年5月9日,阵雨 /阵雨,23℃ / 16℃,东北风 ≤3级 /东南风 ≤3级,阵雨,阵雨,23,16,东北风,≤3级,东南风,≤3级,night
2015-04-25 09:56:00,花溪大道,7、未按规定让行的 ,负全部责任,不负责任,1,贵CV0311,白色,1,贵A27Y88,白色,长运驾校,铁二局驾校,2015/1/12 0:00,2002/7/16 0:00,东风牌,福克斯牌,366070000000000000 ,364548000000000000 ,198708,197406,9,5,4,工作日,早高峰(7-9点),2015-04-25,2015年4月25日,阴 /阵雨,20℃ / 11℃,东风 ≤3级 /东南风 ≤3级,阴,阵雨,20,11,东风,≤3级,东南风,≤3级,day
2015-03-16 18:35:00,云环路,1、追尾的,负全部责任,不负责任,1,贵A5BB72,白,1,贵GP5474,黄,路路达驾校,-1,2014/8/4 0:00,-1,昌河,长安牌,64396500000000000 ,355764000000000000 ,198201,199305,18,0,3,工作日,晚高峰(17-19点),2015-03-16,2015年3月16日,阴 /多云,20℃ / 15℃,南风 ≤3级 /南风 ≤3级,阴,多云,20,15,南风,≤3级,南风,≤3级,day
2015-05-05 18:30:00,诚信南路,7、未按规定让行的 ,负全部责任,不负责任,1,贵AB546V,红,1,贵ASL992,红,路路达驾校,铁二局驾校,2014/12/17 0:00,2014/3/12 0:00,-1,东风日产牌,366361000000000000 ,364568000000000000 ,197007,199304,18,1,5,工作日,晚高峰(17-19点),2015-05-05,2015年5月5日,阵雨 /阵雨,21℃ / 15℃,南风 ≤3级 /南风 ≤3级,阵雨,阵雨,21,15,南风,≤3级,南风,≤3级,day
2015-03-23 22:30:00,金阳北路,7、未按规定让行的 ,负全部责任,不负责任,1,贵A4174S,白,1,贵AA871G,银,路路达驾校,-1,2014/9/12 0:00,-1,长城牌,长安牌,364558000000000000 ,364558000000000000 ,198509,198609,22,0,3,工作日,非高峰,2015-03-23,2015年3月23日,多云 /阴,17℃ / 9℃,东北风 ≤3级 /东北风 ≤3级,多云,阴,17,9,东北风,≤3级,东北风,≤3级,night
2015-05-06 15:43:00,北二环,8、依法应负全责的其他情形,负全部责任,不负责任,1,贵A6892Y,黑,1,贵AH5743,黑,路路达驾校,文通驾校,2014/9/12 0:00,2012/8/16 0:00,长城牌,轰轰烈牌,364558000000000000 ,366361000000000000 ,196912,199106,15,2,5,工作日,非高峰,2015-05-06,2015年5月6日,多云 /多云,25℃ / 16℃,东北风 ≤3级 /南风 ≤3级,多云,多云,25,16,东北风,≤3级,南风,≤3级,day
2015-04-10 17:00:00,刚玉路,7、未按规定让行的 ,负全部责任,不负责任,1,贵A7053J,银,1,贵A3081B,银,路路达驾校,吉源驾校,2012/7/17 0:00,2014/11/3 0:00,夏利牌,长城牌,364558000000000000 ,366361000000000000 ,195805,197605,17,4,4,工作日,晚高峰(17-19点),2015-04-10,2015年4月10日,小雨 /小雨,12℃ / 8℃,东北风 ≤3级 /东北风 ≤3级,小雨,小雨,12,8,东北风,≤3级,东北风,≤3级,day
2015-02-08 16:00:00,云潭南路,7、未按规定让行的 ,负全部责任,不负责任,1,贵ACE718,黑色,1,贵AB005K,白色,路路达驾校,-1,2012/12/26 0:00,-1,福特牌,北京现代牌,364568000000000000 ,364548000000000000 ,199005,198203,16,6,2,周末,非高峰,2015-02-08,2015年2月8日,阴 /阴,7℃ / 3℃,东北风 ≤3级 /南风 ≤3级,阴,阴,7,3,东北风,≤3级,南风,≤3级,day
2015-05-24 10:00:00,都溪林场,8、依法应负全责的其他情形,负全部责任,不负责任,1,鄂J1V924,蓝,1,贵A9083P,白,路路达驾校,-1,2015/2/3 0:00,-1,-1,吉利牌,65566500000000000 ,366862000000000000 ,199302,198701,10,6,5,周末,非高峰,2015-05-24,2015年5月24日,多云 /阴,24℃ / 18℃,东风 ≤3级 /东南风 ≤3级,多云,阴,24,18,东风,≤3级,东南风,≤3级,day
2015-02-08 16:20:00,云潭南路,7、未按规定让行的 ,负全部责任,不负责任,1,贵AQE718,蓝,1,贵AB005K,黑,路路达驾校,-1,2012/12/26 0:00,-1,五菱牌,北京现代牌,364568000000000000 ,364548000000000000 ,199005,198203,16,6,2,周末,非高峰,2015-02-08,2015年2月8日,阴 /阴,7℃ / 3℃,东北风 ≤3级 /南风 ≤3级,阴,阴,7,3,东北风,≤3级,南风,≤3级,day
2015-04-20 09:10:00,金阳南路,7、未按规定让行的 ,负全部责任,不负责任,1,贵AA686K,红,1,贵AU7487,蓝,路路达驾校,自培,2014/8/6 0:00,2001/4/11 0:00,长城牌,捷达牌,376570000000000000 ,366347000000000000 ,198210,197704,9,0,4,工作日,早高峰(7-9点),2015-04-20,2015年4月20日,阴 /阴,20℃ / 11℃,东北风 ≤3级 /东北风 ≤3级,阴,阴,20,11,东北风,≤3级,东北风,≤3级,day
2015-05-19 20:00:00,黔灵山路,7、未按规定让行的 ,负全部责任,不负责任,0,贵AAK626,黑,1,贵A5055L,红,（南明区）金大驾驶培训有限公司,天行健驾校,2004/12/13 0:00,2013/12/17 0:00,雅阁牌,金杯牌,356163000000000000 ,366361000000000000 ,197310,197406,20,1,5,工作日,非高峰,2015-05-19,2015年5月19日,阵雨 /大雨,25℃ / 18℃,东北风 ≤3级 /南风 ≤3级,阵雨,大雨,25,18,东北风,≤3级,南风,≤3级,night
2015-02-06 11:26:00,长江路珠江路交叉口,7、未按规定让行的 ,负全部责任,不负责任,1,贵AP0538,白色,1,贵0Y5364,红色,路路达驾校,-1,2014/9/12 0:00,-1,长城牌,-1,774761000000000000 ,366274000000000000 ,199301,198012,11,4,2,工作日,非高峰,2015-02-06,2015年2月6日,多云 /小雨,9℃ / 2℃,南风 ≤3级 /南风 ≤3级,多云,小雨,9,2,南风,≤3级,南风,≤3级,day
2015-03-19 16:20:00,白云区,7、未按规定让行的 ,负全部责任,不负责任,1,贵J02325,银,1,贵CEF315,蓝,路路达驾校,-1,2014/5/6 0:00,-1,五菱牌,比亚迪牌,364567000000000000 ,366562000000000000 ,199505,198708,16,3,3,工作日,非高峰,2015-03-19,2015年3月19日,多云 /阵雨,26℃ / 12℃,南风 ≤3级 /东北风 ≤3级,多云,阵雨,26,12,南风,≤3级,东北风,≤3级,day
2015-03-26 14:35:00,吕建路,7、未按规定让行的 ,负全部责任,不负责任,0,贵A399C7,银,1,渝C28J13,黑,路路达驾校,-1,2013/10/12 0:00,-1,鹤云牌,长城牌,366577000000000000 ,354670000000000000 ,199409,196802,14,3,3,工作日,非高峰,2015-03-26,2015年3月26日,阴 /阵雨,17℃ / 12℃,南风 ≤3级 /南风 ≤3级,阴,阵雨,17,12,南风,≤3级,南风,≤3级,day
2015-02-08 20:05:00,市北路,8、依法应负全责的其他情形,负全部责任,不负责任,1,贵ANT559,白色,1,贵FS5914,黑色,（南明区）金大驾驶培训有限公司,铁二局驾校,2006/4/29 0:00,2011/2/23 0:00,丰田牌,凌派牌,364548000000000000 ,366067000000000000 ,197511,197809,20,6,2,周末,非高峰,2015-02-08,2015年2月8日,阴 /阴,7℃ / 3℃,东北风 ≤3级 /南风 ≤3级,阴,阴,7,3,东北风,≤3级,南风,≤3级,night
2015-03-12 22:00:00,花果园,7、未按规定让行的 ,负全部责任,不负责任,1,贵A1756H,白色,1,贵AVA264,白色,金大驾校,520110,2011/10/12 0:00,2011/7/6 0:00,吉利美日牌,高尔夫牌,366347000000000000 ,364547000000000000 ,198210,198106,22,3,3,工作日,非高峰,2015-03-12,2015年3月12日,多云 /多云,16℃ / 10℃,南风 ≤3级 /南风 ≤3级,多云,多云,16,10,南风,≤3级,南风,≤3级,night
2015-05-18 10:30:00,省委加油站,3、倒车的,负全部责任,不负责任,1,贵AD3L17,白色,1,贵A8CB00,白色,金大驾校,铁二局驾校,2011/11/4 0:00,2001/10/15 0:00,-1,大众汽车牌,364548000000000000 ,55666500000000000 ,198611,198306,10,0,5,工作日,非高峰,2015-05-18,2015年5月18日,多云 /多云,25℃ / 18℃,东北风 ≤3级 /东北风 ≤3级,多云,多云,25,18,东北风,≤3级,东北风,≤3级,day
2015-03-29 20:00:00,红岩路,7、未按规定让行的 ,负全部责任,不负责任,1,贵AEU865,白色,1,贵GP2093,白色,自培,自培,2008/10/28 0:00,2013/12/12 0:00,华泰圣达菲牌,中华牌,364547000000000000 ,364548000000000000 ,198908,199201,20,6,3,周末,非高峰,2015-03-29,2015年3月29日,阴 /多云,18℃ / 15℃,东风 ≤3级 /南风 ≤3级,阴,多云,18,15,东风,≤3级,南风,≤3级,night
2015-05-07 15:44:00,解放西路,7、未按规定让行的 ,负全部责任,不负责任,1,贵A39M26,白色,1,贵A2CF22,白色,（南明区）金大驾驶培训有限公司,-1,2007/11/29 0:00,-1,-1,丰田牌,364547000000000000 ,36454700000000000 ,197912,196405,15,3,5,工作日,非高峰,2015-05-07,2015年5月7日,阵雨 /雷阵雨,23℃ / 17℃,东南风 ≤3级 /东南风 ≤3级,阵雨,雷阵雨,23,17,东南风,≤3级,东南风,≤3级,day
2015-02-04 15:30:00,新添寨,1、追尾的,负全部责任,不负责任,1,贵A6839P,红,1,贵AU8731,黑,（南明区）金大驾驶培训有限公司,-1,2006/6/8 0:00,-1,东风日产牌,望龙牌,36656251954853035X,3645470000000000 ,198107,195918,15,2,2,工作日,非高峰,2015-02-04,2015年2月4日,小雨 /小雨,4℃ / 0℃,东北风 ≤3级 /东北风 ≤3级,小雨,小雨,4,0,东北风,≤3级,东北风,≤3级,day
2015-02-09 08:00:00,南明区汤巴关,7、未按规定让行的 ,负全部责任,不负责任,1,贵A4145T,白色,1,贵A58B38,白色,（南明区）金大驾驶培训有限公司,-1,2006/4/29 0:00,-1,朗风,东风雪铁龙牌,364648000000000000 ,36606051054269467X,197604,194106,8,0,2,工作日,早高峰(7-9点),2015-02-09,2015年2月9日,阴 /小雨,6℃ / 4℃,东北风 ≤3级 /东北风 ≤3级,阴,小雨,6,4,东北风,≤3级,东北风,≤3级,day
2015-04-03 13:00:00,二手车市场,7、未按规定让行的 ,负全部责任,不负责任,1,湘AEF589,白,0,贵ARV707,白,（南明区）金大驾驶培训有限公司,-1,2007/11/29 0:00,-1,科雷傲,北京现代牌,366675000000000000 ,765697000000000000 ,196303,199104,13,4,4,工作日,非高峰,2015-04-03,2015年4月3日,多云 /多云,30℃ / 19℃,南风 ≤3级 /南风 ≤3级,多云,多云,30,19,南风,≤3级,南风,≤3级,day
2015-02-17 11:20:00,观山湖区,8、依法应负全责的其他情形,负全部责任,不负责任,1,贵GQ9912,黑,1,贵A2896N,黑,（南明区）金大驾驶培训有限公司,-1,2008/10/13 0:00,-1,吉利牌,吉利牌,366364000000000000 ,366361000000000000 ,197104,198010,11,1,2,工作日,非高峰,2015-02-17,2015年2月17日,阴 /阴,17℃ / 11℃,东南风 ≤3级 /南风 ≤3级,阴,阴,17,11,东南风,≤3级,南风,≤3级,day
2015-03-21 10:00:00,白云区,8、依法应负全责的其他情形,负全部责任,不负责任,1,贵A5047B,银,1,粤Y37U15,银,金大驾校,贵州铜南汽车驾驶培有限公司,2014/9/19 0:00,-1,大众牌,双环牌,364558000000000000 ,366661000000000000 ,199109,196502,10,5,3,工作日,非高峰,2015-03-21,2015年3月21日,阴 /阴,16℃ / 11℃,东北风 ≤3级 /东南风 ≤3级,阴,阴,16,11,东北风,≤3级,东南风,≤3级,day
2015-04-20 08:23:00,扁井,7、未按规定让行的 ,负全部责任,不负责任,1,贵G17201,红,1,贵AU5502,绿,金大驾校,-1,2014/11/10 0:00,-1,宗申,豪爵牌,366576000000000000 ,366562000000000000 ,197906,196808,8,0,4,工作日,早高峰(7-9点),2015-04-20,2015年4月20日,阴 /阴,20℃ / 11℃,东北风 ≤3级 /东北风 ≤3级,阴,阴,20,11,东北风,≤3级,东北风,≤3级,day
2015-02-14 20:30:00,蟠桃宫路口,7、未按规定让行的 ,负全部责任,不负责任,1,贵AEX885,白色,1,贵AU7591,灰色,金大驾校,-1,2014/8/15 0:00,-1,骊威牌,创新牌,366070000000000000 ,36636500000000000 ,199010,963102,20,5,2,工作日,非高峰,2015-02-14,2015年2月14日,阵雨 /雷阵雨,16℃ / 10℃,南风 ≤3级 /南风 ≤3级,阵雨,雷阵雨,16,10,南风,≤3级,南风,≤3级,night
2015-05-29 20:01:00,大南门,1、追尾的,负全部责任,不负责任,1,贵A41L99,白,1,贵ABK767,白,金大驾校,消防驾校,2013/9/22 0:00,2012/9/27 0:00,宝马牌,奥迪,366864000000000000 ,364547000000000000 ,198910,199007,20,4,5,工作日,非高峰,2015-05-29,2015年5月29日,阵雨 /阵雨,24℃ / 17℃,东南风 ≤3级 /东北风 ≤3级,阵雨,阵雨,24,17,东南风,≤3级,东北风,≤3级,night
2015-02-12 12:20:00,甘荫塘,1、追尾的,负全部责任,不负责任,1,贵GN4744,白色,1,贵HX2143,白色,金大驾校,市警校驾校,2014/5/20 0:00,2013/10/12 0:00,福克斯牌,宝马牌,364547000000000000 ,734968000000000000 ,199108,198906,12,3,2,工作日,非高峰,2015-02-12,2015年2月12日,多云 /多云,15℃ / 5℃,南风 ≤3级 /南风 ≤3级,多云,多云,15,5,南风,≤3级,南风,≤3级,day
2015-05-04 07:00:00,湘雅村,7、未按规定让行的 ,负全部责任,不负责任,1,贵ABH035,白色,1,浙J8AN62,白色,金大驾校（南明区）,-1,2015/3/10 0:00,-1,-1,-1,364547000000000000 ,776261000000000000 ,198510,198809,7,0,5,工作日,早高峰(7-9点),2015-05-04,2015年5月4日,阵雨 /阵雨,20℃ / 14℃,东北风 ≤3级 /东北风 ≤3级,阵雨,阵雨,20,14,东北风,≤3级,东北风,≤3级,day
2015-03-24 21:50:00,宝山南路,8、依法应负全责的其他情形,负全部责任,不负责任,1,贵A22E85,白,1,贵AU3178,绿,（南明区）金大驾驶培训有限公司,520109,2008/9/18 0:00,2006/7/3 0:00,奥迪牌,金马牌,364547000000000000 ,364568000000000000 ,198810,198608,21,1,3,工作日,非高峰,2015-03-24,2015年3月24日,小雨 /阵雨,13℃ / 7℃,东北风 ≤3级 /东北风 ≤3级,小雨,阵雨,13,7,东北风,≤3级,东北风,≤3级,night
2015-02-15 07:50:00,东山渔安新城,4、停车时未挂低速档、未拉驻车制动，导致车辆滑行的,负全部责任,不负责任,1,贵ARW829,白色,1,贵A9608B,白色,（南明区）金大驾驶培训有限公司,520114,2009/1/13 0:00,2009/6/3 0:00,长安,长安牌,366363000000000000 ,366363000000000000 ,198006,198808,7,6,2,周末,早高峰(7-9点),2015-02-15,2015年2月15日,多云 /阴,19℃ / 8℃,南风 ≤3级 /东北风 ≤3级,多云,阴,19,8,南风,≤3级,东北风,≤3级,day
2015-04-19 12:00:00,金关,7、未按规定让行的 ,负全部责任,不负责任,1,贵A48P53,黑,1,贵A702H4,红,金大驾校,自培,2014/9/19 0:00,2011/5/30 0:00,跨界高尔夫,江淮牌,364548000000000000 ,354867000000000000 ,196808,199212,12,6,4,周末,非高峰,2015-04-19,2015年4月19日,阵雨 /阵雨,22℃ / 13℃,东北风 ≤3级 /东北风 ≤3级,阵雨,阵雨,22,13,东北风,≤3级,东北风,≤3级,day