accidenttime,accidentaddr,driver1fault,driver1responsibility,driver2responsibility,sex1,platenumber1,carcolor1,sex2,platenumber2,carcolor2,jxmc1,jxmc2,cclzrq1,cclzrq2,clpp1,clpp2,driver1license,driver2license,brith1,brith2,hour,weekday,month,is_weekday,peak_hour,date,日期,天气状况,气温,风力风向,day_wea,night_wea,day_tep,night_tep,day_wind_direction,day_wind_speed,night_wind_direction,night_wind_speed,segment
2015-05-17 09:10:00,碧桃街,1、追尾的,负全部责任,不负责任,1,贵A0144P,红,1,贵A22A38,红,（南明区）金大驾驶培训有限公司,自培,2008/5/21 0:00,2005/1/28 0:00,五菱牌,东南牌,366067000000000000 ,364558000000000000 ,197009,198510,9,6,5,周末,早高峰(7-9点),2015-05-17,2015年5月17日,阵雨 /雷阵雨,25℃ / 17℃,东北风 ≤3级 /南风 ≤3级,阵雨,雷阵雨,25,17,东北风,≤3级,南风,≤3级,day
2015-03-25 10:40:00,解放路,1、追尾的,负全部责任,不负责任,1,贵A15S42,黑,1,贵ACK624,白,金大驾校,新华驾校,2012/11/7 0:00,2012/2/13 0:00,奥迪牌,东风牌,366566000000000000 ,364548000000000000 ,198907,198701,10,2,3,工作日,非高峰,2015-03-25,2015年3月25日,阴 /阵雨,14℃ / 9℃,东北风 ≤3级 /东北风 ≤3级,阴,阵雨,14,9,东北风,≤3级,东北风,≤3级,day
2015-04-15 15:50:00,花二道,1、追尾的,负全部责任,不负责任,1,贵A98932,银,1,贵HAN674,绿,贵阳学院汽车驾驶培训,全林驾校,2013/4/27 0:00,2014/1/24 0:00,陕汽牌,丰田牌,364548000000000000 ,366662000000000000 ,198805,198709,15,2,4,工作日,非高峰,2015-04-15,2015年4月15日,多云 /多云,24℃ / 16℃,东南风 ≤3级 /南风 ≤3级,多云,多云,24,16,东南风,≤3级,南风,≤3级,day
2015-04-23 11:40:00,金朱东路,1、追尾的,负全部责任,不负责任,1,贵A31J92,白,1,贵A2625S,黑,金大驾校,邵阳市资江驾校,2013/5/10 0:00,2007/1/30 0:00,东风牌,雪佛兰,364547000000000000 ,74367500000000000 ,199108,198005,11,3,4,工作日,非高峰,2015-04-23,2015年4月23日,阴 /小雨,16℃ / 10℃,东北风 ≤3级 /东北风 ≤3级,阴,小雨,16,10,东北风,≤3级,东北风,≤3级,day
2015-05-30 12:10:00,黄山冲,3、倒车的,负全部责任,不负责任,1,贵A9BP89,黑,1,贵AHD845,白,自培,-1,2012/2/23 0:00,-1,中华牌,东风雪铁龙牌,364547000000000000 ,364548000000000 ,199009,751007,12,5,5,工作日,非高峰,2015-05-30,2015年5月30日,阵雨 /阵雨,23℃ / 17℃,东北风 ≤3级 /东风 ≤3级,阵雨,阵雨,23,17,东北风,≤3级,东风,≤3级,day
2015-04-22 17:30:00,水口寺,4、停车时未挂低速档、未拉驻车制动，导致车辆滑行的,负全部责任,不负责任,1,贵A6BW72,黑色,1,贵A65X75,白色,金大驾校（南明区）,全林驾校,2015/3/19 0:00,2012/1/5 0:00,奥迪牌,标致,366546000000000000 ,364547000000000000 ,197504,198904,17,2,4,工作日,晚高峰(17-19点),2015-04-22,2015年4月22日,小雨 /小雨,15℃ / 10℃,东北风 ≤3级 /东北风 ≤3级,小雨,小雨,15,10,东北风,≤3级,东北风,≤3级,day
2015-03-17 07:50:00,乌当,8、依法应负全责的其他情形,负全部责任,不负责任,0,贵AU1525,绿,1,贵GT4827,白,（南明区）阳光驾驶培训有限公司,阳光驾校,2004/12/3 0:00,2012/2/9 0:00,捷达牌,北京现代牌,366669000000000000 ,364566000000000000 ,198308,198911,7,1,3,工作日,早高峰(7-9点),2015-03-17,2015年3月17日,多云 /多云,25℃ / 14℃,南风 ≤3级 /南风 ≤3级,多云,多云,25,14,南风,≤3级,南风,≤3级,day
2015-04-04 12:30:00,师大,7、未按规定让行的 ,负全部责任,不负责任,1,贵AB610A,白,1,贵ALG178,银,（南明区）阳光驾驶培训有限公司,自培,2007/1/30 0:00,2008/8/21 0:00,长安牌,东风牌,364556000000000000 ,366566000000000000 ,196806,196304,12,5,4,工作日,非高峰,2015-04-04,2015年4月4日,多云 /多云,29℃ / 18℃,南风 ≤3级 /南风 ≤3级,多云,多云,29,18,南风,≤3级,南风,≤3级,day
2015-04-24 12:00:00,林城东路,3、倒车的,负全部责任,不负责任,1,贵A62151,银,1,贵A5BL08,红,（南明区）阳光驾驶培训有限公司,时发驾校,2006/6/23 0:00,2013/2/27 0:00,北京,宝马牌,366662000000000000 ,36636251154266646X,198412,199106,12,4,4,工作日,非高峰,2015-04-24,2015年4月24日,阴 /小雨,16℃ / 11℃,东风 ≤3级 /东风 ≤3级,阴,小雨,16,11,东风,≤3级,东风,≤3级,day
2015-05-05 08:45:00,孟关乡,7、未按规定让行的 ,负全部责任,不负责任,1,贵AA7791,白色,1,贵A40616,白色,（南明区）阳光驾驶培训有限公司,-1,2004/12/17 0:00,-1,威驰,东风,366068000000000000 ,364547000000000000 ,196002,195605,8,1,5,工作日,早高峰(7-9点),2015-05-05,2015年5月5日,阵雨 /阵雨,21℃ / 15℃,南风 ≤3级 /南风 ≤3级,阵雨,阵雨,21,15,南风,≤3级,南风,≤3级,day
2015-04-10 09:00:00,西二环,7、未按规定让行的 ,负全部责任,不负责任,1,贵A12E48,白色,1,贵JJ9597,白色,（南明区）阳光驾驶培训有限公司,-1,2004/12/1 0:00,-1,别克牌,福克斯牌,364648000000000000 ,366067000000000000 ,197410,198310,9,4,4,工作日,早高峰(7-9点),2015-04-10,2015年4月10日,小雨 /小雨,12℃ / 8℃,东北风 ≤3级 /东北风 ≤3级,小雨,小雨,12,8,东北风,≤3级,东北风,≤3级,day
2015-05-19 15:20:00,北京路,7、未按规定让行的 ,负全部责任,不负责任,0,贵A69L52,黑,1,贵DM1916,白,（云岩区）时发驾驶培训有限公司,自培,2009/9/4 0:00,2008/4/29 0:00,-1,-1,364556000000000000 ,366669000000000000 ,197307,198701,15,1,5,工作日,非高峰,2015-05-19,2015年5月19日,阵雨 /大雨,25℃ / 18℃,东北风 ≤3级 /南风 ≤3级,阵雨,大雨,25,18,东北风,≤3级,南风,≤3级,day
2015-03-20 13:05:00,建设路,7、未按规定让行的 ,负全部责任,不负责任,0,贵GX6015,银,0,贵GM4475,银,（南明区）阳光驾驶培训有限公司,消防驾校,2005/9/15 0:00,2011/12/8 0:00,哈弗牌,隆鑫牌,366066000000000000 ,366268000000000000 ,197310,198502,13,4,3,工作日,非高峰,2015-03-20,2015年3月20日,阴 /阵雨,14℃ / 10℃,东北风 ≤3级 /东北风 ≤3级,阴,阵雨,14,10,东北风,≤3级,东北风,≤3级,day
2015-05-22 07:50:00,贵阳一中,1、追尾的,负全部责任,不负责任,1,贵A28L69,白,1,贵AG9987,白,（南明区）阳光驾驶培训有限公司,铁二局驾校,2008/9/3 0:00,2012/7/4 0:00,福克斯牌,速卡迪牌,366369000000000000 ,364557000000000000 ,198205,199108,7,4,5,工作日,早高峰(7-9点),2015-05-22,2015年5月22日,阵雨 /阵雨,19℃ / 14℃,东风 ≤3级 /东风 ≤3级,阵雨,阵雨,19,14,东风,≤3级,东风,≤3级,day
2015-04-28 10:00:00,甲秀南路,1、追尾的,负全部责任,不负责任,1,贵A534B9,白色,1,贵A9636A,白色,（南明区）阳光驾驶培训有限公司,市交校,2006/11/10 0:00,2012/8/24 0:00,五菱牌,东风标致牌,366367000000000000 ,364547000000000000 ,197205,198205,10,1,4,工作日,非高峰,2015-04-28,2015年4月28日,多云 /多云,25℃ / 15℃,东北风 ≤3级 /东北风 ≤3级,多云,多云,25,15,东北风,≤3级,东北风,≤3级,day
2015-03-28 12:19:00,甲秀南路,1、追尾的,负全部责任,不负责任,1,贵ACR601,白色,1,贵ARS358,白色,（南明区）阳光驾驶培训有限公司,时发驾校,2006/11/2 0:00,2011/11/10 0:00,五菱牌,飞度牌,366566000000000000 ,356767000000000000 ,197802,198112,12,5,3,工作日,非高峰,2015-03-28,2015年3月28日,阵雨 /雷阵雨,17℃ / 14℃,南风 ≤3级 /南风 ≤3级,阵雨,雷阵雨,17,14,南风,≤3级,南风,≤3级,day
2015-04-27 07:00:00,珠江口,8、依法应负全责的其他情形,负全部责任,不负责任,1,贵AP9863,白色,1,贵A78S54,白色,（南明区）阳光驾驶培训有限公司,-1,2006/6/7 0:00,-1,波罗牌,别克牌,364547000000000000 ,366246000000000000 ,197103,197610,7,0,4,工作日,早高峰(7-9点),2015-04-27,2015年4月27日,阴 /雷阵雨,21℃ / 14℃,东南风 ≤3级 /东北风 ≤3级,阴,雷阵雨,21,14,东南风,≤3级,东北风,≤3级,day
2015-05-19 12:00:00,贵惠大道,1、追尾的,负全部责任,不负责任,1,贵A72R33,白色,1,贵A68A17,白色,（南明区）阳光驾驶培训有限公司,自培,2006/6/7 0:00,2003/7/15 0:00,梅赛德斯-奔驰牌,丰田牌,07696251284143475X,366364000000000000 ,196709,197002,12,1,5,工作日,非高峰,2015-05-19,2015年5月19日,阵雨 /大雨,25℃ / 18℃,东北风 ≤3级 /南风 ≤3级,阵雨,大雨,25,18,东北风,≤3级,南风,≤3级,day
2015-03-15 11:20:00,遵义路,1、追尾的,负全部责任,不负责任,1,贵A6454X,银,1,贵ANP219,蓝,阳光驾校,520101,2012/2/9 0:00,2010/9/20 0:00,威志牌,波罗牌,355266000000000000 ,364547000000000000 ,199301,198308,11,6,3,周末,非高峰,2015-03-15,2015年3月15日,阴 /阴,18℃ / 13℃,东风 ≤3级 /南风 ≤3级,阴,阴,18,13,东风,≤3级,南风,≤3级,day
2015-04-09 00:00:00,油榨街,7、未按规定让行的 ,负全部责任,不负责任,1,贵HBQ119,白色,1,贵AU4139,白色,阳光驾校,520119,2014/11/10 0:00,2009/9/2 0:00,东风标致牌,凌肯牌,364558000000000000 ,364547000000000000 ,198506,197109,0,3,4,工作日,非高峰,2015-04-09,2015年4月9日,阴 /小雨,11℃ / 7℃,东北风 ≤3级 /东北风 ≤3级,阴,小雨,11,7,东北风,≤3级,东北风,≤3级,night
2015-02-26 06:33:00,新添大道,7、未按规定让行的 ,负全部责任,不负责任,1,贵JS2447,蓝,1,贵H7197,黑,（南明区）阳光驾驶培训有限公司,六盘水市昌达驾驶培训学校,-1,2006/6/13 0:00,福克斯牌,-1,366864000000000000 ,364548000000000000 ,197312,197008,6,3,2,工作日,非高峰,2015-02-26,2015年2月26日,阴 /小雨,12℃ / 9℃,东风 ≤3级 /南风 ≤3级,阴,小雨,12,9,东风,≤3级,南风,≤3级,day
2015-04-13 13:20:00,大营坡,7、未按规定让行的 ,负全部责任,不负责任,1,贵AU1726,绿,1,贵ARB436,银,（南明区）阳光驾驶培训有限公司,预约考试窗口,2007/1/30 0:00,2007/6/11 0:00,风神牌,吉利美日牌,366367000000000000 ,364548000000000000 ,197508,198601,13,0,4,工作日,非高峰,2015-04-13,2015年4月13日,晴 /多云,23℃ / 8℃,东北风 ≤3级 /东北风 ≤3级,晴,多云,23,8,东北风,≤3级,东北风,≤3级,day
2015-04-25 12:00:00,贵惠大道,7、未按规定让行的 ,负全部责任,不负责任,1,贵ADB996,白色,1,贵AK5884,白色,（南明区）阳光驾驶培训有限公司,-1,2005/2/7 0:00,-1,别克牌,宝马牌,354166000000000000 ,364046000000000000 ,198405,199301,12,5,4,工作日,非高峰,2015-04-25,2015年4月25日,阴 /阵雨,20℃ / 11℃,东风 ≤3级 /东南风 ≤3级,阴,阵雨,20,11,东风,≤3级,东南风,≤3级,day
2015-05-06 07:30:00,蟠桃宫,9、不符合前8款规定或者双方同时具有上述情形的,负全部责任,不负责任,1,贵A2AS86,白色,1,川EZ2643,白色,（南明区）阳光驾驶培训有限公司,（南明区）阳光驾驶培训有限公司,2006/8/4 0:00,2012/3/9 0:00,奥迪牌,-1,364556000000000000 ,354366000000000000 ,196612,197203,7,2,5,工作日,早高峰(7-9点),2015-05-06,2015年5月6日,多云 /多云,25℃ / 16℃,东北风 ≤3级 /南风 ≤3级,多云,多云,25,16,东北风,≤3级,南风,≤3级,day
2015-04-01 08:25:00,阳关,1、追尾的,负全部责任,不负责任,1,贵A76F42,白,1,贵AR9943,白,（南明区）阳光驾驶培训有限公司,-1,2009/7/1 0:00,-1,北京现代牌,东本牌,364547000000000000 ,36454700000000 ,198607,197206,8,2,4,工作日,早高峰(7-9点),2015-04-01,2015年4月1日,多云 /多云,29℃ / 19℃,南风 ≤3级 /南风 ≤3级,多云,多云,29,19,南风,≤3级,南风,≤3级,day
2015-05-06 17:40:00,花溪明珠路,7、未按规定让行的 ,负全部责任,不负责任,1,贵A1212E,白色,1,贵AED164,白色,（南明区）阳光驾驶培训有限公司,贵大驾校,2006/12/14 0:00,2004/8/25 0:00,江淮牌,中华牌,366066000000000000 ,36454651294563705X,197301,196801,17,2,5,工作日,晚高峰(17-19点),2015-05-06,2015年5月6日,多云 /多云,25℃ / 16℃,东北风 ≤3级 /南风 ≤3级,多云,多云,25,16,东北风,≤3级,南风,≤3级,day
2015-02-04 20:05:00,花溪二道阳关水乡路口,1、追尾的,负全部责任,不负责任,1,贵A45W95,白色,1,贵A34X45,棕色,（南明区）阳光驾驶培训有限公司,铁二局驾校,2007/1/30 0:00,2004/10/14 0:00,雪佛兰牌,起亚牌,364556000000000000 ,364556000000000000 ,197410,198006,20,2,2,工作日,非高峰,2015-02-04,2015年2月4日,小雨 /小雨,4℃ / 0℃,东北风 ≤3级 /东北风 ≤3级,小雨,小雨,4,0,东北风,≤3级,东北风,≤3级,night
2015-04-19 23:09:00,富水北路,1、追尾的,负全部责任,不负责任,1,贵AEH145,白,1,贵A86F56,白,（南明区）阳光驾驶培训有限公司,顺一驾驶培训学校,2004/12/30 0:00,2013/11/20 0:00,迈腾牌,凌派牌,364547000000000000 ,364548000000000000 ,196512,198812,23,6,4,周末,非高峰,2015-04-19,2015年4月19日,阵雨 /阵雨,22℃ / 13℃,东北风 ≤3级 /东北风 ≤3级,阵雨,阵雨,22,13,东北风,≤3级,东北风,≤3级,night
2015-04-06 19:00:00,西南环线,7、未按规定让行的 ,负全部责任,不负责任,1,贵A028C2,白色,1,贵AA342R,白色,（南明区）阳光驾驶培训有限公司,自培,2006/4/29 0:00,2015/2/13 0:00,福田牌,比亚迪牌,36606351815666355X,366567000000000000 ,197912,198706,19,0,4,工作日,晚高峰(17-19点),2015-04-06,2015年4月6日,阵雨 /阵雨,17℃ / 7℃,东北风 ≤3级 /东北风 ≤3级,阵雨,阵雨,17,7,东北风,≤3级,东北风,≤3级,day
2015-04-20 20:50:00,青云路,4、停车时未挂低速档、未拉驻车制动，导致车辆滑行的,负全部责任,不负责任,1,贵AA889G,白色,1,贵AYY394,白色,（观山湖区）蓝天驾驶培训有限公司,-1,2005/1/28 0:00,-1,宝来牌,五菱牌,366567000000000000 ,774561000000000000 ,198110,198708,20,0,4,工作日,非高峰,2015-04-20,2015年4月20日,阴 /阴,20℃ / 11℃,东北风 ≤3级 /东北风 ≤3级,阴,阴,20,11,东北风,≤3级,东北风,≤3级,night
2015-03-23 15:30:00,八匹马,1、追尾的,负全部责任,不负责任,1,贵AEY346,红,1,贵A12X72,白,（观山湖区）蓝天驾驶培训有限公司,自培,2005/6/1 0:00,2002/8/23 0:00,雪佛兰牌,东风雪铁龙牌,364548000000000000 ,364557000000000000 ,198605,196612,15,0,3,工作日,非高峰,2015-03-23,2015年3月23日,多云 /阴,17℃ / 9℃,东北风 ≤3级 /东北风 ≤3级,多云,阴,17,9,东北风,≤3级,东北风,≤3级,day
2015-04-25 17:00:00,孟关,8、依法应负全责的其他情形,负全部责任,不负责任,1,贵A5434Y,白色,1,贵A572E8,白色,（花溪区）仁武驾驶培训有限公司,-1,2009/5/12 0:00,-1,北京牌,江淮牌,366661000000000000 ,36606651995474565X,198312,198810,17,5,4,工作日,晚高峰(17-19点),2015-04-25,2015年4月25日,阴 /阵雨,20℃ / 11℃,东风 ≤3级 /东南风 ≤3级,阴,阵雨,20,11,东风,≤3级,东南风,≤3级,day
2015-03-02 09:45:00,金塘北街,1、追尾的,负全部责任,不负责任,1,贵ARN314,白,1,贵A15Z16,黑,人武驾校,（乌当区）平安驾驶培训有限公司,2012/5/17 0:00,1980/2/14 0:00,鹤云牌,中华牌,36455751904553645X,364558000000000000 ,198401,195605,9,0,3,工作日,早高峰(7-9点),2015-03-02,2015年3月2日,阴 /小雨,9℃ / 2℃,东北风 ≤3级 /东北风 ≤3级,阴,小雨,9,2,东北风,≤3级,东北风,≤3级,day
2015-04-27 19:40:00,三桥,1、追尾的,负全部责任,不负责任,1,贵AJ0929,红,1,贵ALT904,黄,仁武驾校（花溪区）,高新驾校,2015/4/20 0:00,1993/7/23 0:00,本田牌,别克牌,364548000000000000 ,364548000000000000 ,196211,196309,19,0,4,工作日,晚高峰(17-19点),2015-04-27,2015年4月27日,阴 /雷阵雨,21℃ / 14℃,东南风 ≤3级 /东北风 ≤3级,阴,雷阵雨,21,14,东南风,≤3级,东北风,≤3级,day
2015-03-26 16:50:00,长岭南路,8、依法应负全责的其他情形,负全部责任,不负责任,1,贵A59986,银,1,贵A45157,白,（观山湖区）蓝天驾驶培训有限公司,520107,2008/1/28 0:00,2008/10/10 0:00,鹰牌,湘江,366064000000000000 ,356168000000000000 ,198801,197007,16,3,3,工作日,非高峰,2015-03-26,2015年3月26日,阴 /阵雨,17℃ / 12℃,南风 ≤3级 /南风 ≤3级,阴,阵雨,17,12,南风,≤3级,南风,≤3级,day
2015-05-28 10:10:00,温泉路,7、未按规定让行的 ,负全部责任,不负责任,1,贵AU2145,银,1,贵A1BC29,白,（观山湖区）蓝天驾驶培训有限公司,自培,2006/7/5 0:00,2005/6/9 0:00,瑞麒牌,梅赛德斯-奔驰牌,35466251854158013X,366066000000000000 ,197109,197406,10,3,5,工作日,非高峰,2015-05-28,2015年5月28日,多云 /雷阵雨,29℃ / 19℃,南风 ≤3级 /东南风 ≤3级,多云,雷阵雨,29,19,南风,≤3级,东南风,≤3级,day
2015-03-10 13:00:00,乌当,1、追尾的,负全部责任,不负责任,1,贵AB1285,银,1,贵A39F24,黑,（观山湖区）蓝天驾驶培训有限公司,全林驾校,2006/7/28 0:00,2012/12/28 0:00,嘉陵牌,大众牌,366068000000000000 ,364547000000000000 ,196805,197607,13,1,3,工作日,非高峰,2015-03-10,2015年3月10日,小雨 /小雨,8℃ / 4℃,东北风 ≤3级 /东北风 ≤3级,小雨,小雨,8,4,东北风,≤3级,东北风,≤3级,day
2015-05-11 17:40:00,黔灵山隧道,1、追尾的,负全部责任,不负责任,0,贵AW2806,蓝,1,贵AV8814,黄,（观山湖区）蓝天驾驶培训有限公司,自培,2005/2/3 0:00,2001/5/8 0:00,福克斯(FOCUS)牌,三铃牌,364557000000000000 ,366566000000000000 ,197907,197405,17,0,5,工作日,晚高峰(17-19点),2015-05-11,2015年5月11日,多云 /多云,24℃ / 13℃,东北风 ≤3级 /东北风 ≤3级,多云,多云,24,13,东北风,≤3级,东北风,≤3级,day
2015-05-12 17:40:00,黔灵山隧道,1、追尾的,负全部责任,不负责任,0,贵AW2806,蓝,1,贵AK4307,白,（观山湖区）蓝天驾驶培训有限公司,自培,2005/2/3 0:00,2003/8/15 0:00,豪爵牌,万虎牌,364557000000000000 ,364548000000000000 ,197907,198407,17,1,5,工作日,晚高峰(17-19点),2015-05-12,2015年5月12日,阴 /雷阵雨,24℃ / 13℃,南风 ≤3级 /南风 ≤3级,阴,雷阵雨,24,13,南风,≤3级,南风,≤3级,day
2015-05-05 19:00:00,甲秀南路,7、未按规定让行的 ,负全部责任,不负责任,1,贵A8BH07,白色,1,贵A95747,白色,蓝天驾校,贵阳学院汽车驾驶培训,2011/10/22 0:00,2008/5/21 0:00,福克斯牌,宝马牌,366361000000000000 ,366876000000000000 ,198909,197912,19,1,5,工作日,晚高峰(17-19点),2015-05-05,2015年5月5日,阵雨 /阵雨,21℃ / 15℃,南风 ≤3级 /南风 ≤3级,阵雨,阵雨,21,15,南风,≤3级,南风,≤3级,day
2015-04-25 16:40:00,花香村,7、未按规定让行的 ,负全部责任,不负责任,1,贵AEE919,黑,1,贵A5BL06,银,自培,诚信驾驶培训学校,2005/9/16 0:00,2014/12/9 0:00,东风日产牌,东风雪铁龙牌,364547000000000000 ,364548000000000000 ,195004,197811,16,5,4,工作日,非高峰,2015-04-25,2015年4月25日,阴 /阵雨,20℃ / 11℃,东风 ≤3级 /东南风 ≤3级,阴,阵雨,20,11,东风,≤3级,东南风,≤3级,day
2015-05-23 00:40:00,白云区政府,8、依法应负全责的其他情形,负全部责任,不负责任,1,贵JN5793,红,0,贵DJ5744,黑,蓝天驾校,预约考试窗口,2014/4/21 0:00,2007/5/30 0:00,-1,-1,366567000000000000 ,364558000000000000 ,199311,197312,0,5,5,工作日,非高峰,2015-05-23,2015年5月23日,阵雨 /阴,19℃ / 14℃,东北风 ≤3级 /东北风 ≤3级,阵雨,阴,19,14,东北风,≤3级,东北风,≤3级,night
2015-03-24 17:00:00,二铺,4、停车时未挂低速档、未拉驻车制动，导致车辆滑行的,负全部责任,不负责任,1,贵CEY719,银,1,贵A7BZ85,白,蓝天驾校,-1,2015/2/4 0:00,-1,五菱牌,马自达牌,364596000000000000 ,364547000000 ,199507,328506,17,1,3,工作日,晚高峰(17-19点),2015-03-24,2015年3月24日,小雨 /阵雨,13℃ / 7℃,东北风 ≤3级 /东北风 ≤3级,小雨,阵雨,13,7,东北风,≤3级,东北风,≤3级,day
2015-05-22 10:00:00,东二环,1、追尾的,负全部责任,不负责任,1,贵AC3131,白色,1,贵A8944K,白色,（观山湖区）蓝天驾驶培训有限公司,吉源驾校,2006/6/16 0:00,2014/11/3 0:00,雅阁牌,吉利牌,366068000000000000 ,364568000000000000 ,198505,199605,10,4,5,工作日,非高峰,2015-05-22,2015年5月22日,阵雨 /阵雨,19℃ / 14℃,东风 ≤3级 /东风 ≤3级,阵雨,阵雨,19,14,东风,≤3级,东风,≤3级,day
2015-04-07 12:20:00,花香村,1、追尾的,负全部责任,不负责任,1,贵AU5639,绿,1,贵FS9953,白,（观山湖区）蓝天驾驶培训有限公司,时发驾校,2008/1/16 0:00,2012/9/3 0:00,三野牌,吉利牌,356166000000000000 ,366061000000000000 ,197710,198101,12,1,4,工作日,非高峰,2015-04-07,2015年4月7日,小雨 /小雨,9℃ / 5℃,东北风 ≤3级 /东北风 ≤3级,小雨,小雨,9,5,东北风,≤3级,东北风,≤3级,day
2015-03-18 18:30:00,花溪大道,7、未按规定让行的 ,负全部责任,不负责任,1,贵AJ3698,蓝,0,贵HBK396,红,（观山湖区）蓝天驾驶培训有限公司,（观山湖区）蓝天驾驶培训有限公司,2009/12/17 0:00,2009/12/17 0:00,黑豹,东风雪铁龙牌,364557000000000000 ,364557000000000000 ,197606,197606,18,2,3,工作日,晚高峰(17-19点),2015-03-18,2015年3月18日,多云 /多云,24℃ / 14℃,南风 ≤3级 /南风 ≤3级,多云,多云,24,14,南风,≤3级,南风,≤3级,day
2015-04-23 15:58:00,马王街,7、未按规定让行的 ,负全部责任,不负责任,1,贵AHQ596,黄,1,贵A6892B,白,（观山湖区）蓝天驾驶培训有限公司,-1,2005/2/5 0:00,-1,奇瑞牌,长安牌,364548000000000000 ,506646000000000000 ,193902,197406,15,3,4,工作日,非高峰,2015-04-23,2015年4月23日,阴 /小雨,16℃ / 10℃,东北风 ≤3级 /东北风 ≤3级,阴,小雨,16,10,东北风,≤3级,东北风,≤3级,day
2015-05-27 19:36:00,三桥,7、未按规定让行的 ,负全部责任,不负责任,0,贵G96234,红,1,贵AU8621,银,（观山湖区）蓝天驾驶培训有限公司,520109,2007/11/7 0:00,2009/9/17 0:00,-1,大阳牌,366063000000000000 ,366067000000000000 ,198109,197602,19,2,5,工作日,晚高峰(17-19点),2015-05-27,2015年5月27日,阴 /阵雨,26℃ / 20℃,南风 ≤3级 /东北风 ≤3级,阴,阵雨,26,20,南风,≤3级,东北风,≤3级,day
2015-03-07 16:33:00,师大,8、依法应负全责的其他情形,负全部责任,不负责任,0,贵A0AY55,蓝,0,贵A59Y63,白,（观山湖区）蓝天驾驶培训有限公司,-1,2007/11/7 0:00,-1,福克斯牌,途威,364548000000000000 ,366046000000000000 ,198302,198141,16,5,3,工作日,非高峰,2015-03-07,2015年3月7日,阴 /小雨,10℃ / 5℃,东风 ≤3级 /东南风 ≤3级,阴,小雨,10,5,东风,≤3级,东南风,≤3级,day
2015-04-28 09:10:00,碧海花园,1、追尾的,负全部责任,不负责任,1,贵AHM748,黑,1,贵AA4474,银,蓝天驾校,贵州现代驾驶培训责任有限公司,2011/7/27 0:00,2004/5/10 0:00,东风标致牌,丰田,364548000000000000 ,364548000000000000 ,199103,195604,9,1,4,工作日,早高峰(7-9点),2015-04-28,2015年4月28日,多云 /多云,25℃ / 15℃,东北风 ≤3级 /东北风 ≤3级,多云,多云,25,15,东北风,≤3级,东北风,≤3级,day
2015-03-09 14:30:00,火车站,7、未按规定让行的 ,负全部责任,不负责任,1,贵CLU323,黑,1,贵A39P31,白,蓝天驾校,新华驾校,2014/3/4 0:00,2011/10/25 0:00,别克牌,北京牌,364548000000000000 ,366566000000000000 ,197410,196805,14,0,3,工作日,非高峰,2015-03-09,2015年3月9日,小雨 /小雨,10℃ / 5℃,东北风 ≤3级 /东北风 ≤3级,小雨,小雨,10,5,东北风,≤3级,东北风,≤3级,day
2015-05-11 18:30:00,观山东路,1、追尾的,负全部责任,不负责任,1,贵A16W33,白色,1,鄂E2Z556,白色,蓝天驾校,-1,2013/10/25 0:00,-1,思威牌,-1,364547000000000000 ,66860500000000000 ,197106,197311,18,0,5,工作日,晚高峰(17-19点),2015-05-11,2015年5月11日,多云 /多云,24℃ / 13℃,东北风 ≤3级 /东北风 ≤3级,多云,多云,24,13,东北风,≤3级,东北风,≤3级,day
2015-03-20 17:00:00,火车站,1、追尾的,负全部责任,不负责任,1,贵A7431T,白色,1,贵A88H97,白色,蓝天驾校,自培,2013/9/26 0:00,2000/4/24 0:00,广州雅阁,别克牌,366568000000000000 ,366346000000000000 ,199505,197509,17,4,3,工作日,晚高峰(17-19点),2015-03-20,2015年3月20日,阴 /阵雨,14℃ / 10℃,东北风 ≤3级 /东北风 ≤3级,阴,阵雨,14,10,东北风,≤3级,东北风,≤3级,day
2015-03-10 17:45:00,涴沙桥,1、追尾的,负全部责任,不负责任,0,贵AKB554,白,1,粤GW7372,银,消防驾校,-1,2010/8/23 0:00,-1,丰田牌,-1,74051500000000000 ,4967520000000000 ,198009,198510,17,1,3,工作日,晚高峰(17-19点),2015-03-10,2015年3月10日,小雨 /小雨,8℃ / 4℃,东北风 ≤3级 /东北风 ≤3级,小雨,小雨,8,4,东北风,≤3级,东北风,≤3级,day
2015-03-24 08:00:00,东二环,7、未按规定让行的 ,负全部责任,不负责任,1,贵A959C7,白色,1,浙DS5K81,白色,-1,预约考试窗口,-1,2006/9/7 0:00,东风牌,夏利,66968500000000000 ,366067000000000000 ,198801,198205,8,1,3,工作日,早高峰(7-9点),2015-03-24,2015年3月24日,小雨 /阵雨,13℃ / 7℃,东北风 ≤3级 /东北风 ≤3级,小雨,阵雨,13,7,东北风,≤3级,东北风,≤3级,day
2015-03-12 08:25:00,长林南路,1、追尾的,负全部责任,不负责任,1,贵A84L58,黑,1,贵GX9825,银,蓝天驾校,四川省蜀安驾校,2013/6/6 0:00,2007/6/11 0:00,索兰托,别克牌,724561000000000000 ,35786651974653328X,197302,198302,8,3,3,工作日,早高峰(7-9点),2015-03-12,2015年3月12日,多云 /多云,16℃ / 10℃,南风 ≤3级 /南风 ≤3级,多云,多云,16,10,南风,≤3级,南风,≤3级,day