accidenttime,accidentaddr,driver1fault,driver1responsibility,driver2responsibility,sex1,platenumber1,carcolor1,sex2,platenumber2,carcolor2,jxmc1,jxmc2,cclzrq1,cclzrq2,clpp1,clpp2,driver1license,driver2license,brith1,brith2,hour,weekday,month,is_weekday,peak_hour,date,日期,天气状况,气温,风力风向,day_wea,night_wea,day_tep,night_tep,day_wind_direction,day_wind_speed,night_wind_direction,night_wind_speed,segment
2015-04-01 12:50:00,西南环线,7、未按规定让行的 ,负全部责任,不负责任,1,贵A4241Y,白色,1,浙D498C3,黑色,顺一驾驶培训学校,-1,2012/6/28 0:00,-1,东风雪铁龙牌,-1,364547000000000000 ,364047000000000000 ,196409,198311,12,2,4,工作日,非高峰,2015-04-01,2015年4月1日,多云 /多云,29℃ / 19℃,南风 ≤3级 /南风 ≤3级,多云,多云,29,19,南风,≤3级,南风,≤3级,day
2015-04-25 15:58:00,新添大道,7、未按规定让行的 ,负全部责任,不负责任,1,贵A75G4,蓝,1,浙B58054,黑,（乌当区）新天驾驶培训有限公司,预约考试窗口,2008/3/12 0:00,2006/11/8 0:00,-1,-1,366347000000000000 ,366868000000000000 ,198110,198407,15,5,4,工作日,非高峰,2015-04-25,2015年4月25日,阴 /阵雨,20℃ / 11℃,东风 ≤3级 /东南风 ≤3级,阴,阵雨,20,11,东风,≤3级,东南风,≤3级,day
2015-03-24 09:10:00,瑞金北路,7、未按规定让行的 ,负全部责任,不负责任,1,云AD5W26,银,1,贵AU7867,蓝,自培,黔东南州正林驾驶培训学校,2003/8/18 0:00,2007/2/15 0:00,夏利,宇通牌,364548000000000000 ,366566000000000000 ,196307,197104,9,1,3,工作日,早高峰(7-9点),2015-03-24,2015年3月24日,小雨 /阵雨,13℃ / 7℃,东北风 ≤3级 /东北风 ≤3级,小雨,阵雨,13,7,东北风,≤3级,东北风,≤3级,day
2015-03-17 14:10:00,白云区,1、追尾的,负全部责任,不负责任,0,贵CJA891,黑,1,贵AP2333,黑,蓝天驾校,十一培,2014/5/7 0:00,1996/1/10 0:00,东风牌,普瑞维亚,366561000000000000 ,376864000000000000 ,197110,197305,14,1,3,工作日,非高峰,2015-03-17,2015年3月17日,多云 /多云,25℃ / 14℃,南风 ≤3级 /南风 ≤3级,多云,多云,25,14,南风,≤3级,南风,≤3级,day
2015-02-06 11:05:00,八匹马,7、未按规定让行的 ,负全部责任,不负责任,1,贵AU6201,绿,1,云A993MJ,黑,-1,自培,-1,2006/9/8 0:00,黄海牌,别克牌,36455700000000000 ,36676251934775445X,195007,198503,11,4,2,工作日,非高峰,2015-02-06,2015年2月6日,多云 /小雨,9℃ / 2℃,南风 ≤3级 /南风 ≤3级,多云,小雨,9,2,南风,≤3级,南风,≤3级,day
2015-04-30 14:30:00,二七小区,3、倒车的,负全部责任,不负责任,1,贵A5BA82,白色,1,贵A0BL11,白色,（经开区）金安驾驶培训有限公司,新华驾校,2009/9/1 0:00,2013/4/18 0:00,东风雪铁龙牌,长安牌,357475000000000000 ,364547000000000000 ,198704,196305,14,3,4,工作日,非高峰,2015-04-30,2015年4月30日,阵雨 /阵雨,25℃ / 17℃,东南风 ≤3级 /东南风 ≤3级,阵雨,阵雨,25,17,东南风,≤3级,东南风,≤3级,day
2015-03-27 15:49:00,金珠东路,7、未按规定让行的 ,负全部责任,不负责任,1,贵ABV041,绿,1,贵A7BX32,白,（经开区）金安驾驶培训有限公司,新华驾校,2009/6/4 0:00,2012/3/27 0:00,翼虎牌,长安牌,366367000000000000 ,366567000000000000 ,196501,199010,15,4,3,工作日,非高峰,2015-03-27,2015年3月27日,阵雨 /阵雨,18℃ / 13℃,南风 ≤3级 /南风 ≤3级,阵雨,阵雨,18,13,南风,≤3级,南风,≤3级,day
2015-04-17 20:47:00,观山湖,7、未按规定让行的 ,负全部责任,不负责任,1,贵BAZ902,银,1,贵BK3308,白,时发驾校,新天驾校,2011/4/25 0:00,2012/8/2 0:00,夏利牌,解放牌,354663000000000000 ,366347000000000000 ,197611,198103,20,4,4,工作日,非高峰,2015-04-17,2015年4月17日,多云 /多云,28℃ / 19℃,南风 ≤3级 /南风 ≤3级,多云,多云,28,19,南风,≤3级,南风,≤3级,night
2015-05-06 10:01:00,新添寨,7、未按规定让行的 ,负全部责任,不负责任,0,贵A1R750,白,1,贵HAX955,黑,诚信东山分校（云岩区）,全林驾校,2015/4/20 0:00,2012/6/15 0:00,-1,-1,364557000000000000 ,364557000000000000 ,197705,199010,10,2,5,工作日,非高峰,2015-05-06,2015年5月6日,多云 /多云,25℃ / 16℃,东北风 ≤3级 /南风 ≤3级,多云,多云,25,16,东北风,≤3级,南风,≤3级,day
2015-02-25 14:30:00,花果园,7、未按规定让行的 ,负全部责任,不负责任,1,贵A36F73,白色,1,贵AKU467,白色,时发驾校,自培,2012/9/7 0:00,1997/10/17 0:00,长安牌,丰田牌,364596000000000000 ,3666520000000000 ,198708,197301,14,2,2,工作日,非高峰,2015-02-25,2015年2月25日,阴 /阵雨,15℃ / 8℃,东北风 ≤3级 /东北风 ≤3级,阴,阵雨,15,8,东北风,≤3级,东北风,≤3级,day
2015-02-10 15:30:00,漓江路,3、倒车的,负全部责任,不负责任,1,贵G79967,白色,1,贵AKR554,白色,时发驾校,520129,2014/4/23 0:00,2009/11/18 0:00,上海别克,东南牌,366566000000000000 ,364551000000000000 ,198903,199101,15,1,2,工作日,非高峰,2015-02-10,2015年2月10日,小雨 /小雨,6℃ / 3℃,东北风 ≤3级 /东风 ≤3级,小雨,小雨,6,3,东北风,≤3级,东风,≤3级,day
2015-03-11 15:00:00,会展城,3、倒车的,负全部责任,不负责任,1,贵HAR668,红,1,贵CAC878,黑,时发驾校,自培,2014/9/3 0:00,2015/1/19 0:00,长安牌,丰田牌,366577000000000000 ,36455751864557405X,199211,197201,15,2,3,工作日,非高峰,2015-03-11,2015年3月11日,阴 /小雨,8℃ / 4℃,东北风 ≤3级 /东北风 ≤3级,阴,小雨,8,4,东北风,≤3级,东北风,≤3级,day
2015-03-18 16:40:00,北京西路,1、追尾的,负全部责任,不负责任,1,贵A3866S,银,1,贵A61C93,黑,时发驾校,-1,2014/4/23 0:00,-1,五菱牌,雪铁龙,364558000000000000 ,356164000000000000 ,198708,197108,16,2,3,工作日,非高峰,2015-03-18,2015年3月18日,多云 /多云,24℃ / 14℃,南风 ≤3级 /南风 ≤3级,多云,多云,24,14,南风,≤3级,南风,≤3级,day
2015-04-17 14:30:00,金阳会展城,7、未按规定让行的 ,负全部责任,不负责任,0,贵A5BM16,黑,1,川AA84T1,蓝,时发驾校,自培,2012/11/23 0:00,2002/8/16 0:00,哈弗牌,东风雪铁龙牌 ,364548000000000000 ,355469000000000000 ,196010,196703,14,4,4,工作日,非高峰,2015-04-17,2015年4月17日,多云 /多云,28℃ / 19℃,南风 ≤3级 /南风 ≤3级,多云,多云,28,19,南风,≤3级,南风,≤3级,day
2015-05-22 18:36:00,红华新天地,1、追尾的,负全部责任,不负责任,1,贵A6BH68,红,1,贵AA8226,红,时发驾校,鑫鑫驾校,2011/12/5 0:00,2014/4/3 0:00,五菱牌,沃尔沃牌,366367000000000000 ,366070000000000000 ,198109,198712,18,4,5,工作日,晚高峰(17-19点),2015-05-22,2015年5月22日,阵雨 /阵雨,19℃ / 14℃,东风 ≤3级 /东风 ≤3级,阵雨,阵雨,19,14,东风,≤3级,东风,≤3级,day
2015-05-08 01:30:00,金阳新客站,7、未按规定让行的 ,负全部责任,不负责任,0,贵A060K,黑,1,贵A3637S,红,时发驾校,-1,2012/10/23 0:00,-1,-1,-1,366577000000000000 ,366067000000000000 ,198610,197209,1,4,5,工作日,非高峰,2015-05-08,2015年5月8日,阵雨 /多云,25℃ / 15℃,东南风 ≤3级 /东北风 ≤3级,阵雨,多云,25,15,东南风,≤3级,东北风,≤3级,night
2015-04-20 13:40:00,漓江路,7、未按规定让行的 ,负全部责任,不负责任,1,贵A8433U,白色,1,贵AU9716,白色,时发驾校（云岩区）,自培,2015/2/27 0:00,2002/4/24 0:00,长安,瑞麒牌,36606751145674670X,366661000000000000 ,199012,197410,13,0,4,工作日,非高峰,2015-04-20,2015年4月20日,阴 /阴,20℃ / 11℃,东北风 ≤3级 /东北风 ≤3级,阴,阴,20,11,东北风,≤3级,东北风,≤3级,day
2015-03-27 08:50:00,苗圃一号,1、追尾的,负全部责任,不负责任,1,贵A6CC79,白色,1,贵GGA746,白色,（白云区）景宏驾驶培训有限公司,吉源驾校,2006/6/15 0:00,2014/6/17 0:00,理念牌,雪佛兰牌,366664000000000000 ,364556000000000000 ,196509,197803,8,4,3,工作日,早高峰(7-9点),2015-03-27,2015年3月27日,阵雨 /阵雨,18℃ / 13℃,南风 ≤3级 /南风 ≤3级,阵雨,阵雨,18,13,南风,≤3级,南风,≤3级,day
2015-04-23 07:10:00,云岩区,3、倒车的,负全部责任,不负责任,1,贵A99M44,黑,0,贵AWC239,黑,（白云区）景宏驾驶培训有限公司,贵州省长安驾驶培训学校,2007/9/29 0:00,2014/10/29 0:00,大众牌,皇冠,366067000000000000 ,364547000000000000 ,197503,198802,7,3,4,工作日,早高峰(7-9点),2015-04-23,2015年4月23日,阴 /小雨,16℃ / 10℃,东北风 ≤3级 /东北风 ≤3级,阴,小雨,16,10,东北风,≤3级,东北风,≤3级,day
2015-04-14 08:30:00,上护国路,7、未按规定让行的 ,负全部责任,不负责任,1,贵AU2357,白色,1,贵A87C64,白色,（白云区）景宏驾驶培训有限公司,自培,2008/1/17 0:00,2005/10/19 0:00,凌肯牌,别克牌,366064000000000000 ,364547000000000000 ,198606,197001,8,1,4,工作日,早高峰(7-9点),2015-04-14,2015年4月14日,晴 /多云,22℃ / 9℃,东风 ≤3级 /东风 ≤3级,晴,多云,22,9,东风,≤3级,东风,≤3级,day
2015-04-23 10:22:00,被禁大道,7、未按规定让行的 ,负全部责任,不负责任,1,贵A38449,黄,1,贵AB674T,红,（白云区）景宏驾驶培训有限公司,（经开区）十一驾驶培训有限公司,2010/6/7 0:00,2015/2/17 0:00,陕汽牌,吉利美日牌,364568000000000000 ,364558000000000000 ,198708,196811,10,3,4,工作日,非高峰,2015-04-23,2015年4月23日,阴 /小雨,16℃ / 10℃,东北风 ≤3级 /东北风 ≤3级,阴,小雨,16,10,东北风,≤3级,东北风,≤3级,day
2015-03-31 07:20:00,大营坡,1、追尾的,负全部责任,不负责任,1,贵A36B95,白,1,贵AA378C,蓝,景宏驾校,铁二局驾校,2012/3/10 0:00,2003/9/12 0:00,起亚牌,力帆牌,364548000000000000 ,364548000000000000 ,197502,197405,7,1,3,工作日,早高峰(7-9点),2015-03-31,2015年3月31日,多云 /多云,28℃ / 19℃,南风 ≤3级 /南风 ≤3级,多云,多云,28,19,南风,≤3级,南风,≤3级,day
2015-03-07 09:00:00,南明区南岳路,4、停车时未挂低速档、未拉驻车制动，导致车辆滑行的,负全部责任,不负责任,1,贵A8BY79,白色,1,贵CHY075,白色,景宏驾校,-1,2013/9/16 0:00,-1,北京牌,起亚牌,364568000000000000 ,366563000000000000 ,198907,198312,9,5,3,工作日,早高峰(7-9点),2015-03-07,2015年3月7日,阴 /小雨,10℃ / 5℃,东风 ≤3级 /东南风 ≤3级,阴,小雨,10,5,东风,≤3级,东南风,≤3级,day
2015-05-02 12:00:00,清溪路,7、未按规定让行的 ,负全部责任,不负责任,1,贵JDZ794,白色,1,贵AU9353,白色,景宏驾校,省交校,2012/9/12 0:00,2009/8/6 0:00,-1,莱宝驰牌,364556000000000000 ,364556000000000000 ,197812,198902,12,5,5,工作日,非高峰,2015-05-02,2015年5月2日,多云 /阵雨,26℃ / 16℃,东北风 ≤3级 /东风 ≤3级,多云,阵雨,26,16,东北风,≤3级,东风,≤3级,day
2015-02-28 20:10:00,民族学院,3、倒车的,负全部责任,不负责任,1,贵A0966T,银,1,贵FV7233,白,（白云区）景宏驾驶培训有限公司,自培,2008/7/31 0:00,2012/6/6 0:00,长安牌,长安牌,366361000000000000 ,366064000000000000 ,198408,199011,20,5,2,工作日,非高峰,2015-02-28,2015年2月28日,小雨 /小雨,8℃ / 4℃,东北风 ≤3级 /东北风 ≤3级,小雨,小雨,8,4,东北风,≤3级,东北风,≤3级,night
2015-04-13 05:59:00,西二环,1、追尾的,负全部责任,不负责任,1,贵A6CC34,白色,1,贵A99S28,白色,（白云区）景宏驾驶培训有限公司,520102,2007/1/17 0:00,2007/11/23 0:00,梅赛德斯-奔驰牌,梅赛德斯-奔驰牌,355266000000000000 ,786167000000000000 ,198602,198907,5,0,4,工作日,非高峰,2015-04-13,2015年4月13日,晴 /多云,23℃ / 8℃,东北风 ≤3级 /东北风 ≤3级,晴,多云,23,8,东北风,≤3级,东北风,≤3级,night
2015-05-06 19:00:00,小河清水江路,7、未按规定让行的 ,负全部责任,不负责任,1,贵AKC234,白色,1,贵AC1202,白色,（白云区）景宏驾驶培训有限公司,-1,2007/1/8 0:00,-1,思域牌,东本牌,364548000000000000 ,366864000000000000 ,197303,198349,19,2,5,工作日,晚高峰(17-19点),2015-05-06,2015年5月6日,多云 /多云,25℃ / 16℃,东北风 ≤3级 /南风 ≤3级,多云,多云,25,16,东北风,≤3级,南风,≤3级,day
2015-03-27 18:26:00,二戈寨,7、未按规定让行的 ,负全部责任,不负责任,1,贵A72E34,白色,1,贵AM9144,白色,（白云区）景宏驾驶培训有限公司,十一驾驶培训有限公司,2007/1/8 0:00,2011/10/17 0:00,东风标致牌,喜力牌,364548000000000000 ,366864000000000000 ,197303,198309,18,4,3,工作日,晚高峰(17-19点),2015-03-27,2015年3月27日,阵雨 /阵雨,18℃ / 13℃,南风 ≤3级 /南风 ≤3级,阵雨,阵雨,18,13,南风,≤3级,南风,≤3级,day
2015-02-06 07:35:00,沙冲路,8、依法应负全责的其他情形,负全部责任,不负责任,1,贵A78K58,黑色,1,贵ALJ316,黑色,景宏驾校,市交校,2011/12/30 0:00,2014/2/12 0:00,东风标致牌,雪佛兰牌,364547000000000000 ,364648000000000000 ,198112,197712,7,4,2,工作日,早高峰(7-9点),2015-02-06,2015年2月6日,多云 /小雨,9℃ / 2℃,南风 ≤3级 /南风 ≤3级,多云,小雨,9,2,南风,≤3级,南风,≤3级,day
2015-04-20 14:45:00,东二环,1、追尾的,负全部责任,不负责任,1,贵GY6893,白色,1,贵A4A463,黑色,景宏驾校,文通驾校,2011/6/29 0:00,2011/7/13 0:00,雪佛兰牌,-1,366369000000000000 ,366064000000000000 ,198903,198309,14,0,4,工作日,非高峰,2015-04-20,2015年4月20日,阴 /阴,20℃ / 11℃,东北风 ≤3级 /东北风 ≤3级,阴,阴,20,11,东北风,≤3级,东北风,≤3级,day
2015-04-03 10:50:00,北京东路,8、依法应负全责的其他情形,负全部责任,不负责任,1,贵A83J45,白,1,赣CN6927,白,景宏驾校,-1,2012/1/9 0:00,-1,海马牌,北京牌,366664000000000000 ,366064000000000000 ,199309,198003,10,4,4,工作日,非高峰,2015-04-03,2015年4月3日,多云 /多云,30℃ / 19℃,南风 ≤3级 /南风 ≤3级,多云,多云,30,19,南风,≤3级,南风,≤3级,day
2015-02-16 16:30:00,瑞金路,7、未按规定让行的 ,负全部责任,不负责任,1,贵AEQ230,白,1,贵AX2038,蓝,（乌当区）新华驾驶培训有限公司,-1,2008/12/16 0:00,-1,奥迪牌,思域牌,364547000000000000 ,7841470000000000 ,198812,198007,16,0,2,工作日,非高峰,2015-02-16,2015年2月16日,阴 /阵雨,15℃ / 9℃,东北风 ≤3级 /东南风 ≤3级,阴,阵雨,15,9,东北风,≤3级,东南风,≤3级,day
2015-05-22 17:30:00,云潭南路,1、追尾的,负全部责任,不负责任,1,贵EV4118,白,1,豫N1F554,白,景宏驾校,黔丰驾校,2013/1/23 0:00,2013/11/5 0:00,-1,-1,366761000000000000 ,364557000000000000 ,199001,197110,17,4,5,工作日,晚高峰(17-19点),2015-05-22,2015年5月22日,阵雨 /阵雨,19℃ / 14℃,东风 ≤3级 /东风 ≤3级,阵雨,阵雨,19,14,东风,≤3级,东风,≤3级,day
2015-04-21 07:30:00,金阳医院,8、依法应负全责的其他情形,负全部责任,不负责任,0,贵AEL542,白,1,贵AU4188,绿,景宏驾校,自培,2011/8/29 0:00,2003/11/26 0:00,东风标致牌,钱江牌,364547000000000000 ,366347000000000000 ,197206,197412,7,1,4,工作日,早高峰(7-9点),2015-04-21,2015年4月21日,阴 /阵雨,17℃ / 10℃,东北风 ≤3级 /东北风 ≤3级,阴,阵雨,17,10,东北风,≤3级,东北风,≤3级,day
2015-04-07 08:00:00,大营路,7、未按规定让行的 ,负全部责任,不负责任,1,贵A7BM84,白,1,贵AWY592,黑,景宏驾校,自培,2014/5/21 0:00,1999/9/13 0:00,长安牌,北京现代,36627351874756500X,366361000000000000 ,197303,196301,8,1,4,工作日,早高峰(7-9点),2015-04-07,2015年4月7日,小雨 /小雨,9℃ / 5℃,东北风 ≤3级 /东北风 ≤3级,小雨,小雨,9,5,东北风,≤3级,东北风,≤3级,day
2015-03-24 08:40:00,瑞金南路,9、不符合前8款规定或者双方同时具有上述情形的,负同等责任,负同等责任,1,贵AP1119,白色,1,贵AU0254,白色,（乌当区）新华驾驶培训有限公司,-1,2004/12/8 0:00,-1,东风标致牌,奇瑞牌,364548000000000000 ,366518000000000 ,198207,606206,8,1,3,工作日,早高峰(7-9点),2015-03-24,2015年3月24日,小雨 /阵雨,13℃ / 7℃,东北风 ≤3级 /东北风 ≤3级,小雨,阵雨,13,7,东北风,≤3级,东北风,≤3级,day
2015-02-12 07:13:00,碧海花园步行街,2、逆行的,负全部责任,不负责任,1,贵FV3013,黑,1,贵AU 7343,绿,（乌当区）新华驾驶培训有限公司,-1,2010/11/3 0:00,-1,吉利美日牌,-1,355467000000000000 ,5616350000000000 ,198009,197012,7,3,2,工作日,早高峰(7-9点),2015-02-12,2015年2月12日,多云 /多云,15℃ / 5℃,南风 ≤3级 /南风 ≤3级,多云,多云,15,5,南风,≤3级,南风,≤3级,day
2015-04-26 17:30:00,长岭北路,1、追尾的,负全部责任,不负责任,1,贵JBS931,红,1,贵AC9002,银,新华驾校,-1,2014/12/30 0:00,-1,福克斯牌,钱江牌,364548000000000000 ,364547000000000000 ,198704,199106,17,6,4,周末,晚高峰(17-19点),2015-04-26,2015年4月26日,阵雨 /阵雨,18℃ / 14℃,东南风 ≤3级 /东北风 ≤3级,阵雨,阵雨,18,14,东南风,≤3级,东北风,≤3级,day
2015-05-02 12:30:00,次南门,7、未按规定让行的 ,负全部责任,不负责任,1,贵ATG985,白,1,贵AHY703,白,（乌当区）新华驾驶培训有限公司,自培,2005/1/19 0:00,2006/7/24 0:00,颐达(TIIDA)牌,雪佛兰牌,364547000000000000 ,364556000000000000 ,197003,197411,12,5,5,工作日,非高峰,2015-05-02,2015年5月2日,多云 /阵雨,26℃ / 16℃,东北风 ≤3级 /东风 ≤3级,多云,阵雨,26,16,东北风,≤3级,东风,≤3级,day
2015-03-13 13:00:00,石板,2、逆行的,负全部责任,不负责任,1,贵AU7926,白色,1,贵AC251F,灰色,新华驾校,青正驾校,2010/8/31 0:00,2004/5/25 0:00,飞肯牌,海马牌,366064000000000000 ,366566000000000000 ,198907,198510,13,4,3,工作日,非高峰,2015-03-13,2015年3月13日,多云 /阵雨,17℃ / 12℃,南风 ≤3级 /南风 ≤3级,多云,阵雨,17,12,南风,≤3级,南风,≤3级,day
2015-04-20 10:45:00,改茶路,3、倒车的,负全部责任,不负责任,1,贵A821F7,白,1,贵AR487,红,（乌当区）新华驾驶培训有限公司,铁二局驾校,2007/7/13 0:00,2010/6/1 0:00,华神牌,-1,364557000000000000 ,355468000000000000 ,197407,197002,10,0,4,工作日,非高峰,2015-04-20,2015年4月20日,阴 /阴,20℃ / 11℃,东北风 ≤3级 /东北风 ≤3级,阴,阴,20,11,东北风,≤3级,东北风,≤3级,day
2015-03-08 11:00:00,枣山路,7、未按规定让行的 ,负全部责任,不负责任,1,贵AU7926,白,1,贵AUA611,白,新华驾校,自培,2010/8/31 0:00,2011/9/21 0:00,恒通客车牌,奇瑞牌,366064000000000000 ,364548000000000000 ,198907,198901,11,6,3,周末,非高峰,2015-03-08,2015年3月8日,小雨 /阴,11℃ / 6℃,东北风 ≤3级 /东北风 ≤3级,小雨,阴,11,6,东北风,≤3级,东北风,≤3级,day
2015-04-27 10:00:00,车管所,7、未按规定让行的 ,负全部责任,不负责任,1,贵A31N51,银,1,贵ACA126,黄,新华驾校,预约考试窗口,2011/4/1 0:00,2007/4/12 0:00,五菱牌,大众汽车牌,366361000000000000 ,355266000000000000 ,197209,198510,10,0,4,工作日,非高峰,2015-04-27,2015年4月27日,阴 /雷阵雨,21℃ / 14℃,东南风 ≤3级 /东北风 ≤3级,阴,雷阵雨,21,14,东南风,≤3级,东北风,≤3级,day
2015-03-06 13:55:00,长岭南路,1、追尾的,负全部责任,不负责任,1,贵FAB743,白,1,贵AHM168,黑,新华驾校,520107,2011/7/18 0:00,2010/3/10 0:00,北京现代牌,海马牌,366066000000000000 ,364547000000000000 ,197210,197702,13,4,3,工作日,非高峰,2015-03-06,2015年3月6日,小雨 /小雨,5℃ / 3℃,东北风 ≤3级 /东北风 ≤3级,小雨,小雨,5,3,东北风,≤3级,东北风,≤3级,day
2015-05-14 14:00:00,南明区,8、依法应负全责的其他情形,负全部责任,不负责任,1,贵AF9494,白色,1,贵A38P18,白色,（乌当区）新华驾驶培训有限公司,自培,2008/4/10 0:00,2003/8/25 0:00,长安,起亚牌,366067000000000000 ,366363000000000000 ,198408,197810,14,3,5,工作日,非高峰,2015-05-14,2015年5月14日,多云 /雷阵雨,27℃ / 20℃,东南风 ≤3级 /南风 ≤3级,多云,雷阵雨,27,20,东南风,≤3级,南风,≤3级,day
2015-03-31 13:30:00,花果园,8、依法应负全责的其他情形,负全部责任,不负责任,1,贵FAB743,银,1,贵AGS371,黑,新华驾校,自培,2011/7/18 0:00,2000/5/20 0:00,北京现代牌,长安牌,366066000000000000 ,364548000000000000 ,197210,198005,13,1,3,工作日,非高峰,2015-03-31,2015年3月31日,多云 /多云,28℃ / 19℃,南风 ≤3级 /南风 ≤3级,多云,多云,28,19,南风,≤3级,南风,≤3级,day
2015-02-11 16:00:00,公园路,7、未按规定让行的 ,负同等责任,负同等责任,1,贵A4AX62,蓝,1,贵AW6871,黑,新华驾校,（南明区）市交通职业技术驾驶培训学校,2012/6/7 0:00,2009/1/19 0:00,奇瑞牌,广本牌,364567000000000000 ,364547000000000000 ,198509,197502,16,2,2,工作日,非高峰,2015-02-11,2015年2月11日,多云 /多云,11℃ / 3℃,东风 ≤3级 /东北风 ≤3级,多云,多云,11,3,东风,≤3级,东北风,≤3级,day
2015-05-25 08:45:00,白金大道路口,1、追尾的,负全部责任,不负责任,1,贵JM6563,蓝,1,贵GL9726,白,新华驾校,520120,2014/10/8 0:00,2008/2/20 0:00,-1,-1,366876000000000000 ,364548000000000000 ,196211,197312,8,0,5,工作日,早高峰(7-9点),2015-05-25,2015年5月25日,多云 /阵雨,26℃ / 19℃,东南风 ≤3级 /东南风 ≤3级,多云,阵雨,26,19,东南风,≤3级,东南风,≤3级,day
2015-04-21 21:50:00,贵阳高速收费站,3、倒车的,负全部责任,不负责任,1,贵AQ4882,白,1,贵A9177Y,黑,新华驾校,-1,2012/3/14 0:00,-1,奇瑞牌,斯柯达牌,356164000000000000 ,366368000000000000 ,196810,198708,21,1,4,工作日,非高峰,2015-04-21,2015年4月21日,阴 /阵雨,17℃ / 10℃,东北风 ≤3级 /东北风 ≤3级,阴,阵雨,17,10,东北风,≤3级,东北风,≤3级,night
2015-03-14 16:30:00,三桥,8、依法应负全责的其他情形,负全部责任,不负责任,1,贵A5513F,银,1,贵AU0460,蓝,新华驾校,时发,2014/7/13 0:00,2005/12/21 0:00,奥铃牌,华夏牌,364568000000000000 ,366064000000000000 ,199009,198209,16,5,3,工作日,非高峰,2015-03-14,2015年3月14日,阴 /阴,17℃ / 12℃,南风 ≤3级 /东南风 ≤3级,阴,阴,17,12,南风,≤3级,东南风,≤3级,day
2015-04-13 09:30:00,贵开路,8、依法应负全责的其他情形,负全部责任,不负责任,1,贵FX7204,黑,0,贵A87F62,黑,毕节地区黔中汽车(摩托车)驾驶培训学校,全林驾校,-1,2015/2/26 0:00,五菱牌,别克牌,366068000000000000 ,366361000000000000 ,198811,197905,9,0,4,工作日,早高峰(7-9点),2015-04-13,2015年4月13日,晴 /多云,23℃ / 8℃,东北风 ≤3级 /东北风 ≤3级,晴,多云,23,8,东北风,≤3级,东北风,≤3级,day
2015-03-06 08:25:00,解放路,7、未按规定让行的 ,负全部责任,不负责任,1,贵FN6043,黑色,1,贵AU2381,绿色,毕节地区黔中汽车(摩托车)驾驶培训学校,#,-1,2006/6/15 0:00,长安牌,大力神牌,366068000000000000 ,366368000000000000 ,198003,198010,8,4,3,工作日,早高峰(7-9点),2015-03-06,2015年3月6日,小雨 /小雨,5℃ / 3℃,东北风 ≤3级 /东北风 ≤3级,小雨,小雨,5,3,东北风,≤3级,东北风,≤3级,day
2015-05-19 18:00:00,云峰路,7、未按规定让行的 ,负全部责任,不负责任,0,贵A0774X,白,1,贵APE743,黑,新华驾校,自培,2013/4/18 0:00,2002/8/14 0:00,中华牌,吉奥牌,364558000000000000 ,366064000000000000 ,198008,198312,18,1,5,工作日,晚高峰(17-19点),2015-05-19,2015年5月19日,阵雨 /大雨,25℃ / 18℃,东北风 ≤3级 /南风 ≤3级,阵雨,大雨,25,18,东北风,≤3级,南风,≤3级,day
2015-03-24 13:20:00,九州巷,3、倒车的,负全部责任,不负责任,1,贵AAJ561,白色,1,贵AD2769,白色,六盘水市天鹏驾驶学校,-1,2010/1/21 0:00,-1,一汽佳星牌,桑塔纳,364551000000000000 ,366548000000000000 ,198707,195811,13,1,3,工作日,非高峰,2015-03-24,2015年3月24日,小雨 /阵雨,13℃ / 7℃,东北风 ≤3级 /东北风 ≤3级,小雨,阵雨,13,7,东北风,≤3级,东北风,≤3级,day
2015-05-04 09:00:00,西南环线,8、依法应负全责的其他情形,负全部责任,不负责任,1,贵A91896,白色,1,贵GM5202,白色,六盘水市天鹏驾驶学校,-1,2012/5/28 0:00,-1,豪爵牌,-1,36464751815564345X,364646000000000000 ,197911,199004,9,0,5,工作日,早高峰(7-9点),2015-05-04,2015年5月4日,阵雨 /阵雨,20℃ / 14℃,东北风 ≤3级 /东北风 ≤3级,阵雨,阵雨,20,14,东北风,≤3级,东北风,≤3级,day
2015-04-04 11:20:00,西南环线,9、不符合前8款规定或者双方同时具有上述情形的,负同等责任,负同等责任,1,贵AHY594,白色,1,贵A37681,白色,惠水县黔岭机动车驾驶培训有限公司,520129,-1,2010/8/24 0:00,昊锐牌,福田牌,364556000000000000 ,364566000000000000 ,197601,198710,11,5,4,工作日,非高峰,2015-04-04,2015年4月4日,多云 /多云,29℃ / 18℃,南风 ≤3级 /南风 ≤3级,多云,多云,29,18,南风,≤3级,南风,≤3级,day
2015-02-17 11:30:00,大营坡,7、未按规定让行的 ,负全部责任,不负责任,1,贵A032C7,银,1,贵AU8223,红,黔南州兴鑫汽车驾驶培训学校,新天驾校,-1,2011/7/18 0:00,金杯牌,宝来牌,366566000000000000 ,366068000000000000 ,197912,198212,11,1,2,工作日,非高峰,2015-02-17,2015年2月17日,阴 /阴,17℃ / 11℃,东南风 ≤3级 /南风 ≤3级,阴,阴,17,11,东南风,≤3级,南风,≤3级,day
2015-02-09 21:00:00,化工路,3、倒车的,负全部责任,不负责任,1,贵A99W43,蓝,0,贵A19G96,黑,福泉市锦程机动车驾驶培训学校,-1,2011/7/29 0:00,-1,凌派牌,起亚牌,364557000000000000 ,36626551935449323X,198801,198510,21,0,2,工作日,非高峰,2015-02-09,2015年2月9日,阴 /小雨,6℃ / 4℃,东北风 ≤3级 /东北风 ≤3级,阴,小雨,6,4,东北风,≤3级,东北风,≤3级,night