accidenttime,accidentaddr,driver1fault,driver1responsibility,driver2responsibility,sex1,platenumber1,carcolor1,sex2,platenumber2,carcolor2,jxmc1,jxmc2,cclzrq1,cclzrq2,clpp1,clpp2,driver1license,driver2license,brith1,brith2,hour,weekday,month,is_weekday,peak_hour,date,日期,天气状况,气温,风力风向,day_wea,night_wea,day_tep,night_tep,day_wind_direction,day_wind_speed,night_wind_direction,night_wind_speed,segment
2015-05-19 11:00:00,延安西路,1、追尾的,负全部责任,不负责任,1,贵DBZ632,黄,1,贵A38B65,红,玉屏顺达驾驶培训学校,时发驾校,-1,2011/8/30 0:00,-1,捷达牌,366668000000000000 ,364548000000000000 ,197510,198504,11,1,5,工作日,非高峰,2015-05-19,2015年5月19日,阵雨 /大雨,25℃ / 18℃,东北风 ≤3级 /南风 ≤3级,阵雨,大雨,25,18,东北风,≤3级,南风,≤3级,day
2015-02-16 11:44:00,大十字,8、依法应负全责的其他情形,负全部责任,不负责任,1,贵JS7597,蓝,1,贵H61821,黑,黔南州兴鑫汽车驾驶培训学校,-1,2010/3/2 0:00,-1,大众汽车牌,北京现代牌,366862000000000000 ,366269000000000000 ,199012,195610,11,0,2,工作日,非高峰,2015-02-16,2015年2月16日,阴 /阵雨,15℃ / 9℃,东北风 ≤3级 /东南风 ≤3级,阴,阵雨,15,9,东北风,≤3级,东南风,≤3级,day
2015-04-16 20:30:00,中曹司,7、未按规定让行的 ,负全部责任,不负责任,1,贵AEF287,白色,1,贵A8964V,白色,印江民兴机动车驾驶培训有限公司,市交校,2013/10/15 0:00,2012/7/31 0:00,颐达牌,起亚,366663000000000000 ,366046000000000000 ,199406,199012,20,3,4,工作日,非高峰,2015-04-16,2015年4月16日,多云 /多云,29℃ / 17℃,南风 ≤3级 /南风 ≤3级,多云,多云,29,17,南风,≤3级,南风,≤3级,night
2015-04-08 14:48:00,鹿冲关,1、追尾的,负全部责任,不负责任,1,浙A4RW11,黄,1,贵A6200L,红,黔南州兴鑫汽车驾驶培训学校,520123,-1,2011/4/12 0:00,奥路卡牌,东风标致牌,366875000000000000 ,366862000000000000 ,198004,198212,14,2,4,工作日,非高峰,2015-04-08,2015年4月8日,小雨 /小雨,10℃ / 6℃,东北风 ≤3级 /东北风 ≤3级,小雨,小雨,10,6,东北风,≤3级,东北风,≤3级,day
2015-04-09 21:05:00,云峰大道,1、追尾的,负全部责任,不负责任,0,贵A082A3,黑,1,贵BAB507,银,贵州省石阡泉都(启灵)驾驶培训有限责任公司,-1,2011/5/17 0:00,-1,福田牌,捷达,366661000000000000 ,364558000000000000 ,197905,196903,21,3,4,工作日,非高峰,2015-04-09,2015年4月9日,阴 /小雨,11℃ / 7℃,东北风 ≤3级 /东北风 ≤3级,阴,小雨,11,7,东北风,≤3级,东北风,≤3级,night
2015-05-08 21:31:00,云环路,7、未按规定让行的 ,负全部责任,不负责任,1,贵A20581,蓝,0,贵A8AR86,白,余庆县乾顺汽车驾驶培训学校,金大驾校,-1,2013/8/8 0:00,三一牌,长城牌,366562000000000000 ,364558000000000000 ,198908,199101,21,4,5,工作日,非高峰,2015-05-08,2015年5月8日,阵雨 /多云,25℃ / 15℃,东南风 ≤3级 /东北风 ≤3级,阵雨,多云,25,15,东南风,≤3级,东北风,≤3级,night
2015-04-17 15:00:00,浦江路,6、违反交通信号的,负全部责任,不负责任,1,贵A5230J,白色,1,贵A544G8,白色,黔西县顺风机动车驾驶学校有限公司,鑫鑫驾校,2011/4/12 0:00,2014/5/7 0:00,长安牌,长安牌,366061000000000000 ,364551000000000000 ,197203,199402,15,4,4,工作日,非高峰,2015-04-17,2015年4月17日,多云 /多云,28℃ / 19℃,南风 ≤3级 /南风 ≤3级,多云,多云,28,19,南风,≤3级,南风,≤3级,day
2015-03-19 12:50:00,沙冲南路,1、追尾的,负全部责任,不负责任,1,贵FK9677,黑色,1,贵AU6686,白色,遵义市海通机动车驾驶培训学校,平坝驾校,-1,2008/3/27 0:00,思威牌,恒通客车牌,36606051965457647X,366363000000000000 ,198210,198510,12,3,3,工作日,非高峰,2015-03-19,2015年3月19日,多云 /阵雨,26℃ / 12℃,南风 ≤3级 /东北风 ≤3级,多云,阵雨,26,12,南风,≤3级,东北风,≤3级,day
2015-05-09 10:00:00,贵惠大道,1、追尾的,负全部责任,不负责任,1,贵A8128H,白色,1,贵A12G24,白色,印江民兴机动车驾驶培训有限公司,自培,2013/10/15 0:00,2009/11/25 0:00,五菱牌,长城牌,366663000000000000 ,364566000000000000 ,199406,198602,10,5,5,工作日,非高峰,2015-05-09,2015年5月9日,阵雨 /阵雨,23℃ / 16℃,东北风 ≤3级 /东南风 ≤3级,阵雨,阵雨,23,16,东北风,≤3级,东南风,≤3级,day
2015-03-15 17:30:00,长岭南路,1、追尾的,负全部责任,不负责任,1,贵DAZ861,银,1,贵GR2658,红,沿河县阳光摩托车驾驶培训有限公司,自培,2011/5/3 0:00,2002/8/19 0:00,神鹰牌,北京牌,366670000000000000 ,366068000000000000 ,197606,195708,17,6,3,周末,晚高峰(17-19点),2015-03-15,2015年3月15日,阴 /阴,18℃ / 13℃,东风 ≤3级 /南风 ≤3级,阴,阴,18,13,东风,≤3级,南风,≤3级,day
2015-02-10 10:05:00,尖山路,7、未按规定让行的 ,负全部责任,不负责任,1,贵A263C3,银,1,贵HS7146,黑,黔西县顺风机动车驾驶学校有限公司,自培,2011/11/21 0:00,2013/2/22 0:00,五十铃牌,江铃全顺牌,366067000000000000 ,366347000000000000 ,198112,196907,10,1,2,工作日,非高峰,2015-02-10,2015年2月10日,小雨 /小雨,6℃ / 3℃,东北风 ≤3级 /东风 ≤3级,小雨,小雨,6,3,东北风,≤3级,东风,≤3级,day
2015-04-06 09:00:00,沙冲路,7、未按规定让行的 ,负全部责任,不负责任,1,贵DCL864,白色,1,贵AU6812,白色,铜仁地区锦宏咨询服务有限公司驾驶培训学校,自培,-1,1998/8/24 0:00,雷诺,宇通牌,36666551244161526X,364547000000000000 ,196009,196909,9,0,4,工作日,早高峰(7-9点),2015-04-06,2015年4月6日,阵雨 /阵雨,17℃ / 7℃,东北风 ≤3级 /东北风 ≤3级,阵雨,阵雨,17,7,东北风,≤3级,东北风,≤3级,day
2015-05-22 15:00:00,同心路,7、未按规定让行的 ,负全部责任,不负责任,1,贵A7249M,红,0,贵AB184S,黑,铜仁地区锦宏咨询服务有限公司驾驶培训学校,自培,-1,2004/7/19 0:00,朗逸牌,大众牌,366669000000000000 ,36454651924248525X,197812,198606,15,4,5,工作日,非高峰,2015-05-22,2015年5月22日,阵雨 /阵雨,19℃ / 14℃,东风 ≤3级 /东风 ≤3级,阵雨,阵雨,19,14,东风,≤3级,东风,≤3级,day
2015-05-24 10:55:00,头桥,9、不符合前8款规定或者双方同时具有上述情形的,负同等责任,负同等责任,1,贵JCP172,白,1,贵CQL099,黑,黔南州华晟驾驶培训学校,吉源驾校,-1,2012/11/7 0:00,-1,-1,366846000000000000 ,366546000000000000 ,196902,198812,10,6,5,周末,非高峰,2015-05-24,2015年5月24日,多云 /阴,24℃ / 18℃,东风 ≤3级 /东南风 ≤3级,多云,阴,24,18,东风,≤3级,东南风,≤3级,day
2015-03-18 11:30:00,兴筑路,7、未按规定让行的 ,负全部责任,不负责任,1,贵A82074,红,1,贵AV0741,白,黔南州华晟驾驶培训学校,-1,2010/1/12 0:00,-1,跃进,双健牌,366864000000000000 ,366368000000000000 ,197604,198712,11,2,3,工作日,非高峰,2015-03-18,2015年3月18日,多云 /多云,24℃ / 14℃,南风 ≤3级 /南风 ≤3级,多云,多云,24,14,南风,≤3级,南风,≤3级,day
2015-04-14 17:00:00,市西路,1、追尾的,负全部责任,不负责任,1,贵JS7823,黑,0,粤EBB932,黑,瓮安县江沣机动车驾驶培训学校有限公司,-1,2014/6/17 0:00,-1,起亚牌,凯迪拉克SRX跨界车,366864000000000000 ,736569000000000000 ,197811,196802,17,1,4,工作日,晚高峰(17-19点),2015-04-14,2015年4月14日,晴 /多云,22℃ / 9℃,东风 ≤3级 /东风 ≤3级,晴,多云,22,9,东风,≤3级,东风,≤3级,day
2015-02-16 09:25:00,上河城,9、不符合前8款规定或者双方同时具有上述情形的,负同等责任,负同等责任,1,贵AV1587,白色,1,贵AV6154,白色,铜仁地区锦宏咨询服务有限公司驾驶培训学校,蓝天驾校,2011/6/30 0:00,1998/9/30 0:00,隆鑫牌,喜马牌,366663000000000000 ,366876000000000000 ,198308,197603,9,0,2,工作日,早高峰(7-9点),2015-02-16,2015年2月16日,阴 /阵雨,15℃ / 9℃,东北风 ≤3级 /东南风 ≤3级,阴,阵雨,15,9,东北风,≤3级,东南风,≤3级,day
2015-04-23 01:30:00,商贸城,1、追尾的,负全部责任,不负责任,1,贵AHW119,白,1,贵A2968R,白,长顺县誉达驾驶培训有限公司,-1,2011/3/29 0:00,-1,东风雪铁龙牌,长安,366068000000000000 ,366368000000000000 ,198412,197610,1,3,4,工作日,非高峰,2015-04-23,2015年4月23日,阴 /小雨,16℃ / 10℃,东北风 ≤3级 /东北风 ≤3级,阴,小雨,16,10,东北风,≤3级,东北风,≤3级,night
2015-04-20 16:40:00,乌当,1、追尾的,负全部责任,不负责任,1,贵JB1482,黄,1,贵GT5545,银,黔南金都汽车驾驶学校,铁二局驾校,-1,2012/5/21 0:00,起亚牌,东风雪铁龙牌,366875000000000000 ,364557000000000000 ,198610,198605,16,0,4,工作日,非高峰,2015-04-20,2015年4月20日,阴 /阴,20℃ / 11℃,东北风 ≤3级 /东北风 ≤3级,阴,阴,20,11,东北风,≤3级,东北风,≤3级,day
2015-03-07 11:50:00,金阳一中,1、追尾的,负全部责任,不负责任,0,贵AU8927,黄,1,贵AVE286,银,遵义市恒达机动车驾驶员培训学校,520107,2010/6/17 0:00,2010/3/10 0:00,宗申牌,大众汽车牌,366662000000000000 ,366061000000000000 ,198308,198808,11,5,3,工作日,非高峰,2015-03-07,2015年3月7日,阴 /小雨,10℃ / 5℃,东风 ≤3级 /东南风 ≤3级,阴,小雨,10,5,东风,≤3级,东南风,≤3级,day
2015-05-20 18:40:00,北京西路,7、未按规定让行的 ,负全部责任,不负责任,0,贵GJP367,白,1,贵A46L44,白,黔南金都汽车驾驶学校,-1,2012/11/29 0:00,-1,-1,雪佛兰牌,36606051984662446X,366267000000000000 ,198702,198406,18,2,5,工作日,晚高峰(17-19点),2015-05-20,2015年5月20日,阴 /阵雨,23℃ / 17℃,东北风 ≤3级 /东北风 ≤3级,阴,阵雨,23,17,东北风,≤3级,东北风,≤3级,day
2015-04-18 08:30:00,中曹司,1、追尾的,负全部责任,不负责任,1,贵A64B92,白色,1,贵JN6354,白色,黔南金都汽车驾驶学校,（白云区）景宏驾驶培训有限公司,-1,2007/3/20 0:00,比亚迪牌,嘉陵牌,74367500000000000 ,366876000000000000 ,197702,198401,8,5,4,工作日,早高峰(7-9点),2015-04-18,2015年4月18日,多云 /雷阵雨,29℃ / 16℃,南风 ≤3级 /南风 ≤3级,多云,雷阵雨,29,16,南风,≤3级,南风,≤3级,day
2015-05-08 10:30:00,中曹司,7、未按规定让行的 ,负全部责任,不负责任,1,贵A9728C,白色,1,贵JR6976,白色,黔南金都汽车驾驶学校,（白云区）景宏驾驶培训有限公司,-1,2007/3/20 0:00,威志牌,-1,74367500000000000 ,366876000000000000 ,197702,198401,10,4,5,工作日,非高峰,2015-05-08,2015年5月8日,阵雨 /多云,25℃ / 15℃,东南风 ≤3级 /东北风 ≤3级,阵雨,多云,25,15,东南风,≤3级,东北风,≤3级,day
2015-05-04 13:00:00,花果园,3、倒车的,负全部责任,不负责任,1,贵BV2321,白色,1,冀J71059,白色,威宁县草海汽车驾驶培训有限公司,无,-1,2003/10/28 0:00,-1,-1,366069000000000000 ,354366000000000000 ,199009,196601,13,0,5,工作日,非高峰,2015-05-04,2015年5月4日,阵雨 /阵雨,20℃ / 14℃,东北风 ≤3级 /东北风 ≤3级,阵雨,阵雨,20,14,东北风,≤3级,东北风,≤3级,day
2015-03-03 16:01:00,云谈北路,7、未按规定让行的 ,负全部责任,不负责任,1,贵AT401B,黑,1,贵AHQ597,黑,毕节地区宏强汽车(摩托车)驾驶培训学校,预约考试窗口,-1,2007/2/6 0:00,-1,江铃牌,366064000000000000 ,784556000000000000 ,199211,196009,16,1,3,工作日,非高峰,2015-03-03,2015年3月3日,小雨 /小雨,8℃ / 3℃,东北风 ≤3级 /东北风 ≤3级,小雨,小雨,8,3,东北风,≤3级,东北风,≤3级,day
2015-03-02 17:40:00,花果园,7、未按规定让行的 ,负全部责任,不负责任,1,川X65165,黑色,1,粤BC065F,白色,-1,-1,-1,-1,\N,别克牌,356147000000000000 ,76174500000000000 ,196502,198305,17,0,3,工作日,晚高峰(17-19点),2015-03-02,2015年3月2日,阴 /小雨,9℃ / 2℃,东北风 ≤3级 /东北风 ≤3级,阴,小雨,9,2,东北风,≤3级,东北风,≤3级,day
2015-04-05 20:10:00,油榨街,7、未按规定让行的 ,负全部责任,不负责任,1,贵GM3377,红,1,粤AX4L34,黑,贵州现代驾驶培训责任有限公司,-1,2014/4/9 0:00,-1,雪佛兰,指南者,364547000000000000 ,674241000000000000 ,198106,199006,20,6,4,周末,非高峰,2015-04-05,2015年4月5日,阴 /阵雨,30℃ / 12℃,南风 ≤3级 /东北风 ≤3级,阴,阵雨,30,12,南风,≤3级,东北风,≤3级,night
2015-03-28 18:00:00,云岩区,3、倒车的,负全部责任,不负责任,1,贵A3239K,白,1,粤B33C16,黄,-1,-1,-1,-1,解放牌,BUICK,356046000000000000 ,74066500000000000 ,198405,199309,18,5,3,工作日,晚高峰(17-19点),2015-03-28,2015年3月28日,阵雨 /雷阵雨,17℃ / 14℃,南风 ≤3级 /南风 ≤3级,阵雨,雷阵雨,17,14,南风,≤3级,南风,≤3级,day
2015-03-25 18:30:00,中坝,7、未按规定让行的 ,负全部责任,不负责任,0,贵AS6565,黑,1,粤B5M4C9,白,贵州现代驾驶培训责任有限公司,贵州现代驾驶培训责任有限公司,2012/1/17 0:00,2014/9/18 0:00,标致,缤智牌,230667000000000000 ,74062500000000000 ,198212,198612,18,2,3,工作日,晚高峰(17-19点),2015-03-25,2015年3月25日,阴 /阵雨,14℃ / 9℃,东北风 ≤3级 /东北风 ≤3级,阴,阵雨,14,9,东北风,≤3级,东北风,≤3级,day
2015-02-14 10:35:00,石板农贸市场,7、未按规定让行的 ,负全部责任,不负责任,1,贵GGB033,白色,1,豫RA8218,白色,吉源驾校,-1,2014/4/2 0:00,-1,大众汽车牌,桑塔纳,364556000000000000 ,55763500000000000 ,199211,198608,10,5,2,工作日,非高峰,2015-02-14,2015年2月14日,阵雨 /雷阵雨,16℃ / 10℃,南风 ≤3级 /南风 ≤3级,阵雨,雷阵雨,16,10,南风,≤3级,南风,≤3级,day
2015-03-21 16:40:00,北京西路,1、追尾的,负全部责任,不负责任,1,贵A882F2,白,1,粤B2L3W1,白,安顺市开发区千合机动车培训学校,-1,2010/8/4 0:00,-1,华神牌,奥迪牌,364066000000000000 ,666044000000000000 ,198601,197608,16,5,3,工作日,非高峰,2015-03-21,2015年3月21日,阴 /阴,16℃ / 11℃,东北风 ≤3级 /东南风 ≤3级,阴,阴,16,11,东北风,≤3级,东南风,≤3级,day
2015-03-04 15:40:00,兴筑西路,9、不符合前8款规定或者双方同时具有上述情形的,负同等责任,负同等责任,1,贵CM4526,银,1,粤B29603,蓝,湄潭县江南驾驶培训有限公司,-1,2014/12/16 0:00,-1,五菱牌,蓝箭,366569000000000000 ,36346500000000000 ,197907,978051,15,2,3,工作日,非高峰,2015-03-04,2015年3月4日,小雨 /小雨,6℃ / 1℃,东北风 ≤3级 /东北风 ≤3级,小雨,小雨,6,1,东北风,≤3级,东北风,≤3级,day
2015-04-29 08:30:00,珠江路,7、未按规定让行的 ,负全部责任,不负责任,1,贵A27234,白色,1,贵AA426W,白色,威宁县草海汽车驾驶培训有限公司,文通驾校,2012/3/14 0:00,2011/4/13 0:00,豪泺牌,夏利牌,366069000000000000 ,366061000000000000 ,198708,199109,8,2,4,工作日,早高峰(7-9点),2015-04-29,2015年4月29日,阵雨 /阵雨,26℃ / 16℃,东北风 ≤3级 /东南风 ≤3级,阵雨,阵雨,26,16,东北风,≤3级,东南风,≤3级,day
2015-03-27 10:40:00,三桥,3、倒车的,负全部责任,不负责任,1,贵A3318N,白,1,豫RDX154,黑,（观山湖区）诚信驾驶培训有限公司,-1,2008/11/26 0:00,-1,五菱牌,北京现代牌,364557000000000000 ,56162500000000000 ,197501,197411,10,4,3,工作日,非高峰,2015-03-27,2015年3月27日,阵雨 /阵雨,18℃ / 13℃,南风 ≤3级 /南风 ≤3级,阵雨,阵雨,18,13,南风,≤3级,南风,≤3级,day
2015-03-04 19:10:00,南垭路,7、未按规定让行的 ,负全部责任,不负责任,1,贵AM7392,黑,0,贵A5G405,黑,大方大山汽车驾驶培训学校,（花溪区）凯信驾驶培训有限公司,-1,2015/2/10 0:00,吉利牌,马自达牌,366067000000000000 ,364596000000000000 ,196802,198702,19,2,3,工作日,晚高峰(17-19点),2015-03-04,2015年3月4日,小雨 /小雨,6℃ / 1℃,东北风 ≤3级 /东北风 ≤3级,小雨,小雨,6,1,东北风,≤3级,东北风,≤3级,day
2015-04-07 14:30:00,白云区,1、追尾的,负全部责任,不负责任,1,贵FQ8419,银,1,贵AV6769,黑,毕节市奇康驾驶培训学校,鑫鑫驾校,-1,2012/10/19 0:00,吉利美日牌,雅阁牌,366046000000000000 ,36636651974156696X,199007,198309,14,1,4,工作日,非高峰,2015-04-07,2015年4月7日,小雨 /小雨,9℃ / 5℃,东北风 ≤3级 /东北风 ≤3级,小雨,小雨,9,5,东北风,≤3级,东北风,≤3级,day
2015-05-30 19:00:00,花溪,3、倒车的,负全部责任,不负责任,1,贵FV1066,白色,1,贵GJ8432,白色,毕节市奇康驾驶培训学校,-1,2014/8/25 0:00,-1,-1,-1,366046000000000000 ,36455551174365535X,199206,199305,19,5,5,工作日,晚高峰(17-19点),2015-05-30,2015年5月30日,阵雨 /阵雨,23℃ / 17℃,东北风 ≤3级 /东风 ≤3级,阵雨,阵雨,23,17,东北风,≤3级,东风,≤3级,day
2015-03-12 14:15:00,金苏大道,1、追尾的,负全部责任,不负责任,1,贵A38960,蓝,1,贵A479E7,蓝,大方大山汽车驾驶培训学校,其他,-1,2009/4/13 0:00,松花江,长城牌,366067000000000000 ,366567000000000000 ,198009,198405,14,3,3,工作日,非高峰,2015-03-12,2015年3月12日,多云 /多云,16℃ / 10℃,南风 ≤3级 /南风 ≤3级,多云,多云,16,10,南风,≤3级,南风,≤3级,day
2015-04-09 17:40:00,富源路,9、不符合前8款规定或者双方同时具有上述情形的,负同等责任,负同等责任,1,贵AED897,银,1,桂KG4817,红,大方大山汽车驾驶培训学校,大方大山汽车驾驶培训学校,-1,2003/12/29 0:00,明锐牌,\N,366067000000000000 ,34160500000000000 ,199207,198402,17,3,4,工作日,晚高峰(17-19点),2015-04-09,2015年4月9日,阴 /小雨,11℃ / 7℃,东北风 ≤3级 /东北风 ≤3级,阴,小雨,11,7,东北风,≤3级,东北风,≤3级,day
2015-03-28 09:30:00,文昌南路,1、追尾的,负全部责任,不负责任,1,贵H49B15,白色,1,贵AWY726,白色,金沙县驰航驾驶培训学校,自培,-1,2001/1/26 0:00,-1,捷豹XF,366061000000000000 ,364547000000000000 ,198702,195811,9,5,3,工作日,早高峰(7-9点),2015-03-28,2015年3月28日,阵雨 /雷阵雨,17℃ / 14℃,南风 ≤3级 /南风 ≤3级,阵雨,雷阵雨,17,14,南风,≤3级,南风,≤3级,day
2015-05-26 14:19:00,白云区工装加油站,7、未按规定让行的 ,负全部责任,不负责任,1,粤B8972J,蓝,1,川E77869,蓝,遵义县南白机动车驾驶员培训学校,-1,2012/6/4 0:00,-1,-1,-1,366546000000000000 ,354361000000000000 ,198908,197412,14,1,5,工作日,非高峰,2015-05-26,2015年5月26日,阵雨 /雷阵雨,26℃ / 20℃,东南风 ≤3级 /东北风 ≤3级,阵雨,雷阵雨,26,20,东南风,≤3级,东北风,≤3级,day
2015-05-14 09:50:00,相宝山,3、倒车的,负全部责任,不负责任,1,贵A32H28,黑,1,贵ADY355,红,贵州省黔东南州金凯驾驶学校,520127,2010/12/8 0:00,2009/9/5 0:00,雷克萨斯,夏利牌,366246000000000000 ,364547000000000000 ,199112,196108,9,3,5,工作日,早高峰(7-9点),2015-05-14,2015年5月14日,多云 /雷阵雨,27℃ / 20℃,东南风 ≤3级 /南风 ≤3级,多云,雷阵雨,27,20,东南风,≤3级,南风,≤3级,day
2015-03-14 10:10:00,花果园,1、追尾的,负全部责任,不负责任,1,渝BT4936,银,1,贵AJN034,银,黔东南州新峰汽车驾驶培训学校,-1,2009/11/10 0:00,-1,无,颐达牌,366267000000000000 ,366563000000000000 ,198312,198501,10,5,3,工作日,非高峰,2015-03-14,2015年3月14日,阴 /阴,17℃ / 12℃,南风 ≤3级 /东南风 ≤3级,阴,阴,17,12,南风,≤3级,东南风,≤3级,day
2015-05-01 16:20:00,大关,1、追尾的,负全部责任,不负责任,1,贵AU4852,黄,1,贵AV2281,红,绥阳县平安机动车驾驶员培训学校,新华驾校,2011/6/14 0:00,2011/7/19 0:00,重骑牌,迈腾牌,366567000000000000 ,344676000000000000 ,199112,198902,16,4,5,工作日,非高峰,2015-05-01,2015年5月1日,阵雨 /多云,25℃ / 14℃,东南风 ≤3级 /东北风 ≤3级,阵雨,多云,25,14,东南风,≤3级,东北风,≤3级,day
2015-02-06 16:00:00,贵乌中路,1、追尾的,负全部责任,不负责任,1,贵AKK741,白色,1,贵A7PK6P,黄色,湄潭县江南驾驶培训有限公司,自培,-1,1994/7/5 0:00,宝骏,-1,364568000000000000 ,364547000000000000 ,198705,196707,16,4,2,工作日,非高峰,2015-02-06,2015年2月6日,多云 /小雨,9℃ / 2℃,南风 ≤3级 /南风 ≤3级,多云,小雨,9,2,南风,≤3级,南风,≤3级,day
2015-03-13 17:10:00,乌当,1、追尾的,负全部责任,不负责任,1,贵A90748,红,1,贵GM4451,黄,凤冈阳光驾驶员培训有限责任公司,全林驾校,-1,2012/11/21 0:00,解放牌,长城牌,366569000000000000 ,36455651204859587X,198403,196407,17,4,3,工作日,晚高峰(17-19点),2015-03-13,2015年3月13日,多云 /阵雨,17℃ / 12℃,南风 ≤3级 /南风 ≤3级,多云,阵雨,17,12,南风,≤3级,南风,≤3级,day
2015-04-27 17:00:00,金阳,1、追尾的,负全部责任,不负责任,1,贵AU1278,黄,1,贵ACP331,银,习水县汽车驾驶培训学校,-1,2012/1/16 0:00,-1,建设-雅马哈牌,帕萨特牌,366577000000000000 ,54663500000000000 ,198105,198803,17,0,4,工作日,晚高峰(17-19点),2015-04-27,2015年4月27日,阴 /雷阵雨,21℃ / 14℃,东南风 ≤3级 /东北风 ≤3级,阴,雷阵雨,21,14,东南风,≤3级,东北风,≤3级,day
2015-02-15 21:40:00,百花大道, ,负同等责任,负同等责任,0,贵A9573J,黑,1,贵A5AV82,黑,遵义县鸭溪振兴机动车驾驶培训学校,遵义县鸭溪振兴机动车驾驶培训学校,-1,1995/2/12 0:00,雪佛兰牌,吉利牌,364557000000000000 ,364548000000000000 ,197306,197309,21,6,2,周末,非高峰,2015-02-15,2015年2月15日,多云 /阴,19℃ / 8℃,南风 ≤3级 /东北风 ≤3级,多云,阴,19,8,南风,≤3级,东北风,≤3级,night
2015-04-24 12:50:00,新添大道,7、未按规定让行的 ,负全部责任,不负责任,1,贵CVA898,白,1,贵A0K013,白,遵义市驰龙封闭式汽车驾驶培训有限公司,消防驾校,-1,2015/2/2 0:00,-1,吉利牌,366569000000000000 ,36656251144657645X,198510,199002,12,4,4,工作日,非高峰,2015-04-24,2015年4月24日,阴 /小雨,16℃ / 11℃,东风 ≤3级 /东风 ≤3级,阴,小雨,16,11,东风,≤3级,东风,≤3级,day
2015-05-23 14:00:00,南二环,1、追尾的,负全部责任,不负责任,1,贵HV1119,白色,1,贵AK5352,白色,贵州省黔东南州金凯驾驶学校,自培,2010/12/8 0:00,2003/1/10 0:00,-1,途威,366246000000000000 ,366364000000000000 ,199112,196410,14,5,5,工作日,非高峰,2015-05-23,2015年5月23日,阵雨 /阴,19℃ / 14℃,东北风 ≤3级 /东北风 ≤3级,阵雨,阴,19,14,东北风,≤3级,东北风,≤3级,day
2015-04-03 13:00:00,金阳,8、依法应负全责的其他情形,负全部责任,不负责任,1,贵CLE958,白,1,贵AU5861,白,遵义市驰龙封闭式汽车驾驶培训有限公司,-1,2012/5/27 0:00,-1,北京现代牌,捷达牌,366563000000000000 ,366577000000000000 ,198708,197211,13,4,4,工作日,非高峰,2015-04-03,2015年4月3日,多云 /多云,30℃ / 19℃,南风 ≤3级 /南风 ≤3级,多云,多云,30,19,南风,≤3级,南风,≤3级,day
2015-03-08 19:40:00,白云北路,1、追尾的,负全部责任,不负责任,1,贵APC622,银,1,贵AUA442,蓝,遵义县机动车驾驶培训学校,自培,-1,1996/8/30 0:00,朗风,吉利美日牌,366367000000000000 ,364548000000000000 ,197712,197803,19,6,3,周末,晚高峰(17-19点),2015-03-08,2015年3月8日,小雨 /阴,11℃ / 6℃,东北风 ≤3级 /东北风 ≤3级,小雨,阴,11,6,东北风,≤3级,东北风,≤3级,day
2015-03-18 16:41:00,杨家山隧道,1、追尾的,负全部责任,不负责任,1,贵AK8111,黑色,1,贵ATB625,白色,遵义市泥桥诚兴汽车驾驶培训学校,自培,-1,2001/7/30 0:00,奔驰,长城牌,366068000000000000 ,366068000000000000 ,197710,198109,16,2,3,工作日,非高峰,2015-03-18,2015年3月18日,多云 /多云,24℃ / 14℃,南风 ≤3级 /南风 ≤3级,多云,多云,24,14,南风,≤3级,南风,≤3级,day
2015-04-12 09:00:00,水东路,8、依法应负全责的其他情形,负全部责任,不负责任,1,贵A8199N,白色,1,贵A57A93,白色,遵义市泥桥诚兴汽车驾驶培训学校,全林驾校,-1,2012/10/15 0:00,金杯牌,起亚牌,366068000000000000 ,36455651144174585X,197710,199009,9,6,4,周末,早高峰(7-9点),2015-04-12,2015年4月12日,晴 /多云,21℃ / 7℃,东风 ≤3级 /东风 ≤3级,晴,多云,21,7,东风,≤3级,东风,≤3级,day
2015-03-29 12:00:00,沙冲路,1、追尾的,负全部责任,不负责任,1,贵CGT855,白色,1,贵A35R66,白色,遵义市驰龙封闭式汽车驾驶培训有限公司,预约考试窗口,-1,2006/9/4 0:00,中华牌,风神牌,36656551915456567X,364547000000000000 ,198910,197110,12,6,3,周末,非高峰,2015-03-29,2015年3月29日,阴 /多云,18℃ / 15℃,东风 ≤3级 /南风 ≤3级,阴,多云,18,15,东风,≤3级,南风,≤3级,day
2015-03-17 06:20:00,白云南路,8、依法应负全责的其他情形,负全部责任,不负责任,1,贵CAP375,黑,1,贵GN2236,银,遵义市航天汽车驾驶员培训有限公司,-1,2011/6/29 0:00,-1,别克牌,北京现代牌,357966000000000000 ,366363000000000000 ,198310,197712,6,1,3,工作日,非高峰,2015-03-17,2015年3月17日,多云 /多云,25℃ / 14℃,南风 ≤3级 /南风 ≤3级,多云,多云,25,14,南风,≤3级,南风,≤3级,day
2015-03-04 04:30:00,南明区摆郡路,8、依法应负全责的其他情形,负全部责任,不负责任,1,贵AMR925,白色,1,贵A69G17,白色,余庆县江北机动车驾驶培训学校,520106,-1,2009/5/31 0:00,五菱牌,大众汽车牌,366562000000000000 ,364547000000000000 ,198111,198709,4,2,3,工作日,非高峰,2015-03-04,2015年3月4日,小雨 /小雨,6℃ / 1℃,东北风 ≤3级 /东北风 ≤3级,小雨,小雨,6,1,东北风,≤3级,东北风,≤3级,night
2015-02-02 09:55:00,二戈寨,7、未按规定让行的 ,负全部责任,不负责任,1,贵APS271,黑色,1,贵GN2189,白色,（南明区）铁二局驾驶培训有限公司,520106,2008/9/4 0:00,2003/5/23 0:00,丰田牌,东风雪铁龙牌,376361000000000000 ,354669000000000000 ,198906,197605,9,0,2,工作日,早高峰(7-9点),2015-02-02,2015年2月2日,阴 /小雨,7℃ / 3℃,南风 ≤3级 /东南风 ≤3级,阴,小雨,7,3,南风,≤3级,东南风,≤3级,day