accidenttime,accidentaddr,driver1fault,driver1responsibility,driver2responsibility,sex1,platenumber1,carcolor1,sex2,platenumber2,carcolor2,jxmc1,jxmc2,cclzrq1,cclzrq2,clpp1,clpp2,driver1license,driver2license,brith1,brith2,hour,weekday,month,is_weekday,peak_hour,date,日期,天气状况,气温,风力风向,day_wea,night_wea,day_tep,night_tep,day_wind_direction,day_wind_speed,night_wind_direction,night_wind_speed,segment
2015-05-14 21:30:00,北二环,1、追尾的,负全部责任,不负责任,1,贵B73022,黑,1,贵AM6871,红,（南明区）铁二局驾驶培训有限公司,自培,2009/8/13 0:00,2010/8/19 0:00,-1,奥迪牌,366067000000000000 ,366364000000000000 ,198703,197511,21,3,5,工作日,非高峰,2015-05-14,2015年5月14日,多云 /雷阵雨,27℃ / 20℃,东南风 ≤3级 /南风 ≤3级,多云,雷阵雨,27,20,东南风,≤3级,南风,≤3级,night
2015-04-04 15:15:00,石林路,7、未按规定让行的 ,负全部责任,不负责任,1,贵ATL526,黑,1,贵GK1522,黑,（南明区）铁二局驾驶培训有限公司,贵大佳德驾驶培训学,2005/4/14 0:00,2008/4/1 0:00,威志牌,别克牌,726062000000000000 ,366061000000000000 ,197108,198211,15,5,4,工作日,非高峰,2015-04-04,2015年4月4日,多云 /多云,29℃ / 18℃,南风 ≤3级 /南风 ≤3级,多云,多云,29,18,南风,≤3级,南风,≤3级,day
2015-03-11 14:10:00,百花大道,7、未按规定让行的 ,负全部责任,不负责任,1,贵A88669,黄,1,贵AU0618,蓝,遵义市泥桥诚兴汽车驾驶培训学校,长运驾校,-1,1999/10/25 0:00,豪爵牌,恒通客车牌,366566000000000000 ,366068000000000000 ,198103,197805,14,2,3,工作日,非高峰,2015-03-11,2015年3月11日,阴 /小雨,8℃ / 4℃,东北风 ≤3级 /东北风 ≤3级,阴,小雨,8,4,东北风,≤3级,东北风,≤3级,day
2015-02-14 00:00:00,沙冲路海宁皮带城对门,3、倒车的,负全部责任,不负责任,1,贵A5AR62,黑色,1,贵GP8090,白色,全林驾校,-1,2009/5/20 0:00,-1,斯柯达牌,丰田牌,366068000000000000 ,366375000000000000 ,197410,197810,0,5,2,工作日,非高峰,2015-02-14,2015年2月14日,阵雨 /雷阵雨,16℃ / 10℃,南风 ≤3级 /南风 ≤3级,阵雨,雷阵雨,16,10,南风,≤3级,南风,≤3级,night
2015-03-06 18:50:00,涴沙桥,7、未按规定让行的 ,负全部责任,不负责任,1,贵A7F010,黄,1,贵A35L67,白,（南明区）铁二局驾驶培训有限公司,（南明区）贵工大驾驶培训有限公司,2004/12/30 0:00,2013/5/28 0:00,-1,翼搏牌,364547000000000000 ,364547000000000000 ,196201,199006,18,4,3,工作日,晚高峰(17-19点),2015-03-06,2015年3月6日,小雨 /小雨,5℃ / 3℃,东北风 ≤3级 /东北风 ≤3级,小雨,小雨,5,3,东北风,≤3级,东北风,≤3级,day
2015-03-29 14:00:00,南二环,7、未按规定让行的 ,负全部责任,不负责任,1,贵A405D1,白色,1,贵A1072R,白色,铁二局驾校,520117,2010/10/29 0:00,2008/5/29 0:00,解放牌,吉利美日牌,364547000000000000 ,36606351814548067X,198603,197901,14,6,3,周末,非高峰,2015-03-29,2015年3月29日,阴 /多云,18℃ / 15℃,东风 ≤3级 /南风 ≤3级,阴,多云,18,15,东风,≤3级,南风,≤3级,day
2015-03-21 15:00:00,大营坡,7、未按规定让行的 ,负全部责任,不负责任,1,贵ALV448,红,1,贵A19H29,红,（南明区）铁二局驾驶培训有限公司,自培,2005/5/30 0:00,2006/6/20 0:00,别克牌,福克斯牌,366562000000000000 ,364548000000000000 ,197309,198305,15,5,3,工作日,非高峰,2015-03-21,2015年3月21日,阴 /阴,16℃ / 11℃,东北风 ≤3级 /东南风 ≤3级,阴,阴,16,11,东北风,≤3级,东南风,≤3级,day
2015-05-22 21:30:00,航天大道,7、未按规定让行的 ,负全部责任,不负责任,0,贵A13W66,白,1,贵A6BZ12,白,铁二局驾校,520130,2010/12/7 0:00,2010/12/2 0:00,神行者2,宝马,366367000000000000 ,54169500000000000 ,197906,199010,21,4,5,工作日,非高峰,2015-05-22,2015年5月22日,阵雨 /阵雨,19℃ / 14℃,东风 ≤3级 /东风 ≤3级,阵雨,阵雨,19,14,东风,≤3级,东风,≤3级,night
2015-04-13 15:26:00,合肥路,3、倒车的,负全部责任,不负责任,1,贵CX1009,黑,1,贵AN4611,黑,（南明区）铁二局驾驶培训有限公司,六盘水市宏安驾驶培训学校,2008/8/12 0:00,-1,丰田牌,轰轰烈牌,366570000000000000 ,366861000000000000 ,198707,197711,15,0,4,工作日,非高峰,2015-04-13,2015年4月13日,晴 /多云,23℃ / 8℃,东北风 ≤3级 /东北风 ≤3级,晴,多云,23,8,东北风,≤3级,东北风,≤3级,day
2015-05-21 14:25:00,西南商贸城,7、未按规定让行的 ,负全部责任,不负责任,1,贵A9643E,白,1,贵A978E6,红,（南明区）铁二局驾驶培训有限公司,-1,2008/1/9 0:00,-1,解放牌,长安牌,366068000000000000 ,366346000000000000 ,197912,198205,14,3,5,工作日,非高峰,2015-05-21,2015年5月21日,阴 /阵雨,24℃ / 16℃,东风 ≤3级 /东风 ≤3级,阴,阵雨,24,16,东风,≤3级,东风,≤3级,day
2015-03-17 12:00:00,君临城,3、倒车的,负全部责任,不负责任,1,贵A58B54,黑,1,贵A0349,黑,铁二局驾校,金安驾校,2011/5/26 0:00,2005/5/30 0:00,长安牌,比亚迪牌,364548000000000000 ,364548000000000000 ,196411,196802,12,1,3,工作日,非高峰,2015-03-17,2015年3月17日,多云 /多云,25℃ / 14℃,南风 ≤3级 /南风 ≤3级,多云,多云,25,14,南风,≤3级,南风,≤3级,day
2015-05-21 20:20:00,贵遵高速,1、追尾的,负全部责任,不负责任,1,贵FAT532,黄,1,贵A831F2,黑,（南明区）铁二局驾驶培训有限公司,自培,2010/5/21 0:00,2002/6/28 0:00,-1,江淮牌,364568000000000000 ,366361000000000000 ,199002,197412,20,3,5,工作日,非高峰,2015-05-21,2015年5月21日,阴 /阵雨,24℃ / 16℃,东风 ≤3级 /东风 ≤3级,阴,阵雨,24,16,东风,≤3级,东风,≤3级,night
2015-05-08 17:40:00,小河转盘,7、未按规定让行的 ,负全部责任,不负责任,1,贵A3CE86,白色,1,贵GV9442,白色,铁二局驾校,自培,2011/10/9 0:00,2005/9/6 0:00,大众汽车牌,-1,366667000000000000 ,366067000000000000 ,198805,197503,17,4,5,工作日,晚高峰(17-19点),2015-05-08,2015年5月8日,阵雨 /多云,25℃ / 15℃,东南风 ≤3级 /东北风 ≤3级,阵雨,多云,25,15,东南风,≤3级,东北风,≤3级,day
2015-05-05 12:00:00,邮电大楼,7、未按规定让行的 ,负全部责任,不负责任,1,贵A77K24,白色,1,贵AH6454,白色,铁二局驾校,自培,2012/8/31 0:00,2004/12/13 0:00,长安牌,红旗,36606251214049431X,36454651295667606X,196904,196812,12,1,5,工作日,非高峰,2015-05-05,2015年5月5日,阵雨 /阵雨,21℃ / 15℃,南风 ≤3级 /南风 ≤3级,阵雨,阵雨,21,15,南风,≤3级,南风,≤3级,day
2015-02-09 17:40:00,师大天桥转盘处,9、不符合前8款规定或者双方同时具有上述情形的,负同等责任,负同等责任,1,贵A39844,白色,1,贵A19G43,黑色,铁二局驾校,铁二局驾校,2012/3/1 0:00,2004/4/10 0:00,豪泺牌,思威牌,364548000000000000 ,366561000000000000 ,198810,197603,17,0,2,工作日,晚高峰(17-19点),2015-02-09,2015年2月9日,阴 /小雨,6℃ / 4℃,东北风 ≤3级 /东北风 ≤3级,阴,小雨,6,4,东北风,≤3级,东北风,≤3级,day
2015-03-10 10:20:00,金清路,8、依法应负全责的其他情形,负全部责任,不负责任,1,贵AAFL781,黑,1,贵J32965,红,铁二局驾校,-1,2012/11/14 0:00,-1,-1,佳宝,366364000000000000 ,366844000000 ,196909,30692,10,1,3,工作日,非高峰,2015-03-10,2015年3月10日,小雨 /小雨,8℃ / 4℃,东北风 ≤3级 /东北风 ≤3级,小雨,小雨,8,4,东北风,≤3级,东北风,≤3级,day
2015-04-15 10:08:00,云峰大道,7、未按规定让行的 ,负全部责任,不负责任,1,贵A8721K,白,1,贵AUA524,蓝,铁二局驾校,自培,2014/9/9 0:00,2001/7/24 0:00,波罗牌,吉利美日牌,76062500000000000 ,364558000000000000 ,197006,198009,10,2,4,工作日,非高峰,2015-04-15,2015年4月15日,多云 /多云,24℃ / 16℃,东南风 ≤3级 /南风 ≤3级,多云,多云,24,16,东南风,≤3级,南风,≤3级,day
2015-05-05 17:00:00,孟关,8、依法应负全责的其他情形,负全部责任,不负责任,1,豫QNB652,白色,1,贵A7Q614,白色,铁二局驾校,-1,2014/8/1 0:00,-1,-1,-1,56969500000000000 ,675448000000000000 ,198911,198906,17,1,5,工作日,晚高峰(17-19点),2015-05-05,2015年5月5日,阵雨 /阵雨,21℃ / 15℃,南风 ≤3级 /南风 ≤3级,阵雨,阵雨,21,15,南风,≤3级,南风,≤3级,day
2015-04-06 17:00:00,花溪,7、未按规定让行的 ,负全部责任,不负责任,1,贵A86K34,白色,1,贵A12R12,白色,铁二局驾校,自培,2014/9/9 0:00,2000/7/5 0:00,跨界高尔夫,东南牌,366664000000000000 ,364547000000000000 ,198002,196808,17,0,4,工作日,晚高峰(17-19点),2015-04-06,2015年4月6日,阵雨 /阵雨,17℃ / 7℃,东北风 ≤3级 /东北风 ≤3级,阵雨,阵雨,17,7,东北风,≤3级,东北风,≤3级,day
2015-05-13 08:00:00,解放路,7、未按规定让行的 ,负全部责任,不负责任,1,贵A19G73,白色,1,贵A41M38,白色,铁二局驾校,铁二局驾校,2013/9/2 0:00,2013/3/28 0:00,长安牌,东风雪铁龙牌,364547000000000000 ,366068000000000000 ,197009,198012,8,2,5,工作日,早高峰(7-9点),2015-05-13,2015年5月13日,多云 /阵雨,26℃ / 19℃,东南风 ≤3级 /东南风 ≤3级,多云,阵雨,26,19,东南风,≤3级,东南风,≤3级,day
2015-03-01 15:00:00,宾阳大道,7、未按规定让行的 ,负全部责任,不负责任,1,贵AB285S,白,1,贵A2466Y,黑,铁二局驾校,预约考试窗口,2012/12/6 0:00,2006/6/9 0:00,吉利全球鹰牌,众泰牌,366670000000000000 ,364557000000000000 ,197910,198207,15,6,3,周末,非高峰,2015-03-01,2015年3月1日,阴 /阴,9℃ / 3℃,东风 ≤3级 /南风 ≤3级,阴,阴,9,3,东风,≤3级,南风,≤3级,day
2015-04-23 23:00:00,小河转盘,7、未按规定让行的 ,负全部责任,不负责任,1,贵GN7869,白色,1,贵A669H8,白色,（南明区）铁二局驾驶培训有限公司,-1,2005/8/11 0:00,-1,锋范牌,东风牌,366369000000000000 ,366876000000000000 ,197510,199112,23,3,4,工作日,非高峰,2015-04-23,2015年4月23日,阴 /小雨,16℃ / 10℃,东北风 ≤3级 /东北风 ≤3级,阴,小雨,16,10,东北风,≤3级,东北风,≤3级,night
2015-03-27 16:40:00,中华南路,8、依法应负全责的其他情形,负全部责任,不负责任,1,贵A2BG57,白,1,贵AAR747,黑,贵工驾校,520108,2005/6/7 0:00,2008/11/19 0:00,金旅牌,汗血悍马牌,36454751905641095X,364547000000000000 ,198412,197310,16,4,3,工作日,非高峰,2015-03-27,2015年3月27日,阵雨 /阵雨,18℃ / 13℃,南风 ≤3级 /南风 ≤3级,阵雨,阵雨,18,13,南风,≤3级,南风,≤3级,day
2015-03-07 17:50:00,金阳客站,7、未按规定让行的 ,负全部责任,不负责任,1,贵AP3905,红,1,贵AHB824,银,（南明区）铁二局驾驶培训有限公司,贵大佳德驾驶培训学,2005/2/21 0:00,2009/6/1 0:00,力帆牌,红旗牌,366364000000000000 ,366864000000000000 ,197001,197402,17,5,3,工作日,晚高峰(17-19点),2015-03-07,2015年3月7日,阴 /小雨,10℃ / 5℃,东风 ≤3级 /东南风 ≤3级,阴,小雨,10,5,东风,≤3级,东南风,≤3级,day
2015-03-27 16:40:00,中华南路,9、不符合前8款规定或者双方同时具有上述情形的,负同等责任,负同等责任,1,贵A2BG57,白,1,贵AAR747,黑,贵工驾校,520108,2005/6/7 0:00,2008/11/19 0:00,金旅牌,汗血悍马牌,36454751905641095X,364547000000000000 ,198412,197310,16,4,3,工作日,非高峰,2015-03-27,2015年3月27日,阵雨 /阵雨,18℃ / 13℃,南风 ≤3级 /南风 ≤3级,阵雨,阵雨,18,13,南风,≤3级,南风,≤3级,day
2015-04-11 12:00:00,黎阳大道,7、未按规定让行的 ,负全部责任,不负责任,1,贵ARR111,银,1,贵JA6453,黑,（南明区）铁二局驾驶培训有限公司,-1,2006/5/11 0:00,-1,长安牌,东风雪铁龙牌,364568000000000000 ,354366000000000000 ,198612,198711,12,5,4,工作日,非高峰,2015-04-11,2015年4月11日,多云 /多云,15℃ / 9℃,东北风 ≤3级 /东风 ≤3级,多云,多云,15,9,东北风,≤3级,东风,≤3级,day
2015-04-04 04:00:00,南明区小碧乡,7、未按规定让行的 ,负全部责任,不负责任,1,贵AWY712,白色,1,贵GM1184,白色,（南明区）铁二局驾驶培训有限公司,吉源驾校,2006/12/29 0:00,2015/2/15 0:00,长安牌,东风牌,366361000000000000 ,366577000000000000 ,197310,199205,4,5,4,工作日,非高峰,2015-04-04,2015年4月4日,多云 /多云,29℃ / 18℃,南风 ≤3级 /南风 ≤3级,多云,多云,29,18,南风,≤3级,南风,≤3级,night
2015-03-13 21:00:00,宝山南路,7、未按规定让行的 ,负全部责任,不负责任,1,贵GR2778,黑,1,贵A31R35,白,（南明区）铁二局驾驶培训有限公司,520118,2007/8/1 0:00,2009/9/10 0:00,马自达牌,北京现代牌,364547000000000000 ,364547000000000000 ,197208,198312,21,4,3,工作日,非高峰,2015-03-13,2015年3月13日,多云 /阵雨,17℃ / 12℃,南风 ≤3级 /南风 ≤3级,多云,阵雨,17,12,南风,≤3级,南风,≤3级,night
2015-03-29 16:00:00,师大门口,1、追尾的,负全部责任,不负责任,1,贵GT9781,白色,1,贵A33033,白色,（南明区）铁二局驾驶培训有限公司,金大驾校,2007/9/19 0:00,2014/9/19 0:00,马自达牌,丰田牌,364547000000000000 ,364547000000000000 ,198907,198906,16,6,3,周末,非高峰,2015-03-29,2015年3月29日,阴 /多云,18℃ / 15℃,东风 ≤3级 /南风 ≤3级,阴,多云,18,15,东风,≤3级,南风,≤3级,day
2015-03-26 08:35:00,观水路,1、追尾的,负全部责任,不负责任,1,贵ARK923,白色,1,贵FN6959,白色,（南明区）铁二局驾驶培训有限公司,-1,2009/5/11 0:00,-1,马自达牌,莲花牌,364548000000000000 ,366367000000000000 ,198411,197608,8,3,3,工作日,早高峰(7-9点),2015-03-26,2015年3月26日,阴 /阵雨,17℃ / 12℃,南风 ≤3级 /南风 ≤3级,阴,阵雨,17,12,南风,≤3级,南风,≤3级,day
2015-03-20 12:30:00,五里冲,1、追尾的,负全部责任,不负责任,1,小型,黄,1,贵A26J92,白,（南明区）铁二局驾驶培训有限公司,时发驾校,2009/5/11 0:00,2012/7/27 0:00,-1,翼搏牌,36606251904663443X,364548000000000000 ,198402,196903,12,4,3,工作日,非高峰,2015-03-20,2015年3月20日,阴 /阵雨,14℃ / 10℃,东北风 ≤3级 /东北风 ≤3级,阴,阵雨,14,10,东北风,≤3级,东北风,≤3级,day
2015-05-13 10:00:00,二戈寨,7、未按规定让行的 ,负全部责任,不负责任,1,贵CFY126,白色,1,贵HN9646,白色,（南明区）铁二局驾驶培训有限公司,-1,2007/8/1 0:00,-1,-1,-1,366566000000000000 ,36686951155564595X,197103,199111,10,2,5,工作日,非高峰,2015-05-13,2015年5月13日,多云 /阵雨,26℃ / 19℃,东南风 ≤3级 /东南风 ≤3级,多云,阵雨,26,19,东南风,≤3级,东南风,≤3级,day
2015-05-11 11:00:00,会展城,7、未按规定让行的 ,负全部责任,不负责任,1,贵A9243F,白,1,贵A2971Y,黑,（南明区）铁二局驾驶培训有限公司,路路达驾校,2009/5/11 0:00,2012/5/4 0:00,大众汽车牌,北京牌,364557000000000000 ,36456751165554005X,197806,199211,11,0,5,工作日,非高峰,2015-05-11,2015年5月11日,多云 /多云,24℃ / 13℃,东北风 ≤3级 /东北风 ≤3级,多云,多云,24,13,东北风,≤3级,东北风,≤3级,day
2015-03-10 16:17:00,汤粑关,7、未按规定让行的 ,负全部责任,不负责任,1,贵A94E26,黑色,1,贵AW1755,黑色,（南明区）铁二局驾驶培训有限公司,自培,2008/10/24 0:00,2006/12/28 0:00,东风日产牌,中豪牌,364567000000000000 ,366361000000000000 ,198706,198309,16,1,3,工作日,非高峰,2015-03-10,2015年3月10日,小雨 /小雨,8℃ / 4℃,东北风 ≤3级 /东北风 ≤3级,小雨,小雨,8,4,东北风,≤3级,东北风,≤3级,day
2015-03-20 08:03:00,会展城,3、倒车的,负全部责任,不负责任,1,贵AM5750,红,1,浙CC8A92,白,（南明区）铁二局驾驶培训有限公司,-1,2009/6/12 0:00,-1,丰田牌,-1,366663000000000000 ,77476251874366875X,196712,197305,8,4,3,工作日,早高峰(7-9点),2015-03-20,2015年3月20日,阴 /阵雨,14℃ / 10℃,东北风 ≤3级 /东北风 ≤3级,阴,阵雨,14,10,东北风,≤3级,东北风,≤3级,day
2015-03-12 07:00:00,解放路,7、未按规定让行的 ,负全部责任,不负责任,1,贵ALM477,白色,1,贵CCF133,黑色,（南明区）铁二局驾驶培训有限公司,自培,2006/4/28 0:00,2003/12/30 0:00,东风牌,长城牌,354669000000000000 ,366546000000000000 ,196306,196301,7,3,3,工作日,早高峰(7-9点),2015-03-12,2015年3月12日,多云 /多云,16℃ / 10℃,南风 ≤3级 /南风 ≤3级,多云,多云,16,10,南风,≤3级,南风,≤3级,day
2015-03-17 17:38:00,小河,1、追尾的,负全部责任,不负责任,1,贵GR4259,白色,1,贵A6EA37,黑色,铁二局驾校,自培,2014/1/8 0:00,2007/6/26 0:00,本田牌,别克牌,256361000000000000 ,366367000000000000 ,197704,198108,17,1,3,工作日,晚高峰(17-19点),2015-03-17,2015年3月17日,多云 /多云,25℃ / 14℃,南风 ≤3级 /南风 ≤3级,多云,多云,25,14,南风,≤3级,南风,≤3级,day
2015-04-30 20:40:00,白云区,7、未按规定让行的 ,负全部责任,不负责任,1,贵A82X98,黑,0,贵ARZ023,红,铁二局驾校,新华驾校,2012/1/12 0:00,2014/12/30 0:00,大众汽车牌,奥路卡牌,366368000000000000 ,36455651834540636X,197602,197501,20,3,4,工作日,非高峰,2015-04-30,2015年4月30日,阵雨 /阵雨,25℃ / 17℃,东南风 ≤3级 /东南风 ≤3级,阵雨,阵雨,25,17,东南风,≤3级,东南风,≤3级,night
2015-03-14 14:25:00,二铺,7、未按规定让行的 ,负全部责任,不负责任,1,贵AMX125,银,1,川C28835,黑,铁二局驾校,-1,2011/3/15 0:00,-1,长城牌,-1,366347000000000000 ,355557000000000000 ,197011,197401,14,5,3,工作日,非高峰,2015-03-14,2015年3月14日,阴 /阴,17℃ / 12℃,南风 ≤3级 /东南风 ≤3级,阴,阴,17,12,南风,≤3级,东南风,≤3级,day
2015-03-30 11:21:00, 甲秀南路,1、追尾的,负全部责任,不负责任,1,贵A59F16,白,1,贵CQC265,白,铁二局驾校,-1,2011/3/22 0:00,-1,江铃全顺牌,吉利美日牌,364557000000000000 ,366575000000000000 ,199104,198811,11,0,3,工作日,非高峰,2015-03-30,2015年3月30日,晴 /多云,24℃ / 17℃,南风 ≤3级 /南风 ≤3级,晴,多云,24,17,南风,≤3级,南风,≤3级,day
2015-03-10 09:00:00,新添大道,7、未按规定让行的 ,负全部责任,不负责任,1,贵A3159A,蓝,1,贵AU5868,黑,全林驾校,纳雍县顺达驾校,2012/1/17 0:00,2008/3/18 0:00,江南牌,大阳牌,364557000000000000 ,366063000000000000 ,197112,198911,9,1,3,工作日,早高峰(7-9点),2015-03-10,2015年3月10日,小雨 /小雨,8℃ / 4℃,东北风 ≤3级 /东北风 ≤3级,小雨,小雨,8,4,东北风,≤3级,东北风,≤3级,day
2015-02-11 15:50:00,金线下行贡路段,1、追尾的,负全部责任,不负责任,1,贵A53R93,蓝,1,贵A8135W,灰,铁二局驾校,十一驾驶培训有限公司,2012/6/27 0:00,2014/11/18 0:00,思域牌,北京牌,364557000000000000 ,364557000000000000 ,199308,198410,15,2,2,工作日,非高峰,2015-02-11,2015年2月11日,多云 /多云,11℃ / 3℃,东风 ≤3级 /东北风 ≤3级,多云,多云,11,3,东风,≤3级,东北风,≤3级,day
2015-04-30 16:00:00,市一医,8、依法应负全责的其他情形,负全部责任,不负责任,1,贵DX5672,白色,1,贵A13B34,白色,铁二局驾校,-1,2013/11/6 0:00,-1,宝骏牌,长安牌,366669000000000000 ,344663000000000000 ,197406,196601,16,3,4,工作日,非高峰,2015-04-30,2015年4月30日,阵雨 /阵雨,25℃ / 17℃,东南风 ≤3级 /东南风 ≤3级,阵雨,阵雨,25,17,东南风,≤3级,东南风,≤3级,day
2015-05-28 14:00:00,孟关,7、未按规定让行的 ,负全部责任,不负责任,1,贵AF427F2,白色,1,贵A5SA05,白色,铁二局驾校,铁二局驾校,2013/7/9 0:00,2015/1/8 0:00,-1,-1,364556000000000000 ,364547000000000000 ,199312,195804,14,3,5,工作日,非高峰,2015-05-28,2015年5月28日,多云 /雷阵雨,29℃ / 19℃,南风 ≤3级 /东南风 ≤3级,多云,雷阵雨,29,19,南风,≤3级,东南风,≤3级,day
2015-03-15 15:44:00,金阳南路,7、未按规定让行的 ,负全部责任,不负责任,1,贵A1326P,白,1,贵A76H49,黑,铁二局驾校,全林驾校,2013/10/24 0:00,2013/3/14 0:00,长安牌,长城牌,366767000000000000 ,364557000000000000 ,198912,199209,15,6,3,周末,非高峰,2015-03-15,2015年3月15日,阴 /阴,18℃ / 13℃,东风 ≤3级 /南风 ≤3级,阴,阴,18,13,东风,≤3级,南风,≤3级,day
2015-04-14 12:30:00,贵州大学,3、倒车的,负全部责任,不负责任,1,贵AS3745,红,0,浙K7498F,黑,铁二局驾校,-1,2014/10/22 0:00,-1,富路牌,大众汽车牌,366346000000000000 ,776367000000000000 ,198304,198903,12,1,4,工作日,非高峰,2015-04-14,2015年4月14日,晴 /多云,22℃ / 9℃,东风 ≤3级 /东风 ≤3级,晴,多云,22,9,东风,≤3级,东风,≤3级,day
2015-04-10 22:00:00,小河300医院,7、未按规定让行的 ,负全部责任,不负责任,1,贵AA262G,白色,1,贵A5992T,白色,铁二局驾校,（南明区）市交通职业技术驾驶培训学校,2013/12/5 0:00,1996/5/15 0:00,长安牌,朗风牌,364547000000000000 ,364557000000000000 ,197211,196603,22,4,4,工作日,非高峰,2015-04-10,2015年4月10日,小雨 /小雨,12℃ / 8℃,东北风 ≤3级 /东北风 ≤3级,小雨,小雨,12,8,东北风,≤3级,东北风,≤3级,night
2015-03-23 09:51:00,花果园,1、追尾的,负全部责任,不负责任,1,贵AMJ646,黑,1,贵FL2419,银,铁二局驾校,-1,2014/12/23 0:00,-1,丰田牌,五菱牌,366566000000000000 ,366067000000000000 ,198705,197202,9,0,3,工作日,早高峰(7-9点),2015-03-23,2015年3月23日,多云 /阴,17℃ / 9℃,东北风 ≤3级 /东北风 ≤3级,多云,阴,17,9,东北风,≤3级,东北风,≤3级,day
2015-03-26 08:20:00,新华路,7、未按规定让行的 ,负全部责任,不负责任,1,贵AFR486,白色,1,贵AAZ891,白色,铁二局驾校,自培,2013/3/26 0:00,2002/4/9 0:00,宝马,中华牌,34547500000000000 ,366567000000000000 ,197605,197209,8,3,3,工作日,早高峰(7-9点),2015-03-26,2015年3月26日,阴 /阵雨,17℃ / 12℃,南风 ≤3级 /南风 ≤3级,阴,阵雨,17,12,南风,≤3级,南风,≤3级,day
2015-03-18 10:22:00,大营坡,7、未按规定让行的 ,负全部责任,不负责任,1,贵AA333N,红,1,贵AX4351,银,铁二局驾校,自培,2012/9/20 0:00,2007/3/23 0:00,奥迪牌,喜马牌,364548000000000000 ,364547000000000000 ,198810,196705,10,2,3,工作日,非高峰,2015-03-18,2015年3月18日,多云 /多云,24℃ / 14℃,南风 ≤3级 /南风 ≤3级,多云,多云,24,14,南风,≤3级,南风,≤3级,day
2015-05-06 09:00:00,金筑镇,7、未按规定让行的 ,负全部责任,不负责任,1,贵A8AP63,白色,1,贵A3985G,白色,铁二局驾校,自培,2012/11/14 0:00,2002/10/19 0:00,大众汽车牌,-1,366361000000000000 ,364556000000000000 ,197204,196810,9,2,5,工作日,早高峰(7-9点),2015-05-06,2015年5月6日,多云 /多云,25℃ / 16℃,东北风 ≤3级 /南风 ≤3级,多云,多云,25,16,东北风,≤3级,南风,≤3级,day
2015-03-27 18:30:00,二戈寨,7、未按规定让行的 ,负全部责任,不负责任,1,贵JD6243,白色,1,贵GD6833,白色,铁二局驾校,铁二局驾校,2014/11/13 0:00,2011/8/30 0:00,江铃,丰田牌 坦途,364547000000000000 ,364547000000000000 ,198811,198709,18,4,3,工作日,晚高峰(17-19点),2015-03-27,2015年3月27日,阵雨 /阵雨,18℃ / 13℃,南风 ≤3级 /南风 ≤3级,阵雨,阵雨,18,13,南风,≤3级,南风,≤3级,day
2015-03-06 13:30:00,金阳南路,1、追尾的,负全部责任,不负责任,1,贵A3440U,银,1,贵ASA723,蓝,六盘水里程驾驶培训有限公司,520127,-1,2010/11/4 0:00,大众汽车牌,威志牌,366564000000000000 ,364557000000000000 ,198503,198504,13,4,3,工作日,非高峰,2015-03-06,2015年3月6日,小雨 /小雨,5℃ / 3℃,东北风 ≤3级 /东北风 ≤3级,小雨,小雨,5,3,东北风,≤3级,东北风,≤3级,day
2015-04-23 16:30:00,航天大道,3、倒车的,负全部责任,不负责任,1,贵A41155,红,1,贵JR2666,银,遵义县鸿盛机动车驾驶员培训学校,自培,-1,2009/1/24 0:00,建设,福克斯牌,366566000000000000 ,366070000000000000 ,199102,198611,16,3,4,工作日,非高峰,2015-04-23,2015年4月23日,阴 /小雨,16℃ / 10℃,东北风 ≤3级 /东北风 ≤3级,阴,小雨,16,10,东北风,≤3级,东北风,≤3级,day
2015-02-16 13:00:00,北京西路,5、开关车门的,负全部责任,不负责任,1,贵GR5590,黑,1,贵GM5330,红,大方县银春汽车驾驶培训学校,自培,-1,2003/4/8 0:00,雪佛兰牌,歌诗图牌,705667000000000000 ,376562000000000000 ,199001,195708,13,0,2,工作日,非高峰,2015-02-16,2015年2月16日,阴 /阵雨,15℃ / 9℃,东北风 ≤3级 /东南风 ≤3级,阴,阵雨,15,9,东北风,≤3级,东南风,≤3级,day
2015-05-12 12:55:00,金阳医院,7、未按规定让行的 ,负全部责任,不负责任,1,贵ATF669,红,1,贵A88L24,白,大方县龙飞汽车(摩托车)驾驶培训学校,-1,2012/12/17 0:00,-1,比亚迪牌,起亚,366067000000000000 ,355747000000000000 ,199010,199206,12,1,5,工作日,非高峰,2015-05-12,2015年5月12日,阴 /雷阵雨,24℃ / 13℃,南风 ≤3级 /南风 ≤3级,阴,雷阵雨,24,13,南风,≤3级,南风,≤3级,day
2015-03-15 14:10:00,阳关,8、依法应负全责的其他情形,负全部责任,不负责任,1,贵A88536,黄,1,贵A88518,黄,大方县龙飞汽车(摩托车)驾驶培训学校,黔南州173驾驶学校,-1,2008/4/24 0:00,陕汽牌,双健,366067000000000000 ,366864000000000000 ,198709,197002,14,6,3,周末,非高峰,2015-03-15,2015年3月15日,阴 /阴,18℃ / 13℃,东风 ≤3级 /南风 ≤3级,阴,阴,18,13,东风,≤3级,南风,≤3级,day
2015-04-28 09:00:00,小河转盘,8、依法应负全责的其他情形,负全部责任,不负责任,1,贵AC124A,白色,1,贵A5596V,白色,大方县坤豪机动车驾驶技能培训中心,新华驾校,-1,2014/5/6 0:00,长安牌,长城牌,366067000000000000 ,36459551995569795X,197211,198811,9,1,4,工作日,早高峰(7-9点),2015-04-28,2015年4月28日,多云 /多云,25℃ / 15℃,东北风 ≤3级 /东北风 ≤3级,多云,多云,25,15,东北风,≤3级,东北风,≤3级,day