accidenttime,accidentaddr,driver1fault,driver1responsibility,driver2responsibility,sex1,platenumber1,carcolor1,sex2,platenumber2,carcolor2,jxmc1,jxmc2,cclzrq1,cclzrq2,clpp1,clpp2,driver1license,driver2license,brith1,brith2,hour,weekday,month,is_weekday,peak_hour,date,日期,天气状况,气温,风力风向,day_wea,night_wea,day_tep,night_tep,day_wind_direction,day_wind_speed,night_wind_direction,night_wind_speed,segment
2015-05-17 10:00:00,白金大道,1、追尾的,负全部责任,不负责任,1,贵GN1928,白,1,贵A604H7,白,黔西县阳光机动车驾驶学校有限责任公司,-1,2012/4/18 0:00,-1,-1,东风牌,366068000000000000 ,366661000000000000 ,199102,199411,10,6,5,周末,非高峰,2015-05-17,2015年5月17日,阵雨 /雷阵雨,25℃ / 17℃,东北风 ≤3级 /南风 ≤3级,阵雨,雷阵雨,25,17,东北风,≤3级,南风,≤3级,day
2015-03-06 13:20:00,长江路口,7、未按规定让行的 ,负全部责任,不负责任,1,贵A82R82,白色,1,贵AU6434,白色,赫章县汽车(摩托车)驾驶培训学校,公交公司驾校,-1,2006/12/12 0:00,飞碟牌,宗申牌,366070000000000000 ,364547000000000000 ,199309,198504,13,4,3,工作日,非高峰,2015-03-06,2015年3月6日,小雨 /小雨,5℃ / 3℃,东北风 ≤3级 /东北风 ≤3级,小雨,小雨,5,3,东北风,≤3级,东北风,≤3级,day
2015-02-05 20:00:00,解放路,1、追尾的,负全部责任,不负责任,1,贵A9BE17,黑色,1,贵AUA506,黑色,赫章县汽车(摩托车)驾驶培训学校,（花溪区）贵州大学驾驶培训有限公司,-1,2011/11/8 0:00,丰田牌,丰田牌,36606951935450467X,354663000000000000 ,198510,196903,20,3,2,工作日,非高峰,2015-02-05,2015年2月5日,阴 /阴,3℃ / 0℃,东北风 ≤3级 /东北风 ≤3级,阴,阴,3,0,东北风,≤3级,东北风,≤3级,night
2015-05-07 09:20:00,偏坡,2、逆行的,负全部责任,不负责任,1,贵A797A8,红,1,贵EV9197,蓝,织金县平远汽车驾驶培训学校,-1,2015/1/21 0:00,-1,东风牌,-1,366068000000000000 ,366375000000000000 ,198811,197508,9,3,5,工作日,早高峰(7-9点),2015-05-07,2015年5月7日,阵雨 /雷阵雨,23℃ / 17℃,东南风 ≤3级 /东南风 ≤3级,阵雨,雷阵雨,23,17,东南风,≤3级,东南风,≤3级,day
2015-02-12 10:00:00,中华中路,7、未按规定让行的 ,负全部责任,不负责任,1,贵AML697,白,1,贵GV2261,灰,自培,520109,2010/9/21 0:00,2008/6/5 0:00,吉利牌,奥迪牌,366064000000000000 ,4246520000000000 ,197911,197507,10,3,2,工作日,非高峰,2015-02-12,2015年2月12日,多云 /多云,15℃ / 5℃,南风 ≤3级 /南风 ≤3级,多云,多云,15,5,南风,≤3级,南风,≤3级,day
2015-02-16 16:50:00,西二环,7、未按规定让行的 ,负全部责任,不负责任,1,贵A5038A,黑,0,贵A68F37,黑,绥阳县汽车驾驶培训学校,绥阳县汽车驾驶培训学校,2011/2/22 0:00,2011/2/22 0:00,五菱牌,菲亚特,366361000000000000 ,366361000000000000 ,195502,195502,16,0,2,工作日,非高峰,2015-02-16,2015年2月16日,阴 /阵雨,15℃ / 9℃,东北风 ≤3级 /东南风 ≤3级,阴,阵雨,15,9,东北风,≤3级,东南风,≤3级,day
2015-03-14 00:00:00,南明区,3、倒车的,负全部责任,不负责任,1,贵F35193,白色,1,贵A159A8,白色,织金县织通驾驶培训学校,-1,2010/9/20 0:00,-1,解放,解放牌,36606351874942245X,366067000000000000 ,197308,198602,0,5,3,工作日,非高峰,2015-03-14,2015年3月14日,阴 /阴,17℃ / 12℃,南风 ≤3级 /东南风 ≤3级,阴,阴,17,12,南风,≤3级,东南风,≤3级,night
2015-03-27 00:00:00,嘉润路,9、不符合前8款规定或者双方同时具有上述情形的,负同等责任,负同等责任,1,贵A966E6,白色,1,贵AU0752,白色,遵义市明德机动车驾驶培训有限公司,自培,-1,2013/5/6 0:00,王牌牌,恒通客车牌,366567000000000000 ,364566000000000000 ,199206,198809,0,4,3,工作日,非高峰,2015-03-27,2015年3月27日,阵雨 /阵雨,18℃ / 13℃,南风 ≤3级 /南风 ≤3级,阵雨,阵雨,18,13,南风,≤3级,南风,≤3级,night
2015-05-29 17:10:00,金华园,8、依法应负全责的其他情形,负全部责任,不负责任,1,贵A48968,黑,1,贵FP9998,蓝,黔西县宏远黔职驾校有限公司,-1,2010/5/7 0:00,-1,雅阁牌,-1,366068000000000000 ,366046000000000000 ,199202,198810,17,4,5,工作日,晚高峰(17-19点),2015-05-29,2015年5月29日,阵雨 /阵雨,24℃ / 17℃,东南风 ≤3级 /东北风 ≤3级,阵雨,阵雨,24,17,东南风,≤3级,东北风,≤3级,day
2015-04-20 11:40:00,阳关,8、依法应负全责的其他情形,负全部责任,不负责任,1,贵A2BE58,白,1,贵A6756T,蓝,黔西县宏远黔职驾校有限公司,长运驾校,2011/11/18 0:00,2014/4/22 0:00,雪佛兰牌,中华牌,366068000000000000 ,366361000000000000 ,199106,198311,11,0,4,工作日,非高峰,2015-04-20,2015年4月20日,阴 /阴,20℃ / 11℃,东北风 ≤3级 /东北风 ≤3级,阴,阴,20,11,东北风,≤3级,东北风,≤3级,day
2015-03-14 16:25:00,黔林山路,1、追尾的,负全部责任,不负责任,1,贵A87761,红,1,贵A7942Z,白,黔西县宏远黔职驾校有限公司,-1,2012/9/12 0:00,-1,光威牌,思威牌,366068000000000000 ,574596000000000000 ,198908,198403,16,5,3,工作日,非高峰,2015-03-14,2015年3月14日,阴 /阴,17℃ / 12℃,南风 ≤3级 /东南风 ≤3级,阴,阴,17,12,南风,≤3级,东南风,≤3级,day
2015-03-25 09:54:00,黔林山路,1、追尾的,负全部责任,不负责任,0,贵A6CE66,红,1,贵AV7185,蓝,黔西县宏远黔职驾校有限公司,520127,-1,2008/11/20 0:00,雷克萨斯,豪爵牌,366068000000000000 ,366577000000000000 ,197505,197508,9,2,3,工作日,早高峰(7-9点),2015-03-25,2015年3月25日,阴 /阵雨,14℃ / 9℃,东北风 ≤3级 /东北风 ≤3级,阴,阵雨,14,9,东北风,≤3级,东北风,≤3级,day
2015-02-05 17:05:00,乌当,3、倒车的,负全部责任,不负责任,1,贵A29902,黑,1,贵A395G6,银,黔西县宏远黔职驾校有限公司,自培,2012/9/12 0:00,2012/2/8 0:00,解放牌,长安牌,366068000000000000 ,366667000000000000 ,198908,198705,17,3,2,工作日,晚高峰(17-19点),2015-02-05,2015年2月5日,阴 /阴,3℃ / 0℃,东北风 ≤3级 /东北风 ≤3级,阴,阴,3,0,东北风,≤3级,东北风,≤3级,day
2015-05-19 07:00:00,贵惠路,4、停车时未挂低速档、未拉驻车制动，导致车辆滑行的,负全部责任,不负责任,1,贵A400G7,白色,1,贵AU6991,白色,黔西县宏远黔职驾校有限公司,自培,2012/12/27 0:00,2002/3/20 0:00,南骏牌,捷达牌,364557000000000000 ,366064000000000000 ,199310,197001,7,1,5,工作日,早高峰(7-9点),2015-05-19,2015年5月19日,阵雨 /大雨,25℃ / 18℃,东北风 ≤3级 /南风 ≤3级,阵雨,大雨,25,18,东北风,≤3级,南风,≤3级,day
2015-05-30 15:00:00,贵惠大道,7、未按规定让行的 ,负全部责任,不负责任,1,贵JQ1548,白色,1,贵A01943,白色,龙里县金都汽车培训学校有限公司,-1,2013/12/4 0:00,-1,-1,塔菲克,366875000000000000 ,366864000000000000 ,197503,198308,15,5,5,工作日,非高峰,2015-05-30,2015年5月30日,阵雨 /阵雨,23℃ / 17℃,东北风 ≤3级 /东风 ≤3级,阵雨,阵雨,23,17,东北风,≤3级,东风,≤3级,day
2015-05-01 16:00:00,艺校立交,7、未按规定让行的 ,负全部责任,不负责任,1,贵F292D2,白色,1,贵GS8382,白色,纳雍县顺达汽车驾驶培训有限公司,-1,2010/6/8 0:00,-1,-1,-1,366063000000000000 ,366346000000000000 ,197005,197012,16,4,5,工作日,非高峰,2015-05-01,2015年5月1日,阵雨 /多云,25℃ / 14℃,东南风 ≤3级 /东北风 ≤3级,阵雨,多云,25,14,东南风,≤3级,东北风,≤3级,day
2015-05-24 20:20:00,金阳北路,4、停车时未挂低速档、未拉驻车制动，导致车辆滑行的,负全部责任,不负责任,1,贵AC006C,黑,1,贵A8AW00,蓝,黔西县宏远黔职驾校有限公司,自培,-1,2003/4/4 0:00,依维柯牌,福特牌,366068000000000000 ,364567000000000000 ,199302,198502,20,6,5,周末,非高峰,2015-05-24,2015年5月24日,多云 /阴,24℃ / 18℃,东风 ≤3级 /东南风 ≤3级,多云,阴,24,18,东风,≤3级,东南风,≤3级,night
2015-05-23 16:00:00,八匹马,7、未按规定让行的 ,负全部责任,不负责任,0,贵JFH933,黑,1,贵ATV156,白,龙里县金都汽车培训学校有限公司,-1,2015/4/2 0:00,-1,-1,-1,366875000000000000 ,36464551154652565X,198911,199102,16,5,5,工作日,非高峰,2015-05-23,2015年5月23日,阵雨 /阴,19℃ / 14℃,东北风 ≤3级 /东北风 ≤3级,阵雨,阴,19,14,东北风,≤3级,东北风,≤3级,day
2015-03-16 15:30:00,宝山北路,1、追尾的,负全部责任,不负责任,1,贵JX6611,银,0,贵A83Z66,黑,罗甸县吉兴汽车驾驶培训学校,景宏驾校,-1,-1,尼桑牌,雅阁牌,366870000000000000 ,366046000000000000 ,199102,199208,15,0,3,工作日,非高峰,2015-03-16,2015年3月16日,阴 /多云,20℃ / 15℃,南风 ≤3级 /南风 ≤3级,阴,多云,20,15,南风,≤3级,南风,≤3级,day
2015-03-08 20:18:00,云盘路,3、倒车的,负全部责任,不负责任,1,贵JCS931,白色,1,贵ANS166,白色,罗甸县吉兴汽车驾驶培训学校,消防驾校,-1,2011/1/14 0:00,五菱牌,宝马,366870000000000000 ,35466751844566505X,197302,197001,20,6,3,周末,非高峰,2015-03-08,2015年3月8日,小雨 /阴,11℃ / 6℃,东北风 ≤3级 /东北风 ≤3级,小雨,阴,11,6,东北风,≤3级,东北风,≤3级,night
2015-02-10 14:00:00,小十字,1、追尾的,负全部责任,不负责任,1,贵GT5666,白色,1,贵AGA241,白色,龙里县翼翔驾驶培训有限责任公司,文通驾校,-1,2012/4/13 0:00,大众汽车牌,马自达,366068000000000000 ,364548000000000000 ,198210,198612,14,1,2,工作日,非高峰,2015-02-10,2015年2月10日,小雨 /小雨,6℃ / 3℃,东北风 ≤3级 /东风 ≤3级,小雨,小雨,6,3,东北风,≤3级,东风,≤3级,day
2015-02-13 18:46:00,火车站,7、未按规定让行的 ,负全部责任,不负责任,1,贵JE4366,白色,1,贵AU7955,白色,贵州省黔南交通驾驶学校,自培,-1,2005/9/14 0:00,北京现代牌,金龙牌,366862000000000000 ,366864000000000000 ,196505,198109,18,4,2,工作日,晚高峰(17-19点),2015-02-13,2015年2月13日,多云 /阵雨,17℃ / 8℃,南风 ≤3级 /南风 ≤3级,多云,阵雨,17,8,南风,≤3级,南风,≤3级,day
2015-05-14 12:26:00,新添大道,1、追尾的,负全部责任,不负责任,1,贵ALR264,黑,1,贵DM4114,红,贵州省黔南交通驾驶学校,-1,2012/1/16 0:00,-1,桑塔纳,-1,36686951904669607X,366670000000000000 ,198402,197402,12,3,5,工作日,非高峰,2015-05-14,2015年5月14日,多云 /雷阵雨,27℃ / 20℃,东南风 ≤3级 /南风 ≤3级,多云,雷阵雨,27,20,东南风,≤3级,南风,≤3级,day
2015-05-25 17:50:00,云环路,8、依法应负全责的其他情形,负全部责任,不负责任,1,贵A99956,黑,1,贵A7AV48,黑,自培,520120,2011/6/21 0:00,2011/3/9 0:00,别克,北京牌,364568000000000000 ,366368000000000000 ,199208,197602,17,0,5,工作日,晚高峰(17-19点),2015-05-25,2015年5月25日,多云 /阵雨,26℃ / 19℃,东南风 ≤3级 /东南风 ≤3级,多云,阵雨,26,19,东南风,≤3级,东南风,≤3级,day
2015-05-06 15:00:00,蟠桃宫,9、不符合前8款规定或者双方同时具有上述情形的,负同等责任,负同等责任,1,贵AFH495,白色,1,贵A2BL11,白色,贵州省黔南交通驾驶学校,贵州省黔南交通驾驶学校,-1,2001/4/11 0:00,雪佛兰牌,吉利牌,74360500000000000 ,366661000000000000 ,197903,197003,15,2,5,工作日,非高峰,2015-05-06,2015年5月6日,多云 /多云,25℃ / 16℃,东北风 ≤3级 /南风 ≤3级,多云,多云,25,16,东北风,≤3级,南风,≤3级,day
2015-05-11 20:35:00,东山,3、倒车的,负全部责任,不负责任,1,贵AJ3431,黄,1,贵A4CB57,黑,贵定县阳光汽车驾驶培训学校,自培,2012/11/28 0:00,2001/5/16 0:00,东风标致,别克牌,366868000000000000 ,364548000000000000 ,198001,198209,20,0,5,工作日,非高峰,2015-05-11,2015年5月11日,多云 /多云,24℃ / 13℃,东北风 ≤3级 /东北风 ≤3级,多云,多云,24,13,东北风,≤3级,东北风,≤3级,night
2015-03-05 10:50:00,望城坡,3、倒车的,负全部责任,不负责任,1,贵APG593,白色,1,贵AX1569,黑色,龙里县翼翔驾驶培训有限责任公司,-1,2012/10/18 0:00,-1,江淮牌,巨能牌,366875000000000000 ,356168000000000000 ,199402,196210,10,3,3,工作日,非高峰,2015-03-05,2015年3月5日,小雨 /小雨,4℃ / 1℃,东北风 ≤3级 /东北风 ≤3级,小雨,小雨,4,1,东北风,≤3级,东北风,≤3级,day
2015-05-05 07:10:00,省二医,1、追尾的,负全部责任,不负责任,1,贵A26K74,黄,1,贵A99A21,红,贵州省黔南交通驾驶学校,-1,2010/9/7 0:00,-1,长安牌,朗逸牌,364566000000000000 ,364556000000000 ,199109,660705,7,1,5,工作日,早高峰(7-9点),2015-05-05,2015年5月5日,阵雨 /阵雨,21℃ / 15℃,南风 ≤3级 /南风 ≤3级,阵雨,阵雨,21,15,南风,≤3级,南风,≤3级,day
2015-03-09 09:00:00,樱花巷,3、倒车的,负全部责任,不负责任,1,贵FX7320,白色,1,贵FY9593,白色,消防驾校,520101,-1,2008/3/12 0:00,大众汽车牌,马自达牌,36686851984145530X,366067000000000000 ,198709,198509,9,0,3,工作日,早高峰(7-9点),2015-03-09,2015年3月9日,小雨 /小雨,10℃ / 5℃,东北风 ≤3级 /东北风 ≤3级,小雨,小雨,10,5,东北风,≤3级,东北风,≤3级,day
2015-04-03 12:40:00,百花大道,8、依法应负全责的其他情形,负全部责任,不负责任,1,贵JX2153,银,1,贵A895E5,银,黔南东方机动车驾驶培训学校,吉源驾校,2014/8/27 0:00,2013/2/28 0:00,雪佛兰牌,解放牌,366869000000000000 ,366566000000000000 ,196807,197408,12,4,4,工作日,非高峰,2015-04-03,2015年4月3日,多云 /多云,30℃ / 19℃,南风 ≤3级 /南风 ≤3级,多云,多云,30,19,南风,≤3级,南风,≤3级,day
2015-05-12 00:00:00,乌当区,7、未按规定让行的 ,负全部责任,不负责任,1,贵A5BJ93,白色,1,贵A4429S,白色,贵州省黔南交通驾驶学校,自培,2012/1/16 0:00,2004/3/27 0:00,斯柯达牌,北京现代牌,366864000000000000 ,364547000000000000 ,198207,197209,0,1,5,工作日,非高峰,2015-05-12,2015年5月12日,阴 /雷阵雨,24℃ / 13℃,南风 ≤3级 /南风 ≤3级,阴,雷阵雨,24,13,南风,≤3级,南风,≤3级,night
2015-04-08 16:23:00,百花大道,3、倒车的,负全部责任,不负责任,1,贵APN016,白色,1,贵G69644,白色,安顺市鸿运驾校,520133,-1,2008/5/22 0:00,福田牌,尼桑牌,366862000000000000 ,35616551864862595X,198204,197207,16,2,4,工作日,非高峰,2015-04-08,2015年4月8日,小雨 /小雨,10℃ / 6℃,东北风 ≤3级 /东北风 ≤3级,小雨,小雨,10,6,东北风,≤3级,东北风,≤3级,day
2015-03-11 18:16:00,南浦路,3、倒车的,负全部责任,不负责任,1,贵A37L46,白,1,贵AUA717,蓝,安顺市公共交通驾驶培训学校,贵州省长安驾驶培训学校,-1,2011/11/24 0:00,长安牌,丰田牌,364596000000000000 ,364548000000000000 ,198911,197305,18,2,3,工作日,晚高峰(17-19点),2015-03-11,2015年3月11日,阴 /小雨,8℃ / 4℃,东北风 ≤3级 /东北风 ≤3级,阴,小雨,8,4,东北风,≤3级,东北风,≤3级,day
2015-04-01 07:41:00,小河,8、依法应负全责的其他情形,负全部责任,不负责任,1,贵BB2278,银,1,贵AD6717,蓝,六盘水飞云驾驶学校有限公司,（观山湖区）诚信驾驶培训有限公司,2010/12/24 0:00,1997/2/3 0:00,海马牌,豪爵牌,366566000000000000 ,364556000000000000 ,197809,197712,7,2,4,工作日,早高峰(7-9点),2015-04-01,2015年4月1日,多云 /多云,29℃ / 19℃,南风 ≤3级 /南风 ≤3级,多云,多云,29,19,南风,≤3级,南风,≤3级,day
2015-03-22 21:00:00,省军区门口,7、未按规定让行的 ,负全部责任,不负责任,1,贵AA7367,白色,1,贵A95685,白色,安顺市平坝驾校,-1,2011/6/8 0:00,-1,春兰,豪泺牌,366363000000000000 ,366069000000000000 ,198107,198806,21,6,3,周末,非高峰,2015-03-22,2015年3月22日,阵雨 /阵雨,19℃ / 10℃,东南风 ≤3级 /东风 ≤3级,阵雨,阵雨,19,10,东南风,≤3级,东风,≤3级,night
2015-02-05 12:15:00,延安东路,8、依法应负全责的其他情形,负全部责任,不负责任,1,贵A12X11,黄,1,贵A46L87,红,安顺市开发区千合机动车培训学校,省交校,-1,2012/8/29 0:00,金旅牌,长城牌,366369000000000000 ,364547000000000000 ,198104,198507,12,3,2,工作日,非高峰,2015-02-05,2015年2月5日,阴 /阴,3℃ / 0℃,东北风 ≤3级 /东北风 ≤3级,阴,阴,3,0,东北风,≤3级,东北风,≤3级,day
2015-05-29 18:10:00,观山西路,7、未按规定让行的 ,负全部责任,不负责任,1,贵A7201C,红,1,贵A80043,银,安顺市开发区千合机动车培训学校,-1,2011/9/20 0:00,-1,沃尔沃牌,解放牌,356767000000000000 ,56968500000000000 ,196808,197101,18,4,5,工作日,晚高峰(17-19点),2015-05-29,2015年5月29日,阵雨 /阵雨,24℃ / 17℃,东南风 ≤3级 /东北风 ≤3级,阵雨,阵雨,24,17,东南风,≤3级,东北风,≤3级,day
2015-04-15 18:00:00,国际城,1、追尾的,负全部责任,不负责任,1,贵A35K51,白,1,贵A86E98,银,安顺市开发区千合机动车培训学校,-1,2014/11/10 0:00,-1,福克斯牌,雪佛兰牌,366346000000000000 ,364558000000000 ,199111,700113,18,2,4,工作日,晚高峰(17-19点),2015-04-15,2015年4月15日,多云 /多云,24℃ / 16℃,东南风 ≤3级 /南风 ≤3级,多云,多云,24,16,东南风,≤3级,南风,≤3级,day
2015-04-13 07:15:00,太慈桥,8、依法应负全责的其他情形,负全部责任,不负责任,1,贵CB6797,白,1,贵GR6883,银,安顺市汽车运输公司驾驶员培训学校,-1,2011/9/8 0:00,-1,长城牌,科雷傲,366577000000000000 ,54741500000000000 ,197511,198101,7,0,4,工作日,早高峰(7-9点),2015-04-13,2015年4月13日,晴 /多云,23℃ / 8℃,东北风 ≤3级 /东北风 ≤3级,晴,多云,23,8,东北风,≤3级,东北风,≤3级,day
2015-05-25 13:24:00,百花大道,7、未按规定让行的 ,负全部责任,不负责任,1,湘DL0748,蓝,1,贵A326B9,白,安顺市镇宁县正兴汽车驾驶培训学校,-1,2012/8/15 0:00,-1,-1,江淮牌,366363000000000000 ,366567000000000000 ,199208,198708,13,0,5,工作日,非高峰,2015-05-25,2015年5月25日,多云 /阵雨,26℃ / 19℃,东南风 ≤3级 /东南风 ≤3级,多云,阵雨,26,19,东南风,≤3级,东南风,≤3级,day
2015-02-08 22:30:00,金园路,1、追尾的,负全部责任,不负责任,1,贵A9629X,白,1,贵CBR879,银,黔东南州广发机动车驾驶培训学校,520106,-1,-1,五菱牌,黄海牌,704366000000000000 ,366067000000000000 ,198312,198001,22,6,2,周末,非高峰,2015-02-08,2015年2月8日,阴 /阴,7℃ / 3℃,东北风 ≤3级 /南风 ≤3级,阴,阴,7,3,东北风,≤3级,南风,≤3级,night
2015-02-07 14:45:00,北京路,7、未按规定让行的 ,负全部责任,不负责任,1,贵GT3369,黑,0,贵A38K77,黄,安顺市平坝驾校,自培,2010/7/5 0:00,2004/12/27 0:00,梅赛德斯-奔驰牌,大众汽车牌,366363000000000000 ,366846000000000000 ,198708,198505,14,5,2,工作日,非高峰,2015-02-07,2015年2月7日,阴 /阴,8℃ / 3℃,东北风 ≤3级 /东北风 ≤3级,阴,阴,8,3,东北风,≤3级,东北风,≤3级,day
2015-04-09 17:40:00,长江路,1、追尾的,负全部责任,不负责任,1,贵A52K43,灰色,1,贵ASH492,白色,安顺市开发区千合机动车培训学校,自培,2014/8/5 0:00,2002/11/6 0:00,夏利,宝马,36464551975545522X,364548000000000000 ,198311,196310,17,3,4,工作日,晚高峰(17-19点),2015-04-09,2015年4月9日,阴 /小雨,11℃ / 7℃,东北风 ≤3级 /东北风 ≤3级,阴,小雨,11,7,东北风,≤3级,东北风,≤3级,day
2015-03-22 08:13:00,省公安厅,7、未按规定让行的 ,负全部责任,不负责任,1,贵HD5165,白色,1,贵A25M45,白色,黔东南州吉祥机动车驾驶培训学校,全林驾校,-1,2011/12/6 0:00,捷达牌,长城牌,366267000000000000 ,36606651915546403X,198611,198911,8,6,3,周末,早高峰(7-9点),2015-03-22,2015年3月22日,阵雨 /阵雨,19℃ / 10℃,东南风 ≤3级 /东风 ≤3级,阵雨,阵雨,19,10,东南风,≤3级,东风,≤3级,day
2015-04-10 08:05:00,小河,7、未按规定让行的 ,负全部责任,不负责任,1,贵A33686,白色,1,贵A35H24,白色,黔东南州广发机动车驾驶培训学校,-1,2013/11/29 0:00,-1,五菱,福克斯牌,36455551844963745X,364644000000 ,197008,433510,8,4,4,工作日,早高峰(7-9点),2015-04-10,2015年4月10日,小雨 /小雨,12℃ / 8℃,东北风 ≤3级 /东北风 ≤3级,小雨,小雨,12,8,东北风,≤3级,东北风,≤3级,day
2015-05-02 14:00:00,花溪大道,6、违反交通信号的,负全部责任,不负责任,1,贵HT8994,白色,1,贵FAF344,白色,黔东南州至诚驾驶培训学校,-1,2013/2/22 0:00,-1,-1,-1,366274000000000000 ,366067000000000000 ,197912,198107,14,5,5,工作日,非高峰,2015-05-02,2015年5月2日,多云 /阵雨,26℃ / 16℃,东北风 ≤3级 /东风 ≤3级,多云,阵雨,26,16,东北风,≤3级,东风,≤3级,day
2015-05-13 09:00:00,二铺,7、未按规定让行的 ,负同等责任,负同等责任,0,贵A4022B,蓝,1,贵A3714学,红,贵州省黔东南州宏达驾驶学校,贵州省黔东南州宏达驾驶学校,-1,2001/9/19 0:00,甲壳虫,-1,366246000000000000 ,364557000000000000 ,198208,196311,9,2,5,工作日,早高峰(7-9点),2015-05-13,2015年5月13日,多云 /阵雨,26℃ / 19℃,东南风 ≤3级 /东南风 ≤3级,多云,阵雨,26,19,东南风,≤3级,东南风,≤3级,day
2015-03-13 13:20:00,沙坡,7、未按规定让行的 ,负全部责任,不负责任,1,贵HC3393,黑,1,贵A96085,红,黔东南州交通驾驶培训学校,自培,-1,2014/10/9 0:00,起亚牌,豪泺牌,366269000000000000 ,364568000000000000 ,197111,198710,13,4,3,工作日,非高峰,2015-03-13,2015年3月13日,多云 /阵雨,17℃ / 12℃,南风 ≤3级 /南风 ≤3级,多云,阵雨,17,12,南风,≤3级,南风,≤3级,day
2015-03-13 10:30:00,小河区政府,7、未按规定让行的 ,负全部责任,不负责任,1,贵AAQ474,黑色,1,贵AEL599,白色,安龙县宏顺汽车驾驶培训有限责任公司,十一培,2014/8/29 0:00,1999/6/11 0:00,高尔夫牌,荣威牌,366766000000000000 ,364551000000000000 ,199505,195412,10,4,3,工作日,非高峰,2015-03-13,2015年3月13日,多云 /阵雨,17℃ / 12℃,南风 ≤3级 /南风 ≤3级,多云,阵雨,17,12,南风,≤3级,南风,≤3级,day
2015-04-22 08:39:00,林城西路,9、不符合前8款规定或者双方同时具有上述情形的,负同等责任,负同等责任,1,贵AU7605,绿,1,贵AJH961,黄,黔东南州交通驾驶培训学校,黔东南州交通驾驶培训学校,2008/1/8 0:00,2006/8/31 0:00,恒通客车牌,奥迪牌,366263000000000000 ,366267000000000000 ,197710,198001,8,2,4,工作日,早高峰(7-9点),2015-04-22,2015年4月22日,小雨 /小雨,15℃ / 10℃,东北风 ≤3级 /东北风 ≤3级,小雨,小雨,15,10,东北风,≤3级,东北风,≤3级,day
2015-05-08 10:00:00,小河黔江路,7、未按规定让行的 ,负全部责任,不负责任,1,粤HSH223,白色,1,贵A26M51,白色,铜仁通达汽车驾驶员培训有限公司,-1,2010/11/19 0:00,-1,-1,北京现代牌,366664000000000000 ,74595500000000000 ,197405,198701,10,4,5,工作日,非高峰,2015-05-08,2015年5月8日,阵雨 /多云,25℃ / 15℃,东南风 ≤3级 /东北风 ≤3级,阵雨,多云,25,15,东南风,≤3级,东北风,≤3级,day
2015-03-04 09:30:00,碧海花园,8、依法应负全责的其他情形,负全部责任,不负责任,1,贵A8328L,白,1,贵A1439K,黑,（花溪区）高新十七驾驶培训有限公司,520126,2011/5/16 0:00,2010/3/11 0:00,长安牌,奥迪牌,364557000000000000 ,366068000000000000 ,198911,198201,9,2,3,工作日,早高峰(7-9点),2015-03-04,2015年3月4日,小雨 /小雨,6℃ / 1℃,东北风 ≤3级 /东北风 ≤3级,小雨,小雨,6,1,东北风,≤3级,东北风,≤3级,day
2015-03-07 15:00:00,艺校立交桥,7、未按规定让行的 ,负全部责任,不负责任,1,贵A6AC52,白色,1,贵AEU202,白色,（花溪区）高新十七驾驶培训有限公司,自培,2008/11/21 0:00,2007/10/1 0:00,东风日产牌,奥迪牌,364547000000000000 ,364566000000000000 ,197907,198804,15,5,3,工作日,非高峰,2015-03-07,2015年3月7日,阴 /小雨,10℃ / 5℃,东风 ≤3级 /东南风 ≤3级,阴,小雨,10,5,东风,≤3级,东南风,≤3级,day
2015-04-18 21:25:00,乌当,7、未按规定让行的 ,负全部责任,不负责任,1,贵JDQ896,白,1,贵ALP089,银,（花溪区）高新十七驾驶培训有限公司,-1,2005/12/21 0:00,-1,大众汽车牌,明锐牌,366861000000000000 ,366577000000000000 ,198410,197605,21,5,4,工作日,非高峰,2015-04-18,2015年4月18日,多云 /雷阵雨,29℃ / 16℃,南风 ≤3级 /南风 ≤3级,多云,雷阵雨,29,16,南风,≤3级,南风,≤3级,night
2015-05-05 09:10:00,大凹村,3、倒车的,负全部责任,不负责任,1,贵A430F1,白,1,贵AB224G,白,铁二局驾校,鑫鑫驾校,2009/1/21 0:00,2010/12/27 0:00,-1,金杯牌,364557000000000000 ,366068000000000000 ,198308,198611,9,1,5,工作日,早高峰(7-9点),2015-05-05,2015年5月5日,阵雨 /阵雨,21℃ / 15℃,南风 ≤3级 /南风 ≤3级,阵雨,阵雨,21,15,南风,≤3级,南风,≤3级,day
2015-04-29 19:28:00,二戈寨,1、追尾的,负全部责任,不负责任,1,贵JDQ896,白色,1,贵A36L73,白色,（花溪区）高新十七驾驶培训有限公司,铁二局驾校,2005/12/21 0:00,2014/5/4 0:00,大众汽车牌,北京现代牌,366861000000000000 ,364547000000000000 ,198410,198901,19,2,4,工作日,晚高峰(17-19点),2015-04-29,2015年4月29日,阵雨 /阵雨,26℃ / 16℃,东北风 ≤3级 /东南风 ≤3级,阵雨,阵雨,26,16,东北风,≤3级,东南风,≤3级,day
2015-04-17 11:30:00,中曹司汽车城,7、未按规定让行的 ,负全部责任,不负责任,1,贵A5863学,白色,1,贵AU6505,白色,（花溪区）高新十七驾驶培训有限公司,新华驾校,2009/1/21 0:00,2002/1/8 0:00,-1,蜀都牌,354366000000000000 ,364548000000000000 ,198601,197410,11,4,4,工作日,非高峰,2015-04-17,2015年4月17日,多云 /多云,28℃ / 19℃,南风 ≤3级 /南风 ≤3级,多云,多云,28,19,南风,≤3级,南风,≤3级,day
2015-03-10 20:20:00,小河,7、未按规定让行的 ,负全部责任,不负责任,1,贵A12K69,白色,1,川XSX569,白色,高新驾校,-1,2011/6/24 0:00,-1,理念牌,-1,364547000000000000 ,3572665181661765X,198406,197922,20,1,3,工作日,非高峰,2015-03-10,2015年3月10日,小雨 /小雨,8℃ / 4℃,东北风 ≤3级 /东北风 ≤3级,小雨,小雨,8,4,东北风,≤3级,东北风,≤3级,night