accidenttime,accidentaddr,driver1fault,driver1responsibility,driver2responsibility,sex1,platenumber1,carcolor1,sex2,platenumber2,carcolor2,jxmc1,jxmc2,cclzrq1,cclzrq2,clpp1,clpp2,driver1license,driver2license,brith1,brith2,hour,weekday,month,is_weekday,peak_hour,date,日期,天气状况,气温,风力风向,day_wea,night_wea,day_tep,night_tep,day_wind_direction,day_wind_speed,night_wind_direction,night_wind_speed,segment
2015-02-14 17:00:00,贵惠大道桐荫立交,1、追尾的,负全部责任,不负责任,1,贵A24592,白色,1,贵A48B57,黑色,（花溪区）高新十七驾驶培训有限公司,贵大驾校,2005/2/6 0:00,2013/11/22 0:00,嘉陵,波罗牌,36454751934962095X,366546000000000000 ,198508,199005,17,5,2,工作日,晚高峰(17-19点),2015-02-14,2015年2月14日,阵雨 /雷阵雨,16℃ / 10℃,南风 ≤3级 /南风 ≤3级,阵雨,雷阵雨,16,10,南风,≤3级,南风,≤3级,day
2015-02-15 13:23:00,解放路,1、追尾的,负全部责任,不负责任,1,贵A49Y68,白色,1,贵A58H74,黑色,（花溪区）高新十七驾驶培训有限公司,顺一驾驶培训学校,2008/11/21 0:00,2010/5/7 0:00,蒙迪欧牌,金杯牌,366576000000000000 ,364557000000000000 ,196903,198502,13,6,2,周末,非高峰,2015-02-15,2015年2月15日,多云 /阴,19℃ / 8℃,南风 ≤3级 /东北风 ≤3级,多云,阴,19,8,南风,≤3级,东北风,≤3级,day
2015-03-07 12:00:00,西二环,1、追尾的,负全部责任,不负责任,1,贵AJE232,蓝,1,贵ABZ314,白,（花溪区）高新十七驾驶培训有限公司,顺一驾驶培训学校,2009/11/13 0:00,2012/3/6 0:00,东风雪铁龙牌,吉利美日牌,366347000000000000 ,364551000000000000 ,197903,199206,12,5,3,工作日,非高峰,2015-03-07,2015年3月7日,阴 /小雨,10℃ / 5℃,东风 ≤3级 /东南风 ≤3级,阴,小雨,10,5,东风,≤3级,东南风,≤3级,day
2015-04-23 08:10:00,乌当,1、追尾的,负全部责任,不负责任,1,贵A75G21,黑,1,贵F09214,黑,高新驾校,预约考试窗口,2012/6/1 0:00,2007/6/21 0:00,大众牌,比亚迪牌,36456551915549445X,366061000000000000 ,198911,197309,8,3,4,工作日,早高峰(7-9点),2015-04-23,2015年4月23日,阴 /小雨,16℃ / 10℃,东北风 ≤3级 /东北风 ≤3级,阴,小雨,16,10,东北风,≤3级,东北风,≤3级,day
2015-02-12 15:00:00,开发大道,7、未按规定让行的 ,负全部责任,不负责任,1,贵A0227Y,白色,1,贵AAK981,黑色,高新驾校,大地驾校,2014/7/31 0:00,2005/5/24 0:00,五菱牌,山洋牌,364556000000000000 ,364556000000000000 ,198902,198503,15,3,2,工作日,非高峰,2015-02-12,2015年2月12日,多云 /多云,15℃ / 5℃,南风 ≤3级 /南风 ≤3级,多云,多云,15,5,南风,≤3级,南风,≤3级,day
2015-05-11 06:30:00,西二环,7、未按规定让行的 ,负全部责任,不负责任,1,浙G932PN,红,1,贵AHL878,红,（修文县）智杰驾驶培训有限公司,-1,2015/2/25 0:00,-1,-1,东风标致牌,376570000000000000 ,366664000000000000 ,199509,199211,6,0,5,工作日,非高峰,2015-05-11,2015年5月11日,多云 /多云,24℃ / 13℃,东北风 ≤3级 /东北风 ≤3级,多云,多云,24,13,东北风,≤3级,东北风,≤3级,day
2015-03-08 14:50:00,西二环,9、不符合前8款规定或者双方同时具有上述情形的,负全部责任,负同等责任,1,贵FS4872,红,1,贵FP3701,蓝,智杰驾校,-1,2013/6/21 0:00,-1,长城牌,长安牌,36456751994555565X,366070000000000000 ,198801,197001,14,6,3,周末,非高峰,2015-03-08,2015年3月8日,小雨 /阴,11℃ / 6℃,东北风 ≤3级 /东北风 ≤3级,小雨,阴,11,6,东北风,≤3级,东北风,≤3级,day
2015-03-31 15:20:00,乌当,1、追尾的,负全部责任,不负责任,1,贵ARM767,黑,1,贵ASP226,银,高新驾校,自培,2012/12/3 0:00,2004/8/4 0:00,长城牌,长城牌,364566000000000000 ,366068000000000000 ,198708,196903,15,1,3,工作日,非高峰,2015-03-31,2015年3月31日,多云 /多云,28℃ / 19℃,南风 ≤3级 /南风 ≤3级,多云,多云,28,19,南风,≤3级,南风,≤3级,day
2015-04-01 17:00:00,东站,9、不符合前8款规定或者双方同时具有上述情形的,负同等责任,负同等责任,1,贵A20187,白色,1,贵A995V1,白色,天行健驾校,-1,2013/9/6 0:00,-1,恒胜牌,-1,364596000000000000 ,354657000000000000 ,199312,197502,17,2,4,工作日,晚高峰(17-19点),2015-04-01,2015年4月1日,多云 /多云,29℃ / 19℃,南风 ≤3级 /南风 ≤3级,多云,多云,29,19,南风,≤3级,南风,≤3级,day
2015-03-30 09:00:00,小河,1、追尾的,负全部责任,不负责任,1,贵AG4581,白色,1,川SL2878,白色,天行健驾校,-1,2014/5/13 0:00,-1,达路,歌诗图牌 ,364548000000000000 ,357446000000000000 ,199010,196504,9,0,3,工作日,早高峰(7-9点),2015-03-30,2015年3月30日,晴 /多云,24℃ / 17℃,南风 ≤3级 /南风 ≤3级,晴,多云,24,17,南风,≤3级,南风,≤3级,day
2015-05-23 09:46:00,八匹马,1、追尾的,负全部责任,不负责任,1,贵AEC397,蓝,1,贵AUA300,黑,（花溪区）贵州大学驾驶培训有限公司,消防驾校,2005/6/30 0:00,2010/11/10 0:00,东风雪铁龙牌,吉利美日牌,366670000000000000 ,366346000000000000 ,198209,197002,9,5,5,工作日,早高峰(7-9点),2015-05-23,2015年5月23日,阵雨 /阴,19℃ / 14℃,东北风 ≤3级 /东北风 ≤3级,阵雨,阴,19,14,东北风,≤3级,东北风,≤3级,day
2015-03-19 17:11:00,甲秀南路,1、追尾的,负全部责任,不负责任,1,贵A29998,白色,1,贵GR7176,白色,（花溪区）贵州大学驾驶培训有限公司,自培,2008/9/11 0:00,-1,江淮牌,长安牌,366267000000000000 ,364557000000000000 ,198210,198111,17,3,3,工作日,晚高峰(17-19点),2015-03-19,2015年3月19日,多云 /阵雨,26℃ / 12℃,南风 ≤3级 /东北风 ≤3级,多云,阵雨,26,12,南风,≤3级,东北风,≤3级,day
2015-03-09 17:20:00,甲秀南路,1、追尾的,负全部责任,不负责任,1,贵A9395P,白色,1,贵APS801,白色,贵大驾校,-1,2012/3/12 0:00,-1,长安牌,思威牌,364547000000000000 ,36636251874167767X,197009,197309,17,0,3,工作日,晚高峰(17-19点),2015-03-09,2015年3月9日,小雨 /小雨,10℃ / 5℃,东北风 ≤3级 /东北风 ≤3级,小雨,小雨,10,5,东北风,≤3级,东北风,≤3级,day
2015-03-24 11:20:00,步行街,7、未按规定让行的 ,负全部责任,不负责任,1,贵EM4698,银,1,贵A3074B,银,贵大驾校,预约考试窗口,2011/5/25 0:00,2006/8/16 0:00,富迪牌,奇瑞牌,364568000000000000 ,36636051974949095X,199202,198308,11,1,3,工作日,非高峰,2015-03-24,2015年3月24日,小雨 /阵雨,13℃ / 7℃,东北风 ≤3级 /东北风 ≤3级,小雨,阵雨,13,7,东北风,≤3级,东北风,≤3级,day
2015-05-25 11:00:00,花石路,1、追尾的,负全部责任,不负责任,1,贵A3857N,白色,1,贵A85M73,白色,贵大驾校,景宏驾校,2012/1/6 0:00,2011/10/26 0:00,奥路卡牌,马自达牌,364556000000000000 ,364556000000000000 ,199202,198705,11,0,5,工作日,非高峰,2015-05-25,2015年5月25日,多云 /阵雨,26℃ / 19℃,东南风 ≤3级 /东南风 ≤3级,多云,阵雨,26,19,东南风,≤3级,东南风,≤3级,day
2015-04-29 14:30:00,田园路,8、依法应负全责的其他情形,负全部责任,不负责任,1,贵GL9687,白色,1,贵A82746,白色,贵大驾校,高新驾校,2012/11/23 0:00,2010/2/20 0:00,别克牌,豪泺牌,366664000000000000 ,364556000000000000 ,198007,199105,14,2,4,工作日,非高峰,2015-04-29,2015年4月29日,阵雨 /阵雨,26℃ / 16℃,东北风 ≤3级 /东南风 ≤3级,阵雨,阵雨,26,16,东北风,≤3级,东南风,≤3级,day
2015-03-22 10:00:00,服务大楼,1、追尾的,负全部责任,不负责任,1,贵FV1851,白色,1,贵AL7933,白色,天行健驾校,全林驾校,2014/10/17 0:00,2012/12/18 0:00,雅阁牌,宗申牌,366067000000000000 ,36606251924149765X,198806,198609,10,6,3,周末,非高峰,2015-03-22,2015年3月22日,阵雨 /阵雨,19℃ / 10℃,东南风 ≤3级 /东风 ≤3级,阵雨,阵雨,19,10,东南风,≤3级,东风,≤3级,day
2015-04-15 22:50:00,鸿通城,1、追尾的,负全部责任,不负责任,1,贵HJ6847,白色,1,贵AB798H,白色,自培,贵州晨运驾驶培训学校,2006/9/1 0:00,2010/12/8 0:00,东风标致牌,长安牌,366246000000000000 ,364547000000000000 ,198403,198204,22,2,4,工作日,非高峰,2015-04-15,2015年4月15日,多云 /多云,24℃ / 16℃,东南风 ≤3级 /南风 ≤3级,多云,多云,24,16,东南风,≤3级,南风,≤3级,night
2015-03-13 20:00:00,甲秀南路,1、追尾的,负全部责任,不负责任,1,贵A2598Z,白色,1,贵GS9546,白色,（经开区）十一驾驶培训有限公司,贵工驾校,2006/8/7 0:00,2012/2/29 0:00,大众汽车牌,北京现代牌,364551000000000000 ,364596000000000000 ,198012,198612,20,4,3,工作日,非高峰,2015-03-13,2015年3月13日,多云 /阵雨,17℃ / 12℃,南风 ≤3级 /南风 ≤3级,多云,阵雨,17,12,南风,≤3级,南风,≤3级,night
2015-03-20 08:00:00,花溪,3、倒车的,负全部责任,不负责任,1,贵AB634D,白色,1,贵A0053K,白色,贵大驾校,毕节地区黔中驾校,2013/2/22 0:00,2008/1/17 0:00,-1,威驰,366566000000000000 ,366068000000000000 ,198107,198012,8,4,3,工作日,早高峰(7-9点),2015-03-20,2015年3月20日,阴 /阵雨,14℃ / 10℃,东北风 ≤3级 /东北风 ≤3级,阴,阵雨,14,10,东北风,≤3级,东北风,≤3级,day
2015-03-20 16:35:00,瑞金北路,1、追尾的,负全部责任,不负责任,1,贵ACZ569,银,1,苏B554Z,银,（经开区）十一驾驶培训有限公司,预约考试窗口,2005/1/28 0:00,2007/7/16 0:00,东风日产牌,\N,36606051225662525X,366368000000000000 ,196612,197912,16,4,3,工作日,非高峰,2015-03-20,2015年3月20日,阴 /阵雨,14℃ / 10℃,东北风 ≤3级 /东北风 ≤3级,阴,阵雨,14,10,东北风,≤3级,东北风,≤3级,day
2015-03-26 12:30:00,花溪,1、追尾的,负全部责任,不负责任,1,贵A92Z22,白色,1,贵AEF252,白色,（经开区）十一驾驶培训有限公司,520126,2006/1/4 0:00,2008/6/4 0:00,高尔夫,雪佛兰牌,364547000000000000 ,344606000000000000 ,197801,198712,12,3,3,工作日,非高峰,2015-03-26,2015年3月26日,阴 /阵雨,17℃ / 12℃,南风 ≤3级 /南风 ≤3级,阴,阵雨,17,12,南风,≤3级,南风,≤3级,day
2015-04-18 13:00:00,花溪,3、倒车的,负全部责任,不负责任,1,贵JAT829,白色,1,贵A0EB25,白色,贵大驾校,诚信驾驶培训学校,2012/9/26 0:00,2010/8/6 0:00,北京现代牌,宝马,366868000000000000 ,366669000000000000 ,197509,198104,13,5,4,工作日,非高峰,2015-04-18,2015年4月18日,多云 /雷阵雨,29℃ / 16℃,南风 ≤3级 /南风 ≤3级,多云,雷阵雨,29,16,南风,≤3级,南风,≤3级,day
2015-05-16 17:00:00,兴关路,8、依法应负全责的其他情形,负全部责任,不负责任,1,贵AAE793,白色,1,贵AGB623,白色,（经开区）十一驾驶培训有限公司,520103,2009/4/21 0:00,2009/4/10 0:00,解放牌,比亚迪牌,364566000000000000 ,356661000000000000 ,198911,196203,17,5,5,工作日,晚高峰(17-19点),2015-05-16,2015年5月16日,阴 /雷阵雨,23℃ / 17℃,东北风 ≤3级 /东风 ≤3级,阴,雷阵雨,23,17,东北风,≤3级,东风,≤3级,day
2015-04-20 08:10:00,西二环,1、追尾的,负全部责任,不负责任,1,贵A54V18,白,1,贵GP1583,黄,（经开区）十一驾驶培训有限公司,吉源驾校,2005/1/11 0:00,2013/10/21 0:00,思威牌,福克斯牌,366368000000000000 ,364548000000000000 ,197110,198902,8,0,4,工作日,早高峰(7-9点),2015-04-20,2015年4月20日,阴 /阴,20℃ / 11℃,东北风 ≤3级 /东北风 ≤3级,阴,阴,20,11,东北风,≤3级,东北风,≤3级,day
2015-04-14 21:00:00,金关,7、未按规定让行的 ,负全部责任,不负责任,1,贵A6672C,银,1,贵CJ3656,银,（经开区）十一驾驶培训有限公司,预约考试窗口,2008/3/13 0:00,2007/4/12 0:00,长安牌,雅阁牌,366068000000000000 ,355266000000000000 ,197502,198510,21,1,4,工作日,非高峰,2015-04-14,2015年4月14日,晴 /多云,22℃ / 9℃,东风 ≤3级 /东风 ≤3级,晴,多云,22,9,东风,≤3级,东风,≤3级,night
2015-05-11 12:01:00,蔡家关,7、未按规定让行的 ,负全部责任,不负责任,1,贵AM6596,黄,1,贵FV6930,蓝,（经开区）十一驾驶培训有限公司,青正驾校,2008/1/17 0:00,2014/8/22 0:00,嘉陵牌,-1,364556000000000000 ,36606651975669797X,195205,198312,12,0,5,工作日,非高峰,2015-05-11,2015年5月11日,多云 /多云,24℃ / 13℃,东北风 ≤3级 /东北风 ≤3级,多云,多云,24,13,东北风,≤3级,东北风,≤3级,day
2015-04-03 15:53:00,市北路,3、倒车的,负全部责任,不负责任,1,贵CJN550,黄,1,贵A0F881,白,十一驾驶培训有限公司,贵州现代驾驶培训责任有限公司,2011/6/14 0:00,2014/4/17 0:00,大众汽车牌,海马牌,366564000000000000 ,364556000000000000 ,198804,198708,15,4,4,工作日,非高峰,2015-04-03,2015年4月3日,多云 /多云,30℃ / 19℃,南风 ≤3级 /南风 ≤3级,多云,多云,30,19,南风,≤3级,南风,≤3级,day
2015-04-01 18:30:00,珠江路,7、未按规定让行的 ,负全部责任,不负责任,1,贵FG8418,白色,1,贵AV9082,白色,（经开区）十一驾驶培训有限公司,-1,2008/4/7 0:00,-1,五菱牌,雪佛兰牌,366067000000000000 ,65495500000000000 ,197702,195510,18,2,4,工作日,晚高峰(17-19点),2015-04-01,2015年4月1日,多云 /多云,29℃ / 19℃,南风 ≤3级 /南风 ≤3级,多云,多云,29,19,南风,≤3级,南风,≤3级,day
2015-03-29 17:30:00,三桥,1、追尾的,负全部责任,不负责任,1,贵AU5413,绿,1,贵A46E54,蓝,（经开区）十一驾驶培训有限公司,自培,2006/12/7 0:00,2012/11/27 0:00,捷达牌,雪佛兰牌,366068000000000000 ,366566000000000000 ,197302,198104,17,6,3,周末,晚高峰(17-19点),2015-03-29,2015年3月29日,阴 /多云,18℃ / 15℃,东风 ≤3级 /南风 ≤3级,阴,多云,18,15,东风,≤3级,南风,≤3级,day
2015-04-30 09:35:00,西二环,1、追尾的,负全部责任,不负责任,1,贵A71L81,白色,1,贵HAA423,白色,（经开区）十一驾驶培训有限公司,-1,2006/6/15 0:00,-1,东风日产牌,江淮牌,364548000000000000 ,344671000000000000 ,197411,198701,9,3,4,工作日,早高峰(7-9点),2015-04-30,2015年4月30日,阵雨 /阵雨,25℃ / 17℃,东南风 ≤3级 /东南风 ≤3级,阵雨,阵雨,25,17,东南风,≤3级,东南风,≤3级,day
2015-04-24 08:05:00,大十字,1、追尾的,负全部责任,不负责任,1,贵AU5532,绿,1,粤AZ2364,银,（经开区）十一驾驶培训有限公司,-1,2006/6/13 0:00,-1,嘉陵,银翔牌,366566000000000000 ,366561000000000000 ,197804,197302,8,4,4,工作日,早高峰(7-9点),2015-04-24,2015年4月24日,阴 /小雨,16℃ / 11℃,东风 ≤3级 /东风 ≤3级,阴,小雨,16,11,东风,≤3级,东风,≤3级,day
2015-05-29 15:00:00,金竹镇,2、逆行的,负全部责任,不负责任,1,贵A5753Y,白色,1,贵A09919,白色,（经开区）十一驾驶培训有限公司,无,2005/6/23 0:00,2003/11/12 0:00,长安牌,A8L,36636351284240537X,366347000000000000 ,196706,198111,15,4,5,工作日,非高峰,2015-05-29,2015年5月29日,阵雨 /阵雨,24℃ / 17℃,东南风 ≤3级 /东北风 ≤3级,阵雨,阵雨,24,17,东南风,≤3级,东北风,≤3级,day
2015-05-26 16:00:00,甘荫塘,1、追尾的,负全部责任,不负责任,1,贵AN0247,白色,1,贵ATR054,白色,（经开区）十一驾驶培训有限公司,-1,2006/8/30 0:00,-1,隆鑫牌,-1,785096000000000000 ,364567000000000000 ,197509,199304,16,1,5,工作日,非高峰,2015-05-26,2015年5月26日,阵雨 /雷阵雨,26℃ / 20℃,东南风 ≤3级 /东北风 ≤3级,阵雨,雷阵雨,26,20,东南风,≤3级,东北风,≤3级,day
2015-03-01 13:20:00,沙冲路,1、追尾的,负全部责任,不负责任,1,贵ALW111,白色,1,贵A83L12,白色,十一驾驶培训有限公司,顺一驾驶培训学校,2010/10/12 0:00,2014/3/28 0:00,东风雪铁龙牌,东风标致牌,06426551895467405X,366046000000000000 ,197810,198106,13,6,3,周末,非高峰,2015-03-01,2015年3月1日,阴 /阴,9℃ / 3℃,东风 ≤3级 /南风 ≤3级,阴,阴,9,3,东风,≤3级,南风,≤3级,day
2015-03-27 10:00:00,小河平桥,3、倒车的,负全部责任,不负责任,1,贵4244743,白色,1,贵A7AY36,白色,十一驾校（经开区）,自培,2015/5/13 0:00,2004/3/13 0:00,-1,东风标致牌,366067000000000000 ,364547000000000000 ,198603,195211,10,4,3,工作日,非高峰,2015-03-27,2015年3月27日,阵雨 /阵雨,18℃ / 13℃,南风 ≤3级 /南风 ≤3级,阵雨,阵雨,18,13,南风,≤3级,南风,≤3级,day
2015-04-11 08:25:00,曹关,7、未按规定让行的 ,负全部责任,不负责任,0,贵ASH649,银,1,贵A6839R,蓝,（经开区）十一驾驶培训有限公司,预约考试窗口,2008/5/30 0:00,2006/11/20 0:00,海马牌,传祺牌,366566000000000000 ,364556000000000000 ,198305,197704,8,5,4,工作日,早高峰(7-9点),2015-04-11,2015年4月11日,多云 /多云,15℃ / 9℃,东北风 ≤3级 /东风 ≤3级,多云,多云,15,9,东北风,≤3级,东风,≤3级,day
2015-03-09 08:50:00,万东桥,7、未按规定让行的 ,负全部责任,不负责任,1,贵AU6321,黑色,1,贵A3AB09,白色,（经开区）十一驾驶培训有限公司,贵州省长安驾驶培训学校,2005/1/28 0:00,2012/4/18 0:00,恒通客车牌,东风雪铁龙牌,35546751215553955X,364646000000000000 ,196911,197909,8,0,3,工作日,早高峰(7-9点),2015-03-09,2015年3月9日,小雨 /小雨,10℃ / 5℃,东北风 ≤3级 /东北风 ≤3级,小雨,小雨,10,5,东北风,≤3级,东北风,≤3级,day
2015-04-04 11:20:00,花果园,1、追尾的,负全部责任,不负责任,1,贵ANR754,白色,1,贵HAR458,白色,十一驾驶培训有限公司,长运驾校,2010/7/30 0:00,2012/4/28 0:00,雪佛兰牌,豪爵牌,355468000000000000 ,364548000000000000 ,197708,198608,11,5,4,工作日,非高峰,2015-04-04,2015年4月4日,多云 /多云,29℃ / 18℃,南风 ≤3级 /南风 ≤3级,多云,多云,29,18,南风,≤3级,南风,≤3级,day
2015-04-10 12:50:00,青云路,1、追尾的,负全部责任,不负责任,1,贵AU6333,白色,1,贵AU2278,白色,（经开区）十一驾驶培训有限公司,520101,2009/6/11 0:00,2009/5/4 0:00,恒通客车牌,双狮牌,364566000000000000 ,354367000000000000 ,198506,197612,12,4,4,工作日,非高峰,2015-04-10,2015年4月10日,小雨 /小雨,12℃ / 8℃,东北风 ≤3级 /东北风 ≤3级,小雨,小雨,12,8,东北风,≤3级,东北风,≤3级,day
2015-04-16 18:36:00,小河,1、追尾的,负全部责任,不负责任,1,贵FL2074,白色,1,川A6JU98,白色,十一驾驶培训有限公司,-1,2014/11/4 0:00,-1,别克牌,大众汽车牌,366067000000000000 ,354861000000000000 ,199208,196603,18,3,4,工作日,晚高峰(17-19点),2015-04-16,2015年4月16日,多云 /多云,29℃ / 17℃,南风 ≤3级 /南风 ≤3级,多云,多云,29,17,南风,≤3级,南风,≤3级,day
2015-03-26 06:30:00,金阳,8、依法应负全责的其他情形,负全部责任,不负责任,1,贵FW8051,黑,1,贵AFV797,白,十一驾驶培训有限公司,预约考试窗口,2012/7/17 0:00,2007/5/31 0:00,五菱牌,雪佛兰牌,366046000000000000 ,36454651884967395X,198401,197708,6,3,3,工作日,非高峰,2015-03-26,2015年3月26日,阴 /阵雨,17℃ / 12℃,南风 ≤3级 /南风 ≤3级,阴,阵雨,17,12,南风,≤3级,南风,≤3级,day
2015-03-12 13:20:00,兴关路,7、未按规定让行的 ,负全部责任,不负责任,1,贵AU9718,白色,1,贵A22S16,黑色,（经开区）十一驾驶培训有限公司,自培,2007/10/31 0:00,2004/5/8 0:00,瑞麒牌,夏利,364556000000000000 ,36656051875559447X,197306,197311,13,3,3,工作日,非高峰,2015-03-12,2015年3月12日,多云 /多云,16℃ / 10℃,南风 ≤3级 /南风 ≤3级,多云,多云,16,10,南风,≤3级,南风,≤3级,day
2015-04-14 00:00:00,花溪,1、追尾的,负全部责任,不负责任,1,贵A7131C,白色,1,贵A5746B,白色,十一驾驶培训有限公司,520106,2013/5/6 0:00,2009/5/11 0:00,力帆牌,比亚迪牌,364551000000000000 ,355266000000000000 ,199406,198910,0,1,4,工作日,非高峰,2015-04-14,2015年4月14日,晴 /多云,22℃ / 9℃,东风 ≤3级 /东风 ≤3级,晴,多云,22,9,东风,≤3级,东风,≤3级,night
2015-05-02 12:00:00,小碧乡,7、未按规定让行的 ,负全部责任,不负责任,1,贵AS0013,白色,1,贵CKF931,白色,（南明区）长安驾驶培训有限公司,铁二局驾校,2007/9/27 0:00,2012/2/16 0:00,起亚牌,-1,364556000000000000 ,366566000000000000 ,196208,196308,12,5,5,工作日,非高峰,2015-05-02,2015年5月2日,多云 /阵雨,26℃ / 16℃,东北风 ≤3级 /东风 ≤3级,多云,阵雨,26,16,东北风,≤3级,东风,≤3级,day
2015-05-29 09:30:00,中坝立交,1、追尾的,负全部责任,不负责任,0,贵A99N32,黑,1,贵A9170A,银,贵州省长安驾驶培训学校,自培,2011/4/29 0:00,2003/1/3 0:00,缤智牌,-1,364547000000000000 ,366770000000000000 ,198905,197510,9,4,5,工作日,早高峰(7-9点),2015-05-29,2015年5月29日,阵雨 /阵雨,24℃ / 17℃,东南风 ≤3级 /东北风 ≤3级,阵雨,阵雨,24,17,东南风,≤3级,东北风,≤3级,day
2015-05-13 22:40:00,陕西路,1、追尾的,负全部责任,不负责任,1,贵A55S42,红,0,贵AU4176,黄,贵州省长安驾驶培训学校,自培,2012/10/24 0:00,2007/6/13 0:00,雪佛兰牌,天马牌,364567000000000000 ,364547000000000000 ,198808,198612,22,2,5,工作日,非高峰,2015-05-13,2015年5月13日,多云 /阵雨,26℃ / 19℃,东南风 ≤3级 /东南风 ≤3级,多云,阵雨,26,19,东南风,≤3级,东南风,≤3级,night
2015-03-25 15:30:00,贵惠路,1、追尾的,负全部责任,不负责任,1,粤B0YY34,黑色,1,贵A4841G,白色,贵州省长安驾驶培训学校,贵州平安驾驶培训学校,2012/11/18 0:00,2011/9/30 0:00,奥迪牌,长安牌,364557000000000000 ,355266000000000000 ,199311,199210,15,2,3,工作日,非高峰,2015-03-25,2015年3月25日,阴 /阵雨,14℃ / 9℃,东北风 ≤3级 /东北风 ≤3级,阴,阵雨,14,9,东北风,≤3级,东北风,≤3级,day
2015-03-05 21:30:00,黔灵山路,8、依法应负全责的其他情形,负全部责任,不负责任,1,川E3483,白色,1,贵A6EB30,白色,十一驾驶培训有限公司,-1,2014/12/30 0:00,-1,\N,吉利美日牌,354367000000000000 ,364549000000000000 ,197911,196603,21,3,3,工作日,非高峰,2015-03-05,2015年3月5日,小雨 /小雨,4℃ / 1℃,东北风 ≤3级 /东北风 ≤3级,小雨,小雨,4,1,东北风,≤3级,东北风,≤3级,night
2015-02-06 10:33:00,都司路渝中华路路口,1、追尾的,负全部责任,不负责任,1,贵A87W31,白色,1,贵AB5750,白色,（南明区）长安驾驶培训有限公司,自培,2009/3/25 0:00,1992/11/3 0:00,大众汽车牌,翼搏牌,356767000000000000 ,36454651324145407X,197404,195609,10,4,2,工作日,非高峰,2015-02-06,2015年2月6日,多云 /小雨,9℃ / 2℃,南风 ≤3级 /南风 ≤3级,多云,小雨,9,2,南风,≤3级,南风,≤3级,day
2015-05-11 05:10:00,三桥,3、倒车的,负全部责任,不负责任,0,贵ALN521,白,0,贵A12E38,红,（南明区）长安驾驶培训有限公司,贵州省长安驾驶培训学校,2009/5/14 0:00,2012/4/25 0:00,锋范牌,大众汽车牌,364551000000000000 ,364596000000000000 ,198905,198812,5,0,5,工作日,非高峰,2015-05-11,2015年5月11日,多云 /多云,24℃ / 13℃,东北风 ≤3级 /东北风 ≤3级,多云,多云,24,13,东北风,≤3级,东北风,≤3级,night
2015-05-16 16:33:00,金源大酒店,1、追尾的,负全部责任,不负责任,1,贵A76Y43,黄,0,贵A24543,白,（南明区）长安驾驶培训有限公司,阳光驾校,2009/12/18 0:00,2015/1/22 0:00,马自达牌,别克牌,366064000000000000 ,366064000000000000 ,198811,198206,16,5,5,工作日,非高峰,2015-05-16,2015年5月16日,阴 /雷阵雨,23℃ / 17℃,东北风 ≤3级 /东风 ≤3级,阴,雷阵雨,23,17,东北风,≤3级,东风,≤3级,day
2015-02-07 12:00:00,大营坡,7、未按规定让行的 ,负全部责任,不负责任,1,贵A86B27,黑,1,贵AU5806,绿,（南明区）长安驾驶培训有限公司,-1,2007/11/12 0:00,-1,东风标致牌,嘉陵牌,366546000000000000 ,364548000000000000 ,198708,196805,12,5,2,工作日,非高峰,2015-02-07,2015年2月7日,阴 /阴,8℃ / 3℃,东北风 ≤3级 /东北风 ≤3级,阴,阴,8,3,东北风,≤3级,东北风,≤3级,day
2015-02-06 20:10:00,北京东路,8、依法应负全责的其他情形,负全部责任,不负责任,1,贵AGN783,蓝,1,贵A15X13,黄,贵州省长安驾驶培训学校,520120,2011/9/14 0:00,-1,昊锐,东风雪铁龙牌,356166000000000000 ,354741000000000000 ,197410,198801,20,4,2,工作日,非高峰,2015-02-06,2015年2月6日,多云 /小雨,9℃ / 2℃,南风 ≤3级 /南风 ≤3级,多云,小雨,9,2,南风,≤3级,南风,≤3级,night
2015-05-28 10:00:00,开发大道,1、追尾的,负全部责任,不负责任,1,贵A732B7,白色,1,贵GP2240,白色,贵州省长安驾驶培训学校,-1,2011/7/29 0:00,-1,奥铃,-1,364556000000000000 ,366346000000000000 ,197601,198707,10,3,5,工作日,非高峰,2015-05-28,2015年5月28日,多云 /雷阵雨,29℃ / 19℃,南风 ≤3级 /东南风 ≤3级,多云,雷阵雨,29,19,南风,≤3级,东南风,≤3级,day
2015-04-20 07:40:00,瑞金中路,1、追尾的,负全部责任,不负责任,1,贵AK9877,白,1,贵A22162,银,贵州省长安驾驶培训学校,无,2012/1/19 0:00,1990/5/4 0:00,嘉陵牌,金旅牌,366566000000000000 ,364548000000000000 ,197309,196311,7,0,4,工作日,早高峰(7-9点),2015-04-20,2015年4月20日,阴 /阴,20℃ / 11℃,东北风 ≤3级 /东北风 ≤3级,阴,阴,20,11,东北风,≤3级,东北风,≤3级,day
2015-04-10 16:30:00,沙冲南路,7、未按规定让行的 ,负全部责任,不负责任,1,临贵A2K891,白色,1,贵ART439,白色,贵州省长安驾驶培训学校,-1,2014/6/23 0:00,-1,-1,奇瑞牌,366069000000000000 ,366347000000000000 ,198709,197211,16,4,4,工作日,非高峰,2015-04-10,2015年4月10日,小雨 /小雨,12℃ / 8℃,东北风 ≤3级 /东北风 ≤3级,小雨,小雨,12,8,东北风,≤3级,东北风,≤3级,day