accidenttime,accidentaddr,driver1fault,driver1responsibility,driver2responsibility,sex1,platenumber1,carcolor1,sex2,platenumber2,carcolor2,jxmc1,jxmc2,cclzrq1,cclzrq2,clpp1,clpp2,driver1license,driver2license,brith1,brith2,hour,weekday,month,is_weekday,peak_hour,date,日期,天气状况,气温,风力风向,day_wea,night_wea,day_tep,night_tep,day_wind_direction,day_wind_speed,night_wind_direction,night_wind_speed,segment
2015-04-18 00:00:00,云岩区,7、未按规定让行的 ,负全部责任,不负责任,1,贵A57L42,白,1,贵ATM781,白,贵州省长安驾驶培训学校,自培,2012/7/5 0:00,2001/11/19 0:00,斯柯达牌,长安牌,366361000000000000 ,364548000000000000 ,198510,198107,0,5,4,工作日,非高峰,2015-04-18,2015年4月18日,多云 /雷阵雨,29℃ / 16℃,南风 ≤3级 /南风 ≤3级,多云,雷阵雨,29,16,南风,≤3级,南风,≤3级,night
2015-05-12 14:00:00,龙洞堡,7、未按规定让行的 ,负全部责任,不负责任,1,云A9Q419,黑,1,渝BLQ199,红,贵州省长安驾驶培训学校,市汽车摩托车驾校,2012/7/5 0:00,-1,-1,-1,366563000000000000 ,366561000000000000 ,198311,197501,14,1,5,工作日,非高峰,2015-05-12,2015年5月12日,阴 /雷阵雨,24℃ / 13℃,南风 ≤3级 /南风 ≤3级,阴,雷阵雨,24,13,南风,≤3级,南风,≤3级,day
2015-03-10 12:05:00,金关, ,负全部责任,不负责任,1,贵ABM441,黑,1,贵AB953N,银,贵州省长安驾驶培训学校,贵州省长安驾驶培训学校,2014/3/31 0:00,2003/6/11 0:00,东南牌,夏利,364548000000000000 ,366061000000000000 ,197110,197702,12,1,3,工作日,非高峰,2015-03-10,2015年3月10日,小雨 /小雨,8℃ / 4℃,东北风 ≤3级 /东北风 ≤3级,小雨,小雨,8,4,东北风,≤3级,东北风,≤3级,day
2015-02-09 10:10:00,长江路,7、未按规定让行的 ,负全部责任,不负责任,1,贵GT5343,白色,1,贵GET562,白色,贵州省长安驾驶培训学校,520126,2014/3/20 0:00,2008/12/25 0:00,东风雪铁龙牌,-1,366575000000000000 ,366064000000000000 ,198710,199010,10,0,2,工作日,非高峰,2015-02-09,2015年2月9日,阴 /小雨,6℃ / 4℃,东北风 ≤3级 /东北风 ≤3级,阴,小雨,6,4,东北风,≤3级,东北风,≤3级,day
2015-02-04 11:30:00,司训队门口,1、追尾的,负全部责任,不负责任,1,贵JP4372,黑色,1,贵A24922,白色,自培,贵州省长安驾驶培训学校,2012/10/18 0:00,2011/6/27 0:00,长安牌,金旅牌,366875000000000000 ,364556000000000000 ,197611,198409,11,2,2,工作日,非高峰,2015-02-04,2015年2月4日,小雨 /小雨,4℃ / 0℃,东北风 ≤3级 /东北风 ≤3级,小雨,小雨,4,0,东北风,≤3级,东北风,≤3级,day
2015-04-16 15:00:00,西二环,7、未按规定让行的 ,负全部责任,不负责任,1,湘ENS33,白,1,贵AVL722,黑,鑫鑫驾校,消防驾校,2010/5/19 0:00,2011/9/7 0:00,牌照错误,奥迪牌,74365500000000000 ,364548000000000000 ,198003,199205,15,3,4,工作日,非高峰,2015-04-16,2015年4月16日,多云 /多云,29℃ / 17℃,南风 ≤3级 /南风 ≤3级,多云,多云,29,17,南风,≤3级,南风,≤3级,day
2015-02-05 19:35:00,前轮山路,9、不符合前8款规定或者双方同时具有上述情形的,负全部责任,不负责任,1,贵CBN979,黑,1,贵ABP72N,黑,鑫鑫驾校,鑫鑫驾校,2010/2/20 0:00,-1,辉翼,-1,364558000000000000 ,366563000000000000 ,197712,196806,19,3,2,工作日,晚高峰(17-19点),2015-02-05,2015年2月5日,阴 /阴,3℃ / 0℃,东北风 ≤3级 /东北风 ≤3级,阴,阴,3,0,东北风,≤3级,东北风,≤3级,day
2015-04-26 17:40:00,中天花园,3、倒车的,负全部责任,不负责任,1,贵A2BN70,白,1,贵A86B94,红,长安驾校（南明区）,自培,2015/3/11 0:00,2004/9/3 0:00,翼虎牌,迷你,366066000000000000 ,366347000000000000 ,196506,197607,17,6,4,周末,晚高峰(17-19点),2015-04-26,2015年4月26日,阵雨 /阵雨,18℃ / 14℃,东南风 ≤3级 /东北风 ≤3级,阵雨,阵雨,18,14,东南风,≤3级,东北风,≤3级,day
2015-04-18 09:00:00,北京西路,1、追尾的,负全部责任,不负责任,1,贵A2BV14,白,1,贵A3BA44,黑,（花溪区）鑫鑫驾驶培训有限公司,贵阳金马驾驶培训有限公司,2011/5/25 0:00,2011/11/3 0:00,奥迪牌,别克牌,364547000000000000 ,355468000000000000 ,198312,196609,9,5,4,工作日,早高峰(7-9点),2015-04-18,2015年4月18日,多云 /雷阵雨,29℃ / 16℃,南风 ≤3级 /南风 ≤3级,多云,雷阵雨,29,16,南风,≤3级,南风,≤3级,day
2015-03-26 15:00:00,二戈寨,1、追尾的,负全部责任,不负责任,1,贵A49H43,白色,1,贵GR1471,白色,长安驾校（南明区）,-1,2015/3/11 0:00,-1,金杯牌,福特牌,61440500000000000 ,364547000000000 ,198709,621123,15,3,3,工作日,非高峰,2015-03-26,2015年3月26日,阴 /阵雨,17℃ / 12℃,南风 ≤3级 /南风 ≤3级,阴,阵雨,17,12,南风,≤3级,南风,≤3级,day
2015-05-18 10:00:00,龙洞堡,1、追尾的,负全部责任,不负责任,1,贵GL1595,白色,1,贵A23F72,白色,长安驾校（南明区）,长运驾校,2015/4/10 0:00,2013/8/19 0:00,-1,长城牌,65467500000000000 ,676775000000000000 ,198710,197008,10,0,5,工作日,非高峰,2015-05-18,2015年5月18日,多云 /多云,25℃ / 18℃,东北风 ≤3级 /东北风 ≤3级,多云,多云,25,18,东北风,≤3级,东北风,≤3级,day
2015-05-17 13:40:00,环城北路,1、追尾的,负全部责任,不负责任,1,贵A196E9,黄,1,贵A6A123,黑,自培,无,2010/11/23 0:00,1995/8/26 0:00,金旅牌,-1,364551000000000000 ,364548000000000000 ,199006,197707,13,6,5,周末,非高峰,2015-05-17,2015年5月17日,阵雨 /雷阵雨,25℃ / 17℃,东北风 ≤3级 /南风 ≤3级,阵雨,雷阵雨,25,17,东北风,≤3级,南风,≤3级,day
2015-04-10 13:00:00,小河香江路,7、未按规定让行的 ,负全部责任,不负责任,1,贵A9BM98,白色,1,贵JDB296,白色,鑫鑫驾校,预约考试窗口,2014/6/6 0:00,2007/4/9 0:00,别克牌,东风标致牌,366346000000000000 ,36687551944051445X,198502,198004,13,4,4,工作日,非高峰,2015-04-10,2015年4月10日,小雨 /小雨,12℃ / 8℃,东北风 ≤3级 /东北风 ≤3级,小雨,小雨,12,8,东北风,≤3级,东北风,≤3级,day
2015-05-11 10:10:00,金阳南路,1、追尾的,负全部责任,不负责任,1,贵G60253,红,1,贵AV7543,黄,（花溪区）鑫鑫驾驶培训有限公司,铁二局驾校,2010/8/12 0:00,2010/2/1 0:00,-1,豪爵牌,77460500000000000 ,366367000000000000 ,196501,197810,10,0,5,工作日,非高峰,2015-05-11,2015年5月11日,多云 /多云,24℃ / 13℃,东北风 ≤3级 /东北风 ≤3级,多云,多云,24,13,东北风,≤3级,东北风,≤3级,day
2015-04-14 17:00:00,火车站,1、追尾的,负全部责任,不负责任,1,贵AU0948,蓝,1,贵AU0273,蓝,鑫鑫驾校,顺一驾驶培训学校,2010/9/9 0:00,2008/11/6 0:00,金翌牌,奇瑞牌,364566000000000000 ,364568000000000000 ,198604,198702,17,1,4,工作日,晚高峰(17-19点),2015-04-14,2015年4月14日,晴 /多云,22℃ / 9℃,东风 ≤3级 /东风 ≤3级,晴,多云,22,9,东风,≤3级,东风,≤3级,day
2015-04-25 11:12:00,盐沙大道,1、追尾的,负全部责任,不负责任,1,贵A82B25,蓝,1,贵A2487J,银,鑫鑫驾校,-1,2012/2/10 0:00,-1,三菱牌,长安牌,364548000000000000 ,36636400000000000 ,198812,196972,11,5,4,工作日,非高峰,2015-04-25,2015年4月25日,阴 /阵雨,20℃ / 11℃,东风 ≤3级 /东南风 ≤3级,阴,阵雨,20,11,东风,≤3级,东南风,≤3级,day
2015-05-20 14:00:00,淮河路,3、倒车的,负全部责任,不负责任,1,贵AK8523,白色,1,贵AB697J,白色,鑫鑫驾校,吉源驾校,2012/10/23 0:00,2014/8/1 0:00,钱江牌,丰田牌,366347000000000000 ,364551000000000000 ,198405,197712,14,2,5,工作日,非高峰,2015-05-20,2015年5月20日,阴 /阵雨,23℃ / 17℃,东北风 ≤3级 /东北风 ≤3级,阴,阵雨,23,17,东北风,≤3级,东北风,≤3级,day
2015-05-21 08:40:00,三桥,3、倒车的,负全部责任,不负责任,1,贵A118B1,白,1,皖SZY191,黑,鑫鑫驾校,-1,2013/1/22 0:00,-1,俊风牌,-1,357462000000000000 ,705661000000000000 ,197510,197805,8,3,5,工作日,早高峰(7-9点),2015-05-21,2015年5月21日,阴 /阵雨,24℃ / 16℃,东风 ≤3级 /东风 ≤3级,阴,阵雨,24,16,东风,≤3级,东风,≤3级,day
2015-04-21 11:10:00,三桥,3、倒车的,负全部责任,不负责任,1,贵A118B1,白,1,贵FX7965,绿,鑫鑫驾校,贵阳金马驾驶培训有限公司,2013/1/22 0:00,2014/8/1 0:00,俊风牌,长安牌,357462000000000000 ,364548000000000000 ,197510,197910,11,1,4,工作日,非高峰,2015-04-21,2015年4月21日,阴 /阵雨,17℃ / 10℃,东北风 ≤3级 /东北风 ≤3级,阴,阵雨,17,10,东北风,≤3级,东北风,≤3级,day
2015-03-21 00:00:00,西二环,1、追尾的,负全部责任,不负责任,1,贵A8634A,白色,1,贵CDA979,黑色,鑫鑫驾校,-1,2013/11/15 0:00,-1,奇瑞牌,东风日产牌,364547000000000000 ,366567000000000000 ,196804,197312,0,5,3,工作日,非高峰,2015-03-21,2015年3月21日,阴 /阴,16℃ / 11℃,东北风 ≤3级 /东南风 ≤3级,阴,阴,16,11,东北风,≤3级,东南风,≤3级,night
2015-03-08 11:00:00,贵阳市贵州电脑城停车场,3、倒车的,负全部责任,不负责任,1,贵A43E24,黑色,1,贵A49L78,白色,鑫鑫驾校,520125,2014/4/3 0:00,2009/10/9 0:00,东风标致牌,东风雪铁龙牌,364556000000000000 ,574668000000000000 ,198609,197910,11,6,3,周末,非高峰,2015-03-08,2015年3月8日,小雨 /阴,11℃ / 6℃,东北风 ≤3级 /东北风 ≤3级,小雨,阴,11,6,东北风,≤3级,东北风,≤3级,day
2015-04-20 19:40:00,金朱东路,3、倒车的,负全部责任,不负责任,1,贵JAN585,白,1,赣F89C12,银,鑫鑫驾校,-1,2013/10/17 0:00,-1,别克牌,北京牌,364557000000000000 ,236946000000000000 ,199310,197301,19,0,4,工作日,晚高峰(17-19点),2015-04-20,2015年4月20日,阴 /阴,20℃ / 11℃,东北风 ≤3级 /东北风 ≤3级,阴,阴,20,11,东北风,≤3级,东北风,≤3级,day
2015-04-06 20:40:00,八匹马,8、依法应负全责的其他情形,负全部责任,不负责任,1,贵A9JZ28,黑,0,贵G35359,红,鑫鑫驾校,-1,2014/10/11 0:00,-1,-1,东风日产牌,366347000000000000 ,576662000000000000 ,198112,196703,20,0,4,工作日,非高峰,2015-04-06,2015年4月6日,阵雨 /阵雨,17℃ / 7℃,东北风 ≤3级 /东北风 ≤3级,阵雨,阵雨,17,7,东北风,≤3级,东北风,≤3级,night
2015-05-20 08:00:00,小河平桥,7、未按规定让行的 ,负全部责任,不负责任,1,贵A95793,白色,1,贵ASW354,白色,（经开区）顺一驾驶培训有限公司,-1,2008/9/4 0:00,-1,中联牌,马自达牌,364556000000000000 ,366566000000000000 ,197412,198406,8,2,5,工作日,早高峰(7-9点),2015-05-20,2015年5月20日,阴 /阵雨,23℃ / 17℃,东北风 ≤3级 /东北风 ≤3级,阴,阵雨,23,17,东北风,≤3级,东北风,≤3级,day
2015-03-31 16:45:00,八匹马,7、未按规定让行的 ,负全部责任,不负责任,1,贵CNL869,白,1,贵A36360,黄 ,鑫鑫驾校,-1,2014/10/11 0:00,-1,斯柯达牌,金蛙,366569000000000000 ,36547500000000000 ,198709,982058,16,1,3,工作日,非高峰,2015-03-31,2015年3月31日,多云 /多云,28℃ / 19℃,南风 ≤3级 /南风 ≤3级,多云,多云,28,19,南风,≤3级,南风,≤3级,day
2015-04-10 13:00:00,小十字,7、未按规定让行的 ,负全部责任,不负责任,1,贵HAN647,白色,1,贵AU0032,白色,鑫鑫驾校,自培,2014/8/6 0:00,2003/6/17 0:00,东风雪铁龙牌,宝来牌,366246000000000000 ,364548000000000000 ,197905,198401,13,4,4,工作日,非高峰,2015-04-10,2015年4月10日,小雨 /小雨,12℃ / 8℃,东北风 ≤3级 /东北风 ≤3级,小雨,小雨,12,8,东北风,≤3级,东北风,≤3级,day
2015-05-11 10:30:00,甲秀南路,7、未按规定让行的 ,负全部责任,不负责任,1,贵GT8784,蓝,1,贵AV0061,黄,鑫鑫驾校,消防驾校,2013/10/9 0:00,2002/5/14 0:00,-1,中能牌,355468000000000000 ,364558000000000000 ,197611,198107,10,0,5,工作日,非高峰,2015-05-11,2015年5月11日,多云 /多云,24℃ / 13℃,东北风 ≤3级 /东北风 ≤3级,多云,多云,24,13,东北风,≤3级,东北风,≤3级,day
2015-05-18 09:40:00,北京西路,1、追尾的,负全部责任,不负责任,0,贵AB7881,蓝,0,贵ACY372,白,鑫鑫驾校,十一培,2012/1/31 0:00,1996/3/9 0:00,建设牌,长安牌,366061000000000000 ,364547000000000000 ,198808,195305,9,0,5,工作日,早高峰(7-9点),2015-05-18,2015年5月18日,多云 /多云,25℃ / 18℃,东北风 ≤3级 /东北风 ≤3级,多云,多云,25,18,东北风,≤3级,东北风,≤3级,day
2015-03-22 08:30:00,帝景云天,7、未按规定让行的 ,负全部责任,不负责任,1,贵ANN353,银,1,贵A71771,蓝,顺一驾驶培训学校,诚信驾驶培训学校,2013/6/8 0:00,2011/7/1 0:00,别克牌,金龙牌,364551000000000000 ,364547000000000000 ,198305,198607,8,6,3,周末,早高峰(7-9点),2015-03-22,2015年3月22日,阵雨 /阵雨,19℃ / 10℃,东南风 ≤3级 /东风 ≤3级,阵雨,阵雨,19,10,东南风,≤3级,东风,≤3级,day
2015-04-01 10:00:00,金阳北路,1、追尾的,负全部责任,不负责任,1,贵GD5731,蓝,1,贵GS2276,银,顺一驾驶培训学校,顺一驾驶培训学校,2011/11/14 0:00,2011/7/27 0:00,飞度牌,威驰,36454651924766706X,364556000000000000 ,198603,198803,10,2,4,工作日,非高峰,2015-04-01,2015年4月1日,多云 /多云,29℃ / 19℃,南风 ≤3级 /南风 ≤3级,多云,多云,29,19,南风,≤3级,南风,≤3级,day
2015-04-09 21:20:00,花溪,7、未按规定让行的 ,负全部责任,不负责任,1,贵AC009K,红,1,贵JM2555,银,顺一驾驶培训学校,-1,2013/6/8 0:00,-1,雪佛兰牌,东风日产牌,364556000000000000 ,366876000000000000 ,199312,197303,21,3,4,工作日,非高峰,2015-04-09,2015年4月9日,阴 /小雨,11℃ / 7℃,东北风 ≤3级 /东北风 ≤3级,阴,小雨,11,7,东北风,≤3级,东北风,≤3级,night
2015-03-06 13:25:00,金阳,1、追尾的,负全部责任,不负责任,1,贵A1372P,黑,1,贵ACW689,白,顺一驾驶培训学校,铁二局驾校,2012/3/12 0:00,2011/4/21 0:00,江铃牌,宝马,364566000000000000 ,364557000000000000 ,199009,197904,13,4,3,工作日,非高峰,2015-03-06,2015年3月6日,小雨 /小雨,5℃ / 3℃,东北风 ≤3级 /东北风 ≤3级,小雨,小雨,5,3,东北风,≤3级,东北风,≤3级,day
2015-03-26 13:40:00,林城西路,1、追尾的,负全部责任,不负责任,1,贵A3699H,白,1,川RQJ264,白,顺一驾驶培训学校,铁二局驾校,2011/11/25 0:00,-1,凯马牌,吉利全球鹰牌 ,366061000000000000 ,35616151864669315X,198908,197202,13,3,3,工作日,非高峰,2015-03-26,2015年3月26日,阴 /阵雨,17℃ / 12℃,南风 ≤3级 /南风 ≤3级,阴,阵雨,17,12,南风,≤3级,南风,≤3级,day
2015-03-03 06:25:00,西南环线,7、未按规定让行的 ,负全部责任,不负责任,1,贵ACN246,白色,1,贵AL0351,绿色,（经开区）顺一驾驶培训有限公司,自培,2009/7/20 0:00,-1,风神牌,轻骑·铃木牌,364551000000000000 ,364666000000000000 ,197802,199408,6,1,3,工作日,非高峰,2015-03-03,2015年3月3日,小雨 /小雨,8℃ / 3℃,东北风 ≤3级 /东北风 ≤3级,小雨,小雨,8,3,东北风,≤3级,东北风,≤3级,day
2015-03-15 18:06:00,金阳,8、依法应负全责的其他情形,负全部责任,不负责任,1,贵A34F24,白色,1,贵A7945B,白色,自培,鑫鑫驾校,2008/12/25 0:00,2014/11/3 0:00,长安牌,长安,366368000000000000 ,36654551814862823X,197907,197907,18,6,3,周末,晚高峰(17-19点),2015-03-15,2015年3月15日,阴 /阴,18℃ / 13℃,东风 ≤3级 /南风 ≤3级,阴,阴,18,13,东风,≤3级,南风,≤3级,day
2015-05-03 22:00:00,金阳财富中心,8、依法应负全责的其他情形,负全部责任,不负责任,1,贵A7BL00,白,1,贵A22L87,白,顺一驾驶培训学校,520123,2014/9/19 0:00,2008/12/18 0:00,凌派牌,福克斯牌,366664000000000000 ,344542000000000000 ,198604,199004,22,6,5,周末,非高峰,2015-05-03,2015年5月3日,阵雨 /阵雨,25℃ / 15℃,东北风 ≤3级 /东北风 ≤3级,阵雨,阵雨,25,15,东北风,≤3级,东北风,≤3级,night
2015-02-16 14:00:00,花溪清溪路,7、未按规定让行的 ,负全部责任,不负责任,1,贵A69R37,黑色,1,贵AMV225,白色,顺一驾驶培训学校,预约考试窗口,2014/1/24 0:00,2007/7/12 0:00,奥迪牌,长安牌,364666000000000000 ,74765500000000000 ,199502,198205,14,0,2,工作日,非高峰,2015-02-16,2015年2月16日,阴 /阵雨,15℃ / 9℃,东北风 ≤3级 /东南风 ≤3级,阴,阵雨,15,9,东北风,≤3级,东南风,≤3级,day
2015-03-04 09:20:00,区政府,8、依法应负全责的其他情形,负全部责任,不负责任,1,贵AD4144,黑,1,贵GL4674,白,（经开区）顺一驾驶培训有限公司,贵大佳德驾驶培训学校,2008/12/2 0:00,2013/4/17 0:00,五星牌,欧蓝德,356161000000000000 ,366361000000000000 ,195804,197412,9,2,3,工作日,早高峰(7-9点),2015-03-04,2015年3月4日,小雨 /小雨,6℃ / 1℃,东北风 ≤3级 /东北风 ≤3级,小雨,小雨,6,1,东北风,≤3级,东北风,≤3级,day
2015-04-01 05:00:00,东二环,1、追尾的,负全部责任,不负责任,1,贵ANU932,白色,1,贵AJ6337,白色,顺一驾驶培训学校,-1,2010/9/8 0:00,-1,长安牌,宗申牌,366068000000000000 ,74360500000000000 ,198901,197303,5,2,4,工作日,非高峰,2015-04-01,2015年4月1日,多云 /多云,29℃ / 19℃,南风 ≤3级 /南风 ≤3级,多云,多云,29,19,南风,≤3级,南风,≤3级,night
2015-03-18 08:26:00,贵惠大道,7、未按规定让行的 ,负全部责任,不负责任,1,贵GV7638,白色,1,贵A6G831,白色,顺一驾驶培训学校,省交校,2010/10/13 0:00,2010/5/27 0:00,北京现代牌,斯柯达牌,364596000000000000 ,364547000000000000 ,198812,198907,8,2,3,工作日,早高峰(7-9点),2015-03-18,2015年3月18日,多云 /多云,24℃ / 14℃,南风 ≤3级 /南风 ≤3级,多云,多云,24,14,南风,≤3级,南风,≤3级,day
2015-05-02 10:05:00,西二环,7、未按规定让行的 ,负全部责任,不负责任,1,贵BY1729,白,1,贵ALV172,黑,（经开区）顺一驾驶培训有限公司,新天驾校,2010/9/29 0:00,2011/12/29 0:00,-1,福克斯牌,03416651905540737X,364556000000000000 ,198411,198505,10,5,5,工作日,非高峰,2015-05-02,2015年5月2日,多云 /阵雨,26℃ / 16℃,东北风 ≤3级 /东风 ≤3级,多云,阵雨,26,16,东北风,≤3级,东风,≤3级,day
2015-03-31 21:00:00,世纪城,8、依法应负全责的其他情形,负全部责任,不负责任,1,贵A2AT72,黄,1,贵A77K99,黄,顺一驾驶培训学校,-1,2011/3/29 0:00,-1,朗逸牌,别克牌,364548000000000000 ,704968000000000000 ,198512,197602,21,1,3,工作日,非高峰,2015-03-31,2015年3月31日,多云 /多云,28℃ / 19℃,南风 ≤3级 /南风 ≤3级,多云,多云,28,19,南风,≤3级,南风,≤3级,night
2015-02-27 12:30:00,公安厅,1、追尾的,负全部责任,不负责任,1,贵A62G93,黑,1,贵A5AL91,红,顺一驾驶培训学校,贵州省长安驾驶培训学校,2011/9/13 0:00,2012/7/18 0:00,长城牌,东风标致牌,366367000000000000 ,366569000000000000 ,198008,197210,12,4,2,工作日,非高峰,2015-02-27,2015年2月27日,多云 /阵雨,21℃ / 5℃,南风 ≤3级 /南风 ≤3级,多云,阵雨,21,5,南风,≤3级,南风,≤3级,day
2015-05-17 10:00:00,大南门,7、未按规定让行的 ,负全部责任,不负责任,1,贵A3L956,白色,1,贵AU7001,白色,顺一驾驶培训学校,-1,2011/7/15 0:00,-1,-1,瑞麒牌,366361000000000000 ,36634600000000 ,197408,197002,10,6,5,周末,非高峰,2015-05-17,2015年5月17日,阵雨 /雷阵雨,25℃ / 17℃,东北风 ≤3级 /南风 ≤3级,阵雨,雷阵雨,25,17,东北风,≤3级,南风,≤3级,day
2015-05-14 21:00:00,花果园,7、未按规定让行的 ,负全部责任,不负责任,1,贵A6125L,白,1,贵A45Y54,红,顺一驾驶培训学校,-1,2012/6/18 0:00,-1,长安牌,丰田牌,364556000000000000 ,364596000000000000 ,199211,198811,21,3,5,工作日,非高峰,2015-05-14,2015年5月14日,多云 /雷阵雨,27℃ / 20℃,东南风 ≤3级 /南风 ≤3级,多云,雷阵雨,27,20,东南风,≤3级,南风,≤3级,night
2015-05-17 14:00:00,省府东路,7、未按规定让行的 ,负全部责任,不负责任,1,贵A1BL37,白色,1,贵AAL787,白色,顺一驾驶培训学校,-1,2014/10/14 0:00,-1,骏派牌,雪佛兰牌,364647000000000000 ,364556000000000000 ,197305,192406,14,6,5,周末,非高峰,2015-05-17,2015年5月17日,阵雨 /雷阵雨,25℃ / 17℃,东北风 ≤3级 /南风 ≤3级,阵雨,雷阵雨,25,17,东北风,≤3级,南风,≤3级,day
2015-03-01 22:00:00,北京西路,1、追尾的,负全部责任,不负责任,1,贵GX9978,白色,1,贵A4076K,白色,顺一驾驶培训学校,-1,2013/11/20 0:00,-1,长安牌,奥迪牌,364567000000000000 ,364547000000000 ,198810,650723,22,6,3,周末,非高峰,2015-03-01,2015年3月1日,阴 /阴,9℃ / 3℃,东风 ≤3级 /南风 ≤3级,阴,阴,9,3,东风,≤3级,南风,≤3级,night
2015-04-13 08:30:00,锦江路,7、未按规定让行的 ,负全部责任,不负责任,1,贵ANP721,白色,1,贵CFZ428,白色,顺一驾驶培训学校,-1,2014/5/26 0:00,-1,雷克萨斯,维拉克斯,64044500000000000 ,73256851804850437X,196705,197407,8,0,4,工作日,早高峰(7-9点),2015-04-13,2015年4月13日,晴 /多云,23℃ / 8℃,东北风 ≤3级 /东北风 ≤3级,晴,多云,23,8,东北风,≤3级,东北风,≤3级,day
2015-04-08 18:40:00,西二环,7、未按规定让行的 ,负全部责任,不负责任,0,贵AC4353,黑,1,鄂AB8A2,黑,青正驾校,-1,2013/2/7 0:00,-1,兰盾牌,-1,364548000000000000 ,365567000000000000 ,197701,198411,18,2,4,工作日,晚高峰(17-19点),2015-04-08,2015年4月8日,小雨 /小雨,10℃ / 6℃,东北风 ≤3级 /东北风 ≤3级,小雨,小雨,10,6,东北风,≤3级,东北风,≤3级,day
2015-04-27 18:34:00,沙冲路,7、未按规定让行的 ,负全部责任,不负责任,1,贵ATY281,白色,1,贵A5AV98,白色,青正驾校,自培,2011/6/24 0:00,2004/9/16 0:00,奥迪牌,宝骏牌,364551000000000000 ,354864000000000000 ,198902,198208,18,0,4,工作日,晚高峰(17-19点),2015-04-27,2015年4月27日,阴 /雷阵雨,21℃ / 14℃,东南风 ≤3级 /东北风 ≤3级,阴,雷阵雨,21,14,东南风,≤3级,东北风,≤3级,day
2015-04-12 17:15:00,三桥,7、未按规定让行的 ,负全部责任,不负责任,1,贵FZ0388,红,1,贵GGC625,白,青正驾校,凯信驾校,2014/1/23 0:00,2015/1/26 0:00,东风标致牌,长安牌,36606351954743605X,36636251155564627X,198103,199111,17,6,4,周末,晚高峰(17-19点),2015-04-12,2015年4月12日,晴 /多云,21℃ / 7℃,东风 ≤3级 /东风 ≤3级,晴,多云,21,7,东风,≤3级,东风,≤3级,day
2015-05-29 15:18:00,金阳红街,7、未按规定让行的 ,负全部责任,不负责任,1,贵A0910E,黑,1,贵A18W83,白,青正驾校,全林驾校,2013/8/22 0:00,2012/5/4 0:00,五菱牌,奥迪牌,364566000000000000 ,366669000000000000 ,199111,197708,15,4,5,工作日,非高峰,2015-05-29,2015年5月29日,阵雨 /阵雨,24℃ / 17℃,东南风 ≤3级 /东北风 ≤3级,阵雨,阵雨,24,17,东南风,≤3级,东北风,≤3级,day
2015-02-14 14:40:00,化工路,8、依法应负全责的其他情形,负全部责任,不负责任,1,贵FX9017,黑,1,贵A664A1,银,自培,-1,2014/8/11 0:00,-1,起亚牌,五菱牌,366067000000000000 ,366347000000000000 ,199503,197212,14,5,2,工作日,非高峰,2015-02-14,2015年2月14日,阵雨 /雷阵雨,16℃ / 10℃,南风 ≤3级 /南风 ≤3级,阵雨,雷阵雨,16,10,南风,≤3级,南风,≤3级,day
2015-05-13 14:10:00,八匹马,1、追尾的,负全部责任,不负责任,1,贵AC618P,红,1,贵GT3652,红,贵阳万里圣驾校,-1,2014/12/15 0:00,-1,吉奥牌,-1,366367000000000000 ,575497000000000000 ,198104,198702,14,2,5,工作日,非高峰,2015-05-13,2015年5月13日,多云 /阵雨,26℃ / 19℃,东南风 ≤3级 /东南风 ≤3级,多云,阵雨,26,19,东南风,≤3级,东南风,≤3级,day
2015-03-24 13:30:00,长岭南路,7、未按规定让行的 ,负全部责任,不负责任,1,贵CBZ653,银,1,贵HAU815,白,青正驾校,-1,2013/9/9 0:00,-1,长安牌,翼虎牌,364596000000000000 ,234647000000000000 ,199208,196803,13,1,3,工作日,非高峰,2015-03-24,2015年3月24日,小雨 /阵雨,13℃ / 7℃,东北风 ≤3级 /东北风 ≤3级,小雨,阵雨,13,7,东北风,≤3级,东北风,≤3级,day
2015-05-18 20:30:00,金关,4、停车时未挂低速档、未拉驻车制动，导致车辆滑行的,负全部责任,不负责任,1,贵A0BR82,黄,1,贵APX164,白,青正驾校（清镇市）,-1,2015/4/20 0:00,-1,长安牌,福田牌,36454751824545765X,36657700000000000 ,197601,198912,20,0,5,工作日,非高峰,2015-05-18,2015年5月18日,多云 /多云,25℃ / 18℃,东北风 ≤3级 /东北风 ≤3级,多云,多云,25,18,东北风,≤3级,东北风,≤3级,night
2015-03-31 21:40:00,山水黔城,7、未按规定让行的 ,负全部责任,不负责任,1,贵AS8319,白色,1,贵A6AF15,白色,（乌当区）平安驾驶培训有限公司,顺一驾驶培训学校,2006/6/16 0:00,2011/9/28 0:00,本田牌,传祺牌,734563000000000000 ,366367000000000000 ,197911,198208,21,1,3,工作日,非高峰,2015-03-31,2015年3月31日,多云 /多云,28℃ / 19℃,南风 ≤3级 /南风 ≤3级,多云,多云,28,19,南风,≤3级,南风,≤3级,night
2015-04-05 10:30:00,长江路,7、未按规定让行的 ,负全部责任,不负责任,1,贵AVL974,白色,1,贵AL3017,白色,贵州平安驾驶培训学校,（南明区）金大驾驶培训有限公司,2012/3/6 0:00,1997/11/11 0:00,东风雪铁龙牌,轻骑·铃木牌,366064000000000000 ,364547000000000 ,198901,780718,10,6,4,周末,非高峰,2015-04-05,2015年4月5日,阴 /阵雨,30℃ / 12℃,南风 ≤3级 /东北风 ≤3级,阴,阵雨,30,12,南风,≤3级,东北风,≤3级,day
2015-03-25 09:20:00,中天花园,3、倒车的,负全部责任,不负责任,1,贵CDE170,白,0,贵A015A8,银,（乌当区）平安驾驶培训有限公司,-1,2006/1/9 0:00,-1,广汽菲亚特牌,东风牌,366664000000000000 ,366568000000000000 ,197109,199005,9,2,3,工作日,早高峰(7-9点),2015-03-25,2015年3月25日,阴 /阵雨,14℃ / 9℃,东北风 ≤3级 /东北风 ≤3级,阴,阵雨,14,9,东北风,≤3级,东北风,≤3级,day