accidenttime,accidentaddr,driver1fault,driver1responsibility,driver2responsibility,sex1,platenumber1,carcolor1,sex2,platenumber2,carcolor2,jxmc1,jxmc2,cclzrq1,cclzrq2,clpp1,clpp2,driver1license,driver2license,brith1,brith2,hour,weekday,month,is_weekday,peak_hour,date,日期,天气状况,气温,风力风向,day_wea,night_wea,day_tep,night_tep,day_wind_direction,day_wind_speed,night_wind_direction,night_wind_speed,segment
2015-05-24 18:00:00,沙坡寨,7、未按规定让行的 ,负全部责任,不负责任,1,贵A6332K,红,1,贵GAD877,银,万里圣驾校（清镇市）,贵大佳德驾驶培训学校,2015/5/5 0:00,2012/3/20 0:00,吉利牌,-1,364596000000000000 ,366067000000000000 ,199506,198910,18,6,5,周末,晚高峰(17-19点),2015-05-24,2015年5月24日,多云 /阴,24℃ / 18℃,东风 ≤3级 /东南风 ≤3级,多云,阴,24,18,东风,≤3级,东南风,≤3级,day
2015-05-24 13:00:00,中华南路,8、依法应负全责的其他情形,负全部责任,不负责任,1,贵GE6158,白色,1,贵A72B49,白色,（乌当区）平安驾驶培训有限公司,自培,2010/6/8 0:00,2008/3/25 0:00,-1,东风日产牌,364557000000000000 ,364547000000000000 ,198811,198201,13,6,5,周末,非高峰,2015-05-24,2015年5月24日,多云 /阴,24℃ / 18℃,东风 ≤3级 /东南风 ≤3级,多云,阴,24,18,东风,≤3级,东南风,≤3级,day
2015-03-24 17:30:00,市北路,1、追尾的,负全部责任,不负责任,1,贵A95X88,白,1,贵A7BG97,黑,贵州平安驾驶培训学校,毕节地区黔中汽车(摩托车)驾驶培训学校,2013/11/27 0:00,2014/9/30 0:00,雷克萨斯,飞度牌,364548000000000000 ,364548000000000000 ,198302,199005,17,1,3,工作日,晚高峰(17-19点),2015-03-24,2015年3月24日,小雨 /阵雨,13℃ / 7℃,东北风 ≤3级 /东北风 ≤3级,小雨,阵雨,13,7,东北风,≤3级,东北风,≤3级,day
2015-04-27 08:25:00,石林路,7、未按规定让行的 ,负全部责任,不负责任,1,贵A0102W,银,1,川X4A676,黄,贵州平安驾驶培训学校,吉源驾校,2013/10/30 0:00,2014/5/26 0:00,别克牌,别克牌 ,36606051804643647X,355266000000000000 ,197402,199008,8,0,4,工作日,早高峰(7-9点),2015-04-27,2015年4月27日,阴 /雷阵雨,21℃ / 14℃,东南风 ≤3级 /东北风 ≤3级,阴,雷阵雨,21,14,东南风,≤3级,东北风,≤3级,day
2015-03-31 20:45:00,金源街,1、追尾的,负全部责任,不负责任,1,贵A565F7,银,1,贵A35A42,蓝,贵州平安驾驶培训学校,文通驾校,2014/3/13 0:00,2011/9/2 0:00,解放牌,北京现代牌,366064000000000000 ,364548000000000000 ,199401,199105,20,1,3,工作日,非高峰,2015-03-31,2015年3月31日,多云 /多云,28℃ / 19℃,南风 ≤3级 /南风 ≤3级,多云,多云,28,19,南风,≤3级,南风,≤3级,night
2015-05-29 08:30:00,嘉润路,7、未按规定让行的 ,负全部责任,不负责任,1,贵AKD256,红,1,贵A1Q069,白,（南明区）现代驾驶培训有限公司,贵大佳德驾驶培训学校,2006/10/24 0:00,2011/11/21 0:00,骊威牌,-1,364547000000000000 ,364547000000000000 ,198709,198706,8,4,5,工作日,早高峰(7-9点),2015-05-29,2015年5月29日,阵雨 /阵雨,24℃ / 17℃,东南风 ≤3级 /东北风 ≤3级,阵雨,阵雨,24,17,东南风,≤3级,东北风,≤3级,day
2015-03-13 11:30:00,油榨街,7、未按规定让行的 ,负全部责任,不负责任,1,贵JDN596,白,1,贵AU7357,黄,自培,-1,2014/5/4 0:00,-1,福特牌,宇通牌,364556000000000000 ,364544000000 ,199311,512362,11,4,3,工作日,非高峰,2015-03-13,2015年3月13日,多云 /阵雨,17℃ / 12℃,南风 ≤3级 /南风 ≤3级,多云,阵雨,17,12,南风,≤3级,南风,≤3级,day
2015-04-17 01:00:00,五里冲,1、追尾的,负全部责任,不负责任,1,贵GX6282,白色,1,贵JDA896,白色,黔丰驾校,-1,2013/8/14 0:00,-1,福克斯牌,别克牌,364596000000000000 ,36686351964158635X,199306,198209,1,4,4,工作日,非高峰,2015-04-17,2015年4月17日,多云 /多云,28℃ / 19℃,南风 ≤3级 /南风 ≤3级,多云,多云,28,19,南风,≤3级,南风,≤3级,night
2015-04-28 08:00:00,红街,3、倒车的,负全部责任,不负责任,1,贵A856G8,蓝,1,贵GP4664,白,黔丰驾校,铜仁地区石阡启灵驾校,2014/10/22 0:00,-1,大运牌,金城牌,364648000000000000 ,36666051834575447X,199601,197501,8,1,4,工作日,早高峰(7-9点),2015-04-28,2015年4月28日,多云 /多云,25℃ / 15℃,东北风 ≤3级 /东北风 ≤3级,多云,多云,25,15,东北风,≤3级,东北风,≤3级,day
2015-02-26 11:47:00,北京西路, ,负同等责任,负同等责任,1,贵AMW989,蓝,1,贵ATC175,红,黔丰驾校,黔丰驾校,2014/6/13 0:00,2015/1/5 0:00,帕萨特牌,锋范牌,354364000000000000 ,36459551924663095X,198208,198602,11,3,2,工作日,非高峰,2015-02-26,2015年2月26日,阴 /小雨,12℃ / 9℃,东风 ≤3级 /南风 ≤3级,阴,小雨,12,9,东风,≤3级,南风,≤3级,day
2015-05-21 16:00:00,小河转盘,7、未按规定让行的 ,负全部责任,不负责任,1,贵ALM232,白色,1,贵JD9959,白色,贵州现代驾驶培训责任有限公司,-1,2010/7/2 0:00,-1,雪佛兰牌,-1,366347000000000000 ,366863000000000000 ,197803,195908,16,3,5,工作日,非高峰,2015-05-21,2015年5月21日,阴 /阵雨,24℃ / 16℃,东风 ≤3级 /东风 ≤3级,阴,阵雨,24,16,东风,≤3级,东风,≤3级,day
2015-02-16 11:32:00,八匹马,7、未按规定让行的 ,负全部责任,不负责任,0,贵A5AJ43,黑,1,贵A1204A,黑,贵州现代驾驶培训责任有限公司,吉源驾校,2012/4/9 0:00,2014/12/16 0:00,东风雪铁龙牌,大发牌,364557000000000000 ,364557000000000000 ,198510,197010,11,0,2,工作日,非高峰,2015-02-16,2015年2月16日,阴 /阵雨,15℃ / 9℃,东北风 ≤3级 /东南风 ≤3级,阴,阵雨,15,9,东北风,≤3级,东南风,≤3级,day
2015-05-02 12:00:00,航天路, ,负全部责任,不负责任,1,贵DBT142,白,1,贵A88543,红,贵州现代驾驶培训责任有限公司,520101,2012/8/27 0:00,2007/5/17 0:00,-1,豪爵牌,36666851974947365X,364557000000000000 ,198308,198605,12,5,5,工作日,非高峰,2015-05-02,2015年5月2日,多云 /阵雨,26℃ / 16℃,东北风 ≤3级 /东风 ≤3级,多云,阵雨,26,16,东北风,≤3级,东风,≤3级,day
2015-02-09 09:50:00,紫林庵,1、追尾的,负全部责任,不负责任,1,贵A7AN29,蓝,1,贵A3AB67,黄,贵州现代驾驶培训责任有限公司,自培,2012/8/27 0:00,2014/5/7 0:00,雪佛兰牌,大众汽车牌,364547000000000000 ,366661000000000000 ,197208,198105,9,0,2,工作日,早高峰(7-9点),2015-02-09,2015年2月9日,阴 /小雨,6℃ / 4℃,东北风 ≤3级 /东北风 ≤3级,阴,小雨,6,4,东北风,≤3级,东北风,≤3级,day
2015-04-09 07:58:00,白云区,1、追尾的,负全部责任,不负责任,1,贵AGQ253,黑,1,贵A23S46,黑,（南明区）现代驾驶培训有限公司,贵州晨运驾驶培训学校,2008/3/10 0:00,2008/5/29 0:00,雪佛兰牌,翼虎牌,364548000000000000 ,364648000000000000 ,198705,197311,7,3,4,工作日,早高峰(7-9点),2015-04-09,2015年4月9日,阴 /小雨,11℃ / 7℃,东北风 ≤3级 /东北风 ≤3级,阴,小雨,11,7,东北风,≤3级,东北风,≤3级,day
2015-04-08 10:30:00,渔安新城,1、追尾的,负全部责任,不负责任,1,贵FV6613,白色,1,贵A2BB53,白色,（南明区）现代驾驶培训有限公司,铁二局驾校,2009/5/12 0:00,2010/9/6 0:00,华泰圣达菲牌,东风雪铁龙牌,366067000000000000 ,366368000000000000 ,197311,198204,10,2,4,工作日,非高峰,2015-04-08,2015年4月8日,小雨 /小雨,10℃ / 6℃,东北风 ≤3级 /东北风 ≤3级,小雨,小雨,10,6,东北风,≤3级,东北风,≤3级,day
2015-05-13 17:50:00,北京路,7、未按规定让行的 ,负全部责任,不负责任,0,贵A8BE65,黑,1,贵A89B77,黄,（南明区）现代驾驶培训有限公司,-1,2007/9/12 0:00,-1,宝马,长安牌,366347000000000000 ,366846000000000000 ,198409,199109,17,2,5,工作日,晚高峰(17-19点),2015-05-13,2015年5月13日,多云 /阵雨,26℃ / 19℃,东南风 ≤3级 /东南风 ≤3级,多云,阵雨,26,19,东南风,≤3级,东南风,≤3级,day
2015-03-21 18:30:00,亨特,8、依法应负全责的其他情形,负全部责任,不负责任,1,贵A64S21,银,0,贵CLF898,黑,贵州现代驾驶培训责任有限公司,预约考试窗口,2011/12/7 0:00,2007/4/12 0:00,思威牌,宝马牌,366361000000000000 ,364557000000000000 ,199003,198202,18,5,3,工作日,晚高峰(17-19点),2015-03-21,2015年3月21日,阴 /阴,16℃ / 11℃,东北风 ≤3级 /东南风 ≤3级,阴,阴,16,11,东北风,≤3级,东南风,≤3级,day
2015-03-19 18:00:00,山水黔城,7、未按规定让行的 ,负全部责任,不负责任,1,贵AU7991,白色,1,贵A49K31,白色,（南明区）现代驾驶培训有限公司,贵州晨运驾驶培训学校,2009/4/17 0:00,2005/9/14 0:00,奇瑞牌,X3,366570000000000000 ,36454651924062745X,197709,198604,18,3,3,工作日,晚高峰(17-19点),2015-03-19,2015年3月19日,多云 /阵雨,26℃ / 12℃,南风 ≤3级 /东北风 ≤3级,多云,阵雨,26,12,南风,≤3级,东北风,≤3级,day
2015-05-05 10:00:00,卫校,8、依法应负全责的其他情形,负全部责任,不负责任,0,贵JBP816,白,1,贵GJ5625,蓝,贵州现代驾驶培训责任有限公司,（南明区）金大驾驶培训有限公司,2010/8/16 0:00,2011/10/28 0:00,-1,-1,364547000000000000 ,364557000000000000 ,199110,196802,10,1,5,工作日,非高峰,2015-05-05,2015年5月5日,阵雨 /阵雨,21℃ / 15℃,南风 ≤3级 /南风 ≤3级,阵雨,阵雨,21,15,南风,≤3级,南风,≤3级,day
2015-04-30 21:45:00,市南路,7、未按规定让行的 ,负全部责任,不负责任,1,贵A23K18,白色,1,贵AE6171,白色,贵州现代驾驶培训责任有限公司,吉源驾校,2014/2/21 0:00,2014/12/16 0:00,东风雪铁龙牌,帕萨特,36656951884353535X,364547000000000000 ,197705,199607,21,3,4,工作日,非高峰,2015-04-30,2015年4月30日,阵雨 /阵雨,25℃ / 17℃,东南风 ≤3级 /东南风 ≤3级,阵雨,阵雨,25,17,东南风,≤3级,东南风,≤3级,night
2015-04-23 22:00:00,北站,7、未按规定让行的 ,负全部责任,不负责任,1,贵AA9796,蓝,1,贵AC993N,白,贵州现代驾驶培训责任有限公司,贵州现代驾驶培训责任有限公司,2012/1/4 0:00,2012/12/29 0:00,宝马,菲亚特,366670000000000000 ,366367000000000000 ,198505,198112,22,3,4,工作日,非高峰,2015-04-23,2015年4月23日,阴 /小雨,16℃ / 10℃,东北风 ≤3级 /东北风 ≤3级,阴,小雨,16,10,东北风,≤3级,东北风,≤3级,night
2015-04-18 16:45:00,新添寨,1、追尾的,负全部责任,不负责任,1,贵JBP986,白色,1,贵AU0338,白色,贵州现代驾驶培训责任有限公司,预约考试窗口,2014/3/17 0:00,2007/8/3 0:00,谛艾仕牌,奇瑞牌,364547000000000000 ,366368000000000000 ,199205,198107,16,5,4,工作日,非高峰,2015-04-18,2015年4月18日,多云 /雷阵雨,29℃ / 16℃,南风 ≤3级 /南风 ≤3级,多云,雷阵雨,29,16,南风,≤3级,南风,≤3级,day
2015-04-23 11:05:00,小车河,7、未按规定让行的 ,负全部责任,不负责任,1,贵DAK954,红,1,川A1UJ83,银,自培,习水驾校,2012/7/11 0:00,-1,福克斯牌,东风雪铁龙牌 ,366662000000000000 ,355468000000000000 ,199312,198701,11,3,4,工作日,非高峰,2015-04-23,2015年4月23日,阴 /小雨,16℃ / 10℃,东北风 ≤3级 /东北风 ≤3级,阴,小雨,16,10,东北风,≤3级,东北风,≤3级,day
2015-04-22 07:00:00,情人谷,7、未按规定让行的 ,负全部责任,不负责任,1,贵A21336,白色,1,贵A846B2,白色,贵州现代驾驶培训责任有限公司,（经开区）十一驾驶培训有限公司,2012/2/20 0:00,2011/9/2 0:00,豪泺牌,东风牌,366061000000000000 ,366064000000000000 ,198609,197411,7,2,4,工作日,早高峰(7-9点),2015-04-22,2015年4月22日,小雨 /小雨,15℃ / 10℃,东北风 ≤3级 /东北风 ≤3级,小雨,小雨,15,10,东北风,≤3级,东北风,≤3级,day
2015-05-14 17:10:00,白云区,3、倒车的,负全部责任,不负责任,1,贵AL2335,白,1,贵A33L63,蓝,（花溪区）金马驾驶培训有限公司,时发驾校,2006/9/27 0:00,2013/8/7 0:00,解放牌,福克斯牌,354675000000000000 ,364596000000000000 ,197010,198801,17,3,5,工作日,晚高峰(17-19点),2015-05-14,2015年5月14日,多云 /雷阵雨,27℃ / 20℃,东南风 ≤3级 /南风 ≤3级,多云,雷阵雨,27,20,东南风,≤3级,南风,≤3级,day
2015-02-28 16:00:00,头桥,7、未按规定让行的 ,负全部责任,不负责任,0,贵AJL704,红,1,贵AV0417,蓝,贵州现代驾驶培训责任有限公司,-1,2010/4/14 0:00,-1,奇瑞牌,海陵牌,364547000000000000 ,36456600000000000 ,198602,197310,16,5,2,工作日,非高峰,2015-02-28,2015年2月28日,小雨 /小雨,8℃ / 4℃,东北风 ≤3级 /东北风 ≤3级,小雨,小雨,8,4,东北风,≤3级,东北风,≤3级,day
2015-04-07 07:31:00,遵义路,7、未按规定让行的 ,负全部责任,不负责任,1,贵A21J13,白,1,贵AU2146,蓝,贵州现代驾驶培训责任有限公司,自培,2014/11/13 0:00,2007/7/10 0:00,杰德牌,望江牌,364547000000000000 ,364547000000000000 ,197005,197902,7,1,4,工作日,早高峰(7-9点),2015-04-07,2015年4月7日,小雨 /小雨,9℃ / 5℃,东北风 ≤3级 /东北风 ≤3级,小雨,小雨,9,5,东北风,≤3级,东北风,≤3级,day
2015-05-11 16:11:00,北京西路,1、追尾的,负全部责任,不负责任,1,贵A49G13,蓝,1,贵FBX939,黑,（花溪区）金马驾驶培训有限公司,-1,2010/2/9 0:00,-1,长安牌,-1,36454751904957245X,36604551144153443X,198408,199009,16,0,5,工作日,非高峰,2015-05-11,2015年5月11日,多云 /多云,24℃ / 13℃,东北风 ≤3级 /东北风 ≤3级,多云,多云,24,13,东北风,≤3级,东北风,≤3级,day
2015-04-15 16:20:00,紫林庵,7、未按规定让行的 ,负全部责任,不负责任,1,贵A4AW73,黑,1,贵ANP592,黑,（花溪区）金马驾驶培训有限公司,-1,2007/4/3 0:00,-1,东风标致牌,丰田牌,364596000000000000 ,364545000000 ,197708,853889,16,2,4,工作日,非高峰,2015-04-15,2015年4月15日,多云 /多云,24℃ / 16℃,东南风 ≤3级 /南风 ≤3级,多云,多云,24,16,东南风,≤3级,南风,≤3级,day
2015-04-17 08:48:00,太慈桥·,7、未按规定让行的 ,负全部责任,不负责任,1,贵ARY138,白色,1,贵A06329,白色,贵州现代驾驶培训责任有限公司,自培,2015/1/26 0:00,2006/7/5 0:00,长安,宝马牌,366546000000000000 ,364646000000000000 ,198905,196911,8,4,4,工作日,早高峰(7-9点),2015-04-17,2015年4月17日,多云 /多云,28℃ / 19℃,南风 ≤3级 /南风 ≤3级,多云,多云,28,19,南风,≤3级,南风,≤3级,day
2015-02-13 18:00:00,龙洞堡大道,7、未按规定让行的 ,负全部责任,不负责任,1,贵A1513N,黑色,1,贵A02117,白色,贵阳金马驾驶培训有限公司,520123,2014/5/4 0:00,2007/12/7 0:00,长城牌,昌河,364556000000000000 ,364556000000000000 ,199004,198001,18,4,2,工作日,晚高峰(17-19点),2015-02-13,2015年2月13日,多云 /阵雨,17℃ / 8℃,南风 ≤3级 /南风 ≤3级,多云,阵雨,17,8,南风,≤3级,南风,≤3级,day
2015-03-29 08:30:00,转弯塘,1、追尾的,负全部责任,不负责任,1,贵AJ1486,白,1,贵A78333,白,（花溪区）金马驾驶培训有限公司,诚信驾驶培训学校,2007/5/14 0:00,2011/11/16 0:00,三铃牌,高尔夫牌,366067000000000000 ,364548000000000000 ,198808,197905,8,6,3,周末,早高峰(7-9点),2015-03-29,2015年3月29日,阴 /多云,18℃ / 15℃,东风 ≤3级 /南风 ≤3级,阴,多云,18,15,东风,≤3级,南风,≤3级,day
2015-02-05 12:00:00,白云区,7、未按规定让行的 ,负全部责任,不负责任,1,贵A8448B,黑,1,贵A886D1,蓝,贵阳金马驾驶培训有限公司,路路达驾校,2013/2/28 0:00,2014/9/2 0:00,夏利牌,中汽牌,366364000000000000 ,364557000000000000 ,195710,198902,12,3,2,工作日,非高峰,2015-02-05,2015年2月5日,阴 /阴,3℃ / 0℃,东北风 ≤3级 /东北风 ≤3级,阴,阴,3,0,东北风,≤3级,东北风,≤3级,day
2015-03-07 15:50:00,世纪城,7、未按规定让行的 ,负全部责任,不负责任,1,贵A69K59,银,1,贵JP6284,黑,（花溪区）金马驾驶培训有限公司,四川省天欣驾驶员培训学校,2007/10/9 0:00,2009/3/20 0:00,东风日产牌,别克牌,366363000000000000 ,75663500000000000 ,197212,198012,15,5,3,工作日,非高峰,2015-03-07,2015年3月7日,阴 /小雨,10℃ / 5℃,东风 ≤3级 /东南风 ≤3级,阴,小雨,10,5,东风,≤3级,东南风,≤3级,day
2015-03-04 19:00:00,小关,1、追尾的,负全部责任,不负责任,1,贵ACT613,银,1,贵CLL293,蓝,贵阳金马驾驶培训有限公司,-1,2012/6/5 0:00,-1,夏利,哈弗牌,366570000000000000 ,355364000000000000 ,198908,199110,19,2,3,工作日,晚高峰(17-19点),2015-03-04,2015年3月4日,小雨 /小雨,6℃ / 1℃,东北风 ≤3级 /东北风 ≤3级,小雨,小雨,6,1,东北风,≤3级,东北风,≤3级,day
2015-03-18 07:50:00,新世界,1、追尾的,负全部责任,不负责任,1,贵A64S98,白,1,贵A9088P,白,（南明区）吉源驾驶培训有限公司,诚信驾驶培训学校,2005/1/26 0:00,2012/7/25 0:00,江铃牌,雪佛兰牌,354366000000000000 ,354766000000000000 ,197002,198112,7,2,3,工作日,早高峰(7-9点),2015-03-18,2015年3月18日,多云 /多云,24℃ / 14℃,南风 ≤3级 /南风 ≤3级,多云,多云,24,14,南风,≤3级,南风,≤3级,day
2015-04-04 10:30:00,上麦,3、倒车的,负全部责任,不负责任,1,粤BR4X47,银,1,贵AA789F,绿,（南明区）吉源驾驶培训有限公司,-1,2006/10/23 0:00,-1,宝马,吉利美日,366347000000000000 ,36606651995649525X,198410,198812,10,5,4,工作日,非高峰,2015-04-04,2015年4月4日,多云 /多云,29℃ / 18℃,南风 ≤3级 /南风 ≤3级,多云,多云,29,18,南风,≤3级,南风,≤3级,day
2015-02-08 14:00:00,珠江路,7、未按规定让行的 ,负全部责任,不负责任,1,贵A5AJ88,白色,1,贵AN2442,白色,（南明区）吉源驾驶培训有限公司,自培,2005/1/7 0:00,2002/8/14 0:00,长安牌,雷克萨斯,364558000000000000 ,364548000000000000 ,197710,198310,14,6,2,周末,非高峰,2015-02-08,2015年2月8日,阴 /阴,7℃ / 3℃,东北风 ≤3级 /南风 ≤3级,阴,阴,7,3,东北风,≤3级,南风,≤3级,day
2015-03-30 17:00:00,花果园,8、依法应负全责的其他情形,负全部责任,不负责任,1,浙E3R464,白,1,贵JAP888,白,（南明区）吉源驾驶培训有限公司,贵州现代驾驶培训责任有限公司,2008/6/5 0:00,2010/10/21 0:00,北京现代牌,福特牌,706361000000000000 ,364547000000000000 ,198907,199103,17,0,3,工作日,晚高峰(17-19点),2015-03-30,2015年3月30日,晴 /多云,24℃ / 17℃,南风 ≤3级 /南风 ≤3级,晴,多云,24,17,南风,≤3级,南风,≤3级,day
2015-05-13 08:00:00,沙冲中路,7、未按规定让行的 ,负全部责任,不负责任,1,贵A3AP96,白色,1,贵AUY735,白色,（南明区）吉源驾驶培训有限公司,无,2004/12/1 0:00,1995/8/7 0:00,福克斯牌,-1,366564000000000000 ,366368000000000000 ,197705,196709,8,2,5,工作日,早高峰(7-9点),2015-05-13,2015年5月13日,多云 /阵雨,26℃ / 19℃,东南风 ≤3级 /东南风 ≤3级,多云,阵雨,26,19,东南风,≤3级,东南风,≤3级,day
2015-03-02 21:00:00,四方河,5、开关车门的,负全部责任,不负责任,1,贵AU8255,白色,1,贵A47M82,黑色,（南明区）吉源驾驶培训有限公司,市交校,2006/1/6 0:00,2012/11/30 0:00,金马牌,明锐牌,36634651214558367X,36454651394365740X,196901,195805,21,0,3,工作日,非高峰,2015-03-02,2015年3月2日,阴 /小雨,9℃ / 2℃,东北风 ≤3级 /东北风 ≤3级,阴,小雨,9,2,东北风,≤3级,东北风,≤3级,night
2015-03-03 08:40:00,小碧乡,1、追尾的,负全部责任,不负责任,1,贵AV7398,黑色,1,贵JAB688,白色,（南明区）吉源驾驶培训有限公司,未定义,2008/10/22 0:00,2014/5/15 0:00,轻骑牌,东风雪铁龙牌,364556000000000000 ,364556000000000000 ,197208,197004,8,1,3,工作日,早高峰(7-9点),2015-03-03,2015年3月3日,小雨 /小雨,8℃ / 3℃,东北风 ≤3级 /东北风 ≤3级,小雨,小雨,8,3,东北风,≤3级,东北风,≤3级,day
2015-05-24 20:00:00,航天园,3、倒车的,负全部责任,不负责任,1,贵ASJ128,白色,1,贵GM9357,白色,（南明区）吉源驾驶培训有限公司,贵州省长安驾驶培训学校,2011/4/25 0:00,2014/2/20 0:00,宝来牌,-1,36654551285450823X,364557000000000000 ,196710,198303,20,6,5,周末,非高峰,2015-05-24,2015年5月24日,多云 /阴,24℃ / 18℃,东风 ≤3级 /东南风 ≤3级,多云,阴,24,18,东风,≤3级,东南风,≤3级,night
2015-02-03 20:16:00,乌当,7、未按规定让行的 ,负全部责任,不负责任,1,贵CA2981,银,1,贵APG935,红,文通驾校,520101,2010/11/2 0:00,2009/1/7 0:00,思迪牌,雪佛兰牌,364567000000000000 ,64542500000000000 ,198712,197407,20,1,2,工作日,非高峰,2015-02-03,2015年2月3日,小雨 /小雨,6℃ / 1℃,东北风 ≤3级 /东北风 ≤3级,小雨,小雨,6,1,东北风,≤3级,东北风,≤3级,night
2015-03-24 18:00:00,北京西路,1、追尾的,负全部责任,不负责任,1,浙F3R464,白,1,贵AMX971,黑,（南明区）吉源驾驶培训有限公司,自培,2008/6/5 0:00,2005/10/19 0:00,长安,胜达,706361000000000000 ,356164000000000000 ,198907,196312,18,1,3,工作日,晚高峰(17-19点),2015-03-24,2015年3月24日,小雨 /阵雨,13℃ / 7℃,东北风 ≤3级 /东北风 ≤3级,小雨,阵雨,13,7,东北风,≤3级,东北风,≤3级,day
2015-04-16 08:20:00,商贸城,7、未按规定让行的 ,负全部责任,不负责任,1,贵A5AJ88,银,1,粤TS1236,银,（南明区）吉源驾驶培训有限公司,自培,2005/1/7 0:00,2001/1/10 0:00,长安牌,颐达牌,364558000000000000 ,36455651334162635X,197710,195509,8,3,4,工作日,早高峰(7-9点),2015-04-16,2015年4月16日,多云 /多云,29℃ / 17℃,南风 ≤3级 /南风 ≤3级,多云,多云,29,17,南风,≤3级,南风,≤3级,day
2015-05-06 11:00:00,金华镇,1、追尾的,负全部责任,不负责任,0,贵JCU288,黑,1,贵A6559H,白,（南明区）吉源驾驶培训有限公司,自培,2005/6/2 0:00,2002/8/15 0:00,途威,长城牌,366068000000000000 ,364557000000000000 ,198409,198312,11,2,5,工作日,非高峰,2015-05-06,2015年5月6日,多云 /多云,25℃ / 16℃,东北风 ≤3级 /南风 ≤3级,多云,多云,25,16,东北风,≤3级,南风,≤3级,day
2015-03-17 00:00:00,岩务街,7、未按规定让行的 ,负全部责任,不负责任,1,贵A62N62,白色,1,贵AN7752,白色,（南明区）吉源驾驶培训有限公司,自培,2007/7/16 0:00,2000/7/11 0:00,东风雪铁龙牌,劲野牌,364547000000000000 ,366368000000000000 ,196012,196904,0,1,3,工作日,非高峰,2015-03-17,2015年3月17日,多云 /多云,25℃ / 14℃,南风 ≤3级 /南风 ≤3级,多云,多云,25,14,南风,≤3级,南风,≤3级,night
2015-05-18 09:00:00,下坝村,1、追尾的,负全部责任,不负责任,1,贵A163A5,白色,1,贵AV5631,白色,（南明区）吉源驾驶培训有限公司,-1,2011/1/5 0:00,-1,解放牌,丰田牌,364556000000000000 ,74867500000000000 ,198703,198610,9,0,5,工作日,早高峰(7-9点),2015-05-18,2015年5月18日,多云 /多云,25℃ / 18℃,东北风 ≤3级 /东北风 ≤3级,多云,多云,25,18,东北风,≤3级,东北风,≤3级,day
2015-03-31 11:40:00,人民广场,8、依法应负全责的其他情形,负全部责任,不负责任,1,贵AU1305,蓝,1,贵AU1943,银,（南明区）吉源驾驶培训有限公司,文通驾校,2011/4/20 0:00,2011/8/2 0:00,瑞麒牌,钱江牌,364547000000000000 ,36456751994257565X,197409,198806,11,1,3,工作日,非高峰,2015-03-31,2015年3月31日,多云 /多云,28℃ / 19℃,南风 ≤3级 /南风 ≤3级,多云,多云,28,19,南风,≤3级,南风,≤3级,day
2015-04-08 18:10:00, 茶店,1、追尾的,负全部责任,不负责任,1,贵AKA947,白,0,贵AFS827,黄,（南明区）吉源驾驶培训有限公司,文通驾校,2009/4/13 0:00,2012/3/21 0:00,起亚牌,福特牌,366864000000000000 ,366868000000000000 ,198212,197710,18,2,4,工作日,晚高峰(17-19点),2015-04-08,2015年4月8日,小雨 /小雨,10℃ / 6℃,东北风 ≤3级 /东北风 ≤3级,小雨,小雨,10,6,东北风,≤3级,东北风,≤3级,day
2015-05-30 14:00:00,观山湖区,7、未按规定让行的 ,负同等责任,负同等责任,0,贵AS6963,白,1,贵GH6778,黑,文通驾校,文通驾校,2012/4/1 0:00,2012/4/1 0:00,夏利牌,-1,364548000000000000 ,364548000000000000 ,198712,198712,14,5,5,工作日,非高峰,2015-05-30,2015年5月30日,阵雨 /阵雨,23℃ / 17℃,东北风 ≤3级 /东风 ≤3级,阵雨,阵雨,23,17,东北风,≤3级,东风,≤3级,day
2015-05-04 07:00:00,火车站,3、倒车的,负全部责任,不负责任,1,贵AU8272,白色,1,贵A47P33,白色,自培,-1,2011/11/3 0:00,-1,海陵牌,大众汽车牌,366367000000000000 ,366061000000000000 ,197805,197403,7,0,5,工作日,早高峰(7-9点),2015-05-04,2015年5月4日,阵雨 /阵雨,20℃ / 14℃,东北风 ≤3级 /东北风 ≤3级,阵雨,阵雨,20,14,东北风,≤3级,东北风,≤3级,day
2015-05-13 12:14:00,宝山北路,9、不符合前8款规定或者双方同时具有上述情形的,负全部责任,不负责任,1,贵AU8272,黄,1,贵AKS251,黑,自培,贵州省长安驾驶培训学校,2011/11/3 0:00,2010/4/19 0:00,宝来牌,三菱牌,366367000000000000 ,364547000000000000 ,197805,198106,12,2,5,工作日,非高峰,2015-05-13,2015年5月13日,多云 /阵雨,26℃ / 19℃,东南风 ≤3级 /东南风 ≤3级,多云,阵雨,26,19,东南风,≤3级,东南风,≤3级,day
2015-03-07 11:34:00,新添大道,8、依法应负全责的其他情形,负全部责任,不负责任,1,贵A82141,银,1,贵A82142,银,文通驾校,520116,2012/5/9 0:00,2007/10/29 0:00,东风牌,赛风,355563000000000000 ,366067000000000000 ,198602,198504,11,5,3,工作日,非高峰,2015-03-07,2015年3月7日,阴 /小雨,10℃ / 5℃,东风 ≤3级 /东南风 ≤3级,阴,小雨,10,5,东风,≤3级,东南风,≤3级,day
2015-04-17 15:30:00,金源东路,1、追尾的,负全部责任,不负责任,1,贵GM6901,黑,1,川AW5M04,银,文通驾校,-1,2012/4/1 0:00,-1,福克斯牌,捷达牌 ,366367000000000000 ,357868000000000000 ,196512,199007,15,4,4,工作日,非高峰,2015-04-17,2015年4月17日,多云 /多云,28℃ / 19℃,南风 ≤3级 /南风 ≤3级,多云,多云,28,19,南风,≤3级,南风,≤3级,day