accidenttime,accidentaddr,driver1fault,driver1responsibility,driver2responsibility,sex1,platenumber1,carcolor1,sex2,platenumber2,carcolor2,jxmc1,jxmc2,cclzrq1,cclzrq2,clpp1,clpp2,driver1license,driver2license,brith1,brith2,hour,weekday,month,is_weekday,peak_hour,date,日期,天气状况,气温,风力风向,day_wea,night_wea,day_tep,night_tep,day_wind_direction,day_wind_speed,night_wind_direction,night_wind_speed,segment
2015-04-08 18:10:00,茶店,1、追尾的,负全部责任,不负责任,1,贵AKA947,白,1,贵A89R94,白,（南明区）吉源驾驶培训有限公司,自培,2009/4/13 0:00,2007/8/31 0:00,起亚牌,胜达,366864000000000000 ,364566000000000000 ,198212,198604,18,2,4,工作日,晚高峰(17-19点),2015-04-08,2015年4月8日,小雨 /小雨,10℃ / 6℃,东北风 ≤3级 /东北风 ≤3级,小雨,小雨,10,6,东北风,≤3级,东北风,≤3级,day
2015-05-30 14:00:00,观山湖区,7、未按规定让行的 ,负全部责任,不负责任,1,贵GH6778,黑,0,贵ASZ963,白,文通驾校,自培,2012/4/1 0:00,2003/7/15 0:00,-1,东风日产牌,364548000000000000 ,364548000000000000 ,198712,197205,14,5,5,工作日,非高峰,2015-05-30,2015年5月30日,阵雨 /阵雨,23℃ / 17℃,东北风 ≤3级 /东风 ≤3级,阵雨,阵雨,23,17,东北风,≤3级,东风,≤3级,day
2015-03-05 09:00:00,四方河路,1、追尾的,负全部责任,不负责任,1,贵ET7392,白色,1,贵A43H67,白色,吉源驾校,顺一驾驶培训学校,2013/12/31 0:00,2012/12/31 0:00,五菱牌,大众汽车牌,366761000000000000 ,364548000000000000 ,199410,197001,9,3,3,工作日,早高峰(7-9点),2015-03-05,2015年3月5日,小雨 /小雨,4℃ / 1℃,东北风 ≤3级 /东北风 ≤3级,小雨,小雨,4,1,东北风,≤3级,东北风,≤3级,day
2015-02-28 21:50:00,友谊路,7、未按规定让行的 ,负全部责任,不负责任,1,贵CNW101,白,1,贵AST352,银,文通驾校,智杰驾校,2012/10/31 0:00,2014/2/19 0:00,大众汽车牌,别克牌,366568000000000000 ,364646000000000000 ,198302,198105,21,5,2,工作日,非高峰,2015-02-28,2015年2月28日,小雨 /小雨,8℃ / 4℃,东北风 ≤3级 /东北风 ≤3级,小雨,小雨,8,4,东北风,≤3级,东北风,≤3级,night
2015-04-22 07:00:00,西南环线,1、追尾的,负全部责任,不负责任,1,贵A4062L,白色,1,贵A5A389,白色,吉源驾校,-1,2014/1/2 0:00,-1,五菱牌,解放,366064000000000000 ,366870000000000000 ,197609,198510,7,2,4,工作日,早高峰(7-9点),2015-04-22,2015年4月22日,小雨 /小雨,15℃ / 10℃,东北风 ≤3级 /东北风 ≤3级,小雨,小雨,15,10,东北风,≤3级,东北风,≤3级,day
2015-05-22 14:00:00,南明区,7、未按规定让行的 ,负全部责任,不负责任,1,贵AC358W,白色,1,贵FQ5677,白色,吉源驾校,-1,2014/1/24 0:00,-1,-1,-1,366061000000000000 ,74965500000000000 ,196907,196910,14,4,5,工作日,非高峰,2015-05-22,2015年5月22日,阵雨 /阵雨,19℃ / 14℃,东风 ≤3级 /东风 ≤3级,阵雨,阵雨,19,14,东风,≤3级,东风,≤3级,day
2015-04-18 16:00:00,三桥,7、未按规定让行的 ,负全部责任,不负责任,1,渝F9F241,黑,1,贵ATN428,黄,文通驾校,新天驾校,2012/8/22 0:00,2010/12/10 0:00,雪佛兰牌,吉利牌,356666000000000000 ,366067000000000000 ,196201,197902,16,5,4,工作日,非高峰,2015-04-18,2015年4月18日,多云 /雷阵雨,29℃ / 16℃,南风 ≤3级 /南风 ≤3级,多云,雷阵雨,29,16,南风,≤3级,南风,≤3级,day
2015-04-26 14:30:00,三桥,8、依法应负全责的其他情形,负全部责任,不负责任,1,贵AC152K,银,1,湘AD615K,银,吉源驾校,-1,2013/8/14 0:00,-1,长安牌,大众汽车牌,364596000000000000 ,354166000000000000 ,199309,198701,14,6,4,周末,非高峰,2015-04-26,2015年4月26日,阵雨 /阵雨,18℃ / 14℃,东南风 ≤3级 /东北风 ≤3级,阵雨,阵雨,18,14,东南风,≤3级,东北风,≤3级,day
2015-03-25 09:46:00,春雷路,7、未按规定让行的 ,负全部责任,不负责任,1,贵A34F69,银,1,川XM7939,黄,吉源驾校,自培,2013/2/28 0:00,2011/9/27 0:00,东风雪铁龙牌,宝马 ,366566000000000000 ,356168000000000000 ,195408,197311,9,2,3,工作日,早高峰(7-9点),2015-03-25,2015年3月25日,阴 /阵雨,14℃ / 9℃,东北风 ≤3级 /东北风 ≤3级,阴,阵雨,14,9,东北风,≤3级,东北风,≤3级,day
2015-03-02 16:25:00,乌当,3、倒车的,负全部责任,不负责任,1,贵A63P83,黑,1,贵GM2758,银,吉源驾校,全林驾校,2014/5/14 0:00,2013/7/2 0:00,东风标致牌,北京现代牌,364557000000000000 ,364556000000000000 ,199108,198210,16,0,3,工作日,非高峰,2015-03-02,2015年3月2日,阴 /小雨,9℃ / 2℃,东北风 ≤3级 /东北风 ≤3级,阴,小雨,9,2,东北风,≤3级,东北风,≤3级,day
2015-03-26 11:00:00,新世界,7、未按规定让行的 ,负全部责任,不负责任,1,贵A838F1,银,1,贵AU0872,绿,吉源驾校,自培,2013/7/26 0:00,2005/12/8 0:00,华神牌,力帆牌,364556000000000000 ,364596000000000000 ,199105,198703,11,3,3,工作日,非高峰,2015-03-26,2015年3月26日,阴 /阵雨,17℃ / 12℃,南风 ≤3级 /南风 ≤3级,阴,阵雨,17,12,南风,≤3级,南风,≤3级,day
2015-05-17 14:00:00,营盘路,1、追尾的,负全部责任,不负责任,1,贵A54J12,白色,1,贵AU5534,白色,吉源驾校,贵州平安驾驶培训学校,2014/4/30 0:00,2006/8/24 0:00,别克牌,蜀都牌,355266000000000000 ,366577000000000000 ,199308,196709,14,6,5,周末,非高峰,2015-05-17,2015年5月17日,阵雨 /雷阵雨,25℃ / 17℃,东北风 ≤3级 /南风 ≤3级,阵雨,雷阵雨,25,17,东北风,≤3级,南风,≤3级,day
2015-04-02 14:00:00,盐沙大道,1、追尾的,负全部责任,不负责任,1,贵AEX541,黑,1,贵AGA436,白,吉源驾校,520107,2014/11/19 0:00,2010/9/25 0:00,三菱牌,丰田牌,366569000000000000 ,364548000000000000 ,198412,198908,14,3,4,工作日,非高峰,2015-04-02,2015年4月2日,多云 /多云,30℃ / 18℃,南风 ≤3级 /南风 ≤3级,多云,多云,30,18,南风,≤3级,南风,≤3级,day
2015-03-23 17:35:00,二戈寨,7、未按规定让行的 ,负全部责任,不负责任,1,贵CLR596,白色,1,贵ALD166,白色,吉源驾校,-1,2014/12/16 0:00,-1,大众汽车牌,五菱牌,366569000000000000 ,366068000000000000 ,199112,197810,17,0,3,工作日,晚高峰(17-19点),2015-03-23,2015年3月23日,多云 /阴,17℃ / 9℃,东北风 ≤3级 /东北风 ≤3级,多云,阴,17,9,东北风,≤3级,东北风,≤3级,day
2015-04-23 17:00:00,孟关,3、倒车的,负全部责任,不负责任,1,贵CLR596,白色,1,贵AB6767,白色,吉源驾校,贵阳金马驾驶培训有限公司,2014/12/16 0:00,2011/12/8 0:00,大众汽车牌,捷达,366569000000000000 ,364551000000000000 ,199112,199207,17,3,4,工作日,晚高峰(17-19点),2015-04-23,2015年4月23日,阴 /小雨,16℃ / 10℃,东北风 ≤3级 /东北风 ≤3级,阴,小雨,16,10,东北风,≤3级,东北风,≤3级,day
2015-02-10 14:40:00,老阳关,8、依法应负全责的其他情形,负全部责任,不负责任,1,贵AU5165,绿,1,贵A3472A,黑,（南明区）吉源驾驶培训有限公司,自培,2006/5/12 0:00,1998/9/10 0:00,捷达牌,东风标致,364567000000000000 ,366367000000000000 ,198709,197702,14,1,2,工作日,非高峰,2015-02-10,2015年2月10日,小雨 /小雨,6℃ / 3℃,东北风 ≤3级 /东风 ≤3级,小雨,小雨,6,3,东北风,≤3级,东风,≤3级,day
2015-04-17 20:50:00,万江小区,1、追尾的,负全部责任,不负责任,0,贵FH6929,红,0,贵A7CA92,红,吉源驾校,贵阳学院汽车驾驶培训,2015/2/4 0:00,2013/3/21 0:00,长安牌,雪佛兰牌,36606351864056066X,364548000000000000 ,197204,198806,20,4,4,工作日,非高峰,2015-04-17,2015年4月17日,多云 /多云,28℃ / 19℃,南风 ≤3级 /南风 ≤3级,多云,多云,28,19,南风,≤3级,南风,≤3级,night
2015-05-12 10:00:00,新添立交,1、追尾的,负全部责任,不负责任,1,贵AKV114,红,0,贵AZF959,黑,吉源驾校（南明区）,铁二局驾校,2015/4/10 0:00,2007/12/18 0:00,奥迪牌,华泰特拉卡牌,364547000000000000 ,364547000000000000 ,199609,197810,10,1,5,工作日,非高峰,2015-05-12,2015年5月12日,阴 /雷阵雨,24℃ / 13℃,南风 ≤3级 /南风 ≤3级,阴,雷阵雨,24,13,南风,≤3级,南风,≤3级,day
2015-05-28 07:40:00,营盘路口,8、依法应负全责的其他情形,负全部责任,不负责任,1,贵A78W63,黑,0,贵A1P753,黑,（南明区）吉源驾驶培训有限公司,自培,2005/6/27 0:00,2004/12/28 0:00,宝马,-1,366566000000000000 ,36455551894568596X,198509,197801,7,3,5,工作日,早高峰(7-9点),2015-05-28,2015年5月28日,多云 /雷阵雨,29℃ / 19℃,南风 ≤3级 /东南风 ≤3级,多云,雷阵雨,29,19,南风,≤3级,东南风,≤3级,day
2015-04-08 17:21:00,服务大楼,8、依法应负全责的其他情形,负全部责任,不负责任,1,贵A4BJ84,白色,1,贵A47S83,白色,（南明区）吉源驾驶培训有限公司,新天驾校,2005/1/26 0:00,2011/4/21 0:00,马自达牌,宝马牌,364548000000000000 ,364547000000000000 ,196401,198606,17,2,4,工作日,晚高峰(17-19点),2015-04-08,2015年4月8日,小雨 /小雨,10℃ / 6℃,东北风 ≤3级 /东北风 ≤3级,小雨,小雨,10,6,东北风,≤3级,东北风,≤3级,day
2015-02-27 21:40:00,白云区,7、未按规定让行的 ,负全部责任,不负责任,1,贵AHQ042,蓝,0,贵ALM744,白,（南明区）吉源驾驶培训有限公司,贵州省长安驾驶培训学校,2007/10/29 0:00,2012/5/8 0:00,海马牌,起亚牌,364558000000000000 ,366363000000000000 ,196704,197211,21,4,2,工作日,非高峰,2015-02-27,2015年2月27日,多云 /阵雨,21℃ / 5℃,南风 ≤3级 /南风 ≤3级,多云,阵雨,21,5,南风,≤3级,南风,≤3级,night
2015-04-19 12:40:00,金阳,7、未按规定让行的 ,负全部责任,不负责任,1,贵AP1503,蓝,1,贵CA4542,黑,（南明区）吉源驾驶培训有限公司,520127,2008/11/26 0:00,2008/11/20 0:00,润腾牌,波罗牌,364547000000000000 ,364568000000000000 ,198704,198609,12,6,4,周末,非高峰,2015-04-19,2015年4月19日,阵雨 /阵雨,22℃ / 13℃,东北风 ≤3级 /东北风 ≤3级,阵雨,阵雨,22,13,东北风,≤3级,东北风,≤3级,day
2015-03-05 08:30:00,世纪城,8、依法应负全责的其他情形,负全部责任,不负责任,1,贵JBS952,黑,1,贵GV4278,银,（南明区）吉源驾驶培训有限公司,诚信驾驶培训学校,2007/11/12 0:00,2014/9/22 0:00,东风标致牌,宝马牌,366568000000000000 ,355247000000000000 ,198311,198903,8,3,3,工作日,早高峰(7-9点),2015-03-05,2015年3月5日,小雨 /小雨,4℃ / 1℃,东北风 ≤3级 /东北风 ≤3级,小雨,小雨,4,1,东北风,≤3级,东北风,≤3级,day
2015-03-18 09:10:00,贵开路,7、未按规定让行的 ,负全部责任,不负责任,1,贵ACQ086,红,1,贵F947F1,银,（南明区）吉源驾驶培训有限公司,毕节地区宏强驾校,2009/12/16 0:00,-1,丰田,-1,366361000000000000 ,366064000000000000 ,197004,197310,9,2,3,工作日,早高峰(7-9点),2015-03-18,2015年3月18日,多云 /多云,24℃ / 14℃,南风 ≤3级 /南风 ≤3级,多云,多云,24,14,南风,≤3级,南风,≤3级,day
2015-04-11 11:10:00,水电八局,8、依法应负全责的其他情形,负全部责任,不负责任,0,贵AX7464,白,1,贵A81S67,红,（南明区）吉源驾驶培训有限公司,-1,2008/1/10 0:00,-1,宗申牌,长安牌,366364000000000000 ,366068000000000000 ,196805,198202,11,5,4,工作日,非高峰,2015-04-11,2015年4月11日,多云 /多云,15℃ / 9℃,东北风 ≤3级 /东风 ≤3级,多云,多云,15,9,东北风,≤3级,东风,≤3级,day
2015-04-11 11:00:00,珠江路,7、未按规定让行的 ,负全部责任,不负责任,1,贵AU2001,白色,1,贵GEL996,白色,（南明区）吉源驾驶培训有限公司,黔丰驾校,2006/8/15 0:00,2014/3/18 0:00,劲隆牌,-1,364548000000000000 ,364556000000000000 ,198108,199111,11,5,4,工作日,非高峰,2015-04-11,2015年4月11日,多云 /多云,15℃ / 9℃,东北风 ≤3级 /东风 ≤3级,多云,多云,15,9,东北风,≤3级,东风,≤3级,day
2015-04-16 11:20:00,金源国际,1、追尾的,负全部责任,不负责任,1,贵ADQ545,白,1,贵AM8715,白,（南明区）吉源驾驶培训有限公司,-1,2009/9/17 0:00,-1,吉利牌,嘉陵牌,366562000000000000 ,364558000000000000 ,197108,197402,11,3,4,工作日,非高峰,2015-04-16,2015年4月16日,多云 /多云,29℃ / 17℃,南风 ≤3级 /南风 ≤3级,多云,多云,29,17,南风,≤3级,南风,≤3级,day
2015-03-03 15:00:00,北京西路,7、未按规定让行的 ,负全部责任,不负责任,1,贵AU2001,绿,1,贵APF643,银,（南明区）吉源驾驶培训有限公司,自培,2006/8/15 0:00,2006/9/1 0:00,劲隆牌,夏利牌,364548000000000000 ,364558000000000000 ,198108,198005,15,1,3,工作日,非高峰,2015-03-03,2015年3月3日,小雨 /小雨,8℃ / 3℃,东北风 ≤3级 /东北风 ≤3级,小雨,小雨,8,3,东北风,≤3级,东北风,≤3级,day
2015-04-29 10:20:00,石标路,1、追尾的,负全部责任,不负责任,1,渝AKS022,银,1,贵APR928,白,文通驾校,-1,2011/4/18 0:00,-1,名爵牌,北京现代牌,366064000000000000 ,366566000000000000 ,198811,197602,10,2,4,工作日,非高峰,2015-04-29,2015年4月29日,阵雨 /阵雨,26℃ / 16℃,东北风 ≤3级 /东南风 ≤3级,阵雨,阵雨,26,16,东北风,≤3级,东南风,≤3级,day
2015-03-02 08:40:00,客车站,9、不符合前8款规定或者双方同时具有上述情形的,负同等责任,负同等责任,1,贵APR928,白,1,贵A88666,银,文通驾校,文通驾校,2011/4/18 0:00,2014/4/10 0:00,北京现代牌,陕汽牌,366064000000000000 ,366570000000000000 ,198811,197012,8,0,3,工作日,早高峰(7-9点),2015-03-02,2015年3月2日,阴 /小雨,9℃ / 2℃,东北风 ≤3级 /东北风 ≤3级,阴,小雨,9,2,东北风,≤3级,东北风,≤3级,day
2015-03-13 18:19:00,杨家山,1、追尾的,负全部责任,不负责任,1,贵JK0509,黑,1,贵GV1123,红,自培,铁二局驾校,2011/6/27 0:00,2011/10/18 0:00,福克斯牌,北京现代牌,364547000000000000 ,74367500000000000 ,198603,198911,18,4,3,工作日,晚高峰(17-19点),2015-03-13,2015年3月13日,多云 /阵雨,17℃ / 12℃,南风 ≤3级 /南风 ≤3级,多云,阵雨,17,12,南风,≤3级,南风,≤3级,day
2015-02-06 18:45:00,帝景传说,8、依法应负全责的其他情形,负全部责任,不负责任,0,贵GY4752,红,1,贵AU3441,绿,文通驾校,毕节地区宏强驾校,2011/9/4 0:00,2007/1/25 0:00,东风标致牌,嘉陵牌,364548000000000000 ,366064000000000000 ,198801,198103,18,4,2,工作日,晚高峰(17-19点),2015-02-06,2015年2月6日,多云 /小雨,9℃ / 2℃,南风 ≤3级 /南风 ≤3级,多云,小雨,9,2,南风,≤3级,南风,≤3级,day
2015-05-30 18:00:00,西二环,7、未按规定让行的 ,负全部责任,不负责任,1,贵AC561G,白色,1,贵AWC149,白色,吉源驾校,-1,2012/11/7 0:00,-1,夏利,宝马牌,366669000000000000 ,366546000000000000 ,198812,198504,18,5,5,工作日,晚高峰(17-19点),2015-05-30,2015年5月30日,阵雨 /阵雨,23℃ / 17℃,东北风 ≤3级 /东风 ≤3级,阵雨,阵雨,23,17,东北风,≤3级,东风,≤3级,day
2015-05-29 00:00:00,花溪区,3、倒车的,负全部责任,不负责任,1,贵A7788L,白色,1,贵AB789K,白色,文通驾校,十一驾驶培训有限公司,2011/12/26 0:00,2014/12/30 0:00,吉利美日牌,五菱牌,366046000000000000 ,366067000000000000 ,199109,199608,0,4,5,工作日,非高峰,2015-05-29,2015年5月29日,阵雨 /阵雨,24℃ / 17℃,东南风 ≤3级 /东北风 ≤3级,阵雨,阵雨,24,17,东南风,≤3级,东北风,≤3级,night
2015-03-05 08:26:00,金阳南路,1、追尾的,负全部责任,不负责任,1,贵A4614K,白,1,贵A6623S,白,文通驾校,吉源驾校,2012/6/15 0:00,2014/12/22 0:00,起亚牌,长安牌,364557000000000000 ,366770000000000000 ,198905,198610,8,3,3,工作日,早高峰(7-9点),2015-03-05,2015年3月5日,小雨 /小雨,4℃ / 1℃,东北风 ≤3级 /东北风 ≤3级,小雨,小雨,4,1,东北风,≤3级,东北风,≤3级,day
2015-04-19 11:00:00,百花大道,7、未按规定让行的 ,负全部责任,不负责任,1,贵JD6552,银,1,贵A833A4,银,文通驾校,自培,2010/10/19 0:00,2004/10/25 0:00,五菱牌,长安牌,366067000000000000 ,776264000000000000 ,198911,197309,11,6,4,周末,非高峰,2015-04-19,2015年4月19日,阵雨 /阵雨,22℃ / 13℃,东北风 ≤3级 /东北风 ≤3级,阵雨,阵雨,22,13,东北风,≤3级,东北风,≤3级,day
2015-04-09 09:40:00,黔灵山路,8、依法应负全责的其他情形,负全部责任,不负责任,1,贵DBF552,黑,1,贵AU6856,蓝,文通驾校,自培,2011/9/26 0:00,2000/4/24 0:00,奥迪牌,恒通客车牌,36666251924552447X,36454751884258045X,198601,197706,9,3,4,工作日,早高峰(7-9点),2015-04-09,2015年4月9日,阴 /小雨,11℃ / 7℃,东北风 ≤3级 /东北风 ≤3级,阴,小雨,11,7,东北风,≤3级,东北风,≤3级,day
2015-05-12 12:00:00,二戈寨,7、未按规定让行的 ,负全部责任,不负责任,1,贵A0688R,白色,1,贵AS5271,白色,吉源驾校,全林驾校,2013/4/10 0:00,2010/10/11 0:00,东风雪铁龙牌,易主牌,364556000000000000 ,366061000000000000 ,196805,199107,12,1,5,工作日,非高峰,2015-05-12,2015年5月12日,阴 /雷阵雨,24℃ / 13℃,南风 ≤3级 /南风 ≤3级,阴,雷阵雨,24,13,南风,≤3级,南风,≤3级,day
2015-02-16 15:25:00,西工厂家属区,8、依法应负全责的其他情形,负全部责任,不负责任,1,贵A81H33,白色,1,闽A622D5,白色,文通驾校,-1,2012/6/5 0:00,-1,别克牌,科雷傲,366364000000000000 ,734569000000000000 ,196312,197207,15,0,2,工作日,非高峰,2015-02-16,2015年2月16日,阴 /阵雨,15℃ / 9℃,东北风 ≤3级 /东南风 ≤3级,阴,阵雨,15,9,东北风,≤3级,东南风,≤3级,day
2015-05-22 09:00:00,解放路,7、未按规定让行的 ,负全部责任,不负责任,1,贵DCR774,白色,1,贵ABL796,白色,吉源驾校,省交校,2014/5/26 0:00,2014/11/20 0:00,-1,马自达牌,366661000000000000 ,364547000000000000 ,199005,199101,9,4,5,工作日,早高峰(7-9点),2015-05-22,2015年5月22日,阵雨 /阵雨,19℃ / 14℃,东风 ≤3级 /东风 ≤3级,阵雨,阵雨,19,14,东风,≤3级,东风,≤3级,day
2015-03-19 16:10:00,沙冲路口,7、未按规定让行的 ,负全部责任,不负责任,1,渝CG2432,白色,1,贵A6G642,白色,吉源驾校,-1,2014/7/21 0:00,-1,起亚牌,东风标致牌,344664000000000000 ,366661000000000000 ,199512,197609,16,3,3,工作日,非高峰,2015-03-19,2015年3月19日,多云 /阵雨,26℃ / 12℃,南风 ≤3级 /东北风 ≤3级,多云,阵雨,26,12,南风,≤3级,东北风,≤3级,day
2015-03-14 15:20:00,凤凰山路,7、未按规定让行的 ,负全部责任,不负责任,1,贵AHT001,白色,1,贵A6G442,白色,吉源驾校,-1,2014/5/26 0:00,-1,金杯牌,东风雪铁龙牌,366069000000000000 ,364547000000000000 ,199506,197012,15,5,3,工作日,非高峰,2015-03-14,2015年3月14日,阴 /阴,17℃ / 12℃,南风 ≤3级 /东南风 ≤3级,阴,阴,17,12,南风,≤3级,东南风,≤3级,day
2015-04-14 11:14:00,金华镇,8、依法应负全责的其他情形,负全部责任,不负责任,1,贵ATE985,红,1,贵A1306K,银,吉源驾校,路路达驾校,2014/2/13 0:00,2012/11/14 0:00,比亚迪牌,荣威牌,74395500000000000 ,364596000000000000 ,198410,199408,11,1,4,工作日,非高峰,2015-04-14,2015年4月14日,晴 /多云,22℃ / 9℃,东风 ≤3级 /东风 ≤3级,晴,多云,22,9,东风,≤3级,东风,≤3级,day
2015-03-27 12:10:00,西南环线,7、未按规定让行的 ,负全部责任,不负责任,1,贵AHK761,白色,1,渝A02882,白色,吉源驾校,自培,2014/3/3 0:00,2004/2/10 0:00,普瑞维亚,东风牌,364557000000000000 ,366347000000000000 ,197706,198201,12,4,3,工作日,非高峰,2015-03-27,2015年3月27日,阵雨 /阵雨,18℃ / 13℃,南风 ≤3级 /南风 ≤3级,阵雨,阵雨,18,13,南风,≤3级,南风,≤3级,day
2015-03-12 12:09:00,黄山冲,7、未按规定让行的 ,负全部责任,不负责任,1,贵GX4974,蓝,1,贵A8D998,白,吉源驾校,自培,2014/7/27 0:00,2005/9/6 0:00,大众汽车牌,福特牌,364548000000000000 ,364548000000000000 ,199011,198706,12,3,3,工作日,非高峰,2015-03-12,2015年3月12日,多云 /多云,16℃ / 10℃,南风 ≤3级 /南风 ≤3级,多云,多云,16,10,南风,≤3级,南风,≤3级,day
2015-04-18 10:47:00,小河转盘,7、未按规定让行的 ,负全部责任,不负责任,1,贵A3939N,白色,1,辽AJ98A8,白色,吉源驾校,-1,2015/1/6 0:00,-1,长安牌,福克斯牌,364568000000000000 ,65454651845567055X,198808,197011,10,5,4,工作日,非高峰,2015-04-18,2015年4月18日,多云 /雷阵雨,29℃ / 16℃,南风 ≤3级 /南风 ≤3级,多云,雷阵雨,29,16,南风,≤3级,南风,≤3级,day
2015-05-13 12:00:00,油榨街,1、追尾的,负全部责任,不负责任,1,贵A6BP37,白色,1,贵A8634V,白色,吉源驾校,-1,2014/10/17 0:00,1979/1/14 0:00,长安牌,-1,364548000000000000 ,364547000000000000 ,197801,195903,12,2,5,工作日,非高峰,2015-05-13,2015年5月13日,多云 /阵雨,26℃ / 19℃,东南风 ≤3级 /东南风 ≤3级,多云,阵雨,26,19,东南风,≤3级,东南风,≤3级,day
2015-04-14 12:53:00,中山东路,7、未按规定让行的 ,负全部责任,不负责任,1,贵JH3567,白色,1,贵AU7368,白色,吉源驾校,-1,2014/10/17 0:00,-1,别克牌,奇瑞牌,364548000000000000 ,36860500000000000 ,197801,978010,12,1,4,工作日,非高峰,2015-04-14,2015年4月14日,晴 /多云,22℃ / 9℃,东风 ≤3级 /东风 ≤3级,晴,多云,22,9,东风,≤3级,东风,≤3级,day
2015-04-27 08:18:00,金阳,7、未按规定让行的 ,负全部责任,不负责任,0,贵JH6826,银,1,贵AGF735,银,诚信驾驶培训学校,520109,2012/3/31 0:00,2008/8/5 0:00,长安牌,中华牌,364557000000000000 ,35747451864964005X,199106,197208,8,0,4,工作日,早高峰(7-9点),2015-04-27,2015年4月27日,阴 /雷阵雨,21℃ / 14℃,东南风 ≤3级 /东北风 ≤3级,阴,雷阵雨,21,14,东南风,≤3级,东北风,≤3级,day
2015-02-05 15:20:00,东林寺路,7、未按规定让行的 ,负全部责任,不负责任,1,贵AU6397,绿,1,贵AU2324,绿,诚信驾驶培训学校,顺一驾驶培训学校,2011/4/8 0:00,2011/5/23 0:00,飞肯牌,嘉陵牌,364557000000000000 ,366347000000000000 ,199010,198409,15,3,2,工作日,非高峰,2015-02-05,2015年2月5日,阴 /阴,3℃ / 0℃,东北风 ≤3级 /东北风 ≤3级,阴,阴,3,0,东北风,≤3级,东北风,≤3级,day
2015-03-23 22:10:00,新添大道,3、倒车的,负全部责任,不负责任,1,贵A3H155,白,1,贵AH8666,黑,吉源驾校,自培,2015/1/6 0:00,2002/3/6 0:00,-1,大运牌,364547000000000000 ,364548000000000000 ,198012,197503,22,0,3,工作日,非高峰,2015-03-23,2015年3月23日,多云 /阴,17℃ / 9℃,东北风 ≤3级 /东北风 ≤3级,多云,阴,17,9,东北风,≤3级,东北风,≤3级,night
2015-04-18 11:10:00,金珠路,1、追尾的,负全部责任,不负责任,1,贵A9BJ02,红,1,贵A635E8,白,诚信驾驶培训学校,-1,2011/10/21 0:00,-1,丰田牌,解放牌,364568000000000000 ,357169000000000000 ,199211,196707,11,5,4,工作日,非高峰,2015-04-18,2015年4月18日,多云 /雷阵雨,29℃ / 16℃,南风 ≤3级 /南风 ≤3级,多云,雷阵雨,29,16,南风,≤3级,南风,≤3级,day
2015-05-03 16:00:00,花二道,7、未按规定让行的 ,负全部责任,不负责任,1,贵A283G7,白色,1,贵A7216X,白色,诚信驾驶培训学校,顺一驾驶培训学校,2014/8/15 0:00,2012/2/20 0:00,南骏牌,比亚迪牌,366068000000000000 ,364596000000000000 ,198410,199212,16,6,5,周末,非高峰,2015-05-03,2015年5月3日,阵雨 /阵雨,25℃ / 15℃,东北风 ≤3级 /东北风 ≤3级,阵雨,阵雨,25,15,东北风,≤3级,东北风,≤3级,day
2015-04-15 09:02:00,中坝,1、追尾的,负全部责任,不负责任,0,贵AKW114,黑,1,贵FZ5925,黑,（观山湖区）诚信驾驶培训有限公司,自培,2006/6/22 0:00,2001/2/28 0:00,科雷傲,雅阁牌,364548000000000000 ,366064000000000000 ,197206,198004,9,2,4,工作日,早高峰(7-9点),2015-04-15,2015年4月15日,多云 /多云,24℃ / 16℃,东南风 ≤3级 /南风 ≤3级,多云,多云,24,16,东南风,≤3级,南风,≤3级,day
2015-03-27 09:50:00,头桥,1、追尾的,负全部责任,不负责任,1,贵AB713E,绿,0,贵A3AW58,银,诚信驾驶培训学校,消防驾校,2013/6/8 0:00,2011/12/9 0:00,长安牌,福特牌,364557000000000000 ,364547000000000000 ,199006,197004,9,4,3,工作日,早高峰(7-9点),2015-03-27,2015年3月27日,阵雨 /阵雨,18℃ / 13℃,南风 ≤3级 /南风 ≤3级,阵雨,阵雨,18,13,南风,≤3级,南风,≤3级,day
2015-05-29 21:00:00,花溪大道,7、未按规定让行的 ,负全部责任,不负责任,1,贵AC432G,白色,1,贵GL6178,白色,诚信驾驶培训学校,高新驾校,2013/12/26 0:00,2015/2/2 0:00,北京现代牌,-1,364596000000000000 ,366363000000000000 ,199412,198111,21,4,5,工作日,非高峰,2015-05-29,2015年5月29日,阵雨 /阵雨,24℃ / 17℃,东南风 ≤3级 /东北风 ≤3级,阵雨,阵雨,24,17,东南风,≤3级,东北风,≤3级,night
2015-05-18 09:34:00,美的林城时代,9、不符合前8款规定或者双方同时具有上述情形的,负全部责任,不负责任,1,贵AL7161,白,1,贵AP3299,黑,（观山湖区）诚信驾驶培训有限公司,顺一驾驶培训学校,2006/4/29 0:00,2010/8/25 0:00,起亚牌,钱江牌,364566000000000000 ,364548000000000000 ,196810,199105,9,0,5,工作日,早高峰(7-9点),2015-05-18,2015年5月18日,多云 /多云,25℃ / 18℃,东北风 ≤3级 /东北风 ≤3级,多云,多云,25,18,东北风,≤3级,东北风,≤3级,day