accidenttime,accidentaddr,driver1fault,driver1responsibility,driver2responsibility,sex1,platenumber1,carcolor1,sex2,platenumber2,carcolor2,jxmc1,jxmc2,cclzrq1,cclzrq2,clpp1,clpp2,driver1license,driver2license,brith1,brith2,hour,weekday,month,is_weekday,peak_hour,date,日期,天气状况,气温,风力风向,day_wea,night_wea,day_tep,night_tep,day_wind_direction,day_wind_speed,night_wind_direction,night_wind_speed,segment
2015-05-05 10:40:00,小河珠江路,8、依法应负全责的其他情形,负全部责任,不负责任,1,贵FG2964,白色,1,贵A27706,白色,诚信驾驶培训学校,-1,2010/10/13 0:00,-1,-1,长安,364556000000000000 ,366046000000000000 ,198409,197701,10,1,5,工作日,非高峰,2015-05-05,2015年5月5日,阵雨 /阵雨,21℃ / 15℃,南风 ≤3级 /南风 ≤3级,阵雨,阵雨,21,15,南风,≤3级,南风,≤3级,day
2015-04-03 10:05:00,林发时代广场,1、追尾的,负全部责任,不负责任,1,贵A7799G,白,0,贵ACZ322,银,诚信驾驶培训学校,520114,2011/7/26 0:00,2008/8/11 0:00,海马牌,起亚牌,366675000000000000 ,364547000000000000 ,198401,197702,10,4,4,工作日,非高峰,2015-04-03,2015年4月3日,多云 /多云,30℃ / 19℃,南风 ≤3级 /南风 ≤3级,多云,多云,30,19,南风,≤3级,南风,≤3级,day
2015-02-10 14:00:00,北二环,1、追尾的,负全部责任,不负责任,1,贵A8863F,灰,1,贵JE8676,灰,诚信驾驶培训学校,#,2011/7/11 0:00,-1,江淮牌,东风雪铁龙牌,366347000000000000 ,366861000000000000 ,198412,198210,14,1,2,工作日,非高峰,2015-02-10,2015年2月10日,小雨 /小雨,6℃ / 3℃,东北风 ≤3级 /东风 ≤3级,小雨,小雨,6,3,东北风,≤3级,东风,≤3级,day
2015-03-16 09:55:00,长岭南路,7、未按规定让行的 ,负全部责任,不负责任,1,贵HAR715,黑,1,贵AU6841,蓝,诚信驾驶培训学校,自培,2013/6/24 0:00,1998/9/16 0:00,凯迪拉克牌,捷达牌,364647000000000000 ,364547000000000000 ,198509,197405,9,0,3,工作日,早高峰(7-9点),2015-03-16,2015年3月16日,阴 /多云,20℃ / 15℃,南风 ≤3级 /南风 ≤3级,阴,多云,20,15,南风,≤3级,南风,≤3级,day
2015-03-20 17:00:00,中华南路,1、追尾的,负全部责任,不负责任,1,贵AU5585,白色,1,贵AN2707,白色,诚信驾驶培训学校,诚信驾驶培训学校,2013/9/16 0:00,2013/9/16 0:00,捷达牌,海陵牌,364548000000000000 ,364548000000000000 ,198008,198008,17,4,3,工作日,晚高峰(17-19点),2015-03-20,2015年3月20日,阴 /阵雨,14℃ / 10℃,东北风 ≤3级 /东北风 ≤3级,阴,阵雨,14,10,东北风,≤3级,东北风,≤3级,day
2015-04-29 08:00:00,火炬大道,7、未按规定让行的 ,负全部责任,不负责任,1,贵GQ9237,白色,1,贵JAL729,白色,诚信驾驶培训学校,铁二局驾校,2014/3/24 0:00,2011/11/8 0:00,别克牌,大众牌,74167500000000000 ,364547000000000000 ,198208,198710,8,2,4,工作日,早高峰(7-9点),2015-04-29,2015年4月29日,阵雨 /阵雨,26℃ / 16℃,东北风 ≤3级 /东南风 ≤3级,阵雨,阵雨,26,16,东北风,≤3级,东南风,≤3级,day
2015-05-03 09:30:00,太慈桥,3、倒车的,负全部责任,不负责任,1,贵A824E9,白色,1,贵GT7320,白色,（乌当区）全林驾驶培训有限公司,贵州省长安驾驶培训学校,2006/11/1 0:00,2014/3/20 0:00,解放牌,-1,366868000000000000 ,366369000000000000 ,198606,196312,9,6,5,周末,早高峰(7-9点),2015-05-03,2015年5月3日,阵雨 /阵雨,25℃ / 15℃,东北风 ≤3级 /东北风 ≤3级,阵雨,阵雨,25,15,东北风,≤3级,东北风,≤3级,day
2015-04-30 10:10:00,瑞金南路,8、依法应负全责的其他情形,负全部责任,不负责任,1,贵AJ2792,白色,1,贵ARE694,黑色,（乌当区）全林驾驶培训有限公司,-1,2004/12/2 0:00,-1,长安牌,丰田牌,364548000000000000 ,364547000000000000 ,197310,190510,10,3,4,工作日,非高峰,2015-04-30,2015年4月30日,阵雨 /阵雨,25℃ / 17℃,东南风 ≤3级 /东南风 ≤3级,阵雨,阵雨,25,17,东南风,≤3级,东南风,≤3级,day
2015-05-22 10:20:00,新添寨,7、未按规定让行的 ,负全部责任,不负责任,0,贵A61A32,绿,1,贵A6136E,红,（乌当区）全林驾驶培训有限公司,贵州平安驾驶培训学校,2004/11/25 0:00,1997/5/29 0:00,夏利牌,比亚迪牌,364557000000000000 ,364557000000000000 ,196606,197301,10,4,5,工作日,非高峰,2015-05-22,2015年5月22日,阵雨 /阵雨,19℃ / 14℃,东风 ≤3级 /东风 ≤3级,阵雨,阵雨,19,14,东风,≤3级,东风,≤3级,day
2015-05-26 21:00:00,金华园,1、追尾的,负全部责任,不负责任,1,贵A1241V,红,1,贵ADU186,黑,诚信驾驶培训学校,-1,2014/7/28 0:00,1979/9/18 0:00,东风标致牌,谛艾仕牌,364547000000000000 ,364548000000000000 ,198908,194803,21,1,5,工作日,非高峰,2015-05-26,2015年5月26日,阵雨 /雷阵雨,26℃ / 20℃,东南风 ≤3级 /东北风 ≤3级,阵雨,雷阵雨,26,20,东南风,≤3级,东北风,≤3级,night
2015-03-05 11:53:00,观山路,9、不符合前8款规定或者双方同时具有上述情形的,负同等责任,负同等责任,0,贵AU7241,绿,0,贵A3F983,黄,（乌当区）全林驾驶培训有限公司,（乌当区）全林驾驶培训有限公司,2007/9/27 0:00,2012/11/21 0:00,福田牌,-1,36606351884755756X,364557000000000000 ,197703,198612,11,3,3,工作日,非高峰,2015-03-05,2015年3月5日,小雨 /小雨,4℃ / 1℃,东北风 ≤3级 /东北风 ≤3级,小雨,小雨,4,1,东北风,≤3级,东北风,≤3级,day
2015-04-10 07:40:00,大营坡,7、未按规定让行的 ,负全部责任,不负责任,1,贵A35L42,白,1,贵A79X91,银,全林驾校,路顺驾校,2014/1/7 0:00,2004/10/29 0:00,观致牌,大众牌,366546000000000000 ,364557000000000000 ,197611,197708,7,4,4,工作日,早高峰(7-9点),2015-04-10,2015年4月10日,小雨 /小雨,12℃ / 8℃,东北风 ≤3级 /东北风 ≤3级,小雨,小雨,12,8,东北风,≤3级,东北风,≤3级,day
2015-04-15 15:17:00,小关,1、追尾的,负全部责任,不负责任,1,浙B4AT64,黄,1,贵A9TS55,红,（乌当区）全林驾驶培训有限公司,自培,2008/12/8 0:00,-1,宝马牌,-1,366568000000000000 ,366276000000000000 ,198912,198801,15,2,4,工作日,非高峰,2015-04-15,2015年4月15日,多云 /多云,24℃ / 16℃,东南风 ≤3级 /南风 ≤3级,多云,多云,24,16,东南风,≤3级,南风,≤3级,day
2015-05-10 16:00:00,黄河路,8、依法应负全责的其他情形,负全部责任,不负责任,1,贵ASC361,白色,1,贵AVC515,白色,全林驾校,自培,2010/10/25 0:00,2011/3/22 0:00,起亚牌,长安牌,366664000000000000 ,364556000000000000 ,198111,198409,16,6,5,周末,非高峰,2015-05-10,2015年5月10日,阵雨 /雷阵雨,25℃ / 14℃,南风 ≤3级 /南风 ≤3级,阵雨,雷阵雨,25,14,南风,≤3级,南风,≤3级,day
2015-03-30 12:55:00,云岩区,2、逆行的,负全部责任,不负责任,1,贵FL5153,银,1,贵A6041警,白,全林驾校,自培,2011/5/3 0:00,2015/3/23 0:00,金龙牌,-1,364557000000000000 ,36606651994552365X,197010,198801,12,0,3,工作日,非高峰,2015-03-30,2015年3月30日,晴 /多云,24℃ / 17℃,南风 ≤3级 /南风 ≤3级,晴,多云,24,17,南风,≤3级,南风,≤3级,day
2015-05-24 22:00:00,花果园,1、追尾的,负全部责任,不负责任,1,贵ARG898,白色,1,贵AVL988,白色,全林驾校,诚信驾驶培训学校,2011/5/11 0:00,2012/7/12 0:00,五菱牌,马自达牌,366347000000000000 ,364547000000000000 ,198201,198708,22,6,5,周末,非高峰,2015-05-24,2015年5月24日,多云 /阴,24℃ / 18℃,东风 ≤3级 /东南风 ≤3级,多云,阴,24,18,东风,≤3级,东南风,≤3级,night
2015-04-21 17:00:00,文昌阁,9、不符合前8款规定或者双方同时具有上述情形的,负同等责任,负同等责任,1,贵A5K411,白色,1,贵AH0004,白色,全林驾校,消防驾校,2012/3/8 0:00,1996/10/11 0:00,东风雪铁龙牌,轰轰烈牌,364548000000000000 ,36454751854543645X,199010,197101,17,1,4,工作日,晚高峰(17-19点),2015-04-21,2015年4月21日,阴 /阵雨,17℃ / 10℃,东北风 ≤3级 /东北风 ≤3级,阴,阵雨,17,10,东北风,≤3级,东北风,≤3级,day
2015-02-11 22:05:00,贵开路,1、追尾的,负全部责任,不负责任,1,贵AFD863,黄,1,贵AFP833,银,全林驾校,-1,2012/3/9 0:00,-1,帕萨特牌,解放牌,364548000000000000 ,96455651884951445X,199112,197708,22,2,2,工作日,非高峰,2015-02-11,2015年2月11日,多云 /多云,11℃ / 3℃,东风 ≤3级 /东北风 ≤3级,多云,多云,11,3,东风,≤3级,东北风,≤3级,night
2015-03-31 10:00:00,小河平桥,7、未按规定让行的 ,负全部责任,不负责任,1,贵A1569N,白色,1,贵A52M54,黑色,自培,520117,2011/11/2 0:00,2009/8/31 0:00,比亚迪牌,谛艾仕牌,366067000000000000 ,366067000000000000 ,198909,198409,10,1,3,工作日,非高峰,2015-03-31,2015年3月31日,多云 /多云,28℃ / 19℃,南风 ≤3级 /南风 ≤3级,多云,多云,28,19,南风,≤3级,南风,≤3级,day
2015-03-13 21:45:00,乌当,3、倒车的,负全部责任,不负责任,1,贵ALK139,银,0,贵AJDB674,黄,全林驾校,-1,2010/10/29 0:00,-1,中华牌,-1,706268000000000000 ,364568000000000000 ,198107,198604,21,4,3,工作日,非高峰,2015-03-13,2015年3月13日,多云 /阵雨,17℃ / 12℃,南风 ≤3级 /南风 ≤3级,多云,阵雨,17,12,南风,≤3级,南风,≤3级,night
2015-02-03 18:30:00,医学院,7、未按规定让行的 ,负全部责任,不负责任,1,贵A26H62,白,1,贵AU0837,蓝,全林驾校,消防驾校,2012/10/24 0:00,2004/5/18 0:00,豪情牌,嘉陵牌,366347000000000000 ,36636751864965005X,199401,197208,18,1,2,工作日,晚高峰(17-19点),2015-02-03,2015年2月3日,小雨 /小雨,6℃ / 1℃,东北风 ≤3级 /东北风 ≤3级,小雨,小雨,6,1,东北风,≤3级,东北风,≤3级,day
2015-03-28 23:00:00,花果园,1、追尾的,负全部责任,不负责任,1,贵ADM802,白色,1,贵AAC611,白色,全林驾校,-1,2012/11/21 0:00,-1,佳乐,长城牌,364548000000000000 ,CD434444845,199006,701,23,5,3,工作日,非高峰,2015-03-28,2015年3月28日,阵雨 /雷阵雨,17℃ / 14℃,南风 ≤3级 /南风 ≤3级,阵雨,雷阵雨,17,14,南风,≤3级,南风,≤3级,night
2015-03-02 08:40:00,客车站,9、不符合前8款规定或者双方同时具有上述情形的,负全部责任,不负责任,1,贵A88666,银,1,贵APR928,白,全林驾校,全林驾校,2014/4/10 0:00,2011/4/18 0:00,陕汽牌,北京现代牌,366570000000000000 ,366064000000000000 ,197012,198811,8,0,3,工作日,早高峰(7-9点),2015-03-02,2015年3月2日,阴 /小雨,9℃ / 2℃,东北风 ≤3级 /东北风 ≤3级,阴,小雨,9,2,东北风,≤3级,东北风,≤3级,day
2015-02-06 08:37:00,花鱼井,3、倒车的,负全部责任,不负责任,1,贵AU1657,绿,0,贵AA009E,红,全林驾校,路路达驾校,2014/1/21 0:00,2014/9/12 0:00,乙本牌,长安牌,366061000000000000 ,366064000000000000 ,198406,198201,8,4,2,工作日,早高峰(7-9点),2015-02-06,2015年2月6日,多云 /小雨,9℃ / 2℃,南风 ≤3级 /南风 ≤3级,多云,小雨,9,2,南风,≤3级,南风,≤3级,day
2015-05-18 14:30:00,凤凰路,7、未按规定让行的 ,负全部责任,不负责任,1,贵A15F33,红,1,贵A06012,黄,全林驾校,自培,2011/5/11 0:00,2006/8/29 0:00,金旅牌,解放牌,364556000000000000 ,366064000000000000 ,198202,197902,14,0,5,工作日,非高峰,2015-05-18,2015年5月18日,多云 /多云,25℃ / 18℃,东北风 ≤3级 /东北风 ≤3级,多云,多云,25,18,东北风,≤3级,东北风,≤3级,day
2015-04-04 11:15:00,世纪城,1、追尾的,负全部责任,不负责任,1,贵GM8687,黑,1,贵A41S77,黑,全林驾校,自培,2013/7/29 0:00,2004/10/21 0:00,福克斯牌,起亚牌,366264000000000000 ,355766000000000000 ,198201,198609,11,5,4,工作日,非高峰,2015-04-04,2015年4月4日,多云 /多云,29℃ / 18℃,南风 ≤3级 /南风 ≤3级,多云,多云,29,18,南风,≤3级,南风,≤3级,day
2015-02-25 21:15:00,观山东路,7、未按规定让行的 ,负全部责任,不负责任,1,贵A33P87,白,1,贵A6BC05,蓝,（乌当区）全林驾驶培训有限公司,吉源驾校,2006/7/27 0:00,2014/12/22 0:00,雪佛兰牌,雪佛兰牌,366361000000000000 ,366368000000000000 ,197802,197006,21,2,2,工作日,非高峰,2015-02-25,2015年2月25日,阴 /阵雨,15℃ / 8℃,东北风 ≤3级 /东北风 ≤3级,阴,阵雨,15,8,东北风,≤3级,东北风,≤3级,night
2015-03-04 09:30:00,蟠桃宫,9、不符合前8款规定或者双方同时具有上述情形的,负同等责任,负同等责任,1,贵A66226,白,1,贵A24N84,黑,全林驾校,520101,2014/12/16 0:00,2010/8/9 0:00,福克斯牌,丰田牌,36454751865460326X,364547000000000000 ,197210,199004,9,2,3,工作日,早高峰(7-9点),2015-03-04,2015年3月4日,小雨 /小雨,6℃ / 1℃,东北风 ≤3级 /东北风 ≤3级,小雨,小雨,6,1,东北风,≤3级,东北风,≤3级,day
2015-05-16 19:10:00,金阳大道,9、不符合前8款规定或者双方同时具有上述情形的,负同等责任,不负责任,1,贵A1798K,红,1,川E3A346,红,（乌当区）全林驾驶培训有限公司,-1,2005/1/17 0:00,-1,东风日产牌,-1,364557000000000000 ,354366000000000000 ,197610,197701,19,5,5,工作日,晚高峰(17-19点),2015-05-16,2015年5月16日,阴 /雷阵雨,23℃ / 17℃,东北风 ≤3级 /东风 ≤3级,阴,雷阵雨,23,17,东北风,≤3级,东风,≤3级,day
2015-03-11 11:10:00,三桥,1、追尾的,负全部责任,不负责任,1,贵A9145H,黑,0,贵A9747B,白,（乌当区）全林驾驶培训有限公司,贵大佳德驾驶培训学,2006/6/12 0:00,2006/8/29 0:00,捷豹XF,大众牌,366064000000000000 ,366064000000000000 ,197512,198404,11,2,3,工作日,非高峰,2015-03-11,2015年3月11日,阴 /小雨,8℃ / 4℃,东北风 ≤3级 /东北风 ≤3级,阴,小雨,8,4,东北风,≤3级,东北风,≤3级,day
2015-03-28 09:30:00,新印厂,1、追尾的,负全部责任,不负责任,1,贵ANN371,银,1,贵ADH714,蓝,（乌当区）全林驾驶培训有限公司,520129,2007/5/29 0:00,2008/9/1 0:00,奇瑞牌,北斗星牌,364548000000000000 ,364556000000000000 ,198408,197206,9,5,3,工作日,早高峰(7-9点),2015-03-28,2015年3月28日,阵雨 /雷阵雨,17℃ / 14℃,南风 ≤3级 /南风 ≤3级,阵雨,雷阵雨,17,14,南风,≤3级,南风,≤3级,day
2015-02-03 17:01:00,师大,9、不符合前8款规定或者双方同时具有上述情形的,负同等责任,负同等责任,1,贵A14A34,黑,1,贵AU0026,蓝,（乌当区）全林驾驶培训有限公司,（乌当区）全林驾驶培训有限公司,2009/7/20 0:00,1996/12/16 0:00,思威牌,宝来牌,366363000000000000 ,364558000000000000 ,198411,196408,17,1,2,工作日,晚高峰(17-19点),2015-02-03,2015年2月3日,小雨 /小雨,6℃ / 1℃,东北风 ≤3级 /东北风 ≤3级,小雨,小雨,6,1,东北风,≤3级,东北风,≤3级,day
2015-05-13 13:40:00,花果园,7、未按规定让行的 ,负全部责任,不负责任,1,贵GD4382,蓝,1,云AV5G74,红,（乌当区）全林驾驶培训有限公司,-1,2006/11/1 0:00,-1,-1,-1,364547000000000000 ,25436751914165547X,198705,198909,13,2,5,工作日,非高峰,2015-05-13,2015年5月13日,多云 /阵雨,26℃ / 19℃,东南风 ≤3级 /东南风 ≤3级,多云,阵雨,26,19,东南风,≤3级,东南风,≤3级,day
2015-04-11 12:00:00,中医一附院,5、开关车门的,负全部责任,不负责任,1,贵ANN654,白色,1,贵A66M11,白色,全林驾校,铁二局驾校,2012/2/8 0:00,2014/11/5 0:00,大众汽车牌,东风雪铁龙牌,364547000000000000 ,366875000000000000 ,197408,198209,12,5,4,工作日,非高峰,2015-04-11,2015年4月11日,多云 /多云,15℃ / 9℃,东北风 ≤3级 /东风 ≤3级,多云,多云,15,9,东北风,≤3级,东风,≤3级,day
2015-03-15 20:30:00,望城坡,7、未按规定让行的 ,负全部责任,不负责任,1,贵AKT556,黑色,1,贵CGW273,白色,全林驾校,新天驾校,2012/2/23 0:00,2012/11/17 0:00,五菱牌,别克牌,364647000000000000 ,366566000000000000 ,198610,198201,20,6,3,周末,非高峰,2015-03-15,2015年3月15日,阴 /阴,18℃ / 13℃,东风 ≤3级 /南风 ≤3级,阴,阴,18,13,东风,≤3级,南风,≤3级,night
2015-04-23 07:50:00,东山,1、追尾的,负全部责任,不负责任,1,贵A86F46,黑,1,贵AS4722,黑,全林驾校,新华驾校,2012/5/31 0:00,2010/5/26 0:00,比亚迪牌,钱江牌,364548000000000000 ,364547000000000000 ,199302,196606,7,3,4,工作日,早高峰(7-9点),2015-04-23,2015年4月23日,阴 /小雨,16℃ / 10℃,东北风 ≤3级 /东北风 ≤3级,阴,小雨,16,10,东北风,≤3级,东北风,≤3级,day
2015-04-16 13:00:00,北二环,7、未按规定让行的 ,负全部责任,不负责任,0,贵AHY724,白,1,贵AAE216,红,（乌当区）全林驾驶培训有限公司,自培,2007/12/18 0:00,2006/8/4 0:00,马自达,湘江牌,364547000000000000 ,364548000000000000 ,197810,197505,13,3,4,工作日,非高峰,2015-04-16,2015年4月16日,多云 /多云,29℃ / 17℃,南风 ≤3级 /南风 ≤3级,多云,多云,29,17,南风,≤3级,南风,≤3级,day
2015-02-11 18:00:00,中华中路,7、未按规定让行的 ,负全部责任,不负责任,1,贵ANE553,蓝,1,贵V7397,蓝,全林驾校,北海市海安机动车驾驶员培训学校,2010/9/16 0:00,2007/3/7 0:00,福克斯牌,-1,364557000000000000 ,344558000000000000 ,196811,198612,18,2,2,工作日,晚高峰(17-19点),2015-02-11,2015年2月11日,多云 /多云,11℃ / 3℃,东风 ≤3级 /东北风 ≤3级,多云,多云,11,3,东风,≤3级,东北风,≤3级,day
2015-05-28 09:10:00,黄山冲路口,9、不符合前8款规定或者双方同时具有上述情形的,负同等责任,负同等责任,0,贵A7N183,白,1,贵AK9189,白,全林驾校,全林驾校,2012/6/15 0:00,2003/12/18 0:00,-1,思威牌,364557000000000000 ,236946000000000000 ,198509,194305,9,3,5,工作日,早高峰(7-9点),2015-05-28,2015年5月28日,多云 /雷阵雨,29℃ / 19℃,南风 ≤3级 /东南风 ≤3级,多云,雷阵雨,29,19,南风,≤3级,东南风,≤3级,day
2015-03-25 19:35:00,碧海花园,9、不符合前8款规定或者双方同时具有上述情形的,负同等责任,负同等责任,1,贵GR6758,红,1,贵AMB199,白,全林驾校,全林驾校,2011/7/20 0:00,2012/7/9 0:00,启辰牌,扬子牌,364557000000000000 ,366346000000000000 ,198110,199008,19,2,3,工作日,晚高峰(17-19点),2015-03-25,2015年3月25日,阴 /阵雨,14℃ / 9℃,东北风 ≤3级 /东北风 ≤3级,阴,阵雨,14,9,东北风,≤3级,东北风,≤3级,day
2015-02-08 09:00:00,西二环,7、未按规定让行的 ,负全部责任,不负责任,1,贵A703D1,黑色,1,贵AB063C,白色,自培,自培,2010/9/16 0:00,2000/9/13 0:00,解放牌,帕萨特,35546651965562671X,366567000000000000 ,198211,198009,9,6,2,周末,早高峰(7-9点),2015-02-08,2015年2月8日,阴 /阴,7℃ / 3℃,东北风 ≤3级 /南风 ≤3级,阴,阴,7,3,东北风,≤3级,南风,≤3级,day
2015-04-13 10:30:00,白云区,7、未按规定让行的 ,负全部责任,不负责任,1,贵A23B62,红,1,贵CKT228,黑,全林驾校,时发驾校,2012/12/5 0:00,2014/9/3 0:00,别克牌,福特牌,364548000000000000 ,366267000000000000 ,198611,198212,10,0,4,工作日,非高峰,2015-04-13,2015年4月13日,晴 /多云,23℃ / 8℃,东北风 ≤3级 /东北风 ≤3级,晴,多云,23,8,东北风,≤3级,东北风,≤3级,day
2015-03-16 07:30:00,乌当,3、倒车的,负全部责任,不负责任,1,贵A7744N,白,1,贵A53S85,白,全林驾校,自培,2013/11/12 0:00,1999/7/19 0:00,众泰牌,东风日产牌,366064000000000000 ,366667000000000000 ,198703,197111,7,0,3,工作日,早高峰(7-9点),2015-03-16,2015年3月16日,阴 /多云,20℃ / 15℃,南风 ≤3级 /南风 ≤3级,阴,多云,20,15,南风,≤3级,南风,≤3级,day
2015-05-06 08:50:00,北二环,9、不符合前8款规定或者双方同时具有上述情形的,负同等责任,不负责任,1,贵AK6973,红,1,贵DAN239,白,全林驾校,全林驾校,2014/5/20 0:00,-1,三铃牌,别克牌,364548000000000000 ,366669000000000000 ,199204,198409,8,2,5,工作日,早高峰(7-9点),2015-05-06,2015年5月6日,多云 /多云,25℃ / 16℃,东北风 ≤3级 /南风 ≤3级,多云,多云,25,16,东北风,≤3级,南风,≤3级,day
2015-04-25 07:14:00,风机厂,8、依法应负全责的其他情形,负全部责任,不负责任,1,贵BW8573,银,1,贵AM0282,黄,全林驾校,路路达驾校（白云区）,2013/10/9 0:00,2014/8/19 0:00,五菱牌,福田五星牌,364666000000000000 ,366667000000000000 ,198312,198104,7,5,4,工作日,早高峰(7-9点),2015-04-25,2015年4月25日,阴 /阵雨,20℃ / 11℃,东风 ≤3级 /东南风 ≤3级,阴,阵雨,20,11,东风,≤3级,东南风,≤3级,day
2015-03-19 11:30:00,金苏大道,1、追尾的,负全部责任,不负责任,1,贵ATC844,红,1,贵GR3292,黄,未定义,时发驾校,2014/7/16 0:00,2012/5/28 0:00,宝骏牌,东风日产牌,364556000000000000 ,364558000000000000 ,195504,198301,11,3,3,工作日,非高峰,2015-03-19,2015年3月19日,多云 /阵雨,26℃ / 12℃,南风 ≤3级 /东北风 ≤3级,多云,阵雨,26,12,南风,≤3级,东北风,≤3级,day
2015-03-18 14:35:00,白云区,1、追尾的,负全部责任,不负责任,1,贵GM0996,白,1,贵A7BE16,黑,凯信驾校,诚信驾驶培训学校,2014/5/29 0:00,2015/3/5 0:00,丰田牌,福特牌,364566000000000000 ,366068000000000000 ,199509,199404,14,2,3,工作日,非高峰,2015-03-18,2015年3月18日,多云 /多云,24℃ / 14℃,南风 ≤3级 /南风 ≤3级,多云,多云,24,14,南风,≤3级,南风,≤3级,day
2015-02-25 11:30:00,白云区,1、追尾的,负全部责任,不负责任,1,贵GV1979,黄,1,贵A6654M,白,凯信驾校,消防驾校,2014/9/22 0:00,2010/8/12 0:00,雅阁牌,朗逸牌,366067000000000000 ,364558000000000000 ,198109,198504,11,2,2,工作日,非高峰,2015-02-25,2015年2月25日,阴 /阵雨,15℃ / 8℃,东北风 ≤3级 /东北风 ≤3级,阴,阵雨,15,8,东北风,≤3级,东北风,≤3级,day
2015-04-10 08:30:00,贵安大道,7、未按规定让行的 ,负全部责任,不负责任,1,贵FAK766,白色,1,贵CNY202,白色,凯信驾校,-1,2014/9/19 0:00,-1,长安牌,比亚迪牌,366068000000000000 ,366566000000000000 ,197011,197509,8,4,4,工作日,早高峰(7-9点),2015-04-10,2015年4月10日,小雨 /小雨,12℃ / 8℃,东北风 ≤3级 /东北风 ≤3级,小雨,小雨,12,8,东北风,≤3级,东北风,≤3级,day
2015-05-23 14:00:00,小河,7、未按规定让行的 ,负全部责任,不负责任,1,贵A7914J,白色,1,贵A7BG09,白色,（花溪区）凯信驾驶培训有限公司,长运驾校,2015/2/10 0:00,2014/4/3 0:00,东风雪铁龙,北京现代牌,366273000000000000 ,364647000000000000 ,197806,199102,14,5,5,工作日,非高峰,2015-05-23,2015年5月23日,阵雨 /阴,19℃ / 14℃,东北风 ≤3级 /东北风 ≤3级,阵雨,阴,19,14,东北风,≤3级,东北风,≤3级,day
2015-02-11 15:00:00,花溪区田园北路,3、倒车的,负全部责任,不负责任,1,贵A6182M,白色,1,贵ABH823,黑色,（云岩区）省交通职业技术驾驶培训学校,自培,2009/1/21 0:00,2003/11/1 0:00,胜达,五菱牌,366664000000000000 ,364556000000000000 ,197710,198506,15,2,2,工作日,非高峰,2015-02-11,2015年2月11日,多云 /多云,11℃ / 3℃,东风 ≤3级 /东北风 ≤3级,多云,多云,11,3,东风,≤3级,东北风,≤3级,day
2015-04-19 08:20:00,中坝路,7、未按规定让行的 ,负全部责任,不负责任,1,贵A53P11,黑,1,贵AGJ613,白,（云岩区）省交通职业技术驾驶培训学校,520111,2005/5/12 0:00,2008/5/8 0:00,歌诗图牌,梅赛德斯-奔驰,366368000000000000 ,364557000000000000 ,197612,197403,8,6,4,周末,早高峰(7-9点),2015-04-19,2015年4月19日,阵雨 /阵雨,22℃ / 13℃,东北风 ≤3级 /东北风 ≤3级,阵雨,阵雨,22,13,东北风,≤3级,东北风,≤3级,day
2015-05-30 16:25:00,观山湖公园,7、未按规定让行的 ,负全部责任,不负责任,0,贵AHF219,蓝,1,贵ABG351,红,（云岩区）省交通职业技术驾驶培训学校,自培,2005/2/1 0:00,2003/5/13 0:00,宝马牌,-1,364547000000000000 ,364558000000000000 ,195607,196910,16,5,5,工作日,非高峰,2015-05-30,2015年5月30日,阵雨 /阵雨,23℃ / 17℃,东北风 ≤3级 /东风 ≤3级,阵雨,阵雨,23,17,东北风,≤3级,东风,≤3级,day
2015-02-06 17:30:00,北京西路,7、未按规定让行的 ,负全部责任,不负责任,1,贵GX9824,黑,0,贵APR941,黄,凯信驾校,自培,2014/12/31 0:00,2004/4/22 0:00,起亚牌,马自达牌,364067000000000000 ,366347000000000000 ,197602,198105,17,4,2,工作日,晚高峰(17-19点),2015-02-06,2015年2月6日,多云 /小雨,9℃ / 2℃,南风 ≤3级 /南风 ≤3级,多云,小雨,9,2,南风,≤3级,南风,≤3级,day
2015-04-15 08:00:00,小石城,1、追尾的,负全部责任,不负责任,1,贵AQE182,银,0,贵A4AS42,红,省交校,520116,2012/4/10 0:00,2007/10/29 0:00,比亚迪牌,福克斯牌,364548000000000000 ,366577000000000000 ,199210,198209,8,2,4,工作日,早高峰(7-9点),2015-04-15,2015年4月15日,多云 /多云,24℃ / 16℃,东南风 ≤3级 /南风 ≤3级,多云,多云,24,16,东南风,≤3级,南风,≤3级,day
2015-02-26 14:30:00,八匹马, ,负同等责任,负同等责任,0,贵AF8493,黑,0,贵A85H79,黄,省交校,全林驾校,2013/6/25 0:00,2013/12/27 0:00,力帆牌,吉利牌,36454651875462700X,366368000000000000 ,197310,197508,14,3,2,工作日,非高峰,2015-02-26,2015年2月26日,阴 /小雨,12℃ / 9℃,东风 ≤3级 /南风 ≤3级,阴,小雨,12,9,东风,≤3级,南风,≤3级,day
2015-04-28 20:00:00,玉溪路,8、依法应负全责的其他情形,负全部责任,不负责任,1,贵A2BY65,白,1,贵A17H66,白,（云岩区）省交通职业技术驾驶培训学校,铁二局驾校,2007/12/12 0:00,2012/11/1 0:00,马自达牌,长安牌,364548000000000000 ,366068000000000000 ,198709,198911,20,1,4,工作日,非高峰,2015-04-28,2015年4月28日,多云 /多云,25℃ / 15℃,东北风 ≤3级 /东北风 ≤3级,多云,多云,25,15,东北风,≤3级,东北风,≤3级,night
2015-03-07 11:00:00,孟关汽车城,1、追尾的,负全部责任,不负责任,1,贵A5114Y,白色,1,贵AB018L,白色,（云岩区）省交通职业技术驾驶培训学校,-1,2008/3/13 0:00,-1,北京牌,瑞麒牌,355468000000000000 ,366664000000000000 ,198905,199004,11,5,3,工作日,非高峰,2015-03-07,2015年3月7日,阴 /小雨,10℃ / 5℃,东风 ≤3级 /东南风 ≤3级,阴,小雨,10,5,东风,≤3级,东南风,≤3级,day