accidenttime,accidentaddr,driver1fault,driver1responsibility,driver2responsibility,sex1,platenumber1,carcolor1,sex2,platenumber2,carcolor2,jxmc1,jxmc2,cclzrq1,cclzrq2,clpp1,clpp2,driver1license,driver2license,brith1,brith2,hour,weekday,month,is_weekday,peak_hour,date,日期,天气状况,气温,风力风向,day_wea,night_wea,day_tep,night_tep,day_wind_direction,day_wind_speed,night_wind_direction,night_wind_speed,segment
2015-03-04 20:20:00,三桥立交,8、依法应负全责的其他情形,负全部责任,不负责任,1,贵A91Y34,银,1,贵CDC062,白,省交校,-1,2010/8/30 0:00,-1,东风标致牌,长安牌,36455551845464426X,366575000000000000 ,197010,198104,20,2,3,工作日,非高峰,2015-03-04,2015年3月4日,小雨 /小雨,6℃ / 1℃,东北风 ≤3级 /东北风 ≤3级,小雨,小雨,6,1,东北风,≤3级,东北风,≤3级,night
2015-04-02 08:00:00,青云路,7、未按规定让行的 ,负全部责任,不负责任,1,贵A49H45,白色,1,贵A58L97,白色,（云岩区）省交通职业技术驾驶培训学校,-1,2007/4/10 0:00,-1,凯迪拉克牌,福克斯牌,364548000000000000 ,364547000000000 ,198512,190810,8,3,4,工作日,早高峰(7-9点),2015-04-02,2015年4月2日,多云 /多云,30℃ / 18℃,南风 ≤3级 /南风 ≤3级,多云,多云,30,18,南风,≤3级,南风,≤3级,day
2015-03-07 13:05:00,相宝山,8、依法应负全责的其他情形,负全部责任,不负责任,1,贵AFZ764,银,1,贵A00640,蓝,（云岩区）省交通职业技术驾驶培训学校,（南明区）铁二局驾驶培训有限公司,2005/1/17 0:00,1994/12/5 0:00,长安,力帆牌,364548000000000000 ,366361000000000000 ,198403,197510,13,5,3,工作日,非高峰,2015-03-07,2015年3月7日,阴 /小雨,10℃ / 5℃,东风 ≤3级 /东南风 ≤3级,阴,小雨,10,5,东风,≤3级,东南风,≤3级,day
2015-05-10 19:45:00,北京西路,7、未按规定让行的 ,负全部责任,不负责任,0,贵AN8421,白,1,贵AA921N,白,（南明区）市交通职业技术驾驶培训学校,诚信驾驶培训学校,2007/4/6 0:00,2012/2/24 0:00,东风雪铁龙牌,雪佛兰牌,36454751385563040X,364548000000000000 ,195711,198903,19,6,5,周末,晚高峰(17-19点),2015-05-10,2015年5月10日,阵雨 /雷阵雨,25℃ / 14℃,南风 ≤3级 /南风 ≤3级,阵雨,雷阵雨,25,14,南风,≤3级,南风,≤3级,day
2015-03-16 13:10:00,奶牛场,7、未按规定让行的 ,负全部责任,不负责任,0,贵A9953G,银,1,贵A64G93,黄,贵州天河驾校,自培,2014/7/31 0:00,2011/4/18 0:00,五菱牌,比亚迪牌,36634651814764580X,366567000000000000 ,197903,198508,13,0,3,工作日,非高峰,2015-03-16,2015年3月16日,阴 /多云,20℃ / 15℃,南风 ≤3级 /南风 ≤3级,阴,多云,20,15,南风,≤3级,南风,≤3级,day
2015-04-25 19:50:00,花果园,1、追尾的,负全部责任,不负责任,1,贵DAV851,白色,1,贵JBJ516,白色,省交校,-1,2014/10/9 0:00,-1,长安牌,吉利牌,366661000000000000 ,366862000000000000 ,199111,197810,19,5,4,工作日,晚高峰(17-19点),2015-04-25,2015年4月25日,阴 /阵雨,20℃ / 11℃,东风 ≤3级 /东南风 ≤3级,阴,阵雨,20,11,东风,≤3级,东南风,≤3级,day
2015-03-11 00:00:00,三江口,1、追尾的,负全部责任,不负责任,1,贵GP1486,黑色,1,贵VNK075,白色,（南明区）市交通职业技术驾驶培训学校,铁二局驾校,2005/6/8 0:00,2013/3/26 0:00,东风标致牌,-1,366570000000000000 ,366566000000000000 ,198612,197404,0,2,3,工作日,非高峰,2015-03-11,2015年3月11日,阴 /小雨,8℃ / 4℃,东北风 ≤3级 /东北风 ≤3级,阴,小雨,8,4,东北风,≤3级,东北风,≤3级,night
2015-04-19 00:00:00,孟关,1、追尾的,负全部责任,不负责任,1,贵AVK526,白色,1,鲁VER414,白色,市交校,-1,2011/6/16 0:00,-1,海马牌,英菲尼迪,364666000000000000 ,364556000000000000 ,199002,197703,0,6,4,周末,非高峰,2015-04-19,2015年4月19日,阵雨 /阵雨,22℃ / 13℃,东北风 ≤3级 /东北风 ≤3级,阵雨,阵雨,22,13,东北风,≤3级,东北风,≤3级,night
2015-03-28 08:56:00,花果园,7、未按规定让行的 ,负全部责任,不负责任,1,贵AS3408,银,1,贵AO3419,红,（南明区）市交通职业技术驾驶培训学校,-1,2006/7/6 0:00,-1,三本牌,-1,364548000000000000 ,366346000000000000 ,195510,198309,8,5,3,工作日,早高峰(7-9点),2015-03-28,2015年3月28日,阵雨 /雷阵雨,17℃ / 14℃,南风 ≤3级 /南风 ≤3级,阵雨,雷阵雨,17,14,南风,≤3级,南风,≤3级,day
2015-05-10 08:00:00,小河4号路,1、追尾的,负全部责任,不负责任,1,贵A7AF28,白色,1,贵GP9851,白色,市交校,顺一驾驶培训学校,2010/7/8 0:00,2010/8/12 0:00,大众汽车牌,-1,366661000000000000 ,366346000000000000 ,198211,197008,8,6,5,周末,早高峰(7-9点),2015-05-10,2015年5月10日,阵雨 /雷阵雨,25℃ / 14℃,南风 ≤3级 /南风 ≤3级,阵雨,雷阵雨,25,14,南风,≤3级,南风,≤3级,day
2015-04-18 15:30:00,大营坡,1、追尾的,负全部责任,不负责任,1,贵AVM481,白色,1,贵AU0926,白色,自培,自培,2011/12/14 0:00,2010/7/14 0:00,大众牌,万达牌,366269000000000000 ,366569000000000000 ,198509,199106,15,5,4,工作日,非高峰,2015-04-18,2015年4月18日,多云 /雷阵雨,29℃ / 16℃,南风 ≤3级 /南风 ≤3级,多云,雷阵雨,29,16,南风,≤3级,南风,≤3级,day
2015-03-25 20:20:00,小河盘江路,3、倒车的,负全部责任,不负责任,1,渝F78887,白色,1,贵JBT644,白色,（南明区）市交通职业技术驾驶培训学校,顺一驾驶培训学校,2006/8/28 0:00,2014/11/21 0:00,起亚牌,北京现代牌,355667000000000000 ,366664000000000000 ,198201,198902,20,2,3,工作日,非高峰,2015-03-25,2015年3月25日,阴 /阵雨,14℃ / 9℃,东北风 ≤3级 /东北风 ≤3级,阴,阵雨,14,9,东北风,≤3级,东北风,≤3级,night
2015-03-15 17:45:00,小河,3、倒车的,负全部责任,不负责任,1,贵FX1227,白色,1,贵AA592P,白色,市交校,顺一驾驶培训学校,2014/12/3 0:00,2012/7/24 0:00,东风标致牌,长安牌,366675000000000000 ,366363000000000000 ,198608,198810,17,6,3,周末,晚高峰(17-19点),2015-03-15,2015年3月15日,阴 /阴,18℃ / 13℃,东风 ≤3级 /南风 ≤3级,阴,阴,18,13,东风,≤3级,南风,≤3级,day
2015-03-21 13:00:00,大理石路,1、追尾的,负全部责任,不负责任,1,贵A7H862,白色,1,贵AJJ805,白色,市交校,-1,2014/8/19 0:00,-1,翼虎牌,五菱牌,364548000000000000 ,366067000000000000 ,199312,199410,13,5,3,工作日,非高峰,2015-03-21,2015年3月21日,阴 /阴,16℃ / 11℃,东北风 ≤3级 /东南风 ≤3级,阴,阴,16,11,东北风,≤3级,东南风,≤3级,day
2015-03-08 12:30:00,小河,8、依法应负全责的其他情形,负全部责任,不负责任,1,贵GS5643,白色,1,贵ABR628,白色,（南明区）市交通职业技术驾驶培训学校,自培,2015/2/17 0:00,2003/4/21 0:00,广汽菲亚特牌,众泰牌,366346000000000000 ,366766000000000000 ,198707,197401,12,6,3,周末,非高峰,2015-03-08,2015年3月8日,小雨 /阴,11℃ / 6℃,东北风 ≤3级 /东北风 ≤3级,小雨,阴,11,6,东北风,≤3级,东北风,≤3级,day
2015-05-27 16:30:00,三桥,3、倒车的,负全部责任,不负责任,1,贵A51B98,红,1,贵JBT716,白,市交校,-1,2012/6/27 0:00,-1,丰田牌,-1,366876000000000000 ,364547000000000000 ,198612,198101,16,2,5,工作日,非高峰,2015-05-27,2015年5月27日,阴 /阵雨,26℃ / 20℃,南风 ≤3级 /东北风 ≤3级,阴,阵雨,26,20,南风,≤3级,东北风,≤3级,day
2015-02-03 18:20:00,中航城,8、依法应负全责的其他情形,负全部责任,不负责任,1,贵A3660A,黑,1,贵A35R13,黑,市交校,-1,2012/12/12 0:00,-1,吉利美日牌,东风雪铁龙牌,364568000000000000 ,364557000000000000 ,199305,199003,18,1,2,工作日,晚高峰(17-19点),2015-02-03,2015年2月3日,小雨 /小雨,6℃ / 1℃,东北风 ≤3级 /东北风 ≤3级,小雨,小雨,6,1,东北风,≤3级,东北风,≤3级,day
2015-05-18 14:30:00,山林路,3、倒车的,负全部责任,不负责任,0,贵A4BJ60,白,1,贵AUA007,白,市交校,自培,2012/7/30 0:00,2011/9/2 0:00,别克牌,丰田牌,65665500000000000 ,366046000000000000 ,199312,198010,14,0,5,工作日,非高峰,2015-05-18,2015年5月18日,多云 /多云,25℃ / 18℃,东北风 ≤3级 /东北风 ≤3级,多云,多云,25,18,东北风,≤3级,东北风,≤3级,day
2015-05-21 13:00:00,花溪大道,1、追尾的,负全部责任,不负责任,1,贵A23X54,白色,1,贵A404D9,白色,市交校,十一驾驶培训有限公司,2013/4/19 0:00,2006/12/22 0:00,途威,江淮牌,364566000000000000 ,366064000000000000 ,199211,198707,13,3,5,工作日,非高峰,2015-05-21,2015年5月21日,阴 /阵雨,24℃ / 16℃,东风 ≤3级 /东风 ≤3级,阴,阵雨,24,16,东风,≤3级,东风,≤3级,day
2015-05-03 13:30:00,金阳,3、倒车的,负全部责任,不负责任,1,贵AA3939,白,1,贵A4CB22,黑,市交校,520117,2013/2/22 0:00,2008/5/15 0:00,宝来,大众汽车牌,364547000000000000 ,364548000000000000 ,198810,198506,13,6,5,周末,非高峰,2015-05-03,2015年5月3日,阵雨 /阵雨,25℃ / 15℃,东北风 ≤3级 /东北风 ≤3级,阵雨,阵雨,25,15,东北风,≤3级,东北风,≤3级,day
2015-05-10 11:30:00,万江小区,1、追尾的,负全部责任,不负责任,1,贵A88H81,白,1,贵AEL824,黄,贵大佳德驾驶培训学校,自培,2012/3/19 0:00,2002/12/27 0:00,丰田牌,-1,366068000000000000 ,366068000000000000 ,199107,197512,11,6,5,周末,非高峰,2015-05-10,2015年5月10日,阵雨 /雷阵雨,25℃ / 14℃,南风 ≤3级 /南风 ≤3级,阵雨,雷阵雨,25,14,南风,≤3级,南风,≤3级,day
2015-04-20 20:30:00,中曹司大桥,1、追尾的,负全部责任,不负责任,1,贵A7BK34,白色,1,贵ABG011,白色,市交校,贵阳金马驾驶培训有限公司,2015/1/13 0:00,2010/10/18 0:00,福克斯牌,江淮牌,36454651104564703X,366862000000000000 ,199401,199109,20,0,4,工作日,非高峰,2015-04-20,2015年4月20日,阴 /阴,20℃ / 11℃,东北风 ≤3级 /东北风 ≤3级,阴,阴,20,11,东北风,≤3级,东北风,≤3级,night
2015-05-04 17:40:00,花二道,9、不符合前8款规定或者双方同时具有上述情形的,负同等责任,负同等责任,1,贵AB034A,白色,1,贵JBR471,白色,市交校,市交校,2013/5/7 0:00,2011/11/29 0:00,宝马牌,-1,364596000000000000 ,364551000000000000 ,199406,198709,17,0,5,工作日,晚高峰(17-19点),2015-05-04,2015年5月4日,阵雨 /阵雨,20℃ / 14℃,东北风 ≤3级 /东北风 ≤3级,阵雨,阵雨,20,14,东北风,≤3级,东北风,≤3级,day
2015-04-10 09:30:00,小河,3、倒车的,负全部责任,不负责任,1,贵A5894警,白色,1,贵A98HP6,白色,贵大佳德驾驶培训学校,市警校驾校,2011/7/1 0:00,2012/9/3 0:00,-1,-1,364547000000000000 ,366575000000000000 ,197807,198111,9,4,4,工作日,早高峰(7-9点),2015-04-10,2015年4月10日,小雨 /小雨,12℃ / 8℃,东北风 ≤3级 /东北风 ≤3级,小雨,小雨,12,8,东北风,≤3级,东北风,≤3级,day
2015-04-16 17:15:00,贵遵路,7、未按规定让行的 ,负全部责任,不负责任,1,贵A69H41,黑,0,贵A17K41,黑,贵大佳德驾驶培训学校,吉源驾校,2012/2/22 0:00,2014/4/28 0:00,东风日产牌,福克斯牌,366566000000000000 ,364548000000000000 ,197912,197003,17,3,4,工作日,晚高峰(17-19点),2015-04-16,2015年4月16日,多云 /多云,29℃ / 17℃,南风 ≤3级 /南风 ≤3级,多云,多云,29,17,南风,≤3级,南风,≤3级,day
2015-04-16 11:30:00,小关,3、倒车的,负全部责任,不负责任,1,贵AA0521,黑,1,贵GT1570,蓝,贵大佳德驾驶培训学校,-1,2012/6/26 0:00,-1,特商牌,骐达牌,366064000000000000 ,366846000000000000 ,198705,198912,11,3,4,工作日,非高峰,2015-04-16,2015年4月16日,多云 /多云,29℃ / 17℃,南风 ≤3级 /南风 ≤3级,多云,多云,29,17,南风,≤3级,南风,≤3级,day
2015-02-26 07:50:00,黔灵山路,7、未按规定让行的 ,负全部责任,不负责任,1,贵AHH825,银,0,贵A53L56,银,（白云区）消防驾驶培训学校,铁二局驾校,2006/3/31 0:00,2013/9/2 0:00,福克斯牌,明锐牌,37456551265551655X,366367000000000000 ,196211,196511,7,3,2,工作日,早高峰(7-9点),2015-02-26,2015年2月26日,阴 /小雨,12℃ / 9℃,东风 ≤3级 /南风 ≤3级,阴,小雨,12,9,东风,≤3级,南风,≤3级,day
2015-04-23 11:00:00,白云,1、追尾的,负全部责任,不负责任,1,贵JDN117,银,0,贵A83124,白,市交校,自培,2015/1/14 0:00,2001/11/22 0:00,长安牌,嘉陵,36456751914942448X,36666051804667706X,198908,197402,11,3,4,工作日,非高峰,2015-04-23,2015年4月23日,阴 /小雨,16℃ / 10℃,东北风 ≤3级 /东北风 ≤3级,阴,小雨,16,10,东北风,≤3级,东北风,≤3级,day
2015-03-13 17:50:00,白云区,1、追尾的,负全部责任,不负责任,1,贵A2BF06,红,1,湘A2Q544,红,贵大佳德驾驶培训学校,520127,2012/7/23 0:00,2008/2/19 0:00,北京牌,松花江,366576000000000000 ,366661000000000000 ,198010,198507,17,4,3,工作日,晚高峰(17-19点),2015-03-13,2015年3月13日,多云 /阵雨,17℃ / 12℃,南风 ≤3级 /南风 ≤3级,多云,阵雨,17,12,南风,≤3级,南风,≤3级,day
2015-03-16 14:30:00,龙洞堡大道,7、未按规定让行的 ,负全部责任,不负责任,1,贵A29222,白色,1,贵ASL999,黑色,（白云区）消防驾驶培训学校,预约考试窗口,2005/11/10 0:00,2007/7/2 0:00,桑塔纳,宝马,364557000000000000 ,364548000000000000 ,197004,198804,14,0,3,工作日,非高峰,2015-03-16,2015年3月16日,阴 /多云,20℃ / 15℃,南风 ≤3级 /南风 ≤3级,阴,多云,20,15,南风,≤3级,南风,≤3级,day
2015-05-01 02:00:00,花果园,3、倒车的,负全部责任,不负责任,1,贵ANV595,白,1,贵A22S91,白,（白云区）消防驾驶培训学校,诚信驾驶培训学校,2008/12/10 0:00,2015/3/24 0:00,-1,大众汽车牌,774664000000000000 ,674561000000000000 ,197706,199408,2,4,5,工作日,非高峰,2015-05-01,2015年5月1日,阵雨 /多云,25℃ / 14℃,东南风 ≤3级 /东北风 ≤3级,阵雨,多云,25,14,东南风,≤3级,东北风,≤3级,night
2015-05-29 09:30:00,北京西路,8、依法应负全责的其他情形,负全部责任,不负责任,1,贵A057A6,黄,0,贵ATV365,蓝,（白云区）消防驾驶培训学校,520101,2009/1/22 0:00,2011/3/23 0:00,福田牌,北斗星牌,706146000000000000 ,36455651904153692X,199006,198409,9,4,5,工作日,早高峰(7-9点),2015-05-29,2015年5月29日,阵雨 /阵雨,24℃ / 17℃,东南风 ≤3级 /东北风 ≤3级,阵雨,阵雨,24,17,东南风,≤3级,东北风,≤3级,day
2015-03-30 00:00:00,杨家山隧道,9、不符合前8款规定或者双方同时具有上述情形的,负同等责任,负同等责任,1,贵A96M56,白色,1,贵ABT172,白色,（白云区）消防驾驶培训学校,-1,2009/2/11 0:00,-1,长城牌,五菱,366664000000000000 ,54663500000000000 ,198009,198710,0,0,3,工作日,非高峰,2015-03-30,2015年3月30日,晴 /多云,24℃ / 17℃,南风 ≤3级 /南风 ≤3级,晴,多云,24,17,南风,≤3级,南风,≤3级,night
2015-04-17 13:50:00,金苏大道,1、追尾的,负全部责任,不负责任,1,贵A4520S,黑,1,贵AR6873,蓝,贵大佳德驾驶培训学校,自培,2011/12/8 0:00,2007/1/9 0:00,吉利牌,南骏牌,364557000000000000 ,364558000000000000 ,197709,197306,13,4,4,工作日,非高峰,2015-04-17,2015年4月17日,多云 /多云,28℃ / 19℃,南风 ≤3级 /南风 ≤3级,多云,多云,28,19,南风,≤3级,南风,≤3级,day
2015-02-27 14:30:00,南明区,3、倒车的,负全部责任,不负责任,1,贵A2590H,黑色,1,贵A1717N,白色,消防驾校,时发驾校,2011/5/20 0:00,2012/12/10 0:00,吉利牌,英伦牌,74847500000000000 ,366346000000000000 ,198403,198311,14,4,2,工作日,非高峰,2015-02-27,2015年2月27日,多云 /阵雨,21℃ / 5℃,南风 ≤3级 /南风 ≤3级,多云,阵雨,21,5,南风,≤3级,南风,≤3级,day
2015-03-19 17:00:00,金阳南路,1、追尾的,负全部责任,不负责任,0,贵AMT319,黑,0,贵A4AB93,黑,消防驾校,520101,2012/4/5 0:00,2009/5/22 0:00,轩逸牌,东风标致牌,364558000000000000 ,366246000000000000 ,198401,197808,17,3,3,工作日,晚高峰(17-19点),2015-03-19,2015年3月19日,多云 /阵雨,26℃ / 12℃,南风 ≤3级 /东北风 ≤3级,多云,阵雨,26,12,南风,≤3级,东北风,≤3级,day
2015-04-16 14:50:00,新华路,3、倒车的,负全部责任,不负责任,1,贵GL4485,白色,1,贵AR8827,白色,消防驾校,自培,2011/10/21 0:00,2003/12/31 0:00,长安牌,梅赛德斯-奔驰牌,364547000000000000 ,75455451974074546X,196909,198304,14,3,4,工作日,非高峰,2015-04-16,2015年4月16日,多云 /多云,29℃ / 17℃,南风 ≤3级 /南风 ≤3级,多云,多云,29,17,南风,≤3级,南风,≤3级,day
2015-05-11 08:05:00,中坝,9、不符合前8款规定或者双方同时具有上述情形的,负全部责任,不负责任,1,贵A1905T,红,1,贵A8243V,蓝,消防驾校,-1,2012/3/16 0:00,-1,-1,夏利,364558000000000000 ,366068000000000000 ,197909,197802,8,0,5,工作日,早高峰(7-9点),2015-05-11,2015年5月11日,多云 /多云,24℃ / 13℃,东北风 ≤3级 /东北风 ≤3级,多云,多云,24,13,东北风,≤3级,东北风,≤3级,day
2015-03-12 14:30:00,百园南路,9、不符合前8款规定或者双方同时具有上述情形的,负同等责任,负同等责任,1,贵A8061A,蓝,1,贵JX7225,红,消防驾校,消防驾校,2011/10/26 0:00,1997/2/3 0:00,东风标致牌,川交牌,36456751995565397X,364548000000000000 ,198811,197605,14,3,3,工作日,非高峰,2015-03-12,2015年3月12日,多云 /多云,16℃ / 10℃,南风 ≤3级 /南风 ≤3级,多云,多云,16,10,南风,≤3级,南风,≤3级,day
2015-02-06 07:30:00,嘉润路,7、未按规定让行的 ,负全部责任,不负责任,1,贵A4AC91,黑色,1,贵GM4188,白色,自培,十一驾驶培训有限公司,2011/5/20 0:00,2014/2/17 0:00,大众汽车牌,福特牌,364547000000000000 ,364556000000000000 ,198010,198209,7,4,2,工作日,早高峰(7-9点),2015-02-06,2015年2月6日,多云 /小雨,9℃ / 2℃,南风 ≤3级 /南风 ≤3级,多云,小雨,9,2,南风,≤3级,南风,≤3级,day
2015-03-10 18:20:00,五里冲,7、未按规定让行的 ,负全部责任,不负责任,1,贵AHA144,银,1,贵A80117,红,（白云区）消防驾驶培训学校,自培,2010/7/1 0:00,2003/2/28 0:00,风神牌,钱江牌,364557000000000000 ,366347000000000000 ,198602,198410,18,1,3,工作日,晚高峰(17-19点),2015-03-10,2015年3月10日,小雨 /小雨,8℃ / 4℃,东北风 ≤3级 /东北风 ≤3级,小雨,小雨,8,4,东北风,≤3级,东北风,≤3级,day
2015-02-11 16:47:00,二戈寨立交桥,7、未按规定让行的 ,负全部责任,不负责任,1,贵A745C1,黑色,1,贵EJ2295,白色,消防驾校,盘县宏源驾驶培训学校,2012/7/25 0:00,-1,燕台牌,田野牌,366064000000000000 ,366761000000000000 ,197404,198011,16,2,2,工作日,非高峰,2015-02-11,2015年2月11日,多云 /多云,11℃ / 3℃,东风 ≤3级 /东北风 ≤3级,多云,多云,11,3,东风,≤3级,东北风,≤3级,day
2015-03-11 08:30:00,白云区,3、倒车的,负全部责任,不负责任,1,贵A9663M,黑,1,贵GY6249,白,自培,消防驾校,2012/7/30 0:00,2003/4/30 0:00,吉利牌,梅赛德斯-奔驰牌,354669000000000000 ,364558000000000000 ,198102,198009,8,2,3,工作日,早高峰(7-9点),2015-03-11,2015年3月11日,阴 /小雨,8℃ / 4℃,东北风 ≤3级 /东北风 ≤3级,阴,小雨,8,4,东北风,≤3级,东北风,≤3级,day
2015-03-17 18:30:00,黔林山路,1、追尾的,负全部责任,不负责任,1,贵A46409,绿,1,贵GX4888,黑,（白云区）消防驾驶培训学校,自培,2007/1/4 0:00,2011/12/16 0:00,嘉龙牌,雅阁牌,366569000000000000 ,355561000000000000 ,198612,199211,18,1,3,工作日,晚高峰(17-19点),2015-03-17,2015年3月17日,多云 /多云,25℃ / 14℃,南风 ≤3级 /南风 ≤3级,多云,多云,25,14,南风,≤3级,南风,≤3级,day
2015-03-21 14:50:00,友谊路,7、未按规定让行的 ,负全部责任,不负责任,0,贵A3BK15,黄,1,贵AU0498,蓝,消防驾校,自培,2012/5/6 0:00,2007/9/3 0:00,大众牌,万达牌,364558000000000000 ,364558000000000000 ,198908,198805,14,5,3,工作日,非高峰,2015-03-21,2015年3月21日,阴 /阴,16℃ / 11℃,东北风 ≤3级 /东南风 ≤3级,阴,阴,16,11,东北风,≤3级,东南风,≤3级,day
2015-03-19 12:40:00,八匹马,7、未按规定让行的 ,负同等责任,负同等责任,0,贵FQ5215,白,1,贵AIF272,白,消防驾校,消防驾校,2013/8/28 0:00,2003/6/11 0:00,北京现代牌,-1,376164000000000000 ,364547000000000000 ,198201,198503,12,3,3,工作日,非高峰,2015-03-19,2015年3月19日,多云 /阵雨,26℃ / 12℃,南风 ≤3级 /东北风 ≤3级,多云,阵雨,26,12,南风,≤3级,东北风,≤3级,day
2015-04-09 09:07:00,乌当,8、依法应负全责的其他情形,负全部责任,不负责任,1,贵A2170A,银,1,贵A38450,黄,消防驾校,吉源驾校（南明区）,2014/8/8 0:00,1998/8/25 0:00,别克牌,陕汽牌,364647000000000000 ,366361000000000000 ,198702,197009,9,3,4,工作日,早高峰(7-9点),2015-04-09,2015年4月9日,阴 /小雨,11℃ / 7℃,东北风 ≤3级 /东北风 ≤3级,阴,小雨,11,7,东北风,≤3级,东北风,≤3级,day
2015-05-04 08:30:00,金阳北路,7、未按规定让行的 ,负同等责任,不负责任,1,贵A24X35,黑,1,贵A96R95,蓝,消防驾校,消防驾校,2014/12/3 0:00,2011/8/10 0:00,北京现代牌,北京现代,355470000000000000 ,366577000000000000 ,198408,198210,8,0,5,工作日,早高峰(7-9点),2015-05-04,2015年5月4日,阵雨 /阵雨,20℃ / 14℃,东北风 ≤3级 /东北风 ≤3级,阵雨,阵雨,20,14,东北风,≤3级,东北风,≤3级,day
2015-04-25 11:30:00,建设路,7、未按规定让行的 ,负全部责任,不负责任,1,贵AC743E,银,1,贵A88275,红,自培,路路达驾校,2013/2/18 0:00,2014/9/2 0:00,奇瑞,福田牌,364596000000000000 ,364558000000000000 ,198709,199410,11,5,4,工作日,非高峰,2015-04-25,2015年4月25日,阴 /阵雨,20℃ / 11℃,东风 ≤3级 /东南风 ≤3级,阴,阵雨,20,11,东风,≤3级,东南风,≤3级,day
2015-03-10 10:50:00,转弯塘,8、依法应负全责的其他情形,负全部责任,不负责任,1,贵APE712,银,1,贵A72T95,白,（白云区）消防驾驶培训学校,-1,2007/11/14 0:00,-1,长安牌,-1,35466251854055771X,7465520000000000 ,197104,980072,10,1,3,工作日,非高峰,2015-03-10,2015年3月10日,小雨 /小雨,8℃ / 4℃,东北风 ≤3级 /东北风 ≤3级,小雨,小雨,8,4,东北风,≤3级,东北风,≤3级,day
2015-04-10 19:05:00,金珠路,4、停车时未挂低速档、未拉驻车制动，导致车辆滑行的,负全部责任,不负责任,1,贵AA078B,白,0,贵GP5629,黑,消防驾校,时发驾校,2010/10/9 0:00,2011/12/27 0:00,东风雪铁龙牌,梅赛德斯－奔驰,364557000000000000 ,366577000000000000 ,197407,198708,19,4,4,工作日,晚高峰(17-19点),2015-04-10,2015年4月10日,小雨 /小雨,12℃ / 8℃,东北风 ≤3级 /东北风 ≤3级,小雨,小雨,12,8,东北风,≤3级,东北风,≤3级,day
2015-02-05 18:30:00,白金大道,8、依法应负全责的其他情形,负全部责任,不负责任,1,贵AJZ368,红,1,贵A562C2,银,自培,路路达驾校,2009/11/24 0:00,2010/6/21 0:00,五菱牌,长安牌,355247000000000000 ,366067000000000000 ,198805,198010,18,3,2,工作日,晚高峰(17-19点),2015-02-05,2015年2月5日,阴 /阴,3℃ / 0℃,东北风 ≤3级 /东北风 ≤3级,阴,阴,3,0,东北风,≤3级,东北风,≤3级,day
2015-05-05 08:00:00,白云区,1、追尾的,负全部责任,不负责任,1,贵ABN319,白,1,贵A7093W,黄,消防驾校,-1,2010/7/26 0:00,-1,长安牌,长安牌,366361000000000000 ,366567000000000000 ,198409,197302,8,1,5,工作日,早高峰(7-9点),2015-05-05,2015年5月5日,阵雨 /阵雨,21℃ / 15℃,南风 ≤3级 /南风 ≤3级,阵雨,阵雨,21,15,南风,≤3级,南风,≤3级,day
2015-02-07 19:45:00,白云,8、依法应负全责的其他情形,负全部责任,不负责任,1,贵A4729K,银,1,贵A499D5,银,（白云区）消防驾驶培训学校,-1,2006/12/28 0:00,-1,吉利牌,江淮牌,364558000000000000 ,366068000000000000 ,196512,197707,19,5,2,工作日,晚高峰(17-19点),2015-02-07,2015年2月7日,阴 /阴,8℃ / 3℃,东北风 ≤3级 /东北风 ≤3级,阴,阴,8,3,东北风,≤3级,东北风,≤3级,day
2015-05-20 09:30:00,长岭路,8、依法应负全责的其他情形,负全部责任,不负责任,1,贵AMS802,黑,0,贵A6822P,白,自培,顺一驾驶培训学校,2011/8/18 0:00,2012/9/21 0:00,雅阁牌,福克斯牌,74062500000000000 ,355563000000000000 ,199205,198512,9,2,5,工作日,早高峰(7-9点),2015-05-20,2015年5月20日,阴 /阵雨,23℃ / 17℃,东北风 ≤3级 /东北风 ≤3级,阴,阵雨,23,17,东北风,≤3级,东北风,≤3级,day
2015-04-03 11:30:00,甲秀南路,1、追尾的,负全部责任,不负责任,1,贵AM3048,白,1,贵AJ6728,银,消防驾校,自培,2010/8/23 0:00,2000/4/3 0:00,千里马牌,北京牌,364556000000000000 ,36454751275449047X,196810,196310,11,4,4,工作日,非高峰,2015-04-03,2015年4月3日,多云 /多云,30℃ / 19℃,南风 ≤3级 /南风 ≤3级,多云,多云,30,19,南风,≤3级,南风,≤3级,day
2015-04-15 11:04:00,大营坡,1、追尾的,负全部责任,不负责任,1,贵AS8008,绿,1,贵ATX631,红,消防驾校,十一驾驶培训有限公司,2011/7/15 0:00,2010/11/12 0:00,东力牌,丰田牌,364558000000000000 ,366876000000000000 ,198102,197004,11,2,4,工作日,非高峰,2015-04-15,2015年4月15日,多云 /多云,24℃ / 16℃,东南风 ≤3级 /南风 ≤3级,多云,多云,24,16,东南风,≤3级,南风,≤3级,day