accidenttime,accidentaddr,driver1fault,driver1responsibility,driver2responsibility,sex1,platenumber1,carcolor1,sex2,platenumber2,carcolor2,jxmc1,jxmc2,cclzrq1,cclzrq2,clpp1,clpp2,driver1license,driver2license,brith1,brith2,hour,weekday,month,is_weekday,peak_hour,date,日期,天气状况,气温,风力风向,day_wea,night_wea,day_tep,night_tep,day_wind_direction,day_wind_speed,night_wind_direction,night_wind_speed,segment
2015-02-28 08:20:00,小河西南环线,9、不符合前8款规定或者双方同时具有上述情形的,负同等责任,负同等责任,1,贵ARZ862,黑色,1,贵AR7282,银色,消防驾校,消防驾校,2011/4/2 0:00,2004/10/19 0:00,长安牌,长安牌,36636351875558763X,356168000000000000 ,197311,196404,8,5,2,工作日,早高峰(7-9点),2015-02-28,2015年2月28日,小雨 /小雨,8℃ / 4℃,东北风 ≤3级 /东北风 ≤3级,小雨,小雨,8,4,东北风,≤3级,东北风,≤3级,day
2015-05-18 17:01:00,云潭北路,1、追尾的,负全部责任,不负责任,1,贵AC127H,红,1,贵AK3680,蓝,消防驾校,-1,2012/12/10 0:00,-1,-1,富路牌,364568000000000000 ,36606751844251775X,198812,197006,17,0,5,工作日,晚高峰(17-19点),2015-05-18,2015年5月18日,多云 /多云,25℃ / 18℃,东北风 ≤3级 /东北风 ≤3级,多云,多云,25,18,东北风,≤3级,东北风,≤3级,day
2015-04-20 20:47:00,保利,7、未按规定让行的 ,负全部责任,不负责任,1,贵AF2521,白,0,贵GT7284,白,消防驾校,520134,2011/12/24 0:00,2008/1/22 0:00,万虎牌,别克牌,364548000000000000 ,364548000000000000 ,199205,197106,20,0,4,工作日,非高峰,2015-04-20,2015年4月20日,阴 /阴,20℃ / 11℃,东北风 ≤3级 /东北风 ≤3级,阴,阴,20,11,东北风,≤3级,东北风,≤3级,night
2015-05-01 03:09:00,金阳,8、依法应负全责的其他情形,负全部责任,不负责任,1,贵A5234Y,蓝,1,贵AB455T,白,消防驾校,路路达驾校,2012/7/5 0:00,2014/10/11 0:00,东风日产牌,丰田牌,364596000000000000 ,364557000000000000 ,199008,199012,3,4,5,工作日,非高峰,2015-05-01,2015年5月1日,阵雨 /多云,25℃ / 14℃,东南风 ≤3级 /东北风 ≤3级,阵雨,多云,25,14,东南风,≤3级,东北风,≤3级,night
2015-02-14 15:30:00,沙冲中路,7、未按规定让行的 ,负全部责任,不负责任,1,贵AHK792,白色,1,贵A4AH14,白色,自培,520118,2012/2/13 0:00,2011/2/17 0:00,比亚迪牌,雪佛兰牌,366361000000000000 ,364548000000000000 ,198307,198211,15,5,2,工作日,非高峰,2015-02-14,2015年2月14日,阵雨 /雷阵雨,16℃ / 10℃,南风 ≤3级 /南风 ≤3级,阵雨,雷阵雨,16,10,南风,≤3级,南风,≤3级,day
2015-04-12 11:05:00,长岭北路,8、依法应负全责的其他情形,负全部责任,不负责任,1,贵A7786,黑,1,贵BL8785,红,消防驾校,自培,2011/8/18 0:00,2007/10/11 0:00,比亚迪牌,夏利牌,364558000000000000 ,366361000000000000 ,198502,198001,11,6,4,周末,非高峰,2015-04-12,2015年4月12日,晴 /多云,21℃ / 7℃,东风 ≤3级 /东风 ≤3级,晴,多云,21,7,东风,≤3级,东风,≤3级,day
2015-03-06 17:10:00,金苏大道,8、依法应负全责的其他情形,负全部责任,不负责任,1,贵BN4272,银,1,贵AA744A,银,消防驾校,M006,2012/6/25 0:00,2011/6/29 0:00,起亚牌,大众汽车牌,364558000000000000 ,364558000000000000 ,197212,196910,17,4,3,工作日,晚高峰(17-19点),2015-03-06,2015年3月6日,小雨 /小雨,5℃ / 3℃,东北风 ≤3级 /东北风 ≤3级,小雨,小雨,5,3,东北风,≤3级,东北风,≤3级,day
2015-05-29 22:50:00,阳关立交桥,7、未按规定让行的 ,负全部责任,不负责任,1,贵A9337W,白,1,贵AC416M,红,消防驾校,路路达驾校,2013/5/7 0:00,2014/11/4 0:00,广汽菲亚特牌,红旗牌,364557000000000000 ,364558000000000000 ,199501,199508,22,4,5,工作日,非高峰,2015-05-29,2015年5月29日,阵雨 /阵雨,24℃ / 17℃,东南风 ≤3级 /东北风 ≤3级,阵雨,阵雨,24,17,东南风,≤3级,东北风,≤3级,night
2015-04-22 12:50:00,粑粑街,1、追尾的,负全部责任,不负责任,1,贵A61783,银,0,贵ANL333,黑,消防驾校,自培,2013/10/29 0:00,2011/10/27 0:00,爱俊达,朗逸牌,364566000000000000 ,364548000000000000 ,199007,197301,12,2,4,工作日,非高峰,2015-04-22,2015年4月22日,小雨 /小雨,15℃ / 10℃,东北风 ≤3级 /东北风 ≤3级,小雨,小雨,15,10,东北风,≤3级,东北风,≤3级,day
2015-04-11 13:00:00,大营坡,7、未按规定让行的 ,负全部责任,不负责任,0,贵A94M23,银,1,贵A1BA21,银,（乌当区）新天驾驶培训有限公司,自培,2004/12/14 0:00,2008/5/26 0:00,福克斯牌,大众牌,364547000000000000 ,36454751934758005X,197411,198503,13,5,4,工作日,非高峰,2015-04-11,2015年4月11日,多云 /多云,15℃ / 9℃,东北风 ≤3级 /东风 ≤3级,多云,多云,15,9,东北风,≤3级,东风,≤3级,day
2015-04-16 10:40:00,白云区,1、追尾的,负全部责任,不负责任,1,贵A8874Y,白,1,贵AHQ884,白,消防驾校,自培,2012/10/8 0:00,2002/4/22 0:00,雪佛兰牌,江淮牌,364568000000000000 ,366068000000000000 ,199009,196411,10,3,4,工作日,非高峰,2015-04-16,2015年4月16日,多云 /多云,29℃ / 17℃,南风 ≤3级 /南风 ≤3级,多云,多云,29,17,南风,≤3级,南风,≤3级,day
2015-05-01 13:00:00,红星美凯龙,7、未按规定让行的 ,负全部责任,不负责任,1,贵A81M13,白色,1,贵A82M26,白色,消防驾校,遵义市恒达驾校,2014/7/17 0:00,-1,斯柯达牌,宝马牌,366675000000000000 ,366546000000000000 ,198401,198903,13,4,5,工作日,非高峰,2015-05-01,2015年5月1日,阵雨 /多云,25℃ / 14℃,东南风 ≤3级 /东北风 ≤3级,阵雨,多云,25,14,东南风,≤3级,东北风,≤3级,day
2015-03-08 15:00:00,铝建路,7、未按规定让行的 ,负全部责任,不负责任,1,贵A4611W,红,1,贵FX8500,白,（乌当区）新天驾驶培训有限公司,-1,2004/12/14 0:00,-1,夏利牌,福克斯牌,366361000000000000 ,366061000000000000 ,195205,197801,15,6,3,周末,非高峰,2015-03-08,2015年3月8日,小雨 /阴,11℃ / 6℃,东北风 ≤3级 /东北风 ≤3级,小雨,阴,11,6,东北风,≤3级,东北风,≤3级,day
2015-04-17 09:00:00,金阳,7、未按规定让行的 ,负全部责任,不负责任,1,贵J02081,蓝,1,贵A2237Y,蓝,（乌当区）新天驾驶培训有限公司,消防驾校,2008/1/11 0:00,2012/2/7 0:00,明锐牌,雪佛兰牌,364557000000000000 ,366766000000000000 ,197701,198211,9,4,4,工作日,早高峰(7-9点),2015-04-17,2015年4月17日,多云 /多云,28℃ / 19℃,南风 ≤3级 /南风 ≤3级,多云,多云,28,19,南风,≤3级,南风,≤3级,day
2015-05-26 16:00:00,西二环,1、追尾的,负全部责任,不负责任,1,贵AQY569,白色,1,贵A7561Y,白色,十一驾驶培训有限公司,路路达驾校,2007/12/21 0:00,2014/2/19 0:00,-1,科雷傲,366361000000000000 ,366368000000000000 ,197504,196902,16,1,5,工作日,非高峰,2015-05-26,2015年5月26日,阵雨 /雷阵雨,26℃ / 20℃,东南风 ≤3级 /东北风 ≤3级,阵雨,雷阵雨,26,20,东南风,≤3级,东北风,≤3级,day
2015-03-07 21:40:00,小河,7、未按规定让行的 ,负全部责任,不负责任,1,贵AU8126,白色,1,贵ACR914,白色,（乌当区）新天驾驶培训有限公司,市交校,2007/11/15 0:00,2012/1/12 0:00,海陵牌,五菱牌,366566000000000000 ,364566000000000000 ,197609,198610,21,5,3,工作日,非高峰,2015-03-07,2015年3月7日,阴 /小雨,10℃ / 5℃,东风 ≤3级 /东南风 ≤3级,阴,小雨,10,5,东风,≤3级,东南风,≤3级,night
2015-03-10 10:20:00,百花大道,7、未按规定让行的 ,负全部责任,不负责任,1,贵AU8126,蓝,1,贵AB209B,蓝,（乌当区）新天驾驶培训有限公司,-1,2007/11/15 0:00,-1,瑞麒牌,五菱牌,366566000000000000 ,36606351974945275X,197609,198308,10,1,3,工作日,非高峰,2015-03-10,2015年3月10日,小雨 /小雨,8℃ / 4℃,东北风 ≤3级 /东北风 ≤3级,小雨,小雨,8,4,东北风,≤3级,东北风,≤3级,day
2015-04-22 00:00:00,黄金路,1、追尾的,负全部责任,不负责任,1,贵A81Y66,白,1,贵AAP293,黑,（乌当区）新天驾驶培训有限公司,-1,2010/2/5 0:00,-1,雪佛兰牌,海戈牌,366562000000000000 ,736662000000000000 ,197303,197608,0,2,4,工作日,非高峰,2015-04-22,2015年4月22日,小雨 /小雨,15℃ / 10℃,东北风 ≤3级 /东北风 ≤3级,小雨,小雨,15,10,东北风,≤3级,东北风,≤3级,night
2015-03-29 14:50:00,护国路,1、追尾的,负全部责任,不负责任,1,贵A44Y35,白,1, 贵ASL699,银,（乌当区）新天驾驶培训有限公司,-1,2008/10/7 0:00,-1,神行者,-1,366577000000000000 ,364557000000000000 ,198609,196804,14,6,3,周末,非高峰,2015-03-29,2015年3月29日,阴 /多云,18℃ / 15℃,东风 ≤3级 /南风 ≤3级,阴,多云,18,15,东风,≤3级,南风,≤3级,day
2015-02-09 08:30:00,解放路,3、倒车的,负全部责任,不负责任,1,贵A0B286,黑,0,贵HY7646,红,（乌当区）新天驾驶培训有限公司,自培,2005/5/23 0:00,2001/8/28 0:00,宝马,东风标致牌,364547000000000000 ,36454751945454092X,197001,198010,8,0,2,工作日,早高峰(7-9点),2015-02-09,2015年2月9日,阴 /小雨,6℃ / 4℃,东北风 ≤3级 /东北风 ≤3级,阴,小雨,6,4,东北风,≤3级,东北风,≤3级,day
2015-04-16 11:20:00,罗汉营,3、倒车的,负全部责任,不负责任,1,贵AU4063,黄,1,贵A6BJ18,蓝,自培,自培,2008/10/30 0:00,2006/12/12 0:00,嘉陵牌,谛艾仕牌,366067000000000000 ,36455751894340400X,197811,197805,11,3,4,工作日,非高峰,2015-04-16,2015年4月16日,多云 /多云,29℃ / 17℃,南风 ≤3级 /南风 ≤3级,多云,多云,29,17,南风,≤3级,南风,≤3级,day
2015-02-07 20:30:00,白云区,7、未按规定让行的 ,负全部责任,不负责任,1,贵A23178,黄,1,贵A7194R,蓝,铁二局驾校,-1,2008/1/14 0:00,-1,劲隆牌,别克牌,366361000000000000 ,366361000000000000 ,198101,196511,20,5,2,工作日,非高峰,2015-02-07,2015年2月7日,阴 /阴,8℃ / 3℃,东北风 ≤3级 /东北风 ≤3级,阴,阴,8,3,东北风,≤3级,东北风,≤3级,night
2015-02-06 18:10:00,保利,1、追尾的,负全部责任,不负责任,0,贵A0D349,黑,1,贵A64J66,蓝,新天驾校,顺一驾驶培训学校,2010/11/15 0:00,2013/11/20 0:00,-1,马自达牌,366346000000000000 ,366668000000000000 ,198307,198410,18,4,2,工作日,晚高峰(17-19点),2015-02-06,2015年2月6日,多云 /小雨,9℃ / 2℃,南风 ≤3级 /南风 ≤3级,多云,小雨,9,2,南风,≤3级,南风,≤3级,day
2015-05-09 13:00:00,北京西路,4、停车时未挂低速档、未拉驻车制动，导致车辆滑行的,负全部责任,不负责任,1,贵A27M57,白,1,贵FS9989,白,（乌当区）新天驾驶培训有限公司,遵义县南白驾校,2008/1/28 0:00,-1,长安牌,-1,366364000000000000 ,366566000000000000 ,197310,198907,13,5,5,工作日,非高峰,2015-05-09,2015年5月9日,阵雨 /阵雨,23℃ / 16℃,东北风 ≤3级 /东南风 ≤3级,阵雨,阵雨,23,16,东北风,≤3级,东南风,≤3级,day
2015-05-09 13:00:00,和尚坡,4、停车时未挂低速档、未拉驻车制动，导致车辆滑行的,负全部责任,不负责任,1,贵A27M57,白,1,贵FS9989,白,（乌当区）新天驾驶培训有限公司,遵义县南白驾校,2008/1/28 0:00,-1,长安牌,-1,366364000000000000 ,366566000000000000 ,197310,198907,13,5,5,工作日,非高峰,2015-05-09,2015年5月9日,阵雨 /阵雨,23℃ / 16℃,东北风 ≤3级 /东南风 ≤3级,阵雨,阵雨,23,16,东北风,≤3级,东南风,≤3级,day
2015-02-09 22:00:00,三桥,8、依法应负全责的其他情形,负全部责任,不负责任,1,贵A88Z11,黄,1,贵GN9852,银,新天驾校,市交校,2011/10/10 0:00,2014/11/10 0:00,高尔夫牌,福特牌,364557000000000000 ,364547000000000000 ,198401,199403,22,0,2,工作日,非高峰,2015-02-09,2015年2月9日,阴 /小雨,6℃ / 4℃,东北风 ≤3级 /东北风 ≤3级,阴,小雨,6,4,东北风,≤3级,东北风,≤3级,night
2015-04-22 10:00:00,大关,1、追尾的,负全部责任,不负责任,0,贵JBS177,蓝,1,渝F67H81,蓝,新天驾校,-1,2014/4/28 0:00,-1,钱江牌,东风日产牌,36459551914541770X,355666000000000000 ,198901,198101,10,2,4,工作日,非高峰,2015-04-22,2015年4月22日,小雨 /小雨,15℃ / 10℃,东北风 ≤3级 /东北风 ≤3级,小雨,小雨,15,10,东北风,≤3级,东北风,≤3级,day
2015-05-10 10:45:00,西二环,1、追尾的,负全部责任,不负责任,1,贵FZ3151,白色,1,贵ABF352,白色,新天驾校,自培,2011/10/10 0:00,2003/9/9 0:00,-1,天马牌,366067000000000000 ,366064000000000000 ,199004,196910,10,6,5,周末,非高峰,2015-05-10,2015年5月10日,阵雨 /雷阵雨,25℃ / 14℃,南风 ≤3级 /南风 ≤3级,阵雨,雷阵雨,25,14,南风,≤3级,南风,≤3级,day
2015-04-28 05:30:00,金阳,1、追尾的,负全部责任,不负责任,1,贵A217F9,蓝,1,渝B3L493,黑,新天驾校,-1,2013/8/30 0:00,-1,江淮牌,-1,36456551175453245X,354658000000000000 ,199310,198104,5,1,4,工作日,非高峰,2015-04-28,2015年4月28日,多云 /多云,25℃ / 15℃,东北风 ≤3级 /东北风 ≤3级,多云,多云,25,15,东北风,≤3级,东北风,≤3级,night
2015-04-25 20:30:00,兴关路,7、未按规定让行的 ,负全部责任,不负责任,1,陕A644VY,白色,1,贵BY5583,白色,新天驾校,自培,2012/4/1 0:00,2005/5/20 0:00,一汽牌,比亚迪牌,734570000000000000 ,366068000000000000 ,198710,197712,20,5,4,工作日,非高峰,2015-04-25,2015年4月25日,阴 /阵雨,20℃ / 11℃,东风 ≤3级 /东南风 ≤3级,阴,阵雨,20,11,东风,≤3级,东南风,≤3级,night
2015-04-15 17:30:00,富源路,7、未按规定让行的 ,负全部责任,不负责任,1,贵AG138,白色,1,贵AJ4988,白色,新天驾校（乌当区）,全林驾校,2015/3/5 0:00,2014/6/10 0:00,-1,飞度,364547000000000000 ,70626651144974397X,198306,199008,17,2,4,工作日,晚高峰(17-19点),2015-04-15,2015年4月15日,多云 /多云,24℃ / 16℃,东南风 ≤3级 /南风 ≤3级,多云,多云,24,16,东南风,≤3级,南风,≤3级,day
2015-03-06 14:00:00,新天大道,7、未按规定让行的 ,负全部责任,不负责任,1,贵AF5777,白色,1,贵A32224,白色,新天驾校,-1,2012/12/10 0:00,-1,豪爵牌,奥迪,364556000000000000 ,364547000000000000 ,196803,197102,14,4,3,工作日,非高峰,2015-03-06,2015年3月6日,小雨 /小雨,5℃ / 3℃,东北风 ≤3级 /东北风 ≤3级,小雨,小雨,5,3,东北风,≤3级,东北风,≤3级,day
2015-04-27 10:00:00,金朱东路,8、依法应负全责的其他情形,负全部责任,不负责任,1,贵AVM811,黑,1,贵ARV418,蓝,（乌当区）新天驾驶培训有限公司,贵大驾校,2006/6/2 0:00,2014/9/16 0:00,别克牌,北京现代牌,364548000000000000 ,364556000000000000 ,196504,199007,10,0,4,工作日,非高峰,2015-04-27,2015年4月27日,阴 /雷阵雨,21℃ / 14℃,东南风 ≤3级 /东北风 ≤3级,阴,雷阵雨,21,14,东南风,≤3级,东北风,≤3级,day
2015-03-09 21:00:00,贵惠大道,1、追尾的,负全部责任,不负责任,1,贵ACA588,黑色,1,贵A4060G,白色,（乌当区）新天驾驶培训有限公司,吉源驾校,2007/7/27 0:00,2014/10/9 0:00,东风日产牌,奇瑞牌,364548000000000000 ,364567000000000000 ,197008,199407,21,0,3,工作日,非高峰,2015-03-09,2015年3月9日,小雨 /小雨,10℃ / 5℃,东北风 ≤3级 /东北风 ≤3级,小雨,小雨,10,5,东北风,≤3级,东北风,≤3级,night
2015-02-27 09:00:00,富源中路,3、倒车的,负全部责任,不负责任,1,贵JDC521,蓝色,1,贵AVK132,白色,（乌当区）新天驾驶培训有限公司,520119,2008/1/11 0:00,2009/12/16 0:00,马自达牌,大众牌,366363000000000000 ,366046000000000000 ,198008,198307,9,4,2,工作日,早高峰(7-9点),2015-02-27,2015年2月27日,多云 /阵雨,21℃ / 5℃,南风 ≤3级 /南风 ≤3级,多云,阵雨,21,5,南风,≤3级,南风,≤3级,day
2015-05-11 08:27:00,观山东路,1、追尾的,负全部责任,不负责任,0,贵A3AY71,黑,1,贵A34G17,红,（乌当区）新天驾驶培训有限公司,520114,2009/2/18 0:00,2009/5/11 0:00,大众牌,东风日产牌,364548000000000000 ,376661000000000000 ,198009,197410,8,0,5,工作日,早高峰(7-9点),2015-05-11,2015年5月11日,多云 /多云,24℃ / 13℃,东北风 ≤3级 /东北风 ≤3级,多云,多云,24,13,东北风,≤3级,东北风,≤3级,day
2015-03-29 17:00:00,乌当区,8、依法应负全责的其他情形,负全部责任,不负责任,1,贵A4905Y,白色,1,贵ACT706,白色,（乌当区）新天驾驶培训有限公司,长运驾校,2006/7/27 0:00,1991/3/23 0:00,一汽牌,丰田牌,364557000000000000 ,364548000000000000 ,198609,196801,17,6,3,周末,晚高峰(17-19点),2015-03-29,2015年3月29日,阴 /多云,18℃ / 15℃,东风 ≤3级 /南风 ≤3级,阴,多云,18,15,东风,≤3级,南风,≤3级,day
2015-04-24 18:18:00,乌当,3、倒车的,负全部责任,不负责任,1,贵A4AW24,白,1,贵AM1876,红,（乌当区）新天驾驶培训有限公司,-1,2007/12/10 0:00,-1,别克牌,东宏牌,366277000000000000 ,366061000000000000 ,198310,196607,18,4,4,工作日,晚高峰(17-19点),2015-04-24,2015年4月24日,阴 /小雨,16℃ / 11℃,东风 ≤3级 /东风 ≤3级,阴,小雨,16,11,东风,≤3级,东风,≤3级,day
2015-04-18 11:10:00,乌当,2、逆行的,负全部责任,不负责任,1,贵A7K968,银,1,贵AU7932,蓝,新天驾校,十一培,2014/8/5 0:00,1999/1/13 0:00,北京牌,丰田牌,364566000000000000 ,364557000000000000 ,199402,197208,11,5,4,工作日,非高峰,2015-04-18,2015年4月18日,多云 /雷阵雨,29℃ / 16℃,南风 ≤3级 /南风 ≤3级,多云,雷阵雨,29,16,南风,≤3级,南风,≤3级,day
2015-04-10 10:40:00,西二环,7、未按规定让行的 ,负全部责任,不负责任,1,赣KR6522,白色,1,贵ASV528,白色,（乌当区）新天驾驶培训有限公司,（乌当区）新天驾驶培训有限公司,2005/9/13 0:00,2005/9/13 0:00,奥迪牌,朗逸牌,364556000000000000 ,364556000000000000 ,197103,197103,10,4,4,工作日,非高峰,2015-04-10,2015年4月10日,小雨 /小雨,12℃ / 8℃,东北风 ≤3级 /东北风 ≤3级,小雨,小雨,12,8,东北风,≤3级,东北风,≤3级,day
2015-04-22 16:10:00,小河平桥,1、追尾的,负全部责任,不负责任,1,贵A51L17,白色,1,贵A9051B,白色,新天驾校,吉源驾校（南明区）,2011/8/30 0:00,2005/9/14 0:00,大众牌,起亚牌,364551000000000000 ,364551000000000000 ,198707,198608,16,2,4,工作日,非高峰,2015-04-22,2015年4月22日,小雨 /小雨,15℃ / 10℃,东北风 ≤3级 /东北风 ≤3级,小雨,小雨,15,10,东北风,≤3级,东北风,≤3级,day
2015-05-29 14:00:00,小河平桥,7、未按规定让行的 ,负全部责任,不负责任,1,贵AHK743,白色,1,贵A5466M,白色,（乌当区）新天驾驶培训有限公司,自培,2007/9/19 0:00,2006/4/18 0:00,东风日产牌,吉利美日牌,724096000000000000 ,364547000000000000 ,197511,197206,14,4,5,工作日,非高峰,2015-05-29,2015年5月29日,阵雨 /阵雨,24℃ / 17℃,东南风 ≤3级 /东北风 ≤3级,阵雨,阵雨,24,17,东南风,≤3级,东北风,≤3级,day
2015-03-06 10:36:00,涴沙桥,1、追尾的,负全部责任,不负责任,1,贵A337A5,银,1,贵AU64460,绿,新天驾校,诚信驾驶培训学校,2013/9/17 0:00,2013/5/6 0:00,东南牌,-1,36656551174669415X,364548000000000000 ,199302,198711,10,4,3,工作日,非高峰,2015-03-06,2015年3月6日,小雨 /小雨,5℃ / 3℃,东北风 ≤3级 /东北风 ≤3级,小雨,小雨,5,3,东北风,≤3级,东北风,≤3级,day
2015-02-15 13:54:00,机场路,1、追尾的,负全部责任,不负责任,1,贵A2BB73,银,0,贵AS6011,红,新天驾校,520116,2013/5/7 0:00,2009/9/11 0:00,丰田牌,轻骑·铃木牌,36454751104942725X,366046000000000000 ,199408,198209,13,6,2,周末,非高峰,2015-02-15,2015年2月15日,多云 /阴,19℃ / 8℃,南风 ≤3级 /东北风 ≤3级,多云,阴,19,8,南风,≤3级,东北风,≤3级,day
2015-05-22 12:50:00,温泉路,7、未按规定让行的 ,负全部责任,不负责任,1,贵A19G89,黑,1,贵A9105K,红,新天驾校,520109,2013/9/30 0:00,2009/12/15 0:00,雪佛兰牌,中华牌,366768000000000000 ,355467000000000000 ,197612,197709,12,4,5,工作日,非高峰,2015-05-22,2015年5月22日,阵雨 /阵雨,19℃ / 14℃,东风 ≤3级 /东风 ≤3级,阵雨,阵雨,19,14,东风,≤3级,东风,≤3级,day
2015-03-15 16:15:00,花果园,1、追尾的,负全部责任,不负责任,1,贵JAA769,白色,1,贵ATJ993,白色,新天驾校,金大驾校,2012/10/22 0:00,2012/4/26 0:00,夏利牌,蒙迪欧牌,366367000000000000 ,364548000000000000 ,198411,197605,16,6,3,周末,非高峰,2015-03-15,2015年3月15日,阴 /阴,18℃ / 13℃,东风 ≤3级 /南风 ≤3级,阴,阴,18,13,东风,≤3级,南风,≤3级,day
2015-04-15 17:00:00,大凹村,3、倒车的,负全部责任,不负责任,1,贵A4915W,银,1,贵AUA212,黑,（南明区）长运驾驶培训有限公司,-1,2008/1/28 0:00,-1,五菱牌,吉利美日牌,366347000000000000 ,366064000000000000 ,197503,196810,17,2,4,工作日,晚高峰(17-19点),2015-04-15,2015年4月15日,多云 /多云,24℃ / 16℃,东南风 ≤3级 /南风 ≤3级,多云,多云,24,16,东南风,≤3级,南风,≤3级,day
2015-03-20 00:00:00,沙冲路,8、依法应负全责的其他情形,负全部责任,不负责任,1,贵A47E76,黑色,1,贵A91P89,白色,（南明区）长运驾驶培训有限公司,贵工驾校,2009/6/2 0:00,2008/9/11 0:00,大众牌,一汽佳星牌,366368000000000000 ,366068000000000000 ,198409,197502,0,4,3,工作日,非高峰,2015-03-20,2015年3月20日,阴 /阵雨,14℃ / 10℃,东北风 ≤3级 /东北风 ≤3级,阴,阵雨,14,10,东北风,≤3级,东北风,≤3级,night
2015-04-23 12:30:00,开发大道,7、未按规定让行的 ,负全部责任,不负责任,1,贵CAD154,白色,1,贵AKT949,白色,（南明区）长运驾驶培训有限公司,鑫鑫驾校,2007/6/26 0:00,2015/1/26 0:00,纳智捷牌,迈腾牌,75446500000000000 ,366068000000000000 ,198302,199407,12,3,4,工作日,非高峰,2015-04-23,2015年4月23日,阴 /小雨,16℃ / 10℃,东北风 ≤3级 /东北风 ≤3级,阴,小雨,16,10,东北风,≤3级,东北风,≤3级,day
2015-05-29 09:55:00,浣沙桥,1、追尾的,负全部责任,不负责任,1,贵A68N49,蓝,1,贵A4AN22,红,新天驾校,自培,2014/3/5 0:00,2005/11/3 0:00,比亚迪牌,东风标致牌,36456551154956695X,366761000000000000 ,199108,197511,9,4,5,工作日,早高峰(7-9点),2015-05-29,2015年5月29日,阵雨 /阵雨,24℃ / 17℃,东南风 ≤3级 /东北风 ≤3级,阵雨,阵雨,24,17,东南风,≤3级,东北风,≤3级,day
2015-03-23 10:10:00,中天花园,7、未按规定让行的 ,负全部责任,不负责任,1,贵AB620W,银,1,贵AEE812,黑,新天驾校,自培,2015/1/6 0:00,2003/10/28 0:00,夏利,沃尔沃牌,364596000000000000 ,364548000000000000 ,199006,198212,10,0,3,工作日,非高峰,2015-03-23,2015年3月23日,多云 /阴,17℃ / 9℃,东北风 ≤3级 /东北风 ≤3级,多云,阴,17,9,东北风,≤3级,东北风,≤3级,day
2015-02-10 11:30:00,金华镇,8、依法应负全责的其他情形,负全部责任,不负责任,1,贵A9989Z,黑,0,贵A6064F,灰,新天驾校,自培,2015/1/6 0:00,2005/6/1 0:00,福克斯牌,奇瑞牌,774346000000000000 ,366567000000000000 ,199306,197305,11,1,2,工作日,非高峰,2015-02-10,2015年2月10日,小雨 /小雨,6℃ / 3℃,东北风 ≤3级 /东风 ≤3级,小雨,小雨,6,3,东北风,≤3级,东风,≤3级,day
2015-02-24 23:00:00,龙洞堡机场路,1、追尾的,负全部责任,不负责任,1,贵A4341K,白色,1,贵ER3712,白色,长运驾校,-1,2013/8/23 0:00,-1,长安牌,五菱牌,364568000000000000 ,366766000000000000 ,198807,197601,23,1,2,工作日,非高峰,2015-02-24,2015年2月24日,多云 /阴,20℃ / 9℃,南风 ≤3级 /南风 ≤3级,多云,阴,20,9,南风,≤3级,南风,≤3级,night
2015-02-11 10:09:00,大关,7、未按规定让行的 ,负全部责任,不负责任,1,贵AKV841,蓝,1,贵AEH279,银,（南明区）长运驾驶培训有限公司,-1,2005/7/11 0:00,-1,东风雪铁龙牌,北京现代牌,364548000000000000 ,364557000000000000 ,198606,199201,10,2,2,工作日,非高峰,2015-02-11,2015年2月11日,多云 /多云,11℃ / 3℃,东风 ≤3级 /东北风 ≤3级,多云,多云,11,3,东风,≤3级,东北风,≤3级,day
2015-04-23 07:00:00,青云路,7、未按规定让行的 ,负全部责任,不负责任,1,贵A38E69,白色,1,贵A9K823,白色,长运驾校,-1,2012/11/20 0:00,-1,东风日产牌,长安牌,364547000000000000 ,354268000000000000 ,197010,198904,7,3,4,工作日,早高峰(7-9点),2015-04-23,2015年4月23日,阴 /小雨,16℃ / 10℃,东北风 ≤3级 /东北风 ≤3级,阴,小雨,16,10,东北风,≤3级,东北风,≤3级,day
2015-05-25 08:00:00,青山小区,7、未按规定让行的 ,负全部责任,不负责任,1,贵A38E69,白色,1,贵A449F8,白色,长运驾校,-1,2012/11/20 0:00,-1,东风日产牌,五菱牌,364547000000000000 ,366064000000000000 ,197010,197601,8,0,5,工作日,早高峰(7-9点),2015-05-25,2015年5月25日,多云 /阵雨,26℃ / 19℃,东南风 ≤3级 /东南风 ≤3级,多云,阵雨,26,19,东南风,≤3级,东南风,≤3级,day
2015-03-03 16:55:00,大营坡,7、未按规定让行的 ,负全部责任,不负责任,1,贵A48343,红,1,贵AU0849,蓝,（南明区）长运驾驶培训有限公司,-1,2005/11/14 0:00,-1,木兰,万达牌,376570000000000000 ,36604600000000000 ,197412,199101,16,1,3,工作日,非高峰,2015-03-03,2015年3月3日,小雨 /小雨,8℃ / 3℃,东北风 ≤3级 /东北风 ≤3级,小雨,小雨,8,3,东北风,≤3级,东北风,≤3级,day
2015-05-16 15:00:00,世纪城,7、未按规定让行的 ,负全部责任,不负责任,0,粤BB54G2,红,1,贵AA054Y,黑,长运驾校,-1,2014/12/9 0:00,-1,-1,-1,5367520000000000 ,366064000000000000 ,198904,198003,15,5,5,工作日,非高峰,2015-05-16,2015年5月16日,阴 /雷阵雨,23℃ / 17℃,东北风 ≤3级 /东风 ≤3级,阴,雷阵雨,23,17,东北风,≤3级,东风,≤3级,day