accidenttime,accidentaddr,driver1fault,driver1responsibility,driver2responsibility,sex1,platenumber1,carcolor1,sex2,platenumber2,carcolor2,jxmc1,jxmc2,cclzrq1,cclzrq2,clpp1,clpp2,driver1license,driver2license,brith1,brith2,hour,weekday,month,is_weekday,peak_hour,date,日期,天气状况,气温,风力风向,day_wea,night_wea,day_tep,night_tep,day_wind_direction,day_wind_speed,night_wind_direction,night_wind_speed,segment
2015-04-04 21:23:00,云山国际,7、未按规定让行的 ,负全部责任,不负责任,1,贵AMG479,黑,1,贵AF2683,银,长运驾校,-1,2015/2/2 0:00,-1,长安牌,宝马,364547000000000000 ,74545500000000000 ,199307,190811,21,5,4,工作日,非高峰,2015-04-04,2015年4月4日,多云 /多云,29℃ / 18℃,南风 ≤3级 /南风 ≤3级,多云,多云,29,18,南风,≤3级,南风,≤3级,night
2015-05-27 18:00:00,三桥,7、未按规定让行的 ,负全部责任,不负责任,1,贵JEL468,白色,1,贵A515F8,白色,长运驾校（南明区）,-1,2015/4/23 0:00,-1,-1,王牌牌,366662000000000000 ,366862000000000000 ,198308,198511,18,2,5,工作日,晚高峰(17-19点),2015-05-27,2015年5月27日,阴 /阵雨,26℃ / 20℃,南风 ≤3级 /东北风 ≤3级,阴,阵雨,26,20,南风,≤3级,东北风,≤3级,day
2015-05-22 17:00:00,会展城,1、追尾的,负全部责任,不负责任,1,贵A54W76,黑,1,贵A26Z76,红,（南明区）长运驾驶培训有限公司,自培,2008/1/23 0:00,2007/5/31 0:00,大众汽车牌,雷克萨斯,366663000000000000 ,364568000000000000 ,197812,198903,17,4,5,工作日,晚高峰(17-19点),2015-05-22,2015年5月22日,阵雨 /阵雨,19℃ / 14℃,东风 ≤3级 /东风 ≤3级,阵雨,阵雨,19,14,东风,≤3级,东风,≤3级,day
2015-05-14 08:40:00,瑞北路,8、依法应负全责的其他情形,负全部责任,不负责任,0,贵A26434,蓝,1,贵A92P62,黑,长运驾校（南明区）,十一驾驶培训有限公司,2015/4/23 0:00,2011/12/6 0:00,北京牌,别克牌,364548000000000000 ,366347000000000000 ,199003,197409,8,3,5,工作日,早高峰(7-9点),2015-05-14,2015年5月14日,多云 /雷阵雨,27℃ / 20℃,东南风 ≤3级 /南风 ≤3级,多云,雷阵雨,27,20,东南风,≤3级,南风,≤3级,day
2015-04-17 08:30:00,交警一中队,7、未按规定让行的 ,负全部责任,不负责任,1,贵BAD152,黑,1,桂R91958,黑,长运驾校,-1,2014/12/9 0:00,-1,雪佛兰牌,\N,364647000000000000 ,03499551144174675X,198710,199009,8,4,4,工作日,早高峰(7-9点),2015-04-17,2015年4月17日,多云 /多云,28℃ / 19℃,南风 ≤3级 /南风 ≤3级,多云,多云,28,19,南风,≤3级,南风,≤3级,day
2015-05-13 08:00:00,三桥,7、未按规定让行的 ,负全部责任,不负责任,1,贵A9CB08,白,1,贵A35S54,白,自培,-1,2009/6/18 0:00,-1,雪佛兰牌,金旅牌,36455551144254605X,366064000000000000 ,199006,198902,8,2,5,工作日,早高峰(7-9点),2015-05-13,2015年5月13日,多云 /阵雨,26℃ / 19℃,东南风 ≤3级 /东南风 ≤3级,多云,阵雨,26,19,东南风,≤3级,东南风,≤3级,day
2015-03-13 11:00:00,五里冲,7、未按规定让行的 ,负全部责任,不负责任,1,贵A6253H,银,1,贵F23771,银,长运驾校,-1,2012/2/17 0:00,-1,福田牌,海马牌,364557000000000000 ,364648000000000000 ,197212,199002,11,4,3,工作日,非高峰,2015-03-13,2015年3月13日,多云 /阵雨,17℃ / 12℃,南风 ≤3级 /南风 ≤3级,多云,阵雨,17,12,南风,≤3级,南风,≤3级,day
2015-03-10 15:30:00,白云北路,1、追尾的,负全部责任,不负责任,0,贵AU1119,黄,1,贵A22873,白,吉源驾校（南明区）,-1,2010/9/16 0:00,-1,吉利美日牌,陕汽牌,364558000000000000 ,76968500000000000 ,198110,197610,15,1,3,工作日,非高峰,2015-03-10,2015年3月10日,小雨 /小雨,8℃ / 4℃,东北风 ≤3级 /东北风 ≤3级,小雨,小雨,8,4,东北风,≤3级,东北风,≤3级,day
2015-05-25 17:00:00,花溪,7、未按规定让行的 ,负全部责任,不负责任,1,贵ALZ753,白色,1,贵AA164T,白色,（南明区）长运驾驶培训有限公司,-1,2007/7/31 0:00,-1,三菱牌,东南牌,364551000000000000 ,366566000000000000 ,198705,198607,17,0,5,工作日,晚高峰(17-19点),2015-05-25,2015年5月25日,多云 /阵雨,26℃ / 19℃,东南风 ≤3级 /东南风 ≤3级,多云,阵雨,26,19,东南风,≤3级,东南风,≤3级,day
2015-02-28 08:30:00,甲秀南路,8、依法应负全责的其他情形,负全部责任,不负责任,1,贵A035A8,白色,1,贵ANA965,白色,长运驾校,市交校,2012/1/17 0:00,2011/12/14 0:00,五菱牌,晶锐牌,364568000000000000 ,364547000000000000 ,198609,197201,8,5,2,工作日,早高峰(7-9点),2015-02-28,2015年2月28日,小雨 /小雨,8℃ / 4℃,东北风 ≤3级 /东北风 ≤3级,小雨,小雨,8,4,东北风,≤3级,东北风,≤3级,day
2015-04-23 21:15:00,东山,7、未按规定让行的 ,负全部责任,不负责任,1,贵A9315T,银,0,贵AFY055,银,自培,金大驾校,2004/12/23 0:00,2014/12/9 0:00,东南,五菱牌,366664000000000000 ,366566000000000000 ,197805,198301,21,3,4,工作日,非高峰,2015-04-23,2015年4月23日,阴 /小雨,16℃ / 10℃,东北风 ≤3级 /东北风 ≤3级,阴,小雨,16,10,东北风,≤3级,东北风,≤3级,night
2015-05-27 08:30:00,花果园,9、不符合前8款规定或者双方同时具有上述情形的,负同等责任,负同等责任,1,贵BAD152,白,1,贵A22M19,红,长运驾校,自培,2014/12/9 0:00,2007/1/23 0:00,雪佛兰牌,威志牌,364647000000000000 ,366577000000000000 ,198710,198012,8,2,5,工作日,早高峰(7-9点),2015-05-27,2015年5月27日,阴 /阵雨,26℃ / 20℃,南风 ≤3级 /东北风 ≤3级,阴,阵雨,26,20,南风,≤3级,东北风,≤3级,day
2015-02-17 14:20:00,白云区,5、开关车门的,负全部责任,不负责任,1,贵A6674L,黑,1,贵AA073E,黑,长运驾校,时发驾校,2013/7/18 0:00,2012/11/1 0:00,五菱牌,大众牌,366361000000000000 ,364648000000000000 ,199412,195703,14,1,2,工作日,非高峰,2015-02-17,2015年2月17日,阴 /阴,17℃ / 11℃,东南风 ≤3级 /南风 ≤3级,阴,阴,17,11,东南风,≤3级,南风,≤3级,day
2015-05-29 11:00:00,花溪大道,8、依法应负全责的其他情形,负全部责任,不负责任,1,贵AC653A,白色,1,贵AC016E,白色,长运驾校,-1,2014/6/27 0:00,-1,捷达,长安牌,36656551884561523X,366067000000000000 ,197701,197609,11,4,5,工作日,非高峰,2015-05-29,2015年5月29日,阵雨 /阵雨,24℃ / 17℃,东南风 ≤3级 /东北风 ≤3级,阵雨,阵雨,24,17,东南风,≤3级,东北风,≤3级,day
2015-03-21 14:30:00,艺校立交,1、追尾的,负全部责任,不负责任,1,贵A2BC64,白色,1,贵AD0206,白色,长运驾校,预约考试窗口,2014/11/6 0:00,2006/11/30 0:00,丰田牌,宗申牌,36454651924975846X,364551000000000000 ,198608,197911,14,5,3,工作日,非高峰,2015-03-21,2015年3月21日,阴 /阴,16℃ / 11℃,东北风 ≤3级 /东南风 ≤3级,阴,阴,16,11,东北风,≤3级,东南风,≤3级,day
2015-05-16 13:10:00,百花山,3、倒车的,负全部责任,不负责任,1,贵A58P65,黄,1,贵A41M93,蓝,长运驾校,全林驾校,2013/10/9 0:00,2013/9/22 0:00,比亚迪牌,长安牌,36455751984351696X,364596000000000000 ,198705,199205,13,5,5,工作日,非高峰,2015-05-16,2015年5月16日,阴 /雷阵雨,23℃ / 17℃,东北风 ≤3级 /东风 ≤3级,阴,雷阵雨,23,17,东北风,≤3级,东风,≤3级,day
2015-05-06 09:45:00,恒大城,7、未按规定让行的 ,负全部责任,不负责任,1,贵GQ8428,白,1,贵A466J9,红,路路达驾校,遵义县驾校,2012/12/19 0:00,-1,-1,长安牌,364558000000000000 ,366566000000000000 ,198906,197906,9,2,5,工作日,早高峰(7-9点),2015-05-06,2015年5月6日,多云 /多云,25℃ / 16℃,东北风 ≤3级 /南风 ≤3级,多云,多云,25,16,东北风,≤3级,南风,≤3级,day
2015-04-09 07:20:00,金龙国际,1、追尾的,负全部责任,不负责任,1,贵AA307E,黄,1,贵AA4071,白,路路达驾校,-1,2014/8/1 0:00,-1,明锐牌,金轮,366662000000000000 ,364547000000000000 ,198404,198302,7,3,4,工作日,早高峰(7-9点),2015-04-09,2015年4月9日,阴 /小雨,11℃ / 7℃,东北风 ≤3级 /东北风 ≤3级,阴,小雨,11,7,东北风,≤3级,东北风,≤3级,day
2015-03-15 08:30:00,三桥,8、依法应负全责的其他情形,负全部责任,不负责任,1,贵AFC202,银,1,贵A96F34,白,路路达驾校,新华驾校,2014/7/19 0:00,2014/7/13 0:00,五菱牌,名爵牌,366577000000000000 ,364547000000000000 ,199202,197011,8,6,3,周末,早高峰(7-9点),2015-03-15,2015年3月15日,阴 /阴,18℃ / 13℃,东风 ≤3级 /南风 ≤3级,阴,阴,18,13,东风,≤3级,南风,≤3级,day
2015-05-26 17:26:00,曹关山收费站,7、未按规定让行的 ,负全部责任,不负责任,1,贵FN3896,红,1,贵CQB628,黑,路路达驾校,习水,2013/11/13 0:00,-1,-1,-1,366067000000000000 ,366577000000000000 ,197503,197602,17,1,5,工作日,晚高峰(17-19点),2015-05-26,2015年5月26日,阵雨 /雷阵雨,26℃ / 20℃,东南风 ≤3级 /东北风 ≤3级,阵雨,雷阵雨,26,20,东南风,≤3级,东北风,≤3级,day
2015-03-31 15:00:00,富源路口,1、追尾的,负全部责任,不负责任,1,贵HAH218,蓝色,1,贵AU8387,黑色,路路达驾校,520101,2013/11/13 0:00,2010/5/21 0:00,福特牌,跃进牌,366061000000000000 ,366367000000000000 ,198805,197508,15,1,3,工作日,非高峰,2015-03-31,2015年3月31日,多云 /多云,28℃ / 19℃,南风 ≤3级 /南风 ≤3级,多云,多云,28,19,南风,≤3级,南风,≤3级,day
2015-04-26 12:10:00,民生路,7、未按规定让行的 ,负全部责任,不负责任,1,贵A9BH76,黄,1,贵AHW668,白,（南明区）金大驾驶培训有限公司,自培,2008/7/25 0:00,1994/6/1 0:00,北京现代牌,宝马牌,366562000000000000 ,364547000000000000 ,197203,197412,12,6,4,周末,非高峰,2015-04-26,2015年4月26日,阵雨 /阵雨,18℃ / 14℃,东南风 ≤3级 /东北风 ≤3级,阵雨,阵雨,18,14,东南风,≤3级,东北风,≤3级,day
2015-03-13 11:30:00,黄玲路,7、未按规定让行的 ,负全部责任,不负责任,1,贵A14C54,白,1,贵A88E59,银,（南明区）金大驾驶培训有限公司,520101,2005/7/11 0:00,2010/1/18 0:00,雪佛兰牌,比亚迪牌,36636051965448565X,36676551934250337X,198210,198506,11,4,3,工作日,非高峰,2015-03-13,2015年3月13日,多云 /阵雨,17℃ / 12℃,南风 ≤3级 /南风 ≤3级,多云,阵雨,17,12,南风,≤3级,南风,≤3级,day
2015-02-11 19:30:00,花溪大道卫校,7、未按规定让行的 ,负全部责任,负同等责任,1,贵A6B151,黑,0,贵AU6018,绿,（南明区）金大驾驶培训有限公司,（南明区）金大驾驶培训有限公司,2008/7/25 0:00,2005/1/28 0:00,-1,捷达牌,366562000000000000 ,366269000000000000 ,197203,197611,19,2,2,工作日,晚高峰(17-19点),2015-02-11,2015年2月11日,多云 /多云,11℃ / 3℃,东风 ≤3级 /东北风 ≤3级,多云,多云,11,3,东风,≤3级,东北风,≤3级,day
2015-04-14 17:10:00,白云区,3、倒车的,负全部责任,不负责任,1,贵A1152A,白,1,贵A38V65,红,金大驾校,自培,2012/11/23 0:00,2008/7/17 0:00,上海别克,东风标致牌,364557000000000000 ,364596000000000000 ,198609,197612,17,1,4,工作日,晚高峰(17-19点),2015-04-14,2015年4月14日,晴 /多云,22℃ / 9℃,东风 ≤3级 /东风 ≤3级,晴,多云,22,9,东风,≤3级,东风,≤3级,day
2015-02-28 21:00:00,白云大道,3、倒车的,负全部责任,不负责任,1,贵AA4300,白,1,贵ATJ744,蓝,自培,自培,2007/10/24 0:00,2005/11/2 0:00,金杯,大众汽车牌,70496651984845507X,734596000000000000 ,198707,198406,21,5,2,工作日,非高峰,2015-02-28,2015年2月28日,小雨 /小雨,8℃ / 4℃,东北风 ≤3级 /东北风 ≤3级,小雨,小雨,8,4,东北风,≤3级,东北风,≤3级,night
2015-04-06 15:15:00,花溪,1、追尾的,负全部责任,不负责任,1,贵AMV259,白,1,贵A53M98,银,（南明区）金大驾驶培训有限公司,铁二局驾校,2008/9/11 0:00,2013/9/10 0:00,威志牌,雪佛兰牌,364556000000000000 ,366064000000000000 ,198609,198103,15,0,4,工作日,非高峰,2015-04-06,2015年4月6日,阵雨 /阵雨,17℃ / 7℃,东北风 ≤3级 /东北风 ≤3级,阵雨,阵雨,17,7,东北风,≤3级,东北风,≤3级,day
2015-05-11 19:20:00,云环路,7、未按规定让行的 ,负全部责任,不负责任,1,贵FL8790,白,1,冀JXP447,白,（南明区）金大驾驶培训有限公司,-1,2007/11/29 0:00,-1,-1,-1,364558000000000000 ,574162000000000000 ,198408,198205,19,0,5,工作日,晚高峰(17-19点),2015-05-11,2015年5月11日,多云 /多云,24℃ / 13℃,东北风 ≤3级 /东北风 ≤3级,多云,多云,24,13,东北风,≤3级,东北风,≤3级,day
2015-04-27 09:00:00,小河,9、不符合前8款规定或者双方同时具有上述情形的,负同等责任,负同等责任,1,贵A272C5,白色,1,贵AC873G,黑色,自培,-1,2008/3/24 0:00,-1,东风牌,中华牌,366067000000000000 ,355463000000000000 ,197710,197609,9,0,4,工作日,早高峰(7-9点),2015-04-27,2015年4月27日,阴 /雷阵雨,21℃ / 14℃,东南风 ≤3级 /东北风 ≤3级,阴,雷阵雨,21,14,东南风,≤3级,东北风,≤3级,day
2015-04-27 09:40:00,小河,9、不符合前8款规定或者双方同时具有上述情形的,负同等责任,负同等责任,1,贵A272C5,白色,1,贵AC8732,黑色,自培,预约考试窗口,2008/3/24 0:00,2007/2/1 0:00,东风牌,帝豪牌,366067000000000000 ,355463000000000000 ,197710,197609,9,0,4,工作日,早高峰(7-9点),2015-04-27,2015年4月27日,阴 /雷阵雨,21℃ / 14℃,东南风 ≤3级 /东北风 ≤3级,阴,雷阵雨,21,14,东南风,≤3级,东北风,≤3级,day
2015-03-27 12:45:00,小河,1、追尾的,负全部责任,不负责任,1,贵GT6185,白色,1,贵ARL296,白色,（南明区）金大驾驶培训有限公司,自培,2006/5/11 0:00,2002/7/2 0:00,五菱牌,丰田牌,366562000000000000 ,74755500000000000 ,197502,197011,12,4,3,工作日,非高峰,2015-03-27,2015年3月27日,阵雨 /阵雨,18℃ / 13℃,南风 ≤3级 /南风 ≤3级,阵雨,阵雨,18,13,南风,≤3级,南风,≤3级,day
2015-03-20 17:00:00,大西门,7、未按规定让行的 ,负全部责任,不负责任,1,贵AJ2759,银,1,贵AU0145,蓝,（南明区）金大驾驶培训有限公司,520125,2006/6/8 0:00,2008/9/22 0:00,东力牌,嘉陵牌,364557000000000000 ,364557000000000000 ,197510,198702,17,4,3,工作日,晚高峰(17-19点),2015-03-20,2015年3月20日,阴 /阵雨,14℃ / 10℃,东北风 ≤3级 /东北风 ≤3级,阴,阵雨,14,10,东北风,≤3级,东北风,≤3级,day
2015-03-20 10:50:00,小河三江路,7、未按规定让行的 ,负全部责任,不负责任,1,贵AKZ625,白色,1,贵JCV648,白色,（南明区）金大驾驶培训有限公司,十一驾驶培训有限公司,2008/4/8 0:00,2013/5/6 0:00,五菱牌,大众汽车牌,366068000000000000 ,366347000000000000 ,198902,198410,10,4,3,工作日,非高峰,2015-03-20,2015年3月20日,阴 /阵雨,14℃ / 10℃,东北风 ≤3级 /东北风 ≤3级,阴,阵雨,14,10,东北风,≤3级,东北风,≤3级,day
2015-05-27 08:00:00,环城北路,1、追尾的,负全部责任,不负责任,1,贵AU3979,银,1,贵AC5642,黄,（南明区）金大驾驶培训有限公司,市交校,2008/4/11 0:00,2012/2/23 0:00,捷达牌,锦宏牌,364568000000000000 ,36454751264654527X,198606,196202,8,2,5,工作日,早高峰(7-9点),2015-05-27,2015年5月27日,阴 /阵雨,26℃ / 20℃,南风 ≤3级 /东北风 ≤3级,阴,阵雨,26,20,南风,≤3级,东北风,≤3级,day
2015-04-15 11:00:00,解放路,3、倒车的,负全部责任,不负责任,1,贵AD783,银,1,贵AW2022,黑,消防驾校,520115,2012/5/26 0:00,2011/2/9 0:00,-1,丰田牌,354663000000000000 ,364557000000000000 ,196808,199007,11,2,4,工作日,非高峰,2015-04-15,2015年4月15日,多云 /多云,24℃ / 16℃,东南风 ≤3级 /南风 ≤3级,多云,多云,24,16,东南风,≤3级,南风,≤3级,day
2015-05-29 23:00:00,机场路,1、追尾的,负全部责任,不负责任,1,贵HP1693,白色,1,贵A23Z83,白色,金大驾校,-1,2014/1/14 0:00,-1,-1,雪佛兰牌,366068000000000000 ,364547000000000000 ,198008,195605,23,4,5,工作日,非高峰,2015-05-29,2015年5月29日,阵雨 /阵雨,24℃ / 17℃,东南风 ≤3级 /东北风 ≤3级,阵雨,阵雨,24,17,东南风,≤3级,东北风,≤3级,night
2015-04-13 11:25:00,龙滩坝路,1、追尾的,负全部责任,不负责任,1,贵A73V37,黑,1,贵A44B55,黑,（南明区）金大驾驶培训有限公司,-1,2006/5/11 0:00,-1,大众牌,东风日产牌,364548000000000000 ,355368000000000000 ,198208,199112,11,0,4,工作日,非高峰,2015-04-13,2015年4月13日,晴 /多云,23℃ / 8℃,东北风 ≤3级 /东北风 ≤3级,晴,多云,23,8,东北风,≤3级,东北风,≤3级,day
2015-03-25 08:00:00,甘平路,3、倒车的,负全部责任,不负责任,1,贵ANL912,白色,1,贵A3709,灰色,（南明区）金大驾驶培训有限公司,-1,2006/4/18 0:00,-1,解放牌,比亚迪牌,366064000000000000 ,366067000000000000 ,197402,199204,8,2,3,工作日,早高峰(7-9点),2015-03-25,2015年3月25日,阴 /阵雨,14℃ / 9℃,东北风 ≤3级 /东北风 ≤3级,阴,阵雨,14,9,东北风,≤3级,东北风,≤3级,day
2015-04-09 16:10:00,贵惠大道,7、未按规定让行的 ,负全部责任,不负责任,1,贵E43482,白色,1,贵AU0202,白色,（南明区）金大驾驶培训有限公司,全林驾校,2008/1/4 0:00,2007/4/29 0:00,松花江,万达牌,366770000000000000 ,364548000000000000 ,198808,198811,16,3,4,工作日,非高峰,2015-04-09,2015年4月9日,阴 /小雨,11℃ / 7℃,东北风 ≤3级 /东北风 ≤3级,阴,小雨,11,7,东北风,≤3级,东北风,≤3级,day
2015-02-16 11:05:00,世纪城,7、未按规定让行的 ,负全部责任,不负责任,1,贵A92B88,蓝,1,贵B72322,白,（南明区）金大驾驶培训有限公司,-1,2007/7/24 0:00,-1,揽驰,大众牌,364557000000000000 ,364647000000000 ,197203,172000,11,0,2,工作日,非高峰,2015-02-16,2015年2月16日,阴 /阵雨,15℃ / 9℃,东北风 ≤3级 /东南风 ≤3级,阴,阵雨,15,9,东北风,≤3级,东南风,≤3级,day
2015-05-08 22:00:00,中山东路,7、未按规定让行的 ,负全部责任,不负责任,1,贵AU5161,黄,1,贵A47S95,黄,自培,蓝天驾校,2008/5/29 0:00,2006/1/5 0:00,陆胜牌,哈飞牌,364566000000000000 ,366347000000000000 ,198609,197612,22,4,5,工作日,非高峰,2015-05-08,2015年5月8日,阵雨 /多云,25℃ / 15℃,东南风 ≤3级 /东北风 ≤3级,阵雨,多云,25,15,东南风,≤3级,东北风,≤3级,night
2015-04-16 20:20:00,太慈桥,7、未按规定让行的 ,负全部责任,不负责任,1,贵A2805A,白色,1,贵AU6454,白色,（南明区）金大驾驶培训有限公司,自培,2005/9/23 0:00,2011/4/26 0:00,北京现代牌,飞肯牌,366577000000000000 ,364557000000000000 ,198204,198701,20,3,4,工作日,非高峰,2015-04-16,2015年4月16日,多云 /多云,29℃ / 17℃,南风 ≤3级 /南风 ≤3级,多云,多云,29,17,南风,≤3级,南风,≤3级,night
2015-04-10 12:00:00,小河,7、未按规定让行的 ,负全部责任,不负责任,1,贵A73K38,白色,1,贵A15P23,白色,金大驾校,自培,2014/6/26 0:00,2004/1/9 0:00,斯柯达牌,上海别克,364547000000000000 ,364567000000000000 ,196511,198510,12,4,4,工作日,非高峰,2015-04-10,2015年4月10日,小雨 /小雨,12℃ / 8℃,东北风 ≤3级 /东北风 ≤3级,小雨,小雨,12,8,东北风,≤3级,东北风,≤3级,day
2015-04-28 21:00:00,花溪大道,1、追尾的,负全部责任,不负责任,1,贵A69Z38,白色,1,贵HCP377,白色,金大驾校,-1,2015/1/26 0:00,-1,奥迪,梅赛德斯-奔驰牌,364547000000000000 ,366268000000000000 ,198910,199504,21,1,4,工作日,非高峰,2015-04-28,2015年4月28日,多云 /多云,25℃ / 15℃,东北风 ≤3级 /东北风 ≤3级,多云,多云,25,15,东北风,≤3级,东北风,≤3级,night
2015-03-10 19:02:00,花果园,3、倒车的,负全部责任,不负责任,1,贵A84J84,白,1,贵A2E155,黑,贵阳学院汽车驾驶培训,诚信驾驶培训学校,2011/7/25 0:00,2014/12/9 0:00,宝马牌,梅赛德斯-奔驰,364547000000000000 ,364547000000000000 ,199208,198903,19,1,3,工作日,晚高峰(17-19点),2015-03-10,2015年3月10日,小雨 /小雨,8℃ / 4℃,东北风 ≤3级 /东北风 ≤3级,小雨,小雨,8,4,东北风,≤3级,东北风,≤3级,day
2015-04-26 15:30:00,喷水池,8、依法应负全责的其他情形,负全部责任,不负责任,1,贵JDN531,银,1,贵A53F19,银,贵阳学院汽车驾驶培训,贵阳金马驾驶培训有限公司,2013/6/8 0:00,2011/11/22 0:00,雪佛兰牌,东风雪铁龙牌,364566000000000000 ,364558000000000000 ,198612,198009,15,6,4,周末,非高峰,2015-04-26,2015年4月26日,阵雨 /阵雨,18℃ / 14℃,东南风 ≤3级 /东北风 ≤3级,阵雨,阵雨,18,14,东南风,≤3级,东北风,≤3级,day
2015-02-12 08:45:00,中曹司大桥,1、追尾的,负全部责任,不负责任,1,贵AHE465,白色,1,贵HY8462,黑色,（南明区）阳光驾驶培训有限公司,蓝天驾校,2006/9/29 0:00,2002/10/28 0:00,波罗牌,福特牌,364548000000000000 ,366347000000000000 ,198009,196910,8,3,2,工作日,早高峰(7-9点),2015-02-12,2015年2月12日,多云 /多云,15℃ / 5℃,南风 ≤3级 /南风 ≤3级,多云,多云,15,5,南风,≤3级,南风,≤3级,day
2015-04-23 18:00:00,五里冲,7、未按规定让行的 ,负全部责任,不负责任,1,贵AKZ737,白色,1,贵A6760T,白色,（南明区）阳光驾驶培训有限公司,黔西县宏远黔职驾校有限公司,2006/4/29 0:00,2012/11/6 0:00,东风雪铁龙牌,比亚迪牌,366347000000000000 ,366067000000000000 ,198204,199202,18,3,4,工作日,晚高峰(17-19点),2015-04-23,2015年4月23日,阴 /小雨,16℃ / 10℃,东北风 ≤3级 /东北风 ≤3级,阴,小雨,16,10,东北风,≤3级,东北风,≤3级,day
2015-03-06 08:10:00,白云区,7、未按规定让行的 ,负全部责任,不负责任,1,贵A799E4,银,0,贵AUA539,绿,（南明区）阳光驾驶培训有限公司,自培,2006/9/4 0:00,2013/8/23 0:00,五菱牌,吉利美日牌,356166000000000000 ,366064000000000000 ,197002,197701,8,4,3,工作日,早高峰(7-9点),2015-03-06,2015年3月6日,小雨 /小雨,5℃ / 3℃,东北风 ≤3级 /东北风 ≤3级,小雨,小雨,5,3,东北风,≤3级,东北风,≤3级,day
2015-03-31 14:00:00,小河,1、追尾的,负全部责任,不负责任,1,贵A6255H,白色,1,贵AV7552,白色,（南明区）阳光驾驶培训有限公司,-1,2006/2/20 0:00,-1,长城牌,林海牌,364547000000000000 ,366063000000000000 ,197309,198901,14,1,3,工作日,非高峰,2015-03-31,2015年3月31日,多云 /多云,28℃ / 19℃,南风 ≤3级 /南风 ≤3级,多云,多云,28,19,南风,≤3级,南风,≤3级,day
2015-04-20 11:30:00,东林寺路,7、未按规定让行的 ,负全部责任,不负责任,1,顾AMC409,银,1,贵A91W97,银,（南明区）阳光驾驶培训有限公司,-1,2004/12/3 0:00,-1,黑豹牌,思域牌,366061000000000000 ,36454800000000000 ,196512,198208,11,0,4,工作日,非高峰,2015-04-20,2015年4月20日,阴 /阴,20℃ / 11℃,东北风 ≤3级 /东北风 ≤3级,阴,阴,20,11,东北风,≤3级,东北风,≤3级,day
2015-04-18 14:38:00,蛮破,1、追尾的,负全部责任,不负责任,0,贵A4BF16,白,1,贵A2BV23,白,（南明区）阳光驾驶培训有限公司,-1,2010/3/12 0:00,-1,东风日产牌,金杯牌,36454751935659286X,366068000000000000 ,198512,198806,14,5,4,工作日,非高峰,2015-04-18,2015年4月18日,多云 /雷阵雨,29℃ / 16℃,南风 ≤3级 /南风 ≤3级,多云,雷阵雨,29,16,南风,≤3级,南风,≤3级,day
2015-04-19 05:12:00,长江路,1、追尾的,负全部责任,不负责任,1,贵AM953,白色,1,贵GC6492,白色,（南明区）阳光驾驶培训有限公司,-1,2006/10/30 0:00,-1,-1,五十铃牌,354696000000000000 ,366363000000000000 ,197912,197812,5,6,4,周末,非高峰,2015-04-19,2015年4月19日,阵雨 /阵雨,22℃ / 13℃,东北风 ≤3级 /东北风 ≤3级,阵雨,阵雨,22,13,东北风,≤3级,东北风,≤3级,night
2015-02-05 09:30:00,二戈寨,1、追尾的,负全部责任,不负责任,0,贵A0484H, 黑,1,贵ADE428,红,（南明区）阳光驾驶培训有限公司,-1,2005/2/7 0:00,-1,神行者,凯马牌,354366000000000000 ,54678500000000000 ,197012,197903,9,3,2,工作日,早高峰(7-9点),2015-02-05,2015年2月5日,阴 /阴,3℃ / 0℃,东北风 ≤3级 /东北风 ≤3级,阴,阴,3,0,东北风,≤3级,东北风,≤3级,day
2015-03-28 10:00:00,沙冲路,1、追尾的,负全部责任,不负责任,1,贵HAP755,白色,1,贵AF1388,白色,（南明区）阳光驾驶培训有限公司,自培,2008/9/26 0:00,2003/10/22 0:00,东风牌,圣火神牌,366363000000000000 ,366875000000000000 ,198910,197902,10,5,3,工作日,非高峰,2015-03-28,2015年3月28日,阵雨 /雷阵雨,17℃ / 14℃,南风 ≤3级 /南风 ≤3级,阵雨,雷阵雨,17,14,南风,≤3级,南风,≤3级,day
2015-05-30 17:20:00,长岭南路,7、未按规定让行的 ,负全部责任,不负责任,1,贵AU5629,银,1,贵AA627F,黑,（南明区）阳光驾驶培训有限公司,（经开区）十一驾驶培训有限公司,2007/12/13 0:00,2014/10/11 0:00,力帆牌,吉利美日牌,364566000000000000 ,366063000000000000 ,197210,199007,17,5,5,工作日,晚高峰(17-19点),2015-05-30,2015年5月30日,阵雨 /阵雨,23℃ / 17℃,东北风 ≤3级 /东风 ≤3级,阵雨,阵雨,23,17,东北风,≤3级,东风,≤3级,day
2015-04-01 15:50:00,金阳北路,8、依法应负全责的其他情形,负全部责任,不负责任,1,贵A31R39,黄,1,贵AEP571,银,（南明区）阳光驾驶培训有限公司,-1,2006/12/5 0:00,-1,沃尔沃,森林人,364551000000000000 ,57460500000000000 ,198101,197504,15,2,4,工作日,非高峰,2015-04-01,2015年4月1日,多云 /多云,29℃ / 19℃,南风 ≤3级 /南风 ≤3级,多云,多云,29,19,南风,≤3级,南风,≤3级,day
2015-05-20 10:43:00,金阳客车站,3、倒车的,负全部责任,不负责任,1,贵AU6719,绿,1,贵AU7392,黄,鑫鑫驾校,自培,2006/7/18 0:00,2001/12/4 0:00,捷达牌,宝来牌,366367000000000000 ,366067000000000000 ,198405,197208,10,2,5,工作日,非高峰,2015-05-20,2015年5月20日,阴 /阵雨,23℃ / 17℃,东北风 ≤3级 /东北风 ≤3级,阴,阵雨,23,17,东北风,≤3级,东北风,≤3级,day