accidenttime,accidentaddr,driver1fault,driver1responsibility,driver2responsibility,sex1,platenumber1,carcolor1,sex2,platenumber2,carcolor2,jxmc1,jxmc2,cclzrq1,cclzrq2,clpp1,clpp2,driver1license,driver2license,brith1,brith2,hour,weekday,month,is_weekday,peak_hour,date,日期,天气状况,气温,风力风向,day_wea,night_wea,day_tep,night_tep,day_wind_direction,day_wind_speed,night_wind_direction,night_wind_speed,segment
2015-05-30 18:00:00,阿栗村,3、倒车的,负全部责任,不负责任,1,贵GT5135,白色,1,贵AH6868,白色,阳光驾校,自培,2014/8/26 0:00,2000/1/14 0:00,-1,钱江牌,366066000000000000 ,36454651834274700X,196907,197506,18,5,5,工作日,晚高峰(17-19点),2015-05-30,2015年5月30日,阵雨 /阵雨,23℃ / 17℃,东北风 ≤3级 /东风 ≤3级,阵雨,阵雨,23,17,东北风,≤3级,东风,≤3级,day
2015-04-17 08:17:00,富源南路,1、追尾的,负全部责任,不负责任,1,贵CHX669,白色,1,贵AJR044,白色,阳光驾校,自培,2012/11/8 0:00,2003/5/6 0:00,昌河铃木牌,瑞麒牌,366570000000000000 ,364548000000000000 ,197910,197801,8,4,4,工作日,早高峰(7-9点),2015-04-17,2015年4月17日,多云 /多云,28℃ / 19℃,南风 ≤3级 /南风 ≤3级,多云,多云,28,19,南风,≤3级,南风,≤3级,day
2015-05-16 00:00:00,花溪大道,7、未按规定让行的 ,负全部责任,不负责任,1,贵A82P65,白色,1,贵FV1119,白色,阳光驾校,-1,2012/11/8 0:00,-1,-1,-1,364547000000000000 ,366066000000000000 ,198210,196812,0,5,5,工作日,非高峰,2015-05-16,2015年5月16日,阴 /雷阵雨,23℃ / 17℃,东北风 ≤3级 /东风 ≤3级,阴,雷阵雨,23,17,东北风,≤3级,东风,≤3级,night
2015-05-14 10:30:00,长岭北路,8、依法应负全责的其他情形,负全部责任,不负责任,1,贵AMS236,白,1,贵A2BC87,蓝,人武驾校,长运驾校,2012/3/16 0:00,2013/5/16 0:00,长安牌,东风牌,364558000000000000 ,364547000000000000 ,197412,199301,10,3,5,工作日,非高峰,2015-05-14,2015年5月14日,多云 /雷阵雨,27℃ / 20℃,东南风 ≤3级 /南风 ≤3级,多云,雷阵雨,27,20,东南风,≤3级,南风,≤3级,day
2015-02-06 21:30:00,乌当,7、未按规定让行的 ,负全部责任,不负责任,0,贵A55L56,黄,1,贵A584C6,黑,阳光驾校,铁二局驾校,2014/11/6 0:00,2011/5/3 0:00,豪情牌,王牌牌,364567000000000000 ,364547000000000000 ,199005,198801,21,4,2,工作日,非高峰,2015-02-06,2015年2月6日,多云 /小雨,9℃ / 2℃,南风 ≤3级 /南风 ≤3级,多云,小雨,9,2,南风,≤3级,南风,≤3级,night
2015-05-16 13:25:00,万江路,3、倒车的,负全部责任,不负责任,1,贵AR5142,白,1,贵A5BL03,白,自培,自培,2014/2/17 0:00,2013/9/29 0:00,金杯牌,起亚牌,364557000000000000 ,364557000000000000 ,198705,199005,13,5,5,工作日,非高峰,2015-05-16,2015年5月16日,阴 /雷阵雨,23℃ / 17℃,东北风 ≤3级 /东风 ≤3级,阴,雷阵雨,23,17,东北风,≤3级,东风,≤3级,day
2015-05-29 14:00:00,金阳新世纪,3、倒车的,负全部责任,不负责任,1,贵AES121,红,1,贵ANT247,银,自培,路路达驾校,2014/2/17 0:00,2014/3/4 0:00,锋范牌,东风雪铁龙牌,364557000000000000 ,36666051174851025X,198705,199307,14,4,5,工作日,非高峰,2015-05-29,2015年5月29日,阵雨 /阵雨,24℃ / 17℃,东南风 ≤3级 /东北风 ≤3级,阵雨,阵雨,24,17,东南风,≤3级,东北风,≤3级,day
2015-03-18 13:50:00,湖南路,7、未按规定让行的 ,负全部责任,不负责任,1,贵A9599M,银,1,贵FJ9439,红,人武驾校,黔南州交通驾驶学校,2012/4/24 0:00,-1,长安牌,长安牌,364558000000000000 ,366862000000000000 ,197605,198008,13,2,3,工作日,非高峰,2015-03-18,2015年3月18日,多云 /多云,24℃ / 14℃,南风 ≤3级 /南风 ≤3级,多云,多云,24,14,南风,≤3级,南风,≤3级,day
2015-04-04 08:40:00,富源北路,7、未按规定让行的 ,负全部责任,不负责任,1,贵FS4665,白色,1,贵A1074X,白色,（南明区）阳光驾驶培训有限公司,自培,2008/5/26 0:00,2004/11/29 0:00,五菱牌,海马牌,366068000000000000 ,364547000000000000 ,197807,197404,8,5,4,工作日,早高峰(7-9点),2015-04-04,2015年4月4日,多云 /多云,29℃ / 18℃,南风 ≤3级 /南风 ≤3级,多云,多云,29,18,南风,≤3级,南风,≤3级,day
2015-04-21 17:45:00,观山东路,1、追尾的,负全部责任,不负责任,1,贵AU5448,绿,1,贵AB389X,黑,（观山湖区）蓝天驾驶培训有限公司,贵州天河驾校,2007/5/31 0:00,2012/11/21 0:00,豪爵牌,长城牌,364548000000000000 ,366563000000000000 ,198710,199110,17,1,4,工作日,晚高峰(17-19点),2015-04-21,2015年4月21日,阴 /阵雨,17℃ / 10℃,东北风 ≤3级 /东北风 ≤3级,阴,阵雨,17,10,东北风,≤3级,东北风,≤3级,day
2015-05-10 16:10:00,长岭南路,1、追尾的,负全部责任,不负责任,1,贵A21Z63,黑,0,贵GP7787,黄,（观山湖区）蓝天驾驶培训有限公司,全林驾校,2005/8/12 0:00,2013/11/29 0:00,途锐,-1,366864000000000000 ,364557000000000000 ,196411,199007,16,6,5,周末,非高峰,2015-05-10,2015年5月10日,阵雨 /雷阵雨,25℃ / 14℃,南风 ≤3级 /南风 ≤3级,阵雨,雷阵雨,25,14,南风,≤3级,南风,≤3级,day
2015-03-20 08:30:00,蟠桃宫,7、未按规定让行的 ,负全部责任,不负责任,1,贵A64P44,绿色,1,贵A18F69,白色,（观山湖区）蓝天驾驶培训有限公司,-1,2005/9/27 0:00,-1,大众牌,明锐牌,364648000000000000 ,366063000000000000 ,198703,197512,8,4,3,工作日,早高峰(7-9点),2015-03-20,2015年3月20日,阴 /阵雨,14℃ / 10℃,东北风 ≤3级 /东北风 ≤3级,阴,阵雨,14,10,东北风,≤3级,东北风,≤3级,day
2015-05-30 15:00:00,花溪大道,1、追尾的,负全部责任,不负责任,1,贵CNT228,白色,1,贵A24K85,白色,路顺驾校（息烽县）,市警校驾校,2015/4/23 0:00,2013/10/12 0:00,-1,东风日产牌,364568000000000000 ,364556000000000000 ,198503,197501,15,5,5,工作日,非高峰,2015-05-30,2015年5月30日,阵雨 /阵雨,23℃ / 17℃,东北风 ≤3级 /东风 ≤3级,阵雨,阵雨,23,17,东北风,≤3级,东风,≤3级,day
2015-04-15 10:15:00,乌当,8、依法应负全责的其他情形,负全部责任,不负责任,1,贵A228F5,银,1,贵AS1558,红,人武驾校,-1,2012/8/13 0:00,-1,解放牌,金杯牌,364596000000000000 ,36455800000000000 ,199210,195102,10,2,4,工作日,非高峰,2015-04-15,2015年4月15日,多云 /多云,24℃ / 16℃,东南风 ≤3级 /南风 ≤3级,多云,多云,24,16,东南风,≤3级,南风,≤3级,day
2015-04-27 08:13:00,宝山北路,8、依法应负全责的其他情形,负全部责任,不负责任,0,贵A48S31,白,1,贵ASG363,银,（观山湖区）蓝天驾驶培训有限公司,全林驾校,2004/11/30 0:00,2014/8/28 0:00,大众汽车牌,雪佛兰牌,364557000000000000 ,366662000000000000 ,196908,198408,8,0,4,工作日,早高峰(7-9点),2015-04-27,2015年4月27日,阴 /雷阵雨,21℃ / 14℃,东南风 ≤3级 /东北风 ≤3级,阴,雷阵雨,21,14,东南风,≤3级,东北风,≤3级,day
2015-05-30 14:40:00,文昌北路,8、依法应负全责的其他情形,负全部责任,不负责任,1,贵AFX354,红,1,贵A74J95,蓝,（观山湖区）蓝天驾驶培训有限公司,自培,2007/9/11 0:00,2005/3/14 0:00,福克斯(FOCUS)牌,名爵牌,364548000000000000 ,36768500000000000 ,198905,198312,14,5,5,工作日,非高峰,2015-05-30,2015年5月30日,阵雨 /阵雨,23℃ / 17℃,东北风 ≤3级 /东风 ≤3级,阵雨,阵雨,23,17,东北风,≤3级,东风,≤3级,day
2015-04-18 18:50:00,喷水池,1、追尾的,负全部责任,不负责任,1,贵CRU883,白色,1,贵AU0919,黑色,人武驾校,自培,2013/12/31 0:00,2000/5/29 0:00,飞肯牌,宝来牌,366564000000000000 ,366068000000000000 ,197904,197610,18,5,4,工作日,晚高峰(17-19点),2015-04-18,2015年4月18日,多云 /雷阵雨,29℃ / 16℃,南风 ≤3级 /南风 ≤3级,多云,雷阵雨,29,16,南风,≤3级,南风,≤3级,day
2015-03-26 11:50:00,花果园,3、倒车的,负全部责任,不负责任,1,贵A6BY85,白,1,贵A43H14,银,（观山湖区）蓝天驾驶培训有限公司,-1,2010/12/14 0:00,-1,别克牌,梅赛德斯-奔驰牌,364548000000000000 ,364648000000000000 ,198611,196206,11,3,3,工作日,非高峰,2015-03-26,2015年3月26日,阴 /阵雨,17℃ / 12℃,南风 ≤3级 /南风 ≤3级,阴,阵雨,17,12,南风,≤3级,南风,≤3级,day
2015-02-13 20:00:00,老客车站,7、未按规定让行的 ,负全部责任,不负责任,1,贵GX2443,白色,1,贵A0BB39,白色,蓝天驾校,贵州平安驾驶培训学校,2014/9/3 0:00,2010/7/29 0:00,起亚牌,马自达牌,366367000000000000 ,366068000000000000 ,198110,197811,20,4,2,工作日,非高峰,2015-02-13,2015年2月13日,多云 /阵雨,17℃ / 8℃,南风 ≤3级 /南风 ≤3级,多云,阵雨,17,8,南风,≤3级,南风,≤3级,night
2015-02-09 15:00:00,甘荫塘菊花洞红灯处,1、追尾的,负全部责任,不负责任,1,贵CHW138,黑色,1,贵A58X79,白色,蓝天驾校,自培,2012/3/29 0:00,2004/12/13 0:00,东风标致牌,东南牌,366566000000000000 ,366346000000000000 ,196612,197812,15,0,2,工作日,非高峰,2015-02-09,2015年2月9日,阴 /小雨,6℃ / 4℃,东北风 ≤3级 /东北风 ≤3级,阴,小雨,6,4,东北风,≤3级,东北风,≤3级,day
2015-05-22 07:28:00,轮胎厂,8、依法应负全责的其他情形,负全部责任,不负责任,1,贵A6125B,红,1,贵JBS318,白,自培,自培,2010/7/7 0:00,2011/3/10 0:00,东风牌,-1,366063000000000000 ,364547000000000000 ,197812,198705,7,4,5,工作日,早高峰(7-9点),2015-05-22,2015年5月22日,阵雨 /阵雨,19℃ / 14℃,东风 ≤3级 /东风 ≤3级,阵雨,阵雨,19,14,东风,≤3级,东风,≤3级,day
2015-03-24 08:45:00,枣山路,8、依法应负全责的其他情形,负全部责任,不负责任,1,贵A3BM14,黑,0,贵A91422,黄,蓝天驾校,自培,2012/8/22 0:00,2001/6/22 0:00,翼虎牌,东本牌,354697000000000000 ,355468000000000000 ,198105,197408,8,1,3,工作日,早高峰(7-9点),2015-03-24,2015年3月24日,小雨 /阵雨,13℃ / 7℃,东北风 ≤3级 /东北风 ≤3级,小雨,阵雨,13,7,东北风,≤3级,东北风,≤3级,day
2015-05-23 18:23:00,火炬大道,1、追尾的,负全部责任,不负责任,0,贵A3805L,黑,1,贵A1878K,红,蓝天驾校,文通驾校,2012/9/6 0:00,2012/12/17 0:00,福克斯牌,东风雪铁龙牌,364557000000000000 ,364556000000000000 ,198910,197009,18,5,5,工作日,晚高峰(17-19点),2015-05-23,2015年5月23日,阵雨 /阴,19℃ / 14℃,东北风 ≤3级 /东北风 ≤3级,阵雨,阴,19,14,东北风,≤3级,东北风,≤3级,day
2015-03-11 07:50:00,北京西路,8、依法应负全责的其他情形,负全部责任,不负责任,1,贵GQ8246,白,1,贵A5BJ39,银,蓝天驾校,-1,2014/4/21 0:00,-1,大众汽车牌,长安牌,36656151804261040X,364557000000000000 ,197406,198812,7,2,3,工作日,早高峰(7-9点),2015-03-11,2015年3月11日,阴 /小雨,8℃ / 4℃,东北风 ≤3级 /东北风 ≤3级,阴,小雨,8,4,东北风,≤3级,东北风,≤3级,day
2015-05-03 10:50:00,金阳南路, ,负全部责任,不负责任,1,贵ARG241,白,1,贵AU0852,蓝,蓝天驾校,公交公司驾校,2015/2/4 0:00,2005/8/26 0:00,东风牌,欧豹牌,734596000000000000 ,364557000000000000 ,198709,198305,10,6,5,周末,非高峰,2015-05-03,2015年5月3日,阵雨 /阵雨,25℃ / 15℃,东北风 ≤3级 /东北风 ≤3级,阵雨,阵雨,25,15,东北风,≤3级,东北风,≤3级,day
2015-05-11 08:40:00,金阳北路,1、追尾的,负全部责任,不负责任,0,贵JBT857,白,0,贵A0BZ83,白,蓝天驾校,全林驾校,2014/8/18 0:00,2010/10/25 0:00,-1,三菱牌,364548000000000000 ,364548000000000000 ,196504,198112,8,0,5,工作日,早高峰(7-9点),2015-05-11,2015年5月11日,多云 /多云,24℃ / 13℃,东北风 ≤3级 /东北风 ≤3级,多云,多云,24,13,东北风,≤3级,东北风,≤3级,day
2015-05-06 21:00:00,世纪城,7、未按规定让行的 ,负全部责任,不负责任,1,贵A31V66,黑,1,贵A7699L,黑,（观山湖区）蓝天驾驶培训有限公司,消防驾校,2006/8/7 0:00,2006/6/16 0:00,丰田牌,北京现代牌,366375000000000000 ,366363000000000000 ,198002,198703,21,2,5,工作日,非高峰,2015-05-06,2015年5月6日,多云 /多云,25℃ / 16℃,东北风 ≤3级 /南风 ≤3级,多云,多云,25,16,东北风,≤3级,南风,≤3级,night
2015-03-09 09:00:00,中华南路,7、未按规定让行的 ,负全部责任,不负责任,1,贵A74X27,白色,1,贵AU6156,黑色,（观山湖区）蓝天驾驶培训有限公司,消防驾校,2007/8/24 0:00,2005/2/5 0:00,大众汽车牌,捷达牌,364556000000000000 ,366367000000000000 ,197708,197310,9,0,3,工作日,早高峰(7-9点),2015-03-09,2015年3月9日,小雨 /小雨,10℃ / 5℃,东北风 ≤3级 /东北风 ≤3级,小雨,小雨,10,5,东北风,≤3级,东北风,≤3级,day
2015-04-26 08:30:00,解放南路,1、追尾的,负全部责任,不负责任,1,贵A82N49,白色,1,贵AU3943,白色,（观山湖区）蓝天驾驶培训有限公司,自培,2006/9/7 0:00,2004/12/6 0:00,北京现代牌,捷达牌,366363000000000000 ,366577000000000000 ,196201,196805,8,6,4,周末,早高峰(7-9点),2015-04-26,2015年4月26日,阵雨 /阵雨,18℃ / 14℃,东南风 ≤3级 /东北风 ≤3级,阵雨,阵雨,18,14,东南风,≤3级,东北风,≤3级,day
2015-04-03 12:03:00,金华园,7、未按规定让行的 ,负全部责任,不负责任,1,贵A6AJ74,黑,1,贵AH5063,银,（观山湖区）蓝天驾驶培训有限公司,自培,2006/7/5 0:00,2004/6/30 0:00,丰田牌,菲亚特,366068000000000000 ,364547000000000000 ,198712,197007,12,4,4,工作日,非高峰,2015-04-03,2015年4月3日,多云 /多云,30℃ / 19℃,南风 ≤3级 /南风 ≤3级,多云,多云,30,19,南风,≤3级,南风,≤3级,day
2015-04-04 11:00:00,浣纱桥,1、追尾的,负全部责任,不负责任,1,贵AA8740,白色,1,贵ARN643,黑色,（观山湖区）蓝天驾驶培训有限公司,520114,2006/11/22 0:00,2008/11/28 0:00,东风日产牌,捷达牌,364547000000000000 ,366661000000000000 ,198609,197910,11,5,4,工作日,非高峰,2015-04-04,2015年4月4日,多云 /多云,29℃ / 18℃,南风 ≤3级 /南风 ≤3级,多云,多云,29,18,南风,≤3级,南风,≤3级,day
2015-02-08 09:30:00,三桥,7、未按规定让行的 ,负全部责任,不负责任,1,贵A11H82,白,1,贵GM4284,白,蓝天驾校,-1,2014/10/13 0:00,-1,丰田牌,奥路卡牌,366364000000000000 ,366066000000000000 ,197104,561905,9,6,2,周末,早高峰(7-9点),2015-02-08,2015年2月8日,阴 /阴,7℃ / 3℃,东北风 ≤3级 /南风 ≤3级,阴,阴,7,3,东北风,≤3级,南风,≤3级,day
2015-04-22 16:00:00,甲秀南路,1、追尾的,负全部责任,不负责任,1,贵AU9591,绿,1,贵AGB623,银,（观山湖区）蓝天驾驶培训有限公司,520103,2005/9/16 0:00,2009/4/10 0:00,瑞麒牌,比亚迪牌,366670000000000000 ,356661000000000000 ,198108,196203,16,2,4,工作日,非高峰,2015-04-22,2015年4月22日,小雨 /小雨,15℃ / 10℃,东北风 ≤3级 /东北风 ≤3级,小雨,小雨,15,10,东北风,≤3级,东北风,≤3级,day
2015-04-24 18:50:00,二铺,7、未按规定让行的 ,负全部责任,不负责任,1,贵CC5355,白,1,粤KYF322,白,蓝天驾校,蓝天驾校,2012/3/5 0:00,2009/1/21 0:00,丰田(TOYOTA)牌,宝马牌,366567000000000000 ,366061000000000000 ,199004,198903,18,4,4,工作日,晚高峰(17-19点),2015-04-24,2015年4月24日,阴 /小雨,16℃ / 11℃,东风 ≤3级 /东风 ≤3级,阴,小雨,16,11,东风,≤3级,东风,≤3级,day
2015-05-07 16:05:00,金苏大道,9、不符合前8款规定或者双方同时具有上述情形的,负同等责任,不负责任,1,贵AB817H,红,1,贵A95815,黄,蓝天驾校,蓝天驾校,2011/7/28 0:00,1987/6/21 0:00,雪佛兰牌,庆铃,366063000000000000 ,364548000000000000 ,199004,197012,16,3,5,工作日,非高峰,2015-05-07,2015年5月7日,阵雨 /雷阵雨,23℃ / 17℃,东南风 ≤3级 /东南风 ≤3级,阵雨,雷阵雨,23,17,东南风,≤3级,东南风,≤3级,day
2015-05-13 13:00:00,金园路,7、未按规定让行的 ,负全部责任,不负责任,1,贵AB817H,黑,1,贵AB537Y,黄,蓝天驾校,十一驾驶培训有限公司,2011/7/28 0:00,2012/2/29 0:00,雪佛兰牌,东风标致牌,366063000000000000 ,364596000000000000 ,199004,199112,13,2,5,工作日,非高峰,2015-05-13,2015年5月13日,多云 /阵雨,26℃ / 19℃,东南风 ≤3级 /东南风 ≤3级,多云,阵雨,26,19,东南风,≤3级,东南风,≤3级,day
2015-05-13 13:00:00,金园路,8、依法应负全责的其他情形,负全部责任,不负责任,1,贵AB8170,黑,1,贵AB537Y,黄,蓝天驾校,-1,2011/7/28 0:00,-1,力帆牌,东风标致牌,366063000000000000 ,36459600000000000 ,199004,191121,13,2,5,工作日,非高峰,2015-05-13,2015年5月13日,多云 /阵雨,26℃ / 19℃,东南风 ≤3级 /东南风 ≤3级,多云,阵雨,26,19,东南风,≤3级,东南风,≤3级,day
2015-03-26 15:10:00,望城坡,1、追尾的,负全部责任,不负责任,1,贵AU3154,白色,1,临贵A3J922,黑色,（观山湖区）蓝天驾驶培训有限公司,自培,2008/11/24 0:00,2004/7/13 0:00,瑞麒牌,-1,364547000000000000 ,364547000000000000 ,199004,197206,15,3,3,工作日,非高峰,2015-03-26,2015年3月26日,阴 /阵雨,17℃ / 12℃,南风 ≤3级 /南风 ≤3级,阴,阵雨,17,12,南风,≤3级,南风,≤3级,day
2015-03-20 17:40:00,中曹司,1、追尾的,负全部责任,不负责任,1,贵JE1397,灰色,1,贵AU9921,白色,（观山湖区）蓝天驾驶培训有限公司,自培,2011/3/15 0:00,2005/1/26 0:00,东风标致牌,建设牌,36686051974248445X,356168000000000000 ,198306,196907,17,4,3,工作日,晚高峰(17-19点),2015-03-20,2015年3月20日,阴 /阵雨,14℃ / 10℃,东北风 ≤3级 /东北风 ≤3级,阴,阵雨,14,10,东北风,≤3级,东北风,≤3级,day
2015-05-03 09:30:00,乌当,7、未按规定让行的 ,负全部责任,不负责任,1,贵A641A6,白,1,贵AJC167,白,蓝天驾校,自培,2012/10/11 0:00,2003/5/6 0:00,五菱牌,-1,36456551104246305X,364557000000000000 ,199406,197312,9,6,5,周末,早高峰(7-9点),2015-05-03,2015年5月3日,阵雨 /阵雨,25℃ / 15℃,东北风 ≤3级 /东北风 ≤3级,阵雨,阵雨,25,15,东北风,≤3级,东北风,≤3级,day
2015-02-03 17:00:00,相宝山,7、未按规定让行的 ,负同等责任,负同等责任,1,贵A84G92,黑,1,贵A26L15,蓝,（经开区）金安驾驶培训有限公司,消防驾校,2007/12/24 0:00,2010/12/24 0:00,雪佛兰牌,福克斯牌,366363000000000000 ,364558000000000000 ,198108,199107,17,1,2,工作日,晚高峰(17-19点),2015-02-03,2015年2月3日,小雨 /小雨,6℃ / 1℃,东北风 ≤3级 /东北风 ≤3级,小雨,小雨,6,1,东北风,≤3级,东北风,≤3级,day
2015-05-21 16:00:00,百花大道,8、依法应负全责的其他情形,负全部责任,不负责任,0,贵AMG338,红,1,贵FV5941,白,蓝天驾校,-1,2014/12/22 0:00,-1,跃进牌,-1,54947500000000000 ,366068000000000000 ,199110,199301,16,3,5,工作日,非高峰,2015-05-21,2015年5月21日,阴 /阵雨,24℃ / 16℃,东风 ≤3级 /东风 ≤3级,阴,阵雨,24,16,东风,≤3级,东风,≤3级,day
2015-04-25 17:30:00,转弯塘,7、未按规定让行的 ,负全部责任,不负责任,1,贵BA5643,银,0,贵A24951,白,市警校驾校,铁二局驾校,2012/7/4 0:00,2013/11/12 0:00,荣威牌,长安,36464551855662445X,366864000000000000 ,197112,199410,17,5,4,工作日,晚高峰(17-19点),2015-04-25,2015年4月25日,阴 /阵雨,20℃ / 11℃,东风 ≤3级 /东南风 ≤3级,阴,阵雨,20,11,东风,≤3级,东南风,≤3级,day
2015-04-23 14:00:00,黔林山隧道,1、追尾的,负全部责任,不负责任,1,贵AA3661,银,1,贵ARR491,银,（经开区）金安驾驶培训有限公司,（乌当区）全林驾驶培训有限公司,2006/12/21 0:00,2002/11/26 0:00,一汽佳星牌,长安牌,364557000000000000 ,364558000000000000 ,198808,197611,14,3,4,工作日,非高峰,2015-04-23,2015年4月23日,阴 /小雨,16℃ / 10℃,东北风 ≤3级 /东北风 ≤3级,阴,小雨,16,10,东北风,≤3级,东北风,≤3级,day
2015-03-02 21:09:00,蛮破,1、追尾的,负全部责任,不负责任,1,贵AVF627,白,1,贵A5A253,黑,市警校驾校,预约考试窗口,2011/7/6 0:00,2006/11/30 0:00,起亚牌,长安牌,366066000000000000 ,364547000000000000 ,195910,198603,21,0,3,工作日,非高峰,2015-03-02,2015年3月2日,阴 /小雨,9℃ / 2℃,东北风 ≤3级 /东北风 ≤3级,阴,小雨,9,2,东北风,≤3级,东北风,≤3级,night
2015-04-19 13:30:00,尖山路,1、追尾的,负全部责任,不负责任,1,贵A10153,黑,1,贵ALE741,黑,（云岩区）时发驾驶培训有限公司,消防驾校,2008/10/21 0:00,2011/11/2 0:00,力帆牌,解放牌,364558000000000000 ,366666000000000000 ,197012,198409,13,6,4,周末,非高峰,2015-04-19,2015年4月19日,阵雨 /阵雨,22℃ / 13℃,东北风 ≤3级 /东北风 ≤3级,阵雨,阵雨,22,13,东北风,≤3级,东北风,≤3级,day
2015-05-16 17:00:00,小河珠江路,7、未按规定让行的 ,负全部责任,不负责任,1,贵AGY908,白色,1,贵A4BV04,白色,（云岩区）时发驾驶培训有限公司,520130,2008/12/5 0:00,2008/12/5 0:00,别克牌,东南牌,355447000000000000 ,364548000000000000 ,198210,198612,17,5,5,工作日,晚高峰(17-19点),2015-05-16,2015年5月16日,阴 /雷阵雨,23℃ / 17℃,东北风 ≤3级 /东风 ≤3级,阴,雷阵雨,23,17,东北风,≤3级,东风,≤3级,day
2015-05-09 00:00:00,黄金路,3、倒车的,负全部责任,不负责任,1,贵AFC705,白色,1,贵AER326,白色,市警校驾校,自培,2014/11/12 0:00,2002/8/19 0:00,长安牌,科雷傲,355468000000000000 ,776266000000000000 ,199010,197111,0,5,5,工作日,非高峰,2015-05-09,2015年5月9日,阵雨 /阵雨,23℃ / 16℃,东北风 ≤3级 /东南风 ≤3级,阵雨,阵雨,23,16,东北风,≤3级,东南风,≤3级,night
2015-03-19 16:00:00,观山西路,7、未按规定让行的 ,负全部责任,不负责任,1,贵A2916B,红,1,贵A5949J,银,（云岩区）时发驾驶培训有限公司,贵州省长安驾驶培训学校,2011/4/25 0:00,2011/8/15 0:00,雪佛兰牌,长安牌,366566000000000000 ,36666251914257325X,197811,198906,16,3,3,工作日,非高峰,2015-03-19,2015年3月19日,多云 /阵雨,26℃ / 12℃,南风 ≤3级 /东北风 ≤3级,多云,阵雨,26,12,南风,≤3级,东北风,≤3级,day
2015-02-13 16:00:00,黔林山路,9、不符合前8款规定或者双方同时具有上述情形的,负全部责任,不负责任,1,贵A7224R,红,1,贵A73G25,黑,时发驾校,鑫鑫驾校,2012/10/23 0:00,2012/6/29 0:00,别克牌,英伦牌,364548000000000000 ,366276000000000000 ,198912,197510,16,4,2,工作日,非高峰,2015-02-13,2015年2月13日,多云 /阵雨,17℃ / 8℃,南风 ≤3级 /南风 ≤3级,多云,阵雨,17,8,南风,≤3级,南风,≤3级,day
2015-05-01 13:00:00,新世界,1、追尾的,负全部责任,不负责任,0,贵A9LE02,黑,1,贵CJY265,白,自培,十一驾驶培训有限公司,2012/11/5 0:00,2015/2/27 0:00,-1,-1,574196000000000000 ,357266000000000000 ,197909,198309,13,4,5,工作日,非高峰,2015-05-01,2015年5月1日,阵雨 /多云,25℃ / 14℃,东南风 ≤3级 /东北风 ≤3级,阵雨,多云,25,14,东南风,≤3级,东北风,≤3级,day
2015-04-06 16:00:00,贵惠路,7、未按规定让行的 ,负全部责任,不负责任,1,贵A85G24,白色,1,贵F75898,白色,时发驾校,-1,2013/11/19 0:00,-1,广汽菲亚特牌,五菱,364548000000000000 ,366068000000000000 ,195511,196803,16,0,4,工作日,非高峰,2015-04-06,2015年4月6日,阵雨 /阵雨,17℃ / 7℃,东北风 ≤3级 /东北风 ≤3级,阵雨,阵雨,17,7,东北风,≤3级,东北风,≤3级,day
2015-04-30 15:10:00,皂角井,7、未按规定让行的 ,负全部责任,不负责任,1,贵AR6921,白色,1,贵AKY069,白色,（云岩区）时发驾驶培训有限公司,时发驾校,2011/3/31 0:00,2011/10/25 0:00,金轮牌,吉利美日牌,356668000000000000 ,364557000000000000 ,197705,198510,15,3,4,工作日,非高峰,2015-04-30,2015年4月30日,阵雨 /阵雨,25℃ / 17℃,东南风 ≤3级 /东南风 ≤3级,阵雨,阵雨,25,17,东南风,≤3级,东南风,≤3级,day
2015-02-06 14:15:00,河西路,3、倒车的,负全部责任,不负责任,1,贵A23P76,银,1,贵APA549,银,时发驾校,自培,2013/6/6 0:00,1996/9/10 0:00,北京现代牌,利亚纳牌,364557000000000000 ,364548000000000000 ,198504,196004,14,4,2,工作日,非高峰,2015-02-06,2015年2月6日,多云 /小雨,9℃ / 2℃,南风 ≤3级 /南风 ≤3级,多云,小雨,9,2,南风,≤3级,南风,≤3级,day
2015-05-07 09:00:00,小河开发大道,1、追尾的,负全部责任,不负责任,1,贵JK7134,白色,1,贵GGB101,白色,时发驾校,自培,2010/8/16 0:00,2011/9/6 0:00,-1,-1,364568000000000000 ,364556000000000000 ,199004,199208,9,3,5,工作日,早高峰(7-9点),2015-05-07,2015年5月7日,阵雨 /雷阵雨,23℃ / 17℃,东南风 ≤3级 /东南风 ≤3级,阵雨,雷阵雨,23,17,东南风,≤3级,东南风,≤3级,day
2015-02-10 14:00:00,中华南路,1、追尾的,负全部责任,不负责任,1,贵GM2338,蓝,0,贵AU8721,绿,时发驾校,-1,2014/11/10 0:00,-1,宝马牌,捷达牌,364547000000000000 ,366386000000000000 ,198110,197411,14,1,2,工作日,非高峰,2015-02-10,2015年2月10日,小雨 /小雨,6℃ / 3℃,东北风 ≤3级 /东风 ≤3级,小雨,小雨,6,3,东北风,≤3级,东风,≤3级,day
2015-05-07 10:30:00,杨家山,1、追尾的,负全部责任,不负责任,1,贵A568G2,白,1,贵A5BW84,白,时发驾校,自培,2012/2/9 0:00,2005/1/25 0:00,凯马牌,雪佛兰牌,366361000000000000 ,364556000000000000 ,197905,197102,10,3,5,工作日,非高峰,2015-05-07,2015年5月7日,阵雨 /雷阵雨,23℃ / 17℃,东南风 ≤3级 /东南风 ≤3级,阵雨,雷阵雨,23,17,东南风,≤3级,东南风,≤3级,day