accidenttime,accidentaddr,driver1fault,driver1responsibility,driver2responsibility,sex1,platenumber1,carcolor1,sex2,platenumber2,carcolor2,jxmc1,jxmc2,cclzrq1,cclzrq2,clpp1,clpp2,driver1license,driver2license,brith1,brith2,hour,weekday,month,is_weekday,peak_hour,date,日期,天气状况,气温,风力风向,day_wea,night_wea,day_tep,night_tep,day_wind_direction,day_wind_speed,night_wind_direction,night_wind_speed,segment
2015-05-01 15:30:00,蟠桃宫,9、不符合前8款规定或者双方同时具有上述情形的,负全部责任,不负责任,1,贵APE966,蓝,0,贵A13E48,白,景宏驾校,景宏驾校,2011/4/25 0:00,2005/11/3 0:00,五菱牌,思迪牌,364548000000000000 ,366568000000000000 ,196110,198511,15,4,5,工作日,非高峰,2015-05-01,2015年5月1日,阵雨 /多云,25℃ / 14℃,东南风 ≤3级 /东北风 ≤3级,阵雨,多云,25,14,东南风,≤3级,东北风,≤3级,day
2015-03-19 16:00:00,西二环,8、依法应负全责的其他情形,负全部责任,不负责任,1,贵FG8356,黑色,1,贵AV0536,黑色,（白云区）景宏驾驶培训有限公司,十一驾驶培训有限公司,2007/10/17 0:00,2011/7/1 0:00,斯卡特牌,双狮牌,366067000000000000 ,364548000000000000 ,198602,198611,16,3,3,工作日,非高峰,2015-03-19,2015年3月19日,多云 /阵雨,26℃ / 12℃,南风 ≤3级 /东北风 ≤3级,多云,阵雨,26,12,南风,≤3级,东北风,≤3级,day
2015-04-24 16:30:00,八匹马,1、追尾的,负全部责任,不负责任,1,贵A95H58,黑,1,贵FV2737,黑,时发驾校,520135,2014/5/21 0:00,1995/5/5 0:00,东风标致牌,五菱牌,254547000000000000 ,366364000000000000 ,197910,195601,16,4,4,工作日,非高峰,2015-04-24,2015年4月24日,阴 /小雨,16℃ / 11℃,东风 ≤3级 /东风 ≤3级,阴,小雨,16,11,东风,≤3级,东风,≤3级,day
2015-03-31 09:00:00,小河区,1、追尾的,负全部责任,不负责任,1,贵A257F9,白色,1,贵A6BX02,白色,（白云区）景宏驾驶培训有限公司,十一驾驶培训有限公司,2006/12/22 0:00,2014/5/21 0:00,长安牌,斯柯达牌,366064000000000000 ,364568000000000000 ,198707,198702,9,1,3,工作日,早高峰(7-9点),2015-03-31,2015年3月31日,多云 /多云,28℃ / 19℃,南风 ≤3级 /南风 ≤3级,多云,多云,28,19,南风,≤3级,南风,≤3级,day
2015-03-27 14:58:00,白云区,7、未按规定让行的 ,负全部责任,不负责任,1,贵A4136E,银,1,贵ACN523,银,景宏驾校,自培,2012/9/12 0:00,1998/6/5 0:00,英伦牌,五菱牌,364558000000000000 ,364558000000000000 ,196807,196603,14,4,3,工作日,非高峰,2015-03-27,2015年3月27日,阵雨 /阵雨,18℃ / 13℃,南风 ≤3级 /南风 ≤3级,阵雨,阵雨,18,13,南风,≤3级,南风,≤3级,day
2015-02-11 09:00:00,白云区七一路,7、未按规定让行的 ,负全部责任,不负责任,1,贵A55L51,银,1,贵AB8130,蓝,景宏驾校,市交校,2011/11/29 0:00,2008/8/29 0:00,江铃牌,东风牌,364558000000000000 ,366068000000000000 ,199106,197004,9,2,2,工作日,早高峰(7-9点),2015-02-11,2015年2月11日,多云 /多云,11℃ / 3℃,东风 ≤3级 /东北风 ≤3级,多云,多云,11,3,东风,≤3级,东北风,≤3级,day
2015-05-14 12:00:00,都新路,1、追尾的,负全部责任,不负责任,1,贵AW6394,白,1,贵A98Y99,红,（白云区）景宏驾驶培训有限公司,长运驾校,2009/9/9 0:00,-1,银翔牌,思威牌,364558000000000000 ,355468000000000000 ,196410,196409,12,3,5,工作日,非高峰,2015-05-14,2015年5月14日,多云 /雷阵雨,27℃ / 20℃,东南风 ≤3级 /南风 ≤3级,多云,雷阵雨,27,20,东南风,≤3级,南风,≤3级,day
2015-03-19 10:57:00,乌当,1、追尾的,负全部责任,不负责任,1,贵ACK379,白,1,冀A552SJ,白,景宏驾校,自培,2014/11/14 0:00,-1,解放牌,福克斯牌,36657651104352825X,574547000000000000 ,199405,198312,10,3,3,工作日,非高峰,2015-03-19,2015年3月19日,多云 /阵雨,26℃ / 12℃,南风 ≤3级 /东北风 ≤3级,多云,阵雨,26,12,南风,≤3级,东北风,≤3级,day
2015-02-28 15:35:00,东二环,1、追尾的,负全部责任,不负责任,1,贵AEV437,白,1,贵CEE456,白,（乌当区）新华驾驶培训有限公司,金筑驾校,2007/4/13 0:00,2006/3/17 0:00,三菱牌,起亚牌,36455551934249447X,366566000000000000 ,198506,198705,15,5,2,工作日,非高峰,2015-02-28,2015年2月28日,小雨 /小雨,8℃ / 4℃,东北风 ≤3级 /东北风 ≤3级,小雨,小雨,8,4,东北风,≤3级,东北风,≤3级,day
2015-05-20 21:00:00,达高桥,1、追尾的,负全部责任,不负责任,1,贵GV5411,白色,1,贵A17M51,白色,（乌当区）新华驾驶培训有限公司,贵阳金马驾驶培训有限公司,2008/10/23 0:00,2011/11/4 0:00,-1,比亚迪牌,366361000000000000 ,364548000000000000 ,198602,198701,21,2,5,工作日,非高峰,2015-05-20,2015年5月20日,阴 /阵雨,23℃ / 17℃,东北风 ≤3级 /东北风 ≤3级,阴,阵雨,23,17,东北风,≤3级,东北风,≤3级,night
2015-05-01 19:30:00,三桥,3、倒车的,负全部责任,不负责任,1,贵AM9695,黑,1,贵A3130N,白,（乌当区）新华驾驶培训有限公司,-1,2006/1/18 0:00,-1,先风牌,五菱牌,784368000000000000 ,366246000000000000 ,197001,197909,19,4,5,工作日,晚高峰(17-19点),2015-05-01,2015年5月1日,阵雨 /多云,25℃ / 14℃,东南风 ≤3级 /东北风 ≤3级,阵雨,多云,25,14,东南风,≤3级,东北风,≤3级,day
2015-05-09 12:00:00,车水路,1、追尾的,负全部责任,不负责任,0,贵A79H82,白,1,粤BH03T1,白,新华驾校,-1,2012/3/31 0:00,-1,雪佛兰牌,-1,364548000000000000 ,75661500000000000 ,198411,198210,12,5,5,工作日,非高峰,2015-05-09,2015年5月9日,阵雨 /阵雨,23℃ / 16℃,东北风 ≤3级 /东南风 ≤3级,阵雨,阵雨,23,16,东北风,≤3级,东南风,≤3级,day
2015-05-11 16:00:00,贵开路,1、追尾的,负全部责任,不负责任,1,贵GM3675,白色,1,贵A768G1,白色,新华驾校,贵州晨运驾驶培训学校,2012/4/28 0:00,2010/11/22 0:00,-1,程力威牌,364547000000000000 ,366347000000000000 ,198903,198109,16,0,5,工作日,非高峰,2015-05-11,2015年5月11日,多云 /多云,24℃ / 13℃,东北风 ≤3级 /东北风 ≤3级,多云,多云,24,13,东北风,≤3级,东北风,≤3级,day
2015-05-21 11:40:00,东客站,1、追尾的,负全部责任,不负责任,0,贵A26V99,白,1,贵AMH287,黑,（乌当区）新华驾驶培训有限公司,贵州省长安驾驶培训学校,2008/4/10 0:00,2010/11/11 0:00,沃尔沃,-1,364547000000000000 ,366064000000000000 ,198602,199003,11,3,5,工作日,非高峰,2015-05-21,2015年5月21日,阴 /阵雨,24℃ / 16℃,东风 ≤3级 /东风 ≤3级,阴,阵雨,24,16,东风,≤3级,东风,≤3级,day
2015-05-15 09:00:00,龙泉路,7、未按规定让行的 ,负全部责任,不负责任,1,贵A17E96,黄,1,贵A24779,黑,（乌当区）新华驾驶培训有限公司,（乌当区）新华驾驶培训有限公司,2007/2/2 0:00,2007/2/2 0:00,翼虎牌,帕萨特牌,364557000000000000 ,364557000000000000 ,198107,198107,9,4,5,工作日,早高峰(7-9点),2015-05-15,2015年5月15日,阵雨 /阵雨,25℃ / 16℃,东北风 ≤3级 /东北风 ≤3级,阵雨,阵雨,25,16,东北风,≤3级,东北风,≤3级,day
2015-02-14 13:00:00,大兴星城2号门,7、未按规定让行的 ,负全部责任,不负责任,1,贵ARK609,白色,1,贵A94F98,白色,新华驾校,贵工驾校,2011/2/17 0:00,2012/5/29 0:00,五菱牌,福克斯牌,366067000000000000 ,366346000000000000 ,198008,198501,13,5,2,工作日,非高峰,2015-02-14,2015年2月14日,阵雨 /雷阵雨,16℃ / 10℃,南风 ≤3级 /南风 ≤3级,阵雨,雷阵雨,16,10,南风,≤3级,南风,≤3级,day
2015-05-26 14:00:00,贵阳一中,1、追尾的,负全部责任,不负责任,0,贵A2758S,红,1,豫R3V885,白 ,新华驾校（乌当区）,-1,2015/5/25 0:00,-1,夏利牌,-1,364557000000000000 ,56162500000000000 ,199303,197305,14,1,5,工作日,非高峰,2015-05-26,2015年5月26日,阵雨 /雷阵雨,26℃ / 20℃,东南风 ≤3级 /东北风 ≤3级,阵雨,雷阵雨,26,20,东南风,≤3级,东北风,≤3级,day
2015-02-26 21:31:00,蓑草路,7、未按规定让行的 ,负全部责任,不负责任,1,贵A6B474,白色,1,贵AWB491,白色,（乌当区）新华驾驶培训有限公司,自培,2007/11/22 0:00,2002/12/9 0:00,-1,福克斯(FOCUS)牌,36454751814353606X,764766000000000000 ,197905,197307,21,3,2,工作日,非高峰,2015-02-26,2015年2月26日,阴 /小雨,12℃ / 9℃,东风 ≤3级 /南风 ≤3级,阴,小雨,12,9,东风,≤3级,南风,≤3级,night
2015-04-02 11:40:00,白云,7、未按规定让行的 ,负全部责任,不负责任,0,贵A31V82,黄,1,贵A3996Z,红,新华驾校,贵大佳德驾驶培训学校,2014/10/8 0:00,2012/11/18 0:00,雪佛兰牌,长安牌,364558000000000000 ,366046000000000000 ,198204,198204,11,3,4,工作日,非高峰,2015-04-02,2015年4月2日,多云 /多云,30℃ / 18℃,南风 ≤3级 /南风 ≤3级,多云,多云,30,18,南风,≤3级,南风,≤3级,day
2015-05-26 08:56:00,金阳二手车交易中心,7、未按规定让行的 ,负全部责任,不负责任,1,贵JBL742,白,1,贵A7AF84,白,新华驾校,预约考试窗口,2014/3/28 0:00,2007/4/4 0:00,-1,别克牌,366067000000000000 ,364547000000000000 ,198110,198607,8,1,5,工作日,早高峰(7-9点),2015-05-26,2015年5月26日,阵雨 /雷阵雨,26℃ / 20℃,东南风 ≤3级 /东北风 ≤3级,阵雨,雷阵雨,26,20,东南风,≤3级,东北风,≤3级,day
2015-04-16 14:00:00,北二环,1、追尾的,负全部责任,不负责任,1,贵GY8318,蓝,1,贵AB801B,银,新华驾校（乌当区）,消防驾校,2015/3/24 0:00,2015/1/5 0:00,斯柯达牌,东风日产牌,364557000000000000 ,364558000000000000 ,198809,198904,14,3,4,工作日,非高峰,2015-04-16,2015年4月16日,多云 /多云,29℃ / 17℃,南风 ≤3级 /南风 ≤3级,多云,多云,29,17,南风,≤3级,南风,≤3级,day
2015-05-01 11:50:00,大川白金城,9、不符合前8款规定或者双方同时具有上述情形的,负全部责任,不负责任,0,贵A7009F,红,1,贵A01319,红,水城县腾达机动车驾驶培训有限公司,-1,2013/11/4 0:00,-1,雪佛兰牌,五菱,364567000000000000 ,74595500000000000 ,199009,198609,11,4,5,工作日,非高峰,2015-05-01,2015年5月1日,阵雨 /多云,25℃ / 14℃,东南风 ≤3级 /东北风 ≤3级,阵雨,多云,25,14,东南风,≤3级,东北风,≤3级,day
2015-05-17 18:00:00,兴筑西路,7、未按规定让行的 ,负全部责任,不负责任,1,贵A7284B,黑,1,贵AS1364,白,新华驾校,-1,2013/5/15 0:00,-1,英伦牌,重骑牌,366068000000000000 ,74367500000000000 ,197602,199005,18,6,5,周末,晚高峰(17-19点),2015-05-17,2015年5月17日,阵雨 /雷阵雨,25℃ / 17℃,东北风 ≤3级 /南风 ≤3级,阵雨,雷阵雨,25,17,东北风,≤3级,南风,≤3级,day
2015-04-22 14:45:00,会展城,9、不符合前8款规定或者双方同时具有上述情形的,负同等责任,负同等责任,1,贵A3BG44,黑,1,贵A41881,蓝,盘县民星驾驶培训学校有限公司,株洲市驾驶员培训学校,-1,2002/12/23 0:00,大众牌,嘉陵,36455751964753695X,74667500000000000 ,198203,196801,14,2,4,工作日,非高峰,2015-04-22,2015年4月22日,小雨 /小雨,15℃ / 10℃,东北风 ≤3级 /东北风 ≤3级,小雨,小雨,15,10,东北风,≤3级,东北风,≤3级,day
2015-03-02 09:30:00,上麦站,7、未按规定让行的 ,负全部责任,不负责任,1,贵AEN468,白,1,贵A1796C,银,新华驾校,-1,2014/6/17 0:00,-1,中华牌,五菱牌,366061000000000000 ,366347000000000000 ,197403,196903,9,0,3,工作日,早高峰(7-9点),2015-03-02,2015年3月2日,阴 /小雨,9℃ / 2℃,东北风 ≤3级 /东北风 ≤3级,阴,小雨,9,2,东北风,≤3级,东北风,≤3级,day
2015-03-20 18:30:00,陈家坡,1、追尾的,负全部责任,不负责任,1,贵FJ1353,白色,1,贵A56F32,黑色,新华驾校,自培,2014/5/16 0:00,2004/5/29 0:00,荣威牌,东风日产牌,364596000000000000 ,357475000000000000 ,198509,198401,18,4,3,工作日,晚高峰(17-19点),2015-03-20,2015年3月20日,阴 /阵雨,14℃ / 10℃,东北风 ≤3级 /东北风 ≤3级,阴,阵雨,14,10,东北风,≤3级,东北风,≤3级,day
2015-04-13 16:30:00,桐木岭,7、未按规定让行的 ,负全部责任,不负责任,1,贵AC384E,白色,1,贵AU4287,白色,新华驾校,自培,2011/2/17 0:00,2010/8/30 0:00,五菱牌,迅龙牌,366868000000000000 ,355247000000000000 ,198707,199103,16,0,4,工作日,非高峰,2015-04-13,2015年4月13日,晴 /多云,23℃ / 8℃,东北风 ≤3级 /东北风 ≤3级,晴,多云,23,8,东北风,≤3级,东北风,≤3级,day
2015-03-29 09:00:00,乌当,7、未按规定让行的 ,负全部责任,不负责任,1,贵A18H49,红,1,贵A1427U,黑,新华驾校,贵大佳德驾驶培训学校,2013/11/14 0:00,2014/6/9 0:00,福克斯牌,长安牌,364557000000000000 ,364548000000000000 ,199410,198404,9,6,3,周末,早高峰(7-9点),2015-03-29,2015年3月29日,阴 /多云,18℃ / 15℃,东风 ≤3级 /南风 ≤3级,阴,多云,18,15,东风,≤3级,南风,≤3级,day
2015-04-03 11:07:00,綄沙桥,7、未按规定让行的 ,负全部责任,不负责任,1,贵A5BX07,白,1,贵A35F38,白,新华驾校,贵州省长安驾驶培训学校,2013/10/28 0:00,2011/7/11 0:00,金杯牌,长安牌,364551000000000000 ,364548000000000000 ,199406,197612,11,4,4,工作日,非高峰,2015-04-03,2015年4月3日,多云 /多云,30℃ / 19℃,南风 ≤3级 /南风 ≤3级,多云,多云,30,19,南风,≤3级,南风,≤3级,day
2015-04-15 15:35:00,乌当,3、倒车的,负全部责任,不负责任,1,贵AGB303,白,1,贵A4CE39,白,新华驾校,顺一驾驶培训学校,2014/12/26 0:00,2010/10/13 0:00,海马牌,宝马牌,364547000000000000 ,364557000000000000 ,197611,197705,15,2,4,工作日,非高峰,2015-04-15,2015年4月15日,多云 /多云,24℃ / 16℃,东南风 ≤3级 /南风 ≤3级,多云,多云,24,16,东南风,≤3级,南风,≤3级,day
2015-05-24 20:50:00,新添大道,1、追尾的,负全部责任,不负责任,1,贵A17R19,银,1,贵AU3946,黑,新华驾校,预约考试窗口,2012/10/15 0:00,2006/11/3 0:00,大众汽车,力帆牌,364557000000000000 ,356168000000000000 ,198901,197610,20,6,5,周末,非高峰,2015-05-24,2015年5月24日,多云 /阴,24℃ / 18℃,东风 ≤3级 /东南风 ≤3级,多云,阴,24,18,东风,≤3级,东南风,≤3级,night
2015-05-18 08:30:00,尖山村,1、追尾的,负全部责任,不负责任,1,贵AGA799,白色,1,贵A0023A,白色,贵州省仁怀市酒都汽车驾驶培训有限公司,贵大驾校,-1,2012/6/25 0:00,大众牌,比亚迪牌,364797000000000000 ,364556000000000000 ,199408,197804,8,0,5,工作日,早高峰(7-9点),2015-05-18,2015年5月18日,多云 /多云,25℃ / 18℃,东北风 ≤3级 /东北风 ≤3级,多云,多云,25,18,东北风,≤3级,东北风,≤3级,day
2015-05-14 12:20:00,宝山北路,9、不符合前8款规定或者双方同时具有上述情形的,负同等责任,负同等责任,1,贵A37V84,白,1,贵A31J79,白,毕节地区黔中汽车(摩托车)驾驶培训学校,铁二局驾校,-1,2014/9/15 0:00,福田牌,杰德牌,36606751914758625X,364547000000000000 ,198903,196001,12,3,5,工作日,非高峰,2015-05-14,2015年5月14日,多云 /雷阵雨,27℃ / 20℃,东南风 ≤3级 /南风 ≤3级,多云,雷阵雨,27,20,东南风,≤3级,南风,≤3级,day
2015-05-12 14:20:00,金关,3、倒车的,负全部责任,不负责任,1,贵A560G1,黑,1,贵AET697,白,毕节地区黔中汽车(摩托车)驾驶培训学校,铁二局驾校,-1,2013/3/26 0:00,福田牌,金杯牌,366068000000000000 ,354167000000000000 ,197810,199405,14,1,5,工作日,非高峰,2015-05-12,2015年5月12日,阴 /雷阵雨,24℃ / 13℃,南风 ≤3级 /南风 ≤3级,阴,雷阵雨,24,13,南风,≤3级,南风,≤3级,day
2015-03-14 17:00:00,头桥,7、未按规定让行的 ,负全部责任,不负责任,1,贵AU5306,白色,1,贵AU7397,白色,毕节地区黔中汽车(摩托车)驾驶培训学校,凤冈玉龙汽车驾驶员培训有限责任公司,2011/3/11 0:00,1995/7/31 0:00,捷达牌,恒通客车牌,366068000000000000 ,364646000000000000 ,198411,197204,17,5,3,工作日,晚高峰(17-19点),2015-03-14,2015年3月14日,阴 /阴,17℃ / 12℃,南风 ≤3级 /东南风 ≤3级,阴,阴,17,12,南风,≤3级,东南风,≤3级,day
2015-04-17 12:25:00,中航路,7、未按规定让行的 ,负全部责任,不负责任,1,贵VJT981,绿,1,贵A6745Z,白,遵义市海通机动车驾驶培训学校,-1,2011/8/2 0:00,-1,-1,金杯,366064000000000000 ,36767500000000000 ,197804,196907,12,4,4,工作日,非高峰,2015-04-17,2015年4月17日,多云 /多云,28℃ / 19℃,南风 ≤3级 /南风 ≤3级,多云,多云,28,19,南风,≤3级,南风,≤3级,day
2015-04-18 19:00:00,八匹马,9、不符合前8款规定或者双方同时具有上述情形的,负全部责任,不负责任,1,贵BV2226,黑,1,贵A64A16,黑,六枝特区达利机动车驾驶培训有限公司,520130,-1,2008/5/29 0:00,奥迪牌,长安牌,364648000000000000 ,366064000000000000 ,198603,197509,19,5,4,工作日,晚高峰(17-19点),2015-04-18,2015年4月18日,多云 /雷阵雨,29℃ / 16℃,南风 ≤3级 /南风 ≤3级,多云,雷阵雨,29,16,南风,≤3级,南风,≤3级,day
2015-03-04 15:25:00,花果园,1、追尾的,负全部责任,不负责任,1,贵BR8303,银,1,贵AU6692,绿,六盘水钟山区宏程培训有限公司,99,-1,2006/1/5 0:00,风神牌,恒通客车牌,364646000000000000 ,364547000000000000 ,197504,198708,15,2,3,工作日,非高峰,2015-03-04,2015年3月4日,小雨 /小雨,6℃ / 1℃,东北风 ≤3级 /东北风 ≤3级,小雨,小雨,6,1,东北风,≤3级,东北风,≤3级,day
2015-03-08 14:15:00,中山东路,7、未按规定让行的 ,负全部责任,不负责任,1,贵B66793,黑,1,贵A3AT54,白,六盘水黔龙驾驶培训有限公司,自培,2014/8/19 0:00,2000/11/20 0:00,五菱,捷豹,364646000000000000 ,364548000000000000 ,198808,198209,14,6,3,周末,非高峰,2015-03-08,2015年3月8日,小雨 /阴,11℃ / 6℃,东北风 ≤3级 /东北风 ≤3级,小雨,阴,11,6,东北风,≤3级,东北风,≤3级,day
2015-05-06 13:30:00,中天花园,7、未按规定让行的 ,负同等责任,不负责任,1,贵A5126Y,黑,1,贵AAL855,红,六盘水市天鹏驾驶学校,六盘水市天鹏驾驶学校,-1,2002/6/28 0:00,北京现代牌,沃尔沃牌,364646000000000000 ,364547000000000000 ,198704,197007,13,2,5,工作日,非高峰,2015-05-06,2015年5月6日,多云 /多云,25℃ / 16℃,东北风 ≤3级 /南风 ≤3级,多云,多云,25,16,东北风,≤3级,南风,≤3级,day
2015-05-15 13:00:00,永乐乡,3、倒车的,负全部责任,不负责任,1,贵A10848,白色,1,贵A99Y15,白色,贵州省仁怀市汽车驾驶培训有限责任公司,贵阳金马驾驶培训有限公司,-1,2011/3/14 0:00,凌肯牌,长城牌,366575000000000000 ,364548000000000000 ,198908,198807,13,4,5,工作日,非高峰,2015-05-15,2015年5月15日,阵雨 /阵雨,25℃ / 16℃,东北风 ≤3级 /东北风 ≤3级,阵雨,阵雨,25,16,东北风,≤3级,东北风,≤3级,day
2015-02-03 11:25:00,花溪区七大队,1、追尾的,负全部责任,不负责任,1,贵AD5936,绿色,1,贵A93W51,黑色,惠水县黔岭机动车驾驶培训有限公司,高新驾校,-1,2013/9/18 0:00,银钢牌,富迪牌,354366000000000000 ,366064000000000000 ,196106,198607,11,1,2,工作日,非高峰,2015-02-03,2015年2月3日,小雨 /小雨,6℃ / 1℃,东北风 ≤3级 /东北风 ≤3级,小雨,小雨,6,1,东北风,≤3级,东北风,≤3级,day
2015-03-30 17:45:00,二戈寨,1、追尾的,负全部责任,不负责任,1,贵AMX416,白色,1,贵ARV023,白色,惠水县黔岭机动车驾驶培训有限公司,贵大驾校,-1,2010/12/30 0:00,江铃牌,东风牌,366876000000000000 ,364547000000000000 ,197001,196004,17,0,3,工作日,晚高峰(17-19点),2015-03-30,2015年3月30日,晴 /多云,24℃ / 17℃,南风 ≤3级 /南风 ≤3级,晴,多云,24,17,南风,≤3级,南风,≤3级,day
2015-05-20 16:00:00,黄山冲,7、未按规定让行的 ,负全部责任,不负责任,1,贵A6894H,红,1,贵AV6243,黄,惠水县黔岭机动车驾驶培训有限公司,铁二局驾校,-1,2002/4/10 0:00,南骏牌,荣威牌,366862000000000000 ,364548000000000000 ,197210,198303,16,2,5,工作日,非高峰,2015-05-20,2015年5月20日,阴 /阵雨,23℃ / 17℃,东北风 ≤3级 /东北风 ≤3级,阴,阵雨,23,17,东北风,≤3级,东北风,≤3级,day
2015-05-30 07:30:00,三桥,1、追尾的,负全部责任,不负责任,1,川A3LF27,蓝,1,贵FAQ745,红,黔南州兴鑫汽车驾驶培训学校,-1,2012/7/25 0:00,-1,-1,-1,366863000000000000 ,366046000000000000 ,199307,198712,7,5,5,工作日,早高峰(7-9点),2015-05-30,2015年5月30日,阵雨 /阵雨,23℃ / 17℃,东北风 ≤3级 /东风 ≤3级,阵雨,阵雨,23,17,东北风,≤3级,东风,≤3级,day
2015-05-09 09:10:00,奶牛场,3、倒车的,负全部责任,不负责任,1,贵A9967K,白,1,贵AGW891,白,福泉市锦程机动车驾驶培训学校,铁二局驾校（南明区）,2011/12/21 0:00,2015/3/3 0:00,长安牌,丰田牌,364557000000000000 ,364557000000000000 ,196805,197405,9,5,5,工作日,早高峰(7-9点),2015-05-09,2015年5月9日,阵雨 /阵雨,23℃ / 16℃,东北风 ≤3级 /东南风 ≤3级,阵雨,阵雨,23,16,东北风,≤3级,东南风,≤3级,day
2015-03-07 15:30:00,贵开路,1、追尾的,负全部责任,不负责任,1,贵AB555K,白,1,贵A6200Y,黑,福泉市锦程机动车驾驶培训学校,520116,2011/7/29 0:00,2007/11/7 0:00,蒙迪欧牌,华泰圣达菲牌,364596000000000000 ,366276000000000000 ,199103,198411,15,5,3,工作日,非高峰,2015-03-07,2015年3月7日,阴 /小雨,10℃ / 5℃,东风 ≤3级 /东南风 ≤3级,阴,小雨,10,5,东风,≤3级,东南风,≤3级,day
2015-02-16 09:25:00,观山湖,1、追尾的,负全部责任,不负责任,1,贵A6D065,黑,1,贵A9601W,黑,福泉市锦程机动车驾驶培训学校,-1,2010/4/12 0:00,-1,长安牌,雪佛兰牌,366861000000000000 ,364566000000000000 ,198305,197812,9,0,2,工作日,早高峰(7-9点),2015-02-16,2015年2月16日,阴 /阵雨,15℃ / 9℃,东北风 ≤3级 /东南风 ≤3级,阴,阵雨,15,9,东北风,≤3级,东南风,≤3级,day
2015-04-13 09:20:00,富源路,1、追尾的,负全部责任,不负责任,1,贵A25506,白色,1,贵AC9022,白色,贵州省石阡泉都(启灵)驾驶培训有限责任公司,自培,2010/12/3 0:00,-1,海马牌,嘉陵牌,366661000000000000 ,364547000000000000 ,199005,197907,9,0,4,工作日,早高峰(7-9点),2015-04-13,2015年4月13日,晴 /多云,23℃ / 8℃,东北风 ≤3级 /东北风 ≤3级,晴,多云,23,8,东北风,≤3级,东北风,≤3级,day
2015-05-07 20:00:00,望城坡, ,负全部责任,不负责任,1,贵AU8348,白色,1,贵A7Q956,白色,黔西县顺风机动车驾驶学校有限公司,长运驾校（南明区）,2011/3/31 0:00,2015/4/14 0:00,迅龙牌,-1,366367000000000000 ,364646000000000000 ,198211,197706,20,3,5,工作日,非高峰,2015-05-07,2015年5月7日,阵雨 /雷阵雨,23℃ / 17℃,东南风 ≤3级 /东南风 ≤3级,阵雨,雷阵雨,23,17,东南风,≤3级,东南风,≤3级,night
2015-05-07 20:00:00,望城坡,7、未按规定让行的 ,负全部责任,不负责任,1,贵AU8348,白色,1,贵A7Q956,白色,黔西县顺风机动车驾驶学校有限公司,长运驾校（南明区）,2011/3/31 0:00,2015/4/14 0:00,迅龙牌,-1,366367000000000000 ,364646000000000000 ,198211,197706,20,3,5,工作日,非高峰,2015-05-07,2015年5月7日,阵雨 /雷阵雨,23℃ / 17℃,东南风 ≤3级 /东南风 ≤3级,阵雨,雷阵雨,23,17,东南风,≤3级,东南风,≤3级,night
2015-05-27 08:15:00,六中门口,1、追尾的,负全部责任,不负责任,0,贵FK1653,蓝,1,贵A59P94,红,黔西县顺风机动车驾驶学校有限公司,520127,-1,2009/9/16 0:00,-1,马自达牌,366068000000000000 ,364548000000000000 ,198112,198005,8,2,5,工作日,早高峰(7-9点),2015-05-27,2015年5月27日,阴 /阵雨,26℃ / 20℃,南风 ≤3级 /东北风 ≤3级,阴,阵雨,26,20,南风,≤3级,东北风,≤3级,day
2015-04-26 09:46:00,长山路,3、倒车的,负全部责任,不负责任,1,贵DBY621,银,1,贵AB3355,银,万山特区万吉驾驶员培训有限公司万顺驾校,-1,2011/9/1 0:00,-1,长安牌,大江牌,366675000000000000 ,364066000000000000 ,197908,198507,9,6,4,周末,早高峰(7-9点),2015-04-26,2015年4月26日,阵雨 /阵雨,18℃ / 14℃,东南风 ≤3级 /东北风 ≤3级,阵雨,阵雨,18,14,东南风,≤3级,东北风,≤3级,day
2015-05-24 01:30:00,云潭南路,7、未按规定让行的 ,负全部责任,不负责任,1,贵DY1755,白,1,贵A9419H,红,贵州省铜南汽车驾驶培训有限公司,文通驾校,-1,2012/10/10 0:00,-1,雅尊,366664000000000000 ,364596000000000000 ,197309,199212,1,6,5,周末,非高峰,2015-05-24,2015年5月24日,多云 /阴,24℃ / 18℃,东风 ≤3级 /东南风 ≤3级,多云,阴,24,18,东风,≤3级,东南风,≤3级,night
2015-04-16 14:00:00,万江小区,1、追尾的,负全部责任,不负责任,0,贵A7842A,黑,0,贵ACC078,银,贵州省铜南汽车驾驶培训有限公司,十一驾驶培训有限公司,-1,2012/5/15 0:00,雷克萨斯,北京现代牌,366664000000000000 ,364548000000000000 ,198911,197510,14,3,4,工作日,非高峰,2015-04-16,2015年4月16日,多云 /多云,29℃ / 17℃,南风 ≤3级 /南风 ≤3级,多云,多云,29,17,南风,≤3级,南风,≤3级,day
2015-02-16 17:10:00,湘雅村,1、追尾的,负全部责任,不负责任,1,贵A4B246,白色,1,贵A94V46,白色,贵州省铜南汽车驾驶培训有限公司,预约考试窗口,-1,2006/9/27 0:00,-1,思域牌,36666351154945445X,364548000000000000 ,199108,198508,17,0,2,工作日,晚高峰(17-19点),2015-02-16,2015年2月16日,阴 /阵雨,15℃ / 9℃,东北风 ≤3级 /东南风 ≤3级,阴,阵雨,15,9,东北风,≤3级,东南风,≤3级,day
2015-05-08 08:20:00,二环路隧道,1、追尾的,负全部责任,不负责任,0,贵CEM828,黑,1,贵A5CB17,黑,贵州省遵义汽车运输集团源丰交通驾驶培训有限责任公司,-1,2010/8/2 0:00,-1,-1,大众汽车牌,366546000000000000 ,364596000000000000 ,197905,197808,8,4,5,工作日,早高峰(7-9点),2015-05-08,2015年5月8日,阵雨 /多云,25℃ / 15℃,东南风 ≤3级 /东北风 ≤3级,阵雨,多云,25,15,东南风,≤3级,东北风,≤3级,day
2015-04-02 11:32:00,嘉润路,3、倒车的,负全部责任,不负责任,1,贵EY48U3,白色,1,贵JBT593,白色,贵州省铜南汽车驾驶培训有限公司,-1,2012/8/27 0:00,-1,-1,比亚迪牌,366664000000000000 ,506864000000000000 ,198406,196610,11,3,4,工作日,非高峰,2015-04-02,2015年4月2日,多云 /多云,30℃ / 18℃,南风 ≤3级 /南风 ≤3级,多云,多云,30,18,南风,≤3级,南风,≤3级,day