accidenttime,accidentaddr,driver1fault,driver1responsibility,driver2responsibility,sex1,platenumber1,carcolor1,sex2,platenumber2,carcolor2,jxmc1,jxmc2,cclzrq1,cclzrq2,clpp1,clpp2,driver1license,driver2license,brith1,brith2,hour,weekday,month,is_weekday,peak_hour,date,日期,天气状况,气温,风力风向,day_wea,night_wea,day_tep,night_tep,day_wind_direction,day_wind_speed,night_wind_direction,night_wind_speed,segment
2015-05-10 12:10:00,八匹马,7、未按规定让行的 ,负全部责任,不负责任,1,贵AH0524,红,1,贵HCE722,黑,贵州省德江县前进摩托车驾驶培训学校,-1,2012/2/28 0:00,-1,豪诺牌,-1,366669000000000000 ,74368500000000000 ,199208,198207,12,6,5,周末,非高峰,2015-05-10,2015年5月10日,阵雨 /雷阵雨,25℃ / 14℃,南风 ≤3级 /南风 ≤3级,阵雨,雷阵雨,25,14,南风,≤3级,南风,≤3级,day
2015-04-19 09:15:00,花溪公园,1、追尾的,负全部责任,不负责任,1,贵A5302A,白色,1,贵A8R515,白色,铜仁地区锦宏咨询服务有限公司驾驶培训学校,仁武驾校（花溪区）,2010/12/20 0:00,2015/3/10 0:00,北京牌,东风标致牌,36666351964069568X,366067000000000000 ,198204,197312,9,6,4,周末,早高峰(7-9点),2015-04-19,2015年4月19日,阵雨 /阵雨,22℃ / 13℃,东北风 ≤3级 /东北风 ≤3级,阵雨,阵雨,22,13,东北风,≤3级,东北风,≤3级,day
2015-04-20 11:30:00,中华路,8、依法应负全责的其他情形,负全部责任,不负责任,1,贵CDF152,白,0,贵A93V23,白,桐梓县鸿新机动车驾驶培训学校,520102,-1,2010/4/28 0:00,起亚牌,雪佛兰牌,366567000000000000 ,364548000000000000 ,197911,199004,11,0,4,工作日,非高峰,2015-04-20,2015年4月20日,阴 /阴,20℃ / 11℃,东北风 ≤3级 /东北风 ≤3级,阴,阴,20,11,东北风,≤3级,东北风,≤3级,day
2015-03-07 18:00:00,南明区骨科医院,1、追尾的,负全部责任,不负责任,1,贵DW4371,白色,1,贵AR6075,白色,铜仁地区锦宏咨询服务有限公司驾驶培训学校,时法驾校,-1,2006/7/4 0:00,长安牌,东宏牌,36666251144343568X,364547000000000000 ,199005,196411,18,5,3,工作日,晚高峰(17-19点),2015-03-07,2015年3月7日,阴 /小雨,10℃ / 5℃,东风 ≤3级 /东南风 ≤3级,阴,小雨,10,5,东风,≤3级,东南风,≤3级,day
2015-05-12 12:00:00,云环路,7、未按规定让行的 ,负全部责任,不负责任,1,贵A15768,蓝,1,川AHX657,蓝,自培,时发驾校,2012/7/12 0:00,-1,轰轰烈牌,-1,364557000000000000 ,784270000000000000 ,199209,198304,12,1,5,工作日,非高峰,2015-05-12,2015年5月12日,阴 /雷阵雨,24℃ / 13℃,南风 ≤3级 /南风 ≤3级,阴,雷阵雨,24,13,南风,≤3级,南风,≤3级,day
2015-04-01 12:15:00,花果园,1、追尾的,负全部责任,不负责任,0,贵A2BK90,白,0,贵AG3461,红,黔南金都汽车驾驶学校,景宏驾校,-1,2012/5/16 0:00,东风雪铁龙牌,中能牌,74265500000000000 ,364558000000000000 ,198707,198401,12,2,4,工作日,非高峰,2015-04-01,2015年4月1日,多云 /多云,29℃ / 19℃,南风 ≤3级 /南风 ≤3级,多云,多云,29,19,南风,≤3级,南风,≤3级,day
2015-03-30 09:45:00,白云区,1、追尾的,负全部责任,不负责任,1,贵ATK375,银,0,贵GGB043,白,黔东南州鑫宇机动车驾驶培训学校,-1,2011/3/31 0:00,-1,一汽佳星牌,长城牌,366368000000000000 ,364556000000000000 ,196508,198711,9,0,3,工作日,早高峰(7-9点),2015-03-30,2015年3月30日,晴 /多云,24℃ / 17℃,南风 ≤3级 /南风 ≤3级,晴,多云,24,17,南风,≤3级,南风,≤3级,day
2015-05-19 18:00:00,孟关,7、未按规定让行的 ,负全部责任,不负责任,1,贵A82753,白色,1,贵A480D1,白色,威宁县草海汽车驾驶培训有限公司,威宁县草海汽车驾驶培训有限公司,-1,2012/8/13 0:00,豪泺牌,解放牌,366069000000000000 ,357475000000000000 ,198606,198202,18,1,5,工作日,晚高峰(17-19点),2015-05-19,2015年5月19日,阵雨 /大雨,25℃ / 18℃,东北风 ≤3级 /南风 ≤3级,阵雨,大雨,25,18,东北风,≤3级,南风,≤3级,day
2015-05-19 18:00:00,孟关,9、不符合前8款规定或者双方同时具有上述情形的,负同等责任,负同等责任,1,贵A82753,白色,1,贵A480D1,白色,威宁县草海汽车驾驶培训有限公司,威宁县草海汽车驾驶培训有限公司,-1,2012/8/13 0:00,豪泺牌,解放牌,366069000000000000 ,357475000000000000 ,198606,198202,18,1,5,工作日,晚高峰(17-19点),2015-05-19,2015年5月19日,阵雨 /大雨,25℃ / 18℃,东北风 ≤3级 /南风 ≤3级,阵雨,大雨,25,18,东北风,≤3级,南风,≤3级,day
2015-03-31 17:00:00,溪北路,7、未按规定让行的 ,负全部责任,不负责任,1,贵A7BC56,白色,1,贵A8BL09,白色,毕节地区宏强汽车(摩托车)驾驶培训学校,鑫鑫驾校,-1,2010/11/15 0:00,沃尔沃,宝马,366064000000000000 ,366068000000000000 ,198906,197712,17,1,3,工作日,晚高峰(17-19点),2015-03-31,2015年3月31日,多云 /多云,28℃ / 19℃,南风 ≤3级 /南风 ≤3级,多云,多云,28,19,南风,≤3级,南风,≤3级,day
2015-03-14 11:00:00,贵龙大道桥下,1、追尾的,负全部责任,不负责任,1,贵A89189,白色,1,贵A4AN13,白色,威宁县草海汽车驾驶培训有限公司,-1,2012/5/3 0:00,-1,陕汽牌,东风日产牌,366069000000000000 ,36686951265455445X,198001,196210,11,5,3,工作日,非高峰,2015-03-14,2015年3月14日,阴 /阴,17℃ / 12℃,南风 ≤3级 /东南风 ≤3级,阴,阴,17,12,南风,≤3级,东南风,≤3级,day
2015-03-31 15:30:00,白云区,8、依法应负全责的其他情形,负全部责任,不负责任,1,贵GT4074,黑,1,贵A765A1,银,遵义驰宇驾驶培训学校,鑫鑫驾校,-1,2014/4/22 0:00,朗逸牌,长城牌,366046000000000000 ,366063000000000000 ,198305,198508,15,1,3,工作日,非高峰,2015-03-31,2015年3月31日,多云 /多云,28℃ / 19℃,南风 ≤3级 /南风 ≤3级,多云,多云,28,19,南风,≤3级,南风,≤3级,day
2015-04-09 21:00:00,未来方舟,7、未按规定让行的 ,负同等责任,负同等责任,1,贵GP5501,白,1,贵A5508W,红,大方大山汽车驾驶培训学校,其他,-1,2008/6/30 0:00,大众牌,五菱牌,366067000000000000 ,366563000000000000 ,197603,198201,21,3,4,工作日,非高峰,2015-04-09,2015年4月9日,阴 /小雨,11℃ / 7℃,东北风 ≤3级 /东北风 ≤3级,阴,小雨,11,7,东北风,≤3级,东北风,≤3级,night
2015-04-08 18:20:00,八匹马,8、依法应负全责的其他情形,负全部责任,不负责任,0,贵EV5832,银,1,贵DQ0709,黑,湄潭县江南驾驶培训有限公司,-1,2014/1/23 0:00,-1,尼桑牌,-1,364647000000000000 ,366869000000000000 ,198209,198012,18,2,4,工作日,晚高峰(17-19点),2015-04-08,2015年4月8日,小雨 /小雨,10℃ / 6℃,东北风 ≤3级 /东北风 ≤3级,小雨,小雨,10,6,东北风,≤3级,东北风,≤3级,day
2015-02-08 13:00:00,龙家寨,7、未按规定让行的 ,负全部责任,不负责任,1,贵HBG679,黑色,1,贵A361D3,白色,贵州省黔东南州金凯驾驶学校,-1,2012/6/11 0:00,-1,大众汽车牌,解放牌,366368000000000000 ,55496500000000000 ,198106,199606,13,6,2,周末,非高峰,2015-02-08,2015年2月8日,阴 /阴,7℃ / 3℃,东北风 ≤3级 /南风 ≤3级,阴,阴,7,3,东北风,≤3级,南风,≤3级,day
2015-04-12 19:30:00,三桥,7、未按规定让行的 ,负全部责任,不负责任,1,贵A90745,红,1,贵BV6534,红,毕节地区威宁汽车驾驶培训学校,-1,2012/6/8 0:00,-1,乘龙牌,中华牌,366070000000000000 ,364662000000000000 ,198211,198309,19,6,4,周末,晚高峰(17-19点),2015-04-12,2015年4月12日,晴 /多云,21℃ / 7℃,东风 ≤3级 /东风 ≤3级,晴,多云,21,7,东风,≤3级,东风,≤3级,day
2015-02-27 14:55:00,大十字,7、未按规定让行的 ,负全部责任,不负责任,1,贵CY2507,黄,1,贵AU0743,绿,遵义市航天汽车驾驶员培训有限公司,-1,2014/6/23 0:00,-1,丰田牌,宝来牌,366566000000000000 ,364547000000000 ,198203,740819,14,4,2,工作日,非高峰,2015-02-27,2015年2月27日,多云 /阵雨,21℃ / 5℃,南风 ≤3级 /南风 ≤3级,多云,阵雨,21,5,南风,≤3级,南风,≤3级,day
2015-05-18 07:00:00,小河三00医院,1、追尾的,负全部责任,不负责任,1,贵A4776S,白色,1,贵A8369J,白色,遵义神舟驾驶学校有限公司,顺一驾驶培训学校,-1,2012/2/20 0:00,豪情牌,大众汽车牌,366669000000000000 ,36454651845643345X,197904,197012,7,0,5,工作日,早高峰(7-9点),2015-05-18,2015年5月18日,多云 /多云,25℃ / 18℃,东北风 ≤3级 /东北风 ≤3级,多云,多云,25,18,东北风,≤3级,东北风,≤3级,day
2015-05-18 07:30:00,小河三00医院,1、追尾的,负全部责任,不负责任,1,贵A4776S,白色,1,贵A8369J,白色,遵义神舟驾驶学校有限公司,顺一驾驶培训学校,-1,2012/2/20 0:00,豪情牌,大众汽车牌,366669000000000000 ,36454651845643345X,197904,197012,7,0,5,工作日,早高峰(7-9点),2015-05-18,2015年5月18日,多云 /多云,25℃ / 18℃,东北风 ≤3级 /东北风 ≤3级,多云,多云,25,18,东北风,≤3级,东北风,≤3级,day
2015-02-12 07:00:00,金阳车站,7、未按规定让行的 ,负全部责任,不负责任,1,贵AU4994,黑,0,贵A4792S,黑,黔东南州中信达驾驶培训学校,铁二局驾校,2011/4/27 0:00,2012/3/2 0:00,长江,东风标致牌,366263000000000000 ,366766000000000000 ,199209,197602,7,3,2,工作日,早高峰(7-9点),2015-02-12,2015年2月12日,多云 /多云,15℃ / 5℃,南风 ≤3级 /南风 ≤3级,多云,多云,15,5,南风,≤3级,南风,≤3级,day
2015-02-27 13:00:00,大十字,7、未按规定让行的 ,负全部责任,不负责任,1,贵CFX818,黑,1,贵AU8716,绿,遵义市泥桥诚兴汽车驾驶培训学校,蓝天驾校,-1,2010/6/2 0:00,广汽菲亚特牌,宝来牌,366546000000000000 ,366064000000000000 ,197909,199009,13,4,2,工作日,非高峰,2015-02-27,2015年2月27日,多云 /阵雨,21℃ / 5℃,南风 ≤3级 /南风 ≤3级,多云,阵雨,21,5,南风,≤3级,南风,≤3级,day
2015-02-14 16:00:00,中坝路,7、未按规定让行的 ,负全部责任,不负责任,1,贵DBV921,黑,1,贵AA632Y,银,凤冈玉龙汽车驾驶员培训有限责任公司,-1,2011/10/24 0:00,-1,马自达牌,北京牌,366664000000000000 ,366564000000000000 ,199211,198511,16,5,2,工作日,非高峰,2015-02-14,2015年2月14日,阵雨 /雷阵雨,16℃ / 10℃,南风 ≤3级 /南风 ≤3级,阵雨,雷阵雨,16,10,南风,≤3级,南风,≤3级,day
2015-02-28 08:30:00,白云区,7、未按规定让行的 ,负全部责任,不负责任,1,贵DV1663,黑,1,渝BPJ144,黑,遵义神舟驾驶学校有限公司,消防驾校,-1,2012/5/10 0:00,雪佛兰牌,梅赛德斯-奔驰牌,366566000000000000 ,364568000000000000 ,199109,199306,8,5,2,工作日,早高峰(7-9点),2015-02-28,2015年2月28日,小雨 /小雨,8℃ / 4℃,东北风 ≤3级 /东北风 ≤3级,小雨,小雨,8,4,东北风,≤3级,东北风,≤3级,day
2015-02-15 10:03:00,杨家关隧道,1、追尾的,负全部责任,不负责任,1,贵A6CA24,黑,0,贵AS7913,黄,遵义市泥桥诚兴汽车驾驶培训学校,-1,2013/7/4 0:00,-1,别克牌,豪爵牌,366368000000000000 ,364547000000000 ,198103,520904,10,6,2,周末,非高峰,2015-02-15,2015年2月15日,多云 /阴,19℃ / 8℃,南风 ≤3级 /东北风 ≤3级,多云,阴,19,8,南风,≤3级,东北风,≤3级,day
2015-05-06 22:00:00,浣纱路,9、不符合前8款规定或者双方同时具有上述情形的,负同等责任,不负责任,1,贵CHW587,白,1,贵A3BV12,白,余庆县江北机动车驾驶培训学校,余庆县江北机动车驾驶培训学校,-1,1995/12/24 0:00,-1,雷克萨斯,366562000000000000 ,364547000000000000 ,198709,196910,22,2,5,工作日,非高峰,2015-05-06,2015年5月6日,多云 /多云,25℃ / 16℃,东北风 ≤3级 /南风 ≤3级,多云,多云,25,16,东北风,≤3级,南风,≤3级,night
2015-03-20 14:00:00,金关,7、未按规定让行的 ,负全部责任,不负责任,1,贵CHK367,黑,1,贵A3561X,蓝,遵义神舟驾驶学校有限公司,-1,2012/3/13 0:00,-1,本田牌,比亚迪牌,366566000000000000 ,36656751165554005X,198009,199211,14,4,3,工作日,非高峰,2015-03-20,2015年3月20日,阴 /阵雨,14℃ / 10℃,东北风 ≤3级 /东北风 ≤3级,阴,阵雨,14,10,东北风,≤3级,东北风,≤3级,day
2015-03-13 18:15:00,杨家山隧道,1、追尾的,负全部责任,不负责任,1,贵AW7464,白色,1,贵A7AF69,白色,（南明区）铁二局驾驶培训有限公司,520126,2006/8/29 0:00,2008/9/27 0:00,宝马,东风标致牌,364548000000000000 ,366864000000000000 ,198702,197506,18,4,3,工作日,晚高峰(17-19点),2015-03-13,2015年3月13日,多云 /阵雨,17℃ / 12℃,南风 ≤3级 /南风 ≤3级,多云,阵雨,17,12,南风,≤3级,南风,≤3级,day
2015-04-14 10:00:00,北京西路,7、未按规定让行的 ,负全部责任,不负责任,1,贵A81G53,银,1,贵A654C6,蓝,鑫鑫驾校,铁二局驾校,2007/12/18 0:00,2014/9/15 0:00,长城牌,南骏牌,366347000000000000 ,364556000000000000 ,198009,195905,10,1,4,工作日,非高峰,2015-04-14,2015年4月14日,晴 /多云,22℃ / 9℃,东风 ≤3级 /东风 ≤3级,晴,多云,22,9,东风,≤3级,东风,≤3级,day
2015-05-16 10:20:00,贵开路,1、追尾的,负全部责任,不负责任,1,贵CKT729,红,1,贵AP654F,蓝,贵州省湄潭县宜众汽车驾驶员培训学校,自培,2012/4/12 0:00,2006/8/25 0:00,-1,-1,366570000000000000 ,366367000000000000 ,198909,197005,10,5,5,工作日,非高峰,2015-05-16,2015年5月16日,阴 /雷阵雨,23℃ / 17℃,东北风 ≤3级 /东风 ≤3级,阴,雷阵雨,23,17,东北风,≤3级,东风,≤3级,day
2015-04-10 14:30:00,小关,1、追尾的,负全部责任,不负责任,1,川ES4731,黑,1,贵AN2247,银,无,自培,2004/12/1 0:00,2004/5/27 0:00,丰田牌,嘉陵牌,354366000000000000 ,364547000000000000 ,196708,196704,14,4,4,工作日,非高峰,2015-04-10,2015年4月10日,小雨 /小雨,12℃ / 8℃,东北风 ≤3级 /东北风 ≤3级,小雨,小雨,12,8,东北风,≤3级,东北风,≤3级,day
2015-02-05 16:00:00,二戈寨,7、未按规定让行的 ,负全部责任,不负责任,1,贵A355A9,白色,1,贵CFL409,黑,（南明区）铁二局驾驶培训有限公司,-1,2004/12/16 0:00,-1,解放牌,五菱牌,366068000000000000 ,344669000000000000 ,197009,199404,16,3,2,工作日,非高峰,2015-02-05,2015年2月5日,阴 /阴,3℃ / 0℃,东北风 ≤3级 /东北风 ≤3级,阴,阴,3,0,东北风,≤3级,东北风,≤3级,day
2015-04-24 17:40:00,金阳北路,7、未按规定让行的 ,负全部责任,不负责任,1,贵ALA014,黑,1,贵AH2721,银,（南明区）铁二局驾驶培训有限公司,-1,2005/11/18 0:00,-1,长安牌,金狮牌,366368000000000000 ,64546500000000000 ,196512,973121,17,4,4,工作日,晚高峰(17-19点),2015-04-24,2015年4月24日,阴 /小雨,16℃ / 11℃,东风 ≤3级 /东风 ≤3级,阴,小雨,16,11,东风,≤3级,东风,≤3级,day
2015-03-13 10:50:00,小河转盘,9、不符合前8款规定或者双方同时具有上述情形的,负同等责任,负同等责任,1,贵A625B6,白色,1,贵AB568A,白色,自培,铁二局驾校,2005/5/30 0:00,2011/4/1 0:00,江淮牌,丰田牌,364556000000000000 ,354669000000000000 ,198608,197309,10,4,3,工作日,非高峰,2015-03-13,2015年3月13日,多云 /阵雨,17℃ / 12℃,南风 ≤3级 /南风 ≤3级,多云,阵雨,17,12,南风,≤3级,南风,≤3级,day
2015-02-13 12:10:00,小河,7、未按规定让行的 ,负全部责任,不负责任,1,贵A62M66,白色,1,贵A9234K,白色,（南明区）铁二局驾驶培训有限公司,铁二局驾校,2010/6/1 0:00,2012/8/29 0:00,长城牌,五菱牌,364551000000000000 ,355463000000000000 ,198802,197108,12,4,2,工作日,非高峰,2015-02-13,2015年2月13日,多云 /阵雨,17℃ / 8℃,南风 ≤3级 /南风 ≤3级,多云,阵雨,17,8,南风,≤3级,南风,≤3级,day
2015-04-16 23:45:00,火车站,8、依法应负全责的其他情形,负全部责任,不负责任,1,贵GAA991,白色,1,贵A95626,白色,（南明区）铁二局驾驶培训有限公司,长运驾校,2006/5/11 0:00,1992/12/17 0:00,雅阁牌,柳特神力牌,366347000000000000 ,364547000000000000 ,198605,196308,23,3,4,工作日,非高峰,2015-04-16,2015年4月16日,多云 /多云,29℃ / 17℃,南风 ≤3级 /南风 ≤3级,多云,多云,29,17,南风,≤3级,南风,≤3级,night
2015-05-29 18:00:00,五里冲,7、未按规定让行的 ,负全部责任,不负责任,1,贵A52E25,白色,1,贵A09745,白色,铁二局驾校,泥桥诚兴驾校,2011/7/4 0:00,-1,启辰牌,建设-雅马哈牌,366577000000000000 ,366566000000000000 ,198309,198609,18,4,5,工作日,晚高峰(17-19点),2015-05-29,2015年5月29日,阵雨 /阵雨,24℃ / 17℃,东南风 ≤3级 /东北风 ≤3级,阵雨,阵雨,24,17,东南风,≤3级,东北风,≤3级,day
2015-04-30 15:00:00,市南路,7、未按规定让行的 ,负全部责任,不负责任,1,贵AVC619,红,1,贵AU2058,蓝,（南明区）铁二局驾驶培训有限公司,自培,2004/12/1 0:00,2006/5/9 0:00,奥迪牌,天马牌,366064000000000000 ,366067000000000000 ,197209,198312,15,3,4,工作日,非高峰,2015-04-30,2015年4月30日,阵雨 /阵雨,25℃ / 17℃,东南风 ≤3级 /东南风 ≤3级,阵雨,阵雨,25,17,东南风,≤3级,东南风,≤3级,day
2015-05-15 07:00:00,蓑草路,7、未按规定让行的 ,负全部责任,不负责任,1,贵A79F47,白色,1,贵A36B76,白色,铁二局驾校,长运驾校,2011/10/25 0:00,2011/6/23 0:00,雪佛兰牌,力帆牌,364547000000000000 ,364547000000000000 ,197110,197608,7,4,5,工作日,早高峰(7-9点),2015-05-15,2015年5月15日,阵雨 /阵雨,25℃ / 16℃,东北风 ≤3级 /东北风 ≤3级,阵雨,阵雨,25,16,东北风,≤3级,东北风,≤3级,day
2015-04-24 18:45:00,朱昌镇,7、未按规定让行的 ,负全部责任,不负责任,1,贵AA596C,银,1,贵A3683C,红,铁二局驾校,520123,2013/3/18 0:00,2010/8/6 0:00,力帆牌,吉利全球鹰牌,364557000000000000 ,36455651875567768X,197907,197311,18,4,4,工作日,晚高峰(17-19点),2015-04-24,2015年4月24日,阴 /小雨,16℃ / 11℃,东风 ≤3级 /东风 ≤3级,阴,小雨,16,11,东风,≤3级,东风,≤3级,day
2015-03-10 18:15:00,西二环,1、追尾的,负全部责任,不负责任,1,贵A68F63,蓝,1,贵ARL061,红,铁二局驾校,-1,2012/8/22 0:00,-1,北京现代牌,长安牌,364548000000000000 ,354166000000000000 ,199010,197407,18,1,3,工作日,晚高峰(17-19点),2015-03-10,2015年3月10日,小雨 /小雨,8℃ / 4℃,东北风 ≤3级 /东北风 ≤3级,小雨,小雨,8,4,东北风,≤3级,东北风,≤3级,day
2015-05-23 15:00:00,解放路,7、未按规定让行的 ,负全部责任,不负责任,1,贵A99J25,白色,1,贵AP5986,白色,铁二局驾校,自培,2012/4/18 0:00,1997/2/3 0:00,马自达牌,大阳牌,364547000000000000 ,364547000000000000 ,196510,196003,15,5,5,工作日,非高峰,2015-05-23,2015年5月23日,阵雨 /阴,19℃ / 14℃,东北风 ≤3级 /东北风 ≤3级,阵雨,阴,19,14,东北风,≤3级,东北风,≤3级,day
2015-04-01 13:59:00,中华中路,7、未按规定让行的 ,负全部责任,不负责任,1,贵A56L11,银,1,贵AF6862,白,铁二局驾校,路路达驾校,2012/5/10 0:00,2014/1/2 0:00,荣威牌,东风标致牌,364548000000000000 ,364548000000000000 ,198611,196307,13,2,4,工作日,非高峰,2015-04-01,2015年4月1日,多云 /多云,29℃ / 19℃,南风 ≤3级 /南风 ≤3级,多云,多云,29,19,南风,≤3级,南风,≤3级,day
2015-03-25 09:10:00,白云区,3、倒车的,负全部责任,不负责任,0,贵GQ8132,白,0,贵ANW566,蓝,铁二局驾校,520102,2012/7/20 0:00,2007/11/23 0:00,福克斯牌,福克斯牌,366369000000000000 ,364548000000000000 ,197301,197110,9,2,3,工作日,早高峰(7-9点),2015-03-25,2015年3月25日,阴 /阵雨,14℃ / 9℃,东北风 ≤3级 /东北风 ≤3级,阴,阵雨,14,9,东北风,≤3级,东北风,≤3级,day
2015-05-01 09:12:00,金阳,7、未按规定让行的 ,负全部责任,不负责任,1,贵JBS151,白,1,贵A1375Z,蓝,铁二局驾校,贵阳金马驾驶培训有限公司,2013/6/7 0:00,2012/3/23 0:00,-1,大众汽车牌,366067000000000000 ,364557000000000000 ,197712,197812,9,4,5,工作日,早高峰(7-9点),2015-05-01,2015年5月1日,阵雨 /多云,25℃ / 14℃,东南风 ≤3级 /东北风 ≤3级,阵雨,多云,25,14,东南风,≤3级,东北风,≤3级,day
2015-04-10 17:00:00,云环中路,7、未按规定让行的 ,负全部责任,不负责任,1,贵A27544,黄,1,贵AGG283,白,铁二局驾校,诚信驾驶培训学校,2012/7/30 0:00,2014/8/15 0:00,申星牌,天马牌,366367000000000000 ,366061000000000000 ,197902,197909,17,4,4,工作日,晚高峰(17-19点),2015-04-10,2015年4月10日,小雨 /小雨,12℃ / 8℃,东北风 ≤3级 /东北风 ≤3级,小雨,小雨,12,8,东北风,≤3级,东北风,≤3级,day
2015-03-14 20:00:00,贵开路,1、追尾的,负全部责任,不负责任,0,贵A659C6,黄,1,贵A54V34,银,铁二局驾校,贵州晨运驾驶培训学校,2013/12/18 0:00,2011/12/13 0:00,跃进牌,长安牌,364596000000000000 ,364596000000000000 ,198506,197710,20,5,3,工作日,非高峰,2015-03-14,2015年3月14日,阴 /阴,17℃ / 12℃,南风 ≤3级 /东南风 ≤3级,阴,阴,17,12,南风,≤3级,东南风,≤3级,night
2015-04-21 08:00:00,小河三江口,7、未按规定让行的 ,负全部责任,不负责任,1,贵A89M76,白色,1,贵A89N32,白色,铁二局驾校,长运驾校,2013/12/18 0:00,2013/8/27 0:00,一汽牌,长安牌,374796000000000000 ,36636051814746395X,198110,197903,8,1,4,工作日,早高峰(7-9点),2015-04-21,2015年4月21日,阴 /阵雨,17℃ / 10℃,东北风 ≤3级 /东北风 ≤3级,阴,阵雨,17,10,东北风,≤3级,东北风,≤3级,day
2015-02-08 18:30:00,中华中路,7、未按规定让行的 ,负全部责任,不负责任,1,贵GV489,白,1,贵AU5521,绿,铁二局驾校,（乌当区）新天驾驶培训有限公司,2014/9/5 0:00,2007/5/21 0:00,-1,宗申牌,364596000000000000 ,364568000000000000 ,198508,198804,18,6,2,周末,晚高峰(17-19点),2015-02-08,2015年2月8日,阴 /阴,7℃ / 3℃,东北风 ≤3级 /南风 ≤3级,阴,阴,7,3,东北风,≤3级,南风,≤3级,day
2015-04-23 16:00:00,三桥,7、未按规定让行的 ,负全部责任,不负责任,1,贵A5234A,白色,1,贵ANN838,白色,铁二局驾校,自培,2013/7/22 0:00,2006/9/27 0:00,长安牌,起亚牌,366068000000000000 ,366068000000000000 ,198806,198808,16,3,4,工作日,非高峰,2015-04-23,2015年4月23日,阴 /小雨,16℃ / 10℃,东北风 ≤3级 /东北风 ≤3级,阴,小雨,16,10,东北风,≤3级,东北风,≤3级,day
2015-05-10 15:33:00,花果园,7、未按规定让行的 ,负全部责任,不负责任,1,贵HW1221,蓝,0,贵A99769,黑,铁二局驾校,泥桥驾校,2013/8/1 0:00,-1,-1,时风牌,366267000000000000 ,366577000000000000 ,197410,198308,15,6,5,周末,非高峰,2015-05-10,2015年5月10日,阵雨 /雷阵雨,25℃ / 14℃,南风 ≤3级 /南风 ≤3级,阵雨,雷阵雨,25,14,南风,≤3级,南风,≤3级,day
2015-05-21 07:35:00,渔安立交桥,8、依法应负全责的其他情形,负全部责任,不负责任,1,贵A78R81,蓝,1,贵A2BR74,白,铁二局驾校,-1,2014/3/12 0:00,-1,大众牌,大众汽车牌,364547000000000000 ,74065500000000000 ,196204,198212,7,3,5,工作日,早高峰(7-9点),2015-05-21,2015年5月21日,阴 /阵雨,24℃ / 16℃,东风 ≤3级 /东风 ≤3级,阴,阵雨,24,16,东风,≤3级,东风,≤3级,day
2015-05-08 00:00:00,护国路,1、追尾的,负全部责任,不负责任,1,贵GM6250,白色,1,贵AU9624,白色,铁二局驾校,铁二局驾校,2013/7/24 0:00,2011/10/25 0:00,-1,宗申牌,364547000000000000 ,366569000000000000 ,199111,198408,0,4,5,工作日,非高峰,2015-05-08,2015年5月8日,阵雨 /多云,25℃ / 15℃,东南风 ≤3级 /东北风 ≤3级,阵雨,多云,25,15,东南风,≤3级,东北风,≤3级,night
2015-03-26 16:40:00,小河,1、追尾的,负全部责任,不负责任,1,贵GV3045,黑色,1,贵AFC017,白色,铁二局驾校,毕节地区黔中驾校,2014/8/14 0:00,-1,长安牌,依维柯牌,366067000000000000 ,366068000000000000 ,198601,197612,16,3,3,工作日,非高峰,2015-03-26,2015年3月26日,阴 /阵雨,17℃ / 12℃,南风 ≤3级 /南风 ≤3级,阴,阵雨,17,12,南风,≤3级,南风,≤3级,day
2015-03-23 16:40:00,二戈寨,9、不符合前8款规定或者双方同时具有上述情形的,负同等责任,负同等责任,1,贵A99M19,白色,1,贵JAR553,白色,铁二局驾校,诚信驾驶培训学校,2014/12/1 0:00,2012/12/7 0:00,福克斯牌,丰田牌,366667000000000000 ,364548000000000000 ,198906,199101,16,0,3,工作日,非高峰,2015-03-23,2015年3月23日,多云 /阴,17℃ / 9℃,东北风 ≤3级 /东北风 ≤3级,多云,阴,17,9,东北风,≤3级,东北风,≤3级,day
2015-05-11 09:51:00,大川白金城,1、追尾的,负全部责任,不负责任,1,贵AC4678,红,1,贵AW6552,黄,（南明区）铁二局驾驶培训有限公司,自培,2009/5/14 0:00,2002/3/19 0:00,鑫源牌,建设牌,366361000000000000 ,36676551214953409X,197003,196908,9,0,5,工作日,早高峰(7-9点),2015-05-11,2015年5月11日,多云 /多云,24℃ / 13℃,东北风 ≤3级 /东北风 ≤3级,多云,多云,24,13,东北风,≤3级,东北风,≤3级,day
2015-05-11 12:00:00,二铺,1、追尾的,负全部责任,不负责任,1,贵GV3045,白色,1,贵AA7079,白色,铁二局驾校,自培,2014/8/14 0:00,2002/1/17 0:00,长安牌,大众牌,366067000000000000 ,364548000000000000 ,198601,197802,12,0,5,工作日,非高峰,2015-05-11,2015年5月11日,多云 /多云,24℃ / 13℃,东北风 ≤3级 /东北风 ≤3级,多云,多云,24,13,东北风,≤3级,东北风,≤3级,day
2015-04-06 12:30:00,五里冲,8、依法应负全责的其他情形,负全部责任,不负责任,1,贵AMV027,银,1,贵A55N82,白,铁二局驾校,自培,2014/11/13 0:00,2000/11/24 0:00,长安牌,丰田牌,364556000000000000 ,36454751274556360X,198202,196301,12,0,4,工作日,非高峰,2015-04-06,2015年4月6日,阵雨 /阵雨,17℃ / 7℃,东北风 ≤3级 /东北风 ≤3级,阵雨,阵雨,17,7,东北风,≤3级,东北风,≤3级,day