accidenttime,accidentaddr,driver1fault,driver1responsibility,driver2responsibility,sex1,platenumber1,carcolor1,sex2,platenumber2,carcolor2,jxmc1,jxmc2,cclzrq1,cclzrq2,clpp1,clpp2,driver1license,driver2license,brith1,brith2,hour,weekday,month,is_weekday,peak_hour,date,日期,天气状况,气温,风力风向,day_wea,night_wea,day_tep,night_tep,day_wind_direction,day_wind_speed,night_wind_direction,night_wind_speed,segment
2015-05-06 16:20:00,沙河街,9、不符合前8款规定或者双方同时具有上述情形的,负同等责任,不负责任,1,贵A3R733,红,1,贵A94M61,黄,新天驾校,自培,2006/2/27 0:00,2010/9/17 0:00,-1,长安牌,366367000000000000 ,366546000000000000 ,197501,198501,16,2,5,工作日,非高峰,2015-05-06,2015年5月6日,多云 /多云,25℃ / 16℃,东北风 ≤3级 /南风 ≤3级,多云,多云,25,16,东北风,≤3级,南风,≤3级,day
2015-05-19 18:40:00,大关村,7、未按规定让行的 ,负全部责任,不负责任,1,贵AHV948,红,1,贵AC723C,黑,（南明区）铁二局驾驶培训有限公司,毕节地区金春汽车驾驶培训学校,2005/2/28 0:00,2012/8/30 0:00,-1,启辰牌,364557000000000000 ,364567000000000000 ,195610,198611,18,1,5,工作日,晚高峰(17-19点),2015-05-19,2015年5月19日,阵雨 /大雨,25℃ / 18℃,东北风 ≤3级 /南风 ≤3级,阵雨,大雨,25,18,东北风,≤3级,南风,≤3级,day
2015-02-06 15:20:00,马王庙,4、停车时未挂低速档、未拉驻车制动，导致车辆滑行的,负全部责任,不负责任,1,贵AU1903,绿,1,贵BQ7293,蓝,吉源驾校（南明区）,贵州省长安驾驶培训学校,2008/3/4 0:00,2012/7/12 0:00,隆鑫牌,雪佛兰牌,366361000000000000 ,364646000000000000 ,197812,198607,15,4,2,工作日,非高峰,2015-02-06,2015年2月6日,多云 /小雨,9℃ / 2℃,南风 ≤3级 /南风 ≤3级,多云,小雨,9,2,南风,≤3级,南风,≤3级,day
2015-02-27 15:50:00,红边门,5、开关车门的,负全部责任,不负责任,1,贵AU8821,绿,1,贵AUA059,白,（南明区）铁二局驾驶培训有限公司,自培,2008/5/16 0:00,2010/3/3 0:00,瑞麒牌,丰田牌,366566000000000000 ,366367000000000000 ,198109,196609,15,4,2,工作日,非高峰,2015-02-27,2015年2月27日,多云 /阵雨,21℃ / 5℃,南风 ≤3级 /南风 ≤3级,多云,阵雨,21,5,南风,≤3级,南风,≤3级,day
2015-05-12 08:00:00,紫林庵,7、未按规定让行的 ,负全部责任,不负责任,1,贵A3A733,红,1,贵ASX133,白,新天驾校,自培,2006/2/27 0:00,2002/1/25 0:00,-1,东风日产牌,366367000000000000 ,364558000000000000 ,197501,197606,8,1,5,工作日,早高峰(7-9点),2015-05-12,2015年5月12日,阴 /雷阵雨,24℃ / 13℃,南风 ≤3级 /南风 ≤3级,阴,雷阵雨,24,13,南风,≤3级,南风,≤3级,day
2015-03-14 18:00:00,金平乡,7、未按规定让行的 ,负全部责任,不负责任,1,贵JBU365,灰色,1,贵A23X88,红色,（南明区）铁二局驾驶培训有限公司,自培,2006/12/27 0:00,2001/12/13 0:00,五菱牌,东风日产牌,364557000000000000 ,364557000000000000 ,197505,198304,18,5,3,工作日,晚高峰(17-19点),2015-03-14,2015年3月14日,阴 /阴,17℃ / 12℃,南风 ≤3级 /东南风 ≤3级,阴,阴,17,12,南风,≤3级,东南风,≤3级,day
2015-03-08 20:57:00,涴沙桥,9、不符合前8款规定或者双方同时具有上述情形的,负同等责任,负同等责任,1,贵AU1246,黑,1,贵A19G61,黑,文通驾校,文通驾校,2006/12/25 0:00,2000/12/15 0:00,丰田牌,宝骏牌,366367000000000000 ,366670000000000000 ,198309,196706,20,6,3,周末,非高峰,2015-03-08,2015年3月8日,小雨 /阴,11℃ / 6℃,东北风 ≤3级 /东北风 ≤3级,小雨,阴,11,6,东北风,≤3级,东北风,≤3级,night
2015-02-26 10:25:00,世纪城,3、倒车的,负全部责任,不负责任,1,贵A3506W,黑,1,贵AN8828,红,消防驾校,自培,2007/4/18 0:00,2002/11/29 0:00,明锐(Octavia)牌,沃尔沃牌,364557000000000000 ,364547000000000000 ,197410,197501,10,3,2,工作日,非高峰,2015-02-26,2015年2月26日,阴 /小雨,12℃ / 9℃,东风 ≤3级 /南风 ≤3级,阴,小雨,12,9,东风,≤3级,南风,≤3级,day
2015-03-19 14:00:00,飞山街,7、未按规定让行的 ,负全部责任,不负责任,1,贵AU6141,绿,1,贵AKB247,蓝,（南明区）铁二局驾驶培训有限公司,金筑驾校,2009/9/27 0:00,2005/2/7 0:00,恒通客车牌,波罗牌,364548000000000000 ,364547000000000000 ,198907,198410,14,3,3,工作日,非高峰,2015-03-19,2015年3月19日,多云 /阵雨,26℃ / 12℃,南风 ≤3级 /东北风 ≤3级,多云,阵雨,26,12,南风,≤3级,东北风,≤3级,day
2015-03-16 16:06:00,钱春路,8、依法应负全责的其他情形,负全部责任,不负责任,1,贵A250B7,白,1,贵A4E568,银,铁二局驾校,520123,2011/2/22 0:00,2008/8/25 0:00,福田牌,-1,364568000000000000 ,366347000000000000 ,198812,197812,16,0,3,工作日,非高峰,2015-03-16,2015年3月16日,阴 /多云,20℃ / 15℃,南风 ≤3级 /南风 ≤3级,阴,多云,20,15,南风,≤3级,南风,≤3级,day
2015-03-29 16:00:00,东站,7、未按规定让行的 ,负全部责任,不负责任,1,贵ATR072,白色,1,贵A66Z66,白色,铁二局驾校,-1,2010/12/29 0:00,-1,长安牌,金杯牌,36454651865549395X,05746151814965305X,197211,197908,16,6,3,周末,非高峰,2015-03-29,2015年3月29日,阴 /多云,18℃ / 15℃,东风 ≤3级 /南风 ≤3级,阴,多云,18,15,东风,≤3级,南风,≤3级,day
2015-04-13 08:30:00,富源路,7、未按规定让行的 ,负全部责任,不负责任,1,贵A54C82,黑色,1,贵A927A2,白色,（南明区）铁二局驾驶培训有限公司,-1,2009/7/14 0:00,-1,波罗牌,五十铃牌,366664000000000000 ,354664000000000000 ,197207,197508,8,0,4,工作日,早高峰(7-9点),2015-04-13,2015年4月13日,晴 /多云,23℃ / 8℃,东北风 ≤3级 /东北风 ≤3级,晴,多云,23,8,东北风,≤3级,东北风,≤3级,day
2015-04-06 16:00:00,富源南路,3、倒车的,负全部责任,不负责任,1,贵ATW522,白色,1,贵A1862N,白色,铁二局驾校,-1,2010/10/29 0:00,-1,东南牌,大众牌,364556000000000000 ,36450500000000000 ,197409,974092,16,0,4,工作日,非高峰,2015-04-06,2015年4月6日,阵雨 /阵雨,17℃ / 7℃,东北风 ≤3级 /东北风 ≤3级,阵雨,阵雨,17,7,东北风,≤3级,东北风,≤3级,day
2015-04-03 07:10:00,西南家居城,8、依法应负全责的其他情形,负全部责任,不负责任,1,贵AA912H,红,1,贵CKE724,白,自培,-1,2011/9/4 0:00,-1,英致牌,雪佛兰牌,364566000000000000 ,364558000000000000 ,199003,198610,7,4,4,工作日,早高峰(7-9点),2015-04-03,2015年4月3日,多云 /多云,30℃ / 19℃,南风 ≤3级 /南风 ≤3级,多云,多云,30,19,南风,≤3级,南风,≤3级,day
2015-04-25 09:50:00,油榨街,3、倒车的,负全部责任,不负责任,1,贵AS5724,白色,1,贵A1RS61,白色,铁二局驾校,-1,2013/10/18 0:00,-1,金轮牌,-1,366864000000000000 ,366766000000000000 ,199302,198707,9,5,4,工作日,早高峰(7-9点),2015-04-25,2015年4月25日,阴 /阵雨,20℃ / 11℃,东风 ≤3级 /东南风 ≤3级,阴,阵雨,20,11,东风,≤3级,东南风,≤3级,day
2015-05-19 16:00:00,花溪平桥,7、未按规定让行的 ,负全部责任,不负责任,1,贵A6BW21,白色,1,贵GAA987,白色,铁二局驾校,-1,2012/11/9 0:00,-1,东风日产牌,-1,364547000000000000 ,366246000000000000 ,196407,197906,16,1,5,工作日,非高峰,2015-05-19,2015年5月19日,阵雨 /大雨,25℃ / 18℃,东北风 ≤3级 /南风 ≤3级,阵雨,大雨,25,18,东北风,≤3级,南风,≤3级,day
2015-02-02 16:00:00,油榨街青年路加油站,3、倒车的,负全部责任,不负责任,1,贵A28N48,黑色,1,贵AB3X67,黑色,铁二局驾校,-1,2012/7/12 0:00,-1,翼虎牌,-1,364547000000000000 ,36666200000000000 ,198902,198503,16,0,2,工作日,非高峰,2015-02-02,2015年2月2日,阴 /小雨,7℃ / 3℃,南风 ≤3级 /东南风 ≤3级,阴,小雨,7,3,南风,≤3级,东南风,≤3级,day
2015-03-13 18:30:00,西南环线,8、依法应负全责的其他情形,负全部责任,不负责任,1,贵A2747U,白色,1,贵A95F12,白色,铁二局驾校,鑫鑫驾校,2013/3/26 0:00,2012/3/8 0:00,北京现代牌,豪情牌,364551000000000000 ,364551000000000000 ,197908,199010,18,4,3,工作日,晚高峰(17-19点),2015-03-13,2015年3月13日,多云 /阵雨,17℃ / 12℃,南风 ≤3级 /南风 ≤3级,多云,阵雨,17,12,南风,≤3级,南风,≤3级,day
2015-04-03 08:00:00,贵惠大道,1、追尾的,负全部责任,不负责任,1,贵A3378A,白色,1,贵AG6078,白色,铁二局驾校,自培,2013/10/10 0:00,2013/5/28 0:00,长安牌,骏派牌,366068000000000000 ,364551000000000000 ,198402,199202,8,4,4,工作日,早高峰(7-9点),2015-04-03,2015年4月3日,多云 /多云,30℃ / 19℃,南风 ≤3级 /南风 ≤3级,多云,多云,30,19,南风,≤3级,南风,≤3级,day
2015-03-31 12:00:00,花香村,7、未按规定让行的 ,负全部责任,不负责任,0,贵A0BY70,银,1,贵AU3684,蓝,自培,消防驾校,2012/7/20 0:00,2002/6/25 0:00,金旅牌,万达牌,366046000000000000 ,364558000000000000 ,198408,197206,12,1,3,工作日,非高峰,2015-03-31,2015年3月31日,多云 /多云,28℃ / 19℃,南风 ≤3级 /南风 ≤3级,多云,多云,28,19,南风,≤3级,南风,≤3级,day
2015-03-24 07:50:00,东山,7、未按规定让行的 ,负全部责任,不负责任,1,贵A770C6,白,1,贵AR0135,银,铁二局驾校,-1,2013/9/29 0:00,-1,南骏牌,大众牌,364547000000000000 ,366875000000000000 ,196306,197205,7,1,3,工作日,早高峰(7-9点),2015-03-24,2015年3月24日,小雨 /阵雨,13℃ / 7℃,东北风 ≤3级 /东北风 ≤3级,小雨,阵雨,13,7,东北风,≤3级,东北风,≤3级,day
2015-05-04 10:00:00,纪念塔,7、未按规定让行的 ,负全部责任,不负责任,1,贵A27W53,白色,1,贵AU0655,白色,铁二局驾校,-1,2014/12/26 0:00,-1,起亚牌,银翔牌,366068000000000000 ,366566000000000000 ,199010,197008,10,0,5,工作日,非高峰,2015-05-04,2015年5月4日,阵雨 /阵雨,20℃ / 14℃,东北风 ≤3级 /东北风 ≤3级,阵雨,阵雨,20,14,东北风,≤3级,东北风,≤3级,day
2015-05-20 09:05:00,金阳大道,7、未按规定让行的 ,负全部责任,不负责任,1,贵GD2788,黑,1,贵A87943,白,铁二局驾校,-1,2014/2/27 0:00,-1,-1,星马牌,4677520000000000 ,376361000000000000 ,198205,197706,9,2,5,工作日,早高峰(7-9点),2015-05-20,2015年5月20日,阴 /阵雨,23℃ / 17℃,东北风 ≤3级 /东北风 ≤3级,阴,阵雨,23,17,东北风,≤3级,东北风,≤3级,day
2015-03-24 13:35:00,大关,8、依法应负全责的其他情形,负全部责任,不负责任,1,贵CFA247,银,0,贵AGD969,黑,毕节地区金春汽车驾驶培训学校,金大驾校,-1,2012/8/24 0:00,长安牌,英菲尼迪 JX35,366061000000000000 ,364558000000000000 ,199012,198502,13,1,3,工作日,非高峰,2015-03-24,2015年3月24日,小雨 /阵雨,13℃ / 7℃,东北风 ≤3级 /东北风 ≤3级,小雨,阵雨,13,7,东北风,≤3级,东北风,≤3级,day
2015-04-15 09:00:00,艺校,7、未按规定让行的 ,负全部责任,不负责任,1,贵FL2642,蓝,1,贵AU0326,蓝,六盘水里程驾驶培训有限公司,99,2006/7/19 0:00,2010/1/18 0:00,金杯牌,奇瑞牌,366067000000000000 ,364647000000000000 ,197810,198803,9,2,4,工作日,早高峰(7-9点),2015-04-15,2015年4月15日,多云 /多云,24℃ / 16℃,东南风 ≤3级 /南风 ≤3级,多云,多云,24,16,东南风,≤3级,南风,≤3级,day
2015-02-08 10:32:00,长岭北路,9、不符合前8款规定或者双方同时具有上述情形的,负全部责任,不负责任,1,贵ANA592,黑,1,贵GT4268,蓝,毕节市顺达汽车驾驶培训学校,路路达驾校,-1,2014/5/6 0:00,福田牌,福克斯牌,366046000000000000 ,366275000000000000 ,198611,198505,10,6,2,周末,非高峰,2015-02-08,2015年2月8日,阴 /阴,7℃ / 3℃,东北风 ≤3级 /南风 ≤3级,阴,阴,7,3,东北风,≤3级,南风,≤3级,day
2015-02-08 11:00:00,贵惠大道,8、依法应负全责的其他情形,负全部责任,不负责任,1,贵FR1002,黑色,1,贵A9081U,黑色,毕节市顺达汽车驾驶培训学校,-1,2012/3/31 0:00,-1,奥迪牌,朗风牌,366046000000000000 ,366067000000000000 ,198710,197311,11,6,2,周末,非高峰,2015-02-08,2015年2月8日,阴 /阴,7℃ / 3℃,东北风 ≤3级 /南风 ≤3级,阴,阴,7,3,东北风,≤3级,南风,≤3级,day
2015-03-07 15:30:00,花果园,1、追尾的,负全部责任,不负责任,1,贵A693D8,白,1,贵AGF724,黑,路顺驾校,鑫鑫驾校,2010/12/29 0:00,2010/11/23 0:00,长安牌,一汽佳星,366361000000000000 ,364547000000000000 ,198303,195311,15,5,3,工作日,非高峰,2015-03-07,2015年3月7日,阴 /小雨,10℃ / 5℃,东风 ≤3级 /东南风 ≤3级,阴,小雨,10,5,东风,≤3级,东南风,≤3级,day
2015-04-04 12:00:00,花溪公园,7、未按规定让行的 ,负全部责任,不负责任,1,贵FX8190,白色,1,贵GGD205,白色,毕节地区金春汽车驾驶培训学校,诚信驾驶培训学校,-1,2013/8/15 0:00,北京现代牌,-1,366061000000000000 ,364556000000000000 ,198803,198604,12,5,4,工作日,非高峰,2015-04-04,2015年4月4日,多云 /多云,29℃ / 18℃,南风 ≤3级 /南风 ≤3级,多云,多云,29,18,南风,≤3级,南风,≤3级,day
2015-02-04 19:30:00,东林寺路,4、停车时未挂低速档、未拉驻车制动，导致车辆滑行的,负全部责任,不负责任,1,贵AA817F ,银,1,贵A6290E,银,大方县龙飞汽车(摩托车)驾驶培训学校,消防驾校,2014/8/4 0:00,2011/10/19 0:00,-1,英伦牌,366046000000000000 ,364548000000000000 ,197606,197512,19,2,2,工作日,晚高峰(17-19点),2015-02-04,2015年2月4日,小雨 /小雨,4℃ / 0℃,东北风 ≤3级 /东北风 ≤3级,小雨,小雨,4,0,东北风,≤3级,东北风,≤3级,day
2015-03-31 13:00:00,南明区工具厂大门前,7、未按规定让行的 ,负全部责任,不负责任,1,贵A8BK69,白色,1,贵A3AM25,白色,织金县平远汽车驾驶培训学校,市汽车摩托车驾校,-1,-1,金杯牌,大众汽车牌,366064000000000000 ,366546000000000000 ,197707,197903,13,1,3,工作日,非高峰,2015-03-31,2015年3月31日,多云 /多云,28℃ / 19℃,南风 ≤3级 /南风 ≤3级,多云,多云,28,19,南风,≤3级,南风,≤3级,day
2015-02-07 13:25:00,花溪大道南段,8、依法应负全责的其他情形,负全部责任,不负责任,1,浙BC7S81,白色,1,贵AU7499,白色,赫章县汽车(摩托车)驾驶培训学校,自培,-1,2005/9/15 0:00,无,轻骑牌,366070000000000000 ,364548000000000000 ,198608,198706,13,5,2,工作日,非高峰,2015-02-07,2015年2月7日,阴 /阴,8℃ / 3℃,东北风 ≤3级 /东北风 ≤3级,阴,阴,8,3,东北风,≤3级,东北风,≤3级,day
2015-04-21 12:00:00,金阳南路,7、未按规定让行的 ,负全部责任,不负责任,1,贵GQ5978,白色,1,贵A67V15,白色,大方县银春汽车驾驶培训学校,阳光驾校,-1,2011/10/19 0:00,起亚牌,五菱牌,344678000000000000 ,366064000000000000 ,198310,197412,12,1,4,工作日,非高峰,2015-04-21,2015年4月21日,阴 /阵雨,17℃ / 10℃,东北风 ≤3级 /东北风 ≤3级,阴,阵雨,17,10,东北风,≤3级,东北风,≤3级,day
2015-04-23 08:10:00,甘荫塘,3、倒车的,负全部责任,不负责任,1,贵F67242,白色,1,贵AJD535,白色,织金县平远汽车驾驶培训学校,（南明区）阳光驾驶培训有限公司,-1,2009/12/10 0:00,长安牌,长安牌,36606251164650265X,364557000000000000 ,199202,196611,8,3,4,工作日,早高峰(7-9点),2015-04-23,2015年4月23日,阴 /小雨,16℃ / 10℃,东北风 ≤3级 /东北风 ≤3级,阴,小雨,16,10,东北风,≤3级,东北风,≤3级,day
2015-03-08 11:40:00,世纪城,1、追尾的,负全部责任,不负责任,1,贵A899A9,银,1,贵AES597,银,赫章县汽车(摩托车)驾驶培训学校,520106,2012/11/28 0:00,2008/12/16 0:00,长安牌,东风雪铁龙牌,36604551894568737X,366068000000000000 ,197801,197408,11,6,3,周末,非高峰,2015-03-08,2015年3月8日,小雨 /阴,11℃ / 6℃,东北风 ≤3级 /东北风 ≤3级,小雨,阴,11,6,东北风,≤3级,东北风,≤3级,day
2015-04-01 16:00:00,浣纱桥,7、未按规定让行的 ,负全部责任,不负责任,1,贵FM3236,白色,1,贵A87Z72,白色,织金县织通驾驶培训学校,顺一驾驶培训学校,-1,2012/12/4 0:00,东风日产牌,大众牌,366064000000000000 ,366864000000000000 ,196910,198210,16,2,4,工作日,非高峰,2015-04-01,2015年4月1日,多云 /多云,29℃ / 19℃,南风 ≤3级 /南风 ≤3级,多云,多云,29,19,南风,≤3级,南风,≤3级,day
2015-02-05 10:30:00,兴关路停车场,7、未按规定让行的 ,负全部责任,不负责任,1,贵AEM707,白色,1,贵ALA557,黑色,织金县织通驾驶培训学校,预约考试窗口,2011/6/15 0:00,2006/8/23 0:00,波罗牌,圣路牌,366064000000000000 ,364547000000000000 ,198907,197710,10,3,2,工作日,非高峰,2015-02-05,2015年2月5日,阴 /阴,3℃ / 0℃,东北风 ≤3级 /东北风 ≤3级,阴,阴,3,0,东北风,≤3级,东北风,≤3级,day
2015-05-27 16:00:00,大南门,7、未按规定让行的 ,负全部责任,不负责任,1,贵GZ5681,白色,1,贵A18W45,白色,安顺市顺安汽车（摩托车）驾驶培训学校,十一驾驶培训有限公司,-1,2013/10/9 0:00,-1,奥迪牌,366346000000000000 ,364596000000000000 ,197611,199302,16,2,5,工作日,非高峰,2015-05-27,2015年5月27日,阴 /阵雨,26℃ / 20℃,南风 ≤3级 /东北风 ≤3级,阴,阵雨,26,20,南风,≤3级,东北风,≤3级,day
2015-05-28 10:00:00,小河快培中心门口,3、倒车的,负全部责任,不负责任,1,贵GZ5681,白色,1,贵A4681A,白色,安顺市顺安汽车（摩托车）驾驶培训学校,顺一驾驶培训学校,-1,2012/9/29 0:00,-1,神龙-富康,366346000000000000 ,364566000000000000 ,197611,199110,10,3,5,工作日,非高峰,2015-05-28,2015年5月28日,多云 /雷阵雨,29℃ / 19℃,南风 ≤3级 /东南风 ≤3级,多云,雷阵雨,29,19,南风,≤3级,东南风,≤3级,day
2015-03-21 09:30:00,西南环线,7、未按规定让行的 ,负全部责任,不负责任,1,贵A62L49,白色,1,贵JAE632,白色,安顺市顺安汽车（摩托车）驾驶培训学校,-1,2014/10/14 0:00,-1,斯柯达牌,北京现代牌,366346000000000000 ,356163000000000000 ,198509,198012,9,5,3,工作日,早高峰(7-9点),2015-03-21,2015年3月21日,阴 /阴,16℃ / 11℃,东北风 ≤3级 /东南风 ≤3级,阴,阴,16,11,东北风,≤3级,东南风,≤3级,day
2015-04-08 18:30:00,西二环,2、逆行的,负全部责任,不负责任,1,贵A1311B,白,1,贵A66Y59,白,毕节地区汽车(摩托车)驾驶员培训学校,-1,2010/3/19 0:00,-1,东风牌,中华牌,366046000000000000 ,36454800000000000 ,198204,198108,18,2,4,工作日,晚高峰(17-19点),2015-04-08,2015年4月8日,小雨 /小雨,10℃ / 6℃,东北风 ≤3级 /东北风 ≤3级,小雨,小雨,10,6,东北风,≤3级,东北风,≤3级,day
2015-03-14 11:40:00,金阳客站,7、未按规定让行的 ,负全部责任,不负责任,1,贵A95237,黄,1,贵CBG178,黑,安顺市顺安汽车（摩托车）驾驶培训学校,-1,2012/6/1 0:00,-1,陕汽牌,五十铃牌,366375000000000000 ,74366500000000000 ,198604,199210,11,5,3,工作日,非高峰,2015-03-14,2015年3月14日,阴 /阴,17℃ / 12℃,南风 ≤3级 /东南风 ≤3级,阴,阴,17,12,南风,≤3级,东南风,≤3级,day
2015-04-05 12:15:00,白云区,1、追尾的,负全部责任,不负责任,1,贵A0335M,红,1,贵AEF752,银,绥阳县汽车驾驶培训学校,520114,2011/2/18 0:00,2009/10/13 0:00,中华牌,福克斯牌,364558000000000000 ,366368000000000000 ,199005,197503,12,6,4,周末,非高峰,2015-04-05,2015年4月5日,阴 /阵雨,30℃ / 12℃,南风 ≤3级 /东北风 ≤3级,阴,阵雨,30,12,南风,≤3级,东北风,≤3级,day
2015-04-09 14:00:00,次南门,1、追尾的,负全部责任,不负责任,1,贵GJ6930,白色,1,贵AU7523,白色,安顺市顺安汽车（摩托车）驾驶培训学校,预约考试窗口,-1,2007/5/21 0:00,-1,松益牌,36464651934962995X,35467651874247775X,198508,197306,14,3,4,工作日,非高峰,2015-04-09,2015年4月9日,阴 /小雨,11℃ / 7℃,东北风 ≤3级 /东北风 ≤3级,阴,小雨,11,7,东北风,≤3级,东北风,≤3级,day
2015-03-20 21:30:00,小河平桥,1、追尾的,负全部责任,不负责任,1,贵AA4534,白色,1,贵A3BY23,白色,惠水宏远机动车驾驶培训有限公司,自培,-1,2014/1/24 0:00,金轮,斯柯达牌,366876000000000000 ,366863000000000000 ,198906,197204,21,4,3,工作日,非高峰,2015-03-20,2015年3月20日,阴 /阵雨,14℃ / 10℃,东北风 ≤3级 /东北风 ≤3级,阴,阵雨,14,10,东北风,≤3级,东北风,≤3级,night
2015-02-15 08:30:00,王武监狱,7、未按规定让行的 ,负全部责任,不负责任,1,贵APU362,白色,1,贵JBJ896,白色,黔西县宏远黔职驾校有限公司,-1,2011/6/14 0:00,-1,黑豹牌,长安牌,366068000000000000 ,366862000000000000 ,198812,198209,8,6,2,周末,早高峰(7-9点),2015-02-15,2015年2月15日,多云 /阴,19℃ / 8℃,南风 ≤3级 /东北风 ≤3级,多云,阴,19,8,南风,≤3级,东北风,≤3级,day
2015-02-15 20:40:00,南垭路,8、依法应负全责的其他情形,负全部责任,不负责任,1,贵A22P68,黑,1,贵CEQ623,黑,惠水宏远机动车驾驶培训有限公司,-1,2014/12/16 0:00,-1,甲壳虫,大众牌,366876000000000000 ,366566000000000000 ,198403,196908,20,6,2,周末,非高峰,2015-02-15,2015年2月15日,多云 /阴,19℃ / 8℃,南风 ≤3级 /东北风 ≤3级,多云,阴,19,8,南风,≤3级,东北风,≤3级,night
2015-04-11 12:30:00,金阳,3、倒车的,负全部责任,不负责任,0,贵A3123M,红,1,贵AU2026,黄,织金县织通驾驶培训学校,自培,2012/7/28 0:00,2006/5/15 0:00,长安牌,嘉陵牌,366064000000000000 ,356166000000000000 ,197511,196907,12,5,4,工作日,非高峰,2015-04-11,2015年4月11日,多云 /多云,15℃ / 9℃,东北风 ≤3级 /东风 ≤3级,多云,多云,15,9,东北风,≤3级,东风,≤3级,day
2015-03-19 09:48:00,北京西路,1、追尾的,负全部责任,不负责任,1,贵A31003,蓝,0,贵A37G38,银,龙里县翼翔驾驶培训有限责任公司,520136,-1,2009/8/14 0:00,红岩牌,宝马,366875000000000000 ,74365500000000000 ,199308,197101,9,3,3,工作日,早高峰(7-9点),2015-03-19,2015年3月19日,多云 /阵雨,26℃ / 12℃,南风 ≤3级 /东北风 ≤3级,多云,阵雨,26,12,南风,≤3级,东北风,≤3级,day
2015-04-05 21:40:00,公安厅,1、追尾的,负全部责任,不负责任,1,贵JDY415,绿,1,贵JDZ526,银,龙里县翼翔驾驶培训有限责任公司,文通驾校,-1,2011/9/26 0:00,北京牌,五菱牌,36687451854161587X,364566000000000000 ,197109,198707,21,6,4,周末,非高峰,2015-04-05,2015年4月5日,阴 /阵雨,30℃ / 12℃,南风 ≤3级 /东北风 ≤3级,阴,阵雨,30,12,南风,≤3级,东北风,≤3级,night
2015-05-06 09:10:00,大关隧道,1、追尾的,负全部责任,不负责任,1,贵A67S42,白,0,贵ASW882,红,贵州省黔南交通驾驶学校,520125,-1,2008/10/17 0:00,福田牌,别克牌,366846000000000000 ,366670000000000000 ,199011,198708,9,2,5,工作日,早高峰(7-9点),2015-05-06,2015年5月6日,多云 /多云,25℃ / 16℃,东北风 ≤3级 /南风 ≤3级,多云,多云,25,16,东北风,≤3级,南风,≤3级,day
2015-03-27 08:10:00,未来方舟,1、追尾的,负全部责任,不负责任,1,贵A85E33,白色,1,贵A2058A,白色,贵州省黔南交通驾驶学校,全林驾校,-1,2011/10/25 0:00,东风牌,凌派牌,366868000000000000 ,364557000000000000 ,197705,199005,8,4,3,工作日,早高峰(7-9点),2015-03-27,2015年3月27日,阵雨 /阵雨,18℃ / 13℃,南风 ≤3级 /南风 ≤3级,阵雨,阵雨,18,13,南风,≤3级,南风,≤3级,day
2015-05-22 15:00:00,孟关,3、倒车的,负全部责任,不负责任,1,贵A5573P,白色,1,贵A5317Y,白色,黔南东方机动车驾驶培训学校,吉源驾校,2012/3/5 0:00,2015/1/6 0:00,-1,福克斯牌,364556000000000000 ,364551000000000000 ,197105,199311,15,4,5,工作日,非高峰,2015-05-22,2015年5月22日,阵雨 /阵雨,19℃ / 14℃,东风 ≤3级 /东风 ≤3级,阵雨,阵雨,19,14,东风,≤3级,东风,≤3级,day
2015-05-20 16:00:00,小河,3、倒车的,负全部责任,不负责任,1,贵JCX477,白色,1,贵A585B2,白色,瓮安县鑫源驾驶培训学校,顺一驾驶培训学校,-1,2012/11/17 0:00,-1,五菱牌,366864000000000000 ,366068000000000000 ,199212,197005,16,2,5,工作日,非高峰,2015-05-20,2015年5月20日,阴 /阵雨,23℃ / 17℃,东北风 ≤3级 /东北风 ≤3级,阴,阵雨,23,17,东北风,≤3级,东北风,≤3级,day
2015-05-02 09:30:00,贵惠大道,7、未按规定让行的 ,负全部责任,不负责任,1,贵JBN479,白色,1,贵JAM652,白色,黔南荔波县樟江驾驶培训学校,-1,2011/7/22 0:00,-1,-1,-1,366877000000000000 ,366876000000000000 ,197706,196812,9,5,5,工作日,早高峰(7-9点),2015-05-02,2015年5月2日,多云 /阵雨,26℃ / 16℃,东北风 ≤3级 /东风 ≤3级,多云,阵雨,26,16,东北风,≤3级,东风,≤3级,day
2015-04-18 04:51:00,野鸭塘,9、不符合前8款规定或者双方同时具有上述情形的,负全部责任,不负责任,1,贵A7019A,黑,1,贵CC9808,白,贵州省黔南交通驾驶学校,-1,2014/6/13 0:00,-1,大众汽车牌,丰田牌,364647000000000000 ,366563000000000000 ,198901,198411,4,5,4,工作日,非高峰,2015-04-18,2015年4月18日,多云 /雷阵雨,29℃ / 16℃,南风 ≤3级 /南风 ≤3级,多云,雷阵雨,29,16,南风,≤3级,南风,≤3级,night
2015-04-15 09:40:00,西二环,1、追尾的,负全部责任,不负责任,1,贵A868G3,白色,1,贵AGX108,白色,贵州省黔南交通驾驶学校,自培,2012/4/1 0:00,2005/2/21 0:00,解放牌,东风雪铁龙牌,366864000000000000 ,364551000000000000 ,199009,197510,9,2,4,工作日,早高峰(7-9点),2015-04-15,2015年4月15日,多云 /多云,24℃ / 16℃,东南风 ≤3级 /南风 ≤3级,多云,多云,24,16,东南风,≤3级,南风,≤3级,day
2015-03-13 00:00:00,水东路,1、追尾的,负全部责任,不负责任,1,贵JN9047,白色,1,贵AEW516,白色,黔南剑江汽车驾驶培训学校,520109,-1,2008/5/14 0:00,五菱牌,大众汽车牌,366875000000000000 ,366875000000000000 ,197912,196806,0,4,3,工作日,非高峰,2015-03-13,2015年3月13日,多云 /阵雨,17℃ / 12℃,南风 ≤3级 /南风 ≤3级,多云,阵雨,17,12,南风,≤3级,南风,≤3级,night