accidenttime,accidentaddr,driver1fault,driver1responsibility,driver2responsibility,sex1,platenumber1,carcolor1,sex2,platenumber2,carcolor2,jxmc1,jxmc2,cclzrq1,cclzrq2,clpp1,clpp2,driver1license,driver2license,brith1,brith2,hour,weekday,month,is_weekday,peak_hour,date,日期,天气状况,气温,风力风向,day_wea,night_wea,day_tep,night_tep,day_wind_direction,day_wind_speed,night_wind_direction,night_wind_speed,segment
2015-03-03 21:45:00,花溪,1、追尾的,负全部责任,不负责任,1,贵JBJ811,白,1,小型,白,黔南金桥汽车驾驶培训学校,铁二局驾校,-1,2011/3/10 0:00,长安牌,-1,354664000000000000 ,364647000000000000 ,197111,198409,21,1,3,工作日,非高峰,2015-03-03,2015年3月3日,小雨 /小雨,8℃ / 3℃,东北风 ≤3级 /东北风 ≤3级,小雨,小雨,8,3,东北风,≤3级,东北风,≤3级,night
2015-03-07 07:00:00,油榨街,7、未按规定让行的 ,负全部责任,不负责任,1,贵A858G9,白色,1,贵A6AP47,白色,安顺市平坝驾校,520125,-1,2010/8/20 0:00,解放牌,福克斯牌,366363000000000000 ,366669000000000000 ,197512,197710,7,5,3,工作日,早高峰(7-9点),2015-03-07,2015年3月7日,阴 /小雨,10℃ / 5℃,东风 ≤3级 /东南风 ≤3级,阴,小雨,10,5,东风,≤3级,东南风,≤3级,day
2015-03-16 07:40:00,北京西路,1、追尾的,负全部责任,不负责任,0,贵A19B78,银,1,贵HCV833,银,瓮安县鑫源驾驶培训学校,从江县广发机动车驾驶员培训学校,-1,-1,福特牌,波罗,366864000000000000 ,366276000000000000 ,198305,195608,7,0,3,工作日,早高峰(7-9点),2015-03-16,2015年3月16日,阴 /多云,20℃ / 15℃,南风 ≤3级 /南风 ≤3级,阴,多云,20,15,南风,≤3级,南风,≤3级,day
2015-05-19 20:38:00,粑粑坳,9、不符合前8款规定或者双方同时具有上述情形的,负同等责任,负同等责任,1,贵AA303C,白,1,贵A31M76,黑,黔南金桥汽车驾驶培训学校,黔南金桥汽车驾驶培训学校,-1,2010/2/23 0:00,东风牌,大众牌,354549000000000000 ,366662000000000000 ,197906,198409,20,1,5,工作日,非高峰,2015-05-19,2015年5月19日,阵雨 /大雨,25℃ / 18℃,东北风 ≤3级 /南风 ≤3级,阵雨,大雨,25,18,东北风,≤3级,南风,≤3级,night
2015-05-05 12:03:00,金清大道,7、未按规定让行的 ,负全部责任,不负责任,1,贵ADG088,红,1,贵JB6342,白,安顺市顺达汽车驾驶培训学校,贵州现代驾驶培训责任有限公司,-1,2013/10/28 0:00,大众汽车牌,-1,366347000000000000 ,355468000000000000 ,198107,199202,12,1,5,工作日,非高峰,2015-05-05,2015年5月5日,阵雨 /阵雨,21℃ / 15℃,南风 ≤3级 /南风 ≤3级,阵雨,阵雨,21,15,南风,≤3级,南风,≤3级,day
2015-03-09 18:00:00,大营坡,7、未按规定让行的 ,负全部责任,不负责任,1,贵A9AT51,黑,0,贵A31K49,银,自培,新华驾校,2010/3/3 0:00,2014/10/8 0:00,一汽佳星牌,福克斯牌,366875000000000000 ,364558000000000000 ,195112,199006,18,0,3,工作日,晚高峰(17-19点),2015-03-09,2015年3月9日,小雨 /小雨,10℃ / 5℃,东北风 ≤3级 /东北风 ≤3级,小雨,小雨,10,5,东北风,≤3级,东北风,≤3级,day
2015-02-25 14:10:00,小河平桥,9、不符合前8款规定或者双方同时具有上述情形的,负同等责任,负同等责任,1,贵JDC437,白色,1,贵AU6112,白色,惠水县好花红驾驶培训有限责任公司,公交公司驾校,-1,2008/9/3 0:00,丰田牌,金龙牌,366862000000000000 ,366063000000000000 ,198605,198610,14,2,2,工作日,非高峰,2015-02-25,2015年2月25日,阴 /阵雨,15℃ / 8℃,东北风 ≤3级 /东北风 ≤3级,阴,阵雨,15,8,东北风,≤3级,东北风,≤3级,day
2015-04-18 11:00:00,长岭南路,8、依法应负全责的其他情形,负全部责任,不负责任,1,苏B6R769,黑,1,贵A11P93,蓝,六盘水达安驾驶培训有限公司,-1,2013/7/30 0:00,-1,丰田牌,克莱斯勒,364666000000000000 ,366570000000000000 ,198710,198302,11,5,4,工作日,非高峰,2015-04-18,2015年4月18日,多云 /雷阵雨,29℃ / 16℃,南风 ≤3级 /南风 ≤3级,多云,雷阵雨,29,16,南风,≤3级,南风,≤3级,day
2015-04-14 17:00:00,孟关,7、未按规定让行的 ,负全部责任,不负责任,1,贵A584P8,白色,1,贵AGK462,白色,贵定县诚驰机动车驾驶培训有限公司,长运驾校,-1,2014/4/28 0:00,-1,大众汽车牌,734570000000000000 ,364596000000000000 ,196205,198705,17,1,4,工作日,晚高峰(17-19点),2015-04-14,2015年4月14日,晴 /多云,22℃ / 9℃,东风 ≤3级 /东风 ≤3级,晴,多云,22,9,东风,≤3级,东风,≤3级,day
2015-03-20 21:45:00,沙冲路,7、未按规定让行的 ,负全部责任,不负责任,1,贵AVE339,白色,1,贵AU5902,白色,龙里县圣锦汽车驾驶培训学校,520101,-1,2009/4/9 0:00,大众汽车牌,五羊-本田牌,36676551974253835X,366367000000000000 ,198306,197604,21,4,3,工作日,非高峰,2015-03-20,2015年3月20日,阴 /阵雨,14℃ / 10℃,东北风 ≤3级 /东北风 ≤3级,阴,阵雨,14,10,东北风,≤3级,东北风,≤3级,night
2015-05-26 18:00:00,保利云山国际,7、未按规定让行的 ,负全部责任,不负责任,1,贵FAT771,红,1,贵ACM202,黑,贵州省黔东南州宏达驾驶学校,-1,2012/4/5 0:00,-1,-1,奥迪牌,366268000000000000 ,366046000000000000 ,198409,198208,18,1,5,工作日,晚高峰(17-19点),2015-05-26,2015年5月26日,阵雨 /雷阵雨,26℃ / 20℃,东南风 ≤3级 /东北风 ≤3级,阵雨,雷阵雨,26,20,东南风,≤3级,东北风,≤3级,day
2015-04-17 19:00:00,五里冲,1、追尾的,负全部责任,不负责任,1,贵A7934B,白色,1,贵A1450Y,白色,龙里县圣锦汽车驾驶培训学校,-1,2015/3/3 0:00,-1,长安牌,起亚牌,366875000000000000 ,366063000000000000 ,199105,197006,19,4,4,工作日,晚高峰(17-19点),2015-04-17,2015年4月17日,多云 /多云,28℃ / 19℃,南风 ≤3级 /南风 ≤3级,多云,多云,28,19,南风,≤3级,南风,≤3级,day
2015-04-13 19:55:00,碧海南路,7、未按规定让行的 ,负全部责任,不负责任,1,贵A6JG19,银,1,贵AN1078,红,贵州省黔东南州宏达驾驶学校,-1,2009/9/22 0:00,-1,-1,三鑫牌,366246000000000000 ,366561000000000000 ,198312,199309,19,0,4,工作日,晚高峰(17-19点),2015-04-13,2015年4月13日,晴 /多云,23℃ / 8℃,东北风 ≤3级 /东北风 ≤3级,晴,多云,23,8,东北风,≤3级,东北风,≤3级,day
2015-04-12 15:25:00,中山南路,7、未按规定让行的 ,负全部责任,不负责任,0,贵HAN583,白,1,贵AU5936,蓝,施秉县恒安机动车驾驶培训学校,520116,-1,2001/12/28 0:00,马自达牌,迅龙牌,366268000000000000 ,364548000000000000 ,198704,198010,15,6,4,周末,非高峰,2015-04-12,2015年4月12日,晴 /多云,21℃ / 7℃,东风 ≤3级 /东风 ≤3级,晴,多云,21,7,东风,≤3级,东风,≤3级,day
2015-03-21 17:50:00,蛮破,8、依法应负全责的其他情形,负全部责任,不负责任,1,贵J3215,黑,1,贵A2049T,白,黔东南州交通驾驶培训学校,520125,-1,2009/3/25 0:00,-1,长安牌,366262000000000000 ,36606051864148697X,198605,197209,17,5,3,工作日,晚高峰(17-19点),2015-03-21,2015年3月21日,阴 /阴,16℃ / 11℃,东北风 ≤3级 /东南风 ≤3级,阴,阴,16,11,东北风,≤3级,东南风,≤3级,day
2015-03-24 19:20:00,小河转盘,7、未按规定让行的 ,负全部责任,不负责任,1,贵ACF693,白色,1,贵AA7997,白色,黔东南州交通驾驶培训学校,-1,2008/12/11 0:00,-1,北京现代牌,风神,364548000000000000 ,364546000000000 ,194901,670608,19,1,3,工作日,晚高峰(17-19点),2015-03-24,2015年3月24日,小雨 /阵雨,13℃ / 7℃,东北风 ≤3级 /东北风 ≤3级,小雨,阵雨,13,7,东北风,≤3级,东北风,≤3级,day
2015-05-13 11:40:00,世纪城,8、依法应负全责的其他情形,负全部责任,不负责任,1,贵A7P935,红,0,贵ALF611,蓝,贵州省铜仁梵净山驾驶培训学校有限公司,新华驾校,-1,2011/10/27 0:00,-1,锋范牌,366670000000000000 ,366064000000000000 ,199112,198009,11,2,5,工作日,非高峰,2015-05-13,2015年5月13日,多云 /阵雨,26℃ / 19℃,东南风 ≤3级 /东南风 ≤3级,多云,阵雨,26,19,东南风,≤3级,东南风,≤3级,day
2015-05-01 10:20:00,浣纱路,7、未按规定让行的 ,负全部责任,不负责任,1,贵DM51989,白,1,贵A84M88,蓝,沿河县鸿发汽车驾驶培训有限公司,贵阳学院汽车驾驶培训,-1,2012/7/12 0:00,-1,昊锐牌,366669000000000000 ,56965500000000000 ,197204,198008,10,4,5,工作日,非高峰,2015-05-01,2015年5月1日,阵雨 /多云,25℃ / 14℃,东南风 ≤3级 /东北风 ≤3级,阵雨,多云,25,14,东南风,≤3级,东北风,≤3级,day
2015-03-09 16:10:00,乌当,8、依法应负全责的其他情形,负全部责任,不负责任,1,贵AJM056,红,1,贵AU0642,蓝,贵州省黔东南州宏达驾驶学校,自培,2010/2/8 0:00,2003/10/30 0:00,长城牌,奇瑞牌,366246000000000000 ,366347000000000000 ,198705,196911,16,0,3,工作日,非高峰,2015-03-09,2015年3月9日,小雨 /小雨,10℃ / 5℃,东北风 ≤3级 /东北风 ≤3级,小雨,小雨,10,5,东北风,≤3级,东北风,≤3级,day
2015-04-25 15:00:00,汤巴关,7、未按规定让行的 ,负全部责任,不负责任,1,贵DN9495,白色,1,贵CAH827,白色,贵州省德江时发汽车驾驶培训学校,警官驾校,-1,2005/6/8 0:00,纳智捷牌,奥迪牌,366669000000000000 ,784967000000000000 ,197205,196411,15,5,4,工作日,非高峰,2015-04-25,2015年4月25日,阴 /阵雨,20℃ / 11℃,东风 ≤3级 /东南风 ≤3级,阴,阵雨,20,11,东风,≤3级,东南风,≤3级,day
2015-02-08 20:40:00,平桥桥脚,7、未按规定让行的 ,负全部责任,不负责任,1,贵A37685,白色,1,贵A5200W,白色,贵州省德江时发汽车驾驶培训学校,-1,2011/10/19 0:00,-1,福田牌,雪佛兰牌,366670000000000000 ,364547000000000000 ,198809,196902,20,6,2,周末,非高峰,2015-02-08,2015年2月8日,阴 /阴,7℃ / 3℃,东北风 ≤3级 /南风 ≤3级,阴,阴,7,3,东北风,≤3级,南风,≤3级,night
2015-04-06 08:00:00,乌当下坝,7、未按规定让行的 ,负全部责任,不负责任,1,贵A2873A,白色,1,贵ES1261,白色,龙里县圣锦汽车驾驶培训学校,-1,2014/12/30 0:00,-1,五菱牌,长安牌,364557000000000000 ,366562000000000000 ,197606,198905,8,0,4,工作日,早高峰(7-9点),2015-04-06,2015年4月6日,阵雨 /阵雨,17℃ / 7℃,东北风 ≤3级 /东北风 ≤3级,阵雨,阵雨,17,7,东北风,≤3级,东北风,≤3级,day
2015-04-20 09:40:00,涴沙桥,7、未按规定让行的 ,负全部责任,不负责任,1,贵AW3996,黑,1,贵AJH849,白,（花溪区）高新十七驾驶培训有限公司,520136,2005/11/24 0:00,-1,北京现代牌,奥迪牌,364557000000000000 ,366566000000000000 ,196712,198712,9,0,4,工作日,早高峰(7-9点),2015-04-20,2015年4月20日,阴 /阴,20℃ / 11℃,东北风 ≤3级 /东北风 ≤3级,阴,阴,20,11,东北风,≤3级,东北风,≤3级,day
2015-03-05 12:20:00,太慈桥,7、未按规定让行的 ,负全部责任,不负责任,1,贵A896C7,白色,1,贵AB847H,白色,黔东南州交通驾驶培训学校,自培,2004/12/14 14:51,2006/5/30 0:00,奥铃牌,梅赛德斯-奔驰牌,366264000000000000 ,366061000000000000 ,198609,198709,12,3,3,工作日,非高峰,2015-03-05,2015年3月5日,小雨 /小雨,4℃ / 1℃,东北风 ≤3级 /东北风 ≤3级,小雨,小雨,4,1,东北风,≤3级,东北风,≤3级,day
2015-03-06 09:00:00,花溪,7、未按规定让行的 ,负全部责任,不负责任,1,贵A83G11,白色,1,贵A83G11,白色,高新驾校,贵大驾校,2011/6/24 0:00,2014/9/26 0:00,吉利美日牌,吉利美日牌,35726651955550261X,366061000000000000 ,198111,199201,9,4,3,工作日,早高峰(7-9点),2015-03-06,2015年3月6日,小雨 /小雨,5℃ / 3℃,东北风 ≤3级 /东北风 ≤3级,小雨,小雨,5,3,东北风,≤3级,东北风,≤3级,day
2015-03-04 17:07:00,中曹司大桥,9、不符合前8款规定或者双方同时具有上述情形的,负同等责任,负同等责任,1,贵AJA788,银,1,贵A401C9,蓝,（花溪区）高新十七驾驶培训有限公司,-1,2009/3/6 0:00,-1,比亚迪牌,斯卡特牌,366361000000000000 ,366566000000000000 ,197801,197610,17,2,3,工作日,晚高峰(17-19点),2015-03-04,2015年3月4日,小雨 /小雨,6℃ / 1℃,东北风 ≤3级 /东北风 ≤3级,小雨,小雨,6,1,东北风,≤3级,东北风,≤3级,day
2015-05-17 13:30:00,杨家山隧道,1、追尾的,负全部责任,不负责任,1,贵AA529L,黑,0,贵A28P76,白,高新驾校,（乌当区）新华驾驶培训有限公司,2011/6/24 0:00,2011/11/9 0:00,夏利,高尔夫牌,764044000000000000 ,366876000000000000 ,197112,197610,13,6,5,周末,非高峰,2015-05-17,2015年5月17日,阵雨 /雷阵雨,25℃ / 17℃,东北风 ≤3级 /南风 ≤3级,阵雨,雷阵雨,25,17,东北风,≤3级,南风,≤3级,day
2015-05-15 05:00:00,凤凰村路口,7、未按规定让行的 ,负全部责任,不负责任,1,贵A56P32,白色,1,贵A99S28,白色,（花溪区）高新十七驾驶培训有限公司,520102,2008/6/4 0:00,2007/11/23 0:00,长安牌,梅赛德斯-奔驰牌,364556000000000000 ,786167000000000000 ,198811,198907,5,4,5,工作日,非高峰,2015-05-15,2015年5月15日,阵雨 /阵雨,25℃ / 16℃,东北风 ≤3级 /东北风 ≤3级,阵雨,阵雨,25,16,东北风,≤3级,东北风,≤3级,night
2015-02-14 21:50:00,瑞金北路,7、未按规定让行的 ,负全部责任,不负责任,0,贵AA029K,红,1,贵AHX734,蓝,高新驾校,蓝天驾校,2011/12/7 0:00,2010/7/23 0:00,比亚迪牌,别克牌,364556000000000000 ,364548000000000000 ,198902,198504,21,5,2,工作日,非高峰,2015-02-14,2015年2月14日,阵雨 /雷阵雨,16℃ / 10℃,南风 ≤3级 /南风 ≤3级,阵雨,雷阵雨,16,10,南风,≤3级,南风,≤3级,night
2015-04-18 17:00:00,白云,1、追尾的,负全部责任,不负责任,0,贵AS5358,红,0,贵CDR862,白,高新驾校,路路达驾校,2012/12/24 0:00,2014/4/1 0:00,大阳牌,东风标致牌,366361000000000000 ,364551000000000000 ,198111,197609,17,5,4,工作日,晚高峰(17-19点),2015-04-18,2015年4月18日,多云 /雷阵雨,29℃ / 16℃,南风 ≤3级 /南风 ≤3级,多云,雷阵雨,29,16,南风,≤3级,南风,≤3级,day
2015-04-15 09:30:00,金珠西路,8、依法应负全责的其他情形,负全部责任,不负责任,1,贵A765F3,红,1,贵A0535B,银,高新驾校,文通驾校,2012/6/13 0:00,2010/2/8 0:00,福田牌,五菱牌,366347000000000000 ,366064000000000000 ,197903,198108,9,2,4,工作日,早高峰(7-9点),2015-04-15,2015年4月15日,多云 /多云,24℃ / 16℃,东南风 ≤3级 /南风 ≤3级,多云,多云,24,16,东南风,≤3级,南风,≤3级,day
2015-05-23 13:00:00,花溪,3、倒车的,负全部责任,不负责任,1,贵A388C8,白色,1,贵AFJ319,白色,高新驾校,预约考试窗口,2015/1/28 0:00,2007/7/2 0:00,长安牌,吉利牌,344605000000000000 ,366876000000000000 ,199610,197912,13,5,5,工作日,非高峰,2015-05-23,2015年5月23日,阵雨 /阴,19℃ / 14℃,东北风 ≤3级 /东北风 ≤3级,阵雨,阴,19,14,东北风,≤3级,东北风,≤3级,day
2015-05-03 13:00:00,白云区,7、未按规定让行的 ,负全部责任,不负责任,1,贵A4542N,黄,1,贵GR3931,黑,智杰驾校,预约考试窗口,2013/10/16 0:00,2007/6/27 0:00,宝马,-1,366361000000000000 ,356668000000000000 ,198407,197310,13,6,5,周末,非高峰,2015-05-03,2015年5月3日,阵雨 /阵雨,25℃ / 15℃,东北风 ≤3级 /东北风 ≤3级,阵雨,阵雨,25,15,东北风,≤3级,东北风,≤3级,day
2015-05-03 13:04:00,白云区,7、未按规定让行的 ,负全部责任,不负责任,1,贵A4542N,黄,1,贵GR3931,黑,智杰驾校,预约考试窗口,2013/10/16 0:00,2007/6/27 0:00,宝马,-1,366361000000000000 ,356668000000000000 ,198407,197310,13,6,5,周末,非高峰,2015-05-03,2015年5月3日,阵雨 /阵雨,25℃ / 15℃,东北风 ≤3级 /东北风 ≤3级,阵雨,阵雨,25,15,东北风,≤3级,东北风,≤3级,day
2015-04-13 15:00:00,乌当顺海中路,7、未按规定让行的 ,负全部责任,不负责任,1,贵A21F31,白色,1,贵A5507B,白色,（南明区）贵工大驾驶培训有限公司,全林驾校,2006/3/23 0:00,2013/11/29 0:00,吉利美日牌,北京现代牌,366569000000000000 ,364568000000000000 ,198512,199003,15,0,4,工作日,非高峰,2015-04-13,2015年4月13日,晴 /多云,23℃ / 8℃,东北风 ≤3级 /东北风 ≤3级,晴,多云,23,8,东北风,≤3级,东北风,≤3级,day
2015-05-08 18:00:00,喷水池,7、未按规定让行的 ,负全部责任,不负责任,1,贵A0BW21,白色,1,贵AG5722,白色,高新驾校,自培,2014/7/31 0:00,2000/11/13 0:00,佳乐,东风日产牌,364548000000000000 ,364548000000000000 ,195309,197602,18,4,5,工作日,晚高峰(17-19点),2015-05-08,2015年5月8日,阵雨 /多云,25℃ / 15℃,东南风 ≤3级 /东北风 ≤3级,阵雨,多云,25,15,东南风,≤3级,东北风,≤3级,day
2015-05-03 17:55:00,花果园立交桥,1、追尾的,负全部责任,不负责任,1,贵AGY752,白色,1,贵FQ6312,黑色,（南明区）贵工大驾驶培训有限公司,-1,2006/9/26 0:00,-1,帕萨特牌,丰田牌,364547000000000000 ,366046000000000000 ,198109,197403,17,6,5,周末,晚高峰(17-19点),2015-05-03,2015年5月3日,阵雨 /阵雨,25℃ / 15℃,东北风 ≤3级 /东北风 ≤3级,阵雨,阵雨,25,15,东北风,≤3级,东北风,≤3级,day
2015-04-21 17:30:00,世纪城,3、倒车的,负全部责任,不负责任,1,贵A3BM31,白,1,贵DS8522,红,贵工驾校,-1,2011/12/30 0:00,-1,大众牌,福克斯牌,357446000000000000 ,366667000000000000 ,198204,195712,17,1,4,工作日,晚高峰(17-19点),2015-04-21,2015年4月21日,阴 /阵雨,17℃ / 10℃,东北风 ≤3级 /东北风 ≤3级,阴,阵雨,17,10,东北风,≤3级,东北风,≤3级,day
2015-04-12 11:41:00,三桥,7、未按规定让行的 ,负全部责任,不负责任,1,贵A77J81,白色,1,贵A2728H,白色,贵工驾校,自培,2012/6/29 0:00,2011/12/2 0:00,昊锐牌,解放牌,724247000000000000 ,364556000000000000 ,198709,198609,11,6,4,周末,非高峰,2015-04-12,2015年4月12日,晴 /多云,21℃ / 7℃,东风 ≤3级 /东风 ≤3级,晴,多云,21,7,东风,≤3级,东风,≤3级,day
2015-05-08 18:50:00,和尚坡,7、未按规定让行的 ,负全部责任,不负责任,1,贵JBR454,黄,1,贵GY4106,白,贵工驾校,-1,2011/12/29 0:00,-1,-1,-1,366570000000000000 ,366246000000000000 ,198103,198604,18,4,5,工作日,晚高峰(17-19点),2015-05-08,2015年5月8日,阵雨 /多云,25℃ / 15℃,东南风 ≤3级 /东北风 ≤3级,阵雨,多云,25,15,东南风,≤3级,东北风,≤3级,day
2015-05-05 07:30:00,太慈桥,1、追尾的,负全部责任,不负责任,1,贵A7R049,黑,0,贵A27M87,红,天行健驾校,时发驾校,2014/12/2 0:00,2014/10/24 0:00,-1,福特牌,364547000000000000 ,366664000000000000 ,197801,198605,7,1,5,工作日,早高峰(7-9点),2015-05-05,2015年5月5日,阵雨 /阵雨,21℃ / 15℃,南风 ≤3级 /南风 ≤3级,阵雨,阵雨,21,15,南风,≤3级,南风,≤3级,day
2015-04-22 09:28:00,汤家坡,9、不符合前8款规定或者双方同时具有上述情形的,负同等责任,负同等责任,1,贵AA244G,白色,1,贵F5929,白色,贵工驾校,贵工驾校,2014/8/7 0:00,-1,雪佛兰,尼桑牌,366064000000000000 ,366064000000000000 ,196710,196707,9,2,4,工作日,早高峰(7-9点),2015-04-22,2015年4月22日,小雨 /小雨,15℃ / 10℃,东北风 ≤3级 /东北风 ≤3级,小雨,小雨,15,10,东北风,≤3级,东北风,≤3级,day
2015-05-30 15:00:00,花溪,7、未按规定让行的 ,负全部责任,不负责任,1,贵ALU529,白色,1,贵A0N037,白色,贵大驾校,自培,2012/12/29 0:00,-1,北京现代牌,-1,366363000000000000 ,357475000000000000 ,197312,199003,15,5,5,工作日,非高峰,2015-05-30,2015年5月30日,阵雨 /阵雨,23℃ / 17℃,东北风 ≤3级 /东风 ≤3级,阵雨,阵雨,23,17,东北风,≤3级,东风,≤3级,day
2015-02-14 18:00:00,白云公园,8、依法应负全责的其他情形,负全部责任,不负责任,1,贵JF6197,黑,1,贵A12K36,蓝,贵大驾校,消防驾校,2010/11/25 0:00,2014/9/17 0:00,一汽佳星牌,翼搏牌,366868000000000000 ,364548000000000000 ,198506,197802,18,5,2,工作日,晚高峰(17-19点),2015-02-14,2015年2月14日,阵雨 /雷阵雨,16℃ / 10℃,南风 ≤3级 /南风 ≤3级,阵雨,雷阵雨,16,10,南风,≤3级,南风,≤3级,day
2015-04-24 10:50:00,宝山南路,7、未按规定让行的 ,负全部责任,不负责任,1,贵A84X12,白色,1,贵ABS828,白色,贵工大驾校（南明区）,自培,2015/3/23 0:00,2004/10/25 0:00,吉利牌,东风日产,366067000000000000 ,364547000000000000 ,198001,197409,10,4,4,工作日,非高峰,2015-04-24,2015年4月24日,阴 /小雨,16℃ / 11℃,东风 ≤3级 /东风 ≤3级,阴,小雨,16,11,东风,≤3级,东风,≤3级,day
2015-05-18 07:00:00,小河,9、不符合前8款规定或者双方同时具有上述情形的,负同等责任,负同等责任,1,贵AH8343,白色,1,贵GP4419,白色,贵大驾校,自培,2012/3/12 0:00,2006/9/14 0:00,福特牌,-1,784644000000000000 ,366362000000000000 ,197512,197608,7,0,5,工作日,早高峰(7-9点),2015-05-18,2015年5月18日,多云 /多云,25℃ / 18℃,东北风 ≤3级 /东北风 ≤3级,多云,多云,25,18,东北风,≤3级,东北风,≤3级,day
2015-04-08 10:00:00,小河平桥,7、未按规定让行的 ,负全部责任,不负责任,1,贵LK0916,白色,1,贵A87983,白色,贵大驾校,黔中驾校大方分校,2010/7/8 0:00,-1,-1,昌河,364556000000000000 ,366067000000000000 ,197210,198210,10,2,4,工作日,非高峰,2015-04-08,2015年4月8日,小雨 /小雨,10℃ / 6℃,东北风 ≤3级 /东北风 ≤3级,小雨,小雨,10,6,东北风,≤3级,东北风,≤3级,day
2015-05-30 17:50:00,金关,3、倒车的,负全部责任,不负责任,1,贵A636H3,红,1,贵A0759X,白,天行健驾校,诚信驾驶培训学校,2014/9/16 0:00,2012/11/17 0:00,五菱牌,长安牌,366869000000000000 ,354366000000000000 ,198704,197503,17,5,5,工作日,晚高峰(17-19点),2015-05-30,2015年5月30日,阵雨 /阵雨,23℃ / 17℃,东北风 ≤3级 /东风 ≤3级,阵雨,阵雨,23,17,东北风,≤3级,东风,≤3级,day
2015-03-16 12:00:00,东站,7、未按规定让行的 ,负全部责任,不负责任,1,贵A35G42,白色,1,贵A35S63,白色,天行健驾校,遵义市海通机动车驾驶培训学校,2014/7/18 0:00,2012/6/28 0:00,福克斯牌,丰田牌,364548000000000000 ,376570000000000000 ,196906,199112,12,0,3,工作日,非高峰,2015-03-16,2015年3月16日,阴 /多云,20℃ / 15℃,南风 ≤3级 /南风 ≤3级,阴,多云,20,15,南风,≤3级,南风,≤3级,day
2015-03-04 15:48:00,金阳南路,8、依法应负全责的其他情形,负全部责任,不负责任,1,贵A5757T,白,1,贵GV3850,红,贵大驾校,百里杜鹃风景名胜区华伟驾校,2012/4/11 0:00,2015/1/28 0:00,思威牌,东风雪铁龙牌,354544000000000000 ,366577000000000000 ,198110,197504,15,2,3,工作日,非高峰,2015-03-04,2015年3月4日,小雨 /小雨,6℃ / 1℃,东北风 ≤3级 /东北风 ≤3级,小雨,小雨,6,1,东北风,≤3级,东北风,≤3级,day
2015-05-02 11:45:00,学士路,8、依法应负全责的其他情形,负全部责任,不负责任,1,贵A7385B,白色,1,**,白色,贵大驾校,贵大驾校,2014/1/17 0:00,2011/3/3 0:00,起亚牌,-1,36684551864166447X,364556000000000000 ,197209,196111,11,5,5,工作日,非高峰,2015-05-02,2015年5月2日,多云 /阵雨,26℃ / 16℃,东北风 ≤3级 /东风 ≤3级,多云,阵雨,26,16,东北风,≤3级,东风,≤3级,day
2015-04-25 16:30:00,清溪路,9、不符合前8款规定或者双方同时具有上述情形的,负同等责任,负同等责任,1,贵A9F895,白色,1,贵J66617,白色,贵大驾校,-1,2011/12/26 0:00,-1,北京,万达牌,364556000000000000 ,366876000000000000 ,198801,197210,16,5,4,工作日,非高峰,2015-04-25,2015年4月25日,阴 /阵雨,20℃ / 11℃,东风 ≤3级 /东南风 ≤3级,阴,阵雨,20,11,东风,≤3级,东南风,≤3级,day
2015-04-16 11:40:00,花溪大寨,8、依法应负全责的其他情形,负全部责任,不负责任,1,贵A14614,白色,1,贵GGC013,白色,（花溪区）贵州大学驾驶培训有限公司,-1,2009/2/20 0:00,-1,大阳牌,谛艾仕牌,364556000000000000 ,364556000000000000 ,198905,198010,11,3,4,工作日,非高峰,2015-04-16,2015年4月16日,多云 /多云,29℃ / 17℃,南风 ≤3级 /南风 ≤3级,多云,多云,29,17,南风,≤3级,南风,≤3级,day
2015-04-11 22:23:00,西二环,1、追尾的,负全部责任,不负责任,1,贵FV6002,银,1,鄂S41752,银,贵大驾校,-1,2014/4/15 0:00,-1,吉利牌,-1,366067000000000000 ,61445500000000000 ,198709,198208,22,5,4,工作日,非高峰,2015-04-11,2015年4月11日,多云 /多云,15℃ / 9℃,东北风 ≤3级 /东风 ≤3级,多云,多云,15,9,东北风,≤3级,东风,≤3级,night
2015-03-25 14:31:00,小河平桥,8、依法应负全责的其他情形,负全部责任,不负责任,1,贵ACV839,白色,1,贵APL037,白色,（经开区）十一驾驶培训有限公司,自培,2005/5/17 0:00,2009/4/15 0:00,比亚迪牌,长安牌,366067000000000000 ,366347000000000000 ,195304,197704,14,2,3,工作日,非高峰,2015-03-25,2015年3月25日,阴 /阵雨,14℃ / 9℃,东北风 ≤3级 /东北风 ≤3级,阴,阵雨,14,9,东北风,≤3级,东北风,≤3级,day
2015-03-16 16:20:00,四方河路,1、追尾的,负全部责任,不负责任,1,贵A6681G,白色,1,贵A5AF62,白色,（经开区）十一驾驶培训有限公司,文通驾校,2005/6/6 0:00,2008/8/1 0:00,夏利牌,长安牌,366875000000000000 ,35726551815563658X,198606,197911,16,0,3,工作日,非高峰,2015-03-16,2015年3月16日,阴 /多云,20℃ / 15℃,南风 ≤3级 /南风 ≤3级,阴,多云,20,15,南风,≤3级,南风,≤3级,day
2015-03-16 17:36:00,花溪,1、追尾的,负全部责任,不负责任,1,贵AB609U,白色,1,贵AF6203,白色,（经开区）十一驾驶培训有限公司,顺风驾校,2006/2/6 0:00,2014/1/16 0:00,五菱牌,长城牌,364556000000000000 ,364556000000000000 ,196610,197306,17,0,3,工作日,晚高峰(17-19点),2015-03-16,2015年3月16日,阴 /多云,20℃ / 15℃,南风 ≤3级 /南风 ≤3级,阴,多云,20,15,南风,≤3级,南风,≤3级,day
2015-05-26 17:00:00,小河平桥,7、未按规定让行的 ,负全部责任,不负责任,1,贵AB609C,白色,1,贵A4AU26,白色,（经开区）十一驾驶培训有限公司,520110,2006/2/6 0:00,2010/10/27 0:00,东风雪铁龙牌,奇瑞牌,364556000000000000 ,364547000000000000 ,196610,196904,17,1,5,工作日,晚高峰(17-19点),2015-05-26,2015年5月26日,阵雨 /雷阵雨,26℃ / 20℃,东南风 ≤3级 /东北风 ≤3级,阵雨,雷阵雨,26,20,东南风,≤3级,东北风,≤3级,day