accidenttime,accidentaddr,driver1fault,driver1responsibility,driver2responsibility,sex1,platenumber1,carcolor1,sex2,platenumber2,carcolor2,jxmc1,jxmc2,cclzrq1,cclzrq2,clpp1,clpp2,driver1license,driver2license,brith1,brith2,hour,weekday,month,is_weekday,peak_hour,date,日期,天气状况,气温,风力风向,day_wea,night_wea,day_tep,night_tep,day_wind_direction,day_wind_speed,night_wind_direction,night_wind_speed,segment
2015-04-18 12:00:00,碧桃街,7、未按规定让行的 ,负全部责任,不负责任,1,贵A4157E,黑,1,贵A36805,红,（经开区）十一驾驶培训有限公司,铁二局驾校,2005/10/25 0:00,2012/12/31 0:00,吉利美日牌,江淮牌,366361000000000000 ,364596000000000000 ,197701,198909,12,5,4,工作日,非高峰,2015-04-18,2015年4月18日,多云 /雷阵雨,29℃ / 16℃,南风 ≤3级 /南风 ≤3级,多云,雷阵雨,29,16,南风,≤3级,南风,≤3级,day
2015-04-19 10:00:00,五眼桥,1、追尾的,负全部责任,不负责任,1,贵ATX358,灰色,1,贵A796E7,白色,（经开区）十一驾驶培训有限公司,鑫鑫驾校,2007/6/11 0:00,2015/1/6 0:00,吉利美日牌,五菱牌,364547000000000000 ,774763000000000000 ,196504,199511,10,6,4,周末,非高峰,2015-04-19,2015年4月19日,阵雨 /阵雨,22℃ / 13℃,东北风 ≤3级 /东北风 ≤3级,阵雨,阵雨,22,13,东北风,≤3级,东北风,≤3级,day
2015-04-26 11:55:00,甘龙洞路,1、追尾的,负全部责任,不负责任,1,贵A9BP54,白色,1,贵A5886警,白色,贵大驾校,自培,2014/4/15 0:00,2004/7/8 0:00,翼虎牌,-1,364556000000000000 ,364556000000000000 ,199104,198112,11,6,4,周末,非高峰,2015-04-26,2015年4月26日,阵雨 /阵雨,18℃ / 14℃,东南风 ≤3级 /东北风 ≤3级,阵雨,阵雨,18,14,东南风,≤3级,东北风,≤3级,day
2015-02-14 14:30:00,法院街,8、依法应负全责的其他情形,负全部责任,不负责任,1,贵A13F31,蓝,0,贵A32P32,黑,（经开区）十一驾驶培训有限公司,贵阳金马驾驶培训有限公司,2009/1/21 0:00,2012/8/3 0:00,福克斯牌,奥迪牌,366876000000000000 ,364548000000000000 ,198001,199105,14,5,2,工作日,非高峰,2015-02-14,2015年2月14日,阵雨 /雷阵雨,16℃ / 10℃,南风 ≤3级 /南风 ≤3级,阵雨,雷阵雨,16,10,南风,≤3级,南风,≤3级,day
2015-04-02 22:00:00,大营坡,7、未按规定让行的 ,负全部责任,不负责任,1,贵A98032,黄,1,贵A21P73,蓝,（经开区）十一驾驶培训有限公司,无,2005/1/11 0:00,2002/4/1 0:00,南骏牌,雪佛兰牌,366347000000000000 ,364548000000000000 ,197708,197505,22,3,4,工作日,非高峰,2015-04-02,2015年4月2日,多云 /多云,30℃ / 18℃,南风 ≤3级 /南风 ≤3级,多云,多云,30,18,南风,≤3级,南风,≤3级,night
2015-03-28 00:00:00,黔陶乡,8、依法应负全责的其他情形,负全部责任,不负责任,1,贵JDF563,白色,1,贵A9902E,白色,十一驾驶培训有限公司,-1,2010/11/29 0:00,-1,开瑞牌,北京牌,364556000000000000 ,364547000000 ,199111,384202,0,5,3,工作日,非高峰,2015-03-28,2015年3月28日,阵雨 /雷阵雨,17℃ / 14℃,南风 ≤3级 /南风 ≤3级,阵雨,雷阵雨,17,14,南风,≤3级,南风,≤3级,night
2015-04-25 10:30:00,冒沙井,1、追尾的,负全部责任,不负责任,1,贵AK0177,白,1,贵AC770A,红,十一驾驶培训有限公司,十一驾驶培训有限公司,2010/11/29 0:00,2015/3/6 0:00,科雷傲,雪佛兰牌,364567000000000000 ,364596000000000000 ,198511,199611,10,5,4,工作日,非高峰,2015-04-25,2015年4月25日,阴 /阵雨,20℃ / 11℃,东风 ≤3级 /东南风 ≤3级,阴,阵雨,20,11,东风,≤3级,东南风,≤3级,day
2015-03-31 15:10:00,枣山路,7、未按规定让行的 ,负全部责任,不负责任,1,贵AU8069,绿,1,贵AU7095,蓝,自培,-1,2009/1/21 0:00,-1,丰田牌,恒通客车牌,366664000000000000 ,36604551835665123X,198806,197512,15,1,3,工作日,非高峰,2015-03-31,2015年3月31日,多云 /多云,28℃ / 19℃,南风 ≤3级 /南风 ≤3级,多云,多云,28,19,南风,≤3级,南风,≤3级,day
2015-04-02 08:10:00,贵安大道,7、未按规定让行的 ,负全部责任,不负责任,1,贵GC186,白色,1,贵AN7715,白色,（经开区）十一驾驶培训有限公司,自培,2008/11/7 0:00,2004/7/28 0:00,-1,东本牌,364551000000000000 ,366346000000000000 ,198905,196307,8,3,4,工作日,早高峰(7-9点),2015-04-02,2015年4月2日,多云 /多云,30℃ / 18℃,南风 ≤3级 /南风 ≤3级,多云,多云,30,18,南风,≤3级,南风,≤3级,day
2015-03-22 09:30:00,小河,4、停车时未挂低速档、未拉驻车制动，导致车辆滑行的,负全部责任,不负责任,1,贵AER146,白色,1,贵GGD656,白色,十一驾驶培训有限公司,十一驾驶培训有限公司,2012/4/27 0:00,2014/8/26 0:00,缤智牌,雪佛兰牌,366263000000000000 ,366570000000000000 ,198009,198302,9,6,3,周末,早高峰(7-9点),2015-03-22,2015年3月22日,阵雨 /阵雨,19℃ / 10℃,东南风 ≤3级 /东风 ≤3级,阵雨,阵雨,19,10,东南风,≤3级,东风,≤3级,day
2015-02-13 17:00:00,开发大道,7、未按规定让行的 ,负全部责任,不负责任,1,贵A8911B,黑色,1,贵A5746F,白色,文通驾校,铁二局驾校,2012/9/27 0:00,1998/9/9 0:00,宝马牌,神龙-富康,364551000000000000 ,366662000000000000 ,199212,197508,17,4,2,工作日,晚高峰(17-19点),2015-02-13,2015年2月13日,多云 /阵雨,17℃ / 8℃,南风 ≤3级 /南风 ≤3级,多云,阵雨,17,8,南风,≤3级,南风,≤3级,day
2015-05-26 11:00:00,小河,3、倒车的,负全部责任,不负责任,1,贵A1952R,白色,1,贵GAG731,白色,十一驾驶培训有限公司,诚信驾驶培训学校,2012/12/28 0:00,2014/12/23 0:00,夏利牌,-1,364547000000000000 ,364551000000000000 ,197509,199106,11,1,5,工作日,非高峰,2015-05-26,2015年5月26日,阵雨 /雷阵雨,26℃ / 20℃,东南风 ≤3级 /东北风 ≤3级,阵雨,雷阵雨,26,20,东南风,≤3级,东北风,≤3级,day
2015-04-28 08:50:00,三桥,7、未按规定让行的 ,负全部责任,不负责任,1,贵GS4489,白色,1,贵AU8621,白色,（经开区）十一驾驶培训有限公司,520109,2005/6/6 0:00,2009/9/17 0:00,长安牌,瑞麒牌,366861000000000000 ,366067000000000000 ,197307,197602,8,1,4,工作日,早高峰(7-9点),2015-04-28,2015年4月28日,多云 /多云,25℃ / 15℃,东北风 ≤3级 /东北风 ≤3级,多云,多云,25,15,东北风,≤3级,东北风,≤3级,day
2015-05-12 21:00:00,花溪贵筑路,8、依法应负全责的其他情形,负全部责任,不负责任,1,贵A9726X,白色,1,贵A8EA37,白色,（经开区）十一驾驶培训有限公司,520106,2007/10/31 0:00,2004/5/13 0:00,北京现代牌,-1,364556000000000000 ,364556000000000000 ,197805,198004,21,1,5,工作日,非高峰,2015-05-12,2015年5月12日,阴 /雷阵雨,24℃ / 13℃,南风 ≤3级 /南风 ≤3级,阴,雷阵雨,24,13,南风,≤3级,南风,≤3级,night
2015-04-16 07:00:00,龚家寨,7、未按规定让行的 ,负全部责任,不负责任,1,贵A3312P,银,1,贵FV3334,红,（经开区）十一驾驶培训有限公司,-1,2009/9/2 0:00,-1,力帆牌,五菱牌,366361000000000000 ,366046000000000000 ,197012,198708,7,3,4,工作日,早高峰(7-9点),2015-04-16,2015年4月16日,多云 /多云,29℃ / 17℃,南风 ≤3级 /南风 ≤3级,多云,多云,29,17,南风,≤3级,南风,≤3级,day
2015-05-21 10:17:00,曹关村,1、追尾的,负全部责任,不负责任,1,渝FW7785,蓝,1,贵FP9999,白,十一驾驶培训有限公司,青正驾校,2012/10/29 0:00,2013/8/22 0:00,-1,-1,356668000000000000 ,366068000000000000 ,197408,199310,10,3,5,工作日,非高峰,2015-05-21,2015年5月21日,阴 /阵雨,24℃ / 16℃,东风 ≤3级 /东风 ≤3级,阴,阵雨,24,16,东风,≤3级,东风,≤3级,day
2015-04-08 10:00:00,贵惠大道,7、未按规定让行的 ,负全部责任,不负责任,1,贵A6499H,白色,1,贵A6765A,白色,十一驾驶培训有限公司,鑫鑫驾校,2011/8/18 0:00,2011/3/9 0:00,五菱牌,福特牌,364556000000000000 ,364556000000000000 ,197909,199110,10,2,4,工作日,非高峰,2015-04-08,2015年4月8日,小雨 /小雨,10℃ / 6℃,东北风 ≤3级 /东北风 ≤3级,小雨,小雨,10,6,东北风,≤3级,东北风,≤3级,day
2015-05-27 00:00:00,朝阳洞路,7、未按规定让行的 ,负全部责任,不负责任,1,贵A4BM63,白色,1,贵A955Z4,白色,十一驾驶培训有限公司,-1,2011/9/15 0:00,-1,一汽佳星牌,-1,364566000000000000 ,36606651935662263X,198910,198512,0,2,5,工作日,非高峰,2015-05-27,2015年5月27日,阴 /阵雨,26℃ / 20℃,南风 ≤3级 /东北风 ≤3级,阴,阵雨,26,20,南风,≤3级,东北风,≤3级,night
2015-03-06 17:00:00,林东广务局,7、未按规定让行的 ,负全部责任,不负责任,1,贵A2417C,黄,1,贵JDD742,银,贵州省长安驾驶培训学校,贵工驾校,2012/3/15 0:00,2012/11/30 0:00,北京牌,大众汽车牌,364557000000000000 ,364557000000000000 ,198810,197411,17,4,3,工作日,晚高峰(17-19点),2015-03-06,2015年3月6日,小雨 /小雨,5℃ / 3℃,东北风 ≤3级 /东北风 ≤3级,小雨,小雨,5,3,东北风,≤3级,东北风,≤3级,day
2015-04-21 08:50:00,小河,8、依法应负全责的其他情形,负全部责任,不负责任,1,贵AHP165,白色,1,贵AE0653,白色,十一驾驶培训有限公司,贵州省长安驾驶培训学校,2014/9/1 0:00,2013/5/16 0:00,起亚牌,奥迪牌,354675000000000000 ,364566000000000000 ,197910,199005,8,1,4,工作日,早高峰(7-9点),2015-04-21,2015年4月21日,阴 /阵雨,17℃ / 10℃,东北风 ≤3级 /东北风 ≤3级,阴,阵雨,17,10,东北风,≤3级,东北风,≤3级,day
2015-04-18 10:05:00,小河,3、倒车的,负全部责任,不负责任,1,贵A991G1,白色,1,贵AEY948,白色,十一驾驶培训有限公司,无,2014/11/4 0:00,2009/7/21 0:00,中联牌,雪佛兰牌,364547000000000000 ,366546000000000000 ,198811,197308,10,5,4,工作日,非高峰,2015-04-18,2015年4月18日,多云 /雷阵雨,29℃ / 16℃,南风 ≤3级 /南风 ≤3级,多云,雷阵雨,29,16,南风,≤3级,南风,≤3级,day
2015-05-06 11:40:00,鑫中路,7、未按规定让行的 ,负全部责任,不负责任,1,贵A554A2,白色,1,贵A09909,白色,十一驾驶培训有限公司,-1,2014/5/21 0:00,-1,解放牌,松花江,366570000000000000 ,364556000000000000 ,197907,197101,11,2,5,工作日,非高峰,2015-05-06,2015年5月6日,多云 /多云,25℃ / 16℃,东北风 ≤3级 /南风 ≤3级,多云,多云,25,16,东北风,≤3级,南风,≤3级,day
2015-05-17 15:00:00,丽景阳天,3、倒车的,负全部责任,不负责任,0,贵A93J67,蓝,1,贵AMB237,黄,贵州省长安驾驶培训学校,蓝天驾校,2014/4/17 0:00,2006/12/14 0:00,福克斯牌,一汽佳星牌,366662000000000000 ,366068000000000000 ,198709,198310,15,6,5,周末,非高峰,2015-05-17,2015年5月17日,阵雨 /雷阵雨,25℃ / 17℃,东北风 ≤3级 /南风 ≤3级,阵雨,雷阵雨,25,17,东北风,≤3级,南风,≤3级,day
2015-05-23 14:00:00,花溪,8、依法应负全责的其他情形,负全部责任,不负责任,1,贵JB4684,白色,1,贵JBJ675,白色,（南明区）长安驾驶培训有限公司,黔南州交通驾驶学校,2007/9/27 0:00,2005/10/27 0:00,-1,-1,364566000000000000 ,366862000000000000 ,198511,198110,14,5,5,工作日,非高峰,2015-05-23,2015年5月23日,阵雨 /阴,19℃ / 14℃,东北风 ≤3级 /东北风 ≤3级,阵雨,阴,19,14,东北风,≤3级,东北风,≤3级,day
2015-03-09 12:15:00,甘荫塘,7、未按规定让行的 ,负全部责任,不负责任,1,贵CFK672,白色,1,贵JCM881,白色,贵州省长安驾驶培训学校,预约考试窗口,2013/9/16 0:00,2006/8/16 0:00,大江牌,起亚牌,366546000000000000 ,36636051974949095X,196612,198308,12,0,3,工作日,非高峰,2015-03-09,2015年3月9日,小雨 /小雨,10℃ / 5℃,东北风 ≤3级 /东北风 ≤3级,小雨,小雨,10,5,东北风,≤3级,东北风,≤3级,day
2015-04-27 17:40:00,富水南路,1、追尾的,负全部责任,不负责任,1,贵A78P49,黑,1,贵A7228,黑,（南明区）长安驾驶培训有限公司,自培,2015/2/17 0:00,2004/6/15 0:00,东风牌,比亚迪牌,366566000000000000 ,706268000000000000 ,199010,197201,17,0,4,工作日,晚高峰(17-19点),2015-04-27,2015年4月27日,阴 /雷阵雨,21℃ / 14℃,东南风 ≤3级 /东北风 ≤3级,阴,雷阵雨,21,14,东南风,≤3级,东北风,≤3级,day
2015-04-27 21:30:00,旭东路,8、依法应负全责的其他情形,负全部责任,不负责任,1,贵AU7651,绿,0,贵JDZ194,黑,（南明区）长安驾驶培训有限公司,鑫鑫驾校,2007/8/30 0:00,2013/8/1 0:00,隆鑫牌,吉利牌,366567000000000000 ,364596000000000000 ,197311,199112,21,0,4,工作日,非高峰,2015-04-27,2015年4月27日,阴 /雷阵雨,21℃ / 14℃,东南风 ≤3级 /东北风 ≤3级,阴,雷阵雨,21,14,东南风,≤3级,东北风,≤3级,night
2015-03-05 07:20:00,观水路,9、不符合前8款规定或者双方同时具有上述情形的,负同等责任,负同等责任,1,贵A27F59,白色,1,贵AWA889,白色,贵州省长安驾驶培训学校,自培,2012/5/6 0:00,2007/10/29 0:00,丰田牌,途锐2967CC,364558000000000000 ,36454751935661697X,197110,198512,7,3,3,工作日,早高峰(7-9点),2015-03-05,2015年3月5日,小雨 /小雨,4℃ / 1℃,东北风 ≤3级 /东北风 ≤3级,小雨,小雨,4,1,东北风,≤3级,东北风,≤3级,day
2015-02-27 15:00:00,黔灵西路,9、不符合前8款规定或者双方同时具有上述情形的,负同等责任,负同等责任,1,贵A64N75,北,1,贵A59C79,蓝,（南明区）长安驾驶培训有限公司,-1,2010/2/8 0:00,-1,比亚迪牌,东风标致牌,364568000000000000 ,36454651914361955x,199102,198905,15,4,2,工作日,非高峰,2015-02-27,2015年2月27日,多云 /阵雨,21℃ / 5℃,南风 ≤3级 /南风 ≤3级,多云,阵雨,21,5,南风,≤3级,南风,≤3级,day
2015-04-16 17:30:00,三桥,8、依法应负全责的其他情形,负全部责任,不负责任,1,贵AVA198,蓝,1,贵AYA833,蓝,（南明区）长安驾驶培训有限公司,-1,2010/9/3 0:00,-1,福克斯牌,金旅牌,364548000000000000 ,36454800000000000 ,198007,197110,17,3,4,工作日,晚高峰(17-19点),2015-04-16,2015年4月16日,多云 /多云,29℃ / 17℃,南风 ≤3级 /南风 ≤3级,多云,多云,29,17,南风,≤3级,南风,≤3级,day
2015-04-20 12:50:00,三桥, ,负全部责任,不负责任,1,贵CBU286,黑,1,贵GJ0466,白,（南明区）长安驾驶培训有限公司,消防驾校,2010/3/25 0:00,2014/8/11 0:00,江淮牌,广汽菲亚特牌,366368000000000000 ,364558000000000000 ,198109,198802,12,0,4,工作日,非高峰,2015-04-20,2015年4月20日,阴 /阴,20℃ / 11℃,东北风 ≤3级 /东北风 ≤3级,阴,阴,20,11,东北风,≤3级,东北风,≤3级,day
2015-04-04 11:00:00,西南环线,1、追尾的,负全部责任,不负责任,1,贵A67L95,银,1,豫R77554,黑,贵州省长安驾驶培训学校,-1,2012/7/4 0:00,-1,吉利牌,时代,364557000000000000 ,56846500000000000 ,197104,198502,11,5,4,工作日,非高峰,2015-04-04,2015年4月4日,多云 /多云,29℃ / 18℃,南风 ≤3级 /南风 ≤3级,多云,多云,29,18,南风,≤3级,南风,≤3级,day
2015-04-12 15:30:00,宅吉路,9、不符合前8款规定或者双方同时具有上述情形的,负同等责任,负同等责任,1,贵A96H22,银,0,贵A46S73,银,贵州省长安驾驶培训学校,-1,2011/12/5 0:00,-1,金杯牌,宝马牌,354367000000000000 ,366067000000000000 ,198201,199105,15,6,4,周末,非高峰,2015-04-12,2015年4月12日,晴 /多云,21℃ / 7℃,东风 ≤3级 /东风 ≤3级,晴,多云,21,7,东风,≤3级,东风,≤3级,day
2015-03-12 17:40:00,三桥,8、依法应负全责的其他情形,负全部责任,不负责任,0,贵AB401X,银,1,贵CC3240,黑,贵州省长安驾驶培训学校,自培,2015/1/29 0:00,2013/8/15 0:00,北京现代牌,北京现代牌,364548000000000000 ,366347000000000000 ,198909,198509,17,3,3,工作日,晚高峰(17-19点),2015-03-12,2015年3月12日,多云 /多云,16℃ / 10℃,南风 ≤3级 /南风 ≤3级,多云,多云,16,10,南风,≤3级,南风,≤3级,day
2015-02-15 16:45:00,卧龙山庄,3、倒车的,负全部责任,不负责任,1,贵AKU911,白色,1,贵GGB332,白色,鑫鑫驾校,贵大驾校,2011/4/25 0:00,2014/8/19 0:00,东风日产牌,翼虎牌,364547000000000000 ,364556000000000000 ,196902,197909,16,6,2,周末,非高峰,2015-02-15,2015年2月15日,多云 /阴,19℃ / 8℃,南风 ≤3级 /东北风 ≤3级,多云,阴,19,8,南风,≤3级,东北风,≤3级,day
2015-03-05 10:53:00,中华南路,1、追尾的,负全部责任,不负责任,1,贵A75C63,白,1,贵AU8012,绿,贵州省长安驾驶培训学校,毕节地区驾校,2013/9/16 0:00,2008/12/19 0:00,丰田牌,瑞麒牌,734261000000000000 ,366066000000000000 ,197910,197412,10,3,3,工作日,非高峰,2015-03-05,2015年3月5日,小雨 /小雨,4℃ / 1℃,东北风 ≤3级 /东北风 ≤3级,小雨,小雨,4,1,东北风,≤3级,东北风,≤3级,day
2015-04-28 09:30:00,甘荫塘,1、追尾的,负全部责任,不负责任,1,贵A641S6,白色,1,浙G2M911,黑色,鑫鑫驾校,-1,2011/10/22 0:00,-1,-1,梅赛德斯-奔驰,36657651145555055X,774847000000000000 ,199011,197707,9,1,4,工作日,早高峰(7-9点),2015-04-28,2015年4月28日,多云 /多云,25℃ / 15℃,东北风 ≤3级 /东北风 ≤3级,多云,多云,25,15,东北风,≤3级,东北风,≤3级,day
2015-04-17 12:10:00,盐务街,4、停车时未挂低速档、未拉驻车制动，导致车辆滑行的,负全部责任,不负责任,1,贵FV7358,黑,1,贵A71F12,黑,贵州省长安驾驶培训学校,新天驾校,2012/11/6 0:00,2013/9/30 0:00,中华牌,雪佛兰牌,366064000000000000 ,355766000000000000 ,198603,198503,12,4,4,工作日,非高峰,2015-04-17,2015年4月17日,多云 /多云,28℃ / 19℃,南风 ≤3级 /南风 ≤3级,多云,多云,28,19,南风,≤3级,南风,≤3级,day
2015-04-11 12:40:00,花香村,1、追尾的,负全部责任,不负责任,1,贵A25C21,白色,1,贵A7BK34,白色,鑫鑫驾校,市交校,2011/10/22 0:00,2014/11/10 0:00,五菱牌,福克斯牌,354663000000000000 ,355266000000000000 ,196802,198805,12,5,4,工作日,非高峰,2015-04-11,2015年4月11日,多云 /多云,15℃ / 9℃,东北风 ≤3级 /东风 ≤3级,多云,多云,15,9,东北风,≤3级,东风,≤3级,day
2015-03-14 16:30:00,北京路,8、依法应负全责的其他情形,负全部责任,不负责任,1,贵A8AM44,银,1,贵AU1521,绿,鑫鑫驾校,-1,2011/5/20 0:00,-1,东风雪铁龙牌,钱江牌,364556000000000000 ,364548000000000000 ,198412,196701,16,5,3,工作日,非高峰,2015-03-14,2015年3月14日,阴 /阴,17℃ / 12℃,南风 ≤3级 /东南风 ≤3级,阴,阴,17,12,南风,≤3级,东南风,≤3级,day
2015-05-28 15:40:00,大关桥,1、追尾的,负全部责任,不负责任,1,贵AMR942,红,0,贵AKA254,黑,贵州省长安驾驶培训学校,预约考试窗口,2014/7/22 0:00,2006/8/16 0:00,长安牌,马自达牌,356668000000000000 ,364548000000000000 ,196410,197310,15,3,5,工作日,非高峰,2015-05-28,2015年5月28日,多云 /雷阵雨,29℃ / 19℃,南风 ≤3级 /东南风 ≤3级,多云,雷阵雨,29,19,南风,≤3级,东南风,≤3级,day
2015-02-04 15:30:00,大昌隆,7、未按规定让行的 ,负全部责任,不负责任,1,贵AP8H21,白色,1,贵AV0788,白色,鑫鑫驾校,预约考试窗口,2013/9/2 0:00,2007/8/17 0:00,-1,新宝牌,355468000000000000 ,366569000000000000 ,196202,198009,15,2,2,工作日,非高峰,2015-02-04,2015年2月4日,小雨 /小雨,4℃ / 0℃,东北风 ≤3级 /东北风 ≤3级,小雨,小雨,4,0,东北风,≤3级,东北风,≤3级,day
2015-02-15 15:00:00,大理石路口,1、追尾的,负全部责任,不负责任,1,贵GQ4747,白色,1,贵GP4198,黑色,贵州省长安驾驶培训学校,自培,2014/3/20 0:00,2006/6/14 0:00,奥迪牌,嘉陵牌,366347000000000000 ,366570000000000000 ,199207,197106,15,6,2,周末,非高峰,2015-02-15,2015年2月15日,多云 /阴,19℃ / 8℃,南风 ≤3级 /东北风 ≤3级,多云,阴,19,8,南风,≤3级,东北风,≤3级,day
2015-03-20 14:00:00,花溪,8、依法应负全责的其他情形,负全部责任,不负责任,1,贵4544723,黄色,1,贵AA5064,白色,鑫鑫驾校,自培,2010/10/29 0:00,2002/9/26 0:00,-1,奔达,364556000000000000 ,364556000000000000 ,199111,196605,14,4,3,工作日,非高峰,2015-03-20,2015年3月20日,阴 /阵雨,14℃ / 10℃,东北风 ≤3级 /东北风 ≤3级,阴,阵雨,14,10,东北风,≤3级,东北风,≤3级,day
2015-05-25 15:50:00,恒大城,1、追尾的,负全部责任,不负责任,0,贵AP6494,黑,1,贵45-84802,蓝,鑫鑫驾校,自培,2012/9/17 0:00,2004/6/8 0:00,豪爵牌,-1,364558000000000000 ,36464551805564727X,198610,197411,15,0,5,工作日,非高峰,2015-05-25,2015年5月25日,多云 /阵雨,26℃ / 19℃,东南风 ≤3级 /东南风 ≤3级,多云,阵雨,26,19,东南风,≤3级,东南风,≤3级,day
2015-05-07 17:50:00,小河金竹,5、开关车门的,负全部责任,不负责任,1,贵CJW834,白色,1,贵AZE850,白色,自培,高新驾校,2011/7/26 0:00,2015/3/24 0:00,-1,-1,364596000000000000 ,364648000000000000 ,198708,198209,17,3,5,工作日,晚高峰(17-19点),2015-05-07,2015年5月7日,阵雨 /雷阵雨,23℃ / 17℃,东南风 ≤3级 /东南风 ≤3级,阵雨,雷阵雨,23,17,东南风,≤3级,东南风,≤3级,day
2015-03-30 11:00:00,新添大道,7、未按规定让行的 ,负全部责任,不负责任,0,贵A43330,黑,1, 贵AZG416,白,鑫鑫驾校,贵阳学院汽车驾驶培训,2014/7/19 0:00,2012/6/11 0:00,港田,-1,364556000000000000 ,366375000000000000 ,198606,198809,11,0,3,工作日,非高峰,2015-03-30,2015年3月30日,晴 /多云,24℃ / 17℃,南风 ≤3级 /南风 ≤3级,晴,多云,24,17,南风,≤3级,南风,≤3级,day
2015-03-24 22:45:00,花香村,8、依法应负全责的其他情形,负全部责任,不负责任,1,贵A94K51,白色,1,贵JAS133,白色,鑫鑫驾校,-1,2013/12/17 0:00,-1,众泰牌,三菱牌,364548000000000000 ,366870000000000000 ,198407,199210,22,1,3,工作日,非高峰,2015-03-24,2015年3月24日,小雨 /阵雨,13℃ / 7℃,东北风 ≤3级 /东北风 ≤3级,小雨,阵雨,13,7,东北风,≤3级,东北风,≤3级,night
2015-04-07 21:20:00,下堰,7、未按规定让行的 ,负全部责任,不负责任,1,贵AA093M,白,1,贵A1523J,银,鑫鑫驾校,-1,2014/1/22 0:00,-1,福克斯牌,南骏牌,366564000000000000 ,36456651164749445X,198610,199203,21,1,4,工作日,非高峰,2015-04-07,2015年4月7日,小雨 /小雨,9℃ / 5℃,东北风 ≤3级 /东北风 ≤3级,小雨,小雨,9,5,东北风,≤3级,东北风,≤3级,night
2015-02-25 12:50:00,车管所,1、追尾的,负全部责任,不负责任,1,贵A32W84,银,1,贵A47B96,蓝,鑫鑫驾校,铁二局驾校,2014/6/6 0:00,2010/12/1 0:00,金龙牌,起亚牌,364596000000000000 ,366064000000000000 ,198707,196008,12,2,2,工作日,非高峰,2015-02-25,2015年2月25日,阴 /阵雨,15℃ / 8℃,东北风 ≤3级 /东北风 ≤3级,阴,阵雨,15,8,东北风,≤3级,东北风,≤3级,day
2015-05-10 05:50:00,三桥,1、追尾的,负全部责任,不负责任,1,贵GV4351,蓝,1,贵AU0460,黄,鑫鑫驾校,99,2014/4/3 0:00,2010/1/15 0:00,-1,华夏牌,344796000000000000 ,254368000000000000 ,198902,198706,5,6,5,周末,非高峰,2015-05-10,2015年5月10日,阵雨 /雷阵雨,25℃ / 14℃,南风 ≤3级 /南风 ≤3级,阵雨,雷阵雨,25,14,南风,≤3级,南风,≤3级,night
2015-04-09 16:00:00,黔灵山路,1、追尾的,负全部责任,不负责任,1,贵A51F98,黑,1,贵AG9038,白,鑫鑫驾校,自培,2012/11/19 0:00,2007/9/10 0:00,吉利全球鹰牌,钱江牌,357846000000000000 ,364557000000000000 ,198911,198808,16,3,4,工作日,非高峰,2015-04-09,2015年4月9日,阴 /小雨,11℃ / 7℃,东北风 ≤3级 /东北风 ≤3级,阴,小雨,11,7,东北风,≤3级,东北风,≤3级,day
2015-03-14 15:35:00,白云区,7、未按规定让行的 ,负全部责任,不负责任,0,贵A54R94,白,1,贵A65R51,白,鑫鑫驾校,-1,2014/10/11 0:00,-1,兰德酷路泽普拉多,奥迪牌,364596000000000000 ,366375000000000000 ,199011,196208,15,5,3,工作日,非高峰,2015-03-14,2015年3月14日,阴 /阴,17℃ / 12℃,南风 ≤3级 /东南风 ≤3级,阴,阴,17,12,南风,≤3级,东南风,≤3级,day
2015-02-08 11:20:00,白云南路,7、未按规定让行的 ,负全部责任,不负责任,1,贵GS3743,红,1,贵A5BX52,白,鑫鑫驾校,鑫鑫驾校,2014/10/11 0:00,2006/4/27 0:00,雪佛兰牌,东风标致牌,364596000000000000 ,364548000000000000 ,199011,198501,11,6,2,周末,非高峰,2015-02-08,2015年2月8日,阴 /阴,7℃ / 3℃,东北风 ≤3级 /南风 ≤3级,阴,阴,7,3,东北风,≤3级,南风,≤3级,day
2015-05-18 16:30:00,小河平桥,7、未按规定让行的 ,负全部责任,不负责任,1,贵A487H7,白色,1,苏B464FK,白色,鑫鑫驾校,-1,2014/5/20 0:00,-1,江淮牌,-1,366267000000000000 ,364567000000000000 ,196607,199105,16,0,5,工作日,非高峰,2015-05-18,2015年5月18日,多云 /多云,25℃ / 18℃,东北风 ≤3级 /东北风 ≤3级,多云,多云,25,18,东北风,≤3级,东北风,≤3级,day
2015-03-05 03:30:00,中华南路,1、追尾的,负全部责任,不负责任,1,贵AU3165,白色,1,贵AU5698,白色,鑫鑫驾校,文通驾校,2012/2/10 0:00,2006/4/25 0:00,捷达牌,捷达牌,36606051835640593X,57468500000000000 ,197512,196807,3,3,3,工作日,非高峰,2015-03-05,2015年3月5日,小雨 /小雨,4℃ / 1℃,东北风 ≤3级 /东北风 ≤3级,小雨,小雨,4,1,东北风,≤3级,东北风,≤3级,night
2015-04-09 17:01:00,白云区,1、追尾的,负全部责任,不负责任,0,贵A3EB33,黑,1,贵AV54525,黑,鑫鑫驾校,自培,2012/7/16 0:00,2002/9/3 0:00,丰田牌,-1,364568000000000000 ,36455751854857647X,199011,197107,17,3,4,工作日,晚高峰(17-19点),2015-04-09,2015年4月9日,阴 /小雨,11℃ / 7℃,东北风 ≤3级 /东北风 ≤3级,阴,小雨,11,7,东北风,≤3级,东北风,≤3级,day