accidenttime,accidentaddr,driver1fault,driver1responsibility,driver2responsibility,sex1,platenumber1,carcolor1,sex2,platenumber2,carcolor2,jxmc1,jxmc2,cclzrq1,cclzrq2,clpp1,clpp2,driver1license,driver2license,brith1,brith2,hour,weekday,month,is_weekday,peak_hour,date,日期,天气状况,气温,风力风向,day_wea,night_wea,day_tep,night_tep,day_wind_direction,day_wind_speed,night_wind_direction,night_wind_speed,segment
2015-03-16 22:10:00,安云路,3、倒车的,负全部责任,不负责任,1,贵A7297M,黑,1,贵G91656,黑,鑫鑫驾校,全林驾校,2012/2/10 0:00,2014/8/28 0:00,五菱牌,富路牌,366068000000000000 ,364548000000000000 ,199007,198310,22,0,3,工作日,非高峰,2015-03-16,2015年3月16日,阴 /多云,20℃ / 15℃,南风 ≤3级 /南风 ≤3级,阴,多云,20,15,南风,≤3级,南风,≤3级,night
2015-03-13 15:10:00,三五三七厂菜场,3、倒车的,负全部责任,不负责任,1,贵A6221L,白色,1,川EZ7997,白色,鑫鑫驾校,-1,2012/5/28 0:00,-1,吉利牌,斯柯达牌 ,364556000000000000 ,35436351914340353X,198807,198905,15,4,3,工作日,非高峰,2015-03-13,2015年3月13日,多云 /阵雨,17℃ / 12℃,南风 ≤3级 /南风 ≤3级,多云,阵雨,17,12,南风,≤3级,南风,≤3级,day
2015-05-24 18:00:00,苗圃隧道,1、追尾的,负全部责任,不负责任,1,贵ADX103,白色,1,贵A6F211,白色,鑫鑫驾校,-1,2012/7/13 0:00,-1,海马牌,-1,364551000000000000 ,77485151824845277X,198905,197607,18,6,5,周末,晚高峰(17-19点),2015-05-24,2015年5月24日,多云 /阴,24℃ / 18℃,东风 ≤3级 /东南风 ≤3级,多云,阴,24,18,东风,≤3级,东南风,≤3级,day
2015-02-12 12:10:00,贵开路黑马市场,7、未按规定让行的 ,负全部责任,不负责任,0,贵A6B696,红,1,贵AU6436,绿,鑫鑫驾校,十一培,2012/10/22 0:00,1997/8/15 0:00,-1,飞鹰牌,364548000000000000 ,366875000000000000 ,196810,197110,12,3,2,工作日,非高峰,2015-02-12,2015年2月12日,多云 /多云,15℃ / 5℃,南风 ≤3级 /南风 ≤3级,多云,多云,15,5,南风,≤3级,南风,≤3级,day
2015-04-29 16:55:00,甘荫塘,7、未按规定让行的 ,负全部责任,不负责任,1,贵JAC641,白色,1,临牌,白色,鑫鑫驾校,520115,2014/11/5 0:00,2011/6/30 0:00,雪佛兰牌,-1,366063000000000000 ,36654551834666823X,198910,197502,16,2,4,工作日,非高峰,2015-04-29,2015年4月29日,阵雨 /阵雨,26℃ / 16℃,东北风 ≤3级 /东南风 ≤3级,阵雨,阵雨,26,16,东北风,≤3级,东南风,≤3级,day
2015-04-14 07:30:00,小河平桥,7、未按规定让行的 ,负全部责任,不负责任,1,贵AB938J,白色,1,贵J69337,白色,鑫鑫驾校,-1,2015/1/6 0:00,-1,奥迪牌,五菱牌,364547000000000000 ,366868000000000000 ,196504,198605,7,1,4,工作日,早高峰(7-9点),2015-04-14,2015年4月14日,晴 /多云,22℃ / 9℃,东风 ≤3级 /东风 ≤3级,晴,多云,22,9,东风,≤3级,东风,≤3级,day
2015-02-26 15:30:00,一四三厂,1、追尾的,负全部责任,不负责任,1,贵GP6629,白色,1,贵GT7780,白色,（经开区）顺一驾驶培训有限公司,-1,2009/4/21 0:00,-1,福克斯牌,福特牌,366363000000000000 ,36606351144357597X,198912,199005,15,3,2,工作日,非高峰,2015-02-26,2015年2月26日,阴 /小雨,12℃ / 9℃,东风 ≤3级 /南风 ≤3级,阴,小雨,12,9,东风,≤3级,南风,≤3级,day
2015-05-20 13:00:00,遵义路,1、追尾的,负全部责任,不负责任,1,贵AU0307,白色,1,贵CV7923,白色,铁二局驾校,-1,2008/9/1 0:00,-1,嘉陵牌,-1,364567000000000000 ,366566000000000000 ,198909,197909,13,2,5,工作日,非高峰,2015-05-20,2015年5月20日,阴 /阵雨,23℃ / 17℃,东北风 ≤3级 /东北风 ≤3级,阴,阵雨,23,17,东北风,≤3级,东北风,≤3级,day
2015-03-23 17:12:00,大兴路,1、追尾的,负全部责任,不负责任,1,贵A5245B,银,1,贵A0087T,银,顺一驾驶培训学校,-1,2011/11/3 0:00,-1,长安牌,奥路卡牌,366361000000000000 ,356376000000000000 ,198709,197704,17,0,3,工作日,晚高峰(17-19点),2015-03-23,2015年3月23日,多云 /阴,17℃ / 9℃,东北风 ≤3级 /东北风 ≤3级,多云,阴,17,9,东北风,≤3级,东北风,≤3级,day
2015-03-19 12:30:00,电视机厂,1、追尾的,负全部责任,不负责任,1,贵AGE132,白色,1,贵JBS333,白色,顺一驾驶培训学校,-1,2011/10/30 0:00,-1,吉利牌,众泰牌,366069000000000000 ,354697000000000000 ,198911,198102,12,3,3,工作日,非高峰,2015-03-19,2015年3月19日,多云 /阵雨,26℃ / 12℃,南风 ≤3级 /东北风 ≤3级,多云,阵雨,26,12,南风,≤3级,东北风,≤3级,day
2015-05-11 04:00:00,南二环,7、未按规定让行的 ,负全部责任,不负责任,1,贵A75B58,白色,1,贵FS0917,白色,顺一驾驶培训学校,六盘水市达安驾驶培训学校,2012/4/27 0:00,-1,朗逸牌,-1,366367000000000000 ,366063000000000000 ,197312,196807,4,0,5,工作日,非高峰,2015-05-11,2015年5月11日,多云 /多云,24℃ / 13℃,东北风 ≤3级 /东北风 ≤3级,多云,多云,24,13,东北风,≤3级,东北风,≤3级,night
2015-03-20 13:30:00,黔江路,7、未按规定让行的 ,负全部责任,不负责任,1,贵A0BL18,白色,1,贵AN3049,白色,顺一驾驶培训学校,-1,2011/5/23 0:00,-1,梅赛德斯-奔驰牌,建设牌,366046000000000000 ,65467500000000000 ,198807,198008,13,4,3,工作日,非高峰,2015-03-20,2015年3月20日,阴 /阵雨,14℃ / 10℃,东北风 ≤3级 /东北风 ≤3级,阴,阵雨,14,10,东北风,≤3级,东北风,≤3级,day
2015-04-02 09:57:00,五眼桥,9、不符合前8款规定或者双方同时具有上述情形的,负同等责任,负同等责任,1,贵JBR476,白,1,贵A7800K,蓝,（经开区）顺一驾驶培训有限公司,新天驾校,2009/9/7 0:00,2012/8/1 0:00,北京现代牌,别克,64995500000000000 ,357475000000000000 ,198410,198111,9,3,4,工作日,早高峰(7-9点),2015-04-02,2015年4月2日,多云 /多云,30℃ / 18℃,南风 ≤3级 /南风 ≤3级,多云,多云,30,18,南风,≤3级,南风,≤3级,day
2015-03-20 18:11:00,小河平桥,1、追尾的,负全部责任,不负责任,1,贵A56M85,白色,1,贵A1183J,黑色,（经开区）顺一驾驶培训有限公司,-1,2009/11/10 0:00,-1,猎豹牌,瑞麒牌,354670000000000000 ,366064000000000000 ,197708,198711,18,4,3,工作日,晚高峰(17-19点),2015-03-20,2015年3月20日,阴 /阵雨,14℃ / 10℃,东北风 ≤3级 /东北风 ≤3级,阴,阵雨,14,10,东北风,≤3级,东北风,≤3级,day
2015-04-27 10:40:00,沙冲路,8、依法应负全责的其他情形,负全部责任,不负责任,1,贵AKC253,白色,1,贵A9BA54,白色,顺一驾驶培训学校,文通驾校,2010/8/12 0:00,2012/9/5 0:00,瑞麒牌,斯柯达牌,355468000000000000 ,366246000000000000 ,196806,198103,10,0,4,工作日,非高峰,2015-04-27,2015年4月27日,阴 /雷阵雨,21℃ / 14℃,东南风 ≤3级 /东北风 ≤3级,阴,雷阵雨,21,14,东南风,≤3级,东北风,≤3级,day
2015-05-29 06:20:00,北二环,7、未按规定让行的 ,负全部责任,不负责任,0,贵A31R48,白,1,贵FAM281,黑,顺一驾驶培训学校,顺风驾校,2010/9/26 0:00,2014/2/11 0:00,大众牌,-1,354668000000000000 ,366067000000000000 ,197704,197208,6,4,5,工作日,非高峰,2015-05-29,2015年5月29日,阵雨 /阵雨,24℃ / 17℃,东南风 ≤3级 /东北风 ≤3级,阵雨,阵雨,24,17,东南风,≤3级,东北风,≤3级,day
2015-04-23 21:41:00,贵惠大道,1、追尾的,负全部责任,不负责任,1,贵DF4208,白色,1,贵AEL454,白色,顺一驾驶培训学校,自培,2011/6/14 0:00,2008/2/4 0:00,豪爵牌,马自达牌,36455651264853507X,364547000000000000 ,196207,197611,21,3,4,工作日,非高峰,2015-04-23,2015年4月23日,阴 /小雨,16℃ / 10℃,东北风 ≤3级 /东北风 ≤3级,阴,小雨,16,10,东北风,≤3级,东北风,≤3级,night
2015-02-06 22:02:00,观山湖,8、依法应负全责的其他情形,负全部责任,不负责任,1,贵JBS447,黑,1,贵A98C89,银,顺一驾驶培训学校,自培,2012/8/14 0:00,2011/11/25 0:00,福克斯牌,奥迪牌,765598000000000000 ,364548000000000000 ,198308,199110,22,4,2,工作日,非高峰,2015-02-06,2015年2月6日,多云 /小雨,9℃ / 2℃,南风 ≤3级 /南风 ≤3级,多云,小雨,9,2,南风,≤3级,南风,≤3级,night
2015-05-18 14:15:00,太平路,3、倒车的,负全部责任,不负责任,1,贵A56G43,白,1,贵A51W14,白,顺一驾驶培训学校,消防驾校,2014/7/30 0:00,2011/6/20 0:00,长城牌,宝马牌,364547000000000000 ,366566000000000000 ,199005,198906,14,0,5,工作日,非高峰,2015-05-18,2015年5月18日,多云 /多云,25℃ / 18℃,东北风 ≤3级 /东北风 ≤3级,多云,多云,25,18,东北风,≤3级,东北风,≤3级,day
2015-04-13 15:00:00,中曹司大桥,1、追尾的,负全部责任,不负责任,1,贵AC656L,白色,1,贵AL9682,白色,自培,天行健驾校,2012/12/22 0:00,2014/2/14 0:00,东风雪铁龙牌,思域牌,74360500000000000 ,366766000000000000 ,198212,198905,15,0,4,工作日,非高峰,2015-04-13,2015年4月13日,晴 /多云,23℃ / 8℃,东北风 ≤3级 /东北风 ≤3级,晴,多云,23,8,东北风,≤3级,东北风,≤3级,day
2015-03-15 13:10:00,后坝,1、追尾的,负全部责任,不负责任,1,贵A5AH17,白,1,贵FX4894,黑,顺一驾驶培训学校,时发驾校,2014/7/30 0:00,2011/2/15 0:00,雪佛兰牌,吉利牌,366068000000000000 ,36606651834359507X,196311,197505,13,6,3,周末,非高峰,2015-03-15,2015年3月15日,阴 /阴,18℃ / 13℃,东风 ≤3级 /南风 ≤3级,阴,阴,18,13,东风,≤3级,南风,≤3级,day
2015-03-29 12:27:00,空招,1、追尾的,负全部责任,不负责任,1,贵ARL282,白色,1,贵A777G7,白色,顺一驾驶培训学校,-1,2013/8/19 0:00,-1,五菱牌,福田牌,366875000000000000 ,786977000000000000 ,198812,197601,12,6,3,周末,非高峰,2015-03-29,2015年3月29日,阴 /多云,18℃ / 15℃,东风 ≤3级 /南风 ≤3级,阴,多云,18,15,东风,≤3级,南风,≤3级,day
2015-03-17 23:15:00,花溪大道,7、未按规定让行的 ,负全部责任,不负责任,1,贵GP0908,白色,1,贵ASN792,白色,顺一驾驶培训学校,-1,2013/9/29 0:00,-1,东风雪铁龙牌,长城牌,366562000000000000 ,36636100000000000 ,199307,197605,23,1,3,工作日,非高峰,2015-03-17,2015年3月17日,多云 /多云,25℃ / 14℃,南风 ≤3级 /南风 ≤3级,多云,多云,25,14,南风,≤3级,南风,≤3级,night
2015-03-30 11:22:00,八匹马,9、不符合前8款规定或者双方同时具有上述情形的,负同等责任,负同等责任,1,贵A5058P,黑,0,贵AKR879,黑,顺一驾驶培训学校,顺一驾驶培训学校,2012/1/9 0:00,1988/8/17 0:00,起亚牌,揽胜运动,364548000000000000 ,366361000000000000 ,194811,196710,11,0,3,工作日,非高峰,2015-03-30,2015年3月30日,晴 /多云,24℃ / 17℃,南风 ≤3级 /南风 ≤3级,晴,多云,24,17,南风,≤3级,南风,≤3级,day
2015-05-15 09:00:00,西二环,1、追尾的,负全部责任,不负责任,1,贵A3837S,白色,1,川R06583,白色,顺一驾驶培训学校,-1,2012/9/22 0:00,-1,长安牌,-1,366067000000000000 ,06606851854759453X,197209,197103,9,4,5,工作日,早高峰(7-9点),2015-05-15,2015年5月15日,阵雨 /阵雨,25℃ / 16℃,东北风 ≤3级 /东北风 ≤3级,阵雨,阵雨,25,16,东北风,≤3级,东北风,≤3级,day
2015-04-18 10:00:00,五里冲,7、未按规定让行的 ,负全部责任,不负责任,1,贵AEC302,白色,1,贵A27S99,白色,顺一驾驶培训学校,阳光驾校,2015/2/2 0:00,2014/4/15 0:00,奇瑞牌,长安牌,364596000000000000 ,36606251804563448X,199601,197401,10,5,4,工作日,非高峰,2015-04-18,2015年4月18日,多云 /雷阵雨,29℃ / 16℃,南风 ≤3级 /南风 ≤3级,多云,雷阵雨,29,16,南风,≤3级,南风,≤3级,day
2015-05-30 11:00:00,花果园,9、不符合前8款规定或者双方同时具有上述情形的,负同等责任,负同等责任,1,贵ARA869,白色,1,贵ALR922,白色,顺一驾驶培训学校,织金县织通驾校,2011/8/16 0:00,-1,东风日产牌,解放牌,366068000000000000 ,36606351904045037X,198110,198404,11,5,5,工作日,非高峰,2015-05-30,2015年5月30日,阵雨 /阵雨,23℃ / 17℃,东北风 ≤3级 /东风 ≤3级,阵雨,阵雨,23,17,东北风,≤3级,东风,≤3级,day
2015-03-02 11:00:00,辽河路,7、未按规定让行的 ,负全部责任,不负责任,1,贵A5F745,白色,1,贵A6715H,白色,顺一驾驶培训学校,顺一驾驶培训学校,2014/6/26 0:00,2014/3/19 0:00,北京现代牌,福田牌,366546000000000000 ,366569000000000000 ,196311,198012,11,0,3,工作日,非高峰,2015-03-02,2015年3月2日,阴 /小雨,9℃ / 2℃,东北风 ≤3级 /东北风 ≤3级,阴,小雨,9,2,东北风,≤3级,东北风,≤3级,day
2015-05-28 21:21:00,云潭南路,1、追尾的,负全部责任,不负责任,1,贵A0159Q,红,1,贵JBS687,蓝,青正驾校,520136,2011/6/20 0:00,2009/7/14 0:00,-1,-1,366347000000000000 ,356166000000000000 ,197502,197312,21,3,5,工作日,非高峰,2015-05-28,2015年5月28日,多云 /雷阵雨,29℃ / 19℃,南风 ≤3级 /东南风 ≤3级,多云,雷阵雨,29,19,南风,≤3级,东南风,≤3级,night
2015-04-24 09:05:00,贵遵路,1、追尾的,负全部责任,不负责任,1,贵A2505K,银,1,贵JDZ481,银,青正驾校,金筑驾校,2013/9/9 0:00,2005/6/14 0:00,长安牌,哈弗牌,344673000000000000 ,366661000000000000 ,199005,198209,9,4,4,工作日,早高峰(7-9点),2015-04-24,2015年4月24日,阴 /小雨,16℃ / 11℃,东风 ≤3级 /东风 ≤3级,阴,小雨,16,11,东风,≤3级,东风,≤3级,day
2015-04-30 13:00:00,花溪孟关,3、倒车的,负全部责任,不负责任,1,贵A711E7,白色,1,浙CE6S27,白色,顺一驾驶培训学校,-1,2015/1/9 0:00,-1,福田牌,思域牌,364666000000000000 ,76975500000000000 ,199004,196212,13,3,4,工作日,非高峰,2015-04-30,2015年4月30日,阵雨 /阵雨,25℃ / 17℃,东南风 ≤3级 /东南风 ≤3级,阵雨,阵雨,25,17,东南风,≤3级,东南风,≤3级,day
2015-02-25 19:00:00,清溪路与明珠大道交叉口,1、追尾的,负全部责任,不负责任,1,贵A1D951,白色,1,贵AGU217,白色,贵州晨运驾驶培训学校,通达驾校,2011/5/26 0:00,2007/6/26 0:00,东风标致牌,长城牌,36456751994141097X,366862000000000000 ,198809,197508,19,2,2,工作日,晚高峰(17-19点),2015-02-25,2015年2月25日,阴 /阵雨,15℃ / 8℃,东北风 ≤3级 /东北风 ≤3级,阴,阵雨,15,8,东北风,≤3级,东北风,≤3级,day
2015-03-11 19:10:00,解放路,7、未按规定让行的 ,负全部责任,不负责任,1,贵A5BM48,白色,1,贵AU2972,白色,顺一驾驶培训学校,520102,2015/1/8 0:00,2007/11/23 0:00,梅赛德斯-奔驰,瑞麒牌,366246000000000000 ,364547000000000000 ,198407,196601,19,2,3,工作日,晚高峰(17-19点),2015-03-11,2015年3月11日,阴 /小雨,8℃ / 4℃,东北风 ≤3级 /东北风 ≤3级,阴,小雨,8,4,东北风,≤3级,东北风,≤3级,day
2015-03-29 15:10:00,白云区,1、追尾的,负全部责任,不负责任,1,贵A219D3,银,1,贵A82383,银,青正驾校,520136,2014/11/13 0:00,2010/3/16 0:00,长安牌,解放牌,366061000000000000 ,366061000000000000 ,198905,199106,15,6,3,周末,非高峰,2015-03-29,2015年3月29日,阴 /多云,18℃ / 15℃,东风 ≤3级 /南风 ≤3级,阴,多云,18,15,东风,≤3级,南风,≤3级,day
2015-04-08 12:30:00,枣山路,7、未按规定让行的 ,负全部责任,不负责任,1,贵GX9347,黄,1,贵A856G1,银,青正驾校,市交校,2014/1/13 0:00,2011/6/8 0:00,胜达,长安牌,776367000000000000 ,366346000000000000 ,197810,197510,12,2,4,工作日,非高峰,2015-04-08,2015年4月8日,小雨 /小雨,10℃ / 6℃,东北风 ≤3级 /东北风 ≤3级,小雨,小雨,10,6,东北风,≤3级,东北风,≤3级,day
2015-03-24 16:00:00,人民警察学校,1、追尾的,负全部责任,不负责任,1,贵AH1885,白色,1,贵HCT344,白色,青正驾校（清镇市）,520118,2015/3/4 0:00,2010/4/28 0:00,钱江牌,别克牌,355561000000000000 ,364557000000000000 ,199212,198712,16,1,3,工作日,非高峰,2015-03-24,2015年3月24日,小雨 /阵雨,13℃ / 7℃,东北风 ≤3级 /东北风 ≤3级,小雨,阵雨,13,7,东北风,≤3级,东北风,≤3级,day
2015-05-14 08:35:00,改茶村,3、倒车的,负全部责任,不负责任,0,贵ALM074,红,1,贵JAW752,黑,青正驾校,大地驾校,2012/3/9 0:00,2008/8/7 0:00,昌河牌,-1,366067000000000000 ,354767000000000000 ,197602,197008,8,3,5,工作日,早高峰(7-9点),2015-05-14,2015年5月14日,多云 /雷阵雨,27℃ / 20℃,东南风 ≤3级 /南风 ≤3级,多云,雷阵雨,27,20,东南风,≤3级,南风,≤3级,day
2015-05-04 09:10:00,金阳老客车站,7、未按规定让行的 ,负全部责任,不负责任,0,贵F63495,红,0,贵AKD718,黑,贵州晨运驾驶培训学校,大地驾校,2010/10/18 0:00,2006/6/1 0:00,-1,波罗牌,366068000000000000 ,364547000000000000 ,197203,196605,9,0,5,工作日,早高峰(7-9点),2015-05-04,2015年5月4日,阵雨 /阵雨,20℃ / 14℃,东北风 ≤3级 /东北风 ≤3级,阵雨,阵雨,20,14,东北风,≤3级,东北风,≤3级,day
2015-02-07 16:00:00,花溪区烂泥沟,1、追尾的,负全部责任,不负责任,1,贵F22603,黑色,1,贵GQ0372,白色,青正驾校,-1,2014/4/2 0:00,-1,五菱牌,发现,366067000000000000 ,366068000000000000 ,198606,197405,16,5,2,工作日,非高峰,2015-02-07,2015年2月7日,阴 /阴,8℃ / 3℃,东北风 ≤3级 /东北风 ≤3级,阴,阴,8,3,东北风,≤3级,东北风,≤3级,day
2015-05-07 22:20:00,沙冲路,7、未按规定让行的 ,负全部责任,不负责任,1,贵GX2449,白色,1,贵AU7272,白色,自培,消防驾校,2006/6/16 0:00,1999/1/7 0:00,-1,宝来牌,786175000000000000 ,364547000000000000 ,198101,197509,22,3,5,工作日,非高峰,2015-05-07,2015年5月7日,阵雨 /雷阵雨,23℃ / 17℃,东南风 ≤3级 /东南风 ≤3级,阵雨,雷阵雨,23,17,东南风,≤3级,东南风,≤3级,night
2015-03-24 09:00:00,三桥,7、未按规定让行的 ,负全部责任,不负责任,1,贵AGA497,银,1,贵F71399,银,（乌当区）平安驾驶培训有限公司,-1,2007/10/25 0:00,-1,金杯牌,吉利牌,355266000000000000 ,366068000000000000 ,198412,197509,9,1,3,工作日,早高峰(7-9点),2015-03-24,2015年3月24日,小雨 /阵雨,13℃ / 7℃,东北风 ≤3级 /东北风 ≤3级,小雨,阵雨,13,7,东北风,≤3级,东北风,≤3级,day
2015-03-25 10:00:00,时报社,1、追尾的,负全部责任,不负责任,1,贵A0BV75,白,1,贵CCY914,黑,（乌当区）平安驾驶培训有限公司,-1,2008/11/14 0:00,-1,福克斯牌,东风标致牌,366576000000000000 ,366361000000000000 ,198708,198212,10,2,3,工作日,非高峰,2015-03-25,2015年3月25日,阴 /阵雨,14℃ / 9℃,东北风 ≤3级 /东北风 ≤3级,阴,阵雨,14,9,东北风,≤3级,东北风,≤3级,day
2015-05-08 08:20:00,医学院,7、未按规定让行的 ,负全部责任,不负责任,1,贵A31199,白色,1,贵AU0868,白色,（乌当区）平安驾驶培训有限公司,520116,2007/6/19 0:00,2001/5/18 0:00,东风牌,宝来牌,364548000000000000 ,366368000000000000 ,196110,196512,8,4,5,工作日,早高峰(7-9点),2015-05-08,2015年5月8日,阵雨 /多云,25℃ / 15℃,东南风 ≤3级 /东北风 ≤3级,阵雨,多云,25,15,东南风,≤3级,东北风,≤3级,day
2015-04-10 07:20:00,大关,7、未按规定让行的 ,负全部责任,不负责任,1,贵A65X57,白,1,贵AU0089,白,贵州平安驾驶培训学校,-1,2012/4/10 0:00,-1,长安牌,金龙牌,366575000000000000 ,364558000000000000 ,197807,197812,7,4,4,工作日,早高峰(7-9点),2015-04-10,2015年4月10日,小雨 /小雨,12℃ / 8℃,东北风 ≤3级 /东北风 ≤3级,小雨,小雨,12,8,东北风,≤3级,东北风,≤3级,day
2015-04-09 12:30:00,野鸭塘,1、追尾的,负全部责任,不负责任,1,贵ARB332,黑,1,贵A94R87,红,（乌当区）平安驾驶培训有限公司,消防驾校,2006/6/16 0:00,2014/12/3 0:00,长安牌,大众汽车牌,366363000000000000 ,366566000000000000 ,198703,198009,12,3,4,工作日,非高峰,2015-04-09,2015年4月9日,阴 /小雨,11℃ / 7℃,东北风 ≤3级 /东北风 ≤3级,阴,小雨,11,7,东北风,≤3级,东北风,≤3级,day
2015-03-23 16:20:00,新添寨,3、倒车的,负全部责任,不负责任,1,贵A14G42,红,1,贵A58M39,红,贵州平安驾驶培训学校,全林驾校,2012/3/7 0:00,2012/7/6 0:00,丰田牌,英伦牌,364557000000000000 ,364557000000000000 ,199102,198609,16,0,3,工作日,非高峰,2015-03-23,2015年3月23日,多云 /阴,17℃ / 9℃,东北风 ≤3级 /东北风 ≤3级,多云,阴,17,9,东北风,≤3级,东北风,≤3级,day
2015-04-30 17:00:00,东二环,8、依法应负全责的其他情形,负全部责任,不负责任,1,贵A1R538,黑,1,贵AAJ033,白,贵州平安驾驶培训学校,贵州现代驾驶培训责任有限公司,2012/6/6 0:00,2014/5/29 0:00,别克牌,解放牌,54740500000000000 ,366347000000000000 ,198507,197303,17,3,4,工作日,晚高峰(17-19点),2015-04-30,2015年4月30日,阵雨 /阵雨,25℃ / 17℃,东南风 ≤3级 /东南风 ≤3级,阵雨,阵雨,25,17,东南风,≤3级,东南风,≤3级,day
2015-04-08 20:44:00,延安中路,1、追尾的,负全部责任,不负责任,1,贵DD7476,白色,1,贵AU7335,白色,贵州平安驾驶培训学校,-1,2012/9/3 0:00,-1,奥迪牌,捷达牌,366669000000000000 ,36636800000000000 ,198212,198002,20,2,4,工作日,非高峰,2015-04-08,2015年4月8日,小雨 /小雨,10℃ / 6℃,东北风 ≤3级 /东北风 ≤3级,小雨,小雨,10,6,东北风,≤3级,东北风,≤3级,night
2015-03-26 10:00:00,东站,1、追尾的,负全部责任,不负责任,1,贵JAU418,白色,1,贵JX9228,白色,贵州平安驾驶培训学校,-1,2011/12/22 0:00,-1,金旅牌,别克牌,734596000000000000 ,366863000000000000 ,199209,198303,10,3,3,工作日,非高峰,2015-03-26,2015年3月26日,阴 /阵雨,17℃ / 12℃,南风 ≤3级 /南风 ≤3级,阴,阵雨,17,12,南风,≤3级,南风,≤3级,day
2015-03-25 16:30:00,锦江璐,7、未按规定让行的 ,负全部责任,不负责任,1,贵4244500,白色,1,贵D64752,白色,平安驾校（乌当区）,-1,2015/3/23 0:00,-1,-1,昌河,36606651964154665X,366661000000000000 ,198209,198209,16,2,3,工作日,非高峰,2015-03-25,2015年3月25日,阴 /阵雨,14℃ / 9℃,东北风 ≤3级 /东北风 ≤3级,阴,阵雨,14,9,东北风,≤3级,东北风,≤3级,day
2015-03-29 20:30:00,新添寨,7、未按规定让行的 ,负全部责任,不负责任,0,贵A43L87,红,1,贵A93696,白,贵州平安驾驶培训学校,520116,2012/7/9 0:00,2008/9/26 0:00,福克斯牌,兴黔,364548000000000000 ,364557000000000000 ,197506,198907,20,6,3,周末,非高峰,2015-03-29,2015年3月29日,阴 /多云,18℃ / 15℃,东风 ≤3级 /南风 ≤3级,阴,多云,18,15,东风,≤3级,南风,≤3级,night
2015-05-18 09:00:00,金苏大道,9、不符合前8款规定或者双方同时具有上述情形的,负全部责任,不负责任,1,贵A9035Z,蓝,1,贵F49095,蓝,（花溪区）黔丰驾驶培训有限公司,毕节地区驾校,2013/10/9 0:00,-1,-1,-1,366068000000000000 ,366046000000000000 ,197908,197609,9,0,5,工作日,早高峰(7-9点),2015-05-18,2015年5月18日,多云 /多云,25℃ / 18℃,东北风 ≤3级 /东北风 ≤3级,多云,多云,25,18,东北风,≤3级,东北风,≤3级,day
2015-03-28 08:00:00,盘江路,7、未按规定让行的 ,负全部责任,不负责任,1,贵AVE932,白色,1,贵GQ6608,白色,贵州平安驾驶培训学校,520115,2015/1/23 0:00,2011/5/20 0:00,比亚迪牌,豪情牌,344797000000000000 ,366063000000000000 ,198502,198605,8,5,3,工作日,早高峰(7-9点),2015-03-28,2015年3月28日,阵雨 /雷阵雨,17℃ / 14℃,南风 ≤3级 /南风 ≤3级,阵雨,雷阵雨,17,14,南风,≤3级,南风,≤3级,day
2015-05-29 22:00:00,花溪,1、追尾的,负全部责任,不负责任,1,贵AB558C,白色,1,贵GY1597,白色,黔丰驾校,市警校驾校,2013/10/9 0:00,2012/5/4 0:00,广汽菲亚特牌,-1,364556000000000000 ,366368000000000000 ,199301,198106,22,4,5,工作日,非高峰,2015-05-29,2015年5月29日,阵雨 /阵雨,24℃ / 17℃,东南风 ≤3级 /东北风 ≤3级,阵雨,阵雨,24,17,东南风,≤3级,东北风,≤3级,night
2015-04-30 00:00:00,花果园,7、未按规定让行的 ,负全部责任,不负责任,1,贵BG3525,白色,1,贵AKL089,白色,贵州平安驾驶培训学校,自培,2011/12/13 0:00,2006/8/4 0:00,大众汽车牌,长安牌,364547000000000000 ,366561000000000000 ,198505,198504,0,3,4,工作日,非高峰,2015-04-30,2015年4月30日,阵雨 /阵雨,25℃ / 17℃,东南风 ≤3级 /东南风 ≤3级,阵雨,阵雨,25,17,东南风,≤3级,东南风,≤3级,night
2015-03-16 19:20:00,野鸭塘,7、未按规定让行的 ,负全部责任,不负责任,1,贵A8441P,红,1,贵AC345A,银,黔丰驾校,-1,2013/12/12 0:00,-1,大地牌,东风雪铁龙牌,366361000000000000 ,362568000000000000 ,198409,199209,19,0,3,工作日,晚高峰(17-19点),2015-03-16,2015年3月16日,阴 /多云,20℃ / 15℃,南风 ≤3级 /南风 ≤3级,阴,多云,20,15,南风,≤3级,南风,≤3级,day
2015-04-11 10:21:00,青龙村,7、未按规定让行的 ,负全部责任,不负责任,1,贵A3947U,黑,1,贵A8CE64,黑,黔丰驾校,-1,2014/1/13 0:00,-1,五菱牌,江铃牌,364557000000000000 ,364557000000000000 ,197103,197909,10,5,4,工作日,非高峰,2015-04-11,2015年4月11日,多云 /多云,15℃ / 9℃,东北风 ≤3级 /东风 ≤3级,多云,多云,15,9,东北风,≤3级,东风,≤3级,day
2015-04-22 18:15:00,金华世家,5、开关车门的,负全部责任,不负责任,1,贵ATY713,黑,1,贵A9224S,黑,自培,诚信驾驶培训学校,2007/8/17 0:00,2013/7/31 0:00,梅赛德斯-奔驰,比亚迪牌,364547000000000000 ,366347000000000000 ,198904,198411,18,2,4,工作日,晚高峰(17-19点),2015-04-22,2015年4月22日,小雨 /小雨,15℃ / 10℃,东北风 ≤3级 /东北风 ≤3级,小雨,小雨,15,10,东北风,≤3级,东北风,≤3级,day