accidenttime,accidentaddr,driver1fault,driver1responsibility,driver2responsibility,sex1,platenumber1,carcolor1,sex2,platenumber2,carcolor2,jxmc1,jxmc2,cclzrq1,cclzrq2,clpp1,clpp2,driver1license,driver2license,brith1,brith2,hour,weekday,month,is_weekday,peak_hour,date,日期,天气状况,气温,风力风向,day_wea,night_wea,day_tep,night_tep,day_wind_direction,day_wind_speed,night_wind_direction,night_wind_speed,segment
2015-03-27 08:00:00,八角岩,3、倒车的,负全部责任,不负责任,0,贵AV0879,黑,1,贵A59G21,黑,（南明区）现代驾驶培训有限公司,全林驾校,2006/3/17 0:00,2013/5/27 0:00,翼虎牌,大众汽车牌,364556000000000000 ,357867000000000000 ,197503,197908,8,4,3,工作日,早高峰(7-9点),2015-03-27,2015年3月27日,阵雨 /阵雨,18℃ / 13℃,南风 ≤3级 /南风 ≤3级,阵雨,阵雨,18,13,南风,≤3级,南风,≤3级,day
2015-03-08 13:40:00,杨家山隧道,7、未按规定让行的 ,负全部责任,不负责任,1,贵A8928Y,白色,1,贵DR3646,白色,（南明区）现代驾驶培训有限公司,省交校,2010/1/26 0:00,2011/10/14 0:00,五菱牌,福克斯牌,364568000000000000 ,366670000000000000 ,199008,199110,13,6,3,周末,非高峰,2015-03-08,2015年3月8日,小雨 /阴,11℃ / 6℃,东北风 ≤3级 /东北风 ≤3级,小雨,阴,11,6,东北风,≤3级,东北风,≤3级,day
2015-04-30 17:00:00,金阳,9、不符合前8款规定或者双方同时具有上述情形的,负全部责任,不负责任,1,贵A994A5,黄,1,贵GF8168,白,黔丰驾校,文通驾校,2014/8/6 0:00,2011/10/30 0:00,解放牌,飞度牌,364066000000000000 ,364558000000000000 ,199510,198107,17,3,4,工作日,晚高峰(17-19点),2015-04-30,2015年4月30日,阵雨 /阵雨,25℃ / 17℃,东南风 ≤3级 /东南风 ≤3级,阵雨,阵雨,25,17,东南风,≤3级,东南风,≤3级,day
2015-04-23 08:00:00,解放路,2、逆行的,负全部责任,不负责任,1,贵FA6663,白色,1,贵AB475J,白色,黔丰驾校,（乌当区）新华驾驶培训有限公司,2014/11/10 0:00,2003/6/20 0:00,别克牌,轩逸牌,364566000000000000 ,366367000000000000 ,199409,197409,8,3,4,工作日,早高峰(7-9点),2015-04-23,2015年4月23日,阴 /小雨,16℃ / 10℃,东北风 ≤3级 /东北风 ≤3级,阴,小雨,16,10,东北风,≤3级,东北风,≤3级,day
2015-03-25 10:15:00,7冶医院,1、追尾的,负全部责任,不负责任,1,贵AAT818,黑,1,贵AA9632,红,（南明区）现代驾驶培训有限公司,自培,2005/12/23 0:00,2004/1/5 0:00,宾利欧陆,威驰,364548000000000000 ,364547000000000000 ,198701,197412,10,2,3,工作日,非高峰,2015-03-25,2015年3月25日,阴 /阵雨,14℃ / 9℃,东北风 ≤3级 /东北风 ≤3级,阴,阵雨,14,9,东北风,≤3级,东北风,≤3级,day
2015-02-11 20:00:00,花溪,3、倒车的,负全部责任,不负责任,1,贵A3261S,白色,1,贵AJB405,白色,黔丰驾校,自培,2014/10/22 0:00,2008/1/11 0:00,五菱牌,起亚,364556000000000000 ,366064000000000000 ,199411,198702,20,2,2,工作日,非高峰,2015-02-11,2015年2月11日,多云 /多云,11℃ / 3℃,东风 ≤3级 /东北风 ≤3级,多云,多云,11,3,东风,≤3级,东北风,≤3级,night
2015-04-22 14:00:00,杨家山隧道,1、追尾的,负全部责任,不负责任,1,贵JF7981,黑,1,贵A1907G,银,黔丰驾校,自培,2014/6/24 0:00,2011/2/15 0:00,五菱牌,五菱牌,364567000000000000 ,366347000000000000 ,198706,197408,14,2,4,工作日,非高峰,2015-04-22,2015年4月22日,小雨 /小雨,15℃ / 10℃,东北风 ≤3级 /东北风 ≤3级,小雨,小雨,15,10,东北风,≤3级,东北风,≤3级,day
2015-05-18 20:50:00,万东桥,1、追尾的,负全部责任,不负责任,1,贵ALH549,红,1,贵A4CB54,黑,贵州现代驾驶培训责任有限公司,蓝天驾校,2010/7/2 0:00,2010/9/26 0:00,五菱牌,别克牌,366563000000000000 ,344668000000000000 ,197305,199009,20,0,5,工作日,非高峰,2015-05-18,2015年5月18日,多云 /多云,25℃ / 18℃,东北风 ≤3级 /东北风 ≤3级,多云,多云,25,18,东北风,≤3级,东北风,≤3级,night
2015-02-02 18:00:00,乌当新添寨奶牛场,7、未按规定让行的 ,负全部责任,不负责任,1,贵42v61,白色,1,贵GQ0448,香槟色,贵州现代驾驶培训责任有限公司,新天驾校,2012/7/24 0:00,2011/4/29 0:00,-1,力帆牌,364556000000000000 ,364547000000000000 ,197809,198509,18,0,2,工作日,晚高峰(17-19点),2015-02-02,2015年2月2日,阴 /小雨,7℃ / 3℃,南风 ≤3级 /东南风 ≤3级,阴,小雨,7,3,南风,≤3级,东南风,≤3级,day
2015-04-18 07:25:00,乌当,3、倒车的,负全部责任,不负责任,1,贵HR5522,白,1,贵HAW325,黑,贵州现代驾驶培训责任有限公司,贵州平安驾驶培训学校,2011/11/25 0:00,2011/6/27 0:00,豪江牌,东风标致牌,366264000000000000 ,36606751174655775X,198609,199302,7,5,4,工作日,早高峰(7-9点),2015-04-18,2015年4月18日,多云 /雷阵雨,29℃ / 16℃,南风 ≤3级 /南风 ≤3级,多云,雷阵雨,29,16,南风,≤3级,南风,≤3级,day
2015-04-17 19:40:00,东二环,1、追尾的,负全部责任,不负责任,1,贵A7899X,白,1,贵AB685B,银,贵州现代驾驶培训责任有限公司,毕节地区金春驾校,2013/12/17 0:00,-1,跨界高尔夫,夏利牌,364557000000000000 ,366061000000000000 ,196303,196312,19,4,4,工作日,晚高峰(17-19点),2015-04-17,2015年4月17日,多云 /多云,28℃ / 19℃,南风 ≤3级 /南风 ≤3级,多云,多云,28,19,南风,≤3级,南风,≤3级,day
2015-04-16 15:00:00,中华南路,7、未按规定让行的 ,负全部责任,不负责任,0,贵AHB718,蓝,0,贵AVA252,黑,贵州现代驾驶培训责任有限公司,鑫鑫驾校,2012/5/28 0:00,2011/5/13 0:00,长安牌,丰田牌,364547000000000000 ,364547000000000000 ,198602,199005,15,3,4,工作日,非高峰,2015-04-16,2015年4月16日,多云 /多云,29℃ / 17℃,南风 ≤3级 /南风 ≤3级,多云,多云,29,17,南风,≤3级,南风,≤3级,day
2015-03-01 17:10:00,市南路,7、未按规定让行的 ,负全部责任,不负责任,1,贵A11Z56,白色,1,贵J11496,白色,（南明区）现代驾驶培训有限公司,-1,2006/6/9 0:00,-1,东风日产牌,卡宴,366363000000000000 ,366876000000000000 ,197711,198601,17,6,3,周末,晚高峰(17-19点),2015-03-01,2015年3月1日,阴 /阴,9℃ / 3℃,东风 ≤3级 /南风 ≤3级,阴,阴,9,3,东风,≤3级,南风,≤3级,day
2015-04-18 20:50:00,嘉润路,7、未按规定让行的 ,负全部责任,不负责任,1,贵A61M83,白色,1,贵CF6060,白色,贵州现代驾驶培训责任有限公司,-1,2014/4/17 0:00,-1,大众汽车牌,-1,366367000000000000 ,366570000000000000 ,197908,197609,20,5,4,工作日,非高峰,2015-04-18,2015年4月18日,多云 /雷阵雨,29℃ / 16℃,南风 ≤3级 /南风 ≤3级,多云,雷阵雨,29,16,南风,≤3级,南风,≤3级,night
2015-02-16 21:30:00,南明区,8、依法应负全责的其他情形,负全部责任,不负责任,1,贵ACU933,黑,1,贵HBV142,蓝,（南明区）现代驾驶培训有限公司,吉源驾校,2008/9/18 0:00,2014/9/22 0:00,哈飞牌,丰田牌,364548000000000000 ,366270000000000000 ,199001,198201,21,0,2,工作日,非高峰,2015-02-16,2015年2月16日,阴 /阵雨,15℃ / 9℃,东北风 ≤3级 /东南风 ≤3级,阴,阵雨,15,9,东北风,≤3级,东南风,≤3级,night
2015-04-15 09:00:00,碧海花园,4、停车时未挂低速档、未拉驻车制动，导致车辆滑行的,负全部责任,不负责任,1,贵AX0125,白,1,川A00D10,黑,自培,自培,2012/8/16 0:00,2003/10/10 0:00,桑塔纳牌,蒙迪欧牌 ,366063000000000000 ,355566000000000000 ,198512,197609,9,2,4,工作日,早高峰(7-9点),2015-04-15,2015年4月15日,多云 /多云,24℃ / 16℃,东南风 ≤3级 /南风 ≤3级,多云,多云,24,16,东南风,≤3级,南风,≤3级,day
2015-04-19 17:17:00,北京西路,1、追尾的,负全部责任,不负责任,0,贵ACU927,黑,1,贵AU6543,银,（南明区）现代驾驶培训有限公司,自培,2007/8/30 0:00,2010/6/28 0:00,中顺牌,大运牌,354677000000000000 ,366067000000000000 ,197307,198411,17,6,4,周末,晚高峰(17-19点),2015-04-19,2015年4月19日,阵雨 /阵雨,22℃ / 13℃,东北风 ≤3级 /东北风 ≤3级,阵雨,阵雨,22,13,东北风,≤3级,东北风,≤3级,day
2015-04-05 08:00:00,贵惠路,1、追尾的,负全部责任,不负责任,1,贵AC432S,白色,1,贵A7AU13,白色,自培,金大驾校,2014/4/23 0:00,2012/3/5 0:00,夏利牌,长城牌,366064000000000000 ,364548000000000000 ,199507,198501,8,6,4,周末,早高峰(7-9点),2015-04-05,2015年4月5日,阴 /阵雨,30℃ / 12℃,南风 ≤3级 /东北风 ≤3级,阴,阵雨,30,12,南风,≤3级,东北风,≤3级,day
2015-03-27 10:00:00,花果园,3、倒车的,负全部责任,不负责任,1,贵A637B4,红,1,贵A31N89,白,（南明区）现代驾驶培训有限公司,-1,2008/7/9 0:00,-1,福田牌,力帆牌,355463000000000000 ,355247000000000000 ,196708,199301,10,4,3,工作日,非高峰,2015-03-27,2015年3月27日,阵雨 /阵雨,18℃ / 13℃,南风 ≤3级 /南风 ≤3级,阵雨,阵雨,18,13,南风,≤3级,南风,≤3级,day
2015-05-03 17:00:00,小河陈亮,1、追尾的,负全部责任,不负责任,1,贵AC430A,白色,1,贵GQ2296,白色,贵州现代驾驶培训责任有限公司,-1,2014/12/9 0:00,-1,-1,-1,364556000000000000 ,366363000000000000 ,199206,199005,17,6,5,周末,晚高峰(17-19点),2015-05-03,2015年5月3日,阵雨 /阵雨,25℃ / 15℃,东北风 ≤3级 /东北风 ≤3级,阵雨,阵雨,25,15,东北风,≤3级,东北风,≤3级,day
2015-05-29 15:00:00,中天花园,7、未按规定让行的 ,负全部责任,不负责任,0,贵A91A17,白,1,贵AU5101,白,（南明区）现代驾驶培训有限公司,-1,2009/12/21 0:00,-1,东风日产牌,喜马牌,364558000000000000 ,366067000000000000 ,198401,196810,15,4,5,工作日,非高峰,2015-05-29,2015年5月29日,阵雨 /阵雨,24℃ / 17℃,东南风 ≤3级 /东北风 ≤3级,阵雨,阵雨,24,17,东南风,≤3级,东北风,≤3级,day
2015-03-06 16:50:00,遵义路,8、依法应负全责的其他情形,负全部责任,不负责任,1,贵GL0093,红,1,贵AU7477,蓝,（南明区）现代驾驶培训有限公司,自培,2006/3/3 0:00,2000/11/1 0:00,-1,金龙牌,366368000000000000 ,364547000000000000 ,197005,196901,16,4,3,工作日,非高峰,2015-03-06,2015年3月6日,小雨 /小雨,5℃ / 3℃,东北风 ≤3级 /东北风 ≤3级,小雨,小雨,5,3,东北风,≤3级,东北风,≤3级,day
2015-03-17 09:15:00,金阳新区,8、依法应负全责的其他情形,负全部责任,不负责任,1,贵GF8098,蓝,0,贵A5698K,银,贵州现代驾驶培训责任有限公司,自培,2011/7/18 0:00,2013/5/28 0:00,大众汽车牌,鹤云牌,366566000000000000 ,364557000000000000 ,197907,198911,9,1,3,工作日,早高峰(7-9点),2015-03-17,2015年3月17日,多云 /多云,25℃ / 14℃,南风 ≤3级 /南风 ≤3级,多云,多云,25,14,南风,≤3级,南风,≤3级,day
2015-03-21 14:30:00,桂黄公路,7、未按规定让行的 ,负全部责任,不负责任,1,贵A87234,红,1,贵LBR975,银,自培,-1,2011/12/21 0:00,-1,嘉陵牌,-1,364557000000000000 ,36454651865652365X,199309,197212,14,5,3,工作日,非高峰,2015-03-21,2015年3月21日,阴 /阴,16℃ / 11℃,东北风 ≤3级 /东南风 ≤3级,阴,阴,16,11,东北风,≤3级,东南风,≤3级,day
2015-03-21 14:30:00,贵黄公路,7、未按规定让行的 ,负全部责任,不负责任,1,贵A87234,红,1,贵JBR795,银,自培,-1,2011/12/21 0:00,-1,嘉陵牌,五菱牌,364557000000000000 ,36454651865652365X,199309,197212,14,5,3,工作日,非高峰,2015-03-21,2015年3月21日,阴 /阴,16℃ / 11℃,东北风 ≤3级 /东南风 ≤3级,阴,阴,16,11,东北风,≤3级,东南风,≤3级,day
2015-05-19 08:20:00,新添大道,7、未按规定让行的 ,负全部责任,不负责任,0,贵AX4829,红,1,贵A78B33,红,贵州现代驾驶培训责任有限公司,自培,2013/12/17 0:00,2003/12/16 0:00,雪佛兰牌,东风雪铁龙牌,364548000000000000 ,364548000000000000 ,198010,195804,8,1,5,工作日,早高峰(7-9点),2015-05-19,2015年5月19日,阵雨 /大雨,25℃ / 18℃,东北风 ≤3级 /南风 ≤3级,阵雨,大雨,25,18,东北风,≤3级,南风,≤3级,day
2015-03-02 16:30:00,沙文路,1、追尾的,负全部责任,不负责任,1,贵FX1602,银,1,贵AKD631,黑,贵州现代驾驶培训责任有限公司,-1,2013/10/28 0:00,-1,长安牌,雅阁牌,364556000000000000 ,35616751894564413X,199409,197801,16,0,3,工作日,非高峰,2015-03-02,2015年3月2日,阴 /小雨,9℃ / 2℃,东北风 ≤3级 /东北风 ≤3级,阴,小雨,9,2,东北风,≤3级,东北风,≤3级,day
2015-03-26 08:25:00,金阳,8、依法应负全责的其他情形,负全部责任,不负责任,1,贵A74W33,白,0,贵AFM195,黑,（花溪区）金马驾驶培训有限公司,自培,2010/3/18 0:00,2012/11/8 0:00,奥迪牌,大众汽车牌,366347000000000000 ,36636251905446509X,197207,198410,8,3,3,工作日,早高峰(7-9点),2015-03-26,2015年3月26日,阴 /阵雨,17℃ / 12℃,南风 ≤3级 /南风 ≤3级,阴,阵雨,17,12,南风,≤3级,南风,≤3级,day
2015-04-09 09:20:00,西南环线,7、未按规定让行的 ,负全部责任,不负责任,1,贵A6E003,白色,1,贵AKK615,白色,贵州现代驾驶培训责任有限公司,-1,2014/10/23 0:00,-1,五菱牌,宝来牌,366363000000000000 ,364547000000000000 ,197802,197310,9,3,4,工作日,早高峰(7-9点),2015-04-09,2015年4月9日,阴 /小雨,11℃ / 7℃,东北风 ≤3级 /东北风 ≤3级,阴,小雨,11,7,东北风,≤3级,东北风,≤3级,day
2015-05-07 18:22:00,观山西路,7、未按规定让行的 ,负全部责任,不负责任,1,贵A333C2,白,1,贵JDB628,红,贵州现代驾驶培训责任有限公司,黔丰驾校,2015/2/2 0:00,2015/2/12 0:00,解放牌,-1,726647000000000000 ,366570000000000000 ,198210,197212,18,3,5,工作日,晚高峰(17-19点),2015-05-07,2015年5月7日,阵雨 /雷阵雨,23℃ / 17℃,东南风 ≤3级 /东南风 ≤3级,阵雨,雷阵雨,23,17,东南风,≤3级,东南风,≤3级,day
2015-02-28 09:00:00,石林西路,1、追尾的,负全部责任,不负责任,1,贵A73C43,银,1,贵J4B413,黄,贵州现代驾驶培训责任有限公司,自培,2012/2/7 0:00,2001/8/8 0:00,大众汽车牌,-1,355247000000000000 ,364547000000000000 ,199205,197407,9,5,2,工作日,早高峰(7-9点),2015-02-28,2015年2月28日,小雨 /小雨,8℃ / 4℃,东北风 ≤3级 /东北风 ≤3级,小雨,小雨,8,4,东北风,≤3级,东北风,≤3级,day
2015-05-19 21:00:00,小河香江路,7、未按规定让行的 ,负全部责任,不负责任,1,贵AEP201,白色,1,贵A87E93,白色,（花溪区）金马驾驶培训有限公司,诚信驾驶培训学校,2006/3/1 0:00,2012/1/4 0:00,一汽佳星牌,-1,354366000000000000 ,35457651965554426X,197002,198211,21,1,5,工作日,非高峰,2015-05-19,2015年5月19日,阵雨 /大雨,25℃ / 18℃,东北风 ≤3级 /南风 ≤3级,阵雨,大雨,25,18,东北风,≤3级,南风,≤3级,night
2015-03-19 21:00:00,金华,1、追尾的,负全部责任,不负责任,1,贵FY1599,白,1,贵FL7979,黑,（花溪区）金马驾驶培训有限公司,自培,2007/1/4 0:00,2004/11/8 0:00,福克斯牌,东南牌,36604551934252967X,366046000000000000 ,198506,197704,21,3,3,工作日,非高峰,2015-03-19,2015年3月19日,多云 /阵雨,26℃ / 12℃,南风 ≤3级 /东北风 ≤3级,多云,阵雨,26,12,南风,≤3级,东北风,≤3级,night
2015-04-13 18:48:00,小河区,7、未按规定让行的 ,负全部责任,不负责任,1,贵GT2232,白,0,贵A6049A,红,（花溪区）金马驾驶培训有限公司,金大驾校,2008/5/22 0:00,2012/9/19 0:00,观致牌,长城牌,734898000000000000 ,364547000000000000 ,198603,199405,18,0,4,工作日,晚高峰(17-19点),2015-04-13,2015年4月13日,晴 /多云,23℃ / 8℃,东北风 ≤3级 /东北风 ≤3级,晴,多云,23,8,东北风,≤3级,东北风,≤3级,day
2015-04-08 08:10:00,花溪区,7、未按规定让行的 ,负全部责任,不负责任,1,贵A483F1,白色,1,贵AV9847,白色,贵阳金马驾驶培训有限公司,大地驾校,2014/7/13 0:00,2004/12/3 0:00,豪沃牌,别克牌,37656951144760255X,366066000000000000 ,199003,197802,8,2,4,工作日,早高峰(7-9点),2015-04-08,2015年4月8日,小雨 /小雨,10℃ / 6℃,东北风 ≤3级 /东北风 ≤3级,小雨,小雨,10,6,东北风,≤3级,东北风,≤3级,day
2015-04-07 00:00:00,花溪,1、追尾的,负全部责任,不负责任,1,贵AFG847,白色,1,贵A8156J,白色,（花溪区）金马驾驶培训有限公司,长运驾校,2015/2/12 0:00,2012/5/16 0:00,大众汽车牌,昌河牌,574279000000000000 ,366064000000000000 ,199103,199101,0,1,4,工作日,非高峰,2015-04-07,2015年4月7日,小雨 /小雨,9℃ / 5℃,东北风 ≤3级 /东北风 ≤3级,小雨,小雨,9,5,东北风,≤3级,东北风,≤3级,night
2015-04-03 17:30:00,二浦,9、不符合前8款规定或者双方同时具有上述情形的,负同等责任,负同等责任,1,贵A72C11,黑,1,贵A4RZ14,红,（花溪区）金马驾驶培训有限公司,（花溪区）金马驾驶培训有限公司,2006/11/20 0:00,-1,荣威牌,-1,364596000000000000 ,36634551174765825X,198805,199303,17,4,4,工作日,晚高峰(17-19点),2015-04-03,2015年4月3日,多云 /多云,30℃ / 19℃,南风 ≤3级 /南风 ≤3级,多云,多云,30,19,南风,≤3级,南风,≤3级,day
2015-04-06 19:00:00,白云区,1、追尾的,负全部责任,不负责任,1,贵A240C4,银,0,贵A7034B,银,自培,520127,2011/11/29 0:00,2009/8/20 0:00,解放牌,众泰牌,366367000000000000 ,364557000000000000 ,197306,196604,19,0,4,工作日,晚高峰(17-19点),2015-04-06,2015年4月6日,阵雨 /阵雨,17℃ / 7℃,东北风 ≤3级 /东北风 ≤3级,阵雨,阵雨,17,7,东北风,≤3级,东北风,≤3级,day
2015-04-19 20:00:00,花果园,7、未按规定让行的 ,负全部责任,不负责任,1,贵A317E9,白色,1,贵AGE823,白色,（花溪区）金马驾驶培训有限公司,-1,2011/4/18 0:00,-1,川交牌,雪佛兰牌,364556000000000000 ,364646000000000000 ,198307,198811,20,6,4,周末,非高峰,2015-04-19,2015年4月19日,阵雨 /阵雨,22℃ / 13℃,东北风 ≤3级 /东北风 ≤3级,阵雨,阵雨,22,13,东北风,≤3级,东北风,≤3级,night
2015-03-04 12:00:00,宏泰物流,3、倒车的,负全部责任,不负责任,1,贵A17W53,白,1,贵GP7647,银,（花溪区）金马驾驶培训有限公司,#,2010/3/25 0:00,2001/8/29 0:00,江铃牌,五菱牌,366067000000000000 ,74365500000000000 ,198708,197105,12,2,3,工作日,非高峰,2015-03-04,2015年3月4日,小雨 /小雨,6℃ / 1℃,东北风 ≤3级 /东北风 ≤3级,小雨,小雨,6,1,东北风,≤3级,东北风,≤3级,day
2015-05-04 10:30:00,金阳市政府,7、未按规定让行的 ,负全部责任,不负责任,0,贵A468C9,红,1,贵BS9984,蓝,（南明区）吉源驾驶培训有限公司,520116,2005/1/26 0:00,2010/1/25 0:00,鹤云牌,-1,366347000000000000 ,364648000000000000 ,196303,198603,10,0,5,工作日,非高峰,2015-05-04,2015年5月4日,阵雨 /阵雨,20℃ / 14℃,东北风 ≤3级 /东北风 ≤3级,阵雨,阵雨,20,14,东北风,≤3级,东北风,≤3级,day
2015-03-11 07:00:00,乌当,5、开关车门的,负全部责任,不负责任,1,贵O554084,蓝,1,贵ASX254,黑,（南明区）吉源驾驶培训有限公司,520106,2007/12/18 0:00,-1,-1,比亚迪牌,366067000000000000 ,366246000000000000 ,197109,198810,7,2,3,工作日,早高峰(7-9点),2015-03-11,2015年3月11日,阴 /小雨,8℃ / 4℃,东北风 ≤3级 /东北风 ≤3级,阴,小雨,8,4,东北风,≤3级,东北风,≤3级,day
2015-04-11 11:10:00,孟关汽车城,2、逆行的,负全部责任,不负责任,1,贵AU9353,白色,1,贵AKX828,白色,（南明区）吉源驾驶培训有限公司,省交校,2009/8/6 0:00,2012/11/23 0:00,莱宝驰牌,捷达牌,364556000000000000 ,364547000000000000 ,198902,199303,11,5,4,工作日,非高峰,2015-04-11,2015年4月11日,多云 /多云,15℃ / 9℃,东北风 ≤3级 /东风 ≤3级,多云,多云,15,9,东北风,≤3级,东风,≤3级,day
2015-05-23 22:00:00,西南家具城,7、未按规定让行的 ,负全部责任,不负责任,1,贵CCX877,黑,1,贵AC803M,白,（南明区）吉源驾驶培训有限公司,贵大佳德驾驶培训学校,2010/2/10 0:00,2011/8/30 0:00,-1,宝马牌,354670000000000000 ,366361000000000000 ,196606,197508,22,5,5,工作日,非高峰,2015-05-23,2015年5月23日,阵雨 /阴,19℃ / 14℃,东北风 ≤3级 /东北风 ≤3级,阵雨,阴,19,14,东北风,≤3级,东北风,≤3级,night
2015-03-28 10:00:00,涴沙桥,1、追尾的,负全部责任,不负责任,1,贵A69C22,黑,1,贵GY6573,银,（南明区）吉源驾驶培训有限公司,贵州省长安驾驶培训学校,2008/1/18 0:00,2011/9/1 0:00,福克斯牌,长安牌,364558000000000000 ,364557000000000000 ,198710,199112,10,5,3,工作日,非高峰,2015-03-28,2015年3月28日,阵雨 /雷阵雨,17℃ / 14℃,南风 ≤3级 /南风 ≤3级,阵雨,雷阵雨,17,14,南风,≤3级,南风,≤3级,day
2015-04-27 08:30:00,飞机场,9、不符合前8款规定或者双方同时具有上述情形的,负同等责任,负同等责任,0,贵AJR546,白,0,贵A14R89,黑,文通驾校,文通驾校,2010/6/9 0:00,2013/7/4 0:00,长安牌,海马牌,364548000000000000 ,366669000000000000 ,198706,198311,8,0,4,工作日,早高峰(7-9点),2015-04-27,2015年4月27日,阴 /雷阵雨,21℃ / 14℃,东南风 ≤3级 /东北风 ≤3级,阴,雷阵雨,21,14,东南风,≤3级,东北风,≤3级,day
2015-03-28 19:00:00,花溪大道,7、未按规定让行的 ,负全部责任,不负责任,1,贵AGS899,白色,1,贵GL8771,白色,文通驾校,全林驾校,2010/11/2 0:00,2013/5/27 0:00,众泰牌,北京现代牌,364556000000000000 ,364548000000000000 ,198112,199111,19,5,3,工作日,晚高峰(17-19点),2015-03-28,2015年3月28日,阵雨 /雷阵雨,17℃ / 14℃,南风 ≤3级 /南风 ≤3级,阵雨,雷阵雨,17,14,南风,≤3级,南风,≤3级,day
2015-03-02 16:00:00,未来绿色环岛,7、未按规定让行的 ,负全部责任,不负责任,1,贵A58A85,红,1,贵AU6229,绿,（南明区）吉源驾驶培训有限公司,贵州现代驾驶培训责任有限公司,2010/11/10 0:00,2001/3/12 0:00,马自达牌,黄海牌,364548000000000000 ,364558000000000000 ,197812,197903,16,0,3,工作日,非高峰,2015-03-02,2015年3月2日,阴 /小雨,9℃ / 2℃,东北风 ≤3级 /东北风 ≤3级,阴,小雨,9,2,东北风,≤3级,东北风,≤3级,day
2015-04-10 09:10:00,花溪大道,7、未按规定让行的 ,负全部责任,不负责任,1,贵ASA512,白色,1,贵FS3650,白色,（南明区）吉源驾驶培训有限公司,新天驾校,2004/12/1 0:00,2011/8/12 0:00,朗逸牌,北京现代牌,364547000000000000 ,364568000000000000 ,196409,198701,9,4,4,工作日,早高峰(7-9点),2015-04-10,2015年4月10日,小雨 /小雨,12℃ / 8℃,东北风 ≤3级 /东北风 ≤3级,小雨,小雨,12,8,东北风,≤3级,东北风,≤3级,day
2015-05-15 18:30:00,花溪,1、追尾的,负全部责任,不负责任,1,贵AC2113,白色,1,贵AU8661,白色,文通驾校,520127,2011/9/29 0:00,2009/3/5 0:00,大运牌,瑞麒牌,364556000000000000 ,36606051914557545X,198503,198901,18,4,5,工作日,晚高峰(17-19点),2015-05-15,2015年5月15日,阵雨 /阵雨,25℃ / 16℃,东北风 ≤3级 /东北风 ≤3级,阵雨,阵雨,25,16,东北风,≤3级,东北风,≤3级,day
2015-05-08 11:00:00,宝山路,1、追尾的,负全部责任,不负责任,1,贵A344E3,黑,1,贵FK4788,红,文通驾校,自培,2010/5/17 0:00,2006/2/8 0:00,华神牌,-1,364557000000000000 ,366068000000000000 ,198801,198202,11,4,5,工作日,非高峰,2015-05-08,2015年5月8日,阵雨 /多云,25℃ / 15℃,东南风 ≤3级 /东北风 ≤3级,阵雨,多云,25,15,东南风,≤3级,东北风,≤3级,day
2015-05-20 11:43:00,新添大道,7、未按规定让行的 ,负全部责任,不负责任,1,贵A83B77,黄,1,贵AB952A,红,（南明区）吉源驾驶培训有限公司,自培,2005/10/31 0:00,2006/4/17 0:00,福克斯牌,吉利牌,364596000000000000 ,366067000000000000 ,198503,196212,11,2,5,工作日,非高峰,2015-05-20,2015年5月20日,阴 /阵雨,23℃ / 17℃,东北风 ≤3级 /东北风 ≤3级,阴,阵雨,23,17,东北风,≤3级,东北风,≤3级,day
2015-03-27 10:00:00,大营坡,7、未按规定让行的 ,负全部责任,不负责任,1,贵A8BL98,白,0,贵AKN164,白,（南明区）吉源驾驶培训有限公司,自培,2008/10/22 0:00,2008/10/13 0:00,雅阁牌,荣威牌,734996000000000000 ,364548000000000000 ,198902,197509,10,4,3,工作日,非高峰,2015-03-27,2015年3月27日,阵雨 /阵雨,18℃ / 13℃,南风 ≤3级 /南风 ≤3级,阵雨,阵雨,18,13,南风,≤3级,南风,≤3级,day
2015-05-15 08:20:00,工装路口,1、追尾的,负全部责任,不负责任,1,川RR4652,红,1,贵A84E69,黑,（南明区）吉源驾驶培训有限公司,自培,2010/7/6 0:00,2000/4/29 0:00,-1,起亚牌,355741000000000000 ,364558000000000000 ,198903,198109,8,4,5,工作日,早高峰(7-9点),2015-05-15,2015年5月15日,阵雨 /阵雨,25℃ / 16℃,东北风 ≤3级 /东北风 ≤3级,阵雨,阵雨,25,16,东北风,≤3级,东北风,≤3级,day
2015-03-24 17:42:00,三桥,1、追尾的,负全部责任,不负责任,1,贵A0120M,黄,1,贵AA6193,黑,文通驾校,顺一驾驶培训学校,2011/6/20 0:00,2007/2/6 0:00,起亚牌,长安,364557000000000000 ,354366000000000000 ,199110,196302,17,1,3,工作日,晚高峰(17-19点),2015-03-24,2015年3月24日,小雨 /阵雨,13℃ / 7℃,东北风 ≤3级 /东北风 ≤3级,小雨,阵雨,13,7,东北风,≤3级,东北风,≤3级,day
2015-04-26 08:07:00,花果园,7、未按规定让行的 ,负全部责任,不负责任,1,贵JDF774,白,1,贵A6BZ13,银,文通驾校,十一驾驶培训有限公司,2011/5/4 0:00,2013/4/16 0:00,吉利美日牌,奥迪,366846000000000000 ,36454651994860606X,198312,198807,8,6,4,周末,早高峰(7-9点),2015-04-26,2015年4月26日,阵雨 /阵雨,18℃ / 14℃,东南风 ≤3级 /东北风 ≤3级,阵雨,阵雨,18,14,东南风,≤3级,东北风,≤3级,day
2015-05-25 10:00:00,恒大绿洲,9、不符合前8款规定或者双方同时具有上述情形的,负同等责任,负同等责任,1,贵GE4603,黑,1,贵A38346,白,文通驾校,文通驾校,2012/3/13 0:00,2013/6/21 0:00,-1,长安,364568000000000000 ,364557000000000000 ,198708,199002,10,0,5,工作日,非高峰,2015-05-25,2015年5月25日,多云 /阵雨,26℃ / 19℃,东南风 ≤3级 /东南风 ≤3级,多云,阵雨,26,19,东南风,≤3级,东南风,≤3级,day