accidenttime,accidentaddr,driver1fault,driver1responsibility,driver2responsibility,sex1,platenumber1,carcolor1,sex2,platenumber2,carcolor2,jxmc1,jxmc2,cclzrq1,cclzrq2,clpp1,clpp2,driver1license,driver2license,brith1,brith2,hour,weekday,month,is_weekday,peak_hour,date,日期,天气状况,气温,风力风向,day_wea,night_wea,day_tep,night_tep,day_wind_direction,day_wind_speed,night_wind_direction,night_wind_speed,segment
2015-03-03 08:10:00,二戈寨,8、依法应负全责的其他情形,负全部责任,不负责任,1,贵A5102E,白色,1,贵A9728E,白色,文通驾校,贵阳金马驾驶培训有限公司,2011/11/7 0:00,2015/2/12 0:00,五菱牌,英伦牌,366864000000000000 ,364556000000000000 ,197503,197310,8,1,3,工作日,早高峰(7-9点),2015-03-03,2015年3月3日,小雨 /小雨,8℃ / 3℃,东北风 ≤3级 /东北风 ≤3级,小雨,小雨,8,3,东北风,≤3级,东北风,≤3级,day
2015-03-17 13:30:00,乌当,9、不符合前8款规定或者双方同时具有上述情形的,不负责任,负同等责任,1,渝A57X39,白,1,贵AU7973,蓝,文通驾校,自培,-1,2011/5/26 0:00,东风日产牌,捷达牌,354669000000000000 ,364557000000000000 ,196510,198702,13,1,3,工作日,非高峰,2015-03-17,2015年3月17日,多云 /多云,25℃ / 14℃,南风 ≤3级 /南风 ≤3级,多云,多云,25,14,南风,≤3级,南风,≤3级,day
2015-05-20 17:03:00,大关,1、追尾的,负全部责任,不负责任,0,贵A3AS22,黑,1,贵A93E69,红,吉源驾校,无,2013/8/22 0:00,1989/11/27 0:00,朗逸牌,北京现代牌,366664000000000000 ,35546851215675285X,198303,196912,17,2,5,工作日,晚高峰(17-19点),2015-05-20,2015年5月20日,阴 /阵雨,23℃ / 17℃,东北风 ≤3级 /东北风 ≤3级,阴,阵雨,23,17,东北风,≤3级,东北风,≤3级,day
2015-04-06 16:44:00,保利温泉,9、不符合前8款规定或者双方同时具有上述情形的,负同等责任,负同等责任,1,贵AJW198,白,1,贵AK5946,银,吉源驾校,吉源驾校,2013/12/24 0:00,2004/10/18 0:00,东风标致牌,轰轰烈牌,366361000000000000 ,354366000000000000 ,198105,197602,16,0,4,工作日,非高峰,2015-04-06,2015年4月6日,阵雨 /阵雨,17℃ / 7℃,东北风 ≤3级 /东北风 ≤3级,阵雨,阵雨,17,7,东北风,≤3级,东北风,≤3级,day
2015-03-12 17:00:00,市北路,7、未按规定让行的 ,负全部责任,不负责任,1,贵A49W88,白,1,贵AU7122,蓝,文通驾校,公交公司驾校,2012/8/16 0:00,2005/1/10 0:00,大众汽车牌,五羊牌,364548000000000000 ,364548000000000000 ,196610,198305,17,3,3,工作日,晚高峰(17-19点),2015-03-12,2015年3月12日,多云 /多云,16℃ / 10℃,南风 ≤3级 /南风 ≤3级,多云,多云,16,10,南风,≤3级,南风,≤3级,day
2015-03-25 17:55:00,贵新高速,1、追尾的,负全部责任,不负责任,1,贵A33J57,白色,1,贵JP0741,白色,吉源驾校,-1,2014/1/2 0:00,-1,别克牌,别克牌,74360500000000000 ,36686351154764335X,198208,199103,17,2,3,工作日,晚高峰(17-19点),2015-03-25,2015年3月25日,阴 /阵雨,14℃ / 9℃,东北风 ≤3级 /东北风 ≤3级,阴,阵雨,14,9,东北风,≤3级,东北风,≤3级,day
2015-03-28 06:38:00,南二环,7、未按规定让行的 ,负全部责任,不负责任,1,贵4594064,白色,1,贵FT1263,白色,文通驾校,-1,2012/4/20 0:00,-1,-1,别克牌,366068000000000000 ,366067000000000000 ,196808,199110,6,5,3,工作日,非高峰,2015-03-28,2015年3月28日,阵雨 /雷阵雨,17℃ / 14℃,南风 ≤3级 /南风 ≤3级,阵雨,雷阵雨,17,14,南风,≤3级,南风,≤3级,day
2015-02-25 20:48:00,永乐路,7、未按规定让行的 ,负全部责任,不负责任,1,贵A17H98,银,1,贵ASH294,蓝,吉源驾校,-1,2014/4/18 0:00,-1,起亚牌,瑞麒牌,36454751215443445X,36454751235474067X,196910,196510,20,2,2,工作日,非高峰,2015-02-25,2015年2月25日,阴 /阵雨,15℃ / 8℃,东北风 ≤3级 /东北风 ≤3级,阴,阵雨,15,8,东北风,≤3级,东北风,≤3级,night
2015-05-30 18:00:00,黔江路,8、依法应负全责的其他情形,负全部责任,不负责任,1,贵JBS842,白色,1,贵A66582,白色,吉源驾校,-1,2014/4/28 0:00,-1,-1,望江,364566000000000000 ,74046500000000000 ,199401,197912,18,5,5,工作日,晚高峰(17-19点),2015-05-30,2015年5月30日,阵雨 /阵雨,23℃ / 17℃,东北风 ≤3级 /东风 ≤3级,阵雨,阵雨,23,17,东北风,≤3级,东风,≤3级,day
2015-04-14 09:45:00,日报社,9、不符合前8款规定或者双方同时具有上述情形的,负同等责任,负同等责任,1,贵JAP884,白,1,贵A64B87,银,吉源驾校,贵州平安驾驶培训学校,2014/12/3 0:00,2013/3/14 0:00,雪佛兰牌,捷达牌,366876000000000000 ,364547000000000000 ,198212,197807,9,1,4,工作日,早高峰(7-9点),2015-04-14,2015年4月14日,晴 /多云,22℃ / 9℃,东风 ≤3级 /东风 ≤3级,晴,多云,22,9,东风,≤3级,东风,≤3级,day
2015-04-03 11:41:00,东山,7、未按规定让行的 ,负全部责任,不负责任,1,贵A175D1,红,1,贵AE9324,银,（南明区）吉源驾驶培训有限公司,消防驾校,2009/3/26 0:00,2012/9/24 0:00,解放牌,北京现代,366268000000000000 ,366276000000000000 ,198104,198404,11,4,4,工作日,非高峰,2015-04-03,2015年4月3日,多云 /多云,30℃ / 19℃,南风 ≤3级 /南风 ≤3级,多云,多云,30,19,南风,≤3级,南风,≤3级,day
2015-04-13 07:00:00,五里冲,7、未按规定让行的 ,负全部责任,不负责任,1,贵GT5104,黑,1,贵A90979,黄,吉源驾校,-1,2014/5/30 0:00,-1,荣威牌,陕汽牌,366577000000000000 ,366067000000000000 ,196907,197811,7,0,4,工作日,早高峰(7-9点),2015-04-13,2015年4月13日,晴 /多云,23℃ / 8℃,东北风 ≤3级 /东北风 ≤3级,晴,多云,23,8,东北风,≤3级,东北风,≤3级,day
2015-04-13 09:00:00,野鸭塘,3、倒车的,负全部责任,不负责任,1,贵GT5104,黑,1,贵A3CB70,银,吉源驾校,520114,2014/5/30 0:00,2010/5/31 0:00,荣威牌,奥迪牌,366577000000000000 ,366768000000000000 ,196907,198602,9,0,4,工作日,早高峰(7-9点),2015-04-13,2015年4月13日,晴 /多云,23℃ / 8℃,东北风 ≤3级 /东北风 ≤3级,晴,多云,23,8,东北风,≤3级,东北风,≤3级,day
2015-03-14 21:45:00,百花大道,7、未按规定让行的 ,负全部责任,不负责任,1,贵GT5104,白,1,贵A23864,红,吉源驾校,自培,2014/5/30 0:00,2004/8/6 0:00,荣威牌,宗申牌,366577000000000000 ,364556000000000000 ,196907,197806,21,5,3,工作日,非高峰,2015-03-14,2015年3月14日,阴 /阴,17℃ / 12℃,南风 ≤3级 /东南风 ≤3级,阴,阴,17,12,南风,≤3级,东南风,≤3级,night
2015-04-02 19:00:00,花果园,1、追尾的,负全部责任,不负责任,1,贵GY2420,白,1,贵A89A25,红,吉源驾校（南明区）,新华驾校,2015/4/2 0:00,2013/4/3 0:00,雪佛兰牌,宝马牌,366070000000000000 ,357467000000000000 ,198208,198610,19,3,4,工作日,晚高峰(17-19点),2015-04-02,2015年4月2日,多云 /多云,30℃ / 18℃,南风 ≤3级 /南风 ≤3级,多云,多云,30,18,南风,≤3级,南风,≤3级,day
2015-05-15 11:40:00,八匹马,1、追尾的,负全部责任,不负责任,1,贵GGD164,白,1,贵A3164S,白,吉源驾校,路路达驾校,2015/2/4 0:00,2012/9/20 0:00,-1,五菱牌,366361000000000000 ,77479651984567855X,199508,198701,11,4,5,工作日,非高峰,2015-05-15,2015年5月15日,阵雨 /阵雨,25℃ / 16℃,东北风 ≤3级 /东北风 ≤3级,阵雨,阵雨,25,16,东北风,≤3级,东北风,≤3级,day
2015-02-05 18:00:00,陈亮,1、追尾的,负全部责任,不负责任,1,贵A3D496,白色,1,贵H89465,白色,吉源驾校,预约考试窗口,2014/12/3 0:00,2007/6/20 0:00,福克斯牌,波罗,364556000000000000 ,364556000000000000 ,197301,198010,18,3,2,工作日,晚高峰(17-19点),2015-02-05,2015年2月5日,阴 /阴,3℃ / 0℃,东北风 ≤3级 /东北风 ≤3级,阴,阴,3,0,东北风,≤3级,东北风,≤3级,day
2015-02-06 18:08:00,花溪陈亮村,1、追尾的,负全部责任,不负责任,1,贵A3D496,白色,1,贵H89465,白色,吉源驾校,预约考试窗口,2014/12/3 0:00,2007/6/20 0:00,福克斯牌,波罗,364556000000000000 ,364556000000000000 ,197301,198010,18,4,2,工作日,晚高峰(17-19点),2015-02-06,2015年2月6日,多云 /小雨,9℃ / 2℃,南风 ≤3级 /南风 ≤3级,多云,小雨,9,2,南风,≤3级,南风,≤3级,day
2015-03-09 15:30:00,中山西路,8、依法应负全责的其他情形,负全部责任,不负责任,1,贵ANB154,白色,1,贵GL1434,白色,（南明区）吉源驾驶培训有限公司,520126,2015/2/26 0:00,2008/10/23 0:00,起亚牌,宝马牌,364547000000000000 ,366346000000000000 ,199009,198110,15,0,3,工作日,非高峰,2015-03-09,2015年3月9日,小雨 /小雨,10℃ / 5℃,东北风 ≤3级 /东北风 ≤3级,小雨,小雨,10,5,东北风,≤3级,东北风,≤3级,day
2015-05-03 18:00:00,八匹马,1、追尾的,负全部责任,不负责任,1,贵A24W91,蓝,1,川4552527,红,吉源驾校（南明区）,-1,2015/4/10 0:00,-1,雷克萨斯,-1,364548000000000000 ,36656551924061495X,198706,198604,18,6,5,周末,晚高峰(17-19点),2015-05-03,2015年5月3日,阵雨 /阵雨,25℃ / 15℃,东北风 ≤3级 /东北风 ≤3级,阵雨,阵雨,25,15,东北风,≤3级,东北风,≤3级,day
2015-04-18 11:20:00,宝山路,7、未按规定让行的 ,负全部责任,不负责任,1,贵HBQ726,黄,1,贵AV4713,黄,吉源驾校,瓮安县鑫源汽车驾驶培训学校,2015/2/4 0:00,-1,别克牌,海马牌,366268000000000000 ,366864000000000000 ,198705,195108,11,5,4,工作日,非高峰,2015-04-18,2015年4月18日,多云 /雷阵雨,29℃ / 16℃,南风 ≤3级 /南风 ≤3级,多云,雷阵雨,29,16,南风,≤3级,南风,≤3级,day
2015-03-09 17:20:00,龙泉苑,5、开关车门的,负全部责任,不负责任,1,贵AU9798,蓝,1,贵A81R31,银,（南明区）吉源驾驶培训有限公司,自培,2005/8/3 0:00,2004/6/30 0:00,瑞麒牌,五菱牌,366347000000000000 ,366361000000000000 ,197705,197412,17,0,3,工作日,晚高峰(17-19点),2015-03-09,2015年3月9日,小雨 /小雨,10℃ / 5℃,东北风 ≤3级 /东北风 ≤3级,小雨,小雨,10,5,东北风,≤3级,东北风,≤3级,day
2015-05-08 08:30:00,市北路,8、依法应负全责的其他情形,负全部责任,不负责任,1,贵A75A13,蓝,1,贵AB6456,黄,（南明区）吉源驾驶培训有限公司,市警校驾校,2005/11/14 0:00,2003/10/28 0:00,别克牌,豪爵-SUZUKI牌,364646000000000000 ,786164000000000000 ,198302,198211,8,4,5,工作日,早高峰(7-9点),2015-05-08,2015年5月8日,阵雨 /多云,25℃ / 15℃,东南风 ≤3级 /东北风 ≤3级,阵雨,多云,25,15,东南风,≤3级,东北风,≤3级,day
2015-04-21 08:20:00,上护国路,1、追尾的,负全部责任,不负责任,1,贵A5R662,白色,1,贵AU8318,白色,吉源驾校（南明区）,自培,2015/4/10 0:00,2000/10/31 0:00,-1,奔野牌,366263000000000000 ,366364000000000000 ,198905,196912,8,1,4,工作日,早高峰(7-9点),2015-04-21,2015年4月21日,阴 /阵雨,17℃ / 10℃,东北风 ≤3级 /东北风 ≤3级,阴,阵雨,17,10,东北风,≤3级,东北风,≤3级,day
2015-05-18 18:00:00,贵开路,9、不符合前8款规定或者双方同时具有上述情形的,负同等责任,负同等责任,1,贵AU0382,黄,1,湘J6V582,白,文通驾校,-1,2011/7/20 0:00,-1,钱江牌,-1,366368000000000000 ,74847500000000000 ,197905,198708,18,0,5,工作日,晚高峰(17-19点),2015-05-18,2015年5月18日,多云 /多云,25℃ / 18℃,东北风 ≤3级 /东北风 ≤3级,多云,多云,25,18,东北风,≤3级,东北风,≤3级,day
2015-03-05 13:00:00,同心路,8、依法应负全责的其他情形,负全部责任,不负责任,0,贵A76847,红,1,贵A7040G,红,文通驾校,消防驾校,2011/9/14 0:00,2014/12/24 0:00,飞翔,中华牌,366068000000000000 ,364558000000000000 ,198004,198208,13,3,3,工作日,非高峰,2015-03-05,2015年3月5日,小雨 /小雨,4℃ / 1℃,东北风 ≤3级 /东北风 ≤3级,小雨,小雨,4,1,东北风,≤3级,东北风,≤3级,day
2015-05-04 12:00:00,蔡家关,1、追尾的,负全部责任,不负责任,1,贵AA631G,白色,1,贵A36KS2,白色,文通驾校,贵阳学院汽车驾驶培训,2011/9/2 0:00,2011/10/25 0:00,-1,-1,355267000000000000 ,366068000000000000 ,199109,199108,12,0,5,工作日,非高峰,2015-05-04,2015年5月4日,阵雨 /阵雨,20℃ / 14℃,东北风 ≤3级 /东北风 ≤3级,阵雨,阵雨,20,14,东北风,≤3级,东北风,≤3级,day
2015-04-18 15:00:00,盐务街,1、追尾的,负全部责任,不负责任,0,贵A62H22,白,1,贵A69F57,蓝,文通驾校,贵阳金马驾驶培训有限公司,2012/2/7 0:00,2012/12/31 0:00,大众汽车牌,众泰牌,366546000000000000 ,364557000000000000 ,198408,196304,15,5,4,工作日,非高峰,2015-04-18,2015年4月18日,多云 /雷阵雨,29℃ / 16℃,南风 ≤3级 /南风 ≤3级,多云,雷阵雨,29,16,南风,≤3级,南风,≤3级,day
2015-04-12 19:40:00,万江小区,7、未按规定让行的 ,负全部责任,不负责任,1,贵GC5031,黑,1,贵A13M65,黑,吉源驾校,吉源驾校,2014/5/8 0:00,2013/12/19 0:00,福特锐界,吉利牌,354670000000000000 ,366046000000000000 ,196605,199006,19,6,4,周末,晚高峰(17-19点),2015-04-12,2015年4月12日,晴 /多云,21℃ / 7℃,东风 ≤3级 /东风 ≤3级,晴,多云,21,7,东风,≤3级,东风,≤3级,day
2015-03-21 15:00:00,西二环,1、追尾的,负全部责任,不负责任,1,贵AA4599,白,1,贵A16X89,银,吉源驾校,-1,2014/6/17 0:00,-1,别克牌,奥迪牌,366061000000000000 ,366061000000000000 ,198706,197409,15,5,3,工作日,非高峰,2015-03-21,2015年3月21日,阴 /阴,16℃ / 11℃,东北风 ≤3级 /东南风 ≤3级,阴,阴,16,11,东北风,≤3级,东南风,≤3级,day
2015-05-18 17:00:00,黄河路,7、未按规定让行的 ,负全部责任,不负责任,1,贵GC1601,白色,1,贵A18V57,白色,（南明区）吉源驾驶培训有限公司,黔丰驾校,2008/4/21 0:00,2015/1/5 0:00,-1,宝马牌,354364000000000000 ,36459551924663095X,198209,198602,17,0,5,工作日,晚高峰(17-19点),2015-05-18,2015年5月18日,多云 /多云,25℃ / 18℃,东北风 ≤3级 /东北风 ≤3级,多云,多云,25,18,东北风,≤3级,东北风,≤3级,day
2015-03-04 09:08:00,花溪加油站,1、追尾的,负全部责任,不负责任,1,贵A2190N,白色,1,贵A16K85,黑色,吉源驾校,通发驾校,2013/4/18 0:00,2013/12/10 0:00,长安牌,别克牌,366347000000000000 ,364556000000000000 ,199401,199507,9,2,3,工作日,早高峰(7-9点),2015-03-04,2015年3月4日,小雨 /小雨,6℃ / 1℃,东北风 ≤3级 /东北风 ≤3级,小雨,小雨,6,1,东北风,≤3级,东北风,≤3级,day
2015-05-23 13:00:00,花溪,7、未按规定让行的 ,负全部责任,不负责任,1,贵A27F34,白色,1,贵A9916H,白色,吉源驾校,贵阳金马驾驶培训有限公司,2014/5/20 0:00,2010/6/23 0:00,东风日产牌,昌河牌,364556000000000000 ,74296500000000000 ,199310,197202,13,5,5,工作日,非高峰,2015-05-23,2015年5月23日,阵雨 /阴,19℃ / 14℃,东北风 ≤3级 /东北风 ≤3级,阵雨,阴,19,14,东北风,≤3级,东北风,≤3级,day
2015-02-11 22:30:00,大南门环岛,7、未按规定让行的 ,负全部责任,不负责任,1,贵A903Y,银,1,贵AUA557,银,吉源驾校,-1,2013/9/30 0:00,-1,-1,吉利美日牌,364567000000000000 ,364546000000000 ,199107,560206,22,2,2,工作日,非高峰,2015-02-11,2015年2月11日,多云 /多云,11℃ / 3℃,东风 ≤3级 /东北风 ≤3级,多云,多云,11,3,东风,≤3级,东北风,≤3级,night
2015-02-14 15:00:00,嘉润路,7、未按规定让行的 ,负全部责任,不负责任,1,贵AX7449,白色,1,贵ALZ002,黑色,吉源驾校,自培,2014/5/20 0:00,2000/1/25 0:00,英鹤牌,雅阁牌,364548000000000000 ,355561000000000000 ,199104,197310,15,5,2,工作日,非高峰,2015-02-14,2015年2月14日,阵雨 /雷阵雨,16℃ / 10℃,南风 ≤3级 /南风 ≤3级,阵雨,雷阵雨,16,10,南风,≤3级,南风,≤3级,day
2015-05-03 13:00:00,沙冲路口,9、不符合前8款规定或者双方同时具有上述情形的,负同等责任,负同等责任,1,贵A79X44,白色,1,贵A40493,白色,吉源驾校（南明区）,消防驾校,2015/4/21 0:00,2000/12/15 0:00,东风雪铁龙牌,轻骑,364556000000000000 ,364547000000000000 ,199605,197810,13,6,5,周末,非高峰,2015-05-03,2015年5月3日,阵雨 /阵雨,25℃ / 15℃,东北风 ≤3级 /东北风 ≤3级,阵雨,阵雨,25,15,东北风,≤3级,东北风,≤3级,day
2015-02-07 11:00:00,白云区,8、依法应负全责的其他情形,负全部责任,不负责任,1,贵JBQ682,黑,1,贵A14141,黑,吉源驾校,-1,2014/10/17 0:00,-1,长安牌,凌肯牌,366368000000000000 ,36455751884858645X,197101,197707,11,5,2,工作日,非高峰,2015-02-07,2015年2月7日,阴 /阴,8℃ / 3℃,东北风 ≤3级 /东北风 ≤3级,阴,阴,8,3,东北风,≤3级,东北风,≤3级,day
2015-02-07 21:00:00,三桥南路,7、未按规定让行的 ,负全部责任,不负责任,1,贵GP0141,黑色,1,贵HAT144,白色,吉源驾校,长运驾校,2015/1/30 0:00,2012/9/26 0:00,马自达牌,雪佛兰牌,366562000000000000 ,36626651965564540X,198811,198211,21,5,2,工作日,非高峰,2015-02-07,2015年2月7日,阴 /阴,8℃ / 3℃,东北风 ≤3级 /东北风 ≤3级,阴,阴,8,3,东北风,≤3级,东北风,≤3级,night
2015-04-03 08:00:00,喷水池,1、追尾的,负全部责任,不负责任,1,贵A57H41,蓝,1,贵AU7508,蓝,吉源驾校,消防驾校,2014/9/22 0:00,1996/12/26 0:00,斯柯达牌,万达牌,364548000000000000 ,366361000000000000 ,196004,197012,8,4,4,工作日,早高峰(7-9点),2015-04-03,2015年4月3日,多云 /多云,30℃ / 19℃,南风 ≤3级 /南风 ≤3级,多云,多云,30,19,南风,≤3级,南风,≤3级,day
2015-03-21 14:10:00,小河,8、依法应负全责的其他情形,负全部责任,不负责任,1,贵A3A891,白色,1,贵A16P54,白色,吉源驾校,自培,2014/8/13 0:00,-1,启辰牌,别克牌,364547000000000000 ,357846000000000000 ,198810,199310,14,5,3,工作日,非高峰,2015-03-21,2015年3月21日,阴 /阴,16℃ / 11℃,东北风 ≤3级 /东南风 ≤3级,阴,阴,16,11,东北风,≤3级,东南风,≤3级,day
2015-03-20 09:20:00,涴沙桥,1、追尾的,负全部责任,不负责任,1,贵A67A81,黑,1,贵AVE326,银,吉源驾校,新天驾校,2015/2/4 0:00,2010/7/8 0:00,帕杰罗,大众汽车牌,366271000000000000 ,775441000000000000 ,198103,198906,9,4,3,工作日,早高峰(7-9点),2015-03-20,2015年3月20日,阴 /阵雨,14℃ / 10℃,东北风 ≤3级 /东北风 ≤3级,阴,阵雨,14,10,东北风,≤3级,东北风,≤3级,day
2015-03-04 18:00:00,沙冲路口,7、未按规定让行的 ,负全部责任,不负责任,1,贵AHU394,白色,1,贵A46W27,白色,吉源驾校,（经开区）十一驾驶培训有限公司,2015/1/20 0:00,2011/9/9 0:00,桑塔纳牌,雪佛兰牌,366666000000000000 ,366064000000000000 ,198009,197003,18,2,3,工作日,晚高峰(17-19点),2015-03-04,2015年3月4日,小雨 /小雨,6℃ / 1℃,东北风 ≤3级 /东北风 ≤3级,小雨,小雨,6,1,东北风,≤3级,东北风,≤3级,day
2015-02-10 14:25:00,金阳南路,7、未按规定让行的 ,负全部责任,不负责任,1,贵AYM705,蓝,1,贵A36H48,银,吉源驾校,预约考试窗口,2014/11/3 0:00,2006/12/21 0:00,骏派牌,东风标致牌,364557000000000000 ,66569500000000000 ,196910,198111,14,1,2,工作日,非高峰,2015-02-10,2015年2月10日,小雨 /小雨,6℃ / 3℃,东北风 ≤3级 /东风 ≤3级,小雨,小雨,6,3,东北风,≤3级,东风,≤3级,day
2015-05-07 16:30:00,朱昌镇,2、逆行的,负全部责任,不负责任,1,贵G51320,黑,1,贵A29678,白,诚信驾驶培训学校,新华驾校,2011/10/20 0:00,2013/6/9 0:00,-1,宗申牌,364557000000000000 ,364557000000000000 ,198607,198909,16,3,5,工作日,非高峰,2015-05-07,2015年5月7日,阵雨 /雷阵雨,23℃ / 17℃,东南风 ≤3级 /东南风 ≤3级,阵雨,雷阵雨,23,17,东南风,≤3级,东南风,≤3级,day
2015-02-05 14:00:00,二铺,7、未按规定让行的 ,负全部责任,不负责任,1,贵A0457X,红,1,贵A77S37,黑,诚信驾驶培训学校,-1,2012/12/24 0:00,-1,东风雪铁龙牌,宝马,364557000000000000 ,354366000000000000 ,198511,196001,14,3,2,工作日,非高峰,2015-02-05,2015年2月5日,阴 /阴,3℃ / 0℃,东北风 ≤3级 /东北风 ≤3级,阴,阴,3,0,东北风,≤3级,东北风,≤3级,day
2015-04-03 07:50:00,天誉城,1、追尾的,负全部责任,不负责任,1,贵A7AV79,银,0,贵HAF324,银,诚信驾驶培训学校,市交校,2012/5/22 0:00,2014/3/18 0:00,比亚迪牌,大众牌,364548000000000000 ,364547000000000000 ,196310,197503,7,4,4,工作日,早高峰(7-9点),2015-04-03,2015年4月3日,多云 /多云,30℃ / 19℃,南风 ≤3级 /南风 ≤3级,多云,多云,30,19,南风,≤3级,南风,≤3级,day
2015-05-07 07:38:00,新华路,8、依法应负全责的其他情形,负全部责任,不负责任,1,贵A41B65,白色,1,贵A38H56,白色,诚信驾驶培训学校,铁二局驾校,2011/10/8 0:00,-1,威志牌,马自达牌,364548000000000000 ,****,197404,-1,7,3,5,工作日,早高峰(7-9点),2015-05-07,2015年5月7日,阵雨 /雷阵雨,23℃ / 17℃,东南风 ≤3级 /东南风 ≤3级,阵雨,雷阵雨,23,17,东南风,≤3级,东南风,≤3级,day
2015-04-29 12:30:00,会展城,8、依法应负全责的其他情形,负全部责任,不负责任,1,贵APN255,黑,1,贵A12N46,黄,诚信驾驶培训学校,全林驾校,2013/3/18 0:00,2012/3/22 0:00,长安牌,沃尔沃牌,364548000000000000 ,364557000000000000 ,195308,198203,12,2,4,工作日,非高峰,2015-04-29,2015年4月29日,阵雨 /阵雨,26℃ / 16℃,东北风 ≤3级 /东南风 ≤3级,阵雨,阵雨,26,16,东北风,≤3级,东南风,≤3级,day
2015-04-09 10:15:00,金阳南路,3、倒车的,负全部责任,不负责任,1,贵CHT506,黑,1,贵FX9626,蓝,诚信驾驶培训学校,贵大佳德驾驶培训学校,2014/12/9 0:00,2014/8/22 0:00,丰田牌,福田牌,366564000000000000 ,366067000000000000 ,197705,197712,10,3,4,工作日,非高峰,2015-04-09,2015年4月9日,阴 /小雨,11℃ / 7℃,东北风 ≤3级 /东北风 ≤3级,阴,小雨,11,7,东北风,≤3级,东北风,≤3级,day
2015-05-25 18:12:00,金朱东路,7、未按规定让行的 ,负全部责任,不负责任,1,贵AM4233,白,1,贵A6BL91,白,诚信驾驶培训学校,预约考试窗口,2013/8/15 0:00,2006/12/7 0:00,马自达牌,北京现代牌,364548000000000000 ,364557000000000000 ,199202,198308,18,0,5,工作日,晚高峰(17-19点),2015-05-25,2015年5月25日,多云 /阵雨,26℃ / 19℃,东南风 ≤3级 /东南风 ≤3级,多云,阵雨,26,19,东南风,≤3级,东南风,≤3级,day
2015-03-02 08:30:00,长岭南路,7、未按规定让行的 ,负全部责任,不负责任,1,贵A24760,黑,0,贵JBU177,黑,（观山湖区）诚信驾驶培训有限公司,新华驾校,2008/5/27 0:00,2014/9/4 0:00,北京现代牌,东风日产牌,366664000000000000 ,366668000000000000 ,198611,198708,8,0,3,工作日,早高峰(7-9点),2015-03-02,2015年3月2日,阴 /小雨,9℃ / 2℃,东北风 ≤3级 /东北风 ≤3级,阴,小雨,9,2,东北风,≤3级,东北风,≤3级,day
2015-04-21 13:08:00,石林路,2、逆行的,负全部责任,不负责任,1,贵A602D5,蓝,1,贵A67B13,银,（观山湖区）诚信驾驶培训有限公司,青正驾校,2008/9/17 0:00,2012/9/3 0:00,南骏牌,骊威牌,364648000000000000 ,366068000000000000 ,198801,199303,13,1,4,工作日,非高峰,2015-04-21,2015年4月21日,阴 /阵雨,17℃ / 10℃,东北风 ≤3级 /东北风 ≤3级,阴,阵雨,17,10,东北风,≤3级,东北风,≤3级,day
2015-04-07 08:50:00,金阳,7、未按规定让行的 ,负全部责任,不负责任,1,贵AB151H,黑,1,贵A4902M,白,（观山湖区）诚信驾驶培训有限公司,诚信驾驶培训学校,2006/8/31 0:00,2012/9/7 0:00,吉利美日牌,长城牌,364547000000000000 ,364557000000000000 ,198009,198509,8,1,4,工作日,早高峰(7-9点),2015-04-07,2015年4月7日,小雨 /小雨,9℃ / 5℃,东北风 ≤3级 /东北风 ≤3级,小雨,小雨,9,5,东北风,≤3级,东北风,≤3级,day
2015-05-17 19:20:00,西二环,1、追尾的,负全部责任,不负责任,1,贵A29K49,黑,1,贵A66W19,黑,诚信驾驶培训学校,吉源驾校,2011/9/8 0:00,2014/7/14 0:00,马自达牌,骊威牌,364648000000000000 ,366766000000000000 ,197708,199408,19,6,5,周末,晚高峰(17-19点),2015-05-17,2015年5月17日,阵雨 /雷阵雨,25℃ / 17℃,东北风 ≤3级 /南风 ≤3级,阵雨,雷阵雨,25,17,东北风,≤3级,南风,≤3级,day
2015-04-10 16:20:00,东林路,1、追尾的,负全部责任,不负责任,1,贵A92F66,白,1,贵A8683学,白,（观山湖区）诚信驾驶培训有限公司,-1,2009/2/19 0:00,-1,大众牌,-1,364567000000000000 ,366061000000000000 ,198708,198211,16,4,4,工作日,非高峰,2015-04-10,2015年4月10日,小雨 /小雨,12℃ / 8℃,东北风 ≤3级 /东北风 ≤3级,小雨,小雨,12,8,东北风,≤3级,东北风,≤3级,day
2015-04-13 08:17:00,金钟桥,7、未按规定让行的 ,负全部责任,不负责任,1,贵A46L11,银,1,贵CHL591,黑,诚信驾驶培训学校,诚信驾驶培训学校,2011/8/17 0:00,2014/5/21 0:00,梅赛德斯-奔驰牌,北京牌,357266000000000000 ,366568000000000000 ,198105,198201,8,0,4,工作日,早高峰(7-9点),2015-04-13,2015年4月13日,晴 /多云,23℃ / 8℃,东北风 ≤3级 /东北风 ≤3级,晴,多云,23,8,东北风,≤3级,东北风,≤3级,day
2015-05-14 14:41:00,花果园,7、未按规定让行的 ,负全部责任,不负责任,1,贵ALM873,红,1,贵AU7222,黄,（观山湖区）诚信驾驶培训有限公司,广州市粤兴机动车驾驶技术培训有限公司,2010/2/11 0:00,2008/5/15 0:00,五菱牌,钱江牌,366664000000000000 ,366367000000000000 ,198112,198304,14,3,5,工作日,非高峰,2015-05-14,2015年5月14日,多云 /雷阵雨,27℃ / 20℃,东南风 ≤3级 /南风 ≤3级,多云,雷阵雨,27,20,东南风,≤3级,南风,≤3级,day
2015-04-20 07:40:00,湖南路,9、不符合前8款规定或者双方同时具有上述情形的,负同等责任,负同等责任,1,贵A8G588,黑,1,贵A7CB07,蓝,（观山湖区）诚信驾驶培训有限公司,（观山湖区）诚信驾驶培训有限公司,2007/12/10 0:00,-1,宝马,北京牌,366568000000000000 ,366846000000000000 ,198011,198704,7,0,4,工作日,早高峰(7-9点),2015-04-20,2015年4月20日,阴 /阴,20℃ / 11℃,东北风 ≤3级 /东北风 ≤3级,阴,阴,20,11,东北风,≤3级,东北风,≤3级,day