accidenttime,accidentaddr,driver1fault,driver1responsibility,driver2responsibility,sex1,platenumber1,carcolor1,sex2,platenumber2,carcolor2,jxmc1,jxmc2,cclzrq1,cclzrq2,clpp1,clpp2,driver1license,driver2license,brith1,brith2,hour,weekday,month,is_weekday,peak_hour,date,日期,天气状况,气温,风力风向,day_wea,night_wea,day_tep,night_tep,day_wind_direction,day_wind_speed,night_wind_direction,night_wind_speed,segment
2015-03-11 19:50:00,观山湖区,1、追尾的,负全部责任,不负责任,1,贵A13N94,银,1,贵A4625M,银,诚信驾驶培训学校,鑫鑫驾校,2013/3/4 0:00,2011/5/23 0:00,吉利牌,吉利美日牌,366064000000000000 ,364566000000000000 ,197509,199007,19,2,3,工作日,晚高峰(17-19点),2015-03-11,2015年3月11日,阴 /小雨,8℃ / 4℃,东北风 ≤3级 /东北风 ≤3级,阴,小雨,8,4,东北风,≤3级,东北风,≤3级,day
2015-05-29 13:41:00,西南商贸城,7、未按规定让行的 ,负全部责任,不负责任,1,贵A9512E,蓝,1,贵AU3193,银,未定义,贵阳金马驾驶培训有限公司,2013/10/9 0:00,2006/8/16 0:00,-1,钱江牌,366068000000000000 ,364556000000000000 ,199403,198008,13,4,5,工作日,非高峰,2015-05-29,2015年5月29日,阵雨 /阵雨,24℃ / 17℃,东南风 ≤3级 /东北风 ≤3级,阵雨,阵雨,24,17,东南风,≤3级,东北风,≤3级,day
2015-03-22 15:00:00,花溪桐木岭,1、追尾的,负全部责任,不负责任,1,贵A6580A,白色,1,贵GV3332,白色,顺风驾校,铁二局驾校,2014/9/19 0:00,2012/10/30 0:00,东风标致牌,长安牌,36455551994355065X,364556000000000000 ,198805,197612,15,6,3,周末,非高峰,2015-03-22,2015年3月22日,阵雨 /阵雨,19℃ / 10℃,东南风 ≤3级 /东风 ≤3级,阵雨,阵雨,19,10,东南风,≤3级,东风,≤3级,day
2015-03-16 17:00:00,宝山北路,9、不符合前8款规定或者双方同时具有上述情形的,负同等责任,负同等责任,1,贵AHN301,白色,1,贵AU6576,白色,市交校,自培,2006/8/30 0:00,1996/7/16 0:00,马自达牌,豪爵牌,364548000000000000 ,364556000000000000 ,198305,197307,17,0,3,工作日,晚高峰(17-19点),2015-03-16,2015年3月16日,阴 /多云,20℃ / 15℃,南风 ≤3级 /南风 ≤3级,阴,多云,20,15,南风,≤3级,南风,≤3级,day
2015-03-21 21:26:00,东二环,8、依法应负全责的其他情形,负全部责任,不负责任,1,贵A9087C,蓝,1,贵AFD294,白,全林驾校,520106,2012/5/4 0:00,2007/9/14 0:00,一汽佳星牌,吉利牌,366361000000000000 ,366564000000000000 ,196803,198404,21,5,3,工作日,非高峰,2015-03-21,2015年3月21日,阴 /阴,16℃ / 11℃,东北风 ≤3级 /东南风 ≤3级,阴,阴,16,11,东北风,≤3级,东南风,≤3级,night
2015-04-28 16:30:00,宝山南路,1、追尾的,负全部责任,不负责任,1,贵AEZ523,黑,1,贵A84K24,白,自培,贵州现代驾驶培训责任有限公司,2008/5/5 0:00,2012/9/24 0:00,别克牌,福克斯牌,364566000000000000 ,364547000000000000 ,198503,198603,16,1,4,工作日,非高峰,2015-04-28,2015年4月28日,多云 /多云,25℃ / 15℃,东北风 ≤3级 /东北风 ≤3级,多云,多云,25,15,东北风,≤3级,东北风,≤3级,day
2015-03-13 12:30:00,小河黄河路,7、未按规定让行的 ,负全部责任,不负责任,1,贵GR5215,白色,1,贵AHN894,白色,顺风驾校,顺一驾驶培训学校,2014/3/4 0:00,2010/3/10 0:00,奇瑞牌,东风雪铁龙牌,366362000000000000 ,366363000000000000 ,198405,198004,12,4,3,工作日,非高峰,2015-03-13,2015年3月13日,多云 /阵雨,17℃ / 12℃,南风 ≤3级 /南风 ≤3级,多云,阵雨,17,12,南风,≤3级,南风,≤3级,day
2015-03-07 11:30:00,解放路,7、未按规定让行的 ,负全部责任,不负责任,1,贵AL6221,蓝,1,贵AR7557,黑,（乌当区）全林驾驶培训有限公司,-1,2005/7/25 0:00,-1,豪爵牌,宗申牌,364548000000000000 ,345546000000000 ,197009,590701,11,5,3,工作日,非高峰,2015-03-07,2015年3月7日,阴 /小雨,10℃ / 5℃,东风 ≤3级 /东南风 ≤3级,阴,小雨,10,5,东风,≤3级,东南风,≤3级,day
2015-04-03 09:30:00,花果园,1、追尾的,负全部责任,不负责任,1,贵AEY741,白色,1,贵A35X38,白色,（乌当区）全林驾驶培训有限公司,时发驾校,2007/7/18 0:00,1993/6/2 0:00,三菱牌,蒙迪欧牌,366068000000000000 ,364548000000000000 ,197311,197003,9,4,4,工作日,早高峰(7-9点),2015-04-03,2015年4月3日,多云 /多云,30℃ / 19℃,南风 ≤3级 /南风 ≤3级,多云,多云,30,19,南风,≤3级,南风,≤3级,day
2015-03-18 16:30:00,花果园,7、未按规定让行的 ,负全部责任,不负责任,1,贵A4758J,白,0,贵A3200V,白,（乌当区）全林驾驶培训有限公司,520110,2006/3/31 0:00,2007/11/5 0:00,众泰牌,北京现代牌,364557000000000000 ,364548000000000000 ,198305,198806,16,2,3,工作日,非高峰,2015-03-18,2015年3月18日,多云 /多云,24℃ / 14℃,南风 ≤3级 /南风 ≤3级,多云,多云,24,14,南风,≤3级,南风,≤3级,day
2015-03-24 18:00:00,沙冲路,1、追尾的,负全部责任,不负责任,1,贵JBS887,白色,1,贵AKL979,白色,（乌当区）全林驾驶培训有限公司,（花溪区）贵州大学驾驶培训有限公司,2011/6/9 0:00,2010/10/29 0:00,北京现代牌,吉利牌,364568000000000000 ,366267000000000000 ,198604,198005,18,1,3,工作日,晚高峰(17-19点),2015-03-24,2015年3月24日,小雨 /阵雨,13℃ / 7℃,东北风 ≤3级 /东北风 ≤3级,小雨,阵雨,13,7,东北风,≤3级,东北风,≤3级,day
2015-03-31 13:02:00,白云区,7、未按规定让行的 ,负全部责任,不负责任,1,贵ARU257,银,1,贵FX8565,白,全林驾校,-1,2010/10/29 0:00,-1,夏利,宝骏牌,366061000000000000 ,366061000000000000 ,197510,198502,13,1,3,工作日,非高峰,2015-03-31,2015年3月31日,多云 /多云,28℃ / 19℃,南风 ≤3级 /南风 ≤3级,多云,多云,28,19,南风,≤3级,南风,≤3级,day
2015-04-26 17:52:00,83,7、未按规定让行的 ,负全部责任,不负责任,1,贵A37B32,红,1,贵A0919B,白,吉源驾校（南明区）,铁二局驾校,2005/6/29 0:00,2011/7/4 0:00,雪佛兰牌,雪佛兰牌,364557000000000000 ,366067000000000000 ,198309,198608,17,6,4,周末,晚高峰(17-19点),2015-04-26,2015年4月26日,阵雨 /阵雨,18℃ / 14℃,东南风 ≤3级 /东北风 ≤3级,阵雨,阵雨,18,14,东南风,≤3级,东北风,≤3级,day
2015-05-17 17:00:00,花果园,3、倒车的,负全部责任,不负责任,1,贵AJ2913,白色,1,贵BAS638,白色,全林驾校,-1,2012/8/28 0:00,-1,飞度,-1,366861000000000000 ,786170000000000000 ,199109,198312,17,6,5,周末,晚高峰(17-19点),2015-05-17,2015年5月17日,阵雨 /雷阵雨,25℃ / 17℃,东北风 ≤3级 /南风 ≤3级,阵雨,雷阵雨,25,17,东北风,≤3级,南风,≤3级,day
2015-04-21 13:45:00,金阳,3、倒车的,负全部责任,不负责任,1,贵AFV803,白,1,贵A27W82,黑,全林驾校,顺一驾驶培训学校,2013/2/25 0:00,2011/8/16 0:00,大众汽车牌,五菱牌,366063000000000000 ,364068000000000000 ,198502,197812,13,1,4,工作日,非高峰,2015-04-21,2015年4月21日,阴 /阵雨,17℃ / 10℃,东北风 ≤3级 /东北风 ≤3级,阴,阵雨,17,10,东北风,≤3级,东北风,≤3级,day
2015-05-26 13:00:00,贵州日报社,1、追尾的,负全部责任,不负责任,0,贵AJ2913,蓝,1,贵ALC719,红,全林驾校,十一培,2012/8/28 0:00,1990/7/20 0:00,宗隆牌,谛艾仕牌,366861000000000000 ,364548000000000000 ,199109,195911,13,1,5,工作日,非高峰,2015-05-26,2015年5月26日,阵雨 /雷阵雨,26℃ / 20℃,东南风 ≤3级 /东北风 ≤3级,阵雨,雷阵雨,26,20,东南风,≤3级,东北风,≤3级,day
2015-03-10 17:30:00,林城西路,8、依法应负全责的其他情形,负全部责任,不负责任,1,贵A255B8,银,1,贵A18V24,黑,全林驾校,-1,2013/8/21 0:00,-1,东风牌,明锐牌,364548000000000000 ,366575000000000000 ,199406,198202,17,1,3,工作日,晚高峰(17-19点),2015-03-10,2015年3月10日,小雨 /小雨,8℃ / 4℃,东北风 ≤3级 /东北风 ≤3级,小雨,小雨,8,4,东北风,≤3级,东北风,≤3级,day
2015-03-03 18:30:00,南垭路,7、未按规定让行的 ,负全部责任,不负责任,1,贵A47G35,黑,1,贵ALM736,白,全林驾校,文通驾校,2013/7/29 0:00,-1,昊锐牌,福田牌,366346000000000000 ,356168000000000000 ,198310,197504,18,1,3,工作日,晚高峰(17-19点),2015-03-03,2015年3月3日,小雨 /小雨,8℃ / 3℃,东北风 ≤3级 /东北风 ≤3级,小雨,小雨,8,3,东北风,≤3级,东北风,≤3级,day
2015-04-02 08:35:00,瑞金北路,7、未按规定让行的 ,负全部责任,不负责任,1,贵ASS947,银,1,贵AU7461,蓝,全林驾校,-1,2014/1/17 0:00,-1,长城牌,嘉陵牌,364548000000000000 ,36454700000000000 ,197410,196906,8,3,4,工作日,早高峰(7-9点),2015-04-02,2015年4月2日,多云 /多云,30℃ / 18℃,南风 ≤3级 /南风 ≤3级,多云,多云,30,18,南风,≤3级,南风,≤3级,day
2015-04-10 10:00:00,太慈桥,7、未按规定让行的 ,负全部责任,不负责任,1,贵A24N98,白色,1,贵AFG769,白色,（乌当区）全林驾驶培训有限公司,市交校,2007/1/12 0:00,2014/5/7 0:00,神行者 2,丰田牌,36454651275559525X,366277000000000000 ,196311,198410,10,4,4,工作日,非高峰,2015-04-10,2015年4月10日,小雨 /小雨,12℃ / 8℃,东北风 ≤3级 /东北风 ≤3级,小雨,小雨,12,8,东北风,≤3级,东北风,≤3级,day
2015-05-08 08:20:00,市西商业街,5、开关车门的,负全部责任,不负责任,1,浙J84U99,白色,1,贵A26G13,白色,（乌当区）全林驾驶培训有限公司,吉源驾校,2009/11/16 0:00,2014/1/8 0:00,-1,丰田牌,776266000000000000 ,364547000000000000 ,197111,195311,8,4,5,工作日,早高峰(7-9点),2015-05-08,2015年5月8日,阵雨 /多云,25℃ / 15℃,东南风 ≤3级 /东北风 ≤3级,阵雨,多云,25,15,东南风,≤3级,东北风,≤3级,day
2015-04-10 16:00:00,乌当,1、追尾的,负全部责任,不负责任,1,贵JDN794,银,1,贵AHQ914,黑,全林驾校,-1,2014/12/8 0:00,-1,东风标致牌,丰田牌,366367000000000000 ,4016506046 ,196509,2402,16,4,4,工作日,非高峰,2015-04-10,2015年4月10日,小雨 /小雨,12℃ / 8℃,东北风 ≤3级 /东北风 ≤3级,小雨,小雨,12,8,东北风,≤3级,东北风,≤3级,day
2015-03-13 14:00:00,贵钢医院,1、追尾的,负全部责任,不负责任,1,贵AN3738,白色,1,贵AN6668,白色,全林驾校,-1,2014/4/8 0:00,-1,宗隆牌,波罗牌,36454751164950525X,364547000000000000 ,199208,116200,14,4,3,工作日,非高峰,2015-03-13,2015年3月13日,多云 /阵雨,17℃ / 12℃,南风 ≤3级 /南风 ≤3级,多云,阵雨,17,12,南风,≤3级,南风,≤3级,day
2015-04-09 19:30:00,大营坡,3、倒车的,负全部责任,不负责任,1,贵AB424T,蓝,1,贵A74S83,白,全林驾校,贵大佳德驾驶培训学校,2014/7/25 0:00,2013/2/26 0:00,长安牌,东风雪铁龙牌,364566000000000000 ,366368000000000000 ,198706,198302,19,3,4,工作日,晚高峰(17-19点),2015-04-09,2015年4月9日,阴 /小雨,11℃ / 7℃,东北风 ≤3级 /东北风 ≤3级,阴,小雨,11,7,东北风,≤3级,东北风,≤3级,day
2015-05-03 21:58:00,世纪城,3、倒车的,负全部责任,不负责任,1,贵CCP791,白,0,贵CNP115,红,（乌当区）全林驾驶培训有限公司,-1,2005/3/24 0:00,-1,-1,-1,36656951945460835X,366667000000000000 ,198010,197309,21,6,5,周末,非高峰,2015-05-03,2015年5月3日,阵雨 /阵雨,25℃ / 15℃,东北风 ≤3级 /东北风 ≤3级,阵雨,阵雨,25,15,东北风,≤3级,东北风,≤3级,night
2015-02-05 14:10:00,八匹马,7、未按规定让行的 ,负全部责任,不负责任,1,贵CKY228,黑,1,贵A384C3,蓝,全林驾校,520130,2014/9/25 0:00,2009/7/28 0:00,东风标致牌,解放牌,366564000000000000 ,366563000000000000 ,198812,198501,14,3,2,工作日,非高峰,2015-02-05,2015年2月5日,阴 /阴,3℃ / 0℃,东北风 ≤3级 /东北风 ≤3级,阴,阴,3,0,东北风,≤3级,东北风,≤3级,day
2015-05-04 10:30:00,渔安新村,3、倒车的,负全部责任,不负责任,1,贵ARB792,红,1,贵A15A26,黑,全林驾校,520114,2011/7/28 0:00,2008/12/25 0:00,传祺牌,力帆牌,366664000000000000 ,364548000000000000 ,197905,197511,10,0,5,工作日,非高峰,2015-05-04,2015年5月4日,阵雨 /阵雨,20℃ / 14℃,东北风 ≤3级 /东北风 ≤3级,阵雨,阵雨,20,14,东北风,≤3级,东北风,≤3级,day
2015-03-02 10:50:00,转弯塘,1、追尾的,负全部责任,不负责任,1,贵AU0827,蓝,1,贵A3435B,黑,自培,新华驾校,2007/5/16 0:00,2014/12/2 0:00,宝来牌,荣威牌,36454651814863525X,36456551925547243X,197907,198611,10,0,3,工作日,非高峰,2015-03-02,2015年3月2日,阴 /小雨,9℃ / 2℃,东北风 ≤3级 /东北风 ≤3级,阴,小雨,9,2,东北风,≤3级,东北风,≤3级,day
2015-03-31 14:05:00,大营坡,1、追尾的,负全部责任,不负责任,0,贵AP5311,银,1,贵AB867Y,黑,全林驾校,-1,2012/12/5 0:00,-1,雅阁牌,斯柯达牌,366575000000000000 ,366764000000000000 ,197801,198412,14,1,3,工作日,非高峰,2015-03-31,2015年3月31日,多云 /多云,28℃ / 19℃,南风 ≤3级 /南风 ≤3级,多云,多云,28,19,南风,≤3级,南风,≤3级,day
2015-04-15 17:15:00,中山东路,1、追尾的,负全部责任,不负责任,1,贵A762CZ,蓝,0,贵AVL211,白,全林驾校,铁二局驾校,2012/1/5 0:00,2013/10/24 0:00,飞度牌,宝马牌,355463000000000000 ,364548000000000000 ,197002,198004,17,2,4,工作日,晚高峰(17-19点),2015-04-15,2015年4月15日,多云 /多云,24℃ / 16℃,东南风 ≤3级 /南风 ≤3级,多云,多云,24,16,东南风,≤3级,南风,≤3级,day
2015-05-04 14:00:00,金阳南路,1、追尾的,负全部责任,不负责任,1,贵AWC813,黑,1,贵AKF916,蓝,（乌当区）全林驾驶培训有限公司,自培,2007/1/17 0:00,2002/12/26 0:00,梅赛德斯奔驰,吉利牌,366367000000000000 ,364556000000000000 ,197803,196607,14,0,5,工作日,非高峰,2015-05-04,2015年5月4日,阵雨 /阵雨,20℃ / 14℃,东北风 ≤3级 /东北风 ≤3级,阵雨,阵雨,20,14,东北风,≤3级,东北风,≤3级,day
2015-02-12 10:30:00,枣山路,1、追尾的,负全部责任,不负责任,1,贵A34M26,蓝,1,贵A3E053,白,（乌当区）全林驾驶培训有限公司,自培,2007/4/26 0:00,2011/7/7 0:00,明锐牌,吉利牌,366566000000000000 ,364568000000000000 ,198010,198712,10,3,2,工作日,非高峰,2015-02-12,2015年2月12日,多云 /多云,15℃ / 5℃,南风 ≤3级 /南风 ≤3级,多云,多云,15,5,南风,≤3级,南风,≤3级,day
2015-04-02 09:50:00,金珠路,1、追尾的,负全部责任,不负责任,1,贵A24B34,银,1,贵AGX456,银,全林驾校,十一驾驶培训有限公司,2012/2/16 0:00,2015/3/6 0:00,东风雪铁龙牌,长安牌,366867000000000000 ,364596000000000000 ,197902,199611,9,3,4,工作日,早高峰(7-9点),2015-04-02,2015年4月2日,多云 /多云,30℃ / 18℃,南风 ≤3级 /南风 ≤3级,多云,多云,30,18,南风,≤3级,南风,≤3级,day
2015-04-26 08:15:00,云岩区,7、未按规定让行的 ,负全部责任,不负责任,1,贵A35S63,黑,1,贵JBP218,银,全林驾校,-1,2012/10/15 0:00,-1,丰田牌,北京牌,364548000000000000 ,366875000000000000 ,199207,198908,8,6,4,周末,早高峰(7-9点),2015-04-26,2015年4月26日,阵雨 /阵雨,18℃ / 14℃,东南风 ≤3级 /东北风 ≤3级,阵雨,阵雨,18,14,东南风,≤3级,东北风,≤3级,day
2015-04-28 14:48:00,东二环,8、依法应负全责的其他情形,负全部责任,不负责任,0,贵AAB244,白,1,贵AM8918,银,全林驾校,新天驾校,2012/12/24 0:00,2015/1/6 0:00,力帆牌,双枪牌,364547000000000000 ,364596000000000000 ,198709,199006,14,1,4,工作日,非高峰,2015-04-28,2015年4月28日,多云 /多云,25℃ / 15℃,东北风 ≤3级 /东北风 ≤3级,多云,多云,25,15,东北风,≤3级,东北风,≤3级,day
2015-03-16 18:00:00,小河,9、不符合前8款规定或者双方同时具有上述情形的,负同等责任,负同等责任,1,贵GV4535,银,1,贵CC1785,银,全林驾校,市汽车摩托车驾校,2014/2/12 0:00,2005/1/17 0:00,吉利牌,东风日产牌,364548000000000000 ,54742500000000000 ,198608,198007,18,0,3,工作日,晚高峰(17-19点),2015-03-16,2015年3月16日,阴 /多云,20℃ / 15℃,南风 ≤3级 /南风 ≤3级,阴,多云,20,15,南风,≤3级,南风,≤3级,day
2015-02-05 13:40:00,海天园,1、追尾的,负全部责任,不负责任,0,贵A74N11,黑,1,贵A104U,白,凯信驾校,全林驾校,2014/8/4 0:00,2011/7/5 0:00,奥迪牌,-1,364548000000000000 ,364548000000000000 ,198608,198910,13,3,2,工作日,非高峰,2015-02-05,2015年2月5日,阴 /阴,3℃ / 0℃,东北风 ≤3级 /东北风 ≤3级,阴,阴,3,0,东北风,≤3级,东北风,≤3级,day
2015-05-16 16:00:00,贵医乌当分院,7、未按规定让行的 ,负全部责任,不负责任,1,贵GP4897,白,0,贵JHP888,白,全林驾校,贵州现代驾驶培训责任有限公司,2013/3/5 0:00,2010/10/21 0:00,-1,-1,364557000000000000 ,364547000000000000 ,197511,199103,16,5,5,工作日,非高峰,2015-05-16,2015年5月16日,阴 /雷阵雨,23℃ / 17℃,东北风 ≤3级 /东风 ≤3级,阴,雷阵雨,23,17,东北风,≤3级,东风,≤3级,day
2015-04-19 15:20:00,甲秀南路,1、追尾的,负全部责任,不负责任,1,贵A58121,白色,1,贵CJL775,白色,凯信驾校,-1,2014/9/22 0:00,-1,飞虎,丰田牌,364556000000000000 ,357475000000000000 ,199104,198701,15,6,4,周末,非高峰,2015-04-19,2015年4月19日,阵雨 /阵雨,22℃ / 13℃,东北风 ≤3级 /东北风 ≤3级,阵雨,阵雨,22,13,东北风,≤3级,东北风,≤3级,day
2015-02-26 09:20:00,碧海花园,3、倒车的,负全部责任,不负责任,1,贵A4628Y,红,1,贵AN1457,白,凯信驾校,-1,2014/4/16 0:00,-1,一汽佳星牌,福克斯(FOCUS)牌,364551000000000000 ,366363000000000000 ,199505,195411,9,3,2,工作日,早高峰(7-9点),2015-02-26,2015年2月26日,阴 /小雨,12℃ / 9℃,东风 ≤3级 /南风 ≤3级,阴,小雨,12,9,东风,≤3级,南风,≤3级,day
2015-03-27 18:00:00,头桥,7、未按规定让行的 ,负全部责任,不负责任,1,贵AE4467,白,1,贵AC872F,白,凯信驾校,520129,2014/11/28 0:00,2008/5/30 0:00,别克牌,长安牌,355741000000000000 ,366368000000000000 ,199405,198112,18,4,3,工作日,晚高峰(17-19点),2015-03-27,2015年3月27日,阵雨 /阵雨,18℃ / 13℃,南风 ≤3级 /南风 ≤3级,阵雨,阵雨,18,13,南风,≤3级,南风,≤3级,day
2015-04-02 17:30:00,孟关,7、未按规定让行的 ,负全部责任,不负责任,1,贵AB395A,白色,1,贵AGS261,白色,凯信驾校,-1,2015/1/5 0:00,-1,吉利牌,风神牌,364556000000000000 ,357267000000000000 ,196808,198305,17,3,4,工作日,晚高峰(17-19点),2015-04-02,2015年4月2日,多云 /多云,30℃ / 18℃,南风 ≤3级 /南风 ≤3级,多云,多云,30,18,南风,≤3级,南风,≤3级,day
2015-03-09 08:30:00,贵开路,9、不符合前8款规定或者双方同时具有上述情形的,负同等责任,负同等责任,1,贵A34L58,白,1,贵JBT445,白,（云岩区）省交通职业技术驾驶培训学校,蓝天驾校,2008/10/13 0:00,2014/7/20 0:00,马自达牌,国本牌,364548000000000000 ,364547000000000000 ,197801,195312,8,0,3,工作日,早高峰(7-9点),2015-03-09,2015年3月9日,小雨 /小雨,10℃ / 5℃,东北风 ≤3级 /东北风 ≤3级,小雨,小雨,10,5,东北风,≤3级,东北风,≤3级,day
2015-05-17 06:40:00,石标路,7、未按规定让行的 ,负全部责任,不负责任,1,贵ASZ232,黑,1,贵AA777Y,白,省交校,自培,2011/12/9 0:00,2011/10/26 0:00,雅阁牌,比亚迪牌,366561000000000000 ,364548000000000000 ,197712,198708,6,6,5,周末,非高峰,2015-05-17,2015年5月17日,阵雨 /雷阵雨,25℃ / 17℃,东北风 ≤3级 /南风 ≤3级,阵雨,雷阵雨,25,17,东北风,≤3级,南风,≤3级,day
2015-03-13 05:20:00,八匹马,8、依法应负全责的其他情形,负全部责任,不负责任,1,贵AH2322,白,1,贵AF6774,白,省交校,顺一驾驶培训学校,2012/12/21 0:00,2011/12/19 0:00,大众牌,东风牌,364547000000000000 ,736246000000000000 ,199009,196802,5,4,3,工作日,非高峰,2015-03-13,2015年3月13日,多云 /阵雨,17℃ / 12℃,南风 ≤3级 /南风 ≤3级,多云,阵雨,17,12,南风,≤3级,南风,≤3级,night
2015-03-06 12:30:00,大营坡,4、停车时未挂低速档、未拉驻车制动，导致车辆滑行的,负全部责任,不负责任,1,贵GDS183,白,1,京KS5578,红,（云岩区）省交通职业技术驾驶培训学校,-1,2009/3/13 0:00,-1,-1,福特,364556000000000000 ,706268000000000000 ,199001,197304,12,4,3,工作日,非高峰,2015-03-06,2015年3月6日,小雨 /小雨,5℃ / 3℃,东北风 ≤3级 /东北风 ≤3级,小雨,小雨,5,3,东北风,≤3级,东北风,≤3级,day
2015-04-28 15:00:00,花溪大道,7、未按规定让行的 ,负全部责任,不负责任,1,贵AFC764,白色,1,贵GN5581,白色,（云岩区）省交通职业技术驾驶培训学校,预约考试窗口,2006/2/16 0:00,2006/12/19 0:00,福克斯牌,大众牌,364547000000000000 ,36657651895543825X,198307,197811,15,1,4,工作日,非高峰,2015-04-28,2015年4月28日,多云 /多云,25℃ / 15℃,东北风 ≤3级 /东北风 ≤3级,多云,多云,25,15,东北风,≤3级,东北风,≤3级,day
2015-03-04 15:00:00,金朱东路,7、未按规定让行的 ,负全部责任,不负责任,1,贵A14E53,银,1,贵ACY413,白,（云岩区）省交通职业技术驾驶培训学校,六盘水市黔龙驾驶培训学校,2006/5/15 0:00,2006/9/5 0:00,长城牌,大众汽车牌,364548000000000000 ,366068000000000000 ,198602,197702,15,2,3,工作日,非高峰,2015-03-04,2015年3月4日,小雨 /小雨,6℃ / 1℃,东北风 ≤3级 /东北风 ≤3级,小雨,小雨,6,1,东北风,≤3级,东北风,≤3级,day
2015-05-05 12:10:00,世纪城,8、依法应负全责的其他情形,负全部责任,不负责任,1,贵CBB011,黑,1,贵A31M82,白,省交校,自培,2014/4/24 0:00,2007/12/28 0:00,-1,雪佛兰牌,366567000000000000 ,354361000000000000 ,199210,198401,12,1,5,工作日,非高峰,2015-05-05,2015年5月5日,阵雨 /阵雨,21℃ / 15℃,南风 ≤3级 /南风 ≤3级,阵雨,阵雨,21,15,南风,≤3级,南风,≤3级,day
2015-03-04 07:50:00,东站,7、未按规定让行的 ,负全部责任,不负责任,1,贵A8BG01,银色,1,贵AFG995,白色,（云岩区）省交通职业技术驾驶培训学校,鑫鑫驾校,2006/10/11 0:00,2007/5/28 0:00,夏利牌,马自达牌,74051500000000000 ,364547000000000000 ,197305,198306,7,2,3,工作日,早高峰(7-9点),2015-03-04,2015年3月4日,小雨 /小雨,6℃ / 1℃,东北风 ≤3级 /东北风 ≤3级,小雨,小雨,6,1,东北风,≤3级,东北风,≤3级,day
2015-05-29 08:15:00,杨家山隧道,1、追尾的,负全部责任,不负责任,1,贵A75H64,蓝,1,贵GAH313,白,省交校,黔南州兴鑫汽车驾驶培训学校,2014/12/24 0:00,2014/11/20 0:00,大众汽车牌,-1,366669000000000000 ,574270000000000000 ,198508,198807,8,4,5,工作日,早高峰(7-9点),2015-05-29,2015年5月29日,阵雨 /阵雨,24℃ / 17℃,东南风 ≤3级 /东北风 ≤3级,阵雨,阵雨,24,17,东南风,≤3级,东北风,≤3级,day
2015-03-25 15:45:00,五里冲,9、不符合前8款规定或者双方同时具有上述情形的,负同等责任,负同等责任,1,贵A75H64,白色,1,贵AV7738,白色,省交校,-1,2014/12/24 0:00,-1,大众汽车牌,东风牌,366669000000000000 ,366664000000000000 ,198508,199105,15,2,3,工作日,非高峰,2015-03-25,2015年3月25日,阴 /阵雨,14℃ / 9℃,东北风 ≤3级 /东北风 ≤3级,阴,阵雨,14,9,东北风,≤3级,东北风,≤3级,day
2015-05-19 13:27:00,世纪城,8、依法应负全责的其他情形,负全部责任,不负责任,1,贵AB063U,白,1,贵A47V39,红,贵龙驾校（修文县）,-1,2015/3/12 0:00,-1,长安牌,福克斯(FOCUS)牌,74066500000000000 ,74066500000000000 ,198312,198706,13,1,5,工作日,非高峰,2015-05-19,2015年5月19日,阵雨 /大雨,25℃ / 18℃,东北风 ≤3级 /南风 ≤3级,阵雨,大雨,25,18,东北风,≤3级,南风,≤3级,day
2015-05-12 07:30:00,金阳,7、未按规定让行的 ,负全部责任,不负责任,1,贵A25M58,黄,1,贵AUA561,黑,省交校,自培,2012/7/25 0:00,1999/12/30 0:00,大众汽车牌,吉利美日牌,78499751994954865X,366577000000000000 ,198808,197512,7,1,5,工作日,早高峰(7-9点),2015-05-12,2015年5月12日,阴 /雷阵雨,24℃ / 13℃,南风 ≤3级 /南风 ≤3级,阴,雷阵雨,24,13,南风,≤3级,南风,≤3级,day
2015-04-03 08:00:00,四方河路,7、未按规定让行的 ,负全部责任,不负责任,1,贵AVK888,白色,1,贵AU0151,白色,省交校,自培,2011/12/24 0:00,2008/1/25 0:00,朗逸牌,捷达牌,356168000000000000 ,364547000000000000 ,196708,197110,8,4,4,工作日,早高峰(7-9点),2015-04-03,2015年4月3日,多云 /多云,30℃ / 19℃,南风 ≤3级 /南风 ≤3级,多云,多云,30,19,南风,≤3级,南风,≤3级,day
2015-01-27 11:35:00,太平路,7、未按规定让行的 ,负全部责任,不负责任,0,贵A85J99,红,1,贵DM5238,红,省交校,-1,2013/10/25 0:00,-1,雪佛兰牌,东风标致牌,364548000000000000 ,366661000000000000 ,196504,197404,11,1,1,工作日,非高峰,2015-01-27,2015年1月27日,阴 /阴,16℃ / 7℃,东南风 ≤3级 /南风 ≤3级,阴,阴,16,7,东南风,≤3级,南风,≤3级,day
2015-03-10 17:40:00,蟠桃宫,1、追尾的,负全部责任,不负责任,1,贵ALA496,绿,1,贵A41H77,银,（南明区）市交通职业技术驾驶培训学校,自培,2005/8/4 0:00,1999/9/10 0:00,圣路牌,别克牌,364547000000000000 ,364548000000000000 ,198705,196810,17,1,3,工作日,晚高峰(17-19点),2015-03-10,2015年3月10日,小雨 /小雨,8℃ / 4℃,东北风 ≤3级 /东北风 ≤3级,小雨,小雨,8,4,东北风,≤3级,东北风,≤3级,day