accidenttime,accidentaddr,driver1fault,driver1responsibility,driver2responsibility,sex1,platenumber1,carcolor1,sex2,platenumber2,carcolor2,jxmc1,jxmc2,cclzrq1,cclzrq2,clpp1,clpp2,driver1license,driver2license,brith1,brith2,hour,weekday,month,is_weekday,peak_hour,date,日期,天气状况,气温,风力风向,day_wea,night_wea,day_tep,night_tep,day_wind_direction,day_wind_speed,night_wind_direction,night_wind_speed,segment
2015-03-31 22:45:00,蟠桃宫,7、未按规定让行的 ,负全部责任,不负责任,1,贵GM9232,黑,1, 贵AU7032,蓝,（南明区）市交通职业技术驾驶培训学校,预约考试窗口,2006/1/5 0:00,2007/1/9 0:00,大切诺基,-1,364547000000000000 ,366569000000000000 ,198709,197502,22,1,3,工作日,非高峰,2015-03-31,2015年3月31日,多云 /多云,28℃ / 19℃,南风 ≤3级 /南风 ≤3级,多云,多云,28,19,南风,≤3级,南风,≤3级,night
2015-04-05 12:30:00,甲秀南路,9、不符合前8款规定或者双方同时具有上述情形的,负同等责任,负同等责任,1,贵A630C3,白色,1,贵A49P62,白色,（南明区）市交通职业技术驾驶培训学校,-1,2006/11/9 0:00,-1,解放牌,北京现代牌,366570000000000000 ,364557000000000000 ,198108,198406,12,6,4,周末,非高峰,2015-04-05,2015年4月5日,阴 /阵雨,30℃ / 12℃,南风 ≤3级 /东北风 ≤3级,阴,阵雨,30,12,南风,≤3级,东北风,≤3级,day
2015-03-28 15:30:00,北京路,7、未按规定让行的 ,负全部责任,不负责任,1,贵CKH630,银,1,贵A6BY11,银,贵州天河驾校,预约考试窗口,2014/8/26 0:00,2007/7/31 0:00,中华牌,大众牌,366566000000000000 ,726562000000000000 ,199404,198306,15,5,3,工作日,非高峰,2015-03-28,2015年3月28日,阵雨 /雷阵雨,17℃ / 14℃,南风 ≤3级 /南风 ≤3级,阵雨,雷阵雨,17,14,南风,≤3级,南风,≤3级,day
2015-05-03 16:00:00,粑粑坳,1、追尾的,负全部责任,不负责任,1,贵A0BW16,红,0,贵APV997,白,贵州天河驾校,-1,2014/12/17 0:00,-1,长安牌,长安,366669000000000000 ,366564000000000000 ,199301,198512,16,6,5,周末,非高峰,2015-05-03,2015年5月3日,阵雨 /阵雨,25℃ / 15℃,东北风 ≤3级 /东北风 ≤3级,阵雨,阵雨,25,15,东北风,≤3级,东北风,≤3级,day
2015-03-12 21:30:00,金朱东路,7、未按规定让行的 ,负全部责任,不负责任,1,贵A2641J,银,1,贵AA729R,黑,（南明区）市交通职业技术驾驶培训学校,十一驾驶培训有限公司,-1,2014/3/31 0:00,解放牌,马自达牌,366064000000000000 ,364596000000000000 ,198812,199310,21,3,3,工作日,非高峰,2015-03-12,2015年3月12日,多云 /多云,16℃ / 10℃,南风 ≤3级 /南风 ≤3级,多云,多云,16,10,南风,≤3级,南风,≤3级,night
2015-04-02 15:44:00,嘉润路口,7、未按规定让行的 ,负全部责任,不负责任,1,贵GE3163,白色,1,贵JE2311,白色,市交校,消防驾校,2011/9/27 0:00,2013/2/2 0:00,长安牌,东南牌,355561000000000000 ,366068000000000000 ,198607,199304,15,3,4,工作日,非高峰,2015-04-02,2015年4月2日,多云 /多云,30℃ / 18℃,南风 ≤3级 /南风 ≤3级,多云,多云,30,18,南风,≤3级,南风,≤3级,day
2015-05-04 08:30:00,营盘路口,6、违反交通信号的,负全部责任,不负责任,1,贵AV6250,白色,1,贵AHF773,白色,自培,-1,2013/6/21 0:00,-1,力帆牌,别克牌,364547000000000000 ,366346000000000000 ,198601,197704,8,0,5,工作日,早高峰(7-9点),2015-05-04,2015年5月4日,阵雨 /阵雨,20℃ / 14℃,东北风 ≤3级 /东北风 ≤3级,阵雨,阵雨,20,14,东北风,≤3级,东北风,≤3级,day
2015-03-18 10:00:00,金阳北路,3、倒车的,负全部责任,不负责任,1,贵A14H19,白,1,贵AKK307,白,市交校,市交校,2012/12/12 0:00,2010/10/8 0:00,福特牌,雪佛兰牌,366577000000000000 ,366670000000000000 ,198704,199004,10,2,3,工作日,非高峰,2015-03-18,2015年3月18日,多云 /多云,24℃ / 14℃,南风 ≤3级 /南风 ≤3级,多云,多云,24,14,南风,≤3级,南风,≤3级,day
2015-05-17 18:14:00,粑粑坳,9、不符合前8款规定或者双方同时具有上述情形的,负同等责任,负同等责任,1,贵JBQ978,白,1,贵A551H7,蓝,市交校,#,2012/3/27 0:00,2003/8/9 0:00,-1,普诚牌,36454751965547285X,64166500000000000 ,198211,197901,18,6,5,周末,晚高峰(17-19点),2015-05-17,2015年5月17日,阵雨 /雷阵雨,25℃ / 17℃,东北风 ≤3级 /南风 ≤3级,阵雨,雷阵雨,25,17,东北风,≤3级,南风,≤3级,day
2015-04-15 14:40:00,轮胎厂,7、未按规定让行的 ,负全部责任,不负责任,1,贵A7599C,银,1,贵A28W58,红,市交校,自培,2011/6/8 0:00,2003/2/18 0:00,金杯牌,东风日产牌,65467500000000000 ,364557000000000000 ,199104,196409,14,2,4,工作日,非高峰,2015-04-15,2015年4月15日,多云 /多云,24℃ / 16℃,东南风 ≤3级 /南风 ≤3级,多云,多云,24,16,东南风,≤3级,南风,≤3级,day
2015-04-28 08:30:00,青云巷,3、倒车的,负全部责任,不负责任,1,贵A6CA41,白色,1,贵ASA564,白色,（南明区）市交通职业技术驾驶培训学校,-1,2006/6/12 0:00,-1,大众汽车牌,金杯牌,364548000000000000 ,356168000000000000 ,197605,197807,8,1,4,工作日,早高峰(7-9点),2015-04-28,2015年4月28日,多云 /多云,25℃ / 15℃,东北风 ≤3级 /东北风 ≤3级,多云,多云,25,15,东北风,≤3级,东北风,≤3级,day
2015-02-07 11:20:00,金阳医院,3、倒车的,负全部责任,不负责任,1,贵A4209G,银,1,贵A2913W,蓝,（南明区）市交通职业技术驾驶培训学校,自培,2007/4/27 0:00,2003/7/22 0:00,五菱牌,福特牌,36606751984567615X,364558000000000000 ,198701,197905,11,5,2,工作日,非高峰,2015-02-07,2015年2月7日,阴 /阴,8℃ / 3℃,东北风 ≤3级 /东北风 ≤3级,阴,阴,8,3,东北风,≤3级,东北风,≤3级,day
2015-02-11 10:40:00,贵安新区,7、未按规定让行的 ,负全部责任,不负责任,1,贵A6AY93,白色,1,临贵A2D599,白色,市交校,自培,2012/2/9 0:00,2006/8/4 0:00,起亚牌,-1,364647000000000000 ,366364000000000000 ,197609,196907,10,2,2,工作日,非高峰,2015-02-11,2015年2月11日,多云 /多云,11℃ / 3℃,东风 ≤3级 /东北风 ≤3级,多云,多云,11,3,东风,≤3级,东北风,≤3级,day
2015-03-16 10:30:00,枣山路,8、依法应负全责的其他情形,负全部责任,不负责任,1,贵ATL214,银,1,贵AEM477,红,贵大佳德驾驶培训学校,铁二局驾校,2011/5/24 0:00,2011/2/13 0:00,北京现代牌,缤智牌,354166000000000000 ,364547000000000000 ,197611,198002,10,0,3,工作日,非高峰,2015-03-16,2015年3月16日,阴 /多云,20℃ / 15℃,南风 ≤3级 /南风 ≤3级,阴,多云,20,15,南风,≤3级,南风,≤3级,day
2015-03-10 07:15:00,西南环线,8、依法应负全责的其他情形,负全部责任,不负责任,1,贵A98F54,灰色,1,贵A49H23,白色,市交校,吉源驾校,2013/2/3 0:00,2013/6/26 0:00,东风标致牌,中华牌,364547000000000000 ,366068000000000000 ,197510,197805,7,1,3,工作日,早高峰(7-9点),2015-03-10,2015年3月10日,小雨 /小雨,8℃ / 4℃,东北风 ≤3级 /东北风 ≤3级,小雨,小雨,8,4,东北风,≤3级,东北风,≤3级,day
2015-02-09 10:03:00,白云区,1、追尾的,负全部责任,不负责任,1,贵AA402M,银,1,贵A43K88,蓝,贵大佳德驾驶培训学校,十一驾驶培训有限公司,2014/9/16 0:00,2011/7/26 0:00,吉利美日牌,比亚迪牌,364566000000000000 ,364557000000000000 ,198909,197311,10,0,2,工作日,非高峰,2015-02-09,2015年2月9日,阴 /小雨,6℃ / 4℃,东北风 ≤3级 /东北风 ≤3级,阴,小雨,6,4,东北风,≤3级,东北风,≤3级,day
2015-05-11 12:18:00,黔灵东路,1、追尾的,负全部责任,不负责任,1,贵A52P16,白,1,贵GY1109,蓝,贵大佳德驾驶培训学校,自培,2014/9/17 0:00,1994/4/26 0:00,起亚牌,-1,364547000000000000 ,364548000000000000 ,199306,195507,12,0,5,工作日,非高峰,2015-05-11,2015年5月11日,多云 /多云,24℃ / 13℃,东北风 ≤3级 /东北风 ≤3级,多云,多云,24,13,东北风,≤3级,东北风,≤3级,day
2015-04-20 15:50:00,阳光小区,7、未按规定让行的 ,负全部责任,不负责任,1,贵A33E36,红,1,贵AA2443,白,市交校,自培,2012/6/28 0:00,2002/6/11 0:00,东风标致牌,雪佛兰牌,376570000000000000 ,364558000000000000 ,199112,197708,15,0,4,工作日,非高峰,2015-04-20,2015年4月20日,阴 /阴,20℃ / 11℃,东北风 ≤3级 /东北风 ≤3级,阴,阴,20,11,东北风,≤3级,东北风,≤3级,day
2015-04-20 10:10:00,枣山路,1、追尾的,负全部责任,不负责任,1,贵AHN958,银,1,贵AWY821,红,贵大佳德驾驶培训学校,自培,2010/9/8 0:00,2004/5/10 0:00,飞度牌,别克牌,366569000000000000 ,366576000000000000 ,197701,197409,10,0,4,工作日,非高峰,2015-04-20,2015年4月20日,阴 /阴,20℃ / 11℃,东北风 ≤3级 /东北风 ≤3级,阴,阴,20,11,东北风,≤3级,东北风,≤3级,day
2015-05-21 11:00:00,三桥,1、追尾的,负全部责任,不负责任,1,贵CKE773,白色,1,贵HS9582,白色,贵大佳德驾驶培训学校,自培,2012/10/11 0:00,2006/9/20 0:00,-1,-1,366570000000000000 ,364548000000000000 ,199001,198603,11,3,5,工作日,非高峰,2015-05-21,2015年5月21日,阴 /阵雨,24℃ / 16℃,东风 ≤3级 /东风 ≤3级,阴,阵雨,24,16,东风,≤3级,东风,≤3级,day
2015-05-06 07:40:00,大营路,7、未按规定让行的 ,负全部责任,不负责任,1,贵A0AT49,蓝,1,贵A97403,白,贵大佳德驾驶培训学校,-1,2014/1/9 0:00,-1,福特牌,华通牌,364566000000000000 ,35486651844047563X,198511,197004,7,2,5,工作日,早高峰(7-9点),2015-05-06,2015年5月6日,多云 /多云,25℃ / 16℃,东北风 ≤3级 /南风 ≤3级,多云,多云,25,16,东北风,≤3级,南风,≤3级,day
2015-02-10 19:55:00,观山湖,1、追尾的,负全部责任,不负责任,1,贵AU5631,黑,1,贵A52H58,黑,（白云区）消防驾驶培训学校,520101,2008/1/29 0:00,2009/3/3 0:00,宗申牌,雪佛兰牌,366067000000000000 ,254396000000000000 ,197906,198211,19,1,2,工作日,晚高峰(17-19点),2015-02-10,2015年2月10日,小雨 /小雨,6℃ / 3℃,东北风 ≤3级 /东风 ≤3级,小雨,小雨,6,3,东北风,≤3级,东风,≤3级,day
2015-05-08 15:11:00,粑粑坳,7、未按规定让行的 ,负全部责任,不负责任,0,贵A0541H,黑,1,贵AB482S,白,（白云区）消防驾驶培训学校,520116,2008/10/16 0:00,2008/5/5 0:00,福特锐界,-1,356175000000000000 ,366367000000000000 ,196902,197607,15,4,5,工作日,非高峰,2015-05-08,2015年5月8日,阵雨 /多云,25℃ / 15℃,东南风 ≤3级 /东北风 ≤3级,阵雨,多云,25,15,东南风,≤3级,东北风,≤3级,day
2015-03-07 13:30:00,杨家庄,8、依法应负全责的其他情形,负全部责任,不负责任,1,贵AHH101,银,1,贵A285D7,红,（白云区）消防驾驶培训学校,新天驾校,2010/3/10 0:00,2011/11/18 0:00,宝马牌,江淮牌,364557000000000000 ,366562000000000000 ,198606,197510,13,5,3,工作日,非高峰,2015-03-07,2015年3月7日,阴 /小雨,10℃ / 5℃,东风 ≤3级 /东南风 ≤3级,阴,小雨,10,5,东风,≤3级,东南风,≤3级,day
2015-04-10 10:30:00,金清路,1、追尾的,负全部责任,不负责任,1,贵AJS906,银,1,贵AA967Y,银,（白云区）消防驾驶培训学校,鑫鑫驾校,2009/1/21 0:00,2010/11/15 0:00,比亚迪牌,别克牌,364548000000000000 ,366663000000000000 ,196604,198705,10,4,4,工作日,非高峰,2015-04-10,2015年4月10日,小雨 /小雨,12℃ / 8℃,东北风 ≤3级 /东北风 ≤3级,小雨,小雨,12,8,东北风,≤3级,东北风,≤3级,day
2015-04-29 10:20:00,云环路,7、未按规定让行的 ,负全部责任,不负责任,1,贵AC4115,黄,1,贵A32154,白,（白云区）消防驾驶培训学校,-1,2008/6/5 0:00,-1,嘉陵牌,豪爵-SUZUKI牌,364558000000000000 ,366664000000000000 ,198606,197507,10,2,4,工作日,非高峰,2015-04-29,2015年4月29日,阵雨 /阵雨,26℃ / 16℃,东北风 ≤3级 /东南风 ≤3级,阵雨,阵雨,26,16,东北风,≤3级,东南风,≤3级,day
2015-02-17 08:10:00,贵阳一中,7、未按规定让行的 ,负全部责任,不负责任,0,贵AU8831,绿,1,贵AET316,黑,消防驾校,-1,2010/7/16 0:00,-1,瑞麒牌,蒙迪欧牌,36606051824743669X,64547500000000000 ,197603,196710,8,1,2,工作日,早高峰(7-9点),2015-02-17,2015年2月17日,阴 /阴,17℃ / 11℃,东南风 ≤3级 /南风 ≤3级,阴,阴,17,11,东南风,≤3级,南风,≤3级,day
2015-03-13 19:05:00,北京西路,1、追尾的,负全部责任,不负责任,1,贵GY4951,白,1,贵A433H3,白,贵大佳德驾驶培训学校,十一培,2014/8/22 0:00,1997/10/20 0:00,雪佛兰牌,福田牌,364548000000000000 ,364548000000000000 ,199101,197807,19,4,3,工作日,晚高峰(17-19点),2015-03-13,2015年3月13日,多云 /阵雨,17℃ / 12℃,南风 ≤3级 /南风 ≤3级,多云,阵雨,17,12,南风,≤3级,南风,≤3级,day
2015-04-13 10:40:00,白云区,8、依法应负全责的其他情形,负全部责任,不负责任,1,贵A89002,白,1,贵AB422V,银,消防驾校,-1,2012/3/2 0:00,-1,三一牌,骐达牌,364568000000000000 ,44839003 ,198505,445,10,0,4,工作日,非高峰,2015-04-13,2015年4月13日,晴 /多云,23℃ / 8℃,东北风 ≤3级 /东北风 ≤3级,晴,多云,23,8,东北风,≤3级,东北风,≤3级,day
2015-04-03 08:45:00,白云区,7、未按规定让行的 ,负全部责任,不负责任,1,贵A5167J,红,1,贵A4476E,银,消防驾校,消防驾校,2011/4/25 0:00,2010/6/29 0:00,雪佛兰牌,大众牌,366347000000000000 ,366361000000000000 ,198112,199103,8,4,4,工作日,早高峰(7-9点),2015-04-03,2015年4月3日,多云 /多云,30℃ / 19℃,南风 ≤3级 /南风 ≤3级,多云,多云,30,19,南风,≤3级,南风,≤3级,day
2015-04-10 14:30:00,三桥,7、未按规定让行的 ,负全部责任,不负责任,1,贵A323D8,银,1,贵GX9688,银,消防驾校,-1,2011/5/17 0:00,-1,解放牌,海马牌,364557000000000000 ,364567000000000000 ,197511,199005,14,4,4,工作日,非高峰,2015-04-10,2015年4月10日,小雨 /小雨,12℃ / 8℃,东北风 ≤3级 /东北风 ≤3级,小雨,小雨,12,8,东北风,≤3级,东北风,≤3级,day
2015-03-09 09:10:00,沙文镇,3、倒车的,负全部责任,不负责任,1,贵GS8895,白,1,贵CEV832,白,消防驾校,自培,2011/10/8 0:00,2013/3/8 0:00,东风日产牌,锋范牌,366346000000000000 ,364558000000000000 ,199205,198809,9,0,3,工作日,早高峰(7-9点),2015-03-09,2015年3月9日,小雨 /小雨,10℃ / 5℃,东北风 ≤3级 /东北风 ≤3级,小雨,小雨,10,5,东北风,≤3级,东北风,≤3级,day
2015-04-07 11:00:00,延安东路,9、不符合前8款规定或者双方同时具有上述情形的,负同等责任,负同等责任,0,贵FS1459,红,1,贵AU6716,蓝,消防驾校,务川汇通驾校,2011/5/3 0:00,2008/4/25 0:00,别克牌,大运牌,366046000000000000 ,366563000000000000 ,198011,198607,11,1,4,工作日,非高峰,2015-04-07,2015年4月7日,小雨 /小雨,9℃ / 5℃,东北风 ≤3级 /东北风 ≤3级,小雨,小雨,9,5,东北风,≤3级,东北风,≤3级,day
2015-04-08 07:30:00,中铁逸都,8、依法应负全责的其他情形,负全部责任,不负责任,1,贵JAH594,银,0,贵CAY053,黑,消防驾校,自培,2014/8/8 0:00,2012/9/10 0:00,五菱牌,指南者,366864000000000000 ,366669000000000000 ,198411,197404,7,2,4,工作日,早高峰(7-9点),2015-04-08,2015年4月8日,小雨 /小雨,10℃ / 6℃,东北风 ≤3级 /东北风 ≤3级,小雨,小雨,10,6,东北风,≤3级,东北风,≤3级,day
2015-05-13 21:10:00,西二环,7、未按规定让行的 ,负全部责任,不负责任,1,贵A22123,白,1,贵GT7766,黑,消防驾校,自培,2011/5/17 0:00,2010/6/17 0:00,楚胜牌,奥迪,364596000000000000 ,366064000000000000 ,198804,199003,21,2,5,工作日,非高峰,2015-05-13,2015年5月13日,多云 /阵雨,26℃ / 19℃,东南风 ≤3级 /东南风 ≤3级,多云,阵雨,26,19,东南风,≤3级,东南风,≤3级,night
2015-03-11 10:30:00,云谈北路,1、追尾的,负全部责任,不负责任,1,贵AC345A,黑,1,贵AB603Y,黑,消防驾校,贵州现代驾驶培训责任有限公司,2012/3/22 0:00,2012/4/9 0:00,东风雪铁龙牌,别克,364558000000000000 ,364568000000000000 ,198907,199209,10,2,3,工作日,非高峰,2015-03-11,2015年3月11日,阴 /小雨,8℃ / 4℃,东北风 ≤3级 /东北风 ≤3级,阴,小雨,8,4,东北风,≤3级,东北风,≤3级,day
2015-05-26 10:15:00,中华北路,8、依法应负全责的其他情形,负全部责任,不负责任,1,贵AU0875,黑,1,贵ANX894,白,消防驾校,（观山湖区）蓝天驾驶培训有限公司,2012/3/31 0:00,1996/4/20 0:00,万达牌,宝马牌,364568000000000000 ,364548000000000000 ,198907,197710,10,1,5,工作日,非高峰,2015-05-26,2015年5月26日,阵雨 /雷阵雨,26℃ / 20℃,东南风 ≤3级 /东北风 ≤3级,阵雨,雷阵雨,26,20,东南风,≤3级,东北风,≤3级,day
2015-04-03 20:57:00,黄河路,9、不符合前8款规定或者双方同时具有上述情形的,负同等责任,负同等责任,1,贵GR7461,白色,1,川Z77213,白色,消防驾校,-1,2012/8/7 0:00,-1,凌派牌,长安牌 ,364551000000000000 ,355566000000000000 ,199312,198101,20,4,4,工作日,非高峰,2015-04-03,2015年4月3日,多云 /多云,30℃ / 19℃,南风 ≤3级 /南风 ≤3级,多云,多云,30,19,南风,≤3级,南风,≤3级,night
2015-05-17 10:00:00,小河,7、未按规定让行的 ,负全部责任,不负责任,1,贵GN4043,白色,1,贵A4687M,白色,消防驾校,鑫鑫驾校,2014/4/1 0:00,2014/8/20 0:00,-1,起亚牌,364557000000000000 ,366369000000000000 ,199004,198907,10,6,5,周末,非高峰,2015-05-17,2015年5月17日,阵雨 /雷阵雨,25℃ / 17℃,东北风 ≤3级 /南风 ≤3级,阵雨,雷阵雨,25,17,东北风,≤3级,南风,≤3级,day
2015-04-05 11:38:00,朱昌,7、未按规定让行的 ,负全部责任,不负责任,1,贵A0392A,银,1,贵AKT733,黑,消防驾校,贵州现代驾驶培训责任有限公司,2012/3/22 0:00,2012/4/9 0:00,吉利美日牌,雷克萨斯,364558000000000000 ,364568000000000000 ,198907,199209,11,6,4,周末,非高峰,2015-04-05,2015年4月5日,阴 /阵雨,30℃ / 12℃,南风 ≤3级 /东北风 ≤3级,阴,阵雨,30,12,南风,≤3级,东北风,≤3级,day
2015-04-26 09:40:00,花果园,3、倒车的,负全部责任,不负责任,1,贵A20702,白色,1,贵A52J51,白色,（白云区）消防驾驶培训学校,全林驾校,2008/1/4 0:00,2012/6/13 0:00,解放牌,东风标致牌,364568000000000000 ,364548000000000000 ,198608,199206,9,6,4,周末,早高峰(7-9点),2015-04-26,2015年4月26日,阵雨 /阵雨,18℃ / 14℃,东南风 ≤3级 /东北风 ≤3级,阵雨,阵雨,18,14,东南风,≤3级,东北风,≤3级,day
2015-02-03 15:00:00,都司路,7、未按规定让行的 ,负全部责任,不负责任,1,贵AAX907,蓝,0,贵A12K71,蓝,（白云区）消防驾驶培训学校,贵大驾校,2009/3/5 0:00,2012/11/14 0:00,长安牌,福特牌,357266000000000000 ,364556000000000000 ,197308,199008,15,1,2,工作日,非高峰,2015-02-03,2015年2月3日,小雨 /小雨,6℃ / 1℃,东北风 ≤3级 /东北风 ≤3级,小雨,小雨,6,1,东北风,≤3级,东北风,≤3级,day
2015-04-21 09:10:00,龚北路,7、未按规定让行的 ,负全部责任,不负责任,1,贵A864D4,银,1,贵ATB584,黑,（白云区）消防驾驶培训学校,消防驾校,2010/3/11 0:00,-1,昌河牌,东风日产牌,366067000000000000 ,355247000000000000 ,197908,199103,9,1,4,工作日,早高峰(7-9点),2015-04-21,2015年4月21日,阴 /阵雨,17℃ / 10℃,东北风 ≤3级 /东北风 ≤3级,阴,阵雨,17,10,东北风,≤3级,东北风,≤3级,day
2015-03-14 16:00:00,云潭路,3、倒车的,负全部责任,不负责任,1,贵AHL341,红,1,贵AVC875,蓝,（白云区）消防驾驶培训学校,景宏驾校,2010/4/12 0:00,2012/1/18 0:00,东风雪铁龙牌,大众汽车牌,364558000000000000 ,364557000000000000 ,196704,196912,16,5,3,工作日,非高峰,2015-03-14,2015年3月14日,阴 /阴,17℃ / 12℃,南风 ≤3级 /东南风 ≤3级,阴,阴,17,12,南风,≤3级,东南风,≤3级,day
2015-04-04 11:30:00,茶店,5、开关车门的,负全部责任,不负责任,1,贵ACM855,银,1,贵ALA095,银,消防驾校,520117,2010/3/22 0:00,2003/11/29 0:00,捷达牌,吉利牌,357475000000000000 ,366367000000000000 ,198807,197807,11,5,4,工作日,非高峰,2015-04-04,2015年4月4日,多云 /多云,29℃ / 18℃,南风 ≤3级 /南风 ≤3级,多云,多云,29,18,南风,≤3级,南风,≤3级,day
2015-04-19 12:07:00,长岭南路,7、未按规定让行的 ,负全部责任,不负责任,1,贵A402B8,黑,0,贵GP4265,红,消防驾校,天行健驾校,2010/9/8 0:00,2015/1/5 0:00,-1,比亚迪牌,776248000000000000 ,36459551145551620X,197101,199011,12,6,4,周末,非高峰,2015-04-19,2015年4月19日,阵雨 /阵雨,22℃ / 13℃,东北风 ≤3级 /东北风 ≤3级,阵雨,阵雨,22,13,东北风,≤3级,东北风,≤3级,day
2015-03-22 08:00:00,金华园,7、未按规定让行的 ,负全部责任,不负责任,1,贵A46N97,白,1,贵A39L68,白,（白云区）消防驾驶培训学校,预约考试窗口,2009/11/24 0:00,2006/12/20 0:00,谛艾仕牌,东风日产牌,364557000000000000 ,36455651815445765X,196909,197910,8,6,3,周末,早高峰(7-9点),2015-03-22,2015年3月22日,阵雨 /阵雨,19℃ / 10℃,东南风 ≤3级 /东风 ≤3级,阵雨,阵雨,19,10,东南风,≤3级,东风,≤3级,day
2015-03-30 13:40:00,花果园,7、未按规定让行的 ,负全部责任,不负责任,1,贵FAS804,黑,1,贵AU5483,绿,（白云区）消防驾驶培训学校,毕节地区黔中驾校,2010/8/23 0:00,2007/3/8 0:00,金杯牌,捷达牌,364558000000000000 ,366068000000000000 ,199101,198505,13,0,3,工作日,非高峰,2015-03-30,2015年3月30日,晴 /多云,24℃ / 17℃,南风 ≤3级 /南风 ≤3级,晴,多云,24,17,南风,≤3级,南风,≤3级,day
2015-03-16 11:40:00,都司路,7、未按规定让行的 ,负全部责任,不负责任,1,贵A33B71,银,1,贵AU7585,绿,消防驾校,铁二局驾校,2011/8/18 0:00,2010/9/15 0:00,五菱牌,力帆牌,366575000000000000 ,364548000000000000 ,197609,198711,11,0,3,工作日,非高峰,2015-03-16,2015年3月16日,阴 /多云,20℃ / 15℃,南风 ≤3级 /南风 ≤3级,阴,多云,20,15,南风,≤3级,南风,≤3级,day
2015-05-28 18:30:00,麦架镇,8、依法应负全责的其他情形,负全部责任,不负责任,1,贵ADK843,红,1,贵A7503M,黑,消防驾校,文通驾校,2010/10/26 0:00,2011/7/20 0:00,东风雪铁龙牌,长安牌,356161000000000000 ,364558000000000000 ,197012,198204,18,3,5,工作日,晚高峰(17-19点),2015-05-28,2015年5月28日,多云 /雷阵雨,29℃ / 19℃,南风 ≤3级 /东南风 ≤3级,多云,雷阵雨,29,19,南风,≤3级,东南风,≤3级,day
2015-05-04 08:30:00,金阳北路,7、未按规定让行的 ,负全部责任,不负责任,1,贵A96R95,蓝,1,贵A24X35,黑,消防驾校,消防驾校,2011/8/10 0:00,2014/12/3 0:00,北京现代,北京现代牌,366577000000000000 ,355470000000000000 ,198210,198408,8,0,5,工作日,早高峰(7-9点),2015-05-04,2015年5月4日,阵雨 /阵雨,20℃ / 14℃,东北风 ≤3级 /东北风 ≤3级,阵雨,阵雨,20,14,东北风,≤3级,东北风,≤3级,day
2015-04-21 09:30:00,大西门,1、追尾的,负全部责任,不负责任,1,贵A9552A,黄,1,贵A3BM15,银,消防驾校,黔丰驾校,2011/3/1 0:00,2013/12/23 0:00,大众牌,吉利牌,355247000000000000 ,364547000000000000 ,199009,197910,9,1,4,工作日,早高峰(7-9点),2015-04-21,2015年4月21日,阴 /阵雨,17℃ / 10℃,东北风 ≤3级 /东北风 ≤3级,阴,阵雨,17,10,东北风,≤3级,东北风,≤3级,day
2015-05-14 18:25:00,沙子哨,7、未按规定让行的 ,负全部责任,不负责任,1,贵FZ3297,白,1,贵ACB568,白,消防驾校,520109,2011/12/1 0:00,2008/4/21 0:00,-1,奥迪牌,364557000000000000 ,364558000000000000 ,198602,198201,18,3,5,工作日,晚高峰(17-19点),2015-05-14,2015年5月14日,多云 /雷阵雨,27℃ / 20℃,东南风 ≤3级 /南风 ≤3级,多云,雷阵雨,27,20,东南风,≤3级,南风,≤3级,day
2015-04-23 21:00:00,南湖东路,7、未按规定让行的 ,负全部责任,不负责任,0,贵AHB221,银,1,贵ALW689,黑,（白云区）消防驾驶培训学校,自培,2006/5/30 0:00,2012/12/17 0:00,雪佛兰牌,起亚牌,364558000000000000 ,366577000000000000 ,196812,197303,21,3,4,工作日,非高峰,2015-04-23,2015年4月23日,阴 /小雨,16℃ / 10℃,东北风 ≤3级 /东北风 ≤3级,阴,小雨,16,10,东北风,≤3级,东北风,≤3级,night
2015-04-13 08:06:00,白云区,3、倒车的,负全部责任,不负责任,1,贵A7070T,黑,1,贵AW8742,黑,消防驾校,自培,2011/1/17 0:00,2002/12/10 0:00,奇瑞,颐达牌,366361000000000000 ,364558000000000000 ,198809,197411,8,0,4,工作日,早高峰(7-9点),2015-04-13,2015年4月13日,晴 /多云,23℃ / 8℃,东北风 ≤3级 /东北风 ≤3级,晴,多云,23,8,东北风,≤3级,东北风,≤3级,day
2015-04-16 08:20:00,三桥,1、追尾的,负全部责任,不负责任,1,贵A9941K,银,1,贵A49K76,黄,消防驾校,航天驾校,2011/8/3 0:00,-1,五菱牌,梅赛德斯-奔驰,74365500000000000 ,366546000000000000 ,198909,197007,8,3,4,工作日,早高峰(7-9点),2015-04-16,2015年4月16日,多云 /多云,29℃ / 17℃,南风 ≤3级 /南风 ≤3级,多云,多云,29,17,南风,≤3级,南风,≤3级,day
2015-02-08 13:10:00,大关,1、追尾的,负全部责任,不负责任,1,贵AAV343,黑,1,贵ABV113,黑,消防驾校,鑫鑫驾校,2011/4/1 0:00,2014/12/4 0:00,蒙迪欧牌,丰田牌,366061000000000000 ,366347000000000000 ,198901,198204,13,6,2,周末,非高峰,2015-02-08,2015年2月8日,阴 /阴,7℃ / 3℃,东北风 ≤3级 /南风 ≤3级,阴,阴,7,3,东北风,≤3级,南风,≤3级,day
2015-05-20 07:40:00,长岭北路,8、依法应负全责的其他情形,负全部责任,不负责任,1,贵4594686,白,1,贵EP7916,红,消防驾校,自培,2011/4/19 0:00,1998/10/14 0:00,-1,-1,366067000000000000 ,364547000000000000 ,197211,197410,7,2,5,工作日,早高峰(7-9点),2015-05-20,2015年5月20日,阴 /阵雨,23℃ / 17℃,东北风 ≤3级 /东北风 ≤3级,阴,阵雨,23,17,东北风,≤3级,东北风,≤3级,day