accidenttime,accidentaddr,driver1fault,driver1responsibility,driver2responsibility,sex1,platenumber1,carcolor1,sex2,platenumber2,carcolor2,jxmc1,jxmc2,cclzrq1,cclzrq2,clpp1,clpp2,driver1license,driver2license,brith1,brith2,hour,weekday,month,is_weekday,peak_hour,date,日期,天气状况,气温,风力风向,day_wea,night_wea,day_tep,night_tep,day_wind_direction,day_wind_speed,night_wind_direction,night_wind_speed,segment
2015-05-21 16:00:00,二铺,7、未按规定让行的 ,负全部责任,不负责任,1,贵A1469F,白,1,贵CQB058,黑,消防驾校,-1,2011/4/1 0:00,-1,-1,-1,366061000000000000 ,366068000000000000 ,198901,199103,16,3,5,工作日,非高峰,2015-05-21,2015年5月21日,阴 /阵雨,24℃ / 16℃,东风 ≤3级 /东风 ≤3级,阴,阵雨,24,16,东风,≤3级,东风,≤3级,day
2015-05-18 09:00:00,云潭南路,1、追尾的,负全部责任,不负责任,1,贵ASJ471,黑,1,贵FZ5122,黑,消防驾校,520126,2012/11/1 0:00,-1,宝马牌,-1,366568000000000000 ,366064000000000000 ,197508,197405,9,0,5,工作日,早高峰(7-9点),2015-05-18,2015年5月18日,多云 /多云,25℃ / 18℃,东北风 ≤3级 /东北风 ≤3级,多云,多云,25,18,东北风,≤3级,东北风,≤3级,day
2015-03-24 19:00:00,金阳鸟巢,1、追尾的,负全部责任,不负责任,1,贵A3199X,银,1,贵AC0423,白,消防驾校,520110,2012/9/27 0:00,2008/3/4 0:00,长安牌,长安牌,364557000000000000 ,364557000000000000 ,199210,196812,19,1,3,工作日,晚高峰(17-19点),2015-03-24,2015年3月24日,小雨 /阵雨,13℃ / 7℃,东北风 ≤3级 /东北风 ≤3级,小雨,阵雨,13,7,东北风,≤3级,东北风,≤3级,day
2015-02-14 18:06:00,西南环线东客站,1、追尾的,负全部责任,不负责任,1,贵A1BB89,白色,1,贵JDN828,白色,消防驾校,-1,2013/1/21 0:00,-1,东风雪铁龙牌,广汽菲亚特牌,364557000000000000 ,354557000000000000 ,199308,199308,18,5,2,工作日,晚高峰(17-19点),2015-02-14,2015年2月14日,阵雨 /雷阵雨,16℃ / 10℃,南风 ≤3级 /南风 ≤3级,阵雨,雷阵雨,16,10,南风,≤3级,南风,≤3级,day
2015-02-12 08:10:00,威清路,7、未按规定让行的 ,负全部责任,不负责任,0,贵A4BY25,黄,1,贵AU6788,绿,消防驾校,-1,2013/5/7 0:00,-1,长安牌,纵情牌,364558000000000000 ,36636400000000000 ,198807,197012,8,3,2,工作日,早高峰(7-9点),2015-02-12,2015年2月12日,多云 /多云,15℃ / 5℃,南风 ≤3级 /南风 ≤3级,多云,多云,15,5,南风,≤3级,南风,≤3级,day
2015-03-12 13:27:00,长林南路,7、未按规定让行的 ,负全部责任,不负责任,1,贵A139F8,绿,0,贵AB7941,黑,消防驾校,预约考试窗口,2012/6/18 0:00,2006/7/5 0:00,王牌牌,风神,364557000000000000 ,364548000000000000 ,199301,196907,13,3,3,工作日,非高峰,2015-03-12,2015年3月12日,多云 /多云,16℃ / 10℃,南风 ≤3级 /南风 ≤3级,多云,多云,16,10,南风,≤3级,南风,≤3级,day
2015-05-28 06:07:00,云峰大道,7、未按规定让行的 ,负全部责任,不负责任,0,贵GAG087,蓝,0,贵A14390,白,消防驾校,景宏驾校,2013/9/12 0:00,2011/4/12 0:00,-1,嘉冠牌,366764000000000000 ,364547000000000000 ,199402,197709,6,3,5,工作日,非高峰,2015-05-28,2015年5月28日,多云 /雷阵雨,29℃ / 19℃,南风 ≤3级 /东南风 ≤3级,多云,雷阵雨,29,19,南风,≤3级,东南风,≤3级,day
2015-04-22 15:30:00,金阳,8、依法应负全责的其他情形,负全部责任,不负责任,1,贵A34S44,银,1,贵AC648G,银,自培,自培,2012/2/28 0:00,2003/8/29 0:00,五菱牌,长安牌,364566000000000000 ,366347000000000000 ,199108,198106,15,2,4,工作日,非高峰,2015-04-22,2015年4月22日,小雨 /小雨,15℃ / 10℃,东北风 ≤3级 /东北风 ≤3级,小雨,小雨,15,10,东北风,≤3级,东北风,≤3级,day
2015-02-27 08:40:00,西二环,7、未按规定让行的 ,负全部责任,不负责任,1,贵A39073,红,1,贵AB382F,绿,消防驾校,-1,2012/6/30 0:00,-1,柳特神力牌,长安牌,366367000000000000 ,36606351954960307X,197509,198108,8,4,2,工作日,早高峰(7-9点),2015-02-27,2015年2月27日,多云 /阵雨,21℃ / 5℃,南风 ≤3级 /南风 ≤3级,多云,阵雨,21,5,南风,≤3级,南风,≤3级,day
2015-04-18 16:00:00,花果园,1、追尾的,负全部责任,不负责任,1,贵A2E837,白色,1,贵GG1333,白色,（乌当区）新天驾驶培训有限公司,自培,2006/8/31 0:00,1975/2/16 0:00,宝马牌,宝马牌,35524651994564071X,366364000000000000 ,198801,195301,16,5,4,工作日,非高峰,2015-04-18,2015年4月18日,多云 /雷阵雨,29℃ / 16℃,南风 ≤3级 /南风 ≤3级,多云,雷阵雨,29,16,南风,≤3级,南风,≤3级,day
2015-05-28 21:08:00,花香村,1、追尾的,负全部责任,不负责任,1,贵AZM490,白,1,贵AU0229,黄,（乌当区）新天驾驶培训有限公司,金大驾校,2007/10/19 0:00,2011/8/12 0:00,-1,三铃牌,366046000000000000 ,655448000000000000 ,198509,198401,21,3,5,工作日,非高峰,2015-05-28,2015年5月28日,多云 /雷阵雨,29℃ / 19℃,南风 ≤3级 /东南风 ≤3级,多云,雷阵雨,29,19,南风,≤3级,东南风,≤3级,night
2015-04-24 08:00:00,小河转盘,1、追尾的,负全部责任,不负责任,1,贵AS8712,白色,1,贵A5S975,白色,（乌当区）新天驾驶培训有限公司,-1,2008/5/6 0:00,-1,依维柯牌,五菱牌,366367000000000000 ,36686800000000000 ,196608,197808,8,4,4,工作日,早高峰(7-9点),2015-04-24,2015年4月24日,阴 /小雨,16℃ / 11℃,东风 ≤3级 /东风 ≤3级,阴,小雨,16,11,东风,≤3级,东风,≤3级,day
2015-05-06 09:30:00,小河开发大道,1、追尾的,负全部责任,不负责任,1,贵AHQ785,白色,1,贵CNZ944,白色,自培,520109,2008/5/6 0:00,2008/10/13 0:00,-1,-1,366564000000000000 ,366546000000000000 ,198705,197211,9,2,5,工作日,早高峰(7-9点),2015-05-06,2015年5月6日,多云 /多云,25℃ / 16℃,东北风 ≤3级 /南风 ≤3级,多云,多云,25,16,东北风,≤3级,南风,≤3级,day
2015-05-21 03:50:00,林东收费站,7、未按规定让行的 ,负全部责任,不负责任,1,贵AAF986,红,1,贵A4438Z,黑,（乌当区）新天驾驶培训有限公司,-1,2005/2/5 0:00,-1,奇瑞牌,大众牌,366347000000000000 ,366347000000000000 ,198101,198104,3,3,5,工作日,非高峰,2015-05-21,2015年5月21日,阴 /阵雨,24℃ / 16℃,东风 ≤3级 /东风 ≤3级,阴,阵雨,24,16,东风,≤3级,东风,≤3级,night
2015-05-28 20:10:00,大昌隆高架桥,7、未按规定让行的 ,负全部责任,不负责任,0,贵A6E152,白,0,贵A93J68,白,（乌当区）新天驾驶培训有限公司,-1,2008/5/6 0:00,-1,-1,大众牌,364548000000000000 ,35724600000000000 ,198203,197120,20,3,5,工作日,非高峰,2015-05-28,2015年5月28日,多云 /雷阵雨,29℃ / 19℃,南风 ≤3级 /东南风 ≤3级,多云,雷阵雨,29,19,南风,≤3级,东南风,≤3级,night
2015-05-28 13:20:00,西二环,1、追尾的,负全部责任,不负责任,1,贵AP7063,红,1,贵A6EB39,蓝,（乌当区）新天驾驶培训有限公司,铁二局驾校,2006/6/7 0:00,2010/12/15 0:00,金洪牌,马自达牌,366569000000000000 ,70496051834763507X,197404,197503,13,3,5,工作日,非高峰,2015-05-28,2015年5月28日,多云 /雷阵雨,29℃ / 19℃,南风 ≤3级 /东南风 ≤3级,多云,雷阵雨,29,19,南风,≤3级,东南风,≤3级,day
2015-03-20 14:50:00,金苏大道,1、追尾的,负全部责任,不负责任,1,贵A5269N,黑,1,贵AGK788,黑,新天驾校,520127,2010/5/21 0:00,2010/2/5 0:00,五菱牌,马自达牌,364557000000000000 ,364558000000000000 ,198508,198309,14,4,3,工作日,非高峰,2015-03-20,2015年3月20日,阴 /阵雨,14℃ / 10℃,东北风 ≤3级 /东北风 ≤3级,阴,阵雨,14,10,东北风,≤3级,东北风,≤3级,day
2015-05-09 18:00:00,二戈寨,3、倒车的,负全部责任,不负责任,1,贵A565A9,白色,1,贵A8BC12,白色,新天驾校,铁二局驾校,2010/11/22 0:00,2014/8/14 0:00,长安牌,大众牌,364596000000000000 ,364648000000000000 ,198806,198009,18,5,5,工作日,晚高峰(17-19点),2015-05-09,2015年5月9日,阵雨 /阵雨,23℃ / 16℃,东北风 ≤3级 /东南风 ≤3级,阵雨,阵雨,23,16,东北风,≤3级,东南风,≤3级,day
2015-04-19 15:30:00,金燕路,3、倒车的,负全部责任,不负责任,1,贵A1401Y,黄,0,贵AB4671,银,新天驾校,贵阳万里圣驾校,2010/12/10 0:00,2015/3/10 0:00,北京现代牌,嘉陵牌,364557000000000000 ,366067000000000000 ,199101,198312,15,6,4,周末,非高峰,2015-04-19,2015年4月19日,阵雨 /阵雨,22℃ / 13℃,东北风 ≤3级 /东北风 ≤3级,阵雨,阵雨,22,13,东北风,≤3级,东北风,≤3级,day
2015-05-07 19:40:00,阳明祠,3、倒车的,负全部责任,不负责任,1,贵E64935,白,1,贵AKF251,蓝,（乌当区）新天驾驶培训有限公司,自培,2004/12/14 0:00,2005/6/1 0:00,-1,宝马,364548000000000000 ,364547000000000000 ,196708,198506,19,3,5,工作日,晚高峰(17-19点),2015-05-07,2015年5月7日,阵雨 /雷阵雨,23℃ / 17℃,东南风 ≤3级 /东南风 ≤3级,阵雨,雷阵雨,23,17,东南风,≤3级,东南风,≤3级,day
2015-04-26 11:30:00,文昌南路,7、未按规定让行的 ,负全部责任,不负责任,1,贵AH5919,白色,1,贵AU7491,白色,（乌当区）新天驾驶培训有限公司,铜仁地区通达驾校,2006/1/19 0:00,2005/1/25 0:00,雷克萨斯,捷达牌,366577000000000000 ,366661000000000000 ,197404,198208,11,6,4,周末,非高峰,2015-04-26,2015年4月26日,阵雨 /阵雨,18℃ / 14℃,东南风 ≤3级 /东北风 ≤3级,阵雨,阵雨,18,14,东南风,≤3级,东北风,≤3级,day
2015-05-15 21:00:00,大营坡,7、未按规定让行的 ,负全部责任,不负责任,0,贵JX9388,红,1,贵AEE813,红,新天驾校,-1,2012/4/9 0:00,-1,-1,丰田牌,366876000000000000 ,364557000000000000 ,197807,199208,21,4,5,工作日,非高峰,2015-05-15,2015年5月15日,阵雨 /阵雨,25℃ / 16℃,东北风 ≤3级 /东北风 ≤3级,阵雨,阵雨,25,16,东北风,≤3级,东北风,≤3级,night
2015-04-07 20:05:00,航天大道,7、未按规定让行的 ,负全部责任,不负责任,1,贵AC5462,黑,1,贵FBB554,黑,新天驾校,-1,2012/4/9 0:00,-1,夏利牌,别克牌,364548000000000000 ,366069000000000000 ,197308,199101,20,1,4,工作日,非高峰,2015-04-07,2015年4月7日,小雨 /小雨,9℃ / 5℃,东北风 ≤3级 /东北风 ≤3级,小雨,小雨,9,5,东北风,≤3级,东北风,≤3级,night
2015-05-17 07:45:00,杨家山,7、未按规定让行的 ,负全部责任,不负责任,1,贵A8BF88,白,1,川EAT734,红,（乌当区）新天驾驶培训有限公司,-1,2008/7/7 0:00,-1,五菱牌,-1,366347000000000000 ,354366000000000000 ,198206,197406,7,6,5,周末,早高峰(7-9点),2015-05-17,2015年5月17日,阵雨 /雷阵雨,25℃ / 17℃,东北风 ≤3级 /南风 ≤3级,阵雨,雷阵雨,25,17,东北风,≤3级,南风,≤3级,day
2015-03-06 09:30:00,五医,8、依法应负全责的其他情形,负全部责任,不负责任,0,贵A0813U,红,0,贵A5082C,红,新天驾校,路路达驾校,2011/11/18 0:00,2014/8/4 0:00,金杯牌,海马牌,366668000000000000 ,364558000000000000 ,198402,198702,9,4,3,工作日,早高峰(7-9点),2015-03-06,2015年3月6日,小雨 /小雨,5℃ / 3℃,东北风 ≤3级 /东北风 ≤3级,小雨,小雨,5,3,东北风,≤3级,东北风,≤3级,day
2015-02-13 15:00:00,小河,8、依法应负全责的其他情形,负全部责任,不负责任,1,贵ALK334,黑色,0,贵GM2500,黑色,（乌当区）新天驾驶培训有限公司,自培,2006/6/7 0:00,2004/12/30 0:00,丰田牌,福特牌,364547000000000000 ,364548000000000000 ,196702,198001,15,4,2,工作日,非高峰,2015-02-13,2015年2月13日,多云 /阵雨,17℃ / 8℃,南风 ≤3级 /南风 ≤3级,多云,阵雨,17,8,南风,≤3级,南风,≤3级,day
2015-04-22 10:00:00,贵惠大道,1、追尾的,负全部责任,不负责任,1,贵AEN091,白色,1,贵A29D54,白色,（乌当区）新天驾驶培训有限公司,自培,2006/9/7 0:00,2001/9/25 0:00,丰田牌,-1,366363000000000000 ,366068000000000000 ,198710,198110,10,2,4,工作日,非高峰,2015-04-22,2015年4月22日,小雨 /小雨,15℃ / 10℃,东北风 ≤3级 /东北风 ≤3级,小雨,小雨,15,10,东北风,≤3级,东北风,≤3级,day
2015-02-27 10:30:00,林城东路,1、追尾的,负全部责任,不负责任,1,贵4A445警,黑,1,贵AYJ539,白,（乌当区）新天驾驶培训有限公司,自培,2006/1/5 0:00,2012/3/8 0:00,-1,丰田牌,364547000000000000 ,364557000000000000 ,196012,199210,10,4,2,工作日,非高峰,2015-02-27,2015年2月27日,多云 /阵雨,21℃ / 5℃,南风 ≤3级 /南风 ≤3级,多云,阵雨,21,5,南风,≤3级,南风,≤3级,day
2015-03-25 21:00:00,延安路,1、追尾的,负全部责任,不负责任,1,贵AKY721,黑,1,贵A4CC72,黑,（乌当区）新天驾驶培训有限公司,-1,2006/4/25 0:00,-1,奥迪牌,雪佛兰牌,364547000000000000 ,366646000000000000 ,196506,199105,21,2,3,工作日,非高峰,2015-03-25,2015年3月25日,阴 /阵雨,14℃ / 9℃,东北风 ≤3级 /东北风 ≤3级,阴,阵雨,14,9,东北风,≤3级,东北风,≤3级,night
2015-05-29 07:50:00,花溪乡村路,7、未按规定让行的 ,负全部责任,不负责任,1,贵A26751,白,1,贵G32179,黑,（乌当区）新天驾驶培训有限公司,（乌当区）新天驾驶培训有限公司,2008/3/12 0:00,2008/3/12 0:00,中联牌,-1,364557000000000000 ,364557000000000000 ,197503,197503,7,4,5,工作日,早高峰(7-9点),2015-05-29,2015年5月29日,阵雨 /阵雨,24℃ / 17℃,东南风 ≤3级 /东北风 ≤3级,阵雨,阵雨,24,17,东南风,≤3级,东北风,≤3级,day
2015-04-16 06:45:00,机场路,1、追尾的,负全部责任,不负责任,1,京PX2N87,白,1,贵GT4723,银,（乌当区）新天驾驶培训有限公司,景宏驾校,2005/2/5 0:00,2011/2/28 0:00,尼桑牌,奥迪,364568000000000000 ,364558000000000000 ,198505,198909,6,3,4,工作日,非高峰,2015-04-16,2015年4月16日,多云 /多云,29℃ / 17℃,南风 ≤3级 /南风 ≤3级,多云,多云,29,17,南风,≤3级,南风,≤3级,day
2015-05-11 03:30:00,鑫中路,1、追尾的,负全部责任,不负责任,1,贵AE5602,黑,1,贵A61716,蓝,（乌当区）新天驾驶培训有限公司,-1,2004/12/14 0:00,-1,嘉陵牌,欧曼牌,35556051214668357X,366067000000000000 ,196902,197608,3,0,5,工作日,非高峰,2015-05-11,2015年5月11日,多云 /多云,24℃ / 13℃,东北风 ≤3级 /东北风 ≤3级,多云,多云,24,13,东北风,≤3级,东北风,≤3级,night
2015-05-01 19:40:00,白云区,3、倒车的,负全部责任,不负责任,1,贵CDT395,黑,1,贵A4359E,黄,（乌当区）新天驾驶培训有限公司,路路达驾校,2007/6/21 0:00,2013/3/4 0:00,-1,吉利美日牌,61442500000000000 ,366368000000000000 ,198005,197609,19,4,5,工作日,晚高峰(17-19点),2015-05-01,2015年5月1日,阵雨 /多云,25℃ / 14℃,东南风 ≤3级 /东北风 ≤3级,阵雨,多云,25,14,东南风,≤3级,东北风,≤3级,day
2015-03-13 15:00:00,茶店,8、依法应负全责的其他情形,负全部责任,不负责任,1,贵FP2911,白,1,贵AU4131,绿,新天驾校,自培,2012/4/1 0:00,2006/7/26 0:00,雪佛兰牌,桑塔纳牌,366046000000000000 ,366876000000000000 ,198403,197103,15,4,3,工作日,非高峰,2015-03-13,2015年3月13日,多云 /阵雨,17℃ / 12℃,南风 ≤3级 /南风 ≤3级,多云,阵雨,17,12,南风,≤3级,南风,≤3级,day
2015-02-08 20:50:00,枣山路,7、未按规定让行的 ,负全部责任,不负责任,0,贵AAW943,蓝,1,贵A98N17,黄,自培,自培,2005/12/1 0:00,2001/6/12 0:00,东风雪铁龙牌,骊威牌,366876000000000000 ,364548000000000000 ,197410,198212,20,6,2,周末,非高峰,2015-02-08,2015年2月8日,阴 /阴,7℃ / 3℃,东北风 ≤3级 /南风 ≤3级,阴,阴,7,3,东北风,≤3级,南风,≤3级,night
2015-03-09 08:55:00,乌当,1、追尾的,负全部责任,不负责任,1,贵AA8234,银,1,贵CJS615,银,新天驾校,520116,2011/12/27 0:00,2008/5/5 0:00,别克牌,吉利牌,366068000000000000 ,366567000000000000 ,198406,198109,8,0,3,工作日,早高峰(7-9点),2015-03-09,2015年3月9日,小雨 /小雨,10℃ / 5℃,东北风 ≤3级 /东北风 ≤3级,小雨,小雨,10,5,东北风,≤3级,东北风,≤3级,day
2015-04-20 02:30:00,花溪区,8、依法应负全责的其他情形,负全部责任,不负责任,1,贵ABF913,白色,1,贵A39843,白色,新天驾校,贵大驾校,2010/9/20 0:00,2012/3/27 0:00,丰田牌,东南,355468000000000000 ,364556000000000000 ,199006,199308,2,0,4,工作日,非高峰,2015-04-20,2015年4月20日,阴 /阴,20℃ / 11℃,东北风 ≤3级 /东北风 ≤3级,阴,阴,20,11,东北风,≤3级,东北风,≤3级,night
2015-05-01 13:15:00,转弯塘,8、依法应负全责的其他情形,负全部责任,不负责任,1,贵A86K85,黑,1,贵A47N24,红,新天驾校,新华驾校,2011/3/2 0:00,2013/3/8 0:00,大众汽车牌,宝马牌,366347000000000000 ,366876000000000000 ,198103,198703,13,4,5,工作日,非高峰,2015-05-01,2015年5月1日,阵雨 /多云,25℃ / 14℃,东南风 ≤3级 /东北风 ≤3级,阵雨,多云,25,14,东南风,≤3级,东北风,≤3级,day
2015-05-28 21:00:00,八匹马,8、依法应负全责的其他情形,负全部责任,不负责任,1,贵JW8882,白,0,贵A18F19,黑,新天驾校,贵州省长安驾驶培训学校,2010/9/20 0:00,2014/5/5 0:00,-1,奥迪牌,54166500000000000 ,74040500000000000 ,197811,196405,21,3,5,工作日,非高峰,2015-05-28,2015年5月28日,多云 /雷阵雨,29℃ / 19℃,南风 ≤3级 /东南风 ≤3级,多云,雷阵雨,29,19,南风,≤3级,东南风,≤3级,night
2015-03-07 18:05:00,后坝,1、追尾的,负全部责任,不负责任,1,贵FP1137,黑,0,贵CLD684,白,新天驾校,十一驾驶培训有限公司,2012/9/24 0:00,2014/6/20 0:00,传祺牌,五菱牌,366061000000000000 ,366569000000000000 ,197508,198703,18,5,3,工作日,晚高峰(17-19点),2015-03-07,2015年3月7日,阴 /小雨,10℃ / 5℃,东风 ≤3级 /东南风 ≤3级,阴,小雨,10,5,东风,≤3级,东南风,≤3级,day
2015-04-02 16:30:00,化工路,1、追尾的,负全部责任,不负责任,1,贵A5733W,白,0,贵AEM436,白,新天驾校,贵州现代驾驶培训责任有限公司,2012/12/19 0:00,2013/5/13 0:00,长城牌,北京现代牌,364557000000000000 ,364557000000000000 ,198409,199101,16,3,4,工作日,非高峰,2015-04-02,2015年4月2日,多云 /多云,30℃ / 18℃,南风 ≤3级 /南风 ≤3级,多云,多云,30,18,南风,≤3级,南风,≤3级,day
2015-05-13 18:30:00,龙泉苑街,1、追尾的,负全部责任,不负责任,1,贵FP1137,黑,1,贵AN3584,黑,新天驾校,自培,2012/9/24 0:00,2003/3/30 0:00,传祺牌,大众汽车牌,366061000000000000 ,366367000000000000 ,197508,195812,18,2,5,工作日,晚高峰(17-19点),2015-05-13,2015年5月13日,多云 /阵雨,26℃ / 19℃,东南风 ≤3级 /东南风 ≤3级,多云,阵雨,26,19,东南风,≤3级,东南风,≤3级,day
2015-04-02 20:30:00,东山路,7、未按规定让行的 ,负全部责任,不负责任,1,贵DR5797,白,1,贵AFP197,白,自培,公安内部,2011/11/16 0:00,2006/4/3 0:00,吉利全球鹰牌,解放牌,364567000000000000 ,366566000000000000 ,199310,196906,20,3,4,工作日,非高峰,2015-04-02,2015年4月2日,多云 /多云,30℃ / 18℃,南风 ≤3级 /南风 ≤3级,多云,多云,30,18,南风,≤3级,南风,≤3级,night
2015-05-04 08:00:00,花溪大道,8、依法应负全责的其他情形,负全部责任,不负责任,1,贵GP9737,白色,1,贵JDZ825,白色,长运驾校,铁二局驾校,2012/9/25 0:00,2014/10/30 0:00,-1,-1,366067000000000000 ,364556000000000000 ,198809,198607,8,0,5,工作日,早高峰(7-9点),2015-05-04,2015年5月4日,阵雨 /阵雨,20℃ / 14℃,东北风 ≤3级 /东北风 ≤3级,阵雨,阵雨,20,14,东北风,≤3级,东北风,≤3级,day
2015-02-04 09:00:00,新华路,7、未按规定让行的 ,负同等责任,负同等责任,1,贵A68C55,黑色,1,贵AU1522,白色,长运驾校,长运驾校,2012/9/14 0:00,2006/1/23 0:00,海马牌,嘉陵牌,364548000000000000 ,366577000000000000 ,197701,197209,9,2,2,工作日,早高峰(7-9点),2015-02-04,2015年2月4日,小雨 /小雨,4℃ / 0℃,东北风 ≤3级 /东北风 ≤3级,小雨,小雨,4,0,东北风,≤3级,东北风,≤3级,day
2015-03-11 17:04:00,黔林西路,8、依法应负全责的其他情形,负全部责任,不负责任,0,贵ATF798,红,1,贵ADD112,银,新天驾校,自培,2014/9/22 0:00,2001/10/16 0:00,凯马牌,夏利牌,364557000000000000 ,364558000000000000 ,197202,197104,17,2,3,工作日,晚高峰(17-19点),2015-03-11,2015年3月11日,阴 /小雨,8℃ / 4℃,东北风 ≤3级 /东北风 ≤3级,阴,小雨,8,4,东北风,≤3级,东北风,≤3级,day
2015-03-31 09:15:00,白云区,7、未按规定让行的 ,负全部责任,不负责任,1,贵A25P58,银,0,贵ASL918,蓝,长运驾校,自培,2014/8/12 0:00,2004/6/6 0:00,别克昂科雷,起亚,364557000000000000 ,36454651254753407X,197206,196103,9,1,3,工作日,早高峰(7-9点),2015-03-31,2015年3月31日,多云 /多云,28℃ / 19℃,南风 ≤3级 /南风 ≤3级,多云,多云,28,19,南风,≤3级,南风,≤3级,day
2015-02-10 12:05:00,观水路,8、依法应负全责的其他情形,负全部责任,不负责任,1,贵AFA899,黑,1,贵AWY719,蓝,长运驾校,自培,2014/7/27 0:00,2010/1/26 0:00,海马牌,东风日产牌,366347000000000000 ,366064000000000000 ,198104,196810,12,1,2,工作日,非高峰,2015-02-10,2015年2月10日,小雨 /小雨,6℃ / 3℃,东北风 ≤3级 /东风 ≤3级,小雨,小雨,6,3,东北风,≤3级,东风,≤3级,day
2015-04-24 09:10:00,小河平桥,1、追尾的,负全部责任,不负责任,1,贵A0105Y,白色,1,贵ATG742,白色,（南明区）长运驾驶培训有限公司,520118,2009/9/11 0:00,2007/11/8 0:00,长安牌,捷达,364556000000000000 ,364556000000000000 ,198909,198105,9,4,4,工作日,早高峰(7-9点),2015-04-24,2015年4月24日,阴 /小雨,16℃ / 11℃,东风 ≤3级 /东风 ≤3级,阴,小雨,16,11,东风,≤3级,东风,≤3级,day
2015-05-13 11:55:00,湘雅村,3、倒车的,负全部责任,不负责任,0,贵ALF657,蓝,1,贵AEP324,红,长运驾校,520101,2013/5/31 0:00,2010/2/11 0:00,东风牌,豪情牌,364548000000000000 ,364547000000000000 ,199206,198908,11,2,5,工作日,非高峰,2015-05-13,2015年5月13日,多云 /阵雨,26℃ / 19℃,东南风 ≤3级 /东南风 ≤3级,多云,阵雨,26,19,东南风,≤3级,东南风,≤3级,day
2015-03-16 10:15:00,海马冲,1、追尾的,负全部责任,不负责任,1,贵GGB258,银,1,贵AUA469,蓝,长运驾校,黔南州173驾驶学校,2014/12/16 0:00,2009/1/15 0:00,比亚迪牌,丰田牌,364548000000000000 ,366876000000000000 ,198808,198507,10,0,3,工作日,非高峰,2015-03-16,2015年3月16日,阴 /多云,20℃ / 15℃,南风 ≤3级 /南风 ≤3级,阴,多云,20,15,南风,≤3级,南风,≤3级,day
2015-05-14 15:12:00,苗圃一号隧道,1、追尾的,负全部责任,不负责任,1,贵A8472M,蓝,1,贵GT1568,黑,长运驾校,-1,2012/9/25 0:00,-1,长城牌,-1,364548000000000000 ,364557000000000 ,196305,791017,15,3,5,工作日,非高峰,2015-05-14,2015年5月14日,多云 /雷阵雨,27℃ / 20℃,东南风 ≤3级 /南风 ≤3级,多云,雷阵雨,27,20,东南风,≤3级,南风,≤3级,day
2015-02-15 15:30:00,大营坡,8、依法应负全责的其他情形,负全部责任,不负责任,1,贵A49J91,黑,1,云AU955H,蓝,长运驾校,全林驾校,2013/10/22 0:00,2014/12/29 0:00,马自达牌,奇瑞牌,366367000000000000 ,364547000000000000 ,198410,197102,15,6,2,周末,非高峰,2015-02-15,2015年2月15日,多云 /阴,19℃ / 8℃,南风 ≤3级 /东北风 ≤3级,多云,阴,19,8,南风,≤3级,东北风,≤3级,day
2015-05-08 11:00:00,香江路,7、未按规定让行的 ,负全部责任,不负责任,1,贵A3084A,白色,1,贵AN6792,白色,长运驾校,-1,2015/2/2 0:00,-1,速腾牌,帕萨特牌,36676251834346446X,36454651285458606X,197505,196710,11,4,5,工作日,非高峰,2015-05-08,2015年5月8日,阵雨 /多云,25℃ / 15℃,东南风 ≤3级 /东北风 ≤3级,阵雨,多云,25,15,东南风,≤3级,东北风,≤3级,day
2015-03-12 08:15:00,新世界,1、追尾的,负全部责任,不负责任,1,贵A6784C,银,1,贵ANV162,银,（南明区）长运驾驶培训有限公司,-1,2005/2/2 0:00,-1,长安牌,红旗牌,364647000000000000 ,36464751214849496X,198010,196907,8,3,3,工作日,早高峰(7-9点),2015-03-12,2015年3月12日,多云 /多云,16℃ / 10℃,南风 ≤3级 /南风 ≤3级,多云,多云,16,10,南风,≤3级,南风,≤3级,day
2015-04-24 13:00:00,新世界,1、追尾的,负全部责任,不负责任,1,贵A3757N,银,1,贵A0AU52,银,（南明区）长运驾驶培训有限公司,贵州晨运驾驶培训学校,2004/12/23 0:00,2008/1/31 0:00,长安牌,宝马牌,366367000000000000 ,364548000000000000 ,198107,198410,13,4,4,工作日,非高峰,2015-04-24,2015年4月24日,阴 /小雨,16℃ / 11℃,东风 ≤3级 /东风 ≤3级,阴,小雨,16,11,东风,≤3级,东风,≤3级,day
2015-04-29 09:50:00,花果园,7、未按规定让行的 ,负全部责任,不负责任,1,贵A8H581,白,1,贵AJQ764,黄,长运驾校,-1,2014/9/18 0:00,-1,长城牌,福克斯牌,364556000000000000 ,364547000000000000 ,197002,197906,9,2,4,工作日,早高峰(7-9点),2015-04-29,2015年4月29日,阵雨 /阵雨,26℃ / 16℃,东北风 ≤3级 /东南风 ≤3级,阵雨,阵雨,26,16,东北风,≤3级,东南风,≤3级,day
2015-02-06 16:20:00,长岭南路,7、未按规定让行的 ,负全部责任,不负责任,1,贵AL9707,银,1,闽C944A5,白,长运驾校,预约考试窗口,2013/5/31 0:00,2006/8/16 0:00,宗隆牌,\N,366067000000000000 ,36636051974949095X,198704,198308,16,4,2,工作日,非高峰,2015-02-06,2015年2月6日,多云 /小雨,9℃ / 2℃,南风 ≤3级 /南风 ≤3级,多云,小雨,9,2,南风,≤3级,南风,≤3级,day