accidenttime,accidentaddr,driver1fault,driver1responsibility,driver2responsibility,sex1,platenumber1,carcolor1,sex2,platenumber2,carcolor2,jxmc1,jxmc2,cclzrq1,cclzrq2,clpp1,clpp2,driver1license,driver2license,brith1,brith2,hour,weekday,month,is_weekday,peak_hour,date,日期,天气状况,气温,风力风向,day_wea,night_wea,day_tep,night_tep,day_wind_direction,day_wind_speed,night_wind_direction,night_wind_speed,segment
2015-05-19 08:30:00,金朱东路,1、追尾的,负全部责任,不负责任,1,贵BRO527,红,1,贵ALL771,蓝,长运驾校,四川省长征机动车驾驶员培训学校有限公司,2012/2/17 0:00,2006/7/17 0:00,-1,长安牌,364648000000000000 ,344557000000000000 ,197201,198603,8,1,5,工作日,早高峰(7-9点),2015-05-19,2015年5月19日,阵雨 /大雨,25℃ / 18℃,东北风 ≤3级 /南风 ≤3级,阵雨,大雨,25,18,东北风,≤3级,南风,≤3级,day
2015-03-12 22:43:00,紫林庵,8、依法应负全责的其他情形,负全部责任,不负责任,1,贵CKN117,红,1,贵A2G476,白,长运驾校,时法驾校,2014/5/19 0:00,-1,华泰牌,-1,366577000000000000 ,366569000000000000 ,198903,198710,22,3,3,工作日,非高峰,2015-03-12,2015年3月12日,多云 /多云,16℃ / 10℃,南风 ≤3级 /南风 ≤3级,多云,多云,16,10,南风,≤3级,南风,≤3级,night
2015-03-30 15:00:00,大营坡,7、未按规定让行的 ,负全部责任,不负责任,1,贵AB278Y,红,1,琼AFY372,白,长运驾校,-1,2014/6/16 0:00,-1,海马牌,大众牌,366570000000000000 ,36657600000000000 ,198809,195207,15,0,3,工作日,非高峰,2015-03-30,2015年3月30日,晴 /多云,24℃ / 17℃,南风 ≤3级 /南风 ≤3级,晴,多云,24,17,南风,≤3级,南风,≤3级,day
2015-02-27 11:00:00,太慈桥,7、未按规定让行的 ,负全部责任,不负责任,1,贵G6598,银,1,贵A43424,银,（南明区）长运驾驶培训有限公司,自培,2005/1/7 0:00,2003/8/19 0:00,北京牌,捷达,364548000000000000 ,364547000000000000 ,196211,198011,11,4,2,工作日,非高峰,2015-02-27,2015年2月27日,多云 /阵雨,21℃ / 5℃,南风 ≤3级 /南风 ≤3级,多云,阵雨,21,5,南风,≤3级,南风,≤3级,day
2015-04-04 11:40:00,甲秀南路,1、追尾的,负全部责任,不负责任,1,贵GV2113,白色,1,贵AL8197,白色,长运驾校,自培,2014/9/18 0:00,2003/5/16 0:00,福特牌,先风牌,364558000000000000 ,354677000000000000 ,198906,196610,11,5,4,工作日,非高峰,2015-04-04,2015年4月4日,多云 /多云,29℃ / 18℃,南风 ≤3级 /南风 ≤3级,多云,多云,29,18,南风,≤3级,南风,≤3级,day
2015-03-20 20:10:00,白云区,3、倒车的,负全部责任,不负责任,1,贵GGD399,银,1,贵A43033,蓝,路路达驾校,520106,2013/12/11 0:00,2009/8/13 0:00,别克牌,东风,366068000000000000 ,364558000000000000 ,199505,198802,20,4,3,工作日,非高峰,2015-03-20,2015年3月20日,阴 /阵雨,14℃ / 10℃,东北风 ≤3级 /东北风 ≤3级,阴,阵雨,14,10,东北风,≤3级,东北风,≤3级,night
2015-03-08 18:30:00,白云南路,7、未按规定让行的 ,负全部责任,不负责任,1,贵AA856Y,红,1,贵A2054K,黑,路路达驾校,路路达驾校,2014/1/14 0:00,2013/11/13 0:00,朗风牌,大众牌,36606051154254625X,364557000000000000 ,199106,199504,18,6,3,周末,晚高峰(17-19点),2015-03-08,2015年3月8日,小雨 /阴,11℃ / 6℃,东北风 ≤3级 /东北风 ≤3级,小雨,阴,11,6,东北风,≤3级,东北风,≤3级,day
2015-04-17 17:11:00,朝阳路,8、依法应负全责的其他情形,负全部责任,不负责任,1,贵A9290X,红,1,渝C7K194,黑 ,路路达驾校,-1,2014/1/14 0:00,-1,豪情牌,途锐,364558000000000000 ,354662000000000000 ,198803,196806,17,4,4,工作日,晚高峰(17-19点),2015-04-17,2015年4月17日,多云 /多云,28℃ / 19℃,南风 ≤3级 /南风 ≤3级,多云,多云,28,19,南风,≤3级,南风,≤3级,day
2015-02-03 20:30:00,北二环,1、追尾的,负全部责任,不负责任,1,贵A9454S,黑,1,贵A35K83,蓝,路路达驾校,新华驾校,2014/2/11 0:00,2011/12/5 0:00,五菱牌,雪佛兰牌,364558000000000000 ,36455751145445525X,198602,199010,20,1,2,工作日,非高峰,2015-02-03,2015年2月3日,小雨 /小雨,6℃ / 1℃,东北风 ≤3级 /东北风 ≤3级,小雨,小雨,6,1,东北风,≤3级,东北风,≤3级,night
2015-03-12 17:00:00,白云区,7、未按规定让行的 ,负全部责任,不负责任,0,贵AB034C,银,1,贵A0452B,银,（白云区）路路达驾驶培训有限公司,消防驾校,2015/2/9 0:00,2012/11/10 0:00,吉利牌,比亚迪牌,366361000000000000 ,364558000000000000 ,197712,198001,17,3,3,工作日,晚高峰(17-19点),2015-03-12,2015年3月12日,多云 /多云,16℃ / 10℃,南风 ≤3级 /南风 ≤3级,多云,多云,16,10,南风,≤3级,南风,≤3级,day
2015-05-08 10:52:00,百花湖,1、追尾的,负全部责任,不负责任,1,贵GV1615,黑,1,贵A91074,黄,自培,吉源驾校,2013/4/2 0:00,2014/12/1 0:00,-1,陕汽牌,364596000000000000 ,364557000000000000 ,199012,198306,10,4,5,工作日,非高峰,2015-05-08,2015年5月8日,阵雨 /多云,25℃ / 15℃,东南风 ≤3级 /东北风 ≤3级,阵雨,多云,25,15,东南风,≤3级,东北风,≤3级,day
2015-03-22 17:30:00,长岭北路,7、未按规定让行的 ,负全部责任,不负责任,0,贵A4092T,黑,1,贵A456F9,红,路路达驾校,消防驾校,2013/5/29 0:00,2011/1/7 0:00,大众牌,炎龙牌,364557000000000000 ,366068000000000000 ,197710,198906,17,6,3,周末,晚高峰(17-19点),2015-03-22,2015年3月22日,阵雨 /阵雨,19℃ / 10℃,东南风 ≤3级 /东风 ≤3级,阵雨,阵雨,19,10,东南风,≤3级,东风,≤3级,day
2015-02-06 14:30:00,西南家具城,7、未按规定让行的 ,负全部责任,不负责任,1,贵ABN304,银,1,贵AK6997,白,路路达驾校,消防驾校,2014/3/4 0:00,2013/7/1 0:00,五菱牌,丰田牌,366569000000000000 ,364558000000000000 ,197401,199403,14,4,2,工作日,非高峰,2015-02-06,2015年2月6日,多云 /小雨,9℃ / 2℃,南风 ≤3级 /南风 ≤3级,多云,小雨,9,2,南风,≤3级,南风,≤3级,day
2015-05-14 09:06:00,白金大道,8、依法应负全责的其他情形,负全部责任,不负责任,1,贵FP5793,红,1,贵FN9682,红,自培,预约考试窗口,2012/12/19 0:00,2006/4/7 0:00,-1,-1,366067000000000000 ,366068000000000000 ,198704,197108,9,3,5,工作日,早高峰(7-9点),2015-05-14,2015年5月14日,多云 /雷阵雨,27℃ / 20℃,东南风 ≤3级 /南风 ≤3级,多云,雷阵雨,27,20,东南风,≤3级,南风,≤3级,day
2015-03-12 17:30:00,白云区,7、未按规定让行的 ,负全部责任,不负责任,0,贵AB034C,银,1,贵A04521,银,（白云区）路路达驾驶培训有限公司,消防驾校,2015/2/9 0:00,2012/11/10 0:00,吉利牌,东南,366361000000000000 ,364558000000000000 ,197712,198001,17,3,3,工作日,晚高峰(17-19点),2015-03-12,2015年3月12日,多云 /多云,16℃ / 10℃,南风 ≤3级 /南风 ≤3级,多云,多云,16,10,南风,≤3级,南风,≤3级,day
2015-04-26 19:30:00,百花湖,3、倒车的,负全部责任,不负责任,1,贵A1170A,银,1,贵A18M21,黑,路路达驾校,-1,2015/2/3 0:00,-1,五菱牌,梅赛德斯-奔驰,36455651914245766X,364557000000000000 ,198906,199001,19,6,4,周末,晚高峰(17-19点),2015-04-26,2015年4月26日,阵雨 /阵雨,18℃ / 14℃,东南风 ≤3级 /东北风 ≤3级,阵雨,阵雨,18,14,东南风,≤3级,东北风,≤3级,day
2015-05-08 10:57:00,云潭南路,8、依法应负全责的其他情形,负全部责任,不负责任,0,贵AA978M,红,1,贵A047A7,蓝,路路达驾校（白云区）,-1,2015/5/7 0:00,-1,丰田牌,福田牌,366876000000000000 ,674646000000000 ,198408,581227,10,4,5,工作日,非高峰,2015-05-08,2015年5月8日,阵雨 /多云,25℃ / 15℃,东南风 ≤3级 /东北风 ≤3级,阵雨,多云,25,15,东南风,≤3级,东北风,≤3级,day
2015-04-11 14:00:00,金朱东路,8、依法应负全责的其他情形,负全部责任,不负责任,1,贵A98K76,黑,1,贵AA337H,银,路路达驾校,铁二局驾校,2014/4/1 0:00,2012/10/19 0:00,东风雪铁龙牌,五菱牌,355268000000000000 ,364566000000000000 ,198502,198709,14,5,4,工作日,非高峰,2015-04-11,2015年4月11日,多云 /多云,15℃ / 9℃,东北风 ≤3级 /东风 ≤3级,多云,多云,15,9,东北风,≤3级,东风,≤3级,day
2015-04-10 15:00:00,黎阳家园,8、依法应负全责的其他情形,负全部责任,不负责任,1,贵A6004J,银,1,鄂L3N724,银,路路达驾校,-1,2014/6/19 0:00,-1,五菱牌,\N,364556000000000000 ,66760500000000000 ,196210,198604,15,4,4,工作日,非高峰,2015-04-10,2015年4月10日,小雨 /小雨,12℃ / 8℃,东北风 ≤3级 /东北风 ≤3级,小雨,小雨,12,8,东北风,≤3级,东北风,≤3级,day
2015-04-22 07:15:00,立交桥,1、追尾的,负全部责任,不负责任,1,贵A7385W,银,1,贵A6212P,银,路路达驾校,-1,2014/6/19 0:00,-1,五菱牌,东风牌,366061000000000000 ,366068000000000000 ,196411,198610,7,2,4,工作日,早高峰(7-9点),2015-04-22,2015年4月22日,小雨 /小雨,15℃ / 10℃,东北风 ≤3级 /东北风 ≤3级,小雨,小雨,15,10,东北风,≤3级,东北风,≤3级,day
2015-05-04 13:30:00,花果园立交,7、未按规定让行的 ,负全部责任,不负责任,1,贵A9AT41,白色,1,贵BA4424,白色,（南明区）金大驾驶培训有限公司,-1,2005/11/4 0:00,-1,纳智捷牌,-1,364547000000000000 ,364648000000000000 ,198408,196511,13,0,5,工作日,非高峰,2015-05-04,2015年5月4日,阵雨 /阵雨,20℃ / 14℃,东北风 ≤3级 /东北风 ≤3级,阵雨,阵雨,20,14,东北风,≤3级,东北风,≤3级,day
2015-04-27 08:00:00,瑞北路,1、追尾的,负全部责任,不负责任,1,贵AU0782,蓝,1,贵APL949,黄,（南明区）金大驾驶培训有限公司,520101,2005/7/19 0:00,2011/7/18 0:00,恒通客车牌,比亚迪牌,366770000000000000 ,36656551874268648X,197510,197306,8,0,4,工作日,早高峰(7-9点),2015-04-27,2015年4月27日,阴 /雷阵雨,21℃ / 14℃,东南风 ≤3级 /东北风 ≤3级,阴,雷阵雨,21,14,东南风,≤3级,东北风,≤3级,day
2015-04-29 15:30:00,云峰大道,7、未按规定让行的 ,负全部责任,不负责任,1,贵A5EB49,白,1,贵AU7462,绿,（南明区）金大驾驶培训有限公司,自培,2007/6/26 0:00,2012/11/15 0:00,哈弗牌,大阳牌,366347000000000000 ,366061000000000000 ,198311,199001,15,2,4,工作日,非高峰,2015-04-29,2015年4月29日,阵雨 /阵雨,26℃ / 16℃,东北风 ≤3级 /东南风 ≤3级,阵雨,阵雨,26,16,东北风,≤3级,东南风,≤3级,day
2015-03-02 04:00:00,花溪,1、追尾的,负全部责任,不负责任,1,贵A47Y79,白色,1,贵ABK971,白色,（南明区）金大驾驶培训有限公司,鑫鑫驾校（花溪区）,2007/10/15 0:00,2004/2/27 0:00,丰田,东风标致牌,364648000000000000 ,366577000000000000 ,198005,198310,4,0,3,工作日,非高峰,2015-03-02,2015年3月2日,阴 /小雨,9℃ / 2℃,东北风 ≤3级 /东北风 ≤3级,阴,小雨,9,2,东北风,≤3级,东北风,≤3级,night
2015-03-07 16:00:00,大南门,7、未按规定让行的 ,负全部责任,不负责任,1,贵ANW677,蓝色,1,贵GP9244,白色,（南明区）金大驾驶培训有限公司,金大驾校,2008/6/10 0:00,2013/10/16 0:00,翼虎牌,长安牌,364547000000000000 ,354364000000000000 ,197204,198311,16,5,3,工作日,非高峰,2015-03-07,2015年3月7日,阴 /小雨,10℃ / 5℃,东风 ≤3级 /东南风 ≤3级,阴,小雨,10,5,东风,≤3级,东南风,≤3级,day
2015-03-22 16:50:00,观山东路,7、未按规定让行的 ,负全部责任,不负责任,1,贵AAH046,黑,1,贵GM6343,红,（南明区）金大驾驶培训有限公司,文通驾校,2008/12/17 0:00,2013/5/8 0:00,明锐牌,梅赛德斯—奔驰,364548000000000000 ,364547000000000000 ,196411,198101,16,6,3,周末,非高峰,2015-03-22,2015年3月22日,阵雨 /阵雨,19℃ / 10℃,东南风 ≤3级 /东风 ≤3级,阵雨,阵雨,19,10,东南风,≤3级,东风,≤3级,day
2015-04-19 11:33:00,头桥,7、未按规定让行的 ,负全部责任,不负责任,1,贵A3AU26,白,1,贵A27447,红,（南明区）金大驾驶培训有限公司,人武驾校,2008/3/24 0:00,-1,广汽菲亚特牌,三一牌,36636651974759443X,366570000000000000 ,198303,197501,11,6,4,周末,非高峰,2015-04-19,2015年4月19日,阵雨 /阵雨,22℃ / 13℃,东北风 ≤3级 /东北风 ≤3级,阵雨,阵雨,22,13,东北风,≤3级,东北风,≤3级,day
2015-05-12 14:00:00,苗圃隧道,7、未按规定让行的 ,负全部责任,不负责任,1,贵ALK099,白,1,贵A88L11,红,（南明区）金大驾驶培训有限公司,铁二局驾校（南明区）,2010/2/5 0:00,2015/3/17 0:00,金杯牌,奥迪牌,355266000000000000 ,364548000000000000 ,199012,197012,14,1,5,工作日,非高峰,2015-05-12,2015年5月12日,阴 /雷阵雨,24℃ / 13℃,南风 ≤3级 /南风 ≤3级,阴,雷阵雨,24,13,南风,≤3级,南风,≤3级,day
2015-05-02 16:00:00,二桥,7、未按规定让行的 ,负全部责任,不负责任,0,贵AK6813,蓝,1,贵CCA113,白,金大驾校,-1,2012/9/19 0:00,-1,起亚牌,-1,364547000000000000 ,364744000000 ,198908,48004,16,5,5,工作日,非高峰,2015-05-02,2015年5月2日,多云 /阵雨,26℃ / 16℃,东北风 ≤3级 /东风 ≤3级,多云,阵雨,26,16,东北风,≤3级,东风,≤3级,day
2015-03-06 02:00:00,八公里,3、倒车的,负全部责任,不负责任,1,贵ARX285,白色,1,贵ATU347,白色,金大驾校,520118,2012/3/18 0:00,2008/11/24 0:00,解放牌,丰田牌,364596000000000000 ,736261000000000000 ,198711,197811,2,4,3,工作日,非高峰,2015-03-06,2015年3月6日,小雨 /小雨,5℃ / 3℃,东北风 ≤3级 /东北风 ≤3级,小雨,小雨,5,3,东北风,≤3级,东北风,≤3级,night
2015-05-26 11:30:00,南垭路,1、追尾的,负全部责任,不负责任,1,贵ATB192,黑,1,贵A59J97,白,（南明区）金大驾驶培训有限公司,-1,2005/2/18 0:00,-1,东风牌,宝骏牌,364558000000000000 ,366063000000000000 ,197512,198604,11,1,5,工作日,非高峰,2015-05-26,2015年5月26日,阵雨 /雷阵雨,26℃ / 20℃,东南风 ≤3级 /东北风 ≤3级,阵雨,雷阵雨,26,20,东南风,≤3级,东北风,≤3级,day
2015-03-08 13:40:00,太慈桥,1、追尾的,负全部责任,不负责任,1,贵A8846,银,1,贵A2321C,白,（南明区）金大驾驶培训有限公司,-1,2005/6/29 0:00,-1,吉利牌,东风牌,366347000000000000 ,366662000000000000 ,198204,199402,13,6,3,周末,非高峰,2015-03-08,2015年3月8日,小雨 /阴,11℃ / 6℃,东北风 ≤3级 /东北风 ≤3级,小雨,阴,11,6,东北风,≤3级,东北风,≤3级,day
2015-03-05 14:00:00,头桥 ,7、未按规定让行的 ,负全部责任,不负责任,1,贵ADX672,红,1,贵AHX826,黑,（南明区）金大驾驶培训有限公司,贵州省长安驾驶培训学校,2006/5/10 0:00,2012/11/21 0:00,长安牌,比亚迪牌,366067000000000000 ,364557000000000000 ,197402,198907,14,3,3,工作日,非高峰,2015-03-05,2015年3月5日,小雨 /小雨,4℃ / 1℃,东北风 ≤3级 /东北风 ≤3级,小雨,小雨,4,1,东北风,≤3级,东北风,≤3级,day
2015-03-05 21:00:00,大营坡,7、未按规定让行的 ,负全部责任,不负责任,1,贵AU2297,白色,1,贵GT7780,白色,（南明区）金大驾驶培训有限公司,-1,2007/8/10 0:00,-1,宝来牌,福特牌,364547000000000000 ,36606351144357597X,198803,199005,21,3,3,工作日,非高峰,2015-03-05,2015年3月5日,小雨 /小雨,4℃ / 1℃,东北风 ≤3级 /东北风 ≤3级,小雨,小雨,4,1,东北风,≤3级,东北风,≤3级,night
2015-05-15 21:40:00,云潭大桥,1、追尾的,负全部责任,不负责任,0,贵AS5951,黄,1,贵AGN081,黑,（南明区）金大驾驶培训有限公司,自培,2008/5/26 0:00,2004/4/13 0:00,银河牌,比亚迪牌,364556000000000000 ,355464000000000000 ,198902,198503,21,4,5,工作日,非高峰,2015-05-15,2015年5月15日,阵雨 /阵雨,25℃ / 16℃,东北风 ≤3级 /东北风 ≤3级,阵雨,阵雨,25,16,东北风,≤3级,东北风,≤3级,night
2015-04-19 23:30:00,花溪大道,7、未按规定让行的 ,负全部责任,不负责任,1,贵GS9168,白色,1,贵A3737A,白色,（南明区）金大驾驶培训有限公司,贵州省长安驾驶培训学校,2010/4/26 0:00,2014/11/25 0:00,长安牌,长安牌,364548000000000000 ,366669000000000000 ,198807,199007,23,6,4,周末,非高峰,2015-04-19,2015年4月19日,阵雨 /阵雨,22℃ / 13℃,东北风 ≤3级 /东北风 ≤3级,阵雨,阵雨,22,13,东北风,≤3级,东北风,≤3级,night
2015-05-23 15:30:00,西二环,7、未按规定让行的 ,负全部责任,不负责任,1,贵AA400K,红,0,贵GT7315,红,（南明区）金大驾驶培训有限公司,自培,2007/9/29 0:00,2004/5/13 0:00,长安牌,-1,366067000000000000 ,364548000000000000 ,198103,197307,15,5,5,工作日,非高峰,2015-05-23,2015年5月23日,阵雨 /阴,19℃ / 14℃,东北风 ≤3级 /东北风 ≤3级,阵雨,阴,19,14,东北风,≤3级,东北风,≤3级,day
2015-03-11 21:00:00,蜀黔物流,7、未按规定让行的 ,负全部责任,不负责任,1,贵A414D8,白,1,贵GP5375,白,（南明区）金大驾驶培训有限公司,贵阳金马驾驶培训有限公司,2010/10/14 0:00,2013/11/5 0:00,江淮牌,东风牌,364596000000000000 ,74365500000000000 ,198806,199203,21,2,3,工作日,非高峰,2015-03-11,2015年3月11日,阴 /小雨,8℃ / 4℃,东北风 ≤3级 /东北风 ≤3级,阴,小雨,8,4,东北风,≤3级,东北风,≤3级,night
2015-05-26 16:00:00,沙冲路,1、追尾的,负全部责任,不负责任,1,贵HPK692,白色,1,贵HAC779,白色,金大驾校,铁二局驾校,2013/10/16 0:00,2010/2/8 0:00,-1,-1,364547000000000000 ,366876000000000000 ,199402,198707,16,1,5,工作日,非高峰,2015-05-26,2015年5月26日,阵雨 /雷阵雨,26℃ / 20℃,东南风 ≤3级 /东北风 ≤3级,阵雨,雷阵雨,26,20,东南风,≤3级,东北风,≤3级,day
2015-04-08 09:30:00,花果园,7、未按规定让行的 ,负全部责任,不负责任,1,贵A0BA93,银,0,贵A3H678,红,贵阳学院汽车驾驶培训,吉源驾校,2010/4/7 0:00,2013/8/5 0:00,吉利牌,-1,364596000000000000 ,344547000000000000 ,199010,198910,9,2,4,工作日,早高峰(7-9点),2015-04-08,2015年4月8日,小雨 /小雨,10℃ / 6℃,东北风 ≤3级 /东北风 ≤3级,小雨,小雨,10,6,东北风,≤3级,东北风,≤3级,day
2015-05-02 11:30:00,延安西路,7、未按规定让行的 ,负全部责任,不负责任,1,贵AU5289,白色,1,贵AU1267,白色,（南明区）贵阳学院驾驶培训学校,-1,2009/11/16 0:00,-1,捷达牌,瑞麒牌,364547000000000000 ,536761000000000000 ,198012,197109,11,5,5,工作日,非高峰,2015-05-02,2015年5月2日,多云 /阵雨,26℃ / 16℃,东北风 ≤3级 /东风 ≤3级,多云,阵雨,26,16,东北风,≤3级,东风,≤3级,day
2015-04-09 07:30:00,市北路,7、未按规定让行的 ,负全部责任,不负责任,1,贵AC4423,蓝,1,贵A81M64,红,（南明区）阳光驾驶培训有限公司,蓝天驾校,2004/12/30 0:00,2014/11/10 0:00,隆鑫牌,北京现代牌,366846000000000000 ,364548000000000000 ,197108,198308,7,3,4,工作日,早高峰(7-9点),2015-04-09,2015年4月9日,阴 /小雨,11℃ / 7℃,东北风 ≤3级 /东北风 ≤3级,阴,小雨,11,7,东北风,≤3级,东北风,≤3级,day
2015-05-25 15:00:00,小河,1、追尾的,负全部责任,不负责任,1,贵HAR877,白色,1,贵A0BA04,白色,（南明区）阳光驾驶培训有限公司,520125,2005/11/3 0:00,2010/1/29 0:00,-1,飞度牌,366566000000000000 ,364548000000000000 ,198705,198604,15,0,5,工作日,非高峰,2015-05-25,2015年5月25日,多云 /阵雨,26℃ / 19℃,东南风 ≤3级 /东南风 ≤3级,多云,阵雨,26,19,东南风,≤3级,东南风,≤3级,day
2015-04-05 20:00:00,龙洞堡老街,1、追尾的,负全部责任,不负责任,1,贵A7593B,白色,1,贵A60826,白色,贵阳学院汽车驾驶培训,自培,2011/12/13 0:00,2001/10/17 0:00,金杯牌,劲隆,36459551934866365X,364547000000000000 ,198507,197801,20,6,4,周末,非高峰,2015-04-05,2015年4月5日,阴 /阵雨,30℃ / 12℃,南风 ≤3级 /东北风 ≤3级,阴,阵雨,30,12,南风,≤3级,东北风,≤3级,night
2015-05-30 19:00:00,西二环,7、未按规定让行的 ,负全部责任,不负责任,1,贵A723J7,白色,1,贵AE387F,黑色,（南明区）阳光驾驶培训有限公司,全林驾校,2008/3/25 0:00,2010/7/27 0:00,豪沃牌,-1,355468000000000000 ,366361000000000000 ,197303,198311,19,5,5,工作日,晚高峰(17-19点),2015-05-30,2015年5月30日,阵雨 /阵雨,23℃ / 17℃,东北风 ≤3级 /东风 ≤3级,阵雨,阵雨,23,17,东北风,≤3级,东风,≤3级,day
2015-04-24 08:00:00,清溪路,7、未按规定让行的 ,负全部责任,不负责任,1,贵A6587L,白色,1,贵A01291,白色,自培,-1,2005/11/3 0:00,-1,比亚迪牌,桑塔纳,364556000000000000 ,36686800000000000 ,198102,198107,8,4,4,工作日,早高峰(7-9点),2015-04-24,2015年4月24日,阴 /小雨,16℃ / 11℃,东风 ≤3级 /东风 ≤3级,阴,小雨,16,11,东风,≤3级,东风,≤3级,day
2015-03-01 12:30:00,小河,7、未按规定让行的 ,负全部责任,不负责任,1,贵AMX762,白色,1,贵AH60B,白色,（南明区）阳光驾驶培训有限公司,贵州平安驾驶培训学校,2005/1/25 0:00,2011/4/28 0:00,东风牌,-1,354567000000000000 ,366067000000000000 ,196409,199110,12,6,3,周末,非高峰,2015-03-01,2015年3月1日,阴 /阴,9℃ / 3℃,东风 ≤3级 /南风 ≤3级,阴,阴,9,3,东风,≤3级,南风,≤3级,day
2015-02-05 00:00:00,望城坡,7、未按规定让行的 ,负全部责任,不负责任,1,贵A69Z27,白色,1,贵AG7366,白色,阳光驾校,-1,2014/9/2 0:00,-1,江淮牌,英菲尼迪牌,364547000000000000 ,364547000000000 ,197912,660418,0,3,2,工作日,非高峰,2015-02-05,2015年2月5日,阴 /阴,3℃ / 0℃,东北风 ≤3级 /东北风 ≤3级,阴,阴,3,0,东北风,≤3级,东北风,≤3级,night
2015-03-24 15:13:00,改茶路,8、依法应负全责的其他情形,负全部责任,不负责任,1,贵E72777,黑,1,贵CS8123,黑,阳光驾校,新华驾校,2012/7/24 0:00,2012/2/13 0:00,大众汽车牌,丰田牌,364547000000000000 ,74366500000000000 ,199205,199106,15,1,3,工作日,非高峰,2015-03-24,2015年3月24日,小雨 /阵雨,13℃ / 7℃,东北风 ≤3级 /东北风 ≤3级,小雨,阵雨,13,7,东北风,≤3级,东北风,≤3级,day
2015-04-24 18:40:00,护国路,7、未按规定让行的 ,负全部责任,不负责任,0,贵A28K49,银,1,贵JK4554,蓝,阳光驾校,黔南州兴鑫驾驶员培训学校,2011/11/1 0:00,-1,丰田牌,长城牌,366367000000000000 ,366846000000000000 ,198203,198002,18,4,4,工作日,晚高峰(17-19点),2015-04-24,2015年4月24日,阴 /小雨,16℃ / 11℃,东风 ≤3级 /东风 ≤3级,阴,小雨,16,11,东风,≤3级,东风,≤3级,day
2015-03-06 14:10:00,东二环,7、未按规定让行的 ,负全部责任,不负责任,1,贵A42H77,白,1,贵A26Z78,黑,（南明区）阳光驾驶培训有限公司,大地驾校,2006/4/17 0:00,2005/1/11 0:00,马自达牌,梅赛德斯-奔驰牌,364548000000000000 ,364547000000000000 ,198209,198601,14,4,3,工作日,非高峰,2015-03-06,2015年3月6日,小雨 /小雨,5℃ / 3℃,东北风 ≤3级 /东北风 ≤3级,小雨,小雨,5,3,东北风,≤3级,东北风,≤3级,day
2015-03-26 21:30:00,东二环,7、未按规定让行的 ,负全部责任,不负责任,1,贵AB386V,白色,1,贵L98182,白色,（南明区）阳光驾驶培训有限公司,金春驾校威宁分校,2008/3/25 0:00,-1,梅赛德斯-奔驰牌,-1,36454751915666095X,366069000000000000 ,198912,198310,21,3,3,工作日,非高峰,2015-03-26,2015年3月26日,阴 /阵雨,17℃ / 12℃,南风 ≤3级 /南风 ≤3级,阴,阵雨,17,12,南风,≤3级,南风,≤3级,night
2015-02-11 15:00:00,甘荫塘,1、追尾的,负全部责任,不负责任,1,贵AK5339,白色,1,贵AR2542,白色,（南明区）阳光驾驶培训有限公司,自培,2006/6/7 0:00,1994/6/12 0:00,东宏牌,圣火神牌,364548000000000000 ,364547000000000000 ,196706,196108,15,2,2,工作日,非高峰,2015-02-11,2015年2月11日,多云 /多云,11℃ / 3℃,东风 ≤3级 /东北风 ≤3级,多云,多云,11,3,东风,≤3级,东北风,≤3级,day
2015-05-30 18:31:00,新添立交,3、倒车的,负全部责任,不负责任,1,贵AD5416,红,1,贵JBS936,红,阳光驾校,全林驾校,2013/5/21 0:00,2014/8/5 0:00,长安,-1,344661000000000000 ,364557000000000000 ,199410,198101,18,5,5,工作日,晚高峰(17-19点),2015-05-30,2015年5月30日,阵雨 /阵雨,23℃ / 17℃,东北风 ≤3级 /东风 ≤3级,阵雨,阵雨,23,17,东北风,≤3级,东风,≤3级,day
2015-05-14 17:00:00,五里冲,7、未按规定让行的 ,负全部责任,不负责任,1,贵A82R33,白色,1,贵FL8002,白色,（南明区）阳光驾驶培训有限公司,预约考试窗口,2004/12/3 0:00,2007/6/25 0:00,奇瑞牌,-1,364548000000000000 ,364596000000000000 ,196702,198109,17,3,5,工作日,晚高峰(17-19点),2015-05-14,2015年5月14日,多云 /雷阵雨,27℃ / 20℃,东南风 ≤3级 /南风 ≤3级,多云,雷阵雨,27,20,东南风,≤3级,南风,≤3级,day
2015-02-08 13:00:00,山水黔城门口,7、未按规定让行的 ,负全部责任,不负责任,1,贵A4P75Y,黑色,1,贵A02235,白色,（南明区）阳光驾驶培训有限公司,预约考试窗口,2009/8/31 0:00,2007/6/18 0:00,-1,宇通牌,36455551834550605X,344669000000000000 ,197501,198903,13,6,2,周末,非高峰,2015-02-08,2015年2月8日,阴 /阴,7℃ / 3℃,东北风 ≤3级 /南风 ≤3级,阴,阴,7,3,东北风,≤3级,南风,≤3级,day
2015-05-06 08:40:00,盐务街,3、倒车的,负全部责任,不负责任,1,贵A58H75,白,0,贵A3BZ59,黑,阳光驾校,自培,2014/12/5 0:00,2005/11/30 0:00,东风标致牌,比亚迪牌,364547000000000000 ,07566851904264445X,196812,198406,8,2,5,工作日,早高峰(7-9点),2015-05-06,2015年5月6日,多云 /多云,25℃ / 16℃,东北风 ≤3级 /南风 ≤3级,多云,多云,25,16,东北风,≤3级,南风,≤3级,day
2015-05-06 08:40:00,盐务街,8、依法应负全责的其他情形,负全部责任,不负责任,1,贵A58H75,黑,0,贵A3BZ59,红,阳光驾校,自培,2014/12/5 0:00,2005/11/30 0:00,东风标致牌,比亚迪牌,364547000000000000 ,07566851904264445X,196812,198406,8,2,5,工作日,早高峰(7-9点),2015-05-06,2015年5月6日,多云 /多云,25℃ / 16℃,东北风 ≤3级 /南风 ≤3级,多云,多云,25,16,东北风,≤3级,南风,≤3级,day