accidenttime,accidentaddr,driver1fault,driver1responsibility,driver2responsibility,sex1,platenumber1,carcolor1,sex2,platenumber2,carcolor2,jxmc1,jxmc2,cclzrq1,cclzrq2,clpp1,clpp2,driver1license,driver2license,brith1,brith2,hour,weekday,month,is_weekday,peak_hour,date,日期,天气状况,气温,风力风向,day_wea,night_wea,day_tep,night_tep,day_wind_direction,day_wind_speed,night_wind_direction,night_wind_speed,segment
2015-04-12 16:30:00,白云区,7、未按规定让行的 ,负全部责任,不负责任,1,贵AA732F,红,1,川QCX323,白,人武驾校,-1,2013/6/13 0:00,-1,东风标致牌,东风日产牌 ,364551000000000000 ,356369000000000000 ,198211,197105,16,6,4,周末,非高峰,2015-04-12,2015年4月12日,晴 /多云,21℃ / 7℃,东风 ≤3级 /东风 ≤3级,晴,多云,21,7,东风,≤3级,东风,≤3级,day
2015-02-04 15:00:00,小河转盘,7、未按规定让行的 ,负全部责任,不负责任,1,贵AKJ336,白色,1,贵AB204C,白色,人武驾校,自培,2013/8/21 0:00,2010/12/10 0:00,颐达牌,荣威,366566000000000000 ,364548000000000000 ,199401,198308,15,2,2,工作日,非高峰,2015-02-04,2015年2月4日,小雨 /小雨,4℃ / 0℃,东北风 ≤3级 /东北风 ≤3级,小雨,小雨,4,0,东北风,≤3级,东北风,≤3级,day
2015-02-12 12:30:00,新添大道公安局对面,1、追尾的,负全部责任,不负责任,1,贵AB660H,红,1,贵AU4919,绿,路顺驾校,无,2014/11/17 0:00,2001/9/17 0:00,吉利牌,捷达牌,354661000000000000 ,366569000000000000 ,195707,197111,12,3,2,工作日,非高峰,2015-02-12,2015年2月12日,多云 /多云,15℃ / 5℃,南风 ≤3级 /南风 ≤3级,多云,多云,15,5,南风,≤3级,南风,≤3级,day
2015-03-12 14:00:00,三桥,8、依法应负全责的其他情形,负全部责任,不负责任,1,贵A75P84,银,1,贵A343E8,银,阳光驾校,预约考试窗口,2014/10/20 0:00,2006/11/28 0:00,吉利美日牌,华神牌,364551000000000000 ,364558000000000000 ,198504,198111,14,3,3,工作日,非高峰,2015-03-12,2015年3月12日,多云 /多云,16℃ / 10℃,南风 ≤3级 /南风 ≤3级,多云,多云,16,10,南风,≤3级,南风,≤3级,day
2015-02-09 11:20:00,大营坡,1、追尾的,负全部责任,不负责任,1,贵AB3711,蓝,1,贵DBM154,黑,人武驾校,-1,2013/2/28 0:00,-1,钱江牌,科雷傲,364556000000000000 ,366666000000000000 ,199312,198009,11,0,2,工作日,非高峰,2015-02-09,2015年2月9日,阴 /小雨,6℃ / 4℃,东北风 ≤3级 /东北风 ≤3级,阴,小雨,6,4,东北风,≤3级,东北风,≤3级,day
2015-05-17 17:00:00,二桥,7、未按规定让行的 ,负全部责任,不负责任,1,贵A2N609,白,0,贵AK3177,黑,路顺驾校,-1,2014/11/14 0:00,-1,-1,雅阁牌,364567000000000000 ,5616050000000000 ,199210,197110,17,6,5,周末,晚高峰(17-19点),2015-05-17,2015年5月17日,阵雨 /雷阵雨,25℃ / 17℃,东北风 ≤3级 /南风 ≤3级,阵雨,雷阵雨,25,17,东北风,≤3级,南风,≤3级,day
2015-03-06 13:30:00,贵惠大道,1、追尾的,负全部责任,不负责任,1,贵JAG217,白色,1,贵AA599G,白色,（花溪区）仁武驾驶培训有限公司,市交校,2009/5/12 0:00,2014/12/3 0:00,宗隆牌,吉利美日牌,366864000000000000 ,354867000000000000 ,198708,199302,13,4,3,工作日,非高峰,2015-03-06,2015年3月6日,小雨 /小雨,5℃ / 3℃,东北风 ≤3级 /东北风 ≤3级,小雨,小雨,5,3,东北风,≤3级,东北风,≤3级,day
2015-04-02 17:25:00,星云家电城,1、追尾的,负全部责任,不负责任,0,贵GM2219,银,1,贵GR7417,银,（观山湖区）蓝天驾驶培训有限公司,顺一驾驶培训学校,2006/1/20 0:00,2010/12/13 0:00,大众汽车牌,福克斯牌,366364000000000000 ,364547000000000000 ,196207,198801,17,3,4,工作日,晚高峰(17-19点),2015-04-02,2015年4月2日,多云 /多云,30℃ / 18℃,南风 ≤3级 /南风 ≤3级,多云,多云,30,18,南风,≤3级,南风,≤3级,day
2015-02-12 15:00:00,金阳世纪城,7、未按规定让行的 ,负全部责任,不负责任,1,贵GL5014,黄,1,贵AKW973,蓝,（观山湖区）蓝天驾驶培训有限公司,520136,2005/3/18 0:00,2009/12/24 0:00,福克斯牌,长安牌,364557000000000000 ,364557000000000000 ,196903,198603,15,3,2,工作日,非高峰,2015-02-12,2015年2月12日,多云 /多云,15℃ / 5℃,南风 ≤3级 /南风 ≤3级,多云,多云,15,5,南风,≤3级,南风,≤3级,day
2015-02-09 09:56:00,客车站,7、未按规定让行的 ,负全部责任,不负责任,1,贵A67113,蓝,1,贵ASL349,银,（观山湖区）蓝天驾驶培训有限公司,-1,2008/12/22 0:00,-1,川路,丰田牌,366868000000000000 ,3561655184662251X,198808,197022,9,0,2,工作日,早高峰(7-9点),2015-02-09,2015年2月9日,阴 /小雨,6℃ / 4℃,东北风 ≤3级 /东北风 ≤3级,阴,小雨,6,4,东北风,≤3级,东北风,≤3级,day
2015-04-21 17:10:00,新添寨,7、未按规定让行的 ,负全部责任,不负责任,1,贵AN0847,黑,1,贵GP1771,银,（观山湖区）蓝天驾驶培训有限公司,-1,2008/1/28 0:00,-1,华鹰牌,东风日产牌,364548000000000000 ,356170000000000000 ,197310,197202,17,1,4,工作日,晚高峰(17-19点),2015-04-21,2015年4月21日,阴 /阵雨,17℃ / 10℃,东北风 ≤3级 /东北风 ≤3级,阴,阵雨,17,10,东北风,≤3级,东北风,≤3级,day
2015-05-22 17:00:00,遵义路,7、未按规定让行的 ,负全部责任,不负责任,1,贵ACT317,黑色,1,贵AU7807,白色,（观山湖区）蓝天驾驶培训有限公司,-1,2006/3/31 0:00,-1,雅阁牌,本田牌,354669000000000000 ,356166000000000000 ,196712,177008,17,4,5,工作日,晚高峰(17-19点),2015-05-22,2015年5月22日,阵雨 /阵雨,19℃ / 14℃,东风 ≤3级 /东风 ≤3级,阵雨,阵雨,19,14,东风,≤3级,东风,≤3级,day
2015-05-11 08:00:00,碧海花园,7、未按规定让行的 ,负同等责任,负同等责任,1,贵A11W18,黑,1,贵GM3293,黑,（观山湖区）蓝天驾驶培训有限公司,（观山湖区）蓝天驾驶培训有限公司,2010/6/13 0:00,2010/9/29 0:00,奥迪牌,-1,366367000000000000 ,364557000000000000 ,197901,197510,8,0,5,工作日,早高峰(7-9点),2015-05-11,2015年5月11日,多云 /多云,24℃ / 13℃,东北风 ≤3级 /东北风 ≤3级,多云,多云,24,13,东北风,≤3级,东北风,≤3级,day
2015-04-02 12:10:00,万东桥,8、依法应负全责的其他情形,负全部责任,不负责任,0,贵AXA861,黄,1,贵A71W14,红,自培,-1,2008/4/18 0:00,-1,大众牌,吉普,36454751924363405X,366875000000000000 ,198605,198512,12,3,4,工作日,非高峰,2015-04-02,2015年4月2日,多云 /多云,30℃ / 18℃,南风 ≤3级 /南风 ≤3级,多云,多云,30,18,南风,≤3级,南风,≤3级,day
2015-03-23 14:00:00,花果园,1、追尾的,负全部责任,不负责任,1,贵A7837M,白色,1,贵AN1425,白色,蓝天驾校,预约考试窗口,2012/5/9 0:00,2007/8/17 0:00,长安牌,先风牌,364556000000000000 ,366064000000000000 ,198112,198410,14,0,3,工作日,非高峰,2015-03-23,2015年3月23日,多云 /阴,17℃ / 9℃,东北风 ≤3级 /东北风 ≤3级,多云,阴,17,9,东北风,≤3级,东北风,≤3级,day
2015-05-04 08:10:00,金融中心,8、依法应负全责的其他情形,负全部责任,不负责任,1,贵A0919L,白,0,贵AB857Y,白,蓝天驾校,贵工驾校,2011/11/14 0:00,2014/7/19 0:00,奥迪,菲亚特,364557000000000000 ,364596000000000000 ,197504,199101,8,0,5,工作日,早高峰(7-9点),2015-05-04,2015年5月4日,阵雨 /阵雨,20℃ / 14℃,东北风 ≤3级 /东北风 ≤3级,阵雨,阵雨,20,14,东北风,≤3级,东北风,≤3级,day
2015-05-28 09:48:00,北京东路,1、追尾的,负全部责任,不负责任,1,贵A7772G,白,1,贵A68A81,白,蓝天驾校,520102,2011/12/14 0:00,2007/11/23 0:00,五菱牌,三菱牌,366061000000000000 ,786167000000000000 ,197810,198907,9,3,5,工作日,早高峰(7-9点),2015-05-28,2015年5月28日,多云 /雷阵雨,29℃ / 19℃,南风 ≤3级 /东南风 ≤3级,多云,雷阵雨,29,19,南风,≤3级,东南风,≤3级,day
2015-04-15 17:00:00,沙坡,1、追尾的,负全部责任,不负责任,1,贵A047E9,黄,1,贵A7821E,蓝,蓝天驾校,智杰驾校,2011/11/7 0:00,2013/4/25 0:00,江铃牌,马自达牌,366770000000000000 ,36626351945458585X,197108,198010,17,2,4,工作日,晚高峰(17-19点),2015-04-15,2015年4月15日,多云 /多云,24℃ / 16℃,东南风 ≤3级 /南风 ≤3级,多云,多云,24,16,东南风,≤3级,南风,≤3级,day
2015-03-06 18:06:00,服务大楼,1、追尾的,负全部责任,不负责任,1,贵AB939L,白色,1,临贵A8E286,白色,蓝天驾校,铁二局驾校,2012/3/29 0:00,2012/5/24 0:00,雪佛兰牌,-1,366347000000000000 ,355667000000000000 ,197601,197911,18,4,3,工作日,晚高峰(17-19点),2015-03-06,2015年3月6日,小雨 /小雨,5℃ / 3℃,东北风 ≤3级 /东北风 ≤3级,小雨,小雨,5,3,东北风,≤3级,东北风,≤3级,day
2015-04-16 08:00:00,南湖路,8、依法应负全责的其他情形,负全部责任,不负责任,1,贵A4836R,白,1,川A9B2557,黑,蓝天驾校,-1,2014/7/20 0:00,-1,五菱牌,-1,364558000000000000 ,355267000000000000 ,196004,198812,8,3,4,工作日,早高峰(7-9点),2015-04-16,2015年4月16日,多云 /多云,29℃ / 17℃,南风 ≤3级 /南风 ≤3级,多云,多云,29,17,南风,≤3级,南风,≤3级,day
2015-03-04 07:30:00,西南商贸城,9、不符合前8款规定或者双方同时具有上述情形的,负同等责任,负同等责任,1,贵A4P142,银,1,贵A8440Z,银,（观山湖区）蓝天驾驶培训有限公司,-1,2004/11/30 0:00,-1,-1,五菱牌,364557000000000000 ,36455951164641005X,198312,199202,7,2,3,工作日,早高峰(7-9点),2015-03-04,2015年3月4日,小雨 /小雨,6℃ / 1℃,东北风 ≤3级 /东北风 ≤3级,小雨,小雨,6,1,东北风,≤3级,东北风,≤3级,day
2015-04-08 13:00:00,长岭南路,7、未按规定让行的 ,负全部责任,不负责任,1,贵AAP149,白,1,贵JBQ778,银,蓝天驾校,自培,2012/9/7 0:00,2002/7/15 0:00,五菱牌,东风牌,65568500000000000 ,366876000000000000 ,199012,196409,13,2,4,工作日,非高峰,2015-04-08,2015年4月8日,小雨 /小雨,10℃ / 6℃,东北风 ≤3级 /东北风 ≤3级,小雨,小雨,10,6,东北风,≤3级,东北风,≤3级,day
2015-02-05 13:00:00,金阳南路,1、追尾的,负全部责任,不负责任,1,贵A0BW13,白,1,贵BAM993,红,蓝天驾校,-1,2014/12/1 0:00,-1,起亚牌,力帆牌,364566000000000000 ,364648000000000000 ,198510,198004,13,3,2,工作日,非高峰,2015-02-05,2015年2月5日,阴 /阴,3℃ / 0℃,东北风 ≤3级 /东北风 ≤3级,阴,阴,3,0,东北风,≤3级,东北风,≤3级,day
2015-05-30 15:00:00,未来方舟,9、不符合前8款规定或者双方同时具有上述情形的,负同等责任,负同等责任,1,贵A7CE38,白色,1,贵A23A56,白色,蓝天驾校,顺一驾驶培训学校,2013/8/6 0:00,2011/4/13 0:00,奥迪牌,长安牌,364548000000000000 ,356668000000000000 ,198711,197310,15,5,5,工作日,非高峰,2015-05-30,2015年5月30日,阵雨 /阵雨,23℃ / 17℃,东北风 ≤3级 /东风 ≤3级,阵雨,阵雨,23,17,东北风,≤3级,东风,≤3级,day
2015-05-20 08:50:00,白金大道,7、未按规定让行的 ,负全部责任,不负责任,0,贵ATJ797,白,1,粤A935M2,黑,蓝天驾校,-1,2012/12/24 0:00,-1,大众汽车牌,-1,366369000000000000 ,4556510000000000 ,198404,196908,8,2,5,工作日,早高峰(7-9点),2015-05-20,2015年5月20日,阴 /阵雨,23℃ / 17℃,东北风 ≤3级 /东北风 ≤3级,阴,阵雨,23,17,东北风,≤3级,东北风,≤3级,day
2015-02-15 14:30:00,兰州路,9、不符合前8款规定或者双方同时具有上述情形的,负同等责任,负同等责任,1,贵A43116,绿,0,贵A33Z38,黄,蓝天驾校,铁二局驾校,2009/12/17 0:00,2012/1/17 0:00,港田,大众汽车牌,366670000000000000 ,36454751804151090X,196808,197409,14,6,2,周末,非高峰,2015-02-15,2015年2月15日,多云 /阴,19℃ / 8℃,南风 ≤3级 /东北风 ≤3级,多云,阴,19,8,南风,≤3级,东北风,≤3级,day
2015-05-27 10:15:00,火车北站,3、倒车的,负全部责任,不负责任,1,贵AU1286,黄,1,贵A91V56,黑,（观山湖区）蓝天驾驶培训有限公司,520130,2006/11/10 0:00,2008/7/9 0:00,望江牌,大众牌,356168000000000000 ,364556000000000000 ,197012,198801,10,2,5,工作日,非高峰,2015-05-27,2015年5月27日,阴 /阵雨,26℃ / 20℃,南风 ≤3级 /东北风 ≤3级,阴,阵雨,26,20,南风,≤3级,东北风,≤3级,day
2015-04-15 09:00:00,蟠桃宫,1、追尾的,负全部责任,不负责任,1,贵AES662,黄,1,贵AAU424,黑,（观山湖区）蓝天驾驶培训有限公司,520101,2007/4/26 0:00,2009/11/24 0:00,福特牌,昌河牌,366068000000000000 ,364547000000000000 ,197711,197709,9,2,4,工作日,早高峰(7-9点),2015-04-15,2015年4月15日,多云 /多云,24℃ / 16℃,东南风 ≤3级 /南风 ≤3级,多云,多云,24,16,东南风,≤3级,南风,≤3级,day
2015-03-04 21:40:00,望城坡,7、未按规定让行的 ,负全部责任,不负责任,0,贵A37C36,红,0, 贵A7EA23,银,蓝天驾校,自培,2012/11/12 0:00,2004/8/23 0:00,福克斯牌,-1,364548000000000000 ,364547000000000000 ,198703,197112,21,2,3,工作日,非高峰,2015-03-04,2015年3月4日,小雨 /小雨,6℃ / 1℃,东北风 ≤3级 /东北风 ≤3级,小雨,小雨,6,1,东北风,≤3级,东北风,≤3级,night
2015-03-29 14:30:00,后坝,7、未按规定让行的 ,负全部责任,不负责任,1,贵A21131,银,1,贵AFX542,黄,（观山湖区）蓝天驾驶培训有限公司,贵州晨运驾驶培训学校,-1,2006/6/9 0:00,宝来,马自达牌,354654000000000000 ,364547000000000000 ,198011,198707,14,6,3,周末,非高峰,2015-03-29,2015年3月29日,阴 /多云,18℃ / 15℃,东风 ≤3级 /南风 ≤3级,阴,多云,18,15,东风,≤3级,南风,≤3级,day
2015-04-03 08:30:00,金清路,8、依法应负全责的其他情形,负全部责任,不负责任,1,贵AEH947,白,1,川R35185,黑,（观山湖区）蓝天驾驶培训有限公司,-1,2009/9/10 0:00,-1,轩逸牌,-1,36454751264947765X,356169000000000000 ,196208,197412,8,4,4,工作日,早高峰(7-9点),2015-04-03,2015年4月3日,多云 /多云,30℃ / 19℃,南风 ≤3级 /南风 ≤3级,多云,多云,30,19,南风,≤3级,南风,≤3级,day
2015-03-05 12:00:00,北二环,7、未按规定让行的 ,负全部责任,不负责任,1,贵JX8887,黑,1,贵A74N33,黑,（观山湖区）蓝天驾驶培训有限公司,金大驾校（南明区）,2006/8/4 0:00,2004/6/29 0:00,传祺牌,奥迪,364548000000000000 ,364548000000000000 ,197505,197508,12,3,3,工作日,非高峰,2015-03-05,2015年3月5日,小雨 /小雨,4℃ / 1℃,东北风 ≤3级 /东北风 ≤3级,小雨,小雨,4,1,东北风,≤3级,东北风,≤3级,day
2015-03-27 14:00:00,冒沙井,7、未按规定让行的 ,负全部责任,不负责任,1,贵AF0192,银,1,贵AJ8174,银,（观山湖区）蓝天驾驶培训有限公司,-1,2006/8/4 0:00,-1,轻骑牌,帕萨特牌,364548000000000000 ,364548000000000000 ,197505,197508,14,4,3,工作日,非高峰,2015-03-27,2015年3月27日,阵雨 /阵雨,18℃ / 13℃,南风 ≤3级 /南风 ≤3级,阵雨,阵雨,18,13,南风,≤3级,南风,≤3级,day
2015-04-22 09:30:00,北二环,7、未按规定让行的 ,负全部责任,不负责任,1,贵A33C42,白,1,贵GT9498,银,（观山湖区）蓝天驾驶培训有限公司,金大驾校（南明区）,2006/8/4 0:00,2004/6/29 0:00,锋范牌,中豪牌,364548000000000000 ,364548000000000000 ,197505,197508,9,2,4,工作日,早高峰(7-9点),2015-04-22,2015年4月22日,小雨 /小雨,15℃ / 10℃,东北风 ≤3级 /东北风 ≤3级,小雨,小雨,15,10,东北风,≤3级,东北风,≤3级,day
2015-04-13 11:00:00,黑石头,1、追尾的,负全部责任,不负责任,1,贵APN111,黑,1,贵A5261B,黑,蓝天驾校,-1,2011/12/26 0:00,-1,大众汽车牌,奥德赛牌,364547000000000000 ,35467000000000000 ,199011,192091,11,0,4,工作日,非高峰,2015-04-13,2015年4月13日,晴 /多云,23℃ / 8℃,东北风 ≤3级 /东北风 ≤3级,晴,多云,23,8,东北风,≤3级,东北风,≤3级,day
2015-05-09 02:10:00,新添大道,7、未按规定让行的 ,负全部责任,不负责任,1,贵A2596A,黑,1,贵A0595S,黄,蓝天驾校,520134,2012/2/29 0:00,2007/11/22 0:00,野马牌,雪佛兰牌,366367000000000000 ,364548000000000000 ,196807,196811,2,5,5,工作日,非高峰,2015-05-09,2015年5月9日,阵雨 /阵雨,23℃ / 16℃,东北风 ≤3级 /东南风 ≤3级,阵雨,阵雨,23,16,东北风,≤3级,东南风,≤3级,night
2015-04-12 05:00:00,甲秀南路,8、依法应负全责的其他情形,负全部责任,不负责任,1,贵A566J91,白色,1,贵CNW438,白色,蓝天驾校,贵州现代驾驶培训责任有限公司,2012/1/9 0:00,2014/6/26 0:00,-1,吉利牌,36404651904168115X,366577000000000000 ,198409,199210,5,6,4,周末,非高峰,2015-04-12,2015年4月12日,晴 /多云,21℃ / 7℃,东风 ≤3级 /东风 ≤3级,晴,多云,21,7,东风,≤3级,东风,≤3级,night
2015-03-02 19:30:00,沙冲南路,1、追尾的,负全部责任,不负责任,1,贵A7B876,白色,1,贵A44L24,白色,蓝天驾校,顺一驾驶培训学校,2012/1/20 0:00,2012/8/29 0:00,凯迪拉克牌,丰田牌,364551000000000000 ,364646000000000000 ,199101,197907,19,0,3,工作日,晚高峰(17-19点),2015-03-02,2015年3月2日,阴 /小雨,9℃ / 2℃,东北风 ≤3级 /东北风 ≤3级,阴,小雨,9,2,东北风,≤3级,东北风,≤3级,day
2015-05-14 16:00:00,三桥车管所,9、不符合前8款规定或者双方同时具有上述情形的,负同等责任,负同等责任,1,贵ANN546,白色,1,贵A21431,白色,（观山湖区）蓝天驾驶培训有限公司,-1,2010/8/30 0:00,-1,丰田牌,东风牌,74565500000000000 ,366566000000000000 ,197710,198109,16,3,5,工作日,非高峰,2015-05-14,2015年5月14日,多云 /雷阵雨,27℃ / 20℃,东南风 ≤3级 /南风 ≤3级,多云,雷阵雨,27,20,东南风,≤3级,南风,≤3级,day
2015-03-23 11:50:00,省府路,1、追尾的,负全部责任,不负责任,1,临,白色,1,贵AU5535,黑色,（观山湖区）蓝天驾驶培训有限公司,自培,2010/8/30 0:00,1998/4/15 0:00,-1,钱江牌,74565500000000000 ,366567000000000000 ,197710,197002,11,0,3,工作日,非高峰,2015-03-23,2015年3月23日,多云 /阴,17℃ / 9℃,东北风 ≤3级 /东北风 ≤3级,多云,阴,17,9,东北风,≤3级,东北风,≤3级,day
2015-03-02 12:00:00,机场路,3、倒车的,负全部责任,不负责任,1,贵A7009Z,白色,1,贵A28Y17,黑色,蓝天驾校,-1,2014/5/26 0:00,1979/4/19 0:00,福克斯牌,福克斯牌,726647000000000000 ,364547000000000000 ,199411,194910,12,0,3,工作日,非高峰,2015-03-02,2015年3月2日,阴 /小雨,9℃ / 2℃,东北风 ≤3级 /东北风 ≤3级,阴,小雨,9,2,东北风,≤3级,东北风,≤3级,day
2015-04-08 21:40:00,涴沙路,8、依法应负全责的其他情形,负全部责任,不负责任,1,贵A1J371,黄,1,贵AX7601,白,市警校驾校,预约考试窗口,2012/3/8 0:00,2007/7/26 0:00,-1,黄川牌,366063000000000000 ,364556000000000000 ,198507,198504,21,2,4,工作日,非高峰,2015-04-08,2015年4月8日,小雨 /小雨,10℃ / 6℃,东北风 ≤3级 /东北风 ≤3级,小雨,小雨,10,6,东北风,≤3级,东北风,≤3级,night
2015-04-22 09:00:00,花溪,7、未按规定让行的 ,负全部责任,不负责任,0,贵HBH598,白,1,贵A11N82,白,蓝天驾校,520123,2014/11/5 0:00,2009/11/30 0:00,五菱牌,宝马,366364000000000000 ,364548000000000000 ,196601,197301,9,2,4,工作日,早高峰(7-9点),2015-04-22,2015年4月22日,小雨 /小雨,15℃ / 10℃,东北风 ≤3级 /东北风 ≤3级,小雨,小雨,15,10,东北风,≤3级,东北风,≤3级,day
2015-04-03 19:05:00,一大队 ,3、倒车的,负全部责任,不负责任,1,贵A23995,黑,1,贵AX0019,黑,自培,自培,2006/7/5 0:00,2003/1/9 0:00,豪爵牌,海马牌,366347000000000000 ,366367000000000000 ,197704,196908,19,4,4,工作日,晚高峰(17-19点),2015-04-03,2015年4月3日,多云 /多云,30℃ / 19℃,南风 ≤3级 /南风 ≤3级,多云,多云,30,19,南风,≤3级,南风,≤3级,day
2015-04-08 12:09:00,长岭南路,1、追尾的,负全部责任,不负责任,1,贵GP5888,银,1,贵A02173,银,蓝天驾校,自培,2012/5/23 0:00,2007/7/31 0:00,大众汽车牌,捷达,76360500000000000 ,366564000000000000 ,198410,198109,12,2,4,工作日,非高峰,2015-04-08,2015年4月8日,小雨 /小雨,10℃ / 6℃,东北风 ≤3级 /东北风 ≤3级,小雨,小雨,10,6,东北风,≤3级,东北风,≤3级,day
2015-04-28 09:40:00,贵开路,1、追尾的,负全部责任,不负责任,1,贵A9R564,黑,1,贵A35Y95,黑,蓝天驾校（观山湖区）,520102,2015/4/17 0:00,2009/5/7 0:00,东风标致牌,雷克萨斯,366064000000000000 ,366363000000000000 ,197105,198608,9,1,4,工作日,早高峰(7-9点),2015-04-28,2015年4月28日,多云 /多云,25℃ / 15℃,东北风 ≤3级 /东北风 ≤3级,多云,多云,25,15,东北风,≤3级,东北风,≤3级,day
2015-05-08 08:30:00,体育路,8、依法应负全责的其他情形,负全部责任,不负责任,0,贵A52A19,红,1,贵JBS633,红,蓝天驾校,铁二局驾校,2014/10/10 0:00,2012/12/6 0:00,起亚牌,-1,36636751895662740X,366670000000000000 ,197812,197910,8,4,5,工作日,早高峰(7-9点),2015-05-08,2015年5月8日,阵雨 /多云,25℃ / 15℃,东南风 ≤3级 /东北风 ≤3级,阵雨,多云,25,15,东南风,≤3级,东北风,≤3级,day
2015-02-12 14:00:00,花果园,8、依法应负全责的其他情形,负全部责任,不负责任,1,贵A98M58,黄,1,贵AA935M,黑,市警校驾校,鑫鑫驾校,2012/8/6 0:00,2014/1/23 0:00,马自达牌,五菱牌,364648000000000000 ,366563000000000000 ,198612,199005,14,3,2,工作日,非高峰,2015-02-12,2015年2月12日,多云 /多云,15℃ / 5℃,南风 ≤3级 /南风 ≤3级,多云,多云,15,5,南风,≤3级,南风,≤3级,day
2015-03-15 16:00:00,体育馆,7、未按规定让行的 ,负全部责任,不负责任,1,贵A81F56,白色,1,贵FQ8905,黑色,蓝天驾校,贵州贵龙驾校,2014/11/5 0:00,2015/1/19 0:00,沃尔沃,比亚迪牌,364548000000000000 ,366067000000000000 ,197903,197312,16,6,3,周末,非高峰,2015-03-15,2015年3月15日,阴 /阴,18℃ / 13℃,东风 ≤3级 /南风 ≤3级,阴,阴,18,13,东风,≤3级,南风,≤3级,day
2015-04-15 19:05:00,三桥,8、依法应负全责的其他情形,负全部责任,不负责任,1,贵AKM796,黑,1,贵A8BF51,银,蓝天驾校,景宏驾校,2013/10/25 0:00,2012/11/28 0:00,江铃牌,众泰牌,36676051815648365X,35436551874349471X,197912,197305,19,2,4,工作日,晚高峰(17-19点),2015-04-15,2015年4月15日,多云 /多云,24℃ / 16℃,东南风 ≤3级 /南风 ≤3级,多云,多云,24,16,东南风,≤3级,南风,≤3级,day
2015-04-23 17:30:00,金阳南路,1、追尾的,负全部责任,不负责任,1,贵AKN797,银,1,贵GJ5695,红,蓝天驾校,顺一驾驶培训学校,2013/9/26 0:00,2012/9/24 0:00,大众汽车牌,雪佛兰牌,36657451144350866X,364596000000000000 ,199005,198503,17,3,4,工作日,晚高峰(17-19点),2015-04-23,2015年4月23日,阴 /小雨,16℃ / 10℃,东北风 ≤3级 /东北风 ≤3级,阴,小雨,16,10,东北风,≤3级,东北风,≤3级,day
2015-03-25 08:40:00,八匹马,1、追尾的,负全部责任,不负责任,1,贵A4AJ23,红,1,贵A5516B,白,蓝天驾校,路路达驾校,2014/7/16 0:00,2014/1/21 0:00,东风日产牌,北京现代牌,354567000000000000 ,366061000000000000 ,199306,198406,8,2,3,工作日,早高峰(7-9点),2015-03-25,2015年3月25日,阴 /阵雨,14℃ / 9℃,东北风 ≤3级 /东北风 ≤3级,阴,阵雨,14,9,东北风,≤3级,东北风,≤3级,day
2015-02-06 12:40:00,中华路,7、未按规定让行的 ,负全部责任,不负责任,0,贵AUN617,黑,1,贵AU3448,绿,市警校驾校,（南明区）现代驾驶培训有限公司,2012/1/5 0:00,1998/4/30 0:00,五菱,力帆牌,366264000000000000 ,36454751814067765X,196603,197904,12,4,2,工作日,非高峰,2015-02-06,2015年2月6日,多云 /小雨,9℃ / 2℃,南风 ≤3级 /南风 ≤3级,多云,小雨,9,2,南风,≤3级,南风,≤3级,day
2015-04-17 09:00:00,嘉润路,7、未按规定让行的 ,负全部责任,不负责任,1,贵ANG337,白色,1,贵A86G34,白色,自培,自培,2008/11/27 0:00,2010/5/26 0:00,别克牌,奥迪,366566000000000000 ,366069000000000000 ,197511,198101,9,4,4,工作日,早高峰(7-9点),2015-04-17,2015年4月17日,多云 /多云,28℃ / 19℃,南风 ≤3级 /南风 ≤3级,多云,多云,28,19,南风,≤3级,南风,≤3级,day
2015-03-13 15:20:00,沙冲南路,7、未按规定让行的 ,负全部责任,不负责任,1,贵AU5737,白色,1,贵AF3971,白色,市警校驾校,自培,2012/7/3 0:00,2004/5/24 0:00,凌肯牌,钱江牌,364547000000000000 ,64946500000000000 ,197411,197103,15,4,3,工作日,非高峰,2015-03-13,2015年3月13日,多云 /阵雨,17℃ / 12℃,南风 ≤3级 /南风 ≤3级,多云,阵雨,17,12,南风,≤3级,南风,≤3级,day
2015-03-02 09:00:00,野猫井停车厂,3、倒车的,负全部责任,不负责任,1,贵GR3550,白色,1,贵GP9567,黑色,市警校驾校,-1,2013/7/11 0:00,-1,长城牌,江铃全顺牌,364547000000000000 ,354670000000000000 ,199003,198003,9,0,3,工作日,早高峰(7-9点),2015-03-02,2015年3月2日,阴 /小雨,9℃ / 2℃,东北风 ≤3级 /东北风 ≤3级,阴,小雨,9,2,东北风,≤3级,东北风,≤3级,day
2015-04-11 23:20:00,新添寨,3、倒车的,负全部责任,不负责任,1,贵AMR348,银,1,贵A87227,绿,时发驾校,自培,2010/11/26 0:00,1999/4/30 0:00,长安牌,尚酷,366067000000000000 ,364547000000000000 ,198707,196410,23,5,4,工作日,非高峰,2015-04-11,2015年4月11日,多云 /多云,15℃ / 9℃,东北风 ≤3级 /东风 ≤3级,多云,多云,15,9,东北风,≤3级,东风,≤3级,night