accidenttime,accidentaddr,driver1fault,driver1responsibility,driver2responsibility,sex1,platenumber1,carcolor1,sex2,platenumber2,carcolor2,jxmc1,jxmc2,cclzrq1,cclzrq2,clpp1,clpp2,driver1license,driver2license,brith1,brith2,hour,weekday,month,is_weekday,peak_hour,date,日期,天气状况,气温,风力风向,day_wea,night_wea,day_tep,night_tep,day_wind_direction,day_wind_speed,night_wind_direction,night_wind_speed,segment
2015-04-27 04:50:00,花溪大道中段,1、追尾的,负全部责任,不负责任,1,贵AA600U,黑色,1,贵A18X26,白色,时发驾校,自培,2010/11/26 0:00,2008/12/23 0:00,凯迪拉克,丰田牌,366067000000000000 ,364547000000000000 ,198707,197202,4,0,4,工作日,非高峰,2015-04-27,2015年4月27日,阴 /雷阵雨,21℃ / 14℃,东南风 ≤3级 /东北风 ≤3级,阴,雷阵雨,21,14,东南风,≤3级,东北风,≤3级,night
2015-05-07 13:30:00,二桥,8、依法应负全责的其他情形,负全部责任,不负责任,1,贵A19X14,红,1,贵AU5171,黄,时发驾校,自培,2011/6/8 0:00,2011/12/13 0:00,江铃牌,喜力牌,366364000000000000 ,364596000000000000 ,197707,198607,13,3,5,工作日,非高峰,2015-05-07,2015年5月7日,阵雨 /雷阵雨,23℃ / 17℃,东南风 ≤3级 /东南风 ≤3级,阵雨,雷阵雨,23,17,东南风,≤3级,东南风,≤3级,day
2015-03-21 10:20:00,碧海花园,3、倒车的,负全部责任,不负责任,1,贵A2854V,银,1,贵AT0741,银,（云岩区）时发驾驶培训有限公司,遵义县南白驾校,2008/12/22 0:00,-1,长安牌,海陵牌,364557000000000000 ,366566000000000000 ,196304,197608,10,5,3,工作日,非高峰,2015-03-21,2015年3月21日,阴 /阴,16℃ / 11℃,东北风 ≤3级 /东南风 ≤3级,阴,阴,16,11,东北风,≤3级,东南风,≤3级,day
2015-02-09 12:10:00,金阳一中,8、依法应负全责的其他情形,负全部责任,不负责任,1,贵A17111,红,1,贵GE3713,黑,时发驾校,-1,2012/3/7 0:00,-1,豪爵牌,丰田牌,366361000000000000 ,734569000000000000 ,197612,197103,12,0,2,工作日,非高峰,2015-02-09,2015年2月9日,阴 /小雨,6℃ / 4℃,东北风 ≤3级 /东北风 ≤3级,阴,小雨,6,4,东北风,≤3级,东北风,≤3级,day
2015-02-26 08:30:00,小河区浦江路,1、追尾的,负全部责任,不负责任,1,贵ANR466,白色,1,贵A58J66,黑色,自培,自培,2011/7/7 0:00,2003/5/28 0:00,江淮牌,江铃全顺牌,36636651955455796X,36455051955649445X,198110,198112,8,3,2,工作日,早高峰(7-9点),2015-02-26,2015年2月26日,阴 /小雨,12℃ / 9℃,东风 ≤3级 /南风 ≤3级,阴,小雨,12,9,东风,≤3级,南风,≤3级,day
2015-04-27 13:05:00,三桥,1、追尾的,负全部责任,不负责任,1,贵A2576U,黑,1,贵AC2848,黄,（云岩区）时发驾驶培训有限公司,鑫鑫驾校,2007/9/27 0:00,2012/4/23 0:00,中华牌,冠军牌,366876000000000000 ,364556000000000000 ,198403,199006,13,0,4,工作日,非高峰,2015-04-27,2015年4月27日,阴 /雷阵雨,21℃ / 14℃,东南风 ≤3级 /东北风 ≤3级,阴,雷阵雨,21,14,东南风,≤3级,东北风,≤3级,day
2015-04-01 15:40:00,白云区,3、倒车的,负全部责任,不负责任,1,贵A7320Z,银,0,贵A1880R,银,（云岩区）时发驾驶培训有限公司,消防驾校,2007/9/13 0:00,2011/8/19 0:00,五菱牌,梅赛德斯-奔驰牌,254767000000000000 ,364648000000000000 ,195704,198611,15,2,4,工作日,非高峰,2015-04-01,2015年4月1日,多云 /多云,29℃ / 19℃,南风 ≤3级 /南风 ≤3级,多云,多云,29,19,南风,≤3级,南风,≤3级,day
2015-04-21 14:00:00,西郊水厂,8、依法应负全责的其他情形,负全部责任,不负责任,1,贵DY125S,银,1,贵JCR777,白,时发驾校,-1,2012/9/21 0:00,-1,-1,思威牌,366669000000000000 ,364566000000000000 ,198606,199302,14,1,4,工作日,非高峰,2015-04-21,2015年4月21日,阴 /阵雨,17℃ / 10℃,东北风 ≤3级 /东北风 ≤3级,阴,阵雨,17,10,东北风,≤3级,东北风,≤3级,day
2015-05-13 08:53:00,西二环,1、追尾的,负全部责任,不负责任,1,贵A1449Z,红,1,贵A7PO11,蓝,（云岩区）时发驾驶培训有限公司,-1,2009/6/19 0:00,-1,大众汽车牌,-1,366361000000000000 ,366561000000000000 ,197004,197208,8,2,5,工作日,早高峰(7-9点),2015-05-13,2015年5月13日,多云 /阵雨,26℃ / 19℃,东南风 ≤3级 /东南风 ≤3级,多云,阵雨,26,19,东南风,≤3级,东南风,≤3级,day
2015-03-25 22:20:00,春雷路,3、倒车的,负全部责任,不负责任,1,贵GM4289,黑,1,贵AW7529,蓝,时发驾校,自培,2014/7/19 0:00,1979/11/29 0:00,马自达牌,江淮牌,366064000000000000 ,364547000000000000 ,198808,194609,22,2,3,工作日,非高峰,2015-03-25,2015年3月25日,阴 /阵雨,14℃ / 9℃,东北风 ≤3级 /东北风 ≤3级,阴,阵雨,14,9,东北风,≤3级,东北风,≤3级,night
2015-03-10 08:40:00,省医后门,1、追尾的,负全部责任,不负责任,1,贵A24389,红,1,贵AA2207,银,（云岩区）时发驾驶培训有限公司,自培,2008/3/5 0:00,2003/4/28 0:00,雅阁,沃尔沃,36656551925660745X,364548000000000000 ,198612,195411,8,1,3,工作日,早高峰(7-9点),2015-03-10,2015年3月10日,小雨 /小雨,8℃ / 4℃,东北风 ≤3级 /东北风 ≤3级,小雨,小雨,8,4,东北风,≤3级,东北风,≤3级,day
2015-03-08 14:20:00,市北路,9、不符合前8款规定或者双方同时具有上述情形的,负同等责任,负同等责任,1,贵AB695J,银,1,贵A37M67,银,时发驾校,自培,2011/5/9 0:00,2004/6/23 0:00,北京牌,大众牌,36454751214064095X,364548000000000000 ,196904,195411,14,6,3,周末,非高峰,2015-03-08,2015年3月8日,小雨 /阴,11℃ / 6℃,东北风 ≤3级 /东北风 ≤3级,小雨,阴,11,6,东北风,≤3级,东北风,≤3级,day
2015-03-14 14:30:00,世纪城,7、未按规定让行的 ,负全部责任,不负责任,1,贵FQ3481,白,1,贵AK3462,黑,时发驾校,自培,2014/12/2 0:00,2002/9/11 0:00,荣威牌,银钢牌,366361000000000000 ,364548000000000000 ,197606,198309,14,5,3,工作日,非高峰,2015-03-14,2015年3月14日,阴 /阴,17℃ / 12℃,南风 ≤3级 /东南风 ≤3级,阴,阴,17,12,南风,≤3级,东南风,≤3级,day
2015-03-07 18:00:00,盐沙大道,8、依法应负全责的其他情形,负全部责任,不负责任,1,贵A0619X,黑,0,贵AN0946,黑,（白云区）景宏驾驶培训有限公司,金大驾校,2006/9/15 0:00,2012/10/8 0:00,英伦牌,嘉陵牌,364558000000000000 ,364558000000000000 ,196904,199212,18,5,3,工作日,晚高峰(17-19点),2015-03-07,2015年3月7日,阴 /小雨,10℃ / 5℃,东风 ≤3级 /东南风 ≤3级,阴,小雨,10,5,东风,≤3级,东南风,≤3级,day
2015-04-15 12:35:00,南二环,1、追尾的,负全部责任,不负责任,1,贵A12F78,白色,1,贵GR5031,白色,（白云区）景宏驾驶培训有限公司,520136,2009/4/16 0:00,2008/7/8 0:00,吉利牌,传祺牌,364548000000000000 ,364568000000000000 ,197102,198711,12,2,4,工作日,非高峰,2015-04-15,2015年4月15日,多云 /多云,24℃ / 16℃,东南风 ≤3级 /南风 ≤3级,多云,多云,24,16,东南风,≤3级,南风,≤3级,day
2015-04-25 12:47:00,西南家具城,7、未按规定让行的 ,负全部责任,不负责任,0,贵A0KK113,白,1,贵AU7567,绿,（白云区）景宏驾驶培训有限公司,520127,2008/7/31 0:00,1997/11/12 0:00,-1,捷达牌,66967500000000000 ,366566000000000000 ,197910,197609,12,5,4,工作日,非高峰,2015-04-25,2015年4月25日,阴 /阵雨,20℃ / 11℃,东风 ≤3级 /东南风 ≤3级,阴,阵雨,20,11,东风,≤3级,东南风,≤3级,day
2015-04-22 18:00:00,遵义路,7、未按规定让行的 ,负全部责任,不负责任,1,贵A54315,白色,1,贵A82S88,白色,时发驾校,520118,2012/6/20 0:00,2009/5/4 0:00,捷达,宝骏牌,366564000000000000 ,364547000000000000 ,198107,197612,18,2,4,工作日,晚高峰(17-19点),2015-04-22,2015年4月22日,小雨 /小雨,15℃ / 10℃,东北风 ≤3级 /东北风 ≤3级,小雨,小雨,15,10,东北风,≤3级,东北风,≤3级,day
2015-05-05 13:00:00,小河长江路,1、追尾的,负全部责任,不负责任,1,贵AJU429,白色,1,贵AK7296,白色,（白云区）景宏驾驶培训有限公司,（经开区）十一驾驶培训有限公司,2010/2/9 0:00,2003/1/9 0:00,马自达牌,豪情牌,364548000000000000 ,366064000000000000 ,198210,197311,13,1,5,工作日,非高峰,2015-05-05,2015年5月5日,阵雨 /阵雨,21℃ / 15℃,南风 ≤3级 /南风 ≤3级,阵雨,阵雨,21,15,南风,≤3级,南风,≤3级,day
2015-03-10 16:30:00,苗圃,1、追尾的,负全部责任,不负责任,1,贵A68H31,红,1,贵AA167B,红,时发驾校,新华驾校,2014/5/21 0:00,2014/10/11 0:00,东风标致牌,哈弗牌,364548000000000000 ,366570000000000000 ,199201,196304,16,1,3,工作日,非高峰,2015-03-10,2015年3月10日,小雨 /小雨,8℃ / 4℃,东北风 ≤3级 /东北风 ≤3级,小雨,小雨,8,4,东北风,≤3级,东北风,≤3级,day
2015-03-15 15:30:00,同心路,1、追尾的,负全部责任,不负责任,1,贵A8BW34,白,1,贵AJA301,白,景宏驾校（白云区）,-1,2015/2/27 0:00,-1,大众汽车牌,长城牌,364558000000000000 ,36459600000000 ,197304,198805,15,6,3,周末,非高峰,2015-03-15,2015年3月15日,阴 /阴,18℃ / 13℃,东风 ≤3级 /南风 ≤3级,阴,阴,18,13,东风,≤3级,南风,≤3级,day
2015-04-02 09:00:00,会展城,1、追尾的,负全部责任,不负责任,1,贵GM5230,黄,1,贵A6F362,黄,景宏驾校,-1,2011/5/27 0:00,-1,海马牌,江淮牌,364596000000000000 ,366670000000000000 ,198611,199110,9,3,4,工作日,早高峰(7-9点),2015-04-02,2015年4月2日,多云 /多云,30℃ / 18℃,南风 ≤3级 /南风 ≤3级,多云,多云,30,18,南风,≤3级,南风,≤3级,day
2015-03-15 15:30:00,白云区,1、追尾的,负全部责任,不负责任,0,贵A8BW34,白,1,贵AJA301,白,景宏驾校（白云区）,顺一驾驶培训学校,2015/2/27 0:00,2013/12/23 0:00,大众汽车牌,长城牌,364558000000000000 ,364596000000000000 ,197304,198805,15,6,3,周末,非高峰,2015-03-15,2015年3月15日,阴 /阴,18℃ / 13℃,东风 ≤3级 /南风 ≤3级,阴,阴,18,13,东风,≤3级,南风,≤3级,day
2015-03-13 15:00:00,浣纱桥,1、追尾的,负全部责任,不负责任,1,贵A22S25,灰色,1,贵A17B96,黑色,（乌当区）新华驾驶培训有限公司,520114,2004/12/8 0:00,2008/7/30 0:00,波罗牌,五菱牌,364547000000000000 ,366361000000000000 ,196306,197010,15,4,3,工作日,非高峰,2015-03-13,2015年3月13日,多云 /阵雨,17℃ / 12℃,南风 ≤3级 /南风 ≤3级,多云,阵雨,17,12,南风,≤3级,南风,≤3级,day
2015-04-26 22:00:00,人民医院,7、未按规定让行的 ,负全部责任,不负责任,1,贵A97S94,黄,1,贵JN0898,银,景宏驾校,-1,2012/3/1 0:00,-1,奥迪牌,本田牌,364548000000000000 ,366175000000000000 ,198605,199509,22,6,4,周末,非高峰,2015-04-26,2015年4月26日,阵雨 /阵雨,18℃ / 14℃,东南风 ≤3级 /东北风 ≤3级,阵雨,阵雨,18,14,东南风,≤3级,东北风,≤3级,night
2015-05-06 11:00:00,白云沙坡,7、未按规定让行的 ,负全部责任,不负责任,1,贵A008H3,白,1,贵GM6279,黑,景宏驾校,自培,2013/2/2 0:00,2004/6/14 0:00,解放牌,-1,366066000000000000 ,366364000000000000 ,197111,196205,11,2,5,工作日,非高峰,2015-05-06,2015年5月6日,多云 /多云,25℃ / 16℃,东北风 ≤3级 /南风 ≤3级,多云,多云,25,16,东北风,≤3级,南风,≤3级,day
2015-05-24 16:00:00,长江路,1、追尾的,负全部责任,不负责任,1,贵A7912U,白色,1,贵A0BV03,白色,自培,自培,2012/8/13 0:00,2004/8/17 0:00,奇瑞,骏派牌,364551000000000000 ,366868000000000000 ,199112,198605,16,6,5,周末,非高峰,2015-05-24,2015年5月24日,多云 /阴,24℃ / 18℃,东风 ≤3级 /东南风 ≤3级,多云,阴,24,18,东风,≤3级,东南风,≤3级,day
2015-02-12 08:30:00,浦江路,7、未按规定让行的 ,负全部责任,不负责任,1,贵A6AY65P,黑色,1,贵AAR660,白色,（白云区）景宏驾驶培训有限公司,自培,2005/8/16 0:00,2001/5/16 0:00,-1,银翔牌,366347000000000000 ,364547000000000000 ,197803,198202,8,3,2,工作日,早高峰(7-9点),2015-02-12,2015年2月12日,多云 /多云,15℃ / 5℃,南风 ≤3级 /南风 ≤3级,多云,多云,15,5,南风,≤3级,南风,≤3级,day
2015-05-24 11:00:00,解放路,7、未按规定让行的 ,负全部责任,不负责任,1,贵AU5014,白色,1,贵AME988,白色,景宏驾校,自培,2011/6/16 0:00,2002/11/21 0:00,桑塔纳牌,梅赛德斯-奔驰,364548000000000000 ,364547000000000000 ,197201,196902,11,6,5,周末,非高峰,2015-05-24,2015年5月24日,多云 /阴,24℃ / 18℃,东风 ≤3级 /东南风 ≤3级,多云,阴,24,18,东风,≤3级,东南风,≤3级,day
2015-03-13 18:54:00,盐务街,1、追尾的,负全部责任,不负责任,0,贵A78H62,蓝,1,贵ANW161,白,（白云区）景宏驾驶培训有限公司,自培,2006/11/6 0:00,2002/8/14 0:00,东风日产牌,中华牌,364547000000000000 ,366364000000000000 ,197903,196203,18,4,3,工作日,晚高峰(17-19点),2015-03-13,2015年3月13日,多云 /阵雨,17℃ / 12℃,南风 ≤3级 /南风 ≤3级,多云,阵雨,17,12,南风,≤3级,南风,≤3级,day
2015-04-19 17:00:00,瑞金中路,7、未按规定让行的 ,负全部责任,不负责任,1,贵A7BX02,银,1,贵AU1373,银,景宏驾校,520116,2012/11/14 0:00,2008/12/17 0:00,金旅牌,瑞麒牌,366046000000000000 ,366367000000000000 ,199205,197611,17,6,4,周末,晚高峰(17-19点),2015-04-19,2015年4月19日,阵雨 /阵雨,22℃ / 13℃,东北风 ≤3级 /东北风 ≤3级,阵雨,阵雨,22,13,东北风,≤3级,东北风,≤3级,day
2015-04-11 09:00:00,金阳,3、倒车的,负全部责任,不负责任,1,贵APA821,白,0,贵A71S37,白,新华驾校,贵州现代驾驶培训责任有限公司,2011/11/7 0:00,2013/9/5 0:00,江铃牌,雅尊,364557000000000000 ,364557000000000000 ,198612,196611,9,5,4,工作日,早高峰(7-9点),2015-04-11,2015年4月11日,多云 /多云,15℃ / 9℃,东北风 ≤3级 /东风 ≤3级,多云,多云,15,9,东北风,≤3级,东风,≤3级,day
2015-03-17 14:00:00,四方河路,1、追尾的,负全部责任,不负责任,1,贵A03426,白色,1,贵A9609F,白色,新华驾校,-1,2011/10/10 0:00,-1,神帆牌,五菱牌,366864000000000000 ,774766000000000000 ,197906,195801,14,1,3,工作日,非高峰,2015-03-17,2015年3月17日,多云 /多云,25℃ / 14℃,南风 ≤3级 /南风 ≤3级,多云,多云,25,14,南风,≤3级,南风,≤3级,day
2015-03-13 09:30:00,世纪城,8、依法应负全责的其他情形,负全部责任,不负责任,1,贵AKZ639,银,1,贵GR9211,银,（白云区）景宏驾驶培训有限公司,自培,2006/9/15 0:00,2005/1/21 0:00,雪佛兰牌,英菲尼迪 Q70L,364548000000000000 ,366064000000000000 ,196810,196507,9,4,3,工作日,早高峰(7-9点),2015-03-13,2015年3月13日,多云 /阵雨,17℃ / 12℃,南风 ≤3级 /南风 ≤3级,多云,阵雨,17,12,南风,≤3级,南风,≤3级,day
2015-05-22 07:10:00,大营坡,8、依法应负全责的其他情形,负全部责任,不负责任,1,贵A451E8,黑,1,贵A65X87,白,新华驾校,自培,2011/10/25 0:00,2006/1/24 0:00,长安牌,福克斯牌,366367000000000000 ,364548000000000000 ,197707,197107,7,4,5,工作日,早高峰(7-9点),2015-05-22,2015年5月22日,阵雨 /阵雨,19℃ / 14℃,东风 ≤3级 /东风 ≤3级,阵雨,阵雨,19,14,东风,≤3级,东风,≤3级,day
2015-04-05 09:00:00,陈亮村,7、未按规定让行的 ,负全部责任,不负责任,1,贵HR6178,白色,1,贵A18W48,白色,新华驾校,-1,2012/4/27 0:00,-1,长安牌,三菱牌,364556000000000000 ,364547000000000 ,197612,760607,9,6,4,周末,早高峰(7-9点),2015-04-05,2015年4月5日,阴 /阵雨,30℃ / 12℃,南风 ≤3级 /东北风 ≤3级,阴,阵雨,30,12,南风,≤3级,东北风,≤3级,day
2015-05-09 16:17:00,八匹马,1、追尾的,负全部责任,不负责任,0,贵A8BE44,红,1,贵BAP543,黑,（乌当区）新华驾驶培训有限公司,-1,2005/2/1 0:00,-1,大众汽车牌,-1,366061000000000000 ,366262000000000000 ,198408,198907,16,5,5,工作日,非高峰,2015-05-09,2015年5月9日,阵雨 /阵雨,23℃ / 16℃,东北风 ≤3级 /东南风 ≤3级,阵雨,阵雨,23,16,东北风,≤3级,东南风,≤3级,day
2015-04-24 11:52:00,小河,8、依法应负全责的其他情形,负全部责任,不负责任,1,贵AP5E75,白色,1,贵EZ5395,白色,（乌当区）新华驾驶培训有限公司,鑫鑫驾校,2009/1/8 0:00,2012/10/22 0:00,-1,众泰牌,366763000000000000 ,366763000000000000 ,198812,197809,11,4,4,工作日,非高峰,2015-04-24,2015年4月24日,阴 /小雨,16℃ / 11℃,东风 ≤3级 /东风 ≤3级,阴,小雨,16,11,东风,≤3级,东风,≤3级,day
2015-05-19 08:00:00,黄河路,7、未按规定让行的 ,负全部责任,不负责任,1,贵HR6178,白色,1,贵A5810H,白色,新华驾校,消防驾校,2012/4/27 0:00,2010/9/27 0:00,长安牌,福克斯(FOCUS)牌,364556000000000000 ,364556000000000000 ,197612,197611,8,1,5,工作日,早高峰(7-9点),2015-05-19,2015年5月19日,阵雨 /大雨,25℃ / 18℃,东北风 ≤3级 /南风 ≤3级,阵雨,大雨,25,18,东北风,≤3级,南风,≤3级,day
2015-03-08 13:30:00,涴沙桥,7、未按规定让行的 ,负全部责任,不负责任,1,贵ASR632,蓝,1,贵A47V67,白,新华驾校,520118,2012/9/28 0:00,2008/9/4 0:00,福克斯牌,丰田牌,364548000000000000 ,36676951274949725X,195906,196308,13,6,3,周末,非高峰,2015-03-08,2015年3月8日,小雨 /阴,11℃ / 6℃,东北风 ≤3级 /东北风 ≤3级,小雨,阴,11,6,东北风,≤3级,东北风,≤3级,day
2015-03-07 15:30:00,金关大酒店,1、追尾的,负全部责任,不负责任,1,贵AA665N,白,1,贵APX274,白,新华驾校,青正驾校,2014/4/15 0:00,2006/12/25 0:00,起亚牌,解放牌,364566000000000000 ,366367000000000000 ,198711,196411,15,5,3,工作日,非高峰,2015-03-07,2015年3月7日,阴 /小雨,10℃ / 5℃,东风 ≤3级 /东南风 ≤3级,阴,小雨,10,5,东风,≤3级,东南风,≤3级,day
2015-02-14 16:00:00,观山湖,9、不符合前8款规定或者双方同时具有上述情形的,负全部责任,不负责任,1,贵AB671G,蓝,1,贵A7312F,银,新华驾校,自培,2014/11/14 0:00,2012/1/18 0:00,五菱牌,五菱牌,364557000000000000 ,364557000000000000 ,198806,198807,16,5,2,工作日,非高峰,2015-02-14,2015年2月14日,阵雨 /雷阵雨,16℃ / 10℃,南风 ≤3级 /南风 ≤3级,阵雨,雷阵雨,16,10,南风,≤3级,南风,≤3级,day
2015-05-03 14:00:00,甘荫塘,3、倒车的,负全部责任,不负责任,1,贵GV3462,白色,1,苏CBW713,白色,新华驾校（乌当区）,新华驾校（乌当区）,2015/4/23 0:00,-1,-1,-1,734568000000000000 ,764763000000000000 ,199204,197306,14,6,5,周末,非高峰,2015-05-03,2015年5月3日,阵雨 /阵雨,25℃ / 15℃,东北风 ≤3级 /东北风 ≤3级,阵雨,阵雨,25,15,东北风,≤3级,东北风,≤3级,day
2015-04-17 05:30:00,小河平桥,1、追尾的,负全部责任,不负责任,1,贵A17P47,白色,1,贵DS4729,白色,新华驾校,-1,2012/2/13 0:00,-1,长安牌,中华牌,364551000000000000 ,366664000000000000 ,199203,196808,5,4,4,工作日,非高峰,2015-04-17,2015年4月17日,多云 /多云,28℃ / 19℃,南风 ≤3级 /南风 ≤3级,多云,多云,28,19,南风,≤3级,南风,≤3级,night
2015-02-12 13:15:00,中山东路,1、追尾的,负全部责任,不负责任,1,贵A28K22,蓝,1,贵AU7228,绿,新华驾校,520130,2012/11/13 0:00,2007/12/6 0:00,北京现代牌,轻骑牌,364548000000000000 ,366068000000000000 ,198605,197508,13,3,2,工作日,非高峰,2015-02-12,2015年2月12日,多云 /多云,15℃ / 5℃,南风 ≤3级 /南风 ≤3级,多云,多云,15,5,南风,≤3级,南风,≤3级,day
2015-03-17 14:30:00,盐务街,1、追尾的,负全部责任,不负责任,1,贵A8F190,白,1,贵ASZ233,白,新华驾校,十一驾驶培训有限公司,2014/10/8 0:00,2010/8/27 0:00,雪铁龙,奥德赛牌,366664000000000000 ,364547000000000000 ,199102,199106,14,1,3,工作日,非高峰,2015-03-17,2015年3月17日,多云 /多云,25℃ / 14℃,南风 ≤3级 /南风 ≤3级,多云,多云,25,14,南风,≤3级,南风,≤3级,day
2015-04-15 18:21:00,解放西路,8、依法应负全责的其他情形,负全部责任,不负责任,1,贵A77K54,白色,1,贵A77B73,白色,（乌当区）新华驾驶培训有限公司,自培,2006/8/18 0:00,2004/1/7 0:00,梅赛德斯-奔驰牌,大众汽车牌,364548000000000000 ,366861000000000000 ,198805,197505,18,2,4,工作日,晚高峰(17-19点),2015-04-15,2015年4月15日,多云 /多云,24℃ / 16℃,东南风 ≤3级 /南风 ≤3级,多云,多云,24,16,东南风,≤3级,南风,≤3级,day
2015-05-13 09:20:00,八匹马,7、未按规定让行的 ,负全部责任,不负责任,1,贵AAX211,白,1,贵GR7489,红,毕节地区黔中汽车(摩托车)驾驶培训学校,520134,-1,2007/12/17 0:00,发现 4,-1,366068000000000000 ,366361000000000000 ,199309,197102,9,2,5,工作日,早高峰(7-9点),2015-05-13,2015年5月13日,多云 /阵雨,26℃ / 19℃,东南风 ≤3级 /东南风 ≤3级,多云,阵雨,26,19,东南风,≤3级,东南风,≤3级,day
2015-03-25 19:24:00,达高桥,7、未按规定让行的 ,负全部责任,不负责任,1,贵AFV196,白色,1,贵A42J98,黑色,六枝特区顺安机动车驾驶培训学校有限公司,时法驾校,-1,2006/4/27 0:00,长城牌,思威牌,364648000000000000 ,366666000000000000 ,199005,197706,19,2,3,工作日,晚高峰(17-19点),2015-03-25,2015年3月25日,阴 /阵雨,14℃ / 9℃,东北风 ≤3级 /东北风 ≤3级,阴,阵雨,14,9,东北风,≤3级,东北风,≤3级,day
2015-03-09 22:00:00,八匹马, ,负同等责任,负同等责任,1,贵A149F1,银,1,贵A931E4,白,贵州省仁怀市酒都汽车驾驶培训有限公司,预约考试窗口,-1,2006/11/21 0:00,东风牌,黑豹牌,364566000000000000 ,364566000000000000 ,197509,198612,22,0,3,工作日,非高峰,2015-03-09,2015年3月9日,小雨 /小雨,10℃ / 5℃,东北风 ≤3级 /东北风 ≤3级,小雨,小雨,10,5,东北风,≤3级,东北风,≤3级,night
2015-02-07 15:40:00,甘荫塘欧亚酒店,3、倒车的,负全部责任,不负责任,1,贵A218F3,白色,1,贵A2349L,白色,毕节地区黔中汽车(摩托车)驾驶培训学校,铁二局驾校,2012/8/22 0:00,2011/8/9 0:00,解放牌,众泰牌,366068000000000000 ,364547000000000000 ,199102,198510,15,5,2,工作日,非高峰,2015-02-07,2015年2月7日,阴 /阴,8℃ / 3℃,东北风 ≤3级 /东北风 ≤3级,阴,阴,8,3,东北风,≤3级,东北风,≤3级,day
2015-04-18 14:40:00,花果园,7、未按规定让行的 ,负全部责任,不负责任,1,贵D62812,白色,1,贵A51F95,白色,六盘水健麟驾驶培训有限公司,铁二局驾校,-1,2012/5/24 0:00,-1,大众牌,364646000000000000 ,354670000000000000 ,198707,197302,14,5,4,工作日,非高峰,2015-04-18,2015年4月18日,多云 /雷阵雨,29℃ / 16℃,南风 ≤3级 /南风 ≤3级,多云,雷阵雨,29,16,南风,≤3级,南风,≤3级,day
2015-03-25 13:10:00,白云区,7、未按规定让行的 ,负全部责任,不负责任,1,贵A091D7,白,1,贵A52X62,银,毕节地区黔中汽车(摩托车)驾驶培训学校,自培,2011/8/26 0:00,2002/11/12 0:00,解放牌,别克牌,366068000000000000 ,364558000000000000 ,199108,197403,13,2,3,工作日,非高峰,2015-03-25,2015年3月25日,阴 /阵雨,14℃ / 9℃,东北风 ≤3级 /东北风 ≤3级,阴,阵雨,14,9,东北风,≤3级,东北风,≤3级,day
2015-02-12 09:05:00,花溪孟关,1、追尾的,负全部责任,不负责任,1,贵A0BE59,白色,1,贵GL1433,白色,惠水县黔岭机动车驾驶培训有限公司,金大驾校,-1,2011/11/23 0:00,哈飞牌,明锐牌,366876000000000000 ,364556000000000000 ,199006,198709,9,3,2,工作日,早高峰(7-9点),2015-02-12,2015年2月12日,多云 /多云,15℃ / 5℃,南风 ≤3级 /南风 ≤3级,多云,多云,15,5,南风,≤3级,南风,≤3级,day
2015-03-20 18:00:00,花溪,8、依法应负全责的其他情形,负全部责任,不负责任,1,贵JQ7298,白色,1,贵A40693,白色,惠水县黔岭机动车驾驶培训有限公司,铁二局驾校,-1,2011/2/18 0:00,长安牌,空,36687551994750487X,364556000000000000 ,198803,198510,18,4,3,工作日,晚高峰(17-19点),2015-03-20,2015年3月20日,阴 /阵雨,14℃ / 10℃,东北风 ≤3级 /东北风 ≤3级,阴,阵雨,14,10,东北风,≤3级,东北风,≤3级,day
2015-03-12 10:10:00,后坝,1、追尾的,负全部责任,不负责任,1,贵BM0811,银,0,贵FP5722,银,黔南州兴鑫汽车驾驶培训学校,贵大佳德驾驶培训学校,-1,2015/1/30 0:00,长城牌,海马牌,74366500000000000 ,366067000000000000 ,198409,198505,10,3,3,工作日,非高峰,2015-03-12,2015年3月12日,多云 /多云,16℃ / 10℃,南风 ≤3级 /南风 ≤3级,多云,多云,16,10,南风,≤3级,南风,≤3级,day
2015-05-15 11:40:00,八匹马,7、未按规定让行的 ,负全部责任,不负责任,1,川EV6442,黑,1,贵AHQ798,黑,自培,-1,2011/5/19 0:00,-1,-1,别克牌,354367000000000000 ,366670000000000000 ,196505,197208,11,4,5,工作日,非高峰,2015-05-15,2015年5月15日,阵雨 /阵雨,25℃ / 16℃,东北风 ≤3级 /东北风 ≤3级,阵雨,阵雨,25,16,东北风,≤3级,东北风,≤3级,day
2015-04-13 15:20:00,长江路,7、未按规定让行的 ,负全部责任,不负责任,1,贵A7813A,白色,1,贵AU6974,白色,惠水县黔岭机动车驾驶培训有限公司,-1,2014/2/27 0:00,-1,东风牌,万达牌,764097000000000000 ,366767000000000000 ,197209,198912,15,0,4,工作日,非高峰,2015-04-13,2015年4月13日,晴 /多云,23℃ / 8℃,东北风 ≤3级 /东北风 ≤3级,晴,多云,23,8,东北风,≤3级,东北风,≤3级,day
2015-05-29 08:00:00,长江路,7、未按规定让行的 ,负全部责任,不负责任,1,贵A1904B,白色,1,贵AB883L,白色,黔南州兴鑫汽车驾驶培训学校,520114,-1,2008/7/10 0:00,夏利牌,奥迪,356166000000000000 ,77445500000000000 ,197309,197406,8,4,5,工作日,早高峰(7-9点),2015-05-29,2015年5月29日,阵雨 /阵雨,24℃ / 17℃,东南风 ≤3级 /东北风 ≤3级,阵雨,阵雨,24,17,东南风,≤3级,东北风,≤3级,day