accidenttime,accidentaddr,driver1fault,driver1responsibility,driver2responsibility,sex1,platenumber1,carcolor1,sex2,platenumber2,carcolor2,jxmc1,jxmc2,cclzrq1,cclzrq2,clpp1,clpp2,driver1license,driver2license,brith1,brith2,hour,weekday,month,is_weekday,peak_hour,date,日期,天气状况,气温,风力风向,day_wea,night_wea,day_tep,night_tep,day_wind_direction,day_wind_speed,night_wind_direction,night_wind_speed,segment
2015-03-17 13:10:00,王家桥,3、倒车的,负全部责任,不负责任,1,贵GM6545,黑,1,贵GM6450,红,福泉市锦程机动车驾驶培训学校,自培,-1,-1,大众牌,吉利美日牌,366870000000000000 ,357475000000000000 ,196909,198402,13,1,3,工作日,非高峰,2015-03-17,2015年3月17日,多云 /多云,25℃ / 14℃,南风 ≤3级 /南风 ≤3级,多云,多云,25,14,南风,≤3级,南风,≤3级,day
2015-02-06 06:03:00,北京路,8、依法应负全责的其他情形,负全部责任,不负责任,0,贵JBA479,红,1,贵A71H71,白,贵州省石阡泉都(启灵)驾驶培训有限责任公司,省交校,-1,2014/1/3 0:00,豪爵牌,北京现代牌,366661000000000000 ,364557000000000000 ,197801,198909,6,4,2,工作日,非高峰,2015-02-06,2015年2月6日,多云 /小雨,9℃ / 2℃,南风 ≤3级 /南风 ≤3级,多云,小雨,9,2,南风,≤3级,南风,≤3级,day
2015-02-04 18:09:00,贵州省贵阳市南明区太慈桥,1、追尾的,负全部责任,不负责任,1,贵DBF219,白色,1,贵AS2245,白色,贵州省石阡泉都(启灵)驾驶培训有限责任公司,铁二局驾校,2012/12/4 0:00,2014/1/18 0:00,雪佛兰牌,帕萨特牌,366661000000000000 ,366064000000000000 ,199003,198905,18,2,2,工作日,晚高峰(17-19点),2015-02-04,2015年2月4日,小雨 /小雨,4℃ / 0℃,东北风 ≤3级 /东北风 ≤3级,小雨,小雨,4,0,东北风,≤3级,东北风,≤3级,day
2015-04-15 13:19:00,贵安,1、追尾的,负全部责任,不负责任,1,贵A29415,红,0,贵A4AS45,白,自培,未定义,2010/4/23 0:00,2014/6/27 0:00,长安,马自达牌,364568000000000000 ,364556000000000000 ,198909,198303,13,2,4,工作日,非高峰,2015-04-15,2015年4月15日,多云 /多云,24℃ / 16℃,东南风 ≤3级 /南风 ≤3级,多云,多云,24,16,东南风,≤3级,南风,≤3级,day
2015-02-04 18:09:00,太慈桥,1、追尾的,负全部责任,不负责任,1,贵DBF291,白色,1,粤BU628M,白色,贵州省石阡泉都(启灵)驾驶培训有限责任公司,-1,2012/12/4 0:00,-1,大众汽车牌,别克牌,366661000000000000 ,726568000000000000 ,199003,198010,18,2,2,工作日,晚高峰(17-19点),2015-02-04,2015年2月4日,小雨 /小雨,4℃ / 0℃,东北风 ≤3级 /东北风 ≤3级,小雨,小雨,4,0,东北风,≤3级,东北风,≤3级,day
2015-05-21 20:40:00,阳关小区,1、追尾的,负全部责任,不负责任,1,京QED489,白,1,贵A18H17,蓝,余庆县乾顺汽车驾驶培训学校,-1,2013/12/18 0:00,-1,-1,丰田牌,366661000000000000 ,366566000000000000 ,199307,198608,20,3,5,工作日,非高峰,2015-05-21,2015年5月21日,阴 /阵雨,24℃ / 16℃,东风 ≤3级 /东风 ≤3级,阴,阵雨,24,16,东风,≤3级,东风,≤3级,night
2015-04-20 17:40:00,四方河,1、追尾的,负全部责任,不负责任,1,贵A4932Y,白色,1,贵AV9281,白色,贵州省松桃久安驾驶培训学校有限公司,-1,2015/1/23 0:00,-1,大众牌,嘉隆牌,366663000000000000 ,74667500000000000 ,199208,197912,17,0,4,工作日,晚高峰(17-19点),2015-04-20,2015年4月20日,阴 /阴,20℃ / 11℃,东北风 ≤3级 /东北风 ≤3级,阴,阴,20,11,东北风,≤3级,东北风,≤3级,day
2015-03-01 15:40:00,黔灵山门口,7、未按规定让行的 ,负全部责任,不负责任,1,贵DBZ298,白色,1,贵AU7921,白色,余庆县乾顺汽车驾驶培训学校,-1,2014/2/12 0:00,-1,东风牌,豪爵牌,366661000000000000 ,366361000000000000 ,196702,198110,15,6,3,周末,非高峰,2015-03-01,2015年3月1日,阴 /阴,9℃ / 3℃,东风 ≤3级 /南风 ≤3级,阴,阴,9,3,东风,≤3级,南风,≤3级,day
2015-03-09 16:58:00,中遭司大桥,7、未按规定让行的 ,负全部责任,不负责任,1,贵F09559,白色,1,会AC572E,白色,福泉市锦程机动车驾驶培训学校,-1,2010/3/9 0:00,-1,起亚牌,昌河牌,366864000000000000 ,366068000000000000 ,197409,197904,16,0,3,工作日,非高峰,2015-03-09,2015年3月9日,小雨 /小雨,10℃ / 5℃,东北风 ≤3级 /东北风 ≤3级,小雨,小雨,10,5,东北风,≤3级,东北风,≤3级,day
2015-03-27 00:41:00,百花山隧道,1、追尾的,负全部责任,不负责任,1,贵GX4388,黄,1,贵A24W62,黄,贵州省遵义汽车运输集团源丰交通驾驶培训有限责任公司,520108,-1,2010/1/13 0:00,卡威牌,东风日产牌,366061000000000000 ,354567000000000000 ,198902,194909,0,4,3,工作日,非高峰,2015-03-27,2015年3月27日,阵雨 /阵雨,18℃ / 13℃,南风 ≤3级 /南风 ≤3级,阵雨,阵雨,18,13,南风,≤3级,南风,≤3级,night
2015-05-07 12:50:00,长江路,7、未按规定让行的 ,负全部责任,不负责任,1,贵AG122Z,白色,1,贵A51Y18,白色,黔西县顺风机动车驾驶学校有限公司,-1,2011/3/21 0:00,-1,-1,梅赛德斯-奔驰牌,366764000000000000 ,36454700000000000 ,198502,198206,12,3,5,工作日,非高峰,2015-05-07,2015年5月7日,阵雨 /雷阵雨,23℃ / 17℃,东南风 ≤3级 /东南风 ≤3级,阵雨,雷阵雨,23,17,东南风,≤3级,东南风,≤3级,day
2015-04-24 11:51:00,白云,7、未按规定让行的 ,负全部责任,不负责任,1,贵CGB297,白,1,贵A86590,白,贵州省遵义汽车运输集团源丰交通驾驶培训有限责任公司,来宾市振耀机动车驾驶员培训学校,-1,2009/9/14 0:00,东风雪铁龙牌,长安,366566000000000000 ,364567000000000000 ,198702,199006,11,4,4,工作日,非高峰,2015-04-24,2015年4月24日,阴 /小雨,16℃ / 11℃,东风 ≤3级 /东风 ≤3级,阴,小雨,16,11,东风,≤3级,东风,≤3级,day
2015-03-17 17:05:00,大关,7、未按规定让行的 ,负全部责任,不负责任,1,贵GS4932,白,1,贵AJT673,白,铜仁地区锦宏咨询服务有限公司驾驶培训学校,-1,2011/9/30 0:00,-1,福克斯牌,解放牌,366666000000000000 ,355741000000000000 ,198706,199207,17,1,3,工作日,晚高峰(17-19点),2015-03-17,2015年3月17日,多云 /多云,25℃ / 14℃,南风 ≤3级 /南风 ≤3级,多云,多云,25,14,南风,≤3级,南风,≤3级,day
2015-02-15 11:10:00,黔林山,7、未按规定让行的 ,负全部责任,不负责任,0,贵A7BA19,黄,1,贵GQ0861,黄,福泉市锦程机动车驾驶培训学校,自培,2011/3/16 0:00,2000/3/27 0:00,大众汽车牌,福克斯牌,366861000000000000 ,366575000000000000 ,199011,197811,11,6,2,周末,非高峰,2015-02-15,2015年2月15日,多云 /阴,19℃ / 8℃,南风 ≤3级 /东北风 ≤3级,多云,阴,19,8,南风,≤3级,东北风,≤3级,day
2015-04-21 13:50:00,南明区法院,7、未按规定让行的 ,负全部责任,不负责任,1,贵JG1226,黑色,1,贵FV4433,白色,黔西县顺风机动车驾驶学校有限公司,自培,2011/3/21 0:00,2005/5/26 0:00,五菱牌,众泰牌,366764000000000000 ,366662000000000000 ,198502,198001,13,1,4,工作日,非高峰,2015-04-21,2015年4月21日,阴 /阵雨,17℃ / 10℃,东北风 ≤3级 /东北风 ≤3级,阴,阵雨,17,10,东北风,≤3级,东北风,≤3级,day
2015-04-07 14:30:00,延安西路,7、未按规定让行的 ,负全部责任,不负责任,1,贵DX2523,蓝,1,贵ASE774,黑,贵州省铜南汽车驾驶培训有限公司,自培,2012/2/10 0:00,2004/4/12 0:00,马自达牌,北京现代牌,366664000000000000 ,364547000000000000 ,199211,197602,14,1,4,工作日,非高峰,2015-04-07,2015年4月7日,小雨 /小雨,9℃ / 5℃,东北风 ≤3级 /东北风 ≤3级,小雨,小雨,9,5,东北风,≤3级,东北风,≤3级,day
2015-03-24 17:51:00,西南环线,1、追尾的,负全部责任,不负责任,1,贵AET127,白色,1,贵CLL302,白色,铜仁地区锦宏咨询服务有限公司驾驶培训学校,顺一驾驶培训学校,-1,2012/7/23 0:00,雪佛兰牌,五菱牌,366666000000000000 ,366569000000000000 ,198303,197803,17,1,3,工作日,晚高峰(17-19点),2015-03-24,2015年3月24日,小雨 /阵雨,13℃ / 7℃,东北风 ≤3级 /东北风 ≤3级,小雨,阵雨,13,7,东北风,≤3级,东北风,≤3级,day
2015-05-03 21:05:00,金阳,3、倒车的,负全部责任,不负责任,1,贵A19W57,红,1,贵AWY488,白,黔南金都汽车驾驶学校,阳光驾校,-1,2012/12/31 0:00,众泰牌,东风日产牌,366669000000000000 ,366570000000000000 ,197504,198009,21,6,5,周末,非高峰,2015-05-03,2015年5月3日,阵雨 /阵雨,25℃ / 15℃,东北风 ≤3级 /东北风 ≤3级,阵雨,阵雨,25,15,东北风,≤3级,东北风,≤3级,night
2015-04-04 13:20:00,解放路,7、未按规定让行的 ,负全部责任,不负责任,1,贵JBH658,白色,1,贵A9AM22,白色,黔南州华晟驾驶培训学校,贵阳金马驾驶培训有限公司,-1,2011/11/21 0:00,东风牌,福克斯牌,366846000000000000 ,357868000000000000 ,195711,198107,13,5,4,工作日,非高峰,2015-04-04,2015年4月4日,多云 /多云,29℃ / 18℃,南风 ≤3级 /南风 ≤3级,多云,多云,29,18,南风,≤3级,南风,≤3级,day
2015-03-21 16:00:00,小河转盘,7、未按规定让行的 ,负全部责任,不负责任,1,贵A9366K,白色,1,贵AA0410,白色,黔南州华晟驾驶培训学校,贵州省长安驾驶培训学校,-1,2010/11/18 0:00,五菱牌,长安,64190500000000000 ,366563000000000000 ,199007,197004,16,5,3,工作日,非高峰,2015-03-21,2015年3月21日,阴 /阴,16℃ / 11℃,东北风 ≤3级 /东南风 ≤3级,阴,阴,16,11,东北风,≤3级,东南风,≤3级,day
2015-04-11 12:40:00,金清路,7、未按规定让行的 ,负全部责任,不负责任,1,贵ALQ169,红,0,川A496MC,银,遵义洪宇驾驶培训有限公司,-1,2011/1/18 0:00,-1,五菱牌,东风日产牌 ,355468000000000000 ,366669000000000000 ,197608,198108,12,5,4,工作日,非高峰,2015-04-11,2015年4月11日,多云 /多云,15℃ / 9℃,东北风 ≤3级 /东风 ≤3级,多云,多云,15,9,东北风,≤3级,东风,≤3级,day
2015-02-09 10:00:00,海马冲,1、追尾的,负全部责任,不负责任,1,贵AAG272,银,1,贵A2BG34,黑,黔南州华晟驾驶培训学校,市警校驾校,2011/1/30 0:00,2011/4/19 0:00,豪爵牌,翼虎牌,34479651975664398X,366367000000000000 ,198312,196712,10,0,2,工作日,非高峰,2015-02-09,2015年2月9日,阴 /小雨,6℃ / 4℃,东北风 ≤3级 /东北风 ≤3级,阴,小雨,6,4,东北风,≤3级,东北风,≤3级,day
2015-02-10 20:00:00,花果园购物中心,1、追尾的,负全部责任,不负责任,1,贵A695F7,白色,1,贵D63624,黑色,毕节地区宏强汽车(摩托车)驾驶培训学校,自培,-1,2008/3/19 0:00,川路牌,大众牌,366064000000000000 ,36606351995556275X,199010,198811,20,1,2,工作日,非高峰,2015-02-10,2015年2月10日,小雨 /小雨,6℃ / 3℃,东北风 ≤3级 /东风 ≤3级,小雨,小雨,6,3,东北风,≤3级,东风,≤3级,night
2015-05-29 00:00:00,花溪大道,7、未按规定让行的 ,负全部责任,不负责任,1,贵A18E72,白色,1,贵AB302G,白色,黔南金都汽车驾驶学校,-1,2014/7/9 0:00,-1,大众汽车牌,中华牌,36657651804645400X,74067500000000000 ,197402,198410,0,4,5,工作日,非高峰,2015-05-29,2015年5月29日,阵雨 /阵雨,24℃ / 17℃,东南风 ≤3级 /东北风 ≤3级,阵雨,阵雨,24,17,东南风,≤3级,东北风,≤3级,night
2015-04-20 09:30:00,白金城,1、追尾的,负全部责任,不负责任,1,贵A8954K,蓝,1,渝B827B8,白,黔南金都汽车驾驶学校,-1,2012/7/3 0:00,-1,夏利牌,东风雪铁龙牌,364556000000000000 ,344668000000000000 ,196102,199406,9,0,4,工作日,早高峰(7-9点),2015-04-20,2015年4月20日,阴 /阴,20℃ / 11℃,东北风 ≤3级 /东北风 ≤3级,阴,阴,20,11,东北风,≤3级,东北风,≤3级,day
2015-05-22 18:00:00,瑞北路口,1、追尾的,负全部责任,不负责任,1,贵A256A2,白色,1,贵FX7136,白色,习水县顺达机动车驾驶员培训学校,-1,2011/7/19 0:00,-1,江铃牌,-1,36657651164049313X,366068000000000000 ,199204,198605,18,4,5,工作日,晚高峰(17-19点),2015-05-22,2015年5月22日,阵雨 /阵雨,19℃ / 14℃,东风 ≤3级 /东风 ≤3级,阵雨,阵雨,19,14,东风,≤3级,东风,≤3级,day
2015-05-30 15:00:00,金关加油站,3、倒车的,负全部责任,不负责任,1,贵FQ0416,红,0,贵A8168K,黑,毕节地区宏强汽车(摩托车)驾驶培训学校,自培,-1,2015/2/5 0:00,-1,帕萨特,366064000000000000 ,364548000000000000 ,197710,199505,15,5,5,工作日,非高峰,2015-05-30,2015年5月30日,阵雨 /阵雨,23℃ / 17℃,东北风 ≤3级 /东风 ≤3级,阵雨,阵雨,23,17,东北风,≤3级,东风,≤3级,day
2015-05-02 13:30:00,化工路口,7、未按规定让行的 ,负全部责任,不负责任,1,贵FZ5339,白,1,贵A5227J,白,毕节地区宏强汽车(摩托车)驾驶培训学校,省交校,-1,2015/1/28 0:00,-1,雷克萨斯,366064000000000000 ,366566000000000000 ,198504,198506,13,5,5,工作日,非高峰,2015-05-02,2015年5月2日,多云 /阵雨,26℃ / 16℃,东北风 ≤3级 /东风 ≤3级,多云,阵雨,26,16,东北风,≤3级,东风,≤3级,day
2015-02-01 23:14:00,黄河路,7、未按规定让行的 ,负全部责任,不负责任,1,贵A80280,白色,1,贵A7B317,白色,大方大山汽车驾驶培训学校,吉源驾校,-1,2014/12/16 0:00,福田牌,长安牌,366067000000000000 ,366068000000000000 ,198809,198502,23,6,2,周末,非高峰,2015-02-01,2015年2月1日,阴 /小雨,2℃ / 0℃,东北风 ≤3级 /东风 ≤3级,阴,小雨,2,0,东北风,≤3级,东风,≤3级,night
2015-05-23 21:45:00,北京西路,7、未按规定让行的 ,负全部责任,不负责任,1,贵FO1944,黑,1,贵A29S14,黑,金沙县驰航驾驶培训学校,金沙县驰航驾驶培训学校,-1,1991/9/5 0:00,-1,奥迪牌,366061000000000000 ,364557000000000000 ,198902,197510,21,5,5,工作日,非高峰,2015-05-23,2015年5月23日,阵雨 /阴,19℃ / 14℃,东北风 ≤3级 /东北风 ≤3级,阵雨,阴,19,14,东北风,≤3级,东北风,≤3级,night
2015-03-10 22:41:00,宅吉路,9、不符合前8款规定或者双方同时具有上述情形的,负同等责任,负同等责任,1,贵FZ2485,白,1,贵AB626C,红,金沙县驰航驾驶培训学校,-1,2012/10/10 0:00,-1,东风雪铁龙牌,吉利美日牌,366061000000000000 ,355266000000000000 ,198808,199003,22,1,3,工作日,非高峰,2015-03-10,2015年3月10日,小雨 /小雨,8℃ / 4℃,东北风 ≤3级 /东北风 ≤3级,小雨,小雨,8,4,东北风,≤3级,东北风,≤3级,night
2015-03-16 10:04:00,乌当,8、依法应负全责的其他情形,负全部责任,不负责任,1,贵CLW153,白,1,贵J68529,白,绥阳县平安机动车驾驶员培训学校,省交校,-1,2011/7/22 0:00,福克斯牌,福特牌,366568000000000000 ,36676951995545403X,198804,198811,10,0,3,工作日,非高峰,2015-03-16,2015年3月16日,阴 /多云,20℃ / 15℃,南风 ≤3级 /南风 ≤3级,阴,多云,20,15,南风,≤3级,南风,≤3级,day
2015-03-23 10:40:00,中曹司大桥,8、依法应负全责的其他情形,负全部责任,不负责任,1,贵A2621J,白色,1,贵AM3661,白色,绥阳县平安机动车驾驶员培训学校,自培,-1,1996/6/20 0:00,东风牌,宝马牌,366669000000000000 ,364556000000000000 ,195904,197804,10,0,3,工作日,非高峰,2015-03-23,2015年3月23日,多云 /阴,17℃ / 9℃,东北风 ≤3级 /东北风 ≤3级,多云,阴,17,9,东北风,≤3级,东北风,≤3级,day
2015-04-26 10:30:00,金阳,1、追尾的,负全部责任,不负责任,1,贵A16616,银,1,贵GP5882,黑,凤冈阳光驾驶员培训有限责任公司,-1,2012/7/16 0:00,-1,嘉陵牌,东风牌,366569000000000000 ,36666400000000000 ,198810,197921,10,6,4,周末,非高峰,2015-04-26,2015年4月26日,阵雨 /阵雨,18℃ / 14℃,东南风 ≤3级 /东北风 ≤3级,阵雨,阵雨,18,14,东南风,≤3级,东北风,≤3级,day
2015-04-12 13:30:00,大营坡,7、未按规定让行的 ,负全部责任,不负责任,1,贵AM5414,红,1,贵ANH168,银,毕节地区宏强汽车(摩托车)驾驶培训学校,自培,2013/9/6 0:00,2004/7/23 0:00,力帆牌,夏利牌,366064000000000000 ,364548000000000000 ,197712,196001,13,6,4,周末,非高峰,2015-04-12,2015年4月12日,晴 /多云,21℃ / 7℃,东风 ≤3级 /东风 ≤3级,晴,多云,21,7,东风,≤3级,东风,≤3级,day
2015-02-05 14:05:00,八匹马,1、追尾的,负全部责任,不负责任,1,渝BMB364,黑,1,贵A3731W,黑,自培,520135,-1,2007/8/25 0:00,德宝,吉利牌,366570000000000000 ,366661000000000000 ,199011,197503,14,3,2,工作日,非高峰,2015-02-05,2015年2月5日,阴 /阴,3℃ / 0℃,东北风 ≤3级 /东北风 ≤3级,阴,阴,3,0,东北风,≤3级,东北风,≤3级,day
2015-05-15 14:00:00,金阳三中,8、依法应负全责的其他情形,负全部责任,不负责任,1,贵A3419F,红,1,贵A3AR14,黑,遵义市祥顺机动车驾驶培训学校,贵阳学院汽车驾驶培训,-1,2004/11/5 0:00,东风牌,长城牌,366564000000000000 ,366361000000000000 ,198009,197202,14,4,5,工作日,非高峰,2015-05-15,2015年5月15日,阵雨 /阵雨,25℃ / 16℃,东北风 ≤3级 /东北风 ≤3级,阵雨,阵雨,25,16,东北风,≤3级,东北风,≤3级,day
2015-04-08 16:00:00,小河,1、追尾的,负全部责任,不负责任,1,贵A53J79,白色,1,贵A19Z55,白色,习水县汽车驾驶培训学校,消防驾校,-1,2014/8/8 0:00,大众牌,奥迪,366577000000000000 ,364558000000000000 ,198907,199103,16,2,4,工作日,非高峰,2015-04-08,2015年4月8日,小雨 /小雨,10℃ / 6℃,东北风 ≤3级 /东北风 ≤3级,小雨,小雨,10,6,东北风,≤3级,东北风,≤3级,day
2015-03-16 14:05:00,文昌南路,1、追尾的,负全部责任,不负责任,1,贵A358E4,银,1,贵A66J61,白,习水县汽车驾驶培训学校,-1,2012/12/13 0:00,-1,华神牌,谛艾仕牌,366577000000000000 ,364548000000000000 ,199003,198212,14,0,3,工作日,非高峰,2015-03-16,2015年3月16日,阴 /多云,20℃ / 15℃,南风 ≤3级 /南风 ≤3级,阴,多云,20,15,南风,≤3级,南风,≤3级,day
2015-05-05 10:30:00,新华路,3、倒车的,负全部责任,不负责任,1,贵CEP249,白色,1,贵A25C45,白色,遵义市驰龙封闭式汽车驾驶培训有限公司,景宏驾校,-1,2013/4/27 0:00,-1,比亚迪牌,366546000000000000 ,364566000000000000 ,198406,199210,10,1,5,工作日,非高峰,2015-05-05,2015年5月5日,阵雨 /阵雨,21℃ / 15℃,南风 ≤3级 /南风 ≤3级,阵雨,阵雨,21,15,南风,≤3级,南风,≤3级,day
2015-04-08 13:00:00,二戈寨,7、未按规定让行的 ,负全部责任,不负责任,1,贵CBG072,白色,1,贵A99H55,白色,遵义县机动车驾驶培训学校,青正驾校,-1,2012/4/12 0:00,起亚牌,北京现代牌,366566000000000000 ,366664000000000000 ,197404,197806,13,2,4,工作日,非高峰,2015-04-08,2015年4月8日,小雨 /小雨,10℃ / 6℃,东北风 ≤3级 /东北风 ≤3级,小雨,小雨,10,6,东北风,≤3级,东北风,≤3级,day
2015-03-20 08:16:00,苗圃隧道,1、追尾的,负全部责任,不负责任,1,贵CW3146,白色,1,贵A0326学,黑色,遵义市驰龙封闭式汽车驾驶培训有限公司,-1,2011/6/16 0:00,-1,福克斯牌,-1,366276000000000000 ,364545000000 ,198208,124686,8,4,3,工作日,早高峰(7-9点),2015-03-20,2015年3月20日,阴 /阵雨,14℃ / 10℃,东北风 ≤3级 /东北风 ≤3级,阴,阵雨,14,10,东北风,≤3级,东北风,≤3级,day
2015-05-01 11:40:00,杨家山隧道,1、追尾的,负全部责任,不负责任,1,贵ATW365,白色,1,贵AGX447,白色,遵义市航天汽车驾驶员培训有限公司,全林驾校,2011/2/24 0:00,2006/11/23 0:00,雪佛兰科帕奇,北京现代牌,364548000000000000 ,61442500000000000 ,196910,197507,11,4,5,工作日,非高峰,2015-05-01,2015年5月1日,阵雨 /多云,25℃ / 14℃,东南风 ≤3级 /东北风 ≤3级,阵雨,多云,25,14,东南风,≤3级,东北风,≤3级,day
2015-04-12 12:04:00,大关,1、追尾的,负全部责任,不负责任,1,贵GV4297,银,1,贵AEH914,银,自培,十一培,2012/3/31 0:00,1989/5/9 0:00,-1,蒙迪欧牌,366577000000000000 ,366367000000000000 ,197404,195812,12,6,4,周末,非高峰,2015-04-12,2015年4月12日,晴 /多云,21℃ / 7℃,东风 ≤3级 /东风 ≤3级,晴,多云,21,7,东风,≤3级,东风,≤3级,day
2015-03-04 13:30:00,百花大道,8、依法应负全责的其他情形,负全部责任,不负责任,1,贵ABM796,白,1,贵JS9638,红,自培,自培,2012/3/31 0:00,2003/11/17 0:00,解放牌,北京现代牌,366577000000000000 ,364548000000000000 ,197404,198505,13,2,3,工作日,非高峰,2015-03-04,2015年3月4日,小雨 /小雨,6℃ / 1℃,东北风 ≤3级 /东北风 ≤3级,小雨,小雨,6,1,东北风,≤3级,东北风,≤3级,day
2015-05-13 08:30:00,花果园立交,7、未按规定让行的 ,负全部责任,不负责任,1,贵AAX963,白色,1,贵A0BW19,白色,（南明区）铁二局驾驶培训有限公司,新华驾校（乌当区）,2005/5/30 0:00,2015/4/23 0:00,福克斯牌,福克斯牌,366567000000000000 ,366876000000000000 ,198105,198003,8,2,5,工作日,早高峰(7-9点),2015-05-13,2015年5月13日,多云 /阵雨,26℃ / 19℃,东南风 ≤3级 /东南风 ≤3级,多云,阵雨,26,19,东南风,≤3级,东南风,≤3级,day
2015-04-27 14:00:00,南明区,1、追尾的,负全部责任,不负责任,1,贵JCS381,白色,1,贵FV2408,白色,（南明区）铁二局驾驶培训有限公司,520130,2006/7/27 0:00,2009/4/2 0:00,别克牌,荣威牌,364548000000000000 ,366068000000000000 ,198804,197508,14,0,4,工作日,非高峰,2015-04-27,2015年4月27日,阴 /雷阵雨,21℃ / 14℃,东南风 ≤3级 /东北风 ≤3级,阴,雷阵雨,21,14,东南风,≤3级,东北风,≤3级,day
2015-02-17 09:25:00,金竹镇金夕路,3、倒车的,负全部责任,不负责任,1,贵AEZ675,白色,1,贵A4015K,白色,（南明区）铁二局驾驶培训有限公司,顺一驾驶培训学校,2006/8/10 0:00,2012/9/22 0:00,长城牌,豪情牌,366362000000000000 ,364556000000000000 ,197909,198907,9,1,2,工作日,早高峰(7-9点),2015-02-17,2015年2月17日,阴 /阴,17℃ / 11℃,东南风 ≤3级 /南风 ≤3级,阴,阴,17,11,东南风,≤3级,南风,≤3级,day
2015-05-09 00:00:00,清水江路,7、未按规定让行的 ,负全部责任,不负责任,1,贵ARE743,白色,1,贵A4492Z,白色,（南明区）铁二局驾驶培训有限公司,520109,2006/8/29 0:00,2010/4/12 0:00,锋范牌,中华牌,364547000000000000 ,364556000000000000 ,198703,198911,0,5,5,工作日,非高峰,2015-05-09,2015年5月9日,阵雨 /阵雨,23℃ / 16℃,东北风 ≤3级 /东南风 ≤3级,阵雨,阵雨,23,16,东北风,≤3级,东南风,≤3级,night
2015-03-18 08:20:00,松山路,1、追尾的,负全部责任,不负责任,1,贵GJ8156,银,1,贵A5910P,银,（南明区）铁二局驾驶培训有限公司,520123,2007/4/19 0:00,2009/4/22 0:00,东风标致牌,长安牌,366846000000000000 ,366068000000000000 ,198107,198903,8,2,3,工作日,早高峰(7-9点),2015-03-18,2015年3月18日,多云 /多云,24℃ / 14℃,南风 ≤3级 /南风 ≤3级,多云,多云,24,14,南风,≤3级,南风,≤3级,day
2015-02-05 11:15:00,大营坡,7、未按规定让行的 ,负全部责任,不负责任,1,贵AV6051,白色,1,贵F63661,白色,（南明区）铁二局驾驶培训有限公司,顺一驾驶培训学校,2005/5/30 0:00,2010/3/22 0:00,隆鑫牌,解放牌,376570000000000000 ,366067000000000000 ,197509,198309,11,3,2,工作日,非高峰,2015-02-05,2015年2月5日,阴 /阴,3℃ / 0℃,东北风 ≤3级 /东北风 ≤3级,阴,阴,3,0,东北风,≤3级,东北风,≤3级,day
2015-05-24 13:50:00,水东路,1、追尾的,负全部责任,不负责任,0,贵A86R21,红,1,贵A53A48,红,自培,520136,2004/12/6 0:00,2009/9/9 0:00,奥迪,大众汽车牌,364548000000000000 ,364547000000000000 ,197710,198601,13,6,5,周末,非高峰,2015-05-24,2015年5月24日,多云 /阴,24℃ / 18℃,东风 ≤3级 /东南风 ≤3级,多云,阴,24,18,东风,≤3级,东南风,≤3级,day
2015-04-13 12:00:00,万东桥,1、追尾的,负全部责任,不负责任,1,贵AAE991,白色,1,贵A91N75,白色,（南明区）铁二局驾驶培训有限公司,（南明区）铁二局驾驶培训有限公司,2006/8/22 0:00,2006/8/22 0:00,力帆牌,丰田牌,364547000000000000 ,364547000000000000 ,198707,198707,12,0,4,工作日,非高峰,2015-04-13,2015年4月13日,晴 /多云,23℃ / 8℃,东北风 ≤3级 /东北风 ≤3级,晴,多云,23,8,东北风,≤3级,东北风,≤3级,day
2015-04-17 18:00:00,金华,3、倒车的,负全部责任,不负责任,1,贵AJL937,红,1,贵FA4272,白,遵义市航天汽车驾驶员培训有限公司,自培,2011/4/19 0:00,2003/5/15 0:00,长城牌,兰盾牌,364547000000000000 ,366361000000000000 ,195910,197705,18,4,4,工作日,晚高峰(17-19点),2015-04-17,2015年4月17日,多云 /多云,28℃ / 19℃,南风 ≤3级 /南风 ≤3级,多云,多云,28,19,南风,≤3级,南风,≤3级,day
2015-04-04 13:17:00,市北路,1、追尾的,负全部责任,不负责任,1,贵AK9982,银,1,贵A72L38,银,遵义集顺达交通运输（集团）汽车驾驶培训有限公司,自培,2012/6/25 0:00,2006/1/12 0:00,雅阁牌,东风雪铁龙牌,366566000000000000 ,364548000000000000 ,198405,197809,13,5,4,工作日,非高峰,2015-04-04,2015年4月4日,多云 /多云,29℃ / 18℃,南风 ≤3级 /南风 ≤3级,多云,多云,29,18,南风,≤3级,南风,≤3级,day
2015-04-20 07:30:00,金阳南路,7、未按规定让行的 ,负全部责任,不负责任,1,贵AU3116,银,1,贵A9208P,蓝,遵义集顺达交通运输（集团）汽车驾驶培训有限公司,自培,2011/9/23 0:00,2002/5/8 0:00,瑞麒牌,雪佛兰牌,364596000000000000 ,364557000000000000 ,199010,198111,7,0,4,工作日,早高峰(7-9点),2015-04-20,2015年4月20日,阴 /阴,20℃ / 11℃,东北风 ≤3级 /东北风 ≤3级,阴,阴,20,11,东北风,≤3级,东北风,≤3级,day
2015-04-20 11:31:00,新添大道,1、追尾的,负全部责任,不负责任,1,贵AA9646,白,1,贵AR9341,银,（南明区）铁二局驾驶培训有限公司,-1,2006/10/13 0:00,-1,宝马,新鸽牌,366263000000000000 ,3660680000000000 ,198409,190803,11,0,4,工作日,非高峰,2015-04-20,2015年4月20日,阴 /阴,20℃ / 11℃,东北风 ≤3级 /东北风 ≤3级,阴,阴,20,11,东北风,≤3级,东北风,≤3级,day
2015-04-27 15:35:00,解放路,1、追尾的,负全部责任,不负责任,1,贵AJZ287,白色,1,贵ASP059,白色,（南明区）铁二局驾驶培训有限公司,-1,2005/5/30 0:00,-1,五菱牌,奥德赛牌,574377000000000000 ,364547000000000 ,198408,621102,15,0,4,工作日,非高峰,2015-04-27,2015年4月27日,阴 /雷阵雨,21℃ / 14℃,东南风 ≤3级 /东北风 ≤3级,阴,雷阵雨,21,14,东南风,≤3级,东北风,≤3级,day