accidenttime,accidentaddr,driver1fault,driver1responsibility,driver2responsibility,sex1,platenumber1,carcolor1,sex2,platenumber2,carcolor2,jxmc1,jxmc2,cclzrq1,cclzrq2,clpp1,clpp2,driver1license,driver2license,brith1,brith2,hour,weekday,month,is_weekday,peak_hour,date,日期,天气状况,气温,风力风向,day_wea,night_wea,day_tep,night_tep,day_wind_direction,day_wind_speed,night_wind_direction,night_wind_speed,segment
2015-04-15 14:00:00,花溪,9、不符合前8款规定或者双方同时具有上述情形的,负同等责任,负同等责任,1,贵A29E38,白色,1,贵CHE387,白色,（南明区）铁二局驾驶培训有限公司,-1,2004/12/16 0:00,-1,朗逸牌,五菱牌,364548000000000000 ,366569000000000000 ,197907,197804,14,2,4,工作日,非高峰,2015-04-15,2015年4月15日,多云 /多云,24℃ / 16℃,东南风 ≤3级 /南风 ≤3级,多云,多云,24,16,东南风,≤3级,南风,≤3级,day
2015-05-12 09:00:00,北京西路,9、不符合前8款规定或者双方同时具有上述情形的,负同等责任,负同等责任,0,贵A6BL20,白,1,浙D5W237,白,（南明区）铁二局驾驶培训有限公司,520133,2007/5/30 0:00,2009/3/23 0:00,别克牌,-1,354268000000000000 ,774266000000000000 ,197503,198104,9,1,5,工作日,早高峰(7-9点),2015-05-12,2015年5月12日,阴 /雷阵雨,24℃ / 13℃,南风 ≤3级 /南风 ≤3级,阴,雷阵雨,24,13,南风,≤3级,南风,≤3级,day
2015-04-19 16:00:00,白云区,7、未按规定让行的 ,负全部责任,不负责任,1,贵A363C9,银,1,贵A39W21,黑,（南明区）铁二局驾驶培训有限公司,-1,2007/9/3 0:00,-1,斯卡特牌,大众牌,364547000000000000 ,364558000000000000 ,198907,196508,16,6,4,周末,非高峰,2015-04-19,2015年4月19日,阵雨 /阵雨,22℃ / 13℃,东北风 ≤3级 /东北风 ≤3级,阵雨,阵雨,22,13,东北风,≤3级,东北风,≤3级,day
2015-03-26 17:00:00,淮河路,1、追尾的,负全部责任,不负责任,1,贵AA4273,白色,1,贵AKE146,白色,（南明区）铁二局驾驶培训有限公司,自培,2005/9/27 0:00,2003/12/2 0:00,轻骑,雅阁牌,364547000000000000 ,364547000000000000 ,198703,198109,17,3,3,工作日,晚高峰(17-19点),2015-03-26,2015年3月26日,阴 /阵雨,17℃ / 12℃,南风 ≤3级 /南风 ≤3级,阴,阵雨,17,12,南风,≤3级,南风,≤3级,day
2015-03-10 11:59:00,石林路,4、停车时未挂低速档、未拉驻车制动，导致车辆滑行的,负全部责任,不负责任,1,贵AKC901,红,1,贵A11P48,白,铁二局驾校,新天驾校,2010/6/29 0:00,2014/7/20 0:00,哈弗牌,马自达牌,366061000000000000 ,366669000000000000 ,196808,198708,11,1,3,工作日,非高峰,2015-03-10,2015年3月10日,小雨 /小雨,8℃ / 4℃,东北风 ≤3级 /东北风 ≤3级,小雨,小雨,8,4,东北风,≤3级,东北风,≤3级,day
2015-03-22 16:00:00,西二环,7、未按规定让行的 ,负全部责任,不负责任,1,贵ATF932,白色,1,贵GF7296,白色,铁二局驾校,顺一驾驶培训学校,2010/6/21 0:00,2012/2/20 0:00,解放牌,别克,356164000000000000 ,364596000000000000 ,197310,199212,16,6,3,周末,非高峰,2015-03-22,2015年3月22日,阵雨 /阵雨,19℃ / 10℃,东南风 ≤3级 /东风 ≤3级,阵雨,阵雨,19,10,东南风,≤3级,东风,≤3级,day
2015-05-18 12:00:00,解放路,7、未按规定让行的 ,负全部责任,不负责任,1,贵AU3653,白色,1,贵A0BN67,白色,（南明区）铁二局驾驶培训有限公司,-1,2007/12/4 0:00,-1,万达牌,奥迪牌,366566000000000000 ,366666000000000000 ,197401,198908,12,0,5,工作日,非高峰,2015-05-18,2015年5月18日,多云 /多云,25℃ / 18℃,东北风 ≤3级 /东北风 ≤3级,多云,多云,25,18,东北风,≤3级,东北风,≤3级,day
2015-03-24 09:28:00,都司路,9、不符合前8款规定或者双方同时具有上述情形的,负同等责任,负同等责任,1,贵A67A41,白色,1,临贵A0H534,白色,新天驾校,新天驾校,2010/6/30 0:00,2015/2/16 0:00,朗逸牌,-1,354670000000000000 ,366766000000000000 ,197105,198908,9,1,3,工作日,早高峰(7-9点),2015-03-24,2015年3月24日,小雨 /阵雨,13℃ / 7℃,东北风 ≤3级 /东北风 ≤3级,小雨,阵雨,13,7,东北风,≤3级,东北风,≤3级,day
2015-05-01 17:10:00,金清大道,1、追尾的,负全部责任,不负责任,1,贵A86881,红,1,贵A28N41,白,（南明区）铁二局驾驶培训有限公司,自培,2008/4/3 0:00,2001/4/19 0:00,华威驰乐牌,一汽佳星牌,364568000000000000 ,366570000000000000 ,198610,197309,17,4,5,工作日,晚高峰(17-19点),2015-05-01,2015年5月1日,阵雨 /多云,25℃ / 14℃,东南风 ≤3级 /东北风 ≤3级,阵雨,多云,25,14,东南风,≤3级,东北风,≤3级,day
2015-05-15 09:50:00,金阳南路,9、不符合前8款规定或者双方同时具有上述情形的,负同等责任,不负责任,1,贵AK6721,红,1,贵AFA214,白,（经开区）十一驾驶培训有限公司,-1,2005/12/5 0:00,-1,歌诗图牌,江铃全顺牌,366064000000000000 ,354670000000000000 ,198206,197408,9,4,5,工作日,早高峰(7-9点),2015-05-15,2015年5月15日,阵雨 /阵雨,25℃ / 16℃,东北风 ≤3级 /东北风 ≤3级,阵雨,阵雨,25,16,东北风,≤3级,东北风,≤3级,day
2015-05-11 11:00:00,龙洞堡,7、未按规定让行的 ,负全部责任,不负责任,1,川A1G505,白色,1,贵JQ6204,白色,自培,自培,2008/6/20 0:00,2004/4/7 0:00,-1,-1,366863000000000000 ,364547000000000000 ,198709,198510,11,0,5,工作日,非高峰,2015-05-11,2015年5月11日,多云 /多云,24℃ / 13℃,东北风 ≤3级 /东北风 ≤3级,多云,多云,24,13,东北风,≤3级,东北风,≤3级,day
2015-03-23 17:35:00,西二环,1、追尾的,负全部责任,不负责任,1,贵JBQ326,黑色,1,贵CGP506,白色,文通驾校,自培,2011/6/13 0:00,2003/4/11 0:00,吉利美日牌,本田牌,364556000000000000 ,364558000000000000 ,198205,198412,17,0,3,工作日,晚高峰(17-19点),2015-03-23,2015年3月23日,多云 /阴,17℃ / 9℃,东北风 ≤3级 /东北风 ≤3级,多云,阴,17,9,东北风,≤3级,东北风,≤3级,day
2015-04-02 13:00:00,二戈寨,7、未按规定让行的 ,负全部责任,不负责任,1,贵GV9509,白色,1,贵GQ6377,白色,贵州省长安驾驶培训学校,青正驾校,2006/3/15 0:00,2012/12/24 0:00,宝骏牌,福特牌,366368000000000000 ,364557000000000000 ,198010,199010,13,3,4,工作日,非高峰,2015-04-02,2015年4月2日,多云 /多云,30℃ / 18℃,南风 ≤3级 /南风 ≤3级,多云,多云,30,18,南风,≤3级,南风,≤3级,day
2015-03-08 17:30:00,金关,8、依法应负全责的其他情形,负全部责任,不负责任,1,贵A7961J,白,1,贵A226D9,白,铁二局驾校,520130,2014/2/27 0:00,-1,五菱牌,江淮牌,364557000000000000 ,366875000000000000 ,197201,196509,17,6,3,周末,晚高峰(17-19点),2015-03-08,2015年3月8日,小雨 /阴,11℃ / 6℃,东北风 ≤3级 /东北风 ≤3级,小雨,阴,11,6,东北风,≤3级,东北风,≤3级,day
2015-04-02 16:00:00,金竹镇,3、倒车的,负全部责任,不负责任,1,贵AB729M,白色,1,贵AA373W,白色,铁二局驾校,-1,2015/2/3 0:00,-1,吉利牌,金旅牌,366368000000000000 ,726069000000000000 ,197510,196811,16,3,4,工作日,非高峰,2015-04-02,2015年4月2日,多云 /多云,30℃ / 18℃,南风 ≤3级 /南风 ≤3级,多云,多云,30,18,南风,≤3级,南风,≤3级,day
2015-03-10 11:30:00,大营坡,1、追尾的,负全部责任,不负责任,1,GGC277,黑,0,贵ACC396,黑,（经开区）十一驾驶培训有限公司,-1,2005/10/25 0:00,-1,-1,梅赛德斯-奔驰牌,364547000000000000 ,366063000000000000 ,196908,197405,11,1,3,工作日,非高峰,2015-03-10,2015年3月10日,小雨 /小雨,8℃ / 4℃,东北风 ≤3级 /东北风 ≤3级,小雨,小雨,8,4,东北风,≤3级,东北风,≤3级,day
2015-03-10 12:00:00,大营坡,3、倒车的,负全部责任,不负责任,1,贵GGC277,黑,0,贵ACC396,黑,（经开区）十一驾驶培训有限公司,-1,2005/10/25 0:00,-1,起亚牌,梅赛德斯-奔驰牌,364547000000000000 ,366063000000000000 ,196908,197405,12,1,3,工作日,非高峰,2015-03-10,2015年3月10日,小雨 /小雨,8℃ / 4℃,东北风 ≤3级 /东北风 ≤3级,小雨,小雨,8,4,东北风,≤3级,东北风,≤3级,day
2015-04-22 12:00:00,金珠西路,1、追尾的,负全部责任,不负责任,1,贵E57894,黑,1,贵A5584B,白,吉源驾校,新华驾校,2012/12/25 0:00,2013/5/6 0:00,五菱牌,飞度牌,364548000000000000 ,364557000000000000 ,198902,198803,12,2,4,工作日,非高峰,2015-04-22,2015年4月22日,小雨 /小雨,15℃ / 10℃,东北风 ≤3级 /东北风 ≤3级,小雨,小雨,15,10,东北风,≤3级,东北风,≤3级,day
2015-03-10 10:35:00,上坝路,2、逆行的,负全部责任,不负责任,1,贵A79K51,白色,1,贵GM9072,黑色,吉源驾校,-1,2014/10/17 0:00,-1,长安牌,长安牌,364547000000000000 ,662448000000000000 ,197904,202014,10,1,3,工作日,非高峰,2015-03-10,2015年3月10日,小雨 /小雨,8℃ / 4℃,东北风 ≤3级 /东北风 ≤3级,小雨,小雨,8,4,东北风,≤3级,东北风,≤3级,day
2015-04-03 07:30:00,甲南村,8、依法应负全责的其他情形,负全部责任,不负责任,1,贵A2240A,银,1,贵AB534F,银,贵大佳德驾驶培训学校,新华驾校,2013/5/20 0:00,2012/11/29 0:00,五菱牌,力帆牌,364557000000000000 ,364557000000000000 ,199003,199312,7,4,4,工作日,早高峰(7-9点),2015-04-03,2015年4月3日,多云 /多云,30℃ / 19℃,南风 ≤3级 /南风 ≤3级,多云,多云,30,19,南风,≤3级,南风,≤3级,day
2015-03-09 22:10:00,医学院,7、未按规定让行的 ,负全部责任,不负责任,0,贵AU8709,蓝,1,贵H03129,银,（白云区）消防驾驶培训学校,全林驾校,2009/1/22 0:00,2011/9/5 0:00,三本牌,-1,36606051824242622X,366564000000000000 ,197606,198507,22,0,3,工作日,非高峰,2015-03-09,2015年3月9日,小雨 /小雨,10℃ / 5℃,东北风 ≤3级 /东北风 ≤3级,小雨,小雨,10,5,东北风,≤3级,东北风,≤3级,night
2015-03-10 11:00:00,新添寨,7、未按规定让行的 ,负全部责任,不负责任,1,贵AS6723,黑,1,贵A319G9,银,全林驾校,-1,2014/11/25 0:00,-1,大阳牌,福田牌,366575000000000000 ,364556000000000 ,198011,631123,11,1,3,工作日,非高峰,2015-03-10,2015年3月10日,小雨 /小雨,8℃ / 4℃,东北风 ≤3级 /东北风 ≤3级,小雨,小雨,8,4,东北风,≤3级,东北风,≤3级,day
2015-03-17 09:45:00,黔林山路,7、未按规定让行的 ,负全部责任,不负责任,1,贵A65L52,白,1,贵A7AL57,蓝,全林驾校,（花溪区）金马驾驶培训有限公司,2013/3/5 0:00,1989/12/31 0:00,雪佛兰牌,-1,364548000000000000 ,364547000000000000 ,199207,196606,9,1,3,工作日,早高峰(7-9点),2015-03-17,2015年3月17日,多云 /多云,25℃ / 14℃,南风 ≤3级 /南风 ≤3级,多云,多云,25,14,南风,≤3级,南风,≤3级,day
2015-04-09 17:00:00,白云区,3、倒车的,负全部责任,不负责任,1,贵ANS194,银,1,贵AHX353,银,（白云区）消防驾驶培训学校,自培,2007/6/28 0:00,2003/8/26 0:00,东风牌,明锐牌,364558000000000000 ,364558000000000000 ,198305,197903,17,3,4,工作日,晚高峰(17-19点),2015-04-09,2015年4月9日,阴 /小雨,11℃ / 7℃,东北风 ≤3级 /东北风 ≤3级,阴,小雨,11,7,东北风,≤3级,东北风,≤3级,day
2015-04-08 07:50:00,头桥,1、追尾的,负全部责任,不负责任,1,贵A82F38,白,1,贵A479C6,银,（南明区）市交通职业技术驾驶培训学校,自培,2009/3/2 0:00,2000/5/23 0:00,雪佛兰牌,解放牌,55795500000000000 ,366361000000000000 ,198012,198009,7,2,4,工作日,早高峰(7-9点),2015-04-08,2015年4月8日,小雨 /小雨,10℃ / 6℃,东北风 ≤3级 /东北风 ≤3级,小雨,小雨,10,6,东北风,≤3级,东北风,≤3级,day
2015-02-17 10:00:00,八匹马,7、未按规定让行的 ,负全部责任,不负责任,1,贵A6103L,蓝,0,贵JBQ994,蓝,全林驾校,自培,2015/1/23 0:00,2004/9/6 0:00,五菱牌,东风日产牌,364566000000000000 ,366067000000000000 ,199209,197612,10,1,2,工作日,非高峰,2015-02-17,2015年2月17日,阴 /阴,17℃ / 11℃,东南风 ≤3级 /南风 ≤3级,阴,阴,17,11,东南风,≤3级,南风,≤3级,day
2015-04-08 08:30:00,南厂路,1、追尾的,负全部责任,不负责任,1,贵HAJ254,白色,1,贵AV4128,白色,凯信驾校,自培,2014/2/20 0:00,2004/6/10 0:00,江铃全顺牌,圣火神牌,36626351994649653X,364547000000000000 ,198802,196605,8,2,4,工作日,早高峰(7-9点),2015-04-08,2015年4月8日,小雨 /小雨,10℃ / 6℃,东北风 ≤3级 /东北风 ≤3级,小雨,小雨,10,6,东北风,≤3级,东北风,≤3级,day
2015-03-15 17:03:00,金钟桥,7、未按规定让行的 ,负全部责任,不负责任,1,贵JL8113,银,1,贵GM8357,黑,路路达驾校,-1,2013/9/12 0:00,-1,长安牌,别克牌,366064000000000000 ,366662000000000000 ,198605,198011,17,6,3,周末,晚高峰(17-19点),2015-03-15,2015年3月15日,阴 /阴,18℃ / 13℃,东风 ≤3级 /南风 ≤3级,阴,阴,18,13,东风,≤3级,南风,≤3级,day
2015-05-20 13:00:00,党武,7、未按规定让行的 ,负全部责任,不负责任,1,贵AET348,白色,1,贵E36118,白色,（南明区）金大驾驶培训有限公司,-1,2007/12/13 0:00,-1,大众汽车牌,-1,366566000000000000 ,366761000000000000 ,197905,198112,13,2,5,工作日,非高峰,2015-05-20,2015年5月20日,阴 /阵雨,23℃ / 17℃,东北风 ≤3级 /东北风 ≤3级,阴,阵雨,23,17,东北风,≤3级,东北风,≤3级,day
2015-03-14 09:10:00,乌当,7、未按规定让行的 ,负全部责任,不负责任,1,贵A2936A,白,1,川XAF435,红,新天驾校,吉源驾校,2014/11/4 0:00,2014/3/10 0:00,长安牌,奇瑞牌 ,364557000000000000 ,355266000000000000 ,199601,199301,9,5,3,工作日,早高峰(7-9点),2015-03-14,2015年3月14日,阴 /阴,17℃ / 12℃,南风 ≤3级 /东南风 ≤3级,阴,阴,17,12,南风,≤3级,东南风,≤3级,day
2015-03-14 18:50:00,北二环,1、追尾的,负全部责任,不负责任,1,贵A5434C,蓝,1,贵AF5167,白,新天驾校,520106,2014/2/11 0:00,2009/1/12 0:00,雪佛兰牌,凯诺牌,366868000000000000 ,366564000000000000 ,199102,197508,18,5,3,工作日,晚高峰(17-19点),2015-03-14,2015年3月14日,阴 /阴,17℃ / 12℃,南风 ≤3级 /东南风 ≤3级,阴,阴,17,12,南风,≤3级,东南风,≤3级,day
2015-04-05 08:30:00,花溪,8、依法应负全责的其他情形,负全部责任,不负责任,1,贵AJQ168,白色,1,川A9BK25,白色,金大驾校,-1,2013/7/11 0:00,-1,马自达牌,五菱牌,364556000000000000 ,356346000000000000 ,198911,197504,8,6,4,周末,早高峰(7-9点),2015-04-05,2015年4月5日,阴 /阵雨,30℃ / 12℃,南风 ≤3级 /东北风 ≤3级,阴,阵雨,30,12,南风,≤3级,东北风,≤3级,day
2015-02-08 18:00:00,乌当区龙广路,8、依法应负全责的其他情形,负全部责任,不负责任,1,贵GC0038,黑色,0,贵CKS886,白色,金大驾校,自培,2013/12/6 0:00,2003/5/9 0:00,东风标致牌,马自达牌,364557000000000000 ,366575000000000000 ,199101,197512,18,6,2,周末,晚高峰(17-19点),2015-02-08,2015年2月8日,阴 /阴,7℃ / 3℃,东北风 ≤3级 /南风 ≤3级,阴,阴,7,3,东北风,≤3级,南风,≤3级,day
2015-04-17 19:00:00,望城坡,9、不符合前8款规定或者双方同时具有上述情形的,负同等责任,负同等责任,1,贵GK8769,白色,1,贵A2292J,白色,（云岩区）时发驾驶培训有限公司,自培,2007/12/28 0:00,2008/6/4 0:00,丰田牌,宝来牌,357366000000000000 ,355468000000000000 ,197211,197807,19,4,4,工作日,晚高峰(17-19点),2015-04-17,2015年4月17日,多云 /多云,28℃ / 19℃,南风 ≤3级 /南风 ≤3级,多云,多云,28,19,南风,≤3级,南风,≤3级,day
2015-04-09 16:00:00,望城坡,1、追尾的,负全部责任,不负责任,1,贵A8544V,白色,1,贵GL5869,白色,时发驾校,-1,2012/1/10 0:00,-1,比亚迪牌,宗申牌,364558000000000000 ,366845512948675X,199301,196807,16,3,4,工作日,非高峰,2015-04-09,2015年4月9日,阴 /小雨,11℃ / 7℃,东北风 ≤3级 /东北风 ≤3级,阴,小雨,11,7,东北风,≤3级,东北风,≤3级,day
2015-04-19 11:30:00,杨家山隧道,1、追尾的,负全部责任,不负责任,1,贵ANS597,黑,1,贵A3351A,黑,（南明区）阳光驾驶培训有限公司,-1,2010/12/8 0:00,-1,华泰圣达菲牌,丰田牌,734596000000000000 ,364558000000000000 ,198401,196005,11,6,4,周末,非高峰,2015-04-19,2015年4月19日,阵雨 /阵雨,22℃ / 13℃,东北风 ≤3级 /东北风 ≤3级,阵雨,阵雨,22,13,东北风,≤3级,东北风,≤3级,day
2015-02-06 08:50:00,转弯塘,1、追尾的,负全部责任,不负责任,0,贵A54H42,蓝,1,贵A45X98,黑,蓝天驾校,-1,2014/11/5 0:00,-1,长安牌,丰田牌,364558000000000000 ,366246000000000000 ,196705,198005,8,4,2,工作日,早高峰(7-9点),2015-02-06,2015年2月6日,多云 /小雨,9℃ / 2℃,南风 ≤3级 /南风 ≤3级,多云,小雨,9,2,南风,≤3级,南风,≤3级,day
2015-03-16 08:50:00,北京西路,1、追尾的,负全部责任,不负责任,1,贵HAS331,白,0,贵A67E91,白,蓝天驾校,自培,2015/1/29 0:00,2012/3/2 0:00,长安牌,长城牌,64190500000000000 ,364547000000000000 ,199003,196512,8,0,3,工作日,早高峰(7-9点),2015-03-16,2015年3月16日,阴 /多云,20℃ / 15℃,南风 ≤3级 /南风 ≤3级,阴,多云,20,15,南风,≤3级,南风,≤3级,day
2015-04-19 15:49:00,八角岩,8、依法应负全责的其他情形,负全部责任,不负责任,1,贵AD8967,白,1,贵A37G64,蓝,自培,贵州现代驾驶培训责任有限公司,2005/1/27 0:00,2012/7/21 0:00,隆鑫牌,长安牌,364547000000000000 ,354669000000000000 ,195412,197203,15,6,4,周末,非高峰,2015-04-19,2015年4月19日,阵雨 /阵雨,22℃ / 13℃,东北风 ≤3级 /东北风 ≤3级,阵雨,阵雨,22,13,东北风,≤3级,东北风,≤3级,day
2015-04-09 15:40:00,兴筑路,7、未按规定让行的 ,负全部责任,不负责任,1,贵A6471L,银,1,贵AU9727,蓝,（云岩区）时发驾驶培训有限公司,（云岩区）时发驾驶培训有限公司,2009/12/22 0:00,2009/12/22 0:00,长安牌,瑞麒牌,366566000000000000 ,366566000000000000 ,198210,198210,15,3,4,工作日,非高峰,2015-04-09,2015年4月9日,阴 /小雨,11℃ / 7℃,东北风 ≤3级 /东北风 ≤3级,阴,小雨,11,7,东北风,≤3级,东北风,≤3级,day
2015-04-13 13:40:00,涴沙桥,9、不符合前8款规定或者双方同时具有上述情形的,负同等责任,负同等责任,1,贵APL053,黑,1,贵ACK837,黄,时发驾校,自培,2011/7/7 0:00,2005/7/19 0:00,长城牌,梅赛德斯-奔驰牌,364548000000000000 ,36606551874748565X,197911,197303,13,0,4,工作日,非高峰,2015-04-13,2015年4月13日,晴 /多云,23℃ / 8℃,东北风 ≤3级 /东北风 ≤3级,晴,多云,23,8,东北风,≤3级,东北风,≤3级,day
2015-03-19 15:24:00,北京东路,9、不符合前8款规定或者双方同时具有上述情形的,负同等责任,负同等责任,1,贵AU8354,绿,1,贵JBS155,白,（乌当区）新华驾驶培训有限公司,（乌当区）新华驾驶培训有限公司,2005/10/20 0:00,-1,海陵牌,别克牌,364547000000000000 ,774797000000000000 ,197305,198408,15,3,3,工作日,非高峰,2015-03-19,2015年3月19日,多云 /阵雨,26℃ / 12℃,南风 ≤3级 /东北风 ≤3级,多云,阵雨,26,12,南风,≤3级,东北风,≤3级,day
2015-04-04 20:30:00,西南家具城,7、未按规定让行的 ,负全部责任,不负责任,1,贵ATV954,红,1,贵A5AU16,黑,新华驾校,全林驾校,2013/9/3 0:00,2012/4/12 0:00,吉利美日牌,雅阁牌,364558000000000000 ,355761000000000000 ,199103,198201,20,5,4,工作日,非高峰,2015-04-04,2015年4月4日,多云 /多云,29℃ / 18℃,南风 ≤3级 /南风 ≤3级,多云,多云,29,18,南风,≤3级,南风,≤3级,night
2015-04-22 12:30:00,黄河路,3、倒车的,负全部责任,不负责任,1,贵AKL742,白色,1,临贵AHF966,白色,时发驾校（云岩区）,省交校,2015/4/1 0:00,2010/6/1 0:00,东风标致牌,-1,36454651105560397X,364547000000000000 ,199411,198806,12,2,4,工作日,非高峰,2015-04-22,2015年4月22日,小雨 /小雨,15℃ / 10℃,东北风 ≤3级 /东北风 ≤3级,小雨,小雨,15,10,东北风,≤3级,东北风,≤3级,day
2015-05-11 11:10:00,小河,7、未按规定让行的 ,负全部责任,不负责任,1,贵AS8155,红色,1,贵A32B68,白色,景宏驾校,公安干院驾校,2012/4/25 0:00,2007/1/22 0:00,建豪牌,起亚牌,364568000000000000 ,364547000000000000 ,198504,198604,11,0,5,工作日,非高峰,2015-05-11,2015年5月11日,多云 /多云,24℃ / 13℃,东北风 ≤3级 /东北风 ≤3级,多云,多云,24,13,东北风,≤3级,东北风,≤3级,day
2015-04-09 17:13:00,二手车市场,7、未按规定让行的 ,负全部责任,不负责任,1,渝BQ2251,红,1,贵A7734Z,白,大方大山汽车驾驶培训学校,全林驾校,-1,2012/6/15 0:00,无,雪佛兰牌,366067000000000000 ,364558000000000000 ,197812,198809,17,3,4,工作日,晚高峰(17-19点),2015-04-09,2015年4月9日,阴 /小雨,11℃ / 7℃,东北风 ≤3级 /东北风 ≤3级,阴,小雨,11,7,东北风,≤3级,东北风,≤3级,day
2015-02-06 08:30:00,金阳南路,4、停车时未挂低速档、未拉驻车制动，导致车辆滑行的,负全部责任,不负责任,1,贵A7781B,黑,0,贵AEX999,红,毕节地区新毕汽车驾驶培训学校,520133,-1,2011/8/4 0:00,思铭牌,宝马牌,366067000000000000 ,364548000000000000 ,198707,198908,8,4,2,工作日,早高峰(7-9点),2015-02-06,2015年2月6日,多云 /小雨,9℃ / 2℃,南风 ≤3级 /南风 ≤3级,多云,小雨,9,2,南风,≤3级,南风,≤3级,day
2015-04-19 15:30:00,会展城,7、未按规定让行的 ,负全部责任,不负责任,1,贵A7781B,黑,0,贵APL756,黑,毕节地区新毕汽车驾驶培训学校,时发驾校,-1,2010/11/26 0:00,思铭牌,大众汽车牌,366067000000000000 ,356169000000000000 ,198707,197711,15,6,4,周末,非高峰,2015-04-19,2015年4月19日,阵雨 /阵雨,22℃ / 13℃,东北风 ≤3级 /东北风 ≤3级,阵雨,阵雨,22,13,东北风,≤3级,东北风,≤3级,day
2015-04-06 14:10:00,金花镇,1、追尾的,负全部责任,不负责任,1,贵FJ9758,银,1,贵A3922C,银,毕节地区宏强汽车(摩托车)驾驶培训学校,青正驾校,-1,2012/10/15 0:00,航天牌,五菱,366064000000000000 ,366347000000000000 ,199110,198403,14,0,4,工作日,非高峰,2015-04-06,2015年4月6日,阵雨 /阵雨,17℃ / 7℃,东北风 ≤3级 /东北风 ≤3级,阵雨,阵雨,17,7,东北风,≤3级,东北风,≤3级,day
2015-04-08 14:05:00,西二环,7、未按规定让行的 ,负全部责任,不负责任,1,贵GM8880,银,1,贵AV3764,黑,瓮安县江沣机动车驾驶培训学校有限公司,自培,-1,2011/7/5 0:00,宝马,天马牌,366864000000000000 ,364066000000000000 ,199006,199101,14,2,4,工作日,非高峰,2015-04-08,2015年4月8日,小雨 /小雨,10℃ / 6℃,东北风 ≤3级 /东北风 ≤3级,小雨,小雨,10,6,东北风,≤3级,东北风,≤3级,day
2015-05-15 14:40:00,北二环,7、未按规定让行的 ,负全部责任,不负责任,1,贵AFU476,蓝,1,贵A57E67,蓝,瓮安县江沣机动车驾驶培训学校有限公司,自培,-1,2011/7/5 0:00,北京现代牌,别克牌,366864000000000000 ,364066000000000000 ,199006,199101,14,4,5,工作日,非高峰,2015-05-15,2015年5月15日,阵雨 /阵雨,25℃ / 16℃,东北风 ≤3级 /东北风 ≤3级,阵雨,阵雨,25,16,东北风,≤3级,东北风,≤3级,day
2015-05-27 11:40:00,大营坡,7、未按规定让行的 ,负全部责任,不负责任,1,贵G56498,银,1,贵AED062,黑,铁二局驾校,（乌当区）全林驾驶培训有限公司,2010/4/30 0:00,2015/4/10 0:00,-1,奥迪牌,36454751955550095X,364547000000000000 ,198111,199609,11,2,5,工作日,非高峰,2015-05-27,2015年5月27日,阴 /阵雨,26℃ / 20℃,南风 ≤3级 /东北风 ≤3级,阴,阵雨,26,20,南风,≤3级,东北风,≤3级,day
2015-03-12 10:30:00,云潭南路,7、未按规定让行的 ,负全部责任,不负责任,1,贵AB504W,银,1,贵A2859G,银,贵州现代驾驶培训责任有限公司,-1,2009/11/19 0:00,-1,夏利牌,五菱牌,364596000000000000 ,36657651155655505X,198612,199112,10,3,3,工作日,非高峰,2015-03-12,2015年3月12日,多云 /多云,16℃ / 10℃,南风 ≤3级 /南风 ≤3级,多云,多云,16,10,南风,≤3级,南风,≤3级,day
2015-03-15 17:40:00,上坝路,7、未按规定让行的 ,负全部责任,不负责任,1,贵AAX903,白色,1,贵A066AP,白色,（南明区）铁二局驾驶培训有限公司,十一驾驶培训有限公司,2009/2/24 0:00,2011/7/11 0:00,海马牌,-1,364547000000000000 ,354268000000000000 ,198405,197302,17,6,3,周末,晚高峰(17-19点),2015-03-15,2015年3月15日,阴 /阴,18℃ / 13℃,东风 ≤3级 /南风 ≤3级,阴,阴,18,13,东风,≤3级,南风,≤3级,day
2015-02-07 14:40:00,嘉润路,1、追尾的,负全部责任,不负责任,1,贵A82B62,白色,1,贵A67G1,白色,（南明区）铁二局驾驶培训有限公司,铁二局驾校,2004/12/6 0:00,2012/9/4 0:00,思域牌,-1,364547000000000000 ,355247000000000000 ,198507,199109,14,5,2,工作日,非高峰,2015-02-07,2015年2月7日,阴 /阴,8℃ / 3℃,东北风 ≤3级 /东北风 ≤3级,阴,阴,8,3,东北风,≤3级,东北风,≤3级,day
2015-02-06 09:01:00,北京西路,8、依法应负全责的其他情形,负全部责任,不负责任,1,贵AU2924,绿,1,贵A1AM74,蓝,黔西县阳光机动车驾驶学校有限责任公司,黔西县阳光机动车驾驶学校有限责任公司,-1,-1,瑞麒牌,北京牌,356168000000000000 ,356168000000000000 ,197007,197007,9,4,2,工作日,早高峰(7-9点),2015-02-06,2015年2月6日,多云 /小雨,9℃ / 2℃,南风 ≤3级 /南风 ≤3级,多云,小雨,9,2,南风,≤3级,南风,≤3级,day
2015-04-09 13:30:00,花溪,7、未按规定让行的 ,负全部责任,不负责任,1,贵A1700G,白色,1,贵GP0913,白色,织金县织通驾驶培训学校,铁二局驾校,-1,2013/12/27 0:00,力帆牌,丰田牌,366064000000000000 ,366664000000000000 ,196203,198904,13,3,4,工作日,非高峰,2015-04-09,2015年4月9日,阴 /小雨,11℃ / 7℃,东北风 ≤3级 /东北风 ≤3级,阴,小雨,11,7,东北风,≤3级,东北风,≤3级,day
2015-04-13 14:00:00,沙冲路,3、倒车的,负全部责任,不负责任,1,临贵A2G289,白色,1,贵A85P63,白色,玉屏顺达驾驶培训学校,自培,2010/8/27 0:00,2004/3/12 0:00,-1,野马牌,366668000000000000 ,366361000000000000 ,198201,197110,14,0,4,工作日,非高峰,2015-04-13,2015年4月13日,晴 /多云,23℃ / 8℃,东北风 ≤3级 /东北风 ≤3级,晴,多云,23,8,东北风,≤3级,东北风,≤3级,day