accidenttime,accidentaddr,driver1fault,driver1responsibility,driver2responsibility,sex1,platenumber1,carcolor1,sex2,platenumber2,carcolor2,jxmc1,jxmc2,cclzrq1,cclzrq2,clpp1,clpp2,driver1license,driver2license,brith1,brith2,hour,weekday,month,is_weekday,peak_hour,date,日期,天气状况,气温,风力风向,day_wea,night_wea,day_tep,night_tep,day_wind_direction,day_wind_speed,night_wind_direction,night_wind_speed,segment
2015-03-15 17:00:00,油榨街,7、未按规定让行的 ,负全部责任,不负责任,1,贵A59K86,银,1,贵AEN523,红,铜仁地区锦宏咨询服务有限公司驾驶培训学校,自培,2014/5/8 0:00,2007/2/26 0:00,大众牌,荣威牌,366666000000000000 ,364596000000000000 ,197101,198712,17,6,3,周末,晚高峰(17-19点),2015-03-15,2015年3月15日,阴 /阴,18℃ / 13℃,东风 ≤3级 /南风 ≤3级,阴,阴,18,13,东风,≤3级,南风,≤3级,day
2015-03-03 20:30:00,四方河,1、追尾的,负全部责任,不负责任,1,贵AU8067,绿,1,贵A5A181,白,正安县永昇驾驶培训学校,自培,2011/6/23 0:00,2003/4/29 0:00,爱立新牌,马自达牌,366561000000000000 ,364547000000000000 ,198311,197001,20,1,3,工作日,非高峰,2015-03-03,2015年3月3日,小雨 /小雨,8℃ / 3℃,东北风 ≤3级 /东北风 ≤3级,小雨,小雨,8,3,东北风,≤3级,东北风,≤3级,night
2015-03-02 22:00:00,三桥,8、依法应负全责的其他情形,负全部责任,不负责任,1,贵AU1143,绿,1,贵AH6753,红,自培,-1,2011/9/5 0:00,-1,大阳牌,起亚牌,364558000000000000 ,364547000000000 ,197406,600107,22,0,3,工作日,非高峰,2015-03-02,2015年3月2日,阴 /小雨,9℃ / 2℃,东北风 ≤3级 /东北风 ≤3级,阴,小雨,9,2,东北风,≤3级,东北风,≤3级,night
2015-03-06 10:00:00,甘荫塘,8、依法应负全责的其他情形,负全部责任,不负责任,1,贵A57M49,白色,1,贵A49G72,白色,毕节地区金春汽车驾驶培训学校,自培,-1,2011/7/12 0:00,中华牌,长安牌,366046000000000000 ,364556000000000000 ,198708,199211,10,4,3,工作日,非高峰,2015-03-06,2015年3月6日,小雨 /小雨,5℃ / 3℃,东北风 ≤3级 /东北风 ≤3级,小雨,小雨,5,3,东北风,≤3级,东北风,≤3级,day
2015-03-14 10:50:00,转弯塘,9、不符合前8款规定或者双方同时具有上述情形的,负同等责任,负同等责任,1,贵A14N74,银,1,贵JBP188,黑,贵定县阳光汽车驾驶培训学校,-1,2011/5/11 0:00,-1,长安牌,宝骏牌,366868000000000000 ,74355500000000000 ,199102,198001,10,5,3,工作日,非高峰,2015-03-14,2015年3月14日,阴 /阴,17℃ / 12℃,南风 ≤3级 /东南风 ≤3级,阴,阴,17,12,南风,≤3级,东南风,≤3级,day
2015-04-12 13:25:00,白云区,8、依法应负全责的其他情形,负全部责任,不负责任,1,贵A560C9,黑,1,贵A0290A ,黑,黔西县宏远黔职驾校有限公司,预约考试窗口,2010/8/11 0:00,2006/9/7 0:00,解放牌,-1,366067000000000000 ,364558000000000000 ,198602,196709,13,6,4,周末,非高峰,2015-04-12,2015年4月12日,晴 /多云,21℃ / 7℃,东风 ≤3级 /东风 ≤3级,晴,多云,21,7,东风,≤3级,东风,≤3级,day
2015-04-28 12:30:00,白云区,3、倒车的,负全部责任,不负责任,1,贵ACD348,白,1,贵AB495N,蓝,（花溪区）高新十七驾驶培训有限公司,520116,2008/1/24 0:00,2010/1/25 0:00,众泰牌,长安牌,366368000000000000 ,36455651914953631X,197604,198908,12,1,4,工作日,非高峰,2015-04-28,2015年4月28日,多云 /多云,25℃ / 15℃,东北风 ≤3级 /东北风 ≤3级,多云,多云,25,15,东北风,≤3级,东北风,≤3级,day
2015-02-05 02:39:00,家瑞路,3、倒车的,负全部责任,不负责任,1,贵A689G6,黑,0,贵AMT527,黑,黔西南州天和实业有限公司,-1,2012/2/14 0:00,-1,解放牌,东风日产牌,366761000000000000 ,724548000000000000 ,198910,197910,2,3,2,工作日,非高峰,2015-02-05,2015年2月5日,阴 /阴,3℃ / 0℃,东北风 ≤3级 /东北风 ≤3级,阴,阴,3,0,东北风,≤3级,东北风,≤3级,night
2015-04-22 15:00:00,漓江花园,3、倒车的,负全部责任,不负责任,1,贵AP1979,白色,1,贵A4CB13,白色,罗甸县吉兴汽车驾驶培训学校,自培,2014/9/28 0:00,2007/6/11 0:00,蒙德王牌,别克牌,364551000000000000 ,364547000000000000 ,198602,198808,15,2,4,工作日,非高峰,2015-04-22,2015年4月22日,小雨 /小雨,15℃ / 10℃,东北风 ≤3级 /东北风 ≤3级,小雨,小雨,15,10,东北风,≤3级,东北风,≤3级,day
2015-05-24 08:00:00,金竹路,8、依法应负全责的其他情形,负全部责任,不负责任,1,桂C28019,白色,1,贵A15H19,白色,高新驾校,十一驾驶培训有限公司,2013/5/10 0:00,2011/8/26 0:00,-1,五菱牌,03676751815454630X,364558000000000000 ,197910,196908,8,6,5,周末,早高峰(7-9点),2015-05-24,2015年5月24日,多云 /阴,24℃ / 18℃,东风 ≤3级 /东南风 ≤3级,多云,阴,24,18,东风,≤3级,东南风,≤3级,day
2015-04-02 14:01:00,八匹马,9、不符合前8款规定或者双方同时具有上述情形的,负同等责任,负同等责任,1,贵ACK258,黑,1,贵A1967Y,银,贵工大驾校（南明区）,新华驾校,2015/3/23 0:00,1996/7/18 0:00,大众牌,江淮牌,364547000000000000 ,364558000000000000 ,198904,195708,14,3,4,工作日,非高峰,2015-04-02,2015年4月2日,多云 /多云,30℃ / 18℃,南风 ≤3级 /南风 ≤3级,多云,多云,30,18,南风,≤3级,南风,≤3级,day
2015-05-11 10:00:00,金竹立交,8、依法应负全责的其他情形,负全部责任,不负责任,1,贵GM3362,白色,1,贵A259D8,白色,镇宁县宏伟汽车有限责任公司汽车（摩托车培训学校）,-1,2011/11/3 0:00,-1,-1,东风牌,366369000000000000 ,73459551934945538X,197010,198508,10,0,5,工作日,非高峰,2015-05-11,2015年5月11日,多云 /多云,24℃ / 13℃,东北风 ≤3级 /东北风 ≤3级,多云,多云,24,13,东北风,≤3级,东北风,≤3级,day
2015-03-25 08:00:00,艺校立交,7、未按规定让行的 ,负全部责任,不负责任,1,贵4265649,白色 ,1,贵A88F79,白色,（经开区）十一驾驶培训有限公司,全林驾校,2008/2/4 0:00,2013/3/14 0:00,-1,马自达牌,366067000000000000 ,364548000000000000 ,198611,198501,8,2,3,工作日,早高峰(7-9点),2015-03-25,2015年3月25日,阴 /阵雨,14℃ / 9℃,东北风 ≤3级 /东北风 ≤3级,阴,阵雨,14,9,东北风,≤3级,东北风,≤3级,day
2015-04-13 20:30:00,大关,7、未按规定让行的 ,负全部责任,不负责任,1,贵A96936,白,1,川AL4839,红,（经开区）十一驾驶培训有限公司,-1,2006/5/9 0:00,-1,大众牌,神行者 2,364556000000000000 ,357146000000000000 ,197006,198805,20,0,4,工作日,非高峰,2015-04-13,2015年4月13日,晴 /多云,23℃ / 8℃,东北风 ≤3级 /东北风 ≤3级,晴,多云,23,8,东北风,≤3级,东北风,≤3级,night
2015-02-07 19:50:00,北京路口,7、未按规定让行的 ,负全部责任,不负责任,1,贵AU0298,绿,1,贵A24C87,黄,（经开区）十一驾驶培训有限公司,全林驾校,2008/9/11 0:00,2010/7/27 0:00,万达牌,丰田牌,05746651944348845X,366361000000000000 ,198005,198311,19,5,2,工作日,晚高峰(17-19点),2015-02-07,2015年2月7日,阴 /阴,8℃ / 3℃,东北风 ≤3级 /东北风 ≤3级,阴,阴,8,3,东北风,≤3级,东北风,≤3级,day
2015-03-15 16:00:00,四方合理,1、追尾的,负全部责任,不负责任,1,贵A3244E,白色,1,贵A4021X,白色,十一驾驶培训有限公司,平坝驾校,2014/3/31 0:00,-1,北京现代牌,长安牌,366364000000000000 ,366363000000000000 ,196502,196904,16,6,3,周末,非高峰,2015-03-15,2015年3月15日,阴 /阴,18℃ / 13℃,东风 ≤3级 /南风 ≤3级,阴,阴,18,13,东风,≤3级,南风,≤3级,day
2015-04-21 09:00:00,金阳,7、未按规定让行的 ,负全部责任,不负责任,1,贵GT5173,黑,1,贵AU7132,黄,安顺市鸿运驾校,自培,2011/8/3 0:00,2004/3/30 0:00,隆鑫牌,陆慷光洋牌,364557000000000000 ,364547000000000000 ,197310,197503,9,1,4,工作日,早高峰(7-9点),2015-04-21,2015年4月21日,阴 /阵雨,17℃ / 10℃,东北风 ≤3级 /东北风 ≤3级,阴,阵雨,17,10,东北风,≤3级,东北风,≤3级,day
2015-02-04 22:10:00,花溪小吃城,1、追尾的,负全部责任,不负责任,1,贵GJ7661,白色,1,贵AVA694,白色,高新驾校,自培,2014/7/20 0:00,2002/2/7 0:00,别克牌,大众汽车牌,364556000000000000 ,364556000000000000 ,198604,197801,22,2,2,工作日,非高峰,2015-02-04,2015年2月4日,小雨 /小雨,4℃ / 0℃,东北风 ≤3级 /东北风 ≤3级,小雨,小雨,4,0,东北风,≤3级,东北风,≤3级,night
2015-04-10 07:41:00,小河,7、未按规定让行的 ,负全部责任,不负责任,1,贵A15G27,白色,1,贵A6215T,白色,十一驾驶培训有限公司,自培,2014/4/15 0:00,2006/8/24 0:00,吉利牌,东风牌,364547000000000000 ,364551000000000000 ,196302,198701,7,4,4,工作日,早高峰(7-9点),2015-04-10,2015年4月10日,小雨 /小雨,12℃ / 8℃,东北风 ≤3级 /东北风 ≤3级,小雨,小雨,12,8,东北风,≤3级,东北风,≤3级,day
2015-04-28 13:00:00,文昌北路,7、未按规定让行的 ,负全部责任,不负责任,1,贵AXG256,白色,1,贵AV0424,白色,（经开区）十一驾驶培训有限公司,-1,2009/9/9 0:00,-1,-1,力帆牌,364547000000000000 ,364557000000000 ,196704,751003,13,1,4,工作日,非高峰,2015-04-28,2015年4月28日,多云 /多云,25℃ / 15℃,东北风 ≤3级 /东北风 ≤3级,多云,多云,25,15,东北风,≤3级,东北风,≤3级,day
2015-02-04 22:28:00,贵阳市小河区翁岩安置区,8、依法应负全责的其他情形,负全部责任,不负责任,1,贵A1099R,白色,1,贵A6601B,白色,（经开区）顺一驾驶培训有限公司,-1,2009/4/23 0:00,-1,福克斯牌,红旗牌,36606251975549345X,36455100000000000 ,198311,198405,22,2,2,工作日,非高峰,2015-02-04,2015年2月4日,小雨 /小雨,4℃ / 0℃,东北风 ≤3级 /东北风 ≤3级,小雨,小雨,4,0,东北风,≤3级,东北风,≤3级,night
2015-02-07 12:20:00,龙洞堡桥头,7、未按规定让行的 ,负全部责任,不负责任,1,贵AA997T,白色,1,贵FL2203,白色,贵州省长安驾驶培训学校,-1,2014/11/25 0:00,-1,东风雪铁龙,隆鑫牌,54665500000000000 ,366067000000000000 ,198310,196301,12,5,2,工作日,非高峰,2015-02-07,2015年2月7日,阴 /阴,8℃ / 3℃,东北风 ≤3级 /东北风 ≤3级,阴,阴,8,3,东北风,≤3级,东北风,≤3级,day
2015-03-08 15:30:00,油榨街,7、未按规定让行的 ,负全部责任,不负责任,1,贵A35K97,黑色,1,贵A4AE63,黄色,贵州省长安驾驶培训学校,520116,2014/4/17 0:00,2008/9/10 0:00,北京现代牌,东风标致牌,504596000000000000 ,366664000000000000 ,198212,198107,15,6,3,周末,非高峰,2015-03-08,2015年3月8日,小雨 /阴,11℃ / 6℃,东北风 ≤3级 /东北风 ≤3级,小雨,阴,11,6,东北风,≤3级,东北风,≤3级,day
2015-03-02 15:30:00,甘荫塘,7、未按规定让行的 ,负全部责任,不负责任,1,贵AMW072,绿,1,贵A91W97,银,贵州省长安驾驶培训学校,-1,2010/5/20 0:00,-1,福田牌,思域牌,36606351855543645X,36455051984245447X,197111,198706,15,0,3,工作日,非高峰,2015-03-02,2015年3月2日,阴 /小雨,9℃ / 2℃,东北风 ≤3级 /东北风 ≤3级,阴,小雨,9,2,东北风,≤3级,东北风,≤3级,day
2015-04-19 13:00:00,观水路,1、追尾的,负全部责任,不负责任,0,贵CKF154,白,1,贵ALH521,黄,贵州省长安驾驶培训学校,新天驾校,2014/7/14 0:00,2014/8/5 0:00,东风雪铁龙牌,大众牌,366370000000000000 ,230567000000000000 ,199004,198507,13,6,4,周末,非高峰,2015-04-19,2015年4月19日,阵雨 /阵雨,22℃ / 13℃,东北风 ≤3级 /东北风 ≤3级,阵雨,阵雨,22,13,东北风,≤3级,东北风,≤3级,day
2015-03-30 08:00:00,乌当区,1、追尾的,负全部责任,不负责任,1,贵JP1493,白色,1,贵AV3237,白色,（南明区）长安驾驶培训有限公司,-1,2009/6/22 0:00,-1,长城牌,长城牌,366864000000000000 ,366067000000000000 ,197806,199004,8,0,3,工作日,早高峰(7-9点),2015-03-30,2015年3月30日,晴 /多云,24℃ / 17℃,南风 ≤3级 /南风 ≤3级,晴,多云,24,17,南风,≤3级,南风,≤3级,day
2015-03-02 09:32:00,北京路,1、追尾的,负全部责任,不负责任,1,贵GY6018,白,1,贵GR7026,黑,鑫鑫驾校,-1,2014/7/19 0:00,-1,福克斯牌,北京现代牌,364666000000000000 ,54795500000000000 ,198106,198709,9,0,3,工作日,早高峰(7-9点),2015-03-02,2015年3月2日,阴 /小雨,9℃ / 2℃,东北风 ≤3级 /东北风 ≤3级,阴,小雨,9,2,东北风,≤3级,东北风,≤3级,day
2015-04-08 17:46:00,花果园立交,1、追尾的,负全部责任,不负责任,1,贵AX4745,白色,1,贵JDY948,白色,十一驾驶培训有限公司,自培,2010/12/22 0:00,2005/5/20 0:00,银钢牌,五菱牌,366370000000000000 ,366875000000000000 ,198011,198502,17,2,4,工作日,晚高峰(17-19点),2015-04-08,2015年4月8日,小雨 /小雨,10℃ / 6℃,东北风 ≤3级 /东北风 ≤3级,小雨,小雨,10,6,东北风,≤3级,东北风,≤3级,day
2015-02-06 13:00:00,小河去平甘路,7、未按规定让行的 ,负全部责任,不负责任,1,贵ABB995,白色,1,贵A73R62,黑色,自培,自培,2011/12/30 0:00,2013/3/28 0:00,长安牌,夏利牌,364556000000000000 ,366061000000000000 ,199101,197407,13,4,2,工作日,非高峰,2015-02-06,2015年2月6日,多云 /小雨,9℃ / 2℃,南风 ≤3级 /南风 ≤3级,多云,小雨,9,2,南风,≤3级,南风,≤3级,day
2015-04-05 12:00:00,宝源4S,7、未按规定让行的 ,负全部责任,不负责任,1,贵A9BC37,白,1,贵GV9657,银,顺一驾驶培训学校,吉源驾校,2011/10/12 0:00,2014/7/20 0:00,宝马牌,夏利牌,364548000000000000 ,784970000000000000 ,198411,197310,12,6,4,周末,非高峰,2015-04-05,2015年4月5日,阴 /阵雨,30℃ / 12℃,南风 ≤3级 /东北风 ≤3级,阴,阵雨,30,12,南风,≤3级,东北风,≤3级,day
2015-03-02 15:48:00,小河区,7、未按规定让行的 ,负全部责任,不负责任,1,贵A65P66,白色,1,贵A78F12,黑色,顺一驾驶培训学校,文通驾校,2011/3/28 0:00,2012/2/15 0:00,五菱牌,长城牌,364556000000000000 ,364548000000000000 ,197307,198704,15,0,3,工作日,非高峰,2015-03-02,2015年3月2日,阴 /小雨,9℃ / 2℃,东北风 ≤3级 /东北风 ≤3级,阴,小雨,9,2,东北风,≤3级,东北风,≤3级,day
2015-05-15 10:30:00,营盘路,4、停车时未挂低速档、未拉驻车制动，导致车辆滑行的,负全部责任,不负责任,1,贵AZG737,白,0,贵A15E92,白,青正驾校,铁二局驾校,2011/9/27 0:00,2012/10/24 0:00,哈弗牌,福克斯牌,366347000000000000 ,36454651964343396X,198005,198205,10,4,5,工作日,非高峰,2015-05-15,2015年5月15日,阵雨 /阵雨,25℃ / 16℃,东北风 ≤3级 /东北风 ≤3级,阵雨,阵雨,25,16,东北风,≤3级,东北风,≤3级,day
2015-04-13 13:47:00,公安局,7、未按规定让行的 ,负全部责任,不负责任,1,贵A61V61,黑,1,贵GL2492,红,顺一驾驶培训学校,路路达驾校,2011/7/11 0:00,2012/6/25 0:00,江铃牌,大众汽车牌,364547000000000000 ,364548000000000000 ,198708,198903,13,0,4,工作日,非高峰,2015-04-13,2015年4月13日,晴 /多云,23℃ / 8℃,东北风 ≤3级 /东北风 ≤3级,晴,多云,23,8,东北风,≤3级,东北风,≤3级,day
2015-02-09 15:00:00,沙冲南路消防队门口,1、追尾的,负全部责任,不负责任,1,贵ARP808,白色,1,贵A33V18,白色,顺一驾驶培训学校,自培,2015/1/9 0:00,1995/2/7 0:00,长安牌,大众汽车,364548000000000000 ,364556000000000000 ,196611,197601,15,0,2,工作日,非高峰,2015-02-09,2015年2月9日,阴 /小雨,6℃ / 4℃,东北风 ≤3级 /东北风 ≤3级,阴,小雨,6,4,东北风,≤3级,东北风,≤3级,day
2015-04-08 23:11:00,百花山,1、追尾的,负全部责任,不负责任,1,贵ARG069,银,1,贵AU3565,绿,顺一驾驶培训学校,无,2012/12/31 0:00,2001/7/2 0:00,吉利牌,瑞麒牌,364557000000000000 ,366067000000000000 ,197509,198103,23,2,4,工作日,非高峰,2015-04-08,2015年4月8日,小雨 /小雨,10℃ / 6℃,东北风 ≤3级 /东北风 ≤3级,小雨,小雨,10,6,东北风,≤3级,东北风,≤3级,night
2015-04-15 08:30:00,太慈桥,7、未按规定让行的 ,负全部责任,不负责任,0,贵FR4456,红,1,贵A0BA92,白,顺一驾驶培训学校,-1,2014/2/11 0:00,-1,豪爵牌,哈弗牌,364558000000000000 ,364647000000000000 ,198010,198101,8,2,4,工作日,早高峰(7-9点),2015-04-15,2015年4月15日,多云 /多云,24℃ / 16℃,东南风 ≤3级 /南风 ≤3级,多云,多云,24,16,东南风,≤3级,南风,≤3级,day
2015-02-06 11:30:00,乌当,7、未按规定让行的 ,负全部责任,不负责任,1,贵ATX228,黑,1,贵A0AS59,白,鑫鑫驾校,自培,2015/1/6 0:00,2004/5/14 0:00,黄海牌,长安牌,366664000000000000 ,774543000000000000 ,199604,197204,11,4,2,工作日,非高峰,2015-02-06,2015年2月6日,多云 /小雨,9℃ / 2℃,南风 ≤3级 /南风 ≤3级,多云,小雨,9,2,南风,≤3级,南风,≤3级,day
2015-04-27 18:50:00,师大,7、未按规定让行的 ,负全部责任,不负责任,1,贵A69K93,蓝,1,贵A0R041,白,顺一驾驶培训学校,自培,2014/6/25 0:00,2007/6/26 0:00,骏逸牌,凯迪拉克牌,366347000000000000 ,364558000000000000 ,198308,198610,18,0,4,工作日,晚高峰(17-19点),2015-04-27,2015年4月27日,阴 /雷阵雨,21℃ / 14℃,东南风 ≤3级 /东北风 ≤3级,阴,雷阵雨,21,14,东南风,≤3级,东北风,≤3级,day
2015-03-01 12:00:00,小河王宽摆驾新村,7、未按规定让行的 ,负全部责任,不负责任,1,贵GL3114,白色,1,贵AU0858,白色,顺一驾驶培训学校,自培,2013/9/29 0:00,2004/2/17 0:00,宝马牌,万达牌,36760500000000000 ,364547000000000000 ,197112,196201,12,6,3,周末,非高峰,2015-03-01,2015年3月1日,阴 /阴,9℃ / 3℃,东风 ≤3级 /南风 ≤3级,阴,阴,9,3,东风,≤3级,南风,≤3级,day
2015-05-18 18:00:00,大十字,8、依法应负全责的其他情形,负全部责任,不负责任,1,贵AMB237,红,1,贵ADT211,黄,（乌当区）平安驾驶培训有限公司,蓝天驾校,2006/12/14 0:00,2015/2/4 0:00,一汽佳星牌,夏利牌,366068000000000000 ,364548000000000000 ,198310,197301,18,0,5,工作日,晚高峰(17-19点),2015-05-18,2015年5月18日,多云 /多云,25℃ / 18℃,东北风 ≤3级 /东北风 ≤3级,多云,多云,25,18,东北风,≤3级,东北风,≤3级,day
2015-02-06 08:40:00,世纪城,7、未按规定让行的 ,负全部责任,不负责任,1,贵CDT256,黑色,1,闽C944AL,黑色,贵州平安驾驶培训学校,预约考试窗口,2010/11/25 0:00,2006/8/16 0:00,东风日产牌,翼虎牌,366577000000000000 ,36636051974949095X,197206,198308,8,4,2,工作日,早高峰(7-9点),2015-02-06,2015年2月6日,多云 /小雨,9℃ / 2℃,南风 ≤3级 /南风 ≤3级,多云,小雨,9,2,南风,≤3级,南风,≤3级,day
2015-04-11 14:00:00,花果园,1、追尾的,负全部责任,不负责任,1,贵ALV175,黑,1,贵A73X29,蓝,自培,520130,2008/9/9 0:00,2008/11/13 0:00,奥迪牌,力狮,366067000000000000 ,254548000000000000 ,198911,197007,14,5,4,工作日,非高峰,2015-04-11,2015年4月11日,多云 /多云,15℃ / 9℃,东北风 ≤3级 /东风 ≤3级,多云,多云,15,9,东北风,≤3级,东风,≤3级,day
2015-03-11 10:23:00,杨家山隧道,1、追尾的,负全部责任,不负责任,1,贵A6G843,黑,1,贵A6379B,黑,（南明区）吉源驾驶培训有限公司,520134,2007/10/22 0:00,2008/9/17 0:00,欧蓝德,松花江,366364000000000000 ,366567000000000000 ,196606,197810,10,2,3,工作日,非高峰,2015-03-11,2015年3月11日,阴 /小雨,8℃ / 4℃,东北风 ≤3级 /东北风 ≤3级,阴,小雨,8,4,东北风,≤3级,东北风,≤3级,day
2015-03-18 15:00:00,花果园,7、未按规定让行的 ,负全部责任,不负责任,1,贵GV8899,白色,1,贵AU1819,白色,贵州现代驾驶培训责任有限公司,-1,2011/2/24 0:00,-1,大众牌,豹王牌,366361000000000000 ,366864000000000000 ,198210,197708,15,2,3,工作日,非高峰,2015-03-18,2015年3月18日,多云 /多云,24℃ / 14℃,南风 ≤3级 /南风 ≤3级,多云,多云,24,14,南风,≤3级,南风,≤3级,day
2015-05-03 11:30:00,世纪城,7、未按规定让行的 ,负全部责任,不负责任,1,贵AC6478,黑,1,贵A6AE42,红,贵州现代驾驶培训责任有限公司,520116,2013/5/9 0:00,2009/3/18 0:00,雷克牌,福克斯牌,366064000000000000 ,36676951974369495X,198808,198305,11,6,5,周末,非高峰,2015-05-03,2015年5月3日,阵雨 /阵雨,25℃ / 15℃,东北风 ≤3级 /东北风 ≤3级,阵雨,阵雨,25,15,东北风,≤3级,东北风,≤3级,day
2015-04-21 18:05:00,东林寺路,1、追尾的,负全部责任,不负责任,1,贵A3SY92,黑,1,贵AAC904,银,（南明区）吉源驾驶培训有限公司,时法驾校,2010/11/17 0:00,2006/1/25 0:00,-1,大众汽车牌,366667000000000000 ,366067000000000000 ,198201,198202,18,1,4,工作日,晚高峰(17-19点),2015-04-21,2015年4月21日,阴 /阵雨,17℃ / 10℃,东北风 ≤3级 /东北风 ≤3级,阴,阵雨,17,10,东北风,≤3级,东北风,≤3级,day
2015-05-28 05:00:00,八匹马,7、未按规定让行的 ,负全部责任,不负责任,0,贵AB5360,银,1,湘A2762C,白,（南明区）吉源驾驶培训有限公司,-1,2005/6/2 0:00,-1,别克牌,东风牌,364558000000000000 ,74565500000000000 ,196809,199007,5,3,5,工作日,非高峰,2015-05-28,2015年5月28日,多云 /雷阵雨,29℃ / 19℃,南风 ≤3级 /东南风 ≤3级,多云,雷阵雨,29,19,南风,≤3级,东南风,≤3级,night
2015-02-17 13:30:00,黔林西路,1、追尾的,负全部责任,不负责任,1,贵A73R11,黑,0,贵AK6623,蓝,（花溪区）金马驾驶培训有限公司,市交校,2009/3/23 0:00,1994/8/19 0:00,沃尔沃,风火轮牌,355463000000000000 ,364547000000000000 ,197404,196502,13,1,2,工作日,非高峰,2015-02-17,2015年2月17日,阴 /阴,17℃ / 11℃,东南风 ≤3级 /南风 ≤3级,阴,阴,17,11,东南风,≤3级,南风,≤3级,day
2015-03-25 09:00:00,二戈寨,7、未按规定让行的 ,负全部责任,不负责任,1,贵A46H92,白色,1,贵A80249,白色,文通驾校,-1,2012/2/28 0:00,-1,福克斯牌,东风牌,364547000000000000 ,366846000000000000 ,198607,196809,9,2,3,工作日,早高峰(7-9点),2015-03-25,2015年3月25日,阴 /阵雨,14℃ / 9℃,东北风 ≤3级 /东北风 ≤3级,阴,阵雨,14,9,东北风,≤3级,东北风,≤3级,day
2015-03-02 13:20:00,二铺,1、追尾的,负全部责任,不负责任,1,贵AA998T,蓝,1,贵J24849,黄,吉源驾校,顺一驾校（经开区）,2013/2/1 0:00,2012/6/11 0:00,五菱牌,起亚,364566000000000000 ,364566000000000000 ,198604,198303,13,0,3,工作日,非高峰,2015-03-02,2015年3月2日,阴 /小雨,9℃ / 2℃,东北风 ≤3级 /东北风 ≤3级,阴,小雨,9,2,东北风,≤3级,东北风,≤3级,day
2015-05-17 19:30:00,朝阳洞路,8、依法应负全责的其他情形,负全部责任,不负责任,1,贵AA247B,白色,1,贵A2CE17,白色,吉源驾校,自培,2014/7/20 0:00,2004/5/14 0:00,比亚迪牌,大众汽车牌,354868000000000000 ,364548000000000000 ,198807,196802,19,6,5,周末,晚高峰(17-19点),2015-05-17,2015年5月17日,阵雨 /雷阵雨,25℃ / 17℃,东北风 ≤3级 /南风 ≤3级,阵雨,雷阵雨,25,17,东北风,≤3级,南风,≤3级,day
2015-02-05 00:00:00,水东路,8、依法应负全责的其他情形,负全部责任,不负责任,0,贵A21W16,蓝,1,贵AMV035, 黑,（南明区）吉源驾驶培训有限公司,自培,2007/11/12 0:00,2003/3/17 0:00,福克斯(FOCUS)牌,跃进牌,364548000000000000 ,74865500000000000 ,198205,196603,0,3,2,工作日,非高峰,2015-02-05,2015年2月5日,阴 /阴,3℃ / 0℃,东北风 ≤3级 /东北风 ≤3级,阴,阴,3,0,东北风,≤3级,东北风,≤3级,night
2015-05-10 09:40:00,沙冲路,3、倒车的,负全部责任,不负责任,1,贵AC259G,白色,1,贵A6BA64,白色,（南明区）吉源驾驶培训有限公司,自培,2015/2/15 0:00,2003/8/27 0:00,北斗星牌,傲虎,366070000000000000 ,354966000000000000 ,198810,197610,9,6,5,周末,早高峰(7-9点),2015-05-10,2015年5月10日,阵雨 /雷阵雨,25℃ / 14℃,南风 ≤3级 /南风 ≤3级,阵雨,雷阵雨,25,14,南风,≤3级,南风,≤3级,day
2015-04-12 13:10:00,望城坡,7、未按规定让行的 ,负全部责任,不负责任,1,贵A053C6,白色,1,贵AA073L,白色,通发驾校,预约考试窗口,2014/8/14 0:00,2007/4/12 0:00,长安牌,丰田牌,364567000000000000 ,355266000000000000 ,199110,198510,13,6,4,周末,非高峰,2015-04-12,2015年4月12日,晴 /多云,21℃ / 7℃,东风 ≤3级 /东风 ≤3级,晴,多云,21,7,东风,≤3级,东风,≤3级,day
2015-02-06 09:00:00,三桥,7、未按规定让行的 ,负全部责任,不负责任,1,贵A6311A,白,1,贵A0175X,蓝,（观山湖区）诚信驾驶培训有限公司,路路达驾校,2008/11/4 0:00,2013/12/11 0:00,长安牌,长安牌,74366500000000000 ,366361000000000000 ,198310,198301,9,4,2,工作日,早高峰(7-9点),2015-02-06,2015年2月6日,多云 /小雨,9℃ / 2℃,南风 ≤3级 /南风 ≤3级,多云,小雨,9,2,南风,≤3级,南风,≤3级,day
2015-02-26 13:58:00,云潭南路,7、未按规定让行的 ,负全部责任,不负责任,1,贵A6871T,银,1,贵A2929L,银,诚信驾驶培训学校,贵大佳德驾驶培训学,2014/12/9 0:00,2008/5/13 0:00,长安牌,五菱牌,366068000000000000 ,366369000000000000 ,197606,197812,13,3,2,工作日,非高峰,2015-02-26,2015年2月26日,阴 /小雨,12℃ / 9℃,东风 ≤3级 /南风 ≤3级,阴,小雨,12,9,东风,≤3级,南风,≤3级,day
2015-03-04 16:30:00,沙冲路,1、追尾的,负全部责任,不负责任,1,贵A87B44,黑色,1,贵JBS144,黑色,文通驾校,铁二局驾校,2012/10/23 0:00,2014/4/1 0:00,马自达牌,北京现代牌,364551000000000000 ,36454651994142447X,198107,198809,16,2,3,工作日,非高峰,2015-03-04,2015年3月4日,小雨 /小雨,6℃ / 1℃,东北风 ≤3级 /东北风 ≤3级,小雨,小雨,6,1,东北风,≤3级,东北风,≤3级,day