accidenttime,accidentaddr,driver1fault,driver1responsibility,driver2responsibility,sex1,platenumber1,carcolor1,sex2,platenumber2,carcolor2,jxmc1,jxmc2,cclzrq1,cclzrq2,clpp1,clpp2,driver1license,driver2license,brith1,brith2,hour,weekday,month,is_weekday,peak_hour,date,日期,天气状况,气温,风力风向,day_wea,night_wea,day_tep,night_tep,day_wind_direction,day_wind_speed,night_wind_direction,night_wind_speed,segment
2015-02-26 14:50:00,白修路,1、追尾的,负全部责任,不负责任,1,贵A0727L,银,1,贵A8744M,银,（观山湖区）诚信驾驶培训有限公司,-1,2011/5/3 0:00,-1,雪佛兰牌,五菱牌,366368000000000000 ,366564000000000000 ,197105,198512,14,3,2,工作日,非高峰,2015-02-26,2015年2月26日,阴 /小雨,12℃ / 9℃,东风 ≤3级 /南风 ≤3级,阴,小雨,12,9,东风,≤3级,南风,≤3级,day
2015-02-06 21:10:00,麦架镇,9、不符合前8款规定或者双方同时具有上述情形的,负全部责任,不负责任,1,贵AUA451,黄,1,贵AAC476,银,（南明区）吉源驾驶培训有限公司,自培,2008/7/10 0:00,2008/12/25 0:00,吉利美日牌,黑豹牌,366347000000000000 ,366064000000000000 ,198201,196803,21,4,2,工作日,非高峰,2015-02-06,2015年2月6日,多云 /小雨,9℃ / 2℃,南风 ≤3级 /南风 ≤3级,多云,小雨,9,2,南风,≤3级,南风,≤3级,night
2015-02-07 18:00:00,大南门,7、未按规定让行的 ,负全部责任,不负责任,1,贵AKL002,银,1,贵AU2793,绿,（乌当区）全林驾驶培训有限公司,宏达驾校,2004/12/16 0:00,2008/5/8 0:00,起亚牌,国威牌,36455651925542475X,366246000000000000 ,198611,197002,18,5,2,工作日,晚高峰(17-19点),2015-02-07,2015年2月7日,阴 /阴,8℃ / 3℃,东北风 ≤3级 /东北风 ≤3级,阴,阴,8,3,东北风,≤3级,东北风,≤3级,day
2015-03-08 09:00:00,福州路,7、未按规定让行的 ,负全部责任,不负责任,1,贵AAA499,黑,0,浙F77L86,黑,未定义,-1,2013/12/9 0:00,-1,猎豹牌,雪佛兰牌,344797000000000000 ,574061000000000000 ,199407,198901,9,6,3,周末,早高峰(7-9点),2015-03-08,2015年3月8日,小雨 /阴,11℃ / 6℃,东北风 ≤3级 /东北风 ≤3级,小雨,阴,11,6,东北风,≤3级,东北风,≤3级,day
2015-03-11 14:50:00,富水北路,4、停车时未挂低速档、未拉驻车制动，导致车辆滑行的,负全部责任,不负责任,1,贵AS5063,白,1,贵AKU853,黄,全林驾校,（南明区）吉源驾驶培训有限公司,2010/3/3 0:00,1991/6/24 0:00,洛嘉牌,昊锐牌,364557000000000000 ,364548000000000000 ,198905,197308,14,2,3,工作日,非高峰,2015-03-11,2015年3月11日,阴 /小雨,8℃ / 4℃,东北风 ≤3级 /东北风 ≤3级,阴,小雨,8,4,东北风,≤3级,东北风,≤3级,day
2015-04-02 17:00:00,富源北路,1、追尾的,负全部责任,不负责任,1,贵A61M54,白色,1,贵GT6456,白色,全林驾校,铁二局驾校,2010/9/29 0:00,2012/11/10 0:00,长安牌,大运牌,364548000000000000 ,354767000000000000 ,199005,196507,17,3,4,工作日,晚高峰(17-19点),2015-04-02,2015年4月2日,多云 /多云,30℃ / 18℃,南风 ≤3级 /南风 ≤3级,多云,多云,30,18,南风,≤3级,南风,≤3级,day
2015-03-23 09:00:00,双峰路,7、未按规定让行的 ,负全部责任,不负责任,1,贵GR3524,黄,1,贵JBP895,黑,全林驾校（乌当区）,自培,2015/3/12 0:00,2010/4/12 0:00,名爵牌,江铃牌,356164000000000000 ,366361000000000000 ,196404,198111,9,0,3,工作日,早高峰(7-9点),2015-03-23,2015年3月23日,多云 /阴,17℃ / 9℃,东北风 ≤3级 /东北风 ≤3级,多云,阴,17,9,东北风,≤3级,东北风,≤3级,day
2015-02-06 17:31:00,苗圃隧道,1、追尾的,负全部责任,不负责任,1,贵ABL823,银,1,贵A14G76,黑,自培,时发驾校,2014/7/23 0:00,2011/9/6 0:00,长城牌,别克牌,364556000000000000 ,364547000000000000 ,198612,198811,17,4,2,工作日,晚高峰(17-19点),2015-02-06,2015年2月6日,多云 /小雨,9℃ / 2℃,南风 ≤3级 /南风 ≤3级,多云,小雨,9,2,南风,≤3级,南风,≤3级,day
2015-02-28 08:12:00,白云区,7、未按规定让行的 ,负全部责任,不负责任,1,贵A7502B,银,0,贵A9723J,白,（云岩区）省交通职业技术驾驶培训学校,景宏驾校,2005/2/4 0:00,2010/11/9 0:00,大地牌,明锐牌,36636651295451945X,364557000000000000 ,196810,197309,8,5,2,工作日,早高峰(7-9点),2015-02-28,2015年2月28日,小雨 /小雨,8℃ / 4℃,东北风 ≤3级 /东北风 ≤3级,小雨,小雨,8,4,东北风,≤3级,东北风,≤3级,day
2015-02-04 20:20:00,火焰山,7、未按规定让行的 ,负全部责任,不负责任,1,贵A7B576,黑,1,贵A7987F,红,省交校,贵大驾校,2011/9/9 0:00,2010/7/2 0:00,金杯牌,长安牌,364557000000000000 ,364556000000000000 ,197201,199009,20,2,2,工作日,非高峰,2015-02-04,2015年2月4日,小雨 /小雨,4℃ / 0℃,东北风 ≤3级 /东北风 ≤3级,小雨,小雨,4,0,东北风,≤3级,东北风,≤3级,night
2015-05-10 10:00:00,城基路,7、未按规定让行的 ,负全部责任,不负责任,1,贵A27F22,红,1,贵A83B57,蓝,省交校,预约考试窗口,2013/5/17 0:00,2006/11/9 0:00,别克牌,宝来,364547000000000000 ,364547000000000000 ,199405,197707,10,6,5,周末,非高峰,2015-05-10,2015年5月10日,阵雨 /雷阵雨,25℃ / 14℃,南风 ≤3级 /南风 ≤3级,阵雨,雷阵雨,25,14,南风,≤3级,南风,≤3级,day
2015-02-09 10:38:00,世纪城,7、未按规定让行的 ,负全部责任,不负责任,1,贵AHW311,黑,1,贵FF3823,黑,（云岩区）省交通职业技术驾驶培训学校,毕节地区宏强驾校,2008/10/15 0:00,-1,思威牌,大众汽车牌,366046000000000000 ,366064000000000000 ,198602,197010,10,0,2,工作日,非高峰,2015-02-09,2015年2月9日,阴 /小雨,6℃ / 4℃,东北风 ≤3级 /东北风 ≤3级,阴,小雨,6,4,东北风,≤3级,东北风,≤3级,day
2015-02-08 07:30:00,沙冲中路,1、追尾的,负全部责任,不负责任,1,贵4276138,黑色,1,贵JBQ338,银色,凯信驾校（花溪区）,自培,2015/6/1 0:00,2003/10/29 0:00,-1,大众汽车牌,366066000000000000 ,366568000000000000 ,196503,197311,7,6,2,周末,早高峰(7-9点),2015-02-08,2015年2月8日,阴 /阴,7℃ / 3℃,东北风 ≤3级 /南风 ≤3级,阴,阴,7,3,东北风,≤3级,南风,≤3级,day
2015-02-08 07:30:00,沙冲路,1、追尾的,负全部责任,不负责任,1,贵O276138,黑,1,贵JBQ338,黄,凯信驾校（花溪区）,自培,2015/6/1 0:00,2003/10/29 0:00,-1,大众汽车牌,366066000000000000 ,366568000000000000 ,196503,197311,7,6,2,周末,早高峰(7-9点),2015-02-08,2015年2月8日,阴 /阴,7℃ / 3℃,东北风 ≤3级 /南风 ≤3级,阴,阴,7,3,东北风,≤3级,南风,≤3级,day
2015-04-28 13:00:00,朝阳洞路,3、倒车的,负全部责任,不负责任,1,贵AK9201,白色,1,贵A19992,白色,贵州贵龙驾校,市交校,2014/6/17 0:00,2012/6/1 0:00,天鹰牌,奥迪,356168000000000000 ,734398000000000000 ,197401,199401,13,1,4,工作日,非高峰,2015-04-28,2015年4月28日,多云 /多云,25℃ / 15℃,东北风 ≤3级 /东北风 ≤3级,多云,多云,25,15,东北风,≤3级,东北风,≤3级,day
2015-02-11 18:00:00,省加油站进口,8、依法应负全责的其他情形,负全部责任,不负责任,1,贵ATU526,黑,1,贵A84C71,银,（白云区）消防驾驶培训学校,新天驾校,2007/3/19 0:00,2012/2/9 0:00,东风雪铁龙牌,夏利牌,364547000000000000 ,364548000000000000 ,198503,197107,18,2,2,工作日,晚高峰(17-19点),2015-02-11,2015年2月11日,多云 /多云,11℃ / 3℃,东风 ≤3级 /东北风 ≤3级,多云,多云,11,3,东风,≤3级,东北风,≤3级,day
2015-05-10 16:20:00,省建四公司,1、追尾的,负全部责任,不负责任,1,贵HCP633,白色,1,贵AH8088,白色,市交校,铁二局驾校,2012/6/27 0:00,2012/1/12 0:00,-1,豪爵牌,366861000000000000 ,366063000000000000 ,199010,199103,16,6,5,周末,非高峰,2015-05-10,2015年5月10日,阵雨 /雷阵雨,25℃ / 14℃,南风 ≤3级 /南风 ≤3级,阵雨,雷阵雨,25,14,南风,≤3级,南风,≤3级,day
2015-03-11 12:30:00,宝山北路,8、依法应负全责的其他情形,负全部责任,不负责任,1,贵ATV038,白色,1,贵AU7936,白色,市交校,预约考试窗口,2011/7/12 0:00,2006/9/4 0:00,揽胜,捷达牌,366064000000000000 ,364556000000000000 ,198812,196812,12,2,3,工作日,非高峰,2015-03-11,2015年3月11日,阴 /小雨,8℃ / 4℃,东北风 ≤3级 /东北风 ≤3级,阴,小雨,8,4,东北风,≤3级,东北风,≤3级,day
2015-04-21 10:30:00,二铺,7、未按规定让行的 ,负全部责任,不负责任,1,贵A253E9,黑,1,贵A45N94,银,全林驾校,长运驾校,2008/3/24 0:00,2014/6/27 0:00,江铃牌,长安牌,364557000000000000 ,354166000000000000 ,196507,197906,10,1,4,工作日,非高峰,2015-04-21,2015年4月21日,阴 /阵雨,17℃ / 10℃,东北风 ≤3级 /东北风 ≤3级,阴,阵雨,17,10,东北风,≤3级,东北风,≤3级,day
2015-04-05 21:52:00,大营坡,1、追尾的,负全部责任,不负责任,1,贵AJA323,白,1,贵A45C82,蓝,市交校,新天驾校,2012/4/24 0:00,2011/8/10 0:00,大众汽车牌,夏利牌,364548000000000000 ,366567000000000000 ,199311,197902,21,6,4,周末,非高峰,2015-04-05,2015年4月5日,阴 /阵雨,30℃ / 12℃,南风 ≤3级 /东北风 ≤3级,阴,阵雨,30,12,南风,≤3级,东北风,≤3级,night
2015-03-06 09:00:00,一四三厂,1、追尾的,负全部责任,不负责任,1,贵A5581学,白色,1,贵AB206J,白色,（云岩区）省交通职业技术驾驶培训学校,自培,2005/8/30 0:00,2002/2/8 0:00,-1,马自达牌,36454751245568045X,364556000000000000 ,196011,197311,9,4,3,工作日,早高峰(7-9点),2015-03-06,2015年3月6日,小雨 /小雨,5℃ / 3℃,东北风 ≤3级 /东北风 ≤3级,小雨,小雨,5,3,东北风,≤3级,东北风,≤3级,day
2015-02-04 14:30:00,金阳医院,1、追尾的,负全部责任,不负责任,1,贵F71168,白,1,贵CKL766,白,消防驾校,时法驾校,2010/5/19 0:00,2006/6/12 0:00,蒙迪欧牌,北京现代牌,366068000000000000 ,366067000000000000 ,197112,197404,14,2,2,工作日,非高峰,2015-02-04,2015年2月4日,小雨 /小雨,4℃ / 0℃,东北风 ≤3级 /东北风 ≤3级,小雨,小雨,4,0,东北风,≤3级,东北风,≤3级,day
2015-03-30 18:40:00,登高山,7、未按规定让行的 ,负全部责任,不负责任,1,贵JC1528,黑,0,贵ASL824,红,消防驾校,520110,2012/3/27 0:00,2009/6/19 0:00,佳乐,迷你,364558000000000000 ,366347000000000000 ,198211,198812,18,0,3,工作日,晚高峰(17-19点),2015-03-30,2015年3月30日,晴 /多云,24℃ / 17℃,南风 ≤3级 /南风 ≤3级,晴,多云,24,17,南风,≤3级,南风,≤3级,day
2015-04-19 12:49:00,蛮坡,1、追尾的,负全部责任,不负责任,1,贵A41A52,黄,1,贵AUA079,白,消防驾校,新天驾校,2011/4/11 0:00,2011/3/31 0:00,江铃全顺牌,丰田牌,364548000000000000 ,36455651824551633X,198503,197601,12,6,4,周末,非高峰,2015-04-19,2015年4月19日,阵雨 /阵雨,22℃ / 13℃,东北风 ≤3级 /东北风 ≤3级,阵雨,阵雨,22,13,东北风,≤3级,东北风,≤3级,day
2015-02-05 08:00:00,金关,7、未按规定让行的 ,负全部责任,不负责任,0,贵A7439S,黄,1,贵A44606,银,消防驾校,自培,2014/4/18 0:00,-1,大众汽车牌,丰田,364557000000000000 ,366067000000000000 ,198702,198505,8,3,2,工作日,早高峰(7-9点),2015-02-05,2015年2月5日,阴 /阴,3℃ / 0℃,东北风 ≤3级 /东北风 ≤3级,阴,阴,3,0,东北风,≤3级,东北风,≤3级,day
2015-04-27 13:40:00,白云区,7、未按规定让行的 ,负全部责任,不负责任,1,贵AM6141,银,1,粤QLX842,白,自培,（南明区）阳光驾驶培训有限公司,2010/4/13 0:00,2005/2/3 0:00,马自达牌,大众汽车牌,364557000000000000 ,366068000000000000 ,199110,197101,13,0,4,工作日,非高峰,2015-04-27,2015年4月27日,阴 /雷阵雨,21℃ / 14℃,东南风 ≤3级 /东北风 ≤3级,阴,雷阵雨,21,14,东南风,≤3级,东北风,≤3级,day
2015-05-15 17:30:00,西南家具城,8、依法应负全责的其他情形,负全部责任,不负责任,1,贵HM9149,蓝,1,贵AKW788,白,消防驾校,-1,2012/8/16 0:00,-1,-1,宝马牌,364558000000000000 ,366064000000000000 ,197501,197807,17,4,5,工作日,晚高峰(17-19点),2015-05-15,2015年5月15日,阵雨 /阵雨,25℃ / 16℃,东北风 ≤3级 /东北风 ≤3级,阵雨,阵雨,25,16,东北风,≤3级,东北风,≤3级,day
2015-03-25 07:50:00,西二环,1、追尾的,负全部责任,不负责任,1,贵A9752R,红,0,贵A2497G,银,消防驾校,贵大佳德驾驶培训学校,2011/2/14 0:00,2011/10/28 0:00,长安牌,长安牌,734398000000000000 ,364567000000000000 ,197211,199011,7,2,3,工作日,早高峰(7-9点),2015-03-25,2015年3月25日,阴 /阵雨,14℃ / 9℃,东北风 ≤3级 /东北风 ≤3级,阴,阵雨,14,9,东北风,≤3级,东北风,≤3级,day
2015-03-10 12:40:00,后坝,1、追尾的,负全部责任,不负责任,1,贵GV5764,蓝,1,贵AP9796,黑,消防驾校,自培,2011/3/21 0:00,2013/7/25 0:00,别克牌,山洋牌,364556000000000000 ,354670000000000000 ,198912,197811,12,1,3,工作日,非高峰,2015-03-10,2015年3月10日,小雨 /小雨,8℃ / 4℃,东北风 ≤3级 /东北风 ≤3级,小雨,小雨,8,4,东北风,≤3级,东北风,≤3级,day
2015-05-15 16:40:00,大营坡,8、依法应负全责的其他情形,负全部责任,不负责任,0,贵ACT718,红,1,贵AV6333,黄,消防驾校,诚信驾驶培训学校,2012/2/27 0:00,2009/6/11 0:00,丰田牌,东方牌,364558000000000000 ,364566000000000000 ,199010,198506,16,4,5,工作日,非高峰,2015-05-15,2015年5月15日,阵雨 /阵雨,25℃ / 16℃,东北风 ≤3级 /东北风 ≤3级,阵雨,阵雨,25,16,东北风,≤3级,东北风,≤3级,day
2015-03-14 20:07:00,云潭西路,7、未按规定让行的 ,负全部责任,不负责任,1,贵JP8893,白,1,贵A92379,红,自培,520101,2013/2/20 0:00,2008/5/6 0:00,利亚纳牌,豪泺牌,364557000000000000 ,364557000000000000 ,199107,197702,20,5,3,工作日,非高峰,2015-03-14,2015年3月14日,阴 /阴,17℃ / 12℃,南风 ≤3级 /东南风 ≤3级,阴,阴,17,12,南风,≤3级,东南风,≤3级,night
2015-03-22 17:05:00,瑞金北路,1、追尾的,负全部责任,不负责任,1,贵AU5183,绿,1,贵A59090,蓝,（乌当区）新天驾驶培训有限公司,金大驾校,2005/6/9 0:00,2012/6/20 0:00,五羊牌,神力,36656551205660647X,364558000000000000 ,196412,198511,17,6,3,周末,晚高峰(17-19点),2015-03-22,2015年3月22日,阵雨 /阵雨,19℃ / 10℃,东南风 ≤3级 /东风 ≤3级,阵雨,阵雨,19,10,东南风,≤3级,东风,≤3级,day
2015-03-04 22:30:00,育才路,7、未按规定让行的 ,负全部责任,不负责任,1,贵CGL759,银,0,贵A9752P,黑,新天驾校,-1,2012/1/13 0:00,-1,长安牌,中华牌,364646000000000000 ,364557000000000000 ,198201,197005,22,2,3,工作日,非高峰,2015-03-04,2015年3月4日,小雨 /小雨,6℃ / 1℃,东北风 ≤3级 /东北风 ≤3级,小雨,小雨,6,1,东北风,≤3级,东北风,≤3级,night
2015-03-08 16:40:00,威清路,3、倒车的,负全部责任,不负责任,1,贵AAG029,白,1,贵AEH991,银,（乌当区）新天驾驶培训有限公司,-1,2008/12/17 0:00,-1,神行者2,东风雪铁龙牌,356668000000000000 ,364547000000000000 ,197409,198111,16,6,3,周末,非高峰,2015-03-08,2015年3月8日,小雨 /阴,11℃ / 6℃,东北风 ≤3级 /东北风 ≤3级,小雨,阴,11,6,东北风,≤3级,东北风,≤3级,day
2015-02-28 20:00:00,南明区乡镇体育小区,9、不符合前8款规定或者双方同时具有上述情形的,负同等责任,负同等责任,1,贵CNQ878,白色,1,贵CNH244,白色,新天驾校,吉源驾校,2012/6/5 0:00,2014/8/20 0:00,飞度牌,长安牌,366566000000000000 ,366566000000000000 ,198904,198906,20,5,2,工作日,非高峰,2015-02-28,2015年2月28日,小雨 /小雨,8℃ / 4℃,东北风 ≤3级 /东北风 ≤3级,小雨,小雨,8,4,东北风,≤3级,东北风,≤3级,night
2015-05-10 14:00:00,花果园,8、依法应负全责的其他情形,负全部责任,不负责任,1,贵AB0107,白色,1,贵A365C3,白色,（乌当区）新天驾驶培训有限公司,自培,2008/5/6 0:00,2002/11/13 0:00,大众汽车牌,解放牌,364548000000000000 ,357366000000000000 ,198406,197208,14,6,5,周末,非高峰,2015-05-10,2015年5月10日,阵雨 /雷阵雨,25℃ / 14℃,南风 ≤3级 /南风 ≤3级,阵雨,雷阵雨,25,14,南风,≤3级,南风,≤3级,day
2015-04-19 00:00:00,顺海公园,7、未按规定让行的 ,负全部责任,不负责任,1,贵A21B76,白,1,贵CP6746,白,（乌当区）新天驾驶培训有限公司,（乌当区）新天驾驶培训有限公司,2010/3/3 0:00,2007/11/7 0:00,凯迪拉克牌,吉利牌,56160500000000000 ,36606051954254665X,196412,198106,0,6,4,周末,非高峰,2015-04-19,2015年4月19日,阵雨 /阵雨,22℃ / 13℃,东北风 ≤3级 /东北风 ≤3级,阵雨,阵雨,22,13,东北风,≤3级,东北风,≤3级,night
2015-03-07 13:30:00,虎门巷,7、未按规定让行的 ,负全部责任,不负责任,1,贵AF4488,银,1,贵AU7673,银,自培,-1,2005/2/25 0:00,-1,大阳牌,捷达牌,364547000000000000 ,36636100000000000 ,195612,197111,13,5,3,工作日,非高峰,2015-03-07,2015年3月7日,阴 /小雨,10℃ / 5℃,东风 ≤3级 /东南风 ≤3级,阴,小雨,10,5,东风,≤3级,东南风,≤3级,day
2015-04-28 08:00:00,环城北路,1、追尾的,负全部责任,不负责任,1,贵AR7522,绿,1,贵AU1085,蓝,（南明区）长运驾驶培训有限公司,源丰驾校,2004/12/1 0:00,2006/7/31 0:00,东方牌,瑞麒牌,366868000000000000 ,366575000000000000 ,197808,198007,8,1,4,工作日,早高峰(7-9点),2015-04-28,2015年4月28日,多云 /多云,25℃ / 15℃,东北风 ≤3级 /东北风 ≤3级,多云,多云,25,15,东北风,≤3级,东北风,≤3级,day
2015-02-05 17:20:00,金朱东路,7、未按规定让行的 ,负全部责任,不负责任,1,贵AL9032,白,1,贵AA043V,黑,（南明区）长运驾驶培训有限公司,贵州省长安驾驶培训学校,2007/9/13 0:00,2010/4/27 0:00,银钢牌,大众汽车牌,36606251924260005X,364548000000000000 ,198606,199104,17,3,2,工作日,晚高峰(17-19点),2015-02-05,2015年2月5日,阴 /阴,3℃ / 0℃,东北风 ≤3级 /东北风 ≤3级,阴,阴,3,0,东北风,≤3级,东北风,≤3级,day
2015-05-20 00:00:00,沙冲南路,8、依法应负全责的其他情形,负全部责任,不负责任,1,贵A7BV61,白色,1,贵A4AN86,白色,长运驾校,十一驾驶培训有限公司,2013/5/31 0:00,2014/5/29 0:00,起亚牌,昊锐牌,366269000000000000 ,364566000000000000 ,197806,199506,0,2,5,工作日,非高峰,2015-05-20,2015年5月20日,阴 /阵雨,23℃ / 17℃,东北风 ≤3级 /东北风 ≤3级,阴,阵雨,23,17,东北风,≤3级,东北风,≤3级,night
2015-04-25 18:50:00,瑞金路,7、未按规定让行的 ,负同等责任,负同等责任,1,贵GP5603,红,1,贵A95626,黑,长运驾校,长运驾校,2011/5/10 0:00,1992/12/17 0:00,东风日产牌,山鹰,374796000000000000 ,364547000000000000 ,198708,196308,18,5,4,工作日,晚高峰(17-19点),2015-04-25,2015年4月25日,阴 /阵雨,20℃ / 11℃,东风 ≤3级 /东南风 ≤3级,阴,阵雨,20,11,东风,≤3级,东南风,≤3级,day
2015-04-09 07:00:00,甲秀南路,7、未按规定让行的 ,负全部责任,不负责任,1,贵A4035Y,白色,1,贵AT4953,白色,长运驾校,消防驾校,2014/5/6 0:00,1984/10/9 0:00,北京现代牌,金龙牌,376764000000000000 ,364547000000000000 ,196204,196211,7,3,4,工作日,早高峰(7-9点),2015-04-09,2015年4月9日,阴 /小雨,11℃ / 7℃,东北风 ≤3级 /东北风 ≤3级,阴,小雨,11,7,东北风,≤3级,东北风,≤3级,day
2015-05-19 10:50:00,头桥,9、不符合前8款规定或者双方同时具有上述情形的,负同等责任,负同等责任,1,贵A52B22,白,1,贵AXP026,白,长运驾校,文通驾校,2014/5/6 0:00,2012/3/31 0:00,-1,-1,366861000000000000 ,364568000000000000 ,198210,199010,10,1,5,工作日,非高峰,2015-05-19,2015年5月19日,阵雨 /大雨,25℃ / 18℃,东北风 ≤3级 /南风 ≤3级,阵雨,大雨,25,18,东北风,≤3级,南风,≤3级,day
2015-04-22 15:30:00,南浦路,7、未按规定让行的 ,负全部责任,不负责任,1,贵A37W85,白色,1,贵A84L96,白色,（南明区）金大驾驶培训有限公司,吉源驾校,2006/9/4 0:00,2015/1/8 0:00,大众牌,东风标致牌,36656751844152747X,364547000000000000 ,197009,197005,15,2,4,工作日,非高峰,2015-04-22,2015年4月22日,小雨 /小雨,15℃ / 10℃,东北风 ≤3级 /东北风 ≤3级,小雨,小雨,15,10,东北风,≤3级,东北风,≤3级,day
2015-04-25 12:40:00,八角岩路,8、依法应负全责的其他情形,负全部责任,不负责任,0,贵FX4461,银,1,贵A72M48,银,自培,-1,2006/8/10 0:00,-1,东风日产牌,丰田牌,366063000000000000 ,36606900000000000 ,197110,192100,12,5,4,工作日,非高峰,2015-04-25,2015年4月25日,阴 /阵雨,20℃ / 11℃,东风 ≤3级 /东南风 ≤3级,阴,阵雨,20,11,东风,≤3级,东南风,≤3级,day
2015-05-11 13:40:00,金阳二手车门口,8、依法应负全责的其他情形,负全部责任,不负责任,1,贵A12848,黑,1,贵A9920S,白,路路达驾校,预约考试窗口,2013/3/20 0:00,2007/7/12 0:00,双庆牌,丰田牌,364557000000000000 ,366369000000000000 ,199408,198903,13,0,5,工作日,非高峰,2015-05-11,2015年5月11日,多云 /多云,24℃ / 13℃,东北风 ≤3级 /东北风 ≤3级,多云,多云,24,13,东北风,≤3级,东北风,≤3级,day
2015-04-21 18:10:00,金清线,1、追尾的,负全部责任,不负责任,1,贵A56R59,白,1,贵AU7494,蓝,路路达驾校,-1,2014/8/1 0:00,-1,大众汽车牌,黄海牌,364557000000000000 ,366561000000000000 ,199009,198004,18,1,4,工作日,晚高峰(17-19点),2015-04-21,2015年4月21日,阴 /阵雨,17℃ / 10℃,东北风 ≤3级 /东北风 ≤3级,阴,阵雨,17,10,东北风,≤3级,东北风,≤3级,day
2015-03-16 18:20:00,后坝,1、追尾的,负全部责任,不负责任,1,贵ARL821,白,1,贵BAC848,银,路路达驾校,吉源驾校,2013/7/8 0:00,2014/12/1 0:00,长城牌,五菱牌,734596000000000000 ,364568000000000000 ,199412,198906,18,0,3,工作日,晚高峰(17-19点),2015-03-16,2015年3月16日,阴 /多云,20℃ / 15℃,南风 ≤3级 /南风 ≤3级,阴,多云,20,15,南风,≤3级,南风,≤3级,day
2015-03-26 13:00:00,金珠路,7、未按规定让行的 ,负全部责任,不负责任,1,贵AU5931,绿,1,白,白,路路达驾校,贵大佳德驾驶培训学校,2014/8/4 0:00,2012/12/26 0:00,捷达牌,-1,36636051275548565X,364547000000000000 ,196311,199001,13,3,3,工作日,非高峰,2015-03-26,2015年3月26日,阴 /阵雨,17℃ / 12℃,南风 ≤3级 /南风 ≤3级,阴,阵雨,17,12,南风,≤3级,南风,≤3级,day
2015-03-26 13:00:00,金珠路,8、依法应负全责的其他情形,负全部责任,不负责任,1,贵404898,红,1,贵A71N69,白,路路达驾校,-1,2014/8/4 0:00,-1,-1,思威牌,36636051275548565X,366363000000000000 ,196311,199205,13,3,3,工作日,非高峰,2015-03-26,2015年3月26日,阴 /阵雨,17℃ / 12℃,南风 ≤3级 /南风 ≤3级,阴,阵雨,17,12,南风,≤3级,南风,≤3级,day
2015-05-18 18:00:00,解放路,7、未按规定让行的 ,负全部责任,不负责任,1,云AF183,白色,1,贵A7BK87,白色,贵阳学院汽车驾驶培训,铁二局驾校,2012/4/27 0:00,2014/11/5 0:00,-1,雪佛兰牌,366566000000000000 ,364547000000000000 ,198809,198504,18,0,5,工作日,晚高峰(17-19点),2015-05-18,2015年5月18日,多云 /多云,25℃ / 18℃,东北风 ≤3级 /东北风 ≤3级,多云,多云,25,18,东北风,≤3级,东北风,≤3级,day
2015-04-07 15:20:00,仙鹤路,4、停车时未挂低速档、未拉驻车制动，导致车辆滑行的,负全部责任,不负责任,1,贵A081C9,银,1,贵AMB7194,白,（南明区）金大驾驶培训有限公司,自培,2009/2/4 0:00,1997/1/27 0:00,福田牌,-1,366369000000000000 ,364547000000000000 ,197303,196709,15,1,4,工作日,非高峰,2015-04-07,2015年4月7日,小雨 /小雨,9℃ / 5℃,东北风 ≤3级 /东北风 ≤3级,小雨,小雨,9,5,东北风,≤3级,东北风,≤3级,day
2015-04-25 21:10:00,云岩区,7、未按规定让行的 ,负全部责任,不负责任,0,贵ADK651,黑,1,贵CKH197,红,（南明区）金大驾驶培训有限公司,-1,2005/3/18 0:00,-1,锋范牌,雪佛兰牌,354364000000000000 ,366544000000000000 ,196611,198411,21,5,4,工作日,非高峰,2015-04-25,2015年4月25日,阴 /阵雨,20℃ / 11℃,东风 ≤3级 /东南风 ≤3级,阴,阵雨,20,11,东风,≤3级,东南风,≤3级,night
2015-05-19 14:20:00,万科城,8、依法应负全责的其他情形,负全部责任,不负责任,1,贵A054D8,白,1,贵ATR212,白,（南明区）阳光驾驶培训有限公司,自培,2006/6/23 0:00,2011/5/10 0:00,-1,丰田牌,366876000000000000 ,36606751835457285X,198710,197510,14,1,5,工作日,非高峰,2015-05-19,2015年5月19日,阵雨 /大雨,25℃ / 18℃,东北风 ≤3级 /南风 ≤3级,阵雨,大雨,25,18,东北风,≤3级,南风,≤3级,day
2015-05-23 11:00:00,绿苑小区,1、追尾的,负全部责任,不负责任,1,贵AFJ741,白色,1,贵ATB962,白色,（南明区）阳光驾驶培训有限公司,自培,2006/9/4 0:00,2004/8/31 0:00,翼搏牌,东风雪铁龙牌,364556000000000000 ,364547000000000000 ,197802,198311,11,5,5,工作日,非高峰,2015-05-23,2015年5月23日,阵雨 /阴,19℃ / 14℃,东北风 ≤3级 /东北风 ≤3级,阵雨,阴,19,14,东北风,≤3级,东北风,≤3级,day
2015-04-16 18:02:00,乌当,1、追尾的,负全部责任,不负责任,1,贵AKQ434,黑,1,贵AU5677,白,（观山湖区）蓝天驾驶培训有限公司,520130,2010/7/23 0:00,2003/4/14 0:00,江铃牌,捷达牌,364548000000000000 ,35436351834542888X,198708,197501,18,3,4,工作日,晚高峰(17-19点),2015-04-16,2015年4月16日,多云 /多云,29℃ / 17℃,南风 ≤3级 /南风 ≤3级,多云,多云,29,17,南风,≤3级,南风,≤3级,day
2015-05-29 00:00:00,中坝路,1、追尾的,负全部责任,不负责任,1,贵G087D8,白,1,贵FG7712,白,（观山湖区）蓝天驾驶培训有限公司,-1,2008/12/22 0:00,-1,-1,-1,364568000000000000 ,366046000000000000 ,199004,198110,0,4,5,工作日,非高峰,2015-05-29,2015年5月29日,阵雨 /阵雨,24℃ / 17℃,东南风 ≤3级 /东北风 ≤3级,阵雨,阵雨,24,17,东南风,≤3级,东北风,≤3级,night