accidenttime,accidentaddr,driver1fault,driver1responsibility,driver2responsibility,sex1,platenumber1,carcolor1,sex2,platenumber2,carcolor2,jxmc1,jxmc2,cclzrq1,cclzrq2,clpp1,clpp2,driver1license,driver2license,brith1,brith2,hour,weekday,month,is_weekday,peak_hour,date,日期,天气状况,气温,风力风向,day_wea,night_wea,day_tep,night_tep,day_wind_direction,day_wind_speed,night_wind_direction,night_wind_speed,segment
2015-04-19 13:10:00,东山,8、依法应负全责的其他情形,负全部责任,不负责任,1,贵ALT958,黑,1,贵A901G7,黑,阳光驾校,预约考试窗口,2014/2/17 0:00,2006/8/16 0:00,福克斯牌,江淮牌,364548000000000000 ,364547000000000000 ,199111,198705,13,6,4,周末,非高峰,2015-04-19,2015年4月19日,阵雨 /阵雨,22℃ / 13℃,东北风 ≤3级 /东北风 ≤3级,阵雨,阵雨,22,13,东北风,≤3级,东北风,≤3级,day
2015-04-01 15:00:00,北京路,7、未按规定让行的 ,负全部责任,不负责任,1,贵AU8647,蓝,1,贵AU6074,绿,人武驾校,公交公司驾校,2010/9/15 0:00,2007/8/28 0:00,瑞麒牌,捷达牌,366875000000000000 ,364547000000000000 ,197808,197907,15,2,4,工作日,非高峰,2015-04-01,2015年4月1日,多云 /多云,29℃ / 19℃,南风 ≤3级 /南风 ≤3级,多云,多云,29,19,南风,≤3级,南风,≤3级,day
2015-04-12 14:10:00,大营坡,9、不符合前8款规定或者双方同时具有上述情形的,负同等责任,负同等责任,1,贵AC973A,银,1,贵AAW468,银,人武驾校,-1,2015/2/3 0:00,-1,丰田牌,铃木牌,366661000000000000 ,366664000000000000 ,197010,197108,14,6,4,周末,非高峰,2015-04-12,2015年4月12日,晴 /多云,21℃ / 7℃,东风 ≤3级 /东风 ≤3级,晴,多云,21,7,东风,≤3级,东风,≤3级,day
2015-04-25 15:00:00,八匹马,7、未按规定让行的 ,负全部责任,不负责任,1,贵A55Y37,银,1,贵AG3789,蓝,（南明区）阳光驾驶培训有限公司,（南明区）阳光驾驶培训有限公司,2004/12/1 0:00,2004/8/16 0:00,宝马牌,跃进,36454651264145562X,36454651324742565X,196209,195603,15,5,4,工作日,非高峰,2015-04-25,2015年4月25日,阴 /阵雨,20℃ / 11℃,东风 ≤3级 /东南风 ≤3级,阴,阵雨,20,11,东风,≤3级,东南风,≤3级,day
2015-04-02 14:10:00,油榨街,7、未按规定让行的 ,负全部责任,不负责任,1,贵A5BE15,红,1,贵AV0172,蓝,蓝天驾校（观山湖区）,-1,2015/3/6 0:00,-1,大众汽车牌,钱江牌,366562000000000000 ,36454700000000000 ,199007,196209,14,3,4,工作日,非高峰,2015-04-02,2015年4月2日,多云 /多云,30℃ / 18℃,南风 ≤3级 /南风 ≤3级,多云,多云,30,18,南风,≤3级,南风,≤3级,day
2015-04-17 10:00:00,新添大道,1、追尾的,负全部责任,不负责任,1,贵AU9938,白色,1,贵AC9951,白色,自培,自培,2007/2/14 0:00,2004/5/11 0:00,先锋牌,歌诗图牌,366063000000000000 ,366846000000000000 ,197708,196709,10,4,4,工作日,非高峰,2015-04-17,2015年4月17日,多云 /多云,28℃ / 19℃,南风 ≤3级 /南风 ≤3级,多云,多云,28,19,南风,≤3级,南风,≤3级,day
2015-05-24 08:02:00,三桥,8、依法应负全责的其他情形,负全部责任,不负责任,1,贵ABU141,蓝,1,渝GGK314,红,（观山湖区）蓝天驾驶培训有限公司,自培,2008/1/28 0:00,2003/8/5 0:00,凌派牌,-1,364548000000000000 ,356767000000000000 ,198905,198204,8,6,5,周末,早高峰(7-9点),2015-05-24,2015年5月24日,多云 /阴,24℃ / 18℃,东风 ≤3级 /东南风 ≤3级,多云,阴,24,18,东风,≤3级,东南风,≤3级,day
2015-04-27 16:55:00,花溪,7、未按规定让行的 ,负全部责任,不负责任,1,贵ANJ694,白色,1,贵A96688,白色,（南明区）阳光驾驶培训有限公司,自培,2005/7/1 0:00,2005/9/20 0:00,红旗牌,豪日牌,364556000000000000 ,364648000000000000 ,196103,198406,16,0,4,工作日,非高峰,2015-04-27,2015年4月27日,阴 /雷阵雨,21℃ / 14℃,东南风 ≤3级 /东北风 ≤3级,阴,雷阵雨,21,14,东南风,≤3级,东北风,≤3级,day
2015-05-19 13:55:00,世纪城,3、倒车的,负全部责任,不负责任,0,贵A9913S,白,1,贵AHD898,黄,蓝天驾校,金安驾校,2013/10/25 0:00,-1,吉利牌,雪佛兰牌,366675000000000000 ,366366000000000000 ,198112,196804,13,1,5,工作日,非高峰,2015-05-19,2015年5月19日,阵雨 /大雨,25℃ / 18℃,东北风 ≤3级 /南风 ≤3级,阵雨,大雨,25,18,东北风,≤3级,南风,≤3级,day
2015-03-03 12:34:00,市南路,3、倒车的,负全部责任,不负责任,0,贵A83R74,银,1,贵G11299,银,蓝天驾校,安顺驾校,2013/8/20 0:00,-1,东风日产牌,风神牌,364547000000000000 ,366346000000000000 ,197412,196408,12,1,3,工作日,非高峰,2015-03-03,2015年3月3日,小雨 /小雨,8℃ / 3℃,东北风 ≤3级 /东北风 ≤3级,小雨,小雨,8,3,东北风,≤3级,东北风,≤3级,day
2015-02-09 12:30:00,百花湖,1、追尾的,负全部责任,不负责任,1,贵AA585M,银,1,贵A24E77,黄,蓝天驾校,铁二局驾校,2014/8/25 0:00,2011/1/6 0:00,北京牌,昊锐牌,364596000000000000 ,366664000000000000 ,199511,198704,12,0,2,工作日,非高峰,2015-02-09,2015年2月9日,阴 /小雨,6℃ / 4℃,东北风 ≤3级 /东北风 ≤3级,阴,小雨,6,4,东北风,≤3级,东北风,≤3级,day
2015-03-16 10:23:00,北京西路,1、追尾的,负全部责任,不负责任,1,贵AA387M,白,1,川RM3133,黑,蓝天驾校,黔丰驾校,2011/12/6 0:00,2015/2/12 0:00,福克斯牌,别克,76345500000000000 ,655747000000000000 ,198405,198606,10,0,3,工作日,非高峰,2015-03-16,2015年3月16日,阴 /多云,20℃ / 15℃,南风 ≤3级 /南风 ≤3级,阴,多云,20,15,南风,≤3级,南风,≤3级,day
2015-04-11 13:18:00,三桥,7、未按规定让行的 ,负全部责任,不负责任,1,贵AU5266,黑,1,贵HW7593,绿,（经开区）金安驾驶培训有限公司,时发驾校,2009/12/10 0:00,2014/6/18 0:00,捷达牌,东风雪铁龙牌,364568000000000000 ,364568000000000000 ,198809,198512,13,5,4,工作日,非高峰,2015-04-11,2015年4月11日,多云 /多云,15℃ / 9℃,东北风 ≤3级 /东风 ≤3级,多云,多云,15,9,东北风,≤3级,东风,≤3级,day
2015-03-17 08:20:00,小河,1、追尾的,负全部责任,不负责任,1,贵A73F97,白色,1,贵A9843F,白色,市警校驾校,铁二局驾校,2011/4/18 0:00,2011/11/2 0:00,福克斯牌,大众牌,366566000000000000 ,366575000000000000 ,198211,198508,8,1,3,工作日,早高峰(7-9点),2015-03-17,2015年3月17日,多云 /多云,25℃ / 14℃,南风 ≤3级 /南风 ≤3级,多云,多云,25,14,南风,≤3级,南风,≤3级,day
2015-04-04 22:00:00,相宝山,1、追尾的,负全部责任,不负责任,1,贵AEV567,银,1,贵A45L55,白,（云岩区）时发驾驶培训有限公司,-1,2008/12/5 0:00,-1,东风日产牌,福特牌,364547000000000000 ,36454700000000 ,197001,199003,22,5,4,工作日,非高峰,2015-04-04,2015年4月4日,多云 /多云,29℃ / 18℃,南风 ≤3级 /南风 ≤3级,多云,多云,29,18,南风,≤3级,南风,≤3级,night
2015-04-26 21:00:00,金苏大道,1、追尾的,负全部责任,不负责任,0,贵A29R93,银,1,粤ADAB35,银,景宏驾校（白云区）,-1,2015/4/20 0:00,-1,雷克萨斯,-1,364558000000000000 ,506862000000000000 ,198603,198308,21,6,4,周末,非高峰,2015-04-26,2015年4月26日,阵雨 /阵雨,18℃ / 14℃,东南风 ≤3级 /东北风 ≤3级,阵雨,阵雨,18,14,东南风,≤3级,东北风,≤3级,night
2015-04-21 08:55:00,中曹司大桥,7、未按规定让行的 ,负全部责任,不负责任,1,贵A2462J,白色,1,贵GV2259,白色,蓝天驾校,自培,2012/7/19 0:00,2014/8/28 0:00,北京牌,福克斯牌,366669000000000000 ,366367000000000000 ,198905,197005,8,1,4,工作日,早高峰(7-9点),2015-04-21,2015年4月21日,阴 /阵雨,17℃ / 10℃,东北风 ≤3级 /东北风 ≤3级,阴,阵雨,17,10,东北风,≤3级,东北风,≤3级,day
2015-04-19 11:00:00,宾阳大道,7、未按规定让行的 ,负全部责任,不负责任,1,贵A8P158,黄,1,贵A8359E,银,时发驾校,-1,2011/10/13 0:00,-1,五菱牌,长安牌,774797000000000000 ,376570000000000000 ,199012,198404,11,6,4,周末,非高峰,2015-04-19,2015年4月19日,阵雨 /阵雨,22℃ / 13℃,东北风 ≤3级 /东北风 ≤3级,阵雨,阵雨,22,13,东北风,≤3级,东北风,≤3级,day
2015-04-02 21:30:00,甘荫塘,7、未按规定让行的 ,负全部责任,不负责任,1,贵ACY066,白色,1,贵A39N47,黑色,时发驾校,（南明区）铁二局驾驶培训有限公司,2010/11/26 0:00,2006/11/20 0:00,起亚牌,丰田威驰,364548000000000000 ,344669000000000000 ,199205,198611,21,3,4,工作日,非高峰,2015-04-02,2015年4月2日,多云 /多云,30℃ / 18℃,南风 ≤3级 /南风 ≤3级,多云,多云,30,18,南风,≤3级,南风,≤3级,night
2015-05-26 10:00:00,山水黔城,7、未按规定让行的 ,负全部责任,不负责任,1,贵A5177H,白色,1,贵ASF954,白色,贵安驾校（息烽县）,全林驾校,2015/4/28 0:00,2011/7/14 0:00,昌河牌,蒙迪欧牌,364557000000000000 ,36454751954052693X,196312,198104,10,1,5,工作日,非高峰,2015-05-26,2015年5月26日,阵雨 /雷阵雨,26℃ / 20℃,东南风 ≤3级 /东北风 ≤3级,阵雨,雷阵雨,26,20,东南风,≤3级,东北风,≤3级,day
2015-03-30 10:30:00,乌当,7、未按规定让行的 ,负全部责任,不负责任,1,贵A88E55,黑,1,贵A95779,蓝,新天驾校,遵义市泥桥诚兴汽车驾驶培训学校,2010/8/9 0:00,2004/5/11 0:00,蒙迪欧牌,山鹰,364557000000000000 ,364557000000000000 ,197904,198311,10,0,3,工作日,非高峰,2015-03-30,2015年3月30日,晴 /多云,24℃ / 17℃,南风 ≤3级 /南风 ≤3级,晴,多云,24,17,南风,≤3级,南风,≤3级,day
2015-03-23 13:20:00,小河三江口,7、未按规定让行的 ,负全部责任,不负责任,1,贵ASF774,黄色,1,贵AGJ735,白色,顺一驾驶培训学校,自培,2014/4/30 0:00,2003/4/9 0:00,东风雪铁龙牌,宝马牌,356166000000000000 ,366061000000000000 ,197607,197311,13,0,3,工作日,非高峰,2015-03-23,2015年3月23日,多云 /阴,17℃ / 9℃,东北风 ≤3级 /东北风 ≤3级,多云,阴,17,9,东北风,≤3级,东北风,≤3级,day
2015-03-19 08:50:00,南垭路,3、倒车的,负全部责任,不负责任,1,贵AP5045,蓝,1,贵FXP595,红,自培,路顺驾校,2010/6/23 0:00,2001/12/3 0:00,哈飞牌,-1,366067000000000000 ,366368000000000000 ,197012,197602,8,3,3,工作日,早高峰(7-9点),2015-03-19,2015年3月19日,多云 /阵雨,26℃ / 12℃,南风 ≤3级 /东北风 ≤3级,多云,阵雨,26,12,南风,≤3级,东北风,≤3级,day
2015-02-28 09:03:00,兴筑路,8、依法应负全责的其他情形,负全部责任,不负责任,1,贵A0AJ32,白,1,贵AZC957,银,贵州平安驾驶培训学校,新华驾校,2011/6/14 0:00,2000/11/20 0:00,奥迪牌,别克牌,364547000000000000 ,364547000000000000 ,196404,198011,9,5,2,工作日,早高峰(7-9点),2015-02-28,2015年2月28日,小雨 /小雨,8℃ / 4℃,东北风 ≤3级 /东北风 ≤3级,小雨,小雨,8,4,东北风,≤3级,东北风,≤3级,day
2015-05-15 09:00:00,新寨路,4、停车时未挂低速档、未拉驻车制动，导致车辆滑行的,负全部责任,不负责任,1,贵AGA289,黑,1,湘E4EH69,红,路路达驾校,自培,2015/1/5 0:00,2006/10/31 0:00,东风牌,\N,366575000000000000 ,74346500000000000 ,198001,196312,9,4,5,工作日,早高峰(7-9点),2015-05-15,2015年5月15日,阵雨 /阵雨,25℃ / 16℃,东北风 ≤3级 /东北风 ≤3级,阵雨,阵雨,25,16,东北风,≤3级,东北风,≤3级,day
2015-04-06 11:21:00,五里冲,7、未按规定让行的 ,负全部责任,不负责任,1,贵CKR872,白色,1,贵A765F7,白色,贵州现代驾驶培训责任有限公司,黔南金都汽车驾驶学校,2014/11/13 0:00,2012/6/26 0:00,五菱牌,南骏牌,366566000000000000 ,366067000000000000 ,197109,196602,11,0,4,工作日,非高峰,2015-04-06,2015年4月6日,阵雨 /阵雨,17℃ / 7℃,东北风 ≤3级 /东北风 ≤3级,阵雨,阵雨,17,7,东北风,≤3级,东北风,≤3级,day
2015-05-22 17:30:00,大川白金城,1、追尾的,负全部责任,不负责任,1,贵A4389K,蓝,1,贵AB592A,白,（乌当区）新天驾驶培训有限公司,青正驾校,2015/2/17 0:00,2014/9/18 0:00,-1,荣威牌,366347000000000000 ,366046000000000000 ,197904,198203,17,4,5,工作日,晚高峰(17-19点),2015-05-22,2015年5月22日,阵雨 /阵雨,19℃ / 14℃,东风 ≤3级 /东风 ≤3级,阵雨,阵雨,19,14,东风,≤3级,东风,≤3级,day
2015-04-11 16:50:00,花果园,7、未按规定让行的 ,负全部责任,不负责任,1,贵JDA289,白色,1,贵AA0201,白色,贵定县阳光汽车驾驶培训学校,贵州省长安驾驶培训学校,-1,2014/11/20 0:00,大众汽车牌,松花江,366564000000000000 ,366661000000000000 ,198409,199508,16,5,4,工作日,非高峰,2015-04-11,2015年4月11日,多云 /多云,15℃ / 9℃,东北风 ≤3级 /东风 ≤3级,多云,多云,15,9,东北风,≤3级,东风,≤3级,day
2015-04-22 09:40:00,朝阳洞路,7、未按规定让行的 ,负全部责任,不负责任,1,贵A65C62,白色,1,贵AS3398,白色,自培,自培,2010/2/24 0:00,2007/2/1 0:00,江铃牌,千里马牌,356166000000000000 ,354558000000000000 ,197404,197012,9,2,4,工作日,早高峰(7-9点),2015-04-22,2015年4月22日,小雨 /小雨,15℃ / 10℃,东北风 ≤3级 /东北风 ≤3级,小雨,小雨,15,10,东北风,≤3级,东北风,≤3级,day
2015-03-23 17:35:00,花果园,9、不符合前8款规定或者双方同时具有上述情形的,负同等责任,负同等责任,1,贵F76462,黄,0,贵GX4542,白,六盘水昌达汽车摩托车驾驶培训学校有限公司,六盘水昌达汽车摩托车驾驶培训学校有限公司,-1,2008/10/23 0:00,海马牌,宝马牌,366063000000000000 ,366367000000000000 ,198710,198007,17,0,3,工作日,晚高峰(17-19点),2015-03-23,2015年3月23日,多云 /阴,17℃ / 9℃,东北风 ≤3级 /东北风 ≤3级,多云,阴,17,9,东北风,≤3级,东北风,≤3级,day
2015-04-14 08:00:00,北京西路,1、追尾的,负全部责任,不负责任,1,贵GGC801,银,1,贵A28C52,蓝,遵义集顺达交通运输（集团）汽车驾驶培训有限公司,绥阳驾校,2011/6/22 0:00,-1,起亚牌,奇瑞牌,364556000000000000 ,366566000000000000 ,197512,197410,8,1,4,工作日,早高峰(7-9点),2015-04-14,2015年4月14日,晴 /多云,22℃ / 9℃,东风 ≤3级 /东风 ≤3级,晴,多云,22,9,东风,≤3级,东风,≤3级,day
2015-03-06 17:20:00,牛郎关立交,7、未按规定让行的 ,负全部责任,不负责任,1,贵AA384U,白色,1,川AR57W9,白色,黔南东方机动车驾驶培训学校,天河驾校（花溪区）,2011/11/11 0:00,-1,奇瑞牌,大众汽车牌 ,366063000000000000 ,357447000000000000 ,196804,198801,17,4,3,工作日,晚高峰(17-19点),2015-03-06,2015年3月6日,小雨 /小雨,5℃ / 3℃,东北风 ≤3级 /东北风 ≤3级,小雨,小雨,5,3,东北风,≤3级,东北风,≤3级,day
2015-05-09 00:00:00,黔灵山路,7、未按规定让行的 ,负同等责任,负同等责任,0,贵JDZ915,红,1,贵A82679,蓝,省交校,省交校,2013/7/23 0:00,-1,-1,精通天马,36454651894168566X,366861000000000000 ,197809,198503,0,5,5,工作日,非高峰,2015-05-09,2015年5月9日,阵雨 /阵雨,23℃ / 16℃,东北风 ≤3级 /东南风 ≤3级,阵雨,阵雨,23,16,东北风,≤3级,东南风,≤3级,night
2015-04-13 13:55:00,小关, ,负同等责任,负同等责任,0,贵A52H33,黄,1,贵AA148B,白,十一驾驶培训有限公司,十一驾驶培训有限公司,2013/11/27 0:00,2004/9/28 0:00,荣威牌,大众汽车牌,36454751954655096X,366563000000000000 ,198102,197612,13,0,4,工作日,非高峰,2015-04-13,2015年4月13日,晴 /多云,23℃ / 8℃,东北风 ≤3级 /东北风 ≤3级,晴,多云,23,8,东北风,≤3级,东北风,≤3级,day
2015-04-04 09:30:00,四方河,9、不符合前8款规定或者双方同时具有上述情形的,负同等责任,负同等责任,1,贵A6818W,白色,1,贵A0AN67,白色,长运驾校,长运驾校,2012/12/20 0:00,2003/4/23 0:00,起亚,别克牌,364556000000000000 ,364547000000000000 ,197303,198409,9,5,4,工作日,早高峰(7-9点),2015-04-04,2015年4月4日,多云 /多云,29℃ / 18℃,南风 ≤3级 /南风 ≤3级,多云,多云,29,18,南风,≤3级,南风,≤3级,day
2015-02-09 01:25:00,花溪孟关汽贸城,7、未按规定让行的 ,负全部责任,不负责任,1,贵AHJ866,黑色,1,贵AR3119,白色,（经开区）顺一驾驶培训有限公司,铁二局驾校,2008/10/21 0:00,2000/5/15 0:00,比亚迪牌,雅尊,36455051914360445X,36454651295656565X,198905,196812,1,0,2,工作日,非高峰,2015-02-09,2015年2月9日,阴 /小雨,6℃ / 4℃,东北风 ≤3级 /东北风 ≤3级,阴,小雨,6,4,东北风,≤3级,东北风,≤3级,night
2015-04-21 17:30:00,花果园,7、未按规定让行的 ,负全部责任,不负责任,1,贵AMH165,银,1,贵A9CA33,黑,（南明区）铁二局驾驶培训有限公司,吉源驾校,2005/5/19 0:00,2004/3/6 0:00,夏利牌,大众汽车牌,354364000000000000 ,364558000000000000 ,197007,197306,17,1,4,工作日,晚高峰(17-19点),2015-04-21,2015年4月21日,阴 /阵雨,17℃ / 10℃,东北风 ≤3级 /东北风 ≤3级,阴,阵雨,17,10,东北风,≤3级,东北风,≤3级,day
2015-05-20 18:00:00,杨家山隧道,7、未按规定让行的 ,负全部责任,不负责任,1,贵CFD854,白色,1,贵A29H91,白色,十一驾驶培训有限公司,贵大驾校,2011/8/30 0:00,2015/1/26 0:00,-1,大众汽车牌,364566000000000000 ,364548000000000000 ,198608,198305,18,2,5,工作日,晚高峰(17-19点),2015-05-20,2015年5月20日,阴 /阵雨,23℃ / 17℃,东北风 ≤3级 /东北风 ≤3级,阴,阵雨,23,17,东北风,≤3级,东北风,≤3级,day
2015-05-04 14:40:00,东二环,7、未按规定让行的 ,负全部责任,不负责任,1,贵A12H17,红,1,贵A2762E,红,（南明区）铁二局驾驶培训有限公司,路路达驾校,2006/5/11 0:00,2001/8/10 0:00,长安牌,长城牌,36606751934657517X,364548000000000000 ,198502,198209,14,0,5,工作日,非高峰,2015-05-04,2015年5月4日,阵雨 /阵雨,20℃ / 14℃,东北风 ≤3级 /东北风 ≤3级,阵雨,阵雨,20,14,东北风,≤3级,东北风,≤3级,day
2015-05-28 16:00:00,西南环线,4、停车时未挂低速档、未拉驻车制动，导致车辆滑行的,负全部责任,不负责任,1,贵A2694F,白色,1,贵A63G85,白色,鑫鑫驾校,自培,2011/5/13 0:00,2013/11/20 0:00,五菱牌,大众汽车牌,366064000000000000 ,364567000000000000 ,198209,198810,16,3,5,工作日,非高峰,2015-05-28,2015年5月28日,多云 /雷阵雨,29℃ / 19℃,南风 ≤3级 /东南风 ≤3级,多云,雷阵雨,29,19,南风,≤3级,东南风,≤3级,day
2015-04-24 12:30:00,大营坡,7、未按规定让行的 ,负全部责任,不负责任,1,贵A958G3,黄,1,贵GR4624,黑,（南明区）长安驾驶培训有限公司,贵大佳德驾驶培训学校,2015/2/17 0:00,-1,解放牌,别克牌,364547000000000000 ,366346000000000000 ,199009,199101,12,4,4,工作日,非高峰,2015-04-24,2015年4月24日,阴 /小雨,16℃ / 11℃,东风 ≤3级 /东风 ≤3级,阴,小雨,16,11,东风,≤3级,东风,≤3级,day
2015-05-13 17:00:00,八匹马,7、未按规定让行的 ,负同等责任,负同等责任,1,贵A5720M,白,1,贵A5BG21,白,鑫鑫驾校,鑫鑫驾校,2013/8/16 0:00,2014/11/3 0:00,-1,飞度牌,366361000000000000 ,36676951224940725X,197410,196608,17,2,5,工作日,晚高峰(17-19点),2015-05-13,2015年5月13日,多云 /阵雨,26℃ / 19℃,东南风 ≤3级 /东南风 ≤3级,多云,阵雨,26,19,东南风,≤3级,东南风,≤3级,day
2015-05-19 18:00:00,宝山北路,7、未按规定让行的 ,负全部责任,不负责任,1,贵A84N39,蓝,1,贵AV8021,黄,瓮安县鑫源驾驶培训学校,黔丰驾校,-1,2010/7/9 0:00,奥迪,钱江牌,36686351985465443X,74667500000000000 ,198710,198409,18,1,5,工作日,晚高峰(17-19点),2015-05-19,2015年5月19日,阵雨 /大雨,25℃ / 18℃,东北风 ≤3级 /南风 ≤3级,阵雨,大雨,25,18,东北风,≤3级,南风,≤3级,day
2015-05-16 15:00:00,南明区,3、倒车的,负全部责任,不负责任,1,贵A20964,白色,1,贵CHH177,白色,惠水县黔岭机动车驾驶培训有限公司,自培,-1,-1,精通天马,-1,366862000000000000 ,366061000000000000 ,199405,197411,15,5,5,工作日,非高峰,2015-05-16,2015年5月16日,阴 /雷阵雨,23℃ / 17℃,东北风 ≤3级 /东风 ≤3级,阴,雷阵雨,23,17,东北风,≤3级,东风,≤3级,day
2015-03-21 20:30:00,枣山路,7、未按规定让行的 ,负全部责任,不负责任,1,贵AU6274,绿,1,贵A22C35,黑,（云岩区）省交通职业技术驾驶培训学校,新天驾校,2007/2/13 0:00,2009/3/13 0:00,黄海牌,众泰牌,364548000000000000 ,364556000000000000 ,198501,199001,20,5,3,工作日,非高峰,2015-03-21,2015年3月21日,阴 /阴,16℃ / 11℃,东北风 ≤3级 /东南风 ≤3级,阴,阴,16,11,东北风,≤3级,东南风,≤3级,night
2015-03-18 15:20:00,开发大道,7、未按规定让行的 ,负全部责任,不负责任,1,贵A49G22,白色,1,贵AA16LT,黑色,黔南州华晟驾驶培训学校,新天驾校,2011/12/13 0:00,2014/4/28 0:00,宝马,-1,366566000000000000 ,366067000000000000 ,198308,198912,15,2,3,工作日,非高峰,2015-03-18,2015年3月18日,多云 /多云,24℃ / 14℃,南风 ≤3级 /南风 ≤3级,多云,多云,24,14,南风,≤3级,南风,≤3级,day
2015-05-07 07:00:00,富源路,9、不符合前8款规定或者双方同时具有上述情形的,负同等责任,负同等责任,1,贵GR2845,白色,1,贵AA000P,白色,贵州现代驾驶培训责任有限公司,贵州现代驾驶培训责任有限公司,2014/2/17 0:00,2004/1/19 0:00,-1,五菱牌,366663000000000000 ,364556000000000000 ,198307,198503,7,3,5,工作日,早高峰(7-9点),2015-05-07,2015年5月7日,阵雨 /雷阵雨,23℃ / 17℃,东南风 ≤3级 /东南风 ≤3级,阵雨,雷阵雨,23,17,东南风,≤3级,东南风,≤3级,day
2015-05-12 19:00:00,蒿芝塘,9、不符合前8款规定或者双方同时具有上述情形的,负同等责任,负同等责任,1,贵GR4136,红,0,贵AA659E,红,青正驾校,青正驾校,2014/3/10 0:00,2012/6/13 0:00,-1,五菱牌,366364000000000000 ,364557000000000000 ,196205,196403,19,1,5,工作日,晚高峰(17-19点),2015-05-12,2015年5月12日,阴 /雷阵雨,24℃ / 13℃,南风 ≤3级 /南风 ≤3级,阴,雷阵雨,24,13,南风,≤3级,南风,≤3级,day
2015-05-22 08:50:00,大营坡,1、追尾的,负全部责任,不负责任,1,贵CNH194,白,1,贵ADR848,白,遵义市驰龙封闭式汽车驾驶培训有限公司,自培,-1,2004/6/21 0:00,-1,广汽菲亚特牌,366563000000000000 ,364548000000000000 ,198908,197408,8,4,5,工作日,早高峰(7-9点),2015-05-22,2015年5月22日,阵雨 /阵雨,19℃ / 14℃,东风 ≤3级 /东风 ≤3级,阵雨,阵雨,19,14,东风,≤3级,东风,≤3级,day
2015-04-07 08:55:00,花果园,7、未按规定让行的 ,负全部责任,不负责任,1,贵EF8351,黑,1,贵AR5142,白,新华驾校,路路达驾校,2014/11/25 0:00,2014/2/17 0:00,福特牌,豪爵牌,366766000000000000 ,364557000000000000 ,197904,198705,8,1,4,工作日,早高峰(7-9点),2015-04-07,2015年4月7日,小雨 /小雨,9℃ / 5℃,东北风 ≤3级 /东北风 ≤3级,小雨,小雨,9,5,东北风,≤3级,东北风,≤3级,day
2015-04-26 21:00:00,艺校立交,7、未按规定让行的 ,负全部责任,不负责任,1,贵JBW127,白色,1,贵GV3091,白色,市警校驾校,吉源驾校,2014/8/11 0:00,2012/12/22 0:00,谛艾仕牌,夏利牌,36686851945454607X,366369000000000000 ,198010,197104,21,6,4,周末,非高峰,2015-04-26,2015年4月26日,阵雨 /阵雨,18℃ / 14℃,东南风 ≤3级 /东北风 ≤3级,阵雨,阵雨,18,14,东南风,≤3级,东北风,≤3级,night
2015-02-01 17:50:00,高新路,7、未按规定让行的 ,负全部责任,不负责任,1,贵GX6711,白,1,贵A3AM12,黑,贵州平安驾驶培训学校,黔丰驾校,2011/11/9 0:00,2003/7/16 0:00,北京现代牌,吉利牌,54546500000000000 ,364548000000000000 ,198205,196510,17,6,2,周末,晚高峰(17-19点),2015-02-01,2015年2月1日,阴 /小雨,2℃ / 0℃,东北风 ≤3级 /东风 ≤3级,阴,小雨,2,0,东北风,≤3级,东风,≤3级,day
2015-04-13 20:17:00,金钟桥,7、未按规定让行的 ,负同等责任,负同等责任,1,贵CHL591,红,1,贵A46L11,黑,贵州现代驾驶培训责任有限公司,贵州现代驾驶培训责任有限公司,2014/5/21 0:00,2011/8/17 0:00,北京牌,梅赛德斯-奔驰牌,366568000000000000 ,357266000000000000 ,198201,198105,20,0,4,工作日,非高峰,2015-04-13,2015年4月13日,晴 /多云,23℃ / 8℃,东北风 ≤3级 /东北风 ≤3级,晴,多云,23,8,东北风,≤3级,东北风,≤3级,night
2015-03-02 07:00:00,长江路,1、追尾的,负全部责任,不负责任,1,贵ANE274,白色,1,贵A2657B,白色,贵阳学院汽车驾驶培训,青正驾校,2010/11/24 0:00,2014/12/3 0:00,梅赛德斯-奔驰牌,比亚迪牌,364551000000000000 ,366347000000000000 ,198906,198112,7,0,3,工作日,早高峰(7-9点),2015-03-02,2015年3月2日,阴 /小雨,9℃ / 2℃,东北风 ≤3级 /东北风 ≤3级,阴,小雨,9,2,东北风,≤3级,东北风,≤3级,day
2015-05-25 08:00:00,珠江路,8、依法应负全责的其他情形,负全部责任,不负责任,1,贵A58P53,白色,1,临贵A2Q058,白色,-1,贵州现代驾驶培训责任有限公司,-1,2004/4/7 0:00,-1,-1,357469000000000000 ,364547000000000000 ,196908,197011,8,0,5,工作日,早高峰(7-9点),2015-05-25,2015年5月25日,多云 /阵雨,26℃ / 19℃,东南风 ≤3级 /东南风 ≤3级,多云,阵雨,26,19,东南风,≤3级,东南风,≤3级,day
2015-04-23 18:00:00,黄河路,7、未按规定让行的 ,负全部责任,不负责任,1,贵A8690P,白色,1,贵HCS893,白色,黔西县宏远黔职驾校有限公司,阳光驾校,-1,2014/4/2 0:00,长安牌,雪佛兰牌,366068000000000000 ,364548000000000000 ,199010,199001,18,3,4,工作日,晚高峰(17-19点),2015-04-23,2015年4月23日,阴 /小雨,16℃ / 10℃,东北风 ≤3级 /东北风 ≤3级,阴,小雨,16,10,东北风,≤3级,东北风,≤3级,day
2015-03-28 18:18:00,小河,1、追尾的,负全部责任,不负责任,1,贵A73A55,红,0,贵GR4732,银,鑫鑫驾校,顺一驾驶培训学校,2013/5/30 0:00,2004/5/29 0:00,雪佛兰牌,别克(BUICK)牌,366862000000000000 ,364547000000000000 ,198202,198203,18,5,3,工作日,晚高峰(17-19点),2015-03-28,2015年3月28日,阵雨 /雷阵雨,17℃ / 14℃,南风 ≤3级 /南风 ≤3级,阵雨,雷阵雨,17,14,南风,≤3级,南风,≤3级,day