accidenttime,accidentaddr,driver1fault,driver1responsibility,driver2responsibility,sex1,platenumber1,carcolor1,sex2,platenumber2,carcolor2,jxmc1,jxmc2,cclzrq1,cclzrq2,clpp1,clpp2,driver1license,driver2license,brith1,brith2,hour,weekday,month,is_weekday,peak_hour,date,日期,天气状况,气温,风力风向,day_wea,night_wea,day_tep,night_tep,day_wind_direction,day_wind_speed,night_wind_direction,night_wind_speed,segment
2015-05-15 12:45:00,金阳北站,3、倒车的,负全部责任,不负责任,1,贵AE0892,蓝,1,贵ACL277,黄,贵阳学院汽车驾驶培训,贵阳学院汽车驾驶培训,2014/10/24 0:00,1997/1/27 0:00,长城,长安牌,366577000000000000 ,364547000000000000 ,199406,197711,12,4,5,工作日,非高峰,2015-05-15,2015年5月15日,阵雨 /阵雨,25℃ / 16℃,东北风 ≤3级 /东北风 ≤3级,阵雨,阵雨,25,16,东北风,≤3级,东北风,≤3级,day
2015-03-25 12:00:00,花鸟市场,3、倒车的,负全部责任,不负责任,1,贵A432G2,绿,1,贵A66H16,黑,黔西县顺风机动车驾驶学校有限公司,铁二局驾校,-1,2011/8/31 0:00,东风牌,格锐,366068000000000000 ,364596000000000000 ,199102,198505,12,2,3,工作日,非高峰,2015-03-25,2015年3月25日,阴 /阵雨,14℃ / 9℃,东北风 ≤3级 /东北风 ≤3级,阴,阵雨,14,9,东北风,≤3级,东北风,≤3级,day
2015-05-17 22:20:00,北京西路,8、依法应负全责的其他情形,负全部责任,不负责任,1,贵A895G9,白,1,贵A19Y24,红,镇宁县宏伟汽车有限责任公司汽车（摩托车培训学校）,鑫鑫驾校,-1,2006/10/26 0:00,解放牌,-1,366369000000000000 ,366566000000000000 ,199006,197909,22,6,5,周末,非高峰,2015-05-17,2015年5月17日,阵雨 /雷阵雨,25℃ / 17℃,东北风 ≤3级 /南风 ≤3级,阵雨,雷阵雨,25,17,东北风,≤3级,南风,≤3级,night
2015-05-30 00:00:00,孟关,9、不符合前8款规定或者双方同时具有上述情形的,负同等责任,负同等责任,1,贵A004C6,白色,1,贵A3BM26,白色,凯信驾校,凯信驾校,2014/11/18 0:00,2015/2/17 0:00,欧铃牌,斯柯达牌,364556000000000000 ,364551000000000000 ,199009,199009,0,5,5,工作日,非高峰,2015-05-30,2015年5月30日,阵雨 /阵雨,23℃ / 17℃,东北风 ≤3级 /东风 ≤3级,阵雨,阵雨,23,17,东北风,≤3级,东风,≤3级,night
2015-03-23 16:00:00,高新区,7、未按规定让行的 ,负同等责任,负同等责任,1,贵ACL407,红,1,贵AKZ388,黑,贵州现代驾驶培训责任有限公司,贵州现代驾驶培训责任有限公司,2013/11/25 0:00,-1,奥迪牌,东风雪铁龙牌,366566000000000000 ,366064000000000000 ,199308,199111,16,0,3,工作日,非高峰,2015-03-23,2015年3月23日,多云 /阴,17℃ / 9℃,东北风 ≤3级 /东北风 ≤3级,多云,阴,17,9,东北风,≤3级,东北风,≤3级,day
2015-05-20 06:45:00,山林路,9、不符合前8款规定或者双方同时具有上述情形的,负同等责任,负同等责任,1,贵AF6929,黑,1,贵A15B46,红,凯信驾校,凯信驾校,2014/12/24 0:00,2011/7/14 0:00,豪进牌,宝来牌,364548000000000000 ,364548000000000000 ,197207,196105,6,2,5,工作日,非高峰,2015-05-20,2015年5月20日,阴 /阵雨,23℃ / 17℃,东北风 ≤3级 /东北风 ≤3级,阴,阵雨,23,17,东北风,≤3级,东北风,≤3级,day
2015-03-09 18:35:00,花果园,7、未按规定让行的 ,负同等责任,负同等责任,1,贵JBT354,白,1,贵FP5136,银,诚信驾驶培训学校,诚信驾驶培训学校,2014/12/23 0:00,2005/11/3 0:00,起亚牌,长安牌,364556000000000000 ,366067000000000000 ,198601,198706,18,0,3,工作日,晚高峰(17-19点),2015-03-09,2015年3月9日,小雨 /小雨,10℃ / 5℃,东北风 ≤3级 /东北风 ≤3级,小雨,小雨,10,5,东北风,≤3级,东北风,≤3级,day
2015-04-03 08:10:00,龙泉巷,8、依法应负全责的其他情形,负全部责任,不负责任,1,贵AU6641,银,1,贵A0H972,银,520116,贵州现代驾驶培训责任有限公司,1992/12/30 0:00,2014/6/20 0:00,飞肯牌,东风标致牌,364558000000000000 ,364548000000000000 ,197105,199109,8,4,4,工作日,早高峰(7-9点),2015-04-03,2015年4月3日,多云 /多云,30℃ / 19℃,南风 ≤3级 /南风 ≤3级,多云,多云,30,19,南风,≤3级,南风,≤3级,day
2015-03-21 12:00:00,农科院,7、未按规定让行的 ,负全部责任,不负责任,1,贵A9220L,白色,1,贵A97727,白色,-1,自培,-1,2004/6/10 0:00,长安牌,大阳牌,34167600000000000 ,366361000000000000 ,119911,198311,12,5,3,工作日,非高峰,2015-03-21,2015年3月21日,阴 /阴,16℃ / 11℃,东北风 ≤3级 /东南风 ≤3级,阴,阴,16,11,东北风,≤3级,东南风,≤3级,day
2015-05-22 08:30:00,宅吉路,7、未按规定让行的 ,负全部责任,不负责任,1,贵AJM962,红,1,贵A74G51,黑,消防驾校,自培,2010/10/8 0:00,-1,长安牌,雪佛兰牌,364548000000000000 ,366064000000000000 ,197411,198209,8,4,5,工作日,早高峰(7-9点),2015-05-22,2015年5月22日,阵雨 /阵雨,19℃ / 14℃,东风 ≤3级 /东风 ≤3级,阵雨,阵雨,19,14,东风,≤3级,东风,≤3级,day
2015-02-04 08:00:00,白金城,1、追尾的,负全部责任,不负责任,1,贵A1487X,黑,1,贵GV868,银,景宏驾校,（白云区）路路达驾驶培训有限公司,2012/5/29 0:00,1998/5/12 0:00,长城牌,-1,364558000000000000 ,364548000000000000 ,199102,195704,8,2,2,工作日,早高峰(7-9点),2015-02-04,2015年2月4日,小雨 /小雨,4℃ / 0℃,东北风 ≤3级 /东北风 ≤3级,小雨,小雨,4,0,东北风,≤3级,东北风,≤3级,day
2015-04-30 17:30:00,金阳,9、不符合前8款规定或者双方同时具有上述情形的,负全部责任,不负责任,1,贵A4389R,白,1,贵ARL641,红,（乌当区）新天驾驶培训有限公司,（乌当区）新天驾驶培训有限公司,2015/2/17 0:00,2012/3/13 0:00,江淮牌,力帆牌,366347000000000000 ,366764000000000000 ,197904,198810,17,3,4,工作日,晚高峰(17-19点),2015-04-30,2015年4月30日,阵雨 /阵雨,25℃ / 17℃,东南风 ≤3级 /东南风 ≤3级,阵雨,阵雨,25,17,东南风,≤3级,东南风,≤3级,day
2015-04-02 10:10:00,转弯塘,9、不符合前8款规定或者双方同时具有上述情形的,负同等责任,负同等责任,1,贵F8392,黑,1,贵A27447,银,省交校,自培,2012/11/23 0:00,2003/12/25 0:00,-1,三一牌,366061000000000000 ,36656951874154345X,199003,197309,10,3,4,工作日,非高峰,2015-04-02,2015年4月2日,多云 /多云,30℃ / 18℃,南风 ≤3级 /南风 ≤3级,多云,多云,30,18,南风,≤3级,南风,≤3级,day
2015-04-04 09:45:00,中天花园,8、依法应负全责的其他情形,负全部责任,不负责任,1,贵EQ9639,银,1,贵AA5293,银,长运驾校,（南明区）吉源驾驶培训有限公司,2014/11/17 0:00,2012/6/28 0:00,北京现代牌,中意牌,364557000000000000 ,364557000000000000 ,199412,198811,9,5,4,工作日,早高峰(7-9点),2015-04-04,2015年4月4日,多云 /多云,29℃ / 18℃,南风 ≤3级 /南风 ≤3级,多云,多云,29,18,南风,≤3级,南风,≤3级,day
2015-02-05 00:00:00,甘荫塘,7、未按规定让行的 ,负全部责任,不负责任,1,贵A883G3,银,0,贵FK2727,黑,路路达驾校,自培,2014/2/14 0:00,-1,昌河牌,北京现代牌,364567000000000000 ,366068000000000000 ,198510,199010,0,3,2,工作日,非高峰,2015-02-05,2015年2月5日,阴 /阴,3℃ / 0℃,东北风 ≤3级 /东北风 ≤3级,阴,阴,3,0,东北风,≤3级,东北风,≤3级,night
2015-02-05 15:00:00,宝山北路,7、未按规定让行的 ,负全部责任,不负责任,1,贵AEE756,白色,1,贵AN678,白色,自培,全林驾校（乌当区）,1993/9/1 0:00,2011/4/1 0:00,哈飞牌,-1,364547000000000000 ,366566000000000000 ,197308,198208,15,3,2,工作日,非高峰,2015-02-05,2015年2月5日,阴 /阴,3℃ / 0℃,东北风 ≤3级 /东北风 ≤3级,阴,阴,3,0,东北风,≤3级,东北风,≤3级,day
2015-05-20 20:30:00,云环路,1、追尾的,负全部责任,不负责任,1,贵AV9372,白,1,贵A1540Y,红,通发驾校,自培,2014/11/7 0:00,2012/10/10 0:00,东风雪铁龙牌,红旗牌,366566000000000000 ,36456751914568568X,199505,198901,20,2,5,工作日,非高峰,2015-05-20,2015年5月20日,阴 /阵雨,23℃ / 17℃,东北风 ≤3级 /东北风 ≤3级,阴,阵雨,23,17,东北风,≤3级,东北风,≤3级,night
2015-05-28 20:15:00,云峰大道,6、违反交通信号的,负全部责任,不负责任,1,贵ANT933,白,1,贵A55J49,红,通发驾校,自培,2014/11/7 0:00,2012/10/10 0:00,江淮牌,安德拉,366566000000000000 ,36456751914568568X,199505,198901,20,3,5,工作日,非高峰,2015-05-28,2015年5月28日,多云 /雷阵雨,29℃ / 19℃,南风 ≤3级 /东南风 ≤3级,多云,雷阵雨,29,19,南风,≤3级,东南风,≤3级,night
2015-03-12 09:50:00,小河,1、追尾的,负全部责任,不负责任,1,贵AEK666,白色,1,贵A749A4,白色,-1,吉源驾校（南明区）,-1,2010/2/8 0:00,梅赛德斯奔驰,长安牌,366064000000000000 ,364567000000000000 ,198005,198902,9,3,3,工作日,早高峰(7-9点),2015-03-12,2015年3月12日,多云 /多云,16℃ / 10℃,南风 ≤3级 /南风 ≤3级,多云,多云,16,10,南风,≤3级,南风,≤3级,day
2015-05-09 13:45:00,石标路,7、未按规定让行的 ,负全部责任,不负责任,1,贵GL6817,黑,1,京N4XF49,黑,全林驾校,自培,2011/7/5 0:00,-1,-1,-1,364066000000000000 ,366864000000000000 ,199101,199006,13,5,5,工作日,非高峰,2015-05-09,2015年5月9日,阵雨 /阵雨,23℃ / 16℃,东北风 ≤3级 /东南风 ≤3级,阵雨,阵雨,23,16,东北风,≤3级,东南风,≤3级,day
2015-05-26 10:00:00,小河,7、未按规定让行的 ,负全部责任,不负责任,1,贵AV5917,白色,1,贵A1421E,白色,-1,自培,-1,-1,大发牌,丰田(TOYOTA))牌,366546000000000000 ,***,195607,-1,10,1,5,工作日,非高峰,2015-05-26,2015年5月26日,阵雨 /雷阵雨,26℃ / 20℃,东南风 ≤3级 /东北风 ≤3级,阵雨,雷阵雨,26,20,东南风,≤3级,东北风,≤3级,day
2015-05-14 17:00:00,太慈桥,7、未按规定让行的 ,负全部责任,不负责任,1,贵FH7350,白色,1,贵AC543W,白色,-1,自培,-1,-1,-1,-1,366064000000000000 ,***,197511,-1,17,3,5,工作日,晚高峰(17-19点),2015-05-14,2015年5月14日,多云 /雷阵雨,27℃ / 20℃,东南风 ≤3级 /南风 ≤3级,多云,雷阵雨,27,20,东南风,≤3级,南风,≤3级,day
2015-05-23 12:00:00,贵惠大道,7、未按规定让行的 ,负全部责任,不负责任,1,贵5424859,白色,1,贵A9246Z,白色,-1,自培,-1,-1,-1,别克牌,366067000000000000 ,***,197301,-1,12,5,5,工作日,非高峰,2015-05-23,2015年5月23日,阵雨 /阴,19℃ / 14℃,东北风 ≤3级 /东北风 ≤3级,阵雨,阴,19,14,东北风,≤3级,东北风,≤3级,day
2015-05-18 18:00:00,东站立交,7、未按规定让行的 ,负全部责任,不负责任,1,贵A9BE56,白色,1,贵AMG499,白色,（南明区）吉源驾驶培训有限公司,自培,2015/2/17 0:00,-1,东风日产牌,东风标致牌,36454651944358645X,***,198005,-1,18,0,5,工作日,晚高峰(17-19点),2015-05-18,2015年5月18日,多云 /多云,25℃ / 18℃,东北风 ≤3级 /东北风 ≤3级,多云,多云,25,18,东北风,≤3级,东北风,≤3级,day
2015-05-28 15:00:00,东二环,1、追尾的,负全部责任,不负责任,1,贵CGL781,白色,1,渝ASY563,白色,长运驾校,自培,2011/11/16 0:00,-1,-1,福克斯牌,366562000000000000 ,***,198810,-1,15,3,5,工作日,非高峰,2015-05-28,2015年5月28日,多云 /雷阵雨,29℃ / 19℃,南风 ≤3级 /东南风 ≤3级,多云,雷阵雨,29,19,南风,≤3级,东南风,≤3级,day
2015-05-27 16:00:00,花溪大道,7、未按规定让行的 ,负全部责任,不负责任,1,贵AV5858,白色,1,贵AU7412,白色,-1,自培,-1,-1,英菲尼迪,望龙牌,364546000000000 ,***,560226,-1,16,2,5,工作日,非高峰,2015-05-27,2015年5月27日,阴 /阵雨,26℃ / 20℃,南风 ≤3级 /东北风 ≤3级,阴,阵雨,26,20,南风,≤3级,东北风,≤3级,day
2015-05-03 21:00:00,龙洞堡,3、倒车的,负全部责任,不负责任,1,贵JD6584,白色,1,***,***,十一培,自培,1993/3/3 0:00,-1,-1,-1,364547000000000000 ,***,196112,-1,21,6,5,周末,非高峰,2015-05-03,2015年5月3日,阵雨 /阵雨,25℃ / 15℃,东北风 ≤3级 /东北风 ≤3级,阵雨,阵雨,25,15,东北风,≤3级,东北风,≤3级,night
2015-05-04 07:30:00,沙冲路,1、追尾的,负全部责任,不负责任,1,贵AF9951,白色,1,***,***,自培,自培,2003/4/12 0:00,-1,思威牌,-1,364548000000000000 ,***,196502,-1,7,0,5,工作日,早高峰(7-9点),2015-05-04,2015年5月4日,阵雨 /阵雨,20℃ / 14℃,东北风 ≤3级 /东北风 ≤3级,阵雨,阵雨,20,14,东北风,≤3级,东北风,≤3级,day
2015-04-25 00:00:00,太慈桥,7、未按规定让行的 ,负全部责任,不负责任,1,贵ANC222,白色,1,***,***,自培,自培,2004/4/13 0:00,-1,昂科雷,-1,366346000000000000 ,***,198312,-1,0,5,4,工作日,非高峰,2015-04-25,2015年4月25日,阴 /阵雨,20℃ / 11℃,东风 ≤3级 /东南风 ≤3级,阴,阵雨,20,11,东风,≤3级,东南风,≤3级,night
2015-05-21 08:00:00,嘉润路,1、追尾的,负全部责任,不负责任,1,贵CEN746,白色,1,贵GQ9343,白色,（经开区）顺一驾驶培训有限公司,自培,-1,-1,-1,-1,366575000000000000 ,***,197401,-1,8,3,5,工作日,早高峰(7-9点),2015-05-21,2015年5月21日,阴 /阵雨,24℃ / 16℃,东风 ≤3级 /东风 ≤3级,阴,阵雨,24,16,东风,≤3级,东风,≤3级,day
2015-05-28 16:00:00,铁运港,3、倒车的,负全部责任,不负责任,1,贵AN4844,白色,1,贵A1BB05,白色,自培,自培,2001/9/3 0:00,-1,纵情牌,雪佛兰牌,364547000000000000 ,***,197804,-1,16,3,5,工作日,非高峰,2015-05-28,2015年5月28日,多云 /雷阵雨,29℃ / 19℃,南风 ≤3级 /东南风 ≤3级,多云,雷阵雨,29,19,南风,≤3级,东南风,≤3级,day
2015-05-28 17:00:00,四方河路,8、依法应负全责的其他情形,负全部责任,不负责任,1,贵GAE716,白色,1,贵ARS263,白色,吉源驾校,自培,2014/12/1 0:00,-1,-1,雪佛兰牌,366363000000000000 ,***,197812,-1,17,3,5,工作日,晚高峰(17-19点),2015-05-28,2015年5月28日,多云 /雷阵雨,29℃ / 19℃,南风 ≤3级 /东南风 ≤3级,多云,雷阵雨,29,19,南风,≤3级,东南风,≤3级,day
2015-05-28 08:00:00,白云区育才路,7、未按规定让行的 ,负全部责任,不负责任,1,贵A4744S,白,1,贵EF8351,黑,消防驾校,自培,2012/12/25 0:00,2014/11/25 0:00,奇瑞牌,福特牌,364556000000000000 ,366766000000000000 ,197907,197904,8,3,5,工作日,早高峰(7-9点),2015-05-28,2015年5月28日,多云 /雷阵雨,29℃ / 19℃,南风 ≤3级 /东南风 ≤3级,多云,雷阵雨,29,19,南风,≤3级,东南风,≤3级,day
2015-03-25 22:00:00,营盘路,1、追尾的,负全部责任,不负责任,1,浙JL422Y,黑色,1,贵GR4732,白色,自培,智杰驾校,2004/5/29 0:00,2014/3/25 0:00,奥迪牌,别克(BUICK)牌,364547000000000000 ,366067000000000000 ,198203,199003,22,2,3,工作日,非高峰,2015-03-25,2015年3月25日,阴 /阵雨,14℃ / 9℃,东北风 ≤3级 /东北风 ≤3级,阴,阵雨,14,9,东北风,≤3级,东北风,≤3级,night
2015-02-10 10:00:00,金朱西路,1、追尾的,负全部责任,不负责任,1,浙J13940,白色,1,贵FN6358,白色,惠水县金都汽车驾驶培训有限公司,铁二局驾校,-1,2007/12/17 0:00,五菱,夏利牌,775447000000000000 ,366068000000000000 ,199005,197108,10,1,2,工作日,非高峰,2015-02-10,2015年2月10日,小雨 /小雨,6℃ / 3℃,东北风 ≤3级 /东风 ≤3级,小雨,小雨,6,3,东北风,≤3级,东风,≤3级,day
2015-04-03 10:00:00,八匹马,1、追尾的,负全部责任,不负责任,1,粤YYB111,白,1,贵AA350M,黑,-1,自培,-1,1995/4/22 0:00,丰田牌,北京现代牌,74965500000000000 ,364558000000000000 ,197205,197702,10,4,4,工作日,非高峰,2015-04-03,2015年4月3日,多云 /多云,30℃ / 19℃,南风 ≤3级 /南风 ≤3级,多云,多云,30,19,南风,≤3级,南风,≤3级,day
2015-03-21 14:40:00,北京西路,3、倒车的,负全部责任,不负责任,1,苏JSC899,黑,1,贵AF6717,黑,-1,-1,-1,-1,雪佛兰牌 ,隆鑫牌,764164000000000000 ,64566500000000000 ,196601,196509,14,5,3,工作日,非高峰,2015-03-21,2015年3月21日,阴 /阴,16℃ / 11℃,东北风 ≤3级 /东南风 ≤3级,阴,阴,16,11,东北风,≤3级,东南风,≤3级,day
2015-04-03 10:34:00,金阳,1、追尾的,负全部责任,不负责任,1,苏F441PC,银,1,渝A32X79,银,-1,-1,-1,-1,思域牌,五菱牌,764267000000000000 ,356661000000000000 ,197109,196402,10,4,4,工作日,非高峰,2015-04-03,2015年4月3日,多云 /多云,30℃ / 19℃,南风 ≤3级 /南风 ≤3级,多云,多云,30,19,南风,≤3级,南风,≤3级,day
2015-03-14 12:00:00,金朱东路,7、未按规定让行的 ,负全部责任,不负责任,1,闽CH579S,黄,1,贵AU7828,绿,-1,自培,-1,2002/8/20 0:00,宝马牌,隆鑫牌,734398000000000000 ,364557000000000000 ,198006,198110,12,5,3,工作日,非高峰,2015-03-14,2015年3月14日,阴 /阴,17℃ / 12℃,南风 ≤3级 /东南风 ≤3级,阴,阴,17,12,南风,≤3级,东南风,≤3级,day
2015-04-03 09:50:00,花果园,7、未按规定让行的 ,负全部责任,不负责任,1,冀R68641,白,1,贵A4AU13,黑,-1,消防驾校,-1,2011/9/6 0:00,华丰,福克斯牌,536570000000000000 ,366564000000000000 ,198511,197311,9,4,4,工作日,早高峰(7-9点),2015-04-03,2015年4月3日,多云 /多云,30℃ / 19℃,南风 ≤3级 /南风 ≤3级,多云,多云,30,19,南风,≤3级,南风,≤3级,day
2015-03-10 17:25:00,五里冲,7、未按规定让行的 ,负全部责任,不负责任,1,桂CH5225,红,1,贵APX799,银,-1,-1,-1,-1,松花江,长安牌,36762500000000000 ,774768000000000000 ,198910,196205,17,1,3,工作日,晚高峰(17-19点),2015-03-10,2015年3月10日,小雨 /小雨,8℃ / 4℃,东北风 ≤3级 /东北风 ≤3级,小雨,小雨,8,4,东北风,≤3级,东北风,≤3级,day
2015-04-29 08:45:00,金阳,1、追尾的,负全部责任,不负责任,1,赣G0Z319,红,1,贵A26X81,黑,-1,-1,-1,-1,长安牌,奥迪牌,724068000000000000 ,74565500000000000 ,197208,197612,8,2,4,工作日,早高峰(7-9点),2015-04-29,2015年4月29日,阵雨 /阵雨,26℃ / 16℃,东北风 ≤3级 /东南风 ≤3级,阵雨,阵雨,26,16,东北风,≤3级,东南风,≤3级,day
2015-03-21 14:00:00,花溪大道,7、未按规定让行的 ,负全部责任,不负责任,1,鄂F6C318,黑色,1,临贵A1E731,白色,-1,时发,-1,2005/1/31 0:00,松花江牌,-1,64297500000000000 ,364547000000000000 ,197308,198311,14,5,3,工作日,非高峰,2015-03-21,2015年3月21日,阴 /阴,16℃ / 11℃,东北风 ≤3级 /东南风 ≤3级,阴,阴,16,11,东北风,≤3级,东南风,≤3级,day
2015-04-14 11:13:00,长岭南路,7、未按规定让行的 ,负全部责任,不负责任,1,鄂AQ6377,黑,1,贵AX9993,银,-1,时发驾校,-1,2003/7/1 0:00,桑塔纳,奥迪牌,365567000000000000 ,774769000000000000 ,197409,197105,11,1,4,工作日,非高峰,2015-04-14,2015年4月14日,晴 /多云,22℃ / 9℃,东风 ≤3级 /东风 ≤3级,晴,多云,22,9,东风,≤3级,东风,≤3级,day
2015-03-25 12:30:00,金珠路,1、追尾的,负全部责任,不负责任,1,川ZL0791,蓝,0,贵A7AW88,蓝,安顺市天安机动车驾驶员培训学校,自培,-1,2012/5/25 0:00,中华牌,高尔夫牌,354747000000000000 ,364548000000000000 ,197811,198611,12,2,3,工作日,非高峰,2015-03-25,2015年3月25日,阴 /阵雨,14℃ / 9℃,东北风 ≤3级 /东北风 ≤3级,阴,阵雨,14,9,东北风,≤3级,东北风,≤3级,day
2015-03-16 08:30:00,西二环,1、追尾的,负全部责任,不负责任,1,川X21129,白色,1,贵A1489J,黑色,诚信驾驶培训学校,自培,2012/1/6 0:00,2014/9/4 0:00,奇瑞牌,五菱牌,356168000000000000 ,36455551174262405X,197102,199306,8,0,3,工作日,早高峰(7-9点),2015-03-16,2015年3月16日,阴 /多云,20℃ / 15℃,南风 ≤3级 /南风 ≤3级,阴,多云,20,15,南风,≤3级,南风,≤3级,day
2015-04-30 22:40:00,万江小区,3、倒车的,负全部责任,不负责任,1,川A814U1,白,1,贵CQA972,黑,吉源驾校,黔丰驾校,2014/2/13 0:00,2013/7/26 0:00,长城牌,大众汽车牌,364047000000000000 ,36657651145549735X,198010,199011,22,3,4,工作日,非高峰,2015-04-30,2015年4月30日,阵雨 /阵雨,25℃ / 17℃,东南风 ≤3级 /东南风 ≤3级,阵雨,阵雨,25,17,东南风,≤3级,东南风,≤3级,night
2015-02-04 23:33:00,贵大门口红绿灯,1、追尾的,负全部责任,不负责任,1,川A074FY,白色,1,贵GS9968,白色,黔东南民族职业技术学院驾驶学校,自培,-1,2012/12/17 0:00,宝来牌,大众汽车牌,366046000000000000 ,364556000000000000 ,198812,198910,23,2,2,工作日,非高峰,2015-02-04,2015年2月4日,小雨 /小雨,4℃ / 0℃,东北风 ≤3级 /东北风 ≤3级,小雨,小雨,4,0,东北风,≤3级,东北风,≤3级,night
2015-03-06 09:00:00,花香村,1、追尾的,负全部责任,不负责任,1,皖PF2119,黑色,1,贵A38332,黑色,鑫鑫驾校,-1,2013/10/17 0:00,-1,梅赛德斯-奔驰牌,奥迪牌,364567000000000000 ,364546000000000 ,199005,680714,9,4,3,工作日,早高峰(7-9点),2015-03-06,2015年3月6日,小雨 /小雨,5℃ / 3℃,东北风 ≤3级 /东北风 ≤3级,小雨,小雨,5,3,东北风,≤3级,东北风,≤3级,day
2015-04-28 22:30:00,北二环,7、未按规定让行的 ,负全部责任,不负责任,0,云ELS391,银,1,贵A53Z74,黑,六盘水昌达汽车摩托车驾驶培训学校有限公司,自培,2014/7/2 0:00,2007/10/24 0:00,别克牌,丰田牌,364646000000000000 ,364557000000000000 ,198805,198606,22,1,4,工作日,非高峰,2015-04-28,2015年4月28日,多云 /多云,25℃ / 15℃,东北风 ≤3级 /东北风 ≤3级,多云,多云,25,15,东北风,≤3级,东北风,≤3级,night
2015-04-20 15:00:00,油小线,1、追尾的,负全部责任,不负责任,1,川A7J332,白色,1,贵A45499,白色,-1,自培,-1,2001/4/24 0:00,大众牌,奥德赛牌,357467000000000000 ,36455551885557745X,197209,197711,15,0,4,工作日,非高峰,2015-04-20,2015年4月20日,阴 /阴,20℃ / 11℃,东北风 ≤3级 /东北风 ≤3级,阴,阴,20,11,东北风,≤3级,东北风,≤3级,day
2015-04-05 13:00:00,北二环,1、追尾的,负全部责任,不负责任,1,川EV6736,黑,1,贵AG6759,黑,赤水市机动车驾驶员培训学校,路路达驾校,2012/5/26 0:00,2012/4/23 0:00,丰田牌,万虎牌,35436651234553641X,364596000000000000 ,196501,199209,13,6,4,周末,非高峰,2015-04-05,2015年4月5日,阴 /阵雨,30℃ / 12℃,南风 ≤3级 /东北风 ≤3级,阴,阵雨,30,12,南风,≤3级,东北风,≤3级,day
2015-02-15 22:30:00,扶风路,8、依法应负全责的其他情形,负全部责任,不负责任,1,川AFT501,黑,1,贵GK171572,黑,顺一驾驶培训学校,-1,2013/1/22 0:00,-1,别克牌,-1,366664000000000000 ,364544000000 ,198705,535163,22,6,2,周末,非高峰,2015-02-15,2015年2月15日,多云 /阴,19℃ / 8℃,南风 ≤3级 /东北风 ≤3级,多云,阴,19,8,南风,≤3级,东北风,≤3级,night
2015-03-18 14:40:00,北京西路,9、不符合前8款规定或者双方同时具有上述情形的,负同等责任,负同等责任,1,豫R11935,银,1,贵AU6505,绿,-1,-1,-1,-1,北京,钱江牌,55795500000000000 ,366063000000000000 ,198207,197107,14,2,3,工作日,非高峰,2015-03-18,2015年3月18日,多云 /多云,24℃ / 14℃,南风 ≤3级 /南风 ≤3级,多云,多云,24,14,南风,≤3级,南风,≤3级,day
2015-03-18 14:40:00,北京路,9、不符合前8款规定或者双方同时具有上述情形的,负同等责任,负同等责任,1,贵AU6505,绿,1,豫R11935,红,-1,-1,-1,-1,蜀都牌,北京,36606300000000000 ,55795500000000000 ,197107,198207,14,2,3,工作日,非高峰,2015-03-18,2015年3月18日,多云 /多云,24℃ / 14℃,南风 ≤3级 /南风 ≤3级,多云,多云,24,14,南风,≤3级,南风,≤3级,day
2015-02-05 10:15:00,云潭南路,7、未按规定让行的 ,负全部责任,不负责任,1,贵A95K45,黑,1,渝ABR6184,红,（观山湖区）蓝天驾驶培训有限公司,-1,2006/9/7 0:00,-1,奥迪牌,-1,364547000000000000 ,355296000000000000 ,197708,198805,10,3,2,工作日,非高峰,2015-02-05,2015年2月5日,阴 /阴,3℃ / 0℃,东北风 ≤3级 /东北风 ≤3级,阴,阴,3,0,东北风,≤3级,东北风,≤3级,day
2015-04-10 00:00:00,云岩区,8、依法应负全责的其他情形,负全部责任,不负责任,1,贵JS8623,白,1,渝BU2477,白,自培,-1,2013/3/13 0:00,-1,吉利牌,-1,366875000000000000 ,357366000000000000 ,199001,197312,0,4,4,工作日,非高峰,2015-04-10,2015年4月10日,小雨 /小雨,12℃ / 8℃,东北风 ≤3级 /东北风 ≤3级,小雨,小雨,12,8,东北风,≤3级,东北风,≤3级,night
2015-03-30 09:40:00,乌当,7、未按规定让行的 ,负全部责任,不负责任,0,苏DM214N,黑,1,渝BN5495,黄,-1,黔南州交通驾驶学校,-1,2008/6/12 0:00,马自达牌 ,-1,357475000000000000 ,366864000000000000 ,198405,198810,9,0,3,工作日,早高峰(7-9点),2015-03-30,2015年3月30日,晴 /多云,24℃ / 17℃,南风 ≤3级 /南风 ≤3级,晴,多云,24,17,南风,≤3级,南风,≤3级,day
2015-02-08 20:00:00,林城东路与石标路交叉口,1、追尾的,负全部责任,不负责任,0,贵A3BG67,黑色,1,渝BAK938,黑色,省交校,520102,2014/8/5 0:00,2007/11/23 0:00,思域牌,-1,364551000000000000 ,354670000000000000 ,198811,196310,20,6,2,周末,非高峰,2015-02-08,2015年2月8日,阴 /阴,7℃ / 3℃,东北风 ≤3级 /南风 ≤3级,阴,阴,7,3,东北风,≤3级,南风,≤3级,night
2015-02-08 20:20:00,石标路,1、追尾的,负全部责任,不负责任,0,贵A3BG67,黄,1,渝BAK938,银,省交校,520102,2014/8/5 0:00,2007/11/23 0:00,思域牌,-1,364551000000000000 ,354670000000000000 ,198811,196310,20,6,2,周末,非高峰,2015-02-08,2015年2月8日,阴 /阴,7℃ / 3℃,东北风 ≤3级 /南风 ≤3级,阴,阴,7,3,东北风,≤3级,南风,≤3级,night