accidenttime,accidentaddr,driver1fault,driver1responsibility,driver2responsibility,sex1,platenumber1,carcolor1,sex2,platenumber2,carcolor2,jxmc1,jxmc2,cclzrq1,cclzrq2,clpp1,clpp2,driver1license,driver2license,brith1,brith2,hour,weekday,month,is_weekday,peak_hour,date,日期,天气状况,气温,风力风向,day_wea,night_wea,day_tep,night_tep,day_wind_direction,day_wind_speed,night_wind_direction,night_wind_speed,segment
2015-03-30 10:00:00,杨家山隧道,1、追尾的,负全部责任,不负责任,1,粤CDL271,白色,1,湘F62289,白色,-1,-1,-1,-1,江铃牌,-1,74865500000000000 ,74247500000000000 ,197511,197508,10,0,3,工作日,非高峰,2015-03-30,2015年3月30日,晴 /多云,24℃ / 17℃,南风 ≤3级 /南风 ≤3级,晴,多云,24,17,南风,≤3级,南风,≤3级,day
2015-04-03 12:15:00,文昌南路,1、追尾的,负全部责任,不负责任,1,贵A21A78,白色,1,渝A122J7,白色,铁二局驾校,-1,2012/4/17 0:00,-1,福克斯牌,思威牌,364548000000000000 ,354666000000000000 ,198903,196902,12,4,4,工作日,非高峰,2015-04-03,2015年4月3日,多云 /多云,30℃ / 19℃,南风 ≤3级 /南风 ≤3级,多云,多云,30,19,南风,≤3级,南风,≤3级,day
2015-04-24 08:00:00,贵遵高速,8、依法应负全责的其他情形,负全部责任,不负责任,1,贵A7402学,银,1,皖K9767,白,（白云区）消防驾驶培训学校,-1,2007/11/14 0:00,-1,-1,\N,364557000000000000 ,74560500000000000 ,198806,196301,8,4,4,工作日,早高峰(7-9点),2015-04-24,2015年4月24日,阴 /小雨,16℃ / 11℃,东风 ≤3级 /东风 ≤3级,阴,小雨,16,11,东风,≤3级,东风,≤3级,day
2015-04-19 00:00:00,白云区,8、依法应负全责的其他情形,负全部责任,不负责任,0,贵AMA364,银,1,渝BS6974,红,（白云区）景宏驾驶培训有限公司,-1,2006/4/5 0:00,-1,雅阁(ACC0RD)牌,-1,366267000000000000 ,366567000000000000 ,196802,198001,0,6,4,周末,非高峰,2015-04-19,2015年4月19日,阵雨 /阵雨,22℃ / 13℃,东北风 ≤3级 /东北风 ≤3级,阵雨,阵雨,22,13,东北风,≤3级,东北风,≤3级,night
2015-02-04 07:00:00,金阳客车站,7、未按规定让行的 ,负全部责任,不负责任,1,贵AUA590,绿,1,渝A78307,黑,瓮安县鑫源驾驶培训学校,-1,2009/8/10 0:00,-1,大众牌,-1,366864000000000000 ,74363500000000000 ,197708,198209,7,2,2,工作日,早高峰(7-9点),2015-02-04,2015年2月4日,小雨 /小雨,4℃ / 0℃,东北风 ≤3级 /东北风 ≤3级,小雨,小雨,4,0,东北风,≤3级,东北风,≤3级,day
2015-04-06 10:45:00,甲秀南路,1、追尾的,负全部责任,不负责任,1,贵AR8337,白色,1,渝ADN418,白色,六盘水达安驾驶培训有限公司,-1,2011/8/22 0:00,-1,双狮牌,-1,36606651845649595X,36656651155452527X,197012,199110,10,0,4,工作日,非高峰,2015-04-06,2015年4月6日,阵雨 /阵雨,17℃ / 7℃,东北风 ≤3级 /东北风 ≤3级,阵雨,阵雨,17,7,东北风,≤3级,东北风,≤3级,day
2015-04-19 15:25:00,乌当,8、依法应负全责的其他情形,负全部责任,不负责任,1,贵H5700V,白,0,渝ACW664,银,（南明区）市交通职业技术驾驶培训学校,-1,2007/5/31 0:00,-1,-1,东风日产牌,364557000000000000 ,355468000000000000 ,198901,198903,15,6,4,周末,非高峰,2015-04-19,2015年4月19日,阵雨 /阵雨,22℃ / 13℃,东北风 ≤3级 /东北风 ≤3级,阵雨,阵雨,22,13,东北风,≤3级,东北风,≤3级,day
2015-04-03 14:50:00,世纪城,1、追尾的,负全部责任,不负责任,1,贵AB536M,白,1,渝FX9897,白,自培,-1,2002/5/9 0:00,-1,五菱牌,腾龙,355456000000000000 ,34467051914762275X,198403,198903,14,4,4,工作日,非高峰,2015-04-03,2015年4月3日,多云 /多云,30℃ / 19℃,南风 ≤3级 /南风 ≤3级,多云,多云,30,19,南风,≤3级,南风,≤3级,day
2015-04-06 13:00:00,二戈寨,8、依法应负全责的其他情形,负全部责任,不负责任,1,贵FAF859,白色,1,皖A5V124,白色,路路达驾校,-1,2015/1/5 0:00,-1,五菱牌,丰田牌,366067000000000000 ,3645470000000000 ,199606,156413,13,0,4,工作日,非高峰,2015-04-06,2015年4月6日,阵雨 /阵雨,17℃ / 7℃,东北风 ≤3级 /东北风 ≤3级,阵雨,阵雨,17,7,东北风,≤3级,东北风,≤3级,day
2015-02-05 13:30:00,北京西路,1、追尾的,负全部责任,不负责任,1,贵83G12,黑,1,湘N4KP33,银,（云岩区）省交通职业技术驾驶培训学校,-1,2008/5/13 0:00,-1,-1,福克斯牌,364557000000000000 ,74395500000000000 ,198603,198807,13,3,2,工作日,非高峰,2015-02-05,2015年2月5日,阴 /阴,3℃ / 0℃,东北风 ≤3级 /东北风 ≤3级,阴,阴,3,0,东北风,≤3级,东北风,≤3级,day
2015-04-04 11:00:00,花果园,7、未按规定让行的 ,负全部责任,不负责任,1,贵CGG354,白色,1,渝BN7545,白色,务川自治县汇通驾驶员培训有限公司,-1,2013/11/13 0:00,-1,吉利牌,川路牌,366563000000000000 ,364666000000000000 ,199203,198306,11,5,4,工作日,非高峰,2015-04-04,2015年4月4日,多云 /多云,29℃ / 18℃,南风 ≤3级 /南风 ≤3级,多云,多云,29,18,南风,≤3级,南风,≤3级,day
2015-04-23 16:20:00,中曹司大桥,7、未按规定让行的 ,负全部责任,不负责任,1,贵AT6390,白色,1,渝C12M65,白色,自培,-1,2007/11/20 0:00,-1,豪鹰牌,大众牌,366063000000000000 ,366046000000000000 ,197805,198603,16,3,4,工作日,非高峰,2015-04-23,2015年4月23日,阴 /小雨,16℃ / 10℃,东北风 ≤3级 /东北风 ≤3级,阴,小雨,16,10,东北风,≤3级,东北风,≤3级,day
2015-03-18 15:10:00,黔林山路,1、追尾的,负全部责任,不负责任,1,贵ADE924,银,1,湘K31719,黑,自培,-1,2003/1/10 0:00,-1,五菱牌,欧蓝德EX2360CC越野车,364547000000000000 ,76346500000000000 ,196111,196409,15,2,3,工作日,非高峰,2015-03-18,2015年3月18日,多云 /多云,24℃ / 14℃,南风 ≤3级 /南风 ≤3级,多云,多云,24,14,南风,≤3级,南风,≤3级,day
2015-03-19 11:50:00,贵遵路,8、依法应负全责的其他情形,负全部责任,不负责任,1,川E3977G,红,1,贵A24729,银,贵州平安驾驶培训学校,十一培,2013/10/10 0:00,1986/2/13 0:00,长城牌,柯斯达,35436551205656033X,364548000000000000 ,196412,196311,11,3,3,工作日,非高峰,2015-03-19,2015年3月19日,多云 /阵雨,26℃ / 12℃,南风 ≤3级 /东北风 ≤3级,多云,阵雨,26,12,南风,≤3级,东北风,≤3级,day
2015-04-09 09:45:00,中曹司大桥,1、追尾的,负全部责任,不负责任,1,川EP2256,白色,1,贵AXA242,白色,路路达驾校,十一培,2013/3/20 0:00,1991/12/12 0:00,长城牌,北京现代牌,354366000000000000 ,36454751244843245X,195212,196007,9,3,4,工作日,早高峰(7-9点),2015-04-09,2015年4月9日,阴 /小雨,11℃ / 7℃,东北风 ≤3级 /东北风 ≤3级,阴,小雨,11,7,东北风,≤3级,东北风,≤3级,day
2015-04-13 15:50:00,白金城,1、追尾的,负全部责任,不负责任,1,湘E1FC89,银,1,贵A74M88,白,遵义县机动车驾驶培训学校,自培,2011/4/14 0:00,2006/4/29 0:00,无,东风雪铁龙牌,07436751825467397X,36666751854357405X,197610,197105,15,0,4,工作日,非高峰,2015-04-13,2015年4月13日,晴 /多云,23℃ / 8℃,东北风 ≤3级 /东北风 ≤3级,晴,多云,23,8,东北风,≤3级,东北风,≤3级,day
2015-03-11 15:20:00,金关,8、依法应负全责的其他情形,负全部责任,不负责任,1,贵ATR654,银,1,湘KL6488,蓝,文通驾校,自培,2011/6/20 0:00,2006/8/10 0:00,解放牌,-1,36666251854163527X,76347500000000000 ,197109,197409,15,2,3,工作日,非高峰,2015-03-11,2015年3月11日,阴 /小雨,8℃ / 4℃,东北风 ≤3级 /东北风 ≤3级,阴,小雨,8,4,东北风,≤3级,东北风,≤3级,day
2015-04-03 09:10:00,五里冲,1、追尾的,负全部责任,不负责任,1,渝BR4954,白,1,贵GT9493,白,自培,自培,2002/9/30 0:00,2001/10/15 0:00,-1,宝来牌,366246000000000000 ,366367000000000000 ,197404,197309,9,4,4,工作日,早高峰(7-9点),2015-04-03,2015年4月3日,多云 /多云,30℃ / 19℃,南风 ≤3级 /南风 ≤3级,多云,多云,30,19,南风,≤3级,南风,≤3级,day
2015-04-17 13:35:00,红河路,1、追尾的,负全部责任,不负责任,1,贵GD6121,白色,1,渝A379R2,白色,镇宁县宏伟汽车有限责任公司汽车（摩托车培训学校）,-1,2015/3/13 0:00,-1,丰田牌,指南者,366362000000000000 ,354666000000000000 ,199208,197303,13,4,4,工作日,非高峰,2015-04-17,2015年4月17日,多云 /多云,28℃ / 19℃,南风 ≤3级 /南风 ≤3级,多云,多云,28,19,南风,≤3级,南风,≤3级,day
2015-04-09 08:50:00,绿地,1、追尾的,负全部责任,不负责任,1,贵A42C98,黑,0,冀F73692,绿,（清镇市）青正驾驶培训有限公司,贵州现代驾驶培训责任有限公司,2011/8/17 0:00,2012/5/9 0:00,大众牌,思威牌,364548000000000000 ,344544000000000000 ,197512,198511,8,3,4,工作日,早高峰(7-9点),2015-04-09,2015年4月9日,阴 /小雨,11℃ / 7℃,东北风 ≤3级 /东北风 ≤3级,阴,小雨,11,7,东北风,≤3级,东北风,≤3级,day
2015-03-20 15:50:00,小青村,1、追尾的,负全部责任,不负责任,1,湘AX2U17,黑,1,冀A86T78,黑,-1,-1,-1,-1,五菱牌,奥迪牌,70456551904950337X,574370000000000000 ,198408,198603,15,4,3,工作日,非高峰,2015-03-20,2015年3月20日,阴 /阵雨,14℃ / 10℃,东北风 ≤3级 /东北风 ≤3级,阴,阵雨,14,10,东北风,≤3级,东北风,≤3级,day
2015-02-03 19:00:00,金顶山,8、依法应负全责的其他情形,负全部责任,不负责任,1,贵A93A74,蓝,1,辉EK9312,蓝,贵州现代驾驶培训责任有限公司,景宏驾校,2012/12/11 0:00,2014/7/19 0:00,夏利牌,\N,364548000000000000 ,366764000000000000 ,197606,197211,19,1,2,工作日,晚高峰(17-19点),2015-02-03,2015年2月3日,小雨 /小雨,6℃ / 1℃,东北风 ≤3级 /东北风 ≤3级,小雨,小雨,6,1,东北风,≤3级,东北风,≤3级,day
2015-03-12 11:05:00,花二道,1、追尾的,负全部责任,不负责任,1,贵ATU226,银,1,赣BV1932,银,-1,-1,-1,-1,沃尔沃,五菱牌,X66667513840640152,734564000000000000 ,195704,198212,11,3,3,工作日,非高峰,2015-03-12,2015年3月12日,多云 /多云,16℃ / 10℃,南风 ≤3级 /南风 ≤3级,多云,多云,16,10,南风,≤3级,南风,≤3级,day
2015-04-23 10:45:00,粑粑街,9、不符合前8款规定或者双方同时具有上述情形的,负同等责任,负同等责任,1,贵A8812J,银,1,甘4794254,红,-1,-1,-1,-1,东风牌,\N,74066500000000000 ,3662630000000000 ,198807,197010,10,3,4,工作日,非高峰,2015-04-23,2015年4月23日,阴 /小雨,16℃ / 10℃,东北风 ≤3级 /东北风 ≤3级,阴,小雨,16,10,东北风,≤3级,东北风,≤3级,day
2015-03-25 14:00:00,青岩,3、倒车的,负全部责任,不负责任,1,贵A1537X,白色,1,川RBA128,白色,贵大驾校,520109,2005/12/9 0:00,2008/9/23 0:00,长城牌,北京现代牌 ,364556000000000000 ,355741000000000000 ,196606,197909,14,2,3,工作日,非高峰,2015-03-25,2015年3月25日,阴 /阵雨,14℃ / 9℃,东北风 ≤3级 /东北风 ≤3级,阴,阵雨,14,9,东北风,≤3级,东北风,≤3级,day
2015-03-18 16:00:00,观山西路,7、未按规定让行的 ,负全部责任,不负责任,1,贵A205F4,白,0,川CE8519,黑,-1,-1,-1,-1,斯卡特牌,丰田牌 ,36455500000000000 ,355575000000000000 ,972110,196707,16,2,3,工作日,非高峰,2015-03-18,2015年3月18日,多云 /多云,24℃ / 14℃,南风 ≤3级 /南风 ≤3级,多云,多云,24,14,南风,≤3级,南风,≤3级,day
2015-04-13 08:50:00,锦江路,7、未按规定让行的 ,负全部责任,不负责任,1,川AQ663M,白色,1,贵AA591M,白色,-1,通发驾校,-1,2014/6/12 0:00,奇瑞牌,北京现代牌,35454351895563582X,364568000000000000 ,197811,198809,8,0,4,工作日,早高峰(7-9点),2015-04-13,2015年4月13日,晴 /多云,23℃ / 8℃,东北风 ≤3级 /东北风 ≤3级,晴,多云,23,8,东北风,≤3级,东北风,≤3级,day
2015-04-02 13:20:00,滨湖路,7、未按规定让行的 ,负全部责任,不负责任,0,贵A3BX08,白,1,川A276JR,红,贵州省长安驾驶培训学校,自培,2014/3/20 0:00,2004/4/5 0:00,东风标致牌,起亚牌 ,366347000000000000 ,357966000000000000 ,198010,198412,13,3,4,工作日,非高峰,2015-04-02,2015年4月2日,多云 /多云,30℃ / 18℃,南风 ≤3级 /南风 ≤3级,多云,多云,30,18,南风,≤3级,南风,≤3级,day
2015-04-03 10:00:00,二戈寨,1、追尾的,负全部责任,不负责任,1,川EK9894,白色,1,川XF387,白色,鑫鑫驾校,-1,2012/3/26 0:00,-1,吉利全球鹰牌,\N,354367000000000000 ,357546000000000000 ,197112,197401,10,4,4,工作日,非高峰,2015-04-03,2015年4月3日,多云 /多云,30℃ / 19℃,南风 ≤3级 /南风 ≤3级,多云,多云,30,19,南风,≤3级,南风,≤3级,day
2015-03-02 11:00:00,都司路,7、未按规定让行的 ,负全部责任,不负责任,1,贵AU1701,白,1,川AD78Q6,蓝,无,-1,2004/10/18 0:00,-1,飞肯牌,北京牌 ,364556000000000000 ,355468000000000000 ,198602,198706,11,0,3,工作日,非高峰,2015-03-02,2015年3月2日,阴 /小雨,9℃ / 2℃,东北风 ≤3级 /东北风 ≤3级,阴,小雨,9,2,东北风,≤3级,东北风,≤3级,day
2015-04-13 08:30:00,杨家山隧道,1、追尾的,负全部责任,不负责任,1,贵GC3149,黑,1,苏A6UR19,白,阳光驾校,-1,2012/2/24 0:00,-1,嘉陵牌,红旗牌,366670000000000000 ,764568000000000000 ,198211,197003,8,0,4,工作日,早高峰(7-9点),2015-04-13,2015年4月13日,晴 /多云,23℃ / 8℃,东北风 ≤3级 /东北风 ≤3级,晴,多云,23,8,东北风,≤3级,东北风,≤3级,day
2015-03-14 15:30:00,云环路,8、依法应负全责的其他情形,负全部责任,不负责任,1,贵FZ6128,银,1,苏EE5D91,黑,天行健驾校,-1,2014/9/29 0:00,-1,吉利牌,东风标致牌,366066000000000000 ,704963000000000000 ,197605,199004,15,5,3,工作日,非高峰,2015-03-14,2015年3月14日,阴 /阴,17℃ / 12℃,南风 ≤3级 /东南风 ≤3级,阴,阴,17,12,南风,≤3级,东南风,≤3级,day
2015-03-29 09:00:00,北京西路,9、不符合前8款规定或者双方同时具有上述情形的,负同等责任,负同等责任,1,贵AC620E,银,1,川ABL033,红,黔南金都汽车驾驶学校,-1,2012/6/18 0:00,-1,长安牌,五十铃牌 ,366846000000000000 ,355347000000000000 ,198512,198702,9,6,3,周末,早高峰(7-9点),2015-03-29,2015年3月29日,阴 /多云,18℃ / 15℃,东风 ≤3级 /南风 ≤3级,阴,多云,18,15,东风,≤3级,南风,≤3级,day
2015-03-15 15:00:00,香江路,9、不符合前8款规定或者双方同时具有上述情形的,负同等责任,负同等责任,1,川ED7331,白色,1,贵AAH234,白色,安顺市安达机动车驾驶培训有限公司,安顺市安达机动车驾驶培训有限公司,-1,2003/5/15 0:00,奥迪牌 ,名爵牌,354341000000000000 ,364548000000000000 ,198206,197904,15,6,3,周末,非高峰,2015-03-15,2015年3月15日,阴 /阴,18℃ / 13℃,东风 ≤3级 /南风 ≤3级,阴,阴,18,13,东风,≤3级,南风,≤3级,day
2015-03-28 20:20:00,望城坡,9、不符合前8款规定或者双方同时具有上述情形的,负同等责任,负同等责任,1,贵AKR989,白色,1,鄂S74152,白色,自培,-1,2007/1/17 0:00,-1,飞度牌,\N,364551000000000000 ,64267500000000000 ,198201,198212,20,5,3,工作日,非高峰,2015-03-28,2015年3月28日,阵雨 /雷阵雨,17℃ / 14℃,南风 ≤3级 /南风 ≤3级,阵雨,雷阵雨,17,14,南风,≤3级,南风,≤3级,night
2015-04-22 02:48:00,花溪,3、倒车的,负全部责任,不负责任,1,贵GY1631,白色,1,川AK35Q2,白色,吉源驾校,-1,2015/1/16 0:00,-1,大众牌,江铃牌 ,354366000000000000 ,35456751144354475X,197301,199005,2,2,4,工作日,非高峰,2015-04-22,2015年4月22日,小雨 /小雨,15℃ / 10℃,东北风 ≤3级 /东北风 ≤3级,小雨,小雨,15,10,东北风,≤3级,东北风,≤3级,night
2015-04-15 09:00:00,和尚坡,7、未按规定让行的 ,负全部责任,不负责任,1,贵FQ7197,白色,1,川ES2J49,白色,全林驾校,新天驾校,2013/12/19 0:00,2013/9/30 0:00,长城牌,大众牌 ,366068000000000000 ,354366000000000000 ,196801,197902,9,2,4,工作日,早高峰(7-9点),2015-04-15,2015年4月15日,多云 /多云,24℃ / 16℃,东南风 ≤3级 /南风 ≤3级,多云,多云,24,16,东南风,≤3级,南风,≤3级,day
2015-04-11 08:07:00,金关村,8、依法应负全责的其他情形,负全部责任,不负责任,1,贵A98K83,银,1,赣LU5151,银,吉源驾校,-1,2014/4/28 0:00,-1,东风标致牌,别克牌,364548000000000000 ,72636951235641615X,197509,196512,8,5,4,工作日,早高峰(7-9点),2015-04-11,2015年4月11日,多云 /多云,15℃ / 9℃,东北风 ≤3级 /东风 ≤3级,多云,多云,15,9,东北风,≤3级,东风,≤3级,day
2015-05-11 16:15:00,麻冲路,7、未按规定让行的 ,负全部责任,不负责任,1,贵ASV698,黑,1,闽C944AL,黑,（乌当区）平安驾驶培训有限公司,预约考试窗口,2006/6/16 0:00,2006/8/16 0:00,起亚,翼虎牌,364568000000000000 ,36636051974949095X,198803,198308,16,0,5,工作日,非高峰,2015-05-11,2015年5月11日,多云 /多云,24℃ / 13℃,东北风 ≤3级 /东北风 ≤3级,多云,多云,24,13,东北风,≤3级,东北风,≤3级,day
2015-04-14 12:20:00,八匹马,7、未按规定让行的 ,负全部责任,不负责任,1,贵GF7394,白,1,鄂ENX428,白,自培,-1,2009/3/13 0:00,-1,北京现代牌,雪佛兰牌 ,364548000000000000 ,66574500000000000 ,197706,198209,12,1,4,工作日,非高峰,2015-04-14,2015年4月14日,晴 /多云,22℃ / 9℃,东风 ≤3级 /东风 ≤3级,晴,多云,22,9,东风,≤3级,东风,≤3级,day
2015-03-14 19:30:00,乌当,7、未按规定让行的 ,负全部责任,不负责任,1,浙C1KP93,黑色,1,川EJ3279,白色,贵州省长安驾驶培训学校,-1,2011/7/14 0:00,-1,长安牌,丰田牌 ,364557000000000000 ,354367000000000000 ,198702,197003,19,5,3,工作日,晚高峰(17-19点),2015-03-14,2015年3月14日,阴 /阴,17℃ / 12℃,南风 ≤3级 /东南风 ≤3级,阴,阴,17,12,南风,≤3级,东南风,≤3级,day
2015-04-20 14:20:00,贵惠大道,1、追尾的,负全部责任,不负责任,1,贵AKA892,白色,1,苏M2K856,白色,安顺市黔中驾驶培训学校,-1,2013/3/18 0:00,-1,思威牌,梅赛德斯-奔驰牌,364567000000000000 ,765470000000000000 ,198611,197212,14,0,4,工作日,非高峰,2015-04-20,2015年4月20日,阴 /阴,20℃ / 11℃,东北风 ≤3级 /东北风 ≤3级,阴,阴,20,11,东北风,≤3级,东北风,≤3级,day
2015-03-20 15:35:00,小河转盘,9、不符合前8款规定或者双方同时具有上述情形的,负同等责任,负同等责任,1,贵AU6179,白色,1,川E60578,白色,自培,-1,2002/8/19 0:00,-1,三雅牌,-1,366063000000000000 ,354366000000000000 ,197412,199005,15,4,3,工作日,非高峰,2015-03-20,2015年3月20日,阴 /阵雨,14℃ / 10℃,东北风 ≤3级 /东北风 ≤3级,阴,阵雨,14,10,东北风,≤3级,东北风,≤3级,day
2015-03-18 20:24:00,野鸭塘,7、未按规定让行的 ,负全部责任,不负责任,1,贵A5931J,银,1,川A484WY,银,-1,自培,-1,2005/7/27 0:00,五菱牌,雅阁牌 ,366364000000000000 ,364547000000000000 ,196209,198502,20,2,3,工作日,非高峰,2015-03-18,2015年3月18日,多云 /多云,24℃ / 14℃,南风 ≤3级 /南风 ≤3级,多云,多云,24,14,南风,≤3级,南风,≤3级,night
2015-03-27 02:30:00,甘荫塘,1、追尾的,负全部责任,不负责任,1,贵AA649P,白色,1,苏B9L116,黑色,鑫鑫驾校,自培,2011/10/14 0:00,2004/10/8 0:00,解放牌,跃进牌,364557000000000000 ,366862000000000000 ,198811,198306,2,4,3,工作日,非高峰,2015-03-27,2015年3月27日,阵雨 /阵雨,18℃ / 13℃,南风 ≤3级 /南风 ≤3级,阵雨,阵雨,18,13,南风,≤3级,南风,≤3级,night
2015-04-24 23:00:00,中铁一号,3、倒车的,负全部责任,不负责任,1,贵AL0107,银,1,粤SHW377,黑,（观山湖区）蓝天驾驶培训有限公司,-1,2006/7/11 0:00,-1,北京现代牌,双环牌,364548000000000000 ,364557000000000000 ,196101,196906,23,4,4,工作日,非高峰,2015-04-24,2015年4月24日,阴 /小雨,16℃ / 11℃,东风 ≤3级 /东风 ≤3级,阴,小雨,16,11,东风,≤3级,东风,≤3级,night
2015-02-16 13:00:00,新路口,1、追尾的,负全部责任,不负责任,1,贵A58E45,黑,1,贵AEB456,黑,长运驾校,-1,2014/8/28 0:00,-1,福克斯牌,别克牌,364548000000000000 ,366067000000000000 ,196212,198011,13,0,2,工作日,非高峰,2015-02-16,2015年2月16日,阴 /阵雨,15℃ / 9℃,东北风 ≤3级 /东南风 ≤3级,阴,阵雨,15,9,东北风,≤3级,东南风,≤3级,day
2015-04-11 15:00:00,龙兴苑,3、倒车的,负全部责任,不负责任,0,贵A65E93,黑,1,粤B5463Z,银,贵州省长安驾驶培训学校,-1,2014/5/5 0:00,-1,大众汽车牌,北京现代牌,366564000000000000 ,366564000000000000 ,198209,198010,15,5,4,工作日,非高峰,2015-04-11,2015年4月11日,多云 /多云,15℃ / 9℃,东北风 ≤3级 /东风 ≤3级,多云,多云,15,9,东北风,≤3级,东风,≤3级,day
2015-05-13 07:30:00,北京西路,1、追尾的,负全部责任,不负责任,1,贵AKL744,黄,1,贵AU4188,红,（乌当区）平安驾驶培训有限公司,自培,2005/7/6 0:00,2010/1/5 0:00,英伦牌,捷达牌,364548000000000000 ,357466000000000000 ,197801,197710,7,2,5,工作日,早高峰(7-9点),2015-05-13,2015年5月13日,多云 /阵雨,26℃ / 19℃,东南风 ≤3级 /东南风 ≤3级,多云,阵雨,26,19,东南风,≤3级,东南风,≤3级,day
2015-02-11 07:50:00,山水黔城1号桥口,7、未按规定让行的 ,负全部责任,不负责任,1,贵A86J61,白色,1,贵AD3993,白色,（观山湖区）诚信驾驶培训有限公司,自培,2008/9/17 0:00,2000/9/12 0:00,别克牌,现代,364548000000000000 ,364547000000000000 ,198602,196201,7,2,2,工作日,早高峰(7-9点),2015-02-11,2015年2月11日,多云 /多云,11℃ / 3℃,东风 ≤3级 /东北风 ≤3级,多云,多云,11,3,东风,≤3级,东北风,≤3级,day
2015-04-08 13:30:00,西南环线,1、追尾的,负全部责任,不负责任,1,贵AM8815,白色,1,贵AW0248,白色,（白云区）景宏驾驶培训有限公司,十一驾驶培训有限公司,2007/1/8 0:00,2011/10/17 0:00,昌河牌,江铃全顺牌,364548000000000000 ,366864000000000000 ,197303,198309,13,2,4,工作日,非高峰,2015-04-08,2015年4月8日,小雨 /小雨,10℃ / 6℃,东北风 ≤3级 /东北风 ≤3级,小雨,小雨,10,6,东北风,≤3级,东北风,≤3级,day
2015-03-29 09:50:00,旭东路,8、依法应负全责的其他情形,负全部责任,不负责任,1,贵APS783,银,1,贵A22L35,白,贵州省长安驾驶培训学校,文通驾校,2012/1/12 0:00,2011/5/4 0:00,海马牌,福特牌,36454651824640606X,364548000000000000 ,197602,198908,9,6,3,周末,早高峰(7-9点),2015-03-29,2015年3月29日,阴 /多云,18℃ / 15℃,东风 ≤3级 /南风 ≤3级,阴,多云,18,15,东风,≤3级,南风,≤3级,day
2015-03-15 15:00:00,后坝,7、未按规定让行的 ,负全部责任,不负责任,1,贵ACP809,银,0,贵CHT461,银,余庆县乾顺汽车驾驶培训学校,自培,2012/6/11 0:00,2014/11/5 0:00,纳智捷牌,北京现代牌,366562000000000000 ,366564000000000000 ,197210,198202,15,6,3,周末,非高峰,2015-03-15,2015年3月15日,阴 /阴,18℃ / 13℃,东风 ≤3级 /南风 ≤3级,阴,阴,18,13,东风,≤3级,南风,≤3级,day
2015-02-03 21:30:00,大营坡,7、未按规定让行的 ,负全部责任,不负责任,1,贵ALQ052,银,0,贵GY5766,银,十一培,新华驾校,1982/1/5 0:00,2014/10/27 0:00,三菱牌,北京现代牌,364548000000000000 ,364557000000000000 ,196209,199004,21,1,2,工作日,非高峰,2015-02-03,2015年2月3日,小雨 /小雨,6℃ / 1℃,东北风 ≤3级 /东北风 ≤3级,小雨,小雨,6,1,东北风,≤3级,东北风,≤3级,night
2015-02-03 21:00:00,蟠桃宫,7、未按规定让行的 ,负全部责任,不负责任,1,贵A28R25,黑,0,贵FJ9129,黄,十一培,-1,1998/8/12 0:00,-1,东风标致牌,五菱牌,364556000000000000 ,366066000000000000 ,195805,197411,21,1,2,工作日,非高峰,2015-02-03,2015年2月3日,小雨 /小雨,6℃ / 1℃,东北风 ≤3级 /东北风 ≤3级,小雨,小雨,6,1,东北风,≤3级,东北风,≤3级,night
2015-02-01 13:30:00,黄河路与盘江路交叉,1、追尾的,负全部责任,不负责任,1,贵ADG985,白色,1,贵A77105C,黑色,十一培,贵阳金马驾驶培训有限公司,1999/6/2 0:00,2011/12/7 0:00,夏利牌,-1,36454651274543023X,366347000000000000 ,196301,198206,13,6,2,周末,非高峰,2015-02-01,2015年2月1日,阴 /小雨,2℃ / 0℃,东北风 ≤3级 /东风 ≤3级,阴,小雨,2,0,东北风,≤3级,东风,≤3级,day
2015-01-06 15:05:00,阳关,8、依法应负全责的其他情形,负全部责任,不负责任,1,贵A8705F,黑,1,贵A44S73,白,十一培,520129,1987/3/14 0:00,2008/1/17 0:00,东风标致牌,思铭牌,364548000000000000 ,364558000000000000 ,195908,198204,15,1,1,工作日,非高峰,2015-01-06,2015年1月6日,小雨 /小雨,6℃ / 3℃,东北风 ≤3级 /东北风 ≤3级,小雨,小雨,6,3,东北风,≤3级,东北风,≤3级,day
2015-02-02 07:40:00,新添大道,7、未按规定让行的 ,负全部责任,不负责任,1,贵A72735,银色,1,贵AKU797,红色,十一培,其他,1987/9/28 0:00,2008/10/10 0:00,东南,红旗牌,364548000000000000 ,364547000000000000 ,195808,196805,7,0,2,工作日,早高峰(7-9点),2015-02-02,2015年2月2日,阴 /小雨,7℃ / 3℃,南风 ≤3级 /东南风 ≤3级,阴,小雨,7,3,南风,≤3级,东南风,≤3级,day
2015-01-11 12:30:00,长岭南路交叉路口,7、未按规定让行的 ,负全部责任,不负责任,1,贵A69H38,红,1,贵FQ5285,黑,十一培,-1,1991/3/27 0:00,-1,高尔夫牌,吉利美日牌,366364000000000000 ,36606051284269525X,196309,196706,12,6,1,周末,非高峰,2015-01-11,2015年1月11日,阴 /小雨,8℃ / 2℃,东北风 ≤3级 /东北风 ≤3级,阴,小雨,8,2,东北风,≤3级,东北风,≤3级,day
2015-01-15 14:00:00,机场2号路,1、追尾的,负全部责任,不负责任,1,贵AV5937,白色,1,贵AKP367,黑色,十一培,预约考试窗口,1985/5/23 0:00,2006/7/12 0:00,昌河,东风雪铁龙牌,366364000000000000 ,364547000000000000 ,196406,196911,14,3,1,工作日,非高峰,2015-01-15,2015年1月15日,阴 /小雨,9℃ / 4℃,南风 ≤3级 /东北风 ≤3级,阴,小雨,9,4,南风,≤3级,东北风,≤3级,day