accidenttime,accidentaddr,driver1fault,driver1responsibility,driver2responsibility,sex1,platenumber1,carcolor1,sex2,platenumber2,carcolor2,jxmc1,jxmc2,cclzrq1,cclzrq2,clpp1,clpp2,driver1license,driver2license,brith1,brith2,hour,weekday,month,is_weekday,peak_hour,date,日期,天气状况,气温,风力风向,day_wea,night_wea,day_tep,night_tep,day_wind_direction,day_wind_speed,night_wind_direction,night_wind_speed,segment
2015-02-03 17:09:00,师大,9、不符合前8款规定或者双方同时具有上述情形的,负同等责任,负同等责任,1,贵AU0026,蓝,1,贵A14A34,蓝,十一培,520116,1996/12/16 0:00,2009/7/20 0:00,豪爵-SUZUKI牌,思威牌,364558000000000000 ,366363000000000000 ,196408,198411,17,1,2,工作日,晚高峰(17-19点),2015-02-03,2015年2月3日,小雨 /小雨,6℃ / 1℃,东北风 ≤3级 /东北风 ≤3级,小雨,小雨,6,1,东北风,≤3级,东北风,≤3级,day
2015-02-03 18:47:00,文昌南路,7、未按规定让行的 ,负全部责任,不负责任,1,贵AU9586,黑,1,贵AU9885,黑,十一培,自培,1993/11/21 0:00,2000/11/25 0:00,东本牌,喜马牌,36454751854353767X,364548000000000000 ,197105,197804,18,1,2,工作日,晚高峰(17-19点),2015-02-03,2015年2月3日,小雨 /小雨,6℃ / 1℃,东北风 ≤3级 /东北风 ≤3级,小雨,小雨,6,1,东北风,≤3级,东北风,≤3级,day
2015-02-04 13:00:00,小河区82路车终点站,7、未按规定让行的 ,负全部责任,不负责任,1,贵A7171X,白色,1,贵AU0677,黑色,十一培,-1,1984/5/3 0:00,-1,格锐,万达牌,364548000000000000 ,3660605124351647X,196211,196051,13,2,2,工作日,非高峰,2015-02-04,2015年2月4日,小雨 /小雨,4℃ / 0℃,东北风 ≤3级 /东北风 ≤3级,小雨,小雨,4,0,东北风,≤3级,东北风,≤3级,day
2015-02-04 15:00:00,清镇东门桥,7、未按规定让行的 ,负全部责任,不负责任,1,贵A01566,白,1,贵AF4939,黑,十一培,-1,1997/1/10 0:00,-1,炎龙牌,豪爵牌,364548000000000000 ,36455651865641694X,197707,197212,15,2,2,工作日,非高峰,2015-02-04,2015年2月4日,小雨 /小雨,4℃ / 0℃,东北风 ≤3级 /东北风 ≤3级,小雨,小雨,4,0,东北风,≤3级,东北风,≤3级,day
2015-02-04 14:30:00,公安局,1、追尾的,负全部责任,不负责任,0,贵AU7641,绿,1,贵AUH969,蓝,十一培,自培,1992/1/6 0:00,1999/11/26 0:00,金洪牌,途锐,364548000000000000 ,364557000000000000 ,196405,196611,14,2,2,工作日,非高峰,2015-02-04,2015年2月4日,小雨 /小雨,4℃ / 0℃,东北风 ≤3级 /东北风 ≤3级,小雨,小雨,4,0,东北风,≤3级,东北风,≤3级,day
2015-02-04 17:45:00,金阳南路,7、未按规定让行的 ,负全部责任,不负责任,1,贵AU7698,绿,1,贵A46K91,黑,十一培,-1,1997/9/3 0:00,-1,万达牌,雪佛兰牌,364547000000000000 ,364558000000000000 ,196507,196007,17,2,2,工作日,晚高峰(17-19点),2015-02-04,2015年2月4日,小雨 /小雨,4℃ / 0℃,东北风 ≤3级 /东北风 ≤3级,小雨,小雨,4,0,东北风,≤3级,东北风,≤3级,day
2015-02-04 19:30:00,改茶路,7、未按规定让行的 ,负全部责任,不负责任,1,贵A234C3,白,1,贵A35X47,银,十一培,自培,1998/11/3 0:00,2012/2/8 0:00,解放牌,大众牌,366364000000000000 ,364548000000000000 ,196604,198407,19,2,2,工作日,晚高峰(17-19点),2015-02-04,2015年2月4日,小雨 /小雨,4℃ / 0℃,东北风 ≤3级 /东北风 ≤3级,小雨,小雨,4,0,东北风,≤3级,东北风,≤3级,day
2015-02-04 19:40:00,新添寨,8、依法应负全责的其他情形,负全部责任,不负责任,1,贵H67888,黑,1,贵A25N11,银,十一培,蓝天驾校,1993/6/16 0:00,2014/5/26 0:00,宝马,北京现代牌,366567000000000000 ,36666351925464950X,196706,198610,19,2,2,工作日,晚高峰(17-19点),2015-02-04,2015年2月4日,小雨 /小雨,4℃ / 0℃,东北风 ≤3级 /东北风 ≤3级,小雨,小雨,4,0,东北风,≤3级,东北风,≤3级,day
2015-02-04 20:00:00,大营坡,8、依法应负全责的其他情形,负全部责任,不负责任,1,贵A5195F,黑,1,贵AT9595,黑,十一培,兴黔,1999/4/27 0:00,2005/3/2 0:00,解放牌,雷克牌,354664000000000000 ,356761000000000000 ,196409,196304,20,2,2,工作日,非高峰,2015-02-04,2015年2月4日,小雨 /小雨,4℃ / 0℃,东北风 ≤3级 /东北风 ≤3级,小雨,小雨,4,0,东北风,≤3级,东北风,≤3级,night
2015-02-04 10:00:00,宝山北路,7、未按规定让行的 ,负全部责任,不负责任,1,贵AHG344,黑,1,贵AKV914,蓝,十一培,自培,1988/6/22 0:00,2001/3/7 0:00,江淮牌,翼虎牌,364547000000000000 ,364548000000000000 ,195407,197909,10,2,2,工作日,非高峰,2015-02-04,2015年2月4日,小雨 /小雨,4℃ / 0℃,东北风 ≤3级 /东北风 ≤3级,小雨,小雨,4,0,东北风,≤3级,东北风,≤3级,day
2015-02-02 19:35:00,燕麦收费,1、追尾的,负全部责任,不负责任,1,贵GF0127,银,1,贵CBE489,黑,十一培,自培,1999/9/13 0:00,2012/10/10 0:00,北京现代牌,吉利牌,366368000000000000 ,366561000000000000 ,197704,198303,19,0,2,工作日,晚高峰(17-19点),2015-02-02,2015年2月2日,阴 /小雨,7℃ / 3℃,南风 ≤3级 /东南风 ≤3级,阴,小雨,7,3,南风,≤3级,东南风,≤3级,day
2015-02-04 14:30:00,都拉营,1、追尾的,负全部责任,不负责任,1,贵A985F8,银,1,贵ACE488,黄,十一培,自培,1997/10/30 0:00,2001/10/12 0:00,田野牌,雅阁(ACCORD),364558000000000000 ,734547000000000000 ,198005,196608,14,2,2,工作日,非高峰,2015-02-04,2015年2月4日,小雨 /小雨,4℃ / 0℃,东北风 ≤3级 /东北风 ≤3级,小雨,小雨,4,0,东北风,≤3级,东北风,≤3级,day
2015-02-04 17:40:00,金阳一中,7、未按规定让行的 ,负全部责任,不负责任,1,贵AA331警,黑,1,贵APS323,黑,十一培,自培,1996/12/30 0:00,2001/7/6 0:00,-1,大众汽车牌,364547000000000000 ,366363000000000000 ,197712,196211,17,2,2,工作日,晚高峰(17-19点),2015-02-04,2015年2月4日,小雨 /小雨,4℃ / 0℃,东北风 ≤3级 /东北风 ≤3级,小雨,小雨,4,0,东北风,≤3级,东北风,≤3级,day
2015-02-04 15:17:00,盐务街,3、倒车的,负全部责任,不负责任,1,渝B7B885,白,1,贵AS3373,黑,十一培,自培,1994/5/25 0:00,2004/7/14 0:00,无,丰田牌,366363000000000000 ,364548000000000000 ,196309,194808,15,2,2,工作日,非高峰,2015-02-04,2015年2月4日,小雨 /小雨,4℃ / 0℃,东北风 ≤3级 /东北风 ≤3级,小雨,小雨,4,0,东北风,≤3级,东北风,≤3级,day
2015-02-04 22:30:00,西二环花溪往金竹立交新天喜厂斜对面,7、未按规定让行的 ,负全部责任,不负责任,1,贵A85894,白色,1,贵A2037B,白色,十一培,-1,1997/9/29 0:00,-1,欧曼牌,长安牌,366570000000000000 ,366862000000000000 ,197203,199010,22,2,2,工作日,非高峰,2015-02-04,2015年2月4日,小雨 /小雨,4℃ / 0℃,东北风 ≤3级 /东北风 ≤3级,小雨,小雨,4,0,东北风,≤3级,东北风,≤3级,night
2015-02-05 05:30:00,大关,1、追尾的,负全部责任,不负责任,1,贵AGJ959,银,1,贵A8466X,黄,十一培,吉源驾校,1992/10/20 0:00,2014/4/18 0:00,东风日产牌,东风牌,36454651314761645X,366664000000000000 ,195903,199312,5,3,2,工作日,非高峰,2015-02-05,2015年2月5日,阴 /阴,3℃ / 0℃,东北风 ≤3级 /东北风 ≤3级,阴,阴,3,0,东北风,≤3级,东北风,≤3级,night
2015-02-05 08:40:00,黔灵山路,7、未按规定让行的 ,负全部责任,不负责任,1,贵A935476,黑,0,贵A78F49,白,十一培,-1,1995/11/30 0:00,-1,-1,宝马牌,366064000000000000 ,364548000000000000 ,197310,198706,8,3,2,工作日,早高峰(7-9点),2015-02-05,2015年2月5日,阴 /阴,3℃ / 0℃,东北风 ≤3级 /东北风 ≤3级,阴,阴,3,0,东北风,≤3级,东北风,≤3级,day
2015-02-05 11:10:00,市交中转门口道上,7、未按规定让行的 ,负全部责任,不负责任,1,贵A5506学,白色,1,贵AB925F,白色,十一培,铁二局驾校,1988/12/4 0:00,2006/2/6 0:00,-1,长安,364548000000000000 ,366367000000000000 ,196007,197601,11,3,2,工作日,非高峰,2015-02-05,2015年2月5日,阴 /阴,3℃ / 0℃,东北风 ≤3级 /东北风 ≤3级,阴,阴,3,0,东北风,≤3级,东北风,≤3级,day
2015-02-05 15:30:00,小河锦江路,9、不符合前8款规定或者双方同时具有上述情形的,负同等责任,负同等责任,1,贵AW3309,白,1,贵GGC597,白,十一培,景宏驾校,1997/6/13 0:00,2012/6/28 0:00,北京现代牌,大众汽车牌,364551000000000000 ,364556000000000000 ,197409,196901,15,3,2,工作日,非高峰,2015-02-05,2015年2月5日,阴 /阴,3℃ / 0℃,东北风 ≤3级 /东北风 ≤3级,阴,阴,3,0,东北风,≤3级,东北风,≤3级,day
2015-02-05 16:20:00,二桥,7、未按规定让行的 ,负全部责任,不负责任,1,贵A862E4,银,1,贵ACT884,蓝,十一培,蓝天驾校,1997/3/3 0:00,2015/1/5 0:00,奥铃,雪佛兰牌,364547000000000000 ,366061000000000000 ,196301,197908,16,3,2,工作日,非高峰,2015-02-05,2015年2月5日,阴 /阴,3℃ / 0℃,东北风 ≤3级 /东北风 ≤3级,阴,阴,3,0,东北风,≤3级,东北风,≤3级,day
2015-02-05 17:00:00,师大,1、追尾的,负全部责任,不负责任,1,贵AC24517,黑,1,贵AC2219,银,十一培,-1,1985/3/9 0:00,-1,-1,帕萨特牌,364547000000000000 ,364545000000 ,195606,354957,17,3,2,工作日,晚高峰(17-19点),2015-02-05,2015年2月5日,阴 /阴,3℃ / 0℃,东北风 ≤3级 /东北风 ≤3级,阴,阴,3,0,东北风,≤3级,东北风,≤3级,day
2015-02-05 21:20:00,师大,8、依法应负全责的其他情形,负全部责任,不负责任,1,贵33499,黑,1,贵A97W99,黑,十一培,520125,1994/8/11 0:00,2009/11/17 0:00,-1,大众牌,364548000000000000 ,366577000000000000 ,196709,198912,21,3,2,工作日,非高峰,2015-02-05,2015年2月5日,阴 /阴,3℃ / 0℃,东北风 ≤3级 /东北风 ≤3级,阴,阴,3,0,东北风,≤3级,东北风,≤3级,night
2015-02-06 00:00:00,兴隆苑小区下坡,7、未按规定让行的 ,负全部责任,不负责任,1,贵AHN869,白色,1,贵AU7097,白色,十一培,自培,1996/2/12 0:00,2003/12/9 0:00,捷达牌,奇瑞牌,765566000000000000 ,364557000000000000 ,195007,197010,0,4,2,工作日,非高峰,2015-02-06,2015年2月6日,多云 /小雨,9℃ / 2℃,南风 ≤3级 /南风 ≤3级,多云,小雨,9,2,南风,≤3级,南风,≤3级,night
2015-02-05 19:30:00,改茶大道,7、未按规定让行的 ,负全部责任,不负责任,1,贵A23443,蓝,0,贵A35X47,红,十一培,自培,1998/11/3 0:00,2012/2/8 0:00,东风牌,大众牌,366364000000000000 ,364548000000000000 ,196604,198407,19,3,2,工作日,晚高峰(17-19点),2015-02-05,2015年2月5日,阴 /阴,3℃ / 0℃,东北风 ≤3级 /东北风 ≤3级,阴,阴,3,0,东北风,≤3级,东北风,≤3级,day
2015-02-06 01:30:00,沙冲南路,7、未按规定让行的 ,负全部责任,不负责任,1,贵A3CA02,白色,1,贵AU7097,白色,十一培,-1,1993/8/12 0:00,-1,ML350,嘉隆牌,364547000000000000 ,3645565P8454516974,196201,1P7010,1,4,2,工作日,非高峰,2015-02-06,2015年2月6日,多云 /小雨,9℃ / 2℃,南风 ≤3级 /南风 ≤3级,多云,小雨,9,2,南风,≤3级,南风,≤3级,night
2015-02-06 08:30:00,圣泉流云,7、未按规定让行的 ,负全部责任,不负责任,0,贵AAF472,黑,0,贵A66H84,黄,十一培,贵州现代驾驶培训责任有限公司,1998/5/27 0:00,2014/7/13 0:00,东风日产牌,丰田牌,364548000000000000 ,364566000000000000 ,196004,198602,8,4,2,工作日,早高峰(7-9点),2015-02-06,2015年2月6日,多云 /小雨,9℃ / 2℃,南风 ≤3级 /南风 ≤3级,多云,小雨,9,2,南风,≤3级,南风,≤3级,day
2015-02-06 10:00:00,花溪吉林,7、未按规定让行的 ,负全部责任,不负责任,1,贵AUA687,白色,1,贵A62317,白色,十一培,-1,1999/3/30 0:00,-1,奇瑞牌,嘉吉,364556000000000000 ,366570000000000000 ,197403,198907,10,4,2,工作日,非高峰,2015-02-06,2015年2月6日,多云 /小雨,9℃ / 2℃,南风 ≤3级 /南风 ≤3级,多云,小雨,9,2,南风,≤3级,南风,≤3级,day
2015-02-06 03:00:00,花溪大道,1、追尾的,负全部责任,不负责任,1,贵AKP229,黑色,1,贵FQ6312,黑色,十一培,-1,1995/6/30 0:00,-1,丰田牌,丰田牌,36667500000000000 ,366046000000000000 ,196808,197403,3,4,2,工作日,非高峰,2015-02-06,2015年2月6日,多云 /小雨,9℃ / 2℃,南风 ≤3级 /南风 ≤3级,多云,小雨,9,2,南风,≤3级,南风,≤3级,night
2015-02-06 11:00:00,八匹马,7、未按规定让行的 ,负全部责任,不负责任,0,贵A882F7,黄,1,贵A84K49,白,十一培,-1,1998/4/21 0:00,-1,华神牌,海马牌,364548000000000000 ,36686351985564365X,197504,198711,11,4,2,工作日,非高峰,2015-02-06,2015年2月6日,多云 /小雨,9℃ / 2℃,南风 ≤3级 /南风 ≤3级,多云,小雨,9,2,南风,≤3级,南风,≤3级,day
2015-02-06 13:16:00,遵义路210号图书批发市场,3、倒车的,负全部责任,不负责任,1,贵AWY441,白色,1,贵AA8115,白色,十一培,预约考试窗口,1996/8/12 0:00,2006/12/4 0:00,五菱牌,揽胜运动,364547000000000000 ,364547000000000000 ,195701,198705,13,4,2,工作日,非高峰,2015-02-06,2015年2月6日,多云 /小雨,9℃ / 2℃,南风 ≤3级 /南风 ≤3级,多云,小雨,9,2,南风,≤3级,南风,≤3级,day
2015-02-06 18:30:00,小河区政府门口,7、未按规定让行的 ,负全部责任,不负责任,1,贵A54Y47,白色,1,贵AVL168,白色,十一培,习水县顺达机动车驾驶员培训学校,1993/1/8 0:00,2003/1/9 0:00,长安牌,大众牌,364547000000000000 ,36634651905558005X,196009,198411,18,4,2,工作日,晚高峰(17-19点),2015-02-06,2015年2月6日,多云 /小雨,9℃ / 2℃,南风 ≤3级 /南风 ≤3级,多云,小雨,9,2,南风,≤3级,南风,≤3级,day
2015-02-07 07:59:00,北京路,7、未按规定让行的 ,负全部责任,不负责任,1,贵AZA893,黑,1,贵AR0625,黄,十一培,预约考试窗口,1992/10/6 0:00,2007/4/11 0:00,朗逸牌,雪佛兰牌,364548000000000000 ,366761000000000000 ,196104,197812,7,5,2,工作日,早高峰(7-9点),2015-02-07,2015年2月7日,阴 /阴,8℃ / 3℃,东北风 ≤3级 /东北风 ≤3级,阴,阴,8,3,东北风,≤3级,东北风,≤3级,day
2015-02-07 10:11:00,燕山红,7、未按规定让行的 ,负全部责任,不负责任,1,贵A4173Y,蓝,1,贵ACX359,银,十一培,自培,1996/6/27 0:00,2000/9/20 0:00,金旅牌,东风标致牌,364558000000000000 ,366346000000000000 ,195903,198112,10,5,2,工作日,非高峰,2015-02-07,2015年2月7日,阴 /阴,8℃ / 3℃,东北风 ≤3级 /东北风 ≤3级,阴,阴,8,3,东北风,≤3级,东北风,≤3级,day
2015-02-07 10:30:00,金阳南路,7、未按规定让行的 ,负全部责任,不负责任,1,贵A79412,红,1,贵AA631M,黑,十一培,铁二局驾校,1988/6/24 0:00,2009/8/3 0:00,金龙牌,大众汽车牌,366364000000000000 ,364557000000000000 ,196610,199003,10,5,2,工作日,非高峰,2015-02-07,2015年2月7日,阴 /阴,8℃ / 3℃,东北风 ≤3级 /东北风 ≤3级,阴,阴,8,3,东北风,≤3级,东北风,≤3级,day
2015-02-04 17:00:00,花溪九八五五厂,7、未按规定让行的 ,负全部责任,不负责任,1,贵AN5516,白色,1,贵JN9456,白色,十一培,自培,1996/4/15 0:00,2007/6/20 0:00,长城牌,比亚迪牌,364556000000000000 ,364556000000000000 ,195610,197303,17,2,2,工作日,晚高峰(17-19点),2015-02-04,2015年2月4日,小雨 /小雨,4℃ / 0℃,东北风 ≤3级 /东北风 ≤3级,小雨,小雨,4,0,东北风,≤3级,东北风,≤3级,day
2015-02-05 08:40:00,会展城,7、未按规定让行的 ,负全部责任,不负责任,1,贵ABB131,黄,1,贵A4BB57,黑,十一培,自培,1988/8/28 0:00,2005/1/25 0:00,波罗牌,雪佛兰牌,364547000000000000 ,364548000000000000 ,195505,197710,8,3,2,工作日,早高峰(7-9点),2015-02-05,2015年2月5日,阴 /阴,3℃ / 0℃,东北风 ≤3级 /东北风 ≤3级,阴,阴,3,0,东北风,≤3级,东北风,≤3级,day
2015-02-05 13:45:00,花果园,1、追尾的,负全部责任,不负责任,1,贵AEF032,红,1,贵AFK149,黑,十一培,自培,1998/12/23 0:00,2005/7/5 0:00,东风雪铁龙牌,五菱牌,366566000000000000 ,366367000000000000 ,196705,197408,13,3,2,工作日,非高峰,2015-02-05,2015年2月5日,阴 /阴,3℃ / 0℃,东北风 ≤3级 /东北风 ≤3级,阴,阴,3,0,东北风,≤3级,东北风,≤3级,day
2015-02-05 20:49:00,四方河路,8、依法应负全责的其他情形,负全部责任,不负责任,1,贵A5915T,黑色,1,贵A4AM59,白色,十一培,自培,1997/9/4 0:00,2008/1/17 0:00,奇瑞牌,东风日产牌,364548000000000000 ,364047000000000000 ,197804,197702,20,3,2,工作日,非高峰,2015-02-05,2015年2月5日,阴 /阴,3℃ / 0℃,东北风 ≤3级 /东北风 ≤3级,阴,阴,3,0,东北风,≤3级,东北风,≤3级,night
2015-02-07 13:00:00,贵开路,9、不符合前8款规定或者双方同时具有上述情形的,负同等责任,负同等责任,1,贵GT7020,黑,1,贵AR5783,黑,十一培,预约考试窗口,1998/4/7 0:00,2007/5/31 0:00,豪爵牌,速腾牌,364548000000000000 ,364547000000000000 ,197208,196611,13,5,2,工作日,非高峰,2015-02-07,2015年2月7日,阴 /阴,8℃ / 3℃,东北风 ≤3级 /东北风 ≤3级,阴,阴,8,3,东北风,≤3级,东北风,≤3级,day
2015-02-07 15:00:00,花溪大道,7、未按规定让行的 ,负全部责任,不负责任,1,贵A520F1,白色,1,贵ASV225,白色,十一培,-1,1981/3/13 0:00,-1,东风牌,马自达牌,36454751325664643X,364551000000000000 ,195612,198703,15,5,2,工作日,非高峰,2015-02-07,2015年2月7日,阴 /阴,8℃ / 3℃,东北风 ≤3级 /东北风 ≤3级,阴,阴,8,3,东北风,≤3级,东北风,≤3级,day
2015-02-07 21:30:00,小河,7、未按规定让行的 ,负全部责任,不负责任,1,贵AN4419,黑,1,贵ACG784,黑,十一培,顺一驾驶培训学校,1986/1/27 0:00,2010/2/8 0:00,骏逸牌,风神牌,364548000000000000 ,364547000000000000 ,196203,195406,21,5,2,工作日,非高峰,2015-02-07,2015年2月7日,阴 /阴,8℃ / 3℃,东北风 ≤3级 /东北风 ≤3级,阴,阴,8,3,东北风,≤3级,东北风,≤3级,night
2015-02-07 17:21:00,观山湖,6、违反交通信号的,负全部责任,不负责任,1,贵FH8236,黑,1,贵GV7091,银,十一培,-1,1999/9/25 0:00,-1,丰田牌,宝马牌,366068000000000000 ,66646500000000000 ,197910,198510,17,5,2,工作日,晚高峰(17-19点),2015-02-07,2015年2月7日,阴 /阴,8℃ / 3℃,东北风 ≤3级 /东北风 ≤3级,阴,阴,8,3,东北风,≤3级,东北风,≤3级,day
2015-02-08 12:00:00,客车站,7、未按规定让行的 ,负全部责任,不负责任,1,贵AT5356,蓝,1,贵AU9705,绿,十一培,毕节地区奇康驾校,1992/9/8 0:00,2006/8/3 0:00,喜马牌,瑞麒牌,364548000000000000 ,366066000000000000 ,197109,197309,12,6,2,周末,非高峰,2015-02-08,2015年2月8日,阴 /阴,7℃ / 3℃,东北风 ≤3级 /南风 ≤3级,阴,阴,7,3,东北风,≤3级,南风,≤3级,day
2015-02-08 09:00:00,碧海花园,3、倒车的,负全部责任,不负责任,1,贵,银,1,贵A11S66,蓝,十一培,-1,1993/5/9 0:00,-1,-1,梅赛德斯-奔驰牌,36636351314150911X,364547000000000000 ,195909,196809,9,6,2,周末,早高峰(7-9点),2015-02-08,2015年2月8日,阴 /阴,7℃ / 3℃,东北风 ≤3级 /南风 ≤3级,阴,阴,7,3,东北风,≤3级,南风,≤3级,day
2015-02-08 10:40:00,松山路,8、依法应负全责的其他情形,负全部责任,不负责任,1,贵AN6032,黄,1,川AC54L8,黑,十一培,-1,1994/11/20 0:00,-1,五羊牌,大众牌 ,366368000000000000 ,35556151994152695X,197303,198809,10,6,2,周末,非高峰,2015-02-08,2015年2月8日,阴 /阴,7℃ / 3℃,东北风 ≤3级 /南风 ≤3级,阴,阴,7,3,东北风,≤3级,南风,≤3级,day
2015-02-08 14:00:00,大营坡,7、未按规定让行的 ,负全部责任,不负责任,1,贵AB7903,蓝,0,贵A71M32,蓝,十一培,全林驾校,1994/7/10 0:00,2011/8/11 0:00,雅得牌,丰田牌,364548000000000000 ,366246000000000000 ,195803,197312,14,6,2,周末,非高峰,2015-02-08,2015年2月8日,阴 /阴,7℃ / 3℃,东北风 ≤3级 /南风 ≤3级,阴,阴,7,3,东北风,≤3级,南风,≤3级,day
2015-02-08 14:50:00,金钟桥,7、未按规定让行的 ,负全部责任,不负责任,1,贵AHZ116,银,1,贵A60634,白,十一培,消防驾校,1994/12/18 0:00,1993/4/6 0:00,英伦牌,十通,366876000000000000 ,366364000000000000 ,197312,195807,14,6,2,周末,非高峰,2015-02-08,2015年2月8日,阴 /阴,7℃ / 3℃,东北风 ≤3级 /南风 ≤3级,阴,阴,7,3,东北风,≤3级,南风,≤3级,day
2015-02-08 17:30:00,延安西路客车站十字路口,7、未按规定让行的 ,负全部责任,不负责任,1,贵AK5609,白色,1,贵AU1266,黑色,十一培,-1,1994/8/8 0:00,-1,嘉冠牌,丰田牌,364548000000000000 ,364557000000000000 ,196209,198026,17,6,2,周末,晚高峰(17-19点),2015-02-08,2015年2月8日,阴 /阴,7℃ / 3℃,东北风 ≤3级 /南风 ≤3级,阴,阴,7,3,东北风,≤3级,南风,≤3级,day
2015-02-08 18:28:00,育才路,7、未按规定让行的 ,负全部责任,不负责任,1,贵A5019Q,银,1,贵A4BC21,银,十一培,安顺职中驾校,1994/6/26 0:00,2012/12/27 0:00,-1,-1,364558000000000000 ,366564000000000000 ,195812,199301,18,6,2,周末,晚高峰(17-19点),2015-02-08,2015年2月8日,阴 /阴,7℃ / 3℃,东北风 ≤3级 /南风 ≤3级,阴,阴,7,3,东北风,≤3级,南风,≤3级,day
2015-02-08 22:30:00,医学院,7、未按规定让行的 ,负全部责任,不负责任,1,贵A71M16,黄,1,贵A648F5,银,十一培,-1,1986/10/9 0:00,-1,别克牌,解放牌,364548000000000000 ,366064000000000000 ,196611,198212,22,6,2,周末,非高峰,2015-02-08,2015年2月8日,阴 /阴,7℃ / 3℃,东北风 ≤3级 /南风 ≤3级,阴,阴,7,3,东北风,≤3级,南风,≤3级,night
2015-02-09 09:00:00,北京西路,8、依法应负全责的其他情形,负全部责任,不负责任,1,贵AU0311,绿,1,贵AB7533,红,十一培,-1,1997/4/24 0:00,-1,奇瑞牌,福得牌,364547000000000000 ,366566000000000000 ,196402,198803,9,0,2,工作日,早高峰(7-9点),2015-02-09,2015年2月9日,阴 /小雨,6℃ / 4℃,东北风 ≤3级 /东北风 ≤3级,阴,小雨,6,4,东北风,≤3级,东北风,≤3级,day
2015-02-09 09:00:00,新添大道,1、追尾的,负全部责任,不负责任,1,贵GP7911,黑色,0,贵A56E59,白色,十一培,全林驾校,1990/4/6 0:00,2011/12/20 0:00,东风日产牌,北京现代牌,36455651204167447X,366566000000000000 ,196409,198109,9,0,2,工作日,早高峰(7-9点),2015-02-09,2015年2月9日,阴 /小雨,6℃ / 4℃,东北风 ≤3级 /东北风 ≤3级,阴,小雨,6,4,东北风,≤3级,东北风,≤3级,day
2015-02-09 09:00:00,新添寨,1、追尾的,负全部责任,不负责任,1,贵FP7911,黑,1,贵A56E59,银,十一培,全林驾校,1990/4/6 0:00,2011/12/20 0:00,起亚牌,北京现代牌,36455651204167447X,366566000000000000 ,196409,198109,9,0,2,工作日,早高峰(7-9点),2015-02-09,2015年2月9日,阴 /小雨,6℃ / 4℃,东北风 ≤3级 /东北风 ≤3级,阴,小雨,6,4,东北风,≤3级,东北风,≤3级,day
2015-02-09 12:00:00,山水黔城,7、未按规定让行的 ,负全部责任,不负责任,1,人寿,白色,1,贵A68A81,白色,十一培,520102,1998/12/8 0:00,2007/11/23 0:00,\N,三菱牌,366567000000000000 ,786167000000000000 ,197408,198907,12,0,2,工作日,非高峰,2015-02-09,2015年2月9日,阴 /小雨,6℃ / 4℃,东北风 ≤3级 /东北风 ≤3级,阴,小雨,6,4,东北风,≤3级,东北风,≤3级,day
2015-02-09 16:20:00,新添大道,1、追尾的,负全部责任,不负责任,1,贵AJ4771,黑,1,贵A44W45,蓝,十一培,市交校,1990/1/21 0:00,2009/3/25 0:00,福田五星牌,享御,36454651324975495X,354668000000000000 ,195608,197507,16,0,2,工作日,非高峰,2015-02-09,2015年2月9日,阴 /小雨,6℃ / 4℃,东北风 ≤3级 /东北风 ≤3级,阴,小雨,6,4,东北风,≤3级,东北风,≤3级,day
2015-02-09 16:30:00,南明区河滨公园,1、追尾的,负全部责任,不负责任,1,贵ASY669,白色,1,贵AAF437,黄色,十一培,-1,1984/8/6 0:00,-1,比亚迪牌,豪爵牌,364548000000000000 ,364548000000000000 ,195502,195908,16,0,2,工作日,非高峰,2015-02-09,2015年2月9日,阴 /小雨,6℃ / 4℃,东北风 ≤3级 /东北风 ≤3级,阴,小雨,6,4,东北风,≤3级,东北风,≤3级,day
2015-02-09 15:00:00,南二环,1、追尾的,负全部责任,不负责任,1,贵J67875,兰,1,浙CCZ434,黑,十一培,-1,1996/7/24 0:00,-1,丰田牌,大切诺基牌,366346000000000000 ,36687451914268585X,197410,198906,15,0,2,工作日,非高峰,2015-02-09,2015年2月9日,阴 /小雨,6℃ / 4℃,东北风 ≤3级 /东北风 ≤3级,阴,小雨,6,4,东北风,≤3级,东北风,≤3级,day
2015-02-09 18:40:00,机场,1、追尾的,负全部责任,不负责任,1,贵AV8622,白色,1,贵A98G39,白色,十一培,自培,1997/1/12 0:00,2005/1/27 0:00,豪爵牌,北京现代牌,74667500000000000 ,364557000000000000 ,197107,198409,18,0,2,工作日,晚高峰(17-19点),2015-02-09,2015年2月9日,阴 /小雨,6℃ / 4℃,东北风 ≤3级 /东北风 ≤3级,阴,小雨,6,4,东北风,≤3级,东北风,≤3级,day
2015-02-10 07:30:00,红边门,1、追尾的,负全部责任,不负责任,1,贵A594G1,黑色,1,贵AU4033,白色,十一培,520106,1998/5/21 0:00,2008/10/24 0:00,跃进牌,长江,366368000000000000 ,364568000000000000 ,197712,198706,7,1,2,工作日,早高峰(7-9点),2015-02-10,2015年2月10日,小雨 /小雨,6℃ / 3℃,东北风 ≤3级 /东风 ≤3级,小雨,小雨,6,3,东北风,≤3级,东风,≤3级,day
2015-02-07 15:00:00,三桥,9、不符合前8款规定或者双方同时具有上述情形的,负全部责任,不负责任,1,贵AFW259,黑,1,贵A758G3,银,十一培,自培,1996/7/19 0:00,2004/12/29 0:00,五菱牌,解放牌,364558000000000000 ,355463000000000000 ,196105,197102,15,5,2,工作日,非高峰,2015-02-07,2015年2月7日,阴 /阴,8℃ / 3℃,东北风 ≤3级 /东北风 ≤3级,阴,阴,8,3,东北风,≤3级,东北风,≤3级,day