accidenttime,accidentaddr,driver1fault,driver1responsibility,driver2responsibility,sex1,platenumber1,carcolor1,sex2,platenumber2,carcolor2,jxmc1,jxmc2,cclzrq1,cclzrq2,clpp1,clpp2,driver1license,driver2license,brith1,brith2,hour,weekday,month,is_weekday,peak_hour,date,日期,天气状况,气温,风力风向,day_wea,night_wea,day_tep,night_tep,day_wind_direction,day_wind_speed,night_wind_direction,night_wind_speed,segment
2015-02-10 09:00:00,贵安新区服务中心花二道,1、追尾的,负全部责任,不负责任,1,贵A3322W,白色,1,贵AK3224,黑色,十一培,吉源驾校,1996/8/20 0:00,2014/7/20 0:00,长城牌,豪爵牌,364547000000000000 ,344547000000000000 ,196206,199403,9,1,2,工作日,早高峰(7-9点),2015-02-10,2015年2月10日,小雨 /小雨,6℃ / 3℃,东北风 ≤3级 /东风 ≤3级,小雨,小雨,6,3,东北风,≤3级,东风,≤3级,day
2015-02-10 09:10:00,观山东路,1、追尾的,负全部责任,不负责任,1,贵AU6887,绿,1,贵AJT972,黑,十一培,520117,1995/1/2 0:00,2008/3/25 0:00,飞肯牌,长城牌,364547000000000000 ,364548000000000000 ,195804,196402,9,1,2,工作日,早高峰(7-9点),2015-02-10,2015年2月10日,小雨 /小雨,6℃ / 3℃,东北风 ≤3级 /东风 ≤3级,小雨,小雨,6,3,东北风,≤3级,东风,≤3级,day
2015-02-10 11:40:00,白云,1、追尾的,负全部责任,不负责任,1,贵AW5977,银,1,贵A7194S,白,十一培,520118,1988/3/28 0:00,2009/7/16 0:00,思威牌,北京现代牌,364558000000000000 ,64166500000000000 ,196012,198410,11,1,2,工作日,非高峰,2015-02-10,2015年2月10日,小雨 /小雨,6℃ / 3℃,东北风 ≤3级 /东风 ≤3级,小雨,小雨,6,3,东北风,≤3级,东风,≤3级,day
2015-02-10 09:50:00,乌当,7、未按规定让行的 ,负全部责任,不负责任,1,贵AAH778,白,1,贵A38B27,灰,十一培,-1,1993/3/31 0:00,-1,思威牌,大众牌,364548000000000000 ,366361000000000000 ,196912,196711,9,1,2,工作日,早高峰(7-9点),2015-02-10,2015年2月10日,小雨 /小雨,6℃ / 3℃,东北风 ≤3级 /东风 ≤3级,小雨,小雨,6,3,东北风,≤3级,东风,≤3级,day
2015-02-10 10:30:00,蟠桃宫红绿灯处,7、未按规定让行的 ,负全部责任,不负责任,1,贵AS0589,白色,1,贵AV1547,白色,十一培,-1,1987/9/17 0:00,-1,三菱牌,钱江牌,366370000000000000 ,77574500000000000 ,194909,197405,10,1,2,工作日,非高峰,2015-02-10,2015年2月10日,小雨 /小雨,6℃ / 3℃,东北风 ≤3级 /东风 ≤3级,小雨,小雨,6,3,东北风,≤3级,东风,≤3级,day
2015-02-10 14:00:00,金阳医院,7、未按规定让行的 ,负全部责任,不负责任,1,贵A02391,灰,1,贵AA459B,黑,十一培,520125,1993/6/27 0:00,2008/10/29 0:00,解放牌,启辰牌,364557000000000000 ,366061000000000000 ,197010,198707,14,1,2,工作日,非高峰,2015-02-10,2015年2月10日,小雨 /小雨,6℃ / 3℃,东北风 ≤3级 /东风 ≤3级,小雨,小雨,6,3,东北风,≤3级,东风,≤3级,day
2015-02-10 17:00:00,花溪迎宾路,7、未按规定让行的 ,负全部责任,不负责任,1,贵AKH614,白色,1,贵AA564K,白色,十一培,鑫鑫驾校,1993/12/28 0:00,2014/8/20 0:00,朗逸牌,奇瑞,364547000000000000 ,364566000000000000 ,197307,198501,17,1,2,工作日,晚高峰(17-19点),2015-02-10,2015年2月10日,小雨 /小雨,6℃ / 3℃,东北风 ≤3级 /东风 ≤3级,小雨,小雨,6,3,东北风,≤3级,东风,≤3级,day
2015-02-11 05:30:00,花香村,8、依法应负全责的其他情形,负全部责任,不负责任,1,贵AU5358,绿,1,贵A4BB13,黑,十一培,市交校,1990/6/25 0:00,2014/12/17 0:00,捷达牌,北京现代牌,364548000000000000 ,355468000000000000 ,196501,199601,5,2,2,工作日,非高峰,2015-02-11,2015年2月11日,多云 /多云,11℃ / 3℃,东风 ≤3级 /东北风 ≤3级,多云,多云,11,3,东风,≤3级,东北风,≤3级,night
2015-02-11 08:50:00,黔林山路,1、追尾的,负全部责任,不负责任,1,贵A34753,蓝,1,贵A37G71,黑,十一培,新天驾校,1998/11/3 0:00,2013/4/17 0:00,江淮牌,大众牌,364558000000000000 ,36455651985464440X,198004,198710,8,2,2,工作日,早高峰(7-9点),2015-02-11,2015年2月11日,多云 /多云,11℃ / 3℃,东风 ≤3级 /东北风 ≤3级,多云,多云,11,3,东风,≤3级,东北风,≤3级,day
2015-02-10 20:27:00,南明区山水黔城1号门对面,7、未按规定让行的 ,负全部责任,不负责任,1,贵AVA045,黑,1,贵AA4459,黑,十一培,-1,1993/8/25 0:00,-1,大众汽车牌,嘉陵,364557000000000000 ,366566000000000000 ,196310,197404,20,1,2,工作日,非高峰,2015-02-10,2015年2月10日,小雨 /小雨,6℃ / 3℃,东北风 ≤3级 /东风 ≤3级,小雨,小雨,6,3,东北风,≤3级,东风,≤3级,night
2015-02-11 10:30:00,瑞金中路中段,7、未按规定让行的 ,负全部责任,不负责任,1,贵AW6995,白色,1,贵A2AR21,黑色,十一培,金筑驾校,1994/1/24 0:00,2009/2/26 0:00,创新牌,吉利牌,364548000000000000 ,364548000000000000 ,196104,199010,10,2,2,工作日,非高峰,2015-02-11,2015年2月11日,多云 /多云,11℃ / 3℃,东风 ≤3级 /东北风 ≤3级,多云,多云,11,3,东风,≤3级,东北风,≤3级,day
2015-02-10 19:40:00,玉厂路口,1、追尾的,负全部责任,不负责任,1,贵AN6596,白色,1,贵AA339G,白色,十一培,-1,1994/12/14 0:00,-1,双庆牌,东南牌,364547000000000000 ,366068000000000000 ,197209,199303,19,1,2,工作日,晚高峰(17-19点),2015-02-10,2015年2月10日,小雨 /小雨,6℃ / 3℃,东北风 ≤3级 /东风 ≤3级,小雨,小雨,6,3,东北风,≤3级,东风,≤3级,day
2015-02-11 08:50:00,观山湖绿色未来路口,7、未按规定让行的 ,负全部责任,不负责任,1,贵A24549,黑,0,贵AA630M,黄,十一培,天行健驾校,1981/12/31 0:00,2014/11/18 0:00,北京现代牌,福克斯牌,364547000000000000 ,366363000000000000 ,195901,199008,8,2,2,工作日,早高峰(7-9点),2015-02-11,2015年2月11日,多云 /多云,11℃ / 3℃,东风 ≤3级 /东北风 ≤3级,多云,多云,11,3,东风,≤3级,东北风,≤3级,day
2015-02-11 11:25:00,云岩区化工路,7、未按规定让行的 ,负全部责任,不负责任,0,贵A80577,银,1,贵AU0273,绿,十一培,消防驾校,1997/7/23 0:00,2006/9/14 0:00,中联牌,奇瑞牌,364548000000000000 ,366367000000000000 ,197802,196910,11,2,2,工作日,非高峰,2015-02-11,2015年2月11日,多云 /多云,11℃ / 3℃,东风 ≤3级 /东北风 ≤3级,多云,多云,11,3,东风,≤3级,东北风,≤3级,day
2015-02-11 12:00:00,黔灵山路,7、未按规定让行的 ,负全部责任,不负责任,1,贵AJ6082,黑色,1,贵AU7952,白色,十一培,自培,1999/6/17 0:00,2012/9/25 0:00,富路牌,金洪牌,364548000000000000 ,364567000000000000 ,197907,199009,12,2,2,工作日,非高峰,2015-02-11,2015年2月11日,多云 /多云,11℃ / 3℃,东风 ≤3级 /东北风 ≤3级,多云,多云,11,3,东风,≤3级,东北风,≤3级,day
2015-02-11 10:40:00,友谊路口,9、不符合前8款规定或者双方同时具有上述情形的,负同等责任,负同等责任,1,贵A0CA61,黑,1,贵A3C802,蓝,十一培,-1,1997/5/19 0:00,-1,奥迪牌,比亚迪牌,364557000000000 ,364546000000000 ,661017,990228,10,2,2,工作日,非高峰,2015-02-11,2015年2月11日,多云 /多云,11℃ / 3℃,东风 ≤3级 /东北风 ≤3级,多云,多云,11,3,东风,≤3级,东北风,≤3级,day
2015-02-11 11:58:00,喷水池,8、依法应负全责的其他情形,负全部责任,不负责任,1,贵AU5118,蓝,0,贵GL5162,红,十一培,长运驾校,1991/9/30 0:00,2014/6/19 0:00,捷达牌,大众牌,364548000000000000 ,366246000000000000 ,197109,198502,11,2,2,工作日,非高峰,2015-02-11,2015年2月11日,多云 /多云,11℃ / 3℃,东风 ≤3级 /东北风 ≤3级,多云,多云,11,3,东风,≤3级,东北风,≤3级,day
2015-02-11 15:00:00,轮胎厂,7、未按规定让行的 ,负全部责任,不负责任,1,贵A94M82,黑,1,贵AWZ998,黑,十一培,文通驾校,1994/12/28 0:00,2011/10/17 0:00,大众汽车牌,东南牌,364548000000000000 ,364556000000000000 ,195510,197005,15,2,2,工作日,非高峰,2015-02-11,2015年2月11日,多云 /多云,11℃ / 3℃,东风 ≤3级 /东北风 ≤3级,多云,多云,11,3,东风,≤3级,东北风,≤3级,day
2015-02-11 15:10:00,小河盘江路,7、未按规定让行的 ,负全部责任,不负责任,1,贵A76V49,白色,1,贵A2037T,白色,十一培,顺一驾驶培训学校,1998/6/23 0:00,2005/6/27 0:00,大众牌,五菱牌,366546000000000000 ,364557000000000000 ,195809,197506,15,2,2,工作日,非高峰,2015-02-11,2015年2月11日,多云 /多云,11℃ / 3℃,东风 ≤3级 /东北风 ≤3级,多云,多云,11,3,东风,≤3级,东北风,≤3级,day
2015-02-11 16:10:00,云岩区延安东路,1、追尾的,负全部责任,不负责任,1,贵A93K52,蓝,1,贵A47K44,银,十一培,高新驾校,1996/7/30 0:00,2011/8/5 0:00,沃尔沃,起亚牌,364548000000000000 ,364556000000000000 ,197111,198902,16,2,2,工作日,非高峰,2015-02-11,2015年2月11日,多云 /多云,11℃ / 3℃,东风 ≤3级 /东北风 ≤3级,多云,多云,11,3,东风,≤3级,东北风,≤3级,day
2015-02-11 15:00:00,轮胎厂停车场,7、未按规定让行的 ,负全部责任,不负责任,1,贵A94M72,黑,1,贵CGV629,黑,十一培,消防驾校,1994/12/28 0:00,2013/7/12 0:00,福克斯牌,长城牌,364548000000000000 ,366566000000000000 ,195510,198311,15,2,2,工作日,非高峰,2015-02-11,2015年2月11日,多云 /多云,11℃ / 3℃,东风 ≤3级 /东北风 ≤3级,多云,多云,11,3,东风,≤3级,东北风,≤3级,day
2015-02-11 15:00:00,中曹司,7、未按规定让行的 ,负全部责任,不负责任,1,贵AT4033,白色,1,云AN536Q,黑色,十一培,-1,1987/11/5 0:00,-1,飞肯牌,大众汽车牌,364548000000000000 ,355468000000000000 ,196606,197711,15,2,2,工作日,非高峰,2015-02-11,2015年2月11日,多云 /多云,11℃ / 3℃,东风 ≤3级 /东北风 ≤3级,多云,多云,11,3,东风,≤3级,东北风,≤3级,day
2015-02-11 15:30:00,金海域,1、追尾的,负全部责任,不负责任,1,贵AGS445,蓝,1,贵AKN162,黑,十一培,时发,1992/4/10 0:00,2005/2/5 0:00,东风牌,东风标致牌,364547000000000000 ,364548000000000000 ,197402,196309,15,2,2,工作日,非高峰,2015-02-11,2015年2月11日,多云 /多云,11℃ / 3℃,东风 ≤3级 /东北风 ≤3级,多云,多云,11,3,东风,≤3级,东北风,≤3级,day
2015-02-11 16:50:00,都司高架桥,1、追尾的,负全部责任,不负责任,1,贵ACN311,蓝,0,贵ATY854,黑,十一培,预约考试窗口,1994/8/11 0:00,2007/5/25 0:00,东风标致牌,宝马,364557000000000000 ,364548000000000000 ,197607,197509,16,2,2,工作日,非高峰,2015-02-11,2015年2月11日,多云 /多云,11℃ / 3℃,东风 ≤3级 /东北风 ≤3级,多云,多云,11,3,东风,≤3级,东北风,≤3级,day
2015-02-09 20:00:00,观山湖,1、追尾的,负全部责任,不负责任,1,贵A45W68,黑,1,贵A98M65,黑,十一培,自培,1999/9/10 0:00,2003/3/4 0:00,东风标致牌,长安牌,364547000000000000 ,354570000000000000 ,198010,197006,20,0,2,工作日,非高峰,2015-02-09,2015年2月9日,阴 /小雨,6℃ / 4℃,东北风 ≤3级 /东北风 ≤3级,阴,小雨,6,4,东北风,≤3级,东北风,≤3级,night
2015-02-10 10:10:00,解放路,7、未按规定让行的 ,负全部责任,不负责任,1,贵AU4812,白色,1,贵A98W95,白色,十一培,自培,1986/2/6 0:00,2004/6/15 0:00,长江,荣威牌,364548000000000000 ,364547000000000000 ,195607,198510,10,1,2,工作日,非高峰,2015-02-10,2015年2月10日,小雨 /小雨,6℃ / 3℃,东北风 ≤3级 /东风 ≤3级,小雨,小雨,6,3,东北风,≤3级,东风,≤3级,day
2015-02-10 13:20:00,水口寺,7、未按规定让行的 ,负全部责任,不负责任,1,贵AP649,白色,1,贵ABK992,白色,十一培,自培,1986/7/28 0:00,2004/12/8 0:00,-1,宝马牌,364547000000000000 ,366577000000000000 ,196009,197701,13,1,2,工作日,非高峰,2015-02-10,2015年2月10日,小雨 /小雨,6℃ / 3℃,东北风 ≤3级 /东风 ≤3级,小雨,小雨,6,3,东北风,≤3级,东风,≤3级,day
2015-02-11 17:20:00,沙冲路,7、未按规定让行的 ,负全部责任,不负责任,1,贵AX4945,白色,1,贵AU7818,白色,十一培,自培,1998/12/18 0:00,2001/1/10 0:00,丰田牌,恒通客车牌,364547000000000000 ,366862000000000000 ,197709,197312,17,2,2,工作日,晚高峰(17-19点),2015-02-11,2015年2月11日,多云 /多云,11℃ / 3℃,东风 ≤3级 /东北风 ≤3级,多云,多云,11,3,东风,≤3级,东北风,≤3级,day
2015-02-12 10:06:00,大南门转盘,7、未按规定让行的 ,负全部责任,不负责任,1,贵A58N89,白色,1,贵A43Y49,白色,十一培,贵阳金马驾驶培训有限公司,1995/1/10 0:00,1999/12/3 0:00,夏利牌,东风标致牌,364548000000000000 ,364548000000000000 ,195012,195811,10,3,2,工作日,非高峰,2015-02-12,2015年2月12日,多云 /多云,15℃ / 5℃,南风 ≤3级 /南风 ≤3级,多云,多云,15,5,南风,≤3级,南风,≤3级,day
2015-02-12 09:10:00,南明区箭道街口,5、开关车门的,负全部责任,不负责任,1,贵AE8877,黑,0,贵A86777,黑,十一培,自培,1997/11/6 0:00,1999/12/6 0:00,本田牌,福田牌,364548000000000000 ,364547000000000000 ,196203,195104,9,3,2,工作日,早高峰(7-9点),2015-02-12,2015年2月12日,多云 /多云,15℃ / 5℃,南风 ≤3级 /南风 ≤3级,多云,多云,15,5,南风,≤3级,南风,≤3级,day
2015-03-03 18:15:00,龙泉苑,7、未按规定让行的 ,负全部责任,不负责任,0,贵GP4193,白,1,贵GE6177,黑,十一培,-1,1998/8/27 0:00,-1,翼虎牌,别克牌,74746500000000000 ,734597000000000000 ,197803,198010,18,1,3,工作日,晚高峰(17-19点),2015-03-03,2015年3月3日,小雨 /小雨,8℃ / 3℃,东北风 ≤3级 /东北风 ≤3级,小雨,小雨,8,3,东北风,≤3级,东北风,≤3级,day
2015-02-12 00:00:00,长江路,1、追尾的,负全部责任,不负责任,1,贵AD0099,白色,1,贵JBS511,白色,十一培,-1,1996/12/30 0:00,-1,欧蓝德,江淮牌,366364000000000000 ,354658000000000000 ,196907,196004,0,3,2,工作日,非高峰,2015-02-12,2015年2月12日,多云 /多云,15℃ / 5℃,南风 ≤3级 /南风 ≤3级,多云,多云,15,5,南风,≤3级,南风,≤3级,night
2015-02-12 12:35:00,粑粑街,1、追尾的,负全部责任,不负责任,1,贵AA8329,黑,1,贵APF415,黑,十一培,520131,1989/2/26 0:00,2007/10/25 0:00,雅阁牌,索兰托,366367000000000000 ,776247000000000000 ,196808,197608,12,3,2,工作日,非高峰,2015-02-12,2015年2月12日,多云 /多云,15℃ / 5℃,南风 ≤3级 /南风 ≤3级,多云,多云,15,5,南风,≤3级,南风,≤3级,day
2015-02-12 12:56:00,黔林山路,1、追尾的,负全部责任,不负责任,1,贵AS7894,黑,1,贵A2BH18,黑,十一培,贵州省长安驾驶培训学校,1998/1/19 0:00,2012/4/13 0:00,一汽佳星牌,吉利美日牌,364557000000000000 ,366663000000000000 ,197001,198608,12,3,2,工作日,非高峰,2015-02-12,2015年2月12日,多云 /多云,15℃ / 5℃,南风 ≤3级 /南风 ≤3级,多云,多云,15,5,南风,≤3级,南风,≤3级,day
2015-02-12 12:45:00,朝阳洞路,7、未按规定让行的 ,负全部责任,不负责任,1,贵A82V21,蓝,1,贵AV0838,黑,十一培,自培,1995/1/17 0:00,2007/3/6 0:00,大众汽车牌,力帆牌,364547000000000000 ,366046000000000000 ,196102,197711,12,3,2,工作日,非高峰,2015-02-12,2015年2月12日,多云 /多云,15℃ / 5℃,南风 ≤3级 /南风 ≤3级,多云,多云,15,5,南风,≤3级,南风,≤3级,day
2015-02-12 11:30:00,金钟桥大凹村,3、倒车的,负全部责任,不负责任,1,贵AP9011,银,1,贵AB437N,蓝,十一培,-1,1997/11/21 0:00,-1,比亚迪牌,福田牌,364557000000000000 ,3664651884653095X,196711,977021,11,3,2,工作日,非高峰,2015-02-12,2015年2月12日,多云 /多云,15℃ / 5℃,南风 ≤3级 /南风 ≤3级,多云,多云,15,5,南风,≤3级,南风,≤3级,day
2015-02-12 13:05:00,黄河路西工厂门口,8、依法应负全责的其他情形,负全部责任,不负责任,1,贵ACB141,白色,1,贵A25J71,黑色,十一培,路路达驾校,1994/2/16 0:00,2013/12/11 0:00,起亚牌,长安牌,364547000000000000 ,364556000000000000 ,197107,198805,13,3,2,工作日,非高峰,2015-02-12,2015年2月12日,多云 /多云,15℃ / 5℃,南风 ≤3级 /南风 ≤3级,多云,多云,15,5,南风,≤3级,南风,≤3级,day
2015-02-13 15:40:00,四方河,1、追尾的,负全部责任,不负责任,1,贵AS7973,白色,1,贵AHW032,白色,十一培,预约考试窗口,1987/6/30 0:00,2006/5/24 0:00,中顺牌,思威牌,364547000000000000 ,366364000000000000 ,196504,197309,15,4,2,工作日,非高峰,2015-02-13,2015年2月13日,多云 /阵雨,17℃ / 8℃,南风 ≤3级 /南风 ≤3级,多云,阵雨,17,8,南风,≤3级,南风,≤3级,day
2015-02-13 00:00:00,富源中路,3、倒车的,负全部责任,不负责任,1,贵A76722,白色,1,贵FX8451,白色,十一培,长运驾校,1996/5/30 0:00,2014/8/5 0:00,雪佛兰牌,长城牌,364547000000000000 ,364566000000000000 ,196412,198612,0,4,2,工作日,非高峰,2015-02-13,2015年2月13日,多云 /阵雨,17℃ / 8℃,南风 ≤3级 /南风 ≤3级,多云,阵雨,17,8,南风,≤3级,南风,≤3级,night
2015-02-13 21:10:00,南明区青华路,3、倒车的,负全部责任,不负责任,1,贵AHV498,白色,1,贵A77H44,白色,十一培,-1,1988/8/3 0:00,-1,英伦牌,东风标致牌,364547000000000000 ,364547000000000000 ,194912,198107,21,4,2,工作日,非高峰,2015-02-13,2015年2月13日,多云 /阵雨,17℃ / 8℃,南风 ≤3级 /南风 ≤3级,多云,阵雨,17,8,南风,≤3级,南风,≤3级,night
2015-02-14 11:00:00,喷水池, ,负全部责任,不负责任,0,贵AHV148,蓝,1,贵AU7722,绿,十一培,520116,1995/5/21 0:00,2001/5/10 0:00,东风标致牌,恒通客车牌,364557000000000000 ,36636051214562795X,197105,196901,11,5,2,工作日,非高峰,2015-02-14,2015年2月14日,阵雨 /雷阵雨,16℃ / 10℃,南风 ≤3级 /南风 ≤3级,阵雨,雷阵雨,16,10,南风,≤3级,南风,≤3级,day
2015-02-14 12:30:00,贵阳市文昌南路,1、追尾的,负全部责任,不负责任,1,贵FG1435,白色,1,贵AED763,白色,十一培,无,1994/10/24 0:00,1996/6/5 0:00,众泰牌,宝马牌,366068000000000000 ,364548000000000000 ,197004,196111,12,5,2,工作日,非高峰,2015-02-14,2015年2月14日,阵雨 /雷阵雨,16℃ / 10℃,南风 ≤3级 /南风 ≤3级,阵雨,雷阵雨,16,10,南风,≤3级,南风,≤3级,day
2015-02-14 12:55:00,师大,1、追尾的,负全部责任,不负责任,1,贵AS8518,白色,1,贵A8AR62,白色,十一培,自培,1995/2/9 0:00,2012/1/11 0:00,迅龙牌,大众汽车牌,364547000000000000 ,364547000000000000 ,196709,195906,12,5,2,工作日,非高峰,2015-02-14,2015年2月14日,阵雨 /雷阵雨,16℃ / 10℃,南风 ≤3级 /南风 ≤3级,阵雨,雷阵雨,16,10,南风,≤3级,南风,≤3级,day
2015-02-14 15:00:00,油榨街,7、未按规定让行的 ,负全部责任,不负责任,1,贵AHU394,白色,1,贵A38H81,黑色,十一培,自培,1993/4/11 0:00,2000/5/30 0:00,桑塔纳牌,比亚迪牌,364547000000000000 ,364547000000000000 ,196704,197805,15,5,2,工作日,非高峰,2015-02-14,2015年2月14日,阵雨 /雷阵雨,16℃ / 10℃,南风 ≤3级 /南风 ≤3级,阵雨,雷阵雨,16,10,南风,≤3级,南风,≤3级,day
2015-02-11 15:03:00,观山湖家具城,7、未按规定让行的 ,负全部责任,不负责任,1,贵A4517警,白,1,贵AKA857,白,十一培,自培,1994/12/30 0:00,2004/3/13 0:00,-1,起亚牌,364548000000000000 ,364558000000000000 ,196707,198207,15,2,2,工作日,非高峰,2015-02-11,2015年2月11日,多云 /多云,11℃ / 3℃,东风 ≤3级 /东北风 ≤3级,多云,多云,11,3,东风,≤3级,东北风,≤3级,day
2015-02-11 18:00:00,新华路翠微港,3、倒车的,负全部责任,不负责任,1,贵AKM555,白色,1,贵AEE313,红色,十一培,自培,1988/5/1 0:00,2002/2/25 0:00,东风雪铁龙牌,别克牌,36454751345445567X,364548000000000000 ,195010,197407,18,2,2,工作日,晚高峰(17-19点),2015-02-11,2015年2月11日,多云 /多云,11℃ / 3℃,东风 ≤3级 /东北风 ≤3级,多云,多云,11,3,东风,≤3级,东北风,≤3级,day
2015-02-11 20:00:00,同心路口,7、未按规定让行的 ,负全部责任,不负责任,1,贵AG1231,黑,1,贵AG9239,黑,十一培,自培,1987/4/9 0:00,2007/6/12 0:00,谛艾仕牌,飞度,364558000000000000 ,364558000000000000 ,196401,197203,20,2,2,工作日,非高峰,2015-02-11,2015年2月11日,多云 /多云,11℃ / 3℃,东风 ≤3级 /东北风 ≤3级,多云,多云,11,3,东风,≤3级,东北风,≤3级,night
2015-02-14 15:50:00,贵惠大道中段,1、追尾的,负全部责任,不负责任,1,贵A6900学,白色,1,贵FX5051,黑色,十一培,金大驾校,1992/10/28 0:00,2012/7/4 0:00,-1,东风雪铁龙牌,364548000000000000 ,354669000000000000 ,195804,197306,15,5,2,工作日,非高峰,2015-02-14,2015年2月14日,阵雨 /雷阵雨,16℃ / 10℃,南风 ≤3级 /南风 ≤3级,阵雨,雷阵雨,16,10,南风,≤3级,南风,≤3级,day
2015-02-14 15:00:00,省府西路,1、追尾的,负全部责任,不负责任,0,贵A88552,蓝,0,贵ABU256,黑,十一培,无,1995/9/29 0:00,2008/1/4 0:00,程力威牌,五菱牌,364548000000000000 ,364548000000000000 ,197602,197106,15,5,2,工作日,非高峰,2015-02-14,2015年2月14日,阵雨 /雷阵雨,16℃ / 10℃,南风 ≤3级 /南风 ≤3级,阵雨,雷阵雨,16,10,南风,≤3级,南风,≤3级,day
2015-02-15 00:30:00,油炸街,7、未按规定让行的 ,负全部责任,不负责任,1,贵AEL815,银,1,贵A9AM68,黑,十一培,顺一驾驶培训学校,1995/11/1 0:00,2010/3/11 0:00,夏利牌,英菲尼迪 QX50,36454651285550065X,366346000000000000 ,196711,197702,0,6,2,周末,非高峰,2015-02-15,2015年2月15日,多云 /阴,19℃ / 8℃,南风 ≤3级 /东北风 ≤3级,多云,阴,19,8,南风,≤3级,东北风,≤3级,night
2015-02-15 08:20:00,遵义路,7、未按规定让行的 ,负全部责任,不负责任,1,贵A25367,白色,1,贵AAC825,黑色,十一培,预约考试窗口,1986/10/31 0:00,2007/5/24 0:00,梅赛德斯-奔驰牌,福克斯牌,364547000000000000 ,366876000000000000 ,195705,197305,8,6,2,周末,早高峰(7-9点),2015-02-15,2015年2月15日,多云 /阴,19℃ / 8℃,南风 ≤3级 /东北风 ≤3级,多云,阴,19,8,南风,≤3级,东北风,≤3级,day
2015-02-15 10:50:00,长江路万科门口,7、未按规定让行的 ,负全部责任,不负责任,1,贵A13A82,白色,1,贵A7467警,黑色,十一培,鑫鑫驾校,1998/4/30 0:00,2002/3/19 0:00,丰田牌,-1,366361000000000000 ,364547000000000000 ,196903,197107,10,6,2,周末,非高峰,2015-02-15,2015年2月15日,多云 /阴,19℃ / 8℃,南风 ≤3级 /东北风 ≤3级,多云,阴,19,8,南风,≤3级,东北风,≤3级,day
2015-02-15 09:00:00,黔林山,7、未按规定让行的 ,负全部责任,不负责任,1,贵APM189,黑,1,贵AU7461,绿 ,十一培,-1,1990/4/8 0:00,-1,夏利牌,黄海牌,364548000000000000 ,3645480000000000 ,195409,269061,9,6,2,周末,早高峰(7-9点),2015-02-15,2015年2月15日,多云 /阴,19℃ / 8℃,南风 ≤3级 /东北风 ≤3级,多云,阴,19,8,南风,≤3级,东北风,≤3级,day
2015-02-15 14:30:00,新创路,1、追尾的,负全部责任,不负责任,1,贵GN7688,黑,1,贵A9186W,黑,十一培,自培,1994/1/23 0:00,1987/4/1 0:00,凯宴,波罗,364557000000000000 ,364548000000000000 ,197003,195205,14,6,2,周末,非高峰,2015-02-15,2015年2月15日,多云 /阴,19℃ / 8℃,南风 ≤3级 /东北风 ≤3级,多云,阴,19,8,南风,≤3级,东北风,≤3级,day
2015-02-15 18:30:00,花溪大道,8、依法应负全责的其他情形,负全部责任,不负责任,1,贵AE1663,黑,1,贵ATY667,红,十一培,贵大佳德驾驶培训学,1993/4/13 0:00,2008/10/27 0:00,宗申牌,奇瑞牌,364548000000000000 ,36454651914660605X,196604,198902,18,6,2,周末,晚高峰(17-19点),2015-02-15,2015年2月15日,多云 /阴,19℃ / 8℃,南风 ≤3级 /东北风 ≤3级,多云,阴,19,8,南风,≤3级,东北风,≤3级,day
2015-02-15 17:00:00,兴关路,7、未按规定让行的 ,负全部责任,不负责任,1,贵A87K83,黑,1,贵AU6274,绿,十一培,阳光驾校,1986/2/4 0:00,2006/8/7 0:00,丰田牌,黄海牌,364548000000000000 ,36636751894162595X,195804,197809,17,6,2,周末,晚高峰(17-19点),2015-02-15,2015年2月15日,多云 /阴,19℃ / 8℃,南风 ≤3级 /东北风 ≤3级,多云,阴,19,8,南风,≤3级,东北风,≤3级,day
2015-02-16 10:30:00,三桥,7、未按规定让行的 ,负全部责任,不负责任,1,贵AVL553,黑,1,贵AKJ415,黑,十一培,-1,1999/11/3 0:00,-1,别克牌,夏利牌,366566000000000000 ,3645450000000 ,196202,196994,10,0,2,工作日,非高峰,2015-02-16,2015年2月16日,阴 /阵雨,15℃ / 9℃,东北风 ≤3级 /东南风 ≤3级,阴,阵雨,15,9,东北风,≤3级,东南风,≤3级,day
2015-02-16 08:40:00,移动公司后面,3、倒车的,负全部责任,不负责任,1,贵A474C2,白,1,贵28K34,蓝,十一培,青正驾校（清镇市）,1997/9/1 0:00,2012/11/23 0:00,鹤云牌,-1,364557000000000000 ,364548000000000000 ,197205,197905,8,0,2,工作日,早高峰(7-9点),2015-02-16,2015年2月16日,阴 /阵雨,15℃ / 9℃,东北风 ≤3级 /东南风 ≤3级,阴,阵雨,15,9,东北风,≤3级,东南风,≤3级,day
2015-02-16 12:13:00,金朱东路,1、追尾的,负全部责任,不负责任,0,贵A37Y48,黑,1,贵A94W73,黑,十一培,520106,1993/12/7 0:00,2010/4/2 0:00,梅赛德斯-奔驰牌,丰田牌,364548000000000000 ,355469000000000000 ,196502,197212,12,0,2,工作日,非高峰,2015-02-16,2015年2月16日,阴 /阵雨,15℃ / 9℃,东北风 ≤3级 /东南风 ≤3级,阴,阵雨,15,9,东北风,≤3级,东南风,≤3级,day