accidenttime,accidentaddr,driver1fault,driver1responsibility,driver2responsibility,sex1,platenumber1,carcolor1,sex2,platenumber2,carcolor2,jxmc1,jxmc2,cclzrq1,cclzrq2,clpp1,clpp2,driver1license,driver2license,brith1,brith2,hour,weekday,month,is_weekday,peak_hour,date,日期,天气状况,气温,风力风向,day_wea,night_wea,day_tep,night_tep,day_wind_direction,day_wind_speed,night_wind_direction,night_wind_speed,segment
2015-02-16 12:30:00,友谊路,7、未按规定让行的 ,负全部责任,不负责任,1,贵AG8536,银,0,贵A4EA41,黑,十一培,-1,1992/8/24 0:00,-1,东力牌,大众汽车牌,364547000000000 ,366666000000000000 ,660403,196707,12,0,2,工作日,非高峰,2015-02-16,2015年2月16日,阴 /阵雨,15℃ / 9℃,东北风 ≤3级 /东南风 ≤3级,阴,阵雨,15,9,东北风,≤3级,东南风,≤3级,day
2015-02-16 20:50:00,东山出口匝道,7、未按规定让行的 ,负全部责任,不负责任,1,贵A72484,白色,1,贵A9095H,白色,十一培,自培,1992/12/17 0:00,1997/12/22 0:00,金龙牌,北京现代牌,364547000000000000 ,366367000000000000 ,196212,197908,20,0,2,工作日,非高峰,2015-02-16,2015年2月16日,阴 /阵雨,15℃ / 9℃,东北风 ≤3级 /东南风 ≤3级,阴,阵雨,15,9,东北风,≤3级,东南风,≤3级,night
2015-02-17 14:14:00,省府路,8、依法应负全责的其他情形,负全部责任,不负责任,1,贵A43C37,黑,1,贵A32B72,黑,十一培,青正驾校,1993/5/17 0:00,2011/10/11 0:00,东风日产牌,别克牌,364548000000000000 ,36627351214145547X,196306,196909,14,1,2,工作日,非高峰,2015-02-17,2015年2月17日,阴 /阴,17℃ / 11℃,东南风 ≤3级 /南风 ≤3级,阴,阴,17,11,东南风,≤3级,南风,≤3级,day
2015-02-17 15:00:00,盐务街,5、开关车门的,负全部责任,不负责任,1,贵ARH053,黑,1,贵AU2773,绿,十一培,520115,1989/12/11 0:00,2005/6/23 0:00,吉利牌,瑞麒牌,364547000000000000 ,364558000000000000 ,195610,197501,15,1,2,工作日,非高峰,2015-02-17,2015年2月17日,阴 /阴,17℃ / 11℃,东南风 ≤3级 /南风 ≤3级,阴,阴,17,11,东南风,≤3级,南风,≤3级,day
2015-02-17 12:40:00,解放路,7、未按规定让行的 ,负全部责任,不负责任,1,贵A38071,蓝,1,贵AJP21,黑,十一培,预约考试窗口,1995/3/29 0:00,2007/7/26 0:00,金龙牌,-1,364547000000000000 ,364548000000000000 ,196107,198301,12,1,2,工作日,非高峰,2015-02-17,2015年2月17日,阴 /阴,17℃ / 11℃,东南风 ≤3级 /南风 ≤3级,阴,阴,17,11,东南风,≤3级,南风,≤3级,day
2015-02-14 16:31:00,交警支队门口,1、追尾的,负全部责任,不负责任,1,贵AS1444,黑,1,贵A36R83,黑,十一培,自培,1993/5/24 0:00,2004/9/28 0:00,金福牌,梅赛德斯-奔驰牌,36455651394166635X,364648000000000000 ,195809,197510,16,5,2,工作日,非高峰,2015-02-14,2015年2月14日,阵雨 /雷阵雨,16℃ / 10℃,南风 ≤3级 /南风 ≤3级,阵雨,雷阵雨,16,10,南风,≤3级,南风,≤3级,day
2015-02-14 20:30:00,北京西路,7、未按规定让行的 ,负全部责任,不负责任,0,贵A1349E,黄,0,贵AJ5454,黑,十一培,自培,1993/6/13 0:00,2003/1/10 0:00,夏利,嘉陵牌,366567000000000000 ,366361000000000000 ,196702,197510,20,5,2,工作日,非高峰,2015-02-14,2015年2月14日,阵雨 /雷阵雨,16℃ / 10℃,南风 ≤3级 /南风 ≤3级,阵雨,雷阵雨,16,10,南风,≤3级,南风,≤3级,night
2015-02-15 08:20:00,南明区南浦路,7、未按规定让行的 ,负全部责任,不负责任,1,贵A16C55,白色,1,贵A39G68,白色,十一培,自培,1996/7/15 0:00,2003/12/1 0:00,天籁牌,雪佛兰牌,364547000000000000 ,364547000000000000 ,197309,197704,8,6,2,周末,早高峰(7-9点),2015-02-15,2015年2月15日,多云 /阴,19℃ / 8℃,南风 ≤3级 /东北风 ≤3级,多云,阴,19,8,南风,≤3级,东北风,≤3级,day
2015-02-15 16:20:00,中山西路,8、依法应负全责的其他情形,负全部责任,不负责任,1,贵A20439,黑,1,贵A11M24,黑,十一培,自培,1983/3/5 0:00,2005/9/16 0:00,雅阁,宝马,36454751385552045X,364548000000000000 ,195711,198701,16,6,2,周末,非高峰,2015-02-15,2015年2月15日,多云 /阴,19℃ / 8℃,南风 ≤3级 /东北风 ≤3级,多云,阴,19,8,南风,≤3级,东北风,≤3级,day
2015-02-15 14:30:00,新天地,7、未按规定让行的 ,负全部责任,不负责任,1,贵AB8622,黑,1,贵A9BG26,黑,十一培,自培,1995/4/17 0:00,2006/1/4 0:00,红旗,荣威牌,364548000000000000 ,364547000000000000 ,195702,198302,14,6,2,周末,非高峰,2015-02-15,2015年2月15日,多云 /阴,19℃ / 8℃,南风 ≤3级 /东北风 ≤3级,多云,阴,19,8,南风,≤3级,东北风,≤3级,day
2015-02-17 14:30:00,观山湖,1、追尾的,负全部责任,不负责任,1,桂A808A6,黑,1,贵AGS865,黑,十一培,-1,1985/4/10 0:00,-1,\N,奥迪牌,364557000000000000 ,366366000000000 ,196103,590524,14,1,2,工作日,非高峰,2015-02-17,2015年2月17日,阴 /阴,17℃ / 11℃,东南风 ≤3级 /南风 ≤3级,阴,阴,17,11,东南风,≤3级,南风,≤3级,day
2015-02-17 00:00:00,白云南路,7、未按规定让行的 ,负全部责任,不负责任,1,贵AP6397,黑,1,贵AGP531,黑,十一培,-1,1999/7/28 0:00,-1,豪爵牌,翼虎,364558000000000000 ,364558000000000000 ,198006,195212,0,1,2,工作日,非高峰,2015-02-17,2015年2月17日,阴 /阴,17℃ / 11℃,东南风 ≤3级 /南风 ≤3级,阴,阴,17,11,东南风,≤3级,南风,≤3级,night
2015-02-24 11:00:00,贵阳北站,7、未按规定让行的 ,负全部责任,不负责任,1,贵AU5094,白色,1,贵AV4711,白色,十一培,-1,1999/6/2 0:00,-1,豪爵牌,丰田牌,366061000000000000 ,364547000000000 ,197210,620831,11,1,2,工作日,非高峰,2015-02-24,2015年2月24日,多云 /阴,20℃ / 9℃,南风 ≤3级 /南风 ≤3级,多云,阴,20,9,南风,≤3级,南风,≤3级,day
2015-02-26 09:00:00,富源南路,1、追尾的,负全部责任,不负责任,1,贵A3160学,白色,1,贵A7358学,白色,十一培,消防驾校,1994/3/30 0:00,1996/12/26 0:00,-1,-1,364547000000000000 ,366361000000000000 ,196407,197802,9,3,2,工作日,早高峰(7-9点),2015-02-26,2015年2月26日,阴 /小雨,12℃ / 9℃,东风 ≤3级 /南风 ≤3级,阴,小雨,12,9,东风,≤3级,南风,≤3级,day
2015-02-25 21:37:00,文昌南路,7、未按规定让行的 ,负全部责任,不负责任,1,贵A72W44,白色,1,贵A67E56,白色,十一培,-1,1994/8/16 0:00,-1,翼虎牌,梅赛德斯-奔驰牌,364546000000000 ,36454700000000000 ,590205,197205,21,2,2,工作日,非高峰,2015-02-25,2015年2月25日,阴 /阵雨,15℃ / 8℃,东北风 ≤3级 /东北风 ≤3级,阴,阵雨,15,8,东北风,≤3级,东北风,≤3级,night
2015-02-26 13:50:00,合肥路,1、追尾的,负全部责任,不负责任,1,贵AU4505,黄,1,贵A1060V,银,十一培,-1,1998/1/15 0:00,-1,豪进牌,红旗牌,366269000000000000 ,364558000000000000 ,197306,199008,13,3,2,工作日,非高峰,2015-02-26,2015年2月26日,阴 /小雨,12℃ / 9℃,东风 ≤3级 /南风 ≤3级,阴,小雨,12,9,东风,≤3级,南风,≤3级,day
2015-02-27 10:00:00,宝山路,7、未按规定让行的 ,负全部责任,不负责任,1,贵AST619,银,1,贵A5371T,黄,十一培,-1,1995/12/28 0:00,-1,大众汽车牌,长安牌,366361000000000000 ,364547000000000000 ,195701,198805,10,4,2,工作日,非高峰,2015-02-27,2015年2月27日,多云 /阵雨,21℃ / 5℃,南风 ≤3级 /南风 ≤3级,多云,阵雨,21,5,南风,≤3级,南风,≤3级,day
2015-02-27 09:30:00,二桥,8、依法应负全责的其他情形,负全部责任,不负责任,1,贵AW183,银,1,渝BER288,绿,十一培,-1,1996/8/7 0:00,-1,-1,宝马牌,364547000000000000 ,354662000000000000 ,197101,197409,9,4,2,工作日,早高峰(7-9点),2015-02-27,2015年2月27日,多云 /阵雨,21℃ / 5℃,南风 ≤3级 /南风 ≤3级,多云,阵雨,21,5,南风,≤3级,南风,≤3级,day
2015-02-27 14:07:00,市北路,7、未按规定让行的 ,负全部责任,不负责任,1,贵AU6448,绿,1,贵ACT171,黑,十一培,全林驾校,1996/11/25 0:00,2010/4/12 0:00,陆胜牌,奥迪牌,366068000000000000 ,366546000000000000 ,196704,197109,14,4,2,工作日,非高峰,2015-02-27,2015年2月27日,多云 /阵雨,21℃ / 5℃,南风 ≤3级 /南风 ≤3级,多云,阵雨,21,5,南风,≤3级,南风,≤3级,day
2015-02-27 15:30:00,乌当,7、未按规定让行的 ,负全部责任,不负责任,1,贵A02260,红,1,贵A0898M,黑,十一培,阳光驾校,1998/6/3 0:00,2012/11/8 0:00,象力牌,思域牌,364556000000000000 ,366364000000000000 ,196701,196005,15,4,2,工作日,非高峰,2015-02-27,2015年2月27日,多云 /阵雨,21℃ / 5℃,南风 ≤3级 /南风 ≤3级,多云,阵雨,21,5,南风,≤3级,南风,≤3级,day
2015-02-27 16:20:00,大营坡,1、追尾的,负全部责任,不负责任,1,贵AS9282,黑,1,贵A21L76,红,十一培,时发,1999/3/1 0:00,2005/12/30 0:00,东风雪铁龙牌,宝马,366367000000000000 ,366367000000000000 ,196604,197412,16,4,2,工作日,非高峰,2015-02-27,2015年2月27日,多云 /阵雨,21℃ / 5℃,南风 ≤3级 /南风 ≤3级,多云,阵雨,21,5,南风,≤3级,南风,≤3级,day
2015-02-27 20:15:00,中医院门口,7、未按规定让行的 ,负全部责任,不负责任,1,贵A47K82,黑色,1,贵AU5233,绿色,十一培,520109,1999/1/8 0:00,2006/9/12 0:00,大众牌,五羊-本田牌,364548000000000000 ,366067000000000000 ,196903,198309,20,4,2,工作日,非高峰,2015-02-27,2015年2月27日,多云 /阵雨,21℃ / 5℃,南风 ≤3级 /南风 ≤3级,多云,阵雨,21,5,南风,≤3级,南风,≤3级,night
2015-02-28 10:50:00,五里冲,1、追尾的,负全部责任,不负责任,1,贵AWC655,银,1,贵AU0375,蓝,十一培,520116,1997/7/23 0:00,1998/11/16 0:00,雅阁牌,万达牌,36454751875542325X,36626651875449387X,197311,197310,10,5,2,工作日,非高峰,2015-02-28,2015年2月28日,小雨 /小雨,8℃ / 4℃,东北风 ≤3级 /东北风 ≤3级,小雨,小雨,8,4,东北风,≤3级,东北风,≤3级,day
2015-02-28 09:00:00,大营坡,1、追尾的,负全部责任,不负责任,1,贵AM7677,白,1,贵AAU5101,绿,十一培,-1,1997/5/19 0:00,-1,建设牌,-1,364547000000000000 ,36454700000000000 ,196808,196811,9,5,2,工作日,早高峰(7-9点),2015-02-28,2015年2月28日,小雨 /小雨,8℃ / 4℃,东北风 ≤3级 /东北风 ≤3级,小雨,小雨,8,4,东北风,≤3级,东北风,≤3级,day
2015-02-28 18:08:00,小石城,8、依法应负全责的其他情形,负全部责任,不负责任,1,贵AAV642,白,1,贵ACU226,蓝,十一培,自培,1999/7/21 0:00,2004/8/13 0:00,东风雪铁龙牌,比亚迪牌,366868000000000000 ,36454751874545727X,196502,197301,18,5,2,工作日,晚高峰(17-19点),2015-02-28,2015年2月28日,小雨 /小雨,8℃ / 4℃,东北风 ≤3级 /东北风 ≤3级,小雨,小雨,8,4,东北风,≤3级,东北风,≤3级,day
2015-02-17 16:00:00,文昌北路,8、依法应负全责的其他情形,负全部责任,不负责任,1,贵AZA591,白色,1,贵ASU565,白色,十一培,自培,1998/3/20 0:00,2007/11/16 0:00,长安牌,别克牌,364548000000000000 ,364547000000000000 ,195703,196104,16,1,2,工作日,非高峰,2015-02-17,2015年2月17日,阴 /阴,17℃ / 11℃,东南风 ≤3级 /南风 ≤3级,阴,阴,17,11,东南风,≤3级,南风,≤3级,day
2015-02-17 14:50:00,小河转盘,7、未按规定让行的 ,负全部责任,不负责任,1,贵ASM656,白色,1,川AWB243,白色,十一培,自培,1996/1/20 0:00,2007/4/24 0:00,丰田牌,蒙迪欧牌,364548000000000000 ,364547000000000000 ,197512,196703,14,1,2,工作日,非高峰,2015-02-17,2015年2月17日,阴 /阴,17℃ / 11℃,东南风 ≤3级 /南风 ≤3级,阴,阴,17,11,东南风,≤3级,南风,≤3级,day
2015-02-25 08:30:00,南明区兴关高架桥,1、追尾的,负全部责任,不负责任,1,贵AV8068,红色,1,贵AV5554,白色,十一培,自培,1996/2/10 0:00,2000/9/20 0:00,奇瑞牌,宝来牌,36455051885453445X,364547000000000000 ,197710,197711,8,2,2,工作日,早高峰(7-9点),2015-02-25,2015年2月25日,阴 /阵雨,15℃ / 8℃,东北风 ≤3级 /东北风 ≤3级,阴,阵雨,15,8,东北风,≤3级,东北风,≤3级,day
2015-02-24 22:00:00,沙冲南路绿园小区,3、倒车的,负全部责任,不负责任,1,贵A39P12,黑色,1,贵AKM964,白色,十一培,自培,1997/2/17 0:00,2006/12/11 0:00,宝骏牌,马自达牌,364547000000000000 ,36454651924150495X,196308,198609,22,1,2,工作日,非高峰,2015-02-24,2015年2月24日,多云 /阴,20℃ / 9℃,南风 ≤3级 /南风 ≤3级,多云,阴,20,9,南风,≤3级,南风,≤3级,night
2015-02-26 08:50:00,小河西工厂家属区,3、倒车的,负全部责任,不负责任,1,贵APN151,白色,1,贵A21K33,白色,十一培,自培,1996/12/13 0:00,2006/4/29 0:00,丰田,海马牌,364556000000000000 ,364551000000000000 ,197605,198207,8,3,2,工作日,早高峰(7-9点),2015-02-26,2015年2月26日,阴 /小雨,12℃ / 9℃,东风 ≤3级 /南风 ≤3级,阴,小雨,12,9,东风,≤3级,南风,≤3级,day
2015-02-26 17:00:00,青山小区,1、追尾的,负全部责任,不负责任,1,贵AU0051,黑色,1,贵AU0502,黑色,十一培,自培,1995/6/24 0:00,2000/1/12 0:00,宝来牌,大龙,364547000000000000 ,364548000000000000 ,197206,196910,17,3,2,工作日,晚高峰(17-19点),2015-02-26,2015年2月26日,阴 /小雨,12℃ / 9℃,东风 ≤3级 /南风 ≤3级,阴,小雨,12,9,东风,≤3级,南风,≤3级,day
2015-02-28 16:30:00,白云区,3、倒车的,负全部责任,不负责任,1,贵AUA491,黄,1,贵A0218L,黑,十一培,自培,1999/3/30 0:00,2002/9/20 0:00,吉利美日牌,大众牌,364558000000000000 ,364557000000000000 ,198102,196912,16,5,2,工作日,非高峰,2015-02-28,2015年2月28日,小雨 /小雨,8℃ / 4℃,东北风 ≤3级 /东北风 ≤3级,小雨,小雨,8,4,东北风,≤3级,东北风,≤3级,day
2015-02-28 14:00:00,富水南路,7、未按规定让行的 ,负全部责任,不负责任,1,京PXB993,银,1,贵ADK395,蓝,十一培,自培,1998/1/20 0:00,2001/6/5 0:00,雅阁牌 ,长安牌,554541000000000000 ,366267000000000000 ,195002,197404,14,5,2,工作日,非高峰,2015-02-28,2015年2月28日,小雨 /小雨,8℃ / 4℃,东北风 ≤3级 /东北风 ≤3级,小雨,小雨,8,4,东北风,≤3级,东北风,≤3级,day
2015-02-28 16:30:00,龙洞堡机场路,3、倒车的,负全部责任,不负责任,1,贵AT4747,白色,1,贵AT5785,白色,十一培,-1,1989/5/23 0:00,-1,金龙牌,安凯牌,366364000000000000 ,364547000000000000 ,196301,195911,16,5,2,工作日,非高峰,2015-02-28,2015年2月28日,小雨 /小雨,8℃ / 4℃,东北风 ≤3级 /东北风 ≤3级,小雨,小雨,8,4,东北风,≤3级,东北风,≤3级,day
2015-02-28 16:02:00,石林东路,1、追尾的,负全部责任,不负责任,1,贵F42516,蓝,1,贵FD1732,黑,十一培,-1,1992/5/25 0:00,-1,江淮牌,霸锐,366070000000000000 ,366070000000000000 ,197503,197708,16,5,2,工作日,非高峰,2015-02-28,2015年2月28日,小雨 /小雨,8℃ / 4℃,东北风 ≤3级 /东北风 ≤3级,小雨,小雨,8,4,东北风,≤3级,东北风,≤3级,day
2015-02-28 20:45:00,机场,7、未按规定让行的 ,负全部责任,不负责任,0,贵A83X87,黄,1,渝BGL364,白,十一培,-1,1992/3/30 0:00,-1,大众牌,宝马牌,366246000000000000 ,366566000000000000 ,195803,198702,20,5,2,工作日,非高峰,2015-02-28,2015年2月28日,小雨 /小雨,8℃ / 4℃,东北风 ≤3级 /东北风 ≤3级,小雨,小雨,8,4,东北风,≤3级,东北风,≤3级,night
2015-03-01 10:30:00,机场,7、未按规定让行的 ,负全部责任,不负责任,1,贵EB4162,白色,1,贵GR9129,白色,十一培,-1,1995/7/13 0:00,-1,吉利美日牌,长城牌,366763000000000000 ,56769500000000000 ,196308,198210,10,6,3,周末,非高峰,2015-03-01,2015年3月1日,阴 /阴,9℃ / 3℃,东风 ≤3级 /南风 ≤3级,阴,阴,9,3,东风,≤3级,南风,≤3级,day
2015-03-01 10:30:00,花果园,1、追尾的,负全部责任,不负责任,1,贵AA6170,白色,1,贵A58N49,白色,十一培,预约考试窗口,1998/2/27 0:00,2007/5/16 0:00,轻骑*木兰,宝马牌,36454651305652607X,366347000000000000 ,195412,198109,10,6,3,周末,非高峰,2015-03-01,2015年3月1日,阴 /阴,9℃ / 3℃,东风 ≤3级 /南风 ≤3级,阴,阴,9,3,东风,≤3级,南风,≤3级,day
2015-03-01 11:00:00,青燕路,1、追尾的,负全部责任,不负责任,1,贵J59196,白色,1,湘A293KC,白色,十一培,-1,1994/6/1 0:00,-1,五菱牌,江淮牌,366876000000000000 ,374796000000000000 ,197509,198806,11,6,3,周末,非高峰,2015-03-01,2015年3月1日,阴 /阴,9℃ / 3℃,东风 ≤3级 /南风 ≤3级,阴,阴,9,3,东风,≤3级,南风,≤3级,day
2015-03-01 09:46:00,花果园,7、未按规定让行的 ,负全部责任,不负责任,1,贵E92524,黑,1,贵JN9156,蓝,十一培,-1,1999/9/9 0:00,-1,海马牌,雪佛兰牌,35746151224960783X,366875000000000000 ,196608,197008,9,6,3,周末,早高峰(7-9点),2015-03-01,2015年3月1日,阴 /阴,9℃ / 3℃,东风 ≤3级 /南风 ≤3级,阴,阴,9,3,东风,≤3级,南风,≤3级,day
2015-03-02 07:00:00,都司路,7、未按规定让行的 ,负全部责任,不负责任,1,贵A74S23,白色,1,贵AR7383,白色,十一培,520117,1994/11/14 0:00,2010/1/6 0:00,北京现代牌,翼搏牌,36454651824958605X,364547000000000000 ,197608,198203,7,0,3,工作日,早高峰(7-9点),2015-03-02,2015年3月2日,阴 /小雨,9℃ / 2℃,东北风 ≤3级 /东北风 ≤3级,阴,小雨,9,2,东北风,≤3级,东北风,≤3级,day
2015-03-02 00:00:00,小河,1、追尾的,负全部责任,不负责任,1,贵A7AM25,白色,1,闽EKS148,白色,十一培,十一驾驶培训有限公司,1999/4/12 0:00,2012/4/27 0:00,丰田牌,长安牌,364548000000000000 ,364596000000000000 ,197604,199210,0,0,3,工作日,非高峰,2015-03-02,2015年3月2日,阴 /小雨,9℃ / 2℃,东北风 ≤3级 /东北风 ≤3级,阴,小雨,9,2,东北风,≤3级,东北风,≤3级,night
2015-03-02 09:00:00,西南环线,7、未按规定让行的 ,负全部责任,不负责任,1,贵ABE873,白色,1,贵A772A4,白色,十一培,贵大佳德驾驶培训学,1986/4/13 0:00,2009/4/27 0:00,别克牌,欧铃牌,364556000000000000 ,355267000000000000 ,196503,198909,9,0,3,工作日,早高峰(7-9点),2015-03-02,2015年3月2日,阴 /小雨,9℃ / 2℃,东北风 ≤3级 /东北风 ≤3级,阴,小雨,9,2,东北风,≤3级,东北风,≤3级,day
2015-03-02 08:00:00,西工厂门口,7、未按规定让行的 ,负全部责任,不负责任,1,贵AM6884,白色,1,贵FJ1721,白色,十一培,-1,1980/1/15 0:00,-1,豪剑牌,豪情牌,366246000000000000 ,366064000000000000 ,194804,197908,8,0,3,工作日,早高峰(7-9点),2015-03-02,2015年3月2日,阴 /小雨,9℃ / 2℃,东北风 ≤3级 /东北风 ≤3级,阴,小雨,9,2,东北风,≤3级,东北风,≤3级,day
2015-03-02 10:20:00,三桥,8、依法应负全责的其他情形,负全部责任,不负责任,1,贵A55L26,黄,1,贵A0875Y,黄,十一培,长运驾校（南明区）,1994/4/3 0:00,2012/1/21 0:00,宝骏牌,金旅牌,364547000000000000 ,364556000000000000 ,196401,198807,10,0,3,工作日,非高峰,2015-03-02,2015年3月2日,阴 /小雨,9℃ / 2℃,东北风 ≤3级 /东北风 ≤3级,阴,小雨,9,2,东北风,≤3级,东北风,≤3级,day
2015-03-02 11:30:00,万东桥,8、依法应负全责的其他情形,负全部责任,不负责任,1,贵A12720,黑,1,贵AJY546,银,十一培,-1,1992/9/16 0:00,-1,别克牌,豪情牌,364548000000000000 ,364547000000000000 ,196202,196302,11,0,3,工作日,非高峰,2015-03-02,2015年3月2日,阴 /小雨,9℃ / 2℃,东北风 ≤3级 /东北风 ≤3级,阴,小雨,9,2,东北风,≤3级,东北风,≤3级,day
2015-03-02 14:10:00,中坝,8、依法应负全责的其他情形,负全部责任,不负责任,0,贵AB0798,白,1,贵A9204E,绿,十一培,520126,1991/11/25 0:00,2008/12/31 0:00,大阳牌,新凯牌,364558000000000000 ,664847000000000000 ,197109,198612,14,0,3,工作日,非高峰,2015-03-02,2015年3月2日,阴 /小雨,9℃ / 2℃,东北风 ≤3级 /东北风 ≤3级,阴,小雨,9,2,东北风,≤3级,东北风,≤3级,day
2015-03-02 16:20:00,大川白金城,1、追尾的,负全部责任,不负责任,1,贵A801G1,绿,1,贵A0428F,红,十一培,-1,1999/12/1 0:00,-1,五十铃牌,五菱牌,36684551864261705X,364544000000 ,197206,5473,16,0,3,工作日,非高峰,2015-03-02,2015年3月2日,阴 /小雨,9℃ / 2℃,东北风 ≤3级 /东北风 ≤3级,阴,小雨,9,2,东北风,≤3级,东北风,≤3级,day
2015-03-02 17:30:00,遵义路,6、违反交通信号的,负全部责任,不负责任,1,贵AU1599,黑色,1,贵AB1616,白色,十一培,自培,1992/10/13 0:00,2004/6/12 0:00,大众牌,埃尔法,364548000000000000 ,364548000000000000 ,196811,198511,17,0,3,工作日,晚高峰(17-19点),2015-03-02,2015年3月2日,阴 /小雨,9℃ / 2℃,东北风 ≤3级 /东北风 ≤3级,阴,小雨,9,2,东北风,≤3级,东北风,≤3级,day
2015-03-02 17:40:00,护国路,8、依法应负全责的其他情形,负全部责任,不负责任,1,贵A7BV87,白色,1,贵AU0306,白色,十一培,铁二局驾校,1999/9/25 0:00,2001/12/21 0:00,三菱牌,望江牌,366546000000000000 ,366067000000000000 ,196708,197712,17,0,3,工作日,晚高峰(17-19点),2015-03-02,2015年3月2日,阴 /小雨,9℃ / 2℃,东北风 ≤3级 /东北风 ≤3级,阴,小雨,9,2,东北风,≤3级,东北风,≤3级,day
2015-03-02 20:50:00,步行街,7、未按规定让行的 ,负全部责任,不负责任,1,贵AU5055,绿,1,浙B955CG,黑,十一培,-1,1991/3/2 0:00,-1,东力牌,宝马,364547000000000000 ,724696000000000000 ,196512,198511,20,0,3,工作日,非高峰,2015-03-02,2015年3月2日,阴 /小雨,9℃ / 2℃,东北风 ≤3级 /东北风 ≤3级,阴,小雨,9,2,东北风,≤3级,东北风,≤3级,night
2015-03-02 20:30:00,文昌北路,1、追尾的,负全部责任,不负责任,1,贵AU6169,黑色,1,贵AH7709,白色,十一培,-1,1990/6/29 0:00,-1,万达牌,双庆牌,36454751285657495X,355464000000000000 ,196712,199112,20,0,3,工作日,非高峰,2015-03-02,2015年3月2日,阴 /小雨,9℃ / 2℃,东北风 ≤3级 /东北风 ≤3级,阴,小雨,9,2,东北风,≤3级,东北风,≤3级,night
2015-03-03 09:00:00,白云区,7、未按规定让行的 ,负全部责任,不负责任,1,贵AU1913,黄,1,贵A9BB97,银,十一培,金大驾校,1997/7/2 0:00,2013/8/16 0:00,宗申·比亚乔牌,东风雪铁龙牌,364558000000000000 ,366546000000000000 ,197807,198712,9,1,3,工作日,早高峰(7-9点),2015-03-03,2015年3月3日,小雨 /小雨,8℃ / 3℃,东北风 ≤3级 /东北风 ≤3级,小雨,小雨,8,3,东北风,≤3级,东北风,≤3级,day
2015-03-01 09:35:00,机场路,8、依法应负全责的其他情形,负全部责任,不负责任,1,贵A80500,白色,1,贵A2098Z,白色,十一培,自培,1996/1/24 0:00,2003/9/29 0:00,长安,海马牌,764261000000000000 ,364556000000000000 ,196801,195705,9,6,3,周末,早高峰(7-9点),2015-03-01,2015年3月1日,阴 /阴,9℃ / 3℃,东风 ≤3级 /南风 ≤3级,阴,阴,9,3,东风,≤3级,南风,≤3级,day
2015-03-01 12:30:00,和尚坡,8、依法应负全责的其他情形,负全部责任,不负责任,1,贵DAS535,银,1,贵ALM571,银,十一培,自培,1997/5/25 0:00,2006/3/24 0:00,东风牌,松花江,366664000000000000 ,366875000000000000 ,197410,197011,12,6,3,周末,非高峰,2015-03-01,2015年3月1日,阴 /阴,9℃ / 3℃,东风 ≤3级 /南风 ≤3级,阴,阴,9,3,东风,≤3级,南风,≤3级,day
2015-03-02 07:00:00,太慈桥,1、追尾的,负全部责任,不负责任,1,贵AKF219,白色,1,贵A86J97,白色,十一培,自培,1996/6/5 0:00,2003/12/31 0:00,梅赛德斯-奔驰牌,丰田牌,66068500000000000 ,364547000000000000 ,196112,197704,7,0,3,工作日,早高峰(7-9点),2015-03-02,2015年3月2日,阴 /小雨,9℃ / 2℃,东北风 ≤3级 /东北风 ≤3级,阴,小雨,9,2,东北风,≤3级,东北风,≤3级,day
2015-03-02 08:00:00,贵惠大道,1、追尾的,负全部责任,不负责任,1,贵A6ZL29,白色,1,贵A6786A,白色,十一培,自培,1993/10/10 0:00,2002/5/15 0:00,-1,东风标致牌,364547000000000000 ,364551000000000000 ,195506,197708,8,0,3,工作日,早高峰(7-9点),2015-03-02,2015年3月2日,阴 /小雨,9℃ / 2℃,东北风 ≤3级 /东北风 ≤3级,阴,小雨,9,2,东北风,≤3级,东北风,≤3级,day
2015-03-03 11:20:00,海信园,1、追尾的,负全部责任,不负责任,1,贵ANZ562,白色,1,贵AU0242,白色,十一培,99,1998/6/29 0:00,2010/4/23 0:00,长安牌,万达牌,36454751214074525X,364547000000000000 ,196904,198703,11,1,3,工作日,非高峰,2015-03-03,2015年3月3日,小雨 /小雨,8℃ / 3℃,东北风 ≤3级 /东北风 ≤3级,小雨,小雨,8,3,东北风,≤3级,东北风,≤3级,day
2015-03-03 10:00:00,金竹镇立交,7、未按规定让行的 ,负全部责任,不负责任,1,贵A31N86,白色,1,贵A8522V,白色,十一培,预约考试窗口,1999/3/11 0:00,2006/12/7 0:00,丰田牌,吉利牌,36455551854749565X,36455651844645695X,197103,197002,10,1,3,工作日,非高峰,2015-03-03,2015年3月3日,小雨 /小雨,8℃ / 3℃,东北风 ≤3级 /东北风 ≤3级,小雨,小雨,8,3,东北风,≤3级,东北风,≤3级,day
2015-03-03 15:00:00,喷水池,7、未按规定让行的 ,负全部责任,不负责任,1,贵ACE349,白色,1,贵CS9648,白色,十一培,-1,1995/1/26 0:00,-1,五菱牌,东风标致牌,364548000000000000 ,366061000000000000 ,196110,199112,15,1,3,工作日,非高峰,2015-03-03,2015年3月3日,小雨 /小雨,8℃ / 3℃,东北风 ≤3级 /东北风 ≤3级,小雨,小雨,8,3,东北风,≤3级,东北风,≤3级,day