accidenttime,accidentaddr,driver1fault,driver1responsibility,driver2responsibility,sex1,platenumber1,carcolor1,sex2,platenumber2,carcolor2,jxmc1,jxmc2,cclzrq1,cclzrq2,clpp1,clpp2,driver1license,driver2license,brith1,brith2,hour,weekday,month,is_weekday,peak_hour,date,日期,天气状况,气温,风力风向,day_wea,night_wea,day_tep,night_tep,day_wind_direction,day_wind_speed,night_wind_direction,night_wind_speed,segment
2015-03-03 14:30:00,邮电大楼,7、未按规定让行的 ,负全部责任,不负责任,1,贵AU6026,绿色,1,贵AFV051,黄色,十一培,（经开区）十一驾驶培训有限公司,1998/10/16 0:00,2012/6/15 0:00,捷达牌,夏利牌,354756000000000000 ,364547000000000000 ,197504,197202,14,1,3,工作日,非高峰,2015-03-03,2015年3月3日,小雨 /小雨,8℃ / 3℃,东北风 ≤3级 /东北风 ≤3级,小雨,小雨,8,3,东北风,≤3级,东北风,≤3级,day
2015-03-03 15:24:00,烂犁沟,4、停车时未挂低速档、未拉驻车制动，导致车辆滑行的,负全部责任,不负责任,1,贵AR8594,银,1,贵A28F45,蓝,十一培,预约考试窗口,1997/9/22 0:00,2007/1/23 0:00,大地牌,宝骏牌,36455551344558445X,364547000000000000 ,195001,198809,15,1,3,工作日,非高峰,2015-03-03,2015年3月3日,小雨 /小雨,8℃ / 3℃,东北风 ≤3级 /东北风 ≤3级,小雨,小雨,8,3,东北风,≤3级,东北风,≤3级,day
2015-03-04 10:00:00,三桥,7、未按规定让行的 ,负全部责任,不负责任,1,贵AD6855,银,1,贵AU1199,绿,十一培,（花溪区）金马驾驶培训有限公司,1994/5/18 0:00,1995/9/26 0:00,大江牌,吉利美日牌,366367000000000000 ,364558000000000000 ,195612,196304,10,2,3,工作日,非高峰,2015-03-04,2015年3月4日,小雨 /小雨,6℃ / 1℃,东北风 ≤3级 /东北风 ≤3级,小雨,小雨,6,1,东北风,≤3级,东北风,≤3级,day
2015-03-04 08:20:00,延安西路,7、未按规定让行的 ,负全部责任,不负责任,1,贵AU3923,绿,1,贵AU6245,红,十一培,-1,1999/6/7 0:00,-1,银翔牌,黄海牌,364548000000000000 ,345448000000000000 ,196311,197007,8,2,3,工作日,早高峰(7-9点),2015-03-04,2015年3月4日,小雨 /小雨,6℃ / 1℃,东北风 ≤3级 /东北风 ≤3级,小雨,小雨,6,1,东北风,≤3级,东北风,≤3级,day
2015-03-04 15:00:00,金阳,7、未按规定让行的 ,负全部责任,不负责任,1,贵A92S92,白,0,贵AEN775,黑,十一培,520107,1986/12/29 0:00,2008/10/28 0:00,起亚牌,朗逸牌,364547000000000000 ,364548000000000000 ,195412,197502,15,2,3,工作日,非高峰,2015-03-04,2015年3月4日,小雨 /小雨,6℃ / 1℃,东北风 ≤3级 /东北风 ≤3级,小雨,小雨,6,1,东北风,≤3级,东北风,≤3级,day
2015-03-04 16:25:00,白金大道,7、未按规定让行的 ,负全部责任,不负责任,1,贵A5871学,银,0,贵AKE613,银,十一培,520134,1997/10/27 0:00,2007/10/11 0:00,-1,江铃全顺牌,364557000000000000 ,36456551984243600X,197902,198706,16,2,3,工作日,非高峰,2015-03-04,2015年3月4日,小雨 /小雨,6℃ / 1℃,东北风 ≤3级 /东北风 ≤3级,小雨,小雨,6,1,东北风,≤3级,东北风,≤3级,day
2015-03-04 13:30:00,白云区,3、倒车的,负全部责任,不负责任,1,贵A5987F,黑,1,贵A3236E,银,十一培,-1,1997/6/17 0:00,-1,奇瑞牌,北京现代牌,364558000000000000 ,364558000000000000 ,196611,198409,13,2,3,工作日,非高峰,2015-03-04,2015年3月4日,小雨 /小雨,6℃ / 1℃,东北风 ≤3级 /东北风 ≤3级,小雨,小雨,6,1,东北风,≤3级,东北风,≤3级,day
2015-03-04 17:00:00,二桥,7、未按规定让行的 ,负全部责任,不负责任,1,贵A32981,红,1,贵A41M93,黄,十一培,全林驾校,1985/9/27 0:00,2013/9/22 0:00,日产风度,长安牌,364547000000000000 ,364596000000000000 ,195611,199205,17,2,3,工作日,晚高峰(17-19点),2015-03-04,2015年3月4日,小雨 /小雨,6℃ / 1℃,东北风 ≤3级 /东北风 ≤3级,小雨,小雨,6,1,东北风,≤3级,东北风,≤3级,day
2015-03-05 10:30:00,小河周家村,8、依法应负全责的其他情形,负全部责任,不负责任,1,贵A66526,白色,1,贵A5587T,白色,十一培,贵州现代驾驶培训责任有限公司,1997/12/31 0:00,2013/3/26 0:00,广大,北京现代牌,364551000000000000 ,364551000000000000 ,197812,197811,10,3,3,工作日,非高峰,2015-03-05,2015年3月5日,小雨 /小雨,4℃ / 1℃,东北风 ≤3级 /东北风 ≤3级,小雨,小雨,4,1,东北风,≤3级,东北风,≤3级,day
2015-03-05 11:00:00,中华南路,7、未按规定让行的 ,负全部责任,不负责任,1,贵AU3613,蓝,1,贵A57L64,银,十一培,贵州省长安驾驶培训学校,1993/6/1 0:00,2012/8/6 0:00,万达牌,雪佛兰牌,57404651235555537X,366567000000000000 ,196511,198712,11,3,3,工作日,非高峰,2015-03-05,2015年3月5日,小雨 /小雨,4℃ / 1℃,东北风 ≤3级 /东北风 ≤3级,小雨,小雨,4,1,东北风,≤3级,东北风,≤3级,day
2015-03-05 12:00:00,新添大道,3、倒车的,负全部责任,不负责任,1,贵A85331,蓝,1,贵A562E7,银,十一培,自培,1989/4/11 0:00,2009/3/17 0:00,骊威牌,五菱牌,364547000000000000 ,364596000000000000 ,195703,198901,12,3,3,工作日,非高峰,2015-03-05,2015年3月5日,小雨 /小雨,4℃ / 1℃,东北风 ≤3级 /东北风 ≤3级,小雨,小雨,4,1,东北风,≤3级,东北风,≤3级,day
2015-03-05 15:20:00,白云区,7、未按规定让行的 ,负全部责任,不负责任,0,贵AU3247,白,0,贵A50296,银,十一培,人武驾校,1996/3/18 0:00,2013/5/27 0:00,万达牌,豪门牌,364558000000000000 ,364558000000000000 ,196808,197009,15,3,3,工作日,非高峰,2015-03-05,2015年3月5日,小雨 /小雨,4℃ / 1℃,东北风 ≤3级 /东北风 ≤3级,小雨,小雨,4,1,东北风,≤3级,东北风,≤3级,day
2015-03-05 21:05:00,玉厂路,1、追尾的,负全部责任,不负责任,1,贵A1987B,白色,1,贵A0BV35,白色,十一培,-1,1994/3/23 0:00,-1,东风标致牌,奥迪牌,364547000000000000 ,355266000000000000 ,196503,198402,21,3,3,工作日,非高峰,2015-03-05,2015年3月5日,小雨 /小雨,4℃ / 1℃,东北风 ≤3级 /东北风 ≤3级,小雨,小雨,4,1,东北风,≤3级,东北风,≤3级,night
2015-03-06 02:00:00,嘉润路,8、依法应负全责的其他情形,负全部责任,不负责任,1,贵AAD402,白色,1,贵A49L36,白色,十一培,-1,1991/5/27 0:00,-1,解放牌,科雷傲,364548000000000000 ,74766500000000000 ,195708,199708,2,4,3,工作日,非高峰,2015-03-06,2015年3月6日,小雨 /小雨,5℃ / 3℃,东北风 ≤3级 /东北风 ≤3级,小雨,小雨,5,3,东北风,≤3级,东北风,≤3级,night
2015-03-06 06:12:00,金清路,7、未按规定让行的 ,负全部责任,不负责任,1,贵A3655A,黑,1,贵A3405M,银,十一培,-1,1995/12/19 0:00,-1,桑塔纳,海马牌,366364000000000000 ,364556000000000000 ,197111,198501,6,4,3,工作日,非高峰,2015-03-06,2015年3月6日,小雨 /小雨,5℃ / 3℃,东北风 ≤3级 /东北风 ≤3级,小雨,小雨,5,3,东北风,≤3级,东北风,≤3级,day
2015-03-06 07:50:00,金阳北路,1、追尾的,负全部责任,不负责任,1,贵A9B034,蓝,1,贵ARV742,蓝,十一培,-1,1981/3/11 0:00,-1,-1,奇瑞牌,364548000000000000 ,364548000000000000 ,195806,195904,7,4,3,工作日,早高峰(7-9点),2015-03-06,2015年3月6日,小雨 /小雨,5℃ / 3℃,东北风 ≤3级 /东北风 ≤3级,小雨,小雨,5,3,东北风,≤3级,东北风,≤3级,day
2015-03-06 11:00:00,小河转盘,1、追尾的,负全部责任,不负责任,1,贵A08561,白色,1,贵A28G96,白色,十一培,自培,1988/8/12 0:00,2011/7/15 0:00,万达牌,一汽牌,366568000000000000 ,364548000000000000 ,196211,197806,11,4,3,工作日,非高峰,2015-03-06,2015年3月6日,小雨 /小雨,5℃ / 3℃,东北风 ≤3级 /东北风 ≤3级,小雨,小雨,5,3,东北风,≤3级,东北风,≤3级,day
2015-03-03 16:40:00,机场路,1、追尾的,负全部责任,不负责任,1,贵AU2836,白色,1,贵AU8235,白色,十一培,自培,1995/9/19 0:00,2005/1/6 0:00,望江牌,大运牌,364556000000000000 ,664541000000000000 ,196605,197609,16,1,3,工作日,非高峰,2015-03-03,2015年3月3日,小雨 /小雨,8℃ / 3℃,东北风 ≤3级 /东北风 ≤3级,小雨,小雨,8,3,东北风,≤3级,东北风,≤3级,day
2015-03-03 18:10:00,花果园,9、不符合前8款规定或者双方同时具有上述情形的,负同等责任,负同等责任,1,贵A6BJ20,银,1,贵ANY885,银,十一培,自培,1993/6/9 0:00,2002/3/4 0:00,奥迪牌,朗逸牌,364548000000000000 ,364547000000000000 ,197101,196304,18,1,3,工作日,晚高峰(17-19点),2015-03-03,2015年3月3日,小雨 /小雨,8℃ / 3℃,东北风 ≤3级 /东北风 ≤3级,小雨,小雨,8,3,东北风,≤3级,东北风,≤3级,day
2015-03-06 09:35:00,机场路,8、依法应负全责的其他情形,负全部责任,不负责任,1,贵A80500,白色,1,贵AJN622,白色,十一培,-1,1996/1/24 0:00,-1,长安,长城牌,764261000000000000 ,734597000000000000 ,196801,198301,9,4,3,工作日,早高峰(7-9点),2015-03-06,2015年3月6日,小雨 /小雨,5℃ / 3℃,东北风 ≤3级 /东北风 ≤3级,小雨,小雨,5,3,东北风,≤3级,东北风,≤3级,day
2015-03-06 09:10:00,北京西路,1、追尾的,负全部责任,不负责任,1,贵A38L12,白,1,贵GX4171,黑,十一培,-1,1996/7/10 0:00,-1,别克牌,别克牌,576148000000000000 ,366566000000000000 ,197208,197405,9,4,3,工作日,早高峰(7-9点),2015-03-06,2015年3月6日,小雨 /小雨,5℃ / 3℃,东北风 ≤3级 /东北风 ≤3级,小雨,小雨,5,3,东北风,≤3级,东北风,≤3级,day
2015-03-06 15:00:00,紫林庵,7、未按规定让行的 ,负全部责任,不负责任,0,贵AWZ477,红,1,贵AA9277,白,十一培,全林驾校,1992/11/10 0:00,2000/6/23 0:00,东风标致牌,丰田牌,366363000000000000 ,364548000000000000 ,195207,198206,15,4,3,工作日,非高峰,2015-03-06,2015年3月6日,小雨 /小雨,5℃ / 3℃,东北风 ≤3级 /东北风 ≤3级,小雨,小雨,5,3,东北风,≤3级,东北风,≤3级,day
2015-03-06 16:00:00,黔林山路,7、未按规定让行的 ,负全部责任,不负责任,1,贵AUA420,白,1,贵AH4745,蓝,十一培,-1,1995/8/21 0:00,-1,吉利美日牌,豪爵牌,36455751214349645X,364547000000000000 ,196905,198706,16,4,3,工作日,非高峰,2015-03-06,2015年3月6日,小雨 /小雨,5℃ / 3℃,东北风 ≤3级 /东北风 ≤3级,小雨,小雨,5,3,东北风,≤3级,东北风,≤3级,day
2015-03-06 21:20:00,白云南路,7、未按规定让行的 ,负全部责任,不负责任,1,贵AH6943,黑,1,贵AK3616,银,十一培,520127,1996/8/9 0:00,2004/7/23 0:00,劲扬牌,福田五星牌,364558000000000000 ,366346000000000000 ,196211,197501,21,4,3,工作日,非高峰,2015-03-06,2015年3月6日,小雨 /小雨,5℃ / 3℃,东北风 ≤3级 /东北风 ≤3级,小雨,小雨,5,3,东北风,≤3级,东北风,≤3级,night
2015-03-07 07:00:00,金关,8、依法应负全责的其他情形,负全部责任,不负责任,1,贵AH3697,白,1,贵CKQ321,黑,十一培,铁二局驾校,1996/4/15 0:00,2012/2/24 0:00,华鹰牌,长城牌,36454751335446445X,366670000000000000 ,195510,199202,7,5,3,工作日,早高峰(7-9点),2015-03-07,2015年3月7日,阴 /小雨,10℃ / 5℃,东风 ≤3级 /东南风 ≤3级,阴,小雨,10,5,东风,≤3级,东南风,≤3级,day
2015-03-07 12:00:00,东山,7、未按规定让行的 ,负全部责任,不负责任,1,贵A47P28,银,1,贵A6EA58,黑,十一培,-1,1998/7/27 0:00,-1,沃尔沃牌,揽胜极光,366562000000000000 ,364548000000000000 ,197709,197109,12,5,3,工作日,非高峰,2015-03-07,2015年3月7日,阴 /小雨,10℃ / 5℃,东风 ≤3级 /东南风 ≤3级,阴,小雨,10,5,东风,≤3级,东南风,≤3级,day
2015-03-07 14:00:00,艺校立交桥,9、不符合前8款规定或者双方同时具有上述情形的,负同等责任,负同等责任,1,贵AF1433,黑色,1,贵A28W57,白色,十一培,铁二局驾校,1991/5/21 0:00,2011/12/1 0:00,奥迪,长安牌,36454751214258525X,734596000000000000 ,196906,198602,14,5,3,工作日,非高峰,2015-03-07,2015年3月7日,阴 /小雨,10℃ / 5℃,东风 ≤3级 /东南风 ≤3级,阴,小雨,10,5,东风,≤3级,东南风,≤3级,day
2015-03-07 14:25:00,花溪大道,7、未按规定让行的 ,负全部责任,不负责任,1,贵AW5727,白色,1,贵A25859,白色,十一培,时发驾校,1994/11/21 0:00,-1,轩逸牌,方园,364547000000000000 ,366862000000000000 ,196712,198107,14,5,3,工作日,非高峰,2015-03-07,2015年3月7日,阴 /小雨,10℃ / 5℃,东风 ≤3级 /东南风 ≤3级,阴,小雨,10,5,东风,≤3级,东南风,≤3级,day
2015-03-07 12:10:00,沙冲南路,8、依法应负全责的其他情形,负全部责任,不负责任,1,贵AK1997,白色,1,贵AS4855,白色,十一培,（云岩区）省交通职业技术驾驶培训学校,1995/12/12 0:00,2003/5/10 0:00,雪佛兰牌,豪爵牌,364548000000000000 ,364548000000000000 ,196302,196803,12,5,3,工作日,非高峰,2015-03-07,2015年3月7日,阴 /小雨,10℃ / 5℃,东风 ≤3级 /东南风 ≤3级,阴,小雨,10,5,东风,≤3级,东南风,≤3级,day
2015-03-07 13:00:00,省医,1、追尾的,负全部责任,不负责任,1,贵ABU256,白,1,贵A3BT68,黑,十一培,-1,1993/1/19 0:00,-1,五菱牌,东风日产牌,364547000000000000 ,364548000000000000 ,196504,196611,13,5,3,工作日,非高峰,2015-03-07,2015年3月7日,阴 /小雨,10℃ / 5℃,东风 ≤3级 /东南风 ≤3级,阴,小雨,10,5,东风,≤3级,东南风,≤3级,day
2015-03-07 15:00:00,文化路,7、未按规定让行的 ,负全部责任,不负责任,1,贵AHU494,白色,1,贵A32N72,白色,十一培,全林驾校,1998/3/19 0:00,2012/9/25 0:00,吉利牌,上海波罗,364548000000000000 ,364557000000000000 ,196312,198310,15,5,3,工作日,非高峰,2015-03-07,2015年3月7日,阴 /小雨,10℃ / 5℃,东风 ≤3级 /东南风 ≤3级,阴,小雨,10,5,东风,≤3级,东南风,≤3级,day
2015-03-07 18:00:00,望城坡,7、未按规定让行的 ,负全部责任,不负责任,1,贵AH0718,黑色,1,贵AF2237,白色,十一培,蓝天驾校,1991/7/17 0:00,2012/11/12 0:00,长安,钱江牌,364548000000000000 ,66067500000000000 ,196901,197002,18,5,3,工作日,晚高峰(17-19点),2015-03-07,2015年3月7日,阴 /小雨,10℃ / 5℃,东风 ≤3级 /东南风 ≤3级,阴,小雨,10,5,东风,≤3级,东南风,≤3级,day
2015-03-07 20:00:00,中天花园,3、倒车的,负全部责任,不负责任,1,贵A757F7,白色,1,贵A79341,白色,十一培,-1,1992/7/19 0:00,-1,解放牌,王牌牌,364547000000000000 ,366269000000000000 ,195611,197709,20,5,3,工作日,非高峰,2015-03-07,2015年3月7日,阴 /小雨,10℃ / 5℃,东风 ≤3级 /东南风 ≤3级,阴,小雨,10,5,东风,≤3级,东南风,≤3级,night
2015-03-07 18:25:00,北京西路,7、未按规定让行的 ,负全部责任,不负责任,1,贵ANH762,银,1,贵ANX394,黑,十一培,预约考试窗口,1993/11/17 0:00,2007/5/31 0:00,长城牌,宝马,364548000000000000 ,364547000000000000 ,196406,196706,18,5,3,工作日,晚高峰(17-19点),2015-03-07,2015年3月7日,阴 /小雨,10℃ / 5℃,东风 ≤3级 /东南风 ≤3级,阴,小雨,10,5,东风,≤3级,东南风,≤3级,day
2015-03-07 21:18:00,贵开路,7、未按规定让行的 ,负全部责任,不负责任,1,贵A42805,绿,1,贵AU6325,绿,十一培,预约考试窗口,1993/1/12 0:00,2007/5/17 0:00,捷达,恒通客车牌,364548000000000000 ,366064000000000000 ,195804,197912,21,5,3,工作日,非高峰,2015-03-07,2015年3月7日,阴 /小雨,10℃ / 5℃,东风 ≤3级 /东南风 ≤3级,阴,小雨,10,5,东风,≤3级,东南风,≤3级,night
2015-03-07 19:00:00,新添大道,1、追尾的,负全部责任,不负责任,1,贵ABQ724,红,1,贵AU3589,绿,十一培,-1,1993/4/7 0:00,-1,东风雪铁龙牌,飞肯牌,364556000000000000 ,364547000000000000 ,195501,196809,19,5,3,工作日,晚高峰(17-19点),2015-03-07,2015年3月7日,阴 /小雨,10℃ / 5℃,东风 ≤3级 /东南风 ≤3级,阴,小雨,10,5,东风,≤3级,东南风,≤3级,day
2015-03-07 18:30:00,嘉润路,1、追尾的,负全部责任,不负责任,1,贵G89701,白色,1,贵A33Y83,黑色,十一培,-1,1993/2/28 0:00,-1,飞鹰牌,福克斯牌,36455551024261445X,364545000000 ,194606,717383,18,5,3,工作日,晚高峰(17-19点),2015-03-07,2015年3月7日,阴 /小雨,10℃ / 5℃,东风 ≤3级 /东南风 ≤3级,阴,小雨,10,5,东风,≤3级,东南风,≤3级,day
2015-03-08 07:40:00,山水黔城,7、未按规定让行的 ,负全部责任,不负责任,1,贵A60973,白色,1,贵GM5618,红色,十一培,鑫鑫驾校,1998/12/28 0:00,2012/5/29 0:00,亚星,钱江牌,364547000000000000 ,364547000000000000 ,197611,197211,7,6,3,周末,早高峰(7-9点),2015-03-08,2015年3月8日,小雨 /阴,11℃ / 6℃,东北风 ≤3级 /东北风 ≤3级,小雨,阴,11,6,东北风,≤3级,东北风,≤3级,day
2015-03-06 12:00:00,金阳客站,8、依法应负全责的其他情形,负全部责任,不负责任,1,贵AU7612,蓝,1,贵ARL292,银,十一培,自培,1995/3/5 0:00,2003/11/30 0:00,恒通客车牌,北京现代牌,366361000000000000 ,35467651274360593X,197403,196305,12,4,3,工作日,非高峰,2015-03-06,2015年3月6日,小雨 /小雨,5℃ / 3℃,东北风 ≤3级 /东北风 ≤3级,小雨,小雨,5,3,东北风,≤3级,东北风,≤3级,day
2015-03-06 12:05:00,三桥,1、追尾的,负全部责任,不负责任,0,贵ATB874,银,1,贵A44949,红,十一培,自培,1993/7/6 0:00,2004/1/31 0:00,东风雪铁龙牌,宝马牌,364548000000000000 ,364548000000000000 ,197301,196410,12,4,3,工作日,非高峰,2015-03-06,2015年3月6日,小雨 /小雨,5℃ / 3℃,东北风 ≤3级 /东北风 ≤3级,小雨,小雨,5,3,东北风,≤3级,东北风,≤3级,day
2015-03-08 17:17:00,花果园,8、依法应负全责的其他情形,负全部责任,不负责任,1,贵AAH677,蓝,1,贵AEW627,红,十一培,贵州平安驾驶培训学校,1998/8/6 0:00,2011/10/27 0:00,华泰圣达菲牌,长城牌,364547000000000000 ,364547000000000000 ,196407,197905,17,6,3,周末,晚高峰(17-19点),2015-03-08,2015年3月8日,小雨 /阴,11℃ / 6℃,东北风 ≤3级 /东北风 ≤3级,小雨,阴,11,6,东北风,≤3级,东北风,≤3级,day
2015-03-08 18:10:00,省府路,3、倒车的,负全部责任,不负责任,1,贵A6977,白,1,贵A8BA28,红,十一培,鑫鑫驾校,1996/7/4 0:00,2014/6/6 0:00,比亚迪牌,雪佛兰牌,564548000000000000 ,364548000000000000 ,196806,198206,18,6,3,周末,晚高峰(17-19点),2015-03-08,2015年3月8日,小雨 /阴,11℃ / 6℃,东北风 ≤3级 /东北风 ≤3级,小雨,阴,11,6,东北风,≤3级,东北风,≤3级,day
2015-03-08 18:45:00,东站,7、未按规定让行的 ,负全部责任,不负责任,1,贵A28F86,白色,1,贵A31003,白色,十一培,六盘水市键麟驾驶培训学校,1994/3/21 0:00,-1,酷威,红岩牌,36654551395450497X,364666000000000000 ,195810,198503,18,6,3,周末,晚高峰(17-19点),2015-03-08,2015年3月8日,小雨 /阴,11℃ / 6℃,东北风 ≤3级 /东北风 ≤3级,小雨,阴,11,6,东北风,≤3级,东北风,≤3级,day
2015-03-08 23:36:00,兴关路,1、追尾的,负全部责任,不负责任,1,贵A28B42,白,1,贵AU7316,绿,十一培,520116,1997/9/25 0:00,2001/2/23 0:00,福克斯牌,福田牌,366367000000000000 ,364558000000000000 ,196910,197902,23,6,3,周末,非高峰,2015-03-08,2015年3月8日,小雨 /阴,11℃ / 6℃,东北风 ≤3级 /东北风 ≤3级,小雨,阴,11,6,东北风,≤3级,东北风,≤3级,night
2015-03-09 04:30:00,贵遵高速沙文,1、追尾的,负全部责任,不负责任,1,贵A12C53,白色,1,贵ALA783,白色,十一培,自培,1985/9/16 0:00,2010/2/24 0:00,明锐牌,骐达牌,36636051284145577X,364568000000000000 ,196709,198509,4,0,3,工作日,非高峰,2015-03-09,2015年3月9日,小雨 /小雨,10℃ / 5℃,东北风 ≤3级 /东北风 ≤3级,小雨,小雨,10,5,东北风,≤3级,东北风,≤3级,night
2015-03-08 21:00:00,亨特国际,7、未按规定让行的 ,负全部责任,不负责任,1,贵ARL912,银,1,贵A2E671,蓝,十一培,文通驾校,1994/9/5 0:00,2012/8/22 0:00,三菱牌,宝马牌,74766500000000000 ,364548000000000000 ,197010,199009,21,6,3,周末,非高峰,2015-03-08,2015年3月8日,小雨 /阴,11℃ / 6℃,东北风 ≤3级 /东北风 ≤3级,小雨,阴,11,6,东北风,≤3级,东北风,≤3级,night
2015-03-09 09:40:00,金朱东路,7、未按规定让行的 ,负全部责任,不负责任,1,贵ADM283,银,0,贵AB9373,白,十一培,路路达驾校,1991/10/26 0:00,2014/1/14 0:00,夏利牌,嘉陵牌,366361000000000000 ,74395500000000000 ,196403,198908,9,0,3,工作日,早高峰(7-9点),2015-03-09,2015年3月9日,小雨 /小雨,10℃ / 5℃,东北风 ≤3级 /东北风 ≤3级,小雨,小雨,10,5,东北风,≤3级,东北风,≤3级,day
2015-03-09 09:10:00,花果园,7、未按规定让行的 ,负全部责任,不负责任,1,贵A14E14,银,1,贵GX4800,黑,十一培,贵州省长安驾驶培训学校,1995/2/7 0:00,2012/7/19 0:00,宝骏牌,奥迪牌,364547000000000000 ,344668000000000000 ,197012,198505,9,0,3,工作日,早高峰(7-9点),2015-03-09,2015年3月9日,小雨 /小雨,10℃ / 5℃,东北风 ≤3级 /东北风 ≤3级,小雨,小雨,10,5,东北风,≤3级,东北风,≤3级,day
2015-03-09 14:00:00,燕子岩大桥,7、未按规定让行的 ,负全部责任,不负责任,1,贵A7702,黑,1,贵A17Z19,黑,十一培,贵州现代驾驶培训责任有限公司,1999/10/25 0:00,2011/12/2 0:00,比亚迪牌,朗逸牌,364548000000000000 ,364557000000000000 ,196006,196505,14,0,3,工作日,非高峰,2015-03-09,2015年3月9日,小雨 /小雨,10℃ / 5℃,东北风 ≤3级 /东北风 ≤3级,小雨,小雨,10,5,东北风,≤3级,东北风,≤3级,day
2015-03-09 16:10:00,五里冲,1、追尾的,负全部责任,不负责任,1,贵AN4507,白色,1,贵A7222B,白色,十一培,市交校,1995/5/5 0:00,2011/10/24 0:00,东风牌,五菱牌,364547000000000000 ,364568000000000000 ,197312,198511,16,0,3,工作日,非高峰,2015-03-09,2015年3月9日,小雨 /小雨,10℃ / 5℃,东北风 ≤3级 /东北风 ≤3级,小雨,小雨,10,5,东北风,≤3级,东北风,≤3级,day
2015-03-09 16:50:00,太慈桥,7、未按规定让行的 ,负全部责任,不负责任,1,贵A13C16,白,1,贵AU4715,蓝,十一培,#,1995/7/30 0:00,2010/1/18 0:00,长安牌,双狮牌,364548000000000000 ,366269000000000000 ,197707,198002,16,0,3,工作日,非高峰,2015-03-09,2015年3月9日,小雨 /小雨,10℃ / 5℃,东北风 ≤3级 /东北风 ≤3级,小雨,小雨,10,5,东北风,≤3级,东北风,≤3级,day
2015-03-09 18:00:00,师大,8、依法应负全责的其他情形,负全部责任,不负责任,1,贵AK2117,黑,1,贵AAH304,白,十一培,520136,1988/12/27 0:00,2010/6/21 0:00,奥迪,力帆牌,364548000000000000 ,36454651994374705X,195706,198805,18,0,3,工作日,晚高峰(17-19点),2015-03-09,2015年3月9日,小雨 /小雨,10℃ / 5℃,东北风 ≤3级 /东北风 ≤3级,小雨,小雨,10,5,东北风,≤3级,东北风,≤3级,day
2015-03-09 19:49:00,金阳南路,1、追尾的,负全部责任,不负责任,1,贵A34S70,银,1,贵A9394X,银,十一培,-1,1995/5/31 0:00,-1,-1,吉利牌,366364000000000000 ,366561000000000000 ,196910,199108,19,0,3,工作日,晚高峰(17-19点),2015-03-09,2015年3月9日,小雨 /小雨,10℃ / 5℃,东北风 ≤3级 /东北风 ≤3级,小雨,小雨,10,5,东北风,≤3级,东北风,≤3级,day
2015-03-09 18:30:00,小河长江路,7、未按规定让行的 ,负全部责任,不负责任,1,贵A68358,白色,1,贵AB836V,白色,十一培,-1,1991/3/3 0:00,-1,嘉陵,奥迪牌,364557000000000000 ,364551000000000000 ,196805,199105,18,0,3,工作日,晚高峰(17-19点),2015-03-09,2015年3月9日,小雨 /小雨,10℃ / 5℃,东北风 ≤3级 /东北风 ≤3级,小雨,小雨,10,5,东北风,≤3级,东北风,≤3级,day
2015-03-10 12:30:00,宝山北路,7、未按规定让行的 ,负全部责任,不负责任,1,贵AU043,白色,1,贵AU9677,白色,十一培,520109,1988/12/20 0:00,2009/3/26 0:00,-1,宗申牌,366361000000000000 ,364566000000000000 ,195805,198611,12,1,3,工作日,非高峰,2015-03-10,2015年3月10日,小雨 /小雨,8℃ / 4℃,东北风 ≤3级 /东北风 ≤3级,小雨,小雨,8,4,东北风,≤3级,东北风,≤3级,day
2015-03-10 13:00:00,头桥,8、依法应负全责的其他情形,负全部责任,不负责任,1,贵A79N12,白,1,贵AU5936,蓝,十一培,520116,1988/8/8 0:00,2001/12/28 0:00,神龙-富康,迅龙牌,364547000000000000 ,364548000000000000 ,195908,198010,13,1,3,工作日,非高峰,2015-03-10,2015年3月10日,小雨 /小雨,8℃ / 4℃,东北风 ≤3级 /东北风 ≤3级,小雨,小雨,8,4,东北风,≤3级,东北风,≤3级,day
2015-03-10 13:00:00,富水北路,1、追尾的,负全部责任,不负责任,1,贵AU9516,绿,1,贵AC5676,黑,十一培,自培,1995/1/18 0:00,2002/9/6 0:00,瑞麒牌,万虎牌,364547000000000000 ,364548000000000000 ,196610,195607,13,1,3,工作日,非高峰,2015-03-10,2015年3月10日,小雨 /小雨,8℃ / 4℃,东北风 ≤3级 /东北风 ≤3级,小雨,小雨,8,4,东北风,≤3级,东北风,≤3级,day
2015-03-08 13:10:00,三桥,7、未按规定让行的 ,负全部责任,不负责任,1,贵GF0153,银,1,贵A60164,白,十一培,自培,1997/10/29 0:00,2003/4/30 0:00,思威牌,铃木,366875000000000000 ,366570000000000000 ,197806,197511,13,6,3,周末,非高峰,2015-03-08,2015年3月8日,小雨 /阴,11℃ / 6℃,东北风 ≤3级 /东北风 ≤3级,小雨,阴,11,6,东北风,≤3级,东北风,≤3级,day
2015-03-08 15:00:00,金华园,8、依法应负全责的其他情形,负全部责任,不负责任,1,贵AD0901,白,1,贵A95W88,黑,十一培,自培,1998/7/14 0:00,2005/5/23 0:00,江铃牌,宝马牌,364547000000000000 ,364548000000000000 ,196003,198105,15,6,3,周末,非高峰,2015-03-08,2015年3月8日,小雨 /阴,11℃ / 6℃,东北风 ≤3级 /东北风 ≤3级,小雨,阴,11,6,东北风,≤3级,东北风,≤3级,day