accidenttime,accidentaddr,driver1fault,driver1responsibility,driver2responsibility,sex1,platenumber1,carcolor1,sex2,platenumber2,carcolor2,jxmc1,jxmc2,cclzrq1,cclzrq2,clpp1,clpp2,driver1license,driver2license,brith1,brith2,hour,weekday,month,is_weekday,peak_hour,date,日期,天气状况,气温,风力风向,day_wea,night_wea,day_tep,night_tep,day_wind_direction,day_wind_speed,night_wind_direction,night_wind_speed,segment
2015-03-09 09:00:00,恒大城,8、依法应负全责的其他情形,负全部责任,不负责任,1,贵ANV121,白,1,贵AU1112,蓝,十一培,自培,1981/7/6 0:00,2001/5/29 0:00,丰田牌,吉利美日牌,364648000000000000 ,364558000000000000 ,196011,198109,9,0,3,工作日,早高峰(7-9点),2015-03-09,2015年3月9日,小雨 /小雨,10℃ / 5℃,东北风 ≤3级 /东北风 ≤3级,小雨,小雨,10,5,东北风,≤3级,东北风,≤3级,day
2015-03-09 11:10:00,南明分局门口,8、依法应负全责的其他情形,负全部责任,不负责任,1,贵AU2668,白色,1,贵A69108,白色,十一培,自培,1997/9/12 0:00,2002/8/13 0:00,宝来牌,红岩牌,36454751244153567X,354669000000000000 ,196009,197903,11,0,3,工作日,非高峰,2015-03-09,2015年3月9日,小雨 /小雨,10℃ / 5℃,东北风 ≤3级 /东北风 ≤3级,小雨,小雨,10,5,东北风,≤3级,东北风,≤3级,day
2015-03-09 15:40:00,飞山街,7、未按规定让行的 ,负全部责任,不负责任,1,贵ATC125,黑,1,贵A22322,黑,十一培,自培,1992/9/1 0:00,2004/9/14 0:00,大众牌,乘龙牌,364547000000000000 ,366864000000000000 ,196210,198212,15,0,3,工作日,非高峰,2015-03-09,2015年3月9日,小雨 /小雨,10℃ / 5℃,东北风 ≤3级 /东北风 ≤3级,小雨,小雨,10,5,东北风,≤3级,东北风,≤3级,day
2015-03-10 06:30:00,西南环线,7、未按规定让行的 ,负全部责任,不负责任,1,贵AH5V869,白色,1,贵AS9331,白色,十一培,自培,1996/2/12 0:00,2005/1/19 0:00,-1,丰田牌,765566000000000000 ,364547000000000000 ,195007,197006,6,1,3,工作日,非高峰,2015-03-10,2015年3月10日,小雨 /小雨,8℃ / 4℃,东北风 ≤3级 /东北风 ≤3级,小雨,小雨,8,4,东北风,≤3级,东北风,≤3级,day
2015-03-10 08:40:00,瑞金北路,5、开关车门的,负全部责任,不负责任,1,贵AHL861,黑,1,贵A61F89,黑,十一培,自培,1996/10/14 0:00,2005/9/6 0:00,吉利美日牌,福特牌,364556000000000000 ,364551000000000000 ,195509,198704,8,1,3,工作日,早高峰(7-9点),2015-03-10,2015年3月10日,小雨 /小雨,8℃ / 4℃,东北风 ≤3级 /东北风 ≤3级,小雨,小雨,8,4,东北风,≤3级,东北风,≤3级,day
2015-03-10 10:45:00,东林寺路,7、未按规定让行的 ,负全部责任,不负责任,1,贵A54R94,白,1,贵CQ0383,黑,十一培,520103,1985/7/31 0:00,2009/10/21 0:00,兰德酷路泽普拉多,梅赛德斯-奔驰牌,366367000000000000 ,364548000000000000 ,195301,197401,10,1,3,工作日,非高峰,2015-03-10,2015年3月10日,小雨 /小雨,8℃ / 4℃,东北风 ≤3级 /东北风 ≤3级,小雨,小雨,8,4,东北风,≤3级,东北风,≤3级,day
2015-03-10 12:00:00,八匹马,7、未按规定让行的 ,负全部责任,不负责任,1,贵A79411,蓝,1,贵GH4342,白,十一培,-1,1985/9/25 0:00,-1,三星,丰田牌,364547000000000000 ,366346000000000000 ,196007,199009,12,1,3,工作日,非高峰,2015-03-10,2015年3月10日,小雨 /小雨,8℃ / 4℃,东北风 ≤3级 /东北风 ≤3级,小雨,小雨,8,4,东北风,≤3级,东北风,≤3级,day
2015-03-10 12:50:00,市北街,1、追尾的,负全部责任,不负责任,1,贵AKG257,红,1,贵AU4841,红,十一培,-1,1999/12/28 0:00,-1,高尔夫牌,铃田牌,364548000000000000 ,36606651884145040X,198102,197709,12,1,3,工作日,非高峰,2015-03-10,2015年3月10日,小雨 /小雨,8℃ / 4℃,东北风 ≤3级 /东北风 ≤3级,小雨,小雨,8,4,东北风,≤3级,东北风,≤3级,day
2015-03-10 15:07:00,市北路,9、不符合前8款规定或者双方同时具有上述情形的,负同等责任,负同等责任,1,贵AE431,黑,1,贵ACL765,白,十一培,自培,1996/7/22 0:00,2000/12/23 0:00,-1,福克斯牌,364548000000000000 ,364548000000000000 ,195306,197004,15,1,3,工作日,非高峰,2015-03-10,2015年3月10日,小雨 /小雨,8℃ / 4℃,东北风 ≤3级 /东北风 ≤3级,小雨,小雨,8,4,东北风,≤3级,东北风,≤3级,day
2015-03-10 15:00:00,东新路,7、未按规定让行的 ,负全部责任,不负责任,1,贵AWY394,银,1,贵A18N62,黄,十一培,贵大驾校,1991/10/10 0:00,2006/5/17 0:00,东风日产牌,东风牌,364548000000000000 ,726766000000000000 ,197010,196606,15,1,3,工作日,非高峰,2015-03-10,2015年3月10日,小雨 /小雨,8℃ / 4℃,东北风 ≤3级 /东北风 ≤3级,小雨,小雨,8,4,东北风,≤3级,东北风,≤3级,day
2015-03-10 15:30:00,金阳南路,7、未按规定让行的 ,负全部责任,不负责任,1,贵A28H41,红,1,贵AKL356,绿,十一培,-1,1989/6/6 0:00,-1,别克牌,轩逸牌,364547000000000000 ,366362000000000000 ,197003,198610,15,1,3,工作日,非高峰,2015-03-10,2015年3月10日,小雨 /小雨,8℃ / 4℃,东北风 ≤3级 /东北风 ≤3级,小雨,小雨,8,4,东北风,≤3级,东北风,≤3级,day
2015-03-10 19:00:00,白云中路,7、未按规定让行的 ,负全部责任,不负责任,1,贵A8251U,银,1,贵GT4475,黑,十一培,路路达驾校,1998/1/21 0:00,2015/1/5 0:00,吉利美日牌,中华牌,364558000000000000 ,364558000000000000 ,197101,199607,19,1,3,工作日,晚高峰(17-19点),2015-03-10,2015年3月10日,小雨 /小雨,8℃ / 4℃,东北风 ≤3级 /东北风 ≤3级,小雨,小雨,8,4,东北风,≤3级,东北风,≤3级,day
2015-03-11 07:50:00,枣山路,1、追尾的,负全部责任,不负责任,1,贵A81421,蓝,1,贵A59H68,黑,十一培,鑫鑫驾校,1986/1/19 0:00,2011/12/8 0:00,宇通牌,起亚牌,364547000000000000 ,364547000000000000 ,196510,198809,7,2,3,工作日,早高峰(7-9点),2015-03-11,2015年3月11日,阴 /小雨,8℃ / 4℃,东北风 ≤3级 /东北风 ≤3级,阴,小雨,8,4,东北风,≤3级,东北风,≤3级,day
2015-03-11 08:00:00,花溪公园,7、未按规定让行的 ,负全部责任,不负责任,1,贵AEK008,黑色,1,贵A85K65,白色,十一培,文通驾校,1996/8/22 0:00,2013/3/8 0:00,猎豹牌,北京现代牌,364556000000000000 ,364556000000000000 ,196908,199102,8,2,3,工作日,早高峰(7-9点),2015-03-11,2015年3月11日,阴 /小雨,8℃ / 4℃,东北风 ≤3级 /东北风 ≤3级,阴,小雨,8,4,东北风,≤3级,东北风,≤3级,day
2015-03-11 08:40:00,甲秀南路,1、追尾的,负全部责任,不负责任,1,贵ANV526,黑,1,贵AAK940,黑,十一培,预约考试窗口,1996/7/10 0:00,2007/5/31 0:00,桑塔纳牌,东风雪铁龙牌,364556000000000000 ,366546000000000000 ,197808,197706,8,2,3,工作日,早高峰(7-9点),2015-03-11,2015年3月11日,阴 /小雨,8℃ / 4℃,东北风 ≤3级 /东北风 ≤3级,阴,小雨,8,4,东北风,≤3级,东北风,≤3级,day
2015-03-10 22:00:00,碧海花园,7、未按规定让行的 ,负全部责任,不负责任,1,贵A6598P,银,1,泸C147P9,白,十一培,铁二局驾校,1996/6/27 0:00,2004/12/15 0:00,吉利牌,别克,364558000000000000 ,364548000000000000 ,197108,196901,22,1,3,工作日,非高峰,2015-03-10,2015年3月10日,小雨 /小雨,8℃ / 4℃,东北风 ≤3级 /东北风 ≤3级,小雨,小雨,8,4,东北风,≤3级,东北风,≤3级,night
2015-03-11 08:05:00,贵开路,8、依法应负全责的其他情形,负全部责任,不负责任,1,贵A65Y36,红,1,贵GT8325,黑,十一培,全林驾校,1993/12/13 0:00,2012/7/18 0:00,大众牌,雪佛兰牌,54543500000000000 ,366061000000000000 ,196712,198502,8,2,3,工作日,早高峰(7-9点),2015-03-11,2015年3月11日,阴 /小雨,8℃ / 4℃,东北风 ≤3级 /东北风 ≤3级,阴,小雨,8,4,东北风,≤3级,东北风,≤3级,day
2015-03-11 10:00:00,三桥,1、追尾的,负全部责任,不负责任,1,贵AC909A,银,1,贵A9692T,银,十一培,路路达驾校,1998/10/29 0:00,2012/12/17 0:00,五菱牌,大众汽车牌,364547000000000000 ,354867000000000000 ,196710,196404,10,2,3,工作日,非高峰,2015-03-11,2015年3月11日,阴 /小雨,8℃ / 4℃,东北风 ≤3级 /东北风 ≤3级,阴,小雨,8,4,东北风,≤3级,东北风,≤3级,day
2015-03-11 10:00:00,农科院,1、追尾的,负全部责任,不负责任,1,贵AWB723,白色,1,贵ARV544,灰色,十一培,-1,1995/1/16 0:00,-1,骐达牌,夏利牌,364548000000000000 ,366067000000000000 ,197706,198803,10,2,3,工作日,非高峰,2015-03-11,2015年3月11日,阴 /小雨,8℃ / 4℃,东北风 ≤3级 /东北风 ≤3级,阴,小雨,8,4,东北风,≤3级,东北风,≤3级,day
2015-03-11 15:30:00,中山东路,7、未按规定让行的 ,负全部责任,不负责任,1,贵AU7518,绿,1,贵A4BL76,白,十一培,-1,1994/8/17 0:00,-1,捷达牌,斯柯达牌,364548000000000000 ,364545000000 ,196606,292788,15,2,3,工作日,非高峰,2015-03-11,2015年3月11日,阴 /小雨,8℃ / 4℃,东北风 ≤3级 /东北风 ≤3级,阴,小雨,8,4,东北风,≤3级,东北风,≤3级,day
2015-03-11 17:00:00,金阳北路,7、未按规定让行的 ,负全部责任,不负责任,1,贵A0851B,白,1,贵AU3239,绿,十一培,贵州省铜南汽车驾驶培训有限公司,1994/12/20 0:00,2007/1/17 0:00,东风雪铁龙,豪爵牌,364548000000000000 ,355468000000000000 ,197205,197401,17,2,3,工作日,晚高峰(17-19点),2015-03-11,2015年3月11日,阴 /小雨,8℃ / 4℃,东北风 ≤3级 /东北风 ≤3级,阴,小雨,8,4,东北风,≤3级,东北风,≤3级,day
2015-03-12 09:00:00,中华中路,1、追尾的,负全部责任,不负责任,1,贵AH4419,黑,1,贵AM9072,黑,十一培,贵州现代驾驶培训责任有限公司,1998/9/29 0:00,2012/4/18 0:00,大众牌,金典牌,364548000000000000 ,364547000000000000 ,197509,199011,9,3,3,工作日,早高峰(7-9点),2015-03-12,2015年3月12日,多云 /多云,16℃ / 10℃,南风 ≤3级 /南风 ≤3级,多云,多云,16,10,南风,≤3级,南风,≤3级,day
2015-03-12 09:30:00,北京西路,9、不符合前8款规定或者双方同时具有上述情形的,负同等责任,负同等责任,1,贵AU6018,绿,1,贵A0BY53,银,十一培,景宏驾校,1996/3/25 0:00,2014/10/21 0:00,捷达牌,长安牌,36455751834755765X,355266000000000000 ,197503,199509,9,3,3,工作日,早高峰(7-9点),2015-03-12,2015年3月12日,多云 /多云,16℃ / 10℃,南风 ≤3级 /南风 ≤3级,多云,多云,16,10,南风,≤3级,南风,≤3级,day
2015-03-12 09:30:00,朝阳洞路,7、未按规定让行的 ,负全部责任,不负责任,1,贵AN0389,白色,1,贵A89K75,白色,十一培,文通驾校,1996/11/25 0:00,2012/7/19 0:00,宗申牌,福克斯牌,364548000000000000 ,366368000000000000 ,195312,198110,9,3,3,工作日,早高峰(7-9点),2015-03-12,2015年3月12日,多云 /多云,16℃ / 10℃,南风 ≤3级 /南风 ≤3级,多云,多云,16,10,南风,≤3级,南风,≤3级,day
2015-03-12 09:10:00,金阳客站,7、未按规定让行的 ,负全部责任,不负责任,1,贵AU5925,绿,1,贵A6481G,银,十一培,毕节市顺达驾校,1999/9/17 0:00,-1,捷达牌,五菱牌,354364000000000000 ,366067000000000000 ,197205,197004,9,3,3,工作日,早高峰(7-9点),2015-03-12,2015年3月12日,多云 /多云,16℃ / 10℃,南风 ≤3级 /南风 ≤3级,多云,多云,16,10,南风,≤3级,南风,≤3级,day
2015-03-12 09:50:00,西南环线,7、未按规定让行的 ,负全部责任,不负责任,1,贵AF1476,白色,1,贵AU6984,白色,十一培,自培,1990/7/20 0:00,2004/9/27 0:00,达路,跃进牌,364548000000000000 ,366566000000000000 ,196111,198212,9,3,3,工作日,早高峰(7-9点),2015-03-12,2015年3月12日,多云 /多云,16℃ / 10℃,南风 ≤3级 /南风 ≤3级,多云,多云,16,10,南风,≤3级,南风,≤3级,day
2015-03-10 13:00:00,威清路,7、未按规定让行的 ,负全部责任,不负责任,1,贵A6BY32,银,1,贵AU2283,绿,十一培,自培,1994/4/19 0:00,2006/11/20 0:00,斯柯达牌,望江牌,364548000000000000 ,366068000000000000 ,197202,198708,13,1,3,工作日,非高峰,2015-03-10,2015年3月10日,小雨 /小雨,8℃ / 4℃,东北风 ≤3级 /东北风 ≤3级,小雨,小雨,8,4,东北风,≤3级,东北风,≤3级,day
2015-03-10 16:34:00,共北路,7、未按规定让行的 ,负全部责任,不负责任,1,贵AB091G,银,1,贵A99B64,红,十一培,自培,1994/8/3 0:00,2002/2/4 0:00,别克牌,众泰牌,364558000000000000 ,364558000000000000 ,196803,198210,16,1,3,工作日,非高峰,2015-03-10,2015年3月10日,小雨 /小雨,8℃ / 4℃,东北风 ≤3级 /东北风 ≤3级,小雨,小雨,8,4,东北风,≤3级,东北风,≤3级,day
2015-03-10 18:01:00,花溪区,1、追尾的,负全部责任,不负责任,1,贵AHD164,银,1,贵A602G5,银,十一培,自培,1999/1/12 0:00,2004/5/10 0:00,雪佛兰牌,解放牌,364548000000000000 ,366064000000000000 ,196302,197205,18,1,3,工作日,晚高峰(17-19点),2015-03-10,2015年3月10日,小雨 /小雨,8℃ / 4℃,东北风 ≤3级 /东北风 ≤3级,小雨,小雨,8,4,东北风,≤3级,东北风,≤3级,day
2015-03-10 18:20:00,花溪大道,1、追尾的,负全部责任,不负责任,1,贵A211H5,白色,1,贵ALZ678,白色,十一培,自培,1999/10/28 0:00,2005/8/11 0:00,昌河牌,长城牌,736670000000000000 ,764166000000000000 ,196310,196703,18,1,3,工作日,晚高峰(17-19点),2015-03-10,2015年3月10日,小雨 /小雨,8℃ / 4℃,东北风 ≤3级 /东北风 ≤3级,小雨,小雨,8,4,东北风,≤3级,东北风,≤3级,day
2015-03-12 11:30:00,中华路,1、追尾的,负全部责任,不负责任,1,贵A17W86,银,1,贵A60A96,银,十一培,金大驾校,1995/9/3 0:00,2012/10/29 0:00,长城牌,大众汽车牌,36454751874645045X,366068000000000000 ,197302,198711,11,3,3,工作日,非高峰,2015-03-12,2015年3月12日,多云 /多云,16℃ / 10℃,南风 ≤3级 /南风 ≤3级,多云,多云,16,10,南风,≤3级,南风,≤3级,day
2015-03-12 11:00:00,彩虹桥,1、追尾的,负全部责任,不负责任,1,贵CCY421,银,1,贵AST446,银,十一培,消防驾校,1991/12/28 0:00,2010/12/16 0:00,长城牌,吉利牌,364557000000000000 ,364557000000000000 ,196407,196807,11,3,3,工作日,非高峰,2015-03-12,2015年3月12日,多云 /多云,16℃ / 10℃,南风 ≤3级 /南风 ≤3级,多云,多云,16,10,南风,≤3级,南风,≤3级,day
2015-03-12 10:05:00,省府路,1、追尾的,负全部责任,不负责任,1,贵A42846,蓝,1,贵AJA029,黑,十一培,金大驾校,1999/4/5 0:00,2006/5/29 0:00,解放,宝马,36454751944364695X,364547000000000000 ,198005,196303,10,3,3,工作日,非高峰,2015-03-12,2015年3月12日,多云 /多云,16℃ / 10℃,南风 ≤3级 /南风 ≤3级,多云,多云,16,10,南风,≤3级,南风,≤3级,day
2015-03-12 14:30:00,白云南路,9、不符合前8款规定或者双方同时具有上述情形的,负同等责任,负同等责任,1,贵JX7225,红,1,贵A8061A,蓝,十一培,消防驾校,1997/2/3 0:00,2011/10/26 0:00,川交牌,东风标致牌,364548000000000000 ,36456751995565397X,197605,198811,14,3,3,工作日,非高峰,2015-03-12,2015年3月12日,多云 /多云,16℃ / 10℃,南风 ≤3级 /南风 ≤3级,多云,多云,16,10,南风,≤3级,南风,≤3级,day
2015-03-12 16:30:00,贵开路,7、未按规定让行的 ,负全部责任,不负责任,1,贵AU3141,银,0,贵GX4742,银,十一培,预约考试窗口,1997/5/13 0:00,2007/7/5 0:00,三雅牌,北京牌,364557000000000000 ,364548000000000000 ,197504,198403,16,3,3,工作日,非高峰,2015-03-12,2015年3月12日,多云 /多云,16℃ / 10℃,南风 ≤3级 /南风 ≤3级,多云,多云,16,10,南风,≤3级,南风,≤3级,day
2015-03-12 19:10:00,花果园,1、追尾的,负全部责任,不负责任,1,贵A89798,白,1,贵CB2501,白,十一培,-1,1986/3/30 0:00,-1,昌河,五菱牌,364547000000000000 ,366575000000000000 ,196409,197601,19,3,3,工作日,晚高峰(17-19点),2015-03-12,2015年3月12日,多云 /多云,16℃ / 10℃,南风 ≤3级 /南风 ≤3级,多云,多云,16,10,南风,≤3级,南风,≤3级,day
2015-03-13 08:00:00,锐北路口,8、依法应负全责的其他情形,负全部责任,不负责任,1,贵A31X35,红,1,贵ASE996,黑,十一培,-1,1999/6/1 0:00,-1,解放牌,大众牌,364548000000000000 ,366066000000000000 ,198011,198806,8,4,3,工作日,早高峰(7-9点),2015-03-13,2015年3月13日,多云 /阵雨,17℃ / 12℃,南风 ≤3级 /南风 ≤3级,多云,阵雨,17,12,南风,≤3级,南风,≤3级,day
2015-03-13 08:20:00,西二环,1、追尾的,负全部责任,不负责任,1,贵AET476,白色,1,贵AEB323,白色,十一培,六盘水市宏安驾驶培训学校,1997/6/20 0:00,2005/4/19 0:00,大众汽车牌,比亚迪牌,364547000000000000 ,364548000000000000 ,197903,196910,8,4,3,工作日,早高峰(7-9点),2015-03-13,2015年3月13日,多云 /阵雨,17℃ / 12℃,南风 ≤3级 /南风 ≤3级,多云,阵雨,17,12,南风,≤3级,南风,≤3级,day
2015-03-13 08:30:00,沙冲路,1、追尾的,负全部责任,不负责任,1,贵AAT947,白色,1,贵A1E607,黑色,十一培,-1,1999/3/9 0:00,-1,长安牌,-1,776261000000000000 ,364548000000000000 ,196301,196810,8,4,3,工作日,早高峰(7-9点),2015-03-13,2015年3月13日,多云 /阵雨,17℃ / 12℃,南风 ≤3级 /南风 ≤3级,多云,阵雨,17,12,南风,≤3级,南风,≤3级,day
2015-03-13 07:15:00,八鸽岩路,5、开关车门的,负全部责任,不负责任,1,贵ASP956,黑,1,贵ATV516,黑,十一培,毕节地区驾校,1998/7/1 0:00,-1,大众汽车牌,长安牌,364547000000000000 ,366046000000000000 ,197308,198703,7,4,3,工作日,早高峰(7-9点),2015-03-13,2015年3月13日,多云 /阵雨,17℃ / 12℃,南风 ≤3级 /南风 ≤3级,多云,阵雨,17,12,南风,≤3级,南风,≤3级,day
2015-03-13 09:15:00,头桥,7、未按规定让行的 ,负全部责任,不负责任,1,贵A6688A,黑,1,贵AU4923,黑,十一培,消防驾校,1996/6/27 0:00,2011/4/1 0:00,福田牌,捷达牌,364556000000000000 ,364566000000000000 ,197501,198612,9,4,3,工作日,早高峰(7-9点),2015-03-13,2015年3月13日,多云 /阵雨,17℃ / 12℃,南风 ≤3级 /南风 ≤3级,多云,阵雨,17,12,南风,≤3级,南风,≤3级,day
2015-03-13 10:00:00,龙洞堡,7、未按规定让行的 ,负全部责任,不负责任,1,贵AU6621,白色,1,贵A8BB54,白色,十一培,520125,1992/7/30 0:00,2007/12/3 0:00,捷达牌,马自达牌,36454651214551645X,374557000000000000 ,196901,198807,10,4,3,工作日,非高峰,2015-03-13,2015年3月13日,多云 /阵雨,17℃ / 12℃,南风 ≤3级 /南风 ≤3级,多云,阵雨,17,12,南风,≤3级,南风,≤3级,day
2015-03-13 11:00:00,清镇,1、追尾的,负全部责任,不负责任,1,贵A2CB71,银,1,贵A142G6,银,十一培,贵阳万里圣驾校,1995/2/5 0:00,2014/9/26 0:00,纳智捷牌,豪沃牌,366364000000000000 ,364596000000000000 ,196501,198809,11,4,3,工作日,非高峰,2015-03-13,2015年3月13日,多云 /阵雨,17℃ / 12℃,南风 ≤3级 /南风 ≤3级,多云,阵雨,17,12,南风,≤3级,南风,≤3级,day
2015-03-13 09:18:00,世纪城,7、未按规定让行的 ,负全部责任,不负责任,1,贵A224H7,银,1,粤B656N2,银,十一培,-1,1996/10/15 0:00,-1,解放牌,-1,364548000000000000 ,366369000000000000 ,197103,197610,9,4,3,工作日,早高峰(7-9点),2015-03-13,2015年3月13日,多云 /阵雨,17℃ / 12℃,南风 ≤3级 /南风 ≤3级,多云,阵雨,17,12,南风,≤3级,南风,≤3级,day
2015-03-13 12:19:00,花二道,8、依法应负全责的其他情形,负全部责任,不负责任,1,贵A407D4,白,1,贵ARG573,白,十一培,-1,1998/5/15 0:00,-1,解放牌,长安牌,366861000000000000 ,776268000000000000 ,196903,195410,12,4,3,工作日,非高峰,2015-03-13,2015年3月13日,多云 /阵雨,17℃ / 12℃,南风 ≤3级 /南风 ≤3级,多云,阵雨,17,12,南风,≤3级,南风,≤3级,day
2015-03-13 14:58:00,万东桥,7、未按规定让行的 ,负全部责任,不负责任,1,贵AD9751,黑,1,贵A8BB47,黑,十一培,520130,1993/11/11 0:00,2009/2/20 0:00,隆鑫牌,丰田牌,364547000000000000 ,364547000000000000 ,196603,198712,14,4,3,工作日,非高峰,2015-03-13,2015年3月13日,多云 /阵雨,17℃ / 12℃,南风 ≤3级 /南风 ≤3级,多云,阵雨,17,12,南风,≤3级,南风,≤3级,day
2015-03-13 14:30:00,北京西路,7、未按规定让行的 ,负全部责任,不负责任,1,贵AJZ751,红,1,贵A78508,蓝,十一培,-1,1994/4/3 0:00,1977/2/22 0:00,南骏牌,金龙牌,364548000000000000 ,366566000000000000 ,196207,195702,14,4,3,工作日,非高峰,2015-03-13,2015年3月13日,多云 /阵雨,17℃ / 12℃,南风 ≤3级 /南风 ≤3级,多云,阵雨,17,12,南风,≤3级,南风,≤3级,day
2015-03-13 13:00:00,野鸭塘,7、未按规定让行的 ,负全部责任,不负责任,1,贵A37R51,银,1,贵A3582A,银,十一培,诚信驾驶培训学校,1998/10/30 0:00,2013/12/26 0:00,解放牌,瑞麒牌,364548000000000000 ,364566000000000000 ,195208,199112,13,4,3,工作日,非高峰,2015-03-13,2015年3月13日,多云 /阵雨,17℃ / 12℃,南风 ≤3级 /南风 ≤3级,多云,阵雨,17,12,南风,≤3级,南风,≤3级,day
2015-03-13 15:01:00,轮胎厂,7、未按规定让行的 ,负全部责任,不负责任,1,贵A97800,银,1,贵A8966M,银,十一培,-1,1997/1/22 0:00,-1,钱江牌,别克牌,366346000000000000 ,366868000000000000 ,197804,199004,15,4,3,工作日,非高峰,2015-03-13,2015年3月13日,多云 /阵雨,17℃ / 12℃,南风 ≤3级 /南风 ≤3级,多云,阵雨,17,12,南风,≤3级,南风,≤3级,day
2015-03-13 18:00:00,会展城,9、不符合前8款规定或者双方同时具有上述情形的,负同等责任,负同等责任,1,贵A15A82,银,0,贵ASJ849,黑,十一培,兴黔驾驶培训学校,1998/11/16 0:00,2006/5/15 0:00,奥迪牌,东风日产牌,364557000000000000 ,77476851384257511X,197602,195706,18,4,3,工作日,晚高峰(17-19点),2015-03-13,2015年3月13日,多云 /阵雨,17℃ / 12℃,南风 ≤3级 /南风 ≤3级,多云,阵雨,17,12,南风,≤3级,南风,≤3级,day
2015-03-13 17:40:00,新添寨,8、依法应负全责的其他情形,负全部责任,不负责任,0,贵AEY598,白,0,贵A5BK47,白,十一培,-1,1998/8/4 0:00,-1,东风标致牌,大众汽车牌,36454751295552046X,366546000000000000 ,196811,197710,17,4,3,工作日,晚高峰(17-19点),2015-03-13,2015年3月13日,多云 /阵雨,17℃ / 12℃,南风 ≤3级 /南风 ≤3级,多云,阵雨,17,12,南风,≤3级,南风,≤3级,day
2015-03-14 08:30:00,花溪平桥,7、未按规定让行的 ,负全部责任,不负责任,1,贵A28G63,白色,1,贵A0BL96,白色,十一培,自培,1996/1/15 0:00,2000/11/8 0:00,雪佛兰牌,大众牌,364548000000000000 ,364547000000000000 ,194905,197501,8,5,3,工作日,早高峰(7-9点),2015-03-14,2015年3月14日,阴 /阴,17℃ / 12℃,南风 ≤3级 /东南风 ≤3级,阴,阴,17,12,南风,≤3级,东南风,≤3级,day
2015-03-14 00:00:00,花溪,7、未按规定让行的 ,负全部责任,不负责任,1,贵A93775,白色,1,川ZZ8833,白色,十一培,自培,1998/9/6 0:00,2004/11/1 0:00,万达牌,保时捷,364556000000000000 ,355567000000000000 ,197804,197004,0,5,3,工作日,非高峰,2015-03-14,2015年3月14日,阴 /阴,17℃ / 12℃,南风 ≤3级 /东南风 ≤3级,阴,阴,17,12,南风,≤3级,东南风,≤3级,night
2015-03-13 22:50:00,中华中路,7、未按规定让行的 ,负全部责任,不负责任,1,贵A31B71,蓝,1,贵AU9272,黄,十一培,-1,1991/9/12 0:00,-1,比亚迪牌,瑞麒牌,36454751265568365X,364547000000000000 ,196211,197402,22,4,3,工作日,非高峰,2015-03-13,2015年3月13日,多云 /阵雨,17℃ / 12℃,南风 ≤3级 /南风 ≤3级,多云,阵雨,17,12,南风,≤3级,南风,≤3级,night
2015-03-13 10:10:00,涴沙桥,7、未按规定让行的 ,负全部责任,不负责任,1,贵AWA293,黑,1,贵JP4354,黑,十一培,自培,1985/4/25 0:00,2004/7/30 0:00,丰田牌,福特锐界,364547000000000000 ,366861000000000000 ,195605,197205,10,4,3,工作日,非高峰,2015-03-13,2015年3月13日,多云 /阵雨,17℃ / 12℃,南风 ≤3级 /南风 ≤3级,多云,阵雨,17,12,南风,≤3级,南风,≤3级,day
2015-03-13 09:15:00,北站,9、不符合前8款规定或者双方同时具有上述情形的,负同等责任,负同等责任,1,贵A0AB88,白,0,贵AW6665,白,十一培,自培,1995/1/29 0:00,2004/11/24 11:21,大众牌,钱江牌,364548000000000000 ,366861000000000000 ,195210,197609,9,4,3,工作日,早高峰(7-9点),2015-03-13,2015年3月13日,多云 /阵雨,17℃ / 12℃,南风 ≤3级 /南风 ≤3级,多云,阵雨,17,12,南风,≤3级,南风,≤3级,day
2015-03-13 17:10:00,甲秀南路,1、追尾的,负全部责任,不负责任,1,贵A66P92,银,1,贵FV9806,银,十一培,自培,1991/6/28 0:00,2007/2/26 0:00,长安牌,鑫源牌,366363000000000000 ,366347000000000000 ,196511,198207,17,4,3,工作日,晚高峰(17-19点),2015-03-13,2015年3月13日,多云 /阵雨,17℃ / 12℃,南风 ≤3级 /南风 ≤3级,多云,阵雨,17,12,南风,≤3级,南风,≤3级,day
2015-03-13 18:00:00,师大,7、未按规定让行的 ,负全部责任,不负责任,1,贵AU0440,白色,1,贵GV3438,黑色,十一培,贵州晨运驾驶培训学校,1995/3/5 0:00,2008/1/31 0:00,万达牌,梅赛德斯-奔驰牌,366368000000000000 ,364596000000000000 ,197406,198710,18,4,3,工作日,晚高峰(17-19点),2015-03-13,2015年3月13日,多云 /阵雨,17℃ / 12℃,南风 ≤3级 /南风 ≤3级,多云,阵雨,17,12,南风,≤3级,南风,≤3级,day