accidenttime,accidentaddr,driver1fault,driver1responsibility,driver2responsibility,sex1,platenumber1,carcolor1,sex2,platenumber2,carcolor2,jxmc1,jxmc2,cclzrq1,cclzrq2,clpp1,clpp2,driver1license,driver2license,brith1,brith2,hour,weekday,month,is_weekday,peak_hour,date,日期,天气状况,气温,风力风向,day_wea,night_wea,day_tep,night_tep,day_wind_direction,day_wind_speed,night_wind_direction,night_wind_speed,segment
2015-03-14 09:50:00,沙冲路口,7、未按规定让行的 ,负全部责任,不负责任,1,贵AU6158,白色,1,贵AS9526,白色,十一培,520117,1997/8/8 0:00,2007/11/19 0:00,建豪牌,豪爵牌,366876000000000000 ,364551000000000000 ,197304,197704,9,5,3,工作日,早高峰(7-9点),2015-03-14,2015年3月14日,阴 /阴,17℃ / 12℃,南风 ≤3级 /东南风 ≤3级,阴,阴,17,12,南风,≤3级,东南风,≤3级,day
2015-03-14 09:20:00,枣山路,1、追尾的,负全部责任,不负责任,1,贵A18B57,白色,1,川A6224T,白色,十一培,-1,1996/7/9 0:00,-1,长安牌,五菱牌,364556000000000000 ,354597000000000000 ,195105,198801,9,5,3,工作日,早高峰(7-9点),2015-03-14,2015年3月14日,阴 /阴,17℃ / 12℃,南风 ≤3级 /东南风 ≤3级,阴,阴,17,12,南风,≤3级,东南风,≤3级,day
2015-03-14 13:30:00,宝山北路,7、未按规定让行的 ,负全部责任,不负责任,1,贵AU8866,白色,1,贵AU0892,白色,十一培,-1,1991/5/24 0:00,-1,宝来牌,宝来牌,364548000000000000 ,366577000000000000 ,195809,198810,13,5,3,工作日,非高峰,2015-03-14,2015年3月14日,阴 /阴,17℃ / 12℃,南风 ≤3级 /东南风 ≤3级,阴,阴,17,12,南风,≤3级,东南风,≤3级,day
2015-03-14 13:14:00,小石城,7、未按规定让行的 ,负全部责任,不负责任,1,贵A89V76,黑,1,贵AHB145,黄,十一培,新华驾校,1988/8/28 0:00,2011/2/17 0:00,英菲尼迪,雪佛兰牌,364556000000000000 ,364548000000000000 ,196801,196302,13,5,3,工作日,非高峰,2015-03-14,2015年3月14日,阴 /阴,17℃ / 12℃,南风 ≤3级 /东南风 ≤3级,阴,阴,17,12,南风,≤3级,东南风,≤3级,day
2015-03-14 11:55:00,北二环,1、追尾的,负全部责任,不负责任,0,贵DW3667,黄,1,贵FP2106,黑,十一培,-1,1996/7/1 0:00,-1,大众牌,华泰圣达菲牌,366669000000000000 ,366066000000000000 ,197511,197204,11,5,3,工作日,非高峰,2015-03-14,2015年3月14日,阴 /阴,17℃ / 12℃,南风 ≤3级 /东南风 ≤3级,阴,阴,17,12,南风,≤3级,东南风,≤3级,day
2015-03-14 15:40:00,北京路,7、未按规定让行的 ,负全部责任,不负责任,1,贵AEX671,银,0,贵AU0745,蓝,十一培,自培,1994/1/10 0:00,2005/10/17 0:00,思域(CIVIC)牌,豪爵牌,364548000000000000 ,364548000000000000 ,196604,198706,15,5,3,工作日,非高峰,2015-03-14,2015年3月14日,阴 /阴,17℃ / 12℃,南风 ≤3级 /东南风 ≤3级,阴,阴,17,12,南风,≤3级,东南风,≤3级,day
2015-03-14 14:00:00,观水路,7、未按规定让行的 ,负全部责任,不负责任,1,贵AE0699,白色,1,贵ARB824,白色,十一培,阳光驾校,1986/3/24 0:00,2011/11/16 0:00,东力牌,东风雪铁龙牌,364547000000000000 ,364547000000000000 ,195303,197102,14,5,3,工作日,非高峰,2015-03-14,2015年3月14日,阴 /阴,17℃ / 12℃,南风 ≤3级 /东南风 ≤3级,阴,阴,17,12,南风,≤3级,东南风,≤3级,day
2015-03-14 15:44:00,花果园,3、倒车的,负全部责任,不负责任,1,贵A9BG56,白色,1,贵A0426F,红色,十一培,铁二局驾校,1997/9/3 0:00,2014/12/1 0:00,别克牌,骐达(TIIDA)牌,364547000000000000 ,356668000000000000 ,196309,197712,15,5,3,工作日,非高峰,2015-03-14,2015年3月14日,阴 /阴,17℃ / 12℃,南风 ≤3级 /东南风 ≤3级,阴,阴,17,12,南风,≤3级,东南风,≤3级,day
2015-03-14 15:30:00,花果园,7、未按规定让行的 ,负全部责任,不负责任,1,贵A72Y72,黑,1,贵FQ7803,银,十一培,520118,1996/8/5 0:00,2009/11/16 0:00,英伦牌,轰轰烈牌,364547000000000000 ,364548000000000000 ,195612,198110,15,5,3,工作日,非高峰,2015-03-14,2015年3月14日,阴 /阴,17℃ / 12℃,南风 ≤3级 /东南风 ≤3级,阴,阴,17,12,南风,≤3级,东南风,≤3级,day
2015-03-14 15:30:00,粑粑街,7、未按规定让行的 ,负全部责任,不负责任,1,贵ASN562,黑,1,贵CC3843,黄,十一培,-1,1998/6/2 0:00,-1,红旗牌,大众牌,364547000000000000 ,366567000000000000 ,196104,197802,15,5,3,工作日,非高峰,2015-03-14,2015年3月14日,阴 /阴,17℃ / 12℃,南风 ≤3级 /东南风 ≤3级,阴,阴,17,12,南风,≤3级,东南风,≤3级,day
2015-03-14 17:30:00,一中,7、未按规定让行的 ,负全部责任,不负责任,1,贵A39761,白,1,贵A68P34,银,十一培,黔丰驾校,1997/12/15 0:00,2014/6/17 0:00,金龙牌,东风雪铁龙牌,366046000000000000 ,366546000000000000 ,197003,198006,17,5,3,工作日,晚高峰(17-19点),2015-03-14,2015年3月14日,阴 /阴,17℃ / 12℃,南风 ≤3级 /东南风 ≤3级,阴,阴,17,12,南风,≤3级,东南风,≤3级,day
2015-03-15 10:15:00,小河,3、倒车的,负全部责任,不负责任,1,贵AAL669,红色,1,贵ASX811,白色,十一培,自培,1996/1/22 0:00,1988/12/18 0:00,贝纳利牌,雅科仕,355469000000000000 ,364547000000000000 ,196304,196906,10,6,3,周末,非高峰,2015-03-15,2015年3月15日,阴 /阴,18℃ / 13℃,东风 ≤3级 /南风 ≤3级,阴,阴,18,13,东风,≤3级,南风,≤3级,day
2015-03-15 11:00:00,沙冲中路,1、追尾的,负全部责任,不负责任,1,贵A4AC94,黑色,1,贵G29445,灰色,十一培,自培,1984/5/30 0:00,1990/1/7 0:00,丰田牌,夏利,74046500000000000 ,364556000000000000 ,195801,196507,11,6,3,周末,非高峰,2015-03-15,2015年3月15日,阴 /阴,18℃ / 13℃,东风 ≤3级 /南风 ≤3级,阴,阴,18,13,东风,≤3级,南风,≤3级,day
2015-03-15 13:13:00,喷水池,8、依法应负全责的其他情形,负全部责任,不负责任,1,贵GS5933,白,1,贵AU7387,蓝,十一培,消防驾校,1997/4/22 0:00,2004/12/1 0:00,别克牌,宝来牌,36454751864355205X,366347000000000000 ,197205,198307,13,6,3,周末,非高峰,2015-03-15,2015年3月15日,阴 /阴,18℃ / 13℃,东风 ≤3级 /南风 ≤3级,阴,阴,18,13,东风,≤3级,南风,≤3级,day
2015-03-13 18:30:00,东新路,9、不符合前8款规定或者双方同时具有上述情形的,负同等责任,负同等责任,1,贵A21L46,银,0,贵A8BA79,银,十一培,自培,1995/4/26 0:00,2004/8/4 0:00,福克斯牌,福克斯牌,364548000000000000 ,564543000000000000 ,196110,197603,18,4,3,工作日,晚高峰(17-19点),2015-03-13,2015年3月13日,多云 /阵雨,17℃ / 12℃,南风 ≤3级 /南风 ≤3级,多云,阵雨,17,12,南风,≤3级,南风,≤3级,day
2015-03-14 11:00:00,次南门,7、未按规定让行的 ,负全部责任,不负责任,1,贵AB7633,白色,1,贵A28S73,白色,十一培,自培,1999/12/3 0:00,2004/5/25 0:00,山城牌,夏朗,366367000000000000 ,36455651285669695X,196602,196712,11,5,3,工作日,非高峰,2015-03-14,2015年3月14日,阴 /阴,17℃ / 12℃,南风 ≤3级 /东南风 ≤3级,阴,阴,17,12,南风,≤3级,东南风,≤3级,day
2015-03-13 18:09:00,粑粑街,1、追尾的,负全部责任,不负责任,1,贵A92805,白,1,贵AK0843,白,十一培,自培,1989/12/10 0:00,2005/3/24 0:00,昌河,陆康牌,364547000000000000 ,364558000000000000 ,195802,197305,18,4,3,工作日,晚高峰(17-19点),2015-03-13,2015年3月13日,多云 /阵雨,17℃ / 12℃,南风 ≤3级 /南风 ≤3级,多云,阵雨,17,12,南风,≤3级,南风,≤3级,day
2015-03-14 10:00:00,金关,7、未按规定让行的 ,负全部责任,不负责任,1,贵AR3583,黑,1,贵AC179A,黑,十一培,自培,1998/2/9 0:00,2004/7/2 0:00,正好牌,捷豹,36634651824941775X,364596000000000000 ,197608,198507,10,5,3,工作日,非高峰,2015-03-14,2015年3月14日,阴 /阴,17℃ / 12℃,南风 ≤3级 /东南风 ≤3级,阴,阴,17,12,南风,≤3级,东南风,≤3级,day
2015-03-14 08:40:00,会展城,8、依法应负全责的其他情形,负全部责任,不负责任,1,贵EJ1847,白,1,贵AE3281,白,十一培,自培,1999/9/26 0:00,2000/5/9 0:00,福田牌,力帆牌,776366000000000000 ,364558000000000000 ,196105,196909,8,5,3,工作日,早高峰(7-9点),2015-03-14,2015年3月14日,阴 /阴,17℃ / 12℃,南风 ≤3级 /东南风 ≤3级,阴,阴,17,12,南风,≤3级,东南风,≤3级,day
2015-03-14 13:00:00,机场,7、未按规定让行的 ,负全部责任,不负责任,1,贵AP8143,白,1,贵AU1093,黑,十一培,自培,1997/11/25 0:00,2008/1/23 0:00,嘉爵牌,豪爵牌,554541000000000000 ,366367000000000000 ,196309,198001,13,5,3,工作日,非高峰,2015-03-14,2015年3月14日,阴 /阴,17℃ / 12℃,南风 ≤3级 /东南风 ≤3级,阴,阴,17,12,南风,≤3级,东南风,≤3级,day
2015-03-14 14:30:00,丽景阳天,7、未按规定让行的 ,负全部责任,不负责任,0,贵JAU519,黑,1,贵ANM549,黑,十一培,自培,1986/3/7 0:00,2000/3/3 0:00,哈飞牌,马自达牌,366367000000000000 ,364548000000000000 ,196202,195908,14,5,3,工作日,非高峰,2015-03-14,2015年3月14日,阴 /阴,17℃ / 12℃,南风 ≤3级 /东南风 ≤3级,阴,阴,17,12,南风,≤3级,东南风,≤3级,day
2015-03-16 08:10:00,金阳远大,7、未按规定让行的 ,负全部责任,不负责任,0,贵AU0668,蓝,1,贵AU7282,蓝,十一培,自培,1997/12/25 0:00,1999/12/8 0:00,万达牌,钱江牌,364548000000000000 ,364557000000000000 ,197108,197802,8,0,3,工作日,早高峰(7-9点),2015-03-16,2015年3月16日,阴 /多云,20℃ / 15℃,南风 ≤3级 /南风 ≤3级,阴,多云,20,15,南风,≤3级,南风,≤3级,day
2015-03-16 08:20:00,世纪城,7、未按规定让行的 ,负全部责任,不负责任,1,贵CHS746,绿,1,贵GP0251,黑,十一培,顺一驾驶培训学校,1986/1/24 0:00,2014/9/16 0:00,福特牌,指南者,364548000000000000 ,366566000000000000 ,196004,198601,8,0,3,工作日,早高峰(7-9点),2015-03-16,2015年3月16日,阴 /多云,20℃ / 15℃,南风 ≤3级 /南风 ≤3级,阴,多云,20,15,南风,≤3级,南风,≤3级,day
2015-03-16 08:50:00,涴沙桥,7、未按规定让行的 ,负全部责任,不负责任,1,贵A72911,银,1,贵A54P71,银,十一培,520123,1994/3/10 0:00,2009/4/16 0:00,万达牌,雷克萨斯,364547000000000000 ,74347500000000000 ,196709,196304,8,0,3,工作日,早高峰(7-9点),2015-03-16,2015年3月16日,阴 /多云,20℃ / 15℃,南风 ≤3级 /南风 ≤3级,阴,多云,20,15,南风,≤3级,南风,≤3级,day
2015-03-16 07:50:00,花溪大道,3、倒车的,负全部责任,不负责任,1,贵A24737,白色,1,贵AU7344,白色,十一培,-1,1991/7/22 0:00,-1,东风日产牌,金龙牌,364547000000000000 ,364547000000000000 ,197012,197803,7,0,3,工作日,早高峰(7-9点),2015-03-16,2015年3月16日,阴 /多云,20℃ / 15℃,南风 ≤3级 /南风 ≤3级,阴,多云,20,15,南风,≤3级,南风,≤3级,day
2015-03-16 05:00:00,花溪大道,7、未按规定让行的 ,负全部责任,不负责任,1,贵A80647,白色,1,贵JR7923,白色,十一培,景宏驾校,1990/5/23 0:00,2011/9/30 0:00,金龙牌,力之星牌,364548000000000000 ,366361000000000000 ,196309,198002,5,0,3,工作日,非高峰,2015-03-16,2015年3月16日,阴 /多云,20℃ / 15℃,南风 ≤3级 /南风 ≤3级,阴,多云,20,15,南风,≤3级,南风,≤3级,night
2015-03-16 09:19:00,水东路,1、追尾的,负全部责任,不负责任,1,贵AK6519,黑,1,贵AU7343,黑,十一培,自培,1994/4/4 0:00,2005/3/7 0:00,银翔牌,奇瑞牌,364547000000000000 ,366368000000000000 ,197010,197610,9,0,3,工作日,早高峰(7-9点),2015-03-16,2015年3月16日,阴 /多云,20℃ / 15℃,南风 ≤3级 /南风 ≤3级,阴,多云,20,15,南风,≤3级,南风,≤3级,day
2015-03-16 14:10:00,鬼黄路,1、追尾的,负全部责任,不负责任,1,贵A745D3,银,1,贵AB054N,白,十一培,未定义,1998/12/18 0:00,2014/1/17 0:00,解放牌,北京牌,354663000000000000 ,364596000000000000 ,196101,198607,14,0,3,工作日,非高峰,2015-03-16,2015年3月16日,阴 /多云,20℃ / 15℃,南风 ≤3级 /南风 ≤3级,阴,多云,20,15,南风,≤3级,南风,≤3级,day
2015-03-16 13:30:00,省二医,1、追尾的,负全部责任,不负责任,1,贵A928E4,白色,1,浙GY886G,白色,十一培,-1,1994/10/18 0:00,-1,长安牌,宝马牌,364547000000000000 ,774863000000000000 ,197702,198008,13,0,3,工作日,非高峰,2015-03-16,2015年3月16日,阴 /多云,20℃ / 15℃,南风 ≤3级 /南风 ≤3级,阴,多云,20,15,南风,≤3级,南风,≤3级,day
2015-03-16 15:30:00,观山湖加油站,3、倒车的,负全部责任,不负责任,1,贵AC2244,黑,1,贵A29L32,银,十一培,-1,1995/10/14 0:00,-1,嘉陵牌,五菱牌,364548000000000000 ,36606400000000000 ,196004,197505,15,0,3,工作日,非高峰,2015-03-16,2015年3月16日,阴 /多云,20℃ / 15℃,南风 ≤3级 /南风 ≤3级,阴,多云,20,15,南风,≤3级,南风,≤3级,day
2015-03-16 17:00:00,北字街,7、未按规定让行的 ,负全部责任,不负责任,1,贵A40845,黄,1,贵A61T68,银,十一培,自培,1998/11/25 0:00,2004/12/21 0:00,解放,-1,254763000000000000 ,366569000000000000 ,197203,197607,17,0,3,工作日,晚高峰(17-19点),2015-03-16,2015年3月16日,阴 /多云,20℃ / 15℃,南风 ≤3级 /南风 ≤3级,阴,多云,20,15,南风,≤3级,南风,≤3级,day
2015-03-16 17:00:00,新添大道,7、未按规定让行的 ,负全部责任,不负责任,1,贵ABW186,灰色,1,贵A86403,白色,十一培,天安驾校,1998/7/17 0:00,-1,华东牌,长安牌,364547000000000000 ,366346000000000000 ,197510,197907,17,0,3,工作日,晚高峰(17-19点),2015-03-16,2015年3月16日,阴 /多云,20℃ / 15℃,南风 ≤3级 /南风 ≤3级,阴,多云,20,15,南风,≤3级,南风,≤3级,day
2015-03-16 18:30:00,航天路,1、追尾的,负全部责任,不负责任,1,贵A649F1,白色,1,贵A23441,白色,十一培,-1,2000/1/1 0:00,-1,解放牌,宇通牌,76160500000000000 ,50454651304745643X,197909,195403,18,0,3,工作日,晚高峰(17-19点),2015-03-16,2015年3月16日,阴 /多云,20℃ / 15℃,南风 ≤3级 /南风 ≤3级,阴,多云,20,15,南风,≤3级,南风,≤3级,day
2015-03-16 21:00:00,都司路,7、未按规定让行的 ,负全部责任,不负责任,1,贵A83F83,白色,1,贵ARS615,白色,十一培,-1,1986/7/23 0:00,-1,东风日产牌,吉利美日牌,364547000000000000 ,364546000000000 ,195907,590606,21,0,3,工作日,非高峰,2015-03-16,2015年3月16日,阴 /多云,20℃ / 15℃,南风 ≤3级 /南风 ≤3级,阴,多云,20,15,南风,≤3级,南风,≤3级,night
2015-03-17 09:45:00,枣山路,7、未按规定让行的 ,负全部责任,不负责任,1,贵ATY711,白,1,贵AU2804,蓝,十一培,-1,1994/10/27 0:00,-1,朗逸牌,天马牌,366347000000000000 ,364544000000 ,197603,461151,9,1,3,工作日,早高峰(7-9点),2015-03-17,2015年3月17日,多云 /多云,25℃ / 14℃,南风 ≤3级 /南风 ≤3级,多云,多云,25,14,南风,≤3级,南风,≤3级,day
2015-03-15 13:20:00,实验小学,1、追尾的,负全部责任,不负责任,1,贵A81789,红,1,贵AVF214,白,十一培,自培,1992/11/1 0:00,2007/12/6 0:00,骊威牌,大切诺基,364548000000000000 ,364548000000000000 ,195510,198906,13,6,3,周末,非高峰,2015-03-15,2015年3月15日,阴 /阴,18℃ / 13℃,东风 ≤3级 /南风 ≤3级,阴,阴,18,13,东风,≤3级,南风,≤3级,day
2015-03-15 19:30:00,大营路,8、依法应负全责的其他情形,负全部责任,不负责任,1,贵A98537,黄,1,桂B6F651,蓝,十一培,自培,1993/12/30 0:00,2010/12/6 0:00,陕汽牌,三菱牌,4940520000000000 ,364558000000000000 ,197110,199005,19,6,3,周末,晚高峰(17-19点),2015-03-15,2015年3月15日,阴 /阴,18℃ / 13℃,东风 ≤3级 /南风 ≤3级,阴,阴,18,13,东风,≤3级,南风,≤3级,day
2015-03-15 20:30:00,黔林山路,7、未按规定让行的 ,负全部责任,不负责任,1,贵A941G3,黑,1,贵ANR355,红,十一培,自培,1995/6/13 0:00,2007/8/10 0:00,东方红牌,长安牌,366361000000000000 ,366876000000000000 ,196211,198207,20,6,3,周末,非高峰,2015-03-15,2015年3月15日,阴 /阴,18℃ / 13℃,东风 ≤3级 /南风 ≤3级,阴,阴,18,13,东风,≤3级,南风,≤3级,night
2015-03-15 18:30:00,观山东路,7、未按规定让行的 ,负全部责任,不负责任,1,贵AU8283,白色,1,贵A47L88,黑色,十一培,自培,1994/9/5 0:00,2001/4/3 0:00,宝来牌,传祺牌,364548000000000000 ,364547000000000000 ,195605,196302,18,6,3,周末,晚高峰(17-19点),2015-03-15,2015年3月15日,阴 /阴,18℃ / 13℃,东风 ≤3级 /南风 ≤3级,阴,阴,18,13,东风,≤3级,南风,≤3级,day
2015-03-16 08:00:00,黄河路,7、未按规定让行的 ,负全部责任,不负责任,1,贵A4720学,白色,1,贵AU0803,白色,十一培,自培,1983/1/27 0:00,2002/12/3 0:00,-1,宝来牌,364547000000000000 ,364551000000000000 ,195807,198012,8,0,3,工作日,早高峰(7-9点),2015-03-16,2015年3月16日,阴 /多云,20℃ / 15℃,南风 ≤3级 /南风 ≤3级,阴,多云,20,15,南风,≤3级,南风,≤3级,day
2015-03-16 07:30:00,次南门,8、依法应负全责的其他情形,负全部责任,不负责任,1,贵ARP723,黑,1,贵A85L13,白,十一培,自培,1994/9/5 0:00,2002/5/9 0:00,威志牌,福克斯牌,364547000000000000 ,364547000000000000 ,196208,198010,7,0,3,工作日,早高峰(7-9点),2015-03-16,2015年3月16日,阴 /多云,20℃ / 15℃,南风 ≤3级 /南风 ≤3级,阴,多云,20,15,南风,≤3级,南风,≤3级,day
2015-03-16 13:00:00,威清路,3、倒车的,负全部责任,不负责任,1,贵AC5043,黑,1,贵AF7613,黑,十一培,自培,1998/2/25 0:00,2005/12/22 0:00,隆鑫牌,宗申牌,36454651354374745X,364547000000000000 ,195105,197105,13,0,3,工作日,非高峰,2015-03-16,2015年3月16日,阴 /多云,20℃ / 15℃,南风 ≤3级 /南风 ≤3级,阴,多云,20,15,南风,≤3级,南风,≤3级,day
2015-03-17 10:00:00,黔灵山路,7、未按规定让行的 ,负全部责任,不负责任,1,贵AU7338,蓝,1,贵A7221X,白,十一培,时发,1995/5/14 0:00,2005/12/20 0:00,金龙牌,福特牌,366061000000000000 ,364568000000000000 ,197312,198501,10,1,3,工作日,非高峰,2015-03-17,2015年3月17日,多云 /多云,25℃ / 14℃,南风 ≤3级 /南风 ≤3级,多云,多云,25,14,南风,≤3级,南风,≤3级,day
2015-03-17 07:35:00,枣山路,8、依法应负全责的其他情形,负全部责任,不负责任,1,贵ACL915,黑,1,贵JDC293,红,十一培,-1,1999/11/30 0:00,-1,威志牌,大众汽车牌,366868000000000000 ,354896000000000000 ,197001,199003,7,1,3,工作日,早高峰(7-9点),2015-03-17,2015年3月17日,多云 /多云,25℃ / 14℃,南风 ≤3级 /南风 ≤3级,多云,多云,25,14,南风,≤3级,南风,≤3级,day
2015-03-17 10:30:00,西二环,7、未按规定让行的 ,负全部责任,不负责任,1,贵AA47H9,白,1,贵AA334R,银,十一培,自培,1999/9/28 0:00,2014/11/3 0:00,-1,英伦牌,36455651945668417X,366347000000000000 ,198012,197710,10,1,3,工作日,非高峰,2015-03-17,2015年3月17日,多云 /多云,25℃ / 14℃,南风 ≤3级 /南风 ≤3级,多云,多云,25,14,南风,≤3级,南风,≤3级,day
2015-03-17 12:00:00,东山,8、依法应负全责的其他情形,负全部责任,不负责任,1,贵AJT734,银,1,贵AU4038,黄,十一培,-1,1997/7/7 0:00,-1,吉奥牌,捷达牌,364548000000000000 ,366362000000000 ,196212,640421,12,1,3,工作日,非高峰,2015-03-17,2015年3月17日,多云 /多云,25℃ / 14℃,南风 ≤3级 /南风 ≤3级,多云,多云,25,14,南风,≤3级,南风,≤3级,day
2015-03-17 11:50:00,蔡冲路口,7、未按规定让行的 ,负全部责任,不负责任,1,贵A5BJ65,白色,1,贵A8601A,白色,十一培,-1,1998/8/5 0:00,-1,北斗星牌,五菱牌,364547000000000000 ,364544000000 ,196001,932193,11,1,3,工作日,非高峰,2015-03-17,2015年3月17日,多云 /多云,25℃ / 14℃,南风 ≤3级 /南风 ≤3级,多云,多云,25,14,南风,≤3级,南风,≤3级,day
2015-03-17 16:15:00,瑞金北路,7、未按规定让行的 ,负全部责任,不负责任,1,贵AP3691,银,1,贵AU7428,蓝,十一培,-1,1999/12/10 0:00,-1,思威牌,黄海牌,36454651224841306X,364547000000000 ,196607,600425,16,1,3,工作日,非高峰,2015-03-17,2015年3月17日,多云 /多云,25℃ / 14℃,南风 ≤3级 /南风 ≤3级,多云,多云,25,14,南风,≤3级,南风,≤3级,day
2015-03-17 16:10:00,花溪大道,7、未按规定让行的 ,负全部责任,不负责任,1,贵4114828,白色,1,贵A5B735C,白色,十一培,-1,1999/12/24 0:00,-1,-1,-1,366364000000000000 ,36634658935455625X,195704,178510,16,1,3,工作日,非高峰,2015-03-17,2015年3月17日,多云 /多云,25℃ / 14℃,南风 ≤3级 /南风 ≤3级,多云,多云,25,14,南风,≤3级,南风,≤3级,day
2015-03-17 18:30:00,贵惠路,7、未按规定让行的 ,负全部责任,不负责任,1,贵AEY154,银,1,贵AMH529,蓝,十一培,自培,1993/3/18 0:00,2001/9/4 0:00,锋范牌,吉利美日牌,364548000000000000 ,364548000000000000 ,195910,196803,18,1,3,工作日,晚高峰(17-19点),2015-03-17,2015年3月17日,多云 /多云,25℃ / 14℃,南风 ≤3级 /南风 ≤3级,多云,多云,25,14,南风,≤3级,南风,≤3级,day
2015-03-17 17:00:00,嘉润路,7、未按规定让行的 ,负全部责任,不负责任,1,贵AN2817,白色,1,贵AA547L,白色,十一培,自培,1995/11/8 0:00,2004/3/29 0:00,黄河牌,吉利美日牌,364548000000000000 ,364547000000000000 ,197008,198107,17,1,3,工作日,晚高峰(17-19点),2015-03-17,2015年3月17日,多云 /多云,25℃ / 14℃,南风 ≤3级 /南风 ≤3级,多云,多云,25,14,南风,≤3级,南风,≤3级,day
2015-03-17 20:17:00,东二环,7、未按规定让行的 ,负全部责任,不负责任,1,川F1J221,黑色,1,贵FP8630,白色,十一培,520107,1990/4/1 0:00,2009/4/10 0:00,别克牌,东风标致牌,364556000000000000 ,366063000000000000 ,196103,198906,20,1,3,工作日,非高峰,2015-03-17,2015年3月17日,多云 /多云,25℃ / 14℃,南风 ≤3级 /南风 ≤3级,多云,多云,25,14,南风,≤3级,南风,≤3级,night
2015-03-18 04:00:00,太慈桥,7、未按规定让行的 ,负全部责任,不负责任,1,贵AU9549,白色,1,贵A6BT68,黑色,十一培,-1,1996/10/31 0:00,-1,新动力牌,大众牌,56161500000000000 ,36447500000000000 ,197906,966111,4,2,3,工作日,非高峰,2015-03-18,2015年3月18日,多云 /多云,24℃ / 14℃,南风 ≤3级 /南风 ≤3级,多云,多云,24,14,南风,≤3级,南风,≤3级,night
2015-03-18 10:00:00,沃尔玛,3、倒车的,负全部责任,不负责任,0,渝BR9697,黄,1,渝BQ8524,红,十一培,-1,1993/5/30 0:00,-1,无,长城牌,54365500000000000 ,355463000000000000 ,196709,197303,10,2,3,工作日,非高峰,2015-03-18,2015年3月18日,多云 /多云,24℃ / 14℃,南风 ≤3级 /南风 ≤3级,多云,多云,24,14,南风,≤3级,南风,≤3级,day
2015-03-18 11:50:00,花果园,1、追尾的,负全部责任,不负责任,1,贵A22699,银,1,贵AVM534,白,十一培,贵阳学院汽车驾驶培训,1996/1/26 0:00,2010/11/4 0:00,红岩牌,起亚牌,364547000000000000 ,366670000000000000 ,196806,198302,11,2,3,工作日,非高峰,2015-03-18,2015年3月18日,多云 /多云,24℃ / 14℃,南风 ≤3级 /南风 ≤3级,多云,多云,24,14,南风,≤3级,南风,≤3级,day
2015-03-18 16:20:00,八鸽岩路,8、依法应负全责的其他情形,负全部责任,不负责任,1,贵AAB374,黑,1,贵A12K62,红,十一培,自培,1992/8/20 0:00,2013/2/28 0:00,大阳牌,丰田牌,364547000000000000 ,364548000000000000 ,196105,198609,16,2,3,工作日,非高峰,2015-03-18,2015年3月18日,多云 /多云,24℃ / 14℃,南风 ≤3级 /南风 ≤3级,多云,多云,24,14,南风,≤3级,南风,≤3级,day
2015-03-18 16:00:00,盐务街,5、开关车门的,负全部责任,不负责任,1,贵ASF622,红,1,贵AC2978,黑,十一培,（经开区）十一驾驶培训有限公司,1992/8/16 0:00,2006/3/29 0:00,江淮牌,隆鑫牌,364548000000000000 ,364548000000000000 ,195103,197204,16,2,3,工作日,非高峰,2015-03-18,2015年3月18日,多云 /多云,24℃ / 14℃,南风 ≤3级 /南风 ≤3级,多云,多云,24,14,南风,≤3级,南风,≤3级,day
2015-03-18 15:30:00,化工路,7、未按规定让行的 ,负全部责任,不负责任,1,贵AAX495,银,1,贵AK6258,白,十一培,-1,1989/12/10 0:00,-1,理念牌,双庆牌,364548000000000000 ,364547000000000000 ,196010,199308,15,2,3,工作日,非高峰,2015-03-18,2015年3月18日,多云 /多云,24℃ / 14℃,南风 ≤3级 /南风 ≤3级,多云,多云,24,14,南风,≤3级,南风,≤3级,day
2015-03-18 16:30:00,二戈寨,3、倒车的,负全部责任,不负责任,1,贵AJJ844,白色,1,贵A4EA66,白色,十一培,520127,1987/10/23 0:00,2010/3/11 0:00,比亚迪牌,吉利牌,364547000000000000 ,35747451865652095X,195506,197212,16,2,3,工作日,非高峰,2015-03-18,2015年3月18日,多云 /多云,24℃ / 14℃,南风 ≤3级 /南风 ≤3级,多云,多云,24,14,南风,≤3级,南风,≤3级,day
2015-03-18 17:00:00,花果园,3、倒车的,负全部责任,不负责任,1,贵AAB484,白色,1,贵CR6320,白色,十一培,-1,1995/4/23 0:00,-1,千里马牌,杰德牌,364547000000000000 ,36845500000000000 ,195912,198611,17,2,3,工作日,晚高峰(17-19点),2015-03-18,2015年3月18日,多云 /多云,24℃ / 14℃,南风 ≤3级 /南风 ≤3级,多云,多云,24,14,南风,≤3级,南风,≤3级,day