accidenttime,accidentaddr,driver1fault,driver1responsibility,driver2responsibility,sex1,platenumber1,carcolor1,sex2,platenumber2,carcolor2,jxmc1,jxmc2,cclzrq1,cclzrq2,clpp1,clpp2,driver1license,driver2license,brith1,brith2,hour,weekday,month,is_weekday,peak_hour,date,日期,天气状况,气温,风力风向,day_wea,night_wea,day_tep,night_tep,day_wind_direction,day_wind_speed,night_wind_direction,night_wind_speed,segment
2015-03-19 07:30:00,观山湖区,7、未按规定让行的 ,负全部责任,不负责任,1,贵A99431,红,1,贵A3613X,银,十一培,消防驾校,1996/12/2 0:00,2013/8/28 0:00,精功牌,吉利美日牌,364558000000000000 ,366364000000000000 ,196405,197307,7,3,3,工作日,早高峰(7-9点),2015-03-19,2015年3月19日,多云 /阵雨,26℃ / 12℃,南风 ≤3级 /东北风 ≤3级,多云,阵雨,26,12,南风,≤3级,东北风,≤3级,day
2015-03-18 19:00:00,花果园,8、依法应负全责的其他情形,负全部责任,不负责任,1,贵ANL422,黄,1,贵GP8828,白,十一培,市交校,1994/5/22 0:00,2015/2/17 0:00,雷克萨斯,比亚迪牌,364548000000000000 ,364547000000000000 ,197107,198803,19,2,3,工作日,晚高峰(17-19点),2015-03-18,2015年3月18日,多云 /多云,24℃ / 14℃,南风 ≤3级 /南风 ≤3级,多云,多云,24,14,南风,≤3级,南风,≤3级,day
2015-03-19 08:30:00,北京西路,1、追尾的,负全部责任,不负责任,1,贵AGD704,红,1,川XT4629,白,十一培,-1,1980/1/31 0:00,-1,中华牌,北京现代牌 ,364548000000000000 ,355268000000000000 ,195807,198602,8,3,3,工作日,早高峰(7-9点),2015-03-19,2015年3月19日,多云 /阵雨,26℃ / 12℃,南风 ≤3级 /东北风 ≤3级,多云,阵雨,26,12,南风,≤3级,东北风,≤3级,day
2015-03-19 07:40:00,北京西路,8、依法应负全责的其他情形,负全部责任,不负责任,1,贵A82F47,黑,1,贵AWY328,银,十一培,贵州晨运驾驶培训学校,1998/10/1 0:00,2007/11/23 0:00,东风日产牌,东风牌,366669000000000000 ,364557000000000000 ,197612,198108,7,3,3,工作日,早高峰(7-9点),2015-03-19,2015年3月19日,多云 /阵雨,26℃ / 12℃,南风 ≤3级 /东北风 ≤3级,多云,阵雨,26,12,南风,≤3级,东北风,≤3级,day
2015-03-19 09:30:00,解放桥头,7、未按规定让行的 ,负全部责任,不负责任,1,贵AE4152,白色,1,贵AUA044,白色,十一培,顺一驾驶培训学校,1994/11/23 0:00,2007/7/26 0:00,精通牌,丰田牌,364548000000000000 ,366570000000000000 ,195706,198802,9,3,3,工作日,早高峰(7-9点),2015-03-19,2015年3月19日,多云 /阵雨,26℃ / 12℃,南风 ≤3级 /东北风 ≤3级,多云,阵雨,26,12,南风,≤3级,东北风,≤3级,day
2015-03-17 10:49:00,远大,7、未按规定让行的 ,负全部责任,不负责任,1,贵AX2296,银,1,贵AJX101,白,十一培,自培,1998/7/20 0:00,2004/5/26 0:00,马自达牌,凌派牌,366061000000000000 ,366367000000000000 ,196106,197311,10,1,3,工作日,非高峰,2015-03-17,2015年3月17日,多云 /多云,25℃ / 14℃,南风 ≤3级 /南风 ≤3级,多云,多云,25,14,南风,≤3级,南风,≤3级,day
2015-03-17 13:00:00,金阳客站,1、追尾的,负全部责任,不负责任,1,贵AKG488,黑,1,贵AG4382,白,十一培,自培,1990/8/22 0:00,2003/7/30 0:00,丰田牌,菲亚特,366368000000000000 ,364547000000000000 ,196209,197801,13,1,3,工作日,非高峰,2015-03-17,2015年3月17日,多云 /多云,25℃ / 14℃,南风 ≤3级 /南风 ≤3级,多云,多云,25,14,南风,≤3级,南风,≤3级,day
2015-03-18 09:35:00,金麦社区,3、倒车的,负全部责任,不负责任,1,贵ALD999,黄,1,贵AMS125,白,十一培,自培,1995/7/31 0:00,2004/6/4 0:00,揽胜极光,夏利牌,364548000000000000 ,364557000000000000 ,197608,197001,9,2,3,工作日,早高峰(7-9点),2015-03-18,2015年3月18日,多云 /多云,24℃ / 14℃,南风 ≤3级 /南风 ≤3级,多云,多云,24,14,南风,≤3级,南风,≤3级,day
2015-03-19 12:30:00,世纪城,7、未按规定让行的 ,负全部责任,不负责任,0,贵AN5767,银,0,贵AZK336,红,十一培,省交校,1999/10/14 0:00,2012/6/1 0:00,喜力牌,哈弗牌,366367000000000000 ,364558000000000000 ,197411,198503,12,3,3,工作日,非高峰,2015-03-19,2015年3月19日,多云 /阵雨,26℃ / 12℃,南风 ≤3级 /东北风 ≤3级,多云,阵雨,26,12,南风,≤3级,东北风,≤3级,day
2015-03-19 14:30:00,观山湖,3、倒车的,负全部责任,不负责任,1,贵AA7781,黑,1,贵AR1188,黑,十一培,-1,1997/4/23 0:00,-1,捷达,思域牌,364558000000000000 ,364548000000000000 ,196302,199202,14,3,3,工作日,非高峰,2015-03-19,2015年3月19日,多云 /阵雨,26℃ / 12℃,南风 ≤3级 /东北风 ≤3级,多云,阵雨,26,12,南风,≤3级,东北风,≤3级,day
2015-03-19 13:30:00,金阳新区,7、未按规定让行的 ,负全部责任,不负责任,1,贵A18A96,黑,1,贵A56986,黑,十一培,时发,1994/12/6 0:00,2004/12/27 0:00,雪佛兰牌,起亚牌,364548000000000000 ,366276000000000000 ,197708,197409,13,3,3,工作日,非高峰,2015-03-19,2015年3月19日,多云 /阵雨,26℃ / 12℃,南风 ≤3级 /东北风 ≤3级,多云,阵雨,26,12,南风,≤3级,东北风,≤3级,day
2015-03-19 15:06:00,火车站,5、开关车门的,负全部责任,不负责任,1,贵AHK612,白色,1,贵A4790E,白色,十一培,长运驾校,1998/4/22 0:00,2012/10/31 0:00,朗逸牌,奇瑞牌,364547000000000000 ,364547000000000000 ,196105,196112,15,3,3,工作日,非高峰,2015-03-19,2015年3月19日,多云 /阵雨,26℃ / 12℃,南风 ≤3级 /东北风 ≤3级,多云,阵雨,26,12,南风,≤3级,东北风,≤3级,day
2015-03-19 17:00:00,新添大道,1、追尾的,负全部责任,不负责任,1,贵AL3898,银,0,贵A2AU58,黑,十一培,市交校,1998/5/29 0:00,2012/5/10 0:00,轻骑·铃木牌,长城牌,364548000000000000 ,364557000000000000 ,197710,196401,17,3,3,工作日,晚高峰(17-19点),2015-03-19,2015年3月19日,多云 /阵雨,26℃ / 12℃,南风 ≤3级 /东北风 ≤3级,多云,阵雨,26,12,南风,≤3级,东北风,≤3级,day
2015-03-19 17:20:00,白云区,5、开关车门的,负全部责任,不负责任,1,贵A23E53,银,1,贵AB721T,银,十一培,新华驾校,1993/9/12 0:00,2013/3/8 0:00,威志牌,北京现代牌,364558000000000000 ,364558000000000000 ,196905,199204,17,3,3,工作日,晚高峰(17-19点),2015-03-19,2015年3月19日,多云 /阵雨,26℃ / 12℃,南风 ≤3级 /东北风 ≤3级,多云,阵雨,26,12,南风,≤3级,东北风,≤3级,day
2015-03-19 18:20:00,金珠路,7、未按规定让行的 ,负全部责任,不负责任,0,贵A86X22,红,1,川RS6135,红,十一培,-1,1997/4/1 0:00,-1,别克牌,-1,364547000000000000 ,357246000000000000 ,197207,198110,18,3,3,工作日,晚高峰(17-19点),2015-03-19,2015年3月19日,多云 /阵雨,26℃ / 12℃,南风 ≤3级 /东北风 ≤3级,多云,阵雨,26,12,南风,≤3级,东北风,≤3级,day
2015-03-19 18:17:00,金清线,7、未按规定让行的 ,负全部责任,不负责任,1,贵A85928,白,1,贵GP5747,白,十一培,-1,1985/9/27 0:00,-1,豪爵,雪佛兰牌,366364000000000000 ,726364000000000000 ,196708,198811,18,3,3,工作日,晚高峰(17-19点),2015-03-19,2015年3月19日,多云 /阵雨,26℃ / 12℃,南风 ≤3级 /东北风 ≤3级,多云,阵雨,26,12,南风,≤3级,东北风,≤3级,day
2015-03-20 08:30:00,次南门,1、追尾的,负全部责任,不负责任,1,贵AU0402,绿,1,贵AFX691,白,十一培,520125,1999/6/15 0:00,2008/8/26 0:00,宝来牌,东风标致牌,366368000000000000 ,366375000000000000 ,197109,198007,8,4,3,工作日,早高峰(7-9点),2015-03-20,2015年3月20日,阴 /阵雨,14℃ / 10℃,东北风 ≤3级 /东北风 ≤3级,阴,阵雨,14,10,东北风,≤3级,东北风,≤3级,day
2015-03-19 20:13:00,红岩工业小区,5、开关车门的,负全部责任,不负责任,1,贵ARW763,白色,1,贵JK2429,白色,十一培,-1,1996/5/12 0:00,-1,解放牌,吉利牌,366067000000000000 ,366569000000000000 ,197001,198907,20,3,3,工作日,非高峰,2015-03-19,2015年3月19日,多云 /阵雨,26℃ / 12℃,南风 ≤3级 /东北风 ≤3级,多云,阵雨,26,12,南风,≤3级,东北风,≤3级,night
2015-03-20 08:40:00,安云路,1、追尾的,负全部责任,不负责任,1,贵AW9449,银,1,贵A67F73,银,十一培,鑫鑫驾校,1999/12/15 0:00,2011/10/11 0:00,爱立新牌,大众牌,364548000000000000 ,366564000000000000 ,196310,198208,8,4,3,工作日,早高峰(7-9点),2015-03-20,2015年3月20日,阴 /阵雨,14℃ / 10℃,东北风 ≤3级 /东北风 ≤3级,阴,阵雨,14,10,东北风,≤3级,东北风,≤3级,day
2015-03-20 11:00:00,兴筑西路,1、追尾的,负全部责任,不负责任,1,贵A89093,红,1,贵A8BH36,白,十一培,蓝天驾校,1999/3/4 0:00,2010/10/12 0:00,乘龙牌,福特牌,364557000000000000 ,366546000000000000 ,198003,197409,11,4,3,工作日,非高峰,2015-03-20,2015年3月20日,阴 /阵雨,14℃ / 10℃,东北风 ≤3级 /东北风 ≤3级,阴,阵雨,14,10,东北风,≤3级,东北风,≤3级,day
2015-03-20 08:35:00,二铺,1、追尾的,负全部责任,不负责任,1,贵GB3783,绿,1,贵CKN332,绿,十一培,-1,1996/9/16 0:00,-1,南骏牌,英伦牌,366363000000000 ,366564000000000000 ,771117,199211,8,4,3,工作日,早高峰(7-9点),2015-03-20,2015年3月20日,阴 /阵雨,14℃ / 10℃,东北风 ≤3级 /东北风 ≤3级,阴,阵雨,14,10,东北风,≤3级,东北风,≤3级,day
2015-03-20 10:30:00,百花山隧道,1、追尾的,负全部责任,不负责任,1,贵A42S81,黑,1,贵AEA633,黑,十一培,-1,1997/6/2 0:00,-1,奥迪牌,南骏牌,364548000000000000 ,366064000000000000 ,195312,196609,10,4,3,工作日,非高峰,2015-03-20,2015年3月20日,阴 /阵雨,14℃ / 10℃,东北风 ≤3级 /东北风 ≤3级,阴,阵雨,14,10,东北风,≤3级,东北风,≤3级,day
2015-03-20 12:00:00,喷水池,1、追尾的,负全部责任,不负责任,1,贵AU1812,白色,1,贵AJK207,白色,十一培,-1,1994/1/11 0:00,-1,国威牌,东风雪铁龙牌,364547000000000000 ,74565500000000000 ,197304,198812,12,4,3,工作日,非高峰,2015-03-20,2015年3月20日,阴 /阵雨,14℃ / 10℃,东北风 ≤3级 /东北风 ≤3级,阴,阵雨,14,10,东北风,≤3级,东北风,≤3级,day
2015-03-20 14:10:00,白云大道,7、未按规定让行的 ,负全部责任,不负责任,1,贵APV816,白,1,贵A22G42,黑,十一培,市警校驾校,1994/1/18 0:00,2011/12/6 0:00,江淮牌,起亚牌,366367000000000000 ,364547000000000000 ,196404,198904,14,4,3,工作日,非高峰,2015-03-20,2015年3月20日,阴 /阵雨,14℃ / 10℃,东北风 ≤3级 /东北风 ≤3级,阴,阵雨,14,10,东北风,≤3级,东北风,≤3级,day
2015-03-20 18:06:00,甲秀楼,8、依法应负全责的其他情形,负全部责任,不负责任,1,贵AHX606,蓝,1,贵AJEB41,银,十一培,新华驾校,1996/8/5 0:00,2014/10/8 0:00,一汽佳星牌,-1,364548000000000000 ,364547000000000000 ,197410,198907,18,4,3,工作日,晚高峰(17-19点),2015-03-20,2015年3月20日,阴 /阵雨,14℃ / 10℃,东北风 ≤3级 /东北风 ≤3级,阴,阵雨,14,10,东北风,≤3级,东北风,≤3级,day
2015-03-20 18:00:00,小石城,1、追尾的,负全部责任,不负责任,1,贵A34X68,黑,1,贵AVA346,白,十一培,大地驾校,1996/4/2 0:00,2005/1/24 0:00,飞度牌,宝马,366876000000000000 ,364548000000000000 ,197312,197505,18,4,3,工作日,晚高峰(17-19点),2015-03-20,2015年3月20日,阴 /阵雨,14℃ / 10℃,东北风 ≤3级 /东北风 ≤3级,阴,阵雨,14,10,东北风,≤3级,东北风,≤3级,day
2015-03-20 16:40:00,富源北路,7、未按规定让行的 ,负全部责任,不负责任,1,贵AB505A,红,1,贵ACM511,银,十一培,-1,1996/1/26 0:00,-1,五菱牌,福特牌,364547000000000000 ,36658500000000000 ,195405,969052,16,4,3,工作日,非高峰,2015-03-20,2015年3月20日,阴 /阵雨,14℃ / 10℃,东北风 ≤3级 /东北风 ≤3级,阴,阵雨,14,10,东北风,≤3级,东北风,≤3级,day
2015-03-19 09:02:00,西二环,1、追尾的,负全部责任,不负责任,1,贵AK6479,银,1,贵A3854R,白,十一培,自培,1996/8/31 0:00,2004/10/8 0:00,五菱牌,五菱牌,56146500000000000 ,366363000000000000 ,195705,195606,9,3,3,工作日,早高峰(7-9点),2015-03-19,2015年3月19日,多云 /阵雨,26℃ / 12℃,南风 ≤3级 /东北风 ≤3级,多云,阵雨,26,12,南风,≤3级,东北风,≤3级,day
2015-03-19 10:25:00,翠微巷,3、倒车的,负全部责任,不负责任,1,川LHH736,白,0,贵A9BJ26,黑,十一培,自培,1998/7/14 0:00,2003/12/23 0:00,辉腾,别克牌,355563000000000000 ,764556000000000000 ,197207,196712,10,3,3,工作日,非高峰,2015-03-19,2015年3月19日,多云 /阵雨,26℃ / 12℃,南风 ≤3级 /东北风 ≤3级,多云,阵雨,26,12,南风,≤3级,东北风,≤3级,day
2015-03-20 18:00:00,金马大道,3、倒车的,负全部责任,不负责任,1,贵AFN078,黑色,1,贵GD7471,白色,十一培,吉源驾校（南明区）,1998/3/23 0:00,2015/3/2 0:00,五菱牌,长城牌,364556000000000000 ,364556000000000000 ,197101,199203,18,4,3,工作日,晚高峰(17-19点),2015-03-20,2015年3月20日,阴 /阵雨,14℃ / 10℃,东北风 ≤3级 /东北风 ≤3级,阴,阵雨,14,10,东北风,≤3级,东北风,≤3级,day
2015-03-21 09:02:00,北京西路,8、依法应负全责的其他情形,负全部责任,不负责任,1,贵AU6938,绿,1,贵A5AE88,白,十一培,-1,1999/7/5 0:00,-1,捷达牌,梅赛德斯-奔驰牌,364547000000000000 ,366670000000000000 ,196312,198410,9,5,3,工作日,早高峰(7-9点),2015-03-21,2015年3月21日,阴 /阴,16℃ / 11℃,东北风 ≤3级 /东南风 ≤3级,阴,阴,16,11,东北风,≤3级,东南风,≤3级,day
2015-03-21 11:05:00,花溪,1、追尾的,负全部责任,不负责任,1,赣CP4513,白,1,贵ACJ586,黄,十一培,-1,1997/8/20 0:00,1977/6/12 0:00,荣威牌,梅赛德斯奔驰GLK300,704963000000000000 ,364547000000000000 ,197010,195704,11,5,3,工作日,非高峰,2015-03-21,2015年3月21日,阴 /阴,16℃ / 11℃,东北风 ≤3级 /东南风 ≤3级,阴,阴,16,11,东北风,≤3级,东南风,≤3级,day
2015-03-21 09:30:00,瑞金中路,1、追尾的,负全部责任,不负责任,1,贵AEG825,银,1,贵AU7585,银,十一培,-1,1993/10/27 0:00,-1,颐达牌,力帆牌,36634551014358525X,366061000000000000 ,194905,196712,9,5,3,工作日,早高峰(7-9点),2015-03-21,2015年3月21日,阴 /阴,16℃ / 11℃,东北风 ≤3级 /东南风 ≤3级,阴,阴,16,11,东北风,≤3级,东南风,≤3级,day
2015-03-21 12:10:00,蟠桃宫,7、未按规定让行的 ,负全部责任,不负责任,1,贵AKQ343,白,1,贵A19Z12,黑,十一培,铁二局驾校,1996/5/8 0:00,2011/10/24 0:00,科雷傲,丰田牌,364547000000000000 ,664296000000000000 ,197906,198111,12,5,3,工作日,非高峰,2015-03-21,2015年3月21日,阴 /阴,16℃ / 11℃,东北风 ≤3级 /东南风 ≤3级,阴,阴,16,11,东北风,≤3级,东南风,≤3级,day
2015-03-21 15:00:00,云潭路,7、未按规定让行的 ,负全部责任,不负责任,1,贵A6595L,黑,1,贵A6BK86,白,十一培,新天驾校,1990/12/18 0:00,2013/5/29 0:00,江南牌,东风雪铁龙牌,364557000000000000 ,364547000000000000 ,195901,199205,15,5,3,工作日,非高峰,2015-03-21,2015年3月21日,阴 /阴,16℃ / 11℃,东北风 ≤3级 /东南风 ≤3级,阴,阴,16,11,东北风,≤3级,东南风,≤3级,day
2015-03-21 15:00:00,花溪大道,7、未按规定让行的 ,负全部责任,不负责任,1,贵AAF483,白色,1,贵GV4850,白色,十一培,消防驾校,1996/9/25 0:00,2014/4/1 0:00,隆鑫牌,长安牌,364548000000000000 ,366346000000000000 ,196311,199212,15,5,3,工作日,非高峰,2015-03-21,2015年3月21日,阴 /阴,16℃ / 11℃,东北风 ≤3级 /东南风 ≤3级,阴,阴,16,11,东北风,≤3级,东南风,≤3级,day
2015-03-21 16:30:00,宝山北路,7、未按规定让行的 ,负全部责任,不负责任,1,贵AV8778,蓝,1,贵AU0667,黄,十一培,南京宁浦驾驶培训学校有限公司,1998/8/24 0:00,2006/9/1 0:00,思域牌,万达牌,364547000000000000 ,355468000000000000 ,196710,197404,16,5,3,工作日,非高峰,2015-03-21,2015年3月21日,阴 /阴,16℃ / 11℃,东北风 ≤3级 /东南风 ≤3级,阴,阴,16,11,东北风,≤3级,东南风,≤3级,day
2015-03-21 20:41:00,乌当,7、未按规定让行的 ,负全部责任,不负责任,1,贵A39X59,银,1,贵AB437V,银,十一培,蓝天驾校,1998/12/22 0:00,2012/10/30 0:00,大众汽车牌,长安牌,364558000000000000 ,36636251864950647X,197301,197208,20,5,3,工作日,非高峰,2015-03-21,2015年3月21日,阴 /阴,16℃ / 11℃,东北风 ≤3级 /东南风 ≤3级,阴,阴,16,11,东北风,≤3级,东南风,≤3级,night
2015-03-21 20:00:00,沙冲路,1、追尾的,负全部责任,不负责任,1,贵A49548,白色,1,贵AU1245,白色,十一培,铁二局驾校,1982/12/21 0:00,2011/12/1 0:00,东风,丰田牌,364547000000000000 ,366847000000000000 ,196105,199109,20,5,3,工作日,非高峰,2015-03-21,2015年3月21日,阴 /阴,16℃ / 11℃,东北风 ≤3级 /东南风 ≤3级,阴,阴,16,11,东北风,≤3级,东南风,≤3级,night
2015-03-21 16:00:00,涴沙桥,1、追尾的,负全部责任,不负责任,0,贵AU1251,黑,0,贵AWM897,黑,十一培,预约考试窗口,1997/10/21 0:00,2007/4/13 0:00,丰田牌,北京现代,366664000000000000 ,366361000000000000 ,196508,196411,16,5,3,工作日,非高峰,2015-03-21,2015年3月21日,阴 /阴,16℃ / 11℃,东北风 ≤3级 /东南风 ≤3级,阴,阴,16,11,东北风,≤3级,东南风,≤3级,day
2015-03-22 05:30:00,大水沟,8、依法应负全责的其他情形,负全部责任,不负责任,1,贵A24184,白色,1,贵A62S95,白色,十一培,-1,1995/4/7 0:00,-1,解放牌,雪佛兰牌,236167000000000000 ,366362000000000000 ,197101,197601,5,6,3,周末,非高峰,2015-03-22,2015年3月22日,阵雨 /阵雨,19℃ / 10℃,东南风 ≤3级 /东风 ≤3级,阵雨,阵雨,19,10,东南风,≤3级,东风,≤3级,night
2015-03-22 11:10:00,北京西路,7、未按规定让行的 ,负全部责任,不负责任,1,贵ATW594,银,1,贵A95527,黄,十一培,消防驾校,1999/11/8 0:00,2003/6/25 0:00,东南牌,陕汽牌,364558000000000000 ,364548000000000000 ,196512,198504,11,6,3,周末,非高峰,2015-03-22,2015年3月22日,阵雨 /阵雨,19℃ / 10℃,东南风 ≤3级 /东风 ≤3级,阵雨,阵雨,19,10,东南风,≤3级,东风,≤3级,day
2015-03-22 10:00:00,八匹马,1、追尾的,负全部责任,不负责任,1,贵A2924S,白,1,贵ABB2487,红,十一培,预约考试窗口,1999/12/14 0:00,2006/6/22 0:00,力帆牌,-1,366768000000000000 ,366664000000000000 ,198012,196211,10,6,3,周末,非高峰,2015-03-22,2015年3月22日,阵雨 /阵雨,19℃ / 10℃,东南风 ≤3级 /东风 ≤3级,阵雨,阵雨,19,10,东南风,≤3级,东风,≤3级,day
2015-03-22 11:10:00,白云区,2、逆行的,负全部责任,不负责任,1,贵AFM657,银,1,贵A23X76,黑,十一培,贵州平安驾驶培训学校,1988/6/27 0:00,2011/1/4 0:00,瑞麒牌,五菱牌,364558000000000000 ,36456751144249443X,196003,199006,11,6,3,周末,非高峰,2015-03-22,2015年3月22日,阵雨 /阵雨,19℃ / 10℃,东南风 ≤3级 /东风 ≤3级,阵雨,阵雨,19,10,东南风,≤3级,东风,≤3级,day
2015-03-22 11:10:00,东站桥下,7、未按规定让行的 ,负全部责任,不负责任,1,贵A4AE52,白色,1,贵A1G527,白色,十一培,-1,1991/9/14 0:00,-1,飞度牌,五菱牌,364547000000000000 ,34761500000000000 ,196003,198407,11,6,3,周末,非高峰,2015-03-22,2015年3月22日,阵雨 /阵雨,19℃ / 10℃,东南风 ≤3级 /东风 ≤3级,阵雨,阵雨,19,10,东南风,≤3级,东风,≤3级,day
2015-03-22 13:30:00,紫林庵,7、未按规定让行的 ,负全部责任,不负责任,1,贵ARE499,黑,1,贵AU6323,绿,十一培,520120,1989/7/2 0:00,2010/5/24 0:00,雪佛兰牌,钱江牌,364548000000000000 ,364547000000000000 ,196709,199105,13,6,3,周末,非高峰,2015-03-22,2015年3月22日,阵雨 /阵雨,19℃ / 10℃,东南风 ≤3级 /东风 ≤3级,阵雨,阵雨,19,10,东南风,≤3级,东风,≤3级,day
2015-03-22 14:05:00,解放路,3、倒车的,负全部责任,不负责任,1,贵AHM645,白色,1,贵AKU357,白色,十一培,消防,1994/1/24 0:00,2005/9/23 0:00,丰田牌,马自达牌,364547000000000000 ,364547000000000000 ,196610,198405,14,6,3,周末,非高峰,2015-03-22,2015年3月22日,阵雨 /阵雨,19℃ / 10℃,东南风 ≤3级 /东风 ≤3级,阵雨,阵雨,19,10,东南风,≤3级,东风,≤3级,day
2015-03-22 15:50:00,花溪明珠大道,7、未按规定让行的 ,负全部责任,不负责任,1,贵A80064,白色,1,贵AKV239,白色,十一培,-1,1999/11/16 0:00,-1,思域牌,奥迪牌,366367000000000000 ,366363000000000000 ,197405,196804,15,6,3,周末,非高峰,2015-03-22,2015年3月22日,阵雨 /阵雨,19℃ / 10℃,东南风 ≤3级 /东风 ≤3级,阵雨,阵雨,19,10,东南风,≤3级,东风,≤3级,day
2015-03-22 19:35:00,龙泉巷,7、未按规定让行的 ,负全部责任,不负责任,1,贵AJU891,黑,1,贵A15Y65,黑,十一培,-1,1997/7/25 0:00,-1,五十铃牌,大众牌,366364000000000000 ,36656100000000000 ,197102,197702,19,6,3,周末,晚高峰(17-19点),2015-03-22,2015年3月22日,阵雨 /阵雨,19℃ / 10℃,东南风 ≤3级 /东风 ≤3级,阵雨,阵雨,19,10,东南风,≤3级,东风,≤3级,day
2015-03-21 14:00:00,大营坡,7、未按规定让行的 ,负全部责任,不负责任,1,贵Ax8086,白,1,贵A97F16,银,十一培,自培,1991/11/25 0:00,2004/9/15 0:00,-1,明锐牌,364547000000000000 ,36454651874566647X,195905,197301,14,5,3,工作日,非高峰,2015-03-21,2015年3月21日,阴 /阴,16℃ / 11℃,东北风 ≤3级 /东南风 ≤3级,阴,阴,16,11,东北风,≤3级,东南风,≤3级,day
2015-03-21 13:00:00,会展城,8、依法应负全责的其他情形,负全部责任,不负责任,1,贵APW937,白,1,贵AK5449,白,十一培,自培,1995/12/8 0:00,2005/12/30 0:00,吉利美日牌,轰轰烈牌,364547000000000000 ,36454751844560402X,197801,197001,13,5,3,工作日,非高峰,2015-03-21,2015年3月21日,阴 /阴,16℃ / 11℃,东北风 ≤3级 /东南风 ≤3级,阴,阴,16,11,东北风,≤3级,东南风,≤3级,day
2015-03-21 14:10:00,花溪大道,1、追尾的,负全部责任,不负责任,0,贵A96M72,红,0,贵AL1281,绿,十一培,自培,1990/4/10 0:00,2004/9/29 0:00,雪佛兰牌,迅龙牌,364548000000000000 ,364548000000000000 ,196505,195508,14,5,3,工作日,非高峰,2015-03-21,2015年3月21日,阴 /阴,16℃ / 11℃,东北风 ≤3级 /东南风 ≤3级,阴,阴,16,11,东北风,≤3级,东南风,≤3级,day
2015-03-22 21:45:00,西浦路,1、追尾的,负全部责任,不负责任,1,贵AK4369,白色,1,贵AU1167,白色,十一培,-1,1991/3/9 0:00,-1,宗申牌,丰田牌,364547000000000000 ,366045000000000000 ,197009,697411,21,6,3,周末,非高峰,2015-03-22,2015年3月22日,阵雨 /阵雨,19℃ / 10℃,东南风 ≤3级 /东风 ≤3级,阵雨,阵雨,19,10,东南风,≤3级,东风,≤3级,night
2015-03-22 18:40:00,下坝,8、依法应负全责的其他情形,负全部责任,不负责任,1,贵J31466,蓝,1,辉A0829B,黑,十一培,-1,1995/12/6 0:00,-1,长安牌,\N,36686351834256735X,36606651104750305X,197506,199403,18,6,3,周末,晚高峰(17-19点),2015-03-22,2015年3月22日,阵雨 /阵雨,19℃ / 10℃,东南风 ≤3级 /东风 ≤3级,阵雨,阵雨,19,10,东南风,≤3级,东风,≤3级,day
2015-03-22 18:05:00,油榨街,8、依法应负全责的其他情形,负全部责任,不负责任,1,贵A49B45,银,1,贵JQ4554,白,十一培,警官驾校,1998/7/7 0:00,2005/8/17 0:00,奥迪牌,起亚牌,366364000000000000 ,364547000000000000 ,197209,198503,18,6,3,周末,晚高峰(17-19点),2015-03-22,2015年3月22日,阵雨 /阵雨,19℃ / 10℃,东南风 ≤3级 /东风 ≤3级,阵雨,阵雨,19,10,东南风,≤3级,东风,≤3级,day
2015-03-22 21:00:00,小河四小门口,7、未按规定让行的 ,负全部责任,不负责任,1,贵A43H53,白色,1,贵AG8362,白色,十一培,-1,1996/11/15 0:00,-1,长城牌,望江牌,364551000000000000 ,364548000000000 ,197802,770526,21,6,3,周末,非高峰,2015-03-22,2015年3月22日,阵雨 /阵雨,19℃ / 10℃,东南风 ≤3级 /东风 ≤3级,阵雨,阵雨,19,10,东南风,≤3级,东风,≤3级,night
2015-03-23 09:50:00,沙坡,7、未按规定让行的 ,负全部责任,不负责任,1,贵AGM182,银,1,贵ASX925,红,十一培,文通驾校,1995/10/15 0:00,2012/2/20 0:00,起亚牌,雪佛兰牌,364558000000000000 ,364558000000000000 ,196505,198606,9,0,3,工作日,早高峰(7-9点),2015-03-23,2015年3月23日,多云 /阴,17℃ / 9℃,东北风 ≤3级 /东北风 ≤3级,多云,阴,17,9,东北风,≤3级,东北风,≤3级,day
2015-03-23 00:00:00,花溪大道,1、追尾的,负全部责任,不负责任,1,贵J62242,白色,1,贵GM4137,白色,十一培,-1,1995/3/20 0:00,-1,江淮牌,华泰宝利格牌,366876000000000000 ,72656851944663325X,196807,198002,0,0,3,工作日,非高峰,2015-03-23,2015年3月23日,多云 /阴,17℃ / 9℃,东北风 ≤3级 /东北风 ≤3级,多云,阴,17,9,东北风,≤3级,东北风,≤3级,night
2015-03-23 11:10:00,白云区,7、未按规定让行的 ,负全部责任,不负责任,1,贵A7BE16,黑,0,贵ASB161,银,十一培,时发驾校,1989/3/17 0:00,2012/12/5 0:00,福特牌,红旗牌,364548000000000000 ,364548000000000000 ,196801,199207,11,0,3,工作日,非高峰,2015-03-23,2015年3月23日,多云 /阴,17℃ / 9℃,东北风 ≤3级 /东北风 ≤3级,多云,阴,17,9,东北风,≤3级,东北风,≤3级,day