accidenttime,accidentaddr,driver1fault,driver1responsibility,driver2responsibility,sex1,platenumber1,carcolor1,sex2,platenumber2,carcolor2,jxmc1,jxmc2,cclzrq1,cclzrq2,clpp1,clpp2,driver1license,driver2license,brith1,brith2,hour,weekday,month,is_weekday,peak_hour,date,日期,天气状况,气温,风力风向,day_wea,night_wea,day_tep,night_tep,day_wind_direction,day_wind_speed,night_wind_direction,night_wind_speed,segment
2015-03-23 11:00:00,涴沙桥,1、追尾的,负全部责任,不负责任,1,贵A9354W,白,1,贵CWA462,红,十一培,鑫鑫驾校,1995/10/17 0:00,2011/6/14 0:00,东风标致牌,奇瑞牌,366367000000000000 ,36657451214245215X,196805,196906,11,0,3,工作日,非高峰,2015-03-23,2015年3月23日,多云 /阴,17℃ / 9℃,东北风 ≤3级 /东北风 ≤3级,多云,阴,17,9,东北风,≤3级,东北风,≤3级,day
2015-03-23 11:42:00,甘荫塘,7、未按规定让行的 ,负全部责任,不负责任,1,贵AU7035,白色,1,贵ASK119,白色,十一培,-1,1998/4/13 0:00,-1,奇瑞牌,丰田牌,36454651884156795X,366067000000000000 ,197709,197604,11,0,3,工作日,非高峰,2015-03-23,2015年3月23日,多云 /阴,17℃ / 9℃,东北风 ≤3级 /东北风 ≤3级,多云,阴,17,9,东北风,≤3级,东北风,≤3级,day
2015-03-23 16:30:00,长岭南路,7、未按规定让行的 ,负全部责任,不负责任,1,贵A30452,红,1,贵AGE651,蓝,十一培,520109,1998/11/5 0:00,2010/3/15 0:00,庆铃,长安牌,364558000000000000 ,364548000000000000 ,198002,199007,16,0,3,工作日,非高峰,2015-03-23,2015年3月23日,多云 /阴,17℃ / 9℃,东北风 ≤3级 /东北风 ≤3级,多云,阴,17,9,东北风,≤3级,东北风,≤3级,day
2015-03-23 17:00:00,粑粑街,7、未按规定让行的 ,负全部责任,不负责任,1,贵AMN358,银,1,贵A76701,蓝,十一培,自培,1998/7/15 0:00,1989/4/20 0:00,谛艾仕,东风牌,36455751815547647X,364547000000000000 ,197911,196311,17,0,3,工作日,晚高峰(17-19点),2015-03-23,2015年3月23日,多云 /阴,17℃ / 9℃,东北风 ≤3级 /东北风 ≤3级,多云,阴,17,9,东北风,≤3级,东北风,≤3级,day
2015-03-23 19:30:00,油榨街,1、追尾的,负全部责任,不负责任,1,贵AD7739,绿,0,贵A62C74,银,十一培,-1,1994/5/11 0:00,-1,新凯,大众汽车牌,364547000000000000 ,364547000000000000 ,197310,196310,19,0,3,工作日,晚高峰(17-19点),2015-03-23,2015年3月23日,多云 /阴,17℃ / 9℃,东北风 ≤3级 /东北风 ≤3级,多云,阴,17,9,东北风,≤3级,东北风,≤3级,day
2015-03-23 17:10:00,新路口,7、未按规定让行的 ,负全部责任,不负责任,1,贵AU7003,白色,1,贵AU6323,白色,十一培,520120,1994/7/3 0:00,2010/5/24 0:00,奇瑞牌,捷达牌,364556000000000000 ,364547000000000000 ,196710,199105,17,0,3,工作日,晚高峰(17-19点),2015-03-23,2015年3月23日,多云 /阴,17℃ / 9℃,东北风 ≤3级 /东北风 ≤3级,多云,阴,17,9,东北风,≤3级,东北风,≤3级,day
2015-03-23 17:45:00,白云区,7、未按规定让行的 ,负全部责任,不负责任,1,贵A55J61,黄,1,贵A5847A,白,十一培,路路达驾校,1990/12/24 0:00,2014/8/1 0:00,宝骏牌,大众汽车牌,364558000000000000 ,366067000000000000 ,194903,197710,17,0,3,工作日,晚高峰(17-19点),2015-03-23,2015年3月23日,多云 /阴,17℃ / 9℃,东北风 ≤3级 /东北风 ≤3级,多云,阴,17,9,东北风,≤3级,东北风,≤3级,day
2015-03-24 08:20:00,大营坡,8、依法应负全责的其他情形,负全部责任,不负责任,1,贵AK3724,红,1,贵AU6702,绿,十一培,全林驾校,1999/4/7 0:00,2011/3/9 0:00,福田五星牌,蜀都牌,364547000000000000 ,364557000000000000 ,195203,198809,8,1,3,工作日,早高峰(7-9点),2015-03-24,2015年3月24日,小雨 /阵雨,13℃ / 7℃,东北风 ≤3级 /东北风 ≤3级,小雨,阵雨,13,7,东北风,≤3级,东北风,≤3级,day
2015-03-24 08:20:00,二戈寨,7、未按规定让行的 ,负全部责任,不负责任,1,川CU9664,白色,1,贵A53E69,白色,十一培,时发驾校,1999/1/7 0:00,2013/10/11 0:00,五菱牌,东风日产牌,354766000000000000 ,366664000000000000 ,197602,198204,8,1,3,工作日,早高峰(7-9点),2015-03-24,2015年3月24日,小雨 /阵雨,13℃ / 7℃,东北风 ≤3级 /东北风 ≤3级,小雨,阵雨,13,7,东北风,≤3级,东北风,≤3级,day
2015-03-24 09:19:00,白云区,8、依法应负全责的其他情形,负全部责任,不负责任,1,贵A9178,黄,1,贵A66W33,白,十一培,自培,1997/4/8 0:00,2006/4/4 0:00,-1,朗风牌,36455551875450595X,364558000000000000 ,197310,198310,9,1,3,工作日,早高峰(7-9点),2015-03-24,2015年3月24日,小雨 /阵雨,13℃ / 7℃,东北风 ≤3级 /东北风 ≤3级,小雨,阵雨,13,7,东北风,≤3级,东北风,≤3级,day
2015-03-24 13:30:00,宝山南路,7、未按规定让行的 ,负全部责任,不负责任,1,贵ATU532,白色,1,贵A74H21,白色,十一培,-1,1997/1/10 0:00,-1,长安,丰田牌,366877000000000000 ,765467000000000000 ,196401,196609,13,1,3,工作日,非高峰,2015-03-24,2015年3月24日,小雨 /阵雨,13℃ / 7℃,东北风 ≤3级 /东北风 ≤3级,小雨,阵雨,13,7,东北风,≤3级,东北风,≤3级,day
2015-03-22 21:30:00,瑞金北路,1、追尾的,负全部责任,不负责任,1,贵ASK737,红,0,贵A4AT42,蓝,十一培,自培,1990/10/7 0:00,2006/6/7 0:00,保时捷凯宴,雪佛兰牌,364548000000000000 ,364548000000000000 ,196504,196110,21,6,3,周末,非高峰,2015-03-22,2015年3月22日,阵雨 /阵雨,19℃ / 10℃,东南风 ≤3级 /东风 ≤3级,阵雨,阵雨,19,10,东南风,≤3级,东风,≤3级,night
2015-03-23 08:30:00,奥兴路,8、依法应负全责的其他情形,负全部责任,不负责任,1,贵A16499,黑,1,贵AAC390,黑,十一培,自培,1993/7/20 0:00,2008/7/10 0:00,豪爵牌,长安牌,364548000000000000 ,364557000000000000 ,196405,197510,8,0,3,工作日,早高峰(7-9点),2015-03-23,2015年3月23日,多云 /阴,17℃ / 9℃,东北风 ≤3级 /东北风 ≤3级,多云,阴,17,9,东北风,≤3级,东北风,≤3级,day
2015-03-23 08:45:00,小关,7、未按规定让行的 ,负全部责任,不负责任,1,贵AB775V,蓝,0,贵A36F29,黑,十一培,自培,1999/3/17 0:00,2006/3/23 0:00,哈飞牌,东风雪铁龙牌,364548000000000000 ,366546000000000000 ,197602,198010,8,0,3,工作日,早高峰(7-9点),2015-03-23,2015年3月23日,多云 /阴,17℃ / 9℃,东北风 ≤3级 /东北风 ≤3级,多云,阴,17,9,东北风,≤3级,东北风,≤3级,day
2015-03-23 08:30:00,龙泉巷,8、依法应负全责的其他情形,负全部责任,不负责任,1,贵EX6411,白,1,贵A94H49,黑,十一培,自培,1995/12/27 0:00,2001/5/14 0:00,东风标致牌,凯迪拉克,366767000000000000 ,366577000000000000 ,197808,196212,8,0,3,工作日,早高峰(7-9点),2015-03-23,2015年3月23日,多云 /阴,17℃ / 9℃,东北风 ≤3级 /东北风 ≤3级,多云,阴,17,9,东北风,≤3级,东北风,≤3级,day
2015-03-23 11:10:00,花溪公园,1、追尾的,负全部责任,不负责任,1,贵A2351N,白色,1,贵A28N41,白色,十一培,自培,1997/11/8 0:00,2001/4/19 0:00,五菱牌,一汽佳星牌,364556000000000000 ,366570000000000000 ,197602,197309,11,0,3,工作日,非高峰,2015-03-23,2015年3月23日,多云 /阴,17℃ / 9℃,东北风 ≤3级 /东北风 ≤3级,多云,阴,17,9,东北风,≤3级,东北风,≤3级,day
2015-03-24 10:51:00,金关,8、依法应负全责的其他情形,负全部责任,不负责任,1,鄂E20712,红,1,贵JDB644,黑,十一培,-1,1987/7/31 0:00,-1,华川牌,福特牌,66860500000000000 ,57462500000000000 ,196509,199005,10,1,3,工作日,非高峰,2015-03-24,2015年3月24日,小雨 /阵雨,13℃ / 7℃,东北风 ≤3级 /东北风 ≤3级,小雨,阵雨,13,7,东北风,≤3级,东北风,≤3级,day
2015-03-24 17:20:00,甲秀楼,7、未按规定让行的 ,负全部责任,不负责任,0,贵H5C644,黑,1,贵AU7362,蓝,十一培,自培,1995/8/8 0:00,2013/2/25 0:00,-1,豪爵牌,364548000000000000 ,364556000000000000 ,197305,198908,17,1,3,工作日,晚高峰(17-19点),2015-03-24,2015年3月24日,小雨 /阵雨,13℃ / 7℃,东北风 ≤3级 /东北风 ≤3级,小雨,阵雨,13,7,东北风,≤3级,东北风,≤3级,day
2015-03-24 17:45:00,贵惠大道,8、依法应负全责的其他情形,负全部责任,不负责任,1,贵ARJ409,白色,1,贵A98815,白色,十一培,黔南州交通驾驶学校,1997/7/31 0:00,-1,长安牌,五征牌,36657551234246397X,366876000000000000 ,196506,197903,17,1,3,工作日,晚高峰(17-19点),2015-03-24,2015年3月24日,小雨 /阵雨,13℃ / 7℃,东北风 ≤3级 /东北风 ≤3级,小雨,阵雨,13,7,东北风,≤3级,东北风,≤3级,day
2015-03-25 08:10:00,四方河,3、倒车的,负全部责任,不负责任,1,贵A29V16,黑,1,贵A98C28,黑,十一培,-1,1998/4/1 0:00,-1,大众牌,福克斯牌,74547500000000000 ,366346000000000000 ,198002,198003,8,2,3,工作日,早高峰(7-9点),2015-03-25,2015年3月25日,阴 /阵雨,14℃ / 9℃,东北风 ≤3级 /东北风 ≤3级,阴,阵雨,14,9,东北风,≤3级,东北风,≤3级,day
2015-03-25 09:00:00,210国道,3、倒车的,负全部责任,不负责任,0,贵AA1719,绿,1,粤BY384A,银,十一培,-1,1995/12/13 0:00,-1,五十铃,东风日产牌,354548000000000000 ,366563000000000000 ,196402,198309,9,2,3,工作日,早高峰(7-9点),2015-03-25,2015年3月25日,阴 /阵雨,14℃ / 9℃,东北风 ≤3级 /东北风 ≤3级,阴,阵雨,14,9,东北风,≤3级,东北风,≤3级,day
2015-03-25 07:25:00,小石城,8、依法应负全责的其他情形,负全部责任,不负责任,1,贵A81455,银,1,贵ACG997,黑,十一培,-1,1992/1/3 0:00,-1,天马,梅赛德斯-奔驰牌,364547000000000000 ,35746600000000000 ,196002,195503,7,2,3,工作日,早高峰(7-9点),2015-03-25,2015年3月25日,阴 /阵雨,14℃ / 9℃,东北风 ≤3级 /东北风 ≤3级,阴,阵雨,14,9,东北风,≤3级,东北风,≤3级,day
2015-03-25 11:00:00,四方河,7、未按规定让行的 ,负全部责任,不负责任,1,贵AJ4665,白色,1,贵A28753,白色,十一培,诚信驾驶培训学校,1989/10/27 0:00,2014/3/24 0:00,东本牌,乘龙牌,364547000000000000 ,364557000000000000 ,195310,199204,11,2,3,工作日,非高峰,2015-03-25,2015年3月25日,阴 /阵雨,14℃ / 9℃,东北风 ≤3级 /东北风 ≤3级,阴,阵雨,14,9,东北风,≤3级,东北风,≤3级,day
2015-03-25 10:00:00,营盘路,1、追尾的,负全部责任,不负责任,1,贵ANZ263,白色,1,贵AYM459,白色,十一培,-1,1997/3/17 0:00,-1,丰田牌,大众汽车牌,364547000000000000 ,366876000000000000 ,196504,199104,10,2,3,工作日,非高峰,2015-03-25,2015年3月25日,阴 /阵雨,14℃ / 9℃,东北风 ≤3级 /东北风 ≤3级,阴,阵雨,14,9,东北风,≤3级,东北风,≤3级,day
2015-03-25 12:25:00,甲秀南路,1、追尾的,负全部责任,不负责任,1,贵AFF421,白色,1,贵AZE262,白色,十一培,-1,1998/7/27 0:00,-1,东南,东风日产牌,54666500000000000 ,36454700000000000 ,197312,196142,12,2,3,工作日,非高峰,2015-03-25,2015年3月25日,阴 /阵雨,14℃ / 9℃,东北风 ≤3级 /东北风 ≤3级,阴,阵雨,14,9,东北风,≤3级,东北风,≤3级,day
2015-03-25 14:00:00,金华镇,7、未按规定让行的 ,负全部责任,不负责任,1,贵A8153K,红,0,贵A3D871,黑,十一培,-1,1999/1/29 0:00,-1,五菱牌,长城牌,364557000000000000 ,674547000000000000 ,196907,198302,14,2,3,工作日,非高峰,2015-03-25,2015年3月25日,阴 /阵雨,14℃ / 9℃,东北风 ≤3级 /东北风 ≤3级,阴,阵雨,14,9,东北风,≤3级,东北风,≤3级,day
2015-03-26 07:55:00,南明区,1、追尾的,负全部责任,不负责任,1,贵4E426警,客车,1,贵AT5885,白,十一培,-1,1994/2/22 0:00,-1,-1,钱江牌,364547000000000000 ,366365000000000000 ,197005,197003,7,3,3,工作日,早高峰(7-9点),2015-03-26,2015年3月26日,阴 /阵雨,17℃ / 12℃,南风 ≤3级 /南风 ≤3级,阴,阵雨,17,12,南风,≤3级,南风,≤3级,day
2015-03-26 06:40:00,长岭北路,7、未按规定让行的 ,负全部责任,不负责任,1,贵AU9578,绿,1,贵A26535,白,十一培,-1,1998/4/22 0:00,-1,宗隆牌,福田牌,366361000000000000 ,366570000000000000 ,197407,196804,6,3,3,工作日,非高峰,2015-03-26,2015年3月26日,阴 /阵雨,17℃ / 12℃,南风 ≤3级 /南风 ≤3级,阴,阵雨,17,12,南风,≤3级,南风,≤3级,day
2015-03-26 09:21:00,紫林庵,8、依法应负全责的其他情形,负全部责任,不负责任,1,贵AXA924,黑,1,贵AU0542,银,十一培,-1,1995/1/25 0:00,-1,大众汽车牌,宝来牌,364558000000000000 ,366662000000000000 ,196905,197707,9,3,3,工作日,早高峰(7-9点),2015-03-26,2015年3月26日,阴 /阵雨,17℃ / 12℃,南风 ≤3级 /南风 ≤3级,阴,阵雨,17,12,南风,≤3级,南风,≤3级,day
2015-03-26 19:20:00,枣山路,7、未按规定让行的 ,负全部责任,不负责任,1,贵AA3894,黑,1,贵A22C35,黑,十一培,新天驾校,1994/2/11 0:00,2009/3/13 0:00,东南,众泰牌,364547000000000000 ,364556000000000000 ,196809,199001,19,3,3,工作日,晚高峰(17-19点),2015-03-26,2015年3月26日,阴 /阵雨,17℃ / 12℃,南风 ≤3级 /南风 ≤3级,阴,阵雨,17,12,南风,≤3级,南风,≤3级,day
2015-03-26 20:40:00,金阳,7、未按规定让行的 ,负全部责任,不负责任,1,贵A81R77,黑,1,贵AB911Y,红,十一培,520115,1997/10/8 0:00,2008/4/10 0:00,荣威牌,宝马牌,356163000000000000 ,364568000000000000 ,196401,198605,20,3,3,工作日,非高峰,2015-03-26,2015年3月26日,阴 /阵雨,17℃ / 12℃,南风 ≤3级 /南风 ≤3级,阴,阵雨,17,12,南风,≤3级,南风,≤3级,night
2015-03-27 07:20:00,太慈桥,1、追尾的,负全部责任,不负责任,1,贵4F531警,白,1,贵ATS942,黑,十一培,自培,1996/12/13 0:00,1999/1/7 0:00,-1,尼桑牌,366347000000000000 ,364547000000000000 ,197605,196309,7,4,3,工作日,早高峰(7-9点),2015-03-27,2015年3月27日,阵雨 /阵雨,18℃ / 13℃,南风 ≤3级 /南风 ≤3级,阵雨,阵雨,18,13,南风,≤3级,南风,≤3级,day
2015-03-27 08:15:00,大营坡,1、追尾的,负全部责任,不负责任,1,贵A82M68,白,1,贵A72Y65,白,十一培,吉源驾校,1995/2/2 0:00,2014/8/1 0:00,福特牌,宝马,364548000000000000 ,366246000000000000 ,196907,199402,8,4,3,工作日,早高峰(7-9点),2015-03-27,2015年3月27日,阵雨 /阵雨,18℃ / 13℃,南风 ≤3级 /南风 ≤3级,阵雨,阵雨,18,13,南风,≤3级,南风,≤3级,day
2015-03-24 12:30:00,瑞金北路,1、追尾的,负全部责任,不负责任,1,贵AHN960,银,1,贵A11S92,银,十一培,自培,1993/1/5 0:00,2004/6/9 0:00,起亚牌,宝马牌,364548000000000000 ,54761500000000000 ,196211,197805,12,1,3,工作日,非高峰,2015-03-24,2015年3月24日,小雨 /阵雨,13℃ / 7℃,东北风 ≤3级 /东北风 ≤3级,小雨,阵雨,13,7,东北风,≤3级,东北风,≤3级,day
2015-03-24 14:45:00,三七厂,1、追尾的,负全部责任,不负责任,1,贵A26109,白色,1,贵A1821P,白色,十一培,自培,1992/11/8 0:00,2006/7/13 0:00,轻骑铃木牌,长城牌,364556000000000000 ,364556000000000000 ,196503,198210,14,1,3,工作日,非高峰,2015-03-24,2015年3月24日,小雨 /阵雨,13℃ / 7℃,东北风 ≤3级 /东北风 ≤3级,小雨,阵雨,13,7,东北风,≤3级,东北风,≤3级,day
2015-03-25 01:20:00,花果园,7、未按规定让行的 ,负全部责任,不负责任,1,贵ALZ188,白色,1,贵A64H16,白色,十一培,自培,1996/10/9 0:00,2000/11/30 0:00,长城牌,福克斯(FOCUS)牌,364547000000000000 ,36657651234360625X,196401,196505,1,2,3,工作日,非高峰,2015-03-25,2015年3月25日,阴 /阵雨,14℃ / 9℃,东北风 ≤3级 /东北风 ≤3级,阴,阵雨,14,9,东北风,≤3级,东北风,≤3级,night
2015-03-25 09:30:00,长江路,7、未按规定让行的 ,负全部责任,不负责任,1,贵CQ8446,白色,1,贵A3063学,白色,十一培,自培,1994/3/23 0:00,2003/12/31 0:00,三菱牌,-1,364547000000000000 ,366361000000000000 ,196411,197105,9,2,3,工作日,早高峰(7-9点),2015-03-25,2015年3月25日,阴 /阵雨,14℃ / 9℃,东北风 ≤3级 /东北风 ≤3级,阴,阵雨,14,9,东北风,≤3级,东北风,≤3级,day
2015-03-25 13:15:00,改茶路,7、未按规定让行的 ,负全部责任,不负责任,1,贵A9G899,白,1,贵AHZ271,银,十一培,自培,1994/9/13 0:00,2010/11/9 0:00,宝马牌,吉利美日牌,364548000000000000 ,366064000000000000 ,195802,197601,13,2,3,工作日,非高峰,2015-03-25,2015年3月25日,阴 /阵雨,14℃ / 9℃,东北风 ≤3级 /东北风 ≤3级,阴,阵雨,14,9,东北风,≤3级,东北风,≤3级,day
2015-03-26 08:11:00,乌当,1、追尾的,负全部责任,不负责任,1,贵A55A56,白,1,贵ARB805,银,十一培,自培,1995/10/10 0:00,2003/11/21 0:00,夏利牌,大众汽车牌,364548000000000000 ,364547000000000000 ,197708,197903,8,3,3,工作日,早高峰(7-9点),2015-03-26,2015年3月26日,阴 /阵雨,17℃ / 12℃,南风 ≤3级 /南风 ≤3级,阴,阵雨,17,12,南风,≤3级,南风,≤3级,day
2015-03-26 10:05:00,观山东路,1、追尾的,负全部责任,不负责任,1,贵AP1219,黑,1,贵A57S84,红,十一培,自培,1991/8/26 0:00,2004/9/15 0:00,金福牌,北京现代牌,364547000000000000 ,366567000000000000 ,195509,198501,10,3,3,工作日,非高峰,2015-03-26,2015年3月26日,阴 /阵雨,17℃ / 12℃,南风 ≤3级 /南风 ≤3级,阴,阵雨,17,12,南风,≤3级,南风,≤3级,day
2015-03-27 08:20:00,粑粑街,8、依法应负全责的其他情形,负全部责任,不负责任,1,贵A96887,白,1,贵FV4561,黑,十一培,金大驾校,1981/2/5 0:00,2013/8/9 0:00,金龙牌,宝来牌,364557000000000000 ,366061000000000000 ,196208,198708,8,4,3,工作日,早高峰(7-9点),2015-03-27,2015年3月27日,阵雨 /阵雨,18℃ / 13℃,南风 ≤3级 /南风 ≤3级,阵雨,阵雨,18,13,南风,≤3级,南风,≤3级,day
2015-03-27 11:08:00,小河,1、追尾的,负全部责任,不负责任,1,贵A2BB15,白色,1,贵AU1164,白色,十一培,自培,1995/10/28 0:00,1990/12/5 0:00,别克牌,金马牌,364548000000000000 ,364547000000000000 ,197901,197302,11,4,3,工作日,非高峰,2015-03-27,2015年3月27日,阵雨 /阵雨,18℃ / 13℃,南风 ≤3级 /南风 ≤3级,阵雨,阵雨,18,13,南风,≤3级,南风,≤3级,day
2015-03-27 08:35:00,延安东路,1、追尾的,负全部责任,不负责任,1,贵JBR663,红,0,贵ATG331,银,十一培,（云岩区）省交通职业技术驾驶培训学校,1997/7/23 0:00,2011/6/15 0:00,东风标致牌,夏利牌,36454751804562245X,355247000000000000 ,197401,198907,8,4,3,工作日,早高峰(7-9点),2015-03-27,2015年3月27日,阵雨 /阵雨,18℃ / 13℃,南风 ≤3级 /南风 ≤3级,阵雨,阵雨,18,13,南风,≤3级,南风,≤3级,day
2015-03-27 09:40:00,白云区,8、依法应负全责的其他情形,负全部责任,不负责任,1,贵A65Y96,白,1,贵AE3162,白,十一培,-1,1997/9/10 0:00,-1,歌诗图牌,嘉陵牌,364558000000000000 ,65495500000000000 ,196503,197312,9,4,3,工作日,早高峰(7-9点),2015-03-27,2015年3月27日,阵雨 /阵雨,18℃ / 13℃,南风 ≤3级 /南风 ≤3级,阵雨,阵雨,18,13,南风,≤3级,南风,≤3级,day
2015-03-27 11:50:00,世纪城,1、追尾的,负全部责任,不负责任,1,贵AV5846,白,1,浙C3511L,银,十一培,自培,1988/8/4 0:00,-1,五菱牌,宝马牌,364548000000000000 ,774763000000000000 ,195508,196904,11,4,3,工作日,非高峰,2015-03-27,2015年3月27日,阵雨 /阵雨,18℃ / 13℃,南风 ≤3级 /南风 ≤3级,阵雨,阵雨,18,13,南风,≤3级,南风,≤3级,day
2015-03-27 12:50:00,航天大道,8、依法应负全责的其他情形,负全部责任,不负责任,1,贵A94258,白色,1,贵JJ5818,白色,十一培,自培,1996/1/10 0:00,2012/5/31 0:00,陕汽牌,福特牌,364556000000000000 ,36454651394354265X,197503,195805,12,4,3,工作日,非高峰,2015-03-27,2015年3月27日,阵雨 /阵雨,18℃ / 13℃,南风 ≤3级 /南风 ≤3级,阵雨,阵雨,18,13,南风,≤3级,南风,≤3级,day
2015-03-27 16:20:00,乌当,1、追尾的,负全部责任,不负责任,1,贵A806B1,白,1,贵AGS466,银,十一培,-1,1992/6/2 0:00,-1,解放牌,长安牌,364548000000000000 ,364557000000000000 ,196310,198507,16,4,3,工作日,非高峰,2015-03-27,2015年3月27日,阵雨 /阵雨,18℃ / 13℃,南风 ≤3级 /南风 ≤3级,阵雨,阵雨,18,13,南风,≤3级,南风,≤3级,day
2015-03-27 17:00:00,乌当,1、追尾的,负全部责任,不负责任,1,豫AN2722,白,1,贵AB672K,蓝,十一培,-1,1998/6/3 0:00,-1,万虎牌,雪佛兰牌,54647500000000000 ,354368000000000000 ,197506,198308,17,4,3,工作日,晚高峰(17-19点),2015-03-27,2015年3月27日,阵雨 /阵雨,18℃ / 13℃,南风 ≤3级 /南风 ≤3级,阵雨,阵雨,18,13,南风,≤3级,南风,≤3级,day
2015-03-27 17:45:00,会展城,7、未按规定让行的 ,负全部责任,不负责任,1,贵A68431,黑,1,贵A83N74,白,十一培,安顺市顺阳驾校培训学校,1982/12/9 0:00,2004/4/20 0:00,昌河,宝马,364548000000000000 ,35436551924563048X,196010,198601,17,4,3,工作日,晚高峰(17-19点),2015-03-27,2015年3月27日,阵雨 /阵雨,18℃ / 13℃,南风 ≤3级 /南风 ≤3级,阵雨,阵雨,18,13,南风,≤3级,南风,≤3级,day
2015-03-27 19:30:00,开发大道,7、未按规定让行的 ,负全部责任,不负责任,1,贵AA458P,白色,1,贵AM5114,白色,十一培,自培,1987/1/26 0:00,2013/11/26 0:00,一汽牌,宗隆牌,366364000000000000 ,366064000000000000 ,195401,197912,19,4,3,工作日,晚高峰(17-19点),2015-03-27,2015年3月27日,阵雨 /阵雨,18℃ / 13℃,南风 ≤3级 /南风 ≤3级,阵雨,阵雨,18,13,南风,≤3级,南风,≤3级,day
2015-03-27 19:20:00,大营坡,9、不符合前8款规定或者双方同时具有上述情形的,负同等责任,负同等责任,1,贵A20390,蓝,1,贵AT4667,蓝,十一培,-1,1996/3/25 0:00,1977/12/29 0:00,金龙牌,富路牌,364547000000000000 ,36454651385547395X,197707,195711,19,4,3,工作日,晚高峰(17-19点),2015-03-27,2015年3月27日,阵雨 /阵雨,18℃ / 13℃,南风 ≤3级 /南风 ≤3级,阵雨,阵雨,18,13,南风,≤3级,南风,≤3级,day
2015-03-28 10:00:00,甲秀南路,1、追尾的,负全部责任,不负责任,1,贵AU7562,白色,1,浙BTN851,白色,十一培,-1,1998/6/3 0:00,-1,捷达牌,-1,364556000000000000 ,774664000000000000 ,197112,198088,10,5,3,工作日,非高峰,2015-03-28,2015年3月28日,阵雨 /雷阵雨,17℃ / 14℃,南风 ≤3级 /南风 ≤3级,阵雨,雷阵雨,17,14,南风,≤3级,南风,≤3级,day
2015-03-28 09:00:00,贵阳机场,7、未按规定让行的 ,负全部责任,不负责任,1,鄂A595M4,白色,1,渝BDX283,白色,十一培,-1,1991/10/10 0:00,-1,捷达牌,丰田牌,574291000000000000 ,54995500000000000 ,197305,199006,9,5,3,工作日,早高峰(7-9点),2015-03-28,2015年3月28日,阵雨 /雷阵雨,17℃ / 14℃,南风 ≤3级 /南风 ≤3级,阵雨,雷阵雨,17,14,南风,≤3级,南风,≤3级,day
2015-03-28 09:15:00,山林路,3、倒车的,负全部责任,不负责任,1,贵ATW706,白,1,贵AKC895,黑,十一培,-1,1997/12/9 0:00,-1,五菱牌,起亚牌,364557000000000000 ,73455551864157405X,197912,197209,9,5,3,工作日,早高峰(7-9点),2015-03-28,2015年3月28日,阵雨 /雷阵雨,17℃ / 14℃,南风 ≤3级 /南风 ≤3级,阵雨,雷阵雨,17,14,南风,≤3级,南风,≤3级,day
2015-03-28 09:50:00,观山湖区,3、倒车的,负全部责任,不负责任,1,贵AKX638,黄,1,贵A03918,黑,十一培,消防驾校,1998/9/23 0:00,2002/5/16 0:00,瑞麒牌,丰田牌,366269000000000000 ,364557000000000000 ,197906,198009,9,5,3,工作日,早高峰(7-9点),2015-03-28,2015年3月28日,阵雨 /雷阵雨,17℃ / 14℃,南风 ≤3级 /南风 ≤3级,阵雨,雷阵雨,17,14,南风,≤3级,南风,≤3级,day
2015-03-28 15:28:00,都司路,9、不符合前8款规定或者双方同时具有上述情形的,负同等责任,负同等责任,1,贵AJ9141,白色,1,贵ARY815,白色,十一培,520125,1996/11/18 0:00,2010/7/16 0:00,嘉陵牌,长安,364547000000000000 ,364547000000000000 ,197611,198808,15,5,3,工作日,非高峰,2015-03-28,2015年3月28日,阵雨 /雷阵雨,17℃ / 14℃,南风 ≤3级 /南风 ≤3级,阵雨,雷阵雨,17,14,南风,≤3级,南风,≤3级,day
2015-03-29 03:15:00,机场路,3、倒车的,负全部责任,不负责任,1,贵AP9493,白色,1,贵A9CB41,白色,十一培,520107,1985/3/28 0:00,2009/9/2 0:00,嘉冠牌,宝马牌,364548000000000000 ,366566000000000000 ,196305,198910,3,6,3,周末,非高峰,2015-03-29,2015年3月29日,阴 /多云,18℃ / 15℃,东风 ≤3级 /南风 ≤3级,阴,多云,18,15,东风,≤3级,南风,≤3级,night
2015-03-29 10:00:00,瑞金南路,1、追尾的,负全部责任,不负责任,1,贵AR9882,黑色,1,贵A78L77,白色,十一培,520108,1996/5/15 0:00,2011/4/26 0:00,新大洲牌,吉利牌,364548000000000000 ,364547000000000000 ,196603,196903,10,6,3,周末,非高峰,2015-03-29,2015年3月29日,阴 /多云,18℃ / 15℃,东风 ≤3级 /南风 ≤3级,阴,多云,18,15,东风,≤3级,南风,≤3级,day
2015-03-29 02:30:00,飞山街,7、未按规定让行的 ,负全部责任,不负责任,1,贵ANN599,银,1,贵JS6364,白,十一培,黔南州兴鑫驾驶员培训学校,1997/9/8 0:00,-1,科雷傲,奥迪牌,364558000000000000 ,366868000000000000 ,196205,198411,2,6,3,周末,非高峰,2015-03-29,2015年3月29日,阴 /多云,18℃ / 15℃,东风 ≤3级 /南风 ≤3级,阴,多云,18,15,东风,≤3级,南风,≤3级,night
2015-03-29 13:50:00,枣山路,1、追尾的,负全部责任,不负责任,1,贵AU5938,绿,1,贵A84M29,黑,十一培,自培,1993/8/17 0:00,2014/7/24 0:00,豪爵牌,别克,364547000000000000 ,366068000000000000 ,196303,196408,13,6,3,周末,非高峰,2015-03-29,2015年3月29日,阴 /多云,18℃ / 15℃,东风 ≤3级 /南风 ≤3级,阴,多云,18,15,东风,≤3级,南风,≤3级,day