accidenttime,accidentaddr,driver1fault,driver1responsibility,driver2responsibility,sex1,platenumber1,carcolor1,sex2,platenumber2,carcolor2,jxmc1,jxmc2,cclzrq1,cclzrq2,clpp1,clpp2,driver1license,driver2license,brith1,brith2,hour,weekday,month,is_weekday,peak_hour,date,日期,天气状况,气温,风力风向,day_wea,night_wea,day_tep,night_tep,day_wind_direction,day_wind_speed,night_wind_direction,night_wind_speed,segment
2015-03-29 11:48:00,宝山南路,1、追尾的,负全部责任,不负责任,1,云AEY673,蓝,1,贵AU6973,绿,十一培,-1,1996/1/3 0:00,-1,雪佛兰牌,捷达牌,354548000000000000 ,36454700000000 ,195904,197304,11,6,3,周末,非高峰,2015-03-29,2015年3月29日,阴 /多云,18℃ / 15℃,东风 ≤3级 /南风 ≤3级,阴,多云,18,15,东风,≤3级,南风,≤3级,day
2015-03-29 15:50:00,南晖立交桥,8、依法应负全责的其他情形,负全部责任,不负责任,1,贵A7BF24,白色,1,贵4184391,白色,十一培,-1,1998/11/9 0:00,-1,东风日产牌,-1,364547000000000000 ,366067000000000000 ,197012,197310,15,6,3,周末,非高峰,2015-03-29,2015年3月29日,阴 /多云,18℃ / 15℃,东风 ≤3级 /南风 ≤3级,阴,多云,18,15,东风,≤3级,南风,≤3级,day
2015-03-27 07:40:00,花二道,7、未按规定让行的 ,负全部责任,不负责任,0,贵A22403,白,0,贵A5369W,白,十一培,自培,1994/12/13 0:00,2003/9/29 0:00,豪爵,高尔夫牌,364548000000000000 ,364548000000000000 ,196011,197110,7,4,3,工作日,早高峰(7-9点),2015-03-27,2015年3月27日,阵雨 /阵雨,18℃ / 13℃,南风 ≤3级 /南风 ≤3级,阵雨,阵雨,18,13,南风,≤3级,南风,≤3级,day
2015-03-27 12:30:00,宝山北路,7、未按规定让行的 ,负全部责任,不负责任,1,贵AU0317,蓝,1,贵A22N25,黑,十一培,自培,1996/3/7 0:00,2004/1/17 0:00,嘉陵牌,奥迪牌,366368000000000000 ,366361000000000000 ,197201,197609,12,4,3,工作日,非高峰,2015-03-27,2015年3月27日,阵雨 /阵雨,18℃ / 13℃,南风 ≤3级 /南风 ≤3级,阵雨,阵雨,18,13,南风,≤3级,南风,≤3级,day
2015-03-29 20:30:00,中华中路,7、未按规定让行的 ,负全部责任,不负责任,1,贵AU7264,白色,1,贵AUA469,白色,十一培,惠水时发驾驶培训学校,1994/3/23 0:00,2008/9/12 0:00,宗申牌,丰田牌,364557000000000000 ,366876000000000000 ,197108,198307,20,6,3,周末,非高峰,2015-03-29,2015年3月29日,阴 /多云,18℃ / 15℃,东风 ≤3级 /南风 ≤3级,阴,多云,18,15,东风,≤3级,南风,≤3级,night
2015-03-29 19:30:00,金阳,8、依法应负全责的其他情形,负全部责任,不负责任,1,贵A9599F,红,1,闽AQ9332,黑,十一培,-1,1992/6/25 0:00,-1,雪佛兰牌,蒙迪欧牌,364558000000000000 ,734556000000000000 ,196412,197912,19,6,3,周末,晚高峰(17-19点),2015-03-29,2015年3月29日,阴 /多云,18℃ / 15℃,东风 ≤3级 /南风 ≤3级,阴,多云,18,15,东风,≤3级,南风,≤3级,day
2015-03-30 07:00:00,小河,8、依法应负全责的其他情形,负全部责任,不负责任,1,贵AS3109,白色,1,贵AHJ866,白色,十一培,520126,1986/12/24 0:00,2008/10/21 0:00,豪爵牌,比亚迪牌,366367000000000000 ,36455051914360445X,195908,198905,7,0,3,工作日,早高峰(7-9点),2015-03-30,2015年3月30日,晴 /多云,24℃ / 17℃,南风 ≤3级 /南风 ≤3级,晴,多云,24,17,南风,≤3级,南风,≤3级,day
2015-03-30 09:00:00,香椿路,1、追尾的,负全部责任,不负责任,1,贵AJ0193,白色,1,贵A83S48,白色,十一培,520115,1998/9/10 0:00,2008/10/23 0:00,黄川牌,五菱牌,364556000000000000 ,364556000000000000 ,196905,197412,9,0,3,工作日,早高峰(7-9点),2015-03-30,2015年3月30日,晴 /多云,24℃ / 17℃,南风 ≤3级 /南风 ≤3级,晴,多云,24,17,南风,≤3级,南风,≤3级,day
2015-03-30 08:24:00,小河长江路,7、未按规定让行的 ,负全部责任,不负责任,1,贵A0042学,白色,1,贵GT6850,白色,十一培,-1,1989/5/9 0:00,-1,-1,福特牌,364547000000000000 ,364547000000000000 ,196903,198602,8,0,3,工作日,早高峰(7-9点),2015-03-30,2015年3月30日,晴 /多云,24℃ / 17℃,南风 ≤3级 /南风 ≤3级,晴,多云,24,17,南风,≤3级,南风,≤3级,day
2015-03-30 10:30:00,花溪大道,7、未按规定让行的 ,负全部责任,不负责任,1,贵ACN478,白色,1,贵A48K42,白色,十一培,时发驾校,1994/8/2 0:00,2014/10/24 0:00,轩逸牌,福克斯牌,364548000000000000 ,364548000000000000 ,195912,198411,10,0,3,工作日,非高峰,2015-03-30,2015年3月30日,晴 /多云,24℃ / 17℃,南风 ≤3级 /南风 ≤3级,晴,多云,24,17,南风,≤3级,南风,≤3级,day
2015-03-30 11:00:00,八匹马,9、不符合前8款规定或者双方同时具有上述情形的,负同等责任,负同等责任,0,贵AKF879,黑,1,贵A5258P,黑,十一培,顺一驾驶培训学校,1988/8/17 0:00,2012/1/9 0:00,起亚牌,红旗,366361000000000000 ,364548000000000000 ,196710,194811,11,0,3,工作日,非高峰,2015-03-30,2015年3月30日,晴 /多云,24℃ / 17℃,南风 ≤3级 /南风 ≤3级,晴,多云,24,17,南风,≤3级,南风,≤3级,day
2015-03-30 12:00:00,沙冲路,7、未按规定让行的 ,负全部责任,不负责任,1,贵A95W65,黑色,1,贵AU6168,白色,十一培,无,1996/1/20 0:00,2002/12/31 0:00,科雷傲,双庆牌,364548000000000000 ,364556000000000000 ,196410,197810,12,0,3,工作日,非高峰,2015-03-30,2015年3月30日,晴 /多云,24℃ / 17℃,南风 ≤3级 /南风 ≤3级,晴,多云,24,17,南风,≤3级,南风,≤3级,day
2015-03-30 14:09:00,中华南路,1、追尾的,负全部责任,不负责任,1,贵ANY567,红,1,贵A36N17,黄,十一培,贵州省仁怀市汽车驾驶培训有限责任公司,1998/7/21 0:00,2004/11/24 0:00,飞度牌,吉利美日牌,364548000000000000 ,364566000000000000 ,197910,198509,14,0,3,工作日,非高峰,2015-03-30,2015年3月30日,晴 /多云,24℃ / 17℃,南风 ≤3级 /南风 ≤3级,晴,多云,24,17,南风,≤3级,南风,≤3级,day
2015-03-30 15:10:00,三桥,1、追尾的,负全部责任,不负责任,1,贵A3H429,白,1,贵A0384Y,银,十一培,-1,1995/7/24 0:00,-1,-1,五菱牌,364558000000000000 ,72456651914740565X,197204,198903,15,0,3,工作日,非高峰,2015-03-30,2015年3月30日,晴 /多云,24℃ / 17℃,南风 ≤3级 /南风 ≤3级,晴,多云,24,17,南风,≤3级,南风,≤3级,day
2015-03-30 17:00:00,解放桥,7、未按规定让行的 ,负全部责任,不负责任,1,贵AAH773,白色,1,贵AU1845,白色,十一培,贵州现代驾驶培训责任有限公司,1993/11/21 0:00,2011/8/18 0:00,钱江牌,金福牌,364557000000000000 ,364596000000000000 ,197110,198906,17,0,3,工作日,晚高峰(17-19点),2015-03-30,2015年3月30日,晴 /多云,24℃ / 17℃,南风 ≤3级 /南风 ≤3级,晴,多云,24,17,南风,≤3级,南风,≤3级,day
2015-03-30 17:10:00,乌当,7、未按规定让行的 ,负全部责任,不负责任,1,贵A36K73,黑,1,贵AV3342,白,十一培,自培,1999/6/23 0:00,2011/4/18 0:00,东风日产牌,恒胜牌,364547000000000000 ,366567000000000000 ,198009,198508,17,0,3,工作日,晚高峰(17-19点),2015-03-30,2015年3月30日,晴 /多云,24℃ / 17℃,南风 ≤3级 /南风 ≤3级,晴,多云,24,17,南风,≤3级,南风,≤3级,day
2015-03-30 18:31:00,解放桥,7、未按规定让行的 ,负全部责任,不负责任,1,贵AMS981,黑,1,贵ATJ948,红,十一培,新华驾校,1994/3/27 0:00,2011/10/10 0:00,索兰托,长安牌,36454651224943607X,364558000000000000 ,196608,198805,18,0,3,工作日,晚高峰(17-19点),2015-03-30,2015年3月30日,晴 /多云,24℃ / 17℃,南风 ≤3级 /南风 ≤3级,晴,多云,24,17,南风,≤3级,南风,≤3级,day
2015-03-30 17:15:00,政府路,7、未按规定让行的 ,负全部责任,不负责任,1,贵ANT841,白,1,粤BY34U4,白,十一培,-1,1998/10/15 0:00,-1,丰田牌,奇瑞牌,364547000000000000 ,74667500000000000 ,196709,197909,17,0,3,工作日,晚高峰(17-19点),2015-03-30,2015年3月30日,晴 /多云,24℃ / 17℃,南风 ≤3级 /南风 ≤3级,晴,多云,24,17,南风,≤3级,南风,≤3级,day
2015-03-31 08:00:00,太慈桥,7、未按规定让行的 ,负全部责任,不负责任,1,贵A24848,银,1,贵A57A41,红,十一培,预约考试窗口,1980/11/4 0:00,2007/7/5 0:00,东风日产牌,晶锐牌,364547000000000000 ,36454751904752526X,195602,198403,8,1,3,工作日,早高峰(7-9点),2015-03-31,2015年3月31日,多云 /多云,28℃ / 19℃,南风 ≤3级 /南风 ≤3级,多云,多云,28,19,南风,≤3级,南风,≤3级,day
2015-03-31 09:30:00,贵阳学院,7、未按规定让行的 ,负全部责任,不负责任,1,贵AL6609,白色,1,贵A47W74,白色,十一培,-1,1986/9/6 0:00,-1,轰轰烈牌,中华牌,364548000000000000 ,364547000000000000 ,196312,197005,9,1,3,工作日,早高峰(7-9点),2015-03-31,2015年3月31日,多云 /多云,28℃ / 19℃,南风 ≤3级 /南风 ≤3级,多云,多云,28,19,南风,≤3级,南风,≤3级,day
2015-03-31 12:15:00,青云路,3、倒车的,负全部责任,不负责任,1,贵A67A59,银,1,贵A77A74,白,十一培,自培,1980/5/23 0:00,2005/11/22 0:00,大众牌,广州雅阁,364547000000000000 ,55446500000000000 ,195510,197905,12,1,3,工作日,非高峰,2015-03-31,2015年3月31日,多云 /多云,28℃ / 19℃,南风 ≤3级 /南风 ≤3级,多云,多云,28,19,南风,≤3级,南风,≤3级,day
2015-03-29 15:00:00,蟠桃宫,1、追尾的,负全部责任,不负责任,1,贵ACN087,白色,1,贵AA1393,白色,十一培,自培,1997/12/1 0:00,2001/6/22 0:00,福克斯牌,缤智牌,366361000000000000 ,364556000000000000 ,197008,195804,15,6,3,周末,非高峰,2015-03-29,2015年3月29日,阴 /多云,18℃ / 15℃,东风 ≤3级 /南风 ≤3级,阴,多云,18,15,东风,≤3级,南风,≤3级,day
2015-03-30 15:00:00,八匹马,1、追尾的,负全部责任,不负责任,1,贵AP5335,黑,1,贵AVF679,银,十一培,自培,1994/9/22 0:00,2005/12/5 0:00,名爵牌,朗逸牌,366366000000000000 ,366564000000000000 ,196209,198008,15,0,3,工作日,非高峰,2015-03-30,2015年3月30日,晴 /多云,24℃ / 17℃,南风 ≤3级 /南风 ≤3级,晴,多云,24,17,南风,≤3级,南风,≤3级,day
2015-03-30 14:00:00,盐务街,1、追尾的,负全部责任,不负责任,1,贵FJ1238,黑,1,贵A23K69,银,十一培,自培,1989/3/22 0:00,2003/12/26 0:00,长城牌,波罗牌,366064000000000000 ,364547000000000000 ,196905,197902,14,0,3,工作日,非高峰,2015-03-30,2015年3月30日,晴 /多云,24℃ / 17℃,南风 ≤3级 /南风 ≤3级,晴,多云,24,17,南风,≤3级,南风,≤3级,day
2015-03-30 13:00:00,小河,1、追尾的,负全部责任,不负责任,1,贵AU6124,白色,1,贵A74X12,灰色,十一培,自培,1995/1/11 0:00,2002/4/11 0:00,捷达牌,梅赛德斯-奔驰牌,364556000000000000 ,366067000000000000 ,196310,197004,13,0,3,工作日,非高峰,2015-03-30,2015年3月30日,晴 /多云,24℃ / 17℃,南风 ≤3级 /南风 ≤3级,晴,多云,24,17,南风,≤3级,南风,≤3级,day
2015-03-30 22:00:00,涴沙桥,7、未按规定让行的 ,负全部责任,不负责任,1,贵AU7383,蓝,1,贵A25P73,红,十一培,自培,1994/2/13 0:00,2002/7/10 0:00,佛斯弟牌,凯迪拉克,366361000000000000 ,364547000000000000 ,196803,197012,22,0,3,工作日,非高峰,2015-03-30,2015年3月30日,晴 /多云,24℃ / 17℃,南风 ≤3级 /南风 ≤3级,晴,多云,24,17,南风,≤3级,南风,≤3级,night
2015-03-30 17:30:00,南明区,1、追尾的,负全部责任,不负责任,1,贵AX2989,白色,1,贵ARM108,白色,十一培,自培,1994/5/30 0:00,2002/6/11 0:00,宗申牌,英伦牌,364548000000000000 ,36454751224362046X,196101,196605,17,0,3,工作日,晚高峰(17-19点),2015-03-30,2015年3月30日,晴 /多云,24℃ / 17℃,南风 ≤3级 /南风 ≤3级,晴,多云,24,17,南风,≤3级,南风,≤3级,day
2015-03-30 18:00:00,阳关,3、倒车的,负全部责任,不负责任,0,贵A98485,黄,1,贵A419C2,银,十一培,自培,1999/9/8 0:00,2004/4/10 0:00,钱江牌,红宇牌,366361000000000000 ,366368000000000000 ,197412,197104,18,0,3,工作日,晚高峰(17-19点),2015-03-30,2015年3月30日,晴 /多云,24℃ / 17℃,南风 ≤3级 /南风 ≤3级,晴,多云,24,17,南风,≤3级,南风,≤3级,day
2015-03-31 20:37:00, 飞山街,8、依法应负全责的其他情形,负全部责任,不负责任,1,贵AE9689,红,0,贵A36X95,白,十一培,铁二局驾校,1996/7/12 0:00,2012/12/5 0:00,豪爵牌,东风标致牌,364547000000000000 ,36606351805464682X,196910,197410,20,1,3,工作日,非高峰,2015-03-31,2015年3月31日,多云 /多云,28℃ / 19℃,南风 ≤3级 /南风 ≤3级,多云,多云,28,19,南风,≤3级,南风,≤3级,night
2015-03-31 17:50:00,青云路,7、未按规定让行的 ,负全部责任,不负责任,1,贵AU4832,白色,1,川X2A887,白色,十一培,520106,1993/12/16 0:00,2008/12/4 0:00,捷达牌,-1,36454651315550646X,355266000000000000 ,195911,198808,17,1,3,工作日,晚高峰(17-19点),2015-03-31,2015年3月31日,多云 /多云,28℃ / 19℃,南风 ≤3级 /南风 ≤3级,多云,多云,28,19,南风,≤3级,南风,≤3级,day
2015-03-31 18:00:00,遵义路,7、未按规定让行的 ,负全部责任,不负责任,1,贵AHF883,白,1,贵AKC831,银,十一培,-1,1989/12/6 0:00,-1,福特牌,高尔夫牌,364548000000000000 ,364548000000000000 ,195802,197572,18,1,3,工作日,晚高峰(17-19点),2015-03-31,2015年3月31日,多云 /多云,28℃ / 19℃,南风 ≤3级 /南风 ≤3级,多云,多云,28,19,南风,≤3级,南风,≤3级,day
2015-03-31 21:30:00,北京路,8、依法应负全责的其他情形,负全部责任,不负责任,1,贵AB577V,蓝,1,贵A83Y32,银,十一培,-1,1999/3/17 0:00,-1,别克牌,长城牌,364548000000000000 ,36687500000000000 ,197602,984100,21,1,3,工作日,非高峰,2015-03-31,2015年3月31日,多云 /多云,28℃ / 19℃,南风 ≤3级 /南风 ≤3级,多云,多云,28,19,南风,≤3级,南风,≤3级,night
2015-03-31 22:55:00,解放西路,3、倒车的,负全部责任,不负责任,1,贵GV6694,白,1,贵ANN194,银,十一培,贵阳万里圣驾校,1995/6/18 0:00,2014/12/15 0:00,别克牌,东风雪铁龙牌,364548000000000000 ,364547000000000000 ,197602,199602,22,1,3,工作日,非高峰,2015-03-31,2015年3月31日,多云 /多云,28℃ / 19℃,南风 ≤3级 /南风 ≤3级,多云,多云,28,19,南风,≤3级,南风,≤3级,night
2015-03-31 22:53:00,金阳南路,7、未按规定让行的 ,负全部责任,不负责任,1,贵A28Y71,白,1,贵AC6057,白,十一培,-1,1995/3/13 0:00,-1,沃尔沃,力帆牌,366868000000000000 ,3660665144368455X,197507,190052,22,1,3,工作日,非高峰,2015-03-31,2015年3月31日,多云 /多云,28℃ / 19℃,南风 ≤3级 /南风 ≤3级,多云,多云,28,19,南风,≤3级,南风,≤3级,night
2015-04-01 09:30:00,北京东路,1、追尾的,负全部责任,不负责任,1,贵AFX711,银,1,贵A64E64,黑,十一培,520108,1995/5/29 0:00,2007/11/1 0:00,瑞麒牌,比亚迪牌,364548000000000000 ,36454751934042285X,196609,198504,9,2,4,工作日,早高峰(7-9点),2015-04-01,2015年4月1日,多云 /多云,29℃ / 19℃,南风 ≤3级 /南风 ≤3级,多云,多云,29,19,南风,≤3级,南风,≤3级,day
2015-04-01 11:40:00,金阳,1、追尾的,负全部责任,不负责任,1,贵A49C31,黑,1,贵AEL061,绿,十一培,消防驾校,1993/5/16 0:00,2012/11/1 0:00,思域牌,豪情牌,364548000000000000 ,364568000000000000 ,195809,199008,11,2,4,工作日,非高峰,2015-04-01,2015年4月1日,多云 /多云,29℃ / 19℃,南风 ≤3级 /南风 ≤3级,多云,多云,29,19,南风,≤3级,南风,≤3级,day
2015-04-01 16:00:00,水口寺,8、依法应负全责的其他情形,负全部责任,不负责任,1,贵AR6465,白色,1,贵A94A75,白色,十一培,消防,1994/8/18 0:00,2004/12/24 0:00,大众汽车牌,雅阁牌,364547000000000000 ,364548000000000000 ,196212,198404,16,2,4,工作日,非高峰,2015-04-01,2015年4月1日,多云 /多云,29℃ / 19℃,南风 ≤3级 /南风 ≤3级,多云,多云,29,19,南风,≤3级,南风,≤3级,day
2015-04-01 17:50:00,林城西路,7、未按规定让行的 ,负全部责任,不负责任,1,贵AU04376,蓝,1,贵A67B36,白,十一培,-1,1987/7/29 0:00,-1,-1,大众汽车牌,364548000000000000 ,364546000000 ,196311,74253,17,2,4,工作日,晚高峰(17-19点),2015-04-01,2015年4月1日,多云 /多云,29℃ / 19℃,南风 ≤3级 /南风 ≤3级,多云,多云,29,19,南风,≤3级,南风,≤3级,day
2015-04-02 08:00:00,浦江路口,8、依法应负全责的其他情形,负全部责任,不负责任,1,贵AU6761,白色,1,贵AU6432,白色,十一培,自培,1997/12/25 0:00,1999/1/14 0:00,蜀都牌,陆胜牌,356175000000000000 ,364547000000000000 ,196807,197006,8,3,4,工作日,早高峰(7-9点),2015-04-02,2015年4月2日,多云 /多云,30℃ / 18℃,南风 ≤3级 /南风 ≤3级,多云,多云,30,18,南风,≤3级,南风,≤3级,day
2015-04-01 18:30:00,火车站,3、倒车的,负全部责任,不负责任,1,贵ACM998,银,1,贵A3G387,黑,十一培,（乌当区）全林驾驶培训有限公司,1998/6/26 0:00,2012/11/21 0:00,五菱牌,别克牌,366069000000000000 ,364557000000000000 ,196512,198612,18,2,4,工作日,晚高峰(17-19点),2015-04-01,2015年4月1日,多云 /多云,29℃ / 19℃,南风 ≤3级 /南风 ≤3级,多云,多云,29,19,南风,≤3级,南风,≤3级,day
2015-04-02 10:00:00,乌当,7、未按规定让行的 ,负全部责任,不负责任,1,贵AX9863,银,0,贵CNA445,白,十一培,蓝天驾校,1997/5/29 0:00,2010/7/29 0:00,长安牌,别克牌,364557000000000000 ,354767000000000000 ,195601,198207,10,3,4,工作日,非高峰,2015-04-02,2015年4月2日,多云 /多云,30℃ / 18℃,南风 ≤3级 /南风 ≤3级,多云,多云,30,18,南风,≤3级,南风,≤3级,day
2015-04-02 10:00:00,贵惠大道,1、追尾的,负全部责任,不负责任,1,贵A0BV89,白色,1,贵A9P796,白色,十一培,兴黔驾驶培训学校,1998/3/26 0:00,2006/6/13 0:00,谛艾仕牌,五菱牌,356168000000000000 ,54947500000000000 ,196508,197703,10,3,4,工作日,非高峰,2015-04-02,2015年4月2日,多云 /多云,30℃ / 18℃,南风 ≤3级 /南风 ≤3级,多云,多云,30,18,南风,≤3级,南风,≤3级,day
2015-04-02 14:00:00,解放路,7、未按规定让行的 ,负全部责任,不负责任,1,贵AU5091,白色,1,贵A24N32,白色,十一培,顺一驾驶培训学校,1997/4/24 0:00,2010/5/14 0:00,钱江牌,大众汽车牌,364547000000000000 ,36454651934040955X,196912,198504,14,3,4,工作日,非高峰,2015-04-02,2015年4月2日,多云 /多云,30℃ / 18℃,南风 ≤3级 /南风 ≤3级,多云,多云,30,18,南风,≤3级,南风,≤3级,day
2015-04-02 15:00:00,大营坡,1、追尾的,负全部责任,不负责任,1,贵AU1225,白,0,贵AHL475,白,十一培,预约考试窗口,1996/6/7 0:00,2007/3/21 0:00,五羊-本田牌,奥迪牌,74667500000000000 ,364547000000000000 ,196412,198508,15,3,4,工作日,非高峰,2015-04-02,2015年4月2日,多云 /多云,30℃ / 18℃,南风 ≤3级 /南风 ≤3级,多云,多云,30,18,南风,≤3级,南风,≤3级,day
2015-04-02 14:20:00,中华南路,7、未按规定让行的 ,负全部责任,不负责任,1,贵AS6345,白色,1,贵AU5521,白色,十一培,（乌当区）新天驾驶培训有限公司,1993/11/2 0:00,2007/5/21 0:00,轰轰烈牌,宗申牌,364548000000000000 ,364568000000000000 ,195805,198804,14,3,4,工作日,非高峰,2015-04-02,2015年4月2日,多云 /多云,30℃ / 18℃,南风 ≤3级 /南风 ≤3级,多云,多云,30,18,南风,≤3级,南风,≤3级,day
2015-04-02 15:10:00,金阳客站,7、未按规定让行的 ,负全部责任,不负责任,1,贵AU8908,白,1,贵AHU333,白,十一培,-1,1994/3/24 0:00,-1,瑞麒牌,奥迪,364548000000000000 ,366046000000000000 ,196210,198903,15,3,4,工作日,非高峰,2015-04-02,2015年4月2日,多云 /多云,30℃ / 18℃,南风 ≤3级 /南风 ≤3级,多云,多云,30,18,南风,≤3级,南风,≤3级,day
2015-04-02 12:25:00,中环南路,8、依法应负全责的其他情形,负全部责任,不负责任,1,贵AUA040,银,1,贵AD6933,黑,十一培,-1,1993/8/25 0:00,-1,大众,宝马牌,364557000000000000 ,364548000000000000 ,196310,199301,12,3,4,工作日,非高峰,2015-04-02,2015年4月2日,多云 /多云,30℃ / 18℃,南风 ≤3级 /南风 ≤3级,多云,多云,30,18,南风,≤3级,南风,≤3级,day
2015-04-02 15:30:00,枣山路,7、未按规定让行的 ,负全部责任,不负责任,1,贵AU0964,蓝,0,贵A8BM93,黑,十一培,-1,1996/7/25 0:00,-1,宇通牌,五菱牌,364548000000000000 ,364547000000000000 ,196405,198711,15,3,4,工作日,非高峰,2015-04-02,2015年4月2日,多云 /多云,30℃ / 18℃,南风 ≤3级 /南风 ≤3级,多云,多云,30,18,南风,≤3级,南风,≤3级,day
2015-03-31 17:00:00,遵义路,7、未按规定让行的 ,负全部责任,不负责任,1,贵AX9847,白色,1,贵A79H27,白色,十一培,自培,1994/3/9 0:00,2000/10/12 0:00,豪爵牌,比亚迪牌,364547000000000000 ,364547000000000000 ,195704,198204,17,1,3,工作日,晚高峰(17-19点),2015-03-31,2015年3月31日,多云 /多云,28℃ / 19℃,南风 ≤3级 /南风 ≤3级,多云,多云,28,19,南风,≤3级,南风,≤3级,day
2015-04-01 09:30:00,乌当,8、依法应负全责的其他情形,负全部责任,不负责任,1,贵AU7982,蓝,1,贵A54G18,银,十一培,自培,1998/5/4 0:00,2004/1/15 0:00,海格牌,别克牌,366067000000000000 ,366347000000000000 ,196811,198006,9,2,4,工作日,早高峰(7-9点),2015-04-01,2015年4月1日,多云 /多云,29℃ / 19℃,南风 ≤3级 /南风 ≤3级,多云,多云,29,19,南风,≤3级,南风,≤3级,day
2015-04-01 15:00:00,大理石路,1、追尾的,负全部责任,不负责任,1,贵AU9212,绿色,1,贵A37B85,白色,十一培,自培,1994/10/19 0:00,2007/6/7 0:00,豪爵牌,东风雪铁龙牌,364547000000000000 ,76366500000000000 ,196808,198608,15,2,4,工作日,非高峰,2015-04-01,2015年4月1日,多云 /多云,29℃ / 19℃,南风 ≤3级 /南风 ≤3级,多云,多云,29,19,南风,≤3级,南风,≤3级,day
2015-04-02 18:30:00,大西门,1、追尾的,负全部责任,不负责任,1,贵AU0145,白,1,贵AJ6349,白,十一培,520134,1991/9/19 0:00,2007/11/1 0:00,万达牌,雅奇牌,36454751854752645X,364566000000000000 ,197103,198612,18,3,4,工作日,晚高峰(17-19点),2015-04-02,2015年4月2日,多云 /多云,30℃ / 18℃,南风 ≤3级 /南风 ≤3级,多云,多云,30,18,南风,≤3级,南风,≤3级,day
2015-04-02 18:29:00,兴筑路,1、追尾的,负全部责任,不负责任,1,贵A95467,白,1,川A3MA14,白,十一培,-1,1995/5/12 0:00,-1,中集牌,别克牌 ,76063500000000000 ,364596000000000000 ,197205,199101,18,3,4,工作日,晚高峰(17-19点),2015-04-02,2015年4月2日,多云 /多云,30℃ / 18℃,南风 ≤3级 /南风 ≤3级,多云,多云,30,18,南风,≤3级,南风,≤3级,day
2015-04-02 22:00:00,文化路,1、追尾的,负全部责任,不负责任,1,贵A0BJ79,白色,1,贵A870H2,白色,十一培,-1,1993/11/24 0:00,-1,起亚牌,解放牌,364548000000000000 ,366061000000000000 ,196012,199206,22,3,4,工作日,非高峰,2015-04-02,2015年4月2日,多云 /多云,30℃ / 18℃,南风 ≤3级 /南风 ≤3级,多云,多云,30,18,南风,≤3级,南风,≤3级,night
2015-04-03 09:10:00,小河,7、未按规定让行的 ,负全部责任,不负责任,1,贵A33P51,白色,1,贵A2BA83,白色,十一培,市交校,1996/6/27 0:00,-1,东风日产牌,五菱牌,366361000000000000 ,366277000000000000 ,196312,198910,9,4,4,工作日,早高峰(7-9点),2015-04-03,2015年4月3日,多云 /多云,30℃ / 19℃,南风 ≤3级 /南风 ≤3级,多云,多云,30,19,南风,≤3级,南风,≤3级,day
2015-04-03 09:10:00,白云区,1、追尾的,负全部责任,不负责任,1,贵AL5711,黑,1,贵FX8075,黑,十一培,路路达驾校,1997/4/17 0:00,2014/12/2 0:00,思域牌,吉利牌,364558000000000000 ,366061000000000000 ,196802,197411,9,4,4,工作日,早高峰(7-9点),2015-04-03,2015年4月3日,多云 /多云,30℃ / 19℃,南风 ≤3级 /南风 ≤3级,多云,多云,30,19,南风,≤3级,南风,≤3级,day
2015-04-03 10:10:00,延安东路,9、不符合前8款规定或者双方同时具有上述情形的,负同等责任,负同等责任,1,贵A23E86,银,1,贵A3BL08,白,十一培,文通驾校,1994/1/10 0:00,2012/9/17 0:00,锋范牌,缤智牌,364548000000000000 ,366570000000000000 ,196101,198009,10,4,4,工作日,非高峰,2015-04-03,2015年4月3日,多云 /多云,30℃ / 19℃,南风 ≤3级 /南风 ≤3级,多云,多云,30,19,南风,≤3级,南风,≤3级,day
2015-04-03 10:47:00,乌当,7、未按规定让行的 ,负全部责任,不负责任,1,贵AKF388,银,1,贵A2318A,银,十一培,铁二局驾校,1991/11/6 0:00,2010/7/27 0:00,梅赛德斯-奔驰,起亚牌,364557000000000000 ,364557000000000000 ,196105,198111,10,4,4,工作日,非高峰,2015-04-03,2015年4月3日,多云 /多云,30℃ / 19℃,南风 ≤3级 /南风 ≤3级,多云,多云,30,19,南风,≤3级,南风,≤3级,day
2015-04-03 09:10:00,花溪大道中段,8、依法应负全责的其他情形,负全部责任,不负责任,1,贵A68N12,白色,1,贵A41V62,白色,十一培,-1,1997/12/18 0:00,-1,东南牌,奥迪,364556000000000000 ,366061000000000000 ,196512,197404,9,4,4,工作日,早高峰(7-9点),2015-04-03,2015年4月3日,多云 /多云,30℃ / 19℃,南风 ≤3级 /南风 ≤3级,多云,多云,30,19,南风,≤3级,南风,≤3级,day