accidenttime,accidentaddr,driver1fault,driver1responsibility,driver2responsibility,sex1,platenumber1,carcolor1,sex2,platenumber2,carcolor2,jxmc1,jxmc2,cclzrq1,cclzrq2,clpp1,clpp2,driver1license,driver2license,brith1,brith2,hour,weekday,month,is_weekday,peak_hour,date,日期,天气状况,气温,风力风向,day_wea,night_wea,day_tep,night_tep,day_wind_direction,day_wind_speed,night_wind_direction,night_wind_speed,segment
2015-04-03 11:30:00,北京西路,1、追尾的,负全部责任,不负责任,1,贵A98421,黑,1,贵A0940C,蓝,十一培,消防驾校,1995/8/23 0:00,2013/1/21 0:00,江淮,雪佛兰牌,364548000000000000 ,364558000000000000 ,195603,197511,11,4,4,工作日,非高峰,2015-04-03,2015年4月3日,多云 /多云,30℃ / 19℃,南风 ≤3级 /南风 ≤3级,多云,多云,30,19,南风,≤3级,南风,≤3级,day
2015-04-03 12:00:00,紫林庵,7、未按规定让行的 ,负全部责任,不负责任,1,贵AX8548,白色,1,贵AHN145,白色,十一培,预约考试窗口,1989/7/2 0:00,2007/7/9 0:00,奥迪牌,别克牌,364547000000000000 ,364551000000000000 ,196502,198705,12,4,4,工作日,非高峰,2015-04-03,2015年4月3日,多云 /多云,30℃ / 19℃,南风 ≤3级 /南风 ≤3级,多云,多云,30,19,南风,≤3级,南风,≤3级,day
2015-04-03 10:50:00,师大,7、未按规定让行的 ,负全部责任,不负责任,1,贵EQ2438,白,1,贵A15G18,白,十一培,自培,1998/5/4 0:00,2013/12/16 0:00,中华牌,比亚迪牌,36624551294156493X,364548000000000000 ,196809,198510,10,4,4,工作日,非高峰,2015-04-03,2015年4月3日,多云 /多云,30℃ / 19℃,南风 ≤3级 /南风 ≤3级,多云,多云,30,19,南风,≤3级,南风,≤3级,day
2015-04-03 14:00:00,黔灵山路,7、未按规定让行的 ,负同等责任,负同等责任,1,贵AU2102,绿,1,贵A90112,红,十一培,-1,1996/4/17 0:00,-1,瑞麒牌,劲隆牌,364547000000000000 ,35526651984142575X,196409,198709,14,4,4,工作日,非高峰,2015-04-03,2015年4月3日,多云 /多云,30℃ / 19℃,南风 ≤3级 /南风 ≤3级,多云,多云,30,19,南风,≤3级,南风,≤3级,day
2015-04-03 16:00:00,金源街,7、未按规定让行的 ,负全部责任,不负责任,1,贵AAA484,黑,1,贵GE7488,黑,十一培,全林驾校,1999/11/24 0:00,2012/2/17 0:00,明锐牌,福特锐界,364558000000000000 ,366361000000000000 ,197311,198407,16,4,4,工作日,非高峰,2015-04-03,2015年4月3日,多云 /多云,30℃ / 19℃,南风 ≤3级 /南风 ≤3级,多云,多云,30,19,南风,≤3级,南风,≤3级,day
2015-04-03 19:40:00,三桥,8、依法应负全责的其他情形,负全部责任,不负责任,1,贵AU6296,绿,1,贵AU7325,蓝,十一培,（南明区）金大驾驶培训有限公司,1993/3/17 0:00,2005/8/26 0:00,飞肯牌,恒通客车牌,364548000000000000 ,364547000000000000 ,196411,198309,19,4,4,工作日,晚高峰(17-19点),2015-04-03,2015年4月3日,多云 /多云,30℃ / 19℃,南风 ≤3级 /南风 ≤3级,多云,多云,30,19,南风,≤3级,南风,≤3级,day
2015-04-02 16:00:00,乌当区,7、未按规定让行的 ,负全部责任,不负责任,1,贵A84R55,白色,1,贵ACN714,白色,十一培,自培,1995/11/11 0:00,2006/2/22 0:00,东风标致牌,东风标致牌,36454751834049246X,34479751985558987X,197504,198711,16,3,4,工作日,非高峰,2015-04-02,2015年4月2日,多云 /多云,30℃ / 18℃,南风 ≤3级 /南风 ≤3级,多云,多云,30,18,南风,≤3级,南风,≤3级,day
2015-04-02 17:13:00,小河,8、依法应负全责的其他情形,负全部责任,不负责任,1,贵AL8879,白色,1,浙G49565C,白色,十一培,自培,1999/8/13 0:00,2009/3/26 0:00,丰田牌,-1,364547000000000000 ,77485151845569035X,197112,197011,17,3,4,工作日,晚高峰(17-19点),2015-04-02,2015年4月2日,多云 /多云,30℃ / 18℃,南风 ≤3级 /南风 ≤3级,多云,多云,30,18,南风,≤3级,南风,≤3级,day
2015-04-02 16:30:00,百花大道,7、未按规定让行的 ,负全部责任,不负责任,1,贵AU5309,绿,1,贵AU3426,绿,十一培,自培,1998/8/27 0:00,2001/6/7 0:00,豪爵牌,望龙牌,364547000000000000 ,366064000000000000 ,195701,198211,16,3,4,工作日,非高峰,2015-04-02,2015年4月2日,多云 /多云,30℃ / 18℃,南风 ≤3级 /南风 ≤3级,多云,多云,30,18,南风,≤3级,南风,≤3级,day
2015-04-02 17:00:00,金阳,1、追尾的,负全部责任,不负责任,1,贵A44933,银,1,贵AE2177,黄,十一培,自培,1991/12/23 0:00,2003/9/23 0:00,嘉陵,奥迪牌,364547000000000000 ,364547000000000000 ,195910,196909,17,3,4,工作日,晚高峰(17-19点),2015-04-02,2015年4月2日,多云 /多云,30℃ / 18℃,南风 ≤3级 /南风 ≤3级,多云,多云,30,18,南风,≤3级,南风,≤3级,day
2015-04-03 17:20:00,水口寺大桥,1、追尾的,负全部责任,不负责任,1,贵AF6149,银,1,贵A94329,银,十一培,-1,1996/1/26 0:00,-1,海马,大众汽车牌,355468000000000000 ,364547000000000000 ,197712,196404,17,4,4,工作日,晚高峰(17-19点),2015-04-03,2015年4月3日,多云 /多云,30℃ / 19℃,南风 ≤3级 /南风 ≤3级,多云,多云,30,19,南风,≤3级,南风,≤3级,day
2015-04-04 04:00:00,小车河,7、未按规定让行的 ,负全部责任,不负责任,1,贵A9746B,白色,1,贵A8BL16,白色,十一培,吉源驾校（南明区）,1996/7/10 0:00,2015/3/6 0:00,众泰牌,别克牌,364547000000000000 ,366563000000000000 ,196909,197911,4,5,4,工作日,非高峰,2015-04-04,2015年4月4日,多云 /多云,29℃ / 18℃,南风 ≤3级 /南风 ≤3级,多云,多云,29,18,南风,≤3级,南风,≤3级,night
2015-04-04 08:56:00,孟关,1、追尾的,负全部责任,不负责任,1,贵ACR098,白色,1,贵A58K84,白色,十一培,顺一驾驶培训学校,1993/3/3 0:00,2010/10/29 0:00,众泰牌,长安牌,364556000000000000 ,364547000000000000 ,197411,198801,8,5,4,工作日,早高峰(7-9点),2015-04-04,2015年4月4日,多云 /多云,29℃ / 18℃,南风 ≤3级 /南风 ≤3级,多云,多云,29,18,南风,≤3级,南风,≤3级,day
2015-04-04 09:00:00,汤巴关,3、倒车的,负全部责任,不负责任,1,贵A86W36,白色,1,贵A65K47,白色,十一培,长运驾校（南明区）,1985/10/31 0:00,2015/2/27 0:00,神行者,福克斯牌,364547000000000000 ,364547000000000000 ,196906,199404,9,5,4,工作日,早高峰(7-9点),2015-04-04,2015年4月4日,多云 /多云,29℃ / 18℃,南风 ≤3级 /南风 ≤3级,多云,多云,29,18,南风,≤3级,南风,≤3级,day
2015-04-04 09:20:00,火车站,7、未按规定让行的 ,负全部责任,不负责任,1,贵AGU989,白色,1,贵A36M91,白色,十一培,新天驾校,1994/8/24 0:00,2011/5/23 0:00,英伦牌,宝骏牌,364547000000000000 ,36454751234362005X,196102,196505,9,5,4,工作日,早高峰(7-9点),2015-04-04,2015年4月4日,多云 /多云,29℃ / 18℃,南风 ≤3级 /南风 ≤3级,多云,多云,29,18,南风,≤3级,南风,≤3级,day
2015-04-04 10:30:00,涴沙桥,1、追尾的,负全部责任,不负责任,1,贵A05315,黑,1,贵A11C72,黑,十一培,贵大驾校,1999/4/21 0:00,2011/5/13 0:00,福田牌,比亚迪牌,554550000000000000 ,36455551984561595X,197312,198701,10,5,4,工作日,非高峰,2015-04-04,2015年4月4日,多云 /多云,29℃ / 18℃,南风 ≤3级 /南风 ≤3级,多云,多云,29,18,南风,≤3级,南风,≤3级,day
2015-04-04 10:35:00,云潭路,7、未按规定让行的 ,负全部责任,不负责任,1, 贵AVF525,银,1,贵CB1461,银,十一培,-1,1989/7/13 0:00,-1,-1,长安牌,366770000000000000 ,366566000000000000 ,196004,197912,10,5,4,工作日,非高峰,2015-04-04,2015年4月4日,多云 /多云,29℃ / 18℃,南风 ≤3级 /南风 ≤3级,多云,多云,29,18,南风,≤3级,南风,≤3级,day
2015-04-04 10:20:00,孟关,3、倒车的,负全部责任,不负责任,1,贵AMT911,白色,1,贵A1666G,白色,十一培,-1,1998/10/12 0:00,-1,红旗牌,马自达牌,364547000000000000 ,354748000000000000 ,198002,196503,10,5,4,工作日,非高峰,2015-04-04,2015年4月4日,多云 /多云,29℃ / 18℃,南风 ≤3级 /南风 ≤3级,多云,多云,29,18,南风,≤3级,南风,≤3级,day
2015-04-04 13:25:00,黔林山路,7、未按规定让行的 ,负全部责任,不负责任,1,贵A47K98,黄,1,贵A74H37,黄,十一培,全林驾校,1982/11/26 0:00,2014/3/31 0:00,夏利牌,翼虎牌,366364000000000000 ,366263000000000000 ,196209,198007,13,5,4,工作日,非高峰,2015-04-04,2015年4月4日,多云 /多云,29℃ / 18℃,南风 ≤3级 /南风 ≤3级,多云,多云,29,18,南风,≤3级,南风,≤3级,day
2015-04-04 15:00:00,三桥,7、未按规定让行的 ,负全部责任,不负责任,1,贵A36W14,黄,1,川EL6614,白,十一培,-1,1994/5/30 0:00,-1,奥迪牌,宝骏牌 ,364548000000000000 ,354347000000000000 ,195903,198605,15,5,4,工作日,非高峰,2015-04-04,2015年4月4日,多云 /多云,29℃ / 18℃,南风 ≤3级 /南风 ≤3级,多云,多云,29,18,南风,≤3级,南风,≤3级,day
2015-04-05 08:00:00,涴沙桥,1、追尾的,负全部责任,不负责任,1,贵AU7995,蓝,1,贵ACK432,白,十一培,预约考试窗口,1991/12/23 0:00,2007/4/19 0:00,奇瑞牌,东风标致牌,364547000000000000 ,364548000000000000 ,196806,197905,8,6,4,周末,早高峰(7-9点),2015-04-05,2015年4月5日,阴 /阵雨,30℃ / 12℃,南风 ≤3级 /东北风 ≤3级,阴,阵雨,30,12,南风,≤3级,东北风,≤3级,day
2015-04-05 17:00:00,蟠桃宫,1、追尾的,负全部责任,不负责任,1,贵AKL198,白色,1,贵AU5774,白色,十一培,消防驾校,1992/11/25 0:00,2000/4/19 0:00,大众牌,豪爵牌,364548000000000000 ,364547000000000000 ,197312,197505,17,6,4,周末,晚高峰(17-19点),2015-04-05,2015年4月5日,阴 /阵雨,30℃ / 12℃,南风 ≤3级 /东北风 ≤3级,阴,阵雨,30,12,南风,≤3级,东北风,≤3级,day
2015-04-05 17:00:00,贵惠路,4、停车时未挂低速档、未拉驻车制动，导致车辆滑行的,负全部责任,不负责任,1,贵A3AY33,白色,1,贵ARM662,白色,十一培,遵义驾校,1994/10/13 0:00,2006/9/7 0:00,哈弗牌,别克牌,366346000000000000 ,366546000000000000 ,196301,198709,17,6,4,周末,晚高峰(17-19点),2015-04-05,2015年4月5日,阴 /阵雨,30℃ / 12℃,南风 ≤3级 /东北风 ≤3级,阴,阵雨,30,12,南风,≤3级,东北风,≤3级,day
2015-04-05 18:20:00,金清大道,8、依法应负全责的其他情形,负全部责任,不负责任,1,贵A09231,黑,1,贵AN1382,银,十一培,-1,1991/5/18 0:00,-1,金龙牌,嘉陵牌,366577000000000000 ,36459551155665565X,196606,199112,18,6,4,周末,晚高峰(17-19点),2015-04-05,2015年4月5日,阴 /阵雨,30℃ / 12℃,南风 ≤3级 /东北风 ≤3级,阴,阵雨,30,12,南风,≤3级,东北风,≤3级,day
2015-04-05 14:00:00,解放路,8、依法应负全责的其他情形,负全部责任,不负责任,1,贵AMN123,银,1,贵A3BL45,银,十一培,预约考试窗口,1997/10/5 0:00,2007/8/7 0:00,起亚牌,夏利牌,54162500000000000 ,36604551934245617X,197606,198506,14,6,4,周末,非高峰,2015-04-05,2015年4月5日,阴 /阵雨,30℃ / 12℃,南风 ≤3级 /东北风 ≤3级,阴,阵雨,30,12,南风,≤3级,东北风,≤3级,day
2015-04-05 21:30:00,飞山街,7、未按规定让行的 ,负全部责任,不负责任,1,贵A85Y14,红,1,贵AR5224,黑,十一培,-1,1999/9/4 0:00,-1,吉利美日牌,大运牌,364547000000000000 ,3645571834264445X,198103,975062,21,6,4,周末,非高峰,2015-04-05,2015年4月5日,阴 /阵雨,30℃ / 12℃,南风 ≤3级 /东北风 ≤3级,阴,阵雨,30,12,南风,≤3级,东北风,≤3级,night
2015-04-06 13:30:00,花果园,7、未按规定让行的 ,负全部责任,不负责任,1,川AM4939,红,1,贵A34A99,黄 ,十一培,-1,1999/8/27 0:00,-1,五十铃牌,宝马牌,355464000000000000 ,3645960000000000 ,196802,198704,13,0,4,工作日,非高峰,2015-04-06,2015年4月6日,阵雨 /阵雨,17℃ / 7℃,东北风 ≤3级 /东北风 ≤3级,阵雨,阵雨,17,7,东北风,≤3级,东北风,≤3级,day
2015-04-06 11:31:00,清水江路,3、倒车的,负全部责任,不负责任,1,贵A0362T,白色,1,贵GV6167,白色,十一培,-1,1997/5/13 0:00,-1,长安牌,东风雪铁龙牌,364547000000000000 ,364548000000000000 ,196711,198102,11,0,4,工作日,非高峰,2015-04-06,2015年4月6日,阵雨 /阵雨,17℃ / 7℃,东北风 ≤3级 /东北风 ≤3级,阵雨,阵雨,17,7,东北风,≤3级,东北风,≤3级,day
2015-04-06 16:00:00,解放路,1、追尾的,负全部责任,不负责任,1,贵ABQ724,白色,1,贵A44P95,白色,十一培,520106,1993/4/7 0:00,2007/12/4 0:00,东风雪铁龙牌,长安牌,364556000000000000 ,364547000000000000 ,195501,197010,16,0,4,工作日,非高峰,2015-04-06,2015年4月6日,阵雨 /阵雨,17℃ / 7℃,东北风 ≤3级 /东北风 ≤3级,阵雨,阵雨,17,7,东北风,≤3级,东北风,≤3级,day
2015-04-06 16:15:00,金阳,8、依法应负全责的其他情形,负全部责任,不负责任,1,贵AU4993,绿,1,贵AU1943,黑,十一培,文通驾校,1996/4/2 0:00,2011/8/2 0:00,捷达牌,丰田牌,366046000000000000 ,36456751994257565X,197605,198806,16,0,4,工作日,非高峰,2015-04-06,2015年4月6日,阵雨 /阵雨,17℃ / 7℃,东北风 ≤3级 /东北风 ≤3级,阵雨,阵雨,17,7,东北风,≤3级,东北风,≤3级,day
2015-04-04 11:00:00,延安东路,8、依法应负全责的其他情形,负全部责任,不负责任,1,贵AVE387,白色,1,贵AU7293,白色,十一培,自培,1993/4/20 0:00,2001/11/29 0:00,雷克萨斯,安凯牌,364547000000000000 ,364547000000000000 ,196112,197608,11,5,4,工作日,非高峰,2015-04-04,2015年4月4日,多云 /多云,29℃ / 18℃,南风 ≤3级 /南风 ≤3级,多云,多云,29,18,南风,≤3级,南风,≤3级,day
2015-04-04 10:00:00,孟关,3、倒车的,负全部责任,不负责任,1,贵AMT919,白色,1,贵A1666G,白色,十一培,自培,1998/10/12 0:00,2004/4/30 0:00,别克,马自达牌,364547000000000000 ,357475000000000000 ,198002,196503,10,5,4,工作日,非高峰,2015-04-04,2015年4月4日,多云 /多云,29℃ / 18℃,南风 ≤3级 /南风 ≤3级,多云,多云,29,18,南风,≤3级,南风,≤3级,day
2015-04-04 13:58:00,机场路,1、追尾的,负全部责任,不负责任,1,贵AU6245,蓝,1,渝AV2425,黑,十一培,自培,1998/6/1 0:00,2006/11/3 0:00,黄海牌,蒙迪欧牌,364548000000000000 ,654261000000000000 ,197908,197607,13,5,4,工作日,非高峰,2015-04-04,2015年4月4日,多云 /多云,29℃ / 18℃,南风 ≤3级 /南风 ≤3级,多云,多云,29,18,南风,≤3级,南风,≤3级,day
2015-04-06 17:00:00,月亮岩,7、未按规定让行的 ,负全部责任,不负责任,0,贵A15W76,银,1,贵AQS517,银,十一培,520101,1995/12/4 0:00,2008/5/6 0:00,夏利牌,宝马,364547000000000000 ,57462500000000000 ,196310,197508,17,0,4,工作日,晚高峰(17-19点),2015-04-06,2015年4月6日,阵雨 /阵雨,17℃ / 7℃,东北风 ≤3级 /东北风 ≤3级,阵雨,阵雨,17,7,东北风,≤3级,东北风,≤3级,day
2015-04-06 18:00:00,省医,3、倒车的,负全部责任,不负责任,1,贵AAW757,白色,1,贵A31N56,白色,十一培,-1,1994/7/11 0:00,-1,别克牌,凯宴B5,366364000000000000 ,35746751954565685X,196705,198101,18,0,4,工作日,晚高峰(17-19点),2015-04-06,2015年4月6日,阵雨 /阵雨,17℃ / 7℃,东北风 ≤3级 /东北风 ≤3级,阵雨,阵雨,17,7,东北风,≤3级,东北风,≤3级,day
2015-04-07 07:45:00,月亮岩,3、倒车的,负全部责任,不负责任,1,贵A60291,黑色,1,贵A4AY56,白色,十一培,-1,1985/8/25 0:00,-1,空,大众牌,364547000000000000 ,724667000000000000 ,196009,199206,7,1,4,工作日,早高峰(7-9点),2015-04-07,2015年4月7日,小雨 /小雨,9℃ / 5℃,东北风 ≤3级 /东北风 ≤3级,小雨,小雨,9,5,东北风,≤3级,东北风,≤3级,day
2015-04-07 08:00:00,浣纱路,7、未按规定让行的 ,负全部责任,不负责任,1,贵AB3804,白色,1,贵A35517,白色,十一培,-1,1993/12/16 0:00,-1,指南者,云雀,364548000000000000 ,3645470000000000 ,196102,197205,8,1,4,工作日,早高峰(7-9点),2015-04-07,2015年4月7日,小雨 /小雨,9℃ / 5℃,东北风 ≤3级 /东北风 ≤3级,小雨,小雨,9,5,东北风,≤3级,东北风,≤3级,day
2015-04-07 08:00:00,西二环,1、追尾的,负全部责任,不负责任,1,贵AA0966,黑,1,贵GS1577,银,十一培,520102,1984/4/4 0:00,2009/11/20 0:00,雪佛兰牌,雅阁牌,364547000000000000 ,354366000000000000 ,195710,197107,8,1,4,工作日,早高峰(7-9点),2015-04-07,2015年4月7日,小雨 /小雨,9℃ / 5℃,东北风 ≤3级 /东北风 ≤3级,小雨,小雨,9,5,东北风,≤3级,东北风,≤3级,day
2015-04-07 10:00:00,三桥,5、开关车门的,负全部责任,不负责任,1,贵AJ5612,黑,1,贵A9268T,白,十一培,-1,1994/8/3 0:00,-1,别克(BUICK)牌,金杯牌,364548000000000000 ,366064000000000000 ,196611,199409,10,1,4,工作日,非高峰,2015-04-07,2015年4月7日,小雨 /小雨,9℃ / 5℃,东北风 ≤3级 /东北风 ≤3级,小雨,小雨,9,5,东北风,≤3级,东北风,≤3级,day
2015-04-07 12:40:00,新添寨,1、追尾的,负全部责任,不负责任,1,贵A18N95,银,1,贵A45Y73,蓝,十一培,520106,1997/6/18 0:00,2007/12/4 0:00,大众汽车牌,高尔夫牌,364556000000000000 ,366846000000000000 ,196708,196708,12,1,4,工作日,非高峰,2015-04-07,2015年4月7日,小雨 /小雨,9℃ / 5℃,东北风 ≤3级 /东北风 ≤3级,小雨,小雨,9,5,东北风,≤3级,东北风,≤3级,day
2015-04-07 17:00:00,省委,7、未按规定让行的 ,负全部责任,不负责任,1,贵AA3365,白色,1,贵A5903警,白色,十一培,自培,1998/9/3 0:00,2014/12/11 0:00,长安,-1,36454651895465606X,366567000000000000 ,197810,198602,17,1,4,工作日,晚高峰(17-19点),2015-04-07,2015年4月7日,小雨 /小雨,9℃ / 5℃,东北风 ≤3级 /东北风 ≤3级,小雨,小雨,9,5,东北风,≤3级,东北风,≤3级,day
2015-04-07 15:00:00,三桥,7、未按规定让行的 ,负全部责任,不负责任,1,贵A00441,银,1,贵A9170T,黄,十一培,全林驾校,1997/5/8 0:00,2012/9/25 0:00,柳特神力牌,江铃牌,366367000000000000 ,364567000000000000 ,197504,199105,15,1,4,工作日,非高峰,2015-04-07,2015年4月7日,小雨 /小雨,9℃ / 5℃,东北风 ≤3级 /东北风 ≤3级,小雨,小雨,9,5,东北风,≤3级,东北风,≤3级,day
2015-04-07 14:10:00,中华北路,7、未按规定让行的 ,负全部责任,不负责任,1,贵AVK434,黑,1,贵AU6325,蓝,十一培,-1,1995/9/24 0:00,-1,奥迪,捷达牌,364548000000000000 ,36636800000000 ,197311,105310,14,1,4,工作日,非高峰,2015-04-07,2015年4月7日,小雨 /小雨,9℃ / 5℃,东北风 ≤3级 /东北风 ≤3级,小雨,小雨,9,5,东北风,≤3级,东北风,≤3级,day
2015-04-07 17:00:00,解放路,9、不符合前8款规定或者双方同时具有上述情形的,负同等责任,负同等责任,1,贵A22122,白色,1,贵A6BK79,白色,十一培,-1,1994/5/24 0:00,-1,宗申牌,东风日产牌,364547000000000000 ,775468000000000000 ,196601,198411,17,1,4,工作日,晚高峰(17-19点),2015-04-07,2015年4月7日,小雨 /小雨,9℃ / 5℃,东北风 ≤3级 /东北风 ≤3级,小雨,小雨,9,5,东北风,≤3级,东北风,≤3级,day
2015-04-07 15:00:00,甲秀南路,1、追尾的,负全部责任,不负责任,1,贵A93E12,白色,1,贵CS2111,白色,十一培,-1,1998/5/19 0:00,-1,长城牌,丰田红杉,366364000000000000 ,36656600000000000 ,196805,194110,15,1,4,工作日,非高峰,2015-04-07,2015年4月7日,小雨 /小雨,9℃ / 5℃,东北风 ≤3级 /东北风 ≤3级,小雨,小雨,9,5,东北风,≤3级,东北风,≤3级,day
2015-04-07 17:50:00,三桥,7、未按规定让行的 ,负全部责任,不负责任,1,贵AU4533,黄,1,贵A5BX85,白,十一培,金大驾校,1994/3/8 0:00,2010/6/1 0:00,豪爵牌,长安牌,364547000000000000 ,355566000000000000 ,197206,197308,17,1,4,工作日,晚高峰(17-19点),2015-04-07,2015年4月7日,小雨 /小雨,9℃ / 5℃,东北风 ≤3级 /东北风 ≤3级,小雨,小雨,9,5,东北风,≤3级,东北风,≤3级,day
2015-04-07 17:00:00,花溪,8、依法应负全责的其他情形,负全部责任,不负责任,1,贵AV6733,白色,1,贵F73100,白色,十一培,-1,1992/4/12 0:00,-1,嘉陵牌,骥达牌,364547000000000000 ,366067000000000000 ,197103,196307,17,1,4,工作日,晚高峰(17-19点),2015-04-07,2015年4月7日,小雨 /小雨,9℃ / 5℃,东北风 ≤3级 /东北风 ≤3级,小雨,小雨,9,5,东北风,≤3级,东北风,≤3级,day
2015-04-08 08:14:00,铜仁路,8、依法应负全责的其他情形,负全部责任,不负责任,1,贵AU0787,蓝,1,贵GV1658,黑,十一培,吉源驾校,1994/6/19 0:00,2014/12/1 0:00,恒通客车牌,英伦牌,364548000000000000 ,36636051805553625X,195710,197411,8,2,4,工作日,早高峰(7-9点),2015-04-08,2015年4月8日,小雨 /小雨,10℃ / 6℃,东北风 ≤3级 /东北风 ≤3级,小雨,小雨,10,6,东北风,≤3级,东北风,≤3级,day
2015-04-08 07:50:00,金阳,1、追尾的,负全部责任,不负责任,1,贵JM5171,银,1,贵AB647R,红,十一培,-1,1999/12/30 0:00,-1,东风雪铁龙牌,东风日产牌,364557000000000000 ,364548000000000000 ,198104,197311,7,2,4,工作日,早高峰(7-9点),2015-04-08,2015年4月8日,小雨 /小雨,10℃ / 6℃,东北风 ≤3级 /东北风 ≤3级,小雨,小雨,10,6,东北风,≤3级,东北风,≤3级,day
2015-04-08 09:00:00,花果园,1、追尾的,负全部责任,不负责任,1,贵AGM285,白色,1,贵ASW963,白色,十一培,520101,1995/8/21 0:00,2010/2/9 0:00,长安牌,丰田牌,364548000000000000 ,364548000000000000 ,195711,198908,9,2,4,工作日,早高峰(7-9点),2015-04-08,2015年4月8日,小雨 /小雨,10℃ / 6℃,东北风 ≤3级 /东北风 ≤3级,小雨,小雨,10,6,东北风,≤3级,东北风,≤3级,day
2015-04-08 10:00:00,会展城,7、未按规定让行的 ,负全部责任,不负责任,1,贵A26576,白,1,贵AS4381,银,十一培,自培,1995/3/15 0:00,1998/9/14 0:00,精通天马,波罗牌,366361000000000000 ,364547000000000000 ,197602,194705,10,2,4,工作日,非高峰,2015-04-08,2015年4月8日,小雨 /小雨,10℃ / 6℃,东北风 ≤3级 /东北风 ≤3级,小雨,小雨,10,6,东北风,≤3级,东北风,≤3级,day
2015-04-08 08:40:00,马掌坡,8、依法应负全责的其他情形,负全部责任,不负责任,1,贵A2474P,黑,1,贵CL9629,红,十一培,-1,1992/6/2 0:00,-1,中华牌,长安牌,364558000000000000 ,07426251854156365X,195405,197109,8,2,4,工作日,早高峰(7-9点),2015-04-08,2015年4月8日,小雨 /小雨,10℃ / 6℃,东北风 ≤3级 /东北风 ≤3级,小雨,小雨,10,6,东北风,≤3级,东北风,≤3级,day
2015-04-08 11:00:00,东站,3、倒车的,负全部责任,不负责任,1,贵ACT858,白色,1,贵A84K12,白色,十一培,新天驾校,1994/7/31 0:00,2011/3/23 0:00,中顺牌,五菱牌,364548000000000000 ,366067000000000000 ,196306,198507,11,2,4,工作日,非高峰,2015-04-08,2015年4月8日,小雨 /小雨,10℃ / 6℃,东北风 ≤3级 /东北风 ≤3级,小雨,小雨,10,6,东北风,≤3级,东北风,≤3级,day
2015-04-08 15:00:00,南辅路,8、依法应负全责的其他情形,负全部责任,不负责任,1,贵AGY672,白色,1,贵AEL654,白色,十一培,新华驾校,1993/11/21 0:00,2011/4/1 0:00,英伦牌,别克牌,364547000000000000 ,364547000000000000 ,195808,199111,15,2,4,工作日,非高峰,2015-04-08,2015年4月8日,小雨 /小雨,10℃ / 6℃,东北风 ≤3级 /东北风 ≤3级,小雨,小雨,10,6,东北风,≤3级,东北风,≤3级,day
2015-04-07 15:30:00,枣山路,7、未按规定让行的 ,负全部责任,不负责任,1,贵AV6033,白色,1,贵A88M13,白色,十一培,自培,1992/2/10 0:00,2004/10/8 0:00,力之星牌,东风标致牌,364547000000000000 ,364547000000000000 ,197108,197612,15,1,4,工作日,非高峰,2015-04-07,2015年4月7日,小雨 /小雨,9℃ / 5℃,东北风 ≤3级 /东北风 ≤3级,小雨,小雨,9,5,东北风,≤3级,东北风,≤3级,day
2015-04-07 18:30:00,新华路,7、未按规定让行的 ,负全部责任,不负责任,1,贵AU5707,绿,1,贵A5AT43,红,十一培,自培,1991/11/27 0:00,2003/1/16 0:00,捷达牌,骊威牌,364547000000000000 ,364556000000000000 ,195804,197506,18,1,4,工作日,晚高峰(17-19点),2015-04-07,2015年4月7日,小雨 /小雨,9℃ / 5℃,东北风 ≤3级 /东北风 ≤3级,小雨,小雨,9,5,东北风,≤3级,东北风,≤3级,day
2015-04-07 18:15:00,解放路,1、追尾的,负全部责任,不负责任,1,贵A76810,白色,1,临贵ACK613,白色,十一培,自培,1993/9/12 0:00,2003/4/3 0:00,丰田牌,-1,364547000000000000 ,364548000000000000 ,196808,197010,18,1,4,工作日,晚高峰(17-19点),2015-04-07,2015年4月7日,小雨 /小雨,9℃ / 5℃,东北风 ≤3级 /东北风 ≤3级,小雨,小雨,9,5,东北风,≤3级,东北风,≤3级,day
2015-04-08 09:20:00,杨家山隧道,1、追尾的,负全部责任,不负责任,1, 贵AGA136,红,1,贵A3S753,白,十一培,自培,1993/1/17 0:00,2001/8/25 0:00,-1,-1,366369000000000000 ,364547000000000000 ,196611,197403,9,2,4,工作日,早高峰(7-9点),2015-04-08,2015年4月8日,小雨 /小雨,10℃ / 6℃,东北风 ≤3级 /东北风 ≤3级,小雨,小雨,10,6,东北风,≤3级,东北风,≤3级,day
2015-04-08 08:45:00,中坝,1、追尾的,负全部责任,不负责任,1,贵AP7269,黑,0,贵AM3556,红,十一培,自培,1989/10/20 0:00,2001/5/14 0:00,东本牌,雪佛兰牌,364558000000000000 ,364558000000000000 ,196308,196310,8,2,4,工作日,早高峰(7-9点),2015-04-08,2015年4月8日,小雨 /小雨,10℃ / 6℃,东北风 ≤3级 /东北风 ≤3级,小雨,小雨,10,6,东北风,≤3级,东北风,≤3级,day