accidenttime,accidentaddr,driver1fault,driver1responsibility,driver2responsibility,sex1,platenumber1,carcolor1,sex2,platenumber2,carcolor2,jxmc1,jxmc2,cclzrq1,cclzrq2,clpp1,clpp2,driver1license,driver2license,brith1,brith2,hour,weekday,month,is_weekday,peak_hour,date,日期,天气状况,气温,风力风向,day_wea,night_wea,day_tep,night_tep,day_wind_direction,day_wind_speed,night_wind_direction,night_wind_speed,segment
2015-04-08 11:40:00,师大,7、未按规定让行的 ,负全部责任,不负责任,1,贵A53Y24,黑,1,贵A19G28,黑,十一培,金大驾校,1994/1/18 0:00,2012/8/1 0:00,宝马4395CC小轿车,福克斯牌,364558000000000000 ,366566000000000000 ,197511,197708,11,2,4,工作日,非高峰,2015-04-08,2015年4月8日,小雨 /小雨,10℃ / 6℃,东北风 ≤3级 /东北风 ≤3级,小雨,小雨,10,6,东北风,≤3级,东北风,≤3级,day
2015-04-08 14:00:00,头桥,3、倒车的,负全部责任,不负责任,1,贵A5BY78,白,1,贵A76Y65,白,十一培,预约考试窗口,1994/3/16 0:00,2007/4/29 0:00,长安牌,宝马牌,364646000000000000 ,364557000000000000 ,195102,197711,14,2,4,工作日,非高峰,2015-04-08,2015年4月8日,小雨 /小雨,10℃ / 6℃,东北风 ≤3级 /东北风 ≤3级,小雨,小雨,10,6,东北风,≤3级,东北风,≤3级,day
2015-04-08 18:30:00,贵乌路,7、未按规定让行的 ,负全部责任,不负责任,1,贵A97K54,黑,1,贵A8334,白,十一培,520116,1993/6/3 0:00,2008/9/26 0:00,红旗,捷达牌,364548000000000000 ,364548000000000000 ,196102,198807,18,2,4,工作日,晚高峰(17-19点),2015-04-08,2015年4月8日,小雨 /小雨,10℃ / 6℃,东北风 ≤3级 /东北风 ≤3级,小雨,小雨,10,6,东北风,≤3级,东北风,≤3级,day
2015-04-08 20:30:00,保利,7、未按规定让行的 ,负全部责任,不负责任,1,贵AKP788,黑,0,贵AL1066,红,十一培,时法驾校,1990/11/11 0:00,2006/6/15 0:00,奥迪牌,福克斯牌,364547000000000000 ,364548000000000000 ,197005,197502,20,2,4,工作日,非高峰,2015-04-08,2015年4月8日,小雨 /小雨,10℃ / 6℃,东北风 ≤3级 /东北风 ≤3级,小雨,小雨,10,6,东北风,≤3级,东北风,≤3级,night
2015-04-09 21:35:00,春雷路,1、追尾的,负全部责任,不负责任,1,贵ABZ503,黑,1,贵FY2039,蓝,十一培,-1,1994/1/3 0:00,-1,锋范牌,吉利牌,366061000000000000 ,36606351824049227X,197109,197604,21,3,4,工作日,非高峰,2015-04-09,2015年4月9日,阴 /小雨,11℃ / 7℃,东北风 ≤3级 /东北风 ≤3级,阴,小雨,11,7,东北风,≤3级,东北风,≤3级,night
2015-04-08 20:50:00,花果园,7、未按规定让行的 ,负全部责任,不负责任,1,贵AU6162,白色,1,川E563A9,白色,十一培,-1,1997/8/27 0:00,-1,捷达牌,比亚迪牌 ,366868000000000000 ,354361000000000000 ,197211,197207,20,2,4,工作日,非高峰,2015-04-08,2015年4月8日,小雨 /小雨,10℃ / 6℃,东北风 ≤3级 /东北风 ≤3级,小雨,小雨,10,6,东北风,≤3级,东北风,≤3级,night
2015-04-09 03:36:00,杨家山隧道,1、追尾的,负全部责任,不负责任,1,贵AV7658,白色,1,贵A0BC05,白色,十一培,-1,1991/5/11 0:00,-1,江淮牌,马自达牌,36454751214843495X,366274000000000000 ,196907,198612,3,3,4,工作日,非高峰,2015-04-09,2015年4月9日,阴 /小雨,11℃ / 7℃,东北风 ≤3级 /东北风 ≤3级,阴,小雨,11,7,东北风,≤3级,东北风,≤3级,night
2015-04-09 08:30:00,市南路,3、倒车的,负全部责任,不负责任,1,贵A81S16,白色,1,贵A82N88,白色,十一培,自培,1997/12/25 0:00,2004/8/20 0:00,凯迪拉克,迈腾牌,36654551835667765X,366861000000000000 ,197512,198306,8,3,4,工作日,早高峰(7-9点),2015-04-09,2015年4月9日,阴 /小雨,11℃ / 7℃,东北风 ≤3级 /东北风 ≤3级,阴,小雨,11,7,东北风,≤3级,东北风,≤3级,day
2015-04-09 07:55:00,新添寨,1、追尾的,负全部责任,不负责任,1,贵AU3762,黄,0,贵AB6330,蓝,十一培,-1,1994/5/11 0:00,-1,宝来牌,宗申牌,364557000000000000 ,364557000000000000 ,197006,198404,7,3,4,工作日,早高峰(7-9点),2015-04-09,2015年4月9日,阴 /小雨,11℃ / 7℃,东北风 ≤3级 /东北风 ≤3级,阴,小雨,11,7,东北风,≤3级,东北风,≤3级,day
2015-04-09 08:50:00,白云区,1、追尾的,负全部责任,不负责任,1,贵A32342,银,1,贵JH3195,银,十一培,-1,1991/9/5 0:00,-1,金龙牌,五菱牌,364558000000000000 ,364576000000000000 ,197206,198912,8,3,4,工作日,早高峰(7-9点),2015-04-09,2015年4月9日,阴 /小雨,11℃ / 7℃,东北风 ≤3级 /东北风 ≤3级,阴,小雨,11,7,东北风,≤3级,东北风,≤3级,day
2015-04-09 08:40:00,威清路,9、不符合前8款规定或者双方同时具有上述情形的,负同等责任,负同等责任,1,贵AU5056,绿,0,贵GAA731,红,十一培,-1,1999/6/29 0:00,-1,捷达牌,丰田牌,366662000000000000 ,355266000000000000 ,196910,199105,8,3,4,工作日,早高峰(7-9点),2015-04-09,2015年4月9日,阴 /小雨,11℃ / 7℃,东北风 ≤3级 /东北风 ≤3级,阴,小雨,11,7,东北风,≤3级,东北风,≤3级,day
2015-04-09 09:10:00,新添大道,7、未按规定让行的 ,负全部责任,不负责任,1,贵AU3744,蓝,1,贵AU6487,绿,十一培,-1,1998/12/30 0:00,-1,雷克牌,桑塔纳牌,364547000000000000 ,36454700000000 ,197907,675255,9,3,4,工作日,早高峰(7-9点),2015-04-09,2015年4月9日,阴 /小雨,11℃ / 7℃,东北风 ≤3级 /东北风 ≤3级,阴,小雨,11,7,东北风,≤3级,东北风,≤3级,day
2015-04-09 10:20:00,五里冲,7、未按规定让行的 ,负全部责任,不负责任,1,贵AG6619,白色,1,贵ANY747,白色,十一培,-1,1992/12/30 0:00,-1,北京现代,大切诺基,364556000000000000 ,364546000000000 ,196706,650815,10,3,4,工作日,非高峰,2015-04-09,2015年4月9日,阴 /小雨,11℃ / 7℃,东北风 ≤3级 /东北风 ≤3级,阴,小雨,11,7,东北风,≤3级,东北风,≤3级,day
2015-04-09 11:00:00,瑞金北路,7、未按规定让行的 ,负全部责任,不负责任,1,贵A5AN57,黑,1,贵AU6641,蓝,十一培,消防驾校,1995/10/10 0:00,1999/6/15 0:00,大众汽车牌,恒通客车牌,564664000000000000 ,366368000000000000 ,196405,197210,11,3,4,工作日,非高峰,2015-04-09,2015年4月9日,阴 /小雨,11℃ / 7℃,东北风 ≤3级 /东北风 ≤3级,阴,小雨,11,7,东北风,≤3级,东北风,≤3级,day
2015-04-09 11:30:00,花果园,9、不符合前8款规定或者双方同时具有上述情形的,负同等责任,负同等责任,1,贵A64M13,白色,1,贵AL4747,白色,十一培,-1,1996/6/25 0:00,-1,长安牌,银翔牌,364547000000000000 ,366877000000000000 ,197310,198205,11,3,4,工作日,非高峰,2015-04-09,2015年4月9日,阴 /小雨,11℃ / 7℃,东北风 ≤3级 /东北风 ≤3级,阴,小雨,11,7,东北风,≤3级,东北风,≤3级,day
2015-04-09 13:50:00,飞山街,7、未按规定让行的 ,负全部责任,不负责任,1,贵A97P53,黄,1,贵GY5877,黑,十一培,自培,1994/12/12 0:00,1995/7/18 0:00,大众牌,别克,364548000000000000 ,364548000000000000 ,197203,196809,13,3,4,工作日,非高峰,2015-04-09,2015年4月9日,阴 /小雨,11℃ / 7℃,东北风 ≤3级 /东北风 ≤3级,阴,小雨,11,7,东北风,≤3级,东北风,≤3级,day
2015-04-09 17:00:00,延安西路,1、追尾的,负全部责任,不负责任,1,贵AR0353,银,0,贵ALU954,银,十一培,520106,1998/12/3 0:00,2009/4/22 0:00,江铃牌,别克牌,364548000000000000 ,364548000000000000 ,195507,197805,17,3,4,工作日,晚高峰(17-19点),2015-04-09,2015年4月9日,阴 /小雨,11℃ / 7℃,东北风 ≤3级 /东北风 ≤3级,阴,小雨,11,7,东北风,≤3级,东北风,≤3级,day
2015-04-09 16:50:00,小河,8、依法应负全责的其他情形,负全部责任,不负责任,1,贵ACG478,白,1,贵A4A474,白,十一培,新天驾校,1998/3/26 0:00,2011/10/22 0:00,长安牌,-1,364547000000000000 ,364548000000000000 ,196812,199108,16,3,4,工作日,非高峰,2015-04-09,2015年4月9日,阴 /小雨,11℃ / 7℃,东北风 ≤3级 /东北风 ≤3级,阴,小雨,11,7,东北风,≤3级,东北风,≤3级,day
2015-04-10 06:20:00,花溪,1、追尾的,负全部责任,不负责任,1,贵A12675,白色,1,贵A459S,白色,十一培,520109,1999/5/7 0:00,2008/12/22 0:00,猎豹,-1,364556000000000000 ,366875000000000000 ,197002,196506,6,4,4,工作日,非高峰,2015-04-10,2015年4月10日,小雨 /小雨,12℃ / 8℃,东北风 ≤3级 /东北风 ≤3级,小雨,小雨,12,8,东北风,≤3级,东北风,≤3级,day
2015-04-10 08:00:00,四方河,1、追尾的,负全部责任,不负责任,1,贵A2BM37,白色,1,贵AV1855,白色,十一培,520123,1985/12/23 0:00,2007/12/14 0:00,大众汽车牌,喜马牌,364548000000000000 ,366364000000000000 ,196004,196507,8,4,4,工作日,早高峰(7-9点),2015-04-10,2015年4月10日,小雨 /小雨,12℃ / 8℃,东北风 ≤3级 /东北风 ≤3级,小雨,小雨,12,8,东北风,≤3级,东北风,≤3级,day
2015-04-08 15:00:00,嘉润路口,1、追尾的,负全部责任,不负责任,1,贵ART943,白色,1,贵AW992,白色,十一培,自培,1997/6/2 0:00,2002/6/7 0:00,黄海牌,-1,364548000000000000 ,364548000000000000 ,197208,196308,15,2,4,工作日,非高峰,2015-04-08,2015年4月8日,小雨 /小雨,10℃ / 6℃,东北风 ≤3级 /东北风 ≤3级,小雨,小雨,10,6,东北风,≤3级,东北风,≤3级,day
2015-04-08 11:00:00,白云区,9、不符合前8款规定或者双方同时具有上述情形的,负同等责任,负同等责任,1,贵A25846,黑,1,贵A5CE33,蓝,十一培,自培,1997/12/23 0:00,2009/3/11 0:00,福田牌,梅赛德斯-奔驰牌,364558000000000000 ,354366000000000000 ,196308,197504,11,2,4,工作日,非高峰,2015-04-08,2015年4月8日,小雨 /小雨,10℃ / 6℃,东北风 ≤3级 /东北风 ≤3级,小雨,小雨,10,6,东北风,≤3级,东北风,≤3级,day
2015-04-10 08:11:00,五里冲,9、不符合前8款规定或者双方同时具有上述情形的,负同等责任,负同等责任,1,贵A0683S,黑,1,贵AA747N,白,十一培,消防驾校,1994/5/6 0:00,2010/5/31 0:00,北京现代牌,北京牌,364547000000000000 ,366664000000000000 ,196210,198101,8,4,4,工作日,早高峰(7-9点),2015-04-10,2015年4月10日,小雨 /小雨,12℃ / 8℃,东北风 ≤3级 /东北风 ≤3级,小雨,小雨,12,8,东北风,≤3级,东北风,≤3级,day
2015-04-10 08:30:00,中华北路,1、追尾的,负全部责任,不负责任,1,贵AH7531,白,1,贵A34A77,白,十一培,520107,1990/12/26 0:00,2008/8/20 0:00,喜力牌,东风标致牌,366364000000000000 ,366277000000000000 ,195309,197608,8,4,4,工作日,早高峰(7-9点),2015-04-10,2015年4月10日,小雨 /小雨,12℃ / 8℃,东北风 ≤3级 /东北风 ≤3级,小雨,小雨,12,8,东北风,≤3级,东北风,≤3级,day
2015-04-10 08:40:00,小河转盘,7、未按规定让行的 ,负全部责任,不负责任,1,贵AGX294,白色,1,贵AS3912,白色,十一培,兴黔驾驶培训学校,1993/7/27 0:00,2006/4/21 0:00,长安牌,福田五星牌,364548000000000000 ,364551000000000000 ,197405,197803,8,4,4,工作日,早高峰(7-9点),2015-04-10,2015年4月10日,小雨 /小雨,12℃ / 8℃,东北风 ≤3级 /东北风 ≤3级,小雨,小雨,12,8,东北风,≤3级,东北风,≤3级,day
2015-04-10 09:20:00,沙冲路,1、追尾的,负全部责任,不负责任,1,贵A83C56,白色,1,贵AL2962,白色,十一培,无,1987/3/15 0:00,2000/8/21 0:00,华泰圣达菲牌,揽胜运动,364548000000000000 ,354548000000000000 ,196407,195409,9,4,4,工作日,早高峰(7-9点),2015-04-10,2015年4月10日,小雨 /小雨,12℃ / 8℃,东北风 ≤3级 /东北风 ≤3级,小雨,小雨,12,8,东北风,≤3级,东北风,≤3级,day
2015-04-10 13:00:00,八匹马,7、未按规定让行的 ,负全部责任,不负责任,1,贵A2936C,银,1,贵A99V79,银,十一培,预约考试窗口,1999/11/23 0:00,2007/6/29 0:00,雪佛兰牌,东南牌,364557000000000000 ,76160500000000000 ,197411,198209,13,4,4,工作日,非高峰,2015-04-10,2015年4月10日,小雨 /小雨,12℃ / 8℃,东北风 ≤3级 /东北风 ≤3级,小雨,小雨,12,8,东北风,≤3级,东北风,≤3级,day
2015-04-10 14:25:00,甲秀南路,1、追尾的,负全部责任,不负责任,1,贵A38F42,白色,1,川A330CP,白色,十一培,-1,1997/7/14 0:00,-1,长安牌,长城牌 ,36455651314765695X,355468000000000000 ,195903,199010,14,4,4,工作日,非高峰,2015-04-10,2015年4月10日,小雨 /小雨,12℃ / 8℃,东北风 ≤3级 /东北风 ≤3级,小雨,小雨,12,8,东北风,≤3级,东北风,≤3级,day
2015-04-10 17:00:00,东二环,7、未按规定让行的 ,负全部责任,不负责任,1,贵A89069,白色,1,贵A39N41,白色,十一培,贵州现代驾驶培训责任有限公司,1994/5/1 0:00,2015/2/15 0:00,金旅牌,翼搏牌,364547000000000000 ,36456551934968566X,196404,198508,17,4,4,工作日,晚高峰(17-19点),2015-04-10,2015年4月10日,小雨 /小雨,12℃ / 8℃,东北风 ≤3级 /东北风 ≤3级,小雨,小雨,12,8,东北风,≤3级,东北风,≤3级,day
2015-04-10 13:50:00,长江路口,9、不符合前8款规定或者双方同时具有上述情形的,负同等责任,负同等责任,1,贵AJ0263,白色,1,贵J50363,白色,十一培,-1,1993/9/12 0:00,-1,北京现代牌,五菱牌,364547000000000 ,364647000000000000 ,580208,196011,13,4,4,工作日,非高峰,2015-04-10,2015年4月10日,小雨 /小雨,12℃ / 8℃,东北风 ≤3级 /东北风 ≤3级,小雨,小雨,12,8,东北风,≤3级,东北风,≤3级,day
2015-04-10 16:50:00,文昌路,1、追尾的,负全部责任,不负责任,1,贵AU7447,绿,1,贵JP4562,红,十一培,文通驾校,1993/4/6 0:00,2012/6/27 0:00,捷达牌,豪爵牌,364556000000000000 ,36454751905656286X,196311,198412,16,4,4,工作日,非高峰,2015-04-10,2015年4月10日,小雨 /小雨,12℃ / 8℃,东北风 ≤3级 /东北风 ≤3级,小雨,小雨,12,8,东北风,≤3级,东北风,≤3级,day
2015-04-10 21:00:00,八公里,1、追尾的,负全部责任,不负责任,1,贵AKB772,白色,1,贵A0409H,白色,十一培,520106,1999/4/12 0:00,2008/7/7 0:00,思域牌,长安牌,366267000000000000 ,354675000000000000 ,197412,197307,21,4,4,工作日,非高峰,2015-04-10,2015年4月10日,小雨 /小雨,12℃ / 8℃,东北风 ≤3级 /东北风 ≤3级,小雨,小雨,12,8,东北风,≤3级,东北风,≤3级,night
2015-04-10 21:15:00,金关,7、未按规定让行的 ,负全部责任,不负责任,1,贵AT4421,黑,1,贵AA491G,黑,十一培,贵阳学院汽车驾驶培训,1985/6/18 0:00,2012/9/27 0:00,海格牌,雪佛兰牌,36666751295548407X,364596000000000000 ,196811,199208,21,4,4,工作日,非高峰,2015-04-10,2015年4月10日,小雨 /小雨,12℃ / 8℃,东北风 ≤3级 /东北风 ≤3级,小雨,小雨,12,8,东北风,≤3级,东北风,≤3级,night
2015-04-10 21:40:00,金关,3、倒车的,负全部责任,不负责任,1,贵A02354,红,1,贵A96238,黄,十一培,预约考试窗口,1996/11/15 0:00,2006/12/13 0:00,北京福田,陕汽牌,364556000000000000 ,366347000000000000 ,197401,198208,21,4,4,工作日,非高峰,2015-04-10,2015年4月10日,小雨 /小雨,12℃ / 8℃,东北风 ≤3级 /东北风 ≤3级,小雨,小雨,12,8,东北风,≤3级,东北风,≤3级,night
2015-04-11 09:00:00,石标路,7、未按规定让行的 ,负全部责任,不负责任,1,贵A2290G,白,1,贵A36S11,黄,十一培,-1,1996/4/20 0:00,-1,荣威牌,吉利牌,364556000000000000 ,364557000000000000 ,197802,196301,9,5,4,工作日,早高峰(7-9点),2015-04-11,2015年4月11日,多云 /多云,15℃ / 9℃,东北风 ≤3级 /东风 ≤3级,多云,多云,15,9,东北风,≤3级,东风,≤3级,day
2015-04-11 11:03:00,观山东路,1、追尾的,负全部责任,不负责任,1,贵A33M42,红,1,贵A6018J,银,十一培,自培,1995/3/1 0:00,2011/3/16 0:00,速腾牌,五菱牌,364547000000000000 ,364558000000000000 ,195201,198706,11,5,4,工作日,非高峰,2015-04-11,2015年4月11日,多云 /多云,15℃ / 9℃,东北风 ≤3级 /东风 ≤3级,多云,多云,15,9,东北风,≤3级,东风,≤3级,day
2015-04-11 11:30:00,松山路,7、未按规定让行的 ,负全部责任,不负责任,1,贵AEC283,白,1,贵A75M48,黄,十一培,自培,1998/10/27 0:00,2012/11/26 0:00,锋范牌,别克牌,366364000000000000 ,364548000000000000 ,195506,198501,11,5,4,工作日,非高峰,2015-04-11,2015年4月11日,多云 /多云,15℃ / 9℃,东北风 ≤3级 /东风 ≤3级,多云,多云,15,9,东北风,≤3级,东风,≤3级,day
2015-04-11 11:46:00,花溪,4、停车时未挂低速档、未拉驻车制动，导致车辆滑行的,负全部责任,不负责任,1,贵AJ4739,白色,1,贵GP4769,白色,十一培,鑫鑫驾校,1998/5/13 0:00,2012/3/24 0:00,长城牌,北京现代牌,364548000000000000 ,366068000000000000 ,195611,198012,11,5,4,工作日,非高峰,2015-04-11,2015年4月11日,多云 /多云,15℃ / 9℃,东北风 ≤3级 /东风 ≤3级,多云,多云,15,9,东北风,≤3级,东风,≤3级,day
2015-04-11 08:41:00,贵阳一中,7、未按规定让行的 ,负全部责任,不负责任,1,贵GK6139,银,1,贵AU7095,蓝,十一培,-1,1993/8/1 0:00,-1,海马牌,恒通客车牌,366363000000000000 ,36604551835665123X,197302,197512,8,5,4,工作日,早高峰(7-9点),2015-04-11,2015年4月11日,多云 /多云,15℃ / 9℃,东北风 ≤3级 /东风 ≤3级,多云,多云,15,9,东北风,≤3级,东风,≤3级,day
2015-04-11 12:30:00,花果园,8、依法应负全责的其他情形,负全部责任,不负责任,1,贵AU3223,绿,1,贵ARV399,黑,十一培,全林驾校,1995/1/23 0:00,2011/5/26 0:00,捷达牌,比亚迪牌,364558000000000000 ,724070000000000000 ,197401,198010,12,5,4,工作日,非高峰,2015-04-11,2015年4月11日,多云 /多云,15℃ / 9℃,东北风 ≤3级 /东风 ≤3级,多云,多云,15,9,东北风,≤3级,东风,≤3级,day
2015-04-11 13:00:00,小河,3、倒车的,负全部责任,不负责任,1,贵A32J52,白色,1,贵AB518R,白色,十一培,铁二局驾校,1996/1/20 0:00,2010/11/15 0:00,东风雪铁龙牌,福特牌,364556000000000000 ,36455551914054595X,196910,198904,13,5,4,工作日,非高峰,2015-04-11,2015年4月11日,多云 /多云,15℃ / 9℃,东北风 ≤3级 /东风 ≤3级,多云,多云,15,9,东北风,≤3级,东风,≤3级,day
2015-04-11 14:00:00,盐务街,8、依法应负全责的其他情形,负全部责任,不负责任,1,贵A98W62,银,1,贵AM6907,银,十一培,自培,1996/4/16 0:00,1997/9/3 0:00,红旗,东本牌,364548000000000000 ,364548000000000000 ,196404,194710,14,5,4,工作日,非高峰,2015-04-11,2015年4月11日,多云 /多云,15℃ / 9℃,东北风 ≤3级 /东风 ≤3级,多云,多云,15,9,东北风,≤3级,东风,≤3级,day
2015-04-11 13:30:00,世纪城,1、追尾的,负全部责任,不负责任,1,贵AN9084,白,1,贵A616E7,白,十一培,-1,1994/11/1 0:00,-1,豪爵牌,五菱牌,366068000000000000 ,366367000000000000 ,197604,197309,13,5,4,工作日,非高峰,2015-04-11,2015年4月11日,多云 /多云,15℃ / 9℃,东北风 ≤3级 /东风 ≤3级,多云,多云,15,9,东北风,≤3级,东风,≤3级,day
2015-04-11 17:20:00,南垭路,7、未按规定让行的 ,负全部责任,不负责任,0,贵A7AM03,银,1,贵AG2294,银,十一培,520118,1996/5/7 0:00,2008/11/24 0:00,沃尔沃,赤兔马牌,364547000000000000 ,364548000000000000 ,197303,197806,17,5,4,工作日,晚高峰(17-19点),2015-04-11,2015年4月11日,多云 /多云,15℃ / 9℃,东北风 ≤3级 /东风 ≤3级,多云,多云,15,9,东北风,≤3级,东风,≤3级,day
2015-04-11 17:00:00,沙冲北路,1、追尾的,负全部责任,不负责任,1,贵A38533,白色,1,贵AVK964,白色,十一培,自培,1988/6/10 0:00,1995/3/7 0:00,宇通牌,起亚牌,36686751254047405X,364548000000000000 ,196104,196611,17,5,4,工作日,晚高峰(17-19点),2015-04-11,2015年4月11日,多云 /多云,15℃ / 9℃,东北风 ≤3级 /东风 ≤3级,多云,多云,15,9,东北风,≤3级,东风,≤3级,day
2015-04-10 05:30:00,头桥,1、追尾的,负全部责任,不负责任,1,贵A4192,白色,1,贵A91500,白色,十一培,自培,1997/5/23 0:00,2002/4/15 0:00,田野牌,五菱,364557000000000000 ,74740500000000000 ,197202,196704,5,4,4,工作日,非高峰,2015-04-10,2015年4月10日,小雨 /小雨,12℃ / 8℃,东北风 ≤3级 /东北风 ≤3级,小雨,小雨,12,8,东北风,≤3级,东北风,≤3级,night
2015-04-11 18:50:00,沙冲路,7、未按规定让行的 ,负全部责任,不负责任,1,贵A73R15,白色,1,贵AU6428,白色,十一培,消防驾校,1994/5/26 0:00,2003/9/29 0:00,自由客,黄海牌,364548000000000000 ,36634651815448775X,196803,197910,18,5,4,工作日,晚高峰(17-19点),2015-04-11,2015年4月11日,多云 /多云,15℃ / 9℃,东北风 ≤3级 /东风 ≤3级,多云,多云,15,9,东北风,≤3级,东风,≤3级,day
2015-04-11 19:45:00,花果园,7、未按规定让行的 ,负全部责任,不负责任,1,贵AEY154,银,1,贵CND112,银,十一培,源丰驾校,1993/3/18 0:00,-1,锋范牌,福特牌,364548000000000000 ,355464000000000000 ,195910,199001,19,5,4,工作日,晚高峰(17-19点),2015-04-11,2015年4月11日,多云 /多云,15℃ / 9℃,东北风 ≤3级 /东风 ≤3级,多云,多云,15,9,东北风,≤3级,东风,≤3级,day
2015-04-11 15:00:00,碧海花园,8、依法应负全责的其他情形,负全部责任,不负责任,1,贵AEQ849,黑,1,贵CL865L,银,十一培,-1,1996/4/8 0:00,-1,东风日产牌,东风雪铁龙牌,364547000000000000 ,784044000000000000 ,196511,198907,15,5,4,工作日,非高峰,2015-04-11,2015年4月11日,多云 /多云,15℃ / 9℃,东北风 ≤3级 /东风 ≤3级,多云,多云,15,9,东北风,≤3级,东风,≤3级,day
2015-04-12 03:30:00,大南门,7、未按规定让行的 ,负全部责任,不负责任,1,贵AU6075,白色,1,贵AU6812,白色,十一培,自培,1999/4/5 0:00,1998/8/24 0:00,宇通牌,鹏城牌,364548000000000000 ,364547000000000000 ,196106,196909,3,6,4,周末,非高峰,2015-04-12,2015年4月12日,晴 /多云,21℃ / 7℃,东风 ≤3级 /东风 ≤3级,晴,多云,21,7,东风,≤3级,东风,≤3级,night
2015-04-12 09:30:00,云峰大道,1、追尾的,负全部责任,不负责任,1,贵AH6952,黑,1,贵AAL232,黑,十一培,时发驾校,1996/11/28 0:00,2010/11/26 0:00,长安牌,富路牌,364558000000000000 ,366670000000000000 ,197512,199106,9,6,4,周末,早高峰(7-9点),2015-04-12,2015年4月12日,晴 /多云,21℃ / 7℃,东风 ≤3级 /东风 ≤3级,晴,多云,21,7,东风,≤3级,东风,≤3级,day
2015-04-12 08:10:00,嘉润路,8、依法应负全责的其他情形,负全部责任,不负责任,1,贵AT5755,白,1,贵GV5019,银,十一培,-1,1994/8/9 0:00,-1,金龙牌,五菱牌,364548000000000000 ,7636650000000000 ,197509,198601,8,6,4,周末,早高峰(7-9点),2015-04-12,2015年4月12日,晴 /多云,21℃ / 7℃,东风 ≤3级 /东风 ≤3级,晴,多云,21,7,东风,≤3级,东风,≤3级,day
2015-04-12 11:25:00,金阳,7、未按规定让行的 ,负全部责任,不负责任,1,贵AW4448,黑,1,贵AE0948,黑,十一培,-1,1999/9/22 0:00,-1,嘉隆牌,豪爵牌,364558000000000000 ,36063500000000000 ,196209,979122,11,6,4,周末,非高峰,2015-04-12,2015年4月12日,晴 /多云,21℃ / 7℃,东风 ≤3级 /东风 ≤3级,晴,多云,21,7,东风,≤3级,东风,≤3级,day
2015-04-12 10:30:00,黔灵山路,7、未按规定让行的 ,负全部责任,不负责任,1,贵A93R49,黑,1,贵GA2724,银,十一培,-1,1998/3/18 0:00,-1,沃尔沃牌,丰田牌,364548000000000000 ,3645565180749635X,194408,197430,10,6,4,周末,非高峰,2015-04-12,2015年4月12日,晴 /多云,21℃ / 7℃,东风 ≤3级 /东风 ≤3级,晴,多云,21,7,东风,≤3级,东风,≤3级,day
2015-04-12 16:00:00,新华路口,1、追尾的,负全部责任,不负责任,1,贵A91N13,白色,1,贵AMX734,白色,十一培,-1,1995/10/9 0:00,-1,红旗,高尔夫牌,366066000000000000 ,364547000000000000 ,196708,196902,16,6,4,周末,非高峰,2015-04-12,2015年4月12日,晴 /多云,21℃ / 7℃,东风 ≤3级 /东风 ≤3级,晴,多云,21,7,东风,≤3级,东风,≤3级,day
2015-04-12 16:20:00,花二道,7、未按规定让行的 ,负全部责任,不负责任,1,贵A72K44,白色,1,贵ANK019,白色,十一培,-1,1995/5/3 0:00,-1,三菱牌,英伦牌,354166000000000000 ,366068000000000000 ,197504,198502,16,6,4,周末,非高峰,2015-04-12,2015年4月12日,晴 /多云,21℃ / 7℃,东风 ≤3级 /东风 ≤3级,晴,多云,21,7,东风,≤3级,东风,≤3级,day
2015-04-12 13:50:00,花溪大道,7、未按规定让行的 ,负全部责任,不负责任,1,贵JT4491,白色,1,贵AFN305,白色,十一培,-1,1985/7/27 0:00,-1,豪爵牌,福田牌,366367000000000000 ,704996000000000000 ,195804,198509,13,6,4,周末,非高峰,2015-04-12,2015年4月12日,晴 /多云,21℃ / 7℃,东风 ≤3级 /东风 ≤3级,晴,多云,21,7,东风,≤3级,东风,≤3级,day
2015-04-13 07:40:00,花溪,1、追尾的,负全部责任,不负责任,1,贵A3112L,白色,1,贵ALT321,白色,十一培,贵大驾校,1998/2/26 0:00,2011/3/24 0:00,纳智捷牌,众泰牌,366361000000000000 ,364556000000000000 ,197905,197710,7,0,4,工作日,早高峰(7-9点),2015-04-13,2015年4月13日,晴 /多云,23℃ / 8℃,东北风 ≤3级 /东北风 ≤3级,晴,多云,23,8,东北风,≤3级,东北风,≤3级,day
2015-04-13 04:15:00,转弯塘,7、未按规定让行的 ,负全部责任,不负责任,1,贵JBP888,白,1,贵ALV746,银,十一培,时发驾校,1993/8/22 0:00,2010/8/2 0:00,奥迪牌,长安牌,36454751834065045X,724567000000000000 ,197504,197204,4,0,4,工作日,非高峰,2015-04-13,2015年4月13日,晴 /多云,23℃ / 8℃,东北风 ≤3级 /东北风 ≤3级,晴,多云,23,8,东北风,≤3级,东北风,≤3级,night