accidenttime,accidentaddr,driver1fault,driver1responsibility,driver2responsibility,sex1,platenumber1,carcolor1,sex2,platenumber2,carcolor2,jxmc1,jxmc2,cclzrq1,cclzrq2,clpp1,clpp2,driver1license,driver2license,brith1,brith2,hour,weekday,month,is_weekday,peak_hour,date,日期,天气状况,气温,风力风向,day_wea,night_wea,day_tep,night_tep,day_wind_direction,day_wind_speed,night_wind_direction,night_wind_speed,segment
2015-04-13 08:00:00,中山南路,7、未按规定让行的 ,负全部责任,不负责任,1,贵AKV167,白色,1,贵A4AB51,白色,十一培,贵工驾校,1995/7/18 0:00,2014/3/5 0:00,别克牌,翼虎牌,36454751884345005X,364548000000000000 ,197705,198112,8,0,4,工作日,早高峰(7-9点),2015-04-13,2015年4月13日,晴 /多云,23℃ / 8℃,东北风 ≤3级 /东北风 ≤3级,晴,多云,23,8,东北风,≤3级,东北风,≤3级,day
2015-04-13 09:20:00,狮峰路,3、倒车的,负全部责任,不负责任,1,贵CAZ366,白,1,贵A5BW96,白,十一培,文通驾校,1998/8/11 0:00,2012/1/9 0:00,五菱牌,海马牌,364547000000000000 ,35546751804755865X,196912,197403,9,0,4,工作日,早高峰(7-9点),2015-04-13,2015年4月13日,晴 /多云,23℃ / 8℃,东北风 ≤3级 /东北风 ≤3级,晴,多云,23,8,东北风,≤3级,东北风,≤3级,day
2015-04-13 09:00:00,小河,3、倒车的,负全部责任,不负责任,1,贵AHQ299,白色,1,贵GM9124,白色,十一培,铁二局驾校,1989/7/7 0:00,2011/7/11 0:00,大众汽车牌,北京现代牌,366576000000000000 ,574370000000000000 ,196405,198105,9,0,4,工作日,早高峰(7-9点),2015-04-13,2015年4月13日,晴 /多云,23℃ / 8℃,东北风 ≤3级 /东北风 ≤3级,晴,多云,23,8,东北风,≤3级,东北风,≤3级,day
2015-04-11 19:00:00,湘雅村,7、未按规定让行的 ,负全部责任,不负责任,1,贵A3AN43,白色,1,贵A11K97,白色,十一培,自培,1984/12/27 0:00,2006/1/5 0:00,雪佛兰牌,马自达牌,364547000000000000 ,364547000000000000 ,196710,198510,19,5,4,工作日,晚高峰(17-19点),2015-04-11,2015年4月11日,多云 /多云,15℃ / 9℃,东北风 ≤3级 /东风 ≤3级,多云,多云,15,9,东北风,≤3级,东风,≤3级,day
2015-04-11 18:00:00,观山东路,1、追尾的,负全部责任,不负责任,1,贵AU7804,黄,1,贵A18K35,黑,十一培,自培,1991/8/3 0:00,2004/9/27 0:00,力帆牌,东风标致牌,36454751864346047X,364556000000000000 ,197205,195411,18,5,4,工作日,晚高峰(17-19点),2015-04-11,2015年4月11日,多云 /多云,15℃ / 9℃,东北风 ≤3级 /东风 ≤3级,多云,多云,15,9,东北风,≤3级,东风,≤3级,day
2015-04-12 09:30:00,国际会议,7、未按规定让行的 ,负全部责任,不负责任,1,贵A56P35,银,1,贵AUA039,银,十一培,自培,1994/6/13 0:00,2009/11/2 0:00,别克牌,丰田牌,364548000000000000 ,366064000000000000 ,197409,198612,9,6,4,周末,早高峰(7-9点),2015-04-12,2015年4月12日,晴 /多云,21℃ / 7℃,东风 ≤3级 /东风 ≤3级,晴,多云,21,7,东风,≤3级,东风,≤3级,day
2015-04-12 11:40:00,黔江路,7、未按规定让行的 ,负全部责任,不负责任,1,贵AU6169,白色,1,贵ARF817,白色,十一培,自培,1999/5/27 0:00,2006/7/13 0:00,大众牌,吉利牌,364556000000000000 ,4966520000000000 ,196004,198009,11,6,4,周末,非高峰,2015-04-12,2015年4月12日,晴 /多云,21℃ / 7℃,东风 ≤3级 /东风 ≤3级,晴,多云,21,7,东风,≤3级,东风,≤3级,day
2015-04-12 12:42:00,盐务街,1、追尾的,负全部责任,不负责任,1,贵ASF366,红,1,贵ANC148,黑,十一培,自培,1995/2/12 0:00,2004/5/26 0:00,大众汽车牌,长安牌,364548000000000000 ,364547000000000000 ,197508,196912,12,6,4,周末,非高峰,2015-04-12,2015年4月12日,晴 /多云,21℃ / 7℃,东风 ≤3级 /东风 ≤3级,晴,多云,21,7,东风,≤3级,东风,≤3级,day
2015-04-12 13:00:00,凤凰山,3、倒车的,负全部责任,不负责任,1,贵ATY526,白色,1,临贵A2K966,白色,十一培,自培,1993/7/4 0:00,2007/8/23 0:00,飞度牌,-1,364547000000000000 ,364548000000000000 ,197211,198707,13,6,4,周末,非高峰,2015-04-12,2015年4月12日,晴 /多云,21℃ / 7℃,东风 ≤3级 /东风 ≤3级,晴,多云,21,7,东风,≤3级,东风,≤3级,day
2015-04-12 17:00:00,甲秀南路,8、依法应负全责的其他情形,负全部责任,不负责任,1,桂KL1875,白色,1,贵AM1622,白色,十一培,自培,1983/1/24 0:00,2002/9/25 0:00,\N,林海·雅马哈牌,36567500000000000 ,364547000000000000 ,196108,197312,17,6,4,周末,晚高峰(17-19点),2015-04-12,2015年4月12日,晴 /多云,21℃ / 7℃,东风 ≤3级 /东风 ≤3级,晴,多云,21,7,东风,≤3级,东风,≤3级,day
2015-04-13 09:30:00,金阳,9、不符合前8款规定或者双方同时具有上述情形的,负同等责任,负同等责任,1,贵GJ1497,银,1,贵JBT262,白,十一培,习水县汽车驾驶培训学校,1996/9/15 0:00,2012/3/22 0:00,东风牌,翼搏牌,364556000000000000 ,366575000000000000 ,197711,197802,9,0,4,工作日,早高峰(7-9点),2015-04-13,2015年4月13日,晴 /多云,23℃ / 8℃,东北风 ≤3级 /东北风 ≤3级,晴,多云,23,8,东北风,≤3级,东北风,≤3级,day
2015-04-13 16:40:00,北京西路,1、追尾的,负全部责任,不负责任,1,贵A94Z82,银,1,贵A4BG29,银,十一培,520119,1989/11/12 0:00,2010/2/20 0:00,长城牌,大众汽车牌,364548000000000000 ,364557000000000000 ,195812,198306,16,0,4,工作日,非高峰,2015-04-13,2015年4月13日,晴 /多云,23℃ / 8℃,东北风 ≤3级 /东北风 ≤3级,晴,多云,23,8,东北风,≤3级,东北风,≤3级,day
2015-04-13 18:30:00,沙冲路,7、未按规定让行的 ,负全部责任,不负责任,1,贵AT1948,白色,1,贵FV6372,白色,十一培,铁二局驾校,1998/9/16 0:00,2014/4/10 0:00,银翔牌,起亚牌,364548000000000000 ,366067000000000000 ,198004,197608,18,0,4,工作日,晚高峰(17-19点),2015-04-13,2015年4月13日,晴 /多云,23℃ / 8℃,东北风 ≤3级 /东北风 ≤3级,晴,多云,23,8,东北风,≤3级,东北风,≤3级,day
2015-04-13 19:30:00,云潭路,7、未按规定让行的 ,负全部责任,不负责任,1,贵A29575,黄,1,贵APW703,黑,十一培,青正驾校,1998/7/23 0:00,2014/12/5 0:00,长安,起亚牌,355557000000000000 ,366064000000000000 ,196805,199505,19,0,4,工作日,晚高峰(17-19点),2015-04-13,2015年4月13日,晴 /多云,23℃ / 8℃,东北风 ≤3级 /东北风 ≤3级,晴,多云,23,8,东北风,≤3级,东北风,≤3级,day
2015-04-14 08:50:00,白云南路,7、未按规定让行的 ,负全部责任,不负责任,1,贵AU7712,绿,1,贵AYH362,银,十一培,-1,1999/12/27 0:00,-1,五羊一本田牌,-1,364557000000000000 ,36606751974961447X,197512,198308,8,1,4,工作日,早高峰(7-9点),2015-04-14,2015年4月14日,晴 /多云,22℃ / 9℃,东风 ≤3级 /东风 ≤3级,晴,多云,22,9,东风,≤3级,东风,≤3级,day
2015-04-14 08:40:00,八匹马,7、未按规定让行的 ,负全部责任,不负责任,1,贵AJ6842,红,1,陕AY969F,黑,十一培,-1,1992/6/26 0:00,-1,双庆牌,别克牌,364547000000000000 ,254370000000000000 ,196606,198811,8,1,4,工作日,早高峰(7-9点),2015-04-14,2015年4月14日,晴 /多云,22℃ / 9℃,东风 ≤3级 /东风 ≤3级,晴,多云,22,9,东风,≤3级,东风,≤3级,day
2015-04-14 12:55:00,银云岩区,9、不符合前8款规定或者双方同时具有上述情形的,负同等责任,负同等责任,1,贵A25Y19,银,1,贵AGU561,蓝,十一培,520127,1998/9/3 0:00,2009/7/22 0:00,桑塔纳,中华牌,366546000000000000 ,364558000000000000 ,195808,196210,12,1,4,工作日,非高峰,2015-04-14,2015年4月14日,晴 /多云,22℃ / 9℃,东风 ≤3级 /东风 ≤3级,晴,多云,22,9,东风,≤3级,东风,≤3级,day
2015-04-14 15:00:00,新添大道,1、追尾的,负全部责任,不负责任,1,贵AU5461,绿,1,贵A23218,银,十一培,新华驾校,1989/8/3 0:00,2014/9/4 0:00,迎客牌,东风牌,364548000000000000 ,36687451144162665X,196302,199009,15,1,4,工作日,非高峰,2015-04-14,2015年4月14日,晴 /多云,22℃ / 9℃,东风 ≤3级 /东风 ≤3级,晴,多云,22,9,东风,≤3级,东风,≤3级,day
2015-04-14 12:30:00,宝山路,7、未按规定让行的 ,负全部责任,不负责任,1,贵AU2651,白色,1,贵A3E143,白色,十一培,（乌当区）新天驾驶培训有限公司,1997/4/20 0:00,2002/4/24 0:00,嘉陵牌,金杯牌,366375000000000000 ,366846000000000000 ,196904,197804,12,1,4,工作日,非高峰,2015-04-14,2015年4月14日,晴 /多云,22℃ / 9℃,东风 ≤3级 /东风 ≤3级,晴,多云,22,9,东风,≤3级,东风,≤3级,day
2015-04-14 15:00:00,贵惠大道,7、未按规定让行的 ,负全部责任,不负责任,1,贵AA8500,白色,1,湘DK4947,白色,十一培,-1,1995/12/23 0:00,-1,昌河,一汽牌,366846000000000000 ,74066500000000000 ,194709,197203,15,1,4,工作日,非高峰,2015-04-14,2015年4月14日,晴 /多云,22℃ / 9℃,东风 ≤3级 /东风 ≤3级,晴,多云,22,9,东风,≤3级,东风,≤3级,day
2015-04-14 17:40:00,观山湖区,1、追尾的,负全部责任,不负责任,1,贵A90485,黄,0,贵GM8874,黑,十一培,吉源驾校,1999/5/20 0:00,2013/4/18 0:00,陕汽牌,宝马牌,364548000000000000 ,364558000000000000 ,198109,198607,17,1,4,工作日,晚高峰(17-19点),2015-04-14,2015年4月14日,晴 /多云,22℃ / 9℃,东风 ≤3级 /东风 ≤3级,晴,多云,22,9,东风,≤3级,东风,≤3级,day
2015-04-14 21:25:00,小关,1、追尾的,负全部责任,不负责任,1,贵ATB118,白,1,浙JL876B,黑,十一培,-1,1998/7/16 0:00,-1,福克斯牌,雅阁牌,364548000000000000 ,776248000000000000 ,197306,196701,21,1,4,工作日,非高峰,2015-04-14,2015年4月14日,晴 /多云,22℃ / 9℃,东风 ≤3级 /东风 ≤3级,晴,多云,22,9,东风,≤3级,东风,≤3级,night
2015-04-15 07:40:00,人民广场,1、追尾的,负全部责任,不负责任,1,贵AU2127,白色,1,贵A96378,白色,十一培,长运驾校,1998/7/28 0:00,2002/1/30 0:00,瑞麒牌,东风标致牌,366067000000000000 ,364547000000000000 ,197802,197108,7,2,4,工作日,早高峰(7-9点),2015-04-15,2015年4月15日,多云 /多云,24℃ / 16℃,东南风 ≤3级 /南风 ≤3级,多云,多云,24,16,东南风,≤3级,南风,≤3级,day
2015-04-15 09:35:00,沙冲路,9、不符合前8款规定或者双方同时具有上述情形的,负同等责任,负同等责任,1,贵A76L68,白色,1,桂CHJ703,白色,十一培,520108,1992/3/3 0:00,2009/1/19 0:00,大众牌,荣威牌,364548000000000000 ,36766500000000000 ,196008,197711,9,2,4,工作日,早高峰(7-9点),2015-04-15,2015年4月15日,多云 /多云,24℃ / 16℃,东南风 ≤3级 /南风 ≤3级,多云,多云,24,16,东南风,≤3级,南风,≤3级,day
2015-04-15 09:30:00,小关,7、未按规定让行的 ,负全部责任,不负责任,1,贵A57M17,白,1,贵F68808,白,十一培,-1,1994/7/26 0:00,-1,启辰牌,豪爵牌,356168000000000000 ,366046000000000000 ,195512,198506,9,2,4,工作日,早高峰(7-9点),2015-04-15,2015年4月15日,多云 /多云,24℃ / 16℃,东南风 ≤3级 /南风 ≤3级,多云,多云,24,16,东南风,≤3级,南风,≤3级,day
2015-04-15 10:00:00,黔林山路,1、追尾的,负全部责任,不负责任,1,贵ANF141,蓝,1,贵GL7573,绿,十一培,520114,1996/1/10 0:00,2010/6/9 0:00,江淮牌,翼虎牌,366667000000000000 ,364557000000000000 ,197208,198203,10,2,4,工作日,非高峰,2015-04-15,2015年4月15日,多云 /多云,24℃ / 16℃,东南风 ≤3级 /南风 ≤3级,多云,多云,24,16,东南风,≤3级,南风,≤3级,day
2015-04-13 09:00:00,刚玉路,2、逆行的,负全部责任,不负责任,1,贵AXA643,银,1,贵A36H33,白,十一培,自培,1993/9/15 0:00,2001/5/30 0:00,江铃全顺牌,中华牌,364547000000000000 ,364558000000000000 ,196911,197710,9,0,4,工作日,早高峰(7-9点),2015-04-13,2015年4月13日,晴 /多云,23℃ / 8℃,东北风 ≤3级 /东北风 ≤3级,晴,多云,23,8,东北风,≤3级,东北风,≤3级,day
2015-04-13 10:00:00,万东大桥,1、追尾的,负全部责任,不负责任,1,贵AU3134,绿,1,贵AVC254,白,十一培,自培,1998/3/16 0:00,2002/7/18 0:00,捷达牌,东风标致牌,366067000000000000 ,364551000000000000 ,196711,197808,10,0,4,工作日,非高峰,2015-04-13,2015年4月13日,晴 /多云,23℃ / 8℃,东北风 ≤3级 /东北风 ≤3级,晴,多云,23,8,东北风,≤3级,东北风,≤3级,day
2015-04-13 09:00:00,黔林山路,7、未按规定让行的 ,负全部责任,不负责任,1,贵AVL244,黑,1,贵A66W21,白,十一培,自培,1994/8/19 0:00,2007/10/24 0:00,东风日产牌,东风雪铁龙牌,366846000000000000 ,574168000000000000 ,195911,197901,9,0,4,工作日,早高峰(7-9点),2015-04-13,2015年4月13日,晴 /多云,23℃ / 8℃,东北风 ≤3级 /东北风 ≤3级,晴,多云,23,8,东北风,≤3级,东北风,≤3级,day
2015-04-13 18:30:00,北京东路,1、追尾的,负全部责任,不负责任,1,贵AEY777,白,1,贵A9CC14,银,十一培,自培,1993/2/17 0:00,2002/10/10 0:00,丰田牌,霸道,364548000000000000 ,364547000000000000 ,196406,198008,18,0,4,工作日,晚高峰(17-19点),2015-04-13,2015年4月13日,晴 /多云,23℃ / 8℃,东北风 ≤3级 /东北风 ≤3级,晴,多云,23,8,东北风,≤3级,东北风,≤3级,day
2015-04-14 11:10:00,北二环,8、依法应负全责的其他情形,负全部责任,不负责任,1,贵AHE688,黑,0,贵A98X73,黑,十一培,自培,1992/12/18 0:00,2007/12/10 0:00,北京现代牌,福克斯牌,364548000000000000 ,366661000000000000 ,195902,198801,11,1,4,工作日,非高峰,2015-04-14,2015年4月14日,晴 /多云,22℃ / 9℃,东风 ≤3级 /东风 ≤3级,晴,多云,22,9,东风,≤3级,东风,≤3级,day
2015-04-14 20:00:00,八匹马,7、未按规定让行的 ,负同等责任,负同等责任,1,贵AFY747,蓝,1,贵A22972,红,十一培,自培,1989/5/21 0:00,2001/2/12 0:00,福克斯,华神牌,366066000000000000 ,364557000000000000 ,196408,196208,20,1,4,工作日,非高峰,2015-04-14,2015年4月14日,晴 /多云,22℃ / 9℃,东风 ≤3级 /东风 ≤3级,晴,多云,22,9,东风,≤3级,东风,≤3级,night
2015-04-15 08:30:00,大营坡, ,负全部责任,不负责任,1,贵A76M61,白,1,贵A17G52,白,十一培,自培,1993/2/26 0:00,2000/6/26 0:00,凯迪拉克牌,广汽菲亚特牌,364548000000000000 ,364548000000000000 ,195301,196312,8,2,4,工作日,早高峰(7-9点),2015-04-15,2015年4月15日,多云 /多云,24℃ / 16℃,东南风 ≤3级 /南风 ≤3级,多云,多云,24,16,东南风,≤3级,南风,≤3级,day
2015-04-15 08:30:00,白云区,7、未按规定让行的 ,负全部责任,不负责任,1,贵AFQ718,白,1,贵GP7277,红,十一培,自培,1998/6/8 0:00,2005/5/20 0:00,东风牌,双庆牌,36455551854741355X,364558000000000000 ,197103,196601,8,2,4,工作日,早高峰(7-9点),2015-04-15,2015年4月15日,多云 /多云,24℃ / 16℃,东南风 ≤3级 /南风 ≤3级,多云,多云,24,16,东南风,≤3级,南风,≤3级,day
2015-04-15 11:00:00,贵惠大道,3、倒车的,负全部责任,不负责任,1,贵AD0825,白色,1,贵FG1841,白色,十一培,-1,1986/12/5 0:00,-1,江淮,大众,364548000000000000 ,366068000000000000 ,196503,197903,11,2,4,工作日,非高峰,2015-04-15,2015年4月15日,多云 /多云,24℃ / 16℃,东南风 ≤3级 /南风 ≤3级,多云,多云,24,16,东南风,≤3级,南风,≤3级,day
2015-04-15 18:25:00,八鸽岩路,7、未按规定让行的 ,负全部责任,不负责任,1,贵AU4868,黄,1,贵A27M96,黄,十一培,-1,1991/6/9 0:00,-1,钱江,海马牌,364548000000000000 ,355247000000000000 ,196509,198607,18,2,4,工作日,晚高峰(17-19点),2015-04-15,2015年4月15日,多云 /多云,24℃ / 16℃,东南风 ≤3级 /南风 ≤3级,多云,多云,24,16,东南风,≤3级,南风,≤3级,day
2015-04-15 18:00:00,陈亮村,7、未按规定让行的 ,负全部责任,不负责任,1,贵A9965P,白色,1,贵JBB367,白色,十一培,-1,1992/10/4 0:00,-1,起亚牌,长安牌,364556000000000000 ,366267000000000000 ,195711,199305,18,2,4,工作日,晚高峰(17-19点),2015-04-15,2015年4月15日,多云 /多云,24℃ / 16℃,东南风 ≤3级 /南风 ≤3级,多云,多云,24,16,东南风,≤3级,南风,≤3级,day
2015-04-16 08:25:00,小关,1、追尾的,负全部责任,不负责任,1,贵A89M25,白,1,贵AU7085,蓝,十一培,消防驾校,1995/5/8 0:00,1999/3/18 0:00,别克牌,奇瑞牌,364547000000000000 ,364558000000000000 ,197101,198010,8,3,4,工作日,早高峰(7-9点),2015-04-16,2015年4月16日,多云 /多云,29℃ / 17℃,南风 ≤3级 /南风 ≤3级,多云,多云,29,17,南风,≤3级,南风,≤3级,day
2015-04-16 08:30:00,金钟桥,1、追尾的,负全部责任,不负责任,1,贵A8BM52,白,1,贵A006H7,白,十一培,贵州现代驾驶培训责任有限公司,1993/12/5 0:00,2013/10/28 0:00,长城牌,江淮牌,364548000000000000 ,366064000000000000 ,197612,197611,8,3,4,工作日,早高峰(7-9点),2015-04-16,2015年4月16日,多云 /多云,29℃ / 17℃,南风 ≤3级 /南风 ≤3级,多云,多云,29,17,南风,≤3级,南风,≤3级,day
2015-04-16 08:30:00,白云区,3、倒车的,负全部责任,不负责任,1,贵AU6664,白,1,贵DBJ777,黑,十一培,吉源驾校,1996/8/5 0:00,2010/11/25 0:00,金福牌,保时捷,364558000000000000 ,366067000000000000 ,196708,198412,8,3,4,工作日,早高峰(7-9点),2015-04-16,2015年4月16日,多云 /多云,29℃ / 17℃,南风 ≤3级 /南风 ≤3级,多云,多云,29,17,南风,≤3级,南风,≤3级,day
2015-04-16 07:49:00,贵州大学,7、未按规定让行的 ,负全部责任,不负责任,1,贵AEJ212,白色,1,贵A9834F,白色,十一培,自培,1995/12/10 0:00,2013/11/7 0:00,奥迪,东风标致牌,364547000000000000 ,366346000000000000 ,196002,197907,7,3,4,工作日,早高峰(7-9点),2015-04-16,2015年4月16日,多云 /多云,29℃ / 17℃,南风 ≤3级 /南风 ≤3级,多云,多云,29,17,南风,≤3级,南风,≤3级,day
2015-04-16 08:00:00,杨家山隧道,1、追尾的,负全部责任,不负责任,1,贵GM6283,银,1,贵GV7179,白,十一培,-1,1996/8/26 0:00,-1,比亚迪牌,福克斯牌,364558000000000000 ,356363000000000000 ,196506,198602,8,3,4,工作日,早高峰(7-9点),2015-04-16,2015年4月16日,多云 /多云,29℃ / 17℃,南风 ≤3级 /南风 ≤3级,多云,多云,29,17,南风,≤3级,南风,≤3级,day
2015-04-16 12:15:00,三桥,8、依法应负全责的其他情形,负全部责任,不负责任,1,贵AX3376,黄,1,贵AA645U,白,十一培,吉源驾校,1993/9/9 0:00,2014/10/8 0:00,豪达牌,长安牌,364548000000000000 ,366067000000000000 ,196507,199106,12,3,4,工作日,非高峰,2015-04-16,2015年4月16日,多云 /多云,29℃ / 17℃,南风 ≤3级 /南风 ≤3级,多云,多云,29,17,南风,≤3级,南风,≤3级,day
2015-04-16 10:00:00,西南环线,7、未按规定让行的 ,负全部责任,不负责任,1,贵AG8282,白色,1,贵ALD508,白色,十一培,贵州现代驾驶培训责任有限公司,1999/3/2 0:00,2004/7/14 0:00,先锋牌,吉利牌,366064000000000000 ,784563000000000000 ,197111,197612,10,3,4,工作日,非高峰,2015-04-16,2015年4月16日,多云 /多云,29℃ / 17℃,南风 ≤3级 /南风 ≤3级,多云,多云,29,17,南风,≤3级,南风,≤3级,day
2015-04-16 17:30:00,新添大道,8、依法应负全责的其他情形,负全部责任,不负责任,1,川BHZ511,黑,1,贵AUA477,蓝,十一培,-1,1992/2/29 0:00,-1,兰德酷路泽,丰田牌,4947520000000000 ,366067000000000000 ,197503,196901,17,3,4,工作日,晚高峰(17-19点),2015-04-16,2015年4月16日,多云 /多云,29℃ / 17℃,南风 ≤3级 /南风 ≤3级,多云,多云,29,17,南风,≤3级,南风,≤3级,day
2015-04-16 16:40:00,二七路口,5、开关车门的,负全部责任,不负责任,1,贵AEJ242,白色,1,贵A99N45,白色,十一培,-1,1995/12/30 0:00,-1,长安牌,飞度牌,364556000000000000 ,36454800000000 ,196508,811225,16,3,4,工作日,非高峰,2015-04-16,2015年4月16日,多云 /多云,29℃ / 17℃,南风 ≤3级 /南风 ≤3级,多云,多云,29,17,南风,≤3级,南风,≤3级,day
2015-04-16 20:25:00,九局,3、倒车的,负全部责任,不负责任,1,贵A2AR65,银,1,贵A2CE59,红,十一培,青正驾校,1999/7/23 0:00,2014/7/24 0:00,东风日产牌,五菱牌,366364000000000000 ,364557000000000000 ,197808,197111,20,3,4,工作日,非高峰,2015-04-16,2015年4月16日,多云 /多云,29℃ / 17℃,南风 ≤3级 /南风 ≤3级,多云,多云,29,17,南风,≤3级,南风,≤3级,night
2015-04-16 18:30:00,湘江路,2、逆行的,负全部责任,不负责任,1,贵A6126L,白色,1,贵A38J55,白色,十一培,-1,1996/11/12 0:00,-1,长安牌,马自达牌,364548000000000000 ,36606351944568747X,196801,198001,18,3,4,工作日,晚高峰(17-19点),2015-04-16,2015年4月16日,多云 /多云,29℃ / 17℃,南风 ≤3级 /南风 ≤3级,多云,多云,29,17,南风,≤3级,南风,≤3级,day
2015-04-17 10:00:00,大西门,7、未按规定让行的 ,负全部责任,不负责任,1,贵A21771,白色,1,贵FR7997,白色,十一培,毕节地区驾校,1985/1/30 0:00,-1,楚胜牌,途锐,364547000000000000 ,366046000000000000 ,196311,197611,10,4,4,工作日,非高峰,2015-04-17,2015年4月17日,多云 /多云,28℃ / 19℃,南风 ≤3级 /南风 ≤3级,多云,多云,28,19,南风,≤3级,南风,≤3级,day
2015-04-17 10:30:00,交通医院,3、倒车的,负全部责任,不负责任,1,贵A97089,银,1,贵ANT427,银,十一培,-1,1997/10/22 0:00,-1,东南,朗逸牌,364547000000000000 ,364548000000000000 ,195312,197301,10,4,4,工作日,非高峰,2015-04-17,2015年4月17日,多云 /多云,28℃ / 19℃,南风 ≤3级 /南风 ≤3级,多云,多云,28,19,南风,≤3级,南风,≤3级,day
2015-04-17 14:00:00,金阳,3、倒车的,负全部责任,不负责任,1,贵A33C87,黑,1,贵A99V99,银,十一培,贵大佳德驾驶培训学校,1997/1/16 0:00,2012/11/18 0:00,长安牌,大众汽车牌,364548000000000000 ,366566000000000000 ,196804,197004,14,4,4,工作日,非高峰,2015-04-17,2015年4月17日,多云 /多云,28℃ / 19℃,南风 ≤3级 /南风 ≤3级,多云,多云,28,19,南风,≤3级,南风,≤3级,day
2015-04-17 15:20:00,解放路,1、追尾的,负全部责任,不负责任,1,贵ALD472,白色,1,贵A63P59,白色,十一培,（南明区）阳光驾驶培训有限公司,1996/6/5 0:00,2005/1/10 0:00,别克,歌诗图牌,364548000000000000 ,74347500000000000 ,196705,194904,15,4,4,工作日,非高峰,2015-04-17,2015年4月17日,多云 /多云,28℃ / 19℃,南风 ≤3级 /南风 ≤3级,多云,多云,28,19,南风,≤3级,南风,≤3级,day
2015-04-17 15:00:00,喷水池,7、未按规定让行的 ,负全部责任,不负责任,1,贵AU5444,绿,1,贵AU7933,蓝,十一培,全林驾校,1999/5/25 0:00,2012/12/18 0:00,钱江牌,望江牌,356746000000000000 ,36606251924149765X,196901,198609,15,4,4,工作日,非高峰,2015-04-17,2015年4月17日,多云 /多云,28℃ / 19℃,南风 ≤3级 /南风 ≤3级,多云,多云,28,19,南风,≤3级,南风,≤3级,day
2015-04-17 14:00:00,花果园,3、倒车的,负全部责任,不负责任,1,贵A23178,红,1,贵ATM414,银,十一培,贵州省长安驾驶培训学校,1995/10/14 0:00,2010/2/9 0:00,劲隆牌,大众汽车牌,366364000000000000 ,364548000000000000 ,196609,198811,14,4,4,工作日,非高峰,2015-04-17,2015年4月17日,多云 /多云,28℃ / 19℃,南风 ≤3级 /南风 ≤3级,多云,多云,28,19,南风,≤3级,南风,≤3级,day
2015-04-15 10:15:00,毓秀路,7、未按规定让行的 ,负全部责任,不负责任,1,贵A52W43,银,1,贵A51N92,红,十一培,自培,1998/6/2 0:00,2002/10/9 0:00,揽胜运动,斯柯达牌,364548000000000000 ,364548000000000000 ,197501,198007,10,2,4,工作日,非高峰,2015-04-15,2015年4月15日,多云 /多云,24℃ / 16℃,东南风 ≤3级 /南风 ≤3级,多云,多云,24,16,东南风,≤3级,南风,≤3级,day
2015-04-15 14:40:00,北京西路,1、追尾的,负全部责任,不负责任,1,贵AUA713,黑,1,贵AHC982,银,十一培,自培,1999/6/12 0:00,2000/4/24 0:00,丰田牌,夏利牌,364557000000000000 ,364557000000000000 ,196802,196508,14,2,4,工作日,非高峰,2015-04-15,2015年4月15日,多云 /多云,24℃ / 16℃,东南风 ≤3级 /南风 ≤3级,多云,多云,24,16,东南风,≤3级,南风,≤3级,day
2015-04-15 16:00:00,苏锦大道,7、未按规定让行的 ,负全部责任,不负责任,0,贵A98485,黄,1,贵ASJ711,黑,十一培,自培,1999/9/8 0:00,2011/6/11 0:00,陕汽牌,丰田牌,366361000000000000 ,364548000000000000 ,197412,197812,16,2,4,工作日,非高峰,2015-04-15,2015年4月15日,多云 /多云,24℃ / 16℃,东南风 ≤3级 /南风 ≤3级,多云,多云,24,16,东南风,≤3级,南风,≤3级,day
2015-04-16 15:50:00,汤巴关,3、倒车的,负全部责任,不负责任,1,贵AD3828,黑,1,贵A78Y13,黑,十一培,自培,1998/1/22 0:00,2003/9/10 0:00,长安,标致,364548000000000000 ,364547000000000000 ,195808,196802,15,3,4,工作日,非高峰,2015-04-16,2015年4月16日,多云 /多云,29℃ / 17℃,南风 ≤3级 /南风 ≤3级,多云,多云,29,17,南风,≤3级,南风,≤3级,day
2015-04-17 14:30:00,偏颇隧道,1、追尾的,负全部责任,不负责任,1,贵AB8333,黑,1,贵A92839,蓝,十一培,自培,1997/5/9 0:00,2001/8/30 0:00,福特锐界,五征牌,364548000000000000 ,364548000000000000 ,197008,197807,14,4,4,工作日,非高峰,2015-04-17,2015年4月17日,多云 /多云,28℃ / 19℃,南风 ≤3级 /南风 ≤3级,多云,多云,28,19,南风,≤3级,南风,≤3级,day