accidenttime,accidentaddr,driver1fault,driver1responsibility,driver2responsibility,sex1,platenumber1,carcolor1,sex2,platenumber2,carcolor2,jxmc1,jxmc2,cclzrq1,cclzrq2,clpp1,clpp2,driver1license,driver2license,brith1,brith2,hour,weekday,month,is_weekday,peak_hour,date,日期,天气状况,气温,风力风向,day_wea,night_wea,day_tep,night_tep,day_wind_direction,day_wind_speed,night_wind_direction,night_wind_speed,segment
2015-04-17 17:30:00,金阳,7、未按规定让行的 ,负全部责任,不负责任,1,贵AKS328,银,1,贵CC9545,银,十一培,-1,1994/10/6 0:00,-1,英菲尼迪,长安牌,364547000000000000 ,364666000000000000 ,196209,198601,17,4,4,工作日,晚高峰(17-19点),2015-04-17,2015年4月17日,多云 /多云,28℃ / 19℃,南风 ≤3级 /南风 ≤3级,多云,多云,28,19,南风,≤3级,南风,≤3级,day
2015-04-17 21:54:00,达高桥,7、未按规定让行的 ,负全部责任,不负责任,1,贵AT5664,白色,1,贵AUA068,白色,十一培,时法驾校,1994/7/17 0:00,2006/6/21 0:00,钱江牌,丰田牌,364548000000000000 ,364547000000000000 ,196607,197710,21,4,4,工作日,非高峰,2015-04-17,2015年4月17日,多云 /多云,28℃ / 19℃,南风 ≤3级 /南风 ≤3级,多云,多云,28,19,南风,≤3级,南风,≤3级,night
2015-04-17 21:00:00,艺校,8、依法应负全责的其他情形,负全部责任,不负责任,1,贵AB3166,白色,1,贵ANV823,白色,十一培,预约考试窗口,1999/8/21 0:00,2006/7/20 0:00,飞肯牌,别克牌,366361000000000000 ,364568000000000000 ,197401,198509,21,4,4,工作日,非高峰,2015-04-17,2015年4月17日,多云 /多云,28℃ / 19℃,南风 ≤3级 /南风 ≤3级,多云,多云,28,19,南风,≤3级,南风,≤3级,night
2015-04-18 09:30:00,中天花园,7、未按规定让行的 ,负全部责任,不负责任,0,贵A8K249,黑,1,贵ALF742,银,十一培,-1,1999/7/7 0:00,-1,梅赛德斯-奔驰2996CC越野车,一汽佳星牌,364547000000000000 ,357164000000000000 ,195503,196907,9,5,4,工作日,早高峰(7-9点),2015-04-18,2015年4月18日,多云 /雷阵雨,29℃ / 16℃,南风 ≤3级 /南风 ≤3级,多云,雷阵雨,29,16,南风,≤3级,南风,≤3级,day
2015-04-18 10:30:00,白云区,1、追尾的,负全部责任,不负责任,1,贵AU8288,绿,1,渝CZQ151,蓝,十一培,-1,1987/4/11 0:00,-1,宝来牌,-1,364547000000000000 ,354768000000000000 ,195803,196711,10,5,4,工作日,非高峰,2015-04-18,2015年4月18日,多云 /雷阵雨,29℃ / 16℃,南风 ≤3级 /南风 ≤3级,多云,雷阵雨,29,16,南风,≤3级,南风,≤3级,day
2015-04-18 12:30:00,小河龙江港路口,7、未按规定让行的 ,负全部责任,不负责任,1,贵AL0374,白色,1,贵AFJ291,白色,十一培,全林驾校,1998/3/30 0:00,2012/6/25 0:00,豪进牌,华泰圣达菲牌,36636251865456065X,364548000000000000 ,197210,198006,12,5,4,工作日,非高峰,2015-04-18,2015年4月18日,多云 /雷阵雨,29℃ / 16℃,南风 ≤3级 /南风 ≤3级,多云,雷阵雨,29,16,南风,≤3级,南风,≤3级,day
2015-04-18 14:00:00,西南环路,1、追尾的,负全部责任,不负责任,1,贵APR998,白色,1,贵A83A51,白色,十一培,全林驾校,1991/11/14 0:00,2012/4/12 0:00,凯迪拉克,丰田牌,364547000000000000 ,364547000000000000 ,196312,195404,14,5,4,工作日,非高峰,2015-04-18,2015年4月18日,多云 /雷阵雨,29℃ / 16℃,南风 ≤3级 /南风 ≤3级,多云,雷阵雨,29,16,南风,≤3级,南风,≤3级,day
2015-04-18 14:00:00,花果园,7、未按规定让行的 ,负全部责任,不负责任,1,贵AGK053,黑,1,贵A0HG481,银,十一培,-1,1996/10/10 0:00,-1,中华牌,-1,364548000000000000 ,36686151154263775X,196511,199106,14,5,4,工作日,非高峰,2015-04-18,2015年4月18日,多云 /雷阵雨,29℃ / 16℃,南风 ≤3级 /南风 ≤3级,多云,雷阵雨,29,16,南风,≤3级,南风,≤3级,day
2015-04-18 14:00:00,富源路,8、依法应负全责的其他情形,负全部责任,不负责任,1,贵A27L25,白色,1,贵AB865T,白色,十一培,-1,1994/3/25 0:00,-1,翼虎牌,五菱,364548000000000000 ,366868000000000000 ,195605,198103,14,5,4,工作日,非高峰,2015-04-18,2015年4月18日,多云 /雷阵雨,29℃ / 16℃,南风 ≤3级 /南风 ≤3级,多云,雷阵雨,29,16,南风,≤3级,南风,≤3级,day
2015-04-18 14:00:00,上坝路,2、逆行的,负全部责任,不负责任,1,贵GL2172,白色,1,贵A9BG85,白色,十一培,-1,1993/7/1 0:00,-1,大众汽车牌,丰田牌,364556000000000000 ,366861000000000000 ,196409,199104,14,5,4,工作日,非高峰,2015-04-18,2015年4月18日,多云 /雷阵雨,29℃ / 16℃,南风 ≤3级 /南风 ≤3级,多云,雷阵雨,29,16,南风,≤3级,南风,≤3级,day
2015-04-18 14:45:00,油榨街,7、未按规定让行的 ,负全部责任,不负责任,1,贵AAP788,白色,1,桂ML9239,白色,十一培,-1,1994/12/23 0:00,-1,大江牌,北京现代牌,364547000000000000 ,36860500000000000 ,197604,196108,14,5,4,工作日,非高峰,2015-04-18,2015年4月18日,多云 /雷阵雨,29℃ / 16℃,南风 ≤3级 /南风 ≤3级,多云,雷阵雨,29,16,南风,≤3级,南风,≤3级,day
2015-04-18 16:30:00,五里冲,1、追尾的,负全部责任,不负责任,1,贵AS1918,白色,1,贵A0BL79,白,十一培,黔丰驾校,1999/6/7 0:00,2014/7/20 0:00,海陵牌,起亚牌,364547000000000000 ,36455651935558633X,197209,198511,16,5,4,工作日,非高峰,2015-04-18,2015年4月18日,多云 /雷阵雨,29℃ / 16℃,南风 ≤3级 /南风 ≤3级,多云,雷阵雨,29,16,南风,≤3级,南风,≤3级,day
2015-04-18 16:45:00,贵开路,1、追尾的,负全部责任,不负责任,1,贵AV0059,黑,1,贵A85H53,白,十一培,蓝天驾校,1994/12/19 0:00,2013/8/6 0:00,东风牌,英伦牌,364548000000000000 ,366363000000000000 ,196109,198508,16,5,4,工作日,非高峰,2015-04-18,2015年4月18日,多云 /雷阵雨,29℃ / 16℃,南风 ≤3级 /南风 ≤3级,多云,雷阵雨,29,16,南风,≤3级,南风,≤3级,day
2015-04-18 16:30:00,护国路,7、未按规定让行的 ,负全部责任,不负责任,1,贵AAQ887,白色,1,贵A44V17,白色,十一培,-1,1993/1/4 0:00,-1,长城牌,丰田牌,364547000000000000 ,354767000000000000 ,195707,198001,16,5,4,工作日,非高峰,2015-04-18,2015年4月18日,多云 /雷阵雨,29℃ / 16℃,南风 ≤3级 /南风 ≤3级,多云,雷阵雨,29,16,南风,≤3级,南风,≤3级,day
2015-04-18 15:28:00,二铺,7、未按规定让行的 ,负全部责任,不负责任,1,贵AU5094,绿,1,贵A75277,白,十一培,自培,1999/6/2 0:00,2015/4/1 0:00,豪爵牌,川路,366061000000000000 ,364558000000000000 ,197210,197211,15,5,4,工作日,非高峰,2015-04-18,2015年4月18日,多云 /雷阵雨,29℃ / 16℃,南风 ≤3级 /南风 ≤3级,多云,雷阵雨,29,16,南风,≤3级,南风,≤3级,day
2015-04-18 17:00:00,山水黔城,7、未按规定让行的 ,负全部责任,不负责任,1,贵A42263,黑色,1,贵JX9344,黑色,十一培,-1,1999/1/8 0:00,-1,中华牌,起亚牌,364547000000000000 ,74365500000000000 ,195308,197109,17,5,4,工作日,晚高峰(17-19点),2015-04-18,2015年4月18日,多云 /雷阵雨,29℃ / 16℃,南风 ≤3级 /南风 ≤3级,多云,雷阵雨,29,16,南风,≤3级,南风,≤3级,day
2015-04-18 16:20:00,大凹路,9、不符合前8款规定或者双方同时具有上述情形的,负同等责任,负同等责任,1,贵A42K17,白色,1,贵H24148,白色,十一培,-1,1989/12/31 0:00,-1,昌河铃木牌,江淮牌,364547000000000000 ,34747500000000000 ,196606,197306,16,5,4,工作日,非高峰,2015-04-18,2015年4月18日,多云 /雷阵雨,29℃ / 16℃,南风 ≤3级 /南风 ≤3级,多云,雷阵雨,29,16,南风,≤3级,南风,≤3级,day
2015-04-18 18:30:00,贵惠大道,7、未按规定让行的 ,负全部责任,不负责任,1,贵HAX861,白色,1,贵A5AY29,白色,十一培,铁二局驾校,1998/5/14 0:00,2009/9/16 0:00,东风日产牌,东风雪铁龙牌,364547000000000000 ,366570000000000000 ,197404,197810,18,5,4,工作日,晚高峰(17-19点),2015-04-18,2015年4月18日,多云 /雷阵雨,29℃ / 16℃,南风 ≤3级 /南风 ≤3级,多云,雷阵雨,29,16,南风,≤3级,南风,≤3级,day
2015-04-19 00:50:00,小河,8、依法应负全责的其他情形,负全部责任,不负责任,1,贵A34995,白色,1,贵ARL226,白色,十一培,全林驾校,1995/12/26 0:00,2014/9/15 0:00,山地,长安牌,366364000000000000 ,364551000000000000 ,197702,199207,0,6,4,周末,非高峰,2015-04-19,2015年4月19日,阵雨 /阵雨,22℃ / 13℃,东北风 ≤3级 /东北风 ≤3级,阵雨,阵雨,22,13,东北风,≤3级,东北风,≤3级,night
2015-04-19 06:00:00,富源路,7、未按规定让行的 ,负全部责任,不负责任,1,贵AS6393,白色,1,贵A4234X,黑色,十一培,未定义,1994/8/3 0:00,2014/2/20 0:00,奥路卡牌,吉利美日牌,364547000000000000 ,366361000000000000 ,196001,196803,6,6,4,周末,非高峰,2015-04-19,2015年4月19日,阵雨 /阵雨,22℃ / 13℃,东北风 ≤3级 /东北风 ≤3级,阵雨,阵雨,22,13,东北风,≤3级,东北风,≤3级,day
2015-04-19 08:40:00,花果园,9、不符合前8款规定或者双方同时具有上述情形的,负同等责任,负同等责任,1,粤BT2L93,白色,1,贵AYM372,白色,十一培,-1,1997/4/6 0:00,-1,宝来牌,长安,354366000000000000 ,674747000000000000 ,197710,198805,8,6,4,周末,早高峰(7-9点),2015-04-19,2015年4月19日,阵雨 /阵雨,22℃ / 13℃,东北风 ≤3级 /东北风 ≤3级,阵雨,阵雨,22,13,东北风,≤3级,东北风,≤3级,day
2015-04-19 09:20:00,紫阳泉园,7、未按规定让行的 ,负全部责任,不负责任,1,贵A1J998,黑,0,贵AKD675,白,十一培,诚信驾驶培训学校,1998/4/20 0:00,2011/4/8 0:00,-1,东风标致牌,364558000000000000 ,36686751864051560X,196507,197204,9,6,4,周末,早高峰(7-9点),2015-04-19,2015年4月19日,阵雨 /阵雨,22℃ / 13℃,东北风 ≤3级 /东北风 ≤3级,阵雨,阵雨,22,13,东北风,≤3级,东北风,≤3级,day
2015-04-17 21:00:00,二戈寨,1、追尾的,负全部责任,不负责任,1,贵A97534,白色,1,贵A4R912,白色,十一培,自培,1991/8/17 0:00,2007/9/14 0:00,天马,东风标致牌,364547000000000000 ,364547000000000000 ,197002,198710,21,4,4,工作日,非高峰,2015-04-17,2015年4月17日,多云 /多云,28℃ / 19℃,南风 ≤3级 /南风 ≤3级,多云,多云,28,19,南风,≤3级,南风,≤3级,night
2015-04-18 09:50:00,煤矿村,8、依法应负全责的其他情形,负全部责任,不负责任,1,贵A8137G,银,1,贵AHN333,红,十一培,自培,1997/1/27 0:00,2001/5/14 0:00,五菱牌,酷威,366061000000000000 ,366370000000000000 ,197407,197201,9,5,4,工作日,早高峰(7-9点),2015-04-18,2015年4月18日,多云 /雷阵雨,29℃ / 16℃,南风 ≤3级 /南风 ≤3级,多云,雷阵雨,29,16,南风,≤3级,南风,≤3级,day
2015-04-18 14:00:00,水口寺,7、未按规定让行的 ,负全部责任,不负责任,1,贵A84B18,蓝,1,贵A48L31,蓝,十一培,自培,1994/9/4 0:00,2004/11/24 0:00,长安牌,东风雪铁龙牌,364547000000000 ,364548000000000000 ,520523,197105,14,5,4,工作日,非高峰,2015-04-18,2015年4月18日,多云 /雷阵雨,29℃ / 16℃,南风 ≤3级 /南风 ≤3级,多云,雷阵雨,29,16,南风,≤3级,南风,≤3级,day
2015-04-19 10:00:00,未来方舟,9、不符合前8款规定或者双方同时具有上述情形的,负全部责任,不负责任,1,贵AB1440,红,1,贵CC7612,红,十一培,航天驾校,1995/7/22 0:00,-1,钱江牌,荣威牌,364547000000000000 ,36656551914956495X,195203,198908,10,6,4,周末,非高峰,2015-04-19,2015年4月19日,阵雨 /阵雨,22℃ / 13℃,东北风 ≤3级 /东北风 ≤3级,阵雨,阵雨,22,13,东北风,≤3级,东北风,≤3级,day
2015-04-19 11:56:00,都匀路,1、追尾的,负全部责任,不负责任,1,贵AU2272,白色,1,贵AU8385,白色,十一培,东莞市车友驾驶员培训有限公司,1995/11/1 0:00,2008/8/5 0:00,宝来牌,宝来牌,364547000000000000 ,366576000000000000 ,195610,197802,11,6,4,周末,非高峰,2015-04-19,2015年4月19日,阵雨 /阵雨,22℃ / 13℃,东北风 ≤3级 /东北风 ≤3级,阵雨,阵雨,22,13,东北风,≤3级,东北风,≤3级,day
2015-04-19 14:00:00,遵义路,1、追尾的,负全部责任,不负责任,1,贵AU0773,白色,1,贵A96F54,白色,十一培,自培,1992/7/30 0:00,1995/5/2 0:00,万达牌,斯柯达牌,364557000000000000 ,366569000000000000 ,197301,197201,14,6,4,周末,非高峰,2015-04-19,2015年4月19日,阵雨 /阵雨,22℃ / 13℃,东北风 ≤3级 /东北风 ≤3级,阵雨,阵雨,22,13,东北风,≤3级,东北风,≤3级,day
2015-04-19 16:20:00,大营坡,7、未按规定让行的 ,负全部责任,不负责任,1,贵AU3734,黑,1,贵A58B27,黑,十一培,自培,1999/2/13 0:00,2006/6/28 0:00,五羊-本田牌,梅赛德斯-奔驰牌,364548000000000000 ,364548000000000000 ,195410,197806,16,6,4,周末,非高峰,2015-04-19,2015年4月19日,阵雨 /阵雨,22℃ / 13℃,东北风 ≤3级 /东北风 ≤3级,阵雨,阵雨,22,13,东北风,≤3级,东北风,≤3级,day
2015-04-19 17:00:00,长坡岭森林公园,8、依法应负全责的其他情形,负全部责任,不负责任,1,贵ANJ146,白色,1,贵A91F48,白色,十一培,贵工驾校,1998/6/10 0:00,2012/3/31 0:00,思域牌,锋范牌,366270000000000000 ,574577000000000000 ,196606,198310,17,6,4,周末,晚高峰(17-19点),2015-04-19,2015年4月19日,阵雨 /阵雨,22℃ / 13℃,东北风 ≤3级 /东北风 ≤3级,阵雨,阵雨,22,13,东北风,≤3级,东北风,≤3级,day
2015-04-19 16:00:00,花溪,1、追尾的,负全部责任,不负责任,1,贵A3168L,白色,1,贵A1047X,白色,十一培,果洛州东格尔驾校,1992/4/30 0:00,2006/9/4 0:00,雪佛兰牌,长城牌,364556000000000000 ,664547000000000000 ,197007,197910,16,6,4,周末,非高峰,2015-04-19,2015年4月19日,阵雨 /阵雨,22℃ / 13℃,东北风 ≤3级 /东北风 ≤3级,阵雨,阵雨,22,13,东北风,≤3级,东北风,≤3级,day
2015-04-19 16:02:00,师大,7、未按规定让行的 ,负全部责任,不负责任,1,贵AE0529,银,1,贵A25J54,黑,十一培,公安干院驾校,1996/9/5 0:00,2006/8/21 0:00,海马,长安牌,356767000000000000 ,364547000000000000 ,196906,198508,16,6,4,周末,非高峰,2015-04-19,2015年4月19日,阵雨 /阵雨,22℃ / 13℃,东北风 ≤3级 /东北风 ≤3级,阵雨,阵雨,22,13,东北风,≤3级,东北风,≤3级,day
2015-04-19 15:30:00,北新区路,7、未按规定让行的 ,负全部责任,不负责任,0,贵AS3697,黄,1,贵FJ9274,白,十一培,-1,1998/12/2 0:00,-1,梅赛德斯-奔驰牌,五菱牌,364548000000000000 ,366264000000000000 ,197004,198301,15,6,4,周末,非高峰,2015-04-19,2015年4月19日,阵雨 /阵雨,22℃ / 13℃,东北风 ≤3级 /东北风 ≤3级,阵雨,阵雨,22,13,东北风,≤3级,东北风,≤3级,day
2015-04-19 20:30:00,北京路,7、未按规定让行的 ,负全部责任,不负责任,1,贵AJ6297,蓝,1,贵A22M66,银,十一培,贵阳金马驾驶培训有限公司,1999/4/12 0:00,2013/7/26 0:00,银翔牌,吉利牌,266546000000000000 ,366063000000000000 ,196406,197602,20,6,4,周末,非高峰,2015-04-19,2015年4月19日,阵雨 /阵雨,22℃ / 13℃,东北风 ≤3级 /东北风 ≤3级,阵雨,阵雨,22,13,东北风,≤3级,东北风,≤3级,night
2015-04-20 00:00:00,花果园,7、未按规定让行的 ,负全部责任,不负责任,1,贵A28C17,白色,1,贵AKQ214,白色,十一培,-1,1994/7/10 0:00,-1,东风标致牌,朗逸牌,364547000000000000 ,784547000000000000 ,197408,199010,0,0,4,工作日,非高峰,2015-04-20,2015年4月20日,阴 /阴,20℃ / 11℃,东北风 ≤3级 /东北风 ≤3级,阴,阴,20,11,东北风,≤3级,东北风,≤3级,night
2015-04-19 22:00:00,相宝山,7、未按规定让行的 ,负全部责任,不负责任,1,贵AVE861,蓝,1,贵AEL233,银,十一培,-1,1995/12/4 0:00,-1,朗逸牌,帕萨特牌,366364000000000000 ,366364000000000000 ,197110,196812,22,6,4,周末,非高峰,2015-04-19,2015年4月19日,阵雨 /阵雨,22℃ / 13℃,东北风 ≤3级 /东北风 ≤3级,阵雨,阵雨,22,13,东北风,≤3级,东北风,≤3级,night
2015-04-20 08:00:00,西南环线,7、未按规定让行的 ,负全部责任,不负责任,1,贵APG295,白色,1,贵BZ4623,白色,十一培,阳光驾校,1998/3/17 0:00,2014/9/23 0:00,长城牌,丰田牌,364547000000000000 ,364557000000000000 ,196501,198902,8,0,4,工作日,早高峰(7-9点),2015-04-20,2015年4月20日,阴 /阴,20℃ / 11℃,东北风 ≤3级 /东北风 ≤3级,阴,阴,20,11,东北风,≤3级,东北风,≤3级,day
2015-04-20 09:50:00,太慈桥,1、追尾的,负全部责任,不负责任,1,贵A26198,白色,1,贵CLK448,白色,十一培,-1,1999/6/12 0:00,-1,中联牌,梅赛德斯-奔驰牌,366875000000000000 ,366577000000000000 ,197704,199210,9,0,4,工作日,早高峰(7-9点),2015-04-20,2015年4月20日,阴 /阴,20℃ / 11℃,东北风 ≤3级 /东北风 ≤3级,阴,阴,20,11,东北风,≤3级,东北风,≤3级,day
2015-04-20 09:30:00,贵开路,7、未按规定让行的 ,负全部责任,不负责任,1,贵AG4313,黑,1,贵ANE562,银,十一培,预约考试窗口,1991/10/7 0:00,2007/5/17 0:00,银翔牌,东风雪铁龙牌,364548000000000000 ,764164000000000000 ,196510,198201,9,0,4,工作日,早高峰(7-9点),2015-04-20,2015年4月20日,阴 /阴,20℃ / 11℃,东北风 ≤3级 /东北风 ≤3级,阴,阴,20,11,东北风,≤3级,东北风,≤3级,day
2015-04-20 10:05:00,沙河街,1、追尾的,负全部责任,不负责任,1,贵A21X49,白,1,贵GY3963,红,十一培,黔丰驾校,1995/5/17 0:00,2015/2/4 0:00,丰田牌,风朗,36454751854341447X,364557000000000000 ,197105,195503,10,0,4,工作日,非高峰,2015-04-20,2015年4月20日,阴 /阴,20℃ / 11℃,东北风 ≤3级 /东北风 ≤3级,阴,阴,20,11,东北风,≤3级,东北风,≤3级,day
2015-04-20 11:10:00,新添大道,7、未按规定让行的 ,负全部责任,不负责任,1,贵ADN077,银,1,渝BT2856,黑,十一培,-1,1986/5/19 0:00,-1,途安牌,长安牌,366363000000000000 ,366063000000000000 ,196112,197712,11,0,4,工作日,非高峰,2015-04-20,2015年4月20日,阴 /阴,20℃ / 11℃,东北风 ≤3级 /东北风 ≤3级,阴,阴,20,11,东北风,≤3级,东北风,≤3级,day
2015-04-20 13:30:00,北京西路,3、倒车的,负全部责任,不负责任,1,贵A80607,红,1,贵AU1192,绿,十一培,520127,1998/5/6 0:00,2009/8/28 0:00,大运牌,吉利美日牌,366364000000000000 ,364568000000000000 ,196409,198602,13,0,4,工作日,非高峰,2015-04-20,2015年4月20日,阴 /阴,20℃ / 11℃,东北风 ≤3级 /东北风 ≤3级,阴,阴,20,11,东北风,≤3级,东北风,≤3级,day
2015-04-20 13:00:00,云潭南路,7、未按规定让行的 ,负全部责任,不负责任,1,贵A40522,蓝,1,贵AAS464,白,十一培,预约考试窗口,1985/10/21 0:00,2007/6/4 0:00,嘉陵CJ50F,捷豹XF,364547000000000000 ,366567000000000000 ,196211,197210,13,0,4,工作日,非高峰,2015-04-20,2015年4月20日,阴 /阴,20℃ / 11℃,东北风 ≤3级 /东北风 ≤3级,阴,阴,20,11,东北风,≤3级,东北风,≤3级,day
2015-04-20 17:00:00,马王庙,8、依法应负全责的其他情形,负全部责任,不负责任,1,贵AUA075,白,1,贵A93F13,红,十一培,全林驾校,1999/10/27 0:00,2014/1/7 0:00,丰田牌,雪佛兰牌,366566000000000000 ,364548000000000000 ,198106,198410,17,0,4,工作日,晚高峰(17-19点),2015-04-20,2015年4月20日,阴 /阴,20℃ / 11℃,东北风 ≤3级 /东北风 ≤3级,阴,阴,20,11,东北风,≤3级,东北风,≤3级,day
2015-04-20 16:00:00,纪念塔,7、未按规定让行的 ,负全部责任,不负责任,1,贵AL2032,白色,1,贵AU7372,白色,十一培,公交公司驾校,1997/9/29 0:00,2005/1/10 0:00,东方牌,大运牌,364548000000000000 ,364547000000000000 ,196105,197808,16,0,4,工作日,非高峰,2015-04-20,2015年4月20日,阴 /阴,20℃ / 11℃,东北风 ≤3级 /东北风 ≤3级,阴,阴,20,11,东北风,≤3级,东北风,≤3级,day
2015-04-20 14:30:00,朱昌镇,3、倒车的,负全部责任,不负责任,1,贵AW6398,绿,1,贵GL3931,绿,十一培,R021,1997/12/23 0:00,2011/10/8 0:00,五十铃牌,北京现代牌,364558000000000000 ,366664000000000000 ,196510,197910,14,0,4,工作日,非高峰,2015-04-20,2015年4月20日,阴 /阴,20℃ / 11℃,东北风 ≤3级 /东北风 ≤3级,阴,阴,20,11,东北风,≤3级,东北风,≤3级,day
2015-04-20 14:10:00,二桥,7、未按规定让行的 ,负全部责任,不负责任,1,贵AU5559,黑,1,贵A11V43,黑,十一培,预约考试窗口,1999/12/27 0:00,2007/4/12 0:00,金马牌,东风日产牌,366347000000000000 ,355266000000000000 ,197912,198510,14,0,4,工作日,非高峰,2015-04-20,2015年4月20日,阴 /阴,20℃ / 11℃,东北风 ≤3级 /东北风 ≤3级,阴,阴,20,11,东北风,≤3级,东北风,≤3级,day
2015-04-20 14:00:00,金阳二铺,8、依法应负全责的其他情形,负全部责任,不负责任,1,贵AU8801,绿,1,贵A31K37,银,十一培,-1,1997/3/24 0:00,-1,银钢牌,东风牌,74667500000000000 ,774762000000000000 ,197001,197812,14,0,4,工作日,非高峰,2015-04-20,2015年4月20日,阴 /阴,20℃ / 11℃,东北风 ≤3级 /东北风 ≤3级,阴,阴,20,11,东北风,≤3级,东北风,≤3级,day
2015-04-20 19:20:00,甲秀南路,8、依法应负全责的其他情形,负全部责任,不负责任,1,贵A4075R,白色,1,贵A4573A,白色,十一培,520107,1998/12/28 0:00,2009/9/3 0:00,奥迪牌,高尔夫,364558000000000000 ,364556000000000000 ,197604,199009,19,0,4,工作日,晚高峰(17-19点),2015-04-20,2015年4月20日,阴 /阴,20℃ / 11℃,东北风 ≤3级 /东北风 ≤3级,阴,阴,20,11,东北风,≤3级,东北风,≤3级,day
2015-04-20 19:40:00,新添大道,1、追尾的,负全部责任,不负责任,1,贵AW8058,银,1,贵AVE934,银,十一培,-1,1994/11/2 0:00,-1,别克牌,比亚迪牌,364548000000000000 ,364547000000000 ,195906,720403,19,0,4,工作日,晚高峰(17-19点),2015-04-20,2015年4月20日,阴 /阴,20℃ / 11℃,东北风 ≤3级 /东北风 ≤3级,阴,阴,20,11,东北风,≤3级,东北风,≤3级,day
2015-04-19 10:00:00,经典时代小区,8、依法应负全责的其他情形,负全部责任,不负责任,1,贵ARE409,白色,1,贵AP4341,白色,十一培,自培,1996/5/8 0:00,2010/5/5 0:00,丰田牌,宇锋牌,364547000000000000 ,364547000000000000 ,197510,196912,10,6,4,周末,非高峰,2015-04-19,2015年4月19日,阵雨 /阵雨,22℃ / 13℃,东北风 ≤3级 /东北风 ≤3级,阵雨,阵雨,22,13,东北风,≤3级,东北风,≤3级,day
2015-04-19 18:00:00,煤矿村,7、未按规定让行的 ,负全部责任,不负责任,1,贵AEF885,白色,1,贵AVC917,白色,十一培,自培,1994/6/15 0:00,2008/2/28 0:00,马自达牌,科雷傲,364547000000000000 ,07564651915655445X,196111,198912,18,6,4,周末,晚高峰(17-19点),2015-04-19,2015年4月19日,阵雨 /阵雨,22℃ / 13℃,东北风 ≤3级 /东北风 ≤3级,阵雨,阵雨,22,13,东北风,≤3级,东北风,≤3级,day
2015-04-20 20:58:00,世纪城,7、未按规定让行的 ,负全部责任,不负责任,1,贵AEK211,黑,0,湘EZQ443,黑,十一培,-1,1994/4/14 0:00,-1,飞碟牌,\N,724048000000000000 ,74366500000000000 ,196402,198205,20,0,4,工作日,非高峰,2015-04-20,2015年4月20日,阴 /阴,20℃ / 11℃,东北风 ≤3级 /东北风 ≤3级,阴,阴,20,11,东北风,≤3级,东北风,≤3级,night
2015-04-21 08:00:00,金阳南路,7、未按规定让行的 ,负全部责任,不负责任,1,贵AMU284,白,1,贵A22K31,红,十一培,蓝天驾校,1994/10/10 0:00,2008/11/6 0:00,猎豹牌,福克斯牌,364548000000000000 ,366364000000000000 ,197206,196806,8,1,4,工作日,早高峰(7-9点),2015-04-21,2015年4月21日,阴 /阵雨,17℃ / 10℃,东北风 ≤3级 /东北风 ≤3级,阴,阵雨,17,10,东北风,≤3级,东北风,≤3级,day
2015-04-21 08:00:00,小河开发大道,7、未按规定让行的 ,负全部责任,不负责任,1,贵A44B35,白色,1,粤B71C31,白色,十一培,-1,1994/10/18 0:00,-1,长安牌,北京现代牌,364556000000000000 ,674748000000000000 ,196010,196703,8,1,4,工作日,早高峰(7-9点),2015-04-21,2015年4月21日,阴 /阵雨,17℃ / 10℃,东北风 ≤3级 /东北风 ≤3级,阴,阵雨,17,10,东北风,≤3级,东北风,≤3级,day
2015-04-21 08:30:00,金珠路,7、未按规定让行的 ,负全部责任,不负责任,1,贵ATY658,红,0,贵ARG976,黑,十一培,预约考试窗口,1996/4/17 0:00,2007/2/15 0:00,长安牌,丰田牌,364558000000000000 ,366864000000000000 ,197004,197505,8,1,4,工作日,早高峰(7-9点),2015-04-21,2015年4月21日,阴 /阵雨,17℃ / 10℃,东北风 ≤3级 /东北风 ≤3级,阴,阵雨,17,10,东北风,≤3级,东北风,≤3级,day
2015-04-21 07:30:00,沙冲路,7、未按规定让行的 ,负全部责任,不负责任,1,贵AEL099,白色,1,贵AU6182,白色,十一培,文通驾校,1996/2/15 0:00,2004/6/14 0:00,奇瑞牌,银钢牌,364547000000000000 ,36626651934240735X,195803,198506,7,1,4,工作日,早高峰(7-9点),2015-04-21,2015年4月21日,阴 /阵雨,17℃ / 10℃,东北风 ≤3级 /东北风 ≤3级,阴,阵雨,17,10,东北风,≤3级,东北风,≤3级,day
2015-04-21 08:45:00,偏颇,1、追尾的,负全部责任,不负责任,1,贵A24549,黑,1,贵A36238,黑,十一培,-1,1981/12/31 0:00,-1,北京现代牌,福田牌,364547000000000000 ,70606751944141378X,195901,198009,8,1,4,工作日,早高峰(7-9点),2015-04-21,2015年4月21日,阴 /阵雨,17℃ / 10℃,东北风 ≤3级 /东北风 ≤3级,阴,阵雨,17,10,东北风,≤3级,东北风,≤3级,day
2015-04-21 08:50:00,花溪大道,1、追尾的,负全部责任,不负责任,1,贵AH5772,银,1,贵A4CF43,黄,十一培,自培,1995/6/26 0:00,2000/6/29 0:00,帕萨特牌,大众牌,366347000000000000 ,364548000000000000 ,197804,197304,8,1,4,工作日,早高峰(7-9点),2015-04-21,2015年4月21日,阴 /阵雨,17℃ / 10℃,东北风 ≤3级 /东北风 ≤3级,阴,阵雨,17,10,东北风,≤3级,东北风,≤3级,day