accidenttime,accidentaddr,driver1fault,driver1responsibility,driver2responsibility,sex1,platenumber1,carcolor1,sex2,platenumber2,carcolor2,jxmc1,jxmc2,cclzrq1,cclzrq2,clpp1,clpp2,driver1license,driver2license,brith1,brith2,hour,weekday,month,is_weekday,peak_hour,date,日期,天气状况,气温,风力风向,day_wea,night_wea,day_tep,night_tep,day_wind_direction,day_wind_speed,night_wind_direction,night_wind_speed,segment
2015-04-21 08:30:00,高架桥,7、未按规定让行的 ,负全部责任,不负责任,1,贵A98Z14,银,1,贵JBU675,黑,十一培,市警校驾校,1998/2/23 0:00,2013/3/13 0:00,长安牌,雪佛兰牌,36454751295554325X,364547000000000000 ,196811,198501,8,1,4,工作日,早高峰(7-9点),2015-04-21,2015年4月21日,阴 /阵雨,17℃ / 10℃,东北风 ≤3级 /东北风 ≤3级,阴,阵雨,17,10,东北风,≤3级,东北风,≤3级,day
2015-04-21 09:10:00,金阳,7、未按规定让行的 ,负全部责任,不负责任,1,贵AU6072,绿,1,粤BG7Z30,银,十一培,六盘水昌达汽车摩托车驾驶培训学校有限公司,1987/4/7 0:00,2011/3/11 0:00,金福牌,别克牌,364547000000000000 ,64765500000000000 ,196604,198309,9,1,4,工作日,早高峰(7-9点),2015-04-21,2015年4月21日,阴 /阵雨,17℃ / 10℃,东北风 ≤3级 /东北风 ≤3级,阴,阵雨,17,10,东北风,≤3级,东北风,≤3级,day
2015-04-21 19:03:00,沙冲路,1、追尾的,负全部责任,不负责任,1,贵H18Z77,黑,0,贵AE5205,蓝,十一培,-1,1995/3/18 0:00,-1,-1,五十铃,364547000000000000 ,366067000000000000 ,196501,199107,19,1,4,工作日,晚高峰(17-19点),2015-04-21,2015年4月21日,阴 /阵雨,17℃ / 10℃,东北风 ≤3级 /东北风 ≤3级,阴,阵雨,17,10,东北风,≤3级,东北风,≤3级,day
2015-04-21 22:00:00,沙冲路,7、未按规定让行的 ,负全部责任,不负责任,1,贵ABA023,白色,1,贵A8BL73,白色,十一培,贵州现代驾驶培训责任有限公司,1995/6/27 0:00,2013/1/25 0:00,长安牌,金旅牌,364548000000000000 ,364557000000000000 ,196209,199010,22,1,4,工作日,非高峰,2015-04-21,2015年4月21日,阴 /阵雨,17℃ / 10℃,东北风 ≤3级 /东北风 ≤3级,阴,阵雨,17,10,东北风,≤3级,东北风,≤3级,night
2015-04-22 06:30:00,万江小区,5、开关车门的,负全部责任,不负责任,1,贵A7902B,银,1,贵AJL446,黑,十一培,铁二局驾校,1997/12/31 0:00,2011/11/8 0:00,长城牌,北京现代,364547000000000000 ,364547000000000000 ,197004,196904,6,2,4,工作日,非高峰,2015-04-22,2015年4月22日,小雨 /小雨,15℃ / 10℃,东北风 ≤3级 /东北风 ≤3级,小雨,小雨,15,10,东北风,≤3级,东北风,≤3级,day
2015-04-22 08:05:00,金阳北路,8、依法应负全责的其他情形,负全部责任,不负责任,1,贵A4788B,黑,1,贵A3349H,黑,十一培,-1,1994/9/29 0:00,-1,起亚牌,雅阁牌,364548000000000000 ,36455700000000000 ,196606,191052,8,2,4,工作日,早高峰(7-9点),2015-04-22,2015年4月22日,小雨 /小雨,15℃ / 10℃,东北风 ≤3级 /东北风 ≤3级,小雨,小雨,15,10,东北风,≤3级,东北风,≤3级,day
2015-04-22 09:50:00,状元街,7、未按规定让行的 ,负全部责任,不负责任,1,贵AU3614,白色,1,贵A3BF73,白色,十一培,长运驾校,1997/2/26 0:00,2013/8/9 0:00,瑞麒牌,东风雪铁龙牌,364547000000000000 ,364547000000000000 ,196406,198610,9,2,4,工作日,早高峰(7-9点),2015-04-22,2015年4月22日,小雨 /小雨,15℃ / 10℃,东北风 ≤3级 /东北风 ≤3级,小雨,小雨,15,10,东北风,≤3级,东北风,≤3级,day
2015-04-22 10:00:00,小河转盘,9、不符合前8款规定或者双方同时具有上述情形的,负同等责任,负同等责任,1,贵AMH557,白色,1,贵A28N25,白色,十一培,铁二局驾校,1995/6/10 0:00,2014/11/13 0:00,思威牌,夏利牌,364547000000000000 ,366064000000000000 ,196312,198802,10,2,4,工作日,非高峰,2015-04-22,2015年4月22日,小雨 /小雨,15℃ / 10℃,东北风 ≤3级 /东北风 ≤3级,小雨,小雨,15,10,东北风,≤3级,东北风,≤3级,day
2015-04-22 09:00:00,香江路,1、追尾的,负全部责任,不负责任,1,贵AB204K,白色,1,贵A15S27,白色,十一培,-1,1999/1/4 0:00,-1,吉利牌,雪佛兰牌,366067000000000000 ,355667000000000000 ,198101,319680,9,2,4,工作日,早高峰(7-9点),2015-04-22,2015年4月22日,小雨 /小雨,15℃ / 10℃,东北风 ≤3级 /东北风 ≤3级,小雨,小雨,15,10,东北风,≤3级,东北风,≤3级,day
2015-04-22 09:10:00,五里冲,7、未按规定让行的 ,负全部责任,不负责任,1,贵J25881,黑,1,贵A71150,白,十一培,-1,1998/4/6 0:00,-1,丰田牌,金龙牌,364556000000000000 ,366566000000000000 ,197310,196206,9,2,4,工作日,早高峰(7-9点),2015-04-22,2015年4月22日,小雨 /小雨,15℃ / 10℃,东北风 ≤3级 /东北风 ≤3级,小雨,小雨,15,10,东北风,≤3级,东北风,≤3级,day
2015-04-20 18:32:00,中华南路,7、未按规定让行的 ,负全部责任,不负责任,1,贵AUA077,白色,1,贵A8BA84,白色,十一培,自培,1992/12/1 0:00,2007/4/9 0:00,丰田牌,奥迪牌,364547000000000000 ,364547000000000000 ,196007,198610,18,0,4,工作日,晚高峰(17-19点),2015-04-20,2015年4月20日,阴 /阴,20℃ / 11℃,东北风 ≤3级 /东北风 ≤3级,阴,阴,20,11,东北风,≤3级,东北风,≤3级,day
2015-04-21 10:00:00,南明区,7、未按规定让行的 ,负全部责任,不负责任,1,贵AU6921,白色,1,贵A68L95,白色,十一培,自培,1997/7/10 0:00,2007/4/27 0:00,力帆牌,东风标致牌,366269000000000000 ,364547000000000000 ,197008,197912,10,1,4,工作日,非高峰,2015-04-21,2015年4月21日,阴 /阵雨,17℃ / 10℃,东北风 ≤3级 /东北风 ≤3级,阴,阵雨,17,10,东北风,≤3级,东北风,≤3级,day
2015-04-21 08:30:00,蛮破,8、依法应负全责的其他情形,负全部责任,不负责任,0,贵AP2087,白,1,贵GP1807,黄,十一培,自培,1995/9/4 0:00,2000/3/13 0:00,雪佛兰,英伦牌,364548000000000000 ,36636651854240265X,197104,197106,8,1,4,工作日,早高峰(7-9点),2015-04-21,2015年4月21日,阴 /阵雨,17℃ / 10℃,东北风 ≤3级 /东北风 ≤3级,阴,阵雨,17,10,东北风,≤3级,东北风,≤3级,day
2015-04-21 15:00:00,西南环线,7、未按规定让行的 ,负全部责任,不负责任,1,贵AET994,白色,1,贵A3BH95,黑色,十一培,自培,1992/9/9 0:00,2006/7/5 0:00,中华牌,思威牌,366361000000000000 ,364556000000000000 ,195301,196909,15,1,4,工作日,非高峰,2015-04-21,2015年4月21日,阴 /阵雨,17℃ / 10℃,东北风 ≤3级 /东北风 ≤3级,阴,阵雨,17,10,东北风,≤3级,东北风,≤3级,day
2015-04-21 17:30:00,小河平桥,1、追尾的,负全部责任,不负责任,1,贵A26A45,白色,1,贵A9R370,白色,十一培,自培,1998/4/30 0:00,2006/12/14 0:00,奥迪,东风日产牌,364547000000000000 ,364547000000000000 ,197105,196308,17,1,4,工作日,晚高峰(17-19点),2015-04-21,2015年4月21日,阴 /阵雨,17℃ / 10℃,东北风 ≤3级 /东北风 ≤3级,阴,阵雨,17,10,东北风,≤3级,东北风,≤3级,day
2015-04-22 11:30:00,南垭路,3、倒车的,负全部责任,不负责任,1,贵A35729,白,1,粤JWB455,银,十一培,520127,1994/12/6 0:00,2009/7/22 0:00,桑塔纳,明锐牌,364548000000000000 ,364567000000000000 ,197708,199010,11,2,4,工作日,非高峰,2015-04-22,2015年4月22日,小雨 /小雨,15℃ / 10℃,东北风 ≤3级 /东北风 ≤3级,小雨,小雨,15,10,东北风,≤3级,东北风,≤3级,day
2015-04-22 14:00:00,小河平桥,7、未按规定让行的 ,负全部责任,不负责任,1,贵A069A8,白色,1,贵AS2710,白色,十一培,-1,1993/5/5 0:00,-1,长安牌,湘江牌,364548000000000000 ,364567000000000000 ,195611,199105,14,2,4,工作日,非高峰,2015-04-22,2015年4月22日,小雨 /小雨,15℃ / 10℃,东北风 ≤3级 /东北风 ≤3级,小雨,小雨,15,10,东北风,≤3级,东北风,≤3级,day
2015-04-22 18:30:00,大西门,1、追尾的,负全部责任,不负责任,1,贵AH7531,银,1,贵ACV723,红,十一培,自培,1990/12/26 0:00,2003/8/19 0:00,神龙-富康牌,雪佛兰牌,366364000000000000 ,366846000000000000 ,195309,198112,18,2,4,工作日,晚高峰(17-19点),2015-04-22,2015年4月22日,小雨 /小雨,15℃ / 10℃,东北风 ≤3级 /东北风 ≤3级,小雨,小雨,15,10,东北风,≤3级,东北风,≤3级,day
2015-04-22 17:00:00,世纪城,8、依法应负全责的其他情形,负全部责任,不负责任,1,贵ATM753,黑,1,贵A8K967,蓝,十一培,-1,1989/10/31 0:00,-1,桑塔纳,起亚牌,364558000000000000 ,07476551985643685X,195805,198712,17,2,4,工作日,晚高峰(17-19点),2015-04-22,2015年4月22日,小雨 /小雨,15℃ / 10℃,东北风 ≤3级 /东北风 ≤3级,小雨,小雨,15,10,东北风,≤3级,东北风,≤3级,day
2015-04-22 22:02:00,中华北路,8、依法应负全责的其他情形,负全部责任,不负责任,1,贵AE0699,银,1,贵ACE446,银,十一培,-1,1986/3/24 0:00,-1,东力牌,马自达牌,364547000000000000 ,3645480000000000 ,195303,155072,22,2,4,工作日,非高峰,2015-04-22,2015年4月22日,小雨 /小雨,15℃ / 10℃,东北风 ≤3级 /东北风 ≤3级,小雨,小雨,15,10,东北风,≤3级,东北风,≤3级,night
2015-04-23 09:30:00,花果园,1、追尾的,负全部责任,不负责任,1,贵AU5223,白色,1,贵ALQ184,白色,十一培,（南明区）金大驾驶培训有限公司,1997/4/10 0:00,2005/2/3 0:00,嘉陵牌,长安牌,364556000000000000 ,356168000000000000 ,195607,197211,9,3,4,工作日,早高峰(7-9点),2015-04-23,2015年4月23日,阴 /小雨,16℃ / 10℃,东北风 ≤3级 /东北风 ≤3级,阴,小雨,16,10,东北风,≤3级,东北风,≤3级,day
2015-04-23 11:20:00,开发大道,8、依法应负全责的其他情形,负全部责任,不负责任,1,贵ACF858,白色,1,贵AWY932,白色,十一培,吉源驾校,1989/7/2 0:00,2014/12/16 0:00,东风日产牌,福克斯牌,364547000000000000 ,364548000000000000 ,196502,198401,11,3,4,工作日,非高峰,2015-04-23,2015年4月23日,阴 /小雨,16℃ / 10℃,东北风 ≤3级 /东北风 ≤3级,阴,小雨,16,10,东北风,≤3级,东北风,≤3级,day
2015-04-23 11:30:00,白云区,7、未按规定让行的 ,负全部责任,不负责任,1,贵AAU313,银,1,贵A275G5,银,十一培,路路达驾校,1999/11/29 0:00,2014/3/4 0:00,马自达牌,昌河牌,366368000000000000 ,36606351934969145X,197109,198508,11,3,4,工作日,非高峰,2015-04-23,2015年4月23日,阴 /小雨,16℃ / 10℃,东北风 ≤3级 /东北风 ≤3级,阴,小雨,16,10,东北风,≤3级,东北风,≤3级,day
2015-04-23 18:15:00,北京西路,1、追尾的,负全部责任,不负责任,1,贵AU3911,黑,1,闽AJL127,蓝,十一培,自培,1998/8/5 0:00,2001/10/23 0:00,金城牌,东风日产牌,36454751215457445X,734561000000000000 ,196910,197111,18,3,4,工作日,晚高峰(17-19点),2015-04-23,2015年4月23日,阴 /小雨,16℃ / 10℃,东北风 ≤3级 /东北风 ≤3级,阴,小雨,16,10,东北风,≤3级,东北风,≤3级,day
2015-04-24 08:35:00,宝山路,7、未按规定让行的 ,负全部责任,不负责任,1,贵A88S17,白,1,贵A5326,绿,十一培,新天驾校,1998/7/1 0:00,2005/9/13 0:00,翼虎牌,东风雪铁龙牌,364548000000000000 ,364547000000000000 ,197310,196912,8,4,4,工作日,早高峰(7-9点),2015-04-24,2015年4月24日,阴 /小雨,16℃ / 11℃,东风 ≤3级 /东风 ≤3级,阴,小雨,16,11,东风,≤3级,东风,≤3级,day
2015-04-23 15:10:00,文昌南路,1、追尾的,负全部责任,不负责任,1,贵AW6943,银,1,贵A2EB79,银,十一培,十一驾驶培训有限公司,1997/2/17 0:00,2012/2/15 0:00,别克牌,梅赛德斯-奔驰牌,364547000000000000 ,364548000000000000 ,195503,199303,15,3,4,工作日,非高峰,2015-04-23,2015年4月23日,阴 /小雨,16℃ / 10℃,东北风 ≤3级 /东北风 ≤3级,阴,小雨,16,10,东北风,≤3级,东北风,≤3级,day
2015-04-23 21:00:00,蜀黔物流,3、倒车的,负全部责任,不负责任,1,贵A92094,红,1,贵A225C7,白,十一培,蓝天驾校,1994/11/2 0:00,-1,江淮牌,解放牌,366361000000000000 ,74355500000000000 ,197111,198812,21,3,4,工作日,非高峰,2015-04-23,2015年4月23日,阴 /小雨,16℃ / 10℃,东北风 ≤3级 /东北风 ≤3级,阴,小雨,16,10,东北风,≤3级,东北风,≤3级,night
2015-04-24 03:20:00,北京路, ,负全部责任,不负责任,1,贵AU6940,绿,1,贵59V72,银,十一培,-1,1998/4/30 0:00,-1,三铃牌,-1,364547000000000000 ,366068000000000000 ,196804,198611,3,4,4,工作日,非高峰,2015-04-24,2015年4月24日,阴 /小雨,16℃ / 11℃,东风 ≤3级 /东风 ≤3级,阴,小雨,16,11,东风,≤3级,东风,≤3级,night
2015-04-24 07:40:00,黄山冲,8、依法应负全责的其他情形,负全部责任,不负责任,1,贵AK6895,白,1,贵A1R475,白,十一培,自培,1995/12/23 0:00,2011/12/2 0:00,大江牌,丰田牌,364548000000000000 ,364557000000000000 ,197312,199002,7,4,4,工作日,早高峰(7-9点),2015-04-24,2015年4月24日,阴 /小雨,16℃ / 11℃,东风 ≤3级 /东风 ≤3级,阴,小雨,16,11,东风,≤3级,东风,≤3级,day
2015-04-24 08:00:00,东山,8、依法应负全责的其他情形,负全部责任,不负责任,1,贵A00262,黄,1,贵A63Z61,黑,十一培,-1,1997/11/3 0:00,-1,昌河,比亚迪牌,364547000000000000 ,366664000000000000 ,196710,196311,8,4,4,工作日,早高峰(7-9点),2015-04-24,2015年4月24日,阴 /小雨,16℃ / 11℃,东风 ≤3级 /东风 ≤3级,阴,小雨,16,11,东风,≤3级,东风,≤3级,day
2015-04-24 10:20:00,黔灵山路,1、追尾的,负全部责任,不负责任,1,贵AAD108,银,1,JAV346,黑,十一培,520129,1998/12/30 0:00,2008/5/12 0:00,比亚迪牌,\N,364548000000000000 ,354767000000000000 ,197902,197008,10,4,4,工作日,非高峰,2015-04-24,2015年4月24日,阴 /小雨,16℃ / 11℃,东风 ≤3级 /东风 ≤3级,阴,小雨,16,11,东风,≤3级,东风,≤3级,day
2015-04-24 10:00:00,五里冲,7、未按规定让行的 ,负全部责任,不负责任,0,贵FH4674,蓝,1,贵AU5416,黑,十一培,-1,1995/8/19 0:00,-1,帕杰罗,豪爵牌,366364000000000000 ,3645480000000000 ,196903,263020,10,4,4,工作日,非高峰,2015-04-24,2015年4月24日,阴 /小雨,16℃ / 11℃,东风 ≤3级 /东风 ≤3级,阴,小雨,16,11,东风,≤3级,东风,≤3级,day
2015-04-24 14:35:00,花溪,8、依法应负全责的其他情形,负全部责任,不负责任,1,贵A78R55,白色,1,贵A7378K,白色,十一培,长运驾校,1998/12/3 0:00,-1,东风雪铁龙牌,波罗牌,366764000000000000 ,366566000000000000 ,197310,199406,14,4,4,工作日,非高峰,2015-04-24,2015年4月24日,阴 /小雨,16℃ / 11℃,东风 ≤3级 /东风 ≤3级,阴,小雨,16,11,东风,≤3级,东风,≤3级,day
2015-04-24 12:30:00,大庆路,3、倒车的,负全部责任,不负责任,1,贵AKC234,白色,1,贵CNF950,白色,十一培,-1,1994/12/11 0:00,-1,思域牌,丰田牌,366876000000000000 ,36654551854753095X,197110,197103,12,4,4,工作日,非高峰,2015-04-24,2015年4月24日,阴 /小雨,16℃ / 11℃,东风 ≤3级 /东风 ≤3级,阴,小雨,16,11,东风,≤3级,东风,≤3级,day
2015-04-24 14:30:00,纪念塔,7、未按规定让行的 ,负全部责任,不负责任,0,贵ADG109,黄,1,贵A28N77,蓝,十一培,鑫鑫驾校,1997/9/3 0:00,2014/10/17 0:00,波罗,丰田牌,364547000000000000 ,364557000000000000 ,196210,198411,14,4,4,工作日,非高峰,2015-04-24,2015年4月24日,阴 /小雨,16℃ / 11℃,东风 ≤3级 /东风 ≤3级,阴,小雨,16,11,东风,≤3级,东风,≤3级,day
2015-04-22 18:23:00,次南门,1、追尾的,负全部责任,不负责任,1,贵AB7056,黄,1,贵AAF862,银,十一培,自培,1995/5/24 0:00,2006/5/31 0:00,飞肯牌,福克斯牌,364547000000000000 ,366562000000000000 ,196803,198101,18,2,4,工作日,晚高峰(17-19点),2015-04-22,2015年4月22日,小雨 /小雨,15℃ / 10℃,东北风 ≤3级 /东北风 ≤3级,小雨,小雨,15,10,东北风,≤3级,东北风,≤3级,day
2015-04-22 18:10:00,北京路,7、未按规定让行的 ,负全部责任,不负责任,1,贵AP2597,黄,1,贵AAV511,银,十一培,自培,1997/12/11 0:00,2001/8/21 0:00,长安牌,亚洲英雄牌,364557000000000000 ,364547000000000000 ,196901,197511,18,2,4,工作日,晚高峰(17-19点),2015-04-22,2015年4月22日,小雨 /小雨,15℃ / 10℃,东北风 ≤3级 /东北风 ≤3级,小雨,小雨,15,10,东北风,≤3级,东北风,≤3级,day
2015-04-22 16:35:00,省府路,7、未按规定让行的 ,负全部责任,不负责任,1,贵AER301,银,1,贵AU5917,绿,十一培,自培,1998/1/30 0:00,2001/12/30 0:00,五菱,钱江牌,364551000000000000 ,366364000000000000 ,197901,197505,16,2,4,工作日,非高峰,2015-04-22,2015年4月22日,小雨 /小雨,15℃ / 10℃,东北风 ≤3级 /东北风 ≤3级,小雨,小雨,15,10,东北风,≤3级,东北风,≤3级,day
2015-04-23 10:00:00,宝山北路,1、追尾的,负全部责任,不负责任,1,贵AJ2539,白色,1,贵AV7914,白色,十一培,自培,1995/1/30 0:00,2007/11/22 0:00,鑫源牌,海马牌,366566000000000000 ,366546000000000000 ,197501,196511,10,3,4,工作日,非高峰,2015-04-23,2015年4月23日,阴 /小雨,16℃ / 10℃,东北风 ≤3级 /东北风 ≤3级,阴,小雨,16,10,东北风,≤3级,东北风,≤3级,day
2015-04-24 17:20:00,小河长江路,7、未按规定让行的 ,负全部责任,不负责任,1,贵A94482,白色,1,贵CLU097,白色,十一培,贵州现代驾驶培训责任有限公司,1989/5/15 0:00,2014/9/18 0:00,遂州,众泰牌,364547000000000000 ,366577000000000000 ,196509,199411,17,4,4,工作日,晚高峰(17-19点),2015-04-24,2015年4月24日,阴 /小雨,16℃ / 11℃,东风 ≤3级 /东风 ≤3级,阴,小雨,16,11,东风,≤3级,东风,≤3级,day
2015-04-24 18:00:00,花溪大道,7、未按规定让行的 ,负全部责任,不负责任,1,贵A86069,白色,1,贵AKF916,白色,十一培,长运驾校,1993/6/10 0:00,2013/8/23 0:00,隆鑫,吉利牌,364547000000000000 ,364551000000000000 ,196201,199004,18,4,4,工作日,晚高峰(17-19点),2015-04-24,2015年4月24日,阴 /小雨,16℃ / 11℃,东风 ≤3级 /东风 ≤3级,阴,小雨,16,11,东风,≤3级,东风,≤3级,day
2015-04-25 08:10:00,中山路,7、未按规定让行的 ,负全部责任,不负责任,1,贵AHF887,黑色,1,贵A5BF20,白色,十一培,贵州省长安驾驶培训学校,1994/12/12 0:00,2013/6/14 0:00,英伦牌,江淮牌,364547000000000000 ,364556000000000000 ,197201,198607,8,5,4,工作日,早高峰(7-9点),2015-04-25,2015年4月25日,阴 /阵雨,20℃ / 11℃,东风 ≤3级 /东南风 ≤3级,阴,阵雨,20,11,东风,≤3级,东南风,≤3级,day
2015-04-25 10:00:00,花溪,7、未按规定让行的 ,负全部责任,不负责任,1,贵A55463,白色,1,贵A14C77,白色,十一培,-1,1988/8/15 0:00,-1,空,长城牌,364547000000000000 ,364544000000 ,196004,418847,10,5,4,工作日,非高峰,2015-04-25,2015年4月25日,阴 /阵雨,20℃ / 11℃,东风 ≤3级 /东南风 ≤3级,阴,阵雨,20,11,东风,≤3级,东南风,≤3级,day
2015-04-25 11:45:00,火车站,7、未按规定让行的 ,负全部责任,不负责任,1,贵AU9762,白色,1,贵ARA038,白色,十一培,无,1994/4/5 0:00,1999/6/15 0:00,瑞麒牌,纳智捷牌,364548000000000000 ,364547000000000000 ,197311,197406,11,5,4,工作日,非高峰,2015-04-25,2015年4月25日,阴 /阵雨,20℃ / 11℃,东风 ≤3级 /东南风 ≤3级,阴,阵雨,20,11,东风,≤3级,东南风,≤3级,day
2015-04-25 12:15:00,汤巴关,7、未按规定让行的 ,负全部责任,不负责任,1,贵AKE926,白色,1,贵AD98H6,白色,十一培,毕节地区黔中驾校,1997/10/22 0:00,-1,丰田牌,-1,364547000000000000 ,366068000000000000 ,196404,198209,12,5,4,工作日,非高峰,2015-04-25,2015年4月25日,阴 /阵雨,20℃ / 11℃,东风 ≤3级 /东南风 ≤3级,阴,阵雨,20,11,东风,≤3级,东南风,≤3级,day
2015-04-25 10:00:00,金阳南路,3、倒车的,负全部责任,不负责任,1,贵AG4253,银,1,贵CHX887,白,十一培,-1,1985/5/10 0:00,-1,大江牌,北京现代牌,366363000000000000 ,366563000000000000 ,196502,198302,10,5,4,工作日,非高峰,2015-04-25,2015年4月25日,阴 /阵雨,20℃ / 11℃,东风 ≤3级 /东南风 ≤3级,阴,阵雨,20,11,东风,≤3级,东南风,≤3级,day
2015-04-25 13:20:00,省府路,7、未按规定让行的 ,负全部责任,不负责任,0,贵A52P81,白,1,贵AU7970,绿,十一培,贵州省长安驾驶培训学校,1993/3/30 0:00,2010/12/24 0:00,北京牌,金龙牌,364558000000000000 ,364547000000000000 ,197301,198812,13,5,4,工作日,非高峰,2015-04-25,2015年4月25日,阴 /阵雨,20℃ / 11℃,东风 ≤3级 /东南风 ≤3级,阴,阵雨,20,11,东风,≤3级,东南风,≤3级,day
2015-04-25 14:00:00,中天,7、未按规定让行的 ,负全部责任,不负责任,1,贵AG5924,白色,1,贵A28U65,白色,十一培,顺一驾驶培训学校,1998/11/30 0:00,2013/9/29 0:00,望江牌,-1,366675000000000000 ,36454751945450525X,196604,198010,14,5,4,工作日,非高峰,2015-04-25,2015年4月25日,阴 /阵雨,20℃ / 11℃,东风 ≤3级 /东南风 ≤3级,阴,阵雨,20,11,东风,≤3级,东南风,≤3级,day
2015-04-25 15:05:00,二桥,7、未按规定让行的 ,负全部责任,不负责任,1,贵AB173N,银,1,贵A36K69,银,十一培,青正驾校,1999/7/23 0:00,2014/10/24 0:00,夏利牌,大众牌,366363000000000000 ,364558000000000000 ,196207,196802,15,5,4,工作日,非高峰,2015-04-25,2015年4月25日,阴 /阵雨,20℃ / 11℃,东风 ≤3级 /东南风 ≤3级,阴,阵雨,20,11,东风,≤3级,东南风,≤3级,day
2015-04-25 14:00:00,机场路,7、未按规定让行的 ,负全部责任,不负责任,1,贵A15E71,白色,1,贵A14R48,白色,十一培,-1,1997/5/7 0:00,-1,奥迪牌,奇瑞牌,36454651855664263X,364547000000000000 ,197112,197211,14,5,4,工作日,非高峰,2015-04-25,2015年4月25日,阴 /阵雨,20℃ / 11℃,东风 ≤3级 /东南风 ≤3级,阴,阵雨,20,11,东风,≤3级,东南风,≤3级,day
2015-04-25 16:00:00,北京西路,7、未按规定让行的 ,负全部责任,不负责任,1,贵AQS325,蓝,1,贵AAC172,银,十一培,文通驾校,1995/3/27 0:00,2011/11/4 0:00,宝马,轩逸牌,364548000000000000 ,344669000000000000 ,196505,198710,16,5,4,工作日,非高峰,2015-04-25,2015年4月25日,阴 /阵雨,20℃ / 11℃,东风 ≤3级 /东南风 ≤3级,阴,阵雨,20,11,东风,≤3级,东南风,≤3级,day
2015-04-25 17:05:00,黔灵山路,1、追尾的,负全部责任,不负责任,1,贵AH4198,银,1,贵FF8285,红,十一培,-1,1996/7/4 0:00,-1,东风日产牌,SRX 跨界车,366546000000000000 ,366066000000000000 ,196302,195112,17,5,4,工作日,晚高峰(17-19点),2015-04-25,2015年4月25日,阴 /阵雨,20℃ / 11℃,东风 ≤3级 /东南风 ≤3级,阴,阵雨,20,11,东风,≤3级,东南风,≤3级,day
2015-04-25 21:00:00,中坝立交,7、未按规定让行的 ,负全部责任,不负责任,1,贵A96506,白色,1,贵A86N84,白色,十一培,全林驾校,1999/2/8 0:00,2012/3/8 0:00,红岩牌,别克牌,366347000000000000 ,366368000000000000 ,198004,198301,21,5,4,工作日,非高峰,2015-04-25,2015年4月25日,阴 /阵雨,20℃ / 11℃,东风 ≤3级 /东南风 ≤3级,阴,阵雨,20,11,东风,≤3级,东南风,≤3级,night
2015-04-25 18:30:00,花果园,7、未按规定让行的 ,负全部责任,不负责任,1,贵A750G1,白色,1,贵CFL384,白色,十一培,贵阳万里圣驾校,1996/11/2 0:00,2015/4/24 0:00,川交牌,东风雪铁龙牌,364557000000000000 ,366576000000000000 ,197606,198711,18,5,4,工作日,晚高峰(17-19点),2015-04-25,2015年4月25日,阴 /阵雨,20℃ / 11℃,东风 ≤3级 /东南风 ≤3级,阴,阵雨,20,11,东风,≤3级,东南风,≤3级,day
2015-04-26 10:40:00,花果园,8、依法应负全责的其他情形,负全部责任,不负责任,1,贵AK4861,红,1,贵AU8917,蓝,十一培,毕节地区宏强驾校,1995/11/6 0:00,2005/10/26 0:00,科雷傲,先风牌,36454651245461745X,366064000000000000 ,196010,197606,10,6,4,周末,非高峰,2015-04-26,2015年4月26日,阵雨 /阵雨,18℃ / 14℃,东南风 ≤3级 /东北风 ≤3级,阵雨,阵雨,18,14,东南风,≤3级,东北风,≤3级,day
2015-04-26 15:58:00,文昌路,3、倒车的,负全部责任,不负责任,1,贵AZE122,黑,1,贵A0BP14,白,十一培,吉源驾校,1998/11/12 0:00,2015/2/15 0:00,江铃牌,起亚牌,366061000000000000 ,364548000000000000 ,197905,198801,15,6,4,周末,非高峰,2015-04-26,2015年4月26日,阵雨 /阵雨,18℃ / 14℃,东南风 ≤3级 /东北风 ≤3级,阵雨,阵雨,18,14,东南风,≤3级,东北风,≤3级,day
2015-04-26 14:00:00,市南路,1、追尾的,负全部责任,不负责任,1,贵A94Y55,白色,1,贵A43E31,白色,十一培,-1,1994/2/11 0:00,-1,东风标致牌,北京现代牌,364547000000000000 ,36654600000000 ,196301,157302,14,6,4,周末,非高峰,2015-04-26,2015年4月26日,阵雨 /阵雨,18℃ / 14℃,东南风 ≤3级 /东北风 ≤3级,阵雨,阵雨,18,14,东南风,≤3级,东北风,≤3级,day
2015-04-26 12:00:00,大营坡,1、追尾的,负全部责任,不负责任,1,贵A99B63,黑,1,贵HS3768,银,十一培,-1,1995/12/28 0:00,-1,吉普,中顺牌,366361000000000000 ,356166000000000000 ,197302,196907,12,6,4,周末,非高峰,2015-04-26,2015年4月26日,阵雨 /阵雨,18℃ / 14℃,东南风 ≤3级 /东北风 ≤3级,阵雨,阵雨,18,14,东南风,≤3级,东北风,≤3级,day
2015-04-26 19:38:00,山水黔城,7、未按规定让行的 ,负全部责任,不负责任,1,渝B948F7,黑,1,贵AD14398,白,十一培,520106,1997/9/5 0:00,2007/12/26 0:00,帕萨特牌,-1,366577000000000000 ,364548000000000000 ,195604,196105,19,6,4,周末,晚高峰(17-19点),2015-04-26,2015年4月26日,阵雨 /阵雨,18℃ / 14℃,东南风 ≤3级 /东北风 ≤3级,阵雨,阵雨,18,14,东南风,≤3级,东北风,≤3级,day