accidenttime,accidentaddr,driver1fault,driver1responsibility,driver2responsibility,sex1,platenumber1,carcolor1,sex2,platenumber2,carcolor2,jxmc1,jxmc2,cclzrq1,cclzrq2,clpp1,clpp2,driver1license,driver2license,brith1,brith2,hour,weekday,month,is_weekday,peak_hour,date,日期,天气状况,气温,风力风向,day_wea,night_wea,day_tep,night_tep,day_wind_direction,day_wind_speed,night_wind_direction,night_wind_speed,segment
2015-04-25 09:50:00,都思路,7、未按规定让行的 ,负全部责任,不负责任,1,贵A22G28,白,1,贵AU7299,蓝,十一培,自培,1985/11/10 0:00,2002/6/7 0:00,长城牌,新感觉牌,364548000000000000 ,364548000000000000 ,195408,196902,9,5,4,工作日,早高峰(7-9点),2015-04-25,2015年4月25日,阴 /阵雨,20℃ / 11℃,东风 ≤3级 /东南风 ≤3级,阴,阵雨,20,11,东风,≤3级,东南风,≤3级,day
2015-04-25 12:36:00,大十字,1、追尾的,负全部责任,不负责任,1,贵AB3C14,白色,1,贵ADK131,白色,十一培,自培,1996/4/17 0:00,2006/11/22 0:00,-1,锋范牌,364548000000000000 ,364548000000000000 ,195611,196210,12,5,4,工作日,非高峰,2015-04-25,2015年4月25日,阴 /阵雨,20℃ / 11℃,东风 ≤3级 /东南风 ≤3级,阴,阵雨,20,11,东风,≤3级,东南风,≤3级,day
2015-04-25 16:00:00,狮子山,1、追尾的,负全部责任,不负责任,1,贵AU9668,蓝,1,贵A47N14,白,十一培,自培,1997/7/17 0:00,2007/1/5 0:00,瑞麒牌,长安牌,364548000000000000 ,36454651804569567X,196906,197401,16,5,4,工作日,非高峰,2015-04-25,2015年4月25日,阴 /阵雨,20℃ / 11℃,东风 ≤3级 /东南风 ≤3级,阴,阵雨,20,11,东风,≤3级,东南风,≤3级,day
2015-04-26 14:15:00,北站,1、追尾的,负全部责任,不负责任,0,贵ASW428,黄,0,贵A3BW50,红,十一培,自培,1996/2/8 0:00,2002/9/27 0:00,宝马,捷豹 XF,364547000000000000 ,364556000000000000 ,196912,196904,14,6,4,周末,非高峰,2015-04-26,2015年4月26日,阵雨 /阵雨,18℃ / 14℃,东南风 ≤3级 /东北风 ≤3级,阵雨,阵雨,18,14,东南风,≤3级,东北风,≤3级,day
2015-04-26 13:40:00,清溪路,7、未按规定让行的 ,负全部责任,不负责任,1,贵A1490N,白色,1,贵A81219,白色,十一培,自培,1998/8/5 0:00,2006/4/18 0:00,长城牌,福田牌,364551000000000000 ,364568000000000000 ,197307,198502,13,6,4,周末,非高峰,2015-04-26,2015年4月26日,阵雨 /阵雨,18℃ / 14℃,东南风 ≤3级 /东北风 ≤3级,阵雨,阵雨,18,14,东南风,≤3级,东北风,≤3级,day
2015-04-27 02:11:00,头桥,7、未按规定让行的 ,负全部责任,不负责任,1,渝AM3259,黑,1,贵A68032,黑,十一培,自培,1998/1/19 0:00,2003/7/11 0:00,新阳光牌,桑塔纳,354647000000000000 ,364547000000000000 ,195608,198309,2,0,4,工作日,非高峰,2015-04-27,2015年4月27日,阴 /雷阵雨,21℃ / 14℃,东南风 ≤3级 /东北风 ≤3级,阴,雷阵雨,21,14,东南风,≤3级,东北风,≤3级,night
2015-04-26 19:50:00,中曹司,8、依法应负全责的其他情形,负全部责任,不负责任,1,贵GS3581,白色,1,贵AJ2996,白色,十一培,黔南州交通驾驶学校,1991/1/22 0:00,2005/5/18 0:00,大众牌,黄川牌,73654551245668087X,366875000000000000 ,196012,198612,19,6,4,周末,晚高峰(17-19点),2015-04-26,2015年4月26日,阵雨 /阵雨,18℃ / 14℃,东南风 ≤3级 /东北风 ≤3级,阵雨,阵雨,18,14,东南风,≤3级,东北风,≤3级,day
2015-04-27 06:23:00,中俞,9、不符合前8款规定或者双方同时具有上述情形的,负同等责任,负同等责任,1,贵A494Y,白,1,贵AB69U,银,十一培,-1,1993/7/7 0:00,-1,-1,-1,364558000000000000 ,3645475124064095X,196211,196042,6,0,4,工作日,非高峰,2015-04-27,2015年4月27日,阴 /雷阵雨,21℃ / 14℃,东南风 ≤3级 /东北风 ≤3级,阴,雷阵雨,21,14,东南风,≤3级,东北风,≤3级,day
2015-04-27 08:30:00,杨家山隧道,1、追尾的,负全部责任,不负责任,1,贵A80289,白色,1,贵A2AB51,白色,十一培,十一驾驶培训有限公司,1995/8/6 0:00,2014/5/21 0:00,解放牌,马自达牌,364558000000000000 ,364548000000000000 ,196802,199005,8,0,4,工作日,早高峰(7-9点),2015-04-27,2015年4月27日,阴 /雷阵雨,21℃ / 14℃,东南风 ≤3级 /东北风 ≤3级,阴,雷阵雨,21,14,东南风,≤3级,东北风,≤3级,day
2015-04-27 09:00:00,省肿瘤医院,3、倒车的,负全部责任,不负责任,1,贵AS6838,白色,1,贵AX2566,白色,十一培,520102,1993/3/11 0:00,2008/10/21 0:00,捷达牌,嘉陵牌,364547000000000000 ,364548000000000000 ,197403,198701,9,0,4,工作日,早高峰(7-9点),2015-04-27,2015年4月27日,阴 /雷阵雨,21℃ / 14℃,东南风 ≤3级 /东北风 ≤3级,阴,雷阵雨,21,14,东南风,≤3级,东北风,≤3级,day
2015-04-27 08:00:00,白云区,1、追尾的,负全部责任,不负责任,1,贵A4978E,黑,1,贵AAK478,红,十一培,-1,1994/10/20 0:00,-1,福克斯牌,嘉陵牌,364558000000000 ,364558000000000000 ,711102,198911,8,0,4,工作日,早高峰(7-9点),2015-04-27,2015年4月27日,阴 /雷阵雨,21℃ / 14℃,东南风 ≤3级 /东北风 ≤3级,阴,雷阵雨,21,14,东南风,≤3级,东北风,≤3级,day
2015-04-27 09:00:00,紫林庵,8、依法应负全责的其他情形,负全部责任,不负责任,1,贵AVF219,白,1,贵AU5179,蓝,十一培,520129,1995/1/8 0:00,2007/10/31 0:00,宝马牌,陆胜牌,36454651804954646X,366876000000000000 ,197408,198107,9,0,4,工作日,早高峰(7-9点),2015-04-27,2015年4月27日,阴 /雷阵雨,21℃ / 14℃,东南风 ≤3级 /东北风 ≤3级,阴,雷阵雨,21,14,东南风,≤3级,东北风,≤3级,day
2015-04-27 09:30:00,小河,1、追尾的,负全部责任,不负责任,1,贵AVG466,白色,1,贵A1264F,白色,十一培,诚信驾驶培训学校,1994/9/29 0:00,2012/4/9 0:00,宝马牌,神龙富康,364557000000000000 ,366261000000000000 ,197406,197707,9,0,4,工作日,早高峰(7-9点),2015-04-27,2015年4月27日,阴 /雷阵雨,21℃ / 14℃,东南风 ≤3级 /东北风 ≤3级,阴,雷阵雨,21,14,东南风,≤3级,东北风,≤3级,day
2015-04-27 09:30:00,东二环,1、追尾的,负全部责任,不负责任,1,贵A6329,白色,1,贵ASC489,黑色,十一培,（南明区）现代驾驶培训有限公司,1991/1/29 0:00,2011/6/20 0:00,-1,帕萨特牌,364547000000000000 ,36454751155462767X,196410,199110,9,0,4,工作日,早高峰(7-9点),2015-04-27,2015年4月27日,阴 /雷阵雨,21℃ / 14℃,东南风 ≤3级 /东北风 ≤3级,阴,雷阵雨,21,14,东南风,≤3级,东北风,≤3级,day
2015-04-27 10:08:00,白云区,7、未按规定让行的 ,负全部责任,不负责任,1,贵A464B6,黑,1,贵A9804M,银,十一培,铁二局驾校,1996/1/10 0:00,2013/2/26 0:00,尼桑牌,北京牌,364558000000000000 ,364568000000000000 ,197505,199006,10,0,4,工作日,非高峰,2015-04-27,2015年4月27日,阴 /雷阵雨,21℃ / 14℃,东南风 ≤3级 /东北风 ≤3级,阴,雷阵雨,21,14,东南风,≤3级,东北风,≤3级,day
2015-04-27 15:30:00,白云区,1、追尾的,负全部责任,不负责任,1,贵AU6764,蓝,1,贵AHP982,黑,十一培,-1,1998/4/20 0:00,-1,大众牌,丰田牌,36454751284163445X,364545000000 ,196709,200614,15,0,4,工作日,非高峰,2015-04-27,2015年4月27日,阴 /雷阵雨,21℃ / 14℃,东南风 ≤3级 /东北风 ≤3级,阴,雷阵雨,21,14,东南风,≤3级,东北风,≤3级,day
2015-04-27 17:30:00,北京路,1、追尾的,负全部责任,不负责任,1,贵ASH328,黑,1,贵AS1698,白,十一培,自培,1993/7/27 0:00,1991/5/6 0:00,途锐,驰鹏,364547000000000000 ,364548000000000000 ,197002,196304,17,0,4,工作日,晚高峰(17-19点),2015-04-27,2015年4月27日,阴 /雷阵雨,21℃ / 14℃,东南风 ≤3级 /东北风 ≤3级,阴,雷阵雨,21,14,东南风,≤3级,东北风,≤3级,day
2015-04-27 17:30:00,花溪,7、未按规定让行的 ,负全部责任,不负责任,1,贵AX1497,白色,1,贵A1618J,白色,十一培,路路达驾校,1992/8/19 0:00,2014/8/6 0:00,神鹰牌,别克牌,364547000000000000 ,364556000000000000 ,196303,199301,17,0,4,工作日,晚高峰(17-19点),2015-04-27,2015年4月27日,阴 /雷阵雨,21℃ / 14℃,东南风 ≤3级 /东北风 ≤3级,阴,雷阵雨,21,14,东南风,≤3级,东北风,≤3级,day
2015-04-27 18:00:00,西南环线,7、未按规定让行的 ,负全部责任,不负责任,1,贵ABK226,白色,1,川AP3478,白色,十一培,-1,1995/4/4 0:00,-1,东风日产牌,嘉陵牌,364548000000000000 ,354557000000000000 ,196402,197305,18,0,4,工作日,晚高峰(17-19点),2015-04-27,2015年4月27日,阴 /雷阵雨,21℃ / 14℃,东南风 ≤3级 /东北风 ≤3级,阴,雷阵雨,21,14,东南风,≤3级,东北风,≤3级,day
2015-04-28 07:15:00,浦江路,7、未按规定让行的 ,负全部责任,不负责任,1,贵A76418,白色,1,贵AB332N,白色,十一培,鑫鑫驾校,1993/11/2 0:00,2015/1/6 0:00,福田牌,江淮牌,364548000000000000 ,364547000000000000 ,195707,195908,7,1,4,工作日,早高峰(7-9点),2015-04-28,2015年4月28日,多云 /多云,25℃ / 15℃,东北风 ≤3级 /东北风 ≤3级,多云,多云,25,15,东北风,≤3级,东北风,≤3级,day
2015-04-28 08:30:00,观水路,7、未按规定让行的 ,负全部责任,不负责任,1,贵AK7622,白色,1,贵AU0812,黑色,十一培,520114,1994/3/9 0:00,2008/5/29 0:00,三铃牌,万达牌,35556351224949047X,366566000000000000 ,196608,198611,8,1,4,工作日,早高峰(7-9点),2015-04-28,2015年4月28日,多云 /多云,25℃ / 15℃,东北风 ≤3级 /东北风 ≤3级,多云,多云,25,15,东北风,≤3级,东北风,≤3级,day
2015-04-28 09:30:00,金源街,3、倒车的,负全部责任,不负责任,1,贵AB035Z,黄,0,贵AVF529,黄,十一培,长运驾校,1996/12/13 0:00,2010/10/20 0:00,翼虎牌,大众汽车牌,364547000000000000 ,356175000000000000 ,195610,197109,9,1,4,工作日,早高峰(7-9点),2015-04-28,2015年4月28日,多云 /多云,25℃ / 15℃,东北风 ≤3级 /东北风 ≤3级,多云,多云,25,15,东北风,≤3级,东北风,≤3级,day
2015-04-28 13:05:00,花果园,1、追尾的,负全部责任,不负责任,1,闽BE4372,黑,1,贵A855D8,银,十一培,-1,1995/10/17 0:00,-1,丰田牌,长安牌,36636351804161885X,355247000000000000 ,197409,199204,13,1,4,工作日,非高峰,2015-04-28,2015年4月28日,多云 /多云,25℃ / 15℃,东北风 ≤3级 /东北风 ≤3级,多云,多云,25,15,东北风,≤3级,东北风,≤3级,day
2015-04-28 11:40:00,贵阳,7、未按规定让行的 ,负全部责任,不负责任,1,贵A55Z97,红,1,贵J66752,银,十一培,贵州现代驾驶培训责任有限公司,1999/6/23 0:00,2011/6/24 0:00,中华牌,菲亚特牌,364557000000000000 ,366061000000000000 ,196505,198808,11,1,4,工作日,非高峰,2015-04-28,2015年4月28日,多云 /多云,25℃ / 15℃,东北风 ≤3级 /东北风 ≤3级,多云,多云,25,15,东北风,≤3级,东北风,≤3级,day
2015-04-28 14:00:00,港天,3、倒车的,负全部责任,不负责任,1,贵APH585,银,1,贵AP8833,黄,十一培,-1,1990/2/2 0:00,-1,梅赛德斯-奔驰牌,梅赛德斯-奔驰,364548000000000000 ,504647000000000000 ,196402,197902,14,1,4,工作日,非高峰,2015-04-28,2015年4月28日,多云 /多云,25℃ / 15℃,东北风 ≤3级 /东北风 ≤3级,多云,多云,25,15,东北风,≤3级,东北风,≤3级,day
2015-04-28 18:00:00,新华路,7、未按规定让行的 ,负全部责任,不负责任,1,贵A70131,白色,1,贵AHD389,白色,十一培,520114,1990/8/19 0:00,2009/5/11 0:00,东风牌,福特牌,364548000000000000 ,366346000000000000 ,196308,197505,18,1,4,工作日,晚高峰(17-19点),2015-04-28,2015年4月28日,多云 /多云,25℃ / 15℃,东北风 ≤3级 /东北风 ≤3级,多云,多云,25,15,东北风,≤3级,东北风,≤3级,day
2015-04-29 07:15:00,花果园,7、未按规定让行的 ,负全部责任,不负责任,1,贵A75828,银,1,贵A59F78,白,十一培,十一驾驶培训有限公司,1992/7/31 0:00,2012/10/30 0:00,五菱,福克斯牌,364547000000000000 ,364548000000000000 ,196503,198907,7,2,4,工作日,早高峰(7-9点),2015-04-29,2015年4月29日,阵雨 /阵雨,26℃ / 16℃,东北风 ≤3级 /东南风 ≤3级,阵雨,阵雨,26,16,东北风,≤3级,东南风,≤3级,day
2015-04-27 07:00:00,乌当,7、未按规定让行的 ,负全部责任,不负责任,1,贵JDU311,黑,1,贵A2771G,白,十一培,自培,1993/3/30 0:00,2003/10/10 0:00,雅阁牌,一汽佳星牌,366067000000000000 ,366870000000000000 ,197109,197105,7,0,4,工作日,早高峰(7-9点),2015-04-27,2015年4月27日,阴 /雷阵雨,21℃ / 14℃,东南风 ≤3级 /东北风 ≤3级,阴,雷阵雨,21,14,东南风,≤3级,东北风,≤3级,day
2015-04-27 09:00:00,宝山南路,1、追尾的,负全部责任,不负责任,1,贵A57S27,白,1,贵A36A61,银,十一培,自培,1993/9/13 0:00,2004/6/22 0:00,吉利全球鹰牌,东风标致,364548000000000000 ,364548000000000000 ,197011,198604,9,0,4,工作日,早高峰(7-9点),2015-04-27,2015年4月27日,阴 /雷阵雨,21℃ / 14℃,东南风 ≤3级 /东北风 ≤3级,阴,雷阵雨,21,14,东南风,≤3级,东北风,≤3级,day
2015-04-27 15:30:00,嘉润路口,8、依法应负全责的其他情形,负全部责任,不负责任,1,贵AU0095,白色,1,贵A43A71,白色,十一培,自培,1989/9/5 0:00,2002/5/15 0:00,远豪牌,神行者,364547000000000000 ,364548000000000000 ,197010,197508,15,0,4,工作日,非高峰,2015-04-27,2015年4月27日,阴 /雷阵雨,21℃ / 14℃,东南风 ≤3级 /东北风 ≤3级,阴,雷阵雨,21,14,东南风,≤3级,东北风,≤3级,day
2015-04-28 09:00:00,省委,3、倒车的,负全部责任,不负责任,1,贵B20F40,白色,1,贵ANY765,白色,十一培,自培,1990/11/30 0:00,2004/8/20 0:00,-1,波罗牌,364547000000000000 ,25476051894064445X,196010,197804,9,1,4,工作日,早高峰(7-9点),2015-04-28,2015年4月28日,多云 /多云,25℃ / 15℃,东北风 ≤3级 /东北风 ≤3级,多云,多云,25,15,东北风,≤3级,东北风,≤3级,day
2015-04-29 07:32:00,服务大楼,7、未按规定让行的 ,负全部责任,不负责任,1,贵AU6222,白色,1,贵ARN734,白色,十一培,自培,1998/4/14 0:00,2005/2/24 0:00,山洋牌,英伦牌,366368000000000000 ,364547000000000000 ,196906,197704,7,2,4,工作日,早高峰(7-9点),2015-04-29,2015年4月29日,阵雨 /阵雨,26℃ / 16℃,东北风 ≤3级 /东南风 ≤3级,阵雨,阵雨,26,16,东北风,≤3级,东南风,≤3级,day
2015-04-29 08:00:00,蛮坡,9、不符合前8款规定或者双方同时具有上述情形的,负同等责任,负同等责任,1,贵AU5025,绿,1,贵A71H64,白,十一培,新天驾校,1995/4/24 0:00,2012/1/29 0:00,捷达牌,福克斯牌,364547000000000000 ,364548000000000000 ,197407,198705,8,2,4,工作日,早高峰(7-9点),2015-04-29,2015年4月29日,阵雨 /阵雨,26℃ / 16℃,东北风 ≤3级 /东南风 ≤3级,阵雨,阵雨,26,16,东北风,≤3级,东南风,≤3级,day
2015-04-28 20:35:00,贵惠大道,1、追尾的,负全部责任,不负责任,1,贵A6974W,白色,1,贵ACN897,白色,十一培,-1,1999/7/19 0:00,-1,波罗牌,吉利牌,354663000000000000 ,344558000000000000 ,197703,198602,20,1,4,工作日,非高峰,2015-04-28,2015年4月28日,多云 /多云,25℃ / 15℃,东北风 ≤3级 /东北风 ≤3级,多云,多云,25,15,东北风,≤3级,东北风,≤3级,night
2015-04-29 08:00:00,水东路,1、追尾的,负全部责任,不负责任,1,贵AU5236,白色,1,贵AU9598,白色,十一培,十一驾驶培训有限公司,1989/6/6 0:00,2004/8/6 0:00,捷达牌,宝来牌,364547000000000000 ,366367000000000000 ,196108,196809,8,2,4,工作日,早高峰(7-9点),2015-04-29,2015年4月29日,阵雨 /阵雨,26℃ / 16℃,东北风 ≤3级 /东南风 ≤3级,阵雨,阵雨,26,16,东北风,≤3级,东南风,≤3级,day
2015-04-29 08:30:00,水东路,1、追尾的,负全部责任,不负责任,1,贵AU5236,白色,1,贵AU7513,白色,十一培,-1,1989/6/6 0:00,-1,捷达牌,金龙牌,364547000000000000 ,364547000000000000 ,196108,195611,8,2,4,工作日,早高峰(7-9点),2015-04-29,2015年4月29日,阵雨 /阵雨,26℃ / 16℃,东北风 ≤3级 /东南风 ≤3级,阵雨,阵雨,26,16,东北风,≤3级,东南风,≤3级,day
2015-04-29 10:00:00,油榨街,8、依法应负全责的其他情形,负全部责任,不负责任,1,贵A37N68,白色,1,贵A6BX73,白色,十一培,吉源驾校,1994/5/11 0:00,2014/12/1 0:00,宝马,吉利美日牌,364548000000000000 ,5345520000000000 ,196910,198707,10,2,4,工作日,非高峰,2015-04-29,2015年4月29日,阵雨 /阵雨,26℃ / 16℃,东北风 ≤3级 /东南风 ≤3级,阵雨,阵雨,26,16,东北风,≤3级,东南风,≤3级,day
2015-04-29 10:00:00,白金城,3、倒车的,负全部责任,不负责任,1,渝BV6293,红,1,贵ATV698,黄,十一培,-1,1995/12/30 0:00,-1,丰田牌 ,长城牌,366577000000000000 ,266868000000000000 ,197307,198212,10,2,4,工作日,非高峰,2015-04-29,2015年4月29日,阵雨 /阵雨,26℃ / 16℃,东北风 ≤3级 /东南风 ≤3级,阵雨,阵雨,26,16,东北风,≤3级,东南风,≤3级,day
2015-04-29 11:00:00,北京路,7、未按规定让行的 ,负全部责任,不负责任,1,贵AT5544,银,1,贵AV7397,蓝,十一培,北海市海安机动车驾驶员培训学校,1985/9/10 0:00,2007/3/7 0:00,金杯牌,大运牌,364548000000000000 ,344558000000000000 ,195512,198612,11,2,4,工作日,非高峰,2015-04-29,2015年4月29日,阵雨 /阵雨,26℃ / 16℃,东北风 ≤3级 /东南风 ≤3级,阵雨,阵雨,26,16,东北风,≤3级,东南风,≤3级,day
2015-04-30 03:45:00,金阳,7、未按规定让行的 ,负全部责任,不负责任,0,贵AK2666,黑,1,贵A5496S,红,十一培,青正驾校,1998/6/17 0:00,2015/2/5 0:00,千里马牌,大众汽车牌,364547000000000000 ,366569000000000000 ,196308,198707,3,3,4,工作日,非高峰,2015-04-30,2015年4月30日,阵雨 /阵雨,25℃ / 17℃,东南风 ≤3级 /东南风 ≤3级,阵雨,阵雨,25,17,东南风,≤3级,东南风,≤3级,night
2015-04-29 17:00:00,小河转盘,7、未按规定让行的 ,负全部责任,不负责任,1,贵A14R56,白色,1,贵AB169K,白色,十一培,贵州平安驾驶培训学校,1999/6/17 0:00,2013/7/4 0:00,大众牌,长安牌,364556000000000000 ,36606051964759545X,196812,198203,17,2,4,工作日,晚高峰(17-19点),2015-04-29,2015年4月29日,阵雨 /阵雨,26℃ / 16℃,东北风 ≤3级 /东南风 ≤3级,阵雨,阵雨,26,16,东北风,≤3级,东南风,≤3级,day
2015-04-30 00:00:00,小河区,7、未按规定让行的 ,负全部责任,不负责任,1,贵A999K9,白色,1,贵GM9724,白色,十一培,-1,1999/12/2 0:00,-1,-1,纳智捷牌,364556000000000000 ,65467500000000000 ,195904,197701,0,3,4,工作日,非高峰,2015-04-30,2015年4月30日,阵雨 /阵雨,25℃ / 17℃,东南风 ≤3级 /东南风 ≤3级,阵雨,阵雨,25,17,东南风,≤3级,东南风,≤3级,night
2015-04-29 18:00:00,长江路,7、未按规定让行的 ,负全部责任,不负责任,1,贵ADV068,白色,1,贵JAT195,白色,十一培,-1,1982/1/24 0:00,-1,雅阁,飞肯牌,364547000000000000 ,366868000000000000 ,195605,198110,18,2,4,工作日,晚高峰(17-19点),2015-04-29,2015年4月29日,阵雨 /阵雨,26℃ / 16℃,东北风 ≤3级 /东南风 ≤3级,阵雨,阵雨,26,16,东北风,≤3级,东南风,≤3级,day
2015-05-01 17:00:00,百花湖,7、未按规定让行的 ,负全部责任,不负责任,1,贵AMX343,黑,1,贵AO8856,红,十一培,自培,1996/2/15 0:00,2001/7/23 0:00,-1,-1,364547000000000000 ,354361000000000000 ,197407,197903,17,4,5,工作日,晚高峰(17-19点),2015-05-01,2015年5月1日,阵雨 /多云,25℃ / 14℃,东南风 ≤3级 /东北风 ≤3级,阵雨,多云,25,14,东南风,≤3级,东北风,≤3级,day
2015-04-30 14:10:00,红河路,1、追尾的,负全部责任,不负责任,1,贵AR9619,白色,1,贵AP3368,白色,十一培,-1,1994/5/29 0:00,-1,大众汽车牌,力帆牌,364551000000000000 ,366566000000000000 ,197503,196412,14,3,4,工作日,非高峰,2015-04-30,2015年4月30日,阵雨 /阵雨,25℃ / 17℃,东南风 ≤3级 /东南风 ≤3级,阵雨,阵雨,25,17,东南风,≤3级,东南风,≤3级,day
2015-04-30 11:20:00,甲秀南路,7、未按规定让行的 ,负全部责任,不负责任,1,贵A15767,白色,1,贵AK7873,白色,十一培,路路达驾校,1999/11/16 0:00,2013/2/3 0:00,东宏牌,望江牌,366367000000000000 ,366346000000000000 ,197405,198410,11,3,4,工作日,非高峰,2015-04-30,2015年4月30日,阵雨 /阵雨,25℃ / 17℃,东南风 ≤3级 /东南风 ≤3级,阵雨,阵雨,25,17,东南风,≤3级,东南风,≤3级,day
2015-04-30 16:12:00,二戈寨,1、追尾的,负全部责任,不负责任,1,贵AVK923,白色,1,贵AFZ423,白色,十一培,新峰驾校,1991/6/24 0:00,2007/3/30 0:00,雪佛兰牌,南骏牌,36454651385660405X,366246000000000000 ,195712,196412,16,3,4,工作日,非高峰,2015-04-30,2015年4月30日,阵雨 /阵雨,25℃ / 17℃,东南风 ≤3级 /东南风 ≤3级,阵雨,阵雨,25,17,东南风,≤3级,东南风,≤3级,day
2015-04-30 17:39:00,金阳,9、不符合前8款规定或者双方同时具有上述情形的,负全部责任,不负责任,1,贵A68744,白,1,贵A97K32,蓝,十一培,-1,1985/1/28 0:00,-1,天马,起亚牌,366367000000000000 ,364548000000000000 ,196307,196511,17,3,4,工作日,晚高峰(17-19点),2015-04-30,2015年4月30日,阵雨 /阵雨,25℃ / 17℃,东南风 ≤3级 /东南风 ≤3级,阵雨,阵雨,25,17,东南风,≤3级,东南风,≤3级,day
2015-04-30 21:00:00,霞辉路,7、未按规定让行的 ,负全部责任,不负责任,1,贵AU6956,白色,1,临牌,黑色,十一培,贵大驾校,1985/1/29 0:00,2011/5/25 0:00,捷达牌,-1,364556000000000000 ,364596000000000000 ,196405,198801,21,3,4,工作日,非高峰,2015-04-30,2015年4月30日,阵雨 /阵雨,25℃ / 17℃,东南风 ≤3级 /东南风 ≤3级,阵雨,阵雨,25,17,东南风,≤3级,东南风,≤3级,night
2015-04-30 21:30:00,27路,1、追尾的,负全部责任,不负责任,1,贵A33R57,白色,1,贵A6CB13,白色,十一培,520116,1998/8/13 0:00,2008/9/1 0:00,夏利牌,别克牌,364547000000000000 ,364557000000000000 ,197102,198710,21,3,4,工作日,非高峰,2015-04-30,2015年4月30日,阵雨 /阵雨,25℃ / 17℃,东南风 ≤3级 /东南风 ≤3级,阵雨,阵雨,25,17,东南风,≤3级,东南风,≤3级,night
2015-04-30 18:00:00,长江路,7、未按规定让行的 ,负全部责任,不负责任,1,贵A55R79,白色,1,贵A0151S,黑色,十一培,市交校,1997/7/14 0:00,2011/5/17 0:00,别克牌,雅阁牌,364547000000000000 ,364548000000000000 ,197608,197509,18,3,4,工作日,晚高峰(17-19点),2015-04-30,2015年4月30日,阵雨 /阵雨,25℃ / 17℃,东南风 ≤3级 /东南风 ≤3级,阵雨,阵雨,25,17,东南风,≤3级,东南风,≤3级,day
2015-04-30 23:00:00,金阳,8、依法应负全责的其他情形,负全部责任,不负责任,1,贵AU6392,蓝,1,贵AJU608,黑,十一培,（乌当区）平安驾驶培训有限公司,1997/7/2 0:00,2012/5/15 0:00,大江牌,奥迪,366067000000000000 ,366067000000000000 ,197001,199103,23,3,4,工作日,非高峰,2015-04-30,2015年4月30日,阵雨 /阵雨,25℃ / 17℃,东南风 ≤3级 /东南风 ≤3级,阵雨,阵雨,25,17,东南风,≤3级,东南风,≤3级,night
2015-05-01 04:30:00,湘雅村,7、未按规定让行的 ,负全部责任,不负责任,1,贵AC7593,白色,1,贵A6AZ19,白色,十一培,鑫鑫驾校,1994/11/14 0:00,2012/4/10 0:00,凯马牌,科雷傲,36455651844854691X,366576000000000000 ,197007,198210,4,4,5,工作日,非高峰,2015-05-01,2015年5月1日,阵雨 /多云,25℃ / 14℃,东南风 ≤3级 /东北风 ≤3级,阵雨,多云,25,14,东南风,≤3级,东北风,≤3级,night
2015-05-01 03:30:00,三桥,7、未按规定让行的 ,负全部责任,不负责任,1,贵A1CB93,白色,1,贵A73375,白色,十一培,-1,1997/5/28 0:00,-1,五菱牌,华神牌,366064000000000000 ,357266000000000000 ,197508,198111,3,4,5,工作日,非高峰,2015-05-01,2015年5月1日,阵雨 /多云,25℃ / 14℃,东南风 ≤3级 /东北风 ≤3级,阵雨,多云,25,14,东南风,≤3级,东北风,≤3级,night
2015-05-01 09:44:00,新添大道,7、未按规定让行的 ,负全部责任,不负责任,1,贵AF0031,白,1,贵A63B67,黑,十一培,全林驾校,1994/7/20 0:00,2011/10/12 0:00,五菱牌,起亚牌,364557000000000000 ,364557000000000000 ,196601,199104,9,4,5,工作日,早高峰(7-9点),2015-05-01,2015年5月1日,阵雨 /多云,25℃ / 14℃,东南风 ≤3级 /东北风 ≤3级,阵雨,多云,25,14,东南风,≤3级,东北风,≤3级,day
2015-04-29 09:20:00,南桐路,7、未按规定让行的 ,负全部责任,不负责任,1,贵A37294,白色,1,贵AKS632,白色,十一培,自培,1995/2/13 0:00,2006/12/8 0:00,金龙牌,指南者,364547000000000000 ,364548000000000000 ,196705,198107,9,2,4,工作日,早高峰(7-9点),2015-04-29,2015年4月29日,阵雨 /阵雨,26℃ / 16℃,东北风 ≤3级 /东南风 ≤3级,阵雨,阵雨,26,16,东北风,≤3级,东南风,≤3级,day
2015-04-29 17:00:00,花果园,7、未按规定让行的 ,负全部责任,不负责任,1,贵JAQ614,白色,1,贵GV5321,白色,十一培,自培,1998/3/31 0:00,2002/2/4 0:00,一汽牌,揽胜极光,364547000000000000 ,364548000000000000 ,196501,198102,17,2,4,工作日,晚高峰(17-19点),2015-04-29,2015年4月29日,阵雨 /阵雨,26℃ / 16℃,东北风 ≤3级 /东南风 ≤3级,阵雨,阵雨,26,16,东北风,≤3级,东南风,≤3级,day
2015-04-30 21:00:00,花溪,9、不符合前8款规定或者双方同时具有上述情形的,负同等责任,负同等责任,1,渝BS2845,白色,1,贵AUA736,白色,十一培,自培,1999/10/12 0:00,2007/3/13 0:00,长安牌,奇瑞牌,366361000000000000 ,364556000000000000 ,197609,197201,21,3,4,工作日,非高峰,2015-04-30,2015年4月30日,阵雨 /阵雨,25℃ / 17℃,东南风 ≤3级 /东南风 ≤3级,阵雨,阵雨,25,17,东南风,≤3级,东南风,≤3级,night