accidenttime,accidentaddr,driver1fault,driver1responsibility,driver2responsibility,sex1,platenumber1,carcolor1,sex2,platenumber2,carcolor2,jxmc1,jxmc2,cclzrq1,cclzrq2,clpp1,clpp2,driver1license,driver2license,brith1,brith2,hour,weekday,month,is_weekday,peak_hour,date,日期,天气状况,气温,风力风向,day_wea,night_wea,day_tep,night_tep,day_wind_direction,day_wind_speed,night_wind_direction,night_wind_speed,segment
2015-05-01 10:20:00,白云区,7、未按规定让行的 ,负全部责任,不负责任,1,贵A9781M,黑,1,贵AZE152,黑,十一培,自培,1991/7/27 0:00,2012/10/10 0:00,威驰,奥迪,364558000000000000 ,36456751914568568X,196909,198901,10,4,5,工作日,非高峰,2015-05-01,2015年5月1日,阵雨 /多云,25℃ / 14℃,东南风 ≤3级 /东北风 ≤3级,阵雨,多云,25,14,东南风,≤3级,东北风,≤3级,day
2015-05-01 13:20:00,花二道,1、追尾的,负全部责任,不负责任,1,贵AS6935,白色,1,贵A22B31,白色,十一培,预约考试窗口,1991/11/21 0:00,2006/12/14 0:00,南益牌,起亚牌,364548000000000000 ,364547000000000000 ,197004,198308,13,4,5,工作日,非高峰,2015-05-01,2015年5月1日,阵雨 /多云,25℃ / 14℃,东南风 ≤3级 /东北风 ≤3级,阵雨,多云,25,14,东南风,≤3级,东北风,≤3级,day
2015-05-01 13:16:00,小关,3、倒车的,负全部责任,不负责任,1,贵GAD873,红,1,贵A49H54,白,十一培,（白云区）消防驾驶培训学校,1991/9/9 0:00,2011/3/18 0:00,-1,东风日产牌,364548000000000000 ,366876000000000000 ,197207,198012,13,4,5,工作日,非高峰,2015-05-01,2015年5月1日,阵雨 /多云,25℃ / 14℃,东南风 ≤3级 /东北风 ≤3级,阵雨,多云,25,14,东南风,≤3级,东北风,≤3级,day
2015-05-01 17:22:00,花果园,9、不符合前8款规定或者双方同时具有上述情形的,负全部责任,不负责任,1,贵AW3314,黑,1,贵A45K74,黑,十一培,520119,1993/10/21 0:00,2007/9/29 0:00,宝马,福特锐界,364548000000000000 ,364547000000000000 ,197501,196807,17,4,5,工作日,晚高峰(17-19点),2015-05-01,2015年5月1日,阵雨 /多云,25℃ / 14℃,东南风 ≤3级 /东北风 ≤3级,阵雨,多云,25,14,东南风,≤3级,东北风,≤3级,day
2015-05-02 00:00:00,小河183,1、追尾的,负全部责任,不负责任,1,贵AX6706,白色,1,贵GL6817,白色,十一培,520134,1996/10/19 0:00,-1,力帆牌,-1,364547000000000000 ,36636251825563405X,196312,197611,0,5,5,工作日,非高峰,2015-05-02,2015年5月2日,多云 /阵雨,26℃ / 16℃,东北风 ≤3级 /东风 ≤3级,多云,阵雨,26,16,东北风,≤3级,东风,≤3级,night
2015-05-02 10:00:00,新添寨,7、未按规定让行的 ,负全部责任,不负责任,1,贵A23743,红,1,贵F28645,白,十一培,贵州贵龙驾校,1997/10/31 0:00,2013/1/29 0:00,三铃牌,-1,364557000000000000 ,364557000000000000 ,197711,196907,10,5,5,工作日,非高峰,2015-05-02,2015年5月2日,多云 /阵雨,26℃ / 16℃,东北风 ≤3级 /东风 ≤3级,多云,阵雨,26,16,东北风,≤3级,东风,≤3级,day
2015-05-02 00:00:00,法院街,1、追尾的,负全部责任,不负责任,1,贵AN4213,白色,1,贵A2BV35,白色,十一培,-1,1995/4/29 0:00,-1,丰田牌,丰田牌,364548000000000000 ,36454800000000 ,197610,198409,0,5,5,工作日,非高峰,2015-05-02,2015年5月2日,多云 /阵雨,26℃ / 16℃,东北风 ≤3级 /东风 ≤3级,多云,阵雨,26,16,东北风,≤3级,东风,≤3级,night
2015-05-02 07:00:00,花溪,3、倒车的,负全部责任,不负责任,1,贵A814E2,白色,1,贵GAA449,白色,十一培,-1,1998/7/10 0:00,-1,解放牌,-1,364556000000000000 ,36464600000000000 ,197301,198031,7,5,5,工作日,早高峰(7-9点),2015-05-02,2015年5月2日,多云 /阵雨,26℃ / 16℃,东北风 ≤3级 /东风 ≤3级,多云,阵雨,26,16,东北风,≤3级,东风,≤3级,day
2015-05-02 10:30:00,小河平桥,1、追尾的,负全部责任,不负责任,1,贵A4321K,白色,1,贵AAW897,白色,十一培,预约考试窗口,1994/12/26 0:00,2007/5/23 0:00,五菱,北京现代牌,364556000000000000 ,364547000000000000 ,196111,195404,10,5,5,工作日,非高峰,2015-05-02,2015年5月2日,多云 /阵雨,26℃ / 16℃,东北风 ≤3级 /东风 ≤3级,多云,阵雨,26,16,东北风,≤3级,东风,≤3级,day
2015-05-02 10:40:00,乌江路,9、不符合前8款规定或者双方同时具有上述情形的,负同等责任,负同等责任,1,贵A1CB93,白色,1,贵AL2914,白色,十一培,-1,1997/5/28 0:00,-1,五菱牌,福克斯(FOCUS)牌,366064000000000000 ,36667500000000000 ,197508,198706,10,5,5,工作日,非高峰,2015-05-02,2015年5月2日,多云 /阵雨,26℃ / 16℃,东北风 ≤3级 /东风 ≤3级,多云,阵雨,26,16,东北风,≤3级,东风,≤3级,day
2015-05-02 13:04:00,小石城,3、倒车的,负全部责任,不负责任,0,贵JED773,黄,0,小型,红,十一培,贵州现代驾驶培训责任有限公司,1997/7/16 0:00,2014/2/21 0:00,-1,-1,364548000000000000 ,364548000000000000 ,197411,198709,13,5,5,工作日,非高峰,2015-05-02,2015年5月2日,多云 /阵雨,26℃ / 16℃,东北风 ≤3级 /东风 ≤3级,多云,阵雨,26,16,东北风,≤3级,东风,≤3级,day
2015-05-02 13:20:00,金阳,3、倒车的,负全部责任,不负责任,1,贵ASW044,黑,1,贵AEX873,白,十一培,消防驾校,1995/10/16 0:00,2011/4/18 0:00,海马牌,福克斯牌,366364000000000000 ,364558000000000000 ,196911,195501,13,5,5,工作日,非高峰,2015-05-02,2015年5月2日,多云 /阵雨,26℃ / 16℃,东北风 ≤3级 /东风 ≤3级,多云,阵雨,26,16,东北风,≤3级,东风,≤3级,day
2015-05-02 12:00:00,金海域,7、未按规定让行的 ,负全部责任,不负责任,1,贵AB3352,白,1,川AH31H4,黑,十一培,-1,1995/4/12 0:00,-1,中华,-1,364547000000000000 ,355464000000000000 ,196001,198508,12,5,5,工作日,非高峰,2015-05-02,2015年5月2日,多云 /阵雨,26℃ / 16℃,东北风 ≤3级 /东风 ≤3级,多云,阵雨,26,16,东北风,≤3级,东风,≤3级,day
2015-05-02 12:26:00,白云,7、未按规定让行的 ,负全部责任,不负责任,1,贵AV0323,白,1,贵A9016S,黑,十一培,消防驾校,1995/2/12 0:00,2012/9/24 0:00,三友牌,大众牌,364558000000000000 ,364558000000000000 ,196410,198701,12,5,5,工作日,非高峰,2015-05-02,2015年5月2日,多云 /阵雨,26℃ / 16℃,东北风 ≤3级 /东风 ≤3级,多云,阵雨,26,16,东北风,≤3级,东风,≤3级,day
2015-05-02 16:00:00,枣山路,1、追尾的,负全部责任,不负责任,1,贵AU9518,蓝,1,云SF8914,白,十一培,-1,1994/3/6 0:00,-1,瑞麒牌,-1,36455651225650695X,74365500000000000 ,196612,197508,16,5,5,工作日,非高峰,2015-05-02,2015年5月2日,多云 /阵雨,26℃ / 16℃,东北风 ≤3级 /东风 ≤3级,多云,阵雨,26,16,东北风,≤3级,东风,≤3级,day
2015-05-02 16:10:00,浣纱路,8、依法应负全责的其他情形,负全部责任,不负责任,1,贵AVV382,黑,1,贵A0BA28,蓝,十一培,吉源驾校,1995/11/22 0:00,2014/11/19 0:00,-1,广汽菲亚特牌,66645500000000000 ,364558000000000000 ,196203,198008,16,5,5,工作日,非高峰,2015-05-02,2015年5月2日,多云 /阵雨,26℃ / 16℃,东北风 ≤3级 /东风 ≤3级,多云,阵雨,26,16,东北风,≤3级,东风,≤3级,day
2015-05-02 21:30:00,白云区,7、未按规定让行的 ,负全部责任,不负责任,1,贵C30777,黑,1,贵AAA260,白,十一培,M004,1995/9/17 0:00,2012/2/17 0:00,-1,奥迪牌,364558000000000000 ,364558000000000000 ,197801,198411,21,5,5,工作日,非高峰,2015-05-02,2015年5月2日,多云 /阵雨,26℃ / 16℃,东北风 ≤3级 /东风 ≤3级,多云,阵雨,26,16,东北风,≤3级,东风,≤3级,night
2015-05-02 21:47:00,白云区,1、追尾的,负全部责任,不负责任,0,贵AGS823,红,1,贵A6694E,白,十一培,铁二局驾校,1997/12/31 0:00,-1,大众汽车牌,帕萨特牌,366068000000000000 ,354168000000000000 ,197504,198303,21,5,5,工作日,非高峰,2015-05-02,2015年5月2日,多云 /阵雨,26℃ / 16℃,东北风 ≤3级 /东风 ≤3级,多云,阵雨,26,16,东北风,≤3级,东风,≤3级,night
2015-05-03 01:40:00,北京西路,7、未按规定让行的 ,负全部责任,不负责任,1,贵GGD173,白,1,桂MHM528,白,十一培,-1,1996/5/30 0:00,-1,-1,-1,366364000000000000 ,366669000000000000 ,196409,197905,1,6,5,周末,非高峰,2015-05-03,2015年5月3日,阵雨 /阵雨,25℃ / 15℃,东北风 ≤3级 /东北风 ≤3级,阵雨,阵雨,25,15,东北风,≤3级,东北风,≤3级,night
2015-05-03 00:00:00,花溪青岩,1、追尾的,负全部责任,不负责任,1,贵ADY523,白色,1,贵AH2408,白色,十一培,-1,1997/7/22 0:00,-1,金旅牌,桑塔纳,36454751384968645X,36454800000000000 ,195708,195710,0,6,5,周末,非高峰,2015-05-03,2015年5月3日,阵雨 /阵雨,25℃ / 15℃,东北风 ≤3级 /东北风 ≤3级,阵雨,阵雨,25,15,东北风,≤3级,东北风,≤3级,night
2015-05-03 11:54:00,城基路,8、依法应负全责的其他情形,负全部责任,不负责任,1,贵AHC446,红,1,贵A86M79,蓝,十一培,自培,1996/8/15 0:00,-1,梅赛德斯奔驰,大众汽车牌,4167510000000000 ,366569000000000000 ,196701,198010,11,6,5,周末,非高峰,2015-05-03,2015年5月3日,阵雨 /阵雨,25℃ / 15℃,东北风 ≤3级 /东北风 ≤3级,阵雨,阵雨,25,15,东北风,≤3级,东北风,≤3级,day
2015-05-03 14:00:00,大水沟,7、未按规定让行的 ,负全部责任,不负责任,1,贵AGX562,白色,1,贵A4433E,白色,十一培,长运驾校,1995/1/5 0:00,2013/8/23 0:00,夏利牌,北京现代牌,364556000000000000 ,364556000000000000 ,197410,198906,14,6,5,周末,非高峰,2015-05-03,2015年5月3日,阵雨 /阵雨,25℃ / 15℃,东北风 ≤3级 /东北风 ≤3级,阵雨,阵雨,25,15,东北风,≤3级,东北风,≤3级,day
2015-05-03 14:30:00,新添寨,1、追尾的,负全部责任,不负责任,1,贵A88817,黄,0,贵CCV6X2,黑,十一培,遵义驰龙驾校,1994/11/29 0:00,-1,解放牌,-1,366347000000000000 ,366546000000000000 ,197308,198508,14,6,5,周末,非高峰,2015-05-03,2015年5月3日,阵雨 /阵雨,25℃ / 15℃,东北风 ≤3级 /东北风 ≤3级,阵雨,阵雨,25,15,东北风,≤3级,东北风,≤3级,day
2015-05-01 10:50:00,金阳,7、未按规定让行的 ,负全部责任,不负责任,1,贵A1OE77,黑,1,贵A2CC56,白,十一培,自培,1994/10/16 0:00,2003/6/28 0:00,-1,丰田牌,364558000000000000 ,364548000000000000 ,197108,198410,10,4,5,工作日,非高峰,2015-05-01,2015年5月1日,阵雨 /多云,25℃ / 14℃,东南风 ≤3级 /东北风 ≤3级,阵雨,多云,25,14,东南风,≤3级,东北风,≤3级,day
2015-05-01 18:30:00,花果园,7、未按规定让行的 ,负全部责任,不负责任,1,贵A7106M,白色,1,贵AHE102,白色,十一培,自培,1996/8/1 0:00,2005/4/28 0:00,别克牌,奥迪牌,364556000000000 ,364557000000000000 ,580106,198106,18,4,5,工作日,晚高峰(17-19点),2015-05-01,2015年5月1日,阵雨 /多云,25℃ / 14℃,东南风 ≤3级 /东北风 ≤3级,阵雨,多云,25,14,东南风,≤3级,东北风,≤3级,day
2015-05-02 10:30:00,金阳,1、追尾的,负全部责任,不负责任,1,贵A7PG17,蓝,1,贵ABC683,白,十一培,自培,1994/11/27 0:00,2000/5/11 0:00,-1,江铃牌,364548000000000000 ,366064000000000000 ,197310,198005,10,5,5,工作日,非高峰,2015-05-02,2015年5月2日,多云 /阵雨,26℃ / 16℃,东北风 ≤3级 /东风 ≤3级,多云,阵雨,26,16,东北风,≤3级,东风,≤3级,day
2015-05-02 14:00:00,全勺路,7、未按规定让行的 ,负全部责任,不负责任,1,贵A7520G,白色,1,贵A553D2,黑色,十一培,自培,1994/8/7 0:00,2003/5/12 0:00,江淮牌,江淮牌,366347000000000000 ,366368000000000000 ,197009,197007,14,5,5,工作日,非高峰,2015-05-02,2015年5月2日,多云 /阵雨,26℃ / 16℃,东北风 ≤3级 /东风 ≤3级,多云,阵雨,26,16,东北风,≤3级,东风,≤3级,day
2015-05-03 16:08:00,赤光厂,1、追尾的,负全部责任,不负责任,1,贵A51A17,黑,1,贵APH098,白,十一培,蓝天驾校,1998/3/4 0:00,2011/12/19 0:00,一汽佳星牌,金杯牌,364557000000000000 ,36454651824152395X,197308,197609,16,6,5,周末,非高峰,2015-05-03,2015年5月3日,阵雨 /阵雨,25℃ / 15℃,东北风 ≤3级 /东北风 ≤3级,阵雨,阵雨,25,15,东北风,≤3级,东北风,≤3级,day
2015-05-03 17:00:00,解放路,7、未按规定让行的 ,负全部责任,不负责任,1,贵AB7903,白色,1,贵AU0961,白色,十一培,消防驾校,1994/7/10 0:00,2001/2/5 0:00,江淮牌,银河牌,364548000000000000 ,364547000000000000 ,195803,198208,17,6,5,周末,晚高峰(17-19点),2015-05-03,2015年5月3日,阵雨 /阵雨,25℃ / 15℃,东北风 ≤3级 /东北风 ≤3级,阵雨,阵雨,25,15,东北风,≤3级,东北风,≤3级,day
2015-05-04 08:00:00,花溪大道,7、未按规定让行的 ,负全部责任,不负责任,1,贵GN1338,白色,1,贵A23Z55,白色,十一培,贵大驾校,1987/11/29 0:00,2013/12/27 0:00,-1,长安牌,364556000000000000 ,364556000000000000 ,196101,197701,8,0,5,工作日,早高峰(7-9点),2015-05-04,2015年5月4日,阵雨 /阵雨,20℃ / 14℃,东北风 ≤3级 /东北风 ≤3级,阵雨,阵雨,20,14,东北风,≤3级,东北风,≤3级,day
2015-05-04 07:00:00,花果园烟厂门口,7、未按规定让行的 ,负全部责任,不负责任,1,贵AAD334,白色,1,贵AU7963,白色,十一培,其他,1994/7/12 0:00,2009/3/24 0:00,荣威牌,金城牌,364547000000000000 ,364547000000000000 ,197311,198504,7,0,5,工作日,早高峰(7-9点),2015-05-04,2015年5月4日,阵雨 /阵雨,20℃ / 14℃,东北风 ≤3级 /东北风 ≤3级,阵雨,阵雨,20,14,东北风,≤3级,东北风,≤3级,day
2015-05-04 09:00:00,二戈寨,1、追尾的,负全部责任,不负责任,1,贵APU145,白色,1,贵A49M73,白色,十一培,顺一驾驶培训学校,1996/12/30 0:00,2012/6/29 0:00,长城牌,长安牌,364547000000000000 ,366567000000000000 ,195311,197403,9,0,5,工作日,早高峰(7-9点),2015-05-04,2015年5月4日,阵雨 /阵雨,20℃ / 14℃,东北风 ≤3级 /东北风 ≤3级,阵雨,阵雨,20,14,东北风,≤3级,东北风,≤3级,day
2015-05-04 09:15:00,解放路,8、依法应负全责的其他情形,负全部责任,不负责任,1,贵AU2721,黄,1,贵A65F48,红,十一培,贵州晨运驾驶培训学校,1994/3/27 0:00,2007/11/29 0:00,凌本牌,东风日产牌,366061000000000000 ,364547000000000000 ,197202,198111,9,0,5,工作日,早高峰(7-9点),2015-05-04,2015年5月4日,阵雨 /阵雨,20℃ / 14℃,东北风 ≤3级 /东北风 ≤3级,阵雨,阵雨,20,14,东北风,≤3级,东北风,≤3级,day
2015-05-04 08:20:00,杨家山隧道,1、追尾的,负全部责任,不负责任,1,贵A81K94,白,1,贵A2BW62,白,十一培,-1,1997/1/22 0:00,-1,名爵牌,一汽牌,364548000000000000 ,366269000000000 ,197904,710510,8,0,5,工作日,早高峰(7-9点),2015-05-04,2015年5月4日,阵雨 /阵雨,20℃ / 14℃,东北风 ≤3级 /东北风 ≤3级,阵雨,阵雨,20,14,东北风,≤3级,东北风,≤3级,day
2015-05-04 10:10:00,乌当, ,负全部责任,不负责任,1,贵GP1788,红,0,贵AC770A,蓝,十一培,（乌当区）平安驾驶培训有限公司,1994/8/16 0:00,2013/2/2 0:00,-1,雪佛兰牌,74560500000000000 ,366347000000000000 ,196907,197109,10,0,5,工作日,非高峰,2015-05-04,2015年5月4日,阵雨 /阵雨,20℃ / 14℃,东北风 ≤3级 /东北风 ≤3级,阵雨,阵雨,20,14,东北风,≤3级,东北风,≤3级,day
2015-05-04 13:00:00,乌当行政中心,3、倒车的,负全部责任,不负责任,0,贵A6B595,黑,1,贵A6BP14,白,十一培,新天驾校,1994/3/31 0:00,2012/7/27 0:00,-1,思威牌,364557000000000000 ,364557000000000000 ,197203,197307,13,0,5,工作日,非高峰,2015-05-04,2015年5月4日,阵雨 /阵雨,20℃ / 14℃,东北风 ≤3级 /东北风 ≤3级,阵雨,阵雨,20,14,东北风,≤3级,东北风,≤3级,day
2015-05-04 13:00:00,都司路,7、未按规定让行的 ,负全部责任,不负责任,0,贵A9BU81,白,1,新HLY944,黑,十一培,-1,1996/11/12 0:00,-1,福克斯牌,-1,364546000000000 ,234548000000000000 ,660930,199001,13,0,5,工作日,非高峰,2015-05-04,2015年5月4日,阵雨 /阵雨,20℃ / 14℃,东北风 ≤3级 /东北风 ≤3级,阵雨,阵雨,20,14,东北风,≤3级,东北风,≤3级,day
2015-05-04 15:00:00,三桥,7、未按规定让行的 ,负全部责任,不负责任,1,贵AU1503,黄,1,贵A774C1,白,十一培,自培,1993/11/3 0:00,2007/7/10 0:00,大众牌,田野牌,364556000000000000 ,366361000000000000 ,196807,198211,15,0,5,工作日,非高峰,2015-05-04,2015年5月4日,阵雨 /阵雨,20℃ / 14℃,东北风 ≤3级 /东北风 ≤3级,阵雨,阵雨,20,14,东北风,≤3级,东北风,≤3级,day
2015-05-04 15:43:00,金阳沃尔沃4S店,7、未按规定让行的 ,负全部责任,不负责任,1,京GLG375,黑,1,贵AZF337,红,十一培,-1,1998/12/17 0:00,-1,-1,沃尔沃,364547000000000000 ,364545000000 ,197602,137716,15,0,5,工作日,非高峰,2015-05-04,2015年5月4日,阵雨 /阵雨,20℃ / 14℃,东北风 ≤3级 /东北风 ≤3级,阵雨,阵雨,20,14,东北风,≤3级,东北风,≤3级,day
2015-05-04 17:19:00,浣纱桥,8、依法应负全责的其他情形,负全部责任,不负责任,1,贵ALH906,白,1,桂CNT577,白,十一培,-1,1995/1/25 0:00,-1,长安牌,奥迪牌,364557000000000000 ,5346520000000000 ,196607,198902,17,0,5,工作日,晚高峰(17-19点),2015-05-04,2015年5月4日,阵雨 /阵雨,20℃ / 14℃,东北风 ≤3级 /东北风 ≤3级,阵雨,阵雨,20,14,东北风,≤3级,东北风,≤3级,day
2015-05-04 16:30:00,南二环,7、未按规定让行的 ,负全部责任,不负责任,1,贵CH0354,白色,1,贵FV6882,白色,十一培,-1,1999/8/27 0:00,-1,-1,-1,36656051835561405X,366067000000000000 ,197511,198705,16,0,5,工作日,非高峰,2015-05-04,2015年5月4日,阵雨 /阵雨,20℃ / 14℃,东北风 ≤3级 /东北风 ≤3级,阵雨,阵雨,20,14,东北风,≤3级,东北风,≤3级,day
2015-05-04 17:30:00,小河平桥,3、倒车的,负全部责任,不负责任,1,贵A26911,白色,1,贵A87K89,白色,十一培,-1,1998/7/6 0:00,-1,中联牌,大众汽车牌,36455051814740445X,3554465188540533X,197903,197710,17,0,5,工作日,晚高峰(17-19点),2015-05-04,2015年5月4日,阵雨 /阵雨,20℃ / 14℃,东北风 ≤3级 /东北风 ≤3级,阵雨,阵雨,20,14,东北风,≤3级,东北风,≤3级,day
2015-05-04 18:10:00,东新区路,7、未按规定让行的 ,负全部责任,不负责任,1,贵AP1166,白色,1,贵A0BJ07,白色,十一培,520116,1986/2/24 0:00,2010/2/3 0:00,福克斯(FOCUS)牌,翼搏牌,36454751235556697X,364557000000000000 ,196511,198908,18,0,5,工作日,晚高峰(17-19点),2015-05-04,2015年5月4日,阵雨 /阵雨,20℃ / 14℃,东北风 ≤3级 /东北风 ≤3级,阵雨,阵雨,20,14,东北风,≤3级,东北风,≤3级,day
2015-05-04 22:00:00,珠江路,1、追尾的,负全部责任,不负责任,1,贵HY1686,白色,1,贵A45S78,白色,十一培,十一驾驶培训有限公司,1999/10/29 0:00,2011/3/3 0:00,-1,雪佛兰牌,364547000000000000 ,364551000000000000 ,196709,198908,22,0,5,工作日,非高峰,2015-05-04,2015年5月4日,阵雨 /阵雨,20℃ / 14℃,东北风 ≤3级 /东北风 ≤3级,阵雨,阵雨,20,14,东北风,≤3级,东北风,≤3级,night
2015-05-04 18:30:00,浣纱桥,3、倒车的,负全部责任,不负责任,1,贵AC5311,白,1,贵ANB968,红,十一培,-1,1997/4/10 0:00,-1,沃尔沃,宝马牌,364547000000000000 ,774747000000000000 ,196308,198506,18,0,5,工作日,晚高峰(17-19点),2015-05-04,2015年5月4日,阵雨 /阵雨,20℃ / 14℃,东北风 ≤3级 /东北风 ≤3级,阵雨,阵雨,20,14,东北风,≤3级,东北风,≤3级,day
2015-05-05 07:30:00,黔灵公园,8、依法应负全责的其他情形,负全部责任,不负责任,1,贵A91614,黑,1,贵AKP557,白,十一培,顺一驾驶培训学校,1999/7/2 0:00,2010/5/7 0:00,五征牌,宝马牌,364548000000000000 ,364548000000000000 ,196802,198402,7,1,5,工作日,早高峰(7-9点),2015-05-05,2015年5月5日,阵雨 /阵雨,21℃ / 15℃,南风 ≤3级 /南风 ≤3级,阵雨,阵雨,21,15,南风,≤3级,南风,≤3级,day
2015-05-03 16:50:00,未来方舟, ,负同等责任,不负责任,1,贵A1452J,红,1,渝F6E179,白,十一培,自培,1997/3/1 0:00,2012/12/30 0:00,起亚牌,-1,364548000000000000 ,356666000000000000 ,196510,197008,16,6,5,周末,非高峰,2015-05-03,2015年5月3日,阵雨 /阵雨,25℃ / 15℃,东北风 ≤3级 /东北风 ≤3级,阵雨,阵雨,25,15,东北风,≤3级,东北风,≤3级,day
2015-05-04 00:00:00,小车河,1、追尾的,负全部责任,不负责任,1,贵A25Z64,白色,1,贵A45G84,白色,十一培,自培,1993/4/11 0:00,2006/1/23 0:00,梅赛德斯-奔驰,东风雪铁龙牌,366064000000000000 ,364557000000000000 ,197101,198412,0,0,5,工作日,非高峰,2015-05-04,2015年5月4日,阵雨 /阵雨,20℃ / 14℃,东北风 ≤3级 /东北风 ≤3级,阵雨,阵雨,20,14,东北风,≤3级,东北风,≤3级,night
2015-05-04 08:10:00,沙冲中路,7、未按规定让行的 ,负全部责任,不负责任,1,贵ARX659,白色,1,贵A95E15,白色,十一培,自培,1997/10/14 0:00,2004/8/23 0:00,朗风牌,雪佛兰牌,364547000000000000 ,364558000000000000 ,195712,198503,8,0,5,工作日,早高峰(7-9点),2015-05-04,2015年5月4日,阵雨 /阵雨,20℃ / 14℃,东北风 ≤3级 /东北风 ≤3级,阵雨,阵雨,20,14,东北风,≤3级,东北风,≤3级,day
2015-05-05 17:00:00,兴关路,1、追尾的,负全部责任,不负责任,1,贵AET381,白色,1,贵GN2188,白色,十一培,蓝天驾校,1993/12/26 0:00,2011/9/29 0:00,丰田牌,-1,364547000000000000 ,364547000000000000 ,197302,198108,17,1,5,工作日,晚高峰(17-19点),2015-05-05,2015年5月5日,阵雨 /阵雨,21℃ / 15℃,南风 ≤3级 /南风 ≤3级,阵雨,阵雨,21,15,南风,≤3级,南风,≤3级,day
2015-05-05 18:00:00,三桥,8、依法应负全责的其他情形,负全部责任,不负责任,1,贵A234C3,白色,1,贵A1299B,白色,十一培,十一驾驶培训有限公司,1998/11/3 0:00,2014/3/31 0:00,解放牌,长安牌,366364000000000000 ,36455651914747637X,196604,198903,18,1,5,工作日,晚高峰(17-19点),2015-05-05,2015年5月5日,阵雨 /阵雨,21℃ / 15℃,南风 ≤3级 /南风 ≤3级,阵雨,阵雨,21,15,南风,≤3级,南风,≤3级,day
2015-05-05 17:27:00,百花山,1、追尾的,负全部责任,不负责任,1,贵A14Y23,白,0,贵AP1643,红,十一培,-1,1998/8/6 0:00,-1,沃尔沃,劲野牌,234550000000000000 ,36454751905549655X,197507,198411,17,1,5,工作日,晚高峰(17-19点),2015-05-05,2015年5月5日,阵雨 /阵雨,21℃ / 15℃,南风 ≤3级 /南风 ≤3级,阵雨,阵雨,21,15,南风,≤3级,南风,≤3级,day
2015-05-05 20:00:00,黔江路,7、未按规定让行的 ,负全部责任,不负责任,1,贵A17S16,白色,1,贵FZ0941,白色,十一培,吉源驾校（南明区）,1994/4/28 0:00,2015/5/5 0:00,捷达,-1,364547000000000000 ,366068000000000000 ,196711,197806,20,1,5,工作日,非高峰,2015-05-05,2015年5月5日,阵雨 /阵雨,21℃ / 15℃,南风 ≤3级 /南风 ≤3级,阵雨,阵雨,21,15,南风,≤3级,南风,≤3级,night
2015-05-05 20:00:00,同心东路,7、未按规定让行的 ,负全部责任,不负责任,1,闽ANM422,黑,1,贵CFF988,红,十一培,-1,1998/7/7 0:00,-1,大众汽车牌,-1,734570000000000000 ,366566000000000000 ,197111,198909,20,1,5,工作日,非高峰,2015-05-05,2015年5月5日,阵雨 /阵雨,21℃ / 15℃,南风 ≤3级 /南风 ≤3级,阵雨,阵雨,21,15,南风,≤3级,南风,≤3级,night
2015-05-06 07:40:00,市北路,8、依法应负全责的其他情形,负全部责任,不负责任,1,贵AV2951,黄,1,贵AGE222,黑,十一培,自培,1991/12/28 0:00,1993/12/5 0:00,宝马,奇瑞牌,364548000000000000 ,364547000000000000 ,196401,197312,7,2,5,工作日,早高峰(7-9点),2015-05-06,2015年5月6日,多云 /多云,25℃ / 16℃,东北风 ≤3级 /南风 ≤3级,多云,多云,25,16,东北风,≤3级,南风,≤3级,day
2015-05-06 07:40:00,市南路,1、追尾的,负全部责任,不负责任,1,贵AKM982,白色,1,贵A79P36,白色,十一培,自培,1989/12/18 0:00,-1,梅赛德斯-奔驰牌,宝骏牌,364547000000000000 ,364548000000000000 ,196606,198102,7,2,5,工作日,早高峰(7-9点),2015-05-06,2015年5月6日,多云 /多云,25℃ / 16℃,东北风 ≤3级 /南风 ≤3级,多云,多云,25,16,东北风,≤3级,南风,≤3级,day
2015-05-06 08:00:00,沙冲南路,7、未按规定让行的 ,负全部责任,不负责任,1,贵A42B97,白色,1,贵AU6812,白色,十一培,其他,1999/12/1 0:00,2009/4/16 0:00,力帆牌,捷达牌,364548000000000000 ,364548000000000000 ,197508,198109,8,2,5,工作日,早高峰(7-9点),2015-05-06,2015年5月6日,多云 /多云,25℃ / 16℃,东北风 ≤3级 /南风 ≤3级,多云,多云,25,16,东北风,≤3级,南风,≤3级,day
2015-05-06 08:30:00,宾阳大道,9、不符合前8款规定或者双方同时具有上述情形的,负同等责任,不负责任,1,贵A35874,蓝,1,贵A9286T,白,十一培,省交校,1992/7/16 0:00,2014/4/23 0:00,金龙牌,起亚牌,364548000000000000 ,364557000000000000 ,196508,199301,8,2,5,工作日,早高峰(7-9点),2015-05-06,2015年5月6日,多云 /多云,25℃ / 16℃,东北风 ≤3级 /南风 ≤3级,多云,多云,25,16,东北风,≤3级,南风,≤3级,day
2015-05-06 08:40:00,白云区,7、未按规定让行的 ,负全部责任,不负责任,1,贵A482F1,白,1,贵GQ5149,蓝,十一培,鑫鑫驾校,1999/12/17 0:00,2014/11/3 0:00,江淮牌,-1,36606751804969617X,364558000000000000 ,197408,199404,8,2,5,工作日,早高峰(7-9点),2015-05-06,2015年5月6日,多云 /多云,25℃ / 16℃,东北风 ≤3级 /南风 ≤3级,多云,多云,25,16,东北风,≤3级,南风,≤3级,day