accidenttime,accidentaddr,driver1fault,driver1responsibility,driver2responsibility,sex1,platenumber1,carcolor1,sex2,platenumber2,carcolor2,jxmc1,jxmc2,cclzrq1,cclzrq2,clpp1,clpp2,driver1license,driver2license,brith1,brith2,hour,weekday,month,is_weekday,peak_hour,date,日期,天气状况,气温,风力风向,day_wea,night_wea,day_tep,night_tep,day_wind_direction,day_wind_speed,night_wind_direction,night_wind_speed,segment
2015-05-06 08:50:00,小河4号路,1、追尾的,负全部责任,不负责任,1,贵AEK241,白色,1,贵A98G61,白色,十一培,市交校,1999/6/7 0:00,2012/12/10 0:00,长安牌,雪佛兰牌,364547000000000000 ,364547000000000000 ,197701,197609,8,2,5,工作日,早高峰(7-9点),2015-05-06,2015年5月6日,多云 /多云,25℃ / 16℃,东北风 ≤3级 /南风 ≤3级,多云,多云,25,16,东北风,≤3级,南风,≤3级,day
2015-05-06 11:54:00,都司路,7、未按规定让行的 ,负全部责任,不负责任,1,贵AGX735,红,1,贵CKP889,黑,十一培,长运驾校,1994/5/11 0:00,2014/4/17 0:00,东风雪铁龙牌,-1,364548000000000000 ,36656551174262525X,196901,199306,11,2,5,工作日,非高峰,2015-05-06,2015年5月6日,多云 /多云,25℃ / 16℃,东北风 ≤3级 /南风 ≤3级,多云,多云,25,16,东北风,≤3级,南风,≤3级,day
2015-05-06 16:00:00,花果园大街,7、未按规定让行的 ,负全部责任,不负责任,1,贵AU9717,白色,1,贵A1130X,白色,十一培,贵州现代驾驶培训责任有限公司,1993/6/9 0:00,2010/5/6 0:00,豪诺牌,-1,36454751295668045X,36454651154063565X,196812,199104,16,2,5,工作日,非高峰,2015-05-06,2015年5月6日,多云 /多云,25℃ / 16℃,东北风 ≤3级 /南风 ≤3级,多云,多云,25,16,东北风,≤3级,南风,≤3级,day
2015-05-06 16:00:00,花果园大道,8、依法应负全责的其他情形,负全部责任,不负责任,1,贵A57Z53,白色,1,贵A1130X,白色,十一培,贵州现代驾驶培训责任有限公司,1996/11/8 0:00,2010/5/6 0:00,雷克萨斯,-1,364547000000000000 ,36454651154063565X,195109,199104,16,2,5,工作日,非高峰,2015-05-06,2015年5月6日,多云 /多云,25℃ / 16℃,东北风 ≤3级 /南风 ≤3级,多云,多云,25,16,东北风,≤3级,南风,≤3级,day
2015-05-06 14:00:00,五里冲,7、未按规定让行的 ,负全部责任,不负责任,1,贵A81192,白色,1,贵DBY779,白色,十一培,天行健驾校,1992/10/25 0:00,2009/4/2 0:00,中联牌,-1,364548000000000000 ,366664000000000000 ,195608,197806,14,2,5,工作日,非高峰,2015-05-06,2015年5月6日,多云 /多云,25℃ / 16℃,东北风 ≤3级 /南风 ≤3级,多云,多云,25,16,东北风,≤3级,南风,≤3级,day
2015-05-06 17:40:00,开发大道,7、未按规定让行的 ,负全部责任,不负责任,1,贵A63N83,白色,1,贵JBT466,白色,十一培,铁二局驾校,1997/2/25 0:00,2012/7/28 0:00,奇瑞牌,-1,364551000000000000 ,366068000000000000 ,197507,198709,17,2,5,工作日,晚高峰(17-19点),2015-05-06,2015年5月6日,多云 /多云,25℃ / 16℃,东北风 ≤3级 /南风 ≤3级,多云,多云,25,16,东北风,≤3级,南风,≤3级,day
2015-05-06 18:00:00,碧桃街,7、未按规定让行的 ,负全部责任,不负责任,1,贵A20612,白,1,贵ANF851,蓝,十一培,消防驾校,1997/7/22 0:00,2011/4/1 0:00,别克,东风雪铁龙牌,364547000000000000 ,364548000000000000 ,196904,197304,18,2,5,工作日,晚高峰(17-19点),2015-05-06,2015年5月6日,多云 /多云,25℃ / 16℃,东北风 ≤3级 /南风 ≤3级,多云,多云,25,16,东北风,≤3级,南风,≤3级,day
2015-05-06 19:10:00,松山路,7、未按规定让行的 ,负全部责任,不负责任,1,贵A77K52,黑,1,贵AU5936,黄,十一培,520116,1992/12/20 0:00,2001/12/28 0:00,大众汽车牌,捷达牌,364547000000000000 ,364548000000000000 ,196902,198010,19,2,5,工作日,晚高峰(17-19点),2015-05-06,2015年5月6日,多云 /多云,25℃ / 16℃,东北风 ≤3级 /南风 ≤3级,多云,多云,25,16,东北风,≤3级,南风,≤3级,day
2015-05-06 17:15:00,花果园,9、不符合前8款规定或者双方同时具有上述情形的,负同等责任,不负责任,1,冀R15P58,黑,1,贵A21559,白,十一培,-1,1994/11/8 0:00,-1,-1,埃尔法,354543000000000000 ,785766000000000000 ,196909,198805,17,2,5,工作日,晚高峰(17-19点),2015-05-06,2015年5月6日,多云 /多云,25℃ / 16℃,东北风 ≤3级 /南风 ≤3级,多云,多云,25,16,东北风,≤3级,南风,≤3级,day
2015-05-06 22:00:00,罗汉营,9、不符合前8款规定或者双方同时具有上述情形的,负同等责任,不负责任,1,贵A3BV12,白,1,贵CHW587,白,十一培,-1,1995/12/24 0:00,-1,雷克萨斯,-1,364547000000000000 ,366562000000000000 ,196910,198709,22,2,5,工作日,非高峰,2015-05-06,2015年5月6日,多云 /多云,25℃ / 16℃,东北风 ≤3级 /南风 ≤3级,多云,多云,25,16,东北风,≤3级,南风,≤3级,night
2015-05-06 07:55:00,小关隧道,1、追尾的,负全部责任,不负责任,1,贵AR4234,蓝,1,贵ANK324,红,十一培,自培,1998/4/15 0:00,2003/9/29 0:00,豪爵牌,别克牌,364548000000000000 ,364548000000000000 ,196804,197301,7,2,5,工作日,早高峰(7-9点),2015-05-06,2015年5月6日,多云 /多云,25℃ / 16℃,东北风 ≤3级 /南风 ≤3级,多云,多云,25,16,东北风,≤3级,南风,≤3级,day
2015-05-06 14:10:00,冒沙井,8、依法应负全责的其他情形,负全部责任,不负责任,1,贵AU5813,黄,1,贵AU0378,蓝,十一培,自培,1995/9/2 0:00,2001/9/11 0:00,豪达牌,万达牌,364547000000000000 ,366864000000000000 ,195802,197810,14,2,5,工作日,非高峰,2015-05-06,2015年5月6日,多云 /多云,25℃ / 16℃,东北风 ≤3级 /南风 ≤3级,多云,多云,25,16,东北风,≤3级,南风,≤3级,day
2015-05-06 14:15:00,花果园,1、追尾的,负全部责任,不负责任,1,贵A39J38,白,0,贵A67A96,黄,十一培,自培,1995/5/14 0:00,2003/12/18 0:00,马自达牌,起亚牌,36454651324265645X,364548000000000000 ,195606,197609,14,2,5,工作日,非高峰,2015-05-06,2015年5月6日,多云 /多云,25℃ / 16℃,东北风 ≤3级 /南风 ≤3级,多云,多云,25,16,东北风,≤3级,南风,≤3级,day
2015-05-06 18:00:00,山林路,7、未按规定让行的 ,负全部责任,不负责任,1,贵A95V81,黄,1,贵A88V93,黑,十一培,自培,1993/9/14 0:00,2011/6/16 0:00,波罗,大众牌,364547000000000000 ,364568000000000000 ,196108,199111,18,2,5,工作日,晚高峰(17-19点),2015-05-06,2015年5月6日,多云 /多云,25℃ / 16℃,东北风 ≤3级 /南风 ≤3级,多云,多云,25,16,东北风,≤3级,南风,≤3级,day
2015-05-06 18:50:00,花溪,8、依法应负全责的其他情形,负全部责任,不负责任,1,贵A24B83,白色,1,贵AG0463,白色,十一培,自培,1996/1/2 0:00,2000/12/7 0:00,海马牌,嘉冠牌,364547000000000000 ,364556000000000000 ,196002,196801,18,2,5,工作日,晚高峰(17-19点),2015-05-06,2015年5月6日,多云 /多云,25℃ / 16℃,东北风 ≤3级 /南风 ≤3级,多云,多云,25,16,东北风,≤3级,南风,≤3级,day
2015-05-07 12:00:00,都司路,8、依法应负全责的其他情形,负全部责任,不负责任,1,贵A65W24,白色,1,贵A8BA36,白色,十一培,路路达驾校,1997/6/16 0:00,2012/11/13 0:00,广汽菲亚特牌,福克斯牌,364547000000000000 ,366061000000000000 ,196811,198606,12,3,5,工作日,非高峰,2015-05-07,2015年5月7日,阵雨 /雷阵雨,23℃ / 17℃,东南风 ≤3级 /东南风 ≤3级,阵雨,雷阵雨,23,17,东南风,≤3级,东南风,≤3级,day
2015-05-07 10:00:00,遵义路,7、未按规定让行的 ,负全部责任,不负责任,1,贵A57X73,白色,1,贵AUA432,白色,十一培,长运驾校,1992/8/25 0:00,2006/2/21 0:00,大众牌,丰田牌,364547000000000000 ,726647000000000000 ,195001,197902,10,3,5,工作日,非高峰,2015-05-07,2015年5月7日,阵雨 /雷阵雨,23℃ / 17℃,东南风 ≤3级 /东南风 ≤3级,阵雨,雷阵雨,23,17,东南风,≤3级,东南风,≤3级,day
2015-05-07 11:00:00,机场,1、追尾的,负全部责任,不负责任,1,贵AU8726,白色,1,贵A1428C,白色,十一培,520125,1997/3/28 0:00,2007/9/17 0:00,豪爵牌,长城牌,364548000000000000 ,366261000000000000 ,195712,198204,11,3,5,工作日,非高峰,2015-05-07,2015年5月7日,阵雨 /雷阵雨,23℃ / 17℃,东南风 ≤3级 /东南风 ≤3级,阵雨,雷阵雨,23,17,东南风,≤3级,东南风,≤3级,day
2015-05-07 14:30:00,会展中心,8、依法应负全责的其他情形,负全部责任,不负责任,1,贵AU8938,黄,1,贵AJD696,红,十一培,消防驾校,1995/4/7 0:00,2011/2/24 0:00,瑞麒牌,朗风,74667500000000000 ,366063000000000000 ,197211,198708,14,3,5,工作日,非高峰,2015-05-07,2015年5月7日,阵雨 /雷阵雨,23℃ / 17℃,东南风 ≤3级 /东南风 ≤3级,阵雨,雷阵雨,23,17,东南风,≤3级,东南风,≤3级,day
2015-05-07 17:00:00,喷水池,7、未按规定让行的 ,负全部责任,不负责任,1,贵A57G42,白色,1,贵AGE469,白色,十一培,金大驾校,1995/5/14 0:00,2012/9/29 0:00,别克牌,北京现代牌,364547000000000000 ,364548000000000000 ,197610,199110,17,3,5,工作日,晚高峰(17-19点),2015-05-07,2015年5月7日,阵雨 /雷阵雨,23℃ / 17℃,东南风 ≤3级 /东南风 ≤3级,阵雨,雷阵雨,23,17,东南风,≤3级,东南风,≤3级,day
2015-05-07 14:00:00,浣纱桥,7、未按规定让行的 ,负全部责任,不负责任,1,贵AL7294,红,1,贵GA582,红,十一培,长运驾校,1997/2/26 0:00,2010/1/15 0:00,北京现代牌,-1,364547000000000000 ,364548000000000000 ,197512,198912,14,3,5,工作日,非高峰,2015-05-07,2015年5月7日,阵雨 /雷阵雨,23℃ / 17℃,东南风 ≤3级 /东南风 ≤3级,阵雨,雷阵雨,23,17,东南风,≤3级,东南风,≤3级,day
2015-05-07 18:30:00,次南门,7、未按规定让行的 ,负全部责任,不负责任,1,贵AKA868,白,1,贵AU7963,辣妈,十一培,预约考试窗口,1999/6/18 0:00,2006/12/13 0:00,福克斯牌,金城牌,366346000000000000 ,364547000000000000 ,197407,198505,18,3,5,工作日,晚高峰(17-19点),2015-05-07,2015年5月7日,阵雨 /雷阵雨,23℃ / 17℃,东南风 ≤3级 /东南风 ≤3级,阵雨,雷阵雨,23,17,东南风,≤3级,东南风,≤3级,day
2015-05-08 06:30:00,牛郎关,1、追尾的,负全部责任,不负责任,1,贵A340H6,白色,1,贵A4392Y,白色,十一培,贵州现代驾驶培训责任有限公司,1995/11/11 0:00,2012/11/13 0:00,解放牌,-1,364547000000000000 ,364556000000000000 ,196212,199405,6,4,5,工作日,非高峰,2015-05-08,2015年5月8日,阵雨 /多云,25℃ / 15℃,东南风 ≤3级 /东北风 ≤3级,阵雨,多云,25,15,东南风,≤3级,东北风,≤3级,day
2015-05-08 07:30:00,青云路,7、未按规定让行的 ,负全部责任,不负责任,1,贵AGB644,红,1,贵AKR946,红,十一培,新天驾校,1995/3/25 0:00,2010/9/20 0:00,雪佛兰牌,夏利牌,364547000000000000 ,364647000000000000 ,196102,197306,7,4,5,工作日,早高峰(7-9点),2015-05-08,2015年5月8日,阵雨 /多云,25℃ / 15℃,东南风 ≤3级 /东北风 ≤3级,阵雨,多云,25,15,东南风,≤3级,东北风,≤3级,day
2015-05-08 07:51:00,中华北路,1、追尾的,负全部责任,不负责任,1,贵AHJ942,黑,1,贵AUA005,白,十一培,贵州平安驾驶培训学校,1996/8/25 0:00,2010/9/10 0:00,夏利牌,丰田牌,364548000000000000 ,364567000000000000 ,197005,199004,7,4,5,工作日,早高峰(7-9点),2015-05-08,2015年5月8日,阵雨 /多云,25℃ / 15℃,东南风 ≤3级 /东北风 ≤3级,阵雨,多云,25,15,东南风,≤3级,东北风,≤3级,day
2015-05-08 09:00:00,省医,8、依法应负全责的其他情形,负全部责任,不负责任,1,贵AK1115,红,1,贵AV3185,黄,十一培,铁二局驾校,1994/6/19 0:00,1996/5/9 0:00,嘉陵牌,建设-雅马哈牌,364547000000000000 ,74365500000000000 ,196006,197602,9,4,5,工作日,早高峰(7-9点),2015-05-08,2015年5月8日,阵雨 /多云,25℃ / 15℃,东南风 ≤3级 /东北风 ≤3级,阵雨,多云,25,15,东南风,≤3级,东北风,≤3级,day
2015-05-08 15:05:00,北京西路,9、不符合前8款规定或者双方同时具有上述情形的,负同等责任,不负责任,1,贵A62F98,红,1,皖HF5427,红,十一培,-1,1999/3/27 0:00,-1,丰田牌,-1,364547000000000000 ,704967000000000000 ,198110,198205,15,4,5,工作日,非高峰,2015-05-08,2015年5月8日,阵雨 /多云,25℃ / 15℃,东南风 ≤3级 /东北风 ≤3级,阵雨,多云,25,15,东南风,≤3级,东北风,≤3级,day
2015-05-08 16:00:00,大营坡,7、未按规定让行的 ,负全部责任,不负责任,1,贵AX8966,红,1,贵AV2398,蓝,十一培,安顺市开发区千合机动车培训学校,1999/12/3 0:00,2009/12/17 0:00,奥迪牌,嘉隆牌,366367000000000000 ,34466951924851913X,196907,198607,16,4,5,工作日,非高峰,2015-05-08,2015年5月8日,阵雨 /多云,25℃ / 15℃,东南风 ≤3级 /东北风 ≤3级,阵雨,多云,25,15,东南风,≤3级,东北风,≤3级,day
2015-05-09 06:10:00,百花大道,7、未按规定让行的 ,负全部责任,不负责任,1,贵A3712H,红,1,贵JAM725,黑,十一培,-1,1985/6/28 0:00,-1,五菱,-1,00424551364953795X,36456651174362435X,195208,199305,6,5,5,工作日,非高峰,2015-05-09,2015年5月9日,阵雨 /阵雨,23℃ / 16℃,东北风 ≤3级 /东南风 ≤3级,阵雨,阵雨,23,16,东北风,≤3级,东南风,≤3级,day
2015-05-09 10:30:00,林城西路,7、未按规定让行的 ,负全部责任,不负责任,1,贵A1066B,蓝,1,贵AV2314,黄,十一培,自培,1990/7/8 0:00,2009/1/23 0:00,丰田牌,锋范牌,364548000000000000 ,366367000000000000 ,196211,198009,10,5,5,工作日,非高峰,2015-05-09,2015年5月9日,阵雨 /阵雨,23℃ / 16℃,东北风 ≤3级 /东南风 ≤3级,阵雨,阵雨,23,16,东北风,≤3级,东南风,≤3级,day
2015-05-09 08:40:00,威清路,7、未按规定让行的 ,负全部责任,不负责任,1,湘E0MX87,红,1,贵ASH128,红,十一培,福泉锦程驾校,1995/11/20 0:00,-1,-1,东风标致牌,364557000000000000 ,366861000000000000 ,197401,198606,8,5,5,工作日,早高峰(7-9点),2015-05-09,2015年5月9日,阵雨 /阵雨,23℃ / 16℃,东北风 ≤3级 /东南风 ≤3级,阵雨,阵雨,23,16,东北风,≤3级,东南风,≤3级,day
2015-05-09 11:30:00,观水路,1、追尾的,负全部责任,不负责任,1,贵A23K77,红,1,贵CFY956,红,十一培,贵州省长安驾驶培训学校,1995/6/20 0:00,2011/7/29 0:00,丰田(TOYOTA)牌,-1,36454651854959567X,366567000000000000 ,197108,198601,11,5,5,工作日,非高峰,2015-05-09,2015年5月9日,阵雨 /阵雨,23℃ / 16℃,东北风 ≤3级 /东南风 ≤3级,阵雨,阵雨,23,16,东北风,≤3级,东南风,≤3级,day
2015-05-09 12:10:00,都司路,7、未按规定让行的 ,负全部责任,不负责任,1,贵AU0703,黄,1,贵A44H93,蓝,十一培,青正驾校,1997/9/28 0:00,2011/9/27 0:00,万达牌,比亚迪牌,364548000000000000 ,366363000000000000 ,196101,198005,12,5,5,工作日,非高峰,2015-05-09,2015年5月9日,阵雨 /阵雨,23℃ / 16℃,东北风 ≤3级 /东南风 ≤3级,阵雨,阵雨,23,16,东北风,≤3级,东南风,≤3级,day
2015-05-07 08:00:00,师大,9、不符合前8款规定或者双方同时具有上述情形的,负同等责任,不负责任,1,贵AEB389,红,1,贵EC0971,黑,十一培,自培,1993/4/18 0:00,2005/4/8 0:00,朗风牌,-1,364547000000000000 ,354867000000000000 ,196204,198004,8,3,5,工作日,早高峰(7-9点),2015-05-07,2015年5月7日,阵雨 /雷阵雨,23℃ / 17℃,东南风 ≤3级 /东南风 ≤3级,阵雨,雷阵雨,23,17,东南风,≤3级,东南风,≤3级,day
2015-05-07 07:00:00,北京西路,1、追尾的,负全部责任,不负责任,1,贵A76983,白,1,贵AU1997,白,十一培,自培,1997/6/5 0:00,2007/5/31 0:00,豪江,丰田牌,36636351204064365X,366068000000000000 ,196404,198009,7,3,5,工作日,早高峰(7-9点),2015-05-07,2015年5月7日,阵雨 /雷阵雨,23℃ / 17℃,东南风 ≤3级 /东南风 ≤3级,阵雨,雷阵雨,23,17,东南风,≤3级,东南风,≤3级,day
2015-05-07 10:00:00,小河黔江路,7、未按规定让行的 ,负全部责任,不负责任,1,贵A7BM44,白色,1,贵GX9500,白色,十一培,自培,1997/11/11 0:00,2003/5/29 0:00,长城牌,-1,364547000000000 ,366067000000000000 ,780718,197504,10,3,5,工作日,非高峰,2015-05-07,2015年5月7日,阵雨 /雷阵雨,23℃ / 17℃,东南风 ≤3级 /东南风 ≤3级,阵雨,雷阵雨,23,17,东南风,≤3级,东南风,≤3级,day
2015-05-07 15:00:00,都司路,8、依法应负全责的其他情形,负全部责任,不负责任,0,贵AAC748,蓝,0,贵AX0433,红,十一培,自培,1998/12/23 0:00,2000/4/21 0:00,神行者,别克牌,364548000000000000 ,364548000000000000 ,197812,196605,15,3,5,工作日,非高峰,2015-05-07,2015年5月7日,阵雨 /雷阵雨,23℃ / 17℃,东南风 ≤3级 /东南风 ≤3级,阵雨,雷阵雨,23,17,东南风,≤3级,东南风,≤3级,day
2015-05-08 11:40:00,乌当,3、倒车的,负全部责任,不负责任,1,贵A9898W,白,1,贵A6373Z,红,十一培,自培,1996/8/30 0:00,2006/11/6 0:00,别克牌,比亚迪牌,366367000000000000 ,364557000000000000 ,197404,197201,11,4,5,工作日,非高峰,2015-05-08,2015年5月8日,阵雨 /多云,25℃ / 15℃,东南风 ≤3级 /东北风 ≤3级,阵雨,多云,25,15,东南风,≤3级,东北风,≤3级,day
2015-05-09 14:20:00,云岩区,7、未按规定让行的 ,负全部责任,不负责任,1,贵A5CE43,白,0,贵A1R997,白,十一培,自培,1997/11/6 0:00,2015/4/28 0:00,大众牌,-1,366364000000000000 ,74365500000000000 ,197302,199207,14,5,5,工作日,非高峰,2015-05-09,2015年5月9日,阵雨 /阵雨,23℃ / 16℃,东北风 ≤3级 /东南风 ≤3级,阵雨,阵雨,23,16,东北风,≤3级,东南风,≤3级,day
2015-05-09 14:45:00,清水江路,8、依法应负全责的其他情形,负全部责任,不负责任,1,贵A5H264,白色,1,贵A14419,白色,十一培,-1,1996/12/30 0:00,-1,-1,时风牌,364557000000000000 ,356170000000000000 ,197403,157711,14,5,5,工作日,非高峰,2015-05-09,2015年5月9日,阵雨 /阵雨,23℃ / 16℃,东北风 ≤3级 /东南风 ≤3级,阵雨,阵雨,23,16,东北风,≤3级,东南风,≤3级,day
2015-05-09 14:15:00,花溪大道,8、依法应负全责的其他情形,负全部责任,不负责任,1,贵A5S513,白色,1,贵A6971S,白色,十一培,吉源驾校,1994/10/26 0:00,2014/10/17 0:00,-1,东风标致牌,364547000000000000 ,366368000000000000 ,196504,198104,14,5,5,工作日,非高峰,2015-05-09,2015年5月9日,阵雨 /阵雨,23℃ / 16℃,东北风 ≤3级 /东南风 ≤3级,阵雨,阵雨,23,16,东北风,≤3级,东南风,≤3级,day
2015-05-09 16:50:00,世纪金源,3、倒车的,负全部责任,不负责任,1,贵A41229,白,1,贵A29S34,黑,十一培,消防驾校,1993/8/18 0:00,2005/1/24 0:00,奥迪牌,三菱牌,364547000000000000 ,364557000000000000 ,195609,198512,16,5,5,工作日,非高峰,2015-05-09,2015年5月9日,阵雨 /阵雨,23℃ / 16℃,东北风 ≤3级 /东南风 ≤3级,阵雨,阵雨,23,16,东北风,≤3级,东南风,≤3级,day
2015-05-09 18:41:00,新添寨,8、依法应负全责的其他情形,负全部责任,不负责任,1,贵AV8195,黄,1,贵AC171U,红,十一培,贵州省长安驾驶培训学校,1997/9/3 0:00,2012/4/12 0:00,望江牌,长安牌,364556000000000000 ,364547000000000000 ,198007,197905,18,5,5,工作日,晚高峰(17-19点),2015-05-09,2015年5月9日,阵雨 /阵雨,23℃ / 16℃,东北风 ≤3级 /东南风 ≤3级,阵雨,阵雨,23,16,东北风,≤3级,东南风,≤3级,day
2015-05-10 08:20:00,市北路,1、追尾的,负全部责任,不负责任,1,贵AD0828,红,1,贵A87X75,红,十一培,520109,1998/8/24 0:00,2009/12/16 0:00,山城牌,雪佛兰牌,364548000000000000 ,355468000000000000 ,196911,197311,8,6,5,周末,早高峰(7-9点),2015-05-10,2015年5月10日,阵雨 /雷阵雨,25℃ / 14℃,南风 ≤3级 /南风 ≤3级,阵雨,雷阵雨,25,14,南风,≤3级,南风,≤3级,day
2015-05-10 11:50:00,金阳北路,1、追尾的,负全部责任,不负责任,1,贵AU7557,黄,0,贵AAY706,红,十一培,520109,1995/2/28 0:00,2004/2/9 0:00,万达牌,吉利牌,364548000000000000 ,364557000000000000 ,196502,197402,11,6,5,周末,非高峰,2015-05-10,2015年5月10日,阵雨 /雷阵雨,25℃ / 14℃,南风 ≤3级 /南风 ≤3级,阵雨,雷阵雨,25,14,南风,≤3级,南风,≤3级,day
2015-05-10 11:56:00,友谊路,3、倒车的,负全部责任,不负责任,1,贵A10413,黑,0,贵A91H34,白,十一培,520127,1992/3/20 0:00,2009/4/23 0:00,大众牌,宝马,364548000000000000 ,364558000000000000 ,197010,199002,11,6,5,周末,非高峰,2015-05-10,2015年5月10日,阵雨 /雷阵雨,25℃ / 14℃,南风 ≤3级 /南风 ≤3级,阵雨,雷阵雨,25,14,南风,≤3级,南风,≤3级,day
2015-05-10 16:50:00,花果园,7、未按规定让行的 ,负全部责任,不负责任,1,贵A55A78,红,1,贵HW7398,白,十一培,长运驾校,1991/12/30 0:00,2013/6/20 0:00,雷克萨斯,-1,366367000000000000 ,364548000000000000 ,196806,197701,16,6,5,周末,非高峰,2015-05-10,2015年5月10日,阵雨 /雷阵雨,25℃ / 14℃,南风 ≤3级 /南风 ≤3级,阵雨,雷阵雨,25,14,南风,≤3级,南风,≤3级,day
2015-05-10 17:00:00,西南环线,7、未按规定让行的 ,负全部责任,不负责任,1,贵CGL826,白色,1,贵A31113,白色,十一培,-1,1996/11/22 0:00,-1,-1,中集牌,355468000000000000 ,354867000000000000 ,196408,198301,17,6,5,周末,晚高峰(17-19点),2015-05-10,2015年5月10日,阵雨 /雷阵雨,25℃ / 14℃,南风 ≤3级 /南风 ≤3级,阵雨,雷阵雨,25,14,南风,≤3级,南风,≤3级,day
2015-05-10 17:00:00,航天大道,1、追尾的,负全部责任,不负责任,1,贵G4823,黑,1,贵GAD891,黑,十一培,金筑驾校,1997/4/3 0:00,2005/2/7 0:00,-1,-1,366367000000000000 ,366868000000000000 ,197409,195205,17,6,5,周末,晚高峰(17-19点),2015-05-10,2015年5月10日,阵雨 /雷阵雨,25℃ / 14℃,南风 ≤3级 /南风 ≤3级,阵雨,雷阵雨,25,14,南风,≤3级,南风,≤3级,day
2015-05-10 18:00:00,徐家冲路口,7、未按规定让行的 ,负全部责任,不负责任,1,贵AU7401,白色,1,贵JED465,白色,十一培,自培,1996/9/6 0:00,2015/3/17 0:00,嘉陵牌,-1,364548000000000000 ,364556000000000000 ,196704,199502,18,6,5,周末,晚高峰(17-19点),2015-05-10,2015年5月10日,阵雨 /雷阵雨,25℃ / 14℃,南风 ≤3级 /南风 ≤3级,阵雨,雷阵雨,25,14,南风,≤3级,南风,≤3级,day
2015-05-10 20:40:00,花香村,8、依法应负全责的其他情形,负全部责任,不负责任,1,贵A5AW51,白,1,贵BB5298,红,十一培,-1,1999/1/14 0:00,-1,东风雪铁龙牌,-1,364556000000000000 ,364647000000000000 ,195908,195602,20,6,5,周末,非高峰,2015-05-10,2015年5月10日,阵雨 /雷阵雨,25℃ / 14℃,南风 ≤3级 /南风 ≤3级,阵雨,雷阵雨,25,14,南风,≤3级,南风,≤3级,night
2015-05-11 07:20:00,百花大道,1、追尾的,负全部责任,不负责任,1,贵A7918,黄,1,贵A51F43,蓝,十一培,-1,1994/4/20 0:00,-1,-1,大众牌,366576000000000000 ,364545000000 ,196605,332032,7,0,5,工作日,早高峰(7-9点),2015-05-11,2015年5月11日,多云 /多云,24℃ / 13℃,东北风 ≤3级 /东北风 ≤3级,多云,多云,24,13,东北风,≤3级,东北风,≤3级,day
2015-05-11 08:30:00,杨家山隧道,1、追尾的,负全部责任,不负责任,1,贵A67P47,白,1,贵CY1353,白,十一培,520136,1994/12/11 0:00,2008/4/16 0:00,奥迪牌,-1,364558000000000000 ,366061000000000000 ,196807,198409,8,0,5,工作日,早高峰(7-9点),2015-05-11,2015年5月11日,多云 /多云,24℃ / 13℃,东北风 ≤3级 /东北风 ≤3级,多云,多云,24,13,东北风,≤3级,东北风,≤3级,day
2015-05-11 08:50:00,金阳北路,7、未按规定让行的 ,负全部责任,不负责任,1,贵AJP328,红,1,贵A88M83,红,十一培,黔丰驾校,1999/8/20 0:00,2015/2/12 0:00,昌河牌,凌派牌,366368000000000000 ,36637451144841577X,197001,199007,8,0,5,工作日,早高峰(7-9点),2015-05-11,2015年5月11日,多云 /多云,24℃ / 13℃,东北风 ≤3级 /东北风 ≤3级,多云,多云,24,13,东北风,≤3级,东北风,≤3级,day
2015-05-11 08:30:00,珠江路口,7、未按规定让行的 ,负全部责任,不负责任,1,贵A20875,白色,1,贵A49N99,白色,十一培,自培,1999/1/8 0:00,-1,柳特神力,大通牌,364548000000000000 ,36656251994361545X,197307,198805,8,0,5,工作日,早高峰(7-9点),2015-05-11,2015年5月11日,多云 /多云,24℃ / 13℃,东北风 ≤3级 /东北风 ≤3级,多云,多云,24,13,东北风,≤3级,东北风,≤3级,day
2015-05-09 14:00:00,紫林庵,1、追尾的,负全部责任,不负责任,1,贵AH1304,白色,1,贵AU5078,白色,十一培,自培,1984/3/30 0:00,2002/7/30 0:00,吉利牌,迎客牌,364547000000000000 ,56175500000000000 ,195004,196802,14,5,5,工作日,非高峰,2015-05-09,2015年5月9日,阵雨 /阵雨,23℃ / 16℃,东北风 ≤3级 /东南风 ≤3级,阵雨,阵雨,23,16,东北风,≤3级,东南风,≤3级,day
2015-05-09 18:30:00,西二环,7、未按规定让行的 ,负全部责任,不负责任,1,贵FS5462,红,1,贵AHL878,红,十一培,自培,1982/6/30 0:00,2007/1/30 0:00,-1,东风标致牌,364548000000000000 ,364567000000000000 ,196001,198808,18,5,5,工作日,晚高峰(17-19点),2015-05-09,2015年5月9日,阵雨 /阵雨,23℃ / 16℃,东北风 ≤3级 /东南风 ≤3级,阵雨,阵雨,23,16,东北风,≤3级,东南风,≤3级,day