accidenttime,accidentaddr,driver1fault,driver1responsibility,driver2responsibility,sex1,platenumber1,carcolor1,sex2,platenumber2,carcolor2,jxmc1,jxmc2,cclzrq1,cclzrq2,clpp1,clpp2,driver1license,driver2license,brith1,brith2,hour,weekday,month,is_weekday,peak_hour,date,日期,天气状况,气温,风力风向,day_wea,night_wea,day_tep,night_tep,day_wind_direction,day_wind_speed,night_wind_direction,night_wind_speed,segment
2015-05-09 16:48:00,浣纱路,1、追尾的,负全部责任,不负责任,1,贵AMH268,红,1,贵AK0761,红,十一培,自培,1998/12/14 0:00,2000/9/14 0:00,夏利牌,凌肯牌,36675500000000000 ,357467000000000000 ,197605,196911,16,5,5,工作日,非高峰,2015-05-09,2015年5月9日,阵雨 /阵雨,23℃ / 16℃,东北风 ≤3级 /东南风 ≤3级,阵雨,阵雨,23,16,东北风,≤3级,东南风,≤3级,day
2015-05-10 05:00:00,碧海花园,8、依法应负全责的其他情形,负全部责任,不负责任,0,贵ACZ518,红,0,贵A9BZ62,红,十一培,自培,1999/11/23 0:00,2003/11/27 0:00,北斗星牌,大众牌,364547000000000000 ,65465551294050600X,196406,196804,5,6,5,周末,非高峰,2015-05-10,2015年5月10日,阵雨 /雷阵雨,25℃ / 14℃,南风 ≤3级 /南风 ≤3级,阵雨,雷阵雨,25,14,南风,≤3级,南风,≤3级,night
2015-05-09 20:40:00,中山南路,5、开关车门的,负全部责任,不负责任,1,贵AR3457,红,1,贵FE2277,黑,十一培,自培,1999/6/9 0:00,2006/9/1 0:00,嘉陵牌,-1,364548000000000000 ,366669000000000000 ,196211,198109,20,5,5,工作日,非高峰,2015-05-09,2015年5月9日,阵雨 /阵雨,23℃ / 16℃,东北风 ≤3级 /东南风 ≤3级,阵雨,阵雨,23,16,东北风,≤3级,东南风,≤3级,night
2015-05-10 13:30:00,世纪城,8、依法应负全责的其他情形,负全部责任,不负责任,1,贵AAA781,黑,1,贵CHC449,白,十一培,自培,1996/7/17 0:00,2007/6/21 0:00,喜马牌,-1,36666351304245445X,366566000000000000 ,195406,196701,13,6,5,周末,非高峰,2015-05-10,2015年5月10日,阵雨 /雷阵雨,25℃ / 14℃,南风 ≤3级 /南风 ≤3级,阵雨,雷阵雨,25,14,南风,≤3级,南风,≤3级,day
2015-05-11 11:45:00,都司路,7、未按规定让行的 ,负全部责任,不负责任,1,贵AFW843,蓝,1,贵AUA024,白,十一培,文通驾校,1993/8/5 0:00,2012/4/1 0:00,丰田牌,丰田牌,36454751274954496X,364566000000000000 ,196308,198903,11,0,5,工作日,非高峰,2015-05-11,2015年5月11日,多云 /多云,24℃ / 13℃,东北风 ≤3级 /东北风 ≤3级,多云,多云,24,13,东北风,≤3级,东北风,≤3级,day
2015-05-11 10:20:00,中华路,7、未按规定让行的 ,负全部责任,不负责任,1,贵AV7222,红,1,川X46A08,蓝,十一培,-1,1991/1/8 0:00,-1,大地鹰王牌,-1,364547000000000000 ,354647000000000000 ,196604,194901,10,0,5,工作日,非高峰,2015-05-11,2015年5月11日,多云 /多云,24℃ / 13℃,东北风 ≤3级 /东北风 ≤3级,多云,多云,24,13,东北风,≤3级,东北风,≤3级,day
2015-05-11 12:20:00,小河开发大道,7、未按规定让行的 ,负全部责任,不负责任,1,贵A2BL81,白色,1,贵A9187H,白色,十一培,520123,1995/12/27 0:00,2009/12/1 0:00,帕萨特牌,-1,366367000000000000 ,364557000000000000 ,197311,198910,12,0,5,工作日,非高峰,2015-05-11,2015年5月11日,多云 /多云,24℃ / 13℃,东北风 ≤3级 /东北风 ≤3级,多云,多云,24,13,东北风,≤3级,东北风,≤3级,day
2015-05-11 14:00:00,清水江路,7、未按规定让行的 ,负全部责任,不负责任,1,贵G56708,白色,1,贵A4AP17,白色,十一培,长运驾校,1997/12/15 0:00,2012/8/29 0:00,-1,尚酷,364547000000000000 ,364548000000000000 ,196907,198707,14,0,5,工作日,非高峰,2015-05-11,2015年5月11日,多云 /多云,24℃ / 13℃,东北风 ≤3级 /东北风 ≤3级,多云,多云,24,13,东北风,≤3级,东北风,≤3级,day
2015-05-11 13:40:00,瑞金南路,1、追尾的,负全部责任,不负责任,1,贵A49898,黑,1,贵AV2331,黄,十一培,预约考试窗口,1992/6/18 0:00,2006/8/23 0:00,-1,隆鑫牌,36454651235547747X,36454651234559347X,196511,196501,13,0,5,工作日,非高峰,2015-05-11,2015年5月11日,多云 /多云,24℃ / 13℃,东北风 ≤3级 /东北风 ≤3级,多云,多云,24,13,东北风,≤3级,东北风,≤3级,day
2015-05-11 13:00:00,桐木岭,7、未按规定让行的 ,负全部责任,不负责任,1,贵A26267,白色,1,贵AD588警,白色,十一培,520129,1992/11/8 0:00,2000/9/4 0:00,万达牌,-1,364556000000000000 ,364556000000000000 ,196503,195807,13,0,5,工作日,非高峰,2015-05-11,2015年5月11日,多云 /多云,24℃ / 13℃,东北风 ≤3级 /东北风 ≤3级,多云,多云,24,13,东北风,≤3级,东北风,≤3级,day
2015-05-11 18:00:00,长江路,1、追尾的,负全部责任,不负责任,1,贵ARP119,白色,1,贵A97P17,白色,十一培,十一驾驶培训有限公司,1998/11/27 0:00,2012/6/29 0:00,丰田牌,指南者,366861000000000000 ,364558000000000000 ,197412,198212,18,0,5,工作日,晚高峰(17-19点),2015-05-11,2015年5月11日,多云 /多云,24℃ / 13℃,东北风 ≤3级 /东北风 ≤3级,多云,多云,24,13,东北风,≤3级,东北风,≤3级,day
2015-05-11 17:30:00,三桥,4、停车时未挂低速档、未拉驻车制动，导致车辆滑行的,负全部责任,不负责任,1,贵AGS684,红,1,贵A4848V,白,十一培,-1,1991/1/23 0:00,-1,长安牌,五菱牌,364548000000000000 ,74365500000000000 ,196008,199501,17,0,5,工作日,晚高峰(17-19点),2015-05-11,2015年5月11日,多云 /多云,24℃ / 13℃,东北风 ≤3级 /东北风 ≤3级,多云,多云,24,13,东北风,≤3级,东北风,≤3级,day
2015-05-12 08:00:00,航天路,7、未按规定让行的 ,负全部责任,不负责任,1,贵AXA258,白,0,贵GY6349,白,十一培,贵州现代驾驶培训责任有限公司,1996/10/28 0:00,2012/9/24 0:00,帕萨特牌,-1,364548000000000000 ,364548000000000000 ,196208,198807,8,1,5,工作日,早高峰(7-9点),2015-05-12,2015年5月12日,阴 /雷阵雨,24℃ / 13℃,南风 ≤3级 /南风 ≤3级,阴,雷阵雨,24,13,南风,≤3级,南风,≤3级,day
2015-05-11 20:50:00,浣纱路,7、未按规定让行的 ,负全部责任,不负责任,1,贵AJA042,白,1,贵AGU231,黑,十一培,公交公司驾校,1991/9/15 0:00,2005/4/6 0:00,朗逸牌,雪佛兰牌,364548000000000000 ,364548000000000000 ,195509,198302,20,0,5,工作日,非高峰,2015-05-11,2015年5月11日,多云 /多云,24℃ / 13℃,东北风 ≤3级 /东北风 ≤3级,多云,多云,24,13,东北风,≤3级,东北风,≤3级,night
2015-05-12 10:00:00,新添大道,7、未按规定让行的 ,负全部责任,不负责任,1,贵AV3791,黑,0,贵A51S11,黑,十一培,铁二局驾校,1997/8/27 0:00,2012/8/29 0:00,尼桑牌,奥迪牌,364557000000000000 ,364566000000000000 ,198001,198510,10,1,5,工作日,非高峰,2015-05-12,2015年5月12日,阴 /雷阵雨,24℃ / 13℃,南风 ≤3级 /南风 ≤3级,阴,雷阵雨,24,13,南风,≤3级,南风,≤3级,day
2015-05-12 11:00:00,新华路,3、倒车的,负全部责任,不负责任,1,贵AD4982,红,1,贵A96Y34,黄,十一培,文通驾校,1989/10/29 0:00,2010/5/20 0:00,现代,大众汽车牌,364548000000000000 ,364547000000000000 ,196802,198604,11,1,5,工作日,非高峰,2015-05-12,2015年5月12日,阴 /雷阵雨,24℃ / 13℃,南风 ≤3级 /南风 ≤3级,阴,雷阵雨,24,13,南风,≤3级,南风,≤3级,day
2015-05-12 12:04:00,花果园,9、不符合前8款规定或者双方同时具有上述情形的,负同等责任,负同等责任,0,贵AL8921,黄,1,贵A671C6,白,十一培,铁二局驾校,1980/1/15 0:00,2013/4/1 0:00,东本牌,东风牌,364547000000000000 ,36454751324875005X,195801,195607,12,1,5,工作日,非高峰,2015-05-12,2015年5月12日,阴 /雷阵雨,24℃ / 13℃,南风 ≤3级 /南风 ≤3级,阴,雷阵雨,24,13,南风,≤3级,南风,≤3级,day
2015-05-12 13:30:00,蔡家路口,7、未按规定让行的 ,负全部责任,不负责任,1,贵A5016J,白色,1,贵JAM725,白色,十一培,消防驾校,1995/9/17 0:00,2014/1/14 0:00,-1,-1,364548000000000000 ,36456651174362425X,196009,199305,13,1,5,工作日,非高峰,2015-05-12,2015年5月12日,阴 /雷阵雨,24℃ / 13℃,南风 ≤3级 /南风 ≤3级,阴,雷阵雨,24,13,南风,≤3级,南风,≤3级,day
2015-05-12 14:00:00,贵惠大道,7、未按规定让行的 ,负全部责任,不负责任,1,贵A55K78,白色,1,云AF4U75,白色,十一培,-1,1997/8/27 0:00,-1,大众牌,-1,364547000000000000 ,77634551154940705X,196801,199108,14,1,5,工作日,非高峰,2015-05-12,2015年5月12日,阴 /雷阵雨,24℃ / 13℃,南风 ≤3级 /南风 ≤3级,阴,雷阵雨,24,13,南风,≤3级,南风,≤3级,day
2015-05-12 17:00:00,解放路,7、未按规定让行的 ,负全部责任,不负责任,1,贵A53N53,白色,1,贵AU7945,白色,十一培,长安驾校（南明区）,1995/1/25 0:00,2003/11/28 0:00,长安牌,豪爵牌,364547000000000000 ,366067000000000000 ,195809,198101,17,1,5,工作日,晚高峰(17-19点),2015-05-12,2015年5月12日,阴 /雷阵雨,24℃ / 13℃,南风 ≤3级 /南风 ≤3级,阴,雷阵雨,24,13,南风,≤3级,南风,≤3级,day
2015-05-12 18:00:00,北京路,1、追尾的,负全部责任,不负责任,1,贵A23031,白,1,贵A76A55,红,十一培,新华驾校,1992/11/6 0:00,2005/3/3 0:00,金龙牌,夏利牌,364548000000000000 ,356168000000000000 ,196803,196907,18,1,5,工作日,晚高峰(17-19点),2015-05-12,2015年5月12日,阴 /雷阵雨,24℃ / 13℃,南风 ≤3级 /南风 ≤3级,阴,雷阵雨,24,13,南风,≤3级,南风,≤3级,day
2015-05-13 10:00:00,延安西路,8、依法应负全责的其他情形,负全部责任,不负责任,1,贵AD3185,白色,1,贵A1S518,白色,十一培,铁二局驾校,1996/5/9 0:00,2012/5/18 0:00,大运牌,-1,74365500000000000 ,366868000000000000 ,197602,197212,10,2,5,工作日,非高峰,2015-05-13,2015年5月13日,多云 /阵雨,26℃ / 19℃,东南风 ≤3级 /东南风 ≤3级,多云,阵雨,26,19,东南风,≤3级,东南风,≤3级,day
2015-05-13 14:00:00,正新街,3、倒车的,负全部责任,不负责任,1,贵AVC846,红,0,贵AKN811,红,十一培,贵州平安驾驶培训学校,1994/12/7 0:00,2011/1/11 0:00,东风日产牌,别克牌,36455751244358405X,364548000000000000 ,196005,197601,14,2,5,工作日,非高峰,2015-05-13,2015年5月13日,多云 /阵雨,26℃ / 19℃,东南风 ≤3级 /东南风 ≤3级,多云,阵雨,26,19,东南风,≤3级,东南风,≤3级,day
2015-05-13 16:05:00,黔灵山隧道,1、追尾的,负全部责任,不负责任,1,贵AV1944,黄,1,贵AR7319,红,十一培,预约考试窗口,1985/7/25 0:00,2007/5/17 0:00,日雅牌,宗隆牌,364648000000000000 ,36454651244340706X,196410,196005,16,2,5,工作日,非高峰,2015-05-13,2015年5月13日,多云 /阵雨,26℃ / 19℃,东南风 ≤3级 /东南风 ≤3级,多云,阵雨,26,19,东南风,≤3级,东南风,≤3级,day
2015-05-13 15:00:00,三江口,7、未按规定让行的 ,负全部责任,不负责任,1,贵A92819,白色,1,贵AR9549,白色,十一培,时法驾校,1984/1/24 0:00,2006/6/12 0:00,小康,北京现代牌,364556000000000000 ,366061000000000000 ,195901,197306,15,2,5,工作日,非高峰,2015-05-13,2015年5月13日,多云 /阵雨,26℃ / 19℃,东南风 ≤3级 /东南风 ≤3级,多云,阵雨,26,19,东南风,≤3级,东南风,≤3级,day
2015-05-13 15:00:00,东二环,1、追尾的,负全部责任,不负责任,1,贵A37294,白色,1,贵GC4325,白色,十一培,-1,1995/2/13 0:00,-1,金龙牌,-1,364547000000000000 ,36636051964868385X,196705,198207,15,2,5,工作日,非高峰,2015-05-13,2015年5月13日,多云 /阵雨,26℃ / 19℃,东南风 ≤3级 /东南风 ≤3级,多云,阵雨,26,19,东南风,≤3级,东南风,≤3级,day
2015-05-12 16:05:00,黔灵山隧道,1、追尾的,负全部责任,不负责任,1,贵AV1944,黄,0,贵AJ6121,蓝,十一培,自培,1985/7/25 0:00,2005/12/21 0:00,日雅牌,劲隆牌,364648000000000000 ,364548000000000000 ,196410,196903,16,1,5,工作日,非高峰,2015-05-12,2015年5月12日,阴 /雷阵雨,24℃ / 13℃,南风 ≤3级 /南风 ≤3级,阴,雷阵雨,24,13,南风,≤3级,南风,≤3级,day
2015-05-12 06:40:00,中坝,9、不符合前8款规定或者双方同时具有上述情形的,负全部责任,不负责任,1,贵AU0381,黄,1,贵ACQ687,红,十一培,自培,1990/7/17 0:00,2002/7/26 0:00,劲隆牌,起亚牌,366364000000000000 ,364558000000000000 ,196306,196504,6,1,5,工作日,非高峰,2015-05-12,2015年5月12日,阴 /雷阵雨,24℃ / 13℃,南风 ≤3级 /南风 ≤3级,阴,雷阵雨,24,13,南风,≤3级,南风,≤3级,day
2015-05-12 08:55:00,碧海花园,7、未按规定让行的 ,负全部责任,不负责任,1,贵G64529,蓝,1,贵AKU579,蓝,十一培,自培,1994/5/23 0:00,2007/8/23 0:00,-1,丰田牌,366363000000000000 ,364547000000000000 ,197602,197212,8,1,5,工作日,早高峰(7-9点),2015-05-12,2015年5月12日,阴 /雷阵雨,24℃ / 13℃,南风 ≤3级 /南风 ≤3级,阴,雷阵雨,24,13,南风,≤3级,南风,≤3级,day
2015-05-12 11:00:00,花果园,1、追尾的,负全部责任,不负责任,1,贵AKR912,黑,1,贵ACK943,红,十一培,自培,1992/10/11 0:00,2004/9/14 0:00,奥迪牌,东风雪铁龙牌,364557000000000000 ,36636051224153733X,196903,196609,11,1,5,工作日,非高峰,2015-05-12,2015年5月12日,阴 /雷阵雨,24℃ / 13℃,南风 ≤3级 /南风 ≤3级,阴,雷阵雨,24,13,南风,≤3级,南风,≤3级,day
2015-05-12 21:00:00,西南环线,1、追尾的,负全部责任,不负责任,1,贵A64B61,白,1,贵A24R71,白,十一培,自培,1996/11/30 0:00,2004/4/23 0:00,东风标致牌,揽胜极光,366347000000000000 ,366361000000000000 ,197507,196910,21,1,5,工作日,非高峰,2015-05-12,2015年5月12日,阴 /雷阵雨,24℃ / 13℃,南风 ≤3级 /南风 ≤3级,阴,雷阵雨,24,13,南风,≤3级,南风,≤3级,night
2015-05-13 22:00:00,长江路与珠江路路口,8、依法应负全责的其他情形,负全部责任,不负责任,1,贵ABP357,黑色,1,贵A90325,白色,十一培,-1,1989/1/15 0:00,-1,吉利牌,解放牌,364547000000000000 ,36686651984049435X,195208,198704,22,2,5,工作日,非高峰,2015-05-13,2015年5月13日,多云 /阵雨,26℃ / 19℃,东南风 ≤3级 /东南风 ≤3级,多云,阵雨,26,19,东南风,≤3级,东南风,≤3级,night
2015-05-14 11:30:00,三桥,1、追尾的,负全部责任,不负责任,1,闽DP9347,黄,1,闽DP9346,黄,十一培,消防驾校,1994/9/6 0:00,2004/4/25 0:00,-1,-1,364547000000000000 ,366361000000000000 ,197004,198412,11,3,5,工作日,非高峰,2015-05-14,2015年5月14日,多云 /雷阵雨,27℃ / 20℃,东南风 ≤3级 /南风 ≤3级,多云,雷阵雨,27,20,东南风,≤3级,南风,≤3级,day
2015-05-14 12:30:00,财经大学,7、未按规定让行的 ,负全部责任,不负责任,1,贵A6P469,白,0,贵CPF566,红,十一培,吉源驾校,1998/7/6 0:00,2014/7/20 0:00,-1,-1,364547000000000000 ,366563000000000000 ,196008,199108,12,3,5,工作日,非高峰,2015-05-14,2015年5月14日,多云 /雷阵雨,27℃ / 20℃,东南风 ≤3级 /南风 ≤3级,多云,雷阵雨,27,20,东南风,≤3级,南风,≤3级,day
2015-05-14 14:55:00,中山南路,7、未按规定让行的 ,负全部责任,不负责任,1,贵AV2222,黄,1,贵AHX734,黄,十一培,蓝天驾校,1999/8/11 0:00,2010/7/23 0:00,雷克萨斯,别克牌,364547000000000000 ,364548000000000000 ,196305,198504,14,3,5,工作日,非高峰,2015-05-14,2015年5月14日,多云 /雷阵雨,27℃ / 20℃,东南风 ≤3级 /南风 ≤3级,多云,雷阵雨,27,20,东南风,≤3级,南风,≤3级,day
2015-05-14 14:20:00,浣纱路,8、依法应负全责的其他情形,负全部责任,不负责任,1,贵AKK155,黄,1,粤B375NJ,红,十一培,-1,1993/3/4 0:00,-1,捷豹,-1,364547000000000000 ,76345500000000000 ,197008,198410,14,3,5,工作日,非高峰,2015-05-14,2015年5月14日,多云 /雷阵雨,27℃ / 20℃,东南风 ≤3级 /南风 ≤3级,多云,雷阵雨,27,20,东南风,≤3级,南风,≤3级,day
2015-05-14 17:00:00,大昌隆,8、依法应负全责的其他情形,负全部责任,不负责任,1,贵ALS533,白色,1,贵A7AP47,白色,十一培,-1,1999/9/17 0:00,-1,别克牌,别克牌,36454751385668007X,364546000000000 ,195712,681106,17,3,5,工作日,晚高峰(17-19点),2015-05-14,2015年5月14日,多云 /雷阵雨,27℃ / 20℃,东南风 ≤3级 /南风 ≤3级,多云,雷阵雨,27,20,东南风,≤3级,南风,≤3级,day
2015-05-15 07:50:00,小河转盘,7、未按规定让行的 ,负全部责任,不负责任,1,贵A33412,白色,1,贵ALU443,白色,十一培,十一驾驶培训有限公司,1983/6/29 0:00,2011/4/27 0:00,嘉陵牌,瑞麒牌,364547000000000000 ,364551000000000000 ,196301,197404,7,4,5,工作日,早高峰(7-9点),2015-05-15,2015年5月15日,阵雨 /阵雨,25℃ / 16℃,东北风 ≤3级 /东北风 ≤3级,阵雨,阵雨,25,16,东北风,≤3级,东北风,≤3级,day
2015-05-15 08:30:00,小关,7、未按规定让行的 ,负全部责任,不负责任,1,贵JAM538,白,1,贵ANW888,蓝,十一培,-1,1997/2/26 0:00,-1,-1,宝马,364547000000000000 ,364548000000000000 ,195612,197102,8,4,5,工作日,早高峰(7-9点),2015-05-15,2015年5月15日,阵雨 /阵雨,25℃ / 16℃,东北风 ≤3级 /东北风 ≤3级,阵雨,阵雨,25,16,东北风,≤3级,东北风,≤3级,day
2015-05-15 11:00:00,花溪,8、依法应负全责的其他情形,负全部责任,不负责任,1,贵AM3539,白色,1,沪CRZ392,白色,十一培,自培,1997/12/1 0:00,2003/12/18 0:00,北京现代牌,-1,364558000000000000 ,364548000000000000 ,197106,198006,11,4,5,工作日,非高峰,2015-05-15,2015年5月15日,阵雨 /阵雨,25℃ / 16℃,东北风 ≤3级 /东北风 ≤3级,阵雨,阵雨,25,16,东北风,≤3级,东北风,≤3级,day
2015-05-15 10:40:00,北京西路,7、未按规定让行的 ,负全部责任,不负责任,0,贵AJM385,红,1,贵AU0662,黄,十一培,-1,1998/6/1 0:00,-1,沃尔沃,大阳牌,36454751864340090X,364545000000 ,197205,134853,10,4,5,工作日,非高峰,2015-05-15,2015年5月15日,阵雨 /阵雨,25℃ / 16℃,东北风 ≤3级 /东北风 ≤3级,阵雨,阵雨,25,16,东北风,≤3级,东北风,≤3级,day
2015-05-15 12:30:00,小河平桥,4、停车时未挂低速档、未拉驻车制动，导致车辆滑行的,负全部责任,不负责任,1,云JJU912,白色,1,贵A8345G,白色,十一培,黔丰驾校,1996/1/26 0:00,2014/1/13 0:00,-1,五菱牌,364556000000000000 ,364556000000000000 ,197303,197906,12,4,5,工作日,非高峰,2015-05-15,2015年5月15日,阵雨 /阵雨,25℃ / 16℃,东北风 ≤3级 /东北风 ≤3级,阵雨,阵雨,25,16,东北风,≤3级,东北风,≤3级,day
2015-05-15 13:20:00,白金大道,8、依法应负全责的其他情形,负全部责任,不负责任,1,贵A6581A,白,1,贵AB667V,黑,十一培,路路达驾校,1998/12/29 0:00,2014/10/11 0:00,长安牌,东风日产牌,364558000000000000 ,364558000000000000 ,196305,197304,13,4,5,工作日,非高峰,2015-05-15,2015年5月15日,阵雨 /阵雨,25℃ / 16℃,东北风 ≤3级 /东北风 ≤3级,阵雨,阵雨,25,16,东北风,≤3级,东北风,≤3级,day
2015-05-15 13:30:00,绿苑小区,7、未按规定让行的 ,负全部责任,不负责任,1,贵GC8020,白色,1,贵AU7934,白色,十一培,自培,1996/10/4 0:00,2006/12/12 0:00,-1,捷达牌,364558000000000000 ,364547000000000000 ,196112,198708,13,4,5,工作日,非高峰,2015-05-15,2015年5月15日,阵雨 /阵雨,25℃ / 16℃,东北风 ≤3级 /东北风 ≤3级,阵雨,阵雨,25,16,东北风,≤3级,东北风,≤3级,day
2015-05-15 14:30:00,和尚坡,3、倒车的,负全部责任,不负责任,1,贵A05996,白,1,贵GS1225,黑,十一培,520107,1996/10/29 0:00,2010/2/8 0:00,别克牌,-1,366364000000000000 ,364557000000000000 ,196112,198401,14,4,5,工作日,非高峰,2015-05-15,2015年5月15日,阵雨 /阵雨,25℃ / 16℃,东北风 ≤3级 /东北风 ≤3级,阵雨,阵雨,25,16,东北风,≤3级,东北风,≤3级,day
2015-05-15 13:00:00,青年路,7、未按规定让行的 ,负全部责任,不负责任,1,贵A29845,黄,1,贵A86V77,白,十一培,大地驾校,1995/8/2 0:00,2005/5/24 0:00,豪爵牌,别克牌,364547000000000000 ,364548000000000000 ,196808,198701,13,4,5,工作日,非高峰,2015-05-15,2015年5月15日,阵雨 /阵雨,25℃ / 16℃,东北风 ≤3级 /东北风 ≤3级,阵雨,阵雨,25,16,东北风,≤3级,东北风,≤3级,day
2015-05-15 15:00:00,小河,7、未按规定让行的 ,负全部责任,不负责任,1,贵ASK245,白色,1,贵A46W96,白色,十一培,-1,1989/8/9 0:00,-1,明锐牌,纳智捷牌,364548000000000000 ,366271000000000000 ,196012,199011,15,4,5,工作日,非高峰,2015-05-15,2015年5月15日,阵雨 /阵雨,25℃ / 16℃,东北风 ≤3级 /东北风 ≤3级,阵雨,阵雨,25,16,东北风,≤3级,东北风,≤3级,day
2015-05-15 17:30:00,西南家具城,7、未按规定让行的 ,负全部责任,不负责任,1,贵BK7378,白,1,贵AU7994,黄,十一培,-1,1986/5/22 0:00,-1,-1,银翔牌,364666000000000000 ,364558000000000 ,196409,761110,17,4,5,工作日,晚高峰(17-19点),2015-05-15,2015年5月15日,阵雨 /阵雨,25℃ / 16℃,东北风 ≤3级 /东北风 ≤3级,阵雨,阵雨,25,16,东北风,≤3级,东北风,≤3级,day
2015-05-13 17:20:00,友谊路,8、依法应负全责的其他情形,负全部责任,不负责任,1,贵AM1335,白,0,贵A13Y23,红,十一培,自培,1996/1/12 0:00,2004/5/10 0:00,捷豹XF,长城牌,364547000000000000 ,364547000000000000 ,197404,197209,17,2,5,工作日,晚高峰(17-19点),2015-05-13,2015年5月13日,多云 /阵雨,26℃ / 19℃,东南风 ≤3级 /东南风 ≤3级,多云,阵雨,26,19,东南风,≤3级,东南风,≤3级,day
2015-05-14 13:00:00,解放路,7、未按规定让行的 ,负全部责任,不负责任,1,贵A35J63,白色,1,贵A9BY22,白色,十一培,自培,1999/5/10 0:00,2002/4/19 0:00,长城牌,雪佛兰牌,364547000000000000 ,364547000000000000 ,195109,198009,13,3,5,工作日,非高峰,2015-05-14,2015年5月14日,多云 /雷阵雨,27℃ / 20℃,东南风 ≤3级 /南风 ≤3级,多云,雷阵雨,27,20,东南风,≤3级,南风,≤3级,day
2015-05-14 14:30:00,黔陶乡,8、依法应负全责的其他情形,负全部责任,不负责任,1,贵ARY463,白色,1,贵AER731,白色,十一培,自培,1993/2/21 0:00,2003/11/14 0:00,江铃牌,宝马牌,364547000000000000 ,364548000000000000 ,196008,198103,14,3,5,工作日,非高峰,2015-05-14,2015年5月14日,多云 /雷阵雨,27℃ / 20℃,东南风 ≤3级 /南风 ≤3级,多云,雷阵雨,27,20,东南风,≤3级,南风,≤3级,day
2015-05-14 15:00:00,小河,7、未按规定让行的 ,负全部责任,不负责任,1,贵A02219,白色,1,贵AC626K,白色,十一培,自培,1998/6/3 0:00,2005/6/2 0:00,昌河,宝马,364556000000000000 ,366566000000000000 ,197209,198005,15,3,5,工作日,非高峰,2015-05-14,2015年5月14日,多云 /雷阵雨,27℃ / 20℃,东南风 ≤3级 /南风 ≤3级,多云,雷阵雨,27,20,东南风,≤3级,南风,≤3级,day
2015-05-14 17:00:00,兴关路,7、未按规定让行的 ,负全部责任,不负责任,1,贵A47C85,白色,1,贵AU7268,白色,十一培,自培,1989/6/18 0:00,2004/2/17 0:00,夏利牌,嘉隆牌,364548000000000000 ,364547000000000000 ,195804,197205,17,3,5,工作日,晚高峰(17-19点),2015-05-14,2015年5月14日,多云 /雷阵雨,27℃ / 20℃,东南风 ≤3级 /南风 ≤3级,多云,雷阵雨,27,20,东南风,≤3级,南风,≤3级,day
2015-05-15 08:00:00,文昌北路,1、追尾的,负全部责任,不负责任,1,贵ALC721,白色,1,贵A4CE69,白色,十一培,自培,1993/3/16 0:00,2004/12/14 0:00,-1,蒙迪欧牌,364547000000000000 ,364548000000000000 ,197003,197603,8,4,5,工作日,早高峰(7-9点),2015-05-15,2015年5月15日,阵雨 /阵雨,25℃ / 16℃,东北风 ≤3级 /东北风 ≤3级,阵雨,阵雨,25,16,东北风,≤3级,东北风,≤3级,day
2015-05-15 14:00:00,富源北路,7、未按规定让行的 ,负全部责任,不负责任,1,贵A81559,白色,1,贵A6BX26,白色,十一培,自培,1998/12/28 0:00,2000/4/26 0:00,粤海牌,丰田牌,366864000000000000 ,36666151235549445X,197012,196511,14,4,5,工作日,非高峰,2015-05-15,2015年5月15日,阵雨 /阵雨,25℃ / 16℃,东北风 ≤3级 /东北风 ≤3级,阵雨,阵雨,25,16,东北风,≤3级,东北风,≤3级,day
2015-05-16 00:00:00,牛郎关,7、未按规定让行的 ,负全部责任,不负责任,1,渝GB4819,白色,1,贵JDZ134,白色,十一培,-1,1997/12/31 0:00,-1,-1,-1,366361000000000000 ,734397000000000000 ,197806,198809,0,5,5,工作日,非高峰,2015-05-16,2015年5月16日,阴 /雷阵雨,23℃ / 17℃,东北风 ≤3级 /东风 ≤3级,阴,雷阵雨,23,17,东北风,≤3级,东风,≤3级,night
2015-05-16 11:00:00,茶店,3、倒车的,负全部责任,不负责任,1,贵AS6405,白,1,贵A13888,白,十一培,金大驾校（南明区）,1990/8/21 0:00,2004/6/29 0:00,金福牌,五羊-本田牌,364548000000000000 ,364548000000000000 ,196606,197508,11,5,5,工作日,非高峰,2015-05-16,2015年5月16日,阴 /雷阵雨,23℃ / 17℃,东北风 ≤3级 /东风 ≤3级,阴,雷阵雨,23,17,东北风,≤3级,东风,≤3级,day
2015-05-16 10:00:00,花溪,8、依法应负全责的其他情形,负全部责任,不负责任,1,贵A152G3,白色,1,苏BG922V,白色,十一培,-1,1988/4/6 0:00,-1,福田牌,-1,66075500000000000 ,366061000000000000 ,195210,199002,10,5,5,工作日,非高峰,2015-05-16,2015年5月16日,阴 /雷阵雨,23℃ / 17℃,东北风 ≤3级 /东风 ≤3级,阴,雷阵雨,23,17,东北风,≤3级,东风,≤3级,day
2015-05-16 09:15:00,北京东路,1、追尾的,负全部责任,不负责任,1,贵A15644,黄,1,贵ARJ051,白,十一培,-1,1994/12/25 0:00,-1,唯雅诺,福田牌,364548000000000000 ,64263900000000 ,196301,800918,9,5,5,工作日,早高峰(7-9点),2015-05-16,2015年5月16日,阴 /雷阵雨,23℃ / 17℃,东北风 ≤3级 /东风 ≤3级,阴,雷阵雨,23,17,东北风,≤3级,东风,≤3级,day