accidenttime,accidentaddr,driver1fault,driver1responsibility,driver2responsibility,sex1,platenumber1,carcolor1,sex2,platenumber2,carcolor2,jxmc1,jxmc2,cclzrq1,cclzrq2,clpp1,clpp2,driver1license,driver2license,brith1,brith2,hour,weekday,month,is_weekday,peak_hour,date,日期,天气状况,气温,风力风向,day_wea,night_wea,day_tep,night_tep,day_wind_direction,day_wind_speed,night_wind_direction,night_wind_speed,segment
2015-05-16 11:30:00,花溪大道,8、依法应负全责的其他情形,负全部责任,不负责任,1,贵A67G79,黄,1,贵A71B52,黑,十一培,-1,1997/4/23 0:00,-1,吉利牌,东风牌,364548000000000000 ,366346000000000000 ,197410,198502,11,5,5,工作日,非高峰,2015-05-16,2015年5月16日,阴 /雷阵雨,23℃ / 17℃,东北风 ≤3级 /东风 ≤3级,阴,雷阵雨,23,17,东北风,≤3级,东风,≤3级,day
2015-05-16 12:00:00,都司路,1、追尾的,负全部责任,不负责任,1,贵A10471,白色,1,贵A8CC85,白色,十一培,大学生驾校,1991/7/10 0:00,2009/5/26 0:00,豪宝,宝马牌,36454651294564525X,36667451914640445X,196801,198902,12,5,5,工作日,非高峰,2015-05-16,2015年5月16日,阴 /雷阵雨,23℃ / 17℃,东北风 ≤3级 /东风 ≤3级,阴,雷阵雨,23,17,东北风,≤3级,东风,≤3级,day
2015-05-16 11:50:00,旭东路,1、追尾的,负全部责任,不负责任,1,贵ADY691,红,1,贵A8N506,白,十一培,吉源驾校,1993/10/21 0:00,2014/11/18 0:00,北京现代牌,-1,364547000000000000 ,366761000000000000 ,196206,198509,11,5,5,工作日,非高峰,2015-05-16,2015年5月16日,阴 /雷阵雨,23℃ / 17℃,东北风 ≤3级 /东风 ≤3级,阴,雷阵雨,23,17,东北风,≤3级,东风,≤3级,day
2015-05-16 16:00:00,嘉润路,7、未按规定让行的 ,负全部责任,不负责任,1,贵A80900,白色,1,贵FV2383,白色,十一培,吉源驾校,1998/8/26 0:00,2013/12/31 0:00,力帆,-1,364547000000000000 ,366068000000000000 ,198003,197705,16,5,5,工作日,非高峰,2015-05-16,2015年5月16日,阴 /雷阵雨,23℃ / 17℃,东北风 ≤3级 /东风 ≤3级,阴,雷阵雨,23,17,东北风,≤3级,东风,≤3级,day
2015-05-16 14:00:00,沙冲南路,1、追尾的,负全部责任,不负责任,1,贵FT2611,白色,1,贵A92548,白色,十一培,J007,1997/9/4 0:00,2011/11/10 0:00,-1,捷达,364548000000000000 ,366367000000000000 ,196103,197307,14,5,5,工作日,非高峰,2015-05-16,2015年5月16日,阴 /雷阵雨,23℃ / 17℃,东北风 ≤3级 /东风 ≤3级,阴,雷阵雨,23,17,东北风,≤3级,东风,≤3级,day
2015-05-16 14:20:00,中华中路,7、未按规定让行的 ,负全部责任,不负责任,1,贵AV,黄,1,贵AV7397,黄,十一培,北海市海安机动车驾驶员培训学校,1991/6/18 0:00,2007/3/7 0:00,-1,大运牌,364547000000000000 ,344558000000000000 ,196511,198612,14,5,5,工作日,非高峰,2015-05-16,2015年5月16日,阴 /雷阵雨,23℃ / 17℃,东北风 ≤3级 /东风 ≤3级,阴,雷阵雨,23,17,东北风,≤3级,东风,≤3级,day
2015-05-16 16:30:00,金清大道,1、追尾的,负全部责任,不负责任,1,贵AHD417,红,1,贵A8785J,黑,十一培,-1,1998/12/22 0:00,-1,华泰圣达菲牌,五菱牌,364556000000000000 ,354347000000000000 ,196504,197502,16,5,5,工作日,非高峰,2015-05-16,2015年5月16日,阴 /雷阵雨,23℃ / 17℃,东北风 ≤3级 /东风 ≤3级,阴,雷阵雨,23,17,东北风,≤3级,东风,≤3级,day
2015-05-17 04:30:00,二桥,9、不符合前8款规定或者双方同时具有上述情形的,负全部责任,不负责任,1,贵ACY782,红,1,贵CA0882,黑,十一培,顺一驾驶培训学校,1991/6/30 0:00,2012/8/15 0:00,维拉克斯,-1,364558000000000000 ,366566000000000000 ,196112,197905,4,6,5,周末,非高峰,2015-05-17,2015年5月17日,阵雨 /雷阵雨,25℃ / 17℃,东北风 ≤3级 /南风 ≤3级,阵雨,雷阵雨,25,17,东北风,≤3级,南风,≤3级,night
2015-05-17 08:00:00,百花山,1、追尾的,负全部责任,不负责任,1,贵ATE284,黑,1,贵A7363X,红,十一培,消防驾校,1991/9/25 0:00,2011/5/16 0:00,雪佛兰牌,北京牌,364547000000000000 ,364548000000000000 ,197108,196807,8,6,5,周末,早高峰(7-9点),2015-05-17,2015年5月17日,阵雨 /雷阵雨,25℃ / 17℃,东北风 ≤3级 /南风 ≤3级,阵雨,雷阵雨,25,17,东北风,≤3级,南风,≤3级,day
2015-05-17 11:00:00,中华南路,7、未按规定让行的 ,负全部责任,不负责任,1,贵AV8866,白色,1,贵AU7386,白色,十一培,消防驾校,1991/5/24 0:00,1999/12/15 0:00,豪爵牌,福田牌,364548000000000000 ,366561000000000000 ,195809,197901,11,6,5,周末,非高峰,2015-05-17,2015年5月17日,阵雨 /雷阵雨,25℃ / 17℃,东北风 ≤3级 /南风 ≤3级,阵雨,雷阵雨,25,17,东北风,≤3级,南风,≤3级,day
2015-05-17 13:00:00,太慈桥,1、追尾的,负全部责任,不负责任,1,贵AU3484,白色,1,贵A54M38,白色,十一培,铁二局驾校,1998/7/15 0:00,2014/8/14 0:00,奇瑞牌,奥迪牌,366068000000000000 ,36456751914643600X,198106,198902,13,6,5,周末,非高峰,2015-05-17,2015年5月17日,阵雨 /雷阵雨,25℃ / 17℃,东北风 ≤3级 /南风 ≤3级,阵雨,雷阵雨,25,17,东北风,≤3级,南风,≤3级,day
2015-05-17 13:00:00,小河,9、不符合前8款规定或者双方同时具有上述情形的,负同等责任,负同等责任,1,贵A5AC00,白色,1,贵A96R71,白色,十一培,520115,1997/10/14 0:00,2008/8/28 0:00,马自达牌,迷你,364548000000000000 ,364548000000000000 ,197311,198802,13,6,5,周末,非高峰,2015-05-17,2015年5月17日,阵雨 /雷阵雨,25℃ / 17℃,东北风 ≤3级 /南风 ≤3级,阵雨,雷阵雨,25,17,东北风,≤3级,南风,≤3级,day
2015-05-17 14:00:00,小河开发大道,9、不符合前8款规定或者双方同时具有上述情形的,负同等责任,负同等责任,1,贵A5AC00,白色,1,贵AB6R71,白色,十一培,520115,1997/10/14 0:00,2008/8/28 0:00,马自达牌,-1,364548000000000000 ,364548000000000000 ,197311,198802,14,6,5,周末,非高峰,2015-05-17,2015年5月17日,阵雨 /雷阵雨,25℃ / 17℃,东北风 ≤3级 /南风 ≤3级,阵雨,雷阵雨,25,17,东北风,≤3级,南风,≤3级,day
2015-05-17 13:00:00,贵开路,7、未按规定让行的 ,负全部责任,不负责任,1,贵A11G65,白,1,贵AU6404,黄,十一培,预约考试窗口,1994/10/25 0:00,2006/9/8 0:00,明锐牌,大众牌,364556000000000000 ,364547000000000000 ,197408,196707,13,6,5,周末,非高峰,2015-05-17,2015年5月17日,阵雨 /雷阵雨,25℃ / 17℃,东北风 ≤3级 /南风 ≤3级,阵雨,雷阵雨,25,17,东北风,≤3级,南风,≤3级,day
2015-05-17 15:00:00,火车站,7、未按规定让行的 ,负全部责任,不负责任,1,贵AU9289,白色,1,贵GR2861,白色,十一培,蓝天驾校,1995/8/28 0:00,2013/3/27 0:00,钱江牌,-1,07466751295674795X,366564000000000000 ,196812,198710,15,6,5,周末,非高峰,2015-05-17,2015年5月17日,阵雨 /雷阵雨,25℃ / 17℃,东北风 ≤3级 /南风 ≤3级,阵雨,雷阵雨,25,17,东北风,≤3级,南风,≤3级,day
2015-05-17 16:00:00,花果园,1、追尾的,负全部责任,不负责任,1,贵AU1767,白色,1,贵FA5504,白色,十一培,-1,1996/7/23 0:00,-1,新大洲牌,-1,366876000000000000 ,366064000000000000 ,196712,196809,16,6,5,周末,非高峰,2015-05-17,2015年5月17日,阵雨 /雷阵雨,25℃ / 17℃,东北风 ≤3级 /南风 ≤3级,阵雨,雷阵雨,25,17,东北风,≤3级,南风,≤3级,day
2015-05-17 17:00:00,花果园,1、追尾的,负全部责任,不负责任,1,贵AJR103,白色,1,贵A64F39,白色,十一培,消防驾校,1994/10/26 0:00,2011/12/30 0:00,长安牌,东风雪铁龙牌,364547000000000000 ,674969000000000000 ,197705,196811,17,6,5,周末,晚高峰(17-19点),2015-05-17,2015年5月17日,阵雨 /雷阵雨,25℃ / 17℃,东北风 ≤3级 /南风 ≤3级,阵雨,雷阵雨,25,17,东北风,≤3级,南风,≤3级,day
2015-05-17 16:00:00,世纪城,1、追尾的,负全部责任,不负责任,1,贵AU8801,黄,1,贵AV2314,黄,十一培,自培,1997/3/24 0:00,2009/1/23 0:00,瑞麒牌,锋范牌,74667500000000000 ,366367000000000000 ,197001,198009,16,6,5,周末,非高峰,2015-05-17,2015年5月17日,阵雨 /雷阵雨,25℃ / 17℃,东北风 ≤3级 /南风 ≤3级,阵雨,雷阵雨,25,17,东北风,≤3级,南风,≤3级,day
2015-05-17 17:59:00,渔安隧道,1、追尾的,负全部责任,不负责任,1,贵HDC728,黑,0,贵A76X71,红,十一培,诚信驾驶培训学校,1993/3/17 0:00,2012/7/25 0:00,-1,宝马牌,364547000000000000 ,364548000000000000 ,195905,197501,17,6,5,周末,晚高峰(17-19点),2015-05-17,2015年5月17日,阵雨 /雷阵雨,25℃ / 17℃,东北风 ≤3级 /南风 ≤3级,阵雨,雷阵雨,25,17,东北风,≤3级,南风,≤3级,day
2015-05-16 10:00:00,解放路,7、未按规定让行的 ,负全部责任,不负责任,1,贵A21G41,白色,1,贵A18X26,白色,十一培,自培,1993/4/29 0:00,2003/9/12 0:00,长城牌,丰田牌,364547000000000000 ,354767000000000000 ,196803,198001,10,5,5,工作日,非高峰,2015-05-16,2015年5月16日,阴 /雷阵雨,23℃ / 17℃,东北风 ≤3级 /东风 ≤3级,阴,雷阵雨,23,17,东北风,≤3级,东风,≤3级,day
2015-05-16 12:46:00,东山路,9、不符合前8款规定或者双方同时具有上述情形的,负同等责任,不负责任,1,贵AFR101,白,1,贵AS4841,黄,十一培,自培,1998/5/6 0:00,2008/1/23 0:00,金杯牌,骊威牌,364548000000000000 ,364547000000000000 ,197107,196803,12,5,5,工作日,非高峰,2015-05-16,2015年5月16日,阴 /雷阵雨,23℃ / 17℃,东北风 ≤3级 /东风 ≤3级,阴,雷阵雨,23,17,东北风,≤3级,东风,≤3级,day
2015-05-17 18:58:00,八匹马,7、未按规定让行的 ,负全部责任,不负责任,1,贵A24371,黑,1,贵JAX988,蓝,十一培,520129,1988/7/25 0:00,2010/3/1 0:00,雅阁,-1,364548000000000000 ,357846000000000000 ,196302,199004,18,6,5,周末,晚高峰(17-19点),2015-05-17,2015年5月17日,阵雨 /雷阵雨,25℃ / 17℃,东北风 ≤3级 /南风 ≤3级,阵雨,雷阵雨,25,17,东北风,≤3级,南风,≤3级,day
2015-05-17 19:00:00,花溪大道中段,1、追尾的,负全部责任,不负责任,1,贵A5BP23,白色,1,贵AR7648,白色,十一培,520136,1999/10/13 0:00,2010/2/25 0:00,雪佛兰牌,梅赛德斯-奔驰牌,364548000000000000 ,364547000000000000 ,197403,197512,19,6,5,周末,晚高峰(17-19点),2015-05-17,2015年5月17日,阵雨 /雷阵雨,25℃ / 17℃,东北风 ≤3级 /南风 ≤3级,阵雨,雷阵雨,25,17,东北风,≤3级,南风,≤3级,day
2015-05-17 18:10:00,六广门,3、倒车的,负全部责任,不负责任,1,贵A5H284,黑,1,贵A53J13,黑,十一培,-1,1998/7/13 0:00,-1,-1,东风牌,366562000000000000 ,366767000000000000 ,197303,198512,18,6,5,周末,晚高峰(17-19点),2015-05-17,2015年5月17日,阵雨 /雷阵雨,25℃ / 17℃,东北风 ≤3级 /南风 ≤3级,阵雨,雷阵雨,25,17,东北风,≤3级,南风,≤3级,day
2015-05-18 08:45:00,世纪城,8、依法应负全责的其他情形,负全部责任,不负责任,1,贵ALN645,红,1,贵ASS214,红,十一培,消防驾校,1999/1/12 0:00,2011/3/1 0:00,长安牌,吉利牌,364556000000000000 ,364547000000000000 ,197508,198109,8,0,5,工作日,早高峰(7-9点),2015-05-18,2015年5月18日,多云 /多云,25℃ / 18℃,东北风 ≤3级 /东北风 ≤3级,多云,多云,25,18,东北风,≤3级,东北风,≤3级,day
2015-05-18 09:20:00,富水北路,1、追尾的,负全部责任,不负责任,1,贵A25944,红,1,贵AP3333,红,十一培,时发驾校,1995/5/22 0:00,2010/12/16 0:00,江铃全顺牌,帕纳美拉 4,36454751844263325X,364547000000000000 ,197006,197707,9,0,5,工作日,早高峰(7-9点),2015-05-18,2015年5月18日,多云 /多云,25℃ / 18℃,东北风 ≤3级 /东北风 ≤3级,多云,多云,25,18,东北风,≤3级,东北风,≤3级,day
2015-05-18 10:56:00,金翁线,7、未按规定让行的 ,负全部责任,不负责任,1,贵A3769Y,红,1,贵A6226U,红,十一培,诚信驾驶培训学校,1993/9/5 0:00,2006/5/17 0:00,华泰宝利格牌,东风日产牌,364557000000000000 ,364557000000000000 ,196302,197809,10,0,5,工作日,非高峰,2015-05-18,2015年5月18日,多云 /多云,25℃ / 18℃,东北风 ≤3级 /东北风 ≤3级,多云,多云,25,18,东北风,≤3级,东北风,≤3级,day
2015-05-18 09:10:00,兴筑东路,7、未按规定让行的 ,负全部责任,不负责任,1,贵AS6653,黑,1,鄂AA0W41,白,十一培,-1,1990/11/26 0:00,-1,东风日产牌,-1,364548000000000000 ,55365500000000000 ,196405,198412,9,0,5,工作日,早高峰(7-9点),2015-05-18,2015年5月18日,多云 /多云,25℃ / 18℃,东北风 ≤3级 /东北风 ≤3级,多云,多云,25,18,东北风,≤3级,东北风,≤3级,day
2015-05-18 10:20:00,新添大道,1、追尾的,负全部责任,不负责任,1,贵A824F1,红,1,贵AB660H,黑,十一培,-1,1980/12/8 0:00,-1,华神牌,吉利牌,364548000000000000 ,354661000000000000 ,195701,195707,10,0,5,工作日,非高峰,2015-05-18,2015年5月18日,多云 /多云,25℃ / 18℃,东北风 ≤3级 /东北风 ≤3级,多云,多云,25,18,东北风,≤3级,东北风,≤3级,day
2015-05-18 14:00:00,名族学院,7、未按规定让行的 ,负全部责任,不负责任,1,贵AU6952,白色,1,贵AU0631,白色,十一培,520101,1994/3/11 0:00,2009/1/7 0:00,捷达牌,宝来牌,364556000000000000 ,364556000000000000 ,195909,197503,14,0,5,工作日,非高峰,2015-05-18,2015年5月18日,多云 /多云,25℃ / 18℃,东北风 ≤3级 /东北风 ≤3级,多云,多云,25,18,东北风,≤3级,东北风,≤3级,day
2015-05-18 12:00:00,新发市场,7、未按规定让行的 ,负全部责任,不负责任,1,***,白色,1,贵A38J55,白色,十一培,预约考试窗口,1996/5/30 0:00,2007/6/8 0:00,-1,马自达牌,366064000000000000 ,364548000000000000 ,197305,198609,12,0,5,工作日,非高峰,2015-05-18,2015年5月18日,多云 /多云,25℃ / 18℃,东北风 ≤3级 /东北风 ≤3级,多云,多云,25,18,东北风,≤3级,东北风,≤3级,day
2015-05-18 19:00:00,花果园,7、未按规定让行的 ,负全部责任,不负责任,1,贵AHL746,白色,1,贵A585G7,白色,十一培,-1,1995/2/28 0:00,-1,丰田牌,江铃牌,364548000000000000 ,734596000000000000 ,196206,198505,19,0,5,工作日,晚高峰(17-19点),2015-05-18,2015年5月18日,多云 /多云,25℃ / 18℃,东北风 ≤3级 /东北风 ≤3级,多云,多云,25,18,东北风,≤3级,东北风,≤3级,day
2015-05-19 08:00:00,宝山南路,8、依法应负全责的其他情形,负全部责任,不负责任,1,贵AMH082,白色,1,贵A19D43,白色,十一培,铁二局驾校,1997/7/23 0:00,2004/4/10 0:00,长安牌,-1,364548000000000000 ,366561000000000000 ,197112,197603,8,1,5,工作日,早高峰(7-9点),2015-05-19,2015年5月19日,阵雨 /大雨,25℃ / 18℃,东北风 ≤3级 /南风 ≤3级,阵雨,大雨,25,18,东北风,≤3级,南风,≤3级,day
2015-05-19 17:30:00,北京东路,1、追尾的,负全部责任,不负责任,1,贵AGV737,红,1,贵BY0829,白,十一培,-1,1998/1/13 0:00,-1,-1,-1,704647000000000000 ,357475000000000000 ,197003,198509,17,1,5,工作日,晚高峰(17-19点),2015-05-19,2015年5月19日,阵雨 /大雨,25℃ / 18℃,东北风 ≤3级 /南风 ≤3级,阵雨,大雨,25,18,东北风,≤3级,南风,≤3级,day
2015-05-19 08:00:00,油小线,7、未按规定让行的 ,负全部责任,不负责任,1,贵AHM524,白色,1,贵A0740H,白色,十一培,吉源驾校,1999/10/20 0:00,2015/1/20 0:00,五菱牌,-1,364558000000000000 ,366875000000000000 ,197609,198812,8,1,5,工作日,早高峰(7-9点),2015-05-19,2015年5月19日,阵雨 /大雨,25℃ / 18℃,东北风 ≤3级 /南风 ≤3级,阵雨,大雨,25,18,东北风,≤3级,南风,≤3级,day
2015-05-19 10:00:00,花香村,7、未按规定让行的 ,负全部责任,不负责任,1,贵AVF167,白色,1,贵AU9633,白色,十一培,自培,1993/8/31 0:00,2004/5/19 0:00,比亚迪牌,钱江牌,364547000000000000 ,366367000000000000 ,196903,198201,10,1,5,工作日,非高峰,2015-05-19,2015年5月19日,阵雨 /大雨,25℃ / 18℃,东北风 ≤3级 /南风 ≤3级,阵雨,大雨,25,18,东北风,≤3级,南风,≤3级,day
2015-05-19 08:10:00,花果园,7、未按规定让行的 ,负全部责任,不负责任,1,贵AVN577,红,0,贵AKR894,黑,十一培,（乌当区）新天驾驶培训有限公司,1994/7/24 0:00,2003/6/10 0:00,比亚迪牌,丰田牌,364547000000000000 ,364557000000000000 ,197007,197301,8,1,5,工作日,早高峰(7-9点),2015-05-19,2015年5月19日,阵雨 /大雨,25℃ / 18℃,东北风 ≤3级 /南风 ≤3级,阵雨,大雨,25,18,东北风,≤3级,南风,≤3级,day
2015-05-19 16:17:00,省府路,7、未按规定让行的 ,负全部责任,不负责任,1,贵A67H31,白,1,贵AW7275,蓝,十一培,消防驾校,1994/10/16 0:00,2012/1/21 0:00,一汽佳星牌,丰田牌,364548000000000000 ,36455751154958496X,197212,199108,16,1,5,工作日,非高峰,2015-05-19,2015年5月19日,阵雨 /大雨,25℃ / 18℃,东北风 ≤3级 /南风 ≤3级,阵雨,大雨,25,18,东北风,≤3级,南风,≤3级,day
2015-05-19 20:00:00,东站立交,9、不符合前8款规定或者双方同时具有上述情形的,负同等责任,负同等责任,1,贵AU0328,白色,1,贵A9BG11,白色,十一培,贵大驾校,1998/6/26 0:00,2011/12/24 0:00,金龙牌,北京现代牌,364547000000000000 ,55067500000000000 ,197708,198304,20,1,5,工作日,非高峰,2015-05-19,2015年5月19日,阵雨 /大雨,25℃ / 18℃,东北风 ≤3级 /南风 ≤3级,阵雨,大雨,25,18,东北风,≤3级,南风,≤3级,night
2015-05-18 07:47:00,贵遵路,1、追尾的,负全部责任,不负责任,1,贵ACN628,黄,1,贵EM2712,黑,十一培,自培,1998/12/22 0:00,2001/3/16 0:00,五十铃牌,-1,364558000000000000 ,36624551954146828X,197203,198109,7,0,5,工作日,早高峰(7-9点),2015-05-18,2015年5月18日,多云 /多云,25℃ / 18℃,东北风 ≤3级 /东北风 ≤3级,多云,多云,25,18,东北风,≤3级,东北风,≤3级,day
2015-05-18 09:09:00,盐务街,7、未按规定让行的 ,负全部责任,不负责任,1,贵AW5527,蓝,0,贵A0P644,蓝,十一培,自培,1998/3/30 0:00,2005/12/20 0:00,帝豪牌,-1,366068000000000000 ,364547000000000000 ,197011,197007,9,0,5,工作日,早高峰(7-9点),2015-05-18,2015年5月18日,多云 /多云,25℃ / 18℃,东北风 ≤3级 /东北风 ≤3级,多云,多云,25,18,东北风,≤3级,东北风,≤3级,day
2015-05-18 10:05:00,金朱东路,9、不符合前8款规定或者双方同时具有上述情形的,负全部责任,不负责任,1,贵GM9213,黑,0,贵A81G37,蓝,十一培,自培,1990/7/3 0:00,2004/12/6 0:00,-1,大众汽车,364548000000000000 ,364548000000000000 ,197001,198610,10,0,5,工作日,非高峰,2015-05-18,2015年5月18日,多云 /多云,25℃ / 18℃,东北风 ≤3级 /东北风 ≤3级,多云,多云,25,18,东北风,≤3级,东北风,≤3级,day
2015-05-18 11:00:00,花果园,7、未按规定让行的 ,负全部责任,不负责任,1,贵F18149,白色,1,贵AMT453,白色,十一培,自培,1997/3/14 0:00,2007/2/15 0:00,-1,雪佛兰牌,366364000000000000 ,366361000000000000 ,197212,197111,11,0,5,工作日,非高峰,2015-05-18,2015年5月18日,多云 /多云,25℃ / 18℃,东北风 ≤3级 /东北风 ≤3级,多云,多云,25,18,东北风,≤3级,东北风,≤3级,day
2015-05-18 17:00:00,花溪大道,9、不符合前8款规定或者双方同时具有上述情形的,负同等责任,负同等责任,1,贵AU8844,白色,1,贵CC3208,白色,十一培,自培,1993/5/31 0:00,2009/1/14 0:00,捷达牌,-1,364547000000000000 ,56163500000000000 ,195712,197201,17,0,5,工作日,晚高峰(17-19点),2015-05-18,2015年5月18日,多云 /多云,25℃ / 18℃,东北风 ≤3级 /东北风 ≤3级,多云,多云,25,18,东北风,≤3级,东北风,≤3级,day
2015-05-19 10:15:00,大川白金城,7、未按规定让行的 ,负全部责任,不负责任,1,贵A2179V,红,1,贵CQC030,白,十一培,自培,1995/12/1 0:00,2004/9/25 0:00,五菱牌,-1,734561000000000000 ,366669000000000000 ,197205,198208,10,1,5,工作日,非高峰,2015-05-19,2015年5月19日,阵雨 /大雨,25℃ / 18℃,东北风 ≤3级 /南风 ≤3级,阵雨,大雨,25,18,东北风,≤3级,南风,≤3级,day
2015-05-20 02:30:00,大关高架桥,7、未按规定让行的 ,负全部责任,不负责任,0,贵AKG109,黑,0,贵A0BL81,蓝,十一培,诚信驾驶培训学校,1996/11/24 0:00,2012/1/18 0:00,宝马,马自达牌,364548000000000000 ,364548000000000000 ,195705,199001,2,2,5,工作日,非高峰,2015-05-20,2015年5月20日,阴 /阵雨,23℃ / 17℃,东北风 ≤3级 /东北风 ≤3级,阴,阵雨,23,17,东北风,≤3级,东北风,≤3级,night
2015-05-20 07:30:00,育才路,1、追尾的,负全部责任,不负责任,1,贵AHC041,黑,1,贵A42R92,红,十一培,520109,1994/10/6 0:00,2008/12/23 0:00,东风日产牌,吉利牌,36455651854158443X,366567000000000000 ,197109,197912,7,2,5,工作日,早高峰(7-9点),2015-05-20,2015年5月20日,阴 /阵雨,23℃ / 17℃,东北风 ≤3级 /东北风 ≤3级,阴,阵雨,23,17,东北风,≤3级,东北风,≤3级,day
2015-05-20 09:00:00,太慈桥,7、未按规定让行的 ,负全部责任,不负责任,1,贵AX5013,白色,1,贵AU6892,白色,十一培,公交驾校,1998/8/11 0:00,2003/8/22 0:00,解放牌,恒通客车牌,364547000000000000 ,364547000000000000 ,198007,197201,9,2,5,工作日,早高峰(7-9点),2015-05-20,2015年5月20日,阴 /阵雨,23℃ / 17℃,东北风 ≤3级 /东北风 ≤3级,阴,阵雨,23,17,东北风,≤3级,东北风,≤3级,day
2015-05-20 08:00:00,花二道,7、未按规定让行的 ,负全部责任,不负责任,1,贵A12075,白色,1,川Z76922,白色,十一培,-1,1997/2/4 0:00,-1,大运牌,-1,364556000000000000 ,355568000000000000 ,197704,198109,8,2,5,工作日,早高峰(7-9点),2015-05-20,2015年5月20日,阴 /阵雨,23℃ / 17℃,东北风 ≤3级 /东北风 ≤3级,阴,阵雨,23,17,东北风,≤3级,东北风,≤3级,day
2015-05-20 08:15:00,白云西路,7、未按规定让行的 ,负全部责任,不负责任,1,贵AHC176,红,1,贵A6AC56,白,十一培,-1,1998/12/17 0:00,-1,丰田牌,三菱牌,364556000000000000 ,35616351294942748X,195708,196808,8,2,5,工作日,早高峰(7-9点),2015-05-20,2015年5月20日,阴 /阵雨,23℃ / 17℃,东北风 ≤3级 /东北风 ≤3级,阴,阵雨,23,17,东北风,≤3级,东北风,≤3级,day
2015-05-20 11:00:00,二戈寨,7、未按规定让行的 ,负全部责任,不负责任,1,贵JDC771,白色,1,贵AU7951,白色,十一培,自培,1989/7/26 0:00,1998/9/25 0:00,-1,奇瑞牌,364547000000000000 ,366368000000000000 ,196311,197209,11,2,5,工作日,非高峰,2015-05-20,2015年5月20日,阴 /阵雨,23℃ / 17℃,东北风 ≤3级 /东北风 ≤3级,阴,阵雨,23,17,东北风,≤3级,东北风,≤3级,day
2015-05-20 09:47:00,温泉路,3、倒车的,负全部责任,不负责任,1,贵A6C919,红,0,贵A24061,白,十一培,-1,1995/9/16 0:00,-1,-1,丰田牌,36455651834248445X,36687551994949561X,197506,198808,9,2,5,工作日,早高峰(7-9点),2015-05-20,2015年5月20日,阴 /阵雨,23℃ / 17℃,东北风 ≤3级 /东北风 ≤3级,阴,阵雨,23,17,东北风,≤3级,东北风,≤3级,day
2015-05-20 15:05:00,八鸽岩,9、不符合前8款规定或者双方同时具有上述情形的,负全部责任,不负责任,1,贵A09822,白,1,贵A45P38,黑,十一培,520117,1986/3/21 0:00,2004/12/30 0:00,申龙牌,帕萨特牌,364547000000000000 ,364548000000000000 ,196407,198512,15,2,5,工作日,非高峰,2015-05-20,2015年5月20日,阴 /阵雨,23℃ / 17℃,东北风 ≤3级 /东北风 ≤3级,阴,阵雨,23,17,东北风,≤3级,东北风,≤3级,day
2015-05-20 12:40:00,中华南路,9、不符合前8款规定或者双方同时具有上述情形的,负全部责任,不负责任,1,贵AU2384,绿,1,贵AGJ671,红,十一培,时法驾校,1994/1/24 0:00,2007/3/23 0:00,鑫轮牌,长安牌,366347000000000000 ,364548000000000000 ,197512,198507,12,2,5,工作日,非高峰,2015-05-20,2015年5月20日,阴 /阵雨,23℃ / 17℃,东北风 ≤3级 /东北风 ≤3级,阴,阵雨,23,17,东北风,≤3级,东北风,≤3级,day
2015-05-20 14:00:00,小河三江口,1、追尾的,负全部责任,不负责任,1,贵A3R943,白色,1,贵A4383S,白色,十一培,-1,1992/12/14 0:00,-1,-1,长安牌,364547000000000000 ,366368000000000000 ,196508,197301,14,2,5,工作日,非高峰,2015-05-20,2015年5月20日,阴 /阵雨,23℃ / 17℃,东北风 ≤3级 /东北风 ≤3级,阴,阵雨,23,17,东北风,≤3级,东北风,≤3级,day
2015-05-20 15:00:00,南二环,8、依法应负全责的其他情形,负全部责任,不负责任,1,贵AH4861,白色,1,贵A19Y24,白色,十一培,鑫鑫驾校,1998/8/20 0:00,2006/10/26 0:00,东本牌,-1,364596000000000000 ,366566000000000000 ,197101,197909,15,2,5,工作日,非高峰,2015-05-20,2015年5月20日,阴 /阵雨,23℃ / 17℃,东北风 ≤3级 /东北风 ≤3级,阴,阵雨,23,17,东北风,≤3级,东北风,≤3级,day
2015-05-20 15:13:00,西南商贸城,7、未按规定让行的 ,负全部责任,不负责任,1,贵AU7914,蓝,0,川LX4732,红,十一培,-1,1984/12/10 0:00,-1,海格牌,-1,366364000000000000 ,355561000000000000 ,196306,197412,15,2,5,工作日,非高峰,2015-05-20,2015年5月20日,阴 /阵雨,23℃ / 17℃,东北风 ≤3级 /东北风 ≤3级,阴,阵雨,23,17,东北风,≤3级,东北风,≤3级,day
2015-05-20 16:00:00,花果园,1、追尾的,负全部责任,不负责任,1,贵APL668,黑,1,贵AV2047,绿,十一培,东莞市广仁机动车驾驶员培训有限公司,1992/12/9 0:00,2008/6/5 0:00,东风牌,豪爵牌,364548000000000000 ,74667500000000000 ,195510,198211,16,2,5,工作日,非高峰,2015-05-20,2015年5月20日,阴 /阵雨,23℃ / 17℃,东北风 ≤3级 /东北风 ≤3级,阴,阵雨,23,17,东北风,≤3级,东北风,≤3级,day