accidenttime,accidentaddr,driver1fault,driver1responsibility,driver2responsibility,sex1,platenumber1,carcolor1,sex2,platenumber2,carcolor2,jxmc1,jxmc2,cclzrq1,cclzrq2,clpp1,clpp2,driver1license,driver2license,brith1,brith2,hour,weekday,month,is_weekday,peak_hour,date,日期,天气状况,气温,风力风向,day_wea,night_wea,day_tep,night_tep,day_wind_direction,day_wind_speed,night_wind_direction,night_wind_speed,segment
2015-05-20 18:00:00,北新区路,3、倒车的,负全部责任,不负责任,1,贵A4BN05,黑,1,贵AAS133,红,十一培,-1,1998/7/1 0:00,-1,大众汽车牌,东风标致牌,364547000000000000 ,364548000000000 ,197308,730505,18,2,5,工作日,晚高峰(17-19点),2015-05-20,2015年5月20日,阴 /阵雨,23℃ / 17℃,东北风 ≤3级 /东北风 ≤3级,阴,阵雨,23,17,东北风,≤3级,东北风,≤3级,day
2015-05-21 07:50:00,大西门,7、未按规定让行的 ,负全部责任,不负责任,1,贵AMB992,蓝,1,贵A18H84,白,十一培,市交校,1994/5/27 0:00,2001/8/27 0:00,骏派牌,大众牌,364547000000000000 ,366046000000000000 ,196106,197305,7,3,5,工作日,早高峰(7-9点),2015-05-21,2015年5月21日,阴 /阵雨,24℃ / 16℃,东风 ≤3级 /东风 ≤3级,阴,阵雨,24,16,东风,≤3级,东风,≤3级,day
2015-05-21 08:15:00,万东桥,7、未按规定让行的 ,负全部责任,不负责任,1,贵A81819,白,1,贵AU7860,黄,十一培,520113,1990/8/12 0:00,2004/1/6 0:00,之威,万达牌,364548000000000000 ,364547000000000000 ,196311,198203,8,3,5,工作日,早高峰(7-9点),2015-05-21,2015年5月21日,阴 /阵雨,24℃ / 16℃,东风 ≤3级 /东风 ≤3级,阴,阵雨,24,16,东风,≤3级,东风,≤3级,day
2015-05-21 11:00:00,小河,3、倒车的,负全部责任,不负责任,1,贵AH7907,白色,1,贵G60824,白色,十一培,520106,1998/10/15 0:00,2009/8/27 0:00,嘉陵牌,-1,364547000000000000 ,366067000000000000 ,197502,197302,11,3,5,工作日,非高峰,2015-05-21,2015年5月21日,阴 /阵雨,24℃ / 16℃,东风 ≤3级 /东风 ≤3级,阴,阵雨,24,16,东风,≤3级,东风,≤3级,day
2015-05-21 08:30:00,野鸭塘,7、未按规定让行的 ,负全部责任,不负责任,1,贵ADX757,红,1,贵A53C65,白,十一培,诚信驾驶培训学校,1994/10/25 0:00,2011/4/8 0:00,桑塔纳,长安牌,364547000000000000 ,366764000000000000 ,196112,197507,8,3,5,工作日,早高峰(7-9点),2015-05-21,2015年5月21日,阴 /阵雨,24℃ / 16℃,东风 ≤3级 /东风 ≤3级,阴,阵雨,24,16,东风,≤3级,东风,≤3级,day
2015-05-21 09:30:00,云环路,1、追尾的,负全部责任,不负责任,0,贵ANU936,黑,0,贵A4BF64,红,十一培,（南明区）市交通职业技术驾驶培训学校,1993/8/26 0:00,2003/4/7 0:00,丰田牌,马自达牌,364548000000000000 ,36454651884067602X,197410,197704,9,3,5,工作日,早高峰(7-9点),2015-05-21,2015年5月21日,阴 /阵雨,24℃ / 16℃,东风 ≤3级 /东风 ≤3级,阴,阵雨,24,16,东风,≤3级,东风,≤3级,day
2015-05-21 11:30:00,省医,7、未按规定让行的 ,负全部责任,不负责任,1,贵AU5263,绿,1,贵AV7691,黄,十一培,520116,1993/3/21 0:00,1999/4/20 0:00,嘉陵牌,神鹰牌,364547000000000000 ,364557000000000000 ,196805,197306,11,3,5,工作日,非高峰,2015-05-21,2015年5月21日,阴 /阵雨,24℃ / 16℃,东风 ≤3级 /东风 ≤3级,阴,阵雨,24,16,东风,≤3级,东风,≤3级,day
2015-05-21 14:00:00,大西门,7、未按规定让行的 ,负全部责任,不负责任,1,贵AV0491,黄,1,鲁D17Q55,黑,十一培,-1,1992/7/16 0:00,-1,长安牌,-1,364548000000000000 ,78403551814649567X,197304,197902,14,3,5,工作日,非高峰,2015-05-21,2015年5月21日,阴 /阵雨,24℃ / 16℃,东风 ≤3级 /东风 ≤3级,阴,阵雨,24,16,东风,≤3级,东风,≤3级,day
2015-05-19 18:00:00,新大陆门口,7、未按规定让行的 ,负全部责任,不负责任,1,贵AU3885,白色,1,贵A16M92,白色,十一培,自培,1999/10/13 0:00,2007/11/21 0:00,捷达牌,东风雪铁龙牌,364548000000000000 ,364547000000000000 ,196007,198811,18,1,5,工作日,晚高峰(17-19点),2015-05-19,2015年5月19日,阵雨 /大雨,25℃ / 18℃,东北风 ≤3级 /南风 ≤3级,阵雨,大雨,25,18,东北风,≤3级,南风,≤3级,day
2015-05-20 07:00:00,花溪大道,1、追尾的,负全部责任,不负责任,1,贵AG2672,白色,1,贵AU3744,白色,十一培,自培,1991/1/3 0:00,2006/10/26 0:00,夏利牌,万达牌,364548000000000000 ,366766000000000000 ,196210,198003,7,2,5,工作日,早高峰(7-9点),2015-05-20,2015年5月20日,阴 /阵雨,23℃ / 17℃,东北风 ≤3级 /东北风 ≤3级,阴,阵雨,23,17,东北风,≤3级,东北风,≤3级,day
2015-05-20 10:00:00,沙冲路,7、未按规定让行的 ,负全部责任,不负责任,1,贵A71N12,白色,1,贵ANV742,白色,十一培,自培,1997/5/9 0:00,2010/4/20 0:00,大众汽车牌,劳恩斯,364556000000000000 ,366363000000000000 ,197204,194807,10,2,5,工作日,非高峰,2015-05-20,2015年5月20日,阴 /阵雨,23℃ / 17℃,东北风 ≤3级 /东北风 ≤3级,阴,阵雨,23,17,东北风,≤3级,东北风,≤3级,day
2015-05-20 15:10:00,改茶路,7、未按规定让行的 ,负全部责任,不负责任,1,豫PG3388,蓝,1,贵A87V95,红,十一培,自培,1995/11/12 0:00,2013/7/25 0:00,-1,丰田牌,56968500000000000 ,366068000000000000 ,197710,198009,15,2,5,工作日,非高峰,2015-05-20,2015年5月20日,阴 /阵雨,23℃ / 17℃,东北风 ≤3级 /东北风 ≤3级,阴,阵雨,23,17,东北风,≤3级,东北风,≤3级,day
2015-05-21 08:48:00,碧海花园,7、未按规定让行的 ,负全部责任,不负责任,1,贵A53K12,白,1,贵AV1184,黑,十一培,自培,1997/7/23 0:00,2007/5/31 0:00,大众牌,凯尔牌,364547000000000000 ,364558000000000000 ,198001,198709,8,3,5,工作日,早高峰(7-9点),2015-05-21,2015年5月21日,阴 /阵雨,24℃ / 16℃,东风 ≤3级 /东风 ≤3级,阴,阵雨,24,16,东风,≤3级,东风,≤3级,day
2015-05-21 16:40:00,西南家具城,1、追尾的,负全部责任,不负责任,1,贵A42B89,红,1,贵A1212R,白,十一培,路路达驾校,1993/12/3 0:00,2012/9/6 0:00,丰田牌,五菱牌,364558000000000000 ,366568000000000000 ,197210,196909,16,3,5,工作日,非高峰,2015-05-21,2015年5月21日,阴 /阵雨,24℃ / 16℃,东风 ≤3级 /东风 ≤3级,阴,阵雨,24,16,东风,≤3级,东风,≤3级,day
2015-05-21 17:00:00,花溪,7、未按规定让行的 ,负全部责任,不负责任,1,贵A82807,白色,1,渝A69042,白色,十一培,天安驾校,1981/12/30 0:00,-1,金旅牌,嘉陵,364547000000000000 ,366346000000000000 ,195706,198312,17,3,5,工作日,晚高峰(17-19点),2015-05-21,2015年5月21日,阴 /阵雨,24℃ / 16℃,东风 ≤3级 /东风 ≤3级,阴,阵雨,24,16,东风,≤3级,东风,≤3级,day
2015-05-21 14:05:00,西二环,1、追尾的,负全部责任,不负责任,1,贵AB673F,黑,1,贵A9555E,白,十一培,-1,1997/11/19 0:00,-1,丰田牌,解放牌,366875000000000000 ,36459600000000000 ,197611,199202,14,3,5,工作日,非高峰,2015-05-21,2015年5月21日,阴 /阵雨,24℃ / 16℃,东风 ≤3级 /东风 ≤3级,阴,阵雨,24,16,东风,≤3级,东风,≤3级,day
2015-05-21 20:20:00,喷水池,7、未按规定让行的 ,负全部责任,不负责任,1,贵AU0319,黄,1,贵AV2996,黑,十一培,520108,1994/5/12 0:00,2009/10/14 0:00,万达牌,东风雪铁龙牌,364558000000000000 ,355468000000000000 ,197702,196605,20,3,5,工作日,非高峰,2015-05-21,2015年5月21日,阴 /阵雨,24℃ / 16℃,东风 ≤3级 /东风 ≤3级,阴,阵雨,24,16,东风,≤3级,东风,≤3级,night
2015-05-22 08:30:00,世纪城,7、未按规定让行的 ,负全部责任,不负责任,1,贵A75443,白,1,贵GX5805,黑,十一培,贵大佳德驾驶培训学校,1988/12/13 0:00,2014/8/22 0:00,五十铃牌,-1,364557000000000000 ,364647000000000000 ,196408,198107,8,4,5,工作日,早高峰(7-9点),2015-05-22,2015年5月22日,阵雨 /阵雨,19℃ / 14℃,东风 ≤3级 /东风 ≤3级,阵雨,阵雨,19,14,东风,≤3级,东风,≤3级,day
2015-05-22 09:00:00,宝山北路,7、未按规定让行的 ,负全部责任,不负责任,1,贵A18N45,黑,0,贵A92M26,红,十一培,-1,1991/3/14 0:00,-1,别克牌,丰田牌,364558000000000000 ,364547000000000 ,196210,630404,9,4,5,工作日,早高峰(7-9点),2015-05-22,2015年5月22日,阵雨 /阵雨,19℃ / 14℃,东风 ≤3级 /东风 ≤3级,阵雨,阵雨,19,14,东风,≤3级,东风,≤3级,day
2015-05-22 08:00:00,浣纱路,1、追尾的,负全部责任,不负责任,1,贵AHD366,白色,1,贵AU4835,白色,十一培,贵州省赫章县金源汽车驾驶培训学校,1987/10/6 0:00,2007/11/15 0:00,宝马牌,福田五星牌,364548000000000000 ,364666000000000000 ,194710,198505,8,4,5,工作日,早高峰(7-9点),2015-05-22,2015年5月22日,阵雨 /阵雨,19℃ / 14℃,东风 ≤3级 /东风 ≤3级,阵雨,阵雨,19,14,东风,≤3级,东风,≤3级,day
2015-05-22 13:00:00,友谊路,7、未按规定让行的 ,负全部责任,不负责任,1,贵ALW296,白色,1,贵A38548,白色,十一培,长运驾校,1994/12/18 0:00,2011/4/2 0:00,海马牌,陕汽牌,364547000000000000 ,364547000000000000 ,196507,198806,13,4,5,工作日,非高峰,2015-05-22,2015年5月22日,阵雨 /阵雨,19℃ / 14℃,东风 ≤3级 /东风 ≤3级,阵雨,阵雨,19,14,东风,≤3级,东风,≤3级,day
2015-05-22 13:00:00,金阳,7、未按规定让行的 ,负全部责任,不负责任,1,贵AG4441,黑,1,贵A2CE90,蓝,十一培,时发驾校,1988/12/19 0:00,2013/5/20 0:00,梅塞德斯-奔驰4966CC小轿车,宝马(BMW)牌,36454651294754745X,366566000000000000 ,196803,198711,13,4,5,工作日,非高峰,2015-05-22,2015年5月22日,阵雨 /阵雨,19℃ / 14℃,东风 ≤3级 /东风 ≤3级,阵雨,阵雨,19,14,东风,≤3级,东风,≤3级,day
2015-05-22 17:30:00,同心路,7、未按规定让行的 ,负全部责任,不负责任,1,贵AR6513,红,1,贵A34296,白,十一培,-1,1999/3/31 0:00,-1,双庆牌,广本牌,366363000000000000 ,06429751915661563X,196105,198912,17,4,5,工作日,晚高峰(17-19点),2015-05-22,2015年5月22日,阵雨 /阵雨,19℃ / 14℃,东风 ≤3级 /东风 ≤3级,阵雨,阵雨,19,14,东风,≤3级,东风,≤3级,day
2015-05-23 08:30:00,大营路,1、追尾的,负全部责任,不负责任,1,贵A64N87,红,0,贵AKB666,白,十一培,时发驾校,1994/3/15 0:00,2010/11/8 0:00,丰田牌,宝马牌,36454651324647345X,364548000000000000 ,195602,197709,8,5,5,工作日,早高峰(7-9点),2015-05-23,2015年5月23日,阵雨 /阴,19℃ / 14℃,东北风 ≤3级 /东北风 ≤3级,阵雨,阴,19,14,东北风,≤3级,东北风,≤3级,day
2015-05-23 09:40:00,金源街,9、不符合前8款规定或者双方同时具有上述情形的,负同等责任,负同等责任,1,贵A29S14,黑,1,贵FO1944,黑,十一培,-1,1991/9/5 0:00,-1,奥迪牌,-1,364557000000000000 ,366061000000000000 ,197510,198902,9,5,5,工作日,早高峰(7-9点),2015-05-23,2015年5月23日,阵雨 /阴,19℃ / 14℃,东北风 ≤3级 /东北风 ≤3级,阵雨,阴,19,14,东北风,≤3级,东北风,≤3级,day
2015-05-23 09:20:00,黔灵半山,8、依法应负全责的其他情形,负全部责任,不负责任,1,冀C78795,黑,1,贵AR3287,白,十一培,-1,1992/6/2 0:00,-1,-1,骊威牌,364548000000000000 ,364547000000000 ,196510,540419,9,5,5,工作日,早高峰(7-9点),2015-05-23,2015年5月23日,阵雨 /阴,19℃ / 14℃,东北风 ≤3级 /东北风 ≤3级,阵雨,阴,19,14,东北风,≤3级,东北风,≤3级,day
2015-05-23 10:20:00,新添寨,7、未按规定让行的 ,负全部责任,不负责任,1,贵AA4382,白,1,贵A2584A,白,十一培,新华驾校,1989/10/30 0:00,2014/10/8 0:00,豪情,东风标致牌,364548000000000000 ,364557000000000000 ,196510,197701,10,5,5,工作日,非高峰,2015-05-23,2015年5月23日,阵雨 /阴,19℃ / 14℃,东北风 ≤3级 /东北风 ≤3级,阵雨,阴,19,14,东北风,≤3级,东北风,≤3级,day
2015-05-23 13:00:00,大南门,7、未按规定让行的 ,负全部责任,不负责任,1,贵ALP894,蓝,0,贵AEC741,红,十一培,贵大佳德驾驶培训学校,1996/1/10 0:00,2010/3/26 0:00,长安牌,波罗牌,364548000000000000 ,364547000000000000 ,196010,197505,13,5,5,工作日,非高峰,2015-05-23,2015年5月23日,阵雨 /阴,19℃ / 14℃,东北风 ≤3级 /东北风 ≤3级,阵雨,阴,19,14,东北风,≤3级,东北风,≤3级,day
2015-05-23 12:25:00,中华南路,7、未按规定让行的 ,负全部责任,不负责任,1,贵A5EA83,白,0,贵A68222,黑,十一培,长运驾校,1992/1/14 0:00,2012/10/9 0:00,丰田牌,梅赛德斯-奔驰,364558000000000000 ,364568000000000000 ,197408,198709,12,5,5,工作日,非高峰,2015-05-23,2015年5月23日,阵雨 /阴,19℃ / 14℃,东北风 ≤3级 /东北风 ≤3级,阵雨,阴,19,14,东北风,≤3级,东北风,≤3级,day
2015-05-23 17:50:00,北京西路,1、追尾的,负全部责任,不负责任,1,贵AKS391,黑,0,贵A7BK83,黑,十一培,青正驾校（清镇市）,1992/9/25 0:00,2015/3/11 0:00,丰田牌,北京现代牌,364548000000000000 ,36676951215466726X,197107,196910,17,5,5,工作日,晚高峰(17-19点),2015-05-23,2015年5月23日,阵雨 /阴,19℃ / 14℃,东北风 ≤3级 /东北风 ≤3级,阵雨,阴,19,14,东北风,≤3级,东北风,≤3级,day
2015-05-23 19:00:00,解放路,9、不符合前8款规定或者双方同时具有上述情形的,负同等责任,负同等责任,1,贵JBT463,白色,1,贵A12Z69,白色,十一培,预约考试窗口,1999/11/17 0:00,2006/11/10 0:00,-1,长安牌,364547000000000000 ,366546000000000000 ,197301,198808,19,5,5,工作日,晚高峰(17-19点),2015-05-23,2015年5月23日,阵雨 /阴,19℃ / 14℃,东北风 ≤3级 /东北风 ≤3级,阵雨,阴,19,14,东北风,≤3级,东北风,≤3级,day
2015-05-21 15:25:00,白云南路,7、未按规定让行的 ,负全部责任,不负责任,1,贵A0842N,红,1,贵AUA498,绿,十一培,自培,1993/8/1 0:00,2002/9/27 0:00,大众汽车牌,吉利美日牌,366367000000000000 ,364558000000000000 ,196911,197008,15,3,5,工作日,非高峰,2015-05-21,2015年5月21日,阴 /阵雨,24℃ / 16℃,东风 ≤3级 /东风 ≤3级,阴,阵雨,24,16,东风,≤3级,东风,≤3级,day
2015-05-22 07:00:00,东新路,3、倒车的,负全部责任,不负责任,1,贵A21413,白色,1,贵AKN597,白色,十一培,自培,1990/10/30 0:00,2005/11/25 0:00,申龙牌,骊威牌,364547000000000000 ,366367000000000000 ,196409,198308,7,4,5,工作日,早高峰(7-9点),2015-05-22,2015年5月22日,阵雨 /阵雨,19℃ / 14℃,东风 ≤3级 /东风 ≤3级,阵雨,阵雨,19,14,东风,≤3级,东风,≤3级,day
2015-05-22 12:00:00,黄河路,7、未按规定让行的 ,负全部责任,不负责任,1,贵AAD162,白色,1,贵AEL742,白色,十一培,自培,1996/5/30 0:00,2006/6/19 0:00,大众汽车牌,东风标致牌,366364000000000000 ,366346000000000000 ,194911,197805,12,4,5,工作日,非高峰,2015-05-22,2015年5月22日,阵雨 /阵雨,19℃ / 14℃,东风 ≤3级 /东风 ≤3级,阵雨,阵雨,19,14,东风,≤3级,东风,≤3级,day
2015-05-22 11:00:00,遵义路,7、未按规定让行的 ,负全部责任,不负责任,1,贵A6CG28,黑,1,贵AU6046,黄,十一培,自培,1999/5/6 0:00,2004/7/19 0:00,指南者,宇通牌,54868500000000000 ,364547000000000000 ,196610,197609,11,4,5,工作日,非高峰,2015-05-22,2015年5月22日,阵雨 /阵雨,19℃ / 14℃,东风 ≤3级 /东风 ≤3级,阵雨,阵雨,19,14,东风,≤3级,东风,≤3级,day
2015-05-22 18:00:00,宝山北路,3、倒车的,负全部责任,不负责任,1,贵AP4259,白色,1,贵AJ0616,白色,十一培,自培,1997/12/3 0:00,2007/6/20 0:00,奥迪,钱江牌,364547000000000000 ,364547000000000000 ,196504,195102,18,4,5,工作日,晚高峰(17-19点),2015-05-22,2015年5月22日,阵雨 /阵雨,19℃ / 14℃,东风 ≤3级 /东风 ≤3级,阵雨,阵雨,19,14,东风,≤3级,东风,≤3级,day
2015-05-24 10:20:00,会展城,8、依法应负全责的其他情形,负全部责任,不负责任,1,贵ACS513,蓝,1,贵AAB947,黑,十一培,预约考试窗口,1998/7/10 0:00,2007/7/24 0:00,东风日产牌,隆鑫牌,364547000000000000 ,364547000000000000 ,196909,198803,10,6,5,周末,非高峰,2015-05-24,2015年5月24日,多云 /阴,24℃ / 18℃,东风 ≤3级 /东南风 ≤3级,多云,阴,24,18,东风,≤3级,东南风,≤3级,day
2015-05-24 09:40:00,化工路口,7、未按规定让行的 ,负全部责任,不负责任,1,贵AL3967,黑,1,贵AC5521,银,十一培,（乌当区）新天驾驶培训有限公司,1999/12/9 0:00,2007/5/21 0:00,建设·雅马哈牌,嘉陵牌,364558000000000000 ,364568000000000000 ,195701,198804,9,6,5,周末,早高峰(7-9点),2015-05-24,2015年5月24日,多云 /阴,24℃ / 18℃,东风 ≤3级 /东南风 ≤3级,多云,阴,24,18,东风,≤3级,东南风,≤3级,day
2015-05-24 07:00:00,沙冲路,1、追尾的,负全部责任,不负责任,1,贵ANT412,白色,1,贵AP6163,白色,十一培,-1,1998/6/23 0:00,-1,丰田牌,蒙迪欧牌,366364000000000000 ,355456000000000000 ,196701,197812,7,6,5,周末,早高峰(7-9点),2015-05-24,2015年5月24日,多云 /阴,24℃ / 18℃,东风 ≤3级 /东南风 ≤3级,多云,阴,24,18,东风,≤3级,东南风,≤3级,day
2015-05-24 06:30:00,西二环,8、依法应负全责的其他情形,负全部责任,不负责任,1,贵GR4699,红,1,贵A88168,蓝,十一培,-1,1998/5/6 0:00,-1,-1,豪泺牌,366368000000000000 ,355468000000000000 ,198103,196911,6,6,5,周末,非高峰,2015-05-24,2015年5月24日,多云 /阴,24℃ / 18℃,东风 ≤3级 /东南风 ≤3级,多云,阴,24,18,东风,≤3级,东南风,≤3级,day
2015-05-24 13:00:00,大营路,7、未按规定让行的 ,负全部责任,不负责任,1,贵ACS788,红,1,贵A6AB31,蓝,十一培,新华驾校,1993/6/29 0:00,2005/9/15 0:00,大众汽车牌,吉利美日牌,704541000000000000 ,364557000000000000 ,195202,196508,13,6,5,周末,非高峰,2015-05-24,2015年5月24日,多云 /阴,24℃ / 18℃,东风 ≤3级 /东南风 ≤3级,多云,阴,24,18,东风,≤3级,东南风,≤3级,day
2015-05-24 12:00:00,中华南路,7、未按规定让行的 ,负全部责任,不负责任,1,贵AX9013,黄,1,贵A68222,黑,十一培,长运驾校,1995/2/27 0:00,2012/10/9 0:00,蒙迪欧牌,长春牌,364547000000000000 ,364568000000000000 ,196908,198709,12,6,5,周末,非高峰,2015-05-24,2015年5月24日,多云 /阴,24℃ / 18℃,东风 ≤3级 /东南风 ≤3级,多云,阴,24,18,东风,≤3级,东南风,≤3级,day
2015-05-24 11:18:00,花果园,9、不符合前8款规定或者双方同时具有上述情形的,负同等责任,负同等责任,1,贵A61E99,白,1,粤B0AL99,蓝,十一培,-1,1996/6/10 0:00,-1,蒙迪欧牌,-1,364556000000000000 ,574767000000000000 ,197301,199001,11,6,5,周末,非高峰,2015-05-24,2015年5月24日,多云 /阴,24℃ / 18℃,东风 ≤3级 /东南风 ≤3级,多云,阴,24,18,东风,≤3级,东南风,≤3级,day
2015-05-24 13:50:00,金源国际新城,3、倒车的,负全部责任,不负责任,1,贵AB6473,红,1,贵A41F38,蓝,十一培,时发驾校,1995/3/27 0:00,2011/10/13 0:00,别克,大众牌,36454651854874645X,364596000000000000 ,197107,198601,13,6,5,周末,非高峰,2015-05-24,2015年5月24日,多云 /阴,24℃ / 18℃,东风 ≤3级 /东南风 ≤3级,多云,阴,24,18,东风,≤3级,东南风,≤3级,day
2015-05-24 15:10:00,新添大道,1、追尾的,负全部责任,不负责任,1,贵A75155,黑,1,贵AU4021,黑,十一培,520127,1993/6/28 0:00,2002/4/29 0:00,银钢,捷达牌,364548000000000000 ,364558000000000000 ,196410,197311,15,6,5,周末,非高峰,2015-05-24,2015年5月24日,多云 /阴,24℃ / 18℃,东风 ≤3级 /东南风 ≤3级,多云,阴,24,18,东风,≤3级,东南风,≤3级,day
2015-05-24 17:50:00,乌当区,1、追尾的,负全部责任,不负责任,0,京P456V2,蓝,1,贵GC4460,黑,十一培,520116,1997/1/8 0:00,2009/5/19 0:00,-1,-1,36454751295452690X,366664000000000000 ,196810,198808,17,6,5,周末,晚高峰(17-19点),2015-05-24,2015年5月24日,多云 /阴,24℃ / 18℃,东风 ≤3级 /东南风 ≤3级,多云,阴,24,18,东风,≤3级,东南风,≤3级,day
2015-05-24 21:10:00,金阳医院,3、倒车的,负全部责任,不负责任,1,贵AKQ797,黑,0,贵FQ2889,白,十一培,贵州省长安驾驶培训学校,1987/3/9 0:00,2014/4/17 0:00,别克牌,-1,364548000000000000 ,36606651924363425X,195211,198605,21,6,5,周末,非高峰,2015-05-24,2015年5月24日,多云 /阴,24℃ / 18℃,东风 ≤3级 /东南风 ≤3级,多云,阴,24,18,东风,≤3级,东南风,≤3级,night
2015-05-24 21:00:00,小河,7、未按规定让行的 ,负全部责任,不负责任,1,贵JV1309,白色,1,贵JFL218,白色,十一培,-1,1998/11/4 0:00,-1,-1,-1,364548000000000000 ,364876000000000000 ,197510,197610,21,6,5,周末,非高峰,2015-05-24,2015年5月24日,多云 /阴,24℃ / 18℃,东风 ≤3级 /东南风 ≤3级,多云,阴,24,18,东风,≤3级,东南风,≤3级,night
2015-05-24 18:00:00,喷水池,9、不符合前8款规定或者双方同时具有上述情形的,负同等责任,负同等责任,1,贵A6BW03,白色,1,贵AGJ181,白色,十一培,-1,1995/9/11 0:00,-1,大众牌,比亚迪牌,364547000000000000 ,355648000000000000 ,197412,197707,18,6,5,周末,晚高峰(17-19点),2015-05-24,2015年5月24日,多云 /阴,24℃ / 18℃,东风 ≤3级 /东南风 ≤3级,多云,阴,24,18,东风,≤3级,东南风,≤3级,day
2015-05-24 19:00:00,兴关路,7、未按规定让行的 ,负全部责任,不负责任,1,贵AJL707,白色,1,贵A95H99,白色,十一培,（白云区）消防驾驶培训学校,1999/2/1 0:00,-1,美日,谛艾仕牌,366561000000000000 ,355470000000000000 ,197509,198508,19,6,5,周末,晚高峰(17-19点),2015-05-24,2015年5月24日,多云 /阴,24℃ / 18℃,东风 ≤3级 /东南风 ≤3级,多云,阴,24,18,东风,≤3级,东南风,≤3级,day
2015-05-24 20:00:00,火车站,7、未按规定让行的 ,负全部责任,不负责任,1,贵AU4896,白色,1,贵AU2311,白色,十一培,-1,1995/1/2 0:00,-1,捷达牌,宝来牌,364547000000000000 ,364548000000000000 ,196412,195611,20,6,5,周末,非高峰,2015-05-24,2015年5月24日,多云 /阴,24℃ / 18℃,东风 ≤3级 /东南风 ≤3级,多云,阴,24,18,东风,≤3级,东南风,≤3级,night
2015-05-25 08:00:00,惠农巷,8、依法应负全责的其他情形,负全部责任,不负责任,1,贵A52F86,白色,1,贵DZ7685,白色,十一培,鑫鑫驾校,1993/4/13 0:00,2012/11/8 0:00,北京现代牌,-1,364547000000000000 ,366670000000000000 ,196808,198702,8,0,5,工作日,早高峰(7-9点),2015-05-25,2015年5月25日,多云 /阵雨,26℃ / 19℃,东南风 ≤3级 /东南风 ≤3级,多云,阵雨,26,19,东南风,≤3级,东南风,≤3级,day
2015-05-25 10:00:00,二戈寨,1、追尾的,负全部责任,不负责任,1,贵A89K23,白色,1,贵A721F5,白色,十一培,铁二局驾校,1999/5/21 0:00,2013/2/2 0:00,奥迪牌,福田牌,364547000000000000 ,364596000000000000 ,195603,199304,10,0,5,工作日,非高峰,2015-05-25,2015年5月25日,多云 /阵雨,26℃ / 19℃,东南风 ≤3级 /东南风 ≤3级,多云,阵雨,26,19,东南风,≤3级,东南风,≤3级,day
2015-05-25 12:00:00,花溪大道,7、未按规定让行的 ,负全部责任,不负责任,1,贵AC541W,白色,1,贵AA299U,白色,十一培,黔丰驾校,1997/2/26 0:00,2014/1/22 0:00,北京现代牌,威志牌,364556000000000000 ,366568000000000000 ,197612,198612,12,0,5,工作日,非高峰,2015-05-25,2015年5月25日,多云 /阵雨,26℃ / 19℃,东南风 ≤3级 /东南风 ≤3级,多云,阵雨,26,19,东南风,≤3级,东南风,≤3级,day
2015-05-25 13:00:00,小河,7、未按规定让行的 ,负全部责任,不负责任,1,贵AU0976,白色,1,贵A4549P,白色,十一培,吉源驾校,1997/9/18 0:00,2013/8/29 0:00,飞肯牌,东风牌,366347000000000000 ,36656551934264595X,196711,198506,13,0,5,工作日,非高峰,2015-05-25,2015年5月25日,多云 /阵雨,26℃ / 19℃,东南风 ≤3级 /东南风 ≤3级,多云,阵雨,26,19,东南风,≤3级,东南风,≤3级,day
2015-05-25 14:40:00,长岭南路,1、追尾的,负全部责任,不负责任,1,贵AU6618,银,1,贵AS6223,红,十一培,520101,1997/12/9 0:00,2008/11/13 0:00,三铃牌,望江牌,366569000000000000 ,364647000000000000 ,196908,198607,14,0,5,工作日,非高峰,2015-05-25,2015年5月25日,多云 /阵雨,26℃ / 19℃,东南风 ≤3级 /东南风 ≤3级,多云,阵雨,26,19,东南风,≤3级,东南风,≤3级,day
2015-05-25 21:55:00,友谊路,3、倒车的,负全部责任,不负责任,1,贵A37R61,白,0,贵A53N33,红,十一培,贵州省长安驾驶培训学校,1997/10/30 0:00,2013/12/20 0:00,凯迪拉克,东风雪铁龙牌,364548000000000000 ,364548000000000000 ,197512,199108,21,0,5,工作日,非高峰,2015-05-25,2015年5月25日,多云 /阵雨,26℃ / 19℃,东南风 ≤3级 /东南风 ≤3级,多云,阵雨,26,19,东南风,≤3级,东南风,≤3级,night
2015-05-24 18:19:00,白云区南湖观邸,8、依法应负全责的其他情形,负全部责任,不负责任,1,川EZ0495,白,1,贵AA555N,白,十一培,自培,1999/9/15 0:00,2000/8/29 0:00,-1,福克斯牌,366675000000000000 ,364558000000000000 ,197601,197611,18,6,5,周末,晚高峰(17-19点),2015-05-24,2015年5月24日,多云 /阴,24℃ / 18℃,东风 ≤3级 /东南风 ≤3级,多云,阴,24,18,东风,≤3级,东南风,≤3级,day