accidenttime,accidentaddr,driver1fault,driver1responsibility,driver2responsibility,sex1,platenumber1,carcolor1,sex2,platenumber2,carcolor2,jxmc1,jxmc2,cclzrq1,cclzrq2,clpp1,clpp2,driver1license,driver2license,brith1,brith2,hour,weekday,month,is_weekday,peak_hour,date,日期,天气状况,气温,风力风向,day_wea,night_wea,day_tep,night_tep,day_wind_direction,day_wind_speed,night_wind_direction,night_wind_speed,segment
2015-05-25 08:00:00,艺校立交,1、追尾的,负全部责任,不负责任,1,贵AMT226,白色,1,贵A57S61,白色,十一培,自培,1997/1/30 0:00,2003/8/15 0:00,桑塔纳牌,神龙-富康,364547000000000000 ,364547000000000000 ,198008,195202,8,0,5,工作日,早高峰(7-9点),2015-05-25,2015年5月25日,多云 /阵雨,26℃ / 19℃,东南风 ≤3级 /东南风 ≤3级,多云,阵雨,26,19,东南风,≤3级,东南风,≤3级,day
2015-05-25 09:30:00,头桥,8、依法应负全责的其他情形,负全部责任,不负责任,1,贵AC246T,蓝,1,贵A7430F,白,十一培,自培,1999/4/26 0:00,2004/8/4 0:00,-1,北京现代牌,364548000000000000 ,364596000000000000 ,194601,198511,9,0,5,工作日,早高峰(7-9点),2015-05-25,2015年5月25日,多云 /阵雨,26℃ / 19℃,东南风 ≤3级 /东南风 ≤3级,多云,阵雨,26,19,东南风,≤3级,东南风,≤3级,day
2015-05-25 18:00:00,宝山南路,1、追尾的,负全部责任,不负责任,1,贵A91961,白色,1,贵A15C98,白色,十一培,自培,1982/8/10 0:00,2000/1/25 0:00,天马牌,甲壳虫,366868000000000000 ,364547000000000000 ,195908,197808,18,0,5,工作日,晚高峰(17-19点),2015-05-25,2015年5月25日,多云 /阵雨,26℃ / 19℃,东南风 ≤3级 /东南风 ≤3级,多云,阵雨,26,19,东南风,≤3级,东南风,≤3级,day
2015-05-26 11:50:00,金阳北路,7、未按规定让行的 ,负全部责任,不负责任,1,贵AH1813,黄,1,京N943J4,黑,十一培,-1,1991/12/8 0:00,-1,银翔牌,-1,364548000000000000 ,366666000000000000 ,197009,198912,11,1,5,工作日,非高峰,2015-05-26,2015年5月26日,阵雨 /雷阵雨,26℃ / 20℃,东南风 ≤3级 /东北风 ≤3级,阵雨,雷阵雨,26,20,东南风,≤3级,东北风,≤3级,day
2015-05-26 15:10:00,花果园,7、未按规定让行的 ,负全部责任,不负责任,0,贵ACE163,黑,0,贵A6BR22,红,十一培,520106,1997/3/12 0:00,2008/10/24 0:00,别克牌,东风雪铁龙牌,364557000000000000 ,364558000000000000 ,195607,197308,15,1,5,工作日,非高峰,2015-05-26,2015年5月26日,阵雨 /雷阵雨,26℃ / 20℃,东南风 ≤3级 /东北风 ≤3级,阵雨,雷阵雨,26,20,东南风,≤3级,东北风,≤3级,day
2015-05-26 16:00:00,沙冲路口,8、依法应负全责的其他情形,负全部责任,不负责任,1,贵AKM554,白色,1,贵AJ0449,白色,十一培,-1,1995/12/6 0:00,-1,海马牌,大众汽车牌,364547000000000000 ,354368000000000 ,197602,720330,16,1,5,工作日,非高峰,2015-05-26,2015年5月26日,阵雨 /雷阵雨,26℃ / 20℃,东南风 ≤3级 /东北风 ≤3级,阵雨,雷阵雨,26,20,东南风,≤3级,东北风,≤3级,day
2015-05-27 07:00:00,四方河路,7、未按规定让行的 ,负全部责任,不负责任,1,贵AD2022,白色,1,贵A7AC89,白色,十一培,市警校驾校,1997/5/14 0:00,2011/7/14 0:00,颐达(TIIDA)牌,东风标致牌,364547000000000000 ,36455051994042445X,196405,198804,7,2,5,工作日,早高峰(7-9点),2015-05-27,2015年5月27日,阴 /阵雨,26℃ / 20℃,南风 ≤3级 /东北风 ≤3级,阴,阵雨,26,20,南风,≤3级,东北风,≤3级,day
2015-05-27 08:25:00,花香村,7、未按规定让行的 ,负全部责任,不负责任,1,贵A97775,白,1,贵AA9108,白,十一培,贵州现代驾驶培训责任有限公司,1995/2/12 0:00,2010/9/3 0:00,金龙牌,五菱,364548000000000000 ,364548000000000000 ,196405,197407,8,2,5,工作日,早高峰(7-9点),2015-05-27,2015年5月27日,阴 /阵雨,26℃ / 20℃,南风 ≤3级 /东北风 ≤3级,阴,阵雨,26,20,南风,≤3级,东北风,≤3级,day
2015-05-27 09:20:00,白云南路,7、未按规定让行的 ,负全部责任,不负责任,1,贵AU3263,蓝,1,贵A91V77,白,十一培,520127,1993/4/14 0:00,2009/9/5 0:00,万达牌,宝马牌,364558000000000000 ,364558000000000000 ,197209,197602,9,2,5,工作日,早高峰(7-9点),2015-05-27,2015年5月27日,阴 /阵雨,26℃ / 20℃,南风 ≤3级 /东北风 ≤3级,阴,阵雨,26,20,南风,≤3级,东北风,≤3级,day
2015-05-27 10:00:00,小河,1、追尾的,负全部责任,不负责任,1,贵AV7541,白色,1,贵A52F77,白色,十一培,贵州平安驾驶培训学校,1986/1/9 0:00,2010/10/25 0:00,红旗牌,-1,364547000000000000 ,364547000000000000 ,195810,198803,10,2,5,工作日,非高峰,2015-05-27,2015年5月27日,阴 /阵雨,26℃ / 20℃,南风 ≤3级 /东北风 ≤3级,阴,阵雨,26,20,南风,≤3级,东北风,≤3级,day
2015-05-27 10:20:00,大营坡,7、未按规定让行的 ,负全部责任,不负责任,1,贵ANJ284,红,1,贵FX9002,红,十一培,520102,1995/11/28 0:00,2010/8/6 0:00,丰田牌,-1,364547000000000000 ,366067000000000000 ,196207,198703,10,2,5,工作日,非高峰,2015-05-27,2015年5月27日,阴 /阵雨,26℃ / 20℃,南风 ≤3级 /东北风 ≤3级,阴,阵雨,26,20,南风,≤3级,东北风,≤3级,day
2015-05-27 10:00:00,南明区,7、未按规定让行的 ,负全部责任,不负责任,1,贵APY707,白色,1,云A1K389,白色,十一培,-1,1995/11/20 0:00,-1,长城牌,-1,364547000000000000 ,366267000000000000 ,195707,197407,10,2,5,工作日,非高峰,2015-05-27,2015年5月27日,阴 /阵雨,26℃ / 20℃,南风 ≤3级 /东北风 ≤3级,阴,阵雨,26,20,南风,≤3级,东北风,≤3级,day
2015-05-27 09:25:00,会展城,8、依法应负全责的其他情形,负全部责任,不负责任,1,贵AV1816,黄,1,贵FS4566,白,十一培,-1,1999/12/21 0:00,-1,丰田牌,-1,364548000000000000 ,7644620000000000 ,197503,198008,9,2,5,工作日,早高峰(7-9点),2015-05-27,2015年5月27日,阴 /阵雨,26℃ / 20℃,南风 ≤3级 /东北风 ≤3级,阴,阵雨,26,20,南风,≤3级,东北风,≤3级,day
2015-05-27 15:40:00,二铺,7、未按规定让行的 ,负全部责任,不负责任,1,贵A6777Z,红,1,贵AF4954,白,十一培,铁二局驾校,1996/4/1 0:00,2014/4/1 0:00,-1,凌肯牌,364557000000000000 ,364567000000000000 ,197412,199012,15,2,5,工作日,非高峰,2015-05-27,2015年5月27日,阴 /阵雨,26℃ / 20℃,南风 ≤3级 /东北风 ≤3级,阴,阵雨,26,20,南风,≤3级,东北风,≤3级,day
2015-05-27 16:00:00,四方河,7、未按规定让行的 ,负全部责任,不负责任,1,贵A52R58,白色,1,贵A6512P,白色,十一培,新华驾校,1997/12/21 0:00,2013/12/30 0:00,霸锐,-1,354367000000000000 ,364547000000000000 ,196212,199310,16,2,5,工作日,非高峰,2015-05-27,2015年5月27日,阴 /阵雨,26℃ / 20℃,南风 ≤3级 /东北风 ≤3级,阴,阵雨,26,20,南风,≤3级,东北风,≤3级,day
2015-05-27 17:00:00,乌当区奶牛场,7、未按规定让行的 ,负全部责任,不负责任,1,贵AL9174,黑,1,贵A53V12,红,十一培,新天驾校,1994/4/6 0:00,2010/11/5 0:00,爱立新牌,东风雪铁龙牌,364557000000000000 ,364568000000000000 ,196809,198503,17,2,5,工作日,晚高峰(17-19点),2015-05-27,2015年5月27日,阴 /阵雨,26℃ / 20℃,南风 ≤3级 /东北风 ≤3级,阴,阵雨,26,20,南风,≤3级,东北风,≤3级,day
2015-05-27 17:05:00,延安西路,3、倒车的,负全部责任,不负责任,1,贵AU0512,黄,1,贵A42M59,白,十一培,520102,1998/10/23 0:00,2010/1/18 0:00,奇瑞牌,东风雪铁龙牌,366361000000000000 ,364548000000000000 ,197712,198810,17,2,5,工作日,晚高峰(17-19点),2015-05-27,2015年5月27日,阴 /阵雨,26℃ / 20℃,南风 ≤3级 /东北风 ≤3级,阴,阵雨,26,20,南风,≤3级,东北风,≤3级,day
2015-05-27 16:47:00,北京西路,1、追尾的,负全部责任,不负责任,1,贵A24R33,银,1,贵AU0299,黄,十一培,蓝天驾校,1982/6/9 0:00,2008/8/15 0:00,东风雪铁龙,钱江牌,364547000000000000 ,366061000000000000 ,196103,197812,16,2,5,工作日,非高峰,2015-05-27,2015年5月27日,阴 /阵雨,26℃ / 20℃,南风 ≤3级 /东北风 ≤3级,阴,阵雨,26,20,南风,≤3级,东北风,≤3级,day
2015-05-27 17:00:00,二戈寨,7、未按规定让行的 ,负全部责任,不负责任,1,贵AHR434,白色,1,川AR6633,白色,十一培,-1,1997/12/26 0:00,-1,大众汽车牌,春风牌,364547000000000000 ,354264000000000000 ,197203,197202,17,2,5,工作日,晚高峰(17-19点),2015-05-27,2015年5月27日,阴 /阵雨,26℃ / 20℃,南风 ≤3级 /东北风 ≤3级,阴,阵雨,26,20,南风,≤3级,东北风,≤3级,day
2015-05-27 17:00:00,小河平桥,1、追尾的,负全部责任,不负责任,1,贵AV6154,白色,1,贵A44K94,白色,十一培,蓝天驾校,1998/9/30 0:00,2012/9/3 0:00,依维柯牌,北京现代牌,366876000000000000 ,36454651964255066X,197603,198206,17,2,5,工作日,晚高峰(17-19点),2015-05-27,2015年5月27日,阴 /阵雨,26℃ / 20℃,南风 ≤3级 /东北风 ≤3级,阴,阵雨,26,20,南风,≤3级,东北风,≤3级,day
2015-05-27 20:30:00,小关,1、追尾的,负全部责任,不负责任,1,贵AD2282,黑,1,贵DX7939,黑,十一培,520132,1996/7/16 0:00,2010/10/18 0:00,风神,-1,36454651284156345X,36666151814864045X,196709,197907,20,2,5,工作日,非高峰,2015-05-27,2015年5月27日,阴 /阵雨,26℃ / 20℃,南风 ≤3级 /东北风 ≤3级,阴,阵雨,26,20,南风,≤3级,东北风,≤3级,night
2015-05-27 20:30:00,贵乌路,7、未按规定让行的 ,负全部责任,不负责任,1,贵AU6269,黑,0,贵AKE966,红,十一培,-1,1994/5/29 0:00,-1,黄海牌,宝马,364648000000000000 ,3665745194560442X,197011,198012,20,2,5,工作日,非高峰,2015-05-27,2015年5月27日,阴 /阵雨,26℃ / 20℃,南风 ≤3级 /东北风 ≤3级,阴,阵雨,26,20,南风,≤3级,东北风,≤3级,night
2015-05-26 09:30:00,狮子山隧道,1、追尾的,负全部责任,不负责任,1,贵AAM458,银,1,贵LDD218,黄,十一培,自培,1997/11/20 0:00,2005/10/31 0:00,豪美牌,-1,364548000000000000 ,704043000000000000 ,196211,196505,9,1,5,工作日,早高峰(7-9点),2015-05-26,2015年5月26日,阵雨 /雷阵雨,26℃ / 20℃,东南风 ≤3级 /东北风 ≤3级,阵雨,雷阵雨,26,20,东南风,≤3级,东北风,≤3级,day
2015-05-26 18:20:00,二桥,5、开关车门的,负全部责任,不负责任,1,贵ACX044,黑,1,贵GP9836,蓝,十一培,自培,1988/11/17 0:00,2005/6/1 0:00,雅阁牌,-1,364547000000000000 ,364566000000000000 ,196508,198702,18,1,5,工作日,晚高峰(17-19点),2015-05-26,2015年5月26日,阵雨 /雷阵雨,26℃ / 20℃,东南风 ≤3级 /东北风 ≤3级,阵雨,雷阵雨,26,20,东南风,≤3级,东北风,≤3级,day
2015-05-27 07:40:00,红岩桥路口,7、未按规定让行的 ,负全部责任,不负责任,0,贵ACR053,红,1,贵AU5714,银,十一培,自培,1992/10/20 0:00,2005/2/3 0:00,森林人,捷达牌,364548000000000000 ,36454651834642797X,197009,197502,7,2,5,工作日,早高峰(7-9点),2015-05-27,2015年5月27日,阴 /阵雨,26℃ / 20℃,南风 ≤3级 /东北风 ≤3级,阴,阵雨,26,20,南风,≤3级,东北风,≤3级,day
2015-05-27 09:33:00,春蕾路口,9、不符合前8款规定或者双方同时具有上述情形的,负同等责任,负同等责任,1,贵AF4999,黑,1,贵A78M33,白,十一培,自培,1990/7/16 0:00,2009/9/17 0:00,丰田牌,东风标致牌,364548000000000000 ,754541000000000000 ,195911,198710,9,2,5,工作日,早高峰(7-9点),2015-05-27,2015年5月27日,阴 /阵雨,26℃ / 20℃,南风 ≤3级 /东北风 ≤3级,阴,阵雨,26,20,南风,≤3级,东北风,≤3级,day
2015-05-27 09:10:00,八匹马,1、追尾的,负全部责任,不负责任,1,贵A98J79,红,1,贵FX9432,红,十一培,自培,1998/11/27 0:00,2000/5/9 0:00,大众牌,-1,366666000000000000 ,366347000000000000 ,195103,197709,9,2,5,工作日,早高峰(7-9点),2015-05-27,2015年5月27日,阴 /阵雨,26℃ / 20℃,南风 ≤3级 /东北风 ≤3级,阴,阵雨,26,20,南风,≤3级,东北风,≤3级,day
2015-05-28 09:00:00,浣纱路,7、未按规定让行的 ,负全部责任,不负责任,1,贵A52M34,红,1,贵A6BJ77,黑,十一培,520123,1997/10/8 0:00,2010/4/20 0:00,雪佛兰牌,甲壳虫,364548000000000000 ,364547000000000000 ,196305,198901,9,3,5,工作日,早高峰(7-9点),2015-05-28,2015年5月28日,多云 /雷阵雨,29℃ / 19℃,南风 ≤3级 /东南风 ≤3级,多云,雷阵雨,29,19,南风,≤3级,东南风,≤3级,day
2015-05-28 12:00:00,水口寺,7、未按规定让行的 ,负全部责任,不负责任,1,贵A97W31,白色,1,贵A0N645,白色,十一培,贵州现代驾驶培训责任有限公司,1997/12/8 0:00,2011/7/18 0:00,北京现代牌,-1,364547000000000000 ,364558000000000000 ,197011,198008,12,3,5,工作日,非高峰,2015-05-28,2015年5月28日,多云 /雷阵雨,29℃ / 19℃,南风 ≤3级 /东南风 ≤3级,多云,雷阵雨,29,19,南风,≤3级,东南风,≤3级,day
2015-05-28 12:30:00,万东桥,7、未按规定让行的 ,负同等责任,负同等责任,1,贵AXA677,黑,1,贵E57713,红,十一培,-1,1994/8/9 0:00,-1,揽胜,-1,364548000000000000 ,366666000000000000 ,197210,198305,12,3,5,工作日,非高峰,2015-05-28,2015年5月28日,多云 /雷阵雨,29℃ / 19℃,南风 ≤3级 /东南风 ≤3级,多云,雷阵雨,29,19,南风,≤3级,东南风,≤3级,day
2015-05-28 12:00:00,小河,7、未按规定让行的 ,负全部责任,不负责任,1,贵A90647,白色,1,浙K3483B,白色,十一培,-1,1997/10/6 0:00,-1,北京牌,-1,366067000000000000 ,766366000000000000 ,197610,197411,12,3,5,工作日,非高峰,2015-05-28,2015年5月28日,多云 /雷阵雨,29℃ / 19℃,南风 ≤3级 /东南风 ≤3级,多云,雷阵雨,29,19,南风,≤3级,东南风,≤3级,day
2015-05-28 15:00:00,小河,7、未按规定让行的 ,负全部责任,不负责任,1,贵AGH644,白色,1,临贵A0P356,白色,十一培,520118,1995/9/4 0:00,2009/5/4 0:00,奥迪,-1,366064000000000000 ,364548000000000000 ,196906,198811,15,3,5,工作日,非高峰,2015-05-28,2015年5月28日,多云 /雷阵雨,29℃ / 19℃,南风 ≤3级 /东南风 ≤3级,多云,雷阵雨,29,19,南风,≤3级,东南风,≤3级,day
2015-05-28 17:25:00,次南门,7、未按规定让行的 ,负全部责任,不负责任,1,贵AV6109,银,1,贵AEG146,黑,十一培,自培,1997/10/6 0:00,2001/7/2 0:00,大众汽车牌,锐界,366067000000000000 ,36454751284146403X,196902,196709,17,3,5,工作日,晚高峰(17-19点),2015-05-28,2015年5月28日,多云 /雷阵雨,29℃ / 19℃,南风 ≤3级 /东南风 ≤3级,多云,雷阵雨,29,19,南风,≤3级,东南风,≤3级,day
2015-05-28 18:50:00,金关,7、未按规定让行的 ,负全部责任,不负责任,1,鄂F0T951,蓝,1,闽A882H2,白,十一培,-1,1998/7/23 0:00,-1,-1,-1,64263500000000000 ,366068000000000000 ,197211,199303,18,3,5,工作日,晚高峰(17-19点),2015-05-28,2015年5月28日,多云 /雷阵雨,29℃ / 19℃,南风 ≤3级 /东南风 ≤3级,多云,雷阵雨,29,19,南风,≤3级,东南风,≤3级,day
2015-05-28 19:00:00,花溪大道,1、追尾的,负全部责任,不负责任,1,贵A26H69,白色,1,贵AG1429,白色,十一培,时法驾校,1997/6/2 0:00,2007/2/15 0:00,东风雪铁龙牌,钱江牌,364548000000000000 ,774768000000000000 ,196605,197904,19,3,5,工作日,晚高峰(17-19点),2015-05-28,2015年5月28日,多云 /雷阵雨,29℃ / 19℃,南风 ≤3级 /东南风 ≤3级,多云,雷阵雨,29,19,南风,≤3级,东南风,≤3级,day
2015-05-29 12:00:00,合朋,8、依法应负全责的其他情形,负全部责任,不负责任,1,贵A0BN58,白色,1,渝CY8576,白色,十一培,尧神驾校,1993/5/26 0:00,2008/10/25 0:00,斯柯达牌,-1,364548000000000000 ,354669000000000000 ,197302,196601,12,4,5,工作日,非高峰,2015-05-29,2015年5月29日,阵雨 /阵雨,24℃ / 17℃,东南风 ≤3级 /东北风 ≤3级,阵雨,阵雨,24,17,东南风,≤3级,东北风,≤3级,day
2015-05-29 10:00:00,会展城,1、追尾的,负全部责任,不负责任,1,贵A4846L,蓝,1,贵JQ5804,红,十一培,黔南州交通驾驶学校,1999/5/25 0:00,-1,雪佛兰牌,-1,366061000000000000 ,366846000000000000 ,196807,195910,10,4,5,工作日,非高峰,2015-05-29,2015年5月29日,阵雨 /阵雨,24℃ / 17℃,东南风 ≤3级 /东北风 ≤3级,阵雨,阵雨,24,17,东南风,≤3级,东北风,≤3级,day
2015-05-29 15:30:00,二桥,7、未按规定让行的 ,负全部责任,不负责任,0,贵A38W23,白,1,贵A26S22,黑,十一培,新天驾校,1995/5/15 0:00,2010/3/22 0:00,吉利美日牌,东风雪铁龙牌,364558000000000000 ,366347000000000000 ,195705,199106,15,4,5,工作日,非高峰,2015-05-29,2015年5月29日,阵雨 /阵雨,24℃ / 17℃,东南风 ≤3级 /东北风 ≤3级,阵雨,阵雨,24,17,东南风,≤3级,东北风,≤3级,day
2015-05-29 17:30:00,北京西路,1、追尾的,负全部责任,不负责任,1,贵AA1177,红,1,湘K64541,红,十一培,-1,1989/9/26 0:00,-1,东风标致牌,-1,364548000000000000 ,76634500000000000 ,196611,198502,17,4,5,工作日,晚高峰(17-19点),2015-05-29,2015年5月29日,阵雨 /阵雨,24℃ / 17℃,东南风 ≤3级 /东北风 ≤3级,阵雨,阵雨,24,17,东南风,≤3级,东北风,≤3级,day
2015-05-27 20:38:00,大营坡,7、未按规定让行的 ,负全部责任,不负责任,1,贵A44403,黑,1,贵A27L72,黑,十一培,自培,1987/5/24 0:00,2002/8/12 0:00,方园,丰田牌,364548000000000000 ,364557000000000000 ,196503,198307,20,2,5,工作日,非高峰,2015-05-27,2015年5月27日,阴 /阵雨,26℃ / 20℃,南风 ≤3级 /东北风 ≤3级,阴,阵雨,26,20,南风,≤3级,东北风,≤3级,night
2015-05-28 07:00:00,小河,7、未按规定让行的 ,负全部责任,不负责任,1,贵AKJ389,白色,1,贵AU9235,白色,十一培,自培,1998/6/8 0:00,2011/2/25 0:00,中华牌,瑞麒牌,354669000000000000 ,74667500000000000 ,196310,198809,7,3,5,工作日,早高峰(7-9点),2015-05-28,2015年5月28日,多云 /雷阵雨,29℃ / 19℃,南风 ≤3级 /东南风 ≤3级,多云,雷阵雨,29,19,南风,≤3级,东南风,≤3级,day
2015-05-28 09:00:00,万东桥口,7、未按规定让行的 ,负全部责任,不负责任,1,贵AU5097,绿,1,贵AK2323,银,十一培,自培,1996/8/25 0:00,2002/10/22 0:00,豪爵牌,东风标致牌,364547000000000000 ,364548000000000000 ,196208,198408,9,3,5,工作日,早高峰(7-9点),2015-05-28,2015年5月28日,多云 /雷阵雨,29℃ / 19℃,南风 ≤3级 /东南风 ≤3级,多云,雷阵雨,29,19,南风,≤3级,东南风,≤3级,day
2015-05-28 13:00:00,沙冲路,1、追尾的,负全部责任,不负责任,1,贵ASX248,白色,1,贵APC064,白色,十一培,自培,1993/3/18 0:00,2002/11/8 0:00,途锐,金杯牌,364548000000000000 ,366566000000000000 ,196806,197505,13,3,5,工作日,非高峰,2015-05-28,2015年5月28日,多云 /雷阵雨,29℃ / 19℃,南风 ≤3级 /东南风 ≤3级,多云,雷阵雨,29,19,南风,≤3级,东南风,≤3级,day
2015-05-28 11:00:00,孟关,3、倒车的,负全部责任,不负责任,1,贵GR9746,白色,1,贵A6976A,白色,十一培,自培,1996/10/30 0:00,2008/1/23 0:00,-1,哈弗牌,364556000000000000 ,36636651804664863X,197805,197402,11,3,5,工作日,非高峰,2015-05-28,2015年5月28日,多云 /雷阵雨,29℃ / 19℃,南风 ≤3级 /东南风 ≤3级,多云,雷阵雨,29,19,南风,≤3级,东南风,≤3级,day
2015-05-28 12:00:00,盐沙大道,7、未按规定让行的 ,负全部责任,不负责任,1,贵GD3478,白,1,贵ES1849,蓝,十一培,自培,1999/11/4 0:00,2004/12/21 0:00,-1,-1,366361000000000000 ,366577000000000000 ,197507,198502,12,3,5,工作日,非高峰,2015-05-28,2015年5月28日,多云 /雷阵雨,29℃ / 19℃,南风 ≤3级 /东南风 ≤3级,多云,雷阵雨,29,19,南风,≤3级,东南风,≤3级,day
2015-05-28 14:30:00,浣沙桥, ,负全部责任,不负责任,1,贵AH6019,绿,1,贵ANZ209,蓝,十一培,自培,1993/11/9 0:00,2004/3/22 0:00,豪进牌,长城牌,364547000000000000 ,364548000000000000 ,195808,197603,14,3,5,工作日,非高峰,2015-05-28,2015年5月28日,多云 /雷阵雨,29℃ / 19℃,南风 ≤3级 /东南风 ≤3级,多云,雷阵雨,29,19,南风,≤3级,东南风,≤3级,day
2015-05-29 13:00:00,威清路,9、不符合前8款规定或者双方同时具有上述情形的,负同等责任,负同等责任,1,贵AU6796,黄,0,贵AJT381,红,十一培,自培,1998/7/1 0:00,2006/7/27 0:00,捷达牌,红旗牌,366046000000000000 ,77468500000000000 ,197011,197209,13,4,5,工作日,非高峰,2015-05-29,2015年5月29日,阵雨 /阵雨,24℃ / 17℃,东南风 ≤3级 /东北风 ≤3级,阵雨,阵雨,24,17,东南风,≤3级,东北风,≤3级,day
2015-05-29 13:00:00,沙冲路,7、未按规定让行的 ,负全部责任,不负责任,1,贵A555561,白色,1,贵AGV841,白色,十一培,自培,1993/7/14 0:00,2005/1/17 0:00,-1,波罗牌,364547000000000000 ,364548000000000000 ,196301,196501,13,4,5,工作日,非高峰,2015-05-29,2015年5月29日,阵雨 /阵雨,24℃ / 17℃,东南风 ≤3级 /东北风 ≤3级,阵雨,阵雨,24,17,东南风,≤3级,东北风,≤3级,day
2015-05-30 02:30:00,八匹马,7、未按规定让行的 ,负全部责任,不负责任,1,贵A65759,红,0,贵A43F44,白,十一培,-1,1987/5/11 0:00,-1,柳特神力,传祺牌,364548000000000000 ,674666000000000000 ,196601,199310,2,5,5,工作日,非高峰,2015-05-30,2015年5月30日,阵雨 /阵雨,23℃ / 17℃,东北风 ≤3级 /东风 ≤3级,阵雨,阵雨,23,17,东北风,≤3级,东风,≤3级,night
2015-05-30 12:30:00,油榨街,7、未按规定让行的 ,负全部责任,不负责任,1,贵ALL561,黑,1,贵A7AM29,黑,十一培,诚信驾驶培训学校,1996/10/18 0:00,2012/8/27 0:00,迈腾牌,大众牌,364548000000000000 ,366662000000000000 ,195301,198311,12,5,5,工作日,非高峰,2015-05-30,2015年5月30日,阵雨 /阵雨,23℃ / 17℃,东北风 ≤3级 /东风 ≤3级,阵雨,阵雨,23,17,东北风,≤3级,东风,≤3级,day
2015-05-30 14:00:00,贵惠大道,7、未按规定让行的 ,负全部责任,不负责任,1,贵AUA077,白色,1,贵AD7762,白色,十一培,520111,1992/12/1 0:00,2010/9/16 0:00,丰田牌,大阳牌,364547000000000000 ,364548000000000000 ,196007,198811,14,5,5,工作日,非高峰,2015-05-30,2015年5月30日,阵雨 /阵雨,23℃ / 17℃,东北风 ≤3级 /东风 ≤3级,阵雨,阵雨,23,17,东北风,≤3级,东风,≤3级,day
2015-05-30 12:50:00,新添寨,7、未按规定让行的 ,负全部责任,不负责任,1,贵AV6058,白,0,贵A74F98,红,十一培,贵州省长安驾驶培训学校,1992/3/22 0:00,2012/12/27 0:00,大运牌,北京现代牌,364547000000000000 ,364548000000000000 ,197303,197507,12,5,5,工作日,非高峰,2015-05-30,2015年5月30日,阵雨 /阵雨,23℃ / 17℃,东北风 ≤3级 /东风 ≤3级,阵雨,阵雨,23,17,东北风,≤3级,东风,≤3级,day
2015-05-30 16:00:00,西二环,7、未按规定让行的 ,负全部责任,不负责任,1,贵A974E9,白色,1,贵AME934,白色,十一培,黔丰驾校,1999/8/10 0:00,2015/2/12 0:00,黑豹牌,朗逸牌,364551000000000000 ,36637451144841577X,197306,199007,16,5,5,工作日,非高峰,2015-05-30,2015年5月30日,阵雨 /阵雨,23℃ / 17℃,东北风 ≤3级 /东风 ≤3级,阵雨,阵雨,23,17,东北风,≤3级,东风,≤3级,day
2015-05-30 15:00:00,五里冲,1、追尾的,负全部责任,不负责任,1,贵A93W88,白色,1,贵AN6447,白色,十一培,-1,1981/3/11 0:00,-1,颐达(TIIDA)牌,福克斯牌,36454651254043227X,366346000000000000 ,196104,198210,15,5,5,工作日,非高峰,2015-05-30,2015年5月30日,阵雨 /阵雨,23℃ / 17℃,东北风 ≤3级 /东风 ≤3级,阵雨,阵雨,23,17,东北风,≤3级,东风,≤3级,day
2015-03-08 12:40:00,解放路,1、追尾的,负全部责任,不负责任,1,贵A46F71,灰色,1,贵A18C88,白色,自培,-1,2004/10/24 0:00,-1,捷达牌,福克斯牌,784996000000000000 ,366367000000000 ,198207,761204,12,6,3,周末,非高峰,2015-03-08,2015年3月8日,小雨 /阴,11℃ / 6℃,东北风 ≤3级 /东北风 ≤3级,小雨,阴,11,6,东北风,≤3级,东北风,≤3级,day
2015-03-08 12:30:00,碧海广场,1、追尾的,负全部责任,不负责任,1,贵HS2417,银,1,贵S3676C,银,自培,-1,2007/12/25 0:00,-1,丰田牌,-1,54063500000000000 ,357462000000000000 ,197807,197802,12,6,3,周末,非高峰,2015-03-08,2015年3月8日,小雨 /阴,11℃ / 6℃,东北风 ≤3级 /东北风 ≤3级,小雨,阴,11,6,东北风,≤3级,东北风,≤3级,day
2015-03-08 14:20:00,二铺,1、追尾的,负全部责任,不负责任,1,贵AMS967,白,1,贵AU4317,白,自培,自培,2002/12/16 0:00,2004/8/29 0:00,夏利牌,东本牌,366347000000000000 ,364558000000000000 ,196402,197002,14,6,3,周末,非高峰,2015-03-08,2015年3月8日,小雨 /阴,11℃ / 6℃,东北风 ≤3级 /东北风 ≤3级,小雨,阴,11,6,东北风,≤3级,东北风,≤3级,day
2015-03-29 17:00:00,师大,1、追尾的,负全部责任,不负责任,1,贵AU2166,蓝,1,贵A4C734,白,自培,自培,2002/1/9 0:00,2004/5/29 0:00,瑞麒牌,-1,364557000000000000 ,364547000000000000 ,198203,198604,17,6,3,周末,晚高峰(17-19点),2015-03-29,2015年3月29日,阴 /多云,18℃ / 15℃,东风 ≤3级 /南风 ≤3级,阴,多云,18,15,东风,≤3级,南风,≤3级,day
2015-05-03 10:00:00,贵安新区,3、倒车的,负全部责任,不负责任,1,贵AKR857,白色,1,贵A3056P,白色,自培,-1,2006/7/10 0:00,-1,-1,夏利,364556000000000000 ,366347000000000000 ,197409,197907,10,6,5,周末,非高峰,2015-05-03,2015年5月3日,阵雨 /阵雨,25℃ / 15℃,东北风 ≤3级 /东北风 ≤3级,阵雨,阵雨,25,15,东北风,≤3级,东北风,≤3级,day