accidenttime,accidentaddr,driver1fault,driver1responsibility,driver2responsibility,sex1,platenumber1,carcolor1,sex2,platenumber2,carcolor2,jxmc1,jxmc2,cclzrq1,cclzrq2,clpp1,clpp2,driver1license,driver2license,brith1,brith2,hour,weekday,month,is_weekday,peak_hour,date,日期,天气状况,气温,风力风向,day_wea,night_wea,day_tep,night_tep,day_wind_direction,day_wind_speed,night_wind_direction,night_wind_speed,segment
2015-05-04 12:41:00,云峰大道,1、追尾的,负全部责任,不负责任,1,贵AL9918,黑,1,鄂J6S674,白,自培,-1,2004/6/28 0:00,-1,思域牌,-1,364558000000000000 ,65563500000000000 ,197301,197511,12,0,5,工作日,非高峰,2015-05-04,2015年5月4日,阵雨 /阵雨,20℃ / 14℃,东北风 ≤3级 /东北风 ≤3级,阵雨,阵雨,20,14,东北风,≤3级,东北风,≤3级,day
2015-05-08 16:10:00,鑫中路口,7、未按规定让行的 ,负全部责任,不负责任,1,贵JAC218,白色,1,贵HS0531,白色,自培,-1,2003/9/29 0:00,-1,-1,-1,4596520000000000 ,36686151814154605X,197510,197909,16,4,5,工作日,非高峰,2015-05-08,2015年5月8日,阵雨 /多云,25℃ / 15℃,东南风 ≤3级 /东北风 ≤3级,阵雨,多云,25,15,东南风,≤3级,东北风,≤3级,day
2015-05-12 18:18:00,水电九局,1、追尾的,负全部责任,不负责任,1,贵GY6720,白,1,贵AKQ127,白,自培,-1,2004/4/10 0:00,-1,-1,威志牌,36636351204643911X,346548000000000000 ,196402,196203,18,1,5,工作日,晚高峰(17-19点),2015-05-12,2015年5月12日,阴 /雷阵雨,24℃ / 13℃,南风 ≤3级 /南风 ≤3级,阴,雷阵雨,24,13,南风,≤3级,南风,≤3级,day
2015-05-13 17:30:00,中坝,7、未按规定让行的 ,负全部责任,不负责任,1,渝BJ4597,黑,1,贵ATH906,红,自培,自培,2002/12/25 0:00,2002/4/30 0:00,-1,-1,356378000000000000 ,364558000000000000 ,197212,198003,17,2,5,工作日,晚高峰(17-19点),2015-05-13,2015年5月13日,多云 /阵雨,26℃ / 19℃,东南风 ≤3级 /东南风 ≤3级,多云,阵雨,26,19,东南风,≤3级,东南风,≤3级,day
2015-05-13 19:00:00,黔江路,7、未按规定让行的 ,负全部责任,不负责任,1,贵JAE518,白色,1,贵AD3109,白色,自培,-1,2014/12/23 0:00,-1,-1,金城牌,366063000000000000 ,366361000000000000 ,199110,197605,19,2,5,工作日,晚高峰(17-19点),2015-05-13,2015年5月13日,多云 /阵雨,26℃ / 19℃,东南风 ≤3级 /东南风 ≤3级,多云,阵雨,26,19,东南风,≤3级,东南风,≤3级,day
2015-05-16 15:00:00,渔安隧道,1、追尾的,负全部责任,不负责任,1,贵AZC146,白色,1,贵GK8589,白色,自培,-1,2012/8/1 0:00,-1,大众牌,-1,56963500000000000 ,356167000000000000 ,198510,197501,15,5,5,工作日,非高峰,2015-05-16,2015年5月16日,阴 /雷阵雨,23℃ / 17℃,东北风 ≤3级 /东风 ≤3级,阴,雷阵雨,23,17,东北风,≤3级,东风,≤3级,day
2015-04-13 16:10:00,保利温泉,3、倒车的,负全部责任,不负责任,1,贵AUB551,银,1,贵EC888,白,十一培,贵州平安驾驶培训学校,1994/8/24 0:00,2011/7/8 0:00,大众牌,-1,364548000000000000 ,364548000000000000 ,196710,199101,16,0,4,工作日,非高峰,2015-04-13,2015年4月13日,晴 /多云,23℃ / 8℃,东北风 ≤3级 /东北风 ≤3级,晴,多云,23,8,东北风,≤3级,东北风,≤3级,day
2015-03-12 20:30:00,三桥,1、追尾的,负全部责任,不负责任,1,贵B59329,白,1,贵AU7637,绿,十一培,预约考试窗口,1996/5/30 0:00,2006/10/20 0:00,思域牌,金龙牌,36634651834766498X,364556000000000000 ,197503,197709,20,3,3,工作日,非高峰,2015-03-12,2015年3月12日,多云 /多云,16℃ / 10℃,南风 ≤3级 /南风 ≤3级,多云,多云,16,10,南风,≤3级,南风,≤3级,night
2015-03-25 16:00:00,白云区,3、倒车的,负全部责任,不负责任,1,贵BR9489,黑,1,贵B11974,黑,十一培,-1,1992/10/6 0:00,-1,夏利牌,东风雪铁龙牌,364547000000000000 ,36676900000000000 ,197406,198210,16,2,3,工作日,非高峰,2015-03-25,2015年3月25日,阴 /阵雨,14℃ / 9℃,东北风 ≤3级 /东北风 ≤3级,阴,阵雨,14,9,东北风,≤3级,东北风,≤3级,day
2015-04-11 14:34:00,中华中路,1、追尾的,负全部责任,不负责任,1,贵AWY724,银,1,贵B91511,黑,十一培,-1,1995/9/10 0:00,-1,长安牌,奥迪牌,364547000000000000 ,366346000000000000 ,196201,198807,14,5,4,工作日,非高峰,2015-04-11,2015年4月11日,多云 /多云,15℃ / 9℃,东北风 ≤3级 /东风 ≤3级,多云,多云,15,9,东北风,≤3级,东风,≤3级,day
2015-04-17 15:30:00,体育路,7、未按规定让行的 ,负全部责任,不负责任,1,贵A39K95,白色,1,贵B91757,白色,十一培,520131,1999/12/2 0:00,2010/2/9 0:00,北京现代牌,长城牌,364556000000000000 ,364547000000000000 ,195904,197502,15,4,4,工作日,非高峰,2015-04-17,2015年4月17日,多云 /多云,28℃ / 19℃,南风 ≤3级 /南风 ≤3级,多云,多云,28,19,南风,≤3级,南风,≤3级,day
2015-03-26 07:40:00,小河,7、未按规定让行的 ,负全部责任,不负责任,1,贵B95242,白色,1,赣K5G229,白色,十一培,-1,1995/1/3 0:00,-1,解放牌,奥德赛,364648000000000000 ,366067000000000000 ,195812,199211,7,3,3,工作日,早高峰(7-9点),2015-03-26,2015年3月26日,阴 /阵雨,17℃ / 12℃,南风 ≤3级 /南风 ≤3级,阴,阵雨,17,12,南风,≤3级,南风,≤3级,day
2015-03-06 13:30:00,二戈寨,8、依法应负全责的其他情形,负全部责任,不负责任,1,贵AU0017,白色,1,贵B95512,白色,十一培,-1,1998/6/8 0:00,-1,万达牌,长安牌,364547000000000000 ,36464751964741465X,197711,198203,13,4,3,工作日,非高峰,2015-03-06,2015年3月6日,小雨 /小雨,5℃ / 3℃,东北风 ≤3级 /东北风 ≤3级,小雨,小雨,5,3,东北风,≤3级,东北风,≤3级,day
2015-04-24 21:30:00,化工路,7、未按规定让行的 ,负全部责任,不负责任,1,贵AHS356,黑,1,贵BB3331,银,十一培,-1,1993/11/24 0:00,-1,昊锐牌,北京现代牌,366361000000000000 ,364646000000000000 ,197206,191804,21,4,4,工作日,非高峰,2015-04-24,2015年4月24日,阴 /小雨,16℃ / 11℃,东风 ≤3级 /东风 ≤3级,阴,小雨,16,11,东风,≤3级,东风,≤3级,night
2015-03-11 10:50:00,中华中路,7、未按规定让行的 ,负全部责任,不负责任,1,贵AU1713,绿,1,贵BT5666,黑,十一培,-1,1994/9/19 0:00,-1,大众牌,A8L牌,364548000000000000 ,364648000000000000 ,195908,196408,10,2,3,工作日,非高峰,2015-03-11,2015年3月11日,阴 /小雨,8℃ / 4℃,东北风 ≤3级 /东北风 ≤3级,阴,小雨,8,4,东北风,≤3级,东北风,≤3级,day
2015-03-01 12:00:00,二铺,1、追尾的,负全部责任,不负责任,1,贵A97831,红,1,贵BX9714,银,十一培,-1,1988/6/30 0:00,-1,豪泺牌,东风牌,366361000000000000 ,364648000000000000 ,197105,196308,12,6,3,周末,非高峰,2015-03-01,2015年3月1日,阴 /阴,9℃ / 3℃,东风 ≤3级 /南风 ≤3级,阴,阴,9,3,东风,≤3级,南风,≤3级,day
2015-03-31 18:30:00,罗汉营,8、依法应负全责的其他情形,负全部责任,不负责任,0,贵A59540,黑,1,贵BY8631,白,十一培,-1,1998/8/20 0:00,-1,梅赛德斯-奔驰牌,江铃全顺牌,364548000000000000 ,734398000000000000 ,197303,198007,18,1,3,工作日,晚高峰(17-19点),2015-03-31,2015年3月31日,多云 /多云,28℃ / 19℃,南风 ≤3级 /南风 ≤3级,多云,多云,28,19,南风,≤3级,南风,≤3级,day
2015-02-08 11:50:00,财院背后小路,4、停车时未挂低速档、未拉驻车制动，导致车辆滑行的,负全部责任,不负责任,1,贵AU6093,白色,1,贵CBA138,白色,十一培,-1,1993/9/23 0:00,-1,恒通客车牌,五菱牌,364547000000000000 ,366546000000000000 ,196405,195405,11,6,2,周末,非高峰,2015-02-08,2015年2月8日,阴 /阴,7℃ / 3℃,东北风 ≤3级 /南风 ≤3级,阴,阴,7,3,东北风,≤3级,南风,≤3级,day
2015-03-15 20:30:00,沙冲路,1、追尾的,负全部责任,不负责任,1,贵A81Z29,白色,1,贵CCE609,红色,十一培,-1,1998/12/3 0:00,-1,丰田牌,五菱牌,36454651944042646X,366561000000000000 ,198004,196409,20,6,3,周末,非高峰,2015-03-15,2015年3月15日,阴 /阴,18℃ / 13℃,东风 ≤3级 /南风 ≤3级,阴,阴,18,13,东风,≤3级,南风,≤3级,night
2015-04-29 09:30:00,长江路,5、开关车门的,负全部责任,不负责任,1,贵A74W37,白色,1,贵CEP728,白色,十一培,顺一驾驶培训学校,1988/3/28 0:00,2014/12/22 0:00,思威牌,福克斯牌,364547000000000000 ,366563000000000000 ,196002,198910,9,2,4,工作日,早高峰(7-9点),2015-04-29,2015年4月29日,阵雨 /阵雨,26℃ / 16℃,东北风 ≤3级 /东南风 ≤3级,阵雨,阵雨,26,16,东北风,≤3级,东南风,≤3级,day
2015-03-09 13:00:00,栖霞小区,8、依法应负全责的其他情形,负全部责任,不负责任,1,贵BR4498,白色,1,贵A99408,白色,十一培,自培,1996/7/24 0:00,2001/1/8 0:00,大众汽车牌,嘉陵牌,364648000000000000 ,364548000000000000 ,196011,197701,13,0,3,工作日,非高峰,2015-03-09,2015年3月9日,小雨 /小雨,10℃ / 5℃,东北风 ≤3级 /东北风 ≤3级,小雨,小雨,10,5,东北风,≤3级,东北风,≤3级,day
2015-04-19 05:10:00,金阳,7、未按规定让行的 ,负全部责任,不负责任,1,贵A91388,白,1,贵CR8061,银,十一培,-1,1985/10/4 0:00,-1,金旅,长安牌,366361000000000000 ,366562000000000000 ,196309,197810,5,6,4,周末,非高峰,2015-04-19,2015年4月19日,阵雨 /阵雨,22℃ / 13℃,东北风 ≤3级 /东北风 ≤3级,阵雨,阵雨,22,13,东北风,≤3级,东北风,≤3级,night
2015-03-23 08:30:00,市北路,7、未按规定让行的 ,负全部责任,不负责任,1,贵CX9297,红,1,贵ACM020,黑,十一培,-1,1998/3/24 0:00,-1,思域牌,北京现代牌,366546000000000000 ,366046000000000000 ,194912,198208,8,0,3,工作日,早高峰(7-9点),2015-03-23,2015年3月23日,多云 /阴,17℃ / 9℃,东北风 ≤3级 /东北风 ≤3级,多云,阴,17,9,东北风,≤3级,东北风,≤3级,day
2015-02-13 18:34:00,沙冲南路口,7、未按规定让行的 ,负全部责任,不负责任,1,贵ATU081,黑色,1,贵DAQ771,白色,十一培,-1,1995/11/28 0:00,-1,东风雪铁龙牌,奥迪牌,364547000000000000 ,366668000000000000 ,196003,198812,18,4,2,工作日,晚高峰(17-19点),2015-02-13,2015年2月13日,多云 /阵雨,17℃ / 8℃,南风 ≤3级 /南风 ≤3级,多云,阵雨,17,8,南风,≤3级,南风,≤3级,day
2015-04-02 16:30:00,黔灵山路,1、追尾的,负全部责任,不负责任,1,贵AVC341,黄,1,贵DF6374,白,十一培,-1,1996/6/18 0:00,-1,大众汽车牌,福克斯牌,364547000000000000 ,366661000000000000 ,196211,198002,16,3,4,工作日,非高峰,2015-04-02,2015年4月2日,多云 /多云,30℃ / 18℃,南风 ≤3级 /南风 ≤3级,多云,多云,30,18,南风,≤3级,南风,≤3级,day
2015-02-11 15:10:00,新创路,7、未按规定让行的 ,负全部责任,不负责任,1,贵ANZ929,黑,1,贵F09807,黑,十一培,-1,1986/1/9 0:00,-1,昂科雷,雪佛兰牌,364557000000000000 ,366061000000000000 ,197007,197102,15,2,2,工作日,非高峰,2015-02-11,2015年2月11日,多云 /多云,11℃ / 3℃,东风 ≤3级 /东北风 ≤3级,多云,多云,11,3,东风,≤3级,东北风,≤3级,day
2015-02-07 15:37:00,云盘路口,8、依法应负全责的其他情形,负全部责任,不负责任,1,贵ASG366,白色,1,贵FS3807,白色,十一培,十一驾驶培训有限公司,1994/1/20 0:00,2012/4/27 0:00,比亚迪牌,雪佛兰牌,364547000000000000 ,356168000000000000 ,196105,197411,15,5,2,工作日,非高峰,2015-02-07,2015年2月7日,阴 /阴,8℃ / 3℃,东北风 ≤3级 /东北风 ≤3级,阴,阴,8,3,东北风,≤3级,东北风,≤3级,day
2015-03-05 21:00:00,沙冲路,8、依法应负全责的其他情形,负全部责任,不负责任,1,贵G99899,白色,1,贵A68Y78,白色,十一培,-1,1998/8/7 0:00,-1,奥迪,东风牌,36454651274246845X,357126000000000000 ,196306,199101,21,3,3,工作日,非高峰,2015-03-05,2015年3月5日,小雨 /小雨,4℃ / 1℃,东北风 ≤3级 /东北风 ≤3级,小雨,小雨,4,1,东北风,≤3级,东北风,≤3级,night
2015-03-15 10:20:00,甲秀南路,1、追尾的,负全部责任,不负责任,1,贵AU0601,白色,1,贵GC7039,白色,十一培,-1,1996/7/10 0:00,-1,宝来牌,锋范牌,364556000000000000 ,364566000000000000 ,197512,197001,10,6,3,周末,非高峰,2015-03-15,2015年3月15日,阴 /阴,18℃ / 13℃,东风 ≤3级 /南风 ≤3级,阴,阴,18,13,东风,≤3级,南风,≤3级,day
2015-02-10 15:30:00,长岭南路,1、追尾的,负全部责任,不负责任,1,贵AG3445,蓝,0,贵GC2520,蓝,十一培,-1,1992/4/10 0:00,-1,钱江牌,别克牌,364547000000000000 ,364548000000000000 ,197402,198011,15,1,2,工作日,非高峰,2015-02-10,2015年2月10日,小雨 /小雨,6℃ / 3℃,东北风 ≤3级 /东风 ≤3级,小雨,小雨,6,3,东北风,≤3级,东风,≤3级,day
2015-03-15 13:30:00,花溪,7、未按规定让行的 ,负全部责任,不负责任,1,贵AUA688,白色,1,贵GGC921,白色,十一培,-1,1998/4/21 0:00,-1,奇瑞牌,广汽菲亚特牌,366375000000000000 ,366363000000000000 ,196202,199003,13,6,3,周末,非高峰,2015-03-15,2015年3月15日,阴 /阴,18℃ / 13℃,东风 ≤3级 /南风 ≤3级,阴,阴,18,13,东风,≤3级,南风,≤3级,day
2015-04-14 11:50:00,枣山路,7、未按规定让行的 ,负全部责任,不负责任,1,贵AU6072,绿,1,贵GF0207,红,十一培,（花溪区）高新十七驾驶培训有限公司,1987/4/7 0:00,2012/6/1 0:00,捷达牌,野马牌,364547000000000000 ,354366000000000000 ,196604,197306,11,1,4,工作日,非高峰,2015-04-14,2015年4月14日,晴 /多云,22℃ / 9℃,东风 ≤3级 /东风 ≤3级,晴,多云,22,9,东风,≤3级,东风,≤3级,day
2015-04-12 14:00:00,渔安隧道,1、追尾的,负全部责任,不负责任,1,贵A0208T,白色,1,贵GM2682,白色,十一培,-1,1998/6/22 0:00,-1,长安牌,丰田牌,364647000000000000 ,357475000000000000 ,197909,199006,14,6,4,周末,非高峰,2015-04-12,2015年4月12日,晴 /多云,21℃ / 7℃,东风 ≤3级 /东风 ≤3级,晴,多云,21,7,东风,≤3级,东风,≤3级,day
2015-04-15 18:00:00,花果园大街,7、未按规定让行的 ,负全部责任,不负责任,1,贵A59E44,白色,1,贵GV6089,白色,十一培,520127,1997/2/28 0:00,2011/9/2 0:00,锋范牌,-1,366568000000000000 ,364547000000000000 ,197810,197307,18,2,4,工作日,晚高峰(17-19点),2015-04-15,2015年4月15日,多云 /多云,24℃ / 16℃,东南风 ≤3级 /南风 ≤3级,多云,多云,24,16,东南风,≤3级,南风,≤3级,day
2015-03-31 10:51:00,海天园,7、未按规定让行的 ,负全部责任,不负责任,1,贵A38K92,银,1,贵FL0072,黑,十一培,-1,1990/2/2 0:00,-1,北京现代牌,雪佛兰牌,364548000000000000 ,366046000000000000 ,197110,198910,10,1,3,工作日,非高峰,2015-03-31,2015年3月31日,多云 /多云,28℃ / 19℃,南风 ≤3级 /南风 ≤3级,多云,多云,28,19,南风,≤3级,南风,≤3级,day
2015-04-16 15:50:00,鑫中路,1、追尾的,负全部责任,不负责任,1,贵GK9846,白色,1,贵CD5128,白色,十一培,-1,1997/12/23 0:00,-1,长城牌,奥迪牌,364556000000000000 ,366068000000000000 ,196902,198902,15,3,4,工作日,非高峰,2015-04-16,2015年4月16日,多云 /多云,29℃ / 17℃,南风 ≤3级 /南风 ≤3级,多云,多云,29,17,南风,≤3级,南风,≤3级,day
2015-03-25 05:51:00,和尚坡,9、不符合前8款规定或者双方同时具有上述情形的,负同等责任,负同等责任,1,贵A3H153,黄,1,贵CHT788,银,十一培,省交校,1995/9/17 0:00,2014/4/8 0:00,-1,江淮牌,366577000000000000 ,366564000000000000 ,196401,198006,5,2,3,工作日,非高峰,2015-03-25,2015年3月25日,阴 /阵雨,14℃ / 9℃,东北风 ≤3级 /东北风 ≤3级,阴,阵雨,14,9,东北风,≤3级,东北风,≤3级,night
2015-03-14 17:00:00,北京路,7、未按规定让行的 ,负全部责任,不负责任,1,贵CZ3855,黑,1,贵AU0621,黄,十一培,自培,1995/6/19 0:00,2005/5/12 0:00,起亚牌,万达牌,364548000000000000 ,366346000000000000 ,197506,198612,17,5,3,工作日,晚高峰(17-19点),2015-03-14,2015年3月14日,阴 /阴,17℃ / 12℃,南风 ≤3级 /东南风 ≤3级,阴,阴,17,12,南风,≤3级,东南风,≤3级,day
2015-04-28 08:00:00,花溪,7、未按规定让行的 ,负全部责任,不负责任,1,贵AH3393,白色,1,贵DCK844,白色,十一培,自培,1998/4/27 0:00,2004/3/3 0:00,哈飞牌,翼虎牌,366546000000000000 ,366666000000000000 ,197902,198104,8,1,4,工作日,早高峰(7-9点),2015-04-28,2015年4月28日,多云 /多云,25℃ / 15℃,东北风 ≤3级 /东北风 ≤3级,多云,多云,25,15,东北风,≤3级,东北风,≤3级,day
2015-04-09 08:00:00,艺校,1、追尾的,负全部责任,不负责任,1,贵CK0148,黑,1,贵AAZ351,银,十一培,520101,1994/9/5 0:00,2008/5/30 0:00,宝骏牌,大众汽车牌,364547000000000000 ,364547000000000000 ,196404,196903,8,3,4,工作日,早高峰(7-9点),2015-04-09,2015年4月9日,阴 /小雨,11℃ / 7℃,东北风 ≤3级 /东北风 ≤3级,阴,小雨,11,7,东北风,≤3级,东北风,≤3级,day
2015-04-09 07:50:00,太慈桥,1、追尾的,负全部责任,不负责任,1,贵AM2688,黑,1,贵CK0148,黑,十一培,（乌当区）新天驾驶培训有限公司,1990/8/1 0:00,1994/9/5 0:00,隆鑫牌,宝骏牌,364556000000000000 ,364547000000000000 ,195708,196404,7,3,4,工作日,早高峰(7-9点),2015-04-09,2015年4月9日,阴 /小雨,11℃ / 7℃,东北风 ≤3级 /东北风 ≤3级,阴,小雨,11,7,东北风,≤3级,东北风,≤3级,day
2015-04-05 21:35:00,金顶山,7、未按规定让行的 ,负全部责任,不负责任,1,贵CKQ586,银,1,贵JDY122,白,十一培,凯信驾校,1996/11/30 0:00,2015/1/5 0:00,五菱牌,长安牌,366576000000000000 ,366068000000000000 ,196802,198005,21,6,4,周末,非高峰,2015-04-05,2015年4月5日,阴 /阵雨,30℃ / 12℃,南风 ≤3级 /东北风 ≤3级,阴,阵雨,30,12,南风,≤3级,东北风,≤3级,night
2015-02-04 15:45:00,瑞金路,8、依法应负全责的其他情形,负全部责任,不负责任,1,贵A7BG13,黑,1,贵GR1076,黑,十一培,黔丰驾校,1990/12/21 0:00,2014/4/30 0:00,力帆牌,丰田牌,366364000000000000 ,54063500000000000 ,196203,198412,15,2,2,工作日,非高峰,2015-02-04,2015年2月4日,小雨 /小雨,4℃ / 0℃,东北风 ≤3级 /东北风 ≤3级,小雨,小雨,4,0,东北风,≤3级,东北风,≤3级,day
2015-02-11 09:00:00,三桥,1、追尾的,负全部责任,不负责任,1,贵AF6828,黑,1,贵GS3966,黑,十一培,铁二局驾校,1989/7/1 0:00,2004/10/20 0:00,三铃牌,路虎,364547000000000000 ,356164000000000000 ,196510,197401,9,2,2,工作日,早高峰(7-9点),2015-02-11,2015年2月11日,多云 /多云,11℃ / 3℃,东风 ≤3级 /东北风 ≤3级,多云,多云,11,3,东风,≤3级,东北风,≤3级,day
2015-03-09 07:41:00,沙冲路口,1、追尾的,负全部责任,不负责任,1,贵GR1112,白色,1,贵A2E490,白色,十一培,阳光驾校,1999/11/7 0:00,2014/12/18 0:00,起亚牌,雪佛兰牌,364547000000000000 ,366068000000000000 ,197901,197312,7,0,3,工作日,早高峰(7-9点),2015-03-09,2015年3月9日,小雨 /小雨,10℃ / 5℃,东北风 ≤3级 /东北风 ≤3级,小雨,小雨,10,5,东北风,≤3级,东北风,≤3级,day
2015-03-16 09:20:00,花二道,1、追尾的,负全部责任,不负责任,1,贵AWC597,黑,1,贵GS3561,黑,十一培,-1,1993/9/29 0:00,-1,丰田,吉利牌,366364000000000000 ,366363000000000000 ,196408,196801,9,0,3,工作日,早高峰(7-9点),2015-03-16,2015年3月16日,阴 /多云,20℃ / 15℃,南风 ≤3级 /南风 ≤3级,阴,多云,20,15,南风,≤3级,南风,≤3级,day
2015-03-21 11:08:00,武警支队,7、未按规定让行的 ,负全部责任,不负责任,1,贵AEM359,白色,1,贵J66684,白色,十一培,-1,1997/9/29 0:00,-1,福克斯牌,长安牌,364547000000000000 ,366862000000000000 ,196710,197803,11,5,3,工作日,非高峰,2015-03-21,2015年3月21日,阴 /阴,16℃ / 11℃,东北风 ≤3级 /东南风 ≤3级,阴,阴,16,11,东北风,≤3级,东南风,≤3级,day
2015-03-08 18:00:00,解放路,8、依法应负全责的其他情形,负全部责任,不负责任,1,贵AU6106,黑,1,贵JJ9597,黑,十一培,-1,1999/1/14 0:00,-1,雷克牌,福克斯牌,364547000000000000 ,366063000000000000 ,196205,199312,18,6,3,周末,晚高峰(17-19点),2015-03-08,2015年3月8日,小雨 /阴,11℃ / 6℃,东北风 ≤3级 /东北风 ≤3级,小雨,阴,11,6,东北风,≤3级,东北风,≤3级,day
2015-03-30 11:00:00,公安厅,7、未按规定让行的 ,负全部责任,不负责任,0,贵AAT796,银,1,贵JK2628,白,十一培,十一驾驶培训有限公司,1996/10/21 0:00,2012/2/28 0:00,圣火神牌,长城牌,366347000000000000 ,366868000000000000 ,196803,198505,11,0,3,工作日,非高峰,2015-03-30,2015年3月30日,晴 /多云,24℃ / 17℃,南风 ≤3级 /南风 ≤3级,晴,多云,24,17,南风,≤3级,南风,≤3级,day
2015-02-10 10:50:00,花溪,8、依法应负全责的其他情形,负全部责任,不负责任,1,贵A3413L,白色,1,贵JK1827,白色,十一培,贵大驾校,1998/12/31 0:00,2012/4/11 0:00,高尔夫牌,北京现代牌,356162000000000000 ,364556000000000000 ,196803,199209,10,1,2,工作日,非高峰,2015-02-10,2015年2月10日,小雨 /小雨,6℃ / 3℃,东北风 ≤3级 /东风 ≤3级,小雨,小雨,6,3,东北风,≤3级,东风,≤3级,day
2015-04-28 11:10:00,贵阳,3、倒车的,负全部责任,不负责任,1,贵AR7171,黑,1,贵GV4959,银,十一培,长运驾校,1997/12/25 0:00,2014/3/18 0:00,奥迪(AUDI)牌,雪佛兰牌,364547000000000000 ,366067000000000000 ,197212,197909,11,1,4,工作日,非高峰,2015-04-28,2015年4月28日,多云 /多云,25℃ / 15℃,东北风 ≤3级 /东北风 ≤3级,多云,多云,25,15,东北风,≤3级,东北风,≤3级,day
2015-03-20 09:00:00,浦江路,7、未按规定让行的 ,负全部责任,不负责任,1,贵A7809K,白色,1,贵GL4229,白色,十一培,顺一驾驶培训学校,1996/1/2 0:00,2002/7/23 0:00,夏利牌,雪佛兰牌,366876000000000000 ,366368000000000000 ,197809,196509,9,4,3,工作日,早高峰(7-9点),2015-03-20,2015年3月20日,阴 /阵雨,14℃ / 10℃,东北风 ≤3级 /东北风 ≤3级,阴,阵雨,14,10,东北风,≤3级,东北风,≤3级,day
2015-04-26 18:50:00,延安西路,7、未按规定让行的 ,负全部责任,不负责任,1,贵A95Z26,黑,1,贵GP5603,红,十一培,长运驾校,1992/12/17 0:00,2011/5/10 0:00,帕萨特,东风日产牌,364547000000000000 ,374796000000000000 ,196308,198708,18,6,4,周末,晚高峰(17-19点),2015-04-26,2015年4月26日,阵雨 /阵雨,18℃ / 14℃,东南风 ≤3级 /东北风 ≤3级,阵雨,阵雨,18,14,东南风,≤3级,东北风,≤3级,day
2015-03-14 14:00:00,中曹司,3、倒车的,负全部责任,不负责任,1,贵A51P12,白色,1,贵GP9046,白色,十一培,（南明区）阳光驾驶培训有限公司,1996/4/16 0:00,1989/7/28 0:00,迷你,新甲壳虫,364547000000000000 ,364547000000000000 ,196611,196605,14,5,3,工作日,非高峰,2015-03-14,2015年3月14日,阴 /阴,17℃ / 12℃,南风 ≤3级 /东南风 ≤3级,阴,阴,17,12,南风,≤3级,东南风,≤3级,day
2015-03-19 16:10:00,八匹马,9、不符合前8款规定或者双方同时具有上述情形的,负同等责任,负同等责任,1,贵GQ9020,黄,1,贵A5473A,黑,十一培,-1,1996/8/28 0:00,-1,金旅牌,东风牌,366368000000000000 ,376570000000000000 ,195802,198503,16,3,3,工作日,非高峰,2015-03-19,2015年3月19日,多云 /阵雨,26℃ / 12℃,南风 ≤3级 /东北风 ≤3级,多云,阵雨,26,12,南风,≤3级,东北风,≤3级,day
2015-04-21 07:40:00,新添寨,9、不符合前8款规定或者双方同时具有上述情形的,负同等责任,负同等责任,1,贵AW1354,银,0,贵A5S092,银,十一培,-1,1994/3/11 0:00,-1,波罗牌,飞度牌,364557000000000000 ,364544000000 ,196507,951797,7,1,4,工作日,早高峰(7-9点),2015-04-21,2015年4月21日,阴 /阵雨,17℃ / 10℃,东北风 ≤3级 /东北风 ≤3级,阴,阵雨,17,10,东北风,≤3级,东北风,≤3级,day
2015-05-20 19:00:00,南辅路,7、未按规定让行的 ,负全部责任,不负责任,1,贵JT4491,白色,1,贵A85R82,白色,十一培,（观山湖区）蓝天驾驶培训有限公司,1985/7/27 0:00,2015/3/11 0:00,豪爵牌,别克牌,366367000000000000 ,36454651944068562X,195804,198004,19,2,5,工作日,晚高峰(17-19点),2015-05-20,2015年5月20日,阴 /阵雨,23℃ / 17℃,东北风 ≤3级 /东北风 ≤3级,阴,阵雨,23,17,东北风,≤3级,东北风,≤3级,day
2015-05-01 08:12:00,红岩桥,1、追尾的,负全部责任,不负责任,1,贵A757F7,红,1,贵A966G5,白,十一培,-1,1992/7/19 0:00,-1,解放牌,长安牌,364547000000000000 ,355468000000000000 ,195611,198602,8,4,5,工作日,早高峰(7-9点),2015-05-01,2015年5月1日,阵雨 /多云,25℃ / 14℃,东南风 ≤3级 /东北风 ≤3级,阵雨,多云,25,14,东南风,≤3级,东北风,≤3级,day
2015-03-11 10:07:00,沙冲路,7、未按规定让行的 ,负全部责任,不负责任,1,贵GB3499,白色,1,贵A2BC88,白色,十一培,铁二局驾校,1994/9/6 0:00,2011/7/12 0:00,金龙牌,长安牌,364547000000000000 ,364547000000000000 ,197004,197812,10,2,3,工作日,非高峰,2015-03-11,2015年3月11日,阴 /小雨,8℃ / 4℃,东北风 ≤3级 /东北风 ≤3级,阴,小雨,8,4,东北风,≤3级,东北风,≤3级,day
2015-04-30 14:00:00,小碧立交,7、未按规定让行的 ,负全部责任,不负责任,1,贵AFZ313,白色,1,贵A3525R,白色,十一培,自培,1997/1/22 0:00,-1,长安牌,东风标致牌,364547000000000000 ,***,196503,-1,14,3,4,工作日,非高峰,2015-04-30,2015年4月30日,阵雨 /阵雨,25℃ / 17℃,东南风 ≤3级 /东南风 ≤3级,阵雨,阵雨,25,17,东南风,≤3级,东南风,≤3级,day