accidenttime,accidentaddr,driver1fault,driver1responsibility,driver2responsibility,sex1,platenumber1,carcolor1,sex2,platenumber2,carcolor2,jxmc1,jxmc2,cclzrq1,cclzrq2,clpp1,clpp2,driver1license,driver2license,brith1,brith2,hour,weekday,month,is_weekday,peak_hour,date,日期,天气状况,气温,风力风向,day_wea,night_wea,day_tep,night_tep,day_wind_direction,day_wind_speed,night_wind_direction,night_wind_speed,segment
2015-03-12 09:55:00,南湖路,1、追尾的,负全部责任,不负责任,1,贵A74B89,白,1,粤QDE819,银,十一培,-1,1996/12/31 0:00,-1,东风牌,梅赛德斯-奔驰牌,366346000000000000 ,5865510000000000 ,197509,196501,9,3,3,工作日,早高峰(7-9点),2015-03-12,2015年3月12日,多云 /多云,16℃ / 10℃,南风 ≤3级 /南风 ≤3级,多云,多云,16,10,南风,≤3级,南风,≤3级,day
2015-04-02 10:00:00,金龙国际,7、未按规定让行的 ,负全部责任,不负责任,1,贵AA0926,银,0,浙JYS963,黑,十一培,-1,1998/11/16 0:00,-1,朗逸牌,揽胜,364547000000000000 ,775468000000000000 ,197910,198403,10,3,4,工作日,非高峰,2015-04-02,2015年4月2日,多云 /多云,30℃ / 18℃,南风 ≤3级 /南风 ≤3级,多云,多云,30,18,南风,≤3级,南风,≤3级,day
2015-04-02 10:00:00,水东路,1、追尾的,负全部责任,不负责任,0,贵AS4122,银,1,粤S37G51,黑,十一培,贵州现代驾驶培训责任有限公司,1998/7/2 0:00,2012/4/9 0:00,东风雪铁龙,奥迪牌,36454751364966766X,724561000000000000 ,195208,196901,10,3,4,工作日,非高峰,2015-04-02,2015年4月2日,多云 /多云,30℃ / 18℃,南风 ≤3级 /南风 ≤3级,多云,多云,30,18,南风,≤3级,南风,≤3级,day
2015-04-20 14:10:00,花溪,7、未按规定让行的 ,负全部责任,不负责任,1,贵A31C29,白色,1,云P44456,白色,十一培,-1,1993/12/7 0:00,-1,大众汽车牌,凯宴,36454651374149405X,734398000000000000 ,195309,198206,14,0,4,工作日,非高峰,2015-04-20,2015年4月20日,阴 /阴,20℃ / 11℃,东北风 ≤3级 /东北风 ≤3级,阴,阴,20,11,东北风,≤3级,东北风,≤3级,day
2015-05-23 12:25:00,中华中路,7、未按规定让行的 ,负全部责任,不负责任,1,贵A5EA83,白,0,贵A68222,黑,十一培,长运驾校,1992/1/14 0:00,2012/10/9 0:00,丰田牌,长春牌,364558000000000000 ,364568000000000000 ,197408,198709,12,5,5,工作日,非高峰,2015-05-23,2015年5月23日,阵雨 /阴,19℃ / 14℃,东北风 ≤3级 /东北风 ≤3级,阵雨,阴,19,14,东北风,≤3级,东北风,≤3级,day
2015-05-25 08:00:00,小河万科,1、追尾的,负全部责任,不负责任,1,贵AAE448,白色,1,***,***,十一培,自培,1998/12/28 0:00,-1,马自达,-1,364548000000000000 ,***,197110,-1,8,0,5,工作日,早高峰(7-9点),2015-05-25,2015年5月25日,多云 /阵雨,26℃ / 19℃,东南风 ≤3级 /东南风 ≤3级,多云,阵雨,26,19,东南风,≤3级,东南风,≤3级,day
2015-05-26 18:00:00,大南门转盘,8、依法应负全责的其他情形,负全部责任,不负责任,1,贵AX7907,白色,1,贵AU6394,白色,十一培,自培,1991/8/25 0:00,-1,双庆牌,大阳,36454751324365525X,***,195605,-1,18,1,5,工作日,晚高峰(17-19点),2015-05-26,2015年5月26日,阵雨 /雷阵雨,26℃ / 20℃,东南风 ≤3级 /东北风 ≤3级,阵雨,雷阵雨,26,20,东南风,≤3级,东北风,≤3级,day
2015-05-15 00:00:00,沙冲北路,7、未按规定让行的 ,负全部责任,不负责任,1,贵A51V51,白色,1,贵A0BC89,白色,十一培,自培,1993/5/25 0:00,-1,锋范牌,大众牌,364557000000000000 ,***,196502,-1,0,4,5,工作日,非高峰,2015-05-15,2015年5月15日,阵雨 /阵雨,25℃ / 16℃,东北风 ≤3级 /东北风 ≤3级,阵雨,阵雨,25,16,东北风,≤3级,东北风,≤3级,night
2015-03-18 21:00:00,国际城,7、未按规定让行的 ,负全部责任,不负责任,1,贵A43B33,白色,1,湘AWQ774,黑色,十一培,-1,1996/1/24 0:00,-1,传祺牌,宝马牌 ,366368000000000000 ,74660500000000000 ,197008,197405,21,2,3,工作日,非高峰,2015-03-18,2015年3月18日,多云 /多云,24℃ / 14℃,南风 ≤3级 /南风 ≤3级,多云,多云,24,14,南风,≤3级,南风,≤3级,night
2015-04-09 11:50:00,兴义路,1、追尾的,负全部责任,不负责任,1,贵A67S31,白,1,渝B84G87,黑,十一培,-1,1995/7/22 0:00,-1,东风标致牌,雷克萨斯,364548000000000000 ,344664000000000000 ,197701,199010,11,3,4,工作日,非高峰,2015-04-09,2015年4月9日,阴 /小雨,11℃ / 7℃,东北风 ≤3级 /东北风 ≤3级,阴,小雨,11,7,东北风,≤3级,东北风,≤3级,day
2015-04-20 14:00:00,长林路,3、倒车的,负全部责任,不负责任,1,贵A7BY38,黑,1,闽A8748V,银,十一培,-1,1997/8/15 0:00,-1,东风牌,梅赛德斯-奔驰牌,36454651244846305X,734547000000000000 ,196007,198601,14,0,4,工作日,非高峰,2015-04-20,2015年4月20日,阴 /阴,20℃ / 11℃,东北风 ≤3级 /东北风 ≤3级,阴,阴,20,11,东北风,≤3级,东北风,≤3级,day
2015-03-14 08:35:00,金阳北路,8、依法应负全责的其他情形,负全部责任,不负责任,1,贵ALG041,红,1,赣GN9463,黄,十一培,顺一驾驶培训学校,1998/10/8 0:00,2008/9/16 0:00,吉利牌,比亚迪牌,366761000000000000 ,724068000000000000 ,197703,198007,8,5,3,工作日,早高峰(7-9点),2015-03-14,2015年3月14日,阴 /阴,17℃ / 12℃,南风 ≤3级 /东南风 ≤3级,阴,阴,17,12,南风,≤3级,东南风,≤3级,day
2015-05-04 14:35:00,贵黄交警支队,7、未按规定让行的 ,负全部责任,不负责任,1,贵A6725C,白色,1,贵CHT461,白色,十一培,自培,1999/6/29 0:00,2014/11/5 0:00,解放牌,北京现代牌,364556000000000000 ,366564000000000000 ,197303,198202,14,0,5,工作日,非高峰,2015-05-04,2015年5月4日,阵雨 /阵雨,20℃ / 14℃,东北风 ≤3级 /东北风 ≤3级,阵雨,阵雨,20,14,东北风,≤3级,东北风,≤3级,day
2015-01-12 09:10:00,东山扶风路,7、未按规定让行的 ,负全部责任,不负责任,1,贵A12923,蓝,0,贵A9061S,黑,自培,遵义驾校,2002/12/2 0:00,-1,银钢牌,别克,366767000000000000 ,364547000000000000 ,198302,197602,9,0,1,工作日,早高峰(7-9点),2015-01-12,2015年1月12日,多云 /阴,10℃ / 1℃,东北风 ≤3级 /东北风 ≤3级,多云,阴,10,1,东北风,≤3级,东北风,≤3级,day
2015-02-02 17:40:00,观山湖区金阳南路,1、追尾的,负全部责任,不负责任,1,贵JDQ121,黑色,1,贵A72X97,白色,自培,520127,2001/4/30 0:00,2010/4/12 0:00,五菱牌,大众汽车牌,366368000000000000 ,366366000000000000 ,197909,197210,17,0,2,工作日,晚高峰(17-19点),2015-02-02,2015年2月2日,阴 /小雨,7℃ / 3℃,南风 ≤3级 /东南风 ≤3级,阴,小雨,7,3,南风,≤3级,东南风,≤3级,day
2015-02-03 08:08:00,嘉润路,7、未按规定让行的 ,负全部责任,不负责任,1,贵AR3898,黑色,1,贵ASH289,白色,自培,大地驾校,2007/4/26 0:00,2006/1/12 0:00,三铃牌,长安牌,364556000000000000 ,36656851894864447X,196405,197807,8,1,2,工作日,早高峰(7-9点),2015-02-03,2015年2月3日,小雨 /小雨,6℃ / 1℃,东北风 ≤3级 /东北风 ≤3级,小雨,小雨,6,1,东北风,≤3级,东北风,≤3级,day
2015-02-02 22:00:00,南明区瑞金中路,7、未按规定让行的 ,负全部责任,不负责任,1,贵AU0977,绿色,1,贵A6934L,白色,自培,-1,2001/2/1 0:00,-1,万达牌,奇瑞牌,364547000000000000 ,3645540000000 ,196001,14369,22,0,2,工作日,非高峰,2015-02-02,2015年2月2日,阴 /小雨,7℃ / 3℃,南风 ≤3级 /东南风 ≤3级,阴,小雨,7,3,南风,≤3级,东南风,≤3级,night
2015-02-02 10:00:00,白云区中环路与七一路交叉,7、未按规定让行的 ,负全部责任,不负责任,1,贵ACF936,白色,1,贵A2002Z,黑色,自培,顺一驾驶培训学校,2005/5/19 0:00,2002/2/1 0:00,吉利牌,昌河,364548000000000000 ,36455751825674645X,198211,197612,10,0,2,工作日,非高峰,2015-02-02,2015年2月2日,阴 /小雨,7℃ / 3℃,南风 ≤3级 /东南风 ≤3级,阴,小雨,7,3,南风,≤3级,东南风,≤3级,day
2015-02-02 16:15:00,湘雅村,9、不符合前8款规定或者双方同时具有上述情形的,负同等责任,负同等责任,1,贵A54X86,白色,1,湘ATL315,黑色,自培,-1,2002/2/27 0:00,-1,别克牌,哈飞牌,364547000000000000 ,366070000000000000 ,197501,197108,16,0,2,工作日,非高峰,2015-02-02,2015年2月2日,阴 /小雨,7℃ / 3℃,南风 ≤3级 /东南风 ≤3级,阴,小雨,7,3,南风,≤3级,东南风,≤3级,day
2015-02-02 17:45:00,南浦路,7、未按规定让行的 ,负全部责任,不负责任,1,贵AKS899,黑色,1,贵A61N29,白色,自培,-1,2001/8/30 0:00,-1,大众汽车牌,沃尔沃,36676551974766567X,674549000000000000 ,198303,197609,17,0,2,工作日,晚高峰(17-19点),2015-02-02,2015年2月2日,阴 /小雨,7℃ / 3℃,南风 ≤3级 /东南风 ≤3级,阴,小雨,7,3,南风,≤3级,东南风,≤3级,day
2015-02-02 13:15:00,沙冲路,7、未按规定让行的 ,负全部责任,不负责任,1,贵AG2424,黑,1,贵FS6943,黑,自培,-1,2002/10/11 0:00,-1,奥迪牌,豪爵牌,36454651835464601X,366067000000000000 ,197510,198607,13,0,2,工作日,非高峰,2015-02-02,2015年2月2日,阴 /小雨,7℃ / 3℃,南风 ≤3级 /东南风 ≤3级,阴,小雨,7,3,南风,≤3级,东南风,≤3级,day
2015-02-02 17:40:00,北京路,7、未按规定让行的 ,负全部责任,不负责任,1,贵A61448,白,1,贵A75G53,银,自培,-1,2004/7/19 0:00,-1,金杯,江淮牌,364548000000000000 ,366361000000000000 ,196302,198301,17,0,2,工作日,晚高峰(17-19点),2015-02-02,2015年2月2日,阴 /小雨,7℃ / 3℃,南风 ≤3级 /东南风 ≤3级,阴,小雨,7,3,南风,≤3级,东南风,≤3级,day
2015-02-03 09:00:00,花溪贵大,1、追尾的,负全部责任,不负责任,1,贵AED164,白色,1,贵CBK781,白色,自培,贵大驾校,2004/8/25 0:00,2011/11/2 0:00,中华牌,松花江,36454651294563705X,357266000000000000 ,196801,198201,9,1,2,工作日,早高峰(7-9点),2015-02-03,2015年2月3日,小雨 /小雨,6℃ / 1℃,东北风 ≤3级 /东北风 ≤3级,小雨,小雨,6,1,东北风,≤3级,东北风,≤3级,day
2015-02-03 08:50:00,遵义路,7、未按规定让行的 ,负全部责任,不负责任,1,贵AH5153,黑色,1,贵AJ8989,白色,自培,自培,2002/4/18 0:00,2000/6/15 0:00,嘉陵牌,北京现代,364556000000000000 ,364556000000000000 ,197506,197006,8,1,2,工作日,早高峰(7-9点),2015-02-03,2015年2月3日,小雨 /小雨,6℃ / 1℃,东北风 ≤3级 /东北风 ≤3级,小雨,小雨,6,1,东北风,≤3级,东北风,≤3级,day
2015-02-03 14:30:00,空招,1、追尾的,负全部责任,不负责任,1,贵A15G13,红,1,湘C6279C,黑,自培,-1,2002/7/26 0:00,-1,东风雪铁龙牌,东风日产牌,364547000000000000 ,74765500000000000 ,198406,198110,14,1,2,工作日,非高峰,2015-02-03,2015年2月3日,小雨 /小雨,6℃ / 1℃,东北风 ≤3级 /东北风 ≤3级,小雨,小雨,6,1,东北风,≤3级,东北风,≤3级,day
2015-02-03 13:00:00,威清路,8、依法应负全责的其他情形,负全部责任,不负责任,1,贵AN1221,黑,1,贵ASK531,蓝,自培,贵州晨运驾驶培训学校,2000/10/23 0:00,2005/11/17 0:00,丰田牌,起亚牌,364548000000000000 ,366367000000000000 ,198209,198008,13,1,2,工作日,非高峰,2015-02-03,2015年2月3日,小雨 /小雨,6℃ / 1℃,东北风 ≤3级 /东北风 ≤3级,小雨,小雨,6,1,东北风,≤3级,东北风,≤3级,day
2015-02-03 15:20:00,南明区,1、追尾的,负全部责任,不负责任,1,贵AU6853,绿色,1,贵A6BV91,白色,自培,-1,2009/7/6 0:00,-1,雅奇牌,福田牌,366575000000000000 ,70566700000000000 ,198706,197512,15,1,2,工作日,非高峰,2015-02-03,2015年2月3日,小雨 /小雨,6℃ / 1℃,东北风 ≤3级 /东北风 ≤3级,小雨,小雨,6,1,东北风,≤3级,东北风,≤3级,day
2015-02-03 13:05:00,头桥,1、追尾的,负全部责任,不负责任,1,渝A852A5,灰色,1,渝AFW017,白色,自培,-1,2006/1/20 0:00,-1,五菱牌,长安牌,355266000000000000 ,355461000000000000 ,198612,197411,13,1,2,工作日,非高峰,2015-02-03,2015年2月3日,小雨 /小雨,6℃ / 1℃,东北风 ≤3级 /东北风 ≤3级,小雨,小雨,6,1,东北风,≤3级,东北风,≤3级,day
2015-02-03 13:00:00,富水北路,9、不符合前8款规定或者双方同时具有上述情形的,负全部责任,不负责任,1,贵ABK298,白色,1,贵ASY828,白色,自培,-1,2004/4/30 0:00,-1,明锐牌,速腾牌,364547000000000000 ,36455100000000000 ,196811,198372,13,1,2,工作日,非高峰,2015-02-03,2015年2月3日,小雨 /小雨,6℃ / 1℃,东北风 ≤3级 /东北风 ≤3级,小雨,小雨,6,1,东北风,≤3级,东北风,≤3级,day
2015-02-03 14:18:00,贵钢,7、未按规定让行的 ,负全部责任,不负责任,1,贵A42J27,黑,1,贵A64L27,白,自培,-1,2004/12/14 0:00,-1,福特探险者,雪佛兰牌,36656651854156698X,364548000000000000 ,197109,195612,14,1,2,工作日,非高峰,2015-02-03,2015年2月3日,小雨 /小雨,6℃ / 1℃,东北风 ≤3级 /东北风 ≤3级,小雨,小雨,6,1,东北风,≤3级,东北风,≤3级,day
2015-02-02 19:00:00,贵阳市云岩区南亚路,7、未按规定让行的 ,负全部责任,不负责任,1,贵CFQ407,黑色,1,贵Au7315,黑色,自培,-1,2004/4/9 0:00,-1,雪佛兰牌,-1,364547000000000000 ,36454700000000000 ,197410,196704,19,0,2,工作日,晚高峰(17-19点),2015-02-02,2015年2月2日,阴 /小雨,7℃ / 3℃,南风 ≤3级 /东南风 ≤3级,阴,小雨,7,3,南风,≤3级,东南风,≤3级,day
2015-02-03 17:00:00,花果园,7、未按规定让行的 ,负全部责任,不负责任,1,贵AM6688,黑,1,贵A67W35,银,自培,520136,2000/10/31 0:00,2009/12/7 0:00,东风雪铁龙牌,长安牌,366876000000000000 ,364548000000000000 ,197312,199009,17,1,2,工作日,晚高峰(17-19点),2015-02-03,2015年2月3日,小雨 /小雨,6℃ / 1℃,东北风 ≤3级 /东北风 ≤3级,小雨,小雨,6,1,东北风,≤3级,东北风,≤3级,day
2015-02-03 22:00:00,白云区,7、未按规定让行的 ,负全部责任,不负责任,0,贵A40849,黑,1,贵AB063C,银,自培,自培,2003/7/14 0:00,2012/3/3 0:00,东风,帕萨特,366368000000000000 ,366567000000000000 ,197309,199105,22,1,2,工作日,非高峰,2015-02-03,2015年2月3日,小雨 /小雨,6℃ / 1℃,东北风 ≤3级 /东北风 ≤3级,小雨,小雨,6,1,东北风,≤3级,东北风,≤3级,night
2015-02-04 02:20:00,沙冲北路口灯处,9、不符合前8款规定或者双方同时具有上述情形的,负同等责任,负同等责任,1,贵AV0319,白色,1,贵AV4282,白色,自培,安顺驾校,2003/10/27 0:00,2009/3/12 0:00,宝马,新阳光牌,364548000000000000 ,366346000000000000 ,196412,198703,2,2,2,工作日,非高峰,2015-02-04,2015年2月4日,小雨 /小雨,4℃ / 0℃,东北风 ≤3级 /东北风 ≤3级,小雨,小雨,4,0,东北风,≤3级,东北风,≤3级,night
2015-02-03 16:00:00,花果园,7、未按规定让行的 ,负全部责任,不负责任,1,贵GJ5639,黑,1,渝B9M157,白,自培,-1,2003/9/3 0:00,-1,大众汽车牌,丰田牌,356168000000000000 ,354570000000000000 ,196410,198205,16,1,2,工作日,非高峰,2015-02-03,2015年2月3日,小雨 /小雨,6℃ / 1℃,东北风 ≤3级 /东北风 ≤3级,小雨,小雨,6,1,东北风,≤3级,东北风,≤3级,day
2015-02-03 19:00:00,金源街,8、依法应负全责的其他情形,负全部责任,不负责任,0,贵AAF575,黑,1,桂CNT577,黑,自培,-1,2003/10/27 0:00,-1,福克斯牌,奥迪牌,366347000000000000 ,34760500000000000 ,197401,199106,19,1,2,工作日,晚高峰(17-19点),2015-02-03,2015年2月3日,小雨 /小雨,6℃ / 1℃,东北风 ≤3级 /东北风 ≤3级,小雨,小雨,6,1,东北风,≤3级,东北风,≤3级,day
2015-02-04 11:40:00,西二环,1、追尾的,负全部责任,不负责任,1,贵JBB415,黑,1,贵A02309,银,自培,自培,2002/11/10 0:00,2007/4/11 0:00,大众汽车牌,柳特神力牌,74367500000000000 ,366347000000000000 ,198110,198112,11,2,2,工作日,非高峰,2015-02-04,2015年2月4日,小雨 /小雨,4℃ / 0℃,东北风 ≤3级 /东北风 ≤3级,小雨,小雨,4,0,东北风,≤3级,东北风,≤3级,day
2015-02-04 14:00:00,八匹马,7、未按规定让行的 ,负全部责任,不负责任,0,贵ABH824,黑,1,贵A68Z82,黄,自培,自培,2003/6/24 0:00,2000/7/31 0:00,奇瑞牌,东风雪铁龙牌,366570000000000000 ,364548000000000000 ,197702,197102,14,2,2,工作日,非高峰,2015-02-04,2015年2月4日,小雨 /小雨,4℃ / 0℃,东北风 ≤3级 /东北风 ≤3级,小雨,小雨,4,0,东北风,≤3级,东北风,≤3级,day
2015-02-04 10:30:00,云岩区,1、追尾的,负全部责任,不负责任,1,贵GR6826,黑色,1,贵A82J12,灰色,自培,-1,2006/8/11 0:00,-1,奇瑞牌,福克斯牌,366363000000000000 ,36636700000000000 ,198110,195990,10,2,2,工作日,非高峰,2015-02-04,2015年2月4日,小雨 /小雨,4℃ / 0℃,东北风 ≤3级 /东北风 ≤3级,小雨,小雨,4,0,东北风,≤3级,东北风,≤3级,day
2015-02-04 12:00:00,金朱东路,1、追尾的,负全部责任,不负责任,1,渝BU5259,蓝,0,贵AAH987,黑,自培,520123,2004/7/7 0:00,2009/2/11 0:00,无,五菱牌,366367000000000000 ,36606351804746656X,197312,197403,12,2,2,工作日,非高峰,2015-02-04,2015年2月4日,小雨 /小雨,4℃ / 0℃,东北风 ≤3级 /东北风 ≤3级,小雨,小雨,4,0,东北风,≤3级,东北风,≤3级,day
2015-02-04 15:50:00,沙冲路,1、追尾的,负全部责任,不负责任,1,贵ASW328,白色,1,贵GL1605,白色,自培,-1,2004/5/26 0:00,-1,现代,蒙迪欧牌,364547000000000000 ,34466751994962322X,198311,198808,15,2,2,工作日,非高峰,2015-02-04,2015年2月4日,小雨 /小雨,4℃ / 0℃,东北风 ≤3级 /东北风 ≤3级,小雨,小雨,4,0,东北风,≤3级,东北风,≤3级,day
2015-02-05 07:20:00,长林南路,8、依法应负全责的其他情形,负全部责任,不负责任,1,贵AS5022,黑,1,贵A62M89,蓝,自培,鑫鑫驾校,2005/1/27 0:00,2012/9/11 0:00,蓝鹰牌,福克斯牌,364548000000000000 ,366861000000000000 ,196010,198312,7,3,2,工作日,早高峰(7-9点),2015-02-05,2015年2月5日,阴 /阴,3℃ / 0℃,东北风 ≤3级 /东北风 ≤3级,阴,阴,3,0,东北风,≤3级,东北风,≤3级,day
2015-02-04 23:15:00,和尚坡,1、追尾的,负全部责任,不负责任,1,贵GV7776,黑,1,贵A25Y65,黄,自培,520118,2009/10/12 0:00,2008/1/28 0:00,雪佛兰牌,大众汽车牌,36656551804258505X,364548000000000000 ,197406,198808,23,2,2,工作日,非高峰,2015-02-04,2015年2月4日,小雨 /小雨,4℃ / 0℃,东北风 ≤3级 /东北风 ≤3级,小雨,小雨,4,0,东北风,≤3级,东北风,≤3级,night
2015-02-05 08:40:00,甲秀南路贵阳北站,1、追尾的,负全部责任,不负责任,1,贵A81E77,白色,1,贵AA049A,白色,自培,-1,2012/4/28 0:00,-1,马自达牌,丰田威驰,364556000000000000 ,364556000000000000 ,198905,138601,8,3,2,工作日,早高峰(7-9点),2015-02-05,2015年2月5日,阴 /阴,3℃ / 0℃,东北风 ≤3级 /东北风 ≤3级,阴,阴,3,0,东北风,≤3级,东北风,≤3级,day
2015-02-05 08:00:00,八匹马,1、追尾的,负全部责任,不负责任,0,贵AAT281,银,1,贵ARV119,蓝,自培,-1,2003/8/11 0:00,-1,丰田牌,富迪牌,364646000000000000 ,35746751984341905X,197011,198705,8,3,2,工作日,早高峰(7-9点),2015-02-05,2015年2月5日,阴 /阴,3℃ / 0℃,东北风 ≤3级 /东北风 ≤3级,阴,阴,3,0,东北风,≤3级,东北风,≤3级,day
2015-02-05 12:19:00,转弯塘,1、追尾的,负全部责任,不负责任,1,贵A21051,银,1,贵A7279A,红,自培,贵州省长安驾驶培训学校,2006/9/5 0:00,2012/1/12 0:00,三雅,长安牌,364557000000000000 ,366563000000000000 ,197809,197505,12,3,2,工作日,非高峰,2015-02-05,2015年2月5日,阴 /阴,3℃ / 0℃,东北风 ≤3级 /东北风 ≤3级,阴,阴,3,0,东北风,≤3级,东北风,≤3级,day
2015-02-05 08:30:00,友谊路,1、追尾的,负全部责任,不负责任,1,贵AHM268,黑,1,贵A7D817,黑,自培,-1,2004/6/11 0:00,-1,晶锐牌,宝骏牌,354657000000000000 ,355266000000000000 ,196804,198507,8,3,2,工作日,早高峰(7-9点),2015-02-05,2015年2月5日,阴 /阴,3℃ / 0℃,东北风 ≤3级 /东北风 ≤3级,阴,阴,3,0,东北风,≤3级,东北风,≤3级,day
2015-02-05 11:15:00,云潭北路,7、未按规定让行的 ,负全部责任,不负责任,0,贵AU0769,红,1,贵A2621L,银,自培,-1,2004/6/28 0:00,-1,宝来牌,思迪牌,364558000000000000 ,364558000000000000 ,197807,197105,11,3,2,工作日,非高峰,2015-02-05,2015年2月5日,阴 /阴,3℃ / 0℃,东北风 ≤3级 /东北风 ≤3级,阴,阴,3,0,东北风,≤3级,东北风,≤3级,day
2015-02-05 11:30:00,太慈桥青山路口,7、未按规定让行的 ,负全部责任,不负责任,1,578F7,白,1,124,绿,自培,-1,2001/4/27 0:00,-1,-1,-1,36676051824342325X,36154700000000000 ,197605,196062,11,3,2,工作日,非高峰,2015-02-05,2015年2月5日,阴 /阴,3℃ / 0℃,东北风 ≤3级 /东北风 ≤3级,阴,阴,3,0,东北风,≤3级,东北风,≤3级,day
2015-02-03 16:30:00,公园北路,1、追尾的,负全部责任,不负责任,1,贵ASC941,黑,1,贵A7PL69,银,自培,自培,2007/7/10 0:00,2004/5/9 0:00,雪佛兰牌,-1,364547000000000000 ,354661000000000000 ,198508,197001,16,1,2,工作日,非高峰,2015-02-03,2015年2月3日,小雨 /小雨,6℃ / 1℃,东北风 ≤3级 /东北风 ≤3级,小雨,小雨,6,1,东北风,≤3级,东北风,≤3级,day
2015-02-03 17:30:00,210国道,7、未按规定让行的 ,负全部责任,不负责任,1,贵A95506,银,1,贵AD6291,黑,自培,自培,2003/5/14 0:00,2004/3/19 0:00,陕汽牌,力阳牌,364557000000000000 ,366846000000000000 ,198210,197010,17,1,2,工作日,晚高峰(17-19点),2015-02-03,2015年2月3日,小雨 /小雨,6℃ / 1℃,东北风 ≤3级 /东北风 ≤3级,小雨,小雨,6,1,东北风,≤3级,东北风,≤3级,day
2015-02-04 14:02:00,71路,2、逆行的,负全部责任,不负责任,1,贵A23S11,黑,1,贵A88A53,黑,自培,自培,2002/6/11 0:00,2004/9/28 0:00,名爵牌,荣威牌,366347000000000000 ,364558000000000000 ,197812,197508,14,2,2,工作日,非高峰,2015-02-04,2015年2月4日,小雨 /小雨,4℃ / 0℃,东北风 ≤3级 /东北风 ≤3级,小雨,小雨,4,0,东北风,≤3级,东北风,≤3级,day
2015-02-05 11:15:00,市南路,7、未按规定让行的 ,负全部责任,不负责任,1,贵AU8901,白色,1,贵AAH662,白色,自培,预约考试窗口,2004/10/13 0:00,2007/5/30 0:00,嘉冠牌,建豪牌,366064000000000000 ,76366500000000000 ,197706,197605,11,3,2,工作日,非高峰,2015-02-05,2015年2月5日,阴 /阴,3℃ / 0℃,东北风 ≤3级 /东北风 ≤3级,阴,阴,3,0,东北风,≤3级,东北风,≤3级,day
2015-02-05 10:00:00,花溪平桥,7、未按规定让行的 ,负全部责任,不负责任,1,贵AR3488,白色,1,贵AU1316,白色,自培,智杰驾校,2001/7/24 0:00,2005/5/23 0:00,三本牌,大运牌,36636051945455095X,366361000000000000 ,198010,196909,10,3,2,工作日,非高峰,2015-02-05,2015年2月5日,阴 /阴,3℃ / 0℃,东北风 ≤3级 /东北风 ≤3级,阴,阴,3,0,东北风,≤3级,东北风,≤3级,day
2015-02-05 12:40:00,新添电影城,7、未按规定让行的 ,负全部责任,不负责任,1,贵A51192,黑,1,贵AE9987,黑,自培,-1,2003/8/25 0:00,-1,力帆,嘉陵牌,354366000000000000 ,366246000000000000 ,198209,196902,12,3,2,工作日,非高峰,2015-02-05,2015年2月5日,阴 /阴,3℃ / 0℃,东北风 ≤3级 /东北风 ≤3级,阴,阴,3,0,东北风,≤3级,东北风,≤3级,day
2015-02-05 09:25:00,人民政府,7、未按规定让行的 ,负全部责任,不负责任,1,贵A9737A,银,1,贵ALM604,银,自培,-1,2004/6/10 0:00,-1,长安牌,众泰牌,364547000000000000 ,726364000000000000 ,197803,198510,9,3,2,工作日,早高峰(7-9点),2015-02-05,2015年2月5日,阴 /阴,3℃ / 0℃,东北风 ≤3级 /东北风 ≤3级,阴,阴,3,0,东北风,≤3级,东北风,≤3级,day
2015-02-05 11:40:00,威清路,8、依法应负全责的其他情形,负全部责任,不负责任,1,闽C8544H,银,1,渝AGH595,红,自培,-1,2001/6/21 0:00,-1,别克牌,奇瑞牌,734345000000000000 ,354668000000000000 ,197410,196606,11,3,2,工作日,非高峰,2015-02-05,2015年2月5日,阴 /阴,3℃ / 0℃,东北风 ≤3级 /东北风 ≤3级,阴,阴,3,0,东北风,≤3级,东北风,≤3级,day
2015-02-05 13:00:00,观山东路,1、追尾的,负全部责任,不负责任,1,贵JJ1128,黑,1,贵FV5179,白,自培,-1,2013/12/5 0:00,-1,佳乐,吉利牌,36686351944761745X,366046000000000000 ,198003,199410,13,3,2,工作日,非高峰,2015-02-05,2015年2月5日,阴 /阴,3℃ / 0℃,东北风 ≤3级 /东北风 ≤3级,阴,阴,3,0,东北风,≤3级,东北风,≤3级,day
2015-02-05 16:30:00,金园路口,7、未按规定让行的 ,负全部责任,不负责任,1,贵ARC816,黑,1,贵ASX912,白,自培,自培,2004/2/18 0:00,2011/4/25 0:00,五菱牌,威志牌,504047000000000000 ,366068000000000000 ,195701,197809,16,3,2,工作日,非高峰,2015-02-05,2015年2月5日,阴 /阴,3℃ / 0℃,东北风 ≤3级 /东北风 ≤3级,阴,阴,3,0,东北风,≤3级,东北风,≤3级,day
2015-02-05 17:00:00,花果园,4、停车时未挂低速档、未拉驻车制动，导致车辆滑行的,负全部责任,不负责任,1,贵A59C33,白色,1,贵CJS914,白色,自培,新华驾校,2004/8/3 0:00,2014/1/16 0:00,福克斯牌,东风日产牌,364548000000000000 ,366568000000000000 ,197708,199104,17,3,2,工作日,晚高峰(17-19点),2015-02-05,2015年2月5日,阴 /阴,3℃ / 0℃,东北风 ≤3级 /东北风 ≤3级,阴,阴,3,0,东北风,≤3级,东北风,≤3级,day