accidenttime,accidentaddr,driver1fault,driver1responsibility,driver2responsibility,sex1,platenumber1,carcolor1,sex2,platenumber2,carcolor2,jxmc1,jxmc2,cclzrq1,cclzrq2,clpp1,clpp2,driver1license,driver2license,brith1,brith2,hour,weekday,month,is_weekday,peak_hour,date,日期,天气状况,气温,风力风向,day_wea,night_wea,day_tep,night_tep,day_wind_direction,day_wind_speed,night_wind_direction,night_wind_speed,segment
2015-02-05 17:15:00,护国路,8、依法应负全责的其他情形,负全部责任,不负责任,1,贵AU6334,绿,1,贵HAC428,黑,自培,自培,2007/4/23 0:00,2002/9/17 0:00,东力牌,奥迪牌,364556000000000000 ,364646000000000000 ,198201,197308,17,3,2,工作日,晚高峰(17-19点),2015-02-05,2015年2月5日,阴 /阴,3℃ / 0℃,东北风 ≤3级 /东北风 ≤3级,阴,阴,3,0,东北风,≤3级,东北风,≤3级,day
2015-02-05 18:53:00,解放桥上,1、追尾的,负全部责任,不负责任,1,贵ALR332,黑色,1,贵FR1089,白色,自培,-1,2002/12/10 0:00,-1,长安牌,一汽佳星牌,366366000000000000 ,366064000000000000 ,197101,198002,18,3,2,工作日,晚高峰(17-19点),2015-02-05,2015年2月5日,阴 /阴,3℃ / 0℃,东北风 ≤3级 /东北风 ≤3级,阴,阴,3,0,东北风,≤3级,东北风,≤3级,day
2015-02-06 11:20:00,观山东路,7、未按规定让行的 ,负全部责任,不负责任,1,贵ANZ415,黑,1,贵ASZ226,红,自培,自培,2002/7/30 0:00,1996/11/5 0:00,吉利美日牌,马自达牌,364556000000000000 ,364547000000000000 ,197805,194811,11,4,2,工作日,非高峰,2015-02-06,2015年2月6日,多云 /小雨,9℃ / 2℃,南风 ≤3级 /南风 ≤3级,多云,小雨,9,2,南风,≤3级,南风,≤3级,day
2015-02-06 12:35:00,东山路,8、依法应负全责的其他情形,负全部责任,不负责任,1,贵AUA054,白,1,贵A72L58,黄,自培,（南明区）吉源驾驶培训有限公司,2002/10/28 0:00,-1,丰田牌,金杯牌,366367000000000000 ,364556000000000000 ,197205,198910,12,4,2,工作日,非高峰,2015-02-06,2015年2月6日,多云 /小雨,9℃ / 2℃,南风 ≤3级 /南风 ≤3级,多云,小雨,9,2,南风,≤3级,南风,≤3级,day
2015-02-06 10:40:00,甲秀南路,1、追尾的,负全部责任,不负责任,1,黑AT54KC,白色,1,贵ANL325,黑,自培,-1,2008/10/15 0:00,-1,\N,东风雪铁龙牌,366061000000000000 ,364556000000000 ,198002,761103,10,4,2,工作日,非高峰,2015-02-06,2015年2月6日,多云 /小雨,9℃ / 2℃,南风 ≤3级 /南风 ≤3级,多云,小雨,9,2,南风,≤3级,南风,≤3级,day
2015-02-06 10:40:00,碧海花园,3、倒车的,负全部责任,不负责任,1,川EAC501,银,1,贵AKB271,黑,自培,预约考试窗口,2004/11/3 0:00,2006/12/22 0:00,长安牌,东风日产牌,354366000000000000 ,354366000000000000 ,198305,197008,10,4,2,工作日,非高峰,2015-02-06,2015年2月6日,多云 /小雨,9℃ / 2℃,南风 ≤3级 /南风 ≤3级,多云,小雨,9,2,南风,≤3级,南风,≤3级,day
2015-02-06 14:00:00,金阳医院,3、倒车的,负全部责任,不负责任,0,贵GX2508,黄,1,贵AKR365,白,自培,-1,2010/10/13 0:00,-1,大众牌,长安牌,366669000000000000 ,364548000000000000 ,198609,195704,14,4,2,工作日,非高峰,2015-02-06,2015年2月6日,多云 /小雨,9℃ / 2℃,南风 ≤3级 /南风 ≤3级,多云,小雨,9,2,南风,≤3级,南风,≤3级,day
2015-02-06 15:00:00,流云花园,8、依法应负全责的其他情形,负全部责任,不负责任,1,贵AGX276,红,1,贵A88H36,蓝,自培,预约考试窗口,2003/12/18 0:00,2007/2/25 0:00,金旅牌,五菱牌,364547000000000000 ,74062500000000000 ,196410,198112,15,4,2,工作日,非高峰,2015-02-06,2015年2月6日,多云 /小雨,9℃ / 2℃,南风 ≤3级 /南风 ≤3级,多云,小雨,9,2,南风,≤3级,南风,≤3级,day
2015-02-06 17:30:00,长岭南路,7、未按规定让行的 ,负全部责任,不负责任,1,贵ACP521,白,1,贵F6096P,黑,自培,贵州现代驾驶培训责任有限公司,2007/1/22 0:00,2013/10/28 0:00,比亚迪牌,-1,364548000000000000 ,366068000000000000 ,196911,199505,17,4,2,工作日,晚高峰(17-19点),2015-02-06,2015年2月6日,多云 /小雨,9℃ / 2℃,南风 ≤3级 /南风 ≤3级,多云,小雨,9,2,南风,≤3级,南风,≤3级,day
2015-02-06 19:08:00,杨家庄,7、未按规定让行的 ,负全部责任,不负责任,1,贵A58M93,蓝,1,贵AU0347,绿,自培,自培,2004/1/12 0:00,2013/4/8 0:00,别克牌,金龙牌,366061000000000000 ,366664000000000000 ,197910,198804,19,4,2,工作日,晚高峰(17-19点),2015-02-06,2015年2月6日,多云 /小雨,9℃ / 2℃,南风 ≤3级 /南风 ≤3级,多云,小雨,9,2,南风,≤3级,南风,≤3级,day
2015-02-07 11:30:00,北京西路,9、不符合前8款规定或者双方同时具有上述情形的,负同等责任,负同等责任,1,贵A28N15,银,1,贵A34651,红,自培,自培,2004/4/19 0:00,1989/3/31 0:00,梅赛德斯-奔驰,福狮牌,364551000000000000 ,364547000000000000 ,198203,195604,11,5,2,工作日,非高峰,2015-02-07,2015年2月7日,阴 /阴,8℃ / 3℃,东北风 ≤3级 /东北风 ≤3级,阴,阴,8,3,东北风,≤3级,东北风,≤3级,day
2015-02-05 11:40:00,小河区开发大道, ,负全部责任,不负责任,1,贵AKV859,红色,1,贵A856P3,白色,自培,自培,2006/11/2 0:00,2002/5/9 0:00,骐达牌,-1,364548000000000000 ,364547000000000000 ,198307,198010,11,3,2,工作日,非高峰,2015-02-05,2015年2月5日,阴 /阴,3℃ / 0℃,东北风 ≤3级 /东北风 ≤3级,阴,阴,3,0,东北风,≤3级,东北风,≤3级,day
2015-02-05 23:10:00,盐务街,7、未按规定让行的 ,负全部责任,不负责任,1,"贵A5A,18",黑,1,贵AN3677,黄,自培,自培,2000/5/20 0:00,2001/12/5 0:00,-1,蒙迪欧牌,364548000000000000 ,364548000000000000 ,198005,197705,23,3,2,工作日,非高峰,2015-02-05,2015年2月5日,阴 /阴,3℃ / 0℃,东北风 ≤3级 /东北风 ≤3级,阴,阴,3,0,东北风,≤3级,东北风,≤3级,night
2015-02-05 21:50:00,五里冲,1、追尾的,负全部责任,不负责任,1,贵A35015,黑色,1,渝A78930,白色,自培,自培,2008/12/16 0:00,2004/4/30 0:00,豪泺牌,川路,366068000000000000 ,366363000000000000 ,197011,196905,21,3,2,工作日,非高峰,2015-02-05,2015年2月5日,阴 /阴,3℃ / 0℃,东北风 ≤3级 /东北风 ≤3级,阴,阴,3,0,东北风,≤3级,东北风,≤3级,night
2015-02-06 08:40:00,沙冲路口,9、不符合前8款规定或者双方同时具有上述情形的,负全部责任,不负责任,1,贵A89E75,白色,1,贵A33478,黑色,自培,自培,2007/5/22 0:00,2001/7/5 0:00,雪佛兰牌,中联牌,364547000000000000 ,364547000000000000 ,198902,196410,8,4,2,工作日,早高峰(7-9点),2015-02-06,2015年2月6日,多云 /小雨,9℃ / 2℃,南风 ≤3级 /南风 ≤3级,多云,小雨,9,2,南风,≤3级,南风,≤3级,day
2015-02-06 11:30:00,南环立交桥下,1、追尾的,负全部责任,不负责任,1,贵A86G34,黑色,1,贵A44V17,白色,自培,自培,2005/2/28 0:00,2003/9/12 0:00,奥迪,丰田牌,364548000000000000 ,354767000000000000 ,198701,198001,11,4,2,工作日,非高峰,2015-02-06,2015年2月6日,多云 /小雨,9℃ / 2℃,南风 ≤3级 /南风 ≤3级,多云,小雨,9,2,南风,≤3级,南风,≤3级,day
2015-02-06 16:30:00,花果园,7、未按规定让行的 ,负全部责任,不负责任,1,贵A931B5,白色,1,贵A3949Z,黑色,自培,自培,2000/11/29 0:00,2004/10/19 0:00,福田牌,飞度牌,355463000000000000 ,366068000000000000 ,197012,195612,16,4,2,工作日,非高峰,2015-02-06,2015年2月6日,多云 /小雨,9℃ / 2℃,南风 ≤3级 /南风 ≤3级,多云,小雨,9,2,南风,≤3级,南风,≤3级,day
2015-02-07 13:45:00,八匹马,1、追尾的,负全部责任,不负责任,1,贵AU2164,绿,1,贵A94Y95,银,自培,蓝天驾校,2000/5/24 0:00,2012/11/12 0:00,瑞麒牌,起亚牌,364557000000000000 ,366361000000000000 ,197009,195404,13,5,2,工作日,非高峰,2015-02-07,2015年2月7日,阴 /阴,8℃ / 3℃,东北风 ≤3级 /东北风 ≤3级,阴,阴,8,3,东北风,≤3级,东北风,≤3级,day
2015-02-07 14:50:00,紫林庵,1、追尾的,负全部责任,不负责任,1,贵A15B39,黑,1,贵A8BH08,银,自培,-1,2004/3/30 0:00,-1,宝马,明锐牌,366766000000000000 ,366669000000000000 ,196709,196408,14,5,2,工作日,非高峰,2015-02-07,2015年2月7日,阴 /阴,8℃ / 3℃,东北风 ≤3级 /东北风 ≤3级,阴,阴,8,3,东北风,≤3级,东北风,≤3级,day
2015-02-07 16:00:00,北京西路,8、依法应负全责的其他情形,负全部责任,不负责任,1,贵ALA555,白,0,贵GY4316,黄,自培,青正驾校,2009/4/24 0:00,2014/6/4 0:00,圣路牌,奥迪牌,35476651984160273X,364557000000000000 ,198709,199202,16,5,2,工作日,非高峰,2015-02-07,2015年2月7日,阴 /阴,8℃ / 3℃,东北风 ≤3级 /东北风 ≤3级,阴,阴,8,3,东北风,≤3级,东北风,≤3级,day
2015-02-07 15:10:00,扶风路,8、依法应负全责的其他情形,负全部责任,不负责任,1,贵HH8767,黑,1,贵HAY871,白,自培,贵州现代驾驶培训责任有限公司,2006/8/31 0:00,2015/1/9 0:00,沃尔沃,吉利牌,366246000000000000 ,364547000000000000 ,196603,197405,15,5,2,工作日,非高峰,2015-02-07,2015年2月7日,阴 /阴,8℃ / 3℃,东北风 ≤3级 /东北风 ≤3级,阴,阴,8,3,东北风,≤3级,东北风,≤3级,day
2015-02-07 17:34:00,云岩区仙鹅路口,3、倒车的,负全部责任,不负责任,1,贵APR972,白色,1,贵ANX129,黑色,自培,文通驾校,2003/7/21 0:00,2011/5/5 0:00,长安牌,马自达牌,366566000000000000 ,364548000000000000 ,197908,198907,17,5,2,工作日,晚高峰(17-19点),2015-02-07,2015年2月7日,阴 /阴,8℃ / 3℃,东北风 ≤3级 /东北风 ≤3级,阴,阴,8,3,东北风,≤3级,东北风,≤3级,day
2015-02-07 20:30:00,望城坡,1、追尾的,负全部责任,不负责任,1,贵A76K29,黑色,1,贵AHW828,白色,自培,-1,2011/6/7 0:00,-1,大众汽车牌,三菱牌,364557000000000000 ,784564000000000000 ,197806,198907,20,5,2,工作日,非高峰,2015-02-07,2015年2月7日,阴 /阴,8℃ / 3℃,东北风 ≤3级 /东北风 ≤3级,阴,阴,8,3,东北风,≤3级,东北风,≤3级,night
2015-02-07 15:40:00,火车站,1、追尾的,负全部责任,不负责任,1,贵ACS364,白色,1,贵FX7751,黑色,自培,预约考试窗口,2003/11/19 0:00,2006/12/15 0:00,福特牌,中华牌,364547000000000000 ,366068000000000000 ,196905,197908,15,5,2,工作日,非高峰,2015-02-07,2015年2月7日,阴 /阴,8℃ / 3℃,东北风 ≤3级 /东北风 ≤3级,阴,阴,8,3,东北风,≤3级,东北风,≤3级,day
2015-02-08 00:00:00,白修线,1、追尾的,负全部责任,不负责任,1,贵ATA703,黑色,1,贵ADY443,黑色,自培,520114,2001/7/31 0:00,2008/10/21 0:00,长安牌,江淮牌,364558000000000000 ,364548000000000000 ,198111,197010,0,6,2,周末,非高峰,2015-02-08,2015年2月8日,阴 /阴,7℃ / 3℃,东北风 ≤3级 /南风 ≤3级,阴,阴,7,3,东北风,≤3级,南风,≤3级,night
2015-02-07 18:25:00,小河转盘,8、依法应负全责的其他情形,负全部责任,不负责任,1,贵AW8405,白色,1,贵CC1140,黑色,自培,-1,2004/10/26 0:00,-1,豪爵牌,劳恩斯酷派,364548000000000000 ,366564000000000000 ,197912,198903,18,5,2,工作日,晚高峰(17-19点),2015-02-07,2015年2月7日,阴 /阴,8℃ / 3℃,东北风 ≤3级 /东北风 ≤3级,阴,阴,8,3,东北风,≤3级,东北风,≤3级,day
2015-02-08 09:40:00,帝景传说,7、未按规定让行的 ,负全部责任,不负责任,1,贵A6113B,白,1,湘A7961D,黑,自培,-1,2008/7/28 0:00,-1,起亚牌,梅赛德斯-奔驰牌,366566000000000000 ,366061000000000000 ,196502,197108,9,6,2,周末,早高峰(7-9点),2015-02-08,2015年2月8日,阴 /阴,7℃ / 3℃,东北风 ≤3级 /南风 ≤3级,阴,阴,7,3,东北风,≤3级,南风,≤3级,day
2015-02-08 12:00:00,艺校立交桥下,7、未按规定让行的 ,负全部责任,不负责任,1,贵AV6819,白色,1,贵O8612警,白色,自培,长运驾校,2000/9/27 0:00,2012/11/9 0:00,宗申牌,-1,364556000000000000 ,364547000000000000 ,196401,199402,12,6,2,周末,非高峰,2015-02-08,2015年2月8日,阴 /阴,7℃ / 3℃,东北风 ≤3级 /南风 ≤3级,阴,阴,7,3,东北风,≤3级,南风,≤3级,day
2015-02-07 21:10:00,南明区营盘路,1、追尾的,负全部责任,不负责任,1,贵A8B271,黑色,1,贵A25K35,黑色,自培,-1,2011/9/20 0:00,-1,五菱牌,纳智捷牌,374069000000000000 ,366868000000000000 ,198502,199052,21,5,2,工作日,非高峰,2015-02-07,2015年2月7日,阴 /阴,8℃ / 3℃,东北风 ≤3级 /东北风 ≤3级,阴,阴,8,3,东北风,≤3级,东北风,≤3级,night
2015-02-08 12:11:00,环城北路,7、未按规定让行的 ,负全部责任,不负责任,1,贵A78S68,银,1,贵A74P23,黑,自培,-1,2000/8/15 0:00,-1,SRX(E5),大众汽车牌,366061000000000000 ,364047000000000 ,196901,620228,12,6,2,周末,非高峰,2015-02-08,2015年2月8日,阴 /阴,7℃ / 3℃,东北风 ≤3级 /南风 ≤3级,阴,阴,7,3,东北风,≤3级,南风,≤3级,day
2015-02-08 14:00:00,北京西路,7、未按规定让行的 ,负全部责任,不负责任,1,贵AHN248,银,1,贵A6BF69,黑,自培,路顺驾校,2002/10/28 0:00,2013/8/2 0:00,起亚牌,翼虎牌,364547000000000000 ,366664000000000000 ,197408,198012,14,6,2,周末,非高峰,2015-02-08,2015年2月8日,阴 /阴,7℃ / 3℃,东北风 ≤3级 /南风 ≤3级,阴,阴,7,3,东北风,≤3级,南风,≤3级,day
2015-02-08 14:15:00,白金大道,8、依法应负全责的其他情形,负全部责任,不负责任,1,贵ATX614,银,1,贵A7973T,银,自培,-1,2004/12/17 0:00,-1,五菱牌,北京现代牌,364558000000000000 ,355466000000000000 ,196603,197105,14,6,2,周末,非高峰,2015-02-08,2015年2月8日,阴 /阴,7℃ / 3℃,东北风 ≤3级 /南风 ≤3级,阴,阴,7,3,东北风,≤3级,南风,≤3级,day
2015-02-08 11:55:00,花果园,7、未按规定让行的 ,负全部责任,不负责任,1,贵AB548A,黑色,1,贵ARU917,黑色,自培,长运驾校,2002/5/29 0:00,2004/8/23 0:00,雪佛兰牌,奥迪牌,364548000000000000 ,355667000000000000 ,198108,197905,11,6,2,周末,非高峰,2015-02-08,2015年2月8日,阴 /阴,7℃ / 3℃,东北风 ≤3级 /南风 ≤3级,阴,阴,7,3,东北风,≤3级,南风,≤3级,day
2015-02-08 15:30:00,三桥,7、未按规定让行的 ,负同等责任,负同等责任,1,贵A58R35,黑,0,贵A6125,黑,自培,-1,2005/1/4 0:00,-1,宝马,比亚迪牌,364548000000000000 ,364557000000000000 ,198411,197501,15,6,2,周末,非高峰,2015-02-08,2015年2月8日,阴 /阴,7℃ / 3℃,东北风 ≤3级 /南风 ≤3级,阴,阴,7,3,东北风,≤3级,南风,≤3级,day
2015-02-08 17:00:00,北京西路,1、追尾的,负全部责任,不负责任,1,贵A85B27,银,1,贵A76N56,黑,自培,预约考试窗口,2000/5/22 0:00,2007/2/9 0:00,北京现代牌,飞度牌,366566000000000000 ,356668000000000000 ,198004,197304,17,6,2,周末,晚高峰(17-19点),2015-02-08,2015年2月8日,阴 /阴,7℃ / 3℃,东北风 ≤3级 /南风 ≤3级,阴,阴,7,3,东北风,≤3级,南风,≤3级,day
2015-02-08 17:00:00,北京西路居然之家门口,1、追尾的,负全部责任,不负责任,1,贵A85B27,银色,1,贵A76N56,白色,自培,预约考试窗口,2000/5/22 0:00,2007/2/9 0:00,北京现代牌,飞度牌,366566000000000000 ,356668000000000000 ,198004,197304,17,6,2,周末,晚高峰(17-19点),2015-02-08,2015年2月8日,阴 /阴,7℃ / 3℃,东北风 ≤3级 /南风 ≤3级,阴,阴,7,3,东北风,≤3级,南风,≤3级,day
2015-02-09 07:00:00,小河香江路中兴花园,7、未按规定让行的 ,负全部责任,不负责任,1,贵AA5881,红色,1,贵AOR351,黑色,自培,消防驾校,2000/9/13 0:00,2003/8/8 0:00,奥迪,-1,364547000000000000 ,364556000000000000 ,196703,197401,7,0,2,工作日,早高峰(7-9点),2015-02-09,2015年2月9日,阴 /小雨,6℃ / 4℃,东北风 ≤3级 /东北风 ≤3级,阴,小雨,6,4,东北风,≤3级,东北风,≤3级,day
2015-02-08 22:30:00,三桥,8、依法应负全责的其他情形,负全部责任,不负责任,1,贵AH6353,黄,1,贵AU2088,绿,自培,-1,2001/9/10 0:00,-1,凌肯牌,瑞麒牌,364548000000000000 ,366061000000000000 ,195801,198709,22,6,2,周末,非高峰,2015-02-08,2015年2月8日,阴 /阴,7℃ / 3℃,东北风 ≤3级 /南风 ≤3级,阴,阴,7,3,东北风,≤3级,南风,≤3级,night
2015-02-07 15:20:00,宅吉小区,8、依法应负全责的其他情形,负全部责任,不负责任,1,贵APX535,银,1,贵A18M47,黑,自培,自培,2004/3/10 0:00,2007/7/18 0:00,夏利牌,波罗牌,364551000000000000 ,366546000000000000 ,197709,198312,15,5,2,工作日,非高峰,2015-02-07,2015年2月7日,阴 /阴,8℃ / 3℃,东北风 ≤3级 /东北风 ≤3级,阴,阴,8,3,东北风,≤3级,东北风,≤3级,day
2015-02-07 15:00:00,小关隧道,1、追尾的,负全部责任,不负责任,0,贵JS3448,银,1,辽AL921Y,黑,自培,自培,2003/3/26 0:00,2012/12/6 0:00,起亚牌,宝马牌,364556000000000000 ,654547000000000000 ,197302,198410,15,5,2,工作日,非高峰,2015-02-07,2015年2月7日,阴 /阴,8℃ / 3℃,东北风 ≤3级 /东北风 ≤3级,阴,阴,8,3,东北风,≤3级,东北风,≤3级,day
2015-02-07 18:00:00,百花山,1、追尾的,负全部责任,不负责任,1,贵FK4717,银,1,贵AHT349,黑,自培,自培,2005/6/15 0:00,2011/9/30 0:00,别克牌,歌诗图牌,366063000000000000 ,356166000000000000 ,196301,197110,18,5,2,工作日,晚高峰(17-19点),2015-02-07,2015年2月7日,阴 /阴,8℃ / 3℃,东北风 ≤3级 /东北风 ≤3级,阴,阴,8,3,东北风,≤3级,东北风,≤3级,day
2015-02-07 23:30:00,北京路,1、追尾的,负全部责任,不负责任,1,贵A33C49,白,1,贵AA8834,银,自培,自培,2004/2/20 0:00,2002/12/1 0:00,起亚牌,凯马,366669000000000000 ,357366000000000000 ,197309,197005,23,5,2,工作日,非高峰,2015-02-07,2015年2月7日,阴 /阴,8℃ / 3℃,东北风 ≤3级 /东北风 ≤3级,阴,阴,8,3,东北风,≤3级,东北风,≤3级,night
2015-02-08 15:00:00,甲秀南路杨家山隧道口,1、追尾的,负全部责任,不负责任,1,贵A57B45,黑色,1,贵AFJ868,黑色,自培,自培,2007/7/24 0:00,2004/9/27 0:00,莲花牌,比亚迪牌,36454651274246496X,364547000000000000 ,196306,196605,15,6,2,周末,非高峰,2015-02-08,2015年2月8日,阴 /阴,7℃ / 3℃,东北风 ≤3级 /南风 ≤3级,阴,阴,7,3,东北风,≤3级,南风,≤3级,day
2015-02-09 00:00:00,八公里,7、未按规定让行的 ,负全部责任,不负责任,1,贵ABS119,白色,1,贵A0825Y,黑色,自培,新天驾校（乌当区）,2007/2/6 0:00,2002/8/27 0:00,福特锐界,东风标致牌,74365500000000000 ,366361000000000000 ,198208,197404,0,0,2,工作日,非高峰,2015-02-09,2015年2月9日,阴 /小雨,6℃ / 4℃,东北风 ≤3级 /东北风 ≤3级,阴,小雨,6,4,东北风,≤3级,东北风,≤3级,night
2015-02-09 08:00:00,大昌隆,9、不符合前8款规定或者双方同时具有上述情形的,负同等责任,负同等责任,1,贵AU0788,绿,1,贵A27F16,银,自培,-1,2007/8/17 0:00,-1,海陵牌,福克斯牌,366569000000000000 ,366670000000000000 ,198009,199107,8,0,2,工作日,早高峰(7-9点),2015-02-09,2015年2月9日,阴 /小雨,6℃ / 4℃,东北风 ≤3级 /东北风 ≤3级,阴,小雨,6,4,东北风,≤3级,东北风,≤3级,day
2015-02-09 11:00:00,西南环线,7、未按规定让行的 ,负全部责任,不负责任,1,贵A24758,白色,1,贵AA869P,白色,自培,-1,2001/5/14 0:00,-1,别克牌,力帆牌,354661000000000000 ,344546000000000000 ,197701,199308,11,0,2,工作日,非高峰,2015-02-09,2015年2月9日,阴 /小雨,6℃ / 4℃,东北风 ≤3级 /东北风 ≤3级,阴,小雨,6,4,东北风,≤3级,东北风,≤3级,day
2015-02-09 10:10:00,友谊路,1、追尾的,负全部责任,不负责任,1,贵A61R56,绿,1,贵AU0862,绿,自培,-1,2003/6/11 0:00,-1,捷达,捷达牌,366067000000000000 ,364558000000000000 ,197008,197801,10,0,2,工作日,非高峰,2015-02-09,2015年2月9日,阴 /小雨,6℃ / 4℃,东北风 ≤3级 /东北风 ≤3级,阴,小雨,6,4,东北风,≤3级,东北风,≤3级,day
2015-02-09 11:50:00,花溪大道华丰市场门口,1、追尾的,负全部责任,不负责任,1,贵A492E7,白色,1,贵AW4218,白色,自培,520111,2006/5/19 0:00,2008/12/17 0:00,奥铃牌,佛斯弟牌,364558000000000000 ,366364000000000000 ,197306,197003,11,0,2,工作日,非高峰,2015-02-09,2015年2月9日,阴 /小雨,6℃ / 4℃,东北风 ≤3级 /东北风 ≤3级,阴,小雨,6,4,东北风,≤3级,东北风,≤3级,day
2015-02-09 12:05:00,白云区,8、依法应负全责的其他情形,负全部责任,不负责任,1,贵AS8227,红,1,贵A94573,银,自培,贵州贵龙驾校,2002/8/9 0:00,2014/7/18 0:00,大运牌,嘉陵,364558000000000000 ,364558000000000000 ,198111,196002,12,0,2,工作日,非高峰,2015-02-09,2015年2月9日,阴 /小雨,6℃ / 4℃,东北风 ≤3级 /东北风 ≤3级,阴,小雨,6,4,东北风,≤3级,东北风,≤3级,day
2015-02-09 14:30:00,云潭路,1、追尾的,负全部责任,不负责任,1,贵AAX155,红,1,贵A22V53,蓝,自培,520127,2002/5/27 0:00,2006/9/28 0:00,明锐牌,雅阁牌,364548000000000000 ,366864000000000000 ,197809,198110,14,0,2,工作日,非高峰,2015-02-09,2015年2月9日,阴 /小雨,6℃ / 4℃,东北风 ≤3级 /东北风 ≤3级,阴,小雨,6,4,东北风,≤3级,东北风,≤3级,day
2015-02-09 17:40:00,宝山北路,9、不符合前8款规定或者双方同时具有上述情形的,负同等责任,负同等责任,1,贵A19043,黑色,1,贵A39844,白色,自培,铁二局驾校,2004/4/10 0:00,2012/3/1 0:00,力帆牌,豪泺牌,366561000000000000 ,364548000000000000 ,197603,198810,17,0,2,工作日,晚高峰(17-19点),2015-02-09,2015年2月9日,阴 /小雨,6℃ / 4℃,东北风 ≤3级 /东北风 ≤3级,阴,小雨,6,4,东北风,≤3级,东北风,≤3级,day
2015-02-09 17:20:00,金阳车站,7、未按规定让行的 ,负全部责任,不负责任,1,贵AJZ515,黑,1,贵AVE61,黄,自培,520133,2006/12/29 0:00,2010/12/30 0:00,长安牌,-1,366368000000000000 ,366364000000000000 ,198309,197202,17,0,2,工作日,晚高峰(17-19点),2015-02-09,2015年2月9日,阴 /小雨,6℃ / 4℃,东北风 ≤3级 /东北风 ≤3级,阴,小雨,6,4,东北风,≤3级,东北风,≤3级,day
2015-02-09 15:11:00,转弯塘,7、未按规定让行的 ,负全部责任,不负责任,1,贵A9544K,黑,1,贵AC7309,黒,自培,-1,2003/9/5 0:00,-1,长安牌,嘉陵牌,364568000000000000 ,364548000000000000 ,198507,196308,15,0,2,工作日,非高峰,2015-02-09,2015年2月9日,阴 /小雨,6℃ / 4℃,东北风 ≤3级 /东北风 ≤3级,阴,小雨,6,4,东北风,≤3级,东北风,≤3级,day
2015-02-09 15:50:00,西二环,8、依法应负全责的其他情形,负全部责任,不负责任,1,贵A325E4,银,1,贵EL8698,银,自培,诚信驾驶培训学校,2003/12/11 0:00,2014/1/16 0:00,解放牌,金杯牌,364547000000000000 ,366766000000000000 ,198304,198410,15,0,2,工作日,非高峰,2015-02-09,2015年2月9日,阴 /小雨,6℃ / 4℃,东北风 ≤3级 /东北风 ≤3级,阴,小雨,6,4,东北风,≤3级,东北风,≤3级,day
2015-02-09 18:00:00,东林寺,1、追尾的,负全部责任,不负责任,1,贵GN3527,灰,1,贵GT1844,黑,自培,消防驾校,2004/12/10 0:00,2013/10/17 0:00,辉腾,大众汽车牌,366561000000000000 ,364558000000000000 ,198203,196910,18,0,2,工作日,晚高峰(17-19点),2015-02-09,2015年2月9日,阴 /小雨,6℃ / 4℃,东北风 ≤3级 /东北风 ≤3级,阴,小雨,6,4,东北风,≤3级,东北风,≤3级,day
2015-02-10 08:15:00,市西高架,1、追尾的,负全部责任,不负责任,0,贵AU5753,绿,1,贵A34A43,黄,自培,新华驾校,2004/10/13 0:00,2011/6/29 0:00,捷达牌,波罗牌,366068000000000000 ,364556000000000000 ,197704,199201,8,1,2,工作日,早高峰(7-9点),2015-02-10,2015年2月10日,小雨 /小雨,6℃ / 3℃,东北风 ≤3级 /东风 ≤3级,小雨,小雨,6,3,东北风,≤3级,东风,≤3级,day
2015-02-10 08:00:00,五里冲,7、未按规定让行的 ,负全部责任,不负责任,0,贵BR9845,黑,1,贵A5115A,银,自培,-1,2014/4/24 0:00,-1,蒙迪欧,吉利牌,366367000000000000 ,36455600000000000 ,195709,198022,8,1,2,工作日,早高峰(7-9点),2015-02-10,2015年2月10日,小雨 /小雨,6℃ / 3℃,东北风 ≤3级 /东风 ≤3级,小雨,小雨,6,3,东北风,≤3级,东风,≤3级,day
2015-02-10 12:00:00,黔陶乡,7、未按规定让行的 ,负全部责任,不负责任,1,贵HY4153,白色,1,贵AA261W,白色,自培,-1,2007/12/28 0:00,-1,福克斯牌,比亚迪牌,36666551874574565X,364556000000000000 ,197301,199209,12,1,2,工作日,非高峰,2015-02-10,2015年2月10日,小雨 /小雨,6℃ / 3℃,东北风 ≤3级 /东风 ≤3级,小雨,小雨,6,3,东北风,≤3级,东风,≤3级,day
2015-02-10 13:00:00,白云区, ,负全部责任,不负责任,1,贵A65V91,黑,1,贵A5777B,红,自培,自培,2002/6/18 0:00,2012/10/8 0:00,雅阁牌,长安牌,366861000000000000 ,364558000000000000 ,198207,199008,13,1,2,工作日,非高峰,2015-02-10,2015年2月10日,小雨 /小雨,6℃ / 3℃,东北风 ≤3级 /东风 ≤3级,小雨,小雨,6,3,东北风,≤3级,东风,≤3级,day
2015-02-10 22:25:00,宝山南路,8、依法应负全责的其他情形,负全部责任,不负责任,1,贵A3C834,黄色,1,贵A75J53,白色,自培,贵州现代驾驶培训责任有限公司,2004/9/27 0:00,2010/5/6 0:00,福克斯牌,丰田牌,364548000000000000 ,36454651154063565X,198408,199104,22,1,2,工作日,非高峰,2015-02-10,2015年2月10日,小雨 /小雨,6℃ / 3℃,东北风 ≤3级 /东风 ≤3级,小雨,小雨,6,3,东北风,≤3级,东风,≤3级,night