accidenttime,accidentaddr,driver1fault,driver1responsibility,driver2responsibility,sex1,platenumber1,carcolor1,sex2,platenumber2,carcolor2,jxmc1,jxmc2,cclzrq1,cclzrq2,clpp1,clpp2,driver1license,driver2license,brith1,brith2,hour,weekday,month,is_weekday,peak_hour,date,日期,天气状况,气温,风力风向,day_wea,night_wea,day_tep,night_tep,day_wind_direction,day_wind_speed,night_wind_direction,night_wind_speed,segment
2015-02-11 03:40:00,中山南路,1、追尾的,负全部责任,不负责任,1,贵A61K66,黑色,1,贵G19442,白色,自培,M017,2007/5/23 0:00,2012/1/9 0:00,大众牌,长城牌,366577000000000000 ,364567000000000000 ,198107,199203,3,2,2,工作日,非高峰,2015-02-11,2015年2月11日,多云 /多云,11℃ / 3℃,东风 ≤3级 /东北风 ≤3级,多云,多云,11,3,东风,≤3级,东北风,≤3级,night
2015-02-11 17:15:00,西南商贸城,1、追尾的,负全部责任,不负责任,1,贵A3370P,黑,1,浙DSL838,银,自培,-1,2004/7/23 0:00,-1,尼桑牌,起亚牌,765596000000000000 ,654261000000000000 ,197910,197806,17,2,2,工作日,晚高峰(17-19点),2015-02-11,2015年2月11日,多云 /多云,11℃ / 3℃,东风 ≤3级 /东北风 ≤3级,多云,多云,11,3,东风,≤3级,东北风,≤3级,day
2015-02-11 16:10:00,金钟立交,7、未按规定让行的 ,负全部责任,不负责任,0,贵GV3778,红,1,贵F07337,黑,自培,-1,2010/9/14 0:00,-1,北京牌,大地牌,74365500000000000 ,366063000000000000 ,199108,198512,16,2,2,工作日,非高峰,2015-02-11,2015年2月11日,多云 /多云,11℃ / 3℃,东风 ≤3级 /东北风 ≤3级,多云,多云,11,3,东风,≤3级,东北风,≤3级,day
2015-02-12 00:00:00,八匹马,1、追尾的,负全部责任,不负责任,1,贵AV6354,红,0,贵A36B54,黑,自培,毕节地区驾校,2004/10/11 0:00,-1,爱立新牌,沃尔沃,366664000000000000 ,366067000000000000 ,197410,197306,0,3,2,工作日,非高峰,2015-02-12,2015年2月12日,多云 /多云,15℃ / 5℃,南风 ≤3级 /南风 ≤3级,多云,多云,15,5,南风,≤3级,南风,≤3级,night
2015-02-11 22:03:00,观山湖区福州街口,1、追尾的,负全部责任,不负责任,1,贵A61S84,红,1,贵A8BW29,灰,自培,-1,2004/5/25 0:00,-1,雪佛兰牌,东风雪铁龙牌,36666351804967387X,355468000000000000 ,197408,197509,22,2,2,工作日,非高峰,2015-02-11,2015年2月11日,多云 /多云,11℃ / 3℃,东风 ≤3级 /东北风 ≤3级,多云,多云,11,3,东风,≤3级,东北风,≤3级,night
2015-02-12 10:05:00,花溪大道中段,1、追尾的,负全部责任,不负责任,1,贵ALW717,白色,1,贵JD58459,白色,自培,-1,2007/6/4 0:00,-1,江铃牌,-1,724568000000000000 ,576148000000000000 ,196505,196809,10,3,2,工作日,非高峰,2015-02-12,2015年2月12日,多云 /多云,15℃ / 5℃,南风 ≤3级 /南风 ≤3级,多云,多云,15,5,南风,≤3级,南风,≤3级,day
2015-02-11 20:30:00,吉林村路口,7、未按规定让行的 ,负全部责任,不负责任,1,贵AKR179,白色,1,贵AB880B,白色,自培,-1,2004/6/21 0:00,-1,金杯,别克牌,366361000000000000 ,36606400000000000 ,197402,199402,20,2,2,工作日,非高峰,2015-02-11,2015年2月11日,多云 /多云,11℃ / 3℃,东风 ≤3级 /东北风 ≤3级,多云,多云,11,3,东风,≤3级,东北风,≤3级,night
2015-02-12 08:35:00,杨家山隧道,1、追尾的,负全部责任,不负责任,1,贵A7B687,蓝,1,贵AU0471,绿,自培,-1,2014/12/15 0:00,-1,长安牌,豪江牌,366070000000000000 ,57464751264652443X,198311,196202,8,3,2,工作日,早高峰(7-9点),2015-02-12,2015年2月12日,多云 /多云,15℃ / 5℃,南风 ≤3级 /南风 ≤3级,多云,多云,15,5,南风,≤3级,南风,≤3级,day
2015-02-12 10:30:00,省医路口,7、未按规定让行的 ,负全部责任,不负责任,1,贵A33R17,白,0,贵A18F19,蓝,自培,贵州省长安驾驶培训学校,2005/12/13 0:00,2014/5/5 0:00,北京现代牌,奥迪牌,364547000000000000 ,74040500000000000 ,198007,196405,10,3,2,工作日,非高峰,2015-02-12,2015年2月12日,多云 /多云,15℃ / 5℃,南风 ≤3级 /南风 ≤3级,多云,多云,15,5,南风,≤3级,南风,≤3级,day
2015-02-12 11:05:00,二戈寨,7、未按规定让行的 ,负全部责任,不负责任,1,贵ACY457,白色,1,贵AD3188,白色,自培,贵州省长安驾驶培训学校,2007/8/31 0:00,2007/6/20 0:00,骊威牌,嘉陵牌,366277000000000000 ,36606951964959446X,197803,198208,11,3,2,工作日,非高峰,2015-02-12,2015年2月12日,多云 /多云,15℃ / 5℃,南风 ≤3级 /南风 ≤3级,多云,多云,15,5,南风,≤3级,南风,≤3级,day
2015-02-12 14:15:00,观山东路蛮破,1、追尾的,负全部责任,不负责任,1,贵AV19375,黑,0,贵AL0922,黑,自培,自培,2008/12/15 0:00,2014/9/5 0:00,-1,骐达(TIIDA)牌,35456651994969378X,364548000000000000 ,198808,199003,14,3,2,工作日,非高峰,2015-02-12,2015年2月12日,多云 /多云,15℃ / 5℃,南风 ≤3级 /南风 ≤3级,多云,多云,15,5,南风,≤3级,南风,≤3级,day
2015-02-12 12:30:00,贵大,3、倒车的,负全部责任,不负责任,1,贵AU0292,白色,1,贵HM6364,白色,自培,凯利驾校,2000/10/8 0:00,-1,奇瑞牌,长安牌,364548000000000000 ,36624551964667237X,196708,198202,12,3,2,工作日,非高峰,2015-02-12,2015年2月12日,多云 /多云,15℃ / 5℃,南风 ≤3级 /南风 ≤3级,多云,多云,15,5,南风,≤3级,南风,≤3级,day
2015-02-13 11:00:00,油榨街,7、未按规定让行的 ,负全部责任,不负责任,1,贵ANA845,黑色,1,贵AT3681,白色,自培,阳光驾校,2004/4/26 0:00,2013/9/9 0:00,东风雪铁龙牌,国威牌,364548000000000000 ,56962500000000000 ,197508,199503,11,4,2,工作日,非高峰,2015-02-13,2015年2月13日,多云 /阵雨,17℃ / 8℃,南风 ≤3级 /南风 ≤3级,多云,阵雨,17,8,南风,≤3级,南风,≤3级,day
2015-02-13 13:40:00,遵义路人民广场,7、未按规定让行的 ,负全部责任,不负责任,1,贵AKP855,白色,1,贵AU0326,白色,自培,99,2000/12/18 0:00,2010/1/18 0:00,北京现代牌,万达牌,364547000000000000 ,364647000000000000 ,195602,198803,13,4,2,工作日,非高峰,2015-02-13,2015年2月13日,多云 /阵雨,17℃ / 8℃,南风 ≤3级 /南风 ≤3级,多云,阵雨,17,8,南风,≤3级,南风,≤3级,day
2015-02-12 21:12:00,花溪南大街,7、未按规定让行的 ,负全部责任,不负责任,1,贵A588T,白色,1,贵ART682,白色,自培,贵大驾校,2004/8/2 0:00,2013/6/20 0:00,-1,雪佛兰牌,366768000000000000 ,364556000000000000 ,197410,199209,21,3,2,工作日,非高峰,2015-02-12,2015年2月12日,多云 /多云,15℃ / 5℃,南风 ≤3级 /南风 ≤3级,多云,多云,15,5,南风,≤3级,南风,≤3级,night
2015-02-13 10:30:00,新发建材市场内,3、倒车的,负全部责任,不负责任,1,贵A58735,白色,1,贵ASX979,白色,自培,大地驾校,2004/7/22 0:00,2007/11/1 0:00,金轮,丰田牌,364557000000000000 ,356164000000000000 ,198212,197603,10,4,2,工作日,非高峰,2015-02-13,2015年2月13日,多云 /阵雨,17℃ / 8℃,南风 ≤3级 /南风 ≤3级,多云,阵雨,17,8,南风,≤3级,南风,≤3级,day
2015-02-13 03:40:00,小望乡,8、依法应负全责的其他情形,负全部责任,不负责任,1,贵A282B5,白色,1,贵A9B5524,白色,自培,预约考试窗口,2003/12/9 0:00,2006/12/25 0:00,福田牌,-1,364547000000000000 ,366064000000000000 ,197012,197604,3,4,2,工作日,非高峰,2015-02-13,2015年2月13日,多云 /阵雨,17℃ / 8℃,南风 ≤3级 /南风 ≤3级,多云,阵雨,17,8,南风,≤3级,南风,≤3级,night
2015-02-12 17:40:00,观水路甲秀楼路,1、追尾的,负全部责任,不负责任,1,贵AHZ775,白色,1,贵A58B77,白色,自培,-1,2001/10/26 0:00,-1,东风雪铁龙牌,东风日产牌,364548000000000000 ,364556000000000 ,196511,690709,17,3,2,工作日,晚高峰(17-19点),2015-02-12,2015年2月12日,多云 /多云,15℃ / 5℃,南风 ≤3级 /南风 ≤3级,多云,多云,15,5,南风,≤3级,南风,≤3级,day
2015-02-12 18:20:00,云岩区花香村,7、未按规定让行的 ,负全部责任,不负责任,1,贵ARP445,白色,1,贵AV1534,白色,自培,全林驾校,2004/4/20 0:00,2011/7/22 0:00,雪佛兰牌,嘉鹏牌,366563000000000000 ,366064000000000000 ,197409,198604,18,3,2,工作日,晚高峰(17-19点),2015-02-12,2015年2月12日,多云 /多云,15℃ / 5℃,南风 ≤3级 /南风 ≤3级,多云,多云,15,5,南风,≤3级,南风,≤3级,day
2015-02-14 14:30:00,解放西路,1、追尾的,负全部责任,不负责任,1,贵A8798H,黑,1,贵AB1011,黑,自培,-1,2006/3/2 0:00,-1,比亚迪牌,东风标致牌,364557000000000000 ,364547000000000000 ,198402,198404,14,5,2,工作日,非高峰,2015-02-14,2015年2月14日,阵雨 /雷阵雨,16℃ / 10℃,南风 ≤3级 /南风 ≤3级,阵雨,雷阵雨,16,10,南风,≤3级,南风,≤3级,day
2015-02-14 14:35:00,大昌隆,1、追尾的,负全部责任,不负责任,1,贵GR8378,白色,1,贵A36G88,白色,自培,-1,2013/8/7 0:00,-1,长安牌,大众牌,364567000000000000 ,364546000000000 ,198906,651005,14,5,2,工作日,非高峰,2015-02-14,2015年2月14日,阵雨 /雷阵雨,16℃ / 10℃,南风 ≤3级 /南风 ≤3级,阵雨,雷阵雨,16,10,南风,≤3级,南风,≤3级,day
2015-02-14 13:03:00,小河转盘,7、未按规定让行的 ,负全部责任,不负责任,1,贵A87L98,红色,1,贵GX9414,白色,自培,-1,2005/2/24 0:00,-1,五菱牌,福特牌,366767000000000000 ,366363000000000000 ,198507,198604,13,5,2,工作日,非高峰,2015-02-14,2015年2月14日,阵雨 /雷阵雨,16℃ / 10℃,南风 ≤3级 /南风 ≤3级,阵雨,雷阵雨,16,10,南风,≤3级,南风,≤3级,day
2015-02-12 08:30:00,白云区,1、追尾的,负全部责任,不负责任,1,贵AAD993,黑,1,贵AX0512,黑,自培,自培,2003/11/19 0:00,2005/8/5 0:00,福克斯牌,中顺牌,264543000000000 ,364547000000000000 ,651214,196101,8,3,2,工作日,早高峰(7-9点),2015-02-12,2015年2月12日,多云 /多云,15℃ / 5℃,南风 ≤3级 /南风 ≤3级,多云,多云,15,5,南风,≤3级,南风,≤3级,day
2015-02-12 09:10:00,小河开发大道,1、追尾的,负全部责任,不负责任,1,贵G79271,白色,1,贵A9665U,黑色,自培,自培,2008/11/20 0:00,2005/10/26 0:00,别克,东风雪铁龙牌,355366000000000000 ,364547000000000000 ,198002,198404,9,3,2,工作日,早高峰(7-9点),2015-02-12,2015年2月12日,多云 /多云,15℃ / 5℃,南风 ≤3级 /南风 ≤3级,多云,多云,15,5,南风,≤3级,南风,≤3级,day
2015-02-12 13:50:00,南明区大坡东出口,2、逆行的,负全部责任,不负责任,1,川AV674J,白色,1,贵HAP361,白色,自培,自培,2008/8/18 0:00,2003/9/17 0:00,比亚迪牌,别克牌,724548000000000000 ,364547000000000000 ,196312,197808,13,3,2,工作日,非高峰,2015-02-12,2015年2月12日,多云 /多云,15℃ / 5℃,南风 ≤3级 /南风 ≤3级,多云,多云,15,5,南风,≤3级,南风,≤3级,day
2015-02-12 13:30:00,贵遵路大洼段,1、追尾的,负全部责任,不负责任,1,贵A75F86,黑,1,贵A8543Z,红,自培,自培,2004/4/28 0:00,2002/9/18 0:00,长城牌,松花江,364548000000000000 ,36454651944748445X,196904,198003,13,3,2,工作日,非高峰,2015-02-12,2015年2月12日,多云 /多云,15℃ / 5℃,南风 ≤3级 /南风 ≤3级,多云,多云,15,5,南风,≤3级,南风,≤3级,day
2015-02-14 12:20:00,沙冲北路大理石路,7、未按规定让行的 ,负全部责任,不负责任,1,贵A84M71,黑色,1,贵AKH313,白色,自培,自培,2001/8/16 0:00,2004/4/30 0:00,奇瑞牌,速腾牌,364547000000000000 ,364547000000000000 ,197806,197601,12,5,2,工作日,非高峰,2015-02-14,2015年2月14日,阵雨 /雷阵雨,16℃ / 10℃,南风 ≤3级 /南风 ≤3级,阵雨,雷阵雨,16,10,南风,≤3级,南风,≤3级,day
2015-02-14 15:30:00,金阳北路,8、依法应负全责的其他情形,负全部责任,不负责任,1,贵A4361C,银,1,贵F39999,蓝,自培,-1,2013/4/7 0:00,-1,解放牌,奥迪,366066000000000000 ,366064000000000000 ,197507,198810,15,5,2,工作日,非高峰,2015-02-14,2015年2月14日,阵雨 /雷阵雨,16℃ / 10℃,南风 ≤3级 /南风 ≤3级,阵雨,雷阵雨,16,10,南风,≤3级,南风,≤3级,day
2015-02-14 21:30:00,金阳医院对面,7、未按规定让行的 ,负全部责任,不负责任,1,贵AU5754,黑,1,贵AA238G,黑,自培,预约考试窗口,2001/12/10 0:00,2007/7/10 0:00,捷达牌,东南,366364000000000000 ,364557000000000000 ,196612,196502,21,5,2,工作日,非高峰,2015-02-14,2015年2月14日,阵雨 /雷阵雨,16℃ / 10℃,南风 ≤3级 /南风 ≤3级,阵雨,雷阵雨,16,10,南风,≤3级,南风,≤3级,night
2015-02-15 08:30:00,小河平桥,7、未按规定让行的 ,负全部责任,不负责任,1,贵AEE337,黑色,1,贵GT2807,黑色,自培,市交校,2007/8/7 0:00,2010/5/24 0:00,东风雪铁龙牌,指南者,364551000000000000 ,364548000000000000 ,197909,197007,8,6,2,周末,早高峰(7-9点),2015-02-15,2015年2月15日,多云 /阴,19℃ / 8℃,南风 ≤3级 /东北风 ≤3级,多云,阴,19,8,南风,≤3级,东北风,≤3级,day
2015-02-15 10:00:00,甲秀南路,1、追尾的,负全部责任,不负责任,1,贵A97347,白色,1,贵A0165Y,黑色,自培,铁二局驾校,2004/6/10 0:00,2013/12/5 0:00,宗申牌,五菱牌,366569000000000000 ,366669000000000000 ,197811,198008,10,6,2,周末,非高峰,2015-02-15,2015年2月15日,多云 /阴,19℃ / 8℃,南风 ≤3级 /东北风 ≤3级,多云,阴,19,8,南风,≤3级,东北风,≤3级,day
2015-02-15 12:00:00,箭道街路口,1、追尾的,负全部责任,不负责任,1,贵ARU187,黑色,1,贵A9BA43,白色,自培,-1,2002/8/5 0:00,-1,奥迪,红旗,364548000000000000 ,364547000000000 ,197809,620614,12,6,2,周末,非高峰,2015-02-15,2015年2月15日,多云 /阴,19℃ / 8℃,南风 ≤3级 /东北风 ≤3级,多云,阴,19,8,南风,≤3级,东北风,≤3级,day
2015-02-15 10:20:00,师大停车场,3、倒车的,负全部责任,不负责任,1,贵AB1955,黑,1,贵A15E26,黑,自培,-1,2006/10/22 0:00,-1,雅阁,别克牌,364568000000000000 ,506268000000000000 ,198705,198003,10,6,2,周末,非高峰,2015-02-15,2015年2月15日,多云 /阴,19℃ / 8℃,南风 ≤3级 /东北风 ≤3级,多云,阴,19,8,南风,≤3级,东北风,≤3级,day
2015-02-14 19:00:00,兴关高架,7、未按规定让行的 ,负全部责任,不负责任,1,贵AU0979,白,0,贵GT7377,黄,自培,全林驾校,2000/12/13 0:00,2013/12/10 0:00,捷达牌,丰田牌,364557000000000000 ,54166500000000000 ,196710,197910,19,5,2,工作日,晚高峰(17-19点),2015-02-14,2015年2月14日,阵雨 /雷阵雨,16℃ / 10℃,南风 ≤3级 /南风 ≤3级,阵雨,雷阵雨,16,10,南风,≤3级,南风,≤3级,day
2015-02-15 09:00:00,金源街,8、依法应负全责的其他情形,负全部责任,不负责任,1,贵AB863V,黑,1,贵AU1596,绿,自培,-1,2001/9/25 0:00,-1,捷达牌,天马牌,366361000000000000 ,36656551984643495X,196808,198702,9,6,2,周末,早高峰(7-9点),2015-02-15,2015年2月15日,多云 /阴,19℃ / 8℃,南风 ≤3级 /东北风 ≤3级,多云,阴,19,8,南风,≤3级,东北风,≤3级,day
2015-02-15 11:00:00,小河,3、倒车的,负全部责任,不负责任,1,贵FD3054,白色,1,贵A83K71,白色,自培,-1,2009/7/21 0:00,-1,东风标致牌,昊锐牌,366064000000000000 ,74365500000000000 ,195410,198511,11,6,2,周末,非高峰,2015-02-15,2015年2月15日,多云 /阴,19℃ / 8℃,南风 ≤3级 /东北风 ≤3级,多云,阴,19,8,南风,≤3级,东北风,≤3级,day
2015-02-15 11:30:00,化工路,1、追尾的,负全部责任,不负责任,1,贵AKH333,绿,1,贵FV2751,黑,自培,高新驾校,2001/3/22 0:00,2014/4/30 0:00,揽胜,大众汽车牌,364547000000000000 ,366067000000000000 ,197112,196611,11,6,2,周末,非高峰,2015-02-15,2015年2月15日,多云 /阴,19℃ / 8℃,南风 ≤3级 /东北风 ≤3级,多云,阴,19,8,南风,≤3级,东北风,≤3级,day
2015-02-15 20:40:00,中山东路,9、不符合前8款规定或者双方同时具有上述情形的,负同等责任,负同等责任,1,贵AU5712,黑,1,贵A0BE12,黑,自培,吉源驾校,2001/9/26 0:00,2014/8/20 0:00,钱江牌,东风标致牌,36636651834140225X,364556000000000000 ,197509,198711,20,6,2,周末,非高峰,2015-02-15,2015年2月15日,多云 /阴,19℃ / 8℃,南风 ≤3级 /东北风 ≤3级,多云,阴,19,8,南风,≤3级,东北风,≤3级,night
2015-02-15 17:20:00,狮子山隧道,7、未按规定让行的 ,负全部责任,不负责任,0,贵GR4643,黄,1,贵A17G35,蓝,自培,青正驾校,2007/5/16 0:00,2012/5/29 0:00,大众牌,长安牌,366361000000000000 ,364548000000000000 ,196405,199009,17,6,2,周末,晚高峰(17-19点),2015-02-15,2015年2月15日,多云 /阴,19℃ / 8℃,南风 ≤3级 /东北风 ≤3级,多云,阴,19,8,南风,≤3级,东北风,≤3级,day
2015-02-15 20:40:00,朝阳洞路,7、未按规定让行的 ,负全部责任,不负责任,1,贵AL7403,白色,1,临贵A9E595,黑色,自培,时法驾校,2004/8/10 0:00,2006/7/4 0:00,豪诺牌,-1,366546000000000000 ,366666000000000000 ,196607,198003,20,6,2,周末,非高峰,2015-02-15,2015年2月15日,多云 /阴,19℃ / 8℃,南风 ≤3级 /东北风 ≤3级,多云,阴,19,8,南风,≤3级,东北风,≤3级,night
2015-02-15 18:25:00,小河格云兰天酒店停车场,3、倒车的,负全部责任,不负责任,1,贵AHF735,白色,1,贵AST156,白色,自培,520116,2004/5/14 0:00,2008/5/5 0:00,福克斯牌,雪佛兰牌,364548000000000000 ,364666000000000000 ,197610,198206,18,6,2,周末,晚高峰(17-19点),2015-02-15,2015年2月15日,多云 /阴,19℃ / 8℃,南风 ≤3级 /东北风 ≤3级,多云,阴,19,8,南风,≤3级,东北风,≤3级,day
2015-02-16 08:04:00,观水路,8、依法应负全责的其他情形,负全部责任,不负责任,1,贵AU5374,绿,0,贵A83678,黑,自培,自培,2004/9/30 0:00,2014/11/19 0:00,捷达牌,野马,366361000000000000 ,704766000000000000 ,197605,199305,8,0,2,工作日,早高峰(7-9点),2015-02-16,2015年2月16日,阴 /阵雨,15℃ / 9℃,东北风 ≤3级 /东南风 ≤3级,阴,阵雨,15,9,东北风,≤3级,东南风,≤3级,day
2015-02-16 13:00:00,富水南路,1、追尾的,负全部责任,不负责任,1,贵AU5277,绿,1,贵ACY776,蓝,自培,-1,2004/10/22 0:00,-1,捷达牌,朗逸牌,36606751824746273X,355468000000000000 ,197603,198203,13,0,2,工作日,非高峰,2015-02-16,2015年2月16日,阴 /阵雨,15℃ / 9℃,东北风 ≤3级 /东南风 ≤3级,阴,阵雨,15,9,东北风,≤3级,东南风,≤3级,day
2015-02-16 12:40:00,金阳南路,1、追尾的,负全部责任,不负责任,1,贵FF7112,银,1,贵A17N35,黑,自培,-1,2001/2/28 0:00,-1,雅阁牌,起亚牌,366067000000000000 ,355741000000000000 ,197701,197906,12,0,2,工作日,非高峰,2015-02-16,2015年2月16日,阴 /阵雨,15℃ / 9℃,东北风 ≤3级 /东南风 ≤3级,阴,阵雨,15,9,东北风,≤3级,东南风,≤3级,day
2015-02-14 16:00:00,蟠桃宫,7、未按规定让行的 ,负全部责任,不负责任,1,贵AYU643,白色,1,贵A57S91,白色,自培,自培,2011/12/29 0:00,2002/5/10 0:00,-1,凯宴,366662000000000000 ,36454651954867405X,198910,198107,16,5,2,工作日,非高峰,2015-02-14,2015年2月14日,阵雨 /雷阵雨,16℃ / 10℃,南风 ≤3级 /南风 ≤3级,阵雨,雷阵雨,16,10,南风,≤3级,南风,≤3级,day
2015-02-14 18:00:00,小河区黄河路,7、未按规定让行的 ,负全部责任,不负责任,1,贵AAD296,白色,1,贵AKT602,白色,自培,自培,2009/1/21 0:00,2000/5/15 0:00,中华牌,奥迪,34643500000000000 ,364551000000000000 ,197505,198203,18,5,2,工作日,晚高峰(17-19点),2015-02-14,2015年2月14日,阵雨 /雷阵雨,16℃ / 10℃,南风 ≤3级 /南风 ≤3级,阵雨,雷阵雨,16,10,南风,≤3级,南风,≤3级,day
2015-02-14 14:50:00,万东桥,1、追尾的,负全部责任,不负责任,1,贵AJ0659,黑色,1,临贵A14275,灰色,自培,自培,2001/3/24 0:00,2002/5/16 0:00,傲虎,-1,364556000000000000 ,364547000000000000 ,196904,197210,14,5,2,工作日,非高峰,2015-02-14,2015年2月14日,阵雨 /雷阵雨,16℃ / 10℃,南风 ≤3级 /南风 ≤3级,阵雨,雷阵雨,16,10,南风,≤3级,南风,≤3级,day
2015-02-14 15:20:00,杨家山,1、追尾的,负全部责任,不负责任,1,贵A55R76,黑色,1,贵AAS609,白色,自培,自培,2004/3/14 0:00,2004/4/12 0:00,锋范牌,奥迪牌,366577000000000000 ,354670000000000000 ,198209,197508,15,5,2,工作日,非高峰,2015-02-14,2015年2月14日,阵雨 /雷阵雨,16℃ / 10℃,南风 ≤3级 /南风 ≤3级,阵雨,雷阵雨,16,10,南风,≤3级,南风,≤3级,day
2015-02-16 12:30:00,花溪平桥,3、倒车的,负全部责任,不负责任,1,贵A9175B,白色,1,贵A1798B,白色,自培,铁二局驾校,2002/5/29 0:00,2012/2/9 0:00,三菱,马自达牌,366347000000000000 ,364556000000000000 ,196204,198701,12,0,2,工作日,非高峰,2015-02-16,2015年2月16日,阴 /阵雨,15℃ / 9℃,东北风 ≤3级 /东南风 ≤3级,阴,阵雨,15,9,东北风,≤3级,东南风,≤3级,day
2015-02-17 09:00:00,小河区长江路,7、未按规定让行的 ,负全部责任,不负责任,1,贵A95P75,白色,1,贵A43V18,黑色,自培,自培,2004/8/2 0:00,2003/9/18 0:00,福克斯牌,大众汽车牌,364547000000000000 ,366366000000000000 ,198509,197412,9,1,2,工作日,早高峰(7-9点),2015-02-17,2015年2月17日,阴 /阴,17℃ / 11℃,东南风 ≤3级 /南风 ≤3级,阴,阴,17,11,东南风,≤3级,南风,≤3级,day
2015-02-17 10:10:00,白云区,1、追尾的,负全部责任,不负责任,1,贵A99K41,黑,1,贵AN0822,绿,自培,黔西南州驾驶培训学校有限公司,2001/7/30 0:00,2011/11/29 0:00,东风雪铁龙牌,飞肯牌,364558000000000000 ,366663000000000000 ,197401,197108,10,1,2,工作日,非高峰,2015-02-17,2015年2月17日,阴 /阴,17℃ / 11℃,东南风 ≤3级 /南风 ≤3级,阴,阴,17,11,东南风,≤3级,南风,≤3级,day
2015-02-17 08:40:00,沙冲路,7、未按规定让行的 ,负全部责任,不负责任,1,贵AU2301,白色,1,贵AR7714,白色,自培,十一驾驶培训有限公司,2000/7/14 0:00,2006/6/1 0:00,瑞麒牌,力之星牌,357475000000000000 ,364547000000000000 ,196710,197501,8,1,2,工作日,早高峰(7-9点),2015-02-17,2015年2月17日,阴 /阴,17℃ / 11℃,东南风 ≤3级 /南风 ≤3级,阴,阴,17,11,东南风,≤3级,南风,≤3级,day
2015-02-25 14:30:00,世界城,7、未按规定让行的 ,负全部责任,不负责任,1,贵APK342,黄,0,贵AKL485,黑,自培,大地驾校,2007/9/13 0:00,2005/1/24 0:00,斯柯达牌,东风雪铁龙牌,364558000000000000 ,364558000000000000 ,197809,197209,14,2,2,工作日,非高峰,2015-02-25,2015年2月25日,阴 /阵雨,15℃ / 8℃,东北风 ≤3级 /东北风 ≤3级,阴,阵雨,15,8,东北风,≤3级,东北风,≤3级,day
2015-02-25 14:30:00,北京西路,7、未按规定让行的 ,负全部责任,不负责任,1,贵A4308C,黑,0,湘AJ3M64,白,自培,-1,2012/10/26 0:00,-1,丰田牌,奥迪牌,366570000000000000 ,74267500000000000 ,196902,198707,14,2,2,工作日,非高峰,2015-02-25,2015年2月25日,阴 /阵雨,15℃ / 8℃,东北风 ≤3级 /东北风 ≤3级,阴,阵雨,15,8,东北风,≤3级,东北风,≤3级,day
2015-02-26 04:00:00,三七厂加油站,7、未按规定让行的 ,负全部责任,不负责任,1,贵AV9333,白色,1,贵A6202W,白色,自培,吉源驾校,2004/9/8 0:00,2013/10/21 0:00,揽胜极光,东风雪铁龙牌,366069000000000000 ,364556000000000000 ,197608,197505,4,3,2,工作日,非高峰,2015-02-26,2015年2月26日,阴 /小雨,12℃ / 9℃,东风 ≤3级 /南风 ≤3级,阴,小雨,12,9,东风,≤3级,南风,≤3级,night
2015-02-26 08:00:00,黔灵山路,1、追尾的,负全部责任,不负责任,1,贵AP0988,白,1,贵AAZ548,银,自培,铁二局驾校,2006/8/28 0:00,2002/10/28 0:00,别克牌,巴山牌,366346000000000000 ,364548000000000000 ,196910,197610,8,3,2,工作日,早高峰(7-9点),2015-02-26,2015年2月26日,阴 /小雨,12℃ / 9℃,东风 ≤3级 /南风 ≤3级,阴,小雨,12,9,东风,≤3级,南风,≤3级,day
2015-02-26 09:10:00,冒沙井,1、追尾的,负全部责任,不负责任,1,贵A0BK84,黑,1,贵EY1874,黑,自培,市警校驾校,2003/6/16 0:00,2014/10/16 0:00,东风标致牌,起亚牌,366347000000000000 ,366367000000000000 ,196812,198409,9,3,2,工作日,早高峰(7-9点),2015-02-26,2015年2月26日,阴 /小雨,12℃ / 9℃,东风 ≤3级 /南风 ≤3级,阴,小雨,12,9,东风,≤3级,南风,≤3级,day
2015-02-26 15:20:00,蟠桃宫,7、未按规定让行的 ,负全部责任,不负责任,1,贵ANU561,白色,1,贵ACX263,白色,自培,自培,2000/10/31 0:00,2005/11/21 0:00,马自达牌,雪佛兰牌,366363000000000000 ,366868000000000000 ,197312,197004,15,3,2,工作日,非高峰,2015-02-26,2015年2月26日,阴 /小雨,12℃ / 9℃,东风 ≤3级 /南风 ≤3级,阴,小雨,12,9,东风,≤3级,南风,≤3级,day
2015-02-26 11:30:00,金朱东路,1、追尾的,负全部责任,不负责任,1,贵AEG003,白,1,贵GH9277,银,自培,铁二局驾校,2002/12/22 0:00,2013/10/10 0:00,北京现代牌,起亚牌,364548000000000000 ,354668000000000000 ,197208,196809,11,3,2,工作日,非高峰,2015-02-26,2015年2月26日,阴 /小雨,12℃ / 9℃,东风 ≤3级 /南风 ≤3级,阴,小雨,12,9,东风,≤3级,南风,≤3级,day
2015-02-26 11:00:00,八匹马,1、追尾的,负全部责任,不负责任,1,贵GT5178,白,1,贵A85679,蓝,自培,-1,2004/8/31 0:00,-1,中华牌,王牌牌,354767000000000000 ,366061000000000000 ,197105,198702,11,3,2,工作日,非高峰,2015-02-26,2015年2月26日,阴 /小雨,12℃ / 9℃,东风 ≤3级 /南风 ≤3级,阴,小雨,12,9,东风,≤3级,南风,≤3级,day