accidenttime,accidentaddr,driver1fault,driver1responsibility,driver2responsibility,sex1,platenumber1,carcolor1,sex2,platenumber2,carcolor2,jxmc1,jxmc2,cclzrq1,cclzrq2,clpp1,clpp2,driver1license,driver2license,brith1,brith2,hour,weekday,month,is_weekday,peak_hour,date,日期,天气状况,气温,风力风向,day_wea,night_wea,day_tep,night_tep,day_wind_direction,day_wind_speed,night_wind_direction,night_wind_speed,segment
2015-02-26 08:50:00,日报社,8、依法应负全责的其他情形,负全部责任,不负责任,1,贵A89F45,黄,1,贵A69M56,银,自培,-1,2006/11/9 0:00,-1,长安牌,长安牌,364548000000000000 ,364548000000000000 ,195109,198810,8,3,2,工作日,早高峰(7-9点),2015-02-26,2015年2月26日,阴 /小雨,12℃ / 9℃,东风 ≤3级 /南风 ≤3级,阴,小雨,12,9,东风,≤3级,南风,≤3级,day
2015-02-26 12:20:00,金阳南路,8、依法应负全责的其他情形,负全部责任,不负责任,1,贵AU3456,绿,1,贵APR967,白,自培,-1,2006/2/27 0:00,-1,奇瑞牌,长安,366270000000000000 ,366067000000000000 ,198501,196903,12,3,2,工作日,非高峰,2015-02-26,2015年2月26日,阴 /小雨,12℃ / 9℃,东风 ≤3级 /南风 ≤3级,阴,小雨,12,9,东风,≤3级,南风,≤3级,day
2015-02-26 18:45:00,二戈寨,7、未按规定让行的 ,负全部责任,不负责任,1,贵AV8225,黑色,1,贵A4507V,白色,自培,兴黔驾驶培训学校,2007/5/28 0:00,2006/4/29 0:00,远豪牌,雪佛兰牌,366067000000000000 ,364548000000000000 ,196709,198111,18,3,2,工作日,晚高峰(17-19点),2015-02-26,2015年2月26日,阴 /小雨,12℃ / 9℃,东风 ≤3级 /南风 ≤3级,阴,小雨,12,9,东风,≤3级,南风,≤3级,day
2015-02-26 17:40:00,西二环,7、未按规定让行的 ,负全部责任,不负责任,1,贵A6F014,黑,1,贵AR5166,白,自培,毕节市顺达驾校,2006/12/28 0:00,-1,长安牌,新阳光牌,354364000000000000 ,366046000000000000 ,197105,198006,17,3,2,工作日,晚高峰(17-19点),2015-02-26,2015年2月26日,阴 /小雨,12℃ / 9℃,东风 ≤3级 /南风 ≤3级,阴,小雨,12,9,东风,≤3级,南风,≤3级,day
2015-02-26 23:00:00,财经学院,1、追尾的,负全部责任,不负责任,1,贵A32G39,黑,1,贵FX7265,银,自培,-1,2014/7/17 0:00,-1,长安牌,起亚牌,364548000000000000 ,366068000000000000 ,199503,198311,23,3,2,工作日,非高峰,2015-02-26,2015年2月26日,阴 /小雨,12℃ / 9℃,东风 ≤3级 /南风 ≤3级,阴,小雨,12,9,东风,≤3级,南风,≤3级,night
2015-02-26 17:05:00,油榨街,7、未按规定让行的 ,负全部责任,不负责任,1,贵AU1937,绿,1,贵A43Y49,红 ,自培,贵阳金马驾驶培训有限公司,2008/12/15 0:00,1999/12/3 0:00,大江牌,东风标致牌,35456651994969378X,364548000000000000 ,198808,195811,17,3,2,工作日,晚高峰(17-19点),2015-02-26,2015年2月26日,阴 /小雨,12℃ / 9℃,东风 ≤3级 /南风 ≤3级,阴,小雨,12,9,东风,≤3级,南风,≤3级,day
2015-02-16 17:30:00,花果园,1、追尾的,负全部责任,不负责任,1,贵ALS399,黑,1,贵ALS399,黑,自培,自培,2009/5/14 0:00,2004/6/1 0:00,昌河牌,昌河牌,366061000000000000 ,364556000000000000 ,196201,197211,17,0,2,工作日,晚高峰(17-19点),2015-02-16,2015年2月16日,阴 /阵雨,15℃ / 9℃,东北风 ≤3级 /东南风 ≤3级,阴,阵雨,15,9,东北风,≤3级,东南风,≤3级,day
2015-02-25 07:50:00,小河平桥下,7、未按规定让行的 ,负全部责任,不负责任,1,贵A42C19,黑色,1,贵APC688,白色,自培,自培,2004/3/9 0:00,2010/3/23 0:00,福克斯牌,金杯牌,364556000000000000 ,366562000000000000 ,196704,196806,7,2,2,工作日,早高峰(7-9点),2015-02-25,2015年2月25日,阴 /阵雨,15℃ / 8℃,东北风 ≤3级 /东北风 ≤3级,阴,阵雨,15,8,东北风,≤3级,东北风,≤3级,day
2015-02-25 20:00:00,松山路,8、依法应负全责的其他情形,负全部责任,不负责任,1,贵JAM912,白,1,贵AVF221,白,自培,自培,2003/11/21 0:00,2004/12/6 0:00,长安牌,起亚牌,366347000000000000 ,364547000000000000 ,197310,198608,20,2,2,工作日,非高峰,2015-02-25,2015年2月25日,阴 /阵雨,15℃ / 8℃,东北风 ≤3级 /东北风 ≤3级,阴,阵雨,15,8,东北风,≤3级,东北风,≤3级,night
2015-02-26 10:15:00,大营路,1、追尾的,负全部责任,不负责任,0,贵A98525,白,1,贵A62N83,黑,自培,自培,2006/6/20 0:00,2004/6/29 0:00,陕汽牌,丰田牌,36627351944149607X,364548000000000000 ,198009,198011,10,3,2,工作日,非高峰,2015-02-26,2015年2月26日,阴 /小雨,12℃ / 9℃,东风 ≤3级 /南风 ≤3级,阴,小雨,12,9,东风,≤3级,南风,≤3级,day
2015-02-26 09:00:00,下家洞路,9、不符合前8款规定或者双方同时具有上述情形的,负同等责任,负同等责任,1,贵AU4369,黑色,1,贵A77P44,白色,自培,自培,2002/4/11 0:00,2001/9/11 0:00,豪爵牌,比亚迪牌,366347000000000000 ,366347000000000000 ,198312,196907,9,3,2,工作日,早高峰(7-9点),2015-02-26,2015年2月26日,阴 /小雨,12℃ / 9℃,东风 ≤3级 /南风 ≤3级,阴,小雨,12,9,东风,≤3级,南风,≤3级,day
2015-02-26 11:00:00,商贸城,8、依法应负全责的其他情形,负全部责任,不负责任,1,贵A34J34,银,0,贵ATS328,银,自培,自培,2000/7/20 0:00,2003/8/12 0:00,江淮牌,别克牌,66645500000000000 ,07456751825468873X,197910,197610,11,3,2,工作日,非高峰,2015-02-26,2015年2月26日,阴 /小雨,12℃ / 9℃,东风 ≤3级 /南风 ≤3级,阴,小雨,12,9,东风,≤3级,南风,≤3级,day
2015-02-27 14:45:00,紫林庵,1、追尾的,负全部责任,不负责任,1,贵GN6882,蓝,1,贵ARB269,银,自培,自培,2003/3/13 0:00,2006/8/28 0:00,奥迪牌,宝来牌,366061000000000000 ,356164000000000000 ,197401,197509,14,4,2,工作日,非高峰,2015-02-27,2015年2月27日,多云 /阵雨,21℃ / 5℃,南风 ≤3级 /南风 ≤3级,多云,阵雨,21,5,南风,≤3级,南风,≤3级,day
2015-02-27 17:00:00,延安东路,8、依法应负全责的其他情形,负全部责任,不负责任,1,贵F3489,红,1,贵A67S46,红,自培,520107,2004/10/11 0:00,2010/2/22 0:00,奇瑞牌,一汽牌,364557000000000000 ,364547000000000000 ,196911,198310,17,4,2,工作日,晚高峰(17-19点),2015-02-27,2015年2月27日,多云 /阵雨,21℃ / 5℃,南风 ≤3级 /南风 ≤3级,多云,阵雨,21,5,南风,≤3级,南风,≤3级,day
2015-02-27 15:15:00,宝山北路,1、追尾的,负全部责任,不负责任,1,贵ASW545,银,1,贵ACK991,白,自培,（南明区）铁二局驾驶培训有限公司,2003/9/23 0:00,2007/5/22 0:00,马自达牌,海马牌,36686351965556443X,366361000000000000 ,198211,197702,15,4,2,工作日,非高峰,2015-02-27,2015年2月27日,多云 /阵雨,21℃ / 5℃,南风 ≤3级 /南风 ≤3级,多云,阵雨,21,5,南风,≤3级,南风,≤3级,day
2015-02-27 17:10:00,宝山北路,7、未按规定让行的 ,负全部责任,不负责任,0,贵A7B600,黑,1,贵A23M31,白,自培,-1,2004/8/16 0:00,-1,雪佛兰牌,大众汽车牌,364548000000000000 ,364547000000000000 ,198412,198401,17,4,2,工作日,晚高峰(17-19点),2015-02-27,2015年2月27日,多云 /阵雨,21℃ / 5℃,南风 ≤3级 /南风 ≤3级,多云,阵雨,21,5,南风,≤3级,南风,≤3级,day
2015-02-27 14:31:00,花溪,1、追尾的,负全部责任,不负责任,1,贵AK9559,白色,1,贵FM5225,黑色,自培,-1,2000/11/30 0:00,-1,东本牌,大众牌,364547000000000000 ,366066000000000000 ,196305,196506,14,4,2,工作日,非高峰,2015-02-27,2015年2月27日,多云 /阵雨,21℃ / 5℃,南风 ≤3级 /南风 ≤3级,多云,阵雨,21,5,南风,≤3级,南风,≤3级,day
2015-02-27 15:00:00,鑫中路,3、倒车的,负全部责任,不负责任,1,贵JM2134,白色,1,贵A63L31,白色,自培,-1,2012/11/2 0:00,-1,金旅牌,金旅牌,355568000000000000 ,355562000000000000 ,198308,198111,15,4,2,工作日,非高峰,2015-02-27,2015年2月27日,多云 /阵雨,21℃ / 5℃,南风 ≤3级 /南风 ≤3级,多云,阵雨,21,5,南风,≤3级,南风,≤3级,day
2015-02-27 14:35:00,观山湖,4、停车时未挂低速档、未拉驻车制动，导致车辆滑行的,负全部责任,不负责任,1,贵ACK844,白,1,贵AP0328,白,自培,自培,2002/1/15 0:00,2009/12/21 0:00,雪佛兰牌,宝马牌,364558000000000000 ,364548000000000000 ,197309,199101,14,4,2,工作日,非高峰,2015-02-27,2015年2月27日,多云 /阵雨,21℃ / 5℃,南风 ≤3级 /南风 ≤3级,多云,阵雨,21,5,南风,≤3级,南风,≤3级,day
2015-02-28 11:10:00,白云区,7、未按规定让行的 ,负全部责任,不负责任,1,贵AP4116,银,1,贵A91K53,银,自培,金大驾校,2003/12/3 0:00,2012/8/9 0:00,鹏城牌,长安牌,774867000000000000 ,364568000000000000 ,197612,198503,11,5,2,工作日,非高峰,2015-02-28,2015年2月28日,小雨 /小雨,8℃ / 4℃,东北风 ≤3级 /东北风 ≤3级,小雨,小雨,8,4,东北风,≤3级,东北风,≤3级,day
2015-02-28 12:15:00,甲秀南路,1、追尾的,负全部责任,不负责任,1,贵A89859,红,1,贵ALZ063,银,自培,消防驾校,2003/5/27 0:00,2010/6/29 0:00,大阳牌,长安牌,366364000000000000 ,344668000000000000 ,197404,199112,12,5,2,工作日,非高峰,2015-02-28,2015年2月28日,小雨 /小雨,8℃ / 4℃,东北风 ≤3级 /东北风 ≤3级,小雨,小雨,8,4,东北风,≤3级,东北风,≤3级,day
2015-02-28 08:30:00,小河西南环线,9、不符合前8款规定或者双方同时具有上述情形的,负同等责任,负同等责任,1,贵AR7282,银色,1,贵ARZ862,黑色,自培,消防驾校,2004/10/19 0:00,2011/4/2 0:00,长安牌,长安牌,356168000000000000 ,36636351875558763X,196404,197311,8,5,2,工作日,早高峰(7-9点),2015-02-28,2015年2月28日,小雨 /小雨,8℃ / 4℃,东北风 ≤3级 /东北风 ≤3级,小雨,小雨,8,4,东北风,≤3级,东北风,≤3级,day
2015-02-28 16:10:00,白云,3、倒车的,负全部责任,不负责任,1,贵A9316K,黄,1,贵AGF289,黑,自培,消防驾校,2012/8/21 0:00,2010/3/23 0:00,五菱牌,思威牌,364558000000000000 ,74062500000000000 ,196506,198201,16,5,2,工作日,非高峰,2015-02-28,2015年2月28日,小雨 /小雨,8℃ / 4℃,东北风 ≤3级 /东北风 ≤3级,小雨,小雨,8,4,东北风,≤3级,东北风,≤3级,day
2015-02-28 17:00:00,花果园,1、追尾的,负全部责任,不负责任,1,贵A6BL96,白色,1,贵A87G75,黑色,自培,520126,2007/5/24 0:00,2009/12/11 0:00,别克牌,五菱牌,36464551825647407X,366068000000000000 ,197612,196912,17,5,2,工作日,晚高峰(17-19点),2015-02-28,2015年2月28日,小雨 /小雨,8℃ / 4℃,东北风 ≤3级 /东北风 ≤3级,小雨,小雨,8,4,东北风,≤3级,东北风,≤3级,day
2015-02-28 13:30:00,油榨街,8、依法应负全责的其他情形,负全部责任,不负责任,1,贵AU9994,绿色,0,贵JBT344,黑色,自培,顺一驾驶培训学校,2007/2/12 0:00,2010/7/13 0:00,喜马牌,福特牌,366067000000000000 ,36636651975548606X,198807,198311,13,5,2,工作日,非高峰,2015-02-28,2015年2月28日,小雨 /小雨,8℃ / 4℃,东北风 ≤3级 /东北风 ≤3级,小雨,小雨,8,4,东北风,≤3级,东北风,≤3级,day
2015-02-28 14:20:00,开发大道,1、追尾的,负全部责任,不负责任,1,贵JBB964,黑色,1,贵AA998R,黑色,自培,预约考试窗口,2006/5/29 0:00,2006/9/29 0:00,北京牌,猎豹,364547000000000000 ,366875000000000000 ,198804,198004,14,5,2,工作日,非高峰,2015-02-28,2015年2月28日,小雨 /小雨,8℃ / 4℃,东北风 ≤3级 /东北风 ≤3级,小雨,小雨,8,4,东北风,≤3级,东北风,≤3级,day
2015-02-28 14:28:00,贵铝宾馆,3、倒车的,负全部责任,不负责任,1,粤B815CY,银,1,贵AD2331,白,自培,青正驾校,2010/6/22 0:00,2011/3/14 0:00,雪佛兰牌,别克,357967000000000000 ,366669000000000000 ,198602,198304,14,5,2,工作日,非高峰,2015-02-28,2015年2月28日,小雨 /小雨,8℃ / 4℃,东北风 ≤3级 /东北风 ≤3级,小雨,小雨,8,4,东北风,≤3级,东北风,≤3级,day
2015-02-28 20:00:00,马王庙,8、依法应负全责的其他情形,负全部责任,不负责任,1,桂A39558,红,1,贵GF8745,红,自培,-1,2004/11/24 0:00,-1,醒狮牌,雪佛兰牌,34775500000000000 ,354167000000000000 ,198411,197906,20,5,2,工作日,非高峰,2015-02-28,2015年2月28日,小雨 /小雨,8℃ / 4℃,东北风 ≤3级 /东北风 ≤3级,小雨,小雨,8,4,东北风,≤3级,东北风,≤3级,night
2015-03-01 15:25:00,新华路,7、未按规定让行的 ,负全部责任,不负责任,1,贵ANV533,白色,1,贵AEN374,白色,自培,自培,2010/8/11 0:00,2002/10/14 0:00,轩逸牌,宝马牌,364551000000000000 ,364558000000000000 ,195506,197306,15,6,3,周末,非高峰,2015-03-01,2015年3月1日,阴 /阴,9℃ / 3℃,东风 ≤3级 /南风 ≤3级,阴,阴,9,3,东风,≤3级,南风,≤3级,day
2015-03-01 15:00:00,四方河,1、追尾的,负全部责任,不负责任,1,贵AV7152,白色,1,贵JQ6232,白色,自培,-1,2011/7/27 0:00,-1,千里马牌,北京现代牌,54769500000000000 ,36686751814559445X,199212,197901,15,6,3,周末,非高峰,2015-03-01,2015年3月1日,阴 /阴,9℃ / 3℃,东风 ≤3级 /南风 ≤3级,阴,阴,9,3,东风,≤3级,南风,≤3级,day
2015-03-01 12:01:00,金阳,3、倒车的,负全部责任,不负责任,1,贵AP1236,蓝,1,贵WJ447,黑,自培,-1,2008/7/8 0:00,-1,金洪牌,-1,366061000000000000 ,605744212 ,198509,696,12,6,3,周末,非高峰,2015-03-01,2015年3月1日,阴 /阴,9℃ / 3℃,东风 ≤3级 /南风 ≤3级,阴,阴,9,3,东风,≤3级,南风,≤3级,day
2015-03-01 15:00:00,观水路,1、追尾的,负全部责任,不负责任,1,贵ANM244,白色,1,贵A79L99,黑色,自培,-1,2004/5/9 0:00,-1,雪佛兰牌,北京牌,36454651825557602X,366570000000000000 ,197611,198809,15,6,3,周末,非高峰,2015-03-01,2015年3月1日,阴 /阴,9℃ / 3℃,东风 ≤3级 /南风 ≤3级,阴,阴,9,3,东风,≤3级,南风,≤3级,day
2015-03-02 00:00:00,甲秀楼转盘,8、依法应负全责的其他情形,负全部责任,不负责任,1,贵AU7544,白色,1,贵A53F47,黑色,自培,520129,2006/1/24 0:00,2008/4/7 0:00,大众牌,福克斯牌,366064000000000000 ,366876000000000000 ,197702,197310,0,0,3,工作日,非高峰,2015-03-02,2015年3月2日,阴 /小雨,9℃ / 2℃,东北风 ≤3级 /东北风 ≤3级,阴,小雨,9,2,东北风,≤3级,东北风,≤3级,night
2015-03-01 19:25:00,花溪清溪路,7、未按规定让行的 ,负全部责任,不负责任,1,贵AMA071,白色,1,贵A6F004,白色,自培,贵州天河驾校,2004/11/29 0:00,2015/1/5 0:00,福田牌,长城牌,366046000000000000 ,364556000000000000 ,198203,199412,19,6,3,周末,晚高峰(17-19点),2015-03-01,2015年3月1日,阴 /阴,9℃ / 3℃,东风 ≤3级 /南风 ≤3级,阴,阴,9,3,东风,≤3级,南风,≤3级,day
2015-03-02 09:50:00,北京西路,1、追尾的,负全部责任,不负责任,1,贵A518G4,银,1,贵GS5755,黑,自培,铁二局驾校,2009/8/27 0:00,2010/2/25 0:00,长安牌,起亚牌,74365500000000000 ,364548000000000000 ,198808,198810,9,0,3,工作日,早高峰(7-9点),2015-03-02,2015年3月2日,阴 /小雨,9℃ / 2℃,东北风 ≤3级 /东北风 ≤3级,阴,小雨,9,2,东北风,≤3级,东北风,≤3级,day
2015-03-02 09:19:00,南明区,3、倒车的,负全部责任,不负责任,0,贵ASC491,黑,1,贵AGZ041,黑,自培,520129,2006/7/11 0:00,2010/3/11 0:00,东风雪铁龙牌,力帆牌,364547000000000000 ,366067000000000000 ,195611,197809,9,0,3,工作日,早高峰(7-9点),2015-03-02,2015年3月2日,阴 /小雨,9℃ / 2℃,东北风 ≤3级 /东北风 ≤3级,阴,小雨,9,2,东北风,≤3级,东北风,≤3级,day
2015-02-27 14:20:00,皂角井,8、依法应负全责的其他情形,负全部责任,不负责任,1,贵A6AF00,白色,1,贵APF896,黑色,自培,自培,2005/12/16 0:00,2003/9/5 0:00,三菱牌,长安牌,366664000000000000 ,366361000000000000 ,197409,197606,14,4,2,工作日,非高峰,2015-02-27,2015年2月27日,多云 /阵雨,21℃ / 5℃,南风 ≤3级 /南风 ≤3级,多云,阵雨,21,5,南风,≤3级,南风,≤3级,day
2015-02-27 21:00:00,兴关路,1、追尾的,负全部责任,不负责任,0,贵AU8994,绿色,1,贵AB5242,黑色,自培,自培,2004/11/9 0:00,2004/7/19 0:00,瑞麒牌,山城牌,674749000000000000 ,364547000000000000 ,198606,198605,21,4,2,工作日,非高峰,2015-02-27,2015年2月27日,多云 /阵雨,21℃ / 5℃,南风 ≤3级 /南风 ≤3级,多云,阵雨,21,5,南风,≤3级,南风,≤3级,night
2015-02-28 07:58:00,新添寨,1、追尾的,负全部责任,不负责任,1,贵AET183,黑,1,贵AU5436,绿,自培,自培,2002/8/14 0:00,2008/1/24 0:00,比亚迪牌,捷达牌,36666351235657445X,366064000000000000 ,196512,196908,7,5,2,工作日,早高峰(7-9点),2015-02-28,2015年2月28日,小雨 /小雨,8℃ / 4℃,东北风 ≤3级 /东北风 ≤3级,小雨,小雨,8,4,东北风,≤3级,东北风,≤3级,day
2015-03-02 09:00:00,世纪城,7、未按规定让行的 ,负全部责任,不负责任,1,贵GF4908,银,1,贵AB829W,黑,自培,-1,2003/12/26 0:00,-1,钱江牌,五菱牌,366068000000000000 ,366326000000000000 ,198204,198107,9,0,3,工作日,早高峰(7-9点),2015-03-02,2015年3月2日,阴 /小雨,9℃ / 2℃,东北风 ≤3级 /东北风 ≤3级,阴,小雨,9,2,东北风,≤3级,东北风,≤3级,day
2015-03-02 16:23:00,石板合鹏二手市场,5、开关车门的,负全部责任,不负责任,1,贵A38Y79,白色,1,贵AKE443,白色,自培,520109,2004/10/25 0:00,2008/12/22 0:00,朗逸牌,比亚迪牌,364548000000000000 ,364556000000000000 ,196712,198702,16,0,3,工作日,非高峰,2015-03-02,2015年3月2日,阴 /小雨,9℃ / 2℃,东北风 ≤3级 /东北风 ≤3级,阴,小雨,9,2,东北风,≤3级,东北风,≤3级,day
2015-03-02 15:50:00,蓑草路,3、倒车的,负全部责任,不负责任,1,贵AX6247,白色,1,川A63710,白色,自培,-1,2004/5/24 0:00,-1,哈飞牌,大地牌,366361000000000000 ,356175000000000000 ,197208,196708,15,0,3,工作日,非高峰,2015-03-02,2015年3月2日,阴 /小雨,9℃ / 2℃,东北风 ≤3级 /东北风 ≤3级,阴,小雨,9,2,东北风,≤3级,东北风,≤3级,day
2015-03-02 19:30:00,新天大道,1、追尾的,负全部责任,不负责任,1,贵AR2068,银,1,贵A7AB16,白,自培,市交校,2006/11/8 0:00,2012/10/11 0:00,大众牌,大众牌,364548000000000000 ,364548000000000000 ,197005,196909,19,0,3,工作日,晚高峰(17-19点),2015-03-02,2015年3月2日,阴 /小雨,9℃ / 2℃,东北风 ≤3级 /东北风 ≤3级,阴,小雨,9,2,东北风,≤3级,东北风,≤3级,day
2015-03-02 20:31:00,相宝山,1、追尾的,负全部责任,不负责任,1,贵A86669,蓝,1,贵A86A36,蓝,自培,文通驾校,2006/6/26 0:00,2014/3/3 0:00,东本牌,东风标致牌,66645500000000000 ,364548000000000000 ,198402,198612,20,0,3,工作日,非高峰,2015-03-02,2015年3月2日,阴 /小雨,9℃ / 2℃,东北风 ≤3级 /东北风 ≤3级,阴,小雨,9,2,东北风,≤3级,东北风,≤3级,night
2015-03-02 17:00:00,花果园金顶山,1、追尾的,负全部责任,不负责任,1,贵GE8746,白色,1,贵AL56608,白色,自培,520109,2001/10/12 0:00,2009/3/26 0:00,比亚迪牌,-1,364558000000000000 ,364556000000000000 ,197309,198909,17,0,3,工作日,晚高峰(17-19点),2015-03-02,2015年3月2日,阴 /小雨,9℃ / 2℃,东北风 ≤3级 /东北风 ≤3级,阴,小雨,9,2,东北风,≤3级,东北风,≤3级,day
2015-03-02 21:30:00,金源购物中心,8、依法应负全责的其他情形,负全部责任,不负责任,1,贵A26Z45,黑,1,贵AU7676,绿,自培,铁二局驾校,2004/8/6 0:00,2011/2/13 0:00,起亚牌,金龙牌,366670000000000000 ,366367000000000000 ,197601,199210,21,0,3,工作日,非高峰,2015-03-02,2015年3月2日,阴 /小雨,9℃ / 2℃,东北风 ≤3级 /东北风 ≤3级,阴,小雨,9,2,东北风,≤3级,东北风,≤3级,night
2015-03-03 08:40:00,黔林山路,7、未按规定让行的 ,负全部责任,不负责任,0,贵DX8914,银,1,贵AH9731,银,自培,520116,2007/2/9 0:00,1998/1/22 0:00,五羊-本田牌,钱江牌,366663000000000000 ,364548000000000000 ,198506,197912,8,1,3,工作日,早高峰(7-9点),2015-03-03,2015年3月3日,小雨 /小雨,8℃ / 3℃,东北风 ≤3级 /东北风 ≤3级,小雨,小雨,8,3,东北风,≤3级,东北风,≤3级,day
2015-03-03 08:30:00,小河三00医院对面,7、未按规定让行的 ,负全部责任,不负责任,1,贵AU7556,白色,1,贵GGD549,黑色,自培,-1,2002/6/4 0:00,-1,银翔牌,长城牌,364556000000000000 ,366363000000000000 ,197205,197910,8,1,3,工作日,早高峰(7-9点),2015-03-03,2015年3月3日,小雨 /小雨,8℃ / 3℃,东北风 ≤3级 /东北风 ≤3级,小雨,小雨,8,3,东北风,≤3级,东北风,≤3级,day
2015-03-02 22:30:00,枣山路,1、追尾的,负全部责任,不负责任,1,贵AU0301,蓝,1,贵AX9881,白,自培,-1,2000/7/12 0:00,-1,新大洲牌,长安牌,364548000000000000 ,364548000000000000 ,197310,197104,22,0,3,工作日,非高峰,2015-03-02,2015年3月2日,阴 /小雨,9℃ / 2℃,东北风 ≤3级 /东北风 ≤3级,阴,小雨,9,2,东北风,≤3级,东北风,≤3级,night
2015-03-03 01:30:00,三桥,7、未按规定让行的 ,负全部责任,不负责任,1,贵AAY497,银,0,贵CMP647,银,自培,-1,2007/7/25 0:00,-1,起亚牌,-1,354366000000000000 ,366546000000000000 ,196911,199012,1,1,3,工作日,非高峰,2015-03-03,2015年3月3日,小雨 /小雨,8℃ / 3℃,东北风 ≤3级 /东北风 ≤3级,小雨,小雨,8,3,东北风,≤3级,东北风,≤3级,night
2015-03-03 07:07:00,解放路,1、追尾的,负全部责任,不负责任,1,粤B011NN,白,1,贵A37H92,白,自培,-1,2010/8/27 0:00,-1,奥迪,东风标致牌,366669000000000000 ,366561000000000000 ,199102,198001,7,1,3,工作日,早高峰(7-9点),2015-03-03,2015年3月3日,小雨 /小雨,8℃ / 3℃,东北风 ≤3级 /东北风 ≤3级,小雨,小雨,8,3,东北风,≤3级,东北风,≤3级,day
2015-03-03 11:30:00,北二环,7、未按规定让行的 ,负全部责任,不负责任,1,贵A0G616,黑,1,浙F47TKN,黑,自培,-1,2014/4/8 0:00,-1,-1,-1,355470000000000000 ,366875000000000000 ,197106,197302,11,1,3,工作日,非高峰,2015-03-03,2015年3月3日,小雨 /小雨,8℃ / 3℃,东北风 ≤3级 /东北风 ≤3级,小雨,小雨,8,3,东北风,≤3级,东北风,≤3级,day
2015-03-03 13:22:00,龚北路口,7、未按规定让行的 ,负全部责任,不负责任,1,贵AU7211,蓝,0,贵DY6145,白,自培,-1,2000/12/19 0:00,-1,新阳光牌,福特牌,366361000000000000 ,366662000000000000 ,196505,199103,13,1,3,工作日,非高峰,2015-03-03,2015年3月3日,小雨 /小雨,8℃ / 3℃,东北风 ≤3级 /东北风 ≤3级,小雨,小雨,8,3,东北风,≤3级,东北风,≤3级,day
2015-03-04 08:00:00,北京西路,7、未按规定让行的 ,负全部责任,不负责任,1,贵AR6266,白,1,贵A2E258,黑,自培,-1,2002/10/12 0:00,-1,众星牌,长安牌,366562000000000000 ,366569000000000000 ,197211,199201,8,2,3,工作日,早高峰(7-9点),2015-03-04,2015年3月4日,小雨 /小雨,6℃ / 1℃,东北风 ≤3级 /东北风 ≤3级,小雨,小雨,6,1,东北风,≤3级,东北风,≤3级,day
2015-03-04 07:40:00,小河清水江路,1、追尾的,负全部责任,不负责任,1,贵AM2366,白色,1,贵AS9E64,红色,自培,-1,2010/3/25 0:00,-1,朗风牌,-1,364551000000000000 ,364548000000000 ,198805,810227,7,2,3,工作日,早高峰(7-9点),2015-03-04,2015年3月4日,小雨 /小雨,6℃ / 1℃,东北风 ≤3级 /东北风 ≤3级,小雨,小雨,6,1,东北风,≤3级,东北风,≤3级,day
2015-03-04 10:00:00,百花大道,7、未按规定让行的 ,负全部责任,不负责任,1,贵A82732,白,1,贵AU0791,白,自培,-1,2006/7/27 0:00,-1,豪江牌,豪爵牌,364557000000000000 ,354696000000000000 ,197309,197912,10,2,3,工作日,非高峰,2015-03-04,2015年3月4日,小雨 /小雨,6℃ / 1℃,东北风 ≤3级 /东北风 ≤3级,小雨,小雨,6,1,东北风,≤3级,东北风,≤3级,day
2015-03-04 16:45:00,金苏大道,1、追尾的,负全部责任,不负责任,1,贵AE3588,银,1,贵A0650A,黑,自培,吉源驾校,2001/8/21 0:00,2010/11/15 0:00,宗申牌,奇瑞,364548000000000000 ,354366000000000000 ,197008,197205,16,2,3,工作日,非高峰,2015-03-04,2015年3月4日,小雨 /小雨,6℃ / 1℃,东北风 ≤3级 /东北风 ≤3级,小雨,小雨,6,1,东北风,≤3级,东北风,≤3级,day
2015-03-04 16:20:00,北京西路,7、未按规定让行的 ,负全部责任,不负责任,1,闽C1777A,黑,1,贵GY4167,白,自培,自培,2005/1/20 0:00,2001/11/12 0:00,宝马 ,捷豹,74655500000000000 ,57436951964969063X,196909,198208,16,2,3,工作日,非高峰,2015-03-04,2015年3月4日,小雨 /小雨,6℃ / 1℃,东北风 ≤3级 /东北风 ≤3级,小雨,小雨,6,1,东北风,≤3级,东北风,≤3级,day
2015-03-04 12:14:00,世纪城,7、未按规定让行的 ,负全部责任,不负责任,1,贵A64476,蓝,1,贵JK0174,蓝,自培,-1,2007/2/9 0:00,-1,柳特神力,五菱牌,366347000000000000 ,366868000000000000 ,197805,198803,12,2,3,工作日,非高峰,2015-03-04,2015年3月4日,小雨 /小雨,6℃ / 1℃,东北风 ≤3级 /东北风 ≤3级,小雨,小雨,6,1,东北风,≤3级,东北风,≤3级,day
2015-03-02 12:05:00,北京西路,8、依法应负全责的其他情形,负全部责任,不负责任,1,贵GX9457,黑,1,贵A0441E,黑,自培,自培,2001/4/3 0:00,2003/7/3 0:00,梅赛德斯-奔驰,福特牌,736669000000000000 ,366367000000000000 ,198112,196710,12,0,3,工作日,非高峰,2015-03-02,2015年3月2日,阴 /小雨,9℃ / 2℃,东北风 ≤3级 /东北风 ≤3级,阴,小雨,9,2,东北风,≤3级,东北风,≤3级,day