accidenttime,accidentaddr,driver1fault,driver1responsibility,driver2responsibility,sex1,platenumber1,carcolor1,sex2,platenumber2,carcolor2,jxmc1,jxmc2,cclzrq1,cclzrq2,clpp1,clpp2,driver1license,driver2license,brith1,brith2,hour,weekday,month,is_weekday,peak_hour,date,日期,天气状况,气温,风力风向,day_wea,night_wea,day_tep,night_tep,day_wind_direction,day_wind_speed,night_wind_direction,night_wind_speed,segment
2015-03-02 18:42:00,大关桥上,1、追尾的,负全部责任,不负责任,1,贵A4769H,银,1,贵AAT440,红,自培,自培,2007/6/7 0:00,2001/11/20 0:00,捷达牌,福克斯(FOCUS)牌,64362500000000000 ,36454751894243565X,198012,197806,18,0,3,工作日,晚高峰(17-19点),2015-03-02,2015年3月2日,阴 /小雨,9℃ / 2℃,东北风 ≤3级 /东北风 ≤3级,阴,小雨,9,2,东北风,≤3级,东北风,≤3级,day
2015-03-02 16:30:00,宝山北路,7、未按规定让行的 ,负全部责任,不负责任,0,贵AU5955,绿,1,贵AB2718,黑,自培,自培,2009/2/17 0:00,2004/6/10 0:00,宗申牌,起亚牌,366864000000000000 ,364558000000000000 ,198104,196608,16,0,3,工作日,非高峰,2015-03-02,2015年3月2日,阴 /小雨,9℃ / 2℃,东北风 ≤3级 /东北风 ≤3级,阴,小雨,9,2,东北风,≤3级,东北风,≤3级,day
2015-03-03 09:00:00,野鸭塘,3、倒车的,负全部责任,不负责任,1,川QJ1756,黑,0,贵ATC191,银,自培,自培,2012/12/5 0:00,2007/6/22 0:00,\N,别克牌,356376000000000000 ,364557000000000000 ,196409,197810,9,1,3,工作日,早高峰(7-9点),2015-03-03,2015年3月3日,小雨 /小雨,8℃ / 3℃,东北风 ≤3级 /东北风 ≤3级,小雨,小雨,8,3,东北风,≤3级,东北风,≤3级,day
2015-03-04 17:00:00,绿色未来,1、追尾的,负全部责任,不负责任,1,贵A4719B,银,1,贵AHY315,银,自培,自培,2007/1/24 0:00,2006/11/29 0:00,五菱牌,名爵牌,36606251854552695X,364547000000000000 ,197101,198401,17,2,3,工作日,晚高峰(17-19点),2015-03-04,2015年3月4日,小雨 /小雨,6℃ / 1℃,东北风 ≤3级 /东北风 ≤3级,小雨,小雨,6,1,东北风,≤3级,东北风,≤3级,day
2015-03-04 17:40:00,浣纱路,9、不符合前8款规定或者双方同时具有上述情形的,负同等责任,负同等责任,1,贵AS5166,白色,1,贵AU0808,黑色,自培,消防驾校,2009/12/22 0:00,2006/1/24 0:00,珠峰牌,万达牌,366570000000000000 ,366368000000000000 ,198808,197811,17,2,3,工作日,晚高峰(17-19点),2015-03-04,2015年3月4日,小雨 /小雨,6℃ / 1℃,东北风 ≤3级 /东北风 ≤3级,小雨,小雨,6,1,东北风,≤3级,东北风,≤3级,day
2015-03-04 17:45:00,公园北路,7、未按规定让行的 ,负全部责任,不负责任,1,贵AR5103,白,1,贵A8B873,白,自培,新华驾校,2002/5/21 0:00,2010/5/5 0:00,明锐牌,福特牌,364548000000000000 ,364556000000000000 ,197710,198503,17,2,3,工作日,晚高峰(17-19点),2015-03-04,2015年3月4日,小雨 /小雨,6℃ / 1℃,东北风 ≤3级 /东北风 ≤3级,小雨,小雨,6,1,东北风,≤3级,东北风,≤3级,day
2015-03-04 21:40:00,中天花园,8、依法应负全责的其他情形,负全部责任,不负责任,1,贵AHF072,红,1,贵AAL974,红,自培,-1,2004/4/23 0:00,-1,东风雪铁龙牌,别克牌,36454651304548060X,364547000000000000 ,195401,197611,21,2,3,工作日,非高峰,2015-03-04,2015年3月4日,小雨 /小雨,6℃ / 1℃,东北风 ≤3级 /东北风 ≤3级,小雨,小雨,6,1,东北风,≤3级,东北风,≤3级,night
2015-03-04 21:30:00,油榨街,7、未按规定让行的 ,负全部责任,不负责任,1,贵ALV835,白色,1,贵A7671W,白色,自培,-1,2004/5/27 0:00,-1,东风牌,吉利牌,364551000000000000 ,364547000000000000 ,198009,199109,21,2,3,工作日,非高峰,2015-03-04,2015年3月4日,小雨 /小雨,6℃ / 1℃,东北风 ≤3级 /东北风 ≤3级,小雨,小雨,6,1,东北风,≤3级,东北风,≤3级,night
2015-03-04 20:15:00,黔江路,1、追尾的,负全部责任,不负责任,1,贵AU5794,黄色,1,贵AG1194,白色,自培,六盘水钟山区宏程培训有限公司,2004/1/29 0:00,2004/7/13 0:00,豪爵牌,朗逸牌,366368000000000000 ,364551000000000000 ,198210,198112,20,2,3,工作日,非高峰,2015-03-04,2015年3月4日,小雨 /小雨,6℃ / 1℃,东北风 ≤3级 /东北风 ≤3级,小雨,小雨,6,1,东北风,≤3级,东北风,≤3级,night
2015-03-04 18:10:00,北京西路,1、追尾的,负全部责任,不负责任,1,贵HV4329,黑,1,闽JV2741,白,自培,-1,2007/4/12 0:00,-1,大众汽车牌,北京现代牌,784967000000000000 ,736647000000000000 ,195701,197502,18,2,3,工作日,晚高峰(17-19点),2015-03-04,2015年3月4日,小雨 /小雨,6℃ / 1℃,东北风 ≤3级 /东北风 ≤3级,小雨,小雨,6,1,东北风,≤3级,东北风,≤3级,day
2015-03-04 19:05:00,甲秀南路,7、未按规定让行的 ,负全部责任,不负责任,1,贵A43L24,白色,1,川R01525,白色,自培,-1,2010/1/28 0:00,-1,五菱牌,上海别克,76347500000000000 ,355456000000000000 ,198201,198602,19,2,3,工作日,晚高峰(17-19点),2015-03-04,2015年3月4日,小雨 /小雨,6℃ / 1℃,东北风 ≤3级 /东北风 ≤3级,小雨,小雨,6,1,东北风,≤3级,东北风,≤3级,day
2015-03-04 22:00:00,三桥,7、未按规定让行的 ,负全部责任,不负责任,1,贵AVK319,白,0,贵A45L59,红,自培,贵州现代驾驶培训责任有限公司,2007/3/20 0:00,2013/12/17 0:00,起亚牌,长安牌,366868000000000000 ,366367000000000000 ,196504,197803,22,2,3,工作日,非高峰,2015-03-04,2015年3月4日,小雨 /小雨,6℃ / 1℃,东北风 ≤3级 /东北风 ≤3级,小雨,小雨,6,1,东北风,≤3级,东北风,≤3级,night
2015-03-04 22:00:00,大营坡,3、倒车的,负全部责任,不负责任,1,贵AML756,红,1,贵AFD293,蓝,自培,520126,2004/8/6 0:00,2008/5/14 0:00,别克牌,三菱牌,364547000000000000 ,364548000000000000 ,195904,198702,22,2,3,工作日,非高峰,2015-03-04,2015年3月4日,小雨 /小雨,6℃ / 1℃,东北风 ≤3级 /东北风 ≤3级,小雨,小雨,6,1,东北风,≤3级,东北风,≤3级,night
2015-03-05 08:10:00,南明区小碧乡下坝村,1、追尾的,负全部责任,不负责任,1,贵GL3988,白色,1,贵A18H63,白色,自培,自培,2001/5/18 0:00,2013/8/16 0:00,明锐牌,北京现代牌,364556000000000000 ,36656651294541695X,196407,196801,8,3,3,工作日,早高峰(7-9点),2015-03-05,2015年3月5日,小雨 /小雨,4℃ / 1℃,东北风 ≤3级 /东北风 ≤3级,小雨,小雨,4,1,东北风,≤3级,东北风,≤3级,day
2015-03-05 09:00:00,金阳客车站, ,负全部责任,不负责任,1,贵A907F7,白,1,贵FJ5873,红,自培,织金县织通驾驶培训学校,2004/4/24 0:00,2012/6/19 0:00,江淮牌,长安牌,36634651955457023X,366046000000000000 ,198110,198902,9,3,3,工作日,早高峰(7-9点),2015-03-05,2015年3月5日,小雨 /小雨,4℃ / 1℃,东北风 ≤3级 /东北风 ≤3级,小雨,小雨,4,1,东北风,≤3级,东北风,≤3级,day
2015-03-05 03:00:00,长江路,7、未按规定让行的 ,负全部责任,不负责任,1,贵A83862,白色,1,贵A43634,黑色,自培,-1,2004/6/22 0:00,-1,万达牌,飞羚,36656351904054515X,36454500000000000 ,198404,964031,3,3,3,工作日,非高峰,2015-03-05,2015年3月5日,小雨 /小雨,4℃ / 1℃,东北风 ≤3级 /东北风 ≤3级,小雨,小雨,4,1,东北风,≤3级,东北风,≤3级,night
2015-03-05 09:48:00,湖滨路,1、追尾的,负全部责任,不负责任,0,贵ABB936,白,1,贵A69A15,蓝,自培,-1,2002/4/27 0:00,-1,五菱牌,雪佛兰牌,364557000000000000 ,36455600000000000 ,195806,197012,9,3,3,工作日,早高峰(7-9点),2015-03-05,2015年3月5日,小雨 /小雨,4℃ / 1℃,东北风 ≤3级 /东北风 ≤3级,小雨,小雨,4,1,东北风,≤3级,东北风,≤3级,day
2015-03-05 07:00:00,沙冲路,1、追尾的,负全部责任,不负责任,1,贵AU5855,绿,1,贵ABF653,银,自培,-1,2000/5/25 0:00,-1,捷达牌,五菱牌,366066000000000000 ,35524700000000000 ,197507,198701,7,3,3,工作日,早高峰(7-9点),2015-03-05,2015年3月5日,小雨 /小雨,4℃ / 1℃,东北风 ≤3级 /东北风 ≤3级,小雨,小雨,4,1,东北风,≤3级,东北风,≤3级,day
2015-03-05 18:00:00,解放路,3、倒车的,负全部责任,不负责任,1,贵ABE742,白色,1,贵AJN264,白色,自培,顺一驾驶培训学校,2004/7/25 0:00,2014/8/18 0:00,捷达(JETTA)牌,豪情牌,364547000000000000 ,364548000000000000 ,197608,197212,18,3,3,工作日,晚高峰(17-19点),2015-03-05,2015年3月5日,小雨 /小雨,4℃ / 1℃,东北风 ≤3级 /东北风 ≤3级,小雨,小雨,4,1,东北风,≤3级,东北风,≤3级,day
2015-03-05 20:00:00,三五厂生活区,7、未按规定让行的 ,负全部责任,不负责任,1,贵AH8629,黑色,1,贵A013A5,白色,自培,顺一驾驶培训学校,2004/8/14 0:00,2011/12/25 0:00,南方牌,福田牌,77486051205456615X,366568000000000000 ,196410,199010,20,3,3,工作日,非高峰,2015-03-05,2015年3月5日,小雨 /小雨,4℃ / 1℃,东北风 ≤3级 /东北风 ≤3级,小雨,小雨,4,1,东北风,≤3级,东北风,≤3级,night
2015-03-05 21:00:00,大关,3、倒车的,负全部责任,不负责任,1,贵ARW285,黑,1,贵A82P26,黑,自培,文通驾校,2000/1/12 0:00,2011/11/3 0:00,夏利牌,名爵牌,364548000000000000 ,364646000000000000 ,197111,197805,21,3,3,工作日,非高峰,2015-03-05,2015年3月5日,小雨 /小雨,4℃ / 1℃,东北风 ≤3级 /东北风 ≤3级,小雨,小雨,4,1,东北风,≤3级,东北风,≤3级,night
2015-03-05 21:15:00,富源路,7、未按规定让行的 ,负全部责任,不负责任,1,贵AKK636,白色,1,贵ALQ141,白色,自培,景宏驾校,2003/12/17 0:00,2011/10/14 0:00,宝马牌,海马牌,366846000000000000 ,364547000000000000 ,197611,196310,21,3,3,工作日,非高峰,2015-03-05,2015年3月5日,小雨 /小雨,4℃ / 1℃,东北风 ≤3级 /东北风 ≤3级,小雨,小雨,4,1,东北风,≤3级,东北风,≤3级,night
2015-03-05 15:30:00,世纪城,8、依法应负全责的其他情形,负全部责任,不负责任,1,贵AS8123,白,1,贵GL6664,蓝,自培,自培,2003/2/17 0:00,2004/5/12 0:00,力帆牌,东风日产牌,36454751334963765X,364547000000000000 ,195508,195508,15,3,3,工作日,非高峰,2015-03-05,2015年3月5日,小雨 /小雨,4℃ / 1℃,东北风 ≤3级 /东北风 ≤3级,小雨,小雨,4,1,东北风,≤3级,东北风,≤3级,day
2015-03-05 18:40:00,花溪,1、追尾的,负全部责任,不负责任,1,贵A2493U,白色,1,贵A5457A,白色,自培,-1,2003/5/30 0:00,-1,起亚牌,五菱牌,364556000000000000 ,3668750000000000 ,197209,994121,18,3,3,工作日,晚高峰(17-19点),2015-03-05,2015年3月5日,小雨 /小雨,4℃ / 1℃,东北风 ≤3级 /东北风 ≤3级,小雨,小雨,4,1,东北风,≤3级,东北风,≤3级,day
2015-03-05 21:40:00,山水黔城,7、未按规定让行的 ,负全部责任,不负责任,1,贵AVL858,白色,1,豫SS6964,白色,自培,-1,2004/10/13 0:00,-1,奥迪牌,北京现代牌,364548000000000000 ,55366500000000000 ,196501,199106,21,3,3,工作日,非高峰,2015-03-05,2015年3月5日,小雨 /小雨,4℃ / 1℃,东北风 ≤3级 /东北风 ≤3级,小雨,小雨,4,1,东北风,≤3级,东北风,≤3级,night
2015-03-06 07:52:00,日报社,7、未按规定让行的 ,负全部责任,不负责任,1,贵A2AN09,银,1,贵A37P22,黑,自培,520108,2001/8/30 0:00,2011/5/19 0:00,丰田牌,东风雪铁龙牌,36455651225546445X,366546000000000000 ,196611,198208,7,4,3,工作日,早高峰(7-9点),2015-03-06,2015年3月6日,小雨 /小雨,5℃ / 3℃,东北风 ≤3级 /东北风 ≤3级,小雨,小雨,5,3,东北风,≤3级,东北风,≤3级,day
2015-03-06 00:00:00,长江路,7、未按规定让行的 ,负全部责任,不负责任,1,贵AA893G,白色,1,贵A27208,白色,自培,金安驾校,2002/1/9 0:00,-1,梅赛德斯-奔驰,嘉陵牌,366347000000000000 ,366369000000000000 ,197809,197607,0,4,3,工作日,非高峰,2015-03-06,2015年3月6日,小雨 /小雨,5℃ / 3℃,东北风 ≤3级 /东北风 ≤3级,小雨,小雨,5,3,东北风,≤3级,东北风,≤3级,night
2015-03-06 10:00:00,师大,1、追尾的,负全部责任,不负责任,1,贵AU7445,绿,1,贵FX1825,白,自培,-1,2009/4/23 0:00,-1,力帆牌,北京现代牌,366566000000000000 ,366068000000000000 ,197510,198812,10,4,3,工作日,非高峰,2015-03-06,2015年3月6日,小雨 /小雨,5℃ / 3℃,东北风 ≤3级 /东北风 ≤3级,小雨,小雨,5,3,东北风,≤3级,东北风,≤3级,day
2015-03-06 09:30:00,转弯塘,1、追尾的,负全部责任,不负责任,1,贵AA6983,黑,1,贵ATU161,红,自培,-1,2012/12/27 0:00,-1,轻骑*木兰,雪佛兰牌,364596000000000000 ,366068000000000000 ,199111,198010,9,4,3,工作日,早高峰(7-9点),2015-03-06,2015年3月6日,小雨 /小雨,5℃ / 3℃,东北风 ≤3级 /东北风 ≤3级,小雨,小雨,5,3,东北风,≤3级,东北风,≤3级,day
2015-03-04 13:03:00,二戈寨,3、倒车的,负全部责任,不负责任,1,贵A71L42,白色,1,贵AEP274,白色,自培,自培,2003/6/4 0:00,2000/1/27 0:00,翼搏牌,东风雪铁龙牌,366770000000000000 ,364547000000000000 ,196207,197805,13,2,3,工作日,非高峰,2015-03-04,2015年3月4日,小雨 /小雨,6℃ / 1℃,东北风 ≤3级 /东北风 ≤3级,小雨,小雨,6,1,东北风,≤3级,东北风,≤3级,day
2015-03-05 08:50:00,北京西路,1、追尾的,负全部责任,不负责任,1,琼AJH812,红,1,贵FS0880,白,自培,自培,2007/6/14 0:00,2006/6/13 0:00,五菱牌,长安牌,364557000000000000 ,74795500000000000 ,198508,198401,8,3,3,工作日,早高峰(7-9点),2015-03-05,2015年3月5日,小雨 /小雨,4℃ / 1℃,东北风 ≤3级 /东北风 ≤3级,小雨,小雨,4,1,东北风,≤3级,东北风,≤3级,day
2015-03-06 10:30:00,百花大道,3、倒车的,负全部责任,不负责任,1,贵A7951A,黑,1,贵ADP219,白,自培,-1,2009/5/13 0:00,-1,大众汽车牌,福田牌,354147000000000000 ,76347500000000000 ,198110,196008,10,4,3,工作日,非高峰,2015-03-06,2015年3月6日,小雨 /小雨,5℃ / 3℃,东北风 ≤3级 /东北风 ≤3级,小雨,小雨,5,3,东北风,≤3级,东北风,≤3级,day
2015-03-06 16:25:00,建设南路,3、倒车的,负全部责任,不负责任,1,贵A25G24,银,1,贵A3291Z,蓝,自培,520116,2000/6/12 0:00,2000/7/10 0:00,东风雪铁龙牌,威志牌,364558000000000000 ,364558000000000000 ,196508,197003,16,4,3,工作日,非高峰,2015-03-06,2015年3月6日,小雨 /小雨,5℃ / 3℃,东北风 ≤3级 /东北风 ≤3级,小雨,小雨,5,3,东北风,≤3级,东北风,≤3级,day
2015-03-06 18:10:00,水东路,1、追尾的,负全部责任,不负责任,1,贵AHU942,黑,1,贵AU3515,蓝,自培,时发驾校,2000/5/25 0:00,2010/8/16 0:00,迈腾牌,豪爵牌,364547000000000000 ,366577000000000000 ,196411,198901,18,4,3,工作日,晚高峰(17-19点),2015-03-06,2015年3月6日,小雨 /小雨,5℃ / 3℃,东北风 ≤3级 /东北风 ≤3级,小雨,小雨,5,3,东北风,≤3级,东北风,≤3级,day
2015-03-07 00:00:00,花溪吉林,7、未按规定让行的 ,负全部责任,不负责任,1,贵A93198,白色,1,贵AB056A,白色,自培,贵大驾校,2006/2/17 0:00,2013/8/15 0:00,豪泺牌,西耶那,364551000000000000 ,364556000000000000 ,197703,198601,0,5,3,工作日,非高峰,2015-03-07,2015年3月7日,阴 /小雨,10℃ / 5℃,东风 ≤3级 /东南风 ≤3级,阴,小雨,10,5,东风,≤3级,东南风,≤3级,night
2015-03-06 21:05:00,花溪大道,1、追尾的,负全部责任,不负责任,1,贵A5AY96,白色,1,贵A4911A,白色,自培,-1,2007/4/4 0:00,-1,雪佛兰牌,捷达牌,364648000000000000 ,364648000000000000 ,197910,199012,21,4,3,工作日,非高峰,2015-03-06,2015年3月6日,小雨 /小雨,5℃ / 3℃,东北风 ≤3级 /东北风 ≤3级,小雨,小雨,5,3,东北风,≤3级,东北风,≤3级,night
2015-03-07 00:15:00,盐务街,7、未按规定让行的 ,负全部责任,不负责任,1,贵AEG423,黑,1,贵AHV668,白,自培,-1,2006/11/20 0:00,-1,别克牌,传祺,364547000000000000 ,J64546512942695658,198006,196806,0,5,3,工作日,非高峰,2015-03-07,2015年3月7日,阴 /小雨,10℃ / 5℃,东风 ≤3级 /东南风 ≤3级,阴,小雨,10,5,东风,≤3级,东南风,≤3级,night
2015-03-06 21:40:00,贵惠大道,1、追尾的,负全部责任,不负责任,1,贵EK3557,白色,1,贵A92423,白色,自培,-1,2006/7/13 0:00,-1,东风日产牌,庆铃,364548000000000000 ,366566000000000000 ,197909,198412,21,4,3,工作日,非高峰,2015-03-06,2015年3月6日,小雨 /小雨,5℃ / 3℃,东北风 ≤3级 /东北风 ≤3级,小雨,小雨,5,3,东北风,≤3级,东北风,≤3级,night
2015-03-07 13:16:00,小河兴隆花园,1、追尾的,负全部责任,不负责任,1,贵A9918B,白色,1,贵AA899J,白色,自培,顺一驾驶培训学校,2003/10/31 0:00,2011/7/8 0:00,朗逸牌,长安牌,366367000000000000 ,364556000000000000 ,197311,197903,13,5,3,工作日,非高峰,2015-03-07,2015年3月7日,阴 /小雨,10℃ / 5℃,东风 ≤3级 /东南风 ≤3级,阴,小雨,10,5,东风,≤3级,东南风,≤3级,day
2015-03-07 14:47:00,新添大道,1、追尾的,负全部责任,不负责任,1,贵A2878X ,银,1,贵A2491Z,绿,自培,贵大佳德驾驶培训学校,2011/12/26 0:00,2011/9/7 0:00,-1,北京牌,364566000000000000 ,356168000000000000 ,198910,197409,14,5,3,工作日,非高峰,2015-03-07,2015年3月7日,阴 /小雨,10℃ / 5℃,东风 ≤3级 /东南风 ≤3级,阴,小雨,10,5,东风,≤3级,东南风,≤3级,day
2015-03-07 14:50:00,中山西路,8、依法应负全责的其他情形,负全部责任,不负责任,1,贵A38V45,黑,0,贵AU0063,黑,自培,520110,2003/10/30 0:00,2010/11/18 0:00,雷克萨斯,豪爵牌,366861000000000000 ,364548000000000000 ,198406,197207,14,5,3,工作日,非高峰,2015-03-07,2015年3月7日,阴 /小雨,10℃ / 5℃,东风 ≤3级 /东南风 ≤3级,阴,小雨,10,5,东风,≤3级,东南风,≤3级,day
2015-03-07 15:20:00,宝山路,7、未按规定让行的 ,负全部责任,不负责任,1,贵AVK587,银,0,贵AU9829,银,自培,贵州省长安驾驶培训学校,2000/6/20 0:00,2011/5/6 0:00,雪铁龙,嘉隆牌,36454651214540493X,354347000000000000 ,196901,199007,15,5,3,工作日,非高峰,2015-03-07,2015年3月7日,阴 /小雨,10℃ / 5℃,东风 ≤3级 /东南风 ≤3级,阴,小雨,10,5,东风,≤3级,东南风,≤3级,day
2015-03-07 19:35:00,世纪城,1、追尾的,负全部责任,不负责任,1,贵AU9901,绿,1,粤A545PP,白,自培,-1,2002/10/31 0:00,-1,捷达牌,北京现代牌,376570000000000000 ,74096500000000000 ,198106,199311,19,5,3,工作日,晚高峰(17-19点),2015-03-07,2015年3月7日,阴 /小雨,10℃ / 5℃,东风 ≤3级 /东南风 ≤3级,阴,小雨,10,5,东风,≤3级,东南风,≤3级,day
2015-03-08 07:00:00,金朱东路,7、未按规定让行的 ,负全部责任,不负责任,1,贵A23249,银,1,贵A1475Y,银,自培,长运驾校,2011/3/22 0:00,2006/6/12 0:00,宝马,东风日产牌,366064000000000000 ,366347000000000000 ,197008,197312,7,6,3,周末,早高峰(7-9点),2015-03-08,2015年3月8日,小雨 /阴,11℃ / 6℃,东北风 ≤3级 /东北风 ≤3级,小雨,阴,11,6,东北风,≤3级,东北风,≤3级,day
2015-03-08 09:40:00,二铺,1、追尾的,负全部责任,不负责任,1,贵AKH521,黑,1,贵A6043R,黑,自培,-1,2004/6/12 0:00,-1,雪佛兰牌,五菱牌,354166000000000000 ,366064000000000000 ,198604,197702,9,6,3,周末,早高峰(7-9点),2015-03-08,2015年3月8日,小雨 /阴,11℃ / 6℃,东北风 ≤3级 /东北风 ≤3级,小雨,阴,11,6,东北风,≤3级,东北风,≤3级,day
2015-03-08 12:40:00,八匹马,1、追尾的,负全部责任,不负责任,1,贵A4BJ34,银,1,贵AGJ978,银,自培,-1,2007/7/30 0:00,-1,福克斯牌,奥迪牌,366766000000000000 ,366066000000000000 ,197811,197001,12,6,3,周末,非高峰,2015-03-08,2015年3月8日,小雨 /阴,11℃ / 6℃,东北风 ≤3级 /东北风 ≤3级,小雨,阴,11,6,东北风,≤3级,东北风,≤3级,day
2015-03-06 08:40:00,天逸城,8、依法应负全责的其他情形,负全部责任,不负责任,1,贵AS7751,银,1,贵AN1029,黑,自培,自培,2004/11/19 0:00,2001/9/25 0:00,起亚牌,帕萨特牌,366274000000000000 ,364548000000000000 ,197301,197810,8,4,3,工作日,早高峰(7-9点),2015-03-06,2015年3月6日,小雨 /小雨,5℃ / 3℃,东北风 ≤3级 /东北风 ≤3级,小雨,小雨,5,3,东北风,≤3级,东北风,≤3级,day
2015-03-06 11:15:00,白云公园,1、追尾的,负全部责任,不负责任,1,贵A800B3,银,1,贵AAP812,白,自培,自培,2004/11/1 0:00,2001/5/30 0:00,王牌牌,宗申牌,366770000000000000 ,364558000000000000 ,198610,196803,11,4,3,工作日,非高峰,2015-03-06,2015年3月6日,小雨 /小雨,5℃ / 3℃,东北风 ≤3级 /东北风 ≤3级,小雨,小雨,5,3,东北风,≤3级,东北风,≤3级,day
2015-03-06 10:00:00,宝山北路,3、倒车的,负全部责任,不负责任,1,贵A20695,白色,1,贵A81W97,白色,自培,自培,2006/12/6 0:00,2004/1/18 0:00,东南,思威牌,364548000000000000 ,354366000000000000 ,197405,197712,10,4,3,工作日,非高峰,2015-03-06,2015年3月6日,小雨 /小雨,5℃ / 3℃,东北风 ≤3级 /东北风 ≤3级,小雨,小雨,5,3,东北风,≤3级,东北风,≤3级,day
2015-03-08 15:44:00,恒大城,1、追尾的,负全部责任,不负责任,1,贵A73X54,黑,1,贵ASF912,黑,自培,自培,2012/1/10 0:00,2002/6/4 0:00,华泰圣达菲牌,英伦牌,366368000000000000 ,366347000000000000 ,198412,198404,15,6,3,周末,非高峰,2015-03-08,2015年3月8日,小雨 /阴,11℃ / 6℃,东北风 ≤3级 /东北风 ≤3级,小雨,阴,11,6,东北风,≤3级,东北风,≤3级,day
2015-03-08 16:20:00,花果园,8、依法应负全责的其他情形,负全部责任,不负责任,1,贵AW4567,白,0,贵JHQ595,白,自培,520129,2004/8/16 0:00,2010/2/24 0:00,钱江牌,丰田牌,364548000000000000 ,366663000000000000 ,198302,197712,16,6,3,周末,非高峰,2015-03-08,2015年3月8日,小雨 /阴,11℃ / 6℃,东北风 ≤3级 /东北风 ≤3级,小雨,阴,11,6,东北风,≤3级,东北风,≤3级,day
2015-03-08 17:00:00,凯金物流对面,1、追尾的,负全部责任,不负责任,1,贵A79B29,红 ,1,贵FQ8851,白,自培,520127,2007/5/23 0:00,2009/7/2 0:00,比亚迪牌,大众汽车牌,36636651214358445X,366046000000000000 ,196905,198106,17,6,3,周末,晚高峰(17-19点),2015-03-08,2015年3月8日,小雨 /阴,11℃ / 6℃,东北风 ≤3级 /东北风 ≤3级,小雨,阴,11,6,东北风,≤3级,东北风,≤3级,day
2015-03-08 17:00:00,未来方舟,8、依法应负全责的其他情形,负全部责任,不负责任,1,贵AHF986,白,1,贵EN4296,黑,自培,贵大佳德驾驶培训学校,2003/11/10 0:00,2014/2/12 0:00,雷克萨斯4608CC,五菱牌,366061000000000000 ,364596000000000000 ,196403,198611,17,6,3,周末,晚高峰(17-19点),2015-03-08,2015年3月8日,小雨 /阴,11℃ / 6℃,东北风 ≤3级 /东北风 ≤3级,小雨,阴,11,6,东北风,≤3级,东北风,≤3级,day
2015-03-08 17:00:00,黔林山路,1、追尾的,负全部责任,不负责任,1,贵ASR633,黑,0,贵AAK268,银,自培,520101,2002/7/16 0:00,2009/5/4 0:00,海马牌,宝马牌,36454651974956645X,36455651805475440X,198308,197410,17,6,3,周末,晚高峰(17-19点),2015-03-08,2015年3月8日,小雨 /阴,11℃ / 6℃,东北风 ≤3级 /东北风 ≤3级,小雨,阴,11,6,东北风,≤3级,东北风,≤3级,day
2015-03-08 15:42:00,三桥,8、依法应负全责的其他情形,负全部责任,不负责任,1,贵ARX591,银,1,贵A56B49,黑,自培,-1,2012/12/13 0:00,-1,奥铃牌,思威牌,74367500000000000 ,366264000000000000 ,198812,198009,15,6,3,周末,非高峰,2015-03-08,2015年3月8日,小雨 /阴,11℃ / 6℃,东北风 ≤3级 /东北风 ≤3级,小雨,阴,11,6,东北风,≤3级,东北风,≤3级,day
2015-03-08 16:03:00,金珠路,7、未按规定让行的 ,负全部责任,不负责任,1,贵GBJ523,白,1,贵BAA752,白,自培,-1,2009/9/30 0:00,-1,解放牌,红旗,366363000000000000 ,364596000000000000 ,197805,198601,16,6,3,周末,非高峰,2015-03-08,2015年3月8日,小雨 /阴,11℃ / 6℃,东北风 ≤3级 /东北风 ≤3级,小雨,阴,11,6,东北风,≤3级,东北风,≤3级,day
2015-03-08 18:30:00,永乐路,1、追尾的,负全部责任,不负责任,1,贵AK4279,银,1,贵ASS531,银,自培,全林驾校,2003/8/12 0:00,2010/5/5 0:00,波罗,朗逸牌,64555500000000000 ,364548000000000000 ,197412,198901,18,6,3,周末,晚高峰(17-19点),2015-03-08,2015年3月8日,小雨 /阴,11℃ / 6℃,东北风 ≤3级 /东北风 ≤3级,小雨,阴,11,6,东北风,≤3级,东北风,≤3级,day
2015-03-08 19:50:00,金阳,7、未按规定让行的 ,负全部责任,不负责任,0,贵AFR386,银,0,贵AW8137,银,自培,全林驾校,2006/7/4 0:00,2014/3/19 0:00,丰田牌,奥铃牌,366868000000000000 ,364557000000000000 ,197010,199003,19,6,3,周末,晚高峰(17-19点),2015-03-08,2015年3月8日,小雨 /阴,11℃ / 6℃,东北风 ≤3级 /东北风 ≤3级,小雨,阴,11,6,东北风,≤3级,东北风,≤3级,day
2015-03-08 17:40:00,林城西路,7、未按规定让行的 ,负全部责任,不负责任,1,贵AU5202,银,1,贵GC9087,银,自培,鑫鑫驾校,2004/10/19 0:00,2012/7/27 0:00,丰田牌,宝马牌,364557000000000000 ,774769000000000000 ,197410,198101,17,6,3,周末,晚高峰(17-19点),2015-03-08,2015年3月8日,小雨 /阴,11℃ / 6℃,东北风 ≤3级 /东北风 ≤3级,小雨,阴,11,6,东北风,≤3级,东北风,≤3级,day
2015-03-08 20:45:00,花果园,1、追尾的,负全部责任,不负责任,1,贵A27314,银,1,贵AEU793,银,自培,金大驾校,2000/8/15 0:00,2011/8/2 0:00,赛阳牌,东风雪铁龙牌,364547000000000000 ,36636051904958579X,197707,198408,20,6,3,周末,非高峰,2015-03-08,2015年3月8日,小雨 /阴,11℃ / 6℃,东北风 ≤3级 /东北风 ≤3级,小雨,阴,11,6,东北风,≤3级,东北风,≤3级,night