accidenttime,accidentaddr,driver1fault,driver1responsibility,driver2responsibility,sex1,platenumber1,carcolor1,sex2,platenumber2,carcolor2,jxmc1,jxmc2,cclzrq1,cclzrq2,clpp1,clpp2,driver1license,driver2license,brith1,brith2,hour,weekday,month,is_weekday,peak_hour,date,日期,天气状况,气温,风力风向,day_wea,night_wea,day_tep,night_tep,day_wind_direction,day_wind_speed,night_wind_direction,night_wind_speed,segment
2015-03-08 17:25:00,乌当,9、不符合前8款规定或者双方同时具有上述情形的,负同等责任,负同等责任,1,贵AU9686,绿,1,贵CGT007,白,自培,-1,2007/9/7 0:00,-1,重骑牌,吉奥牌,364548000000000000 ,366577000000000000 ,198612,197204,17,6,3,周末,晚高峰(17-19点),2015-03-08,2015年3月8日,小雨 /阴,11℃ / 6℃,东北风 ≤3级 /东北风 ≤3级,小雨,阴,11,6,东北风,≤3级,东北风,≤3级,day
2015-03-08 18:00:00,花溪霞辉路,7、未按规定让行的 ,负全部责任,不负责任,1,贵A72F95,白色,1,贵A2803U,白色,自培,贵大佳德驾驶培训学校,2002/12/10 0:00,2012/5/26 0:00,吉利美日牌,五菱牌,366368000000000000 ,364556000000000000 ,197410,197512,18,6,3,周末,晚高峰(17-19点),2015-03-08,2015年3月8日,小雨 /阴,11℃ / 6℃,东北风 ≤3级 /东北风 ≤3级,小雨,阴,11,6,东北风,≤3级,东北风,≤3级,day
2015-03-09 08:00:00,小河转盘,9、不符合前8款规定或者双方同时具有上述情形的,负同等责任,负同等责任,1,贵AB536J,白色,1,贵ACV644,黄色,自培,-1,2010/8/16 0:00,-1,大众汽车牌,雷克萨斯,366566000000000000 ,344147000000000000 ,198409,197206,8,0,3,工作日,早高峰(7-9点),2015-03-09,2015年3月9日,小雨 /小雨,10℃ / 5℃,东北风 ≤3级 /东北风 ≤3级,小雨,小雨,10,5,东北风,≤3级,东北风,≤3级,day
2015-03-09 08:30:00,金苏大道,1、追尾的,负全部责任,不负责任,1,贵A89Z88,黄,1,贵A8748B,白,自培,天行健驾校,2008/10/13 0:00,2013/11/20 0:00,福特牌,奥迪牌,366362000000000000 ,366367000000000000 ,198605,198008,8,0,3,工作日,早高峰(7-9点),2015-03-09,2015年3月9日,小雨 /小雨,10℃ / 5℃,东北风 ≤3级 /东北风 ≤3级,小雨,小雨,10,5,东北风,≤3级,东北风,≤3级,day
2015-03-09 12:00:00,凤凰山,8、依法应负全责的其他情形,负全部责任,不负责任,1,贵AWC954,白色,1,贵AHW333,黑色,自培,520129,2003/7/22 0:00,2008/5/12 0:00,福克斯,雅阁牌,675441000000000000 ,366346000000000000 ,198002,198503,12,0,3,工作日,非高峰,2015-03-09,2015年3月9日,小雨 /小雨,10℃ / 5℃,东北风 ≤3级 /东北风 ≤3级,小雨,小雨,10,5,东北风,≤3级,东北风,≤3级,day
2015-03-09 12:10:00,北京西路,1、追尾的,负全部责任,不负责任,1,贵AJE177,银,1,贵A95G96,白,自培,-1,2004/5/13 0:00,-1,东风日产牌,长城牌,364646000000000000 ,366862000000000000 ,198211,198810,12,0,3,工作日,非高峰,2015-03-09,2015年3月9日,小雨 /小雨,10℃ / 5℃,东北风 ≤3级 /东北风 ≤3级,小雨,小雨,10,5,东北风,≤3级,东北风,≤3级,day
2015-03-09 12:00:00,开发大道,7、未按规定让行的 ,负全部责任,不负责任,1,贵AHB862,白色,1,贵JM6391,白色,自培,贵定县阳光汽车驾驶培训学校,2006/11/9 0:00,2006/11/9 0:00,宝马,东风牌,364547000000000000 ,366868000000000000 ,198611,198110,12,0,3,工作日,非高峰,2015-03-09,2015年3月9日,小雨 /小雨,10℃ / 5℃,东北风 ≤3级 /东北风 ≤3级,小雨,小雨,10,5,东北风,≤3级,东北风,≤3级,day
2015-03-09 14:00:00,白云区,7、未按规定让行的 ,负全部责任,不负责任,1,贵AR0893,红,1,贵ANB471,银,自培,#,2002/6/18 0:00,-1,中华牌,辉腾,364558000000000000 ,366061000000000000 ,198108,198601,14,0,3,工作日,非高峰,2015-03-09,2015年3月9日,小雨 /小雨,10℃ / 5℃,东北风 ≤3级 /东北风 ≤3级,小雨,小雨,10,5,东北风,≤3级,东北风,≤3级,day
2015-03-09 14:00:00,富源中路,7、未按规定让行的 ,负全部责任,不负责任,1,浙J655L9,白色,1,贵FP5156,白色,自培,自培,2006/7/20 0:00,-1,依维柯牌,红旗牌,364548000000000000 ,366067000000000000 ,195804,199011,14,0,3,工作日,非高峰,2015-03-09,2015年3月9日,小雨 /小雨,10℃ / 5℃,东北风 ≤3级 /东北风 ≤3级,小雨,小雨,10,5,东北风,≤3级,东北风,≤3级,day
2015-03-09 11:00:00,贵惠大道,3、倒车的,负全部责任,不负责任,1,贵CKL810,白色,1,贵A28K25,白色,自培,-1,2012/12/12 0:00,-1,五菱牌,马自达牌,366566000000000000 ,706063000000000000 ,197906,198311,11,0,3,工作日,非高峰,2015-03-09,2015年3月9日,小雨 /小雨,10℃ / 5℃,东北风 ≤3级 /东北风 ≤3级,小雨,小雨,10,5,东北风,≤3级,东北风,≤3级,day
2015-03-09 13:10:00,百花大道,7、未按规定让行的 ,负全部责任,不负责任,1,贵AR8104,黄,1,贵AB735C,黑,自培,-1,2008/10/13 0:00,-1,黄河牌,思铂睿牌,366064000000000000 ,366046000000000000 ,196908,198603,13,0,3,工作日,非高峰,2015-03-09,2015年3月9日,小雨 /小雨,10℃ / 5℃,东北风 ≤3级 /东北风 ≤3级,小雨,小雨,10,5,东北风,≤3级,东北风,≤3级,day
2015-03-09 14:50:00,金苏大道,7、未按规定让行的 ,负全部责任,不负责任,1,贵GQ1463,银,1,贵AA3141,银,自培,-1,2012/12/13 0:00,-1,英伦牌,蒙迪欧牌,364558000000000000 ,366566000000000000 ,197205,198702,14,0,3,工作日,非高峰,2015-03-09,2015年3月9日,小雨 /小雨,10℃ / 5℃,东北风 ≤3级 /东北风 ≤3级,小雨,小雨,10,5,东北风,≤3级,东北风,≤3级,day
2015-03-09 15:10:00,云环北路,7、未按规定让行的 ,负全部责任,不负责任,1,贵AY5555,白,0,贵AA304C,银,自培,消防驾校,2006/4/27 0:00,2014/8/4 0:00,大阳牌,华泰圣达菲牌,366061000000000000 ,364568000000000000 ,196203,199603,15,0,3,工作日,非高峰,2015-03-09,2015年3月9日,小雨 /小雨,10℃ / 5℃,东北风 ≤3级 /东北风 ≤3级,小雨,小雨,10,5,东北风,≤3级,东北风,≤3级,day
2015-03-08 15:54:00,百花大道,8、依法应负全责的其他情形,负全部责任,不负责任,1,贵APA832,红,1,贵A23643,红,自培,自培,2002/6/27 0:00,2004/10/18 0:00,长安牌,鑫源牌,366570000000000000 ,366347000000000000 ,197205,198211,15,6,3,周末,非高峰,2015-03-08,2015年3月8日,小雨 /阴,11℃ / 6℃,东北风 ≤3级 /东北风 ≤3级,小雨,阴,11,6,东北风,≤3级,东北风,≤3级,day
2015-03-08 16:00:00,长江路,1、追尾的,负全部责任,不负责任,1,贵A9SW19,白色,1,贵AHY525,白色,自培,自培,2003/10/13 0:00,2006/6/29 0:00,-1,马自达牌,366361000000000000 ,364547000000000000 ,197307,198205,16,6,3,周末,非高峰,2015-03-08,2015年3月8日,小雨 /阴,11℃ / 6℃,东北风 ≤3级 /东北风 ≤3级,小雨,阴,11,6,东北风,≤3级,东北风,≤3级,day
2015-03-09 17:58:00,同心路,1、追尾的,负全部责任,不负责任,1,渝BE9715,红,0,贵AS8273,蓝,自培,新华驾校,2004/8/11 0:00,2012/6/19 0:00,无,波罗牌,366367000000000000 ,366363000000000000 ,197108,197409,17,0,3,工作日,晚高峰(17-19点),2015-03-09,2015年3月9日,小雨 /小雨,10℃ / 5℃,东北风 ≤3级 /东北风 ≤3级,小雨,小雨,10,5,东北风,≤3级,东北风,≤3级,day
2015-03-09 15:30:00,长岭北路,7、未按规定让行的 ,负全部责任,不负责任,1,贵ADE202,银,0,贵AEF217,银,自培,-1,2004/8/23 0:00,-1,众泰牌,丰田牌,366067000000000000 ,364647000000000000 ,197506,198008,15,0,3,工作日,非高峰,2015-03-09,2015年3月9日,小雨 /小雨,10℃ / 5℃,东北风 ≤3级 /东北风 ≤3级,小雨,小雨,10,5,东北风,≤3级,东北风,≤3级,day
2015-03-09 18:35:00,花果园,9、不符合前8款规定或者双方同时具有上述情形的,负同等责任,负同等责任,1,贵FP5136,银,1,贵JBT354,黑,自培,诚信驾驶培训学校,2005/11/3 0:00,2014/12/23 0:00,长安牌,起亚牌,366067000000000000 ,364556000000000000 ,198706,198601,18,0,3,工作日,晚高峰(17-19点),2015-03-09,2015年3月9日,小雨 /小雨,10℃ / 5℃,东北风 ≤3级 /东北风 ≤3级,小雨,小雨,10,5,东北风,≤3级,东北风,≤3级,day
2015-03-09 20:40:00,小河平桥,7、未按规定让行的 ,负全部责任,不负责任,1,贵DQ8531,白色,1,川R37957,白色,自培,-1,2003/5/23 0:00,-1,大众汽车牌,-1,366670000000000000 ,356166000000000000 ,197209,197006,20,0,3,工作日,非高峰,2015-03-09,2015年3月9日,小雨 /小雨,10℃ / 5℃,东北风 ≤3级 /东北风 ≤3级,小雨,小雨,10,5,东北风,≤3级,东北风,≤3级,night
2015-03-09 17:10:00,小河,8、依法应负全责的其他情形,负全部责任,不负责任,1,贵GX9896,白色,1,贵CB7240,白色,自培,520107,2004/12/17 0:00,2008/12/16 0:00,精灵,解放牌,344661000000000000 ,366569000000000000 ,198603,197603,17,0,3,工作日,晚高峰(17-19点),2015-03-09,2015年3月9日,小雨 /小雨,10℃ / 5℃,东北风 ≤3级 /东北风 ≤3级,小雨,小雨,10,5,东北风,≤3级,东北风,≤3级,day
2015-03-10 08:30:00,珠江路,7、未按规定让行的 ,负全部责任,不负责任,1,贵A667D5,白色,1,贵AVL576,白色,自培,自培,2004/7/28 0:00,2002/9/20 0:00,华神牌,奥迪牌,366068000000000000 ,364547000000000000 ,196708,198310,8,1,3,工作日,早高峰(7-9点),2015-03-10,2015年3月10日,小雨 /小雨,8℃ / 4℃,东北风 ≤3级 /东北风 ≤3级,小雨,小雨,8,4,东北风,≤3级,东北风,≤3级,day
2015-03-10 08:40:00,大兴星城,8、依法应负全责的其他情形,负全部责任,不负责任,1,贵GY6573,白色,1,贵A4BE22,白色,自培,-1,2004/10/14 0:00,-1,长安牌,劳恩斯酷派,364556000000000000 ,366563000000000000 ,196609,198706,8,1,3,工作日,早高峰(7-9点),2015-03-10,2015年3月10日,小雨 /小雨,8℃ / 4℃,东北风 ≤3级 /东北风 ≤3级,小雨,小雨,8,4,东北风,≤3级,东北风,≤3级,day
2015-03-09 22:35:00,花溪,1、追尾的,负全部责任,不负责任,1,贵GGB585,白色,1,贵F71806,白色,自培,毕节地区黔中驾校,2003/4/8 0:00,-1,起亚,东南牌,364556000000000000 ,366068000000000000 ,198212,198701,22,0,3,工作日,非高峰,2015-03-09,2015年3月9日,小雨 /小雨,10℃ / 5℃,东北风 ≤3级 /东北风 ≤3级,小雨,小雨,10,5,东北风,≤3级,东北风,≤3级,night
2015-03-10 09:00:00,北京西路,1、追尾的,负全部责任,不负责任,1,贵ADR402,黑,1,贵AS5394,白,自培,-1,2004/4/24 0:00,-1,朗风牌,丰田牌,366570000000000000 ,355470000000000000 ,198602,197110,9,1,3,工作日,早高峰(7-9点),2015-03-10,2015年3月10日,小雨 /小雨,8℃ / 4℃,东北风 ≤3级 /东北风 ≤3级,小雨,小雨,8,4,东北风,≤3级,东北风,≤3级,day
2015-03-10 09:30:00,松花江路口,7、未按规定让行的 ,负全部责任,不负责任,1,贵AU6131,白色,1,贵AHJ575,白色,自培,顺一驾驶培训学校,2002/1/24 0:00,2010/1/29 0:00,飞肯牌,风神牌,364551000000000000 ,364547000000000000 ,197607,197107,9,1,3,工作日,早高峰(7-9点),2015-03-10,2015年3月10日,小雨 /小雨,8℃ / 4℃,东北风 ≤3级 /东北风 ≤3级,小雨,小雨,8,4,东北风,≤3级,东北风,≤3级,day
2015-03-10 09:57:00,71路,1、追尾的,负全部责任,不负责任,1,贵A85A62,银,1,贵ARM132,红,自培,消防驾校,2004/7/9 0:00,2014/9/2 0:00,波罗牌,北京牌,36455751954542697X,366669000000000000 ,198101,198501,9,1,3,工作日,早高峰(7-9点),2015-03-10,2015年3月10日,小雨 /小雨,8℃ / 4℃,东北风 ≤3级 /东北风 ≤3级,小雨,小雨,8,4,东北风,≤3级,东北风,≤3级,day
2015-03-10 10:00:00,杨家山隧道,1、追尾的,负全部责任,不负责任,1,贵A12H26,白,1,贵A7BW63,白,自培,天行健驾校,2004/9/15 0:00,2013/7/22 0:00,别克牌,福特牌,364547000000000000 ,366663000000000000 ,196908,197610,10,1,3,工作日,非高峰,2015-03-10,2015年3月10日,小雨 /小雨,8℃ / 4℃,东北风 ≤3级 /东北风 ≤3级,小雨,小雨,8,4,东北风,≤3级,东北风,≤3级,day
2015-03-10 09:43:00,头桥,1、追尾的,负全部责任,不负责任,1,贵AP6892,白,1,渝C8L547,红,自培,-1,2004/5/25 0:00,-1,鹏城牌,长安牌,36606051874968565X,354670000000000000 ,197308,197608,9,1,3,工作日,早高峰(7-9点),2015-03-10,2015年3月10日,小雨 /小雨,8℃ / 4℃,东北风 ≤3级 /东北风 ≤3级,小雨,小雨,8,4,东北风,≤3级,东北风,≤3级,day
2015-03-10 10:30:00,金阳一中,1、追尾的,负全部责任,不负责任,1,贵A3683B,白,1,贵AGJ643,白,自培,-1,2008/5/13 0:00,-1,江铃全顺牌,宝马牌,366067000000000000 ,366575000000000000 ,197712,197712,10,1,3,工作日,非高峰,2015-03-10,2015年3月10日,小雨 /小雨,8℃ / 4℃,东北风 ≤3级 /东北风 ≤3级,小雨,小雨,8,4,东北风,≤3级,东北风,≤3级,day
2015-03-10 09:00:00,黔林山路,1、追尾的,负全部责任,不负责任,1,贵A82684,银,1,贵GP9598,银,自培,-1,2006/4/27 0:00,-1,东风牌,威姿牌,4995520000000000 ,364547000000000000 ,198612,197710,9,1,3,工作日,早高峰(7-9点),2015-03-10,2015年3月10日,小雨 /小雨,8℃ / 4℃,东北风 ≤3级 /东北风 ≤3级,小雨,小雨,8,4,东北风,≤3级,东北风,≤3级,day
2015-03-10 09:30:00,老干中心,8、依法应负全责的其他情形,负全部责任,不负责任,1,贵A9CA33,黑,0,贵A238K,黑,自培,吉源驾校,2004/3/6 0:00,2013/10/10 0:00,大众汽车牌,-1,364558000000000000 ,366347000000000000 ,197306,196301,9,1,3,工作日,早高峰(7-9点),2015-03-10,2015年3月10日,小雨 /小雨,8℃ / 4℃,东北风 ≤3级 /东北风 ≤3级,小雨,小雨,8,4,东北风,≤3级,东北风,≤3级,day
2015-03-10 15:38:00,白云区,1、追尾的,负全部责任,不负责任,0,贵AKD124,白,1,贵AJB749,黑,自培,金筑驾校,2004/6/25 0:00,2008/9/8 0:00,福克斯牌,宝马牌,364558000000000000 ,36454751214763005X,197606,196903,15,1,3,工作日,非高峰,2015-03-10,2015年3月10日,小雨 /小雨,8℃ / 4℃,东北风 ≤3级 /东北风 ≤3级,小雨,小雨,8,4,东北风,≤3级,东北风,≤3级,day
2015-03-10 15:30:00,贵阳第一中学,1、追尾的,负全部责任,不负责任,1,浙CP9M29,银,1,贵ASV592,蓝,自培,-1,2007/12/6 0:00,-1,福克斯牌,朗逸牌,366577000000000000 ,355468000000000000 ,198412,199001,15,1,3,工作日,非高峰,2015-03-10,2015年3月10日,小雨 /小雨,8℃ / 4℃,东北风 ≤3级 /东北风 ≤3级,小雨,小雨,8,4,东北风,≤3级,东北风,≤3级,day
2015-03-10 13:30:00,白云区,7、未按规定让行的 ,负全部责任,不负责任,1,贵GN7667,蓝,1,贵ATK336,黑,自培,-1,2004/11/25 0:00,-1,雷克萨斯,朗逸牌,364556000000000000 ,36636400000000000 ,194810,197603,13,1,3,工作日,非高峰,2015-03-10,2015年3月10日,小雨 /小雨,8℃ / 4℃,东北风 ≤3级 /东北风 ≤3级,小雨,小雨,8,4,东北风,≤3级,东北风,≤3级,day
2015-03-10 14:30:00,阳关,7、未按规定让行的 ,负全部责任,不负责任,1,贵ALL617,白,1,贵AFA905,蓝,自培,贵州省长安驾驶培训学校,2003/5/28 0:00,2010/8/13 0:00,江淮牌,福田牌,366069000000000000 ,366347000000000000 ,198502,198111,14,1,3,工作日,非高峰,2015-03-10,2015年3月10日,小雨 /小雨,8℃ / 4℃,东北风 ≤3级 /东北风 ≤3级,小雨,小雨,8,4,东北风,≤3级,东北风,≤3级,day
2015-03-09 15:10:00,皂角井,1、追尾的,负全部责任,不负责任,1,贵AS5976,白色,1,贵ADP379,白色,自培,自培,2001/4/26 0:00,2007/7/25 0:00,尼桑牌,长城牌,364548000000000000 ,364556000000000000 ,196707,197408,15,0,3,工作日,非高峰,2015-03-09,2015年3月9日,小雨 /小雨,10℃ / 5℃,东北风 ≤3级 /东北风 ≤3级,小雨,小雨,10,5,东北风,≤3级,东北风,≤3级,day
2015-03-09 16:40:00,金阳,9、不符合前8款规定或者双方同时具有上述情形的,负同等责任,负同等责任,1,贵GH1179,银,1,粤XWY359,白,自培,自培,2003/7/11 0:00,2010/1/6 0:00,朗逸牌,比亚迪牌,366346000000000000 ,66646500000000000 ,197007,196909,16,0,3,工作日,非高峰,2015-03-09,2015年3月9日,小雨 /小雨,10℃ / 5℃,东北风 ≤3级 /东北风 ≤3级,小雨,小雨,10,5,东北风,≤3级,东北风,≤3级,day
2015-03-10 08:20:00,长岭南路,7、未按规定让行的 ,负全部责任,不负责任,0,贵A27K74,银,1,贵AK548,蓝,自培,自培,2004/11/8 0:00,2007/11/29 0:00,波罗牌,-1,364548000000000000 ,364557000000000000 ,198403,198606,8,1,3,工作日,早高峰(7-9点),2015-03-10,2015年3月10日,小雨 /小雨,8℃ / 4℃,东北风 ≤3级 /东北风 ≤3级,小雨,小雨,8,4,东北风,≤3级,东北风,≤3级,day
2015-03-10 08:00:00,金阳北路,7、未按规定让行的 ,负全部责任,不负责任,1,贵AEJ593,绿,1,贵AU9968,蓝,自培,自培,2002/5/28 0:00,2011/3/29 0:00,比亚迪牌,嘉陵牌,36455751264250405X,36656051825456003X,196206,197610,8,1,3,工作日,早高峰(7-9点),2015-03-10,2015年3月10日,小雨 /小雨,8℃ / 4℃,东北风 ≤3级 /东北风 ≤3级,小雨,小雨,8,4,东北风,≤3级,东北风,≤3级,day
2015-03-10 11:00:00,大西门,1、追尾的,负全部责任,不负责任,1,贵A7CA45,黑,1,贵A42P81,黑,自培,自培,2005/9/21 0:00,2006/8/28 0:00,大众汽车牌,别克牌,364646000000000000 ,364548000000000000 ,197209,198711,11,1,3,工作日,非高峰,2015-03-10,2015年3月10日,小雨 /小雨,8℃ / 4℃,东北风 ≤3级 /东北风 ≤3级,小雨,小雨,8,4,东北风,≤3级,东北风,≤3级,day
2015-03-10 10:10:00,改茶大道,7、未按规定让行的 ,负全部责任,不负责任,1,贵GH2853,白,1,贵A38M23,红,自培,自培,2013/11/21 0:00,2013/6/26 0:00,奥迪牌,雪佛兰牌,364566000000000000 ,366669000000000000 ,198905,198509,10,1,3,工作日,非高峰,2015-03-10,2015年3月10日,小雨 /小雨,8℃ / 4℃,东北风 ≤3级 /东北风 ≤3级,小雨,小雨,8,4,东北风,≤3级,东北风,≤3级,day
2015-03-10 16:40:00,延安东路,7、未按规定让行的 ,负全部责任,不负责任,1,贵A8BF69,蓝,1,贵A84G55,蓝,自培,长运驾校,2003/4/30 0:00,2012/1/17 0:00,长安牌,海马牌,364548000000000000 ,366368000000000000 ,197011,198109,16,1,3,工作日,非高峰,2015-03-10,2015年3月10日,小雨 /小雨,8℃ / 4℃,东北风 ≤3级 /东北风 ≤3级,小雨,小雨,8,4,东北风,≤3级,东北风,≤3级,day
2015-03-10 16:00:00,石林路,1、追尾的,负全部责任,不负责任,1,湘E55P77,黑,1,贵CGB547,白,自培,-1,2009/8/31 0:00,-1,五菱牌,豪爵牌,74365500000000000 ,354675000000000000 ,199010,198110,16,1,3,工作日,非高峰,2015-03-10,2015年3月10日,小雨 /小雨,8℃ / 4℃,东北风 ≤3级 /东北风 ≤3级,小雨,小雨,8,4,东北风,≤3级,东北风,≤3级,day
2015-03-10 19:08:00,乌当,1、追尾的,负全部责任,不负责任,1,贵AU2629,银,1,贵A3141Y,红,自培,全林驾校,2011/2/26 0:00,2012/5/30 0:00,广本牌,五菱牌,74663500000000000 ,364557000000000000 ,198204,198901,19,1,3,工作日,晚高峰(17-19点),2015-03-10,2015年3月10日,小雨 /小雨,8℃ / 4℃,东北风 ≤3级 /东北风 ≤3级,小雨,小雨,8,4,东北风,≤3级,东北风,≤3级,day
2015-03-10 18:00:00,太慈桥,1、追尾的,负全部责任,不负责任,1,贵AT4807,白色,1,贵GR1572,黑色,自培,鑫鑫驾校,2002/9/27 0:00,2011/4/13 0:00,力帆牌,大众汽车牌,366347000000000000 ,364547000000000000 ,196802,199006,18,1,3,工作日,晚高峰(17-19点),2015-03-10,2015年3月10日,小雨 /小雨,8℃ / 4℃,东北风 ≤3级 /东北风 ≤3级,小雨,小雨,8,4,东北风,≤3级,东北风,≤3级,day
2015-03-10 21:30:00,沙冲路,7、未按规定让行的 ,负全部责任,不负责任,1,贵A93382,白色,1,贵A29Z27,白色,自培,贵州省长安驾驶培训学校,2005/3/8 0:00,2011/10/17 0:00,解放牌,夏利牌,366368000000000000 ,784168000000000000 ,197911,197101,21,1,3,工作日,非高峰,2015-03-10,2015年3月10日,小雨 /小雨,8℃ / 4℃,东北风 ≤3级 /东北风 ≤3级,小雨,小雨,8,4,东北风,≤3级,东北风,≤3级,night
2015-03-10 17:56:00,新添花园,1、追尾的,负全部责任,不负责任,1,贵AJT229,银,1,贵CGP283,白,自培,-1,2004/5/14 0:00,-1,比亚迪牌,中华牌,364547000000000000 ,366061000000000000 ,198506,198110,17,1,3,工作日,晚高峰(17-19点),2015-03-10,2015年3月10日,小雨 /小雨,8℃ / 4℃,东北风 ≤3级 /东北风 ≤3级,小雨,小雨,8,4,东北风,≤3级,东北风,≤3级,day
2015-03-10 18:58:00,纪念塔,3、倒车的,负全部责任,不负责任,0,贵AN5599,白,1,贵AJL599,银,自培,-1,2005/1/31 0:00,-1,思威牌,五菱牌,364548000000000000 ,35526600000000000 ,197003,199042,18,1,3,工作日,晚高峰(17-19点),2015-03-10,2015年3月10日,小雨 /小雨,8℃ / 4℃,东北风 ≤3级 /东北风 ≤3级,小雨,小雨,8,4,东北风,≤3级,东北风,≤3级,day
2015-03-10 21:27:00,金阳市政府,7、未按规定让行的 ,负全部责任,不负责任,1,贵A2953N,红,1,贵A24A75,红,自培,-1,2004/4/16 0:00,-1,长安牌,雪佛兰牌,724568000000000000 ,366869000000000000 ,197512,198705,21,1,3,工作日,非高峰,2015-03-10,2015年3月10日,小雨 /小雨,8℃ / 4℃,东北风 ≤3级 /东北风 ≤3级,小雨,小雨,8,4,东北风,≤3级,东北风,≤3级,night
2015-03-11 07:45:00,圣泉流云,9、不符合前8款规定或者双方同时具有上述情形的,负同等责任,负同等责任,1,贵ARM667,银,1,贵AU0075,蓝,自培,-1,2007/7/3 0:00,-1,长安牌,万达牌,366369000000000000 ,346547000000000000 ,197703,196401,7,2,3,工作日,早高峰(7-9点),2015-03-11,2015年3月11日,阴 /小雨,8℃ / 4℃,东北风 ≤3级 /东北风 ≤3级,阴,小雨,8,4,东北风,≤3级,东北风,≤3级,day
2015-03-11 10:00:00,护国路,7、未按规定让行的 ,负全部责任,不负责任,1,贵AL6519,白色,1,贵AA371H,白色,自培,未定义,2005/11/21 0:00,2014/9/19 0:00,宗申牌,吉利牌,366663000000000000 ,364566000000000000 ,197902,198903,10,2,3,工作日,非高峰,2015-03-11,2015年3月11日,阴 /小雨,8℃ / 4℃,东北风 ≤3级 /东北风 ≤3级,阴,小雨,8,4,东北风,≤3级,东北风,≤3级,day
2015-03-11 10:20:00,顺海,1、追尾的,负全部责任,不负责任,1,贵A26K15,白,1,贵A81018,银,自培,新天驾校,2003/5/22 0:00,2013/8/30 0:00,大众汽车牌,国宝牌,366367000000000000 ,36636651955641605X,197003,198112,10,2,3,工作日,非高峰,2015-03-11,2015年3月11日,阴 /小雨,8℃ / 4℃,东北风 ≤3级 /东北风 ≤3级,阴,小雨,8,4,东北风,≤3级,东北风,≤3级,day
2015-03-11 10:00:00,杨家山隧道,1、追尾的,负全部责任,不负责任,1,贵A12H26,白,1,川XBK121,白,自培,-1,2004/9/15 0:00,-1,别克牌,北京现代牌 ,364547000000000000 ,355296000000000000 ,196908,199007,10,2,3,工作日,非高峰,2015-03-11,2015年3月11日,阴 /小雨,8℃ / 4℃,东北风 ≤3级 /东北风 ≤3级,阴,小雨,8,4,东北风,≤3级,东北风,≤3级,day
2015-03-11 13:00:00,孟关车管所,7、未按规定让行的 ,负全部责任,不负责任,1,贵AS4082,白色,1,临贵A8B826,白色,自培,顺一驾驶培训学校,2003/10/9 0:00,2010/7/21 0:00,轰轰烈牌,-1,366364000000000000 ,364557000000000000 ,196503,198907,13,2,3,工作日,非高峰,2015-03-11,2015年3月11日,阴 /小雨,8℃ / 4℃,东北风 ≤3级 /东北风 ≤3级,阴,小雨,8,4,东北风,≤3级,东北风,≤3级,day
2015-03-11 13:00:00,三桥,7、未按规定让行的 ,负全部责任,不负责任,1,贵ATX618,白色,1,贵JBS693,白色,自培,-1,2003/7/24 0:00,-1,江铃全顺牌,东风牌,366663000000000000 ,64695500000000000 ,197508,198110,13,2,3,工作日,非高峰,2015-03-11,2015年3月11日,阴 /小雨,8℃ / 4℃,东北风 ≤3级 /东北风 ≤3级,阴,小雨,8,4,东北风,≤3级,东北风,≤3级,day
2015-03-11 15:30:00,下坝隧道,1、追尾的,负全部责任,不负责任,1,贵A76150,白色,1,贵A2AP62,黑色,自培,自培,2007/10/19 0:00,2008/12/29 0:00,港田,别克牌,364551000000000000 ,366347000000000000 ,197608,198105,15,2,3,工作日,非高峰,2015-03-11,2015年3月11日,阴 /小雨,8℃ / 4℃,东北风 ≤3级 /东北风 ≤3级,阴,小雨,8,4,东北风,≤3级,东北风,≤3级,day
2015-03-11 17:10:00,南明区,7、未按规定让行的 ,负全部责任,不负责任,1,贵ASW854,黑,1,贵JAS275,红,自培,青正驾校,2004/4/11 0:00,2014/7/19 0:00,大众汽车牌,五菱牌,364547000000000000 ,706166000000000000 ,197407,198901,17,2,3,工作日,晚高峰(17-19点),2015-03-11,2015年3月11日,阴 /小雨,8℃ / 4℃,东北风 ≤3级 /东北风 ≤3级,阴,小雨,8,4,东北风,≤3级,东北风,≤3级,day
2015-03-11 19:05:00,新添寨,8、依法应负全责的其他情形,负全部责任,不负责任,1,贵AJR743,银,1,贵A33B51,银,自培,贵工驾校,2002/5/10 0:00,2011/3/30 0:00,长安牌,五菱牌,36455751895464565X,366564000000000000 ,197810,197809,19,2,3,工作日,晚高峰(17-19点),2015-03-11,2015年3月11日,阴 /小雨,8℃ / 4℃,东北风 ≤3级 /东北风 ≤3级,阴,小雨,8,4,东北风,≤3级,东北风,≤3级,day
2015-03-11 14:00:00,观山东路,8、依法应负全责的其他情形,负全部责任,不负责任,0,贵AGX353,白,1,贵CFJ448,白,自培,预约考试窗口,2004/12/10 0:00,2007/3/19 0:00,长安牌,大阳牌,36454751924752246X,364548000000000000 ,198603,198604,14,2,3,工作日,非高峰,2015-03-11,2015年3月11日,阴 /小雨,8℃ / 4℃,东北风 ≤3级 /东北风 ≤3级,阴,小雨,8,4,东北风,≤3级,东北风,≤3级,day
2015-03-11 21:00:00,帝景传说,8、依法应负全责的其他情形,负全部责任,不负责任,0,贵A87Z58,银,0,贵FA4619,银,自培,自培,2009/11/26 0:00,2014/12/19 0:00,途威,夏利牌,366347000000000000 ,364568000000000000 ,197410,199202,21,2,3,工作日,非高峰,2015-03-11,2015年3月11日,阴 /小雨,8℃ / 4℃,东北风 ≤3级 /东北风 ≤3级,阴,小雨,8,4,东北风,≤3级,东北风,≤3级,night