accidenttime,accidentaddr,driver1fault,driver1responsibility,driver2responsibility,sex1,platenumber1,carcolor1,sex2,platenumber2,carcolor2,jxmc1,jxmc2,cclzrq1,cclzrq2,clpp1,clpp2,driver1license,driver2license,brith1,brith2,hour,weekday,month,is_weekday,peak_hour,date,日期,天气状况,气温,风力风向,day_wea,night_wea,day_tep,night_tep,day_wind_direction,day_wind_speed,night_wind_direction,night_wind_speed,segment
2015-03-12 08:00:00,兰州路,1、追尾的,负全部责任,不负责任,1,贵A0125R,银,1,贵A26F79,银,自培,贵州现代驾驶培训责任有限公司,2004/4/28 0:00,2012/3/21 0:00,日产牌,大众牌,364557000000000000 ,76345500000000000 ,198402,197212,8,3,3,工作日,早高峰(7-9点),2015-03-12,2015年3月12日,多云 /多云,16℃ / 10℃,南风 ≤3级 /南风 ≤3级,多云,多云,16,10,南风,≤3级,南风,≤3级,day
2015-03-11 22:30:00,长岭南路,8、依法应负全责的其他情形,负全部责任,不负责任,1,贵A59433,白,0,贵A65J77,银,自培,-1,2000/9/25 0:00,-1,桂达,大众汽车牌,366368000000000000 ,366767000000000000 ,197205,198709,22,2,3,工作日,非高峰,2015-03-11,2015年3月11日,阴 /小雨,8℃ / 4℃,东北风 ≤3级 /东北风 ≤3级,阴,小雨,8,4,东北风,≤3级,东北风,≤3级,night
2015-03-10 18:00:00,东风镇,7、未按规定让行的 ,负全部责任,不负责任,0,贵A7324G,银,0,贵AN3574,银,自培,自培,2006/5/31 0:00,2003/3/6 0:00,长安牌,东本牌,364557000000000000 ,366246000000000000 ,197404,196410,18,1,3,工作日,晚高峰(17-19点),2015-03-10,2015年3月10日,小雨 /小雨,8℃ / 4℃,东北风 ≤3级 /东北风 ≤3级,小雨,小雨,8,4,东北风,≤3级,东北风,≤3级,day
2015-03-10 19:25:00,黔林山路,1、追尾的,负全部责任,不负责任,1,桂AKG052,黑,1,贵ACJ812,银,自培,自培,2012/12/25 0:00,2006/1/25 0:00,东风雪铁龙牌,起亚牌,64765500000000000 ,364548000000000000 ,198709,198607,19,1,3,工作日,晚高峰(17-19点),2015-03-10,2015年3月10日,小雨 /小雨,8℃ / 4℃,东北风 ≤3级 /东北风 ≤3级,小雨,小雨,8,4,东北风,≤3级,东北风,≤3级,day
2015-03-11 14:28:00,上坝路,7、未按规定让行的 ,负全部责任,不负责任,1,贵A56M22,白色,1,贵AB7879,白色,自培,自培,2005/8/12 0:00,2000/2/25 0:00,北京牌,昌河牌,734398000000000000 ,366876000000000000 ,198705,197005,14,2,3,工作日,非高峰,2015-03-11,2015年3月11日,阴 /小雨,8℃ / 4℃,东北风 ≤3级 /东北风 ≤3级,阴,小雨,8,4,东北风,≤3级,东北风,≤3级,day
2015-03-11 15:30:00,大关,7、未按规定让行的 ,负全部责任,不负责任,1,贵AU5701,绿,1,贵AEE271,白,自培,自培,2005/11/22 0:00,2004/6/4 0:00,雷克牌,雅阁牌,366068000000000000 ,366046000000000000 ,197608,197909,15,2,3,工作日,非高峰,2015-03-11,2015年3月11日,阴 /小雨,8℃ / 4℃,东北风 ≤3级 /东北风 ≤3级,阴,小雨,8,4,东北风,≤3级,东北风,≤3级,day
2015-03-12 09:10:00,金龙国际,1、追尾的,负全部责任,不负责任,1,贵A37Z26,黑,1,贵AP6H36,白,自培,金大驾校,2006/7/20 0:00,2012/2/23 0:00,东风牌,-1,364557000000000000 ,35676651214340627X,198001,196905,9,3,3,工作日,早高峰(7-9点),2015-03-12,2015年3月12日,多云 /多云,16℃ / 10℃,南风 ≤3级 /南风 ≤3级,多云,多云,16,10,南风,≤3级,南风,≤3级,day
2015-03-12 09:35:00,都司路,9、不符合前8款规定或者双方同时具有上述情形的,负同等责任,负同等责任,1,贵AU7377,白,1,贵AHQ992,红,自培,自培,2000/11/16 0:00,2000/9/11 0:00,恒通客车牌,雪佛兰牌,366347000000000000 ,364557000000000000 ,196908,197711,9,3,3,工作日,早高峰(7-9点),2015-03-12,2015年3月12日,多云 /多云,16℃ / 10℃,南风 ≤3级 /南风 ≤3级,多云,多云,16,10,南风,≤3级,南风,≤3级,day
2015-03-12 12:00:00,万东桥,7、未按规定让行的 ,负全部责任,不负责任,1,贵A57F92,白,1,贵AU0477,蓝,自培,自培,2004/9/16 0:00,1992/12/30 0:00,荣威牌,宝来牌,364548000000000000 ,364547000000000000 ,198106,196803,12,3,3,工作日,非高峰,2015-03-12,2015年3月12日,多云 /多云,16℃ / 10℃,南风 ≤3级 /南风 ≤3级,多云,多云,16,10,南风,≤3级,南风,≤3级,day
2015-03-12 11:30:00,瑞金中路,7、未按规定让行的 ,负全部责任,不负责任,0,贵ATP934,蓝,1,贵AU7599,绿,自培,自培,2004/7/14 0:00,2001/10/17 0:00,中华牌,隆鑫牌,36846500000000000 ,366367000000000000 ,198307,198210,11,3,3,工作日,非高峰,2015-03-12,2015年3月12日,多云 /多云,16℃ / 10℃,南风 ≤3级 /南风 ≤3级,多云,多云,16,10,南风,≤3级,南风,≤3级,day
2015-03-12 09:40:00,东二环,7、未按规定让行的 ,负全部责任,不负责任,1,贵A52K99,银,1,贵AA848M,银,自培,消防驾校,2004/4/26 0:00,2015/1/19 0:00,长安牌,启辰牌,366575000000000000 ,364557000000000000 ,198505,196201,9,3,3,工作日,早高峰(7-9点),2015-03-12,2015年3月12日,多云 /多云,16℃ / 10℃,南风 ≤3级 /南风 ≤3级,多云,多云,16,10,南风,≤3级,南风,≤3级,day
2015-03-12 12:20:00,百花大道,7、未按规定让行的 ,负全部责任,不负责任,1,贵AU9296,白,1,贵C94266,红,自培,南通市红旗机动车驾驶员培训中心,2002/5/14 0:00,-1,瑞麒牌,嘉陵,74667500000000000 ,366575000000000000 ,198109,197309,12,3,3,工作日,非高峰,2015-03-12,2015年3月12日,多云 /多云,16℃ / 10℃,南风 ≤3级 /南风 ≤3级,多云,多云,16,10,南风,≤3级,南风,≤3级,day
2015-03-12 14:15:00,黔林山路,5、开关车门的,负全部责任,不负责任,1,贵AP5657,银,0,鲁H7H022,银,自培,驾驶培训学校有限公司,2000/7/3 0:00,2008/7/18 0:00,豪爵牌,五菱牌,754555000000000000 ,784968000000000000 ,196802,197812,14,3,3,工作日,非高峰,2015-03-12,2015年3月12日,多云 /多云,16℃ / 10℃,南风 ≤3级 /南风 ≤3级,多云,多云,16,10,南风,≤3级,南风,≤3级,day
2015-03-12 13:30:00,花溪大道中段,1、追尾的,负全部责任,不负责任,1,贵JV3029,白色,1,贵A9080F,白色,自培,R021,2006/11/6 0:00,2011/9/29 0:00,钱江牌,东风牌,366361000000000000 ,366567000000000000 ,197806,197806,13,3,3,工作日,非高峰,2015-03-12,2015年3月12日,多云 /多云,16℃ / 10℃,南风 ≤3级 /南风 ≤3级,多云,多云,16,10,南风,≤3级,南风,≤3级,day
2015-03-12 13:15:00,三桥,1、追尾的,负全部责任,不负责任,1,贵ATB417,蓝,1,贵AE1229,银,自培,长运驾校,2004/5/9 0:00,2014/8/21 0:00,朗风,豪爵牌,366666000000000000 ,364558000000000000 ,197408,199603,13,3,3,工作日,非高峰,2015-03-12,2015年3月12日,多云 /多云,16℃ / 10℃,南风 ≤3级 /南风 ≤3级,多云,多云,16,10,南风,≤3级,南风,≤3级,day
2015-03-12 12:00:00,长岭南路,4、停车时未挂低速档、未拉驻车制动，导致车辆滑行的,负全部责任,不负责任,1,贵A63P92,银,0,贵A7278N,银,自培,-1,2004/8/4 0:00,-1,丰田牌,威志牌,65495500000000000 ,534041000000000000 ,197808,198711,12,3,3,工作日,非高峰,2015-03-12,2015年3月12日,多云 /多云,16℃ / 10℃,南风 ≤3级 /南风 ≤3级,多云,多云,16,10,南风,≤3级,南风,≤3级,day
2015-03-12 12:20:00,五里冲,7、未按规定让行的 ,负全部责任,不负责任,1,贵A13F27,白,1,贵A5828A,白,自培,高新驾校,2003/8/20 0:00,2014/2/28 0:00,东风标致牌,大众汽车牌,364548000000000000 ,366061000000000000 ,197607,198802,12,3,3,工作日,非高峰,2015-03-12,2015年3月12日,多云 /多云,16℃ / 10℃,南风 ≤3级 /南风 ≤3级,多云,多云,16,10,南风,≤3级,南风,≤3级,day
2015-03-12 16:00:00,西二环,8、依法应负全责的其他情形,负全部责任,不负责任,1,贵A31Y54,白,0,贵AR1502,黄,自培,520102,2005/6/26 0:00,2008/12/5 0:00,东风日产牌,福特牌,364556000000000000 ,364548000000000000 ,196808,198608,16,3,3,工作日,非高峰,2015-03-12,2015年3月12日,多云 /多云,16℃ / 10℃,南风 ≤3级 /南风 ≤3级,多云,多云,16,10,南风,≤3级,南风,≤3级,day
2015-03-12 17:40:00,甲秀南路,7、未按规定让行的 ,负全部责任,不负责任,1,贵AJM295,银,0,贵A85V31,银,自培,520109,2002/8/27 0:00,2009/7/8 0:00,起亚牌,东风牌,364558000000000000 ,364547000000000000 ,196804,197602,17,3,3,工作日,晚高峰(17-19点),2015-03-12,2015年3月12日,多云 /多云,16℃ / 10℃,南风 ≤3级 /南风 ≤3级,多云,多云,16,10,南风,≤3级,南风,≤3级,day
2015-03-12 17:10:00,白云区,1、追尾的,负全部责任,不负责任,1,贵ACG891,红,1,贵A9214W,黑,自培,文通驾校,2004/4/27 0:00,2008/1/29 0:00,翼搏牌,丰田牌,364548000000000000 ,65467500000000000 ,197412,198310,17,3,3,工作日,晚高峰(17-19点),2015-03-12,2015年3月12日,多云 /多云,16℃ / 10℃,南风 ≤3级 /南风 ≤3级,多云,多云,16,10,南风,≤3级,南风,≤3级,day
2015-03-12 15:30:00,长林南路,1、追尾的,负全部责任,不负责任,1,贵AT5426,蓝,1,贵A32141,黑,自培,-1,2011/5/25 0:00,-1,金马牌,大运牌,364548000000000000 ,366667000000000000 ,196004,195907,15,3,3,工作日,非高峰,2015-03-12,2015年3月12日,多云 /多云,16℃ / 10℃,南风 ≤3级 /南风 ≤3级,多云,多云,16,10,南风,≤3级,南风,≤3级,day
2015-03-12 05:00:00,大兴星城,7、未按规定让行的 ,负全部责任,不负责任,1,贵A09156,白色,1,贵A68A17,白色,自培,自培,2003/10/14 0:00,2003/7/15 0:00,长安,丰田牌,366068000000000000 ,366364000000000000 ,196609,197002,5,3,3,工作日,非高峰,2015-03-12,2015年3月12日,多云 /多云,16℃ / 10℃,南风 ≤3级 /南风 ≤3级,多云,多云,16,10,南风,≤3级,南风,≤3级,night
2015-03-12 07:40:00,护国路,1、追尾的,负全部责任,不负责任,1,川BYL913,黑,1,贵APS763,黑,自培,自培,2011/4/13 0:00,2001/12/30 0:00,宝马,朗逸牌,764366000000000000 ,354654000000000000 ,196512,197003,7,3,3,工作日,早高峰(7-9点),2015-03-12,2015年3月12日,多云 /多云,16℃ / 10℃,南风 ≤3级 /南风 ≤3级,多云,多云,16,10,南风,≤3级,南风,≤3级,day
2015-03-12 08:05:00,彭家湾,1、追尾的,负全部责任,不负责任,1,贵AU5807,黑,1,贵AU3771,蓝,自培,自培,2004/4/27 0:00,2006/1/5 0:00,劲隆牌,本田牌,366367000000000000 ,364557000000000000 ,197812,197305,8,3,3,工作日,早高峰(7-9点),2015-03-12,2015年3月12日,多云 /多云,16℃ / 10℃,南风 ≤3级 /南风 ≤3级,多云,多云,16,10,南风,≤3级,南风,≤3级,day
2015-03-12 10:04:00,南明区,1、追尾的,负全部责任,不负责任,1,贵A56L56,银,1,贵AA9814,白,自培,自培,2010/3/8 0:00,2001/7/31 0:00,长安牌,雷克萨斯,704966000000000000 ,765493000000000000 ,197807,197508,10,3,3,工作日,非高峰,2015-03-12,2015年3月12日,多云 /多云,16℃ / 10℃,南风 ≤3级 /南风 ≤3级,多云,多云,16,10,南风,≤3级,南风,≤3级,day
2015-03-12 10:04:00,富源中路,1、追尾的,负全部责任,不负责任,1,贵A56L56,银,1,贵AA9814,银,自培,自培,2010/3/8 0:00,2001/7/31 0:00,长安牌,雷克萨斯,704966000000000000 ,765493000000000000 ,197807,197508,10,3,3,工作日,非高峰,2015-03-12,2015年3月12日,多云 /多云,16℃ / 10℃,南风 ≤3级 /南风 ≤3级,多云,多云,16,10,南风,≤3级,南风,≤3级,day
2015-03-12 09:50:00,花溪大道,7、未按规定让行的 ,负全部责任,不负责任,1,贵A33J54,白色,1,贵AE3322,白色,自培,自培,2001/3/21 0:00,2005/4/5 0:00,吉利牌,众泰牌,364547000000000000 ,354648000000000000 ,196203,198106,9,3,3,工作日,早高峰(7-9点),2015-03-12,2015年3月12日,多云 /多云,16℃ / 10℃,南风 ≤3级 /南风 ≤3级,多云,多云,16,10,南风,≤3级,南风,≤3级,day
2015-03-12 11:24:00,天河潭,3、倒车的,负全部责任,不负责任,1,贵A7BM39,黑,1,贵A73R44,黑,自培,自培,2002/11/22 0:00,2004/12/30 0:00,福特牌,别克牌,354166000000000000 ,364547000000000000 ,197109,197412,11,3,3,工作日,非高峰,2015-03-12,2015年3月12日,多云 /多云,16℃ / 10℃,南风 ≤3级 /南风 ≤3级,多云,多云,16,10,南风,≤3级,南风,≤3级,day
2015-03-12 17:26:00,甲秀南路,1、追尾的,负全部责任,不负责任,1,贵AUC792,白色,1,贵HAM513,白色,自培,（南明区）金大驾驶培训有限公司,2006/10/16 0:00,2014/11/5 0:00,-1,-1,364547000000000000 ,36657451934740367X,198412,198503,17,3,3,工作日,晚高峰(17-19点),2015-03-12,2015年3月12日,多云 /多云,16℃ / 10℃,南风 ≤3级 /南风 ≤3级,多云,多云,16,10,南风,≤3级,南风,≤3级,day
2015-03-12 20:00:00,北京东路,9、不符合前8款规定或者双方同时具有上述情形的,负同等责任,负同等责任,1,贵A7AJ72,白色,1,贵A2BY98,白色,自培,贵阳诚信东山分校,2004/7/13 0:00,2015/3/5 0:00,长安牌,东风雪铁龙牌,36606851844862405X,366067000000000000 ,197007,198711,20,3,3,工作日,非高峰,2015-03-12,2015年3月12日,多云 /多云,16℃ / 10℃,南风 ≤3级 /南风 ≤3级,多云,多云,16,10,南风,≤3级,南风,≤3级,night
2015-03-13 02:05:00,小河,7、未按规定让行的 ,负全部责任,不负责任,1,贵A6691C,白色,1,贵AB618C,白色,自培,鑫鑫驾校,2006/9/5 0:00,2010/11/23 0:00,江淮牌,长安牌,366068000000000000 ,364547000000000000 ,196803,198909,2,4,3,工作日,非高峰,2015-03-13,2015年3月13日,多云 /阵雨,17℃ / 12℃,南风 ≤3级 /南风 ≤3级,多云,阵雨,17,12,南风,≤3级,南风,≤3级,night
2015-03-12 21:00:00,市北路,7、未按规定让行的 ,负全部责任,不负责任,1,贵GR3592,白,1,贵A22P66,白,自培,消防驾校,2004/10/29 0:00,2002/4/23 0:00,东风雪铁龙牌,奇瑞,366067000000000000 ,364558000000000000 ,197606,198302,21,3,3,工作日,非高峰,2015-03-12,2015年3月12日,多云 /多云,16℃ / 10℃,南风 ≤3级 /南风 ≤3级,多云,多云,16,10,南风,≤3级,南风,≤3级,night
2015-03-13 08:30:00,甲秀南路,8、依法应负全责的其他情形,负全部责任,不负责任,1,贵A633E5,白,1,贵AU3592,黄 ,自培,贵州省长安驾驶培训学校,2007/4/12 0:00,2011/4/15 0:00,江淮牌,豪爵牌,366364000000000000 ,366567000000000000 ,196307,197804,8,4,3,工作日,早高峰(7-9点),2015-03-13,2015年3月13日,多云 /阵雨,17℃ / 12℃,南风 ≤3级 /南风 ≤3级,多云,阵雨,17,12,南风,≤3级,南风,≤3级,day
2015-03-13 05:50:00,田园北路,7、未按规定让行的 ,负全部责任,不负责任,1,贵AUA693,拔丝,1,鄂FA8633,黑色,自培,文通驾校,2001/1/31 0:00,2012/9/4 0:00,奇瑞牌,北京现代 ,364556000000000000 ,364556000000000000 ,196308,199201,5,4,3,工作日,非高峰,2015-03-13,2015年3月13日,多云 /阵雨,17℃ / 12℃,南风 ≤3级 /南风 ≤3级,多云,阵雨,17,12,南风,≤3级,南风,≤3级,night
2015-03-13 07:26:00,杨家山,8、依法应负全责的其他情形,负全部责任,不负责任,1,贵CGH694,银,1,贵A579L,银,自培,-1,2007/3/15 0:00,-1,东风日产牌,-1,366561000000000000 ,3663520000000000 ,198610,810603,7,4,3,工作日,早高峰(7-9点),2015-03-13,2015年3月13日,多云 /阵雨,17℃ / 12℃,南风 ≤3级 /南风 ≤3级,多云,阵雨,17,12,南风,≤3级,南风,≤3级,day
2015-03-13 08:25:00,优山美诗,1、追尾的,负全部责任,不负责任,1,贵ANA566,银,1,贵A17429,银,自培,-1,2001/11/28 0:00,1979/7/9 0:00,北京现代牌,奥迪,366767000000000000 ,364547000000000000 ,197911,195703,8,4,3,工作日,早高峰(7-9点),2015-03-13,2015年3月13日,多云 /阵雨,17℃ / 12℃,南风 ≤3级 /南风 ≤3级,多云,阵雨,17,12,南风,≤3级,南风,≤3级,day
2015-03-13 08:28:00,解放西路,8、依法应负全责的其他情形,负全部责任,不负责任,1,贵AHD183,白色,1,贵AU7951,白色,自培,520125,2000/6/10 0:00,2009/4/27 0:00,夏利牌,豪爵牌,754549000000000000 ,75560500000000000 ,196704,198706,8,4,3,工作日,早高峰(7-9点),2015-03-13,2015年3月13日,多云 /阵雨,17℃ / 12℃,南风 ≤3级 /南风 ≤3级,多云,阵雨,17,12,南风,≤3级,南风,≤3级,day
2015-03-13 07:25:00,花溪苗圃一号隧道,1、追尾的,负全部责任,不负责任,1,贵ATB237,白色,1,贵FL2532,黑色,自培,消防驾校,2005/12/30 0:00,-1,大众汽车牌,雪佛兰牌,364547000000000000 ,366067000000000000 ,198506,198703,7,4,3,工作日,早高峰(7-9点),2015-03-13,2015年3月13日,多云 /阵雨,17℃ / 12℃,南风 ≤3级 /南风 ≤3级,多云,阵雨,17,12,南风,≤3级,南风,≤3级,day
2015-03-13 10:00:00,花溪,3、倒车的,负全部责任,不负责任,1,临贵A6H533,白色,1,贵A7998M,白色,自培,-1,2003/10/21 0:00,-1,-1,宝骏牌,364556000000000000 ,36374500000000000 ,197605,970090,10,4,3,工作日,非高峰,2015-03-13,2015年3月13日,多云 /阵雨,17℃ / 12℃,南风 ≤3级 /南风 ≤3级,多云,阵雨,17,12,南风,≤3级,南风,≤3级,day
2015-03-13 12:33:00,南明区华丰批发市场,8、依法应负全责的其他情形,负全部责任,不负责任,1,贵ABE189,白色,1,贵ABF829,白色,自培,520114,2003/10/16 0:00,2009/4/9 0:00,长安牌,蒙迪欧牌,75495500000000000 ,74365500000000000 ,198201,196811,12,4,3,工作日,非高峰,2015-03-13,2015年3月13日,多云 /阵雨,17℃ / 12℃,南风 ≤3级 /南风 ≤3级,多云,阵雨,17,12,南风,≤3级,南风,≤3级,day
2015-03-13 14:05:00,北京路,1、追尾的,负全部责任,不负责任,1,贵AG8302,黑,1,贵ASH777,白,自培,自培,2001/8/21 0:00,2004/7/26 0:00,大江牌,雷克萨斯3456CC,354670000000000000 ,364547000000000000 ,196102,198512,14,4,3,工作日,非高峰,2015-03-13,2015年3月13日,多云 /阵雨,17℃ / 12℃,南风 ≤3级 /南风 ≤3级,多云,阵雨,17,12,南风,≤3级,南风,≤3级,day
2015-03-13 14:10:00,西湖路,1、追尾的,负全部责任,不负责任,1,贵A18F49,白,0,贵FJ5566,黑,自培,毕节地区新毕驾校,2003/12/5 0:00,-1,锋范牌,思域(CIVIC)牌,364558000000000000 ,366046000000000000 ,198108,197504,14,4,3,工作日,非高峰,2015-03-13,2015年3月13日,多云 /阵雨,17℃ / 12℃,南风 ≤3级 /南风 ≤3级,多云,阵雨,17,12,南风,≤3级,南风,≤3级,day
2015-03-13 14:20:00,云潭南路,7、未按规定让行的 ,负全部责任,不负责任,1,贵A1038E,银,1,贵CEV658,银,自培,钰龙驾校,2002/8/28 0:00,2008/1/14 0:00,吉利牌,东风雪铁龙牌,364557000000000000 ,366570000000000000 ,197410,198512,14,4,3,工作日,非高峰,2015-03-13,2015年3月13日,多云 /阵雨,17℃ / 12℃,南风 ≤3级 /南风 ≤3级,多云,阵雨,17,12,南风,≤3级,南风,≤3级,day
2015-03-13 17:31:00,金阳南路,7、未按规定让行的 ,负全部责任,不负责任,1,贵AU5694,黑,1,贵A4366K,黑,自培,诚信驾驶培训学校,2001/12/6 0:00,2010/12/21 0:00,豪爵牌,捷达,366569000000000000 ,364557000000000000 ,197404,198702,17,4,3,工作日,晚高峰(17-19点),2015-03-13,2015年3月13日,多云 /阵雨,17℃ / 12℃,南风 ≤3级 /南风 ≤3级,多云,阵雨,17,12,南风,≤3级,南风,≤3级,day
2015-03-13 17:45:00,中华北路,7、未按规定让行的 ,负全部责任,不负责任,1,贵A11A98,黑,1,贵A43R78,白,自培,全林驾校,2001/10/11 0:00,2013/3/5 0:00,英伦牌,荣威牌,366347000000000000 ,364547000000000000 ,197703,197903,17,4,3,工作日,晚高峰(17-19点),2015-03-13,2015年3月13日,多云 /阵雨,17℃ / 12℃,南风 ≤3级 /南风 ≤3级,多云,阵雨,17,12,南风,≤3级,南风,≤3级,day
2015-03-14 09:15:00,乌当,7、未按规定让行的 ,负全部责任,不负责任,1,贵A4CC85,白,1,贵AWY432,白,自培,自培,2002/7/5 0:00,2006/10/17 0:00,金杯牌,宝马,366875000000000000 ,366767000000000000 ,198102,198108,9,5,3,工作日,早高峰(7-9点),2015-03-14,2015年3月14日,阴 /阴,17℃ / 12℃,南风 ≤3级 /东南风 ≤3级,阴,阴,17,12,南风,≤3级,东南风,≤3级,day
2015-03-12 16:00:00,大十字,8、依法应负全责的其他情形,负全部责任,不负责任,1,贵AU2828,黄,1,贵AUA439,白,自培,自培,2004/6/17 0:00,2000/7/20 0:00,瑞麒牌,丰田牌,364547000000000000 ,364547000000000000 ,196401,196102,16,3,3,工作日,非高峰,2015-03-12,2015年3月12日,多云 /多云,16℃ / 10℃,南风 ≤3级 /南风 ≤3级,多云,多云,16,10,南风,≤3级,南风,≤3级,day
2015-03-12 17:50:00,马王庙,3、倒车的,负全部责任,不负责任,1,贵AC4247,白,1,贵ABK595,白,自培,自培,2000/9/26 0:00,2005/10/27 0:00,东风标致牌,朗风牌,364548000000000000 ,366566000000000000 ,196402,197508,17,3,3,工作日,晚高峰(17-19点),2015-03-12,2015年3月12日,多云 /多云,16℃ / 10℃,南风 ≤3级 /南风 ≤3级,多云,多云,16,10,南风,≤3级,南风,≤3级,day
2015-03-12 21:24:00,阳关,1、追尾的,负全部责任,不负责任,1,贵A64X15,红,1,贵A2F152,黑,自培,自培,2001/4/9 0:00,2006/6/27 0:00,东风标致牌,欧蓝德,36454751284141560X,364648000000000000 ,196709,197711,21,3,3,工作日,非高峰,2015-03-12,2015年3月12日,多云 /多云,16℃ / 10℃,南风 ≤3级 /南风 ≤3级,多云,多云,16,10,南风,≤3级,南风,≤3级,night
2015-03-13 09:00:00,茶店,1、追尾的,负全部责任,不负责任,1,贵AU2254,黄,1,贵AR7024,黑,自培,自培,2000/2/28 0:00,2005/6/16 0:00,三铃,润腾牌,354147000000000000 ,366561000000000000 ,196512,197711,9,4,3,工作日,早高峰(7-9点),2015-03-13,2015年3月13日,多云 /阵雨,17℃ / 12℃,南风 ≤3级 /南风 ≤3级,多云,阵雨,17,12,南风,≤3级,南风,≤3级,day
2015-03-13 14:20:00,三江口,1、追尾的,负全部责任,不负责任,1,贵A94H46,白色,1,贵A1670X,白色,自培,自培,2005/6/3 0:00,2003/11/24 0:00,大众汽车,骊威牌,4396520000000000 ,364558000000000000 ,197712,197705,14,4,3,工作日,非高峰,2015-03-13,2015年3月13日,多云 /阵雨,17℃ / 12℃,南风 ≤3级 /南风 ≤3级,多云,阵雨,17,12,南风,≤3级,南风,≤3级,day
2015-03-13 17:10:00,西二环,7、未按规定让行的 ,负全部责任,不负责任,1,贵AHP955,白色,1,贵A95026,白色,自培,自培,2003/7/11 0:00,2002/8/15 0:00,昊锐牌,飞鹰牌,364558000000000000 ,364596000000000000 ,197904,197911,17,4,3,工作日,晚高峰(17-19点),2015-03-13,2015年3月13日,多云 /阵雨,17℃ / 12℃,南风 ≤3级 /南风 ≤3级,多云,阵雨,17,12,南风,≤3级,南风,≤3级,day
2015-03-14 12:09:00,金阳一中,1、追尾的,负全部责任,不负责任,1,贵AUA432,白,1,贵A67M63,银,自培,长运驾校,2006/2/21 0:00,2013/6/20 0:00,丰田牌,长城牌,726647000000000000 ,366067000000000000 ,197902,199001,12,5,3,工作日,非高峰,2015-03-14,2015年3月14日,阴 /阴,17℃ / 12℃,南风 ≤3级 /东南风 ≤3级,阴,阴,17,12,南风,≤3级,东南风,≤3级,day
2015-03-14 12:50:00,百花大道,1、追尾的,负全部责任,不负责任,1,贵AK7844,银,1,贵AU5122,绿,自培,自培,2006/10/13 0:00,2002/12/31 0:00,索兰托,常光牌,364558000000000000 ,364556000000000000 ,198803,197503,12,5,3,工作日,非高峰,2015-03-14,2015年3月14日,阴 /阴,17℃ / 12℃,南风 ≤3级 /东南风 ≤3级,阴,阴,17,12,南风,≤3级,东南风,≤3级,day
2015-03-14 12:58:00,白云区,1、追尾的,负全部责任,不负责任,1,贵A41Z26,白,1,贵A5574U,银,自培,吉源驾校,2002/7/12 0:00,2013/6/26 0:00,宝马牌,风神牌,364558000000000000 ,364557000000000000 ,198211,196702,12,5,3,工作日,非高峰,2015-03-14,2015年3月14日,阴 /阴,17℃ / 12℃,南风 ≤3级 /东南风 ≤3级,阴,阴,17,12,南风,≤3级,东南风,≤3级,day
2015-03-14 11:45:00,沙冲路,1、追尾的,负全部责任,不负责任,1,贵JBT721,白色,1,贵FAF679,白色,自培,铁二局驾校,2002/10/19 0:00,2014/11/13 0:00,东风牌,五菱牌,356162000000000000 ,366067000000000000 ,196908,198208,11,5,3,工作日,非高峰,2015-03-14,2015年3月14日,阴 /阴,17℃ / 12℃,南风 ≤3级 /东南风 ≤3级,阴,阴,17,12,南风,≤3级,东南风,≤3级,day
2015-03-14 15:00:00,将军路,3、倒车的,负全部责任,不负责任,1,贵A38S11,灰色,1,贵ARC032,白色,自培,预约考试窗口,2005/1/17 0:00,2007/5/23 0:00,五菱牌,长城牌,366546000000000000 ,364557000000000000 ,196412,196911,15,5,3,工作日,非高峰,2015-03-14,2015年3月14日,阴 /阴,17℃ / 12℃,南风 ≤3级 /东南风 ≤3级,阴,阴,17,12,南风,≤3级,东南风,≤3级,day
2015-03-14 15:20:00,北京西路,4、停车时未挂低速档、未拉驻车制动，导致车辆滑行的,负全部责任,不负责任,1,贵ANU911,白,1,贵GK6964,黑,自培,520118,2002/10/11 0:00,2008/7/31 0:00,奥德赛牌,蒙迪欧牌,364548000000000000 ,364551000000000000 ,197806,196907,15,5,3,工作日,非高峰,2015-03-14,2015年3月14日,阴 /阴,17℃ / 12℃,南风 ≤3级 /东南风 ≤3级,阴,阴,17,12,南风,≤3级,东南风,≤3级,day