accidenttime,accidentaddr,driver1fault,driver1responsibility,driver2responsibility,sex1,platenumber1,carcolor1,sex2,platenumber2,carcolor2,jxmc1,jxmc2,cclzrq1,cclzrq2,clpp1,clpp2,driver1license,driver2license,brith1,brith2,hour,weekday,month,is_weekday,peak_hour,date,日期,天气状况,气温,风力风向,day_wea,night_wea,day_tep,night_tep,day_wind_direction,day_wind_speed,night_wind_direction,night_wind_speed,segment
2015-03-14 18:08:00,贵开路,8、依法应负全责的其他情形,负全部责任,不负责任,1,贵AGS535,红,1,贵A6BL87,白,自培,全林驾校,2005/10/19 0:00,2011/7/29 0:00,吉利牌,福特牌,364548000000000000 ,364547000000000000 ,197402,198803,18,5,3,工作日,晚高峰(17-19点),2015-03-14,2015年3月14日,阴 /阴,17℃ / 12℃,南风 ≤3级 /东南风 ≤3级,阴,阴,17,12,南风,≤3级,东南风,≤3级,day
2015-03-14 18:10:00,中华中路,1、追尾的,负全部责任,不负责任,1,贵AHC184,白,1,贵A423C6,黑,自培,铁二局驾校,2003/10/29 0:00,2014/12/9 0:00,颐达牌,力帆牌,364547000000000000 ,364548000000000000 ,196009,196311,18,5,3,工作日,晚高峰(17-19点),2015-03-14,2015年3月14日,阴 /阴,17℃ / 12℃,南风 ≤3级 /东南风 ≤3级,阴,阴,17,12,南风,≤3级,东南风,≤3级,day
2015-03-14 16:15:00,长岭南路,7、未按规定让行的 ,负全部责任,不负责任,1,贵A37822,黄,1,贵A8149F,银,自培,-1,2003/8/15 0:00,-1,陕汽牌,宝来牌,364557000000000000 ,35436651144363477X,198110,199005,16,5,3,工作日,非高峰,2015-03-14,2015年3月14日,阴 /阴,17℃ / 12℃,南风 ≤3级 /东南风 ≤3级,阴,阴,17,12,南风,≤3级,东南风,≤3级,day
2015-03-14 17:00:00,诚信路,7、未按规定让行的 ,负全部责任,不负责任,1,贵A33X47,白,1,贵ES8596,白,自培,-1,2003/5/6 0:00,-1,思威牌,宝马牌,366566000000000000 ,366664000000000000 ,197205,198409,17,5,3,工作日,晚高峰(17-19点),2015-03-14,2015年3月14日,阴 /阴,17℃ / 12℃,南风 ≤3级 /东南风 ≤3级,阴,阴,17,12,南风,≤3级,东南风,≤3级,day
2015-03-14 18:30:00,西南商贸城,3、倒车的,负全部责任,不负责任,1,贵AA080W,银,1,贵A79X96,红,自培,贵阳金马驾驶培训有限公司,2006/11/1 0:00,2012/5/7 0:00,长安牌,五菱牌,357266000000000000 ,364557000000000000 ,198311,198902,18,5,3,工作日,晚高峰(17-19点),2015-03-14,2015年3月14日,阴 /阴,17℃ / 12℃,南风 ≤3级 /东南风 ≤3级,阴,阴,17,12,南风,≤3级,东南风,≤3级,day
2015-03-14 17:30:00,三桥,3、倒车的,负全部责任,不负责任,1,贵A48J34,白,1,贵A58R86,白,自培,无,2001/9/3 0:00,2000/10/1 0:00,东风雪铁龙牌,梅赛德斯-奔驰牌,364647000000000000 ,364547000000000000 ,198112,198105,17,5,3,工作日,晚高峰(17-19点),2015-03-14,2015年3月14日,阴 /阴,17℃ / 12℃,南风 ≤3级 /东南风 ≤3级,阴,阴,17,12,南风,≤3级,东南风,≤3级,day
2015-03-14 17:15:00,后坝,8、依法应负全责的其他情形,负全部责任,不负责任,1,贵HV7199,白,1,贵A6801E,银,自培,顺一驾驶培训学校,2004/6/21 0:00,2011/12/6 0:00,铃木牌,五菱牌,374557000000000000 ,366563000000000000 ,196909,197609,17,5,3,工作日,晚高峰(17-19点),2015-03-14,2015年3月14日,阴 /阴,17℃ / 12℃,南风 ≤3级 /东南风 ≤3级,阴,阴,17,12,南风,≤3级,东南风,≤3级,day
2015-03-14 19:00:00,小河高架桥,8、依法应负全责的其他情形,负全部责任,不负责任,1,贵AF4011,白色,1,渝BS5824,白色,自培,鑫鑫驾校,2000/8/28 0:00,2012/12/31 0:00,翼虎牌,-1,36454751864646092X,364556000000000000 ,197202,199003,19,5,3,工作日,晚高峰(17-19点),2015-03-14,2015年3月14日,阴 /阴,17℃ / 12℃,南风 ≤3级 /东南风 ≤3级,阴,阴,17,12,南风,≤3级,东南风,≤3级,day
2015-03-14 22:00:00,朝阳洞路,1、追尾的,负全部责任,不负责任,1,贵AU6935,白色,1,贵AC093F,白色,自培,（白云区）消防驾驶培训学校,2003/6/24 0:00,2012/12/31 0:00,大众牌,大众牌,74667500000000000 ,364548000000000000 ,197305,199003,22,5,3,工作日,非高峰,2015-03-14,2015年3月14日,阴 /阴,17℃ / 12℃,南风 ≤3级 /东南风 ≤3级,阴,阴,17,12,南风,≤3级,东南风,≤3级,night
2015-03-15 08:40:00,新村路,1、追尾的,负全部责任,不负责任,1,贵A55M23,白色,1,贵A10158,白色,自培,铁二局驾校,2004/7/20 0:00,2011/2/21 0:00,比亚迪牌,宗申牌,364548000000000000 ,366070000000000000 ,198410,197808,8,6,3,周末,早高峰(7-9点),2015-03-15,2015年3月15日,阴 /阴,18℃ / 13℃,东风 ≤3级 /南风 ≤3级,阴,阴,18,13,东风,≤3级,南风,≤3级,day
2015-03-15 12:08:00,四方河路,7、未按规定让行的 ,负全部责任,不负责任,1,贵A90M63,白色,1,贵A72275,白色,自培,诚信驾驶培训学校,2003/7/3 0:00,2012/3/28 0:00,-1,川牧牌,364556000000000000 ,364568000000000000 ,196609,199109,12,6,3,周末,非高峰,2015-03-15,2015年3月15日,阴 /阴,18℃ / 13℃,东风 ≤3级 /南风 ≤3级,阴,阴,18,13,东风,≤3级,南风,≤3级,day
2015-03-15 12:05:00,冒沙井,1、追尾的,负全部责任,不负责任,1,贵AG3521,银,1,贵CL4024,黑,自培,全林驾校,2002/4/1 0:00,2003/3/7 0:00,轰轰烈牌,本一牌,354366000000000000 ,364548000000000000 ,196306,197501,12,6,3,周末,非高峰,2015-03-15,2015年3月15日,阴 /阴,18℃ / 13℃,东风 ≤3级 /南风 ≤3级,阴,阴,18,13,东风,≤3级,南风,≤3级,day
2015-03-15 13:05:00,帝景传说,7、未按规定让行的 ,负全部责任,不负责任,1,贵A49B23,银,1,贵AA533E,白,自培,全林驾校,2006/8/17 0:00,2014/2/12 0:00,长安牌,起亚牌,366361000000000000 ,36455751914147695X,197108,198909,13,6,3,周末,非高峰,2015-03-15,2015年3月15日,阴 /阴,18℃ / 13℃,东风 ≤3级 /南风 ≤3级,阴,阴,18,13,东风,≤3级,南风,≤3级,day
2015-03-15 11:30:00,油榨街,7、未按规定让行的 ,负全部责任,不负责任,1,贵A21624,白色,1,贵A7BE03,白色,自培,-1,2007/3/7 0:00,-1,豪泺牌,别克牌,364566000000000000 ,355470000000000000 ,198509,198802,11,6,3,周末,非高峰,2015-03-15,2015年3月15日,阴 /阴,18℃ / 13℃,东风 ≤3级 /南风 ≤3级,阴,阴,18,13,东风,≤3级,南风,≤3级,day
2015-03-15 11:30:00,师大,1、追尾的,负全部责任,不负责任,1,贵FT8333,白,1,渝A93166,黑,自培,-1,2005/6/1 0:00,-1,奥迪牌,嘉泰,366346000000000000 ,734477000000000000 ,196704,198103,11,6,3,周末,非高峰,2015-03-15,2015年3月15日,阴 /阴,18℃ / 13℃,东风 ≤3级 /南风 ≤3级,阴,阴,18,13,东风,≤3级,南风,≤3级,day
2015-03-15 12:30:00,保利,8、依法应负全责的其他情形,负全部责任,不负责任,1,贵AAA068,银,1,贵A41C47,银,自培,-1,2002/1/14 0:00,-1,望江牌,速腾牌,364547000000000000 ,554555000000000000 ,197601,195112,12,6,3,周末,非高峰,2015-03-15,2015年3月15日,阴 /阴,18℃ / 13℃,东风 ≤3级 /南风 ≤3级,阴,阴,18,13,东风,≤3级,南风,≤3级,day
2015-03-14 09:30:00,广信四季家园,4、停车时未挂低速档、未拉驻车制动，导致车辆滑行的,负全部责任,不负责任,1,贵A1181K,白,0,贵AVL253,白,自培,自培,2003/10/23 0:00,2001/7/31 0:00,五菱牌,梅赛德斯-奔驰牌,364557000000000000 ,36636251894253447X,198503,197806,9,5,3,工作日,早高峰(7-9点),2015-03-14,2015年3月14日,阴 /阴,17℃ / 12℃,南风 ≤3级 /东南风 ≤3级,阴,阴,17,12,南风,≤3级,东南风,≤3级,day
2015-03-15 13:00:00,世纪城,7、未按规定让行的 ,负全部责任,不负责任,1,贵AAE444,蓝,1,贵GV2916,蓝,自培,吉源驾校,2003/5/19 0:00,2014/7/20 0:00,蒙迪欧牌,万虎牌,364547000000000000 ,364548000000000000 ,197007,199106,13,6,3,周末,非高峰,2015-03-15,2015年3月15日,阴 /阴,18℃ / 13℃,东风 ≤3级 /南风 ≤3级,阴,阴,18,13,东风,≤3级,南风,≤3级,day
2015-03-15 14:00:00,长岭北路,7、未按规定让行的 ,负全部责任,不负责任,1,贵GP57446,黑,1,鄂S68253,红,自培,-1,2000/10/20 0:00,-1,-1,东风雪铁龙牌,364557000000000000 ,65746500000000000 ,197606,197212,14,6,3,周末,非高峰,2015-03-15,2015年3月15日,阴 /阴,18℃ / 13℃,东风 ≤3级 /南风 ≤3级,阴,阴,18,13,东风,≤3级,南风,≤3级,day
2015-03-15 15:11:00,长岭南路,1、追尾的,负全部责任,不负责任,1,贵A3BH28,白,1,贵ACT411,黑,自培,预约考试窗口,2012/2/16 0:00,2006/11/21 0:00,大众牌,中华牌,256862000000000000 ,364548000000000000 ,198506,198010,15,6,3,周末,非高峰,2015-03-15,2015年3月15日,阴 /阴,18℃ / 13℃,东风 ≤3级 /南风 ≤3级,阴,阴,18,13,东风,≤3级,南风,≤3级,day
2015-03-15 13:10:00,花果园,7、未按规定让行的 ,负全部责任,不负责任,1,贵A8F338,黑,1,贵A87240,红,自培,-1,2015/1/12 0:00,-1,蒙迪欧牌,解放牌,724064000000000000 ,366270000000000000 ,198903,196809,13,6,3,周末,非高峰,2015-03-15,2015年3月15日,阴 /阴,18℃ / 13℃,东风 ≤3级 /南风 ≤3级,阴,阴,18,13,东风,≤3级,南风,≤3级,day
2015-03-15 13:50:00,八公里,1、追尾的,负全部责任,不负责任,1,浙GG146C,白色,1,贵A617F2,白色,自培,-1,2004/9/20 0:00,-1,雅尊牌,解放牌,75563500000000000 ,75563500000000000 ,198603,198905,13,6,3,周末,非高峰,2015-03-15,2015年3月15日,阴 /阴,18℃ / 13℃,东风 ≤3级 /南风 ≤3级,阴,阴,18,13,东风,≤3级,南风,≤3级,day
2015-03-15 14:10:00,卫校万东桥,9、不符合前8款规定或者双方同时具有上述情形的,负同等责任,负同等责任,1,贵AU8872,白色,1,贵ATN597,白色,自培,-1,2007/6/26 0:00,-1,瑞麒牌,别克牌,364551000000000000 ,364547000000000 ,198601,621116,14,6,3,周末,非高峰,2015-03-15,2015年3月15日,阴 /阴,18℃ / 13℃,东风 ≤3级 /南风 ≤3级,阴,阴,18,13,东风,≤3级,南风,≤3级,day
2015-03-15 14:50:00,香江路,9、不符合前8款规定或者双方同时具有上述情形的,负同等责任,负同等责任,1,贵AAH234,白色,1,川ED7331,白色,自培,-1,2003/5/15 0:00,-1,力帆牌,奥迪牌 ,364548000000000000 ,354341000000000000 ,197904,198206,14,6,3,周末,非高峰,2015-03-15,2015年3月15日,阴 /阴,18℃ / 13℃,东风 ≤3级 /南风 ≤3级,阴,阴,18,13,东风,≤3级,南风,≤3级,day
2015-03-15 14:30:00,沙冲路,1、追尾的,负全部责任,不负责任,1,贵AU2372,白色,1,川AQL737,白色,自培,-1,2004/4/9 0:00,-1,瑞麒牌,斯柯达牌 ,364547000000000000 ,355464000000000000 ,196510,198110,14,6,3,周末,非高峰,2015-03-15,2015年3月15日,阴 /阴,18℃ / 13℃,东风 ≤3级 /南风 ≤3级,阴,阴,18,13,东风,≤3级,南风,≤3级,day
2015-03-15 17:05:00,白云区,3、倒车的,负全部责任,不负责任,1,贵ACJ693,红,1,贵A6499G,银,自培,蓝天驾校,2007/5/24 0:00,2014/3/4 0:00,英伦牌,大众汽车牌,35466751835646015X,355266000000000000 ,197512,198604,17,6,3,周末,晚高峰(17-19点),2015-03-15,2015年3月15日,阴 /阴,18℃ / 13℃,东风 ≤3级 /南风 ≤3级,阴,阴,18,13,东风,≤3级,南风,≤3级,day
2015-03-15 15:30:00,珠江路,3、倒车的,负全部责任,不负责任,1,贵AA151N,白色,1,贵A2163P,白色,自培,自培,2007/11/8 0:00,2001/4/23 0:00,长安牌,长安牌,664248000000000000 ,364547000000000000 ,197304,197702,15,6,3,周末,非高峰,2015-03-15,2015年3月15日,阴 /阴,18℃ / 13℃,东风 ≤3级 /南风 ≤3级,阴,阴,18,13,东风,≤3级,南风,≤3级,day
2015-03-15 16:20:00,师大,7、未按规定让行的 ,负全部责任,不负责任,1,贵ASN382,黑,1,贵AU0729,蓝,自培,（乌当区）新天驾驶培训有限公司,2005/1/7 0:00,2002/12/30 0:00,长城牌,宝来牌,364558000000000000 ,366361000000000000 ,197201,198401,16,6,3,周末,非高峰,2015-03-15,2015年3月15日,阴 /阴,18℃ / 13℃,东风 ≤3级 /南风 ≤3级,阴,阴,18,13,东风,≤3级,南风,≤3级,day
2015-03-15 17:20:00,百花山,3、倒车的,负全部责任,不负责任,1,浙G5516B,白,1,川E2A166,黑,自培,-1,2011/12/27 0:00,-1,五菱牌,众泰牌 ,774867000000000000 ,354366000000000000 ,198101,198707,17,6,3,周末,晚高峰(17-19点),2015-03-15,2015年3月15日,阴 /阴,18℃ / 13℃,东风 ≤3级 /南风 ≤3级,阴,阴,18,13,东风,≤3级,南风,≤3级,day
2015-03-15 16:30:00,宝山北路,7、未按规定让行的 ,负全部责任,不负责任,1,贵AW6551,白色,1,贵AU4162,白色,自培,预约考试窗口,2006/12/7 0:00,2007/4/19 0:00,豪爵牌,捷达牌,36454751904068690X,364557000000000000 ,198404,198105,16,6,3,周末,非高峰,2015-03-15,2015年3月15日,阴 /阴,18℃ / 13℃,东风 ≤3级 /南风 ≤3级,阴,阴,18,13,东风,≤3级,南风,≤3级,day
2015-03-15 16:10:00,大南门,7、未按规定让行的 ,负全部责任,不负责任,1,贵ANL452,银,1,贵CHA560,银,自培,-1,2006/7/7 0:00,-1,朗逸牌,大众汽车牌,354864000000000000 ,366566000000000000 ,197104,199009,16,6,3,周末,非高峰,2015-03-15,2015年3月15日,阴 /阴,18℃ / 13℃,东风 ≤3级 /南风 ≤3级,阴,阴,18,13,东风,≤3级,南风,≤3级,day
2015-03-15 18:06:00,西南商贸城,7、未按规定让行的 ,负全部责任,不负责任,1,贵A53L19,白色,1,贵A59J16,白色,自培,-1,2007/2/13 0:00,-1,雅阁牌,大众牌,366567000000000000 ,3660610000000000 ,198002,199002,18,6,3,周末,晚高峰(17-19点),2015-03-15,2015年3月15日,阴 /阴,18℃ / 13℃,东风 ≤3级 /南风 ≤3级,阴,阴,18,13,东风,≤3级,南风,≤3级,day
2015-03-16 07:15:00,新华路,8、依法应负全责的其他情形,负全部责任,不负责任,1,贵AP3423,黑,1,贵A4AN18,红,自培,新华驾校,2004/5/19 0:00,2010/9/28 0:00,轰轰烈牌,思域(CIVIC)牌,364548000000000000 ,74640500000000000 ,196811,198001,7,0,3,工作日,早高峰(7-9点),2015-03-16,2015年3月16日,阴 /多云,20℃ / 15℃,南风 ≤3级 /南风 ≤3级,阴,多云,20,15,南风,≤3级,南风,≤3级,day
2015-03-16 08:35:00,白云区,9、不符合前8款规定或者双方同时具有上述情形的,负同等责任,负同等责任,1,贵APH403,红,1,贵AU0463,蓝,自培,消防驾校,2004/4/20 0:00,2003/4/30 0:00,雪佛兰,新阳光牌,366664000000000000 ,364558000000000000 ,198003,198009,8,0,3,工作日,早高峰(7-9点),2015-03-16,2015年3月16日,阴 /多云,20℃ / 15℃,南风 ≤3级 /南风 ≤3级,阴,多云,20,15,南风,≤3级,南风,≤3级,day
2015-03-16 04:00:00,花溪大道,1、追尾的,负全部责任,不负责任,1,贵A6025V,白色,1,贵BY2675,黑色,自培,市交校,2004/7/17 0:00,2011/6/16 0:00,海马牌,比亚迪牌,354567000000000000 ,364666000000000000 ,198306,199002,4,0,3,工作日,非高峰,2015-03-16,2015年3月16日,阴 /多云,20℃ / 15℃,南风 ≤3级 /南风 ≤3级,阴,多云,20,15,南风,≤3级,南风,≤3级,night
2015-03-16 09:30:00,碧海花园,1、追尾的,负全部责任,不负责任,1,贵A87M54,黑色,1,贵APP202,白色,自培,自培,2004/7/30 0:00,2001/11/12 0:00,丰田牌,丰田牌,36455651895559635X,366864000000000000 ,197811,197108,9,0,3,工作日,早高峰(7-9点),2015-03-16,2015年3月16日,阴 /多云,20℃ / 15℃,南风 ≤3级 /南风 ≤3级,阴,多云,20,15,南风,≤3级,南风,≤3级,day
2015-03-16 09:40:00,艺校立交,7、未按规定让行的 ,负全部责任,不负责任,1,贵GV1560,白色,1,云AM7J18,白色,自培,-1,2010/6/29 0:00,-1,东风牌,大众牌,36634551974164521X,366766000000000000 ,198309,191712,9,0,3,工作日,早高峰(7-9点),2015-03-16,2015年3月16日,阴 /多云,20℃ / 15℃,南风 ≤3级 /南风 ≤3级,阴,多云,20,15,南风,≤3级,南风,≤3级,day
2015-03-16 10:00:00,小河区政府,3、倒车的,负全部责任,不负责任,1,闽AFQ398,黄色,1,贵J33927,白色,自培,-1,2008/3/11 0:00,-1,长安牌,南骏牌,734596000000000000 ,366875000000000000 ,198210,199112,10,0,3,工作日,非高峰,2015-03-16,2015年3月16日,阴 /多云,20℃ / 15℃,南风 ≤3级 /南风 ≤3级,阴,多云,20,15,南风,≤3级,南风,≤3级,day
2015-03-16 16:04:00,北京路,1、追尾的,负全部责任,不负责任,1,贵AU2344,白色,1,临贵A7G110,白色,自培,吉源驾校,2006/8/9 0:00,2014/7/27 0:00,宝来牌,-1,364556000000000000 ,366664000000000000 ,198012,198507,16,0,3,工作日,非高峰,2015-03-16,2015年3月16日,阴 /多云,20℃ / 15℃,南风 ≤3级 /南风 ≤3级,阴,多云,20,15,南风,≤3级,南风,≤3级,day
2015-03-25 19:00:00,西二环,1、追尾的,负全部责任,不负责任,1,贵A7989M,银,1,贵ANP448,黑,自培,自培,2006/5/30 0:00,2002/9/13 0:00,五菱牌,宝马,575564000000000000 ,364547000000000000 ,197706,196306,19,2,3,工作日,晚高峰(17-19点),2015-03-25,2015年3月25日,阴 /阵雨,14℃ / 9℃,东北风 ≤3级 /东北风 ≤3级,阴,阵雨,14,9,东北风,≤3级,东北风,≤3级,day
2015-03-15 16:09:00,鑫中路,3、倒车的,负全部责任,不负责任,1,川LEV414,白色,1,贵A62L31,白色,自培,自培,2011/12/27 0:00,2012/11/2 0:00,东风日产牌,风神牌,355568000000000000 ,355568000000000000 ,197808,198308,16,6,3,周末,非高峰,2015-03-15,2015年3月15日,阴 /阴,18℃ / 13℃,东风 ≤3级 /南风 ≤3级,阴,阴,18,13,东风,≤3级,南风,≤3级,day
2015-03-15 16:00:00,龙洞堡,1、追尾的,负全部责任,不负责任,1,贵AEU778,白色,1,贵AAU242,白色,自培,自培,2004/9/23 0:00,2005/5/17 0:00,丰田牌,嘉陵牌,734766000000000000 ,734766000000000000 ,198110,198608,16,6,3,周末,非高峰,2015-03-15,2015年3月15日,阴 /阴,18℃ / 13℃,东风 ≤3级 /南风 ≤3级,阴,阴,18,13,东风,≤3级,南风,≤3级,day
2015-03-15 17:33:00,花溪大道,1、追尾的,负全部责任,不负责任,1,贵AB1007,白色,1,贵AA942C,白色,自培,自培,2004/12/3 0:00,2007/11/1 0:00,豪爵牌,夏利牌,364548000000000000 ,366367000000000000 ,198402,196805,17,6,3,周末,晚高峰(17-19点),2015-03-15,2015年3月15日,阴 /阴,18℃ / 13℃,东风 ≤3级 /南风 ≤3级,阴,阴,18,13,东风,≤3级,南风,≤3级,day
2015-03-16 09:50:00,黔林山路,7、未按规定让行的 ,负全部责任,不负责任,1,贵GT2109,黄,1,贵A76X42,白,自培,自培,2007/7/3 0:00,2006/5/17 0:00,雪佛兰牌,雪佛兰牌,366367000000000000 ,366061000000000000 ,196511,197107,9,0,3,工作日,早高峰(7-9点),2015-03-16,2015年3月16日,阴 /多云,20℃ / 15℃,南风 ≤3级 /南风 ≤3级,阴,多云,20,15,南风,≤3级,南风,≤3级,day
2015-03-16 15:20:00,西南环线,7、未按规定让行的 ,负全部责任,不负责任,1,贵A0673R,白色,1,贵A77A12,白色,自培,铁二局驾校,2001/10/9 0:00,2011/11/8 0:00,丰田牌,福特牌,366663000000000000 ,364547000000000000 ,196910,196101,15,0,3,工作日,非高峰,2015-03-16,2015年3月16日,阴 /多云,20℃ / 15℃,南风 ≤3级 /南风 ≤3级,阴,多云,20,15,南风,≤3级,南风,≤3级,day
2015-03-16 16:30:00,转弯塘,9、不符合前8款规定或者双方同时具有上述情形的,负同等责任,负同等责任,1,贵AB7934,黑,1,贵A17Z67,白,自培,520123,2012/3/31 0:00,2008/3/12 0:00,力帆牌,朗逸牌,364596000000000000 ,74560500000000000 ,199309,197411,16,0,3,工作日,非高峰,2015-03-16,2015年3月16日,阴 /多云,20℃ / 15℃,南风 ≤3级 /南风 ≤3级,阴,多云,20,15,南风,≤3级,南风,≤3级,day
2015-03-16 15:40:00,云潭南路,1、追尾的,负全部责任,不负责任,1,贵A28597,黄,1,贵A34360,蓝,自培,#,2007/7/19 0:00,-1,豪进,宇通牌,364557000000000000 ,36606551824666495X,198212,197602,15,0,3,工作日,非高峰,2015-03-16,2015年3月16日,阴 /多云,20℃ / 15℃,南风 ≤3级 /南风 ≤3级,阴,多云,20,15,南风,≤3级,南风,≤3级,day
2015-03-16 17:40:00,中曹司,7、未按规定让行的 ,负全部责任,不负责任,1,贵AJC886,白色,1,贵A93865,白色,自培,-1,2004/9/14 0:00,-1,锋范牌,欧曼牌,364547000000000000 ,362547000000000000 ,196309,195905,17,0,3,工作日,晚高峰(17-19点),2015-03-16,2015年3月16日,阴 /多云,20℃ / 15℃,南风 ≤3级 /南风 ≤3级,阴,多云,20,15,南风,≤3级,南风,≤3级,day
2015-03-16 18:00:00,龙洞堡,7、未按规定让行的 ,负全部责任,不负责任,1,贵A6BJ14,白色,1,贵AX2449,白色,自培,-1,2004/9/6 0:00,-1,大众汽车牌,东力牌,366061000000000000 ,364548000000000000 ,197905,196803,18,0,3,工作日,晚高峰(17-19点),2015-03-16,2015年3月16日,阴 /多云,20℃ / 15℃,南风 ≤3级 /南风 ≤3级,阴,多云,20,15,南风,≤3级,南风,≤3级,day
2015-03-17 08:30:00,二戈寨,9、不符合前8款规定或者双方同时具有上述情形的,负同等责任,负同等责任,1,贵AA5218,白色,1,贵CC6549,白色,自培,遵义县南白驾校,2004/6/25 0:00,-1,五羊,五菱牌,364558000000000000 ,366566000000000000 ,195706,197403,8,1,3,工作日,早高峰(7-9点),2015-03-17,2015年3月17日,多云 /多云,25℃ / 14℃,南风 ≤3级 /南风 ≤3级,多云,多云,25,14,南风,≤3级,南风,≤3级,day
2015-03-17 13:10:00,云潭南路,4、停车时未挂低速档、未拉驻车制动，导致车辆滑行的,负全部责任,不负责任,1,贵AU9779,黄,1,贵A28A28,黄,自培,铁二局驾校,2008/10/14 0:00,2011/11/7 0:00,黄河牌,波罗牌,364566000000000000 ,364557000000000000 ,198610,197509,13,1,3,工作日,非高峰,2015-03-17,2015年3月17日,多云 /多云,25℃ / 14℃,南风 ≤3级 /南风 ≤3级,多云,多云,25,14,南风,≤3级,南风,≤3级,day
2015-03-17 12:10:00,未来方舟,1、追尾的,负全部责任,不负责任,1,贵A453C6,白色,1,湘AC989K,白色,自培,-1,2006/8/8 0:00,-1,解放牌,福特探险者3496CC小客车,356661000000000000 ,76763500000000000 ,197408,197104,12,1,3,工作日,非高峰,2015-03-17,2015年3月17日,多云 /多云,25℃ / 14℃,南风 ≤3级 /南风 ≤3级,多云,多云,25,14,南风,≤3级,南风,≤3级,day
2015-03-17 12:30:00,永乐,1、追尾的,负全部责任,不负责任,1,贵A75H21,黑色,1,贵A36M98,白色,自培,-1,2010/4/15 0:00,-1,荣威牌,雪佛兰牌,74369500000000000 ,364557000000000000 ,198712,198708,12,1,3,工作日,非高峰,2015-03-17,2015年3月17日,多云 /多云,25℃ / 14℃,南风 ≤3级 /南风 ≤3级,多云,多云,25,14,南风,≤3级,南风,≤3级,day
2015-03-17 12:30:00,奥新路,7、未按规定让行的 ,负全部责任,不负责任,1,贵A5643F,银,0,粤SLU285,银,自培,-1,2006/4/4 0:00,-1,五菱牌,捷达牌,366064000000000000 ,364648000000000000 ,197901,198910,12,1,3,工作日,非高峰,2015-03-17,2015年3月17日,多云 /多云,25℃ / 14℃,南风 ≤3级 /南风 ≤3级,多云,多云,25,14,南风,≤3级,南风,≤3级,day
2015-03-17 13:40:00,贵阳北站,8、依法应负全责的其他情形,负全部责任,不负责任,1,贵HW8631,银,1,贵CQ3189,白,自培,-1,2005/8/8 0:00,-1,大众汽车牌,红旗牌,366569000000000000 ,354670000000000000 ,198702,198210,13,1,3,工作日,非高峰,2015-03-17,2015年3月17日,多云 /多云,25℃ / 14℃,南风 ≤3级 /南风 ≤3级,多云,多云,25,14,南风,≤3级,南风,≤3级,day
2015-03-17 14:00:00,牛郎关,7、未按规定让行的 ,负全部责任,不负责任,1,贵A48R24,白色,1,贵E51482,白色,自培,-1,2000/8/24 0:00,-1,起亚牌,轩逸牌,366046000000000000 ,355468000000000000 ,198003,198910,14,1,3,工作日,非高峰,2015-03-17,2015年3月17日,多云 /多云,25℃ / 14℃,南风 ≤3级 /南风 ≤3级,多云,多云,25,14,南风,≤3级,南风,≤3级,day
2015-03-17 17:00:00,小河黄河路,1、追尾的,负全部责任,不负责任,1,贵A16F79,白色,1,贵A198F2,白色,自培,自培,2001/9/17 0:00,2007/4/6 0:00,吉利牌,福田牌,364548000000000000 ,366068000000000000 ,196712,197501,17,1,3,工作日,晚高峰(17-19点),2015-03-17,2015年3月17日,多云 /多云,25℃ / 14℃,南风 ≤3级 /南风 ≤3级,多云,多云,25,14,南风,≤3级,南风,≤3级,day
2015-03-17 17:30:00,北京西路,7、未按规定让行的 ,负全部责任,不负责任,1,贵ASK573,黑,1,贵AU6489,蓝,自培,520127,2004/4/26 0:00,2001/11/1 0:00,东风标致牌,黄海牌,364548000000000000 ,364557000000000000 ,197402,198212,17,1,3,工作日,晚高峰(17-19点),2015-03-17,2015年3月17日,多云 /多云,25℃ / 14℃,南风 ≤3级 /南风 ≤3级,多云,多云,25,14,南风,≤3级,南风,≤3级,day
2015-03-17 17:10:00,龙泉路,7、未按规定让行的 ,负全部责任,不负责任,1,贵JBG889,银,1,贵HBW584,白,自培,-1,2013/9/24 0:00,-1,五菱牌,江淮牌,724568000000000000 ,74795500000000000 ,199006,198801,17,1,3,工作日,晚高峰(17-19点),2015-03-17,2015年3月17日,多云 /多云,25℃ / 14℃,南风 ≤3级 /南风 ≤3级,多云,多云,25,14,南风,≤3级,南风,≤3级,day
2015-03-18 07:40:00,太慈桥,7、未按规定让行的 ,负全部责任,不负责任,1,贵AU4922,白色,1,贵AGG545,白色,自培,自培,2005/9/26 0:00,2001/11/26 0:00,金舰牌,东风标致牌,366347000000000000 ,364548000000000000 ,198304,198110,7,2,3,工作日,早高峰(7-9点),2015-03-18,2015年3月18日,多云 /多云,24℃ / 14℃,南风 ≤3级 /南风 ≤3级,多云,多云,24,14,南风,≤3级,南风,≤3级,day