accidenttime,accidentaddr,driver1fault,driver1responsibility,driver2responsibility,sex1,platenumber1,carcolor1,sex2,platenumber2,carcolor2,jxmc1,jxmc2,cclzrq1,cclzrq2,clpp1,clpp2,driver1license,driver2license,brith1,brith2,hour,weekday,month,is_weekday,peak_hour,date,日期,天气状况,气温,风力风向,day_wea,night_wea,day_tep,night_tep,day_wind_direction,day_wind_speed,night_wind_direction,night_wind_speed,segment
2015-03-18 07:40:00,花香村,1、追尾的,负全部责任,不负责任,1,贵AU8204,白色,1,贵A46119,白色,自培,-1,2001/3/12 0:00,-1,捷达牌,星王,364547000000000000 ,36454700000000 ,197108,561270,7,2,3,工作日,早高峰(7-9点),2015-03-18,2015年3月18日,多云 /多云,24℃ / 14℃,南风 ≤3级 /南风 ≤3级,多云,多云,24,14,南风,≤3级,南风,≤3级,day
2015-03-18 07:48:00,金苏大道,8、依法应负全责的其他情形,负全部责任,不负责任,1,贵A7AR39,银,1,渝F5M625,白,自培,-1,2002/10/19 0:00,-1,传祺牌,-1,364558000000000000 ,366767000000000000 ,197502,198810,7,2,3,工作日,早高峰(7-9点),2015-03-18,2015年3月18日,多云 /多云,24℃ / 14℃,南风 ≤3级 /南风 ≤3级,多云,多云,24,14,南风,≤3级,南风,≤3级,day
2015-03-17 22:00:00,新添寨,1、追尾的,负全部责任,不负责任,1,贵AU8311,白色,1,贵A41N13,白色,自培,预约考试窗口,2004/12/8 0:00,2006/10/17 0:00,金洪牌,锋范牌,366567000000000000 ,364548000000000000 ,197508,198511,22,1,3,工作日,非高峰,2015-03-17,2015年3月17日,多云 /多云,25℃ / 14℃,南风 ≤3级 /南风 ≤3级,多云,多云,25,14,南风,≤3级,南风,≤3级,night
2015-03-16 17:00:00,二戈寨,7、未按规定让行的 ,负全部责任,不负责任,1,闽A23B79,白色,1,贵A366B1,白色,自培,自培,2007/12/10 0:00,2007/1/31 0:00,雪佛兰牌,解放牌,73456851244240225X,366864000000000000 ,196006,198010,17,0,3,工作日,晚高峰(17-19点),2015-03-16,2015年3月16日,阴 /多云,20℃ / 15℃,南风 ≤3级 /南风 ≤3级,阴,多云,20,15,南风,≤3级,南风,≤3级,day
2015-03-16 15:30:00,乌当,7、未按规定让行的 ,负全部责任,不负责任,1,贵AK3489,白,1,贵A26S21,红,自培,自培,2013/3/13 0:00,2006/9/7 0:00,福田五星牌,东风日产牌,366269000000000000 ,364547000000000000 ,199001,198309,15,0,3,工作日,非高峰,2015-03-16,2015年3月16日,阴 /多云,20℃ / 15℃,南风 ≤3级 /南风 ≤3级,阴,多云,20,15,南风,≤3级,南风,≤3级,day
2015-03-16 14:30:00,安云路,8、依法应负全责的其他情形,负全部责任,不负责任,1,贵AS7966,银,1,贵A14E53,银,自培,自培,2004/8/14 0:00,2006/5/15 0:00,威志牌,长城牌,364548000000000000 ,364548000000000000 ,198506,198602,14,0,3,工作日,非高峰,2015-03-16,2015年3月16日,阴 /多云,20℃ / 15℃,南风 ≤3级 /南风 ≤3级,阴,多云,20,15,南风,≤3级,南风,≤3级,day
2015-03-18 03:00:00,沙冲路,8、依法应负全责的其他情形,负全部责任,不负责任,1,贵AU3439,白色,1,贵ATS518,白色,自培,铁二局驾校,2000/10/8 0:00,2012/5/18 0:00,奇瑞牌,长安牌,366364000000000000 ,366868000000000000 ,197207,197212,3,2,3,工作日,非高峰,2015-03-18,2015年3月18日,多云 /多云,24℃ / 14℃,南风 ≤3级 /南风 ≤3级,多云,多云,24,14,南风,≤3级,南风,≤3级,night
2015-03-18 08:40:00,扁井,1、追尾的,负全部责任,不负责任,1,贵A19A87,黑,1,贵APC483,黑,自培,520109,2000/8/14 0:00,2010/4/28 0:00,雅阁牌,大众牌,364548000000000000 ,364556000000000000 ,196301,198304,8,2,3,工作日,早高峰(7-9点),2015-03-18,2015年3月18日,多云 /多云,24℃ / 14℃,南风 ≤3级 /南风 ≤3级,多云,多云,24,14,南风,≤3级,南风,≤3级,day
2015-03-18 08:30:00,乌当,1、追尾的,负全部责任,不负责任,1,贵A8E234,银,1,贵A0F071,银,自培,贵大驾校,2006/7/3 0:00,2011/12/26 0:00,五菱牌,-1,364557000000000000 ,364556000000000000 ,197501,198804,8,2,3,工作日,早高峰(7-9点),2015-03-18,2015年3月18日,多云 /多云,24℃ / 14℃,南风 ≤3级 /南风 ≤3级,多云,多云,24,14,南风,≤3级,南风,≤3级,day
2015-03-18 10:30:00,政务大厅,8、依法应负全责的其他情形,负全部责任,不负责任,1,贵A8BW04,白,1,粤YHH389,红,自培,自培,2004/4/30 0:00,2003/2/28 0:00,思威牌,-1,364548000000000000 ,36454751944166097X,197212,198009,10,2,3,工作日,非高峰,2015-03-18,2015年3月18日,多云 /多云,24℃ / 14℃,南风 ≤3级 /南风 ≤3级,多云,多云,24,14,南风,≤3级,南风,≤3级,day
2015-03-18 09:30:00,狮峰路口,1、追尾的,负全部责任,不负责任,1,贵A16W79,白色,1,赣MU3922,白色,自培,-1,2001/9/30 0:00,-1,朗风牌,五菱牌,366368000000000000 ,724547000000000000 ,196908,198109,9,2,3,工作日,早高峰(7-9点),2015-03-18,2015年3月18日,多云 /多云,24℃ / 14℃,南风 ≤3级 /南风 ≤3级,多云,多云,24,14,南风,≤3级,南风,≤3级,day
2015-03-18 10:50:00,太慈桥,7、未按规定让行的 ,负全部责任,不负责任,1,贵AU3198,绿,1,渝BR1489,红,自培,-1,2008/4/1 0:00,-1,瑞麒牌,-1,366064000000000000 ,36606251974560607X,198704,198301,10,2,3,工作日,非高峰,2015-03-18,2015年3月18日,多云 /多云,24℃ / 14℃,南风 ≤3级 /南风 ≤3级,多云,多云,24,14,南风,≤3级,南风,≤3级,day
2015-03-18 11:30:00,二铺,1、追尾的,负全部责任,不负责任,1,贵A0557学,银,1,贵A7184学,银,自培,-1,2005/11/10 0:00,-1,-1,-1,366066000000000000 ,355466000000000000 ,196509,198808,11,2,3,工作日,非高峰,2015-03-18,2015年3月18日,多云 /多云,24℃ / 14℃,南风 ≤3级 /南风 ≤3级,多云,多云,24,14,南风,≤3级,南风,≤3级,day
2015-03-18 14:00:00,北京西路,7、未按规定让行的 ,负全部责任,不负责任,0,贵ACQ637,红,0,贵A95744,红 ,自培,-1,2004/8/28 0:00,-1,东风雪铁龙牌,豪泺牌,364548000000000000 ,364566000000000000 ,198210,198710,14,2,3,工作日,非高峰,2015-03-18,2015年3月18日,多云 /多云,24℃ / 14℃,南风 ≤3级 /南风 ≤3级,多云,多云,24,14,南风,≤3级,南风,≤3级,day
2015-03-18 14:30:00,西南商贸城,3、倒车的,负全部责任,不负责任,1,贵GY4342,黑,0,贵A9261J,黑,自培,-1,2013/6/7 0:00,-1,奥迪牌,雪佛兰牌,774266000000000000 ,77461500000000000 ,197106,197110,14,2,3,工作日,非高峰,2015-03-18,2015年3月18日,多云 /多云,24℃ / 14℃,南风 ≤3级 /南风 ≤3级,多云,多云,24,14,南风,≤3级,南风,≤3级,day
2015-03-18 15:30:00,观山湖区,7、未按规定让行的 ,负全部责任,不负责任,1,粤B1C8A9,白,1,贵A2905P,银,自培,-1,2011/3/21 0:00,-1,北京现代牌,五菱牌,76345500000000000 ,357476000000000000 ,198901,196502,15,2,3,工作日,非高峰,2015-03-18,2015年3月18日,多云 /多云,24℃ / 14℃,南风 ≤3级 /南风 ≤3级,多云,多云,24,14,南风,≤3级,南风,≤3级,day
2015-03-18 18:20:00,贵惠大道,7、未按规定让行的 ,负全部责任,不负责任,1,贵A749G1,银,1,贵A5BL86,黑,自培,贵大驾校,2004/1/30 0:00,2014/11/27 0:00,豪泺牌,沃尔沃牌,366069000000000000 ,366566000000000000 ,196607,198311,18,2,3,工作日,晚高峰(17-19点),2015-03-18,2015年3月18日,多云 /多云,24℃ / 14℃,南风 ≤3级 /南风 ≤3级,多云,多云,24,14,南风,≤3级,南风,≤3级,day
2015-03-18 17:30:00,市南路,1、追尾的,负全部责任,不负责任,1,贵GP8165,白色,1,贵APE438,白色,自培,-1,2014/7/9 0:00,-1,宝骏牌,夏利牌,366375000000000000 ,3454751874545045X,198902,973010,17,2,3,工作日,晚高峰(17-19点),2015-03-18,2015年3月18日,多云 /多云,24℃ / 14℃,南风 ≤3级 /南风 ≤3级,多云,多云,24,14,南风,≤3级,南风,≤3级,day
2015-03-18 18:00:00,金阳,7、未按规定让行的 ,负全部责任,不负责任,1,贵F76674,白,1,贵A18574,黑,自培,-1,2002/1/22 0:00,-1,捷达,豪爵牌,366068000000000000 ,366067000000000000 ,198107,197602,18,2,3,工作日,晚高峰(17-19点),2015-03-18,2015年3月18日,多云 /多云,24℃ / 14℃,南风 ≤3级 /南风 ≤3级,多云,多云,24,14,南风,≤3级,南风,≤3级,day
2015-03-18 18:20:00,金珠路,6、违反交通信号的,负全部责任,不负责任,1,贵A99W87,白,1,贵A56H85,黄,自培,-1,2011/12/2 0:00,-1,宝马,东风日产牌,575597000000000000 ,36454800000000000 ,198503,195808,18,2,3,工作日,晚高峰(17-19点),2015-03-18,2015年3月18日,多云 /多云,24℃ / 14℃,南风 ≤3级 /南风 ≤3级,多云,多云,24,14,南风,≤3级,南风,≤3级,day
2015-03-19 05:30:00,顺达,3、倒车的,负全部责任,不负责任,1,贵ASP7458,白,1,贵A1087X,白,自培,-1,2002/11/10 0:00,-1,-1,长安牌,66060500000000000 ,356746000000000000 ,196508,196806,5,3,3,工作日,非高峰,2015-03-19,2015年3月19日,多云 /阵雨,26℃ / 12℃,南风 ≤3级 /东北风 ≤3级,多云,阵雨,26,12,南风,≤3级,东北风,≤3级,night
2015-03-19 08:05:00,白云区,1、追尾的,负全部责任,不负责任,1,贵AU8792,黄,1,贵A9899J,银,自培,自培,2003/5/15 0:00,2012/5/29 0:00,风火轮牌,夏利牌,366067000000000000 ,364558000000000000 ,197801,197808,8,3,3,工作日,早高峰(7-9点),2015-03-19,2015年3月19日,多云 /阵雨,26℃ / 12℃,南风 ≤3级 /东北风 ≤3级,多云,阵雨,26,12,南风,≤3级,东北风,≤3级,day
2015-03-19 00:00:00,贵惠大道,1、追尾的,负全部责任,不负责任,1,贵A7171V,白色,1,贵A38L99,黑色,自培,市交校,2004/12/29 0:00,2011/11/17 0:00,哈飞牌,东风标致牌,366347000000000000 ,364648000000000000 ,198010,198710,0,3,3,工作日,非高峰,2015-03-19,2015年3月19日,多云 /阵雨,26℃ / 12℃,南风 ≤3级 /东北风 ≤3级,多云,阵雨,26,12,南风,≤3级,东北风,≤3级,night
2015-03-19 09:00:00,花溪大道,1、追尾的,负全部责任,不负责任,1,贵AHS737,白色,1,贵AV8646,白色,自培,-1,2006/9/1 0:00,-1,中华牌,力帆牌,54869500000000000 ,364547000000000000 ,198402,196311,9,3,3,工作日,早高峰(7-9点),2015-03-19,2015年3月19日,多云 /阵雨,26℃ / 12℃,南风 ≤3级 /东北风 ≤3级,多云,阵雨,26,12,南风,≤3级,东北风,≤3级,day
2015-03-19 08:30:00,甲秀南路,8、依法应负全责的其他情形,负全部责任,不负责任,1,川Y50044,黄,1,贵CNT550,银,自培,-1,2002/8/23 0:00,-1,\N,吉利牌,357867000000000000 ,366563000000000000 ,198309,198910,8,3,3,工作日,早高峰(7-9点),2015-03-19,2015年3月19日,多云 /阵雨,26℃ / 12℃,南风 ≤3级 /东北风 ≤3级,多云,阵雨,26,12,南风,≤3级,东北风,≤3级,day
2015-03-18 10:30:00,贵惠大道,7、未按规定让行的 ,负全部责任,不负责任,1,贵A39948,白色,1,贵AC2442,白色,自培,自培,2003/4/30 0:00,2006/6/12 0:00,昌河,丰田(TOYOTA)牌,364556000000000000 ,364548000000000000 ,197112,198802,10,2,3,工作日,非高峰,2015-03-18,2015年3月18日,多云 /多云,24℃ / 14℃,南风 ≤3级 /南风 ≤3级,多云,多云,24,14,南风,≤3级,南风,≤3级,day
2015-03-18 08:30:00,中华北路,5、开关车门的,负全部责任,不负责任,1,贵AU8232,绿,1,贵AKM546,银,自培,自培,2003/11/11 0:00,2003/3/31 0:00,瑞麒牌,凯迪拉克牌,366066000000000000 ,364548000000000000 ,197404,198108,8,2,3,工作日,早高峰(7-9点),2015-03-18,2015年3月18日,多云 /多云,24℃ / 14℃,南风 ≤3级 /南风 ≤3级,多云,多云,24,14,南风,≤3级,南风,≤3级,day
2015-03-18 13:29:00,奥体中心,3、倒车的,负全部责任,不负责任,0,贵A6AP93,红,1,贵AC251A,红,自培,自培,2001/4/6 0:00,2013/7/4 0:00,锋范牌,沃尔沃牌,364556000000000000 ,364557000000000000 ,196105,198412,13,2,3,工作日,非高峰,2015-03-18,2015年3月18日,多云 /多云,24℃ / 14℃,南风 ≤3级 /南风 ≤3级,多云,多云,24,14,南风,≤3级,南风,≤3级,day
2015-03-18 11:30:00,沙冲路,7、未按规定让行的 ,负全部责任,不负责任,1,粤B6028X,白色,1,贵AUA427,黑色,自培,自培,2008/4/14 0:00,2000/9/18 0:00,艾力绅牌,丰田牌,704966000000000000 ,366347000000000000 ,198006,197206,11,2,3,工作日,非高峰,2015-03-18,2015年3月18日,多云 /多云,24℃ / 14℃,南风 ≤3级 /南风 ≤3级,多云,多云,24,14,南风,≤3级,南风,≤3级,day
2015-03-18 12:00:00,新添寨,7、未按规定让行的 ,负全部责任,不负责任,0,贵A7733V,银,1,贵AU0205,白,自培,自培,2004/1/14 0:00,2004/7/9 0:00,锋范牌,豪爵牌,364557000000000000 ,366876000000000000 ,198311,198109,12,2,3,工作日,非高峰,2015-03-18,2015年3月18日,多云 /多云,24℃ / 14℃,南风 ≤3级 /南风 ≤3级,多云,多云,24,14,南风,≤3级,南风,≤3级,day
2015-03-18 15:45:00,开发大道,1、追尾的,负全部责任,不负责任,1,鄂FFN231,白色,1,贵AVL445,白色,自培,自培,2013/1/30 0:00,2004/4/14 0:00,蒙迪欧牌,捷达牌,64265500000000000 ,36464651884163695X,199010,197709,15,2,3,工作日,非高峰,2015-03-18,2015年3月18日,多云 /多云,24℃ / 14℃,南风 ≤3级 /南风 ≤3级,多云,多云,24,14,南风,≤3级,南风,≤3级,day
2015-03-18 14:20:00,文昌北路,1、追尾的,负全部责任,不负责任,1,贵ASK458,白,0,贵A45286,白,自培,自培,2007/8/1 0:00,2000/10/12 0:00,凌派牌,丰田牌,364547000000000000 ,364547000000000000 ,197408,197508,14,2,3,工作日,非高峰,2015-03-18,2015年3月18日,多云 /多云,24℃ / 14℃,南风 ≤3级 /南风 ≤3级,多云,多云,24,14,南风,≤3级,南风,≤3级,day
2015-03-18 21:09:00,富源中路,7、未按规定让行的 ,负全部责任,不负责任,1,贵FZ6008,白色,1,贵AWB662,白色,自培,-1,2007/6/19 0:00,-1,三铃牌,东风雪铁龙,366046000000000000 ,366875000000000000 ,198707,190605,21,2,3,工作日,非高峰,2015-03-18,2015年3月18日,多云 /多云,24℃ / 14℃,南风 ≤3级 /南风 ≤3级,多云,多云,24,14,南风,≤3级,南风,≤3级,night
2015-03-19 11:00:00,红岩路,1、追尾的,负全部责任,不负责任,1,贵GC9590,白色,1,贵ASM648,白色,自培,520126,2010/11/10 0:00,2008/11/12 0:00,长城牌,东风标致牌,364548000000000000 ,364547000000000000 ,198905,197411,11,3,3,工作日,非高峰,2015-03-19,2015年3月19日,多云 /阵雨,26℃ / 12℃,南风 ≤3级 /东北风 ≤3级,多云,阵雨,26,12,南风,≤3级,东北风,≤3级,day
2015-03-19 11:40:00,油榨街,9、不符合前8款规定或者双方同时具有上述情形的,负同等责任,负同等责任,1,贵AX1733,银,0,贵ANC577,银,自培,新天驾校,2007/6/26 0:00,2014/10/22 0:00,豪爵牌,大众汽车牌,366563000000000000 ,74260500000000000 ,198410,198012,11,3,3,工作日,非高峰,2015-03-19,2015年3月19日,多云 /阵雨,26℃ / 12℃,南风 ≤3级 /东北风 ≤3级,多云,阵雨,26,12,南风,≤3级,东北风,≤3级,day
2015-03-19 10:40:00,金关,4、停车时未挂低速档、未拉驻车制动，导致车辆滑行的,负全部责任,不负责任,1,贵A347F2,银,1,鄂A8BA22,黑,自培,预约考试窗口,2004/8/25 0:00,2006/12/31 0:00,解放牌,起亚牌,364557000000000000 ,64550500000000000 ,196806,196306,10,3,3,工作日,非高峰,2015-03-19,2015年3月19日,多云 /阵雨,26℃ / 12℃,南风 ≤3级 /东北风 ≤3级,多云,阵雨,26,12,南风,≤3级,东北风,≤3级,day
2015-03-19 10:00:00,干平路中段,7、未按规定让行的 ,负全部责任,不负责任,1,贵AFY652,白色,1,贵A8286,白色,自培,金大驾校,2002/4/5 0:00,2004/11/12 0:00,长安,吉利牌,364548000000000000 ,366068000000000000 ,195504,197202,10,3,3,工作日,非高峰,2015-03-19,2015年3月19日,多云 /阵雨,26℃ / 12℃,南风 ≤3级 /东北风 ≤3级,多云,阵雨,26,12,南风,≤3级,东北风,≤3级,day
2015-03-19 11:10:00,梦想城,3、倒车的,负全部责任,不负责任,1,贵DD5238,白,1,贵AZE612,黄,自培,-1,2004/8/25 0:00,-1,起亚牌,起亚牌,364558000000000000 ,355468000000000000 ,198311,198502,11,3,3,工作日,非高峰,2015-03-19,2015年3月19日,多云 /阵雨,26℃ / 12℃,南风 ≤3级 /东北风 ≤3级,多云,阵雨,26,12,南风,≤3级,东北风,≤3级,day
2015-03-19 13:10:00,太慈桥,1、追尾的,负全部责任,不负责任,1,贵A3BL52,红,1,贵A32394,白,自培,自培,2011/9/1 0:00,2001/2/28 0:00,宝马牌,思域牌,364547000000000000 ,364548000000000000 ,199104,197411,13,3,3,工作日,非高峰,2015-03-19,2015年3月19日,多云 /阵雨,26℃ / 12℃,南风 ≤3级 /东北风 ≤3级,多云,阵雨,26,12,南风,≤3级,东北风,≤3级,day
2015-03-19 14:00:00,花溪,7、未按规定让行的 ,负全部责任,不负责任,1,贵A83L18,白色,1,贵A0890Y,白色,自培,贵大驾校,2006/7/10 0:00,2012/3/12 0:00,北京现代牌,五菱牌,364547000000000000 ,364556000000000000 ,197411,197604,14,3,3,工作日,非高峰,2015-03-19,2015年3月19日,多云 /阵雨,26℃ / 12℃,南风 ≤3级 /东北风 ≤3级,多云,阵雨,26,12,南风,≤3级,东北风,≤3级,day
2015-03-19 17:30:00,乌当,3、倒车的,负全部责任,不负责任,1,贵AR5999,白,1,贵A9297W,银,自培,520111,2007/2/25 0:00,2009/9/11 0:00,凯宴,雪佛兰牌,364547000000000000 ,364557000000000000 ,195709,198908,17,3,3,工作日,晚高峰(17-19点),2015-03-19,2015年3月19日,多云 /阵雨,26℃ / 12℃,南风 ≤3级 /东北风 ≤3级,多云,阵雨,26,12,南风,≤3级,东北风,≤3级,day
2015-03-19 18:10:00,小十字,3、倒车的,负同等责任,负同等责任,1,贵A8BA75,白,0,贵ASM103,白,自培,520131,2003/5/19 0:00,2007/11/29 0:00,马自达牌,一汽佳星牌,364558000000000000 ,364547000000000000 ,197403,198801,18,3,3,工作日,晚高峰(17-19点),2015-03-19,2015年3月19日,多云 /阵雨,26℃ / 12℃,南风 ≤3级 /东北风 ≤3级,多云,阵雨,26,12,南风,≤3级,东北风,≤3级,day
2015-03-19 16:30:00,都司路,7、未按规定让行的 ,负全部责任,不负责任,0,湘E9271C,黑,1,贵JCC841,黑,自培,-1,2012/5/16 0:00,-1,别克牌,别克牌,76260500000000000 ,366846000000000000 ,196805,198509,16,3,3,工作日,非高峰,2015-03-19,2015年3月19日,多云 /阵雨,26℃ / 12℃,南风 ≤3级 /东北风 ≤3级,多云,阵雨,26,12,南风,≤3级,东北风,≤3级,day
2015-03-19 16:30:00,开发大道,9、不符合前8款规定或者双方同时具有上述情形的,负同等责任,负同等责任,1,贵GH1918,白色,1,贵A79930,白色,自培,-1,2010/4/13 0:00,-1,豪爵牌,豪泺牌,54869000000000 ,355266000000000000 ,870809,198706,16,3,3,工作日,非高峰,2015-03-19,2015年3月19日,多云 /阵雨,26℃ / 12℃,南风 ≤3级 /东北风 ≤3级,多云,阵雨,26,12,南风,≤3级,东北风,≤3级,day
2015-03-19 19:25:00,甲秀南路,7、未按规定让行的 ,负全部责任,不负责任,1,贵A31020,白色,1,贵A27A13,灰色,自培,贵阳学院汽车驾驶培训,2008/5/21 0:00,2011/8/15 0:00,北京,思域牌,366876000000000000 ,366862000000000000 ,197912,198002,19,3,3,工作日,晚高峰(17-19点),2015-03-19,2015年3月19日,多云 /阵雨,26℃ / 12℃,南风 ≤3级 /东北风 ≤3级,多云,阵雨,26,12,南风,≤3级,东北风,≤3级,day
2015-03-19 21:00:00,白云一中,9、不符合前8款规定或者双方同时具有上述情形的,负同等责任,负同等责任,1,贵A2133N,白色,1,贵A31020,白色,自培,贵阳学院汽车驾驶培训,2012/12/13 0:00,2008/5/21 0:00,吉利牌,豪泺牌,366368000000000000 ,366876000000000000 ,197204,197912,21,3,3,工作日,非高峰,2015-03-19,2015年3月19日,多云 /阵雨,26℃ / 12℃,南风 ≤3级 /东北风 ≤3级,多云,阵雨,26,12,南风,≤3级,东北风,≤3级,night
2015-03-20 08:03:00,南厂路,7、未按规定让行的 ,负全部责任,不负责任,1,贵A83F47,红,1,贵A49C6,银,自培,铁二局驾校,2013/7/24 0:00,2012/6/14 0:00,大众牌,-1,366664000000000000 ,366067000000000000 ,197810,196807,8,4,3,工作日,早高峰(7-9点),2015-03-20,2015年3月20日,阴 /阵雨,14℃ / 10℃,东北风 ≤3级 /东北风 ≤3级,阴,阵雨,14,10,东北风,≤3级,东北风,≤3级,day
2015-03-20 08:40:00,三桥,7、未按规定让行的 ,负全部责任,不负责任,0,贵GV3540,黑,0,贵DF4260,银,自培,省交通职业学校驾校（云岩区）,2004/11/22 0:00,2015/3/10 0:00,捷豹XF,-1,366067000000000000 ,366566000000000000 ,198104,199009,8,4,3,工作日,早高峰(7-9点),2015-03-20,2015年3月20日,阴 /阵雨,14℃ / 10℃,东北风 ≤3级 /东北风 ≤3级,阴,阵雨,14,10,东北风,≤3级,东北风,≤3级,day
2015-03-20 09:30:00,长江路,8、依法应负全责的其他情形,负全部责任,不负责任,1,贵GP1773,白色,1,贵A22560,白色,自培,520106,2004/6/9 0:00,2004/8/14 0:00,上海波罗,江铃牌,56845500000000000 ,364568000000000000 ,198108,198607,9,4,3,工作日,早高峰(7-9点),2015-03-20,2015年3月20日,阴 /阵雨,14℃ / 10℃,东北风 ≤3级 /东北风 ≤3级,阴,阵雨,14,10,东北风,≤3级,东北风,≤3级,day
2015-03-20 09:30:00,石板路,3、倒车的,负全部责任,不负责任,1,贵A872H2,白,1,贵A663H2,黑,自培,-1,2006/4/20 0:00,-1,跃进牌,五菱牌,357063000000000000 ,366346000000000000 ,198405,197801,9,4,3,工作日,早高峰(7-9点),2015-03-20,2015年3月20日,阴 /阵雨,14℃ / 10℃,东北风 ≤3级 /东北风 ≤3级,阴,阵雨,14,10,东北风,≤3级,东北风,≤3级,day
2015-03-20 09:05:00,大营坡立交桥下,1、追尾的,负全部责任,不负责任,1,贵A1146P,黑,1,贵A22E89,黑,自培,全林驾校,2011/7/27 0:00,2012/1/13 0:00,宝骏牌,吉利牌,357866000000000000 ,366361000000000000 ,199006,198802,9,4,3,工作日,早高峰(7-9点),2015-03-20,2015年3月20日,阴 /阵雨,14℃ / 10℃,东北风 ≤3级 /东北风 ≤3级,阴,阵雨,14,10,东北风,≤3级,东北风,≤3级,day
2015-03-19 10:30:00,金清大道,8、依法应负全责的其他情形,负全部责任,不负责任,1,湘CS6211,黑,1,贵ABH752,白,自培,自培,2002/3/14 0:00,2006/7/26 0:00,卡宴,解放牌,74067500000000000 ,366064000000000000 ,197409,197904,10,3,3,工作日,非高峰,2015-03-19,2015年3月19日,多云 /阵雨,26℃ / 12℃,南风 ≤3级 /东北风 ≤3级,多云,阵雨,26,12,南风,≤3级,东北风,≤3级,day
2015-03-19 09:30:00,贵蓝酒店门口,7、未按规定让行的 ,负全部责任,不负责任,1,贵A11W97,黑色,1,贵AMM955,白色,自培,自培,2000/3/14 0:00,2007/6/12 0:00,奥迪牌,长安牌,355566000000000000 ,366875000000000000 ,195908,196808,9,3,3,工作日,早高峰(7-9点),2015-03-19,2015年3月19日,多云 /阵雨,26℃ / 12℃,南风 ≤3级 /东北风 ≤3级,多云,阵雨,26,12,南风,≤3级,东北风,≤3级,day
2015-03-19 11:40:00,金珠路,1、追尾的,负全部责任,不负责任,1,贵ANS751,黑,0,贵A142G警,白,自培,自培,2001/8/28 0:00,2003/12/25 0:00,华泰圣达菲牌,-1,366067000000000000 ,366367000000000000 ,197502,198310,11,3,3,工作日,非高峰,2015-03-19,2015年3月19日,多云 /阵雨,26℃ / 12℃,南风 ≤3级 /东北风 ≤3级,多云,阵雨,26,12,南风,≤3级,东北风,≤3级,day
2015-03-20 09:00:00,公园北路,5、开关车门的,负全部责任,不负责任,1,贵AU6091,绿,0,贵ACZ511,银,自培,新华驾校,2004/5/11 0:00,2014/10/8 0:00,哈里威牌,大众汽车牌,364548000000000000 ,364567000000000000 ,196406,198808,9,4,3,工作日,早高峰(7-9点),2015-03-20,2015年3月20日,阴 /阵雨,14℃ / 10℃,东北风 ≤3级 /东北风 ≤3级,阴,阵雨,14,10,东北风,≤3级,东北风,≤3级,day
2015-03-20 14:00:00,马王庙,7、未按规定让行的 ,负全部责任,不负责任,1,贵A37633,红 ,1,贵AB757N,白,自培,自培,2002/11/14 0:00,2008/5/27 0:00,乘龙牌,奇瑞牌,366347000000000000 ,364548000000000000 ,197910,198712,14,4,3,工作日,非高峰,2015-03-20,2015年3月20日,阴 /阵雨,14℃ / 10℃,东北风 ≤3级 /东北风 ≤3级,阴,阵雨,14,10,东北风,≤3级,东北风,≤3级,day
2015-03-20 10:30:00,北京西路,1、追尾的,负全部责任,不负责任,1,贵AE1458,白,1,贵CCV982,白,自培,-1,2002/12/31 0:00,-1,豪进牌,丰田牌,364548000000000000 ,366569000000000000 ,196906,199108,10,4,3,工作日,非高峰,2015-03-20,2015年3月20日,阴 /阵雨,14℃ / 10℃,东北风 ≤3级 /东北风 ≤3级,阴,阵雨,14,10,东北风,≤3级,东北风,≤3级,day
2015-03-20 15:10:00,省府西路,9、不符合前8款规定或者双方同时具有上述情形的,负同等责任,负同等责任,1,贵AP6969,白色,1,贵ACM182,白色,自培,（云岩区）时发驾驶培训有限公司,2002/6/7 0:00,1997/9/8 0:00,思域牌,海马牌,364547000000000000 ,36455551244369095X,198006,196005,15,4,3,工作日,非高峰,2015-03-20,2015年3月20日,阴 /阵雨,14℃ / 10℃,东北风 ≤3级 /东北风 ≤3级,阴,阵雨,14,10,东北风,≤3级,东北风,≤3级,day
2015-03-20 17:50:00,油榨街,1、追尾的,负全部责任,不负责任,1,贵AW7418,白色,1,贵AP3367,白色,自培,#,2000/7/26 0:00,1993/9/16 0:00,金马牌,力帆牌,364548000000000000 ,366868000000000000 ,197906,196303,17,4,3,工作日,晚高峰(17-19点),2015-03-20,2015年3月20日,阴 /阵雨,14℃ / 10℃,东北风 ≤3级 /东北风 ≤3级,阴,阵雨,14,10,东北风,≤3级,东北风,≤3级,day
2015-03-21 08:30:00,解放西路,1、追尾的,负全部责任,不负责任,1,贵AW6333,灰色,1,贵AU6533,绿色,自培,自培,2000/7/24 0:00,2004/6/27 0:00,豪进牌,嘉冠牌,364547000000000000 ,36456551934566595X,197803,198501,8,5,3,工作日,早高峰(7-9点),2015-03-21,2015年3月21日,阴 /阴,16℃ / 11℃,东北风 ≤3级 /东南风 ≤3级,阴,阴,16,11,东北风,≤3级,东南风,≤3级,day