accidenttime,accidentaddr,driver1fault,driver1responsibility,driver2responsibility,sex1,platenumber1,carcolor1,sex2,platenumber2,carcolor2,jxmc1,jxmc2,cclzrq1,cclzrq2,clpp1,clpp2,driver1license,driver2license,brith1,brith2,hour,weekday,month,is_weekday,peak_hour,date,日期,天气状况,气温,风力风向,day_wea,night_wea,day_tep,night_tep,day_wind_direction,day_wind_speed,night_wind_direction,night_wind_speed,segment
2015-03-20 22:10:00,中坝隧道,1、追尾的,负全部责任,不负责任,1,贵A04547,白色,1,贵GY4215,白色,自培,-1,2014/9/23 0:00,-1,福田,东风牌,06436851914548375X,74865500000000000 ,198901,197207,22,4,3,工作日,非高峰,2015-03-20,2015年3月20日,阴 /阵雨,14℃ / 10℃,东北风 ≤3级 /东北风 ≤3级,阴,阵雨,14,10,东北风,≤3级,东北风,≤3级,night
2015-03-20 22:00:00,小河平桥,5、开关车门的,负全部责任,不负责任,1,贵JAR318,白色,1,浙B92560,白色,自培,自培,2004/12/21 0:00,2004/8/16 0:00,大众汽车牌,-1,366067000000000000 ,366862000000000000 ,196406,198309,22,4,3,工作日,非高峰,2015-03-20,2015年3月20日,阴 /阵雨,14℃ / 10℃,东北风 ≤3级 /东北风 ≤3级,阴,阵雨,14,10,东北风,≤3级,东北风,≤3级,night
2015-03-21 06:00:00,西南环线,7、未按规定让行的 ,负全部责任,不负责任,1,贵AVF929,白色,1,贵A22276,白色,自培,-1,2002/2/28 0:00,-1,晶锐牌,三铃牌,366863000000000000 ,366046000000000000 ,198210,197703,6,5,3,工作日,非高峰,2015-03-21,2015年3月21日,阴 /阴,16℃ / 11℃,东北风 ≤3级 /东南风 ≤3级,阴,阴,16,11,东北风,≤3级,东南风,≤3级,day
2015-03-21 09:00:00,世纪城,7、未按规定让行的 ,负全部责任,不负责任,1,贵APB833,红,1,贵ALW426,红,自培,-1,2008/7/14 0:00,-1,北京现代牌,大众汽车牌,356661000000000000 ,354696000000000000 ,197509,197812,9,5,3,工作日,早高峰(7-9点),2015-03-21,2015年3月21日,阴 /阴,16℃ / 11℃,东北风 ≤3级 /东南风 ≤3级,阴,阴,16,11,东北风,≤3级,东南风,≤3级,day
2015-03-20 18:30:00,金关,7、未按规定让行的 ,负全部责任,不负责任,1,贵GR9506,银,1,晋E61793,银,自培,-1,2015/2/15 0:00,-1,五菱牌,风神,574397000000000000 ,504347000000000000 ,199610,196706,18,4,3,工作日,晚高峰(17-19点),2015-03-20,2015年3月20日,阴 /阵雨,14℃ / 10℃,东北风 ≤3级 /东北风 ≤3级,阴,阵雨,14,10,东北风,≤3级,东北风,≤3级,day
2015-03-20 18:00:00,长江路,8、依法应负全责的其他情形,负全部责任,不负责任,1,贵GX6643,白色,1,贵AWY866,黑色,自培,新天驾校,2002/11/1 0:00,2012/9/17 0:00,五菱牌,奥迪,366363000000000000 ,366367000000000000 ,196707,198105,18,4,3,工作日,晚高峰(17-19点),2015-03-20,2015年3月20日,阴 /阵雨,14℃ / 10℃,东北风 ≤3级 /东北风 ≤3级,阴,阵雨,14,10,东北风,≤3级,东北风,≤3级,day
2015-03-20 21:30:00,三桥,7、未按规定让行的 ,负全部责任,不负责任,1,贵AB020X,银,1,贵J66252,银,自培,自培,2006/7/6 0:00,2006/7/31 0:00,五菱牌,丰田海狮,366061000000000000 ,366068000000000000 ,197007,198604,21,4,3,工作日,非高峰,2015-03-20,2015年3月20日,阴 /阵雨,14℃ / 10℃,东北风 ≤3级 /东北风 ≤3级,阴,阵雨,14,10,东北风,≤3级,东北风,≤3级,night
2015-03-21 00:00:00,花石路,7、未按规定让行的 ,负全部责任,不负责任,1,贵A89K94,白色,1,渝BU3486,白色,自培,-1,2012/3/26 0:00,-1,长城牌,-1,36636351874357001X,357268000000000000 ,197305,197811,0,5,3,工作日,非高峰,2015-03-21,2015年3月21日,阴 /阴,16℃ / 11℃,东北风 ≤3级 /东南风 ≤3级,阴,阴,16,11,东北风,≤3级,东南风,≤3级,night
2015-03-21 10:30:00,金阳,3、倒车的,负全部责任,不负责任,1,贵AHR863,银,1,贵AET841,黑,自培,（乌当区）新天驾驶培训有限公司,2004/8/6 0:00,2009/8/28 0:00,宝马牌,飞度牌,366068000000000000 ,36455751924950406X,198206,198608,10,5,3,工作日,非高峰,2015-03-21,2015年3月21日,阴 /阴,16℃ / 11℃,东北风 ≤3级 /东南风 ≤3级,阴,阴,16,11,东北风,≤3级,东南风,≤3级,day
2015-03-21 08:32:00,白云区,1、追尾的,负全部责任,不负责任,1,贵FN7870,白,1,贵AB042V,银,自培,-1,2014/4/30 0:00,-1,吉利全球鹰牌,夏利牌,366061000000000000 ,3662685134267567X,198101,195062,8,5,3,工作日,早高峰(7-9点),2015-03-21,2015年3月21日,阴 /阴,16℃ / 11℃,东北风 ≤3级 /东南风 ≤3级,阴,阴,16,11,东北风,≤3级,东南风,≤3级,day
2015-03-21 11:30:00,火车北站,1、追尾的,负全部责任,不负责任,1,贵ACG355,黑,1,贵GV5695,白,自培,贵州平安驾驶培训学校,2000/7/13 0:00,2012/9/14 0:00,东风日产牌,江淮牌,364557000000000000 ,366664000000000000 ,198101,198303,11,5,3,工作日,非高峰,2015-03-21,2015年3月21日,阴 /阴,16℃ / 11℃,东北风 ≤3级 /东南风 ≤3级,阴,阴,16,11,东北风,≤3级,东南风,≤3级,day
2015-03-21 14:00:00,小河,7、未按规定让行的 ,负全部责任,不负责任,1,贵AU6139,白色,1,贵AEM226,白色,自培,520106,2004/4/6 0:00,2009/8/13 0:00,国威牌,长安牌,364547000000000000 ,364547000000000000 ,197707,197709,14,5,3,工作日,非高峰,2015-03-21,2015年3月21日,阴 /阴,16℃ / 11℃,东北风 ≤3级 /东南风 ≤3级,阴,阴,16,11,东北风,≤3级,东南风,≤3级,day
2015-03-21 17:20:00,金关,8、依法应负全责的其他情形,负全部责任,不负责任,1,贵ALU072,银,1,贵AMB507,黑,自培,-1,2010/9/1 0:00,-1,长安牌,索兰托,355247000000000000 ,786163000000000000 ,198910,198912,17,5,3,工作日,晚高峰(17-19点),2015-03-21,2015年3月21日,阴 /阴,16℃ / 11℃,东北风 ≤3级 /东南风 ≤3级,阴,阴,16,11,东北风,≤3级,东南风,≤3级,day
2015-03-21 20:58:00,世纪金源,1、追尾的,负全部责任,不负责任,1,豫REC497,黑,1,贵A3325B,红,自培,-1,2012/12/7 0:00,-1,江铃牌,一汽佳星牌,05579551214055407X,366046000000000000 ,196904,198602,20,5,3,工作日,非高峰,2015-03-21,2015年3月21日,阴 /阴,16℃ / 11℃,东北风 ≤3级 /东南风 ≤3级,阴,阴,16,11,东北风,≤3级,东南风,≤3级,night
2015-03-20 13:00:00,西南环线,7、未按规定让行的 ,负全部责任,不负责任,1,贵AGS965,白色,1,贵A58S65,黑色,自培,自培,2006/8/18 0:00,2002/9/27 0:00,马自达,东风雪铁龙牌,364547000000000000 ,366061000000000000 ,198802,197110,13,4,3,工作日,非高峰,2015-03-20,2015年3月20日,阴 /阵雨,14℃ / 10℃,东北风 ≤3级 /东北风 ≤3级,阴,阵雨,14,10,东北风,≤3级,东北风,≤3级,day
2015-03-20 13:20:00,白云区,1、追尾的,负全部责任,不负责任,1,贵A52N86,银,1,贵APY678,白,自培,自培,2006/4/25 0:00,2006/4/28 0:00,宝马,长安牌,364647000000000000 ,364568000000000000 ,197107,198712,13,4,3,工作日,非高峰,2015-03-20,2015年3月20日,阴 /阵雨,14℃ / 10℃,东北风 ≤3级 /东北风 ≤3级,阴,阵雨,14,10,东北风,≤3级,东北风,≤3级,day
2015-03-20 18:05:00,东二环,1、追尾的,负全部责任,不负责任,1,贵A8BG23,银,1,贵A5BC01,银,自培,自培,2014/2/25 0:00,2012/5/18 0:00,力帆牌,锋范牌,364596000000000000 ,364566000000000000 ,199004,198804,18,4,3,工作日,晚高峰(17-19点),2015-03-20,2015年3月20日,阴 /阵雨,14℃ / 10℃,东北风 ≤3级 /东北风 ≤3级,阴,阵雨,14,10,东北风,≤3级,东北风,≤3级,day
2015-03-20 16:50:00,贵惠大道,7、未按规定让行的 ,负全部责任,不负责任,1,贵ASH364,白色,1,贵GY4342,白色,自培,自培,2006/6/27 0:00,2013/6/7 0:00,长城牌,奥迪牌,364551000000000000 ,774266000000000000 ,198306,197106,16,4,3,工作日,非高峰,2015-03-20,2015年3月20日,阴 /阵雨,14℃ / 10℃,东北风 ≤3级 /东北风 ≤3级,阴,阵雨,14,10,东北风,≤3级,东北风,≤3级,day
2015-03-20 18:30:00,照熙巷,8、依法应负全责的其他情形,负全部责任,不负责任,1,贵A96M89,黑,1,贵ACD067,黑,自培,自培,2008/12/8 0:00,2002/9/7 0:00,福克斯牌,梅赛德斯-奔驰牌,364566000000000000 ,364548000000000000 ,198608,198401,18,4,3,工作日,晚高峰(17-19点),2015-03-20,2015年3月20日,阴 /阵雨,14℃ / 10℃,东北风 ≤3级 /东北风 ≤3级,阴,阵雨,14,10,东北风,≤3级,东北风,≤3级,day
2015-03-22 06:30:00,金华镇,1、追尾的,负全部责任,不负责任,1,贵A1278Z,黑,1,贵A0569T,银,自培,-1,2001/8/30 0:00,-1,比亚迪牌,奇瑞,364557000000000000 ,366561000000000000 ,197809,199306,6,6,3,周末,非高峰,2015-03-22,2015年3月22日,阵雨 /阵雨,19℃ / 10℃,东南风 ≤3级 /东风 ≤3级,阵雨,阵雨,19,10,东南风,≤3级,东风,≤3级,day
2015-03-22 09:00:00,二桥,7、未按规定让行的 ,负全部责任,不负责任,1,贵AB7976,白色,1,贵AHE576,白色,自培,鑫鑫驾校,2007/2/12 0:00,2011/10/17 0:00,江淮牌,雪佛兰牌,364547000000000000 ,364548000000000000 ,196303,196009,9,6,3,周末,早高峰(7-9点),2015-03-22,2015年3月22日,阵雨 /阵雨,19℃ / 10℃,东南风 ≤3级 /东风 ≤3级,阵雨,阵雨,19,10,东南风,≤3级,东风,≤3级,day
2015-03-22 09:35:00,三江,8、依法应负全责的其他情形,负全部责任,不负责任,1,贵ATJ162,红,1,贵A5BB24,银,自培,自培,2004/5/26 0:00,2011/9/29 0:00,马自达牌,雪佛兰牌,366761000000000000 ,364557000000000000 ,197910,197805,9,6,3,周末,早高峰(7-9点),2015-03-22,2015年3月22日,阵雨 /阵雨,19℃ / 10℃,东南风 ≤3级 /东风 ≤3级,阵雨,阵雨,19,10,东南风,≤3级,东风,≤3级,day
2015-03-22 09:28:00,浣纱路,1、追尾的,负全部责任,不负责任,1,贵A6BL51,黑色,1,贵AAK733,蓝色,自培,-1,2009/4/20 0:00,-1,大众牌,宗申牌,74667500000000000 ,574279000000000000 ,198711,198110,9,6,3,周末,早高峰(7-9点),2015-03-22,2015年3月22日,阵雨 /阵雨,19℃ / 10℃,东南风 ≤3级 /东风 ≤3级,阵雨,阵雨,19,10,东南风,≤3级,东风,≤3级,day
2015-03-22 09:50:00,三桥,7、未按规定让行的 ,负全部责任,不负责任,1,贵A709G3,红,1,贵A3669Z,银,自培,-1,2007/7/2 0:00,-1,炎龙牌,吉利牌,366064000000000000 ,36606700000000000 ,197201,197501,9,6,3,周末,早高峰(7-9点),2015-03-22,2015年3月22日,阵雨 /阵雨,19℃ / 10℃,东南风 ≤3级 /东风 ≤3级,阵雨,阵雨,19,10,东南风,≤3级,东风,≤3级,day
2015-03-22 12:00:00,蛮破,3、倒车的,负全部责任,不负责任,1,贵AFV781,银,1,贵A76L47,红,自培,520133,2007/4/9 0:00,2008/5/15 0:00,长安牌,雷克萨斯,36606051294553425X,364548000000000000 ,196801,198011,12,6,3,周末,非高峰,2015-03-22,2015年3月22日,阵雨 /阵雨,19℃ / 10℃,东南风 ≤3级 /东风 ≤3级,阵雨,阵雨,19,10,东南风,≤3级,东风,≤3级,day
2015-03-22 11:00:00,宝山南路,9、不符合前8款规定或者双方同时具有上述情形的,负同等责任,负同等责任,1,贵AX1869,黑,1,贵JT4464,银,自培,消防驾校,2002/11/20 0:00,1994/6/12 0:00,东力牌,柯斯达,364548000000000000 ,364548000000000000 ,196501,197501,11,6,3,周末,非高峰,2015-03-22,2015年3月22日,阵雨 /阵雨,19℃ / 10℃,东南风 ≤3级 /东风 ≤3级,阵雨,阵雨,19,10,东南风,≤3级,东风,≤3级,day
2015-03-22 12:40:00,北二环,1、追尾的,负全部责任,不负责任,1,贵AB956N,黄,1,贵AJU852,蓝,自培,-1,2004/7/20 0:00,-1,北京现代牌,海马牌,355766000000000000 ,364557000000000000 ,198012,198401,12,6,3,周末,非高峰,2015-03-22,2015年3月22日,阵雨 /阵雨,19℃ / 10℃,东南风 ≤3级 /东风 ≤3级,阵雨,阵雨,19,10,东南风,≤3级,东风,≤3级,day
2015-03-22 12:00:00,西二环南段,1、追尾的,负全部责任,不负责任,1,鲁AZW399,白色,1,粤B5JU89,白色,自培,-1,2002/12/30 0:00,-1,丰田牌,东风日产牌,764066000000000000 ,55769500000000000 ,197702,196509,12,6,3,周末,非高峰,2015-03-22,2015年3月22日,阵雨 /阵雨,19℃ / 10℃,东南风 ≤3级 /东风 ≤3级,阵雨,阵雨,19,10,东南风,≤3级,东风,≤3级,day
2015-03-22 10:50:00,后巢乡,1、追尾的,负全部责任,不负责任,1,渝C15F64,白色,1,贵FF5995,白色,自培,-1,2008/5/16 0:00,-1,凯马牌,大众汽车牌,355267000000000000 ,366067000000000000 ,198703,198905,10,6,3,周末,非高峰,2015-03-22,2015年3月22日,阵雨 /阵雨,19℃ / 10℃,东南风 ≤3级 /东风 ≤3级,阵雨,阵雨,19,10,东南风,≤3级,东风,≤3级,day
2015-03-22 11:53:00,白金大道,1、追尾的,负全部责任,不负责任,1,贵AA0159,白,1,贵CX76515,银,自培,-1,2004/7/26 0:00,-1,威驰,-1,366875000000000000 ,366061000000000000 ,196009,198005,11,6,3,周末,非高峰,2015-03-22,2015年3月22日,阵雨 /阵雨,19℃ / 10℃,东南风 ≤3级 /东风 ≤3级,阵雨,阵雨,19,10,东南风,≤3级,东风,≤3级,day
2015-03-22 14:00:00,嘉润路,1、追尾的,负全部责任,不负责任,1,贵AS589,小轿车,1,贵AU0794,黑色,自培,-1,2013/4/16 0:00,-1,-1,万达牌,64197500000000000 ,36454700000000000 ,199311,906091,14,6,3,周末,非高峰,2015-03-22,2015年3月22日,阵雨 /阵雨,19℃ / 10℃,东南风 ≤3级 /东风 ≤3级,阵雨,阵雨,19,10,东南风,≤3级,东风,≤3级,day
2015-03-22 10:00:00,贵山酒店,3、倒车的,负全部责任,不负责任,1,贵A3AU07,银,1,贵A6F890,白,自培,桐梓县毅昕机动车驾驶培训学校,2001/6/22 0:00,2012/7/24 0:00,奇瑞牌,宝马,364548000000000000 ,364547000000000000 ,197501,199404,10,6,3,周末,非高峰,2015-03-22,2015年3月22日,阵雨 /阵雨,19℃ / 10℃,东南风 ≤3级 /东风 ≤3级,阵雨,阵雨,19,10,东南风,≤3级,东风,≤3级,day
2015-03-22 16:00:00,新添寨,7、未按规定让行的 ,负全部责任,不负责任,1,贵AHJ343,红,1,贵O554064,红,自培,-1,2010/12/1 0:00,-1,马自达牌,-1,364558000000000 ,366761000000000000 ,701001,199105,16,6,3,周末,非高峰,2015-03-22,2015年3月22日,阵雨 /阵雨,19℃ / 10℃,东南风 ≤3级 /东风 ≤3级,阵雨,阵雨,19,10,东南风,≤3级,东风,≤3级,day
2015-03-22 15:00:00,八匹马,7、未按规定让行的 ,负全部责任,不负责任,1,贵A72Y37,黑,1,贵AS1234,黑,自培,-1,2007/10/22 0:00,-1,大众汽车牌,乙本牌,366546000000000000 ,64765500000000000 ,197412,197808,15,6,3,周末,非高峰,2015-03-22,2015年3月22日,阵雨 /阵雨,19℃ / 10℃,东南风 ≤3级 /东风 ≤3级,阵雨,阵雨,19,10,东南风,≤3级,东风,≤3级,day
2015-03-22 16:20:00,白云区,3、倒车的,负全部责任,不负责任,1,贵A0BY67,白,1,贵A2288A,黑,自培,消防驾校,2006/4/5 0:00,2011/5/23 0:00,东风牌,江淮牌,366669000000000000 ,366368000000000000 ,198408,197502,16,6,3,周末,非高峰,2015-03-22,2015年3月22日,阵雨 /阵雨,19℃ / 10℃,东南风 ≤3级 /东风 ≤3级,阵雨,阵雨,19,10,东南风,≤3级,东风,≤3级,day
2015-03-22 14:55:00,小河,1、追尾的,负全部责任,不负责任,1,贵GR7865,白色,1,湘ATK825,黑色,自培,-1,2008/9/10 0:00,-1,长安牌,五菱牌,366363000000000000 ,74560500000000000 ,199005,198107,14,6,3,周末,非高峰,2015-03-22,2015年3月22日,阵雨 /阵雨,19℃ / 10℃,东南风 ≤3级 /东风 ≤3级,阵雨,阵雨,19,10,东南风,≤3级,东风,≤3级,day
2015-03-22 20:30:00,长岭南路,1、追尾的,负全部责任,不负责任,1,贵AU5993,绿,1,贵A7H174,白,自培,520117,2002/6/19 0:00,2009/6/23 0:00,金城牌,长安牌,366876000000000000 ,366273000000000000 ,197412,197305,20,6,3,周末,非高峰,2015-03-22,2015年3月22日,阵雨 /阵雨,19℃ / 10℃,东南风 ≤3级 /东风 ≤3级,阵雨,阵雨,19,10,东南风,≤3级,东风,≤3级,night
2015-03-22 22:00:00,飞山街,1、追尾的,负全部责任,不负责任,1,贵A7BJ32,白,1,贵A51Y57,银,自培,自培,2005/1/4 0:00,-1,炫威牌,比亚迪牌,364557000000000000 ,366068000000000000 ,196707,198601,22,6,3,周末,非高峰,2015-03-22,2015年3月22日,阵雨 /阵雨,19℃ / 10℃,东南风 ≤3级 /东风 ≤3级,阵雨,阵雨,19,10,东南风,≤3级,东风,≤3级,night
2015-03-23 00:00:00,次南门高架桥下,1、追尾的,负全部责任,不负责任,1,贵AR9364,白色,1,贵A53C57,白色,自培,-1,2000/3/3 0:00,-1,新鸽牌,东风标致牌,366575000000000000 ,36454800000000000 ,197706,198742,0,0,3,工作日,非高峰,2015-03-23,2015年3月23日,多云 /阴,17℃ / 9℃,东北风 ≤3级 /东北风 ≤3级,多云,阴,17,9,东北风,≤3级,东北风,≤3级,night
2015-03-23 10:00:00,白金大道,1、追尾的,负全部责任,不负责任,1,贵A6C533,银,1,贵JA6533,银,自培,-1,2012/1/10 0:00,-1,吉利牌,奇瑞牌,364558000000000000 ,506062000000000000 ,199206,197510,10,0,3,工作日,非高峰,2015-03-23,2015年3月23日,多云 /阴,17℃ / 9℃,东北风 ≤3级 /东北风 ≤3级,多云,阴,17,9,东北风,≤3级,东北风,≤3级,day
2015-03-23 13:20:00,白云区,3、倒车的,负全部责任,不负责任,1,贵A870G9,白,1,贵JBQ541,红,自培,消防驾校,2005/9/28 0:00,2011/3/21 0:00,福田牌,雪佛兰牌,36606251255456605X,364568000000000000 ,196110,198808,13,0,3,工作日,非高峰,2015-03-23,2015年3月23日,多云 /阴,17℃ / 9℃,东北风 ≤3级 /东北风 ≤3级,多云,阴,17,9,东北风,≤3级,东北风,≤3级,day
2015-03-22 03:20:00,中华南路,7、未按规定让行的 ,负全部责任,不负责任,1,贵AB8672,白色,1,贵AHJ594,白色,自培,自培,2001/11/15 0:00,2004/8/14 0:00,天马牌,雪佛兰牌,364548000000000000 ,364548000000000000 ,195902,198002,3,6,3,周末,非高峰,2015-03-22,2015年3月22日,阵雨 /阵雨,19℃ / 10℃,东南风 ≤3级 /东风 ≤3级,阵雨,阵雨,19,10,东南风,≤3级,东风,≤3级,night
2015-03-22 14:00:00,万东桥,1、追尾的,负全部责任,不负责任,1,贵AU8658,绿,1,贵AD2192,红,自培,自培,2007/6/8 0:00,2004/9/7 0:00,飞狐牌,昊锐牌,366068000000000000 ,364548000000000000 ,198412,196909,14,6,3,周末,非高峰,2015-03-22,2015年3月22日,阵雨 /阵雨,19℃ / 10℃,东南风 ≤3级 /东风 ≤3级,阵雨,阵雨,19,10,东南风,≤3级,东风,≤3级,day
2015-03-22 14:15:00,东二环,8、依法应负全责的其他情形,负全部责任,不负责任,1,贵A815A9,银,1,贵A88W85,蓝,自培,自培,2007/2/5 0:00,2000/7/15 0:00,东风牌,比亚迪牌,66967500000000000 ,36454751264340045X,198502,196205,14,6,3,周末,非高峰,2015-03-22,2015年3月22日,阵雨 /阵雨,19℃ / 10℃,东南风 ≤3级 /东风 ≤3级,阵雨,阵雨,19,10,东南风,≤3级,东风,≤3级,day
2015-03-23 15:30:00,中大广场,5、开关车门的,负全部责任,不负责任,1,贵AEV249,银,0,贵AHU145,银,自培,时发驾校,2005/5/10 0:00,2011/6/20 0:00,威志牌,沃尔沃牌,364547000000000000 ,364556000000000000 ,198111,198301,15,0,3,工作日,非高峰,2015-03-23,2015年3月23日,多云 /阴,17℃ / 9℃,东北风 ≤3级 /东北风 ≤3级,多云,阴,17,9,东北风,≤3级,东北风,≤3级,day
2015-03-23 13:00:00,车水路,7、未按规定让行的 ,负全部责任,不负责任,1,贵A9A898,白色,1,贵GL5531,白色,自培,贵州现代驾驶培训责任有限公司,2007/11/15 0:00,2013/6/14 0:00,金杯,思域牌,364547000000000000 ,364547000000000000 ,196402,198901,13,0,3,工作日,非高峰,2015-03-23,2015年3月23日,多云 /阴,17℃ / 9℃,东北风 ≤3级 /东北风 ≤3级,多云,阴,17,9,东北风,≤3级,东北风,≤3级,day
2015-03-23 15:10:00,金阳,8、依法应负全责的其他情形,负全部责任,不负责任,1,贵A9013R,黑,1,贵A68S15,黄,自培,-1,2007/9/4 0:00,-1,比亚迪牌,飞度牌,366068000000000000 ,376570000000000000 ,198704,198011,15,0,3,工作日,非高峰,2015-03-23,2015年3月23日,多云 /阴,17℃ / 9℃,东北风 ≤3级 /东北风 ≤3级,多云,阴,17,9,东北风,≤3级,东北风,≤3级,day
2015-03-23 17:13:00,偏颇,7、未按规定让行的 ,负全部责任,不负责任,1,贵A835C5,黄,1,贵A292B6,白,自培,-1,2004/8/30 0:00,-1,南骏牌,江淮牌,355661000000000000 ,366064000000000000 ,197405,198103,17,0,3,工作日,晚高峰(17-19点),2015-03-23,2015年3月23日,多云 /阴,17℃ / 9℃,东北风 ≤3级 /东北风 ≤3级,多云,阴,17,9,东北风,≤3级,东北风,≤3级,day
2015-03-24 08:10:00,甲秀南路,1、追尾的,负全部责任,不负责任,1,贵A12684,白色,1,贵AAC636,白色,自培,-1,2003/9/11 0:00,-1,帕萨特,安第斯牌,364556000000000000 ,36455600000000000 ,197801,198041,8,1,3,工作日,早高峰(7-9点),2015-03-24,2015年3月24日,小雨 /阵雨,13℃ / 7℃,东北风 ≤3级 /东北风 ≤3级,小雨,阵雨,13,7,东北风,≤3级,东北风,≤3级,day
2015-03-24 06:30:00,青云路,1、追尾的,负全部责任,不负责任,1,贵AU6598,白色,1,川ECF063,白色,自培,-1,2011/7/26 0:00,-1,松益牌,索兰托2359CC轻型客车 ,366669000000000000 ,354366000000000000 ,197903,197510,6,1,3,工作日,非高峰,2015-03-24,2015年3月24日,小雨 /阵雨,13℃ / 7℃,东北风 ≤3级 /东北风 ≤3级,小雨,阵雨,13,7,东北风,≤3级,东北风,≤3级,day
2015-03-24 10:30:00,湘雅村,7、未按规定让行的 ,负全部责任,不负责任,1,贵AEF293,白色,1,贵APE381,白色,自培,自培,2004/4/22 0:00,2010/1/28 0:00,起亚牌,众泰牌,364556000000000000 ,786167000000000000 ,196507,197010,10,1,3,工作日,非高峰,2015-03-24,2015年3月24日,小雨 /阵雨,13℃ / 7℃,东北风 ≤3级 /东北风 ≤3级,小雨,阵雨,13,7,东北风,≤3级,东北风,≤3级,day
2015-03-24 09:45:00,小河,3、倒车的,负全部责任,不负责任,1,贵A61195,白色,1,贵AM4526,白色,自培,-1,2001/5/21 0:00,-1,云马牌,豪爵牌,364547000000000000 ,3645460000000000 ,196807,601228,9,1,3,工作日,早高峰(7-9点),2015-03-24,2015年3月24日,小雨 /阵雨,13℃ / 7℃,东北风 ≤3级 /东北风 ≤3级,小雨,阵雨,13,7,东北风,≤3级,东北风,≤3级,day
2015-03-24 11:00:00,阳关,9、不符合前8款规定或者双方同时具有上述情形的,负同等责任,负同等责任,1,贵A3323Z,黄,1,贵A8275L,蓝,自培,消防驾校,2012/1/10 0:00,2010/7/19 0:00,朗风,长安牌,366368000000000000 ,364557000000000000 ,197903,198706,11,1,3,工作日,非高峰,2015-03-24,2015年3月24日,小雨 /阵雨,13℃ / 7℃,东北风 ≤3级 /东北风 ≤3级,小雨,阵雨,13,7,东北风,≤3级,东北风,≤3级,day
2015-03-24 10:00:00,长江路,7、未按规定让行的 ,负全部责任,不负责任,1,贵ACP699,白色,1,贵A2260B,白色,自培,贵州平安驾驶培训学校,2002/8/9 0:00,2011/4/28 0:00,南骏牌,飞度,364557000000000000 ,366067000000000000 ,197811,199110,10,1,3,工作日,非高峰,2015-03-24,2015年3月24日,小雨 /阵雨,13℃ / 7℃,东北风 ≤3级 /东北风 ≤3级,小雨,阵雨,13,7,东北风,≤3级,东北风,≤3级,day
2015-03-24 13:00:00,红岩桥,7、未按规定让行的 ,负全部责任,不负责任,1,贵A550C4,白色,1,贵A5329学,白色,自培,贵州现代驾驶培训责任有限公司,2011/7/7 0:00,2012/9/27 0:00,川路牌,-1,34466751165554747X,364548000000000000 ,199211,195807,13,1,3,工作日,非高峰,2015-03-24,2015年3月24日,小雨 /阵雨,13℃ / 7℃,东北风 ≤3级 /东北风 ≤3级,小雨,阵雨,13,7,东北风,≤3级,东北风,≤3级,day
2015-03-24 13:40:00,机场路,5、开关车门的,负全部责任,不负责任,1,贵ACJ364,红,1,贵AJ3924,蓝,自培,警官驾校,2004/6/12 0:00,2005/11/4 0:00,福特牌,东风标致牌,536766000000000000 ,364557000000000000 ,198108,197711,13,1,3,工作日,非高峰,2015-03-24,2015年3月24日,小雨 /阵雨,13℃ / 7℃,东北风 ≤3级 /东北风 ≤3级,小雨,阵雨,13,7,东北风,≤3级,东北风,≤3级,day
2015-03-24 10:00:00,东站,7、未按规定让行的 ,负全部责任,不负责任,1,贵A7643T,白色,1,贵JAP894,白色,自培,诚信驾驶培训学校,2004/3/29 0:00,2012/6/27 0:00,大地牌,福克斯牌,366361000000000000 ,364557000000000000 ,196602,199110,10,1,3,工作日,非高峰,2015-03-24,2015年3月24日,小雨 /阵雨,13℃ / 7℃,东北风 ≤3级 /东北风 ≤3级,小雨,阵雨,13,7,东北风,≤3级,东北风,≤3级,day
2015-03-24 16:25:00,南二环,7、未按规定让行的 ,负全部责任,不负责任,1,贵AKV918,白色,1,贵A85532,白色,自培,自培,2004/9/1 0:00,2008/8/14 0:00,江铃全顺牌,钱江牌,734766000000000000 ,364556000000000000 ,197408,198703,16,1,3,工作日,非高峰,2015-03-24,2015年3月24日,小雨 /阵雨,13℃ / 7℃,东北风 ≤3级 /东北风 ≤3级,小雨,阵雨,13,7,东北风,≤3级,东北风,≤3级,day
2015-03-24 14:00:00,涴沙桥,7、未按规定让行的 ,负全部责任,不负责任,1,贵AEC241,白,1,苏A3856D,银,自培,-1,2004/5/20 0:00,-1,福克斯,大众牌,35546751225554431X,74765500000000000 ,196611,197810,14,1,3,工作日,非高峰,2015-03-24,2015年3月24日,小雨 /阵雨,13℃ / 7℃,东北风 ≤3级 /东北风 ≤3级,小雨,阵雨,13,7,东北风,≤3级,东北风,≤3级,day
2015-03-24 15:32:00,小屯路,3、倒车的,负全部责任,不负责任,1,贵A130B2,白色,1,湖A274M5,白色,自培,-1,2002/7/2 0:00,-1,解放牌,别克牌,364648000000000000 ,7456560000000000 ,196810,181100,15,1,3,工作日,非高峰,2015-03-24,2015年3月24日,小雨 /阵雨,13℃ / 7℃,东北风 ≤3级 /东北风 ≤3级,小雨,阵雨,13,7,东北风,≤3级,东北风,≤3级,day