accidenttime,accidentaddr,driver1fault,driver1responsibility,driver2responsibility,sex1,platenumber1,carcolor1,sex2,platenumber2,carcolor2,jxmc1,jxmc2,cclzrq1,cclzrq2,clpp1,clpp2,driver1license,driver2license,brith1,brith2,hour,weekday,month,is_weekday,peak_hour,date,日期,天气状况,气温,风力风向,day_wea,night_wea,day_tep,night_tep,day_wind_direction,day_wind_speed,night_wind_direction,night_wind_speed,segment
2015-03-24 15:00:00,兴隆花园,3、倒车的,负全部责任,不负责任,1,贵AFS145,白色,1,贵ABH598,白色,自培,-1,2010/10/28 0:00,-1,长安牌,丰田牌,366067000000000000 ,36606051964145605X,198310,198209,15,1,3,工作日,非高峰,2015-03-24,2015年3月24日,小雨 /阵雨,13℃ / 7℃,东北风 ≤3级 /东北风 ≤3级,小雨,阵雨,13,7,东北风,≤3级,东北风,≤3级,day
2015-03-24 21:37:00,长江路,1、追尾的,负全部责任,不负责任,1,贵A23P36,白色,1,贵AHW046,白色,自培,自培,2007/7/31 0:00,2001/11/22 0:00,大众汽车牌,别克牌,355468000000000000 ,364547000000000000 ,197903,198205,21,1,3,工作日,非高峰,2015-03-24,2015年3月24日,小雨 /阵雨,13℃ / 7℃,东北风 ≤3级 /东北风 ≤3级,小雨,阵雨,13,7,东北风,≤3级,东北风,≤3级,night
2015-03-24 18:00:00,淮河路,3、倒车的,负全部责任,不负责任,1,贵AU6301,白色,1,贵AVJ376,白色,自培,毕节地区黔中驾校,2007/10/19 0:00,2008/11/12 0:00,恒通客车牌,东风雪铁龙牌,364047000000000000 ,366068000000000000 ,198305,198106,18,1,3,工作日,晚高峰(17-19点),2015-03-24,2015年3月24日,小雨 /阵雨,13℃ / 7℃,东北风 ≤3级 /东北风 ≤3级,小雨,阵雨,13,7,东北风,≤3级,东北风,≤3级,day
2015-03-23 18:30:00,百花大道,4、停车时未挂低速档、未拉驻车制动，导致车辆滑行的,负全部责任,不负责任,1,鲁Q9974W,银,1,贵AR7493,黑,自培,自培,2003/11/5 0:00,2004/1/14 0:00,\N,东风牌,785766000000000000 ,774797000000000000 ,198110,198511,18,0,3,工作日,晚高峰(17-19点),2015-03-23,2015年3月23日,多云 /阴,17℃ / 9℃,东北风 ≤3级 /东北风 ≤3级,多云,阴,17,9,东北风,≤3级,东北风,≤3级,day
2015-03-24 06:43:00,火车站,8、依法应负全责的其他情形,负全部责任,不负责任,1,贵A5517C,白色,1,贵A74W58,白色,自培,自培,2003/6/11 0:00,2005/5/30 0:00,解放牌,途安Touran牌,36687451225465665X,364548000000000000 ,196610,197011,6,1,3,工作日,非高峰,2015-03-24,2015年3月24日,小雨 /阵雨,13℃ / 7℃,东北风 ≤3级 /东北风 ≤3级,小雨,阵雨,13,7,东北风,≤3级,东北风,≤3级,day
2015-03-24 08:50:00,省府西路,1、追尾的,负全部责任,不负责任,1,贵AU8965,绿,1,贵A99419,银,自培,自培,2004/3/26 0:00,2004/10/13 0:00,瑞麒牌,时风牌,356169000000000000 ,364548000000000000 ,197801,197306,8,1,3,工作日,早高峰(7-9点),2015-03-24,2015年3月24日,小雨 /阵雨,13℃ / 7℃,东北风 ≤3级 /东北风 ≤3级,小雨,阵雨,13,7,东北风,≤3级,东北风,≤3级,day
2015-03-24 14:20:00,中曹司,1、追尾的,负全部责任,不负责任,1,贵A78432,白色,1,贵AM9932,白色,自培,自培,2002/7/12 0:00,2003/8/28 0:00,长安,迷你,366067000000000000 ,36454751955658646X,197108,198112,14,1,3,工作日,非高峰,2015-03-24,2015年3月24日,小雨 /阵雨,13℃ / 7℃,东北风 ≤3级 /东北风 ≤3级,小雨,阵雨,13,7,东北风,≤3级,东北风,≤3级,day
2015-03-24 17:24:00,观山西路,8、依法应负全责的其他情形,负全部责任,不负责任,1,贵A90547,白,1,贵CJF811,白,自培,-1,2006/1/9 0:00,-1,凌肯牌,大众汽车牌,366867000000000000 ,366546000000000000 ,197911,198803,17,1,3,工作日,晚高峰(17-19点),2015-03-24,2015年3月24日,小雨 /阵雨,13℃ / 7℃,东北风 ≤3级 /东北风 ≤3级,小雨,阵雨,13,7,东北风,≤3级,东北风,≤3级,day
2015-03-24 18:00:00,二铺,7、未按规定让行的 ,负全部责任,不负责任,1,贵GT3531,白,1,鄂FBR296,白,自培,-1,2011/11/8 0:00,-1,别克牌,五菱牌,366577000000000000 ,64265500000000000 ,198710,196705,18,1,3,工作日,晚高峰(17-19点),2015-03-24,2015年3月24日,小雨 /阵雨,13℃ / 7℃,东北风 ≤3级 /东北风 ≤3级,小雨,阵雨,13,7,东北风,≤3级,东北风,≤3级,day
2015-03-24 19:00:00,保利温泉,7、未按规定让行的 ,负全部责任,不负责任,1,贵A49S25,白色,1,贵AW3073,白色,自培,-1,2005/1/18 0:00,-1,夏朗,雅奇牌,364547000000000000 ,54167500000000000 ,198602,197407,19,1,3,工作日,晚高峰(17-19点),2015-03-24,2015年3月24日,小雨 /阵雨,13℃ / 7℃,东北风 ≤3级 /东北风 ≤3级,小雨,阵雨,13,7,东北风,≤3级,东北风,≤3级,day
2015-03-24 17:10:00,新添大道,7、未按规定让行的 ,负全部责任,不负责任,0,贵A93P17,红,1,贵A7H991,银,自培,（经开区）十一驾驶培训有限公司,2001/8/30 0:00,2009/3/22 0:00,大切诺基,吉利牌,364557000000000000 ,366067000000000000 ,197110,197409,17,1,3,工作日,晚高峰(17-19点),2015-03-24,2015年3月24日,小雨 /阵雨,13℃ / 7℃,东北风 ≤3级 /东北风 ≤3级,小雨,阵雨,13,7,东北风,≤3级,东北风,≤3级,day
2015-03-24 22:15:00,中华南路,7、未按规定让行的 ,负全部责任,不负责任,1,贵ADG774,白色,1,贵AV6323,白色,自培,520120,2003/3/3 0:00,2010/5/24 0:00,东风日产牌,大阳牌,36454651834743220X,364547000000000000 ,197503,199105,22,1,3,工作日,非高峰,2015-03-24,2015年3月24日,小雨 /阵雨,13℃ / 7℃,东北风 ≤3级 /东北风 ≤3级,小雨,阵雨,13,7,东北风,≤3级,东北风,≤3级,night
2015-03-25 08:05:00,贵乌路,1、追尾的,负全部责任,不负责任,1,贵AU6976,绿,1,贵A079C6,红,自培,-1,2002/2/7 0:00,-1,捷达牌,长城牌,57460500000000000 ,364548000000000000 ,197004,194404,8,2,3,工作日,早高峰(7-9点),2015-03-25,2015年3月25日,阴 /阵雨,14℃ / 9℃,东北风 ≤3级 /东北风 ≤3级,阴,阵雨,14,9,东北风,≤3级,东北风,≤3级,day
2015-03-25 00:00:00,四中门口,7、未按规定让行的 ,负全部责任,不负责任,1,贵CGV701,白,1,贵GM7143,白,自培,-1,2001/6/22 0:00,-1,大众汽车牌,丰田牌,366564000000000000 ,34767500000000000 ,197312,198511,0,2,3,工作日,非高峰,2015-03-25,2015年3月25日,阴 /阵雨,14℃ / 9℃,东北风 ≤3级 /东北风 ≤3级,阴,阵雨,14,9,东北风,≤3级,东北风,≤3级,night
2015-03-25 09:30:00,金阳北路,1、追尾的,负全部责任,不负责任,1,贵AE5774,白,1,贵A3BA37,白,自培,-1,2004/6/14 0:00,-1,东风日产牌,凯迪拉克牌,364548000000000000 ,76347500000000000 ,198510,198907,9,2,3,工作日,早高峰(7-9点),2015-03-25,2015年3月25日,阴 /阵雨,14℃ / 9℃,东北风 ≤3级 /东北风 ≤3级,阴,阵雨,14,9,东北风,≤3级,东北风,≤3级,day
2015-03-24 20:26:00,延安中路,1、追尾的,负全部责任,不负责任,1,贵GT6376,白,1,贵AU3477,绿,自培,自培,2000/6/10 0:00,2005/11/17 0:00,雪佛兰牌,奇瑞牌,364548000000000000 ,364556000000000000 ,195906,198503,20,1,3,工作日,非高峰,2015-03-24,2015年3月24日,小雨 /阵雨,13℃ / 7℃,东北风 ≤3级 /东北风 ≤3级,小雨,阵雨,13,7,东北风,≤3级,东北风,≤3级,night
2015-03-25 10:19:00,花果园,7、未按规定让行的 ,负全部责任,不负责任,1,贵A6874J,黑,1,贵AUA607,白,自培,文通驾校,2007/10/16 0:00,2011/8/19 0:00,吉利美日牌,丰田牌,364556000000000000 ,366368000000000000 ,197809,197503,10,2,3,工作日,非高峰,2015-03-25,2015年3月25日,阴 /阵雨,14℃ / 9℃,东北风 ≤3级 /东北风 ≤3级,阴,阵雨,14,9,东北风,≤3级,东北风,≤3级,day
2015-03-25 11:00:00,新添大道,3、倒车的,负全部责任,不负责任,1,贵A07155,白,1,贵A54F15,红,自培,新华驾校,2003/4/21 0:00,2012/11/13 0:00,长安,广汽菲亚特牌,364557000000000000 ,36455651144562445X,198402,199001,11,2,3,工作日,非高峰,2015-03-25,2015年3月25日,阴 /阵雨,14℃ / 9℃,东北风 ≤3级 /东北风 ≤3级,阴,阵雨,14,9,东北风,≤3级,东北风,≤3级,day
2015-03-25 12:00:00,望城坡,1、追尾的,负全部责任,不负责任,1,贵HAF784,白色,1,贵A62X63,白色,自培,自培,2004/2/29 0:00,2004/12/16 0:00,五菱牌,一汽佳星牌,366271000000000000 ,366068000000000000 ,197401,197404,12,2,3,工作日,非高峰,2015-03-25,2015年3月25日,阴 /阵雨,14℃ / 9℃,东北风 ≤3级 /东北风 ≤3级,阴,阵雨,14,9,东北风,≤3级,东北风,≤3级,day
2015-03-25 11:40:00,合群路,2、逆行的,负同等责任,负同等责任,1,贵A6BK00,蓝,1,贵GQ3132,银,自培,顺风驾校,2008/6/24 0:00,2014/8/14 0:00,丰田牌,五菱牌,36456551934568005X,364557000000000000 ,198501,198805,11,2,3,工作日,非高峰,2015-03-25,2015年3月25日,阴 /阵雨,14℃ / 9℃,东北风 ≤3级 /东北风 ≤3级,阴,阵雨,14,9,东北风,≤3级,东北风,≤3级,day
2015-03-25 10:00:00,奥体中心,7、未按规定让行的 ,负全部责任,不负责任,1,贵A6CB73,黑,1,贵GS6444,黑,自培,（南明区）吉源驾驶培训有限公司,2004/12/24 0:00,2010/12/6 0:00,东风标致牌,梅赛德斯-奔驰牌,364558000000000000 ,364557000000000000 ,198610,198811,10,2,3,工作日,非高峰,2015-03-25,2015年3月25日,阴 /阵雨,14℃ / 9℃,东北风 ≤3级 /东北风 ≤3级,阴,阵雨,14,9,东北风,≤3级,东北风,≤3级,day
2015-03-25 14:00:00,后巢乡,7、未按规定让行的 ,负全部责任,不负责任,1,贵ALQ037,白色,1,贵AB7919,白色,自培,顺一驾驶培训学校,2006/4/27 0:00,2004/5/29 0:00,朗逸牌,欧美佳,654941000000000000 ,364547000000000000 ,198109,198203,14,2,3,工作日,非高峰,2015-03-25,2015年3月25日,阴 /阵雨,14℃ / 9℃,东北风 ≤3级 /东北风 ≤3级,阴,阵雨,14,9,东北风,≤3级,东北风,≤3级,day
2015-03-25 14:30:00,白云区,1、追尾的,负全部责任,不负责任,1,贵A63216,银,1,浙J4C967,黑,自培,-1,2002/7/5 0:00,-1,新田,-1,364558000000000000 ,775468000000000000 ,196603,198306,14,2,3,工作日,非高峰,2015-03-25,2015年3月25日,阴 /阵雨,14℃ / 9℃,东北风 ≤3级 /东北风 ≤3级,阴,阵雨,14,9,东北风,≤3级,东北风,≤3级,day
2015-03-25 14:05:00,甲秀南路,1、追尾的,负全部责任,不负责任,1,贵AKB936,白,1,贵ABZ738,白,自培,-1,2002/11/21 0:00,-1,丰田牌,雅阁牌,36666251844167441X,05696151984855723X,197009,198707,14,2,3,工作日,非高峰,2015-03-25,2015年3月25日,阴 /阵雨,14℃ / 9℃,东北风 ≤3级 /东北风 ≤3级,阴,阵雨,14,9,东北风,≤3级,东北风,≤3级,day
2015-03-25 17:36:00,贵开路,7、未按规定让行的 ,负全部责任,不负责任,1,贵ANC538,黑,1,贵A9989J,白,自培,-1,2006/5/24 0:00,-1,雅阁牌,雪佛兰牌,366363000000000000 ,364558000000000000 ,196710,198910,17,2,3,工作日,晚高峰(17-19点),2015-03-25,2015年3月25日,阴 /阵雨,14℃ / 9℃,东北风 ≤3级 /东北风 ≤3级,阴,阵雨,14,9,东北风,≤3级,东北风,≤3级,day
2015-03-25 14:00:00,火车站,3、倒车的,负全部责任,不负责任,1,贵GH8631,白色,1,贵AGU602,白色,自培,-1,2004/8/23 0:00,-1,凯迪拉克,揽胜极光,734597000000000000 ,364546000000000 ,197107,551123,14,2,3,工作日,非高峰,2015-03-25,2015年3月25日,阴 /阵雨,14℃ / 9℃,东北风 ≤3级 /东北风 ≤3级,阴,阵雨,14,9,东北风,≤3级,东北风,≤3级,day
2015-03-25 16:00:00,白云区,8、依法应负全责的其他情形,负全部责任,不负责任,1,贵AUA445,黄,1,贵A1179A,银,自培,-1,2002/11/14 0:00,-1,吉利美日牌,别克牌,364558000000000000 ,354366000000000000 ,196912,198311,16,2,3,工作日,非高峰,2015-03-25,2015年3月25日,阴 /阵雨,14℃ / 9℃,东北风 ≤3级 /东北风 ≤3级,阴,阵雨,14,9,东北风,≤3级,东北风,≤3级,day
2015-03-25 20:00:00,北京路,1、追尾的,负全部责任,不负责任,1,贵QQ3905,红,1,贵A71P48,白,自培,全林驾校,2004/8/4 0:00,2014/9/25 0:00,-1,启辰牌,364548000000000000 ,364648000000000000 ,198210,198003,20,2,3,工作日,非高峰,2015-03-25,2015年3月25日,阴 /阵雨,14℃ / 9℃,东北风 ≤3级 /东北风 ≤3级,阴,阵雨,14,9,东北风,≤3级,东北风,≤3级,night
2015-03-26 08:47:00,北京路,7、未按规定让行的 ,负全部责任,不负责任,0,贵AL5383,白,1,贵A72E29,银,自培,消防驾校,2002/1/29 0:00,2014/8/20 0:00,东风日产牌,东风标致,364548000000000000 ,364556000000000000 ,197611,197609,8,3,3,工作日,早高峰(7-9点),2015-03-26,2015年3月26日,阴 /阵雨,17℃ / 12℃,南风 ≤3级 /南风 ≤3级,阴,阵雨,17,12,南风,≤3级,南风,≤3级,day
2015-03-26 09:00:00,八公里,1、追尾的,负全部责任,不负责任,1,贵A463F5,白色,1,贵A5636Y,黑色,自培,金大驾校,2003/7/15 0:00,2014/4/21 0:00,解放牌,宝骏牌,36455551974353425X,366368000000000000 ,198305,197204,9,3,3,工作日,早高峰(7-9点),2015-03-26,2015年3月26日,阴 /阵雨,17℃ / 12℃,南风 ≤3级 /南风 ≤3级,阴,阵雨,17,12,南风,≤3级,南风,≤3级,day
2015-03-26 10:00:00,二戈寨,8、依法应负全责的其他情形,负全部责任,不负责任,1,贵A63V95,白色,1,贵A7433Z,白色,自培,路路达驾校,2000/1/12 0:00,2014/5/15 0:00,宝马牌,华泰圣达菲牌,357466000000000000 ,364557000000000000 ,195503,196402,10,3,3,工作日,非高峰,2015-03-26,2015年3月26日,阴 /阵雨,17℃ / 12℃,南风 ≤3级 /南风 ≤3级,阴,阵雨,17,12,南风,≤3级,南风,≤3级,day
2015-03-25 00:00:00,金竹镇,8、依法应负全责的其他情形,负全部责任,不负责任,1,贵AKJ255,白色,1,贵AGD128,黑色,自培,自培,2006/4/25 0:00,2005/5/26 0:00,解放牌,朗逸牌,706646000000000000 ,36606651874667525X,197309,197302,0,2,3,工作日,非高峰,2015-03-25,2015年3月25日,阴 /阵雨,14℃ / 9℃,东北风 ≤3级 /东北风 ≤3级,阴,阵雨,14,9,东北风,≤3级,东北风,≤3级,night
2015-03-25 08:00:00,园林路,8、依法应负全责的其他情形,负全部责任,不负责任,1,贵AAS775,白色,1,贵ANP353,白色,自培,自培,2002/6/24 0:00,2000/12/14 0:00,东南牌,宝马,364547000000000000 ,356376000000000000 ,197212,197410,8,2,3,工作日,早高峰(7-9点),2015-03-25,2015年3月25日,阴 /阵雨,14℃ / 9℃,东北风 ≤3级 /东北风 ≤3级,阴,阵雨,14,9,东北风,≤3级,东北风,≤3级,day
2015-03-25 17:35:00,阳关,1、追尾的,负全部责任,不负责任,1,贵AKR894,黑,1,贵A1164A,银,自培,自培,2003/6/10 0:00,2006/8/9 0:00,丰田牌,长城牌,364557000000000000 ,364557000000000000 ,197301,198410,17,2,3,工作日,晚高峰(17-19点),2015-03-25,2015年3月25日,阴 /阵雨,14℃ / 9℃,东北风 ≤3级 /东北风 ≤3级,阴,阵雨,14,9,东北风,≤3级,东北风,≤3级,day
2015-03-26 11:30:00,黔林山路,1、追尾的,负全部责任,不负责任,0,贵A9818H,银,1,贵A6620F,红,自培,贵州现代驾驶培训责任有限公司,2006/7/10 0:00,2012/12/10 0:00,长安牌,雪佛兰牌,364557000000000000 ,366664000000000000 ,197702,198410,11,3,3,工作日,非高峰,2015-03-26,2015年3月26日,阴 /阵雨,17℃ / 12℃,南风 ≤3级 /南风 ≤3级,阴,阵雨,17,12,南风,≤3级,南风,≤3级,day
2015-03-26 13:30:00,机场,3、倒车的,负全部责任,不负责任,1,贵AU3665,白色,1,贵A51V58,白色,自培,520123,2000/3/26 0:00,2009/2/11 0:00,劲隆牌,帕纳美拉,364548000000000000 ,364551000000000000 ,198003,198911,13,3,3,工作日,非高峰,2015-03-26,2015年3月26日,阴 /阵雨,17℃ / 12℃,南风 ≤3级 /南风 ≤3级,阴,阵雨,17,12,南风,≤3级,南风,≤3级,day
2015-03-26 13:33:00,金钟桥,7、未按规定让行的 ,负全部责任,不负责任,1,贵A7108学,白,1,贵A4581R,红,自培,消防驾校,2004/11/1 0:00,2010/6/12 0:00,-1,五菱牌,354675000000000000 ,364557000000000000 ,196808,199007,13,3,3,工作日,非高峰,2015-03-26,2015年3月26日,阴 /阵雨,17℃ / 12℃,南风 ≤3级 /南风 ≤3级,阴,阵雨,17,12,南风,≤3级,南风,≤3级,day
2015-03-26 08:40:00,市公安局,7、未按规定让行的 ,负全部责任,不负责任,1,贵AW6719,银,1,贵GX9108,银,自培,-1,2004/8/18 0:00,-1,东风牌,风神牌,36454651274664565X,35546951904258002X,196302,198406,8,3,3,工作日,早高峰(7-9点),2015-03-26,2015年3月26日,阴 /阵雨,17℃ / 12℃,南风 ≤3级 /南风 ≤3级,阴,阵雨,17,12,南风,≤3级,南风,≤3级,day
2015-03-26 14:00:00,三桥,8、依法应负全责的其他情形,负全部责任,不负责任,1,贵A267A1,白,1,贵A15Y78,白,自培,新天驾校,2006/12/30 0:00,2013/12/18 0:00,江铃牌,江铃全顺牌,364557000000000000 ,366367000000000000 ,198712,198207,14,3,3,工作日,非高峰,2015-03-26,2015年3月26日,阴 /阵雨,17℃ / 12℃,南风 ≤3级 /南风 ≤3级,阴,阵雨,17,12,南风,≤3级,南风,≤3级,day
2015-03-26 15:00:00,油小线,8、依法应负全责的其他情形,负全部责任,不负责任,1,贵A99386,白,0,贵APZ762,银,自培,青正驾校,2004/6/21 0:00,2011/8/11 0:00,南骏牌,华泰圣达菲牌,364547000000000000 ,366564000000000000 ,196909,197207,15,3,3,工作日,非高峰,2015-03-26,2015年3月26日,阴 /阵雨,17℃ / 12℃,南风 ≤3级 /南风 ≤3级,阴,阵雨,17,12,南风,≤3级,南风,≤3级,day
2015-03-26 17:00:00,沙冲路,1、追尾的,负全部责任,不负责任,1,贵AW3198,白色,1,贵A33K13,白色,自培,消防驾校,2006/9/5 0:00,2011/7/6 0:00,奇瑞牌,中华牌,364556000000000000 ,366562000000000000 ,198310,197311,17,3,3,工作日,晚高峰(17-19点),2015-03-26,2015年3月26日,阴 /阵雨,17℃ / 12℃,南风 ≤3级 /南风 ≤3级,阴,阵雨,17,12,南风,≤3级,南风,≤3级,day
2015-03-26 17:10:00,曹关,1、追尾的,负全部责任,不负责任,0,贵A460F8,黑,0,贵AMV824,黑,自培,全林驾校,2002/8/13 0:00,2012/4/12 0:00,江淮牌,长城牌,366566000000000000 ,364557000000000000 ,198204,197511,17,3,3,工作日,晚高峰(17-19点),2015-03-26,2015年3月26日,阴 /阵雨,17℃ / 12℃,南风 ≤3级 /南风 ≤3级,阴,阵雨,17,12,南风,≤3级,南风,≤3级,day
2015-03-30 00:00:00,中曹司大桥,1、追尾的,负全部责任,不负责任,1,贵GJ535P,白色,1,贵A66Y59,白色,自培,-1,2009/9/10 0:00,-1,-1,中华牌,36634551814056725X,36454800000000000 ,197904,198108,0,0,3,工作日,非高峰,2015-03-30,2015年3月30日,晴 /多云,24℃ / 17℃,南风 ≤3级 /南风 ≤3级,晴,多云,24,17,南风,≤3级,南风,≤3级,night
2015-03-26 14:15:00,火车站,8、依法应负全责的其他情形,负全部责任,不负责任,1,贵AU0673,白色,1,贵AU0228,白色,自培,-1,2004/5/9 0:00,-1,万达牌,嘉陵,364556000000000000 ,364548000000000000 ,197507,196908,14,3,3,工作日,非高峰,2015-03-26,2015年3月26日,阴 /阵雨,17℃ / 12℃,南风 ≤3级 /南风 ≤3级,阴,阵雨,17,12,南风,≤3级,南风,≤3级,day
2015-03-26 14:00:00,黄河路,7、未按规定让行的 ,负全部责任,不负责任,1,贵ANT909,白色,1,贵AC922F,白色,自培,-1,2005/2/2 0:00,-1,长安牌,荣威牌,366363000000000000 ,366362000000000000 ,197108,198712,14,3,3,工作日,非高峰,2015-03-26,2015年3月26日,阴 /阵雨,17℃ / 12℃,南风 ≤3级 /南风 ≤3级,阴,阵雨,17,12,南风,≤3级,南风,≤3级,day
2015-03-26 15:00:00,新印厂,7、未按规定让行的 ,负全部责任,不负责任,1,贵AHT898,银,1,贵AU8011,蓝,自培,-1,2001/10/22 0:00,-1,雷克萨斯,跃进牌,364548000000000000 ,366064000000000000 ,196709,198108,15,3,3,工作日,非高峰,2015-03-26,2015年3月26日,阴 /阵雨,17℃ / 12℃,南风 ≤3级 /南风 ≤3级,阴,阵雨,17,12,南风,≤3级,南风,≤3级,day
2015-03-26 20:30:00,大营坡,7、未按规定让行的 ,负全部责任,不负责任,1,贵ARC141,黑,1,贵A29J33,白,自培,吉源驾校,2003/8/19 0:00,2014/1/24 0:00,五菱牌,长安牌,366561000000000000 ,74265500000000000 ,197609,198203,20,3,3,工作日,非高峰,2015-03-26,2015年3月26日,阴 /阵雨,17℃ / 12℃,南风 ≤3级 /南风 ≤3级,阴,阵雨,17,12,南风,≤3级,南风,≤3级,night
2015-03-26 22:00:00,青年路,3、倒车的,负全部责任,不负责任,1,贵AU0327,红色,1,贵ARP775,白色,自培,预约考试窗口,2003/12/12 0:00,2006/12/30 0:00,万达牌,长安牌,364547000000000000 ,364548000000000000 ,196101,197002,22,3,3,工作日,非高峰,2015-03-26,2015年3月26日,阴 /阵雨,17℃ / 12℃,南风 ≤3级 /南风 ≤3级,阴,阵雨,17,12,南风,≤3级,南风,≤3级,night
2015-03-27 00:00:00,花溪,7、未按规定让行的 ,负全部责任,不负责任,1,贵AEE550,白色,1,贵ADN139,白色,自培,鑫鑫驾校,2004/8/28 0:00,2014/3/5 0:00,雪佛兰牌,五菱牌,366364000000000000 ,366364000000000000 ,195906,197012,0,4,3,工作日,非高峰,2015-03-27,2015年3月27日,阵雨 /阵雨,18℃ / 13℃,南风 ≤3级 /南风 ≤3级,阵雨,阵雨,18,13,南风,≤3级,南风,≤3级,night
2015-03-27 08:30:00,二戈寨,7、未按规定让行的 ,负全部责任,不负责任,1,贵A9G651,黑色,1,贵ALC221,白色,自培,预约考试窗口,2003/9/15 0:00,2006/11/28 0:00,-1,思威牌,366561000000000000 ,364551000000000000 ,197507,197512,8,4,3,工作日,早高峰(7-9点),2015-03-27,2015年3月27日,阵雨 /阵雨,18℃ / 13℃,南风 ≤3级 /南风 ≤3级,阵雨,阵雨,18,13,南风,≤3级,南风,≤3级,day
2015-03-26 08:20:00,小河平桥,7、未按规定让行的 ,负全部责任,不负责任,1,贵A19L16,白色,1,贵AA1304,白色,自培,自培,2003/2/26 0:00,2004/5/18 0:00,一汽佳星牌,马自达牌,366577000000000000 ,364557000000000000 ,196603,197002,8,3,3,工作日,早高峰(7-9点),2015-03-26,2015年3月26日,阴 /阵雨,17℃ / 12℃,南风 ≤3级 /南风 ≤3级,阴,阵雨,17,12,南风,≤3级,南风,≤3级,day
2015-03-26 10:30:00,西二环,7、未按规定让行的 ,负全部责任,不负责任,1,贵A536F1,白色,1,贵A2073V,白色,自培,自培,2003/11/20 0:00,2008/2/22 0:00,福田牌,松花江,364558000000000000 ,364551000000000000 ,197906,198611,10,3,3,工作日,非高峰,2015-03-26,2015年3月26日,阴 /阵雨,17℃ / 12℃,南风 ≤3级 /南风 ≤3级,阴,阵雨,17,12,南风,≤3级,南风,≤3级,day
2015-03-26 13:36:00,二铺,7、未按规定让行的 ,负全部责任,不负责任,1,贵A7470G,银,0,贵ARM663,白,自培,自培,2010/1/19 0:00,2004/11/23 0:00,五菱牌,大众汽车牌,366864000000000000 ,364551000000000000 ,198808,198301,13,3,3,工作日,非高峰,2015-03-26,2015年3月26日,阴 /阵雨,17℃ / 12℃,南风 ≤3级 /南风 ≤3级,阴,阵雨,17,12,南风,≤3级,南风,≤3级,day
2015-03-26 09:50:00,野猫井,8、依法应负全责的其他情形,负全部责任,不负责任,1,贵AEP413,白色,1,贵A13N61,白色,自培,自培,2008/7/3 0:00,2006/7/20 0:00,别克牌,大众汽车牌,366061000000000000 ,366347000000000000 ,198911,197103,9,3,3,工作日,早高峰(7-9点),2015-03-26,2015年3月26日,阴 /阵雨,17℃ / 12℃,南风 ≤3级 /南风 ≤3级,阴,阵雨,17,12,南风,≤3级,南风,≤3级,day
2015-03-27 16:00:00,沙冲路,1、追尾的,负全部责任,不负责任,1,贵A82R93,白色,1,贵A7W08,白色,自培,顺一驾驶培训学校,2001/7/23 0:00,2014/12/22 0:00,别克牌,-1,364548000000000000 ,364547000000000000 ,196710,196306,16,4,3,工作日,非高峰,2015-03-27,2015年3月27日,阵雨 /阵雨,18℃ / 13℃,南风 ≤3级 /南风 ≤3级,阵雨,阵雨,18,13,南风,≤3级,南风,≤3级,day
2015-03-27 14:30:00,智慧龙城,8、依法应负全责的其他情形,负全部责任,不负责任,1,贵JVS333,黑,0,贵AEC279,黑,自培,-1,2012/11/21 0:00,-1,-1,东风日产牌,364548000000000000 ,726347000000000000 ,198903,199312,14,4,3,工作日,非高峰,2015-03-27,2015年3月27日,阵雨 /阵雨,18℃ / 13℃,南风 ≤3级 /南风 ≤3级,阵雨,阵雨,18,13,南风,≤3级,南风,≤3级,day
2015-03-27 15:30:00,八公里,8、依法应负全责的其他情形,负全部责任,不负责任,1,渝BG5869,白色,1,贵AU5123,白色,自培,消防驾校,2003/5/10 0:00,1997/10/5 0:00,江淮牌 ,蜀都牌,366367000000000000 ,364547000000000000 ,198201,197502,15,4,3,工作日,非高峰,2015-03-27,2015年3月27日,阵雨 /阵雨,18℃ / 13℃,南风 ≤3级 /南风 ≤3级,阵雨,阵雨,18,13,南风,≤3级,南风,≤3级,day
2015-03-27 12:10:00,二环路,7、未按规定让行的 ,负全部责任,不负责任,1,贵A0202R,银,1,贵BW9358,白,自培,瓮安县江沣机动车驾驶培训学校有限公司,2001/12/13 0:00,2012/12/29 0:00,英伦牌,奥迪牌,36466551275655443X,366668000000000000 ,196312,198610,12,4,3,工作日,非高峰,2015-03-27,2015年3月27日,阵雨 /阵雨,18℃ / 13℃,南风 ≤3级 /南风 ≤3级,阵雨,阵雨,18,13,南风,≤3级,南风,≤3级,day
2015-03-27 16:00:00,金阳,8、依法应负全责的其他情形,负全部责任,不负责任,1,湘J15279,黑,1,贵A68N48,白,自培,-1,2006/11/17 0:00,-1,无,捷豹XF,36346500000000000 ,366064000000000000 ,198706,199205,16,4,3,工作日,非高峰,2015-03-27,2015年3月27日,阵雨 /阵雨,18℃ / 13℃,南风 ≤3级 /南风 ≤3级,阵雨,阵雨,18,13,南风,≤3级,南风,≤3级,day