accidenttime,accidentaddr,driver1fault,driver1responsibility,driver2responsibility,sex1,platenumber1,carcolor1,sex2,platenumber2,carcolor2,jxmc1,jxmc2,cclzrq1,cclzrq2,clpp1,clpp2,driver1license,driver2license,brith1,brith2,hour,weekday,month,is_weekday,peak_hour,date,日期,天气状况,气温,风力风向,day_wea,night_wea,day_tep,night_tep,day_wind_direction,day_wind_speed,night_wind_direction,night_wind_speed,segment
2015-03-27 17:00:00,会展城,7、未按规定让行的 ,负全部责任,不负责任,1,贵A1483K,黄,1,贵A4481B,白,自培,消防驾校,2006/8/29 0:00,2014/11/4 0:00,宝马,三菱牌,364558000000000000 ,364557000000000000 ,198603,196904,17,4,3,工作日,晚高峰(17-19点),2015-03-27,2015年3月27日,阵雨 /阵雨,18℃ / 13℃,南风 ≤3级 /南风 ≤3级,阵雨,阵雨,18,13,南风,≤3级,南风,≤3级,day
2015-03-27 18:30:00,白云区,7、未按规定让行的 ,负全部责任,不负责任,1,贵A536C4,白,1,贵AB646W,黑,自培,路路达驾校,2004/2/18 0:00,2014/9/12 0:00,东风牌,吉利牌,366068000000000000 ,364568000000000000 ,198207,198804,18,4,3,工作日,晚高峰(17-19点),2015-03-27,2015年3月27日,阵雨 /阵雨,18℃ / 13℃,南风 ≤3级 /南风 ≤3级,阵雨,阵雨,18,13,南风,≤3级,南风,≤3级,day
2015-03-27 17:00:00,小河平桥,7、未按规定让行的 ,负全部责任,不负责任,1,贵AAP227,白色,1,贵AAA633,白色,自培,西华县神龙驾校,2004/6/14 0:00,2009/5/4 0:00,钱江牌,雅阁牌,366875000000000000 ,56860500000000000 ,197901,197703,17,4,3,工作日,晚高峰(17-19点),2015-03-27,2015年3月27日,阵雨 /阵雨,18℃ / 13℃,南风 ≤3级 /南风 ≤3级,阵雨,阵雨,18,13,南风,≤3级,南风,≤3级,day
2015-03-27 18:20:00,大营坡,7、未按规定让行的 ,负全部责任,不负责任,1,贵AHH772,白,1,贵AU7910,白,自培,（南明区）长安驾驶培训有限公司,2006/6/1 0:00,2000/5/17 0:00,沃尔沃牌,海格牌,366666000000000000 ,366367000000000000 ,196302,196811,18,4,3,工作日,晚高峰(17-19点),2015-03-27,2015年3月27日,阵雨 /阵雨,18℃ / 13℃,南风 ≤3级 /南风 ≤3级,阵雨,阵雨,18,13,南风,≤3级,南风,≤3级,day
2015-03-27 15:30:00,贵惠大道,8、依法应负全责的其他情形,负全部责任,不负责任,1,渝CH6947,红,1,贵FG8150,白,自培,预约考试窗口,2000/10/12 0:00,2007/2/25 0:00,雪佛兰牌,福田牌,366662000000000000 ,366347000000000000 ,197305,197708,15,4,3,工作日,非高峰,2015-03-27,2015年3月27日,阵雨 /阵雨,18℃ / 13℃,南风 ≤3级 /南风 ≤3级,阵雨,阵雨,18,13,南风,≤3级,南风,≤3级,day
2015-03-27 18:30:00,红岩路,8、依法应负全责的其他情形,负全部责任,不负责任,1,贵A234D6,银,1,贵FX1075,黑,自培,-1,2006/12/30 0:00,-1,长安牌,桑塔纳,256046000000000000 ,364548000000000000 ,197603,197902,18,4,3,工作日,晚高峰(17-19点),2015-03-27,2015年3月27日,阵雨 /阵雨,18℃ / 13℃,南风 ≤3级 /南风 ≤3级,阵雨,阵雨,18,13,南风,≤3级,南风,≤3级,day
2015-03-27 18:05:00,八匹马,7、未按规定让行的 ,负全部责任,不负责任,1,闽A2676S,银,1,贵FS5170,银,自培,-1,2010/11/23 0:00,-1,五菱牌,吉利美日牌,734596000000000000 ,366063518 ,197804,197,18,4,3,工作日,晚高峰(17-19点),2015-03-27,2015年3月27日,阵雨 /阵雨,18℃ / 13℃,南风 ≤3级 /南风 ≤3级,阵雨,阵雨,18,13,南风,≤3级,南风,≤3级,day
2015-03-27 17:30:00,贵惠大道,9、不符合前8款规定或者双方同时具有上述情形的,负同等责任,负同等责任,1,贵GT4383,白色,1,贵AR0293,白色,自培,-1,2010/5/26 0:00,-1,宝马牌,千里马牌,366069000000000000 ,355468000000000000 ,198101,197310,17,4,3,工作日,晚高峰(17-19点),2015-03-27,2015年3月27日,阵雨 /阵雨,18℃ / 13℃,南风 ≤3级 /南风 ≤3级,阵雨,阵雨,18,13,南风,≤3级,南风,≤3级,day
2015-03-28 08:25:00,观山东路,7、未按规定让行的 ,负全部责任,不负责任,1,贵AJ14919,银,1,贵AUA337,黄,自培,鑫鑫驾校（花溪区）,2002/4/27 0:00,2005/6/2 0:00,-1,吉利美日牌,364547000000000000 ,366562000000000000 ,198310,198305,8,5,3,工作日,早高峰(7-9点),2015-03-28,2015年3月28日,阵雨 /雷阵雨,17℃ / 14℃,南风 ≤3级 /南风 ≤3级,阵雨,雷阵雨,17,14,南风,≤3级,南风,≤3级,day
2015-03-28 11:20:00,花溪大道,7、未按规定让行的 ,负全部责任,不负责任,1,贵ATS422,白色,1,贵A98N87,白色,自培,自培,2004/8/18 0:00,2003/9/26 0:00,雪佛兰牌,梅赛德斯-奔驰,366562000000000000 ,254769000000000000 ,197010,196711,11,5,3,工作日,非高峰,2015-03-28,2015年3月28日,阵雨 /雷阵雨,17℃ / 14℃,南风 ≤3级 /南风 ≤3级,阵雨,雷阵雨,17,14,南风,≤3级,南风,≤3级,day
2015-03-28 12:40:00,花果园,8、依法应负全责的其他情形,负全部责任,不负责任,1,贵AWY524,白,1,贵A63L91,白,自培,贵州现代驾驶培训责任有限公司,2002/12/6 0:00,2012/12/11 0:00,一汽佳星牌,东风日产牌,366066000000000000 ,364547000000000000 ,197305,199005,12,5,3,工作日,非高峰,2015-03-28,2015年3月28日,阵雨 /雷阵雨,17℃ / 14℃,南风 ≤3级 /南风 ≤3级,阵雨,雷阵雨,17,14,南风,≤3级,南风,≤3级,day
2015-03-28 11:00:00,长江路,1、追尾的,负全部责任,不负责任,1,贵A7BW30,白色,1,渝C7Q657,白色,自培,-1,2013/9/4 0:00,-1,马自达牌,长城牌,364551000000000000 ,356761000000000000 ,199105,198108,11,5,3,工作日,非高峰,2015-03-28,2015年3月28日,阵雨 /雷阵雨,17℃ / 14℃,南风 ≤3级 /南风 ≤3级,阵雨,雷阵雨,17,14,南风,≤3级,南风,≤3级,day
2015-03-28 09:30:00,北京华联,9、不符合前8款规定或者双方同时具有上述情形的,负同等责任,负同等责任,1,贵GE7728,银,0,贵FAE731,白,自培,-1,2002/12/3 0:00,-1,红旗牌,长安牌,36657651864142485X,736648000000000000 ,197209,199208,9,5,3,工作日,早高峰(7-9点),2015-03-28,2015年3月28日,阵雨 /雷阵雨,17℃ / 14℃,南风 ≤3级 /南风 ≤3级,阵雨,雷阵雨,17,14,南风,≤3级,南风,≤3级,day
2015-03-28 12:10:00,沙冲路,1、追尾的,负全部责任,不负责任,1,贵A5AC84,白色,1,贵ALJ977,白色,自培,-1,2002/9/24 0:00,-1,东风雪铁龙牌,夏利牌,364556000000000000 ,364557000000000000 ,197709,197403,12,5,3,工作日,非高峰,2015-03-28,2015年3月28日,阵雨 /雷阵雨,17℃ / 14℃,南风 ≤3级 /南风 ≤3级,阵雨,雷阵雨,17,14,南风,≤3级,南风,≤3级,day
2015-03-28 10:24:00,美的财富中心,8、依法应负全责的其他情形,负全部责任,不负责任,1,贵A3H060,白,0,贵AH7515,白,自培,-1,2006/3/3 0:00,-1,-1,丰田牌,364556000000000000 ,364544000000 ,197712,430354,10,5,3,工作日,非高峰,2015-03-28,2015年3月28日,阵雨 /雷阵雨,17℃ / 14℃,南风 ≤3级 /南风 ≤3级,阵雨,雷阵雨,17,14,南风,≤3级,南风,≤3级,day
2015-03-28 13:00:00,西南环线,9、不符合前8款规定或者双方同时具有上述情形的,负同等责任,负同等责任,1,渝BN9457,白色,1,贵A99A17,白色,自培,-1,2002/6/19 0:00,-1,无,比亚迪牌,376570000000000000 ,366869000000000000 ,197606,196050,13,5,3,工作日,非高峰,2015-03-28,2015年3月28日,阵雨 /雷阵雨,17℃ / 14℃,南风 ≤3级 /南风 ≤3级,阵雨,雷阵雨,17,14,南风,≤3级,南风,≤3级,day
2015-03-28 15:36:00,曹状元街,3、倒车的,负全部责任,不负责任,1,贵AHE972,黑,1,贵AW2719,白,自培,-1,2007/7/10 0:00,-1,三菱牌,本田,355466000000000000 ,366061000000000000 ,197104,198812,15,5,3,工作日,非高峰,2015-03-28,2015年3月28日,阵雨 /雷阵雨,17℃ / 14℃,南风 ≤3级 /南风 ≤3级,阵雨,雷阵雨,17,14,南风,≤3级,南风,≤3级,day
2015-03-28 16:00:00,花溪,1、追尾的,负全部责任,不负责任,1,贵A95510,白色,1,川AKQ302,白色,自培,-1,2002/7/11 0:00,-1,豪泺牌,别克牌 ,364556000000000000 ,506876000000000000 ,197408,198109,16,5,3,工作日,非高峰,2015-03-28,2015年3月28日,阵雨 /雷阵雨,17℃ / 14℃,南风 ≤3级 /南风 ≤3级,阵雨,雷阵雨,17,14,南风,≤3级,南风,≤3级,day
2015-03-28 12:20:00,花果园,1、追尾的,负全部责任,不负责任,1,贵JE6473,白,1,贵ASA578,白,自培,-1,2008/2/26 0:00,-1,北京现代牌,帕萨特牌,366864000000000000 ,774797000000000000 ,197904,197911,12,5,3,工作日,非高峰,2015-03-28,2015年3月28日,阵雨 /雷阵雨,17℃ / 14℃,南风 ≤3级 /南风 ≤3级,阵雨,雷阵雨,17,14,南风,≤3级,南风,≤3级,day
2015-03-27 10:50:00,北京大道,1、追尾的,负全部责任,不负责任,0,贵A27Z59,白,1,贵AUV285,白,自培,自培,2004/12/30 0:00,2003/5/31 0:00,东风日产牌,宝马牌,364558000000000000 ,366361000000000000 ,198302,198206,10,4,3,工作日,非高峰,2015-03-27,2015年3月27日,阵雨 /阵雨,18℃ / 13℃,南风 ≤3级 /南风 ≤3级,阵雨,阵雨,18,13,南风,≤3级,南风,≤3级,day
2015-03-27 16:20:00,师大,9、不符合前8款规定或者双方同时具有上述情形的,负同等责任,负同等责任,1,贵FV6836,银,1,贵AA5431,红,自培,自培,2004/11/17 0:00,2002/11/19 0:00,大众牌,金轮,366368000000000000 ,364558000000000000 ,198209,197412,16,4,3,工作日,非高峰,2015-03-27,2015年3月27日,阵雨 /阵雨,18℃ / 13℃,南风 ≤3级 /南风 ≤3级,阵雨,阵雨,18,13,南风,≤3级,南风,≤3级,day
2015-03-28 14:30:00,北京西路,7、未按规定让行的 ,负全部责任,不负责任,1,贵AA832U,银,1,贵AU6205,绿,自培,消防驾校,2014/8/19 0:00,2000/2/24 0:00,奇瑞牌,黄海牌,366064000000000000 ,364557000000000000 ,197904,197103,14,5,3,工作日,非高峰,2015-03-28,2015年3月28日,阵雨 /雷阵雨,17℃ / 14℃,南风 ≤3级 /南风 ≤3级,阵雨,雷阵雨,17,14,南风,≤3级,南风,≤3级,day
2015-03-28 17:56:00,瑞金中路,7、未按规定让行的 ,负全部责任,不负责任,1,贵AU8797,蓝,1,贵AU4521,蓝,自培,520129,2000/7/12 0:00,2004/12/13 0:00,豪爵牌,神鹰牌,366864000000000000 ,364548000000000000 ,196307,197502,17,5,3,工作日,晚高峰(17-19点),2015-03-28,2015年3月28日,阵雨 /雷阵雨,17℃ / 14℃,南风 ≤3级 /南风 ≤3级,阵雨,雷阵雨,17,14,南风,≤3级,南风,≤3级,day
2015-03-28 18:00:00,云岩区宝山北路,3、倒车的,负全部责任,不负责任,1,贵A3BY71,白色,1,贵A74V86,白色,自培,铁二局驾校,2005/2/7 0:00,2010/8/26 0:00,杰德牌,福克斯牌,364547000000000000 ,364646000000000000 ,198604,197409,18,5,3,工作日,晚高峰(17-19点),2015-03-28,2015年3月28日,阵雨 /雷阵雨,17℃ / 14℃,南风 ≤3级 /南风 ≤3级,阵雨,雷阵雨,17,14,南风,≤3级,南风,≤3级,day
2015-03-28 18:30:00,文昌路,7、未按规定让行的 ,负全部责任,不负责任,1,贵A87W24,红,1,贵ACK211,黑,自培,自培,2001/12/3 0:00,2002/8/28 0:00,别克牌,思域(CIVIC)牌,35457651804542385X,364547000000000000 ,197401,198009,18,5,3,工作日,晚高峰(17-19点),2015-03-28,2015年3月28日,阵雨 /雷阵雨,17℃ / 14℃,南风 ≤3级 /南风 ≤3级,阵雨,雷阵雨,17,14,南风,≤3级,南风,≤3级,day
2015-03-28 19:05:00,白云南路,7、未按规定让行的 ,负全部责任,不负责任,1,贵ATU154,黄,1,贵ARB233,黑,自培,自培,2001/8/16 0:00,2011/6/21 0:00,雪佛兰牌,奥迪,364558000000000000 ,366567000000000000 ,196901,199106,19,5,3,工作日,晚高峰(17-19点),2015-03-28,2015年3月28日,阵雨 /雷阵雨,17℃ / 14℃,南风 ≤3级 /南风 ≤3级,阵雨,雷阵雨,17,14,南风,≤3级,南风,≤3级,day
2015-03-28 20:30:00,喷水池,1、追尾的,负全部责任,不负责任,1,贵A36K75,白色,1,贵AU6343,白色,自培,公交总公司机动车驾驶员培训学校,2004/5/27 0:00,-1,传祺牌,恒通客车牌,364556000000000000 ,364648000000000000 ,197604,198107,20,5,3,工作日,非高峰,2015-03-28,2015年3月28日,阵雨 /雷阵雨,17℃ / 14℃,南风 ≤3级 /南风 ≤3级,阵雨,雷阵雨,17,14,南风,≤3级,南风,≤3级,night
2015-03-28 20:27:00,北京西路,8、依法应负全责的其他情形,负全部责任,不负责任,1,贵ASX112,黑,1,贵A438G3,银,自培,-1,2009/3/4 0:00,-1,奥迪牌,长安牌,785766000000000000 ,366064000000000000 ,198909,197111,20,5,3,工作日,非高峰,2015-03-28,2015年3月28日,阵雨 /雷阵雨,17℃ / 14℃,南风 ≤3级 /南风 ≤3级,阵雨,雷阵雨,17,14,南风,≤3级,南风,≤3级,night
2015-03-28 16:20:00,花溪大道,7、未按规定让行的 ,负全部责任,不负责任,1,贵AK9742,白色,1,贵A23L35,白色,自培,-1,2006/11/8 0:00,-1,五菱牌,宝马,366364000000000000 ,366066000000000000 ,196409,198705,16,5,3,工作日,非高峰,2015-03-28,2015年3月28日,阵雨 /雷阵雨,17℃ / 14℃,南风 ≤3级 /南风 ≤3级,阵雨,雷阵雨,17,14,南风,≤3级,南风,≤3级,day
2015-03-28 16:28:00,花果园,7、未按规定让行的 ,负全部责任,不负责任,1,贵HCK624,白,1,贵A77A27,银,自培,-1,2005/6/30 0:00,-1,梅赛德斯-奔驰牌,梅赛德斯-奔驰牌,366246000000000000 ,355456000000000000 ,198304,197811,16,5,3,工作日,非高峰,2015-03-28,2015年3月28日,阵雨 /雷阵雨,17℃ / 14℃,南风 ≤3级 /南风 ≤3级,阵雨,雷阵雨,17,14,南风,≤3级,南风,≤3级,day
2015-03-28 17:45:00,大南门,7、未按规定让行的 ,负全部责任,不负责任,1,贵AKE568,银,1,贵AU8351,绿,自培,-1,2007/5/21 0:00,-1,东风雪铁龙牌,宝来牌,364548000000000000 ,364548000000000000 ,197209,198707,17,5,3,工作日,晚高峰(17-19点),2015-03-28,2015年3月28日,阵雨 /雷阵雨,17℃ / 14℃,南风 ≤3级 /南风 ≤3级,阵雨,雷阵雨,17,14,南风,≤3级,南风,≤3级,day
2015-03-28 17:30:00,艺校,7、未按规定让行的 ,负全部责任,不负责任,1,贵A61C16,白,1,贵AQ3161,黄,自培,-1,2001/7/30 0:00,-1,北京现代牌,轩逸,366364000000000000 ,366063000000000000 ,196206,198510,17,5,3,工作日,晚高峰(17-19点),2015-03-28,2015年3月28日,阵雨 /雷阵雨,17℃ / 14℃,南风 ≤3级 /南风 ≤3级,阵雨,雷阵雨,17,14,南风,≤3级,南风,≤3级,day
2015-03-29 08:05:00,北京西路,8、依法应负全责的其他情形,负全部责任,不负责任,1,湘E55P77,黑,1,贵A7769G,黄,自培,-1,2009/8/31 0:00,-1,五菱牌,中华牌,74365500000000000 ,366861000000000000 ,199010,199107,8,6,3,周末,早高峰(7-9点),2015-03-29,2015年3月29日,阴 /多云,18℃ / 15℃,东风 ≤3级 /南风 ≤3级,阴,多云,18,15,东风,≤3级,南风,≤3级,day
2015-03-28 17:40:00,西二环,1、追尾的,负全部责任,不负责任,1,贵JP1294,红,1,贵J27762,黑,自培,黔南州交通驾驶学校,2002/10/11 0:00,-1,东风标致牌,吉利牌,366870000000000000 ,366870000000000000 ,196511,196009,17,5,3,工作日,晚高峰(17-19点),2015-03-28,2015年3月28日,阵雨 /雷阵雨,17℃ / 14℃,南风 ≤3级 /南风 ≤3级,阵雨,雷阵雨,17,14,南风,≤3级,南风,≤3级,day
2015-03-29 01:00:00,沙冲南路,1、追尾的,负全部责任,不负责任,1,贵A75K32,白色,1,贵A2K516,红色,自培,长运驾校,2003/1/20 0:00,2013/9/5 0:00,朗风牌,马自达,36455051975561445X,366561000000000000 ,198311,198612,1,6,3,周末,非高峰,2015-03-29,2015年3月29日,阴 /多云,18℃ / 15℃,东风 ≤3级 /南风 ≤3级,阴,多云,18,15,东风,≤3级,南风,≤3级,night
2015-03-29 10:31:00,白云区,1、追尾的,负全部责任,不负责任,1,贵AR2160,红,1,贵A2948S,银,自培,长运驾校,2008/6/30 0:00,2014/6/4 0:00,锦宏牌,五菱牌,36455751284269725X,364558000000000000 ,196706,198202,10,6,3,周末,非高峰,2015-03-29,2015年3月29日,阴 /多云,18℃ / 15℃,东风 ≤3级 /南风 ≤3级,阴,多云,18,15,东风,≤3级,南风,≤3级,day
2015-03-29 11:30:00,金阳医院,8、依法应负全责的其他情形,负全部责任,不负责任,1,贵A43B62,黑,1,贵ACB545,白,自培,预约考试窗口,2003/12/2 0:00,2007/6/21 0:00,朗逸牌,福克斯牌,364557000000000000 ,364548000000000000 ,197903,197811,11,6,3,周末,非高峰,2015-03-29,2015年3月29日,阴 /多云,18℃ / 15℃,东风 ≤3级 /南风 ≤3级,阴,多云,18,15,东风,≤3级,南风,≤3级,day
2015-03-29 16:00:00,金阳南路,8、依法应负全责的其他情形,负全部责任,不负责任,1,贵AU7915,绿,1,贵AU0612,黄,自培,消防驾校,2001/4/28 0:00,1993/1/19 0:00,海格牌,宝来牌,364557000000000000 ,364558000000000000 ,196510,196608,16,6,3,周末,非高峰,2015-03-29,2015年3月29日,阴 /多云,18℃ / 15℃,东风 ≤3级 /南风 ≤3级,阴,多云,18,15,东风,≤3级,南风,≤3级,day
2015-03-29 13:00:00,沙冲南路,1、追尾的,负全部责任,不负责任,1,贵AU9904,白色,1,贵CCH105,白色,自培,-1,2006/11/21 0:00,-1,瑞麒牌,比亚迪牌,364551000000000000 ,364547000000000000 ,197510,196603,13,6,3,周末,非高峰,2015-03-29,2015年3月29日,阴 /多云,18℃ / 15℃,东风 ≤3级 /南风 ≤3级,阴,多云,18,15,东风,≤3级,南风,≤3级,day
2015-03-29 14:30:00,开发大道,7、未按规定让行的 ,负全部责任,不负责任,1,贵CER197,白色,1,粤BL5J06,黑色,自培,-1,2005/10/18 0:00,-1,大众汽车牌,雅阁,366570000000000000 ,366863000000000000 ,197510,199211,14,6,3,周末,非高峰,2015-03-29,2015年3月29日,阴 /多云,18℃ / 15℃,东风 ≤3级 /南风 ≤3级,阴,多云,18,15,东风,≤3级,南风,≤3级,day
2015-03-28 19:44:00,花溪,1、追尾的,负全部责任,不负责任,1,贵FM2591,白色,1,贵A3057T,白色,自培,自培,2013/7/4 0:00,2002/1/18 0:00,传祺牌,长安牌,366068000000000000 ,364547000000000000 ,199312,198301,19,5,3,工作日,晚高峰(17-19点),2015-03-28,2015年3月28日,阵雨 /雷阵雨,17℃ / 14℃,南风 ≤3级 /南风 ≤3级,阵雨,雷阵雨,17,14,南风,≤3级,南风,≤3级,day
2015-03-28 18:05:00,花溪,3、倒车的,负全部责任,不负责任,1,泸C0R274,蓝,1,贵GL5853,黑,自培,自培,2000/10/11 0:00,2006/1/5 0:00,奥迪牌,双枪牌,364548000000000000 ,254068000000000000 ,196606,197910,18,5,3,工作日,晚高峰(17-19点),2015-03-28,2015年3月28日,阵雨 /雷阵雨,17℃ / 14℃,南风 ≤3级 /南风 ≤3级,阵雨,雷阵雨,17,14,南风,≤3级,南风,≤3级,day
2015-03-29 06:15:00,中华中路,1、追尾的,负全部责任,不负责任,1,贵AU8326,绿,0,贵AU8951,绿,自培,自培,2007/4/3 0:00,2006/8/4 0:00,宝来牌,重骑牌,366347000000000000 ,366876000000000000 ,198411,197906,6,6,3,周末,非高峰,2015-03-29,2015年3月29日,阴 /多云,18℃ / 15℃,东风 ≤3级 /南风 ≤3级,阴,多云,18,15,东风,≤3级,南风,≤3级,day
2015-03-29 15:10:00,北京东路,9、不符合前8款规定或者双方同时具有上述情形的,负全部责任,不负责任,0,贵GR2137,银,1,贵AU6931,白,自培,自培,2004/9/27 0:00,2001/5/23 0:00,大众汽车牌,捷达牌,364548000000000000 ,364556000000000000 ,196902,197207,15,6,3,周末,非高峰,2015-03-29,2015年3月29日,阴 /多云,18℃ / 15℃,东风 ≤3级 /南风 ≤3级,阴,多云,18,15,东风,≤3级,南风,≤3级,day
2015-03-29 17:17:00,大兴星城,3、倒车的,负全部责任,不负责任,1,贵A74K84,白色,1,贵A0BF87,白色,自培,-1,2004/5/29 0:00,1978/7/10 0:00,凌派牌,别克牌,366364000000000000 ,366362000000000000 ,197308,195601,17,6,3,周末,晚高峰(17-19点),2015-03-29,2015年3月29日,阴 /多云,18℃ / 15℃,东风 ≤3级 /南风 ≤3级,阴,多云,18,15,东风,≤3级,南风,≤3级,day
2015-03-29 15:05:00,解放路,1、追尾的,负全部责任,不负责任,1,贵ACV352,白色,1,贵GS6563,白色,自培,-1,2007/8/8 0:00,-1,一汽牌,别克牌,364647000000000000 ,366868000000000000 ,198303,199004,15,6,3,周末,非高峰,2015-03-29,2015年3月29日,阴 /多云,18℃ / 15℃,东风 ≤3级 /南风 ≤3级,阴,多云,18,15,东风,≤3级,南风,≤3级,day
2015-03-29 18:00:00,头桥,7、未按规定让行的 ,负全部责任,不负责任,1,贵JBH542,红,1,贵AU5179,蓝,自培,520127,2007/6/21 0:00,1997/9/17 0:00,劲野牌,豪爵牌,366869000000000000 ,364547000000000000 ,197009,197508,18,6,3,周末,晚高峰(17-19点),2015-03-29,2015年3月29日,阴 /多云,18℃ / 15℃,东风 ≤3级 /南风 ≤3级,阴,多云,18,15,东风,≤3级,南风,≤3级,day
2015-03-30 00:34:00,中华北路,7、未按规定让行的 ,负全部责任,不负责任,1,贵AAR953,蓝,1,贵A28G26,黑,自培,贵州省长安驾驶培训学校,2004/4/27 0:00,2012/12/27 0:00,朗逸牌,宝马,366862000000000000 ,364548000000000000 ,197711,198604,0,0,3,工作日,非高峰,2015-03-30,2015年3月30日,晴 /多云,24℃ / 17℃,南风 ≤3级 /南风 ≤3级,晴,多云,24,17,南风,≤3级,南风,≤3级,night
2015-03-30 08:05:00,北二环,7、未按规定让行的 ,负全部责任,不负责任,1,贵A234F1,银,1, 贵GL5113,白,自培,省交校,2003/11/1 0:00,2012/12/7 0:00,长安牌,-1,366367000000000000 ,364547000000000000 ,198409,198410,8,0,3,工作日,早高峰(7-9点),2015-03-30,2015年3月30日,晴 /多云,24℃ / 17℃,南风 ≤3级 /南风 ≤3级,晴,多云,24,17,南风,≤3级,南风,≤3级,day
2015-03-30 08:07:00,小河,9、不符合前8款规定或者双方同时具有上述情形的,负同等责任,负同等责任,1,贵A7BV48,白色,1,贵A49M73,白色,自培,顺一驾驶培训学校,2006/10/18 0:00,2012/6/29 0:00,宝马牌,长安牌,364548000000000000 ,366567000000000000 ,198801,197403,8,0,3,工作日,早高峰(7-9点),2015-03-30,2015年3月30日,晴 /多云,24℃ / 17℃,南风 ≤3级 /南风 ≤3级,晴,多云,24,17,南风,≤3级,南风,≤3级,day
2015-03-29 17:30:00,北京路,7、未按规定让行的 ,负全部责任,不负责任,1,辉AU6503,绿,1,贵JDA593,黑,自培,-1,2006/5/11 0:00,-1,捷达牌,众泰牌,366064000000000000 ,366567000000000000 ,198210,197711,17,6,3,周末,晚高峰(17-19点),2015-03-29,2015年3月29日,阴 /多云,18℃ / 15℃,东风 ≤3级 /南风 ≤3级,阴,多云,18,15,东风,≤3级,南风,≤3级,day
2015-03-30 08:20:00,白云区,7、未按规定让行的 ,负全部责任,不负责任,1,贵A35P56,银,1, 贵APT987,黄,自培,-1,2004/1/9 0:00,-1,长安牌,-1,364558000000000000 ,364545000000 ,198111,233612,8,0,3,工作日,早高峰(7-9点),2015-03-30,2015年3月30日,晴 /多云,24℃ / 17℃,南风 ≤3级 /南风 ≤3级,晴,多云,24,17,南风,≤3级,南风,≤3级,day
2015-03-30 08:05:00,世纪城,8、依法应负全责的其他情形,负全部责任,不负责任,1,鄂A35Y73,白,1,湘LSL38,白,自培,-1,2013/3/4 0:00,-1,荣威牌,-1,64197500000000000 ,74365500000000000 ,198112,198710,8,0,3,工作日,早高峰(7-9点),2015-03-30,2015年3月30日,晴 /多云,24℃ / 17℃,南风 ≤3级 /南风 ≤3级,晴,多云,24,17,南风,≤3级,南风,≤3级,day
2015-03-30 01:40:00,花二道,1、追尾的,负全部责任,不负责任,1,贵AN1418,白色,1,贵A537E5,白色,自培,-1,2000/4/21 0:00,-1,隆鑫牌,江淮牌,366368000000000000 ,366868000000000000 ,196812,198710,1,0,3,工作日,非高峰,2015-03-30,2015年3月30日,晴 /多云,24℃ / 17℃,南风 ≤3级 /南风 ≤3级,晴,多云,24,17,南风,≤3级,南风,≤3级,night
2015-03-30 08:20:00,白云区,8、依法应负全责的其他情形,负全部责任,不负责任,1,贵SW4641,黑,1,贵A1634P,黑,自培,-1,2009/12/11 0:00,-1,-1,江铃牌,366669000000000000 ,366669000000000000 ,198704,197408,8,0,3,工作日,早高峰(7-9点),2015-03-30,2015年3月30日,晴 /多云,24℃ / 17℃,南风 ≤3级 /南风 ≤3级,晴,多云,24,17,南风,≤3级,南风,≤3级,day
2015-03-30 07:40:00,云岩区,7、未按规定让行的 ,负全部责任,不负责任,1,贵A33V15,黑,1, 贵A73M61,白,自培,-1,2006/10/17 0:00,-1,锋范牌,-1,366367000000000000 ,64365500000000000 ,198108,198402,7,0,3,工作日,早高峰(7-9点),2015-03-30,2015年3月30日,晴 /多云,24℃ / 17℃,南风 ≤3级 /南风 ≤3级,晴,多云,24,17,南风,≤3级,南风,≤3级,day
2015-03-30 07:50:00,白云区, ,负全部责任,不负责任,1,贵AA960K,白,1,贵GY6153,白,自培,省交校,2002/7/1 0:00,2012/2/14 0:00,长城,大众牌,364548000000000000 ,366569000000000000 ,196304,199110,7,0,3,工作日,早高峰(7-9点),2015-03-30,2015年3月30日,晴 /多云,24℃ / 17℃,南风 ≤3级 /南风 ≤3级,晴,多云,24,17,南风,≤3级,南风,≤3级,day
2015-03-30 09:00:00,皂角井,7、未按规定让行的 ,负全部责任,不负责任,1,贵AV2902,白色,1,贵A89S38,白色,自培,顺一驾驶培训学校,2006/10/31 0:00,2012/11/17 0:00,嘉陵牌,大众汽车牌,366368000000000000 ,364551000000000000 ,197104,198611,9,0,3,工作日,早高峰(7-9点),2015-03-30,2015年3月30日,晴 /多云,24℃ / 17℃,南风 ≤3级 /南风 ≤3级,晴,多云,24,17,南风,≤3级,南风,≤3级,day
2015-03-30 09:10:00,花果园,7、未按规定让行的 ,负全部责任,不负责任,1,贵AR7812,黑,1,贵A82H63,白,自培,贵州平安驾驶培训学校,2007/3/7 0:00,2013/2/18 0:00,奥迪牌,起亚牌,774761000000000000 ,366663000000000000 ,196901,198607,9,0,3,工作日,早高峰(7-9点),2015-03-30,2015年3月30日,晴 /多云,24℃ / 17℃,南风 ≤3级 /南风 ≤3级,晴,多云,24,17,南风,≤3级,南风,≤3级,day