accidenttime,accidentaddr,driver1fault,driver1responsibility,driver2responsibility,sex1,platenumber1,carcolor1,sex2,platenumber2,carcolor2,jxmc1,jxmc2,cclzrq1,cclzrq2,clpp1,clpp2,driver1license,driver2license,brith1,brith2,hour,weekday,month,is_weekday,peak_hour,date,日期,天气状况,气温,风力风向,day_wea,night_wea,day_tep,night_tep,day_wind_direction,day_wind_speed,night_wind_direction,night_wind_speed,segment
2015-03-30 09:05:00,永乐路,8、依法应负全责的其他情形,负全部责任,不负责任,1,贵AU1665,绿,1,贵AVB693,银,自培,-1,2007/6/27 0:00,-1,嘉陵牌,宝来牌,366369000000000000 ,356847000000000000 ,197911,197612,9,0,3,工作日,早高峰(7-9点),2015-03-30,2015年3月30日,晴 /多云,24℃ / 17℃,南风 ≤3级 /南风 ≤3级,晴,多云,24,17,南风,≤3级,南风,≤3级,day
2015-03-30 09:00:00,小关,7、未按规定让行的 ,负全部责任,不负责任,1,贵A99748,红,1,贵A83C59,银,自培,-1,2004/9/29 0:00,-1,豪泺牌,利亚纳牌,366268000000000000 ,364546000000000000 ,197910,196308,9,0,3,工作日,早高峰(7-9点),2015-03-30,2015年3月30日,晴 /多云,24℃ / 17℃,南风 ≤3级 /南风 ≤3级,晴,多云,24,17,南风,≤3级,南风,≤3级,day
2015-03-30 13:40:00,金苏大道,7、未按规定让行的 ,负全部责任,不负责任,1,贵A3275N,黑,1,贵FVS244,黑,自培,-1,2005/11/29 0:00,-1,思威牌,-1,726647000000000000 ,366661000000000000 ,198508,198507,13,0,3,工作日,非高峰,2015-03-30,2015年3月30日,晴 /多云,24℃ / 17℃,南风 ≤3级 /南风 ≤3级,晴,多云,24,17,南风,≤3级,南风,≤3级,day
2015-03-30 13:40:00,鹿冲关,3、倒车的,负全部责任,不负责任,1,贵A93V33,银,1,贵A63N66,银,自培,-1,2002/11/12 0:00,-1,五菱牌,金旅牌,364548000000000000 ,355266000000000000 ,197004,198812,13,0,3,工作日,非高峰,2015-03-30,2015年3月30日,晴 /多云,24℃ / 17℃,南风 ≤3级 /南风 ≤3级,晴,多云,24,17,南风,≤3级,南风,≤3级,day
2015-03-30 12:00:00,西二环,1、追尾的,负全部责任,不负责任,1,贵A80970,红,1,贵A98339,红,自培,-1,2008/1/16 0:00,-1,豪泺牌,豪泺牌,366068000000000000 ,366068000000000000 ,198512,197810,12,0,3,工作日,非高峰,2015-03-30,2015年3月30日,晴 /多云,24℃ / 17℃,南风 ≤3级 /南风 ≤3级,晴,多云,24,17,南风,≤3级,南风,≤3级,day
2015-03-30 16:00:00,普陀路,1、追尾的,负全部责任,不负责任,1,贵 AUA712,白,1,贵AGT374,银,自培,520126,2005/3/9 0:00,1996/6/20 0:00,-1,荣威牌,364567000000000000 ,24466500000000000 ,198604,197310,16,0,3,工作日,非高峰,2015-03-30,2015年3月30日,晴 /多云,24℃ / 17℃,南风 ≤3级 /南风 ≤3级,晴,多云,24,17,南风,≤3级,南风,≤3级,day
2015-03-30 16:00:00,冒沙井,8、依法应负全责的其他情形,负全部责任,不负责任,1,贵AJM231,白,1,贵A72F33,白,自培,-1,2002/2/4 0:00,-1,尼桑牌,雪佛兰牌,377564000000000000 ,366868000000000000 ,197207,198202,16,0,3,工作日,非高峰,2015-03-30,2015年3月30日,晴 /多云,24℃ / 17℃,南风 ≤3级 /南风 ≤3级,晴,多云,24,17,南风,≤3级,南风,≤3级,day
2015-03-29 20:00:00,兴关路,7、未按规定让行的 ,负全部责任,不负责任,1,贵AW9889,白色,1,贵AM4599,白色,自培,自培,2005/10/19 0:00,2001/5/8 0:00,宗申牌,雅阁牌,364547000000000000 ,364547000000000000 ,198703,196507,20,6,3,周末,非高峰,2015-03-29,2015年3月29日,阴 /多云,18℃ / 15℃,东风 ≤3级 /南风 ≤3级,阴,多云,18,15,东风,≤3级,南风,≤3级,night
2015-03-30 08:30:00,蛮坡,8、依法应负全责的其他情形,负全部责任,不负责任,1,贵ASP919,红,0,贵ADT886,银,自培,自培,2011/3/7 0:00,2005/8/12 0:00,雪佛兰牌,奇瑞牌,355447000000000000 ,366346000000000000 ,198908,197906,8,0,3,工作日,早高峰(7-9点),2015-03-30,2015年3月30日,晴 /多云,24℃ / 17℃,南风 ≤3级 /南风 ≤3级,晴,多云,24,17,南风,≤3级,南风,≤3级,day
2015-03-29 21:00:00,沙冲路,1、追尾的,负全部责任,不负责任,1,贵ATE942,黑,1,贵A7H425,黑,自培,自培,2012/2/15 0:00,2003/8/13 0:00,理念牌,海马,355266000000000000 ,364548000000000000 ,199004,198411,21,6,3,周末,非高峰,2015-03-29,2015年3月29日,阴 /多云,18℃ / 15℃,东风 ≤3级 /南风 ≤3级,阴,多云,18,15,东风,≤3级,南风,≤3级,night
2015-03-30 18:00:00,中天花园,7、未按规定让行的 ,负全部责任,不负责任,1,贵A36334,黄,0,贵A54S63,白,自培,520106,2000/7/30 0:00,2000/10/20 0:00,王牌牌,科雷傲,366361000000000000 ,364548000000000000 ,198108,197911,18,0,3,工作日,晚高峰(17-19点),2015-03-30,2015年3月30日,晴 /多云,24℃ / 17℃,南风 ≤3级 /南风 ≤3级,晴,多云,24,17,南风,≤3级,南风,≤3级,day
2015-03-30 18:42:00,白云区,7、未按规定让行的 ,负全部责任,不负责任,1,贵ATP869,红,1,贵APZ164,黑,自培,520127,2006/7/4 0:00,2009/7/16 0:00,福特牌,蒙迪欧牌,36454651814048796X,36455751914941645X,197904,198908,18,0,3,工作日,晚高峰(17-19点),2015-03-30,2015年3月30日,晴 /多云,24℃ / 17℃,南风 ≤3级 /南风 ≤3级,晴,多云,24,17,南风,≤3级,南风,≤3级,day
2015-03-31 08:05:00,白云区,7、未按规定让行的 ,负全部责任,不负责任,1,贵AEE974,蓝,1,贵A6177E,黑,自培,520127,2004/4/21 0:00,2009/8/28 0:00,波罗牌,飞碟牌,364558000000000000 ,366346000000000000 ,197904,197506,8,1,3,工作日,早高峰(7-9点),2015-03-31,2015年3月31日,多云 /多云,28℃ / 19℃,南风 ≤3级 /南风 ≤3级,多云,多云,28,19,南风,≤3级,南风,≤3级,day
2015-03-30 18:00:00,公园路,1、追尾的,负全部责任,不负责任,1,贵A1BF02,白色,1,贵A7245,白色,自培,市交校,2007/5/25 0:00,1998/12/31 0:00,福特牌,东风标致牌,36454751974968495X,366347000000000000 ,198308,197105,18,0,3,工作日,晚高峰(17-19点),2015-03-30,2015年3月30日,晴 /多云,24℃ / 17℃,南风 ≤3级 /南风 ≤3级,晴,多云,24,17,南风,≤3级,南风,≤3级,day
2015-03-31 09:50:00,富源南路,1、追尾的,负全部责任,不负责任,1,贵A82P24,白色,1,贵A21G71,白色,自培,铁二局驾校,2007/6/12 0:00,2010/11/15 0:00,英伦牌,大众汽车牌,366367000000000000 ,364547000000000000 ,197202,198804,9,1,3,工作日,早高峰(7-9点),2015-03-31,2015年3月31日,多云 /多云,28℃ / 19℃,南风 ≤3级 /南风 ≤3级,多云,多云,28,19,南风,≤3级,南风,≤3级,day
2015-03-31 08:20:00,鹿冲关,9、不符合前8款规定或者双方同时具有上述情形的,负同等责任,负同等责任,1,贵ARP141,黑,1,贵A33A47,黑,自培,-1,2004/8/16 0:00,-1,一汽佳星牌,思威牌,364548000000000000 ,364548000000000000 ,198407,197212,8,1,3,工作日,早高峰(7-9点),2015-03-31,2015年3月31日,多云 /多云,28℃ / 19℃,南风 ≤3级 /南风 ≤3级,多云,多云,28,19,南风,≤3级,南风,≤3级,day
2015-03-31 08:20:00,黔灵山路,7、未按规定让行的 ,负全部责任,不负责任,1,贵GQ5579,黑,1,贵A23R34,黑,自培,消防驾校,2004/8/27 0:00,2012/9/19 0:00,起亚牌,福特锐界,774769000000000000 ,74355500000000000 ,197402,196906,8,1,3,工作日,早高峰(7-9点),2015-03-31,2015年3月31日,多云 /多云,28℃ / 19℃,南风 ≤3级 /南风 ≤3级,多云,多云,28,19,南风,≤3级,南风,≤3级,day
2015-03-31 09:00:00,花溪大道,1、追尾的,负全部责任,不负责任,1,贵A18X36,白色,1,贵A9331Z,白色,自培,-1,2001/8/16 0:00,-1,长安牌,豪情牌,706666000000000000 ,366066000000000000 ,195507,196801,9,1,3,工作日,早高峰(7-9点),2015-03-31,2015年3月31日,多云 /多云,28℃ / 19℃,南风 ≤3级 /南风 ≤3级,多云,多云,28,19,南风,≤3级,南风,≤3级,day
2015-03-31 13:11:00,乌当,1、追尾的,负全部责任,不负责任,1,贵ANY594,黑,0,贵A23G11,白,自培,新华驾校,2007/2/12 0:00,2013/5/23 0:00,一汽佳星牌,起亚牌,35416551834241525X,366363000000000000 ,197506,197102,13,1,3,工作日,非高峰,2015-03-31,2015年3月31日,多云 /多云,28℃ / 19℃,南风 ≤3级 /南风 ≤3级,多云,多云,28,19,南风,≤3级,南风,≤3级,day
2015-03-31 10:38:00,孟关,1、追尾的,负全部责任,不负责任,1,贵A3AN78,白色,1,贵A4303V,白色,自培,-1,2005/1/11 0:00,-1,别克牌,捷达牌,364551000000000000 ,366561000000000000 ,198409,199511,10,1,3,工作日,非高峰,2015-03-31,2015年3月31日,多云 /多云,28℃ / 19℃,南风 ≤3级 /南风 ≤3级,多云,多云,28,19,南风,≤3级,南风,≤3级,day
2015-03-31 10:47:00, 花果园,7、未按规定让行的 ,负全部责任,不负责任,1,贵JG9775,黑,1,贵ASH965,白,自培,-1,2006/1/19 0:00,-1,丰田牌,明锐牌,74065500000000000 ,764547000000000000 ,196012,198905,10,1,3,工作日,非高峰,2015-03-31,2015年3月31日,多云 /多云,28℃ / 19℃,南风 ≤3级 /南风 ≤3级,多云,多云,28,19,南风,≤3级,南风,≤3级,day
2015-03-31 11:07:00,艺校,7、未按规定让行的 ,负全部责任,不负责任,1,贵ATR301,红,1,贵ACK411,黄,自培,-1,2014/4/28 0:00,-1,福田牌,北京牌,354147000000000000 ,3645555314347445X,197411,159050,11,1,3,工作日,非高峰,2015-03-31,2015年3月31日,多云 /多云,28℃ / 19℃,南风 ≤3级 /南风 ≤3级,多云,多云,28,19,南风,≤3级,南风,≤3级,day
2015-03-31 14:41:00,宝山路,3、倒车的,负全部责任,不负责任,1,贵AU8842,绿,1,贵AAC513,黑,自培,-1,2006/6/21 0:00,-1,瑞麒牌,骊威牌,366864000000000000 ,366345000000000 ,198107,580922,14,1,3,工作日,非高峰,2015-03-31,2015年3月31日,多云 /多云,28℃ / 19℃,南风 ≤3级 /南风 ≤3级,多云,多云,28,19,南风,≤3级,南风,≤3级,day
2015-03-31 14:15:00,西二环,8、依法应负全责的其他情形,负全部责任,不负责任,1,贵A72E63,红,1,湘HM8544,蓝,自培,（白云区）景宏驾驶培训有限公司,2006/8/24 0:00,-1,雪佛兰牌,时风牌,364551000000000000 ,366063000000000000 ,198708,198812,14,1,3,工作日,非高峰,2015-03-31,2015年3月31日,多云 /多云,28℃ / 19℃,南风 ≤3级 /南风 ≤3级,多云,多云,28,19,南风,≤3级,南风,≤3级,day
2015-03-31 14:30:00,白云区,7、未按规定让行的 ,负全部责任,不负责任,1,贵AGK969,蓝,1,贵AB915H,红,自培,贵大佳德驾驶培训学校,2000/12/5 0:00,2013/12/30 0:00,福田牌,夏利牌,366876000000000000 ,36606751975560375X,197506,198311,14,1,3,工作日,非高峰,2015-03-31,2015年3月31日,多云 /多云,28℃ / 19℃,南风 ≤3级 /南风 ≤3级,多云,多云,28,19,南风,≤3级,南风,≤3级,day
2015-03-31 19:00:00,南垭路,8、依法应负全责的其他情形,负全部责任,不负责任,1,贵A25N56,白色,1,贵AGA171,白色,自培,-1,2005/1/27 0:00,-1,大众汽车牌,长安牌,364547000000000000 ,36454751384361646X,198508,195705,19,1,3,工作日,晚高峰(17-19点),2015-03-31,2015年3月31日,多云 /多云,28℃ / 19℃,南风 ≤3级 /南风 ≤3级,多云,多云,28,19,南风,≤3级,南风,≤3级,day
2015-03-31 17:00:00,金竹镇,7、未按规定让行的 ,负全部责任,不负责任,1,贵A9869R,白色,1,贵A95847,白色,自培,-1,2000/4/30 0:00,-1,长安牌,豪爵牌,364548000000000000 ,764156000000000000 ,195912,198202,17,1,3,工作日,晚高峰(17-19点),2015-03-31,2015年3月31日,多云 /多云,28℃ / 19℃,南风 ≤3级 /南风 ≤3级,多云,多云,28,19,南风,≤3级,南风,≤3级,day
2015-03-30 18:00:00,朝阳洞路,1、追尾的,负全部责任,不负责任,1,贵A83Z74,黑,1,贵A5CB54,黑,自培,自培,2004/9/16 0:00,2005/2/6 0:00,福克斯牌,大众汽车牌,364547000000000000 ,366669000000000000 ,197402,198010,18,0,3,工作日,晚高峰(17-19点),2015-03-30,2015年3月30日,晴 /多云,24℃ / 17℃,南风 ≤3级 /南风 ≤3级,晴,多云,24,17,南风,≤3级,南风,≤3级,day
2015-03-30 21:10:00,花果园,7、未按规定让行的 ,负全部责任,不负责任,1,鲁HJ9353,白,1,贵AU9229,蓝,自培,自培,2009/12/25 0:00,2011/7/20 0:00,吉奥牌,瑞麒牌,784962000000000000 ,364648000000000000 ,197410,197103,21,0,3,工作日,非高峰,2015-03-30,2015年3月30日,晴 /多云,24℃ / 17℃,南风 ≤3级 /南风 ≤3级,晴,多云,24,17,南风,≤3级,南风,≤3级,night
2015-03-31 08:00:00,小河,7、未按规定让行的 ,负全部责任,不负责任,1,贵A66A59,白色,1,贵ANZ344,白色,自培,自培,2006/6/21 0:00,2003/1/13 0:00,起亚,宝马,355468000000000000 ,354662000000000000 ,197003,196806,8,1,3,工作日,早高峰(7-9点),2015-03-31,2015年3月31日,多云 /多云,28℃ / 19℃,南风 ≤3级 /南风 ≤3级,多云,多云,28,19,南风,≤3级,南风,≤3级,day
2015-03-31 09:30:00,二浦,7、未按规定让行的 ,负全部责任,不负责任,1,豫A219K6,黑,1,贵A31668,红,自培,自培,2005/9/26 0:00,2001/3/21 0:00,北京现代牌,豪泺牌,706963000000000000 ,364557000000000000 ,196709,197312,9,1,3,工作日,早高峰(7-9点),2015-03-31,2015年3月31日,多云 /多云,28℃ / 19℃,南风 ≤3级 /南风 ≤3级,多云,多云,28,19,南风,≤3级,南风,≤3级,day
2015-03-31 08:20:00,鹿冲关路,9、不符合前8款规定或者双方同时具有上述情形的,负同等责任,负同等责任,1,贵A33A47,黑,1,贵ARP141,黑,自培,自培,2000/12/13 0:00,2004/8/16 0:00,思威牌,一汽佳星牌,36454751865664097X,364548000000000000 ,197212,198407,8,1,3,工作日,早高峰(7-9点),2015-03-31,2015年3月31日,多云 /多云,28℃ / 19℃,南风 ≤3级 /南风 ≤3级,多云,多云,28,19,南风,≤3级,南风,≤3级,day
2015-03-31 11:00:00,玉厂路,7、未按规定让行的 ,负全部责任,不负责任,1,贵AKF021,白色,1,贵AVE113,白色,自培,自培,2002/10/9 0:00,2007/3/23 0:00,比亚迪牌,科雷傲,36455051835561445X,356168000000000000 ,197511,197306,11,1,3,工作日,非高峰,2015-03-31,2015年3月31日,多云 /多云,28℃ / 19℃,南风 ≤3级 /南风 ≤3级,多云,多云,28,19,南风,≤3级,南风,≤3级,day
2015-03-31 18:10:00,花溪,7、未按规定让行的 ,负全部责任,不负责任,1,粤SJ208W,白,1,贵G52189,红,自培,-1,2014/1/10 0:00,-1,东风日产牌,思域牌,07436951144850445X,366346000000000000 ,199007,197612,18,1,3,工作日,晚高峰(17-19点),2015-03-31,2015年3月31日,多云 /多云,28℃ / 19℃,南风 ≤3级 /南风 ≤3级,多云,多云,28,19,南风,≤3级,南风,≤3级,day
2015-04-01 07:30:00,小河转盘,9、不符合前8款规定或者双方同时具有上述情形的,负同等责任,负同等责任,1,贵A52E23,白色,1,贵AU6131,白色,自培,-1,2004/8/11 0:00,-1,奥迪牌,万达牌,364547000000000000 ,366068000000000000 ,198405,196804,7,2,4,工作日,早高峰(7-9点),2015-04-01,2015年4月1日,多云 /多云,29℃ / 19℃,南风 ≤3级 /南风 ≤3级,多云,多云,29,19,南风,≤3级,南风,≤3级,day
2015-03-31 20:15:00,开发大道,7、未按规定让行的 ,负全部责任,不负责任,1,贵AL6139,白色,1,贵FQ5114,白色,自培,-1,2001/3/27 0:00,-1,陆康牌,大众汽车牌,366368000000000000 ,366061000000000000 ,198204,198706,20,1,3,工作日,非高峰,2015-03-31,2015年3月31日,多云 /多云,28℃ / 19℃,南风 ≤3级 /南风 ≤3级,多云,多云,28,19,南风,≤3级,南风,≤3级,night
2015-04-01 10:10:00,北京西路,1、追尾的,负全部责任,不负责任,1,贵AU9201,银,1,贵AAP466,银,自培,520115,2010/1/6 0:00,2008/9/1 0:00,瑞麒牌,思威牌,74667500000000000 ,765500000000000000 ,198711,197702,10,2,4,工作日,非高峰,2015-04-01,2015年4月1日,多云 /多云,29℃ / 19℃,南风 ≤3级 /南风 ≤3级,多云,多云,29,19,南风,≤3级,南风,≤3级,day
2015-04-01 10:50:00,白云区,8、依法应负全责的其他情形,负全部责任,不负责任,1,贵A39883,黄,1,贵AA389Y,红,自培,-1,2006/4/20 0:00,-1,昌河,长安牌,36686851284668725X,366067000000000000 ,196702,197811,10,2,4,工作日,非高峰,2015-04-01,2015年4月1日,多云 /多云,29℃ / 19℃,南风 ≤3级 /南风 ≤3级,多云,多云,29,19,南风,≤3级,南风,≤3级,day
2015-04-01 09:50:00,中华路,7、未按规定让行的 ,负全部责任,不负责任,1,贵ALJ751,白色,1,贵AU9259,白色,自培,520108,2006/10/22 0:00,2009/5/18 0:00,一汽佳星牌,凌肯牌,366067000000000000 ,364566000000000000 ,197007,198703,9,2,4,工作日,早高峰(7-9点),2015-04-01,2015年4月1日,多云 /多云,29℃ / 19℃,南风 ≤3级 /南风 ≤3级,多云,多云,29,19,南风,≤3级,南风,≤3级,day
2015-04-01 10:00:00,油榨街,7、未按规定让行的 ,负全部责任,不负责任,1,贵A6P7444,白色,1,贵A94K51,白色,自培,鑫鑫驾校,2001/5/30 0:00,2013/12/17 0:00,-1,众泰牌,364547000000000000 ,364548000000000000 ,196404,198407,10,2,4,工作日,非高峰,2015-04-01,2015年4月1日,多云 /多云,29℃ / 19℃,南风 ≤3级 /南风 ≤3级,多云,多云,29,19,南风,≤3级,南风,≤3级,day
2015-04-01 10:00:00,贵溪大道,9、不符合前8款规定或者双方同时具有上述情形的,负同等责任,负同等责任,1,贵A77757,白色,1,贵AAF486,白色,自培,未定义,2001/12/17 0:00,1997/3/19 0:00,上海别克,长安牌,36454651225567645X,364548000000000000 ,196611,195610,10,2,4,工作日,非高峰,2015-04-01,2015年4月1日,多云 /多云,29℃ / 19℃,南风 ≤3级 /南风 ≤3级,多云,多云,29,19,南风,≤3级,南风,≤3级,day
2015-04-01 09:20:00,枣山路,7、未按规定让行的 ,负全部责任,不负责任,1,贵AWA776,银,1,贵A9479N,黑,自培,消防驾校,2004/8/26 0:00,2000/12/1 0:00,大众牌,现代,366269000000000000 ,366067000000000000 ,197006,198202,9,2,4,工作日,早高峰(7-9点),2015-04-01,2015年4月1日,多云 /多云,29℃ / 19℃,南风 ≤3级 /南风 ≤3级,多云,多云,29,19,南风,≤3级,南风,≤3级,day
2015-04-01 13:30:00,新添寨,7、未按规定让行的 ,负全部责任,不负责任,1,贵A9741N,白,1,贵AN8538,红,自培,顺一驾驶培训学校,2006/12/29 0:00,2011/6/30 0:00,哈飞牌,大众汽车牌,366367000000000000 ,357475000000000000 ,197708,199301,13,2,4,工作日,非高峰,2015-04-01,2015年4月1日,多云 /多云,29℃ / 19℃,南风 ≤3级 /南风 ≤3级,多云,多云,29,19,南风,≤3级,南风,≤3级,day
2015-04-01 15:25:00,乌当,1、追尾的,负全部责任,不负责任,1,贵ALL701,黑,1,贵A9676P,白,自培,新华驾校,2001/2/1 0:00,2013/11/28 0:00,牧马人,长安牌,357446000000000000 ,364548000000000000 ,197303,197110,15,2,4,工作日,非高峰,2015-04-01,2015年4月1日,多云 /多云,29℃ / 19℃,南风 ≤3级 /南风 ≤3级,多云,多云,29,19,南风,≤3级,南风,≤3级,day
2015-04-01 14:00:00,沙冲南路,1、追尾的,负全部责任,不负责任,1,贵A78S22,白色,1,贵A82H33,白色,自培,-1,2002/5/13 0:00,-1,宝马牌,比亚迪牌,364548000000000000 ,36656200000000000 ,198311,198611,14,2,4,工作日,非高峰,2015-04-01,2015年4月1日,多云 /多云,29℃ / 19℃,南风 ≤3级 /南风 ≤3级,多云,多云,29,19,南风,≤3级,南风,≤3级,day
2015-04-01 10:00:00,花溪,1、追尾的,负全部责任,不负责任,1,贵GF0074,白,0,贵A96F68,银,自培,-1,2010/1/12 0:00,-1,江铃全顺牌,大众牌,06546651934643305X,364548000000000000 ,198502,198902,10,2,4,工作日,非高峰,2015-04-01,2015年4月1日,多云 /多云,29℃ / 19℃,南风 ≤3级 /南风 ≤3级,多云,多云,29,19,南风,≤3级,南风,≤3级,day
2015-04-01 14:08:00,文昌北路,1、追尾的,负全部责任,不负责任,1,贵AF1305,银,1,贵F31056,黄,自培,预约考试窗口,2006/2/15 0:00,2006/11/22 0:00,长安牌,奇瑞牌,364557000000000000 ,366347000000000000 ,197205,197409,14,2,4,工作日,非高峰,2015-04-01,2015年4月1日,多云 /多云,29℃ / 19℃,南风 ≤3级 /南风 ≤3级,多云,多云,29,19,南风,≤3级,南风,≤3级,day
2015-04-01 11:06:00,中坝,1、追尾的,负全部责任,不负责任,1,贵AU2662,蓝,1,贵CBE552,黑,自培,阳光驾校,2005/4/12 0:00,2014/8/13 0:00,宝来牌,大众汽车牌,366875000000000000 ,366562000000000000 ,197402,197910,11,2,4,工作日,非高峰,2015-04-01,2015年4月1日,多云 /多云,29℃ / 19℃,南风 ≤3级 /南风 ≤3级,多云,多云,29,19,南风,≤3级,南风,≤3级,day
2015-04-01 15:09:00,贵开大道,1、追尾的,负全部责任,不负责任,1,贵A3425E,银,1,贵A23H78,白,自培,铁二局驾校,2001/5/10 0:00,2005/2/28 0:00,黄海牌,马自达牌,357466000000000000 ,364548000000000000 ,197607,195909,15,2,4,工作日,非高峰,2015-04-01,2015年4月1日,多云 /多云,29℃ / 19℃,南风 ≤3级 /南风 ≤3级,多云,多云,29,19,南风,≤3级,南风,≤3级,day
2015-04-01 15:00:00,花果园,7、未按规定让行的 ,负全部责任,不负责任,1,贵A61524,白色,1,贵JP8478,白色,自培,-1,2001/4/12 0:00,-1,解放,雪佛兰牌,364547000000000000 ,366868000000000000 ,197907,197512,15,2,4,工作日,非高峰,2015-04-01,2015年4月1日,多云 /多云,29℃ / 19℃,南风 ≤3级 /南风 ≤3级,多云,多云,29,19,南风,≤3级,南风,≤3级,day
2015-04-01 15:00:00,市公安局,7、未按规定让行的 ,负全部责任,不负责任,1,贵GH4850,银,1,贵A23H78,白,自培,铁二局驾校,2007/6/25 0:00,2005/2/28 0:00,东风牌,马自达牌,724347000000000000 ,364548000000000000 ,198407,195909,15,2,4,工作日,非高峰,2015-04-01,2015年4月1日,多云 /多云,29℃ / 19℃,南风 ≤3级 /南风 ≤3级,多云,多云,29,19,南风,≤3级,南风,≤3级,day
2015-04-01 16:30:00,富源中路,3、倒车的,负全部责任,不负责任,1,贵A5761C,白色,1,贵AV7032,白色,自培,预约考试窗口,2003/12/30 0:00,2007/1/9 0:00,捷达,林海·雅马哈牌,354367000000000000 ,366569000000000000 ,196302,197502,16,2,4,工作日,非高峰,2015-04-01,2015年4月1日,多云 /多云,29℃ / 19℃,南风 ≤3级 /南风 ≤3级,多云,多云,29,19,南风,≤3级,南风,≤3级,day
2015-03-31 20:15:00,三桥,3、倒车的,负全部责任,不负责任,1,贵CNQ514,黑,1,贵G84295,黑,自培,自培,2006/7/25 0:00,2003/2/13 0:00,哈弗牌,夏利,366566000000000000 ,366361000000000000 ,197406,198411,20,1,3,工作日,非高峰,2015-03-31,2015年3月31日,多云 /多云,28℃ / 19℃,南风 ≤3级 /南风 ≤3级,多云,多云,28,19,南风,≤3级,南风,≤3级,night
2015-04-01 11:00:00,山林路,3、倒车的,负全部责任,不负责任,1,川J85324,白色,1,贵A88S83,白色,自培,自培,2013/6/5 0:00,2004/4/23 0:00,\N,大众牌,354166000000000000 ,364547000000000000 ,197705,197306,11,2,4,工作日,非高峰,2015-04-01,2015年4月1日,多云 /多云,29℃ / 19℃,南风 ≤3级 /南风 ≤3级,多云,多云,29,19,南风,≤3级,南风,≤3级,day
2015-04-01 08:40:00,西二环,7、未按规定让行的 ,负全部责任,不负责任,1,贵CFR161,黑,1,贵A72R71,红,自培,自培,2003/9/25 0:00,2003/4/22 0:00,长城牌,雪佛兰牌,366668000000000000 ,364556000000000000 ,197909,198401,8,2,4,工作日,早高峰(7-9点),2015-04-01,2015年4月1日,多云 /多云,29℃ / 19℃,南风 ≤3级 /南风 ≤3级,多云,多云,29,19,南风,≤3级,南风,≤3级,day
2015-04-01 10:00:00,四方河路,1、追尾的,负全部责任,不负责任,1,贵J08499,白色,1,贵A0274学,白色,自培,自培,2012/6/11 0:00,2001/5/14 0:00,瑞麒牌,-1,366862000000000000 ,364551000000000000 ,198802,198011,10,2,4,工作日,非高峰,2015-04-01,2015年4月1日,多云 /多云,29℃ / 19℃,南风 ≤3级 /南风 ≤3级,多云,多云,29,19,南风,≤3级,南风,≤3级,day
2015-04-01 13:40:00,商贸城,7、未按规定让行的 ,负全部责任,不负责任,0,渝CM9726,蓝,1,贵AUA331,黄,自培,自培,2011/7/15 0:00,2003/8/30 0:00,无,吉利美日牌,366363000000000000 ,366870000000000000 ,198607,197208,13,2,4,工作日,非高峰,2015-04-01,2015年4月1日,多云 /多云,29℃ / 19℃,南风 ≤3级 /南风 ≤3级,多云,多云,29,19,南风,≤3级,南风,≤3级,day
2015-04-01 16:10:00,白云区,1、追尾的,负全部责任,不负责任,1,贵A39Y38,银,1,苏H5E883,银,自培,贵州现代驾驶培训责任有限公司,2007/6/19 0:00,2013/9/2 0:00,奥迪牌,海马牌,366870000000000000 ,366669000000000000 ,197111,198501,16,2,4,工作日,非高峰,2015-04-01,2015年4月1日,多云 /多云,29℃ / 19℃,南风 ≤3级 /南风 ≤3级,多云,多云,29,19,南风,≤3级,南风,≤3级,day
2015-04-01 14:36:00,北京西路,7、未按规定让行的 ,负全部责任,不负责任,1,贵A9990Z,白,1,贵A8000T,银,自培,-1,2000/5/19 0:00,-1,起亚牌,北京现代牌,366363000000000000 ,357266000000000000 ,197308,198108,14,2,4,工作日,非高峰,2015-04-01,2015年4月1日,多云 /多云,29℃ / 19℃,南风 ≤3级 /南风 ≤3级,多云,多云,29,19,南风,≤3级,南风,≤3级,day
2015-04-01 17:00:00,东站,3、倒车的,负全部责任,不负责任,1,贵A592F2,白色,1,贵JV3726,白色,自培,-1,2006/8/1 0:00,-1,王牌牌,北京牌,705267000000000000 ,75460500000000000 ,198503,198204,17,2,4,工作日,晚高峰(17-19点),2015-04-01,2015年4月1日,多云 /多云,29℃ / 19℃,南风 ≤3级 /南风 ≤3级,多云,多云,29,19,南风,≤3级,南风,≤3级,day