accidenttime,accidentaddr,driver1fault,driver1responsibility,driver2responsibility,sex1,platenumber1,carcolor1,sex2,platenumber2,carcolor2,jxmc1,jxmc2,cclzrq1,cclzrq2,clpp1,clpp2,driver1license,driver2license,brith1,brith2,hour,weekday,month,is_weekday,peak_hour,date,日期,天气状况,气温,风力风向,day_wea,night_wea,day_tep,night_tep,day_wind_direction,day_wind_speed,night_wind_direction,night_wind_speed,segment
2015-04-01 18:00:00,花溪,1、追尾的,负全部责任,不负责任,1,贵GF0074,白,1,贵AVM476,白,自培,-1,2010/1/12 0:00,-1,江铃全顺牌,奥迪牌,06546651934643305X,55095500000000000 ,198502,198907,18,2,4,工作日,晚高峰(17-19点),2015-04-01,2015年4月1日,多云 /多云,29℃ / 19℃,南风 ≤3级 /南风 ≤3级,多云,多云,29,19,南风,≤3级,南风,≤3级,day
2015-04-02 07:30:00,保利紫薇郡,8、依法应负全责的其他情形,负全部责任,不负责任,1,贵A21F92,白,1,贵ABQ341,白,自培,-1,2007/3/13 0:00,-1,北京牌,黄海牌,366566000000000000 ,356163000000000000 ,198603,197202,7,3,4,工作日,早高峰(7-9点),2015-04-02,2015年4月2日,多云 /多云,30℃ / 18℃,南风 ≤3级 /南风 ≤3级,多云,多云,30,18,南风,≤3级,南风,≤3级,day
2015-04-02 08:00:00,龙洞堡,5、开关车门的,负全部责任,不负责任,1,贵AU2656,白色,1,贵ASY957,白色,自培,贵州省长安驾驶培训学校,2003/8/23 0:00,2013/7/4 0:00,喜马牌,起亚牌,366577000000000000 ,364551000000000000 ,197807,198604,8,3,4,工作日,早高峰(7-9点),2015-04-02,2015年4月2日,多云 /多云,30℃ / 18℃,南风 ≤3级 /南风 ≤3级,多云,多云,30,18,南风,≤3级,南风,≤3级,day
2015-04-02 09:10:00,北京西路,7、未按规定让行的 ,负全部责任,不负责任,1,贵A97X59,白,1,贵AJE931,黑,自培,520107,2002/7/4 0:00,2008/1/7 0:00,梅赛德斯-奔驰1796CC,三菱牌,364548000000000000 ,36637451984146447X,197605,198709,9,3,4,工作日,早高峰(7-9点),2015-04-02,2015年4月2日,多云 /多云,30℃ / 18℃,南风 ≤3级 /南风 ≤3级,多云,多云,30,18,南风,≤3级,南风,≤3级,day
2015-04-02 08:50:00,黔灵山路,1、追尾的,负全部责任,不负责任,1,贵AB5744,银,1,贵GY2547,银,自培,省交校,2001/8/30 0:00,2013/7/23 0:00,宗申,起亚牌,36455651835549445X,366063000000000000 ,197511,198309,8,3,4,工作日,早高峰(7-9点),2015-04-02,2015年4月2日,多云 /多云,30℃ / 18℃,南风 ≤3级 /南风 ≤3级,多云,多云,30,18,南风,≤3级,南风,≤3级,day
2015-04-02 09:30:00,紫林庵,1、追尾的,负全部责任,不负责任,1,贵AU7488,绿,1,贵A89G58,银,自培,景宏驾校,2000/8/28 0:00,2011/10/15 0:00,丰田牌,波罗牌,364548000000000000 ,364558000000000000 ,196402,199009,9,3,4,工作日,早高峰(7-9点),2015-04-02,2015年4月2日,多云 /多云,30℃ / 18℃,南风 ≤3级 /南风 ≤3级,多云,多云,30,18,南风,≤3级,南风,≤3级,day
2015-04-02 12:20:00,观山东路,1、追尾的,负全部责任,不负责任,1,渝FAB607,黑,1,浙JV152L,白,自培,-1,2006/3/1 0:00,-1,无,大众汽车牌,356667000000000000 ,276563000000000000 ,197204,199001,12,3,4,工作日,非高峰,2015-04-02,2015年4月2日,多云 /多云,30℃ / 18℃,南风 ≤3级 /南风 ≤3级,多云,多云,30,18,南风,≤3级,南风,≤3级,day
2015-04-02 10:30:00,三桥,7、未按规定让行的 ,负全部责任,不负责任,1,贵FAH417,银,1,贵AV7035,蓝,自培,-1,2014/12/8 0:00,-1,金杯牌,喜马牌,356768000000000000 ,36604551835665123X,197605,197512,10,3,4,工作日,非高峰,2015-04-02,2015年4月2日,多云 /多云,30℃ / 18℃,南风 ≤3级 /南风 ≤3级,多云,多云,30,18,南风,≤3级,南风,≤3级,day
2015-04-03 07:02:00,贵开路,1、追尾的,负全部责任,不负责任,1,贵AA3731,白,1,贵AU0315,白,自培,文通驾校,2003/5/28 0:00,2011/12/26 0:00,雅阁,劲隆牌,364547000000000000 ,364556000000000000 ,194408,198612,7,4,4,工作日,早高峰(7-9点),2015-04-03,2015年4月3日,多云 /多云,30℃ / 19℃,南风 ≤3级 /南风 ≤3级,多云,多云,30,19,南风,≤3级,南风,≤3级,day
2015-04-03 06:00:00,花溪大道,1、追尾的,负全部责任,不负责任,1,贵A54M64,白色,1,贵ASX525,白色,自培,520117,2009/4/15 0:00,2009/4/29 0:00,长安牌,马自达牌,74366500000000000 ,364551000000000000 ,198406,198602,6,4,4,工作日,非高峰,2015-04-03,2015年4月3日,多云 /多云,30℃ / 19℃,南风 ≤3级 /南风 ≤3级,多云,多云,30,19,南风,≤3级,南风,≤3级,day
2015-04-02 16:29:00,新世界,1、追尾的,负全部责任,不负责任,1,贵GL0346,黑,1,贵A98Z21,蓝,自培,-1,2004/4/12 0:00,-1,丰田牌,东风日产牌,366367000000000000 ,366669000000000000 ,197207,198410,16,3,4,工作日,非高峰,2015-04-02,2015年4月2日,多云 /多云,30℃ / 18℃,南风 ≤3级 /南风 ≤3级,多云,多云,30,18,南风,≤3级,南风,≤3级,day
2015-04-03 11:30:00,花溪区,3、倒车的,负全部责任,不负责任,1,贵A7BY42,白色,1,贵APX839,白色,自培,顺一驾驶培训学校,2006/12/29 0:00,2012/7/23 0:00,丰田牌,夏利牌,364551000000000000 ,366876000000000000 ,198802,198606,11,4,4,工作日,非高峰,2015-04-03,2015年4月3日,多云 /多云,30℃ / 19℃,南风 ≤3级 /南风 ≤3级,多云,多云,30,19,南风,≤3级,南风,≤3级,day
2015-04-03 12:20:00,省府路,8、依法应负全责的其他情形,负全部责任,不负责任,1,贵A87Z78,黑,1,贵AC2027,黑,自培,路路达驾校,2001/4/23 0:00,2012/3/18 0:00,奥迪牌,大阳,366367000000000000 ,364558000000000000 ,196804,198907,12,4,4,工作日,非高峰,2015-04-03,2015年4月3日,多云 /多云,30℃ / 19℃,南风 ≤3级 /南风 ≤3级,多云,多云,30,19,南风,≤3级,南风,≤3级,day
2015-04-03 12:30:00,云岩区,3、倒车的,负全部责任,不负责任,1,贵AJ6286,白,1,贵JJ9736,白,自培,时发驾校,2004/12/28 0:00,2011/11/22 0:00,奥迪牌,神行者2,35616551884269781X,364547000000000000 ,197706,199101,12,4,4,工作日,非高峰,2015-04-03,2015年4月3日,多云 /多云,30℃ / 19℃,南风 ≤3级 /南风 ≤3级,多云,多云,30,19,南风,≤3级,南风,≤3级,day
2015-04-03 11:00:00,北京西路,7、未按规定让行的 ,负全部责任,不负责任,1,贵AU6962,绿,1,粤JAV399,银,自培,-1,2002/3/28 0:00,-1,捷达牌,-1,366064000000000000 ,354368000000000000 ,197310,197509,11,4,4,工作日,非高峰,2015-04-03,2015年4月3日,多云 /多云,30℃ / 19℃,南风 ≤3级 /南风 ≤3级,多云,多云,30,19,南风,≤3级,南风,≤3级,day
2015-04-03 13:54:00,小河四方河路,7、未按规定让行的 ,负全部责任,不负责任,1,贵A508C7,黑色 ,1,贵A7989L,白色,自培,高新驾校,2014/10/31 0:00,2011/5/13 0:00,五菱牌,吉利牌,364567000000000000 ,364648000000000000 ,198705,194707,13,4,4,工作日,非高峰,2015-04-03,2015年4月3日,多云 /多云,30℃ / 19℃,南风 ≤3级 /南风 ≤3级,多云,多云,30,19,南风,≤3级,南风,≤3级,day
2015-04-01 18:01:00,花果园,3、倒车的,负全部责任,不负责任,1,浙G9P798,银,1,贵AAX865,黑,自培,自培,2014/10/11 0:00,2004/7/13 0:00,五菱牌,福克斯牌,724696000000000000 ,364547000000000000 ,198810,197610,18,2,4,工作日,晚高峰(17-19点),2015-04-01,2015年4月1日,多云 /多云,29℃ / 19℃,南风 ≤3级 /南风 ≤3级,多云,多云,29,19,南风,≤3级,南风,≤3级,day
2015-04-01 18:00:00,甘荫塘,7、未按规定让行的 ,负全部责任,不负责任,1,贵ANM919,白色,1,贵JPZ682,白色,自培,自培,2002/8/29 0:00,2005/8/29 0:00,雅阁牌,-1,366070000000000000 ,364547000000000000 ,196408,196806,18,2,4,工作日,晚高峰(17-19点),2015-04-01,2015年4月1日,多云 /多云,29℃ / 19℃,南风 ≤3级 /南风 ≤3级,多云,多云,29,19,南风,≤3级,南风,≤3级,day
2015-04-03 14:10:00,瑞金路,1、追尾的,负全部责任,不负责任,0,贵AAF787,白,1,贵ANB965,白,自培,520111,2003/12/22 0:00,2010/12/17 0:00,东风雪铁龙牌,福特牌,364548000000000000 ,364547000000000000 ,197509,198908,14,4,4,工作日,非高峰,2015-04-03,2015年4月3日,多云 /多云,30℃ / 19℃,南风 ≤3级 /南风 ≤3级,多云,多云,30,19,南风,≤3级,南风,≤3级,day
2015-04-03 14:30:00,小河,9、不符合前8款规定或者双方同时具有上述情形的,负同等责任,负同等责任,1,贵A66B67,白色,1,贵AW5348,白色,自培,新天驾校,2004/6/15 0:00,2012/3/10 0:00,丰田牌,飞肯牌,364556000000000000 ,366567000000000000 ,196304,199209,14,4,4,工作日,非高峰,2015-04-03,2015年4月3日,多云 /多云,30℃ / 19℃,南风 ≤3级 /南风 ≤3级,多云,多云,30,19,南风,≤3级,南风,≤3级,day
2015-04-03 14:55:00,大营坡,8、依法应负全责的其他情形,负全部责任,不负责任,1,贵APP559,黑,1,贵A79723,黑,自培,-1,2001/7/11 0:00,-1,大众汽车牌,东风日产牌,366367000000000000 ,366566000000000000 ,197812,198801,14,4,4,工作日,非高峰,2015-04-03,2015年4月3日,多云 /多云,30℃ / 19℃,南风 ≤3级 /南风 ≤3级,多云,多云,30,19,南风,≤3级,南风,≤3级,day
2015-04-03 16:30:00,东二环,9、不符合前8款规定或者双方同时具有上述情形的,负同等责任,负同等责任,1,贵AK7811,白色,1,云AB5937,白色,自培,（乌当区）全林驾驶培训有限公司,2003/6/30 0:00,2004/8/31 0:00,钱江牌,现代,36636751284058656X,364647000000000000 ,196704,197402,16,4,4,工作日,非高峰,2015-04-03,2015年4月3日,多云 /多云,30℃ / 19℃,南风 ≤3级 /南风 ≤3级,多云,多云,30,19,南风,≤3级,南风,≤3级,day
2015-04-03 15:00:00,油榨街,1、追尾的,负全部责任,不负责任,1,贵A7CC61,白色,1,贵A76K77,白色,自培,-1,2003/9/12 0:00,-1,长安牌,长城牌,364548000000000000 ,3645465194 ,198011,1980,15,4,4,工作日,非高峰,2015-04-03,2015年4月3日,多云 /多云,30℃ / 19℃,南风 ≤3级 /南风 ≤3级,多云,多云,30,19,南风,≤3级,南风,≤3级,day
2015-04-03 16:10:00,云潭路,7、未按规定让行的 ,负全部责任,不负责任,1,川L29374,黑,1,贵A8349E,黑,自培,-1,2006/5/13 0:00,-1,江铃牌,长安牌,355557000000000000 ,366061000000000000 ,197901,198603,16,4,4,工作日,非高峰,2015-04-03,2015年4月3日,多云 /多云,30℃ / 19℃,南风 ≤3级 /南风 ≤3级,多云,多云,30,19,南风,≤3级,南风,≤3级,day
2015-04-03 16:45:00,甲秀南路,1、追尾的,负全部责任,不负责任,1,贵A16G77,银,1,贵A7800Y,银,自培,-1,2004/5/15 0:00,-1,江铃牌,别克牌,364558000000000000 ,366664000000000000 ,198107,199202,16,4,4,工作日,非高峰,2015-04-03,2015年4月3日,多云 /多云,30℃ / 19℃,南风 ≤3级 /南风 ≤3级,多云,多云,30,19,南风,≤3级,南风,≤3级,day
2015-04-04 09:00:00,乌当,7、未按规定让行的 ,负全部责任,不负责任,1,贵AMJ448,银,1,贵A318M7,银,自培,贵工驾校,2004/8/16 0:00,2011/3/30 0:00,五菱牌,-1,366861000000000000 ,364548000000000000 ,197812,197206,9,5,4,工作日,早高峰(7-9点),2015-04-04,2015年4月4日,多云 /多云,29℃ / 18℃,南风 ≤3级 /南风 ≤3级,多云,多云,29,18,南风,≤3级,南风,≤3级,day
2015-04-04 05:26:00,商贸城,1、追尾的,负全部责任,不负责任,1,贵AGX491,银,1,贵AB564R,红,自培,金筑驾校,2009/6/15 0:00,2007/6/19 0:00,长安牌,吉利美日牌,64361500000000000 ,364568000000000000 ,198403,198606,5,5,4,工作日,非高峰,2015-04-04,2015年4月4日,多云 /多云,29℃ / 18℃,南风 ≤3级 /南风 ≤3级,多云,多云,29,18,南风,≤3级,南风,≤3级,night
2015-04-04 08:30:00,四方河,8、依法应负全责的其他情形,负全部责任,不负责任,1,贵4524542,白色,1,川BWH322,白色,自培,-1,2013/6/13 0:00,-1,-1,起亚牌,366067000000000000 ,354869000000000000 ,198610,197509,8,5,4,工作日,早高峰(7-9点),2015-04-04,2015年4月4日,多云 /多云,29℃ / 18℃,南风 ≤3级 /南风 ≤3级,多云,多云,29,18,南风,≤3级,南风,≤3级,day
2015-04-03 22:00:00,枣山路,7、未按规定让行的 ,负全部责任,不负责任,1,贵A21N77,白,0,贵A7BK61,白,自培,路路达驾校（白云区）,2004/7/14 0:00,2009/4/14 0:00,大众牌,丰田牌,364551000000000000 ,366670000000000000 ,198605,198807,22,4,4,工作日,非高峰,2015-04-03,2015年4月3日,多云 /多云,30℃ / 19℃,南风 ≤3级 /南风 ≤3级,多云,多云,30,19,南风,≤3级,南风,≤3级,night
2015-04-03 20:10:00,西二环,1、追尾的,负全部责任,不负责任,1,贵AMV043,银,1,贵AJU866,银,自培,人武驾校,2004/7/12 0:00,2014/4/22 0:00,一汽佳星牌,夏利牌,36687551854351847X,366046000000000000 ,197105,198211,20,4,4,工作日,非高峰,2015-04-03,2015年4月3日,多云 /多云,30℃ / 19℃,南风 ≤3级 /南风 ≤3级,多云,多云,30,19,南风,≤3级,南风,≤3级,night
2015-04-04 09:00:00,白云区,3、倒车的,负全部责任,不负责任,1,贵A1003G,白,1,贵A2800G,白,自培,长运驾校,2005/9/15 0:00,2011/6/10 0:00,福田牌,福克斯牌,364556000000000000 ,726647000000000000 ,197412,198606,9,5,4,工作日,早高峰(7-9点),2015-04-04,2015年4月4日,多云 /多云,29℃ / 18℃,南风 ≤3级 /南风 ≤3级,多云,多云,29,18,南风,≤3级,南风,≤3级,day
2015-04-04 09:20:00,四方河路,9、不符合前8款规定或者双方同时具有上述情形的,负同等责任,负同等责任,1,贵A0AN67,白色,1,贵A6818W,白色,自培,长运驾校,2003/4/23 0:00,2012/12/20 0:00,别克牌,起亚,364547000000000000 ,364556000000000000 ,198409,197303,9,5,4,工作日,早高峰(7-9点),2015-04-04,2015年4月4日,多云 /多云,29℃ / 18℃,南风 ≤3级 /南风 ≤3级,多云,多云,29,18,南风,≤3级,南风,≤3级,day
2015-04-04 09:36:00,观山湖,8、依法应负全责的其他情形,负全部责任,不负责任,1,贵A28P69,白,1,贵A1939S,白,自培,新天驾校,2004/6/15 0:00,2014/11/4 0:00,奥迪牌,比亚迪牌,364548000000000000 ,364556000000000000 ,198001,197704,9,5,4,工作日,早高峰(7-9点),2015-04-04,2015年4月4日,多云 /多云,29℃ / 18℃,南风 ≤3级 /南风 ≤3级,多云,多云,29,18,南风,≤3级,南风,≤3级,day
2015-04-04 09:58:00,贵兴路,1、追尾的,负全部责任,不负责任,1,贵AR3124,银,1,贵A26G48,银,自培,520115,2007/5/22 0:00,2009/2/11 0:00,飞肯牌,宝马牌,364547000000000000 ,364547000000000000 ,196410,199004,9,5,4,工作日,早高峰(7-9点),2015-04-04,2015年4月4日,多云 /多云,29℃ / 18℃,南风 ≤3级 /南风 ≤3级,多云,多云,29,18,南风,≤3级,南风,≤3级,day
2015-04-04 09:40:00,云潭南路,7、未按规定让行的 ,负全部责任,不负责任,1,贵AEQ599,银,1,贵A38890,绿,自培,消防驾校,2000/12/28 0:00,2001/12/6 0:00,宝马牌,万达牌,364557000000000000 ,364558000000000000 ,198211,196912,9,5,4,工作日,早高峰(7-9点),2015-04-04,2015年4月4日,多云 /多云,29℃ / 18℃,南风 ≤3级 /南风 ≤3级,多云,多云,29,18,南风,≤3级,南风,≤3级,day
2015-04-04 10:20:00,中山东路,1、追尾的,负全部责任,不负责任,1,贵AU9567,黄,1,贵ANM954,黑,自培,-1,2004/10/9 0:00,-1,瑞麒牌,长安牌,364557000000000000 ,366346000000000 ,198504,900325,10,5,4,工作日,非高峰,2015-04-04,2015年4月4日,多云 /多云,29℃ / 18℃,南风 ≤3级 /南风 ≤3级,多云,多云,29,18,南风,≤3级,南风,≤3级,day
2015-04-03 21:00:00,北京西路,1、追尾的,负全部责任,不负责任,1,贵AU9642,白,0,贵HCW594,白,自培,-1,2002/7/1 0:00,-1,重骑牌,大众牌,74667500000000000 ,366263000000000000 ,197905,198402,21,4,4,工作日,非高峰,2015-04-03,2015年4月3日,多云 /多云,30℃ / 19℃,南风 ≤3级 /南风 ≤3级,多云,多云,30,19,南风,≤3级,南风,≤3级,night
2015-04-04 11:00:00,机场路,7、未按规定让行的 ,负全部责任,不负责任,1,贵AC4867,白色,1,贵A24J97,白色,自培,自培,2006/1/4 0:00,2012/8/2 0:00,东本牌,北京现代牌,364548000000000000 ,364547000000000000 ,197209,196407,11,5,4,工作日,非高峰,2015-04-04,2015年4月4日,多云 /多云,29℃ / 18℃,南风 ≤3级 /南风 ≤3级,多云,多云,29,18,南风,≤3级,南风,≤3级,day
2015-04-04 11:30:00,宝山南路,1、追尾的,负全部责任,不负责任,1,贵A53F69,银,1,贵A73Z31,红,自培,自培,2004/9/19 0:00,1997/7/8 0:00,福特牌,吉利牌,364548000000000000 ,364547000000000000 ,197007,197903,11,5,4,工作日,非高峰,2015-04-04,2015年4月4日,多云 /多云,29℃ / 18℃,南风 ≤3级 /南风 ≤3级,多云,多云,29,18,南风,≤3级,南风,≤3级,day
2015-04-03 11:10:00,北京西路,1、追尾的,负全部责任,不负责任,1,鲁A18Z95,白,1,贵GV2878,白,自培,自培,2006/4/5 0:00,2002/10/29 0:00,\N,海马牌,784541000000000000 ,354767000000000000 ,197911,196807,11,4,4,工作日,非高峰,2015-04-03,2015年4月3日,多云 /多云,30℃ / 19℃,南风 ≤3级 /南风 ≤3级,多云,多云,30,19,南风,≤3级,南风,≤3级,day
2015-04-04 09:00:00,沙冲路,7、未按规定让行的 ,负全部责任,不负责任,1,贵A85N97,白色,1,贵AB6227,白色,自培,自培,2002/4/27 0:00,2003/11/2 0:00,雪佛兰牌,科雷傲,364547000000000000 ,776268000000000000 ,196107,194804,9,5,4,工作日,早高峰(7-9点),2015-04-04,2015年4月4日,多云 /多云,29℃ / 18℃,南风 ≤3级 /南风 ≤3级,多云,多云,29,18,南风,≤3级,南风,≤3级,day
2015-04-03 17:50:00,火车站,8、依法应负全责的其他情形,负全部责任,不负责任,1,贵GP2791,白,1,贵AUA064,白,自培,自培,2013/11/13 0:00,2001/9/29 0:00,长安牌,丰田牌,366366000000000000 ,364548000000000000 ,196812,196609,17,4,4,工作日,晚高峰(17-19点),2015-04-03,2015年4月3日,多云 /多云,30℃ / 19℃,南风 ≤3级 /南风 ≤3级,多云,多云,30,19,南风,≤3级,南风,≤3级,day
2015-04-04 10:00:00,解放路,7、未按规定让行的 ,负全部责任,不负责任,1,贵AEP821,白色,1,贵AV6646,白色,自培,自培,2003/4/11 0:00,2005/5/16 0:00,长安牌,福克斯(FOCUS)牌,364547000000000000 ,355247000000000000 ,198203,198701,10,5,4,工作日,非高峰,2015-04-04,2015年4月4日,多云 /多云,29℃ / 18℃,南风 ≤3级 /南风 ≤3级,多云,多云,29,18,南风,≤3级,南风,≤3级,day
2015-04-04 10:00:00,三江口,7、未按规定让行的 ,负全部责任,不负责任,1,桂CAQ939,白色,1,贵A73F36,白色,自培,自培,2003/4/25 0:00,2002/8/5 0:00,\N,别克牌,366561000000000000 ,364547000000000000 ,198306,197008,10,5,4,工作日,非高峰,2015-04-04,2015年4月4日,多云 /多云,29℃ / 18℃,南风 ≤3级 /南风 ≤3级,多云,多云,29,18,南风,≤3级,南风,≤3级,day
2015-04-04 09:00:00,解放桥立交桥,7、未按规定让行的 ,负全部责任,不负责任,1,贵A78S67,白色,1,贵ALS533,白色,自培,贵龙驾校（修文县）,2005/11/2 0:00,1999/9/17 0:00,东风牌,别克牌,354670000000000000 ,36454751385668007X,197201,195712,9,5,4,工作日,早高峰(7-9点),2015-04-04,2015年4月4日,多云 /多云,29℃ / 18℃,南风 ≤3级 /南风 ≤3级,多云,多云,29,18,南风,≤3级,南风,≤3级,day
2015-04-04 11:00:00,五里冲路段,9、不符合前8款规定或者双方同时具有上述情形的,负同等责任,负同等责任,1,贵AHZ746,白色,1,川A3VV29,白色,自培,-1,2004/11/10 0:00,-1,马自达牌,长安牌 ,366366000000000000 ,355567000000000000 ,197103,196909,11,5,4,工作日,非高峰,2015-04-04,2015年4月4日,多云 /多云,29℃ / 18℃,南风 ≤3级 /南风 ≤3级,多云,多云,29,18,南风,≤3级,南风,≤3级,day
2015-04-04 10:30:00,金清路,1、追尾的,负全部责任,不负责任,0,贵AB6425,银,1,贵A6769G,白,自培,520127,2002/6/12 0:00,2009/6/3 0:00,纳智捷牌,长城牌,364547000000000000 ,366369000000000000 ,197012,197510,10,5,4,工作日,非高峰,2015-04-04,2015年4月4日,多云 /多云,29℃ / 18℃,南风 ≤3级 /南风 ≤3级,多云,多云,29,18,南风,≤3级,南风,≤3级,day
2015-04-04 14:30:00,花溪大道,1、追尾的,负全部责任,不负责任,1,贵G68129,白色,1,贵AMF097,白色,自培,贵州省长安驾驶培训学校,2004/8/28 0:00,2010/7/30 0:00,隆鑫牌,时代牌,366669000000000000 ,366067000000000000 ,198206,198209,14,5,4,工作日,非高峰,2015-04-04,2015年4月4日,多云 /多云,29℃ / 18℃,南风 ≤3级 /南风 ≤3级,多云,多云,29,18,南风,≤3级,南风,≤3级,day
2015-04-04 15:45:00,大理石路,1、追尾的,负全部责任,不负责任,1,贵AAG177,黑色,1,贵A26K54,白色,自培,铁二局驾校,2005/3/21 0:00,2012/9/14 0:00,波罗牌,起亚牌,364548000000000000 ,366670000000000000 ,196403,198401,15,5,4,工作日,非高峰,2015-04-04,2015年4月4日,多云 /多云,29℃ / 18℃,南风 ≤3级 /南风 ≤3级,多云,多云,29,18,南风,≤3级,南风,≤3级,day
2015-04-04 15:45:00, 金源街,7、未按规定让行的 ,负全部责任,不负责任,1,闽DPY844,黄,1,豫GLE541,红,自培,-1,2009/7/17 0:00,-1,福克斯牌,东风日产牌,366070000000000000 ,54863500000000000 ,198607,196111,15,5,4,工作日,非高峰,2015-04-04,2015年4月4日,多云 /多云,29℃ / 18℃,南风 ≤3级 /南风 ≤3级,多云,多云,29,18,南风,≤3级,南风,≤3级,day
2015-04-04 17:10:00,金苏大道,8、依法应负全责的其他情形,负全部责任,不负责任,1,贵A98146,红,1,贵AZC492,黑,自培,-1,2006/7/4 0:00,-1,吉利牌,北京现代牌,366861000000000000 ,366566000000000000 ,197306,199305,17,5,4,工作日,晚高峰(17-19点),2015-04-04,2015年4月4日,多云 /多云,29℃ / 18℃,南风 ≤3级 /南风 ≤3级,多云,多云,29,18,南风,≤3级,南风,≤3级,day
2015-04-04 17:00:00,花溪大学城,7、未按规定让行的 ,负全部责任,不负责任,1,苏M6C684,白色,1,贵CLU234,白色,自培,-1,2009/6/19 0:00,-1,\N,长城牌,765698000000000000 ,366267000000000000 ,198812,198205,17,5,4,工作日,晚高峰(17-19点),2015-04-04,2015年4月4日,多云 /多云,29℃ / 18℃,南风 ≤3级 /南风 ≤3级,多云,多云,29,18,南风,≤3级,南风,≤3级,day
2015-04-04 17:50:00,延安中路,8、依法应负全责的其他情形,负全部责任,不负责任,1,贵A83C55,黄,0,贵 ART957,白,自培,消防驾校,2007/6/20 0:00,2011/3/21 0:00,北京现代牌,-1,364547000000000000 ,354766000000000000 ,196301,197610,17,5,4,工作日,晚高峰(17-19点),2015-04-04,2015年4月4日,多云 /多云,29℃ / 18℃,南风 ≤3级 /南风 ≤3级,多云,多云,29,18,南风,≤3级,南风,≤3级,day
2015-04-04 16:05:00,铁桥,1、追尾的,负全部责任,不负责任,1,贵ARB902,银,1,贵ASW811,黑,自培,（南明区）铁二局驾驶培训有限公司,2002/5/23 0:00,1990/7/13 0:00,宝马牌,丰田牌,364547000000000000 ,364547000000000000 ,198006,197103,16,5,4,工作日,非高峰,2015-04-04,2015年4月4日,多云 /多云,29℃ / 18℃,南风 ≤3级 /南风 ≤3级,多云,多云,29,18,南风,≤3级,南风,≤3级,day
2015-04-04 16:20:00,花溪,3、倒车的,负全部责任,不负责任,1,贵JDC776,白色,1,贵AB161F,黑色,自培,-1,2013/9/9 0:00,-1,北京现代牌,猎豹牌,65467500000000000 ,E43928276,198910,632,16,5,4,工作日,非高峰,2015-04-04,2015年4月4日,多云 /多云,29℃ / 18℃,南风 ≤3级 /南风 ≤3级,多云,多云,29,18,南风,≤3级,南风,≤3级,day
2015-04-05 13:30:00,小河香江路,1、追尾的,负全部责任,不负责任,1,贵A62G64,白色,1,贵AU8817,白色,自培,（白云区）消防驾驶培训学校,2003/9/23 0:00,2009/9/1 0:00,丰田牌,宝雕牌,35616751224143925X,74667500000000000 ,196609,197609,13,6,4,周末,非高峰,2015-04-05,2015年4月5日,阴 /阵雨,30℃ / 12℃,南风 ≤3级 /东北风 ≤3级,阴,阵雨,30,12,南风,≤3级,东北风,≤3级,day
2015-04-04 22:30:00,小河四十四医院,7、未按规定让行的 ,负全部责任,不负责任,1,贵A0927B,白色,1,贵GQ3544,白色,自培,-1,2013/4/10 0:00,-1,长安牌,别克牌,36687551934654151X,366369000000000000 ,198502,198111,22,5,4,工作日,非高峰,2015-04-04,2015年4月4日,多云 /多云,29℃ / 18℃,南风 ≤3级 /南风 ≤3级,多云,多云,29,18,南风,≤3级,南风,≤3级,night
2015-04-05 12:00:00,普天,7、未按规定让行的 ,负全部责任,不负责任,1,贵A98476,红,1,贵AB272W,黑,自培,自培,2005/4/25 0:00,2010/12/10 0:00,五征牌,东风雪铁龙牌,366046000000000000 ,36606751914155565X,196202,198909,12,6,4,周末,非高峰,2015-04-05,2015年4月5日,阴 /阵雨,30℃ / 12℃,南风 ≤3级 /东北风 ≤3级,阴,阵雨,30,12,南风,≤3级,东北风,≤3级,day
2015-04-05 09:10:00,白云区,3、倒车的,负全部责任,不负责任,1,贵CAF266,银,1,贵AMN625,红,自培,-1,2005/9/28 0:00,-1,梅赛德斯-奔驰,福田牌,366361000000000000 ,366068000000000000 ,198303,198109,9,6,4,周末,早高峰(7-9点),2015-04-05,2015年4月5日,阴 /阵雨,30℃ / 12℃,南风 ≤3级 /东北风 ≤3级,阴,阵雨,30,12,南风,≤3级,东北风,≤3级,day
2015-04-05 11:40:00,关山东路,1、追尾的,负全部责任,不负责任,1,贵AVE835,红,1,贵A4BL73,黑,自培,-1,2001/7/6 0:00,-1,雷克萨斯,大众牌,366363000000000000 ,3645465183406525X,197511,197504,11,6,4,周末,非高峰,2015-04-05,2015年4月5日,阴 /阵雨,30℃ / 12℃,南风 ≤3级 /东北风 ≤3级,阴,阵雨,30,12,南风,≤3级,东北风,≤3级,day