accidenttime,accidentaddr,driver1fault,driver1responsibility,driver2responsibility,sex1,platenumber1,carcolor1,sex2,platenumber2,carcolor2,jxmc1,jxmc2,cclzrq1,cclzrq2,clpp1,clpp2,driver1license,driver2license,brith1,brith2,hour,weekday,month,is_weekday,peak_hour,date,日期,天气状况,气温,风力风向,day_wea,night_wea,day_tep,night_tep,day_wind_direction,day_wind_speed,night_wind_direction,night_wind_speed,segment
2015-04-05 11:40:00,东山,7、未按规定让行的 ,负全部责任,不负责任,1,  贵AUA514,蓝,0,贵AGB702,银,自培,-1,2007/2/1 0:00,-1,-1,瑞麒牌,366364000000000000 ,364548000000000000 ,197111,196467,11,6,4,周末,非高峰,2015-04-05,2015年4月5日,阴 /阵雨,30℃ / 12℃,南风 ≤3级 /东北风 ≤3级,阴,阵雨,30,12,南风,≤3级,东北风,≤3级,day
2015-04-04 11:00:00,世纪城,7、未按规定让行的 ,负全部责任,不负责任,1,贵ARJ262,白,1,贵A7ZC25,白,自培,自培,2003/7/17 0:00,2004/4/9 0:00,五菱牌,-1,364548000000000000 ,36455651815467425X,198408,197910,11,5,4,工作日,非高峰,2015-04-04,2015年4月4日,多云 /多云,29℃ / 18℃,南风 ≤3级 /南风 ≤3级,多云,多云,29,18,南风,≤3级,南风,≤3级,day
2015-04-04 11:10:00,金清大道,7、未按规定让行的 ,负全部责任,不负责任,1,贵AN5655,银,1,贵A89110,红,自培,自培,2003/3/31 0:00,2002/7/11 0:00,宗申牌,乘龙牌,364547000000000000 ,366567000000000000 ,197806,197604,11,5,4,工作日,非高峰,2015-04-04,2015年4月4日,多云 /多云,29℃ / 18℃,南风 ≤3级 /南风 ≤3级,多云,多云,29,18,南风,≤3级,南风,≤3级,day
2015-04-04 14:10:00,小河黔江路,7、未按规定让行的 ,负全部责任,不负责任,1,贵ALW828,白色,1,贵ANA931,白色,自培,自培,2007/11/1 0:00,2005/9/29 0:00,斯柯达牌,骊威牌,364547000000000000 ,364548000000000000 ,198904,198411,14,5,4,工作日,非高峰,2015-04-04,2015年4月4日,多云 /多云,29℃ / 18℃,南风 ≤3级 /南风 ≤3级,多云,多云,29,18,南风,≤3级,南风,≤3级,day
2015-04-04 12:00:00,香雅村,8、依法应负全责的其他情形,负全部责任,不负责任,1,贵A22S98,白色,1,贵GQ6437,白色,自培,自培,2004/5/14 0:00,2005/5/30 0:00,别克牌,大众汽车牌,366868000000000000 ,366061000000000000 ,197912,198309,12,5,4,工作日,非高峰,2015-04-04,2015年4月4日,多云 /多云,29℃ / 18℃,南风 ≤3级 /南风 ≤3级,多云,多云,29,18,南风,≤3级,南风,≤3级,day
2015-04-05 17:00:00,高新区,8、依法应负全责的其他情形,负全部责任,不负责任,1,贵ABF304,银,1,贵AA257G,黑,自培,-1,2006/7/31 0:00,-1,五菱牌,思域(CIVIC)牌,354664000000000000 ,36369500000000000 ,197311,197909,17,6,4,周末,晚高峰(17-19点),2015-04-05,2015年4月5日,阴 /阵雨,30℃ / 12℃,南风 ≤3级 /东北风 ≤3级,阴,阵雨,30,12,南风,≤3级,东北风,≤3级,day
2015-04-05 19:30:00,大关,9、不符合前8款规定或者双方同时具有上述情形的,负同等责任,负同等责任,1,贵A80208,红,1,贵AW9295,白,自培,-1,2006/9/22 0:00,-1,豪泺牌,三铃牌,366347000000000000 ,355369000000000000 ,197903,198910,19,6,4,周末,晚高峰(17-19点),2015-04-05,2015年4月5日,阴 /阵雨,30℃ / 12℃,南风 ≤3级 /东北风 ≤3级,阴,阵雨,30,12,南风,≤3级,东北风,≤3级,day
2015-04-05 19:30:00,二浦,7、未按规定让行的 ,负全部责任,不负责任,1,贵A20202,白,1,贵ASZ196,红,自培,-1,2004/6/21 0:00,-1,华威驰乐牌,雪佛兰牌,366364000000000000 ,366575000000000000 ,197809,198705,19,6,4,周末,晚高峰(17-19点),2015-04-05,2015年4月5日,阴 /阵雨,30℃ / 12℃,南风 ≤3级 /东北风 ≤3级,阴,阵雨,30,12,南风,≤3级,东北风,≤3级,day
2015-04-05 20:00:00,车水路,7、未按规定让行的 ,负全部责任,不负责任,1,贵A5BN57,白色,1,贵AVC454,白色,自培,新天驾校,2004/7/5 0:00,2011/7/4 0:00,大众汽车牌,福特牌,36455551825555447X,364547000000000000 ,197611,198304,20,6,4,周末,非高峰,2015-04-05,2015年4月5日,阴 /阵雨,30℃ / 12℃,南风 ≤3级 /东北风 ≤3级,阴,阵雨,30,12,南风,≤3级,东北风,≤3级,night
2015-04-06 09:30:00,开发大道,1、追尾的,负全部责任,不负责任,1,贵A2010J,白色,1,贵A09918,白色,自培,铁二局驾校（南明区）,2001/11/26 0:00,1995/5/10 0:00,大众汽车牌,万达牌,364556000000000000 ,364547000000000000 ,197012,196905,9,0,4,工作日,早高峰(7-9点),2015-04-06,2015年4月6日,阵雨 /阵雨,17℃ / 7℃,东北风 ≤3级 /东北风 ≤3级,阵雨,阵雨,17,7,东北风,≤3级,东北风,≤3级,day
2015-04-05 23:20:00,宝山北路,8、依法应负全责的其他情形,负全部责任,不负责任,1,贵AV9551,黑,1,贵A15F72,蓝,自培,-1,2007/5/15 0:00,-1,雷克牌,梅赛德斯-奔驰牌,72606951924753507X,364547000000000 ,198603,570906,23,6,4,周末,非高峰,2015-04-05,2015年4月5日,阴 /阵雨,30℃ / 12℃,南风 ≤3级 /东北风 ≤3级,阴,阵雨,30,12,南风,≤3级,东北风,≤3级,night
2015-04-06 00:00:00,开发大道,7、未按规定让行的 ,负全部责任,不负责任,1,贵AE5076,白色,1,贵CNQ416,白色,自培,520107,2003/9/3 0:00,2008/7/1 0:00,东南,大众牌,354364000000000000 ,364566000000000000 ,196802,198710,0,0,4,工作日,非高峰,2015-04-06,2015年4月6日,阵雨 /阵雨,17℃ / 7℃,东北风 ≤3级 /东北风 ≤3级,阵雨,阵雨,17,7,东北风,≤3级,东北风,≤3级,night
2015-04-06 12:00:00,头桥,9、不符合前8款规定或者双方同时具有上述情形的,负同等责任,负同等责任,1,贵A66R34,银,1,贵A69N19,红,自培,新天驾校,2000/3/30 0:00,2010/12/22 0:00,夏利牌,威乐牌,366361000000000000 ,366068000000000000 ,195701,195602,12,0,4,工作日,非高峰,2015-04-06,2015年4月6日,阵雨 /阵雨,17℃ / 7℃,东北风 ≤3级 /东北风 ≤3级,阵雨,阵雨,17,7,东北风,≤3级,东北风,≤3级,day
2015-04-06 13:21:00,兴关路,7、未按规定让行的 ,负全部责任,不负责任,1,贵AUA581,白色,1,贵AU4051,白色,自培,-1,2000/9/25 0:00,-1,大众汽车牌,桑塔纳牌,366367000000000000 ,366868000000000000 ,198203,196510,13,0,4,工作日,非高峰,2015-04-06,2015年4月6日,阵雨 /阵雨,17℃ / 7℃,东北风 ≤3级 /东北风 ≤3级,阵雨,阵雨,17,7,东北风,≤3级,东北风,≤3级,day
2015-04-06 09:00:00,南站,7、未按规定让行的 ,负全部责任,不负责任,1,贵GN9788,白色,1,贵AP5B46,白色,自培,凯信驾校,2006/6/27 0:00,2011/7/14 0:00,传祺牌,-1,364556000000000000 ,364548000000000000 ,197102,196105,9,0,4,工作日,早高峰(7-9点),2015-04-06,2015年4月6日,阵雨 /阵雨,17℃ / 7℃,东北风 ≤3级 /东北风 ≤3级,阵雨,阵雨,17,7,东北风,≤3级,东北风,≤3级,day
2015-04-06 11:40:00,五里冲,7、未按规定让行的 ,负全部责任,不负责任,1,贵GM8139, 银,1,贵AU6698,蓝,自培,（乌当区）全林驾驶培训有限公司,2003/8/27 0:00,1998/3/31 0:00,福克斯牌,嘉陵牌,366347000000000000 ,36454651894041065X,198111,197804,11,0,4,工作日,非高峰,2015-04-06,2015年4月6日,阵雨 /阵雨,17℃ / 7℃,东北风 ≤3级 /东北风 ≤3级,阵雨,阵雨,17,7,东北风,≤3级,东北风,≤3级,day
2015-04-06 16:30:00,五里冲路,7、未按规定让行的 ,负全部责任,不负责任,1,贵ACL726,白色,1,贵A4646A,白色,自培,顺一驾驶培训学校,2008/12/12 0:00,2011/8/17 0:00,长安牌,长安牌,36687451984560585X,344668000000000000 ,198701,199010,16,0,4,工作日,非高峰,2015-04-06,2015年4月6日,阵雨 /阵雨,17℃ / 7℃,东北风 ≤3级 /东北风 ≤3级,阵雨,阵雨,17,7,东北风,≤3级,东北风,≤3级,day
2015-04-06 14:00:00,汤巴关,8、依法应负全责的其他情形,负全部责任,不负责任,1,云LAH872,白,0,贵AKM287,红,自培,-1,2014/6/23 0:00,-1,思威牌,东风标致牌,377446000000000000 ,366668000000000000 ,198112,197906,14,0,4,工作日,非高峰,2015-04-06,2015年4月6日,阵雨 /阵雨,17℃ / 7℃,东北风 ≤3级 /东北风 ≤3级,阵雨,阵雨,17,7,东北风,≤3级,东北风,≤3级,day
2015-04-06 15:16:00,小河,8、依法应负全责的其他情形,负全部责任,不负责任,1, 贵A67F43,黑色,1,贵A68G35,白色,自培,-1,2001/7/13 0:00,-1,-1,思威牌,364548000000000000 ,36455700000000000 ,197604,196081,15,0,4,工作日,非高峰,2015-04-06,2015年4月6日,阵雨 /阵雨,17℃ / 7℃,东北风 ≤3级 /东北风 ≤3级,阵雨,阵雨,17,7,东北风,≤3级,东北风,≤3级,day
2015-04-06 14:00:00,凤凰山,9、不符合前8款规定或者双方同时具有上述情形的,负同等责任,负同等责任,1,贵AWY898,白色,1,渝B32766,白色,自培,-1,2005/9/5 0:00,-1,起亚,-1,364548000000000000 ,366277000000000000 ,197801,198710,14,0,4,工作日,非高峰,2015-04-06,2015年4月6日,阵雨 /阵雨,17℃ / 7℃,东北风 ≤3级 /东北风 ≤3级,阵雨,阵雨,17,7,东北风,≤3级,东北风,≤3级,day
2015-04-06 16:00:00,花溪,7、未按规定让行的 ,负全部责任,不负责任,0,琼A15881,黑,1,贵A692C6,银,自培,（云岩区）省交通职业技术驾驶培训学校,2007/6/25 0:00,2011/9/9 0:00,豪爵牌,长安牌,364548000000000000 ,366670000000000000 ,197104,197812,16,0,4,工作日,非高峰,2015-04-06,2015年4月6日,阵雨 /阵雨,17℃ / 7℃,东北风 ≤3级 /东北风 ≤3级,阵雨,阵雨,17,7,东北风,≤3级,东北风,≤3级,day
2015-04-06 16:00:00,金清路,3、倒车的,负全部责任,不负责任,1,贵A98289,红,1,贵O594761,红,自培,-1,2002/8/13 0:00,-1,豪泺牌,-1,366068000000000000 ,3645570000000000 ,196912,810823,16,0,4,工作日,非高峰,2015-04-06,2015年4月6日,阵雨 /阵雨,17℃ / 7℃,东北风 ≤3级 /东北风 ≤3级,阵雨,阵雨,17,7,东北风,≤3级,东北风,≤3级,day
2015-04-06 18:00:00,二浦,8、依法应负全责的其他情形,负全部责任,不负责任,1,贵A4R803,白,1,贵A93Z16,黄,自培,-1,2002/5/20 0:00,-1,众泰牌,福克斯牌,364646000000000000 ,364596000000000000 ,197810,199010,18,0,4,工作日,晚高峰(17-19点),2015-04-06,2015年4月6日,阵雨 /阵雨,17℃ / 7℃,东北风 ≤3级 /东北风 ≤3级,阵雨,阵雨,17,7,东北风,≤3级,东北风,≤3级,day
2015-04-06 18:30:00,松花江路,7、未按规定让行的 ,负全部责任,不负责任,1,贵A75G22,白色,1,贵A4950Y,白色,自培,贵州晨运驾驶培训学校,2004/1/30 0:00,2007/10/22 0:00,东风标致牌,北京现代牌,364547000000000000 ,354657000000000000 ,196902,197810,18,0,4,工作日,晚高峰(17-19点),2015-04-06,2015年4月6日,阵雨 /阵雨,17℃ / 7℃,东北风 ≤3级 /东北风 ≤3级,阵雨,阵雨,17,7,东北风,≤3级,东北风,≤3级,day
2015-04-05 19:54:00,东二环,1、追尾的,负全部责任,不负责任,1,贵AV1728,黑,1,贵A9743E,银,自培,自培,2003/5/31 0:00,2003/12/2 0:00,比亚迪牌,三菱牌,366566000000000000 ,355461000000000000 ,197008,197209,19,6,4,周末,晚高峰(17-19点),2015-04-05,2015年4月5日,阴 /阵雨,30℃ / 12℃,南风 ≤3级 /东北风 ≤3级,阴,阵雨,30,12,南风,≤3级,东北风,≤3级,day
2015-04-05 16:00:00,世纪城,8、依法应负全责的其他情形,负全部责任,不负责任,1,云A153U7,黑,1,贵AK6779,银,自培,自培,2004/11/11 0:00,2004/12/17 0:00,帕萨特牌,大运牌,77626751824058411X,364547000000000000 ,197604,197301,16,6,4,周末,非高峰,2015-04-05,2015年4月5日,阴 /阵雨,30℃ / 12℃,南风 ≤3级 /东北风 ≤3级,阴,阵雨,30,12,南风,≤3级,东北风,≤3级,day
2015-04-05 16:45:00,金竹镇,7、未按规定让行的 ,负全部责任,不负责任,1,贵A9447X,白色,1,贵ADE891,白色,自培,自培,2004/9/13 0:00,2004/12/30 0:00,中华牌,雅阁牌,366061000000000000 ,36455551924067425X,197011,198604,16,6,4,周末,非高峰,2015-04-05,2015年4月5日,阴 /阵雨,30℃ / 12℃,南风 ≤3级 /东北风 ≤3级,阴,阵雨,30,12,南风,≤3级,东北风,≤3级,day
2015-04-05 14:20:00,中华北路,1、追尾的,负全部责任,不负责任,1,贵AMT495,黑,1,贵A81R95,黑,自培,自培,2007/9/25 0:00,2002/4/29 0:00,比亚迪牌,Q7牌,364558000000000000 ,364547000000000000 ,197309,197110,14,6,4,周末,非高峰,2015-04-05,2015年4月5日,阴 /阵雨,30℃ / 12℃,南风 ≤3级 /东北风 ≤3级,阴,阵雨,30,12,南风,≤3级,东北风,≤3级,day
2015-04-06 20:20:00,三桥,3、倒车的,负全部责任,不负责任,1,贵A599C6,银,1,贵AB466J,蓝,自培,-1,2003/12/5 0:00,-1,江淮牌,长安牌,366363000000000000 ,366064000000000000 ,198509,198606,20,0,4,工作日,非高峰,2015-04-06,2015年4月6日,阵雨 /阵雨,17℃ / 7℃,东北风 ≤3级 /东北风 ≤3级,阵雨,阵雨,17,7,东北风,≤3级,东北风,≤3级,night
2015-04-07 00:00:00,华丰市场门口,9、不符合前8款规定或者双方同时具有上述情形的,负同等责任,负同等责任,1,贵AGR334,白色,1,贵A4BF61,白色,自培,鑫鑫驾校,2003/7/25 0:00,2012/2/1 0:00,解放牌,雪佛兰牌,366068000000000000 ,366068000000000000 ,198110,199306,0,1,4,工作日,非高峰,2015-04-07,2015年4月7日,小雨 /小雨,9℃ / 5℃,东北风 ≤3级 /东北风 ≤3级,小雨,小雨,9,5,东北风,≤3级,东北风,≤3级,night
2015-04-07 03:00:00,小河转盘,7、未按规定让行的 ,负全部责任,不负责任,1,贵ABZ141,白色,1,贵A2G959,白色,自培,时发驾校,2004/8/12 0:00,2013/2/27 0:00,宝马牌,-1,364547000000000000 ,366663000000000000 ,198209,198307,3,1,4,工作日,非高峰,2015-04-07,2015年4月7日,小雨 /小雨,9℃ / 5℃,东北风 ≤3级 /东北风 ≤3级,小雨,小雨,9,5,东北风,≤3级,东北风,≤3级,night
2015-04-07 07:00:00,花溪,1、追尾的,负全部责任,不负责任,1,贵AH5264,黑色,1,贵AJ2479,白色,自培,消防驾校,2003/10/24 0:00,1992/1/6 0:00,雅阁牌,豪爵牌,364556000000000000 ,364556000000000000 ,196904,197302,7,1,4,工作日,早高峰(7-9点),2015-04-07,2015年4月7日,小雨 /小雨,9℃ / 5℃,东北风 ≤3级 /东北风 ≤3级,小雨,小雨,9,5,东北风,≤3级,东北风,≤3级,day
2015-04-07 08:10:00,飞山街,7、未按规定让行的 ,负全部责任,不负责任,1,贵A82582,黑,1,贵A42399,白,自培,铁二局驾校,2006/12/19 0:00,2014/5/4 0:00,江淮牌,东风,364547000000000000 ,366566000000000000 ,197202,198011,8,1,4,工作日,早高峰(7-9点),2015-04-07,2015年4月7日,小雨 /小雨,9℃ / 5℃,东北风 ≤3级 /东北风 ≤3级,小雨,小雨,9,5,东北风,≤3级,东北风,≤3级,day
2015-04-07 07:40:00,次南门,7、未按规定让行的 ,负全部责任,不负责任,1,贵GL8787,绿,1,贵AU5934,蓝,自培,自培,2004/7/29 0:00,2003/7/17 0:00,骐达牌,宗申牌,364557000000000000 ,366567000000000000 ,197902,198304,7,1,4,工作日,早高峰(7-9点),2015-04-07,2015年4月7日,小雨 /小雨,9℃ / 5℃,东北风 ≤3级 /东北风 ≤3级,小雨,小雨,9,5,东北风,≤3级,东北风,≤3级,day
2015-04-07 08:30:00,太慈桥,7、未按规定让行的 ,负全部责任,不负责任,1,贵A03371,红,1,贵A9431F,黄,自培,鑫鑫驾校,2005/2/1 0:00,2012/11/18 0:00,长安,福克斯牌,364557000000000000 ,364558000000000000 ,198109,198411,8,1,4,工作日,早高峰(7-9点),2015-04-07,2015年4月7日,小雨 /小雨,9℃ / 5℃,东北风 ≤3级 /东北风 ≤3级,小雨,小雨,9,5,东北风,≤3级,东北风,≤3级,day
2015-04-07 09:20:00,小河,7、未按规定让行的 ,负全部责任,不负责任,1,贵AKL478,白色,1,贵A16N63,白色,自培,文通驾校,2007/7/24 0:00,-1,北京现代牌,长安牌,5966510000000000 ,366064000000000000 ,196212,197809,9,1,4,工作日,早高峰(7-9点),2015-04-07,2015年4月7日,小雨 /小雨,9℃ / 5℃,东北风 ≤3级 /东北风 ≤3级,小雨,小雨,9,5,东北风,≤3级,东北风,≤3级,day
2015-04-07 09:35:00,白云区,7、未按规定让行的 ,负全部责任,不负责任,1,贵A0381T,银,1,贵A19N39,白,自培,时发驾校,2003/4/10 0:00,2010/8/2 0:00,五菱牌,蒙迪欧牌,364596000000000000 ,366368000000000000 ,197409,198304,9,1,4,工作日,早高峰(7-9点),2015-04-07,2015年4月7日,小雨 /小雨,9℃ / 5℃,东北风 ≤3级 /东北风 ≤3级,小雨,小雨,9,5,东北风,≤3级,东北风,≤3级,day
2015-04-07 09:50:00,北京西路,8、依法应负全责的其他情形,负全部责任,不负责任,1,贵AHH285,红,1,浙DB6J55,白,自培,吉源驾校,2003/8/27 0:00,2014/9/26 0:00,东南牌,-1,364556000000000000 ,664248000000000000 ,198309,197110,9,1,4,工作日,早高峰(7-9点),2015-04-07,2015年4月7日,小雨 /小雨,9℃ / 5℃,东北风 ≤3级 /东北风 ≤3级,小雨,小雨,9,5,东北风,≤3级,东北风,≤3级,day
2015-04-07 00:00:00,青云路,3、倒车的,负全部责任,不负责任,1,贵JAL126,白色,1,云AA3X53,白色,自培,自培,2007/2/14 0:00,2011/11/14 0:00,福克斯牌,一汽牌,366064000000000000 ,364548000000000000 ,198302,199110,0,1,4,工作日,非高峰,2015-04-07,2015年4月7日,小雨 /小雨,9℃ / 5℃,东北风 ≤3级 /东北风 ≤3级,小雨,小雨,9,5,东北风,≤3级,东北风,≤3级,night
2015-04-07 12:08:00,世纪城,7、未按规定让行的 ,负全部责任,不负责任,0,贵AKS827,黑,1,贵AB448V,白,自培,520127,2006/8/14 0:00,2009/10/27 0:00,东风日产牌,哈飞牌,366566000000000000 ,364596000000000000 ,197002,198911,12,1,4,工作日,非高峰,2015-04-07,2015年4月7日,小雨 /小雨,9℃ / 5℃,东北风 ≤3级 /东北风 ≤3级,小雨,小雨,9,5,东北风,≤3级,东北风,≤3级,day
2015-04-07 12:30:00,四方河路,7、未按规定让行的 ,负全部责任,不负责任,1,贵AU9952,白色,1,贵A4BN29,白色,自培,520131,2005/9/23 0:00,2010/5/11 0:00,瑞麒牌,大众牌,366063000000000000 ,364547000000000000 ,198308,198708,12,1,4,工作日,非高峰,2015-04-07,2015年4月7日,小雨 /小雨,9℃ / 5℃,东北风 ≤3级 /东北风 ≤3级,小雨,小雨,9,5,东北风,≤3级,东北风,≤3级,day
2015-04-07 11:00:00, 世纪城,1、追尾的,负全部责任,不负责任,1,贵AU5694,绿,1,贵A5BN37,黑,自培,520136,2006/7/13 0:00,2008/5/13 0:00,捷达牌,梅赛德斯-奔驰牌,366861000000000000 ,364548000000000000 ,197506,198612,11,1,4,工作日,非高峰,2015-04-07,2015年4月7日,小雨 /小雨,9℃ / 5℃,东北风 ≤3级 /东北风 ≤3级,小雨,小雨,9,5,东北风,≤3级,东北风,≤3级,day
2015-04-07 10:00:00,大营路口,7、未按规定让行的 ,负全部责任,不负责任,1,贵AKR853,白色,1,贵A5AS90,白色,自培,贵州现代驾驶培训责任有限公司,2004/2/26 0:00,2014/3/25 0:00,波罗牌,马自达牌,364557000000000000 ,366576000000000000 ,196510,198402,10,1,4,工作日,非高峰,2015-04-07,2015年4月7日,小雨 /小雨,9℃ / 5℃,东北风 ≤3级 /东北风 ≤3级,小雨,小雨,9,5,东北风,≤3级,东北风,≤3级,day
2015-04-07 14:00:00,沙冲南路,1、追尾的,负全部责任,不负责任,1,贵A78322,白色,1,贵A82H33,白色,自培,自培,2002/5/13 0:00,2008/5/12 0:00,红宇牌,比亚迪牌,364548000000000000 ,366562000000000000 ,198311,198611,14,1,4,工作日,非高峰,2015-04-07,2015年4月7日,小雨 /小雨,9℃ / 5℃,东北风 ≤3级 /东北风 ≤3级,小雨,小雨,9,5,东北风,≤3级,东北风,≤3级,day
2015-04-07 21:00:00,北京西路,1、追尾的,负全部责任,不负责任,1,湘A67H47,黑,1,贵AKA117,黑,自培,-1,2003/12/17 0:00,-1,北京现代牌,长城牌,76366500000000000 ,34546500000000000 ,196807,973011,21,1,4,工作日,非高峰,2015-04-07,2015年4月7日,小雨 /小雨,9℃ / 5℃,东北风 ≤3级 /东北风 ≤3级,小雨,小雨,9,5,东北风,≤3级,东北风,≤3级,night
2015-04-07 14:00:00,野鸭塘,6、违反交通信号的,负全部责任,不负责任,1,贵AEH589,黑,1,贵A09955,绿,自培,-1,2004/8/30 0:00,-1,宝马牌,东风日产柴牌,366368000000000000 ,706244000000 ,198406,503938,14,1,4,工作日,非高峰,2015-04-07,2015年4月7日,小雨 /小雨,9℃ / 5℃,东北风 ≤3级 /东北风 ≤3级,小雨,小雨,9,5,东北风,≤3级,东北风,≤3级,day
2015-04-09 08:00:00,广顺路,1、追尾的,负全部责任,不负责任,1,贵ATR998,黑,1,贵ANZ875,白,自培,消防驾校,2001/1/5 0:00,2012/11/10 0:00,大众汽车牌,东风雪铁龙牌,366066000000000000 ,364558000000000000 ,196205,198003,8,3,4,工作日,早高峰(7-9点),2015-04-09,2015年4月9日,阴 /小雨,11℃ / 7℃,东北风 ≤3级 /东北风 ≤3级,阴,小雨,11,7,东北风,≤3级,东北风,≤3级,day
2015-04-06 20:00:00,花溪,3、倒车的,负全部责任,不负责任,1,贵AP4591,白色,1,贵AC359L,白色,自培,自培,2006/6/21 0:00,2006/8/28 0:00,本田牌,东风雪铁龙牌,364547000000000000 ,364556000000000000 ,197410,198110,20,0,4,工作日,非高峰,2015-04-06,2015年4月6日,阵雨 /阵雨,17℃ / 7℃,东北风 ≤3级 /东北风 ≤3级,阵雨,阵雨,17,7,东北风,≤3级,东北风,≤3级,night
2015-04-07 08:00:00,中华南路,7、未按规定让行的 ,负全部责任,不负责任,1,贵A15N34,白色,1,贵AU1891,白色,自培,自培,2000/6/14 0:00,2003/4/10 0:00,丰田牌,宗申牌,364547000000000000 ,36636051814766443X,197006,197903,8,1,4,工作日,早高峰(7-9点),2015-04-07,2015年4月7日,小雨 /小雨,9℃ / 5℃,东北风 ≤3级 /东北风 ≤3级,小雨,小雨,9,5,东北风,≤3级,东北风,≤3级,day
2015-04-07 07:30:00,黔灵山路,1、追尾的,负全部责任,不负责任,1,贵AL8817,银,1,贵GL6168,白,自培,自培,2002/6/10 0:00,2002/8/27 0:00,别克牌,福克斯牌,364548000000000000 ,36455751214160403X,196404,196909,7,1,4,工作日,早高峰(7-9点),2015-04-07,2015年4月7日,小雨 /小雨,9℃ / 5℃,东北风 ≤3级 /东北风 ≤3级,小雨,小雨,9,5,东北风,≤3级,东北风,≤3级,day
2015-04-07 21:50:00,喷水池,9、不符合前8款规定或者双方同时具有上述情形的,负同等责任,负同等责任,1,贵AVL378,黑,1,贵AEP152,银,自培,-1,2003/2/12 0:00,-1,大众牌,大众汽车牌,36454751304664447X,364544000000 ,195402,83430,21,1,4,工作日,非高峰,2015-04-07,2015年4月7日,小雨 /小雨,9℃ / 5℃,东北风 ≤3级 /东北风 ≤3级,小雨,小雨,9,5,东北风,≤3级,东北风,≤3级,night
2015-04-07 18:00:00,百花山,1、追尾的,负全部责任,不负责任,1,贵A6A259,黑,0,贵GM6965,银,自培,贵州现代驾驶培训责任有限公司,2005/8/30 0:00,2013/2/19 0:00,-1,大众牌,364556000000000000 ,366347000000000000 ,198112,198009,18,1,4,工作日,晚高峰(17-19点),2015-04-07,2015年4月7日,小雨 /小雨,9℃ / 5℃,东北风 ≤3级 /东北风 ≤3级,小雨,小雨,9,5,东北风,≤3级,东北风,≤3级,day
2015-04-07 18:00:00,花果园,7、未按规定让行的 ,负全部责任,不负责任,1,贵A83Y55,白色,1,贵JBU437,白色,自培,520129,2001/4/4 0:00,2004/4/21 0:00,梅赛德斯-奔驰牌,吉利美日牌,35416551284651753X,366347000000000000 ,196702,197901,18,1,4,工作日,晚高峰(17-19点),2015-04-07,2015年4月7日,小雨 /小雨,9℃ / 5℃,东北风 ≤3级 /东北风 ≤3级,小雨,小雨,9,5,东北风,≤3级,东北风,≤3级,day
2015-04-08 08:30:00,金阳,1、追尾的,负全部责任,不负责任,1,贵A39N91,黄,0,贵ANF753,银,自培,自培,2004/6/10 0:00,2004/3/20 0:00,比亚迪牌,别克牌,364547000000000000 ,366046000000000000 ,196310,197811,8,2,4,工作日,早高峰(7-9点),2015-04-08,2015年4月8日,小雨 /小雨,10℃ / 6℃,东北风 ≤3级 /东北风 ≤3级,小雨,小雨,10,6,东北风,≤3级,东北风,≤3级,day
2015-04-08 08:40:00,大营坡,7、未按规定让行的 ,负全部责任,不负责任,1,贵A59357,银,1,贵AH7366,银,自培,-1,2010/2/10 0:00,-1,日产牌,喜马牌,574661000000000000 ,364547000000000 ,198811,570606,8,2,4,工作日,早高峰(7-9点),2015-04-08,2015年4月8日,小雨 /小雨,10℃ / 6℃,东北风 ≤3级 /东北风 ≤3级,小雨,小雨,10,6,东北风,≤3级,东北风,≤3级,day
2015-04-08 08:30:00,曹关,7、未按规定让行的 ,负全部责任,不负责任,1,贵AEJ258,蓝,1,贵A90578,银,自培,-1,2006/6/9 0:00,-1,中华牌,福田,366363000000000000 ,66062500000000000 ,197102,196809,8,2,4,工作日,早高峰(7-9点),2015-04-08,2015年4月8日,小雨 /小雨,10℃ / 6℃,东北风 ≤3级 /东北风 ≤3级,小雨,小雨,10,6,东北风,≤3级,东北风,≤3级,day
2015-04-08 07:00:00,花溪大道,1、追尾的,负全部责任,不负责任,1,贵A76A76,白色,1,贵A9F334,白色,自培,新华驾校,2000/12/9 0:00,2014/9/23 0:00,雷克萨斯,大众汽车牌,36636351874042814X,366761000000000000 ,197304,198109,7,2,4,工作日,早高峰(7-9点),2015-04-08,2015年4月8日,小雨 /小雨,10℃ / 6℃,东北风 ≤3级 /东北风 ≤3级,小雨,小雨,10,6,东北风,≤3级,东北风,≤3级,day
2015-04-08 09:10:00,白云医院,8、依法应负全责的其他情形,负全部责任,不负责任,1,贵AG6543,黑,1,贵ANW158,黑,自培,520116,2003/10/24 0:00,2009/9/18 0:00,北京现代,长城牌,364558000000000000 ,364557000000000000 ,196812,197409,9,2,4,工作日,早高峰(7-9点),2015-04-08,2015年4月8日,小雨 /小雨,10℃ / 6℃,东北风 ≤3级 /东北风 ≤3级,小雨,小雨,10,6,东北风,≤3级,东北风,≤3级,day
2015-04-08 09:40:00,新添大道,1、追尾的,负全部责任,不负责任,1,贵A4460C,蓝,1,贵A89026,银,自培,新天驾校,2006/8/10 0:00,2013/3/12 0:00,奇瑞牌,豪泺牌,364557000000000000 ,364557000000000000 ,197804,198903,9,2,4,工作日,早高峰(7-9点),2015-04-08,2015年4月8日,小雨 /小雨,10℃ / 6℃,东北风 ≤3级 /东北风 ≤3级,小雨,小雨,10,6,东北风,≤3级,东北风,≤3级,day