accidenttime,accidentaddr,driver1fault,driver1responsibility,driver2responsibility,sex1,platenumber1,carcolor1,sex2,platenumber2,carcolor2,jxmc1,jxmc2,cclzrq1,cclzrq2,clpp1,clpp2,driver1license,driver2license,brith1,brith2,hour,weekday,month,is_weekday,peak_hour,date,日期,天气状况,气温,风力风向,day_wea,night_wea,day_tep,night_tep,day_wind_direction,day_wind_speed,night_wind_direction,night_wind_speed,segment
2015-04-09 16:30:00,西二环,1、追尾的,负全部责任,不负责任,1,贵AFJ769,银,1,贵GE8627,白,自培,-1,2002/7/4 0:00,-1,奥迪牌,雪佛兰牌,4360510000000000 ,574197000000000000 ,196608,199006,16,3,4,工作日,非高峰,2015-04-09,2015年4月9日,阴 /小雨,11℃ / 7℃,东北风 ≤3级 /东北风 ≤3级,阴,小雨,11,7,东北风,≤3级,东北风,≤3级,day
2015-04-08 10:44:00,北京西路,9、不符合前8款规定或者双方同时具有上述情形的,负同等责任,负同等责任,1,贵A46R22,黑,1,贵A81Z28,黄,自培,-1,2006/10/17 0:00,-1,丰田牌,三菱牌,704043000000000000 ,364548000000000000 ,196411,198703,10,2,4,工作日,非高峰,2015-04-08,2015年4月8日,小雨 /小雨,10℃ / 6℃,东北风 ≤3级 /东北风 ≤3级,小雨,小雨,10,6,东北风,≤3级,东北风,≤3级,day
2015-04-08 11:00:00,都司路,3、倒车的,负全部责任,不负责任,1,贵AEZ951,银,0,贵AAA271,银,自培,-1,2004/8/29 0:00,-1,长安牌,双庆牌,366364000000000000 ,364548000000000 ,196212,730615,11,2,4,工作日,非高峰,2015-04-08,2015年4月8日,小雨 /小雨,10℃ / 6℃,东北风 ≤3级 /东北风 ≤3级,小雨,小雨,10,6,东北风,≤3级,东北风,≤3级,day
2015-04-08 13:42:00,花果园,6、违反交通信号的,负全部责任,不负责任,1,贵A1609C,白色,1,贵A51B56,白色,自培,贵州省长安驾驶培训学校,2001/11/1 0:00,2011/6/27 0:00,五菱牌,丰田牌,366876000000000000 ,364557000000000000 ,197806,198708,13,2,4,工作日,非高峰,2015-04-08,2015年4月8日,小雨 /小雨,10℃ / 6℃,东北风 ≤3级 /东北风 ≤3级,小雨,小雨,10,6,东北风,≤3级,东北风,≤3级,day
2015-04-08 15:00:00,金阳,7、未按规定让行的 ,负全部责任,不负责任,1,贵AU7397,蓝,1,贵AU1665,绿,自培,-1,2011/1/12 0:00,-1,恒通客车牌,大众牌,64995500000000000 ,366069000000000000 ,198704,197911,15,2,4,工作日,非高峰,2015-04-08,2015年4月8日,小雨 /小雨,10℃ / 6℃,东北风 ≤3级 /东北风 ≤3级,小雨,小雨,10,6,东北风,≤3级,东北风,≤3级,day
2015-04-08 18:50:00,五里冲,7、未按规定让行的 ,负全部责任,不负责任,1,渝AV3613,白色,1,贵A5880L,白色,自培,-1,2005/2/5 0:00,-1,正好牌,解放牌,354747000000000000 ,3645480000000000 ,196608,197502,18,2,4,工作日,晚高峰(17-19点),2015-04-08,2015年4月8日,小雨 /小雨,10℃ / 6℃,东北风 ≤3级 /东北风 ≤3级,小雨,小雨,10,6,东北风,≤3级,东北风,≤3级,day
2015-04-08 16:20:00,头桥,8、依法应负全责的其他情形,负全部责任,不负责任,1,贵APC246,黑,1,贵AU0610,蓝,自培,自培,2004/8/26 0:00,2010/9/26 0:00,金杯牌,豪爵牌,35416551204957525X,364548000000000000 ,196408,198604,16,2,4,工作日,非高峰,2015-04-08,2015年4月8日,小雨 /小雨,10℃ / 6℃,东北风 ≤3级 /东北风 ≤3级,小雨,小雨,10,6,东北风,≤3级,东北风,≤3级,day
2015-04-08 17:35:00,安云路,8、依法应负全责的其他情形,负全部责任,不负责任,1,贵AEE065,红,0,贵A5BG82,白,自培,-1,2004/8/17 0:00,-1,荣威牌,福特牌,366347000000000000 ,37456351924766580X,198108,198603,17,2,4,工作日,晚高峰(17-19点),2015-04-08,2015年4月8日,小雨 /小雨,10℃ / 6℃,东北风 ≤3级 /东北风 ≤3级,小雨,小雨,10,6,东北风,≤3级,东北风,≤3级,day
2015-04-08 21:20:00,八匹马,8、依法应负全责的其他情形,负全部责任,不负责任,1,川KCJ724,白,1,贵A2441F,黑,自培,-1,2010/9/19 0:00,-1,比亚迪牌,比亚迪牌,355456000000000000 ,366565000000000000 ,197909,985501,21,2,4,工作日,非高峰,2015-04-08,2015年4月8日,小雨 /小雨,10℃ / 6℃,东北风 ≤3级 /东北风 ≤3级,小雨,小雨,10,6,东北风,≤3级,东北风,≤3级,night
2015-04-08 20:00:00,水东路,1、追尾的,负全部责任,不负责任,1,贵A3AV81,银,0,贵AM6582,白,自培,-1,2007/5/17 0:00,-1,三菱牌,奥铃牌,366067000000000000 ,354366000000000000 ,198208,197910,20,2,4,工作日,非高峰,2015-04-08,2015年4月8日,小雨 /小雨,10℃ / 6℃,东北风 ≤3级 /东北风 ≤3级,小雨,小雨,10,6,东北风,≤3级,东北风,≤3级,night
2015-04-08 22:00:00,机场,8、依法应负全责的其他情形,负全部责任,不负责任,1,贵GL1824,白色,1,贵A8351N,白色,自培,阳光驾校,2014/11/5 0:00,2012/11/1 0:00,昌河铃木牌,英伦牌,364596000000000000 ,364547000000000000 ,199304,199009,22,2,4,工作日,非高峰,2015-04-08,2015年4月8日,小雨 /小雨,10℃ / 6℃,东北风 ≤3级 /东北风 ≤3级,小雨,小雨,10,6,东北风,≤3级,东北风,≤3级,night
2015-04-09 07:55:00,金阳,7、未按规定让行的 ,负全部责任,不负责任,1,贵AFH793,黄,0,贵ASU238,银,自培,消防驾校,2006/4/20 0:00,2013/7/12 0:00,东风牌,斯柯达牌,354366000000000000 ,364548000000000000 ,197203,198807,7,3,4,工作日,早高峰(7-9点),2015-04-09,2015年4月9日,阴 /小雨,11℃ / 7℃,东北风 ≤3级 /东北风 ≤3级,阴,小雨,11,7,东北风,≤3级,东北风,≤3级,day
2015-04-07 14:30:00,黄河路,1、追尾的,负全部责任,不负责任,1,贵AU7047,白色,1,贵AUM848,白色,自培,自培,2002/10/10 0:00,2003/9/12 0:00,捷达牌,五菱牌,364551000000000000 ,366061000000000000 ,197906,197708,14,1,4,工作日,非高峰,2015-04-07,2015年4月7日,小雨 /小雨,9℃ / 5℃,东北风 ≤3级 /东北风 ≤3级,小雨,小雨,9,5,东北风,≤3级,东北风,≤3级,day
2015-04-08 08:20:00,花溪大道,9、不符合前8款规定或者双方同时具有上述情形的,负同等责任,负同等责任,1,贵AR7282,白色,1,贵AS7729,白色,自培,自培,2004/10/19 0:00,2003/4/17 0:00,金马牌,力帆牌,356168000000000000 ,366564000000000000 ,196404,196602,8,2,4,工作日,早高峰(7-9点),2015-04-08,2015年4月8日,小雨 /小雨,10℃ / 6℃,东北风 ≤3级 /东北风 ≤3级,小雨,小雨,10,6,东北风,≤3级,东北风,≤3级,day
2015-04-08 11:00:00,金钟桥,1、追尾的,负全部责任,不负责任,1,贵AT6348,红,1,贵A33331,银,自培,自培,2007/1/23 0:00,2005/11/25 0:00,金福牌,万达,366347000000000000 ,364548000000000000 ,198110,196906,11,2,4,工作日,非高峰,2015-04-08,2015年4月8日,小雨 /小雨,10℃ / 6℃,东北风 ≤3级 /东北风 ≤3级,小雨,小雨,10,6,东北风,≤3级,东北风,≤3级,day
2015-04-09 08:05:00,沙冲路,4、停车时未挂低速档、未拉驻车制动，导致车辆滑行的,负全部责任,不负责任,1,贵A8AM84,黑,1,贵AM1655,红,自培,-1,2006/5/17 0:00,-1,大众牌,北京现代牌,366570000000000000 ,64167500000000000 ,197404,197310,8,3,4,工作日,早高峰(7-9点),2015-04-09,2015年4月9日,阴 /小雨,11℃ / 7℃,东北风 ≤3级 /东北风 ≤3级,阴,小雨,11,7,东北风,≤3级,东北风,≤3级,day
2015-04-09 09:00:00,西南商贸城,7、未按规定让行的 ,负全部责任,不负责任,1,贵FL8913,黑,1,贵A55R65,红,自培,520109,2006/7/13 0:00,2008/12/3 0:00,东风雪铁龙牌,威志牌,366068000000000000 ,364568000000000000 ,196512,199002,9,3,4,工作日,早高峰(7-9点),2015-04-09,2015年4月9日,阴 /小雨,11℃ / 7℃,东北风 ≤3级 /东北风 ≤3级,阴,小雨,11,7,东北风,≤3级,东北风,≤3级,day
2015-04-09 07:40:00,白云区,3、倒车的,负全部责任,不负责任,1,贵JBQ994,红,1,贵A2E869,白,自培,贵州晨运驾驶培训学校,2006/4/20 0:00,2006/6/16 0:00,东风日产牌,东风标致牌,366570000000000000 ,366363000000000000 ,197506,197810,7,3,4,工作日,早高峰(7-9点),2015-04-09,2015年4月9日,阴 /小雨,11℃ / 7℃,东北风 ≤3级 /东北风 ≤3级,阴,小雨,11,7,东北风,≤3级,东北风,≤3级,day
2015-04-09 09:34:00,金花镇,7、未按规定让行的 ,负全部责任,不负责任,1,鄂F4G253,白,1,云GQ9325,蓝,自培,-1,2008/3/26 0:00,-1,\N,长安,64297500000000000 ,376363000000000000 ,198412,196511,9,3,4,工作日,早高峰(7-9点),2015-04-09,2015年4月9日,阴 /小雨,11℃ / 7℃,东北风 ≤3级 /东北风 ≤3级,阴,小雨,11,7,东北风,≤3级,东北风,≤3级,day
2015-04-09 10:30:00,友谊路,1、追尾的,负全部责任,不负责任,1,贵AU1909,白色,1,贵A16K14,白色,自培,-1,2006/10/16 0:00,-1,瑞麒牌,丰田牌,74667500000000000 ,36454700000000000 ,198408,197104,10,3,4,工作日,非高峰,2015-04-09,2015年4月9日,阴 /小雨,11℃ / 7℃,东北风 ≤3级 /东北风 ≤3级,阴,小雨,11,7,东北风,≤3级,东北风,≤3级,day
2015-04-09 09:50:00,杨家山隧道,1、追尾的,负全部责任,不负责任,1,贵AWC328,银,1,贵AKH142,蓝,自培,-1,2006/12/19 0:00,-1,宝来牌,中华牌,364547000000000000 ,364546000000000 ,197706,550823,9,3,4,工作日,早高峰(7-9点),2015-04-09,2015年4月9日,阴 /小雨,11℃ / 7℃,东北风 ≤3级 /东北风 ≤3级,阴,小雨,11,7,东北风,≤3级,东北风,≤3级,day
2015-04-09 13:00:00,白云北路,7、未按规定让行的 ,负全部责任,不负责任,1,贵A5051J,白,1,浙K90659,红,自培,-1,2003/8/11 0:00,-1,解放牌,五菱牌,36455651814267765X,364568000000000000 ,197906,199302,13,3,4,工作日,非高峰,2015-04-09,2015年4月9日,阴 /小雨,11℃ / 7℃,东北风 ≤3级 /东北风 ≤3级,阴,小雨,11,7,东北风,≤3级,东北风,≤3级,day
2015-04-09 10:50:00,碧海南路,7、未按规定让行的 ,负全部责任,不负责任,1,贵AU7684,绿,1,贵A3AN61,银,自培,-1,2001/12/28 0:00,-1,捷达牌,黄海牌,35746151854867338X,35546751836369721X,197107,197525,10,3,4,工作日,非高峰,2015-04-09,2015年4月9日,阴 /小雨,11℃ / 7℃,东北风 ≤3级 /东北风 ≤3级,阴,小雨,11,7,东北风,≤3级,东北风,≤3级,day
2015-04-09 10:00:00,花溪,1、追尾的,负全部责任,不负责任,1,贵AGW222,白色,1,贵G69898,白色,自培,贵大佳德驾驶培训学校,2000/11/22 0:00,2013/4/17 0:00,起亚牌,奇瑞牌,364548000000000000 ,366369000000000000 ,198003,198106,10,3,4,工作日,非高峰,2015-04-09,2015年4月9日,阴 /小雨,11℃ / 7℃,东北风 ≤3级 /东北风 ≤3级,阴,小雨,11,7,东北风,≤3级,东北风,≤3级,day
2015-04-09 11:00:00,万东桥,7、未按规定让行的 ,负全部责任,不负责任,1,贵A94P88,白色,1,贵A22C35,白色,自培,新天驾校,2000/7/11 0:00,2009/3/13 0:00,北京现代牌,众泰牌,366347000000000000 ,364556000000000000 ,198105,199001,11,3,4,工作日,非高峰,2015-04-09,2015年4月9日,阴 /小雨,11℃ / 7℃,东北风 ≤3级 /东北风 ≤3级,阴,小雨,11,7,东北风,≤3级,东北风,≤3级,day
2015-04-09 18:00:00,恒大绿洲,8、依法应负全责的其他情形,负全部责任,不负责任,1,贵A29062,白,1,贵A8724H,黑,自培,520126,2006/11/21 0:00,2009/12/23 0:00,解放牌,五菱牌,366347000000000000 ,366347000000000000 ,198104,197406,18,3,4,工作日,晚高峰(17-19点),2015-04-09,2015年4月9日,阴 /小雨,11℃ / 7℃,东北风 ≤3级 /东北风 ≤3级,阴,小雨,11,7,东北风,≤3级,东北风,≤3级,day
2015-04-09 16:50:00,富源路,9、不符合前8款规定或者双方同时具有上述情形的,负同等责任,负同等责任,1,桂KG4817,红,1,贵AED897,银,自培,-1,2003/12/29 0:00,-1,\N,明锐牌,34160500000000000 ,366067000000000000 ,198402,199207,16,3,4,工作日,非高峰,2015-04-09,2015年4月9日,阴 /小雨,11℃ / 7℃,东北风 ≤3级 /东北风 ≤3级,阴,小雨,11,7,东北风,≤3级,东北风,≤3级,day
2015-04-09 17:30:00,后坝,8、依法应负全责的其他情形,负全部责任,不负责任,1,贵APR039,黑,1,贵AA073L,蓝,自培,预约考试窗口,2010/11/16 0:00,2007/4/12 0:00,雅阁牌,丰田牌,356166000000000000 ,355266000000000000 ,196801,198510,17,3,4,工作日,晚高峰(17-19点),2015-04-09,2015年4月9日,阴 /小雨,11℃ / 7℃,东北风 ≤3级 /东北风 ≤3级,阴,小雨,11,7,东北风,≤3级,东北风,≤3级,day
2015-04-09 17:00:00,甲秀南路,1、追尾的,负全部责任,不负责任,1,贵AA147R,白,1,贵A12913,银,自培,-1,2009/6/17 0:00,-1,雪佛兰科帕奇,轰轰烈牌,364556000000000000 ,366061000000000000 ,197408,198312,17,3,4,工作日,晚高峰(17-19点),2015-04-09,2015年4月9日,阴 /小雨,11℃ / 7℃,东北风 ≤3级 /东北风 ≤3级,阴,小雨,11,7,东北风,≤3级,东北风,≤3级,day
2015-04-09 21:30:00,新华路,1、追尾的,负全部责任,不负责任,1,贵AVB331,银,1,贵AU6797,蓝,自培,自培,2007/2/12 0:00,1997/5/20 0:00,雪佛兰科帕奇,蜀都牌,366863000000000000 ,366347000000000000 ,198411,197402,21,3,4,工作日,非高峰,2015-04-09,2015年4月9日,阴 /小雨,11℃ / 7℃,东北风 ≤3级 /东北风 ≤3级,阴,小雨,11,7,东北风,≤3级,东北风,≤3级,night
2015-04-10 00:00:00,西南环线,1、追尾的,负全部责任,不负责任,1,贵A91P43,白色,1,贵AFR331,白色,自培,兴黔,2003/10/23 0:00,2005/2/1 0:00,五菱牌,大众汽车牌,364551000000000000 ,366563000000000000 ,197801,197311,0,4,4,工作日,非高峰,2015-04-10,2015年4月10日,小雨 /小雨,12℃ / 8℃,东北风 ≤3级 /东北风 ≤3级,小雨,小雨,12,8,东北风,≤3级,东北风,≤3级,night
2015-04-10 09:00:00,小河,8、依法应负全责的其他情形,负全部责任,不负责任,1,贵A87V69,白色,1,贵AKU482,白色,自培,鑫鑫驾校,2004/10/13 0:00,2011/6/13 0:00,大众牌,朗逸牌,366662000000000000 ,36657651874966496X,197405,197308,9,4,4,工作日,早高峰(7-9点),2015-04-10,2015年4月10日,小雨 /小雨,12℃ / 8℃,东北风 ≤3级 /东北风 ≤3级,小雨,小雨,12,8,东北风,≤3级,东北风,≤3级,day
2015-04-10 08:00:00,金阳客站,7、未按规定让行的 ,负全部责任,不负责任,0,渝CN6529,白,1,贵A5BW21,白,自培,-1,2000/10/11 0:00,-1,五十铃牌,哈弗牌,354698000000000000 ,366367000000000000 ,198010,198412,8,4,4,工作日,早高峰(7-9点),2015-04-10,2015年4月10日,小雨 /小雨,12℃ / 8℃,东北风 ≤3级 /东北风 ≤3级,小雨,小雨,12,8,东北风,≤3级,东北风,≤3级,day
2015-04-10 07:40:00,北京西路,8、依法应负全责的其他情形,负全部责任,不负责任,1,湘EF7337,银,1,贵AET566,银,自培,520118,2010/10/26 0:00,2011/4/20 0:00,五菱牌,福特牌,356164000000000000 ,364548000000000000 ,197011,198512,7,4,4,工作日,早高峰(7-9点),2015-04-10,2015年4月10日,小雨 /小雨,12℃ / 8℃,东北风 ≤3级 /东北风 ≤3级,小雨,小雨,12,8,东北风,≤3级,东北风,≤3级,day
2015-04-10 08:10:00,白云区,7、未按规定让行的 ,负全部责任,不负责任,1,贵AKC372,蓝,1,陕A639W0,黄,自培,-1,2002/9/27 0:00,-1,奇瑞牌,\N,366363000000000000 ,254551000000000000 ,197701,198601,8,4,4,工作日,早高峰(7-9点),2015-04-10,2015年4月10日,小雨 /小雨,12℃ / 8℃,东北风 ≤3级 /东北风 ≤3级,小雨,小雨,12,8,东北风,≤3级,东北风,≤3级,day
2015-04-10 08:25:00,金阳,8、依法应负全责的其他情形,负全部责任,不负责任,0,贵A9493P,黑,1,川E62546,黑,自培,-1,2012/12/3 0:00,-1,福克斯牌,-1,36455651334642630X,354366000000000000 ,195502,197010,8,4,4,工作日,早高峰(7-9点),2015-04-10,2015年4月10日,小雨 /小雨,12℃ / 8℃,东北风 ≤3级 /东北风 ≤3级,小雨,小雨,12,8,东北风,≤3级,东北风,≤3级,day
2015-04-10 07:40:00,小河,1、追尾的,负全部责任,不负责任,1,贵CL6493,白色,1,贵AKJ284,白色,自培,520126,2002/1/14 0:00,2010/3/10 0:00,隆鑫牌,福克斯牌,36606651825667405X,25657751844950035X,197612,197008,7,4,4,工作日,早高峰(7-9点),2015-04-10,2015年4月10日,小雨 /小雨,12℃ / 8℃,东北风 ≤3级 /东北风 ≤3级,小雨,小雨,12,8,东北风,≤3级,东北风,≤3级,day
2015-04-10 10:00:00,金武路,8、依法应负全责的其他情形,负全部责任,不负责任,1,贵A6BK71,白,1,冀E0B383,白,自培,-1,2002/6/24 0:00,-1,宝马,长安牌,364548000000000000 ,574062000000000000 ,198111,198410,10,4,4,工作日,非高峰,2015-04-10,2015年4月10日,小雨 /小雨,12℃ / 8℃,东北风 ≤3级 /东北风 ≤3级,小雨,小雨,12,8,东北风,≤3级,东北风,≤3级,day
2015-04-10 10:25:00,花溪,7、未按规定让行的 ,负全部责任,不负责任,1,川XM4139,白色,1,湘ATB727,白色,自培,-1,2013/3/16 0:00,-1,大众牌,飞度牌,356170000000000000 ,355761000000000000 ,197012,198912,10,4,4,工作日,非高峰,2015-04-10,2015年4月10日,小雨 /小雨,12℃ / 8℃,东北风 ≤3级 /东北风 ≤3级,小雨,小雨,12,8,东北风,≤3级,东北风,≤3级,day
2015-04-10 10:00:00,乌当,1、追尾的,负全部责任,不负责任,1,贵A27489,白,1,贵AU3723,白,自培,自培,2004/9/2 0:00,2001/9/25 0:00,长城,钱江牌,364557000000000000 ,364557000000000000 ,198201,198209,10,4,4,工作日,非高峰,2015-04-10,2015年4月10日,小雨 /小雨,12℃ / 8℃,东北风 ≤3级 /东北风 ≤3级,小雨,小雨,12,8,东北风,≤3级,东北风,≤3级,day
2015-04-10 11:40:00,油榨街,8、依法应负全责的其他情形,负全部责任,不负责任,1,贵AU5281,白色,1,贵A27V38,白色,自培,鑫鑫驾校,2003/6/30 0:00,2012/3/26 0:00,宗申牌,飞度,366063000000000000 ,366064000000000000 ,197804,198403,11,4,4,工作日,非高峰,2015-04-10,2015年4月10日,小雨 /小雨,12℃ / 8℃,东北风 ≤3级 /东北风 ≤3级,小雨,小雨,12,8,东北风,≤3级,东北风,≤3级,day
2015-04-10 13:00:00,开发大道,7、未按规定让行的 ,负全部责任,不负责任,1,贵AN5631,黑色,1,贵G84222,白色,自培,诚信驾驶培训学校,2004/10/28 0:00,2014/9/12 0:00,别克牌,沃尔沃牌,36634551954974407X,357167000000000000 ,198108,198407,13,4,4,工作日,非高峰,2015-04-10,2015年4月10日,小雨 /小雨,12℃ / 8℃,东北风 ≤3级 /东北风 ≤3级,小雨,小雨,12,8,东北风,≤3级,东北风,≤3级,day
2015-04-10 11:30:00,二戈寨,8、依法应负全责的其他情形,负全部责任,不负责任,1,贵AHW253,白,1,贵AKW562,白,自培,-1,2006/6/21 0:00,-1,奇瑞牌,思域牌,364558000000000000 ,366663000000000000 ,197409,198111,11,4,4,工作日,非高峰,2015-04-10,2015年4月10日,小雨 /小雨,12℃ / 8℃,东北风 ≤3级 /东北风 ≤3级,小雨,小雨,12,8,东北风,≤3级,东北风,≤3级,day
2015-04-10 09:40:00,马王庙,8、依法应负全责的其他情形,负全部责任,不负责任,1,贵A633E5,银,1,贵AB233C,黑,自培,贵龙驾校（修文县）,2007/4/12 0:00,2012/2/7 0:00,江淮牌,精灵,366364000000000000 ,364557000000000000 ,196307,198502,9,4,4,工作日,早高峰(7-9点),2015-04-10,2015年4月10日,小雨 /小雨,12℃ / 8℃,东北风 ≤3级 /东北风 ≤3级,小雨,小雨,12,8,东北风,≤3级,东北风,≤3级,day
2015-04-10 14:10:00,三桥,7、未按规定让行的 ,负全部责任,不负责任,1,贵AU2662,蓝,1,晋KAP718,黑,自培,-1,2005/4/12 0:00,-1,宝来牌,启辰牌,366875000000000000 ,506062000000000000 ,197402,199103,14,4,4,工作日,非高峰,2015-04-10,2015年4月10日,小雨 /小雨,12℃ / 8℃,东北风 ≤3级 /东北风 ≤3级,小雨,小雨,12,8,东北风,≤3级,东北风,≤3级,day
2015-04-10 14:00:00,小河,3、倒车的,负全部责任,不负责任,1,贵AV9243,白色,1,闽AQZ795,白色,自培,阳光驾校,2004/6/2 0:00,2011/10/19 0:00,嘉陵牌,斯巴鲁 XV,364551000000000000 ,734569000000000000 ,197303,197709,14,4,4,工作日,非高峰,2015-04-10,2015年4月10日,小雨 /小雨,12℃ / 8℃,东北风 ≤3级 /东北风 ≤3级,小雨,小雨,12,8,东北风,≤3级,东北风,≤3级,day
2015-04-10 14:00:00,改茶路,7、未按规定让行的 ,负全部责任,不负责任,1,贵AUA044,蓝,1,贵AU3189,黑,自培,顺一驾驶培训学校,2007/7/26 0:00,2011/12/29 0:00,丰田牌,劲隆牌,366570000000000000 ,364568000000000000 ,198802,199004,14,4,4,工作日,非高峰,2015-04-10,2015年4月10日,小雨 /小雨,12℃ / 8℃,东北风 ≤3级 /东北风 ≤3级,小雨,小雨,12,8,东北风,≤3级,东北风,≤3级,day
2015-04-10 15:29:00,白云,8、依法应负全责的其他情形,负全部责任,不负责任,0,贵ALV842,白,1,贵AE0415,白,自培,-1,2002/11/6 0:00,-1,长安牌,建设牌,366063000000000000 ,354366000000000000 ,196611,198305,15,4,4,工作日,非高峰,2015-04-10,2015年4月10日,小雨 /小雨,12℃ / 8℃,东北风 ≤3级 /东北风 ≤3级,小雨,小雨,12,8,东北风,≤3级,东北风,≤3级,day
2015-04-10 14:10:00,迎峰大道,1、追尾的,负全部责任,不负责任,1,贵AVA210,黑,1,渝C18491,白,自培,-1,2001/9/4 0:00,-1,-1,吉利牌,364558000000000000 ,354696000000000000 ,196810,198204,14,4,4,工作日,非高峰,2015-04-10,2015年4月10日,小雨 /小雨,12℃ / 8℃,东北风 ≤3级 /东北风 ≤3级,小雨,小雨,12,8,东北风,≤3级,东北风,≤3级,day
2015-04-10 16:00:00,小河,7、未按规定让行的 ,负全部责任,不负责任,1,贵4565904,白色,1,贵A044C6,白色,自培,自培,2004/5/29 0:00,2012/12/7 0:00,-1,扬子牌,36455551924048425X,36455751864669405X,198604,197202,16,4,4,工作日,非高峰,2015-04-10,2015年4月10日,小雨 /小雨,12℃ / 8℃,东北风 ≤3级 /东北风 ≤3级,小雨,小雨,12,8,东北风,≤3级,东北风,≤3级,day
2015-04-10 18:00:00,白云,8、依法应负全责的其他情形,负全部责任,不负责任,1,赣A23M97,白,1,贵CJ6731,白,自培,预约考试窗口,2015/2/16 0:00,-1,长安牌,时代牌,724567000000000000 ,366563000000000000 ,199609,197308,18,4,4,工作日,晚高峰(17-19点),2015-04-10,2015年4月10日,小雨 /小雨,12℃ / 8℃,东北风 ≤3级 /东北风 ≤3级,小雨,小雨,12,8,东北风,≤3级,东北风,≤3级,day
2015-04-10 21:30:00,车水路,8、依法应负全责的其他情形,负全部责任,不负责任,1,贵A98A69,黑,1,贵A34089,白,自培,-1,2001/12/11 0:00,-1,哈飞牌,庆铃,364548000000000000 ,366568000000000000 ,197502,198301,21,4,4,工作日,非高峰,2015-04-10,2015年4月10日,小雨 /小雨,12℃ / 8℃,东北风 ≤3级 /东北风 ≤3级,小雨,小雨,12,8,东北风,≤3级,东北风,≤3级,night
2015-04-11 00:00:00,粑粑街,7、未按规定让行的 ,负全部责任,不负责任,1,贵A94X22,白,1,贵A149F3,白,自培,铁二局驾校,2002/5/14 0:00,2002/12/18 0:00,一汽佳星牌,川交牌,364558000000000000 ,364557000000000000 ,197011,198410,0,5,4,工作日,非高峰,2015-04-11,2015年4月11日,多云 /多云,15℃ / 9℃,东北风 ≤3级 /东风 ≤3级,多云,多云,15,9,东北风,≤3级,东风,≤3级,night
2015-04-10 23:00:00,碧海南路,7、未按规定让行的 ,负全部责任,不负责任,1,贵AU9669,蓝,1,贵GV3549,蓝,自培,新华驾校,2004/6/2 0:00,-1,瑞麒牌,奇瑞牌,74667500000000000 ,726669000000000000 ,197203,198412,23,4,4,工作日,非高峰,2015-04-10,2015年4月10日,小雨 /小雨,12℃ / 8℃,东北风 ≤3级 /东北风 ≤3级,小雨,小雨,12,8,东北风,≤3级,东北风,≤3级,night
2015-04-10 17:00:00,金关,7、未按规定让行的 ,负全部责任,不负责任,1,贵ATR633,白色,1,贵GR7357,白色,自培,-1,2008/5/4 0:00,-1,解放牌,长安牌,366067000000000000 ,366363000000000000 ,198708,198808,17,4,4,工作日,晚高峰(17-19点),2015-04-10,2015年4月10日,小雨 /小雨,12℃ / 8℃,东北风 ≤3级 /东北风 ≤3级,小雨,小雨,12,8,东北风,≤3级,东北风,≤3级,day
2015-04-11 09:30:00,三桥,8、依法应负全责的其他情形,负全部责任,不负责任,1,贵A74M75,白,1,贵A71N54,白,自培,自培,2006/8/2 0:00,2010/3/23 0:00,长安牌,东南牌,356168000000000000 ,36455651964360637X,197306,198205,9,5,4,工作日,早高峰(7-9点),2015-04-11,2015年4月11日,多云 /多云,15℃ / 9℃,东北风 ≤3级 /东风 ≤3级,多云,多云,15,9,东北风,≤3级,东风,≤3级,day
2015-04-11 09:00:00,民院,7、未按规定让行的 ,负全部责任,不负责任,1,贵AU0764,白色,1,贵A5AH09,白色,自培,-1,2007/2/25 0:00,-1,恒通客车牌,东风日产牌,364556000000000000 ,364556000000000 ,197610,710128,9,5,4,工作日,早高峰(7-9点),2015-04-11,2015年4月11日,多云 /多云,15℃ / 9℃,东北风 ≤3级 /东风 ≤3级,多云,多云,15,9,东北风,≤3级,东风,≤3级,day
2015-04-11 05:20:00,贵惠路,7、未按规定让行的 ,负全部责任,不负责任,1,贵AAL823,银,1,贵AU6994,绿,自培,黔西县宏远黔职驾校,2002/11/13 0:00,2008/10/16 0:00,长安牌,豪爵牌,364547000000000000 ,366068000000000000 ,194903,197912,5,5,4,工作日,非高峰,2015-04-11,2015年4月11日,多云 /多云,15℃ / 9℃,东北风 ≤3级 /东风 ≤3级,多云,多云,15,9,东北风,≤3级,东风,≤3级,night
2015-04-11 07:12:00,阳关,7、未按规定让行的 ,负全部责任,不负责任,1,贵AM5219,银,1,贵A92374,银,自培,-1,2012/3/27 0:00,-1,陆豪牌,豪泺牌,366662000000000000 ,366864000000000000 ,198405,197809,7,5,4,工作日,早高峰(7-9点),2015-04-11,2015年4月11日,多云 /多云,15℃ / 9℃,东北风 ≤3级 /东风 ≤3级,多云,多云,15,9,东北风,≤3级,东风,≤3级,day
2015-04-11 10:20:00,阳关,7、未按规定让行的 ,负全部责任,不负责任,1,贵A45H31,白,1,京QKL978,白,自培,-1,2008/8/7 0:00,-1,高尔夫牌,丰田牌,366046000000000000 ,56868500000000000 ,198308,197407,10,5,4,工作日,非高峰,2015-04-11,2015年4月11日,多云 /多云,15℃ / 9℃,东北风 ≤3级 /东风 ≤3级,多云,多云,15,9,东北风,≤3级,东风,≤3级,day