accidenttime,accidentaddr,driver1fault,driver1responsibility,driver2responsibility,sex1,platenumber1,carcolor1,sex2,platenumber2,carcolor2,jxmc1,jxmc2,cclzrq1,cclzrq2,clpp1,clpp2,driver1license,driver2license,brith1,brith2,hour,weekday,month,is_weekday,peak_hour,date,日期,天气状况,气温,风力风向,day_wea,night_wea,day_tep,night_tep,day_wind_direction,day_wind_speed,night_wind_direction,night_wind_speed,segment
2015-04-11 10:30:00,小河平桥,8、依法应负全责的其他情形,负全部责任,不负责任,1,贵AU1592,白色,1,临贵AQS358,白色,自培,顺一驾驶培训学校,2000/10/25 0:00,2005/7/20 0:00,捷达牌,-1,366567000000000000 ,364547000000000000 ,198105,197110,10,5,4,工作日,非高峰,2015-04-11,2015年4月11日,多云 /多云,15℃ / 9℃,东北风 ≤3级 /东风 ≤3级,多云,多云,15,9,东北风,≤3级,东风,≤3级,day
2015-04-11 12:00:00,小河平桥,7、未按规定让行的 ,负全部责任,不负责任,1,贵A6AY18,白色,1,贵AG7556,白色,自培,自培,2003/4/23 0:00,2012/9/27 0:00,大众牌,奇瑞,364547000000000000 ,364551000000000000 ,196712,198709,12,5,4,工作日,非高峰,2015-04-11,2015年4月11日,多云 /多云,15℃ / 9℃,东北风 ≤3级 /东风 ≤3级,多云,多云,15,9,东北风,≤3级,东风,≤3级,day
2015-04-11 13:20:00,小河,7、未按规定让行的 ,负全部责任,不负责任,1,贵A3734Y,白色,1,贵AG5735,白色,自培,自培,2005/7/6 0:00,2011/9/6 0:00,奇瑞牌,五羊-本田牌,364548000000000000 ,364556000000000000 ,198207,199208,13,5,4,工作日,非高峰,2015-04-11,2015年4月11日,多云 /多云,15℃ / 9℃,东北风 ≤3级 /东风 ≤3级,多云,多云,15,9,东北风,≤3级,东风,≤3级,day
2015-04-11 13:00:00,花果园,1、追尾的,负全部责任,不负责任,1,贵AU5657,白色,1,贵A86K97,白色,自培,新华驾校,2003/12/11 0:00,2013/3/4 0:00,捷达牌,五菱牌,366577000000000000 ,364547000000000000 ,197012,196810,13,5,4,工作日,非高峰,2015-04-11,2015年4月11日,多云 /多云,15℃ / 9℃,东北风 ≤3级 /东风 ≤3级,多云,多云,15,9,东北风,≤3级,东风,≤3级,day
2015-04-11 13:57:00,观山湖,8、依法应负全责的其他情形,负全部责任,不负责任,0,贵AKG758,黑,1,贵A5891T,黑,自培,-1,2000/7/19 0:00,-1,红旗牌,别克牌,366363000000000000 ,36687451924442447X,197005,198600,13,5,4,工作日,非高峰,2015-04-11,2015年4月11日,多云 /多云,15℃ / 9℃,东北风 ≤3级 /东风 ≤3级,多云,多云,15,9,东北风,≤3级,东风,≤3级,day
2015-04-10 11:30:00,金关,1、追尾的,负全部责任,不负责任,1,贵HT1456,白,1,贵AAZ348,白,自培,自培,2002/1/30 0:00,2004/5/26 0:00,桑塔纳牌,福克斯牌,364557000000000000 ,36454651864252606X,198111,197206,11,4,4,工作日,非高峰,2015-04-10,2015年4月10日,小雨 /小雨,12℃ / 8℃,东北风 ≤3级 /东北风 ≤3级,小雨,小雨,12,8,东北风,≤3级,东北风,≤3级,day
2015-04-10 14:19:00,金珠路,7、未按规定让行的 ,负全部责任,不负责任,1,冀OK3123,红,1,贵A82Y24,蓝,自培,自培,2014/3/20 0:00,2005/12/23 0:00,\N,朗逸牌,576562000000000000 ,364557000000000000 ,197702,198210,14,4,4,工作日,非高峰,2015-04-10,2015年4月10日,小雨 /小雨,12℃ / 8℃,东北风 ≤3级 /东北风 ≤3级,小雨,小雨,12,8,东北风,≤3级,东北风,≤3级,day
2015-04-11 17:30:00,商贸城,8、依法应负全责的其他情形,负全部责任,不负责任,1,贵DCR372,白,1,贵AEJ532,黑,自培,文通驾校,2010/8/20 0:00,2008/1/18 0:00,王牌牌,奥德赛牌,366669000000000000 ,57462500000000000 ,197503,197904,17,5,4,工作日,晚高峰(17-19点),2015-04-11,2015年4月11日,多云 /多云,15℃ / 9℃,东北风 ≤3级 /东风 ≤3级,多云,多云,15,9,东北风,≤3级,东风,≤3级,day
2015-04-11 17:30:00,金阳,3、倒车的,负全部责任,不负责任,1,贵AK1866,红,1,贵ARM189,银,自培,-1,2007/5/9 0:00,-1,海马牌,奇瑞牌,366064000000000000 ,76347500000000000 ,196507,198706,17,5,4,工作日,晚高峰(17-19点),2015-04-11,2015年4月11日,多云 /多云,15℃ / 9℃,东北风 ≤3级 /东风 ≤3级,多云,多云,15,9,东北风,≤3级,东风,≤3级,day
2015-04-12 08:00:00,中坝,8、依法应负全责的其他情形,负全部责任,不负责任,1,贵A46556,白,1,渝C21194,红,自培,全林驾校,2007/6/28 0:00,2014/3/19 0:00,铃木,-1,366064000000000000 ,354696000000000000 ,197311,198111,8,6,4,周末,早高峰(7-9点),2015-04-12,2015年4月12日,晴 /多云,21℃ / 7℃,东风 ≤3级 /东风 ≤3级,晴,多云,21,7,东风,≤3级,东风,≤3级,day
2015-04-12 08:40:00,花溪,8、依法应负全责的其他情形,负全部责任,不负责任,1,川SG7833,白色,1,贵A135B6,白色,自培,-1,2009/4/9 0:00,-1,雪佛兰牌,跃进牌,357475000000000000 ,36606100000000000 ,198410,199110,8,6,4,周末,早高峰(7-9点),2015-04-12,2015年4月12日,晴 /多云,21℃ / 7℃,东风 ≤3级 /东风 ≤3级,晴,多云,21,7,东风,≤3级,东风,≤3级,day
2015-04-18 12:00:00,汤巴关路,1、追尾的,负全部责任,不负责任,1,贵A63R94,白,1,粤GML032,黑,自培,-1,2007/3/17 0:00,-1,大众牌,-1,366861000000000000 ,76569800000000000 ,198808,198203,12,5,4,工作日,非高峰,2015-04-18,2015年4月18日,多云 /雷阵雨,29℃ / 16℃,南风 ≤3级 /南风 ≤3级,多云,雷阵雨,29,16,南风,≤3级,南风,≤3级,day
2015-04-12 08:40:00,青云路,7、未按规定让行的 ,负全部责任,不负责任,1,贵AMG561,红,1,贵A67E13,蓝,自培,-1,2007/6/21 0:00,-1,福田牌,荣威牌,366064000000000000 ,354556000000000000 ,198507,197311,8,6,4,周末,早高峰(7-9点),2015-04-12,2015年4月12日,晴 /多云,21℃ / 7℃,东风 ≤3级 /东风 ≤3级,晴,多云,21,7,东风,≤3级,东风,≤3级,day
2015-04-12 11:20:00,金谷园,1、追尾的,负全部责任,不负责任,1,贵A92544,白,1,贵GP1270,白,自培,自培,2001/3/21 0:00,2004/3/23 0:00,东风,思威牌,364558000000000000 ,364558000000000000 ,198111,197409,11,6,4,周末,非高峰,2015-04-12,2015年4月12日,晴 /多云,21℃ / 7℃,东风 ≤3级 /东风 ≤3级,晴,多云,21,7,东风,≤3级,东风,≤3级,day
2015-04-12 11:00:00,白云区,7、未按规定让行的 ,负全部责任,不负责任,1,贵AB3913,银,1,贵A72E94,银,自培,-1,2002/8/16 0:00,-1,哈弗牌,东风日产牌,364558000000000000 ,364558000000000000 ,196803,197409,11,6,4,周末,非高峰,2015-04-12,2015年4月12日,晴 /多云,21℃ / 7℃,东风 ≤3级 /东风 ≤3级,晴,多云,21,7,东风,≤3级,东风,≤3级,day
2015-04-12 11:30:00,南明区快乐家园,8、依法应负全责的其他情形,负全部责任,不负责任,1,贵GP5434,白色,1,贵AQS216,白色,自培,-1,2012/8/7 0:00,-1,海马牌,奇瑞牌,506847000000000000 ,3645460000000 ,198210,550085,11,6,4,周末,非高峰,2015-04-12,2015年4月12日,晴 /多云,21℃ / 7℃,东风 ≤3级 /东风 ≤3级,晴,多云,21,7,东风,≤3级,东风,≤3级,day
2015-04-12 13:50:00,三桥,8、依法应负全责的其他情形,负全部责任,不负责任,1,贵A427H1,银 ,1,贵A9210U,银,自培,毕节地区宏强驾校,2013/12/13 0:00,-1,福田牌,威志牌,366561000000000000 ,366064000000000000 ,197405,197109,13,6,4,周末,非高峰,2015-04-12,2015年4月12日,晴 /多云,21℃ / 7℃,东风 ≤3级 /东风 ≤3级,晴,多云,21,7,东风,≤3级,东风,≤3级,day
2015-04-12 13:10:00,曹关,7、未按规定让行的 ,负全部责任,不负责任,1,贵LB1312,银,1,贵A9241Z,红,自培,-1,2004/1/8 0:00,-1,-1,雪佛兰牌,366068000000000000 ,774796000000000000 ,197806,198401,13,6,4,周末,非高峰,2015-04-12,2015年4月12日,晴 /多云,21℃ / 7℃,东风 ≤3级 /东风 ≤3级,晴,多云,21,7,东风,≤3级,东风,≤3级,day
2015-04-12 14:30:00,长江路,1、追尾的,负全部责任,不负责任,1,贵AAK425,白色,1,贵AL704E,白色,自培,预约考试窗口,2003/11/24 0:00,2007/6/25 0:00,南爵牌,-1,36636051824655733X,366064000000000000 ,197602,197210,14,6,4,周末,非高峰,2015-04-12,2015年4月12日,晴 /多云,21℃ / 7℃,东风 ≤3级 /东风 ≤3级,晴,多云,21,7,东风,≤3级,东风,≤3级,day
2015-04-12 14:30:00,友谊路,8、依法应负全责的其他情形,负全部责任,不负责任,1,贵AVC345,白,1,贵A7CE38,白,自培,顺一驾驶培训学校,2004/8/18 0:00,2013/8/6 0:00,雷克萨斯,奥迪牌,366262000000000000 ,364548000000000000 ,197903,198711,14,6,4,周末,非高峰,2015-04-12,2015年4月12日,晴 /多云,21℃ / 7℃,东风 ≤3级 /东风 ≤3级,晴,多云,21,7,东风,≤3级,东风,≤3级,day
2015-04-12 16:01:00,八匹马,8、依法应负全责的其他情形,负全部责任,不负责任,1,贵APL507,银,1,贵A94S31,银,自培,-1,2005/9/21 0:00,-1,吉利美日牌,雪佛兰牌,364558000000000000 ,364596000000000000 ,197303,198503,16,6,4,周末,非高峰,2015-04-12,2015年4月12日,晴 /多云,21℃ / 7℃,东风 ≤3级 /东风 ≤3级,晴,多云,21,7,东风,≤3级,东风,≤3级,day
2015-04-12 17:17:00,云潭路,6、违反交通信号的,负全部责任,不负责任,1,贵AX3133,黄,1,贵A69H69,白,自培,新华驾校,2003/8/27 0:00,2012/6/8 0:00,银钢牌,雪佛兰牌,366577000000000000 ,366067000000000000 ,194807,198709,17,6,4,周末,晚高峰(17-19点),2015-04-12,2015年4月12日,晴 /多云,21℃ / 7℃,东风 ≤3级 /东风 ≤3级,晴,多云,21,7,东风,≤3级,东风,≤3级,day
2015-04-12 17:50:00,恒大城,7、未按规定让行的 ,负全部责任,不负责任,1,陈川NBF722,黑,1,贵A3AW84,黑,自培,-1,2005/12/20 0:00,-1,-1,宝马牌,355447000000000000 ,726362000000000000 ,198708,198301,17,6,4,周末,晚高峰(17-19点),2015-04-12,2015年4月12日,晴 /多云,21℃ / 7℃,东风 ≤3级 /东风 ≤3级,晴,多云,21,7,东风,≤3级,东风,≤3级,day
2015-04-12 16:23:00,花溪,7、未按规定让行的 ,负全部责任,不负责任,1,鄂ENU670,白色,1,浙BP594Y,白色,自培,-1,2008/6/24 0:00,-1,\N,别克牌,64343500000000000 ,774664000000000000 ,197512,198564,16,6,4,周末,非高峰,2015-04-12,2015年4月12日,晴 /多云,21℃ / 7℃,东风 ≤3级 /东风 ≤3级,晴,多云,21,7,东风,≤3级,东风,≤3级,day
2015-04-12 16:40:00,新华路,7、未按规定让行的 ,负全部责任,不负责任,1,贵A7BE70,白色,1,贵AWL596,白色,自培,-1,2003/3/21 0:00,-1,凯迪拉克牌,-1,366246000000000000 ,666046000000000000 ,197007,196704,16,6,4,周末,非高峰,2015-04-12,2015年4月12日,晴 /多云,21℃ / 7℃,东风 ≤3级 /东风 ≤3级,晴,多云,21,7,东风,≤3级,东风,≤3级,day
2015-04-12 07:30:00,雅关村,8、依法应负全责的其他情形,负全部责任,不负责任,1,贵A6156L,黑,0,贵AW8007,红,自培,自培,2001/10/31 0:00,2004/11/22 0:00,思威牌,五菱牌,66075500000000000 ,364548000000000000 ,196807,196710,7,6,4,周末,早高峰(7-9点),2015-04-12,2015年4月12日,晴 /多云,21℃ / 7℃,东风 ≤3级 /东风 ≤3级,晴,多云,21,7,东风,≤3级,东风,≤3级,day
2015-04-12 11:20:00,龙泉路,8、依法应负全责的其他情形,负全部责任,不负责任,1,贵AA440A,白,1,贵AB344K,白,自培,自培,2001/12/31 0:00,2009/12/2 0:00,奇瑞牌,福克斯牌,36636751944154423X,366670000000000000 ,198009,198601,11,6,4,周末,非高峰,2015-04-12,2015年4月12日,晴 /多云,21℃ / 7℃,东风 ≤3级 /东风 ≤3级,晴,多云,21,7,东风,≤3级,东风,≤3级,day
2015-04-12 13:00:00,西二环,7、未按规定让行的 ,负全部责任,不负责任,1,贵AHE972,银,1,贵AP7747,红,自培,自培,2008/8/7 0:00,2004/10/26 0:00,三菱牌,福田五星牌,734596000000000000 ,364548000000000000 ,198912,198108,13,6,4,周末,非高峰,2015-04-12,2015年4月12日,晴 /多云,21℃ / 7℃,东风 ≤3级 /东风 ≤3级,晴,多云,21,7,东风,≤3级,东风,≤3级,day
2015-04-12 15:02:00,粑粑街,7、未按规定让行的 ,负全部责任,不负责任,1,贵A96665,黑,1,贵AU2002,黑,自培,自培,2008/2/22 0:00,2007/7/12 0:00,豪爵牌,瑞麒牌,366861000000000000 ,366064000000000000 ,196205,196710,15,6,4,周末,非高峰,2015-04-12,2015年4月12日,晴 /多云,21℃ / 7℃,东风 ≤3级 /东风 ≤3级,晴,多云,21,7,东风,≤3级,东风,≤3级,day
2015-04-12 15:15:00,蟠桃宫,1、追尾的,负全部责任,不负责任,1,贵AHH673,白色,1,贵A52324,白色,自培,自培,2003/12/27 0:00,2008/1/7 0:00,别克牌,南方,364547000000000000 ,366046000000000000 ,197603,198210,15,6,4,周末,非高峰,2015-04-12,2015年4月12日,晴 /多云,21℃ / 7℃,东风 ≤3级 /东风 ≤3级,晴,多云,21,7,东风,≤3级,东风,≤3级,day
2015-04-13 06:00:00,小河转盘,7、未按规定让行的 ,负全部责任,不负责任,1,贵A139K7,白色,1,贵AU0663,白色,自培,自培,2014/1/14 0:00,2011/5/26 0:00,-1,捷达牌,356168000000000000 ,364547000000000000 ,196403,198705,6,0,4,工作日,非高峰,2015-04-13,2015年4月13日,晴 /多云,23℃ / 8℃,东北风 ≤3级 /东北风 ≤3级,晴,多云,23,8,东北风,≤3级,东北风,≤3级,day
2015-04-12 20:40:00,水东路,1、追尾的,负全部责任,不负责任,1,贵ATL463,白色,1,贵JW3744,白色,自培,未定义,2004/3/20 0:00,2012/3/16 0:00,北京现代牌,东风牌,364557000000000000 ,366875000000000000 ,196705,199003,20,6,4,周末,非高峰,2015-04-12,2015年4月12日,晴 /多云,21℃ / 7℃,东风 ≤3级 /东风 ≤3级,晴,多云,21,7,东风,≤3级,东风,≤3级,night
2015-04-13 02:30:00,富源中路,1、追尾的,负全部责任,不负责任,1,贵AG2873,白色,1,贵GY1103,白色,自培,-1,2006/12/12 0:00,-1,力帆牌,东风标致牌,36455551954164655X,366346000000000000 ,198109,199412,2,0,4,工作日,非高峰,2015-04-13,2015年4月13日,晴 /多云,23℃ / 8℃,东北风 ≤3级 /东北风 ≤3级,晴,多云,23,8,东北风,≤3级,东北风,≤3级,night
2015-04-13 04:10:00,东二环,7、未按规定让行的 ,负全部责任,不负责任,1,贵AVK479,黑色,1,贵A42N23,黑色,自培,-1,2013/8/29 0:00,-1,江铃全顺牌,奥迪牌,74360500000000000 ,65497500000000000 ,199108,198611,4,0,4,工作日,非高峰,2015-04-13,2015年4月13日,晴 /多云,23℃ / 8℃,东北风 ≤3级 /东北风 ≤3级,晴,多云,23,8,东北风,≤3级,东北风,≤3级,night
2015-04-13 07:22:00,兴关路,7、未按规定让行的 ,负全部责任,不负责任,1,贵A04332,白色,1,贵AU691L,白色,自培,（云岩区）省交通职业技术驾驶培训学校,2005/5/9 0:00,2002/4/18 0:00,空,-1,356170000000000000 ,364548000000000000 ,197311,197511,7,0,4,工作日,早高峰(7-9点),2015-04-13,2015年4月13日,晴 /多云,23℃ / 8℃,东北风 ≤3级 /东北风 ≤3级,晴,多云,23,8,东北风,≤3级,东北风,≤3级,day
2015-04-13 08:10:00,中山东路,7、未按规定让行的 ,负全部责任,不负责任,1,贵AGF168,黑,1,贵AU4293,绿,自培,开化县永盛机动车驾驶员培训学校,2007/10/12 0:00,2010/2/2 0:00,北京现代牌,钱江牌,366064000000000000 ,36606751154154535X,198004,199109,8,0,4,工作日,早高峰(7-9点),2015-04-13,2015年4月13日,晴 /多云,23℃ / 8℃,东北风 ≤3级 /东北风 ≤3级,晴,多云,23,8,东北风,≤3级,东北风,≤3级,day
2015-04-13 11:05:00,花果园,8、依法应负全责的其他情形,负全部责任,不负责任,1,云AN4H94,黑,1,贵A6F212,黑,自培,-1,2012/8/1 0:00,-1,雪佛兰牌,哈弗牌,376768000000000000 ,364560000000000000 ,198604,199008,11,0,4,工作日,非高峰,2015-04-13,2015年4月13日,晴 /多云,23℃ / 8℃,东北风 ≤3级 /东北风 ≤3级,晴,多云,23,8,东北风,≤3级,东北风,≤3级,day
2015-04-13 11:40:00,龙洞堡,1、追尾的,负全部责任,不负责任,1,贵A15X13,白色,1,贵G32666,白色,自培,-1,2004/7/28 0:00,-1,东风雪铁龙牌,梅赛德斯-奔驰,364548000000000000 ,355467000000000000 ,196310,197910,11,0,4,工作日,非高峰,2015-04-13,2015年4月13日,晴 /多云,23℃ / 8℃,东北风 ≤3级 /东北风 ≤3级,晴,多云,23,8,东北风,≤3级,东北风,≤3级,day
2015-04-13 10:30:00,东二环,1、追尾的,负全部责任,不负责任,1,贵GL4229,白色,1,贵A5616Y,白色,自培,顺一驾驶培训学校,2002/7/23 0:00,2011/9/14 0:00,雪佛兰牌,华泰宝利格牌,366368000000000000 ,364557000000000000 ,196509,197211,10,0,4,工作日,非高峰,2015-04-13,2015年4月13日,晴 /多云,23℃ / 8℃,东北风 ≤3级 /东北风 ≤3级,晴,多云,23,8,东北风,≤3级,东北风,≤3级,day
2015-04-13 13:30:00,金华镇,3、倒车的,负全部责任,不负责任,1,贵AKU264,银,1,贵A96X19,银,自培,520135,2004/4/1 0:00,2009/11/19 0:00,海马牌,长安牌,364548000000000000 ,364557000000000000 ,196305,199008,13,0,4,工作日,非高峰,2015-04-13,2015年4月13日,晴 /多云,23℃ / 8℃,东北风 ≤3级 /东北风 ≤3级,晴,多云,23,8,东北风,≤3级,东北风,≤3级,day
2015-04-13 13:55:00,小关,9、不符合前8款规定或者双方同时具有上述情形的,负同等责任,负同等责任,1,贵AA148B,白,0,贵A52H33,黑,自培,十一驾驶培训有限公司,2004/9/28 0:00,2013/11/27 0:00,大众汽车牌,荣威牌,366563000000000000 ,36454751954655096X,197612,198102,13,0,4,工作日,非高峰,2015-04-13,2015年4月13日,晴 /多云,23℃ / 8℃,东北风 ≤3级 /东北风 ≤3级,晴,多云,23,8,东北风,≤3级,东北风,≤3级,day
2015-04-13 12:15:00,白云区,8、依法应负全责的其他情形,负全部责任,不负责任,1,贵AS4281,黑,0,贵AP7747,黑,自培,预约考试窗口,2002/5/24 0:00,2006/7/6 0:00,钱江牌,福田五星牌,364558000000000000 ,36454751964949006X,197010,198208,12,0,4,工作日,非高峰,2015-04-13,2015年4月13日,晴 /多云,23℃ / 8℃,东北风 ≤3级 /东北风 ≤3级,晴,多云,23,8,东北风,≤3级,东北风,≤3级,day
2015-04-13 10:50:00,金珠西路,7、未按规定让行的 ,负全部责任,不负责任,1,贵F76709,白,0,贵A26416,红,自培,-1,2002/7/17 0:00,-1,解放牌,福田牌,366068000000000000 ,366569000000000000 ,197311,196807,10,0,4,工作日,非高峰,2015-04-13,2015年4月13日,晴 /多云,23℃ / 8℃,东北风 ≤3级 /东北风 ≤3级,晴,多云,23,8,东北风,≤3级,东北风,≤3级,day
2015-04-13 12:50:00,北京西路,1、追尾的,负全部责任,不负责任,1,贵AW5699,银,1,贵AA571Z,白,自培,-1,2004/9/16 0:00,-1,奥迪,江铃牌,357366000000000000 ,355267000000000000 ,197511,198901,12,0,4,工作日,非高峰,2015-04-13,2015年4月13日,晴 /多云,23℃ / 8℃,东北风 ≤3级 /东北风 ≤3级,晴,多云,23,8,东北风,≤3级,东北风,≤3级,day
2015-04-13 13:00:00,花二道,7、未按规定让行的 ,负全部责任,不负责任,1,闽ABC276,白色,1,贵JR4529,白色,自培,-1,2013/7/9 0:00,-1,福特牌,长城牌,73459651104364617X,366862000000000000 ,199405,196710,13,0,4,工作日,非高峰,2015-04-13,2015年4月13日,晴 /多云,23℃ / 8℃,东北风 ≤3级 /东北风 ≤3级,晴,多云,23,8,东北风,≤3级,东北风,≤3级,day
2015-04-13 13:15:00,金阳,7、未按规定让行的 ,负全部责任,不负责任,1,贵JP6353,白,1,贵AU2985,绿,自培,-1,2003/4/22 0:00,-1,金杯牌,瑞麒牌,364558000000000000 ,3666635181456645X,196202,197901,13,0,4,工作日,非高峰,2015-04-13,2015年4月13日,晴 /多云,23℃ / 8℃,东北风 ≤3级 /东北风 ≤3级,晴,多云,23,8,东北风,≤3级,东北风,≤3级,day
2015-04-13 16:35:00,中华南路,7、未按规定让行的 ,负全部责任,不负责任,0,贵A81V93,白,1,贵A8K330,银,自培,省交校,2003/3/20 0:00,2014/11/20 0:00,帕纳美拉,哈弗牌,364547000000000000 ,366364000000000000 ,196311,196709,16,0,4,工作日,非高峰,2015-04-13,2015年4月13日,晴 /多云,23℃ / 8℃,东北风 ≤3级 /东北风 ≤3级,晴,多云,23,8,东北风,≤3级,东北风,≤3级,day
2015-04-13 15:19:00,牛郎关,2、逆行的,负全部责任,不负责任,1,京N54K74,白色,1,贵AS3367,白色,自培,-1,2009/4/7 0:00,-1,起亚牌,豪爵牌,764956000000000000 ,366761000000000000 ,197111,198802,15,0,4,工作日,非高峰,2015-04-13,2015年4月13日,晴 /多云,23℃ / 8℃,东北风 ≤3级 /东北风 ≤3级,晴,多云,23,8,东北风,≤3级,东北风,≤3级,day
2015-04-13 08:09:00,杨家山隧道,1、追尾的,负全部责任,不负责任,1,贵AK6946,黑,1,贵A44P55,红,自培,自培,2012/10/12 0:00,2009/11/30 0:00,三铃牌,雪佛兰牌,706069000000000000 ,36606351985562355X,199005,198711,8,0,4,工作日,早高峰(7-9点),2015-04-13,2015年4月13日,晴 /多云,23℃ / 8℃,东北风 ≤3级 /东北风 ≤3级,晴,多云,23,8,东北风,≤3级,东北风,≤3级,day
2015-04-13 08:30:00,中八路,1、追尾的,负全部责任,不负责任,1,贵A593F6,银,1,贵ADZ032,银,自培,自培,2012/11/25 0:00,2003/7/31 0:00,长安牌,比亚迪牌,354366000000000000 ,366067000000000000 ,199104,196411,8,0,4,工作日,早高峰(7-9点),2015-04-13,2015年4月13日,晴 /多云,23℃ / 8℃,东北风 ≤3级 /东北风 ≤3级,晴,多云,23,8,东北风,≤3级,东北风,≤3级,day
2015-04-13 08:10:00,和尚坡,4、停车时未挂低速档、未拉驻车制动，导致车辆滑行的,负全部责任,不负责任,1,贵ACT485,红,0,贵A4196Z,红,自培,自培,2004/9/16 0:00,2014/4/21 0:00,马自达牌,大众汽车牌,36454751934562246X,364558000000000000 ,198501,196706,8,0,4,工作日,早高峰(7-9点),2015-04-13,2015年4月13日,晴 /多云,23℃ / 8℃,东北风 ≤3级 /东北风 ≤3级,晴,多云,23,8,东北风,≤3级,东北风,≤3级,day
2015-04-13 16:15:00,浣纱桥,7、未按规定让行的 ,负全部责任,不负责任,1,贵A77P63,白色,1,贵APR927,白色,自培,-1,2006/1/12 0:00,-1,长城牌,海马牌,36624551954165293X,35363500000000000 ,198109,980011,16,0,4,工作日,非高峰,2015-04-13,2015年4月13日,晴 /多云,23℃ / 8℃,东北风 ≤3级 /东北风 ≤3级,晴,多云,23,8,东北风,≤3级,东北风,≤3级,day
2015-04-13 15:30:00,黄河路,7、未按规定让行的 ,负全部责任,不负责任,1,贵A5532T,白色,1,赣MW8554,白色,自培,-1,2004/10/14 0:00,-1,吉利牌,科雷傲,364547000000000000 ,7256751934060440X,197106,985042,15,0,4,工作日,非高峰,2015-04-13,2015年4月13日,晴 /多云,23℃ / 8℃,东北风 ≤3级 /东北风 ≤3级,晴,多云,23,8,东北风,≤3级,东北风,≤3级,day
2015-04-13 18:00:00,汤巴关,7、未按规定让行的 ,负全部责任,不负责任,1,贵AU3577,白色,1,贵A43E29,黑色,自培,520108,2009/1/7 0:00,2009/9/15 0:00,奇瑞牌,雪铁龙,366562000000000000 ,574047000000000000 ,197809,196703,18,0,4,工作日,晚高峰(17-19点),2015-04-13,2015年4月13日,晴 /多云,23℃ / 8℃,东北风 ≤3级 /东北风 ≤3级,晴,多云,23,8,东北风,≤3级,东北风,≤3级,day
2015-04-13 18:20:00,俊发城,1、追尾的,负全部责任,不负责任,1,贵A556E2,银,1,贵A3473V,黑,自培,铁二局驾校（南明区）,2013/7/24 0:00,2010/12/22 0:00,长安牌,北京牌,784698000000000000 ,35616551294753251X,198204,196803,18,0,4,工作日,晚高峰(17-19点),2015-04-13,2015年4月13日,晴 /多云,23℃ / 8℃,东北风 ≤3级 /东北风 ≤3级,晴,多云,23,8,东北风,≤3级,东北风,≤3级,day
2015-04-13 18:35:00,南明区,7、未按规定让行的 ,负全部责任,不负责任,0,贵AGA217,黑,1,贵A22S98,黑,自培,（南明区）铁二局驾驶培训有限公司,2003/12/29 0:00,2004/5/14 0:00,丰田牌,别克牌,364547000000000000 ,366868000000000000 ,197610,197912,18,0,4,工作日,晚高峰(17-19点),2015-04-13,2015年4月13日,晴 /多云,23℃ / 8℃,东北风 ≤3级 /东北风 ≤3级,晴,多云,23,8,东北风,≤3级,东北风,≤3级,day
2015-04-14 08:05:00,宝山北路,1、追尾的,负全部责任,不负责任,1,贵AU7380,蓝,1,贵AXA989,黑,自培,自培,2003/5/28 0:00,1978/10/13 0:00,嘉陵牌,大众汽车牌,366575000000000000 ,364547000000000000 ,198006,195903,8,1,4,工作日,早高峰(7-9点),2015-04-14,2015年4月14日,晴 /多云,22℃ / 9℃,东风 ≤3级 /东风 ≤3级,晴,多云,22,9,东风,≤3级,东风,≤3级,day
2015-04-14 07:10:00,新村,4、停车时未挂低速档、未拉驻车制动，导致车辆滑行的,负全部责任,不负责任,1,贵AWY757,白色,1,贵FL8518,白色,自培,十一驾驶培训有限公司,2007/4/10 0:00,2010/3/8 0:00,东南,长安牌,364547000000000000 ,366368000000000000 ,198901,198011,7,1,4,工作日,早高峰(7-9点),2015-04-14,2015年4月14日,晴 /多云,22℃ / 9℃,东风 ≤3级 /东风 ≤3级,晴,多云,22,9,东风,≤3级,东风,≤3级,day
2015-04-14 00:00:00,乌当,1、追尾的,负全部责任,不负责任,1,贵A43014,红,0,贵A28W36,黑,自培,-1,2007/2/7 0:00,-1,捷达,雷克萨斯,364548000000000000 ,366576000000000000 ,197205,197107,0,1,4,工作日,非高峰,2015-04-14,2015年4月14日,晴 /多云,22℃ / 9℃,东风 ≤3级 /东风 ≤3级,晴,多云,22,9,东风,≤3级,东风,≤3级,night
2015-04-14 07:25:00,八匹马,7、未按规定让行的 ,负全部责任,不负责任,1,贵AK9876,白,1,贵AZA559,黑,自培,-1,2002/4/15 0:00,-1,嘉陵牌,昊锐牌,364558000000000000 ,36456500000000000 ,197001,970052,7,1,4,工作日,早高峰(7-9点),2015-04-14,2015年4月14日,晴 /多云,22℃ / 9℃,东风 ≤3级 /东风 ≤3级,晴,多云,22,9,东风,≤3级,东风,≤3级,day