accidenttime,accidentaddr,driver1fault,driver1responsibility,driver2responsibility,sex1,platenumber1,carcolor1,sex2,platenumber2,carcolor2,jxmc1,jxmc2,cclzrq1,cclzrq2,clpp1,clpp2,driver1license,driver2license,brith1,brith2,hour,weekday,month,is_weekday,peak_hour,date,日期,天气状况,气温,风力风向,day_wea,night_wea,day_tep,night_tep,day_wind_direction,day_wind_speed,night_wind_direction,night_wind_speed,segment
2015-04-14 05:40:00,大营路,7、未按规定让行的 ,负全部责任,不负责任,1,贵A6AY22,白,1,贵ARP181,红,自培,-1,2002/4/4 0:00,-1,东风标致牌,丰田牌,364548000000000000 ,364545000000 ,196204,215128,5,1,4,工作日,非高峰,2015-04-14,2015年4月14日,晴 /多云,22℃ / 9℃,东风 ≤3级 /东风 ≤3级,晴,多云,22,9,东风,≤3级,东风,≤3级,night
2015-04-14 11:22:00,商贸城,3、倒车的,负全部责任,不负责任,1,贵A82447,蓝,1,贵AGX706,银,自培,自培,2005/12/31 0:00,2002/4/30 0:00,松益牌,福克斯牌,366347000000000000 ,364556000000000000 ,198403,198203,11,1,4,工作日,非高峰,2015-04-14,2015年4月14日,晴 /多云,22℃ / 9℃,东风 ≤3级 /东风 ≤3级,晴,多云,22,9,东风,≤3级,东风,≤3级,day
2015-04-14 13:30:00,石林东路,1、追尾的,负全部责任,不负责任,1,贵A5452X,黑,1,贵JDJ465,黑,自培,顺一驾驶培训学校,2011/12/28 0:00,2011/10/12 0:00,一汽佳星牌,宗申牌,364556000000000000 ,364548000000000000 ,198110,197511,13,1,4,工作日,非高峰,2015-04-14,2015年4月14日,晴 /多云,22℃ / 9℃,东风 ≤3级 /东风 ≤3级,晴,多云,22,9,东风,≤3级,东风,≤3级,day
2015-04-14 13:16:00,遵义路,7、未按规定让行的 ,负全部责任,不负责任,1,贵AU6337,白色,1,贵AU9261,白色,自培,（南明区）吉源驾驶培训有限公司,2003/11/6 0:00,2010/5/26 0:00,鹏城牌,千里马牌,354166000000000000 ,74667500000000000 ,197407,197812,13,1,4,工作日,非高峰,2015-04-14,2015年4月14日,晴 /多云,22℃ / 9℃,东风 ≤3级 /东风 ≤3级,晴,多云,22,9,东风,≤3级,东风,≤3级,day
2015-04-14 14:00:00,民院,3、倒车的,负全部责任,不负责任,1,贵AM0596,白色,1,贵AAJ283,白色,自培,-1,2006/10/25 0:00,-1,东风雪铁龙,大众牌,674548000000000000 ,364546000000000 ,196909,680120,14,1,4,工作日,非高峰,2015-04-14,2015年4月14日,晴 /多云,22℃ / 9℃,东风 ≤3级 /东风 ≤3级,晴,多云,22,9,东风,≤3级,东风,≤3级,day
2015-04-14 14:00:00,会展城,7、未按规定让行的 ,负全部责任,不负责任,1,贵GKD650,白,1,贵AHL773,白,自培,-1,2006/9/5 0:00,-1,-1,东风日产牌,364557000000000000 ,78095500000000000 ,197106,959121,14,1,4,工作日,非高峰,2015-04-14,2015年4月14日,晴 /多云,22℃ / 9℃,东风 ≤3级 /东风 ≤3级,晴,多云,22,9,东风,≤3级,东风,≤3级,day
2015-04-14 12:10:00,新世纪,7、未按规定让行的 ,负全部责任,不负责任,1,贵CJE528,黑,1,贵AHW418,黑,自培,市交校,2004/12/1 0:00,2004/12/30 0:00,别克牌,朗逸牌,364547000000000000 ,366577000000000000 ,198508,198209,12,1,4,工作日,非高峰,2015-04-14,2015年4月14日,晴 /多云,22℃ / 9℃,东风 ≤3级 /东风 ≤3级,晴,多云,22,9,东风,≤3级,东风,≤3级,day
2015-04-14 15:15:00,花果园,7、未按规定让行的 ,负全部责任,不负责任,0,贵APU542,银,0,贵HH938K,银,自培,高新驾校,2006/7/3 0:00,2014/10/29 0:00,解放牌,-1,366864000000000000 ,364556000000000000 ,197502,199406,15,1,4,工作日,非高峰,2015-04-14,2015年4月14日,晴 /多云,22℃ / 9℃,东风 ≤3级 /东风 ≤3级,晴,多云,22,9,东风,≤3级,东风,≤3级,day
2015-04-13 14:20:00,东山,7、未按规定让行的 ,负全部责任,不负责任,1,贵A1919U,黑,1,贵AU4188,绿,自培,自培,2001/10/24 0:00,2000/12/29 0:00,长安牌,钱江牌,366567000000000000 ,357466000000000000 ,197109,197207,14,0,4,工作日,非高峰,2015-04-13,2015年4月13日,晴 /多云,23℃ / 8℃,东北风 ≤3级 /东北风 ≤3级,晴,多云,23,8,东北风,≤3级,东北风,≤3级,day
2015-04-13 15:18:00,乌江路,7、未按规定让行的 ,负全部责任,不负责任,1,贵AGK969,白色,1,贵A4423学,白色,自培,自培,2000/12/5 0:00,2005/5/12 0:00,福田牌,-1,366876000000000000 ,364557000000000000 ,197506,198702,15,0,4,工作日,非高峰,2015-04-13,2015年4月13日,晴 /多云,23℃ / 8℃,东北风 ≤3级 /东北风 ≤3级,晴,多云,23,8,东北风,≤3级,东北风,≤3级,day
2015-04-13 18:50:00,三桥,8、依法应负全责的其他情形,负全部责任,不负责任,1,贵A5798E,白,1,贵AX1327,银,自培,自培,2010/12/24 0:00,2005/1/26 0:00,长安牌,起亚牌,366875000000000000 ,364548000000000000 ,198005,198003,18,0,4,工作日,晚高峰(17-19点),2015-04-13,2015年4月13日,晴 /多云,23℃ / 8℃,东北风 ≤3级 /东北风 ≤3级,晴,多云,23,8,东北风,≤3级,东北风,≤3级,day
2015-04-13 17:10:00,宝山南路,1、追尾的,负全部责任,不负责任,1,贵AU6499,白色,1,贵AX2637,白色,自培,自培,2001/4/19 0:00,2004/9/16 0:00,捷达牌,爱立新牌,366064000000000 ,364547000000000000 ,760504,198002,17,0,4,工作日,晚高峰(17-19点),2015-04-13,2015年4月13日,晴 /多云,23℃ / 8℃,东北风 ≤3级 /东北风 ≤3级,晴,多云,23,8,东北风,≤3级,东北风,≤3级,day
2015-04-14 15:30:00,贵惠大道,7、未按规定让行的 ,负全部责任,不负责任,1,贵A5AV54,白色,1,贵A7536Z,白色,自培,金大驾校,2009/3/19 0:00,2013/9/22 0:00,英伦牌,中华牌,674664000000000000 ,366068000000000000 ,197601,198705,15,1,4,工作日,非高峰,2015-04-14,2015年4月14日,晴 /多云,22℃ / 9℃,东风 ≤3级 /东风 ≤3级,晴,多云,22,9,东风,≤3级,东风,≤3级,day
2015-04-14 15:30:00,中华路,7、未按规定让行的 ,负全部责任,不负责任,1,贵AUA777,绿,1,贵A51R23,白,自培,-1,2002/4/23 0:00,-1,大众汽车牌,奥迪牌,74667500000000000 ,366563000000000000 ,198208,197604,15,1,4,工作日,非高峰,2015-04-14,2015年4月14日,晴 /多云,22℃ / 9℃,东风 ≤3级 /东风 ≤3级,晴,多云,22,9,东风,≤3级,东风,≤3级,day
2015-04-14 16:50:00,甲秀南路,1、追尾的,负全部责任,不负责任,1,贵A80123,白色,1,贵AMR451,白色,自培,贵州现代驾驶培训责任有限公司,2004/12/13 0:00,2010/12/20 0:00,解放,五菱牌,366876000000000000 ,366067000000000000 ,198305,197003,16,1,4,工作日,非高峰,2015-04-14,2015年4月14日,晴 /多云,22℃ / 9℃,东风 ≤3级 /东风 ≤3级,晴,多云,22,9,东风,≤3级,东风,≤3级,day
2015-04-14 17:00:00,贵惠大道,8、依法应负全责的其他情形,负全部责任,不负责任,1,新MA9199,白色,1,贵ABB129,白色,自培,-1,2008/5/26 0:00,-1,-1,雅阁牌,354767000000000000 ,354366000000000000 ,196708,198811,17,1,4,工作日,晚高峰(17-19点),2015-04-14,2015年4月14日,晴 /多云,22℃ / 9℃,东风 ≤3级 /东风 ≤3级,晴,多云,22,9,东风,≤3级,东风,≤3级,day
2015-04-14 17:24:00,花果园,7、未按规定让行的 ,负全部责任,不负责任,1,贵AJH709,白色,1,贵A4BV64,白色,自培,新天驾校,2000/6/23 0:00,2014/1/3 0:00,威志牌,宝马牌,364547000000000000 ,724267000000000000 ,197605,199211,17,1,4,工作日,晚高峰(17-19点),2015-04-14,2015年4月14日,晴 /多云,22℃ / 9℃,东风 ≤3级 /东风 ≤3级,晴,多云,22,9,东风,≤3级,东风,≤3级,day
2015-04-14 17:40:00,鹿冲关,8、依法应负全责的其他情形,负同等责任,负同等责任,1,贵AFL483,银,1,贵AU7828,绿,自培,贵州省长安驾驶培训学校,2007/8/17 0:00,2010/9/28 0:00,吉利美日牌,宝来牌,364547000000000000 ,364557000000000000 ,198609,198710,17,1,4,工作日,晚高峰(17-19点),2015-04-14,2015年4月14日,晴 /多云,22℃ / 9℃,东风 ≤3级 /东风 ≤3级,晴,多云,22,9,东风,≤3级,东风,≤3级,day
2015-04-14 18:50:00,长岭南路,3、倒车的,负全部责任,不负责任,1,贵A518G4,银,1,贵A383E3,银,自培,-1,2009/8/27 0:00,-1,长安牌,延龙牌,74365500000000000 ,74365500000000000 ,198808,198710,18,1,4,工作日,晚高峰(17-19点),2015-04-14,2015年4月14日,晴 /多云,22℃ / 9℃,东风 ≤3级 /东风 ≤3级,晴,多云,22,9,东风,≤3级,东风,≤3级,day
2015-04-14 17:30:00,金清路,8、依法应负全责的其他情形,负全部责任,不负责任,1,贵A98871,红,1,贵GY5719,银,自培,-1,2004/10/10 0:00,-1,陕汽牌,金杯牌,366069000000000000 ,366063000000000000 ,196808,198002,17,1,4,工作日,晚高峰(17-19点),2015-04-14,2015年4月14日,晴 /多云,22℃ / 9℃,东风 ≤3级 /东风 ≤3级,晴,多云,22,9,东风,≤3级,东风,≤3级,day
2015-04-14 20:00:00,中华南路,8、依法应负全责的其他情形,负全部责任,不负责任,1,贵GR5091,白,1,贵ADL661,白,自培,-1,2002/11/29 0:00,-1,长安牌,雪佛兰牌,366362000000000000 ,364546000000 ,197601,484841,20,1,4,工作日,非高峰,2015-04-14,2015年4月14日,晴 /多云,22℃ / 9℃,东风 ≤3级 /东风 ≤3级,晴,多云,22,9,东风,≤3级,东风,≤3级,night
2015-04-14 20:00:00,花果园,7、未按规定让行的 ,负全部责任,不负责任,1,贵AVA046,白色,1,贵AU5187,白色,自培,-1,2007/6/30 0:00,-1,五菱,宗申牌,355748000000000000 ,366067000000000000 ,198204,197502,20,1,4,工作日,非高峰,2015-04-14,2015年4月14日,晴 /多云,22℃ / 9℃,东风 ≤3级 /东风 ≤3级,晴,多云,22,9,东风,≤3级,东风,≤3级,night
2015-04-15 07:20:00,人民广场,7、未按规定让行的 ,负全部责任,不负责任,1,贵A96378,白色,1,贵A63F92,白色,自培,长运驾校,2002/1/30 0:00,2012/10/23 0:00,东风标致牌,福克斯牌,364547000000000000 ,36454651974963745X,197108,198308,7,2,4,工作日,早高峰(7-9点),2015-04-15,2015年4月15日,多云 /多云,24℃ / 16℃,东南风 ≤3级 /南风 ≤3级,多云,多云,24,16,东南风,≤3级,南风,≤3级,day
2015-04-15 08:20:00,八匹马,7、未按规定让行的 ,负全部责任,不负责任,1,川RQQ757,黑,1,贵A9795B,银,自培,-1,2014/12/5 0:00,-1,北京牌,长安牌,355741000000000000 ,76045500000000000 ,199003,197209,8,2,4,工作日,早高峰(7-9点),2015-04-15,2015年4月15日,多云 /多云,24℃ / 16℃,东南风 ≤3级 /南风 ≤3级,多云,多云,24,16,东南风,≤3级,南风,≤3级,day
2015-04-15 09:37:00,商贸城,1、追尾的,负全部责任,不负责任,1,贵ASU0239,黑,1,贵A59B94,白,自培,新华驾校,2007/1/18 0:00,2011/6/29 0:00,-1,大众汽车牌,366664000000000000 ,774764000000000000 ,197709,197101,9,2,4,工作日,早高峰(7-9点),2015-04-15,2015年4月15日,多云 /多云,24℃ / 16℃,东南风 ≤3级 /南风 ≤3级,多云,多云,24,16,东南风,≤3级,南风,≤3级,day
2015-04-15 08:53:00,花溪,1、追尾的,负全部责任,不负责任,1,贵EV4468,白色,1,贵AHB674,白色,自培,景宏驾校,2004/4/6 0:00,2011/7/15 0:00,东风雪铁龙牌,北京现代牌,36455551935446447X,366366000000000000 ,198510,196209,8,2,4,工作日,早高峰(7-9点),2015-04-15,2015年4月15日,多云 /多云,24℃ / 16℃,东南风 ≤3级 /南风 ≤3级,多云,多云,24,16,东南风,≤3级,南风,≤3级,day
2015-04-15 10:57:00,金阳客站,9、不符合前8款规定或者双方同时具有上述情形的,负同等责任,负同等责任,0,贵AU5826,绿,1,贵AU6805,绿,自培,-1,2007/9/17 0:00,-1,捷达牌,宝雕牌,366569000000000000 ,364576000000000000 ,197508,195507,10,2,4,工作日,非高峰,2015-04-15,2015年4月15日,多云 /多云,24℃ / 16℃,东南风 ≤3级 /南风 ≤3级,多云,多云,24,16,东南风,≤3级,南风,≤3级,day
2015-04-15 10:30:00,仅有那个大酒店,7、未按规定让行的 ,负全部责任,不负责任,1,贵A64X37,黑,1,贵A91W98,黑,自培,-1,2001/12/6 0:00,-1,发现4,别克,36464751854759467X,366046000000000000 ,197103,199110,10,2,4,工作日,非高峰,2015-04-15,2015年4月15日,多云 /多云,24℃ / 16℃,东南风 ≤3级 /南风 ≤3级,多云,多云,24,16,东南风,≤3级,南风,≤3级,day
2015-04-14 15:10:00,金阳客站,7、未按规定让行的 ,负全部责任,不负责任,1,贵AU8327,蓝,1,贵AU3957,蓝,自培,自培,2007/2/7 0:00,2006/8/28 0:00,瑞麒牌,金狮牌,366347000000000000 ,36606951225547405X,197010,196611,15,1,4,工作日,非高峰,2015-04-14,2015年4月14日,晴 /多云,22℃ / 9℃,东风 ≤3级 /东风 ≤3级,晴,多云,22,9,东风,≤3级,东风,≤3级,day
2015-04-14 16:15:00,金阳南路,1、追尾的,负全部责任,不负责任,1,川AL15P5,红,1,贵A91Z96,蓝,自培,自培,2009/12/28 0:00,2003/5/27 0:00,大众牌,帕杰罗,54766500000000000 ,366367000000000000 ,198608,196407,16,1,4,工作日,非高峰,2015-04-14,2015年4月14日,晴 /多云,22℃ / 9℃,东风 ≤3级 /东风 ≤3级,晴,多云,22,9,东风,≤3级,东风,≤3级,day
2015-04-14 17:00:00,花溪,7、未按规定让行的 ,负全部责任,不负责任,1,贵AAC447,白色,1,贵A59V48,白色,自培,自培,2003/12/1 0:00,2004/4/5 0:00,东风雪铁龙牌,福特锐界,36455051834745405X,36454751855566695X,197503,197111,17,1,4,工作日,晚高峰(17-19点),2015-04-14,2015年4月14日,晴 /多云,22℃ / 9℃,东风 ≤3级 /东风 ≤3级,晴,多云,22,9,东风,≤3级,东风,≤3级,day
2015-04-14 18:20:00,北京路,7、未按规定让行的 ,负全部责任,不负责任,1,贵A86V53,白,1,贵ANW223,黑,自培,自培,2014/12/1 0:00,2004/5/30 0:00,大众汽车,大众汽车牌,765696000000000000 ,355468000000000000 ,199208,196805,18,1,4,工作日,晚高峰(17-19点),2015-04-14,2015年4月14日,晴 /多云,22℃ / 9℃,东风 ≤3级 /东风 ≤3级,晴,多云,22,9,东风,≤3级,东风,≤3级,day
2015-04-14 23:15:00,油榨街,1、追尾的,负全部责任,不负责任,1,贵AUA719,白色,1,贵AU9913,白色,自培,自培,2001/9/24 0:00,2004/3/16 0:00,丰田牌,喜马牌,364558000000000000 ,366046000000000000 ,197612,197605,23,1,4,工作日,非高峰,2015-04-14,2015年4月14日,晴 /多云,22℃ / 9℃,东风 ≤3级 /东风 ≤3级,晴,多云,22,9,东风,≤3级,东风,≤3级,night
2015-04-15 07:38:00,沙冲路转盘,7、未按规定让行的 ,负全部责任,不负责任,1,贵A18N22,白色,1,贵A25M83,白色,自培,自培,2001/10/19 0:00,2005/1/26 0:00,捷达牌,大众汽车牌,366067000000000000 ,355466000000000000 ,197906,197209,7,2,4,工作日,早高峰(7-9点),2015-04-15,2015年4月15日,多云 /多云,24℃ / 16℃,东南风 ≤3级 /南风 ≤3级,多云,多云,24,16,东南风,≤3级,南风,≤3级,day
2015-04-15 10:30:00,西南环线,7、未按规定让行的 ,负全部责任,不负责任,1,贵AKK713,白色,1,贵A543H1,白色,自培,-1,2002/8/27 0:00,-1,思铂睿牌,力神牌,364548000000000000 ,366347000000000000 ,198012,198107,10,2,4,工作日,非高峰,2015-04-15,2015年4月15日,多云 /多云,24℃ / 16℃,东南风 ≤3级 /南风 ≤3级,多云,多云,24,16,东南风,≤3级,南风,≤3级,day
2015-04-15 13:30:00,世纪城,1、追尾的,负全部责任,不负责任,1,贵AU0555,黄,1,贵A0BZ36,白,自培,新天驾校,2002/10/22 0:00,2012/3/19 0:00,万达牌,奥迪牌,366561000000000000 ,36455651924953639X,198105,198608,13,2,4,工作日,非高峰,2015-04-15,2015年4月15日,多云 /多云,24℃ / 16℃,东南风 ≤3级 /南风 ≤3级,多云,多云,24,16,东南风,≤3级,南风,≤3级,day
2015-04-15 13:45:00,碧海花园,7、未按规定让行的 ,负全部责任,不负责任,1,贵A19M18,白,1,贵AB652C,白,自培,十一驾驶培训有限公司,2002/7/10 0:00,2010/12/29 0:00,东风日产牌,帕杰罗,364548000000000000 ,364558000000000000 ,196203,198003,13,2,4,工作日,非高峰,2015-04-15,2015年4月15日,多云 /多云,24℃ / 16℃,东南风 ≤3级 /南风 ≤3级,多云,多云,24,16,东南风,≤3级,南风,≤3级,day
2015-04-15 14:40:00,临城西路,7、未按规定让行的 ,负全部责任,不负责任,1,贵AM2544,银,1,川L28875,黄,自培,-1,2002/7/12 0:00,-1,望龙牌,-1,364548000000000000 ,355557000000000000 ,196809,197811,14,2,4,工作日,非高峰,2015-04-15,2015年4月15日,多云 /多云,24℃ / 16℃,东南风 ≤3级 /南风 ≤3级,多云,多云,24,16,东南风,≤3级,南风,≤3级,day
2015-04-15 17:30:00,小河转盘,9、不符合前8款规定或者双方同时具有上述情形的,负同等责任,负同等责任,1,贵A6BF14,白色,1,贵A87L39,白色,自培,顺一驾驶培训学校,2004/5/27 0:00,2011/9/28 0:00,奥迪牌,别克牌,366546000000000000 ,364547000000000000 ,196601,197510,17,2,4,工作日,晚高峰(17-19点),2015-04-15,2015年4月15日,多云 /多云,24℃ / 16℃,东南风 ≤3级 /南风 ≤3级,多云,多云,24,16,东南风,≤3级,南风,≤3级,day
2015-04-15 18:20:00,盐务街,8、依法应负全责的其他情形,负全部责任,不负责任,1,贵AH8931,黄,1,贵ANE892,白,自培,消防驾校,2002/9/19 0:00,2011/4/2 0:00,豪爵牌,雷克萨斯,364547000000000000 ,36454651914569743X,197109,198901,18,2,4,工作日,晚高峰(17-19点),2015-04-15,2015年4月15日,多云 /多云,24℃ / 16℃,东南风 ≤3级 /南风 ≤3级,多云,多云,24,16,东南风,≤3级,南风,≤3级,day
2015-04-15 17:50:00,金阳北路,7、未按规定让行的 ,负全部责任,不负责任,1,贵AWC225,黑,1,贵AB753T,白,自培,-1,2001/6/7 0:00,-1,梅赛德斯奔驰,北京现代牌,354366000000000000 ,36455751164767407X,196603,199203,17,2,4,工作日,晚高峰(17-19点),2015-04-15,2015年4月15日,多云 /多云,24℃ / 16℃,东南风 ≤3级 /南风 ≤3级,多云,多云,24,16,东南风,≤3级,南风,≤3级,day
2015-04-15 21:34:00,威清路,1、追尾的,负全部责任,不负责任,1,贵AET855,黑,1,贵AU7686,银,自培,无,2004/8/4 0:00,1990/6/6 0:00,东风雪铁龙牌,豪爵牌,364547000000000000 ,364548000000000000 ,198208,196007,21,2,4,工作日,非高峰,2015-04-15,2015年4月15日,多云 /多云,24℃ / 16℃,东南风 ≤3级 /南风 ≤3级,多云,多云,24,16,东南风,≤3级,南风,≤3级,night
2015-04-16 00:00:00,南明区,9、不符合前8款规定或者双方同时具有上述情形的,负同等责任,负同等责任,1,贵AB1703,白色,1,贵A151B2,白色,自培,贵大驾校,2000/10/25 0:00,2012/5/25 0:00,双庆牌,长安牌,364547000000000000 ,366046000000000000 ,197407,197709,0,3,4,工作日,非高峰,2015-04-16,2015年4月16日,多云 /多云,29℃ / 17℃,南风 ≤3级 /南风 ≤3级,多云,多云,29,17,南风,≤3级,南风,≤3级,night
2015-04-16 06:58:00,三桥, ,负全部责任,不负责任,1,贵AT232A,银,1,贵A062E3,银,自培,诚信驾驶培训学校,2004/5/11 0:00,2012/5/7 0:00,-1,跃进牌,366367000000000000 ,364547000000000000 ,198102,199310,6,3,4,工作日,非高峰,2015-04-16,2015年4月16日,多云 /多云,29℃ / 17℃,南风 ≤3级 /南风 ≤3级,多云,多云,29,17,南风,≤3级,南风,≤3级,day
2015-04-16 03:00:00,二戈寨,7、未按规定让行的 ,负全部责任,不负责任,1,贵JDF435,白色,1,贵AFS322,白色,自培,-1,2007/9/5 0:00,-1,解放牌,福田牌,34947500000000000 ,364545000000 ,198510,255611,3,3,4,工作日,非高峰,2015-04-16,2015年4月16日,多云 /多云,29℃ / 17℃,南风 ≤3级 /南风 ≤3级,多云,多云,29,17,南风,≤3级,南风,≤3级,night
2015-04-16 08:05:00,世纪城,7、未按规定让行的 ,负全部责任,不负责任,1,云R49492,白,1,闽A96R85,黑,自培,-1,2012/3/7 0:00,-1,昌河,金旅牌,357867000000000000 ,734569000000000000 ,198011,195611,8,3,4,工作日,早高峰(7-9点),2015-04-16,2015年4月16日,多云 /多云,29℃ / 17℃,南风 ≤3级 /南风 ≤3级,多云,多云,29,17,南风,≤3级,南风,≤3级,day
2015-04-15 20:00:00,大营坡,1、追尾的,负全部责任,不负责任,1,贵AU7275,蓝,1,贵A91V46,白,自培,520134,2003/11/28 0:00,2008/1/11 0:00,金龙牌,尚酷,364548000000000000 ,354651000000000000 ,197004,198203,20,2,4,工作日,非高峰,2015-04-15,2015年4月15日,多云 /多云,24℃ / 16℃,东南风 ≤3级 /南风 ≤3级,多云,多云,24,16,东南风,≤3级,南风,≤3级,night
2015-04-16 08:15:00,麻冲路口,1、追尾的,负全部责任,不负责任,0,贵A79Z92,银,0,贵A61P41,蓝,自培,蓝天驾校,2001/7/3 0:00,2012/3/29 0:00,起亚牌,奥迪牌,364548000000000000 ,364548000000000000 ,197406,197312,8,3,4,工作日,早高峰(7-9点),2015-04-16,2015年4月16日,多云 /多云,29℃ / 17℃,南风 ≤3级 /南风 ≤3级,多云,多云,29,17,南风,≤3级,南风,≤3级,day
2015-04-16 08:23:00,白云区,1、追尾的,负全部责任,不负责任,1,贵A52R54,黑,1,贵A1709T,红,自培,-1,2004/6/29 0:00,-1,北京现代牌,江淮牌,366862000000000000 ,36457551924867400X,198309,198607,8,3,4,工作日,早高峰(7-9点),2015-04-16,2015年4月16日,多云 /多云,29℃ / 17℃,南风 ≤3级 /南风 ≤3级,多云,多云,29,17,南风,≤3级,南风,≤3级,day
2015-04-16 09:37:00,白云区,7、未按规定让行的 ,负全部责任,不负责任,1,贵AKG134,白,0,贵A9328W,白,自培,贵州现代驾驶培训责任有限公司,2002/8/12 0:00,2014/2/17 0:00,红旗牌,起亚牌,364547000000000000 ,364558000000000000 ,197010,196712,9,3,4,工作日,早高峰(7-9点),2015-04-16,2015年4月16日,多云 /多云,29℃ / 17℃,南风 ≤3级 /南风 ≤3级,多云,多云,29,17,南风,≤3级,南风,≤3级,day
2015-04-16 11:00:00,明珠大道,7、未按规定让行的 ,负全部责任,不负责任,1,贵A91X96,白色,1,贵A90481,白色,自培,鑫鑫驾校,2004/1/8 0:00,2011/9/27 0:00,比亚迪牌,豪爵牌,364556000000000000 ,364556000000000000 ,197512,198708,11,3,4,工作日,非高峰,2015-04-16,2015年4月16日,多云 /多云,29℃ / 17℃,南风 ≤3级 /南风 ≤3级,多云,多云,29,17,南风,≤3级,南风,≤3级,day
2015-04-16 09:35:00,盐务街,7、未按规定让行的 ,负全部责任,不负责任,1,贵A20601,白,1,贵AKN256,黑,自培,-1,2000/5/29 0:00,-1,中联牌,马自达牌,364558000000000000 ,355247000000000000 ,197603,198701,9,3,4,工作日,早高峰(7-9点),2015-04-16,2015年4月16日,多云 /多云,29℃ / 17℃,南风 ≤3级 /南风 ≤3级,多云,多云,29,17,南风,≤3级,南风,≤3级,day
2015-04-15 14:00:00,电视机厂,1、追尾的,负全部责任,不负责任,1,贵AFY138,白色,1,贵ASB554,白色,自培,自培,2007/1/23 0:00,2005/1/6 0:00,朗风,雪佛兰牌,35616751214667391X,364548000000000000 ,196902,196209,14,2,4,工作日,非高峰,2015-04-15,2015年4月15日,多云 /多云,24℃ / 16℃,东南风 ≤3级 /南风 ≤3级,多云,多云,24,16,东南风,≤3级,南风,≤3级,day
2015-04-15 17:00:00,王家桥,7、未按规定让行的 ,负全部责任,不负责任,1,贵A72055,白色,1,贵A2BA32,白色,自培,自培,2004/10/18 0:00,2006/11/22 0:00,东风牌,飞度牌,366067000000000000 ,364547000000000000 ,197903,198203,17,2,4,工作日,晚高峰(17-19点),2015-04-15,2015年4月15日,多云 /多云,24℃ / 16℃,东南风 ≤3级 /南风 ≤3级,多云,多云,24,16,东南风,≤3级,南风,≤3级,day
2015-04-15 16:30:00,白金大道,7、未按规定让行的 ,负全部责任,不负责任,1,贵A89383,红,1,贵A4292T,白,自培,自培,2002/6/14 0:00,2008/5/26 0:00,大运牌,夏利牌,366046000000000000 ,366561000000000000 ,198107,197202,16,2,4,工作日,非高峰,2015-04-15,2015年4月15日,多云 /多云,24℃ / 16℃,东南风 ≤3级 /南风 ≤3级,多云,多云,24,16,东南风,≤3级,南风,≤3级,day
2015-04-15 20:30:00,油小线,9、不符合前8款规定或者双方同时具有上述情形的,负同等责任,负同等责任,1,贵A2592V,白色,1,贵AU2335,白色,自培,自培,2003/9/3 0:00,2011/4/7 0:00,五菱牌,赤兔马牌,366066000000000000 ,366363000000000000 ,197312,198710,20,2,4,工作日,非高峰,2015-04-15,2015年4月15日,多云 /多云,24℃ / 16℃,东南风 ≤3级 /南风 ≤3级,多云,多云,24,16,东南风,≤3级,南风,≤3级,night
2015-04-16 08:30:00,新添大道,1、追尾的,负全部责任,不负责任,1,贵AHS677,白色,1,贵A92V54,黑色,自培,自培,2004/3/22 0:00,2005/6/15 0:00,东风日产牌,奥迪,364547000000000000 ,364547000000000000 ,196208,198702,8,3,4,工作日,早高峰(7-9点),2015-04-16,2015年4月16日,多云 /多云,29℃ / 17℃,南风 ≤3级 /南风 ≤3级,多云,多云,29,17,南风,≤3级,南风,≤3级,day
2015-04-16 08:30:00,二戈寨,1、追尾的,负全部责任,不负责任,1,贵A83862,白色,1,贵GS8578,白色,自培,自培,2004/6/22 0:00,2004/4/12 0:00,万达牌,北京现代牌,36656351904054515X,366663000000000000 ,198404,197801,8,3,4,工作日,早高峰(7-9点),2015-04-16,2015年4月16日,多云 /多云,29℃ / 17℃,南风 ≤3级 /南风 ≤3级,多云,多云,29,17,南风,≤3级,南风,≤3级,day
2015-04-16 10:00:00,沙冲路,8、依法应负全责的其他情形,负全部责任,不负责任,1,贵AB8192,白色,1,贵AMT639,白色,自培,-1,2002/4/13 0:00,-1,凌本牌,比亚迪牌,366366000000000000 ,36454700000000000 ,196308,196302,10,3,4,工作日,非高峰,2015-04-16,2015年4月16日,多云 /多云,29℃ / 17℃,南风 ≤3级 /南风 ≤3级,多云,多云,29,17,南风,≤3级,南风,≤3级,day