accidenttime,accidentaddr,driver1fault,driver1responsibility,driver2responsibility,sex1,platenumber1,carcolor1,sex2,platenumber2,carcolor2,jxmc1,jxmc2,cclzrq1,cclzrq2,clpp1,clpp2,driver1license,driver2license,brith1,brith2,hour,weekday,month,is_weekday,peak_hour,date,日期,天气状况,气温,风力风向,day_wea,night_wea,day_tep,night_tep,day_wind_direction,day_wind_speed,night_wind_direction,night_wind_speed,segment
2015-04-16 15:00:00,黔灵山路,7、未按规定让行的 ,负全部责任,不负责任,1,贵AG2191,白,1,贵A7AN75,白,自培,人武驾校,2003/8/12 0:00,2012/7/13 0:00,山城牌,福克斯牌,364548000000000000 ,364558000000000000 ,196906,197503,15,3,4,工作日,非高峰,2015-04-16,2015年4月16日,多云 /多云,29℃ / 17℃,南风 ≤3级 /南风 ≤3级,多云,多云,29,17,南风,≤3级,南风,≤3级,day
2015-04-16 12:30:00,金珠路,1、追尾的,负全部责任,不负责任,1,贵HCC696,银,1,贵A39F14,银,自培,全林驾校,2002/4/19 0:00,2012/3/29 0:00,东风牌,东风日产牌,364548000000000000 ,366067000000000000 ,196401,198801,12,3,4,工作日,非高峰,2015-04-16,2015年4月16日,多云 /多云,29℃ / 17℃,南风 ≤3级 /南风 ≤3级,多云,多云,29,17,南风,≤3级,南风,≤3级,day
2015-04-16 14:30:00,云潭北路,1、追尾的,负全部责任,不负责任,1,贵A3881J,银,1,贵FQ0221,银,自培,-1,2003/2/14 0:00,-1,长安牌,五菱牌,364557000000000000 ,366064000000000000 ,197410,197403,14,3,4,工作日,非高峰,2015-04-16,2015年4月16日,多云 /多云,29℃ / 17℃,南风 ≤3级 /南风 ≤3级,多云,多云,29,17,南风,≤3级,南风,≤3级,day
2015-04-16 14:00:00,开发大道,1、追尾的,负全部责任,不负责任,1,贵A72Z62,白色,1,贵ASM222,白色,自培,贵大佳德驾驶培训学校,2003/6/5 0:00,2012/11/19 0:00,宝马,雷克萨斯,364547000000000000 ,364557000000000000 ,196110,199309,14,3,4,工作日,非高峰,2015-04-16,2015年4月16日,多云 /多云,29℃ / 17℃,南风 ≤3级 /南风 ≤3级,多云,多云,29,17,南风,≤3级,南风,≤3级,day
2015-04-16 16:25:00,沙冲路口,7、未按规定让行的 ,负全部责任,不负责任,1,贵ADR458,白色,1,贵AU9635,白色,自培,顺一驾驶培训学校,2003/7/3 0:00,2011/4/2 0:00,金杯牌,新阳光牌,354677000000000000 ,364551000000000000 ,197410,198108,16,3,4,工作日,非高峰,2015-04-16,2015年4月16日,多云 /多云,29℃ / 17℃,南风 ≤3级 /南风 ≤3级,多云,多云,29,17,南风,≤3级,南风,≤3级,day
2015-04-16 17:55:00,鹏水池,7、未按规定让行的 ,负全部责任,不负责任,1,贵AU7282,黑,1,贵AU7922,银,自培,99,2001/9/11 0:00,2007/9/13 0:00,宝来牌,奇瑞牌,364548000000000000 ,36456751924245567X,196607,198606,17,3,4,工作日,晚高峰(17-19点),2015-04-16,2015年4月16日,多云 /多云,29℃ / 17℃,南风 ≤3级 /南风 ≤3级,多云,多云,29,17,南风,≤3级,南风,≤3级,day
2015-04-16 15:30:00,西二环,1、追尾的,负全部责任,不负责任,1,贵D66296,白色,1,贵A5841B,白色,自培,鑫鑫驾校,2006/6/9 0:00,2013/5/31 0:00,起亚牌,丰田牌,366663000000000000 ,366564000000000000 ,198602,198612,15,3,4,工作日,非高峰,2015-04-16,2015年4月16日,多云 /多云,29℃ / 17℃,南风 ≤3级 /南风 ≤3级,多云,多云,29,17,南风,≤3级,南风,≤3级,day
2015-04-17 00:00:00,沙冲中路,1、追尾的,负全部责任,不负责任,1,贵AA837Z,白色,1,贵A2K863,白色,自培,-1,2004/1/18 0:00,-1,宝骏牌,别克牌,366064000000000000 ,364547000000000000 ,197904,199111,0,4,4,工作日,非高峰,2015-04-17,2015年4月17日,多云 /多云,28℃ / 19℃,南风 ≤3级 /南风 ≤3级,多云,多云,28,19,南风,≤3级,南风,≤3级,night
2015-04-17 07:10:00,粑粑街,7、未按规定让行的 ,负全部责任,不负责任,1,贵A98150,红,1,贵A41G66,银,自培,智杰驾校,2005/1/19 0:00,2013/6/26 0:00,豪泺牌,起亚牌,366846000000000000 ,364568000000000000 ,197601,198912,7,4,4,工作日,早高峰(7-9点),2015-04-17,2015年4月17日,多云 /多云,28℃ / 19℃,南风 ≤3级 /南风 ≤3级,多云,多云,28,19,南风,≤3级,南风,≤3级,day
2015-04-17 10:00:00,学士路,7、未按规定让行的 ,负全部责任,不负责任,1,贵AEK717,白色,1,贵A7AY31,白色,自培,-1,2012/8/22 0:00,-1,金旅牌,思威牌,366570000000000000 ,364545000000 ,198902,749073,10,4,4,工作日,非高峰,2015-04-17,2015年4月17日,多云 /多云,28℃ / 19℃,南风 ≤3级 /南风 ≤3级,多云,多云,28,19,南风,≤3级,南风,≤3级,day
2015-04-17 10:00:00,紫林庵,3、倒车的,负全部责任,不负责任,1,贵AW6161,红,1,贵A22928,黑,自培,-1,2010/9/20 0:00,1976/12/13 0:00,千里马牌,东南,366562000000000000 ,364547000000000000 ,198910,195711,10,4,4,工作日,非高峰,2015-04-17,2015年4月17日,多云 /多云,28℃ / 19℃,南风 ≤3级 /南风 ≤3级,多云,多云,28,19,南风,≤3级,南风,≤3级,day
2015-04-17 11:00:00,西二环,1、追尾的,负全部责任,不负责任,1,贵A9554A,黑,1,贵A4617N,黑,自培,蓝天驾校,2006/7/19 0:00,2011/10/24 0:00,五菱牌,丰田牌,364551000000000000 ,364557000000000000 ,198510,196304,11,4,4,工作日,非高峰,2015-04-17,2015年4月17日,多云 /多云,28℃ / 19℃,南风 ≤3级 /南风 ≤3级,多云,多云,28,19,南风,≤3级,南风,≤3级,day
2015-04-17 12:30:00,市北路,7、未按规定让行的 ,负全部责任,不负责任,1,贵A587G6,银,1,贵AU7386,蓝,自培,消防驾校,2001/5/9 0:00,1999/12/15 0:00,江淮牌,望江牌,354766000000000000 ,366561000000000000 ,196604,197901,12,4,4,工作日,非高峰,2015-04-17,2015年4月17日,多云 /多云,28℃ / 19℃,南风 ≤3级 /南风 ≤3级,多云,多云,28,19,南风,≤3级,南风,≤3级,day
2015-04-17 12:40:00,花香村,7、未按规定让行的 ,负全部责任,不负责任,1,贵ALM888,白色,1,贵AU6207,白色,自培,自培,2006/3/31 0:00,2011/12/13 0:00,长安牌,豪进牌,354863000000000000 ,366064000000000000 ,197703,198704,12,4,4,工作日,非高峰,2015-04-17,2015年4月17日,多云 /多云,28℃ / 19℃,南风 ≤3级 /南风 ≤3级,多云,多云,28,19,南风,≤3级,南风,≤3级,day
2015-04-17 11:02:00,贵开路,7、未按规定让行的 ,负全部责任,不负责任,1,贵AFC544,白,1,贵AAX956,白,自培,-1,2001/10/12 0:00,-1,五菱牌,捷达牌,366664000000000000 ,36634600000000000 ,197810,192021,11,4,4,工作日,非高峰,2015-04-17,2015年4月17日,多云 /多云,28℃ / 19℃,南风 ≤3级 /南风 ≤3级,多云,多云,28,19,南风,≤3级,南风,≤3级,day
2015-04-17 15:05:00,北京西路,7、未按规定让行的 ,负全部责任,不负责任,1,贵A4IZ23,黑,1,贵APT902,黑,自培,时发驾校,2000/8/15 0:00,2011/6/8 0:00,-1,雅阁牌,366664000000000000 ,366067000000000000 ,197903,199211,15,4,4,工作日,非高峰,2015-04-17,2015年4月17日,多云 /多云,28℃ / 19℃,南风 ≤3级 /南风 ≤3级,多云,多云,28,19,南风,≤3级,南风,≤3级,day
2015-04-17 15:20:00,花香村,7、未按规定让行的 ,负全部责任,不负责任,1,贵A376D8,白,1,贵A8BG55,白,自培,长运驾校（南明区）,2004/9/7 0:00,2015/2/27 0:00,福田牌,翼搏牌,366864000000000000 ,364547000000000000 ,197506,198612,15,4,4,工作日,非高峰,2015-04-17,2015年4月17日,多云 /多云,28℃ / 19℃,南风 ≤3级 /南风 ≤3级,多云,多云,28,19,南风,≤3级,南风,≤3级,day
2015-04-17 14:30:00,清溪路,8、依法应负全责的其他情形,负全部责任,不负责任,1,贵A206C1,白色,1,贵GR911,白色,自培,-1,2004/9/15 0:00,-1,东风牌,-1,366046000000000000 ,36455600000000000 ,198412,198109,14,4,4,工作日,非高峰,2015-04-17,2015年4月17日,多云 /多云,28℃ / 19℃,南风 ≤3级 /南风 ≤3级,多云,多云,28,19,南风,≤3级,南风,≤3级,day
2015-04-17 17:10:00,石标路,8、依法应负全责的其他情形,负全部责任,不负责任,1,贵A8267M,黑,0,贵A11W84,黑,自培,贵大佳德驾驶培训学校,2006/7/7 0:00,2011/4/15 0:00,朗风,大众牌,366576000000000000 ,364557000000000000 ,197704,199001,17,4,4,工作日,晚高峰(17-19点),2015-04-17,2015年4月17日,多云 /多云,28℃ / 19℃,南风 ≤3级 /南风 ≤3级,多云,多云,28,19,南风,≤3级,南风,≤3级,day
2015-04-17 18:00:00,沙冲路,7、未按规定让行的 ,负全部责任,不负责任,1,贵A739H9,白色,1,贵A66J58,白色,自培,-1,2004/5/28 0:00,-1,五菱,大众牌,366361000000000000 ,364545000000 ,197609,215307,18,4,4,工作日,晚高峰(17-19点),2015-04-17,2015年4月17日,多云 /多云,28℃ / 19℃,南风 ≤3级 /南风 ≤3级,多云,多云,28,19,南风,≤3级,南风,≤3级,day
2015-04-17 16:00:00,中天花园,1、追尾的,负全部责任,不负责任,0,贵A48F18,黑,1,贵AYH241,黑,自培,预约考试窗口,2003/7/31 0:00,2007/2/7 0:00,梅赛德斯-奔驰,丰田牌,366347000000000000 ,354669000000000000 ,197707,197303,16,4,4,工作日,非高峰,2015-04-17,2015年4月17日,多云 /多云,28℃ / 19℃,南风 ≤3级 /南风 ≤3级,多云,多云,28,19,南风,≤3级,南风,≤3级,day
2015-04-17 17:10:00,白云区,1、追尾的,负全部责任,不负责任,1,贵AU8113,绿,0,贵A3557S,白,自培,-1,2006/10/9 0:00,-1,钱江牌,长安牌,364548000000000000 ,3665615180466834X,198712,197402,17,4,4,工作日,晚高峰(17-19点),2015-04-17,2015年4月17日,多云 /多云,28℃ / 19℃,南风 ≤3级 /南风 ≤3级,多云,多云,28,19,南风,≤3级,南风,≤3级,day
2015-04-16 12:55:00,花果园,3、倒车的,负全部责任,不负责任,1,贵A688G7,蓝,1,贵AU8056,黄,自培,自培,2007/7/11 0:00,2009/9/28 0:00,南骏牌,喜马牌,724096000000000000 ,366864000000000000 ,198208,197008,12,3,4,工作日,非高峰,2015-04-16,2015年4月16日,多云 /多云,29℃ / 17℃,南风 ≤3级 /南风 ≤3级,多云,多云,29,17,南风,≤3级,南风,≤3级,day
2015-04-17 10:10:00,万东桥,7、未按规定让行的 ,负全部责任,不负责任,1,贵CK1211,黑,0,贵A27M75,蓝,自培,自培,2003/12/9 0:00,2004/3/29 0:00,雅阁牌,福克斯牌,366577000000000000 ,364548000000000000 ,197607,197004,10,4,4,工作日,非高峰,2015-04-17,2015年4月17日,多云 /多云,28℃ / 19℃,南风 ≤3级 /南风 ≤3级,多云,多云,28,19,南风,≤3级,南风,≤3级,day
2015-04-17 10:05:00,黔灵山路,8、依法应负全责的其他情形,负全部责任,不负责任,1,贵CNT309,银,1,贵AL4721,白,自培,自培,2006/5/17 0:00,2004/9/16 0:00,北京牌,爱立新牌,366567000000000000 ,366364000000000000 ,198303,196806,10,4,4,工作日,非高峰,2015-04-17,2015年4月17日,多云 /多云,28℃ / 19℃,南风 ≤3级 /南风 ≤3级,多云,多云,28,19,南风,≤3级,南风,≤3级,day
2015-04-17 13:25:00,长岭南路,8、依法应负全责的其他情形,负全部责任,不负责任,1,川A4LN78,银,1,贵JN6398,黑,自培,自培,2010/7/27 0:00,2012/8/2 0:00,别克牌,波罗牌,726067000000000000 ,354366000000000000 ,198910,197301,13,4,4,工作日,非高峰,2015-04-17,2015年4月17日,多云 /多云,28℃ / 19℃,南风 ≤3级 /南风 ≤3级,多云,多云,28,19,南风,≤3级,南风,≤3级,day
2015-04-17 16:30:00,八匹马,8、依法应负全责的其他情形,负全部责任,不负责任,0,贵ASAY61,白,1,贵AF4411,红,自培,-1,2012/4/25 0:00,-1,-1,起亚牌,75569500000000000 ,366367000000000000 ,199102,196814,16,4,4,工作日,非高峰,2015-04-17,2015年4月17日,多云 /多云,28℃ / 19℃,南风 ≤3级 /南风 ≤3级,多云,多云,28,19,南风,≤3级,南风,≤3级,day
2015-04-17 18:43:00,五里冲,7、未按规定让行的 ,负全部责任,不负责任,1,贵A92S01,白色,1,贵A29R72,白色,自培,520124,2003/2/5 0:00,2009/2/27 0:00,-1,福克斯牌,366347000000000000 ,36455551995453306X,197904,198810,18,4,4,工作日,晚高峰(17-19点),2015-04-17,2015年4月17日,多云 /多云,28℃ / 19℃,南风 ≤3级 /南风 ≤3级,多云,多云,28,19,南风,≤3级,南风,≤3级,day
2015-04-17 18:30:00,罗汉营,8、依法应负全责的其他情形,负全部责任,不负责任,1,贵CA0818,银,1,贵GQ4319,银,自培,-1,2004/4/13 0:00,-1,翼虎牌,东风雪铁龙牌,366566000000000000 ,74860500000000000 ,197707,199006,18,4,4,工作日,晚高峰(17-19点),2015-04-17,2015年4月17日,多云 /多云,28℃ / 19℃,南风 ≤3级 /南风 ≤3级,多云,多云,28,19,南风,≤3级,南风,≤3级,day
2015-04-17 21:30:00,瑞金北路,7、未按规定让行的 ,负全部责任,不负责任,1,贵FH4484,黑,1,贵GX4434,白,自培,时发驾校,2005/9/15 0:00,2012/8/1 0:00,起亚,比亚迪牌,366046000000000000 ,366364000000000000 ,197807,196410,21,4,4,工作日,非高峰,2015-04-17,2015年4月17日,多云 /多云,28℃ / 19℃,南风 ≤3级 /南风 ≤3级,多云,多云,28,19,南风,≤3级,南风,≤3级,night
2015-04-17 21:40:00,大营坡,8、依法应负全责的其他情形,负全部责任,不负责任,1,贵AU0226,黄,1,贵A98039,黄,自培,520118,2000/12/1 0:00,2008/1/28 0:00,豪爵,长安,364548000000000000 ,366267000000000000 ,197101,197311,21,4,4,工作日,非高峰,2015-04-17,2015年4月17日,多云 /多云,28℃ / 19℃,南风 ≤3级 /南风 ≤3级,多云,多云,28,19,南风,≤3级,南风,≤3级,night
2015-04-18 00:00:00,白云,7、未按规定让行的 ,负全部责任,不负责任,1,贵A952G1,银,1,贵AA152Y,红,自培,鑫鑫驾校,2004/6/25 0:00,2014/1/9 0:00,长安牌,马自达牌,366067000000000000 ,366061000000000000 ,197904,198209,0,5,4,工作日,非高峰,2015-04-18,2015年4月18日,多云 /雷阵雨,29℃ / 16℃,南风 ≤3级 /南风 ≤3级,多云,雷阵雨,29,16,南风,≤3级,南风,≤3级,night
2015-04-17 19:30:00,望城坡,1、追尾的,负全部责任,不负责任,1,渝ALZ884,白色,1,贵AE2447,白色,自培,-1,2013/12/20 0:00,-1,福特牌,江淮,76496251935459497X,366046000000000000 ,198510,197304,19,4,4,工作日,晚高峰(17-19点),2015-04-17,2015年4月17日,多云 /多云,28℃ / 19℃,南风 ≤3级 /南风 ≤3级,多云,多云,28,19,南风,≤3级,南风,≤3级,day
2015-04-17 18:25:00,黄河路,3、倒车的,负全部责任,不负责任,1,贵ANH439,白色,1,湘B2GP21,白色,自培,-1,2003/10/31 0:00,-1,北京现代牌,东风日产牌,774761000000000000 ,74667500000000000 ,198101,199101,18,4,4,工作日,晚高峰(17-19点),2015-04-17,2015年4月17日,多云 /多云,28℃ / 19℃,南风 ≤3级 /南风 ≤3级,多云,多云,28,19,南风,≤3级,南风,≤3级,day
2015-04-25 12:30:00,白云北路,1、追尾的,负全部责任,不负责任,1,贵A896C6,黄,1,贵AGF594,白,自培,-1,2001/10/23 0:00,-1,江铃牌,长安,366361000000000000 ,77460500000000000 ,197701,198004,12,5,4,工作日,非高峰,2015-04-25,2015年4月25日,阴 /阵雨,20℃ / 11℃,东风 ≤3级 /东南风 ≤3级,阴,阵雨,20,11,东风,≤3级,东南风,≤3级,day
2015-04-18 11:00:00,八匹马,7、未按规定让行的 ,负全部责任,不负责任,1,贵A42M14,银,1,贵AHX472,银,自培,新华驾校,2003/10/29 0:00,2014/1/20 0:00,东风日产牌,北京现代牌,364547000000000000 ,364558000000000000 ,197512,199312,11,5,4,工作日,非高峰,2015-04-18,2015年4月18日,多云 /雷阵雨,29℃ / 16℃,南风 ≤3级 /南风 ≤3级,多云,雷阵雨,29,16,南风,≤3级,南风,≤3级,day
2015-04-18 11:00:00,都司路,7、未按规定让行的 ,负全部责任,不负责任,1,贵AB0703,白色,1,渝C17773,白色,自培,-1,2003/4/3 0:00,-1,东风日产牌,别克牌,364556000000000000 ,36345500000000000 ,196906,199108,11,5,4,工作日,非高峰,2015-04-18,2015年4月18日,多云 /雷阵雨,29℃ / 16℃,南风 ≤3级 /南风 ≤3级,多云,雷阵雨,29,16,南风,≤3级,南风,≤3级,day
2015-04-18 12:10:00,四方河路,1、追尾的,负全部责任,不负责任,1,贵AZC721,白色,1,贵A8651B,白色,自培,吉源驾校,2004/5/18 0:00,2014/9/26 0:00,DS5,北京牌,364548000000000000 ,364547000000000000 ,197609,196304,12,5,4,工作日,非高峰,2015-04-18,2015年4月18日,多云 /雷阵雨,29℃ / 16℃,南风 ≤3级 /南风 ≤3级,多云,雷阵雨,29,16,南风,≤3级,南风,≤3级,day
2015-04-18 12:00:00,贵乌路,1、追尾的,负全部责任,不负责任,1,贵A32X26,银,1,贵AU1513,绿,自培,自培,2002/12/26 0:00,2005/5/27 0:00,大众汽车牌,豪爵牌,765500000000000000 ,366347000000000000 ,197912,198307,12,5,4,工作日,非高峰,2015-04-18,2015年4月18日,多云 /雷阵雨,29℃ / 16℃,南风 ≤3级 /南风 ≤3级,多云,雷阵雨,29,16,南风,≤3级,南风,≤3级,day
2015-04-18 12:50:00,白云区,7、未按规定让行的 ,负全部责任,不负责任,1,贵AW2266,黑,1,贵A6371H,黑,自培,-1,2007/9/27 0:00,-1,大阳牌,传祺牌,364547000000000000 ,355567000000000000 ,198012,197802,12,5,4,工作日,非高峰,2015-04-18,2015年4月18日,多云 /雷阵雨,29℃ / 16℃,南风 ≤3级 /南风 ≤3级,多云,雷阵雨,29,16,南风,≤3级,南风,≤3级,day
2015-04-18 12:54:00,解放路,7、未按规定让行的 ,负全部责任,不负责任,1,贵AV6896,白色,1,贵AN8212,白色,自培,-1,2004/6/21 0:00,-1,大阳牌,神鹰牌,364547000000000000 ,376846000000000000 ,196207,197701,12,5,4,工作日,非高峰,2015-04-18,2015年4月18日,多云 /雷阵雨,29℃ / 16℃,南风 ≤3级 /南风 ≤3级,多云,雷阵雨,29,16,南风,≤3级,南风,≤3级,day
2015-04-18 13:18:00,头桥,1、追尾的,负全部责任,不负责任,1,贵AJ5582,白色,1,贵ARV912,白色,自培,预约考试窗口,2001/8/3 0:00,2007/2/12 0:00,力帆牌,长安牌,364547000000000000 ,366364000000000000 ,195811,195902,13,5,4,工作日,非高峰,2015-04-18,2015年4月18日,多云 /雷阵雨,29℃ / 16℃,南风 ≤3级 /南风 ≤3级,多云,雷阵雨,29,16,南风,≤3级,南风,≤3级,day
2015-04-18 12:40:00,中华南路,1、追尾的,负全部责任,不负责任,1,贵AW8551,白色,1,贵AU2284,白色,自培,520123,2002/1/16 0:00,2008/3/25 0:00,嘉陵牌,宝来牌,364547000000000000 ,366067000000000000 ,196006,198111,12,5,4,工作日,非高峰,2015-04-18,2015年4月18日,多云 /雷阵雨,29℃ / 16℃,南风 ≤3级 /南风 ≤3级,多云,雷阵雨,29,16,南风,≤3级,南风,≤3级,day
2015-04-18 13:12:00,花二道,7、未按规定让行的 ,负全部责任,不负责任,1,贵A22026,白色,1,贵AGN126,白色,自培,自培,2005/11/2 0:00,2003/1/9 0:00,豪进,吉利牌,366067000000000000 ,364548000000000000 ,198112,198407,13,5,4,工作日,非高峰,2015-04-18,2015年4月18日,多云 /雷阵雨,29℃ / 16℃,南风 ≤3级 /南风 ≤3级,多云,雷阵雨,29,16,南风,≤3级,南风,≤3级,day
2015-04-18 12:30:00,浦江路,8、依法应负全责的其他情形,负全部责任,不负责任,1,贵AE8432,白色,1,贵A16E29,白色,自培,自培,2002/9/25 0:00,2013/4/25 0:00,北京现代牌,长城牌,364551000000000000 ,364558000000000000 ,198205,198005,12,5,4,工作日,非高峰,2015-04-18,2015年4月18日,多云 /雷阵雨,29℃ / 16℃,南风 ≤3级 /南风 ≤3级,多云,雷阵雨,29,16,南风,≤3级,南风,≤3级,day
2015-04-17 18:10:00,花溪,8、依法应负全责的其他情形,负全部责任,不负责任,1,贵A6491G,白色,1,贵F63997,白色,自培,自培,2011/2/14 0:00,2004/9/16 0:00,昌河牌,北京现代牌,355464000000000000 ,366067000000000000 ,198403,198004,18,4,4,工作日,晚高峰(17-19点),2015-04-17,2015年4月17日,多云 /多云,28℃ / 19℃,南风 ≤3级 /南风 ≤3级,多云,多云,28,19,南风,≤3级,南风,≤3级,day
2015-04-18 00:00:00,小河转盘,7、未按规定让行的 ,负全部责任,不负责任,1,贵A99K65,白色,1,贵A56S29,白色,自培,自培,2007/4/3 0:00,2004/5/24 0:00,福克斯牌,吉利美日牌,364548000000000000 ,364547000000000000 ,198311,197610,0,5,4,工作日,非高峰,2015-04-18,2015年4月18日,多云 /雷阵雨,29℃ / 16℃,南风 ≤3级 /南风 ≤3级,多云,雷阵雨,29,16,南风,≤3级,南风,≤3级,night
2015-04-18 08:30:00,甘荫塘,3、倒车的,负全部责任,不负责任,1,云AN7B23,白色,1,贵ACK629,白色,自培,自培,2014/8/13 0:00,2004/12/1 0:00,宝马牌,格锐,724561000000000000 ,356168000000000000 ,198410,196112,8,5,4,工作日,早高峰(7-9点),2015-04-18,2015年4月18日,多云 /雷阵雨,29℃ / 16℃,南风 ≤3级 /南风 ≤3级,多云,雷阵雨,29,16,南风,≤3级,南风,≤3级,day
2015-04-18 10:10:00,青年路,7、未按规定让行的 ,负全部责任,不负责任,1,贵A4AS63,白,1,贵A4AH93,白,自培,自培,2004/6/9 0:00,2005/6/2 0:00,丰田牌,大众汽车牌,364547000000000000 ,364547000000000000 ,196111,196804,10,5,4,工作日,非高峰,2015-04-18,2015年4月18日,多云 /雷阵雨,29℃ / 16℃,南风 ≤3级 /南风 ≤3级,多云,雷阵雨,29,16,南风,≤3级,南风,≤3级,day
2015-04-18 09:00:00,花溪,7、未按规定让行的 ,负全部责任,不负责任,1,贵A9980J,白色,1,贵A2BX58,白色,自培,自培,2005/9/14 0:00,2004/7/29 0:00,解放牌,福克斯牌,355467000000000000 ,364547000000000000 ,197411,198011,9,5,4,工作日,早高峰(7-9点),2015-04-18,2015年4月18日,多云 /雷阵雨,29℃ / 16℃,南风 ≤3级 /南风 ≤3级,多云,雷阵雨,29,16,南风,≤3级,南风,≤3级,day
2015-04-18 06:15:00,乌当,7、未按规定让行的 ,负全部责任,不负责任,1,贵ARY389,白,1,贵AU7828,白,自培,自培,2012/10/29 0:00,2002/6/11 0:00,五菱牌,宝来牌,366046000000000000 ,366368000000000000 ,199003,196802,6,5,4,工作日,非高峰,2015-04-18,2015年4月18日,多云 /雷阵雨,29℃ / 16℃,南风 ≤3级 /南风 ≤3级,多云,雷阵雨,29,16,南风,≤3级,南风,≤3级,day
2015-04-18 14:24:00,凤凰山公墓,8、依法应负全责的其他情形,负全部责任,不负责任,1,贵A91489,白色,1,贵HAR458,白色,自培,长运驾校,2004/2/24 0:00,2012/4/28 0:00,银钢牌,豪爵牌,364548000000000000 ,364548000000000000 ,198301,198608,14,5,4,工作日,非高峰,2015-04-18,2015年4月18日,多云 /雷阵雨,29℃ / 16℃,南风 ≤3级 /南风 ≤3级,多云,雷阵雨,29,16,南风,≤3级,南风,≤3级,day
2015-04-18 17:00:00,乌当,1、追尾的,负全部责任,不负责任,1,贵A0658R,黑,1,贵A9CB01,白,自培,-1,2003/1/13 0:00,-1,东风雪铁龙牌,丰田牌,364557000000000000 ,364548000000000000 ,198010,199202,17,5,4,工作日,晚高峰(17-19点),2015-04-18,2015年4月18日,多云 /雷阵雨,29℃ / 16℃,南风 ≤3级 /南风 ≤3级,多云,雷阵雨,29,16,南风,≤3级,南风,≤3级,day
2015-04-18 15:15:00,渔安隧道,1、追尾的,负全部责任,不负责任,1,贵AU4286,绿,1,贵AC5289,银,自培,-1,2000/4/17 0:00,-1,捷达牌,福克斯(FOCUS)牌,364548000000000000 ,66767900000000 ,196002,710621,15,5,4,工作日,非高峰,2015-04-18,2015年4月18日,多云 /雷阵雨,29℃ / 16℃,南风 ≤3级 /南风 ≤3级,多云,雷阵雨,29,16,南风,≤3级,南风,≤3级,day
2015-04-18 18:35:00,新添大道,7、未按规定让行的 ,负全部责任,不负责任,1,贵CLY141,白,1,贵AKL923,黑,自培,-1,2007/3/20 0:00,-1,福克斯牌,轩逸牌,376175000000000000 ,364560000000000000 ,198508,197802,18,5,4,工作日,晚高峰(17-19点),2015-04-18,2015年4月18日,多云 /雷阵雨,29℃ / 16℃,南风 ≤3级 /南风 ≤3级,多云,雷阵雨,29,16,南风,≤3级,南风,≤3级,day
2015-04-18 20:45:00,花果园一期,9、不符合前8款规定或者双方同时具有上述情形的,负同等责任,负同等责任,1,川AA17G2,白色,1,粤B7789,白色,自培,-1,2010/2/3 0:00,-1,大众牌,-1,354564000000000000 ,784962000000000000 ,198911,198501,20,5,4,工作日,非高峰,2015-04-18,2015年4月18日,多云 /雷阵雨,29℃ / 16℃,南风 ≤3级 /南风 ≤3级,多云,雷阵雨,29,16,南风,≤3级,南风,≤3级,night
2015-04-18 20:50:00,黔灵山公园,7、未按规定让行的 ,负全部责任,不负责任,1,贵A440F2,白,1,贵A58C28,白,自培,贵州省长安驾驶培训学校,2012/5/2 0:00,2010/5/31 0:00,凯马牌,蒙迪欧牌,366569000000000000 ,366061000000000000 ,198312,198302,20,5,4,工作日,非高峰,2015-04-18,2015年4月18日,多云 /雷阵雨,29℃ / 16℃,南风 ≤3级 /南风 ≤3级,多云,雷阵雨,29,16,南风,≤3级,南风,≤3级,night
2015-04-19 10:47:00,花果园,4、停车时未挂低速档、未拉驻车制动，导致车辆滑行的,负全部责任,不负责任,1,鄂A79L98,黑,1,闽EGC264,银,自培,-1,2002/3/1 0:00,-1,福克斯牌,奥迪牌,64995500000000000 ,734264000000000000 ,198310,198811,10,6,4,周末,非高峰,2015-04-19,2015年4月19日,阵雨 /阵雨,22℃ / 13℃,东北风 ≤3级 /东北风 ≤3级,阵雨,阵雨,22,13,东北风,≤3级,东北风,≤3级,day
2015-04-19 09:20:00,百花湖,3、倒车的,负全部责任,不负责任,1,贵CVL853,蓝,1,贵AHL697,黄,自培,-1,2009/6/3 0:00,-1,-1,马自达牌,36657651985463685X,364566000000000000 ,198710,198510,9,6,4,周末,早高峰(7-9点),2015-04-19,2015年4月19日,阵雨 /阵雨,22℃ / 13℃,东北风 ≤3级 /东北风 ≤3级,阵雨,阵雨,22,13,东北风,≤3级,东北风,≤3级,day
2015-04-19 10:30:00,青云路,7、未按规定让行的 ,负全部责任,不负责任,1,贵AU8865,白色,1,贵A5BN16,白色,自培,-1,2002/2/4 0:00,-1,宝来牌,东风标致牌,366364000000000000 ,364547000000000000 ,197012,198706,10,6,4,周末,非高峰,2015-04-19,2015年4月19日,阵雨 /阵雨,22℃ / 13℃,东北风 ≤3级 /东北风 ≤3级,阵雨,阵雨,22,13,东北风,≤3级,东北风,≤3级,day