accidenttime,accidentaddr,driver1fault,driver1responsibility,driver2responsibility,sex1,platenumber1,carcolor1,sex2,platenumber2,carcolor2,jxmc1,jxmc2,cclzrq1,cclzrq2,clpp1,clpp2,driver1license,driver2license,brith1,brith2,hour,weekday,month,is_weekday,peak_hour,date,日期,天气状况,气温,风力风向,day_wea,night_wea,day_tep,night_tep,day_wind_direction,day_wind_speed,night_wind_direction,night_wind_speed,segment
2015-04-19 10:30:00,会展城,7、未按规定让行的 ,负全部责任,不负责任,1,贵CQG054,白,1,贵A3561X,黑,自培,路路达驾校,2005/8/19 0:00,2012/5/4 0:00,航天牌,比亚迪牌,364547000000000000 ,36456751165554005X,197609,199211,10,6,4,周末,非高峰,2015-04-19,2015年4月19日,阵雨 /阵雨,22℃ / 13℃,东北风 ≤3级 /东北风 ≤3级,阵雨,阵雨,22,13,东北风,≤3级,东北风,≤3级,day
2015-04-19 13:00:00,龙洞堡,2、逆行的,负全部责任,不负责任,1,闽A495C7,白色,1,贵A87938,白色,自培,-1,2007/11/21 0:00,-1,森林人,豪泺牌,734569000000000000 ,366246000000000000 ,197010,197407,13,6,4,周末,非高峰,2015-04-19,2015年4月19日,阵雨 /阵雨,22℃ / 13℃,东北风 ≤3级 /东北风 ≤3级,阵雨,阵雨,22,13,东北风,≤3级,东北风,≤3级,day
2015-04-19 14:30:00,嘉润路,1、追尾的,负全部责任,不负责任,1,贵A32V59,白色,1,贵AX8655,白色,自培,自培,2003/12/29 0:00,1986/12/5 0:00,丰田牌,佳乐,364547000000000000 ,364547000000000000 ,197101,196704,14,6,4,周末,非高峰,2015-04-19,2015年4月19日,阵雨 /阵雨,22℃ / 13℃,东北风 ≤3级 /东北风 ≤3级,阵雨,阵雨,22,13,东北风,≤3级,东北风,≤3级,day
2015-04-19 14:15:00,车水路,5、开关车门的,负全部责任,不负责任,1,贵GGC593,黑,1,贵AFC198,黑,自培,自培,2004/12/21 0:00,2011/8/5 0:00,奥迪牌,比亚迪牌,36455551894640446X,36454751395449405X,197802,195810,14,6,4,周末,非高峰,2015-04-19,2015年4月19日,阵雨 /阵雨,22℃ / 13℃,东北风 ≤3级 /东北风 ≤3级,阵雨,阵雨,22,13,东北风,≤3级,东北风,≤3级,day
2015-04-19 14:00:00,东站立交,7、未按规定让行的 ,负全部责任,不负责任,1,渝BZ5565,白色,1,闽C911BV,白色,自培,-1,2007/4/12 0:00,-1,无,宝马牌,366368000000000000 ,734398000000000000 ,196805,198611,14,6,4,周末,非高峰,2015-04-19,2015年4月19日,阵雨 /阵雨,22℃ / 13℃,东北风 ≤3级 /东北风 ≤3级,阵雨,阵雨,22,13,东北风,≤3级,东北风,≤3级,day
2015-04-19 15:14:00,黔江路,7、未按规定让行的 ,负全部责任,不负责任,1,贵AF9443,白色,1,贵ALR563,白色,自培,自培,2013/7/11 0:00,-1,力帆牌,梅赛德斯-奔驰牌,366861000000000000 ,366370000000000000 ,199101,199003,15,6,4,周末,非高峰,2015-04-19,2015年4月19日,阵雨 /阵雨,22℃ / 13℃,东北风 ≤3级 /东北风 ≤3级,阵雨,阵雨,22,13,东北风,≤3级,东北风,≤3级,day
2015-04-19 15:50:00,甲秀南路,8、依法应负全责的其他情形,负全部责任,不负责任,1,贵A67192,白色,1,贵AV7745,白色,自培,-1,2003/12/11 0:00,-1,劲隆,新宝牌,734063000000000000 ,364544000000 ,197001,34844,15,6,4,周末,非高峰,2015-04-19,2015年4月19日,阵雨 /阵雨,22℃ / 13℃,东北风 ≤3级 /东北风 ≤3级,阵雨,阵雨,22,13,东北风,≤3级,东北风,≤3级,day
2015-04-19 15:24:00,世纪城,7、未按规定让行的 ,负全部责任,不负责任,1,贵JAU891,蓝,1,贵AB8503,黑,自培,-1,2008/10/30 0:00,-1,北京现代牌,建设牌,36459551925558627X,366566000000000000 ,198611,199102,15,6,4,周末,非高峰,2015-04-19,2015年4月19日,阵雨 /阵雨,22℃ / 13℃,东北风 ≤3级 /东北风 ≤3级,阵雨,阵雨,22,13,东北风,≤3级,东北风,≤3级,day
2015-04-19 16:34:00,世纪城,1、追尾的,负全部责任,不负责任,1,贵AT3891,银,1,浙D4Q736,白,自培,-1,2014/5/7 0:00,-1,豪悦牌,东风牌,726647000000000000 ,366670000000000000 ,197512,198011,16,6,4,周末,非高峰,2015-04-19,2015年4月19日,阵雨 /阵雨,22℃ / 13℃,东北风 ≤3级 /东北风 ≤3级,阵雨,阵雨,22,13,东北风,≤3级,东北风,≤3级,day
2015-04-18 13:50:00,嘉润路,1、追尾的,负全部责任,不负责任,1,贵ABD987,白色,1,贵AH3858,白色,自培,自培,2000/7/25 0:00,2003/9/9 0:00,五菱牌,丰田牌,366670000000000000 ,36455551824666655X,196505,197602,13,5,4,工作日,非高峰,2015-04-18,2015年4月18日,多云 /雷阵雨,29℃ / 16℃,南风 ≤3级 /南风 ≤3级,多云,雷阵雨,29,16,南风,≤3级,南风,≤3级,day
2015-04-18 16:20:00,毛寨菜场,7、未按规定让行的 ,负全部责任,不负责任,1,贵A958A3,白色,1,贵AB519S,白色,自培,自培,2006/11/23 0:00,2006/10/30 0:00,江淮牌,胜达,366361000000000000 ,364556000000000000 ,197402,196912,16,5,4,工作日,非高峰,2015-04-18,2015年4月18日,多云 /雷阵雨,29℃ / 16℃,南风 ≤3级 /南风 ≤3级,多云,雷阵雨,29,16,南风,≤3级,南风,≤3级,day
2015-04-19 08:00:00,尖山路口,7、未按规定让行的 ,负全部责任,不负责任,0,贵A9088F,红,1,贵AA175K,黑,自培,自培,2011/11/3 0:00,2002/8/9 0:00,福克斯牌,吉利美日牌,364558000000000000 ,36455751235561605X,196402,196511,8,6,4,周末,早高峰(7-9点),2015-04-19,2015年4月19日,阵雨 /阵雨,22℃ / 13℃,东北风 ≤3级 /东北风 ≤3级,阵雨,阵雨,22,13,东北风,≤3级,东北风,≤3级,day
2015-04-19 12:30:00,白云区,3、倒车的,负全部责任,不负责任,1,琼AKW842,蓝,0,贵AOA387,红,自培,自培,2012/4/17 0:00,2000/8/31 0:00,长安牌,-1,366662000000000000 ,364558000000000000 ,196501,198206,12,6,4,周末,非高峰,2015-04-19,2015年4月19日,阵雨 /阵雨,22℃ / 13℃,东北风 ≤3级 /东北风 ≤3级,阵雨,阵雨,22,13,东北风,≤3级,东北风,≤3级,day
2015-04-19 17:00:00,航天大道,1、追尾的,负全部责任,不负责任,1,贵AG5683,红,1,贵GL8899,银,自培,全林驾校,2000/1/25 0:00,2012/8/29 0:00,望江牌,大众牌,364557000000000000 ,364557000000000000 ,197912,198211,17,6,4,周末,晚高峰(17-19点),2015-04-19,2015年4月19日,阵雨 /阵雨,22℃ / 13℃,东北风 ≤3级 /东北风 ≤3级,阵雨,阵雨,22,13,东北风,≤3级,东北风,≤3级,day
2015-04-19 18:00:00,大南门,1、追尾的,负全部责任,不负责任,1,贵AKU670,白色,1,贵A31E83,白色,自培,贵州省长安驾驶培训学校,2000/4/13 0:00,2012/11/5 0:00,大众汽车牌,夏利牌,364648000000000000 ,366067000000000000 ,196410,197610,18,6,4,周末,晚高峰(17-19点),2015-04-19,2015年4月19日,阵雨 /阵雨,22℃ / 13℃,东北风 ≤3级 /东北风 ≤3级,阵雨,阵雨,22,13,东北风,≤3级,东北风,≤3级,day
2015-04-19 16:30:00,新添大道,1、追尾的,负全部责任,不负责任,1,贵JAE319,白,1,贵A0BN36,黑,自培,新天驾校,2011/4/18 0:00,2014/2/11 0:00,雪佛兰牌,福特牌,674261000000000000 ,364557000000000000 ,198810,197804,16,6,4,周末,非高峰,2015-04-19,2015年4月19日,阵雨 /阵雨,22℃ / 13℃,东北风 ≤3级 /东北风 ≤3级,阵雨,阵雨,22,13,东北风,≤3级,东北风,≤3级,day
2015-04-19 16:30:00,曹关,7、未按规定让行的 ,负全部责任,不负责任,1,贵A85172,红,1,贵GY4008,黄,自培,-1,2004/10/9 0:00,-1,桑塔纳,别克牌,366347000000000000 ,344543000000000000 ,198108,198909,16,6,4,周末,非高峰,2015-04-19,2015年4月19日,阵雨 /阵雨,22℃ / 13℃,东北风 ≤3级 /东北风 ≤3级,阵雨,阵雨,22,13,东北风,≤3级,东北风,≤3级,day
2015-04-20 00:00:00,金阳北路,3、倒车的,负全部责任,不负责任,1,贵A6572Y,银,1,贵A16K13,银,自培,520109,2004/6/9 0:00,2008/6/5 0:00,吉利美日牌,英伦牌,364558000000000000 ,355266000000000000 ,197812,198607,0,0,4,工作日,非高峰,2015-04-20,2015年4月20日,阴 /阴,20℃ / 11℃,东北风 ≤3级 /东北风 ≤3级,阴,阴,20,11,东北风,≤3级,东北风,≤3级,night
2015-04-20 05:40:00,白云区,8、依法应负全责的其他情形,负全部责任,不负责任,1,贵ALR048,蓝,1,贵A6579Y,红,自培,路路达驾校,2003/8/5 0:00,2014/3/17 0:00,起亚牌,吉利牌,364558000000000000 ,364558000000000000 ,198008,197908,5,0,4,工作日,非高峰,2015-04-20,2015年4月20日,阴 /阴,20℃ / 11℃,东北风 ≤3级 /东北风 ≤3级,阴,阴,20,11,东北风,≤3级,东北风,≤3级,night
2015-04-20 08:00:00,民院东大门,7、未按规定让行的 ,负全部责任,不负责任,1,贵AM1058,白色,1,贵AU5514,白色,自培,（花溪区）高新十七驾驶培训有限公司,2001/9/6 0:00,2007/6/25 0:00,神龙-富康牌,银翔牌,364547000000000000 ,364566000000000000 ,196409,198812,8,0,4,工作日,早高峰(7-9点),2015-04-20,2015年4月20日,阴 /阴,20℃ / 11℃,东北风 ≤3级 /东北风 ≤3级,阴,阴,20,11,东北风,≤3级,东北风,≤3级,day
2015-04-20 07:35:00,宝山北路,7、未按规定让行的 ,负全部责任,不负责任,1,贵AWA738,银,1,贵A5BF41,银,自培,大地驾校,2004/5/11 0:00,2006/12/11 0:00,雪佛兰,大众汽车牌,366766000000000000 ,364547000000000000 ,197011,198401,7,0,4,工作日,早高峰(7-9点),2015-04-20,2015年4月20日,阴 /阴,20℃ / 11℃,东北风 ≤3级 /东北风 ≤3级,阴,阴,20,11,东北风,≤3级,东北风,≤3级,day
2015-04-20 10:50:00,小河,1、追尾的,负全部责任,不负责任,1,贵A6476学,白色,1,贵A61C64,白色,自培,自培,2006/12/19 0:00,2005/2/5 0:00,-1,福克斯牌,364551000000000000 ,364551000000000000 ,198606,198106,10,0,4,工作日,非高峰,2015-04-20,2015年4月20日,阴 /阴,20℃ / 11℃,东北风 ≤3级 /东北风 ≤3级,阴,阴,20,11,东北风,≤3级,东北风,≤3级,day
2015-04-20 10:00:00,甲秀南路,7、未按规定让行的 ,负全部责任,不负责任,1,贵A6A544,白色,1,贵JL9773,白色,自培,-1,2001/12/26 0:00,-1,-1,五菱牌,78606051864364747X,3668620000000000 ,197205,197407,10,0,4,工作日,非高峰,2015-04-20,2015年4月20日,阴 /阴,20℃ / 11℃,东北风 ≤3级 /东北风 ≤3级,阴,阴,20,11,东北风,≤3级,东北风,≤3级,day
2015-04-20 12:35:00,新添大道,7、未按规定让行的 ,负全部责任,不负责任,1,贵AEW511,黄,1,贵AS5513,银,自培,贵州省长安驾驶培训学校,2003/8/18 0:00,2012/4/13 0:00,雷克萨斯,三菱牌,364547000000000000 ,364548000000000000 ,198502,197109,12,0,4,工作日,非高峰,2015-04-20,2015年4月20日,阴 /阴,20℃ / 11℃,东北风 ≤3级 /东北风 ≤3级,阴,阴,20,11,东北风,≤3级,东北风,≤3级,day
2015-04-20 12:40:00,北二环,7、未按规定让行的 ,负全部责任,不负责任,1,贵A24G58,银,1,贵DC5317,黑,自培,-1,2004/5/9 0:00,-1,宝马牌,田野牌,366063000000000000 ,75668500000000000 ,197505,198410,12,0,4,工作日,非高峰,2015-04-20,2015年4月20日,阴 /阴,20℃ / 11℃,东北风 ≤3级 /东北风 ≤3级,阴,阴,20,11,东北风,≤3级,东北风,≤3级,day
2015-04-20 14:20:00,三江口,1、追尾的,负全部责任,不负责任,1,贵AU9718,白色,1,贵A5773G,白色,自培,贵州省长安驾驶培训学校,2003/11/14 0:00,2012/10/18 0:00,海陵牌,力帆牌,364556000000000000 ,366068000000000000 ,197205,198911,14,0,4,工作日,非高峰,2015-04-20,2015年4月20日,阴 /阴,20℃ / 11℃,东北风 ≤3级 /东北风 ≤3级,阴,阴,20,11,东北风,≤3级,东北风,≤3级,day
2015-04-20 15:35:00,八匹马,1、追尾的,负全部责任,不负责任,0,贵AA5016,红,1,贵AB936E,银,自培,金大驾校,2013/8/7 0:00,2012/8/10 0:00,金轮,力帆牌,366068000000000000 ,364558000000000000 ,199005,199401,15,0,4,工作日,非高峰,2015-04-20,2015年4月20日,阴 /阴,20℃ / 11℃,东北风 ≤3级 /东北风 ≤3级,阴,阴,20,11,东北风,≤3级,东北风,≤3级,day
2015-04-20 19:40:00,四方河,1、追尾的,负全部责任,不负责任,1,贵GK4943,白色,1,贵A54L67,白色,自培,铁二局驾校,2004/7/25 0:00,2013/10/10 0:00,中华牌,宝骏牌,364557000000000000 ,364547000000000000 ,196606,199107,19,0,4,工作日,晚高峰(17-19点),2015-04-20,2015年4月20日,阴 /阴,20℃ / 11℃,东北风 ≤3级 /东北风 ≤3级,阴,阴,20,11,东北风,≤3级,东北风,≤3级,day
2015-04-20 22:10:00,半边街,8、依法应负全责的其他情形,负全部责任,不负责任,1,湘A29683,黑,1,贵AC993M,白,自培,-1,2002/10/29 0:00,-1,飞鹰牌,北京牌,66063500000000000 ,36636700000000000 ,196101,197511,22,0,4,工作日,非高峰,2015-04-20,2015年4月20日,阴 /阴,20℃ / 11℃,东北风 ≤3级 /东北风 ≤3级,阴,阴,20,11,东北风,≤3级,东北风,≤3级,night
2015-05-22 07:30:00,世纪城,3、倒车的,负全部责任,不负责任,1,贵A348C2,黄,0,贵AFR604,白,自培,520109,2009/11/27 0:00,2008/6/5 0:00,福田牌,中华牌,366663000000000000 ,36636751975664449X,197105,198312,7,4,5,工作日,早高峰(7-9点),2015-05-22,2015年5月22日,阵雨 /阵雨,19℃ / 14℃,东风 ≤3级 /东风 ≤3级,阵雨,阵雨,19,14,东风,≤3级,东风,≤3级,day
2015-04-19 16:00:00,甘平路,3、倒车的,负全部责任,不负责任,1,贵F00456,白色,1,贵AU0786,白色,自培,自培,2008/8/13 0:00,2003/7/10 0:00,比亚迪牌,恒通客车牌,366061000000000000 ,366569000000000000 ,198703,197706,16,6,4,周末,非高峰,2015-04-19,2015年4月19日,阵雨 /阵雨,22℃ / 13℃,东北风 ≤3级 /东北风 ≤3级,阵雨,阵雨,22,13,东北风,≤3级,东北风,≤3级,day
2015-04-19 17:33:00,后坝,1、追尾的,负全部责任,不负责任,1,贵F62454,白,1,贵A95Z77,白,自培,自培,2003/6/18 0:00,2007/2/2 0:00,江淮牌,长城牌,366261000000000000 ,704766000000000000 ,196905,198406,17,6,4,周末,晚高峰(17-19点),2015-04-19,2015年4月19日,阵雨 /阵雨,22℃ / 13℃,东北风 ≤3级 /东北风 ≤3级,阵雨,阵雨,22,13,东北风,≤3级,东北风,≤3级,day
2015-04-20 06:20:00,大营坡,7、未按规定让行的 ,负全部责任,不负责任,1,贵ADR508,银,1,贵AU4051,绿,自培,自培,2000/9/29 0:00,2001/11/21 0:00,雪佛兰牌,桑塔纳牌,364547000000000000 ,366868000000000000 ,197112,196510,6,0,4,工作日,非高峰,2015-04-20,2015年4月20日,阴 /阴,20℃ / 11℃,东北风 ≤3级 /东北风 ≤3级,阴,阴,20,11,东北风,≤3级,东北风,≤3级,day
2015-04-20 06:10:00,花溪公园,7、未按规定让行的 ,负全部责任,不负责任,1,贵A99906,白色,1,贵A88N33,白色,自培,自培,2000/8/5 0:00,2005/11/3 0:00,五征牌,宝马牌,364556000000000000 ,364556000000000000 ,197503,197907,6,0,4,工作日,非高峰,2015-04-20,2015年4月20日,阴 /阴,20℃ / 11℃,东北风 ≤3级 /东北风 ≤3级,阴,阴,20,11,东北风,≤3级,东北风,≤3级,day
2015-04-20 08:25:00,金阳,7、未按规定让行的 ,负全部责任,不负责任,1,贵A57T54,黑,1,贵AN9044,银,自培,自培,2003/7/22 0:00,2002/7/5 0:00,-1,利亚纳牌,366367000000000 ,35465351825548855X,750510,197611,8,0,4,工作日,早高峰(7-9点),2015-04-20,2015年4月20日,阴 /阴,20℃ / 11℃,东北风 ≤3级 /东北风 ≤3级,阴,阴,20,11,东北风,≤3级,东北风,≤3级,day
2015-04-20 08:30:00,香江路,1、追尾的,负全部责任,不负责任,1,贵A69P57,白色,1,贵A4041M,白色,自培,自培,2000/8/30 0:00,2005/8/24 0:00,长安牌,东风日产牌,76265500000000000 ,364568000000000000 ,197003,198512,8,0,4,工作日,早高峰(7-9点),2015-04-20,2015年4月20日,阴 /阴,20℃ / 11℃,东北风 ≤3级 /东北风 ≤3级,阴,阴,20,11,东北风,≤3级,东北风,≤3级,day
2015-04-20 10:00:00,一八三路口,1、追尾的,负全部责任,不负责任,1,贵A42630,灰色,1,贵A5049K,白色,自培,自培,2003/2/5 0:00,2002/7/9 0:00,万利特,五菱牌,364547000000000000 ,366267000000000000 ,198009,198111,10,0,4,工作日,非高峰,2015-04-20,2015年4月20日,阴 /阴,20℃ / 11℃,东北风 ≤3级 /东北风 ≤3级,阴,阴,20,11,东北风,≤3级,东北风,≤3级,day
2015-04-21 11:05:00,市府路,8、依法应负全责的其他情形,负全部责任,不负责任,1,贵AS3261,银,1,云AZ548J,银,自培,-1,2002/7/28 0:00,-1,三本牌,丰田牌,364547000000000000 ,574547000000000000 ,197504,198108,11,1,4,工作日,非高峰,2015-04-21,2015年4月21日,阴 /阵雨,17℃ / 10℃,东北风 ≤3级 /东北风 ≤3级,阴,阵雨,17,10,东北风,≤3级,东北风,≤3级,day
2015-04-21 10:00:00,黄河路,7、未按规定让行的 ,负全部责任,不负责任,1,贵AU6104,白色,1,渝C7Z577,白色,自培,-1,2001/1/31 0:00,-1,捷达牌,奥迪牌,364551000000000000 ,366346000000000000 ,197712,197710,10,1,4,工作日,非高峰,2015-04-21,2015年4月21日,阴 /阵雨,17℃ / 10℃,东北风 ≤3级 /东北风 ≤3级,阴,阵雨,17,10,东北风,≤3级,东北风,≤3级,day
2015-04-21 13:00:00,小河平桥,1、追尾的,负全部责任,不负责任,1,贵A28411,白色,1,贵ANV399,白色,自培,520130,2004/5/11 0:00,2008/12/5 0:00,乘龙牌,奥迪牌,364568000000000000 ,344675000000000000 ,198603,198802,13,1,4,工作日,非高峰,2015-04-21,2015年4月21日,阴 /阵雨,17℃ / 10℃,东北风 ≤3级 /东北风 ≤3级,阴,阵雨,17,10,东北风,≤3级,东北风,≤3级,day
2015-04-21 11:00:00,南环高速,1、追尾的,负全部责任,不负责任,1,贵A63N94,蓝,1,贵JK1249,蓝,自培,-1,2015/1/7 0:00,-1,丰田牌,奇瑞牌,724561000000000000 ,36686151224961475X,199607,196608,11,1,4,工作日,非高峰,2015-04-21,2015年4月21日,阴 /阵雨,17℃ / 10℃,东北风 ≤3级 /东北风 ≤3级,阴,阵雨,17,10,东北风,≤3级,东北风,≤3级,day
2015-04-21 14:00:00,金阳北站,8、依法应负全责的其他情形,负全部责任,不负责任,1,贵A94F76,黄,1,贵AK9877,银,自培,-1,2004/9/11 0:00,-1,福特牌,嘉陵牌,364548000000000000 ,366363000000000000 ,197611,196503,14,1,4,工作日,非高峰,2015-04-21,2015年4月21日,阴 /阵雨,17℃ / 10℃,东北风 ≤3级 /东北风 ≤3级,阴,阵雨,17,10,东北风,≤3级,东北风,≤3级,day
2015-04-21 10:30:00,甘荫塘,7、未按规定让行的 ,负全部责任,不负责任,1,贵APS264,白色,1,贵GX2093,白色,自培,-1,2004/3/31 0:00,-1,长安牌,奥迪牌,36454651844945028X,706264000000000000 ,197008,198306,10,1,4,工作日,非高峰,2015-04-21,2015年4月21日,阴 /阵雨,17℃ / 10℃,东北风 ≤3级 /东北风 ≤3级,阴,阵雨,17,10,东北风,≤3级,东北风,≤3级,day
2015-04-21 15:20:00,枣山路,7、未按规定让行的 ,负全部责任,不负责任,1,贵AFW331,白色,1,贵A36R51,白色,自培,520106,2001/5/14 0:00,2009/2/19 0:00,奇瑞牌,雪佛兰牌,364548000000000000 ,364548000000000000 ,196411,198904,15,1,4,工作日,非高峰,2015-04-21,2015年4月21日,阴 /阵雨,17℃ / 10℃,东北风 ≤3级 /东北风 ≤3级,阴,阵雨,17,10,东北风,≤3级,东北风,≤3级,day
2015-04-21 17:00:00,中坝,7、未按规定让行的 ,负全部责任,不负责任,1,贵A8058G,黑,1,贵A24F27,蓝,自培,时发驾校,2004/4/27 0:00,2011/11/9 0:00,五菱牌,一汽佳星牌,364557000000000000 ,364557000000000000 ,195401,198810,17,1,4,工作日,晚高峰(17-19点),2015-04-21,2015年4月21日,阴 /阵雨,17℃ / 10℃,东北风 ≤3级 /东北风 ≤3级,阴,阵雨,17,10,东北风,≤3级,东北风,≤3级,day
2015-04-21 15:00:00,嘉润路,7、未按规定让行的 ,负全部责任,不负责任,1,贵AC5534,白色,1,贵GP0632,白色,自培,贵州平安驾驶培训学校,2006/8/24 0:00,2013/12/27 0:00,五菱牌,锋范牌,366577000000000000 ,364556000000000000 ,196709,199204,15,1,4,工作日,非高峰,2015-04-21,2015年4月21日,阴 /阵雨,17℃ / 10℃,东北风 ≤3级 /东北风 ≤3级,阴,阵雨,17,10,东北风,≤3级,东北风,≤3级,day
2015-04-21 17:00:00,花果园,1、追尾的,负全部责任,不负责任,1,贵AU5681,绿,1,贵A5AN25,银,自培,贵阳学院汽车驾驶培训,2002/9/30 0:00,2012/6/20 0:00,嘉陵牌,蒙迪欧牌,366367000000000000 ,366566000000000000 ,197712,198204,17,1,4,工作日,晚高峰(17-19点),2015-04-21,2015年4月21日,阴 /阵雨,17℃ / 10℃,东北风 ≤3级 /东北风 ≤3级,阴,阵雨,17,10,东北风,≤3级,东北风,≤3级,day
2015-04-21 17:00:00,花溪,7、未按规定让行的 ,负全部责任,不负责任,1,川AK3L03,白色,1,湘CJ9884,白色,自培,-1,2007/6/21 0:00,-1,长安牌,雅阁牌,34466951925567081X,74366500000000000 ,198611,198901,17,1,4,工作日,晚高峰(17-19点),2015-04-21,2015年4月21日,阴 /阵雨,17℃ / 10℃,东北风 ≤3级 /东北风 ≤3级,阴,阵雨,17,10,东北风,≤3级,东北风,≤3级,day
2015-04-21 15:10:00,金阳,3、倒车的,负全部责任,不负责任,1,贵A86E74,白,0,贵APC159,红,自培,时法驾校,2006/12/19 0:00,2006/7/18 0:00,大众牌,沃尔沃牌,364548000000000000 ,364547000000000000 ,195612,196304,15,1,4,工作日,非高峰,2015-04-21,2015年4月21日,阴 /阵雨,17℃ / 10℃,东北风 ≤3级 /东北风 ≤3级,阴,阵雨,17,10,东北风,≤3级,东北风,≤3级,day
2015-04-21 17:38:00,黔灵山路,1、追尾的,负全部责任,不负责任,1,贵HBH933,白,1,贵A4BP39,白,自培,宏达驾校,2000/5/24 0:00,-1,丰田牌,丰田牌,364547000000000000 ,366246000000000000 ,197609,198606,17,1,4,工作日,晚高峰(17-19点),2015-04-21,2015年4月21日,阴 /阵雨,17℃ / 10℃,东北风 ≤3级 /东北风 ≤3级,阴,阵雨,17,10,东北风,≤3级,东北风,≤3级,day
2015-04-21 17:50:00,小河开发大道,1、追尾的,负全部责任,不负责任,1,渝BU8258,白色,1,贵ABK095,白色,自培,-1,2012/10/25 0:00,-1,无,朗风牌,355266000000000000 ,364556000000000000 ,199007,195810,17,1,4,工作日,晚高峰(17-19点),2015-04-21,2015年4月21日,阴 /阵雨,17℃ / 10℃,东北风 ≤3级 /东北风 ≤3级,阴,阵雨,17,10,东北风,≤3级,东北风,≤3级,day
2015-04-21 20:30:00,轮胎厂,7、未按规定让行的 ,负全部责任,不负责任,1,贵A0BL34,白,0,贵AS1364,白,自培,-1,2010/11/19 0:00,-1,斯柯达牌,时代牌,664866000000000000 ,74367500000000000 ,197901,199005,20,1,4,工作日,非高峰,2015-04-21,2015年4月21日,阴 /阵雨,17℃ / 10℃,东北风 ≤3级 /东北风 ≤3级,阴,阵雨,17,10,东北风,≤3级,东北风,≤3级,night
2015-04-21 22:30:00,长岭北路,7、未按规定让行的 ,负全部责任,不负责任,1,贵A99601,黄,1,贵A6038Y,黄,自培,贵阳学院汽车驾驶培训,2007/6/12 0:00,2011/4/11 0:00,陕汽牌,雪佛兰牌,366367000000000000 ,364568000000000000 ,197908,198502,22,1,4,工作日,非高峰,2015-04-21,2015年4月21日,阴 /阵雨,17℃ / 10℃,东北风 ≤3级 /东北风 ≤3级,阴,阵雨,17,10,东北风,≤3级,东北风,≤3级,night
2015-04-21 19:45:00,金园路,1、追尾的,负全部责任,不负责任,1,贵A3108C,白,0,贵AMA335,白,自培,顺一驾驶培训学校,2003/8/1 0:00,2014/7/16 0:00,夏利,五菱牌,36657451844354605X,366361000000000000 ,197005,198208,19,1,4,工作日,晚高峰(17-19点),2015-04-21,2015年4月21日,阴 /阵雨,17℃ / 10℃,东北风 ≤3级 /东北风 ≤3级,阴,阵雨,17,10,东北风,≤3级,东北风,≤3级,day
2015-04-21 21:10:00,太慈桥,7、未按规定让行的 ,负全部责任,不负责任,1,贵ATF872,黑,1,贵ASS476,红,自培,吉源驾校,2004/8/23 0:00,2014/9/1 0:00,夏利牌,翼搏牌,364548000000000000 ,366563000000000000 ,198408,199206,21,1,4,工作日,非高峰,2015-04-21,2015年4月21日,阴 /阵雨,17℃ / 10℃,东北风 ≤3级 /东北风 ≤3级,阴,阵雨,17,10,东北风,≤3级,东北风,≤3级,night
2015-04-22 07:40:00,贵阳市,7、未按规定让行的 ,负全部责任,不负责任,1,贵AAX493,银,1,贵A6BH21,黑,自培,520126,2004/4/19 0:00,2009/12/11 0:00,中华牌,英伦牌,36454651954855497X,366662000000000000 ,198107,197606,7,2,4,工作日,早高峰(7-9点),2015-04-22,2015年4月22日,小雨 /小雨,15℃ / 10℃,东北风 ≤3级 /东北风 ≤3级,小雨,小雨,15,10,东北风,≤3级,东北风,≤3级,day
2015-04-22 07:50:00,小河转盘,7、未按规定让行的 ,负全部责任,不负责任,1,贵A6AF12,白色,1,贵A19E59,白色,自培,自培,2002/12/2 0:00,2012/9/3 0:00,一汽佳星牌,东风雪铁龙牌,354663000000000000 ,366369000000000000 ,197105,198303,7,2,4,工作日,早高峰(7-9点),2015-04-22,2015年4月22日,小雨 /小雨,15℃ / 10℃,东北风 ≤3级 /东北风 ≤3级,小雨,小雨,15,10,东北风,≤3级,东北风,≤3级,day
2015-04-21 19:30:00,王家桥,4、停车时未挂低速档、未拉驻车制动，导致车辆滑行的,负全部责任,不负责任,1,贵GY8801,红,1,贵A89W61,白,自培,-1,2011/3/7 0:00,-1,丰田牌,大众汽车牌,355447000000000000 ,364548000000000000 ,198908,198103,19,1,4,工作日,晚高峰(17-19点),2015-04-21,2015年4月21日,阴 /阵雨,17℃ / 10℃,东北风 ≤3级 /东北风 ≤3级,阴,阵雨,17,10,东北风,≤3级,东北风,≤3级,day
2015-04-22 07:00:00,遵义路,7、未按规定让行的 ,负全部责任,不负责任,1,贵ATA101,白色,1,贵AU5211,白色,自培,湄潭驾校,2012/11/20 0:00,2009/1/21 0:00,起亚牌,捷达牌,366067000000000000 ,36656951875556637X,197510,197311,7,2,4,工作日,早高峰(7-9点),2015-04-22,2015年4月22日,小雨 /小雨,15℃ / 10℃,东北风 ≤3级 /东北风 ≤3级,小雨,小雨,15,10,东北风,≤3级,东北风,≤3级,day