accidenttime,accidentaddr,driver1fault,driver1responsibility,driver2responsibility,sex1,platenumber1,carcolor1,sex2,platenumber2,carcolor2,jxmc1,jxmc2,cclzrq1,cclzrq2,clpp1,clpp2,driver1license,driver2license,brith1,brith2,hour,weekday,month,is_weekday,peak_hour,date,日期,天气状况,气温,风力风向,day_wea,night_wea,day_tep,night_tep,day_wind_direction,day_wind_speed,night_wind_direction,night_wind_speed,segment
2015-04-22 06:30:00,清溪路,1、追尾的,负全部责任,不负责任,1,贵AU0628,白色,1,贵JDM612,白色,自培,诚信驾驶培训学校,2003/6/19 0:00,-1,宝来牌,五菱牌,364556000000000000 ,366364000000000000 ,196304,197003,6,2,4,工作日,非高峰,2015-04-22,2015年4月22日,小雨 /小雨,15℃ / 10℃,东北风 ≤3级 /东北风 ≤3级,小雨,小雨,15,10,东北风,≤3级,东北风,≤3级,day
2015-04-21 14:15:00,小河开发大道,3、倒车的,负全部责任,不负责任,1,贵ANE663,白色,1,贵AKE049,黑色,自培,自培,2011/5/10 0:00,2004/3/10 0:00,比亚迪牌,奥迪牌,364547000000000000 ,366246000000000000 ,198907,196503,14,1,4,工作日,非高峰,2015-04-21,2015年4月21日,阴 /阵雨,17℃ / 10℃,东北风 ≤3级 /东北风 ≤3级,阴,阵雨,17,10,东北风,≤3级,东北风,≤3级,day
2015-04-21 22:30:00,鹿冲关,7、未按规定让行的 ,负全部责任,不负责任,1,贵A2BW22,白,1,贵GT8148,白,自培,-1,2009/7/10 0:00,-1,起亚牌,奥迪牌,357569000000000000 ,366370000000000000 ,198103,198805,22,1,4,工作日,非高峰,2015-04-21,2015年4月21日,阴 /阵雨,17℃ / 10℃,东北风 ≤3级 /东北风 ≤3级,阴,阵雨,17,10,东北风,≤3级,东北风,≤3级,night
2015-04-22 07:21:00,火车站,7、未按规定让行的 ,负全部责任,不负责任,1,湘E15W18,黑,1,贵AU7545,白,自培,-1,2010/2/26 0:00,-1,无,恒通客车牌,74367500000000000 ,364557000000000000 ,198610,198010,7,2,4,工作日,早高峰(7-9点),2015-04-22,2015年4月22日,小雨 /小雨,15℃ / 10℃,东北风 ≤3级 /东北风 ≤3级,小雨,小雨,15,10,东北风,≤3级,东北风,≤3级,day
2015-04-22 08:13:00,黔林山隧道,1、追尾的,负全部责任,不负责任,1,贵FQ6628,黄,0,贵AW4826,银,自培,520125,2010/7/21 0:00,2008/11/27 0:00,大众汽车牌,东风标致牌,366046000000000000 ,366368000000000000 ,198201,198202,8,2,4,工作日,早高峰(7-9点),2015-04-22,2015年4月22日,小雨 /小雨,15℃ / 10℃,东北风 ≤3级 /东北风 ≤3级,小雨,小雨,15,10,东北风,≤3级,东北风,≤3级,day
2015-04-22 09:35:00,贵阳市,1、追尾的,负全部责任,不负责任,1,贵AKT594,蓝,1,贵A25L89,蓝,自培,全林驾校,2003/4/30 0:00,2013/5/15 0:00,福克斯牌,翼搏牌,364547000000000000 ,364557000000000000 ,198211,196903,9,2,4,工作日,早高峰(7-9点),2015-04-22,2015年4月22日,小雨 /小雨,15℃ / 10℃,东北风 ≤3级 /东北风 ≤3级,小雨,小雨,15,10,东北风,≤3级,东北风,≤3级,day
2015-04-22 09:40:00,铁桥,7、未按规定让行的 ,负全部责任,不负责任,1,贵APU584,红,1,贵A99B21,白,自培,铁二局驾校,2004/10/28 0:00,2011/12/16 0:00,威志牌,高尔夫牌,364547000000000000 ,364547000000000000 ,197806,196811,9,2,4,工作日,早高峰(7-9点),2015-04-22,2015年4月22日,小雨 /小雨,15℃ / 10℃,东北风 ≤3级 /东北风 ≤3级,小雨,小雨,15,10,东北风,≤3级,东北风,≤3级,day
2015-04-22 10:20:00,宝山北路,1、追尾的,负全部责任,不负责任,1,贵AJM943,白,1,贵A38C82,红,自培,鑫鑫驾校,2003/6/30 0:00,2011/10/17 0:00,瑞麒牌,夏利牌,366046000000000000 ,366876000000000000 ,195512,195702,10,2,4,工作日,非高峰,2015-04-22,2015年4月22日,小雨 /小雨,15℃ / 10℃,东北风 ≤3级 /东北风 ≤3级,小雨,小雨,15,10,东北风,≤3级,东北风,≤3级,day
2015-04-22 11:30:00,白云区,7、未按规定让行的 ,负全部责任,不负责任,1,贵AZZ638,银,1,渝BQ7377,红,自培,-1,2000/3/22 0:00,-1,奇瑞牌,-1,364558000000000000 ,354654000000000000 ,196909,196812,11,2,4,工作日,非高峰,2015-04-22,2015年4月22日,小雨 /小雨,15℃ / 10℃,东北风 ≤3级 /东北风 ≤3级,小雨,小雨,15,10,东北风,≤3级,东北风,≤3级,day
2015-04-22 13:43:00,中坝,7、未按规定让行的 ,负全部责任,不负责任,1,贵AUA415,黑,1,桂ACX569,黑,自培,贵阳学院汽车驾驶培训,2003/8/13 0:00,2012/2/15 0:00,吉利美日牌,雅阁牌,356667000000000000 ,364646000000000000 ,197802,197601,13,2,4,工作日,非高峰,2015-04-22,2015年4月22日,小雨 /小雨,15℃ / 10℃,东北风 ≤3级 /东北风 ≤3级,小雨,小雨,15,10,东北风,≤3级,东北风,≤3级,day
2015-04-22 13:00:00,东风镇,3、倒车的,负全部责任,不负责任,1,贵A252A9,白,1,贵ANC719,银,自培,-1,2004/6/15 0:00,-1,江铃牌,丰田牌,734596000000000000 ,366264000000000000 ,198306,197906,13,2,4,工作日,非高峰,2015-04-22,2015年4月22日,小雨 /小雨,15℃ / 10℃,东北风 ≤3级 /东北风 ≤3级,小雨,小雨,15,10,东北风,≤3级,东北风,≤3级,day
2015-04-22 11:50:00,湖南商会,7、未按规定让行的 ,负全部责任,不负责任,1,贵AGC177,银,1,贵A11793,银,自培,-1,2006/3/3 0:00,-1,五菱牌,金杯,356164000000000000 ,354668000000000000 ,195606,197011,11,2,4,工作日,非高峰,2015-04-22,2015年4月22日,小雨 /小雨,15℃ / 10℃,东北风 ≤3级 /东北风 ≤3级,小雨,小雨,15,10,东北风,≤3级,东北风,≤3级,day
2015-04-22 15:10:00,云峰大道,1、追尾的,负全部责任,不负责任,1,贵AU3224,绿,1,贵AU5874,绿,自培,-1,2000/1/19 0:00,-1,捷达牌,捷达牌,364558000000000000 ,366367000000000000 ,196612,197412,15,2,4,工作日,非高峰,2015-04-22,2015年4月22日,小雨 /小雨,15℃ / 10℃,东北风 ≤3级 /东北风 ≤3级,小雨,小雨,15,10,东北风,≤3级,东北风,≤3级,day
2015-04-23 00:00:00,笔山路,8、依法应负全责的其他情形,负全部责任,不负责任,1,贵ACP936,白色,1,贵A92W98,白色,自培,520114,2004/12/15 0:00,2009/4/9 0:00,吉利美日牌,丰田牌,366863000000000000 ,355468000000000000 ,198312,199011,0,3,4,工作日,非高峰,2015-04-23,2015年4月23日,阴 /小雨,16℃ / 10℃,东北风 ≤3级 /东北风 ≤3级,阴,小雨,16,10,东北风,≤3级,东北风,≤3级,night
2015-04-23 08:20:00,三桥,8、依法应负全责的其他情形,负全部责任,不负责任,1,贵A78H38,白色,1,贵GJ6944,白色,自培,贵阳金马驾驶培训有限公司,2007/4/4 0:00,2012/8/6 0:00,宝马,广汽菲亚特牌,366278000000000000 ,364566000000000000 ,198706,199107,8,3,4,工作日,早高峰(7-9点),2015-04-23,2015年4月23日,阴 /小雨,16℃ / 10℃,东北风 ≤3级 /东北风 ≤3级,阴,小雨,16,10,东北风,≤3级,东北风,≤3级,day
2015-04-23 10:40:00,大营坡,8、依法应负全责的其他情形,负全部责任,不负责任,1,贵AMP694,红,1,云LFM669,银,自培,-1,2006/7/27 0:00,-1,思域(CIVIC)牌,-1,366568000000000000 ,376346000000000000 ,198001,197902,10,3,4,工作日,非高峰,2015-04-23,2015年4月23日,阴 /小雨,16℃ / 10℃,东北风 ≤3级 /东北风 ≤3级,阴,小雨,16,10,东北风,≤3级,东北风,≤3级,day
2015-04-23 10:50:00,兴筑西路,8、依法应负全责的其他情形,负全部责任,不负责任,1,湘NL9241,银,1,贵A8349J,银,自培,-1,2003/7/10 0:00,-1,无,鹤云牌,76146500000000000 ,366067000000000000 ,197506,198602,10,3,4,工作日,非高峰,2015-04-23,2015年4月23日,阴 /小雨,16℃ / 10℃,东北风 ≤3级 /东北风 ≤3级,阴,小雨,16,10,东北风,≤3级,东北风,≤3级,day
2015-04-23 08:30:00,花果园,7、未按规定让行的 ,负全部责任,不负责任,1,贵A9BM18,白色,1,苏A37994,白色,自培,凤冈阳光驾校,2005/8/25 0:00,2007/4/23 0:00,别克牌,南骏牌,364556000000000000 ,366569000000000000 ,198406,197711,8,3,4,工作日,早高峰(7-9点),2015-04-23,2015年4月23日,阴 /小雨,16℃ / 10℃,东北风 ≤3级 /东北风 ≤3级,阴,小雨,16,10,东北风,≤3级,东北风,≤3级,day
2015-04-23 11:10:00,云岩,7、未按规定让行的 ,负全部责任,不负责任,1,贵ASP1372,白,0,贵AU0376,蓝,自培,时发,2013/11/29 0:00,2005/4/5 0:00,-1,银翔牌,366567000000000000 ,364547000000000000 ,197707,198302,11,3,4,工作日,非高峰,2015-04-23,2015年4月23日,阴 /小雨,16℃ / 10℃,东北风 ≤3级 /东北风 ≤3级,阴,小雨,16,10,东北风,≤3级,东北风,≤3级,day
2015-04-23 13:10:00,小河三江口,7、未按规定让行的 ,负全部责任,不负责任,1,贵ASC956,白色,1,贵A9757M,白色,自培,-1,2008/3/5 0:00,-1,雪佛兰牌,雅阁牌,364647000000000000 ,36464551975652095X,198207,198312,13,3,4,工作日,非高峰,2015-04-23,2015年4月23日,阴 /小雨,16℃ / 10℃,东北风 ≤3级 /东北风 ≤3级,阴,小雨,16,10,东北风,≤3级,东北风,≤3级,day
2015-04-23 17:15:00,黔林西路,3、倒车的,负全部责任,不负责任,1,贵A97B37,黑,1,贵AGY083,黑,自培,预约考试窗口,2002/12/28 0:00,2007/6/25 0:00,奥迪牌,五菱牌,366367000000000000 ,366068000000000000 ,197910,197811,17,3,4,工作日,晚高峰(17-19点),2015-04-23,2015年4月23日,阴 /小雨,16℃ / 10℃,东北风 ≤3级 /东北风 ≤3级,阴,小雨,16,10,东北风,≤3级,东北风,≤3级,day
2015-04-23 15:00:00,沙冲路,7、未按规定让行的 ,负全部责任,不负责任,1,贵ASK808,银,0,贵JBT692,黑,自培,湄潭县江南驾校,2003/8/15 0:00,-1,马自达牌,大众汽车牌,364548000000000000 ,366570000000000000 ,197708,197501,15,3,4,工作日,非高峰,2015-04-23,2015年4月23日,阴 /小雨,16℃ / 10℃,东北风 ≤3级 /东北风 ≤3级,阴,小雨,16,10,东北风,≤3级,东北风,≤3级,day
2015-04-23 14:45:00,合群路,1、追尾的,负全部责任,不负责任,1,浙A999DE,黑,1,贵GN8858,白,自培,安顺驾校,2005/1/14 0:00,-1,宾利牌,奥迪牌,366361000000000000 ,354566000000000000 ,198306,196812,14,3,4,工作日,非高峰,2015-04-23,2015年4月23日,阴 /小雨,16℃ / 10℃,东北风 ≤3级 /东北风 ≤3级,阴,小雨,16,10,东北风,≤3级,东北风,≤3级,day
2015-04-23 16:40:00,金关,7、未按规定让行的 ,负全部责任,不负责任,1,泸CFN913,黑,1,贵A09955,黑,自培,-1,2007/4/3 0:00,-1,福克斯牌,东风日产柴牌,366862000000000000 ,706246000000000000 ,198208,197209,16,3,4,工作日,非高峰,2015-04-23,2015年4月23日,阴 /小雨,16℃ / 10℃,东北风 ≤3级 /东北风 ≤3级,阴,小雨,16,10,东北风,≤3级,东北风,≤3级,day
2015-04-23 17:00:00,大营坡,1、追尾的,负全部责任,不负责任,1,贵ARB858,白色,1,浙F961Q6,白色,自培,-1,2005/3/2 0:00,-1,别克牌,宝马牌,364548000000000000 ,366067000000000000 ,198304,198870,17,3,4,工作日,晚高峰(17-19点),2015-04-23,2015年4月23日,阴 /小雨,16℃ / 10℃,东北风 ≤3级 /东北风 ≤3级,阴,小雨,16,10,东北风,≤3级,东北风,≤3级,day
2015-04-23 20:00:00,甘平路,3、倒车的,负全部责任,不负责任,1,贵GAA239,白色,1,贵A41N28,白色,自培,520106,2003/12/24 0:00,2008/2/28 0:00,杰德牌,福克斯牌,366346000000000000 ,4146520000000000 ,198409,198809,20,3,4,工作日,非高峰,2015-04-23,2015年4月23日,阴 /小雨,16℃ / 10℃,东北风 ≤3级 /东北风 ≤3级,阴,小雨,16,10,东北风,≤3级,东北风,≤3级,night
2015-04-23 21:22:00,北京路,7、未按规定让行的 ,负全部责任,不负责任,1,贵AGT285,红,0,贵GT2118,白,自培,未定义,2002/9/17 0:00,2012/8/2 0:00,福田牌,沃尔沃,366347000000000000 ,364548000000000000 ,197601,198703,21,3,4,工作日,非高峰,2015-04-23,2015年4月23日,阴 /小雨,16℃ / 10℃,东北风 ≤3级 /东北风 ≤3级,阴,小雨,16,10,东北风,≤3级,东北风,≤3级,night
2015-04-23 22:02:00,大营坡,7、未按规定让行的 ,负全部责任,不负责任,1,贵A5302X,蓝,1,贵APE724,银,自培,520106,2006/4/28 0:00,2007/9/14 0:00,哈飞牌,吉利牌,364557000000000000 ,366564000000000000 ,197307,198404,22,3,4,工作日,非高峰,2015-04-23,2015年4月23日,阴 /小雨,16℃ / 10℃,东北风 ≤3级 /东北风 ≤3级,阴,小雨,16,10,东北风,≤3级,东北风,≤3级,night
2015-04-22 08:40:00,长岭南路,7、未按规定让行的 ,负全部责任,不负责任,1,京N0GY32,黑,1,贵ARF328,黑,自培,自培,2004/9/28 0:00,2004/3/19 0:00,奥迪牌,大众汽车牌,74847500000000000 ,354663000000000000 ,197906,197210,8,2,4,工作日,早高峰(7-9点),2015-04-22,2015年4月22日,小雨 /小雨,15℃ / 10℃,东北风 ≤3级 /东北风 ≤3级,小雨,小雨,15,10,东北风,≤3级,东北风,≤3级,day
2015-04-24 00:00:00,花溪,3、倒车的,负全部责任,不负责任,1,贵A143A4,白色,1,贵AGW804,白色,自培,绥阳驾校,2002/5/24 0:00,-1,南骏牌,长安牌,364548000000000000 ,366568000000000000 ,195611,198002,0,4,4,工作日,非高峰,2015-04-24,2015年4月24日,阴 /小雨,16℃ / 11℃,东风 ≤3级 /东风 ≤3级,阴,小雨,16,11,东风,≤3级,东风,≤3级,night
2015-04-23 19:00:00,龙洞堡,7、未按规定让行的 ,负全部责任,不负责任,1,贵A5BZ07,黑,1,贵A56N65,白,自培,（乌当区）新天驾驶培训有限公司,2006/12/22 0:00,2008/5/16 0:00,丰田牌,福克斯牌,364547000000000000 ,366668000000000000 ,198610,199003,19,3,4,工作日,晚高峰(17-19点),2015-04-23,2015年4月23日,阴 /小雨,16℃ / 10℃,东北风 ≤3级 /东北风 ≤3级,阴,小雨,16,10,东北风,≤3级,东北风,≤3级,day
2015-04-24 09:35:00,阳关,7、未按规定让行的 ,负全部责任,不负责任,1,贵ATS908,黑,1,贵ALA268,银,自培,-1,2003/5/29 0:00,-1,黄海牌,五菱牌,366670000000000000 ,754156000000000000 ,197412,198601,9,4,4,工作日,早高峰(7-9点),2015-04-24,2015年4月24日,阴 /小雨,16℃ / 11℃,东风 ≤3级 /东风 ≤3级,阴,小雨,16,11,东风,≤3级,东风,≤3级,day
2015-04-24 10:00:00,营盘路口,7、未按规定让行的 ,负全部责任,不负责任,1,贵A88816,白色,1,贵A42J74,白色,自培,-1,2004/7/5 0:00,-1,五菱,北京现代牌,366347000000000000 ,364546000000000 ,197911,651202,10,4,4,工作日,非高峰,2015-04-24,2015年4月24日,阴 /小雨,16℃ / 11℃,东风 ≤3级 /东风 ≤3级,阴,小雨,16,11,东风,≤3级,东风,≤3级,day
2015-04-24 14:00:00,黔灵山路,7、未按规定让行的 ,负全部责任,不负责任,1,贵AKR466,银,1,贵AV7691,绿,自培,520116,2003/8/12 0:00,1999/4/20 0:00,东风牌,神鹰牌,364557000000000000 ,364557000000000000 ,195607,197306,14,4,4,工作日,非高峰,2015-04-24,2015年4月24日,阴 /小雨,16℃ / 11℃,东风 ≤3级 /东风 ≤3级,阴,小雨,16,11,东风,≤3级,东风,≤3级,day
2015-04-24 12:30:00,省军区,3、倒车的,负全部责任,不负责任,1,贵JAS492,白色,1,闽B16526,白色,自培,-1,2011/6/29 0:00,-1,五菱牌,桑塔纳,734766000000000000 ,734746000000000000 ,199202,198303,12,4,4,工作日,非高峰,2015-04-24,2015年4月24日,阴 /小雨,16℃ / 11℃,东风 ≤3级 /东风 ≤3级,阴,小雨,16,11,东风,≤3级,东风,≤3级,day
2015-04-24 15:00:00,百花大道,7、未按规定让行的 ,负全部责任,不负责任,1,贵A27447,白,1,贵A38756,绿,自培,520116,2003/12/25 0:00,2010/2/23 0:00,奥拓,汉江,36656951874154345X,36656551814745495X,197309,197903,15,4,4,工作日,非高峰,2015-04-24,2015年4月24日,阴 /小雨,16℃ / 11℃,东风 ≤3级 /东风 ≤3级,阴,小雨,16,11,东风,≤3级,东风,≤3级,day
2015-04-24 13:45:00,中曹司,7、未按规定让行的 ,负全部责任,不负责任,1,贵A7465U,白色,1,贵AB000G,白色,自培,铁二局驾校,2004/6/15 0:00,2011/2/18 0:00,吉利美日牌,华泰特拉卡牌,366664000000000000 ,364596000000000000 ,197604,198809,13,4,4,工作日,非高峰,2015-04-24,2015年4月24日,阴 /小雨,16℃ / 11℃,东风 ≤3级 /东风 ≤3级,阴,小雨,16,11,东风,≤3级,东风,≤3级,day
2015-04-24 18:40:00,交警六队,6、违反交通信号的,负全部责任,不负责任,1,贵A3483W,白,0,贵AL7949,黑,自培,-1,2012/8/9 0:00,-1,东风日产牌,力帆牌,230663000000000000 ,366766000000000000 ,199008,197703,18,4,4,工作日,晚高峰(17-19点),2015-04-24,2015年4月24日,阴 /小雨,16℃ / 11℃,东风 ≤3级 /东风 ≤3级,阴,小雨,16,11,东风,≤3级,东风,≤3级,day
2015-04-24 16:00:00,金阳,7、未按规定让行的 ,负全部责任,不负责任,0,贵AK2891,银,1,贵AA575V,白,自培,-1,2004/3/31 0:00,-1,大力神牌,长安牌,364558000000000000 ,366061000000000000 ,196104,198409,16,4,4,工作日,非高峰,2015-04-24,2015年4月24日,阴 /小雨,16℃ / 11℃,东风 ≤3级 /东风 ≤3级,阴,小雨,16,11,东风,≤3级,东风,≤3级,day
2015-04-24 16:30:00,商城东路,7、未按规定让行的 ,负全部责任,不负责任,1,贵AB6036,红,1,贵GN8661,黄,自培,-1,2013/4/2 0:00,-1,钱江牌,马自达牌,344668000000000000 ,364547000000 ,199307,190679,16,4,4,工作日,非高峰,2015-04-24,2015年4月24日,阴 /小雨,16℃ / 11℃,东风 ≤3级 /东风 ≤3级,阴,小雨,16,11,东风,≤3级,东风,≤3级,day
2015-04-24 16:24:00,金阳南路,7、未按规定让行的 ,负全部责任,不负责任,1,贵A8443C,白,1,粤RZT938,银,自培,-1,2014/7/3 0:00,-1,江铃牌,宝马(BMW),76347500000000000 ,74862500000000000 ,198110,198201,16,4,4,工作日,非高峰,2015-04-24,2015年4月24日,阴 /小雨,16℃ / 11℃,东风 ≤3级 /东风 ≤3级,阴,小雨,16,11,东风,≤3级,东风,≤3级,day
2015-04-25 08:00:00,白云区,3、倒车的,负全部责任,不负责任,0,贵A39R96,银,1,贵A6303H,银,自培,-1,2005/1/4 0:00,-1,大众汽车牌,长安牌,364558000000000000 ,36067500000000000 ,196506,978120,8,5,4,工作日,早高峰(7-9点),2015-04-25,2015年4月25日,阴 /阵雨,20℃ / 11℃,东风 ≤3级 /东南风 ≤3级,阴,阵雨,20,11,东风,≤3级,东南风,≤3级,day
2015-04-24 18:40:00,小河平桥,1、追尾的,负全部责任,不负责任,1,贵AVG899,白色,1,贵A9379C,白色,自培,-1,2006/12/30 0:00,-1,宝马牌,海马牌,77445500000000000 ,65566500000000000 ,197609,198006,18,4,4,工作日,晚高峰(17-19点),2015-04-24,2015年4月24日,阴 /小雨,16℃ / 11℃,东风 ≤3级 /东风 ≤3级,阴,小雨,16,11,东风,≤3级,东风,≤3级,day
2015-04-24 19:34:00,盐沙大道,8、依法应负全责的其他情形,负全部责任,不负责任,1,贵A3BF31,银,1,贵CGT794,红,自培,吉源驾校,2001/7/6 0:00,2008/5/18 0:00,北京牌,长城牌,364547000000000000 ,366763000000000000 ,198204,198708,19,4,4,工作日,晚高峰(17-19点),2015-04-24,2015年4月24日,阴 /小雨,16℃ / 11℃,东风 ≤3级 /东风 ≤3级,阴,小雨,16,11,东风,≤3级,东风,≤3级,day
2015-04-25 09:30:00,水东路,7、未按规定让行的 ,负全部责任,不负责任,1,贵A250F8,蓝,1,贵ARX493,黑,自培,贵州现代驾驶培训责任有限公司,2005/7/5 0:00,2011/3/4 0:00,南骏牌,思迪牌,355741000000000000 ,354668000000000000 ,198511,198109,9,5,4,工作日,早高峰(7-9点),2015-04-25,2015年4月25日,阴 /阵雨,20℃ / 11℃,东风 ≤3级 /东南风 ≤3级,阴,阵雨,20,11,东风,≤3级,东南风,≤3级,day
2015-04-25 09:35:00,金阳,1、追尾的,负全部责任,不负责任,0,贵ANZ718,蓝,0,贵ATY294,红,自培,全林驾校,2005/7/8 0:00,2013/10/30 0:00,大众汽车牌,起亚,366267000000000000 ,36606051955561406X,198306,198111,9,5,4,工作日,早高峰(7-9点),2015-04-25,2015年4月25日,阴 /阵雨,20℃ / 11℃,东风 ≤3级 /东南风 ≤3级,阴,阵雨,20,11,东风,≤3级,东南风,≤3级,day
2015-04-25 09:55:00,花溪大道,8、依法应负全责的其他情形,负全部责任,不负责任,1,贵A54E19,白色,1,贵AU9761,白色,自培,自培,2006/6/21 0:00,1999/7/10 0:00,蒙迪欧牌,黄河牌,366246000000000000 ,364547000000000000 ,198209,196810,9,5,4,工作日,早高峰(7-9点),2015-04-25,2015年4月25日,阴 /阵雨,20℃ / 11℃,东风 ≤3级 /东南风 ≤3级,阴,阵雨,20,11,东风,≤3级,东南风,≤3级,day
2015-04-25 12:30:00,白云,1、追尾的,负全部责任,不负责任,1,贵A896C6,黄,1,贵AGF594,白,自培,-1,2001/10/23 0:00,-1,江铃牌,长安,366361000000000000 ,77460500000000000 ,197701,198004,12,5,4,工作日,非高峰,2015-04-25,2015年4月25日,阴 /阵雨,20℃ / 11℃,东风 ≤3级 /东南风 ≤3级,阴,阵雨,20,11,东风,≤3级,东南风,≤3级,day
2015-04-23 20:30:00,兴关路,7、未按规定让行的 ,负全部责任,不负责任,1,贵AU7759,绿,0,贵AAH691,蓝,自培,自培,2002/2/21 0:00,2005/12/26 0:00,大众牌,豪达牌,364548000000000000 ,354364000000000000 ,197302,198009,20,3,4,工作日,非高峰,2015-04-23,2015年4月23日,阴 /小雨,16℃ / 10℃,东北风 ≤3级 /东北风 ≤3级,阴,小雨,16,10,东北风,≤3级,东北风,≤3级,night
2015-04-24 08:50:00,长岭南路,9、不符合前8款规定或者双方同时具有上述情形的,负同等责任,负同等责任,1,贵A0AT71,红,1,贵E3RV16,黑,自培,自培,2003/4/11 0:00,2007/2/13 0:00,吉利牌,-1,364548000000000000 ,256364000000000000 ,195312,197804,8,4,4,工作日,早高峰(7-9点),2015-04-24,2015年4月24日,阴 /小雨,16℃ / 11℃,东风 ≤3级 /东风 ≤3级,阴,小雨,16,11,东风,≤3级,东风,≤3级,day
2015-04-24 08:50:00,长岭北路,9、不符合前8款规定或者双方同时具有上述情形的,负同等责任,负同等责任,1,苏ERV16,黑,1,贵A0AT71,黄,自培,自培,2007/2/13 0:00,2003/4/11 0:00,\N,吉利牌,256364000000000000 ,364548000000000000 ,197804,195312,8,4,4,工作日,早高峰(7-9点),2015-04-24,2015年4月24日,阴 /小雨,16℃ / 11℃,东风 ≤3级 /东风 ≤3级,阴,小雨,16,11,东风,≤3级,东风,≤3级,day
2015-04-25 08:00:00,市西路,8、依法应负全责的其他情形,负全部责任,不负责任,1,贵A29A94,银,1,贵ABE416,白,自培,自培,2004/5/20 0:00,2002/8/28 0:00,奥迪牌,东风牌,774763000000000000 ,366064000000000000 ,196801,197302,8,5,4,工作日,早高峰(7-9点),2015-04-25,2015年4月25日,阴 /阵雨,20℃ / 11℃,东风 ≤3级 /东南风 ≤3级,阴,阵雨,20,11,东风,≤3级,东南风,≤3级,day
2015-04-25 10:40:00,乌当,1、追尾的,负全部责任,不负责任,1,贵A74529,黑,1,贵A75Y39,白,自培,自培,2011/2/16 0:00,2005/2/5 0:00,喜马牌,江铃牌,364558000000000000 ,364566000000000000 ,197511,197012,10,5,4,工作日,非高峰,2015-04-25,2015年4月25日,阴 /阵雨,20℃ / 11℃,东风 ≤3级 /东南风 ≤3级,阴,阵雨,20,11,东风,≤3级,东南风,≤3级,day
2015-04-25 12:25:00,黔灵山路,1、追尾的,负全部责任,不负责任,1,贵A10008,红,1,贵ANN214,银,自培,自培,2008/3/7 0:00,2003/1/14 0:00,豪泺牌,福克斯牌,366864000000000000 ,366267000000000000 ,198301,197405,12,5,4,工作日,非高峰,2015-04-25,2015年4月25日,阴 /阵雨,20℃ / 11℃,东风 ≤3级 /东南风 ≤3级,阴,阵雨,20,11,东风,≤3级,东南风,≤3级,day
2015-04-25 19:45:00,观水路,1、追尾的,负全部责任,不负责任,1,贵A72X81,白色,1,贵AX2989,白色,自培,金大驾校,2004/12/3 0:00,2012/10/26 0:00,长城牌,宗申牌,364548000000000000 ,366868000000000000 ,197202,198702,19,5,4,工作日,晚高峰(17-19点),2015-04-25,2015年4月25日,阴 /阵雨,20℃ / 11℃,东风 ≤3级 /东南风 ≤3级,阴,阵雨,20,11,东风,≤3级,东南风,≤3级,day
2015-04-25 20:28:00,新添寨,7、未按规定让行的 ,负全部责任,不负责任,1,贵A9BM53,白,0,贵A17003,红,自培,贵阳学院汽车驾驶培训,2002/6/20 0:00,2012/11/6 0:00,比亚迪牌,豪宝牌,36454651974165955X,364547000000000000 ,198309,197604,20,5,4,工作日,非高峰,2015-04-25,2015年4月25日,阴 /阵雨,20℃ / 11℃,东风 ≤3级 /东南风 ≤3级,阴,阵雨,20,11,东风,≤3级,东南风,≤3级,night
2015-04-25 17:30:00,金阳,7、未按规定让行的 ,负全部责任,不负责任,1,贵AB456Z,蓝,1,贵G56183,蓝,自培,金安驾校,2000/3/22 0:00,-1,广汽菲亚特牌,夏利,364558000000000000 ,366346000000000000 ,196909,194710,17,5,4,工作日,晚高峰(17-19点),2015-04-25,2015年4月25日,阴 /阵雨,20℃ / 11℃,东风 ≤3级 /东南风 ≤3级,阴,阵雨,20,11,东风,≤3级,东南风,≤3级,day
2015-04-25 17:00:00,花溪,1、追尾的,负全部责任,不负责任,1,贵A538G2,白色,1,贵A0352A,白色,自培,-1,2010/10/19 0:00,-1,斯卡特牌,别克牌,364547000000000000 ,366067000000000000 ,197812,197412,17,5,4,工作日,晚高峰(17-19点),2015-04-25,2015年4月25日,阴 /阵雨,20℃ / 11℃,东风 ≤3级 /东南风 ≤3级,阴,阵雨,20,11,东风,≤3级,东南风,≤3级,day
2015-04-25 17:38:00,乌当,7、未按规定让行的 ,负全部责任,不负责任,1,贵ACW651,白,1,贵ASW788,银,自培,-1,2013/12/6 0:00,-1,解放牌,奥迪,366270000000000000 ,726067000000000000 ,198010,197801,17,5,4,工作日,晚高峰(17-19点),2015-04-25,2015年4月25日,阴 /阵雨,20℃ / 11℃,东风 ≤3级 /东南风 ≤3级,阴,阵雨,20,11,东风,≤3级,东南风,≤3级,day