accidenttime,accidentaddr,driver1fault,driver1responsibility,driver2responsibility,sex1,platenumber1,carcolor1,sex2,platenumber2,carcolor2,jxmc1,jxmc2,cclzrq1,cclzrq2,clpp1,clpp2,driver1license,driver2license,brith1,brith2,hour,weekday,month,is_weekday,peak_hour,date,日期,天气状况,气温,风力风向,day_wea,night_wea,day_tep,night_tep,day_wind_direction,day_wind_speed,night_wind_direction,night_wind_speed,segment
2015-04-25 21:00:00,小河转盘,7、未按规定让行的 ,负全部责任,不负责任,1,贵HW2117,白色,1,贵GY3833,白色,自培,520111,2011/8/29 0:00,2009/6/2 0:00,名爵牌,雪佛兰牌,36626251345564445X,364556000000000000 ,195011,197707,21,5,4,工作日,非高峰,2015-04-25,2015年4月25日,阴 /阵雨,20℃ / 11℃,东风 ≤3级 /东南风 ≤3级,阴,阵雨,20,11,东风,≤3级,东南风,≤3级,night
2015-04-26 07:00:00,花溪,7、未按规定让行的 ,负全部责任,不负责任,1,贵A3AP43,白色,1,贵AB7971,白色,自培,吉源驾校（南明区）,2000/11/23 0:00,2015/4/3 0:00,东风日产牌,雷克牌,36687451294762755X,366767000000000000 ,196803,199104,7,6,4,周末,早高峰(7-9点),2015-04-26,2015年4月26日,阵雨 /阵雨,18℃ / 14℃,东南风 ≤3级 /东北风 ≤3级,阵雨,阵雨,18,14,东南风,≤3级,东北风,≤3级,day
2015-04-26 07:40:00,机场,7、未按规定让行的 ,负全部责任,不负责任,1,贵A8388C,银,1,贵A4283C,白,自培,青正驾校,2007/4/9 0:00,2014/7/19 0:00,长安牌,比亚迪牌,366363000000000000 ,366347000000000000 ,197403,198312,7,6,4,周末,早高峰(7-9点),2015-04-26,2015年4月26日,阵雨 /阵雨,18℃ / 14℃,东南风 ≤3级 /东北风 ≤3级,阵雨,阵雨,18,14,东南风,≤3级,东北风,≤3级,day
2015-04-26 08:30:00,白云区,1、追尾的,负全部责任,不负责任,1,贵AP5762,黑,1,贵A0895T,银,自培,青正驾校,2006/8/31 0:00,2013/12/25 0:00,望江牌,长安牌,364558000000000000 ,364557000000000000 ,198705,197805,8,6,4,周末,早高峰(7-9点),2015-04-26,2015年4月26日,阵雨 /阵雨,18℃ / 14℃,东南风 ≤3级 /东北风 ≤3级,阵雨,阵雨,18,14,东南风,≤3级,东北风,≤3级,day
2015-04-25 21:20:00,飞山街,7、未按规定让行的 ,负全部责任,不负责任,0,贵A0BL05,白,1,贵AU0973,蓝,自培,-1,2004/8/5 0:00,-1,别克牌,宇通牌,364547000000000000 ,366862000000000000 ,197007,169907,21,5,4,工作日,非高峰,2015-04-25,2015年4月25日,阴 /阵雨,20℃ / 11℃,东风 ≤3级 /东南风 ≤3级,阴,阵雨,20,11,东风,≤3级,东南风,≤3级,night
2015-04-25 21:40:00,都司路,9、不符合前8款规定或者双方同时具有上述情形的,负同等责任,负同等责任,1,贵A9BE19,黑,1,贵DZ6792,白,自培,新天驾校,2002/4/19 0:00,2012/10/22 0:00,长安牌,吉利美日牌,364547000000000000 ,366664000000000000 ,197608,196901,21,5,4,工作日,非高峰,2015-04-25,2015年4月25日,阴 /阵雨,20℃ / 11℃,东风 ≤3级 /东南风 ≤3级,阴,阵雨,20,11,东风,≤3级,东南风,≤3级,night
2015-04-26 09:30:00,水东路,7、未按规定让行的 ,负全部责任,不负责任,1,贵A250F8,蓝,1,贵HRX493,黑,自培,贵州现代驾驶培训责任有限公司,2005/7/5 0:00,2011/3/4 0:00,南骏牌,-1,355741000000000000 ,354668000000000000 ,198511,198109,9,6,4,周末,早高峰(7-9点),2015-04-26,2015年4月26日,阵雨 /阵雨,18℃ / 14℃,东南风 ≤3级 /东北风 ≤3级,阵雨,阵雨,18,14,东南风,≤3级,东北风,≤3级,day
2015-04-26 09:40:00,世纪城,3、倒车的,负全部责任,不负责任,1,鄂F9PF13,绿,1,贵GD6712,银,自培,-1,2007/7/11 0:00,-1,翼虎牌,五菱牌,254548000000000000 ,724561000000000000 ,196903,198212,9,6,4,周末,早高峰(7-9点),2015-04-26,2015年4月26日,阵雨 /阵雨,18℃ / 14℃,东南风 ≤3级 /东北风 ≤3级,阵雨,阵雨,18,14,东南风,≤3级,东北风,≤3级,day
2015-04-26 10:30:00,甘荫塘,3、倒车的,负全部责任,不负责任,1,贵A467E7,白色,1,贵AN5624,白色,自培,-1,2001/3/27 0:00,-1,航天牌,高尔,366361000000000000 ,354657000000000000 ,196712,197201,10,6,4,周末,非高峰,2015-04-26,2015年4月26日,阵雨 /阵雨,18℃ / 14℃,东南风 ≤3级 /东北风 ≤3级,阵雨,阵雨,18,14,东南风,≤3级,东北风,≤3级,day
2015-04-26 11:00:00,次南门,1、追尾的,负全部责任,不负责任,1,贵GX9578,黑,1,贵AU03202,蓝,自培,520102,2014/12/26 0:00,2008/7/23 0:00,吉利美日牌,-1,364596000000000000 ,355266000000000000 ,198804,198712,11,6,4,周末,非高峰,2015-04-26,2015年4月26日,阵雨 /阵雨,18℃ / 14℃,东南风 ≤3级 /东北风 ≤3级,阵雨,阵雨,18,14,东南风,≤3级,东北风,≤3级,day
2015-04-26 17:01:00,金朱东路,7、未按规定让行的 ,负全部责任,不负责任,1,贵AYJ662,黑,1,"贵A4250M,",白,自培,自培,2001/11/10 0:00,2012/6/19 0:00,上海桑塔纳,-1,364547000000000000 ,36606651904957305X,198206,198408,17,6,4,周末,晚高峰(17-19点),2015-04-26,2015年4月26日,阵雨 /阵雨,18℃ / 14℃,东南风 ≤3级 /东北风 ≤3级,阵雨,阵雨,18,14,东南风,≤3级,东北风,≤3级,day
2015-04-26 16:00:00,蟠桃宫,8、依法应负全责的其他情形,负全部责任,不负责任,1,贵ADS746,黄,1,贵CEV952,白,自培,自培,2006/4/27 0:00,2012/11/26 0:00,斯柯达牌,思威牌,364547000000000000 ,35546051964358448X,198608,198205,16,6,4,周末,非高峰,2015-04-26,2015年4月26日,阵雨 /阵雨,18℃ / 14℃,东南风 ≤3级 /东北风 ≤3级,阵雨,阵雨,18,14,东南风,≤3级,东北风,≤3级,day
2015-04-26 18:00:00,花果园,3、倒车的,负全部责任,不负责任,1,贵A41447,黑,1,贵GF0824,黄,自培,兴黔驾驶培训学校,2004/6/24 0:00,2006/8/16 0:00,南方,北京现代牌,36454651904242605X,364547000000000000 ,198406,198402,18,6,4,周末,晚高峰(17-19点),2015-04-26,2015年4月26日,阵雨 /阵雨,18℃ / 14℃,东南风 ≤3级 /东北风 ≤3级,阵雨,阵雨,18,14,东南风,≤3级,东北风,≤3级,day
2015-04-26 17:20:00,金清路,1、追尾的,负全部责任,不负责任,1,川R37421,黄,1,云A7743V,银,自培,-1,2005/9/21 0:00,-1,长安,雅特牌,355247000000000000 ,74049500000000000 ,198303,198601,17,6,4,周末,晚高峰(17-19点),2015-04-26,2015年4月26日,阵雨 /阵雨,18℃ / 14℃,东南风 ≤3级 /东北风 ≤3级,阵雨,阵雨,18,14,东南风,≤3级,东北风,≤3级,day
2015-04-25 10:05:00,碧海花园,8、依法应负全责的其他情形,负全部责任,不负责任,1,贵GP9327,白,1,贵AEL859,银,自培,自培,2001/4/26 0:00,2004/9/26 0:00,丰田牌,雅阁牌,354366000000000000 ,724556000000000000 ,198110,197105,10,5,4,工作日,非高峰,2015-04-25,2015年4月25日,阴 /阵雨,20℃ / 11℃,东风 ≤3级 /东南风 ≤3级,阴,阵雨,20,11,东风,≤3级,东南风,≤3级,day
2015-04-25 16:10:00,转盘,8、依法应负全责的其他情形,负全部责任,不负责任,1,贵A72E63,黄,1,贵A42L31,白,自培,自培,2006/8/24 0:00,2013/6/20 0:00,雪佛兰牌,丰田牌,364551000000000000 ,364548000000000000 ,198708,198508,16,5,4,工作日,非高峰,2015-04-25,2015年4月25日,阴 /阵雨,20℃ / 11℃,东风 ≤3级 /东南风 ≤3级,阴,阵雨,20,11,东风,≤3级,东南风,≤3级,day
2015-04-25 15:00:00,八匹马,9、不符合前8款规定或者双方同时具有上述情形的,负同等责任,负同等责任,1,贵AG3789,蓝,1,贵A55Y37,银,自培,自培,2004/8/16 0:00,2004/12/1 0:00,豪爵牌,宝马牌,36454651324742565X,36454651264145562X,195603,196209,15,5,4,工作日,非高峰,2015-04-25,2015年4月25日,阴 /阵雨,20℃ / 11℃,东风 ≤3级 /东南风 ≤3级,阴,阵雨,20,11,东风,≤3级,东南风,≤3级,day
2015-04-25 19:10:00,凯丰物流与,4、停车时未挂低速档、未拉驻车制动，导致车辆滑行的,负全部责任,不负责任,1,贵FL3240,银,1,贵A7710K,银,自培,自培,2012/3/28 0:00,2005/6/6 0:00,五菱牌,福田牌,366067000000000000 ,364548000000000000 ,197511,198610,19,5,4,工作日,晚高峰(17-19点),2015-04-25,2015年4月25日,阴 /阵雨,20℃ / 11℃,东风 ≤3级 /东南风 ≤3级,阴,阵雨,20,11,东风,≤3级,东南风,≤3级,day
2015-04-26 17:00:00,观山西路,3、倒车的,负全部责任,不负责任,1,鲁K7935Y,黑,1,贵ARC017,银,自培,贵阳学院汽车驾驶培训,2002/9/16 0:00,2010/5/12 0:00,\N,五菱牌,785466000000000000 ,366068000000000000 ,197711,198601,17,6,4,周末,晚高峰(17-19点),2015-04-26,2015年4月26日,阵雨 /阵雨,18℃ / 14℃,东南风 ≤3级 /东北风 ≤3级,阵雨,阵雨,18,14,东南风,≤3级,东北风,≤3级,day
2015-04-26 18:20:00,贵惠大道,9、不符合前8款规定或者双方同时具有上述情形的,负同等责任,负同等责任,1,贵AGB236,白色,1,贵A3805V,白色,自培,-1,2004/5/10 0:00,-1,江铃牌,雪佛兰牌,366064000000000000 ,364556000000000000 ,197311,199512,18,6,4,周末,晚高峰(17-19点),2015-04-26,2015年4月26日,阵雨 /阵雨,18℃ / 14℃,东南风 ≤3级 /东北风 ≤3级,阵雨,阵雨,18,14,东南风,≤3级,东北风,≤3级,day
2015-04-26 21:15:00,大营坡,8、依法应负全责的其他情形,负全部责任,不负责任,1,贵A96G88,白,1,贵AKW837,红,自培,人武驾校,2000/6/1 0:00,2011/7/19 0:00,江淮牌,沃尔沃牌,36454751884565567X,366046000000000000 ,197701,198004,21,6,4,周末,非高峰,2015-04-26,2015年4月26日,阵雨 /阵雨,18℃ / 14℃,东南风 ≤3级 /东北风 ≤3级,阵雨,阵雨,18,14,东南风,≤3级,东北风,≤3级,night
2015-04-26 21:46:00,花果园,1、追尾的,负全部责任,不负责任,1,贵AU9135,白色,1,贵AJ0599,白色,自培,十一驾驶培训有限公司,2001/9/21 0:00,2013/5/28 0:00,望江牌,红旗牌,35546851294867443X,366069000000000000 ,196807,199502,21,6,4,周末,非高峰,2015-04-26,2015年4月26日,阵雨 /阵雨,18℃ / 14℃,东南风 ≤3级 /东北风 ≤3级,阵雨,阵雨,18,14,东南风,≤3级,东北风,≤3级,night
2015-04-26 23:00:00,沙冲路,5、开关车门的,负全部责任,不负责任,1,贵AEX646,白色,1,贵AU4789,白色,自培,自培,2004/11/22 0:00,1997/12/31 0:00,夏利牌,豪爵牌,364547000000000000 ,366364000000000000 ,198501,196910,23,6,4,周末,非高峰,2015-04-26,2015年4月26日,阵雨 /阵雨,18℃ / 14℃,东南风 ≤3级 /东北风 ≤3级,阵雨,阵雨,18,14,东南风,≤3级,东北风,≤3级,night
2015-04-26 20:30:00,花果园,8、依法应负全责的其他情形,负全部责任,不负责任,1,贵AMB507,黑,1,贵JDD932,白,自培,贵州大学驾校（花溪区）,2004/9/17 0:00,2015/3/12 0:00,索兰托,北京现代牌,355468000000000000 ,364556000000000000 ,196908,199012,20,6,4,周末,非高峰,2015-04-26,2015年4月26日,阵雨 /阵雨,18℃ / 14℃,东南风 ≤3级 /东北风 ≤3级,阵雨,阵雨,18,14,东南风,≤3级,东北风,≤3级,night
2015-04-26 23:00:00,小河,7、未按规定让行的 ,负全部责任,不负责任,1,贵AE6782,白色,1,贵JJ2418,白色,自培,顺一驾驶培训学校,2001/5/14 0:00,2012/6/28 0:00,建设-雅马哈牌,奇瑞牌,364548000000000000 ,366868000000000000 ,197211,197512,23,6,4,周末,非高峰,2015-04-26,2015年4月26日,阵雨 /阵雨,18℃ / 14℃,东南风 ≤3级 /东北风 ≤3级,阵雨,阵雨,18,14,东南风,≤3级,东北风,≤3级,night
2015-04-26 22:30:00,解放路,1、追尾的,负全部责任,不负责任,1,贵A5BF19,白色,1,贵GX7779,黑色,自培,-1,2006/7/19 0:00,-1,X3,奥迪牌,366567000000000000 ,366370000000000000 ,196801,198907,22,6,4,周末,非高峰,2015-04-26,2015年4月26日,阵雨 /阵雨,18℃ / 14℃,东南风 ≤3级 /东北风 ≤3级,阵雨,阵雨,18,14,东南风,≤3级,东北风,≤3级,night
2015-04-26 22:05:00,太平哨,7、未按规定让行的 ,负全部责任,不负责任,1,贵A28808,黑,1,川AT598B,黄,自培,-1,2011/3/22 0:00,-1,红岩牌,帕萨特牌,355467000000000000 ,506046000000000000 ,196410,198002,22,6,4,周末,非高峰,2015-04-26,2015年4月26日,阵雨 /阵雨,18℃ / 14℃,东南风 ≤3级 /东北风 ≤3级,阵雨,阵雨,18,14,东南风,≤3级,东北风,≤3级,night
2015-04-27 07:00:00,清水江路,7、未按规定让行的 ,负全部责任,不负责任,1,贵A08481,白色,1,贵A8861H,白色,自培,-1,2001/6/13 0:00,-1,万达牌,解放牌,366361000000000000 ,34595500000000000 ,197304,988081,7,0,4,工作日,早高峰(7-9点),2015-04-27,2015年4月27日,阴 /雷阵雨,21℃ / 14℃,东南风 ≤3级 /东北风 ≤3级,阴,雷阵雨,21,14,东南风,≤3级,东北风,≤3级,day
2015-04-27 12:00:00,新村,3、倒车的,负全部责任,不负责任,1,贵A784G3,白色,1,川E1653C,白色,自培,-1,2004/8/20 0:00,-1,南骏牌,-1,366046000000000000 ,354361000000000000 ,196805,198202,12,0,4,工作日,非高峰,2015-04-27,2015年4月27日,阴 /雷阵雨,21℃ / 14℃,东南风 ≤3级 /东北风 ≤3级,阴,雷阵雨,21,14,东南风,≤3级,东北风,≤3级,day
2015-04-27 13:00:00,商贸城,3、倒车的,负全部责任,不负责任,1,贵AFW704,银,1,湘E1E926,白,自培,-1,2003/4/30 0:00,-1,锋范牌,长城牌,366068000000000000 ,74367500000000000 ,196208,198108,13,0,4,工作日,非高峰,2015-04-27,2015年4月27日,阴 /雷阵雨,21℃ / 14℃,东南风 ≤3级 /东北风 ≤3级,阴,雷阵雨,21,14,东南风,≤3级,东北风,≤3级,day
2015-04-27 14:40:00,蔡家关,3、倒车的,负全部责任,不负责任,1,贵A7571K,白,1,贵A2413Z,黑,自培,-1,2003/3/18 0:00,-1,东南牌,北京牌,5060520000000000 ,355266000000000000 ,197111,198709,14,0,4,工作日,非高峰,2015-04-27,2015年4月27日,阴 /雷阵雨,21℃ / 14℃,东南风 ≤3级 /东北风 ≤3级,阴,雷阵雨,21,14,东南风,≤3级,东北风,≤3级,day
2015-04-27 15:40:00,贵惠大道,1、追尾的,负全部责任,不负责任,1,贵A87J92,白色,1,贵A64J84,白色,自培,铁二局驾校,2007/6/21 0:00,2013/12/18 0:00,梅赛德斯-奔驰,江铃全顺牌,364566000000000000 ,366063000000000000 ,198903,199405,15,0,4,工作日,非高峰,2015-04-27,2015年4月27日,阴 /雷阵雨,21℃ / 14℃,东南风 ≤3级 /东北风 ≤3级,阴,雷阵雨,21,14,东南风,≤3级,东北风,≤3级,day
2015-04-27 14:05:00,金阳,8、依法应负全责的其他情形,负全部责任,不负责任,1,贵A88670,白,1,贵A34T88,白,自培,-1,2003/6/28 0:00,-1,中联牌,-1,366068000000000000 ,364566000000000000 ,198412,197002,14,0,4,工作日,非高峰,2015-04-27,2015年4月27日,阴 /雷阵雨,21℃ / 14℃,东南风 ≤3级 /东北风 ≤3级,阴,雷阵雨,21,14,东南风,≤3级,东北风,≤3级,day
2015-04-27 15:15:00,金苏大道,7、未按规定让行的 ,负全部责任,不负责任,1,贵AD7030,黑,0,贵A49R47,蓝,自培,景宏驾校,2002/4/30 0:00,2014/11/14 0:00,轰轰烈牌,梅赛德斯-奔驰牌,364558000000000000 ,364596000000000000 ,196508,198511,15,0,4,工作日,非高峰,2015-04-27,2015年4月27日,阴 /雷阵雨,21℃ / 14℃,东南风 ≤3级 /东北风 ≤3级,阴,雷阵雨,21,14,东南风,≤3级,东北风,≤3级,day
2015-04-27 16:35:00,市一医,7、未按规定让行的 ,负全部责任,不负责任,1,贵A40753,红色,1,贵AU6601,白色,自培,520113,2011/5/6 0:00,2004/6/22 0:00,嘉陵CJ50F,山洋牌,366261000000000000 ,364547000000000000 ,198805,198404,16,0,4,工作日,非高峰,2015-04-27,2015年4月27日,阴 /雷阵雨,21℃ / 14℃,东南风 ≤3级 /东北风 ≤3级,阴,雷阵雨,21,14,东南风,≤3级,东北风,≤3级,day
2015-04-27 15:30:00,朱昌路,8、依法应负全责的其他情形,负全部责任,不负责任,0,贵GN2535,银,1,湘N4G445,蓝,自培,-1,2011/3/23 0:00,-1,马自达牌,传祺牌,786770000000000000 ,77446500000000000 ,198507,196808,15,0,4,工作日,非高峰,2015-04-27,2015年4月27日,阴 /雷阵雨,21℃ / 14℃,东南风 ≤3级 /东北风 ≤3级,阴,雷阵雨,21,14,东南风,≤3级,东北风,≤3级,day
2015-04-27 19:21:00,贵阳一中,7、未按规定让行的 ,负全部责任,不负责任,1,苏BT195B,白,1,贵A4CB07,银,自培,-1,2011/9/1 0:00,-1,起亚牌,长安牌,36604551894941805X,354166000000000000 ,197808,199109,19,0,4,工作日,晚高峰(17-19点),2015-04-27,2015年4月27日,阴 /雷阵雨,21℃ / 14℃,东南风 ≤3级 /东北风 ≤3级,阴,雷阵雨,21,14,东南风,≤3级,东北风,≤3级,day
2015-04-27 19:00:00,金竹立交,7、未按规定让行的 ,负全部责任,不负责任,1,贵AC561G,白,1,渝BCP236,白色,自培,520123,2006/9/29 0:00,2011/9/9 0:00,夏利,福特牌,355468000000000000 ,366246000000000000 ,198108,198401,19,0,4,工作日,晚高峰(17-19点),2015-04-27,2015年4月27日,阴 /雷阵雨,21℃ / 14℃,东南风 ≤3级 /东北风 ≤3级,阴,雷阵雨,21,14,东南风,≤3级,东北风,≤3级,day
2015-04-27 17:10:00,小河,7、未按规定让行的 ,负全部责任,不负责任,1,贵A4056Y,白色,1,贵ASK109,黑色,自培,-1,2003/12/4 0:00,-1,长安牌,凯迪拉克牌,356167000000000000 ,366575000000000000 ,197612,197203,17,0,4,工作日,晚高峰(17-19点),2015-04-27,2015年4月27日,阴 /雷阵雨,21℃ / 14℃,东南风 ≤3级 /东北风 ≤3级,阴,雷阵雨,21,14,东南风,≤3级,东北风,≤3级,day
2015-04-27 17:40:00,沙冲路,7、未按规定让行的 ,负全部责任,不负责任,1,贵A64S71,白色,1,贵A711A9,白色,自培,-1,2001/9/30 0:00,-1,昊锐牌,昌河牌,366566000000000 ,3645560000000000 ,720415,197303,17,0,4,工作日,晚高峰(17-19点),2015-04-27,2015年4月27日,阴 /雷阵雨,21℃ / 14℃,东南风 ≤3级 /东北风 ≤3级,阴,雷阵雨,21,14,东南风,≤3级,东北风,≤3级,day
2015-04-26 22:00:00,沙冲南路,7、未按规定让行的 ,负全部责任,不负责任,1,贵A5617W,灰色,1,贵FL7769,白色,自培,自培,2011/3/16 0:00,2006/11/20 0:00,吉利牌,大众汽车牌,366368000000000000 ,366346000000000000 ,197011,198502,22,6,4,周末,非高峰,2015-04-26,2015年4月26日,阵雨 /阵雨,18℃ / 14℃,东南风 ≤3级 /东北风 ≤3级,阵雨,阵雨,18,14,东南风,≤3级,东北风,≤3级,night
2015-04-27 09:30:00,三桥,3、倒车的,负全部责任,不负责任,1,贵AB758P,银,1,贵A9CA17,蓝,自培,自培,2004/8/10 0:00,2010/1/7 0:00,东风牌,长安牌,786161000000000000 ,36636951945562447X,196504,198011,9,0,4,工作日,早高峰(7-9点),2015-04-27,2015年4月27日,阴 /雷阵雨,21℃ / 14℃,东南风 ≤3级 /东北风 ≤3级,阴,雷阵雨,21,14,东南风,≤3级,东北风,≤3级,day
2015-04-27 11:40:00,宝山南路,8、依法应负全责的其他情形,负全部责任,不负责任,1,贵AU6608,白色,1,贵AU6608,白色,自培,自培,2001/4/24 0:00,2001/4/24 0:00,爱立新牌,恒通客车牌,364548000000000000 ,364548000000000000 ,197901,197901,11,0,4,工作日,非高峰,2015-04-27,2015年4月27日,阴 /雷阵雨,21℃ / 14℃,东南风 ≤3级 /东北风 ≤3级,阴,雷阵雨,21,14,东南风,≤3级,东北风,≤3级,day
2015-04-27 21:10:00,贵遵路,1、追尾的,负全部责任,不负责任,1,贵A4AG81,白,1,贵FV4623,银,自培,毕节地区金春驾校,2006/11/7 0:00,-1,翼搏牌,长安牌,366361000000000000 ,366061000000000000 ,197801,197603,21,0,4,工作日,非高峰,2015-04-27,2015年4月27日,阴 /雷阵雨,21℃ / 14℃,东南风 ≤3级 /东北风 ≤3级,阴,雷阵雨,21,14,东南风,≤3级,东北风,≤3级,night
2015-04-28 08:40:00,中曹司,7、未按规定让行的 ,负全部责任,不负责任,1,贵AA003K,白色,1,贵JBM931,白色,自培,顺一驾驶培训学校,2007/4/23 0:00,2014/8/25 0:00,福克斯(FOCUS)牌,雪佛兰牌,366667000000000000 ,366346000000000000 ,198402,198207,8,1,4,工作日,早高峰(7-9点),2015-04-28,2015年4月28日,多云 /多云,25℃ / 15℃,东北风 ≤3级 /东北风 ≤3级,多云,多云,25,15,东北风,≤3级,东北风,≤3级,day
2015-04-28 08:50:00,云潭北路,7、未按规定让行的 ,负全部责任,不负责任,0,贵A25W35,黄,1,贵A5961X,白,自培,消防驾校,2003/10/13 0:00,2012/3/5 0:00,翼搏牌,丰田牌,366246000000000000 ,364558000000000000 ,197704,198905,8,1,4,工作日,早高峰(7-9点),2015-04-28,2015年4月28日,多云 /多云,25℃ / 15℃,东北风 ≤3级 /东北风 ≤3级,多云,多云,25,15,东北风,≤3级,东北风,≤3级,day
2015-04-28 07:40:00,沙冲路,7、未按规定让行的 ,负全部责任,不负责任,1,贵A17R64,白色,1,贵JW1638,白色,自培,预约考试窗口,2004/5/29 0:00,2007/7/31 0:00,奥迪牌,奥迪,364547000000000000 ,366846000000000000 ,196105,198401,7,1,4,工作日,早高峰(7-9点),2015-04-28,2015年4月28日,多云 /多云,25℃ / 15℃,东北风 ≤3级 /东北风 ≤3级,多云,多云,25,15,东北风,≤3级,东北风,≤3级,day
2015-04-28 08:33:00,二戈寨,7、未按规定让行的 ,负全部责任,不负责任,1,贵HBW984,白色,1,贵AU7944,白色,自培,-1,2003/11/11 0:00,-1,长安牌,新阳光牌,366269000000000000 ,53592192682 ,197411,86276,8,1,4,工作日,早高峰(7-9点),2015-04-28,2015年4月28日,多云 /多云,25℃ / 15℃,东北风 ≤3级 /东北风 ≤3级,多云,多云,25,15,东北风,≤3级,东北风,≤3级,day
2015-04-28 09:10:00,博爱路,8、依法应负全责的其他情形,负全部责任,不负责任,0,贵ANY651,银,1,贵AKN482,红,自培,-1,2005/7/18 0:00,-1,梅赛德斯-奔驰,长安牌,364548000000000000 ,3645475190058095X,197410,198441,9,1,4,工作日,早高峰(7-9点),2015-04-28,2015年4月28日,多云 /多云,25℃ / 15℃,东北风 ≤3级 /东北风 ≤3级,多云,多云,25,15,东北风,≤3级,东北风,≤3级,day
2015-04-28 13:00:00,百花大道,7、未按规定让行的 ,负全部责任,不负责任,1,贵AU8872,绿,1,贵A90377,黄,自培,#,2007/6/26 0:00,-1,隆鑫牌,陕汽牌,364551000000000000 ,366068000000000000 ,198601,197304,13,1,4,工作日,非高峰,2015-04-28,2015年4月28日,多云 /多云,25℃ / 15℃,东北风 ≤3级 /东北风 ≤3级,多云,多云,25,15,东北风,≤3级,东北风,≤3级,day
2015-04-28 14:20:00,金阳,7、未按规定让行的 ,负全部责任,不负责任,1,贵AKR814,银,1,贵A7BA64,白,自培,自培,2006/12/4 0:00,2011/5/9 0:00,吉利牌,别克牌,364557000000000000 ,364596000000000000 ,196202,198802,14,1,4,工作日,非高峰,2015-04-28,2015年4月28日,多云 /多云,25℃ / 15℃,东北风 ≤3级 /东北风 ≤3级,多云,多云,25,15,东北风,≤3级,东北风,≤3级,day
2015-04-28 13:00:00,太慈桥,7、未按规定让行的 ,负全部责任,不负责任,1,贵ARA936,白色,1,贵FT0339,白色,自培,-1,2007/11/12 0:00,-1,昌河牌,丰田牌,576669000000000000 ,364567000000000000 ,197602,199105,13,1,4,工作日,非高峰,2015-04-28,2015年4月28日,多云 /多云,25℃ / 15℃,东北风 ≤3级 /东北风 ≤3级,多云,多云,25,15,东北风,≤3级,东北风,≤3级,day
2015-04-28 14:00:00,孟关,8、依法应负全责的其他情形,负全部责任,不负责任,1,湘KN1579,白色,1,贵A110D6,白色,自培,-1,2013/5/14 0:00,-1,东风日产牌 ,解放牌,76366500000000000 ,76366500000000000 ,198411,197512,14,1,4,工作日,非高峰,2015-04-28,2015年4月28日,多云 /多云,25℃ / 15℃,东北风 ≤3级 /东北风 ≤3级,多云,多云,25,15,东北风,≤3级,东北风,≤3级,day
2015-04-28 13:30:00,甲秀南路,7、未按规定让行的 ,负全部责任,不负责任,1,贵AL6755,黑,1,渝C12M65,红,自培,-1,2001/11/1 0:00,-1,东本牌,大众牌,366064000000000000 ,366046000000000000 ,195503,198603,13,1,4,工作日,非高峰,2015-04-28,2015年4月28日,多云 /多云,25℃ / 15℃,东北风 ≤3级 /东北风 ≤3级,多云,多云,25,15,东北风,≤3级,东北风,≤3级,day
2015-04-28 12:30:00,龙洞堡机场,7、未按规定让行的 ,负全部责任,不负责任,1,贵GR9920,白色,1,贵AU8101,白色,自培,自培,2004/8/3 0:00,2011/1/30 0:00,大众汽车牌,宝来牌,364646000000000000 ,364547000000000000 ,197609,198811,12,1,4,工作日,非高峰,2015-04-28,2015年4月28日,多云 /多云,25℃ / 15℃,东北风 ≤3级 /东北风 ≤3级,多云,多云,25,15,东北风,≤3级,东北风,≤3级,day
2015-04-28 15:30:00,二戈寨,8、依法应负全责的其他情形,负全部责任,不负责任,1,贵A175E1,白色,1,贵FV3726,白色,自培,-1,2007/6/20 0:00,-1,解放牌,金杯牌,76174500000000000 ,366068000000000000 ,198212,199201,15,1,4,工作日,非高峰,2015-04-28,2015年4月28日,多云 /多云,25℃ / 15℃,东北风 ≤3级 /东北风 ≤3级,多云,多云,25,15,东北风,≤3级,东北风,≤3级,day
2015-04-28 22:03:00,白云区,8、依法应负全责的其他情形,负全部责任,不负责任,1,贵A90559,红,1,贵A05848,银,自培,铁二局驾校,2008/7/24 0:00,2011/11/14 0:00,豪泺牌,川路,366563000000000000 ,366361000000000000 ,197707,199003,22,1,4,工作日,非高峰,2015-04-28,2015年4月28日,多云 /多云,25℃ / 15℃,东北风 ≤3级 /东北风 ≤3级,多云,多云,25,15,东北风,≤3级,东北风,≤3级,night
2015-04-28 17:00:00,花溪医院,7、未按规定让行的 ,负全部责任,不负责任,1,贵A614F9,白色,1,贵AD2522,白色,自培,-1,2008/12/12 0:00,1979/12/8 0:00,吉奥牌,红旗,366862000000000000 ,366662000000000000 ,198304,196312,17,1,4,工作日,晚高峰(17-19点),2015-04-28,2015年4月28日,多云 /多云,25℃ / 15℃,东北风 ≤3级 /东北风 ≤3级,多云,多云,25,15,东北风,≤3级,东北风,≤3级,day
2015-04-28 22:00:00,世纪城, ,负全部责任,不负责任,1,贵A1688R,银,1,贵A1756M,绿,自培,路顺驾校,2004/5/28 0:00,2014/5/9 0:00,雪佛兰牌,东风牌,364557000000000000 ,364567000000000000 ,197501,198606,22,1,4,工作日,非高峰,2015-04-28,2015年4月28日,多云 /多云,25℃ / 15℃,东北风 ≤3级 /东北风 ≤3级,多云,多云,25,15,东北风,≤3级,东北风,≤3级,night