accidenttime,accidentaddr,driver1fault,driver1responsibility,driver2responsibility,sex1,platenumber1,carcolor1,sex2,platenumber2,carcolor2,jxmc1,jxmc2,cclzrq1,cclzrq2,clpp1,clpp2,driver1license,driver2license,brith1,brith2,hour,weekday,month,is_weekday,peak_hour,date,日期,天气状况,气温,风力风向,day_wea,night_wea,day_tep,night_tep,day_wind_direction,day_wind_speed,night_wind_direction,night_wind_speed,segment
2015-04-28 17:50:00,市北路,8、依法应负全责的其他情形,负全部责任,不负责任,1,贵A33E52,白,1,贵FR2145,红,自培,贵工驾校,2004/4/21 0:00,2011/7/1 0:00,高尔,雪佛兰牌,364548000000000000 ,366278000000000000 ,196306,198505,17,1,4,工作日,晚高峰(17-19点),2015-04-28,2015年4月28日,多云 /多云,25℃ / 15℃,东北风 ≤3级 /东北风 ≤3级,多云,多云,25,15,东北风,≤3级,东北风,≤3级,day
2015-04-28 18:20:00,八匹马,7、未按规定让行的 ,负全部责任,不负责任,1,贵AAY058,白,0,贵ASS760,白,自培,自培,2002/7/5 0:00,2004/12/20 0:00,蒙迪欧牌,奥迪牌,364547000000000000 ,344668000000000000 ,197105,198605,18,1,4,工作日,晚高峰(17-19点),2015-04-28,2015年4月28日,多云 /多云,25℃ / 15℃,东北风 ≤3级 /东北风 ≤3级,多云,多云,25,15,东北风,≤3级,东北风,≤3级,day
2015-04-28 21:38:00,枣山路,7、未按规定让行的 ,负全部责任,不负责任,1,贵AHX744,黑,1,贵A3108L,银,自培,路路达驾校（白云区）,2001/4/16 0:00,2015/4/17 0:00,比亚迪牌,长安牌,364547000000000000 ,366575000000000000 ,198006,198910,21,1,4,工作日,非高峰,2015-04-28,2015年4月28日,多云 /多云,25℃ / 15℃,东北风 ≤3级 /东北风 ≤3级,多云,多云,25,15,东北风,≤3级,东北风,≤3级,night
2015-04-29 08:20:00,锦江路,1、追尾的,负全部责任,不负责任,1,贵A09155,白色,1,贵ABA028,白色,自培,鑫鑫驾校,2004/2/27 0:00,2013/8/16 0:00,长安,别克牌,366261000000000000 ,364556000000000000 ,196403,197012,8,2,4,工作日,早高峰(7-9点),2015-04-29,2015年4月29日,阵雨 /阵雨,26℃ / 16℃,东北风 ≤3级 /东南风 ≤3级,阵雨,阵雨,26,16,东北风,≤3级,东南风,≤3级,day
2015-04-28 07:50:00,北京西路,7、未按规定让行的 ,负全部责任,不负责任,1,贵A97P47,红,1,贵AU2995,蓝,自培,自培,2003/6/19 0:00,2004/3/11 0:00,沃尔沃,五羊牌,364547000000000 ,765761000000000000 ,810218,197112,7,1,4,工作日,早高峰(7-9点),2015-04-28,2015年4月28日,多云 /多云,25℃ / 15℃,东北风 ≤3级 /东北风 ≤3级,多云,多云,25,15,东北风,≤3级,东北风,≤3级,day
2015-04-28 09:03:00,大十字,1、追尾的,负全部责任,不负责任,1,贵AU0247,蓝,1,贵C1171,黑,自培,自培,2005/9/22 0:00,2005/1/19 0:00,奇瑞牌,-1,366061000000000000 ,364548000000000000 ,197107,196212,9,1,4,工作日,早高峰(7-9点),2015-04-28,2015年4月28日,多云 /多云,25℃ / 15℃,东北风 ≤3级 /东北风 ≤3级,多云,多云,25,15,东北风,≤3级,东北风,≤3级,day
2015-04-28 10:00:00,开发大道,1、追尾的,负全部责任,不负责任,1,贵AEE231,白色,1,贵AK0129,白色,自培,自培,2004/1/15 0:00,2006/6/19 0:00,福田牌,哈飞牌,74667500000000000 ,364547000000000000 ,198507,197703,10,1,4,工作日,非高峰,2015-04-28,2015年4月28日,多云 /多云,25℃ / 15℃,东北风 ≤3级 /东北风 ≤3级,多云,多云,25,15,东北风,≤3级,东北风,≤3级,day
2015-04-28 15:00:00,草黄路,3、倒车的,负全部责任,不负责任,1,贵A7EA54,黑,1,贵A24134,白,自培,自培,2000/4/12 0:00,2004/4/12 0:00,马自达牌,广本牌,366562000000000000 ,366061000000000000 ,196903,198410,15,1,4,工作日,非高峰,2015-04-28,2015年4月28日,多云 /多云,25℃ / 15℃,东北风 ≤3级 /东北风 ≤3级,多云,多云,25,15,东北风,≤3级,东北风,≤3级,day
2015-04-28 13:30:00,中山路,7、未按规定让行的 ,负全部责任,不负责任,1,贵AU1662,绿,1,贵AU7119,蓝,自培,自培,2002/1/14 0:00,2003/5/20 0:00,大众牌,金旅牌,36606751824164447X,364548000000000000 ,197609,196108,13,1,4,工作日,非高峰,2015-04-28,2015年4月28日,多云 /多云,25℃ / 15℃,东北风 ≤3级 /东北风 ≤3级,多云,多云,25,15,东北风,≤3级,东北风,≤3级,day
2015-04-29 08:30:00,小河,7、未按规定让行的 ,负全部责任,不负责任,1,贵APB234,白色,1,贵APW041,白色,自培,自培,2003/3/2 0:00,2002/10/12 0:00,速腾牌,金旅牌,354367000000000000 ,366067000000000000 ,196303,198401,8,2,4,工作日,早高峰(7-9点),2015-04-29,2015年4月29日,阵雨 /阵雨,26℃ / 16℃,东北风 ≤3级 /东南风 ≤3级,阵雨,阵雨,26,16,东北风,≤3级,东南风,≤3级,day
2015-04-29 10:30:00,西安南路,7、未按规定让行的 ,负全部责任,不负责任,1,冀R7X749,银,1,粤AE0444,银,自培,-1,2006/9/11 0:00,-1,奥路卡牌,嘉冠牌,575463000000000000 ,57460500000000000 ,198805,197504,10,2,4,工作日,非高峰,2015-04-29,2015年4月29日,阵雨 /阵雨,26℃ / 16℃,东北风 ≤3级 /东南风 ≤3级,阵雨,阵雨,26,16,东北风,≤3级,东南风,≤3级,day
2015-04-29 09:08:00,白云区,7、未按规定让行的 ,负全部责任,不负责任,1,贵AE881警,白,1,贵A89753,白,自培,文通驾校,2004/12/6 0:00,-1,-1,三一牌,36455551294355443X,366564000000000000 ,196805,198510,9,2,4,工作日,早高峰(7-9点),2015-04-29,2015年4月29日,阵雨 /阵雨,26℃ / 16℃,东北风 ≤3级 /东南风 ≤3级,阵雨,阵雨,26,16,东北风,≤3级,东南风,≤3级,day
2015-04-29 09:00:00,花溪,9、不符合前8款规定或者双方同时具有上述情形的,负同等责任,负同等责任,1,贵AR0519,白色,1,贵AW9367,白色,自培,预约考试窗口,2011/1/7 0:00,2007/4/12 0:00,吉利牌,林海·雅马哈牌,364567000000000000 ,364547000000000000 ,199012,196309,9,2,4,工作日,早高峰(7-9点),2015-04-29,2015年4月29日,阵雨 /阵雨,26℃ / 16℃,东北风 ≤3级 /东南风 ≤3级,阵雨,阵雨,26,16,东北风,≤3级,东南风,≤3级,day
2015-04-29 09:00:00,油榨街,7、未按规定让行的 ,负全部责任,不负责任,1,贵A39Y63,白色,1,贵A9595S,白色,自培,铁二局驾校,2005/8/5 0:00,2014/10/22 0:00,丰田牌,江铃牌,364548000000000000 ,364558000000000000 ,198608,199010,9,2,4,工作日,早高峰(7-9点),2015-04-29,2015年4月29日,阵雨 /阵雨,26℃ / 16℃,东北风 ≤3级 /东南风 ≤3级,阵雨,阵雨,26,16,东北风,≤3级,东南风,≤3级,day
2015-04-29 13:50:00,瑞金南路,1、追尾的,负全部责任,不负责任,1,贵A39K75,白色,1,贵AAB144,白色,自培,预约考试窗口,2007/5/30 0:00,2006/11/20 0:00,福特牌,大阳牌,364547000000000000 ,366064000000000000 ,198510,198103,13,2,4,工作日,非高峰,2015-04-29,2015年4月29日,阵雨 /阵雨,26℃ / 16℃,东北风 ≤3级 /东南风 ≤3级,阵雨,阵雨,26,16,东北风,≤3级,东南风,≤3级,day
2015-04-29 16:30:00,八公里,7、未按规定让行的 ,负全部责任,不负责任,1,贵A88336,白色,1,贵A68N48,白色,自培,-1,2005/11/23 0:00,-1,徐工牌,捷豹XF,64260500000000000 ,366064000000000000 ,198308,199205,16,2,4,工作日,非高峰,2015-04-29,2015年4月29日,阵雨 /阵雨,26℃ / 16℃,东北风 ≤3级 /东南风 ≤3级,阵雨,阵雨,26,16,东北风,≤3级,东南风,≤3级,day
2015-04-29 13:00:00,月亮岩,8、依法应负全责的其他情形,负全部责任,不负责任,1,贵ARA962,白色,1,贵F39365,白色,自培,-1,2006/2/23 0:00,-1,解放牌,宗申牌,366067000000000000 ,36455700000000000 ,197008,197801,13,2,4,工作日,非高峰,2015-04-29,2015年4月29日,阵雨 /阵雨,26℃ / 16℃,东北风 ≤3级 /东南风 ≤3级,阵雨,阵雨,26,16,东北风,≤3级,东南风,≤3级,day
2015-04-29 17:30:00,鑫中路,7、未按规定让行的 ,负全部责任,不负责任,1,贵A54324,白色,1,贵FV4462,白色,自培,凯信驾校,2006/1/12 0:00,2014/6/27 0:00,富雅达,海马牌,364556000000000000 ,366061000000000000 ,198603,198110,17,2,4,工作日,晚高峰(17-19点),2015-04-29,2015年4月29日,阵雨 /阵雨,26℃ / 16℃,东北风 ≤3级 /东南风 ≤3级,阵雨,阵雨,26,16,东北风,≤3级,东南风,≤3级,day
2015-04-30 06:50:00,金阳,7、未按规定让行的 ,负全部责任,不负责任,0,贵ANV531,白,0,贵A7EA93,白,自培,蓝天驾校,2004/1/20 0:00,2014/3/20 0:00,奥迪牌,雪佛兰牌,364547000000000000 ,366569000000000000 ,196301,198211,6,3,4,工作日,非高峰,2015-04-30,2015年4月30日,阵雨 /阵雨,25℃ / 17℃,东南风 ≤3级 /东南风 ≤3级,阵雨,阵雨,25,17,东南风,≤3级,东南风,≤3级,day
2015-04-30 13:30:00,甘荫塘,8、依法应负全责的其他情形,负全部责任,不负责任,1,贵A98414,白色,1,贵A22551,白色,自培,-1,2004/9/21 0:00,-1,朗逸牌,欧曼牌,36634551974263338X,36666900000000000 ,198306,197806,13,3,4,工作日,非高峰,2015-04-30,2015年4月30日,阵雨 /阵雨,25℃ / 17℃,东南风 ≤3级 /东南风 ≤3级,阵雨,阵雨,25,17,东南风,≤3级,东南风,≤3级,day
2015-04-30 14:30:00,瑞金南路,1、追尾的,负全部责任,不负责任,1,贵AU9524,白色,1,贵A12R36,白色,自培,诚信驾驶培训学校,2008/7/1 0:00,2013/7/31 0:00,瑞麒牌,雅阁牌,74667500000000000 ,355566000000000000 ,198606,197209,14,3,4,工作日,非高峰,2015-04-30,2015年4月30日,阵雨 /阵雨,25℃ / 17℃,东南风 ≤3级 /东南风 ≤3级,阵雨,阵雨,25,17,东南风,≤3级,东南风,≤3级,day
2015-04-30 15:20:00,西二环,1、追尾的,负全部责任,不负责任,1,贵AD2264,白色,1,贵A9D310,白色,自培,黔丰驾校,2011/3/24 0:00,2014/2/21 0:00,豪爵牌,吉利,364551000000000000 ,364557000000000000 ,199010,199503,15,3,4,工作日,非高峰,2015-04-30,2015年4月30日,阵雨 /阵雨,25℃ / 17℃,东南风 ≤3级 /东南风 ≤3级,阵雨,阵雨,25,17,东南风,≤3级,东南风,≤3级,day
2015-04-30 17:00:00,二戈寨,7、未按规定让行的 ,负全部责任,不负责任,1,贵A305B1,白色,1,贵A41H68,白色,自培,贵州省长安驾驶培训学校,2011/4/7 0:00,2011/12/21 0:00,江淮牌,东风日产牌,366875000000000000 ,355741000000000000 ,197804,198510,17,3,4,工作日,晚高峰(17-19点),2015-04-30,2015年4月30日,阵雨 /阵雨,25℃ / 17℃,东南风 ≤3级 /东南风 ≤3级,阵雨,阵雨,25,17,东南风,≤3级,东南风,≤3级,day
2015-04-30 16:30:00,二手车市场,3、倒车的,负全部责任,不负责任,1,贵AGR677,白色,1,贵AC324E,白色,自培,陕西省大学生培训中心,2004/9/19 0:00,2008/12/12 0:00,五菱牌,飞度,366068000000000000 ,366363000000000000 ,197304,198507,16,3,4,工作日,非高峰,2015-04-30,2015年4月30日,阵雨 /阵雨,25℃ / 17℃,东南风 ≤3级 /东南风 ≤3级,阵雨,阵雨,25,17,东南风,≤3级,东南风,≤3级,day
2015-04-29 09:00:00,花果园,7、未按规定让行的 ,负全部责任,不负责任,1,贵A226F3,白色,1,贵GM9153,白色,自培,自培,2000/3/10 0:00,2005/4/10 0:00,解放牌,大众汽车牌,354268000000000000 ,364551000000000000 ,197811,198609,9,2,4,工作日,早高峰(7-9点),2015-04-29,2015年4月29日,阵雨 /阵雨,26℃ / 16℃,东北风 ≤3级 /东南风 ≤3级,阵雨,阵雨,26,16,东北风,≤3级,东南风,≤3级,day
2015-04-29 09:20:00,解放路,1、追尾的,负全部责任,不负责任,1,贵AU9247,白色,1,贵A5894警,白色,自培,自培,2008/7/1 0:00,2005/10/28 0:00,瑞麒牌,-1,366068000000000000 ,364547000000000000 ,196504,197212,9,2,4,工作日,早高峰(7-9点),2015-04-29,2015年4月29日,阵雨 /阵雨,26℃ / 16℃,东北风 ≤3级 /东南风 ≤3级,阵雨,阵雨,26,16,东北风,≤3级,东南风,≤3级,day
2015-04-29 10:30:00,花溪,7、未按规定让行的 ,负全部责任,不负责任,1,贵A6ZU94,白色,1,贵A87126,白色,自培,自培,2007/8/7 0:00,2008/3/17 0:00,-1,五菱,366876000000000000 ,36455551924842745X,196802,198607,10,2,4,工作日,非高峰,2015-04-29,2015年4月29日,阵雨 /阵雨,26℃ / 16℃,东北风 ≤3级 /东南风 ≤3级,阵雨,阵雨,26,16,东北风,≤3级,东南风,≤3级,day
2015-04-29 14:00:00,贵惠大道,1、追尾的,负全部责任,不负责任,1,贵A31X22,白色,1,贵AHC857,黑色,自培,自培,2004/4/27 0:00,2001/2/2 0:00,瑞麒牌,东南牌,36636151825643447X,364557000000000000 ,197612,197110,14,2,4,工作日,非高峰,2015-04-29,2015年4月29日,阵雨 /阵雨,26℃ / 16℃,东北风 ≤3级 /东南风 ≤3级,阵雨,阵雨,26,16,东北风,≤3级,东南风,≤3级,day
2015-04-29 13:50:00,云岩区,7、未按规定让行的 ,负全部责任,不负责任,1,贵GV5865,黑,1,贵C5516F,白,自培,自培,2008/5/22 0:00,2003/5/20 0:00,大众牌,-1,366067000000000000 ,366347000000000000 ,198202,198009,13,2,4,工作日,非高峰,2015-04-29,2015年4月29日,阵雨 /阵雨,26℃ / 16℃,东北风 ≤3级 /东南风 ≤3级,阵雨,阵雨,26,16,东北风,≤3级,东南风,≤3级,day
2015-04-30 17:00:00,小河转盘,8、依法应负全责的其他情形,负全部责任,不负责任,1,贵A956C6,白色,1,贵AHY988,白色,自培,预约考试窗口,2006/7/4 0:00,2006/10/30 0:00,东风牌,东风日产牌,366067000000000000 ,354067000000000000 ,198402,198608,17,3,4,工作日,晚高峰(17-19点),2015-04-30,2015年4月30日,阵雨 /阵雨,25℃ / 17℃,东南风 ≤3级 /东南风 ≤3级,阵雨,阵雨,25,17,东南风,≤3级,东南风,≤3级,day
2015-04-30 17:30:00,桐木岭,1、追尾的,负全部责任,不负责任,1,贵A3075R,白色,1,贵A5AS89,白色,自培,新天驾校,2004/9/2 0:00,2010/12/10 0:00,别克牌,雪佛兰牌,364556000000000000 ,366862000000000000 ,197707,197810,17,3,4,工作日,晚高峰(17-19点),2015-04-30,2015年4月30日,阵雨 /阵雨,25℃ / 17℃,东南风 ≤3级 /东南风 ≤3级,阵雨,阵雨,25,17,东南风,≤3级,东南风,≤3级,day
2015-04-30 17:58:00,市政府,8、依法应负全责的其他情形,负全部责任,不负责任,1,贵AM2196,白,0,贵JDZ945,红,自培,-1,2002/9/28 0:00,-1,中华牌,别克牌,364547000000000000 ,366069000000000 ,196308,860612,17,3,4,工作日,晚高峰(17-19点),2015-04-30,2015年4月30日,阵雨 /阵雨,25℃ / 17℃,东南风 ≤3级 /东南风 ≤3级,阵雨,阵雨,25,17,东南风,≤3级,东南风,≤3级,day
2015-04-30 19:30:00,北京西路,1、追尾的,负全部责任,不负责任,1,贵ARN949,白,1,贵A71W99,黑,自培,预约考试窗口,2002/6/17 0:00,2006/8/31 0:00,玛莎拉蒂,东南牌,366347000000000000 ,36454751985667045X,197202,198712,19,3,4,工作日,晚高峰(17-19点),2015-04-30,2015年4月30日,阵雨 /阵雨,25℃ / 17℃,东南风 ≤3级 /东南风 ≤3级,阵雨,阵雨,25,17,东南风,≤3级,东南风,≤3级,day
2015-05-01 00:00:00,花溪,1、追尾的,负全部责任,不负责任,1,贵AU6472,白色,1,贵CBY061,白色,自培,泥桥驾校,2000/12/22 0:00,-1,陆胜牌,-1,364548000000000000 ,366546000000000000 ,196807,198006,0,4,5,工作日,非高峰,2015-05-01,2015年5月1日,阵雨 /多云,25℃ / 14℃,东南风 ≤3级 /东北风 ≤3级,阵雨,多云,25,14,东南风,≤3级,东北风,≤3级,night
2015-05-01 10:05:00,金阳,7、未按规定让行的 ,负全部责任,不负责任,0,贵AK4919,白,1,贵F63941,白,自培,鑫鑫驾校,2004/4/21 0:00,2010/6/17 0:00,宗申牌,-1,36455651214347766X,366067000000000000 ,196905,198210,10,4,5,工作日,非高峰,2015-05-01,2015年5月1日,阵雨 /多云,25℃ / 14℃,东南风 ≤3级 /东北风 ≤3级,阵雨,多云,25,14,东南风,≤3级,东北风,≤3级,day
2015-05-01 10:00:00,汤巴关加油站,7、未按规定让行的 ,负全部责任,不负责任,1,贵A30062,白色,1,贵A6908J,白色,自培,-1,2004/6/28 0:00,-1,艾力绅牌,马自达牌,366345000000 ,366568000000000000 ,110115,198603,10,4,5,工作日,非高峰,2015-05-01,2015年5月1日,阵雨 /多云,25℃ / 14℃,东南风 ≤3级 /东北风 ≤3级,阵雨,多云,25,14,东南风,≤3级,东北风,≤3级,day
2015-05-01 11:30:00,轮胎厂,7、未按规定让行的 ,负全部责任,不负责任,1,贵APG529,黑,1,贵A98E89,白,自培,预约考试窗口,2007/8/17 0:00,2007/1/18 0:00,海马牌,起亚牌,366064000000000000 ,364557000000000000 ,197703,197305,11,4,5,工作日,非高峰,2015-05-01,2015年5月1日,阵雨 /多云,25℃ / 14℃,东南风 ≤3级 /东北风 ≤3级,阵雨,多云,25,14,东南风,≤3级,东北风,≤3级,day
2015-05-01 10:15:00,解放路加油站,7、未按规定让行的 ,负全部责任,不负责任,1,贵AHY723,白色,1,贵BM3211,白色,自培,-1,2004/6/16 0:00,-1,揽胜极光,-1,364547000000000000 ,726647000000000000 ,197102,196609,10,4,5,工作日,非高峰,2015-05-01,2015年5月1日,阵雨 /多云,25℃ / 14℃,东南风 ≤3级 /东北风 ≤3级,阵雨,多云,25,14,东南风,≤3级,东北风,≤3级,day
2015-05-01 11:57:00,大关,1、追尾的,负全部责任,不负责任,1,贵AW7088,黑,1,贵ARM976,白,自培,预约考试窗口,2002/8/19 0:00,2006/9/29 0:00,五菱牌,江淮牌,366068000000000000 ,76360500000000000 ,197804,198308,11,4,5,工作日,非高峰,2015-05-01,2015年5月1日,阵雨 /多云,25℃ / 14℃,东南风 ≤3级 /东北风 ≤3级,阵雨,多云,25,14,东南风,≤3级,东北风,≤3级,day
2015-05-01 14:00:00,玉溪路,7、未按规定让行的 ,负全部责任,不负责任,1,贵HCD388,白色,1,临贵A7S811,白色,自培,-1,2002/6/6 0:00,-1,-1,-1,366278000000000000 ,366664000000000000 ,197104,199103,14,4,5,工作日,非高峰,2015-05-01,2015年5月1日,阵雨 /多云,25℃ / 14℃,东南风 ≤3级 /东北风 ≤3级,阵雨,多云,25,14,东南风,≤3级,东北风,≤3级,day
2015-05-01 12:30:00,五里冲,7、未按规定让行的 ,负全部责任,不负责任,0,贵AU4095,蓝,1,贵FL5415,黑,自培,-1,2003/10/23 0:00,-1,风火轮牌,-1,364547000000000000 ,366068000000000000 ,197210,198803,12,4,5,工作日,非高峰,2015-05-01,2015年5月1日,阵雨 /多云,25℃ / 14℃,东南风 ≤3级 /东北风 ≤3级,阵雨,多云,25,14,东南风,≤3级,东北风,≤3级,day
2015-05-01 12:00:00,宝山路,1、追尾的,负全部责任,不负责任,1,贵A44C89,白色,1,贵A97M92,黑色,自培,消防驾校,2008/8/28 0:00,2014/6/25 0:00,福特牌,丰田牌,366546000000000000 ,364547000000000000 ,198705,198707,12,4,5,工作日,非高峰,2015-05-01,2015年5月1日,阵雨 /多云,25℃ / 14℃,东南风 ≤3级 /东北风 ≤3级,阵雨,多云,25,14,东南风,≤3级,东北风,≤3级,day
2015-05-01 13:00:00,云峰大道,1、追尾的,负全部责任,不负责任,0,贵AAW479,白,1,贵A7843A,黑,自培,-1,2004/2/16 0:00,-1,东方牌,吉利牌,355468000000000000 ,36455751395668697X,196302,195812,13,4,5,工作日,非高峰,2015-05-01,2015年5月1日,阵雨 /多云,25℃ / 14℃,东南风 ≤3级 /东北风 ≤3级,阵雨,多云,25,14,东南风,≤3级,东北风,≤3级,day
2015-05-01 11:50:00,白云区,9、不符合前8款规定或者双方同时具有上述情形的,负全部责任,不负责任,1,贵E63676,黄,1,贵A59J58,黑,自培,-1,2009/2/27 0:00,-1,-1,凯迪拉克牌,366766000000000000 ,364547000000000 ,197911,601125,11,4,5,工作日,非高峰,2015-05-01,2015年5月1日,阵雨 /多云,25℃ / 14℃,东南风 ≤3级 /东北风 ≤3级,阵雨,多云,25,14,东南风,≤3级,东北风,≤3级,day
2015-05-01 14:30:00,松柏山水库,7、未按规定让行的 ,负全部责任,不负责任,1,贵A48N82,白色,1,贵JXP421,白色,自培,黔丰驾校,2004/8/10 0:00,2014/7/20 0:00,东风雪铁龙牌,-1,364551000000000000 ,364556000000000000 ,197606,198608,14,4,5,工作日,非高峰,2015-05-01,2015年5月1日,阵雨 /多云,25℃ / 14℃,东南风 ≤3级 /东北风 ≤3级,阵雨,多云,25,14,东南风,≤3级,东北风,≤3级,day
2015-05-01 14:30:00,金阳,7、未按规定让行的 ,负全部责任,不负责任,1,渝A257Q7,白,1,贵J06666,白,自培,-1,2012/2/16 0:00,-1,-1,-1,574162000000000000 ,366862000000000000 ,199301,199108,14,4,5,工作日,非高峰,2015-05-01,2015年5月1日,阵雨 /多云,25℃ / 14℃,东南风 ≤3级 /东北风 ≤3级,阵雨,多云,25,14,东南风,≤3级,东北风,≤3级,day
2015-05-01 15:30:00,甲秀南路,7、未按规定让行的 ,负全部责任,不负责任,1,贵A98293,白色,1,贵EM2113,白色,自培,-1,2004/4/22 0:00,-1,陕汽牌,-1,364556000000000000 ,366766000000000000 ,196507,198905,15,4,5,工作日,非高峰,2015-05-01,2015年5月1日,阵雨 /多云,25℃ / 14℃,东南风 ≤3级 /东北风 ≤3级,阵雨,多云,25,14,东南风,≤3级,东北风,≤3级,day
2015-04-30 18:00:00,省二医,8、依法应负全责的其他情形,负全部责任,不负责任,1,贵AC403F,黄,1,贵AV7299,白,自培,自培,2003/11/6 0:00,2002/6/7 0:00,夏利,银翔牌,364557000000000000 ,364548000000000000 ,197009,196902,18,3,4,工作日,晚高峰(17-19点),2015-04-30,2015年4月30日,阵雨 /阵雨,25℃ / 17℃,东南风 ≤3级 /东南风 ≤3级,阵雨,阵雨,25,17,东南风,≤3级,东南风,≤3级,day
2015-05-01 09:00:00,贵黄公路,1、追尾的,负全部责任,不负责任,1,贵A5K276,白色,1,贵AHY854,白色,自培,自培,2014/3/27 0:00,2001/3/26 0:00,-1,广汽菲亚特牌,78496951974162476X,366364000000000000 ,198309,197610,9,4,5,工作日,早高峰(7-9点),2015-05-01,2015年5月1日,阵雨 /多云,25℃ / 14℃,东南风 ≤3级 /东北风 ≤3级,阵雨,多云,25,14,东南风,≤3级,东北风,≤3级,day
2015-05-01 10:40:00,小河香江路,3、倒车的,负全部责任,不负责任,1,贵AR2313,白色,1,贵A69Y71,白色,自培,自培,2006/4/28 0:00,2000/12/14 0:00,海陵牌,蒙迪欧牌,364547000000000000 ,364547000000000000 ,196204,198206,10,4,5,工作日,非高峰,2015-05-01,2015年5月1日,阵雨 /多云,25℃ / 14℃,东南风 ≤3级 /东北风 ≤3级,阵雨,多云,25,14,东南风,≤3级,东北风,≤3级,day
2015-05-01 09:50:00,小河平桥,7、未按规定让行的 ,负全部责任,不负责任,1,贵ACR183,白色,1,贵GD5291,白色,自培,自培,2003/9/16 0:00,2004/4/27 0:00,福特,-1,36454751974840605X,355467000000000000 ,198307,197402,9,4,5,工作日,早高峰(7-9点),2015-05-01,2015年5月1日,阵雨 /多云,25℃ / 14℃,东南风 ≤3级 /东北风 ≤3级,阵雨,多云,25,14,东南风,≤3级,东北风,≤3级,day
2015-05-01 14:00:00,北二环,1、追尾的,负全部责任,不负责任,1,贵ADY184,蓝,1,贵A23N48,白,自培,自培,2009/10/13 0:00,2006/12/25 0:00,长城牌,-1,366769000000000 ,366875000000000000 ,651207,197903,14,4,5,工作日,非高峰,2015-05-01,2015年5月1日,阵雨 /多云,25℃ / 14℃,东南风 ≤3级 /东北风 ≤3级,阵雨,多云,25,14,东南风,≤3级,东北风,≤3级,day
2015-05-01 13:00:00,小河西工厂,7、未按规定让行的 ,负全部责任,不负责任,1,贵AES567,白色,1,贵AB416B,白色,自培,自培,2000/4/17 0:00,2004/11/16 0:00,福克斯牌,长安牌,364558000000000000 ,366368000000000000 ,197808,197211,13,4,5,工作日,非高峰,2015-05-01,2015年5月1日,阵雨 /多云,25℃ / 14℃,东南风 ≤3级 /东北风 ≤3级,阵雨,多云,25,14,东南风,≤3级,东北风,≤3级,day
2015-05-01 12:29:00,贵黄高速,1、追尾的,负全部责任,不负责任,1,贵A436F5,白,1,贵AKL029,黑,自培,自培,2013/7/5 0:00,2003/6/16 0:00,解放牌,大众汽车牌,364596000000000000 ,36636651874353445X,198808,197305,12,4,5,工作日,非高峰,2015-05-01,2015年5月1日,阵雨 /多云,25℃ / 14℃,东南风 ≤3级 /东北风 ≤3级,阵雨,多云,25,14,东南风,≤3级,东北风,≤3级,day
2015-05-01 15:20:00,甲秀南路,1、追尾的,负全部责任,不负责任,1,贵ASE712,白色,1,贵CAG723,白色,自培,-1,2000/8/21 0:00,-1,东风雪铁龙牌,-1,364547000000000000 ,366600000000000000 ,197204,199210,15,4,5,工作日,非高峰,2015-05-01,2015年5月1日,阵雨 /多云,25℃ / 14℃,东南风 ≤3级 /东北风 ≤3级,阵雨,多云,25,14,东南风,≤3级,东北风,≤3级,day
2015-05-01 14:30:00,百花湖,3、倒车的,负全部责任,不负责任,1,贵AG4461,白,1,贵GH1672,白,自培,-1,2004/8/1 0:00,-1,宝雕牌,-1,36666951234061527X,36684600000000000 ,196504,199001,14,4,5,工作日,非高峰,2015-05-01,2015年5月1日,阵雨 /多云,25℃ / 14℃,东南风 ≤3级 /东北风 ≤3级,阵雨,多云,25,14,东南风,≤3级,东北风,≤3级,day
2015-05-01 15:00:00,浣纱桥,1、追尾的,负全部责任,不负责任,1,贵AV5495,白色,1,贵AB1807,白色,自培,-1,2001/12/3 0:00,-1,宗申牌,长城牌,366664000000000000 ,3645570000000000 ,197409,500810,15,4,5,工作日,非高峰,2015-05-01,2015年5月1日,阵雨 /多云,25℃ / 14℃,东南风 ≤3级 /东北风 ≤3级,阵雨,多云,25,14,东南风,≤3级,东北风,≤3级,day
2015-05-01 21:03:00,田园北路,9、不符合前8款规定或者双方同时具有上述情形的,负同等责任,负同等责任,1,贵AU9955,白色,1,贵GGA497,白色,自培,未定义,2010/10/12 0:00,2014/3/31 0:00,瑞麒牌,-1,34768500000000000 ,364556000000000000 ,198401,198508,21,4,5,工作日,非高峰,2015-05-01,2015年5月1日,阵雨 /多云,25℃ / 14℃,东南风 ≤3级 /东北风 ≤3级,阵雨,多云,25,14,东南风,≤3级,东北风,≤3级,night
2015-05-02 04:30:00,二桥,1、追尾的,负全部责任,不负责任,0,鄂K6E335,黄,1,贵AU3949,蓝,自培,阳光驾校,2012/5/3 0:00,2002/9/10 0:00,-1,捷达牌,64167500000000000 ,366876000000000000 ,198704,196610,4,5,5,工作日,非高峰,2015-05-02,2015年5月2日,多云 /阵雨,26℃ / 16℃,东北风 ≤3级 /东风 ≤3级,多云,阵雨,26,16,东北风,≤3级,东风,≤3级,night