accidenttime,accidentaddr,driver1fault,driver1responsibility,driver2responsibility,sex1,platenumber1,carcolor1,sex2,platenumber2,carcolor2,jxmc1,jxmc2,cclzrq1,cclzrq2,clpp1,clpp2,driver1license,driver2license,brith1,brith2,hour,weekday,month,is_weekday,peak_hour,date,日期,天气状况,气温,风力风向,day_wea,night_wea,day_tep,night_tep,day_wind_direction,day_wind_speed,night_wind_direction,night_wind_speed,segment
2015-05-02 02:10:00,金阳,3、倒车的,负全部责任,不负责任,1,贵AU7818,蓝,1,贵A32193,白,自培,吉源驾校（南明区）,2007/8/21 0:00,2013/6/21 0:00,隆鑫牌,福田牌,366568000000000000 ,366068000000000000 ,197501,199111,2,5,5,工作日,非高峰,2015-05-02,2015年5月2日,多云 /阵雨,26℃ / 16℃,东北风 ≤3级 /东风 ≤3级,多云,阵雨,26,16,东北风,≤3级,东风,≤3级,night
2015-05-02 08:30:00,北京西路,1、追尾的,负全部责任,不负责任,1,贵A96182,黄,1,浙B1W568,黑,自培,-1,2006/7/12 0:00,-1,福田,-1,366670000000000000 ,774669000000000000 ,198409,196306,8,5,5,工作日,早高峰(7-9点),2015-05-02,2015年5月2日,多云 /阵雨,26℃ / 16℃,东北风 ≤3级 /东风 ≤3级,多云,阵雨,26,16,东北风,≤3级,东风,≤3级,day
2015-05-02 00:00:00,农科院,7、未按规定让行的 ,负全部责任,不负责任,1,贵A1697X,白色,1,贵A9469L,白色,自培,520119,2000/10/8 0:00,2009/12/25 0:00,五菱牌,五菱牌,366361000000000000 ,366661000000000000 ,197512,197211,0,5,5,工作日,非高峰,2015-05-02,2015年5月2日,多云 /阵雨,26℃ / 16℃,东北风 ≤3级 /东风 ≤3级,多云,阵雨,26,16,东北风,≤3级,东风,≤3级,night
2015-05-02 15:30:00,花溪大道,8、依法应负全责的其他情形,负全部责任,不负责任,1,贵A78M51,白色,1,贵A7AP65,白色,自培,-1,2010/7/23 0:00,-1,中华牌,广汽菲亚特牌,366068000000000000 ,37455600000000000 ,198307,197110,15,5,5,工作日,非高峰,2015-05-02,2015年5月2日,多云 /阵雨,26℃ / 16℃,东北风 ≤3级 /东风 ≤3级,多云,阵雨,26,16,东北风,≤3级,东风,≤3级,day
2015-05-02 14:30:00,沙冲路口,7、未按规定让行的 ,负全部责任,不负责任,1,贵AV6998,白色,1,贵A6650F,白色,自培,文通驾校,2004/6/14 0:00,2012/11/7 0:00,万虎牌,雪佛兰牌,36626651934240735X,366070000000000000 ,198506,198412,14,5,5,工作日,非高峰,2015-05-02,2015年5月2日,多云 /阵雨,26℃ / 16℃,东北风 ≤3级 /东风 ≤3级,多云,阵雨,26,16,东北风,≤3级,东风,≤3级,day
2015-05-02 22:12:00,文昌北路,1、追尾的,负全部责任,不负责任,1,贵AGY054,黑,1,贵AU2928,黄,自培,青正驾校,2005/2/7 0:00,2012/1/20 0:00,比亚迪牌,瑞麒牌,354698000000000000 ,366363000000000000 ,197806,199009,22,5,5,工作日,非高峰,2015-05-02,2015年5月2日,多云 /阵雨,26℃ / 16℃,东北风 ≤3级 /东风 ≤3级,多云,阵雨,26,16,东北风,≤3级,东风,≤3级,night
2015-05-02 19:30:00,皂角井,1、追尾的,负全部责任,不负责任,1,贵AU3458,白色,1,贵AEX336,白色,自培,贵州晨运驾驶培训学校,2007/6/26 0:00,2008/9/25 0:00,钱江牌,-1,364548000000000000 ,366346000000000000 ,197807,198205,19,5,5,工作日,晚高峰(17-19点),2015-05-02,2015年5月2日,多云 /阵雨,26℃ / 16℃,东北风 ≤3级 /东风 ≤3级,多云,阵雨,26,16,东北风,≤3级,东风,≤3级,day
2015-05-02 17:00:00,麦架村,2、逆行的,负全部责任,不负责任,1,贵EY1053,黑,1,贵B62CB2,黄,自培,-1,2009/7/7 0:00,-1,-1,-1,366568000000000000 ,364646000000000000 ,197609,197511,17,5,5,工作日,晚高峰(17-19点),2015-05-02,2015年5月2日,多云 /阵雨,26℃ / 16℃,东北风 ≤3级 /东风 ≤3级,多云,阵雨,26,16,东北风,≤3级,东风,≤3级,day
2015-05-02 20:00:00,皂角井,1、追尾的,负全部责任,不负责任,1,贵AU3458,白色,1,贵AEX336,白色,自培,贵州晨运驾驶培训学校,2007/6/26 0:00,2008/9/25 0:00,奇瑞牌,-1,364548000000000000 ,366346000000000000 ,197807,198205,20,5,5,工作日,非高峰,2015-05-02,2015年5月2日,多云 /阵雨,26℃ / 16℃,东北风 ≤3级 /东风 ≤3级,多云,阵雨,26,16,东北风,≤3级,东风,≤3级,night
2015-05-03 00:00:00,小河,1、追尾的,负全部责任,不负责任,1,贵A6791J,白色,1,贵AV0363,白色,自培,-1,2012/11/7 0:00,-1,东风牌,宝岛牌,366067000000000000 ,36454700000000000 ,198905,196005,0,6,5,周末,非高峰,2015-05-03,2015年5月3日,阵雨 /阵雨,25℃ / 15℃,东北风 ≤3级 /东北风 ≤3级,阵雨,阵雨,25,15,东北风,≤3级,东北风,≤3级,night
2015-05-03 09:00:00,中华中路,7、未按规定让行的 ,负全部责任,不负责任,1,贵A2BF86,蓝,1,贵A26L63,白,自培,十一驾驶培训有限公司,2003/10/29 0:00,2010/11/29 0:00,别克牌,起亚牌,366246000000000000 ,366670000000000000 ,196905,198311,9,6,5,周末,早高峰(7-9点),2015-05-03,2015年5月3日,阵雨 /阵雨,25℃ / 15℃,东北风 ≤3级 /东北风 ≤3级,阵雨,阵雨,25,15,东北风,≤3级,东北风,≤3级,day
2015-05-03 08:00:00,威清路,1、追尾的,负全部责任,不负责任,1,粤BYL6X9,白,1,渝B733B3,蓝,自培,-1,2005/8/9 0:00,-1,-1,-1,364547000000000000 ,344605000000000000 ,197505,198906,8,6,5,周末,早高峰(7-9点),2015-05-03,2015年5月3日,阵雨 /阵雨,25℃ / 15℃,东北风 ≤3级 /东北风 ≤3级,阵雨,阵雨,25,15,东北风,≤3级,东北风,≤3级,day
2015-05-01 16:30:00,观山西路,8、依法应负全责的其他情形,负全部责任,不负责任,1,故意AAH854,蓝,1,贵A82Y92,黑,自培,自培,2004/8/31 0:00,2006/8/25 0:00,-1,东风标致牌,364557000000000000 ,364557000000000000 ,197511,196002,16,4,5,工作日,非高峰,2015-05-01,2015年5月1日,阵雨 /多云,25℃ / 14℃,东南风 ≤3级 /东北风 ≤3级,阵雨,多云,25,14,东南风,≤3级,东北风,≤3级,day
2015-05-01 15:34:00,白云区,1、追尾的,负全部责任,不负责任,1,贵A747B5,黑,0,贵AA347M,白,自培,自培,2014/11/20 0:00,2006/11/20 0:00,长安牌,豪情牌,366563000000000000 ,366067000000000000 ,197108,197110,15,4,5,工作日,非高峰,2015-05-01,2015年5月1日,阵雨 /多云,25℃ / 14℃,东南风 ≤3级 /东北风 ≤3级,阵雨,多云,25,14,东南风,≤3级,东北风,≤3级,day
2015-05-01 14:30:00,中山东路,7、未按规定让行的 ,负全部责任,不负责任,1,苏G98C01,白色,1,贵AU7248,白色,自培,自培,2007/8/25 0:00,2000/7/14 0:00,-1,宝来牌,764866000000000000 ,364548000000000000 ,198704,197812,14,4,5,工作日,非高峰,2015-05-01,2015年5月1日,阵雨 /多云,25℃ / 14℃,东南风 ≤3级 /东北风 ≤3级,阵雨,多云,25,14,东南风,≤3级,东北风,≤3级,day
2015-05-01 15:30:00,金阳,9、不符合前8款规定或者双方同时具有上述情形的,负全部责任,不负责任,1,贵GT9978,黑,1,贵A5VL877,白,自培,自培,2010/9/22 0:00,2006/1/25 0:00,-1,-1,74346500000000000 ,354166000000000000 ,199103,197008,15,4,5,工作日,非高峰,2015-05-01,2015年5月1日,阵雨 /多云,25℃ / 14℃,东南风 ≤3级 /东北风 ≤3级,阵雨,多云,25,14,东南风,≤3级,东北风,≤3级,day
2015-05-03 05:20:00,野鸭塘,7、未按规定让行的 ,负全部责任,不负责任,1,贵E17846,黑,1,贵AU5849,黄,自培,-1,2013/8/16 0:00,-1,-1,捷达牌,76265500000000000 ,366562000000000000 ,197510,196406,5,6,5,周末,非高峰,2015-05-03,2015年5月3日,阵雨 /阵雨,25℃ / 15℃,东北风 ≤3级 /东北风 ≤3级,阵雨,阵雨,25,15,东北风,≤3级,东北风,≤3级,night
2015-05-03 10:48:00,南5路,8、依法应负全责的其他情形,负全部责任,不负责任,1,贵AD0099,白色,1,鲁R9M123,白色,自培,-1,2001/4/27 0:00,-1,欧蓝德,-1,364547000000000000 ,786164000000000000 ,196105,196404,10,6,5,周末,非高峰,2015-05-03,2015年5月3日,阵雨 /阵雨,25℃ / 15℃,东北风 ≤3级 /东北风 ≤3级,阵雨,阵雨,25,15,东北风,≤3级,东北风,≤3级,day
2015-05-03 11:00:00,花溪大道南段,1、追尾的,负全部责任,不负责任,1,贵A9382E,白色,1,贵DBZ539,白色,自培,吉源驾校,2006/12/7 0:00,2012/9/6 0:00,传祺牌,-1,364556000000000000 ,366670000000000000 ,197602,199201,11,6,5,周末,非高峰,2015-05-03,2015年5月3日,阵雨 /阵雨,25℃ / 15℃,东北风 ≤3级 /东北风 ≤3级,阵雨,阵雨,25,15,东北风,≤3级,东北风,≤3级,day
2015-05-03 17:00:00,多彩贵州城,7、未按规定让行的 ,负全部责任,不负责任,1,贵J31374,白色,1,贵JAB688,白色,自培,未定义,2005/2/25 0:00,2014/5/15 0:00,-1,东风雪铁龙牌,366361000000000000 ,364556000000000000 ,197607,197004,17,6,5,周末,晚高峰(17-19点),2015-05-03,2015年5月3日,阵雨 /阵雨,25℃ / 15℃,东北风 ≤3级 /东北风 ≤3级,阵雨,阵雨,25,15,东北风,≤3级,东北风,≤3级,day
2015-05-03 18:07:00,观山西路,1、追尾的,负全部责任,不负责任,1,贵A99V61,红,1,贵A6930P,蓝,自培,路路达驾校,2006/10/25 0:00,2014/11/4 0:00,宝来牌,五菱牌,366763000000000000 ,364066000000000000 ,197503,199504,18,6,5,周末,晚高峰(17-19点),2015-05-03,2015年5月3日,阵雨 /阵雨,25℃ / 15℃,东北风 ≤3级 /东北风 ≤3级,阵雨,阵雨,25,15,东北风,≤3级,东北风,≤3级,day
2015-05-03 17:20:00,中天花园,8、依法应负全责的其他情形,负全部责任,不负责任,1,贵AHS101,黑,1,贵JR9167,白,自培,黔南州兴鑫驾驶员培训学校,2004/1/19 0:00,-1,宝马牌,-1,366246000000000000 ,366861000000000000 ,198008,197808,17,6,5,周末,晚高峰(17-19点),2015-05-03,2015年5月3日,阵雨 /阵雨,25℃ / 15℃,东北风 ≤3级 /东北风 ≤3级,阵雨,阵雨,25,15,东北风,≤3级,东北风,≤3级,day
2015-05-03 18:30:00,世纪城,8、依法应负全责的其他情形,负全部责任,不负责任,1,贵A6699T,黑,0,贵A4AS37,黄,自培,-1,2012/4/19 0:00,-1,江铃全顺牌,波罗牌,74365500000000000 ,366546000000000000 ,198701,197905,18,6,5,周末,晚高峰(17-19点),2015-05-03,2015年5月3日,阵雨 /阵雨,25℃ / 15℃,东北风 ≤3级 /东北风 ≤3级,阵雨,阵雨,25,15,东北风,≤3级,东北风,≤3级,day
2015-05-03 20:10:00,大山洞,7、未按规定让行的 ,负全部责任,不负责任,1,贵A5BM64,白,1,贵A92971,黄,自培,-1,2004/3/19 0:00,-1,雅尊,五征牌,364547000000000 ,366064000000000000 ,691229,191506,20,6,5,周末,非高峰,2015-05-03,2015年5月3日,阵雨 /阵雨,25℃ / 15℃,东北风 ≤3级 /东北风 ≤3级,阵雨,阵雨,25,15,东北风,≤3级,东北风,≤3级,night
2015-05-03 22:00:00,小河,7、未按规定让行的 ,负全部责任,不负责任,1,粤B6T268,白色,1,贵GP0439,白色,自培,自培,2001/6/15 0:00,2013/4/18 0:00,-1,-1,366346000000000000 ,366061000000000000 ,195406,199111,22,6,5,周末,非高峰,2015-05-03,2015年5月3日,阵雨 /阵雨,25℃ / 15℃,东北风 ≤3级 /东北风 ≤3级,阵雨,阵雨,25,15,东北风,≤3级,东北风,≤3级,night
2015-05-04 08:30:00,贵黄路口,1、追尾的,负全部责任,不负责任,1,贵GGO726,蓝,1,贵GY5031,黑,自培,-1,2007/9/6 0:00,-1,-1,-1,36606351804069603X,574370000000000000 ,197404,199005,8,0,5,工作日,早高峰(7-9点),2015-05-04,2015年5月4日,阵雨 /阵雨,20℃ / 14℃,东北风 ≤3级 /东北风 ≤3级,阵雨,阵雨,20,14,东北风,≤3级,东北风,≤3级,day
2015-05-04 08:46:00,花果园,3、倒车的,负全部责任,不负责任,1,贵AFE679,白色,1,贵AH0358,白色,自培,路顺驾校,2004/1/12 0:00,2013/8/22 0:00,大众汽车牌,解放牌,366347000000000000 ,364567000000000000 ,197406,198610,8,0,5,工作日,早高峰(7-9点),2015-05-04,2015年5月4日,阵雨 /阵雨,20℃ / 14℃,东北风 ≤3级 /东北风 ≤3级,阵雨,阵雨,20,14,东北风,≤3级,东北风,≤3级,day
2015-05-04 10:00:00,贵惠大道,8、依法应负全责的其他情形,负全部责任,不负责任,1,贵A36936,白色,1,贵AW7026,白色,自培,-1,2002/9/27 0:00,-1,南骏牌,解放牌,366067000000000000 ,366067000000000000 ,197810,197990,10,0,5,工作日,非高峰,2015-05-04,2015年5月4日,阵雨 /阵雨,20℃ / 14℃,东北风 ≤3级 /东北风 ≤3级,阵雨,阵雨,20,14,东北风,≤3级,东北风,≤3级,day
2015-05-04 11:29:00,金阳,1、追尾的,负全部责任,不负责任,1,贵AKQ987,黑,1,贵CM2771,黑,自培,-1,2004/10/10 0:00,-1,英伦牌,-1,364548000000000000 ,366575000000000000 ,198405,198806,11,0,5,工作日,非高峰,2015-05-04,2015年5月4日,阵雨 /阵雨,20℃ / 14℃,东北风 ≤3级 /东北风 ≤3级,阵雨,阵雨,20,14,东北风,≤3级,东北风,≤3级,day
2015-05-04 12:00:00,小河立交,7、未按规定让行的 ,负全部责任,不负责任,1,贵FG1009,白色,1,贵ASA126,白色,自培,自培,2000/8/4 0:00,2006/9/27 0:00,-1,北京现代牌,366068000000000000 ,366068000000000000 ,196701,198808,12,0,5,工作日,非高峰,2015-05-04,2015年5月4日,阵雨 /阵雨,20℃ / 14℃,东北风 ≤3级 /东北风 ≤3级,阵雨,阵雨,20,14,东北风,≤3级,东北风,≤3级,day
2015-05-04 12:00:00,金朱东路,1、追尾的,负全部责任,不负责任,1,贵A882G7,红,1,贵A4AX39,黑,自培,-1,2013/7/4 0:00,-1,长安牌,丰田牌,364567000000000000 ,364547000000000000 ,199001,197710,12,0,5,工作日,非高峰,2015-05-04,2015年5月4日,阵雨 /阵雨,20℃ / 14℃,东北风 ≤3级 /东北风 ≤3级,阵雨,阵雨,20,14,东北风,≤3级,东北风,≤3级,day
2015-05-04 11:40:00,百花大道,1、追尾的,负全部责任,不负责任,1,浙J8BG14,白,1,贵A802G5,白,自培,-1,2006/7/31 0:00,-1,-1,解放牌,775468000000000000 ,36459600000000000 ,198506,198704,11,0,5,工作日,非高峰,2015-05-04,2015年5月4日,阵雨 /阵雨,20℃ / 14℃,东北风 ≤3级 /东北风 ≤3级,阵雨,阵雨,20,14,东北风,≤3级,东北风,≤3级,day
2015-05-04 15:19:00,金阳,1、追尾的,负全部责任,不负责任,1,川TP4465,白,1,贵GN1577,红,自培,-1,2008/3/6 0:00,-1,-1,-1,357546000000000000 ,366346000000000000 ,198612,197706,15,0,5,工作日,非高峰,2015-05-04,2015年5月4日,阵雨 /阵雨,20℃ / 14℃,东北风 ≤3级 /东北风 ≤3级,阵雨,阵雨,20,14,东北风,≤3级,东北风,≤3级,day
2015-05-04 13:30:00,谷丰粮油市场,5、开关车门的,负全部责任,不负责任,1,贵ANP659,白色,1,贵A9R203,白色,自培,-1,2004/7/2 0:00,-1,长城牌,-1,774747000000000000 ,3660635188357X,197904,197751,13,0,5,工作日,非高峰,2015-05-04,2015年5月4日,阵雨 /阵雨,20℃ / 14℃,东北风 ≤3级 /东北风 ≤3级,阵雨,阵雨,20,14,东北风,≤3级,东北风,≤3级,day
2015-05-04 14:30:00,师大,7、未按规定让行的 ,负全部责任,不负责任,1,贵A4BJ03,红,1,贵AU5521,黄,自培,（乌当区）新天驾驶培训有限公司,2001/10/12 0:00,2007/5/21 0:00,福特牌,宗申牌,366064000000000000 ,364568000000000000 ,196311,198804,14,0,5,工作日,非高峰,2015-05-04,2015年5月4日,阵雨 /阵雨,20℃ / 14℃,东北风 ≤3级 /东北风 ≤3级,阵雨,阵雨,20,14,东北风,≤3级,东北风,≤3级,day
2015-05-03 05:39:00,小河盘江路,7、未按规定让行的 ,负全部责任,不负责任,1,粤AX644W,白色,1,贵AU6894,白色,自培,自培,2010/12/8 0:00,2004/12/6 0:00,-1,新宝牌,366862000000000000 ,366067000000000000 ,197503,197711,5,6,5,周末,非高峰,2015-05-03,2015年5月3日,阵雨 /阵雨,25℃ / 15℃,东北风 ≤3级 /东北风 ≤3级,阵雨,阵雨,25,15,东北风,≤3级,东北风,≤3级,night
2015-05-03 15:00:00,小河浦江路,7、未按规定让行的 ,负全部责任,不负责任,1,贵AB528W,白色,1,贵AU1241,白色,自培,自培,2003/6/23 0:00,2003/6/23 0:00,长安牌,钱江牌,356166000000000000 ,356166000000000000 ,197203,197203,15,6,5,周末,非高峰,2015-05-03,2015年5月3日,阵雨 /阵雨,25℃ / 15℃,东北风 ≤3级 /东北风 ≤3级,阵雨,阵雨,25,15,东北风,≤3级,东北风,≤3级,day
2015-05-03 16:00:00,贵惠大道,7、未按规定让行的 ,负全部责任,不负责任,1,贵JS6381,白色,1,贵A13N61,白色,自培,自培,2006/8/23 0:00,2006/7/20 0:00,-1,大众汽车牌,366868000000000000 ,366347000000000000 ,198710,197103,16,6,5,周末,非高峰,2015-05-03,2015年5月3日,阵雨 /阵雨,25℃ / 15℃,东北风 ≤3级 /东北风 ≤3级,阵雨,阵雨,25,15,东北风,≤3级,东北风,≤3级,day
2015-05-03 21:48:00,西二环,8、依法应负全责的其他情形,负全部责任,不负责任,1,贵CGB770,红,1,贵AH2668,红,自培,自培,2014/8/27 0:00,2001/11/13 0:00,-1,飞肯牌,366577000000000000 ,366061000000000000 ,197910,198110,21,6,5,周末,非高峰,2015-05-03,2015年5月3日,阵雨 /阵雨,25℃ / 15℃,东北风 ≤3级 /东北风 ≤3级,阵雨,阵雨,25,15,东北风,≤3级,东北风,≤3级,night
2015-05-03 17:30:00,金钟桥,7、未按规定让行的 ,负全部责任,不负责任,1,贵AB949T,白,1,贵A03224,黄,自培,自培,2014/3/12 0:00,2000/7/4 0:00,江淮牌,豪泺牌,355741000000000000 ,364556000000000000 ,199209,197005,17,6,5,周末,晚高峰(17-19点),2015-05-03,2015年5月3日,阵雨 /阵雨,25℃ / 15℃,东北风 ≤3级 /东北风 ≤3级,阵雨,阵雨,25,15,东北风,≤3级,东北风,≤3级,day
2015-05-03 22:05:00,体育馆,7、未按规定让行的 ,负全部责任,不负责任,1,贵AU3205,蓝,1,贵A6BM74,黑,自培,自培,2003/1/17 0:00,2002/11/21 0:00,捷达牌,北京牌,356175000000000000 ,364548000000000000 ,196205,197312,22,6,5,周末,非高峰,2015-05-03,2015年5月3日,阵雨 /阵雨,25℃ / 15℃,东北风 ≤3级 /东北风 ≤3级,阵雨,阵雨,25,15,东北风,≤3级,东北风,≤3级,night
2015-05-04 15:13:00,二戈寨,1、追尾的,负全部责任,不负责任,1,贵A06475,白色,1,湘A7DH27,白色,自培,铁二局驾校,2004/8/24 0:00,2014/1/8 0:00,宗申,大众牌,356175000000000000 ,366067000000000000 ,197206,198211,15,0,5,工作日,非高峰,2015-05-04,2015年5月4日,阵雨 /阵雨,20℃ / 14℃,东北风 ≤3级 /东北风 ≤3级,阵雨,阵雨,20,14,东北风,≤3级,东北风,≤3级,day
2015-05-04 15:00:00,大营坡,8、依法应负全责的其他情形,负全部责任,不负责任,1,贵A8AU27,白,1,贵AFZ944,红,自培,-1,2002/10/29 0:00,-1,别克牌,长安牌,36634651824865495X,364596000000000000 ,197607,199507,15,0,5,工作日,非高峰,2015-05-04,2015年5月4日,阵雨 /阵雨,20℃ / 14℃,东北风 ≤3级 /东北风 ≤3级,阵雨,阵雨,20,14,东北风,≤3级,东北风,≤3级,day
2015-05-05 00:00:00,沙冲路,1、追尾的,负全部责任,不负责任,1,贵A38K49,白色,1,贵A62C89,白色,自培,520125,2007/8/13 0:00,2010/2/8 0:00,吉利美日牌,东风雪铁龙牌,366067000000000000 ,364547000000000000 ,197112,198907,0,1,5,工作日,非高峰,2015-05-05,2015年5月5日,阵雨 /阵雨,21℃ / 15℃,南风 ≤3级 /南风 ≤3级,阵雨,阵雨,21,15,南风,≤3级,南风,≤3级,night
2015-05-05 00:00:00,黄河路,7、未按规定让行的 ,负全部责任,不负责任,1,贵A6122H,白色,1,贵AC975N,白色,自培,铁二局驾校,2001/6/28 0:00,2007/10/22 0:00,长城牌,雪佛兰,364548000000000000 ,366661000000000000 ,197102,198812,0,1,5,工作日,非高峰,2015-05-05,2015年5月5日,阵雨 /阵雨,21℃ / 15℃,南风 ≤3级 /南风 ≤3级,阵雨,阵雨,21,15,南风,≤3级,南风,≤3级,night
2015-05-04 20:00:00,东二环,7、未按规定让行的 ,负全部责任,不负责任,1,贵AV0016,黄,1,贵ASA126,红,自培,-1,2004/5/14 0:00,-1,大福牌,北京现代牌,364547000000000000 ,364567000000000000 ,198201,198808,20,0,5,工作日,非高峰,2015-05-04,2015年5月4日,阵雨 /阵雨,20℃ / 14℃,东北风 ≤3级 /东北风 ≤3级,阵雨,阵雨,20,14,东北风,≤3级,东北风,≤3级,night
2015-05-05 06:00:00,纪念塔,8、依法应负全责的其他情形,负全部责任,不负责任,1,贵AHT219,白,1,贵ABE407,黑,自培,-1,2005/10/10 0:00,-1,丰田牌,一汽佳星牌,366875000000000000 ,366362000000000000 ,195606,199203,6,1,5,工作日,非高峰,2015-05-05,2015年5月5日,阵雨 /阵雨,21℃ / 15℃,南风 ≤3级 /南风 ≤3级,阵雨,阵雨,21,15,南风,≤3级,南风,≤3级,day
2015-05-05 07:25:00,金阳南路,7、未按规定让行的 ,负全部责任,不负责任,1,陕AJB297,蓝,1,贵A6BZ22,白,自培,蓝天驾校（观山湖区）,2008/2/2 0:00,2015/1/5 0:00,-1,比亚迪牌,4362520000000000 ,366546000000000000 ,197210,197705,7,1,5,工作日,早高峰(7-9点),2015-05-05,2015年5月5日,阵雨 /阵雨,21℃ / 15℃,南风 ≤3级 /南风 ≤3级,阵雨,阵雨,21,15,南风,≤3级,南风,≤3级,day
2015-05-05 00:00:00,北京东路,3、倒车的,负全部责任,不负责任,1,贵A821F8,白色,1,贵A448H3,白色,自培,-1,2004/4/2 0:00,-1,东风牌,江铃牌,366068000000000000 ,34467751154953457X,198510,199108,0,1,5,工作日,非高峰,2015-05-05,2015年5月5日,阵雨 /阵雨,21℃ / 15℃,南风 ≤3级 /南风 ≤3级,阵雨,阵雨,21,15,南风,≤3级,南风,≤3级,night
2015-05-05 07:00:00,百花山,7、未按规定让行的 ,负全部责任,不负责任,1,贵JA7508,白,1,贵A615H6,白,自培,-1,2000/4/27 0:00,-1,-1,解放牌,366669000000000000 ,36606300000000000 ,197402,199021,7,1,5,工作日,早高峰(7-9点),2015-05-05,2015年5月5日,阵雨 /阵雨,21℃ / 15℃,南风 ≤3级 /南风 ≤3级,阵雨,阵雨,21,15,南风,≤3级,南风,≤3级,day
2015-05-05 07:59:00,长岭北路,1、追尾的,负全部责任,不负责任,1,贵A89P57,蓝,1,贵AA537J,红,自培,路路达驾校,2002/11/6 0:00,2013/9/26 0:00,宝马,长安牌,364547000000000000 ,364548000000000000 ,196404,197710,7,1,5,工作日,早高峰(7-9点),2015-05-05,2015年5月5日,阵雨 /阵雨,21℃ / 15℃,南风 ≤3级 /南风 ≤3级,阵雨,阵雨,21,15,南风,≤3级,南风,≤3级,day
2015-05-05 08:10:00,百花山,8、依法应负全责的其他情形,负全部责任,不负责任,1,贵A37L72,黄,1,贵AV0741,白,自培,自培,2004/6/1 0:00,2011/9/21 0:00,翼虎牌,东风牌,354658000000000000 ,364547000000000000 ,198108,198511,8,1,5,工作日,早高峰(7-9点),2015-05-05,2015年5月5日,阵雨 /阵雨,21℃ / 15℃,南风 ≤3级 /南风 ≤3级,阵雨,阵雨,21,15,南风,≤3级,南风,≤3级,day
2015-05-05 08:20:00,金阳南路,7、未按规定让行的 ,负全部责任,不负责任,0,贵A63N33,白,0,贵A28A79,红,自培,蓝天驾校,2006/12/29 0:00,2013/10/25 0:00,北京现代牌,起亚牌,364557000000000000 ,364558000000000000 ,198505,198205,8,1,5,工作日,早高峰(7-9点),2015-05-05,2015年5月5日,阵雨 /阵雨,21℃ / 15℃,南风 ≤3级 /南风 ≤3级,阵雨,阵雨,21,15,南风,≤3级,南风,≤3级,day
2015-05-05 08:25:00,云峰大道,1、追尾的,负全部责任,不负责任,1,贵AVC379,白,1,贵A36B54,红,自培,毕节地区驾校,2003/10/29 0:00,-1,大众汽车牌,沃尔沃,364558000000000000 ,366067000000000000 ,196510,197306,8,1,5,工作日,早高峰(7-9点),2015-05-05,2015年5月5日,阵雨 /阵雨,21℃ / 15℃,南风 ≤3级 /南风 ≤3级,阵雨,阵雨,21,15,南风,≤3级,南风,≤3级,day
2015-05-05 08:30:00,金阳医院,7、未按规定让行的 ,负全部责任,不负责任,1,贵AV2796,红,1,贵A91R27,红,自培,-1,2007/7/26 0:00,-1,雪佛兰牌,福特探险者,364557000000000000 ,4963520000000000 ,196201,197503,8,1,5,工作日,早高峰(7-9点),2015-05-05,2015年5月5日,阵雨 /阵雨,21℃ / 15℃,南风 ≤3级 /南风 ≤3级,阵雨,阵雨,21,15,南风,≤3级,南风,≤3级,day
2015-05-05 09:33:00,中天会展城,7、未按规定让行的 ,负全部责任,不负责任,1,贵A27479,白,1,贵ASS069,蓝,自培,-1,2004/2/19 0:00,-1,三一牌,锋范牌,366368000000000 ,364558000000000000 ,770327,195801,9,1,5,工作日,早高峰(7-9点),2015-05-05,2015年5月5日,阵雨 /阵雨,21℃ / 15℃,南风 ≤3级 /南风 ≤3级,阵雨,阵雨,21,15,南风,≤3级,南风,≤3级,day
2015-05-05 11:40:00,都司路,7、未按规定让行的 ,负全部责任,不负责任,1,贵GL7332,红,1,贵A462C6,蓝,自培,贵州现代驾驶培训责任有限公司,2004/11/12 0:00,2012/1/11 0:00,-1,解放牌,364547000000000000 ,364556000000000000 ,197311,198205,11,1,5,工作日,非高峰,2015-05-05,2015年5月5日,阵雨 /阵雨,21℃ / 15℃,南风 ≤3级 /南风 ≤3级,阵雨,阵雨,21,15,南风,≤3级,南风,≤3级,day
2015-05-05 11:00:00,沙冲路,8、依法应负全责的其他情形,负全部责任,不负责任,1,贵AU9904,白色,1,贵AV4269,白色,自培,-1,2003/1/30 0:00,-1,豪江牌,银翔牌,354657000000000000 ,77445300000000 ,197009,670901,11,1,5,工作日,非高峰,2015-05-05,2015年5月5日,阵雨 /阵雨,21℃ / 15℃,南风 ≤3级 /南风 ≤3级,阵雨,阵雨,21,15,南风,≤3级,南风,≤3级,day
2015-05-05 15:00:00,恒大城,7、未按规定让行的 ,负全部责任,不负责任,1,贵A1182K,红,1,贵A29699,黄,自培,铁二局驾校,2004/6/4 0:00,2011/4/29 0:00,福克斯牌,斯达-斯太尔牌,366364000000000000 ,364568000000000000 ,195708,198507,15,1,5,工作日,非高峰,2015-05-05,2015年5月5日,阵雨 /阵雨,21℃ / 15℃,南风 ≤3级 /南风 ≤3级,阵雨,阵雨,21,15,南风,≤3级,南风,≤3级,day