accidenttime,accidentaddr,driver1fault,driver1responsibility,driver2responsibility,sex1,platenumber1,carcolor1,sex2,platenumber2,carcolor2,jxmc1,jxmc2,cclzrq1,cclzrq2,clpp1,clpp2,driver1license,driver2license,brith1,brith2,hour,weekday,month,is_weekday,peak_hour,date,日期,天气状况,气温,风力风向,day_wea,night_wea,day_tep,night_tep,day_wind_direction,day_wind_speed,night_wind_direction,night_wind_speed,segment
2015-05-05 12:10:00,黄河路,7、未按规定让行的 ,负全部责任,不负责任,1,贵AU6182,白色,1,贵A5627T,白色,自培,-1,2004/6/14 0:00,-1,银钢牌,威志牌,36626651934240735X,366866000000000000 ,198506,198807,12,1,5,工作日,非高峰,2015-05-05,2015年5月5日,阵雨 /阵雨,21℃ / 15℃,南风 ≤3级 /南风 ≤3级,阵雨,阵雨,21,15,南风,≤3级,南风,≤3级,day
2015-05-05 18:30:00,金狮小区,3、倒车的,负全部责任,不负责任,1,贵AVM286,白色,1,贵A8H078,白色,自培,贵大佳德驾驶培训学校,2004/12/6 0:00,2011/1/26 0:00,普拉多,-1,35746151854056455X,364547000000000000 ,197104,198212,18,1,5,工作日,晚高峰(17-19点),2015-05-05,2015年5月5日,阵雨 /阵雨,21℃ / 15℃,南风 ≤3级 /南风 ≤3级,阵雨,阵雨,21,15,南风,≤3级,南风,≤3级,day
2015-05-05 18:20:00,甲秀南路,8、依法应负全责的其他情形,负全部责任,不负责任,1,贵A565H2,白色,1,贵AU0994,白色,自培,（乌当区）全林驾驶培训有限公司,2010/9/1 0:00,1998/3/31 0:00,陆霸牌,万达牌,376564000000000000 ,36454651894041065X,197908,197804,18,1,5,工作日,晚高峰(17-19点),2015-05-05,2015年5月5日,阵雨 /阵雨,21℃ / 15℃,南风 ≤3级 /南风 ≤3级,阵雨,阵雨,21,15,南风,≤3级,南风,≤3级,day
2015-05-04 12:50:00,二戈寨,1、追尾的,负全部责任,不负责任,1,贵A44P78,白色,1,贵AB726J,白色,自培,自培,2003/9/26 0:00,2003/5/27 0:00,宝马牌,捷达牌,355470000000000000 ,366046000000000000 ,198411,198406,12,0,5,工作日,非高峰,2015-05-04,2015年5月4日,阵雨 /阵雨,20℃ / 14℃,东北风 ≤3级 /东北风 ≤3级,阵雨,阵雨,20,14,东北风,≤3级,东北风,≤3级,day
2015-05-05 08:20:00,世纪城,7、未按规定让行的 ,负全部责任,不负责任,1,湘E8M198,白,1,贵A4569E,白,自培,自培,2011/12/8 0:00,2008/5/13 0:00,-1,大众汽车牌,74395500000000000 ,366663000000000000 ,199108,197604,8,1,5,工作日,早高峰(7-9点),2015-05-05,2015年5月5日,阵雨 /阵雨,21℃ / 15℃,南风 ≤3级 /南风 ≤3级,阵雨,阵雨,21,15,南风,≤3级,南风,≤3级,day
2015-05-05 08:40:00,恒峰步行街,8、依法应负全责的其他情形,负全部责任,不负责任,1,贵AM5511,黑,1,贵A12S54,黑,自培,自培,2000/5/22 0:00,2006/2/21 0:00,大切诺基,别克牌,364547000000000000 ,364548000000000000 ,197202,198704,8,1,5,工作日,早高峰(7-9点),2015-05-05,2015年5月5日,阵雨 /阵雨,21℃ / 15℃,南风 ≤3级 /南风 ≤3级,阵雨,阵雨,21,15,南风,≤3级,南风,≤3级,day
2015-05-05 18:30:00,花二道,8、依法应负全责的其他情形,负全部责任,不负责任,1,贵ALS724,黑,1,贵ARH114,红,自培,-1,2002/11/16 0:00,-1,解放牌,五菱牌,364548000000000000 ,364557000000000000 ,198307,198170,18,1,5,工作日,晚高峰(17-19点),2015-05-05,2015年5月5日,阵雨 /阵雨,21℃ / 15℃,南风 ≤3级 /南风 ≤3级,阵雨,阵雨,21,15,南风,≤3级,南风,≤3级,day
2015-05-06 07:30:00,观山东路,1、追尾的,负全部责任,不负责任,1,贵A0537G,蓝,0,贵JBP626,蓝,自培,-1,2011/11/15 0:00,-1,-1,-1,76765500000000000 ,75561500000000000 ,197902,198702,7,2,5,工作日,早高峰(7-9点),2015-05-06,2015年5月6日,多云 /多云,25℃ / 16℃,东北风 ≤3级 /南风 ≤3级,多云,多云,25,16,东北风,≤3级,南风,≤3级,day
2015-05-06 12:50:00,贵惠大道,7、未按规定让行的 ,负全部责任,不负责任,1,贵A27J82,白色,1,贵JK4463,白色,自培,贵州现代驾驶培训责任有限公司,2002/1/9 0:00,2012/1/17 0:00,别克牌,-1,366364000000000000 ,36606051895468469X,196901,197810,12,2,5,工作日,非高峰,2015-05-06,2015年5月6日,多云 /多云,25℃ / 16℃,东北风 ≤3级 /南风 ≤3级,多云,多云,25,16,东北风,≤3级,南风,≤3级,day
2015-05-06 13:30:00,中天花园,7、未按规定让行的 ,负全部责任,不负责任,1,贵AAL855,红,1,贵A5126Y,黑,自培,-1,2002/6/28 0:00,-1,沃尔沃牌,北京现代牌,364547000000000000 ,364646000000000000 ,197007,198704,13,2,5,工作日,非高峰,2015-05-06,2015年5月6日,多云 /多云,25℃ / 16℃,东北风 ≤3级 /南风 ≤3级,多云,多云,25,16,东北风,≤3级,南风,≤3级,day
2015-05-06 18:00:00,二戈寨,8、依法应负全责的其他情形,负全部责任,不负责任,1,贵A658B4,白色,1,贵AJN768,白色,自培,520109,2005/2/3 0:00,2010/1/18 0:00,江淮牌,别克牌,366876000000000000 ,366068000000000000 ,197211,197310,18,2,5,工作日,晚高峰(17-19点),2015-05-06,2015年5月6日,多云 /多云,25℃ / 16℃,东北风 ≤3级 /南风 ≤3级,多云,多云,25,16,东北风,≤3级,南风,≤3级,day
2015-05-06 19:50:00,沙冲路,7、未按规定让行的 ,负全部责任,不负责任,1,贵AU6401,红,1,贵ARN734,黄,自培,自培,2008/1/21 0:00,2005/2/24 0:00,雷克牌,英伦牌,36666351885559275X,364547000000000000 ,197711,197704,19,2,5,工作日,晚高峰(17-19点),2015-05-06,2015年5月6日,多云 /多云,25℃ / 16℃,东北风 ≤3级 /南风 ≤3级,多云,多云,25,16,东北风,≤3级,南风,≤3级,day
2015-05-07 07:45:00,富源路,9、不符合前8款规定或者双方同时具有上述情形的,负同等责任,负同等责任,1,贵AA000P,白色,1,贵GR2645,白色,自培,贵州现代驾驶培训责任有限公司,2004/1/19 0:00,2014/2/17 0:00,五菱牌,-1,364556000000000000 ,366663000000000000 ,198503,198307,7,3,5,工作日,早高峰(7-9点),2015-05-07,2015年5月7日,阵雨 /雷阵雨,23℃ / 17℃,东南风 ≤3级 /东南风 ≤3级,阵雨,雷阵雨,23,17,东南风,≤3级,东南风,≤3级,day
2015-05-07 08:00:00,西二环,1、追尾的,负全部责任,不负责任,1,贵AVA723,白色,1,贵A68F26,白色,自培,顺一驾驶培训学校,2004/9/28 0:00,2013/9/16 0:00,福克斯牌,东风雪铁龙牌,364556000000000000 ,234547000000000000 ,197304,197906,8,3,5,工作日,早高峰(7-9点),2015-05-07,2015年5月7日,阵雨 /雷阵雨,23℃ / 17℃,东南风 ≤3级 /东南风 ≤3级,阵雨,雷阵雨,23,17,东南风,≤3级,东南风,≤3级,day
2015-05-07 09:00:00,金阳医院,7、未按规定让行的 ,负全部责任,不负责任,1,贵FT1882,白,0,贵HD3389,黑,自培,520115,2007/2/8 0:00,2008/12/16 0:00,-1,-1,784096000000000000 ,357475000000000000 ,198212,198503,9,3,5,工作日,早高峰(7-9点),2015-05-07,2015年5月7日,阵雨 /雷阵雨,23℃ / 17℃,东南风 ≤3级 /东南风 ≤3级,阵雨,雷阵雨,23,17,东南风,≤3级,东南风,≤3级,day
2015-05-07 09:20:00,兴义路,7、未按规定让行的 ,负全部责任,不负责任,1,贵ACP523,白,0,贵A4AM08,黄,自培,-1,2003/4/4 0:00,-1,-1,大众汽车牌,364557000000000000 ,364647000000000000 ,198501,196802,9,3,5,工作日,早高峰(7-9点),2015-05-07,2015年5月7日,阵雨 /雷阵雨,23℃ / 17℃,东南风 ≤3级 /东南风 ≤3级,阵雨,雷阵雨,23,17,东南风,≤3级,东南风,≤3级,day
2015-05-07 08:20:00,北京路,7、未按规定让行的 ,负全部责任,不负责任,1,贵AV5569,蓝,1,贵AFA119,黑,自培,贵州现代驾驶培训责任有限公司,2002/6/3 0:00,2014/9/4 0:00,中华牌,金杯牌,364547000000000000 ,354347000000000000 ,196307,198407,8,3,5,工作日,早高峰(7-9点),2015-05-07,2015年5月7日,阵雨 /雷阵雨,23℃ / 17℃,东南风 ≤3级 /东南风 ≤3级,阵雨,雷阵雨,23,17,东南风,≤3级,东南风,≤3级,day
2015-05-07 10:00:00,北二环,7、未按规定让行的 ,负全部责任,不负责任,1,贵A4042P,白色,1,贵A8312M,白色,自培,预约考试窗口,2006/11/20 0:00,2007/4/12 0:00,五菱,北京现代牌,355266000000000000 ,355266000000000000 ,198809,198510,10,3,5,工作日,非高峰,2015-05-07,2015年5月7日,阵雨 /雷阵雨,23℃ / 17℃,东南风 ≤3级 /东南风 ≤3级,阵雨,雷阵雨,23,17,东南风,≤3级,东南风,≤3级,day
2015-05-07 08:20:00,白云职校,8、依法应负全责的其他情形,负全部责任,不负责任,1,贵ANL382,黄,1,云A69F58,白,自培,遵义县南白驾校,2002/1/11 0:00,-1,马自达牌,东风雪铁龙牌,364558000000000000 ,366768000000000000 ,197305,197702,8,3,5,工作日,早高峰(7-9点),2015-05-07,2015年5月7日,阵雨 /雷阵雨,23℃ / 17℃,东南风 ≤3级 /东南风 ≤3级,阵雨,雷阵雨,23,17,东南风,≤3级,东南风,≤3级,day
2015-05-07 08:00:00,育才路,1、追尾的,负全部责任,不负责任,0,贵AH1441,白,1,贵CNE300,白,自培,-1,2003/6/23 0:00,-1,北京现代,-1,366268000000000000 ,366577000000000000 ,198108,198912,8,3,5,工作日,早高峰(7-9点),2015-05-07,2015年5月7日,阵雨 /雷阵雨,23℃ / 17℃,东南风 ≤3级 /东南风 ≤3级,阵雨,雷阵雨,23,17,东南风,≤3级,东南风,≤3级,day
2015-05-07 08:30:00,西南环线,1、追尾的,负全部责任,不负责任,1,贵AW4852,白色,1,贵GT3261,白色,自培,-1,2004/2/3 0:00,-1,波罗牌,-1,364556000000000000 ,366569000000000000 ,197301,197511,8,3,5,工作日,早高峰(7-9点),2015-05-07,2015年5月7日,阵雨 /雷阵雨,23℃ / 17℃,东南风 ≤3级 /东南风 ≤3级,阵雨,雷阵雨,23,17,东南风,≤3级,东南风,≤3级,day
2015-05-07 09:25:00,解放路,1、追尾的,负全部责任,不负责任,1,贵A0CB54,白色,1,贵AHP818,白色,自培,-1,2002/2/7 0:00,-1,佳乐,思威牌,364548000000000000 ,784294000000000000 ,197412,198701,9,3,5,工作日,早高峰(7-9点),2015-05-07,2015年5月7日,阵雨 /雷阵雨,23℃ / 17℃,东南风 ≤3级 /东南风 ≤3级,阵雨,雷阵雨,23,17,东南风,≤3级,东南风,≤3级,day
2015-05-07 10:00:00,贵安新区,1、追尾的,负全部责任,不负责任,1,贵A4386M,白色,1,贵A6209X,白色,自培,青正驾校,2005/3/30 0:00,-1,五菱牌,长安牌,364557000000000000 ,366347000000000000 ,196512,198005,10,3,5,工作日,非高峰,2015-05-07,2015年5月7日,阵雨 /雷阵雨,23℃ / 17℃,东南风 ≤3级 /东南风 ≤3级,阵雨,雷阵雨,23,17,东南风,≤3级,东南风,≤3级,day
2015-05-06 07:30:00,蟠桃宫立交桥下,9、不符合前8款规定或者双方同时具有上述情形的,负全部责任,不负责任,1,川EZ2643,白色,1,贵A2AS86,白色,自培,自培,2012/3/9 0:00,2006/8/4 0:00,-1,奥迪牌,354366000000000000 ,364556000000000000 ,197203,196612,7,2,5,工作日,早高峰(7-9点),2015-05-06,2015年5月6日,多云 /多云,25℃ / 16℃,东北风 ≤3级 /南风 ≤3级,多云,多云,25,16,东北风,≤3级,南风,≤3级,day
2015-05-06 06:20:00,转弯塘,7、未按规定让行的 ,负全部责任,不负责任,1,贵AC1299,黑,1,贵AFM866,白,自培,自培,2000/8/4 0:00,2001/5/18 0:00,宗申牌,宝来(BORA),354663000000000000 ,36606751884660445X,196110,197702,6,2,5,工作日,非高峰,2015-05-06,2015年5月6日,多云 /多云,25℃ / 16℃,东北风 ≤3级 /南风 ≤3级,多云,多云,25,16,东北风,≤3级,南风,≤3级,day
2015-05-06 07:30:00,黄山冲,3、倒车的,负全部责任,不负责任,0,贵AF6473,黄,1,贵AKY558,黑,自培,自培,2002/7/23 0:00,2006/6/16 0:00,大运牌,东风日产牌,36454651894948796X,35616551224563335X,197808,196601,7,2,5,工作日,早高峰(7-9点),2015-05-06,2015年5月6日,多云 /多云,25℃ / 16℃,东北风 ≤3级 /南风 ≤3级,多云,多云,25,16,东北风,≤3级,南风,≤3级,day
2015-05-06 05:30:00,青云路,7、未按规定让行的 ,负全部责任,不负责任,1,贵A9BA93,白,1,贵AK3958,红,自培,自培,2004/8/4 0:00,2005/11/9 0:00,神龙-富康,北京现代牌,364547000000000000 ,364548000000000000 ,198602,198609,5,2,5,工作日,非高峰,2015-05-06,2015年5月6日,多云 /多云,25℃ / 16℃,东北风 ≤3级 /南风 ≤3级,多云,多云,25,16,东北风,≤3级,南风,≤3级,night
2015-05-06 13:00:00,西南环线,1、追尾的,负全部责任,不负责任,1,贵A95N24,白色,1,贵ASN044,白色,自培,自培,2000/11/23 0:00,2002/6/10 0:00,别克牌,东风雪铁龙牌,364548000000000000 ,364547000000000000 ,195812,197907,13,2,5,工作日,非高峰,2015-05-06,2015年5月6日,多云 /多云,25℃ / 16℃,东北风 ≤3级 /南风 ≤3级,多云,多云,25,16,东北风,≤3级,南风,≤3级,day
2015-05-06 22:00:00,西南环线,7、未按规定让行的 ,负全部责任,不负责任,1,闽CH551X,白色,1,贵A39879,白色,自培,自培,2012/7/17 0:00,2004/4/5 0:00,-1,豪泺牌,734398000000000000 ,364556000000000000 ,199305,198108,22,2,5,工作日,非高峰,2015-05-06,2015年5月6日,多云 /多云,25℃ / 16℃,东北风 ≤3级 /南风 ≤3级,多云,多云,25,16,东北风,≤3级,南风,≤3级,night
2015-05-07 11:40:00,农科院,1、追尾的,负全部责任,不负责任,1,贵A54J48,白色,1,贵GP9447,白色,自培,十一驾驶培训有限公司,2004/11/12 0:00,2013/11/27 0:00,马自达牌,-1,366662000000000000 ,364646000000000000 ,197412,199105,11,3,5,工作日,非高峰,2015-05-07,2015年5月7日,阵雨 /雷阵雨,23℃ / 17℃,东南风 ≤3级 /东南风 ≤3级,阵雨,雷阵雨,23,17,东南风,≤3级,东南风,≤3级,day
2015-05-07 13:30:00,小河平桥,1、追尾的,负全部责任,不负责任,1,贵A49S51,白色,1,贵A8BH58,灰色,自培,-1,2000/11/6 0:00,-1,丰田牌,-1,364547000000000000 ,366346000000000000 ,197210,198404,13,3,5,工作日,非高峰,2015-05-07,2015年5月7日,阵雨 /雷阵雨,23℃ / 17℃,东南风 ≤3级 /东南风 ≤3级,阵雨,雷阵雨,23,17,东南风,≤3级,东南风,≤3级,day
2015-05-07 13:50:00,小河松花江路,3、倒车的,负全部责任,不负责任,1,贵AGB716,白色,1,贵AV7916,白色,自培,无,2005/7/4 0:00,1996/7/30 0:00,长安牌,长安牌,364551000000000000 ,364551000000000000 ,197810,197708,13,3,5,工作日,非高峰,2015-05-07,2015年5月7日,阵雨 /雷阵雨,23℃ / 17℃,东南风 ≤3级 /东南风 ≤3级,阵雨,雷阵雨,23,17,东南风,≤3级,东南风,≤3级,day
2015-05-07 15:40:00,黔灵山路, ,负全部责任,不负责任,1,贵AJ9388,黑,1,贵AO8078,黄,自培,520129,2004/6/26 0:00,2009/4/21 0:00,大众汽车牌,-1,364547000000000000 ,366664000000000000 ,194909,197901,15,3,5,工作日,非高峰,2015-05-07,2015年5月7日,阵雨 /雷阵雨,23℃ / 17℃,东南风 ≤3级 /东南风 ≤3级,阵雨,雷阵雨,23,17,东南风,≤3级,东南风,≤3级,day
2015-05-07 17:10:00,环城北路,1、追尾的,负全部责任,不负责任,1,贵A9CC69,黑,1,贵A0L452,蓝,自培,诚信驾驶培训学校,2000/7/11 0:00,2015/4/22 0:00,别克牌,-1,364548000000000000 ,364548000000000000 ,198205,198508,17,3,5,工作日,晚高峰(17-19点),2015-05-07,2015年5月7日,阵雨 /雷阵雨,23℃ / 17℃,东南风 ≤3级 /东南风 ≤3级,阵雨,雷阵雨,23,17,东南风,≤3级,东南风,≤3级,day
2015-05-07 15:00:00,孟关汽车城,7、未按规定让行的 ,负全部责任,不负责任,1,贵AC146X,白色,1,贵A31B79,白色,自培,-1,2009/6/1 0:00,-1,夏利牌,豪情牌,366068000000000000 ,*****,198801,-1,15,3,5,工作日,非高峰,2015-05-07,2015年5月7日,阵雨 /雷阵雨,23℃ / 17℃,东南风 ≤3级 /东南风 ≤3级,阵雨,雷阵雨,23,17,东南风,≤3级,东南风,≤3级,day
2015-05-07 14:00:00,花果园,7、未按规定让行的 ,负全部责任,不负责任,1,贵APX535,白色,1,贵A46B79,白色,自培,顺一驾驶培训学校,2004/3/10 0:00,2012/2/8 0:00,夏利牌,起亚牌,364551000000000000 ,364547000000000000 ,197709,196110,14,3,5,工作日,非高峰,2015-05-07,2015年5月7日,阵雨 /雷阵雨,23℃ / 17℃,东南风 ≤3级 /东南风 ≤3级,阵雨,雷阵雨,23,17,东南风,≤3级,东南风,≤3级,day
2015-05-07 17:30:00,黔灵山路,1、追尾的,负全部责任,不负责任,1,贵AAA985,蓝,1,贵AP9319,白,自培,-1,2003/6/29 0:00,-1,金马牌,帕萨特牌,364548000000000000 ,664647000000000 ,197608,660426,17,3,5,工作日,晚高峰(17-19点),2015-05-07,2015年5月7日,阵雨 /雷阵雨,23℃ / 17℃,东南风 ≤3级 /东南风 ≤3级,阵雨,雷阵雨,23,17,东南风,≤3级,东南风,≤3级,day
2015-05-07 21:45:00,小河浦江路,7、未按规定让行的 ,负全部责任,不负责任,1,贵A4846B,白色,1,贵AS8N56,白色,自培,十一驾驶培训有限公司,2006/11/8 0:00,2011/11/30 0:00,-1,-1,366347000000000000 ,364551000000000000 ,197604,198706,21,3,5,工作日,非高峰,2015-05-07,2015年5月7日,阵雨 /雷阵雨,23℃ / 17℃,东南风 ≤3级 /东南风 ≤3级,阵雨,雷阵雨,23,17,东南风,≤3级,东南风,≤3级,night
2015-05-08 08:21:00,北京路,7、未按规定让行的 ,负全部责任,不负责任,1,贵ARY494,白,1,贵ALS021,白,自培,-1,2011/3/30 0:00,-1,猎豹牌,北京现代牌,355466000000000000 ,36634651814169585X,196508,197909,8,4,5,工作日,早高峰(7-9点),2015-05-08,2015年5月8日,阵雨 /多云,25℃ / 15℃,东南风 ≤3级 /东北风 ≤3级,阵雨,多云,25,15,东南风,≤3级,东北风,≤3级,day
2015-05-08 10:59:00,白云公园,1、追尾的,负全部责任,不负责任,1,贵AV3209,黄,1,贵A5873Y,红,自培,消防驾校,2007/5/15 0:00,2010/12/31 0:00,豪爵牌,宝马牌,366361000000000000 ,366064000000000000 ,198210,198811,10,4,5,工作日,非高峰,2015-05-08,2015年5月8日,阵雨 /多云,25℃ / 15℃,东南风 ≤3级 /东北风 ≤3级,阵雨,多云,25,15,东南风,≤3级,东北风,≤3级,day
2015-05-08 10:19:00,碧海第一街口,7、未按规定让行的 ,负全部责任,不负责任,1,贵CNR932,白,1,贵CCM271,黑,自培,-1,2003/7/21 0:00,-1,-1,-1,366566000000000000 ,366577000000000000 ,197908,197303,10,4,5,工作日,非高峰,2015-05-08,2015年5月8日,阵雨 /多云,25℃ / 15℃,东南风 ≤3级 /东北风 ≤3级,阵雨,多云,25,15,东南风,≤3级,东北风,≤3级,day
2015-05-08 11:30:00,白云北路,9、不符合前8款规定或者双方同时具有上述情形的,负同等责任,不负责任,1,贵GQ1031,红,1,贵F40402,黄,自培,-1,2013/11/6 0:00,-1,-1,-1,366369000000000000 ,366046000000000000 ,198912,198411,11,4,5,工作日,非高峰,2015-05-08,2015年5月8日,阵雨 /多云,25℃ / 15℃,东南风 ≤3级 /东北风 ≤3级,阵雨,多云,25,15,东南风,≤3级,东北风,≤3级,day
2015-05-12 12:00:00,云潭南路,3、倒车的,负全部责任,不负责任,1,贵GQ7215,红,1,贵A3CB96,红,自培,-1,2006/4/18 0:00,-1,-1,北京现代牌,366370000000000000 ,366046000000000 ,198201,790216,12,1,5,工作日,非高峰,2015-05-12,2015年5月12日,阴 /雷阵雨,24℃ / 13℃,南风 ≤3级 /南风 ≤3级,阴,雷阵雨,24,13,南风,≤3级,南风,≤3级,day
2015-05-08 13:35:00,花果园,7、未按规定让行的 ,负全部责任,不负责任,1,贵A26438,白色,1,贵A68M75,白色,自培,520101,2001/12/29 0:00,2008/12/17 0:00,解放牌,宝马,364548000000000000 ,366577000000000000 ,197111,198801,13,4,5,工作日,非高峰,2015-05-08,2015年5月8日,阵雨 /多云,25℃ / 15℃,东南风 ≤3级 /东北风 ≤3级,阵雨,多云,25,15,东南风,≤3级,东北风,≤3级,day
2015-05-08 14:50:00,云潭北路,7、未按规定让行的 ,负全部责任,不负责任,1,贵A734G2,黑,1,贵AB724Y,黄,自培,贵州现代驾驶培训责任有限公司,2001/2/8 0:00,2015/1/26 0:00,田野牌,北京牌,364648000000000000 ,364557000000000000 ,197705,197709,14,4,5,工作日,非高峰,2015-05-08,2015年5月8日,阵雨 /多云,25℃ / 15℃,东南风 ≤3级 /东北风 ≤3级,阵雨,多云,25,15,东南风,≤3级,东北风,≤3级,day
2015-05-08 15:00:00,东山,7、未按规定让行的 ,负全部责任,不负责任,1,贵AE765警,白色,1,贵A3BK27,白色,自培,十一驾驶培训有限公司,2007/11/7 0:00,2012/10/29 0:00,-1,东风标致牌,364558000000000000 ,366546000000000000 ,198803,197107,15,4,5,工作日,非高峰,2015-05-08,2015年5月8日,阵雨 /多云,25℃ / 15℃,东南风 ≤3级 /东北风 ≤3级,阵雨,多云,25,15,东南风,≤3级,东北风,≤3级,day
2015-05-08 15:50:00,贵铝医院,1、追尾的,负全部责任,不负责任,1,贵A33E51,白,1,贵A42N59,白,自培,消防驾校,2002/7/18 0:00,2004/7/2 0:00,宝来牌,东风雪铁龙牌,364547000000000000 ,366368000000000000 ,196810,197502,15,4,5,工作日,非高峰,2015-05-08,2015年5月8日,阵雨 /多云,25℃ / 15℃,东南风 ≤3级 /东北风 ≤3级,阵雨,多云,25,15,东南风,≤3级,东北风,≤3级,day
2015-05-08 16:28:00,东林寺路,7、未按规定让行的 ,负全部责任,不负责任,1,苏M6S574,黑,1,贵AKL986,黑,自培,消防驾校,2002/3/29 0:00,2010/5/31 0:00,-1,海马牌,765494000000000000 ,356168000000000000 ,197807,196608,16,4,5,工作日,非高峰,2015-05-08,2015年5月8日,阵雨 /多云,25℃ / 15℃,东南风 ≤3级 /东北风 ≤3级,阵雨,多云,25,15,东南风,≤3级,东北风,≤3级,day
2015-05-08 16:00:00,南郊公园,8、依法应负全责的其他情形,负全部责任,不负责任,1,贵AW8678,黑色,1,渝F3M296,白色,自培,-1,2010/6/22 0:00,-1,金杯牌,-1,366067000000000000 ,344678000000000000 ,196105,199211,16,4,5,工作日,非高峰,2015-05-08,2015年5月8日,阵雨 /多云,25℃ / 15℃,东南风 ≤3级 /东北风 ≤3级,阵雨,多云,25,15,东南风,≤3级,东北风,≤3级,day
2015-05-08 16:41:00,东站,8、依法应负全责的其他情形,负全部责任,不负责任,1,贵A8A119,白色,1,贵GM9240,白色,自培,-1,2005/1/25 0:00,-1,-1,-1,366876000000000000 ,366362000000000000 ,197611,197502,16,4,5,工作日,非高峰,2015-05-08,2015年5月8日,阵雨 /多云,25℃ / 15℃,东南风 ≤3级 /东北风 ≤3级,阵雨,多云,25,15,东南风,≤3级,东北风,≤3级,day
2015-05-08 17:00:00,花果园,7、未按规定让行的 ,负全部责任,不负责任,1,渝FGA891,黑,1,贵AV2488,红,自培,-1,2005/8/3 0:00,-1,-1,奥迪牌,356667000000000000 ,364547000000000000 ,197311,196304,17,4,5,工作日,晚高峰(17-19点),2015-05-08,2015年5月8日,阵雨 /多云,25℃ / 15℃,东南风 ≤3级 /东北风 ≤3级,阵雨,多云,25,15,东南风,≤3级,东北风,≤3级,day
2015-05-08 17:27:00,水东路,1、追尾的,负全部责任,不负责任,1,贵A77Y58,白色,1,贵A5129W,白色,自培,-1,2003/1/26 0:00,-1,金龙牌,五菱牌,64197500000000000 ,364646000000000000 ,198111,198005,17,4,5,工作日,晚高峰(17-19点),2015-05-08,2015年5月8日,阵雨 /多云,25℃ / 15℃,东南风 ≤3级 /东北风 ≤3级,阵雨,多云,25,15,东南风,≤3级,东北风,≤3级,day
2015-05-07 20:17:00,贵惠大道,1、追尾的,负全部责任,不负责任,1,浙B778AZ,白色,1,贵ARA341,白色,自培,自培,2011/12/30 0:00,2001/6/11 0:00,-1,宝骏牌,366870000000000000 ,36455051944148406X,197410,198009,20,3,5,工作日,非高峰,2015-05-07,2015年5月7日,阵雨 /雷阵雨,23℃ / 17℃,东南风 ≤3级 /东南风 ≤3级,阵雨,雷阵雨,23,17,东南风,≤3级,东南风,≤3级,night
2015-05-08 09:55:00,下坝村,1、追尾的,负全部责任,不负责任,1,贵A421G7,白色,1,贵AU7774,白色,自培,自培,2003/7/30 0:00,2001/8/27 0:00,江淮牌,捷达牌,35674551864775071X,364548000000000000 ,197203,198002,9,4,5,工作日,早高峰(7-9点),2015-05-08,2015年5月8日,阵雨 /多云,25℃ / 15℃,东南风 ≤3级 /东北风 ≤3级,阵雨,多云,25,15,东南风,≤3级,东北风,≤3级,day
2015-05-08 08:30:00,华山路,3、倒车的,负全部责任,不负责任,1,***,白色,1,贵A231F3,白色,自培,自培,2002/9/13 0:00,2005/11/3 0:00,-1,五菱牌,356164000000000000 ,35616351825666005X,196806,197612,8,4,5,工作日,早高峰(7-9点),2015-05-08,2015年5月8日,阵雨 /多云,25℃ / 15℃,东南风 ≤3级 /东北风 ≤3级,阵雨,多云,25,15,东南风,≤3级,东北风,≤3级,day
2015-05-08 12:00:00,油榨街,3、倒车的,负全部责任,不负责任,1,贵ASC491,白色,1,贵ABK817,白色,自培,自培,2006/7/11 0:00,2004/9/19 0:00,东风雪铁龙牌,奥迪牌,364547000000000000 ,364548000000000000 ,195611,198108,12,4,5,工作日,非高峰,2015-05-08,2015年5月8日,阵雨 /多云,25℃ / 15℃,东南风 ≤3级 /东北风 ≤3级,阵雨,多云,25,15,东南风,≤3级,东北风,≤3级,day
2015-05-08 17:00:00,观山东路,1、追尾的,负全部责任,不负责任,1,贵FT4419,黑,1,贵A6MO51,黑,自培,自培,2014/2/8 0:00,2002/12/24 0:00,-1,-1,724567000000000000 ,364547000000000000 ,199504,197412,17,4,5,工作日,晚高峰(17-19点),2015-05-08,2015年5月8日,阵雨 /多云,25℃ / 15℃,东南风 ≤3级 /东北风 ≤3级,阵雨,多云,25,15,东南风,≤3级,东北风,≤3级,day
2015-05-08 15:30:00,未来方舟,4、停车时未挂低速档、未拉驻车制动，导致车辆滑行的,负全部责任,不负责任,1,贵AG2765,红,1,贵A22L61,黑,自培,-1,2002/9/29 0:00,-1,宗申牌,斯柯达牌,354657000000000000 ,366046000000000000 ,197305,198004,15,4,5,工作日,非高峰,2015-05-08,2015年5月8日,阵雨 /多云,25℃ / 15℃,东南风 ≤3级 /东北风 ≤3级,阵雨,多云,25,15,东南风,≤3级,东北风,≤3级,day
2015-05-08 16:56:00,贵州日报社,7、未按规定让行的 ,负同等责任,不负责任,1,贵JCM299,黑,1,贵AU0269,蓝,自培,（南明区）长安驾驶培训有限公司,2004/12/9 0:00,2002/5/17 0:00,-1,奇瑞牌,36686351965666735X,355496000000000000 ,198212,198208,16,4,5,工作日,非高峰,2015-05-08,2015年5月8日,阵雨 /多云,25℃ / 15℃,东南风 ≤3级 /东北风 ≤3级,阵雨,多云,25,15,东南风,≤3级,东北风,≤3级,day