accidenttime,accidentaddr,driver1fault,driver1responsibility,driver2responsibility,sex1,platenumber1,carcolor1,sex2,platenumber2,carcolor2,jxmc1,jxmc2,cclzrq1,cclzrq2,clpp1,clpp2,driver1license,driver2license,brith1,brith2,hour,weekday,month,is_weekday,peak_hour,date,日期,天气状况,气温,风力风向,day_wea,night_wea,day_tep,night_tep,day_wind_direction,day_wind_speed,night_wind_direction,night_wind_speed,segment
2015-05-08 16:00:00,东站,3、倒车的,负全部责任,不负责任,1,贵CFZ027,白色,1,湘E7Z877,白色,自培,-1,2000/7/12 0:00,-1,-1,-1,366067000000000000 ,74360500000000000 ,197911,198710,16,4,5,工作日,非高峰,2015-05-08,2015年5月8日,阵雨 /多云,25℃ / 15℃,东南风 ≤3级 /东北风 ≤3级,阵雨,多云,25,15,东南风,≤3级,东北风,≤3级,day
2015-05-08 17:20:00,金阳,1、追尾的,负全部责任,不负责任,1,贵A92252,蓝,1,贵DK2949,蓝,自培,-1,2006/3/28 0:00,-1,豪泺牌,-1,36454651985460565X,36669500000000000 ,198710,959021,17,4,5,工作日,晚高峰(17-19点),2015-05-08,2015年5月8日,阵雨 /多云,25℃ / 15℃,东南风 ≤3级 /东北风 ≤3级,阵雨,多云,25,15,东南风,≤3级,东北风,≤3级,day
2015-05-08 18:00:00,北京西路,6、违反交通信号的,负全部责任,不负责任,1,浙C363BR,黑,1,贵AE2772,白,自培,黔南州交通驾驶学校,2002/12/6 0:00,-1,奥迪牌,隆鑫牌,77476051804865855X,364547000000000000 ,197407,198807,18,4,5,工作日,晚高峰(17-19点),2015-05-08,2015年5月8日,阵雨 /多云,25℃ / 15℃,东南风 ≤3级 /东北风 ≤3级,阵雨,多云,25,15,东南风,≤3级,东北风,≤3级,day
2015-05-08 18:11:00,金阳客运中心,7、未按规定让行的 ,负全部责任,不负责任,1,渝B95P83,黑,1,贵CHP428,红,自培,-1,2001/10/18 0:00,-1,-1,-1,355468000000000000 ,366577000000000000 ,197408,198211,18,4,5,工作日,晚高峰(17-19点),2015-05-08,2015年5月8日,阵雨 /多云,25℃ / 15℃,东南风 ≤3级 /东北风 ≤3级,阵雨,多云,25,15,东南风,≤3级,东北风,≤3级,day
2015-05-08 18:00:00,飞山街,1、追尾的,负全部责任,不负责任,1,贵A42G86,红,1,贵GY3918,黄,自培,自培,2004/4/9 0:00,2003/7/19 0:00,科雷傲,-1,354651000000000000 ,366666000000000000 ,197005,197611,18,4,5,工作日,晚高峰(17-19点),2015-05-08,2015年5月8日,阵雨 /多云,25℃ / 15℃,东南风 ≤3级 /东北风 ≤3级,阵雨,多云,25,15,东南风,≤3级,东北风,≤3级,day
2015-05-08 18:00:00,浦江路,7、未按规定让行的 ,负全部责任,不负责任,1,贵A42P21,白色,1,贵AKG156,白色,自培,安顺驾校,2002/5/16 0:00,2005/9/8 0:00,梅赛德斯-奔驰牌,马自达牌,364548000000000000 ,366346000000000000 ,198208,198212,18,4,5,工作日,晚高峰(17-19点),2015-05-08,2015年5月8日,阵雨 /多云,25℃ / 15℃,东南风 ≤3级 /东北风 ≤3级,阵雨,多云,25,15,东南风,≤3级,东北风,≤3级,day
2015-05-08 17:40:00,喷水池,1、追尾的,负全部责任,不负责任,1,贵AU1595,黄,1,贵EF1243,红,自培,-1,2004/11/24 0:00,-1,捷达牌,-1,364548000000000000 ,36676551864160337X,196911,197209,17,4,5,工作日,晚高峰(17-19点),2015-05-08,2015年5月8日,阵雨 /多云,25℃ / 15℃,东南风 ≤3级 /东北风 ≤3级,阵雨,多云,25,15,东南风,≤3级,东北风,≤3级,day
2015-05-09 05:10:00,高新区,8、依法应负全责的其他情形,负全部责任,不负责任,1,贵AGR139,红,1,贵AB571C,白,自培,贵州现代驾驶培训责任有限公司,2006/12/5 0:00,2014/12/17 0:00,比亚迪牌,大众汽车牌,366563000000000000 ,36666351164158527X,197806,199209,5,5,5,工作日,非高峰,2015-05-09,2015年5月9日,阵雨 /阵雨,23℃ / 16℃,东北风 ≤3级 /东南风 ≤3级,阵雨,阵雨,23,16,东北风,≤3级,东南风,≤3级,night
2015-05-09 09:40:00,盐务街,7、未按规定让行的 ,负全部责任,不负责任,1,贵A8BF69,黄,1,贵A95G88,黑,自培,市交校,2003/4/30 0:00,2014/7/19 0:00,长安牌,思威牌,364548000000000000 ,364548000000000000 ,197011,199104,9,5,5,工作日,早高峰(7-9点),2015-05-09,2015年5月9日,阵雨 /阵雨,23℃ / 16℃,东北风 ≤3级 /东南风 ≤3级,阵雨,阵雨,23,16,东北风,≤3级,东南风,≤3级,day
2015-05-09 10:10:00,杨家山隧道,1、追尾的,负全部责任,不负责任,1,贵A99799,白色,1,贵A13424,白色,自培,省交校,2003/8/18 0:00,2011/5/24 0:00,凌肯牌,钱江牌,366864000000000000 ,364566000000000000 ,198504,198907,10,5,5,工作日,非高峰,2015-05-09,2015年5月9日,阵雨 /阵雨,23℃ / 16℃,东北风 ≤3级 /东南风 ≤3级,阵雨,阵雨,23,16,东北风,≤3级,东南风,≤3级,day
2015-05-09 10:25:00,三桥,3、倒车的,负全部责任,不负责任,1,贵AWE459,黄,1,贵GL9737,白,自培,时发驾校,2004/8/18 0:00,2014/8/19 0:00,-1,-1,366562000000000000 ,364557000000000000 ,197008,198806,10,5,5,工作日,非高峰,2015-05-09,2015年5月9日,阵雨 /阵雨,23℃ / 16℃,东北风 ≤3级 /东南风 ≤3级,阵雨,阵雨,23,16,东北风,≤3级,东南风,≤3级,day
2015-05-09 12:31:00,大凹,8、依法应负全责的其他情形,负全部责任,不负责任,1,贵A089B2,白,1,贵A650954,红,自培,市警校驾校,2004/10/19 0:00,2011/12/6 0:00,江淮牌,-1,366367000000000000 ,366364000000000000 ,198404,197202,12,5,5,工作日,非高峰,2015-05-09,2015年5月9日,阵雨 /阵雨,23℃ / 16℃,东北风 ≤3级 /东南风 ≤3级,阵雨,阵雨,23,16,东北风,≤3级,东南风,≤3级,day
2015-05-09 13:00:00,浣纱路,7、未按规定让行的 ,负全部责任,不负责任,1,贵A2SA11,红,0,贵AMK564,白,自培,新峰驾校,2004/9/18 0:00,-1,-1,三菱牌,366664000000000000 ,366246000000000000 ,196109,196911,13,5,5,工作日,非高峰,2015-05-09,2015年5月9日,阵雨 /阵雨,23℃ / 16℃,东北风 ≤3级 /东南风 ≤3级,阵雨,阵雨,23,16,东北风,≤3级,东南风,≤3级,day
2015-05-09 14:11:00,美的林城路口,7、未按规定让行的 ,负全部责任,不负责任,1,贵A86B88,红,0,贵BE0277,白,自培,诚信驾驶培训学校,2004/7/14 0:00,2015/1/22 0:00,蒙迪欧牌,-1,366564000000000000 ,366577000000000000 ,197302,198503,14,5,5,工作日,非高峰,2015-05-09,2015年5月9日,阵雨 /阵雨,23℃ / 16℃,东北风 ≤3级 /东南风 ≤3级,阵雨,阵雨,23,16,东北风,≤3级,东南风,≤3级,day
2015-05-09 16:10:00,中华中路,7、未按规定让行的 ,负全部责任,不负责任,1,贵AU6146,黄,1,贵A33P64,黑,自培,自培,2002/12/9 0:00,2004/10/10 0:00,捷达牌,梅赛德斯-奔驰牌,36606651965455565X,366363000000000000 ,198210,196904,16,5,5,工作日,非高峰,2015-05-09,2015年5月9日,阵雨 /阵雨,23℃ / 16℃,东北风 ≤3级 /东南风 ≤3级,阵雨,阵雨,23,16,东北风,≤3级,东南风,≤3级,day
2015-05-09 16:00:00,新华路,1、追尾的,负全部责任,不负责任,1,贵A78M85,白色,1,贵A77H11,白色,自培,-1,2007/1/17 0:00,-1,大众牌,奇瑞牌,364548000000000000 ,3654650000000000 ,196812,973110,16,5,5,工作日,非高峰,2015-05-09,2015年5月9日,阵雨 /阵雨,23℃ / 16℃,东北风 ≤3级 /东南风 ≤3级,阵雨,阵雨,23,16,东北风,≤3级,东南风,≤3级,day
2015-05-09 15:30:00,黄河路,7、未按规定让行的 ,负全部责任,不负责任,1,贵AX2156,白色,1,贵CQ4678,白色,自培,-1,2006/9/27 0:00,-1,长安牌,-1,366361000000000000 ,36656551235668745X,196210,196512,15,5,5,工作日,非高峰,2015-05-09,2015年5月9日,阵雨 /阵雨,23℃ / 16℃,东北风 ≤3级 /东南风 ≤3级,阵雨,阵雨,23,16,东北风,≤3级,东南风,≤3级,day
2015-05-09 17:30:00,花果园,8、依法应负全责的其他情形,负全部责任,不负责任,1,贵A95C69,白色,1,贵FZ2079,白色,自培,长运驾校（南明区）,2001/5/25 0:00,2015/3/24 0:00,别克牌,-1,364548000000000000 ,366061000000000000 ,197401,199110,17,5,5,工作日,晚高峰(17-19点),2015-05-09,2015年5月9日,阵雨 /阵雨,23℃ / 16℃,东北风 ≤3级 /东南风 ≤3级,阵雨,阵雨,23,16,东北风,≤3级,东南风,≤3级,day
2015-05-09 19:06:00,云环路,7、未按规定让行的 ,负同等责任,不负责任,1,贵A08099,蓝,1,渝A11V43,红,自培,-1,2004/3/30 0:00,-1,豪泺牌,东风日产牌,364557000000000000 ,364546000000 ,197803,44642,19,5,5,工作日,晚高峰(17-19点),2015-05-09,2015年5月9日,阵雨 /阵雨,23℃ / 16℃,东北风 ≤3级 /东南风 ≤3级,阵雨,阵雨,23,16,东北风,≤3级,东南风,≤3级,day
2015-05-09 17:30:00,小河望城坡,8、依法应负全责的其他情形,负全部责任,不负责任,1,贵AU8660,白色,1,贵GW2326,白色,自培,自培,2010/3/23 0:00,2002/6/26 0:00,瑞麒牌,-1,366067000000000000 ,366862000000000000 ,197403,197006,17,5,5,工作日,晚高峰(17-19点),2015-05-09,2015年5月9日,阵雨 /阵雨,23℃ / 16℃,东北风 ≤3级 /东南风 ≤3级,阵雨,阵雨,23,16,东北风,≤3级,东南风,≤3级,day
2015-05-09 22:00:00,枣山路,7、未按规定让行的 ,负全部责任,不负责任,1,贵AMB497,红,0,贵AEE187,红,自培,市交校,2000/9/14 0:00,2011/12/24 0:00,夏利牌,比亚迪牌,354869000000000000 ,24462500000000000 ,197006,197211,22,5,5,工作日,非高峰,2015-05-09,2015年5月9日,阵雨 /阵雨,23℃ / 16℃,东北风 ≤3级 /东南风 ≤3级,阵雨,阵雨,23,16,东北风,≤3级,东南风,≤3级,night
2015-05-10 17:00:00,金竹镇,7、未按规定让行的 ,负全部责任,不负责任,1,贵A267G7,白色,1,贵A11V43,白色,自培,-1,2002/10/30 0:00,-1,解放牌,东风日产牌,366876000000000000 ,355262000000000000 ,196609,198510,17,6,5,周末,晚高峰(17-19点),2015-05-10,2015年5月10日,阵雨 /雷阵雨,25℃ / 14℃,南风 ≤3级 /南风 ≤3级,阵雨,雷阵雨,25,14,南风,≤3级,南风,≤3级,day
2015-05-08 16:56:00,贵州日报社,7、未按规定让行的 ,负全部责任,不负责任,1,贵AU0269,蓝,1,贵JCM299,黑,自培,自培,2002/5/17 0:00,2004/12/9 0:00,万达牌,-1,355496000000000000 ,36686351965666735X,198208,198212,16,4,5,工作日,非高峰,2015-05-08,2015年5月8日,阵雨 /多云,25℃ / 15℃,东南风 ≤3级 /东北风 ≤3级,阵雨,多云,25,15,东南风,≤3级,东北风,≤3级,day
2015-05-08 19:20:00,省政府,3、倒车的,负全部责任,不负责任,0,贵AHX618,黄,1,贵A4AY32,黑,自培,自培,2004/9/20 0:00,2003/5/27 0:00,海马牌,大众汽车牌,364548000000000000 ,364548000000000000 ,197111,198109,19,4,5,工作日,晚高峰(17-19点),2015-05-08,2015年5月8日,阵雨 /多云,25℃ / 15℃,东南风 ≤3级 /东北风 ≤3级,阵雨,多云,25,15,东南风,≤3级,东北风,≤3级,day
2015-05-08 18:00:00,西南环线,1、追尾的,负全部责任,不负责任,1,贵ANC574,白色,1,贵A6CC68,白色,自培,自培,2003/7/1 0:00,2003/8/29 0:00,东南牌,别克牌,364547000000000000 ,364558000000000000 ,196712,197105,18,4,5,工作日,晚高峰(17-19点),2015-05-08,2015年5月8日,阵雨 /多云,25℃ / 15℃,东南风 ≤3级 /东北风 ≤3级,阵雨,多云,25,15,东南风,≤3级,东北风,≤3级,day
2015-05-10 06:30:00,小河转盘,9、不符合前8款规定或者双方同时具有上述情形的,负同等责任,负同等责任,1,贵AKV826,白色,1,贵AUA041,白色,自培,贵州省长安驾驶培训学校,2003/12/1 0:00,2011/7/7 0:00,奇瑞牌,丰田牌,364547000000000000 ,366875000000000000 ,195711,197506,6,6,5,周末,非高峰,2015-05-10,2015年5月10日,阵雨 /雷阵雨,25℃ / 14℃,南风 ≤3级 /南风 ≤3级,阵雨,雷阵雨,25,14,南风,≤3级,南风,≤3级,day
2015-05-10 00:00:00,西二环,1、追尾的,负全部责任,不负责任,1,贵AHJ748,白色,1,贵AGU761,白色,自培,预约考试窗口,2000/11/24 0:00,2007/6/26 0:00,东风标致牌,众泰牌,366068000000000000 ,36606351284162745X,196509,196709,0,6,5,周末,非高峰,2015-05-10,2015年5月10日,阵雨 /雷阵雨,25℃ / 14℃,南风 ≤3级 /南风 ≤3级,阵雨,雷阵雨,25,14,南风,≤3级,南风,≤3级,night
2015-05-09 19:20:00,甲秀南路,1、追尾的,负全部责任,不负责任,1,贵ATR489,红,1,贵A797E5,白,自培,金华市培训学校金东分校,2007/8/17 0:00,2008/7/18 0:00,比亚迪牌,五菱牌,356168000000000000 ,366067000000000000 ,196908,198306,19,5,5,工作日,晚高峰(17-19点),2015-05-09,2015年5月9日,阵雨 /阵雨,23℃ / 16℃,东北风 ≤3级 /东南风 ≤3级,阵雨,阵雨,23,16,东北风,≤3级,东南风,≤3级,day
2015-05-10 03:30:00,浣纱路,8、依法应负全责的其他情形,负全部责任,不负责任,0,贵AWC976,黑,1,赣A0F769,黑,自培,-1,2003/9/12 0:00,-1,雷克萨斯,-1,774761000000000000 ,724568000000000000 ,197210,197102,3,6,5,周末,非高峰,2015-05-10,2015年5月10日,阵雨 /雷阵雨,25℃ / 14℃,南风 ≤3级 /南风 ≤3级,阵雨,雷阵雨,25,14,南风,≤3级,南风,≤3级,night
2015-05-09 20:00:00,三桥,7、未按规定让行的 ,负全部责任,不负责任,1,贵A015D3,白,1,贵BB3248,蓝,自培,-1,2006/9/4 0:00,-1,解放牌,-1,366067000000000000 ,364646000000000000 ,197908,197707,20,5,5,工作日,非高峰,2015-05-09,2015年5月9日,阵雨 /阵雨,23℃ / 16℃,东北风 ≤3级 /东南风 ≤3级,阵雨,阵雨,23,16,东北风,≤3级,东南风,≤3级,night
2015-05-10 08:30:00,白金大道,1、追尾的,负全部责任,不负责任,1,贵A5739T,黑,1,贵AC643S,红,自培,凯信驾校,2004/4/22 0:00,2014/9/30 0:00,猎豹牌,夏利牌,364548000000000000 ,366664000000000000 ,197908,197205,8,6,5,周末,早高峰(7-9点),2015-05-10,2015年5月10日,阵雨 /雷阵雨,25℃ / 14℃,南风 ≤3级 /南风 ≤3级,阵雨,雷阵雨,25,14,南风,≤3级,南风,≤3级,day
2015-05-10 10:00:00,兴关路,1、追尾的,负全部责任,不负责任,1,贵AU1357,白色,1,贵A0CC20,白色,自培,贵州现代驾驶培训责任有限公司,2007/11/15 0:00,2011/8/11 0:00,喜马牌,锋范牌,366367000000000000 ,364557000000000000 ,198211,198710,10,6,5,周末,非高峰,2015-05-10,2015年5月10日,阵雨 /雷阵雨,25℃ / 14℃,南风 ≤3级 /南风 ≤3级,阵雨,雷阵雨,25,14,南风,≤3级,南风,≤3级,day
2015-05-10 09:40:00,西二环,1、追尾的,负全部责任,不负责任,1,贵DW2682,白,1,浙J34649,黑,自培,-1,2006/9/11 0:00,-1,-1,-1,366766000000000000 ,55795500000000000 ,198801,198111,9,6,5,周末,早高峰(7-9点),2015-05-10,2015年5月10日,阵雨 /雷阵雨,25℃ / 14℃,南风 ≤3级 /南风 ≤3级,阵雨,雷阵雨,25,14,南风,≤3级,南风,≤3级,day
2015-05-10 09:00:00,太慈桥,8、依法应负全责的其他情形,负全部责任,不负责任,1,贵AG8105,白色,1,贵BBW296,白色,自培,-1,2000/7/18 0:00,-1,轻骑·铃木牌,-1,364548000000000000 ,366361000000000000 ,195208,199808,9,6,5,周末,早高峰(7-9点),2015-05-10,2015年5月10日,阵雨 /雷阵雨,25℃ / 14℃,南风 ≤3级 /南风 ≤3级,阵雨,雷阵雨,25,14,南风,≤3级,南风,≤3级,day
2015-05-10 10:00:00,二戈寨,7、未按规定让行的 ,负全部责任,不负责任,1,贵A21N92,白色,1,贵A5BE50,白色,自培,大地驾校,2002/6/24 0:00,2008/10/31 0:00,奥迪牌,吉利牌,36454751274975407X,364547000000000000 ,196308,197907,10,6,5,周末,非高峰,2015-05-10,2015年5月10日,阵雨 /雷阵雨,25℃ / 14℃,南风 ≤3级 /南风 ≤3级,阵雨,雷阵雨,25,14,南风,≤3级,南风,≤3级,day
2015-05-10 12:00:00,茶店,8、依法应负全责的其他情形,负全部责任,不负责任,1,贵A71L48,白,0,贵AEG539,红,自培,吉源驾校（南明区）,2002/5/27 0:00,2015/4/3 0:00,别克牌,吉利牌,364547000000000000 ,364558000000000000 ,196904,199507,12,6,5,周末,非高峰,2015-05-10,2015年5月10日,阵雨 /雷阵雨,25℃ / 14℃,南风 ≤3级 /南风 ≤3级,阵雨,雷阵雨,25,14,南风,≤3级,南风,≤3级,day
2015-05-10 13:25:00,科技学院,1、追尾的,负全部责任,不负责任,1,贵A995793,红,1,贵A7P569,蓝,自培,-1,2003/1/16 0:00,-1,-1,-1,364556000000000000 ,354767000000000000 ,198206,197501,13,6,5,周末,非高峰,2015-05-10,2015年5月10日,阵雨 /雷阵雨,25℃ / 14℃,南风 ≤3级 /南风 ≤3级,阵雨,雷阵雨,25,14,南风,≤3级,南风,≤3级,day
2015-05-10 11:30:00,白金大道,7、未按规定让行的 ,负全部责任,不负责任,1,贵AJN866,黑,1,贵A740G1,蓝,自培,-1,2003/8/20 0:00,-1,豪情牌,炎龙牌,36636051964246565X,364544000000 ,198206,608503,11,6,5,周末,非高峰,2015-05-10,2015年5月10日,阵雨 /雷阵雨,25℃ / 14℃,南风 ≤3级 /南风 ≤3级,阵雨,雷阵雨,25,14,南风,≤3级,南风,≤3级,day
2015-05-10 15:00:00,北二环,9、不符合前8款规定或者双方同时具有上述情形的,负同等责任,负同等责任,1,贵A052C4,白色,1,贵AV8308,白色,自培,诚信驾驶培训学校,2007/5/29 0:00,2009/3/17 0:00,凯马牌,起亚牌,366067000000000000 ,364567000000000000 ,197511,198909,15,6,5,周末,非高峰,2015-05-10,2015年5月10日,阵雨 /雷阵雨,25℃ / 14℃,南风 ≤3级 /南风 ≤3级,阵雨,雷阵雨,25,14,南风,≤3级,南风,≤3级,day
2015-05-10 15:20:00,花果园,1、追尾的,负全部责任,不负责任,1,贵AU1884,黄,1,贵A47Y79,黑,自培,-1,2008/12/30 0:00,-1,轻骑牌,丰田,74667500000000000 ,574668000000000000 ,198811,197608,15,6,5,周末,非高峰,2015-05-10,2015年5月10日,阵雨 /雷阵雨,25℃ / 14℃,南风 ≤3级 /南风 ≤3级,阵雨,雷阵雨,25,14,南风,≤3级,南风,≤3级,day
2015-05-10 15:00:00,小河万科,1、追尾的,负全部责任,不负责任,1,贵A5649学,黑色,1,川REN009,白色,自培,-1,2001/7/3 0:00,-1,-1,中华牌 ,364547000000000000 ,356166000000000000 ,196606,197506,15,6,5,周末,非高峰,2015-05-10,2015年5月10日,阵雨 /雷阵雨,25℃ / 14℃,南风 ≤3级 /南风 ≤3级,阵雨,雷阵雨,25,14,南风,≤3级,南风,≤3级,day
2015-05-10 14:20:00,甲秀南路,9、不符合前8款规定或者双方同时具有上述情形的,负同等责任,负同等责任,1,贵A6118J,白色,1,贵A35451,白色,自培,遵义市泥桥诚兴汽车驾驶培训学校,2004/2/4 0:00,2007/7/12 0:00,比亚迪牌,福田牌,364556000000000000 ,364556000000000000 ,197004,198502,14,6,5,周末,非高峰,2015-05-10,2015年5月10日,阵雨 /雷阵雨,25℃ / 14℃,南风 ≤3级 /南风 ≤3级,阵雨,雷阵雨,25,14,南风,≤3级,南风,≤3级,day
2015-05-10 16:00:00,长岭北路,8、依法应负全责的其他情形,负全部责任,不负责任,1,贵GK6491,白,1,贵A81986,黄,自培,路路达驾校,2008/6/2 0:00,2010/11/12 0:00,-1,-1,726347000000000000 ,366361000000000000 ,197906,197309,16,6,5,周末,非高峰,2015-05-10,2015年5月10日,阵雨 /雷阵雨,25℃ / 14℃,南风 ≤3级 /南风 ≤3级,阵雨,雷阵雨,25,14,南风,≤3级,南风,≤3级,day
2015-05-09 21:30:00,师大,1、追尾的,负全部责任,不负责任,1,贵AU4848,黄,1,云A1626M,红,自培,自培,2004/4/22 0:00,2002/8/12 0:00,嘉鹏牌,长安牌,366347000000000000 ,364548000000000000 ,198310,197411,21,5,5,工作日,非高峰,2015-05-09,2015年5月9日,阵雨 /阵雨,23℃ / 16℃,东北风 ≤3级 /东南风 ≤3级,阵雨,阵雨,23,16,东北风,≤3级,东南风,≤3级,night
2015-05-10 04:20:00,航天路,7、未按规定让行的 ,负全部责任,不负责任,1,贵J31381,蓝,1,贵AKA021,黑,自培,自培,2008/12/29 0:00,2006/6/16 0:00,-1,-1,366864000000000000 ,364557000000000000 ,197203,197608,4,6,5,周末,非高峰,2015-05-10,2015年5月10日,阵雨 /雷阵雨,25℃ / 14℃,南风 ≤3级 /南风 ≤3级,阵雨,雷阵雨,25,14,南风,≤3级,南风,≤3级,night
2015-05-10 18:00:00,黔灵山路,1、追尾的,负全部责任,不负责任,1,贵A12581,黑,1,贵A33R92,黑,自培,自培,2000/1/20 0:00,1996/7/25 0:00,上海别克,神行者2,364548000000000000 ,366367000000000000 ,197904,196702,18,6,5,周末,晚高峰(17-19点),2015-05-10,2015年5月10日,阵雨 /雷阵雨,25℃ / 14℃,南风 ≤3级 /南风 ≤3级,阵雨,雷阵雨,25,14,南风,≤3级,南风,≤3级,day
2015-05-10 18:40:00,八匹马,8、依法应负全责的其他情形,负全部责任,不负责任,1,贵AJ1748,黑,1,贵A4776V,白,自培,520109,2005/8/15 0:00,2010/1/6 0:00,铃木牌,雪佛兰牌,364556000000000000 ,364558000000000000 ,198209,198310,18,6,5,周末,晚高峰(17-19点),2015-05-10,2015年5月10日,阵雨 /雷阵雨,25℃ / 14℃,南风 ≤3级 /南风 ≤3级,阵雨,雷阵雨,25,14,南风,≤3级,南风,≤3级,day
2015-05-10 21:40:00,中山南路,1、追尾的,负全部责任,不负责任,1,贵AU6146,黄,1,贵ACP754,红,自培,鑫鑫驾校,2002/12/9 0:00,2014/11/5 0:00,万达牌,五菱牌,36606651965455565X,364557000000000000 ,198210,199302,21,6,5,周末,非高峰,2015-05-10,2015年5月10日,阵雨 /雷阵雨,25℃ / 14℃,南风 ≤3级 /南风 ≤3级,阵雨,雷阵雨,25,14,南风,≤3级,南风,≤3级,night
2015-05-10 18:20:00,煤矿村,8、依法应负全责的其他情形,负全部责任,不负责任,1,贵ALD242,白,1,贵FX1764,白,自培,-1,2007/6/18 0:00,-1,五菱,-1,366361000000000000 ,366068000000000000 ,196203,197303,18,6,5,周末,晚高峰(17-19点),2015-05-10,2015年5月10日,阵雨 /雷阵雨,25℃ / 14℃,南风 ≤3级 /南风 ≤3级,阵雨,雷阵雨,25,14,南风,≤3级,南风,≤3级,day
2015-05-11 03:40:00,二铺,4、停车时未挂低速档、未拉驻车制动，导致车辆滑行的,负全部责任,不负责任,1,贵AU7461,黄,1,贵FV2766,红,自培,-1,2004/11/20 0:00,-1,黄海牌,-1,366577000000000000 ,366068000000000000 ,197212,198707,3,0,5,工作日,非高峰,2015-05-11,2015年5月11日,多云 /多云,24℃ / 13℃,东北风 ≤3级 /东北风 ≤3级,多云,多云,24,13,东北风,≤3级,东北风,≤3级,night
2015-05-11 04:20:00,浣纱桥,5、开关车门的,负全部责任,不负责任,1,贵CN4524,红,1,贵AFA788,黄,自培,凯利驾校,2006/8/16 0:00,2008/9/4 0:00,-1,吉利牌,366566000000000000 ,366064000000000000 ,198707,198607,4,0,5,工作日,非高峰,2015-05-11,2015年5月11日,多云 /多云,24℃ / 13℃,东北风 ≤3级 /东北风 ≤3级,多云,多云,24,13,东北风,≤3级,东北风,≤3级,night
2015-05-11 08:00:00,小河长江路,7、未按规定让行的 ,负全部责任,不负责任,1,贵J4N768,白色,1,冀JXB623,白色,自培,-1,2009/7/9 0:00,-1,-1,-1,56863500000000000 ,574162000000000000 ,198606,198307,8,0,5,工作日,早高峰(7-9点),2015-05-11,2015年5月11日,多云 /多云,24℃ / 13℃,东北风 ≤3级 /东北风 ≤3级,多云,多云,24,13,东北风,≤3级,东北风,≤3级,day
2015-05-11 08:30:00,小河转盘,1、追尾的,负全部责任,不负责任,1,贵GV7123,白色,1,贵A89E51,白色,自培,长运驾校,2007/4/10 0:00,2013/11/5 0:00,-1,-1,366864000000000000 ,364551000000000000 ,198712,198101,8,0,5,工作日,早高峰(7-9点),2015-05-11,2015年5月11日,多云 /多云,24℃ / 13℃,东北风 ≤3级 /东北风 ≤3级,多云,多云,24,13,东北风,≤3级,东北风,≤3级,day
2015-05-11 09:30:00,清水江路,7、未按规定让行的 ,负全部责任,不负责任,1,贵JDC983,白色,1,贵A6C455,白色,自培,-1,2004/3/30 0:00,-1,-1,-1,355761000000000000 ,364548000000000000 ,197602,198406,9,0,5,工作日,早高峰(7-9点),2015-05-11,2015年5月11日,多云 /多云,24℃ / 13℃,东北风 ≤3级 /东北风 ≤3级,多云,多云,24,13,东北风,≤3级,东北风,≤3级,day
2015-05-11 10:00:00,百花大道,7、未按规定让行的 ,负全部责任,不负责任,1,贵ARN526,白,1,贵JAA577,红,自培,黔丰驾校,2004/3/20 0:00,2015/2/12 0:00,东风日产牌,-1,355468000000000000 ,36637451144841577X,197906,199007,10,0,5,工作日,非高峰,2015-05-11,2015年5月11日,多云 /多云,24℃ / 13℃,东北风 ≤3级 /东北风 ≤3级,多云,多云,24,13,东北风,≤3级,东北风,≤3级,day
2015-05-11 11:10:00,黔灵山路,1、追尾的,负全部责任,不负责任,1,贵A3009S,黑,1,贵A25L69,白,自培,吉源驾校,2006/11/2 0:00,2014/7/30 0:00,东风日产牌,福克斯牌,364556000000000000 ,366546000000000000 ,198808,196907,11,0,5,工作日,非高峰,2015-05-11,2015年5月11日,多云 /多云,24℃ / 13℃,东北风 ≤3级 /东北风 ≤3级,多云,多云,24,13,东北风,≤3级,东北风,≤3级,day
2015-05-11 10:00:00,二戈寨,7、未按规定让行的 ,负全部责任,不负责任,1,贵A41N92,白色,1,贵A5BE50,白色,自培,-1,2002/6/24 0:00,-1,翼搏牌,吉利牌,36454751274975407X,36454700000000000 ,196308,199072,10,0,5,工作日,非高峰,2015-05-11,2015年5月11日,多云 /多云,24℃ / 13℃,东北风 ≤3级 /东北风 ≤3级,多云,多云,24,13,东北风,≤3级,东北风,≤3级,day
2015-05-11 11:00:00,西南商贸城,8、依法应负全责的其他情形,负全部责任,不负责任,1,贵GY2764,白,1,贵A9BF53,白,自培,-1,2005/3/18 0:00,-1,-1,凯迪拉克,774266000000000000 ,355468000000000000 ,197002,198907,11,0,5,工作日,非高峰,2015-05-11,2015年5月11日,多云 /多云,24℃ / 13℃,东北风 ≤3级 /东北风 ≤3级,多云,多云,24,13,东北风,≤3级,东北风,≤3级,day
2015-05-11 11:30:00,云潭南路,9、不符合前8款规定或者双方同时具有上述情形的,负同等责任,负同等责任,1,贵AU0633,黄,0,贵A96494,蓝,自培,-1,2007/7/3 0:00,-1,万达牌,金旅,366367000000000000 ,36063500000000000 ,198107,987081,11,0,5,工作日,非高峰,2015-05-11,2015年5月11日,多云 /多云,24℃ / 13℃,东北风 ≤3级 /东北风 ≤3级,多云,多云,24,13,东北风,≤3级,东北风,≤3级,day