accidenttime,accidentaddr,driver1fault,driver1responsibility,driver2responsibility,sex1,platenumber1,carcolor1,sex2,platenumber2,carcolor2,jxmc1,jxmc2,cclzrq1,cclzrq2,clpp1,clpp2,driver1license,driver2license,brith1,brith2,hour,weekday,month,is_weekday,peak_hour,date,日期,天气状况,气温,风力风向,day_wea,night_wea,day_tep,night_tep,day_wind_direction,day_wind_speed,night_wind_direction,night_wind_speed,segment
2015-05-11 10:00:00,西二环,1、追尾的,负全部责任,不负责任,1,贵A3BH64,蓝,1,贵A68V84,黑,自培,六盘水市达安驾驶培训学校,2003/11/17 0:00,-1,吉利牌,歌诗图牌,366368000000000000 ,05617651824961765X,197408,197608,10,0,5,工作日,非高峰,2015-05-11,2015年5月11日,多云 /多云,24℃ / 13℃,东北风 ≤3级 /东北风 ≤3级,多云,多云,24,13,东北风,≤3级,东北风,≤3级,day
2015-05-11 13:48:00,云潭南路,7、未按规定让行的 ,负全部责任,不负责任,0,贵A8BW74,白,1,贵CPG381,红,自培,-1,2002/7/30 0:00,-1,北京牌,-1,364547000000000000 ,366569000000000000 ,196710,197812,13,0,5,工作日,非高峰,2015-05-11,2015年5月11日,多云 /多云,24℃ / 13℃,东北风 ≤3级 /东北风 ≤3级,多云,多云,24,13,东北风,≤3级,东北风,≤3级,day
2015-05-11 14:30:00,经开区,7、未按规定让行的 ,负全部责任,不负责任,1,贵A95072,白色,1,粤B31821,白色,自培,-1,2004/4/27 0:00,-1,隆鑫牌,-1,364556000000000000 ,356169000000000000 ,198106,195311,14,0,5,工作日,非高峰,2015-05-11,2015年5月11日,多云 /多云,24℃ / 13℃,东北风 ≤3级 /东北风 ≤3级,多云,多云,24,13,东北风,≤3级,东北风,≤3级,day
2015-05-10 16:00:00,甲秀南路,7、未按规定让行的 ,负全部责任,不负责任,1,贵AH3259,白色,1,贵AP0640,白色,自培,自培,2002/8/9 0:00,2014/5/19 0:00,宝马牌,力之星牌,774861000000000000 ,366663000000000000 ,195803,197607,16,6,5,周末,非高峰,2015-05-10,2015年5月10日,阵雨 /雷阵雨,25℃ / 14℃,南风 ≤3级 /南风 ≤3级,阵雨,雷阵雨,25,14,南风,≤3级,南风,≤3级,day
2015-05-10 16:15:00,凤凰山,8、依法应负全责的其他情形,负全部责任,不负责任,1,贵A82H78,白色,1,贵AFZ957,白色,自培,自培,2006/6/23 0:00,2006/5/30 0:00,雪佛兰牌,速腾牌,366347000000000000 ,364547000000000000 ,198409,194912,16,6,5,周末,非高峰,2015-05-10,2015年5月10日,阵雨 /雷阵雨,25℃ / 14℃,南风 ≤3级 /南风 ≤3级,阵雨,雷阵雨,25,14,南风,≤3级,南风,≤3级,day
2015-05-10 22:30:00,宝山路,7、未按规定让行的 ,负全部责任,不负责任,1,云AR417S,白色,1,贵AL0276,白色,自培,自培,2013/8/14 0:00,2001/9/29 0:00,-1,思迪牌,674669000000000000 ,366346000000000000 ,197507,194603,22,6,5,周末,非高峰,2015-05-10,2015年5月10日,阵雨 /雷阵雨,25℃ / 14℃,南风 ≤3级 /南风 ≤3级,阵雨,雷阵雨,25,14,南风,≤3级,南风,≤3级,night
2015-05-10 21:55:00,新添大道,7、未按规定让行的 ,负全部责任,不负责任,1,贵A94015,白,1,贵GGB601,黑,自培,自培,2004/6/8 0:00,2001/4/28 0:00,陕汽牌,-1,366367000000000000 ,64542500000000000 ,197504,196712,21,6,5,周末,非高峰,2015-05-10,2015年5月10日,阵雨 /雷阵雨,25℃ / 14℃,南风 ≤3级 /南风 ≤3级,阵雨,雷阵雨,25,14,南风,≤3级,南风,≤3级,night
2015-05-11 16:30:00,商贸城,1、追尾的,负全部责任,不负责任,0,贵AKY354,蓝,1,贵AR2542,黑,自培,诚信驾驶培训学校,2003/3/28 0:00,2011/9/14 0:00,揽胜极光,圣火神牌,36634651805662406X,364548000000000000 ,197412,198705,16,0,5,工作日,非高峰,2015-05-11,2015年5月11日,多云 /多云,24℃ / 13℃,东北风 ≤3级 /东北风 ≤3级,多云,多云,24,13,东北风,≤3级,东北风,≤3级,day
2015-05-11 19:00:00,二戈寨,7、未按规定让行的 ,负全部责任,不负责任,1,贵A8B603,白色,1,贵HBA337,白色,自培,（云岩区）省交通职业技术驾驶培训学校,2006/8/29 0:00,2012/10/8 0:00,-1,-1,364547000000000000 ,36686351144256047X,198312,199006,19,0,5,工作日,晚高峰(17-19点),2015-05-11,2015年5月11日,多云 /多云,24℃ / 13℃,东北风 ≤3级 /东北风 ≤3级,多云,多云,24,13,东北风,≤3级,东北风,≤3级,day
2015-05-12 00:00:00,三桥,8、依法应负全责的其他情形,负全部责任,不负责任,1,粤A9872J,黑,1,贵FV1415,白,自培,520131,2003/8/30 0:00,2009/12/14 0:00,-1,-1,64555500000000000 ,366046000000000000 ,196711,198203,0,1,5,工作日,非高峰,2015-05-12,2015年5月12日,阴 /雷阵雨,24℃ / 13℃,南风 ≤3级 /南风 ≤3级,阴,雷阵雨,24,13,南风,≤3级,南风,≤3级,night
2015-05-12 04:30:00,医学院,7、未按规定让行的 ,负全部责任,不负责任,1,贵AU1962,白色,1,贵AU055,白色,自培,520117,2002/9/10 0:00,2008/9/19 0:00,瑞麒牌,-1,366067000000000000 ,366367000000000000 ,196702,197810,4,1,5,工作日,非高峰,2015-05-12,2015年5月12日,阴 /雷阵雨,24℃ / 13℃,南风 ≤3级 /南风 ≤3级,阴,雷阵雨,24,13,南风,≤3级,南风,≤3级,night
2015-05-12 08:00:00,浣纱路,1、追尾的,负全部责任,不负责任,1,贵A87M94,黄,1,贵ABH477,黑,自培,时发驾校,2001/8/8 0:00,2012/10/23 0:00,大众汽车牌,奇瑞牌,364547000000000000 ,264544000000000000 ,196907,197606,8,1,5,工作日,早高峰(7-9点),2015-05-12,2015年5月12日,阴 /雷阵雨,24℃ / 13℃,南风 ≤3级 /南风 ≤3级,阴,雷阵雨,24,13,南风,≤3级,南风,≤3级,day
2015-05-12 08:20:00,贵开路,7、未按规定让行的 ,负全部责任,不负责任,1,贵AWB140,黄,1,贵A81118,黑,自培,自培,2004/5/19 0:00,1998/6/9 0:00,双龙爱腾,别克,364547000000000000 ,364548000000000000 ,198007,196712,8,1,5,工作日,早高峰(7-9点),2015-05-12,2015年5月12日,阴 /雷阵雨,24℃ / 13℃,南风 ≤3级 /南风 ≤3级,阴,雷阵雨,24,13,南风,≤3级,南风,≤3级,day
2015-05-12 08:30:00,艳山红路,7、未按规定让行的 ,负全部责任,不负责任,1,贵A8267U,黑,1,贵A1377T,蓝,自培,文通驾校,2002/6/7 0:00,2006/1/12 0:00,东风标致牌,英伦牌,364558000000000000 ,364596000000000000 ,197611,198512,8,1,5,工作日,早高峰(7-9点),2015-05-12,2015年5月12日,阴 /雷阵雨,24℃ / 13℃,南风 ≤3级 /南风 ≤3级,阴,雷阵雨,24,13,南风,≤3级,南风,≤3级,day
2015-05-12 10:00:00,花溪大道,7、未按规定让行的 ,负全部责任,不负责任,1,贵ASS966,白色,1,贵A387B5,白色,自培,自培,2004/9/27 0:00,-1,晶锐牌,福田牌,364547000000000000 ,366067000000000000 ,197406,197710,10,1,5,工作日,非高峰,2015-05-12,2015年5月12日,阴 /雷阵雨,24℃ / 13℃,南风 ≤3级 /南风 ≤3级,阴,雷阵雨,24,13,南风,≤3级,南风,≤3级,day
2015-05-12 11:20:00,会展东路,1、追尾的,负全部责任,不负责任,1,辉GAE379,白,1,鲁R3926,蓝,自培,-1,2006/12/31 0:00,-1,-1,-1,366367000000000000 ,706666000000000000 ,198706,197103,11,1,5,工作日,非高峰,2015-05-12,2015年5月12日,阴 /雷阵雨,24℃ / 13℃,南风 ≤3级 /南风 ≤3级,阴,雷阵雨,24,13,南风,≤3级,南风,≤3级,day
2015-05-12 12:00:00,中曹司大桥,8、依法应负全责的其他情形,负全部责任,不负责任,1,贵A003H9,白色,1,贵A5087V,白色,自培,-1,2007/9/21 0:00,-1,南骏牌,长城牌,355468000000000000 ,354566000000000000 ,197709,197507,12,1,5,工作日,非高峰,2015-05-12,2015年5月12日,阴 /雷阵雨,24℃ / 13℃,南风 ≤3级 /南风 ≤3级,阴,雷阵雨,24,13,南风,≤3级,南风,≤3级,day
2015-05-12 11:30:00,小河平桥,7、未按规定让行的 ,负全部责任,不负责任,0,贵G79G39,黑,1,贵A01362,红,自培,-1,2012/5/15 0:00,-1,-1,解放,364558000000000000 ,357475000000000000 ,199104,197809,11,1,5,工作日,非高峰,2015-05-12,2015年5月12日,阴 /雷阵雨,24℃ / 13℃,南风 ≤3级 /南风 ≤3级,阴,雷阵雨,24,13,南风,≤3级,南风,≤3级,day
2015-05-12 12:00:00,西二环,1、追尾的,负全部责任,不负责任,1,贵GAB976,白色,1,豫A5186L,白色,自培,-1,2003/5/28 0:00,-1,-1,吉利美日,366061000000000000 ,74262500000000000 ,196804,196910,12,1,5,工作日,非高峰,2015-05-12,2015年5月12日,阴 /雷阵雨,24℃ / 13℃,南风 ≤3级 /南风 ≤3级,阴,雷阵雨,24,13,南风,≤3级,南风,≤3级,day
2015-05-12 14:45:00,白金大道,7、未按规定让行的 ,负全部责任,不负责任,1,贵AA262E,红,1,贵JED121,白,自培,贵工驾校,2003/12/30 0:00,-1,五菱牌,-1,366367000000000000 ,366875000000000000 ,198301,199212,14,1,5,工作日,非高峰,2015-05-12,2015年5月12日,阴 /雷阵雨,24℃ / 13℃,南风 ≤3级 /南风 ≤3级,阴,雷阵雨,24,13,南风,≤3级,南风,≤3级,day
2015-05-12 16:00:00,北京西路,1、追尾的,负全部责任,不负责任,1,贵JAQ663,白色,1,桂AVY838,白色,自培,-1,2014/2/24 0:00,-1,-1,-1,366862000000000000 ,74262500000000000 ,198711,197710,16,1,5,工作日,非高峰,2015-05-12,2015年5月12日,阴 /雷阵雨,24℃ / 13℃,南风 ≤3级 /南风 ≤3级,阴,雷阵雨,24,13,南风,≤3级,南风,≤3级,day
2015-05-12 14:20:00,都司路,8、依法应负全责的其他情形,负全部责任,不负责任,1,贵AU6628,黄,0,贵ACE181,红,自培,-1,2000/11/14 0:00,-1,钱江牌,比亚迪牌,364548000000000000 ,36454751994660282X,196510,198802,14,1,5,工作日,非高峰,2015-05-12,2015年5月12日,阴 /雷阵雨,24℃ / 13℃,南风 ≤3级 /南风 ≤3级,阴,雷阵雨,24,13,南风,≤3级,南风,≤3级,day
2015-05-12 16:00:00,麦架镇,3、倒车的,负全部责任,不负责任,1,贵AU1518,黄,1,贵A77786,黑,自培,（南明区）铁二局驾驶培训有限公司,2004/3/30 0:00,2011/8/18 0:00,捷达牌,北京,364548000000000000 ,364558000000000000 ,195801,198502,16,1,5,工作日,非高峰,2015-05-12,2015年5月12日,阴 /雷阵雨,24℃ / 13℃,南风 ≤3级 /南风 ≤3级,阴,雷阵雨,24,13,南风,≤3级,南风,≤3级,day
2015-05-12 17:15:00,碧海南路,8、依法应负全责的其他情形,负全部责任,不负责任,1,贵GP7533,红,0,贵A92H87,蓝,自培,铁二局驾校,2004/9/2 0:00,2013/4/28 0:00,-1,福克斯牌,364556000000000000 ,366370000000000000 ,198401,199001,17,1,5,工作日,晚高峰(17-19点),2015-05-12,2015年5月12日,阴 /雷阵雨,24℃ / 13℃,南风 ≤3级 /南风 ≤3级,阴,雷阵雨,24,13,南风,≤3级,南风,≤3级,day
2015-05-12 18:45:00,博物馆,1、追尾的,负全部责任,不负责任,1,贵A5BN72,白,1,贵AEY254,黑,自培,-1,2007/4/10 0:00,-1,大众汽车牌,宝马牌,366064000000000000 ,57271473777 ,197602,35333,18,1,5,工作日,晚高峰(17-19点),2015-05-12,2015年5月12日,阴 /雷阵雨,24℃ / 13℃,南风 ≤3级 /南风 ≤3级,阴,雷阵雨,24,13,南风,≤3级,南风,≤3级,day
2015-05-12 17:00:00,天河潭,3、倒车的,负全部责任,不负责任,1,贵A35098,白色,1,贵CH2512,白色,自培,-1,2010/2/5 0:00,-1,福狮牌,-1,36867500000000000 ,366567000000000000 ,198808,197206,17,1,5,工作日,晚高峰(17-19点),2015-05-12,2015年5月12日,阴 /雷阵雨,24℃ / 13℃,南风 ≤3级 /南风 ≤3级,阴,雷阵雨,24,13,南风,≤3级,南风,≤3级,day
2015-05-12 17:00:00,龙洞堡,8、依法应负全责的其他情形,负全部责任,不负责任,1,贵HBA482,白色,1,贵A109D9,白色,自培,-1,2003/4/30 0:00,-1,-1,东风牌,364556000000000000 ,366868000000000000 ,198502,198708,17,1,5,工作日,晚高峰(17-19点),2015-05-12,2015年5月12日,阴 /雷阵雨,24℃ / 13℃,南风 ≤3级 /南风 ≤3级,阴,雷阵雨,24,13,南风,≤3级,南风,≤3级,day
2015-05-11 15:10:00,都司路,9、不符合前8款规定或者双方同时具有上述情形的,负同等责任,负同等责任,1,贵F68839,红,1,贵ALF236,黄,自培,自培,2011/1/23 0:00,2001/3/9 0:00,-1,长安牌,366067000000000000 ,366347000000000000 ,198804,198208,15,0,5,工作日,非高峰,2015-05-11,2015年5月11日,多云 /多云,24℃ / 13℃,东北风 ≤3级 /东北风 ≤3级,多云,多云,24,13,东北风,≤3级,东北风,≤3级,day
2015-05-11 15:30:00,朝阳路,1、追尾的,负全部责任,不负责任,1,贵ASW974,白色,1,贵A68L15,白色,自培,自培,2001/9/13 0:00,2002/5/21 0:00,东风日产牌,思铭牌,364547000000000000 ,366669000000000000 ,196008,197503,15,0,5,工作日,非高峰,2015-05-11,2015年5月11日,多云 /多云,24℃ / 13℃,东北风 ≤3级 /东北风 ≤3级,多云,多云,24,13,东北风,≤3级,东北风,≤3级,day
2015-05-12 13:00:00,笔山路口,3、倒车的,负全部责任,不负责任,1,贵AM3065,白色,1,贵A62A18,白色,自培,自培,2013/10/30 0:00,2004/5/31 0:00,豪爵牌,长安,366663000000000000 ,366361000000000000 ,197112,197208,13,1,5,工作日,非高峰,2015-05-12,2015年5月12日,阴 /雷阵雨,24℃ / 13℃,南风 ≤3级 /南风 ≤3级,阴,雷阵雨,24,13,南风,≤3级,南风,≤3级,day
2015-05-12 17:00:00,沙冲路,7、未按规定让行的 ,负全部责任,不负责任,1,贵A6S509,白色,1,贵A0EA94,白色,自培,自培,2002/10/29 0:00,2001/12/30 0:00,-1,骏派牌,364548000000000000 ,364547000000000000 ,195307,197209,17,1,5,工作日,晚高峰(17-19点),2015-05-12,2015年5月12日,阴 /雷阵雨,24℃ / 13℃,南风 ≤3级 /南风 ≤3级,阴,雷阵雨,24,13,南风,≤3级,南风,≤3级,day
2015-05-12 16:30:00,五里冲,8、依法应负全责的其他情形,负全部责任,不负责任,1,渝BD7125,黄,1,贵A4BK86,黑,自培,自培,2009/4/16 0:00,2005/9/6 0:00,-1,东风日产牌,354669000000000000 ,36455651865463665X,197110,197210,16,1,5,工作日,非高峰,2015-05-12,2015年5月12日,阴 /雷阵雨,24℃ / 13℃,南风 ≤3级 /南风 ≤3级,阴,雷阵雨,24,13,南风,≤3级,南风,≤3级,day
2015-05-12 20:35:00,陕西路,8、依法应负全责的其他情形,负全部责任,不负责任,1,贵ADH369,红,1,贵AV6898,红,自培,-1,2000/10/26 0:00,-1,锋范牌,别克牌,364556000000000000 ,364547000000000000 ,196209,197809,20,1,5,工作日,非高峰,2015-05-12,2015年5月12日,阴 /雷阵雨,24℃ / 13℃,南风 ≤3级 /南风 ≤3级,阴,雷阵雨,24,13,南风,≤3级,南风,≤3级,night
2015-05-12 23:00:00,宅吉小区,3、倒车的,负全部责任,不负责任,1,贵AU6932,白色,1,贵A3514T,白色,自培,新华驾校,2004/7/20 0:00,2011/7/12 0:00,恒通客车牌,别克,366067000000000000 ,366367000000000000 ,197910,196601,23,1,5,工作日,非高峰,2015-05-12,2015年5月12日,阴 /雷阵雨,24℃ / 13℃,南风 ≤3级 /南风 ≤3级,阴,雷阵雨,24,13,南风,≤3级,南风,≤3级,night
2015-05-13 07:28:00,金阳北路,1、追尾的,负全部责任,不负责任,1,贵AAB859,红,1,贵A9327H,红,自培,消防驾校,2004/7/5 0:00,2012/1/4 0:00,北京现代牌,骊威牌,364556000000000000 ,364547000000000000 ,197006,197209,7,2,5,工作日,早高峰(7-9点),2015-05-13,2015年5月13日,多云 /阵雨,26℃ / 19℃,东南风 ≤3级 /东南风 ≤3级,多云,阵雨,26,19,东南风,≤3级,东南风,≤3级,day
2015-05-13 07:51:00,大营坡,7、未按规定让行的 ,负全部责任,不负责任,1,贵JB8878,白,1,贵A38X29,白,自培,（观山湖区）蓝天驾驶培训有限公司,2011/12/14 0:00,2002/4/4 0:00,-1,华泰圣达菲牌,36459551924255497X,366561000000000000 ,198606,197206,7,2,5,工作日,早高峰(7-9点),2015-05-13,2015年5月13日,多云 /阵雨,26℃ / 19℃,东南风 ≤3级 /东南风 ≤3级,多云,阵雨,26,19,东南风,≤3级,东南风,≤3级,day
2015-05-13 07:30:00,医学院,7、未按规定让行的 ,负全部责任,不负责任,1,贵HBH188,白,1,贵AU3448,黄,自培,（南明区）现代驾驶培训有限公司,2007/8/15 0:00,1998/4/30 0:00,-1,力帆牌,25686751924165403X,36454751814067765X,198609,197904,7,2,5,工作日,早高峰(7-9点),2015-05-13,2015年5月13日,多云 /阵雨,26℃ / 19℃,东南风 ≤3级 /东南风 ≤3级,多云,阵雨,26,19,东南风,≤3级,东南风,≤3级,day
2015-05-13 09:00:00,二铺,9、不符合前8款规定或者双方同时具有上述情形的,负同等责任,负同等责任,1,贵A3716学,红,0,贵A4022B,蓝,自培,520110,2001/9/19 0:00,-1,-1,甲壳虫,364557000000000000 ,366246000000000000 ,196311,198208,9,2,5,工作日,早高峰(7-9点),2015-05-13,2015年5月13日,多云 /阵雨,26℃ / 19℃,东南风 ≤3级 /东南风 ≤3级,多云,阵雨,26,19,东南风,≤3级,东南风,≤3级,day
2015-05-13 08:00:00,箭道街,1、追尾的,负全部责任,不负责任,1,贵AH9162,白色,1,渝HF8349,白色,自培,-1,2003/11/25 0:00,-1,大众汽车牌,-1,74346500000000000 ,366670000000000000 ,197510,798501,8,2,5,工作日,早高峰(7-9点),2015-05-13,2015年5月13日,多云 /阵雨,26℃ / 19℃,东南风 ≤3级 /东南风 ≤3级,多云,阵雨,26,19,东南风,≤3级,东南风,≤3级,day
2015-05-13 09:59:00,苗圃一号隧道,1、追尾的,负全部责任,不负责任,1,贵AKE979,蓝,0,贵JDN493,白,自培,市交校,2012/9/27 0:00,2011/4/28 0:00,别克牌,-1,354596000000000000 ,364547000000000000 ,198808,198112,9,2,5,工作日,早高峰(7-9点),2015-05-13,2015年5月13日,多云 /阵雨,26℃ / 19℃,东南风 ≤3级 /东南风 ≤3级,多云,阵雨,26,19,东南风,≤3级,东南风,≤3级,day
2015-05-13 10:00:00,新添立交,7、未按规定让行的 ,负全部责任,不负责任,1,渝A71U41,蓝,1,贵AHY684,红,自培,贵州省长安驾驶培训学校,2004/6/29 0:00,2010/12/10 0:00,-1,科雷傲,364548000000000000 ,366568000000000000 ,197508,199004,10,2,5,工作日,非高峰,2015-05-13,2015年5月13日,多云 /阵雨,26℃ / 19℃,东南风 ≤3级 /东南风 ≤3级,多云,阵雨,26,19,东南风,≤3级,东南风,≤3级,day
2015-05-13 11:19:00,浣纱桥,7、未按规定让行的 ,负全部责任,不负责任,1,贵AV6124,白,1,贵AV6138,黄,自培,预约考试窗口,2007/6/25 0:00,2006/10/20 0:00,国威牌,双狮牌,364548000000000000 ,366061000000000000 ,195806,198805,11,2,5,工作日,非高峰,2015-05-13,2015年5月13日,多云 /阵雨,26℃ / 19℃,东南风 ≤3级 /东南风 ≤3级,多云,阵雨,26,19,东南风,≤3级,东南风,≤3级,day
2015-05-13 11:00:00,花果园,4、停车时未挂低速档、未拉驻车制动，导致车辆滑行的,负全部责任,不负责任,1,贵A869A4,白色,1,贵F19691,白色,自培,-1,2005/10/31 0:00,-1,江铃牌,-1,374764000000000000 ,366070000000000000 ,198404,197412,11,2,5,工作日,非高峰,2015-05-13,2015年5月13日,多云 /阵雨,26℃ / 19℃,东南风 ≤3级 /东南风 ≤3级,多云,阵雨,26,19,东南风,≤3级,东南风,≤3级,day
2015-05-13 13:30:00,百花大道,7、未按规定让行的 ,负同等责任,负同等责任,1,贵ATB576,红,1,贵A41M93,蓝,自培,全林驾校,2004/12/17 0:00,2013/9/22 0:00,别克牌,长安牌,366764000000000000 ,364596000000000000 ,198508,199205,13,2,5,工作日,非高峰,2015-05-13,2015年5月13日,多云 /阵雨,26℃ / 19℃,东南风 ≤3级 /东南风 ≤3级,多云,阵雨,26,19,东南风,≤3级,东南风,≤3级,day
2015-05-13 13:40:00,北二环,1、追尾的,负全部责任,不负责任,1,贵A6P540,红,1,贵AC1185,白,自培,贵州省长安驾驶培训学校,2006/7/20 0:00,2010/6/29 0:00,-1,钱江牌,366347000000000000 ,36656651965640255X,197705,198212,13,2,5,工作日,非高峰,2015-05-13,2015年5月13日,多云 /阵雨,26℃ / 19℃,东南风 ≤3级 /东南风 ≤3级,多云,阵雨,26,19,东南风,≤3级,东南风,≤3级,day
2015-05-13 15:10:00,三桥,1、追尾的,负全部责任,不负责任,1,贵A4329F,白,0,贵OR0131,白,自培,绥阳驾校,2006/4/25 0:00,-1,解放牌,-1,706646000000000000 ,366568000000000000 ,197309,197108,15,2,5,工作日,非高峰,2015-05-13,2015年5月13日,多云 /阵雨,26℃ / 19℃,东南风 ≤3级 /东南风 ≤3级,多云,阵雨,26,19,东南风,≤3级,东南风,≤3级,day
2015-05-13 17:20:00,金源购物中心,3、倒车的,负全部责任,不负责任,1,贵AAK748,红,1,贵A65L94,白,自培,诚信驾驶培训学校,2001/9/13 0:00,2012/3/5 0:00,新阳光牌,长城牌,364558000000000000 ,366363000000000000 ,198012,197307,17,2,5,工作日,晚高峰(17-19点),2015-05-13,2015年5月13日,多云 /阵雨,26℃ / 19℃,东南风 ≤3级 /东南风 ≤3级,多云,阵雨,26,19,东南风,≤3级,东南风,≤3级,day
2015-05-13 18:00:00,都司路高架桥上,1、追尾的,负全部责任,不负责任,1,贵A89631,白色,1,贵A82K93,白色,自培,十一驾驶培训有限公司,2004/3/21 0:00,2013/7/30 0:00,起亚牌,翼搏牌,366566000000000000 ,364547000000000000 ,196409,197112,18,2,5,工作日,晚高峰(17-19点),2015-05-13,2015年5月13日,多云 /阵雨,26℃ / 19℃,东南风 ≤3级 /东南风 ≤3级,多云,阵雨,26,19,东南风,≤3级,东南风,≤3级,day
2015-05-13 20:16:00,五里冲,9、不符合前8款规定或者双方同时具有上述情形的,负同等责任,不负责任,1,贵AKM148,白,1,渝BR1376,黑,自培,自培,2004/3/25 0:00,1995/3/15 0:00,夏利牌,-1,364548000000000000 ,364548000000000000 ,197507,196608,20,2,5,工作日,非高峰,2015-05-13,2015年5月13日,多云 /阵雨,26℃ / 19℃,东南风 ≤3级 /东南风 ≤3级,多云,阵雨,26,19,东南风,≤3级,东南风,≤3级,night
2015-05-14 00:00:00,三桥,8、依法应负全责的其他情形,负全部责任,不负责任,1,贵A65C27,白色,1,贵A25W41,白色,自培,蓝天驾校,2003/6/11 0:00,2013/11/29 0:00,长安牌,凌派牌,364548000000000000 ,366570000000000000 ,196507,198602,0,3,5,工作日,非高峰,2015-05-14,2015年5月14日,多云 /雷阵雨,27℃ / 20℃,东南风 ≤3级 /南风 ≤3级,多云,雷阵雨,27,20,东南风,≤3级,南风,≤3级,night
2015-05-14 02:58:00,石光大道,3、倒车的,负全部责任,不负责任,1,贵A4448N,红,1,贵JDD963,红,自培,消防驾校,2006/6/7 0:00,2010/7/26 0:00,五菱牌,-1,355247000000000000 ,355468000000000000 ,198409,198801,2,3,5,工作日,非高峰,2015-05-14,2015年5月14日,多云 /雷阵雨,27℃ / 20℃,东南风 ≤3级 /南风 ≤3级,多云,雷阵雨,27,20,东南风,≤3级,南风,≤3级,night
2015-05-13 17:40:00,西二环,8、依法应负全责的其他情形,负全部责任,不负责任,1,贵A694D7,蓝,1,贵A9363X,红,自培,预约考试窗口,2004/1/17 0:00,2006/11/9 0:00,福田牌,东风雪铁龙牌,366361000000000000 ,366367000000000000 ,197008,197604,17,2,5,工作日,晚高峰(17-19点),2015-05-13,2015年5月13日,多云 /阵雨,26℃ / 19℃,东南风 ≤3级 /东南风 ≤3级,多云,阵雨,26,19,东南风,≤3级,东南风,≤3级,day
2015-05-14 03:00:00,阳关,7、未按规定让行的 ,负全部责任,不负责任,1,鄂F66979,白,1,粤B25862,红,自培,-1,2008/10/20 0:00,-1,-1,-1,64297500000000000 ,355467000000000000 ,197209,198002,3,3,5,工作日,非高峰,2015-05-14,2015年5月14日,多云 /雷阵雨,27℃ / 20℃,东南风 ≤3级 /南风 ≤3级,多云,雷阵雨,27,20,东南风,≤3级,南风,≤3级,night
2015-05-12 23:00:00,小河金竹镇,4、停车时未挂低速档、未拉驻车制动，导致车辆滑行的,负全部责任,不负责任,1,临贵A7Q729,白色,1,贵A65J19,白色,自培,自培,2004/8/25 0:00,2003/9/17 0:00,-1,飞度牌,364556000000000000 ,364548000000000000 ,198401,198503,23,1,5,工作日,非高峰,2015-05-12,2015年5月12日,阴 /雷阵雨,24℃ / 13℃,南风 ≤3级 /南风 ≤3级,阴,雷阵雨,24,13,南风,≤3级,南风,≤3级,night
2015-05-13 09:30:00,东二环,7、未按规定让行的 ,负全部责任,不负责任,1,贵A98691,白色,1,贵A41688,白色,自培,自培,2008/2/3 0:00,2004/6/10 0:00,华通牌,帕萨特,05426551814366445X,364548000000000000 ,197905,197010,9,2,5,工作日,早高峰(7-9点),2015-05-13,2015年5月13日,多云 /阵雨,26℃ / 19℃,东南风 ≤3级 /东南风 ≤3级,多云,阵雨,26,19,东南风,≤3级,东南风,≤3级,day
2015-05-13 08:50:00,延安东路,7、未按规定让行的 ,负全部责任,不负责任,0,贵A11N74,白,1,贵AV2897,黄,自培,自培,2007/3/13 0:00,2000/10/9 0:00,大众牌,豪爵牌,366046000000000000 ,74365500000000000 ,198404,198101,8,2,5,工作日,早高峰(7-9点),2015-05-13,2015年5月13日,多云 /阵雨,26℃ / 19℃,东南风 ≤3级 /东南风 ≤3级,多云,阵雨,26,19,东南风,≤3级,东南风,≤3级,day
2015-05-14 07:00:00,平桥,3、倒车的,负全部责任,不负责任,1,贵AP3469,白色,1,贵GY6563,白色,自培,鑫鑫驾校,2004/4/19 0:00,2015/1/26 0:00,东风标致牌,福克斯牌,364547000000000000 ,36634551834048526X,197411,197504,7,3,5,工作日,早高峰(7-9点),2015-05-14,2015年5月14日,多云 /雷阵雨,27℃ / 20℃,东南风 ≤3级 /南风 ≤3级,多云,雷阵雨,27,20,东南风,≤3级,南风,≤3级,day
2015-05-14 10:00:00,市南路,1、追尾的,负全部责任,不负责任,1,贵AYH226,白色,1,贵A15551,白色,自培,-1,2001/4/27 0:00,-1,丰田牌,豪泺牌,364547000000000000 ,364547000000000000 ,198210,196210,10,3,5,工作日,非高峰,2015-05-14,2015年5月14日,多云 /雷阵雨,27℃ / 20℃,东南风 ≤3级 /南风 ≤3级,多云,雷阵雨,27,20,东南风,≤3级,南风,≤3级,day
2015-05-14 08:00:00,同心路,8、依法应负全责的其他情形,负全部责任,不负责任,1,贵A7644B,白,1,贵AJR644,红,自培,预约考试窗口,2002/9/24 0:00,2006/7/14 0:00,众泰牌,威志牌,36455751845553405X,366361000000000000 ,197011,198312,8,3,5,工作日,早高峰(7-9点),2015-05-14,2015年5月14日,多云 /雷阵雨,27℃ / 20℃,东南风 ≤3级 /南风 ≤3级,多云,雷阵雨,27,20,东南风,≤3级,南风,≤3级,day