accidenttime,accidentaddr,driver1fault,driver1responsibility,driver2responsibility,sex1,platenumber1,carcolor1,sex2,platenumber2,carcolor2,jxmc1,jxmc2,cclzrq1,cclzrq2,clpp1,clpp2,driver1license,driver2license,brith1,brith2,hour,weekday,month,is_weekday,peak_hour,date,日期,天气状况,气温,风力风向,day_wea,night_wea,day_tep,night_tep,day_wind_direction,day_wind_speed,night_wind_direction,night_wind_speed,segment
2015-05-14 10:00:00,西二环,1、追尾的,负全部责任,不负责任,1,贵AV2124,黄,1,贵A65A39,黑,自培,-1,2001/12/18 0:00,-1,长安牌,-1,354698000000000000 ,364545000000 ,198207,769972,10,3,5,工作日,非高峰,2015-05-14,2015年5月14日,多云 /雷阵雨,27℃ / 20℃,东南风 ≤3级 /南风 ≤3级,多云,雷阵雨,27,20,东南风,≤3级,南风,≤3级,day
2015-05-14 08:00:00,偏坡,8、依法应负全责的其他情形,负全部责任,不负责任,1,贵ANN271,红,1,贵JBR196,黄,自培,贵州平安驾驶培训学校,2003/1/8 0:00,2014/9/30 0:00,明锐牌,-1,364558000000000000 ,77445500000000000 ,197812,196303,8,3,5,工作日,早高峰(7-9点),2015-05-14,2015年5月14日,多云 /雷阵雨,27℃ / 20℃,东南风 ≤3级 /南风 ≤3级,多云,雷阵雨,27,20,东南风,≤3级,南风,≤3级,day
2015-05-14 12:00:00,嘉润路,1、追尾的,负全部责任,不负责任,1,贵AU2944,白色,1,贵AJM072,白色,自培,诚信驾驶培训学校,2005/8/2 0:00,2011/10/11 0:00,钱江牌,长安牌,366067000000000000 ,664696000000000000 ,197402,199011,12,3,5,工作日,非高峰,2015-05-14,2015年5月14日,多云 /雷阵雨,27℃ / 20℃,东南风 ≤3级 /南风 ≤3级,多云,雷阵雨,27,20,东南风,≤3级,南风,≤3级,day
2015-05-14 12:00:00,西南家具城,7、未按规定让行的 ,负全部责任,不负责任,1,贵AU7313,蓝,1,贵A0EB19,红,自培,-1,2002/1/16 0:00,-1,宝来牌,江铃全顺牌,366561000000000000 ,355266000000000000 ,197501,198712,12,3,5,工作日,非高峰,2015-05-14,2015年5月14日,多云 /雷阵雨,27℃ / 20℃,东南风 ≤3级 /南风 ≤3级,多云,雷阵雨,27,20,东南风,≤3级,南风,≤3级,day
2015-05-14 10:00:00,长岭南路,7、未按规定让行的 ,负全部责任,不负责任,0,贵AX8881,红,1,WJ贵55564,黄,自培,-1,2005/1/26 0:00,-1,钱江牌,-1,366347000000000000 ,366261000000000000 ,198009,199006,10,3,5,工作日,非高峰,2015-05-14,2015年5月14日,多云 /雷阵雨,27℃ / 20℃,东南风 ≤3级 /南风 ≤3级,多云,雷阵雨,27,20,东南风,≤3级,南风,≤3级,day
2015-05-14 16:40:00,高新区管委会,3、倒车的,负全部责任,不负责任,0,贵ANF963,蓝,1,贵AKN539,黑,自培,520114,2004/5/31 0:00,2008/5/22 0:00,长城牌,梅赛德斯-奔驰,366368000000000000 ,76065500000000000 ,197411,196304,16,3,5,工作日,非高峰,2015-05-14,2015年5月14日,多云 /雷阵雨,27℃ / 20℃,东南风 ≤3级 /南风 ≤3级,多云,雷阵雨,27,20,东南风,≤3级,南风,≤3级,day
2015-05-14 17:00:00,小河平桥,7、未按规定让行的 ,负全部责任,不负责任,1,贵AB9293,白色,1,贵AC8203,白色,自培,贵阳诚信东山分校,2004/3/13 0:00,2011/6/14 0:00,长安牌,嘉陵牌,366566000000000000 ,366664000000000000 ,198106,197212,17,3,5,工作日,晚高峰(17-19点),2015-05-14,2015年5月14日,多云 /雷阵雨,27℃ / 20℃,东南风 ≤3级 /南风 ≤3级,多云,雷阵雨,27,20,东南风,≤3级,南风,≤3级,day
2015-05-14 17:00:00,长岭南路,7、未按规定让行的 ,负全部责任,不负责任,1,贵A4EA41,黑,1,贵A2BE08,黑,自培,自培,2012/5/2 0:00,2013/5/29 0:00,大众汽车牌,大众牌,366666000000000000 ,366846000000000000 ,196707,198301,17,3,5,工作日,晚高峰(17-19点),2015-05-14,2015年5月14日,多云 /雷阵雨,27℃ / 20℃,东南风 ≤3级 /南风 ≤3级,多云,雷阵雨,27,20,东南风,≤3级,南风,≤3级,day
2015-05-14 16:10:00,三桥,3、倒车的,负全部责任,不负责任,1,贵A627G3,白,1,贵FL2240,黑,自培,-1,2002/1/30 0:00,-1,解放牌,-1,07406551944942465X,366064000000000000 ,198008,198601,16,3,5,工作日,非高峰,2015-05-14,2015年5月14日,多云 /雷阵雨,27℃ / 20℃,东南风 ≤3级 /南风 ≤3级,多云,雷阵雨,27,20,东南风,≤3级,南风,≤3级,day
2015-05-14 18:00:00,次南门,7、未按规定让行的 ,负全部责任,不负责任,1,贵A36N87,蓝,1,贵CCE884,红,自培,预约考试窗口,2007/8/10 0:00,2007/6/12 0:00,思铭牌,-1,366370000000000000 ,366570000000000000 ,197309,198304,18,3,5,工作日,晚高峰(17-19点),2015-05-14,2015年5月14日,多云 /雷阵雨,27℃ / 20℃,东南风 ≤3级 /南风 ≤3级,多云,雷阵雨,27,20,东南风,≤3级,南风,≤3级,day
2015-05-14 21:00:00,小河转盘,7、未按规定让行的 ,负全部责任,不负责任,1,贵AU7535,白色,1,贵A4538M,白色,自培,-1,2001/6/5 0:00,-1,捷达牌,东南牌,364547000000000000 ,364548000000000000 ,196804,198901,21,3,5,工作日,非高峰,2015-05-14,2015年5月14日,多云 /雷阵雨,27℃ / 20℃,东南风 ≤3级 /南风 ≤3级,多云,雷阵雨,27,20,东南风,≤3级,南风,≤3级,night
2015-05-15 00:00:00,小河,7、未按规定让行的 ,负全部责任,不负责任,1,贵A5BJ89,白色,1,贵A74K47,白色,自培,-1,2007/4/27 0:00,-1,大众汽车牌,索兰托,364547000000000000 ,84540500000000000 ,198809,198604,0,4,5,工作日,非高峰,2015-05-15,2015年5月15日,阵雨 /阵雨,25℃ / 16℃,东北风 ≤3级 /东北风 ≤3级,阵雨,阵雨,25,16,东北风,≤3级,东北风,≤3级,night
2015-05-15 08:50:00,大关,7、未按规定让行的 ,负全部责任,不负责任,1,贵AV6817,黄,1,贵A36889,黑,自培,新天驾校,2002/12/29 0:00,2011/8/29 0:00,隆鑫牌,远威牌,366367000000000000 ,364558000000000000 ,197802,198807,8,4,5,工作日,早高峰(7-9点),2015-05-15,2015年5月15日,阵雨 /阵雨,25℃ / 16℃,东北风 ≤3级 /东北风 ≤3级,阵雨,阵雨,25,16,东北风,≤3级,东北风,≤3级,day
2015-05-15 08:15:00,六广门,7、未按规定让行的 ,负全部责任,不负责任,0,贵AN5286,黑,1,贵A69H99,红,自培,-1,2004/7/2 0:00,-1,雪佛兰牌,路虎,364548000000000000 ,366068000000000000 ,195307,199007,8,4,5,工作日,早高峰(7-9点),2015-05-15,2015年5月15日,阵雨 /阵雨,25℃ / 16℃,东北风 ≤3级 /东北风 ≤3级,阵雨,阵雨,25,16,东北风,≤3级,东北风,≤3级,day
2015-05-15 08:00:00,二戈寨,7、未按规定让行的 ,负全部责任,不负责任,1,贵A5AV94,白色,1,冀A15431,白色,自培,-1,2000/4/20 0:00,-1,奥迪,嘉鹏牌,36454651885441395X,576763000000000000 ,197710,196907,8,4,5,工作日,早高峰(7-9点),2015-05-15,2015年5月15日,阵雨 /阵雨,25℃ / 16℃,东北风 ≤3级 /东北风 ≤3级,阵雨,阵雨,25,16,东北风,≤3级,东北风,≤3级,day
2015-05-15 08:00:00,18中分校,7、未按规定让行的 ,负全部责任,不负责任,1,鄂AV3198,白色,1,贵AS8839,白色,自培,-1,2012/9/27 0:00,-1,豪爵牌,吉利牌,256046000000000000 ,03416651914658755X,198702,198902,8,4,5,工作日,早高峰(7-9点),2015-05-15,2015年5月15日,阵雨 /阵雨,25℃ / 16℃,东北风 ≤3级 /东北风 ≤3级,阵雨,阵雨,25,16,东北风,≤3级,东北风,≤3级,day
2015-05-14 07:40:00,沙冲中路,1、追尾的,负全部责任,不负责任,1,贵A24307,白色,1,贵AR8452,白色,自培,自培,2003/5/29 0:00,2001/11/15 0:00,捷达,本田牌,504547000000000000 ,364547000000000000 ,197409,197802,7,3,5,工作日,早高峰(7-9点),2015-05-14,2015年5月14日,多云 /雷阵雨,27℃ / 20℃,东南风 ≤3级 /南风 ≤3级,多云,雷阵雨,27,20,东南风,≤3级,南风,≤3级,day
2015-05-14 08:50:00,北京西路,7、未按规定让行的 ,负全部责任,不负责任,1,贵CX1862,白,1,贵GL0395,蓝,自培,自培,2003/10/14 0:00,2003/12/18 0:00,-1,-1,364557000000000000 ,674247000000000000 ,197801,195609,8,3,5,工作日,早高峰(7-9点),2015-05-14,2015年5月14日,多云 /雷阵雨,27℃ / 20℃,东南风 ≤3级 /南风 ≤3级,多云,雷阵雨,27,20,东南风,≤3级,南风,≤3级,day
2015-05-14 10:30:00,中华南路,7、未按规定让行的 ,负全部责任,不负责任,1,贵A12G76,红,1,贵GV5822,蓝,自培,自培,2004/4/23 0:00,2004/1/17 0:00,东风牌,-1,364556000000000000 ,366369000000000000 ,197507,198401,10,3,5,工作日,非高峰,2015-05-14,2015年5月14日,多云 /雷阵雨,27℃ / 20℃,东南风 ≤3级 /南风 ≤3级,多云,雷阵雨,27,20,东南风,≤3级,南风,≤3级,day
2015-05-15 08:57:00,老年大学,7、未按规定让行的 ,负全部责任,不负责任,0,贵A94P76,白,1,贵APH735,红,自培,-1,2003/7/21 0:00,-1,斯柯达牌,长安牌,364548000000000000 ,376267000000000000 ,196401,197706,8,4,5,工作日,早高峰(7-9点),2015-05-15,2015年5月15日,阵雨 /阵雨,25℃ / 16℃,东北风 ≤3级 /东北风 ≤3级,阵雨,阵雨,25,16,东北风,≤3级,东北风,≤3级,day
2015-05-15 10:55:00,瑞金南路,5、开关车门的,负全部责任,不负责任,1,贵A54W85,白,1,贵AL7011,红,自培,自培,2008/2/3 0:00,1994/8/3 0:00,大众汽车牌,中华牌,366661000000000000 ,36454651224358605X,198012,196605,10,4,5,工作日,非高峰,2015-05-15,2015年5月15日,阵雨 /阵雨,25℃ / 16℃,东北风 ≤3级 /东北风 ≤3级,阵雨,阵雨,25,16,东北风,≤3级,东北风,≤3级,day
2015-05-15 11:05:00,西南商贸城,7、未按规定让行的 ,负全部责任,不负责任,1,贵A21V17,白,1,贵A61G84,红,自培,铁二局驾校,2009/11/24 0:00,2013/9/29 0:00,江铃全顺牌,大众汽车牌,74365500000000000 ,366864000000000000 ,198810,196304,11,4,5,工作日,非高峰,2015-05-15,2015年5月15日,阵雨 /阵雨,25℃ / 16℃,东北风 ≤3级 /东北风 ≤3级,阵雨,阵雨,25,16,东北风,≤3级,东北风,≤3级,day
2015-05-15 09:10:00,中铁逸都,7、未按规定让行的 ,负全部责任,不负责任,1,贵ASW595,黑,0,贵A3328W,黑,自培,-1,2001/10/22 0:00,-1,宝马,宝马牌,76347500000000000 ,344664000000000000 ,196707,199109,9,4,5,工作日,早高峰(7-9点),2015-05-15,2015年5月15日,阵雨 /阵雨,25℃ / 16℃,东北风 ≤3级 /东北风 ≤3级,阵雨,阵雨,25,16,东北风,≤3级,东北风,≤3级,day
2015-05-15 10:00:00,望城坡,7、未按规定让行的 ,负全部责任,不负责任,1,贵AM5013,白色,1,贵A298H2,白色,自培,-1,2005/3/8 0:00,-1,宗申牌,五菱牌,366368000000000000 ,65467500000000000 ,197106,199201,10,4,5,工作日,非高峰,2015-05-15,2015年5月15日,阵雨 /阵雨,25℃ / 16℃,东北风 ≤3级 /东北风 ≤3级,阵雨,阵雨,25,16,东北风,≤3级,东北风,≤3级,day
2015-05-15 09:20:00,太慈桥,1、追尾的,负全部责任,不负责任,1,贵AU5374,白色,1,贵A49B52,白色,自培,-1,2004/9/30 0:00,-1,捷达牌,五菱牌,366361000000000000 ,366068000000000000 ,197605,199609,9,4,5,工作日,早高峰(7-9点),2015-05-15,2015年5月15日,阵雨 /阵雨,25℃ / 16℃,东北风 ≤3级 /东北风 ≤3级,阵雨,阵雨,25,16,东北风,≤3级,东北风,≤3级,day
2015-05-15 11:21:00,五里冲,1、追尾的,负全部责任,不负责任,1,贵GX4936,蓝,1,贵A57121,黑,自培,-1,2004/3/13 0:00,-1,-1,空,364547000000000000 ,364544000000 ,198407,523019,11,4,5,工作日,非高峰,2015-05-15,2015年5月15日,阵雨 /阵雨,25℃ / 16℃,东北风 ≤3级 /东北风 ≤3级,阵雨,阵雨,25,16,东北风,≤3级,东北风,≤3级,day
2015-05-15 10:30:00,望城坡,7、未按规定让行的 ,负全部责任,不负责任,1,贵AM5013,白色,1,贵A298H2,白色,自培,-1,2005/3/8 0:00,-1,宗申牌,五菱牌,366368000000000000 ,65467500000000000 ,197106,199201,10,4,5,工作日,非高峰,2015-05-15,2015年5月15日,阵雨 /阵雨,25℃ / 16℃,东北风 ≤3级 /东北风 ≤3级,阵雨,阵雨,25,16,东北风,≤3级,东北风,≤3级,day
2015-05-15 13:00:00,小河盘江路,7、未按规定让行的 ,负全部责任,不负责任,1,贵BP8094,白色,1,贵AU6434,白色,自培,-1,2006/4/13 0:00,-1,-1,陆胜牌,366066000000000000 ,364547000000000000 ,197611,198504,13,4,5,工作日,非高峰,2015-05-15,2015年5月15日,阵雨 /阵雨,25℃ / 16℃,东北风 ≤3级 /东北风 ≤3级,阵雨,阵雨,25,16,东北风,≤3级,东北风,≤3级,day
2015-05-15 13:35:00,保利云山,8、依法应负全责的其他情形,负全部责任,不负责任,1,贵AV5052,黄,0,贵FAK174,蓝,自培,鑫鑫驾校,2010/8/30 0:00,2013/3/5 0:00,本田牌,-1,366577000000000000 ,366664000000000000 ,197602,198404,13,4,5,工作日,非高峰,2015-05-15,2015年5月15日,阵雨 /阵雨,25℃ / 16℃,东北风 ≤3级 /东北风 ≤3级,阵雨,阵雨,25,16,东北风,≤3级,东北风,≤3级,day
2015-05-15 12:00:00,二戈寨,7、未按规定让行的 ,负全部责任,不负责任,1,贵AU7748,小轿车,1,贵A0973R,白色,自培,-1,2004/7/30 0:00,-1,金龙牌,江铃牌,366347000000000000 ,724347000000000000 ,197408,199112,12,4,5,工作日,非高峰,2015-05-15,2015年5月15日,阵雨 /阵雨,25℃ / 16℃,东北风 ≤3级 /东北风 ≤3级,阵雨,阵雨,25,16,东北风,≤3级,东北风,≤3级,day
2015-05-15 12:31:00,中天花园,7、未按规定让行的 ,负全部责任,不负责任,1,贵AJ4802,白,0,贵AST331,白,自培,-1,2003/10/14 0:00,-1,大运牌,宝马牌,364646000000000000 ,734397000000000000 ,197309,197607,12,4,5,工作日,非高峰,2015-05-15,2015年5月15日,阵雨 /阵雨,25℃ / 16℃,东北风 ≤3级 /东北风 ≤3级,阵雨,阵雨,25,16,东北风,≤3级,东北风,≤3级,day
2015-05-15 17:38:00,金阳北路,7、未按规定让行的 ,负全部责任,不负责任,1,贵AC2086,白,1,浙BQ661B,黄,自培,-1,2001/1/9 0:00,-1,钱江牌,-1,364548000000000000 ,774697000000000000 ,196201,198305,17,4,5,工作日,晚高峰(17-19点),2015-05-15,2015年5月15日,阵雨 /阵雨,25℃ / 16℃,东北风 ≤3级 /东北风 ≤3级,阵雨,阵雨,25,16,东北风,≤3级,东北风,≤3级,day
2015-05-15 21:30:00,大西门,7、未按规定让行的 ,负全部责任,不负责任,1,贵A75M42,红,1,贵AFN215,白,自培,-1,2001/10/12 0:00,-1,长城牌,风神牌,364548000000000000 ,366550000000000000 ,196804,197103,21,4,5,工作日,非高峰,2015-05-15,2015年5月15日,阵雨 /阵雨,25℃ / 16℃,东北风 ≤3级 /东北风 ≤3级,阵雨,阵雨,25,16,东北风,≤3级,东北风,≤3级,night
2015-05-15 21:30:00,盐务街,1、追尾的,负全部责任,不负责任,1,贵APP698,白,1,贵A9036Y,白,自培,吉源驾校,2013/3/6 0:00,2013/9/30 0:00,东风日产牌,吉利牌,366864000000000000 ,364567000000000000 ,198710,199107,21,4,5,工作日,非高峰,2015-05-15,2015年5月15日,阵雨 /阵雨,25℃ / 16℃,东北风 ≤3级 /东北风 ≤3级,阵雨,阵雨,25,16,东北风,≤3级,东北风,≤3级,night
2015-05-15 18:00:00,中坝,1、追尾的,负全部责任,不负责任,1,贵GP5389,白,1,陕E27212,红,自培,-1,2004/6/9 0:00,-1,-1,-1,364558000000000000 ,254370000000000000 ,198312,197411,18,4,5,工作日,晚高峰(17-19点),2015-05-15,2015年5月15日,阵雨 /阵雨,25℃ / 16℃,东北风 ≤3级 /东北风 ≤3级,阵雨,阵雨,25,16,东北风,≤3级,东北风,≤3级,day
2015-05-16 10:12:00,二桥,1、追尾的,负全部责任,不负责任,1,贵AU6526,黄,1,贵AAB668,黑,自培,520111,2004/4/10 0:00,2008/6/19 0:00,捷达牌,建豪牌,366061000000000000 ,366368000000000000 ,197106,198105,10,5,5,工作日,非高峰,2015-05-16,2015年5月16日,阴 /雷阵雨,23℃ / 17℃,东北风 ≤3级 /东风 ≤3级,阴,雷阵雨,23,17,东北风,≤3级,东风,≤3级,day
2015-05-16 11:00:00,解放路,1、追尾的,负全部责任,不负责任,1,贵AU2247,蓝,1,贵A89N32,红,自培,长运驾校,2001/10/30 0:00,2013/8/27 0:00,嘉陵牌,长安牌,364557000000000000 ,36636051814746395X,196402,197903,11,5,5,工作日,非高峰,2015-05-16,2015年5月16日,阴 /雷阵雨,23℃ / 17℃,东北风 ≤3级 /东风 ≤3级,阴,雷阵雨,23,17,东北风,≤3级,东风,≤3级,day
2015-05-16 09:00:00,小河,3、倒车的,负全部责任,不负责任,1,贵A0BB23,白色,1,贵GAG777,白色,自培,市交校,2007/6/26 0:00,2011/12/15 0:00,长安牌,-1,366067000000000000 ,366546000000000000 ,197312,198612,9,5,5,工作日,早高峰(7-9点),2015-05-16,2015年5月16日,阴 /雷阵雨,23℃ / 17℃,东北风 ≤3级 /东风 ≤3级,阴,雷阵雨,23,17,东北风,≤3级,东风,≤3级,day
2015-05-16 12:10:00,普天十字路口,1、追尾的,负全部责任,不负责任,1,贵A054A9,黄,1,贵A38L68,白,自培,贵阳金马驾驶培训有限公司,2005/6/6 0:00,2012/5/6 0:00,福田牌,北京现代牌,366367000000000000 ,355247000000000000 ,196708,198608,12,5,5,工作日,非高峰,2015-05-16,2015年5月16日,阴 /雷阵雨,23℃ / 17℃,东北风 ≤3级 /东风 ≤3级,阴,雷阵雨,23,17,东北风,≤3级,东风,≤3级,day
2015-05-16 11:00:00,青山小区,7、未按规定让行的 ,负全部责任,不负责任,1,贵A55677,白色,1,贵A981E9,白色,自培,-1,2001/5/8 0:00,-1,银钢牌,福田牌,364548000000000000 ,355761000000000000 ,197806,198206,11,5,5,工作日,非高峰,2015-05-16,2015年5月16日,阴 /雷阵雨,23℃ / 17℃,东北风 ≤3级 /东风 ≤3级,阴,雷阵雨,23,17,东北风,≤3级,东风,≤3级,day
2015-05-16 11:50:00,转弯塘,7、未按规定让行的 ,负全部责任,不负责任,1,贵AHD398,白,1,贵CES648,红,自培,-1,2002/4/27 0:00,-1,东风雪铁龙牌,-1,366347000000000000 ,366562000000000000 ,197905,196612,11,5,5,工作日,非高峰,2015-05-16,2015年5月16日,阴 /雷阵雨,23℃ / 17℃,东北风 ≤3级 /东风 ≤3级,阴,雷阵雨,23,17,东北风,≤3级,东风,≤3级,day
2015-05-16 15:00:00,北京西路,1、追尾的,负全部责任,不负责任,1,贵GM3682,白,1,贵AVA986,黑,自培,自培,2001/9/28 0:00,2004/11/24 11:31,-1,北京现代牌,366576000000000000 ,364548000000000000 ,198209,197311,15,5,5,工作日,非高峰,2015-05-16,2015年5月16日,阴 /雷阵雨,23℃ / 17℃,东北风 ≤3级 /东风 ≤3级,阴,雷阵雨,23,17,东北风,≤3级,东风,≤3级,day
2015-05-16 15:10:00,威清路,7、未按规定让行的 ,负全部责任,不负责任,1,贵AHE812,黑,1,渝A68007,黄,自培,新天驾校,2006/6/15 0:00,2011/6/24 0:00,迈腾牌,力帆牌,72636151875640538X,364557000000000000 ,197312,199002,15,5,5,工作日,非高峰,2015-05-16,2015年5月16日,阴 /雷阵雨,23℃ / 17℃,东北风 ≤3级 /东风 ≤3级,阴,雷阵雨,23,17,东北风,≤3级,东风,≤3级,day
2015-05-16 15:00:00,小河平桥,7、未按规定让行的 ,负全部责任,不负责任,1,贵AC955,白色,1,蒙T93959,白色,自培,-1,2008/8/29 0:00,-1,-1,-1,366067000000000000 ,575547000000000000 ,198204,197805,15,5,5,工作日,非高峰,2015-05-16,2015年5月16日,阴 /雷阵雨,23℃ / 17℃,东北风 ≤3级 /东风 ≤3级,阴,雷阵雨,23,17,东北风,≤3级,东风,≤3级,day
2015-05-15 14:00:00,西南商贸城,1、追尾的,负全部责任,不负责任,1,贵A02859,蓝,1,贵GT5855,蓝,自培,自培,2005/9/26 0:00,2007/10/17 0:00,东风牌,-1,366064000000000000 ,366367000000000000 ,198406,198308,14,4,5,工作日,非高峰,2015-05-15,2015年5月15日,阵雨 /阵雨,25℃ / 16℃,东北风 ≤3级 /东北风 ≤3级,阵雨,阵雨,25,16,东北风,≤3级,东北风,≤3级,day
2015-05-16 10:30:00,北京路,7、未按规定让行的 ,负全部责任,不负责任,1,贵ACA553,黄,1,贵A6E986,红,自培,自培,2004/4/12 0:00,2004/10/20 0:00,吉利牌,-1,364548000000000000 ,364548000000000000 ,198410,197209,10,5,5,工作日,非高峰,2015-05-16,2015年5月16日,阴 /雷阵雨,23℃ / 17℃,东北风 ≤3级 /东风 ≤3级,阴,雷阵雨,23,17,东北风,≤3级,东风,≤3级,day
2015-05-16 13:00:00,二戈寨,7、未按规定让行的 ,负全部责任,不负责任,1,贵AC874P,白色,1,贵AFX094,白色,自培,自培,2014/4/1 0:00,2001/12/3 0:00,长安牌,吉利美日牌,366068000000000000 ,366368000000000000 ,199010,197212,13,5,5,工作日,非高峰,2015-05-16,2015年5月16日,阴 /雷阵雨,23℃ / 17℃,东北风 ≤3级 /东风 ≤3级,阴,雷阵雨,23,17,东北风,≤3级,东风,≤3级,day
2015-05-16 15:59:00,城基路,3、倒车的,负全部责任,不负责任,0,贵A13F27,白,1,贵AAH250,红,自培,自培,2003/8/20 0:00,2006/8/11 0:00,东风标致牌,东风雪铁龙牌,364548000000000000 ,36627751824346045X,197607,197605,15,5,5,工作日,非高峰,2015-05-16,2015年5月16日,阴 /雷阵雨,23℃ / 17℃,东北风 ≤3级 /东风 ≤3级,阴,雷阵雨,23,17,东北风,≤3级,东风,≤3级,day
2015-05-16 20:15:00,中曹司,8、依法应负全责的其他情形,负全部责任,不负责任,1,桂AE5771,蓝,1,湘K36845,黑,自培,-1,2003/8/27 0:00,-1,长安,-1,36861500000000000 ,76346500000000000 ,198210,196801,20,5,5,工作日,非高峰,2015-05-16,2015年5月16日,阴 /雷阵雨,23℃ / 17℃,东北风 ≤3级 /东风 ≤3级,阴,雷阵雨,23,17,东北风,≤3级,东风,≤3级,night
2015-05-16 18:00:00,新添大道,7、未按规定让行的 ,负全部责任,不负责任,1,贵AU1309,黄,1,贵GV9537,黑,自培,黔西南州兴昌驾校,2005/6/28 0:00,-1,东力牌,-1,364596000000000000 ,366766000000000000 ,197905,197906,18,5,5,工作日,晚高峰(17-19点),2015-05-16,2015年5月16日,阴 /雷阵雨,23℃ / 17℃,东北风 ≤3级 /东风 ≤3级,阴,雷阵雨,23,17,东北风,≤3级,东风,≤3级,day
2015-05-16 16:00:00,奥兴路,1、追尾的,负全部责任,不负责任,1,贵ALU737,黑,1,贵GY4710,红,自培,-1,2002/8/15 0:00,-1,江淮牌,-1,366346000000000000 ,366070000000000000 ,197504,199212,16,5,5,工作日,非高峰,2015-05-16,2015年5月16日,阴 /雷阵雨,23℃ / 17℃,东北风 ≤3级 /东风 ≤3级,阴,雷阵雨,23,17,东北风,≤3级,东风,≤3级,day
2015-05-16 22:00:00,小河珠江路,7、未按规定让行的 ,负全部责任,不负责任,1,贵AG6422,白色,1,赣KJ9267,白色,自培,市交校,2003/3/27 0:00,2012/7/31 0:00,钱江牌,-1,364547000000000000 ,366046000000000000 ,196505,199012,22,5,5,工作日,非高峰,2015-05-16,2015年5月16日,阴 /雷阵雨,23℃ / 17℃,东北风 ≤3级 /东风 ≤3级,阴,雷阵雨,23,17,东北风,≤3级,东风,≤3级,night
2015-05-17 02:00:00,阳关,7、未按规定让行的 ,负全部责任,不负责任,1,贵A322E5,白,1,鄂E578A9,黑,自培,-1,2001/11/23 0:00,-1,解放牌,-1,354567000000000000 ,64395500000000000 ,196807,198001,2,6,5,周末,非高峰,2015-05-17,2015年5月17日,阵雨 /雷阵雨,25℃ / 17℃,东北风 ≤3级 /南风 ≤3级,阵雨,雷阵雨,25,17,东北风,≤3级,南风,≤3级,night
2015-05-17 08:30:00,杨梅水库,2、逆行的,负全部责任,不负责任,1,贵A880G9,白色,1,贵AA264W,白色,自培,-1,2013/3/14 0:00,-1,解放牌,长安牌,36455551174154065X,3645560000000000 ,199309,198804,8,6,5,周末,早高峰(7-9点),2015-05-17,2015年5月17日,阵雨 /雷阵雨,25℃ / 17℃,东北风 ≤3级 /南风 ≤3级,阵雨,雷阵雨,25,17,东北风,≤3级,南风,≤3级,day
2015-05-17 06:30:00,云环路,8、依法应负全责的其他情形,负全部责任,不负责任,1,贵A34181,蓝,1,贵A96E91,黄,自培,省交校,2008/11/17 0:00,2012/1/19 0:00,隆鑫牌,雪佛兰牌,366067000000000000 ,364558000000000000 ,197603,197810,6,6,5,周末,非高峰,2015-05-17,2015年5月17日,阵雨 /雷阵雨,25℃ / 17℃,东北风 ≤3级 /南风 ≤3级,阵雨,雷阵雨,25,17,东北风,≤3级,南风,≤3级,day
2015-05-17 10:30:00,市北路,1、追尾的,负全部责任,不负责任,1,贵A5BK99,黄,1,贵AU8691,红,自培,贵州铜南汽车驾驶培有限公司,2004/9/28 0:00,2005/8/12 0:00,大众汽车牌,英鹤牌,364548000000000000 ,366664000000000000 ,196312,197611,10,6,5,周末,非高峰,2015-05-17,2015年5月17日,阵雨 /雷阵雨,25℃ / 17℃,东北风 ≤3级 /南风 ≤3级,阵雨,雷阵雨,25,17,东北风,≤3级,南风,≤3级,day
2015-05-17 13:00:00,山水黔城,3、倒车的,负全部责任,不负责任,1,贵A54G48,白色,1,贵A14W58,白色,自培,自培,2005/10/17 0:00,1994/6/12 0:00,大众汽车牌,别克牌,355464000000000000 ,364548000000000000 ,197007,197002,13,6,5,周末,非高峰,2015-05-17,2015年5月17日,阵雨 /雷阵雨,25℃ / 17℃,东北风 ≤3级 /南风 ≤3级,阵雨,雷阵雨,25,17,东北风,≤3级,南风,≤3级,day
2015-05-17 14:00:00,碧海花园,7、未按规定让行的 ,负全部责任,不负责任,1,贵AR7144,黑,0,贵AB402E,红,自培,520127,2002/9/13 0:00,2000/10/27 0:00,奥迪牌,北京牌,655467000000000000 ,364557000000000000 ,198301,198209,14,6,5,周末,非高峰,2015-05-17,2015年5月17日,阵雨 /雷阵雨,25℃ / 17℃,东北风 ≤3级 /南风 ≤3级,阵雨,雷阵雨,25,17,东北风,≤3级,南风,≤3级,day
2015-05-17 14:00:00,艺校,9、不符合前8款规定或者双方同时具有上述情形的,负同等责任,负同等责任,1,贵A56C24,白色,1,贵AU0644,白色,自培,520127,2007/10/22 0:00,2003/7/29 0:00,-1,奇瑞牌,364547000000000000 ,364551000000000000 ,196211,198201,14,6,5,周末,非高峰,2015-05-17,2015年5月17日,阵雨 /雷阵雨,25℃ / 17℃,东北风 ≤3级 /南风 ≤3级,阵雨,雷阵雨,25,17,东北风,≤3级,南风,≤3级,day