accidenttime,accidentaddr,driver1fault,driver1responsibility,driver2responsibility,sex1,platenumber1,carcolor1,sex2,platenumber2,carcolor2,jxmc1,jxmc2,cclzrq1,cclzrq2,clpp1,clpp2,driver1license,driver2license,brith1,brith2,hour,weekday,month,is_weekday,peak_hour,date,日期,天气状况,气温,风力风向,day_wea,night_wea,day_tep,night_tep,day_wind_direction,day_wind_speed,night_wind_direction,night_wind_speed,segment
2015-05-17 14:00:00,花溪,1、追尾的,负全部责任,不负责任,1,贵A4934M,白色,1,豫GZU732,白色,自培,-1,2001/6/22 0:00,-1,长城牌,-1,364558000000000000 ,54869500000000000 ,197906,198903,14,6,5,周末,非高峰,2015-05-17,2015年5月17日,阵雨 /雷阵雨,25℃ / 17℃,东北风 ≤3级 /南风 ≤3级,阵雨,雷阵雨,25,17,东北风,≤3级,南风,≤3级,day
2015-05-17 13:05:00,花溪大道,1、追尾的,负全部责任,不负责任,1,贵AJD364,红,1,贵A62G66,白,自培,-1,2006/3/1 0:00,-1,起亚牌,梅赛德斯-奔驰,734569000000000000 ,36454700000000000 ,197212,959100,13,6,5,周末,非高峰,2015-05-17,2015年5月17日,阵雨 /雷阵雨,25℃ / 17℃,东北风 ≤3级 /南风 ≤3级,阵雨,雷阵雨,25,17,东北风,≤3级,南风,≤3级,day
2015-05-17 14:00:00,花溪大道,8、依法应负全责的其他情形,负全部责任,不负责任,1,贵AEY243,白色,1,贵A78460,白色,自培,贵工驾校,2003/4/8 0:00,1978/2/26 0:00,荣威牌,东风牌,364547000000000000 ,364548000000000000 ,196901,195907,14,6,5,周末,非高峰,2015-05-17,2015年5月17日,阵雨 /雷阵雨,25℃ / 17℃,东北风 ≤3级 /南风 ≤3级,阵雨,雷阵雨,25,17,东北风,≤3级,南风,≤3级,day
2015-05-17 17:40:00,花果园,7、未按规定让行的 ,负全部责任,不负责任,0,贵AG9413,白,1,贵A36P76,红,自培,蓝天驾校,2006/10/26 0:00,2011/11/17 0:00,别克牌,长安牌,364547000000000000 ,364557000000000000 ,197411,199308,17,6,5,周末,晚高峰(17-19点),2015-05-17,2015年5月17日,阵雨 /雷阵雨,25℃ / 17℃,东北风 ≤3级 /南风 ≤3级,阵雨,雷阵雨,25,17,东北风,≤3级,南风,≤3级,day
2015-05-17 18:20:00,朱昌镇,7、未按规定让行的 ,负全部责任,不负责任,0,贵A43635,蓝,1,贵AA314C,蓝,自培,贵阳万里圣驾校,2007/2/12 0:00,2014/5/22 0:00,南方,-1,364557000000000000 ,364596000000000000 ,198206,199103,18,6,5,周末,晚高峰(17-19点),2015-05-17,2015年5月17日,阵雨 /雷阵雨,25℃ / 17℃,东北风 ≤3级 /南风 ≤3级,阵雨,雷阵雨,25,17,东北风,≤3级,南风,≤3级,day
2015-05-17 22:00:00,鑫中路,3、倒车的,负全部责任,不负责任,1,湘D2N396,白色,1,贵A68659,白色,自培,-1,2004/11/23 0:00,-1,-1,柳特神力牌,74062500000000000 ,75565500000000000 ,198410,198405,22,6,5,周末,非高峰,2015-05-17,2015年5月17日,阵雨 /雷阵雨,25℃ / 17℃,东北风 ≤3级 /南风 ≤3级,阵雨,雷阵雨,25,17,东北风,≤3级,南风,≤3级,night
2015-05-18 00:00:00,碧海商业广场,1、追尾的,负全部责任,不负责任,1,粤QUY342,白,1,桂AE8969,黑,自培,-1,2007/12/6 0:00,-1,-1,钱江牌,5867520000000000 ,364547000000000000 ,198305,197711,0,0,5,工作日,非高峰,2015-05-18,2015年5月18日,多云 /多云,25℃ / 18℃,东北风 ≤3级 /东北风 ≤3级,多云,多云,25,18,东北风,≤3级,东北风,≤3级,night
2015-05-18 08:30:00,大营坡,5、开关车门的,负全部责任,不负责任,1,贵AU0238,白,1,贵A57R46,红,自培,520101,2007/12/12 0:00,2011/4/18 0:00,万达牌,东风日产牌,364548000000000000 ,355266000000000000 ,197302,198712,8,0,5,工作日,早高峰(7-9点),2015-05-18,2015年5月18日,多云 /多云,25℃ / 18℃,东北风 ≤3级 /东北风 ≤3级,多云,多云,25,18,东北风,≤3级,东北风,≤3级,day
2015-05-18 09:00:00,碧海花园,3、倒车的,负全部责任,不负责任,1,粤XY3811,黑,0,贵HY1246,黑,自培,-1,2005/9/26 0:00,-1,-1,-1,74260500000000000 ,74262500000000000 ,197710,198011,9,0,5,工作日,早高峰(7-9点),2015-05-18,2015年5月18日,多云 /多云,25℃ / 18℃,东北风 ≤3级 /东北风 ≤3级,多云,多云,25,18,东北风,≤3级,东北风,≤3级,day
2015-05-16 15:00:00,浣纱桥,1、追尾的,负全部责任,不负责任,1,贵A83C55,白色,1,贵ANK594,白色,自培,自培,2007/6/20 0:00,2005/1/28 0:00,北京现代牌,朗逸牌,364547000000000000 ,364558000000000000 ,196301,197412,15,5,5,工作日,非高峰,2015-05-16,2015年5月16日,阴 /雷阵雨,23℃ / 17℃,东北风 ≤3级 /东风 ≤3级,阴,雷阵雨,23,17,东北风,≤3级,东风,≤3级,day
2015-05-16 16:05:00,北京西路,8、依法应负全责的其他情形,负全部责任,不负责任,1,贵AGG067,黄,1,贵A5BV27,白,自培,自培,2004/5/16 0:00,2008/11/18 0:00,福克斯牌,东风雪铁龙牌,64555500000000000 ,366575000000000000 ,197803,198805,16,5,5,工作日,非高峰,2015-05-16,2015年5月16日,阴 /雷阵雨,23℃ / 17℃,东北风 ≤3级 /东风 ≤3级,阴,雷阵雨,23,17,东北风,≤3级,东风,≤3级,day
2015-05-16 20:00:00,龙洞堡,8、依法应负全责的其他情形,负全部责任,不负责任,1,鲁RB4551,白色,1,贵A1248F,白色,自培,自培,2011/9/20 0:00,2007/5/31 0:00,-1,力帆牌,786168000000000000 ,366068000000000000 ,198605,198711,20,5,5,工作日,非高峰,2015-05-16,2015年5月16日,阴 /雷阵雨,23℃ / 17℃,东北风 ≤3级 /东风 ≤3级,阴,雷阵雨,23,17,东北风,≤3级,东风,≤3级,night
2015-05-17 09:10:00,新添大道,1、追尾的,负全部责任,不负责任,0,川BFA712,黑,1,贵A9CF36,黑,自培,自培,2011/9/26 0:00,2004/12/14 0:00,-1,别克牌,357475000000000000 ,364547000000000000 ,198410,197203,9,6,5,周末,早高峰(7-9点),2015-05-17,2015年5月17日,阵雨 /雷阵雨,25℃ / 17℃,东北风 ≤3级 /南风 ≤3级,阵雨,雷阵雨,25,17,东北风,≤3级,南风,≤3级,day
2015-05-18 09:00:00,宝山北路,8、依法应负全责的其他情形,负全部责任,不负责任,1,贵ANH714,白色,1,贵AU0282,白色,自培,-1,2000/3/3 0:00,-1,丰田牌,奇瑞牌,726646000000000000 ,366061000000000000 ,196411,197510,9,0,5,工作日,早高峰(7-9点),2015-05-18,2015年5月18日,多云 /多云,25℃ / 18℃,东北风 ≤3级 /东北风 ≤3级,多云,多云,25,18,东北风,≤3级,东北风,≤3级,day
2015-05-18 09:00:00,富源北路,1、追尾的,负全部责任,不负责任,1,贵A4194V,白色,1,贵AU7372,白色,自培,自培,2004/2/23 0:00,2012/3/14 0:00,夏利牌,大运牌,364548000000000000 ,36454651994550045X,197805,198801,9,0,5,工作日,早高峰(7-9点),2015-05-18,2015年5月18日,多云 /多云,25℃ / 18℃,东北风 ≤3级 /东北风 ≤3级,多云,多云,25,18,东北风,≤3级,东北风,≤3级,day
2015-05-18 09:00:00,中华中路,1、追尾的,负全部责任,不负责任,1,贵AU8872,白色,1,贵A83R53,白色,自培,消防驾校,2007/6/26 0:00,2011/4/2 0:00,隆鑫牌,大众牌,364551000000000000 ,366363000000000000 ,198601,198302,9,0,5,工作日,早高峰(7-9点),2015-05-18,2015年5月18日,多云 /多云,25℃ / 18℃,东北风 ≤3级 /东北风 ≤3级,多云,多云,25,18,东北风,≤3级,东北风,≤3级,day
2015-05-18 10:00:00,山水黔城,8、依法应负全责的其他情形,负全部责任,不负责任,1,贵JN4353,白色,1,贵A6189J,白色,自培,-1,2013/12/10 0:00,-1,-1,大众汽车牌,364547000000000000 ,366064000000000000 ,198808,198903,10,0,5,工作日,非高峰,2015-05-18,2015年5月18日,多云 /多云,25℃ / 18℃,东北风 ≤3级 /东北风 ≤3级,多云,多云,25,18,东北风,≤3级,东北风,≤3级,day
2015-05-18 09:30:00,贵黄路,7、未按规定让行的 ,负全部责任,不负责任,1,贵A517F6,红,1,贵AA252N,红,自培,-1,2007/6/29 0:00,-1,解放牌,大众汽车牌,366046000000000000 ,364547000000000000 ,198903,196907,9,0,5,工作日,早高峰(7-9点),2015-05-18,2015年5月18日,多云 /多云,25℃ / 18℃,东北风 ≤3级 /东北风 ≤3级,多云,多云,25,18,东北风,≤3级,东北风,≤3级,day
2015-05-18 10:26:00,友谊路,7、未按规定让行的 ,负全部责任,不负责任,1,贵A7BF68,黑,1,贵A62L94,蓝,自培,-1,2001/3/5 0:00,-1,大众汽车牌,海马牌,366367000000000000 ,366067000000000000 ,197911,197304,10,0,5,工作日,非高峰,2015-05-18,2015年5月18日,多云 /多云,25℃ / 18℃,东北风 ≤3级 /东北风 ≤3级,多云,多云,25,18,东北风,≤3级,东北风,≤3级,day
2015-05-18 11:00:00,香江路,3、倒车的,负全部责任,不负责任,1,贵A6BF83,白色,1,贵A29F49,白色,自培,景宏驾校,2003/8/26 0:00,2012/3/10 0:00,思威牌,马自达牌,736546000000000000 ,364548000000000000 ,197611,198002,11,0,5,工作日,非高峰,2015-05-18,2015年5月18日,多云 /多云,25℃ / 18℃,东北风 ≤3级 /东北风 ≤3级,多云,多云,25,18,东北风,≤3级,东北风,≤3级,day
2015-05-18 13:20:00,宾阳大道,8、依法应负全责的其他情形,负全部责任,不负责任,1,贵BW2673,白,1,贵AG1410,黑,自培,-1,2003/11/25 0:00,-1,-1,劲扬牌,366577000000000000 ,36604551924147296X,198406,198609,13,0,5,工作日,非高峰,2015-05-18,2015年5月18日,多云 /多云,25℃ / 18℃,东北风 ≤3级 /东北风 ≤3级,多云,多云,25,18,东北风,≤3级,东北风,≤3级,day
2015-05-18 11:13:00,白云南路,1、追尾的,负全部责任,不负责任,1,贵AU089,黑,1,贵JR1897,黄,自培,-1,2003/11/24 0:00,-1,-1,-1,366064000000000000 ,366846000000000000 ,197902,199101,11,0,5,工作日,非高峰,2015-05-18,2015年5月18日,多云 /多云,25℃ / 18℃,东北风 ≤3级 /东北风 ≤3级,多云,多云,25,18,东北风,≤3级,东北风,≤3级,day
2015-05-18 14:06:00,兴筑西路,7、未按规定让行的 ,负全部责任,不负责任,0,贵AHH258,白,0,贵A8227S,蓝,自培,贵州现代驾驶培训责任有限公司,2007/3/7 0:00,2013/3/13 0:00,雪佛兰牌,威驰,364548000000000000 ,364548000000000000 ,197001,198512,14,0,5,工作日,非高峰,2015-05-18,2015年5月18日,多云 /多云,25℃ / 18℃,东北风 ≤3级 /东北风 ≤3级,多云,多云,25,18,东北风,≤3级,东北风,≤3级,day
2015-05-18 14:26:00,观山湖区,7、未按规定让行的 ,负全部责任,不负责任,0,贵A20023,黄,0,贵A44G53,白,自培,蓝天驾校,2005/1/20 0:00,2011/7/28 0:00,桑塔纳,东风日产牌,366067000000000000 ,364548000000000000 ,196811,197306,14,0,5,工作日,非高峰,2015-05-18,2015年5月18日,多云 /多云,25℃ / 18℃,东北风 ≤3级 /东北风 ≤3级,多云,多云,25,18,东北风,≤3级,东北风,≤3级,day
2015-05-18 15:00:00,花溪大道,3、倒车的,负全部责任,不负责任,1,贵AWZ924,白色,1,贵A3762V,白色,自培,凯信驾校,2005/7/25 0:00,2014/11/18 0:00,夏利牌,长城牌,364556000000000000 ,366566000000000000 ,198201,198911,15,0,5,工作日,非高峰,2015-05-18,2015年5月18日,多云 /多云,25℃ / 18℃,东北风 ≤3级 /东北风 ≤3级,多云,多云,25,18,东北风,≤3级,东北风,≤3级,day
2015-05-18 16:20:00,东凤镇,8、依法应负全责的其他情形,负全部责任,不负责任,1,贵A82676,蓝,1,贵ANV551,白,自培,贵州现代驾驶培训责任有限公司,2004/9/13 0:00,2010/11/9 0:00,豪泺牌,-1,364557000000000000 ,354570000000000000 ,198612,197209,16,0,5,工作日,非高峰,2015-05-18,2015年5月18日,多云 /多云,25℃ / 18℃,东北风 ≤3级 /东北风 ≤3级,多云,多云,25,18,东北风,≤3级,东北风,≤3级,day
2015-05-18 17:00:00,中天花园,7、未按规定让行的 ,负全部责任,不负责任,1,贵A5A122,白色,1,贵APG171,白色,自培,全林驾校,2002/12/27 0:00,2014/10/13 0:00,-1,谛艾仕牌,366667000000000000 ,676748000000000000 ,197804,198605,17,0,5,工作日,晚高峰(17-19点),2015-05-18,2015年5月18日,多云 /多云,25℃ / 18℃,东北风 ≤3级 /东北风 ≤3级,多云,多云,25,18,东北风,≤3级,东北风,≤3级,day
2015-05-18 17:00:00,沙冲路,7、未按规定让行的 ,负全部责任,不负责任,1,贵AHQ354,白色,1,贵A33899,白色,自培,自培,2007/5/23 0:00,1994/6/14 0:00,骊威牌,江铃牌,364547000000000000 ,364547000000000000 ,198002,196807,17,0,5,工作日,晚高峰(17-19点),2015-05-18,2015年5月18日,多云 /多云,25℃ / 18℃,东北风 ≤3级 /东北风 ≤3级,多云,多云,25,18,东北风,≤3级,东北风,≤3级,day
2015-05-18 14:10:00,三桥,9、不符合前8款规定或者双方同时具有上述情形的,负同等责任,不负责任,1,贵AU7567,黄,1,贵E53503,蓝,自培,-1,2003/6/23 0:00,-1,海陵牌,-1,357475000000000000 ,36676600000000000 ,196212,197702,14,0,5,工作日,非高峰,2015-05-18,2015年5月18日,多云 /多云,25℃ / 18℃,东北风 ≤3级 /东北风 ≤3级,多云,多云,25,18,东北风,≤3级,东北风,≤3级,day
2015-05-18 15:00:00,东站,7、未按规定让行的 ,负全部责任,不负责任,1,皖KK2316,白色,1,贵A16Y38,白色,自培,-1,2002/3/4 0:00,-1,-1,英伦牌,705668000000000000 ,37636651145649428X,197611,199012,15,0,5,工作日,非高峰,2015-05-18,2015年5月18日,多云 /多云,25℃ / 18℃,东北风 ≤3级 /东北风 ≤3级,多云,多云,25,18,东北风,≤3级,东北风,≤3级,day
2015-05-18 16:40:00,三桥,7、未按规定让行的 ,负全部责任,不负责任,1,贵A284C1,红,1,贵AU7850,黄,自培,-1,2008/9/27 0:00,-1,豪沃牌,万达牌,66062500000000000 ,364548000000000000 ,197409,196901,16,0,5,工作日,非高峰,2015-05-18,2015年5月18日,多云 /多云,25℃ / 18℃,东北风 ≤3级 /东北风 ≤3级,多云,多云,25,18,东北风,≤3级,东北风,≤3级,day
2015-05-18 15:40:00,长岭南路,7、未按规定让行的 ,负全部责任,不负责任,1,贵AE471A,黑,0,贵CBN917,白,自培,市交校,2003/5/16 0:00,2012/4/12 0:00,宝来牌,-1,364557000000000000 ,366068000000000000 ,198501,199012,15,0,5,工作日,非高峰,2015-05-18,2015年5月18日,多云 /多云,25℃ / 18℃,东北风 ≤3级 /东北风 ≤3级,多云,多云,25,18,东北风,≤3级,东北风,≤3级,day
2015-05-18 18:30:00,南垭路,7、未按规定让行的 ,负全部责任,不负责任,0,贵AEL599,蓝,1,贵A7BR95,红,自培,自培,2004/6/28 0:00,2004/12/23 0:00,荣威牌,别克牌,364548000000000000 ,364548000000000000 ,197403,194903,18,0,5,工作日,晚高峰(17-19点),2015-05-18,2015年5月18日,多云 /多云,25℃ / 18℃,东北风 ≤3级 /东北风 ≤3级,多云,多云,25,18,东北风,≤3级,东北风,≤3级,day
2015-05-18 18:29:00,观山东路,8、依法应负全责的其他情形,负全部责任,不负责任,0,贵ACQ248,红,1,贵A6853S,黄,自培,（花溪区）金马驾驶培训有限公司,2003/12/11 0:00,2013/7/1 0:00,朗逸牌,东风标致牌,364547000000000000 ,36455751174068495X,197506,199304,18,0,5,工作日,晚高峰(17-19点),2015-05-18,2015年5月18日,多云 /多云,25℃ / 18℃,东北风 ≤3级 /东北风 ≤3级,多云,多云,25,18,东北风,≤3级,东北风,≤3级,day
2015-05-18 17:20:00,三桥,1、追尾的,负全部责任,不负责任,1,贵AGV788,红,1,贵A17M86,白,自培,-1,2004/1/12 0:00,-1,大众牌,丰田牌,364556000000000000 ,366367000000000000 ,198210,198408,17,0,5,工作日,晚高峰(17-19点),2015-05-18,2015年5月18日,多云 /多云,25℃ / 18℃,东北风 ≤3级 /东北风 ≤3级,多云,多云,25,18,东北风,≤3级,东北风,≤3级,day
2015-05-18 20:50:00,东林寺路,8、依法应负全责的其他情形,负全部责任,不负责任,1,贵GP6753,黑,1,贵BM4421,红,自培,-1,2001/7/11 0:00,-1,-1,-1,366361000000000000 ,55347500000000000 ,197809,197412,20,0,5,工作日,非高峰,2015-05-18,2015年5月18日,多云 /多云,25℃ / 18℃,东北风 ≤3级 /东北风 ≤3级,多云,多云,25,18,东北风,≤3级,东北风,≤3级,night
2015-05-18 21:00:00,乌江路口,1、追尾的,负全部责任,不负责任,1,贵A34982,白色,1,贵A34028,白色,自培,-1,2007/11/21 0:00,-1,福田牌,福田牌,366070000000000000 ,366064000000000000 ,197611,198902,21,0,5,工作日,非高峰,2015-05-18,2015年5月18日,多云 /多云,25℃ / 18℃,东北风 ≤3级 /东北风 ≤3级,多云,多云,25,18,东北风,≤3级,东北风,≤3级,night
2015-05-18 08:00:00,朝阳洞路,1、追尾的,负全部责任,不负责任,1,贵A209E6,白色,1,贵A4CF42,白色,自培,自培,2007/12/6 0:00,2007/7/30 0:00,长安牌,宝马牌,366067000000000000 ,64767500000000000 ,197712,198109,8,0,5,工作日,早高峰(7-9点),2015-05-18,2015年5月18日,多云 /多云,25℃ / 18℃,东北风 ≤3级 /东北风 ≤3级,多云,多云,25,18,东北风,≤3级,东北风,≤3级,day
2015-05-18 09:00:00,交际处,8、依法应负全责的其他情形,负全部责任,不负责任,1,贵AU2001,绿,1,贵AV0418,黄,自培,自培,2008/7/17 0:00,2003/6/27 0:00,劲隆牌,别克牌,366067000000000000 ,364547000000000000 ,197112,198204,9,0,5,工作日,早高峰(7-9点),2015-05-18,2015年5月18日,多云 /多云,25℃ / 18℃,东北风 ≤3级 /东北风 ≤3级,多云,多云,25,18,东北风,≤3级,东北风,≤3级,day
2015-05-19 08:35:00,大营坡,7、未按规定让行的 ,负全部责任,不负责任,1,贵GX9444,白,1,贵A97K14,黑,自培,自培,2000/4/28 0:00,2003/12/29 0:00,-1,海马牌,364547000000000000 ,36636051805547797X,196807,197411,8,1,5,工作日,早高峰(7-9点),2015-05-19,2015年5月19日,阵雨 /大雨,25℃ / 18℃,东北风 ≤3级 /南风 ≤3级,阵雨,大雨,25,18,东北风,≤3级,南风,≤3级,day
2015-05-19 09:00:00,嵩山路,1、追尾的,负全部责任,不负责任,1,川KJ4844,白色,1,云AW592R,白色,自培,-1,2012/2/28 0:00,-1,-1,-1,355456000000000000 ,366561000000000000 ,198804,199210,9,1,5,工作日,早高峰(7-9点),2015-05-19,2015年5月19日,阵雨 /大雨,25℃ / 18℃,东北风 ≤3级 /南风 ≤3级,阵雨,大雨,25,18,东北风,≤3级,南风,≤3级,day
2015-05-19 09:30:00,北京西路,3、倒车的,负全部责任,不负责任,1,贵A67Y47,黑,1,贵FAL411,黑,自培,-1,2011/12/2 0:00,-1,揽胜,-1,574370000000000000 ,366064000000000000 ,199210,198706,9,1,5,工作日,早高峰(7-9点),2015-05-19,2015年5月19日,阵雨 /大雨,25℃ / 18℃,东北风 ≤3级 /南风 ≤3级,阵雨,大雨,25,18,东北风,≤3级,南风,≤3级,day
2015-05-19 10:00:00,花溪,7、未按规定让行的 ,负全部责任,不负责任,1,贵A485F8,白色,1,贵AK9823,白色,自培,-1,2004/4/20 0:00,-1,解放牌,东风标致牌,366064000000000000 ,364546000000000 ,197608,540214,10,1,5,工作日,非高峰,2015-05-19,2015年5月19日,阵雨 /大雨,25℃ / 18℃,东北风 ≤3级 /南风 ≤3级,阵雨,大雨,25,18,东北风,≤3级,南风,≤3级,day
2015-05-19 11:00:00,体育馆,7、未按规定让行的 ,负全部责任,不负责任,1,浙C24S77,白色,1,贵AV7925,白色,自培,自培,2002/8/19 0:00,2010/9/28 0:00,-1,三铃牌,366569000000000000 ,36454751985469767X,197302,198710,11,1,5,工作日,非高峰,2015-05-19,2015年5月19日,阵雨 /大雨,25℃ / 18℃,东北风 ≤3级 /南风 ≤3级,阵雨,大雨,25,18,东北风,≤3级,南风,≤3级,day
2015-05-19 11:00:00,省二医,8、依法应负全责的其他情形,负全部责任,不负责任,1,贵APK015,红,0,贵A8CE19,红,自培,阳光驾校,2002/12/18 0:00,2014/12/24 0:00,长安牌,雪佛兰牌,364558000000000000 ,364548000000000000 ,197106,197001,11,1,5,工作日,非高峰,2015-05-19,2015年5月19日,阵雨 /大雨,25℃ / 18℃,东北风 ≤3级 /南风 ≤3级,阵雨,大雨,25,18,东北风,≤3级,南风,≤3级,day
2015-05-19 11:20:00,白云中路,1、追尾的,负全部责任,不负责任,1,贵AGX447,红,1,贵AU2909,红,自培,520123,2006/11/23 0:00,2008/5/20 0:00,北京现代牌,瑞麒牌,61442500000000000 ,65466500000000000 ,197507,196904,11,1,5,工作日,非高峰,2015-05-19,2015年5月19日,阵雨 /大雨,25℃ / 18℃,东北风 ≤3级 /南风 ≤3级,阵雨,大雨,25,18,东北风,≤3级,南风,≤3级,day
2015-05-19 12:00:00,百花大道,1、追尾的,负全部责任,不负责任,1,贵A44W36,白,1,贵A7262N,红,自培,诚信驾驶培训学校,2007/1/18 0:00,2013/4/3 0:00,金杯牌,吉利牌,36455651814349635X,364566000000000000 ,197905,198612,12,1,5,工作日,非高峰,2015-05-19,2015年5月19日,阵雨 /大雨,25℃ / 18℃,东北风 ≤3级 /南风 ≤3级,阵雨,大雨,25,18,东北风,≤3级,南风,≤3级,day
2015-05-19 11:25:00,八匹马,1、追尾的,负全部责任,不负责任,1,贵A11H62,白,1,贵A4186S,黄,自培,-1,2008/1/4 0:00,-1,大众汽车牌,长城牌,354651000000000000 ,364558000000000000 ,197705,197510,11,1,5,工作日,非高峰,2015-05-19,2015年5月19日,阵雨 /大雨,25℃ / 18℃,东北风 ≤3级 /南风 ≤3级,阵雨,大雨,25,18,东北风,≤3级,南风,≤3级,day
2015-05-19 14:00:00,解放路,8、依法应负全责的其他情形,负全部责任,不负责任,1,贵AS7804,白色,1,贵A85X69,白色,自培,贵州晨运驾驶培训学校,2002/3/1 0:00,2009/4/21 0:00,波罗牌,-1,364547000000000000 ,366067000000000000 ,195207,198707,14,1,5,工作日,非高峰,2015-05-19,2015年5月19日,阵雨 /大雨,25℃ / 18℃,东北风 ≤3级 /南风 ≤3级,阵雨,大雨,25,18,东北风,≤3级,南风,≤3级,day
2015-05-19 17:10:00,西二环,7、未按规定让行的 ,负全部责任,不负责任,1,贵AS804E,红,1,贵ARB229,红,自培,顺一驾驶培训学校,2002/7/30 0:00,2011/2/25 0:00,-1,东风雪铁龙牌,364558000000000000 ,366068000000000000 ,197711,197905,17,1,5,工作日,晚高峰(17-19点),2015-05-19,2015年5月19日,阵雨 /大雨,25℃ / 18℃,东北风 ≤3级 /南风 ≤3级,阵雨,大雨,25,18,东北风,≤3级,南风,≤3级,day
2015-05-19 16:35:00,阳关,7、未按规定让行的 ,负全部责任,不负责任,1,贵ASM956,黄,1,贵AEQ236,红,自培,自培,2006/11/17 0:00,-1,东风雪铁龙牌,东风雪铁龙牌,364548000000000000 ,366864000000000000 ,198408,199006,16,1,5,工作日,非高峰,2015-05-19,2015年5月19日,阵雨 /大雨,25℃ / 18℃,东北风 ≤3级 /南风 ≤3级,阵雨,大雨,25,18,东北风,≤3级,南风,≤3级,day
2015-05-19 17:00:00,嘉润路,1、追尾的,负全部责任,不负责任,1,豫D5F461,白色,1,贵A64R65,白色,自培,-1,2014/1/27 0:00,-1,-1,捷豹XJ,54362500000000000 ,366875000000000000 ,199410,199011,17,1,5,工作日,晚高峰(17-19点),2015-05-19,2015年5月19日,阵雨 /大雨,25℃ / 18℃,东北风 ≤3级 /南风 ≤3级,阵雨,大雨,25,18,东北风,≤3级,南风,≤3级,day
2015-05-19 17:00:00,嘉青路,1、追尾的,负全部责任,不负责任,1,豫D5F461,白色,1,贵A64P60,白色,自培,-1,2014/1/27 0:00,-1,-1,-1,54362500000000000 ,366875000000000000 ,199410,199011,17,1,5,工作日,晚高峰(17-19点),2015-05-19,2015年5月19日,阵雨 /大雨,25℃ / 18℃,东北风 ≤3级 /南风 ≤3级,阵雨,大雨,25,18,东北风,≤3级,南风,≤3级,day
2015-05-19 15:00:00,湘雅村,7、未按规定让行的 ,负全部责任,不负责任,1,贵AX4683,白色,1,渝CDP169,白色,自培,-1,2001/4/26 0:00,-1,辉腾,-1,355561000000000000 ,354662000000000000 ,198203,195402,15,1,5,工作日,非高峰,2015-05-19,2015年5月19日,阵雨 /大雨,25℃ / 18℃,东北风 ≤3级 /南风 ≤3级,阵雨,大雨,25,18,东北风,≤3级,南风,≤3级,day
2015-05-22 11:20:00,二铺,1、追尾的,负全部责任,不负责任,1,贵A268H4,白,1,贵JK6513,黑,自培,-1,2000/8/25 0:00,-1,江淮牌,-1,364557000000000000 ,366875000000000000 ,197707,197305,11,4,5,工作日,非高峰,2015-05-22,2015年5月22日,阵雨 /阵雨,19℃ / 14℃,东风 ≤3级 /东风 ≤3级,阵雨,阵雨,19,14,东风,≤3级,东风,≤3级,day
2015-05-19 18:00:00,富源北路,3、倒车的,负全部责任,不负责任,1,贵A59B26,白色,1,贵A17B43,白色,自培,-1,2004/4/27 0:00,-1,雅阁牌,大众牌,36369500000000000 ,4368510000000000 ,197604,196802,18,1,5,工作日,晚高峰(17-19点),2015-05-19,2015年5月19日,阵雨 /大雨,25℃ / 18℃,东北风 ≤3级 /南风 ≤3级,阵雨,大雨,25,18,东北风,≤3级,南风,≤3级,day
2015-05-19 20:00:00,黄河路,7、未按规定让行的 ,负全部责任,不负责任,1,鄂AS2R71,白色,1,贵A36Y68,白色,自培,金筑驾校,2001/3/26 0:00,2006/7/6 0:00,-1,长安牌,364557000000000000 ,364548000000000000 ,197112,198405,20,1,5,工作日,非高峰,2015-05-19,2015年5月19日,阵雨 /大雨,25℃ / 18℃,东北风 ≤3级 /南风 ≤3级,阵雨,大雨,25,18,东北风,≤3级,南风,≤3级,night
2015-05-20 07:00:00,小河,3、倒车的,负全部责任,不负责任,1,贵AM5375,白色,1,川F51549,白色,自培,-1,2008/11/7 0:00,-1,马自达牌,海马牌,366369000000000000 ,364551000000000000 ,198408,197906,7,2,5,工作日,早高峰(7-9点),2015-05-20,2015年5月20日,阴 /阵雨,23℃ / 17℃,东北风 ≤3级 /东北风 ≤3级,阴,阵雨,23,17,东北风,≤3级,东北风,≤3级,day
2015-05-20 06:40:00,粑粑坳,7、未按规定让行的 ,负全部责任,不负责任,1,贵A81183,红,1,贵AV3155,白,自培,-1,2008/9/11 0:00,-1,三一牌,建设-雅马哈牌,366068000000000000 ,366067000000000000 ,197512,197512,6,2,5,工作日,非高峰,2015-05-20,2015年5月20日,阴 /阵雨,23℃ / 17℃,东北风 ≤3级 /东北风 ≤3级,阴,阵雨,23,17,东北风,≤3级,东北风,≤3级,day
2015-05-19 07:30:00,盐沙线,7、未按规定让行的 ,负全部责任,不负责任,1,贵GH7858,黑,1,贵A6BC95,白,自培,自培,2003/8/19 0:00,2003/12/3 0:00,-1,翼搏牌,366363000000000000 ,366546000000000000 ,197110,195805,7,1,5,工作日,早高峰(7-9点),2015-05-19,2015年5月19日,阵雨 /大雨,25℃ / 18℃,东北风 ≤3级 /南风 ≤3级,阵雨,大雨,25,18,东北风,≤3级,南风,≤3级,day