accidenttime,accidentaddr,driver1fault,driver1responsibility,driver2responsibility,sex1,platenumber1,carcolor1,sex2,platenumber2,carcolor2,jxmc1,jxmc2,cclzrq1,cclzrq2,clpp1,clpp2,driver1license,driver2license,brith1,brith2,hour,weekday,month,is_weekday,peak_hour,date,日期,天气状况,气温,风力风向,day_wea,night_wea,day_tep,night_tep,day_wind_direction,day_wind_speed,night_wind_direction,night_wind_speed,segment
2015-05-19 07:40:00,八匹马,7、未按规定让行的 ,负全部责任,不负责任,1,贵H0021W,白,1,贵AU5394,黄,自培,自培,2002/8/19 0:00,2007/1/23 0:00,-1,恒通客车牌,366367000000000000 ,364547000000000000 ,196811,198705,7,1,5,工作日,早高峰(7-9点),2015-05-19,2015年5月19日,阵雨 /大雨,25℃ / 18℃,东北风 ≤3级 /南风 ≤3级,阵雨,大雨,25,18,东北风,≤3级,南风,≤3级,day
2015-05-19 09:00:00,都司路,7、未按规定让行的 ,负全部责任,不负责任,1,贵AFN963,白色,1,贵AU4051,白色,自培,自培,2000/8/31 0:00,2001/11/21 0:00,起亚牌,力帆牌,355468000000000000 ,366868000000000000 ,196910,196510,9,1,5,工作日,早高峰(7-9点),2015-05-19,2015年5月19日,阵雨 /大雨,25℃ / 18℃,东北风 ≤3级 /南风 ≤3级,阵雨,大雨,25,18,东北风,≤3级,南风,≤3级,day
2015-05-19 08:10:00,化工路口,1、追尾的,负全部责任,不负责任,1,贵A83Y82,红,1,贵A16N26,白,自培,自培,2001/4/19 0:00,2000/8/28 0:00,大众汽车牌,缤智牌,364548000000000000 ,364548000000000000 ,196306,197712,8,1,5,工作日,早高峰(7-9点),2015-05-19,2015年5月19日,阵雨 /大雨,25℃ / 18℃,东北风 ≤3级 /南风 ≤3级,阵雨,大雨,25,18,东北风,≤3级,南风,≤3级,day
2015-05-19 16:00:00,麦乃村,1、追尾的,负全部责任,不负责任,1,贵A0244学,白色,1,贵A9706X,白色,自培,自培,2002/11/30 0:00,2004/9/15 0:00,-1,飞碟牌,364547000000000000 ,36455551895640535X,197704,197812,16,1,5,工作日,非高峰,2015-05-19,2015年5月19日,阵雨 /大雨,25℃ / 18℃,东北风 ≤3级 /南风 ≤3级,阵雨,大雨,25,18,东北风,≤3级,南风,≤3级,day
2015-05-20 10:00:00,瑞金南路,7、未按规定让行的 ,负全部责任,不负责任,1,贵A96C68,白色,1,贵AU0490,白色,自培,无,2007/6/25 0:00,1994/10/5 0:00,马自达牌,万达牌,366664000000000000 ,364547000000000000 ,197411,197503,10,2,5,工作日,非高峰,2015-05-20,2015年5月20日,阴 /阵雨,23℃ / 17℃,东北风 ≤3级 /东北风 ≤3级,阴,阵雨,23,17,东北风,≤3级,东北风,≤3级,day
2015-05-20 11:30:00,三桥,3、倒车的,负全部责任,不负责任,0,贵A5027V,黑,1,贵AER992,黑,自培,青正驾校,2007/8/9 0:00,2011/9/27 0:00,中华牌,吉利牌,364551000000000000 ,364547000000000000 ,198712,199011,11,2,5,工作日,非高峰,2015-05-20,2015年5月20日,阴 /阵雨,23℃ / 17℃,东北风 ≤3级 /东北风 ≤3级,阴,阵雨,23,17,东北风,≤3级,东北风,≤3级,day
2015-05-20 11:13:00,长岭北路,7、未按规定让行的 ,负全部责任,不负责任,1,贵A6731Z,红,1,贵JA4567,红,自培,铁二局驾校,2004/11/1 0:00,2011/8/29 0:00,吉利美日牌,-1,364548000000000000 ,364557000000000000 ,197109,199010,11,2,5,工作日,非高峰,2015-05-20,2015年5月20日,阴 /阵雨,23℃ / 17℃,东北风 ≤3级 /东北风 ≤3级,阴,阵雨,23,17,东北风,≤3级,东北风,≤3级,day
2015-05-20 13:05:00,黔灵公园,8、依法应负全责的其他情形,负同等责任,负同等责任,1,贵AL7748,红,1,贵ABE884,黑,自培,诚信驾驶培训学校,2002/2/10 0:00,2014/11/19 0:00,东风标致牌,丰田牌,364547000000000000 ,36455651995568635X,197511,198811,13,2,5,工作日,非高峰,2015-05-20,2015年5月20日,阴 /阵雨,23℃ / 17℃,东北风 ≤3级 /东北风 ≤3级,阴,阵雨,23,17,东北风,≤3级,东北风,≤3级,day
2015-05-20 14:00:00,望城坡,7、未按规定让行的 ,负全部责任,不负责任,1,贵AB0864,白色,1,贵ANL577,白色,自培,520129,2002/3/19 0:00,2007/11/22 0:00,豪爵牌,雪佛兰牌,364556000000000000 ,36454651855546225X,197202,197111,14,2,5,工作日,非高峰,2015-05-20,2015年5月20日,阴 /阵雨,23℃ / 17℃,东北风 ≤3级 /东北风 ≤3级,阴,阵雨,23,17,东北风,≤3级,东北风,≤3级,day
2015-05-20 12:00:00,军区,7、未按规定让行的 ,负全部责任,不负责任,1,贵JV5591,白色,1,贵AU3474,白色,自培,金大驾校,2005/4/13 0:00,2006/4/29 0:00,-1,奇瑞牌,366862000000000000 ,36634551864262605X,196910,197206,12,2,5,工作日,非高峰,2015-05-20,2015年5月20日,阴 /阵雨,23℃ / 17℃,东北风 ≤3级 /东北风 ≤3级,阴,阵雨,23,17,东北风,≤3级,东北风,≤3级,day
2015-05-20 15:00:00,中华中路,9、不符合前8款规定或者双方同时具有上述情形的,负全部责任,不负责任,1,贵AU6594,黄,1,贵A43Y49,蓝,自培,贵阳金马驾驶培训有限公司,2006/11/1 0:00,1999/12/3 0:00,宇通牌,东风标致牌,366577000000000000 ,364548000000000000 ,197509,195811,15,2,5,工作日,非高峰,2015-05-20,2015年5月20日,阴 /阵雨,23℃ / 17℃,东北风 ≤3级 /东北风 ≤3级,阴,阵雨,23,17,东北风,≤3级,东北风,≤3级,day
2015-05-20 17:00:00,孟关,1、追尾的,负全部责任,不负责任,1,贵ARY961,白色,1,贵A5BH19,白色,自培,诚信驾驶培训学校,2009/6/17 0:00,2015/2/4 0:00,北京现代牌,斯柯达牌,54597500000000000 ,366564000000000000 ,198811,197209,17,2,5,工作日,晚高峰(17-19点),2015-05-20,2015年5月20日,阴 /阵雨,23℃ / 17℃,东北风 ≤3级 /东北风 ≤3级,阴,阵雨,23,17,东北风,≤3级,东北风,≤3级,day
2015-05-20 17:30:00,百花山,1、追尾的,负全部责任,不负责任,1,贵ABL658,黑,1,贵AGW326,黑,自培,文通驾校,2006/6/21 0:00,2012/7/26 0:00,福克斯牌,丰田牌,366562000000000000 ,364548000000000000 ,197103,199009,17,2,5,工作日,晚高峰(17-19点),2015-05-20,2015年5月20日,阴 /阵雨,23℃ / 17℃,东北风 ≤3级 /东北风 ≤3级,阴,阵雨,23,17,东北风,≤3级,东北风,≤3级,day
2015-05-20 15:00:00,沙冲路,1、追尾的,负全部责任,不负责任,1,贵ALK608,白色,1,贵A711A9,白色,自培,自培,2004/10/14 0:00,1997/9/1 0:00,金杯牌,昌河牌,354668000000000000 ,364556000000000000 ,197103,197303,15,2,5,工作日,非高峰,2015-05-20,2015年5月20日,阴 /阵雨,23℃ / 17℃,东北风 ≤3级 /东北风 ≤3级,阴,阵雨,23,17,东北风,≤3级,东北风,≤3级,day
2015-05-21 09:30:00,粑粑坳,9、不符合前8款规定或者双方同时具有上述情形的,负同等责任,负同等责任,1,贵ASX544,蓝,1,贵ACE546,白,自培,-1,2002/9/13 0:00,-1,马自达牌,解放牌,364558000000000000 ,364546000000000 ,197006,690215,9,3,5,工作日,早高峰(7-9点),2015-05-21,2015年5月21日,阴 /阵雨,24℃ / 16℃,东风 ≤3级 /东风 ≤3级,阴,阵雨,24,16,东风,≤3级,东风,≤3级,day
2015-05-21 11:00:00,富水南路,7、未按规定让行的 ,负全部责任,不负责任,1,贵AU9827,黄,1,贵ATU829,黑,自培,-1,2000/7/11 0:00,-1,豪爵牌,凯迪拉克,74667500000000000 ,364547000000000000 ,197110,198206,11,3,5,工作日,非高峰,2015-05-21,2015年5月21日,阴 /阵雨,24℃ / 16℃,东风 ≤3级 /东风 ≤3级,阴,阵雨,24,16,东风,≤3级,东风,≤3级,day
2015-05-21 11:00:00,湘雅村,7、未按规定让行的 ,负全部责任,不负责任,1,粤AL1266,白色,1,贵AU0366,白色,自培,公交公司驾校,2001/2/12 0:00,2008/3/11 0:00,发现神行,宝来牌,364547000000000000 ,364547000000000000 ,196004,198603,11,3,5,工作日,非高峰,2015-05-21,2015年5月21日,阴 /阵雨,24℃ / 16℃,东风 ≤3级 /东风 ≤3级,阴,阵雨,24,16,东风,≤3级,东风,≤3级,day
2015-05-21 11:00:00,花溪,3、倒车的,负全部责任,不负责任,1,贵A645C8,白色,1,贵CHH065,白色,自培,-1,2007/3/7 0:00,-1,王牌牌,-1,364556000000000000 ,356768000000000000 ,198812,197810,11,3,5,工作日,非高峰,2015-05-21,2015年5月21日,阴 /阵雨,24℃ / 16℃,东风 ≤3级 /东风 ≤3级,阴,阵雨,24,16,东风,≤3级,东风,≤3级,day
2015-05-21 13:00:00,花果园,7、未按规定让行的 ,负全部责任,不负责任,1,贵AUA367,白色,1,贵JH3875,白色,自培,-1,2009/6/4 0:00,-1,大众牌,-1,366664000000000000 ,364547000000000000 ,197902,198302,13,3,5,工作日,非高峰,2015-05-21,2015年5月21日,阴 /阵雨,24℃ / 16℃,东风 ≤3级 /东风 ≤3级,阴,阵雨,24,16,东风,≤3级,东风,≤3级,day
2015-05-21 17:50:00,恒大绿洲,8、依法应负全责的其他情形,负全部责任,不负责任,1,贵GE1467,黑,1,贵A141C3,黑,自培,-1,2002/4/10 0:00,-1,-1,大迪牌,364547000000000000 ,366068000000000000 ,198402,196906,17,3,5,工作日,晚高峰(17-19点),2015-05-21,2015年5月21日,阴 /阵雨,24℃ / 16℃,东风 ≤3级 /东风 ≤3级,阴,阵雨,24,16,东风,≤3级,东风,≤3级,day
2015-05-21 18:15:00,翠柳路,7、未按规定让行的 ,负全部责任,不负责任,1,贵AEB053,红,1,豫D99532,白,自培,-1,2008/4/2 0:00,-1,福特牌,-1,366067000000000000 ,56160500000000000 ,197108,197811,18,3,5,工作日,晚高峰(17-19点),2015-05-21,2015年5月21日,阴 /阵雨,24℃ / 16℃,东风 ≤3级 /东风 ≤3级,阴,阵雨,24,16,东风,≤3级,东风,≤3级,day
2015-05-21 18:30:00,云环路,7、未按规定让行的 ,负全部责任,不负责任,1,贵A8313J,黑,0,贵ARF848,蓝,自培,贵阳万里圣驾校,2002/12/2 0:00,2015/3/24 0:00,金杯牌,-1,364558000000000000 ,364568000000000000 ,196210,198505,18,3,5,工作日,晚高峰(17-19点),2015-05-21,2015年5月21日,阴 /阵雨,24℃ / 16℃,东风 ≤3级 /东风 ≤3级,阴,阵雨,24,16,东风,≤3级,东风,≤3级,day
2015-05-21 21:00:00,航天园,9、不符合前8款规定或者双方同时具有上述情形的,负同等责任,负同等责任,1,贵JM0868,白色,1,贵A4EB06,黑色,自培,十一驾驶培训有限公司,2004/4/30 0:00,2011/7/11 0:00,-1,奥迪牌,366876000000000000 ,364551000000000000 ,198203,199001,21,3,5,工作日,非高峰,2015-05-21,2015年5月21日,阴 /阵雨,24℃ / 16℃,东风 ≤3级 /东风 ≤3级,阴,阵雨,24,16,东风,≤3级,东风,≤3级,night
2015-05-20 03:00:00,徐家冲,1、追尾的,负全部责任,不负责任,1,贵A3447M,白色,1,贵AJH197,白色,自培,自培,2004/10/28 0:00,2011/1/28 0:00,众泰牌,雪佛兰牌,366361000000000000 ,366875000000000000 ,196710,197711,3,2,5,工作日,非高峰,2015-05-20,2015年5月20日,阴 /阵雨,23℃ / 17℃,东北风 ≤3级 /东北风 ≤3级,阴,阵雨,23,17,东北风,≤3级,东北风,≤3级,night
2015-05-20 10:38:00,贵开路,1、追尾的,负全部责任,不负责任,1,贵APT116,黑,1,贵A96F13,黑,自培,自培,2004/5/8 0:00,2004/4/22 0:00,北斗星牌,东风日产牌,3660520000000000 ,366367000000000000 ,198310,197604,10,2,5,工作日,非高峰,2015-05-20,2015年5月20日,阴 /阵雨,23℃ / 17℃,东北风 ≤3级 /东北风 ≤3级,阴,阵雨,23,17,东北风,≤3级,东北风,≤3级,day
2015-05-20 10:00:00,富源路,1、追尾的,负全部责任,不负责任,1,闽A8Z999,白色,1,贵A2BR19,白色,自培,自培,2005/11/30 0:00,2002/10/10 0:00,-1,起亚牌,734596000000000000 ,366068000000000000 ,196601,197209,10,2,5,工作日,非高峰,2015-05-20,2015年5月20日,阴 /阵雨,23℃ / 17℃,东北风 ≤3级 /东北风 ≤3级,阴,阵雨,23,17,东北风,≤3级,东北风,≤3级,day
2015-05-20 18:08:00,金朱东路,7、未按规定让行的 ,负全部责任,不负责任,1,川A017RL,白,1,贵A91666,黑,自培,自培,2013/11/19 0:00,2002/2/25 0:00,-1,途锐,366575000000000000 ,364547000000000000 ,199407,196302,18,2,5,工作日,晚高峰(17-19点),2015-05-20,2015年5月20日,阴 /阵雨,23℃ / 17℃,东北风 ≤3级 /东北风 ≤3级,阴,阵雨,23,17,东北风,≤3级,东北风,≤3级,day
2015-05-21 09:30:00,杨家山隧道,1、追尾的,负全部责任,不负责任,1,贵EV113,红,1,贵ACQ791,白,自培,自培,2004/5/11 0:00,2006/4/5 0:00,-1,福克斯牌,366566000000000000 ,354366000000000000 ,197509,196504,9,3,5,工作日,早高峰(7-9点),2015-05-21,2015年5月21日,阴 /阵雨,24℃ / 16℃,东风 ≤3级 /东风 ≤3级,阴,阵雨,24,16,东风,≤3级,东风,≤3级,day
2015-05-22 07:30:00,长岭南路, ,负全部责任,不负责任,1,贵A71M39,白,0,贵A77014,白,自培,六盘水市键麟驾驶培训学校,2005/3/7 0:00,2007/12/12 0:00,梅赛德斯-奔驰牌,东风牌,364547000000000000 ,364648000000000000 ,196304,198707,7,4,5,工作日,早高峰(7-9点),2015-05-22,2015年5月22日,阵雨 /阵雨,19℃ / 14℃,东风 ≤3级 /东风 ≤3级,阵雨,阵雨,19,14,东风,≤3级,东风,≤3级,day
2015-05-22 08:20:00,林城西路,7、未按规定让行的 ,负全部责任,不负责任,1,贵AV3453,黄,1,贵AME348,红,自培,贵州平安驾驶培训学校,2003/6/8 0:00,2012/4/10 0:00,嘉隆牌,长城牌,74595500000000000 ,364557000000000000 ,198306,199203,8,4,5,工作日,早高峰(7-9点),2015-05-22,2015年5月22日,阵雨 /阵雨,19℃ / 14℃,东风 ≤3级 /东风 ≤3级,阵雨,阵雨,19,14,东风,≤3级,东风,≤3级,day
2015-05-22 08:25:00,阳关,7、未按规定让行的 ,负全部责任,不负责任,1,贵A35N47,白,1,贵AU6297,黄,自培,消防驾校,2004/3/31 0:00,1998/9/2 0:00,斯柯达牌,山洋牌,364547000000000000 ,366764000000000000 ,197403,196910,8,4,5,工作日,早高峰(7-9点),2015-05-22,2015年5月22日,阵雨 /阵雨,19℃ / 14℃,东风 ≤3级 /东风 ≤3级,阵雨,阵雨,19,14,东风,≤3级,东风,≤3级,day
2015-05-22 10:10:00,观山西路,1、追尾的,负全部责任,不负责任,1,贵AEQ418,红,1,贵AU5159,黄,自培,中江白塔驾校,2002/8/9 0:00,2009/1/4 0:00,科雷傲,蜀都牌,364547000000000000 ,354268000000000000 ,197708,198705,10,4,5,工作日,非高峰,2015-05-22,2015年5月22日,阵雨 /阵雨,19℃ / 14℃,东风 ≤3级 /东风 ≤3级,阵雨,阵雨,19,14,东风,≤3级,东风,≤3级,day
2015-05-22 09:45:00,花果园,7、未按规定让行的 ,负全部责任,不负责任,1,贵AU7401,黄,1,贵BJ3621,黑,自培,-1,2007/4/6 0:00,-1,福田牌,-1,366061000000000000 ,376570000000000000 ,198803,197708,9,4,5,工作日,早高峰(7-9点),2015-05-22,2015年5月22日,阵雨 /阵雨,19℃ / 14℃,东风 ≤3级 /东风 ≤3级,阵雨,阵雨,19,14,东风,≤3级,东风,≤3级,day
2015-05-22 12:30:00,世纪城,7、未按规定让行的 ,负全部责任,不负责任,1,贵AGW827,黑,1,粤L6C183,黑,自培,-1,2008/12/9 0:00,-1,比亚迪牌,-1,366064000000000000 ,5265510000000000 ,198707,196908,12,4,5,工作日,非高峰,2015-05-22,2015年5月22日,阵雨 /阵雨,19℃ / 14℃,东风 ≤3级 /东风 ≤3级,阵雨,阵雨,19,14,东风,≤3级,东风,≤3级,day
2015-05-22 10:00:00,花二道,7、未按规定让行的 ,负全部责任,不负责任,1,贵JBT514,白色,1,贵A2819H,白色,自培,吉源驾校,2004/9/14 0:00,2013/11/26 0:00,-1,五菱牌,364547000000000000 ,364568000000000000 ,197908,199411,10,4,5,工作日,非高峰,2015-05-22,2015年5月22日,阵雨 /阵雨,19℃ / 14℃,东风 ≤3级 /东风 ≤3级,阵雨,阵雨,19,14,东风,≤3级,东风,≤3级,day
2015-05-22 11:00:00,清水江路,1、追尾的,负全部责任,不负责任,1,贵A91M87,白色,1,贵AAM900,白色,自培,-1,2007/2/28 0:00,-1,大众牌,鑫轮牌,364548000000000000 ,36656851104754535X,198412,199403,11,4,5,工作日,非高峰,2015-05-22,2015年5月22日,阵雨 /阵雨,19℃ / 14℃,东风 ≤3级 /东风 ≤3级,阵雨,阵雨,19,14,东风,≤3级,东风,≤3级,day
2015-05-22 15:30:00,水东路,1、追尾的,负全部责任,不负责任,1,贵A7329S,白,0,贵A9CC40,蓝,自培,鑫鑫驾校,2007/12/25 0:00,2012/3/27 0:00,大众牌,福特牌,36456651924060625X,364557000000000000 ,198604,197504,15,4,5,工作日,非高峰,2015-05-22,2015年5月22日,阵雨 /阵雨,19℃ / 14℃,东风 ≤3级 /东风 ≤3级,阵雨,阵雨,19,14,东风,≤3级,东风,≤3级,day
2015-05-22 13:10:00,沙子哨,8、依法应负全责的其他情形,负全部责任,不负责任,1,贵AB047G,红,1,贵A52457,红,自培,顺一驾驶培训学校,2004/6/26 0:00,2011/11/3 0:00,长城牌,金捷牌,364547000000000000 ,366361000000000000 ,195707,198709,13,4,5,工作日,非高峰,2015-05-22,2015年5月22日,阵雨 /阵雨,19℃ / 14℃,东风 ≤3级 /东风 ≤3级,阵雨,阵雨,19,14,东风,≤3级,东风,≤3级,day
2015-05-22 16:30:00,牛郎关,7、未按规定让行的 ,负全部责任,不负责任,0,贵A68P63,蓝,1,贵A74Z12,黑,自培,铁二局驾校,2004/8/6 0:00,2013/12/5 0:00,宝马,丰田牌,364548000000000000 ,364548000000000000 ,198209,198408,16,4,5,工作日,非高峰,2015-05-22,2015年5月22日,阵雨 /阵雨,19℃ / 14℃,东风 ≤3级 /东风 ≤3级,阵雨,阵雨,19,14,东风,≤3级,东风,≤3级,day
2015-05-22 18:00:00,花溪大道,9、不符合前8款规定或者双方同时具有上述情形的,负同等责任,负同等责任,1,贵AA9732,白色,1,贵AB743V,白色,自培,铁二局驾校,2002/3/1 0:00,2014/12/2 0:00,雅阁牌,-1,366566000000000000 ,674568000000000000 ,197403,198904,18,4,5,工作日,晚高峰(17-19点),2015-05-22,2015年5月22日,阵雨 /阵雨,19℃ / 14℃,东风 ≤3级 /东风 ≤3级,阵雨,阵雨,19,14,东风,≤3级,东风,≤3级,day
2015-05-22 17:57:00,白金大道,1、追尾的,负全部责任,不负责任,1,贵A34759,白,1,贵B99316,蓝,自培,-1,2007/1/4 0:00,-1,江淮牌,-1,03684651815661798X,364648000000000000 ,197912,197610,17,4,5,工作日,晚高峰(17-19点),2015-05-22,2015年5月22日,阵雨 /阵雨,19℃ / 14℃,东风 ≤3级 /东风 ≤3级,阵雨,阵雨,19,14,东风,≤3级,东风,≤3级,day
2015-05-22 19:20:00,二铺,8、依法应负全责的其他情形,负全部责任,不负责任,0,湘E1P385,红,1,赣B5N449,白,自培,-1,2013/2/3 0:00,-1,-1,-1,74367500000000000 ,724897000000000000 ,198909,199008,19,4,5,工作日,晚高峰(17-19点),2015-05-22,2015年5月22日,阵雨 /阵雨,19℃ / 14℃,东风 ≤3级 /东风 ≤3级,阵雨,阵雨,19,14,东风,≤3级,东风,≤3级,day
2015-05-22 16:40:00,大营坡,8、依法应负全责的其他情形,负全部责任,不负责任,1,贵AW5656,红,0,贵ANN575,红,自培,-1,2003/7/29 0:00,-1,宗申牌,起亚牌,364648000000000000 ,366346000000000000 ,197107,197209,16,4,5,工作日,非高峰,2015-05-22,2015年5月22日,阵雨 /阵雨,19℃ / 14℃,东风 ≤3级 /东风 ≤3级,阵雨,阵雨,19,14,东风,≤3级,东风,≤3级,day
2015-05-21 20:10:00,金苏大道,7、未按规定让行的 ,负全部责任,不负责任,1,贵AHE165,红,1,贵AKV143,蓝,自培,自培,2004/5/18 0:00,2006/8/25 0:00,-1,骐达牌,36636651894249447X,366567000000000000 ,197806,198710,20,3,5,工作日,非高峰,2015-05-21,2015年5月21日,阴 /阵雨,24℃ / 16℃,东风 ≤3级 /东风 ≤3级,阴,阵雨,24,16,东风,≤3级,东风,≤3级,night
2015-05-21 19:20:00,黔灵山路,7、未按规定让行的 ,负全部责任,不负责任,1,贵JDP632,白,1,贵A89H33,白,自培,自培,2007/3/23 0:00,2004/6/19 0:00,-1,大众汽车牌,784296000000000000 ,366046000000000000 ,198605,197810,19,3,5,工作日,晚高峰(17-19点),2015-05-21,2015年5月21日,阴 /阵雨,24℃ / 16℃,东风 ≤3级 /东风 ≤3级,阴,阵雨,24,16,东风,≤3级,东风,≤3级,day
2015-05-22 08:30:00,解放路,7、未按规定让行的 ,负全部责任,不负责任,1,贵BX4349,蓝,0,贵AV1939,白,自培,自培,2008/1/7 0:00,2004/2/20 0:00,-1,大福牌,364646000000000000 ,364547000000000000 ,198406,196003,8,4,5,工作日,早高峰(7-9点),2015-05-22,2015年5月22日,阵雨 /阵雨,19℃ / 14℃,东风 ≤3级 /东风 ≤3级,阵雨,阵雨,19,14,东风,≤3级,东风,≤3级,day
2015-05-22 13:00:00,多彩贵州城,7、未按规定让行的 ,负全部责任,不负责任,1,闽A538U6,白色,1,贵AGW543,白色,自培,自培,2011/10/25 0:00,2007/7/12 0:00,-1,-1,734567000000000000 ,366875000000000000 ,198205,198101,13,4,5,工作日,非高峰,2015-05-22,2015年5月22日,阵雨 /阵雨,19℃ / 14℃,东风 ≤3级 /东风 ≤3级,阵雨,阵雨,19,14,东风,≤3级,东风,≤3级,day
2015-05-22 11:00:00,见龙洞路,7、未按规定让行的 ,负全部责任,不负责任,1,贵AU8011,白色,1,贵AEX368,白色,自培,自培,2002/4/1 0:00,2003/3/19 0:00,跃进牌,马自达牌,364548000000000000 ,364547000000000000 ,196212,197702,11,4,5,工作日,非高峰,2015-05-22,2015年5月22日,阵雨 /阵雨,19℃ / 14℃,东风 ≤3级 /东风 ≤3级,阵雨,阵雨,19,14,东风,≤3级,东风,≤3级,day
2015-05-22 11:00:00,甘平路,7、未按规定让行的 ,负全部责任,不负责任,1,贵A96F31,白色,1,贵A6323V,白色,自培,自培,2012/3/12 0:00,2004/5/19 0:00,凌派牌,东风日产牌,06606151884061323X,366067000000000000 ,197704,197609,11,4,5,工作日,非高峰,2015-05-22,2015年5月22日,阵雨 /阵雨,19℃ / 14℃,东风 ≤3级 /东风 ≤3级,阵雨,阵雨,19,14,东风,≤3级,东风,≤3级,day
2015-05-23 12:10:00,三桥,7、未按规定让行的 ,负全部责任,不负责任,1,贵A495F4,白,1,贵A7216X,红,自培,顺一驾驶培训学校,2003/4/24 0:00,2012/2/20 0:00,江淮牌,比亚迪牌,366067000000000000 ,364596000000000000 ,198007,199212,12,5,5,工作日,非高峰,2015-05-23,2015年5月23日,阵雨 /阴,19℃ / 14℃,东北风 ≤3级 /东北风 ≤3级,阵雨,阴,19,14,东北风,≤3级,东北风,≤3级,day
2015-05-23 14:00:00,沙冲南路,7、未按规定让行的 ,负全部责任,不负责任,1,贵AJA029,白色,1,贵A84J63,白色,自培,金大驾校,2006/5/29 0:00,2012/9/10 0:00,宝马,长城牌,364547000000000000 ,364547000000000000 ,196303,198703,14,5,5,工作日,非高峰,2015-05-23,2015年5月23日,阵雨 /阴,19℃ / 14℃,东北风 ≤3级 /东北风 ≤3级,阵雨,阴,19,14,东北风,≤3级,东北风,≤3级,day
2015-05-23 14:00:00,桐木岭,7、未按规定让行的 ,负全部责任,不负责任,1,贵A720A5,白色,1,贵A8CC84,白色,自培,-1,2003/4/1 0:00,1973/5/30 0:00,东风牌,宝马牌,74146500000000000 ,364547000000000000 ,198409,195109,14,5,5,工作日,非高峰,2015-05-23,2015年5月23日,阵雨 /阴,19℃ / 14℃,东北风 ≤3级 /东北风 ≤3级,阵雨,阴,19,14,东北风,≤3级,东北风,≤3级,day
2015-05-23 13:30:00,金阳,7、未按规定让行的 ,负全部责任,不负责任,1,贵ASM763,蓝,1,贵A92231,黑,自培,-1,2002/6/21 0:00,-1,宝马,斯达-斯太尔牌,56165500000000000 ,366362000000000000 ,197312,198312,13,5,5,工作日,非高峰,2015-05-23,2015年5月23日,阵雨 /阴,19℃ / 14℃,东北风 ≤3级 /东北风 ≤3级,阵雨,阴,19,14,东北风,≤3级,东北风,≤3级,day
2015-05-23 12:43:00,粑粑坳,3、倒车的,负全部责任,不负责任,1,贵AC501Y,白,1,贵A9435M,红,自培,-1,2011/3/14 0:00,-1,金杯牌,宝骏牌,785367000000000000 ,366361000000000000 ,199011,199410,12,5,5,工作日,非高峰,2015-05-23,2015年5月23日,阵雨 /阴,19℃ / 14℃,东北风 ≤3级 /东北风 ≤3级,阵雨,阴,19,14,东北风,≤3级,东北风,≤3级,day
2015-05-23 14:40:00,华宫巷,3、倒车的,负全部责任,不负责任,1,贵A6BF43,黄,1,贵ALW409,白,自培,自培,2007/5/31 0:00,2004/8/23 0:00,传祺牌,长安牌,364548000000000000 ,366068000000000000 ,198901,197706,14,5,5,工作日,非高峰,2015-05-23,2015年5月23日,阵雨 /阴,19℃ / 14℃,东北风 ≤3级 /东北风 ≤3级,阵雨,阴,19,14,东北风,≤3级,东北风,≤3级,day
2015-05-23 16:00:00,黔江路,7、未按规定让行的 ,负全部责任,不负责任,1,贵AHW878,白色,1,贵A4AY49,白色,自培,520126,2001/1/16 0:00,2010/12/20 0:00,宝马,大众牌,364551000000000000 ,364547000000000000 ,197607,196801,16,5,5,工作日,非高峰,2015-05-23,2015年5月23日,阵雨 /阴,19℃ / 14℃,东北风 ≤3级 /东北风 ≤3级,阵雨,阴,19,14,东北风,≤3级,东北风,≤3级,day
2015-05-23 15:08:00,化工路口,1、追尾的,负全部责任,不负责任,1,贵AU0269,蓝,1,贵A315G8,黑,自培,安顺市顺安汽车（摩托车）驾驶培训学校,2002/5/17 0:00,2015/2/17 0:00,奇瑞牌,解放牌,355496000000000000 ,364547000000000000 ,198208,199009,15,5,5,工作日,非高峰,2015-05-23,2015年5月23日,阵雨 /阴,19℃ / 14℃,东北风 ≤3级 /东北风 ≤3级,阵雨,阴,19,14,东北风,≤3级,东北风,≤3级,day
2015-05-23 14:30:00,青山小区,3、倒车的,负全部责任,不负责任,1,贵FG1345,白,1,贵A633G2,白,自培,-1,2011/11/2 0:00,-1,-1,金旅牌,344798000000000000 ,366271000000000000 ,199205,198505,14,5,5,工作日,非高峰,2015-05-23,2015年5月23日,阵雨 /阴,19℃ / 14℃,东北风 ≤3级 /东北风 ≤3级,阵雨,阴,19,14,东北风,≤3级,东北风,≤3级,day
2015-05-23 17:30:00,三桥,7、未按规定让行的 ,负全部责任,不负责任,1,贵A97904,蓝,1,贵A0129B,红,自培,-1,2004/11/19 0:00,-1,红岩牌,比亚迪牌,366663000000000000 ,366561000000000000 ,198806,196211,17,5,5,工作日,晚高峰(17-19点),2015-05-23,2015年5月23日,阵雨 /阴,19℃ / 14℃,东北风 ≤3级 /东北风 ≤3级,阵雨,阴,19,14,东北风,≤3级,东北风,≤3级,day