accidenttime,accidentaddr,driver1fault,driver1responsibility,driver2responsibility,sex1,platenumber1,carcolor1,sex2,platenumber2,carcolor2,jxmc1,jxmc2,cclzrq1,cclzrq2,clpp1,clpp2,driver1license,driver2license,brith1,brith2,hour,weekday,month,is_weekday,peak_hour,date,日期,天气状况,气温,风力风向,day_wea,night_wea,day_tep,night_tep,day_wind_direction,day_wind_speed,night_wind_direction,night_wind_speed,segment
2015-05-23 15:00:00,碧海花园,1、追尾的,负全部责任,不负责任,1,贵AKY188,黑,1,贵BM1245,蓝,自培,-1,2011/3/11 0:00,-1,猎豹牌,-1,64765500000000000 ,364666000000000000 ,198309,197811,15,5,5,工作日,非高峰,2015-05-23,2015年5月23日,阵雨 /阴,19℃ / 14℃,东北风 ≤3级 /东北风 ≤3级,阵雨,阴,19,14,东北风,≤3级,东北风,≤3级,day
2015-05-23 17:00:00,水东路,2、逆行的,负全部责任,不负责任,1,贵A7932B,黑,1,贵AG833,红,自培,-1,2011/12/6 0:00,-1,金杯牌,-1,355267000000000000 ,364548000000000000 ,198904,197105,17,5,5,工作日,晚高峰(17-19点),2015-05-23,2015年5月23日,阵雨 /阴,19℃ / 14℃,东北风 ≤3级 /东北风 ≤3级,阵雨,阴,19,14,东北风,≤3级,东北风,≤3级,day
2015-05-23 16:00:00,沙冲路口,7、未按规定让行的 ,负全部责任,不负责任,1,贵A52P65,白色,1,贵AHH538,白色,自培,-1,2004/5/12 0:00,-1,谛艾仕牌,胜达,364547000000000000 ,536541000000000000 ,198207,196909,16,5,5,工作日,非高峰,2015-05-23,2015年5月23日,阵雨 /阴,19℃ / 14℃,东北风 ≤3级 /东北风 ≤3级,阵雨,阴,19,14,东北风,≤3级,东北风,≤3级,day
2015-05-23 19:55:00,文昌南路,7、未按规定让行的 ,负全部责任,不负责任,1,贵AJ5942,白,1,贵AU6333,绿,自培,顺一驾驶培训学校,2006/6/2 0:00,2010/10/22 0:00,福特牌,恒通客车牌,366368000000000000 ,355468000000000000 ,197210,197708,19,5,5,工作日,晚高峰(17-19点),2015-05-23,2015年5月23日,阵雨 /阴,19℃ / 14℃,东北风 ≤3级 /东北风 ≤3级,阵雨,阴,19,14,东北风,≤3级,东北风,≤3级,day
2015-05-23 23:20:00,盐务街,7、未按规定让行的 ,负全部责任,不负责任,1,贵ASV949,红,1,贵AV5285,绿,自培,吉源驾校,2006/1/11 0:00,2005/6/27 0:00,大众汽车牌,帕萨特牌,364556000000000000 ,366562000000000000 ,196807,198109,23,5,5,工作日,非高峰,2015-05-23,2015年5月23日,阵雨 /阴,19℃ / 14℃,东北风 ≤3级 /东北风 ≤3级,阵雨,阴,19,14,东北风,≤3级,东北风,≤3级,night
2015-05-23 19:10:00,中华南路,1、追尾的,负全部责任,不负责任,1,贵A23616,黑,0,贵AU5681,绿,自培,贵阳学院汽车驾驶培训,2002/2/25 0:00,2002/9/30 0:00,思威牌,捷达牌,364548000000000000 ,366367000000000000 ,197607,197712,19,5,5,工作日,晚高峰(17-19点),2015-05-23,2015年5月23日,阵雨 /阴,19℃ / 14℃,东北风 ≤3级 /东北风 ≤3级,阵雨,阴,19,14,东北风,≤3级,东北风,≤3级,day
2015-05-24 00:00:00,北京路,9、不符合前8款规定或者双方同时具有上述情形的,负全部责任,不负责任,1,贵AU3146,白色,1,贵AJ6446,白色,自培,-1,2009/12/21 0:00,-1,瑞麒牌,双庆牌,355468000000000000 ,54767500000000000 ,199101,197607,0,6,5,周末,非高峰,2015-05-24,2015年5月24日,多云 /阴,24℃ / 18℃,东风 ≤3级 /东南风 ≤3级,多云,阴,24,18,东风,≤3级,东南风,≤3级,night
2015-05-24 09:40:00,金华镇,9、不符合前8款规定或者双方同时具有上述情形的,负全部责任,不负责任,1,湘C6Y688,白,1,贵AHY611,白,自培,-1,2014/12/14 0:00,-1,无,雷克萨斯,74365500000000000 ,74295500000000000 ,199403,197107,9,6,5,周末,早高峰(7-9点),2015-05-24,2015年5月24日,多云 /阴,24℃ / 18℃,东风 ≤3级 /东南风 ≤3级,多云,阴,24,18,东风,≤3级,东南风,≤3级,day
2015-05-24 03:25:00,云环路十字路口,1、追尾的,负全部责任,不负责任,1,贵A90937,蓝,1,贵ALP611,蓝,自培,-1,2005/4/27 0:00,-1,雷克牌,吉利美日牌,366767000000000000 ,366363000000000000 ,197204,195606,3,6,5,周末,非高峰,2015-05-24,2015年5月24日,多云 /阴,24℃ / 18℃,东风 ≤3级 /东南风 ≤3级,多云,阴,24,18,东风,≤3级,东南风,≤3级,night
2015-05-24 13:00:00,四方河,1、追尾的,负全部责任,不负责任,1,贵A9BG71,白色,1,贵AFC754,白色,自培,大地驾校,2001/8/21 0:00,2005/6/24 0:00,长安牌,长安牌,364558000000000000 ,364556000000000000 ,197204,196001,13,6,5,周末,非高峰,2015-05-24,2015年5月24日,多云 /阴,24℃ / 18℃,东风 ≤3级 /东南风 ≤3级,多云,阴,24,18,东风,≤3级,东南风,≤3级,day
2015-05-24 14:00:00,鹿冲关,1、追尾的,负全部责任,不负责任,1,贵ASN323,蓝,1,贵A0N578,白,自培,预约考试窗口,2003/7/24 0:00,2007/4/10 0:00,大众汽车牌,-1,364548000000000000 ,364548000000000000 ,198503,198510,14,6,5,周末,非高峰,2015-05-24,2015年5月24日,多云 /阴,24℃ / 18℃,东风 ≤3级 /东南风 ≤3级,多云,阴,24,18,东风,≤3级,东南风,≤3级,day
2015-05-23 11:47:00,铝兴南路,3、倒车的,负全部责任,不负责任,1,贵CQJ977,红,1,贵APG203,白,自培,自培,2003/5/27 0:00,2001/5/15 0:00,-1,金杯牌,355468000000000000 ,364547000000000000 ,197108,196510,11,5,5,工作日,非高峰,2015-05-23,2015年5月23日,阵雨 /阴,19℃ / 14℃,东北风 ≤3级 /东北风 ≤3级,阵雨,阴,19,14,东北风,≤3级,东北风,≤3级,day
2015-05-24 15:30:00,金朱西路,1、追尾的,负全部责任,不负责任,1,苏F4326T,黄,1,贵JV2585,白,自培,-1,2008/4/3 0:00,-1,-1,-1,34995500000000000 ,366862000000000000 ,198910,197411,15,6,5,周末,非高峰,2015-05-24,2015年5月24日,多云 /阴,24℃ / 18℃,东风 ≤3级 /东南风 ≤3级,多云,阴,24,18,东风,≤3级,东南风,≤3级,day
2015-05-24 14:00:00,小河,1、追尾的,负全部责任,不负责任,1,贵AU6948,白色,1,贵AS1734,白色,自培,-1,2004/5/27 0:00,-1,建豪牌,富路牌,36606651854860495X,366876000000000000 ,197107,199106,14,6,5,周末,非高峰,2015-05-24,2015年5月24日,多云 /阴,24℃ / 18℃,东风 ≤3级 /东南风 ≤3级,多云,阴,24,18,东风,≤3级,东南风,≤3级,day
2015-05-24 18:30:00,长岭北路,1、追尾的,负全部责任,不负责任,1,贵A3732X,黑,1,贵A8192W,白,自培,青正驾校,2013/10/24 0:00,2013/11/29 0:00,一汽佳星牌,东风雪铁龙牌,356666000000000000 ,366576000000000000 ,197302,198611,18,6,5,周末,晚高峰(17-19点),2015-05-24,2015年5月24日,多云 /阴,24℃ / 18℃,东风 ≤3级 /东南风 ≤3级,多云,阴,24,18,东风,≤3级,东南风,≤3级,day
2015-05-24 21:45:00,学行街,1、追尾的,负全部责任,不负责任,1,贵A15X15,白,1,贵A69C53,白,自培,消防驾校,2005/7/28 0:00,2012/8/15 0:00,东风日产牌,大众汽车牌,364556000000000000 ,364558000000000000 ,197710,199203,21,6,5,周末,非高峰,2015-05-24,2015年5月24日,多云 /阴,24℃ / 18℃,东风 ≤3级 /东南风 ≤3级,多云,阴,24,18,东风,≤3级,东南风,≤3级,night
2015-05-25 09:00:00,车水路,9、不符合前8款规定或者双方同时具有上述情形的,负同等责任,负同等责任,1,贵A3AT06,黑,0,浙CVE187,黑,自培,-1,2000/7/24 0:00,-1,福克斯牌,-1,364558000000000000 ,664247000000000000 ,197708,198610,9,0,5,工作日,早高峰(7-9点),2015-05-25,2015年5月25日,多云 /阵雨,26℃ / 19℃,东南风 ≤3级 /东南风 ≤3级,多云,阵雨,26,19,东南风,≤3级,东南风,≤3级,day
2015-05-25 13:10:00,世纪城,3、倒车的,负全部责任,不负责任,1,贵AGD539,白,0,贵FP1122,白,自培,-1,2004/4/27 0:00,-1,华泰圣达菲牌,-1,366364000000000000 ,366061000000000000 ,196910,197211,13,0,5,工作日,非高峰,2015-05-25,2015年5月25日,多云 /阵雨,26℃ / 19℃,东南风 ≤3级 /东南风 ≤3级,多云,阵雨,26,19,东南风,≤3级,东南风,≤3级,day
2015-05-25 14:00:00,艺校,7、未按规定让行的 ,负全部责任,不负责任,1,贵GT3133,白色,1,贵A9ASP4,白色,自培,鑫鑫驾校,2006/9/5 0:00,2013/4/3 0:00,-1,-1,366363000000000000 ,364547000000000000 ,198707,197007,14,0,5,工作日,非高峰,2015-05-25,2015年5月25日,多云 /阵雨,26℃ / 19℃,东南风 ≤3级 /东南风 ≤3级,多云,阵雨,26,19,东南风,≤3级,东南风,≤3级,day
2015-05-25 15:08:00,甲秀南路,1、追尾的,负全部责任,不负责任,1,贵AL3543,红,0,渝GB9597,白,自培,-1,2005/9/19 0:00,-1,嘉陵牌,-1,364556000000000000 ,364675000000000000 ,197501,198810,15,0,5,工作日,非高峰,2015-05-25,2015年5月25日,多云 /阵雨,26℃ / 19℃,东南风 ≤3级 /东南风 ≤3级,多云,阵雨,26,19,东南风,≤3级,东南风,≤3级,day
2015-05-25 15:00:00,小河,7、未按规定让行的 ,负全部责任,不负责任,1,贵A67N31,白色,1,桂MA6673,白色,自培,-1,2001/9/3 0:00,-1,奥迪牌,-1,366864000000000000 ,366564000000000000 ,198211,198101,15,0,5,工作日,非高峰,2015-05-25,2015年5月25日,多云 /阵雨,26℃ / 19℃,东南风 ≤3级 /东南风 ≤3级,多云,阵雨,26,19,东南风,≤3级,东南风,≤3级,day
2015-05-25 16:00:00,花溪大道,1、追尾的,负全部责任,不负责任,1,贵AUA660,白色,1,贵A9190C,白色,自培,（乌当区）新华驾驶培训有限公司,2007/1/22 0:00,2013/3/5 0:00,大众牌,北京牌,36676351954965497X,364551000000000000 ,198108,198703,16,0,5,工作日,非高峰,2015-05-25,2015年5月25日,多云 /阵雨,26℃ / 19℃,东南风 ≤3级 /东南风 ≤3级,多云,阵雨,26,19,东南风,≤3级,东南风,≤3级,day
2015-05-25 20:00:00,八匹马,7、未按规定让行的 ,负全部责任,不负责任,1,贵A81L61,白,1,贵A438G3,红,自培,-1,2004/6/25 0:00,-1,大众牌,长安牌,364548000000000000 ,366064000000000000 ,198308,197111,20,0,5,工作日,非高峰,2015-05-25,2015年5月25日,多云 /阵雨,26℃ / 19℃,东南风 ≤3级 /东南风 ≤3级,多云,阵雨,26,19,东南风,≤3级,东南风,≤3级,night
2015-05-26 12:00:00,二大队,7、未按规定让行的 ,负全部责任,不负责任,1,贵A72242,白色,1,贵A92J78,白色,自培,贵州现代驾驶培训责任有限公司,2000/7/27 0:00,2012/5/8 0:00,北京现代牌,东风标致牌,366364000000000000 ,366546000000000000 ,197002,197712,12,1,5,工作日,非高峰,2015-05-26,2015年5月26日,阵雨 /雷阵雨,26℃ / 20℃,东南风 ≤3级 /东北风 ≤3级,阵雨,雷阵雨,26,20,东南风,≤3级,东北风,≤3级,day
2015-05-26 09:00:00,开发大道,7、未按规定让行的 ,负全部责任,不负责任,1,粤ZMV554,白色,1,贵A2644J,白色,自培,-1,2010/6/23 0:00,-1,-1,长安牌,364648000000000000 ,366068000000000000 ,199012,199602,9,1,5,工作日,早高峰(7-9点),2015-05-26,2015年5月26日,阵雨 /雷阵雨,26℃ / 20℃,东南风 ≤3级 /东北风 ≤3级,阵雨,雷阵雨,26,20,东南风,≤3级,东北风,≤3级,day
2015-05-26 11:00:00,沙冲南路,1、追尾的,负全部责任,不负责任,1,贵AR3813,白色,1,贵A9AP52,白色,自培,自培,2004/9/1 0:00,2009/10/21 0:00,三铃牌,-1,364548000000000000 ,364547000000000000 ,198208,198312,11,1,5,工作日,非高峰,2015-05-26,2015年5月26日,阵雨 /雷阵雨,26℃ / 20℃,东南风 ≤3级 /东北风 ≤3级,阵雨,雷阵雨,26,20,东南风,≤3级,东北风,≤3级,day
2015-05-26 11:00:00,西二环,7、未按规定让行的 ,负全部责任,不负责任,1,贵GC3450,白色,1,贵ABF296,白色,自培,-1,2002/7/18 0:00,-1,-1,五菱牌,364548000000000000 ,366064000000000000 ,196102,199010,11,1,5,工作日,非高峰,2015-05-26,2015年5月26日,阵雨 /雷阵雨,26℃ / 20℃,东南风 ≤3级 /东北风 ≤3级,阵雨,雷阵雨,26,20,东南风,≤3级,东北风,≤3级,day
2015-05-24 16:03:00,同心路,1、追尾的,负全部责任,不负责任,1,贵AU3252,绿,1,贵AU3241,绿,自培,自培,2000/9/22 0:00,2004/12/6 0:00,力帆牌,嘉陵牌,366347000000000000 ,664696000000000000 ,197808,197710,16,6,5,周末,非高峰,2015-05-24,2015年5月24日,多云 /阴,24℃ / 18℃,东风 ≤3级 /东南风 ≤3级,多云,阴,24,18,东风,≤3级,东南风,≤3级,day
2015-05-24 15:30:00,贵阳西收费站,8、依法应负全责的其他情形,负全部责任,不负责任,1,贵GA4169,白,1,贵A84E81,红,自培,自培,2009/2/4 0:00,2000/9/15 0:00,-1,奇瑞牌,366363000000000000 ,366347000000000000 ,196506,198112,15,6,5,周末,非高峰,2015-05-24,2015年5月24日,多云 /阴,24℃ / 18℃,东风 ≤3级 /东南风 ≤3级,多云,阴,24,18,东风,≤3级,东南风,≤3级,day
2015-05-24 14:00:00,西南环线,1、追尾的,负全部责任,不负责任,1,贵GQ6003,白色,1,贵A65V86,白色,自培,自培,2006/6/15 0:00,2004/5/19 0:00,-1,华泰宝利格牌,366067000000000000 ,366362000000000000 ,197503,198112,14,6,5,周末,非高峰,2015-05-24,2015年5月24日,多云 /阴,24℃ / 18℃,东风 ≤3级 /东南风 ≤3级,多云,阴,24,18,东风,≤3级,东南风,≤3级,day
2015-05-26 10:00:00,大营坡,5、开关车门的,负全部责任,不负责任,1,贵A4BB54,白色,1,贵AEE825,白色,自培,-1,2003/7/25 0:00,-1,东风雪铁龙牌,-1,364558000000000000 ,366362000000000000 ,198208,199504,10,1,5,工作日,非高峰,2015-05-26,2015年5月26日,阵雨 /雷阵雨,26℃ / 20℃,东南风 ≤3级 /东北风 ≤3级,阵雨,雷阵雨,26,20,东南风,≤3级,东北风,≤3级,day
2015-05-26 12:53:00,云潭南路,7、未按规定让行的 ,负全部责任,不负责任,1,贵A120B7,白,1,贵AA302Y,红,自培,贵州现代驾驶培训责任有限公司,2000/4/11 0:00,2012/6/14 0:00,江淮牌,奥迪牌,366064000000000000 ,355266000000000000 ,197505,199101,12,1,5,工作日,非高峰,2015-05-26,2015年5月26日,阵雨 /雷阵雨,26℃ / 20℃,东南风 ≤3级 /东北风 ≤3级,阵雨,雷阵雨,26,20,东南风,≤3级,东北风,≤3级,day
2015-05-26 13:50:00,金阳沃尔玛,3、倒车的,负全部责任,不负责任,1,贵ADG132,白,1,贵A37K71,黑,自培,520101,2004/4/20 0:00,2008/12/1 0:00,长安牌,大众汽车牌,364547000000000000 ,36636751924657595X,198504,198602,13,1,5,工作日,非高峰,2015-05-26,2015年5月26日,阵雨 /雷阵雨,26℃ / 20℃,东南风 ≤3级 /东北风 ≤3级,阵雨,雷阵雨,26,20,东南风,≤3级,东北风,≤3级,day
2015-05-26 15:00:00,新添大道,8、依法应负全责的其他情形,负全部责任,不负责任,1,贵AA386J,黑,1,贵A89E24,白,自培,520118,2001/4/24 0:00,2008/12/22 0:00,吉利美日牌,华泰圣达菲牌,36454751824969097X,364566000000000000 ,197608,198508,15,1,5,工作日,非高峰,2015-05-26,2015年5月26日,阵雨 /雷阵雨,26℃ / 20℃,东南风 ≤3级 /东北风 ≤3级,阵雨,雷阵雨,26,20,东南风,≤3级,东北风,≤3级,day
2015-05-26 13:30:00,杨家山隧道,8、依法应负全责的其他情形,负全部责任,不负责任,1,贵AW1977,黑,1,贵AT6093,蓝,自培,（花溪区）贵州大学驾驶培训有限公司,2014/6/24 0:00,2009/5/14 0:00,华泰圣达菲牌,豪爵牌,36455051994864405X,366875000000000000 ,198807,198704,13,1,5,工作日,非高峰,2015-05-26,2015年5月26日,阵雨 /雷阵雨,26℃ / 20℃,东南风 ≤3级 /东北风 ≤3级,阵雨,雷阵雨,26,20,东南风,≤3级,东北风,≤3级,day
2015-05-26 18:00:00,护国路,7、未按规定让行的 ,负全部责任,不负责任,1,贵A3CF27,白色,1,贵A76Y47,白色,自培,市警校驾校,2005/11/21 0:00,2011/1/4 0:00,起亚牌,福克斯牌,364551000000000000 ,364558000000000000 ,198303,198112,18,1,5,工作日,晚高峰(17-19点),2015-05-26,2015年5月26日,阵雨 /雷阵雨,26℃ / 20℃,东南风 ≤3级 /东北风 ≤3级,阵雨,雷阵雨,26,20,东南风,≤3级,东北风,≤3级,day
2015-05-26 17:20:00,医学院路口,1、追尾的,负全部责任,不负责任,0,贵AWE563,红,1,贵A32S63,白,自培,-1,2001/5/14 0:00,-1,东风雪铁龙,雷克萨斯,364547000000000000 ,364548000000000000 ,196306,195112,17,1,5,工作日,晚高峰(17-19点),2015-05-26,2015年5月26日,阵雨 /雷阵雨,26℃ / 20℃,东南风 ≤3级 /东北风 ≤3级,阵雨,雷阵雨,26,20,东南风,≤3级,东北风,≤3级,day
2015-05-26 16:10:00,新添寨,7、未按规定让行的 ,负全部责任,不负责任,1,贵A6111学,银,1,贵A15R88,红,自培,-1,2003/1/9 0:00,-1,-1,朗逸牌,364557000000000000 ,364547000000000 ,197003,720617,16,1,5,工作日,非高峰,2015-05-26,2015年5月26日,阵雨 /雷阵雨,26℃ / 20℃,东南风 ≤3级 /东北风 ≤3级,阵雨,雷阵雨,26,20,东南风,≤3级,东北风,≤3级,day
2015-05-26 18:00:00,蟠桃宫,7、未按规定让行的 ,负全部责任,不负责任,1,贵BY7244,白色,1,贵AU0946,白色,自培,预约考试窗口,2009/7/23 0:00,2006/11/14 0:00,-1,宝来牌,366064000000000000 ,366347000000000000 ,198606,197510,18,1,5,工作日,晚高峰(17-19点),2015-05-26,2015年5月26日,阵雨 /雷阵雨,26℃ / 20℃,东南风 ≤3级 /东北风 ≤3级,阵雨,雷阵雨,26,20,东南风,≤3级,东北风,≤3级,day
2015-05-26 20:20:00,东山,9、不符合前8款规定或者双方同时具有上述情形的,负全部责任,不负责任,1,云HA596C,红,1,贵A48H54,白,自培,-1,2011/9/1 0:00,-1,-1,吉利牌,366567000000000000 ,366567000000000000 ,199011,198601,20,1,5,工作日,非高峰,2015-05-26,2015年5月26日,阵雨 /雷阵雨,26℃ / 20℃,东南风 ≤3级 /东北风 ≤3级,阵雨,雷阵雨,26,20,东南风,≤3级,东北风,≤3级,night
2015-05-26 17:30:00,二戈寨,1、追尾的,负全部责任,不负责任,1,京U62689,黑,0,贵A7BK14,蓝,自培,-1,2007/9/11 0:00,-1,-1,雪佛兰牌,65466500000000000 ,364545000000 ,198307,724798,17,1,5,工作日,晚高峰(17-19点),2015-05-26,2015年5月26日,阵雨 /雷阵雨,26℃ / 20℃,东南风 ≤3级 /东北风 ≤3级,阵雨,雷阵雨,26,20,东南风,≤3级,东北风,≤3级,day
2015-05-27 11:00:00,遵义路,1、追尾的,负全部责任,不负责任,1,贵ALK032,白色,1,贵A8Q637,白色,自培,长运驾校（南明区）,2005/1/4 0:00,2015/3/17 0:00,金杯牌,-1,364557000000000000 ,364551000000000000 ,198305,198705,11,2,5,工作日,非高峰,2015-05-27,2015年5月27日,阴 /阵雨,26℃ / 20℃,南风 ≤3级 /东北风 ≤3级,阴,阵雨,26,20,南风,≤3级,东北风,≤3级,day
2015-05-27 14:00:00,花溪,1、追尾的,负全部责任,不负责任,1,贵A38B88,白色,1,贵F79123,白色,自培,铁二局驾校,2004/8/23 0:00,2005/6/22 0:00,骊威牌,-1,364556000000000000 ,366361000000000000 ,197905,196903,14,2,5,工作日,非高峰,2015-05-27,2015年5月27日,阴 /阵雨,26℃ / 20℃,南风 ≤3级 /东北风 ≤3级,阴,阵雨,26,20,南风,≤3级,东北风,≤3级,day
2015-05-27 21:10:00,三桥,7、未按规定让行的 ,负全部责任,不负责任,0,贵GR9839,白,1,贵A3BH97,白,自培,-1,2003/8/6 0:00,-1,-1,别克牌,366361000000000000 ,366364000000000000 ,198412,197712,21,2,5,工作日,非高峰,2015-05-27,2015年5月27日,阴 /阵雨,26℃ / 20℃,南风 ≤3级 /东北风 ≤3级,阴,阵雨,26,20,南风,≤3级,东北风,≤3级,night
2015-05-28 09:00:00,花果园停车场,7、未按规定让行的 ,负全部责任,不负责任,1,贵AV2232,银,0,贵A7JB32,蓝,自培,无,2004/3/16 0:00,2008/1/10 0:00,双狮牌,-1,366067000000000000 ,364547000000000000 ,197707,198805,9,3,5,工作日,早高峰(7-9点),2015-05-28,2015年5月28日,多云 /雷阵雨,29℃ / 19℃,南风 ≤3级 /东南风 ≤3级,多云,雷阵雨,29,19,南风,≤3级,东南风,≤3级,day
2015-05-28 09:00:00,黄山冲路口,9、不符合前8款规定或者双方同时具有上述情形的,负同等责任,负同等责任,1,贵AK9189,白,0,贵A7N153,白,自培,全林驾校,2003/12/18 0:00,2012/6/15 0:00,思威牌,-1,236946000000000000 ,364557000000000000 ,194305,198509,9,3,5,工作日,早高峰(7-9点),2015-05-28,2015年5月28日,多云 /雷阵雨,29℃ / 19℃,南风 ≤3级 /东南风 ≤3级,多云,雷阵雨,29,19,南风,≤3级,东南风,≤3级,day
2015-05-28 08:00:00,空招,1、追尾的,负全部责任,不负责任,1,贵ARP984,白色,1,贵A18N74,白色,自培,预约考试窗口,2007/5/23 0:00,2007/4/9 0:00,起亚牌,三菱牌,366562000000000000 ,36454651985552705X,198612,198711,8,3,5,工作日,早高峰(7-9点),2015-05-28,2015年5月28日,多云 /雷阵雨,29℃ / 19℃,南风 ≤3级 /东南风 ≤3级,多云,雷阵雨,29,19,南风,≤3级,东南风,≤3级,day
2015-05-28 10:35:00,北京路博物馆,7、未按规定让行的 ,负全部责任,不负责任,1,贵ANL489,红,0,皖JXJ259,白,自培,-1,2005/5/16 0:00,-1,吉利美日牌,-1,366577000000000000 ,70544051965663446X,197806,198212,10,3,5,工作日,非高峰,2015-05-28,2015年5月28日,多云 /雷阵雨,29℃ / 19℃,南风 ≤3级 /东南风 ≤3级,多云,雷阵雨,29,19,南风,≤3级,东南风,≤3级,day
2015-05-26 16:00:00,龙洞堡东客车站,8、依法应负全责的其他情形,负全部责任,不负责任,1,贵ATA893,白色,1,贵A72J24,白色,自培,自培,2013/12/31 0:00,2006/3/30 0:00,-1,起亚牌,355266000000000000 ,366564000000000000 ,199103,197308,16,1,5,工作日,非高峰,2015-05-26,2015年5月26日,阵雨 /雷阵雨,26℃ / 20℃,东南风 ≤3级 /东北风 ≤3级,阵雨,雷阵雨,26,20,东南风,≤3级,东北风,≤3级,day
2015-05-26 17:20:00,机场停车场,7、未按规定让行的 ,负全部责任,不负责任,1,贵A9AO11,白,1,贵A6220U,白,自培,自培,2000/6/27 0:00,2001/5/30 0:00,-1,长安牌,364548000000000000 ,364558000000000000 ,198008,196409,17,1,5,工作日,晚高峰(17-19点),2015-05-26,2015年5月26日,阵雨 /雷阵雨,26℃ / 20℃,东南风 ≤3级 /东北风 ≤3级,阵雨,雷阵雨,26,20,东南风,≤3级,东北风,≤3级,day
2015-05-26 16:00:00,碧海商业街,8、依法应负全责的其他情形,负全部责任,不负责任,0,贵FZ4309,黑,1,贵AU1353,绿,自培,自培,2012/11/22 0:00,2001/12/13 0:00,-1,大众牌,36604551964041616X,364548000000000000 ,198204,198301,16,1,5,工作日,非高峰,2015-05-26,2015年5月26日,阵雨 /雷阵雨,26℃ / 20℃,东南风 ≤3级 /东北风 ≤3级,阵雨,雷阵雨,26,20,东南风,≤3级,东北风,≤3级,day
2015-05-27 07:24:00,紫林庵,1、追尾的,负全部责任,不负责任,1,贵AEG584,黑,1,贵AU9383,黄,自培,自培,2004/3/26 0:00,2011/10/25 0:00,北京现代牌,宝来牌,36454651234857746X,74667500000000000 ,196507,197801,7,2,5,工作日,早高峰(7-9点),2015-05-27,2015年5月27日,阴 /阵雨,26℃ / 20℃,南风 ≤3级 /东北风 ≤3级,阴,阵雨,26,20,南风,≤3级,东北风,≤3级,day
2015-05-27 14:45:00,云峰大道,1、追尾的,负全部责任,不负责任,1,贵A516F9,白,1,贵A51V37,白,自培,自培,2003/5/30 0:00,2004/9/16 0:00,田野牌,丰田牌,366375000000000000 ,366563000000000000 ,196602,197612,14,2,5,工作日,非高峰,2015-05-27,2015年5月27日,阴 /阵雨,26℃ / 20℃,南风 ≤3级 /东北风 ≤3级,阴,阵雨,26,20,南风,≤3级,东北风,≤3级,day
2015-05-28 16:00:00,四方河,1、追尾的,负全部责任,不负责任,1,贵A54592,白色,1,贵ASV044,白色,自培,-1,2004/4/12 0:00,-1,喜马牌,雪佛兰牌,355456000000000000 ,364547000000000000 ,198311,197711,16,3,5,工作日,非高峰,2015-05-28,2015年5月28日,多云 /雷阵雨,29℃ / 19℃,南风 ≤3级 /东南风 ≤3级,多云,雷阵雨,29,19,南风,≤3级,东南风,≤3级,day
2015-05-28 16:00:00,西二环,7、未按规定让行的 ,负全部责任,不负责任,1,贵A744J9,白色,1,贵AA859Y,白色,自培,520126,2004/7/14 0:00,2008/6/4 0:00,扬子牌,捷达,784563000000000000 ,344606000000000000 ,197612,198712,16,3,5,工作日,非高峰,2015-05-28,2015年5月28日,多云 /雷阵雨,29℃ / 19℃,南风 ≤3级 /东南风 ≤3级,多云,雷阵雨,29,19,南风,≤3级,东南风,≤3级,day
2015-05-28 14:45:00,盐务街,7、未按规定让行的 ,负全部责任,不负责任,1,贵ASF123,红,1,贵AVM367,白,自培,-1,2003/5/16 0:00,-1,东风雪铁龙牌,宝马,364548000000000000 ,354654000000000000 ,196711,195805,14,3,5,工作日,非高峰,2015-05-28,2015年5月28日,多云 /雷阵雨,29℃ / 19℃,南风 ≤3级 /东南风 ≤3级,多云,雷阵雨,29,19,南风,≤3级,东南风,≤3级,day
2015-05-28 20:00:00,金阳7号路口,7、未按规定让行的 ,负全部责任,不负责任,1,贵A833H5,白,1,贵APW082,白,自培,文通驾校,2007/10/22 0:00,2011/2/23 0:00,江淮牌,豪情牌,366068000000000000 ,366046000000000000 ,198906,199001,20,3,5,工作日,非高峰,2015-05-28,2015年5月28日,多云 /雷阵雨,29℃ / 19℃,南风 ≤3级 /东南风 ≤3级,多云,雷阵雨,29,19,南风,≤3级,东南风,≤3级,night
2015-05-29 08:40:00,黔灵山隧道出口,7、未按规定让行的 ,负全部责任,不负责任,1,贵A1016H,黑,1,贵AH6194,白,自培,金大驾校,2004/11/8 0:00,2014/7/28 0:00,福田牌,比亚迪牌,364547000000000000 ,366064000000000000 ,197507,198003,8,4,5,工作日,早高峰(7-9点),2015-05-29,2015年5月29日,阵雨 /阵雨,24℃ / 17℃,东南风 ≤3级 /东北风 ≤3级,阵雨,阵雨,24,17,东南风,≤3级,东北风,≤3级,day
2015-05-29 16:00:00,二铺,7、未按规定让行的 ,负全部责任,不负责任,1,贵A75J71,白,1,渝P2564,黑,自培,（白云区）消防驾驶培训学校,2007/1/31 0:00,2002/12/4 0:00,宝马牌,-1,74667500000000000 ,366577000000000000 ,198802,197408,16,4,5,工作日,非高峰,2015-05-29,2015年5月29日,阵雨 /阵雨,24℃ / 17℃,东南风 ≤3级 /东北风 ≤3级,阵雨,阵雨,24,17,东南风,≤3级,东北风,≤3级,day