accidenttime,accidentaddr,driver1fault,driver1responsibility,driver2responsibility,sex1,platenumber1,carcolor1,sex2,platenumber2,carcolor2,jxmc1,jxmc2,cclzrq1,cclzrq2,clpp1,clpp2,driver1license,driver2license,brith1,brith2,hour,weekday,month,is_weekday,peak_hour,date,日期,天气状况,气温,风力风向,day_wea,night_wea,day_tep,night_tep,day_wind_direction,day_wind_speed,night_wind_direction,night_wind_speed,segment
2015-05-29 17:20:00,东山路口,1、追尾的,负全部责任,不负责任,1,贵A24Y67,黑,1,贵AKF779,红,自培,新天驾校,2000/10/26 0:00,1995/3/25 0:00,大众牌,朗逸牌,364548000000000000 ,364547000000000000 ,197608,196102,17,4,5,工作日,晚高峰(17-19点),2015-05-29,2015年5月29日,阵雨 /阵雨,24℃ / 17℃,东南风 ≤3级 /东北风 ≤3级,阵雨,阵雨,24,17,东南风,≤3级,东北风,≤3级,day
2015-05-29 17:20:00,兴筑西路,7、未按规定让行的 ,负全部责任,不负责任,1,贵A52C19,白,1,贵ANH247,黑,自培,-1,2003/11/3 0:00,-1,一汽佳星牌,雅阁牌,364547000000000000 ,774764000000000000 ,197501,197502,17,4,5,工作日,晚高峰(17-19点),2015-05-29,2015年5月29日,阵雨 /阵雨,24℃ / 17℃,东南风 ≤3级 /东北风 ≤3级,阵雨,阵雨,24,17,东南风,≤3级,东北风,≤3级,day
2015-05-29 17:00:00,甘荫塘,8、依法应负全责的其他情形,负全部责任,不负责任,1,贵GX4877,白色,1,贵A6BG06,白色,自培,-1,2007/6/26 0:00,-1,-1,广汽菲亚特牌,354653000000000000 ,366254000000 ,197804,403606,17,4,5,工作日,晚高峰(17-19点),2015-05-29,2015年5月29日,阵雨 /阵雨,24℃ / 17℃,东南风 ≤3级 /东北风 ≤3级,阵雨,阵雨,24,17,东南风,≤3级,东北风,≤3级,day
2015-05-30 07:40:00,朱昌镇,7、未按规定让行的 ,负全部责任,不负责任,1,贵A0676A,红,1,贵AC738K,蓝,自培,十一驾驶培训有限公司,2006/12/4 0:00,2015/3/16 0:00,比亚迪牌,北京牌,364557000000000000 ,366347000000000000 ,197105,197210,7,5,5,工作日,早高峰(7-9点),2015-05-30,2015年5月30日,阵雨 /阵雨,23℃ / 17℃,东北风 ≤3级 /东风 ≤3级,阵雨,阵雨,23,17,东北风,≤3级,东风,≤3级,day
2015-05-30 07:30:00,南垭新村,3、倒车的,负全部责任,不负责任,1,贵AU5277,绿,1,贵A64B35,红,自培,时法驾校,2004/10/22 0:00,2006/6/16 0:00,金捷牌,夏利牌,36606751824746273X,366367000000000000 ,197603,197905,7,5,5,工作日,早高峰(7-9点),2015-05-30,2015年5月30日,阵雨 /阵雨,23℃ / 17℃,东北风 ≤3级 /东风 ≤3级,阵雨,阵雨,23,17,东北风,≤3级,东风,≤3级,day
2015-05-30 10:30:00,铝建路,7、未按规定让行的 ,负同等责任,负同等责任,1,贵A82904,红,1,贵A298G7,白,自培,贵州现代驾驶培训责任有限公司,2006/11/9 0:00,2012/8/8 0:00,福田牌,解放牌,355266000000000000 ,364666000000000000 ,198805,198004,10,5,5,工作日,非高峰,2015-05-30,2015年5月30日,阵雨 /阵雨,23℃ / 17℃,东北风 ≤3级 /东风 ≤3级,阵雨,阵雨,23,17,东北风,≤3级,东风,≤3级,day
2015-05-28 11:30:00,庙冲路,3、倒车的,负全部责任,不负责任,1,贵AAH166,白色,1,贵A4BK56,白色,自培,自培,2004/7/30 0:00,2005/1/17 0:00,嘉龙牌,起亚牌,366067000000000000 ,364547000000000000 ,197004,198303,11,3,5,工作日,非高峰,2015-05-28,2015年5月28日,多云 /雷阵雨,29℃ / 19℃,南风 ≤3级 /东南风 ≤3级,多云,雷阵雨,29,19,南风,≤3级,东南风,≤3级,day
2015-05-28 11:00:00,沙冲北路,1、追尾的,负全部责任,不负责任,1,贵AU6104,白色,1,贵A18X83,白色,自培,自培,2001/1/31 0:00,2000/9/11 0:00,捷达牌,丰田牌,364551000000000000 ,364547000000000000 ,197712,198202,11,3,5,工作日,非高峰,2015-05-28,2015年5月28日,多云 /雷阵雨,29℃ / 19℃,南风 ≤3级 /东南风 ≤3级,多云,雷阵雨,29,19,南风,≤3级,东南风,≤3级,day
2015-05-28 14:00:00,都司路高架桥,1、追尾的,负全部责任,不负责任,1,贵A9BE19,白,1,贵AU9595,绿,自培,自培,2002/4/19 0:00,2003/6/9 0:00,长安牌,捷达牌,364547000000000000 ,366367000000000000 ,197608,197311,14,3,5,工作日,非高峰,2015-05-28,2015年5月28日,多云 /雷阵雨,29℃ / 19℃,南风 ≤3级 /东南风 ≤3级,多云,雷阵雨,29,19,南风,≤3级,东南风,≤3级,day
2015-05-28 16:30:00,黔灵镇沙河村,8、依法应负全责的其他情形,负全部责任,不负责任,1,贵A91M47,红,1,贵GL9743,红,自培,自培,2002/5/13 0:00,2003/3/20 0:00,雅阁牌,-1,364548000000000000 ,364548000000000000 ,197105,197507,16,3,5,工作日,非高峰,2015-05-28,2015年5月28日,多云 /雷阵雨,29℃ / 19℃,南风 ≤3级 /东南风 ≤3级,多云,雷阵雨,29,19,南风,≤3级,东南风,≤3级,day
2015-05-28 17:00:00,北京路,8、依法应负全责的其他情形,负全部责任,不负责任,1,贵A6CB07,白色,1,贵LBR584,白色,自培,自培,2002/1/15 0:00,2000/8/28 0:00,三菱牌,-1,364547000000000000 ,364548000000000000 ,196307,198207,17,3,5,工作日,晚高峰(17-19点),2015-05-28,2015年5月28日,多云 /雷阵雨,29℃ / 19℃,南风 ≤3级 /东南风 ≤3级,多云,雷阵雨,29,19,南风,≤3级,东南风,≤3级,day
2015-05-29 09:00:00,八公里,8、依法应负全责的其他情形,负全部责任,不负责任,1,贵M49X48,白色,1,贵A225C8,白色,自培,自培,2004/4/1 0:00,2004/4/30 0:00,-1,江铃牌,786746000000000000 ,364556000000000000 ,197407,197702,9,4,5,工作日,早高峰(7-9点),2015-05-29,2015年5月29日,阵雨 /阵雨,24℃ / 17℃,东南风 ≤3级 /东北风 ≤3级,阵雨,阵雨,24,17,东南风,≤3级,东北风,≤3级,day
2015-05-30 12:00:00,花溪大道,1、追尾的,负全部责任,不负责任,1,贵A38065,白色,1,贵ARB331,白色,自培,长运驾校,2004/9/21 0:00,2012/3/15 0:00,福田牌,雪佛兰牌,36634551974263338X,366267000000000000 ,198306,196411,12,5,5,工作日,非高峰,2015-05-30,2015年5月30日,阵雨 /阵雨,23℃ / 17℃,东北风 ≤3级 /东风 ≤3级,阵雨,阵雨,23,17,东北风,≤3级,东风,≤3级,day
2015-05-30 13:26:00,金源街,7、未按规定让行的 ,负全部责任,不负责任,0,贵AG5763,黑,1,贵CDE803,红,自培,贵阳学院汽车驾驶培训,2004/4/21 0:00,-1,宗申牌,-1,364558000000000000 ,36626751974164697X,197302,198309,13,5,5,工作日,非高峰,2015-05-30,2015年5月30日,阵雨 /阵雨,23℃ / 17℃,东北风 ≤3级 /东风 ≤3级,阵雨,阵雨,23,17,东北风,≤3级,东风,≤3级,day
2015-05-30 14:15:00,中天花园,7、未按规定让行的 ,负全部责任,不负责任,1,赣FZ5927,黑,1,贵AHE778,黑,自培,-1,2015/3/3 0:00,-1,-1,宝马,726368000000000000 ,57448960888 ,198901,24777,14,5,5,工作日,非高峰,2015-05-30,2015年5月30日,阵雨 /阵雨,23℃ / 17℃,东北风 ≤3级 /东风 ≤3级,阵雨,阵雨,23,17,东北风,≤3级,东风,≤3级,day
2015-05-30 14:00:00,小河,7、未按规定让行的 ,负全部责任,不负责任,1,贵AA669P,白色,1,贵A414C6,白色,自培,-1,2005/6/6 0:00,-1,纳智捷牌,福田牌,364547000000000000 ,734570000000000000 ,197109,197807,14,5,5,工作日,非高峰,2015-05-30,2015年5月30日,阵雨 /阵雨,23℃ / 17℃,东北风 ≤3级 /东风 ≤3级,阵雨,阵雨,23,17,东北风,≤3级,东风,≤3级,day
2015-05-30 13:22:00,金朱西路,9、不符合前8款规定或者双方同时具有上述情形的,负同等责任,负同等责任,1,贵A32Y97,黑,1,贵A895D9,红,自培,-1,2009/12/14 0:00,-1,比亚迪牌,五菱牌,366568000000000000 ,366568000000000000 ,198702,198510,13,5,5,工作日,非高峰,2015-05-30,2015年5月30日,阵雨 /阵雨,23℃ / 17℃,东北风 ≤3级 /东风 ≤3级,阵雨,阵雨,23,17,东北风,≤3级,东风,≤3级,day
2015-05-30 14:20:00,合群路,3、倒车的,负全部责任,不负责任,1,贵AU3437,黄,1,贵A98N99,蓝,自培,贵州省长安驾驶培训学校,2000/11/28 0:00,2010/3/24 0:00,蒙德王牌,奥迪牌,366575000000000000 ,364548000000000000 ,197708,199004,14,5,5,工作日,非高峰,2015-05-30,2015年5月30日,阵雨 /阵雨,23℃ / 17℃,东北风 ≤3级 /东风 ≤3级,阵雨,阵雨,23,17,东北风,≤3级,东风,≤3级,day
2015-05-30 15:00:00,桃源路,3、倒车的,负全部责任,不负责任,1,贵AV7309,白色,1,贵AU3545,白色,自培,鑫鑫驾校,2004/3/29 0:00,2010/10/29 0:00,新宝牌,大福牌,364547000000000000 ,36455551885474535X,196608,197710,15,5,5,工作日,非高峰,2015-05-30,2015年5月30日,阵雨 /阵雨,23℃ / 17℃,东北风 ≤3级 /东风 ≤3级,阵雨,阵雨,23,17,东北风,≤3级,东风,≤3级,day
2015-05-30 16:00:00,富源路,8、依法应负全责的其他情形,负全部责任,不负责任,1,贵AL1746,白色,1,贵A91W39,白色,自培,贵州平安驾驶培训学校,2001/7/9 0:00,2012/7/10 0:00,英伦牌,长安牌,354661000000000000 ,364566000000000000 ,196708,198710,16,5,5,工作日,非高峰,2015-05-30,2015年5月30日,阵雨 /阵雨,23℃ / 17℃,东北风 ≤3级 /东风 ≤3级,阵雨,阵雨,23,17,东北风,≤3级,东风,≤3级,day
2015-05-30 15:00:00,机场高速,9、不符合前8款规定或者双方同时具有上述情形的,负全部责任,不负责任,1,贵AU8865,黄,1,贵AB8085,红,自培,市交校,2002/2/4 0:00,2015/2/17 0:00,新大洲牌,宝马牌,366364000000000000 ,364547000000000000 ,197012,199003,15,5,5,工作日,非高峰,2015-05-30,2015年5月30日,阵雨 /阵雨,23℃ / 17℃,东北风 ≤3级 /东风 ≤3级,阵雨,阵雨,23,17,东北风,≤3级,东风,≤3级,day
2015-05-30 16:45:00,白云二医,7、未按规定让行的 ,负全部责任,不负责任,1,贵AA398Y,红,1,贵A0221Z,红,自培,铁二局驾校,2003/2/21 0:00,2011/4/12 0:00,捷达牌,荣威牌,364558000000000000 ,366361000000000000 ,198003,197001,16,5,5,工作日,非高峰,2015-05-30,2015年5月30日,阵雨 /阵雨,23℃ / 17℃,东北风 ≤3级 /东风 ≤3级,阵雨,阵雨,23,17,东北风,≤3级,东风,≤3级,day
2015-05-30 17:20:00,工学院,1、追尾的,负全部责任,不负责任,1,贵AKD869,红,1,贵A38P48,蓝,自培,贵州省长安驾驶培训学校,2003/6/16 0:00,2010/3/3 0:00,红旗牌,雪佛兰牌,36636251844342865X,364566000000000000 ,197005,198706,17,5,5,工作日,晚高峰(17-19点),2015-05-30,2015年5月30日,阵雨 /阵雨,23℃ / 17℃,东北风 ≤3级 /东风 ≤3级,阵雨,阵雨,23,17,东北风,≤3级,东风,≤3级,day
2015-05-30 18:49:00,二铺, ,负全部责任,不负责任,1,贵J62235,白,1,贵A92L49,白,自培,蓝天驾校,2004/8/6 0:00,2014/9/3 0:00,-1,大众汽车牌,364557000000000000 ,356668000000000000 ,198203,197503,18,5,5,工作日,晚高峰(17-19点),2015-05-30,2015年5月30日,阵雨 /阵雨,23℃ / 17℃,东北风 ≤3级 /东风 ≤3级,阵雨,阵雨,23,17,东北风,≤3级,东风,≤3级,day
2015-05-30 18:00:00,小河,3、倒车的,负全部责任,不负责任,1,贵AMC109,白色,1,贵AAA248,白色,自培,（乌当区）新天驾驶培训有限公司,2001/5/28 0:00,2014/7/27 0:00,起亚牌,翼虎牌,366364000000000000 ,786175000000000000 ,196404,198112,18,5,5,工作日,晚高峰(17-19点),2015-05-30,2015年5月30日,阵雨 /阵雨,23℃ / 17℃,东北风 ≤3级 /东风 ≤3级,阵雨,阵雨,23,17,东北风,≤3级,东风,≤3级,day
2015-05-30 17:50:00,北京西路,7、未按规定让行的 ,负全部责任,不负责任,1,贵A19M84,黑,0,贵A0N755,蓝,自培,-1,2007/10/17 0:00,-1,大众牌,-1,366063000000000000 ,355363000000000000 ,197601,199004,17,5,5,工作日,晚高峰(17-19点),2015-05-30,2015年5月30日,阵雨 /阵雨,23℃ / 17℃,东北风 ≤3级 /东风 ≤3级,阵雨,阵雨,23,17,东北风,≤3级,东风,≤3级,day
2015-05-30 19:00:00,小河,7、未按规定让行的 ,负全部责任,不负责任,1,贵ALF165,白色,1,贵FS8300,白色,自培,吉源驾校,2005/3/28 0:00,-1,吉利牌,-1,07434651885445745X,366046000000000000 ,197710,197708,19,5,5,工作日,晚高峰(17-19点),2015-05-30,2015年5月30日,阵雨 /阵雨,23℃ / 17℃,东北风 ≤3级 /东风 ≤3级,阵雨,阵雨,23,17,东北风,≤3级,东风,≤3级,day
2015-05-30 20:00:00,贵开路,7、未按规定让行的 ,负全部责任,不负责任,1,贵AHS967,白色,1,贵BAR638,白色,自培,-1,2002/12/30 0:00,-1,海马牌,-1,364547000000000000 ,36464651994254446X,196508,198806,20,5,5,工作日,非高峰,2015-05-30,2015年5月30日,阵雨 /阵雨,23℃ / 17℃,东北风 ≤3级 /东风 ≤3级,阵雨,阵雨,23,17,东北风,≤3级,东风,≤3级,night
2015-05-30 17:00:00,新发装饰城,8、依法应负全责的其他情形,负全部责任,不负责任,1,贵A8476C,白色,1,贵CNF451,白色,自培,-1,2007/3/26 0:00,-1,比亚迪牌,-1,36455551914556425X,366567000000000000 ,198901,198606,17,5,5,工作日,晚高峰(17-19点),2015-05-30,2015年5月30日,阵雨 /阵雨,23℃ / 17℃,东北风 ≤3级 /东风 ≤3级,阵雨,阵雨,23,17,东北风,≤3级,东风,≤3级,day
2015-05-30 23:40:00,金关,1、追尾的,负全部责任,不负责任,1,冀F59W57,黑,1,贵A47813,白,自培,高新驾校,2012/2/16 0:00,2014/6/26 0:00,-1,方园,574162000000000000 ,364596000000000000 ,199301,198603,23,5,5,工作日,非高峰,2015-05-30,2015年5月30日,阵雨 /阵雨,23℃ / 17℃,东北风 ≤3级 /东风 ≤3级,阵雨,阵雨,23,17,东北风,≤3级,东风,≤3级,night
2015-05-30 20:48:00,机场,8、依法应负全责的其他情形,负全部责任,不负责任,1,贵CKU098,白,1,贵AA822F,黑,自培,诚信驾驶培训学校,2004/1/12 0:00,2014/6/19 0:00,-1,-1,76763500000000000 ,364567000000000000 ,196006,199002,20,5,5,工作日,非高峰,2015-05-30,2015年5月30日,阵雨 /阵雨,23℃ / 17℃,东北风 ≤3级 /东风 ≤3级,阵雨,阵雨,23,17,东北风,≤3级,东风,≤3级,night
2015-05-30 11:00:00,花溪,1、追尾的,负全部责任,不负责任,1,贵GD9214,白色,1,贵A34066,白色,自培,自培,2004/6/19 0:00,2004/8/31 0:00,-1,大众汽车牌,74746500000000000 ,364556000000000000 ,196707,196410,11,5,5,工作日,非高峰,2015-05-30,2015年5月30日,阵雨 /阵雨,23℃ / 17℃,东北风 ≤3级 /东风 ≤3级,阵雨,阵雨,23,17,东北风,≤3级,东风,≤3级,day
2015-05-30 16:00:00,文化路,7、未按规定让行的 ,负全部责任,不负责任,1,贵AU0765,白色,1,贵A77G93,白色,自培,自培,2008/11/14 0:00,2005/7/19 0:00,万达牌,大众牌,364547000000000000 ,364547000000000000 ,198209,197709,16,5,5,工作日,非高峰,2015-05-30,2015年5月30日,阵雨 /阵雨,23℃ / 17℃,东北风 ≤3级 /东风 ≤3级,阵雨,阵雨,23,17,东北风,≤3级,东风,≤3级,day
2015-05-30 15:00:00,小河,3、倒车的,负全部责任,不负责任,1,贵A7BR84,白色,1,贵HV8364,白色,自培,自培,2004/6/25 0:00,2007/9/28 0:00,大众汽车牌,-1,364547000000000000 ,366276000000000000 ,198308,198511,15,5,5,工作日,非高峰,2015-05-30,2015年5月30日,阵雨 /阵雨,23℃ / 17℃,东北风 ≤3级 /东风 ≤3级,阵雨,阵雨,23,17,东北风,≤3级,东风,≤3级,day
2015-05-30 16:00:00,金关,1、追尾的,负全部责任,不负责任,1,贵BCB871,白,1,贵A9898S,红,自培,自培,2004/7/14 0:00,2004/12/16 0:00,-1,科雷傲,364666000000000000 ,366361000000000000 ,197811,198203,16,5,5,工作日,非高峰,2015-05-30,2015年5月30日,阵雨 /阵雨,23℃ / 17℃,东北风 ≤3级 /东风 ≤3级,阵雨,阵雨,23,17,东北风,≤3级,东风,≤3级,day
2015-04-17 09:00:00,大营坡,1、追尾的,负全部责任,不负责任,1,贵A92Y33,黑,1,贵ANK266,红,自培,自培,2004/4/28 0:00,2008/3/12 0:00,起亚牌,金杯牌,364548000000000 ,364596000000000000 ,811109,198610,9,4,4,工作日,早高峰(7-9点),2015-04-17,2015年4月17日,多云 /多云,28℃ / 19℃,南风 ≤3级 /南风 ≤3级,多云,多云,28,19,南风,≤3级,南风,≤3级,day
2015-04-09 15:10:00,二浦,1、追尾的,负全部责任,不负责任,1,贵ALY322,红,1,贵BAZ678,黄 ,自培,十一驾驶培训有限公司,2000/3/24 0:00,2014/5/6 0:00,长城牌,飞碟牌,366563000000000000 ,366563000000000000 ,197612,197809,15,3,4,工作日,非高峰,2015-04-09,2015年4月9日,阴 /小雨,11℃ / 7℃,东北风 ≤3级 /东北风 ≤3级,阴,小雨,11,7,东北风,≤3级,东北风,≤3级,day
2015-03-13 17:30:00,金阳南路,7、未按规定让行的 ,负全部责任,不负责任,0,贵AEQ157,黑,1,贵B64722,白,自培,铁二局驾校,2004/5/15 0:00,2009/9/2 0:00,东南牌,女神,366364000000000000 ,266269000000000000 ,197202,198503,17,4,3,工作日,晚高峰(17-19点),2015-03-13,2015年3月13日,多云 /阵雨,17℃ / 12℃,南风 ≤3级 /南风 ≤3级,多云,阵雨,17,12,南风,≤3级,南风,≤3级,day
2015-03-07 13:00:00,花果园,9、不符合前8款规定或者双方同时具有上述情形的,负同等责任,负同等责任,1,贵AJ8704,白色,1,贵B32333,白色,自培,-1,2001/3/23 0:00,-1,神龙-富康,江铃牌,354657000000000000 ,364646000000000000 ,197406,196711,13,5,3,工作日,非高峰,2015-03-07,2015年3月7日,阴 /小雨,10℃ / 5℃,东风 ≤3级 /东南风 ≤3级,阴,小雨,10,5,东风,≤3级,东南风,≤3级,day
2015-04-19 18:30:00,金阳北路,1、追尾的,负全部责任,不负责任,1,贵AU1384,蓝,1,贵CAL224,黑,自培,-1,2003/6/20 0:00,-1,东力牌,雷克萨斯,366061000000000000 ,366566000000000000 ,197609,196805,18,6,4,周末,晚高峰(17-19点),2015-04-19,2015年4月19日,阵雨 /阵雨,22℃ / 13℃,东北风 ≤3级 /东北风 ≤3级,阵雨,阵雨,22,13,东北风,≤3级,东北风,≤3级,day
2015-02-01 18:56:00,南明区瑞金路,8、依法应负全责的其他情形,负全部责任,不负责任,1,贵AU8719,银色,1,贵AVG394,黑色,自培,-1,2009/6/22 0:00,-1,创新牌,东风雪铁龙牌,366367000000000000 ,35466851854549423X,196809,197101,18,6,2,周末,晚高峰(17-19点),2015-02-01,2015年2月1日,阴 /小雨,2℃ / 0℃,东北风 ≤3级 /东风 ≤3级,阴,小雨,2,0,东北风,≤3级,东风,≤3级,day
2015-03-02 11:30:00,宝山路,1、追尾的,负全部责任,不负责任,0,贵AVK253,绿,1,贵AGX678,银,自培,贵州晨运驾驶培训学校,2006/2/17 0:00,2006/2/21 0:00,梅赛德斯-奔驰,大众汽车牌,366666000000000000 ,366046000000000000 ,198601,198108,11,0,3,工作日,非高峰,2015-03-02,2015年3月2日,阴 /小雨,9℃ / 2℃,东北风 ≤3级 /东北风 ≤3级,阴,小雨,9,2,东北风,≤3级,东北风,≤3级,day
2015-03-13 19:02:00,金阳北路,7、未按规定让行的 ,负全部责任,不负责任,1,贵A58J61,黑,1,贵B08999,黑,自培,-1,2013/4/1 0:00,-1,宝骏牌,宝马牌,364566000000000000 ,364648000000000000 ,198911,196801,19,4,3,工作日,晚高峰(17-19点),2015-03-13,2015年3月13日,多云 /阵雨,17℃ / 12℃,南风 ≤3级 /南风 ≤3级,多云,阵雨,17,12,南风,≤3级,南风,≤3级,day
2015-03-25 18:00:00,小河转盘,7、未按规定让行的 ,负全部责任,不负责任,1,贵BAK865,白色,1,贵AVB179,白色,自培,顺一驾驶培训学校,2002/5/23 0:00,2011/3/29 0:00,哈飞牌,奥迪牌,366368000000000000 ,366068000000000000 ,197012,197405,18,2,3,工作日,晚高峰(17-19点),2015-03-25,2015年3月25日,阴 /阵雨,14℃ / 9℃,东北风 ≤3级 /东北风 ≤3级,阴,阵雨,14,9,东北风,≤3级,东北风,≤3级,day
2015-04-09 18:20:00,轮胎厂,7、未按规定让行的 ,负全部责任,不负责任,1,贵BAU635,黑,1,贵GC9677,银,自培,-1,2004/6/21 0:00,-1,东风日产牌,五菱牌,355468000000000000 ,774769000000000000 ,197003,198208,18,3,4,工作日,晚高峰(17-19点),2015-04-09,2015年4月9日,阴 /小雨,11℃ / 7℃,东北风 ≤3级 /东北风 ≤3级,阴,小雨,11,7,东北风,≤3级,东北风,≤3级,day
2015-04-18 18:17:00,延安中路,3、倒车的,负全部责任,不负责任,1,贵A85N88,白,1,贵BE5682,黑,自培,-1,2006/9/29 0:00,-1,马自达牌,起亚牌,364548000000000000 ,364647000000000000 ,198502,197002,18,5,4,工作日,晚高峰(17-19点),2015-04-18,2015年4月18日,多云 /雷阵雨,29℃ / 16℃,南风 ≤3级 /南风 ≤3级,多云,雷阵雨,29,16,南风,≤3级,南风,≤3级,day
2015-03-16 09:25:00,瑞金北路,7、未按规定让行的 ,负全部责任,不负责任,1,贵ANV988,黑,0,贵BF4328,银,自培,-1,2001/10/30 0:00,-1,福克斯牌,夏利牌,36657651804757933X,366068000000000000 ,197403,198411,9,0,3,工作日,早高峰(7-9点),2015-03-16,2015年3月16日,阴 /多云,20℃ / 15℃,南风 ≤3级 /南风 ≤3级,阴,多云,20,15,南风,≤3级,南风,≤3级,day
2015-04-17 09:50:00,花溪田园里,1、追尾的,负全部责任,不负责任,1,贵JM7398,白色,1,贵BC4446,黑色,自培,顺一驾驶培训学校,2004/1/18 0:00,2010/8/25 0:00,长城牌,中华牌,36454751385550325X,366368000000000000 ,195711,197101,9,4,4,工作日,早高峰(7-9点),2015-04-17,2015年4月17日,多云 /多云,28℃ / 19℃,南风 ≤3级 /南风 ≤3级,多云,多云,28,19,南风,≤3级,南风,≤3级,day
2015-02-04 20:00:00,北京西路,7、未按规定让行的 ,负全部责任,不负责任,1,贵AA080W,银,1,贵BP9959,黑,自培,青正驾校（清镇市）,2006/11/1 0:00,2004/11/15 0:00,长安牌,宝马,357266000000000000 ,364547000000000000 ,198311,197808,20,2,2,工作日,非高峰,2015-02-04,2015年2月4日,小雨 /小雨,4℃ / 0℃,东北风 ≤3级 /东北风 ≤3级,小雨,小雨,4,0,东北风,≤3级,东北风,≤3级,night
2015-03-17 14:20:00,三桥,7、未按规定让行的 ,负全部责任,不负责任,1,贵BD6781,白色,1,贵H65141,白色,自培,-1,2006/4/7 0:00,-1,长安,长城,366570000000000000 ,366269000000000000 ,197003,198008,14,1,3,工作日,非高峰,2015-03-17,2015年3月17日,多云 /多云,25℃ / 14℃,南风 ≤3级 /南风 ≤3级,多云,多云,25,14,南风,≤3级,南风,≤3级,day
2015-04-21 07:10:00,太慈桥,1、追尾的,负全部责任,不负责任,1,贵JPN131,银,1,贵BY4882,黑,自培,520136,2005/8/22 0:00,2009/4/16 0:00,-1,东风日产牌,36666051964353005X,366046000000000000 ,198205,198108,7,1,4,工作日,早高峰(7-9点),2015-04-21,2015年4月21日,阴 /阵雨,17℃ / 10℃,东北风 ≤3级 /东北风 ≤3级,阴,阵雨,17,10,东北风,≤3级,东北风,≤3级,day
2015-03-17 13:40:00,百花山,8、依法应负全责的其他情形,负全部责任,不负责任,1,贵HBD555,黑,1,贵BW0256,白,自培,-1,2006/12/12 0:00,-1,大众汽车牌,吉利牌,74051500000000000 ,364666000000000000 ,198108,197203,13,1,3,工作日,非高峰,2015-03-17,2015年3月17日,多云 /多云,25℃ / 14℃,南风 ≤3级 /南风 ≤3级,多云,多云,25,14,南风,≤3级,南风,≤3级,day
2015-04-18 12:50:00,中华路,7、未按规定让行的 ,负全部责任,不负责任,1,贵A63N99,银,1,贵BX1802,白,自培,-1,2006/11/30 0:00,-1,吉利美日牌,众泰牌,366064000000000000 ,364666000000000000 ,198701,199310,12,5,4,工作日,非高峰,2015-04-18,2015年4月18日,多云 /雷阵雨,29℃ / 16℃,南风 ≤3级 /南风 ≤3级,多云,雷阵雨,29,16,南风,≤3级,南风,≤3级,day
2015-04-28 09:20:00,市北路,1、追尾的,负全部责任,不负责任,1,贵A21434,白,1,贵BT8644,白,自培,-1,2007/5/23 0:00,-1,楚星牌,三菱牌,366347000000000000 ,76360500000000000 ,198404,198307,9,1,4,工作日,早高峰(7-9点),2015-04-28,2015年4月28日,多云 /多云,25℃ / 15℃,东北风 ≤3级 /东北风 ≤3级,多云,多云,25,15,东北风,≤3级,东北风,≤3级,day
2015-03-03 12:18:00,宝山北路,7、未按规定让行的 ,负全部责任,不负责任,1,贵BX0764,黑,1,贵AF1621,白,自培,-1,2003/1/9 0:00,-1,长安牌,菲亚特,364548000000000000 ,364546000000000 ,195706,650721,12,1,3,工作日,非高峰,2015-03-03,2015年3月3日,小雨 /小雨,8℃ / 3℃,东北风 ≤3级 /东北风 ≤3级,小雨,小雨,8,3,东北风,≤3级,东北风,≤3级,day
2015-02-11 15:55:00,金阳国际会议中心7号门,5、开关车门的,负全部责任,不负责任,1,贵BY2308,黄,1,贵GD0019,黑,自培,-1,2008/10/27 0:00,-1,别克,东方日产牌,366067000000000000 ,07436751925547077X,198504,198611,15,2,2,工作日,非高峰,2015-02-11,2015年2月11日,多云 /多云,11℃ / 3℃,东风 ≤3级 /东北风 ≤3级,多云,多云,11,3,东风,≤3级,东北风,≤3级,day
2015-04-01 15:30:00,小河,1、追尾的,负全部责任,不负责任,1,贵C24906,白色,1,贵A7753K,白色,自培,（南明区）现代驾驶培训有限公司,2002/12/18 0:00,2002/5/21 0:00,五十铃,解放牌,36656851825563835X,364547000000000000 ,197611,196912,15,2,4,工作日,非高峰,2015-04-01,2015年4月1日,多云 /多云,29℃ / 19℃,南风 ≤3级 /南风 ≤3级,多云,多云,29,19,南风,≤3级,南风,≤3级,day
2015-03-18 15:40:00,大营坡,7、未按规定让行的 ,负全部责任,不负责任,1,贵CAU618,白,1,贵ASA309,黑,自培,诚信驾驶培训学校,2011/10/11 0:00,2014/7/18 0:00,东风标致牌,比亚迪牌,364566000000000000 ,366867000000000000 ,198911,198801,15,2,3,工作日,非高峰,2015-03-18,2015年3月18日,多云 /多云,24℃ / 14℃,南风 ≤3级 /南风 ≤3级,多云,多云,24,14,南风,≤3级,南风,≤3级,day
2015-03-26 17:30:00,新世纪,8、依法应负全责的其他情形,负全部责任,不负责任,1,贵CAE258,白,1,贵GP0913,白,自培,铁二局驾校,2004/8/6 0:00,2013/12/27 0:00,东风标致牌,丰田牌,364547000000000000 ,366664000000000000 ,198510,198904,17,3,3,工作日,晚高峰(17-19点),2015-03-26,2015年3月26日,阴 /阵雨,17℃ / 12℃,南风 ≤3级 /南风 ≤3级,阴,阵雨,17,12,南风,≤3级,南风,≤3级,day