accidenttime,accidentaddr,driver1fault,driver1responsibility,driver2responsibility,sex1,platenumber1,carcolor1,sex2,platenumber2,carcolor2,jxmc1,jxmc2,cclzrq1,cclzrq2,clpp1,clpp2,driver1license,driver2license,brith1,brith2,hour,weekday,month,is_weekday,peak_hour,date,日期,天气状况,气温,风力风向,day_wea,night_wea,day_tep,night_tep,day_wind_direction,day_wind_speed,night_wind_direction,night_wind_speed,segment
2015-03-13 14:10:00,小河平桥,1、追尾的,负全部责任,不负责任,1,贵CG2073,白色,1,贵A7BE16,白色,自培,路路达驾校（白云区）,2004/9/28 0:00,1985/7/31 0:00,辉腾,福特牌,364547000000000000 ,366367000000000000 ,197903,195301,14,4,3,工作日,非高峰,2015-03-13,2015年3月13日,多云 /阵雨,17℃ / 12℃,南风 ≤3级 /南风 ≤3级,多云,阵雨,17,12,南风,≤3级,南风,≤3级,day
2015-03-02 08:00:00,蛮坡,1、追尾的,负全部责任,不负责任,1,贵A61M26,白色,1,贵CGG478,红色,自培,-1,2000/5/24 0:00,-1,丰田牌,别克牌,364556000000000000 ,366568000000000000 ,197001,198310,8,0,3,工作日,早高峰(7-9点),2015-03-02,2015年3月2日,阴 /小雨,9℃ / 2℃,东北风 ≤3级 /东北风 ≤3级,阴,小雨,9,2,东北风,≤3级,东北风,≤3级,day
2015-04-11 18:00:00,贵惠大道,8、依法应负全责的其他情形,负全部责任,不负责任,1,贵AJG439,白色,1,贵CL9926,白色,自培,贵州省长安驾驶培训学校,2006/1/25 0:00,2011/11/16 0:00,长安牌,起亚牌,354669000000000000 ,366546000000000000 ,197109,198012,18,5,4,工作日,晚高峰(17-19点),2015-04-11,2015年4月11日,多云 /多云,15℃ / 9℃,东北风 ≤3级 /东风 ≤3级,多云,多云,15,9,东北风,≤3级,东风,≤3级,day
2015-03-17 11:30:00,中山东路,8、依法应负全责的其他情形,负全部责任,不负责任,1,贵CJC528,黑,1,贵A49P64,黑,自培,-1,2006/11/20 0:00,-1,大众牌,吉利牌,366577000000000000 ,364566000000000000 ,198010,196603,11,1,3,工作日,非高峰,2015-03-17,2015年3月17日,多云 /多云,25℃ / 14℃,南风 ≤3级 /南风 ≤3级,多云,多云,25,14,南风,≤3级,南风,≤3级,day
2015-02-05 09:10:00,南明区甘平路,8、依法应负全责的其他情形,负全部责任,不负责任,1,贵AM0181,白色,1,贵CTX183,白色,自培,猎鹰驾校,2004/6/29 0:00,2007/10/16 0:00,正好牌,东风标致牌,364548000000000000 ,366570000000000000 ,196305,198606,9,3,2,工作日,早高峰(7-9点),2015-02-05,2015年2月5日,阴 /阴,3℃ / 0℃,东北风 ≤3级 /东北风 ≤3级,阴,阴,3,0,东北风,≤3级,东北风,≤3级,day
2015-04-26 13:29:00,黄河路,7、未按规定让行的 ,负全部责任,不负责任,1,贵BAK872,白色,1,贵ATP242,白色,自培,自培,2003/8/25 0:00,2004/4/23 0:00,东风日产牌,长安牌,364646000000000000 ,36464651864174845X,197710,197209,13,6,4,周末,非高峰,2015-04-26,2015年4月26日,阵雨 /阵雨,18℃ / 14℃,东南风 ≤3级 /东北风 ≤3级,阵雨,阵雨,18,14,东南风,≤3级,东北风,≤3级,day
2015-02-11 16:50:00,云岩区鹿冲关路,7、未按规定让行的 ,负全部责任,不负责任,1,贵CM1164,黑,1,贵AU4875,绿,自培,-1,2007/7/10 0:00,-1,思威牌,嘉陵牌,366564000000000000 ,366564000000000000 ,197408,197901,16,2,2,工作日,非高峰,2015-02-11,2015年2月11日,多云 /多云,11℃ / 3℃,东风 ≤3级 /东北风 ≤3级,多云,多云,11,3,东风,≤3级,东北风,≤3级,day
2015-02-05 10:10:00,保利云山,1、追尾的,负全部责任,不负责任,1,贵CZ5106,红,0,贵A3860H,黑,自培,文通驾校,2004/8/31 0:00,2011/10/19 0:00,东风雪铁龙牌,吉利牌,366067000000000000 ,366064000000000000 ,197408,197503,10,3,2,工作日,非高峰,2015-02-05,2015年2月5日,阴 /阴,3℃ / 0℃,东北风 ≤3级 /东北风 ≤3级,阴,阴,3,0,东北风,≤3级,东北风,≤3级,day
2015-04-10 10:00:00,大兴星城,7、未按规定让行的 ,负全部责任,不负责任,1,贵A75M87,白色,1,贵CX3380,白色,自培,其他,2004/3/23 0:00,-1,东风标致牌,五菱牌,354696000000000000 ,366561000000000000 ,198212,199003,10,4,4,工作日,非高峰,2015-04-10,2015年4月10日,小雨 /小雨,12℃ / 8℃,东北风 ≤3级 /东北风 ≤3级,小雨,小雨,12,8,东北风,≤3级,东北风,≤3级,day
2015-03-17 17:54:00,长江路,9、不符合前8款规定或者双方同时具有上述情形的,负同等责任,负同等责任,1,贵EM2631,白色,1,贵AN1559,黑色,自培,十一驾驶培训有限公司,2009/5/13 0:00,2011/9/30 0:00,别克牌,蒂维拉,366768000000000000 ,736569000000000000 ,198706,197510,17,1,3,工作日,晚高峰(17-19点),2015-03-17,2015年3月17日,多云 /多云,25℃ / 14℃,南风 ≤3级 /南风 ≤3级,多云,多云,25,14,南风,≤3级,南风,≤3级,day
2015-04-30 08:50:00,金阳,9、不符合前8款规定或者双方同时具有上述情形的,负全部责任,不负责任,1,贵AU6071,蓝,1,贵E69578,红,自培,黔西南州驾校,2008/6/6 0:00,-1,恒通客车牌,航天牌,36656851925557235X,366767000000000000 ,198611,197903,8,3,4,工作日,早高峰(7-9点),2015-04-30,2015年4月30日,阵雨 /阵雨,25℃ / 17℃,东南风 ≤3级 /东南风 ≤3级,阵雨,阵雨,25,17,东南风,≤3级,东南风,≤3级,day
2015-02-10 15:20:00,黔灵山路,1、追尾的,负全部责任,不负责任,1,贵AU3224,绿,1,贵EB8938,黑,自培,-1,2000/7/15 0:00,-1,捷达牌,丰田牌,364558000000000000 ,366766000000000000 ,197409,196604,15,1,2,工作日,非高峰,2015-02-10,2015年2月10日,小雨 /小雨,6℃ / 3℃,东北风 ≤3级 /东风 ≤3级,小雨,小雨,6,3,东北风,≤3级,东风,≤3级,day
2015-04-17 16:00:00,护国路,7、未按规定让行的 ,负全部责任,不负责任,1,贵EQ3555,白色,1,贵ACP391,白色,自培,-1,2005/1/21 0:00,-1,中华牌,丰田牌,366766000000000000 ,366864000000000000 ,198305,198911,16,4,4,工作日,非高峰,2015-04-17,2015年4月17日,多云 /多云,28℃ / 19℃,南风 ≤3级 /南风 ≤3级,多云,多云,28,19,南风,≤3级,南风,≤3级,day
2015-04-26 14:50:00,都司路,7、未按规定让行的 ,负全部责任,不负责任,1,贵A12E59,白色,1,贵FAK169,白色,自培,市交校,2004/10/29 0:00,2011/4/1 0:00,一汽佳星牌,东南牌,366064000000000000 ,366068000000000000 ,197910,198606,14,6,4,周末,非高峰,2015-04-26,2015年4月26日,阵雨 /阵雨,18℃ / 14℃,东南风 ≤3级 /东北风 ≤3级,阵雨,阵雨,18,14,东南风,≤3级,东北风,≤3级,day
2015-02-11 02:20:00,转弯塘,1、追尾的,负全部责任,不负责任,1,贵A26120,灰,1,贵F88006,黑,自培,-1,2000/11/20 0:00,-1,三一牌,北京牌,674666000000000000 ,366067000000000000 ,198205,197905,2,2,2,工作日,非高峰,2015-02-11,2015年2月11日,多云 /多云,11℃ / 3℃,东风 ≤3级 /东北风 ≤3级,多云,多云,11,3,东风,≤3级,东北风,≤3级,night
2015-03-14 13:20:00,金阳客站,7、未按规定让行的 ,负全部责任,不负责任,0,贵A78K36,银,1,贵F20735,银,自培,-1,2008/1/9 0:00,-1,梅赛德斯-奔驰牌,五菱牌,366669000000000000 ,366064000000000000 ,196209,198805,13,5,3,工作日,非高峰,2015-03-14,2015年3月14日,阴 /阴,17℃ / 12℃,南风 ≤3级 /东南风 ≤3级,阴,阴,17,12,南风,≤3级,东南风,≤3级,day
2015-04-11 15:00:00,枣山路,1、追尾的,负全部责任,不负责任,1,贵FL0289,白,1,贵F29485,白,自培,-1,2008/7/31 0:00,-1,东南牌,豪情牌,366063000000000000 ,364557000000000000 ,197503,198312,15,5,4,工作日,非高峰,2015-04-11,2015年4月11日,多云 /多云,15℃ / 9℃,东北风 ≤3级 /东风 ≤3级,多云,多云,15,9,东北风,≤3级,东风,≤3级,day
2015-02-16 17:00:00,大营坡,1、追尾的,负全部责任,不负责任,1,贵FN6630,白,1,贵AS6895,黑,自培,自培,2005/5/31 0:00,1994/11/23 0:00,五菱牌,海陵牌,366347000000000000 ,364547000000000000 ,198012,197402,17,0,2,工作日,晚高峰(17-19点),2015-02-16,2015年2月16日,阴 /阵雨,15℃ / 9℃,东北风 ≤3级 /东南风 ≤3级,阴,阵雨,15,9,东北风,≤3级,东南风,≤3级,day
2015-04-09 14:10:00,甲秀北路,7、未按规定让行的 ,负全部责任,不负责任,0,贵A99P47,白,1,贵FS4735,黄 ,自培,诚信驾驶培训学校,2004/5/8 0:00,2013/3/4 0:00,凯迪拉克,长安牌,364556000000000000 ,364557000000000000 ,198405,199208,14,3,4,工作日,非高峰,2015-04-09,2015年4月9日,阴 /小雨,11℃ / 7℃,东北风 ≤3级 /东北风 ≤3级,阴,小雨,11,7,东北风,≤3级,东北风,≤3级,day
2015-03-27 22:00:00,大营坡,7、未按规定让行的 ,负全部责任,不负责任,0,贵ALN578,银,1,贵FS9141,银,自培,长安驾校（南明区）,2007/1/11 0:00,2015/3/23 0:00,大众汽车牌,长城牌,354547000000000000 ,366061000000000000 ,197308,198801,22,4,3,工作日,非高峰,2015-03-27,2015年3月27日,阵雨 /阵雨,18℃ / 13℃,南风 ≤3级 /南风 ≤3级,阵雨,阵雨,18,13,南风,≤3级,南风,≤3级,night
2015-02-07 16:00:00,甲秀南路,7、未按规定让行的 ,负全部责任,不负责任,1,贵FP2840,白色,1,贵AA822M,白色,自培,-1,2007/7/31 0:00,-1,长安牌,别克牌,366046000000000000 ,366347000000000000 ,198310,198112,16,5,2,工作日,非高峰,2015-02-07,2015年2月7日,阴 /阴,8℃ / 3℃,东北风 ≤3级 /东北风 ≤3级,阴,阴,8,3,东北风,≤3级,东北风,≤3级,day
2015-02-10 10:00:00,电建一公司,1、追尾的,负全部责任,不负责任,1,贵FP0327,白色,1,贵BJ6649,黑色,自培,-1,2011/8/30 0:00,-1,五菱牌,福田牌,366067000000000000 ,364647000000000000 ,199203,196510,10,1,2,工作日,非高峰,2015-02-10,2015年2月10日,小雨 /小雨,6℃ / 3℃,东北风 ≤3级 /东风 ≤3级,小雨,小雨,6,3,东北风,≤3级,东风,≤3级,day
2015-03-18 13:30:00,三桥,1、追尾的,负全部责任,不负责任,1,贵FL1251,银,1,贵AU2211,蓝,自培,（花溪区）鑫鑫驾驶培训有限公司,2013/2/5 0:00,2009/1/6 0:00,南骏牌,钱江牌,366068000000000000 ,366361000000000000 ,198610,197606,13,2,3,工作日,非高峰,2015-03-18,2015年3月18日,多云 /多云,24℃ / 14℃,南风 ≤3级 /南风 ≤3级,多云,多云,24,14,南风,≤3级,南风,≤3级,day
2015-03-09 07:50:00,沙冲路,1、追尾的,负全部责任,不负责任,1,贵FX1313,白色,1,贵A5AL51,白色,自培,贵州省长安驾驶培训学校,2002/2/6 0:00,2014/12/1 0:00,福克斯牌,奥迪牌,364556000000000000 ,366347000000000000 ,197409,198203,7,0,3,工作日,早高峰(7-9点),2015-03-09,2015年3月9日,小雨 /小雨,10℃ / 5℃,东北风 ≤3级 /东北风 ≤3级,小雨,小雨,10,5,东北风,≤3级,东北风,≤3级,day
2015-02-11 11:50:00,贵惠大道,1、追尾的,负全部责任,不负责任,1,贵E22522,黑色,1,贵A7B179,黑色,自培,自培,2012/12/5 0:00,2002/5/27 0:00,中华牌,长安牌,36676351174153565X,364556000000000000 ,199309,197409,11,2,2,工作日,非高峰,2015-02-11,2015年2月11日,多云 /多云,11℃ / 3℃,东风 ≤3级 /东北风 ≤3级,多云,多云,11,3,东风,≤3级,东北风,≤3级,day
2015-03-29 11:30:00,省医,7、未按规定让行的 ,负全部责任,不负责任,1,贵F65595,银,1,贵B94532,黄,自培,自培,2004/11/28 0:00,2004/9/24 0:00,万达,宝马牌,366046000000000000 ,364547000000000000 ,197604,197406,11,6,3,周末,非高峰,2015-03-29,2015年3月29日,阴 /多云,18℃ / 15℃,东风 ≤3级 /南风 ≤3级,阴,多云,18,15,东风,≤3级,南风,≤3级,day
2015-04-08 07:50:00,宝山路,8、依法应负全责的其他情形,负全部责任,不负责任,0,贵E11511,黑,1,贵FS4813,银,自培,自培,2010/1/6 0:00,2013/8/6 0:00,奥迪,凌派牌,366766000000000000 ,355741000000000000 ,195501,198006,7,2,4,工作日,早高峰(7-9点),2015-04-08,2015年4月8日,小雨 /小雨,10℃ / 6℃,东北风 ≤3级 /东北风 ≤3级,小雨,小雨,10,6,东北风,≤3级,东北风,≤3级,day
2015-03-30 07:35:00,白云区,3、倒车的,负全部责任,不负责任,0,贵FAC031,白,0,贵A0113P,黄,自培,自培,2003/7/22 0:00,2002/7/19 0:00,吉利牌,哈飞牌,364557000000000000 ,364558000000000000 ,196911,197108,7,0,3,工作日,早高峰(7-9点),2015-03-30,2015年3月30日,晴 /多云,24℃ / 17℃,南风 ≤3级 /南风 ≤3级,晴,多云,24,17,南风,≤3级,南风,≤3级,day
2015-04-30 08:40:00,小河,7、未按规定让行的 ,负全部责任,不负责任,1,贵AU7571,白色,1,贵FX1105,白色,自培,新华驾校,2001/4/26 0:00,2014/7/16 0:00,轻骑牌,福克斯牌,364556000000000000 ,366068000000000000 ,197401,198501,8,3,4,工作日,早高峰(7-9点),2015-04-30,2015年4月30日,阵雨 /阵雨,25℃ / 17℃,东南风 ≤3级 /东南风 ≤3级,阵雨,阵雨,25,17,东南风,≤3级,东南风,≤3级,day
2015-04-13 06:25:00,金源医院,7、未按规定让行的 ,负全部责任,不负责任,1,贵FV2914,白,1,贵BQ6208,红,自培,-1,2004/5/27 0:00,-1,起亚牌,雪佛兰牌,364557000000000000 ,366068000000000000 ,198107,198308,6,0,4,工作日,非高峰,2015-04-13,2015年4月13日,晴 /多云,23℃ / 8℃,东北风 ≤3级 /东北风 ≤3级,晴,多云,23,8,东北风,≤3级,东北风,≤3级,day
2015-05-05 21:30:00,花溪大道中段,7、未按规定让行的 ,负全部责任,不负责任,1,贵A393F6,白色,1,贵FY5056,白色,自培,文通驾校,2007/8/3 0:00,2012/12/14 0:00,解放牌,雅阁牌,366064000000000000 ,36454651994056746X,197310,198804,21,1,5,工作日,非高峰,2015-05-05,2015年5月5日,阵雨 /阵雨,21℃ / 15℃,南风 ≤3级 /南风 ≤3级,阵雨,阵雨,21,15,南风,≤3级,南风,≤3级,night
2015-03-06 20:05:00,云岩永乐新苑,3、倒车的,负全部责任,不负责任,1,贵FZ5205,白色,1,贵A7BH38,白色,自培,-1,2003/7/28 0:00,-1,吉利牌,东风雪铁龙牌,366064000000000000 ,366846000000000000 ,198306,197301,20,4,3,工作日,非高峰,2015-03-06,2015年3月6日,小雨 /小雨,5℃ / 3℃,东北风 ≤3级 /东北风 ≤3级,小雨,小雨,5,3,东北风,≤3级,东北风,≤3级,night
2015-03-24 10:10:00,罗汉营,8、依法应负全责的其他情形,负全部责任,不负责任,1,贵FV4508,白,1,贵AH0812,黑,自培,-1,2006/3/15 0:00,-1,长安牌,起亚牌,366061000000000000 ,364544000000 ,197112,33610,10,1,3,工作日,非高峰,2015-03-24,2015年3月24日,小雨 /阵雨,13℃ / 7℃,东北风 ≤3级 /东北风 ≤3级,小雨,阵雨,13,7,东北风,≤3级,东北风,≤3级,day
2015-04-22 07:40:00,东二环,1、追尾的,负全部责任,不负责任,1,贵A55W44,银,0,贵GAB510,银,自培,铁二局驾校,2007/4/17 0:00,2015/2/3 0:00,五十铃牌,五菱牌,366061000000000000 ,364558000000000000 ,198411,196411,7,2,4,工作日,早高峰(7-9点),2015-04-22,2015年4月22日,小雨 /小雨,15℃ / 10℃,东北风 ≤3级 /东北风 ≤3级,小雨,小雨,15,10,东北风,≤3级,东北风,≤3级,day
2015-03-12 14:40:00,贵阳一中,1、追尾的,负全部责任,不负责任,1,贵G32728,黑,1,贵A14Y32,黑,自培,-1,2004/4/14 0:00,-1,猎豹牌,中华牌,366863000000000000 ,364548000000000 ,197005,761205,14,3,3,工作日,非高峰,2015-03-12,2015年3月12日,多云 /多云,16℃ / 10℃,南风 ≤3级 /南风 ≤3级,多云,多云,16,10,南风,≤3级,南风,≤3级,day
2015-03-26 07:39:00,水东路,3、倒车的,负全部责任,不负责任,1,贵GC1284,白色,1,贵A74N27,白色,自培,贵州省长安驾驶培训学校,2002/10/11 0:00,2014/1/7 0:00,海马牌,大众汽车牌,366347000000000000 ,364548000000000000 ,195607,198504,7,3,3,工作日,早高峰(7-9点),2015-03-26,2015年3月26日,阴 /阵雨,17℃ / 12℃,南风 ≤3级 /南风 ≤3级,阴,阵雨,17,12,南风,≤3级,南风,≤3级,day
2015-02-11 11:30:00,花溪大道,7、未按规定让行的 ,负全部责任,不负责任,1,贵A828D9,银,1,贵GD3454,黑,自培,时发驾校,2002/5/10 0:00,2012/4/25 0:00,解放牌,东风标致牌,366347000000000000 ,364596000000000000 ,197807,198809,11,2,2,工作日,非高峰,2015-02-11,2015年2月11日,多云 /多云,11℃ / 3℃,东风 ≤3级 /东北风 ≤3级,多云,多云,11,3,东风,≤3级,东北风,≤3级,day
2015-04-11 12:30:00,新添寨,8、依法应负全责的其他情形,负全部责任,不负责任,1,贵GC8295,黑,1,贵AR6611,黑,自培,遵义市泥桥诚兴汽车驾驶培训学校,2006/10/13 0:00,2010/2/23 0:00,大众汽车牌,正好牌,364547000000000000 ,364557000000000000 ,198604,199101,12,5,4,工作日,非高峰,2015-04-11,2015年4月11日,多云 /多云,15℃ / 9℃,东北风 ≤3级 /东风 ≤3级,多云,多云,15,9,东北风,≤3级,东风,≤3级,day
2015-03-22 08:15:00,西南商贸城,8、依法应负全责的其他情形,负全部责任,不负责任,1,贵AU9517,绿,1,贵GC0210,黑,自培,-1,2002/6/11 0:00,-1,瑞麒牌,大众汽车牌,74660500000000000 ,355966000000000000 ,198111,198610,8,6,3,周末,早高峰(7-9点),2015-03-22,2015年3月22日,阵雨 /阵雨,19℃ / 10℃,东南风 ≤3级 /东风 ≤3级,阵雨,阵雨,19,10,东南风,≤3级,东风,≤3级,day
2015-05-15 15:10:00,甲秀南路,7、未按规定让行的 ,负全部责任,不负责任,1,贵GK9623,黑,1,贵ACW513,黑,自培,-1,2004/12/16 0:00,-1,江铃牌,福田牌,366347000000000000 ,3660660000000000 ,196611,196512,15,4,5,工作日,非高峰,2015-05-15,2015年5月15日,阵雨 /阵雨,25℃ / 16℃,东北风 ≤3级 /东北风 ≤3级,阵雨,阵雨,25,16,东北风,≤3级,东北风,≤3级,day
2015-04-14 20:20:00,云环路,9、不符合前8款规定或者双方同时具有上述情形的,负同等责任,负同等责任,1,贵GC2958,白,1,贵J69526,黑,自培,-1,2001/11/8 0:00,-1,起亚牌,解放牌,36636251854152725X,354268000000000000 ,197109,196203,20,1,4,工作日,非高峰,2015-04-14,2015年4月14日,晴 /多云,22℃ / 9℃,东风 ≤3级 /东风 ≤3级,晴,多云,22,9,东风,≤3级,东风,≤3级,night
2015-02-26 19:00:00,机场,9、不符合前8款规定或者双方同时具有上述情形的,负全部责任,不负责任,1,贵ACW738,蓝,1,贵GF4490,绿,自培,-1,2000/4/29 0:00,-1,福特牌,比亚迪牌,366363000000000000 ,3645470000000000 ,197308,196215,19,3,2,工作日,晚高峰(17-19点),2015-02-26,2015年2月26日,阴 /小雨,12℃ / 9℃,东风 ≤3级 /南风 ≤3级,阴,小雨,12,9,东风,≤3级,南风,≤3级,day
2015-03-09 10:10:00,杨家山隧道,1、追尾的,负全部责任,不负责任,1,贵A1634P,白色,1,贵A15P34,黑色,自培,铁二局驾校,2003/6/20 0:00,2012/3/30 0:00,江铃牌,五菱牌,366577000000000000 ,354653000000000000 ,196110,198301,10,0,3,工作日,非高峰,2015-03-09,2015年3月9日,小雨 /小雨,10℃ / 5℃,东北风 ≤3级 /东北风 ≤3级,小雨,小雨,10,5,东北风,≤3级,东北风,≤3级,day
2015-02-11 17:04:00,花溪大道中,1、追尾的,负全部责任,不负责任,0,贵A2151R,银,0,贵A42Y54,黄,自培,市汽车总公司驾校,2004/2/29 0:00,2003/11/24 0:00,东风牌,北京牌,366067000000000000 ,366061000000000000 ,198109,197406,17,2,2,工作日,晚高峰(17-19点),2015-02-11,2015年2月11日,多云 /多云,11℃ / 3℃,东风 ≤3级 /东北风 ≤3级,多云,多云,11,3,东风,≤3级,东北风,≤3级,day
2015-02-11 18:00:00,海信立交桥下,1、追尾的,负全部责任,不负责任,1,贵A57G75,黑色,1,贵GQ8098,黑色,自培,-1,2003/8/14 0:00,-1,东风标致牌,发现4,366567000000000000 ,364557000000000 ,198506,701209,18,2,2,工作日,晚高峰(17-19点),2015-02-11,2015年2月11日,多云 /多云,11℃ / 3℃,东风 ≤3级 /东北风 ≤3级,多云,多云,11,3,东风,≤3级,东北风,≤3级,day
2015-04-02 11:00:00,东山路,7、未按规定让行的 ,负全部责任,不负责任,1,贵A988C9,白,1,贵GQ8638,白,自培,-1,2002/4/15 0:00,-1,解放牌,翼虎牌,356164000000000000 ,344678000000000000 ,196512,198705,11,3,4,工作日,非高峰,2015-04-02,2015年4月2日,多云 /多云,30℃ / 18℃,南风 ≤3级 /南风 ≤3级,多云,多云,30,18,南风,≤3级,南风,≤3级,day
2015-03-06 07:08:00,皂角井,1、追尾的,负全部责任,不负责任,1,贵ASG335,白色,1,贵JAQ172,白色,自培,-1,2003/12/27 0:00,-1,别克牌,五菱牌,364558000000000000 ,36455551814767065X,196906,197903,7,4,3,工作日,早高峰(7-9点),2015-03-06,2015年3月6日,小雨 /小雨,5℃ / 3℃,东北风 ≤3级 /东北风 ≤3级,小雨,小雨,5,3,东北风,≤3级,东北风,≤3级,day
2015-04-19 16:00:00,太慈桥,7、未按规定让行的 ,负全部责任,不负责任,1,贵A0BP89,白色,1,贵FV4965,白色,自培,自培,2004/3/30 0:00,2007/6/21 0:00,蒙迪欧,别克牌,364557000000000000 ,364556000000000000 ,196312,198401,16,6,4,周末,非高峰,2015-04-19,2015年4月19日,阵雨 /阵雨,22℃ / 13℃,东北风 ≤3级 /东北风 ≤3级,阵雨,阵雨,22,13,东北风,≤3级,东北风,≤3级,day
2015-04-24 09:15:00,金阳,7、未按规定让行的 ,负全部责任,不负责任,0,贵GD5823,红,1,贵GK1617,黑,自培,自培,2007/9/28 0:00,2001/9/17 0:00,东风日产牌,比亚迪牌,55446500000000000 ,364548000000000000 ,198103,198101,9,4,4,工作日,早高峰(7-9点),2015-04-24,2015年4月24日,阴 /小雨,16℃ / 11℃,东风 ≤3级 /东风 ≤3级,阴,小雨,16,11,东风,≤3级,东风,≤3级,day
2015-05-20 20:29:00,世纪城,8、依法应负全责的其他情形,负全部责任,不负责任,1,贵ACY413,白,1,贵AV0405,蓝,自培,-1,2006/9/5 0:00,-1,大众汽车牌,鹏城牌,366068000000000000 ,76454300000000000 ,197702,196604,20,2,5,工作日,非高峰,2015-05-20,2015年5月20日,阴 /阵雨,23℃ / 17℃,东北风 ≤3级 /东北风 ≤3级,阴,阵雨,23,17,东北风,≤3级,东北风,≤3级,night
2015-04-08 19:50:00,杨家山隧道,1、追尾的,负全部责任,不负责任,1,贵JBE575,红,1,贵A5166Y,黑,自培,-1,2010/8/25 0:00,-1,五菱牌,科雷傲,366846000000000000 ,366664000000000000 ,198210,197810,19,2,4,工作日,晚高峰(17-19点),2015-04-08,2015年4月8日,小雨 /小雨,10℃ / 6℃,东北风 ≤3级 /东北风 ≤3级,小雨,小雨,10,6,东北风,≤3级,东北风,≤3级,day
2015-04-18 12:00:00,枣山路,7、未按规定让行的 ,负全部责任,不负责任,0,贵AB7941,黑,1,贵JBJ192,银,自培,-1,2006/7/5 0:00,-1,豪爵牌,凌派牌,364548000000000000 ,4235764633 ,196907,320255,12,5,4,工作日,非高峰,2015-04-18,2015年4月18日,多云 /雷阵雨,29℃ / 16℃,南风 ≤3级 /南风 ≤3级,多云,雷阵雨,29,16,南风,≤3级,南风,≤3级,day
2015-05-13 08:50:00,罗汉营,1、追尾的,负全部责任,不负责任,1,贵AMP265,白,1,贵JBR262,白,自培,蓝天驾校,2002/4/12 0:00,2014/11/4 0:00,-1,长安牌,35616351224540748X,366367000000000000 ,196601,196308,8,2,5,工作日,早高峰(7-9点),2015-05-13,2015年5月13日,多云 /阵雨,26℃ / 19℃,东南风 ≤3级 /东南风 ≤3级,多云,阵雨,26,19,东南风,≤3级,东南风,≤3级,day
2015-04-13 13:15:00,乌当,1、追尾的,负全部责任,不负责任,1,贵AP8129,黑,0,贵JBS453,蓝,自培,贵大佳德驾驶培训学校,2004/6/1 0:00,2012/9/25 0:00,东风标致牌,名爵牌,364556000000000000 ,364568000000000000 ,195612,198506,13,0,4,工作日,非高峰,2015-04-13,2015年4月13日,晴 /多云,23℃ / 8℃,东北风 ≤3级 /东北风 ≤3级,晴,多云,23,8,东北风,≤3级,东北风,≤3级,day
2015-04-06 10:00:00,孟关,7、未按规定让行的 ,负全部责任,不负责任,1,贵A63N49,白色,1,贵JDZ788,白色,自培,金大驾校,2003/6/26 0:00,2015/1/7 0:00,福克斯牌,长安牌,364556000000000000 ,364556000000000000 ,197710,199511,10,0,4,工作日,非高峰,2015-04-06,2015年4月6日,阵雨 /阵雨,17℃ / 7℃,东北风 ≤3级 /东北风 ≤3级,阵雨,阵雨,17,7,东北风,≤3级,东北风,≤3级,day
2015-03-15 14:40:00,会展城,1、追尾的,负全部责任,不负责任,1,贵A34N44,黑,1,贵JCW065,白,自培,-1,2007/10/17 0:00,-1,长城牌,东风标致牌,366067000000000000 ,366876000000000000 ,196609,198704,14,6,3,周末,非高峰,2015-03-15,2015年3月15日,阴 /阴,18℃ / 13℃,东风 ≤3级 /南风 ≤3级,阴,阴,18,13,东风,≤3级,南风,≤3级,day
2015-04-30 18:30:00,小河平桥,8、依法应负全责的其他情形,负全部责任,不负责任,1,贵JK5751,白色,1,贵AB833A,黑色,自培,-1,2009/7/23 0:00,-1,风神牌,凌派牌,366875000000000000 ,354767000000000000 ,197802,198107,18,3,4,工作日,晚高峰(17-19点),2015-04-30,2015年4月30日,阵雨 /阵雨,25℃ / 17℃,东南风 ≤3级 /东南风 ≤3级,阵雨,阵雨,25,17,东南风,≤3级,东南风,≤3级,day
2015-05-11 20:30:00,贵惠大道,7、未按规定让行的 ,负全部责任,不负责任,1,贵AFD296,白色,1,贵JR2164,白色,自培,-1,2007/2/25 0:00,-1,北京现代牌,帕萨特牌,366577000000000000 ,366577000000000000 ,198812,198401,20,0,5,工作日,非高峰,2015-05-11,2015年5月11日,多云 /多云,24℃ / 13℃,东北风 ≤3级 /东北风 ≤3级,多云,多云,24,13,东北风,≤3级,东北风,≤3级,night
2015-02-12 19:30:00,沙冲路,9、不符合前8款规定或者双方同时具有上述情形的,负同等责任,负同等责任,1,贵F38001,黑色,1,贵A6BX88,白色,自培,-1,2007/9/6 0:00,-1,比亚迪牌,雪佛兰牌,366064000000000000 ,366567000000000000 ,197810,198909,19,3,2,工作日,晚高峰(17-19点),2015-02-12,2015年2月12日,多云 /多云,15℃ / 5℃,南风 ≤3级 /南风 ≤3级,多云,多云,15,5,南风,≤3级,南风,≤3级,day