accidenttime,accidentaddr,driver1fault,driver1responsibility,driver2responsibility,sex1,platenumber1,carcolor1,sex2,platenumber2,carcolor2,jxmc1,jxmc2,cclzrq1,cclzrq2,clpp1,clpp2,driver1license,driver2license,brith1,brith2,hour,weekday,month,is_weekday,peak_hour,date,日期,天气状况,气温,风力风向,day_wea,night_wea,day_tep,night_tep,day_wind_direction,day_wind_speed,night_wind_direction,night_wind_speed,segment
2015-04-27 13:30:00,南明区,4、停车时未挂低速档、未拉驻车制动，导致车辆滑行的,负全部责任,不负责任,1,贵AT6264,白色,1,贵ET7392,白色,自培,顺一驾驶培训学校,2015/3/14 0:00,2013/12/31 0:00,万虎牌,五菱牌,366068000000000000 ,366761000000000000 ,196610,199410,13,0,4,工作日,非高峰,2015-04-27,2015年4月27日,阴 /雷阵雨,21℃ / 14℃,东南风 ≤3级 /东北风 ≤3级,阴,雷阵雨,21,14,东南风,≤3级,东北风,≤3级,day
2015-03-28 09:40:00,金阳,3、倒车的,负全部责任,不负责任,1,贵A6211G,白,1,贵FL4137,银,自培,520134,2001/10/26 0:00,2007/12/26 0:00,田野牌,五菱牌,366364000000000000 ,366061000000000000 ,197211,198607,9,5,3,工作日,早高峰(7-9点),2015-03-28,2015年3月28日,阵雨 /雷阵雨,17℃ / 14℃,南风 ≤3级 /南风 ≤3级,阵雨,雷阵雨,17,14,南风,≤3级,南风,≤3级,day
2015-02-06 18:30:00,花二道,1、追尾的,负全部责任,不负责任,1,贵APW151,银,1,贵FK9224,黑,自培,-1,2003/8/19 0:00,-1,华泰特拉卡牌,五菱牌,366263000000000000 ,366067000000000000 ,197203,196310,18,4,2,工作日,晚高峰(17-19点),2015-02-06,2015年2月6日,多云 /小雨,9℃ / 2℃,南风 ≤3级 /南风 ≤3级,多云,小雨,9,2,南风,≤3级,南风,≤3级,day
2015-03-19 12:40:00,金阳南路,7、未按规定让行的 ,负同等责任,负同等责任,1,贵AZF272,白,1,贵FQ5215,白,自培,消防驾校,2003/6/11 0:00,2013/8/28 0:00,东风日产牌,北京现代牌,364547000000000000 ,376164000000000000 ,198503,198201,12,3,3,工作日,非高峰,2015-03-19,2015年3月19日,多云 /阵雨,26℃ / 12℃,南风 ≤3级 /东北风 ≤3级,多云,阵雨,26,12,南风,≤3级,东北风,≤3级,day
2015-02-25 16:30:00,花溪新牛马市场路口,1、追尾的,负全部责任,不负责任,1,贵A4AV73,白色,1,贵JAN828,白色,自培,自培,2007/7/4 0:00,2007/7/26 0:00,明锐牌,北京现代牌,364556000000000000 ,364551000000000000 ,197201,198308,16,2,2,工作日,非高峰,2015-02-25,2015年2月25日,阴 /阵雨,15℃ / 8℃,东北风 ≤3级 /东北风 ≤3级,阴,阵雨,15,8,东北风,≤3级,东北风,≤3级,day
2015-03-18 13:42:00,百花大道,7、未按规定让行的 ,负全部责任,不负责任,1,贵AFL438,白,1,贵GT7766,黑,自培,-1,2006/6/5 0:00,-1,吉利牌,奥迪,654367000000000000 ,366064000000000000 ,198205,199203,13,2,3,工作日,非高峰,2015-03-18,2015年3月18日,多云 /多云,24℃ / 14℃,南风 ≤3级 /南风 ≤3级,多云,多云,24,14,南风,≤3级,南风,≤3级,day
2015-05-10 11:38:00,三桥,8、依法应负全责的其他情形,负全部责任,不负责任,1,贵A295C8,白,1,贵GT7766,黑,自培,-1,2004/2/25 0:00,-1,江淮牌,奥迪,36454751894568095X,366064000000000000 ,197801,199203,11,6,5,周末,非高峰,2015-05-10,2015年5月10日,阵雨 /雷阵雨,25℃ / 14℃,南风 ≤3级 /南风 ≤3级,阵雨,雷阵雨,25,14,南风,≤3级,南风,≤3级,day
2015-02-26 13:30:00,大十字,7、未按规定让行的 ,负全部责任,不负责任,1,贵AU9878,白色,1,贵GV2712,白色,自培,新华驾校,2002/3/22 0:00,2012/2/29 0:00,瑞麒牌,雅阁牌,366347000000000000 ,36454651955448747X,198110,198110,13,3,2,工作日,非高峰,2015-02-26,2015年2月26日,阴 /小雨,12℃ / 9℃,东风 ≤3级 /南风 ≤3级,阴,小雨,12,9,东风,≤3级,南风,≤3级,day
2015-03-17 08:30:00,鹏水池,7、未按规定让行的 ,负全部责任,不负责任,1,贵A88Y14,银,0,贵HBK314,红,自培,贵阳学院汽车驾驶培训,2000/4/12 0:00,2012/5/17 0:00,荣威牌,大众汽车牌,364548000000000000 ,366864000000000000 ,196901,198611,8,1,3,工作日,早高峰(7-9点),2015-03-17,2015年3月17日,多云 /多云,25℃ / 14℃,南风 ≤3级 /南风 ≤3级,多云,多云,25,14,南风,≤3级,南风,≤3级,day
2015-04-04 13:30:00,花溪清华路,7、未按规定让行的 ,负全部责任,不负责任,1,贵A8AU16,白色,1,贵JK7128,白色,自培,-1,2007/10/10 0:00,-1,长安牌,吉利美日牌,364556000000000000 ,366875000000000000 ,198706,198004,13,5,4,工作日,非高峰,2015-04-04,2015年4月4日,多云 /多云,29℃ / 18℃,南风 ≤3级 /南风 ≤3级,多云,多云,29,18,南风,≤3级,南风,≤3级,day
2015-03-22 12:00:00,百花大道,7、未按规定让行的 ,负全部责任,不负责任,1,贵DC7515,白,1,贵JR7857,银,自培,-1,2007/7/6 0:00,-1,江淮牌,长安牌,366663000000000000 ,366862000000000000 ,198810,199206,12,6,3,周末,非高峰,2015-03-22,2015年3月22日,阵雨 /阵雨,19℃ / 10℃,东南风 ≤3级 /东风 ≤3级,阵雨,阵雨,19,10,东南风,≤3级,东风,≤3级,day
2015-03-04 12:50:00,航天大道,1、追尾的,负全部责任,不负责任,1,贵A27999,红,1,贵GV5229,银,自培,贵州现代驾驶培训责任有限公司,2003/11/6 0:00,2011/12/29 0:00,宝马,吉利美日牌,364596000000000000 ,366367000000000000 ,198502,198004,12,2,3,工作日,非高峰,2015-03-04,2015年3月4日,小雨 /小雨,6℃ / 1℃,东北风 ≤3级 /东北风 ≤3级,小雨,小雨,6,1,东北风,≤3级,东北风,≤3级,day
2015-02-25 22:00:00,小河区黄河北路,7、未按规定让行的 ,负全部责任,不负责任,1,贵GV8980,白色,1,贵AA298B,白色,自培,凯信驾校,2012/8/20 0:00,2015/1/20 0:00,大众汽车牌,思威牌,364547000000000000 ,366669000000000000 ,197212,198209,22,2,2,工作日,非高峰,2015-02-25,2015年2月25日,阴 /阵雨,15℃ / 8℃,东北风 ≤3级 /东北风 ≤3级,阴,阵雨,15,8,东北风,≤3级,东北风,≤3级,night
2015-03-23 08:45:00,金阳,7、未按规定让行的 ,负全部责任,不负责任,0,贵A33F39,黄,1,贵GV2441,蓝,自培,-1,2013/7/2 0:00,-1,大众牌,江铃全顺牌,354657000000000000 ,77485151845645045X,196904,197012,8,0,3,工作日,早高峰(7-9点),2015-03-23,2015年3月23日,多云 /阴,17℃ / 9℃,东北风 ≤3级 /东北风 ≤3级,多云,阴,17,9,东北风,≤3级,东北风,≤3级,day
2015-02-11 16:00:00,小河香江路,7、未按规定让行的 ,负全部责任,不负责任,1,贵JBD276,白色,1,贵GY4105,白色,自培,大地驾校,2009/2/19 0:00,2006/4/24 0:00,北京现代牌,别克牌,366861000000000000 ,364547000000000000 ,198708,198209,16,2,2,工作日,非高峰,2015-02-11,2015年2月11日,多云 /多云,11℃ / 3℃,东风 ≤3级 /东北风 ≤3级,多云,多云,11,3,东风,≤3级,东北风,≤3级,day
2015-03-23 21:40:00,八匹马,7、未按规定让行的 ,负全部责任,不负责任,0,贵GX5766,银,1,贵A77G57,银,自培,消防驾校,2004/5/26 0:00,2006/4/5 0:00,长安牌,奥迪牌,366564000000000000 ,364557000000000000 ,198010,197601,21,0,3,工作日,非高峰,2015-03-23,2015年3月23日,多云 /阴,17℃ / 9℃,东北风 ≤3级 /东北风 ≤3级,多云,阴,17,9,东北风,≤3级,东北风,≤3级,night
2015-03-25 09:10:00,三桥后坝,1、追尾的,负全部责任,不负责任,1,贵A2268P,白色,1,贵HBJ149,白色,自培,520125,2004/8/30 0:00,2010/4/13 0:00,江铃牌,东风雪铁龙牌,364548000000000000 ,366269000000000000 ,197805,198112,9,2,3,工作日,早高峰(7-9点),2015-03-25,2015年3月25日,阴 /阵雨,14℃ / 9℃,东北风 ≤3级 /东北风 ≤3级,阴,阵雨,14,9,东北风,≤3级,东北风,≤3级,day
2015-03-27 11:40:00,北京西路,9、不符合前8款规定或者双方同时具有上述情形的,负同等责任,负同等责任,1,贵A5BK94,银,1,贵GGB124,银,自培,全林驾校,2003/2/5 0:00,2012/9/5 0:00,大众牌,起亚牌,366566000000000000 ,366562000000000000 ,197310,197104,11,4,3,工作日,非高峰,2015-03-27,2015年3月27日,阵雨 /阵雨,18℃ / 13℃,南风 ≤3级 /南风 ≤3级,阵雨,阵雨,18,13,南风,≤3级,南风,≤3级,day
2015-02-10 15:00:00,孟关,7、未按规定让行的 ,负全部责任,不负责任,1,贵DX7767,白色,1,贵GJ8266,红色,自培,自培,2013/9/17 0:00,2014/5/22 0:00,众泰牌,别克牌,366669000000000000 ,364556000000000000 ,198711,197406,15,1,2,工作日,非高峰,2015-02-10,2015年2月10日,小雨 /小雨,6℃ / 3℃,东北风 ≤3级 /东风 ≤3级,小雨,小雨,6,3,东北风,≤3级,东风,≤3级,day
2015-04-28 17:00:00,大营坡,8、依法应负全责的其他情形,负全部责任,不负责任,0,贵HCC187,红,1,贵AG9339,银,自培,-1,2004/9/10 0:00,-1,别克牌,吉普,366263000000000000 ,364547000000000000 ,197409,198905,17,1,4,工作日,晚高峰(17-19点),2015-04-28,2015年4月28日,多云 /多云,25℃ / 15℃,东北风 ≤3级 /东北风 ≤3级,多云,多云,25,15,东北风,≤3级,东北风,≤3级,day
2015-04-20 14:30:00,白云区,1、追尾的,负全部责任,不负责任,1,贵A41A79,黑,1,贵GR3485,黑,自培,-1,2006/9/22 0:00,-1,起亚牌,长城牌,364557000000000000 ,366768000000000000 ,196507,199201,14,0,4,工作日,非高峰,2015-04-20,2015年4月20日,阴 /阴,20℃ / 11℃,东北风 ≤3级 /东北风 ≤3级,阴,阴,20,11,东北风,≤3级,东北风,≤3级,day
2015-03-03 08:11:00,锦江路,7、未按规定让行的 ,负全部责任,不负责任,1,贵JBT166,黑色,1,临贵AJE246,白色,自培,-1,2008/9/25 0:00,-1,北京现代牌,-1,76166500000000000 ,34195500000000000 ,197811,198607,8,1,3,工作日,早高峰(7-9点),2015-03-03,2015年3月3日,小雨 /小雨,8℃ / 3℃,东北风 ≤3级 /东北风 ≤3级,小雨,小雨,8,3,东北风,≤3级,东北风,≤3级,day
2015-04-30 21:40:00,北二环,8、依法应负全责的其他情形,负全部责任,不负责任,1,贵A3900Y,黑,1,贵A26C27,白,自培,520134,2012/12/19 0:00,2008/8/29 0:00,福特牌,雪佛兰牌,364557000000000000 ,364557000000000000 ,199010,198802,21,3,4,工作日,非高峰,2015-04-30,2015年4月30日,阵雨 /阵雨,25℃ / 17℃,东南风 ≤3级 /东南风 ≤3级,阵雨,阵雨,25,17,东南风,≤3级,东南风,≤3级,night
2015-04-11 15:30:00,南明区,7、未按规定让行的 ,负全部责任,不负责任,1,贵GGB438,白色,1,贵CB7240,白色,自培,520107,2003/5/9 0:00,2008/12/16 0:00,东风标致牌,解放牌,364558000000000000 ,366569000000000000 ,196009,197603,15,5,4,工作日,非高峰,2015-04-11,2015年4月11日,多云 /多云,15℃ / 9℃,东北风 ≤3级 /东风 ≤3级,多云,多云,15,9,东北风,≤3级,东风,≤3级,day
2015-05-08 12:00:00,云潭北路,8、依法应负全责的其他情形,负全部责任,不负责任,1,贵A774F2,红,1,贵GX4445,红,自培,无,2002/7/30 0:00,1998/5/30 0:00,江淮牌,五本牌,366347000000000000 ,366347000000000000 ,196904,197902,12,4,5,工作日,非高峰,2015-05-08,2015年5月8日,阵雨 /多云,25℃ / 15℃,东南风 ≤3级 /东北风 ≤3级,阵雨,多云,25,15,东南风,≤3级,东北风,≤3级,day
2015-05-17 11:10:00,南湖路,1、追尾的,负全部责任,不负责任,1,贵GN4916,白,1,贵A0926G,白,自培,（南明区）吉源驾驶培训有限公司,2004/9/16 0:00,2010/12/6 0:00,-1,金杯牌,36455551965647723X,364557000000000000 ,198212,198811,11,6,5,周末,非高峰,2015-05-17,2015年5月17日,阵雨 /雷阵雨,25℃ / 17℃,东北风 ≤3级 /南风 ≤3级,阵雨,雷阵雨,25,17,东北风,≤3级,南风,≤3级,day
2015-03-17 07:00:00,贵溪大道,3、倒车的,负全部责任,不负责任,0,贵FT4734,白,1,贵A19Y14,银,自培,安顺市汽车运输公司驾驶员培训学校,2009/12/3 0:00,2004/2/13 0:00,梅赛德斯-奔驰牌,克莱斯勒牌,366046000000000000 ,364548000000000000 ,198410,195112,7,1,3,工作日,早高峰(7-9点),2015-03-17,2015年3月17日,多云 /多云,25℃ / 14℃,南风 ≤3级 /南风 ≤3级,多云,多云,25,14,南风,≤3级,南风,≤3级,day
2015-04-26 12:30:00,孟关汽车城,3、倒车的,负全部责任,不负责任,1,贵A1R706,白色,1,贵A4811W,白色,自培,新华驾校,2006/7/6 0:00,2008/9/19 0:00,马自达牌,马自达,366768000000000000 ,654166000000000000 ,197401,198902,12,6,4,周末,非高峰,2015-04-26,2015年4月26日,阵雨 /阵雨,18℃ / 14℃,东南风 ≤3级 /东北风 ≤3级,阵雨,阵雨,18,14,东南风,≤3级,东北风,≤3级,day
2015-05-24 14:00:00,北京路,9、不符合前8款规定或者双方同时具有上述情形的,负同等责任,负同等责任,1,贵AJ6446,白色,1,贵AV3146,白色,自培,自培,2006/7/6 0:00,-1,双庆牌,望江牌,54167500000000000 ,***,197607,-1,14,6,5,周末,非高峰,2015-05-24,2015年5月24日,多云 /阴,24℃ / 18℃,东风 ≤3级 /东南风 ≤3级,多云,阴,24,18,东风,≤3级,东南风,≤3级,day
2015-03-20 21:20:00,乌当区,7、未按规定让行的 ,负全部责任,不负责任,1,贵JDC981,白色,1,贵FV0652,白色,自培,自培,2003/7/1 0:00,2007/12/13 0:00,大众牌,别克牌,364547000000000000 ,366068000000000000 ,197408,198505,21,4,3,工作日,非高峰,2015-03-20,2015年3月20日,阴 /阵雨,14℃ / 10℃,东北风 ≤3级 /东北风 ≤3级,阴,阵雨,14,10,东北风,≤3级,东北风,≤3级,night
2015-04-13 18:35:00,甲秀南路,1、追尾的,负全部责任,不负责任,1,渝BJ3492,白色,1,湘A41Z88,白色,自培,-1,2009/1/5 0:00,-1,无,起亚牌,366566000000000000 ,74260500000000000 ,197503,197907,18,0,4,工作日,晚高峰(17-19点),2015-04-13,2015年4月13日,晴 /多云,23℃ / 8℃,东北风 ≤3级 /东北风 ≤3级,晴,多云,23,8,东北风,≤3级,东北风,≤3级,day
2015-03-30 10:05:00,兰州路,3、倒车的,负全部责任,不负责任,1,湘ND1212,银,1,渝C23M26,黑,自培,-1,2007/5/23 0:00,-1,东风日产牌 ,大众牌,366275000000000000 ,354664000000000000 ,196503,197503,10,0,3,工作日,非高峰,2015-03-30,2015年3月30日,晴 /多云,24℃ / 17℃,南风 ≤3级 /南风 ≤3级,晴,多云,24,17,南风,≤3级,南风,≤3级,day
2015-04-14 13:30:00,小河,3、倒车的,负全部责任,不负责任,1,贵A95747,白色,1,贵A31410,白色,自培,铁二局驾校,2006/2/17 0:00,-1,宝马牌,豪泺牌,364551000000000000 ,366069000000000000 ,197703,198408,13,1,4,工作日,非高峰,2015-04-14,2015年4月14日,晴 /多云,22℃ / 9℃,东风 ≤3级 /东风 ≤3级,晴,多云,22,9,东风,≤3级,东风,≤3级,day
2015-05-21 10:00:00,未来方舟,1、追尾的,负全部责任,不负责任,1,贵AAT563,黑,1,贵AED062,黑,自培,吉源驾校（南明区）,2004/6/29 0:00,2010/4/30 0:00,钱江牌,奥迪牌,364548000000000000 ,36454751955550095X,197508,198111,10,3,5,工作日,非高峰,2015-05-21,2015年5月21日,阴 /阵雨,24℃ / 16℃,东风 ≤3级 /东风 ≤3级,阴,阵雨,24,16,东风,≤3级,东风,≤3级,day
2015-04-02 09:55:00,云峰大道,7、未按规定让行的 ,负全部责任,不负责任,1,贵A36Z16,银,1,贵AFD707,银,自培,自培,2007/4/23 0:00,2012/10/10 0:00,东风雪铁龙牌,起亚,366246000000000000 ,36456751914568568X,197310,198901,9,3,4,工作日,早高峰(7-9点),2015-04-02,2015年4月2日,多云 /多云,30℃ / 18℃,南风 ≤3级 /南风 ≤3级,多云,多云,30,18,南风,≤3级,南风,≤3级,day
2015-03-20 14:50:00,乌当,8、依法应负全责的其他情形,负全部责任,不负责任,1,贵CBY916,银,1,贵A7591P,银,自培,贵大佳德驾校（云岩区）,2007/2/9 0:00,2006/3/23 0:00,思域牌,吉利美日牌,364551000000000000 ,366569000000000000 ,198811,198512,14,4,3,工作日,非高峰,2015-03-20,2015年3月20日,阴 /阵雨,14℃ / 10℃,东北风 ≤3级 /东北风 ≤3级,阴,阵雨,14,10,东北风,≤3级,东北风,≤3级,day
2015-05-15 17:00:00,花溪,7、未按规定让行的 ,负全部责任,不负责任,1,贵AG8877,白色,1,***,***,自培,自培,2002/8/15 0:00,-1,奔野牌,-1,364548000000000000 ,***,195912,-1,17,4,5,工作日,晚高峰(17-19点),2015-05-15,2015年5月15日,阵雨 /阵雨,25℃ / 16℃,东北风 ≤3级 /东北风 ≤3级,阵雨,阵雨,25,16,东北风,≤3级,东北风,≤3级,day
2015-03-24 09:00:00,花果园,8、依法应负全责的其他情形,负全部责任,不负责任,1,鲁HJ9353,灰色,1,贵A17M98,白色,自培,自培,2009/12/25 0:00,2015/2/11 0:00,吉奥牌,大众牌,784962000000000000 ,366561000000000000 ,197410,198703,9,1,3,工作日,早高峰(7-9点),2015-03-24,2015年3月24日,小雨 /阵雨,13℃ / 7℃,东北风 ≤3级 /东北风 ≤3级,小雨,阵雨,13,7,东北风,≤3级,东北风,≤3级,day
2015-04-09 12:30:00,金竹路,7、未按规定让行的 ,负全部责任,不负责任,1,贵AE2788,白色,1,渝C12M65,白色,自培,-1,2011/7/8 0:00,-1,北京现代,大众牌,366068000000000000 ,366046000000000000 ,197907,198603,12,3,4,工作日,非高峰,2015-04-09,2015年4月9日,阴 /小雨,11℃ / 7℃,东北风 ≤3级 /东北风 ≤3级,阴,小雨,11,7,东北风,≤3级,东北风,≤3级,day
2015-04-02 09:30:00,小河王武,3、倒车的,负全部责任,不负责任,1,贵A261U8,白色,1,豫CZ5717,白色,自培,-1,2004/5/13 0:00,-1,-1,骊威牌,36636151844342465X,54760500000000000 ,197005,199204,9,3,4,工作日,早高峰(7-9点),2015-04-02,2015年4月2日,多云 /多云,30℃ / 18℃,南风 ≤3级 /南风 ≤3级,多云,多云,30,18,南风,≤3级,南风,≤3级,day
2015-03-21 12:50:00,金阳南路,1、追尾的,负全部责任,不负责任,1,贵AK1536,白,1,鄂SKF881,银,自培,-1,2004/8/18 0:00,-1,大运牌,五菱牌,364548000000000000 ,365796000000000000 ,195803,197304,12,5,3,工作日,非高峰,2015-03-21,2015年3月21日,阴 /阴,16℃ / 11℃,东北风 ≤3级 /东南风 ≤3级,阴,阴,16,11,东北风,≤3级,东南风,≤3级,day
2015-04-17 13:00:00,兴筑路,1、追尾的,负全部责任,不负责任,1,贵CC4338,银,1,黑,黑,自培,-1,2001/12/4 0:00,-1,金杯牌,\N,366068000000000000 ,366347000000000000 ,197312,197406,13,4,4,工作日,非高峰,2015-04-17,2015年4月17日,多云 /多云,28℃ / 19℃,南风 ≤3级 /南风 ≤3级,多云,多云,28,19,南风,≤3级,南风,≤3级,day
2015-03-07 12:28:00,朝阳洞路,7、未按规定让行的 ,负全部责任,不负责任,1,贵JDN216,白色,1,贵A52X19,白色,自培,十一培,2010/12/17 0:00,1993/9/28 0:00,北京牌,起亚牌,366064000000000000 ,364548000000000000 ,198510,197308,12,5,3,工作日,非高峰,2015-03-07,2015年3月7日,阴 /小雨,10℃ / 5℃,东风 ≤3级 /东南风 ≤3级,阴,小雨,10,5,东风,≤3级,东南风,≤3级,day
2015-02-06 12:50:00,车水路,7、未按规定让行的 ,负全部责任,不负责任,1,贵ASCA69,银,1,FG5418,银,自培,自培,2002/2/21 0:00,2005/5/9 0:00,-1,\N,364548000000000000 ,364547000000000000 ,197809,198407,12,4,2,工作日,非高峰,2015-02-06,2015年2月6日,多云 /小雨,9℃ / 2℃,南风 ≤3级 /南风 ≤3级,多云,小雨,9,2,南风,≤3级,南风,≤3级,day
2015-04-19 21:00:00,长江路,7、未按规定让行的 ,负全部责任,不负责任,1,贵GB3846,白色,1,贵AV0267,白色,预约考试窗口,十一培,1998/3/9 0:00,1994/12/8 0:00,解放牌,双健牌,364556000000000000 ,36636751225655445X,197411,196612,21,6,4,周末,非高峰,2015-04-19,2015年4月19日,阵雨 /阵雨,22℃ / 13℃,东北风 ≤3级 /东北风 ≤3级,阵雨,阵雨,22,13,东北风,≤3级,东北风,≤3级,night
2015-03-25 17:10:00,盐务街,7、未按规定让行的 ,负全部责任,不负责任,0,贵A3951Y,黄,1,贵AL8014,黑,新天驾校,十一培,2011/7/4 0:00,1993/12/27 0:00,别克牌,红旗,36455651885445586X,364547000000000000 ,197710,195709,17,2,3,工作日,晚高峰(17-19点),2015-03-25,2015年3月25日,阴 /阵雨,14℃ / 9℃,东北风 ≤3级 /东北风 ≤3级,阴,阵雨,14,9,东北风,≤3级,东北风,≤3级,day
2015-02-10 10:00:00,老客车站,7、未按规定让行的 ,负全部责任,不负责任,1,贵AKB247,银,1,贵AU6442,绿,自培,十一培,2005/2/7 0:00,1993/7/28 0:00,波罗牌,山洋牌,364547000000000000 ,36454751874864405X,198410,197307,10,1,2,工作日,非高峰,2015-02-10,2015年2月10日,小雨 /小雨,6℃ / 3℃,东北风 ≤3级 /东风 ≤3级,小雨,小雨,6,3,东北风,≤3级,东风,≤3级,day
2015-05-23 15:00:00,中坝,7、未按规定让行的 ,负全部责任,不负责任,0,贵AV8829,黑,1,贵AU6223,蓝,预约考试窗口,十一培,2007/5/31 0:00,1987/8/27 0:00,大众牌,新感觉牌,36454751865547760X,364548000000000000 ,197211,196312,15,5,5,工作日,非高峰,2015-05-23,2015年5月23日,阵雨 /阴,19℃ / 14℃,东北风 ≤3级 /东北风 ≤3级,阵雨,阴,19,14,东北风,≤3级,东北风,≤3级,day
2015-05-30 22:50:00,兴关路,9、不符合前8款规定或者双方同时具有上述情形的,负同等责任,负同等责任,1,贵A43Y49,蓝,1,贵AU5796,银,自培,十一培,1999/12/3 0:00,1986/4/29 0:00,东风标致牌,宗申牌,364548000000000000 ,364547000000000000 ,195811,195701,22,5,5,工作日,非高峰,2015-05-30,2015年5月30日,阵雨 /阵雨,23℃ / 17℃,东北风 ≤3级 /东风 ≤3级,阵雨,阵雨,23,17,东北风,≤3级,东风,≤3级,night
2015-03-25 10:00:00,长江路,1、追尾的,负全部责任,不负责任,1,贵A3AV99,白色,1,贵A4948W,白色,贵州省石阡泉都(启灵)驾驶培训有限责任公司,十一培,2012/10/22 0:00,1996/7/2 0:00,索兰托,长安牌,366661000000000000 ,364557000000000000 ,198610,196609,10,2,3,工作日,非高峰,2015-03-25,2015年3月25日,阴 /阵雨,14℃ / 9℃,东北风 ≤3级 /东北风 ≤3级,阴,阵雨,14,9,东北风,≤3级,东北风,≤3级,day
2015-05-21 11:00:00,小河,1、追尾的,负全部责任,不负责任,1,贵A35C43,白色,1,贵GBJ859,白色,毕节地区宏强驾校,十一培,2006/8/16 0:00,1998/3/9 0:00,雪佛兰牌,-1,36636051974949095X,364556000000000000 ,198308,197411,11,3,5,工作日,非高峰,2015-05-21,2015年5月21日,阴 /阵雨,24℃ / 16℃,东风 ≤3级 /东风 ≤3级,阴,阵雨,24,16,东风,≤3级,东风,≤3级,day
2015-03-29 14:15:00,航天大道,1、追尾的,负全部责任,不负责任,1,贵A69B33,银,1,贵AHG492,银,自培,十一培,2003/8/18 0:00,1997/7/10 0:00,东风雪铁龙牌,马自达牌,35436651844142625X,36454751265641248X,197009,196212,14,6,3,周末,非高峰,2015-03-29,2015年3月29日,阴 /多云,18℃ / 15℃,东风 ≤3级 /南风 ≤3级,阴,多云,18,15,东风,≤3级,南风,≤3级,day
2015-05-20 10:00:00,都司路,7、未按规定让行的 ,负全部责任,不负责任,1,贵ADJ594,白色,1,贵AU2127,白色,其他,十一培,2003/9/24 0:00,1998/7/28 0:00,荣威牌,宗申牌,366367000000000000 ,366067000000000000 ,197012,197802,10,2,5,工作日,非高峰,2015-05-20,2015年5月20日,阴 /阵雨,23℃ / 17℃,东北风 ≤3级 /东北风 ≤3级,阴,阵雨,23,17,东北风,≤3级,东北风,≤3级,day
2015-04-06 03:40:00,二戈寨,7、未按规定让行的 ,负全部责任,不负责任,1,贵A45V59,白色,1,贵A29470,白色,自培,十一培,2007/6/25 0:00,1997/9/4 0:00,长城牌,豪泺牌,364547000000000000 ,366876000000000000 ,198104,197509,3,0,4,工作日,非高峰,2015-04-06,2015年4月6日,阵雨 /阵雨,17℃ / 7℃,东北风 ≤3级 /东北风 ≤3级,阵雨,阵雨,17,7,东北风,≤3级,东北风,≤3级,night
2015-04-07 21:30:00,花果园,3、倒车的,负全部责任,不负责任,1,贵A65L52,银,1,贵A93E29,银,地区驾校赫章分校,十一培,1994/3/23 0:00,1988/3/2 0:00,雪佛兰牌,豪情牌,364548000000000000 ,364548000000000000 ,196405,196401,21,1,4,工作日,非高峰,2015-04-07,2015年4月7日,小雨 /小雨,9℃ / 5℃,东北风 ≤3级 /东北风 ≤3级,小雨,小雨,9,5,东北风,≤3级,东北风,≤3级,night
2015-02-01 17:50:00,云岩区旭东路,3、倒车的,负全部责任,不负责任,1,贵ALR162,白,1,贵AJB042,银,（乌当区）全林驾驶培训有限公司,十一培,2006/6/12 0:00,1996/1/2 0:00,胜达,夏利牌,354367000000000000 ,364548000000000000 ,197310,195604,17,6,2,周末,晚高峰(17-19点),2015-02-01,2015年2月1日,阴 /小雨,2℃ / 0℃,东北风 ≤3级 /东风 ≤3级,阴,小雨,2,0,东北风,≤3级,东风,≤3级,day
2015-02-08 08:30:00,狮子山,7、未按规定让行的 ,负全部责任,不负责任,1,贵A62P32,白,1,贵AU2369,绿,（观山湖区）蓝天驾驶培训有限公司,十一培,2006/7/28 0:00,1997/4/17 0:00,北京现代牌,宝来牌,364551000000000000 ,364547000000000000 ,197604,197202,8,6,2,周末,早高峰(7-9点),2015-02-08,2015年2月8日,阴 /阴,7℃ / 3℃,东北风 ≤3级 /南风 ≤3级,阴,阴,7,3,东北风,≤3级,南风,≤3级,day
2015-02-09 20:19:00,金阳购物中心,1、追尾的,负全部责任,不负责任,0,贵ABG76,黑,1,贵AU6713,绿,毕节市顺达汽车驾驶培训学校,十一培,2014/8/26 0:00,1998/1/15 0:00,-1,万达牌,366064000000000000 ,364548000000000000 ,198811,195906,20,0,2,工作日,非高峰,2015-02-09,2015年2月9日,阴 /小雨,6℃ / 4℃,东北风 ≤3级 /东北风 ≤3级,阴,小雨,6,4,东北风,≤3级,东北风,≤3级,night
2015-02-09 21:22:00,沙冲路,7、未按规定让行的 ,负全部责任,不负责任,0,贵A18C26,黄,1,贵AV2488,黑,（南明区）金大驾驶培训有限公司,十一培,2008/5/8 0:00,1996/8/30 0:00,东风标致牌,奥迪牌,364547000000000000 ,364547000000000000 ,198009,195603,21,0,2,工作日,非高峰,2015-02-09,2015年2月9日,阴 /小雨,6℃ / 4℃,东北风 ≤3级 /东北风 ≤3级,阴,小雨,6,4,东北风,≤3级,东北风,≤3级,night
2015-02-27 15:15:00,雪雅璐,1、追尾的,负全部责任,不负责任,1,贵A33K26,白,1,贵A27777,白,吉源驾校,十一培,2012/12/17 0:00,1999/7/23 0:00,宝来牌,东风牌,364548000000000000 ,364556000000000000 ,199002,196705,15,4,2,工作日,非高峰,2015-02-27,2015年2月27日,多云 /阵雨,21℃ / 5℃,南风 ≤3级 /南风 ≤3级,多云,阵雨,21,5,南风,≤3级,南风,≤3级,day