accidenttime,accidentaddr,driver1fault,driver1responsibility,driver2responsibility,sex1,platenumber1,carcolor1,sex2,platenumber2,carcolor2,jxmc1,jxmc2,cclzrq1,cclzrq2,clpp1,clpp2,driver1license,driver2license,brith1,brith2,hour,weekday,month,is_weekday,peak_hour,date,日期,天气状况,气温,风力风向,day_wea,night_wea,day_tep,night_tep,day_wind_direction,day_wind_speed,night_wind_direction,night_wind_speed,segment
2015-02-26 21:50:00,北京西路,8、依法应负全责的其他情形,负全部责任,不负责任,1,贵A24P48,白,1,贵AU0496,蓝,（经开区）十一驾驶培训有限公司,十一培,2005/2/6 0:00,1995/7/10 0:00,大切诺基,宝来牌,366562000000000000 ,364548000000000000 ,197406,196009,21,3,2,工作日,非高峰,2015-02-26,2015年2月26日,阴 /小雨,12℃ / 9℃,东风 ≤3级 /南风 ≤3级,阴,小雨,12,9,东风,≤3级,南风,≤3级,night
2015-02-28 17:30:00,会展城,7、未按规定让行的 ,负全部责任,不负责任,0,贵A79J82,黄,0,贵JBQ77,红,（南明区）吉源驾驶培训有限公司,十一培,2009/4/13 0:00,1997/3/12 0:00,揽胜极光,-1,366370000000000000 ,364548000000000000 ,198311,196809,17,5,2,工作日,晚高峰(17-19点),2015-02-28,2015年2月28日,小雨 /小雨,8℃ / 4℃,东北风 ≤3级 /东北风 ≤3级,小雨,小雨,8,4,东北风,≤3级,东北风,≤3级,day
2015-02-28 22:40:00,凤凰路,3、倒车的,负全部责任,不负责任,1,贵A96097,黑色,1,贵JBT914,白色,吉源驾校,十一培,2013/3/19 0:00,1989/5/11 0:00,豪泺牌,江淮牌,366664000000000000 ,364547000000000000 ,198312,196505,22,5,2,工作日,非高峰,2015-02-28,2015年2月28日,小雨 /小雨,8℃ / 4℃,东北风 ≤3级 /东北风 ≤3级,小雨,小雨,8,4,东北风,≤3级,东北风,≤3级,night
2015-03-07 23:00:00,茶园村,8、依法应负全责的其他情形,负全部责任,不负责任,0,贵A83H12,红,0,贵A15Y84,黑,路路达驾校,十一培,2013/10/21 0:00,1996/11/15 0:00,长安牌,揽胜,364566000000000000 ,364557000000000000 ,198102,197804,23,5,3,工作日,非高峰,2015-03-07,2015年3月7日,阴 /小雨,10℃ / 5℃,东风 ≤3级 /东南风 ≤3级,阴,小雨,10,5,东风,≤3级,东南风,≤3级,night
2015-03-13 14:50:00,大营坡,1、追尾的,负全部责任,不负责任,1,贵APX8379,红,1,贵ASG696,白,天行健驾校,十一培,2014/12/23 0:00,1994/3/10 0:00,-1,长安牌,366061000000000000 ,364548000000000000 ,198410,196701,14,4,3,工作日,非高峰,2015-03-13,2015年3月13日,多云 /阵雨,17℃ / 12℃,南风 ≤3级 /南风 ≤3级,多云,阵雨,17,12,南风,≤3级,南风,≤3级,day
2015-03-11 10:00:00,顺海,7、未按规定让行的 ,负全部责任,不负责任,1,贵A8193A,银,1,贵AU5271,绿,新天驾校,十一培,2013/10/30 0:00,1993/3/18 0:00,长安,力帆牌,366367000000000000 ,364547000000000000 ,197310,195701,10,2,3,工作日,非高峰,2015-03-11,2015年3月11日,阴 /小雨,8℃ / 4℃,东北风 ≤3级 /东北风 ≤3级,阴,小雨,8,4,东北风,≤3级,东北风,≤3级,day
2015-03-15 07:43:00,新添寨,1、追尾的,负全部责任,不负责任,0,贵A52S16,白,1,贵A56621,银,龙里县圣锦汽车驾驶培训学校,十一培,2012/9/17 0:00,1998/8/6 0:00,别克牌,富雅达,364557000000000000 ,364547000000000000 ,198901,197308,7,6,3,周末,早高峰(7-9点),2015-03-15,2015年3月15日,阴 /阴,18℃ / 13℃,东风 ≤3级 /南风 ≤3级,阴,阴,18,13,东风,≤3级,南风,≤3级,day
2015-03-26 17:55:00,瑞景北路,7、未按规定让行的 ,负全部责任,不负责任,0,贵A75L99,黑,1,贵A9BC44,黑,顺一驾驶培训学校,十一培,2014/8/25 0:00,1994/12/19 0:00,丰田牌,东风雪铁龙牌,366069000000000000 ,364547000000000000 ,198803,197707,17,3,3,工作日,晚高峰(17-19点),2015-03-26,2015年3月26日,阴 /阵雨,17℃ / 12℃,南风 ≤3级 /南风 ≤3级,阴,阵雨,17,12,南风,≤3级,南风,≤3级,day
2015-03-19 13:00:00,大营坡,1、追尾的,负全部责任,不负责任,1,贵APA528,蓝,1,贵AA3289,蓝,新天驾校,十一培,2011/3/23 0:00,1988/11/18 0:00,三菱牌,建设牌,366367000000000000 ,364547000000000000 ,197402,195905,13,3,3,工作日,非高峰,2015-03-19,2015年3月19日,多云 /阵雨,26℃ / 12℃,南风 ≤3级 /东北风 ≤3级,多云,阵雨,26,12,南风,≤3级,东北风,≤3级,day
2015-04-03 08:45:00,西南环线,9、不符合前8款规定或者双方同时具有上述情形的,负同等责任,负同等责任,1,贵FH8979,白色,1,贵A80513,白色,路顺驾校,十一培,2014/3/31 0:00,1993/10/13 0:00,中华牌,金旅牌,36636051905563745X,364548000000000000 ,198411,196505,8,4,4,工作日,早高峰(7-9点),2015-04-03,2015年4月3日,多云 /多云,30℃ / 19℃,南风 ≤3级 /南风 ≤3级,多云,多云,30,19,南风,≤3级,南风,≤3级,day
2015-03-27 07:50:00,大营坡,9、不符合前8款规定或者双方同时具有上述情形的,负同等责任,负同等责任,1,贵A43A35,银,1,贵ACK564,银,（乌当区）全林驾驶培训有限公司,十一培,2009/4/9 0:00,1986/8/10 0:00,大众牌,比亚迪牌,366246000000000000 ,364548000000000000 ,198802,196005,7,4,3,工作日,早高峰(7-9点),2015-03-27,2015年3月27日,阵雨 /阵雨,18℃ / 13℃,南风 ≤3级 /南风 ≤3级,阵雨,阵雨,18,13,南风,≤3级,南风,≤3级,day
2015-03-28 08:30:00,市南路,7、未按规定让行的 ,负全部责任,不负责任,1,贵A97N26,灰色,1,贵AU5888,白色,六盘水里程驾驶培训有限公司,十一培,2007/8/28 0:00,1992/7/5 0:00,吉利牌,捷达牌,366064000000000000 ,364557000000000000 ,198004,197205,8,5,3,工作日,早高峰(7-9点),2015-03-28,2015年3月28日,阵雨 /雷阵雨,17℃ / 14℃,南风 ≤3级 /南风 ≤3级,阵雨,雷阵雨,17,14,南风,≤3级,南风,≤3级,day
2015-04-04 07:10:00,綄沙桥,7、未按规定让行的 ,负全部责任,不负责任,1,贵A89N88,银 ,1,贵AU0761,蓝,（南明区）吉源驾驶培训有限公司,十一培,2006/10/23 0:00,1989/5/9 0:00,吉利牌,恒通客车牌,366067000000000000 ,364547000000000000 ,197107,196112,7,5,4,工作日,早高峰(7-9点),2015-04-04,2015年4月4日,多云 /多云,29℃ / 18℃,南风 ≤3级 /南风 ≤3级,多云,多云,29,18,南风,≤3级,南风,≤3级,day
2015-04-11 12:35:00,甘荫塘,7、未按规定让行的 ,负全部责任,不负责任,1,贵A34B27,白色,1,贵ANV623,白色,贵州现代驾驶培训责任有限公司,十一培,2014/11/5 0:00,1995/8/12 0:00,吉利美日牌,比亚迪牌,366562000000000000 ,364548000000000000 ,198209,195904,12,5,4,工作日,非高峰,2015-04-11,2015年4月11日,多云 /多云,15℃ / 9℃,东北风 ≤3级 /东风 ≤3级,多云,多云,15,9,东北风,≤3级,东风,≤3级,day
2015-04-05 05:30:00,花溪,7、未按规定让行的 ,负全部责任,不负责任,1,贵AA634W,白色,1,贵A8270M,白色,文通驾校,十一培,2011/3/3 0:00,1998/6/15 0:00,翼虎牌,东南,366368000000000000 ,364556000000000000 ,198409,197807,5,6,4,周末,非高峰,2015-04-05,2015年4月5日,阴 /阵雨,30℃ / 12℃,南风 ≤3级 /东北风 ≤3级,阴,阵雨,30,12,南风,≤3级,东北风,≤3级,night
2015-04-04 18:16:00,中坝,1、追尾的,负全部责任,不负责任,1,贵A75G28,红,1,贵AU3257,绿,（观山湖区）蓝天驾驶培训有限公司,十一培,2011/4/21 0:00,1993/6/6 0:00,荣威牌,万达牌,364568000000000000 ,364558000000000000 ,198906,197202,18,5,4,工作日,晚高峰(17-19点),2015-04-04,2015年4月4日,多云 /多云,29℃ / 18℃,南风 ≤3级 /南风 ≤3级,多云,多云,29,18,南风,≤3级,南风,≤3级,day
2015-03-21 22:00:00,友谊路,7、未按规定让行的 ,负全部责任,不负责任,1,贵A13F81,白,1,贵ARE694,银,（南明区）铁二局驾驶培训有限公司,十一培,2008/1/9 0:00,1995/1/9 0:00,福克斯牌,丰田牌,366067000000000000 ,364547000000000000 ,198908,196510,22,5,3,工作日,非高峰,2015-03-21,2015年3月21日,阴 /阴,16℃ / 11℃,东北风 ≤3级 /东南风 ≤3级,阴,阴,16,11,东北风,≤3级,东南风,≤3级,night
2015-03-21 18:10:00,西南环线,7、未按规定让行的 ,负全部责任,不负责任,1,贵A98297,白色,1,贵A5929学,白色,（经开区）十一驾驶培训有限公司,十一培,2006/6/27 0:00,1998/12/1 0:00,解放牌,-1,364551000000000000 ,74740500000000000 ,198211,196912,18,5,3,工作日,晚高峰(17-19点),2015-03-21,2015年3月21日,阴 /阴,16℃ / 11℃,东北风 ≤3级 /东南风 ≤3级,阴,阴,16,11,东北风,≤3级,东南风,≤3级,day
2015-03-22 09:35:00,碧海花园,1、追尾的,负全部责任,不负责任,1,贵FQ0813,白,1,贵A9CA75,白,路路达驾校,十一培,2014/5/15 0:00,1995/6/18 0:00,五菱牌,雷克萨斯,366064000000000000 ,364558000000000000 ,199101,197103,9,6,3,周末,早高峰(7-9点),2015-03-22,2015年3月22日,阵雨 /阵雨,19℃ / 10℃,东南风 ≤3级 /东风 ≤3级,阵雨,阵雨,19,10,东南风,≤3级,东风,≤3级,day
2015-03-23 11:20:00,小河,7、未按规定让行的 ,负全部责任,不负责任,1,贵AKN765,银,1,贵A9442冀,白,（经开区）十一驾驶培训有限公司,十一培,2006/5/8 0:00,1988/6/26 0:00,东风雪铁龙牌,-1,366546000000000000 ,36454651214055065X,198005,196904,11,0,3,工作日,非高峰,2015-03-23,2015年3月23日,多云 /阴,17℃ / 9℃,东北风 ≤3级 /东北风 ≤3级,多云,阴,17,9,东北风,≤3级,东北风,≤3级,day
2015-03-23 07:55:00,顺海,7、未按规定让行的 ,负全部责任,不负责任,1,贵A67L71,黑,1,贵ALQ959,黑,省交校,十一培,2010/11/12 0:00,1996/10/21 0:00,吉利美日牌,夏利牌,554550000000000000 ,364547000000000000 ,197611,196505,7,0,3,工作日,早高峰(7-9点),2015-03-23,2015年3月23日,多云 /阴,17℃ / 9℃,东北风 ≤3级 /东北风 ≤3级,多云,阴,17,9,东北风,≤3级,东北风,≤3级,day
2015-04-07 15:40:00,云岩区,7、未按规定让行的 ,负全部责任,不负责任,1,贵O44074,银,1,贵AFF134,白,（云岩区）省交通职业技术驾驶培训学校,十一培,2008/3/13 0:00,1996/7/30 0:00,-1,东风日产牌,306780000000000000 ,364548000000000000 ,197408,196502,15,1,4,工作日,非高峰,2015-04-07,2015年4月7日,小雨 /小雨,9℃ / 5℃,东北风 ≤3级 /东北风 ≤3级,小雨,小雨,9,5,东北风,≤3级,东北风,≤3级,day
2015-04-07 18:00:00,绿苑小区,3、倒车的,负全部责任,不负责任,1,贵A0AU95,白色,1,贵AAW227,白色,（南明区）铁二局驾驶培训有限公司,十一培,2015/2/16 0:00,1999/10/27 0:00,福克斯牌,森林人,364568000000000000 ,364548000000000000 ,198802,196912,18,1,4,工作日,晚高峰(17-19点),2015-04-07,2015年4月7日,小雨 /小雨,9℃ / 5℃,东北风 ≤3级 /东北风 ≤3级,小雨,小雨,9,5,东北风,≤3级,东北风,≤3级,day
2015-03-24 07:20:00,西二环,7、未按规定让行的 ,负全部责任,不负责任,1,贵G17796,白,1,贵A10709,黄,贵州现代驾驶培训责任有限公司,十一培,2012/7/21 0:00,1999/2/8 0:00,凌派,红岩牌,36657651964745015X,366061000000000000 ,198203,197612,7,1,3,工作日,早高峰(7-9点),2015-03-24,2015年3月24日,小雨 /阵雨,13℃ / 7℃,东北风 ≤3级 /东北风 ≤3级,小雨,阵雨,13,7,东北风,≤3级,东北风,≤3级,day
2015-03-24 12:30:00,桐木岭,1、追尾的,负全部责任,不负责任,1,贵FX1915,黑色,1,贵ACC581,灰色,铁二局驾校,十一培,2014/11/24 0:00,1994/11/3 0:00,福特牌,锋范牌,366068000000000000 ,364547000000000000 ,196807,195810,12,1,3,工作日,非高峰,2015-03-24,2015年3月24日,小雨 /阵雨,13℃ / 7℃,东北风 ≤3级 /东北风 ≤3级,小雨,阵雨,13,7,东北风,≤3级,东北风,≤3级,day
2015-03-25 10:00:00,大南门,7、未按规定让行的 ,负全部责任,不负责任,1,贵AU8287,蓝,1,贵AU0855,蓝,贵州省长安驾驶培训学校,十一培,2010/8/5 0:00,1993/3/11 0:00,瑞麒牌,吉利牌,366561000000000000 ,364557000000000000 ,198007,197502,10,2,3,工作日,非高峰,2015-03-25,2015年3月25日,阴 /阵雨,14℃ / 9℃,东北风 ≤3级 /东北风 ≤3级,阴,阵雨,14,9,东北风,≤3级,东北风,≤3级,day
2015-04-22 09:10:00,金石公路,9、不符合前8款规定或者双方同时具有上述情形的,负同等责任,负同等责任,1,贵A0317C,黄,0,贵A99048,蓝,高新驾校,十一培,2012/8/10 0:00,1997/10/29 0:00,长安牌,五菱,364556000000000000 ,364556000000000000 ,198109,197607,9,2,4,工作日,早高峰(7-9点),2015-04-22,2015年4月22日,小雨 /小雨,15℃ / 10℃,东北风 ≤3级 /东北风 ≤3级,小雨,小雨,15,10,东北风,≤3级,东北风,≤3级,day
2015-03-18 12:00:00,花果园,1、追尾的,负全部责任,不负责任,1,贵A35P43,白色,1,贵HV1215,白色,自培,十一培,2006/4/27 0:00,1994/5/22 0:00,海马牌,长城牌,364548000000000000 ,364547000000000000 ,198401,197510,12,2,3,工作日,非高峰,2015-03-18,2015年3月18日,多云 /多云,24℃ / 14℃,南风 ≤3级 /南风 ≤3级,多云,多云,24,14,南风,≤3级,南风,≤3级,day
2015-04-15 21:30:00,观水路,7、未按规定让行的 ,负全部责任,不负责任,0,贵CNV841,白,1,贵A67G28,黑,桐梓县毅昕机动车驾驶培训学校,十一培,2013/9/6 0:00,1994/6/19 0:00,传祺牌,宝马,366567000000000000 ,364547000000000000 ,199104,197109,21,2,4,工作日,非高峰,2015-04-15,2015年4月15日,多云 /多云,24℃ / 16℃,东南风 ≤3级 /南风 ≤3级,多云,多云,24,16,东南风,≤3级,南风,≤3级,night
2015-04-23 07:00:00,龚家寨,7、未按规定让行的 ,负全部责任,不负责任,1,贵AM2328,白,1,贵AU3255,绿,蓝天驾校,十一培,2010/4/9 0:00,1984/6/3 0:00,纵情牌,嘉陵牌,364548000000000000 ,366364000000000000 ,199005,196110,7,3,4,工作日,早高峰(7-9点),2015-04-23,2015年4月23日,阴 /小雨,16℃ / 10℃,东北风 ≤3级 /东北风 ≤3级,阴,小雨,16,10,东北风,≤3级,东北风,≤3级,day
2015-05-08 18:15:00,都司路,7、未按规定让行的 ,负全部责任,不负责任,1,贵A7BD595,白,0,贵AV6772,蓝,（南明区）金大驾驶培训有限公司,十一培,2006/6/8 0:00,1995/10/24 0:00,-1,嘉隆牌,366367000000000000 ,364548000000000000 ,198202,197603,18,4,5,工作日,晚高峰(17-19点),2015-05-08,2015年5月8日,阵雨 /多云,25℃ / 15℃,东南风 ≤3级 /东北风 ≤3级,阵雨,多云,25,15,东南风,≤3级,东北风,≤3级,day
2015-05-01 11:20:00,贵州日报社,7、未按规定让行的 ,负全部责任,不负责任,0,贵A8BM36,白,1,贵A487D6,红,贵州省长安驾驶培训学校,十一培,2013/4/27 0:00,1996/4/15 0:00,锋范牌,大运牌,356668000000000000 ,36454751214641097X,197711,196902,11,4,5,工作日,非高峰,2015-05-01,2015年5月1日,阵雨 /多云,25℃ / 14℃,东南风 ≤3级 /东北风 ≤3级,阵雨,多云,25,14,东南风,≤3级,东北风,≤3级,day
2015-05-02 10:00:00,黔灵山路,1、追尾的,负全部责任,不负责任,1,贵A48F97,红,1,贵AEG923,白,铁二局驾校,十一培,2013/9/13 0:00,1998/9/3 0:00,福克斯牌,宝马,366564000000000000 ,364548000000000000 ,197703,197210,10,5,5,工作日,非高峰,2015-05-02,2015年5月2日,多云 /阵雨,26℃ / 16℃,东北风 ≤3级 /东风 ≤3级,多云,阵雨,26,16,东北风,≤3级,东风,≤3级,day
2015-05-09 16:00:00,花溪平桥,3、倒车的,负全部责任,不负责任,1,贵ARP636,白色,1,贵ATV363,白色,顺一驾驶培训学校,十一培,2013/8/30 0:00,1995/10/5 0:00,东风雪铁龙牌,大众汽车牌,364547000000000000 ,364547000000000000 ,198709,195712,16,5,5,工作日,非高峰,2015-05-09,2015年5月9日,阵雨 /阵雨,23℃ / 16℃,东北风 ≤3级 /东南风 ≤3级,阵雨,阵雨,23,16,东北风,≤3级,东南风,≤3级,day
2015-05-09 16:50:00,观山西路,7、未按规定让行的 ,负全部责任,不负责任,1,贵A33L36,白,1,贵A89J32,蓝,新华驾校,十一培,2014/3/28 0:00,1998/5/19 0:00,长安牌,海马牌,366375000000000000 ,364547000000000000 ,197612,197508,16,5,5,工作日,非高峰,2015-05-09,2015年5月9日,阵雨 /阵雨,23℃ / 16℃,东北风 ≤3级 /东南风 ≤3级,阵雨,阵雨,23,16,东北风,≤3级,东南风,≤3级,day
2015-05-03 09:00:00,艺校立交桥,1、追尾的,负全部责任,不负责任,1,贵A64A22,白色,1,贵AX5502,白色,文通驾校,十一培,2011/9/15 0:00,1996/1/22 0:00,东风雪铁龙牌,豪爵牌,364556000000000000 ,366066000000000000 ,196312,195903,9,6,5,周末,早高峰(7-9点),2015-05-03,2015年5月3日,阵雨 /阵雨,25℃ / 15℃,东北风 ≤3级 /东北风 ≤3级,阵雨,阵雨,25,15,东北风,≤3级,东北风,≤3级,day
2015-04-18 11:00:00,瑞北路口,3、倒车的,负全部责任,不负责任,0,贵AAQ914,红,1,贵A47F82,白,贵州省长安驾驶培训学校,十一培,2014/7/22 0:00,1999/9/1 0:00,福克斯牌,福克斯牌,364547000000000000 ,364548000000000000 ,199109,198108,11,5,4,工作日,非高峰,2015-04-18,2015年4月18日,多云 /雷阵雨,29℃ / 16℃,南风 ≤3级 /南风 ≤3级,多云,雷阵雨,29,16,南风,≤3级,南风,≤3级,day
2015-04-25 09:00:00,市南路路口,7、未按规定让行的 ,负全部责任,不负责任,1,贵A28476,白色,1,贵A96Z65,白色,威宁县草海汽车驾驶培训有限公司,十一培,2009/8/12 0:00,1996/5/15 0:00,豪泺牌,奇瑞牌,366069000000000000 ,364548000000000000 ,198304,197007,9,5,4,工作日,早高峰(7-9点),2015-04-25,2015年4月25日,阴 /阵雨,20℃ / 11℃,东风 ≤3级 /东南风 ≤3级,阴,阵雨,20,11,东风,≤3级,东南风,≤3级,day
2015-05-10 18:00:00,中曹司,1、追尾的,负全部责任,不负责任,1,贵AA104U,白色,1,贵JR6148,白色,十一驾驶培训有限公司,十一培,2011/11/15 0:00,1999/12/27 0:00,红星牌,-1,366363000000000000 ,366875000000000000 ,198803,198002,18,6,5,周末,晚高峰(17-19点),2015-05-10,2015年5月10日,阵雨 /雷阵雨,25℃ / 14℃,南风 ≤3级 /南风 ≤3级,阵雨,雷阵雨,25,14,南风,≤3级,南风,≤3级,day
2015-04-13 10:10:00,花溪大道,7、未按规定让行的 ,负全部责任,不负责任,1,贵A3AF66,白,1,贵AU0225,蓝,文通驾校,十一培,2011/11/28 0:00,1996/3/19 0:00,福特牌,万达牌,364548000000000000 ,366347000000000000 ,198105,197104,10,0,4,工作日,非高峰,2015-04-13,2015年4月13日,晴 /多云,23℃ / 8℃,东北风 ≤3级 /东北风 ≤3级,晴,多云,23,8,东北风,≤3级,东北风,≤3级,day
2015-04-27 05:30:00,长林南路,8、依法应负全责的其他情形,负全部责任,不负责任,1,贵ALR623,银,1,贵AU0826,绿,织金县织通驾驶培训学校,十一培,2010/5/7 0:00,1994/4/3 0:00,五菱牌,豪爵牌,366064000000000000 ,364547000000000000 ,198306,197408,5,0,4,工作日,非高峰,2015-04-27,2015年4月27日,阴 /雷阵雨,21℃ / 14℃,东南风 ≤3级 /东北风 ≤3级,阴,雷阵雨,21,14,东南风,≤3级,东北风,≤3级,night
2015-05-05 07:40:00,凤凰翠堤,7、未按规定让行的 ,负全部责任,不负责任,1,贵GR4198,白色,1,***,白色,（南明区）阳光驾驶培训有限公司,十一培,2005/3/7 0:00,1997/3/25 0:00,-1,-1,364547000000000000 ,366061000000000000 ,196305,197412,7,1,5,工作日,早高峰(7-9点),2015-05-05,2015年5月5日,阵雨 /阵雨,21℃ / 15℃,南风 ≤3级 /南风 ≤3级,阵雨,阵雨,21,15,南风,≤3级,南风,≤3级,day
2015-04-13 22:30:00,解放路,7、未按规定让行的 ,负全部责任,不负责任,1,贵AA5449,白色,1,贵A37699,白色,毕节地区黔中汽车(摩托车)驾驶培训学校,十一培,2009/12/22 0:00,1993/1/4 0:00,东风牌,雅阁,366068000000000000 ,36454751344548765X,198212,195001,22,0,4,工作日,非高峰,2015-04-13,2015年4月13日,晴 /多云,23℃ / 8℃,东北风 ≤3级 /东北风 ≤3级,晴,多云,23,8,东北风,≤3级,东北风,≤3级,night
2015-04-21 12:00:00,师大,7、未按规定让行的 ,负全部责任,不负责任,1,贵A6E914,白色,1,贵AU6917,白色,（南明区）现代驾驶培训有限公司,十一培,2009/3/25 0:00,1994/11/29 0:00,-1,银翔牌,366861000000000000 ,364547000000000000 ,197004,197510,12,1,4,工作日,非高峰,2015-04-21,2015年4月21日,阴 /阵雨,17℃ / 10℃,东北风 ≤3级 /东北风 ≤3级,阴,阵雨,17,10,东北风,≤3级,东北风,≤3级,day
2015-04-22 17:20:00,区政府,3、倒车的,负全部责任,不负责任,1,贵ARG528,银,1,贵AGS788,黑,（乌当区）全林驾驶培训有限公司,十一培,2005/1/26 0:00,1985/11/14 0:00,吉利牌,起亚牌,364548000000000000 ,36455651204366475X,196709,196405,17,2,4,工作日,晚高峰(17-19点),2015-04-22,2015年4月22日,小雨 /小雨,15℃ / 10℃,东北风 ≤3级 /东北风 ≤3级,小雨,小雨,15,10,东北风,≤3级,东北风,≤3级,day
2015-04-29 10:40:00,西二环,3、倒车的,负全部责任,不负责任,1,贵AB675J,银,1,贵ARZ865,蓝,吉源驾校,十一培,2014/8/13 0:00,1997/6/16 0:00,金杯牌,马自达牌,56863500000000000 ,356170000000000000 ,198908,197111,10,2,4,工作日,非高峰,2015-04-29,2015年4月29日,阵雨 /阵雨,26℃ / 16℃,东北风 ≤3级 /东南风 ≤3级,阵雨,阵雨,26,16,东北风,≤3级,东南风,≤3级,day
2015-04-29 13:00:00,林城东路,1、追尾的,负全部责任,不负责任,1,贵A81E51,白,1,贵A3269W,白,（经开区）十一驾驶培训有限公司,十一培,2005/8/9 0:00,1996/12/26 0:00,沃尔沃,东风日产牌,366367000000000000 ,364558000000000000 ,198303,196111,13,2,4,工作日,非高峰,2015-04-29,2015年4月29日,阵雨 /阵雨,26℃ / 16℃,东北风 ≤3级 /东南风 ≤3级,阵雨,阵雨,26,16,东北风,≤3级,东南风,≤3级,day
2015-03-29 12:37:00,皂角井,3、倒车的,负全部责任,不负责任,1,贵A3AU12,白色,1,贵AGH779,白色,吉源驾校,十一培,2014/11/28 0:00,1991/11/30 0:00,福克斯牌,朗风牌,364548000000000000 ,364548000000000000 ,198807,195807,12,6,3,周末,非高峰,2015-03-29,2015年3月29日,阴 /多云,18℃ / 15℃,东风 ≤3级 /南风 ≤3级,阴,多云,18,15,东风,≤3级,南风,≤3级,day
2015-05-07 10:00:00,油榨街,8、依法应负全责的其他情形,负全部责任,不负责任,1,贵FX4494,白,1,贵AV7714,黄,（南明区）阳光驾驶培训有限公司,十一培,2008/4/14 0:00,1989/6/20 0:00,-1,五菱牌,364547000000000000 ,364548000000000000 ,198302,196403,10,3,5,工作日,非高峰,2015-05-07,2015年5月7日,阵雨 /雷阵雨,23℃ / 17℃,东南风 ≤3级 /东南风 ≤3级,阵雨,雷阵雨,23,17,东南风,≤3级,东南风,≤3级,day
2015-05-07 09:30:00,花溪大道,7、未按规定让行的 ,负全部责任,不负责任,1,贵AHH361,白色,1,贵AU0842,白色,（南明区）铁二局驾驶培训有限公司,十一培,2006/12/27 0:00,1995/1/26 0:00,奥迪牌,菲鹰牌,355447000000000000 ,364547000000000000 ,197104,197310,9,3,5,工作日,早高峰(7-9点),2015-05-07,2015年5月7日,阵雨 /雷阵雨,23℃ / 17℃,东南风 ≤3级 /东南风 ≤3级,阵雨,雷阵雨,23,17,东南风,≤3级,东南风,≤3级,day
2015-05-15 10:00:00,枣山路,7、未按规定让行的 ,负全部责任,不负责任,1,贵A24Y77,白色,1,贵AU0299,白色,（南明区）吉源驾驶培训有限公司,十一培,2009/6/15 0:00,1997/8/7 0:00,北京现代牌,万达牌,36604551824650005X,364547000000000000 ,197602,197103,10,4,5,工作日,非高峰,2015-05-15,2015年5月15日,阵雨 /阵雨,25℃ / 16℃,东北风 ≤3级 /东北风 ≤3级,阵雨,阵雨,25,16,东北风,≤3级,东北风,≤3级,day
2015-05-23 14:00:00,万江小区,7、未按规定让行的 ,负全部责任,不负责任,1,贵AU7817,黄,1,贵AGN592,黑,（经开区）十一驾驶培训有限公司,十一培,2007/10/22 0:00,1996/2/20 0:00,国威牌,瑞麒牌,36606751845449537X,364548000000000000 ,197010,197212,14,5,5,工作日,非高峰,2015-05-23,2015年5月23日,阵雨 /阴,19℃ / 14℃,东北风 ≤3级 /东北风 ≤3级,阵雨,阴,19,14,东北风,≤3级,东北风,≤3级,day
2015-05-16 13:00:00,大南门,7、未按规定让行的 ,负全部责任,不负责任,1,贵J892,白色,1,贵AKZ545,白色,（花溪区）黔丰驾驶培训有限公司,十一培,2015/2/12 0:00,1996/11/22 0:00,-1,东风标致牌,364557000000000000 ,366346000000000000 ,197004,197108,13,5,5,工作日,非高峰,2015-05-16,2015年5月16日,阴 /雷阵雨,23℃ / 17℃,东北风 ≤3级 /东风 ≤3级,阴,雷阵雨,23,17,东北风,≤3级,东风,≤3级,day
2015-05-23 13:00:00,北京西路,1、追尾的,负全部责任,不负责任,1,贵A4AJ45,红,1,贵AEL444,红,（观山湖区）诚信驾驶培训有限公司,十一培,2006/9/5 0:00,1999/7/12 0:00,东风日产牌,三菱牌,364648000000000000 ,364548000000000000 ,198606,197405,13,5,5,工作日,非高峰,2015-05-23,2015年5月23日,阵雨 /阴,19℃ / 14℃,东北风 ≤3级 /东北风 ≤3级,阵雨,阴,19,14,东北风,≤3级,东北风,≤3级,day
2015-05-24 09:00:00,花溪大道,9、不符合前8款规定或者双方同时具有上述情形的,负同等责任,负同等责任,1,贵JDT556,白色,1,贵A3AC58,白色,惠水县黔岭机动车驾驶培训有限公司,十一培,2012/1/12 0:00,1996/8/1 0:00,-1,-1,366876000000000000 ,355466000000000000 ,198012,196610,9,6,5,周末,早高峰(7-9点),2015-05-24,2015年5月24日,多云 /阴,24℃ / 18℃,东风 ≤3级 /东南风 ≤3级,多云,阴,24,18,东风,≤3级,东南风,≤3级,day
2015-05-24 15:00:00,油榨街,7、未按规定让行的 ,负全部责任,不负责任,1,贵A2N749,白色,1,贵A23V15,白色,黔南州华晟驾驶培训学校,十一培,2015/4/8 0:00,1999/9/15 0:00,-1,宝马,36684551985441567X,364547000000000000 ,198710,197812,15,6,5,周末,非高峰,2015-05-24,2015年5月24日,多云 /阴,24℃ / 18℃,东风 ≤3级 /东南风 ≤3级,多云,阴,24,18,东风,≤3级,东南风,≤3级,day