accidenttime,accidentaddr,driver1fault,driver1responsibility,driver2responsibility,sex1,platenumber1,carcolor1,sex2,platenumber2,carcolor2,jxmc1,jxmc2,cclzrq1,cclzrq2,clpp1,clpp2,driver1license,driver2license,brith1,brith2,hour,weekday,month,is_weekday,peak_hour,date,日期,天气状况,气温,风力风向,day_wea,night_wea,day_tep,night_tep,day_wind_direction,day_wind_speed,night_wind_direction,night_wind_speed,segment
2015-04-09 07:30:00,盐务街,7、未按规定让行的 ,负全部责任,不负责任,0,贵A0H203,黑,1,贵AF5974,黑,阳光驾校,十一培,2014/4/15 0:00,1980/3/11 0:00,雪佛兰牌,大众汽车牌,366368000000000000 ,574047000000000000 ,197303,195707,7,3,4,工作日,早高峰(7-9点),2015-04-09,2015年4月9日,阴 /小雨,11℃ / 7℃,东北风 ≤3级 /东北风 ≤3级,阴,小雨,11,7,东北风,≤3级,东北风,≤3级,day
2015-05-18 08:30:00,松山路,1、追尾的,负全部责任,不负责任,1,贵GAB537,白,1,贵GP1100,白,贵州省长安驾驶培训学校,十一培,2012/4/13 0:00,1995/2/16 0:00,-1,-1,354698000000000000 ,364548000000000000 ,198012,196102,8,0,5,工作日,早高峰(7-9点),2015-05-18,2015年5月18日,多云 /多云,25℃ / 18℃,东北风 ≤3级 /东北风 ≤3级,多云,多云,25,18,东北风,≤3级,东北风,≤3级,day
2015-05-26 09:00:00,花溪平桥,7、未按规定让行的 ,负全部责任,不负责任,1,贵A409C6,白色,1,贵A1055P,白色,铁二局驾校,十一培,2012/4/28 0:00,1995/5/3 0:00,解放牌,吉普,364556000000000000 ,364556000000000000 ,196904,197411,9,1,5,工作日,早高峰(7-9点),2015-05-26,2015年5月26日,阵雨 /雷阵雨,26℃ / 20℃,东南风 ≤3级 /东北风 ≤3级,阵雨,雷阵雨,26,20,东南风,≤3级,东北风,≤3级,day
2015-05-18 14:00:00,孟关汽车城,1、追尾的,负全部责任,不负责任,1,贵AV6558,白色,1,贵AKS344,白色,无,十一培,2006/9/28 0:00,1993/8/31 0:00,大众牌,五菱牌,36657551954151016X,364548000000000000 ,198109,196806,14,0,5,工作日,非高峰,2015-05-18,2015年5月18日,多云 /多云,25℃ / 18℃,东北风 ≤3级 /东北风 ≤3级,多云,多云,25,18,东北风,≤3级,东北风,≤3级,day
2015-05-26 15:00:00,百花大道,4、停车时未挂低速档、未拉驻车制动，导致车辆滑行的,负全部责任,不负责任,1,贵CBC742,白,1,贵A6BH43,黄,贵州平坝兴安机动车驾驶培训有限公司,十一培,2013/1/29 0:00,1988/7/6 0:00,-1,长安牌,36636251994164628X,364548000000000000 ,198809,195904,15,1,5,工作日,非高峰,2015-05-26,2015年5月26日,阵雨 /雷阵雨,26℃ / 20℃,东南风 ≤3级 /东北风 ≤3级,阵雨,雷阵雨,26,20,东南风,≤3级,东北风,≤3级,day
2015-05-19 09:58:00,建设路,8、依法应负全责的其他情形,负全部责任,不负责任,1,贵A8Q552,白,1,贵ADG693,红,路路达驾校（白云区）,十一培,2015/5/7 0:00,1990/6/7 0:00,-1,捷达牌,366064000000000000 ,364548000000000000 ,198305,196801,9,1,5,工作日,早高峰(7-9点),2015-05-19,2015年5月19日,阵雨 /大雨,25℃ / 18℃,东北风 ≤3级 /南风 ≤3级,阵雨,大雨,25,18,东北风,≤3级,南风,≤3级,day
2015-05-19 21:00:00,沙冲路口,9、不符合前8款规定或者双方同时具有上述情形的,负同等责任,负同等责任,1,贵A4AT32,白色,1,贵AE9555,白色,（南明区）阳光驾驶培训有限公司,十一培,2005/2/4 0:00,1989/2/8 0:00,大众汽车牌,雅阁,366369000000000000 ,364547000000000000 ,198212,195807,21,1,5,工作日,非高峰,2015-05-19,2015年5月19日,阵雨 /大雨,25℃ / 18℃,东北风 ≤3级 /南风 ≤3级,阵雨,大雨,25,18,东北风,≤3级,南风,≤3级,night
2015-05-29 09:00:00,望城坡,3、倒车的,负全部责任,不负责任,1,川X12086,白色,1,贵ACN245,白色,（经开区）十一驾驶培训有限公司,十一培,2007/12/17 0:00,1996/12/10 0:00,-1,丰田牌,356164000000000000 ,364547000000000000 ,197310,197410,9,4,5,工作日,早高峰(7-9点),2015-05-29,2015年5月29日,阵雨 /阵雨,24℃ / 17℃,东南风 ≤3级 /东北风 ≤3级,阵雨,阵雨,24,17,东南风,≤3级,东北风,≤3级,day
2015-05-29 07:00:00,小河转盘,7、未按规定让行的 ,负全部责任,不负责任,1,贵ART272,白色,1,贵A45122,白色,毕节地区黔中汽车(摩托车)驾驶培训学校,十一培,2012/1/19 0:00,1996/12/26 0:00,五菱牌,福克斯(FOCUS)牌,366068000000000000 ,364547000000000000 ,199308,194611,7,4,5,工作日,早高峰(7-9点),2015-05-29,2015年5月29日,阵雨 /阵雨,24℃ / 17℃,东南风 ≤3级 /东北风 ≤3级,阵雨,阵雨,24,17,东南风,≤3级,东北风,≤3级,day
2015-04-07 17:00:00,甲秀路,1、追尾的,负全部责任,不负责任,1,贵AKL744,黑,1,贵AYP598,黑,（乌当区）平安驾驶培训有限公司,十一培,2005/7/6 0:00,1993/10/6 0:00,英伦牌,别克牌,364548000000000000 ,364547000000000000 ,197801,197109,17,1,4,工作日,晚高峰(17-19点),2015-04-07,2015年4月7日,小雨 /小雨,9℃ / 5℃,东北风 ≤3级 /东北风 ≤3级,小雨,小雨,9,5,东北风,≤3级,东北风,≤3级,day
2015-05-29 07:00:00,友谊路,7、未按规定让行的 ,负全部责任,不负责任,1,贵A6854J,白色,1,贵AU6325,白色,顺一驾驶培训学校,十一培,2012/1/9 0:00,1998/1/21 0:00,长安牌,恒通客车牌,357475000000000000 ,366368000000000000 ,197303,197105,7,4,5,工作日,早高峰(7-9点),2015-05-29,2015年5月29日,阵雨 /阵雨,24℃ / 17℃,东南风 ≤3级 /东北风 ≤3级,阵雨,阵雨,24,17,东南风,≤3级,东北风,≤3级,day
2015-02-12 10:00:00,南明区解放路,1、追尾的,负全部责任,不负责任,1,贵AU5372,绿,1,贵AU8637,绿,遵义县南白机动车驾驶员培训学校,十一培,2011/3/17 0:00,1998/8/4 0:00,东风雪铁龙牌,瑞麒牌,366566000000000000 ,366361000000000000 ,199101,196804,10,3,2,工作日,非高峰,2015-02-12,2015年2月12日,多云 /多云,15℃ / 5℃,南风 ≤3级 /南风 ≤3级,多云,多云,15,5,南风,≤3级,南风,≤3级,day
2015-05-14 11:00:00,见龙洞路,1、追尾的,负全部责任,不负责任,1,贵A3BE96,红,1,贵ARL607,红,金大驾校,十一培,2012/11/23 0:00,1997/7/4 0:00,传祺牌,英伦牌,366363000000000000 ,364548000000000000 ,198405,195809,11,3,5,工作日,非高峰,2015-05-14,2015年5月14日,多云 /雷阵雨,27℃ / 20℃,东南风 ≤3级 /南风 ≤3级,多云,雷阵雨,27,20,东南风,≤3级,南风,≤3级,day
2015-05-17 14:00:00,花香村,1、追尾的,负全部责任,不负责任,1,贵A64P69,黑,1,贵A34E75,黑,（南明区）阳光驾驶培训有限公司,十一培,2009/3/17 0:00,1999/2/13 0:00,宝马牌,猎豹牌,364551000000000000 ,364548000000000000 ,198802,197605,14,6,5,周末,非高峰,2015-05-17,2015年5月17日,阵雨 /雷阵雨,25℃ / 17℃,东北风 ≤3级 /南风 ≤3级,阵雨,雷阵雨,25,17,东北风,≤3级,南风,≤3级,day
2015-02-05 08:30:00,大营坡,7、未按规定让行的 ,负全部责任,不负责任,0,贵FL5696,蓝,1,贵A58777,红,铁二局驾校,十一培,2012/3/10 0:00,1989/6/5 0:00,福克斯牌,天津,366361000000000000 ,364547000000000000 ,197312,195308,8,3,2,工作日,早高峰(7-9点),2015-02-05,2015年2月5日,阴 /阴,3℃ / 0℃,东北风 ≤3级 /东北风 ≤3级,阴,阴,3,0,东北风,≤3级,东北风,≤3级,day
2015-03-25 10:30:00,朱金璐,1、追尾的,负全部责任,不负责任,1,浙E9247F,黑,1,贵AU6542,黄,路路达驾校,十一培,2013/6/17 0:00,1986/4/3 0:00,吉奥牌,捷达牌,366046000000000000 ,364548000000000000 ,199109,196510,10,2,3,工作日,非高峰,2015-03-25,2015年3月25日,阴 /阵雨,14℃ / 9℃,东北风 ≤3级 /东北风 ≤3级,阴,阵雨,14,9,东北风,≤3级,东北风,≤3级,day
2015-04-11 17:30:00,枣山路,7、未按规定让行的 ,负全部责任,不负责任,1,贵AGP592,白,1,贵AP1929,白,长运驾校,十一培,2014/8/12 0:00,1996/7/12 0:00,长安牌,蒙德王牌,366367000000000000 ,364548000000000000 ,197008,197801,17,5,4,工作日,晚高峰(17-19点),2015-04-11,2015年4月11日,多云 /多云,15℃ / 9℃,东北风 ≤3级 /东风 ≤3级,多云,多云,15,9,东北风,≤3级,东风,≤3级,day
2015-04-02 10:00:00,新添寨,8、依法应负全责的其他情形,负全部责任,不负责任,1,贵AB4132,黑,1,贵AU6463,绿,吉源驾校,十一培,2014/12/16 0:00,1997/7/22 0:00,本田牌,陆胜牌,354366000000000000 ,364557000000000000 ,197302,197101,10,3,4,工作日,非高峰,2015-04-02,2015年4月2日,多云 /多云,30℃ / 18℃,南风 ≤3级 /南风 ≤3级,多云,多云,30,18,南风,≤3级,南风,≤3级,day
2015-04-13 10:00:00,花溪,7、未按规定让行的 ,负全部责任,不负责任,1,贵A845G2,白色,1,贵A26132,白色,消防驾校,十一培,2012/10/29 0:00,1985/2/26 0:00,江淮牌,夏利,366361000000000000 ,364556000000000000 ,198410,196412,10,0,4,工作日,非高峰,2015-04-13,2015年4月13日,晴 /多云,23℃ / 8℃,东北风 ≤3级 /东北风 ≤3级,晴,多云,23,8,东北风,≤3级,东北风,≤3级,day
2015-02-16 00:00:00,孟关汽车城,8、依法应负全责的其他情形,负全部责任,不负责任,1,贵DBL137,白色,1,贵JR7256,灰色,万山特区万吉驾驶员培训有限公司万顺驾校,十一培,2014/9/1 0:00,1990/6/8 0:00,马自达牌,钱江牌,366666000000000000 ,366876000000000000 ,198509,196211,0,0,2,工作日,非高峰,2015-02-16,2015年2月16日,阴 /阵雨,15℃ / 9℃,东北风 ≤3级 /东南风 ≤3级,阴,阵雨,15,9,东北风,≤3级,东南风,≤3级,night
2015-05-24 11:30:00,花溪大道,7、未按规定让行的 ,负全部责任,不负责任,1,贵FP5100,红,1,贵AAQ194,黄,大方大山汽车驾驶培训学校,十一培,2012/11/19 0:00,1993/2/25 0:00,-1,中华牌,366067000000000000 ,364547000000000000 ,197504,197411,11,6,5,周末,非高峰,2015-05-24,2015年5月24日,多云 /阴,24℃ / 18℃,东风 ≤3级 /东南风 ≤3级,多云,阴,24,18,东风,≤3级,东南风,≤3级,day
2015-05-26 06:40:00,金龙钢铝十字路口,7、未按规定让行的 ,负全部责任,不负责任,0,贵CB0584,红,1,贵GP0554,红,道真仡佬族苗族自治县驾驶员培训学校,十一培,2012/7/13 0:00,1996/10/23 0:00,-1,-1,366564000000000000 ,364558000000000000 ,197310,197606,6,1,5,工作日,非高峰,2015-05-26,2015年5月26日,阵雨 /雷阵雨,26℃ / 20℃,东南风 ≤3级 /东北风 ≤3级,阵雨,雷阵雨,26,20,东南风,≤3级,东北风,≤3级,day
2015-04-25 10:10:00,阳关,5、开关车门的,负全部责任,不负责任,1,贵AU0707,黄,1,贵AAB995,白,铁二局驾校,十一培,2011/10/18 0:00,1996/9/2 0:00,万达牌,钱江牌,366675000000000000 ,364558000000000000 ,198501,196806,10,5,4,工作日,非高峰,2015-04-25,2015年4月25日,阴 /阵雨,20℃ / 11℃,东风 ≤3级 /东南风 ≤3级,阴,阵雨,20,11,东风,≤3级,东南风,≤3级,day
2015-05-04 10:30:00,三桥,7、未按规定让行的 ,负全部责任,不负责任,1,贵A0M520,黑,1,贵AAG194,红,铁二局驾校,十一培,2011/6/15 0:00,1993/2/25 0:00,-1,东风雪铁龙牌,354367000000000000 ,364547000000000000 ,197307,197411,10,0,5,工作日,非高峰,2015-05-04,2015年5月4日,阵雨 /阵雨,20℃ / 14℃,东北风 ≤3级 /东北风 ≤3级,阵雨,阵雨,20,14,东北风,≤3级,东北风,≤3级,day
2015-02-02 20:30:00,双峰路,8、依法应负全责的其他情形,负全部责任,不负责任,1,贵ANG148,黄色,1,贵AS7984,白色,（南明区）铁二局驾驶培训有限公司,十一培,2008/5/16 0:00,1994/1/16 0:00,大众汽车牌,夏利牌,364548000000000000 ,364548000000000000 ,196411,197010,20,0,2,工作日,非高峰,2015-02-02,2015年2月2日,阴 /小雨,7℃ / 3℃,南风 ≤3级 /东南风 ≤3级,阴,小雨,7,3,南风,≤3级,东南风,≤3级,night
2015-04-30 14:00:00,大西门,7、未按规定让行的 ,负全部责任,不负责任,1,贵GA6638,白色,1,贵AU7494,白色,（南明区）铁二局驾驶培训有限公司,十一培,2005/11/8 0:00,1999/12/24 0:00,东风雪铁龙牌,银翔牌,734556000000000000 ,366561000000000000 ,197006,198004,14,3,4,工作日,非高峰,2015-04-30,2015年4月30日,阵雨 /阵雨,25℃ / 17℃,东南风 ≤3级 /东南风 ≤3级,阵雨,阵雨,25,17,东南风,≤3级,东南风,≤3级,day
2015-04-01 14:15:00,白云区,1、追尾的,负全部责任,不负责任,1,贵AKP797,银,1,贵GJ7728,黑,铁二局驾校,十一培,2010/8/17 0:00,1999/12/3 0:00,海马牌,豪爵牌,36656551884263245X,364558000000000000 ,197706,197111,14,2,4,工作日,非高峰,2015-04-01,2015年4月1日,多云 /多云,29℃ / 19℃,南风 ≤3级 /南风 ≤3级,多云,多云,29,19,南风,≤3级,南风,≤3级,day
2015-03-02 09:15:00,金朱东路,1、追尾的,负全部责任,不负责任,1,贵GY7172,黄,1,贵AB3869,银,铁二局驾校,十一培,2014/10/21 0:00,1996/10/11 0:00,荣威牌,丰田牌,364568000000000000 ,364557000000000000 ,198901,196802,9,0,3,工作日,早高峰(7-9点),2015-03-02,2015年3月2日,阴 /小雨,9℃ / 2℃,东北风 ≤3级 /东北风 ≤3级,阴,小雨,9,2,东北风,≤3级,东北风,≤3级,day
2015-04-10 18:00:00,人民广场,7、未按规定让行的 ,负全部责任,不负责任,0,贵CKW337,红,0,贵ACC678,白,铁二局驾校,十一培,2013/6/5 0:00,1997/4/22 0:00,大众牌,宝马牌,366546000000000000 ,364548000000000000 ,198005,196910,18,4,4,工作日,晚高峰(17-19点),2015-04-10,2015年4月10日,小雨 /小雨,12℃ / 8℃,东北风 ≤3级 /东北风 ≤3级,小雨,小雨,12,8,东北风,≤3级,东北风,≤3级,day
2015-03-22 12:30:00,三桥中坝路,7、未按规定让行的 ,负全部责任,不负责任,1,贵A13943,白色,1,贵A71N69,白色,大方县龙飞汽车(摩托车)驾驶培训学校,十一培,2010/12/15 0:00,1995/9/6 0:00,东本牌,思威牌,366067000000000000 ,366367000000000000 ,197512,196812,12,6,3,周末,非高峰,2015-03-22,2015年3月22日,阵雨 /阵雨,19℃ / 10℃,东南风 ≤3级 /东风 ≤3级,阵雨,阵雨,19,10,东南风,≤3级,东风,≤3级,day
2015-05-06 10:30:00,长江路,9、不符合前8款规定或者双方同时具有上述情形的,负同等责任,负同等责任,1,贵A7546N,白色,1,贵AKF824,白色,织金县织通驾驶培训学校,十一培,2010/7/8 0:00,1996/6/5 0:00,长安牌,东风日产牌,36606351994653383X,36454651344669745X,198802,195002,10,2,5,工作日,非高峰,2015-05-06,2015年5月6日,多云 /多云,25℃ / 16℃,东北风 ≤3级 /南风 ≤3级,多云,多云,25,16,东北风,≤3级,南风,≤3级,day
2015-05-16 09:00:00,小河浦江路,3、倒车的,负全部责任,不负责任,1,贵HBV323,白色,1,贵A76E28,白色,黔西县宏远黔职驾校有限公司,十一培,2013/11/28 0:00,1995/7/5 0:00,-1,吉利全球鹰牌,366068000000000000 ,364547000000000000 ,199306,195711,9,5,5,工作日,早高峰(7-9点),2015-05-16,2015年5月16日,阴 /雷阵雨,23℃ / 17℃,东北风 ≤3级 /东风 ≤3级,阴,雷阵雨,23,17,东北风,≤3级,东风,≤3级,day
2015-04-01 12:40:00,新添寨,1、追尾的,负全部责任,不负责任,1,贵A41R31,白,1,贵AU6177,蓝,黔南东方机动车驾驶培训学校,十一培,2012/1/7 0:00,1999/6/4 0:00,马自达牌,万达牌,364548000000000000 ,366067000000000000 ,197102,197701,12,2,4,工作日,非高峰,2015-04-01,2015年4月1日,多云 /多云,29℃ / 19℃,南风 ≤3级 /南风 ≤3级,多云,多云,29,19,南风,≤3级,南风,≤3级,day
2015-05-17 15:00:00,小车河,9、不符合前8款规定或者双方同时具有上述情形的,负同等责任,负同等责任,1,贵FJ2085,白色,1,贵A5BB29,白色,六盘水达安驾驶培训有限公司,十一培,2012/6/21 0:00,1994/8/21 0:00,-1,蒙迪欧牌,364646000000000000 ,364548000000000000 ,198509,196303,15,6,5,周末,非高峰,2015-05-17,2015年5月17日,阵雨 /雷阵雨,25℃ / 17℃,东北风 ≤3级 /南风 ≤3级,阵雨,雷阵雨,25,17,东北风,≤3级,南风,≤3级,day
2015-05-17 08:00:00,清溪路,7、未按规定让行的 ,负全部责任,不负责任,1,贵GC8124,白色,1,贵AFZ317,白色,安顺市鸿运驾校,十一培,2012/10/10 0:00,1994/10/24 0:00,-1,长安牌,366363000000000000 ,36634551244747493X,196911,196003,8,6,5,周末,早高峰(7-9点),2015-05-17,2015年5月17日,阵雨 /雷阵雨,25℃ / 17℃,东北风 ≤3级 /南风 ≤3级,阵雨,雷阵雨,25,17,东北风,≤3级,南风,≤3级,day
2015-03-06 00:00:00,瑞金南路,1、追尾的,负全部责任,不负责任,1,贵A7AH39,白色,1,贵AU9748,红色,（花溪区）高新十七驾驶培训有限公司,十一培,2006/3/28 0:00,1998/4/13 0:00,北京现代牌,瑞麒牌,364558000000000000 ,364551000000000000 ,196111,197907,0,4,3,工作日,非高峰,2015-03-06,2015年3月6日,小雨 /小雨,5℃ / 3℃,东北风 ≤3级 /东北风 ≤3级,小雨,小雨,5,3,东北风,≤3级,东北风,≤3级,night
2015-04-21 14:30:00,金珠路,8、依法应负全责的其他情形,负全部责任,不负责任,1,贵A9891K,黑,1,贵A63384,白,高新驾校,十一培,2012/6/29 0:00,1993/12/9 0:00,五菱牌,空,366868000000000000 ,364548000000000000 ,199202,196803,14,1,4,工作日,非高峰,2015-04-21,2015年4月21日,阴 /阵雨,17℃ / 10℃,东北风 ≤3级 /东北风 ≤3级,阴,阵雨,17,10,东北风,≤3级,东北风,≤3级,day
2015-03-23 10:40:00,会展城,8、依法应负全责的其他情形,负全部责任,不负责任,1,贵JAW664,白,1,贵CEA861,银,贵工驾校,十一培,2012/12/18 0:00,1990/11/12 0:00,奥迪牌,沃尔沃,366863000000000000 ,364547000000000000 ,198403,197007,10,0,3,工作日,非高峰,2015-03-23,2015年3月23日,多云 /阴,17℃ / 9℃,东北风 ≤3级 /东北风 ≤3级,多云,阴,17,9,东北风,≤3级,东北风,≤3级,day
2015-04-27 10:00:00,沙冲路,1、追尾的,负全部责任,不负责任,1,贵ANH749,白色,1,贵A68W43,白色,自培,十一培,2006/6/27 0:00,1999/6/7 0:00,北京现代牌,金杯牌,366347000000000000 ,366566000000000000 ,197510,197104,10,0,4,工作日,非高峰,2015-04-27,2015年4月27日,阴 /雷阵雨,21℃ / 14℃,东南风 ≤3级 /东北风 ≤3级,阴,雷阵雨,21,14,东南风,≤3级,东北风,≤3级,day
2015-04-09 00:00:00,花果园,7、未按规定让行的 ,负全部责任,不负责任,1,贵JAP922,白色,1,贵A91604,白色,十一驾驶培训有限公司,十一培,2012/7/16 0:00,1995/4/30 0:00,江铃牌,东南牌,364551000000000000 ,364547000000000000 ,198106,196405,0,3,4,工作日,非高峰,2015-04-09,2015年4月9日,阴 /小雨,11℃ / 7℃,东北风 ≤3级 /东北风 ≤3级,阴,小雨,11,7,东北风,≤3级,东北风,≤3级,night
2015-03-09 20:20:00,清水江路,8、依法应负全责的其他情形,负全部责任,不负责任,1,临贵A1E625,黑色,1,贵A0503A,白色,十一驾驶培训有限公司,十一培,2014/12/30 0:00,1996/2/10 0:00,-1,长安牌,364551000000000000 ,366364000000000000 ,198401,196412,20,0,3,工作日,非高峰,2015-03-09,2015年3月9日,小雨 /小雨,10℃ / 5℃,东北风 ≤3级 /东北风 ≤3级,小雨,小雨,10,5,东北风,≤3级,东北风,≤3级,night
2015-05-25 15:00:00,小河平桥,7、未按规定让行的 ,负全部责任,不负责任,1,贵A0224F,白色,1,贵A9P021,白色,自培,十一培,2014/2/17 0:00,1999/10/26 0:00,北京现代牌,-1,364556000000000000 ,364547000000000000 ,199412,197709,15,0,5,工作日,非高峰,2015-05-25,2015年5月25日,多云 /阵雨,26℃ / 19℃,东南风 ≤3级 /东南风 ≤3级,多云,阵雨,26,19,东南风,≤3级,东南风,≤3级,day
2015-05-15 16:00:00,油榨街,7、未按规定让行的 ,负全部责任,不负责任,1,贵A17F51,白色,1,贵AU0899,白色,贵州省长安驾驶培训学校,十一培,2010/12/3 0:00,1991/3/2 0:00,东风日产牌,东毅牌,364547000000000000 ,364548000000000000 ,198408,197002,16,4,5,工作日,非高峰,2015-05-15,2015年5月15日,阵雨 /阵雨,25℃ / 16℃,东北风 ≤3级 /东北风 ≤3级,阵雨,阵雨,25,16,东北风,≤3级,东北风,≤3级,day
2015-03-06 16:00:00,北京路,7、未按规定让行的 ,负全部责任,不负责任,0,贵FV0326,红,1,贵APL877,黑,贵州省长安驾驶培训学校,十一培,2014/5/14 0:00,1994/8/21 0:00,中华牌,吉利全球鹰牌,366068000000000000 ,364547000000000000 ,198804,196310,16,4,3,工作日,非高峰,2015-03-06,2015年3月6日,小雨 /小雨,5℃ / 3℃,东北风 ≤3级 /东北风 ≤3级,小雨,小雨,5,3,东北风,≤3级,东北风,≤3级,day
2015-03-08 18:00:00,花溪,1、追尾的,负全部责任,不负责任,1,贵JL5585,黑色,1,贵AV4707,黄色,贵州省长安驾驶培训学校,十一培,2013/11/25 0:00,1986/9/12 0:00,江淮牌,维拉克斯,356767000000000000 ,364547000000000000 ,196501,196112,18,6,3,周末,晚高峰(17-19点),2015-03-08,2015年3月8日,小雨 /阴,11℃ / 6℃,东北风 ≤3级 /东北风 ≤3级,小雨,阴,11,6,东北风,≤3级,东北风,≤3级,day
2015-03-06 18:53:00,汤巴关,1、追尾的,负全部责任,不负责任,1,贵FZ3951,银 ,1,贵AHC912,黑,（南明区）长安驾驶培训有限公司,十一培,2015/2/17 0:00,1985/5/15 0:00,江淮牌,东风雪铁龙牌,366067000000000000 ,366361000000000000 ,198310,196010,18,4,3,工作日,晚高峰(17-19点),2015-03-06,2015年3月6日,小雨 /小雨,5℃ / 3℃,东北风 ≤3级 /东北风 ≤3级,小雨,小雨,5,3,东北风,≤3级,东北风,≤3级,day
2015-05-22 20:45:00,头桥,1、追尾的,负全部责任,不负责任,1,贵AP7174,红,1,贵AC739Y,蓝,（南明区）长安驾驶培训有限公司,十一培,2009/5/14 0:00,1999/6/3 0:00,丰田(TOYOTA)牌,福克斯(FOCUS)牌,366061000000000000 ,364557000000000000 ,198810,196901,20,4,5,工作日,非高峰,2015-05-22,2015年5月22日,阵雨 /阵雨,19℃ / 14℃,东风 ≤3级 /东风 ≤3级,阵雨,阵雨,19,14,东风,≤3级,东风,≤3级,night
2015-02-12 11:30:00,花溪公园门口十字路口,1、追尾的,负全部责任,不负责任,1,贵A04840,白色,1,贵AEE684,白色,贵州省长安驾驶培训学校,十一培,2015/1/29 0:00,1990/5/10 0:00,力帆牌,宝马,366563000000000000 ,364556000000000000 ,198112,196005,11,3,2,工作日,非高峰,2015-02-12,2015年2月12日,多云 /多云,15℃ / 5℃,南风 ≤3级 /南风 ≤3级,多云,多云,15,5,南风,≤3级,南风,≤3级,day
2015-02-04 10:45:00,长江路,1、追尾的,负全部责任,不负责任,1,贵A7D964,灰色,1,贵AU6474,白色,顺一驾驶培训学校,十一培,2014/12/5 0:00,1999/5/18 0:00,五菱牌,国威牌,366067000000000000 ,364557000000000000 ,199309,197008,10,2,2,工作日,非高峰,2015-02-04,2015年2月4日,小雨 /小雨,4℃ / 0℃,东北风 ≤3级 /东北风 ≤3级,小雨,小雨,4,0,东北风,≤3级,东北风,≤3级,day
2015-04-15 16:40:00,省政府门口,7、未按规定让行的 ,负全部责任,不负责任,1,贵A34R21,白色,1,贵A7014,白色,顺一驾驶培训学校,十一培,2010/7/28 0:00,1999/10/29 0:00,思威牌,夏利,366864000000000000 ,364547000000000000 ,197212,196701,16,2,4,工作日,非高峰,2015-04-15,2015年4月15日,多云 /多云,24℃ / 16℃,东南风 ≤3级 /南风 ≤3级,多云,多云,24,16,东南风,≤3级,南风,≤3级,day
2015-05-19 08:00:00,小河黔江路,7、未按规定让行的 ,负全部责任,不负责任,1,粤A558JF,白色,1,贵H5478L,白色,顺一驾驶培训学校,十一培,2014/5/26 0:00,1985/2/21 0:00,-1,-1,364547000000000000 ,364547000000000000 ,197012,196410,8,1,5,工作日,早高峰(7-9点),2015-05-19,2015年5月19日,阵雨 /大雨,25℃ / 18℃,东北风 ≤3级 /南风 ≤3级,阵雨,大雨,25,18,东北风,≤3级,南风,≤3级,day
2015-05-08 21:00:00,皂角井,9、不符合前8款规定或者双方同时具有上述情形的,负同等责任,负同等责任,1,贵A0BK59,白色,1,贵AL6136,白色,顺一驾驶培训学校,十一培,2015/1/9 0:00,1985/3/23 0:00,长安牌,隆鑫牌,366566000000000000 ,364547000000000000 ,197602,195911,21,4,5,工作日,非高峰,2015-05-08,2015年5月8日,阵雨 /多云,25℃ / 15℃,东南风 ≤3级 /东北风 ≤3级,阵雨,多云,25,15,东南风,≤3级,东北风,≤3级,night
2015-02-04 16:00:00,花香村,7、未按规定让行的 ,负全部责任,不负责任,1,贵A503C6,白色,1,贵A07290,白色,青正驾校,十一培,2013/11/14 0:00,1995/3/7 0:00,力帆牌,长安,364547000000000000 ,364547000000000000 ,196205,197204,16,2,2,工作日,非高峰,2015-02-04,2015年2月4日,小雨 /小雨,4℃ / 0℃,东北风 ≤3级 /东北风 ≤3级,小雨,小雨,4,0,东北风,≤3级,东北风,≤3级,day
2015-04-15 14:30:00,花果园,7、未按规定让行的 ,负全部责任,不负责任,1,贵AGE793,银,1,贵AJY546,银,（清镇市）万里圣驾驶培训有限公司,十一培,2015/2/17 0:00,1993/2/24 0:00,吉利美日牌,豪情牌,364596000000000000 ,364547000000000000 ,197012,196202,14,2,4,工作日,非高峰,2015-04-15,2015年4月15日,多云 /多云,24℃ / 16℃,东南风 ≤3级 /南风 ≤3级,多云,多云,24,16,东南风,≤3级,南风,≤3级,day
2015-05-26 16:02:00,友谊路停车场,4、停车时未挂低速档、未拉驻车制动，导致车辆滑行的,负全部责任,不负责任,1,贵A5AF51,白,1,贵ATP565,白,（乌当区）平安驾驶培训有限公司,十一培,2007/6/11 0:00,1984/7/24 0:00,奥迪牌,大众汽车牌,36636751875553796X,364548000000000000 ,197311,195008,16,1,5,工作日,非高峰,2015-05-26,2015年5月26日,阵雨 /雷阵雨,26℃ / 20℃,东南风 ≤3级 /东北风 ≤3级,阵雨,雷阵雨,26,20,东南风,≤3级,东北风,≤3级,day
2015-03-03 15:02:00,西南环线,3、倒车的,负全部责任,不负责任,1,贵A8BA86,白色,1,贵A6845N,白色,自培,十一培,2012/5/8 0:00,1991/5/28 0:00,北京现代牌,东风牌,364547000000000000 ,364547000000000000 ,196704,195910,15,1,3,工作日,非高峰,2015-03-03,2015年3月3日,小雨 /小雨,8℃ / 3℃,东北风 ≤3级 /东北风 ≤3级,小雨,小雨,8,3,东北风,≤3级,东北风,≤3级,day
2015-04-11 12:00:00,兴关路,7、未按规定让行的 ,负全部责任,不负责任,1,贵CJK638,白色,1,贵AU0425,白色,贵阳金马驾驶培训有限公司,十一培,2012/5/9 0:00,1989/10/27 0:00,大众牌,宝来牌,64560500000000000 ,364547000000000000 ,197309,197110,12,5,4,工作日,非高峰,2015-04-11,2015年4月11日,多云 /多云,15℃ / 9℃,东北风 ≤3级 /东风 ≤3级,多云,多云,15,9,东北风,≤3级,东风,≤3级,day