accidenttime,accidentaddr,driver1fault,driver1responsibility,driver2responsibility,sex1,platenumber1,carcolor1,sex2,platenumber2,carcolor2,jxmc1,jxmc2,cclzrq1,cclzrq2,clpp1,clpp2,driver1license,driver2license,brith1,brith2,hour,weekday,month,is_weekday,peak_hour,date,日期,天气状况,气温,风力风向,day_wea,night_wea,day_tep,night_tep,day_wind_direction,day_wind_speed,night_wind_direction,night_wind_speed,segment
2015-05-11 08:10:00,瑞金南路,7、未按规定让行的 ,负全部责任,不负责任,1,贵A65N93,红,0,贵AU7433,黄,（花溪区）金马驾驶培训有限公司,十一培,2005/12/22 0:00,1998/8/25 0:00,大众汽车牌,桑塔纳牌,36636351874547627X,366368000000000000 ,197301,196712,8,0,5,工作日,早高峰(7-9点),2015-05-11,2015年5月11日,多云 /多云,24℃ / 13℃,东北风 ≤3级 /东北风 ≤3级,多云,多云,24,13,东北风,≤3级,东北风,≤3级,day
2015-05-20 13:50:00,西二环,7、未按规定让行的 ,负全部责任,不负责任,1,贵A62N76,黑,1,贵AA7084,黑,吉源驾校,十一培,2014/5/14 0:00,1995/10/24 0:00,沃尔沃,现代,364551000000000000 ,364548000000000000 ,199208,196209,13,2,5,工作日,非高峰,2015-05-20,2015年5月20日,阴 /阵雨,23℃ / 17℃,东北风 ≤3级 /东北风 ≤3级,阴,阵雨,23,17,东北风,≤3级,东北风,≤3级,day
2015-03-06 10:10:00,东山,8、依法应负全责的其他情形,负全部责任,不负责任,1,贵CNH254,白,1,贵AUS988,黄,吉源驾校,十一培,2014/7/14 0:00,1994/6/8 0:00,骏派牌,宝马,366575000000000000 ,364547000000000000 ,198212,197411,10,4,3,工作日,非高峰,2015-03-06,2015年3月6日,小雨 /小雨,5℃ / 3℃,东北风 ≤3级 /东北风 ≤3级,小雨,小雨,5,3,东北风,≤3级,东北风,≤3级,day
2015-03-25 10:10:00,铜仁路,7、未按规定让行的 ,负全部责任,不负责任,1,贵ASZ738,黑,1,贵JR4878,银,诚信驾驶培训学校,十一培,2012/8/8 0:00,1999/12/2 0:00,途威,比亚迪牌,364556000000000000 ,376770000000000000 ,199302,198011,10,2,3,工作日,非高峰,2015-03-25,2015年3月25日,阴 /阵雨,14℃ / 9℃,东北风 ≤3级 /东北风 ≤3级,阴,阵雨,14,9,东北风,≤3级,东北风,≤3级,day
2015-04-30 18:10:00,金阳,8、依法应负全责的其他情形,负全部责任,不负责任,1,贵HNN796,黑,1,贵A23H62,黑,诚信驾驶培训学校,十一培,2014/2/21 0:00,1996/11/5 0:00,-1,奥迪牌,25456051965568417X,364547000000000000 ,198211,195408,18,3,4,工作日,晚高峰(17-19点),2015-04-30,2015年4月30日,阵雨 /阵雨,25℃ / 17℃,东南风 ≤3级 /东南风 ≤3级,阵雨,阵雨,25,17,东南风,≤3级,东南风,≤3级,day
2015-05-18 08:30:00,北二环,1、追尾的,负全部责任,不负责任,1,贵GF3025,白,1,贵AHY379,红,（乌当区）全林驾驶培训有限公司,十一培,2009/4/13 0:00,1997/7/2 0:00,-1,轩逸牌,356164000000000000 ,366067000000000000 ,197512,196307,8,0,5,工作日,早高峰(7-9点),2015-05-18,2015年5月18日,多云 /多云,25℃ / 18℃,东北风 ≤3级 /东北风 ≤3级,多云,多云,25,18,东北风,≤3级,东北风,≤3级,day
2015-05-19 15:00:00,乌当区医院,8、依法应负全责的其他情形,负全部责任,不负责任,1,贵AST156,白色,1,贵A1051X,白色,（乌当区）全林驾驶培训有限公司,十一培,2008/5/5 0:00,1999/1/14 0:00,雪佛兰牌,吉利美日牌,364666000000000000 ,364557000000000000 ,198206,196510,15,1,5,工作日,非高峰,2015-05-19,2015年5月19日,阵雨 /大雨,25℃ / 18℃,东北风 ≤3级 /南风 ≤3级,阵雨,大雨,25,18,东北风,≤3级,南风,≤3级,day
2015-04-07 10:30:00,宅吉路,7、未按规定让行的 ,负全部责任,不负责任,1,贵A3G061,白,1,贵AR0111,白,全林驾校,十一培,2014/11/14 0:00,1993/11/21 0:00,雪佛兰牌,雪佛兰牌,366566000000000000 ,364547000000000000 ,198301,196903,10,1,4,工作日,非高峰,2015-04-07,2015年4月7日,小雨 /小雨,9℃ / 5℃,东北风 ≤3级 /东北风 ≤3级,小雨,小雨,9,5,东北风,≤3级,东北风,≤3级,day
2015-02-10 08:10:00,永乐路,1、追尾的,负全部责任,不负责任,1,贵AU3108,绿,1,贵AU5062,绿,（乌当区）全林驾驶培训有限公司,十一培,2006/7/20 0:00,1990/8/31 0:00,瑞麒牌,隆鑫牌,366367000000000000 ,364548000000000000 ,197802,195802,8,1,2,工作日,早高峰(7-9点),2015-02-10,2015年2月10日,小雨 /小雨,6℃ / 3℃,东北风 ≤3级 /东风 ≤3级,小雨,小雨,6,3,东北风,≤3级,东风,≤3级,day
2015-05-06 14:50:00,阳关小区,3、倒车的,负全部责任,不负责任,1,贵A1BK45,白,1,贵A6BA32,黑,自培,十一培,2009/11/11 0:00,1995/2/15 0:00,-1,海马牌,364548000000000000 ,364548000000000000 ,198905,196307,14,2,5,工作日,非高峰,2015-05-06,2015年5月6日,多云 /多云,25℃ / 16℃,东北风 ≤3级 /南风 ≤3级,多云,多云,25,16,东北风,≤3级,南风,≤3级,day
2015-03-27 17:35:00,省政府,7、未按规定让行的 ,负同等责任,负同等责任,1,贵A2AU21,红,1,贵A19456,黑,全林驾校,十一培,2012/1/29 0:00,1993/10/5 0:00,东风标致牌,钱江牌,364548000000000000 ,364548000000000000 ,198010,196409,17,4,3,工作日,晚高峰(17-19点),2015-03-27,2015年3月27日,阵雨 /阵雨,18℃ / 13℃,南风 ≤3级 /南风 ≤3级,阵雨,阵雨,18,13,南风,≤3级,南风,≤3级,day
2015-05-13 17:00:00,护国路,7、未按规定让行的 ,负全部责任,不负责任,0,贵A0M151,白,1,贵ANH582,白,全林驾校,十一培,2013/11/12 0:00,1999/8/10 0:00,-1,埃尔法,364548000000000000 ,364558000000000000 ,196810,197702,17,2,5,工作日,晚高峰(17-19点),2015-05-13,2015年5月13日,多云 /阵雨,26℃ / 19℃,东南风 ≤3级 /东南风 ≤3级,多云,阵雨,26,19,东南风,≤3级,东南风,≤3级,day
2015-02-02 14:30:00,云岩区贵开路,1、追尾的,负全部责任,不负责任,1,贵A21N76,黑色,1,贵A19388,黑色,全林驾校,十一培,2015/1/14 0:00,1987/4/7 0:00,丰田牌,北京现代牌,364548000000000000 ,364548000000000000 ,197308,196701,14,0,2,工作日,非高峰,2015-02-02,2015年2月2日,阴 /小雨,7℃ / 3℃,南风 ≤3级 /东南风 ≤3级,阴,小雨,7,3,南风,≤3级,东南风,≤3级,day
2015-03-19 12:45:00,小河,7、未按规定让行的 ,负全部责任,不负责任,1,贵AS8843,白色,1,贵AAU179,白色,凯信驾校,十一培,2014/4/23 0:00,1998/7/27 0:00,大众汽车牌,奥铃牌,364547000000000000 ,354669000000000000 ,197006,196508,12,3,3,工作日,非高峰,2015-03-19,2015年3月19日,多云 /阵雨,26℃ / 12℃,南风 ≤3级 /东北风 ≤3级,多云,阵雨,26,12,南风,≤3级,东北风,≤3级,day
2015-04-04 10:30:00,小河平桥,7、未按规定让行的 ,负全部责任,不负责任,1,临贵A2E869,白色,1,贵A2CB43,白色,凯信驾校,十一培,2015/1/16 0:00,1995/1/31 0:00,-1,长安牌,764764000000000000 ,36455551854859415X,196906,197107,10,5,4,工作日,非高峰,2015-04-04,2015年4月4日,多云 /多云,29℃ / 18℃,南风 ≤3级 /南风 ≤3级,多云,多云,29,18,南风,≤3级,南风,≤3级,day
2015-02-06 10:20:00,亚太学院路口,7、未按规定让行的 ,负全部责任,不负责任,1,贵JAM544,白色,1,贵AV6518,白色,凯信驾校,十一培,2015/1/5 0:00,1993/2/23 0:00,江铃牌,新阳光牌,366862000000000000 ,364548000000000000 ,198111,196802,10,4,2,工作日,非高峰,2015-02-06,2015年2月6日,多云 /小雨,9℃ / 2℃,南风 ≤3级 /南风 ≤3级,多云,小雨,9,2,南风,≤3级,南风,≤3级,day
2015-05-01 07:00:00,南垭路,1、追尾的,负全部责任,不负责任,1,贵A38M69,黄,1,贵A11V38,白,省交校,十一培,2011/10/14 0:00,1986/1/27 0:00,东风日产牌,吉利牌,364547000000000000 ,364558000000000000 ,196707,194811,7,4,5,工作日,早高峰(7-9点),2015-05-01,2015年5月1日,阵雨 /多云,25℃ / 14℃,东南风 ≤3级 /东北风 ≤3级,阵雨,多云,25,14,东南风,≤3级,东北风,≤3级,day
2015-03-16 15:10:00,长岭南路,7、未按规定让行的 ,负全部责任,不负责任,1,贵A9981R,黑,1,贵A99P24,黑,（云岩区）省交通职业技术驾驶培训学校,十一培,2008/3/3 0:00,1999/12/2 0:00,夏朗,风景,364547000000000000 ,376770000000000000 ,197708,198011,15,0,3,工作日,非高峰,2015-03-16,2015年3月16日,阴 /多云,20℃ / 15℃,南风 ≤3级 /南风 ≤3级,阴,多云,20,15,南风,≤3级,南风,≤3级,day
2015-05-01 10:30:00,湘雅村,1、追尾的,负全部责任,不负责任,1,贵ABX383,白色,1,贵AVC847,白色,省交校,十一培,2012/6/19 0:00,1993/3/16 0:00,众泰牌,思域牌,364548000000000000 ,364548000000000000 ,198806,197304,10,4,5,工作日,非高峰,2015-05-01,2015年5月1日,阵雨 /多云,25℃ / 14℃,东南风 ≤3级 /东北风 ≤3级,阵雨,多云,25,14,东南风,≤3级,东北风,≤3级,day
2015-05-29 17:00:00,遵义路,1、追尾的,负全部责任,不负责任,1,贵A17M97,白,1,贵AH5415,黑,市交校,十一培,2011/11/25 0:00,1994/10/23 0:00,起亚牌,建设牌,366577000000000000 ,366361000000000000 ,198903,197304,17,4,5,工作日,晚高峰(17-19点),2015-05-29,2015年5月29日,阵雨 /阵雨,24℃ / 17℃,东南风 ≤3级 /东北风 ≤3级,阵雨,阵雨,24,17,东南风,≤3级,东北风,≤3级,day
2015-05-19 20:30:00,龙泉苑街,1、追尾的,负全部责任,不负责任,0,贵A4BJ09,白,1,贵AEL523,红,（南明区）市交通职业技术驾驶培训学校,十一培,2008/5/27 0:00,1997/11/24 0:00,宝马牌,锋范牌,364548000000000000 ,364548000000000000 ,198606,195605,20,1,5,工作日,非高峰,2015-05-19,2015年5月19日,阵雨 /大雨,25℃ / 18℃,东北风 ≤3级 /南风 ≤3级,阵雨,大雨,25,18,东北风,≤3级,南风,≤3级,night
2015-04-03 21:00:00,西二环,1、追尾的,负全部责任,不负责任,1,贵A98374,白色,1,贵A9CA49,白色,（南明区）市交通职业技术驾驶培训学校,十一培,2015/2/17 0:00,1995/5/29 0:00,解放,奥迪,36606851104158845X,366070000000000000 ,199409,197603,21,4,4,工作日,非高峰,2015-04-03,2015年4月3日,多云 /多云,30℃ / 19℃,南风 ≤3级 /南风 ≤3级,多云,多云,30,19,南风,≤3级,南风,≤3级,night
2015-05-10 12:35:00,渔安隧道,1、追尾的,负全部责任,不负责任,1,贵A23L15,白,1,贵AVA271,红,贵大佳德驾驶培训学校,十一培,2014/12/15 0:00,1991/2/1 0:00,东南牌,科雷傲,364548000000000000 ,364547000000000000 ,198108,196811,12,6,5,周末,非高峰,2015-05-10,2015年5月10日,阵雨 /雷阵雨,25℃ / 14℃,南风 ≤3级 /南风 ≤3级,阵雨,雷阵雨,25,14,南风,≤3级,南风,≤3级,day
2015-02-16 20:30:00,乌当,3、倒车的,负全部责任,不负责任,1,贵A441G8,银,1,贵AJ4923,白,贵大佳德驾驶培训学校,十一培,2012/7/12 0:00,1997/12/17 0:00,江淮牌,隆鑫牌,364557000000000000 ,364557000000000000 ,197411,197308,20,0,2,工作日,非高峰,2015-02-16,2015年2月16日,阴 /阵雨,15℃ / 9℃,东北风 ≤3级 /东南风 ≤3级,阴,阵雨,15,9,东北风,≤3级,东南风,≤3级,night
2015-05-18 18:00:00,东站,1、追尾的,负全部责任,不负责任,1,贵AB934K,白色,1,贵AV7399,白色,贵大佳德驾驶培训学校,十一培,2011/7/18 0:00,1995/9/24 0:00,夏利牌,红旗,366564000000000000 ,366068000000000000 ,199203,196201,18,0,5,工作日,晚高峰(17-19点),2015-05-18,2015年5月18日,多云 /多云,25℃ / 18℃,东北风 ≤3级 /东北风 ≤3级,多云,多云,25,18,东北风,≤3级,东北风,≤3级,day
2015-03-05 10:30:00,花溪大道中段,1、追尾的,负全部责任,不负责任,1,贵A58C74,白色,1,贵AMP656,黑色,消防驾校,十一培,2012/10/10 0:00,1994/11/16 0:00,别克牌,福克斯牌,66645500000000000 ,364548000000000000 ,196401,196304,10,3,3,工作日,非高峰,2015-03-05,2015年3月5日,小雨 /小雨,4℃ / 1℃,东北风 ≤3级 /东北风 ≤3级,小雨,小雨,4,1,东北风,≤3级,东北风,≤3级,day
2015-05-01 22:00:00,乌当,7、未按规定让行的 ,负全部责任,不负责任,0,贵AB823A,红,1,贵A2BG81,白,（乌当区）新天驾驶培训有限公司,十一培,2005/12/1 0:00,1998/9/10 0:00,东风雪铁龙牌,神龙-富康牌,364557000000000000 ,364548000000000000 ,197102,198011,22,4,5,工作日,非高峰,2015-05-01,2015年5月1日,阵雨 /多云,25℃ / 14℃,东南风 ≤3级 /东北风 ≤3级,阵雨,多云,25,14,东南风,≤3级,东北风,≤3级,night
2015-05-22 09:50:00,黔灵山路,7、未按规定让行的 ,负全部责任,不负责任,1,贵A47L75,白,1,贵AS2856,白,新天驾校,十一培,2012/8/8 0:00,1997/6/12 0:00,福克斯牌,湘江牌,366067000000000000 ,364547000000000000 ,198212,197610,9,4,5,工作日,早高峰(7-9点),2015-05-22,2015年5月22日,阵雨 /阵雨,19℃ / 14℃,东风 ≤3级 /东风 ≤3级,阵雨,阵雨,19,14,东风,≤3级,东风,≤3级,day
2015-02-27 17:30:00,北京路,7、未按规定让行的 ,负全部责任,不负责任,0,贵AX6928,红,1,贵A52V71,红,（乌当区）新天驾驶培训有限公司,十一培,2006/11/20 0:00,1996/11/15 0:00,思域牌,东风日产牌,366546000000000000 ,364547000000000000 ,197512,197402,17,4,2,工作日,晚高峰(17-19点),2015-02-27,2015年2月27日,多云 /阵雨,21℃ / 5℃,南风 ≤3级 /南风 ≤3级,多云,阵雨,21,5,南风,≤3级,南风,≤3级,day
2015-04-10 17:20:00,八匹马,1、追尾的,负全部责任,不负责任,1,贵AU0865,蓝,1,贵AWZ839,白,（乌当区）新天驾驶培训有限公司,十一培,2006/6/28 0:00,1992/12/8 0:00,宝来牌,雷克萨斯,364557000000000000 ,364547000000000000 ,198606,197508,17,4,4,工作日,晚高峰(17-19点),2015-04-10,2015年4月10日,小雨 /小雨,12℃ / 8℃,东北风 ≤3级 /东北风 ≤3级,小雨,小雨,12,8,东北风,≤3级,东北风,≤3级,day
2015-05-06 10:10:00,浣纱桥,7、未按规定让行的 ,负全部责任,不负责任,1,贵AU4112,黄,1,贵AV5195,白,贵州省长安驾驶培训学校,十一培,2010/8/19 0:00,1993/12/29 0:00,精通牌,-1,366368000000000000 ,364547000000000000 ,197908,196810,10,2,5,工作日,非高峰,2015-05-06,2015年5月6日,多云 /多云,25℃ / 16℃,东北风 ≤3级 /南风 ≤3级,多云,多云,25,16,东北风,≤3级,南风,≤3级,day
2015-05-14 11:00:00,遵义路,1、追尾的,负全部责任,不负责任,1,贵GY5984,白色,1,贵AU6046,白色,新天驾校,十一培,2014/12/24 0:00,1993/6/1 0:00,-1,宇通牌,357267000000000000 ,364547000000000000 ,198202,197203,11,3,5,工作日,非高峰,2015-05-14,2015年5月14日,多云 /雷阵雨,27℃ / 20℃,东南风 ≤3级 /南风 ≤3级,多云,雷阵雨,27,20,东南风,≤3级,南风,≤3级,day
2015-02-07 16:10:00,改茶新村,7、未按规定让行的 ,负全部责任,不负责任,1,贵A8754W,黑,1,贵A87V95,银,新天驾校,十一培,2014/2/11 0:00,1988/5/29 0:00,思威牌,丰田牌,366562000000000000 ,364548000000000000 ,197903,195303,16,5,2,工作日,非高峰,2015-02-07,2015年2月7日,阴 /阴,8℃ / 3℃,东北风 ≤3级 /东北风 ≤3级,阴,阴,8,3,东北风,≤3级,东北风,≤3级,day
2015-05-19 09:30:00,莲花坡,7、未按规定让行的 ,负全部责任,不负责任,1,贵AMU152,白色,1,贵AU7276,白色,（南明区）长运驾驶培训有限公司,十一培,2008/1/28 0:00,1996/3/1 0:00,别克牌,福田牌,364548000000000000 ,364547000000000000 ,197601,197605,9,1,5,工作日,早高峰(7-9点),2015-05-19,2015年5月19日,阵雨 /大雨,25℃ / 18℃,东北风 ≤3级 /南风 ≤3级,阵雨,大雨,25,18,东北风,≤3级,南风,≤3级,day
2015-03-31 11:00:00,白云区,6、违反交通信号的,负全部责任,不负责任,1,贵HBE166,银,1,贵GP5731,黑,长运驾校,十一培,2013/11/6 0:00,1998/2/6 0:00,吉利美日牌,奥迪牌,364558000000000000 ,36455751874747645X,198404,197303,11,1,3,工作日,非高峰,2015-03-31,2015年3月31日,多云 /多云,28℃ / 19℃,南风 ≤3级 /南风 ≤3级,多云,多云,28,19,南风,≤3级,南风,≤3级,day
2015-03-22 20:50:00,白云区,1、追尾的,负全部责任,不负责任,1,贵A7924S,黄,1,贵ACX142,银,路路达驾校,十一培,2012/11/5 0:00,1997/8/15 0:00,长安牌,朗风牌,364558000000000000 ,364548000000000000 ,197710,195908,20,6,3,周末,非高峰,2015-03-22,2015年3月22日,阵雨 /阵雨,19℃ / 10℃,东南风 ≤3级 /东风 ≤3级,阵雨,阵雨,19,10,东南风,≤3级,东风,≤3级,night
2015-04-08 18:30:00,头桥,1、追尾的,负全部责任,不负责任,1,贵A67N23,银,0,贵AF6281,黑,（南明区）金大驾驶培训有限公司,十一培,2006/8/23 0:00,1990/8/26 0:00,长安牌,奥迪,366367000000000000 ,364557000000000000 ,197611,197201,18,2,4,工作日,晚高峰(17-19点),2015-04-08,2015年4月8日,小雨 /小雨,10℃ / 6℃,东北风 ≤3级 /东北风 ≤3级,小雨,小雨,10,6,东北风,≤3级,东北风,≤3级,day
2015-04-08 13:40:00,头桥,1、追尾的,负全部责任,不负责任,1,川X13045,银,1,贵AP9178,黑,路路达驾校,十一培,2014/10/8 0:00,1996/9/10 0:00,长安牌,力帆牌,364568000000000000 ,364551000000000000 ,199501,197603,13,2,4,工作日,非高峰,2015-04-08,2015年4月8日,小雨 /小雨,10℃ / 6℃,东北风 ≤3级 /东北风 ≤3级,小雨,小雨,10,6,东北风,≤3级,东北风,≤3级,day
2015-05-24 21:00:00,宝山北路,1、追尾的,负全部责任,不负责任,1,贵AU7842,白色,1,贵AU3439,白色,（南明区）阳光驾驶培训有限公司,十一培,2005/2/4 0:00,1996/1/3 0:00,安凯牌,大力神牌,366367000000000000 ,364548000000000000 ,198204,197801,21,6,5,周末,非高峰,2015-05-24,2015年5月24日,多云 /阴,24℃ / 18℃,东风 ≤3级 /东南风 ≤3级,多云,阴,24,18,东风,≤3级,东南风,≤3级,night
2015-04-22 08:00:00,黔灵山路,8、依法应负全责的其他情形,负全部责任,不负责任,1,贵AW492,银,1,贵AA0555,蓝,（观山湖区）蓝天驾驶培训有限公司,十一培,2005/2/5 0:00,1996/1/2 0:00,-1,永源,364547000000000000 ,364556000000000000 ,197106,196709,8,2,4,工作日,早高峰(7-9点),2015-04-22,2015年4月22日,小雨 /小雨,15℃ / 10℃,东北风 ≤3级 /东北风 ≤3级,小雨,小雨,15,10,东北风,≤3级,东北风,≤3级,day
2015-03-19 10:30:00,石林西路,8、依法应负全责的其他情形,负全部责任,不负责任,1,贵ARA375,黑,1,贵AU2297,蓝,（观山湖区）蓝天驾驶培训有限公司,十一培,2007/2/2 0:00,1989/2/8 0:00,英伦牌,宝来牌,364557000000000000 ,364547000000000000 ,196707,196003,10,3,3,工作日,非高峰,2015-03-19,2015年3月19日,多云 /阵雨,26℃ / 12℃,南风 ≤3级 /东北风 ≤3级,多云,阵雨,26,12,南风,≤3级,东北风,≤3级,day
2015-04-14 08:10:00,皂角井,1、追尾的,负全部责任,不负责任,1,冀F73006,白色,1,贵A48F75,白色,（观山湖区）蓝天驾驶培训有限公司,十一培,2005/2/3 0:00,1995/8/21 0:00,五菱牌,长安牌,36454751834867093X,364548000000000000 ,197507,196310,8,1,4,工作日,早高峰(7-9点),2015-04-14,2015年4月14日,晴 /多云,22℃ / 9℃,东风 ≤3级 /东风 ≤3级,晴,多云,22,9,东风,≤3级,东风,≤3级,day
2015-03-09 10:40:00,金阳客站,1、追尾的,负全部责任,不负责任,1,贵A1E606,蓝,1,贵AM6246,红,（观山湖区）蓝天驾驶培训有限公司,十一培,2005/2/3 0:00,1996/4/19 0:00,-1,神龙-富康,36454651884351745X,364557000000000000 ,197705,197011,10,0,3,工作日,非高峰,2015-03-09,2015年3月9日,小雨 /小雨,10℃ / 5℃,东北风 ≤3级 /东北风 ≤3级,小雨,小雨,10,5,东北风,≤3级,东北风,≤3级,day
2015-02-07 09:15:00,智慧龙城,7、未按规定让行的 ,负全部责任,不负责任,0,贵GY5795,红,1,贵FV9222,黑,市警校驾校,十一培,2014/8/11 0:00,1999/2/8 0:00,翼虎牌,五菱牌,364547000000000000 ,366347000000000000 ,196210,197001,9,5,2,工作日,早高峰(7-9点),2015-02-07,2015年2月7日,阴 /阴,8℃ / 3℃,东北风 ≤3级 /东北风 ≤3级,阴,阴,8,3,东北风,≤3级,东北风,≤3级,day
2015-04-13 08:00:00,富源路,7、未按规定让行的 ,负全部责任,不负责任,1,贵AP6156,白色,1,贵A86439,白色,市警校驾校,十一培,2013/7/11 0:00,1988/12/23 0:00,隆鑫牌,宇通牌,726662000000000000 ,364548000000000000 ,199110,196812,8,0,4,工作日,早高峰(7-9点),2015-04-13,2015年4月13日,晴 /多云,23℃ / 8℃,东北风 ≤3级 /东北风 ≤3级,晴,多云,23,8,东北风,≤3级,东北风,≤3级,day
2015-04-20 10:00:00,黔灵山路,1、追尾的,负全部责任,不负责任,1,贵ASM924,黑,1,贵ANB442,白,市警校驾校,十一培,2011/6/21 0:00,1996/2/14 0:00,别克牌,东风雪铁龙牌,726066000000000000 ,364558000000000000 ,198209,196009,10,0,4,工作日,非高峰,2015-04-20,2015年4月20日,阴 /阴,20℃ / 11℃,东北风 ≤3级 /东北风 ≤3级,阴,阴,20,11,东北风,≤3级,东北风,≤3级,day
2015-03-15 16:00:00,北京路,7、未按规定让行的 ,负全部责任,不负责任,1,贵A95N47,白,1,贵AU2219,绿,市警校驾校,十一培,2011/9/7 0:00,1986/4/22 0:00,沃尔沃,嘉陵牌,364548000000000000 ,36454751204545445X,197607,196401,16,6,3,周末,非高峰,2015-03-15,2015年3月15日,阴 /阴,18℃ / 13℃,东风 ≤3级 /南风 ≤3级,阴,阴,18,13,东风,≤3级,南风,≤3级,day
2015-03-07 10:00:00,大南门,1、追尾的,负全部责任,不负责任,1,贵A7G093,黑,1,贵AU7944,黄,时发驾校（云岩区）,十一培,2015/2/27 0:00,1998/1/19 0:00,别克牌,奇瑞牌,364548000000000000 ,366346000000000000 ,198703,197511,10,5,3,工作日,非高峰,2015-03-07,2015年3月7日,阴 /小雨,10℃ / 5℃,东风 ≤3级 /东南风 ≤3级,阴,小雨,10,5,东风,≤3级,东南风,≤3级,day
2015-04-02 16:00:00,头桥,7、未按规定让行的 ,负全部责任,不负责任,0,贵AAZ68X,银,1,贵AMP218,黄,时发驾校,十一培,2012/1/21 0:00,1990/8/13 0:00,-1,哈飞牌,364558000000000000 ,364548000000000000 ,198112,195705,16,3,4,工作日,非高峰,2015-04-02,2015年4月2日,多云 /多云,30℃ / 18℃,南风 ≤3级 /南风 ≤3级,多云,多云,30,18,南风,≤3级,南风,≤3级,day
2015-02-14 22:30:00,石板路,1、追尾的,负全部责任,不负责任,1,贵AU752,白色,1,贵AU7015,黑色,时发驾校,十一培,2011/3/7 0:00,1997/1/30 0:00,-1,飞肯牌,356168000000000000 ,364548000000000000 ,197308,196602,22,5,2,工作日,非高峰,2015-02-14,2015年2月14日,阵雨 /雷阵雨,16℃ / 10℃,南风 ≤3级 /南风 ≤3级,阵雨,雷阵雨,16,10,南风,≤3级,南风,≤3级,night
2015-04-30 08:35:00,沙冲北路,7、未按规定让行的 ,负全部责任,不负责任,1,贵AUA006,白色,1,贵AU6916,白色,（白云区）景宏驾驶培训有限公司,十一培,2007/6/15 0:00,1990/7/16 0:00,丰田牌,万达牌,366566000000000000 ,364547000000000000 ,197810,197104,8,3,4,工作日,早高峰(7-9点),2015-04-30,2015年4月30日,阵雨 /阵雨,25℃ / 17℃,东南风 ≤3级 /东南风 ≤3级,阵雨,阵雨,25,17,东南风,≤3级,东南风,≤3级,day
2015-02-08 16:00:00,西2菜场口,1、追尾的,负全部责任,不负责任,1,贵AA867F,白色,1,贵A46H23,白色,（白云区）景宏驾驶培训有限公司,十一培,2006/9/28 0:00,1997/8/26 0:00,翼搏牌,大众汽车牌,364551000000000000 ,366364000000000000 ,198801,196104,16,6,2,周末,非高峰,2015-02-08,2015年2月8日,阴 /阴,7℃ / 3℃,东北风 ≤3级 /南风 ≤3级,阴,阴,7,3,东北风,≤3级,南风,≤3级,day
2015-03-20 17:51:00,河滨公园,7、未按规定让行的 ,负全部责任,不负责任,1,贵A2BC31,白色,1,贵A9BE57,白色,景宏驾校,十一培,2012/9/27 0:00,1999/8/21 0:00,东风标致牌,东风标致牌,364558000000000000 ,364548000000000000 ,197308,197412,17,4,3,工作日,晚高峰(17-19点),2015-03-20,2015年3月20日,阴 /阵雨,14℃ / 10℃,东北风 ≤3级 /东北风 ≤3级,阴,阵雨,14,10,东北风,≤3级,东北风,≤3级,day
2015-02-07 09:30:00,白云区,7、未按规定让行的 ,负全部责任,不负责任,1,贵GE6541,黑,1,贵AP4093,黑,景宏驾校,十一培,2012/10/17 0:00,1987/3/21 0:00,长安,大阳牌,366347000000000000 ,366346000000000000 ,198101,194704,9,5,2,工作日,早高峰(7-9点),2015-02-07,2015年2月7日,阴 /阴,8℃ / 3℃,东北风 ≤3级 /东北风 ≤3级,阴,阴,8,3,东北风,≤3级,东北风,≤3级,day
2015-05-17 20:25:00,东山,3、倒车的,负全部责任,不负责任,0,贵AM5624,蓝,1,贵ARP358,红,（乌当区）新华驾驶培训有限公司,十一培,2007/4/29 0:00,1997/8/13 0:00,吉利美日牌,长安牌,364548000000000000 ,366064000000000000 ,198506,196504,20,6,5,周末,非高峰,2015-05-17,2015年5月17日,阵雨 /雷阵雨,25℃ / 17℃,东北风 ≤3级 /南风 ≤3级,阵雨,雷阵雨,25,17,东北风,≤3级,南风,≤3级,night
2015-05-25 08:00:00,田园北路,1、追尾的,负全部责任,不负责任,1,贵J68161,白色,1,贵A7201K,白色,毕节地区黔中汽车(摩托车)驾驶培训学校,十一培,2010/6/30 0:00,1996/12/25 0:00,-1,比亚迪牌,366068000000000000 ,364556000000000000 ,198811,197504,8,0,5,工作日,早高峰(7-9点),2015-05-25,2015年5月25日,多云 /阵雨,26℃ / 19℃,东南风 ≤3级 /东南风 ≤3级,多云,阵雨,26,19,东南风,≤3级,东南风,≤3级,day
2015-05-24 13:00:00,沙冲中路,7、未按规定让行的 ,负全部责任,不负责任,1,贵A89J83,白色,1,贵AU0781,白色,六盘水市天鹏驾驶学校,十一培,2010/8/27 0:00,1992/10/6 0:00,雪佛兰牌,宝来牌,364646000000000000 ,366368000000000000 ,199003,196606,13,6,5,周末,非高峰,2015-05-24,2015年5月24日,多云 /阴,24℃ / 18℃,东风 ≤3级 /东南风 ≤3级,多云,阴,24,18,东风,≤3级,东南风,≤3级,day