accidenttime,accidentaddr,driver1fault,driver1responsibility,driver2responsibility,sex1,platenumber1,carcolor1,sex2,platenumber2,carcolor2,jxmc1,jxmc2,cclzrq1,cclzrq2,clpp1,clpp2,driver1license,driver2license,brith1,brith2,hour,weekday,month,is_weekday,peak_hour,date,日期,天气状况,气温,风力风向,day_wea,night_wea,day_tep,night_tep,day_wind_direction,day_wind_speed,night_wind_direction,night_wind_speed,segment
2015-05-06 08:00:00,改茶路,7、未按规定让行的 ,负全部责任,不负责任,1,贵A621B2,红,0,贵A2AM79,白,绥阳县平安机动车驾驶员培训学校,十一培,2011/1/7 0:00,1994/1/18 0:00,时风牌,东风雪铁龙牌,366568000000000000 ,364548000000000000 ,196410,195903,8,2,5,工作日,早高峰(7-9点),2015-05-06,2015年5月6日,多云 /多云,25℃ / 16℃,东北风 ≤3级 /南风 ≤3级,多云,多云,25,16,东北风,≤3级,南风,≤3级,day
2015-03-22 15:38:00,白云区,7、未按规定让行的 ,负全部责任,不负责任,1,贵CFK099,红,1,贵A55V26,黑,贵州省湄潭县汽车驾驶培训学校,十一培,2011/6/21 0:00,1999/2/11 0:00,五菱牌,丰田牌,366570000000000000 ,364558000000000000 ,199109,197801,15,6,3,周末,非高峰,2015-03-22,2015年3月22日,阵雨 /阵雨,19℃ / 10℃,东南风 ≤3级 /东风 ≤3级,阵雨,阵雨,19,10,东南风,≤3级,东风,≤3级,day
2015-03-22 15:38:00,白云区,8、依法应负全责的其他情形,负全部责任,不负责任,1,贵CFK099,红,1,贵A55V26,黑,贵州省湄潭县汽车驾驶培训学校,十一培,2011/6/21 0:00,1999/2/11 0:00,五菱牌,丰田牌,366570000000000000 ,364558000000000000 ,199109,197801,15,6,3,周末,非高峰,2015-03-22,2015年3月22日,阵雨 /阵雨,19℃ / 10℃,东南风 ≤3级 /东风 ≤3级,阵雨,阵雨,19,10,东南风,≤3级,东风,≤3级,day
2015-04-13 17:30:00,都思路,7、未按规定让行的 ,负全部责任,不负责任,1,贵A37C17,白,0,贵AU6099,蓝,自培,十一培,2005/8/24 0:00,1993/4/22 0:00,雷克萨斯,丰田牌,364548000000000000 ,364548000000000000 ,198603,197203,17,0,4,工作日,晚高峰(17-19点),2015-04-13,2015年4月13日,晴 /多云,23℃ / 8℃,东北风 ≤3级 /东北风 ≤3级,晴,多云,23,8,东北风,≤3级,东北风,≤3级,day
2015-05-04 16:20:00,白云工装加油站,1、追尾的,负全部责任,不负责任,1,贵A0233H,白,1,贵JP8358,白 ,铁二局驾校,十一培,2011/12/19 0:00,1994/12/5 0:00,-1,-1,364568000000000000 ,364558000000000000 ,199009,196711,16,0,5,工作日,非高峰,2015-05-04,2015年5月4日,阵雨 /阵雨,20℃ / 14℃,东北风 ≤3级 /东北风 ≤3级,阵雨,阵雨,20,14,东北风,≤3级,东北风,≤3级,day
2015-05-08 11:20:00,长岭南路,1、追尾的,负全部责任,不负责任,1,贵A33018,白,1,贵A0896U,黑,铁二局驾校,十一培,2010/4/20 0:00,1995/6/12 0:00,福田牌,宝马牌,364568000000000000 ,364558000000000000 ,198801,196311,11,4,5,工作日,非高峰,2015-05-08,2015年5月8日,阵雨 /多云,25℃ / 15℃,东南风 ≤3级 /东北风 ≤3级,阵雨,多云,25,15,东南风,≤3级,东北风,≤3级,day
2015-02-25 17:03:00,观水路铁二院,1、追尾的,负全部责任,不负责任,1,贵A74G48,白色,1,贵AAC148,白色,铁二局驾校,十一培,2011/4/12 0:00,1997/3/19 0:00,马自达牌,桑塔纳牌,364547000000000000 ,364548000000000000 ,198504,196310,17,2,2,工作日,晚高峰(17-19点),2015-02-25,2015年2月25日,阴 /阵雨,15℃ / 8℃,东北风 ≤3级 /东北风 ≤3级,阴,阵雨,15,8,东北风,≤3级,东北风,≤3级,day
2015-02-26 17:05:00,贵开路,7、未按规定让行的 ,负全部责任,不负责任,1,贵AU2246,白色,1,贵AU6108,白色,铁二局驾校,十一培,2010/6/11 0:00,1998/12/3 0:00,宝来牌,东风雪铁龙,364547000000000000 ,366868000000000000 ,196406,197712,17,3,2,工作日,晚高峰(17-19点),2015-02-26,2015年2月26日,阴 /小雨,12℃ / 9℃,东风 ≤3级 /南风 ≤3级,阴,小雨,12,9,东风,≤3级,南风,≤3级,day
2015-04-09 10:30:00,金珠西路,1、追尾的,负全部责任,不负责任,1,贵A34181,红,1,贵A7AY92,银,铁二局驾校,十一培,2012/4/13 0:00,1995/10/30 0:00,隆鑫牌,丰田牌,366367000000000000 ,364557000000000000 ,197505,197307,10,3,4,工作日,非高峰,2015-04-09,2015年4月9日,阴 /小雨,11℃ / 7℃,东北风 ≤3级 /东北风 ≤3级,阴,小雨,11,7,东北风,≤3级,东北风,≤3级,day
2015-04-03 10:20:00,白云区,7、未按规定让行的 ,负全部责任,不负责任,1,渝B32145,红,1,贵AKW948,红,铁二局驾校,十一培,2012/4/13 0:00,1997/6/26 0:00,无,雪佛兰牌,366367000000000000 ,366364000000000000 ,197505,197305,10,4,4,工作日,非高峰,2015-04-03,2015年4月3日,多云 /多云,30℃ / 19℃,南风 ≤3级 /南风 ≤3级,多云,多云,30,19,南风,≤3级,南风,≤3级,day
2015-04-28 07:15:00,师大,8、依法应负全责的其他情形,负全部责任,不负责任,1,贵A73R75,黑,1,贵AKS145,黑,自培,十一培,2009/5/5 0:00,1986/9/22 0:00,福克斯牌,别克牌,366567000000000000 ,364548000000000000 ,196804,195501,7,1,4,工作日,早高峰(7-9点),2015-04-28,2015年4月28日,多云 /多云,25℃ / 15℃,东北风 ≤3级 /东北风 ≤3级,多云,多云,25,15,东北风,≤3级,东北风,≤3级,day
2015-05-04 08:20:00,北京西路,3、倒车的,负全部责任,不负责任,1,贵CPG911,黑,1,贵AG1616,白,铁二局驾校,十一培,2014/1/8 0:00,1995/12/23 0:00,-1,万虎牌,366575000000000000 ,366347000000000000 ,197209,197709,8,0,5,工作日,早高峰(7-9点),2015-05-04,2015年5月4日,阵雨 /阵雨,20℃ / 14℃,东北风 ≤3级 /东北风 ≤3级,阵雨,阵雨,20,14,东北风,≤3级,东北风,≤3级,day
2015-05-22 08:00:00,铝建路,1、追尾的,负全部责任,不负责任,1,贵A20416,白,1,贵AU0886,白,铁二局驾校,十一培,2011/8/29 0:00,1999/3/30 0:00,中联牌,嘉隆牌,36456551915441695X,364558000000000000 ,198910,198102,8,4,5,工作日,早高峰(7-9点),2015-05-22,2015年5月22日,阵雨 /阵雨,19℃ / 14℃,东风 ≤3级 /东风 ≤3级,阵雨,阵雨,19,14,东风,≤3级,东风,≤3级,day
2015-05-08 12:45:00,众佳合力搅拌站,1、追尾的,负全部责任,不负责任,1,贵A09985,白,1,贵A09929,白,铁二局驾校,十一培,2012/7/17 0:00,1990/4/2 0:00,空,东风日产柴牌,366347000000000000 ,364548000000000000 ,197807,195711,12,4,5,工作日,非高峰,2015-05-08,2015年5月8日,阵雨 /多云,25℃ / 15℃,东南风 ≤3级 /东北风 ≤3级,阵雨,多云,25,15,东南风,≤3级,东北风,≤3级,day
2015-03-07 08:40:00,毓秀路,8、依法应负全责的其他情形,负全部责任,不负责任,0,贵A25W79,红,1,贵AU6847,红,六盘水里程驾驶培训有限公司,十一培,2007/1/8 0:00,1999/7/15 0:00,宝马牌,恒通客车牌,364548000000000000 ,364551000000000000 ,198311,197906,8,5,3,工作日,早高峰(7-9点),2015-03-07,2015年3月7日,阴 /小雨,10℃ / 5℃,东风 ≤3级 /东南风 ≤3级,阴,小雨,10,5,东风,≤3级,东南风,≤3级,day
2015-03-30 16:30:00,管山洞里,1、追尾的,负全部责任,不负责任,1,贵A94Z23,银,1,贵ACB693,黑,黔西县宏远黔职驾校有限公司,十一培,2011/5/3 0:00,1998/9/24 0:00,长安牌,长城牌,366068000000000000 ,36454651234852608X,198811,196507,16,0,3,工作日,非高峰,2015-03-30,2015年3月30日,晴 /多云,24℃ / 17℃,南风 ≤3级 /南风 ≤3级,晴,多云,24,17,南风,≤3级,南风,≤3级,day
2015-04-01 03:00:00,园林路,7、未按规定让行的 ,负全部责任,不负责任,1,贵A0804P,白色,1,贵ACQ264,白色,黔西县宏远黔职驾校有限公司,十一培,2010/6/7 0:00,1997/10/14 0:00,五菱牌,丰田牌,366068000000000000 ,364547000000000000 ,199107,196205,3,2,4,工作日,非高峰,2015-04-01,2015年4月1日,多云 /多云,29℃ / 19℃,南风 ≤3级 /南风 ≤3级,多云,多云,29,19,南风,≤3级,南风,≤3级,night
2015-05-16 15:42:00,丽阳天下,8、依法应负全责的其他情形,负全部责任,不负责任,0,贵GZ4841,白,1,贵A41N47,白,镇宁县宏伟汽车有限责任公司汽车（摩托车培训学校）,十一培,2013/2/5 0:00,1995/6/28 0:00,-1,沃尔沃牌,366362000000000000 ,366064000000000000 ,199107,197606,15,5,5,工作日,非高峰,2015-05-16,2015年5月16日,阴 /雷阵雨,23℃ / 17℃,东北风 ≤3级 /东风 ≤3级,阴,雷阵雨,23,17,东北风,≤3级,东风,≤3级,day
2015-04-10 18:00:00,航天路,1、追尾的,负全部责任,不负责任,1,贵AU4295,白色,1,贵JBH642,白色,安顺市平坝驾校,十一培,2012/1/12 0:00,1994/12/5 0:00,豪爵牌,长安牌,366363000000000000 ,364547000000000000 ,198611,196811,18,4,4,工作日,晚高峰(17-19点),2015-04-10,2015年4月10日,小雨 /小雨,12℃ / 8℃,东北风 ≤3级 /东北风 ≤3级,小雨,小雨,12,8,东北风,≤3级,东北风,≤3级,day
2015-03-11 18:10:00,白云南路,5、开关车门的,负全部责任,不负责任,1,贵HAQ122,银,1,贵AJ3361,银,黔东南州广发机动车驾驶培训学校,十一培,2009/9/28 0:00,1997/5/20 0:00,吉利美日牌,嘉陵牌,366262000000000000 ,36455751884169695X,198607,197709,18,2,3,工作日,晚高峰(17-19点),2015-03-11,2015年3月11日,阴 /小雨,8℃ / 4℃,东北风 ≤3级 /东北风 ≤3级,阴,小雨,8,4,东北风,≤3级,东北风,≤3级,day
2015-04-15 19:40:00,文昌南路,3、倒车的,负全部责任,不负责任,1,贵A67R25,白色,1,贵ACN414,白色,自培,十一培,2013/9/26 0:00,1996/7/30 0:00,五菱牌,豪情牌,366566000000000000 ,364547000000000000 ,199501,197803,19,2,4,工作日,晚高峰(17-19点),2015-04-15,2015年4月15日,多云 /多云,24℃ / 16℃,东南风 ≤3级 /南风 ≤3级,多云,多云,24,16,东南风,≤3级,南风,≤3级,day
2015-04-09 09:30:00,金珠西路,8、依法应负全责的其他情形,负全部责任,不负责任,1,贵AU3915,黑,1,贵AJH848,蓝,（花溪区）高新十七驾驶培训有限公司,十一培,2006/1/24 0:00,1996/5/30 0:00,钱江牌,东风牌,366068000000000000 ,364548000000000000 ,196501,197405,9,3,4,工作日,早高峰(7-9点),2015-04-09,2015年4月9日,阴 /小雨,11℃ / 7℃,东北风 ≤3级 /东北风 ≤3级,阴,小雨,11,7,东北风,≤3级,东北风,≤3级,day
2015-05-13 16:30:00,水口寺,1、追尾的,负全部责任,不负责任,1,贵AV5102,白色,1,贵ABK926,白色,（花溪区）高新十七驾驶培训有限公司,十一培,2005/11/3 0:00,1998/4/23 0:00,梅赛德斯-奔驰牌,东风日产牌,364548000000000000 ,364547000000000000 ,198411,196108,16,2,5,工作日,非高峰,2015-05-13,2015年5月13日,多云 /阵雨,26℃ / 19℃,东南风 ≤3级 /东南风 ≤3级,多云,阵雨,26,19,东南风,≤3级,东南风,≤3级,day
2015-03-09 13:00:00,南明区,5、开关车门的,负全部责任,不负责任,1,贵EP3912,白色,1,贵A16Z16,白色,黔西南州驾驶培训学校有限公司,十一培,2011/1/4 0:00,1998/7/6 0:00,福田牌,思威牌,366767000000000000 ,364557000000000000 ,198904,197706,13,0,3,工作日,非高峰,2015-03-09,2015年3月9日,小雨 /小雨,10℃ / 5℃,东北风 ≤3级 /东北风 ≤3级,小雨,小雨,10,5,东北风,≤3级,东北风,≤3级,day
2015-04-10 13:05:00,瑞金北路,3、倒车的,负全部责任,不负责任,1,贵AWC469,银,1,贵A76F76,银,高新驾校,十一培,2012/8/10 0:00,1993/10/22 0:00,别克,宝马牌,364547000000000000 ,364548000000000000 ,199112,196802,13,4,4,工作日,非高峰,2015-04-10,2015年4月10日,小雨 /小雨,12℃ / 8℃,东北风 ≤3级 /东北风 ≤3级,小雨,小雨,12,8,东北风,≤3级,东北风,≤3级,day
2015-03-22 20:10:00,飞山街,1、追尾的,负全部责任,不负责任,1,贵A52J45,黑,1,贵AU5462,绿,贵大驾校,十一培,2010/3/2 0:00,1995/3/21 0:00,福克斯牌,大阳牌,364556000000000000 ,366364000000000000 ,198908,196711,20,6,3,周末,非高峰,2015-03-22,2015年3月22日,阵雨 /阵雨,19℃ / 10℃,东南风 ≤3级 /东风 ≤3级,阵雨,阵雨,19,10,东南风,≤3级,东风,≤3级,night
2015-05-03 16:50:00,金阳,3、倒车的,负全部责任,不负责任,1,贵A23712,红,1,贵AU4314,黑,（经开区）十一驾驶培训有限公司,十一培,2006/6/27 0:00,1995/6/3 0:00,中联牌,捷达牌,36636751974155705X,364548000000000000 ,198309,195806,16,6,5,周末,非高峰,2015-05-03,2015年5月3日,阵雨 /阵雨,25℃ / 15℃,东北风 ≤3级 /东北风 ≤3级,阵雨,阵雨,25,15,东北风,≤3级,东北风,≤3级,day
2015-02-10 20:30:00,艺校立交桥,7、未按规定让行的 ,负全部责任,不负责任,1,贵A12W95,白色,1,贵AWB972,黑色,（经开区）十一驾驶培训有限公司,十一培,2008/1/4 0:00,1993/3/28 0:00,东风日产牌,颐达,36656551934240345X,364548000000000000 ,198506,196409,20,1,2,工作日,非高峰,2015-02-10,2015年2月10日,小雨 /小雨,6℃ / 3℃,东北风 ≤3级 /东风 ≤3级,小雨,小雨,6,3,东北风,≤3级,东风,≤3级,night
2015-04-27 08:00:00,博物馆,9、不符合前8款规定或者双方同时具有上述情形的,负同等责任,负同等责任,1,贵A27E36,白色,1,贵AU7608,白色,贵州省长安驾驶培训学校,十一培,2012/9/25 0:00,1993/11/10 0:00,东风标致牌,恒通客车牌,364547000000000000 ,364556000000000000 ,196811,197303,8,0,4,工作日,早高峰(7-9点),2015-04-27,2015年4月27日,阴 /雷阵雨,21℃ / 14℃,东南风 ≤3级 /东北风 ≤3级,阴,雷阵雨,21,14,东南风,≤3级,东北风,≤3级,day
2015-04-15 01:10:00,梦草路,3、倒车的,负全部责任,不负责任,1,贵AXA933,黑,1,贵A24Z37,黑,青正驾校,十一培,2013/11/29 0:00,1995/1/30 0:00,北京现代牌,金杯牌,364566000000000000 ,364547000000000000 ,198601,197007,1,2,4,工作日,非高峰,2015-04-15,2015年4月15日,多云 /多云,24℃ / 16℃,东南风 ≤3级 /南风 ≤3级,多云,多云,24,16,东南风,≤3级,南风,≤3级,night
2015-03-29 13:20:00,武当,1、追尾的,负全部责任,不负责任,1,贵AA527B,银,1,贵AAF636,白,贵州平安驾驶培训学校,十一培,2011/6/27 0:00,1996/11/19 0:00,吉利牌,东风牌,366061000000000000 ,364557000000000000 ,198811,197612,13,6,3,周末,非高峰,2015-03-29,2015年3月29日,阴 /多云,18℃ / 15℃,东风 ≤3级 /南风 ≤3级,阴,多云,18,15,东风,≤3级,南风,≤3级,day
2015-04-23 17:40:00,水东路,8、依法应负全责的其他情形,负全部责任,不负责任,1,贵A622G5,蓝,1,贵AHN614,银,自培,十一培,2012/12/20 0:00,1994/12/19 0:00,时风牌,丰田牌,366067000000000000 ,364548000000000000 ,198810,197512,17,3,4,工作日,晚高峰(17-19点),2015-04-23,2015年4月23日,阴 /小雨,16℃ / 10℃,东北风 ≤3级 /东北风 ≤3级,阴,小雨,16,10,东北风,≤3级,东北风,≤3级,day
2015-02-04 17:40:00,省军区,1、追尾的,负全部责任,不负责任,1,贵A7B255,黑,1,贵AKX443,白,（乌当区）平安驾驶培训有限公司,十一培,2008/12/4 0:00,1991/12/11 0:00,科雷敖1997CC,梅赛德斯-奔驰2996CC,366564000000000000 ,36454651864346705X,197909,197205,17,2,2,工作日,晚高峰(17-19点),2015-02-04,2015年2月4日,小雨 /小雨,4℃ / 0℃,东北风 ≤3级 /东北风 ≤3级,小雨,小雨,4,0,东北风,≤3级,东北风,≤3级,day
2015-02-12 09:00:00,瑞金南路,7、未按规定让行的 ,负全部责任,不负责任,1,贵A58E96,白色,1,贵AU6446,白色,（乌当区）平安驾驶培训有限公司,十一培,2007/1/18 0:00,1991/10/21 0:00,雪佛兰牌,宇通牌,366267000000000000 ,364548000000000000 ,198303,197211,9,3,2,工作日,早高峰(7-9点),2015-02-12,2015年2月12日,多云 /多云,15℃ / 5℃,南风 ≤3级 /南风 ≤3级,多云,多云,15,5,南风,≤3级,南风,≤3级,day
2015-05-04 09:10:00,北京路,1、追尾的,负全部责任,不负责任,1,贵AJK916,白,1,贵ADY851,白,自培,十一培,2006/4/29 0:00,1995/4/26 0:00,五菱牌,明锐牌,366068000000000000 ,364548000000000000 ,196303,196110,9,0,5,工作日,早高峰(7-9点),2015-05-04,2015年5月4日,阵雨 /阵雨,20℃ / 14℃,东北风 ≤3级 /东北风 ≤3级,阵雨,阵雨,20,14,东北风,≤3级,东北风,≤3级,day
2015-02-11 08:30:00,二铺,7、未按规定让行的 ,负全部责任,不负责任,1,贵AA2101,银,1,贵A35002,黑,黔丰驾校,十一培,2015/1/26 0:00,1993/3/16 0:00,帕萨特,青年牌,366567000000000000 ,364547000000000000 ,197202,197303,8,2,2,工作日,早高峰(7-9点),2015-02-11,2015年2月11日,多云 /多云,11℃ / 3℃,东风 ≤3级 /东北风 ≤3级,多云,多云,11,3,东风,≤3级,东北风,≤3级,day
2015-03-16 08:20:00,电视机厂,7、未按规定让行的 ,负全部责任,不负责任,1,贵A9538G,白色,1,贵A13K82,白色,（南明区）现代驾驶培训有限公司,十一培,2008/5/29 0:00,1996/9/10 0:00,五菱牌,东风雪铁龙牌,366369000000000000 ,364547000000000000 ,197406,197102,8,0,3,工作日,早高峰(7-9点),2015-03-16,2015年3月16日,阴 /多云,20℃ / 15℃,南风 ≤3级 /南风 ≤3级,阴,多云,20,15,南风,≤3级,南风,≤3级,day
2015-03-21 09:50:00,小河乐街,3、倒车的,负全部责任,不负责任,1,贵A4BM69,黑色,1,贵A77D27,白色,吉源驾校,十一培,2014/12/22 0:00,1993/10/10 0:00,骏派牌,大众牌,364556000000000000 ,364547000000000000 ,197106,196006,9,5,3,工作日,早高峰(7-9点),2015-03-21,2015年3月21日,阴 /阴,16℃ / 11℃,东北风 ≤3级 /东南风 ≤3级,阴,阴,16,11,东北风,≤3级,东南风,≤3级,day
2015-03-29 12:00:00,贵惠大道,7、未按规定让行的 ,负全部责任,不负责任,1,贵DV6675,白色,1,贵A6BM68,白色,（南明区）吉源驾驶培训有限公司,十一培,2008/11/26 0:00,1981/10/18 0:00,豪爵牌,斯柯达牌,366664000000000000 ,364547000000000000 ,198001,195809,12,6,3,周末,非高峰,2015-03-29,2015年3月29日,阴 /多云,18℃ / 15℃,东风 ≤3级 /南风 ≤3级,阴,多云,18,15,东风,≤3级,南风,≤3级,day
2015-03-24 09:30:00,花溪公园,1、追尾的,负全部责任,不负责任,1,贵ACF175,白色,1,贵AGB723,白色,吉源驾校,十一培,2015/1/6 0:00,1998/2/25 0:00,雷克萨斯,力帆牌,364556000000000000 ,364547000000000000 ,199412,198002,9,1,3,工作日,早高峰(7-9点),2015-03-24,2015年3月24日,小雨 /阵雨,13℃ / 7℃,东北风 ≤3级 /东北风 ≤3级,小雨,阵雨,13,7,东北风,≤3级,东北风,≤3级,day
2015-04-03 17:05:00,北京东路,1、追尾的,负全部责任,不负责任,1,贵ARR067,银,1,贵AG1812,银,诚信驾驶培训学校,十一培,2011/12/5 0:00,1985/4/28 0:00,云雀,欧蓝德,364557000000000000 ,364557000000000000 ,198805,196303,17,4,4,工作日,晚高峰(17-19点),2015-04-03,2015年4月3日,多云 /多云,30℃ / 19℃,南风 ≤3级 /南风 ≤3级,多云,多云,30,19,南风,≤3级,南风,≤3级,day
2015-04-23 17:39:00,小石城,3、倒车的,负全部责任,不负责任,1,贵JBT422,黑,1,贵A88G55,黑,诚信驾驶培训学校,十一培,2013/11/20 0:00,1998/4/21 0:00,东风标致牌,朗风牌,366063000000000000 ,364547000000000000 ,198701,197012,17,3,4,工作日,晚高峰(17-19点),2015-04-23,2015年4月23日,阴 /小雨,16℃ / 10℃,东北风 ≤3级 /东北风 ≤3级,阴,小雨,16,10,东北风,≤3级,东北风,≤3级,day
2015-04-24 08:49:00,蛮坡,1、追尾的,负全部责任,不负责任,1,贵A93H99,黑,1,贵AN4515,黑,诚信驾驶培训学校,十一培,2013/2/2 0:00,1996/12/31 0:00,起亚牌,隆鑫牌,364548000000000000 ,364548000000000000 ,198802,196811,8,4,4,工作日,早高峰(7-9点),2015-04-24,2015年4月24日,阴 /小雨,16℃ / 11℃,东风 ≤3级 /东风 ≤3级,阴,小雨,16,11,东风,≤3级,东风,≤3级,day
2015-04-07 07:50:00,西湖路口,7、未按规定让行的 ,负全部责任,不负责任,1,贵AU7481,白色,1,贵AU0957,白色,景宏驾校,十一培,2006/11/3 0:00,1995/6/6 0:00,圣火神牌,捷达牌,364547000000000000 ,364547000000000000 ,196411,196307,7,1,4,工作日,早高峰(7-9点),2015-04-07,2015年4月7日,小雨 /小雨,9℃ / 5℃,东北风 ≤3级 /东北风 ≤3级,小雨,小雨,9,5,东北风,≤3级,东北风,≤3级,day
2015-04-21 18:15:00,宝山南路,1、追尾的,负全部责任,不负责任,1,贵AU9581,绿,0,贵A44331,黑,（乌当区）全林驾驶培训有限公司,十一培,2006/4/12 0:00,1986/2/20 0:00,大龙牌,奥德赛牌,364566000000000000 ,364547000000000000 ,198612,196508,18,1,4,工作日,晚高峰(17-19点),2015-04-21,2015年4月21日,阴 /阵雨,17℃ / 10℃,东北风 ≤3级 /东北风 ≤3级,阴,阵雨,17,10,东北风,≤3级,东北风,≤3级,day
2015-02-27 09:08:00,南明区,1、追尾的,负全部责任,不负责任,1,贵A5AE49,白,1,贵AU5815,绿,（乌当区）全林驾驶培训有限公司,十一培,2008/1/17 0:00,1995/12/28 0:00,斯柯达牌,海戈牌,366263000000000000 ,366368000000000000 ,196604,196404,9,4,2,工作日,早高峰(7-9点),2015-02-27,2015年2月27日,多云 /阵雨,21℃ / 5℃,南风 ≤3级 /南风 ≤3级,多云,阵雨,21,5,南风,≤3级,南风,≤3级,day
2015-05-16 11:00:00,盐务街,8、依法应负全责的其他情形,负全部责任,不负责任,1,贵GY2767,黑,1,贵AR9675,红,全林驾校,十一培,2012/6/25 0:00,1986/7/22 0:00,-1,银钢牌,364566000000000000 ,364548000000000000 ,198508,194804,11,5,5,工作日,非高峰,2015-05-16,2015年5月16日,阴 /雷阵雨,23℃ / 17℃,东北风 ≤3级 /东风 ≤3级,阴,雷阵雨,23,17,东北风,≤3级,东风,≤3级,day
2015-03-14 20:30:00,红岩桥,7、未按规定让行的 ,负全部责任,不负责任,1,贵FP8630,白色,1,贵ALQ129,白色,（云岩区）省交通职业技术驾驶培训学校,十一培,2009/4/10 0:00,1995/6/10 0:00,东风标致牌,东风雪铁龙牌,366063000000000000 ,364547000000000000 ,198906,197711,20,5,3,工作日,非高峰,2015-03-14,2015年3月14日,阴 /阴,17℃ / 12℃,南风 ≤3级 /东南风 ≤3级,阴,阴,17,12,南风,≤3级,东南风,≤3级,night
2015-04-28 12:40:00,中华北路,3、倒车的,负全部责任,不负责任,1,贵A695D1,黄,1,贵AU7028,红,省交校,十一培,2014/11/20 0:00,1991/1/31 0:00,长安牌,金龙牌,366269000000000000 ,364547000000000000 ,199210,197207,12,1,4,工作日,非高峰,2015-04-28,2015年4月28日,多云 /多云,25℃ / 15℃,东北风 ≤3级 /东北风 ≤3级,多云,多云,25,15,东北风,≤3级,东北风,≤3级,day
2015-03-25 12:20:00,蟠桃宫,7、未按规定让行的 ,负全部责任,不负责任,1,贵FZ0216,白色,1,贵AU7084,灰色,市交校,十一培,2014/12/3 0:00,1999/12/8 0:00,长安牌,福田牌,364547000000000000 ,364547000000000000 ,197111,197210,12,2,3,工作日,非高峰,2015-03-25,2015年3月25日,阴 /阵雨,14℃ / 9℃,东北风 ≤3级 /东北风 ≤3级,阴,阵雨,14,9,东北风,≤3级,东北风,≤3级,day
2015-02-06 16:00:00,花果园,1、追尾的,负全部责任,不负责任,1,贵A47645,黑,1,贵A54L82,蓝,（南明区）市交通职业技术驾驶培训学校,十一培,2005/10/21 0:00,1997/4/24 0:00,川交,北斗星牌,364548000000000000 ,364556000000000000 ,198705,196210,16,4,2,工作日,非高峰,2015-02-06,2015年2月6日,多云 /小雨,9℃ / 2℃,南风 ≤3级 /南风 ≤3级,多云,小雨,9,2,南风,≤3级,南风,≤3级,day
2015-04-14 13:30:00,解放西路,3、倒车的,负全部责任,不负责任,1,贵JDT235,白色,1,贵A6B685,白色,市交校,十一培,2011/9/27 0:00,1986/3/26 0:00,长安牌,-1,364547000000000000 ,364547000000000000 ,196412,195701,13,1,4,工作日,非高峰,2015-04-14,2015年4月14日,晴 /多云,22℃ / 9℃,东风 ≤3级 /东风 ≤3级,晴,多云,22,9,东风,≤3级,东风,≤3级,day
2015-04-28 10:08:00,小石城,8、依法应负全责的其他情形,负全部责任,不负责任,1,贵A63H87,白,0,苏L79K77,黑,市交校,十一培,2011/6/30 0:00,1997/12/16 0:00,奥迪牌,\N,364548000000000000 ,364548000000000000 ,199203,197003,10,1,4,工作日,非高峰,2015-04-28,2015年4月28日,多云 /多云,25℃ / 15℃,东北风 ≤3级 /东北风 ≤3级,多云,多云,25,15,东北风,≤3级,东北风,≤3级,day
2015-04-06 04:00:00,中曹司,7、未按规定让行的 ,负全部责任,不负责任,1,贵ASE789,白色,1,贵AAC386,白色,（白云区）消防驾驶培训学校,十一培,2009/9/28 0:00,1988/1/5 0:00,起亚牌,比亚迪牌,356168000000000000 ,364556000000000000 ,197012,195211,4,0,4,工作日,非高峰,2015-04-06,2015年4月6日,阵雨 /阵雨,17℃ / 7℃,东北风 ≤3级 /东北风 ≤3级,阵雨,阵雨,17,7,东北风,≤3级,东北风,≤3级,night
2015-03-11 08:21:00,建设南路,7、未按规定让行的 ,负全部责任,不负责任,1,贵A299D8,白,1,贵A61C37,白,（白云区）消防驾驶培训学校,十一培,2009/9/17 0:00,1999/5/14 0:00,飞碟牌,起亚牌,364568000000000000 ,06454651215666605X,198708,196912,8,2,3,工作日,早高峰(7-9点),2015-03-11,2015年3月11日,阴 /小雨,8℃ / 4℃,东北风 ≤3级 /东北风 ≤3级,阴,小雨,8,4,东北风,≤3级,东北风,≤3级,day
2015-04-03 16:10:00,金阳北路,1、追尾的,负全部责任,不负责任,1,贵A45327,红,1,贵AU0026,绿,消防驾校,十一培,2011/8/2 0:00,1994/7/19 0:00,波罗牌,宝来牌,364558000000000000 ,364558000000000000 ,199211,196708,16,4,4,工作日,非高峰,2015-04-03,2015年4月3日,多云 /多云,30℃ / 19℃,南风 ≤3级 /南风 ≤3级,多云,多云,30,19,南风,≤3级,南风,≤3级,day
2015-05-24 21:56:00,温泉路,9、不符合前8款规定或者双方同时具有上述情形的,负全部责任,不负责任,0,贵AK6859,红,1,贵AVL957,白,（乌当区）新天驾驶培训有限公司,十一培,2005/1/5 0:00,1996/10/28 0:00,朗风牌,起亚牌,366567000000000000 ,364548000000000000 ,196308,197512,21,6,5,周末,非高峰,2015-05-24,2015年5月24日,多云 /阴,24℃ / 18℃,东风 ≤3级 /东南风 ≤3级,多云,阴,24,18,东风,≤3级,东南风,≤3级,night