accidenttime,accidentaddr,driver1fault,driver1responsibility,driver2responsibility,sex1,platenumber1,carcolor1,sex2,platenumber2,carcolor2,jxmc1,jxmc2,cclzrq1,cclzrq2,clpp1,clpp2,driver1license,driver2license,brith1,brith2,hour,weekday,month,is_weekday,peak_hour,date,日期,天气状况,气温,风力风向,day_wea,night_wea,day_tep,night_tep,day_wind_direction,day_wind_speed,night_wind_direction,night_wind_speed,segment
2015-02-05 17:05:00,石标路,1、追尾的,负全部责任,不负责任,0,贵A38F62,银,1,贵A21L23,黑,（乌当区）新天驾驶培训有限公司,十一培,2005/2/25 0:00,1999/9/22 0:00,福克斯牌,大众牌,364558000000000000 ,364556000000000000 ,196507,198108,17,3,2,工作日,晚高峰(17-19点),2015-02-05,2015年2月5日,阴 /阴,3℃ / 0℃,东北风 ≤3级 /东北风 ≤3级,阴,阴,3,0,东北风,≤3级,东北风,≤3级,day
2015-04-09 12:45:00,延安西路,1、追尾的,负全部责任,不负责任,1,贵GV4066,黑,1,贵A85336,白,新天驾校,十一培,2012/4/1 0:00,1991/11/2 0:00,大众牌,东本牌,366667000000000000 ,366575000000000000 ,198705,197105,12,3,4,工作日,非高峰,2015-04-09,2015年4月9日,阴 /小雨,11℃ / 7℃,东北风 ≤3级 /东北风 ≤3级,阴,小雨,11,7,东北风,≤3级,东北风,≤3级,day
2015-03-30 15:00:00,空招,1、追尾的,负全部责任,不负责任,0,贵A16V21,黑,1,贵A98N67,白,（乌当区）新天驾驶培训有限公司,十一培,2006/8/31 0:00,1994/2/10 0:00,朗逸牌,东风标致牌,366068000000000000 ,366364000000000000 ,197306,196410,15,0,3,工作日,非高峰,2015-03-30,2015年3月30日,晴 /多云,24℃ / 17℃,南风 ≤3级 /南风 ≤3级,晴,多云,24,17,南风,≤3级,南风,≤3级,day
2015-03-09 11:00:00,小河转盘,7、未按规定让行的 ,负全部责任,不负责任,1,贵AB203E,白色,1,贵AV7241,白色,（乌当区）新天驾驶培训有限公司,十一培,2008/11/24 0:00,1994/5/5 0:00,力帆牌,长安牌,366347000000000000 ,364547000000000000 ,198012,197001,11,0,3,工作日,非高峰,2015-03-09,2015年3月9日,小雨 /小雨,10℃ / 5℃,东北风 ≤3级 /东北风 ≤3级,小雨,小雨,10,5,东北风,≤3级,东北风,≤3级,day
2015-05-25 18:25:00,三桥北路,8、依法应负全责的其他情形,负全部责任,不负责任,1,贵A5AU98,白,1,贵JX9388,黑,新天驾校,十一培,2012/2/17 0:00,1994/12/19 0:00,北京现代牌,-1,366368000000000000 ,364548000000000000 ,195703,197701,18,0,5,工作日,晚高峰(17-19点),2015-05-25,2015年5月25日,多云 /阵雨,26℃ / 19℃,东南风 ≤3级 /东南风 ≤3级,多云,阵雨,26,19,东南风,≤3级,东南风,≤3级,day
2015-02-11 11:00:00,思亲园,5、开关车门的,负全部责任,不负责任,0,贵A62C74,黄,1,贵AAT463,黑,新天驾校,十一培,2012/7/9 0:00,1994/11/15 0:00,大众汽车牌,豪爵牌,364547000000000000 ,366246000000000000 ,196310,195206,11,2,2,工作日,非高峰,2015-02-11,2015年2月11日,多云 /多云,11℃ / 3℃,东风 ≤3级 /东北风 ≤3级,多云,多云,11,3,东风,≤3级,东北风,≤3级,day
2015-04-21 14:00:00,贵惠大道,7、未按规定让行的 ,负全部责任,不负责任,1,贵FN9931,白色,1,贵FQ5588,白色,长运驾校,十一培,2013/12/25 0:00,1999/7/7 0:00,江铃全顺牌,北京现代牌,36606651985449655X,366567000000000000 ,198710,197402,14,1,4,工作日,非高峰,2015-04-21,2015年4月21日,阴 /阵雨,17℃ / 10℃,东北风 ≤3级 /东北风 ≤3级,阴,阵雨,17,10,东北风,≤3级,东北风,≤3级,day
2015-02-11 21:30:00,甘荫塘,9、不符合前8款规定或者双方同时具有上述情形的,负同等责任,负同等责任,1,贵A22P73,银,1,贵AUA351,黑,长运驾校,十一培,2014/2/19 0:00,1987/10/5 0:00,吉利美日牌,大众牌,364548000000000000 ,364548000000000000 ,199206,196410,21,2,2,工作日,非高峰,2015-02-11,2015年2月11日,多云 /多云,11℃ / 3℃,东风 ≤3级 /东北风 ≤3级,多云,多云,11,3,东风,≤3级,东北风,≤3级,night
2015-03-21 08:13:00,金阳北路,1、追尾的,负全部责任,不负责任,1,贵CKM677,银,1,贵AU7892,白,路路达驾校,十一培,2013/9/3 0:00,1995/9/16 0:00,五菱牌,金旅牌,366561000000000000 ,364548000000000000 ,199003,197211,8,5,3,工作日,早高峰(7-9点),2015-03-21,2015年3月21日,阴 /阴,16℃ / 11℃,东北风 ≤3级 /东南风 ≤3级,阴,阴,16,11,东北风,≤3级,东南风,≤3级,day
2015-03-30 11:00:00,沙冲路,3、倒车的,负全部责任,不负责任,1,贵AM1242,白色,1,贵APP198,白色,（南明区）金大驾驶培训有限公司,十一培,2006/4/29 0:00,1997/9/9 0:00,丰田牌,雷克萨斯,364548000000000000 ,364547000000000000 ,196310,196208,11,0,3,工作日,非高峰,2015-03-30,2015年3月30日,晴 /多云,24℃ / 17℃,南风 ≤3级 /南风 ≤3级,晴,多云,24,17,南风,≤3级,南风,≤3级,day
2015-05-21 11:30:00,浣纱桥,1、追尾的,负全部责任,不负责任,1,贵B18062,红,1,贵A61S97,白,（南明区）金大驾驶培训有限公司,十一培,2007/11/23 0:00,1988/11/27 0:00,-1,奥迪牌,376768000000000000 ,364547000000000000 ,198301,195609,11,3,5,工作日,非高峰,2015-05-21,2015年5月21日,阴 /阵雨,24℃ / 16℃,东风 ≤3级 /东风 ≤3级,阴,阵雨,24,16,东风,≤3级,东风,≤3级,day
2015-05-12 08:00:00,遵义路,7、未按规定让行的 ,负全部责任,不负责任,1,贵AAF183,白色,1,贵AU0731,白色,（南明区）金大驾驶培训有限公司,十一培,2007/1/5 0:00,1991/5/18 0:00,-1,宝来牌,554550000000000000 ,364547000000000000 ,196701,197104,8,1,5,工作日,早高峰(7-9点),2015-05-12,2015年5月12日,阴 /雷阵雨,24℃ / 13℃,南风 ≤3级 /南风 ≤3级,阴,雷阵雨,24,13,南风,≤3级,南风,≤3级,day
2015-02-02 16:00:00,四方河,1、追尾的,负全部责任,不负责任,1,GR9886,白色,1,贵AJ2765,白色,阳光驾校,十一培,2013/8/14 0:00,1997/8/28 0:00,-1,嘉爵牌,366862000000000000 ,366362000000000000 ,197506,197208,16,0,2,工作日,非高峰,2015-02-02,2015年2月2日,阴 /小雨,7℃ / 3℃,南风 ≤3级 /东南风 ≤3级,阴,小雨,7,3,南风,≤3级,东南风,≤3级,day
2015-05-07 10:00:00,蟠桃宫,7、未按规定让行的 ,负全部责任,不负责任,1,贵A67V15,白色,1,贵AV5774,白色,阳光驾校,十一培,2011/10/19 0:00,1993/11/3 0:00,五菱牌,-1,366064000000000000 ,364547000000000000 ,197412,197403,10,3,5,工作日,非高峰,2015-05-07,2015年5月7日,阵雨 /雷阵雨,23℃ / 17℃,东南风 ≤3级 /东南风 ≤3级,阵雨,雷阵雨,23,17,东南风,≤3级,东南风,≤3级,day
2015-03-02 00:00:00,小河转盘,7、未按规定让行的 ,负全部责任,不负责任,1,贵GU5940,白色,1,贵AU7317,白色,（南明区）阳光驾驶培训有限公司,十一培,2005/5/12 0:00,1997/12/25 0:00,-1,陆豪牌,364556000000000000 ,364558000000000000 ,198107,196706,0,0,3,工作日,非高峰,2015-03-02,2015年3月2日,阴 /小雨,9℃ / 2℃,东北风 ≤3级 /东北风 ≤3级,阴,小雨,9,2,东北风,≤3级,东北风,≤3级,night
2015-04-08 17:39:00,王家湾,4、停车时未挂低速档、未拉驻车制动，导致车辆滑行的,负全部责任,不负责任,1,贵APG233,银,1,贵AG4782,银,（观山湖区）蓝天驾驶培训有限公司,十一培,2006/10/19 0:00,1995/7/12 0:00,长安牌,五菱牌,364548000000000000 ,356664000000000000 ,198309,197408,17,2,4,工作日,晚高峰(17-19点),2015-04-08,2015年4月8日,小雨 /小雨,10℃ / 6℃,东北风 ≤3级 /东北风 ≤3级,小雨,小雨,10,6,东北风,≤3级,东北风,≤3级,day
2015-03-16 16:30:00,花果园,7、未按规定让行的 ,负全部责任,不负责任,1,贵FZ8222,黑,1,贵AU0116,蓝,路顺驾校,十一培,2013/8/22 0:00,1996/1/27 0:00,比亚迪牌,隆鑫牌,364567000000000000 ,356170000000000000 ,198811,197101,16,0,3,工作日,非高峰,2015-03-16,2015年3月16日,阴 /多云,20℃ / 15℃,南风 ≤3级 /南风 ≤3级,阴,多云,20,15,南风,≤3级,南风,≤3级,day
2015-02-07 12:22:00,乌当,1、追尾的,负全部责任,不负责任,0,贵G71012,黑,1,贵GBA967,银,（观山湖区）蓝天驾驶培训有限公司,十一培,2004/11/30 0:00,1997/7/10 0:00,雅阁,力帆牌,364557000000000000 ,364556000000000000 ,197605,197204,12,5,2,工作日,非高峰,2015-02-07,2015年2月7日,阴 /阴,8℃ / 3℃,东北风 ≤3级 /东北风 ≤3级,阴,阴,8,3,东北风,≤3级,东北风,≤3级,day
2015-03-17 08:00:00,小河转盘,1、追尾的,负全部责任,不负责任,1,贵A74K47,白色,1,贵A53G22,白色,（观山湖区）蓝天驾驶培训有限公司,十一培,2005/8/12 0:00,1995/5/14 0:00,索兰托,长城牌,54540500000000000 ,364547000000000000 ,198604,195602,8,1,3,工作日,早高峰(7-9点),2015-03-17,2015年3月17日,多云 /多云,25℃ / 14℃,南风 ≤3级 /南风 ≤3级,多云,多云,25,14,南风,≤3级,南风,≤3级,day
2015-05-10 18:50:00,世纪城,9、不符合前8款规定或者双方同时具有上述情形的,负全部责任,不负责任,1,湘J8J127,黑,1,贵A4AM98,黑,（观山湖区）蓝天驾驶培训有限公司,十一培,2009/12/2 0:00,1999/3/19 0:00,-1,大众汽车牌,76060500000000000 ,364557000000000000 ,197511,197509,18,6,5,周末,晚高峰(17-19点),2015-05-10,2015年5月10日,阵雨 /雷阵雨,25℃ / 14℃,南风 ≤3级 /南风 ≤3级,阵雨,雷阵雨,25,14,南风,≤3级,南风,≤3级,day
2015-04-19 15:20:00,大南门,8、依法应负全责的其他情形,负全部责任,不负责任,1,贵AU3115,绿,1,贵AL8649,黑,（云岩区）时发驾驶培训有限公司,十一培,2007/10/24 0:00,1990/12/19 0:00,瑞麒牌,正好牌,366061000000000000 ,364548000000000000 ,197608,196501,15,6,4,周末,非高峰,2015-04-19,2015年4月19日,阵雨 /阵雨,22℃ / 13℃,东北风 ≤3级 /东北风 ≤3级,阵雨,阵雨,22,13,东北风,≤3级,东北风,≤3级,day
2015-03-13 02:00:00,花香村,7、未按规定让行的 ,负全部责任,不负责任,1,贵ADD729,白色,1,贵A66V18,白色,（云岩区）时发驾驶培训有限公司,十一培,2010/2/11 0:00,1991/10/13 0:00,福克斯牌,思威牌,364548000000000000 ,364547000000000000 ,197106,197107,2,4,3,工作日,非高峰,2015-03-13,2015年3月13日,多云 /阵雨,17℃ / 12℃,南风 ≤3级 /南风 ≤3级,多云,阵雨,17,12,南风,≤3级,南风,≤3级,night
2015-04-13 08:00:00,小河平桥,1、追尾的,负全部责任,不负责任,1,贵AB099C,白色,1,贵AR7693,白色,时发驾校,十一培,2014/11/4 0:00,1996/11/20 0:00,吉利牌,威志牌,364556000000000000 ,364547000000000000 ,198803,197404,8,0,4,工作日,早高峰(7-9点),2015-04-13,2015年4月13日,晴 /多云,23℃ / 8℃,东北风 ≤3级 /东北风 ≤3级,晴,多云,23,8,东北风,≤3级,东北风,≤3级,day
2015-05-07 17:00:00,三桥,1、追尾的,负全部责任,不负责任,1,贵AK2609,白色,1,贵A80036,白色,自培,十一培,2006/12/6 0:00,1995/9/10 0:00,本田牌,五羊-本田,366067000000000000 ,366876000000000000 ,197912,196005,17,3,5,工作日,晚高峰(17-19点),2015-05-07,2015年5月7日,阵雨 /雷阵雨,23℃ / 17℃,东南风 ≤3级 /东南风 ≤3级,阵雨,雷阵雨,23,17,东南风,≤3级,东南风,≤3级,day
2015-05-05 15:30:00,大西门,7、未按规定让行的 ,负全部责任,不负责任,1,贵A62K31,黑,1,贵AU7403,蓝,新华驾校,十一培,2013/12/30 0:00,1995/2/9 0:00,大众汽车牌,大运牌,376570000000000000 ,364557000000000000 ,197901,197009,15,1,5,工作日,非高峰,2015-05-05,2015年5月5日,阵雨 /阵雨,21℃ / 15℃,南风 ≤3级 /南风 ≤3级,阵雨,阵雨,21,15,南风,≤3级,南风,≤3级,day
2015-04-19 18:20:00,蓑草路,1、追尾的,负全部责任,不负责任,1,贵A73X79,白色,1,贵A4250A,黑色,自培,十一培,2013/8/2 0:00,1997/2/26 0:00,宝马牌,马自达牌,364556000000000000 ,364547000000000000 ,199504,197505,18,6,4,周末,晚高峰(17-19点),2015-04-19,2015年4月19日,阵雨 /阵雨,22℃ / 13℃,东北风 ≤3级 /东北风 ≤3级,阵雨,阵雨,22,13,东北风,≤3级,东北风,≤3级,day
2015-05-06 12:00:00,沙冲南路,7、未按规定让行的 ,负全部责任,不负责任,1,贵A4AN81,白色,1,贵AU6137,白色,新华驾校,十一培,2010/10/22 0:00,1995/12/28 0:00,大众汽车牌,捷达牌,364547000000000000 ,366368000000000000 ,197008,196809,12,2,5,工作日,非高峰,2015-05-06,2015年5月6日,多云 /多云,25℃ / 16℃,东北风 ≤3级 /南风 ≤3级,多云,多云,25,16,东北风,≤3级,南风,≤3级,day
2015-05-19 19:30:00,龙泉新村,7、未按规定让行的 ,负全部责任,不负责任,1,贵GY3874,白,1,贵AU012,蓝,新华驾校,十一培,2015/1/12 0:00,1998/3/19 0:00,-1,-1,364547000000000000 ,364556000000000000 ,196206,196712,19,1,5,工作日,晚高峰(17-19点),2015-05-19,2015年5月19日,阵雨 /大雨,25℃ / 18℃,东北风 ≤3级 /南风 ≤3级,阵雨,大雨,25,18,东北风,≤3级,南风,≤3级,day
2015-04-06 12:20:00,世纪新城,8、依法应负全责的其他情形,负全部责任,不负责任,1,贵BHJ652,黄,1,贵AU2289,白,新华驾校,十一培,2012/6/20 0:00,1998/10/15 0:00,-1,宝来牌,364548000000000000 ,364548000000000000 ,197509,197205,12,0,4,工作日,非高峰,2015-04-06,2015年4月6日,阵雨 /阵雨,17℃ / 7℃,东北风 ≤3级 /东北风 ≤3级,阵雨,阵雨,17,7,东北风,≤3级,东北风,≤3级,day
2015-03-07 15:20:00,白云区,7、未按规定让行的 ,负全部责任,不负责任,1,贵A6112Y,银,1,贵ALT059,银,毕节地区黔中汽车(摩托车)驾驶培训学校,十一培,2012/5/23 0:00,1997/10/5 0:00,宝骏牌,奇瑞牌,36606751274852145X,36454651274066227X,196307,196304,15,5,3,工作日,非高峰,2015-03-07,2015年3月7日,阴 /小雨,10℃ / 5℃,东风 ≤3级 /东南风 ≤3级,阴,小雨,10,5,东风,≤3级,东南风,≤3级,day
2015-05-04 07:30:00,小河区,1、追尾的,负全部责任,不负责任,1,贵A4BA14,白色,1,贵AX6797,白色,惠水县黔岭机动车驾驶培训有限公司,十一培,2014/10/11 0:00,1998/12/8 0:00,福克斯牌,起亚牌,366663000000000000 ,364556000000000000 ,198503,198002,7,0,5,工作日,早高峰(7-9点),2015-05-04,2015年5月4日,阵雨 /阵雨,20℃ / 14℃,东北风 ≤3级 /东北风 ≤3级,阵雨,阵雨,20,14,东北风,≤3级,东北风,≤3级,day
2015-05-09 15:15:00,杨家山隧道,1、追尾的,负全部责任,不负责任,1,贵D69714,白,1,贵ABL501,黑,贵州省铜南汽车驾驶培训有限公司,十一培,2012/12/7 0:00,1986/1/6 0:00,-1,雅阁牌,366664000000000000 ,364547000000000000 ,199203,196305,15,5,5,工作日,非高峰,2015-05-09,2015年5月9日,阵雨 /阵雨,23℃ / 16℃,东北风 ≤3级 /东南风 ≤3级,阵雨,阵雨,23,16,东北风,≤3级,东南风,≤3级,day
2015-05-19 16:00:00,园林路,8、依法应负全责的其他情形,负全部责任,不负责任,1,贵AHM844,白色,1,贵ASS440,白色,余庆县乾顺汽车驾驶培训学校,十一培,2014/11/4 0:00,1997/2/26 0:00,帕萨特牌,捷豹XJ,366562000000000000 ,364556000000000000 ,199109,196401,16,1,5,工作日,非高峰,2015-05-19,2015年5月19日,阵雨 /大雨,25℃ / 18℃,东北风 ≤3级 /南风 ≤3级,阵雨,大雨,25,18,东北风,≤3级,南风,≤3级,day
2015-05-14 12:00:00,黔江路,8、依法应负全责的其他情形,负全部责任,不负责任,1,贵AE4324,白色,1,贵AU0711,白色,黔南金都汽车驾驶学校,十一培,2012/3/28 0:00,1998/5/4 0:00,双狮牌,万达牌,36606051165562425X,364558000000000000 ,199211,197504,12,3,5,工作日,非高峰,2015-05-14,2015年5月14日,多云 /雷阵雨,27℃ / 20℃,东南风 ≤3级 /南风 ≤3级,多云,雷阵雨,27,20,东南风,≤3级,南风,≤3级,day
2015-05-04 21:30:00,贵开路,7、未按规定让行的 ,负全部责任,不负责任,0,贵CEB127,白,1,贵AV7811,蓝,正安县永昇驾驶培训学校,十一培,2013/7/18 0:00,1995/12/20 0:00,-1,建设-雅马哈牌,36656051264759446X,364548000000000000 ,196203,197403,21,0,5,工作日,非高峰,2015-05-04,2015年5月4日,阵雨 /阵雨,20℃ / 14℃,东北风 ≤3级 /东北风 ≤3级,阵雨,阵雨,20,14,东北风,≤3级,东北风,≤3级,night
2015-03-11 09:55:00,鑫中路,7、未按规定让行的 ,负全部责任,不负责任,1,贵FP9187,白色,1,贵AS3687,白色,（南明区）铁二局驾驶培训有限公司,十一培,2006/9/22 0:00,1990/4/29 0:00,中华牌,钱江牌,366347000000000000 ,364547000000000000 ,198210,195911,9,2,3,工作日,早高峰(7-9点),2015-03-11,2015年3月11日,阴 /小雨,8℃ / 4℃,东北风 ≤3级 /东北风 ≤3级,阴,小雨,8,4,东北风,≤3级,东北风,≤3级,day
2015-05-27 17:15:00,都司路高架桥,1、追尾的,负全部责任,不负责任,1,贵GN7271,银,1,贵ACC684,红,余庆县江北机动车驾驶培训学校,十一培,2013/2/19 0:00,1988/11/23 0:00,-1,江铃牌,366661000000000000 ,364547000000000000 ,196406,196011,17,2,5,工作日,晚高峰(17-19点),2015-05-27,2015年5月27日,阴 /阵雨,26℃ / 20℃,南风 ≤3级 /东北风 ≤3级,阴,阵雨,26,20,南风,≤3级,东北风,≤3级,day
2015-05-24 15:20:00,省府路,4、停车时未挂低速档、未拉驻车制动，导致车辆滑行的,负全部责任,不负责任,1,贵A344CZ,白,1,贵A44426,白,铁二局驾校,十一培,2010/12/16 0:00,1990/1/15 0:00,长安牌,金城,364548000000000000 ,364548000000000000 ,196203,194310,15,6,5,周末,非高峰,2015-05-24,2015年5月24日,多云 /阴,24℃ / 18℃,东风 ≤3级 /东南风 ≤3级,多云,阴,24,18,东风,≤3级,东南风,≤3级,day
2015-03-16 10:25:00,蟠桃宫,7、未按规定让行的 ,负全部责任,不负责任,1,贵ALM8477,黑,1,贵AU7631,蓝,（南明区）铁二局驾驶培训有限公司,十一培,2006/4/28 0:00,1996/9/10 0:00,-1,恒通客车牌,354669000000000000 ,364557000000000000 ,196306,197606,10,0,3,工作日,非高峰,2015-03-16,2015年3月16日,阴 /多云,20℃ / 15℃,南风 ≤3级 /南风 ≤3级,阴,多云,20,15,南风,≤3级,南风,≤3级,day
2015-02-11 21:00:00,云岩区东山巷,3、倒车的,负全部责任,不负责任,1,贵A923E1,银,0,贵APS542,银,铁二局驾校,十一培,2013/5/7 0:00,1998/12/25 0:00,长安牌,长安牌,36456751155453097X,364548000000000000 ,199110,197607,21,2,2,工作日,非高峰,2015-02-11,2015年2月11日,多云 /多云,11℃ / 3℃,东风 ≤3级 /东北风 ≤3级,多云,多云,11,3,东风,≤3级,东北风,≤3级,night
2015-04-27 20:10:00,新添大道,8、依法应负全责的其他情形,负全部责任,不负责任,1,贵GM5768,白色,1,贵AJW999,白色,铁二局驾校,十一培,2013/11/12 0:00,1994/3/16 0:00,东风标致牌,奔驰,364547000000000000 ,364547000000000000 ,197801,197403,20,0,4,工作日,非高峰,2015-04-27,2015年4月27日,阴 /雷阵雨,21℃ / 14℃,东南风 ≤3级 /东北风 ≤3级,阴,雷阵雨,21,14,东南风,≤3级,东北风,≤3级,night
2015-03-23 10:15:00,大十字,7、未按规定让行的 ,负全部责任,不负责任,1,贵AU8858,白色,1,贵AV7036,白色,绥阳县汽车驾驶培训学校,十一培,2009/9/30 0:00,1993/6/1 0:00,瑞麒牌,宗申牌,366568000000000000 ,364547000000000000 ,198410,197110,10,0,3,工作日,非高峰,2015-03-23,2015年3月23日,多云 /阴,17℃ / 9℃,东北风 ≤3级 /东北风 ≤3级,多云,阴,17,9,东北风,≤3级,东北风,≤3级,day
2015-05-02 11:00:00,都司路,7、未按规定让行的 ,负全部责任,不负责任,1,贵AU0863,白色,1,贵AES482,白色,黔西县宏远黔职驾校有限公司,十一培,2011/11/25 0:00,1999/11/16 0:00,宝来牌,马自达牌,366046000000000000 ,364548000000000000 ,198702,196205,11,5,5,工作日,非高峰,2015-05-02,2015年5月2日,多云 /阵雨,26℃ / 16℃,东北风 ≤3级 /东风 ≤3级,多云,阵雨,26,16,东北风,≤3级,东风,≤3级,day
2015-03-25 20:25:00,轮胎厂,8、依法应负全责的其他情形,负全部责任,不负责任,1,贵JX2153,银,1,贵A7H943,银,黔南东方机动车驾驶培训学校,十一培,2014/8/27 0:00,1996/10/25 0:00,雪佛兰牌,吉利牌,366869000000000000 ,366566000000000000 ,196807,197203,20,2,3,工作日,非高峰,2015-03-25,2015年3月25日,阴 /阵雨,14℃ / 9℃,东北风 ≤3级 /东北风 ≤3级,阴,阵雨,14,9,东北风,≤3级,东北风,≤3级,night
2015-04-15 18:30:00,金竹立交,3、倒车的,负全部责任,不负责任,1,渝BQ3835,白色,1,贵A29905,白色,镇宁县宏伟汽车有限责任公司汽车（摩托车培训学校）,十一培,2011/11/21 0:00,1995/1/15 0:00,无,三一牌,366362000000000000 ,36455551864575415X,198205,197201,18,2,4,工作日,晚高峰(17-19点),2015-04-15,2015年4月15日,多云 /多云,24℃ / 16℃,东南风 ≤3级 /南风 ≤3级,多云,多云,24,16,东南风,≤3级,南风,≤3级,day
2015-03-11 06:00:00,开发大道,7、未按规定让行的 ,负全部责任,不负责任,1,贵E66235,黑色,1,贵ADM553,白色,黔西南州驾驶培训学校有限公司,十一培,2011/1/4 0:00,1997/12/17 0:00,蓝箭,吉利牌,366770000000000000 ,364547000000000000 ,198809,196201,6,2,3,工作日,非高峰,2015-03-11,2015年3月11日,阴 /小雨,8℃ / 4℃,东北风 ≤3级 /东北风 ≤3级,阴,小雨,8,4,东北风,≤3级,东北风,≤3级,day
2015-03-10 08:00:00,花溪,8、依法应负全责的其他情形,负全部责任,不负责任,1,贵A14C62,白色,1,贵AG7322,白色,高新驾校,十一培,2012/8/10 0:00,1996/6/10 0:00,东风雪铁龙牌,望龙牌,366069000000000000 ,364557000000000000 ,198501,197007,8,1,3,工作日,早高峰(7-9点),2015-03-10,2015年3月10日,小雨 /小雨,8℃ / 4℃,东北风 ≤3级 /东北风 ≤3级,小雨,小雨,8,4,东北风,≤3级,东北风,≤3级,day
2015-03-20 08:10:00,黄山冲,8、依法应负全责的其他情形,负全部责任,不负责任,1,贵HAX692,白,1,贵AVA666,蓝,（南明区）贵工大驾驶培训有限公司,十一培,2006/10/19 0:00,1995/5/14 0:00,豪爵牌,威志牌,366273000000000000 ,364548000000000000 ,198408,195407,8,4,3,工作日,早高峰(7-9点),2015-03-20,2015年3月20日,阴 /阵雨,14℃ / 10℃,东北风 ≤3级 /东北风 ≤3级,阴,阵雨,14,10,东北风,≤3级,东北风,≤3级,day
2015-03-21 22:50:00,开发大道,1、追尾的,负全部责任,不负责任,1,贵ABP888,白色,1,贵AV7801,白色,（经开区）十一驾驶培训有限公司,十一培,2005/10/25 0:00,1989/6/18 0:00,大众汽车牌,狮龙牌,364556000000000000 ,364548000000000000 ,198410,196705,22,5,3,工作日,非高峰,2015-03-21,2015年3月21日,阴 /阴,16℃ / 11℃,东北风 ≤3级 /东南风 ≤3级,阴,阴,16,11,东北风,≤3级,东南风,≤3级,night
2015-05-18 09:00:00,太慈桥,7、未按规定让行的 ,负全部责任,不负责任,1,贵A3141F,白色,1,贵AMJ539,白色,十一驾驶培训有限公司,十一培,2012/4/27 0:00,1999/12/15 0:00,东风牌,别克牌,366064000000000000 ,366361000000000000 ,197202,197305,9,0,5,工作日,早高峰(7-9点),2015-05-18,2015年5月18日,多云 /多云,25℃ / 18℃,东北风 ≤3级 /东北风 ≤3级,多云,多云,25,18,东北风,≤3级,东北风,≤3级,day
2015-03-11 12:30:00,花果园,7、未按规定让行的 ,负全部责任,不负责任,1,赣D85973,红,1,贵A71N69,黑,自培,十一培,2005/7/28 0:00,1995/9/6 0:00,\N,思威牌,366364000000000000 ,366367000000000000 ,196808,196812,12,2,3,工作日,非高峰,2015-03-11,2015年3月11日,阴 /小雨,8℃ / 4℃,东北风 ≤3级 /东北风 ≤3级,阴,小雨,8,4,东北风,≤3级,东北风,≤3级,day
2015-05-19 16:00:00,四号路,6、违反交通信号的,负全部责任,不负责任,1,贵AB553V,白色,1,贵A65G52,白色,（经开区）十一驾驶培训有限公司,十一培,2005/6/23 0:00,1997/4/3 0:00,起亚,别克牌,36636351284240537X,364548000000000000 ,196706,197410,16,1,5,工作日,非高峰,2015-05-19,2015年5月19日,阵雨 /大雨,25℃ / 18℃,东北风 ≤3级 /南风 ≤3级,阵雨,大雨,25,18,东北风,≤3级,南风,≤3级,day
2015-03-10 20:54:00,世纪城,1、追尾的,负全部责任,不负责任,1,贵AU1023,绿,1,贵A2F708,黑,（经开区）十一驾驶培训有限公司,十一培,2004/12/30 0:00,1998/9/9 0:00,大众牌,众泰牌,366347000000000000 ,366347000000000000 ,197502,196810,20,1,3,工作日,非高峰,2015-03-10,2015年3月10日,小雨 /小雨,8℃ / 4℃,东北风 ≤3级 /东北风 ≤3级,小雨,小雨,8,4,东北风,≤3级,东北风,≤3级,night
2015-05-14 19:00:00,文昌路,1、追尾的,负全部责任,不负责任,0,贵A64K82,白,1,贵A0BX05,红,十一驾驶培训有限公司,十一培,2012/7/16 0:00,1987/2/9 0:00,奥迪牌,夏利牌,36454751975675096X,364547000000000000 ,198312,196401,19,3,5,工作日,晚高峰(17-19点),2015-05-14,2015年5月14日,多云 /雷阵雨,27℃ / 20℃,东南风 ≤3级 /南风 ≤3级,多云,雷阵雨,27,20,东南风,≤3级,南风,≤3级,day
2015-05-17 12:11:00,三桥,8、依法应负全责的其他情形,负全部责任,不负责任,1,贵A5917W,红,1,贵A22S62,红,自培,十一培,2011/6/27 0:00,1994/12/27 0:00,-1,江淮牌,36454751284558323X,364548000000000000 ,196701,196601,12,6,5,周末,非高峰,2015-05-17,2015年5月17日,阵雨 /雷阵雨,25℃ / 17℃,东北风 ≤3级 /南风 ≤3级,阵雨,雷阵雨,25,17,东北风,≤3级,南风,≤3级,day
2015-04-12 19:25:00,蛮坡,3、倒车的,负全部责任,不负责任,0,贵A83G68,黑,1,贵AEQ954,黑,贵州省长安驾驶培训学校,十一培,2012/11/15 0:00,1999/4/28 0:00,北京现代牌,奥迪牌,364548000000000000 ,364548000000000000 ,199210,198010,19,6,4,周末,晚高峰(17-19点),2015-04-12,2015年4月12日,晴 /多云,21℃ / 7℃,东风 ≤3级 /东风 ≤3级,晴,多云,21,7,东风,≤3级,东风,≤3级,day
2015-03-23 18:00:00,花溪大道,7、未按规定让行的 ,负全部责任,不负责任,1,贵A5CA03,白色,1,贵A22V66,白色,贵州省长安驾驶培训学校,十一培,2014/3/20 0:00,1999/11/10 0:00,宝马牌,大众汽车牌,364547000000000000 ,364547000000000000 ,199003,198104,18,0,3,工作日,晚高峰(17-19点),2015-03-23,2015年3月23日,多云 /阴,17℃ / 9℃,东北风 ≤3级 /东北风 ≤3级,多云,阴,17,9,东北风,≤3级,东北风,≤3级,day