accidenttime,accidentaddr,driver1fault,driver1responsibility,driver2responsibility,sex1,platenumber1,carcolor1,sex2,platenumber2,carcolor2,jxmc1,jxmc2,cclzrq1,cclzrq2,clpp1,clpp2,driver1license,driver2license,brith1,brith2,hour,weekday,month,is_weekday,peak_hour,date,日期,天气状况,气温,风力风向,day_wea,night_wea,day_tep,night_tep,day_wind_direction,day_wind_speed,night_wind_direction,night_wind_speed,segment
2015-04-28 07:00:00,腾龙湾小区,7、未按规定让行的 ,负全部责任,不负责任,1,湘E5VS33,白色,1,贵A94W79,白色,鑫鑫驾校,十一培,2010/5/19 0:00,1997/7/8 0:00,奥迪牌,荣威牌,74365500000000000 ,364547000000000000 ,198003,196309,7,1,4,工作日,早高峰(7-9点),2015-04-28,2015年4月28日,多云 /多云,25℃ / 15℃,东北风 ≤3级 /东北风 ≤3级,多云,多云,25,15,东北风,≤3级,东北风,≤3级,day
2015-03-21 00:00:00,花果园,7、未按规定让行的 ,负全部责任,不负责任,1,贵GV3265,白色,1,贵ANK861,白色,鑫鑫驾校,十一培,2014/10/11 0:00,1997/2/26 0:00,福克斯牌,北京现代牌,356167000000000000 ,364547000000000000 ,197311,197309,0,5,3,工作日,非高峰,2015-03-21,2015年3月21日,阴 /阴,16℃ / 11℃,东北风 ≤3级 /东南风 ≤3级,阴,阴,16,11,东北风,≤3级,东南风,≤3级,night
2015-05-23 18:20:00,瑞金中路,7、未按规定让行的 ,负全部责任,不负责任,1,贵ALF167,红,0,贵A43X42,白,顺一驾驶培训学校,十一培,2010/5/5 0:00,1998/7/6 0:00,奇瑞牌,别克牌,366861000000000000 ,36455751944651495X,197401,198002,18,5,5,工作日,晚高峰(17-19点),2015-05-23,2015年5月23日,阵雨 /阴,19℃ / 14℃,东北风 ≤3级 /东北风 ≤3级,阵雨,阴,19,14,东北风,≤3级,东北风,≤3级,day
2015-02-06 01:35:00,火车站,7、未按规定让行的 ,负全部责任,不负责任,1,贵A80399,白色,1,贵A2703学,白色,（经开区）顺一驾驶培训有限公司,十一培,2009/7/23 0:00,1998/4/6 0:00,解放牌,-1,364596000000000000 ,364548000000000000 ,198612,195710,1,4,2,工作日,非高峰,2015-02-06,2015年2月6日,多云 /小雨,9℃ / 2℃,南风 ≤3级 /南风 ≤3级,多云,小雨,9,2,南风,≤3级,南风,≤3级,night
2015-04-19 20:00:00,小河,9、不符合前8款规定或者双方同时具有上述情形的,负同等责任,负同等责任,1,贵AC783P,黑,0,贵A64P95,银,顺一驾驶培训学校,十一培,2012/6/19 0:00,1993/9/7 0:00,东风牌,奇瑞牌,364556000000000000 ,364556000000000000 ,199206,196909,20,6,4,周末,非高峰,2015-04-19,2015年4月19日,阵雨 /阵雨,22℃ / 13℃,东北风 ≤3级 /东北风 ≤3级,阵雨,阵雨,22,13,东北风,≤3级,东北风,≤3级,night
2015-04-18 15:10:00,宝福山,8、依法应负全责的其他情形,负全部责任,不负责任,1,贵AKW533,黑色,1,贵AAF878,白色,自培,十一培,2010/11/22 0:00,1996/11/30 0:00,雅阁牌,大众牌,366567000000000000 ,364547000000000000 ,198912,197410,15,5,4,工作日,非高峰,2015-04-18,2015年4月18日,多云 /雷阵雨,29℃ / 16℃,南风 ≤3级 /南风 ≤3级,多云,雷阵雨,29,16,南风,≤3级,南风,≤3级,day
2015-05-25 17:20:00,东山路口,7、未按规定让行的 ,负全部责任,不负责任,1,贵ALR446,蓝,1,贵AU0061,黄,（乌当区）平安驾驶培训有限公司,十一培,2006/4/29 0:00,1990/8/26 0:00,奇瑞牌,万达牌,354647000000000000 ,364548000000000000 ,197911,196503,17,0,5,工作日,晚高峰(17-19点),2015-05-25,2015年5月25日,多云 /阵雨,26℃ / 19℃,东南风 ≤3级 /东南风 ≤3级,多云,阵雨,26,19,东南风,≤3级,东南风,≤3级,day
2015-04-09 11:15:00,花果园,7、未按规定让行的 ,负全部责任,不负责任,1,贵CBX943,白色,1,贵A65P39,白色,贵州平安驾驶培训学校,十一培,2013/4/8 0:00,1998/12/28 0:00,北京现代牌,力帆牌,366269000000000000 ,364557000000000000 ,198609,196507,11,3,4,工作日,非高峰,2015-04-09,2015年4月9日,阴 /小雨,11℃ / 7℃,东北风 ≤3级 /东北风 ≤3级,阴,小雨,11,7,东北风,≤3级,东北风,≤3级,day
2015-05-16 07:00:00,红棉厂,3、倒车的,负全部责任,不负责任,1,贵AB010K,白色,1,贵ACE811,白色,黔丰驾校,十一培,2015/1/13 0:00,1995/9/2 0:00,红旗牌,江淮牌,366046000000000000 ,364556000000000000 ,198511,197109,7,5,5,工作日,早高峰(7-9点),2015-05-16,2015年5月16日,阴 /雷阵雨,23℃ / 17℃,东北风 ≤3级 /东风 ≤3级,阴,雷阵雨,23,17,东北风,≤3级,东风,≤3级,day
2015-04-06 16:30:00,大西门,9、不符合前8款规定或者双方同时具有上述情形的,负同等责任,负同等责任,0,贵A33Z64,银,0,贵AHN614,白,贵州现代驾驶培训责任有限公司,十一培,2011/10/28 0:00,1994/12/19 0:00,雷克萨斯,丰田牌,366061000000000000 ,364548000000000000 ,196708,197512,16,0,4,工作日,非高峰,2015-04-06,2015年4月6日,阵雨 /阵雨,17℃ / 7℃,东北风 ≤3级 /东北风 ≤3级,阵雨,阵雨,17,7,东北风,≤3级,东北风,≤3级,day
2015-03-15 19:30:00,大营坡,7、未按规定让行的 ,负全部责任,不负责任,1,贵CNS588,白,1,贵AA2388,银,现代驾校（南明区）,十一培,2015/3/10 0:00,1994/6/26 0:00,宝骏牌,丰田(TOYOTA)牌,366567000000000000 ,364548000000000000 ,199501,197412,19,6,3,周末,晚高峰(17-19点),2015-03-15,2015年3月15日,阴 /阴,18℃ / 13℃,东风 ≤3级 /南风 ≤3级,阴,阴,18,13,东风,≤3级,南风,≤3级,day
2015-03-16 17:21:00,摆郎立交,1、追尾的,负全部责任,不负责任,1,贵A9147E,白色,1,贵A99052,白色,（花溪区）金马驾驶培训有限公司,十一培,2006/9/13 0:00,1996/5/13 0:00,江淮牌,万达牌,366067000000000000 ,366368000000000000 ,198506,196805,17,0,3,工作日,晚高峰(17-19点),2015-03-16,2015年3月16日,阴 /多云,20℃ / 15℃,南风 ≤3级 /南风 ≤3级,阴,多云,20,15,南风,≤3级,南风,≤3级,day
2015-04-16 09:00:00,新添大道,1、追尾的,负全部责任,不负责任,1,贵AJ4766,白色,1,贵A66271,白色,（南明区）吉源驾驶培训有限公司,十一培,2007/10/22 0:00,1995/8/6 0:00,福田五星牌,望江,364548000000000000 ,366864000000000000 ,198404,197601,9,3,4,工作日,早高峰(7-9点),2015-04-16,2015年4月16日,多云 /多云,29℃ / 17℃,南风 ≤3级 /南风 ≤3级,多云,多云,29,17,南风,≤3级,南风,≤3级,day
2015-05-11 08:20:00,次南门,7、未按规定让行的 ,负全部责任,不负责任,1,贵A82A61,黑,1,贵A6BR03,白,（南明区）吉源驾驶培训有限公司,十一培,2008/1/29 0:00,1990/11/18 0:00,英伦牌,-1,366563000000000000 ,36454751284154097X,197607,196709,8,0,5,工作日,早高峰(7-9点),2015-05-11,2015年5月11日,多云 /多云,24℃ / 13℃,东北风 ≤3级 /东北风 ≤3级,多云,多云,24,13,东北风,≤3级,东北风,≤3级,day
2015-05-08 09:10:00,金厚街,7、未按规定让行的 ,负全部责任,不负责任,1,贵GR7531,黑,1,贵A4BH11,黑,文通驾校,十一培,2011/11/15 0:00,1996/8/30 0:00,-1,大切诺基,364648000000000000 ,364557000000000000 ,198809,196010,9,4,5,工作日,早高峰(7-9点),2015-05-08,2015年5月8日,阵雨 /多云,25℃ / 15℃,东南风 ≤3级 /东北风 ≤3级,阵雨,多云,25,15,东南风,≤3级,东北风,≤3级,day
2015-03-10 20:00:00,东山,1、追尾的,负全部责任,不负责任,1,贵BP9775,白色,1,浙C81678,白色,吉源驾校,十一培,2014/9/17 0:00,1991/6/27 0:00,力之星牌,别克,366369000000000000 ,364547000000000000 ,198403,196408,20,1,3,工作日,非高峰,2015-03-10,2015年3月10日,小雨 /小雨,8℃ / 4℃,东北风 ≤3级 /东北风 ≤3级,小雨,小雨,8,4,东北风,≤3级,东北风,≤3级,night
2015-05-11 08:10:00,贵大茶店分校,1、追尾的,负全部责任,不负责任,1,贵AC571A,白,1,贵AV0985,黄,吉源驾校,十一培,2014/7/20 0:00,1999/8/27 0:00,长安牌,大阳牌,77574500000000000 ,366567000000000000 ,197210,196810,8,0,5,工作日,早高峰(7-9点),2015-05-11,2015年5月11日,多云 /多云,24℃ / 13℃,东北风 ≤3级 /东北风 ≤3级,多云,多云,24,13,东北风,≤3级,东北风,≤3级,day
2015-05-09 14:30:00,瑞金南路,1、追尾的,负全部责任,不负责任,1,贵A2BJ64,白色,1,贵AH9898,白色,（南明区）吉源驾驶培训有限公司,十一培,2009/1/7 0:00,1998/5/14 0:00,大众汽车牌,梅赛德斯-奔驰,364547000000000000 ,364547000000000000 ,198905,197606,14,5,5,工作日,非高峰,2015-05-09,2015年5月9日,阵雨 /阵雨,23℃ / 16℃,东北风 ≤3级 /东南风 ≤3级,阵雨,阵雨,23,16,东北风,≤3级,东南风,≤3级,day
2015-02-11 13:30:00,东山扶风路,7、未按规定让行的 ,负全部责任,不负责任,1,贵A0077L,黑色,1,贵AU0726,白色,文通驾校,十一培,2011/8/3 0:00,1997/2/4 0:00,锋范牌,万达牌,364548000000000000 ,366067000000000000 ,198906,197809,13,2,2,工作日,非高峰,2015-02-11,2015年2月11日,多云 /多云,11℃ / 3℃,东风 ≤3级 /东北风 ≤3级,多云,多云,11,3,东风,≤3级,东北风,≤3级,day
2015-05-27 11:40:00,花果园,7、未按规定让行的 ,负全部责任,不负责任,0,贵A28G58,红,1,贵AU7022,蓝,吉源驾校,十一培,2013/4/26 0:00,1993/12/29 0:00,别克牌,金龙牌,364557000000000000 ,366368000000000000 ,198501,196912,11,2,5,工作日,非高峰,2015-05-27,2015年5月27日,阴 /阵雨,26℃ / 20℃,南风 ≤3级 /东北风 ≤3级,阴,阵雨,26,20,南风,≤3级,东北风,≤3级,day
2015-05-07 21:00:00,枣山路,7、未按规定让行的 ,负全部责任,不负责任,1,贵A28016,红,1,贵AAG194,黄,文通驾校,十一培,2012/10/23 0:00,1993/2/25 0:00,长安,东风雪铁龙牌,366067000000000000 ,364547000000000000 ,197302,197411,21,3,5,工作日,非高峰,2015-05-07,2015年5月7日,阵雨 /雷阵雨,23℃ / 17℃,东南风 ≤3级 /东南风 ≤3级,阵雨,雷阵雨,23,17,东南风,≤3级,东南风,≤3级,night
2015-05-28 00:00:00,珠江路,8、依法应负全责的其他情形,负全部责任,不负责任,1,贵AZ185W,白色,1,贵AL2975,白色,吉源驾校,十一培,2014/5/5 0:00,1997/10/31 0:00,-1,英菲尼迪,354868000000000000 ,366364000000000000 ,199506,196709,0,3,5,工作日,非高峰,2015-05-28,2015年5月28日,多云 /雷阵雨,29℃ / 19℃,南风 ≤3级 /东南风 ≤3级,多云,雷阵雨,29,19,南风,≤3级,东南风,≤3级,night
2015-05-01 12:00:00,二甫,1、追尾的,负全部责任,不负责任,1,贵A04708,红,1,贵ATK233,黑,（观山湖区）诚信驾驶培训有限公司,十一培,2009/4/13 0:00,1992/10/22 0:00,豪泺牌,锋范牌,364557000000000000 ,364547000000000000 ,197503,196101,12,4,5,工作日,非高峰,2015-05-01,2015年5月1日,阵雨 /多云,25℃ / 14℃,东南风 ≤3级 /东北风 ≤3级,阵雨,多云,25,14,东南风,≤3级,东北风,≤3级,day
2015-02-10 08:00:00,孟关大道,8、依法应负全责的其他情形,负全部责任,不负责任,1,贵A5245X,白色,1,贵A2297学,白色,诚信驾驶培训学校,十一培,2013/12/26 0:00,1993/6/16 0:00,北京现代牌,-1,364596000000000000 ,36454651294647395X,199412,196802,8,1,2,工作日,早高峰(7-9点),2015-02-10,2015年2月10日,小雨 /小雨,6℃ / 3℃,东北风 ≤3级 /东风 ≤3级,小雨,小雨,6,3,东北风,≤3级,东风,≤3级,day
2015-02-05 12:05:00,小河三江口场坝,7、未按规定让行的 ,负全部责任,不负责任,1,贵A2D603,白色,1,贵AKV185,白色,顺风驾校,十一培,2015/2/2 0:00,1999/12/1 0:00,大众汽车牌,梅赛德斯-奔驰牌,366061000000000000 ,364548000000000000 ,196912,197203,12,3,2,工作日,非高峰,2015-02-05,2015年2月5日,阴 /阴,3℃ / 0℃,东北风 ≤3级 /东北风 ≤3级,阴,阴,3,0,东北风,≤3级,东北风,≤3级,day
2015-04-15 09:00:00,孟关,1、追尾的,负全部责任,不负责任,1,贵A9970F,黑色,1,贵AU3456,白色,顺风驾校,十一培,2014/6/18 0:00,1999/10/13 0:00,飞度牌,神鹰牌,364556000000000000 ,364547000000000000 ,198901,197311,9,2,4,工作日,早高峰(7-9点),2015-04-15,2015年4月15日,多云 /多云,24℃ / 16℃,东南风 ≤3级 /南风 ≤3级,多云,多云,24,16,东南风,≤3级,南风,≤3级,day
2015-05-26 21:00:00,金华园,4、停车时未挂低速档、未拉驻车制动，导致车辆滑行的,负全部责任,不负责任,1,贵A1241V,红,1,贵A96C33,白,诚信驾驶培训学校,十一培,2014/7/28 0:00,1980/8/28 0:00,东风标致牌,东风标致牌,364547000000000000 ,364547000000000000 ,198908,195601,21,1,5,工作日,非高峰,2015-05-26,2015年5月26日,阵雨 /雷阵雨,26℃ / 20℃,东南风 ≤3级 /东北风 ≤3级,阵雨,雷阵雨,26,20,东南风,≤3级,东北风,≤3级,night
2015-04-22 18:00:00,护国路口,1、追尾的,负全部责任,不负责任,1,贵AG1634,白色,1,贵APL323,白色,自培,十一培,2005/7/11 0:00,1997/7/4 0:00,轰轰烈牌,美亚牌,366262000000000000 ,35616351805645955X,197207,197412,18,2,4,工作日,晚高峰(17-19点),2015-04-22,2015年4月22日,小雨 /小雨,15℃ / 10℃,东北风 ≤3级 /东北风 ≤3级,小雨,小雨,15,10,东北风,≤3级,东北风,≤3级,day
2015-04-08 17:00:00,次南门,1、追尾的,负全部责任,不负责任,1,贵DV1764,白色,1,贵AR6991,白色,全林驾校,十一培,2012/5/30 0:00,1983/10/9 0:00,田达牌,丰田牌,366663000000000000 ,364548000000000000 ,197207,195612,17,2,4,工作日,晚高峰(17-19点),2015-04-08,2015年4月8日,小雨 /小雨,10℃ / 6℃,东北风 ≤3级 /东北风 ≤3级,小雨,小雨,10,6,东北风,≤3级,东北风,≤3级,day
2015-05-05 13:47:00,大营坡,3、倒车的,负全部责任,不负责任,1,贵AC488T,红,1,贵AVH809,蓝,凯信驾校,十一培,2014/1/17 0:00,1999/7/12 0:00,五菱牌,-1,366064000000000000 ,366364000000000000 ,199508,197302,13,1,5,工作日,非高峰,2015-05-05,2015年5月5日,阵雨 /阵雨,21℃ / 15℃,南风 ≤3级 /南风 ≤3级,阵雨,阵雨,21,15,南风,≤3级,南风,≤3级,day
2015-05-23 15:30:00,新添大道,7、未按规定让行的 ,负全部责任,不负责任,1,贵JQ0273,红,1,贵AV3443,黄,凯信驾校,十一培,2014/3/6 0:00,1999/3/31 0:00,-1,兴邦牌,366869000000000000 ,364557000000000000 ,199004,197505,15,5,5,工作日,非高峰,2015-05-23,2015年5月23日,阵雨 /阴,19℃ / 14℃,东北风 ≤3级 /东北风 ≤3级,阵雨,阴,19,14,东北风,≤3级,东北风,≤3级,day
2015-03-22 20:00:00,百花大道,7、未按规定让行的 ,负全部责任,不负责任,1,贵A83W95,红,1,贵A86H51,红,（云岩区）省交通职业技术驾驶培训学校,十一培,2005/11/9 0:00,1999/10/29 0:00,马自达牌,大众汽车牌,364556000000000000 ,364557000000000000 ,198306,196912,20,6,3,周末,非高峰,2015-03-22,2015年3月22日,阵雨 /阵雨,19℃ / 10℃,东南风 ≤3级 /东风 ≤3级,阵雨,阵雨,19,10,东南风,≤3级,东风,≤3级,night
2015-05-20 15:00:00,金朱路,7、未按规定让行的 ,负全部责任,不负责任,0,贵AES199,黑,1,贵CBN917,白,市交校,十一培,2012/4/12 0:00,1999/12/2 0:00,奥迪牌,-1,366068000000000000 ,376770000000000000 ,199012,198011,15,2,5,工作日,非高峰,2015-05-20,2015年5月20日,阴 /阵雨,23℃ / 17℃,东北风 ≤3级 /东北风 ≤3级,阴,阵雨,23,17,东北风,≤3级,东北风,≤3级,day
2015-05-06 17:40:00,头桥,7、未按规定让行的 ,负全部责任,不负责任,1,贵FG3212,白,1,贵AP8882,黑,市交校,十一培,2011/10/22 0:00,1994/2/8 0:00,-1,雷克萨斯,36456751984559395X,364548000000000000 ,198701,197106,17,2,5,工作日,晚高峰(17-19点),2015-05-06,2015年5月6日,多云 /多云,25℃ / 16℃,东北风 ≤3级 /南风 ≤3级,多云,多云,25,16,东北风,≤3级,南风,≤3级,day
2015-03-16 11:45:00,甘荫唐,8、依法应负全责的其他情形,负全部责任,不负责任,1,贵AMG221,白色,1,贵AG2813,黑色,消防驾校,十一培,2011/10/30 0:00,1996/5/7 0:00,起亚牌,力帆牌,354367000000000000 ,366361000000000000 ,197302,197403,11,0,3,工作日,非高峰,2015-03-16,2015年3月16日,阴 /多云,20℃ / 15℃,南风 ≤3级 /南风 ≤3级,阴,多云,20,15,南风,≤3级,南风,≤3级,day
2015-04-25 13:00:00,白云,1、追尾的,负全部责任,不负责任,1,贵GN4045,白,1,贵ARS385,银,消防驾校,十一培,2014/5/5 0:00,1989/7/18 0:00,福克斯牌,吉利牌,364558000000000000 ,366675000000000000 ,199104,197003,13,5,4,工作日,非高峰,2015-04-25,2015年4月25日,阴 /阵雨,20℃ / 11℃,东风 ≤3级 /东南风 ≤3级,阴,阵雨,20,11,东风,≤3级,东南风,≤3级,day
2015-02-05 21:20:00,火车站,5、开关车门的,负全部责任,不负责任,1,贵AJY254,银,1,贵GL4403,红,消防驾校,十一培,2010/8/13 0:00,1999/1/18 0:00,别克牌,雪佛兰,366046000000000000 ,366347000000000000 ,198603,197512,21,3,2,工作日,非高峰,2015-02-05,2015年2月5日,阴 /阴,3℃ / 0℃,东北风 ≤3级 /东北风 ≤3级,阴,阴,3,0,东北风,≤3级,东北风,≤3级,night
2015-05-27 11:00:00,北京西路,1、追尾的,负全部责任,不负责任,1,贵ABV266,红,1,贵AS3461,红,（乌当区）新天驾驶培训有限公司,十一培,2005/1/20 0:00,1999/3/5 0:00,-1,海马牌,36454751384760045X,364558000000000000 ,195703,196606,11,2,5,工作日,非高峰,2015-05-27,2015年5月27日,阴 /阵雨,26℃ / 20℃,南风 ≤3级 /东北风 ≤3级,阴,阵雨,26,20,南风,≤3级,东北风,≤3级,day
2015-03-25 10:10:00,大营路,7、未按规定让行的 ,负全部责任,不负责任,0,贵AKD598,红,1,贵AU6095,蓝,（乌当区）新天驾驶培训有限公司,十一培,2007/8/20 0:00,1997/6/4 0:00,别克牌,捷达牌,364548000000000000 ,364548000000000000 ,197709,196308,10,2,3,工作日,非高峰,2015-03-25,2015年3月25日,阴 /阵雨,14℃ / 9℃,东北风 ≤3级 /东北风 ≤3级,阴,阵雨,14,9,东北风,≤3级,东北风,≤3级,day
2015-05-26 08:00:00,潘桃宫,1、追尾的,负全部责任,不负责任,1,渝B5S997,白色,1,贵A17P21,白色,新天驾校,十一培,2011/2/16 0:00,1996/6/10 0:00,-1,奥迪,357469000000000000 ,364548000000000000 ,197308,197702,8,1,5,工作日,早高峰(7-9点),2015-05-26,2015年5月26日,阵雨 /雷阵雨,26℃ / 20℃,东南风 ≤3级 /东北风 ≤3级,阵雨,雷阵雨,26,20,东南风,≤3级,东北风,≤3级,day
2015-05-28 00:00:00,小河,1、追尾的,负全部责任,不负责任,1,贵AU0016,白色,1,贵AU4984,白色,自培,十一培,2011/3/24 0:00,1997/10/6 0:00,宗申牌,建豪牌,355266000000000000 ,364547000000000000 ,198912,196404,0,3,5,工作日,非高峰,2015-05-28,2015年5月28日,多云 /雷阵雨,29℃ / 19℃,南风 ≤3级 /东南风 ≤3级,多云,雷阵雨,29,19,南风,≤3级,东南风,≤3级,night
2015-05-08 13:30:00,中天花园,1、追尾的,负全部责任,不负责任,1,贵AG2907,白,1,贵A256B4,蓝,（乌当区）新天驾驶培训有限公司,十一培,2011/7/19 0:00,1990/6/26 0:00,钱江牌,新凯牌,354366000000000000 ,364548000000000000 ,197312,195211,13,4,5,工作日,非高峰,2015-05-08,2015年5月8日,阵雨 /多云,25℃ / 15℃,东南风 ≤3级 /东北风 ≤3级,阵雨,多云,25,15,东南风,≤3级,东北风,≤3级,day
2015-05-06 17:15:00,蟠桃宫,1、追尾的,负全部责任,不负责任,1,贵JEE131,白色,1,贵AAY154,白色,长运驾校,十一培,2014/8/28 0:00,1999/4/15 0:00,-1,雅阁牌,366577000000000000 ,364547000000000000 ,198705,196909,17,2,5,工作日,晚高峰(17-19点),2015-05-06,2015年5月6日,多云 /多云,25℃ / 16℃,东北风 ≤3级 /南风 ≤3级,多云,多云,25,16,东北风,≤3级,南风,≤3级,day
2015-04-11 21:00:00,花香村,1、追尾的,负全部责任,不负责任,1,川A3116S,白色,1,贵AV7808,白色,长运驾校,十一培,2014/7/29 0:00,1997/5/16 0:00,华泰圣达菲牌,喜马牌,344678000000000000 ,364547000000000000 ,199012,197008,21,5,4,工作日,非高峰,2015-04-11,2015年4月11日,多云 /多云,15℃ / 9℃,东北风 ≤3级 /东风 ≤3级,多云,多云,15,9,东北风,≤3级,东风,≤3级,night
2015-05-06 12:30:00,中山南路,3、倒车的,负全部责任,不负责任,1,贵JX6801,黑,1,贵JA7486,红,长运驾校,十一培,2014/6/4 0:00,1995/4/29 0:00,-1,-1,364566000000000000 ,36454751215451767X,198611,196910,12,2,5,工作日,非高峰,2015-05-06,2015年5月6日,多云 /多云,25℃ / 16℃,东北风 ≤3级 /南风 ≤3级,多云,多云,25,16,东北风,≤3级,南风,≤3级,day
2015-05-11 09:40:00,中华北路,7、未按规定让行的 ,负全部责任,不负责任,1,贵ACE887,黑,1,贵AU2315,黄,长运驾校,十一培,2014/6/27 0:00,1999/5/5 0:00,翼虎牌,宝来牌,364557000000000000 ,366068000000000000 ,198708,196306,9,0,5,工作日,早高峰(7-9点),2015-05-11,2015年5月11日,多云 /多云,24℃ / 13℃,东北风 ≤3级 /东北风 ≤3级,多云,多云,24,13,东北风,≤3级,东北风,≤3级,day
2015-05-06 13:03:00,云环路,8、依法应负全责的其他情形,负全部责任,不负责任,1,贵AC501P,红,1,贵A91128,黄,路路达驾校,十一培,2014/8/21 0:00,1998/8/18 0:00,杰士达,银钢牌,364558000000000000 ,364558000000000000 ,197712,197803,13,2,5,工作日,非高峰,2015-05-06,2015年5月6日,多云 /多云,25℃ / 16℃,东北风 ≤3级 /南风 ≤3级,多云,多云,25,16,东北风,≤3级,南风,≤3级,day
2015-04-24 17:00:00,白云,1、追尾的,负全部责任,不负责任,1,贵A3789W,白,1,贵AB822T,白,路路达驾校,十一培,2014/4/1 0:00,1999/1/29 0:00,东风日产牌,长安牌,366368000000000000 ,364558000000000000 ,196511,197511,17,4,4,工作日,晚高峰(17-19点),2015-04-24,2015年4月24日,阴 /小雨,16℃ / 11℃,东风 ≤3级 /东风 ≤3级,阴,小雨,16,11,东风,≤3级,东风,≤3级,day
2015-03-25 07:35:00,浦江路,7、未按规定让行的 ,负全部责任,不负责任,1,贵FS3570,白色,1,贵ACS110,白色,（南明区）金大驾驶培训有限公司,十一培,2006/1/16 0:00,1997/10/10 0:00,东风牌,海马牌,366546000000000000 ,364558000000000000 ,198305,195804,7,2,3,工作日,早高峰(7-9点),2015-03-25,2015年3月25日,阴 /阵雨,14℃ / 9℃,东北风 ≤3级 /东北风 ≤3级,阴,阵雨,14,9,东北风,≤3级,东北风,≤3级,day
2015-04-10 15:30:00,金阳,7、未按规定让行的 ,负全部责任,不负责任,1,贵A14H44,银,1,贵A48R75,黑,金大驾校,十一培,2014/4/11 0:00,1998/12/3 0:00,雪佛兰牌,宝马(BMW)牌,364547000000000000 ,364547000000000000 ,198306,195811,15,4,4,工作日,非高峰,2015-04-10,2015年4月10日,小雨 /小雨,12℃ / 8℃,东北风 ≤3级 /东北风 ≤3级,小雨,小雨,12,8,东北风,≤3级,东北风,≤3级,day
2015-02-09 20:30:00,红岩桥,3、倒车的,负全部责任,不负责任,1,贵AWZ759,白色,1,贵AM6665,白色,金大驾校,十一培,2012/11/26 0:00,1991/10/27 0:00,别克牌,中华牌,364547000000000000 ,364548000000000000 ,198511,196203,20,0,2,工作日,非高峰,2015-02-09,2015年2月9日,阴 /小雨,6℃ / 4℃,东北风 ≤3级 /东北风 ≤3级,阴,小雨,6,4,东北风,≤3级,东北风,≤3级,night
2015-03-23 08:35:00,黔林山路,1、追尾的,负全部责任,不负责任,1,贵JBG323,白,1,贵A66S66,白,蓝天驾校,十一培,2011/2/17 0:00,1993/7/5 0:00,长安牌,别克牌,364548000000000000 ,364547000000000000 ,199001,197006,8,0,3,工作日,早高峰(7-9点),2015-03-23,2015年3月23日,多云 /阴,17℃ / 9℃,东北风 ≤3级 /东北风 ≤3级,多云,阴,17,9,东北风,≤3级,东北风,≤3级,day
2015-02-09 08:20:00,宝山路,1、追尾的,负全部责任,不负责任,1,贵AHY911,黑,1,贵A9AP21,黑,（南明区）阳光驾驶培训有限公司,十一培,2004/12/17 0:00,1997/3/25 0:00,比亚迪牌,北京现代牌,366067000000000000 ,366367000000000000 ,198201,197311,8,0,2,工作日,早高峰(7-9点),2015-02-09,2015年2月9日,阴 /小雨,6℃ / 4℃,东北风 ≤3级 /东北风 ≤3级,阴,小雨,6,4,东北风,≤3级,东北风,≤3级,day
2015-03-17 16:30:00,湘雅村,7、未按规定让行的 ,负全部责任,不负责任,1,贵A84W33,白,1,贵AMX297,黄,自培,十一培,2005/4/20 0:00,1995/12/22 0:00,雪佛兰牌,江铃牌,364547000000000000 ,366347000000000000 ,198504,196305,16,1,3,工作日,非高峰,2015-03-17,2015年3月17日,多云 /多云,25℃ / 14℃,南风 ≤3级 /南风 ≤3级,多云,多云,25,14,南风,≤3级,南风,≤3级,day
2015-04-12 11:20:00,南明区机场,8、依法应负全责的其他情形,负全部责任,不负责任,0,贵A74S17,白,1,贵E72777,白,（南明区）阳光驾驶培训有限公司,十一培,2005/2/4 0:00,1993/7/6 0:00,奥迪,大众汽车牌,364548000000000000 ,364547000000000000 ,196802,196312,11,6,4,周末,非高峰,2015-04-12,2015年4月12日,晴 /多云,21℃ / 7℃,东风 ≤3级 /东风 ≤3级,晴,多云,21,7,东风,≤3级,东风,≤3级,day
2015-05-09 15:00:00,玉厂路,8、依法应负全责的其他情形,负全部责任,不负责任,1,贵JDZ784,白色,1,贵A275G7,白色,阳光驾校,十一培,2011/6/28 0:00,1994/11/22 0:00,-1,江铃牌,364547000000000000 ,364547000000000000 ,198812,196710,15,5,5,工作日,非高峰,2015-05-09,2015年5月9日,阵雨 /阵雨,23℃ / 16℃,东北风 ≤3级 /东南风 ≤3级,阵雨,阵雨,23,16,东北风,≤3级,东南风,≤3级,day
2015-05-25 08:40:00,下坝隧道,1、追尾的,负全部责任,不负责任,1,贵A4917M,白,1,贵A81806,红,（南明区）阳光驾驶培训有限公司,十一培,2007/1/23 0:00,1988/10/25 0:00,五菱牌,五菱牌,364556000000000000 ,364547000000000000 ,196908,196204,8,0,5,工作日,早高峰(7-9点),2015-05-25,2015年5月25日,多云 /阵雨,26℃ / 19℃,东南风 ≤3级 /东南风 ≤3级,多云,阵雨,26,19,东南风,≤3级,东南风,≤3级,day