accidenttime,accidentaddr,driver1fault,driver1responsibility,driver2responsibility,sex1,platenumber1,carcolor1,sex2,platenumber2,carcolor2,jxmc1,jxmc2,cclzrq1,cclzrq2,clpp1,clpp2,driver1license,driver2license,brith1,brith2,hour,weekday,month,is_weekday,peak_hour,date,日期,天气状况,气温,风力风向,day_wea,night_wea,day_tep,night_tep,day_wind_direction,day_wind_speed,night_wind_direction,night_wind_speed,segment
2015-04-27 08:14:00,花溪大道,6、违反交通信号的,负全部责任,不负责任,1,贵AU6723,绿,1,贵71A64,黄,（南明区）阳光驾驶培训有限公司,十一培,2010/1/6 0:00,1994/1/9 0:00,蜀都牌,-1,354662000000000000 ,364556000000000000 ,196709,197509,8,0,4,工作日,早高峰(7-9点),2015-04-27,2015年4月27日,阴 /雷阵雨,21℃ / 14℃,东南风 ≤3级 /东北风 ≤3级,阴,雷阵雨,21,14,东南风,≤3级,东北风,≤3级,day
2015-05-22 18:00:00,花溪,8、依法应负全责的其他情形,负全部责任,不负责任,1,贵CGP822,白色,1,贵AKY129,白色,（南明区）阳光驾驶培训有限公司,十一培,2006/9/29 0:00,1996/7/10 0:00,-1,丰田牌,366563000000000000 ,36636351315540447X,197605,195911,18,4,5,工作日,晚高峰(17-19点),2015-05-22,2015年5月22日,阵雨 /阵雨,19℃ / 14℃,东风 ≤3级 /东风 ≤3级,阵雨,阵雨,19,14,东风,≤3级,东风,≤3级,day
2015-04-23 08:00:00,恒大城,7、未按规定让行的 ,负全部责任,不负责任,1,贵AX6254,黑,1,贵GL5786,银,（花溪区）仁武驾驶培训有限公司,十一培,2008/8/29 0:00,1998/10/20 0:00,五菱牌,英伦牌,66567500000000000 ,364558000000000000 ,197503,196607,8,3,4,工作日,早高峰(7-9点),2015-04-23,2015年4月23日,阴 /小雨,16℃ / 10℃,东北风 ≤3级 /东北风 ≤3级,阴,小雨,16,10,东北风,≤3级,东北风,≤3级,day
2015-04-21 07:50:00,瑞金北路,7、未按规定让行的 ,负同等责任,负同等责任,0,贵A82R83,银,1,贵AU7376,蓝,（花溪区）仁武驾驶培训有限公司,十一培,2011/4/20 0:00,1995/2/28 0:00,东风日产牌,宇通牌,366361000000000000 ,364547000000000000 ,197506,197110,7,1,4,工作日,早高峰(7-9点),2015-04-21,2015年4月21日,阴 /阵雨,17℃ / 10℃,东北风 ≤3级 /东北风 ≤3级,阴,阵雨,17,10,东北风,≤3级,东北风,≤3级,day
2015-04-04 11:20:00,浣纱桥,1、追尾的,负全部责任,不负责任,1,贵AA8740,白色,1,贵AKG138,白色,（观山湖区）蓝天驾驶培训有限公司,十一培,2006/11/22 0:00,1998/4/1 0:00,东风日产牌,东南牌,364547000000000000 ,364548000000000000 ,198609,195408,11,5,4,工作日,非高峰,2015-04-04,2015年4月4日,多云 /多云,29℃ / 18℃,南风 ≤3级 /南风 ≤3级,多云,多云,29,18,南风,≤3级,南风,≤3级,day
2015-04-18 00:00:00,西南商贸城,1、追尾的,负全部责任,不负责任,1,贵AMN091,蓝,1,贵A11V38,白,蓝天驾校,十一培,2013/4/22 0:00,1986/1/27 0:00,比亚迪,吉利牌,364557000000000000 ,364558000000000000 ,199306,194811,0,5,4,工作日,非高峰,2015-04-18,2015年4月18日,多云 /雷阵雨,29℃ / 16℃,南风 ≤3级 /南风 ≤3级,多云,雷阵雨,29,16,南风,≤3级,南风,≤3级,night
2015-04-08 13:10:00,头桥,3、倒车的,负全部责任,不负责任,0,贵A48R24,黑,1,贵AU6197,蓝,时发驾校,十一培,2012/8/13 0:00,1996/12/28 0:00,起亚牌,捷达牌,36634651974841090X,364548000000000000 ,198307,197510,13,2,4,工作日,非高峰,2015-04-08,2015年4月8日,小雨 /小雨,10℃ / 6℃,东北风 ≤3级 /东北风 ≤3级,小雨,小雨,10,6,东北风,≤3级,东北风,≤3级,day
2015-04-08 16:20:00,大南门转盘,1、追尾的,负全部责任,不负责任,1,贵AU0112,白色,1,贵A38Z61,白色,（白云区）景宏驾驶培训有限公司,十一培,2007/10/17 0:00,1982/4/9 0:00,瑞麒牌,丰田牌,364547000000000000 ,364548000000000000 ,197503,196412,16,2,4,工作日,非高峰,2015-04-08,2015年4月8日,小雨 /小雨,10℃ / 6℃,东北风 ≤3级 /东北风 ≤3级,小雨,小雨,10,6,东北风,≤3级,东北风,≤3级,day
2015-04-16 07:10:00,东二环,1、追尾的,负全部责任,不负责任,1,贵ATB846,白色,1,贵GT2633,白色,新华驾校,十一培,2011/6/30 0:00,1996/6/25 0:00,雪佛兰牌,起亚牌,675444000000000000 ,364547000000000000 ,198407,195707,7,3,4,工作日,早高峰(7-9点),2015-04-16,2015年4月16日,多云 /多云,29℃ / 17℃,南风 ≤3级 /南风 ≤3级,多云,多云,29,17,南风,≤3级,南风,≤3级,day
2015-04-18 12:50:00,花溪,1、追尾的,负全部责任,不负责任,1,贵JDC125,白色,1,贵A73H81,白色,惠水县黔岭机动车驾驶培训有限公司,十一培,2014/12/18 0:00,1999/1/14 0:00,长城牌,途锐,366876000000000000 ,364551000000000000 ,199108,198008,12,5,4,工作日,非高峰,2015-04-18,2015年4月18日,多云 /雷阵雨,29℃ / 16℃,南风 ≤3级 /南风 ≤3级,多云,雷阵雨,29,16,南风,≤3级,南风,≤3级,day
2015-03-10 09:58:00,金阳北路,7、未按规定让行的 ,负全部责任,不负责任,0,贵ABE315,银,1,贵AU0864,蓝,黔南州兴鑫汽车驾驶培训学校,十一培,2013/7/9 0:00,1999/8/31 0:00,奥迪牌,宝来牌,366846000000000000 ,364557000000000000 ,198401,197810,9,1,3,工作日,早高峰(7-9点),2015-03-10,2015年3月10日,小雨 /小雨,8℃ / 4℃,东北风 ≤3级 /东北风 ≤3级,小雨,小雨,8,4,东北风,≤3级,东北风,≤3级,day
2015-03-04 12:00:00,盐务街,3、倒车的,负全部责任,不负责任,1,贵A5BJ58,白,1,贵AL5832,银,铁二局驾校,十一培,2015/1/23 0:00,1995/3/4 0:00,大众牌,别克牌,364548000000000000 ,366346000000000000 ,195607,197512,12,2,3,工作日,非高峰,2015-03-04,2015年3月4日,小雨 /小雨,6℃ / 1℃,东北风 ≤3级 /东北风 ≤3级,小雨,小雨,6,1,东北风,≤3级,东北风,≤3级,day
2015-04-16 21:00:00,北京西路,1、追尾的,负全部责任,不负责任,1,贵ADX785,黑,1,贵AB004G,黑,黔南州华晟驾驶培训学校,十一培,2012/2/3 0:00,1989/12/11 0:00,江铃全顺牌,飞度牌,36686751914859755X,364547000000000000 ,198907,196711,21,3,4,工作日,非高峰,2015-04-16,2015年4月16日,多云 /多云,29℃ / 17℃,南风 ≤3级 /南风 ≤3级,多云,多云,29,17,南风,≤3级,南风,≤3级,night
2015-04-17 09:40:00,油榨街,1、追尾的,负全部责任,不负责任,1,贵ANG129,白色,1,贵A81274,白色,黔南金都汽车驾驶学校,十一培,2012/4/9 0:00,1998/9/11 0:00,丰田牌,楚胜牌,354677000000000000 ,364557000000000000 ,198101,198007,9,4,4,工作日,早高峰(7-9点),2015-04-17,2015年4月17日,多云 /多云,28℃ / 19℃,南风 ≤3级 /南风 ≤3级,多云,多云,28,19,南风,≤3级,南风,≤3级,day
2015-04-14 12:30:00,小河,1、追尾的,负全部责任,不负责任,1,浙G9S169,白色,1,贵AU6932,白色,黔东南州中信达驾驶培训学校,十一培,2012/5/31 0:00,1992/10/7 0:00,大通牌,嘉冠牌,366262000000000000 ,364548000000000000 ,198609,197201,12,1,4,工作日,非高峰,2015-04-14,2015年4月14日,晴 /多云,22℃ / 9℃,东风 ≤3级 /东风 ≤3级,晴,多云,22,9,东风,≤3级,东风,≤3级,day
2015-05-18 12:20:00,二铺,3、倒车的,负全部责任,不负责任,1,贵AHH667,黑,1,贵AJ6762,白,无,十一培,2004/12/16 0:00,1994/7/3 0:00,思威牌,神龙-富康,366566000000000000 ,364558000000000000 ,197002,197003,12,0,5,工作日,非高峰,2015-05-18,2015年5月18日,多云 /多云,25℃ / 18℃,东北风 ≤3级 /东北风 ≤3级,多云,多云,25,18,东北风,≤3级,东北风,≤3级,day
2015-04-15 11:10:00,瑞北路,1、追尾的,负全部责任,不负责任,1,贵CQ2175,银,1,贵AJC541,白,遵义神舟驾驶学校有限公司,十一培,2011/6/28 0:00,1993/9/22 0:00,长城牌,思威牌,366862000000000000 ,364548000000000000 ,198208,196504,11,2,4,工作日,非高峰,2015-04-15,2015年4月15日,多云 /多云,24℃ / 16℃,东南风 ≤3级 /南风 ≤3级,多云,多云,24,16,东南风,≤3级,南风,≤3级,day
2015-03-19 11:10:00,飞山街,8、依法应负全责的其他情形,负同等责任,负同等责任,1,贵ASJ228,白,1,贵AR4748,黑,遵义神舟驾驶学校有限公司,十一培,2012/8/15 0:00,1995/9/16 0:00,东风日产牌,钱江牌,366546000000000000 ,364548000000000000 ,197006,197108,11,3,3,工作日,非高峰,2015-03-19,2015年3月19日,多云 /阵雨,26℃ / 12℃,南风 ≤3级 /东北风 ≤3级,多云,阵雨,26,12,南风,≤3级,东北风,≤3级,day
2015-05-25 15:00:00,二戈寨,7、未按规定让行的 ,负全部责任,不负责任,1,贵GK8235,白色,1,贵AG4467,白色,自培,十一培,2008/12/16 0:00,1995/12/18 0:00,-1,华泰特拉卡,344676000000000000 ,364558000000000000 ,198708,197312,15,0,5,工作日,非高峰,2015-05-25,2015年5月25日,多云 /阵雨,26℃ / 19℃,东南风 ≤3级 /东南风 ≤3级,多云,阵雨,26,19,东南风,≤3级,东南风,≤3级,day
2015-05-27 10:00:00,珠江路,3、倒车的,负全部责任,不负责任,1,贵A074H8,白色,1,贵A46J59,白色,铁二局驾校,十一培,2012/12/12 0:00,1998/11/9 0:00,江淮牌,东风雪铁龙牌,366067000000000000 ,364547000000000000 ,199409,197505,10,2,5,工作日,非高峰,2015-05-27,2015年5月27日,阴 /阵雨,26℃ / 20℃,南风 ≤3级 /东北风 ≤3级,阴,阵雨,26,20,南风,≤3级,东北风,≤3级,day
2015-03-14 10:00:00,宝山南路,7、未按规定让行的 ,负全部责任,不负责任,1,贵A7BZ91,白色,1,贵AU7755,白色,铁二局驾校,十一培,2014/8/14 0:00,1998/5/4 0:00,奥迪牌,恒通客车牌,27454051295569636X,364548000000000000 ,196811,197412,10,5,3,工作日,非高峰,2015-03-14,2015年3月14日,阴 /阴,17℃ / 12℃,南风 ≤3级 /东南风 ≤3级,阴,阴,17,12,南风,≤3级,东南风,≤3级,day
2015-04-25 17:10:00,二戈寨,7、未按规定让行的 ,负全部责任,不负责任,1,贵JBT731,白色,1,贵FV0841,白色,铁二局驾校,十一培,2013/4/28 0:00,1987/3/21 0:00,北京现代牌,北京现代牌,355468000000000000 ,355447000000000000 ,199312,196704,17,5,4,工作日,晚高峰(17-19点),2015-04-25,2015年4月25日,阴 /阵雨,20℃ / 11℃,东风 ≤3级 /东南风 ≤3级,阴,阵雨,20,11,东风,≤3级,东南风,≤3级,day
2015-05-18 14:00:00,新华路,4、停车时未挂低速档、未拉驻车制动，导致车辆滑行的,负全部责任,不负责任,1,贵A8BY41,白色,1,贵A61M28,白色,铁二局驾校,十一培,2012/6/27 0:00,1983/12/22 0:00,奥迪牌,长安牌,366569000000000000 ,364547000000000000 ,199304,195411,14,0,5,工作日,非高峰,2015-05-18,2015年5月18日,多云 /多云,25℃ / 18℃,东北风 ≤3级 /东北风 ≤3级,多云,多云,25,18,东北风,≤3级,东北风,≤3级,day
2015-04-06 12:50:00,宾阳大道,8、依法应负全责的其他情形,负全部责任,不负责任,1, 贵A95705,蓝,1,贵A68831,蓝,黔西县宏远黔职驾校有限公司,十一培,2014/6/23 0:00,1997/1/3 0:00,-1,奥拓,366068000000000000 ,366368000000000000 ,198308,197611,12,0,4,工作日,非高峰,2015-04-06,2015年4月6日,阵雨 /阵雨,17℃ / 7℃,东北风 ≤3级 /东北风 ≤3级,阵雨,阵雨,17,7,东北风,≤3级,东北风,≤3级,day
2015-04-25 15:30:00,中华南路,7、未按规定让行的 ,负全部责任,不负责任,1,贵FB2915,白色,1,贵AHY159,白色,纳雍县顺达汽车驾驶培训有限公司,十一培,2012/3/13 0:00,1993/1/13 0:00,望江牌,大众牌,366063000000000000 ,366664000000000000 ,198606,196810,15,5,4,工作日,非高峰,2015-04-25,2015年4月25日,阴 /阵雨,20℃ / 11℃,东风 ≤3级 /东南风 ≤3级,阴,阵雨,20,11,东风,≤3级,东南风,≤3级,day
2015-05-30 09:00:00,鹿冲关,3、倒车的,负全部责任,不负责任,1,贵AAK272,白色,1,贵ASK942,白色,瓮安县鑫源驾驶培训学校,十一培,2014/3/27 0:00,1991/2/28 0:00,红宇牌,东风日产牌,366864000000000000 ,364547000000000000 ,198803,196304,9,5,5,工作日,早高峰(7-9点),2015-05-30,2015年5月30日,阵雨 /阵雨,23℃ / 17℃,东北风 ≤3级 /东风 ≤3级,阵雨,阵雨,23,17,东北风,≤3级,东风,≤3级,day
2015-03-12 08:40:00,宾阳大道,1、追尾的,负全部责任,不负责任,1,贵BY4886,白,1,贵AU6614,绿,六盘水达安驾驶培训有限公司,十一培,2012/11/13 0:00,1999/2/11 0:00,大众牌,大众牌,364646000000000000 ,364548000000000000 ,198504,196911,8,3,3,工作日,早高峰(7-9点),2015-03-12,2015年3月12日,多云 /多云,16℃ / 10℃,南风 ≤3级 /南风 ≤3级,多云,多云,16,10,南风,≤3级,南风,≤3级,day
2015-05-04 08:00:00,五眼桥,8、依法应负全责的其他情形,负全部责任,不负责任,1,贵AC084S,白色,1,贵AJ5119,白色,关岭自治县顺意汽车驾驶培训学校,十一培,2014/3/24 0:00,1997/6/25 0:00,解放牌,蒙迪欧,366370000000000000 ,364547000000000000 ,198609,197109,8,0,5,工作日,早高峰(7-9点),2015-05-04,2015年5月4日,阵雨 /阵雨,20℃ / 14℃,东北风 ≤3级 /东北风 ≤3级,阵雨,阵雨,20,14,东北风,≤3级,东北风,≤3级,day
2015-04-05 12:50:00,云岩区,3、倒车的,负全部责任,不负责任,1,贵A74W89,白,1,贵AFD566,红,安顺市陆陆顺驾校,十一培,2012/4/5 0:00,1991/8/24 0:00,吉利牌,丰田牌,364548000000000000 ,364547000000000000 ,196002,196412,12,6,4,周末,非高峰,2015-04-05,2015年4月5日,阴 /阵雨,30℃ / 12℃,南风 ≤3级 /东北风 ≤3级,阴,阵雨,30,12,南风,≤3级,东北风,≤3级,day
2015-05-16 15:20:00,花果园,7、未按规定让行的 ,负全部责任,不负责任,0,贵DDF159,黑,1,贵AYM727,白,沿河县鸿发汽车驾驶培训有限公司,十一培,2014/12/10 0:00,1994/12/13 0:00,-1,桑塔纳,366670000000000000 ,364556000000000000 ,197804,197410,15,5,5,工作日,非高峰,2015-05-16,2015年5月16日,阴 /雷阵雨,23℃ / 17℃,东北风 ≤3级 /东风 ≤3级,阴,雷阵雨,23,17,东北风,≤3级,东风,≤3级,day
2015-04-24 20:30:00,花溪,1、追尾的,负全部责任,不负责任,1,贵A2902T,白色,1,贵AEL815,白色,自培,十一培,2012/1/19 0:00,1997/8/15 0:00,北斗星牌,夏利牌,364556000000000000 ,364547000000000000 ,199102,196401,20,4,4,工作日,非高峰,2015-04-24,2015年4月24日,阴 /小雨,16℃ / 11℃,东风 ≤3级 /东风 ≤3级,阴,小雨,16,11,东风,≤3级,东风,≤3级,night
2015-05-03 11:19:00,白云区, ,负全部责任,不负责任,1,贵A28L92,白,1,贵AU5393,黄,（南明区）贵工大驾驶培训有限公司,十一培,2010/6/1 0:00,1992/9/15 0:00,东风标致牌,豪爵牌,366669000000000000 ,364558000000000000 ,198411,197004,11,6,5,周末,非高峰,2015-05-03,2015年5月3日,阵雨 /阵雨,25℃ / 15℃,东北风 ≤3级 /东北风 ≤3级,阵雨,阵雨,25,15,东北风,≤3级,东北风,≤3级,day
2015-05-25 09:25:00,师大,7、未按规定让行的 ,负全部责任,不负责任,1,贵A8CC20,白,0,贵A14F33,白,贵工大驾校（南明区）,十一培,2015/5/12 0:00,1995/7/1 0:00,名爵牌,东风雪铁龙牌,366347000000000000 ,364548000000000000 ,198611,197610,9,0,5,工作日,早高峰(7-9点),2015-05-25,2015年5月25日,多云 /阵雨,26℃ / 19℃,东南风 ≤3级 /东南风 ≤3级,多云,阵雨,26,19,东南风,≤3级,东南风,≤3级,day
2015-04-03 16:35:00,北京西路,8、依法应负全责的其他情形,负全部责任,不负责任,1,贵A86C42,白,1,贵AU3162,绿,贵工驾校,十一培,2011/7/28 0:00,1996/9/4 0:00,东风标致牌,瑞麒牌,254076000000000000 ,364548000000000000 ,198103,195605,16,4,4,工作日,非高峰,2015-04-03,2015年4月3日,多云 /多云,30℃ / 19℃,南风 ≤3级 /南风 ≤3级,多云,多云,30,19,南风,≤3级,南风,≤3级,day
2015-05-30 18:00:00,富源北路,7、未按规定让行的 ,负全部责任,不负责任,1,贵A6CB66,白色,1,贵AJ1256,白色,自培,十一培,2006/2/6 0:00,1995/7/26 0:00,马自达牌,昌河,366361000000000000 ,364547000000000000 ,197212,197510,18,5,5,工作日,晚高峰(17-19点),2015-05-30,2015年5月30日,阵雨 /阵雨,23℃ / 17℃,东北风 ≤3级 /东风 ≤3级,阵雨,阵雨,23,17,东北风,≤3级,东风,≤3级,day
2015-04-29 08:40:00,花果园立交桥,7、未按规定让行的 ,负全部责任,不负责任,1,贵A85M31,白色,1,贵GR9511,白色,十一驾驶培训有限公司,十一培,2012/5/31 0:00,1994/10/31 0:00,东风日产牌,别克牌,64555500000000000 ,366368000000000000 ,197908,196801,8,2,4,工作日,早高峰(7-9点),2015-04-29,2015年4月29日,阵雨 /阵雨,26℃ / 16℃,东北风 ≤3级 /东南风 ≤3级,阵雨,阵雨,26,16,东北风,≤3级,东南风,≤3级,day
2015-05-13 18:10:00,新华路,1、追尾的,负全部责任,不负责任,0,贵A97L81,白,1,贵AJ0363,黑,贵州省长安驾驶培训学校,十一培,2014/12/16 0:00,1997/4/24 0:00,丰田牌,梅赛德斯-奔驰牌,36454751904166766X,355463000000000000 ,198409,196801,18,2,5,工作日,晚高峰(17-19点),2015-05-13,2015年5月13日,多云 /阵雨,26℃ / 19℃,东南风 ≤3级 /东南风 ≤3级,多云,阵雨,26,19,东南风,≤3级,东南风,≤3级,day
2015-05-03 16:10:00,宝山北路,9、不符合前8款规定或者双方同时具有上述情形的,负全部责任,不负责任,1,贵A4364G,白,1,贵ALW756,红,贵州省长安驾驶培训学校,十一培,2014/12/23 0:00,1998/2/26 0:00,起亚牌,福克斯牌,366046000000000000 ,364547000000000000 ,199208,197808,16,6,5,周末,非高峰,2015-05-03,2015年5月3日,阵雨 /阵雨,25℃ / 15℃,东北风 ≤3级 /东北风 ≤3级,阵雨,阵雨,25,15,东北风,≤3级,东北风,≤3级,day
2015-03-16 17:00:00,贵阳一中,1、追尾的,负全部责任,不负责任,1,贵ADS168,红,1,贵AEM384,白,鑫鑫驾校,十一培,2012/11/9 0:00,1998/10/30 0:00,北京现代,途锐,366361000000000000 ,364557000000000000 ,197512,197201,17,0,3,工作日,晚高峰(17-19点),2015-03-16,2015年3月16日,阴 /多云,20℃ / 15℃,南风 ≤3级 /南风 ≤3级,阴,多云,20,15,南风,≤3级,南风,≤3级,day
2015-05-23 13:00:00,珠江路,1、追尾的,负全部责任,不负责任,1,贵A66P17,白色,1,贵AWY652,白色,鑫鑫驾校,十一培,2011/12/26 0:00,1996/12/28 0:00,丰田牌,翼虎牌,364648000000000000 ,364548000000000000 ,198701,196204,13,5,5,工作日,非高峰,2015-05-23,2015年5月23日,阵雨 /阴,19℃ / 14℃,东北风 ≤3级 /东北风 ≤3级,阵雨,阴,19,14,东北风,≤3级,东北风,≤3级,day
2015-03-16 20:55:00,小河平桥,7、未按规定让行的 ,负全部责任,不负责任,1,贵AB888C,白色,1,贵ALR338,白色,顺一驾驶培训学校,十一培,2011/5/16 0:00,1998/9/14 0:00,福特锐界,夏利牌,364556000000000000 ,364547000000000000 ,197407,195403,20,0,3,工作日,非高峰,2015-03-16,2015年3月16日,阴 /多云,20℃ / 15℃,南风 ≤3级 /南风 ≤3级,阴,多云,20,15,南风,≤3级,南风,≤3级,night
2015-05-24 16:00:00,永乐路,3、倒车的,负全部责任,不负责任,1,贵A18A55,白色,1,贵CAA094,白色,顺一驾驶培训学校,十一培,2012/3/6 0:00,1987/6/21 0:00,华泰圣达菲牌,-1,364547000000000000 ,366347000000000000 ,197912,196808,16,6,5,周末,非高峰,2015-05-24,2015年5月24日,多云 /阴,24℃ / 18℃,东风 ≤3级 /东南风 ≤3级,多云,阴,24,18,东风,≤3级,东南风,≤3级,day
2015-04-21 13:00:00,贵安大道,1、追尾的,负全部责任,不负责任,1,贵A83A51,白色,1,贵A57S72,白色,（经开区）顺一驾驶培训有限公司,十一培,2009/11/10 0:00,1996/12/26 0:00,丰田牌,梅赛德斯-奔驰牌,366563000000000000 ,364548000000000000 ,198201,196909,13,1,4,工作日,非高峰,2015-04-21,2015年4月21日,阴 /阵雨,17℃ / 10℃,东北风 ≤3级 /东北风 ≤3级,阴,阵雨,17,10,东北风,≤3级,东北风,≤3级,day
2015-03-08 20:00:00,三桥,7、未按规定让行的 ,负全部责任,不负责任,1,贵GR4491,白,1,贵AU6381,绿,青正驾校,十一培,2013/7/24 0:00,1994/9/25 0:00,万虎牌,捷达牌,366761000000000000 ,364548000000000000 ,197712,196207,20,6,3,周末,非高峰,2015-03-08,2015年3月8日,小雨 /阴,11℃ / 6℃,东北风 ≤3级 /东北风 ≤3级,小雨,阴,11,6,东北风,≤3级,东北风,≤3级,night
2015-05-26 13:00:00,白云区,1、追尾的,负全部责任,不负责任,1,贵AA682S,蓝,1,贵A3CG96,红,青正驾校,十一培,2014/10/24 0:00,1994/2/22 0:00,-1,起亚牌,366064000000000000 ,364558000000000000 ,198511,195712,13,1,5,工作日,非高峰,2015-05-26,2015年5月26日,阵雨 /雷阵雨,26℃ / 20℃,东南风 ≤3级 /东北风 ≤3级,阵雨,雷阵雨,26,20,东南风,≤3级,东北风,≤3级,day
2015-03-26 10:30:00,小河四方河,7、未按规定让行的 ,负全部责任,不负责任,1,贵AU0844,白色,1,贵ASR885,白色,（乌当区）平安驾驶培训有限公司,十一培,2008/12/29 0:00,1992/8/4 0:00,奇瑞牌,东风日产牌,344668000000000000 ,364548000000000000 ,199006,195311,10,3,3,工作日,非高峰,2015-03-26,2015年3月26日,阴 /阵雨,17℃ / 12℃,南风 ≤3级 /南风 ≤3级,阴,阵雨,17,12,南风,≤3级,南风,≤3级,day
2015-05-19 13:10:00,都司路,8、依法应负全责的其他情形,负全部责任,不负责任,0,贵AGA381,红,1,贵A5BY42,蓝,（南明区）现代驾驶培训有限公司,十一培,2008/12/5 0:00,1994/5/30 0:00,丰田牌,马自达牌,366566000000000000 ,366846000000000000 ,196210,197509,13,1,5,工作日,非高峰,2015-05-19,2015年5月19日,阵雨 /大雨,25℃ / 18℃,东北风 ≤3级 /南风 ≤3级,阵雨,大雨,25,18,东北风,≤3级,南风,≤3级,day
2015-03-14 23:49:00,太慈桥,3、倒车的,负全部责任,不负责任,1,贵ARL093,白色,1,贵A23R48,黑色,（南明区）现代驾驶培训有限公司,十一培,2009/4/17 0:00,1998/10/30 0:00,吉利牌,东风日产牌,366067000000000000 ,364547000000000000 ,197112,197701,23,5,3,工作日,非高峰,2015-03-14,2015年3月14日,阴 /阴,17℃ / 12℃,南风 ≤3级 /东南风 ≤3级,阴,阴,17,12,南风,≤3级,东南风,≤3级,night
2015-04-19 11:40:00,嘉润路,1、追尾的,负全部责任,不负责任,1,贵A5VV10,白色,1,贵ALB143,白色,（南明区）现代驾驶培训有限公司,十一培,2010/8/16 0:00,1993/6/9 0:00,-1,五菱牌,36454651944856390X,364547000000000000 ,198007,195812,11,6,4,周末,非高峰,2015-04-19,2015年4月19日,阵雨 /阵雨,22℃ / 13℃,东北风 ≤3级 /东北风 ≤3级,阵雨,阵雨,22,13,东北风,≤3级,东北风,≤3级,day
2015-05-01 11:00:00,珠江路,3、倒车的,负全部责任,不负责任,1,贵A3BK64,白色,1,贵A89R24,黑色,贵州现代驾驶培训责任有限公司,十一培,2013/4/1 0:00,1997/9/2 0:00,别克牌,-1,364551000000000000 ,366363000000000000 ,198305,197908,11,4,5,工作日,非高峰,2015-05-01,2015年5月1日,阵雨 /多云,25℃ / 14℃,东南风 ≤3级 /东北风 ≤3级,阵雨,多云,25,14,东南风,≤3级,东北风,≤3级,day
2015-02-03 12:28:00,宝山南路,3、倒车的,负全部责任,不负责任,1,贵GA7795,灰色,1,贵ANA667,白色,（南明区）吉源驾驶培训有限公司,十一培,2005/11/14 0:00,1980/7/13 0:00,长城牌,北京,366663000000000000 ,36687451395549445X,197708,195811,12,1,2,工作日,非高峰,2015-02-03,2015年2月3日,小雨 /小雨,6℃ / 1℃,东北风 ≤3级 /东北风 ≤3级,小雨,小雨,6,1,东北风,≤3级,东北风,≤3级,day
2015-03-23 16:00:00,中华北路,1、追尾的,负全部责任,不负责任,1,贵A5AR96,白,1,贵AU4984,绿,吉源驾校,十一培,2014/1/8 0:00,1993/2/23 0:00,长城牌,建豪牌,364568000000000000 ,36454751325547405X,199402,195611,16,0,3,工作日,非高峰,2015-03-23,2015年3月23日,多云 /阴,17℃ / 9℃,东北风 ≤3级 /东北风 ≤3级,多云,阴,17,9,东北风,≤3级,东北风,≤3级,day
2015-05-30 14:30:00,碧海花园,1、追尾的,负全部责任,不负责任,1,贵A58A85,红,1,贵ATK798,蓝,（南明区）吉源驾驶培训有限公司,十一培,2010/11/10 0:00,1998/1/15 0:00,马自达牌,福克斯牌,364548000000000000 ,364547000000000000 ,197812,197001,14,5,5,工作日,非高峰,2015-05-30,2015年5月30日,阵雨 /阵雨,23℃ / 17℃,东北风 ≤3级 /东风 ≤3级,阵雨,阵雨,23,17,东北风,≤3级,东风,≤3级,day
2015-03-09 01:00:00,小河长江路,3、倒车的,负全部责任,不负责任,1,贵GY6861,白色,1,贵ACB913,白色,吉源驾校,十一培,2014/12/10 0:00,1997/10/30 0:00,哈弗牌,奥德赛牌,366063000000000000 ,366368000000000000 ,197807,197411,1,0,3,工作日,非高峰,2015-03-09,2015年3月9日,小雨 /小雨,10℃ / 5℃,东北风 ≤3级 /东北风 ≤3级,小雨,小雨,10,5,东北风,≤3级,东北风,≤3级,night
2015-04-04 10:00:00,北京西路,7、未按规定让行的 ,负全部责任,不负责任,1,贵A23F67,白,1,贵A72J33,白,（南明区）吉源驾驶培训有限公司,十一培,2009/7/28 0:00,1996/4/2 0:00,凯迪拉克牌,索兰托,366766000000000000 ,364548000000000000 ,198910,197305,10,5,4,工作日,非高峰,2015-04-04,2015年4月4日,多云 /多云,29℃ / 18℃,南风 ≤3级 /南风 ≤3级,多云,多云,29,18,南风,≤3级,南风,≤3级,day
2015-05-13 15:00:00,贵惠大道,1、追尾的,负全部责任,不负责任,1,贵GL5054,白色,1,贵A22Y81,白色,吉源驾校,十一培,2014/6/17 0:00,1995/7/12 0:00,-1,吉普,364567000000000000 ,366347000000000000 ,199508,196502,15,2,5,工作日,非高峰,2015-05-13,2015年5月13日,多云 /阵雨,26℃ / 19℃,东南风 ≤3级 /东南风 ≤3级,多云,阵雨,26,19,东南风,≤3级,东南风,≤3级,day
2015-03-22 19:40:00,长岭南路,1、追尾的,负全部责任,不负责任,1,贵A4900Y,银,1,贵ACL952,白,（乌当区）全林驾驶培训有限公司,十一培,2008/5/5 0:00,1997/8/29 0:00,夏利牌,利亚纳牌,364567000000000000 ,364547000000000000 ,198902,196608,19,6,3,周末,晚高峰(17-19点),2015-03-22,2015年3月22日,阵雨 /阵雨,19℃ / 10℃,东南风 ≤3级 /东风 ≤3级,阵雨,阵雨,19,10,东南风,≤3级,东风,≤3级,day