accidenttime,accidentaddr,driver1fault,driver1responsibility,driver2responsibility,sex1,platenumber1,carcolor1,sex2,platenumber2,carcolor2,jxmc1,jxmc2,cclzrq1,cclzrq2,clpp1,clpp2,driver1license,driver2license,brith1,brith2,hour,weekday,month,is_weekday,peak_hour,date,日期,天气状况,气温,风力风向,day_wea,night_wea,day_tep,night_tep,day_wind_direction,day_wind_speed,night_wind_direction,night_wind_speed,segment
2015-05-09 19:00:00,中华南路,8、依法应负全责的其他情形,负全部责任,不负责任,1,贵GS4819,红,1,贵A6QM519,白,（乌当区）全林驾驶培训有限公司,十一培,2004/12/16 0:00,1995/4/25 0:00,-1,-1,366346000000000000 ,364548000000000000 ,197102,197610,19,5,5,工作日,晚高峰(17-19点),2015-05-09,2015年5月9日,阵雨 /阵雨,23℃ / 16℃,东北风 ≤3级 /东南风 ≤3级,阵雨,阵雨,23,16,东北风,≤3级,东南风,≤3级,day
2015-02-27 19:40:00,兴关路,1、追尾的,负全部责任,不负责任,1,贵A9E989,黑色,1,贵AV6705,银色,全林驾校,十一培,2010/9/8 0:00,1994/5/16 0:00,东风标致牌,骊威牌,364547000000000000 ,364547000000000000 ,198210,197004,19,4,2,工作日,晚高峰(17-19点),2015-02-27,2015年2月27日,多云 /阵雨,21℃ / 5℃,南风 ≤3级 /南风 ≤3级,多云,阵雨,21,5,南风,≤3级,南风,≤3级,day
2015-03-13 11:10:00,鹿冲关,7、未按规定让行的 ,负全部责任,不负责任,1,贵A63E45,白,1,贵AU7765,绿,（乌当区）全林驾驶培训有限公司,十一培,2011/2/16 0:00,1995/2/2 0:00,雪佛兰牌,捷达牌,364548000000000000 ,364548000000000000 ,197001,197605,11,4,3,工作日,非高峰,2015-03-13,2015年3月13日,多云 /阵雨,17℃ / 12℃,南风 ≤3级 /南风 ≤3级,多云,阵雨,17,12,南风,≤3级,南风,≤3级,day
2015-03-16 08:00:00,花溪大道,1、追尾的,负全部责任,不负责任,1,贵AJD387,白色,1,贵ABK279,白色,（乌当区）全林驾驶培训有限公司,十一培,2007/3/13 0:00,1997/6/2 0:00,骐达牌,奥迪牌,364548000000000000 ,364547000000000000 ,198205,197412,8,0,3,工作日,早高峰(7-9点),2015-03-16,2015年3月16日,阴 /多云,20℃ / 15℃,南风 ≤3级 /南风 ≤3级,阴,多云,20,15,南风,≤3级,南风,≤3级,day
2015-04-09 08:59:00,遵义路,7、未按规定让行的 ,负全部责任,不负责任,1,贵A41P84,白,1,贵AU7428,蓝,全林驾校,十一培,2011/12/28 0:00,1999/7/12 0:00,东风标致牌,捷达牌,364548000000000000 ,364547000000000000 ,198708,197701,8,3,4,工作日,早高峰(7-9点),2015-04-09,2015年4月9日,阴 /小雨,11℃ / 7℃,东北风 ≤3级 /东北风 ≤3级,阴,小雨,11,7,东北风,≤3级,东北风,≤3级,day
2015-04-04 10:50:00,二桥,1、追尾的,负全部责任,不负责任,1,贵A13Z63,银,1,贵G21585,银,（南明区）市交通职业技术驾驶培训学校,十一培,2009/10/14 0:00,1995/12/30 0:00,华泰圣达菲牌,捷达牌,366064000000000000 ,364548000000000000 ,198601,196605,10,5,4,工作日,非高峰,2015-04-04,2015年4月4日,多云 /多云,29℃ / 18℃,南风 ≤3级 /南风 ≤3级,多云,多云,29,18,南风,≤3级,南风,≤3级,day
2015-05-08 18:40:00,师大,7、未按规定让行的 ,负全部责任,不负责任,1,贵A37K99,蓝,1,贵AV0855,黄,贵大佳德驾驶培训学校,十一培,2010/5/19 0:00,1993/3/11 0:00,福克斯牌,五菱牌,36454651144643745X,364557000000000000 ,199002,197502,18,4,5,工作日,晚高峰(17-19点),2015-05-08,2015年5月8日,阵雨 /多云,25℃ / 15℃,东南风 ≤3级 /东北风 ≤3级,阵雨,多云,25,15,东南风,≤3级,东北风,≤3级,day
2015-02-11 11:50:00,云岩区城市建设档案馆,3、倒车的,负全部责任,不负责任,1,贵AF6655,黑,1,贵A86C25,银,贵大佳德驾驶培训学校,十一培,2010/12/27 0:00,1994/7/3 0:00,丰田(TOYOTA)牌,大众牌,364548000000000000 ,364548000000000000 ,199009,196402,11,2,2,工作日,非高峰,2015-02-11,2015年2月11日,多云 /多云,11℃ / 3℃,东风 ≤3级 /东北风 ≤3级,多云,多云,11,3,东风,≤3级,东北风,≤3级,day
2015-05-13 08:00:00,太慈桥,1、追尾的,负全部责任,不负责任,1,贵A4644J,白色,1,贵AU0842,白色,贵大佳德驾驶培训学校,十一培,2011/9/7 0:00,1995/1/26 0:00,-1,菲鹰牌,366764000000000000 ,364547000000000000 ,199002,197310,8,2,5,工作日,早高峰(7-9点),2015-05-13,2015年5月13日,多云 /阵雨,26℃ / 19℃,东南风 ≤3级 /东南风 ≤3级,多云,阵雨,26,19,东南风,≤3级,东南风,≤3级,day
2015-02-15 15:40:00,观山湖体育馆,5、开关车门的,负全部责任,不负责任,1,贵A5E544,黄,1,贵A94B73,蓝,（白云区）消防驾驶培训学校,十一培,2006/8/21 0:00,1996/4/30 0:00,-1,比亚迪牌,366068000000000000 ,366361000000000000 ,197109,197709,15,6,2,周末,非高峰,2015-02-15,2015年2月15日,多云 /阴,19℃ / 8℃,南风 ≤3级 /东北风 ≤3级,多云,阴,19,8,南风,≤3级,东北风,≤3级,day
2015-04-26 14:26:00,延安西路,1、追尾的,负全部责任,不负责任,1,贵A5S644,红,1,贵AAE593,银,（白云区）消防驾驶培训学校,十一培,2007/4/29 0:00,1999/1/12 0:00,海马,重骑牌,366068000000000000 ,364547000000000000 ,197703,197604,14,6,4,周末,非高峰,2015-04-26,2015年4月26日,阵雨 /阵雨,18℃ / 14℃,东南风 ≤3级 /东北风 ≤3级,阵雨,阵雨,18,14,东南风,≤3级,东北风,≤3级,day
2015-05-28 11:20:00,西二环,7、未按规定让行的 ,负全部责任,不负责任,1,贵A83B24,黑,1,贵A7CB05,白,消防驾校,十一培,2011/9/7 0:00,1999/3/12 0:00,大众牌,宝马,366570000000000000 ,364547000000000000 ,198301,197712,11,3,5,工作日,非高峰,2015-05-28,2015年5月28日,多云 /雷阵雨,29℃ / 19℃,南风 ≤3级 /东南风 ≤3级,多云,雷阵雨,29,19,南风,≤3级,东南风,≤3级,day
2015-05-14 22:10:00,瑞金北路,1、追尾的,负全部责任,不负责任,0,贵GQ9839,白,1,贵A592C6,黄,消防驾校,十一培,2014/10/9 0:00,1990/7/25 0:00,-1,江淮牌,366067000000000000 ,364548000000000000 ,198009,195505,22,3,5,工作日,非高峰,2015-05-14,2015年5月14日,多云 /雷阵雨,27℃ / 20℃,东南风 ≤3级 /南风 ≤3级,多云,雷阵雨,27,20,东南风,≤3级,南风,≤3级,night
2015-03-26 16:30:00,白云区,7、未按规定让行的 ,负全部责任,不负责任,0,贵A0797T,黑,1,贵AU3206,白,消防驾校,十一培,2012/6/29 0:00,1995/8/9 0:00,中华牌,万达牌,366361000000000000 ,364558000000000000 ,196708,197102,16,3,3,工作日,非高峰,2015-03-26,2015年3月26日,阴 /阵雨,17℃ / 12℃,南风 ≤3级 /南风 ≤3级,阴,阵雨,17,12,南风,≤3级,南风,≤3级,day
2015-03-28 11:20:00,文昌北路,7、未按规定让行的 ,负全部责任,不负责任,1,贵ARH451,银,1,贵A76G81,黑,（乌当区）新天驾驶培训有限公司,十一培,2009/4/9 0:00,1994/12/1 0:00,长安牌,指南者,366046000000000000 ,364548000000000000 ,198503,197111,11,5,3,工作日,非高峰,2015-03-28,2015年3月28日,阵雨 /雷阵雨,17℃ / 14℃,南风 ≤3级 /南风 ≤3级,阵雨,雷阵雨,17,14,南风,≤3级,南风,≤3级,day
2015-05-21 10:00:00,南明区,7、未按规定让行的 ,负全部责任,不负责任,1,贵AK0567,白色,1,贵AU5122,白色,新天驾校,十一培,2014/12/30 0:00,1999/5/7 0:00,嘉陵牌,蜀都牌,364547000000000000 ,364548000000000000 ,199303,197409,10,3,5,工作日,非高峰,2015-05-21,2015年5月21日,阴 /阵雨,24℃ / 16℃,东风 ≤3级 /东风 ≤3级,阴,阵雨,24,16,东风,≤3级,东风,≤3级,day
2015-02-03 17:00:00,中华南路,7、未按规定让行的 ,负全部责任,不负责任,1,贵A38C59,白色,1,贵AU6445,白色,长运驾校,十一培,2012/3/16 0:00,1994/6/15 0:00,雪佛兰牌,捷达牌,366267000000000000 ,36454651204655065X,198511,196402,17,1,2,工作日,晚高峰(17-19点),2015-02-03,2015年2月3日,小雨 /小雨,6℃ / 1℃,东北风 ≤3级 /东北风 ≤3级,小雨,小雨,6,1,东北风,≤3级,东北风,≤3级,day
2015-03-31 12:00:00,省委,3、倒车的,负全部责任,不负责任,1,贵AX7184,银,1,贵ACE344,黑,路路达驾校,十一培,2014/8/4 0:00,1980/3/25 0:00,力帆牌,朗风牌,366369000000000000 ,364548000000000000 ,197609,195205,12,1,3,工作日,非高峰,2015-03-31,2015年3月31日,多云 /多云,28℃ / 19℃,南风 ≤3级 /南风 ≤3级,多云,多云,28,19,南风,≤3级,南风,≤3级,day
2015-03-31 07:45:00,路冲路,4、停车时未挂低速档、未拉驻车制动，导致车辆滑行的,负全部责任,不负责任,1,贵JP0316,红,1,贵AEG436,银,金大驾校,十一培,2015/2/3 0:00,1996/7/30 0:00,长安牌,东风日产牌,366861000000000000 ,364547000000000000 ,198908,196912,7,1,3,工作日,早高峰(7-9点),2015-03-31,2015年3月31日,多云 /多云,28℃ / 19℃,南风 ≤3级 /南风 ≤3级,多云,多云,28,19,南风,≤3级,南风,≤3级,day
2015-05-01 16:30:00,花香村,7、未按规定让行的 ,负全部责任,不负责任,1,贵A0BY71,红,1,贵A27K65,白,（南明区）金大驾驶培训有限公司,十一培,2007/9/29 0:00,1992/4/12 0:00,东风标致牌,长安牌,364547000000000000 ,364548000000000000 ,197507,195702,16,4,5,工作日,非高峰,2015-05-01,2015年5月1日,阵雨 /多云,25℃ / 14℃,东南风 ≤3级 /东北风 ≤3级,阵雨,多云,25,14,东南风,≤3级,东北风,≤3级,day
2015-05-06 02:00:00,三桥,4、停车时未挂低速档、未拉驻车制动，导致车辆滑行的,负全部责任,不负责任,1,贵A414D8,白,1,贵AU5806,黄,（南明区）金大驾驶培训有限公司,十一培,2010/10/14 0:00,1997/4/1 0:00,江淮牌,嘉陵牌,364596000000000000 ,36454651264343567X,198806,196205,2,2,5,工作日,非高峰,2015-05-06,2015年5月6日,多云 /多云,25℃ / 16℃,东北风 ≤3级 /南风 ≤3级,多云,多云,25,16,东北风,≤3级,南风,≤3级,night
2015-03-27 14:00:00,小河开发大道,7、未按规定让行的 ,负全部责任,不负责任,1,贵A13S72,白色,1,贵A89059,白色,（南明区）阳光驾驶培训有限公司,十一培,2006/6/19 0:00,1995/12/27 0:00,纬度,五菱牌,364547000000000000 ,364551000000000000 ,197703,197712,14,4,3,工作日,非高峰,2015-03-27,2015年3月27日,阵雨 /阵雨,18℃ / 13℃,南风 ≤3级 /南风 ≤3级,阵雨,阵雨,18,13,南风,≤3级,南风,≤3级,day
2015-03-29 12:00:00,二戈寨,7、未按规定让行的 ,负全部责任,不负责任,1,贵A12M91,白色,1,贵A0AN22,白色,阳光驾校,十一培,2014/6/26 0:00,1994/1/1 0:00,长城牌,森林人,364547000000000000 ,364547000000000000 ,197112,196306,12,6,3,周末,非高峰,2015-03-29,2015年3月29日,阴 /多云,18℃ / 15℃,东风 ≤3级 /南风 ≤3级,阴,多云,18,15,东风,≤3级,南风,≤3级,day
2015-02-15 20:28:00,师大,7、未按规定让行的 ,负全部责任,不负责任,1,贵AKR391,黑,1,贵AU2948,绿,阳光驾校,十一培,2013/10/22 0:00,1997/4/29 0:00,江铃全顺牌,豪爵牌,364557000000000000 ,36454751234362365X,198503,196505,20,6,2,周末,非高峰,2015-02-15,2015年2月15日,多云 /阴,19℃ / 8℃,南风 ≤3级 /东北风 ≤3级,多云,阴,19,8,南风,≤3级,东北风,≤3级,night
2015-05-08 17:00:00,花溪大道,8、依法应负全责的其他情形,负全部责任,不负责任,1,贵A8BZ41,白,1,贵AU8316,黄,市警校驾校,十一培,2014/12/12 0:00,1999/9/6 0:00,北斗星牌,千里马牌,364548000000000000 ,36455551824849095X,196908,197607,17,4,5,工作日,晚高峰(17-19点),2015-05-08,2015年5月8日,阵雨 /多云,25℃ / 15℃,东南风 ≤3级 /东北风 ≤3级,阵雨,多云,25,15,东南风,≤3级,东北风,≤3级,day
2015-03-12 11:30:00,紫林庵,8、依法应负全责的其他情形,负全部责任,不负责任,0,贵A13M96,白,1,贵AU0018,蓝,（经开区）金安驾驶培训有限公司,十一培,2009/9/10 0:00,1995/10/30 0:00,翼虎牌,宝来牌,36454751215668566X,364558000000000000 ,196912,197410,11,3,3,工作日,非高峰,2015-03-12,2015年3月12日,多云 /多云,16℃ / 10℃,南风 ≤3级 /南风 ≤3级,多云,多云,16,10,南风,≤3级,南风,≤3级,day
2015-02-14 08:35:00,浣纱桥,7、未按规定让行的 ,负全部责任,不负责任,1,贵A02366,白色,1,贵A46C59,黑色,（云岩区）时发驾驶培训有限公司,十一培,2008/3/5 0:00,1993/6/23 0:00,东风牌,跃进,364568000000000000 ,366876000000000000 ,198607,196210,8,5,2,工作日,早高峰(7-9点),2015-02-14,2015年2月14日,阵雨 /雷阵雨,16℃ / 10℃,南风 ≤3级 /南风 ≤3级,阵雨,雷阵雨,16,10,南风,≤3级,南风,≤3级,day
2015-04-13 10:00:00,二桥,8、依法应负全责的其他情形,负全部责任,不负责任,0,贵AQS654,蓝,1,贵AEE566,白,时发驾校（云岩区）,十一培,2015/3/19 0:00,1998/8/6 0:00,江淮牌,丰田牌,57476051904663429X,364548000000000000 ,198402,196805,10,0,4,工作日,非高峰,2015-04-13,2015年4月13日,晴 /多云,23℃ / 8℃,东北风 ≤3级 /东北风 ≤3级,晴,多云,23,8,东北风,≤3级,东北风,≤3级,day
2015-03-10 09:00:00,新村路桥上,9、不符合前8款规定或者双方同时具有上述情形的,负同等责任,负同等责任,1,贵EP5474,白色,1,贵AC6188,白色,时发驾校,十一培,2014/11/10 0:00,1986/4/10 0:00,森林人,豪进牌,366368000000000000 ,364547000000000000 ,198412,195810,9,1,3,工作日,早高峰(7-9点),2015-03-10,2015年3月10日,小雨 /小雨,8℃ / 4℃,东北风 ≤3级 /东北风 ≤3级,小雨,小雨,8,4,东北风,≤3级,东北风,≤3级,day
2015-04-26 14:05:00,白云区,8、依法应负全责的其他情形,负全部责任,不负责任,1,贵GM1667,银,1,贵A94B62,黄,景宏驾校,十一培,2014/9/24 0:00,1999/10/29 0:00,嘉陵牌,吉利美日牌,354566000000000000 ,36455751875554605X,198802,197311,14,6,4,周末,非高峰,2015-04-26,2015年4月26日,阵雨 /阵雨,18℃ / 14℃,东南风 ≤3级 /东北风 ≤3级,阵雨,阵雨,18,14,东南风,≤3级,东北风,≤3级,day
2015-03-17 15:47:00,半边山,3、倒车的,负全部责任,不负责任,1,贵A24G91,黑,1,贵AFG361,蓝,（乌当区）新华驾驶培训有限公司,十一培,2009/1/8 0:00,1992/5/3 0:00,大众汽车牌,飞度牌,364548000000000000 ,354767000000000000 ,198901,196611,15,1,3,工作日,非高峰,2015-03-17,2015年3月17日,多云 /多云,25℃ / 14℃,南风 ≤3级 /南风 ≤3级,多云,多云,25,14,南风,≤3级,南风,≤3级,day
2015-04-15 13:00:00,遵义路,1、追尾的,负全部责任,不负责任,1,贵AHT068,白色,1,贵AJ4174,白色,（乌当区）新华驾驶培训有限公司,十一培,2008/3/5 0:00,1997/3/7 0:00,奥迪,昌河牌,366670000000000000 ,366568000000000000 ,198703,197610,13,2,4,工作日,非高峰,2015-04-15,2015年4月15日,多云 /多云,24℃ / 16℃,东南风 ≤3级 /南风 ≤3级,多云,多云,24,16,东南风,≤3级,南风,≤3级,day
2015-04-30 11:30:00,花果园,7、未按规定让行的 ,负全部责任,不负责任,1,黑BK4893,红,1,贵AJP066,黑,贵州省遵义汽车运输（集团）余庆金阳驾驶培训有限责任公司,十一培,2011/6/17 0:00,1994/10/1 0:00,长安牌,启辰牌,36656151945658645X,366347000000000000 ,198012,197505,11,3,4,工作日,非高峰,2015-04-30,2015年4月30日,阵雨 /阵雨,25℃ / 17℃,东南风 ≤3级 /东南风 ≤3级,阵雨,阵雨,25,17,东南风,≤3级,东南风,≤3级,day
2015-05-15 00:00:00,蟠桃宫,1、追尾的,负全部责任,不负责任,1,贵GF9907,黑,1,贵AU5139,黄,贵州省仁怀市酒都汽车驾驶培训有限公司,十一培,2010/5/31 0:00,1983/2/14 0:00,-1,捷达牌,366575000000000000 ,364547000000000000 ,198810,196205,0,4,5,工作日,非高峰,2015-05-15,2015年5月15日,阵雨 /阵雨,25℃ / 16℃,东北风 ≤3级 /东北风 ≤3级,阵雨,阵雨,25,16,东北风,≤3级,东北风,≤3级,night
2015-04-12 15:35:00,未来方舟,1、追尾的,负全部责任,不负责任,1,贵A68P28,白色,1,贵A83W96,白色,黔东南民族职业技术学院驾驶学校,十一培,2010/4/27 0:00,1994/3/30 0:00,速腾牌,途锐,36626651955457045X,364547000000000000 ,198110,195301,15,6,4,周末,非高峰,2015-04-12,2015年4月12日,晴 /多云,21℃ / 7℃,东风 ≤3级 /东风 ≤3级,晴,多云,21,7,东风,≤3级,东风,≤3级,day
2015-05-01 22:30:00,五眼桥,1、追尾的,负全部责任,不负责任,1,贵DT2629,白色,1,贵AFF781,白色,贵州省石阡泉都(启灵)驾驶培训有限责任公司,十一培,2014/6/26 0:00,1994/11/30 0:00,-1,吉利牌,366661000000000000 ,36454651235555225X,198306,196511,22,4,5,工作日,非高峰,2015-05-01,2015年5月1日,阵雨 /多云,25℃ / 14℃,东南风 ≤3级 /东北风 ≤3级,阵雨,多云,25,14,东南风,≤3级,东北风,≤3级,night
2015-03-28 00:00:00,小碧立交桥,7、未按规定让行的 ,负全部责任,不负责任,1,贵JX4164,白色,1,贵A2004W,白色,福泉市锦程机动车驾驶培训学校,十一培,2012/8/23 0:00,1993/2/23 0:00,奇瑞牌,雪佛兰牌,366861000000000000 ,364547000000000000 ,198804,196409,0,5,3,工作日,非高峰,2015-03-28,2015年3月28日,阵雨 /雷阵雨,17℃ / 14℃,南风 ≤3级 /南风 ≤3级,阵雨,雷阵雨,17,14,南风,≤3级,南风,≤3级,night
2015-03-19 17:20:00,金阳北路,9、不符合前8款规定或者双方同时具有上述情形的,负同等责任,负同等责任,0,粤BP8637,白,1,贵AW1546,黑,黔南州兴鑫汽车驾驶培训学校,十一培,2010/8/25 0:00,1994/5/8 0:00,奥迪牌,轰轰烈牌,366846000000000000 ,364558000000000000 ,198709,195912,17,3,3,工作日,晚高峰(17-19点),2015-03-19,2015年3月19日,多云 /阵雨,26℃ / 12℃,南风 ≤3级 /东北风 ≤3级,多云,阵雨,26,12,南风,≤3级,东北风,≤3级,day
2015-03-08 08:40:00,头桥,1、追尾的,负全部责任,不负责任,1,贵A7051V,白,1,贵A99228,白,遵义县惠民机动车驾驶培训学校,十一培,2010/7/19 0:00,1997/5/26 0:00,长安牌,江淮牌,36656551984341595X,364547000000000000 ,198705,196202,8,6,3,周末,早高峰(7-9点),2015-03-08,2015年3月8日,小雨 /阴,11℃ / 6℃,东北风 ≤3级 /东北风 ≤3级,小雨,阴,11,6,东北风,≤3级,东北风,≤3级,day
2015-03-22 19:59:00,瑞金北路,8、依法应负全责的其他情形,负全部责任,不负责任,1,贵A93H16,白,1,贵JR7237,银,黔南金都汽车驾驶学校,十一培,2012/2/27 0:00,1998/11/3 0:00,福克斯牌,大众牌,366562000000000000 ,664648000000000000 ,198102,197007,19,6,3,周末,晚高峰(17-19点),2015-03-22,2015年3月22日,阵雨 /阵雨,19℃ / 10℃,东南风 ≤3级 /东风 ≤3级,阵雨,阵雨,19,10,东南风,≤3级,东风,≤3级,day
2015-04-14 17:20:00,市西高架桥,1、追尾的,负全部责任,不负责任,1,贵AU3892,绿,1,贵ACT355,白,毕节地区宏强汽车(摩托车)驾驶培训学校,十一培,2010/9/28 0:00,1996/8/25 0:00,本田牌,东风日产牌,366064000000000000 ,364548000000000000 ,199206,197708,17,1,4,工作日,晚高峰(17-19点),2015-04-14,2015年4月14日,晴 /多云,22℃ / 9℃,东风 ≤3级 /东风 ≤3级,晴,多云,22,9,东风,≤3级,东风,≤3级,day
2015-03-10 21:52:00,火车站,7、未按规定让行的 ,负全部责任,不负责任,1,贵CEG252,白色,1,贵A39864,白色,绥阳县平安机动车驾驶员培训学校,十一培,2012/6/21 0:00,1999/9/16 0:00,大众牌,三铃牌,366568000000000000 ,366267000000000000 ,198604,197409,21,1,3,工作日,非高峰,2015-03-10,2015年3月10日,小雨 /小雨,8℃ / 4℃,东北风 ≤3级 /东北风 ≤3级,小雨,小雨,8,4,东北风,≤3级,东北风,≤3级,night
2015-03-25 18:00:00,威清路,7、未按规定让行的 ,负全部责任,不负责任,1,贵A6BB56,银,1,贵A85726,白,遵义县鸭溪振兴机动车驾驶培训学校,十一培,2011/6/8 0:00,1997/8/28 0:00,哈飞牌,陕汽牌,364548000000000000 ,364547000000000000 ,196512,197601,18,2,3,工作日,晚高峰(17-19点),2015-03-25,2015年3月25日,阴 /阵雨,14℃ / 9℃,东北风 ≤3级 /东北风 ≤3级,阴,阵雨,14,9,东北风,≤3级,东北风,≤3级,day
2015-02-08 19:45:00,小河,1、追尾的,负全部责任,不负责任,1,贵AX5683,白色,1,贵AU5033,黑色,铁二局驾校,十一培,2012/5/4 0:00,1995/12/25 0:00,奥迪牌,隆鑫牌,76549051955640366X,366368000000000000 ,198112,196005,19,6,2,周末,晚高峰(17-19点),2015-02-08,2015年2月8日,阴 /阴,7℃ / 3℃,东北风 ≤3级 /南风 ≤3级,阴,阴,7,3,东北风,≤3级,南风,≤3级,day
2015-05-22 09:00:00,营盘路,7、未按规定让行的 ,负全部责任,不负责任,1,贵ATX891,白色,1,贵AU7022,白色,遵义市泥桥诚兴汽车驾驶培训学校,十一培,2012/2/8 0:00,1993/12/29 0:00,五菱牌,奇瑞牌,366566000000000000 ,366368000000000000 ,199305,196912,9,4,5,工作日,早高峰(7-9点),2015-05-22,2015年5月22日,阵雨 /阵雨,19℃ / 14℃,东风 ≤3级 /东风 ≤3级,阵雨,阵雨,19,14,东风,≤3级,东风,≤3级,day
2015-05-16 11:00:00,金阳,7、未按规定让行的 ,负全部责任,不负责任,1,贵AR5569,白色,1,贵JT4493,白色,（南明区）铁二局驾驶培训有限公司,十一培,2008/9/4 0:00,1992/11/15 0:00,新宝牌,-1,364547000000000000 ,364548000000000000 ,198502,196212,11,5,5,工作日,非高峰,2015-05-16,2015年5月16日,阴 /雷阵雨,23℃ / 17℃,东北风 ≤3级 /东风 ≤3级,阴,雷阵雨,23,17,东北风,≤3级,东风,≤3级,day
2015-04-19 12:30:00,小河平桥,1、追尾的,负全部责任,不负责任,1,贵A62X98,白色,1,贵A380F5,白色,青正驾校,十一培,2012/12/11 0:00,1999/4/27 0:00,宝马牌,解放牌,366347000000000000 ,254347000000000000 ,198011,198106,12,6,4,周末,非高峰,2015-04-19,2015年4月19日,阵雨 /阵雨,22℃ / 13℃,东北风 ≤3级 /东北风 ≤3级,阵雨,阵雨,22,13,东北风,≤3级,东北风,≤3级,day
2015-03-25 16:16:00,花香村,8、依法应负全责的其他情形,负全部责任,不负责任,1,贵GL3348,白,1,贵AEG292,黑,（南明区）铁二局驾驶培训有限公司,十一培,2005/7/11 0:00,1994/11/9 0:00,大众牌,中华牌,36466551904553656X,366361000000000000 ,198401,197309,16,2,3,工作日,非高峰,2015-03-25,2015年3月25日,阴 /阵雨,14℃ / 9℃,东北风 ≤3级 /东北风 ≤3级,阴,阵雨,14,9,东北风,≤3级,东北风,≤3级,day
2015-03-24 08:24:00,次南门,7、未按规定让行的 ,负全部责任,不负责任,1,贵A48L25,白色,1,贵AU6022,白色,鑫鑫驾校,十一培,2014/3/24 0:00,1994/10/28 0:00,东风雪铁龙牌,桑塔纳牌,06656851984952475X,364547000000000000 ,198708,197606,8,1,3,工作日,早高峰(7-9点),2015-03-24,2015年3月24日,小雨 /阵雨,13℃ / 7℃,东北风 ≤3级 /东北风 ≤3级,小雨,阵雨,13,7,东北风,≤3级,东北风,≤3级,day
2015-04-14 21:30:00,威清路,4、停车时未挂低速档、未拉驻车制动，导致车辆滑行的,负全部责任,不负责任,1,贵AU6611,绿,1,贵AMC008,蓝,铁二局驾校,十一培,2011/10/24 0:00,1991/4/28 0:00,捷达牌,夏利牌,366347000000000000 ,364547000000000000 ,198405,196412,21,1,4,工作日,非高峰,2015-04-14,2015年4月14日,晴 /多云,22℃ / 9℃,东风 ≤3级 /东风 ≤3级,晴,多云,22,9,东风,≤3级,东风,≤3级,night
2015-04-02 15:00:00,南垭路,7、未按规定让行的 ,负全部责任,不负责任,1,贵A0794K,红,1,贵A19X29,红,铁二局驾校,十一培,2014/3/17 0:00,1999/4/27 0:00,吉利美日牌,东风日产牌,366046000000000000 ,364548000000000000 ,198112,197906,15,3,4,工作日,非高峰,2015-04-02,2015年4月2日,多云 /多云,30℃ / 18℃,南风 ≤3级 /南风 ≤3级,多云,多云,30,18,南风,≤3级,南风,≤3级,day
2015-03-17 08:00:00,花溪,3、倒车的,负全部责任,不负责任,1,贵AA906U,银,1,贵A7629T,银,诚信驾驶培训学校,十一培,2013/10/18 0:00,1998/11/4 0:00,长安牌,威驰,364556000000000000 ,364556000000000000 ,198407,197808,8,1,3,工作日,早高峰(7-9点),2015-03-17,2015年3月17日,多云 /多云,25℃ / 14℃,南风 ≤3级 /南风 ≤3级,多云,多云,25,14,南风,≤3级,南风,≤3级,day
2015-02-07 10:10:00,遵义路,8、依法应负全责的其他情形,负全部责任,不负责任,1,贵AU6263,绿,1,贵A5AT11,银,（南明区）吉源驾驶培训有限公司,十一培,2008/1/10 0:00,1991/2/8 0:00,捷达牌,雷克萨斯,366067000000000000 ,366066000000000000 ,197802,195802,10,5,2,工作日,非高峰,2015-02-07,2015年2月7日,阴 /阴,8℃ / 3℃,东北风 ≤3级 /东北风 ≤3级,阴,阴,8,3,东北风,≤3级,东北风,≤3级,day
2015-02-15 21:40:00,朝阳桥上,7、未按规定让行的 ,负全部责任,不负责任,1,贵A7BV47,白色,1,贵A74S18,白色,省交校,十一培,2013/5/17 0:00,1996/10/29 0:00,东风日产牌,雪佛兰牌,364547000000000000 ,364547000000000000 ,198905,196710,21,6,2,周末,非高峰,2015-02-15,2015年2月15日,多云 /阴,19℃ / 8℃,南风 ≤3级 /东北风 ≤3级,多云,阴,19,8,南风,≤3级,东北风,≤3级,night
2015-03-22 11:50:00,田园北路,8、依法应负全责的其他情形,负全部责任,不负责任,1,贵AA906U,白色,1,贵A7203F,白色,诚信驾驶培训学校,十一培,2013/10/18 0:00,1999/3/22 0:00,长安牌,比亚迪牌,364556000000000000 ,364556000000000000 ,198407,197607,11,6,3,周末,非高峰,2015-03-22,2015年3月22日,阵雨 /阵雨,19℃ / 10℃,东南风 ≤3级 /东风 ≤3级,阵雨,阵雨,19,10,东南风,≤3级,东风,≤3级,day
2015-03-14 23:00:00,东山,4、停车时未挂低速档、未拉驻车制动，导致车辆滑行的,负全部责任,不负责任,1,贵A7BH66,银,1,贵AHH606,银,省交校,十一培,2011/9/9 0:00,1999/1/14 0:00,大众汽车牌,梅赛德斯-奔驰牌,364548000000000000 ,364547000000000000 ,199109,196806,23,5,3,工作日,非高峰,2015-03-14,2015年3月14日,阴 /阴,17℃ / 12℃,南风 ≤3级 /东南风 ≤3级,阴,阴,17,12,南风,≤3级,东南风,≤3级,night
2015-04-02 16:40:00,市北路,1、追尾的,负全部责任,不负责任,1,贵A51R88,蓝,1,贵A39F44,白,赤水市机动车驾驶员培训学校,十一培,2010/6/17 0:00,1991/7/20 0:00,别克牌,福特锐界,366577000000000000 ,364547000000000000 ,198803,196901,16,3,4,工作日,非高峰,2015-04-02,2015年4月2日,多云 /多云,30℃ / 18℃,南风 ≤3级 /南风 ≤3级,多云,多云,30,18,南风,≤3级,南风,≤3级,day