accidenttime,accidentaddr,driver1fault,driver1responsibility,driver2responsibility,sex1,platenumber1,carcolor1,sex2,platenumber2,carcolor2,jxmc1,jxmc2,cclzrq1,cclzrq2,clpp1,clpp2,driver1license,driver2license,brith1,brith2,hour,weekday,month,is_weekday,peak_hour,date,日期,天气状况,气温,风力风向,day_wea,night_wea,day_tep,night_tep,day_wind_direction,day_wind_speed,night_wind_direction,night_wind_speed,segment
2015-03-02 13:30:00,火车站,7、未按规定让行的 ,负全部责任,不负责任,1,贵AU8984,绿,1,贵AU6489,蓝,纳雍县顺达汽车驾驶培训有限公司,十一培,2010/9/14 0:00,1992/7/31 0:00,瑞麒牌,黄海牌,366063000000000000 ,364557000000000000 ,197405,197008,13,0,3,工作日,非高峰,2015-03-02,2015年3月2日,阴 /小雨,9℃ / 2℃,东北风 ≤3级 /东北风 ≤3级,阴,小雨,9,2,东北风,≤3级,东北风,≤3级,day
2015-04-12 13:25:00,白云,8、依法应负全责的其他情形,负全部责任,不负责任,1,贵A560C9,黑,1,贵A5449V,白,黔西县宏远黔职驾校有限公司,十一培,2010/8/11 0:00,1996/11/11 0:00,解放牌,锋范牌,366067000000000000 ,364556000000000000 ,198602,197705,13,6,4,周末,非高峰,2015-04-12,2015年4月12日,晴 /多云,21℃ / 7℃,东风 ≤3级 /东风 ≤3级,晴,多云,21,7,东风,≤3级,东风,≤3级,day
2015-04-13 12:39:00,大营路,1、追尾的,负全部责任,不负责任,1,贵GK4578,银,1,贵AFR891,黑,镇宁县宏伟汽车有限责任公司汽车（摩托车培训学校）,十一培,2014/2/19 0:00,1993/5/30 0:00,三菱牌,丰田牌,366269000000000000 ,364548000000000000 ,198004,196512,12,0,4,工作日,非高峰,2015-04-13,2015年4月13日,晴 /多云,23℃ / 8℃,东北风 ≤3级 /东北风 ≤3级,晴,多云,23,8,东北风,≤3级,东北风,≤3级,day
2015-04-21 09:00:00,小河,3、倒车的,负全部责任,不负责任,1,贵A15G27,灰色,1,贵AGN149,白色,十一驾驶培训有限公司,十一培,2014/4/15 0:00,1985/10/23 0:00,吉利牌,长安牌,364547000000000000 ,364548000000000000 ,196302,196012,9,1,4,工作日,早高峰(7-9点),2015-04-21,2015年4月21日,阴 /阵雨,17℃ / 10℃,东北风 ≤3级 /东北风 ≤3级,阴,阵雨,17,10,东北风,≤3级,东北风,≤3级,day
2015-04-16 03:00:00,太慈桥,7、未按规定让行的 ,负全部责任,不负责任,1,贵A833F1,白色,1,贵A98F66,白色,鑫鑫驾校,十一培,2012/5/15 0:00,1995/1/26 0:00,华神牌,奥迪牌,364566000000000000 ,254767000000000000 ,199112,197410,3,3,4,工作日,非高峰,2015-04-16,2015年4月16日,多云 /多云,29℃ / 17℃,南风 ≤3级 /南风 ≤3级,多云,多云,29,17,南风,≤3级,南风,≤3级,night
2015-03-25 08:30:00,贵阳大道,7、未按规定让行的 ,负全部责任,不负责任,1,贵A7236N,白,1,贵AS4927,白,青正驾校,十一培,2014/6/4 0:00,1998/2/6 0:00,大众汽车牌,大阳牌,364557000000000000 ,364547000000000000 ,199408,195510,8,2,3,工作日,早高峰(7-9点),2015-03-25,2015年3月25日,阴 /阵雨,14℃ / 9℃,东北风 ≤3级 /东北风 ≤3级,阴,阵雨,14,9,东北风,≤3级,东北风,≤3级,day
2015-03-31 07:30:00,蟠桃宫,7、未按规定让行的 ,负全部责任,不负责任,1,贵A64J18,白色,1,贵ANS221,白色,顺一驾驶培训学校,十一培,2014/9/19 0:00,1996/2/10 0:00,大众牌,别克牌,364547000000000000 ,366566000000000000 ,196105,197409,7,1,3,工作日,早高峰(7-9点),2015-03-31,2015年3月31日,多云 /多云,28℃ / 19℃,南风 ≤3级 /南风 ≤3级,多云,多云,28,19,南风,≤3级,南风,≤3级,day
2015-02-10 12:00:00,中华南路,8、依法应负全责的其他情形,负全部责任,不负责任,1,贵A78M74,白色,1,贵ARN593,白色,（南明区）吉源驾驶培训有限公司,十一培,2008/6/5 0:00,1998/2/18 0:00,雪佛兰牌,雪佛兰牌,36666351974167405X,364547000000000000 ,198309,197203,12,1,2,工作日,非高峰,2015-02-10,2015年2月10日,小雨 /小雨,6℃ / 3℃,东北风 ≤3级 /东风 ≤3级,小雨,小雨,6,3,东北风,≤3级,东风,≤3级,day
2015-03-06 11:40:00,新华路,1、追尾的,负全部责任,不负责任,1,贵ALU447,白色,1,贵A85Y62,白色,吉源驾校（南明区）,十一培,2015/3/2 0:00,1995/4/29 0:00,一汽佳星牌,别克牌,366570000000000000 ,364556000000000000 ,198308,197110,11,4,3,工作日,非高峰,2015-03-06,2015年3月6日,小雨 /小雨,5℃ / 3℃,东北风 ≤3级 /东北风 ≤3级,小雨,小雨,5,3,东北风,≤3级,东北风,≤3级,day
2015-04-11 15:10:00,长岭南路,7、未按规定让行的 ,负全部责任,不负责任,1,贵AF9512,银,1,贵AR2794,银,全林驾校,十一培,2014/1/21 0:00,1999/12/2 0:00,豪爵牌,迈腾牌,364566000000000000 ,376770000000000000 ,199109,198011,15,5,4,工作日,非高峰,2015-04-11,2015年4月11日,多云 /多云,15℃ / 9℃,东北风 ≤3级 /东风 ≤3级,多云,多云,15,9,东北风,≤3级,东风,≤3级,day
2015-04-10 10:00:00,花溪区,3、倒车的,负全部责任,不负责任,1,贵A8BY39,白色,1,贵AL2845,白色,（乌当区）全林驾驶培训有限公司,十一培,2009/1/19 0:00,1997/3/24 0:00,斯巴鲁,豪爵牌,364547000000000000 ,364547000000000000 ,197502,197010,10,4,4,工作日,非高峰,2015-04-10,2015年4月10日,小雨 /小雨,12℃ / 8℃,东北风 ≤3级 /东北风 ≤3级,小雨,小雨,12,8,东北风,≤3级,东北风,≤3级,day
2015-05-28 15:54:00,大西门,7、未按规定让行的 ,负全部责任,不负责任,1,贵AAL733,红,1,贵ANF896,红,（云岩区）省交通职业技术驾驶培训学校,十一培,2006/8/18 0:00,1995/9/10 0:00,隆鑫牌,东风牌,364547000000000000 ,364548000000000000 ,197610,196609,15,3,5,工作日,非高峰,2015-05-28,2015年5月28日,多云 /雷阵雨,29℃ / 19℃,南风 ≤3级 /东南风 ≤3级,多云,雷阵雨,29,19,南风,≤3级,东南风,≤3级,day
2015-04-06 13:00:00,黄河路,1、追尾的,负全部责任,不负责任,1,贵AHL465,白色,1,贵AKE377,白色,市交校,十一培,2011/7/13 0:00,1997/6/4 0:00,福克斯牌,马自达牌,765691000000000000 ,364556000000000000 ,198210,197707,13,0,4,工作日,非高峰,2015-04-06,2015年4月6日,阵雨 /阵雨,17℃ / 7℃,东北风 ≤3级 /东北风 ≤3级,阵雨,阵雨,17,7,东北风,≤3级,东北风,≤3级,day
2015-05-10 13:30:00,粑粑坳,1、追尾的,负全部责任,不负责任,1,贵A4EA66,红,1,贵JL8593,黄,（白云区）消防驾驶培训学校,十一培,2010/3/11 0:00,1994/2/27 0:00,吉利牌,-1,35747451865652095X,366863000000000000 ,197212,197002,13,6,5,周末,非高峰,2015-05-10,2015年5月10日,阵雨 /雷阵雨,25℃ / 14℃,南风 ≤3级 /南风 ≤3级,阵雨,雷阵雨,25,14,南风,≤3级,南风,≤3级,day
2015-04-22 10:10:00,甲秀南路,8、依法应负全责的其他情形,负全部责任,不负责任,1,贵A070D5,红,1,贵A35769,蓝,消防驾校,十一培,2012/5/22 0:00,1999/1/7 0:00,福田牌,解放,64166500000000000 ,364556000000000000 ,199105,197701,10,2,4,工作日,非高峰,2015-04-22,2015年4月22日,小雨 /小雨,15℃ / 10℃,东北风 ≤3级 /东北风 ≤3级,小雨,小雨,15,10,东北风,≤3级,东北风,≤3级,day
2015-04-21 11:05:00,长岭北路,7、未按规定让行的 ,负全部责任,不负责任,1,贵A85C97,银,1,贵A20720,红,消防驾校,十一培,2011/8/19 0:00,1999/7/8 0:00,雪佛兰牌,豪爵牌,364548000000000000 ,366367000000000000 ,197410,196703,11,1,4,工作日,非高峰,2015-04-21,2015年4月21日,阴 /阵雨,17℃ / 10℃,东北风 ≤3级 /东北风 ≤3级,阴,阵雨,17,10,东北风,≤3级,东北风,≤3级,day
2015-03-20 13:09:00,师大,7、未按规定让行的 ,负全部责任,不负责任,1,贵A72V29,红,0,贵N52E17,银,新天驾校,十一培,2013/1/23 0:00,1992/5/24 0:00,雪佛兰牌,-1,364548000000000000 ,364547000000000000 ,198905,196609,13,4,3,工作日,非高峰,2015-03-20,2015年3月20日,阴 /阵雨,14℃ / 10℃,东北风 ≤3级 /东北风 ≤3级,阴,阵雨,14,10,东北风,≤3级,东北风,≤3级,day
2015-04-16 08:30:00,杨家山,1、追尾的,负全部责任,不负责任,1,贵A0CA64,黑,1,贵A75156,黑,（乌当区）新天驾驶培训有限公司,十一培,2004/12/27 0:00,1994/12/15 0:00,比亚迪牌,川路,364547000000000000 ,364557000000000000 ,198302,197506,8,3,4,工作日,早高峰(7-9点),2015-04-16,2015年4月16日,多云 /多云,29℃ / 17℃,南风 ≤3级 /南风 ≤3级,多云,多云,29,17,南风,≤3级,南风,≤3级,day
2015-04-28 11:15:00,都司路,1、追尾的,负全部责任,不负责任,1,贵DX5868,黑,1,贵AKR912,黑,（乌当区）新天驾驶培训有限公司,十一培,2010/1/18 0:00,1992/10/11 0:00,红旗牌,奥迪牌,366664000000000000 ,364557000000000000 ,198701,196903,11,1,4,工作日,非高峰,2015-04-28,2015年4月28日,多云 /多云,25℃ / 15℃,东北风 ≤3级 /东北风 ≤3级,多云,多云,25,15,东北风,≤3级,东北风,≤3级,day
2015-03-22 11:00:00,玉溪路,7、未按规定让行的 ,负全部责任,不负责任,1,贵A48W24,黑色,1,贵AT5859,白色,新天驾校,十一培,2013/5/29 0:00,1998/6/2 0:00,明锐牌,金龙牌,364547000000000000 ,364556000000000000 ,196905,197011,11,6,3,周末,非高峰,2015-03-22,2015年3月22日,阵雨 /阵雨,19℃ / 10℃,东南风 ≤3级 /东风 ≤3级,阵雨,阵雨,19,10,东南风,≤3级,东风,≤3级,day
2015-02-11 15:30:00,中华北路, ,负同等责任,负同等责任,1,贵J72751,黑,1,贵AV7748,银,路路达驾校,十一培,2014/11/4 0:00,1991/4/6 0:00,五菱牌,新阳光牌,366361000000000000 ,364548000000000000 ,197904,196710,15,2,2,工作日,非高峰,2015-02-11,2015年2月11日,多云 /多云,11℃ / 3℃,东风 ≤3级 /东北风 ≤3级,多云,多云,11,3,东风,≤3级,东北风,≤3级,day
2015-04-08 08:40:00,贵开路,8、依法应负全责的其他情形,负全部责任,不负责任,1,贵AP6834,白,1,贵AU6452,蓝,（南明区）阳光驾驶培训有限公司,十一培,2005/12/22 0:00,1993/7/28 0:00,金洪牌,双菱牌,36636651834143591X,36454751874864405X,197509,197307,8,2,4,工作日,早高峰(7-9点),2015-04-08,2015年4月8日,小雨 /小雨,10℃ / 6℃,东北风 ≤3级 /东北风 ≤3级,小雨,小雨,10,6,东北风,≤3级,东北风,≤3级,day
2015-03-08 16:12:00,新添寨,8、依法应负全责的其他情形,负全部责任,不负责任,1,闽PZ4847,银,1,贵A6BH35,银,阳光驾校,十一培,2012/3/27 0:00,1995/2/8 0:00,\N,锋范牌,736263000000000000 ,56860500000000000 ,196809,196707,16,6,3,周末,非高峰,2015-03-08,2015年3月8日,小雨 /阴,11℃ / 6℃,东北风 ≤3级 /东北风 ≤3级,小雨,阴,11,6,东北风,≤3级,东北风,≤3级,day
2015-05-09 22:15:00,新添大道,7、未按规定让行的 ,负全部责任,不负责任,1,贵A7267G,红,1,贵AU3915,蓝,时发驾校,十一培,2011/5/9 0:00,1996/9/19 0:00,长安牌,宝来牌,364557000000000000 ,36636151224650845X,199105,196602,22,5,5,工作日,非高峰,2015-05-09,2015年5月9日,阵雨 /阵雨,23℃ / 16℃,东北风 ≤3级 /东南风 ≤3级,阵雨,阵雨,23,16,东北风,≤3级,东南风,≤3级,night
2015-04-25 14:30:00,花果园,1、追尾的,负全部责任,不负责任,0,贵GY3091,银,0,贵AW6291,银,铁二局驾校,十一培,2012/12/22 0:00,1994/3/22 0:00,长安牌,宝马,366369000000000000 ,364547000000000000 ,197104,196311,14,5,4,工作日,非高峰,2015-04-25,2015年4月25日,阴 /阵雨,20℃ / 11℃,东风 ≤3级 /东南风 ≤3级,阴,阵雨,20,11,东风,≤3级,东南风,≤3级,day
2015-05-03 10:40:00,人民广场,1、追尾的,负全部责任,不负责任,1,贵A58E45,白,1,贵AN9659,黑,长运驾校,十一培,2014/8/28 0:00,1998/7/7 0:00,福克斯牌,豪爵牌,364548000000000000 ,366364000000000000 ,196212,197001,10,6,5,周末,非高峰,2015-05-03,2015年5月3日,阵雨 /阵雨,25℃ / 15℃,东北风 ≤3级 /东北风 ≤3级,阵雨,阵雨,25,15,东北风,≤3级,东北风,≤3级,day
2015-03-30 13:50:00,花溪公园,7、未按规定让行的 ,负全部责任,不负责任,1,贵A44J81,黑色,1,贵AV4778,白色,贵阳金马驾驶培训有限公司,十一培,2012/10/11 0:00,1991/3/17 0:00,一汽牌,江铃全顺牌,364548000000000000 ,364557000000000000 ,198707,197303,13,0,3,工作日,非高峰,2015-03-30,2015年3月30日,晴 /多云,24℃ / 17℃,南风 ≤3级 /南风 ≤3级,晴,多云,24,17,南风,≤3级,南风,≤3级,day
2015-01-30 16:00:00,宝山南路,9、不符合前8款规定或者双方同时具有上述情形的,负同等责任,负同等责任,1,贵A6E188,银,1,贵ALP909,银,十一培,十一培,1999/4/5 0:00,1995/2/1 0:00,-1,五菱牌,36455051814350405X,364547000000000000 ,197905,196811,16,4,1,工作日,非高峰,2015-01-30,2015年1月30日,冻雨 /冻雨,1℃ / -3℃,东北风 ≤3级 /东北风 ≤3级,冻雨,冻雨,1,-3,东北风,≤3级,东北风,≤3级,day
2015-01-30 16:10:00,宝山北路,9、不符合前8款规定或者双方同时具有上述情形的,负同等责任,负同等责任,1,贵ALP909,银,1,贵A6E188,银,十一培,十一培,1995/2/1 0:00,1999/4/5 0:00,五菱牌,-1,364547000000000000 ,36455051814350405X,196811,197905,16,4,1,工作日,非高峰,2015-01-30,2015年1月30日,冻雨 /冻雨,1℃ / -3℃,东北风 ≤3级 /东北风 ≤3级,冻雨,冻雨,1,-3,东北风,≤3级,东北风,≤3级,day
2015-02-04 19:25:00,青云路,3、倒车的,负全部责任,不负责任,1,贵A81893,白,1,贵A74Z11,蓝,十一培,十一培,1983/11/23 0:00,1997/8/8 0:00,金龙,捷豹,364547000000000000 ,364547000000000000 ,195707,197910,19,2,2,工作日,晚高峰(17-19点),2015-02-04,2015年2月4日,小雨 /小雨,4℃ / 0℃,东北风 ≤3级 /东北风 ≤3级,小雨,小雨,4,0,东北风,≤3级,东北风,≤3级,day
2015-02-04 15:40:00,金源国际,3、倒车的,负全部责任,不负责任,1,贵AJ1229,黑,1,贵AV0828,白,十一培,十一培,1994/1/10 0:00,1993/10/10 0:00,劲扬牌,福克斯(FOCUS)牌,364556000000000000 ,364547000000000000 ,197103,196901,15,2,2,工作日,非高峰,2015-02-04,2015年2月4日,小雨 /小雨,4℃ / 0℃,东北风 ≤3级 /东北风 ≤3级,小雨,小雨,4,0,东北风,≤3级,东北风,≤3级,day
2015-02-05 11:37:00,碧海花园,7、未按规定让行的 ,负全部责任,不负责任,1,贵AKG768,白,1,贵AKK631,蓝,十一培,十一培,1994/8/2 0:00,1999/3/17 0:00,雷克萨斯,普瑞维亚,366567000000000000 ,364547000000000000 ,197104,197809,11,3,2,工作日,非高峰,2015-02-05,2015年2月5日,阴 /阴,3℃ / 0℃,东北风 ≤3级 /东北风 ≤3级,阴,阴,3,0,东北风,≤3级,东北风,≤3级,day
2015-02-06 11:00:00,王武监狱门口,3、倒车的,负全部责任,不负责任,1,贵FS7320,白色,1,贵A3184V,白色,十一培,十一培,1999/6/10 0:00,1999/6/10 0:00,五菱牌,长城牌,366064000000000000 ,366064000000000000 ,197102,197102,11,4,2,工作日,非高峰,2015-02-06,2015年2月6日,多云 /小雨,9℃ / 2℃,南风 ≤3级 /南风 ≤3级,多云,小雨,9,2,南风,≤3级,南风,≤3级,day
2015-02-06 14:00:00,珠江路,8、依法应负全责的其他情形,负全部责任,不负责任,1,贵A58G4,黑色,1,贵ANM256,白色,十一培,十一培,1994/12/8 0:00,1997/12/24 0:00,-1,吉利美日牌,364547000000000000 ,364556000000000000 ,197601,197608,14,4,2,工作日,非高峰,2015-02-06,2015年2月6日,多云 /小雨,9℃ / 2℃,南风 ≤3级 /南风 ≤3级,多云,小雨,9,2,南风,≤3级,南风,≤3级,day
2015-02-07 11:55:00,中华中路,8、依法应负全责的其他情形,负全部责任,不负责任,1,贵A48E55,白色,1,贵AN5521,黑色,十一培,十一培,1994/9/26 0:00,1994/9/26 0:00,蒙迪欧牌,福特牌,364548000000000000 ,364548000000000000 ,196408,196408,11,5,2,工作日,非高峰,2015-02-07,2015年2月7日,阴 /阴,8℃ / 3℃,东北风 ≤3级 /东北风 ≤3级,阴,阴,8,3,东北风,≤3级,东北风,≤3级,day
2015-02-07 11:40:00,会展城,3、倒车的,负全部责任,不负责任,1,贵AFW276,黄,1,贵A6AL49,银,十一培,十一培,1994/12/14 0:00,1998/6/5 0:00,东风雪铁龙牌,梅赛德斯-奔驰牌,364548000000000000 ,364548000000000000 ,197405,195805,11,5,2,工作日,非高峰,2015-02-07,2015年2月7日,阴 /阴,8℃ / 3℃,东北风 ≤3级 /东北风 ≤3级,阴,阴,8,3,东北风,≤3级,东北风,≤3级,day
2015-02-07 13:00:00,黔江路,1、追尾的,负全部责任,不负责任,1,贵A2065Z,黑色,1,贵AGR855,白色,十一培,十一培,1998/5/6 0:00,1995/3/23 0:00,艾力绅牌,长安牌,364547000000000000 ,36687551295658451X,197710,196812,13,5,2,工作日,非高峰,2015-02-07,2015年2月7日,阴 /阴,8℃ / 3℃,东北风 ≤3级 /东北风 ≤3级,阴,阴,8,3,东北风,≤3级,东北风,≤3级,day
2015-02-09 18:50:00,中华中路,1、追尾的,负全部责任,不负责任,1,贵AU3103,绿,1,贵AZF454,黑,十一培,十一培,1995/8/21 0:00,1981/7/31 0:00,大运牌,大众汽车牌,366864000000000000 ,364548000000000000 ,197410,196201,18,0,2,工作日,晚高峰(17-19点),2015-02-09,2015年2月9日,阴 /小雨,6℃ / 4℃,东北风 ≤3级 /东北风 ≤3级,阴,小雨,6,4,东北风,≤3级,东北风,≤3级,day
2015-02-10 15:40:00,中华北路,1、追尾的,负全部责任,不负责任,1,贵AEK734,黑,1,贵AU1588,绿,十一培,十一培,1995/6/25 0:00,1991/12/5 0:00,佳乐,大众牌,554550000000000000 ,364548000000000000 ,196907,196409,15,1,2,工作日,非高峰,2015-02-10,2015年2月10日,小雨 /小雨,6℃ / 3℃,东北风 ≤3级 /东风 ≤3级,小雨,小雨,6,3,东北风,≤3级,东风,≤3级,day
2015-02-11 10:35:00,友谊路与延安路口,9、不符合前8款规定或者双方同时具有上述情形的,负同等责任,负同等责任,1,贵A3C802,蓝,1,贵A0CA61,蓝,十一培,十一培,1996/7/25 0:00,1997/5/19 0:00,比亚迪牌,奥迪牌,364547000000000 ,364557000000000 ,770228,661017,10,2,2,工作日,非高峰,2015-02-11,2015年2月11日,多云 /多云,11℃ / 3℃,东风 ≤3级 /东北风 ≤3级,多云,多云,11,3,东风,≤3级,东北风,≤3级,day
2015-02-11 12:50:00,都市高架桥头,7、未按规定让行的 ,负全部责任,不负责任,1,贵GR4474,黑,1,贵A81Y65,灰,十一培,十一培,1996/12/9 0:00,1995/8/27 0:00,精灵,丰田牌,364548000000000000 ,366367000000000000 ,196307,197705,12,2,2,工作日,非高峰,2015-02-11,2015年2月11日,多云 /多云,11℃ / 3℃,东风 ≤3级 /东北风 ≤3级,多云,多云,11,3,东风,≤3级,东北风,≤3级,day
2015-02-12 01:50:00,军区门口,7、未按规定让行的 ,负全部责任,不负责任,1,贵AGL792,白色,1,贵A36Y78,白色,十一培,十一培,1993/10/20 0:00,1986/7/8 0:00,解放牌,奇瑞牌,366875000000000000 ,364548000000000000 ,197507,195712,1,3,2,工作日,非高峰,2015-02-12,2015年2月12日,多云 /多云,15℃ / 5℃,南风 ≤3级 /南风 ≤3级,多云,多云,15,5,南风,≤3级,南风,≤3级,night
2015-02-12 14:05:00,新路口,8、依法应负全责的其他情形,负全部责任,不负责任,1,贵APR957,白色,1,贵AAR666,黑色,十一培,十一培,1992/12/3 0:00,1993/11/25 0:00,长安牌,雅阁牌,364547000000000000 ,364547000000000000 ,197205,196103,14,3,2,工作日,非高峰,2015-02-12,2015年2月12日,多云 /多云,15℃ / 5℃,南风 ≤3级 /南风 ≤3级,多云,多云,15,5,南风,≤3级,南风,≤3级,day
2015-02-14 14:24:00,甘平路,4、停车时未挂低速档、未拉驻车制动，导致车辆滑行的,负全部责任,不负责任,1,贵ABF947,白色,1,贵GR6891,白色,十一培,十一培,1993/2/18 0:00,1998/11/3 0:00,宝骏牌,宝马牌,364547000000000000 ,364547000000000000 ,196402,196911,14,5,2,工作日,非高峰,2015-02-14,2015年2月14日,阵雨 /雷阵雨,16℃ / 10℃,南风 ≤3级 /南风 ≤3级,阵雨,雷阵雨,16,10,南风,≤3级,南风,≤3级,day
2015-02-14 18:05:00,二桥,7、未按规定让行的 ,负全部责任,不负责任,1,贵AMT018,黑,1,贵A2D971,蓝,十一培,十一培,1987/12/22 0:00,1996/9/4 0:00,东风雪铁龙牌,福特牌,364547000000000 ,364548000000000000 ,650415,195603,18,5,2,工作日,晚高峰(17-19点),2015-02-14,2015年2月14日,阵雨 /雷阵雨,16℃ / 10℃,南风 ≤3级 /南风 ≤3级,阵雨,雷阵雨,16,10,南风,≤3级,南风,≤3级,day
2015-02-15 10:20:00,涴沙路,7、未按规定让行的 ,负全部责任,不负责任,1,贵AM2404,黑,1,贵AN5959,黑,十一培,十一培,1998/2/9 0:00,1999/12/1 0:00,雅阁牌,保时捷,366366000000000000 ,73626251235451471X,197111,196510,10,6,2,周末,非高峰,2015-02-15,2015年2月15日,多云 /阴,19℃ / 8℃,南风 ≤3级 /东北风 ≤3级,多云,阴,19,8,南风,≤3级,东北风,≤3级,day
2015-02-15 11:41:00,嘉润路,7、未按规定让行的 ,负全部责任,不负责任,1,贵GX5493,白色,1,贵AUA472,黑色,十一培,十一培,1998/3/12 0:00,1994/5/3 0:00,江铃全顺牌,丰田牌,736267000000000000 ,366368000000000000 ,197608,197403,11,6,2,周末,非高峰,2015-02-15,2015年2月15日,多云 /阴,19℃ / 8℃,南风 ≤3级 /东北风 ≤3级,多云,阴,19,8,南风,≤3级,东北风,≤3级,day
2015-02-16 16:00:00,沙坡路,7、未按规定让行的 ,负全部责任,不负责任,0,贵AGX386,红,1,贵A91K52,蓝,十一培,十一培,1996/10/5 0:00,1999/12/8 0:00,纳智捷牌,谛艾仕牌,366269000000000000 ,366364000000000000 ,197407,196403,16,0,2,工作日,非高峰,2015-02-16,2015年2月16日,阴 /阵雨,15℃ / 9℃,东北风 ≤3级 /东南风 ≤3级,阴,阵雨,15,9,东北风,≤3级,东南风,≤3级,day
2015-02-16 15:10:00,东客站,3、倒车的,负全部责任,不负责任,1,贵A23492,白色,1,贵A5BC37,红色,十一培,十一培,1991/12/16 0:00,1992/6/2 0:00,宗申,丰田牌,364547000000000000 ,364557000000000000 ,197102,197311,15,0,2,工作日,非高峰,2015-02-16,2015年2月16日,阴 /阵雨,15℃ / 9℃,东北风 ≤3级 /东南风 ≤3级,阴,阵雨,15,9,东北风,≤3级,东南风,≤3级,day
2015-02-20 11:30:00,花溪大水沟,1、追尾的,负全部责任,不负责任,1,贵A74M18,白色,1,贵A62H77,白色,十一培,十一培,1995/2/14 0:00,1995/10/7 0:00,大众汽车牌,启辰牌,364547000000000000 ,364547000000000000 ,197107,196410,11,4,2,工作日,非高峰,2015-02-20,2015年2月20日,多云 /雷阵雨,23℃ / 11℃,南风 ≤3级 /东北风 ≤3级,多云,雷阵雨,23,11,南风,≤3级,东北风,≤3级,day
2015-02-17 15:00:00,小河长江路,8、依法应负全责的其他情形,负全部责任,不负责任,1,贵AER113,白色,1,贵AAC898,黑色,十一培,十一培,1994/2/6 0:00,1996/11/10 0:00,迈腾牌,大众汽车牌,364556000000000000 ,364551000000000000 ,196306,197707,15,1,2,工作日,非高峰,2015-02-17,2015年2月17日,阴 /阴,17℃ / 11℃,东南风 ≤3级 /南风 ≤3级,阴,阴,17,11,东南风,≤3级,南风,≤3级,day
2015-02-25 03:25:00,花溪大道中段,7、未按规定让行的 ,负全部责任,不负责任,1,贵A71M72,白色,1,贵A91535,黑色,十一培,十一培,1997/11/24 0:00,1995/5/6 0:00,途锐,山城牌,364547000000000000 ,364556000000000000 ,196501,195207,3,2,2,工作日,非高峰,2015-02-25,2015年2月25日,阴 /阵雨,15℃ / 8℃,东北风 ≤3级 /东北风 ≤3级,阴,阵雨,15,8,东北风,≤3级,东北风,≤3级,night
2015-02-23 09:00:00,观山东路,1、追尾的,负全部责任,不负责任,1,贵AKC781,黑,0,贵A57P71,红,十一培,十一培,1980/4/28 0:00,1985/9/29 0:00,马自达牌,翼虎牌,364558000000000000 ,364558000000000000 ,195712,195104,9,0,2,工作日,早高峰(7-9点),2015-02-23,2015年2月23日,阴 /阴,16℃ / 8℃,南风 ≤3级 /东风 ≤3级,阴,阴,16,8,南风,≤3级,东风,≤3级,day
2015-02-25 15:30:00,黄山冲,1、追尾的,负全部责任,不负责任,1,贵A4591T,银,1,贵GR1478,黑,十一培,十一培,1998/7/16 0:00,1994/8/29 0:00,五菱牌,启辰牌,366367000000000000 ,364548000000000000 ,197109,196210,15,2,2,工作日,非高峰,2015-02-25,2015年2月25日,阴 /阵雨,15℃ / 8℃,东北风 ≤3级 /东北风 ≤3级,阴,阵雨,15,8,东北风,≤3级,东北风,≤3级,day
2015-02-25 11:30:00,兴义路,8、依法应负全责的其他情形,负全部责任,不负责任,1,贵ABY626,红,1,贵GP8366,黑,十一培,十一培,1999/4/20 0:00,1998/9/3 0:00,奇瑞牌,福特牌,364548000000000000 ,364547000000000000 ,198010,198003,11,2,2,工作日,非高峰,2015-02-25,2015年2月25日,阴 /阵雨,15℃ / 8℃,东北风 ≤3级 /东北风 ≤3级,阴,阵雨,15,8,东北风,≤3级,东北风,≤3级,day
2015-02-25 20:30:00,小河,1、追尾的,负全部责任,不负责任,1,贵AK8803,白色,1,贵AW887,白色,十一培,十一培,1987/8/19 0:00,1992/5/31 0:00,胜达,-1,364547000000000000 ,364548000000000000 ,195608,197001,20,2,2,工作日,非高峰,2015-02-25,2015年2月25日,阴 /阵雨,15℃ / 8℃,东北风 ≤3级 /东北风 ≤3级,阴,阵雨,15,8,东北风,≤3级,东北风,≤3级,night
2015-02-27 10:00:00,火车北站,3、倒车的,负全部责任,不负责任,0,贵JBT938,白色,1,贵AV2073,黑色,十一培,十一培,1988/8/12 0:00,1988/8/12 0:00,福特牌,起亚牌,364548000000000000 ,364548000000000000 ,196409,196409,10,4,2,工作日,非高峰,2015-02-27,2015年2月27日,多云 /阵雨,21℃ / 5℃,南风 ≤3级 /南风 ≤3级,多云,阵雨,21,5,南风,≤3级,南风,≤3级,day
2015-02-27 18:00:00,南明区沙冲南路,1、追尾的,负全部责任,不负责任,0,贵A84R95,黑色,1,贵A97K82,白色,十一培,十一培,1995/1/19 0:00,1998/5/5 0:00,SRX 跨界车,东风日产牌,364548000000000000 ,364547000000000000 ,196411,197510,18,4,2,工作日,晚高峰(17-19点),2015-02-27,2015年2月27日,多云 /阵雨,21℃ / 5℃,南风 ≤3级 /南风 ≤3级,多云,阵雨,21,5,南风,≤3级,南风,≤3级,day