accidenttime,accidentaddr,driver1fault,driver1responsibility,driver2responsibility,sex1,platenumber1,carcolor1,sex2,platenumber2,carcolor2,jxmc1,jxmc2,cclzrq1,cclzrq2,clpp1,clpp2,driver1license,driver2license,brith1,brith2,hour,weekday,month,is_weekday,peak_hour,date,日期,天气状况,气温,风力风向,day_wea,night_wea,day_tep,night_tep,day_wind_direction,day_wind_speed,night_wind_direction,night_wind_speed,segment
2015-02-27 18:00:00,和尚坡,3、倒车的,负全部责任,不负责任,1,贵A9BA38,黑,1,贵AU7250,黄,十一培,十一培,1991/3/13 0:00,1997/1/31 0:00,长城牌,本田牌,366347000000000000 ,364557000000000000 ,196511,197009,18,4,2,工作日,晚高峰(17-19点),2015-02-27,2015年2月27日,多云 /阵雨,21℃ / 5℃,南风 ≤3级 /南风 ≤3级,多云,阵雨,21,5,南风,≤3级,南风,≤3级,day
2015-03-02 08:30:00,乌当,7、未按规定让行的 ,负全部责任,不负责任,1,贵AU1503,绿,1,贵AF5529,银,十一培,十一培,1993/11/3 0:00,1995/11/6 0:00,爱立新牌,宝马,364556000000000000 ,366675000000000000 ,196807,196810,8,0,3,工作日,早高峰(7-9点),2015-03-02,2015年3月2日,阴 /小雨,9℃ / 2℃,东北风 ≤3级 /东北风 ≤3级,阴,小雨,9,2,东北风,≤3级,东北风,≤3级,day
2015-03-02 08:40:00,安云路,8、依法应负全责的其他情形,负全部责任,不负责任,1,贵AW5564,黑,1,贵A2BW78,白,十一培,十一培,1999/6/21 0:00,1993/12/29 0:00,轰轰烈牌,发现4,364548000000000000 ,364557000000000000 ,197411,197203,8,0,3,工作日,早高峰(7-9点),2015-03-02,2015年3月2日,阴 /小雨,9℃ / 2℃,东北风 ≤3级 /东北风 ≤3级,阴,小雨,9,2,东北风,≤3级,东北风,≤3级,day
2015-03-02 11:20:00,西南环线,7、未按规定让行的 ,负全部责任,不负责任,1,川A64483,黑色,1,贵AV7265,白色,十一培,十一培,1999/9/25 0:00,1998/4/7 0:00,柳州,豪爵牌,35616751824148278X,364547000000000000 ,197609,198007,11,0,3,工作日,非高峰,2015-03-02,2015年3月2日,阴 /小雨,9℃ / 2℃,东北风 ≤3级 /东北风 ≤3级,阴,小雨,9,2,东北风,≤3级,东北风,≤3级,day
2015-03-03 09:30:00,机场路,7、未按规定让行的 ,负全部责任,不负责任,1,贵AU5452,白色,1,贵AA4487,白色,十一培,十一培,1998/6/7 0:00,1995/3/8 0:00,捷达牌,轻骑,366876000000000000 ,364547000000000000 ,197503,196402,9,1,3,工作日,早高峰(7-9点),2015-03-03,2015年3月3日,小雨 /小雨,8℃ / 3℃,东北风 ≤3级 /东北风 ≤3级,小雨,小雨,8,3,东北风,≤3级,东北风,≤3级,day
2015-03-03 11:00:00,蟠桃宫,7、未按规定让行的 ,负全部责任,不负责任,1,贵AD3611,白,1,贵AU7742,蓝,十一培,十一培,1993/3/18 0:00,1995/3/20 0:00,神鹰牌,千里马牌,364547000000000000 ,366367000000000000 ,197208,197010,11,1,3,工作日,非高峰,2015-03-03,2015年3月3日,小雨 /小雨,8℃ / 3℃,东北风 ≤3级 /东北风 ≤3级,小雨,小雨,8,3,东北风,≤3级,东北风,≤3级,day
2015-03-04 16:20:00,涴沙桥,7、未按规定让行的 ,负全部责任,不负责任,1,贵A29P38,银,1,贵AU5106,蓝,十一培,十一培,1998/5/4 0:00,1990/2/27 0:00,别克牌,捷达牌,364557000000000000 ,364547000000000000 ,198001,196805,16,2,3,工作日,非高峰,2015-03-04,2015年3月4日,小雨 /小雨,6℃ / 1℃,东北风 ≤3级 /东北风 ≤3级,小雨,小雨,6,1,东北风,≤3级,东北风,≤3级,day
2015-03-07 21:30:00,中环路,7、未按规定让行的 ,负全部责任,不负责任,1,贵A92198,白,1,贵A92198,银,十一培,十一培,1999/4/8 0:00,1993/12/7 0:00,时风牌,广塔,364646000000000000 ,364558000000000000 ,196911,197010,21,5,3,工作日,非高峰,2015-03-07,2015年3月7日,阴 /小雨,10℃ / 5℃,东风 ≤3级 /东南风 ≤3级,阴,小雨,10,5,东风,≤3级,东南风,≤3级,night
2015-03-08 08:00:00,朝阳洞路,7、未按规定让行的 ,负全部责任,不负责任,1,贵ALV737,白色,1,贵AU7935,白色,十一培,十一培,1992/7/6 0:00,1997/4/24 0:00,长安牌,钱江牌,364547000000000000 ,364547000000000000 ,196405,197904,8,6,3,周末,早高峰(7-9点),2015-03-08,2015年3月8日,小雨 /阴,11℃ / 6℃,东北风 ≤3级 /东北风 ≤3级,小雨,阴,11,6,东北风,≤3级,东北风,≤3级,day
2015-03-08 11:30:00,鱼安隧道,8、依法应负全责的其他情形,负全部责任,不负责任,1,贵AAW829,银,1,贵A53L81,银,十一培,十一培,1994/4/13 0:00,1994/6/2 0:00,东风牌,吉利牌,366367000000000000 ,366246000000000000 ,196203,195404,11,6,3,周末,非高峰,2015-03-08,2015年3月8日,小雨 /阴,11℃ / 6℃,东北风 ≤3级 /东北风 ≤3级,小雨,阴,11,6,东北风,≤3级,东北风,≤3级,day
2015-03-08 14:30:00,延安东路,8、依法应负全责的其他情形,负全部责任,不负责任,1,贵AU2303,黄,1,贵A44119,白,十一培,十一培,1985/9/2 0:00,1989/2/9 0:00,建豪牌,轩逸牌,364547000000000000 ,364548000000000000 ,196501,196807,14,6,3,周末,非高峰,2015-03-08,2015年3月8日,小雨 /阴,11℃ / 6℃,东北风 ≤3级 /东北风 ≤3级,小雨,阴,11,6,东北风,≤3级,东北风,≤3级,day
2015-03-09 08:45:00,解放西路,7、未按规定让行的 ,负全部责任,不负责任,1,贵A28H71,白色,1,贵A7AU99,黑色,十一培,十一培,1993/7/26 0:00,1995/2/24 0:00,大众汽车牌,锋范牌,364547000000000000 ,364547000000000000 ,197005,197602,8,0,3,工作日,早高峰(7-9点),2015-03-09,2015年3月9日,小雨 /小雨,10℃ / 5℃,东北风 ≤3级 /东北风 ≤3级,小雨,小雨,10,5,东北风,≤3级,东北风,≤3级,day
2015-03-09 14:10:00,瑞金南路,3、倒车的,负全部责任,不负责任,1,贵AH8699,黑,1,贵AK1599,黑,十一培,十一培,1994/8/9 0:00,1997/11/21 0:00,钱江牌,大力神牌,364548000000000000 ,366663000000000000 ,197210,196906,14,0,3,工作日,非高峰,2015-03-09,2015年3月9日,小雨 /小雨,10℃ / 5℃,东北风 ≤3级 /东北风 ≤3级,小雨,小雨,10,5,东北风,≤3级,东北风,≤3级,day
2015-03-09 16:39:00,北京路,1、追尾的,负全部责任,不负责任,1,贵A88000,黑色,1,贵AFM777,白色,十一培,十一培,1986/5/15 0:00,1993/12/19 0:00,陕汽牌,丰田牌,24544500000000000 ,364556000000000000 ,196207,197105,16,0,3,工作日,非高峰,2015-03-09,2015年3月9日,小雨 /小雨,10℃ / 5℃,东北风 ≤3级 /东北风 ≤3级,小雨,小雨,10,5,东北风,≤3级,东北风,≤3级,day
2015-03-09 15:53:00,青云路,1、追尾的,负全部责任,不负责任,1,贵AU3532,蓝,1,贵ATE694,蓝,十一培,十一培,1996/11/7 0:00,1996/10/3 0:00,奇瑞牌,奇瑞牌,364547000000000000 ,364548000000000000 ,196305,197805,15,0,3,工作日,非高峰,2015-03-09,2015年3月9日,小雨 /小雨,10℃ / 5℃,东北风 ≤3级 /东北风 ≤3级,小雨,小雨,10,5,东北风,≤3级,东北风,≤3级,day
2015-03-10 07:56:00,兴关路,1、追尾的,负全部责任,不负责任,1,贵A00375,黑色,1,贵AU8891,红色·,十一培,十一培,1994/6/14 0:00,1995/9/25 0:00,昌河,贝纳利牌,364547000000000000 ,355468000000000000 ,195610,197401,7,1,3,工作日,早高峰(7-9点),2015-03-10,2015年3月10日,小雨 /小雨,8℃ / 4℃,东北风 ≤3级 /东北风 ≤3级,小雨,小雨,8,4,东北风,≤3级,东北风,≤3级,day
2015-03-10 17:10:00,市北路,7、未按规定让行的 ,负全部责任,不负责任,1,贵A88X68,白,0,贵AAU443,蓝,十一培,十一培,1991/3/7 0:00,1996/4/26 0:00,丰田牌,马自达牌,364548000000000000 ,364547000000000000 ,196103,196112,17,1,3,工作日,晚高峰(17-19点),2015-03-10,2015年3月10日,小雨 /小雨,8℃ / 4℃,东北风 ≤3级 /东北风 ≤3级,小雨,小雨,8,4,东北风,≤3级,东北风,≤3级,day
2015-03-11 08:10:00,华联小区,3、倒车的,负全部责任,不负责任,1,渝HJ1585,白,1,贵AX1815,银,十一培,十一培,1999/5/18 0:00,1999/11/24 0:00,无,大江牌,366666000000000000 ,364547000000000000 ,198010,198011,8,2,3,工作日,早高峰(7-9点),2015-03-11,2015年3月11日,阴 /小雨,8℃ / 4℃,东北风 ≤3级 /东北风 ≤3级,阴,小雨,8,4,东北风,≤3级,东北风,≤3级,day
2015-03-11 10:35:00,沙冲路,1、追尾的,负全部责任,不负责任,1,贵A73113,白色,1,贵AV7545,白色,十一培,十一培,1995/10/28 0:00,1996/10/17 0:00,依维柯牌,红旗牌,364547000000000000 ,364547000000000000 ,196801,197612,10,2,3,工作日,非高峰,2015-03-11,2015年3月11日,阴 /小雨,8℃ / 4℃,东北风 ≤3级 /东北风 ≤3级,阴,小雨,8,4,东北风,≤3级,东北风,≤3级,day
2015-03-11 08:05:00,师大,1、追尾的,负全部责任,不负责任,1,贵AEF960,银,1,贵AJ7265,银,十一培,十一培,1996/12/11 0:00,1998/8/6 0:00,万达牌,嘉陵牌,364548000000000000 ,364547000000000000 ,195801,196302,8,2,3,工作日,早高峰(7-9点),2015-03-11,2015年3月11日,阴 /小雨,8℃ / 4℃,东北风 ≤3级 /东北风 ≤3级,阴,小雨,8,4,东北风,≤3级,东北风,≤3级,day
2015-03-13 11:30:00,金大驾校内,1、追尾的,负全部责任,不负责任,1,贵A7465学,白色,1,贵AD2371,黑色,十一培,十一培,1989/5/24 0:00,1984/5/3 0:00,-1,东风雪铁龙,36454751394975445X,364548000000000000 ,195808,195903,11,4,3,工作日,非高峰,2015-03-13,2015年3月13日,多云 /阵雨,17℃ / 12℃,南风 ≤3级 /南风 ≤3级,多云,阵雨,17,12,南风,≤3级,南风,≤3级,day
2015-03-13 14:00:00,花果园,8、依法应负全责的其他情形,负全部责任,不负责任,1,浙C643L2,黑,1,贵AU6694,绿,十一培,十一培,1999/3/1 0:00,1991/3/20 0:00,奥迪牌,金福牌,774764000000000000 ,364548000000000000 ,197001,196012,14,4,3,工作日,非高峰,2015-03-13,2015年3月13日,多云 /阵雨,17℃ / 12℃,南风 ≤3级 /南风 ≤3级,多云,阵雨,17,12,南风,≤3级,南风,≤3级,day
2015-03-13 17:00:00,北京西路,1、追尾的,负全部责任,不负责任,1,贵A93G32,白,1,贵AU0462,绿,十一培,十一培,1992/7/29 0:00,1996/10/23 0:00,翼虎牌,宝来牌,366364000000000000 ,364547000000000000 ,196611,197501,17,4,3,工作日,晚高峰(17-19点),2015-03-13,2015年3月13日,多云 /阵雨,17℃ / 12℃,南风 ≤3级 /南风 ≤3级,多云,阵雨,17,12,南风,≤3级,南风,≤3级,day
2015-03-13 20:20:00,黄金路,3、倒车的,负全部责任,不负责任,1,贵ARN267,白,1,贵ACP309,白,十一培,十一培,1995/5/24 0:00,1996/11/5 0:00,梅赛德斯-奔驰牌,蒙迪欧牌,364548000000000000 ,364548000000000000 ,196306,197105,20,4,3,工作日,非高峰,2015-03-13,2015年3月13日,多云 /阵雨,17℃ / 12℃,南风 ≤3级 /南风 ≤3级,多云,阵雨,17,12,南风,≤3级,南风,≤3级,night
2015-03-14 13:20:00,宝山北路,7、未按规定让行的 ,负全部责任,不负责任,1,贵AEV644,白色,1,贵AU6917,白色,十一培,十一培,1994/6/28 0:00,1990/7/16 0:00,思域(CIVIC)牌,宇通牌,366346000000000000 ,364547000000000000 ,197407,197104,13,5,3,工作日,非高峰,2015-03-14,2015年3月14日,阴 /阴,17℃ / 12℃,南风 ≤3级 /东南风 ≤3级,阴,阴,17,12,南风,≤3级,东南风,≤3级,day
2015-03-14 12:05:00,蛮破,5、开关车门的,负全部责任,不负责任,1,贵A58563,黑,0,贵A3AR61,黑,十一培,十一培,1991/6/1 0:00,1991/8/11 0:00,海陵牌,雅阁牌,364548000000000000 ,364547000000000000 ,196311,196609,12,5,3,工作日,非高峰,2015-03-14,2015年3月14日,阴 /阴,17℃ / 12℃,南风 ≤3级 /东南风 ≤3级,阴,阴,17,12,南风,≤3级,东南风,≤3级,day
2015-03-14 15:40:00,油榨街,8、依法应负全责的其他情形,负全部责任,不负责任,1,贵A18K73,白色,1,贵A25B47,白色,十一培,十一培,1994/12/28 0:00,1997/10/27 0:00,思铭牌,五菱牌,364547000000000000 ,364547000000000000 ,195610,196011,15,5,3,工作日,非高峰,2015-03-14,2015年3月14日,阴 /阴,17℃ / 12℃,南风 ≤3级 /东南风 ≤3级,阴,阴,17,12,南风,≤3级,东南风,≤3级,day
2015-03-14 14:10:00,花果园,7、未按规定让行的 ,负全部责任,不负责任,1,贵A95524,白色,1,贵AJ5315,白色,十一培,十一培,1991/3/5 0:00,1999/3/23 0:00,五菱,钱江牌,366364000000000000 ,364646000000000000 ,197009,197902,14,5,3,工作日,非高峰,2015-03-14,2015年3月14日,阴 /阴,17℃ / 12℃,南风 ≤3级 /东南风 ≤3级,阴,阴,17,12,南风,≤3级,东南风,≤3级,day
2015-03-15 07:30:00,阳关,8、依法应负全责的其他情形,负全部责任,不负责任,1,贵A0AC19,白,1,贵AN6891,白,十一培,十一培,1993/10/6 0:00,1991/9/15 0:00,长安牌,双庆牌,364548000000000000 ,364547000000000000 ,196207,195610,7,6,3,周末,早高峰(7-9点),2015-03-15,2015年3月15日,阴 /阴,18℃ / 13℃,东风 ≤3级 /南风 ≤3级,阴,阴,18,13,东风,≤3级,南风,≤3级,day
2015-03-15 08:30:00,瑞锦中路,7、未按规定让行的 ,负全部责任,不负责任,1,贵AU1503,银,1,贵AU7765,蓝,十一培,十一培,1993/11/3 0:00,1995/2/2 0:00,大众牌,捷达牌,364556000000000000 ,364548000000000000 ,196807,197605,8,6,3,周末,早高峰(7-9点),2015-03-15,2015年3月15日,阴 /阴,18℃ / 13℃,东风 ≤3级 /南风 ≤3级,阴,阴,18,13,东风,≤3级,南风,≤3级,day
2015-03-15 14:50:00,市南路,7、未按规定让行的 ,负全部责任,不负责任,0,贵ANM767,白,1,贵AU7642,蓝,十一培,十一培,1998/4/6 0:00,1995/4/26 0:00,宝马,捷达牌,366363000000000000 ,364558000000000000 ,197203,196507,14,6,3,周末,非高峰,2015-03-15,2015年3月15日,阴 /阴,18℃ / 13℃,东风 ≤3级 /南风 ≤3级,阴,阴,18,13,东风,≤3级,南风,≤3级,day
2015-03-15 22:30:00,解放西路,7、未按规定让行的 ,负全部责任,不负责任,1,贵A95A67,白色,1,贵ATC576,白色,十一培,十一培,1986/7/30 0:00,1997/2/3 0:00,大众汽车牌,长安牌,364547000000000000 ,364547000000000000 ,195902,196612,22,6,3,周末,非高峰,2015-03-15,2015年3月15日,阴 /阴,18℃ / 13℃,东风 ≤3级 /南风 ≤3级,阴,阴,18,13,东风,≤3级,南风,≤3级,night
2015-03-15 20:22:00,贵新路,8、依法应负全责的其他情形,负全部责任,不负责任,1,贵AJU806,白色,1,贵AJH749,白色,十一培,十一培,1987/9/19 0:00,1993/5/16 0:00,华泰圣达菲牌,北京现代牌,364548000000000000 ,364547000000000000 ,195203,196402,20,6,3,周末,非高峰,2015-03-15,2015年3月15日,阴 /阴,18℃ / 13℃,东风 ≤3级 /南风 ≤3级,阴,阴,18,13,东风,≤3级,南风,≤3级,night
2015-03-16 06:00:00,革老安置小区,3、倒车的,负全部责任,不负责任,1,贵A29205,白色,1,贵AD17D4,白色,十一培,十一培,1996/4/2 0:00,1999/6/12 0:00,陕汽牌,-1,366064000000000000 ,364547000000000000 ,196611,197303,6,0,3,工作日,非高峰,2015-03-16,2015年3月16日,阴 /多云,20℃ / 15℃,南风 ≤3级 /南风 ≤3级,阴,多云,20,15,南风,≤3级,南风,≤3级,day
2015-03-16 16:52:00,碧海花园,9、不符合前8款规定或者双方同时具有上述情形的,负同等责任,负同等责任,1,贵A81K94,白,1,贵AP4619,银,十一培,十一培,1997/1/22 0:00,1990/12/16 0:00,名爵牌,恒胜牌,364548000000000000 ,364547000000000000 ,197904,196309,16,0,3,工作日,非高峰,2015-03-16,2015年3月16日,阴 /多云,20℃ / 15℃,南风 ≤3级 /南风 ≤3级,阴,多云,20,15,南风,≤3级,南风,≤3级,day
2015-03-17 07:30:00,关水路,7、未按规定让行的 ,负全部责任,不负责任,1,贵A62M97,白色,1,贵AKG747,白色,十一培,十一培,1998/6/1 0:00,1992/5/25 0:00,江铃牌,宝马牌,36454751894855696X,364547000000000000 ,197807,197311,7,1,3,工作日,早高峰(7-9点),2015-03-17,2015年3月17日,多云 /多云,25℃ / 14℃,南风 ≤3级 /南风 ≤3级,多云,多云,25,14,南风,≤3级,南风,≤3级,day
2015-03-18 08:00:00,青云路,8、依法应负全责的其他情形,负全部责任,不负责任,1,贵ALS982,白,1,贵A48V95,银,十一培,十一培,1993/12/3 0:00,1999/8/5 0:00,大众汽车牌,福克斯牌,364548000000000000 ,364646000000000000 ,197310,197512,8,2,3,工作日,早高峰(7-9点),2015-03-18,2015年3月18日,多云 /多云,24℃ / 14℃,南风 ≤3级 /南风 ≤3级,多云,多云,24,14,南风,≤3级,南风,≤3级,day
2015-03-17 20:00:00,贵惠路,3、倒车的,负全部责任,不负责任,1,贵GY6614,白色,1,贵AU1279,白色,十一培,十一培,1997/4/29 0:00,1997/7/4 0:00,哈弗牌,丰田牌,364547000000000000 ,364548000000000000 ,195510,197203,20,1,3,工作日,非高峰,2015-03-17,2015年3月17日,多云 /多云,25℃ / 14℃,南风 ≤3级 /南风 ≤3级,多云,多云,25,14,南风,≤3级,南风,≤3级,night
2015-03-18 10:30:00,碧海花园,1、追尾的,负全部责任,不负责任,1,贵ALV134,银,0,贵FL5952,红,十一培,十一培,1988/11/20 0:00,1988/11/20 0:00,五菱牌,红旗牌,364548000000000000 ,364548000000000000 ,195702,195702,10,2,3,工作日,非高峰,2015-03-18,2015年3月18日,多云 /多云,24℃ / 14℃,南风 ≤3级 /南风 ≤3级,多云,多云,24,14,南风,≤3级,南风,≤3级,day
2015-03-19 13:50:00,金清线,1、追尾的,负全部责任,不负责任,1,贵AU7435,绿,1,贵A51F26,黑,十一培,十一培,1980/10/8 0:00,1991/12/27 0:00,捷达牌,梅赛德斯-奔驰牌,366368000000000000 ,366067000000000000 ,196308,196606,13,3,3,工作日,非高峰,2015-03-19,2015年3月19日,多云 /阵雨,26℃ / 12℃,南风 ≤3级 /东北风 ≤3级,多云,阵雨,26,12,南风,≤3级,东北风,≤3级,day
2015-03-19 17:58:00,地化所,8、依法应负全责的其他情形,负全部责任,不负责任,1,贵A15M76,银,1,贵ASY214,银,十一培,十一培,1994/4/26 0:00,1996/10/14 0:00,沃尔沃,别克牌,364547000000000000 ,354548000000000000 ,197305,197106,17,3,3,工作日,晚高峰(17-19点),2015-03-19,2015年3月19日,多云 /阵雨,26℃ / 12℃,南风 ≤3级 /东北风 ≤3级,多云,阵雨,26,12,南风,≤3级,东北风,≤3级,day
2015-03-21 08:26:00,观山湖,7、未按规定让行的 ,负全部责任,不负责任,1,贵A20033,白,1,贵A08396,黄,十一培,十一培,1995/7/24 0:00,1985/1/14 0:00,五十铃牌,万达牌,364547000000000000 ,366246000000000000 ,197002,196304,8,5,3,工作日,早高峰(7-9点),2015-03-21,2015年3月21日,阴 /阴,16℃ / 11℃,东北风 ≤3级 /东南风 ≤3级,阴,阴,16,11,东北风,≤3级,东南风,≤3级,day
2015-03-21 18:00:00,麦格乡龙窝,9、不符合前8款规定或者双方同时具有上述情形的,负同等责任,负同等责任,1,贵ATB885,黑,1,贵A94741,银,十一培,十一培,1988/10/25 0:00,1998/3/12 0:00,福克斯牌,东风,364557000000000000 ,765552000000000000 ,195712,196711,18,5,3,工作日,晚高峰(17-19点),2015-03-21,2015年3月21日,阴 /阴,16℃ / 11℃,东北风 ≤3级 /东南风 ≤3级,阴,阴,16,11,东北风,≤3级,东南风,≤3级,day
2015-03-21 18:05:00,麦格乡龙窝,9、不符合前8款规定或者双方同时具有上述情形的,负同等责任,负同等责任,1,贵A94741,银,1,贵ATB885,蓝,十一培,十一培,1998/3/12 0:00,1988/10/25 0:00,建设,福克斯牌,765552000000000000 ,364557000000000000 ,196711,195712,18,5,3,工作日,晚高峰(17-19点),2015-03-21,2015年3月21日,阴 /阴,16℃ / 11℃,东北风 ≤3级 /东南风 ≤3级,阴,阴,16,11,东北风,≤3级,东南风,≤3级,day
2015-03-22 20:30:00,小石城,7、未按规定让行的 ,负全部责任,不负责任,1,贵ACG1777,红,1,贵AAK098,白,十一培,十一培,1990/12/10 0:00,1995/7/15 0:00,-1,轰轰烈牌,364547000000000000 ,364548000000000000 ,196411,195712,20,6,3,周末,非高峰,2015-03-22,2015年3月22日,阵雨 /阵雨,19℃ / 10℃,东南风 ≤3级 /东风 ≤3级,阵雨,阵雨,19,10,东南风,≤3级,东风,≤3级,night
2015-03-23 07:30:00,观山东路,8、依法应负全责的其他情形,负全部责任,不负责任,1,贵ABS095,黑,1,贵A24S59,红,十一培,十一培,1998/3/19 0:00,1990/8/8 0:00,思威牌,沃尔沃,364558000000000000 ,364558000000000000 ,197402,197105,7,0,3,工作日,早高峰(7-9点),2015-03-23,2015年3月23日,多云 /阴,17℃ / 9℃,东北风 ≤3级 /东北风 ≤3级,多云,阴,17,9,东北风,≤3级,东北风,≤3级,day
2015-03-23 10:00:00,金珠立交,1、追尾的,负全部责任,不负责任,1,甘C89368,白,1,贵A5BW78,白,十一培,十一培,1995/1/11 0:00,1995/1/11 0:00,\N,马自达牌,364547000000000000 ,364547000000000000 ,197309,197309,10,0,3,工作日,非高峰,2015-03-23,2015年3月23日,多云 /阴,17℃ / 9℃,东北风 ≤3级 /东北风 ≤3级,多云,阴,17,9,东北风,≤3级,东北风,≤3级,day
2015-03-23 15:20:00,五里冲,7、未按规定让行的 ,负全部责任,不负责任,1,贵AA2696,黑,1,贵A44V59,银,十一培,十一培,1987/1/30 0:00,1997/11/5 0:00,红旗,长安,366546000000000000 ,366061000000000000 ,195602,195805,15,0,3,工作日,非高峰,2015-03-23,2015年3月23日,多云 /阴,17℃ / 9℃,东北风 ≤3级 /东北风 ≤3级,多云,阴,17,9,东北风,≤3级,东北风,≤3级,day
2015-03-23 17:46:00,沙冲南路,7、未按规定让行的 ,负全部责任,不负责任,1,贵A527B4,白色,1,贵AU7246,白色,十一培,十一培,1994/6/29 0:00,1993/4/28 0:00,江铃牌,力帆牌,366770000000000000 ,364556000000000000 ,195704,197409,17,0,3,工作日,晚高峰(17-19点),2015-03-23,2015年3月23日,多云 /阴,17℃ / 9℃,东北风 ≤3级 /东北风 ≤3级,多云,阴,17,9,东北风,≤3级,东北风,≤3级,day
2015-03-24 09:50:00,瑞金北路,1、追尾的,负全部责任,不负责任,1,贵A03918,黑,1,贵AA9039,黑,十一培,十一培,1998/9/23 0:00,1994/3/15 0:00,丰田牌,奥德赛,366269000000000000 ,364547000000000000 ,197906,197105,9,1,3,工作日,早高峰(7-9点),2015-03-24,2015年3月24日,小雨 /阵雨,13℃ / 7℃,东北风 ≤3级 /东北风 ≤3级,小雨,阵雨,13,7,东北风,≤3级,东北风,≤3级,day
2015-03-24 16:30:00,黔林公园,7、未按规定让行的 ,负全部责任,不负责任,1,贵AF7111,银,1,贵AU7330,蓝,十一培,十一培,1998/6/22 0:00,1998/9/12 0:00,北京现代,金龙牌,364548000000000000 ,364596000000000000 ,195612,197912,16,1,3,工作日,非高峰,2015-03-24,2015年3月24日,小雨 /阵雨,13℃ / 7℃,东北风 ≤3级 /东北风 ≤3级,小雨,阵雨,13,7,东北风,≤3级,东北风,≤3级,day
2015-03-25 08:30:00,神奇路,7、未按规定让行的 ,负全部责任,不负责任,1,贵AA885,白色,1,贵HAR967,白色,十一培,十一培,1992/9/15 0:00,1994/1/19 0:00,-1,跨界高尔夫,364548000000000000 ,364547000000000000 ,196812,196711,8,2,3,工作日,早高峰(7-9点),2015-03-25,2015年3月25日,阴 /阵雨,14℃ / 9℃,东北风 ≤3级 /东北风 ≤3级,阴,阵雨,14,9,东北风,≤3级,东北风,≤3级,day
2015-03-26 07:48:00,沙冲路,7、未按规定让行的 ,负全部责任,不负责任,1,贵AU0638,白色,1,贵ATB052,白色,十一培,十一培,1997/12/9 0:00,1999/4/26 0:00,捷达牌,宝马,364547000000000000 ,364547000000000000 ,198005,197506,7,3,3,工作日,早高峰(7-9点),2015-03-26,2015年3月26日,阴 /阵雨,17℃ / 12℃,南风 ≤3级 /南风 ≤3级,阴,阵雨,17,12,南风,≤3级,南风,≤3级,day
2015-03-26 06:40:00,长岭南路,7、未按规定让行的 ,负全部责任,不负责任,1,贵AU9578,绿,1,贵AC2927,白,十一培,十一培,1998/4/22 0:00,1992/9/23 0:00,捷达牌,钱江牌,366361000000000000 ,364548000000000000 ,197407,196011,6,3,3,工作日,非高峰,2015-03-26,2015年3月26日,阴 /阵雨,17℃ / 12℃,南风 ≤3级 /南风 ≤3级,阴,阵雨,17,12,南风,≤3级,南风,≤3级,day
2015-03-26 09:30:00,瑞北路口,7、未按规定让行的 ,负全部责任,不负责任,1,贵AHR552,黑色,1,贵AU8389,白色,十一培,十一培,1997/6/27 0:00,1999/9/21 0:00,江淮牌,宝来牌,356346000000000000 ,364548000000000000 ,197401,197812,9,3,3,工作日,早高峰(7-9点),2015-03-26,2015年3月26日,阴 /阵雨,17℃ / 12℃,南风 ≤3级 /南风 ≤3级,阴,阵雨,17,12,南风,≤3级,南风,≤3级,day
2015-03-26 17:30:00,油榨街,7、未按规定让行的 ,负全部责任,不负责任,1,贵A7BE23,白色,1,贵AJ2359,白色,十一培,十一培,1996/12/2 0:00,1993/2/24 0:00,荣威牌,丰田(TOYOTA)牌,364548000000000000 ,36454651244949395X,197211,196008,17,3,3,工作日,晚高峰(17-19点),2015-03-26,2015年3月26日,阴 /阵雨,17℃ / 12℃,南风 ≤3级 /南风 ≤3级,阴,阵雨,17,12,南风,≤3级,南风,≤3级,day
2015-03-26 17:40:00,大营坡,7、未按规定让行的 ,负全部责任,不负责任,1,贵AU6073,黑,1,贵A59V77,白,十一培,十一培,1993/5/16 0:00,1998/8/27 0:00,捷达牌,宝马牌,364548000000000000 ,364548000000000000 ,197007,196909,17,3,3,工作日,晚高峰(17-19点),2015-03-26,2015年3月26日,阴 /阵雨,17℃ / 12℃,南风 ≤3级 /南风 ≤3级,阴,阵雨,17,12,南风,≤3级,南风,≤3级,day
2015-03-27 01:15:00,苗圃隧道,1、追尾的,负全部责任,不负责任,1,浙CJD186,白色,1,贵AU0152,白色,十一培,十一培,1994/11/19 0:00,1996/8/7 0:00,丰田牌,豪铃牌,366367000000000000 ,364548000000000000 ,197409,197103,1,4,3,工作日,非高峰,2015-03-27,2015年3月27日,阵雨 /阵雨,18℃ / 13℃,南风 ≤3级 /南风 ≤3级,阵雨,阵雨,18,13,南风,≤3级,南风,≤3级,night