accidenttime,accidentaddr,driver1fault,driver1responsibility,driver2responsibility,sex1,platenumber1,carcolor1,sex2,platenumber2,carcolor2,jxmc1,jxmc2,cclzrq1,cclzrq2,clpp1,clpp2,driver1license,driver2license,brith1,brith2,hour,weekday,month,is_weekday,peak_hour,date,日期,天气状况,气温,风力风向,day_wea,night_wea,day_tep,night_tep,day_wind_direction,day_wind_speed,night_wind_direction,night_wind_speed,segment
2015-03-29 14:00:00,白云区,9、不符合前8款规定或者双方同时具有上述情形的,负同等责任,负同等责任,1,贵AKG256,红,1,贵AU5149,蓝,十一培,十一培,1995/3/1 0:00,1996/6/6 0:00,东风雪铁龙牌,天禧牌,36606051844552447X,364558000000000000 ,197001,197001,14,6,3,周末,非高峰,2015-03-29,2015年3月29日,阴 /多云,18℃ / 15℃,东风 ≤3级 /南风 ≤3级,阴,多云,18,15,东风,≤3级,南风,≤3级,day
2015-03-29 18:30:00,四方河,7、未按规定让行的 ,负全部责任,不负责任,1,临贵A1G368,白色,1,贵AU7805,白色,十一培,十一培,1986/2/16 0:00,1993/12/27 0:00,-1,金龙牌,364548000000000000 ,364548000000000000 ,195511,196403,18,6,3,周末,晚高峰(17-19点),2015-03-29,2015年3月29日,阴 /多云,18℃ / 15℃,东风 ≤3级 /南风 ≤3级,阴,多云,18,15,东风,≤3级,南风,≤3级,day
2015-03-29 20:04:00,东山,7、未按规定让行的 ,负全部责任,不负责任,1,贵AG8133,银,1,贵AU0008,蓝,十一培,十一培,1989/1/5 0:00,1994/1/14 0:00,神龙-富康牌,宝来牌,364646000000000000 ,364548000000000000 ,195609,197309,20,6,3,周末,非高峰,2015-03-29,2015年3月29日,阴 /多云,18℃ / 15℃,东风 ≤3级 /南风 ≤3级,阴,多云,18,15,东风,≤3级,南风,≤3级,night
2015-03-30 14:00:00,云潭北路,7、未按规定让行的 ,负全部责任,不负责任,1,川L29885,黄,1,贵AU0871,黄,十一培,十一培,1998/7/23 0:00,1987/6/29 0:00,长安牌,嘉陵牌,355557000000000000 ,364646000000000000 ,196805,196504,14,0,3,工作日,非高峰,2015-03-30,2015年3月30日,晴 /多云,24℃ / 17℃,南风 ≤3级 /南风 ≤3级,晴,多云,24,17,南风,≤3级,南风,≤3级,day
2015-03-31 00:00:00,遵义路,7、未按规定让行的 ,负全部责任,不负责任,1,贵AGV339,白色,1,贵AU1666,灰色,十一培,十一培,1986/2/2 0:00,1993/11/4 0:00,福克斯,嘉陵牌,364547000000000000 ,364547000000000000 ,195811,195707,0,1,3,工作日,非高峰,2015-03-31,2015年3月31日,多云 /多云,28℃ / 19℃,南风 ≤3级 /南风 ≤3级,多云,多云,28,19,南风,≤3级,南风,≤3级,night
2015-03-31 08:15:00,三桥,7、未按规定让行的 ,负全部责任,不负责任,1,贵A62Z15,蓝,1,贵AU5381,蓝,十一培,十一培,1986/3/7 0:00,1989/5/22 0:00,大众牌,宇通牌,364548000000000000 ,364547000000000000 ,195806,196507,8,1,3,工作日,早高峰(7-9点),2015-03-31,2015年3月31日,多云 /多云,28℃ / 19℃,南风 ≤3级 /南风 ≤3级,多云,多云,28,19,南风,≤3级,南风,≤3级,day
2015-03-31 15:30:00,白云区,7、未按规定让行的 ,负全部责任,不负责任,1,贵A23178,红,1,贵ACP309,黑,十一培,十一培,1995/10/14 0:00,1998/4/7 0:00,长安,蒙迪欧牌,366364000000000000 ,364548000000000000 ,196609,197005,15,1,3,工作日,非高峰,2015-03-31,2015年3月31日,多云 /多云,28℃ / 19℃,南风 ≤3级 /南风 ≤3级,多云,多云,28,19,南风,≤3级,南风,≤3级,day
2015-03-31 14:30:00,市西高架桥,7、未按规定让行的 ,负全部责任,不负责任,1,贵AU5889,绿,0,贵AU4692,蓝,十一培,十一培,1994/5/30 0:00,1990/7/30 0:00,宗申·比亚乔牌,隆鑫牌,364547000000000000 ,364547000000000000 ,197105,196203,14,1,3,工作日,非高峰,2015-03-31,2015年3月31日,多云 /多云,28℃ / 19℃,南风 ≤3级 /南风 ≤3级,多云,多云,28,19,南风,≤3级,南风,≤3级,day
2015-04-01 17:10:00,瑞金中路,7、未按规定让行的 ,负全部责任,不负责任,1,贵ADS722,红,0,贵AAU554,黑,十一培,十一培,1992/6/7 0:00,1999/4/22 0:00,奇瑞牌,思威牌,364548000000000000 ,364557000000000000 ,196707,198012,17,2,4,工作日,晚高峰(17-19点),2015-04-01,2015年4月1日,多云 /多云,29℃ / 19℃,南风 ≤3级 /南风 ≤3级,多云,多云,29,19,南风,≤3级,南风,≤3级,day
2015-04-02 09:20:00,天逸城,1、追尾的,负全部责任,不负责任,1,贵A456B5,银,1,贵AC9696,银,十一培,十一培,1998/9/4 0:00,1994/4/5 0:00,东风牌,豪爵牌,366270000000000000 ,364548000000000000 ,195310,197109,9,3,4,工作日,早高峰(7-9点),2015-04-02,2015年4月2日,多云 /多云,30℃ / 18℃,南风 ≤3级 /南风 ≤3级,多云,多云,30,18,南风,≤3级,南风,≤3级,day
2015-04-02 14:00:00,贵遵路,3、倒车的,负全部责任,不负责任,1,贵A22999,红,0,贵A94Y75,黑,十一培,十一培,1986/5/29 0:00,1992/7/16 0:00,东风牌,起亚牌,654848000000000000 ,364547000000000000 ,195604,197411,14,3,4,工作日,非高峰,2015-04-02,2015年4月2日,多云 /多云,30℃ / 18℃,南风 ≤3级 /南风 ≤3级,多云,多云,30,18,南风,≤3级,南风,≤3级,day
2015-04-03 07:55:00,八角岩路,7、未按规定让行的 ,负全部责任,不负责任,1,贵AUA045,白,1,贵AU7753,蓝,十一培,十一培,1993/3/4 0:00,1995/6/3 0:00,丰田牌,恒通客车牌,364547000000000000 ,364547000000000000 ,196511,197010,7,4,4,工作日,早高峰(7-9点),2015-04-03,2015年4月3日,多云 /多云,30℃ / 19℃,南风 ≤3级 /南风 ≤3级,多云,多云,30,19,南风,≤3级,南风,≤3级,day
2015-04-03 09:10:00,南方汇通,1、追尾的,负全部责任,不负责任,1,贵A440C6,蓝,1,贵AU7907,蓝,十一培,十一培,1994/9/28 0:00,1994/7/20 0:00,斯卡特牌,万达牌,364558000000000000 ,364548000000000000 ,196601,197510,9,4,4,工作日,早高峰(7-9点),2015-04-03,2015年4月3日,多云 /多云,30℃ / 19℃,南风 ≤3级 /南风 ≤3级,多云,多云,30,19,南风,≤3级,南风,≤3级,day
2015-04-03 10:00:00,汤巴关,7、未按规定让行的 ,负全部责任,不负责任,0,贵A21152,白,1,贵AU4865,绿,十一培,十一培,1997/11/13 0:00,1996/8/27 0:00,运力牌,天马牌,364547000000000000 ,366367000000000000 ,196607,197311,10,4,4,工作日,非高峰,2015-04-03,2015年4月3日,多云 /多云,30℃ / 19℃,南风 ≤3级 /南风 ≤3级,多云,多云,30,19,南风,≤3级,南风,≤3级,day
2015-04-03 12:25:00,花果园,8、依法应负全责的其他情形,负全部责任,不负责任,1,贵AL2699,白,1,贵AUS622,绿,十一培,十一培,1993/7/27 0:00,1999/1/12 0:00,X5,吉利全球鹰牌,366367000000000000 ,364547000000000000 ,195807,198009,12,4,4,工作日,非高峰,2015-04-03,2015年4月3日,多云 /多云,30℃ / 19℃,南风 ≤3级 /南风 ≤3级,多云,多云,30,19,南风,≤3级,南风,≤3级,day
2015-04-04 11:00:00,状元街,8、依法应负全责的其他情形,负全部责任,不负责任,1,贵AEV794,白色,1,贵A81M87,白色,十一培,十一培,1994/3/8 0:00,1994/12/9 0:00,奔驰,大众汽车牌,364547000000000000 ,364548000000000000 ,196206,196501,11,5,4,工作日,非高峰,2015-04-04,2015年4月4日,多云 /多云,29℃ / 18℃,南风 ≤3级 /南风 ≤3级,多云,多云,29,18,南风,≤3级,南风,≤3级,day
2015-04-05 09:37:00,宝山北路,4、停车时未挂低速档、未拉驻车制动，导致车辆滑行的,负全部责任,不负责任,1,贵A19329,黑,1,贵AFS272,红,十一培,十一培,1987/12/6 0:00,1987/1/25 0:00,豪爵-SUZUKI牌,高尔,364596000000000000 ,364548000000000000 ,196112,195605,9,6,4,周末,早高峰(7-9点),2015-04-05,2015年4月5日,阴 /阵雨,30℃ / 12℃,南风 ≤3级 /东北风 ≤3级,阴,阵雨,30,12,南风,≤3级,东北风,≤3级,day
2015-04-06 13:00:00,小河,7、未按规定让行的 ,负全部责任,不负责任,1,贵AU3831,蓝,1,贵AU6226,绿,十一培,十一培,1994/11/6 0:00,1998/3/5 0:00,瑞麒牌,丰田牌,364547000000000000 ,366562000000000000 ,196008,197211,13,0,4,工作日,非高峰,2015-04-06,2015年4月6日,阵雨 /阵雨,17℃ / 7℃,东北风 ≤3级 /东北风 ≤3级,阵雨,阵雨,17,7,东北风,≤3级,东北风,≤3级,day
2015-04-06 20:33:00,乌当,1、追尾的,负全部责任,不负责任,1,贵AP3097,银,1,贵A36V69,黄,十一培,十一培,1989/6/1 0:00,1982/9/11 0:00,丰田牌,揽胜,366861000000000000 ,364547000000000000 ,196810,196010,20,0,4,工作日,非高峰,2015-04-06,2015年4月6日,阵雨 /阵雨,17℃ / 7℃,东北风 ≤3级 /东北风 ≤3级,阵雨,阵雨,17,7,东北风,≤3级,东北风,≤3级,night
2015-04-06 18:00:00,望城坡,1、追尾的,负全部责任,不负责任,1,贵AU6866,白色,1,贵JJ1671,白色,十一培,十一培,1995/11/25 0:00,1998/10/16 0:00,捷达牌,本田牌,364547000000000000 ,364548000000000000 ,197203,197805,18,0,4,工作日,晚高峰(17-19点),2015-04-06,2015年4月6日,阵雨 /阵雨,17℃ / 7℃,东北风 ≤3级 /东北风 ≤3级,阵雨,阵雨,17,7,东北风,≤3级,东北风,≤3级,day
2015-04-07 08:00:00,浣纱路,9、不符合前8款规定或者双方同时具有上述情形的,负同等责任,负同等责任,1,贵AS5517,白色,1,贵AB3804,白色,十一培,十一培,1995/8/28 0:00,1993/12/16 0:00,夏利牌,金城牌,364547000000000000 ,364548000000000000 ,197201,196102,8,1,4,工作日,早高峰(7-9点),2015-04-07,2015年4月7日,小雨 /小雨,9℃ / 5℃,东北风 ≤3级 /东北风 ≤3级,小雨,小雨,9,5,东北风,≤3级,东北风,≤3级,day
2015-04-07 08:30:00,钱林山,1、追尾的,负全部责任,不负责任,1,贵AV7445,蓝,1,贵AU4381,蓝,十一培,十一培,1999/11/30 0:00,1989/9/22 0:00,新感觉牌,三野牌,366566000000000000 ,364548000000000000 ,197710,196802,8,1,4,工作日,早高峰(7-9点),2015-04-07,2015年4月7日,小雨 /小雨,9℃ / 5℃,东北风 ≤3级 /东北风 ≤3级,小雨,小雨,9,5,东北风,≤3级,东北风,≤3级,day
2015-04-07 08:50:00,黔灵山路,1、追尾的,负全部责任,不负责任,1,贵AU7445,蓝,1,贵A98891,白,十一培,十一培,1999/11/30 0:00,1998/12/18 0:00,黄海牌,南骏牌,366566000000000000 ,364547000000000000 ,197710,197005,8,1,4,工作日,早高峰(7-9点),2015-04-07,2015年4月7日,小雨 /小雨,9℃ / 5℃,东北风 ≤3级 /东北风 ≤3级,小雨,小雨,9,5,东北风,≤3级,东北风,≤3级,day
2015-04-08 12:56:00,小河,6、违反交通信号的,负全部责任,不负责任,1,贵AHZ425,白色,1,贵A18E73,白色,十一培,十一培,1987/12/7 0:00,1987/12/7 0:00,中华牌,骊威牌,366862000000000000 ,366862000000000000 ,195605,195605,12,2,4,工作日,非高峰,2015-04-08,2015年4月8日,小雨 /小雨,10℃ / 6℃,东北风 ≤3级 /东北风 ≤3级,小雨,小雨,10,6,东北风,≤3级,东北风,≤3级,day
2015-04-08 12:26:00,龙家寨,7、未按规定让行的 ,负全部责任,不负责任,1,贵AFR333,白色,1,贵AMJ353,白色,十一培,十一培,1988/6/27 0:00,1998/3/6 0:00,金杯牌,长安牌,364547000000000000 ,364547000000000000 ,195505,195910,12,2,4,工作日,非高峰,2015-04-08,2015年4月8日,小雨 /小雨,10℃ / 6℃,东北风 ≤3级 /东北风 ≤3级,小雨,小雨,10,6,东北风,≤3级,东北风,≤3级,day
2015-04-08 14:40:00,油榨街,7、未按规定让行的 ,负全部责任,不负责任,1,贵A42648,白色,1,贵AU7378,白色,十一培,十一培,1992/10/7 0:00,1997/7/22 0:00,三凌,大阳牌,364547000000000000 ,364547000000000000 ,196604,197905,14,2,4,工作日,非高峰,2015-04-08,2015年4月8日,小雨 /小雨,10℃ / 6℃,东北风 ≤3级 /东北风 ≤3级,小雨,小雨,10,6,东北风,≤3级,东北风,≤3级,day
2015-04-09 09:30:00,甲秀南路,1、追尾的,负全部责任,不负责任,1,贵F73798,白色,1,贵AU7741,白色,十一培,十一培,1986/11/20 0:00,1997/8/7 0:00,东风牌,捷达牌,364548000000000000 ,364547000000000000 ,195710,197311,9,3,4,工作日,早高峰(7-9点),2015-04-09,2015年4月9日,阴 /小雨,11℃ / 7℃,东北风 ≤3级 /东北风 ≤3级,阴,小雨,11,7,东北风,≤3级,东北风,≤3级,day
2015-04-10 16:30:00,枣山路,7、未按规定让行的 ,负全部责任,不负责任,1,贵AKJ883,白,0,贵AJY546,银,十一培,十一培,1996/10/21 0:00,1993/2/24 0:00,梅赛德斯-奔驰,豪情牌,364547000000000 ,364547000000000000 ,771004,196202,16,4,4,工作日,非高峰,2015-04-10,2015年4月10日,小雨 /小雨,12℃ / 8℃,东北风 ≤3级 /东北风 ≤3级,小雨,小雨,12,8,东北风,≤3级,东北风,≤3级,day
2015-04-11 17:00:00,花果园,7、未按规定让行的 ,负全部责任,不负责任,1,贵A7AN62,白色,1,贵AM8502,白色,十一培,十一培,1998/6/11 0:00,1991/9/28 0:00,东风标致牌,创新牌,366675000000000000 ,364547000000000000 ,197102,195712,17,5,4,工作日,晚高峰(17-19点),2015-04-11,2015年4月11日,多云 /多云,15℃ / 9℃,东北风 ≤3级 /东风 ≤3级,多云,多云,15,9,东北风,≤3级,东风,≤3级,day
2015-04-11 15:00:00,盐务街,8、依法应负全责的其他情形,负全部责任,不负责任,1,贵A54C19,白,1,贵ACT656,白,十一培,十一培,1996/6/11 0:00,1999/6/12 0:00,傲虎,别克牌,364548000000000000 ,364548000000000000 ,197607,197602,15,5,4,工作日,非高峰,2015-04-11,2015年4月11日,多云 /多云,15℃ / 9℃,东北风 ≤3级 /东风 ≤3级,多云,多云,15,9,东北风,≤3级,东风,≤3级,day
2015-04-11 18:00:00,延安中路,9、不符合前8款规定或者双方同时具有上述情形的,负同等责任,负同等责任,1,贵AU6267,蓝,1,贵ALD472,黑,十一培,十一培,1999/9/21 0:00,1996/6/5 0:00,大众牌,别克,364547000000000000 ,364548000000000000 ,197001,196705,18,5,4,工作日,晚高峰(17-19点),2015-04-11,2015年4月11日,多云 /多云,15℃ / 9℃,东北风 ≤3级 /东风 ≤3级,多云,多云,15,9,东北风,≤3级,东风,≤3级,day
2015-04-11 18:00:00,延安西路,9、不符合前8款规定或者双方同时具有上述情形的,负同等责任,负同等责任,1,贵ALD472,白,1,贵AU6267,蓝,十一培,十一培,1996/6/5 0:00,1999/9/21 0:00,别克,黄海牌,364548000000000000 ,364547000000000000 ,196705,197001,18,5,4,工作日,晚高峰(17-19点),2015-04-11,2015年4月11日,多云 /多云,15℃ / 9℃,东北风 ≤3级 /东风 ≤3级,多云,多云,15,9,东北风,≤3级,东风,≤3级,day
2015-04-12 14:08:00,陈家坡,7、未按规定让行的 ,负全部责任,不负责任,1,贵AG2908,白色,1,贵AV7036,白色,十一培,十一培,1998/3/30 0:00,1993/6/1 0:00,奇瑞,宗申牌,364548000000000000 ,364547000000000000 ,196807,197110,14,6,4,周末,非高峰,2015-04-12,2015年4月12日,晴 /多云,21℃ / 7℃,东风 ≤3级 /东风 ≤3级,晴,多云,21,7,东风,≤3级,东风,≤3级,day
2015-04-13 08:15:00,三桥,7、未按规定让行的 ,负全部责任,不负责任,1,贵A09103,白,1,贵AU5161,蓝,十一培,十一培,1986/10/4 0:00,1992/8/25 0:00,金龙牌,陆胜牌,364548000000000000 ,364547000000000000 ,196410,196603,8,0,4,工作日,早高峰(7-9点),2015-04-13,2015年4月13日,晴 /多云,23℃ / 8℃,东北风 ≤3级 /东北风 ≤3级,晴,多云,23,8,东北风,≤3级,东北风,≤3级,day
2015-04-13 10:30:00,杨家山隧道,1、追尾的,负全部责任,不负责任,1,陈川AH556W,红,0,贵AP4991,白,十一培,十一培,1996/6/30 0:00,1996/6/30 0:00,马自达牌,大力神牌,364547000000000000 ,364547000000000000 ,197509,197509,10,0,4,工作日,非高峰,2015-04-13,2015年4月13日,晴 /多云,23℃ / 8℃,东北风 ≤3级 /东北风 ≤3级,晴,多云,23,8,东北风,≤3级,东北风,≤3级,day
2015-04-13 13:00:00,会展城,7、未按规定让行的 ,负全部责任,不负责任,1,贵AHH047,黑,1,贵A61R41,黑,十一培,十一培,1996/11/8 0:00,1996/8/30 0:00,沃尔沃牌,梅赛德斯-奔驰,366347000000000000 ,364548000000000000 ,197112,197403,13,0,4,工作日,非高峰,2015-04-13,2015年4月13日,晴 /多云,23℃ / 8℃,东北风 ≤3级 /东北风 ≤3级,晴,多云,23,8,东北风,≤3级,东北风,≤3级,day
2015-04-14 07:30:00,北京中路,8、依法应负全责的其他情形,负全部责任,不负责任,1,贵ALV903,黄,1,贵AX9455,银,十一培,十一培,1995/9/11 0:00,1996/6/17 0:00,吉利美日牌,东风雪铁龙牌,66065500000000000 ,36454751805554725X,197509,197411,7,1,4,工作日,早高峰(7-9点),2015-04-14,2015年4月14日,晴 /多云,22℃ / 9℃,东风 ≤3级 /东风 ≤3级,晴,多云,22,9,东风,≤3级,东风,≤3级,day
2015-04-14 07:30:00,黔灵山路,1、追尾的,负全部责任,不负责任,1,贵ARM725,黑,1,贵AB3611,黑,十一培,十一培,1999/3/15 0:00,1991/10/21 0:00,猎豹牌,豪爵牌,364647000000000000 ,364547000000000000 ,197603,196206,7,1,4,工作日,早高峰(7-9点),2015-04-14,2015年4月14日,晴 /多云,22℃ / 9℃,东风 ≤3级 /东风 ≤3级,晴,多云,22,9,东风,≤3级,东风,≤3级,day
2015-04-14 09:10:00,宝山南路,7、未按规定让行的 ,负全部责任,不负责任,1,贵AB1411,白色,1,贵AU2965,白色,十一培,十一培,1997/6/17 0:00,1996/10/14 0:00,山城牌,瑞麒牌,364547000000000000 ,364547000000000000 ,196710,197402,9,1,4,工作日,早高峰(7-9点),2015-04-14,2015年4月14日,晴 /多云,22℃ / 9℃,东风 ≤3级 /东风 ≤3级,晴,多云,22,9,东风,≤3级,东风,≤3级,day
2015-04-14 12:17:00,三桥,7、未按规定让行的 ,负全部责任,不负责任,1,贵A412F3,白,1,贵AU7850,蓝,十一培,十一培,1994/8/10 0:00,1999/4/27 0:00,解放牌,喜马牌,366068000000000000 ,364547000000000000 ,196412,196902,12,1,4,工作日,非高峰,2015-04-14,2015年4月14日,晴 /多云,22℃ / 9℃,东风 ≤3级 /东风 ≤3级,晴,多云,22,9,东风,≤3级,东风,≤3级,day
2015-04-14 17:00:00,后巢乡,7、未按规定让行的 ,负全部责任,不负责任,1,贵A941E1,白色,1,贵ATN896,白色,十一培,十一培,1998/8/21 0:00,1998/9/9 0:00,长安牌,奥迪牌,776363000000000000 ,356166000000000000 ,196601,196711,17,1,4,工作日,晚高峰(17-19点),2015-04-14,2015年4月14日,晴 /多云,22℃ / 9℃,东风 ≤3级 /东风 ≤3级,晴,多云,22,9,东风,≤3级,东风,≤3级,day
2015-04-15 09:30:00,金华园,8、依法应负全责的其他情形,负全部责任,不负责任,0,贵ANZ636,白,1,贵A9335警,白,十一培,十一培,1998/12/18 0:00,1994/7/15 0:00,东风标致牌,-1,364548000000000000 ,366666000000000000 ,196605,197206,9,2,4,工作日,早高峰(7-9点),2015-04-15,2015年4月15日,多云 /多云,24℃ / 16℃,东南风 ≤3级 /南风 ≤3级,多云,多云,24,16,东南风,≤3级,南风,≤3级,day
2015-04-15 11:20:00,南明区广味园对面,3、倒车的,负全部责任,不负责任,1,贵A36W78,白色,1,贵AKR313,白色,十一培,十一培,1990/5/2 0:00,1996/4/9 0:00,丰田牌,别克牌,364547000000000000 ,364547000000000000 ,196504,196304,11,2,4,工作日,非高峰,2015-04-15,2015年4月15日,多云 /多云,24℃ / 16℃,东南风 ≤3级 /南风 ≤3级,多云,多云,24,16,东南风,≤3级,南风,≤3级,day
2015-04-15 10:50:00,蟠桃宫,7、未按规定让行的 ,负全部责任,不负责任,1,贵AJ8991,白色,1,贵APS171,白色,十一培,十一培,1998/7/28 0:00,1995/1/25 0:00,恒胜牌,北京现代牌,364547000000000000 ,364548000000000000 ,197712,195808,10,2,4,工作日,非高峰,2015-04-15,2015年4月15日,多云 /多云,24℃ / 16℃,东南风 ≤3级 /南风 ≤3级,多云,多云,24,16,东南风,≤3级,南风,≤3级,day
2015-04-15 11:30:00,省委,1、追尾的,负全部责任,不负责任,1,浙A896QD,白色,1,贵G71578,白色,十一培,十一培,1996/10/26 0:00,1997/12/29 0:00,东风日产牌,五菱牌,776366000000000000 ,364547000000000000 ,196701,197608,11,2,4,工作日,非高峰,2015-04-15,2015年4月15日,多云 /多云,24℃ / 16℃,东南风 ≤3级 /南风 ≤3级,多云,多云,24,16,东南风,≤3级,南风,≤3级,day
2015-04-15 12:30:00,小河锦江路,1、追尾的,负全部责任,不负责任,1,贵A8W647,白色,1,贵GE5635,白色,十一培,十一培,1999/5/27 0:00,1996/9/11 0:00,五菱牌,大众汽车牌,364548000000000000 ,364547000000000000 ,197502,196811,12,2,4,工作日,非高峰,2015-04-15,2015年4月15日,多云 /多云,24℃ / 16℃,东南风 ≤3级 /南风 ≤3级,多云,多云,24,16,东南风,≤3级,南风,≤3级,day
2015-04-15 16:15:00,水口寺,3、倒车的,负全部责任,不负责任,1,贵A34Y59,白色,1,贵AV6015,白色,十一培,十一培,1994/1/27 0:00,1996/6/20 0:00,三菱牌,嘉陵牌,364556000000000000 ,364547000000000000 ,196510,196208,16,2,4,工作日,非高峰,2015-04-15,2015年4月15日,多云 /多云,24℃ / 16℃,东南风 ≤3级 /南风 ≤3级,多云,多云,24,16,东南风,≤3级,南风,≤3级,day
2015-04-16 07:35:00,贵阳轻工学院,8、依法应负全责的其他情形,负全部责任,不负责任,1,贵AER414,白色,1,贵AU6326,白色,十一培,十一培,1999/3/31 0:00,1996/10/24 0:00,速腾牌,捷达牌,364548000000000000 ,366368000000000000 ,198005,197203,7,3,4,工作日,早高峰(7-9点),2015-04-16,2015年4月16日,多云 /多云,29℃ / 17℃,南风 ≤3级 /南风 ≤3级,多云,多云,29,17,南风,≤3级,南风,≤3级,day
2015-04-16 10:00:00,沙冲路口,9、不符合前8款规定或者双方同时具有上述情形的,负同等责任,负同等责任,1,贵AU9732,白色,1,贵AU7265,白色,十一培,十一培,1998/5/22 0:00,1989/12/4 0:00,瑞麒牌,福田牌,364558000000000000 ,36454751295551322X,197310,196811,10,3,4,工作日,非高峰,2015-04-16,2015年4月16日,多云 /多云,29℃ / 17℃,南风 ≤3级 /南风 ≤3级,多云,多云,29,17,南风,≤3级,南风,≤3级,day
2015-04-18 13:40:00,北京路,8、依法应负全责的其他情形,负全部责任,不负责任,1,贵AJ9382,银,1,贵AJ2035,银,十一培,十一培,1993/10/5 0:00,1987/2/4 0:00,钱江牌,索兰托,364548000000000000 ,364548000000000000 ,197201,196003,13,5,4,工作日,非高峰,2015-04-18,2015年4月18日,多云 /雷阵雨,29℃ / 16℃,南风 ≤3级 /南风 ≤3级,多云,雷阵雨,29,16,南风,≤3级,南风,≤3级,day
2015-04-18 15:40:00,碧海花园,7、未按规定让行的 ,负全部责任,不负责任,1,贵AO3702,黑,1,贵ADK079,白,十一培,十一培,1990/3/14 0:00,1984/10/31 0:00,-1,东风雪铁龙牌,364547000000000000 ,366364000000000000 ,195904,196305,15,5,4,工作日,非高峰,2015-04-18,2015年4月18日,多云 /雷阵雨,29℃ / 16℃,南风 ≤3级 /南风 ≤3级,多云,雷阵雨,29,16,南风,≤3级,南风,≤3级,day
2015-04-19 08:50:00,兴筑路,1、追尾的,负全部责任,不负责任,1,贵A86449,黄,0,贵A74G18,黑,十一培,十一培,1999/10/13 0:00,1992/10/9 0:00,陕汽牌,东风日产牌,364557000000000000 ,36636351235446885X,197706,196510,8,6,4,周末,早高峰(7-9点),2015-04-19,2015年4月19日,阵雨 /阵雨,22℃ / 13℃,东北风 ≤3级 /东北风 ≤3级,阵雨,阵雨,22,13,东北风,≤3级,东北风,≤3级,day
2015-04-20 13:00:00,中天花园,7、未按规定让行的 ,负全部责任,不负责任,1,贵AB9765,白色,1,贵AV5106,白色,十一培,十一培,1999/10/13 0:00,1990/2/27 0:00,东风牌,华泰吉田牌,364547000000000000 ,364547000000000000 ,195907,196805,13,0,4,工作日,非高峰,2015-04-20,2015年4月20日,阴 /阴,20℃ / 11℃,东北风 ≤3级 /东北风 ≤3级,阴,阴,20,11,东北风,≤3级,东北风,≤3级,day
2015-04-20 20:40:00,三江口,7、未按规定让行的 ,负全部责任,不负责任,1,贵AV6154,白色,1,贵A41C79,白色,十一培,十一培,1998/9/30 0:00,1997/1/15 0:00,喜马牌,长安牌,366876000000000000 ,364551000000000000 ,197603,197702,20,0,4,工作日,非高峰,2015-04-20,2015年4月20日,阴 /阴,20℃ / 11℃,东北风 ≤3级 /东北风 ≤3级,阴,阴,20,11,东北风,≤3级,东北风,≤3级,night
2015-04-20 20:30:00,紫林庵,7、未按规定让行的 ,负全部责任,不负责任,1,贵A19K69,蓝,1,贵AU6073,蓝,十一培,十一培,1986/6/29 0:00,1989/3/27 0:00,雪佛兰牌,捷达牌,364547000000000000 ,364547000000000000 ,195709,196402,20,0,4,工作日,非高峰,2015-04-20,2015年4月20日,阴 /阴,20℃ / 11℃,东北风 ≤3级 /东北风 ≤3级,阴,阴,20,11,东北风,≤3级,东北风,≤3级,night
2015-04-21 06:50:00,新世界,8、依法应负全责的其他情形,负全部责任,不负责任,1,贵A0235A,白,1,贵A3349H,黑,十一培,十一培,1997/8/28 0:00,1993/6/20 0:00,长安牌,雅阁牌,74362500000000000 ,364557000000000000 ,197703,197105,6,1,4,工作日,非高峰,2015-04-21,2015年4月21日,阴 /阵雨,17℃ / 10℃,东北风 ≤3级 /东北风 ≤3级,阴,阵雨,17,10,东北风,≤3级,东北风,≤3级,day
2015-04-21 07:20:00,百花湖,7、未按规定让行的 ,负全部责任,不负责任,1,贵A74N52,银,1,贵AC491F,银,十一培,十一培,1990/12/1 0:00,1990/12/1 0:00,东风牌,五菱牌,364548000000000000 ,364548000000000000 ,196112,196112,7,1,4,工作日,早高峰(7-9点),2015-04-21,2015年4月21日,阴 /阵雨,17℃ / 10℃,东北风 ≤3级 /东北风 ≤3级,阴,阵雨,17,10,东北风,≤3级,东北风,≤3级,day
2015-04-21 09:00:00,空招,7、未按规定让行的 ,负全部责任,不负责任,1,贵A32996,银,1,贵ANM273,黑,十一培,十一培,1998/7/10 0:00,1999/9/1 0:00,江淮牌,福克斯牌,366064000000000000 ,366846000000000000 ,197606,197610,9,1,4,工作日,早高峰(7-9点),2015-04-21,2015年4月21日,阴 /阵雨,17℃ / 10℃,东北风 ≤3级 /东北风 ≤3级,阴,阵雨,17,10,东北风,≤3级,东北风,≤3级,day