accidenttime,accidentaddr,driver1fault,driver1responsibility,driver2responsibility,sex1,platenumber1,carcolor1,sex2,platenumber2,carcolor2,jxmc1,jxmc2,cclzrq1,cclzrq2,clpp1,clpp2,driver1license,driver2license,brith1,brith2,hour,weekday,month,is_weekday,peak_hour,date,日期,天气状况,气温,风力风向,day_wea,night_wea,day_tep,night_tep,day_wind_direction,day_wind_speed,night_wind_direction,night_wind_speed,segment
2015-04-21 12:05:00,沙冲南路,8、依法应负全责的其他情形,负全部责任,不负责任,1,贵AKY113,白色,1,贵AVK696,白色,十一培,十一培,1994/6/29 0:00,1996/8/5 0:00,指南者,大众汽车牌,364547000000000 ,364547000000000000 ,701126,197701,12,1,4,工作日,非高峰,2015-04-21,2015年4月21日,阴 /阵雨,17℃ / 10℃,东北风 ≤3级 /东北风 ≤3级,阴,阵雨,17,10,东北风,≤3级,东北风,≤3级,day
2015-04-22 12:00:00,北京路,1、追尾的,负全部责任,不负责任,1,贵A1F22,白色,1,贵AU6701,白色,十一培,十一培,1986/4/8 0:00,1994/9/20 0:00,建设-雅马哈牌,蜀都牌,364547000000000000 ,364547000000000000 ,196402,195912,12,2,4,工作日,非高峰,2015-04-22,2015年4月22日,小雨 /小雨,15℃ / 10℃,东北风 ≤3级 /东北风 ≤3级,小雨,小雨,15,10,东北风,≤3级,东北风,≤3级,day
2015-04-22 12:35:00,盐务街,8、依法应负全责的其他情形,负全部责任,不负责任,1,贵ACN670,蓝,1,贵AHH118,蓝,十一培,十一培,1995/7/31 0:00,1987/10/6 0:00,宝来牌,马自达牌,364547000000000000 ,36454651204365393X,194702,196405,12,2,4,工作日,非高峰,2015-04-22,2015年4月22日,小雨 /小雨,15℃ / 10℃,东北风 ≤3级 /东北风 ≤3级,小雨,小雨,15,10,东北风,≤3级,东北风,≤3级,day
2015-04-22 18:30:00,小河经开区,7、未按规定让行的 ,负全部责任,不负责任,1,渝BW4896,白色,1,贵ANX569,白色,十一培,十一培,1997/4/24 0:00,1991/2/24 0:00,别克牌,朗逸牌,366568000000000000 ,364556000000000000 ,197501,197201,18,2,4,工作日,晚高峰(17-19点),2015-04-22,2015年4月22日,小雨 /小雨,15℃ / 10℃,东北风 ≤3级 /东北风 ≤3级,小雨,小雨,15,10,东北风,≤3级,东北风,≤3级,day
2015-04-23 20:27:00,文昌路,7、未按规定让行的 ,负全部责任,不负责任,1,贵A45913,银,1,贵AU0875,绿,十一培,十一培,1992/10/29 0:00,1997/2/26 0:00,湘江,神鹰牌,364548000000000000 ,366347000000000000 ,196203,196610,20,3,4,工作日,非高峰,2015-04-23,2015年4月23日,阴 /小雨,16℃ / 10℃,东北风 ≤3级 /东北风 ≤3级,阴,小雨,16,10,东北风,≤3级,东北风,≤3级,night
2015-04-24 12:40:00,大营坡,8、依法应负全责的其他情形,负全部责任,不负责任,1,贵A0176K,银,1,贵AU7748,绿,十一培,十一培,1995/8/1 0:00,1991/4/6 0:00,海马牌,金城铃木牌,364556000000000000 ,364548000000000000 ,196811,196710,12,4,4,工作日,非高峰,2015-04-24,2015年4月24日,阴 /小雨,16℃ / 11℃,东风 ≤3级 /东风 ≤3级,阴,小雨,16,11,东风,≤3级,东风,≤3级,day
2015-04-24 16:00:00,甲秀北路,1、追尾的,负全部责任,不负责任,0,贵ACH257,银,1,贵A4467警,白,十一培,十一培,1981/10/9 0:00,1992/12/8 0:00,丰田牌,-1,36455751324264407X,364547000000000000 ,195606,195801,16,4,4,工作日,非高峰,2015-04-24,2015年4月24日,阴 /小雨,16℃ / 11℃,东风 ≤3级 /东风 ≤3级,阴,小雨,16,11,东风,≤3级,东风,≤3级,day
2015-04-24 20:30:00,瑞金南路,7、未按规定让行的 ,负全部责任,不负责任,1,贵A1AM81,白色,1,贵A8CA91,白色,十一培,十一培,1999/3/1 0:00,1991/3/23 0:00,翼虎牌,丰田牌,366367000000000000 ,364547000000000000 ,196610,196204,20,4,4,工作日,非高峰,2015-04-24,2015年4月24日,阴 /小雨,16℃ / 11℃,东风 ≤3级 /东风 ≤3级,阴,小雨,16,11,东风,≤3级,东风,≤3级,night
2015-04-25 09:10:00,宝山北路,1、追尾的,负全部责任,不负责任,1,贵A43K22,黑,1,贵AU4557,黄,十一培,十一培,1986/11/3 0:00,1998/9/1 0:00,雅阁牌,捷达牌,364548000000000000 ,364556000000000000 ,195608,197905,9,5,4,工作日,早高峰(7-9点),2015-04-25,2015年4月25日,阴 /阵雨,20℃ / 11℃,东风 ≤3级 /东南风 ≤3级,阴,阵雨,20,11,东风,≤3级,东南风,≤3级,day
2015-04-26 10:00:00,花果园,7、未按规定让行的 ,负全部责任,不负责任,1,贵AU4122,白色,1,贵A11N61,白色,十一培,十一培,1998/6/16 0:00,1998/9/29 0:00,奔野牌,斯柯达牌,366367000000000000 ,364548000000000000 ,197404,197911,10,6,4,周末,非高峰,2015-04-26,2015年4月26日,阵雨 /阵雨,18℃ / 14℃,东南风 ≤3级 /东北风 ≤3级,阵雨,阵雨,18,14,东南风,≤3级,东北风,≤3级,day
2015-04-26 16:20:00,阳关,1、追尾的,负全部责任,不负责任,1,贵A4AT23,黑,1,贵A36F76,黑,十一培,十一培,1988/5/15 0:00,1994/11/16 0:00,丰田牌,丰田牌,366364000000000000 ,374556000000000000 ,196110,196508,16,6,4,周末,非高峰,2015-04-26,2015年4月26日,阵雨 /阵雨,18℃ / 14℃,东南风 ≤3级 /东北风 ≤3级,阵雨,阵雨,18,14,东南风,≤3级,东北风,≤3级,day
2015-04-27 08:50:00,东山,6、违反交通信号的,负全部责任,不负责任,1,贵AC3068,蓝,1,贵A33R67,银,十一培,十一培,1990/8/26 0:00,1999/9/13 0:00,嘉陵牌,夏利牌,364548000000000000 ,364547000000000000 ,196503,197612,8,0,4,工作日,早高峰(7-9点),2015-04-27,2015年4月27日,阴 /雷阵雨,21℃ / 14℃,东南风 ≤3级 /东北风 ≤3级,阴,雷阵雨,21,14,东南风,≤3级,东北风,≤3级,day
2015-04-27 17:30:00,吉林驾校,7、未按规定让行的 ,负全部责任,不负责任,1,贵A23749,白色,1,贵A0304学,白色,十一培,十一培,1994/11/1 0:00,1995/1/30 0:00,大众牌,-1,364548000000000000 ,356164000000000000 ,195709,197607,17,0,4,工作日,晚高峰(17-19点),2015-04-27,2015年4月27日,阴 /雷阵雨,21℃ / 14℃,东南风 ≤3级 /东北风 ≤3级,阴,雷阵雨,21,14,东南风,≤3级,东北风,≤3级,day
2015-04-27 16:50:00,青云路,7、未按规定让行的 ,负全部责任,不负责任,1,贵AX3084,白色,1,贵AM5193,白色,十一培,十一培,1999/11/19 0:00,1995/9/28 0:00,钱江牌,宝马,364558000000000000 ,366270000000000000 ,195710,197605,16,0,4,工作日,非高峰,2015-04-27,2015年4月27日,阴 /雷阵雨,21℃ / 14℃,东南风 ≤3级 /东北风 ≤3级,阴,雷阵雨,21,14,东南风,≤3级,东北风,≤3级,day
2015-04-27 17:40:00,狮子山,8、依法应负全责的其他情形,负全部责任,不负责任,1,贵AAF627,银,1,贵AU6264,蓝,十一培,十一培,1995/8/22 0:00,1996/12/30 0:00,吉利美日牌,凌肯牌,364547000000000000 ,36454651854360745X,197410,197105,17,0,4,工作日,晚高峰(17-19点),2015-04-27,2015年4月27日,阴 /雷阵雨,21℃ / 14℃,东南风 ≤3级 /东北风 ≤3级,阴,雷阵雨,21,14,东南风,≤3级,东北风,≤3级,day
2015-04-29 07:38:00,遵义路,1、追尾的,负全部责任,不负责任,1,贵ASW118,黄,1,贵AU0443,绿,十一培,十一培,1999/4/12 0:00,1987/2/8 0:00,凯迪拉克牌,宝来牌,364545000000 ,364548000000000000 ,226984,195711,7,2,4,工作日,早高峰(7-9点),2015-04-29,2015年4月29日,阵雨 /阵雨,26℃ / 16℃,东北风 ≤3级 /东南风 ≤3级,阵雨,阵雨,26,16,东北风,≤3级,东南风,≤3级,day
2015-04-29 08:55:00,延安西路,7、未按规定让行的 ,负全部责任,不负责任,1,贵A0EB92,银,1,贵AU7381,蓝,十一培,十一培,1995/12/27 0:00,1986/3/12 0:00,雅阁,珠峰牌,364547000000000000 ,364548000000000000 ,195707,196308,8,2,4,工作日,早高峰(7-9点),2015-04-29,2015年4月29日,阵雨 /阵雨,26℃ / 16℃,东北风 ≤3级 /东南风 ≤3级,阵雨,阵雨,26,16,东北风,≤3级,东南风,≤3级,day
2015-04-29 13:00:00,小关,7、未按规定让行的 ,负全部责任,不负责任,1,贵A47N56,银,1,贵AV0088,蓝,十一培,十一培,1995/12/13 0:00,1993/9/1 0:00,威志牌,纵情牌,366361000000000000 ,364548000000000000 ,197002,196810,13,2,4,工作日,非高峰,2015-04-29,2015年4月29日,阵雨 /阵雨,26℃ / 16℃,东北风 ≤3级 /东南风 ≤3级,阵雨,阵雨,26,16,东北风,≤3级,东南风,≤3级,day
2015-04-30 16:20:00,艺校立交,7、未按规定让行的 ,负全部责任,不负责任,1,贵A0385学,黑色,1,贵AU7554,白色,十一培,十一培,1997/7/10 0:00,1993/3/11 0:00,-1,捷达牌,36454651244856563X,364547000000000000 ,196007,196912,16,3,4,工作日,非高峰,2015-04-30,2015年4月30日,阵雨 /阵雨,25℃ / 17℃,东南风 ≤3级 /东南风 ≤3级,阵雨,阵雨,25,17,东南风,≤3级,东南风,≤3级,day
2015-05-01 09:40:00,花溪大道,7、未按规定让行的 ,负全部责任,不负责任,1,贵A92947,白色,1,贵A87S57,白色,十一培,十一培,1993/6/17 0:00,1998/11/17 0:00,五征牌,大众汽车牌,364556000000000000 ,364547000000000000 ,196701,197501,9,4,5,工作日,早高峰(7-9点),2015-05-01,2015年5月1日,阵雨 /多云,25℃ / 14℃,东南风 ≤3级 /东北风 ≤3级,阵雨,多云,25,14,东南风,≤3级,东北风,≤3级,day
2015-05-01 15:00:00,玉厂路,7、未按规定让行的 ,负全部责任,不负责任,1,贵FT5114,白色,1,贵AGV252,白色,十一培,十一培,1997/7/10 0:00,1997/7/10 0:00,-1,起亚牌,356168000000000000 ,356168000000000000 ,197205,197205,15,4,5,工作日,非高峰,2015-05-01,2015年5月1日,阵雨 /多云,25℃ / 14℃,东南风 ≤3级 /东北风 ≤3级,阵雨,多云,25,14,东南风,≤3级,东北风,≤3级,day
2015-05-01 17:50:00,花溪,7、未按规定让行的 ,负全部责任,不负责任,1,贵AKU488,白色,1,贵AU1044,白色,十一培,十一培,1995/9/9 0:00,1987/10/27 0:00,捷达牌,建设-雅马哈牌,364548000000000 ,354247000000000000 ,770112,196705,17,4,5,工作日,晚高峰(17-19点),2015-05-01,2015年5月1日,阵雨 /多云,25℃ / 14℃,东南风 ≤3级 /东北风 ≤3级,阵雨,多云,25,14,东南风,≤3级,东北风,≤3级,day
2015-05-02 11:00:00,罗甸,2、逆行的,负全部责任,不负责任,1,贵AFF421,黑,1,贵A42227,红,十一培,十一培,1998/7/27 0:00,1989/10/10 0:00,东南,东风,54666500000000000 ,36454751294350365X,197312,196805,11,5,5,工作日,非高峰,2015-05-02,2015年5月2日,多云 /阵雨,26℃ / 16℃,东北风 ≤3级 /东风 ≤3级,多云,阵雨,26,16,东北风,≤3级,东风,≤3级,day
2015-05-04 08:36:00,罗汉营,8、依法应负全责的其他情形,负全部责任,不负责任,1,贵A0BH78,白,1,贵AV7373,黄,十一培,十一培,1998/9/28 0:00,1998/10/18 0:00,大众牌,东风雪铁龙牌,366361000000000000 ,366346000000000000 ,198009,198005,8,0,5,工作日,早高峰(7-9点),2015-05-04,2015年5月4日,阵雨 /阵雨,20℃ / 14℃,东北风 ≤3级 /东北风 ≤3级,阵雨,阵雨,20,14,东北风,≤3级,东北风,≤3级,day
2015-05-04 08:35:00,北京路,7、未按规定让行的 ,负全部责任,不负责任,1,贵GM54572,白,1,贵A74P99,白,十一培,十一培,1994/4/21 0:00,1997/5/13 0:00,-1,梅赛德斯—奔驰,364547000000000000 ,364548000000000000 ,195608,197312,8,0,5,工作日,早高峰(7-9点),2015-05-04,2015年5月4日,阵雨 /阵雨,20℃ / 14℃,东北风 ≤3级 /东北风 ≤3级,阵雨,阵雨,20,14,东北风,≤3级,东北风,≤3级,day
2015-05-05 12:30:00,贵惠路,3、倒车的,负全部责任,不负责任,1,贵A2BC75,白色,1,贵AU0287,白色,十一培,十一培,1995/9/23 0:00,1991/7/6 0:00,起亚牌,奇瑞牌,36454651284054065X,364547000000000000 ,196704,197003,12,1,5,工作日,非高峰,2015-05-05,2015年5月5日,阵雨 /阵雨,21℃ / 15℃,南风 ≤3级 /南风 ≤3级,阵雨,阵雨,21,15,南风,≤3级,南风,≤3级,day
2015-05-05 14:25:00,自来水公司,3、倒车的,负全部责任,不负责任,1,贵AR4472,白色,1,贵AC8877,白色,十一培,十一培,1991/11/3 0:00,1991/11/23 0:00,中华牌,蒙迪欧牌,364548000000000000 ,364547000000000000 ,195702,196409,14,1,5,工作日,非高峰,2015-05-05,2015年5月5日,阵雨 /阵雨,21℃ / 15℃,南风 ≤3级 /南风 ≤3级,阵雨,阵雨,21,15,南风,≤3级,南风,≤3级,day
2015-05-05 16:50:00,富源路,7、未按规定让行的 ,负全部责任,不负责任,1,贵ARB064,红,1,贵A19P82,红,十一培,十一培,1991/6/19 0:00,1998/5/11 0:00,福田牌,-1,364548000000000000 ,364596000000000000 ,196111,197511,16,1,5,工作日,非高峰,2015-05-05,2015年5月5日,阵雨 /阵雨,21℃ / 15℃,南风 ≤3级 /南风 ≤3级,阵雨,阵雨,21,15,南风,≤3级,南风,≤3级,day
2015-05-05 18:00:00,南厂路,9、不符合前8款规定或者双方同时具有上述情形的,负全部责任,不负责任,1,贵AAA383,白色,1,贵AU5189,白色,十一培,十一培,1986/6/24 0:00,1992/7/20 0:00,东风雪铁龙牌,新阳光牌,364556000000000000 ,364548000000000000 ,196512,196506,18,1,5,工作日,晚高峰(17-19点),2015-05-05,2015年5月5日,阵雨 /阵雨,21℃ / 15℃,南风 ≤3级 /南风 ≤3级,阵雨,阵雨,21,15,南风,≤3级,南风,≤3级,day
2015-05-06 08:15:00,观山湖区,1、追尾的,负全部责任,不负责任,1,渝AGD383,黑,1,贵AU3897,黄,十一培,十一培,1998/11/3 0:00,1998/7/7 0:00,-1,钱江,364548000000000000 ,366068000000000000 ,197007,197409,8,2,5,工作日,早高峰(7-9点),2015-05-06,2015年5月6日,多云 /多云,25℃ / 16℃,东北风 ≤3级 /南风 ≤3级,多云,多云,25,16,东北风,≤3级,南风,≤3级,day
2015-05-06 11:00:00,油榨街,7、未按规定让行的 ,负全部责任,不负责任,1,贵AAX848,白色,1,贵AU7353,白色,十一培,十一培,1997/4/24 0:00,1990/8/26 0:00,马自达牌,宇通牌,364547000000000000 ,364547000000000000 ,195201,197212,11,2,5,工作日,非高峰,2015-05-06,2015年5月6日,多云 /多云,25℃ / 16℃,东北风 ≤3级 /南风 ≤3级,多云,多云,25,16,东北风,≤3级,南风,≤3级,day
2015-05-07 09:30:00,化工路,8、依法应负全责的其他情形,负全部责任,不负责任,1,贵A94N59,白,1,贵AV1899,红,十一培,十一培,1998/8/24 0:00,1991/4/6 0:00,东风日产牌,大阳,254769000000000000 ,364548000000000000 ,196904,195605,9,3,5,工作日,早高峰(7-9点),2015-05-07,2015年5月7日,阵雨 /雷阵雨,23℃ / 17℃,东南风 ≤3级 /东南风 ≤3级,阵雨,雷阵雨,23,17,东南风,≤3级,东南风,≤3级,day
2015-05-07 15:30:00,沙冲路,7、未按规定让行的 ,负全部责任,不负责任,1,贵A21N64,白色,1,贵AV6165,白色,十一培,十一培,1997/12/26 0:00,1996/1/2 0:00,雪铁龙,宗隆牌,36455651845655691X,364547000000000000 ,197012,197208,15,3,5,工作日,非高峰,2015-05-07,2015年5月7日,阵雨 /雷阵雨,23℃ / 17℃,东南风 ≤3级 /东南风 ≤3级,阵雨,雷阵雨,23,17,东南风,≤3级,东南风,≤3级,day
2015-05-08 08:20:00,东二环,1、追尾的,负全部责任,不负责任,1,贵A46R98,白,1,贵A72M21,白,十一培,十一培,1994/2/16 0:00,1994/1/9 0:00,长城牌,揽胜运动,364547000000000000 ,364556000000000000 ,196804,197509,8,4,5,工作日,早高峰(7-9点),2015-05-08,2015年5月8日,阵雨 /多云,25℃ / 15℃,东南风 ≤3级 /东北风 ≤3级,阵雨,多云,25,15,东南风,≤3级,东北风,≤3级,day
2015-05-07 21:30:00,沙冲南路,1、追尾的,负全部责任,不负责任,1,贵AU3955,白色,1,贵A5BX39,白色,十一培,十一培,1997/12/18 0:00,1996/8/5 0:00,宝来牌,北京现代牌,366764000000000000 ,364548000000000000 ,196804,196905,21,3,5,工作日,非高峰,2015-05-07,2015年5月7日,阵雨 /雷阵雨,23℃ / 17℃,东南风 ≤3级 /东南风 ≤3级,阵雨,雷阵雨,23,17,东南风,≤3级,东南风,≤3级,night
2015-05-09 11:25:00,五里冲,7、未按规定让行的 ,负全部责任,不负责任,1,贵AA233R,灰色,1,贵A00479,白色,十一培,十一培,1995/12/30 0:00,1995/4/8 0:00,夏利,大众汽车牌,364557000000000000 ,366347000000000000 ,197202,197711,11,5,5,工作日,非高峰,2015-05-09,2015年5月9日,阵雨 /阵雨,23℃ / 16℃,东北风 ≤3级 /东南风 ≤3级,阵雨,阵雨,23,16,东北风,≤3级,东南风,≤3级,day
2015-05-09 11:30:00,北二环,3、倒车的,负全部责任,不负责任,1,鄂C13931,蓝,1,贵A33W35,红,十一培,十一培,1996/6/28 0:00,1999/1/27 0:00,-1,大众汽车牌,64795500000000000 ,366064000000000000 ,197306,197406,11,5,5,工作日,非高峰,2015-05-09,2015年5月9日,阵雨 /阵雨,23℃ / 16℃,东北风 ≤3级 /东南风 ≤3级,阵雨,阵雨,23,16,东北风,≤3级,东南风,≤3级,day
2015-05-10 10:18:00,北二环,1、追尾的,负全部责任,不负责任,1,贵AR1032,白,1,贵A58C18,黑,十一培,十一培,1999/9/1 0:00,1992/2/18 0:00,江淮牌,-1,354676000000000000 ,364548000000000000 ,196612,195902,10,6,5,周末,非高峰,2015-05-10,2015年5月10日,阵雨 /雷阵雨,25℃ / 14℃,南风 ≤3级 /南风 ≤3级,阵雨,雷阵雨,25,14,南风,≤3级,南风,≤3级,day
2015-05-10 13:05:00,盐务街,7、未按规定让行的 ,负全部责任,不负责任,1,贵A7044T,蓝,1,贵A43O29,黑,十一培,十一培,1994/5/29 0:00,1993/6/21 0:00,长安牌,-1,36454651324048563X,364547000000000000 ,195604,197103,13,6,5,周末,非高峰,2015-05-10,2015年5月10日,阵雨 /雷阵雨,25℃ / 14℃,南风 ≤3级 /南风 ≤3级,阵雨,雷阵雨,25,14,南风,≤3级,南风,≤3级,day
2015-05-10 21:30:00,东门,7、未按规定让行的 ,负全部责任,不负责任,1,贵A61G94,白,1,贵AV1612,黄,十一培,十一培,1995/5/6 0:00,1997/12/18 0:00,奥迪牌,丰田牌,354167000000000000 ,364547000000000000 ,195802,195801,21,6,5,周末,非高峰,2015-05-10,2015年5月10日,阵雨 /雷阵雨,25℃ / 14℃,南风 ≤3级 /南风 ≤3级,阵雨,雷阵雨,25,14,南风,≤3级,南风,≤3级,night
2015-05-11 08:40:00,云峰大道,7、未按规定让行的 ,负同等责任,负同等责任,1,贵A88614,黑,1,贵AHE731,红,十一培,十一培,1993/11/2 0:00,1985/11/3 0:00,宇通牌,吉利牌,366067000000000000 ,364558000000000000 ,197506,196309,8,0,5,工作日,早高峰(7-9点),2015-05-11,2015年5月11日,多云 /多云,24℃ / 13℃,东北风 ≤3级 /东北风 ≤3级,多云,多云,24,13,东北风,≤3级,东北风,≤3级,day
2015-05-11 08:40:00,云峰大道,7、未按规定让行的 ,负全部责任,不负责任,1,贵AHE731,红,1,贵A88614,黑,十一培,十一培,1985/11/3 0:00,1993/11/2 0:00,吉利牌,力之星牌,364558000000000000 ,366067000000000000 ,196309,197506,8,0,5,工作日,早高峰(7-9点),2015-05-11,2015年5月11日,多云 /多云,24℃ / 13℃,东北风 ≤3级 /东北风 ≤3级,多云,多云,24,13,东北风,≤3级,东北风,≤3级,day
2015-05-11 15:20:00,太慈桥,1、追尾的,负全部责任,不负责任,1,贵AV8058,黄,1,贵AA8136,红,十一培,十一培,1992/3/22 0:00,1995/9/11 0:00,大运牌,长安,364547000000000000 ,364547000000000000 ,197303,195502,15,0,5,工作日,非高峰,2015-05-11,2015年5月11日,多云 /多云,24℃ / 13℃,东北风 ≤3级 /东北风 ≤3级,多云,多云,24,13,东北风,≤3级,东北风,≤3级,day
2015-05-11 15:00:00,北京路,7、未按规定让行的 ,负全部责任,不负责任,1,贵AU8242,黄,0,贵AJ8146,红,十一培,十一培,1996/7/10 0:00,1993/2/24 0:00,宝来牌,五菱,36454651274660603X,364547000000000000 ,196302,196202,15,0,5,工作日,非高峰,2015-05-11,2015年5月11日,多云 /多云,24℃ / 13℃,东北风 ≤3级 /东北风 ≤3级,多云,多云,24,13,东北风,≤3级,东北风,≤3级,day
2015-05-12 19:00:00,四方河,7、未按规定让行的 ,负全部责任,不负责任,1,贵ALU115,白色,1,贵AF4693,白色,十一培,十一培,1994/9/4 0:00,1993/3/4 0:00,比亚迪牌,五十铃,364547000000000000 ,364547000000000000 ,196701,196409,19,1,5,工作日,晚高峰(17-19点),2015-05-12,2015年5月12日,阴 /雷阵雨,24℃ / 13℃,南风 ≤3级 /南风 ≤3级,阴,雷阵雨,24,13,南风,≤3级,南风,≤3级,day
2015-05-13 04:00:00,都司路,7、未按规定让行的 ,负全部责任,不负责任,1,贵A28283,白色,1,贵AV6637,白色,十一培,十一培,1994/9/5 0:00,1998/12/8 0:00,大地牌,大地牌,364548000000000000 ,364557000000000000 ,195605,198010,4,2,5,工作日,非高峰,2015-05-13,2015年5月13日,多云 /阵雨,26℃ / 19℃,东南风 ≤3级 /东南风 ≤3级,多云,阵雨,26,19,东南风,≤3级,东南风,≤3级,night
2015-05-13 07:00:00,贵州大学,1、追尾的,负全部责任,不负责任,1,贵AV7557,白色,1,贵A85547,白色,十一培,十一培,1994/11/22 0:00,1998/12/17 0:00,贝纳利牌,三铃牌,366367000000000000 ,364556000000000000 ,196908,197904,7,2,5,工作日,早高峰(7-9点),2015-05-13,2015年5月13日,多云 /阵雨,26℃ / 19℃,东南风 ≤3级 /东南风 ≤3级,多云,阵雨,26,19,东南风,≤3级,东南风,≤3级,day
2015-05-13 17:00:00,花果园立交,7、未按规定让行的 ,负全部责任,不负责任,1,粤BT182B,白色,1,贵AU7939,白色,十一培,十一培,1997/7/10 0:00,1997/5/16 0:00,-1,金龙牌,364548000000000000 ,364547000000000000 ,197609,197008,17,2,5,工作日,晚高峰(17-19点),2015-05-13,2015年5月13日,多云 /阵雨,26℃ / 19℃,东南风 ≤3级 /东南风 ≤3级,多云,阵雨,26,19,东南风,≤3级,东南风,≤3级,day
2015-05-14 00:00:00,兴隆街,7、未按规定让行的 ,负全部责任,不负责任,1,贵A77H52,白色,1,贵AU1042,白色,十一培,十一培,1997/6/26 0:00,1997/10/1 0:00,起亚牌,丰田牌,364556000000000000 ,364548000000000000 ,196411,196506,0,3,5,工作日,非高峰,2015-05-14,2015年5月14日,多云 /雷阵雨,27℃ / 20℃,东南风 ≤3级 /南风 ≤3级,多云,雷阵雨,27,20,东南风,≤3级,南风,≤3级,night
2015-05-14 08:40:00,交际处,1、追尾的,负全部责任,不负责任,1,贵A71N15,红,1,贵GV2986,黑,十一培,十一培,1989/8/4 0:00,1995/2/12 0:00,大众汽车牌,-1,364548000000000000 ,366566000000000000 ,197008,196907,8,3,5,工作日,早高峰(7-9点),2015-05-14,2015年5月14日,多云 /雷阵雨,27℃ / 20℃,东南风 ≤3级 /南风 ≤3级,多云,雷阵雨,27,20,东南风,≤3级,南风,≤3级,day
2015-05-14 14:00:00,观水路,7、未按规定让行的 ,负全部责任,不负责任,1,贵AV7394,黄,1,贵AKA212,白,十一培,十一培,1994/12/7 0:00,1998/12/18 0:00,嘉陵牌,丰田牌,366064000000000000 ,364547000000000000 ,197307,196710,14,3,5,工作日,非高峰,2015-05-14,2015年5月14日,多云 /雷阵雨,27℃ / 20℃,东南风 ≤3级 /南风 ≤3级,多云,雷阵雨,27,20,东南风,≤3级,南风,≤3级,day
2015-05-14 15:00:00,花果园,7、未按规定让行的 ,负全部责任,不负责任,1,贵AJE802,白色,1,贵ARW127,白色,十一培,十一培,1992/10/30 0:00,1997/12/25 0:00,起亚牌,中华牌,364548000000000000 ,364547000000000000 ,196512,196001,15,3,5,工作日,非高峰,2015-05-14,2015年5月14日,多云 /雷阵雨,27℃ / 20℃,东南风 ≤3级 /南风 ≤3级,多云,雷阵雨,27,20,东南风,≤3级,南风,≤3级,day
2015-05-15 08:00:00,五里冲,7、未按规定让行的 ,负全部责任,不负责任,1,贵AT6299,白,1,贵OF529警,白,十一培,十一培,1994/6/2 0:00,1996/8/12 0:00,钱江牌,-1,364548000000000000 ,366347000000000000 ,196003,197612,8,4,5,工作日,早高峰(7-9点),2015-05-15,2015年5月15日,阵雨 /阵雨,25℃ / 16℃,东北风 ≤3级 /东北风 ≤3级,阵雨,阵雨,25,16,东北风,≤3级,东北风,≤3级,day
2015-05-15 16:00:00,花溪名族中学,7、未按规定让行的 ,负全部责任,不负责任,1,贵AFJ199,白色,1,贵AGX858,白色,十一培,十一培,1996/10/18 0:00,1996/12/20 0:00,一汽牌,雪佛兰牌,366064000000000000 ,364548000000000000 ,196807,196805,16,4,5,工作日,非高峰,2015-05-15,2015年5月15日,阵雨 /阵雨,25℃ / 16℃,东北风 ≤3级 /东北风 ≤3级,阵雨,阵雨,25,16,东北风,≤3级,东北风,≤3级,day
2015-05-16 15:00:00,嘉润路,7、未按规定让行的 ,负全部责任,不负责任,1,贵AMX712,白色,1,贵FS9674,白色,十一培,十一培,1996/10/21 0:00,1997/12/16 0:00,英伦牌,-1,364547000000000000 ,366061000000000000 ,196012,198003,15,5,5,工作日,非高峰,2015-05-16,2015年5月16日,阴 /雷阵雨,23℃ / 17℃,东北风 ≤3级 /东风 ≤3级,阴,雷阵雨,23,17,东北风,≤3级,东风,≤3级,day
2015-05-16 20:00:00,北京西路,1、追尾的,负全部责任,不负责任,1,贵AU4538,黑色,1,贵ASB839,白色,十一培,十一培,1998/1/22 0:00,1999/6/18 0:00,力帆牌,野马牌,366367000000000000 ,366361000000000000 ,196812,197410,20,5,5,工作日,非高峰,2015-05-16,2015年5月16日,阴 /雷阵雨,23℃ / 17℃,东北风 ≤3级 /东风 ≤3级,阴,雷阵雨,23,17,东北风,≤3级,东风,≤3级,night
2015-05-18 00:00:00,云峰路,7、未按规定让行的 ,负全部责任,不负责任,1,贵AU3255,黄,1,贵AU0336,黄,十一培,十一培,1984/6/3 0:00,1991/2/25 0:00,万达牌,嘉陵牌,366364000000000000 ,364558000000000000 ,196110,196905,0,0,5,工作日,非高峰,2015-05-18,2015年5月18日,多云 /多云,25℃ / 18℃,东北风 ≤3级 /东北风 ≤3级,多云,多云,25,18,东北风,≤3级,东北风,≤3级,night
2015-05-18 08:40:00,威清路,1、追尾的,负全部责任,不负责任,1,贵ACZ864,红,1,贵AHM379,蓝,十一培,十一培,1993/11/17 0:00,1997/7/24 0:00,起亚,宝骏牌,364548000000000000 ,366367000000000000 ,197112,196304,8,0,5,工作日,早高峰(7-9点),2015-05-18,2015年5月18日,多云 /多云,25℃ / 18℃,东北风 ≤3级 /东北风 ≤3级,多云,多云,25,18,东北风,≤3级,东北风,≤3级,day