accidenttime,accidentaddr,driver1fault,driver1responsibility,driver2responsibility,sex1,platenumber1,carcolor1,sex2,platenumber2,carcolor2,jxmc1,jxmc2,cclzrq1,cclzrq2,clpp1,clpp2,driver1license,driver2license,brith1,brith2,hour,weekday,month,is_weekday,peak_hour,date,日期,天气状况,气温,风力风向,day_wea,night_wea,day_tep,night_tep,day_wind_direction,day_wind_speed,night_wind_direction,night_wind_speed,segment
2015-05-18 08:00:00,花溪大道,1、追尾的,负全部责任,不负责任,1,贵A3121B,白色,1,贵A6738A,白色,十一培,十一培,1999/6/22 0:00,1999/4/12 0:00,桑塔纳牌,宝骏牌,764763000000000000 ,364547000000000000 ,196811,198007,8,0,5,工作日,早高峰(7-9点),2015-05-18,2015年5月18日,多云 /多云,25℃ / 18℃,东北风 ≤3级 /东北风 ≤3级,多云,多云,25,18,东北风,≤3级,东北风,≤3级,day
2015-05-18 09:00:00,盐务街,7、未按规定让行的 ,负全部责任,不负责任,0,贵AHZ848,黄,1,贵A86N98,白,十一培,十一培,1999/3/10 0:00,1998/7/6 0:00,丰田牌,宝马,36454751874162046X,36454751234651695X,197309,196502,9,0,5,工作日,早高峰(7-9点),2015-05-18,2015年5月18日,多云 /多云,25℃ / 18℃,东北风 ≤3级 /东北风 ≤3级,多云,多云,25,18,东北风,≤3级,东北风,≤3级,day
2015-05-18 21:00:00,花溪清溪路,9、不符合前8款规定或者双方同时具有上述情形的,负同等责任,负同等责任,1,贵JAZ695,白色,1,贵AU9362,白色,十一培,十一培,1995/2/5 0:00,1999/5/27 0:00,-1,宝来牌,364556000000000000 ,366067000000000000 ,197005,198010,21,0,5,工作日,非高峰,2015-05-18,2015年5月18日,多云 /多云,25℃ / 18℃,东北风 ≤3级 /东北风 ≤3级,多云,多云,25,18,东北风,≤3级,东北风,≤3级,night
2015-05-19 12:00:00,都司路高架桥,1、追尾的,负全部责任,不负责任,1,贵AMJ353,白色,1,贵AVA844,白色,十一培,十一培,1998/3/6 0:00,1987/8/19 0:00,长安牌,晶锐牌,364547000000000000 ,364547000000000000 ,195910,195511,12,1,5,工作日,非高峰,2015-05-19,2015年5月19日,阵雨 /大雨,25℃ / 18℃,东北风 ≤3级 /南风 ≤3级,阵雨,大雨,25,18,东北风,≤3级,南风,≤3级,day
2015-05-19 17:08:00,金关,1、追尾的,负全部责任,不负责任,1,贵AT041,黑,1,贵AJR219,白,十一培,十一培,1994/3/18 0:00,1995/5/3 0:00,-1,长安牌,366246000000000000 ,366246000000000000 ,196005,195708,17,1,5,工作日,晚高峰(17-19点),2015-05-19,2015年5月19日,阵雨 /大雨,25℃ / 18℃,东北风 ≤3级 /南风 ≤3级,阵雨,大雨,25,18,东北风,≤3级,南风,≤3级,day
2015-05-20 09:10:00,喷水池,7、未按规定让行的 ,负全部责任,不负责任,1,贵AL1993,红,1,贵AUW775,蓝,十一培,十一培,1986/12/30 0:00,1996/2/15 0:00,丰田(TOYOTA)牌,-1,364548000000000000 ,364548000000000000 ,194802,196610,9,2,5,工作日,早高峰(7-9点),2015-05-20,2015年5月20日,阴 /阵雨,23℃ / 17℃,东北风 ≤3级 /东北风 ≤3级,阴,阵雨,23,17,东北风,≤3级,东北风,≤3级,day
2015-05-20 08:20:00,中华南路,7、未按规定让行的 ,负全部责任,不负责任,1,贵AU0701,黄,1,贵AU7211,黄,十一培,十一培,1995/4/22 0:00,1993/9/28 0:00,宝来牌,新阳光牌,364547000000000000 ,364547000000000000 ,197009,197207,8,2,5,工作日,早高峰(7-9点),2015-05-20,2015年5月20日,阴 /阵雨,23℃ / 17℃,东北风 ≤3级 /东北风 ≤3级,阴,阵雨,23,17,东北风,≤3级,东北风,≤3级,day
2015-05-20 12:20:00,北京路,7、未按规定让行的 ,负全部责任,不负责任,1,贵AX5123,黑,1,贵AV5106,黄,十一培,十一培,1996/12/26 0:00,1990/2/27 0:00,钱江牌,华泰吉田牌,364548000000000000 ,364547000000000000 ,196606,196805,12,2,5,工作日,非高峰,2015-05-20,2015年5月20日,阴 /阵雨,23℃ / 17℃,东北风 ≤3级 /东北风 ≤3级,阴,阵雨,23,17,东北风,≤3级,东北风,≤3级,day
2015-05-21 08:00:00,宝山路,7、未按规定让行的 ,负全部责任,不负责任,1,贵A6E314,白色,1,贵AU61Q7,白色,十一培,十一培,1994/10/25 0:00,1998/12/3 0:00,-1,-1,364548000000000000 ,366868000000000000 ,197311,197712,8,3,5,工作日,早高峰(7-9点),2015-05-21,2015年5月21日,阴 /阵雨,24℃ / 16℃,东风 ≤3级 /东风 ≤3级,阴,阵雨,24,16,东风,≤3级,东风,≤3级,day
2015-05-21 14:00:00,小河盘江路,1、追尾的,负全部责任,不负责任,1,贵A3444S,白色,1,贵A23B48,白色,十一培,十一培,1981/1/8 0:00,1984/5/17 0:00,比亚迪牌,奥迪牌,366362000000000000 ,364547000000000000 ,195611,195208,14,3,5,工作日,非高峰,2015-05-21,2015年5月21日,阴 /阵雨,24℃ / 16℃,东风 ≤3级 /东风 ≤3级,阴,阵雨,24,16,东风,≤3级,东风,≤3级,day
2015-05-22 11:00:00,新路口,1、追尾的,负全部责任,不负责任,1,贵AG5965,白色,1,贵AU5242,白色,十一培,十一培,1994/2/14 0:00,1994/9/20 0:00,金杯,捷达牌,364547000000000000 ,36455751874549407X,196803,197301,11,4,5,工作日,非高峰,2015-05-22,2015年5月22日,阵雨 /阵雨,19℃ / 14℃,东风 ≤3级 /东风 ≤3级,阵雨,阵雨,19,14,东风,≤3级,东风,≤3级,day
2015-05-22 15:00:00,富水路,7、未按规定让行的 ,负全部责任,不负责任,1,贵A94P92,白色,1,贵AU6052,白色,十一培,十一培,1983/2/6 0:00,1994/5/2 0:00,东风雪铁龙牌,大运牌,364547000000000000 ,36454651275650605X,194905,196312,15,4,5,工作日,非高峰,2015-05-22,2015年5月22日,阵雨 /阵雨,19℃ / 14℃,东风 ≤3级 /东风 ≤3级,阵雨,阵雨,19,14,东风,≤3级,东风,≤3级,day
2015-05-23 06:35:00,浣纱桥,1、追尾的,负全部责任,不负责任,1,贵A5673E,白,1,贵AU5132,绿,十一培,十一培,1985/11/3 0:00,1990/6/3 0:00,金旅牌,蜀都牌,364558000000000000 ,366577000000000000 ,195805,196509,6,5,5,工作日,非高峰,2015-05-23,2015年5月23日,阵雨 /阴,19℃ / 14℃,东北风 ≤3级 /东北风 ≤3级,阵雨,阴,19,14,东北风,≤3级,东北风,≤3级,day
2015-05-22 21:00:00,乌金路,7、未按规定让行的 ,负全部责任,不负责任,1,贵CPJ977,白色,1,贵A7CF27,白色,十一培,十一培,1999/9/17 0:00,1991/11/3 0:00,-1,长安牌,36454751204642045X,364547000000000000 ,196402,196303,21,4,5,工作日,非高峰,2015-05-22,2015年5月22日,阵雨 /阵雨,19℃ / 14℃,东风 ≤3级 /东风 ≤3级,阵雨,阵雨,19,14,东风,≤3级,东风,≤3级,night
2015-05-24 04:00:00,河滨公园,7、未按规定让行的 ,负全部责任,不负责任,1,贵AU6384,绿,1,贵A17Y71,黑,十一培,十一培,1996/11/26 0:00,1994/7/31 0:00,捷达牌,梅赛德斯-奔驰,364648000000000000 ,364548000000000000 ,196703,196205,4,6,5,周末,非高峰,2015-05-24,2015年5月24日,多云 /阴,24℃ / 18℃,东风 ≤3级 /东南风 ≤3级,多云,阴,24,18,东风,≤3级,东南风,≤3级,night
2015-05-24 07:00:00,沙冲北路,1、追尾的,负全部责任,不负责任,1,贵ANT412,白色,1,贵A32L21,白色,十一培,十一培,1998/6/23 0:00,2000/1/6 0:00,丰田牌,翼搏牌,366364000000000000 ,254761000000000000 ,196701,197402,7,6,5,周末,早高峰(7-9点),2015-05-24,2015年5月24日,多云 /阴,24℃ / 18℃,东风 ≤3级 /东南风 ≤3级,多云,阴,24,18,东风,≤3级,东南风,≤3级,day
2015-05-24 11:10:00,白云区,1、追尾的,负全部责任,不负责任,1,贵A55609,黑,1,贵A86R33,黑,十一培,十一培,1996/11/24 0:00,1998/5/15 0:00,南方,神行者 2,364558000000000000 ,364557000000000000 ,196705,197002,11,6,5,周末,非高峰,2015-05-24,2015年5月24日,多云 /阴,24℃ / 18℃,东风 ≤3级 /东南风 ≤3级,多云,阴,24,18,东风,≤3级,东南风,≤3级,day
2015-05-24 20:00:00,北京路,1、追尾的,负全部责任,不负责任,1,贵CV1493,蓝,1,贵AU6886,绿,十一培,十一培,1997/12/25 0:00,1999/12/6 0:00,-1,捷达牌,364547000000000000 ,357475000000000000 ,196001,197402,20,6,5,周末,非高峰,2015-05-24,2015年5月24日,多云 /阴,24℃ / 18℃,东风 ≤3级 /东南风 ≤3级,多云,阴,24,18,东风,≤3级,东南风,≤3级,night
2015-05-25 07:40:00,蟠桃宫,7、未按规定让行的 ,负全部责任,不负责任,1,贵A08395,白,1,贵A8GG86,黑,十一培,十一培,1982/11/17 0:00,1990/8/28 0:00,长安,-1,364547000000000000 ,364547000000000000 ,196302,196605,7,0,5,工作日,早高峰(7-9点),2015-05-25,2015年5月25日,多云 /阵雨,26℃ / 19℃,东南风 ≤3级 /东南风 ≤3级,多云,阵雨,26,19,东南风,≤3级,东南风,≤3级,day
2015-05-25 07:00:00,护国路,7、未按规定让行的 ,负全部责任,不负责任,1,贵A5AT93,白色,1,贵AAR696,白色,十一培,十一培,1995/11/9 0:00,1989/10/29 0:00,东风,隆鑫牌,764763000000000000 ,366246000000000000 ,197408,196911,7,0,5,工作日,早高峰(7-9点),2015-05-25,2015年5月25日,多云 /阵雨,26℃ / 19℃,东南风 ≤3级 /东南风 ≤3级,多云,阵雨,26,19,东南风,≤3级,东南风,≤3级,day
2015-05-25 07:00:00,富源路,3、倒车的,负全部责任,不负责任,1,贵AKK651,白色,1,贵ATC029,白色,十一培,十一培,1997/8/14 0:00,1996/9/5 0:00,丰田牌,松花江,364547000000000000 ,364547000000000000 ,196111,196406,7,0,5,工作日,早高峰(7-9点),2015-05-25,2015年5月25日,多云 /阵雨,26℃ / 19℃,东南风 ≤3级 /东南风 ≤3级,多云,阵雨,26,19,东南风,≤3级,东南风,≤3级,day
2015-05-25 12:00:00,小河,7、未按规定让行的 ,负全部责任,不负责任,1,贵ACL188,白色,1,贵A85302,白色,十一培,十一培,1999/8/11 0:00,1996/1/2 0:00,帕萨特牌,解放,36454751275459245X,364556000000000000 ,196310,197608,12,0,5,工作日,非高峰,2015-05-25,2015年5月25日,多云 /阵雨,26℃ / 19℃,东南风 ≤3级 /东南风 ≤3级,多云,阵雨,26,19,东南风,≤3级,东南风,≤3级,day
2015-05-26 07:00:00,花溪,1、追尾的,负全部责任,不负责任,1,贵AET551,白色,1,贵A38086,白色,十一培,十一培,1996/9/2 0:00,1998/10/29 0:00,长安牌,柳特神力牌,364556000000000000 ,364556000000000000 ,197005,197808,7,1,5,工作日,早高峰(7-9点),2015-05-26,2015年5月26日,阵雨 /雷阵雨,26℃ / 20℃,东南风 ≤3级 /东北风 ≤3级,阵雨,雷阵雨,26,20,东南风,≤3级,东北风,≤3级,day
2015-05-26 08:00:00,花溪,8、依法应负全责的其他情形,负全部责任,不负责任,1,贵A25159,白色,1,贵AG6026,白色,十一培,十一培,1983/5/18 0:00,1995/2/28 0:00,五羊牌,华泰特拉卡牌,366068000000000000 ,364547000000000000 ,195801,197206,8,1,5,工作日,早高峰(7-9点),2015-05-26,2015年5月26日,阵雨 /雷阵雨,26℃ / 20℃,东南风 ≤3级 /东北风 ≤3级,阵雨,雷阵雨,26,20,东南风,≤3级,东北风,≤3级,day
2015-05-26 00:40:00,长岭南路,1、追尾的,负全部责任,不负责任,1,贵AU6618,银,1,贵AVM947,黄,十一培,十一培,1997/12/9 0:00,1996/12/30 0:00,三铃牌,M156C2,366569000000000000 ,364548000000000000 ,196908,197805,0,1,5,工作日,非高峰,2015-05-26,2015年5月26日,阵雨 /雷阵雨,26℃ / 20℃,东南风 ≤3级 /东北风 ≤3级,阵雨,雷阵雨,26,20,东南风,≤3级,东北风,≤3级,night
2015-05-26 17:25:00,公安厅路口,7、未按规定让行的 ,负全部责任,不负责任,0,贵AMT273,黑,1,贵A19709,黑,十一培,十一培,1998/12/31 0:00,1988/5/23 0:00,-1,嘉爵牌,364548000000000000 ,364548000000000000 ,196904,196507,17,1,5,工作日,晚高峰(17-19点),2015-05-26,2015年5月26日,阵雨 /雷阵雨,26℃ / 20℃,东南风 ≤3级 /东北风 ≤3级,阵雨,雷阵雨,26,20,东南风,≤3级,东北风,≤3级,day
2015-05-26 21:30:00,送变电宿舍,8、依法应负全责的其他情形,负全部责任,不负责任,1,贵A28Y34,黑,1,贵A74W68,黑,十一培,十一培,1997/1/27 0:00,1994/3/7 0:00,宝骏牌,雅阁牌,364548000000000000 ,36636051224040563X,195508,196604,21,1,5,工作日,非高峰,2015-05-26,2015年5月26日,阵雨 /雷阵雨,26℃ / 20℃,东南风 ≤3级 /东北风 ≤3级,阵雨,雷阵雨,26,20,东南风,≤3级,东北风,≤3级,night
2015-05-28 08:00:00,小河,1、追尾的,负全部责任,不负责任,1,贵A48W87,白色,1,贵A83Y36,白色,十一培,十一培,1994/3/1 0:00,1994/12/25 0:00,宝马牌,东风日产牌,364547000000000000 ,364557000000000000 ,197310,197312,8,3,5,工作日,早高峰(7-9点),2015-05-28,2015年5月28日,多云 /雷阵雨,29℃ / 19℃,南风 ≤3级 /东南风 ≤3级,多云,雷阵雨,29,19,南风,≤3级,东南风,≤3级,day
2015-05-29 07:00:00,百花大道,1、追尾的,负全部责任,不负责任,1,贵GT5568,白,1,贵AJG174,白,十一培,十一培,1999/6/18 0:00,1997/7/24 0:00,-1,吉利牌,364557000000000000 ,364557000000000000 ,196602,196912,7,4,5,工作日,早高峰(7-9点),2015-05-29,2015年5月29日,阵雨 /阵雨,24℃ / 17℃,东南风 ≤3级 /东北风 ≤3级,阵雨,阵雨,24,17,东南风,≤3级,东北风,≤3级,day
2015-05-29 08:30:00,金阳汽配城,7、未按规定让行的 ,负全部责任,不负责任,1,贵A95259,黑,1,贵A7558H,银,十一培,十一培,1998/6/24 0:00,1995/8/10 0:00,红岩牌,夏利,366364000000000000 ,364558000000000000 ,196409,196210,8,4,5,工作日,早高峰(7-9点),2015-05-29,2015年5月29日,阵雨 /阵雨,24℃ / 17℃,东南风 ≤3级 /东北风 ≤3级,阵雨,阵雨,24,17,东南风,≤3级,东北风,≤3级,day
2015-05-29 08:00:00,小河,7、未按规定让行的 ,负全部责任,不负责任,1,贵ARW237,白色,1,贵AU7978,白色,十一培,十一培,1993/11/24 0:00,1998/6/1 0:00,江南奥拓牌,隆鑫牌,364547000000000000 ,364548000000000000 ,197309,196310,8,4,5,工作日,早高峰(7-9点),2015-05-29,2015年5月29日,阵雨 /阵雨,24℃ / 17℃,东南风 ≤3级 /东北风 ≤3级,阵雨,阵雨,24,17,东南风,≤3级,东北风,≤3级,day
2015-05-29 10:00:00,湘雅村,7、未按规定让行的 ,负全部责任,不负责任,1,贵AL2621,白色,1,贵AU7353,白色,十一培,十一培,1999/7/21 0:00,1990/8/26 0:00,豪爵牌,奇瑞牌,35546751274959168X,364547000000000000 ,196308,197212,10,4,5,工作日,非高峰,2015-05-29,2015年5月29日,阵雨 /阵雨,24℃ / 17℃,东南风 ≤3级 /东北风 ≤3级,阵雨,阵雨,24,17,东南风,≤3级,东北风,≤3级,day
2015-05-29 12:00:00,青云路,7、未按规定让行的 ,负全部责任,不负责任,1,贵AS8887,白色,1,贵A0BN60,白色,十一培,十一培,1995/7/1 0:00,1995/9/5 0:00,一汽牌,甲壳虫,364548000000000000 ,364547000000000000 ,197410,197705,12,4,5,工作日,非高峰,2015-05-29,2015年5月29日,阵雨 /阵雨,24℃ / 17℃,东南风 ≤3级 /东北风 ≤3级,阵雨,阵雨,24,17,东南风,≤3级,东北风,≤3级,day
2015-05-29 12:00:00,陕西路,8、依法应负全责的其他情形,负全部责任,不负责任,1,贵AC1422,白色,1,贵A7534学,白色,十一培,十一培,1993/3/30 0:00,1995/6/18 0:00,缤智牌,-1,364547000000000000 ,36454751854869695X,194406,197107,12,4,5,工作日,非高峰,2015-05-29,2015年5月29日,阵雨 /阵雨,24℃ / 17℃,东南风 ≤3级 /东北风 ≤3级,阵雨,阵雨,24,17,东南风,≤3级,东北风,≤3级,day
2015-05-29 20:00:00,花果园,8、依法应负全责的其他情形,负全部责任,不负责任,1,贵ALR302,白色,1,贵AU7402,白色,十一培,十一培,1997/7/23 0:00,1994/1/13 0:00,夏利牌,恒通客车牌,364547000000000000 ,364547000000000000 ,197902,197404,20,4,5,工作日,非高峰,2015-05-29,2015年5月29日,阵雨 /阵雨,24℃ / 17℃,东南风 ≤3级 /东北风 ≤3级,阵雨,阵雨,24,17,东南风,≤3级,东北风,≤3级,night
2015-05-30 08:30:00,宝山南路,1、追尾的,负全部责任,不负责任,1,贵A16R44,白色,1,贵ATJ107,白色,十一培,十一培,1999/9/14 0:00,1983/9/9 0:00,兰德酷路泽普拉多,思迪牌,64542500000000000 ,364548000000000000 ,196610,195203,8,5,5,工作日,早高峰(7-9点),2015-05-30,2015年5月30日,阵雨 /阵雨,23℃ / 17℃,东北风 ≤3级 /东风 ≤3级,阵雨,阵雨,23,17,东北风,≤3级,东风,≤3级,day
2015-03-21 19:50:00,小河,1、追尾的,负全部责任,不负责任,1,贵A0924J,白色,1,贵AHM896,白色,自培,十一培,2003/8/7 0:00,1996/4/26 0:00,东风牌,别克,366367000000000000 ,366868000000000000 ,196206,196405,19,5,3,工作日,晚高峰(17-19点),2015-03-21,2015年3月21日,阴 /阴,16℃ / 11℃,东北风 ≤3级 /东南风 ≤3级,阴,阴,16,11,东北风,≤3级,东南风,≤3级,day
2015-02-04 16:40:00,会展城,7、未按规定让行的 ,负全部责任,不负责任,1,贵A597D7,银,1,贵JBM198,蓝,十一培,十一培,1996/6/20 0:00,1995/5/8 0:00,长安牌,雪佛兰牌,364548000000000000 ,364547000000000000 ,195910,197001,16,2,2,工作日,非高峰,2015-02-04,2015年2月4日,小雨 /小雨,4℃ / 0℃,东北风 ≤3级 /东北风 ≤3级,小雨,小雨,4,0,东北风,≤3级,东北风,≤3级,day
2015-02-02 18:06:00,杨家山,1、追尾的,负全部责任,不负责任,1,贵AAB933,白色,1,贵AE9829,白色,自培,十一培,2003/1/17 0:00,1994/12/29 0:00,翼搏牌,嘉冠牌,364547000000000000 ,364547000000000000 ,196612,197306,18,0,2,工作日,晚高峰(17-19点),2015-02-02,2015年2月2日,阴 /小雨,7℃ / 3℃,南风 ≤3级 /东南风 ≤3级,阴,小雨,7,3,南风,≤3级,东南风,≤3级,day
2015-02-02 18:10:00,甘荫塘,7、未按规定让行的 ,负全部责任,不负责任,1,贵A6453U,白色,1,贵AEH416,白色,自培,十一培,2002/7/11 0:00,1996/5/8 0:00,长安牌,东风日产牌,364556000000000000 ,36454751804357447X,197311,197405,18,0,2,工作日,晚高峰(17-19点),2015-02-02,2015年2月2日,阴 /小雨,7℃ / 3℃,南风 ≤3级 /东南风 ≤3级,阴,小雨,7,3,南风,≤3级,东南风,≤3级,day
2015-02-02 15:15:00,新华路,1、追尾的,负全部责任,不负责任,0,贵AJE997,白色,1,贵A2A114,黑色,自培,十一培,2007/6/15 0:00,1998/11/13 0:00,丰田牌,北京牌,366875000000000000 ,36454651214643447X,197304,196902,15,0,2,工作日,非高峰,2015-02-02,2015年2月2日,阴 /小雨,7℃ / 3℃,南风 ≤3级 /东南风 ≤3级,阴,小雨,7,3,南风,≤3级,东南风,≤3级,day
2015-02-02 17:00:00,霞晖路,8、依法应负全责的其他情形,负全部责任,不负责任,1,贵AS7427,白色,1,贵A34A86,白色,自培,十一培,2004/9/13 0:00,1997/6/25 0:00,银钢牌,吉利美日牌,364556000000000000 ,364556000000000000 ,198206,197806,17,0,2,工作日,晚高峰(17-19点),2015-02-02,2015年2月2日,阴 /小雨,7℃ / 3℃,南风 ≤3级 /东南风 ≤3级,阴,小雨,7,3,南风,≤3级,东南风,≤3级,day
2015-02-03 17:00:00,瑞金北路,7、未按规定让行的 ,负同等责任,负同等责任,1,贵AU8091,绿,1,贵A21A93,黑,自培,十一培,2000/12/28 0:00,1997/9/4 0:00,瑞麒牌,朗逸牌,366361000000000000 ,364547000000000000 ,197602,197601,17,1,2,工作日,晚高峰(17-19点),2015-02-03,2015年2月3日,小雨 /小雨,6℃ / 1℃,东北风 ≤3级 /东北风 ≤3级,小雨,小雨,6,1,东北风,≤3级,东北风,≤3级,day
2015-02-03 16:40:00,四方河,1、追尾的,负全部责任,不负责任,1,贵A8816,白色,1,人保,黑色,自培,十一培,2004/11/18 0:00,1993/11/28 0:00,比亚迪牌,\N,364547000000000000 ,364548000000000000 ,197708,196904,16,1,2,工作日,非高峰,2015-02-03,2015年2月3日,小雨 /小雨,6℃ / 1℃,东北风 ≤3级 /东北风 ≤3级,小雨,小雨,6,1,东北风,≤3级,东北风,≤3级,day
2015-02-04 12:30:00,金阳客车站,9、不符合前8款规定或者双方同时具有上述情形的,负同等责任,负同等责任,1,贵AU7191,白,1,贵AU7191,绿,自培,十一培,2005/5/26 0:00,1998/10/29 0:00,金旅牌,金旅牌,366068000000000000 ,364548000000000000 ,196609,197801,12,2,2,工作日,非高峰,2015-02-04,2015年2月4日,小雨 /小雨,4℃ / 0℃,东北风 ≤3级 /东北风 ≤3级,小雨,小雨,4,0,东北风,≤3级,东北风,≤3级,day
2015-02-05 11:00:00,中华中路,1、追尾的,负全部责任,不负责任,1,贵A85Y69,银,0,贵AD4549,蓝,自培,十一培,2001/3/21 0:00,1997/8/4 0:00,夏利牌,豪爵牌,364547000000000000 ,364547000000000000 ,195709,196509,11,3,2,工作日,非高峰,2015-02-05,2015年2月5日,阴 /阴,3℃ / 0℃,东北风 ≤3级 /东北风 ≤3级,阴,阴,3,0,东北风,≤3级,东北风,≤3级,day
2015-02-05 15:00:00,盐务街,1、追尾的,负全部责任,不负责任,1,贵A7AY93,银,1,贵AA0559,蓝,自培,十一培,2008/11/21 0:00,1992/8/25 0:00,北京现代牌,翼搏牌,366068000000000000 ,364547000000000000 ,198202,196612,15,3,2,工作日,非高峰,2015-02-05,2015年2月5日,阴 /阴,3℃ / 0℃,东北风 ≤3级 /东北风 ≤3级,阴,阴,3,0,东北风,≤3级,东北风,≤3级,day
2015-02-05 12:25:00,蟠桃宫红绿灯,1、追尾的,负全部责任,不负责任,1,贵A5A882,白色,1,贵A93B54,白色,自培,十一培,2004/7/5 0:00,1996/6/10 0:00,北京牌,吉利牌,364547000000000000 ,364548000000000000 ,198506,196008,12,3,2,工作日,非高峰,2015-02-05,2015年2月5日,阴 /阴,3℃ / 0℃,东北风 ≤3级 /东北风 ≤3级,阴,阴,3,0,东北风,≤3级,东北风,≤3级,day
2015-02-06 16:40:00,贵阳市妇幼保健院门口,7、未按规定让行的 ,负全部责任,不负责任,1,贵A88Y61,白色,1,贵AV7878,白色,自培,十一培,2004/7/1 0:00,1990/12/7 0:00,SRX,速腾牌,366066000000000000 ,366368000000000000 ,197211,196510,16,4,2,工作日,非高峰,2015-02-06,2015年2月6日,多云 /小雨,9℃ / 2℃,南风 ≤3级 /南风 ≤3级,多云,小雨,9,2,南风,≤3级,南风,≤3级,day
2015-02-06 16:50:00,次南门,1、追尾的,负全部责任,不负责任,1,贵AU7122,绿,1,贵AP6187,黑,自培,十一培,2008/1/14 0:00,1997/2/19 0:00,宝来牌,沃尔沃,366061000000000000 ,72456051825452448X,198310,197610,16,4,2,工作日,非高峰,2015-02-06,2015年2月6日,多云 /小雨,9℃ / 2℃,南风 ≤3级 /南风 ≤3级,多云,小雨,9,2,南风,≤3级,南风,≤3级,day
2015-02-06 18:20:00,小河乐村,8、依法应负全责的其他情形,负全部责任,不负责任,1,贵A951714,白色,1,贵A36P55,黑色,自培,十一培,2010/11/26 0:00,1997/10/21 0:00,-1,思威牌,35436351804948378X,364556000000000000 ,197408,196410,18,4,2,工作日,晚高峰(17-19点),2015-02-06,2015年2月6日,多云 /小雨,9℃ / 2℃,南风 ≤3级 /南风 ≤3级,多云,小雨,9,2,南风,≤3级,南风,≤3级,day
2015-02-07 11:22:00,文昌北路,3、倒车的,负全部责任,不负责任,1,贵A7A947,黑,1,贵AP5752,银,自培,十一培,2002/3/7 0:00,1992/6/18 0:00,奇瑞牌,银钢牌,364547000000000000 ,36454651235547747X,196404,196511,11,5,2,工作日,非高峰,2015-02-07,2015年2月7日,阴 /阴,8℃ / 3℃,东北风 ≤3级 /东北风 ≤3级,阴,阴,8,3,东北风,≤3级,东北风,≤3级,day
2015-02-07 13:40:00,小河转盘,7、未按规定让行的 ,负全部责任,不负责任,1,贵JBM492,白色,1,警7450,黑色,自培,十一培,2009/6/1 0:00,1999/9/30 0:00,海马牌,\N,724758000000000000 ,364547000000000000 ,198701,197008,13,5,2,工作日,非高峰,2015-02-07,2015年2月7日,阴 /阴,8℃ / 3℃,东北风 ≤3级 /东北风 ≤3级,阴,阴,8,3,东北风,≤3级,东北风,≤3级,day
2015-02-08 09:00:00,遵义路,7、未按规定让行的 ,负全部责任,不负责任,1,贵AG8313,黑,1,贵AU6489,绿,自培,十一培,2005/7/12 0:00,1992/7/31 0:00,万虎牌,捷达牌,774764000000000000 ,364557000000000000 ,197108,197008,9,6,2,周末,早高峰(7-9点),2015-02-08,2015年2月8日,阴 /阴,7℃ / 3℃,东北风 ≤3级 /南风 ≤3级,阴,阴,7,3,东北风,≤3级,南风,≤3级,day
2015-02-07 17:00:00,世纪城,7、未按规定让行的 ,负全部责任,不负责任,1,贵ALE749,银,1,贵A3C264,黑,自培,十一培,2004/1/31 0:00,1998/12/28 0:00,中华牌,东风标致牌,364547000000000000 ,74365500000000000 ,196910,197404,17,5,2,工作日,晚高峰(17-19点),2015-02-07,2015年2月7日,阴 /阴,8℃ / 3℃,东北风 ≤3级 /东北风 ≤3级,阴,阴,8,3,东北风,≤3级,东北风,≤3级,day
2015-02-08 14:00:00,国际城地下停车,9、不符合前8款规定或者双方同时具有上述情形的,负同等责任,负同等责任,1,贵A6311Y,白色,1,贵A65N85,白色,自培,十一培,2002/11/30 0:00,1995/12/17 0:00,长安牌,傲虎,364547000000000000 ,364547000000000000 ,198111,196001,14,6,2,周末,非高峰,2015-02-08,2015年2月8日,阴 /阴,7℃ / 3℃,东北风 ≤3级 /南风 ≤3级,阴,阴,7,3,东北风,≤3级,南风,≤3级,day
2015-02-08 14:50:00,太慈桥,1、追尾的,负全部责任,不负责任,1,贵GV5292,白色,1,贵AF1669,黑色,自培,十一培,2005/1/20 0:00,1995/12/4 0:00,奇瑞牌,高尔,366346000000000000 ,366364000000000000 ,198201,196610,14,6,2,周末,非高峰,2015-02-08,2015年2月8日,阴 /阴,7℃ / 3℃,东北风 ≤3级 /南风 ≤3级,阴,阴,7,3,东北风,≤3级,南风,≤3级,day
2015-02-12 10:00:00,白云区,9、不符合前8款规定或者双方同时具有上述情形的,负同等责任,负同等责任,1,贵A1171G,蓝,1,贵AJ1754,红,自培,十一培,2006/7/19 0:00,1995/11/18 0:00,福田牌,钱江牌,366070000000000000 ,36455751274362403X,197308,196305,10,3,2,工作日,非高峰,2015-02-12,2015年2月12日,多云 /多云,15℃ / 5℃,南风 ≤3级 /南风 ≤3级,多云,多云,15,5,南风,≤3级,南风,≤3级,day
2015-02-12 11:00:00,都司路,4、停车时未挂低速档、未拉驻车制动，导致车辆滑行的,负全部责任,不负责任,1,浙BH1F17,白色,1,贵ABR508,白色,自培,十一培,2012/1/3 0:00,1983/4/4 0:00,东南牌,长安,366067000000000000 ,364548000000000000 ,199108,195405,11,3,2,工作日,非高峰,2015-02-12,2015年2月12日,多云 /多云,15℃ / 5℃,南风 ≤3级 /南风 ≤3级,多云,多云,15,5,南风,≤3级,南风,≤3级,day