accidenttime,accidentaddr,driver1fault,driver1responsibility,driver2responsibility,sex1,platenumber1,carcolor1,sex2,platenumber2,carcolor2,jxmc1,jxmc2,cclzrq1,cclzrq2,clpp1,clpp2,driver1license,driver2license,brith1,brith2,hour,weekday,month,is_weekday,peak_hour,date,日期,天气状况,气温,风力风向,day_wea,night_wea,day_tep,night_tep,day_wind_direction,day_wind_speed,night_wind_direction,night_wind_speed,segment
2015-02-12 15:13:00,云岩区蛮破,7、未按规定让行的 ,负全部责任,不负责任,1,贵AFK425,银,1,贵AP6853,黑,自培,十一培,2013/12/3 0:00,1993/3/16 0:00,五菱牌,山洋牌,364566000000000000 ,364547000000000000 ,199006,196809,15,3,2,工作日,非高峰,2015-02-12,2015年2月12日,多云 /多云,15℃ / 5℃,南风 ≤3级 /南风 ≤3级,多云,多云,15,5,南风,≤3级,南风,≤3级,day
2015-02-13 14:06:00,中山南路,1、追尾的,负全部责任,不负责任,1,贵A92R48,白色,1,贵AV0826,白色,自培,十一培,2006/5/20 0:00,1994/6/6 0:00,雪佛兰牌,麟龙牌,76366500000000000 ,364547000000000000 ,197105,197204,14,4,2,工作日,非高峰,2015-02-13,2015年2月13日,多云 /阵雨,17℃ / 8℃,南风 ≤3级 /南风 ≤3级,多云,阵雨,17,8,南风,≤3级,南风,≤3级,day
2015-02-12 21:30:00,花溪大道中段,1、追尾的,负全部责任,不负责任,1,湘AR5Q81,白色,1,贵AS4948,白色,自培,十一培,2014/10/30 0:00,1990/3/18 0:00,风神牌,铃木牌,74560500000000000 ,364548000000000000 ,196602,196505,21,3,2,工作日,非高峰,2015-02-12,2015年2月12日,多云 /多云,15℃ / 5℃,南风 ≤3级 /南风 ≤3级,多云,多云,15,5,南风,≤3级,南风,≤3级,night
2015-02-13 15:40:00,兴隆花园地下停车场,3、倒车的,负全部责任,不负责任,1,贵ANC831,白色,1,贵AB7760,黑色,自培,十一培,2003/4/14 0:00,1994/6/26 0:00,威志牌,奥拓,355467000000000000 ,364548000000000000 ,197407,195511,15,4,2,工作日,非高峰,2015-02-13,2015年2月13日,多云 /阵雨,17℃ / 8℃,南风 ≤3级 /南风 ≤3级,多云,阵雨,17,8,南风,≤3级,南风,≤3级,day
2015-02-14 11:30:00,甘平路路口,1、追尾的,负全部责任,不负责任,1,贵AJV732,黑色,1,贵FQ5961,黑色,自培,十一培,2004/3/25 0:00,1998/10/8 0:00,梅赛德斯-奔驰牌,奥迪牌,366664000000000000 ,364556000000000000 ,197008,196210,11,5,2,工作日,非高峰,2015-02-14,2015年2月14日,阵雨 /雷阵雨,16℃ / 10℃,南风 ≤3级 /南风 ≤3级,阵雨,雷阵雨,16,10,南风,≤3级,南风,≤3级,day
2015-02-14 14:00:00,大营坡,7、未按规定让行的 ,负全部责任,不负责任,1,贵A25B74,银,1,贵AU0875,蓝,自培,十一培,2001/5/27 0:00,1997/2/26 0:00,五菱牌,神鹰牌,364548000000000000 ,366347000000000000 ,198212,196610,14,5,2,工作日,非高峰,2015-02-14,2015年2月14日,阵雨 /雷阵雨,16℃ / 10℃,南风 ≤3级 /南风 ≤3级,阵雨,雷阵雨,16,10,南风,≤3级,南风,≤3级,day
2015-02-15 11:00:00,五里冲,7、未按规定让行的 ,负全部责任,不负责任,1,贵AEW535,白色,1,贵AU9805,黑色,自培,十一培,2004/11/19 0:00,1999/6/14 0:00,长安牌,东力牌,366274000000000000 ,366061000000000000 ,197301,197005,11,6,2,周末,非高峰,2015-02-15,2015年2月15日,多云 /阴,19℃ / 8℃,南风 ≤3级 /东北风 ≤3级,多云,阴,19,8,南风,≤3级,东北风,≤3级,day
2015-02-15 09:05:00,优秀路,8、依法应负全责的其他情形,负全部责任,不负责任,1,贵A82F85,银,1,贵ACV989,黑,自培,十一培,2009/4/28 0:00,1994/7/23 0:00,奥迪牌,梅赛德斯-奔驰牌,366363000000000000 ,364548000000000000 ,198708,196307,9,6,2,周末,早高峰(7-9点),2015-02-15,2015年2月15日,多云 /阴,19℃ / 8℃,南风 ≤3级 /东北风 ≤3级,多云,阴,19,8,南风,≤3级,东北风,≤3级,day
2015-02-14 18:10:00,解放西路,7、未按规定让行的 ,负全部责任,不负责任,1,贵CGT158,灰色,1,贵AP1497,白色,自培,十一培,2001/7/30 0:00,1999/5/25 0:00,奥迪牌,万虎牌,366577000000000000 ,364547000000000000 ,197012,196210,18,5,2,工作日,晚高峰(17-19点),2015-02-14,2015年2月14日,阵雨 /雷阵雨,16℃ / 10℃,南风 ≤3级 /南风 ≤3级,阵雨,雷阵雨,16,10,南风,≤3级,南风,≤3级,day
2015-02-15 18:00:00,三桥,7、未按规定让行的 ,负全部责任,不负责任,1,贵GM9516,黑,1,贵AU3767,绿,自培,十一培,2005/6/1 0:00,1995/12/30 0:00,鑫轮牌,海陵牌,366575000000000000 ,364557000000000000 ,197607,197009,18,6,2,周末,晚高峰(17-19点),2015-02-15,2015年2月15日,多云 /阴,19℃ / 8℃,南风 ≤3级 /东北风 ≤3级,多云,阴,19,8,南风,≤3级,东北风,≤3级,day
2015-02-17 14:20:00,老东门,7、未按规定让行的 ,负全部责任,不负责任,1,贵AF4432,黑,1,贵AMS522,黑,自培,十一培,2000/10/25 0:00,1999/5/10 0:00,东风日产牌,夏利牌,354669000000000000 ,364547000000000000 ,196512,197910,14,1,2,工作日,非高峰,2015-02-17,2015年2月17日,阴 /阴,17℃ / 11℃,东南风 ≤3级 /南风 ≤3级,阴,阴,17,11,东南风,≤3级,南风,≤3级,day
2015-02-26 09:00:00,下家洞路,7、未按规定让行的 ,负全部责任,不负责任,1,贵A77P44,红色,1,贵AAA443,黑色,自培,十一培,2001/9/11 0:00,1993/12/5 0:00,比亚迪牌,宝马,366347000000000000 ,364548000000000000 ,196907,197303,9,3,2,工作日,早高峰(7-9点),2015-02-26,2015年2月26日,阴 /小雨,12℃ / 9℃,东风 ≤3级 /南风 ≤3级,阴,小雨,12,9,东风,≤3级,南风,≤3级,day
2015-02-26 09:00:00,下家洞路,8、依法应负全责的其他情形,负全部责任,不负责任,1,贵AU4369,黑色,1,贵AAA443,黑色,自培,十一培,2002/4/11 0:00,1993/12/5 0:00,捷达牌,宝马,366347000000000000 ,364548000000000000 ,198312,197303,9,3,2,工作日,早高峰(7-9点),2015-02-26,2015年2月26日,阴 /小雨,12℃ / 9℃,东风 ≤3级 /南风 ≤3级,阴,小雨,12,9,东风,≤3级,南风,≤3级,day
2015-02-26 11:35:00,延安中路,7、未按规定让行的 ,负全部责任,不负责任,1,贵AAL342,黑,1,贵AU7328,绿,自培,十一培,2005/11/21 0:00,1994/12/26 0:00,海陵牌,恒通客车牌,376664000000000000 ,364557000000000000 ,198007,196702,11,3,2,工作日,非高峰,2015-02-26,2015年2月26日,阴 /小雨,12℃ / 9℃,东风 ≤3级 /南风 ≤3级,阴,小雨,12,9,东风,≤3级,南风,≤3级,day
2015-02-26 17:10:00,水口寺,1、追尾的,负全部责任,不负责任,1,贵AU9192,银,1,贵AU4745,绿,自培,十一培,2003/5/15 0:00,1998/11/9 0:00,隆鑫牌,飞肯牌,364556000000000000 ,356664000000000000 ,197209,197411,17,3,2,工作日,晚高峰(17-19点),2015-02-26,2015年2月26日,阴 /小雨,12℃ / 9℃,东风 ≤3级 /南风 ≤3级,阴,小雨,12,9,东风,≤3级,南风,≤3级,day
2015-02-26 16:00:00,瑞金北路,7、未按规定让行的 ,负全部责任,不负责任,1,贵A56W58,白色,1,贵AU7304,白色,自培,十一培,2002/4/8 0:00,1990/8/1 0:00,胜达,钱江牌,366562000000000000 ,364548000000000000 ,197301,196903,16,3,2,工作日,非高峰,2015-02-26,2015年2月26日,阴 /小雨,12℃ / 9℃,东风 ≤3级 /南风 ≤3级,阴,小雨,12,9,东风,≤3级,南风,≤3级,day
2015-02-27 12:00:00,花溪大道,1、追尾的,负全部责任,不负责任,0,贵HT8258,白色,1,贵AV7542,蓝色,自培,十一培,2004/4/27 0:00,1990/7/16 0:00,起亚牌,春风牌,364547000000000 ,364547000000000000 ,621108,197106,12,4,2,工作日,非高峰,2015-02-27,2015年2月27日,多云 /阵雨,21℃ / 5℃,南风 ≤3级 /南风 ≤3级,多云,阵雨,21,5,南风,≤3级,南风,≤3级,day
2015-02-28 06:30:00,观山东路,1、追尾的,负全部责任,不负责任,1,贵AU5274,绿,1,贵AAM951,红,自培,十一培,2000/3/14 0:00,1995/5/13 0:00,重庆牌,喜马牌,364548000000000000 ,364557000000000000 ,197005,197211,6,5,2,工作日,非高峰,2015-02-28,2015年2月28日,小雨 /小雨,8℃ / 4℃,东北风 ≤3级 /东北风 ≤3级,小雨,小雨,8,4,东北风,≤3级,东北风,≤3级,day
2015-02-27 21:06:00,黄河南路,1、追尾的,负全部责任,不负责任,1,渝AAK017,银色,1,贵ADR059,黑色,自培,十一培,2002/8/21 0:00,1998/8/5 0:00,大阳牌,比亚迪牌,354676000000000000 ,36455551884250415X,196907,197706,21,4,2,工作日,非高峰,2015-02-27,2015年2月27日,多云 /阵雨,21℃ / 5℃,南风 ≤3级 /南风 ≤3级,多云,阵雨,21,5,南风,≤3级,南风,≤3级,night
2015-03-03 13:30:00,金阳车站,8、依法应负全责的其他情形,负全部责任,不负责任,1,贵CW6639,蓝,1,贵A4AL66,绿,自培,十一培,2012/9/27 0:00,1996/11/29 0:00,长城牌,大众牌,354596000000000000 ,366361000000000000 ,198808,197503,13,1,3,工作日,非高峰,2015-03-03,2015年3月3日,小雨 /小雨,8℃ / 3℃,东北风 ≤3级 /东北风 ≤3级,小雨,小雨,8,3,东北风,≤3级,东北风,≤3级,day
2015-03-03 11:30:00,贵惠大道,6、违反交通信号的,负全部责任,不负责任,1,贵AU6F39,白色,1,贵AJ6909,白色,自培,十一培,2011/6/24 0:00,1989/11/28 0:00,-1,大阳牌,734569000000000000 ,364547000000000000 ,197809,196901,11,1,3,工作日,非高峰,2015-03-03,2015年3月3日,小雨 /小雨,8℃ / 3℃,东北风 ≤3级 /东北风 ≤3级,小雨,小雨,8,3,东北风,≤3级,东北风,≤3级,day
2015-03-03 10:55:00,沙冲南路,1、追尾的,负全部责任,不负责任,1,贵ALL084,黑色,1,贵AD1717,白色,自培,十一培,2000/8/24 0:00,1998/5/5 0:00,金杯牌,起亚,356164000000000000 ,364547000000000000 ,197110,197701,10,1,3,工作日,非高峰,2015-03-03,2015年3月3日,小雨 /小雨,8℃ / 3℃,东北风 ≤3级 /东北风 ≤3级,小雨,小雨,8,3,东北风,≤3级,东北风,≤3级,day
2015-03-03 10:40:00,黄金路,7、未按规定让行的 ,负全部责任,不负责任,1,贵AJE011,银,1,贵AZA774,黑,自培,十一培,2004/5/12 0:00,1995/7/15 0:00,夏利牌,昊锐牌,36606351964058895X,364548000000000000 ,198204,197607,10,1,3,工作日,非高峰,2015-03-03,2015年3月3日,小雨 /小雨,8℃ / 3℃,东北风 ≤3级 /东北风 ≤3级,小雨,小雨,8,3,东北风,≤3级,东北风,≤3级,day
2015-03-04 11:25:00,云岩区,1、追尾的,负全部责任,不负责任,1,贵AK6311,黑,1,贵AF1944,白,自培,十一培,2015/1/26 0:00,1988/6/24 0:00,三铃牌,轻骑牌,366064000000000000 ,366364000000000000 ,197808,196306,11,2,3,工作日,非高峰,2015-03-04,2015年3月4日,小雨 /小雨,6℃ / 1℃,东北风 ≤3级 /东北风 ≤3级,小雨,小雨,6,1,东北风,≤3级,东北风,≤3级,day
2015-03-05 07:40:00,西湖路,8、依法应负全责的其他情形,负全部责任,不负责任,1,贵AU6292,白色,1,贵AV41465,黑色,自培,十一培,2007/2/6 0:00,1997/7/8 0:00,恒通客车牌,-1,364547000000000000 ,354549000000000000 ,195910,197305,7,3,3,工作日,早高峰(7-9点),2015-03-05,2015年3月5日,小雨 /小雨,4℃ / 1℃,东北风 ≤3级 /东北风 ≤3级,小雨,小雨,4,1,东北风,≤3级,东北风,≤3级,day
2015-03-05 11:00:00,东客站,1、追尾的,负全部责任,不负责任,1,闽AMN229,白色,1,贵AGN157,白色,自培,十一培,2008/10/15 0:00,1996/10/29 0:00,富康,英伦牌,366246000000000000 ,364556000000000000 ,198211,195903,11,3,3,工作日,非高峰,2015-03-05,2015年3月5日,小雨 /小雨,4℃ / 1℃,东北风 ≤3级 /东北风 ≤3级,小雨,小雨,4,1,东北风,≤3级,东北风,≤3级,day
2015-03-06 14:30:00,蟠桃宫,8、依法应负全责的其他情形,负全部责任,不负责任,1,贵AN5549,白,1,贵AU0068,蓝,自培,十一培,2000/3/23 0:00,1991/3/26 0:00,宝雕牌,宝来牌,764264000000000000 ,36464651844042697X,196310,197004,14,4,3,工作日,非高峰,2015-03-06,2015年3月6日,小雨 /小雨,5℃ / 3℃,东北风 ≤3级 /东北风 ≤3级,小雨,小雨,5,3,东北风,≤3级,东北风,≤3级,day
2015-03-07 04:00:00,桐木岭,7、未按规定让行的 ,负全部责任,不负责任,1,云F37793,白色,1,贵A32S55,白色,自培,十一培,2012/2/17 0:00,1996/1/17 0:00,长安,宝马牌,376064000000000000 ,36636051805457695X,198210,197410,4,5,3,工作日,非高峰,2015-03-07,2015年3月7日,阴 /小雨,10℃ / 5℃,东风 ≤3级 /东南风 ≤3级,阴,小雨,10,5,东风,≤3级,东南风,≤3级,night
2015-03-07 11:30:00,机场,7、未按规定让行的 ,负全部责任,不负责任,1,贵A63N56,黑色,1,贵AJT746,白色,自培,十一培,2004/3/27 0:00,1985/2/15 0:00,揽胜极光,帕萨特牌,366061000000000000 ,364557000000000000 ,197404,195504,11,5,3,工作日,非高峰,2015-03-07,2015年3月7日,阴 /小雨,10℃ / 5℃,东风 ≤3级 /东南风 ≤3级,阴,小雨,10,5,东风,≤3级,东南风,≤3级,day
2015-03-09 11:00:00,中华南路,7、未按规定让行的 ,负全部责任,不负责任,1,贵A6F445,白色,1,贵AN9974,白色,自培,十一培,2005/9/27 0:00,1990/2/23 0:00,北京现代牌,轰轰烈牌,506848000000000000 ,364547000000000000 ,197503,195506,11,0,3,工作日,非高峰,2015-03-09,2015年3月9日,小雨 /小雨,10℃ / 5℃,东北风 ≤3级 /东北风 ≤3级,小雨,小雨,10,5,东北风,≤3级,东北风,≤3级,day
2015-03-09 15:30:00,观水路,7、未按规定让行的 ,负全部责任,不负责任,1,贵AWA886,黑,1,贵AU6228,蓝,自培,十一培,2006/7/7 0:00,1992/4/22 0:00,丰田牌,银翔牌,36657651964652655X,364548000000000000 ,198202,196108,15,0,3,工作日,非高峰,2015-03-09,2015年3月9日,小雨 /小雨,10℃ / 5℃,东北风 ≤3级 /东北风 ≤3级,小雨,小雨,10,5,东北风,≤3级,东北风,≤3级,day
2015-03-09 16:00:00,贵遵路熄峰汪贵阳方向,1、追尾的,负全部责任,不负责任,1,贵ANF454,白色,1,贵ASU177,黑色,自培,十一培,2008/8/8 0:00,1999/9/2 0:00,东风日产牌,大众汽车牌,36654551994659647X,36686251815452515X,198802,197910,16,0,3,工作日,非高峰,2015-03-09,2015年3月9日,小雨 /小雨,10℃ / 5℃,东北风 ≤3级 /东北风 ≤3级,小雨,小雨,10,5,东北风,≤3级,东北风,≤3级,day
2015-03-09 17:30:00,文新区,8、依法应负全责的其他情形,负全部责任,不负责任,1,贵AZC653,银,1,贵A67W29,黑,自培,十一培,2002/2/21 0:00,1996/6/17 0:00,北京现代牌,别克牌,364547000000000000 ,36455751205651497X,196308,196412,17,0,3,工作日,晚高峰(17-19点),2015-03-09,2015年3月9日,小雨 /小雨,10℃ / 5℃,东北风 ≤3级 /东北风 ≤3级,小雨,小雨,10,5,东北风,≤3级,东北风,≤3级,day
2015-03-09 17:45:00,五里冲,7、未按规定让行的 ,负全部责任,不负责任,1,贵JDN192,白,1,贵A44863,银,自培,十一培,2014/7/22 0:00,1982/12/8 0:00,东风标致牌,方园,366875000000000000 ,366364000000000000 ,198611,195503,17,0,3,工作日,晚高峰(17-19点),2015-03-09,2015年3月9日,小雨 /小雨,10℃ / 5℃,东北风 ≤3级 /东北风 ≤3级,小雨,小雨,10,5,东北风,≤3级,东北风,≤3级,day
2015-03-09 19:02:00,北京路,7、未按规定让行的 ,负全部责任,不负责任,1,贵A98471,白,1,贵AR0271,黑,自培,十一培,2001/12/5 0:00,1998/3/26 0:00,五征牌,金洪牌,364548000000000000 ,364548000000000000 ,196801,196301,19,0,3,工作日,晚高峰(17-19点),2015-03-09,2015年3月9日,小雨 /小雨,10℃ / 5℃,东北风 ≤3级 /东北风 ≤3级,小雨,小雨,10,5,东北风,≤3级,东北风,≤3级,day
2015-03-10 09:30:00,机场,3、倒车的,负全部责任,不负责任,1,浙DF4888,白色,1,贵AA428学,白色,自培,十一培,2007/11/7 0:00,1997/9/30 0:00,酷派,-1,774266000000000000 ,364547000000000000 ,197306,196506,9,1,3,工作日,早高峰(7-9点),2015-03-10,2015年3月10日,小雨 /小雨,8℃ / 4℃,东北风 ≤3级 /东北风 ≤3级,小雨,小雨,8,4,东北风,≤3级,东北风,≤3级,day
2015-03-10 09:05:00,机场,7、未按规定让行的 ,负全部责任,不负责任,1,川A5NL00,白色,1,贵AU6414,黑色,自培,十一培,2010/11/4 0:00,1997/5/28 0:00,英伦牌,黄海牌,354961000000000000 ,364557000000000000 ,196705,197610,9,1,3,工作日,早高峰(7-9点),2015-03-10,2015年3月10日,小雨 /小雨,8℃ / 4℃,东北风 ≤3级 /东北风 ≤3级,小雨,小雨,8,4,东北风,≤3级,东北风,≤3级,day
2015-03-10 17:35:00,金朱东路,1、追尾的,负全部责任,不负责任,1,贵A88518,黄,1,贵AC4474,黑,自培,十一培,2008/4/24 0:00,1989/3/21 0:00,长安,珠峰牌,366864000000000000 ,36676951864249727X,197002,197206,17,1,3,工作日,晚高峰(17-19点),2015-03-10,2015年3月10日,小雨 /小雨,8℃ / 4℃,东北风 ≤3级 /东北风 ≤3级,小雨,小雨,8,4,东北风,≤3级,东北风,≤3级,day
2015-03-10 17:40:00,黔灵山路,7、未按规定让行的 ,负全部责任,不负责任,1,贵Z9514,银,1,贵AU7433,蓝,自培,十一培,2013/6/9 0:00,1998/8/25 0:00,-1,黄海牌,366670000000000000 ,366368000000000000 ,198305,196712,17,1,3,工作日,晚高峰(17-19点),2015-03-10,2015年3月10日,小雨 /小雨,8℃ / 4℃,东北风 ≤3级 /东北风 ≤3级,小雨,小雨,8,4,东北风,≤3级,东北风,≤3级,day
2015-03-10 17:10:00,黄河北路,1、追尾的,负全部责任,不负责任,1,贵AU9554,白色,1,贵A723CZ,白色,自培,十一培,2002/10/28 0:00,1997/7/10 0:00,润腾牌,丰田牌,366368000000000000 ,364547000000000000 ,196804,196505,17,1,3,工作日,晚高峰(17-19点),2015-03-10,2015年3月10日,小雨 /小雨,8℃ / 4℃,东北风 ≤3级 /东北风 ≤3级,小雨,小雨,8,4,东北风,≤3级,东北风,≤3级,day
2015-03-11 13:02:00,贵阳,1、追尾的,负全部责任,不负责任,1,贵GT3759,银,1,贵AU6321,绿,自培,十一培,2006/12/19 0:00,1995/12/25 0:00,中华牌,恒通客车牌,364596000000000000 ,364557000000000000 ,198807,197406,13,2,3,工作日,非高峰,2015-03-11,2015年3月11日,阴 /小雨,8℃ / 4℃,东北风 ≤3级 /东北风 ≤3级,阴,小雨,8,4,东北风,≤3级,东北风,≤3级,day
2015-03-12 06:11:00,中山西路,7、未按规定让行的 ,负全部责任,不负责任,1,贵ARG463,银,1,贵AN8696,黑,自培,十一培,2004/12/17 0:00,1995/4/30 0:00,吉利牌,发现 4,366067000000000000 ,36454751855443763X,197208,197110,6,3,3,工作日,非高峰,2015-03-12,2015年3月12日,多云 /多云,16℃ / 10℃,南风 ≤3级 /南风 ≤3级,多云,多云,16,10,南风,≤3级,南风,≤3级,day
2015-03-12 03:00:00,贵惠大道,1、追尾的,负全部责任,不负责任,1,贵A901AT,黑色,1,贵A24Z45,黑色,自培,十一培,2006/1/24 0:00,1998/5/5 0:00,-1,奥迪牌,366067000000000000 ,364547000000000000 ,197311,197701,3,3,3,工作日,非高峰,2015-03-12,2015年3月12日,多云 /多云,16℃ / 10℃,南风 ≤3级 /南风 ≤3级,多云,多云,16,10,南风,≤3级,南风,≤3级,night
2015-03-12 09:40:00,沙冲路,1、追尾的,负全部责任,不负责任,1,贵A96G23,白色,1,贵A45P96,白色,自培,十一培,2000/10/11 0:00,1999/4/16 0:00,大众汽车牌,宝马牌,364558000000000000 ,364556000000000000 ,197802,197509,9,3,3,工作日,早高峰(7-9点),2015-03-12,2015年3月12日,多云 /多云,16℃ / 10℃,南风 ≤3级 /南风 ≤3级,多云,多云,16,10,南风,≤3级,南风,≤3级,day
2015-03-12 11:00:00,金阳客站,1、追尾的,负全部责任,不负责任,1,贵AHL022,黑,1,贵AMZ561,蓝,自培,十一培,2002/8/15 0:00,1989/2/5 0:00,朗逸牌,长安牌,364557000000000000 ,36455551844274425X,198107,197006,11,3,3,工作日,非高峰,2015-03-12,2015年3月12日,多云 /多云,16℃ / 10℃,南风 ≤3级 /南风 ≤3级,多云,多云,16,10,南风,≤3级,南风,≤3级,day
2015-03-12 14:30:00,观山东路,7、未按规定让行的 ,负全部责任,不负责任,1,贵ACR338,黑,1,贵AU6722,绿,自培,十一培,2004/7/2 0:00,1997/4/24 0:00,梅赛德斯-奔驰,蜀都牌,77476851805441678X,36454651884642495X,197410,197702,14,3,3,工作日,非高峰,2015-03-12,2015年3月12日,多云 /多云,16℃ / 10℃,南风 ≤3级 /南风 ≤3级,多云,多云,16,10,南风,≤3级,南风,≤3级,day
2015-03-12 12:50:00,四方河,8、依法应负全责的其他情形,负全部责任,不负责任,1,贵ASA959,白色,1,贵AX0312,黑色,自培,十一培,2003/12/8 0:00,1997/10/13 0:00,丰田牌,路虎,364547000000000000 ,364648000000000000 ,197301,197801,12,3,3,工作日,非高峰,2015-03-12,2015年3月12日,多云 /多云,16℃ / 10℃,南风 ≤3级 /南风 ≤3级,多云,多云,16,10,南风,≤3级,南风,≤3级,day
2015-03-12 15:30:00,小河,1、追尾的,负全部责任,不负责任,1,贵A6285C,白色,1,贵AL8422,白色,自培,十一培,2011/5/25 0:00,1998/12/18 0:00,吉利美日牌,宗隆牌,366067000000000000 ,364646000000000000 ,198710,196212,15,3,3,工作日,非高峰,2015-03-12,2015年3月12日,多云 /多云,16℃ / 10℃,南风 ≤3级 /南风 ≤3级,多云,多云,16,10,南风,≤3级,南风,≤3级,day
2015-03-12 17:00:00,八匹马,7、未按规定让行的 ,负全部责任,不负责任,1,川F413B5,黑,1,贵AU6399,蓝,自培,十一培,2014/1/29 0:00,1987/3/9 0:00,长安牌,大阳,354267000000000000 ,366363000000000000 ,198409,196307,17,3,3,工作日,晚高峰(17-19点),2015-03-12,2015年3月12日,多云 /多云,16℃ / 10℃,南风 ≤3级 /南风 ≤3级,多云,多云,16,10,南风,≤3级,南风,≤3级,day
2015-03-13 09:15:00,世纪城,7、未按规定让行的 ,负全部责任,不负责任,1,贵AEY781,银,1,贵A1908K,银,自培,十一培,2002/8/26 0:00,1989/8/6 0:00,梅赛德斯-奔驰牌,比亚迪牌,364548000000000000 ,364557000000000000 ,198212,195610,9,4,3,工作日,早高峰(7-9点),2015-03-13,2015年3月13日,多云 /阵雨,17℃ / 12℃,南风 ≤3级 /南风 ≤3级,多云,阵雨,17,12,南风,≤3级,南风,≤3级,day
2015-03-13 15:50:00,枣山路,7、未按规定让行的 ,负全部责任,不负责任,1,贵AU1719,蓝,1,贵AJY546,黑,自培,十一培,2002/4/24 0:00,1993/2/24 0:00,丰田牌,豪情牌,366367000000000000 ,364547000000000000 ,197206,196202,15,4,3,工作日,非高峰,2015-03-13,2015年3月13日,多云 /阵雨,17℃ / 12℃,南风 ≤3级 /南风 ≤3级,多云,阵雨,17,12,南风,≤3级,南风,≤3级,day
2015-03-13 16:00:00,中天世纪新城,3、倒车的,负全部责任,不负责任,1,贵ALV216,黑色,1,贵A54W75,红色,自培,十一培,2012/9/28 0:00,1990/7/22 0:00,长城牌,骐达(TIIDA)牌,366567000000000000 ,364547000000000000 ,198910,197310,16,4,3,工作日,非高峰,2015-03-13,2015年3月13日,多云 /阵雨,17℃ / 12℃,南风 ≤3级 /南风 ≤3级,多云,阵雨,17,12,南风,≤3级,南风,≤3级,day
2015-03-13 14:30:00,贵惠大道,7、未按规定让行的 ,负全部责任,不负责任,1,贵AG9988,白色,1,贵ALF039,黑色,自培,十一培,2004/10/8 0:00,1996/5/30 0:00,速卡迪牌,梅赛德斯-奔驰,364547000000000000 ,364548000000000000 ,198202,197306,14,4,3,工作日,非高峰,2015-03-13,2015年3月13日,多云 /阵雨,17℃ / 12℃,南风 ≤3级 /南风 ≤3级,多云,阵雨,17,12,南风,≤3级,南风,≤3级,day
2015-03-13 14:40:00,老客站,7、未按规定让行的 ,负全部责任,不负责任,1,贵JBS576,红,1,贵AU0782,绿,自培,十一培,2002/4/16 0:00,1996/12/12 0:00,别克牌,新阳光牌,364558000000000000 ,366368000000000000 ,197805,197303,14,4,3,工作日,非高峰,2015-03-13,2015年3月13日,多云 /阵雨,17℃ / 12℃,南风 ≤3级 /南风 ≤3级,多云,阵雨,17,12,南风,≤3级,南风,≤3级,day
2015-03-14 10:00:00,新世界,3、倒车的,负全部责任,不负责任,1,贵A0E898,白,1,贵AEJ477,黑,自培,十一培,2008/6/13 0:00,1998/4/30 0:00,别克牌,丰田牌,366063000000000000 ,36454651805548565X,197405,197411,10,5,3,工作日,非高峰,2015-03-14,2015年3月14日,阴 /阴,17℃ / 12℃,南风 ≤3级 /东南风 ≤3级,阴,阴,17,12,南风,≤3级,东南风,≤3级,day
2015-03-15 14:30:00,沙冲北路,1、追尾的,负全部责任,不负责任,1,贵AU2372,白色,1,贵AP7488,红色,自培,十一培,2004/4/9 0:00,1997/3/10 0:00,瑞麒牌,豪爵牌,364547000000000000 ,364547000000000000 ,196510,196211,14,6,3,周末,非高峰,2015-03-15,2015年3月15日,阴 /阴,18℃ / 13℃,东风 ≤3级 /南风 ≤3级,阴,阴,18,13,东风,≤3级,南风,≤3级,day
2015-03-15 16:30:00,西站,7、未按规定让行的 ,负全部责任,不负责任,1,贵FS9602,银,1,贵A49Z81,白,自培,十一培,2008/5/30 0:00,1994/9/20 0:00,梅赛德斯-奔驰牌,传祺牌,366061000000000000 ,364547000000000000 ,196408,197012,16,6,3,周末,非高峰,2015-03-15,2015年3月15日,阴 /阴,18℃ / 13℃,东风 ≤3级 /南风 ≤3级,阴,阴,18,13,东风,≤3级,南风,≤3级,day
2015-03-15 16:00:00,金阳客站,1、追尾的,负全部责任,不负责任,1,贵A4402U,银,1,贵AU7893,蓝,自培,十一培,2009/1/16 0:00,1993/12/27 0:00,朗风,鑫源牌,366361000000000000 ,364548000000000000 ,198302,196802,16,6,3,周末,非高峰,2015-03-15,2015年3月15日,阴 /阴,18℃ / 13℃,东风 ≤3级 /南风 ≤3级,阴,阴,18,13,东风,≤3级,南风,≤3级,day
2015-03-15 17:00:00,扶风路,3、倒车的,负全部责任,不负责任,1,贵AEH181,白,1,贵A93X82,银,自培,十一培,2007/5/10 0:00,1992/2/15 0:00,雪佛兰牌,东风雪铁龙牌,364547000000000000 ,364548000000000000 ,197011,196404,17,6,3,周末,晚高峰(17-19点),2015-03-15,2015年3月15日,阴 /阴,18℃ / 13℃,东风 ≤3级 /南风 ≤3级,阴,阴,18,13,东风,≤3级,南风,≤3级,day