accidenttime,accidentaddr,driver1fault,driver1responsibility,driver2responsibility,sex1,platenumber1,carcolor1,sex2,platenumber2,carcolor2,jxmc1,jxmc2,cclzrq1,cclzrq2,clpp1,clpp2,driver1license,driver2license,brith1,brith2,hour,weekday,month,is_weekday,peak_hour,date,日期,天气状况,气温,风力风向,day_wea,night_wea,day_tep,night_tep,day_wind_direction,day_wind_speed,night_wind_direction,night_wind_speed,segment
2015-03-15 18:18:00,林城西路,7、未按规定让行的 ,负全部责任,不负责任,1,贵CG6994,银,1,贵A6489C,黑,自培,十一培,2010/10/25 0:00,1995/8/28 0:00,江淮牌,一汽佳星牌,366562000000000000 ,364558000000000000 ,198710,195802,18,6,3,周末,晚高峰(17-19点),2015-03-15,2015年3月15日,阴 /阴,18℃ / 13℃,东风 ≤3级 /南风 ≤3级,阴,阴,18,13,东风,≤3级,南风,≤3级,day
2015-03-16 10:00:00,和尚坡,8、依法应负全责的其他情形,负全部责任,不负责任,1,川A472YM,黑,0,贵AL3699,银,自培,十一培,2006/7/11 0:00,1998/6/23 0:00,-1,劲隆牌,724069000000000000 ,364548000000000000 ,197308,196310,10,0,3,工作日,非高峰,2015-03-16,2015年3月16日,阴 /多云,20℃ / 15℃,南风 ≤3级 /南风 ≤3级,阴,多云,20,15,南风,≤3级,南风,≤3级,day
2015-03-16 16:08:00,花果园,7、未按规定让行的 ,负全部责任,不负责任,1,贵A96C67,红,1,贵AU1627,蓝,自培,十一培,2009/4/29 0:00,1994/7/6 0:00,启辰牌,钱江牌,354762000000000000 ,364548000000000000 ,198103,196005,16,0,3,工作日,非高峰,2015-03-16,2015年3月16日,阴 /多云,20℃ / 15℃,南风 ≤3级 /南风 ≤3级,阴,多云,20,15,南风,≤3级,南风,≤3级,day
2015-03-17 11:05:00,五里冲,8、依法应负全责的其他情形,负全部责任,不负责任,1,粤CQY274,银,1,贵A36P46,白,自培,十一培,2010/3/18 0:00,1995/4/19 0:00,长安牌,雷克萨斯,234548000000000000 ,364548000000000000 ,198206,197305,11,1,3,工作日,非高峰,2015-03-17,2015年3月17日,多云 /多云,25℃ / 14℃,南风 ≤3级 /南风 ≤3级,多云,多云,25,14,南风,≤3级,南风,≤3级,day
2015-03-17 15:30:00,林城东路,8、依法应负全责的其他情形,负全部责任,不负责任,1,贵A4BB34,黑,1,贵A42X42,蓝,自培,十一培,2007/10/17 0:00,1986/10/30 0:00,东风标致牌,梅赛德斯-奔驰牌,366664000000000000 ,364548000000000000 ,197707,195410,15,1,3,工作日,非高峰,2015-03-17,2015年3月17日,多云 /多云,25℃ / 14℃,南风 ≤3级 /南风 ≤3级,多云,多云,25,14,南风,≤3级,南风,≤3级,day
2015-03-18 09:58:00,西南环线,1、追尾的,负全部责任,不负责任,1,贵A393F6,白色,1,贵AG9348,白色,自培,十一培,2007/8/3 0:00,1996/11/25 0:00,解放牌,思域牌,366064000000000000 ,366364000000000000 ,197310,196609,9,2,3,工作日,早高峰(7-9点),2015-03-18,2015年3月18日,多云 /多云,24℃ / 14℃,南风 ≤3级 /南风 ≤3级,多云,多云,24,14,南风,≤3级,南风,≤3级,day
2015-03-18 11:40:00,八大队,7、未按规定让行的 ,负全部责任,不负责任,1,鄂S62938,红,1,贵AU7815,蓝,自培,十一培,2000/9/4 0:00,1996/5/30 0:00,\N,金龙牌,364558000000000000 ,364548000000000000 ,197410,197112,11,2,3,工作日,非高峰,2015-03-18,2015年3月18日,多云 /多云,24℃ / 14℃,南风 ≤3级 /南风 ≤3级,多云,多云,24,14,南风,≤3级,南风,≤3级,day
2015-03-18 11:50:00,金阳,7、未按规定让行的 ,负全部责任,不负责任,1,贵ABZ705,黄,1,贵AU0484,蓝,自培,十一培,2005/1/25 0:00,1997/3/6 0:00,别克牌,万达牌,36454651964353567X,366368000000000000 ,198205,196709,11,2,3,工作日,非高峰,2015-03-18,2015年3月18日,多云 /多云,24℃ / 14℃,南风 ≤3级 /南风 ≤3级,多云,多云,24,14,南风,≤3级,南风,≤3级,day
2015-03-18 15:34:00,乌当,7、未按规定让行的 ,负全部责任,不负责任,1,贵CJM713,银,1,贵A72417,白,自培,十一培,2008/12/8 0:00,1997/1/22 0:00,北京现代牌,福龙马牌,36654551895454445X,364557000000000000 ,197810,195904,15,2,3,工作日,非高峰,2015-03-18,2015年3月18日,多云 /多云,24℃ / 14℃,南风 ≤3级 /南风 ≤3级,多云,多云,24,14,南风,≤3级,南风,≤3级,day
2015-03-18 13:50:00,化工路,1、追尾的,负全部责任,不负责任,1,川RM8198,黑,0,贵ANB747,黄,自培,十一培,2003/11/25 0:00,1995/11/29 0:00,\N,雅阁牌,356166000000000000 ,36454651844669496X,197811,197002,13,2,3,工作日,非高峰,2015-03-18,2015年3月18日,多云 /多云,24℃ / 14℃,南风 ≤3级 /南风 ≤3级,多云,多云,24,14,南风,≤3级,南风,≤3级,day
2015-03-19 08:20:00,延安西路,1、追尾的,负全部责任,不负责任,0,贵A0BY08,白,1,贵AZA629,黑,自培,十一培,2001/3/30 0:00,1994/10/6 0:00,翼虎牌,丰田牌,364548000000000000 ,36636751805451445X,197108,197410,8,3,3,工作日,早高峰(7-9点),2015-03-19,2015年3月19日,多云 /阵雨,26℃ / 12℃,南风 ≤3级 /东北风 ≤3级,多云,阵雨,26,12,南风,≤3级,东北风,≤3级,day
2015-03-19 03:00:00,威清路,3、倒车的,负全部责任,不负责任,1,贵JBS348,白,1,贵ABAP35,红,自培,十一培,2004/10/8 0:00,1995/12/19 0:00,别克牌,-1,36454751934574695X,364547000000000000 ,198501,196211,3,3,3,工作日,非高峰,2015-03-19,2015年3月19日,多云 /阵雨,26℃ / 12℃,南风 ≤3级 /东北风 ≤3级,多云,阵雨,26,12,南风,≤3级,东北风,≤3级,night
2015-03-19 18:05:00,云岩区教育局,3、倒车的,负全部责任,不负责任,1,贵AV6882,白色,1,贵AL9229,白色,自培,十一培,2004/4/8 0:00,1995/3/20 0:00,长安牌,陆豪牌,364547000000000000 ,364548000000000000 ,198208,196706,18,3,3,工作日,晚高峰(17-19点),2015-03-19,2015年3月19日,多云 /阵雨,26℃ / 12℃,南风 ≤3级 /东北风 ≤3级,多云,阵雨,26,12,南风,≤3级,东北风,≤3级,day
2015-03-20 07:00:00,368医院,1、追尾的,负全部责任,不负责任,1,贵AU5237,绿,1,贵AU1575,绿,自培,十一培,2003/9/23 0:00,1993/6/30 0:00,捷达牌,捷达牌,366061000000000000 ,364548000000000000 ,197302,197410,7,4,3,工作日,早高峰(7-9点),2015-03-20,2015年3月20日,阴 /阵雨,14℃ / 10℃,东北风 ≤3级 /东北风 ≤3级,阴,阵雨,14,10,东北风,≤3级,东北风,≤3级,day
2015-03-20 08:15:00,花溪,1、追尾的,负全部责任,不负责任,1,贵AV9346,白色,1,贵JAC462,白色,自培,十一培,2004/4/9 0:00,1998/4/14 0:00,雪佛兰牌,梅赛德斯-奔驰,364556000000000000 ,364556000000000000 ,197508,197212,8,4,3,工作日,早高峰(7-9点),2015-03-20,2015年3月20日,阴 /阵雨,14℃ / 10℃,东北风 ≤3级 /东北风 ≤3级,阴,阵雨,14,10,东北风,≤3级,东北风,≤3级,day
2015-03-20 17:50:00,沙冲路,1、追尾的,负全部责任,不负责任,1,贵AU9964,白色,1,贵A0BF50,白色,自培,十一培,2004/9/10 0:00,1994/7/26 0:00,瑞麒牌,酷威,364558000000000000 ,364548000000000000 ,198209,196702,17,4,3,工作日,晚高峰(17-19点),2015-03-20,2015年3月20日,阴 /阵雨,14℃ / 10℃,东北风 ≤3级 /东北风 ≤3级,阴,阵雨,14,10,东北风,≤3级,东北风,≤3级,day
2015-03-20 23:30:00,五医,3、倒车的,负全部责任,不负责任,1,贵JR9758,蓝,1,贵A1BA22,绿,自培,十一培,2004/10/21 0:00,1994/12/5 0:00,东风雪铁龙牌,斯柯达牌,366863000000000000 ,364547000000000000 ,196111,197407,23,4,3,工作日,非高峰,2015-03-20,2015年3月20日,阴 /阵雨,14℃ / 10℃,东北风 ≤3级 /东北风 ≤3级,阴,阵雨,14,10,东北风,≤3级,东北风,≤3级,night
2015-03-21 10:30:00,博爱路,7、未按规定让行的 ,负全部责任,不负责任,1,贵ASS143,银,1,贵A41Y65,蓝,自培,十一培,2003/1/14 0:00,1994/5/10 0:00,比亚迪牌,五菱牌,364548000000000000 ,364547000000000000 ,198407,196402,10,5,3,工作日,非高峰,2015-03-21,2015年3月21日,阴 /阴,16℃ / 11℃,东北风 ≤3级 /东南风 ≤3级,阴,阴,16,11,东北风,≤3级,东南风,≤3级,day
2015-03-21 16:05:00,油榨街,1、追尾的,负全部责任,不负责任,1,贵AHN443,白色,1,贵A33A14,白色,自培,十一培,2002/3/14 0:00,1994/5/22 0:00,名爵牌,长城牌,54366500000000000 ,364548000000000000 ,197909,196508,16,5,3,工作日,非高峰,2015-03-21,2015年3月21日,阴 /阴,16℃ / 11℃,东北风 ≤3级 /东南风 ≤3级,阴,阴,16,11,东北风,≤3级,东南风,≤3级,day
2015-03-21 16:30:00,西二环,1、追尾的,负全部责任,不负责任,1,闽A839Q8,白色,1,贵AV8039,白色,自培,十一培,2012/10/30 0:00,1993/1/21 0:00,宝马牌,本田牌,734569000000000000 ,36454651264968345X,196212,196208,16,5,3,工作日,非高峰,2015-03-21,2015年3月21日,阴 /阴,16℃ / 11℃,东北风 ≤3级 /东南风 ≤3级,阴,阴,16,11,东北风,≤3级,东南风,≤3级,day
2015-03-22 08:00:00,解放西路,1、追尾的,负全部责任,不负责任,1,贵A5CB61,白色,1,贵AU5541,白色,自培,十一培,2007/2/12 0:00,1993/7/28 0:00,大众汽车牌,丰田牌,366661000000000000 ,364547000000000000 ,198812,195708,8,6,3,周末,早高峰(7-9点),2015-03-22,2015年3月22日,阵雨 /阵雨,19℃ / 10℃,东南风 ≤3级 /东风 ≤3级,阵雨,阵雨,19,10,东南风,≤3级,东风,≤3级,day
2015-03-22 13:35:00,水东路,1、追尾的,负全部责任,不负责任,1,贵AEZ797,银,1,贵AU3762,黄,自培,十一培,2004/11/10 0:00,1994/5/11 0:00,东风标致牌,宝来牌,366570000000000000 ,364557000000000000 ,197708,197006,13,6,3,周末,非高峰,2015-03-22,2015年3月22日,阵雨 /阵雨,19℃ / 10℃,东南风 ≤3级 /东风 ≤3级,阵雨,阵雨,19,10,东南风,≤3级,东风,≤3级,day
2015-03-22 13:10:00,石板镇,3、倒车的,负全部责任,不负责任,1,贵AF3243,白色,1,贵HAK977,白色,自培,十一培,2001/7/2 0:00,1997/8/12 0:00,大江牌,大众汽车牌,364557000000000000 ,364556000000000000 ,197109,197709,13,6,3,周末,非高峰,2015-03-22,2015年3月22日,阵雨 /阵雨,19℃ / 10℃,东南风 ≤3级 /东风 ≤3级,阵雨,阵雨,19,10,东南风,≤3级,东风,≤3级,day
2015-03-22 22:00:00,蟠桃宫,7、未按规定让行的 ,负全部责任,不负责任,1,贵AU5199,白色,1,贵AEG241,白色,自培,十一培,2004/4/10 0:00,1996/10/3 0:00,捷达牌,骐达牌,364548000000000000 ,364558000000000000 ,197108,197104,22,6,3,周末,非高峰,2015-03-22,2015年3月22日,阵雨 /阵雨,19℃ / 10℃,东南风 ≤3级 /东风 ≤3级,阵雨,阵雨,19,10,东南风,≤3级,东风,≤3级,night
2015-03-23 19:00:00,五里冲,1、追尾的,负全部责任,不负责任,1,贵APL688,白色,1,贵AU7535,白色,自培,十一培,2010/3/23 0:00,1993/8/31 0:00,英伦牌,豪爵牌,366562000000000000 ,366361000000000000 ,196806,197201,19,0,3,工作日,晚高峰(17-19点),2015-03-23,2015年3月23日,多云 /阴,17℃ / 9℃,东北风 ≤3级 /东北风 ≤3级,多云,阴,17,9,东北风,≤3级,东北风,≤3级,day
2015-03-24 07:40:00,遵义路,1、追尾的,负全部责任,不负责任,1,贵A67C21,银,1,贵AJ9253,黑,自培,十一培,2004/1/29 0:00,1985/10/26 0:00,东风雪铁龙牌,嘉陵牌,364547000000000000 ,364548000000000000 ,197810,196602,7,1,3,工作日,早高峰(7-9点),2015-03-24,2015年3月24日,小雨 /阵雨,13℃ / 7℃,东北风 ≤3级 /东北风 ≤3级,小雨,阵雨,13,7,东北风,≤3级,东北风,≤3级,day
2015-03-24 12:00:00,桂黄公路,7、未按规定让行的 ,负全部责任,不负责任,1,贵AGE038,银,1,贵AU0003,蓝,自培,十一培,2004/11/10 0:00,1994/3/13 0:00,长安牌,创新牌,36606351234942695X,364547000000000000 ,196508,197409,12,1,3,工作日,非高峰,2015-03-24,2015年3月24日,小雨 /阵雨,13℃ / 7℃,东北风 ≤3级 /东北风 ≤3级,小雨,阵雨,13,7,东北风,≤3级,东北风,≤3级,day
2015-03-24 16:30:00,杨家山,1、追尾的,负全部责任,不负责任,1,贵A42083,银,1,贵A098A2,绿,自培,十一培,2013/12/5 0:00,1996/12/20 0:00,金轮,福田牌,364551000000000000 ,366068000000000000 ,199010,197611,16,1,3,工作日,非高峰,2015-03-24,2015年3月24日,小雨 /阵雨,13℃ / 7℃,东北风 ≤3级 /东北风 ≤3级,小雨,阵雨,13,7,东北风,≤3级,东北风,≤3级,day
2015-03-24 18:05:00,松山路,3、倒车的,负全部责任,不负责任,1,贵A77T26,银,1,贵A27S26,银,自培,十一培,2012/12/13 0:00,1999/1/8 0:00,-1,江铃全顺牌,355368000000000000 ,366068000000000000 ,198702,197901,18,1,3,工作日,晚高峰(17-19点),2015-03-24,2015年3月24日,小雨 /阵雨,13℃ / 7℃,东北风 ≤3级 /东北风 ≤3级,小雨,阵雨,13,7,东北风,≤3级,东北风,≤3级,day
2015-03-24 20:17:00,沙冲路,1、追尾的,负全部责任,不负责任,1,贵ABK736,白色,1,贵ANE663,白色,自培,十一培,2002/10/22 0:00,1988/12/21 0:00,别克牌,比亚迪牌,364547000000000 ,364547000000000000 ,801231,196206,20,1,3,工作日,非高峰,2015-03-24,2015年3月24日,小雨 /阵雨,13℃ / 7℃,东北风 ≤3级 /东北风 ≤3级,小雨,阵雨,13,7,东北风,≤3级,东北风,≤3级,night
2015-03-24 18:00:00,停车场,3、倒车的,负全部责任,不负责任,1,贵A17H88,黑,1,贵A6AG85,白,自培,十一培,2010/6/24 0:00,1999/9/8 0:00,福克斯牌,雅阁牌,07636651975567980X,36636051264740475X,198311,196203,18,1,3,工作日,晚高峰(17-19点),2015-03-24,2015年3月24日,小雨 /阵雨,13℃ / 7℃,东北风 ≤3级 /东北风 ≤3级,小雨,阵雨,13,7,东北风,≤3级,东北风,≤3级,day
2015-03-26 09:00:00,为西门,1、追尾的,负全部责任,不负责任,1,贵AM0516,黑,1,贵AGV328,蓝,自培,十一培,2004/8/26 0:00,1997/7/17 0:00,福克斯(FOCUS)牌,天籁牌,364547000000000000 ,36656551384974505X,198201,195708,9,3,3,工作日,早高峰(7-9点),2015-03-26,2015年3月26日,阴 /阵雨,17℃ / 12℃,南风 ≤3级 /南风 ≤3级,阴,阵雨,17,12,南风,≤3级,南风,≤3级,day
2015-03-26 14:50:00,沙冲路口,7、未按规定让行的 ,负全部责任,不负责任,1,贵ADC999,白色,1,贵AU7401,白色,自培,十一培,2006/10/31 0:00,1996/1/7 0:00,锋范牌,福田牌,364547000000000000 ,366367000000000000 ,196104,197012,14,3,3,工作日,非高峰,2015-03-26,2015年3月26日,阴 /阵雨,17℃ / 12℃,南风 ≤3级 /南风 ≤3级,阴,阵雨,17,12,南风,≤3级,南风,≤3级,day
2015-03-26 15:00:00,小碧立交桥,8、依法应负全责的其他情形,负全部责任,不负责任,1,贵A534518,白色,1,贵J24491,白色,自培,十一培,2012/7/20 0:00,1994/8/18 0:00,-1,东风牌,786167000000000000 ,366875000000000000 ,198508,197105,15,3,3,工作日,非高峰,2015-03-26,2015年3月26日,阴 /阵雨,17℃ / 12℃,南风 ≤3级 /南风 ≤3级,阴,阵雨,17,12,南风,≤3级,南风,≤3级,day
2015-03-27 08:15:00,油榨街,8、依法应负全责的其他情形,负全部责任,不负责任,1,贵AU2004,银,1,贵A17K27,银,自培,十一培,2003/5/20 0:00,1997/11/3 0:00,气派牌,东风标致牌,364548000000000000 ,36454651824840347X,196612,197607,8,4,3,工作日,早高峰(7-9点),2015-03-27,2015年3月27日,阵雨 /阵雨,18℃ / 13℃,南风 ≤3级 /南风 ≤3级,阵雨,阵雨,18,13,南风,≤3级,南风,≤3级,day
2015-03-28 12:50:00,瑞金路,1、追尾的,负全部责任,不负责任,1,贵A53944,银,1,贵AHZ629,黑,自培,十一培,2008/2/20 0:00,1990/6/25 0:00,凌本牌,丰田牌,734398000000000000 ,366364000000000000 ,198708,197303,12,5,3,工作日,非高峰,2015-03-28,2015年3月28日,阵雨 /雷阵雨,17℃ / 14℃,南风 ≤3级 /南风 ≤3级,阵雨,雷阵雨,17,14,南风,≤3级,南风,≤3级,day
2015-03-28 15:00:00,头桥,7、未按规定让行的 ,负全部责任,不负责任,1,川SNF535,银,1,贵AU7309,黄,自培,十一培,2005/3/9 0:00,1986/3/12 0:00,长安牌,凌肯牌,354698000000000000 ,364548000000000000 ,197803,196308,15,5,3,工作日,非高峰,2015-03-28,2015年3月28日,阵雨 /雷阵雨,17℃ / 14℃,南风 ≤3级 /南风 ≤3级,阵雨,雷阵雨,17,14,南风,≤3级,南风,≤3级,day
2015-03-28 14:10:00,文明路,3、倒车的,负全部责任,不负责任,1,贵A8M739,白,1,贵AE9899,白,自培,十一培,2012/6/19 0:00,1995/10/9 0:00,-1,梅赛德斯-奔驰,784156000000000000 ,366066000000000000 ,198901,196708,14,5,3,工作日,非高峰,2015-03-28,2015年3月28日,阵雨 /雷阵雨,17℃ / 14℃,南风 ≤3级 /南风 ≤3级,阵雨,雷阵雨,17,14,南风,≤3级,南风,≤3级,day
2015-03-28 17:00:00,乌江路中段,7、未按规定让行的 ,负全部责任,不负责任,1,贵A08421,白色,1,贵A6898学,白色,自培,十一培,2004/5/21 0:00,1992/2/23 0:00,万达牌,-1,366364000000000000 ,364548000000000000 ,197009,196907,17,5,3,工作日,晚高峰(17-19点),2015-03-28,2015年3月28日,阵雨 /雷阵雨,17℃ / 14℃,南风 ≤3级 /南风 ≤3级,阵雨,雷阵雨,17,14,南风,≤3级,南风,≤3级,day
2015-03-29 14:55:00,大营坡,7、未按规定让行的 ,负全部责任,不负责任,1,贵ANA553,银,1,贵AU857,蓝,自培,十一培,2004/8/27 0:00,1986/3/3 0:00,速腾牌,-1,364547000000000000 ,364547000000000000 ,197204,196504,14,6,3,周末,非高峰,2015-03-29,2015年3月29日,阴 /多云,18℃ / 15℃,东风 ≤3级 /南风 ≤3级,阴,多云,18,15,东风,≤3级,南风,≤3级,day
2015-03-29 12:20:00,路冲路,7、未按规定让行的 ,负全部责任,不负责任,1,贵GY3021,黄,1,贵AF4225,白,自培,十一培,2002/11/20 0:00,1981/2/20 0:00,大众牌,力帆牌,364548000000000000 ,366246000000000000 ,197301,196008,12,6,3,周末,非高峰,2015-03-29,2015年3月29日,阴 /多云,18℃ / 15℃,东风 ≤3级 /南风 ≤3级,阴,多云,18,15,东风,≤3级,南风,≤3级,day
2015-03-30 08:05:00,西二环,7、未按规定让行的 ,负全部责任,不负责任,1,云CB8576,白,1,贵A92886,白,自培,十一培,2012/11/14 0:00,1993/6/2 0:00,长安牌,依维柯牌,376563000000000000 ,36454751384557525X,197903,195701,8,0,3,工作日,早高峰(7-9点),2015-03-30,2015年3月30日,晴 /多云,24℃ / 17℃,南风 ≤3级 /南风 ≤3级,晴,多云,24,17,南风,≤3级,南风,≤3级,day
2015-03-30 10:30:00,花溪,8、依法应负全责的其他情形,负全部责任,不负责任,1,贵4544483,黄色,1,贵ALX805,白色,自培,十一培,2001/12/11 0:00,1996/8/5 0:00,-1,威志牌,356166000000000000 ,366364000000000000 ,195802,197302,10,0,3,工作日,非高峰,2015-03-30,2015年3月30日,晴 /多云,24℃ / 17℃,南风 ≤3级 /南风 ≤3级,晴,多云,24,17,南风,≤3级,南风,≤3级,day
2015-03-30 10:10:00,白云区,1、追尾的,负全部责任,不负责任,1,贵A616G8,银,1,贵A0F279,黑,自培,十一培,2011/11/25 0:00,1996/2/8 0:00,福田牌,-1,74365500000000000 ,36455751234875447X,198706,196507,10,0,3,工作日,非高峰,2015-03-30,2015年3月30日,晴 /多云,24℃ / 17℃,南风 ≤3级 /南风 ≤3级,晴,多云,24,17,南风,≤3级,南风,≤3级,day
2015-03-30 17:00:00,乌当,9、不符合前8款规定或者双方同时具有上述情形的,负同等责任,负同等责任,1,贵A27942,红,1,贵JBQ553,白,自培,十一培,2007/12/27 0:00,1997/7/16 0:00,三铃牌,东风标致牌,366569000000000000 ,364557000000000000 ,197912,196510,17,0,3,工作日,晚高峰(17-19点),2015-03-30,2015年3月30日,晴 /多云,24℃ / 17℃,南风 ≤3级 /南风 ≤3级,晴,多云,24,17,南风,≤3级,南风,≤3级,day
2015-03-31 06:00:00,花香村,7、未按规定让行的 ,负全部责任,不负责任,1,贵A77N37,黑,1,贵AU7056,蓝,自培,十一培,2013/11/5 0:00,1995/6/10 0:00,福田牌,恒通客车牌,366068000000000000 ,364547000000000000 ,199003,196611,6,1,3,工作日,非高峰,2015-03-31,2015年3月31日,多云 /多云,28℃ / 19℃,南风 ≤3级 /南风 ≤3级,多云,多云,28,19,南风,≤3级,南风,≤3级,day
2015-03-31 08:00:00,大营坡,8、依法应负全责的其他情形,负全部责任,不负责任,1,贵GP5590,白色,1,贵AU6167,白色,自培,十一培,2012/6/6 0:00,1998/12/3 0:00,别克牌,山洋牌,357475000000000000 ,366868000000000000 ,198507,197712,8,1,3,工作日,早高峰(7-9点),2015-03-31,2015年3月31日,多云 /多云,28℃ / 19℃,南风 ≤3级 /南风 ≤3级,多云,多云,28,19,南风,≤3级,南风,≤3级,day
2015-03-31 11:00:00,苗圃,7、未按规定让行的 ,负全部责任,不负责任,1,贵AA325P,黄,1,贵AG8536,白,自培,十一培,2002/5/28 0:00,1992/8/24 0:00,飞度牌,东力牌,364558000000000000 ,364547000000000 ,198404,660403,11,1,3,工作日,非高峰,2015-03-31,2015年3月31日,多云 /多云,28℃ / 19℃,南风 ≤3级 /南风 ≤3级,多云,多云,28,19,南风,≤3级,南风,≤3级,day
2015-03-31 16:30:00,北京西路,7、未按规定让行的 ,负全部责任,不负责任,1,贵A62R2,黄,1,贵AU7819,蓝,自培,十一培,2004/5/25 0:00,1995/12/20 0:00,-1,金龙牌,364548000000000000 ,364548000000000000 ,196007,197403,16,1,3,工作日,非高峰,2015-03-31,2015年3月31日,多云 /多云,28℃ / 19℃,南风 ≤3级 /南风 ≤3级,多云,多云,28,19,南风,≤3级,南风,≤3级,day
2015-04-01 09:00:00,富源中路,7、未按规定让行的 ,负全部责任,不负责任,1,贵A923A5,白色,1,贵A62X87,白色,自培,十一培,2007/5/9 0:00,1991/10/15 0:00,解放牌,东风雪铁龙牌,35466851835669582X,364548000000000000 ,197512,196103,9,2,4,工作日,早高峰(7-9点),2015-04-01,2015年4月1日,多云 /多云,29℃ / 19℃,南风 ≤3级 /南风 ≤3级,多云,多云,29,19,南风,≤3级,南风,≤3级,day
2015-04-01 00:00:00,石板,3、倒车的,负全部责任,不负责任,1,贵FF8722,白色,1,贵A1572P,白色,自培,十一培,2000/6/27 0:00,1996/1/2 0:00,黄海牌,福克斯牌,356168000000000000 ,36636751274150455X,196902,196309,0,2,4,工作日,非高峰,2015-04-01,2015年4月1日,多云 /多云,29℃ / 19℃,南风 ≤3级 /南风 ≤3级,多云,多云,29,19,南风,≤3级,南风,≤3级,night
2015-04-01 08:05:00,解放路,7、未按规定让行的 ,负全部责任,不负责任,1,贵A86L68,白,1,贵A33431,白,自培,十一培,2002/4/10 0:00,1993/5/24 0:00,别克牌,江铃全顺牌,364556000000000000 ,364547000000000000 ,197703,196302,8,2,4,工作日,早高峰(7-9点),2015-04-01,2015年4月1日,多云 /多云,29℃ / 19℃,南风 ≤3级 /南风 ≤3级,多云,多云,29,19,南风,≤3级,南风,≤3级,day
2015-04-01 09:00:00,师大天桥,7、未按规定让行的 ,负全部责任,不负责任,1,贵GR9032,白色,1,贵AM7278,白色,自培,十一培,2011/9/17 0:00,1994/4/19 0:00,别克牌,起亚牌,74847500000000000 ,364548000000000000 ,198509,194806,9,2,4,工作日,早高峰(7-9点),2015-04-01,2015年4月1日,多云 /多云,29℃ / 19℃,南风 ≤3级 /南风 ≤3级,多云,多云,29,19,南风,≤3级,南风,≤3级,day
2015-04-01 12:00:00,上坝路,3、倒车的,负全部责任,不负责任,1,贵GQ1612,白色,1,贵A94580,白色,自培,十一培,2006/6/1 0:00,1996/10/24 0:00,雅阁牌,豪泺牌,70526551834242535X,364547000000000000 ,197506,195602,12,2,4,工作日,非高峰,2015-04-01,2015年4月1日,多云 /多云,29℃ / 19℃,南风 ≤3级 /南风 ≤3级,多云,多云,29,19,南风,≤3级,南风,≤3级,day
2015-04-01 16:05:00,北京西路,7、未按规定让行的 ,负全部责任,不负责任,1,贵A67C83,银,1,贵AU0705,蓝,自培,十一培,2010/2/2 0:00,1996/5/8 0:00,长安牌,宝来牌,366570000000000000 ,364548000000000000 ,198701,197606,16,2,4,工作日,非高峰,2015-04-01,2015年4月1日,多云 /多云,29℃ / 19℃,南风 ≤3级 /南风 ≤3级,多云,多云,29,19,南风,≤3级,南风,≤3级,day
2015-04-02 00:00:00,大兴星城,7、未按规定让行的 ,负全部责任,不负责任,1,贵A9694E,黑色,1,贵A25054,白色,自培,十一培,2014/5/23 0:00,1994/6/27 0:00,福田牌,东风雪铁龙,256046000000000000 ,366846000000000000 ,198807,196209,0,3,4,工作日,非高峰,2015-04-02,2015年4月2日,多云 /多云,30℃ / 18℃,南风 ≤3级 /南风 ≤3级,多云,多云,30,18,南风,≤3级,南风,≤3级,night
2015-04-02 09:45:00,甘荫塘,8、依法应负全责的其他情形,负全部责任,不负责任,1,贵A4BG42,白色,1,贵AZA582,白色,自培,十一培,2006/5/12 0:00,1999/10/14 0:00,沃尔沃牌,金杯牌,784167000000000000 ,364547000000000000 ,196801,196911,9,3,4,工作日,早高峰(7-9点),2015-04-02,2015年4月2日,多云 /多云,30℃ / 18℃,南风 ≤3级 /南风 ≤3级,多云,多云,30,18,南风,≤3级,南风,≤3级,day
2015-04-03 15:00:00,中山西路,5、开关车门的,负全部责任,不负责任,1,贵AJ5961,黑,1,贵AU0577,绿,自培,十一培,2006/1/27 0:00,1998/6/23 0:00,美仑牌,大运牌,364547000000000000 ,364548000000000000 ,197412,198002,15,4,4,工作日,非高峰,2015-04-03,2015年4月3日,多云 /多云,30℃ / 19℃,南风 ≤3级 /南风 ≤3级,多云,多云,30,19,南风,≤3级,南风,≤3级,day
2015-04-03 18:40:00,花二道,9、不符合前8款规定或者双方同时具有上述情形的,负同等责任,负同等责任,1,贵A82472,白色,1,贵AWZ268,白色,自培,十一培,2004/5/15 0:00,1997/2/21 0:00,胜达,宝马,364556000000000000 ,364548000000000000 ,196809,197504,18,4,4,工作日,晚高峰(17-19点),2015-04-03,2015年4月3日,多云 /多云,30℃ / 19℃,南风 ≤3级 /南风 ≤3级,多云,多云,30,19,南风,≤3级,南风,≤3级,day