accidenttime,accidentaddr,driver1fault,driver1responsibility,driver2responsibility,sex1,platenumber1,carcolor1,sex2,platenumber2,carcolor2,jxmc1,jxmc2,cclzrq1,cclzrq2,clpp1,clpp2,driver1license,driver2license,brith1,brith2,hour,weekday,month,is_weekday,peak_hour,date,日期,天气状况,气温,风力风向,day_wea,night_wea,day_tep,night_tep,day_wind_direction,day_wind_speed,night_wind_direction,night_wind_speed,segment
2015-04-04 09:00:00,沙冲路,1、追尾的,负全部责任,不负责任,1,吉BU8471,白色,1,贵AN7536,白色,自培,十一培,2001/8/29 0:00,1994/10/16 0:00,一汽佳星牌,解放牌,664666000000000000 ,356667000000000000 ,197605,195308,9,5,4,工作日,早高峰(7-9点),2015-04-04,2015年4月4日,多云 /多云,29℃ / 18℃,南风 ≤3级 /南风 ≤3级,多云,多云,29,18,南风,≤3级,南风,≤3级,day
2015-04-03 18:00:00,小河长江路,7、未按规定让行的 ,负全部责任,不负责任,1,贵FZ5597,白色,1,贵A87A91,白色,自培,十一培,2008/3/20 0:00,1982/1/21 0:00,众泰牌,雷克萨斯,366064000000000000 ,364547000000000000 ,198501,196307,18,4,4,工作日,晚高峰(17-19点),2015-04-03,2015年4月3日,多云 /多云,30℃ / 19℃,南风 ≤3级 /南风 ≤3级,多云,多云,30,19,南风,≤3级,南风,≤3级,day
2015-04-04 08:20:00,南明区小碧乡,8、依法应负全责的其他情形,负全部责任,不负责任,1,贵JK6623,白色,1,贵A7812H,白色,自培,十一培,2006/6/15 0:00,1997/10/30 0:00,五菱牌,东风雪铁龙牌,364556000000000000 ,366770000000000000 ,198503,197910,8,5,4,工作日,早高峰(7-9点),2015-04-04,2015年4月4日,多云 /多云,29℃ / 18℃,南风 ≤3级 /南风 ≤3级,多云,多云,29,18,南风,≤3级,南风,≤3级,day
2015-04-04 17:30:00,龙里县草原路,7、未按规定让行的 ,负全部责任,不负责任,1,贵A4893Y,白色,1,贵A0H864,白色,自培,十一培,2008/12/24 0:00,1993/1/6 0:00,吉奥牌,别克牌,55496500000000000 ,364548000000000000 ,198902,195507,17,5,4,工作日,晚高峰(17-19点),2015-04-04,2015年4月4日,多云 /多云,29℃ / 18℃,南风 ≤3级 /南风 ≤3级,多云,多云,29,18,南风,≤3级,南风,≤3级,day
2015-04-05 09:10:00,黄河路,7、未按规定让行的 ,负全部责任,不负责任,1,贵AG1019,白色,1,贵AJ2412,白色,自培,十一培,2002/6/24 0:00,1996/6/20 0:00,银钢牌,宗申牌,364548000000000000 ,364547000000000000 ,195907,197201,9,6,4,周末,早高峰(7-9点),2015-04-05,2015年4月5日,阴 /阵雨,30℃ / 12℃,南风 ≤3级 /东北风 ≤3级,阴,阵雨,30,12,南风,≤3级,东北风,≤3级,day
2015-04-05 09:30:00,盐务街,8、依法应负全责的其他情形,负全部责任,不负责任,1,贵A12P24,白,1,贵A75K92,黑,自培,十一培,2003/10/27 0:00,1996/7/16 0:00,宝马牌,标致,364548000000000000 ,364556000000000000 ,198209,196709,9,6,4,周末,早高峰(7-9点),2015-04-05,2015年4月5日,阴 /阵雨,30℃ / 12℃,南风 ≤3级 /东北风 ≤3级,阴,阵雨,30,12,南风,≤3级,东北风,≤3级,day
2015-04-05 12:10:00,花溪,8、依法应负全责的其他情形,负全部责任,不负责任,1,云A476JD,白色,1,贵A94L71,白色,自培,十一培,2005/12/20 0:00,1992/8/9 0:00,捷达牌,沃尔沃牌,364547000000000000 ,364548000000000000 ,197310,196912,12,6,4,周末,非高峰,2015-04-05,2015年4月5日,阴 /阵雨,30℃ / 12℃,南风 ≤3级 /东北风 ≤3级,阴,阵雨,30,12,南风,≤3级,东北风,≤3级,day
2015-04-06 10:00:00, 金华园,7、未按规定让行的 ,负全部责任,不负责任,1,贵AK4758,白,1,贵ASG361,黄,自培,十一培,2000/12/22 0:00,1998/2/19 0:00,迅龙牌,别克牌,364548000000000000 ,357461000000000000 ,197409,197604,10,0,4,工作日,非高峰,2015-04-06,2015年4月6日,阵雨 /阵雨,17℃ / 7℃,东北风 ≤3级 /东北风 ≤3级,阵雨,阵雨,17,7,东北风,≤3级,东北风,≤3级,day
2015-04-06 13:01:00,云岩区,8、依法应负全责的其他情形,负全部责任,不负责任,1,贵AEV712,黑,1,贵A5BR82,黑,自培,十一培,2002/5/9 0:00,1994/5/3 0:00,福克斯牌,东风雪铁龙牌,364547000000000000 ,364548000000000000 ,197203,196309,13,0,4,工作日,非高峰,2015-04-06,2015年4月6日,阵雨 /阵雨,17℃ / 7℃,东北风 ≤3级 /东北风 ≤3级,阵雨,阵雨,17,7,东北风,≤3级,东北风,≤3级,day
2015-04-06 12:10:00,三桥,1、追尾的,负全部责任,不负责任,1,贵CHA034,银,1,贵AU5145,绿,自培,十一培,2008/11/26 0:00,1991/6/26 0:00,豪爵牌,捷达牌,366577000000000000 ,364548000000000000 ,197304,196312,12,0,4,工作日,非高峰,2015-04-06,2015年4月6日,阵雨 /阵雨,17℃ / 7℃,东北风 ≤3级 /东北风 ≤3级,阵雨,阵雨,17,7,东北风,≤3级,东北风,≤3级,day
2015-04-06 16:00:00,甲秀南路,1、追尾的,负全部责任,不负责任,1,贵A7686K,白色,1,贵A3Z914,白色,自培,十一培,2004/4/2 0:00,1997/4/8 0:00,解放牌,梅赛德斯-奔驰,366067000000000000 ,554549000000000000 ,197201,196802,16,0,4,工作日,非高峰,2015-04-06,2015年4月6日,阵雨 /阵雨,17℃ / 7℃,东北风 ≤3级 /东北风 ≤3级,阵雨,阵雨,17,7,东北风,≤3级,东北风,≤3级,day
2015-04-06 22:10:00,麻冲路,2、逆行的,负全部责任,不负责任,1,贵AU7132,绿,1,贵A82N75,黑,自培,十一培,2004/3/30 0:00,1996/7/10 0:00,宝来牌,雪佛兰牌,364547000000000000 ,36454651825641745X,197503,197612,22,0,4,工作日,非高峰,2015-04-06,2015年4月6日,阵雨 /阵雨,17℃ / 7℃,东北风 ≤3级 /东北风 ≤3级,阵雨,阵雨,17,7,东北风,≤3级,东北风,≤3级,night
2015-04-06 22:30:00,花果园,7、未按规定让行的 ,负全部责任,不负责任,1,贵ADA131,蓝,1,贵AG6191,白,自培,十一培,2005/9/12 0:00,1996/12/9 0:00,吉利美日牌,奔野牌,36454651844756605X,364548000000000000 ,197003,196307,22,0,4,工作日,非高峰,2015-04-06,2015年4月6日,阵雨 /阵雨,17℃ / 7℃,东北风 ≤3级 /东北风 ≤3级,阵雨,阵雨,17,7,东北风,≤3级,东北风,≤3级,night
2015-04-07 09:00:00,星云家电城,1、追尾的,负全部责任,不负责任,1,贵AU6654,绿,1,贵HPW902,白,自培,十一培,2004/9/27 0:00,1998/5/20 0:00,轰轰烈牌,-1,366347000000000000 ,364547000000000000 ,198003,197612,9,1,4,工作日,早高峰(7-9点),2015-04-07,2015年4月7日,小雨 /小雨,9℃ / 5℃,东北风 ≤3级 /东北风 ≤3级,小雨,小雨,9,5,东北风,≤3级,东北风,≤3级,day
2015-04-07 14:20:00,新添大道,1、追尾的,负全部责任,不负责任,1,贵AU2472,红,1,贵AU1957,蓝,自培,十一培,2009/5/14 0:00,1994/5/10 0:00,金龙牌,钱江牌,366064000000000000 ,364547000000000000 ,198212,197008,14,1,4,工作日,非高峰,2015-04-07,2015年4月7日,小雨 /小雨,9℃ / 5℃,东北风 ≤3级 /东北风 ≤3级,小雨,小雨,9,5,东北风,≤3级,东北风,≤3级,day
2015-04-07 20:30:00,花香村,7、未按规定让行的 ,负全部责任,不负责任,1,贵JBT781,白色,1,贵AU7290,白色,自培,十一培,2002/11/22 0:00,1995/3/7 0:00,长安牌,恒通客车牌,74367500000000000 ,364547000000000000 ,197911,197204,20,1,4,工作日,非高峰,2015-04-07,2015年4月7日,小雨 /小雨,9℃ / 5℃,东北风 ≤3级 /东北风 ≤3级,小雨,小雨,9,5,东北风,≤3级,东北风,≤3级,night
2015-04-08 08:30:00,白云区,1、追尾的,负全部责任,不负责任,1,贵A4677J,银,1,贵AM9166,白,自培,十一培,2002/12/6 0:00,1994/11/6 0:00,朗逸牌,海马牌,364557000000000000 ,364558000000000000 ,197003,195604,8,2,4,工作日,早高峰(7-9点),2015-04-08,2015年4月8日,小雨 /小雨,10℃ / 6℃,东北风 ≤3级 /东北风 ≤3级,小雨,小雨,10,6,东北风,≤3级,东北风,≤3级,day
2015-04-08 19:00:00,二戈寨,7、未按规定让行的 ,负全部责任,不负责任,1,贵EAC333,白色,1,贵A45N29,白色,自培,十一培,2014/1/13 0:00,1997/5/11 0:00,大运牌,东风日产牌,366064000000000000 ,366862000000000000 ,199411,196212,19,2,4,工作日,晚高峰(17-19点),2015-04-08,2015年4月8日,小雨 /小雨,10℃ / 6℃,东北风 ≤3级 /东北风 ≤3级,小雨,小雨,10,6,东北风,≤3级,东北风,≤3级,day
2015-04-10 15:30:00,北京西路,1、追尾的,负全部责任,不负责任,1,闽C3844,黑,1,贵A64S38,黑,自培,十一培,2003/5/27 0:00,1999/8/25 0:00,\N,梅赛德斯-奔驰,366061000000000000 ,366347000000000000 ,197612,198112,15,4,4,工作日,非高峰,2015-04-10,2015年4月10日,小雨 /小雨,12℃ / 8℃,东北风 ≤3级 /东北风 ≤3级,小雨,小雨,12,8,东北风,≤3级,东北风,≤3级,day
2015-04-10 20:10:00,小河转盘,7、未按规定让行的 ,负全部责任,不负责任,1,贵GV3185,白色,1,贵AF8852,白色,自培,十一培,2005/10/18 0:00,1999/3/2 0:00,宝马,红旗,355468000000000000 ,364548000000000000 ,197310,196106,20,4,4,工作日,非高峰,2015-04-10,2015年4月10日,小雨 /小雨,12℃ / 8℃,东北风 ≤3级 /东北风 ≤3级,小雨,小雨,12,8,东北风,≤3级,东北风,≤3级,night
2015-04-11 18:00:00,中华北路,7、未按规定让行的 ,负全部责任,不负责任,1,贵ASJ249,白色,1,贵AU7242,白色,自培,十一培,2009/8/24 0:00,1996/9/12 0:00,比亚迪牌,豪爵牌,344669000000000000 ,364547000000000000 ,198710,197508,18,5,4,工作日,晚高峰(17-19点),2015-04-11,2015年4月11日,多云 /多云,15℃ / 9℃,东北风 ≤3级 /东风 ≤3级,多云,多云,15,9,东北风,≤3级,东风,≤3级,day
2015-04-12 06:20:00,新添寨,1、追尾的,负全部责任,不负责任,1,贵A93S72,银,1,贵A9857X,黑,自培,十一培,2007/2/13 0:00,1999/12/14 0:00,别克牌,夏利牌,366067000000000000 ,364548000000000000 ,198302,196311,6,6,4,周末,非高峰,2015-04-12,2015年4月12日,晴 /多云,21℃ / 7℃,东风 ≤3级 /东风 ≤3级,晴,多云,21,7,东风,≤3级,东风,≤3级,day
2015-04-11 22:05:00,北京西路,7、未按规定让行的 ,负全部责任,不负责任,1,贵GT1025,白色,1,贵AR1726,白色,自培,十一培,2004/3/3 0:00,1999/12/27 0:00,大众牌,双庆牌,366347000000000000 ,36454751954253045X,198301,198106,22,5,4,工作日,非高峰,2015-04-11,2015年4月11日,多云 /多云,15℃ / 9℃,东北风 ≤3级 /东风 ≤3级,多云,多云,15,9,东北风,≤3级,东风,≤3级,night
2015-04-12 15:21:00,南浦路,1、追尾的,负全部责任,不负责任,1,贵AR3555,白色,1,贵ASS569,白色,自培,十一培,2003/2/22 0:00,1989/8/7 0:00,金洪牌,森林人,364547000000000000 ,364548000000000000 ,197008,196812,15,6,4,周末,非高峰,2015-04-12,2015年4月12日,晴 /多云,21℃ / 7℃,东风 ≤3级 /东风 ≤3级,晴,多云,21,7,东风,≤3级,东风,≤3级,day
2015-04-12 16:40:00,富源路,7、未按规定让行的 ,负全部责任,不负责任,1,贵AF1941,白色,1,贵ANT844,白色,自培,十一培,2004/4/25 0:00,1999/7/23 0:00,吉利牌,北京现代牌,364547000000000000 ,364547000000000000 ,196407,197112,16,6,4,周末,非高峰,2015-04-12,2015年4月12日,晴 /多云,21℃ / 7℃,东风 ≤3级 /东风 ≤3级,晴,多云,21,7,东风,≤3级,东风,≤3级,day
2015-04-13 10:30:00,宝山北路,8、依法应负全责的其他情形,负全部责任,不负责任,1,贵A17F36,白色,1,贵AV6507,白色,自培,十一培,2000/9/8 0:00,1994/3/8 0:00,明锐牌,新阳光牌,357467000000000000 ,364547000000000000 ,198201,196504,10,0,4,工作日,非高峰,2015-04-13,2015年4月13日,晴 /多云,23℃ / 8℃,东北风 ≤3级 /东北风 ≤3级,晴,多云,23,8,东北风,≤3级,东北风,≤3级,day
2015-04-13 11:00:00,花溪大道,7、未按规定让行的 ,负全部责任,不负责任,1,贵AM3163,白色,1,贵ACA802,白色,自培,十一培,2004/5/9 0:00,1995/9/4 0:00,银翔牌,五菱牌,364548000000000000 ,364558000000000000 ,194509,196807,11,0,4,工作日,非高峰,2015-04-13,2015年4月13日,晴 /多云,23℃ / 8℃,东北风 ≤3级 /东北风 ≤3级,晴,多云,23,8,东北风,≤3级,东北风,≤3级,day
2015-04-13 16:20:00,金清大道,1、追尾的,负全部责任,不负责任,1,云AC8928,白,1,贵A96866,白,自培,十一培,2002/8/25 0:00,1999/5/31 0:00,天马牌,海格牌,5846520000000000 ,366347000000000000 ,198408,197010,16,0,4,工作日,非高峰,2015-04-13,2015年4月13日,晴 /多云,23℃ / 8℃,东北风 ≤3级 /东北风 ≤3级,晴,多云,23,8,东北风,≤3级,东北风,≤3级,day
2015-04-13 19:25:00,都司路,9、不符合前8款规定或者双方同时具有上述情形的,负同等责任,负同等责任,1,贵AHP743,黑,1,贵AU8658,绿,自培,十一培,2004/10/19 0:00,1991/6/9 0:00,中华牌,瑞麒牌,364547000000000000 ,364548000000000000 ,196803,196509,19,0,4,工作日,晚高峰(17-19点),2015-04-13,2015年4月13日,晴 /多云,23℃ / 8℃,东北风 ≤3级 /东北风 ≤3级,晴,多云,23,8,东北风,≤3级,东北风,≤3级,day
2015-04-14 09:24:00,明珠大道,7、未按规定让行的 ,负全部责任,不负责任,1,贵AX5168,白色,1,贵A81960,白色,自培,十一培,2004/7/20 0:00,1992/8/7 0:00,雪佛兰牌,豪泺牌,364556000000000000 ,364556000000000000 ,197811,197110,9,1,4,工作日,早高峰(7-9点),2015-04-14,2015年4月14日,晴 /多云,22℃ / 9℃,东风 ≤3级 /东风 ≤3级,晴,多云,22,9,东风,≤3级,东风,≤3级,day
2015-04-14 12:55:00,观水路,7、未按规定让行的 ,负全部责任,不负责任,1,贵A71L59,白,0,贵AU6207,蓝,自培,十一培,2004/8/23 0:00,1995/3/22 0:00,宝马牌,黄海牌,666048000000000000 ,364548000000000000 ,198512,197108,12,1,4,工作日,非高峰,2015-04-14,2015年4月14日,晴 /多云,22℃ / 9℃,东风 ≤3级 /东风 ≤3级,晴,多云,22,9,东风,≤3级,东风,≤3级,day
2015-04-14 12:00:00,嘉润路,1、追尾的,负全部责任,不负责任,1,贵ATB359,白色,1,贵A589C1,白色,自培,十一培,2004/8/25 0:00,1999/9/28 0:00,传祺牌,长安牌,366367000000000000 ,366347000000000000 ,196903,197702,12,1,4,工作日,非高峰,2015-04-14,2015年4月14日,晴 /多云,22℃ / 9℃,东风 ≤3级 /东风 ≤3级,晴,多云,22,9,东风,≤3级,东风,≤3级,day
2015-04-14 16:50:00,中华北路,7、未按规定让行的 ,负全部责任,不负责任,1,贵A66G61,银,1,贵FS3632,白,自培,十一培,2012/11/9 0:00,1996/3/1 0:00,松花江,长安牌,36455651145649557X,364548000000000000 ,199012,197007,16,1,4,工作日,非高峰,2015-04-14,2015年4月14日,晴 /多云,22℃ / 9℃,东风 ≤3级 /东风 ≤3级,晴,多云,22,9,东风,≤3级,东风,≤3级,day
2015-04-14 16:30:00,太慈桥,7、未按规定让行的 ,负全部责任,不负责任,1,川RZ5146,白色,1,贵AC7170,白色,自培,十一培,2012/4/23 0:00,1997/11/27 0:00,福田牌,嘉陵牌,356166000000000000 ,364556000000000000 ,196504,197308,16,1,4,工作日,非高峰,2015-04-14,2015年4月14日,晴 /多云,22℃ / 9℃,东风 ≤3级 /东风 ≤3级,晴,多云,22,9,东风,≤3级,东风,≤3级,day
2015-04-14 18:17:00,喷水池,7、未按规定让行的 ,负全部责任,不负责任,1,贵ATA663,银,1,贵AU3439,蓝,自培,十一培,2006/12/21 0:00,1996/1/3 0:00,比亚迪牌,大力神牌,366367000000000000 ,364548000000000000 ,198007,197801,18,1,4,工作日,晚高峰(17-19点),2015-04-14,2015年4月14日,晴 /多云,22℃ / 9℃,东风 ≤3级 /东风 ≤3级,晴,多云,22,9,东风,≤3级,东风,≤3级,day
2015-04-15 08:35:00,云峰大道,8、依法应负全责的其他情形,负全部责任,不负责任,1,贵AHZ901,黑,1,贵A89590,白,自培,十一培,2002/9/10 0:00,1981/1/21 0:00,英伦牌,长安,364558000000000000 ,364558000000000000 ,198006,196003,8,2,4,工作日,早高峰(7-9点),2015-04-15,2015年4月15日,多云 /多云,24℃ / 16℃,东南风 ≤3级 /南风 ≤3级,多云,多云,24,16,东南风,≤3级,南风,≤3级,day
2015-04-15 09:20:00,北二环,1、追尾的,负全部责任,不负责任,1,贵A2567W,银,0,贵A69M17,黑,自培,十一培,2006/8/31 0:00,1995/9/17 0:00,长安,起亚牌,366367000000000000 ,364547000000000000 ,197802,196211,9,2,4,工作日,早高峰(7-9点),2015-04-15,2015年4月15日,多云 /多云,24℃ / 16℃,东南风 ≤3级 /南风 ≤3级,多云,多云,24,16,东南风,≤3级,南风,≤3级,day
2015-04-15 09:20:00,西二环,1、追尾的,负全部责任,不负责任,1,贵AMN655,白色,1,贵A19805,白色,自培,十一培,2002/11/9 0:00,1981/7/22 0:00,长安牌,广州雅阁,35616551844948247X,36634551254349645X,197008,196105,9,2,4,工作日,早高峰(7-9点),2015-04-15,2015年4月15日,多云 /多云,24℃ / 16℃,东南风 ≤3级 /南风 ≤3级,多云,多云,24,16,东南风,≤3级,南风,≤3级,day
2015-04-15 10:40:00,第二人民医院,1、追尾的,负全部责任,不负责任,1,川J59A41,白,1,贵JM3421,黑,自培,十一培,2015/1/26 0:00,1995/6/24 0:00,北京现代牌,丰田牌,354166000000000000 ,366064000000000000 ,197802,197612,10,2,4,工作日,非高峰,2015-04-15,2015年4月15日,多云 /多云,24℃ / 16℃,东南风 ≤3级 /南风 ≤3级,多云,多云,24,16,东南风,≤3级,南风,≤3级,day
2015-04-16 00:00:00,花果园,7、未按规定让行的 ,负全部责任,不负责任,1,贵A96B55,白色,1,贵AKL163,白色,自培,十一培,2004/8/16 0:00,1990/11/10 0:00,大众汽车牌,长安牌,36454651855465067X,364547000000000000 ,197110,196103,0,3,4,工作日,非高峰,2015-04-16,2015年4月16日,多云 /多云,29℃ / 17℃,南风 ≤3级 /南风 ≤3级,多云,多云,29,17,南风,≤3级,南风,≤3级,night
2015-04-16 09:00:00,北京路,7、未按规定让行的 ,负全部责任,不负责任,1,贵A99C62,银,1,贵A12N58,红,自培,十一培,2001/12/4 0:00,1995/5/31 0:00,波罗牌,东风标致牌,366567000000000000 ,364548000000000000 ,196804,196111,9,3,4,工作日,早高峰(7-9点),2015-04-16,2015年4月16日,多云 /多云,29℃ / 17℃,南风 ≤3级 /南风 ≤3级,多云,多云,29,17,南风,≤3级,南风,≤3级,day
2015-04-16 08:36:00,艘思高架桥,1、追尾的,负全部责任,不负责任,1,贵ANJ663,白,0,贵ADB576,蓝,自培,十一培,2014/2/12 0:00,1992/4/10 0:00,帕萨特牌,长安牌,366067000000000000 ,364548000000000000 ,198211,196206,8,3,4,工作日,早高峰(7-9点),2015-04-16,2015年4月16日,多云 /多云,29℃ / 17℃,南风 ≤3级 /南风 ≤3级,多云,多云,29,17,南风,≤3级,南风,≤3级,day
2015-04-16 08:36:00,都司路,1、追尾的,负全部责任,不负责任,1,贵AVJ663,白,1,贵A44682,红,自培,十一培,2014/2/12 0:00,1995/2/12 0:00,东风雪铁龙牌,方园,366067000000000000 ,364556000000000000 ,198211,196104,8,3,4,工作日,早高峰(7-9点),2015-04-16,2015年4月16日,多云 /多云,29℃ / 17℃,南风 ≤3级 /南风 ≤3级,多云,多云,29,17,南风,≤3级,南风,≤3级,day
2015-04-16 08:30:00,头桥,7、未按规定让行的 ,负全部责任,不负责任,1,贵ASE179,银,1,贵A77W86,白,自培,十一培,2002/10/25 0:00,1997/7/24 0:00,吉利牌,飞度,366546000000000000 ,364558000000000000 ,195505,197508,8,3,4,工作日,早高峰(7-9点),2015-04-16,2015年4月16日,多云 /多云,29℃ / 17℃,南风 ≤3级 /南风 ≤3级,多云,多云,29,17,南风,≤3级,南风,≤3级,day
2015-04-16 09:30:00,金珠西路,1、追尾的,负全部责任,不负责任,1,贵AW4427,黑,1,贵ASX499,黑,自培,十一培,2009/2/2 0:00,1997/12/9 0:00,轩逸牌,宝来牌,36774500000000000 ,364556000000000000 ,198109,197501,9,3,4,工作日,早高峰(7-9点),2015-04-16,2015年4月16日,多云 /多云,29℃ / 17℃,南风 ≤3级 /南风 ≤3级,多云,多云,29,17,南风,≤3级,南风,≤3级,day
2015-04-16 11:00:00,沙冲路,1、追尾的,负全部责任,不负责任,1,贵A5507V,白色,1,贵AA8891,白色,自培,十一培,2003/6/23 0:00,1995/7/23 0:00,北京现代牌,帕萨特,366068000000000000 ,354664000000000000 ,196009,195601,11,3,4,工作日,非高峰,2015-04-16,2015年4月16日,多云 /多云,29℃ / 17℃,南风 ≤3级 /南风 ≤3级,多云,多云,29,17,南风,≤3级,南风,≤3级,day
2015-04-16 09:40:00,大南门,7、未按规定让行的 ,负全部责任,不负责任,1,贵A14P57,白色,1,贵ANK535,白色,自培,十一培,2008/1/17 0:00,1998/10/12 0:00,宝马牌,朗逸牌,366367000000000000 ,364548000000000000 ,198009,198002,9,3,4,工作日,早高峰(7-9点),2015-04-16,2015年4月16日,多云 /多云,29℃ / 17℃,南风 ≤3级 /南风 ≤3级,多云,多云,29,17,南风,≤3级,南风,≤3级,day
2015-04-16 12:15:00,白云区,7、未按规定让行的 ,负同等责任,负同等责任,1,贵A93356,红,1,贵AGJ654,红,自培,十一培,2000/11/1 0:00,1996/11/15 0:00,南方,长安牌,36455751875546605X,364557000000000000 ,197311,197604,12,3,4,工作日,非高峰,2015-04-16,2015年4月16日,多云 /多云,29℃ / 17℃,南风 ≤3级 /南风 ≤3级,多云,多云,29,17,南风,≤3级,南风,≤3级,day
2015-04-16 16:50:00,遵义路,1、追尾的,负全部责任,不负责任,1,贵A61B66,黑,1,贵A15M78,黑,自培,十一培,2002/3/6 0:00,1996/5/9 0:00,东风日产牌,马自达牌,364548000000000000 ,364548000000000000 ,197711,196304,16,3,4,工作日,非高峰,2015-04-16,2015年4月16日,多云 /多云,29℃ / 17℃,南风 ≤3级 /南风 ≤3级,多云,多云,29,17,南风,≤3级,南风,≤3级,day
2015-04-17 12:10:00,中坝,1、追尾的,负全部责任,不负责任,1,贵AS0499,黑,1,贵A0BL22,黑,自培,十一培,2006/3/23 0:00,1989/10/30 0:00,国威牌,斯柯达牌,364548000000000000 ,364547000000000000 ,196309,196512,12,4,4,工作日,非高峰,2015-04-17,2015年4月17日,多云 /多云,28℃ / 19℃,南风 ≤3级 /南风 ≤3级,多云,多云,28,19,南风,≤3级,南风,≤3级,day
2015-04-17 17:40:00,北京西路,1、追尾的,负全部责任,不负责任,1,贵A41A48,银,1,贵AG5308,银,自培,十一培,2003/8/20 0:00,1988/6/24 0:00,大众牌,奥迪牌,355796000000000000 ,366364000000000000 ,197906,196307,17,4,4,工作日,晚高峰(17-19点),2015-04-17,2015年4月17日,多云 /多云,28℃ / 19℃,南风 ≤3级 /南风 ≤3级,多云,多云,28,19,南风,≤3级,南风,≤3级,day
2015-04-17 17:30:00,解放路,7、未按规定让行的 ,负全部责任,不负责任,1,苏JAA953,黑,1,贵A5AE41,白,自培,十一培,2004/7/22 0:00,1996/11/11 0:00,桑塔纳,翼虎牌,76415551234565427X,364547000000000000 ,196501,197402,17,4,4,工作日,晚高峰(17-19点),2015-04-17,2015年4月17日,多云 /多云,28℃ / 19℃,南风 ≤3级 /南风 ≤3级,多云,多云,28,19,南风,≤3级,南风,≤3级,day
2015-04-17 18:25:00,观山东路,7、未按规定让行的 ,负全部责任,不负责任,1,鄂F64296,白,1,贵ARV025,银,自培,十一培,2006/3/21 0:00,1995/8/30 0:00,五十铃牌,夏利牌,36606351824250425X,366067000000000000 ,197606,197411,18,4,4,工作日,晚高峰(17-19点),2015-04-17,2015年4月17日,多云 /多云,28℃ / 19℃,南风 ≤3级 /南风 ≤3级,多云,多云,28,19,南风,≤3级,南风,≤3级,day
2015-04-17 19:30:00,瑞金北路,1、追尾的,负全部责任,不负责任,1,贵A02729,白色,1,贵A75F87,白色,自培,十一培,2002/6/11 0:00,1993/12/7 0:00,柳特神力牌,丰田牌,36687451805545665X,364547000000000000 ,197411,197106,19,4,4,工作日,晚高峰(17-19点),2015-04-17,2015年4月17日,多云 /多云,28℃ / 19℃,南风 ≤3级 /南风 ≤3级,多云,多云,28,19,南风,≤3级,南风,≤3级,day
2015-04-17 21:10:00,世纪城,7、未按规定让行的 ,负全部责任,不负责任,1,湘C6Y688,白,1,贵A27716,红,自培,十一培,2012/5/21 0:00,1997/10/29 0:00,无,豪泺牌,74366500000000000 ,364556000000000000 ,198908,197607,21,4,4,工作日,非高峰,2015-04-17,2015年4月17日,多云 /多云,28℃ / 19℃,南风 ≤3级 /南风 ≤3级,多云,多云,28,19,南风,≤3级,南风,≤3级,night
2015-04-18 04:50:00,清水江路,1、追尾的,负全部责任,不负责任,1,贵AU9253,绿色,1,贵A79K26,白色,自培,十一培,2008/5/14 0:00,1997/7/11 0:00,嘉隆牌,起亚牌,366566000000000000 ,366362000000000000 ,198508,197502,4,5,4,工作日,非高峰,2015-04-18,2015年4月18日,多云 /雷阵雨,29℃ / 16℃,南风 ≤3级 /南风 ≤3级,多云,雷阵雨,29,16,南风,≤3级,南风,≤3级,night
2015-04-18 10:30:00,小河,1、追尾的,负全部责任,不负责任,1,贵A87078,白色,1,贵AJU678,白色,自培,十一培,2002/7/2 0:00,1998/8/4 0:00,解放牌,奥迪牌,366368000000000000 ,364547000000000000 ,198103,197709,10,5,4,工作日,非高峰,2015-04-18,2015年4月18日,多云 /雷阵雨,29℃ / 16℃,南风 ≤3级 /南风 ≤3级,多云,雷阵雨,29,16,南风,≤3级,南风,≤3级,day
2015-04-18 16:40:00,金阳客车站,9、不符合前8款规定或者双方同时具有上述情形的,负全部责任,不负责任,1,贵CB5105,红,1,贵A73678,白,自培,十一培,2004/6/30 0:00,1993/3/30 0:00,时风牌,长安,366567000000000000 ,366367000000000000 ,198112,196708,16,5,4,工作日,非高峰,2015-04-18,2015年4月18日,多云 /雷阵雨,29℃ / 16℃,南风 ≤3级 /南风 ≤3级,多云,雷阵雨,29,16,南风,≤3级,南风,≤3级,day