accidenttime,accidentaddr,driver1fault,driver1responsibility,driver2responsibility,sex1,platenumber1,carcolor1,sex2,platenumber2,carcolor2,jxmc1,jxmc2,cclzrq1,cclzrq2,clpp1,clpp2,driver1license,driver2license,brith1,brith2,hour,weekday,month,is_weekday,peak_hour,date,日期,天气状况,气温,风力风向,day_wea,night_wea,day_tep,night_tep,day_wind_direction,day_wind_speed,night_wind_direction,night_wind_speed,segment
2015-04-19 09:35:00,花果园,1、追尾的,负全部责任,不负责任,1,粤CJK733,白色,1,贵AD61P7,白色,自培,十一培,2000/6/16 0:00,1991/5/27 0:00,思威牌,-1,726061000000000000 ,364548000000000000 ,196511,195708,9,6,4,周末,早高峰(7-9点),2015-04-19,2015年4月19日,阵雨 /阵雨,22℃ / 13℃,东北风 ≤3级 /东北风 ≤3级,阵雨,阵雨,22,13,东北风,≤3级,东北风,≤3级,day
2015-04-19 11:30:00,喷水池,7、未按规定让行的 ,负全部责任,不负责任,1,贵AK3308,白,1,贵AEV248,白,自培,十一培,2004/8/21 0:00,1997/4/4 0:00,大众汽车牌,丰田牌,366864000000000000 ,364548000000000000 ,196308,197707,11,6,4,周末,非高峰,2015-04-19,2015年4月19日,阵雨 /阵雨,22℃ / 13℃,东北风 ≤3级 /东北风 ≤3级,阵雨,阵雨,22,13,东北风,≤3级,东北风,≤3级,day
2015-04-19 16:22:00,省农科院,7、未按规定让行的 ,负全部责任,不负责任,1,贵CNH133,白色,1,贵AU7135,白色,自培,十一培,2000/8/5 0:00,1996/3/1 0:00,东风标致牌,万达牌,364556000000000000 ,364556000000000000 ,197208,197505,16,6,4,周末,非高峰,2015-04-19,2015年4月19日,阵雨 /阵雨,22℃ / 13℃,东北风 ≤3级 /东北风 ≤3级,阵雨,阵雨,22,13,东北风,≤3级,东北风,≤3级,day
2015-04-19 17:55:00,亨特,2、逆行的,负全部责任,不负责任,0,贵AFH338,银,1,贵AAW364,银,自培,十一培,2002/9/27 0:00,1996/9/30 0:00,东风雪铁龙牌,中华牌,364547000000000000 ,364548000000000000 ,198010,197410,17,6,4,周末,晚高峰(17-19点),2015-04-19,2015年4月19日,阵雨 /阵雨,22℃ / 13℃,东北风 ≤3级 /东北风 ≤3级,阵雨,阵雨,22,13,东北风,≤3级,东北风,≤3级,day
2015-04-20 08:20:00,黔林山隧道,1、追尾的,负全部责任,不负责任,1,贵AHD101,黄,1,贵A57Y83,白,自培,十一培,2002/8/6 0:00,1999/10/12 0:00,荣威牌,丰田牌,366347000000000000 ,364548000000000000 ,197003,196102,8,0,4,工作日,早高峰(7-9点),2015-04-20,2015年4月20日,阴 /阴,20℃ / 11℃,东北风 ≤3级 /东北风 ≤3级,阴,阴,20,11,东北风,≤3级,东北风,≤3级,day
2015-04-20 08:00:00,中华路,7、未按规定让行的 ,负全部责任,不负责任,1,贵A17A57,白,1,贵AU6283,蓝,自培,十一培,2009/6/5 0:00,1989/11/6 0:00,宝马,黄海牌,36634551985467566X,364547000000000000 ,198710,196307,8,0,4,工作日,早高峰(7-9点),2015-04-20,2015年4月20日,阴 /阴,20℃ / 11℃,东北风 ≤3级 /东北风 ≤3级,阴,阴,20,11,东北风,≤3级,东北风,≤3级,day
2015-04-20 09:30:00,瑞北路,1、追尾的,负全部责任,不负责任,1,贵AU4884,绿,1,贵A7549,白,自培,十一培,2004/6/21 0:00,1994/7/28 0:00,蜀都牌,东风雪铁龙牌,364547000000000000 ,364558000000000000 ,197612,197404,9,0,4,工作日,早高峰(7-9点),2015-04-20,2015年4月20日,阴 /阴,20℃ / 11℃,东北风 ≤3级 /东北风 ≤3级,阴,阴,20,11,东北风,≤3级,东北风,≤3级,day
2015-04-20 15:30:00,大营坡,7、未按规定让行的 ,负全部责任,不负责任,1,湘J6D111,黑,1,贵ADB292,黑,自培,十一培,2009/11/16 0:00,1996/9/4 0:00,梅赛德斯-奔驰,比亚迪牌,74847500000000000 ,364547000000000000 ,199010,196305,15,0,4,工作日,非高峰,2015-04-20,2015年4月20日,阴 /阴,20℃ / 11℃,东北风 ≤3级 /东北风 ≤3级,阴,阴,20,11,东北风,≤3级,东北风,≤3级,day
2015-04-20 17:35:00,太慈桥,7、未按规定让行的 ,负全部责任,不负责任,1,贵AU3698,绿色,1,贵A92392,白色,自培,十一培,2003/7/17 0:00,1999/3/17 0:00,豪进牌,时风牌,364547000000000000 ,366347000000000000 ,197001,197202,17,0,4,工作日,晚高峰(17-19点),2015-04-20,2015年4月20日,阴 /阴,20℃ / 11℃,东北风 ≤3级 /东北风 ≤3级,阴,阴,20,11,东北风,≤3级,东北风,≤3级,day
2015-04-21 13:30:00,转弯塘,9、不符合前8款规定或者双方同时具有上述情形的,负同等责任,负同等责任,1,贵AJ8131,白,1,贵A81B39,银,自培,十一培,2001/1/26 0:00,1999/2/9 0:00,金典牌,长安牌,364547000000000000 ,355566000000000000 ,195507,196608,13,1,4,工作日,非高峰,2015-04-21,2015年4月21日,阴 /阵雨,17℃ / 10℃,东北风 ≤3级 /东北风 ≤3级,阴,阵雨,17,10,东北风,≤3级,东北风,≤3级,day
2015-04-22 08:10:00,箭道街,7、未按规定让行的 ,负全部责任,不负责任,1,贵A3AV54,黄,0,贵AJM905,黑,自培,十一培,2003/4/4 0:00,1997/10/20 0:00,福特牌,东风雪铁龙牌,364547000000000000 ,364548000000000000 ,198208,196512,8,2,4,工作日,早高峰(7-9点),2015-04-22,2015年4月22日,小雨 /小雨,15℃ / 10℃,东北风 ≤3级 /东北风 ≤3级,小雨,小雨,15,10,东北风,≤3级,东北风,≤3级,day
2015-04-24 08:00:00,水东路,7、未按规定让行的 ,负全部责任,不负责任,1,苏FHU741,白色,1,贵AAH911,白色,自培,十一培,2012/3/20 0:00,1998/7/7 0:00,东风牌 ,蒙迪欧牌,764263000000000000 ,364548000000000000 ,197301,197808,8,4,4,工作日,早高峰(7-9点),2015-04-24,2015年4月24日,阴 /小雨,16℃ / 11℃,东风 ≤3级 /东风 ≤3级,阴,小雨,16,11,东风,≤3级,东风,≤3级,day
2015-04-24 08:00:00,紫林庵,3、倒车的,负全部责任,不负责任,1,贵AJH128,黑,1,渝BDR822,黑,自培,十一培,2000/11/27 0:00,1992/11/4 0:00,帕萨特牌,凯宴,366570000000000000 ,36454751274753525X,197809,196303,8,4,4,工作日,早高峰(7-9点),2015-04-24,2015年4月24日,阴 /小雨,16℃ / 11℃,东风 ≤3级 /东风 ≤3级,阴,小雨,16,11,东风,≤3级,东风,≤3级,day
2015-04-24 11:30:00,甘荫塘,1、追尾的,负全部责任,不负责任,1,贵AHC852,白色,1,贵A89B78,白色,自培,十一培,2001/4/23 0:00,1997/5/7 0:00,奥迪牌,东风牌,364547000000000000 ,366347000000000000 ,196611,197611,11,4,4,工作日,非高峰,2015-04-24,2015年4月24日,阴 /小雨,16℃ / 11℃,东风 ≤3级 /东风 ≤3级,阴,小雨,16,11,东风,≤3级,东风,≤3级,day
2015-04-24 09:30:00,浙江商城,7、未按规定让行的 ,负全部责任,不负责任,1,贵J27712,蓝,1,贵AU7235,蓝,自培,十一培,2014/6/5 0:00,1993/9/9 0:00,力帆牌,钱江牌,355464000000000000 ,364547000000000000 ,198604,197409,9,4,4,工作日,早高峰(7-9点),2015-04-24,2015年4月24日,阴 /小雨,16℃ / 11℃,东风 ≤3级 /东风 ≤3级,阴,小雨,16,11,东风,≤3级,东风,≤3级,day
2015-04-25 07:50:00,花溪大道,7、未按规定让行的 ,负全部责任,不负责任,1,贵A77F55,白色,1,贵A94N78,白色,自培,十一培,2003/9/30 0:00,1987/12/27 0:00,长安牌,起亚牌,355468000000000000 ,366068000000000000 ,196807,197007,7,5,4,工作日,早高峰(7-9点),2015-04-25,2015年4月25日,阴 /阵雨,20℃ / 11℃,东风 ≤3级 /东南风 ≤3级,阴,阵雨,20,11,东风,≤3级,东南风,≤3级,day
2015-04-24 22:00:00,南草坝,7、未按规定让行的 ,负全部责任,不负责任,1,贵A72W42,白色,1,贵A837E4,白色,自培,十一培,2001/12/12 0:00,1997/8/8 0:00,北京现代牌,解放牌,364547000000000000 ,364557000000000000 ,197206,197608,22,4,4,工作日,非高峰,2015-04-24,2015年4月24日,阴 /小雨,16℃ / 11℃,东风 ≤3级 /东风 ≤3级,阴,小雨,16,11,东风,≤3级,东风,≤3级,night
2015-04-25 09:50:00,瑞金中路,7、未按规定让行的 ,负全部责任,不负责任,1,贵A67N45,白,1,贵AU0409,绿,自培,十一培,2001/1/18 0:00,1999/3/17 0:00,东风标致牌,宝来牌,364547000000000000 ,364548000000000000 ,196706,197407,9,5,4,工作日,早高峰(7-9点),2015-04-25,2015年4月25日,阴 /阵雨,20℃ / 11℃,东风 ≤3级 /东南风 ≤3级,阴,阵雨,20,11,东风,≤3级,东南风,≤3级,day
2015-04-25 13:10:00,小河平桥,7、未按规定让行的 ,负全部责任,不负责任,1,贵APZ483,白色,1,贵A95076,白色,自培,十一培,2006/6/1 0:00,1995/9/6 0:00,帕萨特牌,钱江牌,354367000000000000 ,366347000000000000 ,197306,197501,13,5,4,工作日,非高峰,2015-04-25,2015年4月25日,阴 /阵雨,20℃ / 11℃,东风 ≤3级 /东南风 ≤3级,阴,阵雨,20,11,东风,≤3级,东南风,≤3级,day
2015-04-25 16:50:00,头桥,1、追尾的,负全部责任,不负责任,1,贵CKS064,黄,1,贵A1CB19,白,自培,十一培,2008/7/2 0:00,1987/10/20 0:00,长安牌,雷克萨斯,366577000000000000 ,364548000000000000 ,199005,196904,16,5,4,工作日,非高峰,2015-04-25,2015年4月25日,阴 /阵雨,20℃ / 11℃,东风 ≤3级 /东南风 ≤3级,阴,阵雨,20,11,东风,≤3级,东南风,≤3级,day
2015-04-26 09:30:00,沙河花园,7、未按规定让行的 ,负全部责任,不负责任,1,贵A08409,银,1,贵AJU145,红,自培,十一培,2001/3/20 0:00,1999/4/7 0:00,豪爵牌,长安牌,366068000000000000 ,366368000000000000 ,196910,197101,9,6,4,周末,早高峰(7-9点),2015-04-26,2015年4月26日,阵雨 /阵雨,18℃ / 14℃,东南风 ≤3级 /东北风 ≤3级,阵雨,阵雨,18,14,东南风,≤3级,东北风,≤3级,day
2015-04-26 12:00:00,中华南路,1、追尾的,负全部责任,不负责任,1,贵AU7982,白色,1,贵ALR541,白色,自培,十一培,2003/9/25 0:00,1997/10/6 0:00,海格牌,福田牌,364548000000000000 ,364548000000000000 ,198502,195702,12,6,4,周末,非高峰,2015-04-26,2015年4月26日,阵雨 /阵雨,18℃ / 14℃,东南风 ≤3级 /东北风 ≤3级,阵雨,阵雨,18,14,东南风,≤3级,东北风,≤3级,day
2015-04-27 07:50:00,清水江路,8、依法应负全责的其他情形,负全部责任,不负责任,1,贵A57888,白色,1,贵A29B71,白色,自培,十一培,2003/10/31 0:00,1997/3/10 0:00,珠峰牌,起亚牌,366367000000000000 ,36454651214151605X,197312,196909,7,0,4,工作日,早高峰(7-9点),2015-04-27,2015年4月27日,阴 /雷阵雨,21℃ / 14℃,东南风 ≤3级 /东北风 ≤3级,阴,雷阵雨,21,14,东南风,≤3级,东北风,≤3级,day
2015-04-27 16:40:00,东二环,1、追尾的,负全部责任,不负责任,1,贵A52L31,黑,1,贵ATG048,黑,自培,十一培,2015/10/10 0:00,1994/5/29 0:00,陆地巡洋舰霸道,红旗,364546000000000 ,364547000000000000 ,652510,196607,16,0,4,工作日,非高峰,2015-04-27,2015年4月27日,阴 /雷阵雨,21℃ / 14℃,东南风 ≤3级 /东北风 ≤3级,阴,雷阵雨,21,14,东南风,≤3级,东北风,≤3级,day
2015-04-27 17:30:00,永乐,7、未按规定让行的 ,负全部责任,不负责任,1,贵FZ0992,白色,1,贵AKC898,白色,自培,十一培,2003/12/9 0:00,1996/10/17 0:00,长安牌,索兰托,364557000000000000 ,364548000000000000 ,196901,196605,17,0,4,工作日,晚高峰(17-19点),2015-04-27,2015年4月27日,阴 /雷阵雨,21℃ / 14℃,东南风 ≤3级 /东北风 ≤3级,阴,雷阵雨,21,14,东南风,≤3级,东北风,≤3级,day
2015-04-28 07:30:00,和尚坡,7、未按规定让行的 ,负全部责任,不负责任,1,贵ARR974,白,1,贵AU7850,蓝,自培,十一培,2010/8/18 0:00,1999/4/27 0:00,解放牌,万达牌,366046000000000000 ,364547000000000000 ,197704,196902,7,1,4,工作日,早高峰(7-9点),2015-04-28,2015年4月28日,多云 /多云,25℃ / 15℃,东北风 ≤3级 /东北风 ≤3级,多云,多云,25,15,东北风,≤3级,东北风,≤3级,day
2015-04-28 09:25:00,乌当,7、未按规定让行的 ,负全部责任,不负责任,1,贵AF0436,黑,1,贵AKK454,黑,自培,十一培,2006/11/28 0:00,1995/6/10 0:00,宗申牌,科雷傲,354361000000000000 ,364557000000000000 ,197508,197408,9,1,4,工作日,早高峰(7-9点),2015-04-28,2015年4月28日,多云 /多云,25℃ / 15℃,东北风 ≤3级 /东北风 ≤3级,多云,多云,25,15,东北风,≤3级,东北风,≤3级,day
2015-04-28 10:30:00,野鸭塘,1、追尾的,负全部责任,不负责任,1,贵A87G29,白,1,贵AU6418,绿,自培,十一培,2004/5/27 0:00,1995/9/5 0:00,长城牌,新阳光牌,364548000000000000 ,364558000000000000 ,198211,197104,10,1,4,工作日,非高峰,2015-04-28,2015年4月28日,多云 /多云,25℃ / 15℃,东北风 ≤3级 /东北风 ≤3级,多云,多云,25,15,东北风,≤3级,东北风,≤3级,day
2015-04-28 12:10:00,邮电大楼,1、追尾的,负全部责任,不负责任,1,贵J52289,银,1,贵AU0669,银,自培,十一培,2003/8/18 0:00,1994/1/13 0:00,福克斯(FOCUS)牌,捷达牌,366861000000000000 ,364547000000000000 ,198010,196704,12,1,4,工作日,非高峰,2015-04-28,2015年4月28日,多云 /多云,25℃ / 15℃,东北风 ≤3级 /东北风 ≤3级,多云,多云,25,15,东北风,≤3级,东北风,≤3级,day
2015-04-28 15:10:00,鑫中路,1、追尾的,负全部责任,不负责任,1,贵A9798T,白色,1,贵AT404,白色,自培,十一培,2011/2/28 0:00,1989/12/30 0:00,大众汽车牌,-1,74267500000000000 ,366068000000000000 ,198810,196412,15,1,4,工作日,非高峰,2015-04-28,2015年4月28日,多云 /多云,25℃ / 15℃,东北风 ≤3级 /东北风 ≤3级,多云,多云,25,15,东北风,≤3级,东北风,≤3级,day
2015-04-29 12:00:00,嘉润路,7、未按规定让行的 ,负全部责任,不负责任,1,贵JAR117,白色,1,贵AU4143,白色,自培,十一培,2006/8/17 0:00,1994/3/9 0:00,长安牌,捷达牌,366875000000000000 ,364547000000000000 ,197209,197212,12,2,4,工作日,非高峰,2015-04-29,2015年4月29日,阵雨 /阵雨,26℃ / 16℃,东北风 ≤3级 /东南风 ≤3级,阵雨,阵雨,26,16,东北风,≤3级,东南风,≤3级,day
2015-04-29 12:46:00,文昌北路,8、依法应负全责的其他情形,负全部责任,不负责任,1,贵AKK974,白色,1,贵A9BL09,白色,自培,十一培,2005/1/31 0:00,1997/4/8 0:00,福特牌,福特牌,364547000000000000 ,364556000000000000 ,197706,197002,12,2,4,工作日,非高峰,2015-04-29,2015年4月29日,阵雨 /阵雨,26℃ / 16℃,东北风 ≤3级 /东南风 ≤3级,阵雨,阵雨,26,16,东北风,≤3级,东南风,≤3级,day
2015-04-29 19:00:00,黄河路,7、未按规定让行的 ,负全部责任,不负责任,1,贵A8114T,白色,1,贵A1785B,白色,自培,十一培,2008/10/29 0:00,1994/2/21 0:00,长安牌,哈飞牌,366862000000000000 ,366347000000000000 ,197808,197512,19,2,4,工作日,晚高峰(17-19点),2015-04-29,2015年4月29日,阵雨 /阵雨,26℃ / 16℃,东北风 ≤3级 /东南风 ≤3级,阵雨,阵雨,26,16,东北风,≤3级,东南风,≤3级,day
2015-04-30 17:45:00,后坝,7、未按规定让行的 ,负全部责任,不负责任,1,贵AC2601,白色,1,贵ASM722,白色,自培,十一培,2013/7/22 0:00,1991/12/7 0:00,银翔牌,奥迪牌,364556000000000000 ,364547000000000000 ,198201,196611,17,3,4,工作日,晚高峰(17-19点),2015-04-30,2015年4月30日,阵雨 /阵雨,25℃ / 17℃,东南风 ≤3级 /东南风 ≤3级,阵雨,阵雨,25,17,东南风,≤3级,东南风,≤3级,day
2015-04-30 15:00:00,合群路,3、倒车的,负同等责任,不负责任,1,贵JAB452,白,1,贵AU7061,蓝,自培,十一培,2007/5/24 0:00,1996/1/20 0:00,福克斯牌,金龙牌,655797000000000000 ,364548000000000000 ,198508,196503,15,3,4,工作日,非高峰,2015-04-30,2015年4月30日,阵雨 /阵雨,25℃ / 17℃,东南风 ≤3级 /东南风 ≤3级,阵雨,阵雨,25,17,东南风,≤3级,东南风,≤3级,day
2015-04-30 16:30:00,花溪学士路,7、未按规定让行的 ,负全部责任,不负责任,1,贵A1965G,白色,1,贵A3614S,白色,自培,十一培,2003/6/30 0:00,1990/10/11 0:00,斯柯达牌,大众汽车牌,364556000000000000 ,364556000000000000 ,197907,196606,16,3,4,工作日,非高峰,2015-04-30,2015年4月30日,阵雨 /阵雨,25℃ / 17℃,东南风 ≤3级 /东南风 ≤3级,阵雨,阵雨,25,17,东南风,≤3级,东南风,≤3级,day
2015-04-30 18:15:00,解放路,1、追尾的,负全部责任,不负责任,1,贵A08858,白色,1,贵A96M72,白色,自培,十一培,2004/9/24 0:00,1990/4/10 0:00,空,雪佛兰牌,355468000000000000 ,364548000000000000 ,197005,196505,18,3,4,工作日,晚高峰(17-19点),2015-04-30,2015年4月30日,阵雨 /阵雨,25℃ / 17℃,东南风 ≤3级 /东南风 ≤3级,阵雨,阵雨,25,17,东南风,≤3级,东南风,≤3级,day
2015-05-01 11:00:00,轮胎厂,1、追尾的,负全部责任,不负责任,1,粤YHX577,黄,1,贵AU6392,蓝,自培,十一培,2009/8/10 0:00,1998/4/1 0:00,-1,大江牌,61442500000000000 ,364558000000000000 ,196911,197706,11,4,5,工作日,非高峰,2015-05-01,2015年5月1日,阵雨 /多云,25℃ / 14℃,东南风 ≤3级 /东北风 ≤3级,阵雨,多云,25,14,东南风,≤3级,东北风,≤3级,day
2015-05-01 09:50:00,金竹加油站,1、追尾的,负全部责任,不负责任,1,渝C41N98,白色,1,贵JBP845,白色,自培,十一培,2012/3/21 0:00,1998/12/3 0:00,-1,-1,344668000000000000 ,366576000000000000 ,198809,197009,9,4,5,工作日,早高峰(7-9点),2015-05-01,2015年5月1日,阵雨 /多云,25℃ / 14℃,东南风 ≤3级 /东北风 ≤3级,阵雨,多云,25,14,东南风,≤3级,东北风,≤3级,day
2015-05-01 11:50:00,景云山,7、未按规定让行的 ,负全部责任,不负责任,1,贵AV3986,黑,1,贵AV5194,红,自培,十一培,2004/2/16 0:00,1990/5/20 0:00,豪爵牌,比亚迪牌,364557000000000000 ,364548000000000000 ,197410,196804,11,4,5,工作日,非高峰,2015-05-01,2015年5月1日,阵雨 /多云,25℃ / 14℃,东南风 ≤3级 /东北风 ≤3级,阵雨,多云,25,14,东南风,≤3级,东北风,≤3级,day
2015-05-01 12:00:00,花溪,7、未按规定让行的 ,负全部责任,不负责任,1,贵A24842,白色,1,贵AB172C,白色,自培,十一培,2004/3/25 0:00,1998/8/14 0:00,万达牌,雪佛兰牌,364556000000000000 ,364556000000000000 ,197706,196511,12,4,5,工作日,非高峰,2015-05-01,2015年5月1日,阵雨 /多云,25℃ / 14℃,东南风 ≤3级 /东北风 ≤3级,阵雨,多云,25,14,东南风,≤3级,东北风,≤3级,day
2015-05-01 12:00:00,瑞金南路,1、追尾的,负全部责任,不负责任,1,贵ALZ658,黑,1,贵A64C92,白,自培,十一培,2004/9/6 0:00,1996/10/30 0:00,吉利美日牌,丰田牌,364548000000000000 ,364548000000000000 ,196502,197702,12,4,5,工作日,非高峰,2015-05-01,2015年5月1日,阵雨 /多云,25℃ / 14℃,东南风 ≤3级 /东北风 ≤3级,阵雨,多云,25,14,东南风,≤3级,东北风,≤3级,day
2015-05-02 21:30:00,遵义路,7、未按规定让行的 ,负全部责任,不负责任,1,苏A1778V,白色,1,贵A88R24,白色,自培,十一培,2010/4/7 0:00,1998/4/23 0:00,-1,奥迪牌,57462900000000 ,364547000000000000 ,890404,197603,21,5,5,工作日,非高峰,2015-05-02,2015年5月2日,多云 /阵雨,26℃ / 16℃,东北风 ≤3级 /东风 ≤3级,多云,阵雨,26,16,东北风,≤3级,东风,≤3级,night
2015-05-02 18:00:00,浦江路,8、依法应负全责的其他情形,负全部责任,不负责任,1,贵A1BG86,白色,1,贵A98S53,白色,自培,十一培,2004/5/30 0:00,1997/11/17 0:00,长城牌,宝马,354697000000000000 ,364551000000000000 ,198110,197506,18,5,5,工作日,晚高峰(17-19点),2015-05-02,2015年5月2日,多云 /阵雨,26℃ / 16℃,东北风 ≤3级 /东风 ≤3级,多云,阵雨,26,16,东北风,≤3级,东风,≤3级,day
2015-05-02 18:45:00,北京西路,1、追尾的,负全部责任,不负责任,1,贵A68R65,黑,1,贵AU0709,蓝,自培,十一培,2003/8/7 0:00,1994/7/6 0:00,马自达牌,劲锋牌,364548000000000000 ,364548000000000000 ,198502,197010,18,5,5,工作日,晚高峰(17-19点),2015-05-02,2015年5月2日,多云 /阵雨,26℃ / 16℃,东北风 ≤3级 /东风 ≤3级,多云,阵雨,26,16,东北风,≤3级,东风,≤3级,day
2015-05-03 08:10:00,宝山北路,1、追尾的,负全部责任,不负责任,1,贵CA6866,红,1,贵AU0687,黑,自培,十一培,2004/7/7 0:00,1999/3/11 0:00,-1,隆鑫牌,366566000000000000 ,364547000000000000 ,195910,197003,8,6,5,周末,早高峰(7-9点),2015-05-03,2015年5月3日,阵雨 /阵雨,25℃ / 15℃,东北风 ≤3级 /东北风 ≤3级,阵雨,阵雨,25,15,东北风,≤3级,东北风,≤3级,day
2015-05-03 03:00:00,金阳会展城,7、未按规定让行的 ,负全部责任,不负责任,1,桂KAG452·,白,1,贵A98721,白,自培,十一培,2004/4/9 0:00,1997/3/27 0:00,-1,别克牌,734398000000000000 ,364548000000000000 ,197602,196102,3,6,5,周末,非高峰,2015-05-03,2015年5月3日,阵雨 /阵雨,25℃ / 15℃,东北风 ≤3级 /东北风 ≤3级,阵雨,阵雨,25,15,东北风,≤3级,东北风,≤3级,night
2015-05-03 08:45:00,金阳世纪城,7、未按规定让行的 ,负全部责任,不负责任,1,贵ASA233,黑,1,贵AU9213,蓝,自培,十一培,2003/4/23 0:00,1997/11/8 0:00,思威牌,瑞麒牌,774764000000000000 ,74667500000000000 ,197703,196302,8,6,5,周末,早高峰(7-9点),2015-05-03,2015年5月3日,阵雨 /阵雨,25℃ / 15℃,东北风 ≤3级 /东北风 ≤3级,阵雨,阵雨,25,15,东北风,≤3级,东北风,≤3级,day
2015-05-03 09:33:00,三桥,4、停车时未挂低速档、未拉驻车制动，导致车辆滑行的,负全部责任,不负责任,1,贵A72841,白,1,贵AFT881,白,自培,十一培,2004/5/25 0:00,1989/3/30 0:00,长安,思威牌,366367000000000000 ,364548000000000000 ,197104,196508,9,6,5,周末,早高峰(7-9点),2015-05-03,2015年5月3日,阵雨 /阵雨,25℃ / 15℃,东北风 ≤3级 /东北风 ≤3级,阵雨,阵雨,25,15,东北风,≤3级,东北风,≤3级,day
2015-05-04 00:00:00,沙冲路,7、未按规定让行的 ,负全部责任,不负责任,1,贵A4AP76,白色,1,贵ALE141,白色,自培,十一培,2004/3/20 0:00,1999/10/27 0:00,雪佛兰牌,北京现代牌,36454651825449796X,364548000000000000 ,197610,197508,0,0,5,工作日,非高峰,2015-05-04,2015年5月4日,阵雨 /阵雨,20℃ / 14℃,东北风 ≤3级 /东北风 ≤3级,阵雨,阵雨,20,14,东北风,≤3级,东北风,≤3级,night
2015-05-04 07:00:00,三桥,8、依法应负全责的其他情形,负全部责任,不负责任,1,贵AU6123,白色,1,贵A1CB93,白色,自培,十一培,2004/6/14 0:00,1997/5/28 0:00,飞肯牌,五菱牌,366364000000000000 ,366064000000000000 ,196905,197508,7,0,5,工作日,早高峰(7-9点),2015-05-04,2015年5月4日,阵雨 /阵雨,20℃ / 14℃,东北风 ≤3级 /东北风 ≤3级,阵雨,阵雨,20,14,东北风,≤3级,东北风,≤3级,day
2015-05-04 08:30:00,邮电大楼,7、未按规定让行的 ,负全部责任,不负责任,1,贵A93W11,黑色,1,贵AU0023,白色,自培,十一培,2006/10/20 0:00,1993/3/15 0:00,奥迪牌,喜力牌,364548000000000000 ,364548000000000000 ,197706,197307,8,0,5,工作日,早高峰(7-9点),2015-05-04,2015年5月4日,阵雨 /阵雨,20℃ / 14℃,东北风 ≤3级 /东北风 ≤3级,阵雨,阵雨,20,14,东北风,≤3级,东北风,≤3级,day
2015-05-04 22:00:00,小河开发大道,1、追尾的,负全部责任,不负责任,1,贵AU7031,白色,1,贵AU0549,白色,自培,十一培,2006/6/20 0:00,1997/10/31 0:00,奇瑞牌,重骑牌,366561000000000000 ,364547000000000000 ,197305,196812,22,0,5,工作日,非高峰,2015-05-04,2015年5月4日,阵雨 /阵雨,20℃ / 14℃,东北风 ≤3级 /东北风 ≤3级,阵雨,阵雨,20,14,东北风,≤3级,东北风,≤3级,night
2015-05-04 18:53:00,中华北路,1、追尾的,负全部责任,不负责任,1,贵ADR856,白,1,贵A74S18,红,自培,十一培,2006/7/7 0:00,1996/10/29 0:00,北京现代牌,雪佛兰牌,366068000000000000 ,364547000000000000 ,197301,196710,18,0,5,工作日,晚高峰(17-19点),2015-05-04,2015年5月4日,阵雨 /阵雨,20℃ / 14℃,东北风 ≤3级 /东北风 ≤3级,阵雨,阵雨,20,14,东北风,≤3级,东北风,≤3级,day
2015-05-05 16:00:00,东山,1、追尾的,负全部责任,不负责任,0,贵AE4524,白,1,贵ACT295,白,自培,十一培,2007/4/9 0:00,1980/4/8 0:00,中华牌,比亚迪牌,364547000000000000 ,364548000000000000 ,198109,194608,16,1,5,工作日,非高峰,2015-05-05,2015年5月5日,阵雨 /阵雨,21℃ / 15℃,南风 ≤3级 /南风 ≤3级,阵雨,阵雨,21,15,南风,≤3级,南风,≤3级,day
2015-05-05 18:22:00,状元街,4、停车时未挂低速档、未拉驻车制动，导致车辆滑行的,负全部责任,不负责任,1,贵AGX163,白色,1,贵AKH182,白色,自培,十一培,2003/5/8 0:00,1996/8/25 0:00,金杯,别克牌,364548000000000000 ,364547000000000000 ,197707,196410,18,1,5,工作日,晚高峰(17-19点),2015-05-05,2015年5月5日,阵雨 /阵雨,21℃ / 15℃,南风 ≤3级 /南风 ≤3级,阵雨,阵雨,21,15,南风,≤3级,南风,≤3级,day
2015-05-05 18:00:00,西二环,1、追尾的,负全部责任,不负责任,1,贵A964G1,白,1,贵AW8496,白,自培,十一培,2002/5/13 0:00,1987/6/3 0:00,跃进牌,北京现代牌,366368000000000000 ,364548000000000000 ,198306,196810,18,1,5,工作日,晚高峰(17-19点),2015-05-05,2015年5月5日,阵雨 /阵雨,21℃ / 15℃,南风 ≤3级 /南风 ≤3级,阵雨,阵雨,21,15,南风,≤3级,南风,≤3级,day
2015-05-05 18:30:00,花溪,9、不符合前8款规定或者双方同时具有上述情形的,负同等责任,负同等责任,1,贵A8374G,白色,1,民F88555,白色,自培,十一培,2006/9/4 0:00,1999/11/9 0:00,长安牌,-1,364596000000000000 ,364556000000000000 ,198806,198010,18,1,5,工作日,晚高峰(17-19点),2015-05-05,2015年5月5日,阵雨 /阵雨,21℃ / 15℃,南风 ≤3级 /南风 ≤3级,阵雨,阵雨,21,15,南风,≤3级,南风,≤3级,day