accidenttime,accidentaddr,driver1fault,driver1responsibility,driver2responsibility,sex1,platenumber1,carcolor1,sex2,platenumber2,carcolor2,jxmc1,jxmc2,cclzrq1,cclzrq2,clpp1,clpp2,driver1license,driver2license,brith1,brith2,hour,weekday,month,is_weekday,peak_hour,date,日期,天气状况,气温,风力风向,day_wea,night_wea,day_tep,night_tep,day_wind_direction,day_wind_speed,night_wind_direction,night_wind_speed,segment
2015-05-05 16:15:00,青云路,8、依法应负全责的其他情形,负全部责任,不负责任,1,贵A72S47,黑,1,贵ADM555,红,自培,十一培,2009/1/9 0:00,1993/11/25 0:00,比亚迪牌,比亚迪牌,4396520000000000 ,364547000000000000 ,198912,197309,16,1,5,工作日,非高峰,2015-05-05,2015年5月5日,阵雨 /阵雨,21℃ / 15℃,南风 ≤3级 /南风 ≤3级,阵雨,阵雨,21,15,南风,≤3级,南风,≤3级,day
2015-05-05 18:28:00,小河平桥,1、追尾的,负全部责任,不负责任,1,贵AMU135,白色,1,贵AKB367,白色,自培,十一培,2010/5/19 0:00,1997/4/25 0:00,长安牌,大众汽车,36760500000000000 ,366068000000000000 ,198001,196901,18,1,5,工作日,晚高峰(17-19点),2015-05-05,2015年5月5日,阵雨 /阵雨,21℃ / 15℃,南风 ≤3级 /南风 ≤3级,阵雨,阵雨,21,15,南风,≤3级,南风,≤3级,day
2015-05-07 10:00:00,西二环,1、追尾的,负全部责任,不负责任,1,贵A655B5,白色,1,贵AA517X,白色,自培,十一培,2006/7/24 0:00,1998/12/31 0:00,江铃牌,北京牌,366067000000000000 ,364557000000000000 ,197811,196901,10,3,5,工作日,非高峰,2015-05-07,2015年5月7日,阵雨 /雷阵雨,23℃ / 17℃,东南风 ≤3级 /东南风 ≤3级,阵雨,雷阵雨,23,17,东南风,≤3级,东南风,≤3级,day
2015-05-07 19:00:00,朝阳洞路,7、未按规定让行的 ,负全部责任,不负责任,1,贵A352F7,白色,1,贵GT4552,白色,自培,十一培,2001/6/22 0:00,1997/12/12 0:00,北京牌,-1,355468000000000000 ,366061000000000000 ,197402,197408,19,3,5,工作日,晚高峰(17-19点),2015-05-07,2015年5月7日,阵雨 /雷阵雨,23℃ / 17℃,东南风 ≤3级 /东南风 ≤3级,阵雨,雷阵雨,23,17,东南风,≤3级,东南风,≤3级,day
2015-05-08 09:30:00,长岭南路,1、追尾的,负全部责任,不负责任,1,贵A09803,白,1,贵A5050U,黑,自培,十一培,2012/2/7 0:00,1998/10/15 0:00,五菱,五菱牌,64297500000000000 ,366364000000000000 ,198304,197302,9,4,5,工作日,早高峰(7-9点),2015-05-08,2015年5月8日,阵雨 /多云,25℃ / 15℃,东南风 ≤3级 /东北风 ≤3级,阵雨,多云,25,15,东南风,≤3级,东北风,≤3级,day
2015-05-08 10:40:00,林城西路,7、未按规定让行的 ,负全部责任,不负责任,1,川E40A65,黑,1,贵AUT377,黑,自培,十一培,2013/12/31 0:00,1999/5/24 0:00,-1,-1,354367000000000000 ,364558000000000000 ,196903,197701,10,4,5,工作日,非高峰,2015-05-08,2015年5月8日,阵雨 /多云,25℃ / 15℃,东南风 ≤3级 /东北风 ≤3级,阵雨,多云,25,15,东南风,≤3级,东北风,≤3级,day
2015-05-08 15:00:00,智慧龙城,3、倒车的,负全部责任,不负责任,1,粤VI2026,白色,1,贵AN3838,白色,自培,十一培,2002/10/18 0:00,1994/4/18 0:00,-1,双庆牌,4368510000000000 ,364548000000000000 ,196607,195605,15,4,5,工作日,非高峰,2015-05-08,2015年5月8日,阵雨 /多云,25℃ / 15℃,东南风 ≤3级 /东北风 ≤3级,阵雨,多云,25,15,东南风,≤3级,东北风,≤3级,day
2015-05-08 16:17:00,甲秀楼,8、依法应负全责的其他情形,负全部责任,不负责任,1,浙F213L5,黑,1,贵AP1168,黑,自培,十一培,2014/1/27 0:00,1995/7/25 0:00,-1,中华牌,366067000000000000 ,364548000000000000 ,197308,196601,16,4,5,工作日,非高峰,2015-05-08,2015年5月8日,阵雨 /多云,25℃ / 15℃,东南风 ≤3级 /东北风 ≤3级,阵雨,多云,25,15,东南风,≤3级,东北风,≤3级,day
2015-05-08 16:30:00,北二环,8、依法应负全责的其他情形,负全部责任,不负责任,1,贵A125D7,白色,1,贵A21L97,白色,自培,十一培,2001/7/26 0:00,1989/11/19 0:00,程力威牌,福克斯牌,366764000000000000 ,364547000000000000 ,196404,196802,16,4,5,工作日,非高峰,2015-05-08,2015年5月8日,阵雨 /多云,25℃ / 15℃,东南风 ≤3级 /东北风 ≤3级,阵雨,多云,25,15,东南风,≤3级,东北风,≤3级,day
2015-05-09 06:30:00,小河区长江路,1、追尾的,负全部责任,不负责任,1,贵AAG290,白色,1,贵A6BL01,白色,自培,十一培,2009/3/12 0:00,1995/2/28 0:00,朗逸牌,别克牌,57468500000000000 ,364547000000000000 ,197910,197101,6,5,5,工作日,非高峰,2015-05-09,2015年5月9日,阵雨 /阵雨,23℃ / 16℃,东北风 ≤3级 /东南风 ≤3级,阵雨,阵雨,23,16,东北风,≤3级,东南风,≤3级,day
2015-05-09 16:20:00,百花路,1、追尾的,负全部责任,不负责任,1,贵A646C8,白,1,贵AL8135,白,自培,十一培,2002/11/4 0:00,1998/6/29 0:00,东风牌,双庆牌,366064000000000000 ,364558000000000000 ,197906,197412,16,5,5,工作日,非高峰,2015-05-09,2015年5月9日,阵雨 /阵雨,23℃ / 16℃,东北风 ≤3级 /东南风 ≤3级,阵雨,阵雨,23,16,东北风,≤3级,东南风,≤3级,day
2015-05-10 13:00:00,师大,7、未按规定让行的 ,负全部责任,不负责任,1,贵A71K48,红,1,贵AU6069,黄,自培,十一培,2013/12/9 0:00,1994/7/25 0:00,梅赛德斯-奔驰牌,东方牌,574662000000000000 ,366364000000000000 ,197505,197008,13,6,5,周末,非高峰,2015-05-10,2015年5月10日,阵雨 /雷阵雨,25℃ / 14℃,南风 ≤3级 /南风 ≤3级,阵雨,雷阵雨,25,14,南风,≤3级,南风,≤3级,day
2015-05-10 12:00:00,花果园,7、未按规定让行的 ,负全部责任,不负责任,1,贵AKH346,白色,1,贵A93X21,白色,自培,十一培,2006/12/19 0:00,1993/3/10 0:00,奥迪牌,丰田,355767000000000000 ,364547000000000000 ,198007,196510,12,6,5,周末,非高峰,2015-05-10,2015年5月10日,阵雨 /雷阵雨,25℃ / 14℃,南风 ≤3级 /南风 ≤3级,阵雨,雷阵雨,25,14,南风,≤3级,南风,≤3级,day
2015-05-11 07:30:00,金朱西路,1、追尾的,负全部责任,不负责任,1,贵AEX955,白,1,贵AS6973,红,自培,十一培,2004/5/21 0:00,1997/7/8 0:00,力帆牌,海马牌,364557000000000000 ,366364000000000000 ,197312,196809,7,0,5,工作日,早高峰(7-9点),2015-05-11,2015年5月11日,多云 /多云,24℃ / 13℃,东北风 ≤3级 /东北风 ≤3级,多云,多云,24,13,东北风,≤3级,东北风,≤3级,day
2015-05-11 11:00:00,甘荫塘,7、未按规定让行的 ,负全部责任,不负责任,1,贵GY6675,白色,1,贵AU0264,白色,自培,十一培,2010/11/10 0:00,1998/12/24 0:00,-1,奇瑞牌,726368000000000000 ,364558000000000000 ,198012,197403,11,0,5,工作日,非高峰,2015-05-11,2015年5月11日,多云 /多云,24℃ / 13℃,东北风 ≤3级 /东北风 ≤3级,多云,多云,24,13,东北风,≤3级,东北风,≤3级,day
2015-05-11 14:20:00,航天大道,8、依法应负全责的其他情形,负全部责任,不负责任,1,贵A8312C,白,1,贵A291D3,黑,自培,十一培,2001/4/24 0:00,1994/10/5 0:00,江铃牌,东风牌,364547000000000000 ,364557000000000000 ,197211,197403,14,0,5,工作日,非高峰,2015-05-11,2015年5月11日,多云 /多云,24℃ / 13℃,东北风 ≤3级 /东北风 ≤3级,多云,多云,24,13,东北风,≤3级,东北风,≤3级,day
2015-05-11 14:00:00,白云师大,7、未按规定让行的 ,负全部责任,不负责任,1,贵A29349,白,1,贵A01629,红,自培,十一培,2003/11/14 0:00,1993/3/11 0:00,陕汽牌,金旅牌,36455751964056605X,364557000000000000 ,198204,196107,14,0,5,工作日,非高峰,2015-05-11,2015年5月11日,多云 /多云,24℃ / 13℃,东北风 ≤3级 /东北风 ≤3级,多云,多云,24,13,东北风,≤3级,东北风,≤3级,day
2015-05-12 08:20:00,相宝山,7、未按规定让行的 ,负全部责任,不负责任,1,贵AUA044,白,1,贵ANR631,白,自培,十一培,2007/7/26 0:00,1995/6/13 0:00,丰田牌,别克牌,366570000000000000 ,36454751824147405X,198802,197609,8,1,5,工作日,早高峰(7-9点),2015-05-12,2015年5月12日,阴 /雷阵雨,24℃ / 13℃,南风 ≤3级 /南风 ≤3级,阴,雷阵雨,24,13,南风,≤3级,南风,≤3级,day
2015-05-12 09:55:00,同心路,1、追尾的,负全部责任,不负责任,1,贵A3CE33,红,1,贵AC928L,黄,自培,十一培,2004/12/24 0:00,1995/12/4 0:00,长安牌,飞度牌,364648000000000000 ,366347000000000000 ,198109,197703,9,1,5,工作日,早高峰(7-9点),2015-05-12,2015年5月12日,阴 /雷阵雨,24℃ / 13℃,南风 ≤3级 /南风 ≤3级,阴,雷阵雨,24,13,南风,≤3级,南风,≤3级,day
2015-05-12 13:34:00,五里冲,7、未按规定让行的 ,负全部责任,不负责任,1,贵AG4176,白色,1,贵AC5001,白色,自培,十一培,2002/8/29 0:00,1992/4/22 0:00,轰轰烈牌,帝豪牌,364547000000000000 ,364547000000000000 ,197301,197103,13,1,5,工作日,非高峰,2015-05-12,2015年5月12日,阴 /雷阵雨,24℃ / 13℃,南风 ≤3级 /南风 ≤3级,阴,雷阵雨,24,13,南风,≤3级,南风,≤3级,day
2015-05-12 13:00:00,水口寺,1、追尾的,负全部责任,不负责任,1,贵AU5546,黄,1,贵AW7362,白,自培,十一培,2010/6/8 0:00,1999/11/16 0:00,豪爵牌,丰田牌,366064000000000000 ,354676000000000000 ,198804,196907,13,1,5,工作日,非高峰,2015-05-12,2015年5月12日,阴 /雷阵雨,24℃ / 13℃,南风 ≤3级 /南风 ≤3级,阴,雷阵雨,24,13,南风,≤3级,南风,≤3级,day
2015-05-12 15:30:00,都司路,8、依法应负全责的其他情形,负全部责任,不负责任,1,渝B89K73,蓝,1,贵A69K11,白,自培,十一培,2012/4/26 0:00,1996/9/2 0:00,-1,起亚牌,5365510000000000 ,36455551825658407X,199201,197612,15,1,5,工作日,非高峰,2015-05-12,2015年5月12日,阴 /雷阵雨,24℃ / 13℃,南风 ≤3级 /南风 ≤3级,阴,雷阵雨,24,13,南风,≤3级,南风,≤3级,day
2015-05-12 14:30:00,北京路,7、未按规定让行的 ,负全部责任,不负责任,1,贵GS6006,黑,1,贵AU7819,蓝,自培,十一培,2009/4/20 0:00,1995/12/20 0:00,-1,雷克牌,364557000000000000 ,364548000000000000 ,196103,197403,14,1,5,工作日,非高峰,2015-05-12,2015年5月12日,阴 /雷阵雨,24℃ / 13℃,南风 ≤3级 /南风 ≤3级,阴,雷阵雨,24,13,南风,≤3级,南风,≤3级,day
2015-05-12 15:37:00,大西门,7、未按规定让行的 ,负全部责任,不负责任,1,贵JDN438,红,1,贵AU0470,黄,自培,十一培,2002/5/13 0:00,1996/7/10 0:00,-1,黄川牌,36687451294960447X,364547000000000000 ,196808,197202,15,1,5,工作日,非高峰,2015-05-12,2015年5月12日,阴 /雷阵雨,24℃ / 13℃,南风 ≤3级 /南风 ≤3级,阴,雷阵雨,24,13,南风,≤3级,南风,≤3级,day
2015-05-12 17:00:00,小河万科十字路口,7、未按规定让行的 ,负全部责任,不负责任,1,贵AU8932,白色,1,贵ACD734,白色,自培,十一培,2007/2/7 0:00,1992/9/6 0:00,湘江牌,速腾牌,355468000000000000 ,36454751264558045X,197108,196201,17,1,5,工作日,晚高峰(17-19点),2015-05-12,2015年5月12日,阴 /雷阵雨,24℃ / 13℃,南风 ≤3级 /南风 ≤3级,阴,雷阵雨,24,13,南风,≤3级,南风,≤3级,day
2015-05-13 09:00:00,沙冲南路,8、依法应负全责的其他情形,负全部责任,不负责任,1,贵A19680,白色,1,贵AV7253,白色,自培,十一培,2004/4/22 0:00,1997/6/10 0:00,嘉陵牌,蒙德王牌,364548000000000000 ,36454651814056705X,198504,197904,9,2,5,工作日,早高峰(7-9点),2015-05-13,2015年5月13日,多云 /阵雨,26℃ / 19℃,东南风 ≤3级 /东南风 ≤3级,多云,阵雨,26,19,东南风,≤3级,东南风,≤3级,day
2015-05-13 08:00:00,机场路,3、倒车的,负全部责任,不负责任,1,贵AM2229,白色,1,贵A15Y79,白色,自培,十一培,2011/1/20 0:00,1992/8/21 0:00,起亚牌,起亚牌,674564000000000000 ,364548000000000000 ,197202,196012,8,2,5,工作日,早高峰(7-9点),2015-05-13,2015年5月13日,多云 /阵雨,26℃ / 19℃,东南风 ≤3级 /东南风 ≤3级,多云,阵雨,26,19,东南风,≤3级,东南风,≤3级,day
2015-05-13 15:00:00,五眼桥,7、未按规定让行的 ,负全部责任,不负责任,1,贵AW2093,白色,1,贵A28X28,白色,自培,十一培,2004/5/25 0:00,1998/8/5 0:00,长安牌,晶锐牌,366063000000000000 ,364547000000000000 ,196703,197110,15,2,5,工作日,非高峰,2015-05-13,2015年5月13日,多云 /阵雨,26℃ / 19℃,东南风 ≤3级 /东南风 ≤3级,多云,阵雨,26,19,东南风,≤3级,东南风,≤3级,day
2015-05-14 07:00:00,沙冲南路,7、未按规定让行的 ,负全部责任,不负责任,1,贵APV296,白色,1,贵ATW583,白色,自培,十一培,2003/11/1 0:00,1995/11/25 0:00,丰田牌,梅赛德斯-奔驰,366061000000000000 ,364548000000000000 ,197206,196710,7,3,5,工作日,早高峰(7-9点),2015-05-14,2015年5月14日,多云 /雷阵雨,27℃ / 20℃,东南风 ≤3级 /南风 ≤3级,多云,雷阵雨,27,20,东南风,≤3级,南风,≤3级,day
2015-05-14 07:00:00,湘雅村,7、未按规定让行的 ,负全部责任,不负责任,0,贵A3L755,黄,1,贵ANH895,红,自培,十一培,2004/9/15 0:00,1986/4/1 0:00,-1,比亚迪牌,366068000000000000 ,364547000000000000 ,198006,195304,7,3,5,工作日,早高峰(7-9点),2015-05-14,2015年5月14日,多云 /雷阵雨,27℃ / 20℃,东南风 ≤3级 /南风 ≤3级,多云,雷阵雨,27,20,东南风,≤3级,南风,≤3级,day
2015-05-14 10:00:00,八匹马,1、追尾的,负全部责任,不负责任,1,贵F70086,黑,1,贵ARW055,白,自培,十一培,2009/5/31 0:00,1998/7/6 0:00,-1,雪佛兰,366068000000000000 ,364547000000000000 ,196805,197810,10,3,5,工作日,非高峰,2015-05-14,2015年5月14日,多云 /雷阵雨,27℃ / 20℃,东南风 ≤3级 /南风 ≤3级,多云,雷阵雨,27,20,东南风,≤3级,南风,≤3级,day
2015-05-15 11:00:00,市政府,7、未按规定让行的 ,负全部责任,不负责任,1,贵ATB347,黑,0,贵ARR005,黑,自培,十一培,2002/7/2 0:00,1991/8/28 0:00,帝豪牌,雅阁牌,36656551274846447X,364547000000000000 ,196307,196412,11,4,5,工作日,非高峰,2015-05-15,2015年5月15日,阵雨 /阵雨,25℃ / 16℃,东北风 ≤3级 /东北风 ≤3级,阵雨,阵雨,25,16,东北风,≤3级,东北风,≤3级,day
2015-05-15 11:30:00,紫林庵,7、未按规定让行的 ,负全部责任,不负责任,1,贵ET8758,红,1,贵AV0401,黄,自培,十一培,2011/4/12 0:00,1997/7/25 0:00,-1,嘉陵牌,366767000000000000 ,366368000000000000 ,198911,197403,11,4,5,工作日,非高峰,2015-05-15,2015年5月15日,阵雨 /阵雨,25℃ / 16℃,东北风 ≤3级 /东北风 ≤3级,阵雨,阵雨,25,16,东北风,≤3级,东北风,≤3级,day
2015-05-15 17:03:00,甲秀南路,8、依法应负全责的其他情形,负全部责任,不负责任,1,贵ASH529,红,1,贵AU8675,黄,自培,十一培,2009/3/24 0:00,1997/8/20 0:00,霸锐,瑞麒牌,344661000000000000 ,364547000000000000 ,198704,197508,17,4,5,工作日,晚高峰(17-19点),2015-05-15,2015年5月15日,阵雨 /阵雨,25℃ / 16℃,东北风 ≤3级 /东北风 ≤3级,阵雨,阵雨,25,16,东北风,≤3级,东北风,≤3级,day
2015-05-16 12:10:00,大营坡,8、依法应负全责的其他情形,负全部责任,不负责任,1,贵ACN191,黄,1,贵AU0878,白,自培,十一培,2004/11/8 0:00,1990/12/10 0:00,丰田牌,宝来牌,364548000000000000 ,364557000000000000 ,196210,197003,12,5,5,工作日,非高峰,2015-05-16,2015年5月16日,阴 /雷阵雨,23℃ / 17℃,东北风 ≤3级 /东风 ≤3级,阴,雷阵雨,23,17,东北风,≤3级,东风,≤3级,day
2015-05-16 15:30:00,花果园,7、未按规定让行的 ,负全部责任,不负责任,1,贵A19R91,白,0,贵AP3162,猴哥,自培,十一培,2002/11/12 0:00,1998/4/23 0:00,比亚迪牌,豪爵牌,366067000000000000 ,364548000000000000 ,197711,196309,15,5,5,工作日,非高峰,2015-05-16,2015年5月16日,阴 /雷阵雨,23℃ / 17℃,东北风 ≤3级 /东风 ≤3级,阴,雷阵雨,23,17,东北风,≤3级,东风,≤3级,day
2015-05-16 18:05:00,航天大道,1、追尾的,负全部责任,不负责任,0,贵AEN536,黄,1,贵AKX383,黑,自培,十一培,2002/6/11 0:00,1989/11/27 0:00,东风标致牌,雅阁牌,364556000000000000 ,364557000000000000 ,197407,196511,18,5,5,工作日,晚高峰(17-19点),2015-05-16,2015年5月16日,阴 /雷阵雨,23℃ / 17℃,东北风 ≤3级 /东风 ≤3级,阴,雷阵雨,23,17,东北风,≤3级,东风,≤3级,day
2015-05-17 03:40:00,未来方舟,2、逆行的,负全部责任,不负责任,1,贵AHG942,白,1,贵ALK337,黑,自培,十一培,2000/10/19 0:00,1994/5/30 0:00,华泰圣达菲牌,丰田牌,366875000000000000 ,364548000000000000 ,196402,197508,3,6,5,周末,非高峰,2015-05-17,2015年5月17日,阵雨 /雷阵雨,25℃ / 17℃,东北风 ≤3级 /南风 ≤3级,阵雨,雷阵雨,25,17,东北风,≤3级,南风,≤3级,night
2015-05-17 14:30:00,云潭路,8、依法应负全责的其他情形,负全部责任,不负责任,1,赣A58C52,黑,1,贵ABP591,红,自培,十一培,2009/10/26 0:00,1990/12/18 0:00,蒙迪欧牌,东风雪铁龙牌,724568000000000000 ,364547000000000000 ,198209,195805,14,6,5,周末,非高峰,2015-05-17,2015年5月17日,阵雨 /雷阵雨,25℃ / 17℃,东北风 ≤3级 /南风 ≤3级,阵雨,雷阵雨,25,17,东北风,≤3级,南风,≤3级,day
2015-05-18 09:00:00,花香村,7、未按规定让行的 ,负全部责任,不负责任,1,贵A94E54,白色,1,贵AU7903,白色,自培,十一培,2005/1/28 0:00,1992/2/6 0:00,比亚迪牌,雅奇牌,366368000000000000 ,364557000000000000 ,197607,197304,9,0,5,工作日,早高峰(7-9点),2015-05-18,2015年5月18日,多云 /多云,25℃ / 18℃,东北风 ≤3级 /东北风 ≤3级,多云,多云,25,18,东北风,≤3级,东北风,≤3级,day
2015-05-18 14:06:00,尚如徽,1、追尾的,负全部责任,不负责任,1,鄂AK6169,白,1,贵A8686R,红,自培,十一培,2014/10/10 0:00,1998/10/27 0:00,江铃牌,五菱牌,06416651104959441X,366367000000000000 ,199408,197311,14,0,5,工作日,非高峰,2015-05-18,2015年5月18日,多云 /多云,25℃ / 18℃,东北风 ≤3级 /东北风 ≤3级,多云,多云,25,18,东北风,≤3级,东北风,≤3级,day
2015-05-18 17:00:00,玉溪大道,9、不符合前8款规定或者双方同时具有上述情形的,负同等责任,负同等责任,1,贵CC3208,白色,1,贵AU8844,白色,自培,十一培,2009/1/14 0:00,1993/5/31 0:00,-1,轰轰烈牌,56163500000000000 ,364547000000000000 ,197201,195712,17,0,5,工作日,晚高峰(17-19点),2015-05-18,2015年5月18日,多云 /多云,25℃ / 18℃,东北风 ≤3级 /东北风 ≤3级,多云,多云,25,18,东北风,≤3级,东北风,≤3级,day
2015-05-19 10:00:00,城基路,3、倒车的,负全部责任,不负责任,1,苏ACA115,白色,1,贵HLK712,白色,自培,十一培,2014/7/30 0:00,1996/4/8 0:00,东风牌,-1,354868000000000000 ,364548000000000000 ,198403,197610,10,1,5,工作日,非高峰,2015-05-19,2015年5月19日,阵雨 /大雨,25℃ / 18℃,东北风 ≤3级 /南风 ≤3级,阵雨,大雨,25,18,东北风,≤3级,南风,≤3级,day
2015-05-19 11:00:00,新添大道,7、未按规定让行的 ,负全部责任,不负责任,1,贵AU2301,黄,1,贵AU6442,黄,自培,十一培,2000/7/14 0:00,1993/7/28 0:00,凯尔牌,山洋牌,357475000000000000 ,36454751874864405X,196710,197307,11,1,5,工作日,非高峰,2015-05-19,2015年5月19日,阵雨 /大雨,25℃ / 18℃,东北风 ≤3级 /南风 ≤3级,阵雨,大雨,25,18,东北风,≤3级,南风,≤3级,day
2015-05-19 15:10:00,西二环,7、未按规定让行的 ,负全部责任,不负责任,0,贵A46F72,红,1,贵AGM939,红,自培,十一培,2005/3/3 0:00,1995/9/4 0:00,东风日产牌,东风标致牌,364557000000000000 ,364548000000000000 ,198301,195806,15,1,5,工作日,非高峰,2015-05-19,2015年5月19日,阵雨 /大雨,25℃ / 18℃,东北风 ≤3级 /南风 ≤3级,阵雨,大雨,25,18,东北风,≤3级,南风,≤3级,day
2015-05-19 17:30:00,百花山,1、追尾的,负全部责任,不负责任,0,赣M84871,黑,1,贵A85394,白,自培,十一培,2003/6/19 0:00,1994/7/13 0:00,-1,凯迪拉克SRX跨界车,724548000000000000 ,36454651304054445X,198403,195404,17,1,5,工作日,晚高峰(17-19点),2015-05-19,2015年5月19日,阵雨 /大雨,25℃ / 18℃,东北风 ≤3级 /南风 ≤3级,阵雨,大雨,25,18,东北风,≤3级,南风,≤3级,day
2015-05-19 17:05:00,景怡苑,3、倒车的,负全部责任,不负责任,1,贵AAT723,蓝,1,贵AAA144,蓝,自培,十一培,2004/12/30 0:00,1999/12/28 0:00,丰田牌,东力牌,364548000000000000 ,364547000000000000 ,197503,197306,17,1,5,工作日,晚高峰(17-19点),2015-05-19,2015年5月19日,阵雨 /大雨,25℃ / 18℃,东北风 ≤3级 /南风 ≤3级,阵雨,大雨,25,18,东北风,≤3级,南风,≤3级,day
2015-05-20 14:30:00,红星美凯龙,1、追尾的,负全部责任,不负责任,1,贵AFR122,黑,1,贵AFB365,黄,自培,十一培,2001/5/14 0:00,1994/11/9 0:00,雅阁牌,大众汽车牌,364547000000000000 ,364547000000000000 ,196205,197008,14,2,5,工作日,非高峰,2015-05-20,2015年5月20日,阴 /阵雨,23℃ / 17℃,东北风 ≤3级 /东北风 ≤3级,阴,阵雨,23,17,东北风,≤3级,东北风,≤3级,day
2015-05-20 15:55:00,五医,8、依法应负全责的其他情形,负全部责任,不负责任,1,贵A9BM84,白,1,贵A55S83,蓝,自培,十一培,2004/10/19 0:00,1994/12/27 0:00,福克斯牌,雷克萨斯,366346000000000000 ,364547000000000000 ,198008,196209,15,2,5,工作日,非高峰,2015-05-20,2015年5月20日,阴 /阵雨,23℃ / 17℃,东北风 ≤3级 /东北风 ≤3级,阴,阵雨,23,17,东北风,≤3级,东北风,≤3级,day
2015-05-20 18:00:00,西二环,1、追尾的,负全部责任,不负责任,1,豫KQE939,白色,1,贵A6BE81,白色,自培,十一培,2005/4/30 0:00,1994/6/30 0:00,-1,马自达牌,55495500000000000 ,36454651204566025X,198310,196401,18,2,5,工作日,晚高峰(17-19点),2015-05-20,2015年5月20日,阴 /阵雨,23℃ / 17℃,东北风 ≤3级 /东北风 ≤3级,阴,阵雨,23,17,东北风,≤3级,东北风,≤3级,day
2015-05-21 09:00:00,金源街,8、依法应负全责的其他情形,负全部责任,不负责任,1,鲁K7935Y,黑,1,贵ALB453,黑,自培,十一培,2002/9/16 0:00,1997/9/24 0:00,\N,比亚迪牌,785466000000000000 ,364558000000000000 ,197711,197804,9,3,5,工作日,早高峰(7-9点),2015-05-21,2015年5月21日,阴 /阵雨,24℃ / 16℃,东风 ≤3级 /东风 ≤3级,阴,阵雨,24,16,东风,≤3级,东风,≤3级,day
2015-05-21 14:05:00,花果园,1、追尾的,负全部责任,不负责任,1,贵A752H9,红,1,贵A84F46,红,自培,十一培,2011/9/2 0:00,1998/1/22 0:00,福田牌,威志牌,724568000000000000 ,364547000000000000 ,199210,197302,14,3,5,工作日,非高峰,2015-05-21,2015年5月21日,阴 /阵雨,24℃ / 16℃,东风 ≤3级 /东风 ≤3级,阴,阵雨,24,16,东风,≤3级,东风,≤3级,day
2015-05-22 10:01:00,宾阳大道,7、未按规定让行的 ,负全部责任,不负责任,1,渝GP1843,红,1,贵AU7145,绿,自培,十一培,2009/3/26 0:00,1991/9/2 0:00,-1,海格牌,356768000000000000 ,366670000000000000 ,197306,196701,10,4,5,工作日,非高峰,2015-05-22,2015年5月22日,阵雨 /阵雨,19℃ / 14℃,东风 ≤3级 /东风 ≤3级,阵雨,阵雨,19,14,东风,≤3级,东风,≤3级,day
2015-05-22 10:30:00,贵阳一中,7、未按规定让行的 ,负全部责任,不负责任,1,贵AU9515,黑,1,贵AU0043,黄,自培,十一培,2007/6/12 0:00,1998/8/24 0:00,望龙牌,依维柯牌,74667500000000000 ,364548000000000000 ,196908,197403,10,4,5,工作日,非高峰,2015-05-22,2015年5月22日,阵雨 /阵雨,19℃ / 14℃,东风 ≤3级 /东风 ≤3级,阵雨,阵雨,19,14,东风,≤3级,东风,≤3级,day
2015-05-22 13:00:00,中曹司,7、未按规定让行的 ,负全部责任,不负责任,1,贵A90343,白色,1,贵AND912,白色,自培,十一培,2003/9/16 0:00,1997/4/24 0:00,桑塔纳,-1,366347000000000000 ,36454651264555608X,196708,196201,13,4,5,工作日,非高峰,2015-05-22,2015年5月22日,阵雨 /阵雨,19℃ / 14℃,东风 ≤3级 /东风 ≤3级,阵雨,阵雨,19,14,东风,≤3级,东风,≤3级,day
2015-05-22 11:00:00,八匹马,8、依法应负全责的其他情形,负全部责任,不负责任,1,贵AW0633,黑,1,贵AGK149,白,自培,十一培,2003/10/14 0:00,1998/9/16 0:00,隆鑫牌,东风雪铁龙牌,366274000000000000 ,364557000000000000 ,198209,197105,11,4,5,工作日,非高峰,2015-05-22,2015年5月22日,阵雨 /阵雨,19℃ / 14℃,东风 ≤3级 /东风 ≤3级,阵雨,阵雨,19,14,东风,≤3级,东风,≤3级,day
2015-05-22 14:00:00,花果园,8、依法应负全责的其他情形,负全部责任,不负责任,1,贵A364E3,白色,1,贵AV0445,白色,自培,十一培,2004/8/4 0:00,1997/12/31 0:00,华神牌,起亚牌,774664000000000000 ,364547000000000000 ,196207,197504,14,4,5,工作日,非高峰,2015-05-22,2015年5月22日,阵雨 /阵雨,19℃ / 14℃,东风 ≤3级 /东风 ≤3级,阵雨,阵雨,19,14,东风,≤3级,东风,≤3级,day
2015-05-23 10:00:00,八匹马,8、依法应负全责的其他情形,负全部责任,不负责任,1,渝B3D314,白,1,贵ABH979,红,自培,十一培,2004/7/23 0:00,1995/1/31 0:00,-1,夏利牌,355741000000000000 ,364547000000000000 ,198412,196808,10,5,5,工作日,非高峰,2015-05-23,2015年5月23日,阵雨 /阴,19℃ / 14℃,东北风 ≤3级 /东北风 ≤3级,阵雨,阴,19,14,东北风,≤3级,东北风,≤3级,day
2015-05-24 13:32:00,中华北路,7、未按规定让行的 ,负全部责任,不负责任,1,湘N8P651,红,1,贵AU7261,黄,自培,十一培,2003/4/10 0:00,1996/11/19 0:00,-1,福田牌,07566251974746445X,364557000000000000 ,198303,197502,13,6,5,周末,非高峰,2015-05-24,2015年5月24日,多云 /阴,24℃ / 18℃,东风 ≤3级 /东南风 ≤3级,多云,阴,24,18,东风,≤3级,东南风,≤3级,day