accidenttime,accidentaddr,driver1fault,driver1responsibility,driver2responsibility,sex1,platenumber1,carcolor1,sex2,platenumber2,carcolor2,jxmc1,jxmc2,cclzrq1,cclzrq2,clpp1,clpp2,driver1license,driver2license,brith1,brith2,hour,weekday,month,is_weekday,peak_hour,date,日期,天气状况,气温,风力风向,day_wea,night_wea,day_tep,night_tep,day_wind_direction,day_wind_speed,night_wind_direction,night_wind_speed,segment
2015-05-25 15:00:00,花溪,1、追尾的,负全部责任,不负责任,1,贵BK8254,白色,1,贵A43C37,白色,自培,十一培,2012/4/11 0:00,1995/12/20 0:00,-1,东风日产牌,364566000000000000 ,364547000000000000 ,198505,197706,15,0,5,工作日,非高峰,2015-05-25,2015年5月25日,多云 /阵雨,26℃ / 19℃,东南风 ≤3级 /东南风 ≤3级,多云,阵雨,26,19,东南风,≤3级,东南风,≤3级,day
2015-05-26 08:20:00,宝山北路,7、未按规定让行的 ,负全部责任,不负责任,0,贵AK2233,棕,1,贵AKY109,银,自培,十一培,2003/10/29 0:00,1996/5/20 0:00,豪爵牌,比亚迪牌,364548000000000000 ,364548000000000000 ,197312,195704,8,1,5,工作日,早高峰(7-9点),2015-05-26,2015年5月26日,阵雨 /雷阵雨,26℃ / 20℃,东南风 ≤3级 /东北风 ≤3级,阵雨,雷阵雨,26,20,东南风,≤3级,东北风,≤3级,day
2015-05-26 09:30:00,都司路,7、未按规定让行的 ,负全部责任,不负责任,0,贵AU0376,黄,1,贵AV0470,黄,自培,十一培,2005/4/5 0:00,1993/8/25 0:00,宝来牌,华夏牌,364547000000000000 ,364547000000000000 ,198302,197303,9,1,5,工作日,早高峰(7-9点),2015-05-26,2015年5月26日,阵雨 /雷阵雨,26℃ / 20℃,东南风 ≤3级 /东北风 ≤3级,阵雨,雷阵雨,26,20,东南风,≤3级,东北风,≤3级,day
2015-05-26 14:00:00,大营坡,7、未按规定让行的 ,负全部责任,不负责任,1,贵AU7915,黑,1,贵A7R113,黑,自培,十一培,2001/4/28 0:00,1998/7/5 0:00,海格牌,-1,364557000000000000 ,366064000000000000 ,196510,197804,14,1,5,工作日,非高峰,2015-05-26,2015年5月26日,阵雨 /雷阵雨,26℃ / 20℃,东南风 ≤3级 /东北风 ≤3级,阵雨,雷阵雨,26,20,东南风,≤3级,东北风,≤3级,day
2015-05-26 16:00:00,小河平桥,9、不符合前8款规定或者双方同时具有上述情形的,负同等责任,负同等责任,1,贵A8Q517,白色,1,贵A92R79,白色,自培,十一培,2007/3/21 0:00,1991/2/5 0:00,-1,思铂睿牌,364547000000000000 ,364547000000000000 ,198406,195701,16,1,5,工作日,非高峰,2015-05-26,2015年5月26日,阵雨 /雷阵雨,26℃ / 20℃,东南风 ≤3级 /东北风 ≤3级,阵雨,雷阵雨,26,20,东南风,≤3级,东北风,≤3级,day
2015-05-27 11:33:00,解放高架桥,7、未按规定让行的 ,负全部责任,不负责任,1,贵AGJ655,红,1,贵AV0818,蓝,自培,十一培,2000/7/23 0:00,1995/2/1 0:00,五菱牌,双庆牌,54962500000000000 ,364547000000000000 ,197602,197012,11,2,5,工作日,非高峰,2015-05-27,2015年5月27日,阴 /阵雨,26℃ / 20℃,南风 ≤3级 /东北风 ≤3级,阴,阵雨,26,20,南风,≤3级,东北风,≤3级,day
2015-05-27 18:00:00,新添隧道,7、未按规定让行的 ,负全部责任,不负责任,1,贵A72695,白,1,贵A84X18,蓝,自培,十一培,2003/11/7 0:00,1988/11/11 0:00,昌河,歌诗图牌,366063000000000000 ,364548000000000000 ,198009,196405,18,2,5,工作日,晚高峰(17-19点),2015-05-27,2015年5月27日,阴 /阵雨,26℃ / 20℃,南风 ≤3级 /东北风 ≤3级,阴,阵雨,26,20,南风,≤3级,东北风,≤3级,day
2015-05-28 09:00:00,四方河,1、追尾的,负全部责任,不负责任,1,贵AV8677,白色,1,贵A99X83,白色,自培,十一培,2007/4/16 0:00,1998/9/11 0:00,豪达牌,东风牌,366577000000000000 ,364547000000000000 ,196812,196010,9,3,5,工作日,早高峰(7-9点),2015-05-28,2015年5月28日,多云 /雷阵雨,29℃ / 19℃,南风 ≤3级 /东南风 ≤3级,多云,雷阵雨,29,19,南风,≤3级,东南风,≤3级,day
2015-05-28 17:10:00,金阳北路,9、不符合前8款规定或者双方同时具有上述情形的,负同等责任,负同等责任,1,贵AHS447,白,1,贵AR3579,红,自培,十一培,2014/6/20 0:00,1998/4/14 0:00,丰田牌,建豪牌,364548000000000000 ,355547000000000000 ,199109,196809,17,3,5,工作日,晚高峰(17-19点),2015-05-28,2015年5月28日,多云 /雷阵雨,29℃ / 19℃,南风 ≤3级 /东南风 ≤3级,多云,雷阵雨,29,19,南风,≤3级,东南风,≤3级,day
2015-05-29 08:05:00,金阳,8、依法应负全责的其他情形,负全部责任,不负责任,1,贵ALF457,黑,1,贵AES318,红,自培,十一培,2004/10/21 0:00,1995/7/8 0:00,比亚迪牌,力帆牌,356164000000000000 ,364547000000000000 ,197311,196812,8,4,5,工作日,早高峰(7-9点),2015-05-29,2015年5月29日,阵雨 /阵雨,24℃ / 17℃,东南风 ≤3级 /东北风 ≤3级,阵雨,阵雨,24,17,东南风,≤3级,东北风,≤3级,day
2015-05-29 08:00:00,蛮坡检车厂,3、倒车的,负全部责任,不负责任,0,贵AK9292,白,1,贵A29N84,白,自培,十一培,2004/10/11 0:00,1997/6/2 0:00,雷克萨斯,-1,366846000000000000 ,364548000000000000 ,196804,197210,8,4,5,工作日,早高峰(7-9点),2015-05-29,2015年5月29日,阵雨 /阵雨,24℃ / 17℃,东南风 ≤3级 /东北风 ≤3级,阵雨,阵雨,24,17,东南风,≤3级,东北风,≤3级,day
2015-05-29 17:22:00,二铺,7、未按规定让行的 ,负全部责任,不负责任,1,贵A39X43,白,1,贵AU3601,黄,自培,十一培,2004/4/5 0:00,1995/9/12 0:00,起亚牌,金福牌,366561000000000000 ,366068000000000000 ,198010,197411,17,4,5,工作日,晚高峰(17-19点),2015-05-29,2015年5月29日,阵雨 /阵雨,24℃ / 17℃,东南风 ≤3级 /东北风 ≤3级,阵雨,阵雨,24,17,东南风,≤3级,东北风,≤3级,day
2015-05-29 16:45:00,永乐路,1、追尾的,负全部责任,不负责任,1,贵A4CB61,黑,1,贵AU5782,银,自培,十一培,2003/5/9 0:00,1987/1/28 0:00,别克牌,豪爵牌,364557000000000000 ,364547000000000000 ,197210,196602,16,4,5,工作日,非高峰,2015-05-29,2015年5月29日,阵雨 /阵雨,24℃ / 17℃,东南风 ≤3级 /东北风 ≤3级,阵雨,阵雨,24,17,东南风,≤3级,东北风,≤3级,day
2015-05-29 20:00:00,长岭南路,9、不符合前8款规定或者双方同时具有上述情形的,负同等责任,负同等责任,1,贵A5CB66,黑,1,贵JCJ684,白,自培,十一培,2014/5/29 0:00,1988/12/27 0:00,别克牌,-1,55665500000000000 ,366566000000000000 ,199312,197104,20,4,5,工作日,非高峰,2015-05-29,2015年5月29日,阵雨 /阵雨,24℃ / 17℃,东南风 ≤3级 /东北风 ≤3级,阵雨,阵雨,24,17,东南风,≤3级,东北风,≤3级,night
2015-05-30 12:05:00,新添寨,9、不符合前8款规定或者双方同时具有上述情形的,负同等责任,负同等责任,1,贵A45C29,红,1,贵A32V33,白,自培,十一培,2005/8/25 0:00,1999/12/27 0:00,北京现代牌,雪佛兰牌,364557000000000000 ,364557000000000000 ,197801,197904,12,5,5,工作日,非高峰,2015-05-30,2015年5月30日,阵雨 /阵雨,23℃ / 17℃,东北风 ≤3级 /东风 ≤3级,阵雨,阵雨,23,17,东北风,≤3级,东风,≤3级,day
2015-05-30 15:20:00,大营坡,7、未按规定让行的 ,负全部责任,不负责任,1,贵ANG331,黑,1,贵AU6006,蓝,自培,十一培,2007/4/6 0:00,1993/5/16 0:00,起亚牌,捷达牌,364547000000000000 ,36455751854657495X,198302,197102,15,5,5,工作日,非高峰,2015-05-30,2015年5月30日,阵雨 /阵雨,23℃ / 17℃,东北风 ≤3级 /东风 ≤3级,阵雨,阵雨,23,17,东北风,≤3级,东风,≤3级,day
2015-05-30 14:20:00,长岭南路,8、依法应负全责的其他情形,负全部责任,不负责任,0,贵AWZ524,红,1,贵A76A14,黑,自培,十一培,2004/4/14 0:00,1996/4/30 0:00,-1,吉利牌,364548000000000000 ,364548000000000000 ,197309,197104,14,5,5,工作日,非高峰,2015-05-30,2015年5月30日,阵雨 /阵雨,23℃ / 17℃,东北风 ≤3级 /东风 ≤3级,阵雨,阵雨,23,17,东北风,≤3级,东风,≤3级,day
2015-05-30 17:00:00,漓江路,8、依法应负全责的其他情形,负全部责任,不负责任,1,贵JDZ869,白色,1,贵A6162T,白色,自培,十一培,2011/5/29 0:00,1998/11/16 0:00,-1,-1,355468000000000000 ,364548000000000000 ,199212,197204,17,5,5,工作日,晚高峰(17-19点),2015-05-30,2015年5月30日,阵雨 /阵雨,23℃ / 17℃,东北风 ≤3级 /东风 ≤3级,阵雨,阵雨,23,17,东北风,≤3级,东风,≤3级,day
2015-05-31 00:00:00,淮河路,3、倒车的,负全部责任,不负责任,1,贵CQC355,白色,1,贵ASV532,白色,自培,十一培,2013/11/8 0:00,1993/8/26 0:00,-1,沃尔沃,36656151925460045X,364547000000000000 ,198610,196105,0,6,5,周末,非高峰,2015-05-31,2015年5月31日,阵雨 /阵雨,25℃ / 19℃,东风 ≤3级 /南风 ≤3级,阵雨,阵雨,25,19,东风,≤3级,南风,≤3级,night
2015-03-02 18:00:00,四方河路中段,7、未按规定让行的 ,负全部责任,不负责任,1,贵CKW943,白色,1,贵AU0673,白色,自培,十一培,2011/7/17 0:00,1998/12/7 0:00,大众汽车牌,创新,366566000000000000 ,364547000000000000 ,198601,197306,18,0,3,工作日,晚高峰(17-19点),2015-03-02,2015年3月2日,阴 /小雨,9℃ / 2℃,东北风 ≤3级 /东北风 ≤3级,阴,小雨,9,2,东北风,≤3级,东北风,≤3级,day
2015-04-10 13:00:00,三桥,7、未按规定让行的 ,负全部责任,不负责任,1,贵CQB176,白,1,贵A47X59,黄,自培,十一培,2009/5/21 0:00,1998/12/11 0:00,长安牌,丰田牌,366564000000000000 ,364548000000000000 ,197411,198002,13,4,4,工作日,非高峰,2015-04-10,2015年4月10日,小雨 /小雨,12℃ / 8℃,东北风 ≤3级 /东北风 ≤3级,小雨,小雨,12,8,东北风,≤3级,东北风,≤3级,day
2015-03-21 13:35:00,瑞金南路,7、未按规定让行的 ,负全部责任,不负责任,1,贵FAF386,银,1,贵AU7428,蓝,自培,十一培,2003/9/20 0:00,1999/7/12 0:00,野马牌,捷达牌,366067000000000000 ,364547000000000000 ,198109,197701,13,5,3,工作日,非高峰,2015-03-21,2015年3月21日,阴 /阴,16℃ / 11℃,东北风 ≤3级 /东南风 ≤3级,阴,阴,16,11,东北风,≤3级,东南风,≤3级,day
2015-03-10 12:30:00,头桥,7、未按规定让行的 ,负全部责任,不负责任,0,贵FT8344,白,1,贵AS0539,红,自培,十一培,2004/9/8 0:00,1992/2/27 0:00,比亚迪牌,豪爵牌,366061000000000000 ,364548000000000000 ,196204,196103,12,1,3,工作日,非高峰,2015-03-10,2015年3月10日,小雨 /小雨,8℃ / 4℃,东北风 ≤3级 /东北风 ≤3级,小雨,小雨,8,4,东北风,≤3级,东北风,≤3级,day
2015-02-08 14:00:00,小河锦江路,7、未按规定让行的 ,负全部责任,不负责任,1,贵FX4348,蓝色,1,贵AW1152,白色,自培,十一培,2004/9/30 0:00,1995/12/30 0:00,雪佛兰牌,轩逸牌,366067000000000000 ,36454751214856695X,197109,196907,14,6,2,周末,非高峰,2015-02-08,2015年2月8日,阴 /阴,7℃ / 3℃,东北风 ≤3级 /南风 ≤3级,阴,阴,7,3,东北风,≤3级,南风,≤3级,day
2015-02-04 12:03:00,贵惠大道,1、追尾的,负全部责任,不负责任,1,贵GC2302,白色,1,贵A589C1,白色,自培,十一培,2004/5/19 0:00,1999/9/28 0:00,丰田牌,长安牌,364547000000000000 ,366347000000000000 ,196906,197702,12,2,2,工作日,非高峰,2015-02-04,2015年2月4日,小雨 /小雨,4℃ / 0℃,东北风 ≤3级 /东北风 ≤3级,小雨,小雨,4,0,东北风,≤3级,东北风,≤3级,day
2015-04-02 18:40:00,长岭北路,7、未按规定让行的 ,负全部责任,不负责任,1,贵JBT482,白,1,贵AU6836,蓝,自培,十一培,2011/12/13 0:00,1998/7/28 0:00,宝骏牌,恒通客车牌,366669000000000000 ,364557000000000000 ,198507,197608,18,3,4,工作日,晚高峰(17-19点),2015-04-02,2015年4月2日,多云 /多云,30℃ / 18℃,南风 ≤3级 /南风 ≤3级,多云,多云,30,18,南风,≤3级,南风,≤3级,day
2015-04-19 20:40:00,沙冲路,1、追尾的,负全部责任,不负责任,1,贵A5S711,白色,1,贵HAA577,白色,自培,十一培,2010/2/5 0:00,1991/12/24 0:00,吉利牌,长安牌,56868500000000000 ,364547000000000000 ,197907,197010,20,6,4,周末,非高峰,2015-04-19,2015年4月19日,阵雨 /阵雨,22℃ / 13℃,东北风 ≤3级 /东北风 ≤3级,阵雨,阵雨,22,13,东北风,≤3级,东北风,≤3级,night
2015-02-16 00:00:00,油榨街,1、追尾的,负全部责任,不负责任,1,贵FT1512,红色,1,贵A14E83,白色,自培,十一培,2005/3/8 0:00,1999/12/29 0:00,北京现代牌,北京现代牌,366046000000000000 ,364548000000000000 ,198112,197908,0,0,2,工作日,非高峰,2015-02-16,2015年2月16日,阴 /阵雨,15℃ / 9℃,东北风 ≤3级 /东南风 ≤3级,阴,阵雨,15,9,东北风,≤3级,东南风,≤3级,night
2015-03-21 13:15:00,金阳,7、未按规定让行的 ,负全部责任,不负责任,1,粤S81M71,银,1,贵AU7519,蓝,自培,十一培,2002/8/1 0:00,1997/6/13 0:00,无,望江牌,364558000000000000 ,366068000000000000 ,197311,197403,13,5,3,工作日,非高峰,2015-03-21,2015年3月21日,阴 /阴,16℃ / 11℃,东北风 ≤3级 /东南风 ≤3级,阴,阴,16,11,东北风,≤3级,东南风,≤3级,day
2015-02-03 19:10:00,红岩桥,3、倒车的,负全部责任,不负责任,0,贵A65697,黑,1,贵ATV902,红,自培,自培,2004/3/13 0:00,2001/6/15 0:00,昌河,大众汽车牌,355568000000000000 ,364548000000000000 ,196503,196410,19,1,2,工作日,晚高峰(17-19点),2015-02-03,2015年2月3日,小雨 /小雨,6℃ / 1℃,东北风 ≤3级 /东北风 ≤3级,小雨,小雨,6,1,东北风,≤3级,东北风,≤3级,day
2015-02-01 08:15:00,北京路,7、未按规定让行的 ,负全部责任,不负责任,1,贵ASC111,黑,1,贵AU7967,白色,自培,自培,2004/6/28 0:00,2003/10/11 0:00,梅赛德斯-奔驰,嘉陵牌,364547000000000000 ,366347000000000000 ,196304,196709,8,6,2,周末,早高峰(7-9点),2015-02-01,2015年2月1日,阴 /小雨,2℃ / 0℃,东北风 ≤3级 /东风 ≤3级,阴,小雨,2,0,东北风,≤3级,东风,≤3级,day
2015-02-02 08:10:00,金阳世纪城,8、依法应负全责的其他情形,负全部责任,不负责任,1,贵AGC177,银,1,贵AJG996,黑,自培,自培,2006/3/3 0:00,2006/12/5 0:00,五菱牌,江淮牌,356164000000000000 ,704967000000000000 ,195606,196810,8,0,2,工作日,早高峰(7-9点),2015-02-02,2015年2月2日,阴 /小雨,7℃ / 3℃,南风 ≤3级 /东南风 ≤3级,阴,小雨,7,3,南风,≤3级,东南风,≤3级,day
2015-02-06 14:00:00,东二环,7、未按规定让行的 ,负全部责任,不负责任,1,贵AU8087,绿,1,贵A81X63,白,自培,自培,2007/12/18 0:00,2003/8/12 0:00,爱立新牌,大众牌,366061000000000000 ,364547000000000000 ,198112,196809,14,4,2,工作日,非高峰,2015-02-06,2015年2月6日,多云 /小雨,9℃ / 2℃,南风 ≤3级 /南风 ≤3级,多云,小雨,9,2,南风,≤3级,南风,≤3级,day
2015-02-07 08:30:00,贵乌路,7、未按规定让行的 ,负全部责任,不负责任,1,贵A16V79,白,1,贵AW9879,蓝,（乌当区）平安驾驶培训有限公司,自培,2009/2/25 0:00,2001/3/15 0:00,丰田牌,波罗牌,364547000000000000 ,364557000000000000 ,198902,197311,8,5,2,工作日,早高峰(7-9点),2015-02-07,2015年2月7日,阴 /阴,8℃ / 3℃,东北风 ≤3级 /东北风 ≤3级,阴,阴,8,3,东北风,≤3级,东北风,≤3级,day
2015-02-07 10:00:00,机场路,3、倒车的,负全部责任,不负责任,1,贵A2488B,白色,1,贵CD5864,白色,-1,自培,-1,2001/4/28 0:00,通家福牌,东风牌,366362000000000000 ,366562000000000000 ,796607,197507,10,5,2,工作日,非高峰,2015-02-07,2015年2月7日,阴 /阴,8℃ / 3℃,东北风 ≤3级 /东北风 ≤3级,阴,阴,8,3,东北风,≤3级,东北风,≤3级,day
2015-02-07 16:00:00,中华南路,7、未按规定让行的 ,负全部责任,不负责任,1,粤AW153Y,白色,1,贵AU7268,白色,自培,自培,2001/3/10 0:00,2004/2/17 0:00,福克斯牌,宝来牌,364547000000000000 ,364547000000000000 ,195510,197205,16,5,2,工作日,非高峰,2015-02-07,2015年2月7日,阴 /阴,8℃ / 3℃,东北风 ≤3级 /东北风 ≤3级,阴,阴,8,3,东北风,≤3级,东北风,≤3级,day
2015-02-27 14:00:00,宝山南路,3、倒车的,负全部责任,不负责任,1,贵AU6569,绿,1,贵AB1817,蓝,-1,自培,-1,2003/10/30 0:00,国威牌,万虎牌,364546000000000 ,36454651824862607X,631009,197607,14,4,2,工作日,非高峰,2015-02-27,2015年2月27日,多云 /阵雨,21℃ / 5℃,南风 ≤3级 /南风 ≤3级,多云,阵雨,21,5,南风,≤3级,南风,≤3级,day
2015-02-08 22:30:00,三桥北路口,8、依法应负全责的其他情形,负全部责任,不负责任,1,贵AH6353,白色,1,贵AU2088,银色,自培,自培,2001/9/10 0:00,2006/9/26 0:00,凌肯牌,瑞麒牌,364548000000000000 ,366061000000000000 ,195801,198709,22,6,2,周末,非高峰,2015-02-08,2015年2月8日,阴 /阴,7℃ / 3℃,东北风 ≤3级 /南风 ≤3级,阴,阴,7,3,东北风,≤3级,南风,≤3级,night
2015-02-11 06:50:00,观水路,8、依法应负全责的其他情形,负全部责任,不负责任,1,贵AK1878,白色,1,贵AHK284,白色,-1,自培,-1,2002/3/1 0:00,上海别克,吉利牌,36456500000000000 ,364547000000000000 ,975081,195207,6,2,2,工作日,非高峰,2015-02-11,2015年2月11日,多云 /多云,11℃ / 3℃,东风 ≤3级 /东北风 ≤3级,多云,多云,11,3,东风,≤3级,东北风,≤3级,day
2015-02-11 12:00:00,贵开路口,7、未按规定让行的 ,负全部责任,不负责任,1,贵AME62,银,1,贵A1876F,黑,自培,自培,2004/8/3 0:00,2010/10/26 0:00,-1,吉利美日牌,366367000000000000 ,364566000000000000 ,195904,198702,12,2,2,工作日,非高峰,2015-02-11,2015年2月11日,多云 /多云,11℃ / 3℃,东风 ≤3级 /东北风 ≤3级,多云,多云,11,3,东风,≤3级,东北风,≤3级,day
2015-02-11 18:50:00,贵阳市长岭南路,7、未按规定让行的 ,负全部责任,不负责任,1,贵A62475,蓝,1,贵AU8399,绿,自培,自培,2004/3/19 0:00,2005/11/3 0:00,远达牌,宝来牌,364547000000000 ,355557000000000000 ,640106,196512,18,2,2,工作日,晚高峰(17-19点),2015-02-11,2015年2月11日,多云 /多云,11℃ / 3℃,东风 ≤3级 /东北风 ≤3级,多云,多云,11,3,东风,≤3级,东北风,≤3级,day
2015-02-11 18:00:00,枣山路,1、追尾的,负全部责任,不负责任,1,贵A6D634,蓝,0,贵AH1463,红,自培,自培,2007/8/2 0:00,2004/12/30 0:00,-1,豪诺牌,366067000000000000 ,364547000000000000 ,197606,196803,18,2,2,工作日,晚高峰(17-19点),2015-02-11,2015年2月11日,多云 /多云,11℃ / 3℃,东风 ≤3级 /东北风 ≤3级,多云,多云,11,3,东风,≤3级,东北风,≤3级,day
2015-02-11 16:00:00,三桥综合批发门口,1、追尾的,负全部责任,不负责任,1,贵A7019W,银,1,贵FP2945,灰,自培,自培,2006/8/7 0:00,2006/8/7 0:00,长安牌,雪佛兰牌,366068000000000000 ,366068000000000000 ,197705,197705,16,2,2,工作日,非高峰,2015-02-11,2015年2月11日,多云 /多云,11℃ / 3℃,东风 ≤3级 /东北风 ≤3级,多云,多云,11,3,东风,≤3级,东北风,≤3级,day
2015-02-11 21:00:00,花溪大道,7、未按规定让行的 ,负全部责任,不负责任,1,贵A43W38,白色,1,贵AU8932,白色,自培,自培,2012/8/31 0:00,2001/3/1 0:00,奥迪牌,湘江牌,355468000000000000 ,364551000000000000 ,199011,198108,21,2,2,工作日,非高峰,2015-02-11,2015年2月11日,多云 /多云,11℃ / 3℃,东风 ≤3级 /东北风 ≤3级,多云,多云,11,3,东风,≤3级,东北风,≤3级,night
2015-02-15 13:11:00,普园路,8、依法应负全责的其他情形,负全部责任,不负责任,1,贵A29B91,黑,1,贵AU4804,黑,自培,自培,2003/10/30 0:00,2005/11/30 0:00,利亚纳牌,钱江牌,354547000000000 ,366361000000000000 ,650711,198312,13,6,2,周末,非高峰,2015-02-15,2015年2月15日,多云 /阴,19℃ / 8℃,南风 ≤3级 /东北风 ≤3级,多云,阴,19,8,南风,≤3级,东北风,≤3级,day
2015-02-16 11:30:00,乌当,3、倒车的,负全部责任,不负责任,1,贵A4314M,黑,0,贵ATB789,黑,-1,自培,-1,2011/7/22 0:00,福克斯牌,东风标致牌,36456551144949665X,364548000000000000 ,199008,197501,11,0,2,工作日,非高峰,2015-02-16,2015年2月16日,阴 /阵雨,15℃ / 9℃,东北风 ≤3级 /东南风 ≤3级,阴,阵雨,15,9,东北风,≤3级,东南风,≤3级,day
2015-02-16 11:30:00,友谊路,1、追尾的,负全部责任,不负责任,1,贵AKB591,白色,1,贵A73V59,白色,自培,自培,2007/9/28 0:00,2004/9/1 0:00,宝马牌,三菱牌,364567000000000000 ,364548000000000000 ,198811,196905,11,0,2,工作日,非高峰,2015-02-16,2015年2月16日,阴 /阵雨,15℃ / 9℃,东北风 ≤3级 /东南风 ≤3级,阴,阵雨,15,9,东北风,≤3级,东南风,≤3级,day
2015-02-17 14:40:00,新添寨,8、依法应负全责的其他情形,负全部责任,不负责任,1,贵A32S29,黑,0,贵ANT509,黑,-1,自培,-1,2006/4/29 0:00,北京牌,丰田牌,366367000000000000 ,364556000000000000 ,197101,198101,14,1,2,工作日,非高峰,2015-02-17,2015年2月17日,阴 /阴,17℃ / 11℃,东南风 ≤3级 /南风 ≤3级,阴,阴,17,11,东南风,≤3级,南风,≤3级,day
2015-02-16 20:50:00,东山,7、未按规定让行的 ,负全部责任,不负责任,1,贵A69296,黑,1,贵AU0336,黑,自培,自培,2006/11/29 0:00,2001/6/22 0:00,新凯,奇瑞牌,364548000000000000 ,364558000000000000 ,198707,197408,20,0,2,工作日,非高峰,2015-02-16,2015年2月16日,阴 /阵雨,15℃ / 9℃,东北风 ≤3级 /东南风 ≤3级,阴,阵雨,15,9,东北风,≤3级,东南风,≤3级,night
2015-02-16 16:38:00,金朱东路,1、追尾的,负全部责任,不负责任,0,贵A74P47,白,1,贵AB6416,白,自培,自培,2007/5/23 0:00,2011/1/30 0:00,大众汽车牌,钱江牌,366363000000000000 ,366347000000000000 ,197301,197002,16,0,2,工作日,非高峰,2015-02-16,2015年2月16日,阴 /阵雨,15℃ / 9℃,东北风 ≤3级 /东南风 ≤3级,阴,阵雨,15,9,东北风,≤3级,东南风,≤3级,day
2015-02-26 08:00:00,五眼桥,7、未按规定让行的 ,负全部责任,不负责任,1,贵A7AM12,白色,1,贵A93W19,黑色,自培,自培,2003/9/15 0:00,2004/10/21 0:00,中华牌,明锐牌,364547000000000000 ,364547000000000000 ,196409,197812,8,3,2,工作日,早高峰(7-9点),2015-02-26,2015年2月26日,阴 /小雨,12℃ / 9℃,东风 ≤3级 /南风 ≤3级,阴,小雨,12,9,东风,≤3级,南风,≤3级,day
2015-02-28 15:35:00,诚信北路,9、不符合前8款规定或者双方同时具有上述情形的,负同等责任,负同等责任,0,贵HCK922,白,1,贵AU474,银,自培,自培,2009/2/25 0:00,2001/3/12 0:00,奥迪牌,-1,366269000000000000 ,366067000000000000 ,198206,197602,15,5,2,工作日,非高峰,2015-02-28,2015年2月28日,小雨 /小雨,8℃ / 4℃,东北风 ≤3级 /东北风 ≤3级,小雨,小雨,8,4,东北风,≤3级,东北风,≤3级,day
2015-02-28 14:10:00,白云区,1、追尾的,负全部责任,不负责任,1,贵AAL038,黑,1,苏AQF465,银,自培,自培,2003/3/28 0:00,2004/9/28 0:00,福田五星牌,雪佛兰牌,364558000000000000 ,364547000000000000 ,195110,197903,14,5,2,工作日,非高峰,2015-02-28,2015年2月28日,小雨 /小雨,8℃ / 4℃,东北风 ≤3级 /东北风 ≤3级,小雨,小雨,8,4,东北风,≤3级,东北风,≤3级,day
2015-03-04 07:50:00,北京路,7、未按规定让行的 ,负全部责任,不负责任,1,贵AN0659,白,1,贵AHX156,银,自培,自培,2004/7/21 0:00,2002/3/1 0:00,宗隆牌,梅赛德斯-奔驰牌,374569000000000000 ,364548000000000000 ,197604,197609,7,2,3,工作日,早高峰(7-9点),2015-03-04,2015年3月4日,小雨 /小雨,6℃ / 1℃,东北风 ≤3级 /东北风 ≤3级,小雨,小雨,6,1,东北风,≤3级,东北风,≤3级,day
2015-03-04 09:30:00,观山湖,7、未按规定让行的 ,负全部责任,不负责任,1,贵A6F206,黄,1,贵A410G2,黑,黔西县顺风机动车驾驶学校有限公司,自培,2015/1/21 0:00,2001/10/25 0:00,宝骏牌,北京牌,366068000000000000 ,366367000000000000 ,197801,197210,9,2,3,工作日,早高峰(7-9点),2015-03-04,2015年3月4日,小雨 /小雨,6℃ / 1℃,东北风 ≤3级 /东北风 ≤3级,小雨,小雨,6,1,东北风,≤3级,东北风,≤3级,day
2015-03-04 16:30:00,三桥,7、未按规定让行的 ,负全部责任,不负责任,1,贵A47G25,红,1,贵ALF489,银,-1,自培,-1,2004/1/31 0:00,斯柯达牌,比亚迪牌,364548000000000000 ,364548000000000000 ,196808,196410,16,2,3,工作日,非高峰,2015-03-04,2015年3月4日,小雨 /小雨,6℃ / 1℃,东北风 ≤3级 /东北风 ≤3级,小雨,小雨,6,1,东北风,≤3级,东北风,≤3级,day
2015-03-04 12:06:00,白云区,8、依法应负全责的其他情形,负全部责任,不负责任,1,贵AEE997,黑,1,贵A92379,红,-1,自培,-1,2006/4/7 0:00,大众汽车,豪泺牌,36455700000000000 ,364557000000000000 ,196602,198208,12,2,3,工作日,非高峰,2015-03-04,2015年3月4日,小雨 /小雨,6℃ / 1℃,东北风 ≤3级 /东北风 ≤3级,小雨,小雨,6,1,东北风,≤3级,东北风,≤3级,day
2015-03-03 18:30:00,野鸭塘,9、不符合前8款规定或者双方同时具有上述情形的,负同等责任,负同等责任,1,贵A9085A,银,1,贵A95744,黑,自培,自培,2004/9/10 0:00,2004/10/18 0:00,五菱牌,豪泺牌,366068000000000000 ,364557000000000000 ,197104,197704,18,1,3,工作日,晚高峰(17-19点),2015-03-03,2015年3月3日,小雨 /小雨,8℃ / 3℃,东北风 ≤3级 /东北风 ≤3级,小雨,小雨,8,3,东北风,≤3级,东北风,≤3级,day