accidenttime,accidentaddr,driver1fault,driver1responsibility,driver2responsibility,sex1,platenumber1,carcolor1,sex2,platenumber2,carcolor2,jxmc1,jxmc2,cclzrq1,cclzrq2,clpp1,clpp2,driver1license,driver2license,brith1,brith2,hour,weekday,month,is_weekday,peak_hour,date,日期,天气状况,气温,风力风向,day_wea,night_wea,day_tep,night_tep,day_wind_direction,day_wind_speed,night_wind_direction,night_wind_speed,segment
2015-03-06 14:00:00,头桥松山路,7、未按规定让行的 ,负全部责任,不负责任,1,贵A26V55,白色,1,贵AU4719,白色,自培,自培,2004/1/29 0:00,2001/4/2 0:00,荣威牌,隆鑫牌,364551000000000000 ,366577000000000000 ,196510,197410,14,4,3,工作日,非高峰,2015-03-06,2015年3月6日,小雨 /小雨,5℃ / 3℃,东北风 ≤3级 /东北风 ≤3级,小雨,小雨,5,3,东北风,≤3级,东北风,≤3级,day
2015-03-13 09:15:00,松山路,8、依法应负全责的其他情形,负全部责任,不负责任,1,贵DK2267,银,1,贵JB6537,白,自培,自培,2005/5/23 0:00,2001/11/13 0:00,福克斯牌,豪日牌,366663000000000000 ,364547000000000000 ,197105,196310,9,4,3,工作日,早高峰(7-9点),2015-03-13,2015年3月13日,多云 /阵雨,17℃ / 12℃,南风 ≤3级 /南风 ≤3级,多云,阵雨,17,12,南风,≤3级,南风,≤3级,day
2015-03-16 09:00:00,蓑草路,7、未按规定让行的 ,负全部责任,不负责任,1,贵A7383A,白色,1,贵ANY063,白色,自培,自培,2011/12/16 0:00,2004/9/29 0:00,梅赛德斯-奔驰,别克牌,236968000000000000 ,364547000000000000 ,198709,197809,9,0,3,工作日,早高峰(7-9点),2015-03-16,2015年3月16日,阴 /多云,20℃ / 15℃,南风 ≤3级 /南风 ≤3级,阴,多云,20,15,南风,≤3级,南风,≤3级,day
2015-03-16 10:50:00,白云南路,7、未按规定让行的 ,负全部责任,不负责任,1,贵A4384R,白,1,贵A44A62,黄,消防驾校,自培,2012/5/26 0:00,2001/3/2 0:00,五菱牌,雪佛兰牌,366063000000000000 ,364547000000000000 ,198604,197504,10,0,3,工作日,非高峰,2015-03-16,2015年3月16日,阴 /多云,20℃ / 15℃,南风 ≤3级 /南风 ≤3级,阴,多云,20,15,南风,≤3级,南风,≤3级,day
2015-03-16 18:15:00,阳关,7、未按规定让行的 ,负全部责任,不负责任,1,贵A87029,黄,1,贵AB887J,白,铁二局驾校,自培,2001/5/10 0:00,2013/10/10 0:00,长安,比亚迪牌,364547000000000000 ,366669000000000000 ,197908,198612,18,0,3,工作日,晚高峰(17-19点),2015-03-16,2015年3月16日,阴 /多云,20℃ / 15℃,南风 ≤3级 /南风 ≤3级,阴,多云,20,15,南风,≤3级,南风,≤3级,day
2015-03-16 16:00:00,新添大道,1、追尾的,负全部责任,不负责任,1,贵A5849T,银,1,贵A46Z77,黑,自培,自培,2004/12/28 0:00,2002/7/5 0:00,北京牌,起亚牌,364557000000000000 ,364548000000000000 ,198201,196811,16,0,3,工作日,非高峰,2015-03-16,2015年3月16日,阴 /多云,20℃ / 15℃,南风 ≤3级 /南风 ≤3级,阴,多云,20,15,南风,≤3级,南风,≤3级,day
2015-03-16 17:21:00,乌当,1、追尾的,负全部责任,不负责任,1,贵AW2571,黑,1,贵AR4677,黑,自培,自培,2005/2/21 0:00,2003/5/15 0:00,宝马,豪江牌,366246000000000000 ,364547000000000000 ,197811,197209,17,0,3,工作日,晚高峰(17-19点),2015-03-16,2015年3月16日,阴 /多云,20℃ / 15℃,南风 ≤3级 /南风 ≤3级,阴,多云,20,15,南风,≤3级,南风,≤3级,day
2015-04-02 17:30:00,百花大道,7、未按规定让行的 ,负全部责任,不负责任,1,贵A964D7,白,1,贵AP4479,白,自培,自培,2003/4/18 0:00,2005/2/18 0:00,长安牌,嘉陵牌,77460500000000000 ,366068000000000000 ,197806,197510,17,3,4,工作日,晚高峰(17-19点),2015-04-02,2015年4月2日,多云 /多云,30℃ / 18℃,南风 ≤3级 /南风 ≤3级,多云,多云,30,18,南风,≤3级,南风,≤3级,day
2015-04-03 01:46:00,沙冲路,1、追尾的,负全部责任,不负责任,1,贵CA7632,白色,1,贵A41R92,黑色,自培,自培,2011/11/30 0:00,2001/5/16 0:00,长安牌,奥迪牌,366566000000000 ,354366000000000000 ,750519,196607,1,4,4,工作日,非高峰,2015-04-03,2015年4月3日,多云 /多云,30℃ / 19℃,南风 ≤3级 /南风 ≤3级,多云,多云,30,19,南风,≤3级,南风,≤3级,night
2015-04-03 08:45:00,金阳北路,1、追尾的,负全部责任,不负责任,1,贵AU9861,黑,1,贵A69E12,蓝,自培,自培,2002/1/10 0:00,2004/9/13 0:00,瑞麒牌,奥迪牌,366367000000000000 ,364548000000000000 ,198111,198410,8,4,4,工作日,早高峰(7-9点),2015-04-03,2015年4月3日,多云 /多云,30℃ / 19℃,南风 ≤3级 /南风 ≤3级,多云,多云,30,19,南风,≤3级,南风,≤3级,day
2015-04-09 14:55:00,宅吉,7、未按规定让行的 ,负全部责任,不负责任,1,贵AHM293,银,1,贵A34H44,黑,-1,自培,-1,2006/2/7 0:00,比亚迪牌,奥迪牌,354667000000000000 ,364548000000000000 ,196912,198602,14,3,4,工作日,非高峰,2015-04-09,2015年4月9日,阴 /小雨,11℃ / 7℃,东北风 ≤3级 /东北风 ≤3级,阴,小雨,11,7,东北风,≤3级,东北风,≤3级,day
2015-04-09 13:30:00,上麦,8、依法应负全责的其他情形,负全部责任,不负责任,1,贵A5717U,白,1,贵A2B279,黄,自培,自培,2003/8/4 0:00,2001/6/7 0:00,豪情牌,五菱牌,364558000000000000 ,364557000000000000 ,198507,197912,13,3,4,工作日,非高峰,2015-04-09,2015年4月9日,阴 /小雨,11℃ / 7℃,东北风 ≤3级 /东北风 ≤3级,阴,小雨,11,7,东北风,≤3级,东北风,≤3级,day
2015-04-15 14:50:00,北京西路,7、未按规定让行的 ,负全部责任,不负责任,1,贵APW982,银,1,贵GR2985,白,自培,自培,2008/6/27 0:00,2006/10/23 0:00,东风牌,丰田牌,706263000000000000 ,36455651955449695X,197703,198110,14,2,4,工作日,非高峰,2015-04-15,2015年4月15日,多云 /多云,24℃ / 16℃,东南风 ≤3级 /南风 ≤3级,多云,多云,24,16,东南风,≤3级,南风,≤3级,day
2015-04-17 09:00:00,贵惠大道,7、未按规定让行的 ,负全部责任,不负责任,1,贵A95424,白色,1,贵ANY202,白色,黔南金都汽车驾驶学校,自培,2012/1/13 0:00,2006/6/15 0:00,解放牌,夏利牌,366875000000000000 ,364547000000000000 ,198910,197202,9,4,4,工作日,早高峰(7-9点),2015-04-17,2015年4月17日,多云 /多云,28℃ / 19℃,南风 ≤3级 /南风 ≤3级,多云,多云,28,19,南风,≤3级,南风,≤3级,day
2015-04-17 08:00:00,白云区,1、追尾的,负全部责任,不负责任,1,贵A3107学,黑,1,贵8579P,银,十一培,自培,1997/11/24 0:00,2004/10/26 0:00,-1,-1,364547000000000000 ,364548000000000000 ,196001,197809,8,4,4,工作日,早高峰(7-9点),2015-04-17,2015年4月17日,多云 /多云,28℃ / 19℃,南风 ≤3级 /南风 ≤3级,多云,多云,28,19,南风,≤3级,南风,≤3级,day
2015-04-20 08:00:00,西二环,1、追尾的,负全部责任,不负责任,1,贵ADU518,银,1,贵AJ5678,黄,高新驾校,自培,2013/12/4 0:00,2001/2/20 0:00,力帆牌,别克牌,366566000000000000 ,554550000000000000 ,199412,196612,8,0,4,工作日,早高峰(7-9点),2015-04-20,2015年4月20日,阴 /阴,20℃ / 11℃,东北风 ≤3级 /东北风 ≤3级,阴,阴,20,11,东北风,≤3级,东北风,≤3级,day
2015-04-29 09:40:00,飞山街,7、未按规定让行的 ,负全部责任,不负责任,1,贵AN7183,白,1,贵A4AW22,黄,自培,自培,2000/8/4 0:00,2007/3/13 0:00,金杯牌,福克斯牌,364548000000000000 ,364548000000000000 ,197312,198806,9,2,4,工作日,早高峰(7-9点),2015-04-29,2015年4月29日,阵雨 /阵雨,26℃ / 16℃,东北风 ≤3级 /东南风 ≤3级,阵雨,阵雨,26,16,东北风,≤3级,东南风,≤3级,day
2015-05-02 10:22:00,未来方舟,7、未按规定让行的 ,负全部责任,不负责任,1,贵AR7479,黑,1,贵ASO866,黄,自培,自培,2003/6/5 0:00,2004/5/9 0:00,雅阁牌,-1,36454651855441563X,364547000000000000 ,197110,197311,10,5,5,工作日,非高峰,2015-05-02,2015年5月2日,多云 /阵雨,26℃ / 16℃,东北风 ≤3级 /东风 ≤3级,多云,阵雨,26,16,东北风,≤3级,东风,≤3级,day
2015-05-02 12:00:00,青岩,1、追尾的,负全部责任,不负责任,1,贵CLJ656,白色,1,贵A56C86,白色,自培,自培,2007/8/3 0:00,2006/6/16 0:00,-1,尚酷,366546000000000000 ,366567000000000000 ,197812,197303,12,5,5,工作日,非高峰,2015-05-02,2015年5月2日,多云 /阵雨,26℃ / 16℃,东北风 ≤3级 /东风 ≤3级,多云,阵雨,26,16,东北风,≤3级,东风,≤3级,day
2015-05-03 14:00:00,花溪,3、倒车的,负全部责任,不负责任,1,贵A3879R,白色,1,贵FY2924,白色,-1,自培,-1,2000/7/7 0:00,别克牌,-1,364556000000000000 ,366064000000000000 ,195002,198307,14,6,5,周末,非高峰,2015-05-03,2015年5月3日,阵雨 /阵雨,25℃ / 15℃,东北风 ≤3级 /东北风 ≤3级,阵雨,阵雨,25,15,东北风,≤3级,东北风,≤3级,day
2015-05-03 15:00:00,长江路,3、倒车的,负全部责任,不负责任,1,贵A544G8,白色,1,贵JCM727,白色,-1,自培,-1,2001/4/16 0:00,长安牌,-1,364551000000000000 ,364551000000000000 ,199402,198209,15,6,5,周末,非高峰,2015-05-03,2015年5月3日,阵雨 /阵雨,25℃ / 15℃,东北风 ≤3级 /东北风 ≤3级,阵雨,阵雨,25,15,东北风,≤3级,东北风,≤3级,day
2015-05-08 17:00:00,小河转盘,7、未按规定让行的 ,负全部责任,不负责任,1,贵A42R24,白色,1,贵A437J3,白色,-1,自培,-1,2000/10/25 0:00,东风标致牌,五十铃牌,366346000000000000 ,364547000000000000 ,198103,195303,17,4,5,工作日,晚高峰(17-19点),2015-05-08,2015年5月8日,阵雨 /多云,25℃ / 15℃,东南风 ≤3级 /东北风 ≤3级,阵雨,多云,25,15,东南风,≤3级,东北风,≤3级,day
2015-05-10 14:30:00,煤矿村,9、不符合前8款规定或者双方同时具有上述情形的,负全部责任,不负责任,1,贵AC473H,红,0,贵AEV749,白,自培,自培,2011/8/26 0:00,2005/2/21 0:00,-1,思域牌,364568000000000000 ,364547000000000000 ,198802,197603,14,6,5,周末,非高峰,2015-05-10,2015年5月10日,阵雨 /雷阵雨,25℃ / 14℃,南风 ≤3级 /南风 ≤3级,阵雨,雷阵雨,25,14,南风,≤3级,南风,≤3级,day
2015-05-14 15:50:00,卫校,7、未按规定让行的 ,负全部责任,不负责任,1,贵AR5846,红,1,贵A73P88,黑,自培,自培,2011/12/21 0:00,2002/10/12 0:00,宗隆牌,自由客,344667000000000000 ,364558000000000000 ,198610,197904,15,3,5,工作日,非高峰,2015-05-14,2015年5月14日,多云 /雷阵雨,27℃ / 20℃,东南风 ≤3级 /南风 ≤3级,多云,雷阵雨,27,20,东南风,≤3级,南风,≤3级,day
2015-05-18 08:00:00,南明区军体校,3、倒车的,负全部责任,不负责任,1,贵A88286,白色,1,贵A87K82,白色,-1,自培,-1,2004/6/24 0:00,柳特神力牌,波罗牌,366560000000000 ,366368000000000000 ,650821,197910,8,0,5,工作日,早高峰(7-9点),2015-05-18,2015年5月18日,多云 /多云,25℃ / 18℃,东北风 ≤3级 /东北风 ≤3级,多云,多云,25,18,东北风,≤3级,东北风,≤3级,day
2015-05-18 08:00:00,宝山南路,7、未按规定让行的 ,负全部责任,不负责任,1,贵AU2745,白色,1,贵A95F24,白色,（南明区）长运驾驶培训有限公司,自培,2008/11/28 0:00,2012/11/29 0:00,宝来牌,福克斯牌,366367000000000000 ,364547000000000000 ,197009,199202,8,0,5,工作日,早高峰(7-9点),2015-05-18,2015年5月18日,多云 /多云,25℃ / 18℃,东北风 ≤3级 /东北风 ≤3级,多云,多云,25,18,东北风,≤3级,东北风,≤3级,day
2015-05-17 19:20:00,小十字,1、追尾的,负全部责任,不负责任,0,贵GY1784,白,0,贵AN9681,黄,自培,自培,2007/4/28 0:00,2004/5/31 0:00,-1,大运牌,366664000000000000 ,364548000000000000 ,198205,198604,19,6,5,周末,晚高峰(17-19点),2015-05-17,2015年5月17日,阵雨 /雷阵雨,25℃ / 17℃,东北风 ≤3级 /南风 ≤3级,阵雨,雷阵雨,25,17,东北风,≤3级,南风,≤3级,day
2015-05-21 05:00:00,威清路,8、依法应负全责的其他情形,负全部责任,不负责任,1,贵ANP489,黑,1,贵AU3572,黄,自培,自培,2000/3/7 0:00,2006/7/6 0:00,豪情牌,瑞麒牌,366368000000000000 ,364556000000000000 ,196206,198606,5,3,5,工作日,非高峰,2015-05-21,2015年5月21日,阴 /阵雨,24℃ / 16℃,东风 ≤3级 /东风 ≤3级,阴,阵雨,24,16,东风,≤3级,东风,≤3级,night
2015-05-21 10:40:00,西二环,7、未按规定让行的 ,负全部责任,不负责任,1,贵A72M28,红,1,贵AB208G,白,自培,自培,2007/2/1 0:00,2002/2/21 0:00,东风牌,比亚迪牌,506046000000000000 ,36636051815562495X,197104,197911,10,3,5,工作日,非高峰,2015-05-21,2015年5月21日,阴 /阵雨,24℃ / 16℃,东风 ≤3级 /东风 ≤3级,阴,阵雨,24,16,东风,≤3级,东风,≤3级,day
2015-05-29 16:50:00,贵开路,1、追尾的,负全部责任,不负责任,1,贵A0CG15,红,1,贵FD0400,黑,贵州省长安驾驶培训学校,自培,2010/7/9 0:00,2012/7/23 0:00,速腾牌,-1,364646000000000000 ,366070000000000000 ,198803,198704,16,4,5,工作日,非高峰,2015-05-29,2015年5月29日,阵雨 /阵雨,24℃ / 17℃,东南风 ≤3级 /东北风 ≤3级,阵雨,阵雨,24,17,东南风,≤3级,东北风,≤3级,day
2015-03-28 14:00:00,北二环,7、未按规定让行的 ,负全部责任,不负责任,1,贵JAB983,白,1,贵CDK282,黑,（乌当区）全林驾驶培训有限公司,自培,2009/4/30 0:00,2002/11/9 0:00,别克牌,福田牌,366864000000000000 ,364557000000000000 ,197908,197301,14,5,3,工作日,非高峰,2015-03-28,2015年3月28日,阵雨 /雷阵雨,17℃ / 14℃,南风 ≤3级 /南风 ≤3级,阵雨,雷阵雨,17,14,南风,≤3级,南风,≤3级,day
2015-04-06 20:40:00,金阳,9、不符合前8款规定或者双方同时具有上述情形的,负同等责任,负同等责任,1,贵DCY677,银,1,贵ABM174,红,贵州省德江时发汽车驾驶培训学校,自培,2011/1/25 0:00,2005/12/22 0:00,比亚迪牌,大众汽车牌,36666351964145645X,36455551894741530X,198209,197803,20,0,4,工作日,非高峰,2015-04-06,2015年4月6日,阵雨 /阵雨,17℃ / 7℃,东北风 ≤3级 /东北风 ≤3级,阵雨,阵雨,17,7,东北风,≤3级,东北风,≤3级,night
2015-04-14 08:45:00,黔灵山路,1、追尾的,负全部责任,不负责任,1,贵DC6294,银,0,贵A86N12,白,-1,自培,-1,2004/7/14 0:00,解放牌,奥迪牌,366663000000000000 ,364547000000000000 ,197701,196907,8,1,4,工作日,早高峰(7-9点),2015-04-14,2015年4月14日,晴 /多云,22℃ / 9℃,东风 ≤3级 /东风 ≤3级,晴,多云,22,9,东风,≤3级,东风,≤3级,day
2015-04-23 08:30:00,嘉润路,7、未按规定让行的 ,负全部责任,不负责任,1,贵AK3796,白色,1,贵DV2591,白色,-1,自培,-1,2004/7/13 0:00,富路牌,北京现代牌,36606551664546057X,36666151924369745X,192201,198605,8,3,4,工作日,早高峰(7-9点),2015-04-23,2015年4月23日,阴 /小雨,16℃ / 10℃,东北风 ≤3级 /东北风 ≤3级,阴,小雨,16,10,东北风,≤3级,东北风,≤3级,day
2015-02-11 17:30:00,都司路,7、未按规定让行的 ,负全部责任,不负责任,1,贵A6A214,白色,1,贵A52P52,白色,预约考试窗口,自培,2003/7/22 0:00,2006/7/14 0:00,-1,梅赛德斯-奔驰,61442500000000000 ,364547000000000000 ,198310,197305,17,2,2,工作日,晚高峰(17-19点),2015-02-11,2015年2月11日,多云 /多云,11℃ / 3℃,东风 ≤3级 /东北风 ≤3级,多云,多云,11,3,东风,≤3级,东北风,≤3级,day
2015-04-29 12:30:00,五里冲,1、追尾的,负全部责任,不负责任,1,贵ATK003,白色,1,贵A9552,白色,（白云区）景宏驾驶培训有限公司,自培,2007/12/7 0:00,2001/7/10 0:00,吉利美日牌,东风雪铁龙牌,366563000000000000 ,366347000000000000 ,198410,196812,12,2,4,工作日,非高峰,2015-04-29,2015年4月29日,阵雨 /阵雨,26℃ / 16℃,东北风 ≤3级 /东南风 ≤3级,阵雨,阵雨,26,16,东北风,≤3级,东南风,≤3级,day
2015-04-05 09:25:00,盐务街,7、未按规定让行的 ,负全部责任,不负责任,1,贵AU6967,白,1,贵AU3766,黄,预约考试窗口,自培,2000/4/25 0:00,2005/3/25 0:00,捷达牌,宝来牌,54640500000000000 ,366346000000000000 ,197406,196405,9,6,4,周末,早高峰(7-9点),2015-04-05,2015年4月5日,阴 /阵雨,30℃ / 12℃,南风 ≤3级 /东北风 ≤3级,阴,阵雨,30,12,南风,≤3级,东北风,≤3级,day
2015-03-25 10:30:00,飞山街,7、未按规定让行的 ,负全部责任,不负责任,1,贵A365E2,白,1,贵A62P31,银,预约考试窗口,自培,2006/6/13 0:00,2006/7/24 0:00,华神牌,吉利牌,364556000000000000 ,366347000000000000 ,196809,198002,10,2,3,工作日,非高峰,2015-03-25,2015年3月25日,阴 /阵雨,14℃ / 9℃,东北风 ≤3级 /东北风 ≤3级,阴,阵雨,14,9,东北风,≤3级,东北风,≤3级,day
2015-03-23 13:40:00,北京路,1、追尾的,负全部责任,不负责任,1,贵AU7621,绿,1,贵AUA084,蓝,预约考试窗口,自培,1997/3/3 0:00,2011/8/15 0:00,钱江牌,瑞麒牌,364547000000000000 ,364568000000000000 ,196502,198611,13,0,3,工作日,非高峰,2015-03-23,2015年3月23日,多云 /阴,17℃ / 9℃,东北风 ≤3级 /东北风 ≤3级,多云,阴,17,9,东北风,≤3级,东北风,≤3级,day
2015-03-14 17:00:00,会展城,7、未按规定让行的 ,负全部责任,不负责任,1,贵AN3584,黑,1,贵AR4356,银,预约考试窗口,自培,2003/3/30 0:00,2004/6/21 0:00,大众汽车牌,三菱牌,366367000000000000 ,364548000000000000 ,195812,198505,17,5,3,工作日,晚高峰(17-19点),2015-03-14,2015年3月14日,阴 /阴,17℃ / 12℃,南风 ≤3级 /东南风 ≤3级,阴,阴,17,12,南风,≤3级,东南风,≤3级,day
2015-05-29 18:00:00,东林寺路,7、未按规定让行的 ,负全部责任,不负责任,1,贵FAK843,蓝,1,贵GT6872,黑,消防驾校,自培,2014/8/20 0:00,2007/6/28 0:00,-1,-1,366068000000000000 ,366664000000000000 ,196310,198209,18,4,5,工作日,晚高峰(17-19点),2015-05-29,2015年5月29日,阵雨 /阵雨,24℃ / 17℃,东南风 ≤3级 /东北风 ≤3级,阵雨,阵雨,24,17,东南风,≤3级,东北风,≤3级,day
2015-04-24 17:10:00,甲秀南路,7、未按规定让行的 ,负全部责任,不负责任,1,贵A7909R,白色,1,贵A12E52,白色,#,自培,2007/8/3 0:00,2011/6/8 0:00,东风日产牌,吉利牌,364558000000000000 ,364556000000000000 ,196402,196611,17,4,4,工作日,晚高峰(17-19点),2015-04-24,2015年4月24日,阴 /小雨,16℃ / 11℃,东风 ≤3级 /东风 ≤3级,阴,小雨,16,11,东风,≤3级,东风,≤3级,day
2015-05-07 08:20:00,小河招行,7、未按规定让行的 ,负全部责任,不负责任,1,贵A7AF21,白色,1,贵AR1145,白色,黔南东方驾驶培训学校,自培,-1,2007/9/28 0:00,马自达牌,思迪牌,674344000000000000 ,664847000000000000 ,198911,198003,8,3,5,工作日,早高峰(7-9点),2015-05-07,2015年5月7日,阵雨 /雷阵雨,23℃ / 17℃,东南风 ≤3级 /东南风 ≤3级,阵雨,雷阵雨,23,17,东南风,≤3级,东南风,≤3级,day
2015-05-14 08:00:00,会展城,7、未按规定让行的 ,负全部责任,不负责任,1,贵JAC122,白,0,贵GM1106,蓝,新华驾校,自培,2001/5/19 0:00,2010/9/29 0:00,-1,-1,366876000000000000 ,36636251905561646X,197205,198411,8,3,5,工作日,早高峰(7-9点),2015-05-14,2015年5月14日,多云 /雷阵雨,27℃ / 20℃,东南风 ≤3级 /南风 ≤3级,多云,雷阵雨,27,20,东南风,≤3级,南风,≤3级,day
2015-03-24 07:30:00,青云路,1、追尾的,负全部责任,不负责任,1,贵AU3424,白色,1,贵AKR262,白色,预约考试窗口,自培,2003/10/31 0:00,2004/10/12 0:00,海陵牌,凯宴A221,36656151904868445X,74365500000000000 ,198407,197908,7,1,3,工作日,早高峰(7-9点),2015-03-24,2015年3月24日,小雨 /阵雨,13℃ / 7℃,东北风 ≤3级 /东北风 ≤3级,小雨,阵雨,13,7,东北风,≤3级,东北风,≤3级,day
2015-03-16 21:17:00,二戈寨,7、未按规定让行的 ,负全部责任,不负责任,1,贵A98N23,白色,1,贵ACW792,白色,（南明区）铁二局驾驶培训有限公司,自培,2007/4/19 0:00,2004/6/21 0:00,马自达牌,长安牌,364547000000000000 ,354652000000000000 ,197503,198109,21,0,3,工作日,非高峰,2015-03-16,2015年3月16日,阴 /多云,20℃ / 15℃,南风 ≤3级 /南风 ≤3级,阴,多云,20,15,南风,≤3级,南风,≤3级,night
2015-04-11 18:00:00,龙洞堡,7、未按规定让行的 ,负全部责任,不负责任,1,贵AFC006,白色,1,贵ATN862,白色,（经开区）十一驾驶培训有限公司,自培,2005/1/28 0:00,2002/3/4 0:00,解放牌,梅赛德斯-奔驰,366067000000000000 ,364556000000000000 ,198108,197812,18,5,4,工作日,晚高峰(17-19点),2015-04-11,2015年4月11日,多云 /多云,15℃ / 9℃,东北风 ≤3级 /东风 ≤3级,多云,多云,15,9,东北风,≤3级,东风,≤3级,day
2015-04-16 19:00:00,白云区,1、追尾的,负全部责任,不负责任,1,贵A21S14,黄,1,贵A0854C,蓝,毕节地区驾校,自培,-1,2009/12/8 0:00,宝马牌,杰士达,354361000000000000 ,364568000000000000 ,198202,199101,19,3,4,工作日,晚高峰(17-19点),2015-04-16,2015年4月16日,多云 /多云,29℃ / 17℃,南风 ≤3级 /南风 ≤3级,多云,多云,29,17,南风,≤3级,南风,≤3级,day
2015-03-03 18:00:00,长江路,1、追尾的,负全部责任,不负责任,1,贵A73N67,白色,1,贵A35669,白色,铜仁鸿程驾驶培训学校,自培,2004/6/4 0:00,2003/9/29 0:00,斯柯达牌,梅赛德斯-奔驰,364548000000000000 ,366064000000000000 ,198109,197406,18,1,3,工作日,晚高峰(17-19点),2015-03-03,2015年3月3日,小雨 /小雨,8℃ / 3℃,东北风 ≤3级 /东北风 ≤3级,小雨,小雨,8,3,东北风,≤3级,东北风,≤3级,day
2015-03-10 02:20:00,碧海园园,7、未按规定让行的 ,负全部责任,不负责任,1,贵C88506,黄,1,贵AEV223,黄,自培,自培,2010/6/11 0:00,2002/4/30 0:00,长安牌,梅赛德斯-奔驰,366068000000000000 ,366361000000000000 ,199102,198011,2,1,3,工作日,非高峰,2015-03-10,2015年3月10日,小雨 /小雨,8℃ / 4℃,东北风 ≤3级 /东北风 ≤3级,小雨,小雨,8,4,东北风,≤3级,东北风,≤3级,night
2015-03-01 14:40:00,香江路与锦江路交叉口,8、依法应负全责的其他情形,负全部责任,不负责任,1,贵AK6583,白色,1,贵A54Y85,白色,贵州晨运驾驶培训学校,自培,2004/10/29 0:00,2000/3/3 0:00,力帆牌,宝马,364556000000000000 ,364556000000000000 ,196710,198202,14,6,3,周末,非高峰,2015-03-01,2015年3月1日,阴 /阴,9℃ / 3℃,东风 ≤3级 /南风 ≤3级,阴,阴,9,3,东风,≤3级,南风,≤3级,day
2015-04-09 19:00:00,油榨街,7、未按规定让行的 ,负全部责任,不负责任,1,贵AU0196,白色,1,贵AU0941,白色,铜仁地区锦宏驾校,自培,2005/9/8 0:00,2001/9/10 0:00,万达牌,万达牌,74667500000000000 ,364548000000000000 ,197207,197311,19,3,4,工作日,晚高峰(17-19点),2015-04-09,2015年4月9日,阴 /小雨,11℃ / 7℃,东北风 ≤3级 /东北风 ≤3级,阴,小雨,11,7,东北风,≤3级,东北风,≤3级,day
2015-04-30 16:00:00,体育馆,7、未按规定让行的 ,负全部责任,不负责任,1,贵AAG529,白色,1,贵A5K181,白色,习水,自培,1995/2/2 0:00,2004/12/30 0:00,福克斯牌,大众牌,364547000000000000 ,64555500000000000 ,195709,197512,16,3,4,工作日,非高峰,2015-04-30,2015年4月30日,阵雨 /阵雨,25℃ / 17℃,东南风 ≤3级 /东南风 ≤3级,阵雨,阵雨,25,17,东南风,≤3级,东南风,≤3级,day
2015-05-20 07:50:00,实验三中,3、倒车的,负全部责任,不负责任,1,贵A2CF08,黑,0,贵A5CB56,黑,预约考试窗口,自培,2009/3/22 0:00,2005/10/25 0:00,吉利牌,别克牌,366067000000000000 ,364547000000000000 ,197409,198106,7,2,5,工作日,早高峰(7-9点),2015-05-20,2015年5月20日,阴 /阵雨,23℃ / 17℃,东北风 ≤3级 /东北风 ≤3级,阴,阵雨,23,17,东北风,≤3级,东北风,≤3级,day
2015-03-17 20:00:00,国际商贸,9、不符合前8款规定或者双方同时具有上述情形的,负同等责任,负同等责任,1,贵ATG632,白,1,川Z79379,红,遵义驾校,自培,2003/12/2 0:00,2010/7/20 0:00,解放牌,-1,354166000000000000 ,357967000000000000 ,196406,198511,20,1,3,工作日,非高峰,2015-03-17,2015年3月17日,多云 /多云,25℃ / 14℃,南风 ≤3级 /南风 ≤3级,多云,多云,25,14,南风,≤3级,南风,≤3级,night
2015-03-18 15:35:00,陕西路,1、追尾的,负全部责任,不负责任,1,贵AU1389,白,1,贵AZF226,白,预约考试窗口,自培,2004/7/28 0:00,2002/4/24 0:00,丰田牌,大众汽车牌,366361000000000000 ,366064000000000000 ,197402,197906,15,2,3,工作日,非高峰,2015-03-18,2015年3月18日,多云 /多云,24℃ / 14℃,南风 ≤3级 /南风 ≤3级,多云,多云,24,14,南风,≤3级,南风,≤3级,day
2015-04-16 12:50:00,白云区,7、未按规定让行的 ,负全部责任,不负责任,1,贵AHX461,白,0,贵A4E551,蓝,绥阳驾校,自培,2003/7/1 0:00,2006/7/20 0:00,蒙迪欧牌,-1,366246000000000000 ,736669000000000000 ,197110,198710,12,3,4,工作日,非高峰,2015-04-16,2015年4月16日,多云 /多云,29℃ / 17℃,南风 ≤3级 /南风 ≤3级,多云,多云,29,17,南风,≤3级,南风,≤3级,day
2015-02-04 23:30:00,大十字,1、追尾的,负全部责任,不负责任,1,贵AU9853,白,1,贵ADB534,蓝,（南明区）长安驾驶培训有限公司,自培,2008/8/11 0:00,2005/7/14 0:00,隆鑫牌,夏利牌,366569000000000000 ,364548000000000000 ,198607,197411,23,2,2,工作日,非高峰,2015-02-04,2015年2月4日,小雨 /小雨,4℃ / 0℃,东北风 ≤3级 /东北风 ≤3级,小雨,小雨,4,0,东北风,≤3级,东北风,≤3级,night
2015-02-05 07:40:00,头桥,1、追尾的,负全部责任,不负责任,1,贵AGE182,黑,1,贵J4B488,黑,（乌当区）新天驾驶培训有限公司,自培,2005/4/26 0:00,2004/12/3 0:00,比亚迪牌,-1,364547000000000000 ,364548000000000000 ,198312,196205,7,3,2,工作日,早高峰(7-9点),2015-02-05,2015年2月5日,阴 /阴,3℃ / 0℃,东北风 ≤3级 /东北风 ≤3级,阴,阴,3,0,东北风,≤3级,东北风,≤3级,day