accidenttime,accidentaddr,driver1fault,driver1responsibility,driver2responsibility,sex1,platenumber1,carcolor1,sex2,platenumber2,carcolor2,jxmc1,jxmc2,cclzrq1,cclzrq2,clpp1,clpp2,driver1license,driver2license,brith1,brith2,hour,weekday,month,is_weekday,peak_hour,date,日期,天气状况,气温,风力风向,day_wea,night_wea,day_tep,night_tep,day_wind_direction,day_wind_speed,night_wind_direction,night_wind_speed,segment
2015-03-17 09:00:00,兴关路,3、倒车的,负全部责任,不负责任,1,贵A892F7,白色,1,贵A36X32,白色,（乌当区）全林驾驶培训有限公司,自培,2005/12/19 0:00,2004/8/17 0:00,东风牌,奥迪,366064000000000000 ,356168000000000000 ,198405,197610,9,1,3,工作日,早高峰(7-9点),2015-03-17,2015年3月17日,多云 /多云,25℃ / 14℃,南风 ≤3级 /南风 ≤3级,多云,多云,25,14,南风,≤3级,南风,≤3级,day
2015-02-04 09:52:00,美食城,7、未按规定让行的 ,负全部责任,不负责任,1,贵A84E44,黄,1,贵FV2231,蓝,路路达驾校,自培,2013/9/26 0:00,2003/7/17 0:00,华泰圣达菲牌,大众汽车牌,364557000000000000 ,364556000000000000 ,196904,198501,9,2,2,工作日,早高峰(7-9点),2015-02-04,2015年2月4日,小雨 /小雨,4℃ / 0℃,东北风 ≤3级 /东北风 ≤3级,小雨,小雨,4,0,东北风,≤3级,东北风,≤3级,day
2015-02-04 16:30:00,东二环,1、追尾的,负全部责任,不负责任,0,贵AC67070,银,1,贵A17X65,黑,（南明区）金大驾驶培训有限公司,自培,2005/2/21 0:00,2007/6/18 0:00,-1,途锐,76347500000000000 ,54367500000000000 ,196710,198607,16,2,2,工作日,非高峰,2015-02-04,2015年2月4日,小雨 /小雨,4℃ / 0℃,东北风 ≤3级 /东北风 ≤3级,小雨,小雨,4,0,东北风,≤3级,东北风,≤3级,day
2015-02-05 08:20:00,新添大道,7、未按规定让行的 ,负全部责任,不负责任,0,贵GQ0002,蓝,1,贵A93M15,红,蓝天驾校,自培,2013/11/29 0:00,2005/7/28 0:00,翼搏牌,长安牌,366876000000000000 ,364548000000000000 ,198007,198303,8,3,2,工作日,早高峰(7-9点),2015-02-05,2015年2月5日,阴 /阴,3℃ / 0℃,东北风 ≤3级 /东北风 ≤3级,阴,阴,3,0,东北风,≤3级,东北风,≤3级,day
2015-02-05 08:40:00,水口寺,7、未按规定让行的 ,负全部责任,不负责任,1,贵A76M83,黑色,1,贵J68623,黄色,十一驾驶培训有限公司,自培,2011/6/30 0:00,2000/4/13 0:00,斯柯达牌,五菱牌,36454751885642495X,364557000000000000 ,197712,197201,8,3,2,工作日,早高峰(7-9点),2015-02-05,2015年2月5日,阴 /阴,3℃ / 0℃,东北风 ≤3级 /东北风 ≤3级,阴,阴,3,0,东北风,≤3级,东北风,≤3级,day
2015-02-08 17:00:00,新添大道 ,1、追尾的,负全部责任,不负责任,1,贵AM7115,红,1,贵AMS052,银,（经开区）十一驾驶培训有限公司,自培,2007/11/1 0:00,2004/6/29 0:00,嘉陵牌,长安牌,364548000000000000 ,364646000000000000 ,198012,197310,17,6,2,周末,晚高峰(17-19点),2015-02-08,2015年2月8日,阴 /阴,7℃ / 3℃,东北风 ≤3级 /南风 ≤3级,阴,阴,7,3,东北风,≤3级,南风,≤3级,day
2015-02-06 10:00:00,中曹司小屯路,3、倒车的,负全部责任,不负责任,1,贵AA70954,白色,1,贵AKB275,白色,（乌当区）新华驾驶培训有限公司,自培,2010/4/6 0:00,2004/8/6 0:00,-1,长城牌,366567000000000000 ,366363000000000000 ,198209,196711,10,4,2,工作日,非高峰,2015-02-06,2015年2月6日,多云 /小雨,9℃ / 2℃,南风 ≤3级 /南风 ≤3级,多云,小雨,9,2,南风,≤3级,南风,≤3级,day
2015-02-07 11:00:00,观山湖,9、不符合前8款规定或者双方同时具有上述情形的,负同等责任,负同等责任,1,贵ACG032,银,1,贵AR3427,蓝,（乌当区）新天驾驶培训有限公司,自培,2005/8/24 0:00,2001/11/20 0:00,比亚迪牌,北京现代牌,366361000000000000 ,364558000000000000 ,197312,198104,11,5,2,工作日,非高峰,2015-02-07,2015年2月7日,阴 /阴,8℃ / 3℃,东北风 ≤3级 /东北风 ≤3级,阴,阴,8,3,东北风,≤3级,东北风,≤3级,day
2015-02-06 17:40:00,黔灵山路,7、未按规定让行的 ,负全部责任,不负责任,1,贵A17M68,蓝,1,贵AU7566,蓝,（乌当区）全林驾驶培训有限公司,自培,2006/7/3 0:00,2000/4/21 0:00,东风雪铁龙牌,恒通客车牌,364547000000000000 ,364547000000000000 ,196605,198009,17,4,2,工作日,晚高峰(17-19点),2015-02-06,2015年2月6日,多云 /小雨,9℃ / 2℃,南风 ≤3级 /南风 ≤3级,多云,小雨,9,2,南风,≤3级,南风,≤3级,day
2015-02-09 08:00:00,云岩区,7、未按规定让行的 ,负全部责任,不负责任,1,贵A30125,蓝,1,贵A66R54,银,黔南金都汽车驾驶学校,自培,2012/9/19 0:00,2001/12/20 0:00,红岩牌,宝马牌,364548000000000000 ,364548000000000000 ,197805,198307,8,0,2,工作日,早高峰(7-9点),2015-02-09,2015年2月9日,阴 /小雨,6℃ / 4℃,东北风 ≤3级 /东北风 ≤3级,阴,小雨,6,4,东北风,≤3级,东北风,≤3级,day
2015-02-11 11:30:00,青山小区路口,1、追尾的,负全部责任,不负责任,1,贵A29L87,白色,1,贵AAF967,白色,镇宁县宏伟汽车有限责任公司汽车（摩托车培训学校）,自培,2014/5/21 0:00,2004/8/12 0:00,金杯牌,吉利美日牌,366362000000000000 ,366263000000000000 ,199103,197207,11,2,2,工作日,非高峰,2015-02-11,2015年2月11日,多云 /多云,11℃ / 3℃,东风 ≤3级 /东北风 ≤3级,多云,多云,11,3,东风,≤3级,东北风,≤3级,day
2015-02-07 16:00:00,中天花园,7、未按规定让行的 ,负全部责任,不负责任,1,贵J02939,蓝,1,贵AU0579,蓝,（观山湖区）蓝天驾驶培训有限公司,自培,2005/1/14 0:00,2006/6/16 0:00,别克牌,力帆牌,364547000000000000 ,366361000000000000 ,196506,197803,16,5,2,工作日,非高峰,2015-02-07,2015年2月7日,阴 /阴,8℃ / 3℃,东北风 ≤3级 /东北风 ≤3级,阴,阴,8,3,东北风,≤3级,东北风,≤3级,day
2015-02-08 15:50:00,北京西路,1、追尾的,负全部责任,不负责任,1,贵A66X27,黑,1,贵A5653C,黑,（南明区）吉源驾驶培训有限公司,自培,2008/6/5 0:00,2006/2/20 0:00,大众汽车牌,朗风,36455551964957605X,364548000000000000 ,198208,196507,15,6,2,周末,非高峰,2015-02-08,2015年2月8日,阴 /阴,7℃ / 3℃,东北风 ≤3级 /南风 ≤3级,阴,阴,7,3,东北风,≤3级,南风,≤3级,day
2015-02-08 10:00:00,日报社,7、未按规定让行的 ,负全部责任,不负责任,0,贵A64L46,红,1,贵AU5782,绿,长运驾校,自培,2012/9/25 0:00,2002/9/16 0:00,奥迪牌,豪爵牌,364548000000000000 ,366067000000000000 ,196602,198009,10,6,2,周末,非高峰,2015-02-08,2015年2月8日,阴 /阴,7℃ / 3℃,东北风 ≤3级 /南风 ≤3级,阴,阴,7,3,东北风,≤3级,南风,≤3级,day
2015-02-10 08:30:00,小郑隧道,1、追尾的,负全部责任,不负责任,1,贵GK8149,红,1,贵AJ6733,黑,（白云区）消防驾驶培训学校,自培,2009/7/2 0:00,2006/12/30 0:00,-1,宗申牌,36455751934064496X,366567000000000000 ,198504,196704,8,1,2,工作日,早高峰(7-9点),2015-02-10,2015年2月10日,小雨 /小雨,6℃ / 3℃,东北风 ≤3级 /东风 ≤3级,小雨,小雨,6,3,东北风,≤3级,东风,≤3级,day
2015-02-17 07:53:00,未来转盘,1、追尾的,负全部责任,不负责任,1,贵A4080K,黑,1,贵A80677,黑,（花溪区）金马驾驶培训有限公司,自培,2008/5/22 0:00,2002/9/13 0:00,吉姆尼,恒通客车牌,364548000000000000 ,364557000000000000 ,198510,196707,7,1,2,工作日,早高峰(7-9点),2015-02-17,2015年2月17日,阴 /阴,17℃ / 11℃,东南风 ≤3级 /南风 ≤3级,阴,阴,17,11,东南风,≤3级,南风,≤3级,day
2015-02-27 17:15:00,观山湖,8、依法应负全责的其他情形,负全部责任,不负责任,1,贵A035D8,白,1,贵AB219Y,红,路路达驾校,自培,2012/12/19 0:00,2006/8/7 0:00,奥铃牌,长安牌,355468000000000000 ,364558000000000000 ,198503,198504,17,4,2,工作日,晚高峰(17-19点),2015-02-27,2015年2月27日,多云 /阵雨,21℃ / 5℃,南风 ≤3级 /南风 ≤3级,多云,阵雨,21,5,南风,≤3级,南风,≤3级,day
2015-02-27 18:55:00,金阳,1、追尾的,负全部责任,不负责任,1,贵A0889Z,银色,0,贵A8F645,白色,新天驾校,自培,2014/7/20 0:00,2010/8/27 0:00,长安牌,宝马牌,36455551145546725X,366563000000000000 ,199011,197705,18,4,2,工作日,晚高峰(17-19点),2015-02-27,2015年2月27日,多云 /阵雨,21℃ / 5℃,南风 ≤3级 /南风 ≤3级,多云,阵雨,21,5,南风,≤3级,南风,≤3级,day
2015-02-26 16:50:00,红阳厂,3、倒车的,负全部责任,不负责任,1,贵A7171L,白色,1,贵A49P27,黑色,文通驾校,自培,2011/12/8 0:00,2005/12/31 0:00,宝骏牌,东风标致牌,364556000000000000 ,364556000000000000 ,198108,197803,16,3,2,工作日,非高峰,2015-02-26,2015年2月26日,阴 /小雨,12℃ / 9℃,东风 ≤3级 /南风 ≤3级,阴,小雨,12,9,东风,≤3级,南风,≤3级,day
2015-03-06 17:05:00,水东路,7、未按规定让行的 ,负全部责任,不负责任,1,贵AET377,白,1,贵A15C57,银,（乌当区）平安驾驶培训有限公司,自培,2006/12/14 0:00,2007/6/20 0:00,思威牌,长安牌,366669000000000000 ,366270000000000000 ,197105,198008,17,4,3,工作日,晚高峰(17-19点),2015-03-06,2015年3月6日,小雨 /小雨,5℃ / 3℃,东北风 ≤3级 /东北风 ≤3级,小雨,小雨,5,3,东北风,≤3级,东北风,≤3级,day
2015-03-04 11:40:00,人民广场,1、追尾的,负全部责任,不负责任,1,贵A55C72,黑色,1,贵A7B596,白色,贵州现代驾驶培训责任有限公司,自培,2011/7/19 0:00,2001/10/11 0:00,路虎,北京牌,364548000000000000 ,366246000000000000 ,199006,196801,11,2,3,工作日,非高峰,2015-03-04,2015年3月4日,小雨 /小雨,6℃ / 1℃,东北风 ≤3级 /东北风 ≤3级,小雨,小雨,6,1,东北风,≤3级,东北风,≤3级,day
2015-03-06 16:40:00,飞山街,7、未按规定让行的 ,负全部责任,不负责任,1,贵A57M76,白,1,贵ARE553,黑,贵州省长安驾驶培训学校,自培,2014/11/25 0:00,2001/7/23 0:00,奥迪牌,雅阁牌,364548000000000000 ,356168000000000000 ,198209,196508,16,4,3,工作日,非高峰,2015-03-06,2015年3月6日,小雨 /小雨,5℃ / 3℃,东北风 ≤3级 /东北风 ≤3级,小雨,小雨,5,3,东北风,≤3级,东北风,≤3级,day
2015-02-28 15:00:00,小河三江口,8、依法应负全责的其他情形,负全部责任,不负责任,1,贵A607F8,黑色,1,贵A91W67,黑色,（乌当区）新华驾驶培训有限公司,自培,2007/12/28 0:00,2005/5/17 0:00,燕台牌,帕萨特,366363000000000000 ,36455051984745447X,197108,198703,15,5,2,工作日,非高峰,2015-02-28,2015年2月28日,小雨 /小雨,8℃ / 4℃,东北风 ≤3级 /东北风 ≤3级,小雨,小雨,8,4,东北风,≤3级,东北风,≤3级,day
2015-03-05 13:50:00,金珠东路,7、未按规定让行的 ,负全部责任,不负责任,0,贵ALS245,红,1,贵A22M86,银,消防驾校,自培,2011/8/18 0:00,2005/1/27 0:00,广汽菲亚特牌,金杯牌,364548000000000000 ,366067000000000000 ,198006,198409,13,3,3,工作日,非高峰,2015-03-05,2015年3月5日,小雨 /小雨,4℃ / 1℃,东北风 ≤3级 /东北风 ≤3级,小雨,小雨,4,1,东北风,≤3级,东北风,≤3级,day
2015-03-07 22:40:00,宝山北路,1、追尾的,负全部责任,不负责任,1,贵A67347,白色,1,贵AU7639,白色,（南明区）市交通职业技术驾驶培训学校,自培,2005/1/26 0:00,2001/7/31 0:00,蓝箭,万达牌,364548000000000000 ,366368000000000000 ,198509,197306,22,5,3,工作日,非高峰,2015-03-07,2015年3月7日,阴 /小雨,10℃ / 5℃,东风 ≤3级 /东南风 ≤3级,阴,小雨,10,5,东风,≤3级,东南风,≤3级,night
2015-03-05 17:30:00,东山,1、追尾的,负全部责任,不负责任,1,贵AU2707,白色,1,贵A75C55,白色,（花溪区）金马驾驶培训有限公司,自培,2008/8/26 0:00,2003/9/17 0:00,三铃牌,雪佛兰牌,366067000000000000 ,364547000000000000 ,199002,197808,17,3,3,工作日,晚高峰(17-19点),2015-03-05,2015年3月5日,小雨 /小雨,4℃ / 1℃,东北风 ≤3级 /东北风 ≤3级,小雨,小雨,4,1,东北风,≤3级,东北风,≤3级,day
2015-03-10 14:00:00,花溪区政府,1、追尾的,负全部责任,不负责任,1,贵A5986Y,白色,1,贵FH8919,白色,高新驾校,自培,2014/10/29 0:00,2004/8/5 0:00,福特牌,五菱牌,364556000000000000 ,366067000000000000 ,199507,197211,14,1,3,工作日,非高峰,2015-03-10,2015年3月10日,小雨 /小雨,8℃ / 4℃,东北风 ≤3级 /东北风 ≤3级,小雨,小雨,8,4,东北风,≤3级,东北风,≤3级,day
2015-03-12 10:00:00,北京西路,1、追尾的,负全部责任,不负责任,1,贵ACN048,蓝,1,贵GX6117,白,（南明区）现代驾驶培训有限公司,自培,2008/6/10 0:00,2006/4/13 0:00,福克斯牌,东风标致牌,364551000000000000 ,364548000000000000 ,198310,196906,10,3,3,工作日,非高峰,2015-03-12,2015年3月12日,多云 /多云,16℃ / 10℃,南风 ≤3级 /南风 ≤3级,多云,多云,16,10,南风,≤3级,南风,≤3级,day
2015-03-10 02:30:00,花溪大道,3、倒车的,负全部责任,不负责任,1,贵ATF947,白色,1,贵AJJ793,白色,（南明区）阳光驾驶培训有限公司,自培,2007/2/13 0:00,2010/9/14 0:00,福田牌,雅阁,364556000000000000 ,366347000000000000 ,195210,198110,2,1,3,工作日,非高峰,2015-03-10,2015年3月10日,小雨 /小雨,8℃ / 4℃,东北风 ≤3级 /东北风 ≤3级,小雨,小雨,8,4,东北风,≤3级,东北风,≤3级,night
2015-03-10 14:30:00,长林南路,1、追尾的,负全部责任,不负责任,1,贵JAR834,黑,1,贵A18B71,红,新华驾校,自培,2013/2/3 0:00,2003/7/3 0:00,大众汽车牌,雪佛兰牌,364548000000000000 ,364556000000000000 ,198811,197611,14,1,3,工作日,非高峰,2015-03-10,2015年3月10日,小雨 /小雨,8℃ / 4℃,东北风 ≤3级 /东北风 ≤3级,小雨,小雨,8,4,东北风,≤3级,东北风,≤3级,day
2015-03-12 08:40:00,建设南路,7、未按规定让行的 ,负全部责任,不负责任,1,贵A0392N,银,1,贵A12S43,银,人武驾校,自培,2012/8/27 0:00,2000/5/10 0:00,锋范牌,福克斯牌,366347000000000000 ,366046000000000000 ,198211,197809,8,3,3,工作日,早高峰(7-9点),2015-03-12,2015年3月12日,多云 /多云,16℃ / 10℃,南风 ≤3级 /南风 ≤3级,多云,多云,16,10,南风,≤3级,南风,≤3级,day
2015-03-26 07:50:00,南浦路,1、追尾的,负全部责任,不负责任,1,贵AU6363,白色,1,贵ANH676,白色,黔南金桥汽车驾驶培训学校,自培,2011/3/22 0:00,2001/6/15 0:00,捷达牌,丰田牌,366875000000000000 ,366346000000000000 ,198709,196411,7,3,3,工作日,早高峰(7-9点),2015-03-26,2015年3月26日,阴 /阵雨,17℃ / 12℃,南风 ≤3级 /南风 ≤3级,阴,阵雨,17,12,南风,≤3级,南风,≤3级,day
2015-03-19 09:10:00,沙冲路,1、追尾的,负全部责任,不负责任,1,贵AG6076,白色,1,贵A0EA68,白色,金大驾校,自培,2014/9/11 0:00,2007/11/14 0:00,北京现代,科雷傲,364548000000000000 ,726647000000000000 ,199109,197306,9,3,3,工作日,早高峰(7-9点),2015-03-19,2015年3月19日,多云 /阵雨,26℃ / 12℃,南风 ≤3级 /东北风 ≤3级,多云,阵雨,26,12,南风,≤3级,东北风,≤3级,day
2015-04-02 14:50:00,花溪平桥,7、未按规定让行的 ,负全部责任,不负责任,1,贵J46565,白色,1,贵AU9398,白色,鑫鑫驾校,自培,2014/10/11 0:00,2004/7/30 0:00,　,新宝牌,364556000000000000 ,364556000000000000 ,197709,198606,14,3,4,工作日,非高峰,2015-04-02,2015年4月2日,多云 /多云,30℃ / 18℃,南风 ≤3级 /南风 ≤3级,多云,多云,30,18,南风,≤3级,南风,≤3级,day
2015-04-10 12:30:00,观水路,9、不符合前8款规定或者双方同时具有上述情形的,负同等责任,负同等责任,1,贵AM5056,银,1,贵A29H26,黄,黔东南州正林驾驶培训学校,自培,2011/6/13 0:00,2014/1/21 0:00,思域牌,丰田牌,366269000000000000 ,364548000000000000 ,198011,196412,12,4,4,工作日,非高峰,2015-04-10,2015年4月10日,小雨 /小雨,12℃ / 8℃,东北风 ≤3级 /东北风 ≤3级,小雨,小雨,12,8,东北风,≤3级,东北风,≤3级,day
2015-04-03 11:15:00,陈家坡,1、追尾的,负全部责任,不负责任,1,贵AU7937,绿,1,闽C2R795,黑,十一驾驶培训有限公司,自培,2011/8/30 0:00,2000/12/26 0:00,金龙牌,丰田牌,364567000000000000 ,734397000000000000 ,198902,197811,11,4,4,工作日,非高峰,2015-04-03,2015年4月3日,多云 /多云,30℃ / 19℃,南风 ≤3级 /南风 ≤3级,多云,多云,30,19,南风,≤3级,南风,≤3级,day
2015-03-20 10:32:00,肿瘤医院,8、依法应负全责的其他情形,负全部责任,不负责任,1,贵A8389S,银,1,贵AKW136,黑,贵州现代驾驶培训责任有限公司,自培,2013/3/13 0:00,2005/7/26 0:00,海马牌,思域牌,36459551144264495X,76266500000000000 ,199006,196804,10,4,3,工作日,非高峰,2015-03-20,2015年3月20日,阴 /阵雨,14℃ / 10℃,东北风 ≤3级 /东北风 ≤3级,阴,阵雨,14,10,东北风,≤3级,东北风,≤3级,day
2015-04-10 07:45:00,东山,1、追尾的,负全部责任,不负责任,1,贵AFV746,白色,1,贵AKA117,白色,自培,自培,2005/1/14 0:00,2006/7/14 0:00,东南牌,长城牌,364548000000000000 ,364547000000000000 ,198105,197301,7,4,4,工作日,早高峰(7-9点),2015-04-10,2015年4月10日,小雨 /小雨,12℃ / 8℃,东北风 ≤3级 /东北风 ≤3级,小雨,小雨,12,8,东北风,≤3级,东北风,≤3级,day
2015-04-11 06:00:00,沙冲北路,8、依法应负全责的其他情形,负全部责任,不负责任,1,贵JBB397,白色,1,贵A42Z31,白色,黔南金桥汽车驾驶培训学校,自培,2006/12/19 0:00,2005/1/24 0:00,东风牌,凯迪拉克牌,366846000000000000 ,54368500000000000 ,196803,197211,6,5,4,工作日,非高峰,2015-04-11,2015年4月11日,多云 /多云,15℃ / 9℃,东北风 ≤3级 /东风 ≤3级,多云,多云,15,9,东北风,≤3级,东风,≤3级,day
2015-03-28 15:20:00,望城坡,8、依法应负全责的其他情形,负全部责任,不负责任,1,贵AD4581,白色,1,贵AR2075C,白色,（南明区）阳光驾驶培训有限公司,自培,2006/5/17 0:00,2002/4/23 0:00,宗申牌,-1,36455051904157405X,364548000000000000 ,198409,198403,15,5,3,工作日,非高峰,2015-03-28,2015年3月28日,阵雨 /雷阵雨,17℃ / 14℃,南风 ≤3级 /南风 ≤3级,阵雨,雷阵雨,17,14,南风,≤3级,南风,≤3级,day
2015-03-20 21:00:00,大营坡,7、未按规定让行的 ,负全部责任,不负责任,1,贵A98523,黄,1,贵ATU594,黄,沿河县鸿发汽车驾驶培训有限公司,自培,2010/11/17 0:00,2006/9/7 0:00,陕汽牌,吉利美日牌,366668000000000000 ,364548000000000000 ,197602,197712,21,4,3,工作日,非高峰,2015-03-20,2015年3月20日,阴 /阵雨,14℃ / 10℃,东北风 ≤3级 /东北风 ≤3级,阴,阵雨,14,10,东北风,≤3级,东北风,≤3级,night
2015-03-21 09:50:00,杨家庄,8、依法应负全责的其他情形,负全部责任,不负责任,1,贵AU6005,绿,1,贵A86C41,银,遵义市遵义县东方机动车驾驶培训学校,自培,2011/7/18 0:00,2004/5/18 0:00,捷达牌,大众牌,36456651984540625X,366261000000000000 ,198701,198003,9,5,3,工作日,早高峰(7-9点),2015-03-21,2015年3月21日,阴 /阴,16℃ / 11℃,东北风 ≤3级 /东南风 ≤3级,阴,阴,16,11,东北风,≤3级,东南风,≤3级,day
2015-04-11 12:20:00,麻冲路口,1、追尾的,负全部责任,不负责任,1,贵ABZ482,白,1,贵FP1986,白,新华驾校,自培,2013/7/15 0:00,2005/2/5 0:00,福田牌,力帆牌,366070000000000000 ,366061000000000000 ,198203,197406,12,5,4,工作日,非高峰,2015-04-11,2015年4月11日,多云 /多云,15℃ / 9℃,东北风 ≤3级 /东风 ≤3级,多云,多云,15,9,东北风,≤3级,东风,≤3级,day
2015-04-05 13:50:00,思亲园,1、追尾的,负全部责任,不负责任,1,贵AFG936,黑,1,贵A31Z71,黑,（乌当区）新天驾驶培训有限公司,自培,2007/8/17 0:00,2002/6/18 0:00,北京现代牌,中华牌,364547000000000000 ,366068000000000000 ,196508,197403,13,6,4,周末,非高峰,2015-04-05,2015年4月5日,阴 /阵雨,30℃ / 12℃,南风 ≤3级 /东北风 ≤3级,阴,阵雨,30,12,南风,≤3级,东北风,≤3级,day
2015-03-28 23:00:00,蛮破,3、倒车的,负全部责任,不负责任,1,川XBW325,银,1,贵GX9148,黑,（南明区）现代驾驶培训有限公司,自培,2009/1/14 0:00,2011/9/7 0:00,长安牌,大众牌,356164000000000000 ,364548000000000000 ,197504,199101,23,5,3,工作日,非高峰,2015-03-28,2015年3月28日,阵雨 /雷阵雨,17℃ / 14℃,南风 ≤3级 /南风 ≤3级,阵雨,雷阵雨,17,14,南风,≤3级,南风,≤3级,night
2015-03-28 23:00:00,蛮破,7、未按规定让行的 ,负全部责任,不负责任,1,川XBW325,银,1,贵GX9148,红,（南明区）现代驾驶培训有限公司,自培,2009/1/14 0:00,2011/9/7 0:00,长安牌,大众牌,356164000000000000 ,364548000000000000 ,197504,199101,23,5,3,工作日,非高峰,2015-03-28,2015年3月28日,阵雨 /雷阵雨,17℃ / 14℃,南风 ≤3级 /南风 ≤3级,阵雨,雷阵雨,17,14,南风,≤3级,南风,≤3级,night
2015-03-22 16:50:00,护国路,1、追尾的,负全部责任,不负责任,1,贵A3H977,白色,1,渝AVA588,黑色,贵大驾校,自培,2013/12/13 0:00,2000/12/26 0:00,-1,比亚迪牌,364596000000000000 ,366068000000000000 ,199305,197810,16,6,3,周末,非高峰,2015-03-22,2015年3月22日,阵雨 /阵雨,19℃ / 10℃,东南风 ≤3级 /东风 ≤3级,阵雨,阵雨,19,10,东南风,≤3级,东风,≤3级,day
2015-04-12 18:20:00,花果园,4、停车时未挂低速档、未拉驻车制动，导致车辆滑行的,负全部责任,不负责任,1,贵AP7174,白色,1,贵GGB619,白色,省交校,自培,2012/5/8 0:00,2003/8/18 0:00,嘉陵牌,北京现代牌,366061000000000000 ,364547000000000000 ,199201,198301,18,6,4,周末,晚高峰(17-19点),2015-04-12,2015年4月12日,晴 /多云,21℃ / 7℃,东风 ≤3级 /东风 ≤3级,晴,多云,21,7,东风,≤3级,东风,≤3级,day
2015-03-23 09:05:00,金源街,1、追尾的,负全部责任,不负责任,1,贵A3980L,白,1,贵A82K87,白,黔丰驾校,自培,2014/11/20 0:00,2003/6/19 0:00,哈弗牌,丰田牌,36455651214142477X,364548000000000000 ,196909,198309,9,0,3,工作日,早高峰(7-9点),2015-03-23,2015年3月23日,多云 /阴,17℃ / 9℃,东北风 ≤3级 /东北风 ≤3级,多云,阴,17,9,东北风,≤3级,东北风,≤3级,day
2015-03-16 07:24:00,大坝,8、依法应负全责的其他情形,负全部责任,不负责任,1,贵A440D2,白,1,贵A8633C,黑,遵义县鸿盛机动车驾驶员培训学校,自培,2009/11/10 0:00,2002/7/26 0:00,江淮牌,东风日产牌,366566000000000000 ,364558000000000000 ,199002,197310,7,0,3,工作日,早高峰(7-9点),2015-03-16,2015年3月16日,阴 /多云,20℃ / 15℃,南风 ≤3级 /南风 ≤3级,阴,多云,20,15,南风,≤3级,南风,≤3级,day
2015-04-06 23:00:00,二戈寨,3、倒车的,负全部责任,不负责任,1,贵A84G11,白色,1,贵A74A76,白色,贵州省长安驾驶培训学校,自培,2013/8/9 0:00,2004/11/10 0:00,雪佛兰牌,长城牌,364547000000000000 ,366064000000000000 ,198706,197308,23,0,4,工作日,非高峰,2015-04-06,2015年4月6日,阵雨 /阵雨,17℃ / 7℃,东北风 ≤3级 /东北风 ≤3级,阵雨,阵雨,17,7,东北风,≤3级,东北风,≤3级,night
2015-03-23 09:00:00,大营坡,8、依法应负全责的其他情形,负全部责任,不负责任,1,贵A87H55,蓝,1,贵AKX766,银,铁二局驾校,自培,2011/9/2 0:00,2002/7/29 0:00,马自达牌,东风日产牌,354347000000000000 ,364547000000000000 ,198812,197803,9,0,3,工作日,早高峰(7-9点),2015-03-23,2015年3月23日,多云 /阴,17℃ / 9℃,东北风 ≤3级 /东北风 ≤3级,多云,阴,17,9,东北风,≤3级,东北风,≤3级,day
2015-04-06 20:00:00,金狮小区,7、未按规定让行的 ,负全部责任,不负责任,1,贵CKE638,白色,1,贵A21A17,白色,（南明区）金大驾驶培训有限公司,自培,2005/12/15 0:00,2006/6/22 0:00,广汽菲亚特牌,东风雪铁龙牌,36454651855445066X,366367000000000000 ,197110,197911,20,0,4,工作日,非高峰,2015-04-06,2015年4月6日,阵雨 /阵雨,17℃ / 7℃,东北风 ≤3级 /东北风 ≤3级,阵雨,阵雨,17,7,东北风,≤3级,东北风,≤3级,night
2015-03-23 12:07:00,西南商贸城,1、追尾的,负全部责任,不负责任,1,贵A92N48,白,1,贵ANN709,白,（乌当区）新天驾驶培训有限公司,自培,2005/5/23 0:00,2005/10/19 0:00,吉利牌,思威牌,366067000000000000 ,366661000000000000 ,196601,197909,12,0,3,工作日,非高峰,2015-03-23,2015年3月23日,多云 /阴,17℃ / 9℃,东北风 ≤3级 /东北风 ≤3级,多云,阴,17,9,东北风,≤3级,东北风,≤3级,day
2015-04-09 08:30:00,春雷路,1、追尾的,负全部责任,不负责任,1,贵CFW522,红,0,贵FQ6709,红,蓝天驾校,自培,2011/12/14 0:00,2006/4/20 0:00,吉利牌,锋范牌,366569000000000000 ,366046000000000000 ,198004,198602,8,3,4,工作日,早高峰(7-9点),2015-04-09,2015年4月9日,阴 /小雨,11℃ / 7℃,东北风 ≤3级 /东北风 ≤3级,阴,小雨,11,7,东北风,≤3级,东北风,≤3级,day
2015-03-18 10:35:00,金阳,8、依法应负全责的其他情形,负全部责任,不负责任,1,贵AK9119,蓝,1,贵AEN292,白,消防驾校,自培,2014/12/3 0:00,2000/5/11 0:00,金福牌,宝马牌,364596000000000000 ,364558000000000000 ,199605,198110,10,2,3,工作日,非高峰,2015-03-18,2015年3月18日,多云 /多云,24℃ / 14℃,南风 ≤3级 /南风 ≤3级,多云,多云,24,14,南风,≤3级,南风,≤3级,day
2015-04-02 08:30:00,青云路,8、依法应负全责的其他情形,负全部责任,不负责任,1,贵A35M93,白色,1,贵A83202,白色,贵州省仁怀市酒都汽车驾驶培训有限公司,自培,2011/7/1 0:00,2003/5/8 0:00,奥迪牌,五征牌,366575000000000000 ,364548000000000000 ,198009,197705,8,3,4,工作日,早高峰(7-9点),2015-04-02,2015年4月2日,多云 /多云,30℃ / 18℃,南风 ≤3级 /南风 ≤3级,多云,多云,30,18,南风,≤3级,南风,≤3级,day