accidenttime,accidentaddr,driver1fault,driver1responsibility,driver2responsibility,sex1,platenumber1,carcolor1,sex2,platenumber2,carcolor2,jxmc1,jxmc2,cclzrq1,cclzrq2,clpp1,clpp2,driver1license,driver2license,brith1,brith2,hour,weekday,month,is_weekday,peak_hour,date,日期,天气状况,气温,风力风向,day_wea,night_wea,day_tep,night_tep,day_wind_direction,day_wind_speed,night_wind_direction,night_wind_speed,segment
2015-04-02 09:15:00,北京西路,7、未按规定让行的 ,负全部责任,不负责任,1,贵AVA547,银,1,贵A65P29,银,铁二局驾校,自培,2011/3/23 0:00,2000/5/16 0:00,丰田牌,别克牌,364547000000000000 ,364556000000000000 ,197306,198104,9,3,4,工作日,早高峰(7-9点),2015-04-02,2015年4月2日,多云 /多云,30℃ / 18℃,南风 ≤3级 /南风 ≤3级,多云,多云,30,18,南风,≤3级,南风,≤3级,day
2015-04-22 16:05:00,南站,1、追尾的,负全部责任,不负责任,0,贵ASZ334,红,1,贵ALL535,银,贵州平安驾驶培训学校,自培,2010/11/25 0:00,2000/6/14 0:00,大众汽车牌,长安牌,364547000000000000 ,364558000000000000 ,197411,197402,16,2,4,工作日,非高峰,2015-04-22,2015年4月22日,小雨 /小雨,15℃ / 10℃,东北风 ≤3级 /东北风 ≤3级,小雨,小雨,15,10,东北风,≤3级,东北风,≤3级,day
2015-05-08 19:00:00,小河转盘,1、追尾的,负全部责任,不负责任,1,渝C79D16,白色,1,贵A86C47,白色,市交校,自培,2014/12/3 0:00,2004/5/14 0:00,-1,东风标致牌,344668000000000000 ,36654551824362405X,199106,197605,19,4,5,工作日,晚高峰(17-19点),2015-05-08,2015年5月8日,阵雨 /多云,25℃ / 15℃,东南风 ≤3级 /东北风 ≤3级,阵雨,多云,25,15,东南风,≤3级,东北风,≤3级,day
2015-05-08 18:20:00,西南商贸城,8、依法应负全责的其他情形,负全部责任,不负责任,1,贵A7659A,红,1,贵A15411,蓝,自培,自培,2012/2/20 0:00,2007/7/30 0:00,大众汽车牌,风火轮牌,364557000000000000 ,364596000000000000 ,198212,198603,18,4,5,工作日,晚高峰(17-19点),2015-05-08,2015年5月8日,阵雨 /多云,25℃ / 15℃,东南风 ≤3级 /东北风 ≤3级,阵雨,多云,25,15,东南风,≤3级,东北风,≤3级,day
2015-05-02 09:36:00,新添寨,1、追尾的,负全部责任,不负责任,1,贵A26E17,白色,1,贵A64L47,白色,新天驾校,自培,2011/5/19 0:00,2005/2/2 0:00,吉利牌,海马牌,366367000000000000 ,366364000000000000 ,197907,196410,9,5,5,工作日,早高峰(7-9点),2015-05-02,2015年5月2日,多云 /阵雨,26℃ / 16℃,东北风 ≤3级 /东风 ≤3级,多云,阵雨,26,16,东北风,≤3级,东风,≤3级,day
2015-05-01 22:30:00,北京西路,8、依法应负全责的其他情形,负全部责任,不负责任,1,贵GM3977,白色,1,贵AS4689,白色,全林驾校,自培,2011/11/9 0:00,2007/4/17 0:00,-1,劲隆牌,36455651934068476X,366566000000000000 ,198504,197711,22,4,5,工作日,非高峰,2015-05-01,2015年5月1日,阵雨 /多云,25℃ / 14℃,东南风 ≤3级 /东北风 ≤3级,阵雨,多云,25,14,东南风,≤3级,东北风,≤3级,night
2015-04-17 12:30:00,商贸城,9、不符合前8款规定或者双方同时具有上述情形的,负同等责任,负同等责任,1,贵A1J753,黑,1,贵GF9653,黑,文通驾校,自培,2011/6/20 0:00,2005/7/11 0:00,-1,雪佛兰牌,364557000000000000 ,74365500000000000 ,198704,197506,12,4,4,工作日,非高峰,2015-04-17,2015年4月17日,多云 /多云,28℃ / 19℃,南风 ≤3级 /南风 ≤3级,多云,多云,28,19,南风,≤3级,南风,≤3级,day
2015-04-23 17:00:00,和尚坡,8、依法应负全责的其他情形,负全部责任,不负责任,1,贵A8K608,白,0,贵ACQ322,蓝,蓝天驾校,自培,2014/1/20 0:00,2006/6/8 0:00,东风雪铁龙牌,大众汽车,366347000000000000 ,364548000000000000 ,197504,197412,17,3,4,工作日,晚高峰(17-19点),2015-04-23,2015年4月23日,阴 /小雨,16℃ / 10℃,东北风 ≤3级 /东北风 ≤3级,阴,小雨,16,10,东北风,≤3级,东北风,≤3级,day
2015-05-09 15:30:00,小车河,7、未按规定让行的 ,负全部责任,不负责任,1,贵HL6344,白,1,贵A52V43,红,（白云区）消防驾驶培训学校,自培,2009/11/5 0:00,2004/7/26 0:00,-1,吉利美日牌,364548000000000000 ,366367000000000000 ,198404,197209,15,5,5,工作日,非高峰,2015-05-09,2015年5月9日,阵雨 /阵雨,23℃ / 16℃,东北风 ≤3级 /东南风 ≤3级,阵雨,阵雨,23,16,东北风,≤3级,东南风,≤3级,day
2015-04-24 15:00:00,清溪路,7、未按规定让行的 ,负全部责任,不负责任,1,贵A53B72,白色,1,贵A95P24,白色,新天驾校,自培,2014/2/18 0:00,2000/9/9 0:00,骊威牌,东风日产牌,364548000000000000 ,364556000000000000 ,196709,198209,15,4,4,工作日,非高峰,2015-04-24,2015年4月24日,阴 /小雨,16℃ / 11℃,东风 ≤3级 /东风 ≤3级,阴,小雨,16,11,东风,≤3级,东风,≤3级,day
2015-04-24 12:35:00,中山西路,1、追尾的,负全部责任,不负责任,1,贵A24995,白,1,贵AU4049,黄,消防驾校,自培,2011/8/1 0:00,2001/9/19 0:00,长安,松益牌,36060500000000000 ,366564000000000000 ,198510,196501,12,4,4,工作日,非高峰,2015-04-24,2015年4月24日,阴 /小雨,16℃ / 11℃,东风 ≤3级 /东风 ≤3级,阴,小雨,16,11,东风,≤3级,东风,≤3级,day
2015-04-24 15:10:00,东站,1、追尾的,负全部责任,不负责任,1,贵AL8914,白色,1,贵AA6996,白色,景宏驾校,自培,2011/3/30 0:00,2004/9/24 0:00,豪剑牌,丰田牌,364566000000000000 ,364548000000000000 ,198904,195705,15,4,4,工作日,非高峰,2015-04-24,2015年4月24日,阴 /小雨,16℃ / 11℃,东风 ≤3级 /东风 ≤3级,阴,小雨,16,11,东风,≤3级,东风,≤3级,day
2015-04-17 18:30:00,市南路,7、未按规定让行的 ,负全部责任,不负责任,1,贵APC928,白,1,贵AU7437,绿,贵州晨运驾驶培训学校,自培,2010/6/2 0:00,2001/4/24 0:00,蒙迪欧牌,金龙牌,364547000000000000 ,364547000000000000 ,196909,197610,18,4,4,工作日,晚高峰(17-19点),2015-04-17,2015年4月17日,多云 /多云,28℃ / 19℃,南风 ≤3级 /南风 ≤3级,多云,多云,28,19,南风,≤3级,南风,≤3级,day
2015-05-09 16:00:00,孟关,7、未按规定让行的 ,负全部责任,不负责任,1,贵ATF034,白色,1,贵A92F25,白色,新华驾校,自培,2011/10/11 0:00,2007/9/27 0:00,雪佛兰牌,夏利牌,366361000000000000 ,366368000000000000 ,198208,197209,16,5,5,工作日,非高峰,2015-05-09,2015年5月9日,阵雨 /阵雨,23℃ / 16℃,东北风 ≤3级 /东南风 ≤3级,阵雨,阵雨,23,16,东北风,≤3级,东南风,≤3级,day
2015-05-10 08:00:00,云环路,5、开关车门的,负全部责任,不负责任,0,贵CDH449,蓝,1,贵AVA431,蓝,时发驾校,自培,2014/6/18 0:00,2004/4/30 0:00,-1,马自达牌,366577000000000000 ,364558000000000000 ,197510,198501,8,6,5,周末,早高峰(7-9点),2015-05-10,2015年5月10日,阵雨 /雷阵雨,25℃ / 14℃,南风 ≤3级 /南风 ≤3级,阵雨,雷阵雨,25,14,南风,≤3级,南风,≤3级,day
2015-04-18 11:00:00, 新天大道,1、追尾的,负全部责任,不负责任,1,贵AU9926,黑,1,贵A55P96,银,（乌当区）全林驾驶培训有限公司,自培,2006/8/10 0:00,2000/8/31 0:00,喜马牌,雅阁牌,364557000000000000 ,364548000000000000 ,197308,196712,11,5,4,工作日,非高峰,2015-04-18,2015年4月18日,多云 /雷阵雨,29℃ / 16℃,南风 ≤3级 /南风 ≤3级,多云,雷阵雨,29,16,南风,≤3级,南风,≤3级,day
2015-02-11 13:50:00,观山湖区一中门口,7、未按规定让行的 ,负全部责任,不负责任,1,贵A747625,银,1,贵AR9933,银,（观山湖区）蓝天驾驶培训有限公司,自培,2006/7/11 0:00,2002/6/12 0:00,-1,东力牌,364548000000000000 ,786367000000000000 ,196101,198208,13,2,2,工作日,非高峰,2015-02-11,2015年2月11日,多云 /多云,11℃ / 3℃,东风 ≤3级 /东北风 ≤3级,多云,多云,11,3,东风,≤3级,东北风,≤3级,day
2015-04-25 17:30:00,北京西路,1、追尾的,负全部责任,不负责任,0,贵GAB876,白,1,贵GM2975,黄,凯信驾校（花溪区）,自培,2015/4/2 0:00,2007/11/29 0:00,丰田牌,福克斯牌,364648000000000000 ,364547000000000000 ,198008,198508,17,5,4,工作日,晚高峰(17-19点),2015-04-25,2015年4月25日,阴 /阵雨,20℃ / 11℃,东风 ≤3级 /东南风 ≤3级,阴,阵雨,20,11,东风,≤3级,东南风,≤3级,day
2015-04-18 20:00:00,电力医院,7、未按规定让行的 ,负全部责任,不负责任,1,贵JDY737,银,1,贵AU0446,红,凯信驾校,自培,2014/12/17 0:00,2004/11/8 0:00,东风日产牌,宝来牌,366566000000000000 ,364551000000000000 ,197211,198211,20,5,4,工作日,非高峰,2015-04-18,2015年4月18日,多云 /雷阵雨,29℃ / 16℃,南风 ≤3级 /南风 ≤3级,多云,雷阵雨,29,16,南风,≤3级,南风,≤3级,night
2015-04-18 13:30:00,公安厅,7、未按规定让行的 ,负全部责任,不负责任,1,贵AE3149,白,1,贵AAX010,黑,（观山湖区）蓝天驾驶培训有限公司,自培,2005/1/28 0:00,2000/11/3 0:00,起亚牌,红旗牌,364548000000000000 ,364548000000000000 ,195810,196307,13,5,4,工作日,非高峰,2015-04-18,2015年4月18日,多云 /雷阵雨,29℃ / 16℃,南风 ≤3级 /南风 ≤3级,多云,雷阵雨,29,16,南风,≤3级,南风,≤3级,day
2015-04-18 17:00:00,湘雅村,9、不符合前8款规定或者双方同时具有上述情形的,负同等责任,负同等责任,1,贵A8BK72,白色,1,贵A7AB11,白色,凯信驾校（花溪区）,自培,2015/3/17 0:00,2007/7/11 0:00,飞度牌,沃尔沃牌,364548000000000000 ,364548000000000000 ,196501,197706,17,5,4,工作日,晚高峰(17-19点),2015-04-18,2015年4月18日,多云 /雷阵雨,29℃ / 16℃,南风 ≤3级 /南风 ≤3级,多云,雷阵雨,29,16,南风,≤3级,南风,≤3级,day
2015-05-03 20:00:00,浣纱路,7、未按规定让行的 ,负全部责任,不负责任,1,贵GH3126,白色,1,贵ANX942,白色,凯信驾校,自培,2014/7/31 0:00,2006/4/5 0:00,-1,迷你,366346000000000000 ,364547000000000000 ,198804,198308,20,6,5,周末,非高峰,2015-05-03,2015年5月3日,阵雨 /阵雨,25℃ / 15℃,东北风 ≤3级 /东北风 ≤3级,阵雨,阵雨,25,15,东北风,≤3级,东北风,≤3级,night
2015-04-19 09:20:00,油榨街,7、未按规定让行的 ,负全部责任,不负责任,1,贵ATU006,白色,1,贵ADR425,白色,铁二局驾校,自培,2012/6/8 0:00,2003/5/6 0:00,东风雪铁龙牌,夏利牌,366569000000000000 ,366868000000000000 ,197711,197709,9,6,4,周末,早高峰(7-9点),2015-04-19,2015年4月19日,阵雨 /阵雨,22℃ / 13℃,东北风 ≤3级 /东北风 ≤3级,阵雨,阵雨,22,13,东北风,≤3级,东北风,≤3级,day
2015-05-04 12:10:00,金阳,9、不符合前8款规定或者双方同时具有上述情形的,负全部责任,不负责任,1,贵AVA748,黑,1,贵AC0072,黄,（乌当区）新天驾驶培训有限公司,自培,2011/5/5 0:00,2004/1/8 0:00,丰田牌,大运牌,364548000000000000 ,354866000000000000 ,199007,196812,12,0,5,工作日,非高峰,2015-05-04,2015年5月4日,阵雨 /阵雨,20℃ / 14℃,东北风 ≤3级 /东北风 ≤3级,阵雨,阵雨,20,14,东北风,≤3级,东北风,≤3级,day
2015-04-26 12:00:00,遵义路,9、不符合前8款规定或者双方同时具有上述情形的,负同等责任,负同等责任,1,贵AU6539,绿,1,贵ATS458,红,（白云区）消防驾驶培训学校,自培,2009/3/5 0:00,2004/3/20 0:00,捷达牌,福克斯牌,366367000000000000 ,364547000000000000 ,197908,198301,12,6,4,周末,非高峰,2015-04-26,2015年4月26日,阵雨 /阵雨,18℃ / 14℃,东南风 ≤3级 /东北风 ≤3级,阵雨,阵雨,18,14,东南风,≤3级,东北风,≤3级,day
2015-05-11 07:23:00,黔灵山路,1、追尾的,负全部责任,不负责任,0,贵A95748,红,0,贵AH3665,白,（白云区）消防驾驶培训学校,自培,2007/4/19 0:00,2006/6/16 0:00,长安牌,建设牌,366046000000000000 ,364548000000000000 ,197411,198009,7,0,5,工作日,早高峰(7-9点),2015-05-11,2015年5月11日,多云 /多云,24℃ / 13℃,东北风 ≤3级 /东北风 ≤3级,多云,多云,24,13,东北风,≤3级,东北风,≤3级,day
2015-04-26 12:22:00,金阳大道,1、追尾的,负全部责任,不负责任,1,贵GL3337,绿,1,贵A6943A,黑,路路达驾校,自培,2012/11/5 0:00,2004/7/13 0:00,大众汽车,锋范牌,364558000000000000 ,366361000000000000 ,197806,197001,12,6,4,周末,非高峰,2015-04-26,2015年4月26日,阵雨 /阵雨,18℃ / 14℃,东南风 ≤3级 /东北风 ≤3级,阵雨,阵雨,18,14,东南风,≤3级,东北风,≤3级,day
2015-04-26 15:10:00,青年路,8、依法应负全责的其他情形,负全部责任,不负责任,1,贵GS7918,白色,1,贵A8909L,白色,（南明区）现代驾驶培训有限公司,自培,2005/1/27 0:00,2006/12/29 0:00,别克牌,五菱牌,364547000000000000 ,366577000000000000 ,196911,196410,15,6,4,周末,非高峰,2015-04-26,2015年4月26日,阵雨 /阵雨,18℃ / 14℃,东南风 ≤3级 /东北风 ≤3级,阵雨,阵雨,18,14,东南风,≤3级,东北风,≤3级,day
2015-04-26 18:20:00,花溪大道,9、不符合前8款规定或者双方同时具有上述情形的,负全部责任,不负责任,1,贵A3805V,白色,1,贵AGB236,白色,黔丰驾校,自培,2014/6/24 0:00,2004/5/10 0:00,雪佛兰牌,江铃牌,364556000000000000 ,366064000000000000 ,199512,197311,18,6,4,周末,晚高峰(17-19点),2015-04-26,2015年4月26日,阵雨 /阵雨,18℃ / 14℃,东南风 ≤3级 /东北风 ≤3级,阵雨,阵雨,18,14,东南风,≤3级,东北风,≤3级,day
2015-05-04 14:30:00,白云区,4、停车时未挂低速档、未拉驻车制动，导致车辆滑行的,负全部责任,不负责任,0,贵A3525S,红,1,贵A38244,黑,路路达驾校,自培,2014/3/4 0:00,2003/1/29 0:00,吉利美日牌,中联牌,364558000000000000 ,364558000000000000 ,198810,198407,14,0,5,工作日,非高峰,2015-05-04,2015年5月4日,阵雨 /阵雨,20℃ / 14℃,东北风 ≤3级 /东北风 ≤3级,阵雨,阵雨,20,14,东北风,≤3级,东北风,≤3级,day
2015-04-26 20:00:00,三桥,8、依法应负全责的其他情形,负全部责任,不负责任,1,贵AR6351,红,1,贵A2BL75,银,（乌当区）全林驾驶培训有限公司,自培,2005/1/26 0:00,2000/1/27 0:00,豪门牌,吉利牌,364548000000000000 ,364548000000000000 ,197109,198011,20,6,4,周末,非高峰,2015-04-26,2015年4月26日,阵雨 /阵雨,18℃ / 14℃,东南风 ≤3级 /东北风 ≤3级,阵雨,阵雨,18,14,东南风,≤3级,东北风,≤3级,night
2015-05-04 16:30:00,花溪,7、未按规定让行的 ,负全部责任,不负责任,1,贵AMU315,白色,1,贵AC338N,白色,贵大驾校,自培,2010/10/18 0:00,2010/12/17 0:00,北京现代牌,-1,364556000000000000 ,36456751924365567X,197007,198605,16,0,5,工作日,非高峰,2015-05-04,2015年5月4日,阵雨 /阵雨,20℃ / 14℃,东北风 ≤3级 /东北风 ≤3级,阵雨,阵雨,20,14,东北风,≤3级,东北风,≤3级,day
2015-04-14 11:18:00,北京路,1、追尾的,负全部责任,不负责任,1,贵A53G35,银,1,贵A25W34,黑,遵义市泥桥诚兴汽车驾驶培训学校,自培,2011/9/15 0:00,2004/5/29 0:00,夏利牌,劳恩斯,366661000000000000 ,366361000000000000 ,199205,198203,11,1,4,工作日,非高峰,2015-04-14,2015年4月14日,晴 /多云,22℃ / 9℃,东风 ≤3级 /东风 ≤3级,晴,多云,22,9,东风,≤3级,东风,≤3级,day
2015-04-20 18:32:00,嘉润路,1、追尾的,负全部责任,不负责任,1,贵ADT166,白色,1,贵AB9183,白色,（云岩区）时发驾驶培训有限公司,自培,2010/2/10 0:00,2000/9/30 0:00,莲花牌,力帆牌,366068000000000000 ,364547000000000000 ,196112,198207,18,0,4,工作日,晚高峰(17-19点),2015-04-20,2015年4月20日,阴 /阴,20℃ / 11℃,东北风 ≤3级 /东北风 ≤3级,阴,阴,20,11,东北风,≤3级,东北风,≤3级,day
2015-05-06 07:30:00,水口寺,7、未按规定让行的 ,负全部责任,不负责任,0,贵A31R57,白,1,贵AK6385,红,贵州现代驾驶培训责任有限公司,自培,2011/8/19 0:00,2007/7/16 0:00,宝马,双庆牌,364548000000000000 ,366566000000000000 ,198810,198605,7,2,5,工作日,早高峰(7-9点),2015-05-06,2015年5月6日,多云 /多云,25℃ / 16℃,东北风 ≤3级 /南风 ≤3级,多云,多云,25,16,东北风,≤3级,南风,≤3级,day
2015-04-28 12:00:00,蟠桃宫,1、追尾的,负全部责任,不负责任,1,贵A32633,白色,1,贵AU6311,白色,贵州现代驾驶培训责任有限公司,自培,2010/5/6 0:00,2003/5/27 0:00,昌河,好美牌,366066000000000000 ,364548000000000000 ,197507,198411,12,1,4,工作日,非高峰,2015-04-28,2015年4月28日,多云 /多云,25℃ / 15℃,东北风 ≤3级 /东北风 ≤3级,多云,多云,25,15,东北风,≤3级,东北风,≤3级,day
2015-05-06 17:00:00,烟厂门口,7、未按规定让行的 ,负全部责任,不负责任,1,贵A4BK56,白色,1,贵A25J98,白色,鑫鑫驾校,自培,2014/6/6 0:00,2009/9/23 0:00,起亚牌,思域牌,366246000000000000 ,364547000000000000 ,195711,198707,17,2,5,工作日,晚高峰(17-19点),2015-05-06,2015年5月6日,多云 /多云,25℃ / 16℃,东北风 ≤3级 /南风 ≤3级,多云,多云,25,16,东北风,≤3级,南风,≤3级,day
2015-04-27 18:00:00,孟关,7、未按规定让行的 ,负全部责任,不负责任,1,贵A6222A,白色,1,贵A46P75,白色,铁二局驾校,自培,2014/3/12 0:00,2006/6/16 0:00,长安牌,大众牌,366064000000000000 ,364548000000000000 ,199403,198602,18,0,4,工作日,晚高峰(17-19点),2015-04-27,2015年4月27日,阴 /雷阵雨,21℃ / 14℃,东南风 ≤3级 /东北风 ≤3级,阴,雷阵雨,21,14,东南风,≤3级,东北风,≤3级,day
2015-05-23 12:00:00,油榨街,7、未按规定让行的 ,负全部责任,不负责任,1,贵JV2575,白色,1,贵AU2372,白色,黔南金桥汽车驾驶培训学校,自培,2013/4/12 0:00,2004/4/9 0:00,-1,瑞麒牌,07436951984564797X,364547000000000000 ,198701,196510,12,5,5,工作日,非高峰,2015-05-23,2015年5月23日,阵雨 /阴,19℃ / 14℃,东北风 ≤3级 /东北风 ≤3级,阵雨,阴,19,14,东北风,≤3级,东北风,≤3级,day
2015-05-23 13:00:00,三十四中,3、倒车的,负全部责任,不负责任,1,贵AEZ436,白色,1,贵GK9884,白色,（乌当区）新华驾驶培训有限公司,自培,2008/11/5 0:00,2005/10/25 0:00,马自达牌,丰田牌,366368000000000000 ,366364000000000000 ,196510,196711,13,5,5,工作日,非高峰,2015-05-23,2015年5月23日,阵雨 /阴,19℃ / 14℃,东北风 ≤3级 /东北风 ≤3级,阵雨,阴,19,14,东北风,≤3级,东北风,≤3级,day
2015-05-16 07:00:00,天合木材市场,8、依法应负全责的其他情形,负全部责任,不负责任,1,贵A800D9,黄,0,贵A2609J,蓝,贵州贵龙驾校,自培,2014/4/24 0:00,2013/6/28 0:00,王牌牌,雪佛兰牌,36636051814363443X,364568000000000000 ,197905,199306,7,5,5,工作日,早高峰(7-9点),2015-05-16,2015年5月16日,阴 /雷阵雨,23℃ / 17℃,东北风 ≤3级 /东风 ≤3级,阴,雷阵雨,23,17,东北风,≤3级,东风,≤3级,day
2015-05-17 00:00:00,花果园,7、未按规定让行的 ,负全部责任,不负责任,1,贵EL3342,白色,1,贵A64L12,白色,鑫鑫驾校,自培,2014/9/2 0:00,2007/3/13 0:00,-1,大众牌,364646000000000000 ,36454651264647563X,198701,196202,0,6,5,周末,非高峰,2015-05-17,2015年5月17日,阵雨 /雷阵雨,25℃ / 17℃,东北风 ≤3级 /南风 ≤3级,阵雨,雷阵雨,25,17,东北风,≤3级,南风,≤3级,night
2015-05-17 04:30:00,二铺,3、倒车的,负全部责任,不负责任,1,贵A2164G,白,1,贵FS1621,蓝,诚信驾驶培训学校,自培,2012/12/24 0:00,2013/4/10 0:00,金杯牌,-1,64558500000000000 ,364557000000000000 ,199408,197601,4,6,5,周末,非高峰,2015-05-17,2015年5月17日,阵雨 /雷阵雨,25℃ / 17℃,东北风 ≤3级 /南风 ≤3级,阵雨,雷阵雨,25,17,东北风,≤3级,南风,≤3级,night
2015-05-17 17:50:00,太慈桥,7、未按规定让行的 ,负全部责任,不负责任,1,贵A24898,蓝,0,贵AU9901,白,新天驾校,自培,2012/11/27 0:00,2004/8/10 0:00,江淮牌,嘉隆牌,364566000000000000 ,355266000000000000 ,199110,198603,17,6,5,周末,晚高峰(17-19点),2015-05-17,2015年5月17日,阵雨 /雷阵雨,25℃ / 17℃,东北风 ≤3级 /南风 ≤3级,阵雨,雷阵雨,25,17,东北风,≤3级,南风,≤3级,day
2015-05-26 21:00:00,五里冲,1、追尾的,负全部责任,不负责任,1,贵A6760T,白色,1,贵A891G2,白色,织金县织通驾驶培训学校,自培,2012/11/6 0:00,2013/11/11 0:00,比亚迪牌,解放牌,366067000000000000 ,366068000000000000 ,199202,198504,21,1,5,工作日,非高峰,2015-05-26,2015年5月26日,阵雨 /雷阵雨,26℃ / 20℃,东南风 ≤3级 /东北风 ≤3级,阵雨,雷阵雨,26,20,东南风,≤3级,东北风,≤3级,night
2015-05-26 04:35:00,南湖路,7、未按规定让行的 ,负全部责任,不负责任,0,贵A8AT89,黑,0,贵AA976M,红,文通驾校,自培,2012/9/5 0:00,2011/6/13 0:00,大众牌,长安牌,364558000000000000 ,366068000000000000 ,197610,198612,4,1,5,工作日,非高峰,2015-05-26,2015年5月26日,阵雨 /雷阵雨,26℃ / 20℃,东南风 ≤3级 /东北风 ≤3级,阵雨,雷阵雨,26,20,东南风,≤3级,东北风,≤3级,night
2015-05-19 09:20:00,杨家山隧道,1、追尾的,负全部责任,不负责任,0,贵A47C98,红,1,贵A24151,黑,新华驾校,自培,2012/8/1 0:00,2006/4/17 0:00,风神牌,王牌牌,364548000000000000 ,364547000000000000 ,198508,198709,9,1,5,工作日,早高峰(7-9点),2015-05-19,2015年5月19日,阵雨 /大雨,25℃ / 18℃,东北风 ≤3级 /南风 ≤3级,阵雨,大雨,25,18,东北风,≤3级,南风,≤3级,day
2015-05-11 17:20:00,小河锦江路,1、追尾的,负全部责任,不负责任,1,贵ALT255,白色,1,贵GK9826,白色,铁二局驾校,自培,2010/9/15 0:00,2006/4/17 0:00,英伦牌,-1,364547000000000000 ,366361000000000000 ,197101,197607,17,0,5,工作日,晚高峰(17-19点),2015-05-11,2015年5月11日,多云 /多云,24℃ / 13℃,东北风 ≤3级 /东北风 ≤3级,多云,多云,24,13,东北风,≤3级,东北风,≤3级,day
2015-05-28 14:27:00,会展城,7、未按规定让行的 ,负全部责任,不负责任,1,贵AU5564,绿,0,贵A9710R,白,全林驾校,自培,2010/8/19 0:00,2006/6/13 0:00,捷达牌,奕鸥,364566000000000000 ,364558000000000000 ,198709,197504,14,3,5,工作日,非高峰,2015-05-28,2015年5月28日,多云 /雷阵雨,29℃ / 19℃,南风 ≤3级 /东南风 ≤3级,多云,雷阵雨,29,19,南风,≤3级,东南风,≤3级,day
2015-05-12 14:00:00,科创南路,8、依法应负全责的其他情形,负全部责任,不负责任,1,贵A891G2,白,1,贵A5CC65,红,黔西县宏远黔职驾校有限公司,自培,2013/11/11 0:00,2004/11/9 0:00,解放牌,起亚牌,366068000000000000 ,354670000000000000 ,198504,196702,14,1,5,工作日,非高峰,2015-05-12,2015年5月12日,阴 /雷阵雨,24℃ / 13℃,南风 ≤3级 /南风 ≤3级,阴,雷阵雨,24,13,南风,≤3级,南风,≤3级,day
2015-05-29 14:00:00,喷水池,7、未按规定让行的 ,负全部责任,不负责任,1,贵CMA022,银,0,贵ADK651,黑,新华驾校,自培,2014/10/11 0:00,2005/3/18 0:00,-1,锋范牌,366575000000000000 ,354364000000000000 ,197210,196611,14,4,5,工作日,非高峰,2015-05-29,2015年5月29日,阵雨 /阵雨,24℃ / 17℃,东南风 ≤3级 /东北风 ≤3级,阵雨,阵雨,24,17,东南风,≤3级,东北风,≤3级,day
2015-05-29 09:40:00,樱花巷,3、倒车的,负全部责任,不负责任,1,贵JBS184,白,1,贵A6BV71,蓝,市交校,自培,2014/11/14 0:00,2004/11/24 0:00,-1,华泰宝利格牌,364547000000000000 ,356168000000000000 ,198604,196710,9,4,5,工作日,早高峰(7-9点),2015-05-29,2015年5月29日,阵雨 /阵雨,24℃ / 17℃,东南风 ≤3级 /东北风 ≤3级,阵雨,阵雨,24,17,东南风,≤3级,东北风,≤3级,day
2015-05-29 22:30:00,花溪,7、未按规定让行的 ,负全部责任,不负责任,1,临贵AGN691,白色,1,贵AYG569,白色,高新驾校,自培,2015/1/13 0:00,2000/4/19 0:00,-1,指南者,364556000000000000 ,364547000000000000 ,198809,197401,22,4,5,工作日,非高峰,2015-05-29,2015年5月29日,阵雨 /阵雨,24℃ / 17℃,东南风 ≤3级 /东北风 ≤3级,阵雨,阵雨,24,17,东南风,≤3级,东北风,≤3级,night
2015-04-19 15:00:00,东客站,7、未按规定让行的 ,负全部责任,不负责任,1,贵A12N12,白色,1,贵A23V54,白色,习水县顺达机动车驾驶员培训学校,自培,2010/6/25 0:00,2011/1/27 0:00,奥迪,力帆牌,366577000000000000 ,364556000000000000 ,199102,197903,15,6,4,周末,非高峰,2015-04-19,2015年4月19日,阵雨 /阵雨,22℃ / 13℃,东北风 ≤3级 /东北风 ≤3级,阵雨,阵雨,22,13,东北风,≤3级,东北风,≤3级,day
2015-05-14 23:00:00,沙冲路口,8、依法应负全责的其他情形,负全部责任,不负责任,1,贵AU7409,白色,1,贵ASJ967,白色,（云岩区）省交通职业技术驾驶培训学校,自培,2005/8/30 0:00,2004/10/20 0:00,捷达牌,丰田牌,377546000000000000 ,364547000000000000 ,196208,197908,23,3,5,工作日,非高峰,2015-05-14,2015年5月14日,多云 /雷阵雨,27℃ / 20℃,东南风 ≤3级 /南风 ≤3级,多云,雷阵雨,27,20,东南风,≤3级,南风,≤3级,night
2015-05-21 16:30:00,市北路,7、未按规定让行的 ,负全部责任,不负责任,1,贵FA5138,红,1,贵HE5464,黑,大方县龙飞汽车(摩托车)驾驶培训学校,自培,2012/5/14 0:00,2005/7/15 0:00,-1,-1,36606651994654497X,366246000000000000 ,198802,196811,16,3,5,工作日,非高峰,2015-05-21,2015年5月21日,阴 /阵雨,24℃ / 16℃,东风 ≤3级 /东风 ≤3级,阴,阵雨,24,16,东风,≤3级,东风,≤3级,day
2015-05-14 16:00:00,市北路,1、追尾的,负全部责任,不负责任,1,贵A0BA15,白色,1,贵AU1769,白色,顺一驾驶培训学校,自培,2013/2/28 0:00,2002/7/2 0:00,东风雪铁龙牌,钱江牌,364548000000000000 ,364548000000000000 ,199005,198309,16,3,5,工作日,非高峰,2015-05-14,2015年5月14日,多云 /雷阵雨,27℃ / 20℃,东南风 ≤3级 /南风 ≤3级,多云,雷阵雨,27,20,东南风,≤3级,南风,≤3级,day