accidenttime,accidentaddr,driver1fault,driver1responsibility,driver2responsibility,sex1,platenumber1,carcolor1,sex2,platenumber2,carcolor2,jxmc1,jxmc2,cclzrq1,cclzrq2,clpp1,clpp2,driver1license,driver2license,brith1,brith2,hour,weekday,month,is_weekday,peak_hour,date,日期,天气状况,气温,风力风向,day_wea,night_wea,day_tep,night_tep,day_wind_direction,day_wind_speed,night_wind_direction,night_wind_speed,segment
2015-05-30 09:00:00,花溪,8、依法应负全责的其他情形,负全部责任,不负责任,1,贵AB317R,白色,1,贵AF5652,白色,诚信驾驶培训学校,自培,2014/7/21 0:00,2001/4/19 0:00,东风牌,天马牌,364556000000000000 ,364556000000000000 ,198701,195901,9,5,5,工作日,早高峰(7-9点),2015-05-30,2015年5月30日,阵雨 /阵雨,23℃ / 17℃,东北风 ≤3级 /东风 ≤3级,阵雨,阵雨,23,17,东北风,≤3级,东风,≤3级,day
2015-05-14 15:30:00,金苏大道,1、追尾的,负全部责任,不负责任,1,贵JK7134,红,1,贵AJM145,红,吉源驾校,自培,2013/11/26 0:00,2002/10/11 0:00,-1,比亚迪牌,364568000000000000 ,366361000000000000 ,199411,197506,15,3,5,工作日,非高峰,2015-05-14,2015年5月14日,多云 /雷阵雨,27℃ / 20℃,东南风 ≤3级 /南风 ≤3级,多云,雷阵雨,27,20,东南风,≤3级,南风,≤3级,day
2015-04-02 13:00:00,甲秀南路,1、追尾的,负全部责任,不负责任,1,贵FS5138,白色,1,贵AG4482,白色,大方县龙飞汽车(摩托车)驾驶培训学校,自培,2012/5/14 0:00,2002/8/21 0:00,华泰圣达菲牌,捷达(JETTA)牌,36606651994654497X,364548000000000000 ,198802,196303,13,3,4,工作日,非高峰,2015-04-02,2015年4月2日,多云 /多云,30℃ / 18℃,南风 ≤3级 /南风 ≤3级,多云,多云,30,18,南风,≤3级,南风,≤3级,day
2015-05-18 12:00:00,长岭北路,4、停车时未挂低速档、未拉驻车制动，导致车辆滑行的,负全部责任,不负责任,1,贵AU7409,黄,1,贵A0893P,白,（云岩区）省交通职业技术驾驶培训学校,自培,2005/8/30 0:00,2004/5/8 0:00,捷达牌,比亚迪牌,377546000000000000 ,366367000000000000 ,196208,197001,12,0,5,工作日,非高峰,2015-05-18,2015年5月18日,多云 /多云,25℃ / 18℃,东北风 ≤3级 /东北风 ≤3级,多云,多云,25,18,东北风,≤3级,东北风,≤3级,day
2015-04-26 16:30:00,花溪,1、追尾的,负全部责任,不负责任,1,贵AC240E,白色,1,贵A6103U,白色,全林驾校,自培,2014/7/10 0:00,2006/4/12 0:00,吉利美日牌,朗风牌,364547000000000000 ,364556000000000000 ,197410,198302,16,6,4,周末,非高峰,2015-04-26,2015年4月26日,阵雨 /阵雨,18℃ / 14℃,东南风 ≤3级 /东北风 ≤3级,阵雨,阵雨,18,14,东南风,≤3级,东北风,≤3级,day
2015-05-10 18:00:00,油榨街,7、未按规定让行的 ,负全部责任,不负责任,1,贵A5340H,白色,1,贵A5147Y,白色,鑫鑫驾校,自培,2011/8/31 0:00,2003/9/17 0:00,解放牌,大众汽车牌,366663000000000000 ,364556000000000000 ,197401,198407,18,6,5,周末,晚高峰(17-19点),2015-05-10,2015年5月10日,阵雨 /雷阵雨,25℃ / 14℃,南风 ≤3级 /南风 ≤3级,阵雨,雷阵雨,25,14,南风,≤3级,南风,≤3级,day
2015-05-29 08:00:00,桥星加油站,7、未按规定让行的 ,负全部责任,不负责任,1,贵A77184,白色,1,贵APX114,白色,贵州省长安驾驶培训学校,自培,2010/8/13 0:00,2004/6/30 0:00,江淮牌,大众牌,366347000000000000 ,366068000000000000 ,198111,197505,8,4,5,工作日,早高峰(7-9点),2015-05-29,2015年5月29日,阵雨 /阵雨,24℃ / 17℃,东南风 ≤3级 /东北风 ≤3级,阵雨,阵雨,24,17,东南风,≤3级,东北风,≤3级,day
2015-03-15 10:43:00,贵乌路,3、倒车的,负全部责任,不负责任,1,贵A5BB79,银,1,贵AD6516,银,新华驾校,自培,2012/1/9 0:00,2006/2/13 0:00,吉利牌,吉利,364548000000000000 ,366375000000000000 ,198603,196604,10,6,3,周末,非高峰,2015-03-15,2015年3月15日,阴 /阴,18℃ / 13℃,东风 ≤3级 /南风 ≤3级,阴,阴,18,13,东风,≤3级,南风,≤3级,day
2015-02-03 16:20:00,大营坡,1、追尾的,负全部责任,不负责任,1,贵A59K71,蓝,1,贵A59H52,银,（白云区）景宏驾驶培训有限公司,自培,2007/10/17 0:00,2004/3/22 0:00,长城牌,长安牌,366367000000000000 ,364557000000000000 ,198111,197904,16,1,2,工作日,非高峰,2015-02-03,2015年2月3日,小雨 /小雨,6℃ / 1℃,东北风 ≤3级 /东北风 ≤3级,小雨,小雨,6,1,东北风,≤3级,东北风,≤3级,day
2015-05-14 13:35:00,北京路,1、追尾的,负全部责任,不负责任,1,贵AS1833,红,1,贵ABL967,黑,织金县织通驾驶培训学校,自培,2013/9/3 0:00,2001/3/12 0:00,宝马,北京现代牌,364568000000000000 ,366068000000000000 ,199211,197008,13,3,5,工作日,非高峰,2015-05-14,2015年5月14日,多云 /雷阵雨,27℃ / 20℃,东南风 ≤3级 /南风 ≤3级,多云,雷阵雨,27,20,东南风,≤3级,南风,≤3级,day
2015-03-17 07:00:00,延安西路,8、依法应负全责的其他情形,负全部责任,不负责任,1,贵ABV61,银,1,贵AGJ111,蓝,黔南州兴鑫汽车驾驶培训学校,自培,2011/10/18 0:00,2007/8/30 0:00,-1,荣威牌,724561000000000000 ,354675000000000000 ,198207,197912,7,1,3,工作日,早高峰(7-9点),2015-03-17,2015年3月17日,多云 /多云,25℃ / 14℃,南风 ≤3级 /南风 ≤3级,多云,多云,25,14,南风,≤3级,南风,≤3级,day
2015-04-03 08:15:00,乌当,7、未按规定让行的 ,负全部责任,不负责任,1,贵A2545L,白,1,贵A21Z87,白,贵阳金马驾驶培训有限公司,自培,2010/6/23 0:00,2003/7/17 0:00,长安牌,东风标致牌,364557000000000000 ,364547000000000000 ,197707,197710,8,4,4,工作日,早高峰(7-9点),2015-04-03,2015年4月3日,多云 /多云,30℃ / 19℃,南风 ≤3级 /南风 ≤3级,多云,多云,30,19,南风,≤3级,南风,≤3级,day
2015-03-27 08:25:00,头桥,7、未按规定让行的 ,负全部责任,不负责任,1,贵GG8359,黑,1,贵F28543,黑,贵州省长安驾驶培训学校,自培,2012/6/19 0:00,2008/11/8 0:00,正好牌,别克牌,366563000000000000 ,36636651974663597X,198103,198302,8,4,3,工作日,早高峰(7-9点),2015-03-27,2015年3月27日,阵雨 /阵雨,18℃ / 13℃,南风 ≤3级 /南风 ≤3级,阵雨,阵雨,18,13,南风,≤3级,南风,≤3级,day
2015-05-16 00:00:00,遵义路,7、未按规定让行的 ,负全部责任,不负责任,1,贵JBT134,白色,1,贵A8BL28,白色,新天驾校,自培,2011/9/2 0:00,2007/8/15 0:00,-1,菲亚特,364548000000000000 ,364547000000000000 ,196201,198805,0,5,5,工作日,非高峰,2015-05-16,2015年5月16日,阴 /雷阵雨,23℃ / 17℃,东北风 ≤3级 /东风 ≤3级,阴,雷阵雨,23,17,东北风,≤3级,东风,≤3级,night
2015-05-02 18:00:00,西二环,7、未按规定让行的 ,负全部责任,不负责任,1,贵A567H8,红,1,贵A8312M,黑,毕节地区黔中汽车(摩托车)驾驶培训学校,自培,2012/11/27 0:00,2007/1/30 0:00,解放牌,北京现代牌,36606751864562977X,364567000000000000 ,197201,198808,18,5,5,工作日,晚高峰(17-19点),2015-05-02,2015年5月2日,多云 /阵雨,26℃ / 16℃,东北风 ≤3级 /东风 ≤3级,多云,阵雨,26,16,东北风,≤3级,东风,≤3级,day
2015-04-07 08:30:00,甘荫塘,3、倒车的,负全部责任,不负责任,1,贵A3BC13,白色,1,贵ANB263,白色,市交校,自培,2014/3/27 0:00,2003/1/10 0:00,吉利牌,起亚牌,366067000000000000 ,366067000000000000 ,198009,195601,8,1,4,工作日,早高峰(7-9点),2015-04-07,2015年4月7日,小雨 /小雨,9℃ / 5℃,东北风 ≤3级 /东北风 ≤3级,小雨,小雨,9,5,东北风,≤3级,东北风,≤3级,day
2015-04-15 14:30:00,龙泉苑,7、未按规定让行的 ,负全部责任,不负责任,1,贵JDH999,黑,1,贵A51R56,黄,黔南州兴鑫汽车驾驶培训学校,自培,2011/8/29 0:00,2003/6/30 0:00,揽胜,飞度牌,366846000000000000 ,364548000000000000 ,199302,197904,14,2,4,工作日,非高峰,2015-04-15,2015年4月15日,多云 /多云,24℃ / 16℃,东南风 ≤3级 /南风 ≤3级,多云,多云,24,16,东南风,≤3级,南风,≤3级,day
2015-04-16 11:45:00,粑粑街,1、追尾的,负全部责任,不负责任,1,贵4564865,蓝,1,贵A4855R,黑,（南明区）金大驾驶培训有限公司,自培,2007/11/23 0:00,2001/9/25 0:00,-1,海马牌,366067000000000000 ,36666351854162955X,197905,197109,11,3,4,工作日,非高峰,2015-04-16,2015年4月16日,多云 /多云,29℃ / 17℃,南风 ≤3级 /南风 ≤3级,多云,多云,29,17,南风,≤3级,南风,≤3级,day
2015-02-04 04:45:00,中华中路,7、未按规定让行的 ,负全部责任,不负责任,1,贵DY7188,黑,1,贵AU5221,绿,铜仁地区锦宏咨询服务有限公司驾驶培训学校,自培,2011/9/26 0:00,2005/4/26 0:00,雅阁牌,望江牌,366669000000000000 ,366347000000000000 ,197802,197510,4,2,2,工作日,非高峰,2015-02-04,2015年2月4日,小雨 /小雨,4℃ / 0℃,东北风 ≤3级 /东北风 ≤3级,小雨,小雨,4,0,东北风,≤3级,东北风,≤3级,night
2015-03-28 13:57:00,云峰大道,7、未按规定让行的 ,负全部责任,不负责任,1,贵ARP422,银,1,贵ANB138,银,黔南金都汽车驾驶学校,自培,2012/3/1 0:00,2002/8/9 0:00,别克牌,傲虎,354549000000000000 ,664648000000000000 ,197811,196911,13,5,3,工作日,非高峰,2015-03-28,2015年3月28日,阵雨 /雷阵雨,17℃ / 14℃,南风 ≤3级 /南风 ≤3级,阵雨,雷阵雨,17,14,南风,≤3级,南风,≤3级,day
2015-04-09 13:00:00,中华南路,1、追尾的,负全部责任,不负责任,1,贵AU6853,绿,1,贵ALK459,白,湄潭县江南驾驶培训有限公司,自培,2009/10/14 0:00,2004/11/10 0:00,恒通客车牌,中华牌,36656951915560345X,364548000000000000 ,198911,197605,13,3,4,工作日,非高峰,2015-04-09,2015年4月9日,阴 /小雨,11℃ / 7℃,东北风 ≤3级 /东北风 ≤3级,阴,小雨,11,7,东北风,≤3级,东北风,≤3级,day
2015-02-08 14:30:00,瑞金北路,7、未按规定让行的 ,负全部责任,不负责任,1,贵CFS541,银,0,贵A98A28,蓝,湄潭县江南驾驶培训有限公司,自培,2014/11/27 0:00,2005/1/25 0:00,中华牌,风神牌,366570000000000000 ,366567000000000000 ,199407,196410,14,6,2,周末,非高峰,2015-02-08,2015年2月8日,阴 /阴,7℃ / 3℃,东北风 ≤3级 /南风 ≤3级,阴,阴,7,3,东北风,≤3级,南风,≤3级,day
2015-04-05 15:05:00,轮胎厂,7、未按规定让行的 ,负全部责任,不负责任,1,贵A055G8,黑,1,贵A44598,黑,铁二局驾校,自培,2011/8/15 0:00,2011/10/24 0:00,福田牌,起亚,364567000000000000 ,366664000000000000 ,198707,199211,15,6,4,周末,非高峰,2015-04-05,2015年4月5日,阴 /阵雨,30℃ / 12℃,南风 ≤3级 /东北风 ≤3级,阴,阵雨,30,12,南风,≤3级,东北风,≤3级,day
2015-02-04 21:40:00,大营坡,7、未按规定让行的 ,负全部责任,不负责任,1,贵ATN944,银,0,贵APB552,银,十一驾驶培训有限公司,自培,2005/12/15 0:00,2001/2/13 0:00,东风雪铁龙牌,夏利牌,366368000000000000 ,364547000000000000 ,197710,197608,21,2,2,工作日,非高峰,2015-02-04,2015年2月4日,小雨 /小雨,4℃ / 0℃,东北风 ≤3级 /东北风 ≤3级,小雨,小雨,4,0,东北风,≤3级,东北风,≤3级,night
2015-05-19 15:30:00,金阳北路,7、未按规定让行的 ,负全部责任,不负责任,1,渝B69A36,黑,1,贵FS4009,白,（南明区）铁二局驾驶培训有限公司,自培,2007/1/9 0:00,2011/6/16 0:00,-1,-1,364557000000000000 ,366068000000000000 ,198005,198804,15,1,5,工作日,非高峰,2015-05-19,2015年5月19日,阵雨 /大雨,25℃ / 18℃,东北风 ≤3级 /南风 ≤3级,阵雨,大雨,25,18,东北风,≤3级,南风,≤3级,day
2015-03-01 12:20:00,花溪,3、倒车的,负全部责任,不负责任,1,贵A6274C,白色,1,贵A5569V,白色,（南明区）铁二局驾驶培训有限公司,自培,2009/7/13 0:00,2002/9/20 0:00,福田牌,比亚迪牌,366575000000000000 ,357266000000000000 ,198502,198307,12,6,3,周末,非高峰,2015-03-01,2015年3月1日,阴 /阴,9℃ / 3℃,东风 ≤3级 /南风 ≤3级,阴,阴,9,3,东风,≤3级,南风,≤3级,day
2015-05-25 15:10:00,松溪路,7、未按规定让行的 ,负全部责任,不负责任,1,贵HAS913,红,1,贵A24E87,白,铁二局驾校,自培,2014/4/24 0:00,2004/7/2 0:00,-1,东风标致牌,366664000000000000 ,364548000000000000 ,198004,195601,15,0,5,工作日,非高峰,2015-05-25,2015年5月25日,多云 /阵雨,26℃ / 19℃,东南风 ≤3级 /东南风 ≤3级,多云,阵雨,26,19,东南风,≤3级,东南风,≤3级,day
2015-03-09 13:14:00,解放路,7、未按规定让行的 ,负全部责任,不负责任,1,贵JAQ258,白,0,贵AEY686,银,铁二局驾校,自培,2014/11/13 0:00,2006/6/5 0:00,东风标致牌,别克牌,366862000000000000 ,364556000000000000 ,198709,196411,13,0,3,工作日,非高峰,2015-03-09,2015年3月9日,小雨 /小雨,10℃ / 5℃,东北风 ≤3级 /东北风 ≤3级,小雨,小雨,10,5,东北风,≤3级,东北风,≤3级,day
2015-03-19 15:40:00,北京路,7、未按规定让行的 ,负全部责任,不负责任,1,贵AU6128,绿,1,贵AU7366,绿,（南明区）铁二局驾驶培训有限公司,自培,2006/5/11 0:00,2000/12/27 0:00,劲隆牌,豪爵牌,364547000000000000 ,364548000000000000 ,197808,198208,15,3,3,工作日,非高峰,2015-03-19,2015年3月19日,多云 /阵雨,26℃ / 12℃,南风 ≤3级 /东北风 ≤3级,多云,阵雨,26,12,南风,≤3级,东北风,≤3级,day
2015-03-31 08:00:00,新添大道,1、追尾的,负全部责任,不负责任,1,贵A540A5,白色,1,贵AU1363,白色,铁二局驾校,自培,2012/11/1 0:00,2002/4/24 0:00,解放牌,大众牌,36455551875551535X,364547000000000000 ,197311,197901,8,1,3,工作日,早高峰(7-9点),2015-03-31,2015年3月31日,多云 /多云,28℃ / 19℃,南风 ≤3级 /南风 ≤3级,多云,多云,28,19,南风,≤3级,南风,≤3级,day
2015-05-17 12:08:00,花果园,3、倒车的,负全部责任,不负责任,1,贵AL1241,白,1,浙CX3X27,红,（南明区）铁二局驾驶培训有限公司,自培,2006/9/22 0:00,2002/5/15 0:00,豪爵牌,-1,364666000000000000 ,366066000000000000 ,197711,197704,12,6,5,周末,非高峰,2015-05-17,2015年5月17日,阵雨 /雷阵雨,25℃ / 17℃,东北风 ≤3级 /南风 ≤3级,阵雨,雷阵雨,25,17,东北风,≤3级,南风,≤3级,day
2015-05-10 10:00:00,八公里,7、未按规定让行的 ,负全部责任,不负责任,1,贵GGE695,白色,1,贵JS8661,白色,（南明区）铁二局驾驶培训有限公司,自培,2009/4/2 0:00,2004/8/25 0:00,-1,-1,364547000000000000 ,366868000000000000 ,198112,198401,10,6,5,周末,非高峰,2015-05-10,2015年5月10日,阵雨 /雷阵雨,25℃ / 14℃,南风 ≤3级 /南风 ≤3级,阵雨,雷阵雨,25,14,南风,≤3级,南风,≤3级,day
2015-05-10 12:30:00,白云区,7、未按规定让行的 ,负全部责任,不负责任,1,贵ATE312,白,1,贵AVV539,红,铁二局驾校,自培,2012/6/15 0:00,2001/10/26 0:00,东风牌,-1,364596000000000000 ,364558000000000000 ,199110,197010,12,6,5,周末,非高峰,2015-05-10,2015年5月10日,阵雨 /雷阵雨,25℃ / 14℃,南风 ≤3级 /南风 ≤3级,阵雨,雷阵雨,25,14,南风,≤3级,南风,≤3级,day
2015-04-10 08:55:00,中山西路,1、追尾的,负全部责任,不负责任,1,贵FY7787,银,1,贵A59338,银,毕节市顺达汽车驾驶培训学校,自培,2011/4/18 0:00,2003/10/24 0:00,丰田牌,宝德,366070000000000000 ,354654000000000000 ,198912,197001,8,4,4,工作日,早高峰(7-9点),2015-04-10,2015年4月10日,小雨 /小雨,12℃ / 8℃,东北风 ≤3级 /东北风 ≤3级,小雨,小雨,12,8,东北风,≤3级,东北风,≤3级,day
2015-03-05 21:00:00,解放路,7、未按规定让行的 ,负全部责任,不负责任,1,川64A377,白色,1,贵AU5345,白色,织金县织通驾驶培训学校,自培,2013/1/6 0:00,2002/4/9 0:00,-1,钱江牌,366046000000000000 ,364547000000000000 ,197701,198207,21,3,3,工作日,非高峰,2015-03-05,2015年3月5日,小雨 /小雨,4℃ / 1℃,东北风 ≤3级 /东北风 ≤3级,小雨,小雨,4,1,东北风,≤3级,东北风,≤3级,night
2015-05-04 10:30:00,帝景传说,3、倒车的,负全部责任,不负责任,1,贵F78936,红,0,贵ALN477,蓝,黔西县宏远黔职驾校有限公司,自培,2011/3/22 0:00,2000/4/7 0:00,-1,马自达牌,366068000000000000 ,36454751854655246X,198702,197102,10,0,5,工作日,非高峰,2015-05-04,2015年5月4日,阵雨 /阵雨,20℃ / 14℃,东北风 ≤3级 /东北风 ≤3级,阵雨,阵雨,20,14,东北风,≤3级,东北风,≤3级,day
2015-04-04 10:30:00,四方河路,7、未按规定让行的 ,负全部责任,不负责任,1,贵JK8175,白色,1,贵ALC316,白色,黔南金桥汽车驾驶培训学校,自培,2007/9/11 0:00,2005/1/26 0:00,大众牌,川路牌,366863000000000000 ,366061000000000000 ,198303,197610,10,5,4,工作日,非高峰,2015-04-04,2015年4月4日,多云 /多云,29℃ / 18℃,南风 ≤3级 /南风 ≤3级,多云,多云,29,18,南风,≤3级,南风,≤3级,day
2015-04-02 09:00:00,中天,7、未按规定让行的 ,负全部责任,不负责任,1,贵JJ2838,银,1,贵ANW628,银,瓮安县鑫源驾驶培训学校,自培,2013/7/25 0:00,2003/1/22 0:00,长安牌,蒙迪欧牌,366661000000000000 ,364557000000000000 ,198602,197509,9,3,4,工作日,早高峰(7-9点),2015-04-02,2015年4月2日,多云 /多云,30℃ / 18℃,南风 ≤3级 /南风 ≤3级,多云,多云,30,18,南风,≤3级,南风,≤3级,day
2015-04-27 17:00:00,罗汉营,7、未按规定让行的 ,负全部责任,不负责任,1,贵DBT728,黑,1,贵AU7329,蓝,天行健驾校,自培,2013/12/17 0:00,2000/6/12 0:00,华泰宝利格牌,宝来牌,366670000000000000 ,364557000000000000 ,198107,197008,17,0,4,工作日,晚高峰(17-19点),2015-04-27,2015年4月27日,阴 /雷阵雨,21℃ / 14℃,东南风 ≤3级 /东北风 ≤3级,阴,雷阵雨,21,14,东南风,≤3级,东北风,≤3级,day
2015-02-13 11:40:00,徐家冲路口,7、未按规定让行的 ,负全部责任,不负责任,1,贵A1649P,白色,1,贵A8BX18,白色,贵大驾校,自培,2014/11/18 0:00,2006/6/28 0:00,奇瑞牌,翼搏牌,364556000000000000 ,354664000000000000 ,199109,197502,11,4,2,工作日,非高峰,2015-02-13,2015年2月13日,多云 /阵雨,17℃ / 8℃,南风 ≤3级 /南风 ≤3级,多云,阵雨,17,8,南风,≤3级,南风,≤3级,day
2015-02-27 14:20:00,乌当,1、追尾的,负全部责任,不负责任,1,贵A52P92,黄,1,贵AP5253,银,贵大驾校,自培,2011/12/26 0:00,2004/4/28 0:00,福克斯牌,豪爵牌,364556000000000000 ,366068000000000000 ,198804,196710,14,4,2,工作日,非高峰,2015-02-27,2015年2月27日,多云 /阵雨,21℃ / 5℃,南风 ≤3级 /南风 ≤3级,多云,阵雨,21,5,南风,≤3级,南风,≤3级,day
2015-03-25 13:30:00,花溪孟关,3、倒车的,负全部责任,不负责任,1,贵FN4278,黑色,1,贵JAM886,白色,贵大驾校,自培,2011/11/14 0:00,2001/10/31 0:00,东风标致牌,福特牌,366070000000000000 ,366662000000000000 ,199008,197708,13,2,3,工作日,非高峰,2015-03-25,2015年3月25日,阴 /阵雨,14℃ / 9℃,东北风 ≤3级 /东北风 ≤3级,阴,阵雨,14,9,东北风,≤3级,东北风,≤3级,day
2015-05-23 14:00:00,瑞金中路,1、追尾的,负全部责任,不负责任,1,贵A1Q079,黑,1,贵AGS582,红,贵州大学驾校（花溪区）,自培,2015/4/17 0:00,2003/7/14 0:00,-1,大众汽车牌,364558000000000000 ,364547000000000000 ,198809,197606,14,5,5,工作日,非高峰,2015-05-23,2015年5月23日,阵雨 /阴,19℃ / 14℃,东北风 ≤3级 /东北风 ≤3级,阵雨,阴,19,14,东北风,≤3级,东北风,≤3级,day
2015-04-08 09:00:00,富源路,8、依法应负全责的其他情形,负全部责任,不负责任,1,贵A3162V,白色,1,贵AU0946,白色,十一驾驶培训有限公司,自培,2011/5/6 0:00,2000/5/10 0:00,金杯牌,万达牌,364646000000000000 ,364547000000000000 ,198203,198111,9,2,4,工作日,早高峰(7-9点),2015-04-08,2015年4月8日,小雨 /小雨,10℃ / 6℃,东北风 ≤3级 /东北风 ≤3级,小雨,小雨,10,6,东北风,≤3级,东北风,≤3级,day
2015-04-11 20:30:00,解放路军区路口,7、未按规定让行的 ,负全部责任,不负责任,1,京PPV143,白色,1,贵A59R15,白色,（南明区）长安驾驶培训有限公司,自培,2010/1/22 0:00,2006/9/20 0:00,北京现代牌,长城牌,57406051964851485X,364547000000000000 ,198207,198706,20,5,4,工作日,非高峰,2015-04-11,2015年4月11日,多云 /多云,15℃ / 9℃,东北风 ≤3级 /东风 ≤3级,多云,多云,15,9,东北风,≤3级,东风,≤3级,night
2015-04-06 18:00:00,金阳客车站,8、依法应负全责的其他情形,负全部责任,不负责任,1,贵A0255T,白色,1,贵AU0696,白色,（南明区）长安驾驶培训有限公司,自培,2007/12/26 0:00,2006/1/24 0:00,长安牌,嘉陵牌,36456551984060247X,36454651224647795X,198704,196602,18,0,4,工作日,晚高峰(17-19点),2015-04-06,2015年4月6日,阵雨 /阵雨,17℃ / 7℃,东北风 ≤3级 /东北风 ≤3级,阵雨,阵雨,17,7,东北风,≤3级,东北风,≤3级,day
2015-03-17 08:36:00,北京路,1、追尾的,负全部责任,不负责任,1,贵A56S95,红,1,贵AU9921,黄,贵州省长安驾驶培训学校,自培,2013/4/27 0:00,2005/1/26 0:00,丰田牌,瑞麒牌,366061000000000000 ,356168000000000000 ,198604,196907,8,1,3,工作日,早高峰(7-9点),2015-03-17,2015年3月17日,多云 /多云,25℃ / 14℃,南风 ≤3级 /南风 ≤3级,多云,多云,25,14,南风,≤3级,南风,≤3级,day
2015-02-12 08:40:00,云岩区东山,1、追尾的,负全部责任,不负责任,1,贵AA994J,银,1,贵AAA000,蓝,鑫鑫驾校,自培,2011/12/19 0:00,2004/6/26 0:00,长城牌,英菲尼迪 QX70,366346000000000000 ,66669500000000000 ,197604,197510,8,3,2,工作日,早高峰(7-9点),2015-02-12,2015年2月12日,多云 /多云,15℃ / 5℃,南风 ≤3级 /南风 ≤3级,多云,多云,15,5,南风,≤3级,南风,≤3级,day
2015-03-16 13:30:00,二戈寨,3、倒车的,负全部责任,不负责任,1,贵A8E205,白色,1,贵A66N91,白色,鑫鑫驾校,自培,2014/9/2 0:00,2007/8/17 0:00,长安牌,翼虎牌,364557000000000000 ,36686751814356405X,196604,197905,13,0,3,工作日,非高峰,2015-03-16,2015年3月16日,阴 /多云,20℃ / 15℃,南风 ≤3级 /南风 ≤3级,阴,多云,20,15,南风,≤3级,南风,≤3级,day
2015-05-12 15:00:00,油榨街,9、不符合前8款规定或者双方同时具有上述情形的,负同等责任,负同等责任,1,贵A17G44,白色,1,湘ALB588,白色,鑫鑫驾校,自培,2013/5/30 0:00,2004/12/8 0:00,长安牌,-1,364556000000000000 ,74740500000000000 ,198504,198009,15,1,5,工作日,非高峰,2015-05-12,2015年5月12日,阴 /雷阵雨,24℃ / 13℃,南风 ≤3级 /南风 ≤3级,阴,雷阵雨,24,13,南风,≤3级,南风,≤3级,day
2015-05-03 10:05:00,乌当,1、追尾的,负全部责任,不负责任,1,贵A2BJ13,黑,1,贵AMM399,黑,鑫鑫驾校,自培,2012/2/10 0:00,2006/6/28 0:00,江铃牌,福迪牌,36636751835646745X,366068000000000000 ,197512,198003,10,6,5,周末,非高峰,2015-05-03,2015年5月3日,阵雨 /阵雨,25℃ / 15℃,东北风 ≤3级 /东北风 ≤3级,阵雨,阵雨,25,15,东北风,≤3级,东北风,≤3级,day
2015-02-26 16:10:00,青云路,1、追尾的,负全部责任,不负责任,1,贵AU7349,白色,1,贵ALH394,白色,顺一驾驶培训学校,自培,2011/5/16 0:00,2005/5/23 0:00,钱江牌,宝马牌,364547000000000000 ,364548000000000000 ,198612,198104,16,3,2,工作日,非高峰,2015-02-26,2015年2月26日,阴 /小雨,12℃ / 9℃,东风 ≤3级 /南风 ≤3级,阴,小雨,12,9,东风,≤3级,南风,≤3级,day
2015-02-04 09:30:00,花果园,1、追尾的,负全部责任,不负责任,1,贵A245V66,白色,1,贵A11S96,白色,顺一驾驶培训学校,自培,2014/11/21 0:00,2005/1/25 0:00,-1,东风日产牌,364547000000000000 ,366369000000000000 ,197301,197105,9,2,2,工作日,早高峰(7-9点),2015-02-04,2015年2月4日,小雨 /小雨,4℃ / 0℃,东北风 ≤3级 /东北风 ≤3级,小雨,小雨,4,0,东北风,≤3级,东北风,≤3级,day
2015-05-06 09:30:00,朝阳洞路,1、追尾的,负全部责任,不负责任,1,贵A92851,白色,1,贵ATV759,白色,自培,自培,2009/5/8 0:00,2004/11/17 0:00,北京,长安牌,366046000000000000 ,366061000000000000 ,198811,196704,9,2,5,工作日,早高峰(7-9点),2015-05-06,2015年5月6日,多云 /多云,25℃ / 16℃,东北风 ≤3级 /南风 ≤3级,多云,多云,25,16,东北风,≤3级,南风,≤3级,day
2015-05-08 12:45:00,新华路,7、未按规定让行的 ,负全部责任,不负责任,1,贵A28F89,白色,1,贵JLB772,白色,顺一驾驶培训学校,自培,2012/2/8 0:00,2004/12/28 0:00,长安牌,-1,366067000000000000 ,364547000000000000 ,197011,198610,12,4,5,工作日,非高峰,2015-05-08,2015年5月8日,阵雨 /多云,25℃ / 15℃,东南风 ≤3级 /东北风 ≤3级,阵雨,多云,25,15,东南风,≤3级,东北风,≤3级,day
2015-03-22 16:50:00,四方河,1、追尾的,负全部责任,不负责任,1,苏A3XW62,白色,1,贵ADX522,白色,青正驾校,自培,2012/5/29 0:00,2003/11/28 0:00,蒙迪欧牌  ,长安牌,764167000000000000 ,364547000000000000 ,197706,197506,16,6,3,周末,非高峰,2015-03-22,2015年3月22日,阵雨 /阵雨,19℃ / 10℃,东南风 ≤3级 /东风 ≤3级,阵雨,阵雨,19,10,东南风,≤3级,东风,≤3级,day
2015-05-23 14:40:00,高穴村,7、未按规定让行的 ,负全部责任,不负责任,1,贵HAW325,黑,1,贵JM3198,黑,贵州平安驾驶培训学校,自培,2011/6/27 0:00,2005/8/17 0:00,东风标致牌,-1,36606751174655775X,366361000000000000 ,199302,197605,14,5,5,工作日,非高峰,2015-05-23,2015年5月23日,阵雨 /阴,19℃ / 14℃,东北风 ≤3级 /东北风 ≤3级,阵雨,阴,19,14,东北风,≤3级,东北风,≤3级,day