accidenttime,accidentaddr,driver1fault,driver1responsibility,driver2responsibility,sex1,platenumber1,carcolor1,sex2,platenumber2,carcolor2,jxmc1,jxmc2,cclzrq1,cclzrq2,clpp1,clpp2,driver1license,driver2license,brith1,brith2,hour,weekday,month,is_weekday,peak_hour,date,日期,天气状况,气温,风力风向,day_wea,night_wea,day_tep,night_tep,day_wind_direction,day_wind_speed,night_wind_direction,night_wind_speed,segment
2015-03-23 09:20:00,金朱东路,9、不符合前8款规定或者双方同时具有上述情形的,负同等责任,负同等责任,0,贵A49H46,白,1,贵AU8841,绿,（乌当区）平安驾驶培训有限公司,自培,2008/12/4 0:00,2001/6/21 0:00,大众汽车牌,宝来牌,364547000000000000 ,364566000000000000 ,198104,198010,9,0,3,工作日,早高峰(7-9点),2015-03-23,2015年3月23日,多云 /阴,17℃ / 9℃,东北风 ≤3级 /东北风 ≤3级,多云,阴,17,9,东北风,≤3级,东北风,≤3级,day
2015-02-08 14:29:00,解放路,1、追尾的,负全部责任,不负责任,1,贵A78A26,白色,1,贵A34Y52,白色,（南明区）现代驾驶培训有限公司,自培,2005/5/24 0:00,2004/11/28 0:00,红旗牌,雷克萨斯,364547000000000000 ,36606351944764637X,196907,198003,14,6,2,周末,非高峰,2015-02-08,2015年2月8日,阴 /阴,7℃ / 3℃,东北风 ≤3级 /南风 ≤3级,阴,阴,7,3,东北风,≤3级,南风,≤3级,day
2015-03-21 14:00:00,花溪大道,1、追尾的,负全部责任,不负责任,1,鄂F51755,白色,1,贵AB6485,白色,贵州现代驾驶培训责任有限公司,自培,2013/6/14 0:00,2002/12/31 0:00,\N,力帆牌,364547000000000000 ,366869000000000000 ,198901,196203,14,5,3,工作日,非高峰,2015-03-21,2015年3月21日,阴 /阴,16℃ / 11℃,东北风 ≤3级 /东南风 ≤3级,阴,阴,16,11,东北风,≤3级,东南风,≤3级,day
2015-04-07 12:00:00,沙冲路与兴关路桥下,7、未按规定让行的 ,负全部责任,不负责任,1,贵ANA539,白色,1,贵A5CC81,白色,（南明区）现代驾驶培训有限公司,自培,2007/6/25 0:00,2006/6/14 0:00,荣威牌,吉利牌,74365500000000000 ,364547000000000000 ,196808,197507,12,1,4,工作日,非高峰,2015-04-07,2015年4月7日,小雨 /小雨,9℃ / 5℃,东北风 ≤3级 /东北风 ≤3级,小雨,小雨,9,5,东北风,≤3级,东北风,≤3级,day
2015-04-23 19:30:00,亨特,7、未按规定让行的 ,负全部责任,不负责任,1,贵A23J87,绿,1,贵AW2397,黑,贵州现代驾驶培训责任有限公司,自培,2013/11/25 0:00,2004/9/21 0:00,杰德牌,飞肯牌,364548000000000000 ,364548000000000000 ,199106,198406,19,3,4,工作日,晚高峰(17-19点),2015-04-23,2015年4月23日,阴 /小雨,16℃ / 10℃,东北风 ≤3级 /东北风 ≤3级,阴,小雨,16,10,东北风,≤3级,东北风,≤3级,day
2015-03-09 07:37:00,花果园,7、未按规定让行的 ,负全部责任,不负责任,1,贵A8BH17,红色,1,贵AU3984,白色,贵阳金马驾驶培训有限公司,自培,2011/6/22 0:00,2005/7/11 0:00,东风日产牌,宝来牌,364548000000000000 ,36454651934056745X,198710,198504,7,0,3,工作日,早高峰(7-9点),2015-03-09,2015年3月9日,小雨 /小雨,10℃ / 5℃,东北风 ≤3级 /东北风 ≤3级,小雨,小雨,10,5,东北风,≤3级,东北风,≤3级,day
2015-04-29 17:00:00,汤巴关路,3、倒车的,负全部责任,不负责任,1,贵ANB183,白色,1,贵A22922,白色,（花溪区）金马驾驶培训有限公司,自培,2006/5/31 0:00,2002/10/9 0:00,北京现代牌,奥迪,364596000000000000 ,364547000000000000 ,198607,197708,17,2,4,工作日,晚高峰(17-19点),2015-04-29,2015年4月29日,阵雨 /阵雨,26℃ / 16℃,东北风 ≤3级 /东南风 ≤3级,阵雨,阵雨,26,16,东北风,≤3级,东南风,≤3级,day
2015-05-06 09:15:00,金阳南路,7、未按规定让行的 ,负全部责任,不负责任,1,贵GQ3944,红,1,贵AV6526,黄,贵阳金马驾驶培训有限公司,自培,2011/11/22 0:00,2001/10/26 0:00,-1,劲隆牌,36455651154866637X,364547000000000000 ,199107,198002,9,2,5,工作日,早高峰(7-9点),2015-05-06,2015年5月6日,多云 /多云,25℃ / 16℃,东北风 ≤3级 /南风 ≤3级,多云,多云,25,16,东北风,≤3级,南风,≤3级,day
2015-05-21 09:10:00,二铺,1、追尾的,负全部责任,不负责任,1,贵A45X43,红,1,贵ABM712,蓝,贵阳金马驾驶培训有限公司,自培,2010/7/20 0:00,2005/7/8 0:00,大众汽车牌,田野牌,364557000000000000 ,366070000000000000 ,198512,198210,9,3,5,工作日,早高峰(7-9点),2015-05-21,2015年5月21日,阴 /阵雨,24℃ / 16℃,东风 ≤3级 /东风 ≤3级,阴,阵雨,24,16,东风,≤3级,东风,≤3级,day
2015-04-12 07:30:00,花溪,8、依法应负全责的其他情形,负全部责任,不负责任,1,贵A9078S,白色,1,贵AG6982,白色,贵阳金马驾驶培训有限公司,自培,2014/5/4 0:00,2003/6/16 0:00,长安牌,双庆牌,366875000000000000 ,366563000000000000 ,197302,197808,7,6,4,周末,早高峰(7-9点),2015-04-12,2015年4月12日,晴 /多云,21℃ / 7℃,东风 ≤3级 /东风 ≤3级,晴,多云,21,7,东风,≤3级,东风,≤3级,day
2015-03-09 18:00:00,甲秀南路,1、追尾的,负全部责任,不负责任,1,贵GN8242,白色,1,贵CBM509,白色,文通驾校,自培,2010/12/17 0:00,2001/7/2 0:00,奥迪牌,五菱牌,366664000000000000 ,366562000000000000 ,198008,197206,18,0,3,工作日,晚高峰(17-19点),2015-03-09,2015年3月9日,小雨 /小雨,10℃ / 5℃,东北风 ≤3级 /东北风 ≤3级,小雨,小雨,10,5,东北风,≤3级,东北风,≤3级,day
2015-03-17 13:57:00,长岭南路,1、追尾的,负全部责任,不负责任,1,渝C6T889,黑,1,贵A24E87,白,贵定县阳光汽车驾驶培训学校,自培,2013/9/5 0:00,2004/7/2 0:00,比亚迪牌,东风标致牌,357079000000000000 ,364548000000000000 ,197903,195601,13,1,3,工作日,非高峰,2015-03-17,2015年3月17日,多云 /多云,25℃ / 14℃,南风 ≤3级 /南风 ≤3级,多云,多云,25,14,南风,≤3级,南风,≤3级,day
2015-03-09 14:00:00,贵开路,8、依法应负全责的其他情形,负全部责任,不负责任,1,贵A0BZ72,黄,1,贵A35H16,白,吉源驾校,自培,2014/9/10 0:00,2003/10/9 0:00,长安牌,马自达牌,74363500000000000 ,364548000000000000 ,198408,198109,14,0,3,工作日,非高峰,2015-03-09,2015年3月9日,小雨 /小雨,10℃ / 5℃,东北风 ≤3级 /东北风 ≤3级,小雨,小雨,10,5,东北风,≤3级,东北风,≤3级,day
2015-03-26 13:50:00,小河转盘,1、追尾的,负全部责任,不负责任,1,贵AB981J,白色,1,贵AJZ559,白色,（南明区）吉源驾驶培训有限公司,自培,2015/2/15 0:00,2008/2/1 0:00,金杯牌,英伦牌,366364000000000000 ,774667000000000000 ,196505,197510,13,3,3,工作日,非高峰,2015-03-26,2015年3月26日,阴 /阵雨,17℃ / 12℃,南风 ≤3级 /南风 ≤3级,阴,阵雨,17,12,南风,≤3级,南风,≤3级,day
2015-04-26 15:00:00,油榨街,1、追尾的,负全部责任,不负责任,1,贵AHM081,白色,1,贵AST114,白色,文通驾校,自培,2010/10/29 0:00,2004/8/6 0:00,颐达牌,昊锐牌,364547000000000000 ,364547000000000000 ,197509,196911,15,6,4,周末,非高峰,2015-04-26,2015年4月26日,阵雨 /阵雨,18℃ / 14℃,东南风 ≤3级 /东北风 ≤3级,阵雨,阵雨,18,14,东南风,≤3级,东北风,≤3级,day
2015-05-02 22:30:00,西南环线,7、未按规定让行的 ,负全部责任,不负责任,1,贵AL7352,白色,1,贵A0F616,白色,吉源驾校,自培,2014/3/20 0:00,2006/12/14 0:00,颐达(TIIDA)牌,-1,364547000000000000 ,364556000000000000 ,199105,197103,22,5,5,工作日,非高峰,2015-05-02,2015年5月2日,多云 /阵雨,26℃ / 16℃,东北风 ≤3级 /东风 ≤3级,多云,阵雨,26,16,东北风,≤3级,东风,≤3级,night
2015-02-04 11:30:00,开发大道,7、未按规定让行的 ,负全部责任,不负责任,1,贵F09853,白色,1,贵AME102,红色,吉源驾校,自培,2013/6/26 0:00,2002/7/5 0:00,雪佛兰牌,福特,366061000000000000 ,366067000000000000 ,198708,198212,11,2,2,工作日,非高峰,2015-02-04,2015年2月4日,小雨 /小雨,4℃ / 0℃,东北风 ≤3级 /东北风 ≤3级,小雨,小雨,4,0,东北风,≤3级,东北风,≤3级,day
2015-05-28 11:00:00,花果园,1、追尾的,负全部责任,不负责任,1,贵A824B2,红,0,贵CQF831,白,吉源驾校,自培,2014/12/31 0:00,2007/2/25 0:00,长安牌,-1,36606751155659445X,366563000000000000 ,199112,198408,11,3,5,工作日,非高峰,2015-05-28,2015年5月28日,多云 /雷阵雨,29℃ / 19℃,南风 ≤3级 /东南风 ≤3级,多云,雷阵雨,29,19,南风,≤3级,东南风,≤3级,day
2015-03-18 10:30:00,金关,9、不符合前8款规定或者双方同时具有上述情形的,负同等责任,负同等责任,1,贵A4BE39,白,1,贵GE1216,银,吉源驾校,自培,2015/1/30 0:00,2006/6/27 0:00,别克牌,江淮牌,364547000000000000 ,574378000000000000 ,196101,198712,10,2,3,工作日,非高峰,2015-03-18,2015年3月18日,多云 /多云,24℃ / 14℃,南风 ≤3级 /南风 ≤3级,多云,多云,24,14,南风,≤3级,南风,≤3级,day
2015-02-12 12:00:00,花香村路口,8、依法应负全责的其他情形,负全部责任,不负责任,1,贵A0BK88,红,1,贵A64S13,黑,吉源驾校,自培,2015/1/20 0:00,2003/1/9 0:00,一汽佳星牌,丰田牌,74547500000000000 ,366361000000000000 ,198201,197001,12,3,2,工作日,非高峰,2015-02-12,2015年2月12日,多云 /多云,15℃ / 5℃,南风 ≤3级 /南风 ≤3级,多云,多云,15,5,南风,≤3级,南风,≤3级,day
2015-04-24 07:40:00,延安西路,7、未按规定让行的 ,负全部责任,不负责任,1,贵ANY479,黑,1,贵AW9977,黑,（观山湖区）诚信驾驶培训有限公司,自培,2010/12/7 0:00,2000/5/31 0:00,北京现代牌,钱江牌,74367500000000000 ,674548000000000000 ,197304,197106,7,4,4,工作日,早高峰(7-9点),2015-04-24,2015年4月24日,阴 /小雨,16℃ / 11℃,东风 ≤3级 /东风 ≤3级,阴,小雨,16,11,东风,≤3级,东风,≤3级,day
2015-04-15 08:18:00,山水黔城,7、未按规定让行的 ,负全部责任,不负责任,1,贵APB353,白色,1,贵A52A11,白色,（观山湖区）诚信驾驶培训有限公司,自培,2006/3/9 0:00,2006/1/23 0:00,北京现代牌,明锐牌,366566000000000000 ,364547000000000000 ,197809,197701,8,2,4,工作日,早高峰(7-9点),2015-04-15,2015年4月15日,多云 /多云,24℃ / 16℃,东南风 ≤3级 /南风 ≤3级,多云,多云,24,16,东南风,≤3级,南风,≤3级,day
2015-04-15 08:00:00,北京路,1、追尾的,负全部责任,不负责任,1,贵APK002,黑,1,贵AYY896,黄,诚信驾驶培训学校,自培,2010/9/29 0:00,2003/5/19 0:00,比亚迪牌,大众汽车牌,364557000000000000 ,364547000000000000 ,198609,197803,8,2,4,工作日,早高峰(7-9点),2015-04-15,2015年4月15日,多云 /多云,24℃ / 16℃,东南风 ≤3级 /南风 ≤3级,多云,多云,24,16,东南风,≤3级,南风,≤3级,day
2015-05-12 15:30:00,花溪大道,7、未按规定让行的 ,负全部责任,不负责任,1,贵DN8258,黄,1,贵A77E73,蓝,（观山湖区）诚信驾驶培训有限公司,自培,2010/4/6 0:00,2008/1/24 0:00,-1,雪佛兰牌,366661000000000000 ,364596000000000000 ,198701,198706,15,1,5,工作日,非高峰,2015-05-12,2015年5月12日,阴 /雷阵雨,24℃ / 13℃,南风 ≤3级 /南风 ≤3级,阴,雷阵雨,24,13,南风,≤3级,南风,≤3级,day
2015-03-29 21:00:00,青山小区,7、未按规定让行的 ,负全部责任,不负责任,1,贵AFJ1411,白色,1,贵AHF975,白色,自培,自培,2013/2/22 0:00,2006/6/15 0:00,-1,哈飞牌,364557000000000000 ,364547000000000000 ,199301,198202,21,6,3,周末,非高峰,2015-03-29,2015年3月29日,阴 /多云,18℃ / 15℃,东风 ≤3级 /南风 ≤3级,阴,多云,18,15,东风,≤3级,南风,≤3级,night
2015-04-19 21:30:00,乌当,7、未按规定让行的 ,负全部责任,不负责任,1,贵AB7394,白,1,贵JCK361,蓝,（乌当区）全林驾驶培训有限公司,自培,2010/2/23 0:00,2006/7/18 0:00,万虎牌,雪佛兰牌,364557000000000000 ,364547000000000000 ,198904,198304,21,6,4,周末,非高峰,2015-04-19,2015年4月19日,阵雨 /阵雨,22℃ / 13℃,东北风 ≤3级 /东北风 ≤3级,阵雨,阵雨,22,13,东北风,≤3级,东北风,≤3级,night
2015-03-27 10:00:00,三桥,7、未按规定让行的 ,负全部责任,不负责任,1,贵AEE534,灰色,1,贵ANY639,黑色,吉源驾校,自培,2006/11/23 0:00,2005/6/10 0:00,夏利牌,思威牌,364557000000000000 ,574197000000000000 ,196704,198602,10,4,3,工作日,非高峰,2015-03-27,2015年3月27日,阵雨 /阵雨,18℃ / 13℃,南风 ≤3级 /南风 ≤3级,阵雨,阵雨,18,13,南风,≤3级,南风,≤3级,day
2015-04-10 08:30:00,乌当,3、倒车的,负全部责任,不负责任,1,贵GM3916,红,1,贵AN2993,蓝,自培,自培,2006/7/3 0:00,2005/7/11 0:00,翼搏牌,海陵牌,364646000000000000 ,366046000000000000 ,197704,198508,8,4,4,工作日,早高峰(7-9点),2015-04-10,2015年4月10日,小雨 /小雨,12℃ / 8℃,东北风 ≤3级 /东北风 ≤3级,小雨,小雨,12,8,东北风,≤3级,东北风,≤3级,day
2015-05-12 23:00:00,公安厅,7、未按规定让行的 ,负全部责任,不负责任,1,贵ASV151,红,1,贵A72W53,白,全林驾校,自培,2010/12/27 0:00,2002/10/16 0:00,长安牌,大众牌,364548000000000000 ,364548000000000000 ,198406,198104,23,1,5,工作日,非高峰,2015-05-12,2015年5月12日,阴 /雷阵雨,24℃ / 13℃,南风 ≤3级 /南风 ≤3级,阴,雷阵雨,24,13,南风,≤3级,南风,≤3级,night
2015-04-24 09:00:00,机场,7、未按规定让行的 ,负全部责任,不负责任,1,贵AKQ242,白色,1,贵AU4778,白色,全林驾校,自培,2013/9/18 0:00,2006/6/27 0:00,丰田牌,蜀都牌,364556000000000000 ,36634651814266027X,198911,197906,9,4,4,工作日,早高峰(7-9点),2015-04-24,2015年4月24日,阴 /小雨,16℃ / 11℃,东风 ≤3级 /东风 ≤3级,阴,小雨,16,11,东风,≤3级,东风,≤3级,day
2015-03-18 09:10:00,东二环,1、追尾的,负全部责任,不负责任,1,云AP6Y55,白,1,贵AXA557,黄,贵州省长安驾驶培训学校,自培,2014/10/29 0:00,2000/1/18 0:00,长安牌,长安牌,364547000000000000 ,364547000000000000 ,197508,198104,9,2,3,工作日,早高峰(7-9点),2015-03-18,2015年3月18日,多云 /多云,24℃ / 14℃,南风 ≤3级 /南风 ≤3级,多云,多云,24,14,南风,≤3级,南风,≤3级,day
2015-05-11 09:15:00,金苏大道,9、不符合前8款规定或者双方同时具有上述情形的,负同等责任,负同等责任,1,贵AAP057,红,1,贵A2794,黄,贵龙驾校（修文县）,自培,2015/3/12 0:00,2002/6/25 0:00,嘉陵牌,-1,36455751144542405X,364557000000000000 ,199001,197811,9,0,5,工作日,早高峰(7-9点),2015-05-11,2015年5月11日,多云 /多云,24℃ / 13℃,东北风 ≤3级 /东北风 ≤3级,多云,多云,24,13,东北风,≤3级,东北风,≤3级,day
2015-04-24 13:00:00,铝兴路,3、倒车的,负全部责任,不负责任,1,贵A7421T,银,1,贵A5813Y,银,贵大佳德驾驶培训学校,自培,2007/1/15 0:00,2002/4/12 0:00,名爵牌,东南牌,364558000000000000 ,364558000000000000 ,196810,195710,13,4,4,工作日,非高峰,2015-04-24,2015年4月24日,阴 /小雨,16℃ / 11℃,东风 ≤3级 /东风 ≤3级,阴,小雨,16,11,东风,≤3级,东风,≤3级,day
2015-04-16 09:30:00,观山湖区,8、依法应负全责的其他情形,负全部责任,不负责任,1,渝AWT632,白,1,贵APZ836,银,（白云区）消防驾驶培训学校,自培,2006/3/13 0:00,2001/12/21 0:00,江淮牌,长城牌,364558000000000000 ,36606251824669343X,198409,197602,9,3,4,工作日,早高峰(7-9点),2015-04-16,2015年4月16日,多云 /多云,29℃ / 17℃,南风 ≤3级 /南风 ≤3级,多云,多云,29,17,南风,≤3级,南风,≤3级,day
2015-03-09 10:50:00,紫林庵,7、未按规定让行的 ,负全部责任,不负责任,1,贵AKK768,黑,1,贵AU6116,蓝,消防驾校,自培,2010/6/1 0:00,2000/3/1 0:00,凯迪拉克,宗申牌,36634551944768495X,364547000000000000 ,198003,197802,10,0,3,工作日,非高峰,2015-03-09,2015年3月9日,小雨 /小雨,10℃ / 5℃,东北风 ≤3级 /东北风 ≤3级,小雨,小雨,10,5,东北风,≤3级,东北风,≤3级,day
2015-05-12 15:10:00,市北路,8、依法应负全责的其他情形,负全部责任,不负责任,1,贵CU8029,白,1,贵AV0467,黄,消防驾校,自培,2011/5/10 0:00,2002/1/8 0:00,-1,大江牌,366368000000000000 ,364548000000000000 ,195702,198009,15,1,5,工作日,非高峰,2015-05-12,2015年5月12日,阴 /雷阵雨,24℃ / 13℃,南风 ≤3级 /南风 ≤3级,阴,雷阵雨,24,13,南风,≤3级,南风,≤3级,day
2015-04-17 11:40:00,三桥,3、倒车的,负全部责任,不负责任,1,贵AFU423,白,1,贵A14R87,黑,消防驾校,自培,2010/6/29 0:00,2004/7/1 0:00,比亚迪牌,大众汽车牌,364558000000000000 ,364548000000000000 ,196304,197409,11,4,4,工作日,非高峰,2015-04-17,2015年4月17日,多云 /多云,28℃ / 19℃,南风 ≤3级 /南风 ≤3级,多云,多云,28,19,南风,≤3级,南风,≤3级,day
2015-05-08 17:30:00,会展城,7、未按规定让行的 ,负同等责任,不负责任,0,贵A36V51,蓝,1,贵A28G67,白,消防驾校,自培,2012/12/4 0:00,2012/4/17 0:00,福克斯(FOCUS)牌,宝马,366361000000000000 ,366361000000000000 ,197409,199304,17,4,5,工作日,晚高峰(17-19点),2015-05-08,2015年5月8日,阵雨 /多云,25℃ / 15℃,东南风 ≤3级 /东北风 ≤3级,阵雨,多云,25,15,东南风,≤3级,东北风,≤3级,day
2015-03-15 10:48:00,白云区,3、倒车的,负全部责任,不负责任,1,贵A4195Y,银,1,贵DN7999,黄,消防驾校,自培,2011/5/16 0:00,2013/3/19 0:00,北京牌,长安牌,364558000000000000 ,366368000000000000 ,197807,198206,10,6,3,周末,非高峰,2015-03-15,2015年3月15日,阴 /阴,18℃ / 13℃,东风 ≤3级 /南风 ≤3级,阴,阴,18,13,东风,≤3级,南风,≤3级,day
2015-03-12 18:00:00,白云区,9、不符合前8款规定或者双方同时具有上述情形的,负同等责任,负同等责任,1,贵A1808R,银,1,贵AA533A,银,消防驾校,自培,2013/3/8 0:00,2008/12/1 0:00,朗风牌,吉利美日牌,364558000000000000 ,356164000000000000 ,198711,196803,18,3,3,工作日,晚高峰(17-19点),2015-03-12,2015年3月12日,多云 /多云,16℃ / 10℃,南风 ≤3级 /南风 ≤3级,多云,多云,16,10,南风,≤3级,南风,≤3级,day
2015-03-22 10:24:00,蛮破,1、追尾的,负全部责任,不负责任,1,贵FV7444,白,0,贵AHY444,白,（白云区）消防驾驶培训学校,自培,2007/9/14 0:00,2004/6/4 0:00,奥迪牌,丰田牌,364558000000000000 ,364558000000000000 ,198902,197806,10,6,3,周末,非高峰,2015-03-22,2015年3月22日,阵雨 /阵雨,19℃ / 10℃,东南风 ≤3级 /东风 ≤3级,阵雨,阵雨,19,10,东南风,≤3级,东风,≤3级,day
2015-05-30 21:40:00,花果园,9、不符合前8款规定或者双方同时具有上述情形的,负全部责任,不负责任,0,贵ACN328,白,1,贵ANN282,黑,消防驾校,自培,2010/4/12 0:00,2005/9/15 0:00,思威牌,宝马牌,366361000000000000 ,364551000000000000 ,197403,198406,21,5,5,工作日,非高峰,2015-05-30,2015年5月30日,阵雨 /阵雨,23℃ / 17℃,东北风 ≤3级 /东风 ≤3级,阵雨,阵雨,23,17,东北风,≤3级,东风,≤3级,night
2015-05-25 13:11:00,八匹马,7、未按规定让行的 ,负全部责任,不负责任,0,贵A6689X,红,1,贵AS7357,红,消防驾校,自培,2012/2/27 0:00,2004/5/29 0:00,大众汽车,长安牌,354867000000000000 ,366864000000000000 ,197608,197306,13,0,5,工作日,非高峰,2015-05-25,2015年5月25日,多云 /阵雨,26℃ / 19℃,东南风 ≤3级 /东南风 ≤3级,多云,阵雨,26,19,东南风,≤3级,东南风,≤3级,day
2015-04-14 06:50:00,南垭路,1、追尾的,负全部责任,不负责任,1,贵AV7121,白,1,贵AU5227,绿,（乌当区）新天驾驶培训有限公司,自培,2006/3/3 0:00,2003/6/24 0:00,欧豹牌,捷达牌,364558000000000000 ,366368000000000000 ,197304,197512,6,1,4,工作日,非高峰,2015-04-14,2015年4月14日,晴 /多云,22℃ / 9℃,东风 ≤3级 /东风 ≤3级,晴,多云,22,9,东风,≤3级,东风,≤3级,day
2015-02-14 15:20:00,中天花园,1、追尾的,负全部责任,不负责任,0,贵GY7645,红,1,贵CN190,黑,消防驾校,自培,2014/11/4 0:00,2007/4/28 0:00,东风雪铁龙牌,-1,366566000000000000 ,356664000000000000 ,197810,197406,15,5,2,工作日,非高峰,2015-02-14,2015年2月14日,阵雨 /雷阵雨,16℃ / 10℃,南风 ≤3级 /南风 ≤3级,阵雨,雷阵雨,16,10,南风,≤3级,南风,≤3级,day
2015-05-13 21:00:00,师大,7、未按规定让行的 ,负全部责任,不负责任,1,贵GY6216,黑色,1,贵AU0891,白色,（乌当区）新天驾驶培训有限公司,自培,2006/6/7 0:00,2002/2/27 0:00,-1,夏利牌,366575000000000000 ,364547000000000000 ,198012,197001,21,2,5,工作日,非高峰,2015-05-13,2015年5月13日,多云 /阵雨,26℃ / 19℃,东南风 ≤3级 /东南风 ≤3级,多云,阵雨,26,19,东南风,≤3级,东南风,≤3级,night
2015-05-25 17:10:00,北京路,7、未按规定让行的 ,负全部责任,不负责任,1,贵A6BX08,黑,1,贵AEC771,白,（乌当区）新天驾驶培训有限公司,自培,2008/9/8 0:00,2004/3/20 0:00,奥迪,吉利全球鹰牌,364556000000000000 ,364548000000000000 ,197105,197208,17,0,5,工作日,晚高峰(17-19点),2015-05-25,2015年5月25日,多云 /阵雨,26℃ / 19℃,东南风 ≤3级 /东南风 ≤3级,多云,阵雨,26,19,东南风,≤3级,东南风,≤3级,day
2015-04-17 14:10:00,花香村,8、依法应负全责的其他情形,负全部责任,不负责任,0,贵A8BX36,红,1,贵GY2438,黄,新天驾校,自培,2012/8/28 0:00,2003/11/19 0:00,北京现代牌,大众汽车牌,366577000000000000 ,364558000000000000 ,197506,197811,14,4,4,工作日,非高峰,2015-04-17,2015年4月17日,多云 /多云,28℃ / 19℃,南风 ≤3级 /南风 ≤3级,多云,多云,28,19,南风,≤3级,南风,≤3级,day
2015-03-18 05:30:00,水东路,7、未按规定让行的 ,负全部责任,不负责任,1,贵JDY628,白色,1,贵A6E132,白色,新天驾校,自培,2012/11/16 0:00,2006/11/30 0:00,大众汽车牌,-1,364548000000000000 ,364548000000000000 ,199005,198802,5,2,3,工作日,非高峰,2015-03-18,2015年3月18日,多云 /多云,24℃ / 14℃,南风 ≤3级 /南风 ≤3级,多云,多云,24,14,南风,≤3级,南风,≤3级,night
2015-05-06 15:20:00,南湖西路,1、追尾的,负全部责任,不负责任,1,贵AB359E,黑,1,贵ATA605,蓝,新天驾校,自培,2014/5/19 0:00,2002/1/10 0:00,英伦牌,风神牌,366064000000000000 ,364558000000000000 ,197811,196203,15,2,5,工作日,非高峰,2015-05-06,2015年5月6日,多云 /多云,25℃ / 16℃,东北风 ≤3级 /南风 ≤3级,多云,多云,25,16,东北风,≤3级,南风,≤3级,day
2015-05-07 15:20:00,南湖西路,1、追尾的,负全部责任,不负责任,1,贵AB35,黑,1,贵A8A608,黄,新天驾校,自培,2014/5/19 0:00,2002/1/10 0:00,-1,-1,366064000000000000 ,364558000000000000 ,197811,196203,15,3,5,工作日,非高峰,2015-05-07,2015年5月7日,阵雨 /雷阵雨,23℃ / 17℃,东南风 ≤3级 /东南风 ≤3级,阵雨,雷阵雨,23,17,东南风,≤3级,东南风,≤3级,day
2015-03-24 08:10:00,东山,1、追尾的,负全部责任,不负责任,1,贵A29L89,白,1,贵AV9559,银,长运驾校,自培,2014/11/28 0:00,2001/12/28 0:00,雪佛兰牌,红旗牌,366663000000000000 ,364556000000000000 ,198708,197709,8,1,3,工作日,早高峰(7-9点),2015-03-24,2015年3月24日,小雨 /阵雨,13℃ / 7℃,东北风 ≤3级 /东北风 ≤3级,小雨,阵雨,13,7,东北风,≤3级,东北风,≤3级,day
2015-03-31 17:00:00,头桥,7、未按规定让行的 ,负全部责任,不负责任,1,粤B6A221,黑,1,贵AUA452,银,长运驾校,自培,2014/7/17 0:00,2002/2/11 0:00,大众牌,丰田牌,77476751964146070X,364547000000000000 ,198209,197707,17,1,3,工作日,晚高峰(17-19点),2015-03-31,2015年3月31日,多云 /多云,28℃ / 19℃,南风 ≤3级 /南风 ≤3级,多云,多云,28,19,南风,≤3级,南风,≤3级,day
2015-04-23 08:00:00,中天,8、依法应负全责的其他情形,负全部责任,不负责任,1,渝B75N52,黑,1,贵A77393,红,路路达驾校,自培,2013/12/18 0:00,2003/5/31 0:00,无,宗申,355464000000000000 ,364548000000000000 ,197406,197605,8,3,4,工作日,早高峰(7-9点),2015-04-23,2015年4月23日,阴 /小雨,16℃ / 10℃,东北风 ≤3级 /东北风 ≤3级,阴,小雨,16,10,东北风,≤3级,东北风,≤3级,day
2015-05-06 17:00:00,八匹马,1、追尾的,负全部责任,不负责任,1,贵JCP199,白,1,贵A71N32,黄,路路达驾校,自培,2012/8/3 0:00,2004/10/13 0:00,-1,别克牌,366869000000000000 ,354741000000000000 ,199002,198402,17,2,5,工作日,晚高峰(17-19点),2015-05-06,2015年5月6日,多云 /多云,25℃ / 16℃,东北风 ≤3级 /南风 ≤3级,多云,多云,25,16,东北风,≤3级,南风,≤3级,day
2015-05-06 17:00:00,八匹马,8、依法应负全责的其他情形,负全部责任,不负责任,1,贵JCP199,白,1,贵A71N32,红,路路达驾校,自培,2012/8/3 0:00,2004/10/13 0:00,-1,别克牌,366869000000000000 ,354741000000000000 ,199002,198402,17,2,5,工作日,晚高峰(17-19点),2015-05-06,2015年5月6日,多云 /多云,25℃ / 16℃,东北风 ≤3级 /南风 ≤3级,多云,多云,25,16,东北风,≤3级,南风,≤3级,day
2015-05-29 18:00:00,云峰大道,9、不符合前8款规定或者双方同时具有上述情形的,负同等责任,负同等责任,1,贵A5961K,蓝,0,贵AM5038,蓝,路路达驾校,自培,2013/11/5 0:00,2003/11/21 0:00,长安牌,劲扬牌,364558000000000000 ,4555520000000000 ,198905,197105,18,4,5,工作日,晚高峰(17-19点),2015-05-29,2015年5月29日,阵雨 /阵雨,24℃ / 17℃,东南风 ≤3级 /东北风 ≤3级,阵雨,阵雨,24,17,东南风,≤3级,东北风,≤3级,day
2015-05-21 21:08:00,市政府,9、不符合前8款规定或者双方同时具有上述情形的,负同等责任,负同等责任,1,湘D2G896,红,1,贵AV8751,黑,路路达驾校,自培,2012/9/24 0:00,2004/4/9 0:00,-1,三雅牌,74062500000000000 ,364558000000000000 ,198805,198601,21,3,5,工作日,非高峰,2015-05-21,2015年5月21日,阴 /阵雨,24℃ / 16℃,东风 ≤3级 /东风 ≤3级,阴,阵雨,24,16,东风,≤3级,东风,≤3级,night