accidenttime,accidentaddr,driver1fault,driver1responsibility,driver2responsibility,sex1,platenumber1,carcolor1,sex2,platenumber2,carcolor2,jxmc1,jxmc2,cclzrq1,cclzrq2,clpp1,clpp2,driver1license,driver2license,brith1,brith2,hour,weekday,month,is_weekday,peak_hour,date,日期,天气状况,气温,风力风向,day_wea,night_wea,day_tep,night_tep,day_wind_direction,day_wind_speed,night_wind_direction,night_wind_speed,segment
2015-02-05 18:30:00,蟠桃宫,7、未按规定让行的 ,负全部责任,不负责任,0,贵FS9663,黑,0,贵AS5749,白,路路达驾校,自培,2014/2/19 0:00,2006/1/5 0:00,大众汽车牌,明锐(Octavia)牌,254769000000000000 ,366367000000000000 ,198104,197703,18,3,2,工作日,晚高峰(17-19点),2015-02-05,2015年2月5日,阴 /阴,3℃ / 0℃,东北风 ≤3级 /东北风 ≤3级,阴,阴,3,0,东北风,≤3级,东北风,≤3级,day
2015-03-02 08:10:00,黔灵山路,1、追尾的,负全部责任,不负责任,1,贵A6354T,黄,1,贵A72Y41,蓝,路路达驾校,自培,2014/11/4 0:00,2004/7/29 0:00,东风牌,吉利全球鹰牌,364568000000000000 ,364557000000000000 ,199204,196802,8,0,3,工作日,早高峰(7-9点),2015-03-02,2015年3月2日,阴 /小雨,9℃ / 2℃,东北风 ≤3级 /东北风 ≤3级,阴,小雨,9,2,东北风,≤3级,东北风,≤3级,day
2015-03-28 14:13:00,合肥路,1、追尾的,负全部责任,不负责任,1,贵GL0393,黑,1,贵A88V52,白,时发驾校,自培,2006/1/24 0:00,2003/8/30 0:00,丰田牌,大众汽车牌,364557000000000000 ,364557000000000000 ,197401,197708,14,5,3,工作日,非高峰,2015-03-28,2015年3月28日,阵雨 /雷阵雨,17℃ / 14℃,南风 ≤3级 /南风 ≤3级,阵雨,雷阵雨,17,14,南风,≤3级,南风,≤3级,day
2015-04-09 09:50:00,后坝,9、不符合前8款规定或者双方同时具有上述情形的,负同等责任,负同等责任,1,贵A6355P,白,0,贵A9498V,白,（南明区）金大驾驶培训有限公司,自培,2008/10/27 0:00,2005/5/23 0:00,大众牌,马自达牌,366367000000000000 ,364558000000000000 ,196210,198405,9,3,4,工作日,早高峰(7-9点),2015-04-09,2015年4月9日,阴 /小雨,11℃ / 7℃,东北风 ≤3级 /东北风 ≤3级,阴,小雨,11,7,东北风,≤3级,东北风,≤3级,day
2015-05-26 11:00:00,蛮破,7、未按规定让行的 ,负全部责任,不负责任,1,贵GX2294,白,1,贵A16X87,黑,（南明区）金大驾驶培训有限公司,自培,2008/6/19 0:00,2006/8/18 0:00,-1,宝马,36454751935640325X,364548000000000000 ,198512,198603,11,1,5,工作日,非高峰,2015-05-26,2015年5月26日,阵雨 /雷阵雨,26℃ / 20℃,东南风 ≤3级 /东北风 ≤3级,阵雨,雷阵雨,26,20,东南风,≤3级,东北风,≤3级,day
2015-04-24 18:28:00,下坝隧道,1、追尾的,负全部责任,不负责任,1,川A3B435,白色,1,贵A78M14,白色,（南明区）金大驾驶培训有限公司,自培,2006/6/29 0:00,2009/8/14 0:00,迈腾,大众汽车牌,366846000000000000 ,36666351855669725X,197105,197112,18,4,4,工作日,晚高峰(17-19点),2015-04-24,2015年4月24日,阴 /小雨,16℃ / 11℃,东风 ≤3级 /东风 ≤3级,阴,小雨,16,11,东风,≤3级,东风,≤3级,day
2015-05-21 17:10:00,北衡路,8、依法应负全责的其他情形,负全部责任,不负责任,1,贵APB139,白,1,贵AW5923,绿,（南明区）阳光驾驶培训有限公司,自培,2004/12/17 0:00,2003/8/27 0:00,大众牌,豪门牌,366369000000000000 ,364557000000000000 ,198611,198502,17,3,5,工作日,晚高峰(17-19点),2015-05-21,2015年5月21日,阴 /阵雨,24℃ / 16℃,东风 ≤3级 /东风 ≤3级,阴,阵雨,24,16,东风,≤3级,东风,≤3级,day
2015-04-12 09:20:00,山水黔成,8、依法应负全责的其他情形,负全部责任,不负责任,1,贵AC452K,白色,1,贵AX9884,白色,阳光驾校,自培,2012/7/11 0:00,2004/8/28 0:00,东风标致牌,丰田牌,364548000000000000 ,364547000000000000 ,199002,194605,9,6,4,周末,早高峰(7-9点),2015-04-12,2015年4月12日,晴 /多云,21℃ / 7℃,东风 ≤3级 /东风 ≤3级,晴,多云,21,7,东风,≤3级,东风,≤3级,day
2015-05-13 09:00:00,花果园,7、未按规定让行的 ,负全部责任,不负责任,1,贵A0CB96,黑,1,贵A52656,红,（花溪区）仁武驾驶培训有限公司,自培,2004/12/16 0:00,2005/4/5 0:00,帕萨特牌,华骏牌,366063000000000000 ,355468000000000000 ,198203,198604,9,2,5,工作日,早高峰(7-9点),2015-05-13,2015年5月13日,多云 /阵雨,26℃ / 19℃,东南风 ≤3级 /东南风 ≤3级,多云,阵雨,26,19,东南风,≤3级,东南风,≤3级,day
2015-03-21 14:40:00,贵医,1、追尾的,负全部责任,不负责任,1,粤B3454P,银,1,贵AX3536,黄,（白云区）景宏驾驶培训有限公司,自培,2008/7/31 0:00,2006/8/7 0:00,丰田牌,科雷傲,366364000000000000 ,364556000000000000 ,194910,197403,14,5,3,工作日,非高峰,2015-03-21,2015年3月21日,阴 /阴,16℃ / 11℃,东北风 ≤3级 /东南风 ≤3级,阴,阴,16,11,东北风,≤3级,东南风,≤3级,day
2015-04-24 18:30:00,林城东路,7、未按规定让行的 ,负全部责任,不负责任,1,贵F19303,黑,0,贵A84J82,黑,景宏驾校,自培,2014/8/18 0:00,2004/5/17 0:00,中华牌,宝马,366046000000000000 ,364548000000000000 ,199109,196911,18,4,4,工作日,晚高峰(17-19点),2015-04-24,2015年4月24日,阴 /小雨,16℃ / 11℃,东风 ≤3级 /东风 ≤3级,阴,小雨,16,11,东风,≤3级,东风,≤3级,day
2015-05-27 09:15:00,恒大城,7、未按规定让行的 ,负全部责任,不负责任,1,贵A2EA57,黑,1,贵A2650学,银,景宏驾校,自培,2012/5/29 0:00,2007/12/20 0:00,大众牌,-1,36454651145469707X,364557000000000000 ,199010,198706,9,2,5,工作日,早高峰(7-9点),2015-05-27,2015年5月27日,阴 /阵雨,26℃ / 20℃,南风 ≤3级 /东北风 ≤3级,阴,阵雨,26,20,南风,≤3级,东北风,≤3级,day
2015-02-11 11:00:00,香江路,1、追尾的,负全部责任,不负责任,1,贵AJG771,白色,1,贵AZF195,黑色,（白云区）景宏驾驶培训有限公司,自培,2009/9/9 0:00,2007/9/28 0:00,福特牌,东风日产牌,734361000000000000 ,344678000000000000 ,199104,198702,11,2,2,工作日,非高峰,2015-02-11,2015年2月11日,多云 /多云,11℃ / 3℃,东风 ≤3级 /东北风 ≤3级,多云,多云,11,3,东风,≤3级,东北风,≤3级,day
2015-04-16 13:50:00,花溪,9、不符合前8款规定或者双方同时具有上述情形的,负同等责任,负同等责任,1,贵BM9431,黑,1,贵A21C27,黑,水城县腾达机动车驾驶培训有限公司,自培,2012/4/1 0:00,2006/10/12 0:00,丰田牌,东风日产牌,74365500000000000 ,364547000000000000 ,197609,198703,13,3,4,工作日,非高峰,2015-04-16,2015年4月16日,多云 /多云,29℃ / 17℃,南风 ≤3级 /南风 ≤3级,多云,多云,29,17,南风,≤3级,南风,≤3级,day
2015-05-14 19:00:00,刚玉街,8、依法应负全责的其他情形,负全部责任,不负责任,1,渝B47Z16,红,1,贵AV0497,黄,毕节地区黔中汽车(摩托车)驾驶培训学校,自培,2011/12/1 0:00,2002/8/27 0:00,-1,豪爵牌,354668000000000000 ,364547000000000000 ,197907,198104,19,3,5,工作日,晚高峰(17-19点),2015-05-14,2015年5月14日,多云 /雷阵雨,27℃ / 20℃,东南风 ≤3级 /南风 ≤3级,多云,雷阵雨,27,20,东南风,≤3级,南风,≤3级,day
2015-05-09 16:00:00,化工路,7、未按规定让行的 ,负全部责任,不负责任,1,贵AR9008,蓝,1,贵AG2972,白,毕节地区黔中汽车(摩托车)驾驶培训学校,自培,2013/11/26 0:00,2003/8/15 0:00,本田牌,铃木牌,366068000000000000 ,764547000000000000 ,196812,196811,16,5,5,工作日,非高峰,2015-05-09,2015年5月9日,阵雨 /阵雨,23℃ / 16℃,东北风 ≤3级 /东南风 ≤3级,阵雨,阵雨,23,16,东北风,≤3级,东南风,≤3级,day
2015-05-29 17:35:00,贵遵高速,1、追尾的,负全部责任,不负责任,1,贵A2625R,黑,1,贵AC9959,红,毕节地区黔中汽车(摩托车)驾驶培训学校,自培,2012/8/13 0:00,2003/12/4 0:00,一汽佳星牌,福特锐界,366068000000000000 ,356166000000000000 ,199306,197107,17,4,5,工作日,晚高峰(17-19点),2015-05-29,2015年5月29日,阵雨 /阵雨,24℃ / 17℃,东南风 ≤3级 /东北风 ≤3级,阵雨,阵雨,24,17,东南风,≤3级,东北风,≤3级,day
2015-03-23 20:20:00,二戈寨,8、依法应负全责的其他情形,负全部责任,不负责任,1,贵A95669,黄色,1,贵ANG848,白色,毕节地区黔中汽车(摩托车)驾驶培训学校,自培,2012/10/10 0:00,2005/2/25 0:00,风神,长安牌,366068000000000000 ,364547000000000000 ,197907,197909,20,0,3,工作日,非高峰,2015-03-23,2015年3月23日,多云 /阴,17℃ / 9℃,东北风 ≤3级 /东北风 ≤3级,多云,阴,17,9,东北风,≤3级,东北风,≤3级,night
2015-03-29 12:50:00,沙冲中路,7、未按规定让行的 ,负全部责任,不负责任,1,贵A29F54,白色,1,贵AU7248,白色,六枝特区顺安机动车驾驶培训学校有限公司,自培,2013/8/23 0:00,2000/7/14 0:00,东风雪铁龙牌,宗申牌,364648000000000000 ,364548000000000000 ,198903,197812,12,6,3,周末,非高峰,2015-03-29,2015年3月29日,阴 /多云,18℃ / 15℃,东风 ≤3级 /南风 ≤3级,阴,多云,18,15,东风,≤3级,南风,≤3级,day
2015-04-02 12:30:00,红边门,3、倒车的,负全部责任,不负责任,1,贵AKP891,黑,1,贵A6S569,黑,福泉市锦程机动车驾驶培训学校,自培,2010/7/30 0:00,2007/4/11 0:00,丰田牌,-1,364547000000000000 ,364547000000000000 ,199205,198805,12,3,4,工作日,非高峰,2015-04-02,2015年4月2日,多云 /多云,30℃ / 18℃,南风 ≤3级 /南风 ≤3级,多云,多云,30,18,南风,≤3级,南风,≤3级,day
2015-04-03 18:00:00,西二环,1、追尾的,负全部责任,不负责任,1,贵AA523L,白,1,贵A1031P,白,贵州省石阡泉都(启灵)驾驶培训有限责任公司,自培,2010/7/9 0:00,2004/5/27 0:00,力帆牌,英伦牌,366664000000000000 ,364557000000000000 ,198712,196309,18,4,4,工作日,晚高峰(17-19点),2015-04-03,2015年4月3日,多云 /多云,30℃ / 19℃,南风 ≤3级 /南风 ≤3级,多云,多云,30,19,南风,≤3级,南风,≤3级,day
2015-03-02 00:00:00,盐务街,1、追尾的,负全部责任,不负责任,1,贵AU7607,绿,1,贵AK3272,银,贵州省遵义汽车运输集团源丰交通驾驶培训有限责任公司,自培,2009/12/15 0:00,2001/12/3 0:00,宇通牌,东风雪铁龙,366567000000000000 ,764543000000000000 ,198812,196807,0,0,3,工作日,非高峰,2015-03-02,2015年3月2日,阴 /小雨,9℃ / 2℃,东北风 ≤3级 /东北风 ≤3级,阴,小雨,9,2,东北风,≤3级,东北风,≤3级,night
2015-05-25 16:50:00,花果园,8、依法应负全责的其他情形,负全部责任,不负责任,1,贵A052F5,白,1,贵AU9831,黄,毕节地区宏强汽车(摩托车)驾驶培训学校,自培,2011/7/20 0:00,2004/3/8 0:00,解放牌,欧豹牌,366064000000000000 ,366347000000000000 ,198107,198108,16,0,5,工作日,非高峰,2015-05-25,2015年5月25日,多云 /阵雨,26℃ / 19℃,东南风 ≤3级 /东南风 ≤3级,多云,阵雨,26,19,东南风,≤3级,东南风,≤3级,day
2015-03-20 09:40:00,盐务街,7、未按规定让行的 ,负全部责任,不负责任,1,贵AH1922,红,1,贵A67G85,白,贵州省黔东南州金凯驾驶学校,自培,2008/7/22 0:00,2007/1/11 0:00,雅奇牌,梅塞德斯-奔驰,366269000000000000 ,364548000000000000 ,197606,198706,9,4,3,工作日,早高峰(7-9点),2015-03-20,2015年3月20日,阴 /阵雨,14℃ / 10℃,东北风 ≤3级 /东北风 ≤3级,阴,阵雨,14,10,东北风,≤3级,东北风,≤3级,day
2015-02-07 11:40:00,日报社,9、不符合前8款规定或者双方同时具有上述情形的,负全部责任,不负责任,1,贵CCT837,银,1,贵AJN358,黑,道真仡佬族苗族自治县驾驶员培训学校,自培,2014/12/18 0:00,2004/3/29 0:00,丰田牌,吉利美日牌,366546000000000000 ,364548000000000000 ,197711,196901,11,5,2,工作日,非高峰,2015-02-07,2015年2月7日,阴 /阴,8℃ / 3℃,东北风 ≤3级 /东北风 ≤3级,阴,阴,8,3,东北风,≤3级,东北风,≤3级,day
2015-03-09 14:50:00,花溪大道,1、追尾的,负全部责任,不负责任,1,贵AB435J,白色,1,贵AU7613,白色,桐梓县毅昕机动车驾驶培训学校,自培,2012/1/10 0:00,2000/12/11 0:00,长安牌,捷达牌,366064000000000000 ,364547000000000000 ,196605,197504,14,0,3,工作日,非高峰,2015-03-09,2015年3月9日,小雨 /小雨,10℃ / 5℃,东北风 ≤3级 /东北风 ≤3级,小雨,小雨,10,5,东北风,≤3级,东北风,≤3级,day
2015-05-22 15:00:00,贵惠路,7、未按规定让行的 ,负全部责任,不负责任,1,贵A8Q513,白色,1,贵ALN336,白色,（南明区）铁二局驾驶培训有限公司,自培,2007/1/17 0:00,2000/1/26 0:00,-1,尼桑牌,36606651834350746X,364547000000000000 ,197505,196702,15,4,5,工作日,非高峰,2015-05-22,2015年5月22日,阵雨 /阵雨,19℃ / 14℃,东风 ≤3级 /东风 ≤3级,阵雨,阵雨,19,14,东风,≤3级,东风,≤3级,day
2015-03-15 21:07:00,白云区,8、依法应负全责的其他情形,负全部责任,不负责任,1,贵AU0822,黑,1,贵A6923E,黑,（南明区）铁二局驾驶培训有限公司,自培,2005/8/2 0:00,2006/4/28 0:00,宝来牌,雅阁牌,36606351955654715X,364557000000000000 ,198112,196309,21,6,3,周末,非高峰,2015-03-15,2015年3月15日,阴 /阴,18℃ / 13℃,东风 ≤3级 /南风 ≤3级,阴,阴,18,13,东风,≤3级,南风,≤3级,night
2015-05-05 23:00:00,瑞南路,7、未按规定让行的 ,负全部责任,不负责任,1,贵AC620K,白色,1,贵AV7262,白色,长运驾校,自培,2010/8/9 0:00,2009/12/21 0:00,-1,奇瑞牌,36455051925549405X,36606751954856277X,198611,198107,23,1,5,工作日,非高峰,2015-05-05,2015年5月5日,阵雨 /阵雨,21℃ / 15℃,南风 ≤3级 /南风 ≤3级,阵雨,阵雨,21,15,南风,≤3级,南风,≤3级,night
2015-04-10 08:00:00,花溪,7、未按规定让行的 ,负全部责任,不负责任,1,贵A58508,白色,1,贵ANS422,白色,铁二局驾校,自培,2013/10/18 0:00,2004/3/10 0:00,长安,比亚迪牌,344797000000000000 ,364556000000000000 ,198408,197111,8,4,4,工作日,早高峰(7-9点),2015-04-10,2015年4月10日,小雨 /小雨,12℃ / 8℃,东北风 ≤3级 /东北风 ≤3级,小雨,小雨,12,8,东北风,≤3级,东北风,≤3级,day
2015-05-30 13:05:00,花果园立交桥,7、未按规定让行的 ,负全部责任,不负责任,1,贵AF6101,红,1,贵AKK591,蓝,铁二局驾校,自培,2012/12/19 0:00,2001/7/24 0:00,三铃牌,北京现代牌,364596000000000000 ,364548000000000000 ,198908,197304,13,5,5,工作日,非高峰,2015-05-30,2015年5月30日,阵雨 /阵雨,23℃ / 17℃,东北风 ≤3级 /东风 ≤3级,阵雨,阵雨,23,17,东北风,≤3级,东风,≤3级,day
2015-04-16 19:00:00,三桥,7、未按规定让行的 ,负全部责任,不负责任,1,贵FQ8795,黑,1,贵A4152R,蓝,毕节地区汽车(摩托车)驾驶员培训学校,自培,2010/12/6 0:00,2007/9/12 0:00,长安牌,五菱牌,366046000000000000 ,366563000000000000 ,198309,198806,19,3,4,工作日,晚高峰(17-19点),2015-04-16,2015年4月16日,多云 /多云,29℃ / 17℃,南风 ≤3级 /南风 ≤3级,多云,多云,29,17,南风,≤3级,南风,≤3级,day
2015-02-08 21:00:00,汤巴关,7、未按规定让行的 ,负全部责任,不负责任,1,闽A292Q2,白色,1,贵A57322,白色,绥阳县汽车驾驶培训学校,自培,2010/11/3 0:00,2003/3/31 0:00,\N,之威牌,734563000000000000 ,366066000000000000 ,197702,197308,21,6,2,周末,非高峰,2015-02-08,2015年2月8日,阴 /阴,7℃ / 3℃,东北风 ≤3级 /南风 ≤3级,阴,阴,7,3,东北风,≤3级,南风,≤3级,night
2015-04-12 00:00:00,宝山北路,8、依法应负全责的其他情形,负全部责任,不负责任,1,贵AU5545,白色,1,贵AU1023,白色,黔西县宏远黔职驾校有限公司,自培,2009/8/10 0:00,2004/7/24 0:00,捷达牌,钱江牌,36606751834358175X,36666951904041047X,197505,198404,0,6,4,周末,非高峰,2015-04-12,2015年4月12日,晴 /多云,21℃ / 7℃,东风 ≤3级 /东风 ≤3级,晴,多云,21,7,东风,≤3级,东风,≤3级,night
2015-04-09 08:00:00,甘荫塘,7、未按规定让行的 ,负全部责任,不负责任,1,贵A6BZ30,白色,1,贵AV6859,白色,贵州省黔南交通驾驶学校,自培,2012/9/7 0:00,2000/1/19 0:00,丰田牌,宗申牌,366861000000000000 ,364556000000000000 ,198910,197903,8,3,4,工作日,早高峰(7-9点),2015-04-09,2015年4月9日,阴 /小雨,11℃ / 7℃,东北风 ≤3级 /东北风 ≤3级,阴,小雨,11,7,东北风,≤3级,东北风,≤3级,day
2015-03-05 04:05:00,大理石路,7、未按规定让行的 ,负全部责任,不负责任,1,贵A3917V,白色,1,贵AU5184,白色,六盘水昌达汽车摩托车驾驶培训学校有限公司,自培,2013/1/30 0:00,2010/3/16 0:00,北京牌,力帆牌,364648000000000000 ,366064000000000000 ,198112,197009,4,3,3,工作日,非高峰,2015-03-05,2015年3月5日,小雨 /小雨,4℃ / 1℃,东北风 ≤3级 /东北风 ≤3级,小雨,小雨,4,1,东北风,≤3级,东北风,≤3级,night
2015-03-26 12:30:00,二戈寨,3、倒车的,负全部责任,不负责任,1,贵A4413H,白色,1,贵A4094P,白色,铜仁通达汽车驾驶员培训有限公司,自培,2010/7/28 0:00,2001/10/10 0:00,江淮牌,北京现代牌,366669000000000000 ,366064000000000000 ,198610,198202,12,3,3,工作日,非高峰,2015-03-26,2015年3月26日,阴 /阵雨,17℃ / 12℃,南风 ≤3级 /南风 ≤3级,阴,阵雨,17,12,南风,≤3级,南风,≤3级,day
2015-02-08 12:00:00,贵安新区黔中大道,1、追尾的,负全部责任,不负责任,1,贵GP0881,黑色,1,贵A7944L,白色,龙里县圣锦汽车驾驶培训学校,自培,2014/11/4 0:00,2013/4/23 0:00,大众汽车牌,东南牌,366363000000000000 ,364556000000000000 ,196709,197109,12,6,2,周末,非高峰,2015-02-08,2015年2月8日,阴 /阴,7℃ / 3℃,东北风 ≤3级 /南风 ≤3级,阴,阴,7,3,东北风,≤3级,南风,≤3级,day
2015-04-05 13:00:00,云潭南路,1、追尾的,负全部责任,不负责任,1,贵AU6077,绿,1,贵CNX452,白,自培,自培,2006/8/7 0:00,2014/11/26 0:00,恒通客车牌,丰田牌,364556000000000000 ,36656051934053865X,198003,198504,13,6,4,周末,非高峰,2015-04-05,2015年4月5日,阴 /阵雨,30℃ / 12℃,南风 ≤3级 /东北风 ≤3级,阴,阵雨,30,12,南风,≤3级,东北风,≤3级,day
2015-04-30 04:00:00,亚泰学院十字路口,7、未按规定让行的 ,负全部责任,不负责任,1,贵A3950N,白色,1,贵GK9884,白色,贵大驾校,自培,2011/11/25 0:00,2005/10/25 0:00,斯柯达牌,丰田牌,364556000000000000 ,366364000000000000 ,197312,196711,4,3,4,工作日,非高峰,2015-04-30,2015年4月30日,阵雨 /阵雨,25℃ / 17℃,东南风 ≤3级 /东南风 ≤3级,阵雨,阵雨,25,17,东南风,≤3级,东南风,≤3级,night
2015-05-06 08:00:00,花溪,7、未按规定让行的 ,负全部责任,不负责任,1,贵A315E9,白色,1,贵A00633,白色,十一驾驶培训有限公司,自培,2012/3/23 0:00,2004/12/17 0:00,解放牌,-1,364566000000000000 ,364556000000000000 ,198906,196604,8,2,5,工作日,早高峰(7-9点),2015-05-06,2015年5月6日,多云 /多云,25℃ / 16℃,东北风 ≤3级 /南风 ≤3级,多云,多云,25,16,东北风,≤3级,南风,≤3级,day
2015-05-16 11:00:00,五里冲加油站,1、追尾的,负全部责任,不负责任,1,贵A41G76,白色,1,贵DX7316,白色,十一驾驶培训有限公司,自培,2012/8/20 0:00,2011/1/14 0:00,翼虎牌,-1,264047000000000000 ,366664000000000000 ,198001,199003,11,5,5,工作日,非高峰,2015-05-16,2015年5月16日,阴 /雷阵雨,23℃ / 17℃,东北风 ≤3级 /东风 ≤3级,阴,雷阵雨,23,17,东北风,≤3级,东风,≤3级,day
2015-05-22 22:40:00,北京西路,7、未按规定让行的 ,负全部责任,不负责任,1,贵A35H68,红,1,贵A51M46,白,贵州省长安驾驶培训学校,自培,2014/10/29 0:00,2006/4/12 0:00,大众汽车牌,大众牌,364548000000000000 ,366576000000000000 ,198706,196411,22,4,5,工作日,非高峰,2015-05-22,2015年5月22日,阵雨 /阵雨,19℃ / 14℃,东风 ≤3级 /东风 ≤3级,阵雨,阵雨,19,14,东风,≤3级,东风,≤3级,night
2015-03-13 21:00:00,花溪大道,1、追尾的,负全部责任,不负责任,1,贵A31749,黄,1,贵A12Y51,白,鑫鑫驾校,自培,2012/11/18 0:00,2004/7/12 0:00,江淮牌,大众汽车牌,364558000000000000 ,36634651204241627X,198808,196406,21,4,3,工作日,非高峰,2015-03-13,2015年3月13日,多云 /阵雨,17℃ / 12℃,南风 ≤3级 /南风 ≤3级,多云,阵雨,17,12,南风,≤3级,南风,≤3级,night
2015-02-14 20:00:00,143厂到183厂之间,7、未按规定让行的 ,负全部责任,不负责任,1,贵A484E4,白色,1,贵A4697K,白色,鑫鑫驾校,自培,2014/7/19 0:00,2010/1/13 0:00,欧铃牌,吉利牌,366067000000000000 ,366366000000000000 ,199310,197006,20,5,2,工作日,非高峰,2015-02-14,2015年2月14日,阵雨 /雷阵雨,16℃ / 10℃,南风 ≤3级 /南风 ≤3级,阵雨,雷阵雨,16,10,南风,≤3级,南风,≤3级,night
2015-03-13 08:20:00,瑞金北路,3、倒车的,负全部责任,不负责任,1,贵AU0258,黄,0,贵AEE567,银,（花溪区）鑫鑫驾驶培训有限公司,自培,2009/12/15 0:00,2004/5/12 0:00,奇瑞牌,迈腾牌,364548000000000000 ,364547000000000000 ,195809,197504,8,4,3,工作日,早高峰(7-9点),2015-03-13,2015年3月13日,多云 /阵雨,17℃ / 12℃,南风 ≤3级 /南风 ≤3级,多云,阵雨,17,12,南风,≤3级,南风,≤3级,day
2015-05-12 17:26:00,世纪城,1、追尾的,负全部责任,不负责任,1,贵A28S65,黑,1,贵AU4803,黄,鑫鑫驾校,自培,2014/9/2 0:00,2000/8/30 0:00,比亚迪牌,捷达牌,366068000000000000 ,364548000000000000 ,198712,196710,17,1,5,工作日,晚高峰(17-19点),2015-05-12,2015年5月12日,阴 /雷阵雨,24℃ / 13℃,南风 ≤3级 /南风 ≤3级,阴,雷阵雨,24,13,南风,≤3级,南风,≤3级,day
2015-04-15 10:30:00,盐务街,8、依法应负全责的其他情形,负全部责任,不负责任,1,贵AEP634,红,1,贵AU7324,蓝,鑫鑫驾校,自培,2010/7/26 0:00,2007/9/29 0:00,起亚牌,佛斯弟牌,36454751244050695X,366876000000000000 ,196004,198511,10,2,4,工作日,非高峰,2015-04-15,2015年4月15日,多云 /多云,24℃ / 16℃,东南风 ≤3级 /南风 ≤3级,多云,多云,24,16,东南风,≤3级,南风,≤3级,day
2015-02-07 17:00:00,大凹,7、未按规定让行的 ,负全部责任,不负责任,1,贵AJA927,红,1,贵FQ7541,黑,鑫鑫驾校,自培,2014/3/5 0:00,2002/7/23 0:00,大通牌,荣威牌,74365500000000000 ,366368000000000000 ,199310,197312,17,5,2,工作日,晚高峰(17-19点),2015-02-07,2015年2月7日,阴 /阴,8℃ / 3℃,东北风 ≤3级 /东北风 ≤3级,阴,阴,8,3,东北风,≤3级,东北风,≤3级,day
2015-02-03 09:30:00,金阳,5、开关车门的,负全部责任,不负责任,1,贵AV5436,黑色,1,贵AU1619,白色,（经开区）顺一驾驶培训有限公司,自培,2008/1/24 0:00,2001/7/2 0:00,本田牌,大众牌,366064000000000000 ,364548000000000000 ,196908,196512,9,1,2,工作日,早高峰(7-9点),2015-02-03,2015年2月3日,小雨 /小雨,6℃ / 1℃,东北风 ≤3级 /东北风 ≤3级,小雨,小雨,6,1,东北风,≤3级,东北风,≤3级,day
2015-03-13 13:01:00,长江路,7、未按规定让行的 ,负全部责任,不负责任,1,贵ASK662,白色,1,贵AAE847,白色,顺一驾驶培训学校,自培,2012/4/11 0:00,2000/5/10 0:00,北京现代牌,宗隆牌,364551000000000000 ,364547000000000000 ,197608,197210,13,4,3,工作日,非高峰,2015-03-13,2015年3月13日,多云 /阵雨,17℃ / 12℃,南风 ≤3级 /南风 ≤3级,多云,阵雨,17,12,南风,≤3级,南风,≤3级,day
2015-05-11 16:30:00,香江路,3、倒车的,负全部责任,不负责任,1,云A259F2,红,1,贵AW4408,白,（经开区）顺一驾驶培训有限公司,自培,2010/12/13 0:00,2000/4/17 0:00,-1,江铃全顺牌,36456551924246693X,364558000000000000 ,198606,196602,16,0,5,工作日,非高峰,2015-05-11,2015年5月11日,多云 /多云,24℃ / 13℃,东北风 ≤3级 /东北风 ≤3级,多云,多云,24,13,东北风,≤3级,东北风,≤3级,day
2015-05-25 16:00:00,红河路,7、未按规定让行的 ,负全部责任,不负责任,1,贵A31J69,白色,1,贵AP3253,白色,顺一驾驶培训学校,自培,2011/7/11 0:00,2002/8/5 0:00,东风标致牌,比亚迪牌,366669000000000000 ,54543500000000000 ,197909,196710,16,0,5,工作日,非高峰,2015-05-25,2015年5月25日,多云 /阵雨,26℃ / 19℃,东南风 ≤3级 /东南风 ≤3级,多云,阵雨,26,19,东南风,≤3级,东南风,≤3级,day
2015-04-15 00:50:00,大营坡,1、追尾的,负全部责任,不负责任,1,贵A99B56,黑,1,贵A11W94,银,青正驾校,自培,2012/7/23 0:00,2002/3/5 0:00,大众汽车牌,威志牌,366277000000000000 ,364548000000000000 ,198301,196306,0,2,4,工作日,非高峰,2015-04-15,2015年4月15日,多云 /多云,24℃ / 16℃,东南风 ≤3级 /南风 ≤3级,多云,多云,24,16,东南风,≤3级,南风,≤3级,night
2015-05-06 13:40:00,西二环,7、未按规定让行的 ,负全部责任,不负责任,1,贵A7559V,黑,1,贵A856A5,红,贵州晨运驾驶培训学校,自培,2011/1/26 0:00,2012/11/6 0:00,松花江牌,长安牌,366361000000000000 ,366561000000000000 ,196909,197404,13,2,5,工作日,非高峰,2015-05-06,2015年5月6日,多云 /多云,25℃ / 16℃,东北风 ≤3级 /南风 ≤3级,多云,多云,25,16,东北风,≤3级,南风,≤3级,day
2015-04-13 15:00:00,金关,8、依法应负全责的其他情形,负全部责任,不负责任,1,贵AB182L,黄,1,贵GL3075,红,贵阳万里圣驾校,自培,2014/9/1 0:00,2004/3/25 0:00,北京牌,大众牌,364596000000000000 ,364648000000000000 ,199105,196512,15,0,4,工作日,非高峰,2015-04-13,2015年4月13日,晴 /多云,23℃ / 8℃,东北风 ≤3级 /东北风 ≤3级,晴,多云,23,8,东北风,≤3级,东北风,≤3级,day