accidenttime,accidentaddr,driver1fault,driver1responsibility,driver2responsibility,sex1,platenumber1,carcolor1,sex2,platenumber2,carcolor2,jxmc1,jxmc2,cclzrq1,cclzrq2,clpp1,clpp2,driver1license,driver2license,brith1,brith2,hour,weekday,month,is_weekday,peak_hour,date,日期,天气状况,气温,风力风向,day_wea,night_wea,day_tep,night_tep,day_wind_direction,day_wind_speed,night_wind_direction,night_wind_speed,segment
2015-03-06 08:00:00,八匹马,1、追尾的,负全部责任,不负责任,1,贵A38A55,黑,1,贵A71B59,白,（乌当区）平安驾驶培训有限公司,自培,2005/9/23 0:00,2011/7/19 0:00,东风标致牌,中华牌,564541000000000000 ,364566000000000000 ,197411,199108,8,4,3,工作日,早高峰(7-9点),2015-03-06,2015年3月6日,小雨 /小雨,5℃ / 3℃,东北风 ≤3级 /东北风 ≤3级,小雨,小雨,5,3,东北风,≤3级,东北风,≤3级,day
2015-04-16 13:10:00,小河开发大道,7、未按规定让行的 ,负全部责任,不负责任,1,贵ADX601,白色,1,贵AHN467,白色,贵阳万里圣驾校,自培,2014/12/4 0:00,2004/9/10 0:00,奥迪牌,朗逸牌,364557000000000000 ,364548000000000000 ,198312,198303,13,3,4,工作日,非高峰,2015-04-16,2015年4月16日,多云 /多云,29℃ / 17℃,南风 ≤3级 /南风 ≤3级,多云,多云,29,17,南风,≤3级,南风,≤3级,day
2015-03-22 15:48:00,东山,1、追尾的,负全部责任,不负责任,1,贵AU3816,绿,1,贵AED224,白,（乌当区）平安驾驶培训有限公司,自培,2006/11/3 0:00,2004/7/12 0:00,凌肯牌,奥迪牌,366577000000000000 ,36624551944655495X,198304,198002,15,6,3,周末,非高峰,2015-03-22,2015年3月22日,阵雨 /阵雨,19℃ / 10℃,东南风 ≤3级 /东风 ≤3级,阵雨,阵雨,19,10,东南风,≤3级,东风,≤3级,day
2015-03-20 15:14:00,新添大道,8、依法应负全责的其他情形,负全部责任,不负责任,1,贵AEA989,银,1,贵A97457,白,贵州现代驾驶培训责任有限公司,自培,2010/12/2 0:00,2001/7/23 0:00,延龙牌,宇通牌,366569000000000000 ,366367000000000000 ,197511,196512,15,4,3,工作日,非高峰,2015-03-20,2015年3月20日,阴 /阵雨,14℃ / 10℃,东北风 ≤3级 /东北风 ≤3级,阴,阵雨,14,10,东北风,≤3级,东北风,≤3级,day
2015-04-20 12:10:00,北京东路,7、未按规定让行的 ,负全部责任,不负责任,1,贵A47N65,蓝,1,贵ANK556,白,贵州现代驾驶培训责任有限公司,自培,2014/8/26 0:00,2004/8/27 0:00,东风雪铁龙牌,雷克萨斯,36686751984546406X,784096000000000000 ,198701,198202,12,0,4,工作日,非高峰,2015-04-20,2015年4月20日,阴 /阴,20℃ / 11℃,东北风 ≤3级 /东北风 ≤3级,阴,阴,20,11,东北风,≤3级,东北风,≤3级,day
2015-05-20 10:00:00,北京东路,7、未按规定让行的 ,负全部责任,不负责任,1,贵ABV11,白色,1,贵A91569,白色,（南明区）现代驾驶培训有限公司,自培,2015/2/15 0:00,2011/12/30 0:00,-1,雷克牌,76366500000000000 ,36604551884366065X,199009,197705,10,2,5,工作日,非高峰,2015-05-20,2015年5月20日,阴 /阵雨,23℃ / 17℃,东北风 ≤3级 /东北风 ≤3级,阴,阵雨,23,17,东北风,≤3级,东北风,≤3级,day
2015-02-03 19:55:00,花果园,7、未按规定让行的 ,负全部责任,不负责任,1,贵A93R13,白色,1,贵FN3628,黑色,（南明区）现代驾驶培训有限公司,自培,2008/10/24 0:00,2004/11/24 11:02,北斗星牌,北京现代牌,366064000000000000 ,366577000000000000 ,197004,198506,19,1,2,工作日,晚高峰(17-19点),2015-02-03,2015年2月3日,小雨 /小雨,6℃ / 1℃,东北风 ≤3级 /东北风 ≤3级,小雨,小雨,6,1,东北风,≤3级,东北风,≤3级,day
2015-04-25 17:05:00,涴沙桥,8、依法应负全责的其他情形,负全部责任,不负责任,1,贵ABL389,银,1,贵AR0752,银,（南明区）现代驾驶培训有限公司,自培,2009/12/21 0:00,2015/1/13 0:00,长安牌,轰轰烈牌,366063000000000000 ,366246000000000000 ,198810,199009,17,5,4,工作日,晚高峰(17-19点),2015-04-25,2015年4月25日,阴 /阵雨,20℃ / 11℃,东风 ≤3级 /东南风 ≤3级,阴,阵雨,20,11,东风,≤3级,东南风,≤3级,day
2015-02-16 16:00:00,金阳国茂,7、未按规定让行的 ,负全部责任,不负责任,1,贵A5CA41,蓝,1,贵JN8678,蓝,贵州现代驾驶培训责任有限公司,自培,2014/2/17 0:00,2008/1/18 0:00,牧马人,长城牌,364557000000000000 ,364556000000000000 ,198108,198807,16,0,2,工作日,非高峰,2015-02-16,2015年2月16日,阴 /阵雨,15℃ / 9℃,东北风 ≤3级 /东南风 ≤3级,阴,阵雨,15,9,东北风,≤3级,东南风,≤3级,day
2015-04-01 09:40:00,宝山南路,1、追尾的,负全部责任,不负责任,1,贵AEQ315,蓝,0,贵A19624,黑,贵州现代驾驶培训责任有限公司,自培,2014/8/26 0:00,2003/2/17 0:00,福特牌,梅赛德斯-奔驰牌,366064000000000000 ,366347000000000000 ,199002,195412,9,2,4,工作日,早高峰(7-9点),2015-04-01,2015年4月1日,多云 /多云,29℃ / 19℃,南风 ≤3级 /南风 ≤3级,多云,多云,29,19,南风,≤3级,南风,≤3级,day
2015-04-21 11:00:00,老阳关,8、依法应负全责的其他情形,负全部责任,不负责任,1,贵CNQ058,银,1,贵AK0175,蓝,贵州现代驾驶培训责任有限公司,自培,2014/6/19 0:00,2002/10/12 0:00,本田牌,东风标致牌,36656551104748645X,364548000000000000 ,199403,197801,11,1,4,工作日,非高峰,2015-04-21,2015年4月21日,阴 /阵雨,17℃ / 10℃,东北风 ≤3级 /东北风 ≤3级,阴,阵雨,17,10,东北风,≤3级,东北风,≤3级,day
2015-03-19 09:40:00,世纪城,8、依法应负全责的其他情形,负全部责任,不负责任,1,贵AK0589,黑,1,贵AGM809,银,（花溪区）金马驾驶培训有限公司,自培,2007/4/11 0:00,2003/1/27 0:00,东风日产牌,吉利,364558000000000000 ,364548000000000000 ,198306,196609,9,3,3,工作日,早高峰(7-9点),2015-03-19,2015年3月19日,多云 /阵雨,26℃ / 12℃,南风 ≤3级 /东北风 ≤3级,多云,阵雨,26,12,南风,≤3级,东北风,≤3级,day
2015-03-17 10:20:00,太慈桥,1、追尾的,负全部责任,不负责任,1,贵A5537警,黑色,1,贵A42N12,蓝色,（花溪区）金马驾驶培训有限公司,自培,2010/5/25 0:00,2006/12/14 0:00,-1,五菱牌,364547000000000000 ,366068000000000000 ,199003,196810,10,1,3,工作日,非高峰,2015-03-17,2015年3月17日,多云 /多云,25℃ / 14℃,南风 ≤3级 /南风 ≤3级,多云,多云,25,14,南风,≤3级,南风,≤3级,day
2015-03-27 08:56:00,友谊路,7、未按规定让行的 ,负全部责任,不负责任,1,贵JK0226,白,1,贵AU9876,白,（南明区）吉源驾驶培训有限公司,自培,2010/10/29 0:00,2004/3/21 0:00,轰轰烈,豪爵牌,364551000000000000 ,366368000000000000 ,198204,197701,8,4,3,工作日,早高峰(7-9点),2015-03-27,2015年3月27日,阵雨 /阵雨,18℃ / 13℃,南风 ≤3级 /南风 ≤3级,阵雨,阵雨,18,13,南风,≤3级,南风,≤3级,day
2015-04-19 21:30:00,鹿冲关,9、不符合前8款规定或者双方同时具有上述情形的,负同等责任,负同等责任,1,贵JE9645,银,1,渝BV3496,红,（南明区）吉源驾驶培训有限公司,自培,2007/10/22 0:00,2001/7/6 0:00,东风雪铁龙牌,-1,36656551884559067X,364556000000000000 ,197701,197105,21,6,4,周末,非高峰,2015-04-19,2015年4月19日,阵雨 /阵雨,22℃ / 13℃,东北风 ≤3级 /东北风 ≤3级,阵雨,阵雨,22,13,东北风,≤3级,东北风,≤3级,night
2015-03-10 15:10:00,解放路,1、追尾的,负全部责任,不负责任,1,贵A54N51,银,0,贵BB7070,银,文通驾校,自培,2011/10/26 0:00,2000/4/26 0:00,比亚迪牌,梅赛德斯-奔驰,366067000000000000 ,364646000000000000 ,198206,197108,15,1,3,工作日,非高峰,2015-03-10,2015年3月10日,小雨 /小雨,8℃ / 4℃,东北风 ≤3级 /东北风 ≤3级,小雨,小雨,8,4,东北风,≤3级,东北风,≤3级,day
2015-03-21 21:40:00,北京路,7、未按规定让行的 ,负全部责任,不负责任,1,贵GM7945,白,1,贵A12B88,黄,吉源驾校,自培,2014/9/1 0:00,2002/1/29 0:00,东风标致牌,长安牌,364548000000000000 ,364556000000000000 ,196304,198310,21,5,3,工作日,非高峰,2015-03-21,2015年3月21日,阴 /阴,16℃ / 11℃,东北风 ≤3级 /东南风 ≤3级,阴,阴,16,11,东北风,≤3级,东南风,≤3级,night
2015-03-09 19:30:00,沙冲北路,1、追尾的,负全部责任,不负责任,1,贵AE6171,白色,1,贵A0AL29,白色,吉源驾校,自培,2014/12/16 0:00,2002/6/24 0:00,帕萨特,-1,364547000000000000 ,36454651864942063X,199607,197208,19,0,3,工作日,晚高峰(17-19点),2015-03-09,2015年3月9日,小雨 /小雨,10℃ / 5℃,东北风 ≤3级 /东北风 ≤3级,小雨,小雨,10,5,东北风,≤3级,东北风,≤3级,day
2015-05-29 07:50:00,北京路,7、未按规定让行的 ,负全部责任,不负责任,1,贵A3AM98,红,1,贵AV1771,黄,消防驾校,自培,2007/5/21 0:00,2005/2/28 0:00,锋范牌,大运牌,366368000000000000 ,36636651804666595X,196212,197402,7,4,5,工作日,早高峰(7-9点),2015-05-29,2015年5月29日,阵雨 /阵雨,24℃ / 17℃,东南风 ≤3级 /东北风 ≤3级,阵雨,阵雨,24,17,东南风,≤3级,东北风,≤3级,day
2015-02-09 23:11:00,珠江路与长江路交叉口,7、未按规定让行的 ,负全部责任,不负责任,1,贵AKR375,黑色,1,贵ABP333,白色,（南明区）吉源驾驶培训有限公司,自培,2009/10/26 0:00,2005/11/23 0:00,东风日产牌,长安牌,366546000000000000 ,364548000000000000 ,196204,195012,23,0,2,工作日,非高峰,2015-02-09,2015年2月9日,阴 /小雨,6℃ / 4℃,东北风 ≤3级 /东北风 ≤3级,阴,小雨,6,4,东北风,≤3级,东北风,≤3级,night
2015-04-28 09:30:00,毓秀路,3、倒车的,负全部责任,不负责任,1,贵CKF152,白,1,贵ANB661,黑,文通驾校,自培,2012/1/16 0:00,2011/3/7 0:00,丰田牌,东南牌,366567000000000000 ,366066000000000000 ,198608,197711,9,1,4,工作日,早高峰(7-9点),2015-04-28,2015年4月28日,多云 /多云,25℃ / 15℃,东北风 ≤3级 /东北风 ≤3级,多云,多云,25,15,东北风,≤3级,东北风,≤3级,day
2015-04-12 13:30:00,延安东楼,7、未按规定让行的 ,负全部责任,不负责任,1,贵AFZ782,黑,1,贵AU7319,黄,（南明区）吉源驾驶培训有限公司,自培,2009/12/16 0:00,2000/9/30 0:00,大众牌,福田牌,366061000000000000 ,364548000000000000 ,196212,198201,13,6,4,周末,非高峰,2015-04-12,2015年4月12日,晴 /多云,21℃ / 7℃,东风 ≤3级 /东风 ≤3级,晴,多云,21,7,东风,≤3级,东风,≤3级,day
2015-02-12 13:20:00,八匹马,1、追尾的,负全部责任,不负责任,1,贵A1054H,银,1,粤XT79594,黑,（观山湖区）诚信驾驶培训有限公司,自培,2008/5/4 0:00,2007/5/15 0:00,吉利牌,-1,364596000000000000 ,364568000000000000 ,198705,198608,13,3,2,工作日,非高峰,2015-02-12,2015年2月12日,多云 /多云,15℃ / 5℃,南风 ≤3级 /南风 ≤3级,多云,多云,15,5,南风,≤3级,南风,≤3级,day
2015-04-22 19:05:00,长岭南路,7、未按规定让行的 ,负全部责任,不负责任,1,贵A2BW87,红,1,贵ATAF92,黑,诚信驾驶培训学校,自培,2014/9/22 0:00,2001/6/21 0:00,吉利美日牌,-1,364556000000000000 ,07456551865557057X,198205,197211,19,2,4,工作日,晚高峰(17-19点),2015-04-22,2015年4月22日,小雨 /小雨,15℃ / 10℃,东北风 ≤3级 /东北风 ≤3级,小雨,小雨,15,10,东北风,≤3级,东北风,≤3级,day
2015-04-13 11:21:00,花溪大道,1、追尾的,负全部责任,不负责任,1,浙C67S95,白色,1,贵A7K373,白色,诚信驾驶培训学校,自培,2015/1/23 0:00,2004/11/23 11:50,比亚迪牌,东风牌,664264000000000000 ,736562000000000000 ,198309,197803,11,0,4,工作日,非高峰,2015-04-13,2015年4月13日,晴 /多云,23℃ / 8℃,东北风 ≤3级 /东北风 ≤3级,晴,多云,23,8,东北风,≤3级,东北风,≤3级,day
2015-03-03 16:30:00,观山东路,8、依法应负全责的其他情形,负全部责任,不负责任,0,贵GJ1217,白,1,贵A22911,蓝,诚信驾驶培训学校,自培,2012/12/7 0:00,2002/12/26 0:00,长安牌,徐工牌,364557000000000000 ,366346000000000000 ,197001,197912,16,1,3,工作日,非高峰,2015-03-03,2015年3月3日,小雨 /小雨,8℃ / 3℃,东北风 ≤3级 /东北风 ≤3级,小雨,小雨,8,3,东北风,≤3级,东北风,≤3级,day
2015-03-20 16:00:00,金源街,1、追尾的,负全部责任,不负责任,1,贵JAQ712,白,1,苏EY4W99,黑,（乌当区）全林驾驶培训有限公司,自培,2007/10/10 0:00,2002/10/23 0:00,福特牌,江淮牌,364547000000000000 ,36636651974557595X,198906,198301,16,4,3,工作日,非高峰,2015-03-20,2015年3月20日,阴 /阵雨,14℃ / 10℃,东北风 ≤3级 /东北风 ≤3级,阴,阵雨,14,10,东北风,≤3级,东北风,≤3级,day
2015-04-27 11:00:00,贵惠大道,3、倒车的,负全部责任,不负责任,1,贵AAW322,白色,1,贵ACL872,白色,蓝天驾校,自培,2012/6/13 0:00,2003/11/21 0:00,蒙迪欧牌,梅赛德斯-奔驰牌,364547000000000000 ,366364000000000000 ,198704,196702,11,0,4,工作日,非高峰,2015-04-27,2015年4月27日,阴 /雷阵雨,21℃ / 14℃,东南风 ≤3级 /东北风 ≤3级,阴,雷阵雨,21,14,东南风,≤3级,东北风,≤3级,day
2015-04-30 09:00:00,金阳,1、追尾的,负全部责任,不负责任,1,贵A9321X,白,1,贵A26X27,黑,贵州省长安驾驶培训学校,自培,2007/11/27 0:00,2002/7/30 0:00,北京牌,东风雪铁龙牌,366347000000000000 ,364558000000000000 ,197909,198402,9,3,4,工作日,早高峰(7-9点),2015-04-30,2015年4月30日,阵雨 /阵雨,25℃ / 17℃,东南风 ≤3级 /东南风 ≤3级,阵雨,阵雨,25,17,东南风,≤3级,东南风,≤3级,day
2015-03-23 15:00:00,白云区,7、未按规定让行的 ,负全部责任,不负责任,0,贵A78T89,白,0,贵AA479N,黑,自培,自培,2013/2/25 0:00,2012/8/1 0:00,-1,别克牌,364548000000000000 ,364548000000000000 ,197705,197601,15,0,3,工作日,非高峰,2015-03-23,2015年3月23日,多云 /阴,17℃ / 9℃,东北风 ≤3级 /东北风 ≤3级,多云,阴,17,9,东北风,≤3级,东北风,≤3级,day
2015-04-03 14:40:00,商贸城,8、依法应负全责的其他情形,负全部责任,不负责任,1,贵AJK698,黑,1,贵ANN725,黑,（乌当区）全林驾驶培训有限公司,自培,2009/12/14 0:00,2004/2/13 0:00,比亚迪牌,东风日产牌,366061000000000000 ,366046000000000000 ,197508,197512,14,4,4,工作日,非高峰,2015-04-03,2015年4月3日,多云 /多云,30℃ / 19℃,南风 ≤3级 /南风 ≤3级,多云,多云,30,19,南风,≤3级,南风,≤3级,day
2015-03-19 15:55:00,环城高速,1、追尾的,负全部责任,不负责任,1,贵A7809L,黑,1,贵HR5272,银,省交校,自培,2010/5/27 0:00,2003/6/9 0:00,比亚迪牌,北京现代牌,364596000000000000 ,366263000000000000 ,198912,196504,15,3,3,工作日,非高峰,2015-03-19,2015年3月19日,多云 /阵雨,26℃ / 12℃,南风 ≤3级 /东北风 ≤3级,多云,阵雨,26,12,南风,≤3级,东北风,≤3级,day
2015-05-10 17:00:00,北新区路口,1、追尾的,负全部责任,不负责任,1,贵AV2691,白色,1,贵A7S252,白色,（南明区）市交通职业技术驾驶培训学校,自培,2008/1/25 0:00,2006/12/7 0:00,豪诺牌,-1,366875000000000000 ,366068000000000000 ,197811,198710,17,6,5,周末,晚高峰(17-19点),2015-05-10,2015年5月10日,阵雨 /雷阵雨,25℃ / 14℃,南风 ≤3级 /南风 ≤3级,阵雨,雷阵雨,25,14,南风,≤3级,南风,≤3级,day
2015-04-12 17:00:00,保利,3、倒车的,负全部责任,不负责任,1,贵A702F1,银,1,贵ASA911,银,消防驾校,自培,2014/5/5 0:00,2002/2/5 0:00,南骏牌,威志牌,36464751144574255X,364547000000000000 ,199001,196712,17,6,4,周末,晚高峰(17-19点),2015-04-12,2015年4月12日,晴 /多云,21℃ / 7℃,东风 ≤3级 /东风 ≤3级,晴,多云,21,7,东风,≤3级,东风,≤3级,day
2015-04-29 13:00:00,中华北路,1、追尾的,负全部责任,不负责任,0,贵AZB719,白,1,贵A53F53,黑,（乌当区）新天驾驶培训有限公司,自培,2010/7/30 0:00,2000/3/21 0:00,大众牌,长城牌,36459551934064652X,364548000000000000 ,198504,196909,13,2,4,工作日,非高峰,2015-04-29,2015年4月29日,阵雨 /阵雨,26℃ / 16℃,东北风 ≤3级 /东南风 ≤3级,阵雨,阵雨,26,16,东北风,≤3级,东南风,≤3级,day
2015-04-20 08:00:00,小河,8、依法应负全责的其他情形,负全部责任,不负责任,1,贵FAF132,白色,1,贵A0937L,白色,新天驾校,自培,2014/5/7 0:00,2000/4/13 0:00,五菱牌,夏利牌,366067000000000000 ,364551000000000000 ,198404,197910,8,0,4,工作日,早高峰(7-9点),2015-04-20,2015年4月20日,阴 /阴,20℃ / 11℃,东北风 ≤3级 /东北风 ≤3级,阴,阴,20,11,东北风,≤3级,东北风,≤3级,day
2015-05-15 11:40:00,碧海花园,8、依法应负全责的其他情形,负全部责任,不负责任,0,贵ALF115,黄,1,贵AV0275,黑,新天驾校,自培,2014/10/24 0:00,2002/8/19 0:00,江铃牌,丰田牌,07746051884868442X,364557000000000 ,197707,730607,11,4,5,工作日,非高峰,2015-05-15,2015年5月15日,阵雨 /阵雨,25℃ / 16℃,东北风 ≤3级 /东北风 ≤3级,阵雨,阵雨,25,16,东北风,≤3级,东北风,≤3级,day
2015-02-01 15:00:00,云岩区市北路,9、不符合前8款规定或者双方同时具有上述情形的,负全部责任,不负责任,1,贵A0C900,黑色,1,贵AU3996,黑色,自培,自培,2005/1/7 0:00,2002/9/10 0:00,奥迪牌,豪进牌,364548000000000000 ,364557000000000000 ,198408,197902,15,6,2,周末,非高峰,2015-02-01,2015年2月1日,阴 /小雨,2℃ / 0℃,东北风 ≤3级 /东风 ≤3级,阴,小雨,2,0,东北风,≤3级,东风,≤3级,day
2015-03-08 06:00:00,金朱东路,1、追尾的,负全部责任,不负责任,1,贵AB535B,蓝,1,贵ABK693,黑,（南明区）金大驾驶培训有限公司,自培,2005/9/23 0:00,2001/9/25 0:00,雪佛兰,宝马牌,344796000000000000 ,36455751964741645X,198612,198203,6,6,3,周末,非高峰,2015-03-08,2015年3月8日,小雨 /阴,11℃ / 6℃,东北风 ≤3级 /东北风 ≤3级,小雨,阴,11,6,东北风,≤3级,东北风,≤3级,day
2015-05-02 17:20:00,大西门,1、追尾的,负全部责任,不负责任,1,贵ANB117,白色,1,贵A39X72,白色,（南明区）金大驾驶培训有限公司,自培,2006/6/8 0:00,2003/12/25 0:00,雪佛兰牌,英伦牌,366263000000000000 ,366064000000000000 ,198408,197912,17,5,5,工作日,晚高峰(17-19点),2015-05-02,2015年5月2日,多云 /阵雨,26℃ / 16℃,东北风 ≤3级 /东风 ≤3级,多云,阵雨,26,16,东北风,≤3级,东风,≤3级,day
2015-04-11 00:00:00,白云区,1、追尾的,负全部责任,不负责任,0,贵A399C7,银,1,贵GV1210,银,路路达驾校,自培,2013/10/12 0:00,2007/4/13 0:00,鹤云牌,理念牌,366577000000000000 ,364548000000000000 ,199409,198705,0,5,4,工作日,非高峰,2015-04-11,2015年4月11日,多云 /多云,15℃ / 9℃,东北风 ≤3级 /东风 ≤3级,多云,多云,15,9,东北风,≤3级,东风,≤3级,night
2015-04-24 08:00:00,北二环,8、依法应负全责的其他情形,负全部责任,不负责任,1,贵A6A338,蓝,0,贵ASP649,银,（南明区）金大驾驶培训有限公司,自培,2004/12/30 0:00,2007/5/17 0:00,-1,比亚迪牌,366347000000000000 ,366070000000000000 ,196911,198512,8,4,4,工作日,早高峰(7-9点),2015-04-24,2015年4月24日,阴 /小雨,16℃ / 11℃,东风 ≤3级 /东风 ≤3级,阴,小雨,16,11,东风,≤3级,东风,≤3级,day
2015-05-17 16:00:00,西二环,1、追尾的,负全部责任,不负责任,1,贵JAC488,白色,1,贵A42B18,白色,金大驾校,自培,2012/10/11 0:00,2005/6/22 0:00,-1,福特牌,784041000000000000 ,364551000000000000 ,196904,198403,16,6,5,周末,非高峰,2015-05-17,2015年5月17日,阵雨 /雷阵雨,25℃ / 17℃,东北风 ≤3级 /南风 ≤3级,阵雨,雷阵雨,25,17,东北风,≤3级,南风,≤3级,day
2015-05-02 16:00:00,腾大售楼中心,7、未按规定让行的 ,负全部责任,不负责任,1,贵A1R053,白色,1,贵AF1738,白色,贵阳学院汽车驾驶培训,自培,2011/9/6 0:00,2006/7/31 0:00,-1,宗申牌,356164000000000000 ,364548000000000000 ,196608,198508,16,5,5,工作日,非高峰,2015-05-02,2015年5月2日,多云 /阵雨,26℃ / 16℃,东北风 ≤3级 /东风 ≤3级,多云,阵雨,26,16,东北风,≤3级,东风,≤3级,day
2015-05-07 07:00:00,学士路,8、依法应负全责的其他情形,负全部责任,不负责任,1,贵A85M97,白色,1,贵AU9835,白色,金大驾校,自培,2012/9/29 0:00,2008/1/24 0:00,长城牌,宗申牌,364556000000000000 ,366046000000000000 ,197304,196804,7,3,5,工作日,早高峰(7-9点),2015-05-07,2015年5月7日,阵雨 /雷阵雨,23℃ / 17℃,东南风 ≤3级 /东南风 ≤3级,阵雨,雷阵雨,23,17,东南风,≤3级,东南风,≤3级,day
2015-02-07 19:30:00,远通大道,7、未按规定让行的 ,负全部责任,不负责任,1,贵GQ9583,蓝,1,贵A63Z35,黄,自培,自培,2011/8/15 0:00,2007/6/11 0:00,福克斯牌,朗逸牌,366569000000000000 ,364547000000000000 ,198810,197807,19,5,2,工作日,晚高峰(17-19点),2015-02-07,2015年2月7日,阴 /阴,8℃ / 3℃,东北风 ≤3级 /东北风 ≤3级,阴,阴,8,3,东北风,≤3级,东北风,≤3级,day
2015-04-03 18:21:00,花果园,8、依法应负全责的其他情形,负全部责任,不负责任,1,贵AKG697,黑,1,贵AU4094,黄,（南明区）阳光驾驶培训有限公司,自培,2005/10/19 0:00,2003/10/15 0:00,梅赛德斯-奔驰,捷达牌,734398000000000000 ,357462000000000000 ,197110,196609,18,4,4,工作日,晚高峰(17-19点),2015-04-03,2015年4月3日,多云 /多云,30℃ / 19℃,南风 ≤3级 /南风 ≤3级,多云,多云,30,19,南风,≤3级,南风,≤3级,day
2015-03-22 13:00:00,青云路,1、追尾的,负全部责任,不负责任,1,贵GQ8631,黑色,1,贵AC9574,白色,阳光驾校,自培,2013/8/8 0:00,2003/2/28 0:00,奥迪牌,宗申牌,354366000000000000 ,364548000000000000 ,198502,198110,13,6,3,周末,非高峰,2015-03-22,2015年3月22日,阵雨 /阵雨,19℃ / 10℃,东南风 ≤3级 /东风 ≤3级,阵雨,阵雨,19,10,东南风,≤3级,东风,≤3级,day
2015-02-08 16:00:00,花溪,1、追尾的,负全部责任,不负责任,1,贵A29J22,白色,1,贵ANM642,白色,人武驾校,自培,2014/6/20 0:00,2006/9/4 0:00,三菱牌,名爵牌,364556000000000000 ,364596000000000000 ,199201,198607,16,6,2,周末,非高峰,2015-02-08,2015年2月8日,阴 /阴,7℃ / 3℃,东北风 ≤3级 /南风 ≤3级,阴,阴,7,3,东北风,≤3级,南风,≤3级,day
2015-05-06 08:20:00,东林寺路,7、未按规定让行的 ,负全部责任,不负责任,1,贵ARG367,黑,0,贵AA501M,黑,蓝天驾校,自培,2010/10/29 0:00,2005/8/3 0:00,东风牌,东风雪铁龙牌,34760500000000000 ,66667500000000000 ,198812,196901,8,2,5,工作日,早高峰(7-9点),2015-05-06,2015年5月6日,多云 /多云,25℃ / 16℃,东北风 ≤3级 /南风 ≤3级,多云,多云,25,16,东北风,≤3级,南风,≤3级,day
2015-05-15 07:50:00,东山路,9、不符合前8款规定或者双方同时具有上述情形的,负同等责任,不负责任,0,贵AN8099,红,1,贵AA398N,红,（观山湖区）蓝天驾驶培训有限公司,自培,2006/12/7 0:00,2005/3/29 0:00,宝马牌,大众汽车牌,36454751845553446X,364547000000000000 ,197011,196910,7,4,5,工作日,早高峰(7-9点),2015-05-15,2015年5月15日,阵雨 /阵雨,25℃ / 16℃,东北风 ≤3级 /东北风 ≤3级,阵雨,阵雨,25,16,东北风,≤3级,东北风,≤3级,day
2015-04-13 15:20:00,金华场,3、倒车的,负全部责任,不负责任,1,贵AA014P,黄,1,贵A89257,红,蓝天驾校（观山湖区）,自培,2015/4/1 0:00,2004/5/27 0:00,传祺牌,东风牌,36676751914857833X,364557000000000000 ,198907,198411,15,0,4,工作日,非高峰,2015-04-13,2015年4月13日,晴 /多云,23℃ / 8℃,东北风 ≤3级 /东北风 ≤3级,晴,多云,23,8,东北风,≤3级,东北风,≤3级,day
2015-04-24 23:05:00,东山,8、依法应负全责的其他情形,负全部责任,不负责任,1,贵GY2657,白,0,贵AP0618,银,（观山湖区）蓝天驾驶培训有限公司,自培,2006/6/27 0:00,2003/5/31 0:00,福特牌,东风日产牌,364547000000000000 ,364547000000000000 ,197104,196604,23,4,4,工作日,非高峰,2015-04-24,2015年4月24日,阴 /小雨,16℃ / 11℃,东风 ≤3级 /东风 ≤3级,阴,小雨,16,11,东风,≤3级,东风,≤3级,night
2015-04-10 09:10:00,武岳酒店对门,9、不符合前8款规定或者双方同时具有上述情形的,负同等责任,负同等责任,1,贵A16S21,白色,1,贵AU0364,黑色,市警校驾校,自培,2014/5/12 0:00,2007/9/20 0:00,大众汽车牌,万达牌,364548000000000000 ,364547000000000000 ,199508,198809,9,4,4,工作日,早高峰(7-9点),2015-04-10,2015年4月10日,小雨 /小雨,12℃ / 8℃,东北风 ≤3级 /东北风 ≤3级,小雨,小雨,12,8,东北风,≤3级,东北风,≤3级,day
2015-04-20 09:00:00,云环路,7、未按规定让行的 ,负全部责任,不负责任,1,贵AB339F,白,1,贵EX4355,黑,时发驾校（云岩区）,自培,2015/3/19 0:00,2005/1/24 0:00,三菱牌,飞度牌,364558000000000000 ,364548000000000000 ,198910,198311,9,0,4,工作日,早高峰(7-9点),2015-04-20,2015年4月20日,阴 /阴,20℃ / 11℃,东北风 ≤3级 /东北风 ≤3级,阴,阴,20,11,东北风,≤3级,东北风,≤3级,day
2015-02-09 15:00:00,北京路,7、未按规定让行的 ,负全部责任,不负责任,1,贵D51911,黑,1,贵AU1389,绿,自培,自培,2011/10/15 0:00,2004/7/28 0:00,别克牌,钱江牌,366664000000000000 ,366361000000000000 ,198110,197402,15,0,2,工作日,非高峰,2015-02-09,2015年2月9日,阴 /小雨,6℃ / 4℃,东北风 ≤3级 /东北风 ≤3级,阴,小雨,6,4,东北风,≤3级,东北风,≤3级,day
2015-04-18 00:00:00,白云区,1、追尾的,负全部责任,不负责任,1,贵B920G,白,1,苏L67Z53,黑,景宏驾校,自培,2013/12/20 0:00,2000/4/25 0:00,-1,\N,355266000000000000 ,366361000000000000 ,199110,197608,0,5,4,工作日,非高峰,2015-04-18,2015年4月18日,多云 /雷阵雨,29℃ / 16℃,南风 ≤3级 /南风 ≤3级,多云,雷阵雨,29,16,南风,≤3级,南风,≤3级,night