accidenttime,accidentaddr,driver1fault,driver1responsibility,driver2responsibility,sex1,platenumber1,carcolor1,sex2,platenumber2,carcolor2,jxmc1,jxmc2,cclzrq1,cclzrq2,clpp1,clpp2,driver1license,driver2license,brith1,brith2,hour,weekday,month,is_weekday,peak_hour,date,日期,天气状况,气温,风力风向,day_wea,night_wea,day_tep,night_tep,day_wind_direction,day_wind_speed,night_wind_direction,night_wind_speed,segment
2015-03-02 08:40:00,师大,8、依法应负全责的其他情形,负全部责任,不负责任,0,贵AJ1373,白,1,贵A2CA79,白,（白云区）景宏驾驶培训有限公司,自培,2004/12/9 0:00,2002/5/15 0:00,大众牌,大众汽车牌,366664000000000000 ,364548000000000000 ,197801,195610,8,0,3,工作日,早高峰(7-9点),2015-03-02,2015年3月2日,阴 /小雨,9℃ / 2℃,东北风 ≤3级 /东北风 ≤3级,阴,小雨,9,2,东北风,≤3级,东北风,≤3级,day
2015-02-12 08:30:00,四方河,1、追尾的,负全部责任,不负责任,1,贵A3064A,黑色,1,贵AKM648,白色,（白云区）景宏驾驶培训有限公司,自培,2006/11/23 0:00,2007/11/12 0:00,东风雪铁龙牌,东风标致牌,366347000000000000 ,366577000000000000 ,198410,198003,8,3,2,工作日,早高峰(7-9点),2015-02-12,2015年2月12日,多云 /多云,15℃ / 5℃,南风 ≤3级 /南风 ≤3级,多云,多云,15,5,南风,≤3级,南风,≤3级,day
2015-05-04 08:50:00,西二环,1、追尾的,负全部责任,不负责任,1,贵A3782X,红,1,贵AJ8098,白,新华驾校,自培,2010/11/1 0:00,2002/2/21 0:00,大众汽车牌,东本牌,354669000000000000 ,364556000000000000 ,197410,198104,8,0,5,工作日,早高峰(7-9点),2015-05-04,2015年5月4日,阵雨 /阵雨,20℃ / 14℃,东北风 ≤3级 /东北风 ≤3级,阵雨,阵雨,20,14,东北风,≤3级,东北风,≤3级,day
2015-03-15 00:00:00,经开区,7、未按规定让行的 ,负全部责任,不负责任,1,贵A22503,白色,1,贵A68Y75,白色,毕节地区黔中汽车(摩托车)驾驶培训学校,自培,2012/6/4 0:00,2007/1/30 0:00,豪江牌,东风日产牌,366068000000000000 ,364556000000000000 ,199011,197012,0,6,3,周末,非高峰,2015-03-15,2015年3月15日,阴 /阴,18℃ / 13℃,东风 ≤3级 /南风 ≤3级,阴,阴,18,13,东风,≤3级,南风,≤3级,night
2015-05-17 13:00:00,花溪田园路口,1、追尾的,负全部责任,不负责任,1,贵DDL354,白色,1,贵AW3656,白色,惠水县黔岭机动车驾驶培训有限公司,自培,2014/11/20 0:00,2003/1/25 0:00,-1,大众汽车牌,366661000000000000 ,364647000000000000 ,198806,197911,13,6,5,周末,非高峰,2015-05-17,2015年5月17日,阵雨 /雷阵雨,25℃ / 17℃,东北风 ≤3级 /南风 ≤3级,阵雨,雷阵雨,25,17,东北风,≤3级,南风,≤3级,day
2015-03-24 02:18:00,新添大道,8、依法应负全责的其他情形,负全部责任,不负责任,1,贵AR5998,红,1,贵GR3082,白,黔东南民族职业技术学院驾驶学校,自培,2009/8/18 0:00,2006/12/13 0:00,东风标致牌,东风日产牌,366267000000000000 ,366361000000000000 ,198404,197312,2,1,3,工作日,非高峰,2015-03-24,2015年3月24日,小雨 /阵雨,13℃ / 7℃,东北风 ≤3级 /东北风 ≤3级,小雨,阵雨,13,7,东北风,≤3级,东北风,≤3级,night
2015-04-17 12:20:00,清溪路,1、追尾的,负全部责任,不负责任,1,贵JED388,白色,1,贵AUA731,白色,铜仁地区锦宏咨询服务有限公司驾驶培训学校,自培,2012/7/12 0:00,2002/8/12 0:00,东风标致牌,奇瑞牌,366264000000000000 ,364556000000000000 ,198602,197002,12,4,4,工作日,非高峰,2015-04-17,2015年4月17日,多云 /多云,28℃ / 19℃,南风 ≤3级 /南风 ≤3级,多云,多云,28,19,南风,≤3级,南风,≤3级,day
2015-03-07 09:30:00,白云区,7、未按规定让行的 ,负全部责任,不负责任,1,贵FL7954,白,1,贵A4292M,黑,毕节地区新毕汽车驾驶培训学校,自培,2010/1/8 0:00,2010/11/22 0:00,比亚迪牌,夏利牌,366063000000000000 ,366566000000000000 ,198508,197405,9,5,3,工作日,早高峰(7-9点),2015-03-07,2015年3月7日,阴 /小雨,10℃ / 5℃,东风 ≤3级 /东南风 ≤3级,阴,小雨,10,5,东风,≤3级,东南风,≤3级,day
2015-02-04 15:30:00,红边门,9、不符合前8款规定或者双方同时具有上述情形的,负同等责任,负同等责任,1,贵A2BY90,白,1,粤B6K748,银,贵阳金马驾驶培训有限公司,自培,2011/7/18 0:00,2003/9/17 0:00,缤智牌,松花江,364548000000000000 ,364548000000000000 ,199106,195809,15,2,2,工作日,非高峰,2015-02-04,2015年2月4日,小雨 /小雨,4℃ / 0℃,东北风 ≤3级 /东北风 ≤3级,小雨,小雨,4,0,东北风,≤3级,东北风,≤3级,day
2015-03-16 13:50:00,沙冲路,3、倒车的,负全部责任,不负责任,1,贵FB5705,白色,1,贵A3BZ45,白色,毕节市奇康驾驶培训学校,自培,2012/10/31 0:00,2005/10/17 0:00,嘉龙牌,比亚迪牌,366046000000000000 ,64542500000000000 ,199106,197204,13,0,3,工作日,非高峰,2015-03-16,2015年3月16日,阴 /多云,20℃ / 15℃,南风 ≤3级 /南风 ≤3级,阴,多云,20,15,南风,≤3级,南风,≤3级,day
2015-04-15 14:00:00,四方河路口,1、追尾的,负全部责任,不负责任,1,贵AFK371,白色,1,贵A96A75,白色,（南明区）铁二局驾驶培训有限公司,自培,2005/12/31 0:00,2004/7/29 0:00,力帆牌,雪佛兰牌,364547000000000000 ,36454651934060897X,196801,198504,14,2,4,工作日,非高峰,2015-04-15,2015年4月15日,多云 /多云,24℃ / 16℃,东南风 ≤3级 /南风 ≤3级,多云,多云,24,16,东南风,≤3级,南风,≤3级,day
2015-03-07 11:00:00,花果园立交,1、追尾的,负全部责任,不负责任,1,贵FY2338,白色,1,贵ANT332,白色,铁二局驾校,自培,2013/8/12 0:00,2002/12/31 0:00,明锐牌,骊威牌,366567000000000000 ,364547000000000000 ,198409,197108,11,5,3,工作日,非高峰,2015-03-07,2015年3月7日,阴 /小雨,10℃ / 5℃,东风 ≤3级 /东南风 ≤3级,阴,小雨,10,5,东风,≤3级,东南风,≤3级,day
2015-03-10 08:20:00,北京东路,7、未按规定让行的 ,负全部责任,不负责任,0,贵A62R75,白,1,贵A48N23,银,（南明区）铁二局驾驶培训有限公司,自培,2006/12/7 0:00,2005/7/11 0:00,明锐牌,丰田牌,364557000000000000 ,36634551834540561X,198202,197501,8,1,3,工作日,早高峰(7-9点),2015-03-10,2015年3月10日,小雨 /小雨,8℃ / 4℃,东北风 ≤3级 /东北风 ≤3级,小雨,小雨,8,4,东北风,≤3级,东北风,≤3级,day
2015-04-01 09:20:00,中天花园,7、未按规定让行的 ,负全部责任,不负责任,1,贵A68A21,银,1,贵ARZ585,银,铁二局驾校,自培,2011/8/31 0:00,2000/6/16 0:00,吉利牌,东风日产牌,366875000000000000 ,364556000000000000 ,198904,196806,9,2,4,工作日,早高峰(7-9点),2015-04-01,2015年4月1日,多云 /多云,29℃ / 19℃,南风 ≤3级 /南风 ≤3级,多云,多云,29,19,南风,≤3级,南风,≤3级,day
2015-04-11 08:20:00,盐务街,7、未按规定让行的 ,负全部责任,不负责任,1,贵ATJ778,黑,1,贵AU2335,银,（南明区）铁二局驾驶培训有限公司,自培,2006/1/24 0:00,2011/4/7 0:00,五菱牌,瑞麒牌,364557000000000000 ,366363000000000000 ,196711,198710,8,5,4,工作日,早高峰(7-9点),2015-04-11,2015年4月11日,多云 /多云,15℃ / 9℃,东北风 ≤3级 /东风 ≤3级,多云,多云,15,9,东北风,≤3级,东风,≤3级,day
2015-04-15 13:00:00,小河万科,7、未按规定让行的 ,负全部责任,不负责任,1,贵AX1556,白色,1,贵A690B1,黑色,铁二局驾校,自培,2011/7/21 0:00,2000/11/9 0:00,沃尔沃牌,南骏牌,366568000000000000 ,366063000000000000 ,197101,197706,13,2,4,工作日,非高峰,2015-04-15,2015年4月15日,多云 /多云,24℃ / 16℃,东南风 ≤3级 /南风 ≤3级,多云,多云,24,16,东南风,≤3级,南风,≤3级,day
2015-02-08 15:50:00,花溪区大联路,8、依法应负全责的其他情形,负全部责任,不负责任,1,贵A0AF41,黑色,1,贵ACM225,白色,铁二局驾校,自培,2012/1/13 0:00,2003/4/24 0:00,大众牌,夏利牌,364547000000000000 ,364556000000000000 ,197608,197305,15,6,2,周末,非高峰,2015-02-08,2015年2月8日,阴 /阴,7℃ / 3℃,东北风 ≤3级 /南风 ≤3级,阴,阴,7,3,东北风,≤3级,南风,≤3级,day
2015-05-25 10:30:00,宝山南路,8、依法应负全责的其他情形,负全部责任,不负责任,1,贵AD5351,白,1,贵AGV017,黑,铁二局驾校,自培,2013/5/7 0:00,2006/6/8 0:00,长安,吉利美日牌,36456751155453097X,364547000000000000 ,199110,197806,10,0,5,工作日,非高峰,2015-05-25,2015年5月25日,多云 /阵雨,26℃ / 19℃,东南风 ≤3级 /东南风 ≤3级,多云,阵雨,26,19,东南风,≤3级,东南风,≤3级,day
2015-03-23 08:00:00,海马冲,8、依法应负全责的其他情形,负全部责任,不负责任,1,贵A7BH55,白,1,贵AU0777,蓝,大方县龙飞汽车(摩托车)驾驶培训学校,自培,2010/7/21 0:00,2000/6/22 0:00,丰田牌,富威牌,366046000000000000 ,364648000000000000 ,198407,197903,8,0,3,工作日,早高峰(7-9点),2015-03-23,2015年3月23日,多云 /阴,17℃ / 9℃,东北风 ≤3级 /东北风 ≤3级,多云,阴,17,9,东北风,≤3级,东北风,≤3级,day
2015-04-22 16:10:00,二戈寨,7、未按规定让行的 ,负全部责任,不负责任,1,贵AK1125,银,1,贵AFN336,银,毕节市顺达汽车驾驶培训学校,自培,2014/3/26 0:00,2001/4/18 0:00,奥铃牌,华泰圣达菲牌,366063000000000000 ,366368000000000000 ,198808,196207,16,2,4,工作日,非高峰,2015-04-22,2015年4月22日,小雨 /小雨,15℃ / 10℃,东北风 ≤3级 /东北风 ≤3级,小雨,小雨,15,10,东北风,≤3级,东北风,≤3级,day
2015-04-12 16:30:00,小关,7、未按规定让行的 ,负全部责任,不负责任,1,贵AAM538,银,0,贵AJ7333,银,大方县龙飞汽车(摩托车)驾驶培训学校,自培,2012/3/6 0:00,2000/10/9 0:00,速卡迪牌,豪爵牌,366067000000000000 ,364547000000000000 ,198204,196408,16,6,4,周末,非高峰,2015-04-12,2015年4月12日,晴 /多云,21℃ / 7℃,东风 ≤3级 /东风 ≤3级,晴,多云,21,7,东风,≤3级,东风,≤3级,day
2015-04-08 20:40:00,西二环,8、依法应负全责的其他情形,负全部责任,不负责任,1,贵AX7270,白,0,贵HM3951,银,黔西县宏远黔职驾校有限公司,自培,2014/7/25 0:00,2005/1/11 0:00,钱江牌,朗逸牌,366068000000000000 ,37614551394943245X,199304,195808,20,2,4,工作日,非高峰,2015-04-08,2015年4月8日,小雨 /小雨,10℃ / 6℃,东北风 ≤3级 /东北风 ≤3级,小雨,小雨,10,6,东北风,≤3级,东北风,≤3级,night
2015-03-13 00:00:00,小河,8、依法应负全责的其他情形,负全部责任,不负责任,1,贵JCT123,白色,1,贵GV3240,白色,贵州省黔南交通驾驶学校,自培,2013/7/18 0:00,2000/6/12 0:00,隆鑫牌,江铃全顺牌,366846000000000000 ,364556000000000000 ,197009,197809,0,4,3,工作日,非高峰,2015-03-13,2015年3月13日,多云 /阵雨,17℃ / 12℃,南风 ≤3级 /南风 ≤3级,多云,阵雨,17,12,南风,≤3级,南风,≤3级,night
2015-03-12 11:10:00,遵义路,7、未按规定让行的 ,负全部责任,不负责任,1,贵J32175,红,1,贵AFP613,白,贵州省黔南州福泉市兴鑫驾驶培训学校,自培,2011/4/18 0:00,2005/6/7 0:00,阳钟,大众,366861000000000000 ,366364000000000000 ,198211,197209,11,3,3,工作日,非高峰,2015-03-12,2015年3月12日,多云 /多云,16℃ / 10℃,南风 ≤3级 /南风 ≤3级,多云,多云,16,10,南风,≤3级,南风,≤3级,day
2015-05-22 10:30:00,三桥,8、依法应负全责的其他情形,负全部责任,不负责任,1,贵EQ3292,红,1,贵FX1010,白,智杰驾校,自培,2014/12/26 0:00,2005/11/9 0:00,-1,-1,366562000000000000 ,364548000000000000 ,198302,196803,10,4,5,工作日,非高峰,2015-05-22,2015年5月22日,阵雨 /阵雨,19℃ / 14℃,东风 ≤3级 /东风 ≤3级,阵雨,阵雨,19,14,东风,≤3级,东风,≤3级,day
2015-02-06 21:30:00,轮胎厂,7、未按规定让行的 ,负全部责任,不负责任,1,贵GB3845,黑,0,贵GT7766,黄,安顺市顺阳驾校培训学校,自培,2011/11/18 0:00,2010/6/17 0:00,时代牌,奥迪,366346000000000000 ,366064000000000000 ,198910,199003,21,4,2,工作日,非高峰,2015-02-06,2015年2月6日,多云 /小雨,9℃ / 2℃,南风 ≤3级 /南风 ≤3级,多云,小雨,9,2,南风,≤3级,南风,≤3级,night
2015-04-12 17:10:00,中山西路,9、不符合前8款规定或者双方同时具有上述情形的,负同等责任,负同等责任,1,贵JCB551,黑,1,贵A18S32,银,惠水县好花红驾驶培训有限责任公司,自培,2015/2/16 0:00,2002/7/29 0:00,华泰牌,飞度牌,366876000000000000 ,364547000000000000 ,199208,197004,17,6,4,周末,晚高峰(17-19点),2015-04-12,2015年4月12日,晴 /多云,21℃ / 7℃,东风 ≤3级 /东风 ≤3级,晴,多云,21,7,东风,≤3级,东风,≤3级,day
2015-05-07 08:00:00,渔安隧道,1、追尾的,负全部责任,不负责任,1,贵BV3317,白,1,贵A15K63,白,六盘水昌达汽车摩托车驾驶培训学校有限公司,自培,2012/5/10 0:00,2012/3/6 0:00,-1,雷克萨斯,364647000000000000 ,366864000000000000 ,197502,198111,8,3,5,工作日,早高峰(7-9点),2015-05-07,2015年5月7日,阵雨 /雷阵雨,23℃ / 17℃,东南风 ≤3级 /东南风 ≤3级,阵雨,雷阵雨,23,17,东南风,≤3级,东南风,≤3级,day
2015-04-15 14:10:00,长岭南路,8、依法应负全责的其他情形,负全部责任,不负责任,1,贵A6389S,黑,1,贵AW4427,黑,龙里县圣锦汽车驾驶培训学校,自培,2012/12/25 0:00,2009/2/2 0:00,五菱牌,豪爵牌,364557000000000000 ,36774500000000000 ,198811,198109,14,2,4,工作日,非高峰,2015-04-15,2015年4月15日,多云 /多云,24℃ / 16℃,东南风 ≤3级 /南风 ≤3级,多云,多云,24,16,东南风,≤3级,南风,≤3级,day
2015-03-05 08:10:00,大西门,7、未按规定让行的 ,负全部责任,不负责任,1,贵AU5252,绿,1,贵AP4602,白,（花溪区）高新十七驾驶培训有限公司,自培,2009/6/4 0:00,2004/12/2 0:00,力帆牌,东风日产牌,366046000000000000 ,364548000000000000 ,197512,196911,8,3,3,工作日,早高峰(7-9点),2015-03-05,2015年3月5日,小雨 /小雨,4℃ / 1℃,东北风 ≤3级 /东北风 ≤3级,小雨,小雨,4,1,东北风,≤3级,东北风,≤3级,day
2015-04-02 16:00:00,花果园,1、追尾的,负全部责任,不负责任,1,贵A88F83,白,1,贵GM3328,白,高新驾校,自培,2013/9/18 0:00,2008/5/20 0:00,长安牌,东风标致牌,355247000000000000 ,366576000000000000 ,198611,198506,16,3,4,工作日,非高峰,2015-04-02,2015年4月2日,多云 /多云,30℃ / 18℃,南风 ≤3级 /南风 ≤3级,多云,多云,30,18,南风,≤3级,南风,≤3级,day
2015-04-01 15:20:00,乌当,1、追尾的,负全部责任,不负责任,1,贵ARM767,黑,1,贵ASP226,银,高新驾校,自培,2012/12/3 0:00,2004/8/4 0:00,长城牌,长城牌,364566000000000000 ,366068000000000000 ,198708,196903,15,2,4,工作日,非高峰,2015-04-01,2015年4月1日,多云 /多云,29℃ / 19℃,南风 ≤3级 /南风 ≤3级,多云,多云,29,19,南风,≤3级,南风,≤3级,day
2015-02-05 11:05:00,后坝,9、不符合前8款规定或者双方同时具有上述情形的,负同等责任,负同等责任,1,贵GE4143,黄,0,贵A55P32,红,贵工驾校,自培,2011/5/27 0:00,2007/11/5 0:00,大众,丰田牌,366369000000000000 ,366064000000000000 ,198706,196806,11,3,2,工作日,非高峰,2015-02-05,2015年2月5日,阴 /阴,3℃ / 0℃,东北风 ≤3级 /东北风 ≤3级,阴,阴,3,0,东北风,≤3级,东北风,≤3级,day
2015-04-22 09:28:00,西二环,1、追尾的,负全部责任,不负责任,1,贵A094C2,白色,1,贵JBS727,白色,高新驾校,自培,2012/1/20 0:00,2007/8/23 0:00,吉奥牌,众泰牌,364568000000000000 ,73456551974048265X,199110,198304,9,2,4,工作日,早高峰(7-9点),2015-04-22,2015年4月22日,小雨 /小雨,15℃ / 10℃,东北风 ≤3级 /东北风 ≤3级,小雨,小雨,15,10,东北风,≤3级,东北风,≤3级,day
2015-03-20 10:10:00,甲秀南路,1、追尾的,负全部责任,不负责任,1,贵A776A1,白色,1,贵A98Z53,白色,天行健驾校,自培,2013/8/21 0:00,2004/1/15 0:00,长城牌,佳乐,36666551874542645X,355468000000000000 ,197301,197211,10,4,3,工作日,非高峰,2015-03-20,2015年3月20日,阴 /阵雨,14℃ / 10℃,东北风 ≤3级 /东北风 ≤3级,阴,阵雨,14,10,东北风,≤3级,东北风,≤3级,day
2015-04-01 13:25:00,二铺,3、倒车的,负全部责任,不负责任,1,鄂S74152,白,1,贵A09803,白,-1,自培,-1,2012/2/7 0:00,\N,星马牌,64267500000000000 ,64297500000000000 ,198212,198304,13,2,4,工作日,非高峰,2015-04-01,2015年4月1日,多云 /多云,29℃ / 19℃,南风 ≤3级 /南风 ≤3级,多云,多云,29,19,南风,≤3级,南风,≤3级,day
2015-03-11 17:54:00,兴关路,7、未按规定让行的 ,负全部责任,不负责任,1,贵A99C76,黑色,1,贵GM2390,白色,（经开区）十一驾驶培训有限公司,自培,2005/6/23 0:00,2012/1/13 0:00,大众汽车,翼虎牌,364547000000000000 ,364547000000000000 ,198202,197310,17,2,3,工作日,晚高峰(17-19点),2015-03-11,2015年3月11日,阴 /小雨,8℃ / 4℃,东北风 ≤3级 /东北风 ≤3级,阴,小雨,8,4,东北风,≤3级,东北风,≤3级,day
2015-05-01 23:30:00,中华中路,7、未按规定让行的 ,负全部责任,不负责任,1,贵AB944Z,白色,1,贵A14C74,白色,（经开区）十一驾驶培训有限公司,自培,2009/4/21 0:00,2005/6/22 0:00,北京牌,别克牌,364566000000000000 ,364548000000000000 ,198901,198311,23,4,5,工作日,非高峰,2015-05-01,2015年5月1日,阵雨 /多云,25℃ / 14℃,东南风 ≤3级 /东北风 ≤3级,阵雨,多云,25,14,东南风,≤3级,东北风,≤3级,night
2015-05-27 12:00:00,解放西路,1、追尾的,负全部责任,不负责任,1,贵A92R48,白色,1,贵A3BW55,白色,（经开区）十一驾驶培训有限公司,自培,2008/5/12 0:00,2003/11/24 0:00,雪佛兰牌,江铃牌,76366500000000000 ,364547000000000000 ,196709,196707,12,2,5,工作日,非高峰,2015-05-27,2015年5月27日,阴 /阵雨,26℃ / 20℃,南风 ≤3级 /东北风 ≤3级,阴,阵雨,26,20,南风,≤3级,东北风,≤3级,day
2015-05-29 11:00:00,河滨公园,1、追尾的,负全部责任,不负责任,1,贵AU7774,白色,1,贵A95412,白色,（经开区）十一驾驶培训有限公司,自培,2007/10/22 0:00,2003/1/22 0:00,轻骑牌,传祺牌,366569000000000000 ,364547000000000000 ,198511,197311,11,4,5,工作日,非高峰,2015-05-29,2015年5月29日,阵雨 /阵雨,24℃ / 17℃,东南风 ≤3级 /东北风 ≤3级,阵雨,阵雨,24,17,东南风,≤3级,东北风,≤3级,day
2015-04-26 23:00:00,花香村,1、追尾的,负全部责任,不负责任,1,贵AHF975,白色,1,贵AU9206,白色,（经开区）十一驾驶培训有限公司,自培,2006/6/15 0:00,2004/2/4 0:00,哈飞牌,钱江牌,364547000000000000 ,356168000000000000 ,198202,196308,23,6,4,周末,非高峰,2015-04-26,2015年4月26日,阵雨 /阵雨,18℃ / 14℃,东南风 ≤3级 /东北风 ≤3级,阵雨,阵雨,18,14,东南风,≤3级,东北风,≤3级,night
2015-05-25 18:40:00,白金大道,8、依法应负全责的其他情形,负全部责任,不负责任,1,贵GK7531,黑,1,贵AHC853,红,（经开区）十一驾驶培训有限公司,自培,2008/8/21 0:00,2002/5/17 0:00,-1,丰田牌,364558000000000000 ,504541000000000000 ,198612,197601,18,0,5,工作日,晚高峰(17-19点),2015-05-25,2015年5月25日,多云 /阵雨,26℃ / 19℃,东南风 ≤3级 /东南风 ≤3级,多云,阵雨,26,19,东南风,≤3级,东南风,≤3级,day
2015-04-02 10:00:00,花溪大道艺校立交,3、倒车的,负全部责任,不负责任,1,贵A89G54,白色,1,贵AGL162,白色,十一驾驶培训有限公司,自培,2012/11/16 0:00,2004/11/10 0:00,长城牌,荣威牌,366368000000000000 ,364547000000000000 ,197508,196105,10,3,4,工作日,非高峰,2015-04-02,2015年4月2日,多云 /多云,30℃ / 18℃,南风 ≤3级 /南风 ≤3级,多云,多云,30,18,南风,≤3级,南风,≤3级,day
2015-04-22 08:00:00,转弯塘,1、追尾的,负全部责任,不负责任,1,贵AU8272,绿,0,贵A2AM19,红,（经开区）十一驾驶培训有限公司,自培,2010/10/12 0:00,2004/4/23 0:00,宝来牌,东风日产牌,366367000000000000 ,364648000000000000 ,198209,198108,8,2,4,工作日,早高峰(7-9点),2015-04-22,2015年4月22日,小雨 /小雨,15℃ / 10℃,东北风 ≤3级 /东北风 ≤3级,小雨,小雨,15,10,东北风,≤3级,东北风,≤3级,day
2015-02-07 08:20:00,孟关,3、倒车的,负全部责任,不负责任,1,贵AB244K,白色,1,贵A43A42,黑色,十一驾驶培训有限公司,自培,2014/6/20 0:00,2004/6/2 0:00,哈飞牌,锋范牌,364556000000000000 ,364556000000000000 ,198605,196406,8,5,2,工作日,早高峰(7-9点),2015-02-07,2015年2月7日,阴 /阴,8℃ / 3℃,东北风 ≤3级 /东北风 ≤3级,阴,阴,8,3,东北风,≤3级,东北风,≤3级,day
2015-03-07 14:00:00,小河转盘,7、未按规定让行的 ,负全部责任,不负责任,1,贵A741G3,白色,1,贵A42F94,白色,十一驾驶培训有限公司,自培,2014/7/21 0:00,2006/6/15 0:00,大运牌,东风日产牌,366361000000000000 ,364551000000000000 ,199505,198610,14,5,3,工作日,非高峰,2015-03-07,2015年3月7日,阴 /小雨,10℃ / 5℃,东风 ≤3级 /东南风 ≤3级,阴,小雨,10,5,东风,≤3级,东南风,≤3级,day
2015-05-16 13:15:00,北京西路,7、未按规定让行的 ,负全部责任,不负责任,1,贵GQ5102,蓝,1,贵AU5405,黄,（南明区）长安驾驶培训有限公司,自培,2008/9/27 0:00,2002/6/19 0:00,-1,捷达牌,364567000000000000 ,366367000000000000 ,198810,197610,13,5,5,工作日,非高峰,2015-05-16,2015年5月16日,阴 /雷阵雨,23℃ / 17℃,东北风 ≤3级 /东风 ≤3级,阴,雷阵雨,23,17,东北风,≤3级,东风,≤3级,day
2015-03-20 09:00:00,西南商贸城,1、追尾的,负全部责任,不负责任,1,贵A0569X,银,1,贵GL9728,银,鑫鑫驾校,自培,2013/8/16 0:00,2008/1/4 0:00,长城牌,东风雪铁龙牌,364558000000000000 ,366347000000000000 ,199101,197112,9,4,3,工作日,早高峰(7-9点),2015-03-20,2015年3月20日,阴 /阵雨,14℃ / 10℃,东北风 ≤3级 /东北风 ≤3级,阴,阵雨,14,10,东北风,≤3级,东北风,≤3级,day
2015-04-09 07:55:00,白云区,3、倒车的,负全部责任,不负责任,1,贵A68143,白,1,贵AE929警,白,（花溪区）鑫鑫驾驶培训有限公司,自培,2009/10/26 0:00,2003/1/31 0:00,长安,-1,364556000000000000 ,364558000000000000 ,198307,198103,7,3,4,工作日,早高峰(7-9点),2015-04-09,2015年4月9日,阴 /小雨,11℃ / 7℃,东北风 ≤3级 /东北风 ≤3级,阴,小雨,11,7,东北风,≤3级,东北风,≤3级,day
2015-04-25 10:05:00,花溪,7、未按规定让行的 ,负全部责任,不负责任,1,贵A106A4,白色,1,贵BY9088,白色,鑫鑫驾校,自培,2011/12/21 0:00,2004/11/24 11:02,东风牌,高尔,357466000000000000 ,366577000000000000 ,198103,198506,10,5,4,工作日,非高峰,2015-04-25,2015年4月25日,阴 /阵雨,20℃ / 11℃,东风 ≤3级 /东南风 ≤3级,阴,阵雨,20,11,东风,≤3级,东南风,≤3级,day
2015-04-24 07:30:00,清溪路,7、未按规定让行的 ,负全部责任,不负责任,1,贵A172G9,白色,1,贵ATV088,白色,鑫鑫驾校,自培,2012/5/14 0:00,2002/3/28 0:00,五菱牌,长城牌,376761000000000000 ,366368000000000000 ,199010,196512,7,4,4,工作日,早高峰(7-9点),2015-04-24,2015年4月24日,阴 /小雨,16℃ / 11℃,东风 ≤3级 /东风 ≤3级,阴,小雨,16,11,东风,≤3级,东风,≤3级,day
2015-03-04 22:20:00,陈家坡,6、违反交通信号的,负全部责任,不负责任,1,贵A5BB25,黑,1,贵CNC148,银,鑫鑫驾校,自培,2012/10/30 0:00,2004/2/24 0:00,比亚迪牌,别克牌,366067000000000000 ,366061000000000000 ,199102,197811,22,2,3,工作日,非高峰,2015-03-04,2015年3月4日,小雨 /小雨,6℃ / 1℃,东北风 ≤3级 /东北风 ≤3级,小雨,小雨,6,1,东北风,≤3级,东北风,≤3级,night
2015-03-15 08:20:00,鹿冲关,7、未按规定让行的 ,负全部责任,不负责任,1,贵A6723S,蓝,1,贵A08409,银,鑫鑫驾校,自培,2011/12/28 0:00,2001/3/20 0:00,雪佛兰牌,解放,366361000000000000 ,366068000000000000 ,196510,196910,8,6,3,周末,早高峰(7-9点),2015-03-15,2015年3月15日,阴 /阴,18℃ / 13℃,东风 ≤3级 /南风 ≤3级,阴,阴,18,13,东风,≤3级,南风,≤3级,day
2015-05-19 05:10:00,北京西路,1、追尾的,负全部责任,不负责任,1,贵AC3396,红,1,贵FD6954,黑,鑫鑫驾校,自培,2010/9/9 0:00,2007/5/16 0:00,钱江牌,-1,366363000000000000 ,364557000000000000 ,198206,196609,5,1,5,工作日,非高峰,2015-05-19,2015年5月19日,阵雨 /大雨,25℃ / 18℃,东北风 ≤3级 /南风 ≤3级,阵雨,大雨,25,18,东北风,≤3级,南风,≤3级,night
2015-05-05 15:30:00,烟厂,7、未按规定让行的 ,负全部责任,不负责任,1,贵F40849,白色,1,贵A167D2,白色,鑫鑫驾校,自培,2015/1/26 0:00,2001/9/7 0:00,-1,田野牌,366068000000000000 ,364548000000000000 ,199407,197708,15,1,5,工作日,非高峰,2015-05-05,2015年5月5日,阵雨 /阵雨,21℃ / 15℃,南风 ≤3级 /南风 ≤3级,阵雨,阵雨,21,15,南风,≤3级,南风,≤3级,day
2015-04-13 08:10:00,甲秀南路,1、追尾的,负全部责任,不负责任,1,贵A83A44,红,1,贵AEN682,白,顺一驾驶培训学校,自培,2011/3/10 0:00,2001/1/16 0:00,思域牌,马自达牌,36636551804647058X,364547000000000000 ,197402,197909,8,0,4,工作日,早高峰(7-9点),2015-04-13,2015年4月13日,晴 /多云,23℃ / 8℃,东北风 ≤3级 /东北风 ≤3级,晴,多云,23,8,东北风,≤3级,东北风,≤3级,day
2015-05-17 08:56:00,紫林庵,7、未按规定让行的 ,负全部责任,不负责任,1,贵FA5792,红,1,贵AU5122,黄,青正驾校（清镇市）,自培,2015/4/7 0:00,2000/11/20 0:00,-1,蜀都牌,366068000000000000 ,364557000000000000 ,196708,197911,8,6,5,周末,早高峰(7-9点),2015-05-17,2015年5月17日,阵雨 /雷阵雨,25℃ / 17℃,东北风 ≤3级 /南风 ≤3级,阵雨,雷阵雨,25,17,东北风,≤3级,南风,≤3级,day