accidenttime,accidentaddr,driver1fault,driver1responsibility,driver2responsibility,sex1,platenumber1,carcolor1,sex2,platenumber2,carcolor2,jxmc1,jxmc2,cclzrq1,cclzrq2,clpp1,clpp2,driver1license,driver2license,brith1,brith2,hour,weekday,month,is_weekday,peak_hour,date,日期,天气状况,气温,风力风向,day_wea,night_wea,day_tep,night_tep,day_wind_direction,day_wind_speed,night_wind_direction,night_wind_speed,segment
2015-05-30 12:00:00,石林路,7、未按规定让行的 ,负全部责任,不负责任,0,贵A1BZ41,白,1,贵ALE478,红,青正驾校,自培,2014/10/24 0:00,2002/8/22 0:00,雪佛兰牌,明锐牌,65498500000000000 ,366364000000000000 ,198401,196702,12,5,5,工作日,非高峰,2015-05-30,2015年5月30日,阵雨 /阵雨,23℃ / 17℃,东北风 ≤3级 /东风 ≤3级,阵雨,阵雨,23,17,东北风,≤3级,东风,≤3级,day
2015-04-10 13:20:00,乌当,1、追尾的,负全部责任,不负责任,1,贵ARE772,白,1,贵A3584Y,白,贵州平安驾驶培训学校,自培,2011/4/29 0:00,2001/12/28 0:00,锋范牌,五菱牌,364557000000000000 ,364557000000000000 ,198605,198308,13,4,4,工作日,非高峰,2015-04-10,2015年4月10日,小雨 /小雨,12℃ / 8℃,东北风 ≤3级 /东北风 ≤3级,小雨,小雨,12,8,东北风,≤3级,东北风,≤3级,day
2015-05-23 13:00:00,状元街,1、追尾的,负全部责任,不负责任,1,贵A26W31,白色,1,贵ACM245,白色,贵州平安驾驶培训学校,自培,2011/11/9 0:00,2003/11/1 0:00,别克牌,马自达牌,364548000000000000 ,364547000000000000 ,198001,196911,13,5,5,工作日,非高峰,2015-05-23,2015年5月23日,阵雨 /阴,19℃ / 14℃,东北风 ≤3级 /东北风 ≤3级,阵雨,阴,19,14,东北风,≤3级,东北风,≤3级,day
2015-03-24 11:20:00,党校,1、追尾的,负全部责任,不负责任,1,贵A257D4,白色,1,贵AMT938,白色,黔丰驾校,自培,2013/7/26 0:00,2001/2/21 0:00,长安牌,红旗牌,355267000000000000 ,364556000000000000 ,199402,197004,11,1,3,工作日,非高峰,2015-03-24,2015年3月24日,小雨 /阵雨,13℃ / 7℃,东北风 ≤3级 /东北风 ≤3级,小雨,阵雨,13,7,东北风,≤3级,东北风,≤3级,day
2015-04-12 23:00:00,迎宾路,1、追尾的,负全部责任,不负责任,1,贵GC8430,白色,1,贵A3463G,白色,黔丰驾校,自培,2014/7/16 0:00,2003/6/11 0:00,思威牌,华泰,364556000000000000 ,366361000000000000 ,199105,197705,23,6,4,周末,非高峰,2015-04-12,2015年4月12日,晴 /多云,21℃ / 7℃,东风 ≤3级 /东风 ≤3级,晴,多云,21,7,东风,≤3级,东风,≤3级,night
2015-04-08 12:00:00,龙瑞路,3、倒车的,负全部责任,不负责任,1,贵ALQ832,银,1,贵AAB747,黑,（南明区）现代驾驶培训有限公司,自培,2008/1/31 0:00,2002/8/22 0:00,夏利牌,本田牌,705697000000000000 ,366347000000000000 ,198012,197703,12,2,4,工作日,非高峰,2015-04-08,2015年4月8日,小雨 /小雨,10℃ / 6℃,东北风 ≤3级 /东北风 ≤3级,小雨,小雨,10,6,东北风,≤3级,东北风,≤3级,day
2015-04-22 11:00:00,沙冲路,1、追尾的,负全部责任,不负责任,1,贵ASV884,白色,1,贵AF6933,白色,贵州现代驾驶培训责任有限公司,自培,2011/10/17 0:00,2006/10/9 0:00,大众汽车牌,豪进牌,36454751924548646X,364547000000000000 ,198601,197708,11,2,4,工作日,非高峰,2015-04-22,2015年4月22日,小雨 /小雨,15℃ / 10℃,东北风 ≤3级 /东北风 ≤3级,小雨,小雨,15,10,东北风,≤3级,东北风,≤3级,day
2015-04-18 17:50:00,花溪,3、倒车的,负全部责任,不负责任,1,贵A1513N,白色,1,贵GGA386,白色,贵阳金马驾驶培训有限公司,自培,2014/5/4 0:00,2004/6/28 0:00,长城牌,北京现代牌,364556000000000000 ,664396000000000000 ,199004,198511,17,5,4,工作日,晚高峰(17-19点),2015-04-18,2015年4月18日,多云 /雷阵雨,29℃ / 16℃,南风 ≤3级 /南风 ≤3级,多云,雷阵雨,29,16,南风,≤3级,南风,≤3级,day
2015-03-31 00:00:00,名族大学,7、未按规定让行的 ,负全部责任,不负责任,1,贵A1830G,白色,1,贵A86731,白色,贵阳金马驾驶培训有限公司,自培,2011/10/10 0:00,2004/6/4 0:00,吉利美日牌,宇通牌,364556000000000000 ,36454751264862440X,197609,196207,0,1,3,工作日,非高峰,2015-03-31,2015年3月31日,多云 /多云,28℃ / 19℃,南风 ≤3级 /南风 ≤3级,多云,多云,28,19,南风,≤3级,南风,≤3级,night
2015-03-10 12:50:00,金阳,1、追尾的,负全部责任,不负责任,1,贵JCU288,黑,1,贵A0569T,银,（南明区）吉源驾驶培训有限公司,自培,2005/6/2 0:00,2011/3/29 0:00,途威,奇瑞,366068000000000000 ,366068000000000000 ,198409,198412,12,1,3,工作日,非高峰,2015-03-10,2015年3月10日,小雨 /小雨,8℃ / 4℃,东北风 ≤3级 /东北风 ≤3级,小雨,小雨,8,4,东北风,≤3级,东北风,≤3级,day
2015-05-15 23:00:00,太慈桥,1、追尾的,负全部责任,不负责任,1,贵A65N42,白色,1,贵ASW573,白色,吉源驾校,自培,2013/9/4 0:00,2005/2/1 0:00,丰田牌,朗逸牌,364547000000000000 ,366264000000000000 ,199412,197502,23,4,5,工作日,非高峰,2015-05-15,2015年5月15日,阵雨 /阵雨,25℃ / 16℃,东北风 ≤3级 /东北风 ≤3级,阵雨,阵雨,25,16,东北风,≤3级,东北风,≤3级,night
2015-05-15 17:20:00,商穴村,9、不符合前8款规定或者双方同时具有上述情形的,负全部责任,不负责任,1,贵A6576S,蓝,1,贵GM8187,白,吉源驾校,自培,2014/5/30 0:00,2003/1/21 0:00,-1,-1,364557000000000000 ,364557000000000000 ,199007,197404,17,4,5,工作日,晚高峰(17-19点),2015-05-15,2015年5月15日,阵雨 /阵雨,25℃ / 16℃,东北风 ≤3级 /东北风 ≤3级,阵雨,阵雨,25,16,东北风,≤3级,东北风,≤3级,day
2015-05-30 21:00:00,水口寺,7、未按规定让行的 ,负全部责任,不负责任,1,贵GX5441,白色,1,贵AV0879,白色,吉源驾校,自培,2014/9/1 0:00,2002/6/7 0:00,-1,翼虎牌,364547000000000000 ,364548000000000000 ,198712,197302,21,5,5,工作日,非高峰,2015-05-30,2015年5月30日,阵雨 /阵雨,23℃ / 17℃,东北风 ≤3级 /东风 ≤3级,阵雨,阵雨,23,17,东北风,≤3级,东风,≤3级,night
2015-05-08 21:00:00,花溪大道,7、未按规定让行的 ,负全部责任,不负责任,1,贵AU8981,白色,1,贵GX4936,白色,（南明区）吉源驾驶培训有限公司,自培,2009/4/27 0:00,2004/3/13 0:00,瑞麒牌,-1,366064000000000000 ,364547000000000000 ,197010,198407,21,4,5,工作日,非高峰,2015-05-08,2015年5月8日,阵雨 /多云,25℃ / 15℃,东南风 ≤3级 /东北风 ≤3级,阵雨,多云,25,15,东南风,≤3级,东北风,≤3级,night
2015-03-23 08:16:00,金珠西路,7、未按规定让行的 ,负全部责任,不负责任,1,贵HMN461,红,1,贵A34W82,白,诚信驾驶培训学校,自培,2014/12/9 0:00,2002/10/3 0:00,-1,大众牌,364596000000000000 ,364557000000000000 ,199010,198410,8,0,3,工作日,早高峰(7-9点),2015-03-23,2015年3月23日,多云 /阴,17℃ / 9℃,东北风 ≤3级 /东北风 ≤3级,多云,阴,17,9,东北风,≤3级,东北风,≤3级,day
2015-04-13 08:20:00,瑞金路,8、依法应负全责的其他情形,负全部责任,不负责任,1,贵A79B43,白,1,贵AH6444,白,全林驾校,自培,2012/8/16 0:00,2001/4/13 0:00,东风日产牌,速卡迪牌,36464751894749555X,36454751294940567X,197803,196808,8,0,4,工作日,早高峰(7-9点),2015-04-13,2015年4月13日,晴 /多云,23℃ / 8℃,东北风 ≤3级 /东北风 ≤3级,晴,多云,23,8,东北风,≤3级,东北风,≤3级,day
2015-02-15 12:45:00,新添寨,1、追尾的,负全部责任,不负责任,1,贵AU8199,蓝,0,贵JS4966,红,公交（集团）驾校（云岩区）,自培,2007/9/18 0:00,2013/7/4 0:00,雅马哈牌,东风雪铁龙牌,364557000000000000 ,366846000000000000 ,197902,197304,12,6,2,周末,非高峰,2015-02-15,2015年2月15日,多云 /阴,19℃ / 8℃,南风 ≤3级 /东北风 ≤3级,多云,阴,19,8,南风,≤3级,东北风,≤3级,day
2015-04-19 22:00:00,解放路,8、依法应负全责的其他情形,负全部责任,不负责任,1,贵AHT027,白色,1,贵AF0094,黑色,（乌当区）全林驾驶培训有限公司,自培,2006/6/12 0:00,2004/12/9 0:00,奥迪牌,大阳,364547000000000000 ,366661000000000000 ,198509,196902,22,6,4,周末,非高峰,2015-04-19,2015年4月19日,阵雨 /阵雨,22℃ / 13℃,东北风 ≤3级 /东北风 ≤3级,阵雨,阵雨,22,13,东北风,≤3级,东北风,≤3级,night
2015-04-19 22:10:00,解放路,8、依法应负全责的其他情形,负全部责任,不负责任,1,贵AHT027,白色,1,贵A62Y67,白色,（乌当区）全林驾驶培训有限公司,自培,2006/6/12 0:00,2002/9/17 0:00,奥迪牌,英伦牌,364547000000000000 ,366068000000000000 ,198509,197609,22,6,4,周末,非高峰,2015-04-19,2015年4月19日,阵雨 /阵雨,22℃ / 13℃,东北风 ≤3级 /东北风 ≤3级,阵雨,阵雨,22,13,东北风,≤3级,东北风,≤3级,night
2015-05-15 02:00:00,白金大道,7、未按规定让行的 ,负全部责任,不负责任,1,桂R57822,蓝,1,贵AE4599,黑,（乌当区）全林驾驶培训有限公司,自培,2007/2/7 0:00,2006/12/25 0:00,-1,钱江牌,366361000000000000 ,364547000000000000 ,198208,197812,2,4,5,工作日,非高峰,2015-05-15,2015年5月15日,阵雨 /阵雨,25℃ / 16℃,东北风 ≤3级 /东北风 ≤3级,阵雨,阵雨,25,16,东北风,≤3级,东北风,≤3级,night
2015-03-10 09:00:00,沙冲路口,7、未按规定让行的 ,负全部责任,不负责任,1,贵A15E29,白色,1,贵A3BH22,白色,（乌当区）全林驾驶培训有限公司,自培,2007/5/29 0:00,2006/9/28 0:00,大众汽车牌,启辰牌,36454651334740406X,366662000000000000 ,195503,198410,9,1,3,工作日,早高峰(7-9点),2015-03-10,2015年3月10日,小雨 /小雨,8℃ / 4℃,东北风 ≤3级 /东北风 ≤3级,小雨,小雨,8,4,东北风,≤3级,东北风,≤3级,day
2015-03-04 15:30:00,贵阳卷烟厂,8、依法应负全责的其他情形,负全部责任,不负责任,1,贵GM6481,白色,1,贵A75C46,黑色,诚信驾驶培训学校,自培,2007/4/16 0:00,2010/6/18 0:00,海马,起亚牌,364547000000000000 ,364548000000000000 ,196509,198801,15,2,3,工作日,非高峰,2015-03-04,2015年3月4日,小雨 /小雨,6℃ / 1℃,东北风 ≤3级 /东北风 ≤3级,小雨,小雨,6,1,东北风,≤3级,东北风,≤3级,day
2015-04-23 07:30:00,甲秀南路,1、追尾的,负全部责任,不负责任,1,贵A247C1,白色,1,贵AE2603,白色,（乌当区）全林驾驶培训有限公司,自培,2009/9/10 0:00,2007/8/1 0:00,江淮牌,福克斯牌,57462500000000000 ,364547000000000000 ,198910,198809,7,3,4,工作日,早高峰(7-9点),2015-04-23,2015年4月23日,阴 /小雨,16℃ / 10℃,东北风 ≤3级 /东北风 ≤3级,阴,小雨,16,10,东北风,≤3级,东北风,≤3级,day
2015-03-14 14:40:00,贵阳一中,1、追尾的,负全部责任,不负责任,1,贵AU0856,蓝,1,贵AU9631,银,（乌当区）全林驾驶培训有限公司,自培,2006/12/7 0:00,2002/5/27 0:00,南益牌,瑞麒牌,364548000000000000 ,364548000000000000 ,198504,196104,14,5,3,工作日,非高峰,2015-03-14,2015年3月14日,阴 /阴,17℃ / 12℃,南风 ≤3级 /东南风 ≤3级,阴,阴,17,12,南风,≤3级,东南风,≤3级,day
2015-05-26 12:30:00,小河长江路,7、未按规定让行的 ,负全部责任,不负责任,1,贵DV1764,白色,1,贵ASJ788,白色,全林驾校,自培,2012/5/30 0:00,2007/4/24 0:00,田达牌,雪佛兰牌,366663000000000000 ,364548000000000000 ,197207,198606,12,1,5,工作日,非高峰,2015-05-26,2015年5月26日,阵雨 /雷阵雨,26℃ / 20℃,东南风 ≤3级 /东北风 ≤3级,阵雨,雷阵雨,26,20,东南风,≤3级,东北风,≤3级,day
2015-02-06 15:40:00,老干中心,8、依法应负全责的其他情形,负全部责任,不负责任,1,贵AS0111,黑 ,1,贵JAN222,白,全林驾校,自培,2014/7/25 0:00,2007/4/12 0:00,奥迪,长安牌,364547000000000000 ,355468000000000000 ,199202,197504,15,4,2,工作日,非高峰,2015-02-06,2015年2月6日,多云 /小雨,9℃ / 2℃,南风 ≤3级 /南风 ≤3级,多云,小雨,9,2,南风,≤3级,南风,≤3级,day
2015-05-17 11:40:00,三桥,1、追尾的,负全部责任,不负责任,1,贵GGD433,黄,1,贵GC8550,红,贵州现代驾驶培训责任有限公司,自培,2014/3/31 0:00,2006/7/27 0:00,-1,-1,364556000000000000 ,364548000000000000 ,198904,196312,11,6,5,周末,非高峰,2015-05-17,2015年5月17日,阵雨 /雷阵雨,25℃ / 17℃,东北风 ≤3级 /南风 ≤3级,阵雨,雷阵雨,25,17,东北风,≤3级,南风,≤3级,day
2015-03-19 07:50:00,世纪城,1、追尾的,负全部责任,不负责任,0,川A6BR88,黑,1,贵AEC476,白,省交校,自培,2012/7/11 0:00,2006/1/9 0:00,五菱牌,东风日产牌,354147000000000000 ,364548000000000000 ,199108,197705,7,3,3,工作日,早高峰(7-9点),2015-03-19,2015年3月19日,多云 /阵雨,26℃ / 12℃,南风 ≤3级 /东北风 ≤3级,多云,阵雨,26,12,南风,≤3级,东北风,≤3级,day
2015-03-28 15:05:00,相宝山,1、追尾的,负全部责任,不负责任,1,贵AU2094,蓝,1,贵AGJ354,白,自培,自培,2007/1/11 0:00,2002/4/16 0:00,建设-雅马哈牌,途威,356668000000000000 ,364558000000000000 ,196311,197208,15,5,3,工作日,非高峰,2015-03-28,2015年3月28日,阵雨 /雷阵雨,17℃ / 14℃,南风 ≤3级 /南风 ≤3级,阵雨,雷阵雨,17,14,南风,≤3级,南风,≤3级,day
2015-03-11 14:30:00,小石城,3、倒车的,负全部责任,不负责任,1,贵AJ3173,银,0,贵ASF466,黄,（南明区）市交通职业技术驾驶培训学校,自培,2009/1/19 0:00,2004/7/8 0:00,嘉陵牌,东风雪铁龙牌,364548000000000000 ,36454751974552326X,199008,198301,14,2,3,工作日,非高峰,2015-03-11,2015年3月11日,阴 /小雨,8℃ / 4℃,东北风 ≤3级 /东北风 ≤3级,阴,小雨,8,4,东北风,≤3级,东北风,≤3级,day
2015-05-10 14:00:00,茶店,3、倒车的,负全部责任,不负责任,1,贵AFV012,白色,1,贵ACD487,白色,市交校,自培,2012/6/27 0:00,2004/6/10 0:00,长安牌,威志牌,364596000000000000 ,364548000000000000 ,199108,198509,14,6,5,周末,非高峰,2015-05-10,2015年5月10日,阵雨 /雷阵雨,25℃ / 14℃,南风 ≤3级 /南风 ≤3级,阵雨,雷阵雨,25,14,南风,≤3级,南风,≤3级,day
2015-02-13 15:20:00,太慈桥,8、依法应负全责的其他情形,负全部责任,不负责任,1,贵ABH732,白色,1,贵ACS776,白色,（南明区）市交通职业技术驾驶培训学校,自培,2006/7/26 0:00,2004/12/9 0:00,北斗星牌,丰田牌,354567000000000000 ,36455051824057440X,197107,197604,15,4,2,工作日,非高峰,2015-02-13,2015年2月13日,多云 /阵雨,17℃ / 8℃,南风 ≤3级 /南风 ≤3级,多云,阵雨,17,8,南风,≤3级,南风,≤3级,day
2015-03-07 17:20:00,花果园立交,1、追尾的,负全部责任,不负责任,1,贵A0AR19,黑色,1,贵ABF317,白色,贵大佳德驾驶培训学校,自培,2012/7/24 0:00,2012/1/10 0:00,大众牌,五菱牌,364547000000000000 ,366064000000000000 ,199404,196605,17,5,3,工作日,晚高峰(17-19点),2015-03-07,2015年3月7日,阴 /小雨,10℃ / 5℃,东风 ≤3级 /东南风 ≤3级,阴,小雨,10,5,东风,≤3级,东南风,≤3级,day
2015-05-07 14:00:00,盐务街,9、不符合前8款规定或者双方同时具有上述情形的,负全部责任,不负责任,0,贵AAY935,蓝,1,贵AB4847,黑,贵大佳德驾驶培训学校,自培,2012/12/27 0:00,2004/8/26 0:00,雪佛兰牌,力帆牌,366346000000000000 ,364548000000000000 ,198105,198504,14,3,5,工作日,非高峰,2015-05-07,2015年5月7日,阵雨 /雷阵雨,23℃ / 17℃,东南风 ≤3级 /东南风 ≤3级,阵雨,雷阵雨,23,17,东南风,≤3级,东南风,≤3级,day
2015-05-17 11:00:00,三桥,1、追尾的,负全部责任,不负责任,1,贵GGD433,白色,1,贵GC8550,白色,贵州现代驾驶培训责任有限公司,自培,2014/3/31 0:00,2006/7/27 0:00,-1,-1,364556000000000000 ,364548000000000000 ,198904,196312,11,6,5,周末,非高峰,2015-05-17,2015年5月17日,阵雨 /雷阵雨,25℃ / 17℃,东北风 ≤3级 /南风 ≤3级,阵雨,雷阵雨,25,17,东北风,≤3级,南风,≤3级,day
2015-03-30 14:00:00,中华中路,7、未按规定让行的 ,负全部责任,不负责任,0,贵AGP018,白,1,贵AU1067,绿,（白云区）消防驾驶培训学校,自培,2008/6/5 0:00,2000/2/2 0:00,思域牌,钱江牌,364548000000000000 ,366063000000000000 ,197711,197801,14,0,3,工作日,非高峰,2015-03-30,2015年3月30日,晴 /多云,24℃ / 17℃,南风 ≤3级 /南风 ≤3级,晴,多云,24,17,南风,≤3级,南风,≤3级,day
2015-03-12 23:30:00,阳光小区,7、未按规定让行的 ,负全部责任,不负责任,1,贵A17K91,黄,1,贵A96M17,黑,（白云区）消防驾驶培训学校,自培,2008/8/29 0:00,2006/6/27 0:00,东风日产牌,雅阁牌,364558000000000000 ,364548000000000000 ,198812,197412,23,3,3,工作日,非高峰,2015-03-12,2015年3月12日,多云 /多云,16℃ / 10℃,南风 ≤3级 /南风 ≤3级,多云,多云,16,10,南风,≤3级,南风,≤3级,night
2015-05-01 19:20:00,O八三,7、未按规定让行的 ,负全部责任,不负责任,1,贵AU0713,黄,1,贵GTO640,白,消防驾校,自培,2011/11/14 0:00,2006/1/25 0:00,爱立新牌,-1,364547000000000000 ,64542500000000000 ,198908,196607,19,4,5,工作日,晚高峰(17-19点),2015-05-01,2015年5月1日,阵雨 /多云,25℃ / 14℃,东南风 ≤3级 /东北风 ≤3级,阵雨,多云,25,14,东南风,≤3级,东北风,≤3级,day
2015-02-14 20:00:00,白云区,7、未按规定让行的 ,负全部责任,不负责任,1,贵ALJ739,银,1,贵A8089U,银,自培,自培,2006/6/13 0:00,2003/6/6 0:00,长安牌,夏利牌,364558000000000000 ,366068000000000000 ,198702,197211,20,5,2,工作日,非高峰,2015-02-14,2015年2月14日,阵雨 /雷阵雨,16℃ / 10℃,南风 ≤3级 /南风 ≤3级,阵雨,雷阵雨,16,10,南风,≤3级,南风,≤3级,night
2015-03-16 08:40:00,北京西路,7、未按规定让行的 ,负全部责任,不负责任,1,贵A111A,银,1,贵AUQ971,红,消防驾校,自培,2011/7/14 0:00,2002/10/18 0:00,-1,酷威,364557000000000000 ,364548000000000000 ,198009,197105,8,0,3,工作日,早高峰(7-9点),2015-03-16,2015年3月16日,阴 /多云,20℃ / 15℃,南风 ≤3级 /南风 ≤3级,阴,多云,20,15,南风,≤3级,南风,≤3级,day
2015-05-23 10:00:00,富源路,7、未按规定让行的 ,负全部责任,不负责任,1,粤B3C5G4,白色,1,贵A4BP27,白色,消防驾校,自培,2011/9/1 0:00,2003/8/15 0:00,-1,马自达牌,00566151954952337X,06626751854647595X,198108,197102,10,5,5,工作日,非高峰,2015-05-23,2015年5月23日,阵雨 /阴,19℃ / 14℃,东北风 ≤3级 /东北风 ≤3级,阵雨,阴,19,14,东北风,≤3级,东北风,≤3级,day
2015-05-19 13:20:00,金阳沃尔玛,7、未按规定让行的 ,负全部责任,不负责任,1,贵GN1000,红,1,贵A5836E,黑,消防驾校,自培,2011/1/17 0:00,2004/11/8 0:00,-1,思威牌,364557000000000000 ,364556000000000000 ,198612,198111,13,1,5,工作日,非高峰,2015-05-19,2015年5月19日,阵雨 /大雨,25℃ / 18℃,东北风 ≤3级 /南风 ≤3级,阵雨,大雨,25,18,东北风,≤3级,南风,≤3级,day
2015-04-27 14:30:00,龙洞堡,7、未按规定让行的 ,负全部责任,不负责任,1,贵A99Y29,黑色,1,贵GGD461,白色,消防驾校,自培,2013/5/28 0:00,2004/9/2 0:00,雪佛兰牌,长安牌,364547000000000000 ,364666000000000000 ,198105,198110,14,0,4,工作日,非高峰,2015-04-27,2015年4月27日,阴 /雷阵雨,21℃ / 14℃,东南风 ≤3级 /东北风 ≤3级,阴,雷阵雨,21,14,东南风,≤3级,东北风,≤3级,day
2015-05-15 08:00:00,后坝,9、不符合前8款规定或者双方同时具有上述情形的,负全部责任,不负责任,1,贵A28J31,黑,1,贵AC5193,白,消防驾校,自培,2012/6/18 0:00,2006/11/29 0:00,别克牌,宝来牌,366566000000000000 ,74555500000000000 ,197608,198507,8,4,5,工作日,早高峰(7-9点),2015-05-15,2015年5月15日,阵雨 /阵雨,25℃ / 16℃,东北风 ≤3级 /东北风 ≤3级,阵雨,阵雨,25,16,东北风,≤3级,东北风,≤3级,day
2015-05-04 08:00:00,兴隆街,4、停车时未挂低速档、未拉驻车制动，导致车辆滑行的,负全部责任,不负责任,1,贵A0BM90,白色,1,贵AU1537,白色,消防驾校,自培,2012/6/25 0:00,2000/7/26 0:00,马自达牌,大众牌,366064000000000000 ,364547000000000000 ,198204,197705,8,0,5,工作日,早高峰(7-9点),2015-05-04,2015年5月4日,阵雨 /阵雨,20℃ / 14℃,东北风 ≤3级 /东北风 ≤3级,阵雨,阵雨,20,14,东北风,≤3级,东北风,≤3级,day
2015-03-01 11:00:00,铝兴路,3、倒车的,负全部责任,不负责任,1,川X31712,黑,1,贵AZC648,红,（白云区）消防驾驶培训学校,自培,2010/6/1 0:00,2004/10/13 0:00,长安牌,雅阁牌,35524651985463011X,366361000000000000 ,198710,198211,11,6,3,周末,非高峰,2015-03-01,2015年3月1日,阴 /阴,9℃ / 3℃,东风 ≤3级 /南风 ≤3级,阴,阴,9,3,东风,≤3级,南风,≤3级,day
2015-03-08 21:27:00,二戈寨,7、未按规定让行的 ,负全部责任,不负责任,1,贵GJ1292,白色,1,贵JM4541,白色,（乌当区）新天驾驶培训有限公司,自培,2006/1/19 0:00,2006/3/22 0:00,宝马,五菱牌,35476651875541977X,366864000000000000 ,197311,198208,21,6,3,周末,非高峰,2015-03-08,2015年3月8日,小雨 /阴,11℃ / 6℃,东北风 ≤3级 /东北风 ≤3级,小雨,阴,11,6,东北风,≤3级,东北风,≤3级,night
2015-05-05 08:00:00,遵义路,3、倒车的,负全部责任,不负责任,0,贵A9AS87,白,1,贵A43891,白,新天驾校,自培,2013/12/26 0:00,2005/1/12 0:00,福克斯牌,雅西,364548000000000000 ,364547000000000000 ,198301,198403,8,1,5,工作日,早高峰(7-9点),2015-05-05,2015年5月5日,阵雨 /阵雨,21℃ / 15℃,南风 ≤3级 /南风 ≤3级,阵雨,阵雨,21,15,南风,≤3级,南风,≤3级,day
2015-03-31 08:40:00,东二环,9、不符合前8款规定或者双方同时具有上述情形的,负同等责任,负同等责任,1,贵A6270A,黑,1,贵A358A9,白,新天驾校,自培,2012/1/20 0:00,2004/4/24 0:00,吉利美日牌,五十铃牌,36636751884041565X,366046000000000000 ,197704,198112,8,1,3,工作日,早高峰(7-9点),2015-03-31,2015年3月31日,多云 /多云,28℃ / 19℃,南风 ≤3级 /南风 ≤3级,多云,多云,28,19,南风,≤3级,南风,≤3级,day
2015-04-11 10:11:00,马王庙,1、追尾的,负全部责任,不负责任,1,贵A4915W,银,1,贵A59V35,银,（南明区）长运驾驶培训有限公司,自培,2008/1/28 0:00,2002/7/3 0:00,五菱牌,江南牌,366347000000000000 ,364548000000000000 ,197503,195508,10,5,4,工作日,非高峰,2015-04-11,2015年4月11日,多云 /多云,15℃ / 9℃,东北风 ≤3级 /东风 ≤3级,多云,多云,15,9,东北风,≤3级,东风,≤3级,day
2015-03-13 13:00:00,公园北路,7、未按规定让行的 ,负全部责任,不负责任,1,贵AKL742,黑,1,贵AD7785,银,自培,自培,2004/12/23 0:00,2005/1/25 0:00,东风标致牌,豪爵牌,366664000000000000 ,364548000000000000 ,197805,196509,13,4,3,工作日,非高峰,2015-03-13,2015年3月13日,多云 /阵雨,17℃ / 12℃,南风 ≤3级 /南风 ≤3级,多云,阵雨,17,12,南风,≤3级,南风,≤3级,day
2015-03-31 15:00:00,体育馆,8、依法应负全责的其他情形,负全部责任,不负责任,1,贵A0BC19,白色,1,贵AU5516,白色,长运驾校,自培,2015/1/22 0:00,2003/9/19 0:00,吉利美日牌,嘉陵牌,364596000000000000 ,366068000000000000 ,199109,197811,15,1,3,工作日,非高峰,2015-03-31,2015年3月31日,多云 /多云,28℃ / 19℃,南风 ≤3级 /南风 ≤3级,多云,多云,28,19,南风,≤3级,南风,≤3级,day
2015-05-19 22:00:00,油榨街,1、追尾的,负全部责任,不负责任,1,贵ANP214,白色,1,贵DQ7596,白色,长运驾校,自培,2014/8/28 0:00,2014/11/12 0:00,-1,蒙迪欧,366864000000000000 ,36657651905457313X,198507,198410,22,1,5,工作日,非高峰,2015-05-19,2015年5月19日,阵雨 /大雨,25℃ / 18℃,东北风 ≤3级 /南风 ≤3级,阵雨,大雨,25,18,东北风,≤3级,南风,≤3级,night
2015-03-07 11:00:00,安云路,3、倒车的,负全部责任,不负责任,1,贵A0595X,红,1,贵A84Z39,红,路路达驾校,自培,2014/2/11 0:00,2002/10/12 0:00,吉奥牌,途锐,366368000000000000 ,364556000000000000 ,196502,197102,11,5,3,工作日,非高峰,2015-03-07,2015年3月7日,阴 /小雨,10℃ / 5℃,东风 ≤3级 /东南风 ≤3级,阴,小雨,10,5,东风,≤3级,东南风,≤3级,day
2015-02-06 13:00:00,香江路,1、追尾的,负全部责任,不负责任,1,贵AMJ625,黑色,1,贵AX1355,白色,（南明区）金大驾驶培训有限公司,自培,2007/7/10 0:00,2005/1/7 0:00,自由光,起亚牌,37657451874640435X,366367000000000000 ,197302,197501,13,4,2,工作日,非高峰,2015-02-06,2015年2月6日,多云 /小雨,9℃ / 2℃,南风 ≤3级 /南风 ≤3级,多云,小雨,9,2,南风,≤3级,南风,≤3级,day
2015-02-09 17:00:00,体育馆,9、不符合前8款规定或者双方同时具有上述情形的,负同等责任,负同等责任,1,贵A3AM26,白色,1,贵A71N38,红色,（南明区）金大驾驶培训有限公司,自培,2004/12/30 0:00,2010/10/29 0:00,科雷傲,途锐,366846000000000000 ,364548000000000000 ,196711,198004,17,0,2,工作日,晚高峰(17-19点),2015-02-09,2015年2月9日,阴 /小雨,6℃ / 4℃,东北风 ≤3级 /东北风 ≤3级,阴,小雨,6,4,东北风,≤3级,东北风,≤3级,day
2015-02-05 15:01:00,醒隆城市花园,7、未按规定让行的 ,负全部责任,不负责任,1,贵ASL892,白色,1,贵AGK261,白色,金大驾校,自培,2012/10/26 0:00,2006/9/1 0:00,别克牌,马自达牌,366566000000000000 ,364596000000000000 ,198705,198709,15,3,2,工作日,非高峰,2015-02-05,2015年2月5日,阴 /阴,3℃ / 0℃,东北风 ≤3级 /东北风 ≤3级,阴,阴,3,0,东北风,≤3级,东北风,≤3级,day
2015-04-24 20:00:00,蟠桃宫,7、未按规定让行的 ,负全部责任,不负责任,1,贵JBT681,白色,1,贵A8BW01,白色,（南明区）金大驾驶培训有限公司,自培,2007/8/10 0:00,2003/10/31 0:00,宝马牌,大众牌,364567000000000000 ,364547000000000000 ,198604,196912,20,4,4,工作日,非高峰,2015-04-24,2015年4月24日,阴 /小雨,16℃ / 11℃,东风 ≤3级 /东风 ≤3级,阴,小雨,16,11,东风,≤3级,东风,≤3级,night