accidenttime,accidentaddr,driver1fault,driver1responsibility,driver2responsibility,sex1,platenumber1,carcolor1,sex2,platenumber2,carcolor2,jxmc1,jxmc2,cclzrq1,cclzrq2,clpp1,clpp2,driver1license,driver2license,brith1,brith2,hour,weekday,month,is_weekday,peak_hour,date,日期,天气状况,气温,风力风向,day_wea,night_wea,day_tep,night_tep,day_wind_direction,day_wind_speed,night_wind_direction,night_wind_speed,segment
2015-04-09 12:30:00,小河,7、未按规定让行的 ,负全部责任,不负责任,1,贵AC212C,白色,1,贵A42B66,白色,（南明区）阳光驾驶培训有限公司,自培,2005/3/7 0:00,2002/8/19 0:00,大众牌,东风标致牌,366347000000000000 ,364547000000000000 ,198107,195201,12,3,4,工作日,非高峰,2015-04-09,2015年4月9日,阴 /小雨,11℃ / 7℃,东北风 ≤3级 /东北风 ≤3级,阴,小雨,11,7,东北风,≤3级,东北风,≤3级,day
2015-03-16 17:50:00,黄河北路,7、未按规定让行的 ,负全部责任,不负责任,1,贵AU6723,绿色,1,贵AU7268,白色,（南明区）阳光驾驶培训有限公司,自培,2010/1/6 0:00,2004/2/17 0:00,力帆牌,福田牌,354662000000000000 ,364547000000000000 ,196709,197205,17,0,3,工作日,晚高峰(17-19点),2015-03-16,2015年3月16日,阴 /多云,20℃ / 15℃,南风 ≤3级 /南风 ≤3级,阴,多云,20,15,南风,≤3级,南风,≤3级,day
2015-04-03 17:15:00,五里冲,9、不符合前8款规定或者双方同时具有上述情形的,负同等责任,负同等责任,1,贵AFV638,白色,1,贵A3851R,白色,（观山湖区）蓝天驾驶培训有限公司,自培,2006/1/26 0:00,2012/3/1 0:00,福特牌,思域牌,366770000000000000 ,364556000000000000 ,197306,198810,17,4,4,工作日,晚高峰(17-19点),2015-04-03,2015年4月3日,多云 /多云,30℃ / 19℃,南风 ≤3级 /南风 ≤3级,多云,多云,30,19,南风,≤3级,南风,≤3级,day
2015-02-09 21:30:00,未来方舟,1、追尾的,负全部责任,不负责任,1,贵A27459,兰 ,1,贵A97R75,黑,（观山湖区）蓝天驾驶培训有限公司,自培,2005/11/2 0:00,2008/1/4 0:00,福田牌,雪佛兰牌,364548000000000000 ,366361000000000000 ,198608,197210,21,0,2,工作日,非高峰,2015-02-09,2015年2月9日,阴 /小雨,6℃ / 4℃,东北风 ≤3级 /东北风 ≤3级,阴,小雨,6,4,东北风,≤3级,东北风,≤3级,night
2015-03-14 15:28:00,万东桥,8、依法应负全责的其他情形,负全部责任,不负责任,1,贵A88278,白色,1,贵AV4738,白色,蓝天驾校,自培,2011/12/30 0:00,2004/8/30 0:00,海格牌,马自达(MAZDA)牌,364548000000000000 ,364547000000000000 ,198305,198302,15,5,3,工作日,非高峰,2015-03-14,2015年3月14日,阴 /阴,17℃ / 12℃,南风 ≤3级 /东南风 ≤3级,阴,阴,17,12,南风,≤3级,东南风,≤3级,day
2015-04-29 12:00:00,五医,7、未按规定让行的 ,负全部责任,不负责任,1,贵AGY658,红,1,贵ASA127,黄,蓝天驾校,自培,2014/6/24 0:00,2014/10/10 0:00,福克斯牌,雪佛兰牌,366046000000000000 ,366064000000000000 ,198301,198206,12,2,4,工作日,非高峰,2015-04-29,2015年4月29日,阵雨 /阵雨,26℃ / 16℃,东北风 ≤3级 /东南风 ≤3级,阵雨,阵雨,26,16,东北风,≤3级,东南风,≤3级,day
2015-04-20 08:30:00,金阳南路,8、依法应负全责的其他情形,负全部责任,不负责任,1,贵CHL312,红,1,贵FAA038,黑,市警校驾校,自培,2012/6/12 0:00,2013/11/13 0:00,五菱牌,钱江牌,574375000000000000 ,364568000000000000 ,199209,199201,8,0,4,工作日,早高峰(7-9点),2015-04-20,2015年4月20日,阴 /阴,20℃ / 11℃,东北风 ≤3级 /东北风 ≤3级,阴,阴,20,11,东北风,≤3级,东北风,≤3级,day
2015-03-15 11:10:00,省府路,3、倒车的,负全部责任,不负责任,1,贵AB8282,银,1,贵AF3524,白,市警校驾校,自培,2011/9/7 0:00,2001/11/7 0:00,豪爵牌,宗申牌,364547000000000000 ,364548000000000000 ,199109,197907,11,6,3,周末,非高峰,2015-03-15,2015年3月15日,阴 /阴,18℃ / 13℃,东风 ≤3级 /南风 ≤3级,阴,阴,18,13,东风,≤3级,南风,≤3级,day
2015-05-24 15:00:00,山水黔城,1、追尾的,负全部责任,不负责任,1,贵A82N18,白色,1,贵AU1509,白色,时发驾校,自培,2012/6/13 0:00,2007/6/4 0:00,东风牌,捷达牌,355468000000000000 ,366067000000000000 ,198901,198502,15,6,5,周末,非高峰,2015-05-24,2015年5月24日,多云 /阴,24℃ / 18℃,东风 ≤3级 /东南风 ≤3级,多云,阴,24,18,东风,≤3级,东南风,≤3级,day
2015-05-14 13:30:00,西二环,7、未按规定让行的 ,负全部责任,不负责任,1,贵A328E1,白,1,川MA6547,红,时发驾校,自培,2012/2/21 0:00,2012/1/16 0:00,解放牌,-1,366766000000000000 ,355468000000000000 ,197712,199103,13,3,5,工作日,非高峰,2015-05-14,2015年5月14日,多云 /雷阵雨,27℃ / 20℃,东南风 ≤3级 /南风 ≤3级,多云,雷阵雨,27,20,东南风,≤3级,南风,≤3级,day
2015-03-09 14:09:00,新添大道,7、未按规定让行的 ,负全部责任,不负责任,1,贵AEQ429,红,0,川A1PD92,红,时发驾校,自培,2011/12/27 0:00,2003/3/3 0:00,五菱牌,奥迪牌 ,366361000000000000 ,364547000000000000 ,197912,197911,14,0,3,工作日,非高峰,2015-03-09,2015年3月9日,小雨 /小雨,10℃ / 5℃,东北风 ≤3级 /东北风 ≤3级,小雨,小雨,10,5,东北风,≤3级,东北风,≤3级,day
2015-03-28 20:10:00,富水南路,3、倒车的,负全部责任,不负责任,1,贵AKL546,白,1,贵ANN335,黑,（白云区）景宏驾驶培训有限公司,自培,2009/1/21 0:00,2004/8/10 0:00,森林人,科雷傲,364551000000000000 ,364596000000000000 ,198412,198511,20,5,3,工作日,非高峰,2015-03-28,2015年3月28日,阵雨 /雷阵雨,17℃ / 14℃,南风 ≤3级 /南风 ≤3级,阵雨,雷阵雨,17,14,南风,≤3级,南风,≤3级,night
2015-05-03 10:00:00,相宝山,8、依法应负全责的其他情形,负全部责任,不负责任,1,贵A94S34,黑,1,贵AM5339,红,景宏驾校,自培,2011/11/7 0:00,2000/5/24 0:00,大众汽车牌,昊锐牌,364558000000000000 ,36656551805674505X,197106,197412,10,6,5,周末,非高峰,2015-05-03,2015年5月3日,阵雨 /阵雨,25℃ / 15℃,东北风 ≤3级 /东北风 ≤3级,阵雨,阵雨,25,15,东北风,≤3级,东北风,≤3级,day
2015-03-09 13:30:00,白云区,3、倒车的,负全部责任,不负责任,1,贵AJDN379,黑,1,贵A51X85,黑,景宏驾校,自培,2012/5/29 0:00,2004/11/8 0:00,-1,沃尔沃,366664000000000000 ,364558000000000000 ,197707,198110,13,0,3,工作日,非高峰,2015-03-09,2015年3月9日,小雨 /小雨,10℃ / 5℃,东北风 ≤3级 /东北风 ≤3级,小雨,小雨,10,5,东北风,≤3级,东北风,≤3级,day
2015-04-30 18:00:00,花果园立交,7、未按规定让行的 ,负全部责任,不负责任,1,贵JDN379,白色,1,贵A19755,白色,景宏驾校,自培,2012/5/29 0:00,2001/9/11 0:00,东风牌,嘉鹏牌,366664000000000000 ,734397000000000000 ,197707,197801,18,3,4,工作日,晚高峰(17-19点),2015-04-30,2015年4月30日,阵雨 /阵雨,25℃ / 17℃,东南风 ≤3级 /东南风 ≤3级,阵雨,阵雨,25,17,东南风,≤3级,东南风,≤3级,day
2015-05-09 00:00:00,营盘路,3、倒车的,负全部责任,不负责任,1,贵A97753,白色,1,贵AU1901,白色,（乌当区）新华驾驶培训有限公司,自培,2008/7/16 0:00,2007/7/9 0:00,得利,瑞麒牌,366269000000000000 ,366367000000000000 ,197005,198301,0,5,5,工作日,非高峰,2015-05-09,2015年5月9日,阵雨 /阵雨,23℃ / 16℃,东北风 ≤3级 /东南风 ≤3级,阵雨,阵雨,23,16,东北风,≤3级,东南风,≤3级,night
2015-02-11 10:00:00,八鸽岩路与瑞金北路交叉路口,1、追尾的,负全部责任,不负责任,1,贵ARW234,白色,1,贵AEZ565,黑色,毕节地区黔中汽车(摩托车)驾驶培训学校,自培,2011/4/12 0:00,2000/9/20 0:00,江淮牌,海马牌,366067000000000000 ,364548000000000000 ,198902,195510,10,2,2,工作日,非高峰,2015-02-11,2015年2月11日,多云 /多云,11℃ / 3℃,东风 ≤3级 /东北风 ≤3级,多云,多云,11,3,东风,≤3级,东北风,≤3级,day
2015-03-21 09:00:00,花果园立交,7、未按规定让行的 ,负全部责任,不负责任,1,贵JAL332,白色,1,贵AU5319,白色,惠水县黔岭机动车驾驶培训有限公司,自培,2010/8/27 0:00,2006/5/30 0:00,五菱牌,嘉陵牌,366876000000000000 ,364548000000000000 ,197311,196506,9,5,3,工作日,早高峰(7-9点),2015-03-21,2015年3月21日,阴 /阴,16℃ / 11℃,东北风 ≤3级 /东南风 ≤3级,阴,阴,16,11,东北风,≤3级,东南风,≤3级,day
2015-03-03 21:30:00,百花大道,3、倒车的,负全部责任,不负责任,1,贵A00842,银,1,贵AB079N,黑,贵州省石阡泉都(启灵)驾驶培训有限责任公司,自培,2011/10/26 0:00,2012/7/23 0:00,东风牌,北京现代牌,366661000000000000 ,354364000000000000 ,197808,199007,21,1,3,工作日,非高峰,2015-03-03,2015年3月3日,小雨 /小雨,8℃ / 3℃,东北风 ≤3级 /东北风 ≤3级,小雨,小雨,8,3,东北风,≤3级,东北风,≤3级,night
2015-03-12 18:00:00,解放路,1、追尾的,负全部责任,不负责任,1,贵DV5357,白,1,贵A6AR65,黑,思南县顺通驾驶培训有限责任公司,自培,2012/12/26 0:00,2006/4/28 0:00,东风雪铁龙牌,雪佛兰牌,366664000000000000 ,364596000000000000 ,197105,198602,18,3,3,工作日,晚高峰(17-19点),2015-03-12,2015年3月12日,多云 /多云,16℃ / 10℃,南风 ≤3级 /南风 ≤3级,多云,多云,16,10,南风,≤3级,南风,≤3级,day
2015-05-14 10:00:00,小碧乡,1、追尾的,负全部责任,不负责任,1,贵DBY621,白色,1,贵AKY148,白色,万山特区万吉驾驶员培训有限公司万顺驾校,自培,2011/9/1 0:00,2000/12/27 0:00,长安牌,波罗牌,366675000000000000 ,364547000000000000 ,197908,197908,10,3,5,工作日,非高峰,2015-05-14,2015年5月14日,多云 /雷阵雨,27℃ / 20℃,东南风 ≤3级 /南风 ≤3级,多云,雷阵雨,27,20,东南风,≤3级,南风,≤3级,day
2015-05-18 11:00:00,小河,1、追尾的,负全部责任,不负责任,1,贵A97339,白色,1,贵A7103R,白色,万山特区万吉驾驶员培训有限公司万顺驾校,自培,2014/1/21 0:00,2005/7/11 0:00,金轮牌,凯迪拉克牌,366670000000000000 ,36455051944269407X,198912,198006,11,0,5,工作日,非高峰,2015-05-18,2015年5月18日,多云 /多云,25℃ / 18℃,东北风 ≤3级 /东北风 ≤3级,多云,多云,25,18,东北风,≤3级,东北风,≤3级,day
2015-05-06 10:00:00,贵惠大道,7、未按规定让行的 ,负全部责任,不负责任,1,贵DQ7721,白色,1,贵A53Y27,白色,松桃大众驾驶培训服务有限公司,自培,2011/7/14 0:00,2006/12/15 0:00,-1,沃尔沃,366662000000000000 ,364547000000000000 ,199009,198806,10,2,5,工作日,非高峰,2015-05-06,2015年5月6日,多云 /多云,25℃ / 16℃,东北风 ≤3级 /南风 ≤3级,多云,多云,25,16,东北风,≤3级,南风,≤3级,day
2015-03-03 14:50:00,贵惠大道,7、未按规定让行的 ,负全部责任,不负责任,1,贵AHS486,白色,1,贵AA7234,白色,瓮安县江沣机动车驾驶培训学校有限公司,自培,2014/11/17 0:00,2002/11/13 0:00,解放牌,江铃,366864000000000000 ,366270000000000000 ,198909,198111,14,1,3,工作日,非高峰,2015-03-03,2015年3月3日,小雨 /小雨,8℃ / 3℃,东北风 ≤3级 /东北风 ≤3级,小雨,小雨,8,3,东北风,≤3级,东北风,≤3级,day
2015-05-13 15:09:00,瑞金中路,7、未按规定让行的 ,负全部责任,不负责任,1,贵FV7233,白,0,贵AF3963,黑,自培,自培,2012/6/6 0:00,2003/5/26 0:00,长安牌,丰田,366064000000000000 ,364648000000000000 ,199011,197211,15,2,5,工作日,非高峰,2015-05-13,2015年5月13日,多云 /阵雨,26℃ / 19℃,东南风 ≤3级 /东南风 ≤3级,多云,阵雨,26,19,东南风,≤3级,东南风,≤3级,day
2015-04-03 16:38:00,花溪大道,1、追尾的,负全部责任,不负责任,1,贵A62B47,白色,1,贵AJL413,白色,六枝特区兴安机动车驾驶培训有限公司,自培,2014/3/17 0:00,2007/6/5 0:00,长安牌,五菱牌,364648000000000000 ,36455651905454415X,196304,198410,16,4,4,工作日,非高峰,2015-04-03,2015年4月3日,多云 /多云,30℃ / 19℃,南风 ≤3级 /南风 ≤3级,多云,多云,30,19,南风,≤3级,南风,≤3级,day
2015-03-06 07:00:00,枣山路,7、未按规定让行的 ,负全部责任,不负责任,1,贵A48G85,蓝,1,贵AN3406,银,习水县汽车驾驶培训学校,自培,2012/7/31 0:00,2007/3/19 0:00,吉利美日牌,五菱牌,366577000000000000 ,366368000000000000 ,198101,197810,7,4,3,工作日,早高峰(7-9点),2015-03-06,2015年3月6日,小雨 /小雨,5℃ / 3℃,东北风 ≤3级 /东北风 ≤3级,小雨,小雨,5,3,东北风,≤3级,东北风,≤3级,day
2015-02-04 21:50:00,小河,1、追尾的,负全部责任,不负责任,1,贵ANZ367,黑,1,贵A64H66,黑,自培,自培,2010/12/9 0:00,2004/8/20 0:00,雪佛兰牌,北京现代牌,366576000000000000 ,364558000000000000 ,198010,198408,21,2,2,工作日,非高峰,2015-02-04,2015年2月4日,小雨 /小雨,4℃ / 0℃,东北风 ≤3级 /东北风 ≤3级,小雨,小雨,4,0,东北风,≤3级,东北风,≤3级,night
2015-02-06 15:20:00,西二环,7、未按规定让行的 ,负全部责任,不负责任,0,贵A9611B,白,1,贵A6370Y,蓝,（南明区）铁二局驾驶培训有限公司,自培,2005/11/29 0:00,2011/11/30 0:00,瑞麒牌,北京现代牌,364596000000000000 ,366061000000000000 ,198709,198008,15,4,2,工作日,非高峰,2015-02-06,2015年2月6日,多云 /小雨,9℃ / 2℃,南风 ≤3级 /南风 ≤3级,多云,小雨,9,2,南风,≤3级,南风,≤3级,day
2015-04-25 21:00:00,长江路,7、未按规定让行的 ,负全部责任,不负责任,1,贵AE8014,白色,1,贵ALT054,白色,（南明区）铁二局驾驶培训有限公司,自培,2005/1/14 0:00,2004/12/14 0:00,锦宏牌,扬子牌,366570000000000000 ,355468000000000000 ,197505,196311,21,5,4,工作日,非高峰,2015-04-25,2015年4月25日,阴 /阵雨,20℃ / 11℃,东风 ≤3级 /东南风 ≤3级,阴,阵雨,20,11,东风,≤3级,东南风,≤3级,night
2015-05-22 11:00:00,云环西路,7、未按规定让行的 ,负全部责任,不负责任,0,贵AKT953,白,1,贵ADT458,黑,（南明区）铁二局驾驶培训有限公司,自培,2005/12/21 0:00,2006/4/26 0:00,丰田牌,起亚牌,364558000000000000 ,364558000000000000 ,196408,195711,11,4,5,工作日,非高峰,2015-05-22,2015年5月22日,阵雨 /阵雨,19℃ / 14℃,东风 ≤3级 /东风 ≤3级,阵雨,阵雨,19,14,东风,≤3级,东风,≤3级,day
2015-04-27 08:00:00,小关,7、未按规定让行的 ,负全部责任,不负责任,1,贵AU8716,绿,1,贵AFZ201,黑,铁二局驾校,自培,2010/2/8 0:00,2009/9/27 0:00,宝来牌,黄海牌,364557000000000000 ,356164000000000000 ,197608,197512,8,0,4,工作日,早高峰(7-9点),2015-04-27,2015年4月27日,阴 /雷阵雨,21℃ / 14℃,东南风 ≤3级 /东北风 ≤3级,阴,雷阵雨,21,14,东南风,≤3级,东北风,≤3级,day
2015-03-22 10:00:00,都司路,7、未按规定让行的 ,负全部责任,不负责任,1,贵AMK688,银,1,贵A51N37,白,铁二局驾校,自培,2010/12/16 0:00,2011/2/23 0:00,长安牌,雪佛兰牌,364557000000000000 ,366270000000000000 ,197210,198801,10,6,3,周末,非高峰,2015-03-22,2015年3月22日,阵雨 /阵雨,19℃ / 10℃,东南风 ≤3级 /东风 ≤3级,阵雨,阵雨,19,10,东南风,≤3级,东风,≤3级,day
2015-04-17 16:30:00,海天园,7、未按规定让行的 ,负全部责任,不负责任,1,贵AMK688,黑,1,贵A43Y88,蓝,铁二局驾校,自培,2010/12/16 0:00,2002/10/12 0:00,长安牌,比亚迪牌,364557000000000000 ,364548000000000000 ,197210,197305,16,4,4,工作日,非高峰,2015-04-17,2015年4月17日,多云 /多云,28℃ / 19℃,南风 ≤3级 /南风 ≤3级,多云,多云,28,19,南风,≤3级,南风,≤3级,day
2015-05-14 10:00:00,海马冲隧道口,1、追尾的,负全部责任,不负责任,1,贵ATN437,白色,1,贵AV8533,白色,（南明区）铁二局驾驶培训有限公司,自培,2006/4/28 0:00,2001/9/21 0:00,比亚迪牌,嘉陵牌,364547000000000000 ,36455751834154565X,195302,197509,10,3,5,工作日,非高峰,2015-05-14,2015年5月14日,多云 /雷阵雨,27℃ / 20℃,东南风 ≤3级 /南风 ≤3级,多云,雷阵雨,27,20,东南风,≤3级,南风,≤3级,day
2015-05-16 21:15:00,解放路,1、追尾的,负全部责任,不负责任,1,贵A95E44,黑,1,贵AN9499,黑,铁二局驾校,自培,2012/8/7 0:00,2001/5/14 0:00,一汽佳星牌,天禧牌,366568000000000000 ,364547000000000000 ,197506,197608,21,5,5,工作日,非高峰,2015-05-16,2015年5月16日,阴 /雷阵雨,23℃ / 17℃,东北风 ≤3级 /东风 ≤3级,阴,雷阵雨,23,17,东北风,≤3级,东风,≤3级,night
2015-04-26 00:00:00,小十字,7、未按规定让行的 ,负全部责任,不负责任,1,贵A87049,白色,1,贵AU8792,白色,铁二局驾校,自培,2014/1/8 0:00,2011/1/13 0:00,大众汽车牌,捷达牌,364547000000000000 ,366561000000000000 ,199111,197307,0,6,4,周末,非高峰,2015-04-26,2015年4月26日,阵雨 /阵雨,18℃ / 14℃,东南风 ≤3级 /东北风 ≤3级,阵雨,阵雨,18,14,东南风,≤3级,东北风,≤3级,night
2015-05-19 23:27:00,大山洞,7、未按规定让行的 ,负全部责任,不负责任,1,贵A9Q454,白,1,贵A0249V,黄,自培,自培,2007/1/17 0:00,2001/11/27 0:00,-1,中华牌,364558000000000000 ,366368000000000000 ,198109,198310,23,1,5,工作日,非高峰,2015-05-19,2015年5月19日,阵雨 /大雨,25℃ / 18℃,东北风 ≤3级 /南风 ≤3级,阵雨,大雨,25,18,东北风,≤3级,南风,≤3级,night
2015-03-31 16:00:00,白云区,8、依法应负全责的其他情形,负全部责任,不负责任,1,贵A6949M,红,1,贵A90661,红,（南明区）铁二局驾驶培训有限公司,自培,2009/12/4 0:00,2005/11/16 0:00,福克斯牌,豪泺牌,364558000000000000 ,366364000000000000 ,198907,196712,16,1,3,工作日,非高峰,2015-03-31,2015年3月31日,多云 /多云,28℃ / 19℃,南风 ≤3级 /南风 ≤3级,多云,多云,28,19,南风,≤3级,南风,≤3级,day
2015-05-03 12:00:00,花溪大道,7、未按规定让行的 ,负全部责任,不负责任,1,贵AHC897,白色,1,贵AH6346,白色,铁二局驾校,自培,2011/9/27 0:00,2002/6/20 0:00,马自达牌,中华牌,364556000000000000 ,364556000000000000 ,197609,196908,12,6,5,周末,非高峰,2015-05-03,2015年5月3日,阵雨 /阵雨,25℃ / 15℃,东北风 ≤3级 /东北风 ≤3级,阵雨,阵雨,25,15,东北风,≤3级,东北风,≤3级,day
2015-04-15 10:00:00,乌当,8、依法应负全责的其他情形,负全部责任,不负责任,1,贵A2AU34,白,1,贵GN6988,黑,铁二局驾校,自培,2012/2/9 0:00,2004/10/26 0:00,福克斯牌,东风雪铁龙牌,36606651904969765X,366661000000000000 ,198408,198308,10,2,4,工作日,非高峰,2015-04-15,2015年4月15日,多云 /多云,24℃ / 16℃,东南风 ≤3级 /南风 ≤3级,多云,多云,24,16,东南风,≤3级,南风,≤3级,day
2015-04-03 19:00:00,中山东路,7、未按规定让行的 ,负全部责任,不负责任,1,贵A2BZ58,银,1,贵AU9927,蓝,铁二局驾校,自培,2014/3/17 0:00,2010/12/8 0:00,吉利牌,爱立新牌,366863000000000000 ,74667500000000000 ,198606,198501,19,4,4,工作日,晚高峰(17-19点),2015-04-03,2015年4月3日,多云 /多云,30℃ / 19℃,南风 ≤3级 /南风 ≤3级,多云,多云,30,19,南风,≤3级,南风,≤3级,day
2015-05-29 13:02:00,世纪城,1、追尾的,负全部责任,不负责任,1,贵ACD647,白,1,贵APW443,红,毕节市顺达汽车驾驶培训学校,自培,2011/7/18 0:00,2007/6/6 0:00,丰田牌,雪佛兰牌,366046000000000000 ,364568000000000000 ,199002,198801,13,4,5,工作日,非高峰,2015-05-29,2015年5月29日,阵雨 /阵雨,24℃ / 17℃,东南风 ≤3级 /东北风 ≤3级,阵雨,阵雨,24,17,东南风,≤3级,东北风,≤3级,day
2015-03-31 17:47:00,世纪城,7、未按规定让行的 ,负全部责任,不负责任,0,贵FM8442,白,1,贵AXA731,黑,全林驾校,自培,2012/5/25 0:00,2004/6/4 0:00,奥迪牌,大众牌,366064000000000000 ,376575000000000000 ,198306,197902,17,1,3,工作日,晚高峰(17-19点),2015-03-31,2015年3月31日,多云 /多云,28℃ / 19℃,南风 ≤3级 /南风 ≤3级,多云,多云,28,19,南风,≤3级,南风,≤3级,day
2015-05-28 12:00:00,新村路,8、依法应负全责的其他情形,负全部责任,不负责任,1,贵AHT076,白色,1,贵GV5435,白色,织金县织通驾驶培训学校,自培,2011/6/15 0:00,2006/6/29 0:00,豪情牌,-1,366064000000000000 ,366068000000000000 ,198907,198204,12,3,5,工作日,非高峰,2015-05-28,2015年5月28日,多云 /雷阵雨,29℃ / 19℃,南风 ≤3级 /东南风 ≤3级,多云,雷阵雨,29,19,南风,≤3级,东南风,≤3级,day
2015-04-05 12:15:00,白云,1、追尾的,负全部责任,不负责任,1,贵A0335M,红,1,贵AJL256,黄 ,绥阳县汽车驾驶培训学校,自培,2011/2/18 0:00,2000/6/3 0:00,中华牌,丰田牌,364558000000000000 ,364558000000000000 ,199005,198204,12,6,4,周末,非高峰,2015-04-05,2015年4月5日,阴 /阵雨,30℃ / 12℃,南风 ≤3级 /东北风 ≤3级,阴,阵雨,30,12,南风,≤3级,东北风,≤3级,day
2015-04-29 11:30:00,二戈寨,7、未按规定让行的 ,负全部责任,不负责任,1,贵AB369J,白色,1,贵AU8091,白色,安顺市金安汽车培训学校,自培,2014/4/16 0:00,2000/12/28 0:00,北京牌,瑞麒牌,366362000000000000 ,366361000000000000 ,199102,197602,11,2,4,工作日,非高峰,2015-04-29,2015年4月29日,阵雨 /阵雨,26℃ / 16℃,东北风 ≤3级 /东南风 ≤3级,阵雨,阵雨,26,16,东北风,≤3级,东南风,≤3级,day
2015-03-03 07:11:00,绿苑小区,7、未按规定让行的 ,负全部责任,不负责任,1,贵GR7378,白色,1,贵AAR962,黑色,贵州平坝兴安机动车驾驶培训有限公司,自培,2014/3/26 0:00,2006/7/27 0:00,长安牌,贝纳利牌,366363000000000000 ,366364000000000000 ,197301,196212,7,1,3,工作日,早高峰(7-9点),2015-03-03,2015年3月3日,小雨 /小雨,8℃ / 3℃,东北风 ≤3级 /东北风 ≤3级,小雨,小雨,8,3,东北风,≤3级,东北风,≤3级,day
2015-05-05 12:00:00,正新街,3、倒车的,负全部责任,不负责任,0,贵G33346,白,0,贵GT4056,红,安顺市顺阳驾校培训学校,自培,2011/7/13 0:00,2004/8/16 0:00,-1,-1,366363000000000000 ,36455551974061306X,199001,198304,12,1,5,工作日,非高峰,2015-05-05,2015年5月5日,阵雨 /阵雨,21℃ / 15℃,南风 ≤3级 /南风 ≤3级,阵雨,阵雨,21,15,南风,≤3级,南风,≤3级,day
2015-04-14 09:10:00,八匹马,9、不符合前8款规定或者双方同时具有上述情形的,负同等责任,负同等责任,1,贵GD6157,银,1,贵AD7374,黑,安顺市开发区千合机动车培训学校,自培,2012/3/31 0:00,2003/8/7 0:00,五菱牌,豪爵牌,36634551825568843X,354366000000000000 ,197611,197010,9,1,4,工作日,早高峰(7-9点),2015-04-14,2015年4月14日,晴 /多云,22℃ / 9℃,东风 ≤3级 /东风 ≤3级,晴,多云,22,9,东风,≤3级,东风,≤3级,day
2015-02-05 15:05:00,富源北路,5、开关车门的,负全部责任,不负责任,1,贵AU6559,白色,1,贵A14A29,黑色,自培,自培,2011/7/12 0:00,2002/6/17 0:00,捷达牌,高尔夫牌,364596000000000000 ,366864000000000000 ,199105,197102,15,3,2,工作日,非高峰,2015-02-05,2015年2月5日,阴 /阴,3℃ / 0℃,东北风 ≤3级 /东北风 ≤3级,阴,阴,3,0,东北风,≤3级,东北风,≤3级,day
2015-05-26 11:40:00,钻石广场,1、追尾的,负全部责任,不负责任,1,贵AP6032,红,0,贵ANK809,黑,遵义市遵义县东方机动车驾驶培训学校,自培,2011/10/27 0:00,2004/6/8 0:00,轰轰烈牌,雷克萨斯,364558000000000000 ,36454651264160700X,199301,196209,11,1,5,工作日,非高峰,2015-05-26,2015年5月26日,阵雨 /雷阵雨,26℃ / 20℃,东南风 ≤3级 /东北风 ≤3级,阵雨,雷阵雨,26,20,东南风,≤3级,东北风,≤3级,day
2015-03-22 17:48:00,大营坡,8、依法应负全责的其他情形,负全部责任,不负责任,0,贵A7A808,白,1,贵ALA439,绿,（花溪区）高新十七驾驶培训有限公司,自培,2007/9/28 0:00,2003/10/9 0:00,梅赛德斯-奔驰牌,圣路牌,364547000000000000 ,364557000000000000 ,198607,198006,17,6,3,周末,晚高峰(17-19点),2015-03-22,2015年3月22日,阵雨 /阵雨,19℃ / 10℃,东南风 ≤3级 /东风 ≤3级,阵雨,阵雨,19,10,东南风,≤3级,东风,≤3级,day
2015-05-15 09:55:00,五医,1、追尾的,负全部责任,不负责任,1,贵A36H29,红,1,贵CBN169,黑,自培,自培,2009/9/18 0:00,2002/9/9 0:00,一汽佳星牌,-1,366564000000000000 ,364548000000000000 ,198412,196606,9,4,5,工作日,早高峰(7-9点),2015-05-15,2015年5月15日,阵雨 /阵雨,25℃ / 16℃,东北风 ≤3级 /东北风 ≤3级,阵雨,阵雨,25,16,东北风,≤3级,东北风,≤3级,day
2015-04-11 10:30:00,花溪大道,8、依法应负全责的其他情形,负全部责任,不负责任,1,贵A36K85,白色,1,临AQS023,白色,贵大驾校,自培,2012/6/6 0:00,2003/8/30 0:00,海马牌,-1,364556000000000000 ,364548000000000000 ,198503,198306,10,5,4,工作日,非高峰,2015-04-11,2015年4月11日,多云 /多云,15℃ / 9℃,东北风 ≤3级 /东风 ≤3级,多云,多云,15,9,东北风,≤3级,东风,≤3级,day
2015-03-16 07:39:00,花溪,7、未按规定让行的 ,负全部责任,不负责任,1,贵A1614G,白色,1,贵A8488V,白色,（经开区）十一驾驶培训有限公司,自培,2006/6/13 0:00,2003/12/11 0:00,奇瑞牌,五菱牌,364556000000000000 ,366064000000000000 ,198409,197712,7,0,3,工作日,早高峰(7-9点),2015-03-16,2015年3月16日,阴 /多云,20℃ / 15℃,南风 ≤3级 /南风 ≤3级,阴,多云,20,15,南风,≤3级,南风,≤3级,day
2015-02-06 10:33:00,金阳车站,1、追尾的,负全部责任,不负责任,1,贵AU6477,绿,1,贵A5664S,银,（经开区）十一驾驶培训有限公司,自培,2005/12/31 0:00,2002/8/26 0:00,国威牌,五菱牌,364557000000000000 ,354361000000000000 ,197706,197508,10,4,2,工作日,非高峰,2015-02-06,2015年2月6日,多云 /小雨,9℃ / 2℃,南风 ≤3级 /南风 ≤3级,多云,小雨,9,2,南风,≤3级,南风,≤3级,day