accidenttime,accidentaddr,driver1fault,driver1responsibility,driver2responsibility,sex1,platenumber1,carcolor1,sex2,platenumber2,carcolor2,jxmc1,jxmc2,cclzrq1,cclzrq2,clpp1,clpp2,driver1license,driver2license,brith1,brith2,hour,weekday,month,is_weekday,peak_hour,date,日期,天气状况,气温,风力风向,day_wea,night_wea,day_tep,night_tep,day_wind_direction,day_wind_speed,night_wind_direction,night_wind_speed,segment
2015-04-05 19:00:00,小河,7、未按规定让行的 ,负全部责任,不负责任,1,贵GT1775,白色,1,贵AAS730,白色,（经开区）十一驾驶培训有限公司,自培,2010/4/7 0:00,2001/8/23 0:00,长城牌,长城牌,364556000000000000 ,364548000000000000 ,198602,196812,19,6,4,周末,晚高峰(17-19点),2015-04-05,2015年4月5日,阴 /阵雨,30℃ / 12℃,南风 ≤3级 /东北风 ≤3级,阴,阵雨,30,12,南风,≤3级,东北风,≤3级,day
2015-03-09 17:40:00,蔡家关,3、倒车的,负全部责任,不负责任,0,贵ATX516,黑,1,贵FL1738,黑,（经开区）十一驾驶培训有限公司,自培,2005/5/26 0:00,2014/5/14 0:00,长城牌,大众汽车牌,366369000000000000 ,366046000000000000 ,197505,197304,17,0,3,工作日,晚高峰(17-19点),2015-03-09,2015年3月9日,小雨 /小雨,10℃ / 5℃,东北风 ≤3级 /东北风 ≤3级,小雨,小雨,10,5,东北风,≤3级,东北风,≤3级,day
2015-05-04 18:00:00,水东路,7、未按规定让行的 ,负全部责任,不负责任,1,贵A5192B,红,1,贵A83J81,白,十一驾驶培训有限公司,自培,2011/3/4 0:00,2011/10/29 0:00,奇瑞牌,东风雪铁龙牌,364557000000000000 ,364547000000000000 ,198411,198909,18,0,5,工作日,晚高峰(17-19点),2015-05-04,2015年5月4日,阵雨 /阵雨,20℃ / 14℃,东北风 ≤3级 /东北风 ≤3级,阵雨,阵雨,20,14,东北风,≤3级,东北风,≤3级,day
2015-03-03 10:00:00,金关路口,1、追尾的,负全部责任,不负责任,0,贵AMK822,银,1,贵AU6439,绿,贵州省长安驾驶培训学校,自培,2012/9/20 0:00,2000/12/5 0:00,颐达牌,捷达牌,364548000000000000 ,364558000000000000 ,197409,197309,10,1,3,工作日,非高峰,2015-03-03,2015年3月3日,小雨 /小雨,8℃ / 3℃,东北风 ≤3级 /东北风 ≤3级,小雨,小雨,8,3,东北风,≤3级,东北风,≤3级,day
2015-05-06 23:05:00,大南门,7、未按规定让行的 ,负全部责任,不负责任,1,贵A24200,白,0,贵AH5068,白,贵州省长安驾驶培训学校,自培,2014/4/22 0:00,2005/1/24 0:00,-1,夏利,366861000000000000 ,364547000000000000 ,198301,196408,23,2,5,工作日,非高峰,2015-05-06,2015年5月6日,多云 /多云,25℃ / 16℃,东北风 ≤3级 /南风 ≤3级,多云,多云,25,16,东北风,≤3级,南风,≤3级,night
2015-04-19 16:05:00,涴沙桥,1、追尾的,负全部责任,不负责任,1,贵A3AW37,白,1,贵ABS031,白,贵州省长安驾驶培训学校,自培,2012/1/12 0:00,2002/7/15 0:00,大众汽车牌,宝来牌,364547000000000000 ,364547000000000000 ,196207,197508,16,6,4,周末,非高峰,2015-04-19,2015年4月19日,阵雨 /阵雨,22℃ / 13℃,东北风 ≤3级 /东北风 ≤3级,阵雨,阵雨,22,13,东北风,≤3级,东北风,≤3级,day
2015-05-21 07:30:00,太慈桥,1、追尾的,负全部责任,不负责任,0,贵ATA536,红,1,贵ACK968,蓝,贵州省长安驾驶培训学校,自培,2011/7/21 0:00,2000/1/20 0:00,长安牌,威姿牌,364547000000000000 ,364548000000000000 ,197610,196411,7,3,5,工作日,早高峰(7-9点),2015-05-21,2015年5月21日,阴 /阵雨,24℃ / 16℃,东风 ≤3级 /东风 ≤3级,阴,阵雨,24,16,东风,≤3级,东风,≤3级,day
2015-05-22 14:00:00,四十四医院,7、未按规定让行的 ,负全部责任,不负责任,1,贵AB125W,白色,1,贵A0309C,白色,鑫鑫驾校,自培,2014/6/6 0:00,2004/7/28 0:00,五菱牌,夏利牌,366063000000000000 ,364556000000000000 ,198702,198011,14,4,5,工作日,非高峰,2015-05-22,2015年5月22日,阵雨 /阵雨,19℃ / 14℃,东风 ≤3级 /东风 ≤3级,阵雨,阵雨,19,14,东风,≤3级,东风,≤3级,day
2015-02-14 14:20:00,解放路,7、未按规定让行的 ,负全部责任,不负责任,1,贵HAS425,白色,1,贵A6AC86,白色,顺一驾驶培训学校,自培,2012/3/5 0:00,2004/5/19 0:00,北京现代牌,别克牌,366263000000000000 ,364547000000000000 ,198411,198202,14,5,2,工作日,非高峰,2015-02-14,2015年2月14日,阵雨 /雷阵雨,16℃ / 10℃,南风 ≤3级 /南风 ≤3级,阵雨,雷阵雨,16,10,南风,≤3级,南风,≤3级,day
2015-02-02 08:15:00,观山湖区,1、追尾的,负全部责任,不负责任,1,贵A71C66,黑,1,贵ABU746,灰,（经开区）顺一驾驶培训有限公司,自培,2009/9/11 0:00,2004/7/30 0:00,高尔夫牌,北京现代牌,366368000000000000 ,364548000000000000 ,199002,197908,8,0,2,工作日,早高峰(7-9点),2015-02-02,2015年2月2日,阴 /小雨,7℃ / 3℃,南风 ≤3级 /东南风 ≤3级,阴,小雨,7,3,南风,≤3级,东南风,≤3级,day
2015-04-08 16:00:00,浣纱桥,7、未按规定让行的 ,负全部责任,不负责任,1,贵FQ7833,白色,1,贵AU6635,白色,青正驾校,自培,2015/1/21 0:00,2001/8/27 0:00,起亚牌,宗申牌,36456651914756565X,364547000000000000 ,198903,198203,16,2,4,工作日,非高峰,2015-04-08,2015年4月8日,小雨 /小雨,10℃ / 6℃,东北风 ≤3级 /东北风 ≤3级,小雨,小雨,10,6,东北风,≤3级,东北风,≤3级,day
2015-04-15 14:00:00,贵惠大道,1、追尾的,负全部责任,不负责任,1,贵A7BX17,白色,1,贵A43N38,黑色,（花溪区）黔丰驾驶培训有限公司,自培,2015/2/12 0:00,2008/1/23 0:00,起亚牌,哈飞牌,354698000000000000 ,35546751994268108X,197710,198806,14,2,4,工作日,非高峰,2015-04-15,2015年4月15日,多云 /多云,24℃ / 16℃,东南风 ≤3级 /南风 ≤3级,多云,多云,24,16,东南风,≤3级,南风,≤3级,day
2015-03-10 07:00:00,公安厅,8、依法应负全责的其他情形,负全部责任,不负责任,1,贵A99373,白色,1,贵AU0946,白色,（南明区）现代驾驶培训有限公司,自培,2008/10/24 0:00,2000/5/10 0:00,丰田牌,国威牌,364548000000000000 ,364547000000000000 ,198311,198111,7,1,3,工作日,早高峰(7-9点),2015-03-10,2015年3月10日,小雨 /小雨,8℃ / 4℃,东北风 ≤3级 /东北风 ≤3级,小雨,小雨,8,4,东北风,≤3级,东北风,≤3级,day
2015-03-27 20:00:00,头桥罗汉营路口,7、未按规定让行的 ,负全部责任,不负责任,1,贵ABN319,白色,1,贵A42478,黑色,贵州现代驾驶培训责任有限公司,自培,2012/7/11 0:00,2004/8/19 0:00,长安牌,捷达,364557000000000000 ,364556000000000000 ,198608,198208,20,4,3,工作日,非高峰,2015-03-27,2015年3月27日,阵雨 /阵雨,18℃ / 13℃,南风 ≤3级 /南风 ≤3级,阵雨,阵雨,18,13,南风,≤3级,南风,≤3级,night
2015-03-20 08:38:00,花果园,1、追尾的,负全部责任,不负责任,0,贵A11C59,白,1,贵AS5635,银,文通驾校,自培,2012/4/1 0:00,2003/6/5 0:00,别克牌,长安牌,06544751924753446X,366347000000000000 ,198603,197704,8,4,3,工作日,早高峰(7-9点),2015-03-20,2015年3月20日,阴 /阵雨,14℃ / 10℃,东北风 ≤3级 /东北风 ≤3级,阴,阵雨,14,10,东北风,≤3级,东北风,≤3级,day
2015-03-04 09:20:00,孟关,7、未按规定让行的 ,负全部责任,不负责任,1,贵ASM996,白色,1,贵JB5S591,白色,吉源驾校,自培,2015/2/4 0:00,2005/7/21 0:00,马自达牌,-1,366067000000000000 ,364556000000000000 ,199002,197410,9,2,3,工作日,早高峰(7-9点),2015-03-04,2015年3月4日,小雨 /小雨,6℃ / 1℃,东北风 ≤3级 /东北风 ≤3级,小雨,小雨,6,1,东北风,≤3级,东北风,≤3级,day
2015-04-17 08:45:00,曹关,1、追尾的,负全部责任,不负责任,1,贵GP2881,黑,1,贵A0083P,黑,吉源驾校,自培,2014/11/11 0:00,2001/9/6 0:00,东风牌,吉利牌,366267000000000000 ,364558000000000000 ,198410,197710,8,4,4,工作日,早高峰(7-9点),2015-04-17,2015年4月17日,多云 /多云,28℃ / 19℃,南风 ≤3级 /南风 ≤3级,多云,多云,28,19,南风,≤3级,南风,≤3级,day
2015-04-12 14:33:00,绿洲湾,3、倒车的,负全部责任,不负责任,1,贵AH4814,黑,1,贵A71V11,黑,文通驾校,自培,2011/4/6 0:00,2004/7/5 0:00,金杯牌,帕萨特牌,734561000000000000 ,364557000000000000 ,195809,196410,14,6,4,周末,非高峰,2015-04-12,2015年4月12日,晴 /多云,21℃ / 7℃,东风 ≤3级 /东风 ≤3级,晴,多云,21,7,东风,≤3级,东风,≤3级,day
2015-02-14 18:38:00,花果园立交桥下,7、未按规定让行的 ,负全部责任,不负责任,1,贵A887E4,白色,1,云AD5W26,白色,文通驾校,自培,2012/6/21 0:00,2003/8/18 0:00,华神牌,夏利,364556000000000000 ,364548000000000000 ,197601,196307,18,5,2,工作日,晚高峰(17-19点),2015-02-14,2015年2月14日,阵雨 /雷阵雨,16℃ / 10℃,南风 ≤3级 /南风 ≤3级,阵雨,雷阵雨,16,10,南风,≤3级,南风,≤3级,day
2015-05-14 17:05:00,渔安隧道,1、追尾的,负全部责任,不负责任,0,贵AX9053,红,1,贵AE6399,白,（观山湖区）诚信驾驶培训有限公司,自培,2008/5/13 0:00,2000/6/25 0:00,劲隆牌,本田牌,364548000000000000 ,364548000000000000 ,197003,197104,17,3,5,工作日,晚高峰(17-19点),2015-05-14,2015年5月14日,多云 /雷阵雨,27℃ / 20℃,东南风 ≤3级 /南风 ≤3级,多云,雷阵雨,27,20,东南风,≤3级,南风,≤3级,day
2015-05-23 10:00:00,火车站,1、追尾的,负全部责任,不负责任,1,贵GS2512,白色,1,贵AU6054,白色,通发驾校,自培,2014/2/17 0:00,2000/4/24 0:00,-1,宇通牌,366766000000000000 ,364548000000000000 ,198411,197603,10,5,5,工作日,非高峰,2015-05-23,2015年5月23日,阵雨 /阴,19℃ / 14℃,东北风 ≤3级 /东北风 ≤3级,阵雨,阴,19,14,东北风,≤3级,东北风,≤3级,day
2015-05-19 17:30:00,西南商贸城,7、未按规定让行的 ,负全部责任,不负责任,1,贵A3649M,红,1,贵AE568C,黑,贵安驾校（息烽县）,自培,2015/4/28 0:00,2002/11/22 0:00,五菱牌,荣威牌,36606651104662665X,36636051874156005X,199402,197309,17,1,5,工作日,晚高峰(17-19点),2015-05-19,2015年5月19日,阵雨 /大雨,25℃ / 18℃,东北风 ≤3级 /南风 ≤3级,阵雨,大雨,25,18,东北风,≤3级,南风,≤3级,day
2015-02-08 16:05:00,瑞金中路,7、未按规定让行的 ,负全部责任,不负责任,1,贵A5BG85,白色,1,贵AU8697,白色,诚信驾驶培训学校,自培,2012/12/7 0:00,2004/3/29 0:00,飞度牌,嘉隆牌,364547000000000000 ,364596000000000000 ,198903,198503,16,6,2,周末,非高峰,2015-02-08,2015年2月8日,阴 /阴,7℃ / 3℃,东北风 ≤3级 /南风 ≤3级,阴,阴,7,3,东北风,≤3级,南风,≤3级,day
2015-02-11 08:40:00,观山湖金源街交界处,1、追尾的,负全部责任,不负责任,1,贵AU0859,绿,1,贵AU5517,绿,（观山湖区）诚信驾驶培训有限公司,自培,2008/5/15 0:00,2004/9/3 0:00,万达牌,捷达牌,366061000000000000 ,36454751394852725X,198906,195807,8,2,2,工作日,早高峰(7-9点),2015-02-11,2015年2月11日,多云 /多云,11℃ / 3℃,东风 ≤3级 /东北风 ≤3级,多云,多云,11,3,东风,≤3级,东北风,≤3级,day
2015-03-21 21:00:00,万东桥,8、依法应负全责的其他情形,负全部责任,不负责任,1,贵A23M45,银,1,贵CHJ798,蓝,诚信驾驶培训学校,自培,2012/3/23 0:00,2004/11/8 0:00,沃尔沃牌,奇瑞牌,364547000000000000 ,366575000000000000 ,198911,198201,21,5,3,工作日,非高峰,2015-03-21,2015年3月21日,阴 /阴,16℃ / 11℃,东北风 ≤3级 /东南风 ≤3级,阴,阴,16,11,东北风,≤3级,东南风,≤3级,night
2015-02-28 08:30:00,嘉润路,1、追尾的,负全部责任,不负责任,0,贵GC7783,黑色,1,贵AU7218,绿色,诚信驾驶培训学校,自培,2011/4/20 0:00,2004/2/11 0:00,别克牌,钱江牌,364557000000000000 ,364547000000000000 ,198807,197004,8,5,2,工作日,早高峰(7-9点),2015-02-28,2015年2月28日,小雨 /小雨,8℃ / 4℃,东北风 ≤3级 /东北风 ≤3级,小雨,小雨,8,4,东北风,≤3级,东北风,≤3级,day
2015-05-12 13:05:00,文化路,8、依法应负全责的其他情形,负全部责任,不负责任,1,贵A75N75,黄,1,贵AB7532,黑,诚信驾驶培训学校,自培,2014/12/23 0:00,2004/1/31 0:00,宝马,双庆牌,364548000000000000 ,74062500000000000 ,198809,196803,13,1,5,工作日,非高峰,2015-05-12,2015年5月12日,阴 /雷阵雨,24℃ / 13℃,南风 ≤3级 /南风 ≤3级,阴,雷阵雨,24,13,南风,≤3级,南风,≤3级,day
2015-03-16 18:00:00,金西分流,9、不符合前8款规定或者双方同时具有上述情形的,负同等责任,负同等责任,1,贵JBT551,黑,1,贵A6BC18,蓝,顺风驾校,自培,2014/11/18 0:00,2011/1/21 0:00,哈弗牌,斯柯达牌,364547000000000000 ,364547000000000000 ,198606,196701,18,0,3,工作日,晚高峰(17-19点),2015-03-16,2015年3月16日,阴 /多云,20℃ / 15℃,南风 ≤3级 /南风 ≤3级,阴,多云,20,15,南风,≤3级,南风,≤3级,day
2015-04-24 18:01:00,金阳,7、未按规定让行的 ,负全部责任,不负责任,0,贵A26C19,黑,1,贵JAT678,白,全林驾校,自培,2012/8/16 0:00,2002/2/25 0:00,雪佛兰牌,长安牌,364556000000000000 ,366566000000000000 ,197104,197704,18,4,4,工作日,晚高峰(17-19点),2015-04-24,2015年4月24日,阴 /小雨,16℃ / 11℃,东风 ≤3级 /东风 ≤3级,阴,小雨,16,11,东风,≤3级,东风,≤3级,day
2015-05-01 09:00:00,水东路,1、追尾的,负全部责任,不负责任,1,贵A5BB17,红,1,贵A0BH29,白,全林驾校,自培,2012/4/17 0:00,2001/10/12 0:00,吉利牌,-1,364557000000000000 ,366562000000000000 ,199104,197505,9,4,5,工作日,早高峰(7-9点),2015-05-01,2015年5月1日,阵雨 /多云,25℃ / 14℃,东南风 ≤3级 /东北风 ≤3级,阵雨,多云,25,14,东南风,≤3级,东北风,≤3级,day
2015-04-14 18:30:00,大营坡,8、依法应负全责的其他情形,负全部责任,不负责任,1,贵FV1063,蓝,1,贵A73X58,银,全林驾校,自培,2014/4/8 0:00,2005/2/1 0:00,吉利牌,奥迪,366066000000000000 ,364548000000000000 ,197601,197306,18,1,4,工作日,晚高峰(17-19点),2015-04-14,2015年4月14日,晴 /多云,22℃ / 9℃,东风 ≤3级 /东风 ≤3级,晴,多云,22,9,东风,≤3级,东风,≤3级,day
2015-02-04 10:50:00,乌当,7、未按规定让行的 ,负全部责任,不负责任,1,贵GH6511,黑,1,贵ACM089,银,全林驾校,自培,2013/3/14 0:00,2002/11/30 0:00,长安牌,长安牌,364548000000000000 ,364557000000000000 ,197309,197212,10,2,2,工作日,非高峰,2015-02-04,2015年2月4日,小雨 /小雨,4℃ / 0℃,东北风 ≤3级 /东北风 ≤3级,小雨,小雨,4,0,东北风,≤3级,东北风,≤3级,day
2015-04-13 08:00:00,北二环,9、不符合前8款规定或者双方同时具有上述情形的,负同等责任,负同等责任,1,贵GM9905,黑,1,贵AB6999,银,凯信驾校,自培,2015/1/26 0:00,2001/11/2 0:00,北京现代牌,长安牌,366564000000000000 ,364548000000000000 ,198601,198304,8,0,4,工作日,早高峰(7-9点),2015-04-13,2015年4月13日,晴 /多云,23℃ / 8℃,东北风 ≤3级 /东北风 ≤3级,晴,多云,23,8,东北风,≤3级,东北风,≤3级,day
2015-03-07 15:30:00,宅吉路,7、未按规定让行的 ,负全部责任,不负责任,1,贵A4AR49,红,1,贵AUA385,蓝,（云岩区）省交通职业技术驾驶培训学校,自培,2005/2/1 0:00,2006/5/30 0:00,莲花牌,大众牌,76067500000000000 ,366361000000000000 ,197712,198208,15,5,3,工作日,非高峰,2015-03-07,2015年3月7日,阴 /小雨,10℃ / 5℃,东风 ≤3级 /东南风 ≤3级,阴,小雨,10,5,东风,≤3级,东南风,≤3级,day
2015-03-10 20:05:00,解放里,1、追尾的,负全部责任,不负责任,1,贵A3CA75,白色,1,贵A97E47,白色,（云岩区）省交通职业技术驾驶培训学校,自培,2009/9/3 0:00,2004/8/28 0:00,奥迪,红旗牌,354147000000000000 ,364548000000000000 ,198906,198408,20,1,3,工作日,非高峰,2015-03-10,2015年3月10日,小雨 /小雨,8℃ / 4℃,东北风 ≤3级 /东北风 ≤3级,小雨,小雨,8,4,东北风,≤3级,东北风,≤3级,night
2015-03-27 17:00:00,瑞金路,7、未按规定让行的 ,负全部责任,不负责任,1,贵A37F35,银,1,贵GP9958,银,省交校,自培,2014/2/11 0:00,2008/1/17 0:00,北京现代牌,福特牌,364647000000000000 ,366577000000000000 ,197810,198706,17,4,3,工作日,晚高峰(17-19点),2015-03-27,2015年3月27日,阵雨 /阵雨,18℃ / 13℃,南风 ≤3级 /南风 ≤3级,阵雨,阵雨,18,13,南风,≤3级,南风,≤3级,day
2015-05-08 19:00:00,小河区,1、追尾的,负全部责任,不负责任,1,贵CPX445,白色,1,贵ACM614,白色,省交校,自培,2012/5/23 0:00,2004/3/31 0:00,-1,长安牌,366569000000000000 ,366361000000000000 ,199103,197311,19,4,5,工作日,晚高峰(17-19点),2015-05-08,2015年5月8日,阵雨 /多云,25℃ / 15℃,东南风 ≤3级 /东北风 ≤3级,阵雨,多云,25,15,东南风,≤3级,东北风,≤3级,day
2015-05-15 15:30:00,延安西路,9、不符合前8款规定或者双方同时具有上述情形的,负全部责任,不负责任,1,皖HDD926,白,1,贵AU0255,蓝,贵龙驾校（修文县）,自培,2015/3/12 0:00,2001/12/30 0:00,-1,奇瑞牌,70495551294159353X,366368000000000000 ,196809,196912,15,4,5,工作日,非高峰,2015-05-15,2015年5月15日,阵雨 /阵雨,25℃ / 16℃,东北风 ≤3级 /东北风 ≤3级,阵雨,阵雨,25,16,东北风,≤3级,东北风,≤3级,day
2015-03-03 15:10:00,贵惠大道,1、追尾的,负全部责任,不负责任,1,贵APX414,黑色,1,贵ADY381,灰色,（南明区）市交通职业技术驾驶培训学校,自培,2005/6/8 0:00,2011/11/24 0:00,比亚迪牌,吉利美日牌,364567000000000000 ,364596000000000000 ,198612,199211,15,1,3,工作日,非高峰,2015-03-03,2015年3月3日,小雨 /小雨,8℃ / 3℃,东北风 ≤3级 /东北风 ≤3级,小雨,小雨,8,3,东北风,≤3级,东北风,≤3级,day
2015-04-13 16:50:00,文昌北路,5、开关车门的,负全部责任,不负责任,1,贵BY9583,白,1,贵AZC558,黑,（南明区）市交通职业技术驾驶培训学校,自培,2005/9/22 0:00,2004/7/21 0:00,雪佛兰,东风雪铁龙牌,364548000000000000 ,366875000000000000 ,196309,198604,16,0,4,工作日,非高峰,2015-04-13,2015年4月13日,晴 /多云,23℃ / 8℃,东北风 ≤3级 /东北风 ≤3级,晴,多云,23,8,东北风,≤3级,东北风,≤3级,day
2015-03-28 14:30:00,白云区,7、未按规定让行的 ,负全部责任,不负责任,1,贵AA402M,白,1,贵AJ69525,白,贵大佳德驾驶培训学校,自培,2014/9/16 0:00,2003/7/7 0:00,吉利美日牌,-1,364566000000000000 ,364558000000000000 ,198909,198203,14,5,3,工作日,非高峰,2015-03-28,2015年3月28日,阵雨 /雷阵雨,17℃ / 14℃,南风 ≤3级 /南风 ≤3级,阵雨,雷阵雨,17,14,南风,≤3级,南风,≤3级,day
2015-03-24 09:45:00,三桥,7、未按规定让行的 ,负全部责任,不负责任,1,贵AYY592,黄,0,贵A3G579,银,（白云区）消防驾驶培训学校,自培,2006/1/13 0:00,2012/9/6 0:00,五菱牌,长安牌,366067000000000000 ,366876000000000000 ,197612,198102,9,1,3,工作日,早高峰(7-9点),2015-03-24,2015年3月24日,小雨 /阵雨,13℃ / 7℃,东北风 ≤3级 /东北风 ≤3级,小雨,阵雨,13,7,东北风,≤3级,东北风,≤3级,day
2015-04-05 19:30:00,摆拢村,7、未按规定让行的 ,负全部责任,不负责任,1,贵A1901A,红,0,贵A2749F,红,消防驾校,自培,2010/12/16 0:00,2002/4/30 0:00,锋范牌,东风标致牌,36455751995443645X,364558000000000000 ,198810,197710,19,6,4,周末,晚高峰(17-19点),2015-04-05,2015年4月5日,阴 /阵雨,30℃ / 12℃,南风 ≤3级 /东北风 ≤3级,阴,阵雨,30,12,南风,≤3级,东北风,≤3级,day
2015-05-08 17:10:00,会展城,7、未按规定让行的 ,负全部责任,不负责任,1,贵A5533A,黄,1,贵AT5282,白,消防驾校,自培,2011/5/23 0:00,2001/9/3 0:00,-1,嘉隆牌,36455651144565635X,364547000000000000 ,199001,198005,17,4,5,工作日,晚高峰(17-19点),2015-05-08,2015年5月8日,阵雨 /多云,25℃ / 15℃,东南风 ≤3级 /东北风 ≤3级,阵雨,多云,25,15,东南风,≤3级,东北风,≤3级,day
2015-05-14 18:20:00,西南家具城,7、未按规定让行的 ,负全部责任,不负责任,0,贵A7A384,蓝,1,贵A22C68,白,自培,自培,2013/1/29 0:00,2003/7/3 0:00,-1,高尔夫牌,366368000000000000 ,364558000000000000 ,197106,197612,18,3,5,工作日,晚高峰(17-19点),2015-05-14,2015年5月14日,多云 /雷阵雨,27℃ / 20℃,东南风 ≤3级 /南风 ≤3级,多云,雷阵雨,27,20,东南风,≤3级,南风,≤3级,day
2015-04-14 09:50:00,三桥,7、未按规定让行的 ,负全部责任,不负责任,1,#NAME?,黑,1,贵A75M42,银,消防驾校,自培,2012/9/24 0:00,2001/10/12 0:00,-1,长城牌,344661000000000000 ,364548000000000000 ,198401,196804,9,1,4,工作日,早高峰(7-9点),2015-04-14,2015年4月14日,晴 /多云,22℃ / 9℃,东风 ≤3级 /东风 ≤3级,晴,多云,22,9,东风,≤3级,东风,≤3级,day
2015-04-13 15:40:00,太慈桥,7、未按规定让行的 ,负全部责任,不负责任,0,贵BQ5425,红,1,贵JDN723,红,（乌当区）新天驾驶培训有限公司,自培,2006/7/27 0:00,2013/8/30 0:00,五菱牌,福克斯牌,366361000000000000 ,06416751994068588X,198103,198804,15,0,4,工作日,非高峰,2015-04-13,2015年4月13日,晴 /多云,23℃ / 8℃,东北风 ≤3级 /东北风 ≤3级,晴,多云,23,8,东北风,≤3级,东北风,≤3级,day
2015-04-12 15:28:00,延安西路,8、依法应负全责的其他情形,负全部责任,不负责任,0,贵A13W91,黑,1,贵A88E17,红,（乌当区）新天驾驶培训有限公司,自培,2010/3/1 0:00,2007/7/12 0:00,东风日产牌,丰田牌,364548000000000000 ,366263000000000000 ,198110,197809,15,6,4,周末,非高峰,2015-04-12,2015年4月12日,晴 /多云,21℃ / 7℃,东风 ≤3级 /东风 ≤3级,晴,多云,21,7,东风,≤3级,东风,≤3级,day
2015-04-21 15:00:00,金关,7、未按规定让行的 ,负全部责任,不负责任,1,贵J39986,蓝,1,贵ABF392,银,（乌当区）新天驾驶培训有限公司,自培,2008/1/11 0:00,2000/11/30 0:00,解放牌,五菱牌,366367000000000000 ,355463000000000000 ,197512,197210,15,1,4,工作日,非高峰,2015-04-21,2015年4月21日,阴 /阵雨,17℃ / 10℃,东北风 ≤3级 /东北风 ≤3级,阴,阵雨,17,10,东北风,≤3级,东北风,≤3级,day
2015-04-24 11:30:00,小关,1、追尾的,负全部责任,不负责任,1,贵GL0409,黑,1,贵AK7246,银 ,新天驾校,自培,2010/6/8 0:00,2002/12/1 0:00,丰田牌,别克牌,76360500000000000 ,364548000000000000 ,197210,196510,11,4,4,工作日,非高峰,2015-04-24,2015年4月24日,阴 /小雨,16℃ / 11℃,东风 ≤3级 /东风 ≤3级,阴,小雨,16,11,东风,≤3级,东风,≤3级,day
2015-05-15 12:10:00,长岭南路,3、倒车的,负全部责任,不负责任,1,贵A56K56,红,1,贵A7P807,白,新天驾校,自培,2011/10/21 0:00,2000/7/11 0:00,大众牌,-1,364557000000000000 ,734361000000000000 ,199007,197002,12,4,5,工作日,非高峰,2015-05-15,2015年5月15日,阵雨 /阵雨,25℃ / 16℃,东北风 ≤3级 /东北风 ≤3级,阵雨,阵雨,25,16,东北风,≤3级,东北风,≤3级,day
2015-04-05 21:30:00,延安中路,8、依法应负全责的其他情形,负全部责任,不负责任,1,浙G8D399,黑,1,贵A95Y81,黄,新天驾校,自培,2013/8/30 0:00,2001/10/15 0:00,奥迪牌,飞度牌,77486051134059033X,366566000000000000 ,199504,197812,21,6,4,周末,非高峰,2015-04-05,2015年4月5日,阴 /阵雨,30℃ / 12℃,南风 ≤3级 /东北风 ≤3级,阴,阵雨,30,12,南风,≤3级,东北风,≤3级,night
2015-04-28 12:36:00,盐务街,7、未按规定让行的 ,负全部责任,不负责任,1,贵A0BE24,银,0,贵AU7738,绿,新天驾校,自培,2011/10/18 0:00,2002/6/7 0:00,丰田牌,宗申牌,366367000000000000 ,364557000000000000 ,197302,197609,12,1,4,工作日,非高峰,2015-04-28,2015年4月28日,多云 /多云,25℃ / 15℃,东北风 ≤3级 /东北风 ≤3级,多云,多云,25,15,东北风,≤3级,东北风,≤3级,day
2015-03-10 08:40:00,黔林山路,8、依法应负全责的其他情形,负全部责任,不负责任,0,贵A19E83,银,1,贵A2249C,白,（南明区）长运驾驶培训有限公司,自培,2005/1/24 0:00,2004/12/14 0:00,明锐牌,东风牌,36454751934650696X,364548000000000000 ,198502,196906,8,1,3,工作日,早高峰(7-9点),2015-03-10,2015年3月10日,小雨 /小雨,8℃ / 4℃,东北风 ≤3级 /东北风 ≤3级,小雨,小雨,8,4,东北风,≤3级,东北风,≤3级,day
2015-03-30 06:28:00,大营坡,7、未按规定让行的 ,负全部责任,不负责任,1,贵A25679,红,1,贵AEY686,黄,长运驾校（南明区）,自培,2015/3/9 0:00,2006/6/5 0:00,森林人,别克牌,355447000000000000 ,364556000000000000 ,197610,196411,6,0,3,工作日,非高峰,2015-03-30,2015年3月30日,晴 /多云,24℃ / 17℃,南风 ≤3级 /南风 ≤3级,晴,多云,24,17,南风,≤3级,南风,≤3级,day
2015-04-04 11:20:00,八角岩路,1、追尾的,负全部责任,不负责任,0,贵AA177B,白,1,贵GT5174,蓝,长运驾校,自培,2014/11/17 0:00,2005/1/13 0:00,奇瑞牌,名爵牌,366363000000000000 ,366367000000000000 ,198112,198209,11,5,4,工作日,非高峰,2015-04-04,2015年4月4日,多云 /多云,29℃ / 18℃,南风 ≤3级 /南风 ≤3级,多云,多云,29,18,南风,≤3级,南风,≤3级,day
2015-04-13 15:10:00,盐沙大道,1、追尾的,负全部责任,不负责任,1,贵A9959K,银,1,贵A0847X,银,长运驾校,自培,2014/9/23 0:00,2004/12/3 0:00,起亚牌,福克斯牌,364558000000000000 ,364558000000000000 ,198112,198101,15,0,4,工作日,非高峰,2015-04-13,2015年4月13日,晴 /多云,23℃ / 8℃,东北风 ≤3级 /东北风 ≤3级,晴,多云,23,8,东北风,≤3级,东北风,≤3级,day