accidenttime,accidentaddr,driver1fault,driver1responsibility,driver2responsibility,sex1,platenumber1,carcolor1,sex2,platenumber2,carcolor2,jxmc1,jxmc2,cclzrq1,cclzrq2,clpp1,clpp2,driver1license,driver2license,brith1,brith2,hour,weekday,month,is_weekday,peak_hour,date,日期,天气状况,气温,风力风向,day_wea,night_wea,day_tep,night_tep,day_wind_direction,day_wind_speed,night_wind_direction,night_wind_speed,segment
2015-05-16 09:50:00,北京西路,7、未按规定让行的 ,负全部责任,不负责任,1,川AT92R9,白,1,贵AN5367,白,路路达驾校,自培,2013/7/31 0:00,2002/7/22 0:00,-1,春风牌,354867000000000000 ,356168000000000000 ,196802,197408,9,5,5,工作日,早高峰(7-9点),2015-05-16,2015年5月16日,阴 /雷阵雨,23℃ / 17℃,东北风 ≤3级 /东风 ≤3级,阴,雷阵雨,23,17,东北风,≤3级,东风,≤3级,day
2015-04-03 18:17:00,金朱东路,1、追尾的,负全部责任,不负责任,1,贵ACR188,白,1,贵JW9811,白,路路达驾校,自培,2014/8/21 0:00,2004/4/7 0:00,吉奥牌,翼虎牌,364557000000000000 ,366367000000000000 ,199403,197511,18,4,4,工作日,晚高峰(17-19点),2015-04-03,2015年4月3日,多云 /多云,30℃ / 19℃,南风 ≤3级 /南风 ≤3级,多云,多云,30,19,南风,≤3级,南风,≤3级,day
2015-02-28 10:30:00,贵铝二电解厂,1、追尾的,负全部责任,不负责任,1,贵A6664K,银,0,贵A8900S,蓝,路路达驾校,自培,2014/7/19 0:00,2004/8/4 0:00,奇瑞牌,吉利牌,364558000000000000 ,364558000000000000 ,199210,196502,10,5,2,工作日,非高峰,2015-02-28,2015年2月28日,小雨 /小雨,8℃ / 4℃,东北风 ≤3级 /东北风 ≤3级,小雨,小雨,8,4,东北风,≤3级,东北风,≤3级,day
2015-03-25 20:30:00,万江小区,1、追尾的,负全部责任,不负责任,1,贵AB834E,黑,1,贵A7096U,白,路路达驾校,自培,2014/8/6 0:00,2005/12/1 0:00,大众汽车牌,五菱,36459551144864795X,364557000000000000 ,199007,198706,20,2,3,工作日,非高峰,2015-03-25,2015年3月25日,阴 /阵雨,14℃ / 9℃,东北风 ≤3级 /东北风 ≤3级,阴,阵雨,14,9,东北风,≤3级,东北风,≤3级,night
2015-04-22 18:35:00,沙冲路,1、追尾的,负全部责任,不负责任,1,贵A26M21,白色,1,贵AG819,白色,（南明区）金大驾驶培训有限公司,自培,2006/6/8 0:00,2003/11/24 0:00,福特牌,-1,364551000000000000 ,366868000000000000 ,198405,195905,18,2,4,工作日,晚高峰(17-19点),2015-04-22,2015年4月22日,小雨 /小雨,15℃ / 10℃,东北风 ≤3级 /东北风 ≤3级,小雨,小雨,15,10,东北风,≤3级,东北风,≤3级,day
2015-05-20 02:30:00,新添大道,1、追尾的,负全部责任,不负责任,1,贵AV7912,绿,1,贵A28L14,黑,自培,自培,2006/10/18 0:00,2002/7/31 0:00,波罗牌,途锐,366367000000000000 ,776268000000000000 ,197808,196311,2,2,5,工作日,非高峰,2015-05-20,2015年5月20日,阴 /阵雨,23℃ / 17℃,东北风 ≤3级 /东北风 ≤3级,阴,阵雨,23,17,东北风,≤3级,东北风,≤3级,night
2015-05-08 04:00:00,三江口,1、追尾的,负全部责任,不负责任,1,贵AV1898,白色,1,贵FS4399,白色,（南明区）金大驾驶培训有限公司,自培,2005/8/3 0:00,2004/4/7 0:00,远豪牌,-1,366068000000000000 ,366068000000000000 ,195510,196704,4,4,5,工作日,非高峰,2015-05-08,2015年5月8日,阵雨 /多云,25℃ / 15℃,东南风 ≤3级 /东北风 ≤3级,阵雨,多云,25,15,东南风,≤3级,东北风,≤3级,night
2015-02-11 09:00:00,解放路,9、不符合前8款规定或者双方同时具有上述情形的,负同等责任,负同等责任,1,贵A19G28,白色,1,贵A76P38,白色,金大驾校,自培,2012/8/1 0:00,2004/8/18 0:00,福克斯牌,马自达牌,366566000000000000 ,73439751964168485X,197708,198209,9,2,2,工作日,早高峰(7-9点),2015-02-11,2015年2月11日,多云 /多云,11℃ / 3℃,东风 ≤3级 /东北风 ≤3级,多云,多云,11,3,东风,≤3级,东北风,≤3级,day
2015-03-11 07:30:00,二桥,3、倒车的,负全部责任,不负责任,1,贵A6CC77,蓝,1,贵A19X79,银,（南明区）阳光驾驶培训有限公司,自培,2007/11/29 0:00,2005/4/26 0:00,朗风牌,宝马牌,366361000000000000 ,664541000000000000 ,197912,197912,7,2,3,工作日,早高峰(7-9点),2015-03-11,2015年3月11日,阴 /小雨,8℃ / 4℃,东北风 ≤3级 /东北风 ≤3级,阴,小雨,8,4,东北风,≤3级,东北风,≤3级,day
2015-05-07 17:30:00,北京东路,9、不符合前8款规定或者双方同时具有上述情形的,负同等责任,不负责任,1,贵A5AF91,红,1,贵A8BK33,白,自培,自培,2011/10/19 0:00,2002/3/26 0:00,长安牌,吉利牌,364557000000000000 ,364547000000000000 ,196509,197409,17,3,5,工作日,晚高峰(17-19点),2015-05-07,2015年5月7日,阵雨 /雷阵雨,23℃ / 17℃,东南风 ≤3级 /东南风 ≤3级,阵雨,雷阵雨,23,17,东南风,≤3级,东南风,≤3级,day
2015-04-29 09:57:00,会展城,1、追尾的,负全部责任,不负责任,1,贵AHY875,银,1,贵ADY754,银,自培,自培,2005/5/10 0:00,2005/12/5 0:00,威志牌,吉利美日牌,366061000000000000 ,364557000000000000 ,197210,197608,9,2,4,工作日,早高峰(7-9点),2015-04-29,2015年4月29日,阵雨 /阵雨,26℃ / 16℃,东北风 ≤3级 /东南风 ≤3级,阵雨,阵雨,26,16,东北风,≤3级,东南风,≤3级,day
2015-02-04 11:20:00,嘉润路,1、追尾的,负全部责任,不负责任,1,贵AN9993,白色,1,贵ALL068,灰色,（南明区）阳光驾驶培训有限公司,自培,2005/1/11 0:00,2004/8/4 0:00,隆鑫牌,别克牌,364548000000000000 ,364548000000000000 ,197408,198307,11,2,2,工作日,非高峰,2015-02-04,2015年2月4日,小雨 /小雨,4℃ / 0℃,东北风 ≤3级 /东北风 ≤3级,小雨,小雨,4,0,东北风,≤3级,东北风,≤3级,day
2015-03-22 11:40:00,青云路,6、违反交通信号的,负全部责任,不负责任,1,贵AU4237,白色,1,贵ANS889,白色,阳光驾校,自培,2010/9/13 0:00,2005/9/15 0:00,豪爵牌,北京现代牌,366064000000000000 ,364547000000000000 ,197803,197509,11,6,3,周末,非高峰,2015-03-22,2015年3月22日,阵雨 /阵雨,19℃ / 10℃,东南风 ≤3级 /东风 ≤3级,阵雨,阵雨,19,10,东南风,≤3级,东风,≤3级,day
2015-04-05 00:00:00,新添大道北段,9、不符合前8款规定或者双方同时具有上述情形的,负同等责任,负同等责任,1,贵GL9531,白色,1,贵AHQ575,白色,蓝天驾校,自培,2012/12/4 0:00,2004/9/19 0:00,大众牌,海马牌,366362000000000000 ,366346000000000000 ,198209,198206,0,6,4,周末,非高峰,2015-04-05,2015年4月5日,阴 /阵雨,30℃ / 12℃,南风 ≤3级 /东北风 ≤3级,阴,阵雨,30,12,南风,≤3级,东北风,≤3级,night
2015-03-21 10:01:00,小河平桥,7、未按规定让行的 ,负全部责任,不负责任,1,贵A2961学,白色,1,贵A91972,白色,蓝天驾校,自培,2010/7/29 0:00,2003/4/1 0:00,-1,康恩迪牌,366570000000000000 ,366361000000000000 ,197212,198111,10,5,3,工作日,非高峰,2015-03-21,2015年3月21日,阴 /阴,16℃ / 11℃,东北风 ≤3级 /东南风 ≤3级,阴,阴,16,11,东北风,≤3级,东南风,≤3级,day
2015-03-17 19:10:00,中曹司,7、未按规定让行的 ,负全部责任,不负责任,1,贵AD99D4,白色,1,贵A1247N,白色,（观山湖区）蓝天驾驶培训有限公司,自培,2009/3/9 0:00,2007/1/12 0:00,-1,北京现代牌,706966000000000000 ,366368000000000000 ,197008,197212,19,1,3,工作日,晚高峰(17-19点),2015-03-17,2015年3月17日,多云 /多云,25℃ / 14℃,南风 ≤3级 /南风 ≤3级,多云,多云,25,14,南风,≤3级,南风,≤3级,day
2015-04-15 19:20:00,三桥,1、追尾的,负全部责任,不负责任,1,贵AWA529,白,1,贵AU7585,绿,蓝天驾校,自培,2011/7/27 0:00,2005/1/26 0:00,长城,捷达牌,366364000000000000 ,366566000000000000 ,197109,197708,19,2,4,工作日,晚高峰(17-19点),2015-04-15,2015年4月15日,多云 /多云,24℃ / 16℃,东南风 ≤3级 /南风 ≤3级,多云,多云,24,16,东南风,≤3级,南风,≤3级,day
2015-04-11 10:00:00,白云区,8、依法应负全责的其他情形,负全部责任,不负责任,1,贵A36J32,白,1,贵GR3415,白,吉源驾校,自培,2013/3/6 0:00,2009/7/14 0:00,吉利牌,豪爵牌,364548000000000000 ,726647000000000000 ,196008,198709,10,5,4,工作日,非高峰,2015-04-11,2015年4月11日,多云 /多云,15℃ / 9℃,东北风 ≤3级 /东风 ≤3级,多云,多云,15,9,东北风,≤3级,东风,≤3级,day
2015-03-06 07:40:00,东山路,8、依法应负全责的其他情形,负全部责任,不负责任,1,贵GP0013,白,1,贵AX9186,银,（云岩区）时发驾驶培训有限公司,自培,2009/2/18 0:00,2007/10/15 0:00,宝马牌,北京现代牌,366069000000000000 ,364547000000000000 ,196403,197103,7,4,3,工作日,早高峰(7-9点),2015-03-06,2015年3月6日,小雨 /小雨,5℃ / 3℃,东北风 ≤3级 /东北风 ≤3级,小雨,小雨,5,3,东北风,≤3级,东北风,≤3级,day
2015-05-11 08:00:00,甲秀南路,7、未按规定让行的 ,负全部责任,不负责任,1,贵A59A83,白色,1,贵A2150F,白色,（乌当区）新华驾驶培训有限公司,自培,2005/1/27 0:00,2006/3/24 0:00,福特牌,比亚迪牌,366347000000000000 ,364556000000000000 ,198302,196711,8,0,5,工作日,早高峰(7-9点),2015-05-11,2015年5月11日,多云 /多云,24℃ / 13℃,东北风 ≤3级 /东北风 ≤3级,多云,多云,24,13,东北风,≤3级,东北风,≤3级,day
2015-03-13 12:00:00,贵开路,7、未按规定让行的 ,负全部责任,不负责任,1,贵GBF775,白,1,贵AU4385,黄,（乌当区）新华驾驶培训有限公司,自培,2008/10/23 0:00,2002/9/25 0:00,庆铃牌,捷达牌,35616951874965497X,364557000000000000 ,197308,198005,12,4,3,工作日,非高峰,2015-03-13,2015年3月13日,多云 /阵雨,17℃ / 12℃,南风 ≤3级 /南风 ≤3级,多云,阵雨,17,12,南风,≤3级,南风,≤3级,day
2015-03-22 20:51:00,贵州实验中学宿舍区,7、未按规定让行的 ,负全部责任,不负责任,1,贵A5BK17,白色,1,贵ACU394,白色,新华驾校,自培,2011/5/11 0:00,2003/8/15 0:00,凌派牌,比亚迪牌,364547000000000000 ,366364000000000000 ,197102,196603,20,6,3,周末,非高峰,2015-03-22,2015年3月22日,阵雨 /阵雨,19℃ / 10℃,东南风 ≤3级 /东风 ≤3级,阵雨,阵雨,19,10,东南风,≤3级,东风,≤3级,night
2015-03-16 12:10:00,青云路,1、追尾的,负全部责任,不负责任,1,贵HR6178,白色,1,贵AU0499,白色,新华驾校,自培,2012/4/27 0:00,2003/12/29 0:00,长安牌,宝来牌,364556000000000000 ,364548000000000000 ,197612,197503,12,0,3,工作日,非高峰,2015-03-16,2015年3月16日,阴 /多云,20℃ / 15℃,南风 ≤3级 /南风 ≤3级,阴,多云,20,15,南风,≤3级,南风,≤3级,day
2015-03-12 01:10:00,飞机坝菜场,7、未按规定让行的 ,负全部责任,不负责任,1,贵ANS491,白色,1,贵AU3615,黑色,（乌当区）新华驾驶培训有限公司,自培,2005/12/30 0:00,2003/7/12 0:00,比亚迪牌,钱江牌,364548000000000000 ,36454651804958847X,197205,197408,1,3,3,工作日,非高峰,2015-03-12,2015年3月12日,多云 /多云,16℃ / 10℃,南风 ≤3级 /南风 ≤3级,多云,多云,16,10,南风,≤3级,南风,≤3级,night
2015-05-17 12:40:00,遵义路,1、追尾的,负全部责任,不负责任,1,贵A4EB69,白,1,贵ACZ065,白,新华驾校,自培,2012/7/6 0:00,2003/11/12 0:00,沃尔沃牌,雪佛兰牌,366068000000000000 ,366568000000000000 ,198609,197302,12,6,5,周末,非高峰,2015-05-17,2015年5月17日,阵雨 /雷阵雨,25℃ / 17℃,东北风 ≤3级 /南风 ≤3级,阵雨,雷阵雨,25,17,东北风,≤3级,南风,≤3级,day
2015-03-27 16:00:00,小河万科,7、未按规定让行的 ,负全部责任,不负责任,1,贵CAG453,白色,1,贵A78545,白色,新华驾校,自培,2013/10/28 0:00,2006/4/18 0:00,雪佛兰牌,解放,07549551934960744X,366068000000000000 ,198508,198305,16,4,3,工作日,非高峰,2015-03-27,2015年3月27日,阵雨 /阵雨,18℃ / 13℃,南风 ≤3级 /南风 ≤3级,阵雨,阵雨,18,13,南风,≤3级,南风,≤3级,day
2015-04-02 14:30:00,花溪大道,8、依法应负全责的其他情形,负全部责任,不负责任,1,贵A38C51,白色,1,贵AU2988,白色,自培,自培,2013/2/3 0:00,2011/3/29 0:00,宝来牌,瑞麒牌,36454651994258645X,07466751914149615X,198806,198909,14,3,4,工作日,非高峰,2015-04-02,2015年4月2日,多云 /多云,30℃ / 18℃,南风 ≤3级 /南风 ≤3级,多云,多云,30,18,南风,≤3级,南风,≤3级,day
2015-05-24 00:00:00,南明区,7、未按规定让行的 ,负全部责任,不负责任,1,贵A4BG89,白色,1,贵A8Q516,白色,黔南州兴鑫汽车驾驶培训学校,自培,2010/11/11 0:00,2000/12/28 0:00,大众汽车牌,-1,366064000000000000 ,364547000000000000 ,198609,197112,0,6,5,周末,非高峰,2015-05-24,2015年5月24日,多云 /阴,24℃ / 18℃,东风 ≤3级 /东南风 ≤3级,多云,阴,24,18,东风,≤3级,东南风,≤3级,night
2015-04-22 13:22:00,次南门,1、追尾的,负全部责任,不负责任,1,贵AUA035,白,1,贵ACM658,银,毕节地区宏强汽车(摩托车)驾驶培训学校,自培,2011/9/29 0:00,2004/1/15 0:00,丰田牌,起亚牌,366064000000000000 ,366770000000000000 ,198705,197312,13,2,4,工作日,非高峰,2015-04-22,2015年4月22日,小雨 /小雨,15℃ / 10℃,东北风 ≤3级 /东北风 ≤3级,小雨,小雨,15,10,东北风,≤3级,东北风,≤3级,day
2015-05-16 08:40:00,邮电大楼,7、未按规定让行的 ,负全部责任,不负责任,1,贵AU9706,黄,1,贵A7C245,黑,遵义县机动车驾驶培训学校,自培,2010/5/6 0:00,2000/9/28 0:00,湘江牌,-1,366566000000000000 ,354669000000000000 ,197402,197110,8,5,5,工作日,早高峰(7-9点),2015-05-16,2015年5月16日,阴 /雷阵雨,23℃ / 17℃,东北风 ≤3级 /东风 ≤3级,阴,雷阵雨,23,17,东北风,≤3级,东风,≤3级,day
2015-02-12 09:10:00,太慈桥,1、追尾的,负全部责任,不负责任,1,贵CKG904,黑色,1,贵ANJ997,白色,遵义市航天汽车驾驶员培训有限公司,自培,2014/6/19 0:00,2002/1/22 0:00,众泰牌,东风雪铁龙牌,366567000000000000 ,364547000000000000 ,196510,198312,9,3,2,工作日,早高峰(7-9点),2015-02-12,2015年2月12日,多云 /多云,15℃ / 5℃,南风 ≤3级 /南风 ≤3级,多云,多云,15,5,南风,≤3级,南风,≤3级,day
2015-04-04 14:40:00,乌当,1、追尾的,负全部责任,不负责任,1,贵A94387,白,1,贵AR8595,银,黔东南州中信达驾驶培训学校,自培,2010/4/26 0:00,2002/7/24 0:00,南方雅马哈,雪佛兰牌,366267000000000000 ,364548000000000000 ,197301,194902,14,5,4,工作日,非高峰,2015-04-04,2015年4月4日,多云 /多云,29℃ / 18℃,南风 ≤3级 /南风 ≤3级,多云,多云,29,18,南风,≤3级,南风,≤3级,day
2015-03-13 09:30:00,涴沙路,3、倒车的,负全部责任,不负责任,1,贵ASN226,银,1,贵A56P71,银,遵义市泥桥诚兴汽车驾驶培训学校,自培,2010/12/9 0:00,2007/12/17 0:00,北京现代牌,梅赛德斯-奔驰,36636251834368505X,366670000000000000 ,197505,198510,9,4,3,工作日,早高峰(7-9点),2015-03-13,2015年3月13日,多云 /阵雨,17℃ / 12℃,南风 ≤3级 /南风 ≤3级,多云,阵雨,17,12,南风,≤3级,南风,≤3级,day
2015-04-07 07:50:00,北京西路,9、不符合前8款规定或者双方同时具有上述情形的,负同等责任,负同等责任,1,贵CGT261,黑,1,贵AS1279,蓝,（南明区）铁二局驾驶培训有限公司,自培,2005/3/24 0:00,2007/8/28 0:00,众泰牌,亚洲英雄牌,36455051925661447X,764549000000000000 ,198612,197908,7,1,4,工作日,早高峰(7-9点),2015-04-07,2015年4月7日,小雨 /小雨,9℃ / 5℃,东北风 ≤3级 /东北风 ≤3级,小雨,小雨,9,5,东北风,≤3级,东北风,≤3级,day
2015-04-05 02:00:00,花溪,1、追尾的,负全部责任,不负责任,1,贵A4676M,白色,1,贵ADP379,白色,（南明区）铁二局驾驶培训有限公司,自培,2008/12/16 0:00,2007/7/25 0:00,北京现代牌,长城牌,364556000000000000 ,364556000000000000 ,197705,197408,2,6,4,周末,非高峰,2015-04-05,2015年4月5日,阴 /阵雨,30℃ / 12℃,南风 ≤3级 /东北风 ≤3级,阴,阵雨,30,12,南风,≤3级,东北风,≤3级,night
2015-03-24 15:30:00,三桥,1、追尾的,负全部责任,不负责任,1,湘A7DH27,蓝,1,贵A19R73,黑,铁二局驾校,自培,2014/1/8 0:00,2001/10/22 0:00,大众牌,长城牌,366067000000000000 ,364548000000000000 ,198211,196408,15,1,3,工作日,非高峰,2015-03-24,2015年3月24日,小雨 /阵雨,13℃ / 7℃,东北风 ≤3级 /东北风 ≤3级,小雨,阵雨,13,7,东北风,≤3级,东北风,≤3级,day
2015-02-09 02:00:00,金阳客车站,7、未按规定让行的 ,负全部责任,不负责任,1,川A7LX13,黑,1,贵A35G51,红,（南明区）铁二局驾驶培训有限公司,自培,2009/1/23 0:00,2005/1/25 0:00,起亚牌,长安牌,54096500000000000 ,364547000000000000 ,198210,197603,2,0,2,工作日,非高峰,2015-02-09,2015年2月9日,阴 /小雨,6℃ / 4℃,东北风 ≤3级 /东北风 ≤3级,阴,小雨,6,4,东北风,≤3级,东北风,≤3级,night
2015-04-14 17:00:00,金阳客站,7、未按规定让行的 ,负全部责任,不负责任,1,贵AV2838,蓝,1,贵AU7932,绿,自培,自培,2008/1/23 0:00,2007/5/17 0:00,神鹰牌,劲隆牌,364547000000000000 ,364548000000000000 ,197201,197906,17,1,4,工作日,晚高峰(17-19点),2015-04-14,2015年4月14日,晴 /多云,22℃ / 9℃,东风 ≤3级 /东风 ≤3级,晴,多云,22,9,东风,≤3级,东风,≤3级,day
2015-04-01 15:00:00,百花山,1、追尾的,负全部责任,不负责任,1,贵A46M19,银,1,贵APX037,银,自培,自培,2008/6/20 0:00,2010/10/28 0:00,别克牌,哈飞牌,354767000000000000 ,364566000000000000 ,198003,199006,15,2,4,工作日,非高峰,2015-04-01,2015年4月1日,多云 /多云,29℃ / 19℃,南风 ≤3级 /南风 ≤3级,多云,多云,29,19,南风,≤3级,南风,≤3级,day
2015-03-20 13:10:00,兴观路,8、依法应负全责的其他情形,负全部责任,不负责任,1,贵AU3142,白色,1,贵A24812,白色,（南明区）铁二局驾驶培训有限公司,自培,2007/9/3 0:00,2005/8/4 0:00,瑞麒牌,宝马牌,364596000000000000 ,364548000000000000 ,198509,198702,13,4,3,工作日,非高峰,2015-03-20,2015年3月20日,阴 /阵雨,14℃ / 10℃,东北风 ≤3级 /东北风 ≤3级,阴,阵雨,14,10,东北风,≤3级,东北风,≤3级,day
2015-04-02 15:30:00,轮胎厂,7、未按规定让行的 ,负全部责任,不负责任,1,贵A7469Z,白,1,贵A83824,白,路路达驾校,自培,2012/8/28 0:00,2003/4/12 0:00,长安牌,解放牌,366067000000000000 ,366347000000000000 ,198910,197406,15,3,4,工作日,非高峰,2015-04-02,2015年4月2日,多云 /多云,30℃ / 18℃,南风 ≤3级 /南风 ≤3级,多云,多云,30,18,南风,≤3级,南风,≤3级,day
2015-04-21 19:00:00,三桥,7、未按规定让行的 ,负全部责任,不负责任,1,贵ACG885,白,1,贵A9R532,黑,（南明区）金大驾驶培训有限公司,自培,2008/8/29 0:00,2003/10/14 0:00,大众汽车牌,雅阁牌,356166000000000000 ,366364000000000000 ,197203,197009,19,1,4,工作日,晚高峰(17-19点),2015-04-21,2015年4月21日,阴 /阵雨,17℃ / 10℃,东北风 ≤3级 /东北风 ≤3级,阴,阵雨,17,10,东北风,≤3级,东北风,≤3级,day
2015-05-11 10:25:00,林城东路,1、追尾的,负全部责任,不负责任,1,贵A0918T,红,1,贵ANB895,蓝,消防驾校,自培,2012/2/17 0:00,2003/8/9 0:00,大众汽车牌,吉利牌,366567000000000000 ,366361000000000000 ,196801,197602,10,0,5,工作日,非高峰,2015-05-11,2015年5月11日,多云 /多云,24℃ / 13℃,东北风 ≤3级 /东北风 ≤3级,多云,多云,24,13,东北风,≤3级,东北风,≤3级,day
2015-02-11 16:40:00,八角岩路,8、依法应负全责的其他情形,负全部责任,不负责任,1,贵A2774W,黑,1,贵ALS118,黑,铁二局驾校,自培,2014/11/24 0:00,2005/9/6 0:00,波罗(P0L0)牌,北京牌,364547000000000000 ,364557000000000000 ,196307,196008,16,2,2,工作日,非高峰,2015-02-11,2015年2月11日,多云 /多云,11℃ / 3℃,东风 ≤3级 /东北风 ≤3级,多云,多云,11,3,东风,≤3级,东北风,≤3级,day
2015-04-28 13:16:00,交际处,8、依法应负全责的其他情形,负同等责任,负同等责任,1,贵A6700警,白,1,贵AU0418,绿,纳雍县顺达汽车驾驶培训有限公司,自培,2012/8/22 0:00,2003/6/27 0:00,-1,万达牌,366063000000000000 ,364547000000000000 ,199405,198204,13,1,4,工作日,非高峰,2015-04-28,2015年4月28日,多云 /多云,25℃ / 15℃,东北风 ≤3级 /东北风 ≤3级,多云,多云,25,15,东北风,≤3级,东北风,≤3级,day
2015-03-10 13:20:00,金朱东路,1、追尾的,负全部责任,不负责任,0,贵A63W54,银,1,贵A7743R,银,织金县织通驾驶培训学校,自培,2013/1/8 0:00,2002/11/9 0:00,大众汽车牌,吉利全球鹰牌,366067000000000000 ,366068000000000000 ,196510,197311,13,1,3,工作日,非高峰,2015-03-10,2015年3月10日,小雨 /小雨,8℃ / 4℃,东北风 ≤3级 /东北风 ≤3级,小雨,小雨,8,4,东北风,≤3级,东北风,≤3级,day
2015-04-19 15:30:00,云岩区,3、倒车的,负全部责任,不负责任,1,贵A206F8,白,1,贵AGL092,白,智杰驾校,自培,2014/3/18 0:00,2005/8/22 0:00,解放牌,凯马牌,366347000000000000 ,366663000000000000 ,197505,197507,15,6,4,周末,非高峰,2015-04-19,2015年4月19日,阵雨 /阵雨,22℃ / 13℃,东北风 ≤3级 /东北风 ≤3级,阵雨,阵雨,22,13,东北风,≤3级,东北风,≤3级,day
2015-04-28 15:25:00,花二道,1、追尾的,负全部责任,不负责任,1,闽AUP496,白色,1,贵AW1241,白色,六盘水达安驾驶培训有限公司,自培,2010/7/7 0:00,2001/9/29 0:00,五菱牌,梅赛德斯-奔驰牌,355468000000000000 ,364548000000000000 ,198402,196211,15,1,4,工作日,非高峰,2015-04-28,2015年4月28日,多云 /多云,25℃ / 15℃,东北风 ≤3级 /东北风 ≤3级,多云,多云,25,15,东北风,≤3级,东北风,≤3级,day
2015-04-19 13:00:00,三桥,3、倒车的,负全部责任,不负责任,1,贵A8227Y,蓝,1,贵AJD187,黄,十一驾驶培训有限公司,自培,2012/6/15 0:00,2002/12/27 0:00,福特牌,奇瑞,364566000000000000 ,364548000000000000 ,199203,197208,13,6,4,周末,非高峰,2015-04-19,2015年4月19日,阵雨 /阵雨,22℃ / 13℃,东北风 ≤3级 /东北风 ≤3级,阵雨,阵雨,22,13,东北风,≤3级,东北风,≤3级,day
2015-03-22 12:15:00,贵遵路,7、未按规定让行的 ,负全部责任,不负责任,1,贵A11G37,银,1,贵A8296Y,蓝,贵州省长安驾驶培训学校,自培,2014/4/17 0:00,2014/3/6 0:00,东风雪铁龙牌,北京现代牌,364557000000000000 ,366367000000000000 ,198809,196811,12,6,3,周末,非高峰,2015-03-22,2015年3月22日,阵雨 /阵雨,19℃ / 10℃,东南风 ≤3级 /东风 ≤3级,阵雨,阵雨,19,10,东南风,≤3级,东风,≤3级,day
2015-02-12 10:30:00,南明区沙冲路,1、追尾的,负全部责任,不负责任,1,贵AHM896,白色,1,贵AV5999,黑色,十一培,自培,1996/4/26 0:00,2013/11/20 0:00,别克,奔驰CL350,366868000000000000 ,364568000000000000 ,196405,199306,10,3,2,工作日,非高峰,2015-02-12,2015年2月12日,多云 /多云,15℃ / 5℃,南风 ≤3级 /南风 ≤3级,多云,多云,15,5,南风,≤3级,南风,≤3级,day
2015-04-16 07:00:00,省建四公司路口,1、追尾的,负全部责任,不负责任,1,贵AU1667,白色,1,贵A60F97,白色,（南明区）吉源驾驶培训有限公司,自培,2008/9/9 0:00,2010/4/21 0:00,易主牌,-1,366347000000000000 ,36454751944140606X,197811,198009,7,3,4,工作日,早高峰(7-9点),2015-04-16,2015年4月16日,多云 /多云,29℃ / 17℃,南风 ≤3级 /南风 ≤3级,多云,多云,29,17,南风,≤3级,南风,≤3级,day
2015-05-11 18:49:00,未来方舟,1、追尾的,负全部责任,不负责任,1,贵ALN698,蓝,1,贵A76M11,白,文通驾校,自培,2010/10/19 0:00,2002/8/23 0:00,思域牌,大众汽车牌,36626251814650695X,364548000000000000 ,197902,198106,18,0,5,工作日,晚高峰(17-19点),2015-05-11,2015年5月11日,多云 /多云,24℃ / 13℃,东北风 ≤3级 /东北风 ≤3级,多云,多云,24,13,东北风,≤3级,东北风,≤3级,day
2015-02-07 15:30:00,观山湖,1、追尾的,负全部责任,不负责任,1,贵AKB791,黄,1,贵AV5635,银,（南明区）市交通职业技术驾驶培训学校,自培,2009/9/1 0:00,2005/4/20 0:00,东风日产牌,吉利牌,356168000000000000 ,366276000000000000 ,196603,195901,15,5,2,工作日,非高峰,2015-02-07,2015年2月7日,阴 /阴,8℃ / 3℃,东北风 ≤3级 /东北风 ≤3级,阴,阴,8,3,东北风,≤3级,东北风,≤3级,day
2015-05-20 00:00:00,火车站,7、未按规定让行的 ,负全部责任,不负责任,1,贵AU5529,绿,1,贵A45635,红,（白云区）消防驾驶培训学校,自培,2009/12/21 0:00,2002/10/19 0:00,捷达牌,凯马牌,366068000000000000 ,356166000000000000 ,197004,197705,0,2,5,工作日,非高峰,2015-05-20,2015年5月20日,阴 /阵雨,23℃ / 17℃,东北风 ≤3级 /东北风 ≤3级,阴,阵雨,23,17,东北风,≤3级,东北风,≤3级,night
2015-02-07 18:00:00,西二环杨家山隧道,7、未按规定让行的 ,负全部责任,不负责任,1,贵ABG297,黑色,1,贵ASL989,黑色,新天驾校,自培,2012/12/25 0:00,2005/6/27 0:00,长安,科雷傲,774296000000000000 ,734345000000000000 ,198511,196702,18,5,2,工作日,晚高峰(17-19点),2015-02-07,2015年2月7日,阴 /阴,8℃ / 3℃,东北风 ≤3级 /东北风 ≤3级,阴,阴,8,3,东北风,≤3级,东北风,≤3级,day
2015-04-26 07:30:00,长林南路,7、未按规定让行的 ,负全部责任,不负责任,1,贵A59V67,蓝,1,贵A98S42,黄,新天驾校,自培,2015/1/6 0:00,2003/11/20 0:00,长安牌,丰田牌,364548000000000000 ,355467000000000000 ,197805,197002,7,6,4,周末,早高峰(7-9点),2015-04-26,2015年4月26日,阵雨 /阵雨,18℃ / 14℃,东南风 ≤3级 /东北风 ≤3级,阵雨,阵雨,18,14,东南风,≤3级,东北风,≤3级,day