accidenttime,accidentaddr,driver1fault,driver1responsibility,driver2responsibility,sex1,platenumber1,carcolor1,sex2,platenumber2,carcolor2,jxmc1,jxmc2,cclzrq1,cclzrq2,clpp1,clpp2,driver1license,driver2license,brith1,brith2,hour,weekday,month,is_weekday,peak_hour,date,日期,天气状况,气温,风力风向,day_wea,night_wea,day_tep,night_tep,day_wind_direction,day_wind_speed,night_wind_direction,night_wind_speed,segment
2015-04-18 10:00:00,黄金路,8、依法应负全责的其他情形,负全部责任,不负责任,1,贵A99N36,白色,1,贵A75E17,白色,金大驾校,自培,2015/1/26 0:00,2000/10/23 0:00,比亚迪牌,威志牌,366068000000000000 ,364547000000000000 ,197409,196609,10,5,4,工作日,非高峰,2015-04-18,2015年4月18日,多云 /雷阵雨,29℃ / 16℃,南风 ≤3级 /南风 ≤3级,多云,雷阵雨,29,16,南风,≤3级,南风,≤3级,day
2015-05-15 17:00:00,大营坡,1、追尾的,负全部责任,不负责任,0,贵AK2929,黑,1,贵AV8508,红,自培,自培,2005/5/10 0:00,2002/12/18 0:00,宗申牌,海戈牌,364548000000000000 ,366066000000000000 ,198501,197705,17,4,5,工作日,晚高峰(17-19点),2015-05-15,2015年5月15日,阵雨 /阵雨,25℃ / 16℃,东北风 ≤3级 /东北风 ≤3级,阵雨,阵雨,25,16,东北风,≤3级,东北风,≤3级,day
2015-05-02 14:00:00,二戈寨,7、未按规定让行的 ,负全部责任,不负责任,1,贵A471D8,白色,1,贵A65C33,白色,贵州贵龙驾校,自培,2014/7/18 0:00,2006/8/9 0:00,解放牌,长城牌,366068000000000000 ,364548000000000000 ,199503,198607,14,5,5,工作日,非高峰,2015-05-02,2015年5月2日,多云 /阵雨,26℃ / 16℃,东北风 ≤3级 /东风 ≤3级,多云,阵雨,26,16,东北风,≤3级,东风,≤3级,day
2015-04-14 22:30:00,金阳,8、依法应负全责的其他情形,负全部责任,不负责任,1,贵A5823S,银,0,贵ACY066,红,时发驾校,自培,2010/11/26 0:00,2004/6/18 0:00,锋范牌,起亚牌,364548000000000000 ,364557000000000000 ,199205,197304,22,1,4,工作日,非高峰,2015-04-14,2015年4月14日,晴 /多云,22℃ / 9℃,东风 ≤3级 /东风 ≤3级,晴,多云,22,9,东风,≤3级,东风,≤3级,night
2015-03-24 10:00:00,白云区,9、不符合前8款规定或者双方同时具有上述情形的,负同等责任,负同等责任,1,苏K5Q949,蓝,1,贵ACZ828,红,-1,自培,-1,2000/2/17 0:00,福特牌,起亚霸锐,765447000000000000 ,366064000000000000 ,197801,197210,10,1,3,工作日,非高峰,2015-03-24,2015年3月24日,小雨 /阵雨,13℃ / 7℃,东北风 ≤3级 /东北风 ≤3级,小雨,阵雨,13,7,东北风,≤3级,东北风,≤3级,day
2015-03-24 12:30:00,小河转盘,1、追尾的,负全部责任,不负责任,1,鲁J4E429,白色,1,贵AX6134,白色,遵义集顺达交通运输（集团）汽车驾驶培训有限公司,自培,2011/1/20 0:00,2000/11/27 0:00,\N,梅赛德斯-奔驰,784168000000000000 ,364557000000000000 ,197507,198205,12,1,3,工作日,非高峰,2015-03-24,2015年3月24日,小雨 /阵雨,13℃ / 7℃,东北风 ≤3级 /东北风 ≤3级,小雨,阵雨,13,7,东北风,≤3级,东北风,≤3级,day
2015-03-20 15:30:00,小河转盘,9、不符合前8款规定或者双方同时具有上述情形的,负同等责任,负同等责任,1,川EZ0578,白色,1,贵AU6179,白色,-1,自培,-1,2002/8/19 0:00,哈弗牌,三雅牌,354366000000000000 ,366063000000000000 ,199005,197412,15,4,3,工作日,非高峰,2015-03-20,2015年3月20日,阴 /阵雨,14℃ / 10℃,东北风 ≤3级 /东北风 ≤3级,阴,阵雨,14,10,东北风,≤3级,东北风,≤3级,day
2015-03-03 15:40:00,小河万科,7、未按规定让行的 ,负全部责任,不负责任,1,苏B6288K,白色,1,贵AU0638,白色,威宁县兴鑫驾校,自培,2014/8/28 0:00,2001/2/23 0:00,北京现代 ,金捷牌,724567000000000000 ,366368000000000000 ,196010,196211,15,1,3,工作日,非高峰,2015-03-03,2015年3月3日,小雨 /小雨,8℃ / 3℃,东北风 ≤3级 /东北风 ≤3级,小雨,小雨,8,3,东北风,≤3级,东北风,≤3级,day
2015-04-18 11:00:00,新天大道,1、追尾的,负全部责任,不负责任,1,贵AV9926,黑,1,贵ANG718,黄,（乌当区）全林驾驶培训有限公司,自培,2006/8/10 0:00,2006/2/6 0:00,东风标致牌,英伦牌,364557000000000000 ,364557000000000000 ,197308,197408,11,5,4,工作日,非高峰,2015-04-18,2015年4月18日,多云 /雷阵雨,29℃ / 16℃,南风 ≤3级 /南风 ≤3级,多云,雷阵雨,29,16,南风,≤3级,南风,≤3级,day
2015-02-06 07:46:00,富水南路,7、未按规定让行的 ,负全部责任,不负责任,1,贵AU6964,白色,1,贵AT3511,白色,十一培,自培,1989/7/20 0:00,2005/2/5 0:00,王野牌,创新牌,364548000000000000 ,354669000000000000 ,196304,196808,7,4,2,工作日,早高峰(7-9点),2015-02-06,2015年2月6日,多云 /小雨,9℃ / 2℃,南风 ≤3级 /南风 ≤3级,多云,小雨,9,2,南风,≤3级,南风,≤3级,day
2015-02-06 08:30:00,花溪大道,7、未按规定让行的 ,负全部责任,不负责任,1,贵APR635,银,1,贵A82N49,银,十一培,自培,1994/11/23 0:00,2006/9/7 0:00,长安牌,北京现代牌,364558000000000000 ,366363000000000000 ,197311,196201,8,4,2,工作日,早高峰(7-9点),2015-02-06,2015年2月6日,多云 /小雨,9℃ / 2℃,南风 ≤3级 /南风 ≤3级,多云,小雨,9,2,南风,≤3级,南风,≤3级,day
2015-02-06 14:10:00,白云公园,1、追尾的,负全部责任,不负责任,0,贵A430F2,红,1,贵ACG891,白,十一培,自培,1992/6/5 0:00,2004/4/27 0:00,江淮牌,翼搏牌,364558000000000000 ,364548000000000000 ,196902,197412,14,4,2,工作日,非高峰,2015-02-06,2015年2月6日,多云 /小雨,9℃ / 2℃,南风 ≤3级 /南风 ≤3级,多云,小雨,9,2,南风,≤3级,南风,≤3级,day
2015-02-08 13:00:00,小河三五厂,4、停车时未挂低速档、未拉驻车制动，导致车辆滑行的,负全部责任,不负责任,1,贵AJM564,白色,1,贵AES254,白色,十一培,自培,1985/11/11 0:00,2004/12/8 0:00,吉利美日牌,风神牌,364548000000000000 ,364547000000000000 ,195810,198007,13,6,2,周末,非高峰,2015-02-08,2015年2月8日,阴 /阴,7℃ / 3℃,东北风 ≤3级 /南风 ≤3级,阴,阴,7,3,东北风,≤3级,南风,≤3级,day
2015-02-08 13:00:00,南明区,8、依法应负全责的其他情形,负全部责任,不负责任,1,贵A98Y28,黑色,1,贵A47319,黑色,十一培,自培,1999/5/5 0:00,2000/9/30 0:00,依维柯牌,方园,364548000000000000 ,364548000000000000 ,196307,198201,13,6,2,周末,非高峰,2015-02-08,2015年2月8日,阴 /阴,7℃ / 3℃,东北风 ≤3级 /南风 ≤3级,阴,阴,7,3,东北风,≤3级,南风,≤3级,day
2015-02-08 14:29:00,国际城地下停车厂,9、不符合前8款规定或者双方同时具有上述情形的,负同等责任,负同等责任,1,贵A65N85,白色,1,贵A6311Y,白色,十一培,自培,1995/12/17 0:00,2002/11/30 0:00,傲虎,长安牌,364547000000000000 ,364547000000000000 ,196001,198111,14,6,2,周末,非高峰,2015-02-08,2015年2月8日,阴 /阴,7℃ / 3℃,东北风 ≤3级 /南风 ≤3级,阴,阴,7,3,东北风,≤3级,南风,≤3级,day
2015-02-08 17:00:00,北京西路枣山路口,7、未按规定让行的 ,负全部责任,不负责任,1,贵AU7853,黄色,1,贵AME609,黑色,十一培,自培,1990/11/11 0:00,2004/9/9 0:00,宇通牌,东风雪铁龙,364548000000000000 ,66545500000000000 ,196911,198111,17,6,2,周末,晚高峰(17-19点),2015-02-08,2015年2月8日,阴 /阴,7℃ / 3℃,东北风 ≤3级 /南风 ≤3级,阴,阴,7,3,东北风,≤3级,南风,≤3级,day
2015-02-08 21:04:00,北京路,7、未按规定让行的 ,负全部责任,不负责任,1,贵ABQ388,白色,1,贵AU8795,灰色,十一培,自培,1993/12/8 0:00,2005/11/3 0:00,奇瑞,宝来牌,364547000000000000 ,366063000000000000 ,195805,198709,21,6,2,周末,非高峰,2015-02-08,2015年2月8日,阴 /阴,7℃ / 3℃,东北风 ≤3级 /南风 ≤3级,阴,阴,7,3,东北风,≤3级,南风,≤3级,night
2015-02-09 10:00:00,友谊路,3、倒车的,负全部责任,不负责任,1,贵AU0084,绿,1,贵ALH771,黑,十一培,自培,1997/8/4 0:00,2000/6/8 0:00,轻骑牌,海马牌,364547000000000000 ,364548000000000000 ,196804,198108,10,0,2,工作日,非高峰,2015-02-09,2015年2月9日,阴 /小雨,6℃ / 4℃,东北风 ≤3级 /东北风 ≤3级,阴,小雨,6,4,东北风,≤3级,东北风,≤3级,day
2015-02-09 15:00:00,车水路湿地公园大门,7、未按规定让行的 ,负全部责任,不负责任,1,贵AM4255,白色,1,贵AAQ028,白色,十一培,自培,1993/3/31 0:00,2006/6/19 0:00,金舰牌,五菱牌,364547000000000000 ,366068000000000000 ,195711,197810,15,0,2,工作日,非高峰,2015-02-09,2015年2月9日,阴 /小雨,6℃ / 4℃,东北风 ≤3级 /东北风 ≤3级,阴,小雨,6,4,东北风,≤3级,东北风,≤3级,day
2015-02-09 12:00:00,解放路,1、追尾的,负全部责任,不负责任,1,贵AGS616,黑色,1,贵GS8242,蓝色,十一培,自培,1998/1/22 0:00,2004/12/30 0:00,起亚牌,揽胜,364548000000000000 ,366570000000000000 ,196711,197306,12,0,2,工作日,非高峰,2015-02-09,2015年2月9日,阴 /小雨,6℃ / 4℃,东北风 ≤3级 /东北风 ≤3级,阴,小雨,6,4,东北风,≤3级,东北风,≤3级,day
2015-02-11 21:30:00,北京路与黔林山,3、倒车的,负全部责任,不负责任,1,贵A74Y15,黑,1,贵A49P24,黑,十一培,自培,1992/6/19 0:00,2006/5/30 0:00,丰田牌,东风日产牌,366566000000000000 ,364557000000000000 ,197504,196612,21,2,2,工作日,非高峰,2015-02-11,2015年2月11日,多云 /多云,11℃ / 3℃,东风 ≤3级 /东北风 ≤3级,多云,多云,11,3,东风,≤3级,东北风,≤3级,night
2015-02-12 12:00:00,鹿冲关路口,1、追尾的,负全部责任,不负责任,1,贵AH2298,黑,1,贵AU2727,绿,十一培,自培,1998/9/9 0:00,2007/1/9 0:00,劲隆牌,创新牌,364547000000000000 ,364568000000000000 ,196303,198508,12,3,2,工作日,非高峰,2015-02-12,2015年2月12日,多云 /多云,15℃ / 5℃,南风 ≤3级 /南风 ≤3级,多云,多云,15,5,南风,≤3级,南风,≤3级,day
2015-02-12 12:48:00,沙冲路口,1、追尾的,负全部责任,不负责任,1,贵AN4758,白色,1,贵AV2286,黑色,十一培,自培,1992/1/11 0:00,2008/1/17 0:00,钱江牌,铃木牌,364547000000000000 ,366347000000000000 ,195511,196205,12,3,2,工作日,非高峰,2015-02-12,2015年2月12日,多云 /多云,15℃ / 5℃,南风 ≤3级 /南风 ≤3级,多云,多云,15,5,南风,≤3级,南风,≤3级,day
2015-02-12 15:00:00,白云南路,7、未按规定让行的 ,负全部责任,不负责任,1,贵A22B32,蓝,1,贵AP0865,黑,十一培,自培,1985/7/31 0:00,2004/9/28 0:00,大众牌,奇瑞牌,366367000000000000 ,364547000000000000 ,195301,197903,15,3,2,工作日,非高峰,2015-02-12,2015年2月12日,多云 /多云,15℃ / 5℃,南风 ≤3级 /南风 ≤3级,多云,多云,15,5,南风,≤3级,南风,≤3级,day
2015-02-13 10:10:00,文昌北路,7、未按规定让行的 ,负全部责任,不负责任,1,贵AU8153,白色,1,贵AV0421,白色,十一培,自培,1999/11/15 0:00,2002/9/11 0:00,宝来牌,大江牌,366566000000000000 ,364548000000000000 ,197209,198404,10,4,2,工作日,非高峰,2015-02-13,2015年2月13日,多云 /阵雨,17℃ / 8℃,南风 ≤3级 /南风 ≤3级,多云,阵雨,17,8,南风,≤3级,南风,≤3级,day
2015-02-12 22:00:00,云岩区飞山街,8、依法应负全责的其他情形,负全部责任,不负责任,1,贵AV4684,黑,1,贵AUA556,黑,十一培,自培,1998/7/27 0:00,2004/3/29 0:00,钱江牌,吉利美日牌,366361000000000000 ,364558000000000000 ,197706,197903,22,3,2,工作日,非高峰,2015-02-12,2015年2月12日,多云 /多云,15℃ / 5℃,南风 ≤3级 /南风 ≤3级,多云,多云,15,5,南风,≤3级,南风,≤3级,night
2015-02-14 00:00:00,野猫井,1、追尾的,负全部责任,不负责任,1,贵AV8699,白色,1,贵A91K23,黑色,十一培,自培,1988/6/7 0:00,2005/2/4 0:00,森林人,北京现代牌,364547000000000000 ,366577000000000000 ,196703,197001,0,5,2,工作日,非高峰,2015-02-14,2015年2月14日,阵雨 /雷阵雨,16℃ / 10℃,南风 ≤3级 /南风 ≤3级,阵雨,雷阵雨,16,10,南风,≤3级,南风,≤3级,night
2015-02-14 01:30:00,观山路,1、追尾的,负全部责任,不负责任,1,贵AJ6299,白色,1,贵ANF689,白色,十一培,自培,1994/6/2 0:00,2004/7/19 0:00,丰田(TOYOTA)牌,轩逸牌,364548000000000000 ,366064000000000000 ,196003,197904,1,5,2,工作日,非高峰,2015-02-14,2015年2月14日,阵雨 /雷阵雨,16℃ / 10℃,南风 ≤3级 /南风 ≤3级,阵雨,雷阵雨,16,10,南风,≤3级,南风,≤3级,night
2015-02-13 17:30:00,花香村,1、追尾的,负全部责任,不负责任,1,贵AV5083,黑,1,贵A9C158,黄,十一培,自培,1998/9/16 0:00,2003/12/24 0:00,解放牌,-1,366361000000000000 ,364556000000000000 ,197606,198110,17,4,2,工作日,晚高峰(17-19点),2015-02-13,2015年2月13日,多云 /阵雨,17℃ / 8℃,南风 ≤3级 /南风 ≤3级,多云,阵雨,17,8,南风,≤3级,南风,≤3级,day
2015-02-15 17:30:00,邮电大楼,7、未按规定让行的 ,负全部责任,不负责任,1,贵AL9912,白色,1,贵AU7248,白色,十一培,自培,1995/8/21 0:00,2000/7/14 0:00,珠江牌,福田牌,364556000000000000 ,364548000000000000 ,197204,197812,17,6,2,周末,晚高峰(17-19点),2015-02-15,2015年2月15日,多云 /阴,19℃ / 8℃,南风 ≤3级 /东北风 ≤3级,多云,阴,19,8,南风,≤3级,东北风,≤3级,day
2015-02-16 10:14:00,瑞金北路,7、未按规定让行的 ,负全部责任,不负责任,1,贵A6BE98,蓝,1,贵AC7537,黑,十一培,自培,1997/3/11 0:00,2002/8/1 0:00,思威牌,劲力牌,364556000000000000 ,364648000000000000 ,195210,196509,10,0,2,工作日,非高峰,2015-02-16,2015年2月16日,阴 /阵雨,15℃ / 9℃,东北风 ≤3级 /东南风 ≤3级,阴,阵雨,15,9,东北风,≤3级,东南风,≤3级,day
2015-02-16 05:00:00,二戈寨,7、未按规定让行的 ,负全部责任,不负责任,1,川AZ1860,黑色,1,贵A48X31,黑色,十一培,自培,1994/7/21 0:00,2007/7/16 0:00,五十铃牌,江铃牌,364547000000000000 ,364547000000000000 ,196407,197212,5,0,2,工作日,非高峰,2015-02-16,2015年2月16日,阴 /阵雨,15℃ / 9℃,东北风 ≤3级 /东南风 ≤3级,阴,阵雨,15,9,东北风,≤3级,东南风,≤3级,night
2015-02-16 13:50:00,解放路空招,5、开关车门的,负全部责任,不负责任,1,贵ALX284,白色,1,贵ATX948,白色,十一培,自培,1998/11/16 0:00,2003/6/18 0:00,奇瑞牌,速腾牌,364548000000000000 ,366274000000000000 ,197007,196406,13,0,2,工作日,非高峰,2015-02-16,2015年2月16日,阴 /阵雨,15℃ / 9℃,东北风 ≤3级 /东南风 ≤3级,阴,阵雨,15,9,东北风,≤3级,东南风,≤3级,day
2015-02-21 12:00:00,贵阳市矿山厂宿舍,3、倒车的,负全部责任,不负责任,1,贵A62F69,黑色,1,贵AAP562,白色,十一培,自培,1993/7/11 0:00,2002/3/12 0:00,金杯牌,钱江牌,364547000000000000 ,364547000000000000 ,195602,195902,12,5,2,工作日,非高峰,2015-02-21,2015年2月21日,多云 /阵雨,16℃ / 9℃,东北风 ≤3级 /东风 ≤3级,多云,阵雨,16,9,东北风,≤3级,东风,≤3级,day
2015-03-02 08:00:00,花果园立交,1、追尾的,负全部责任,不负责任,1,贵AKV316,白色,1,贵ASN931,白色,十一培,自培,1994/5/4 0:00,2007/9/7 0:00,尼桑牌,福克斯牌,364547000000000000 ,36666751294163445X,197309,196809,8,0,3,工作日,早高峰(7-9点),2015-03-02,2015年3月2日,阴 /小雨,9℃ / 2℃,东北风 ≤3级 /东北风 ≤3级,阴,小雨,9,2,东北风,≤3级,东北风,≤3级,day
2015-03-02 07:40:00,贵大新校区,7、未按规定让行的 ,负全部责任,不负责任,1,贵ASV851,白色,1,贵A87M59,白色,十一培,自培,1980/2/24 0:00,2000/7/21 0:00,丰田牌,凯迪拉克牌,364548000000000000 ,364547000000000000 ,195903,196206,7,0,3,工作日,早高峰(7-9点),2015-03-02,2015年3月2日,阴 /小雨,9℃ / 2℃,东北风 ≤3级 /东北风 ≤3级,阴,小雨,9,2,东北风,≤3级,东北风,≤3级,day
2015-03-02 17:30:00,花果园,7、未按规定让行的 ,负全部责任,不负责任,1,贵AS0539,红,1,贵AU8788,黄,十一培,自培,1992/2/27 0:00,2002/12/3 0:00,大众汽车牌,瑞麒牌,364548000000000000 ,366364000000000000 ,196103,196311,17,0,3,工作日,晚高峰(17-19点),2015-03-02,2015年3月2日,阴 /小雨,9℃ / 2℃,东北风 ≤3级 /东北风 ≤3级,阴,小雨,9,2,东北风,≤3级,东北风,≤3级,day
2015-03-03 08:30:00,碧海花园,7、未按规定让行的 ,负全部责任,不负责任,0,贵A972G9,银,1,贵AB6964,黑,十一培,自培,1996/8/19 0:00,2006/9/7 0:00,扬子牌,雷克牌,74895500000000000 ,366269000000000000 ,197502,198005,8,1,3,工作日,早高峰(7-9点),2015-03-03,2015年3月3日,小雨 /小雨,8℃ / 3℃,东北风 ≤3级 /东北风 ≤3级,小雨,小雨,8,3,东北风,≤3级,东北风,≤3级,day
2015-03-03 17:10:00,新华路,1、追尾的,负全部责任,不负责任,1,贵ANK665,白色,1,贵A21321,黑色,十一培,自培,1994/2/27 0:00,2004/10/19 0:00,大众汽车牌,迈特威,36454751874854447X,366364000000000000 ,197307,196707,17,1,3,工作日,晚高峰(17-19点),2015-03-03,2015年3月3日,小雨 /小雨,8℃ / 3℃,东北风 ≤3级 /东北风 ≤3级,小雨,小雨,8,3,东北风,≤3级,东北风,≤3级,day
2015-03-03 23:08:00,孟关,3、倒车的,负全部责任,不负责任,1,贵ANV822,白色,1,贵A89K84,白色,十一培,自培,1998/6/15 0:00,2005/7/19 0:00,朗逸牌,北京现代牌,364556000000000000 ,364556000000000000 ,196502,196804,23,1,3,工作日,非高峰,2015-03-03,2015年3月3日,小雨 /小雨,8℃ / 3℃,东北风 ≤3级 /东北风 ≤3级,小雨,小雨,8,3,东北风,≤3级,东北风,≤3级,night
2015-03-04 08:21:00,北京东路,1、追尾的,负全部责任,不负责任,1,贵AU2906,黑,1,贵AKJ462,白,十一培,自培,1999/12/30 0:00,2005/10/31 0:00,瑞麒牌,马自达牌,364547000000000000 ,364548000000000000 ,196909,198506,8,2,3,工作日,早高峰(7-9点),2015-03-04,2015年3月4日,小雨 /小雨,6℃ / 1℃,东北风 ≤3级 /东北风 ≤3级,小雨,小雨,6,1,东北风,≤3级,东北风,≤3级,day
2015-03-05 10:20:00,新华路,7、未按规定让行的 ,负全部责任,不负责任,1,贵AMW759,黑色,1,贵AU9775,白色,十一培,自培,1993/10/27 0:00,2002/9/23 0:00,奥迪牌,双狮牌,366068000000000000 ,366064000000000000 ,196310,197201,10,3,3,工作日,非高峰,2015-03-05,2015年3月5日,小雨 /小雨,4℃ / 1℃,东北风 ≤3级 /东北风 ≤3级,小雨,小雨,4,1,东北风,≤3级,东北风,≤3级,day
2015-03-05 11:30:00,新华路,1、追尾的,负全部责任,不负责任,1,贵AE2725,白色,1,贵ACC638,白色,十一培,自培,1996/8/25 0:00,2003/7/16 0:00,豪爵牌,福克斯牌,364548000000000000 ,366566000000000000 ,197306,198006,11,3,3,工作日,非高峰,2015-03-05,2015年3月5日,小雨 /小雨,4℃ / 1℃,东北风 ≤3级 /东北风 ≤3级,小雨,小雨,4,1,东北风,≤3级,东北风,≤3级,day
2015-03-05 16:30:00,河滨公园,7、未按规定让行的 ,负全部责任,不负责任,1,贵AN7655,银,1,贵A4AR22,红,十一培,自培,1988/5/11 0:00,2005/2/4 0:00,大江牌,丰田牌,366364000000000000 ,364548000000000000 ,195907,197505,16,3,3,工作日,非高峰,2015-03-05,2015年3月5日,小雨 /小雨,4℃ / 1℃,东北风 ≤3级 /东北风 ≤3级,小雨,小雨,4,1,东北风,≤3级,东北风,≤3级,day
2015-03-06 08:20:00,白云区,1、追尾的,负全部责任,不负责任,1,贵AHW657,红,1,贵ATY959,银,十一培,自培,1999/6/17 0:00,2006/7/11 0:00,北京现代牌,沃尔沃牌,364558000000000000 ,366575000000000000 ,197507,196212,8,4,3,工作日,早高峰(7-9点),2015-03-06,2015年3月6日,小雨 /小雨,5℃ / 3℃,东北风 ≤3级 /东北风 ≤3级,小雨,小雨,5,3,东北风,≤3级,东北风,≤3级,day
2015-03-06 08:45:00,世纪城,8、依法应负全责的其他情形,负全部责任,不负责任,1,川W97714,黑,1,贵AU0725,绿,十一培,自培,1991/6/27 0:00,2002/12/9 0:00,起亚牌,国威牌,726646000000000000 ,366347000000000000 ,197006,198207,8,4,3,工作日,早高峰(7-9点),2015-03-06,2015年3月6日,小雨 /小雨,5℃ / 3℃,东北风 ≤3级 /东北风 ≤3级,小雨,小雨,5,3,东北风,≤3级,东北风,≤3级,day
2015-03-06 17:25:00,威清路,7、未按规定让行的 ,负全部责任,不负责任,1,贵AU0462,蓝,0,贵GK2517,白,十一培,自培,1994/2/22 0:00,2004/12/13 0:00,鑫轮牌,豪爵牌,364558000000000000 ,366367000000000000 ,197202,196606,17,4,3,工作日,晚高峰(17-19点),2015-03-06,2015年3月6日,小雨 /小雨,5℃ / 3℃,东北风 ≤3级 /东北风 ≤3级,小雨,小雨,5,3,东北风,≤3级,东北风,≤3级,day
2015-03-07 09:20:00,鹿冲关,1、追尾的,负全部责任,不负责任,1,贵AN7948,银,1,贵AML522,黑,十一培,自培,1999/9/25 0:00,2004/10/10 0:00,长安牌,英伦牌,364548000000000000 ,356768000000000000 ,197105,196911,9,5,3,工作日,早高峰(7-9点),2015-03-07,2015年3月7日,阴 /小雨,10℃ / 5℃,东风 ≤3级 /东南风 ≤3级,阴,小雨,10,5,东风,≤3级,东南风,≤3级,day
2015-03-07 12:00:00,四十四医院,3、倒车的,负全部责任,不负责任,1,贵GT4359,白色,1,贵AP8989,黑色,十一培,自培,1993/8/18 0:00,2006/6/8 0:00,长城牌,豪爵牌,364547000000000000 ,366877000000000000 ,195606,198202,12,5,3,工作日,非高峰,2015-03-07,2015年3月7日,阴 /小雨,10℃ / 5℃,东风 ≤3级 /东南风 ≤3级,阴,小雨,10,5,东风,≤3级,东南风,≤3级,day
2015-03-07 14:28:00,碧海花园,8、依法应负全责的其他情形,负全部责任,不负责任,1,贵A38E38,银,1,贵AS6963,黑,十一培,自培,1996/4/8 0:00,2003/7/15 0:00,长城牌,宝雕牌,366364000000000000 ,364548000000000000 ,196011,197205,14,5,3,工作日,非高峰,2015-03-07,2015年3月7日,阴 /小雨,10℃ / 5℃,东风 ≤3级 /东南风 ≤3级,阴,小雨,10,5,东风,≤3级,东南风,≤3级,day
2015-03-07 16:20:00,北京路,7、未按规定让行的 ,负全部责任,不负责任,1,贵ASW811,白,1,贵A47H81,红,十一培,自培,1990/7/13 0:00,2006/9/28 0:00,丰田牌,大众汽车牌,364547000000000000 ,364547000000000000 ,197103,196005,16,5,3,工作日,非高峰,2015-03-07,2015年3月7日,阴 /小雨,10℃ / 5℃,东风 ≤3级 /东南风 ≤3级,阴,小雨,10,5,东风,≤3级,东南风,≤3级,day
2015-03-07 17:00:00,万东桥,7、未按规定让行的 ,负全部责任,不负责任,1,贵AJR103,白色,1,贵A7AJ11,拔丝,十一培,自培,1994/10/26 0:00,2011/11/4 0:00,长安牌,风神牌,364547000000000000 ,574148000000000000 ,197705,198109,17,5,3,工作日,晚高峰(17-19点),2015-03-07,2015年3月7日,阴 /小雨,10℃ / 5℃,东风 ≤3级 /东南风 ≤3级,阴,小雨,10,5,东风,≤3级,东南风,≤3级,day
2015-03-07 15:00:00,解放路,7、未按规定让行的 ,负全部责任,不负责任,1,贵A6AP28,白色,1,贵A51X68,白色,十一培,自培,1997/11/27 0:00,2001/11/6 0:00,吉利牌,北京现代牌,366068000000000000 ,364547000000000000 ,197511,198304,15,5,3,工作日,非高峰,2015-03-07,2015年3月7日,阴 /小雨,10℃ / 5℃,东风 ≤3级 /东南风 ≤3级,阴,小雨,10,5,东风,≤3级,东南风,≤3级,day
2015-03-08 04:10:00,大十字,1、追尾的,负全部责任,不负责任,1,贵AS1602,白色,1,贵AU5391,白色,十一培,自培,1997/9/4 0:00,2003/3/21 0:00,东宏牌,捷达牌,364547000000000000 ,364548000000000000 ,197407,195708,4,6,3,周末,非高峰,2015-03-08,2015年3月8日,小雨 /阴,11℃ / 6℃,东北风 ≤3级 /东北风 ≤3级,小雨,阴,11,6,东北风,≤3级,东北风,≤3级,night
2015-03-07 19:00:00,花溪,1、追尾的,负全部责任,不负责任,1,贵AU9356,白色,1,贵A12V57,白色,十一培,自培,1992/10/18 0:00,2006/8/1 0:00,金捷牌,中华牌,364558000000000000 ,364556000000000000 ,196411,197005,19,5,3,工作日,晚高峰(17-19点),2015-03-07,2015年3月7日,阴 /小雨,10℃ / 5℃,东风 ≤3级 /东南风 ≤3级,阴,小雨,10,5,东风,≤3级,东南风,≤3级,day
2015-03-10 07:00:00,五里冲,7、未按规定让行的 ,负全部责任,不负责任,1,贵AC5959,白色,1,贵A90424,白色,十一培,自培,1998/12/19 0:00,2004/11/8 0:00,骥达牌,双庆牌,354697000000000000 ,364548000000000000 ,198009,196511,7,1,3,工作日,早高峰(7-9点),2015-03-10,2015年3月10日,小雨 /小雨,8℃ / 4℃,东北风 ≤3级 /东北风 ≤3级,小雨,小雨,8,4,东北风,≤3级,东北风,≤3级,day
2015-03-11 09:50:00,八匹马,1、追尾的,负全部责任,不负责任,1,贵ADJ186,白,1,贵ASM295,银,十一培,自培,1998/8/5 0:00,2004/6/15 0:00,凌派牌,雷克萨斯,364548000000000000 ,366664000000000000 ,196801,196804,9,2,3,工作日,早高峰(7-9点),2015-03-11,2015年3月11日,阴 /小雨,8℃ / 4℃,东北风 ≤3级 /东北风 ≤3级,阴,小雨,8,4,东北风,≤3级,东北风,≤3级,day
2015-03-11 14:00:00,小河盘江路,9、不符合前8款规定或者双方同时具有上述情形的,负同等责任,负同等责任,1,贵AEF248,白色,1,贵45247R,白色,十一培,自培,1992/6/12 0:00,2005/2/24 0:00,海马牌,-1,364547000000000000 ,366061000000000000 ,196211,197309,14,2,3,工作日,非高峰,2015-03-11,2015年3月11日,阴 /小雨,8℃ / 4℃,东北风 ≤3级 /东北风 ≤3级,阴,小雨,8,4,东北风,≤3级,东北风,≤3级,day
2015-03-11 16:10:00,三江口,7、未按规定让行的 ,负全部责任,不负责任,1,贵A8613,白色,1,贵A91G56,黑色,十一培,自培,1983/10/31 0:00,2012/8/28 0:00,东风雪铁龙牌,翼虎牌,366364000000000000 ,366766000000000000 ,196610,198811,16,2,3,工作日,非高峰,2015-03-11,2015年3月11日,阴 /小雨,8℃ / 4℃,东北风 ≤3级 /东北风 ≤3级,阴,小雨,8,4,东北风,≤3级,东北风,≤3级,day