accidenttime,accidentaddr,driver1fault,driver1responsibility,driver2responsibility,sex1,platenumber1,carcolor1,sex2,platenumber2,carcolor2,jxmc1,jxmc2,cclzrq1,cclzrq2,clpp1,clpp2,driver1license,driver2license,brith1,brith2,hour,weekday,month,is_weekday,peak_hour,date,日期,天气状况,气温,风力风向,day_wea,night_wea,day_tep,night_tep,day_wind_direction,day_wind_speed,night_wind_direction,night_wind_speed,segment
2015-03-13 18:30:00,白云区,1、追尾的,负全部责任,不负责任,0,贵AEW426,白,0,贵ALV539,白,十一培,自培,1996/6/5 0:00,2004/12/1 0:00,马自达牌,雪佛兰牌,366666000000000000 ,364558000000000000 ,197409,196505,18,4,3,工作日,晚高峰(17-19点),2015-03-13,2015年3月13日,多云 /阵雨,17℃ / 12℃,南风 ≤3级 /南风 ≤3级,多云,阵雨,17,12,南风,≤3级,南风,≤3级,day
2015-03-13 23:02:00,二桥,9、不符合前8款规定或者双方同时具有上述情形的,负同等责任,负同等责任,1,贵A57L54,黑,1,贵A72707,蓝,十一培,自培,1993/8/10 0:00,2010/2/25 0:00,雪佛兰牌,东风,364548000000000000 ,355468000000000000 ,195407,197011,23,4,3,工作日,非高峰,2015-03-13,2015年3月13日,多云 /阵雨,17℃ / 12℃,南风 ≤3级 /南风 ≤3级,多云,阵雨,17,12,南风,≤3级,南风,≤3级,night
2015-03-15 11:00:00,解放路口,1、追尾的,负全部责任,不负责任,1,贵ADF831,白色,1,贵AS6554,白色,十一培,自培,1995/1/30 0:00,2002/10/19 0:00,现代,豪鹰牌,364548000000000000 ,366569000000000000 ,196510,197701,11,6,3,周末,非高峰,2015-03-15,2015年3月15日,阴 /阴,18℃ / 13℃,东风 ≤3级 /南风 ≤3级,阴,阴,18,13,东风,≤3级,南风,≤3级,day
2015-03-15 12:45:00,金华镇,3、倒车的,负全部责任,不负责任,1,贵AM4959,黑,1,贵A9615C,黑,十一培,自培,1995/2/2 0:00,2013/6/18 0:00,隆鑫牌,雷克萨斯,366364000000000000 ,364557000000000000 ,196110,199112,12,6,3,周末,非高峰,2015-03-15,2015年3月15日,阴 /阴,18℃ / 13℃,东风 ≤3级 /南风 ≤3级,阴,阴,18,13,东风,≤3级,南风,≤3级,day
2015-03-15 12:00:00,白云区,1、追尾的,负全部责任,不负责任,1,贵A72744,白,1,贵A9G728,白,十一培,自培,1991/3/6 0:00,2008/10/28 0:00,庆铃,北京现代,36455751855545495X,364596000000000000 ,197111,197609,12,6,3,周末,非高峰,2015-03-15,2015年3月15日,阴 /阴,18℃ / 13℃,东风 ≤3级 /南风 ≤3级,阴,阴,18,13,东风,≤3级,南风,≤3级,day
2015-03-16 09:10:00,师大,8、依法应负全责的其他情形,负全部责任,不负责任,1,贵ANW866,黑,1,贵A2513,蓝,十一培,自培,1991/10/7 0:00,2006/4/4 0:00,思域牌,吉利牌,364547000000000000 ,364547000000000000 ,195404,198304,9,0,3,工作日,早高峰(7-9点),2015-03-16,2015年3月16日,阴 /多云,20℃ / 15℃,南风 ≤3级 /南风 ≤3级,阴,多云,20,15,南风,≤3级,南风,≤3级,day
2015-03-16 15:40:00,红岩桥,1、追尾的,负全部责任,不负责任,1,贵A3528P,白色,1,贵ASZ554,白色,十一培,自培,1993/9/6 0:00,2002/10/19 0:00,比亚迪牌,雪铁龙,364548000000000000 ,366569000000000000 ,196107,197701,15,0,3,工作日,非高峰,2015-03-16,2015年3月16日,阴 /多云,20℃ / 15℃,南风 ≤3级 /南风 ≤3级,阴,多云,20,15,南风,≤3级,南风,≤3级,day
2015-03-16 17:50:00,火车站,7、未按规定让行的 ,负全部责任,不负责任,1,贵A34411,银,1,贵A82499,黑,十一培,自培,1985/9/29 0:00,2000/9/14 0:00,五羊,集瑞联合牌,364548000000000000 ,364547000000000000 ,196202,196304,17,0,3,工作日,晚高峰(17-19点),2015-03-16,2015年3月16日,阴 /多云,20℃ / 15℃,南风 ≤3级 /南风 ≤3级,阴,多云,20,15,南风,≤3级,南风,≤3级,day
2015-03-17 07:35:00,太慈桥,1、追尾的,负全部责任,不负责任,1,贵AKG864,白色,1,贵AV7601,白色,十一培,自培,1996/7/30 0:00,2006/6/27 0:00,丰田牌,思迪牌,364547000000000000 ,364547000000000000 ,197504,195912,7,1,3,工作日,早高峰(7-9点),2015-03-17,2015年3月17日,多云 /多云,25℃ / 14℃,南风 ≤3级 /南风 ≤3级,多云,多云,25,14,南风,≤3级,南风,≤3级,day
2015-03-16 21:00:00,黄河路,7、未按规定让行的 ,负全部责任,不负责任,1,贵A5992T,白色,1,贵AB959H,黑色,十一培,自培,1996/5/15 0:00,2004/11/24 0:00,朗风牌,东风标致牌,364557000000000000 ,366875000000000000 ,196603,198607,21,0,3,工作日,非高峰,2015-03-16,2015年3月16日,阴 /多云,20℃ / 15℃,南风 ≤3级 /南风 ≤3级,阴,多云,20,15,南风,≤3级,南风,≤3级,night
2015-03-18 13:00:00,开发大道,1、追尾的,负全部责任,不负责任,1,贵A6909学,白色,1,贵A45129,白色,十一培,自培,1993/4/28 0:00,2011/11/22 0:00,-1,五征牌,364556000000000000 ,364556000000000000 ,196906,199104,13,2,3,工作日,非高峰,2015-03-18,2015年3月18日,多云 /多云,24℃ / 14℃,南风 ≤3级 /南风 ≤3级,多云,多云,24,14,南风,≤3级,南风,≤3级,day
2015-03-18 12:35:00,金竹镇,8、依法应负全责的其他情形,负全部责任,不负责任,1,贵A34906,白色,1,贵AF6201,白色,十一培,自培,1994/7/3 0:00,2000/8/12 0:00,十通牌,大众汽车牌,364547000000000000 ,364547000000000000 ,196511,197303,12,2,3,工作日,非高峰,2015-03-18,2015年3月18日,多云 /多云,24℃ / 14℃,南风 ≤3级 /南风 ≤3级,多云,多云,24,14,南风,≤3级,南风,≤3级,day
2015-03-19 09:09:00,百花大道,7、未按规定让行的 ,负同等责任,负同等责任,1,贵A31Z32,银,1,鄂RJE451,白,十一培,自培,1996/10/5 0:00,2005/7/26 0:00,宝马,\N,354166000000000000 ,64297500000000000 ,196108,198404,9,3,3,工作日,早高峰(7-9点),2015-03-19,2015年3月19日,多云 /阵雨,26℃ / 12℃,南风 ≤3级 /东北风 ≤3级,多云,阵雨,26,12,南风,≤3级,东北风,≤3级,day
2015-03-19 10:00:00,开发大道,7、未按规定让行的 ,负全部责任,不负责任,1,贵A0691K,白色,1,贵A1945W,白色,十一培,自培,1995/2/7 0:00,2006/3/20 0:00,英伦牌,梅赛德斯-奔驰牌,366364000000000000 ,366067000000000000 ,197407,197806,10,3,3,工作日,非高峰,2015-03-19,2015年3月19日,多云 /阵雨,26℃ / 12℃,南风 ≤3级 /东北风 ≤3级,多云,阵雨,26,12,南风,≤3级,东北风,≤3级,day
2015-03-19 15:10:00,西南环线,9、不符合前8款规定或者双方同时具有上述情形的,负同等责任,负同等责任,1,川AF5837,灰色,1,贵AMA562,白色,十一培,自培,1995/3/12 0:00,2001/10/11 0:00,五菱,北京现代牌,364556000000000000 ,364551000000000000 ,197612,198311,15,3,3,工作日,非高峰,2015-03-19,2015年3月19日,多云 /阵雨,26℃ / 12℃,南风 ≤3级 /东北风 ≤3级,多云,阵雨,26,12,南风,≤3级,东北风,≤3级,day
2015-03-19 15:15:00,北京路,1、追尾的,负全部责任,不负责任,1,贵AU7067,黑,1,贵A81V94,黑,十一培,自培,1995/6/7 0:00,2002/5/13 0:00,隆鑫牌,途威,366868000000000000 ,364557000000000000 ,197502,197504,15,3,3,工作日,非高峰,2015-03-19,2015年3月19日,多云 /阵雨,26℃ / 12℃,南风 ≤3级 /东北风 ≤3级,多云,阵雨,26,12,南风,≤3级,东北风,≤3级,day
2015-03-19 19:30:00,花溪贵大,7、未按规定让行的 ,负全部责任,不负责任,1,贵AU7647,白色,1,贵GU9658,白色,十一培,自培,1992/8/9 0:00,2011/10/18 0:00,万达牌,-1,364556000000000000 ,366864000000000000 ,197408,198309,19,3,3,工作日,晚高峰(17-19点),2015-03-19,2015年3月19日,多云 /阵雨,26℃ / 12℃,南风 ≤3级 /东北风 ≤3级,多云,阵雨,26,12,南风,≤3级,东北风,≤3级,day
2015-03-19 20:00:00,护国路,7、未按规定让行的 ,负全部责任,不负责任,1,贵A25H29,黑,0,贵AU1247,黑,十一培,自培,1997/6/3 0:00,2010/5/27 0:00,凌派牌,丰田牌,364548000000000000 ,366562000000000000 ,196901,198710,20,3,3,工作日,非高峰,2015-03-19,2015年3月19日,多云 /阵雨,26℃ / 12℃,南风 ≤3级 /东北风 ≤3级,多云,阵雨,26,12,南风,≤3级,东北风,≤3级,night
2015-03-20 07:50:00,北京西路,8、依法应负全责的其他情形,负全部责任,不负责任,1,贵AU3152,绿,1,贵ACP395,白,十一培,自培,1997/1/6 0:00,2007/11/8 0:00,嘉陵牌,长城牌,366363000000000000 ,774566000000000000 ,196010,197205,7,4,3,工作日,早高峰(7-9点),2015-03-20,2015年3月20日,阴 /阵雨,14℃ / 10℃,东北风 ≤3级 /东北风 ≤3级,阴,阵雨,14,10,东北风,≤3级,东北风,≤3级,day
2015-03-20 16:00:00,瑞金北路,7、未按规定让行的 ,负全部责任,不负责任,1,贵AR7329,白,1,贵AU7368,白,十一培,自培,1984/4/19 0:00,2003/4/30 0:00,马自达牌,奇瑞牌,364548000000000000 ,366861000000000000 ,196202,197301,16,4,3,工作日,非高峰,2015-03-20,2015年3月20日,阴 /阵雨,14℃ / 10℃,东北风 ≤3级 /东北风 ≤3级,阴,阵雨,14,10,东北风,≤3级,东北风,≤3级,day
2015-03-20 14:45:00,花果园,1、追尾的,负全部责任,不负责任,1,贵A3BK24,白,1,贵A96M29,黑,十一培,自培,1989/12/12 0:00,2000/5/9 0:00,雪佛兰牌,吉利牌,364547000000000000 ,364547000000000000 ,196210,197208,14,4,3,工作日,非高峰,2015-03-20,2015年3月20日,阴 /阵雨,14℃ / 10℃,东北风 ≤3级 /东北风 ≤3级,阴,阵雨,14,10,东北风,≤3级,东北风,≤3级,day
2015-03-20 15:00:00,省府西路,9、不符合前8款规定或者双方同时具有上述情形的,负同等责任,负同等责任,1,贵ACM182,白色,1,贵AP6969,白色,十一培,自培,1997/9/8 0:00,2002/6/7 0:00,海马牌,银翔牌,36455551244369095X,364547000000000000 ,196005,198006,15,4,3,工作日,非高峰,2015-03-20,2015年3月20日,阴 /阵雨,14℃ / 10℃,东北风 ≤3级 /东北风 ≤3级,阴,阵雨,14,10,东北风,≤3级,东北风,≤3级,day
2015-03-20 17:54:00,开发大道,7、未按规定让行的 ,负全部责任,不负责任,1,贵A82Y87,白色,1,贵A35308,白色,十一培,自培,1988/11/9 0:00,2003/10/8 0:00,昊锐牌,红岩牌,36454651275469793X,366369000000000000 ,196310,197103,17,4,3,工作日,晚高峰(17-19点),2015-03-20,2015年3月20日,阴 /阵雨,14℃ / 10℃,东北风 ≤3级 /东北风 ≤3级,阴,阵雨,14,10,东北风,≤3级,东北风,≤3级,day
2015-03-21 20:00:00,黄河路,7、未按规定让行的 ,负全部责任,不负责任,1,贵A09908,白色,1,贵ARF968,白色,十一培,自培,1995/4/10 0:00,2003/1/15 0:00,昌河,思威牌,364556000000000000 ,357046000000000000 ,197211,197602,20,5,3,工作日,非高峰,2015-03-21,2015年3月21日,阴 /阴,16℃ / 11℃,东北风 ≤3级 /东南风 ≤3级,阴,阴,16,11,东北风,≤3级,东南风,≤3级,night
2015-03-21 19:50:00,汽配城,7、未按规定让行的 ,负全部责任,不负责任,1,渝F6B777,黑,1,贵ARE076,红,十一培,自培,1994/12/27 0:00,2004/4/10 0:00,奥迪,北京现代,366070000000000000 ,784643000000000000 ,196012,196711,19,5,3,工作日,晚高峰(17-19点),2015-03-21,2015年3月21日,阴 /阴,16℃ / 11℃,东北风 ≤3级 /东南风 ≤3级,阴,阴,16,11,东北风,≤3级,东南风,≤3级,day
2015-03-22 08:30:00,贵开路,7、未按规定让行的 ,负全部责任,不负责任,1,贵A58P56,白,1,贵AU2723,蓝,十一培,自培,1996/8/7 0:00,2004/4/22 0:00,丰田牌,宝来牌,364548000000000000 ,364557000000000000 ,195812,197209,8,6,3,周末,早高峰(7-9点),2015-03-22,2015年3月22日,阵雨 /阵雨,19℃ / 10℃,东南风 ≤3级 /东风 ≤3级,阵雨,阵雨,19,10,东南风,≤3级,东风,≤3级,day
2015-03-22 09:00:00,解放西路,1、追尾的,负全部责任,不负责任,1,贵A56666,黑色,1,贵AM7144,白色,十一培,自培,1993/11/28 0:00,2005/2/4 0:00,五菱,大众牌,364547000000000000 ,364548000000000000 ,195912,196911,9,6,3,周末,早高峰(7-9点),2015-03-22,2015年3月22日,阵雨 /阵雨,19℃ / 10℃,东南风 ≤3级 /东风 ≤3级,阵雨,阵雨,19,10,东南风,≤3级,东风,≤3级,day
2015-03-22 09:50:00,乌当,8、依法应负全责的其他情形,负全部责任,不负责任,1,贵A25W93,红,1,贵JN0062,白,十一培,自培,1992/9/10 0:00,2001/8/22 0:00,宝马,北京现代牌,364557000000000000 ,366876000000000000 ,197011,197510,9,6,3,周末,早高峰(7-9点),2015-03-22,2015年3月22日,阵雨 /阵雨,19℃ / 10℃,东南风 ≤3级 /东风 ≤3级,阵雨,阵雨,19,10,东南风,≤3级,东风,≤3级,day
2015-03-22 12:20:00,小十字,8、依法应负全责的其他情形,负全部责任,不负责任,1,贵ATS657,红,1,贵AHB544,黄,十一培,自培,1988/10/28 0:00,2001/6/21 0:00,宝马,奥迪牌,364548000000000000 ,364548000000000000 ,195512,198208,12,6,3,周末,非高峰,2015-03-22,2015年3月22日,阵雨 /阵雨,19℃ / 10℃,东南风 ≤3级 /东风 ≤3级,阵雨,阵雨,19,10,东南风,≤3级,东风,≤3级,day
2015-03-23 11:10:00,营盘路,3、倒车的,负全部责任,不负责任,1,贵A31245,白色,1,贵GT2268,白色,十一培,自培,1997/5/27 0:00,2005/12/12 0:00,长安,荣威牌,36454651314666027X,356166000000000000 ,195902,197209,11,0,3,工作日,非高峰,2015-03-23,2015年3月23日,多云 /阴,17℃ / 9℃,东北风 ≤3级 /东北风 ≤3级,多云,阴,17,9,东北风,≤3级,东北风,≤3级,day
2015-03-23 17:15:00,甲秀南路,1、追尾的,负全部责任,不负责任,1,贵AB5757,红,1,贵AEQ668,银,十一培,自培,1997/3/10 0:00,2006/1/6 0:00,豪爵牌,起亚牌,36676351314856445X,364548000000000000 ,195907,196311,17,0,3,工作日,晚高峰(17-19点),2015-03-23,2015年3月23日,多云 /阴,17℃ / 9℃,东北风 ≤3级 /东北风 ≤3级,多云,阴,17,9,东北风,≤3级,东北风,≤3级,day
2015-03-24 09:00:00,玉厂路,3、倒车的,负全部责任,不负责任,1,贵AA231警,白色,1,贵AS3338,白色,十一培,自培,1993/12/16 0:00,2004/11/10 0:00,-1,豪爵牌,364547000000000000 ,364548000000000000 ,196511,196808,9,1,3,工作日,早高峰(7-9点),2015-03-24,2015年3月24日,小雨 /阵雨,13℃ / 7℃,东北风 ≤3级 /东北风 ≤3级,小雨,阵雨,13,7,东北风,≤3级,东北风,≤3级,day
2015-03-24 10:00:00,喷水次,1、追尾的,负全部责任,不负责任,1,贵AA0689,白色,1,贵AK5703,黑色,十一培,自培,1998/6/30 0:00,2004/7/15 0:00,天马,宗隆牌,364547000000000000 ,364556000000000000 ,197004,198010,10,1,3,工作日,非高峰,2015-03-24,2015年3月24日,小雨 /阵雨,13℃ / 7℃,东北风 ≤3级 /东北风 ≤3级,小雨,阵雨,13,7,东北风,≤3级,东北风,≤3级,day
2015-03-26 09:50:00, 西二环,1、追尾的,负全部责任,不负责任,1,贵JJJ419,黑,1,贵A9D702,白,十一培,自培,1995/7/10 0:00,2006/2/6 0:00,嘉陵牌,大众汽车牌,366246000000000000 ,366569000000000000 ,197103,198001,9,3,3,工作日,早高峰(7-9点),2015-03-26,2015年3月26日,阴 /阵雨,17℃ / 12℃,南风 ≤3级 /南风 ≤3级,阴,阵雨,17,12,南风,≤3级,南风,≤3级,day
2015-03-26 16:50:00,世纪城,8、依法应负全责的其他情形,负全部责任,不负责任,1,贵AV3331,白,1,贵AAB219,黑,十一培,自培,1996/4/25 0:00,2008/1/4 0:00,大运牌,颐达牌,774763000000000000 ,65596500000000000 ,197507,198408,16,3,3,工作日,非高峰,2015-03-26,2015年3月26日,阴 /阵雨,17℃ / 12℃,南风 ≤3级 /南风 ≤3级,阴,阵雨,17,12,南风,≤3级,南风,≤3级,day
2015-03-27 13:40:00,次南门,8、依法应负全责的其他情形,负全部责任,不负责任,1,贵AU5934,银,0,贵A31S79,白,十一培,自培,1993/3/30 0:00,2005/1/26 0:00,宗申牌,梅赛德斯-奔驰,366367000000000000 ,364547000000000000 ,197111,196804,13,4,3,工作日,非高峰,2015-03-27,2015年3月27日,阵雨 /阵雨,18℃ / 13℃,南风 ≤3级 /南风 ≤3级,阵雨,阵雨,18,13,南风,≤3级,南风,≤3级,day
2015-03-27 22:40:00,解放路,9、不符合前8款规定或者双方同时具有上述情形的,负同等责任,负同等责任,1,贵ASY195,白色,1,贵A8732U,白色,十一培,自培,1996/12/30 0:00,2013/8/15 0:00,东风牌,朗风牌,364547000000000000 ,366068000000000000 ,197311,197909,22,4,3,工作日,非高峰,2015-03-27,2015年3月27日,阵雨 /阵雨,18℃ / 13℃,南风 ≤3级 /南风 ≤3级,阵雨,阵雨,18,13,南风,≤3级,南风,≤3级,night
2015-03-28 16:00:00,观水路,7、未按规定让行的 ,负全部责任,不负责任,1,贵A24772,银,1,贵AB6568,银,十一培,自培,1994/4/30 0:00,2005/6/7 0:00,蒙迪欧,鑫源牌,364548000000000000 ,364547000000000000 ,196512,195201,16,5,3,工作日,非高峰,2015-03-28,2015年3月28日,阵雨 /雷阵雨,17℃ / 14℃,南风 ≤3级 /南风 ≤3级,阵雨,雷阵雨,17,14,南风,≤3级,南风,≤3级,day
2015-03-29 07:40:00,大营坡,8、依法应负全责的其他情形,负全部责任,不负责任,1,贵JJ4491,白色,1,贵AU6324,白色,十一培,自培,1985/7/27 0:00,2000/5/25 0:00,南骏牌,金典牌,366367000000000000 ,364547000000000000 ,195804,197411,7,6,3,周末,早高峰(7-9点),2015-03-29,2015年3月29日,阴 /多云,18℃ / 15℃,东风 ≤3级 /南风 ≤3级,阴,多云,18,15,东风,≤3级,南风,≤3级,day
2015-03-29 10:28:00,瑞金北路,1、追尾的,负全部责任,不负责任,1,贵ACC144,白,1,贵AKM895,红,十一培,自培,1994/11/11 0:00,2000/2/16 0:00,五菱牌,雪佛兰牌,364558000000000000 ,364548000000000000 ,196005,197907,10,6,3,周末,非高峰,2015-03-29,2015年3月29日,阴 /多云,18℃ / 15℃,东风 ≤3级 /南风 ≤3级,阴,多云,18,15,东风,≤3级,南风,≤3级,day
2015-03-29 15:00:00,解放路,9、不符合前8款规定或者双方同时具有上述情形的,负同等责任,负同等责任,1,贵A23488,白色,1,贵AX3978,白色,十一培,自培,1994/8/21 0:00,2005/11/4 0:00,柯斯达牌,雅奇牌,364547000000000000 ,357261000000000000 ,196303,198311,15,6,3,周末,非高峰,2015-03-29,2015年3月29日,阴 /多云,18℃ / 15℃,东风 ≤3级 /南风 ≤3级,阴,多云,18,15,东风,≤3级,南风,≤3级,day
2015-03-31 10:00:00,大西门,1、追尾的,负全部责任,不负责任,1,贵AH1571,白色,1,贵ADS194,白色,十一培,自培,1994/3/27 0:00,2002/4/5 0:00,捷达(JETTA)牌,帕萨特牌,364547000000000000 ,366661000000000000 ,196306,197708,10,1,3,工作日,非高峰,2015-03-31,2015年3月31日,多云 /多云,28℃ / 19℃,南风 ≤3级 /南风 ≤3级,多云,多云,28,19,南风,≤3级,南风,≤3级,day
2015-04-01 17:00:00,太慈桥,1、追尾的,负全部责任,不负责任,1,贵AU5536,蓝,1,贵AW3068,黄,十一培,自培,1986/4/10 0:00,2000/10/18 0:00,蜀都牌,桑塔纳牌,364548000000000000 ,364548000000000000 ,196206,196312,17,2,4,工作日,晚高峰(17-19点),2015-04-01,2015年4月1日,多云 /多云,29℃ / 19℃,南风 ≤3级 /南风 ≤3级,多云,多云,29,19,南风,≤3级,南风,≤3级,day
2015-04-01 17:00:00,小河转盘,7、未按规定让行的 ,负全部责任,不负责任,1,贵A20875,黑色,1,贵A3668S,白色,十一培,自培,1999/1/8 0:00,2001/9/28 0:00,新陵牌,长安牌,364548000000000000 ,366870000000000000 ,197307,196707,17,2,4,工作日,晚高峰(17-19点),2015-04-01,2015年4月1日,多云 /多云,29℃ / 19℃,南风 ≤3级 /南风 ≤3级,多云,多云,29,19,南风,≤3级,南风,≤3级,day
2015-04-02 08:10:00,师大,1、追尾的,负全部责任,不负责任,1,贵AHF473,蓝,1,贵AGY194,银,十一培,自培,1996/10/5 0:00,2002/9/27 0:00,波罗,丰田牌,364548000000000000 ,355468000000000000 ,195908,197010,8,3,4,工作日,早高峰(7-9点),2015-04-02,2015年4月2日,多云 /多云,30℃ / 18℃,南风 ≤3级 /南风 ≤3级,多云,多云,30,18,南风,≤3级,南风,≤3级,day
2015-04-02 10:00:00,鸭江寨,7、未按规定让行的 ,负全部责任,不负责任,1,贵A20393,银,0,贵A7AR81,白,十一培,自培,1997/12/11 0:00,2004/12/1 0:00,南骏牌,雪佛兰牌,364548000000000000 ,366347000000000000 ,197405,198306,10,3,4,工作日,非高峰,2015-04-02,2015年4月2日,多云 /多云,30℃ / 18℃,南风 ≤3级 /南风 ≤3级,多云,多云,30,18,南风,≤3级,南风,≤3级,day
2015-04-02 13:20:00,白云区,8、依法应负全责的其他情形,负全部责任,不负责任,1,贵A25624,红,1,贵AZF826,黄,十一培,自培,1999/8/20 0:00,2013/7/25 0:00,劲可牌,大众汽车牌,364558000000000000 ,364568000000000000 ,197506,199412,13,3,4,工作日,非高峰,2015-04-02,2015年4月2日,多云 /多云,30℃ / 18℃,南风 ≤3级 /南风 ≤3级,多云,多云,30,18,南风,≤3级,南风,≤3级,day
2015-04-02 16:10:00,新添大道,9、不符合前8款规定或者双方同时具有上述情形的,负同等责任,负同等责任,1,贵AJD601,银,1,贵A86682,黄,十一培,自培,1999/8/12 0:00,2007/5/10 0:00,比亚迪牌,陕汽牌,364548000000000000 ,506868000000000000 ,195912,198605,16,3,4,工作日,非高峰,2015-04-02,2015年4月2日,多云 /多云,30℃ / 18℃,南风 ≤3级 /南风 ≤3级,多云,多云,30,18,南风,≤3级,南风,≤3级,day
2015-04-02 18:50:00,百花山,1、追尾的,负全部责任,不负责任,1,贵AWA954,银,0,贵A83A97,黑,十一培,自培,1992/6/11 0:00,2001/6/17 0:00,奥迪牌,丰田牌,364548000000000000 ,364547000000000000 ,196306,197311,18,3,4,工作日,晚高峰(17-19点),2015-04-02,2015年4月2日,多云 /多云,30℃ / 18℃,南风 ≤3级 /南风 ≤3级,多云,多云,30,18,南风,≤3级,南风,≤3级,day
2015-04-03 07:41:00,太慈桥,9、不符合前8款规定或者双方同时具有上述情形的,负同等责任,负同等责任,1,贵AHL424,黑,1,渝BR4954,黑,十一培,自培,1997/11/5 0:00,2002/9/30 0:00,长安牌,-1,364547000000000000 ,366246000000000000 ,197712,197404,7,4,4,工作日,早高峰(7-9点),2015-04-03,2015年4月3日,多云 /多云,30℃ / 19℃,南风 ≤3级 /南风 ≤3级,多云,多云,30,19,南风,≤3级,南风,≤3级,day
2015-04-03 08:00:00,乌当,7、未按规定让行的 ,负全部责任,不负责任,1,贵A24C72,银,1,贵A92A74,银,十一培,自培,1994/10/19 0:00,2005/6/27 0:00,起亚牌,吉利牌,364547000000000000 ,366862000000000000 ,196608,197208,8,4,4,工作日,早高峰(7-9点),2015-04-03,2015年4月3日,多云 /多云,30℃ / 19℃,南风 ≤3级 /南风 ≤3级,多云,多云,30,19,南风,≤3级,南风,≤3级,day
2015-04-03 08:30:00,西南环线,1、追尾的,负全部责任,不负责任,1,贵AR3334,白色,1,贵A1146N,白色,十一培,自培,1998/8/10 0:00,2006/1/18 0:00,傲虎,长城牌,364551000000000000 ,366577000000000000 ,197705,197309,8,4,4,工作日,早高峰(7-9点),2015-04-03,2015年4月3日,多云 /多云,30℃ / 19℃,南风 ≤3级 /南风 ≤3级,多云,多云,30,19,南风,≤3级,南风,≤3级,day
2015-04-03 06:40:00,花二道,9、不符合前8款规定或者双方同时具有上述情形的,负同等责任,负同等责任,1,贵AWZ268,白色,1,贵A62472,白色,十一培,自培,1997/2/21 0:00,2004/5/15 0:00,宝马,建设,364548000000000000 ,364556000000000000 ,197504,196809,6,4,4,工作日,非高峰,2015-04-03,2015年4月3日,多云 /多云,30℃ / 19℃,南风 ≤3级 /南风 ≤3级,多云,多云,30,19,南风,≤3级,南风,≤3级,day
2015-04-03 08:50:00,花果园,8、依法应负全责的其他情形,负全部责任,不负责任,1,贵A404C6,白,1,贵A32L72,白,十一培,自培,1990/1/26 0:00,2005/1/24 0:00,福田牌,起亚牌,364547000000000000 ,366568000000000000 ,196212,197908,8,4,4,工作日,早高峰(7-9点),2015-04-03,2015年4月3日,多云 /多云,30℃ / 19℃,南风 ≤3级 /南风 ≤3级,多云,多云,30,19,南风,≤3级,南风,≤3级,day
2015-04-03 11:00:00,仙鹤路,3、倒车的,负全部责任,不负责任,1,贵AU5497,白,1,浙D7K517,白,十一培,自培,1994/2/9 0:00,2004/12/23 0:00,三铃牌,荣威牌,364548000000000000 ,77460500000000000 ,195703,197512,11,4,4,工作日,非高峰,2015-04-03,2015年4月3日,多云 /多云,30℃ / 19℃,南风 ≤3级 /南风 ≤3级,多云,多云,30,19,南风,≤3级,南风,≤3级,day
2015-04-03 13:00:00,军区,1、追尾的,负全部责任,不负责任,1,贵A7AC09,白色,1,贵A8BH78,白色,十一培,自培,1999/9/14 0:00,2011/6/24 0:00,东风日产牌,奥迪牌,354667000000000000 ,357146000000000000 ,196908,198907,13,4,4,工作日,非高峰,2015-04-03,2015年4月3日,多云 /多云,30℃ / 19℃,南风 ≤3级 /南风 ≤3级,多云,多云,30,19,南风,≤3级,南风,≤3级,day
2015-04-03 09:36:00,贵阳市交际处,7、未按规定让行的 ,负全部责任,不负责任,1,贵AU6062,白色,1,贵JK0121,白色,十一培,自培,1992/8/7 0:00,2001/4/26 0:00,东力牌,福克斯牌,364548000000000000 ,364556000000000000 ,196509,196908,9,4,4,工作日,早高峰(7-9点),2015-04-03,2015年4月3日,多云 /多云,30℃ / 19℃,南风 ≤3级 /南风 ≤3级,多云,多云,30,19,南风,≤3级,南风,≤3级,day
2015-04-03 11:30:00,狮子山隧道,7、未按规定让行的 ,负全部责任,不负责任,1,贵JM0974,银,1,贵A54W45,银,十一培,自培,1996/10/20 0:00,2008/4/9 0:00,大众牌,宝马牌,366876000000000000 ,356346000000000000 ,197010,198008,11,4,4,工作日,非高峰,2015-04-03,2015年4月3日,多云 /多云,30℃ / 19℃,南风 ≤3级 /南风 ≤3级,多云,多云,30,19,南风,≤3级,南风,≤3级,day
2015-04-04 11:53:00,粑粑街,7、未按规定让行的 ,负全部责任,不负责任,1,贵AU9642,绿,1,贵A98150,红,十一培,自培,1997/7/18 0:00,2004/4/20 0:00,瑞麒牌,豪泺牌,74667500000000000 ,366876000000000000 ,197408,198504,11,5,4,工作日,非高峰,2015-04-04,2015年4月4日,多云 /多云,29℃ / 18℃,南风 ≤3级 /南风 ≤3级,多云,多云,29,18,南风,≤3级,南风,≤3级,day