accidenttime,accidentaddr,driver1fault,driver1responsibility,driver2responsibility,sex1,platenumber1,carcolor1,sex2,platenumber2,carcolor2,jxmc1,jxmc2,cclzrq1,cclzrq2,clpp1,clpp2,driver1license,driver2license,brith1,brith2,hour,weekday,month,is_weekday,peak_hour,date,日期,天气状况,气温,风力风向,day_wea,night_wea,day_tep,night_tep,day_wind_direction,day_wind_speed,night_wind_direction,night_wind_speed,segment
2015-04-05 09:30:00,贵惠大道, ,负全部责任,不负责任,1,贵AB2219,黑,0,贵AK7729,黄,十一培,自培,1993/10/19 0:00,2005/1/12 0:00,金城牌,轻骑牌,364547000000000 ,364547000000000000 ,560120,196010,9,6,4,周末,早高峰(7-9点),2015-04-05,2015年4月5日,阴 /阵雨,30℃ / 12℃,南风 ≤3级 /东北风 ≤3级,阴,阵雨,30,12,南风,≤3级,东北风,≤3级,day
2015-04-05 10:00:00,森林公园,1、追尾的,负全部责任,不负责任,1,贵AU5271,白色,1,贵A2BK19,白色,十一培,自培,1999/12/30 0:00,2004/10/27 0:00,力帆牌,福特牌,364547000000000000 ,354669000000000000 ,195812,197406,10,6,4,周末,非高峰,2015-04-05,2015年4月5日,阴 /阵雨,30℃ / 12℃,南风 ≤3级 /东北风 ≤3级,阴,阵雨,30,12,南风,≤3级,东北风,≤3级,day
2015-04-05 11:10:00,八匹马,9、不符合前8款规定或者双方同时具有上述情形的,负同等责任,负同等责任,1,贵A49W83,银,1,贵AEF192,红,十一培,自培,1993/7/7 0:00,2004/8/11 0:00,大众汽车牌,福克斯牌,364558000000000000 ,364548000000000000 ,195703,198502,11,6,4,周末,非高峰,2015-04-05,2015年4月5日,阴 /阵雨,30℃ / 12℃,南风 ≤3级 /东北风 ≤3级,阴,阵雨,30,12,南风,≤3级,东北风,≤3级,day
2015-04-06 10:30:00,宝山北路,7、未按规定让行的 ,负全部责任,不负责任,1,贵A22923,红,1,贵A5AM18,白,十一培,自培,1992/12/28 0:00,2000/5/20 0:00,鸿雁,中华牌,364557000000000000 ,364548000000000000 ,197312,198005,10,0,4,工作日,非高峰,2015-04-06,2015年4月6日,阵雨 /阵雨,17℃ / 7℃,东北风 ≤3级 /东北风 ≤3级,阵雨,阵雨,17,7,东北风,≤3级,东北风,≤3级,day
2015-04-06 16:00:00, 金珠路,7、未按规定让行的 ,负全部责任,不负责任,1,贵ASU567,黑,1,贵AC4439,黑,十一培,自培,1996/9/15 0:00,2004/5/28 0:00,标致,辉腾,364548000000000000 ,357475000000000000 ,196307,197704,16,0,4,工作日,非高峰,2015-04-06,2015年4月6日,阵雨 /阵雨,17℃ / 7℃,东北风 ≤3级 /东北风 ≤3级,阵雨,阵雨,17,7,东北风,≤3级,东北风,≤3级,day
2015-04-08 14:00:00,金珠路,7、未按规定让行的 ,负全部责任,不负责任,0,贵AST542,红,1,贵A97G77,白,十一培,自培,1997/8/20 0:00,2004/5/30 0:00,中华牌,北京现代牌,364548000000000000 ,364551000000000000 ,197610,198304,14,2,4,工作日,非高峰,2015-04-08,2015年4月8日,小雨 /小雨,10℃ / 6℃,东北风 ≤3级 /东北风 ≤3级,小雨,小雨,10,6,东北风,≤3级,东北风,≤3级,day
2015-04-08 16:00:00,蟠桃宫,8、依法应负全责的其他情形,负全部责任,不负责任,1,贵A79K63,白色,1,贵ABW326,白色,十一培,自培,1997/9/1 0:00,2003/3/10 0:00,吉利牌,威志牌,364548000000000000 ,364558000000000000 ,197412,196010,16,2,4,工作日,非高峰,2015-04-08,2015年4月8日,小雨 /小雨,10℃ / 6℃,东北风 ≤3级 /东北风 ≤3级,小雨,小雨,10,6,东北风,≤3级,东北风,≤3级,day
2015-04-08 16:00:00,甲秀南路,7、未按规定让行的 ,负全部责任,不负责任,1,渝BT7358,白色,1,贵A8BL24,白色,十一培,自培,1999/7/22 0:00,2002/7/31 0:00,长安牌,吉利美日牌,366862000000000000 ,364548000000000000 ,197503,196512,16,2,4,工作日,非高峰,2015-04-08,2015年4月8日,小雨 /小雨,10℃ / 6℃,东北风 ≤3级 /东北风 ≤3级,小雨,小雨,10,6,东北风,≤3级,东北风,≤3级,day
2015-04-09 12:30:00,翠海花园,7、未按规定让行的 ,负全部责任,不负责任,1,贵AU6663,蓝,1,贵GM3856,白,十一培,自培,1998/9/2 0:00,2006/7/26 0:00,恒通客车牌,雷克萨斯,364558000000000000 ,676777000000000000 ,196902,197211,12,3,4,工作日,非高峰,2015-04-09,2015年4月9日,阴 /小雨,11℃ / 7℃,东北风 ≤3级 /东北风 ≤3级,阴,小雨,11,7,东北风,≤3级,东北风,≤3级,day
2015-04-09 16:00:00,北二环,1、追尾的,负全部责任,不负责任,1,贵ANH582,白,1,贵A99K67,黑,十一培,自培,1999/8/10 0:00,2002/1/17 0:00,埃尔法,马自达牌,364558000000000000 ,364548000000000000 ,197702,198206,16,3,4,工作日,非高峰,2015-04-09,2015年4月9日,阴 /小雨,11℃ / 7℃,东北风 ≤3级 /东北风 ≤3级,阴,小雨,11,7,东北风,≤3级,东北风,≤3级,day
2015-04-09 13:30:00,金阳,8、依法应负全责的其他情形,负全部责任,不负责任,1,贵ALK406,银,1,贵AKY147,红,十一培,自培,1985/8/26 0:00,2006/7/14 0:00,丰田牌,思域牌,364547000000000000 ,366346000000000000 ,195801,196805,13,3,4,工作日,非高峰,2015-04-09,2015年4月9日,阴 /小雨,11℃ / 7℃,东北风 ≤3级 /东北风 ≤3级,阴,小雨,11,7,东北风,≤3级,东北风,≤3级,day
2015-04-09 15:30:00,城基路,8、依法应负全责的其他情形,负全部责任,不负责任,1,贵JDM545,黑,1,贵AEK498,蓝,十一培,自培,1996/3/13 0:00,2005/2/1 0:00,东风标致牌,长安牌,366870000000000000 ,364548000000000000 ,197103,197306,15,3,4,工作日,非高峰,2015-04-09,2015年4月9日,阴 /小雨,11℃ / 7℃,东北风 ≤3级 /东北风 ≤3级,阴,小雨,11,7,东北风,≤3级,东北风,≤3级,day
2015-04-09 11:47:00,三桥,1、追尾的,负全部责任,不负责任,0,贵A47E74,白,1,贵DR9418,红,十一培,自培,1998/11/6 0:00,2004/8/14 0:00,福克斯牌,北京现代牌,364548000000000000 ,366664000000000000 ,197911,196211,11,3,4,工作日,非高峰,2015-04-09,2015年4月9日,阴 /小雨,11℃ / 7℃,东北风 ≤3级 /东北风 ≤3级,阴,小雨,11,7,东北风,≤3级,东北风,≤3级,day
2015-04-10 12:00:00,西二环,1、追尾的,负全部责任,不负责任,1,贵A37P18,白,1,贵AKE342,白,十一培,自培,1982/1/10 0:00,2012/6/11 0:00,宝马,东风牌,364548000000000000 ,366562000000000000 ,196012,198811,12,4,4,工作日,非高峰,2015-04-10,2015年4月10日,小雨 /小雨,12℃ / 8℃,东北风 ≤3级 /东北风 ≤3级,小雨,小雨,12,8,东北风,≤3级,东北风,≤3级,day
2015-04-10 12:35:00,市北路,1、追尾的,负全部责任,不负责任,1,贵AU7315,黑,0,贵A36W88,蓝,十一培,自培,1990/7/17 0:00,2005/12/30 0:00,福田牌,奥迪牌,364547000000000 ,364548000000000000 ,670426,196411,12,4,4,工作日,非高峰,2015-04-10,2015年4月10日,小雨 /小雨,12℃ / 8℃,东北风 ≤3级 /东北风 ≤3级,小雨,小雨,12,8,东北风,≤3级,东北风,≤3级,day
2015-04-10 14:50:00,金阳,1、追尾的,负全部责任,不负责任,1,贵G27959,银,0,贵AL6294,银,十一培,自培,1989/5/14 0:00,2003/11/26 0:00,宝马,东本牌,366346000000000000 ,366546000000000000 ,196308,196105,14,4,4,工作日,非高峰,2015-04-10,2015年4月10日,小雨 /小雨,12℃ / 8℃,东北风 ≤3级 /东北风 ≤3级,小雨,小雨,12,8,东北风,≤3级,东北风,≤3级,day
2015-04-11 13:15:00,金阳南路,7、未按规定让行的 ,负全部责任,不负责任,1,贵ABQ724,黑,1,贵AN4613,蓝,十一培,自培,1993/4/7 0:00,2004/5/20 0:00,东风雪铁龙牌,建设-雅马哈牌,364556000000000000 ,354367000000000000 ,195501,197106,13,5,4,工作日,非高峰,2015-04-11,2015年4月11日,多云 /多云,15℃ / 9℃,东北风 ≤3级 /东风 ≤3级,多云,多云,15,9,东北风,≤3级,东风,≤3级,day
2015-04-11 11:00:00,贵阳一中,1、追尾的,负全部责任,不负责任,1,贵J66695,红,1,贵ATW636,白,十一培,自培,1995/8/3 0:00,2008/1/21 0:00,长安牌,丰田牌,366876000000000000 ,366576000000000000 ,197409,197609,11,5,4,工作日,非高峰,2015-04-11,2015年4月11日,多云 /多云,15℃ / 9℃,东北风 ≤3级 /东风 ≤3级,多云,多云,15,9,东北风,≤3级,东风,≤3级,day
2015-04-11 16:40:00,花果园,3、倒车的,负全部责任,不负责任,1,贵AH1263,白色,1,贵A2G852,白色,十一培,自培,1990/10/16 0:00,2013/2/5 0:00,大运牌,-1,364547000000000000 ,366362000000000000 ,195108,199107,16,5,4,工作日,非高峰,2015-04-11,2015年4月11日,多云 /多云,15℃ / 9℃,东北风 ≤3级 /东风 ≤3级,多云,多云,15,9,东北风,≤3级,东风,≤3级,day
2015-04-11 15:20:00,都司路,1、追尾的,负全部责任,不负责任,1,贵AU3893,白色,1,贵AU1821,白色,十一培,自培,1999/12/7 0:00,2010/12/28 0:00,创新牌,瑞麒牌,364547000000000000 ,366575000000000000 ,197011,198105,15,5,4,工作日,非高峰,2015-04-11,2015年4月11日,多云 /多云,15℃ / 9℃,东北风 ≤3级 /东风 ≤3级,多云,多云,15,9,东北风,≤3级,东风,≤3级,day
2015-04-13 08:30:00,上麦,1、追尾的,负全部责任,不负责任,1,贵A32Z55,Y银,1,贵AS2464,黑,十一培,自培,1993/4/6 0:00,2005/9/6 0:00,五菱牌,恒胜牌,366368000000000000 ,364548000000000000 ,197403,198510,8,0,4,工作日,早高峰(7-9点),2015-04-13,2015年4月13日,晴 /多云,23℃ / 8℃,东北风 ≤3级 /东北风 ≤3级,晴,多云,23,8,东北风,≤3级,东北风,≤3级,day
2015-04-13 08:30:00,二桥,7、未按规定让行的 ,负全部责任,不负责任,1,贵ADR588,白,1,贵A8BG00,红,十一培,自培,1999/5/13 0:00,2001/11/10 0:00,长安,夏利牌,364548000000000000 ,364548000000000000 ,196511,198109,8,0,4,工作日,早高峰(7-9点),2015-04-13,2015年4月13日,晴 /多云,23℃ / 8℃,东北风 ≤3级 /东北风 ≤3级,晴,多云,23,8,东北风,≤3级,东北风,≤3级,day
2015-04-13 08:50:00,珠江路,1、追尾的,负全部责任,不负责任,1,贵GM9077,白色,1,贵A52N63,白色,十一培,自培,1998/7/16 0:00,2001/12/12 0:00,宝来,宝马牌,366367000000000000 ,364547000000000000 ,197306,198305,8,0,4,工作日,早高峰(7-9点),2015-04-13,2015年4月13日,晴 /多云,23℃ / 8℃,东北风 ≤3级 /东北风 ≤3级,晴,多云,23,8,东北风,≤3级,东北风,≤3级,day
2015-04-18 15:52:00,白云,8、依法应负全责的其他情形,负全部责任,不负责任,1,贵A850F9,黄,1,贵ARU375,红,十一培,自培,1990/10/20 0:00,2003/9/12 0:00,大运牌,东风雪铁龙牌,366070000000000000 ,364558000000000000 ,196810,197908,15,5,4,工作日,非高峰,2015-04-18,2015年4月18日,多云 /雷阵雨,29℃ / 16℃,南风 ≤3级 /南风 ≤3级,多云,雷阵雨,29,16,南风,≤3级,南风,≤3级,day
2015-04-18 15:00:00,五里冲,7、未按规定让行的 ,负全部责任,不负责任,1,贵A9355B,白色,1,贵CL6843,白色,十一培,自培,1995/4/30 0:00,2011/7/27 0:00,大众牌,丰田牌,364547000000000000 ,366562000000000000 ,196407,198807,15,5,4,工作日,非高峰,2015-04-18,2015年4月18日,多云 /雷阵雨,29℃ / 16℃,南风 ≤3级 /南风 ≤3级,多云,雷阵雨,29,16,南风,≤3级,南风,≤3级,day
2015-04-18 16:20:00,大凹路,8、依法应负全责的其他情形,负全部责任,不负责任,1,贵A42K17,白色,1,贵CHX998,白色,十一培,自培,1989/12/31 0:00,2005/11/4 0:00,昌河铃木牌,福克斯牌,364547000000000000 ,364547000000000000 ,196606,198504,16,5,4,工作日,非高峰,2015-04-18,2015年4月18日,多云 /雷阵雨,29℃ / 16℃,南风 ≤3级 /南风 ≤3级,多云,雷阵雨,29,16,南风,≤3级,南风,≤3级,day
2015-04-19 00:00:00,清溪路,7、未按规定让行的 ,负全部责任,不负责任,1,贵AS2703,白色,1,贵A99E76,白色,十一培,自培,1996/10/30 0:00,2005/8/11 0:00,豪爵牌,大众汽车牌,776266000000000000 ,364556000000000000 ,196307,195906,0,6,4,周末,非高峰,2015-04-19,2015年4月19日,阵雨 /阵雨,22℃ / 13℃,东北风 ≤3级 /东北风 ≤3级,阵雨,阵雨,22,13,东北风,≤3级,东北风,≤3级,night
2015-04-20 02:20:00,小河开发大道,7、未按规定让行的 ,负全部责任,不负责任,1,贵AG9203,白色,1,贵A97W72,白色,十一培,自培,1997/12/31 0:00,2006/8/18 0:00,鑫源牌,长城牌,364548000000000000 ,366361000000000000 ,195912,198006,2,0,4,工作日,非高峰,2015-04-20,2015年4月20日,阴 /阴,20℃ / 11℃,东北风 ≤3级 /东北风 ≤3级,阴,阴,20,11,东北风,≤3级,东北风,≤3级,night
2015-04-20 08:30:00,白云区,1、追尾的,负全部责任,不负责任,1,贵A89E12,黑,1,贵AML411,白,十一培,自培,1989/10/22 0:00,2007/10/11 0:00,东风雪铁龙,吉利美日牌,364547000000000000 ,364558000000000000 ,196801,197011,8,0,4,工作日,早高峰(7-9点),2015-04-20,2015年4月20日,阴 /阴,20℃ / 11℃,东北风 ≤3级 /东北风 ≤3级,阴,阴,20,11,东北风,≤3级,东北风,≤3级,day
2015-04-21 18:00:00,观水路,1、追尾的,负全部责任,不负责任,1,贵A24702,银,1,贵AKN831,蓝,十一培,自培,1994/10/24 0:00,2008/1/10 0:00,风神牌,雪佛兰牌,364547000000000000 ,366661000000000000 ,197410,197509,18,1,4,工作日,晚高峰(17-19点),2015-04-21,2015年4月21日,阴 /阵雨,17℃ / 10℃,东北风 ≤3级 /东北风 ≤3级,阴,阵雨,17,10,东北风,≤3级,东北风,≤3级,day
2015-04-21 18:00:00,博爱路,7、未按规定让行的 ,负全部责任,不负责任,1,贵ASR488,银,1,贵AUA439,银,十一培,自培,1988/10/21 0:00,2000/7/20 0:00,北京现代牌,丰田牌,704341000000000000 ,364547000000000000 ,196406,196102,18,1,4,工作日,晚高峰(17-19点),2015-04-21,2015年4月21日,阴 /阵雨,17℃ / 10℃,东北风 ≤3级 /东北风 ≤3级,阴,阵雨,17,10,东北风,≤3级,东北风,≤3级,day
2015-04-21 18:00:00,飞山街,7、未按规定让行的 ,负全部责任,不负责任,1,贵A22335,白色,1,贵AV7674,白色,十一培,自培,1997/6/26 0:00,2004/6/6 0:00,豪泺牌,豪爵牌,364548000000000000 ,364556000000000000 ,197311,197706,18,1,4,工作日,晚高峰(17-19点),2015-04-21,2015年4月21日,阴 /阵雨,17℃ / 10℃,东北风 ≤3级 /东北风 ≤3级,阴,阵雨,17,10,东北风,≤3级,东北风,≤3级,day
2015-04-22 09:00:00,长江路,1、追尾的,负全部责任,不负责任,1,贵A74U39,白色,1,贵AL0798,白色,十一培,自培,1988/3/28 0:00,2001/2/1 0:00,-1,奇瑞牌,364547000000000000 ,366361000000000000 ,196002,196303,9,2,4,工作日,早高峰(7-9点),2015-04-22,2015年4月22日,小雨 /小雨,15℃ / 10℃,东北风 ≤3级 /东北风 ≤3级,小雨,小雨,15,10,东北风,≤3级,东北风,≤3级,day
2015-04-22 10:10:00,瑞金北路,1、追尾的,负全部责任,不负责任,1,贵AB4260,银,1,贵A71E25,黄,十一培,自培,1995/12/23 0:00,2001/7/2 0:00,别克,长安牌,364547000000000 ,364548000000000000 ,520812,195512,10,2,4,工作日,非高峰,2015-04-22,2015年4月22日,小雨 /小雨,15℃ / 10℃,东北风 ≤3级 /东北风 ≤3级,小雨,小雨,15,10,东北风,≤3级,东北风,≤3级,day
2015-04-23 09:55:00,东山,1、追尾的,负全部责任,不负责任,1,贵AU3905,白色,1,贵ALU007,白色,十一培,自培,1997/12/9 0:00,2003/7/16 0:00,瑞麒牌,吉利牌,366368000000000000 ,366664000000000000 ,197510,198208,9,3,4,工作日,早高峰(7-9点),2015-04-23,2015年4月23日,阴 /小雨,16℃ / 10℃,东北风 ≤3级 /东北风 ≤3级,阴,小雨,16,10,东北风,≤3级,东北风,≤3级,day
2015-04-23 14:30:00,长江路,1、追尾的,负全部责任,不负责任,1,贵AR5429,白色,1,贵A99W46,白色,十一培,自培,1996/8/10 0:00,2004/6/19 0:00,宗申牌,吉利牌,364547000000000000 ,366562000000000000 ,197209,197408,14,3,4,工作日,非高峰,2015-04-23,2015年4月23日,阴 /小雨,16℃ / 10℃,东北风 ≤3级 /东北风 ≤3级,阴,小雨,16,10,东北风,≤3级,东北风,≤3级,day
2015-04-23 17:00:00,大理石路,1、追尾的,负全部责任,不负责任,1,贵ARE791,白色,1,贵AU0989,白色,十一培,自培,1999/9/3 0:00,2006/5/9 0:00,东风,建设牌,366577000000000000 ,364547000000000000 ,196803,198203,17,3,4,工作日,晚高峰(17-19点),2015-04-23,2015年4月23日,阴 /小雨,16℃ / 10℃,东北风 ≤3级 /东北风 ≤3级,阴,小雨,16,10,东北风,≤3级,东北风,≤3级,day
2015-04-23 17:20:00,八匹马,7、未按规定让行的 ,负全部责任,不负责任,1,贵A33516,蓝,1,贵AGA477,银,十一培,自培,1994/10/31 0:00,2004/1/29 0:00,金旅牌,吉利牌,364548000000000000 ,366068000000000000 ,196311,197501,17,3,4,工作日,晚高峰(17-19点),2015-04-23,2015年4月23日,阴 /小雨,16℃ / 10℃,东北风 ≤3级 /东北风 ≤3级,阴,小雨,16,10,东北风,≤3级,东北风,≤3级,day
2015-04-23 18:20:00,1435附近,7、未按规定让行的 ,负全部责任,不负责任,1,贵A86017,白色,1,贵ANL845,白色,十一培,自培,1999/7/12 0:00,2007/1/4 0:00,三一牌,雪佛兰牌,366364000000000000 ,364551000000000000 ,196103,198110,18,3,4,工作日,晚高峰(17-19点),2015-04-23,2015年4月23日,阴 /小雨,16℃ / 10℃,东北风 ≤3级 /东北风 ≤3级,阴,小雨,16,10,东北风,≤3级,东北风,≤3级,day
2015-04-28 08:40:00,贵开路,1、追尾的,负全部责任,不负责任,1,贵AU5561,黑,1,贵AJL122,黑,十一培,自培,1998/7/15 0:00,2001/9/30 0:00,钱江牌,索兰托,356164000000000000 ,366347000000000000 ,197304,196902,8,1,4,工作日,早高峰(7-9点),2015-04-28,2015年4月28日,多云 /多云,25℃ / 15℃,东北风 ≤3级 /东北风 ≤3级,多云,多云,25,15,东北风,≤3级,东北风,≤3级,day
2015-04-28 10:00:00,二戈寨,7、未按规定让行的 ,负全部责任,不负责任,1,贵A0559P,白色,1,贵AMR185,白色,十一培,自培,1996/12/20 0:00,2004/6/10 0:00,通宝牌,长安牌,356168000000000000 ,364551000000000000 ,196707,197808,10,1,4,工作日,非高峰,2015-04-28,2015年4月28日,多云 /多云,25℃ / 15℃,东北风 ≤3级 /东北风 ≤3级,多云,多云,25,15,东北风,≤3级,东北风,≤3级,day
2015-04-28 11:50:00,大营坡,1、追尾的,负全部责任,不负责任,1,贵AU791V,黄,1,贵AU5528,绿,十一培,自培,1992/7/3 0:00,2009/4/8 0:00,-1,捷达牌,364557000000000000 ,366263000000000000 ,196312,197501,11,1,4,工作日,非高峰,2015-04-28,2015年4月28日,多云 /多云,25℃ / 15℃,东北风 ≤3级 /东北风 ≤3级,多云,多云,25,15,东北风,≤3级,东北风,≤3级,day
2015-05-01 10:00:00,花溪大道,7、未按规定让行的 ,负全部责任,不负责任,1,贵ARC246,白色,1,贵ANJ221,白色,十一培,自培,1994/4/17 0:00,2006/12/5 0:00,-1,明锐牌,364556000000000000 ,366666000000000000 ,195006,196501,10,4,5,工作日,非高峰,2015-05-01,2015年5月1日,阵雨 /多云,25℃ / 14℃,东南风 ≤3级 /东北风 ≤3级,阵雨,多云,25,14,东南风,≤3级,东北风,≤3级,day
2015-05-03 03:10:00,新添大道,7、未按规定让行的 ,负全部责任,不负责任,1,贵A30989,白,0,贵A39X47,蓝,十一培,自培,1981/3/6 0:00,2001/6/21 0:00,金龙牌,迷你,366367000000000000 ,364547000000000000 ,195701,198203,3,6,5,周末,非高峰,2015-05-03,2015年5月3日,阵雨 /阵雨,25℃ / 15℃,东北风 ≤3级 /东北风 ≤3级,阵雨,阵雨,25,15,东北风,≤3级,东北风,≤3级,night
2015-05-03 12:30:00,新添寨,1、追尾的,负全部责任,不负责任,1,贵AV3712,黑,1,贵A6208S,红,十一培,自培,1996/5/15 0:00,2006/11/8 0:00,劲隆牌,锋范牌,364548000000000000 ,364557000000000000 ,196905,198105,12,6,5,周末,非高峰,2015-05-03,2015年5月3日,阵雨 /阵雨,25℃ / 15℃,东北风 ≤3级 /东北风 ≤3级,阵雨,阵雨,25,15,东北风,≤3级,东北风,≤3级,day
2015-05-04 08:40:00,和尚坡,1、追尾的,负全部责任,不负责任,1,贵A8791P,黑,0,贵AA3627,黑,十一培,自培,1996/6/3 0:00,2002/6/6 0:00,荣威牌,天马牌,366770000000000000 ,364547000000000000 ,197006,198207,8,0,5,工作日,早高峰(7-9点),2015-05-04,2015年5月4日,阵雨 /阵雨,20℃ / 14℃,东北风 ≤3级 /东北风 ≤3级,阵雨,阵雨,20,14,东北风,≤3级,东北风,≤3级,day
2015-05-04 11:34:00,花香村,7、未按规定让行的 ,负全部责任,不负责任,1,贵A152748,白色,1,贵AUA006,白色,十一培,自培,1995/10/31 0:00,2010/4/30 0:00,-1,丰田牌,364547000000000 ,366570000000000000 ,690310,199008,11,0,5,工作日,非高峰,2015-05-04,2015年5月4日,阵雨 /阵雨,20℃ / 14℃,东北风 ≤3级 /东北风 ≤3级,阵雨,阵雨,20,14,东北风,≤3级,东北风,≤3级,day
2015-05-04 14:20:00,宅吉路,3、倒车的,负全部责任,不负责任,1,贵AV5046,白,1,贵AK193,红,十一培,自培,1998/3/26 0:00,2003/9/27 0:00,-1,-1,366361000000000000 ,364548000000000000 ,197912,197303,14,0,5,工作日,非高峰,2015-05-04,2015年5月4日,阵雨 /阵雨,20℃ / 14℃,东北风 ≤3级 /东北风 ≤3级,阵雨,阵雨,20,14,东北风,≤3级,东北风,≤3级,day
2015-05-04 15:30:00,花果园,7、未按规定让行的 ,负全部责任,不负责任,1,贵GV6694,白,0,贵AFF097,红,十一培,自培,1995/6/18 0:00,2005/4/26 0:00,别克牌,雅阁牌,364548000000000000 ,364548000000000000 ,197602,198606,15,0,5,工作日,非高峰,2015-05-04,2015年5月4日,阵雨 /阵雨,20℃ / 14℃,东北风 ≤3级 /东北风 ≤3级,阵雨,阵雨,20,14,东北风,≤3级,东北风,≤3级,day
2015-05-05 08:30:00,瑞金中路,7、未按规定让行的 ,负全部责任,不负责任,1,贵A24R59,白色,1,贵AV7607,白色,十一培,自培,1999/5/10 0:00,2000/12/27 0:00,宝马,嘉陵牌,364547000000000000 ,364548000000000000 ,197608,198208,8,1,5,工作日,早高峰(7-9点),2015-05-05,2015年5月5日,阵雨 /阵雨,21℃ / 15℃,南风 ≤3级 /南风 ≤3级,阵雨,阵雨,21,15,南风,≤3级,南风,≤3级,day
2015-05-05 07:50:00,青年路,3、倒车的,负全部责任,不负责任,1,贵AE8877,白色,1,贵AXA752,白色,十一培,自培,1997/11/6 0:00,2000/5/11 0:00,本田牌,帕杰罗 劲畅,364548000000000000 ,364548000000000000 ,196203,197201,7,1,5,工作日,早高峰(7-9点),2015-05-05,2015年5月5日,阵雨 /阵雨,21℃ / 15℃,南风 ≤3级 /南风 ≤3级,阵雨,阵雨,21,15,南风,≤3级,南风,≤3级,day
2015-05-05 11:10:00,富水南路,1、追尾的,负全部责任,不负责任,1,贵AV7455,黄,1,贵ANM165,红,十一培,自培,1995/2/1 0:00,2000/5/10 0:00,东毅牌,宝马,364547000000000000 ,364548000000000000 ,196608,197802,11,1,5,工作日,非高峰,2015-05-05,2015年5月5日,阵雨 /阵雨,21℃ / 15℃,南风 ≤3级 /南风 ≤3级,阵雨,阵雨,21,15,南风,≤3级,南风,≤3级,day
2015-05-05 16:00:00,春雷路,7、未按规定让行的 ,负全部责任,不负责任,1,贵A23V33,白色,1,贵A4576G,白色,十一培,自培,1998/6/15 0:00,2006/11/2 0:00,长安牌,江淮牌,36454651214665063X,366068000000000000 ,196902,198306,16,1,5,工作日,非高峰,2015-05-05,2015年5月5日,阵雨 /阵雨,21℃ / 15℃,南风 ≤3级 /南风 ≤3级,阵雨,阵雨,21,15,南风,≤3级,南风,≤3级,day
2015-05-06 18:00:00,水东路,1、追尾的,负全部责任,不负责任,1,贵A85L56,蓝,1,贵ANJ935,红,十一培,自培,1997/11/3 0:00,2005/12/22 0:00,马自达牌,朗逸牌,364547000000000000 ,366577000000000000 ,197405,197604,18,2,5,工作日,晚高峰(17-19点),2015-05-06,2015年5月6日,多云 /多云,25℃ / 16℃,东北风 ≤3级 /南风 ≤3级,多云,多云,25,16,东北风,≤3级,南风,≤3级,day
2015-05-08 10:00:00,开发大道,7、未按规定让行的 ,负全部责任,不负责任,1,贵ADG066,白色,1,贵A4003T,白色,十一培,自培,1999/3/31 0:00,2010/2/8 0:00,东风标致牌,五菱牌,364548000000000000 ,366269000000000000 ,197911,198610,10,4,5,工作日,非高峰,2015-05-08,2015年5月8日,阵雨 /多云,25℃ / 15℃,东南风 ≤3级 /东北风 ≤3级,阵雨,多云,25,15,东南风,≤3级,东北风,≤3级,day
2015-05-08 20:37:00,水口寺,1、追尾的,负全部责任,不负责任,1,贵AA2744,白色,1,贵A8U276,白色,十一培,自培,1998/5/21 0:00,2008/1/24 0:00,波罗,-1,364547000000000000 ,364548000000000000 ,197004,197503,20,4,5,工作日,非高峰,2015-05-08,2015年5月8日,阵雨 /多云,25℃ / 15℃,东南风 ≤3级 /东北风 ≤3级,阵雨,多云,25,15,东南风,≤3级,东北风,≤3级,night
2015-05-09 11:10:00,林城东路,7、未按规定让行的 ,负全部责任,不负责任,1,贵ALZ956,白,1,贵A1R266,白,十一培,自培,1992/12/5 0:00,2004/4/9 0:00,马自达牌,-1,366064000000000000 ,36455651815467425X,195305,197910,11,5,5,工作日,非高峰,2015-05-09,2015年5月9日,阵雨 /阵雨,23℃ / 16℃,东北风 ≤3级 /东南风 ≤3级,阵雨,阵雨,23,16,东北风,≤3级,东南风,≤3级,day
2015-05-09 12:30:00,省府路,3、倒车的,负全部责任,不负责任,1,贵A59V49,黑,1,贵A77404,黑,十一培,自培,1995/9/23 0:00,2004/9/28 0:00,梅赛德斯-奔驰牌,力之星,364548000000000000 ,364547000000000000 ,195507,196105,12,5,5,工作日,非高峰,2015-05-09,2015年5月9日,阵雨 /阵雨,23℃ / 16℃,东北风 ≤3级 /东南风 ≤3级,阵雨,阵雨,23,16,东北风,≤3级,东南风,≤3级,day