accidenttime,accidentaddr,driver1fault,driver1responsibility,driver2responsibility,sex1,platenumber1,carcolor1,sex2,platenumber2,carcolor2,jxmc1,jxmc2,cclzrq1,cclzrq2,clpp1,clpp2,driver1license,driver2license,brith1,brith2,hour,weekday,month,is_weekday,peak_hour,date,日期,天气状况,气温,风力风向,day_wea,night_wea,day_tep,night_tep,day_wind_direction,day_wind_speed,night_wind_direction,night_wind_speed,segment
2015-05-10 15:36:00,北京路,8、依法应负全责的其他情形,负全部责任,不负责任,1,贵A58564,黑,1,贵A59M55,白,十一培,自培,1992/11/19 0:00,2003/8/28 0:00,海陵牌,东风雪铁龙牌,364556000000000000 ,364548000000000000 ,194712,198406,15,6,5,周末,非高峰,2015-05-10,2015年5月10日,阵雨 /雷阵雨,25℃ / 14℃,南风 ≤3级 /南风 ≤3级,阵雨,雷阵雨,25,14,南风,≤3级,南风,≤3级,day
2015-05-10 15:30:00,海马冲,7、未按规定让行的 ,负全部责任,不负责任,1,刚玉AJR103,黑,1,贵A93S68,蓝,十一培,自培,1994/10/26 0:00,2004/6/19 0:00,-1,-1,364547000000000000 ,364551000000000000 ,197705,198201,15,6,5,周末,非高峰,2015-05-10,2015年5月10日,阵雨 /雷阵雨,25℃ / 14℃,南风 ≤3级 /南风 ≤3级,阵雨,雷阵雨,25,14,南风,≤3级,南风,≤3级,day
2015-05-10 19:00:00,新添寨,3、倒车的,负全部责任,不负责任,1,贵A7184L,红,1,贵A62K75,红,十一培,自培,1992/10/15 0:00,2002/10/18 0:00,长城牌,北京现代牌,364556000000000 ,366246000000000000 ,690707,197510,19,6,5,周末,晚高峰(17-19点),2015-05-10,2015年5月10日,阵雨 /雷阵雨,25℃ / 14℃,南风 ≤3级 /南风 ≤3级,阵雨,雷阵雨,25,14,南风,≤3级,南风,≤3级,day
2015-05-11 08:10:00,未来方舟,7、未按规定让行的 ,负全部责任,不负责任,1,贵JP9614,红,1,贵A71F31,黑,十一培,自培,1993/8/20 0:00,2003/4/15 0:00,-1,大众牌,366563000000000000 ,364548000000000000 ,196701,198210,8,0,5,工作日,早高峰(7-9点),2015-05-11,2015年5月11日,多云 /多云,24℃ / 13℃,东北风 ≤3级 /东北风 ≤3级,多云,多云,24,13,东北风,≤3级,东北风,≤3级,day
2015-05-15 16:50:00,小河,7、未按规定让行的 ,负全部责任,不负责任,1,贵AEQ228,黄,1,贵A36V27, 红,十一培,自培,1994/11/20 0:00,2000/5/18 0:00,东风雪铁龙牌,东风牌,364548000000000000 ,364548000000000000 ,195807,197802,16,4,5,工作日,非高峰,2015-05-15,2015年5月15日,阵雨 /阵雨,25℃ / 16℃,东北风 ≤3级 /东北风 ≤3级,阵雨,阵雨,25,16,东北风,≤3级,东北风,≤3级,day
2015-05-16 21:55:00,紫林庵,7、未按规定让行的 ,负全部责任,不负责任,1,贵A11Z77,黄,1,贵A88L74,白,十一培,自培,1997/12/8 0:00,2006/4/29 0:00,飞度牌,别克牌,366367000000000000 ,364547000000000000 ,197101,198510,21,5,5,工作日,非高峰,2015-05-16,2015年5月16日,阴 /雷阵雨,23℃ / 17℃,东北风 ≤3级 /东风 ≤3级,阴,雷阵雨,23,17,东北风,≤3级,东风,≤3级,night
2015-05-17 10:00:00,贵阳大剧院,7、未按规定让行的 ,负全部责任,不负责任,1,贵A69R69,白色,1,贵AV3548,白色,十一培,自培,1998/12/28 0:00,2004/12/30 0:00,风神,银翔牌,364548000000000000 ,4556510000000000 ,196306,195808,10,6,5,周末,非高峰,2015-05-17,2015年5月17日,阵雨 /雷阵雨,25℃ / 17℃,东北风 ≤3级 /南风 ≤3级,阵雨,雷阵雨,25,17,东北风,≤3级,南风,≤3级,day
2015-05-17 16:50:00,合群路,3、倒车的,负全部责任,不负责任,1,贵AAK511,白,1,贵A13E47,黑,十一培,自培,1996/10/17 0:00,2007/10/17 0:00,迅龙牌,长安牌,364547000000000000 ,366570000000000000 ,196210,198608,16,6,5,周末,非高峰,2015-05-17,2015年5月17日,阵雨 /雷阵雨,25℃ / 17℃,东北风 ≤3级 /南风 ≤3级,阵雨,雷阵雨,25,17,东北风,≤3级,南风,≤3级,day
2015-05-17 16:20:00,中华中路,7、未按规定让行的 ,负全部责任,不负责任,1,贵AU7311,黄,1,浙J3FD97,黑,十一培,自培,1987/5/27 0:00,2006/7/27 0:00,福田牌,-1,364547000000000000 ,36455651954151635X,196511,198109,16,6,5,周末,非高峰,2015-05-17,2015年5月17日,阵雨 /雷阵雨,25℃ / 17℃,东北风 ≤3级 /南风 ≤3级,阵雨,雷阵雨,25,17,东北风,≤3级,南风,≤3级,day
2015-05-17 17:20:00,亨特,7、未按规定让行的 ,负全部责任,不负责任,1,贵AAA566,白,1,贵AFP139,黑,十一培,自培,1999/8/17 0:00,2001/5/11 0:00,大众汽车牌,-1,364547000000000000 ,366364000000000000 ,198006,197411,17,6,5,周末,晚高峰(17-19点),2015-05-17,2015年5月17日,阵雨 /雷阵雨,25℃ / 17℃,东北风 ≤3级 /南风 ≤3级,阵雨,雷阵雨,25,17,东北风,≤3级,南风,≤3级,day
2015-05-19 17:10:00,水口寺,3、倒车的,负全部责任,不负责任,1,贵A62608,黄,0,贵AF3993,黑,十一培,自培,1985/9/23 0:00,2006/11/1 0:00,金轮,天籁牌,364547000000000000 ,364547000000000000 ,196412,196708,17,1,5,工作日,晚高峰(17-19点),2015-05-19,2015年5月19日,阵雨 /大雨,25℃ / 18℃,东北风 ≤3级 /南风 ≤3级,阵雨,大雨,25,18,东北风,≤3级,南风,≤3级,day
2015-05-21 14:05:00,桃源路,8、依法应负全责的其他情形,负全部责任,不负责任,1,贵A09926,白,1,贵ACZ961,红,十一培,自培,1999/4/15 0:00,2004/9/1 0:00,钱江,比亚迪牌,354564000000000000 ,354658000000000000 ,197511,197307,14,3,5,工作日,非高峰,2015-05-21,2015年5月21日,阴 /阵雨,24℃ / 16℃,东风 ≤3级 /东风 ≤3级,阴,阵雨,24,16,东风,≤3级,东风,≤3级,day
2015-05-22 18:00:00,黔灵东路,3、倒车的,负全部责任,不负责任,1,贵AV8377,绿,1,贵A95K37,红,十一培,自培,1992/12/24 0:00,2006/8/21 0:00,轻骑牌,宝马牌,364548000000000000 ,364557000000000000 ,196909,198105,18,4,5,工作日,晚高峰(17-19点),2015-05-22,2015年5月22日,阵雨 /阵雨,19℃ / 14℃,东风 ≤3级 /东风 ≤3级,阵雨,阵雨,19,14,东风,≤3级,东风,≤3级,day
2015-05-23 10:10:00,黄山冲,3、倒车的,负全部责任,不负责任,1,贵A76K72,白,1,贵AU1918,黄,十一培,自培,1997/11/3 0:00,2005/4/14 0:00,东风雪铁龙牌,力帆牌,364548000000000000 ,366367000000000000 ,195009,198302,10,5,5,工作日,非高峰,2015-05-23,2015年5月23日,阵雨 /阴,19℃ / 14℃,东北风 ≤3级 /东北风 ≤3级,阵雨,阴,19,14,东北风,≤3级,东北风,≤3级,day
2015-05-23 11:37:00,翠微巷,7、未按规定让行的 ,负全部责任,不负责任,1,贵AWC716,白,1,贵A7P374,白,十一培,自培,1997/10/9 0:00,2004/12/17 0:00,东风雪铁龙,-1,364548000000000000 ,77446500000000000 ,197812,196710,11,5,5,工作日,非高峰,2015-05-23,2015年5月23日,阵雨 /阴,19℃ / 14℃,东北风 ≤3级 /东北风 ≤3级,阵雨,阴,19,14,东北风,≤3级,东北风,≤3级,day
2015-05-23 17:30:00,新添大道,1、追尾的,负全部责任,不负责任,1,贵G64529,蓝,1,贵ANX887,黄,十一培,自培,1994/5/23 0:00,2002/1/14 0:00,-1,大众汽车牌,366363000000000000 ,364547000000000000 ,197602,198308,17,5,5,工作日,晚高峰(17-19点),2015-05-23,2015年5月23日,阵雨 /阴,19℃ / 14℃,东北风 ≤3级 /东北风 ≤3级,阵雨,阴,19,14,东北风,≤3级,东北风,≤3级,day
2015-05-27 14:00:00,中华南路,7、未按规定让行的 ,负全部责任,不负责任,1,贵A4PS25,白色,1,贵AU1891,白色,十一培,自培,1999/5/18 0:00,2003/4/10 0:00,-1,瑞麒牌,364557000000000000 ,36636051814766443X,197801,197903,14,2,5,工作日,非高峰,2015-05-27,2015年5月27日,阴 /阵雨,26℃ / 20℃,南风 ≤3级 /东北风 ≤3级,阴,阵雨,26,20,南风,≤3级,东北风,≤3级,day
2015-05-27 13:00:00,花果园,7、未按规定让行的 ,负全部责任,不负责任,1,贵AAK412,黑,1,贵ABF341,白,十一培,自培,1995/12/26 0:00,2004/6/7 0:00,大阳牌,长城牌,364547000000000000 ,366347000000000000 ,195809,196703,13,2,5,工作日,非高峰,2015-05-27,2015年5月27日,阴 /阵雨,26℃ / 20℃,南风 ≤3级 /东北风 ≤3级,阴,阵雨,26,20,南风,≤3级,东北风,≤3级,day
2015-05-28 08:00:00,世纪城,7、未按规定让行的 ,负全部责任,不负责任,1,贵ATJ947,白,0,贵GP2102,蓝,十一培,自培,1995/8/21 0:00,2014/2/19 0:00,吉利美日牌,-1,366568000000000000 ,364548000000000000 ,197404,198706,8,3,5,工作日,早高峰(7-9点),2015-05-28,2015年5月28日,多云 /雷阵雨,29℃ / 19℃,南风 ≤3级 /东南风 ≤3级,多云,雷阵雨,29,19,南风,≤3级,东南风,≤3级,day
2015-05-29 15:00:00,黄河路,7、未按规定让行的 ,负全部责任,不负责任,1,贵AU8377,白色,1,贵AU7268,白色,十一培,自培,1992/12/24 0:00,2004/2/17 0:00,瑞麒牌,嘉隆牌,364548000000000000 ,364547000000000000 ,196909,197205,15,4,5,工作日,非高峰,2015-05-29,2015年5月29日,阵雨 /阵雨,24℃ / 17℃,东南风 ≤3级 /东北风 ≤3级,阵雨,阵雨,24,17,东南风,≤3级,东北风,≤3级,day
2015-05-30 00:00:00,东二环,7、未按规定让行的 ,负全部责任,不负责任,1,贵A91960,白色,1,贵A5BG32,白色,十一培,自培,1999/2/8 0:00,2005/3/30 0:00,五菱,大众牌,364547000000000000 ,354366000000000000 ,197602,198612,0,5,5,工作日,非高峰,2015-05-30,2015年5月30日,阵雨 /阵雨,23℃ / 17℃,东北风 ≤3级 /东风 ≤3级,阵雨,阵雨,23,17,东北风,≤3级,东风,≤3级,night
2015-04-18 12:54:00,乌当,3、倒车的,负全部责任,不负责任,1,贵A93A51,白,1,贵A2854学,银,自培,自培,2004/8/18 0:00,2001/2/1 0:00,雪佛兰牌,-1,366246000000000000 ,364548000000000000 ,197812,198205,12,5,4,工作日,非高峰,2015-04-18,2015年4月18日,多云 /雷阵雨,29℃ / 16℃,南风 ≤3级 /南风 ≤3级,多云,雷阵雨,29,16,南风,≤3级,南风,≤3级,day
2015-04-18 16:40:00,金阳车站,9、不符合前8款规定或者双方同时具有上述情形的,负全部责任,不负责任,1,贵A73678,白,1,贵CB5108,红,十一培,自培,1993/3/30 0:00,2004/6/30 0:00,长安,福田牌,366367000000000000 ,366567000000000000 ,196708,198112,16,5,4,工作日,非高峰,2015-04-18,2015年4月18日,多云 /雷阵雨,29℃ / 16℃,南风 ≤3级 /南风 ≤3级,多云,雷阵雨,29,16,南风,≤3级,南风,≤3级,day
2015-04-09 21:59:00,师大,8、依法应负全责的其他情形,负全部责任,不负责任,1,渝7H212,黑,1,贵CN5658,黑,十一培,自培,1985/9/20 0:00,2004/6/4 0:00,牌照错误,丰田牌,366347000000000000 ,364547000000000000 ,196403,198601,21,3,4,工作日,非高峰,2015-04-09,2015年4月9日,阴 /小雨,11℃ / 7℃,东北风 ≤3级 /东北风 ≤3级,阴,小雨,11,7,东北风,≤3级,东北风,≤3级,night
2015-02-27 13:22:00,紫林庵,8、依法应负全责的其他情形,负全部责任,不负责任,1,贵ED7909,黑,1,贵AU8269,绿,十一培,自培,1995/10/12 0:00,2010/6/17 0:00,奥迪牌,飞肯牌,366768000000000000 ,366063000000000000 ,196502,198407,13,4,2,工作日,非高峰,2015-02-27,2015年2月27日,多云 /阵雨,21℃ / 5℃,南风 ≤3级 /南风 ≤3级,多云,阵雨,21,5,南风,≤3级,南风,≤3级,day
2015-03-23 11:22:00,金阳车站,1、追尾的,负全部责任,不负责任,1,贵F42028,绿,1,贵AS090R,白,十一培,自培,1995/7/10 0:00,2010/12/30 0:00,长安牌,-1,366067000000000000 ,356761000000000000 ,197612,197206,11,0,3,工作日,非高峰,2015-03-23,2015年3月23日,多云 /阴,17℃ / 9℃,东北风 ≤3级 /东北风 ≤3级,多云,阴,17,9,东北风,≤3级,东北风,≤3级,day
2015-02-03 18:30:00,白云区,7、未按规定让行的 ,负全部责任,不负责任,1,贵GC3491,黑,1,贵A7531R,蓝,十一培,自培,1995/9/4 0:00,2000/5/31 0:00,起亚牌,大众汽车牌,364558000000000000 ,364558000000000000 ,197001,196501,18,1,2,工作日,晚高峰(17-19点),2015-02-03,2015年2月3日,小雨 /小雨,6℃ / 1℃,东北风 ≤3级 /东北风 ≤3级,小雨,小雨,6,1,东北风,≤3级,东北风,≤3级,day
2015-02-09 09:30:00,花溪大道,3、倒车的,负全部责任,不负责任,1,贵A832F5,黑色,1,贵GR2658,黑色,十一培,自培,1995/12/18 0:00,2004/5/14 0:00,华神牌,北京牌,364547000000000000 ,55760500000000000 ,195604,198102,9,0,2,工作日,早高峰(7-9点),2015-02-09,2015年2月9日,阴 /小雨,6℃ / 4℃,东北风 ≤3级 /东北风 ≤3级,阴,小雨,6,4,东北风,≤3级,东北风,≤3级,day
2015-03-09 07:41:00,沙冲路,1、追尾的,负全部责任,不负责任,1,贵GR1112,白色,1,贵AF7873,白色,十一培,自培,1999/11/7 0:00,2006/1/16 0:00,起亚牌,东风日产牌,364547000000000000 ,364547000000000000 ,197901,197102,7,0,3,工作日,早高峰(7-9点),2015-03-09,2015年3月9日,小雨 /小雨,10℃ / 5℃,东北风 ≤3级 /东北风 ≤3级,小雨,小雨,10,5,东北风,≤3级,东北风,≤3级,day
2015-02-09 18:20:00,斑竹村,7、未按规定让行的 ,负全部责任,不负责任,1,贵A1736X,灰,1,贵GV5173,灰,十一培,自培,1995/10/10 0:00,2002/12/9 0:00,长安牌,丰田牌,364548000000000000 ,364547000000000000 ,195505,197110,18,0,2,工作日,晚高峰(17-19点),2015-02-09,2015年2月9日,阴 /小雨,6℃ / 4℃,东北风 ≤3级 /东北风 ≤3级,阴,小雨,6,4,东北风,≤3级,东北风,≤3级,day
2015-04-30 15:10:00,合群路,3、倒车的,负全部责任,不负责任,1,贵AU7061,蓝,1,贵JAB452,黑,十一培,自培,1996/1/20 0:00,2007/5/24 0:00,捷达牌,福克斯牌,364548000000000000 ,655797000000000000 ,196503,198508,15,3,4,工作日,非高峰,2015-04-30,2015年4月30日,阵雨 /阵雨,25℃ / 17℃,东南风 ≤3级 /东南风 ≤3级,阵雨,阵雨,25,17,东南风,≤3级,东南风,≤3级,day
2015-02-02 20:50:00,双峰路,8、依法应负全责的其他情形,负全部责任,不负责任,1,贵ASN221,银,1,贵AS2239,黑,自培,自培,2002/3/5 0:00,2001/4/26 0:00,五菱牌,宗申牌,364557000000000000 ,356164000000000000 ,197311,197005,20,0,2,工作日,非高峰,2015-02-02,2015年2月2日,阴 /小雨,7℃ / 3℃,南风 ≤3级 /东南风 ≤3级,阴,小雨,7,3,南风,≤3级,东南风,≤3级,night
2015-02-04 13:43:00,宝山北路,8、依法应负全责的其他情形,负全部责任,不负责任,1,贵A65C31,白色,1,贵A29L51,黑色,自培,自培,2007/2/2 0:00,2008/1/3 0:00,东风雪铁龙牌,东风标致牌,5266520000000000 ,364548000000000000 ,198503,198101,13,2,2,工作日,非高峰,2015-02-04,2015年2月4日,小雨 /小雨,4℃ / 0℃,东北风 ≤3级 /东北风 ≤3级,小雨,小雨,4,0,东北风,≤3级,东北风,≤3级,day
2015-02-04 19:00:00,莽牛车,7、未按规定让行的 ,负全部责任,不负责任,1,贵CC7065,黄色,1,贵A9C273,白色,自培,自培,2007/11/19 0:00,2003/9/25 0:00,恒胜牌,-1,366563000000000000 ,364556000000000000 ,198412,197611,19,2,2,工作日,晚高峰(17-19点),2015-02-04,2015年2月4日,小雨 /小雨,4℃ / 0℃,东北风 ≤3级 /东北风 ≤3级,小雨,小雨,4,0,东北风,≤3级,东北风,≤3级,day
2015-02-06 15:30:00,嘉润路口,1、追尾的,负全部责任,不负责任,1,贵JK4597,黑色,1,贵A75C38,黑色,自培,自培,2006/12/19 0:00,2002/11/8 0:00,北京现代牌,奥迪牌,364547000000000000 ,36656651894874527X,197805,197807,15,4,2,工作日,非高峰,2015-02-06,2015年2月6日,多云 /小雨,9℃ / 2℃,南风 ≤3级 /南风 ≤3级,多云,小雨,9,2,南风,≤3级,南风,≤3级,day
2015-02-09 10:10:00,中华北路,1、追尾的,负全部责任,不负责任,1,贵AU2291,绿,1,贵A52C38,黑,自培,自培,2004/2/20 0:00,2006/8/14 0:00,钱江牌,大众牌,364547000000000000 ,364548000000000000 ,196110,198210,10,0,2,工作日,非高峰,2015-02-09,2015年2月9日,阴 /小雨,6℃ / 4℃,东北风 ≤3级 /东北风 ≤3级,阴,小雨,6,4,东北风,≤3级,东北风,≤3级,day
2015-02-09 14:00:00,花溪大道,1、追尾的,负全部责任,不负责任,1,贵A3A5663,白色,1,贵AR7336,白色,自培,自培,2006/4/13 0:00,2007/8/27 0:00,-1,奇瑞牌,366570000000000000 ,36454651844049223X,197809,197004,14,0,2,工作日,非高峰,2015-02-09,2015年2月9日,阴 /小雨,6℃ / 4℃,东北风 ≤3级 /东北风 ≤3级,阴,小雨,6,4,东北风,≤3级,东北风,≤3级,day
2015-02-09 13:00:00,解放路,3、倒车的,负全部责任,不负责任,1,贵A965B8,黑色,1,贵AP945H,白色,自培,自培,2009/3/19 0:00,2007/11/23 0:00,解放牌,-1,366267000000000000 ,364547000000000000 ,199004,198501,13,0,2,工作日,非高峰,2015-02-09,2015年2月9日,阴 /小雨,6℃ / 4℃,东北风 ≤3级 /东北风 ≤3级,阴,小雨,6,4,东北风,≤3级,东北风,≤3级,day
2015-02-09 11:21:00,友谊路,1、追尾的,负全部责任,不负责任,1,贵A2253L,黑色,1,贵AFG493,白色,自培,自培,2009/3/31 0:00,2003/8/26 0:00,比亚迪牌,大众汽车牌,36687551905467638X,366347000000000000 ,198410,197503,11,0,2,工作日,非高峰,2015-02-09,2015年2月9日,阴 /小雨,6℃ / 4℃,东北风 ≤3级 /东北风 ≤3级,阴,小雨,6,4,东北风,≤3级,东北风,≤3级,day
2015-02-09 16:30:00,都拉营,7、未按规定让行的 ,负全部责任,不负责任,1,贵ASP299,黑,0,贵A79266,黄,自培,自培,2004/6/18 0:00,2002/12/2 0:00,思威牌,川路,366566000000000000 ,366546000000000000 ,197906,196702,16,0,2,工作日,非高峰,2015-02-09,2015年2月9日,阴 /小雨,6℃ / 4℃,东北风 ≤3级 /东北风 ≤3级,阴,小雨,6,4,东北风,≤3级,东北风,≤3级,day
2015-02-09 20:00:00,云峰大道,1、追尾的,负全部责任,不负责任,1,贵ATX742,银,1,贵A84P43,黑,自培,自培,2002/9/26 0:00,2001/12/24 0:00,五菱牌,宝马,366577000000000000 ,364558000000000000 ,198105,198212,20,0,2,工作日,非高峰,2015-02-09,2015年2月9日,阴 /小雨,6℃ / 4℃,东北风 ≤3级 /东北风 ≤3级,阴,小雨,6,4,东北风,≤3级,东北风,≤3级,night
2015-02-10 14:20:00,大营路,1、追尾的,负全部责任,不负责任,1,贵AKA728,灰,1,贵AU2616,绿,自培,自培,2007/5/23 0:00,2006/7/13 0:00,东风雪铁龙牌,豪爵牌,366666000000000000 ,364557000000000000 ,197806,197311,14,1,2,工作日,非高峰,2015-02-10,2015年2月10日,小雨 /小雨,6℃ / 3℃,东北风 ≤3级 /东风 ≤3级,小雨,小雨,6,3,东北风,≤3级,东风,≤3级,day
2015-02-10 14:10:00,北京西路,1、追尾的,负全部责任,不负责任,1,贵AB1114,黑,1,贵AU5993,绿,自培,自培,2000/8/14 0:00,2004/5/27 0:00,万虎牌,金城牌,364548000000000000 ,366347000000000000 ,197308,198101,14,1,2,工作日,非高峰,2015-02-10,2015年2月10日,小雨 /小雨,6℃ / 3℃,东北风 ≤3级 /东风 ≤3级,小雨,小雨,6,3,东北风,≤3级,东风,≤3级,day
2015-02-11 07:50:00,贵惠大道八公里大桥上,1、追尾的,负全部责任,不负责任,1,贵ADN009,黑色,1,贵A2BE15,白色,自培,自培,2014/8/29 0:00,2004/3/21 0:00,解放牌,长安牌,366064000000000000 ,364548000000000000 ,199104,198601,7,2,2,工作日,早高峰(7-9点),2015-02-11,2015年2月11日,多云 /多云,11℃ / 3℃,东风 ≤3级 /东北风 ≤3级,多云,多云,11,3,东风,≤3级,东北风,≤3级,day
2015-02-11 08:00:00,珠江湾畔,7、未按规定让行的 ,负全部责任,不负责任,1,贵A0189K,白色,1,贵ACF222,黑色,自培,自培,2006/4/12 0:00,2006/7/27 0:00,切诺基,大众汽车牌,364547000000000000 ,36454751964340205X,197709,198205,8,2,2,工作日,早高峰(7-9点),2015-02-11,2015年2月11日,多云 /多云,11℃ / 3℃,东风 ≤3级 /东北风 ≤3级,多云,多云,11,3,东风,≤3级,东北风,≤3级,day
2015-02-11 11:00:00,贵阳瑞金南路25号,8、依法应负全责的其他情形,负全部责任,不负责任,1,贵A96K56,黑色,1,贵A65F52,黑色,自培,自培,2004/12/28 0:00,2000/4/14 0:00,丰田牌,马自达牌,364547000000000000 ,354657000000000000 ,197809,197111,11,2,2,工作日,非高峰,2015-02-11,2015年2月11日,多云 /多云,11℃ / 3℃,东风 ≤3级 /东北风 ≤3级,多云,多云,11,3,东风,≤3级,东北风,≤3级,day
2015-02-11 11:00:00,中山东路和宝山路交叉,7、未按规定让行的 ,负全部责任,不负责任,1,贵AS4464,白色,1,贵AV0642,白色,自培,自培,2002/3/4 0:00,2001/5/22 0:00,钱江牌,东风牌,366069000000000000 ,364547000000000000 ,197209,196607,11,2,2,工作日,非高峰,2015-02-11,2015年2月11日,多云 /多云,11℃ / 3℃,东风 ≤3级 /东北风 ≤3级,多云,多云,11,3,东风,≤3级,东北风,≤3级,day
2015-05-16 15:20:00,春雷路,1、追尾的,负全部责任,不负责任,1,粤BDG6F9,黑,1,贵A12C86,黑,自培,自培,2002/1/13 0:00,2000/8/1 0:00,-1,别克牌,366875000000000000 ,364647000000000000 ,196412,196909,15,5,5,工作日,非高峰,2015-05-16,2015年5月16日,阴 /雷阵雨,23℃ / 17℃,东北风 ≤3级 /东风 ≤3级,阴,雷阵雨,23,17,东北风,≤3级,东风,≤3级,day
2015-02-15 08:18:00,小河转盘,7、未按规定让行的 ,负全部责任,不负责任,1,贵A2855U,白色,1,贵A2097J,白色,自培,自培,2012/12/17 0:00,2003/8/27 0:00,五菱牌,夏利牌,364596000000000000 ,366662000000000000 ,197208,198009,8,6,2,周末,早高峰(7-9点),2015-02-15,2015年2月15日,多云 /阴,19℃ / 8℃,南风 ≤3级 /东北风 ≤3级,多云,阴,19,8,南风,≤3级,东北风,≤3级,day
2015-02-15 11:30:00,大营坡,7、未按规定让行的 ,负全部责任,不负责任,1,贵A5BJ15,黑,0,贵A47397,黄,自培,自培,2012/7/6 0:00,2011/1/12 0:00,北京现代牌,湘江,36636751954147425X,64995500000000000 ,198109,198704,11,6,2,周末,非高峰,2015-02-15,2015年2月15日,多云 /阴,19℃ / 8℃,南风 ≤3级 /东北风 ≤3级,多云,阴,19,8,南风,≤3级,东北风,≤3级,day
2015-02-15 10:00:00,乌当顺海,1、追尾的,负全部责任,不负责任,1,贵AJR924,银,1,贵A98Y64,黑,自培,自培,2007/7/26 0:00,2007/7/10 0:00,长安牌,一汽佳星牌,366569000000000000 ,366368000000000000 ,198411,196912,10,6,2,周末,非高峰,2015-02-15,2015年2月15日,多云 /阴,19℃ / 8℃,南风 ≤3级 /东北风 ≤3级,多云,阴,19,8,南风,≤3级,东北风,≤3级,day
2015-02-15 15:30:00,观山湖,8、依法应负全责的其他情形,负同等责任,负同等责任,1,贵AK8892,黑,1,贵A97K84,黑,自培,自培,2007/6/25 0:00,2007/5/31 0:00,富路牌,北京现代牌,364548000000000000 ,366347000000000000 ,198508,198706,15,6,2,周末,非高峰,2015-02-15,2015年2月15日,多云 /阴,19℃ / 8℃,南风 ≤3级 /东北风 ≤3级,多云,阴,19,8,南风,≤3级,东北风,≤3级,day
2015-02-15 17:30:00,27路,3、倒车的,负全部责任,不负责任,1,贵A8BE26,黑,0,贵AF4672,蓝,自培,自培,2003/8/9 0:00,2006/1/26 0:00,福克斯牌,起亚牌,364546000000000 ,366067000000000000 ,640425,197507,17,6,2,周末,晚高峰(17-19点),2015-02-15,2015年2月15日,多云 /阴,19℃ / 8℃,南风 ≤3级 /东北风 ≤3级,多云,阴,19,8,南风,≤3级,东北风,≤3级,day
2015-02-15 20:18:00,小河转盘,7、未按规定让行的 ,负全部责任,不负责任,1,贵A2097J,白色,1,贵A2855U,白色,自培,自培,2003/8/27 0:00,2012/12/17 0:00,夏利牌,五菱牌,366662000000000000 ,364596000000000000 ,198009,197208,20,6,2,周末,非高峰,2015-02-15,2015年2月15日,多云 /阴,19℃ / 8℃,南风 ≤3级 /东北风 ≤3级,多云,阴,19,8,南风,≤3级,东北风,≤3级,night
2015-02-16 12:55:00,开发大道航天小区内,3、倒车的,负全部责任,不负责任,1,贵ASH881,白色,1,贵AEZ694,白色,自培,自培,2004/8/10 0:00,2003/4/21 0:00,江铃牌,丰田牌,76161500000000000 ,366061000000000000 ,198301,196811,12,0,2,工作日,非高峰,2015-02-16,2015年2月16日,阴 /阵雨,15℃ / 9℃,东北风 ≤3级 /东南风 ≤3级,阴,阵雨,15,9,东北风,≤3级,东南风,≤3级,day
2015-02-16 12:10:00,客运东站对面,7、未按规定让行的 ,负全部责任,不负责任,1,贵A0177L,白色,1,贵AV2199,白色,自培,自培,2004/6/30 0:00,2008/6/3 0:00,奇瑞牌,雪佛兰牌,366068000000000000 ,36686351904243295X,197609,198406,12,0,2,工作日,非高峰,2015-02-16,2015年2月16日,阴 /阵雨,15℃ / 9℃,东北风 ≤3级 /东南风 ≤3级,阴,阵雨,15,9,东北风,≤3级,东南风,≤3级,day
2015-02-26 16:00:00,东山路口,7、未按规定让行的 ,负全部责任,不负责任,1,贵A67E22,黑色,1,贵A43K44,白色,自培,自培,2007/5/31 0:00,2007/5/31 0:00,金旅牌,雪佛兰牌,366864000000000000 ,364548000000000000 ,197108,198812,16,3,2,工作日,非高峰,2015-02-26,2015年2月26日,阴 /小雨,12℃ / 9℃,东风 ≤3级 /南风 ≤3级,阴,小雨,12,9,东风,≤3级,南风,≤3级,day
2015-02-26 17:55:00,三桥,7、未按规定让行的 ,负全部责任,不负责任,1,贵A7646C,银色,1,贵A7938G,黑色,自培,自培,2002/5/10 0:00,2004/6/28 0:00,解放牌,途威,366663000000000000 ,74546500000000000 ,197605,197410,17,3,2,工作日,晚高峰(17-19点),2015-02-26,2015年2月26日,阴 /小雨,12℃ / 9℃,东风 ≤3级 /南风 ≤3级,阴,小雨,12,9,东风,≤3级,南风,≤3级,day
2015-03-01 13:30:00,小河万科,1、追尾的,负全部责任,不负责任,1,贵AD1144,白色,1,贵AG1414,白色,自培,自培,2004/8/6 0:00,2004/9/9 0:00,雷克牌,雷克萨斯,366367000000000000 ,364548000000000000 ,197102,197206,13,6,3,周末,非高峰,2015-03-01,2015年3月1日,阴 /阴,9℃ / 3℃,东风 ≤3级 /南风 ≤3级,阴,阴,9,3,东风,≤3级,南风,≤3级,day