accidenttime,accidentaddr,driver1fault,driver1responsibility,driver2responsibility,sex1,platenumber1,carcolor1,sex2,platenumber2,carcolor2,jxmc1,jxmc2,cclzrq1,cclzrq2,clpp1,clpp2,driver1license,driver2license,brith1,brith2,hour,weekday,month,is_weekday,peak_hour,date,日期,天气状况,气温,风力风向,day_wea,night_wea,day_tep,night_tep,day_wind_direction,day_wind_speed,night_wind_direction,night_wind_speed,segment
2015-03-01 14:00:00,万东桥,1、追尾的,负全部责任,不负责任,1,贵AR5387,黄色,1,贵AU3066,白色,自培,自培,2004/5/16 0:00,2004/8/29 0:00,宗申牌,捷达牌,364547000000000000 ,366067000000000000 ,198001,198002,14,6,3,周末,非高峰,2015-03-01,2015年3月1日,阴 /阴,9℃ / 3℃,东风 ≤3级 /南风 ≤3级,阴,阴,9,3,东风,≤3级,南风,≤3级,day
2015-03-02 07:40:00,沙冲路,7、未按规定让行的 ,负全部责任,不负责任,1,贵AU6968,白色,1,贵AU5003,白色,自培,自培,2001/1/31 0:00,2006/11/20 0:00,捷达牌,丰田牌,364551000000000000 ,366064000000000000 ,197712,197811,7,0,3,工作日,早高峰(7-9点),2015-03-02,2015年3月2日,阴 /小雨,9℃ / 2℃,东北风 ≤3级 /东北风 ≤3级,阴,小雨,9,2,东北风,≤3级,东北风,≤3级,day
2015-03-03 10:30:00,白云大道,3、倒车的,负全部责任,不负责任,1,贵ARC845,银,1,贵FH8074,黑,自培,自培,2012/12/26 0:00,2005/6/7 0:00,福田牌,五菱牌,357966000000000000 ,36606751964859378X,199303,198207,10,1,3,工作日,非高峰,2015-03-03,2015年3月3日,小雨 /小雨,8℃ / 3℃,东北风 ≤3级 /东北风 ≤3级,小雨,小雨,8,3,东北风,≤3级,东北风,≤3级,day
2015-03-03 11:30:00,奥体中心,1、追尾的,负全部责任,不负责任,1,渝BP3577,白,0,贵ABS882,黄,自培,自培,2008/1/11 0:00,2005/3/2 0:00,无,比亚迪牌,354667000000000000 ,364558000000000000 ,196909,198507,11,1,3,工作日,非高峰,2015-03-03,2015年3月3日,小雨 /小雨,8℃ / 3℃,东北风 ≤3级 /东北风 ≤3级,小雨,小雨,8,3,东北风,≤3级,东北风,≤3级,day
2015-03-03 18:50:00,宅吉小区,7、未按规定让行的 ,负全部责任,不负责任,1,贵A23P73,黑,1,贵ATA994,白,自培,自培,2011/9/25 0:00,2004/2/9 0:00,丰田牌,风神牌,75695500000000000 ,764547000000000000 ,197906,196911,18,1,3,工作日,晚高峰(17-19点),2015-03-03,2015年3月3日,小雨 /小雨,8℃ / 3℃,东北风 ≤3级 /东北风 ≤3级,小雨,小雨,8,3,东北风,≤3级,东北风,≤3级,day
2015-03-04 08:00:00,温泉路,1、追尾的,负全部责任,不负责任,1,贵A8HB15,红,1,贵AC3617,黑,自培,自培,2004/6/14 0:00,2004/4/14 0:00,-1,山城牌,364547000000000000 ,366368000000000000 ,197801,196006,8,2,3,工作日,早高峰(7-9点),2015-03-04,2015年3月4日,小雨 /小雨,6℃ / 1℃,东北风 ≤3级 /东北风 ≤3级,小雨,小雨,6,1,东北风,≤3级,东北风,≤3级,day
2015-03-04 13:00:00,轮胎厂,8、依法应负全责的其他情形,负全部责任,不负责任,1,贵A90629,白,1,贵AU6774,绿,自培,自培,2003/4/11 0:00,2007/7/9 0:00,福田牌,金福牌,366068000000000000 ,366569000000000000 ,198104,198407,13,2,3,工作日,非高峰,2015-03-04,2015年3月4日,小雨 /小雨,6℃ / 1℃,东北风 ≤3级 /东北风 ≤3级,小雨,小雨,6,1,东北风,≤3级,东北风,≤3级,day
2015-03-05 17:21:00,花果园,7、未按规定让行的 ,负全部责任,不负责任,1,贵A27P33,白色,1,贵ARU636,白色,自培,自培,2011/7/1 0:00,2005/2/25 0:00,大众牌,吉利牌,366564000000000000 ,366068000000000000 ,198604,198004,17,3,3,工作日,晚高峰(17-19点),2015-03-05,2015年3月5日,小雨 /小雨,4℃ / 1℃,东北风 ≤3级 /东北风 ≤3级,小雨,小雨,4,1,东北风,≤3级,东北风,≤3级,day
2015-03-05 15:30:00,小河转盘,7、未按规定让行的 ,负全部责任,不负责任,1,贵A0A826,白色,1,贵AGT716,白色,自培,自培,2004/1/19 0:00,2002/6/27 0:00,广汽菲亚特,北京牌,364556000000000000 ,36455551285567095X,197307,196711,15,3,3,工作日,非高峰,2015-03-05,2015年3月5日,小雨 /小雨,4℃ / 1℃,东北风 ≤3级 /东北风 ≤3级,小雨,小雨,4,1,东北风,≤3级,东北风,≤3级,day
2015-03-06 09:10:00,市公安局,1、追尾的,负全部责任,不负责任,1,贵AA324C,银,1,贵A6530S,白,自培,自培,2006/8/15 0:00,2007/1/16 0:00,威志牌,五菱牌,36455651894074585X,376570000000000000 ,197804,196407,9,4,3,工作日,早高峰(7-9点),2015-03-06,2015年3月6日,小雨 /小雨,5℃ / 3℃,东北风 ≤3级 /东北风 ≤3级,小雨,小雨,5,3,东北风,≤3级,东北风,≤3级,day
2015-03-06 13:30:00,四川巷,8、依法应负全责的其他情形,负全部责任,不负责任,1,贵AFV717,蓝,1,贵AVK171,黄,自培,自培,2003/7/10 0:00,2003/11/12 0:00,一汽佳星牌,长安牌,364548000000000000 ,364548000000000000 ,196804,198504,13,4,3,工作日,非高峰,2015-03-06,2015年3月6日,小雨 /小雨,5℃ / 3℃,东北风 ≤3级 /东北风 ≤3级,小雨,小雨,5,3,东北风,≤3级,东北风,≤3级,day
2015-03-06 17:00:00,望城坡,1、追尾的,负全部责任,不负责任,1,贵ACQ481,白色,1,贵A18B71,白色,自培,自培,2002/7/2 0:00,2003/7/3 0:00,比亚迪牌,雪佛兰牌,364557000000000000 ,364556000000000000 ,198101,197611,17,4,3,工作日,晚高峰(17-19点),2015-03-06,2015年3月6日,小雨 /小雨,5℃ / 3℃,东北风 ≤3级 /东北风 ≤3级,小雨,小雨,5,3,东北风,≤3级,东北风,≤3级,day
2015-03-06 17:55:00,花溪区三五三七厂路口,9、不符合前8款规定或者双方同时具有上述情形的,负同等责任,负同等责任,1,贵GGC934,白色,1,贵JM3382,白色,自培,自培,2007/9/7 0:00,2003/9/29 0:00,广汽菲亚特牌,红旗牌,364556000000000000 ,364556000000000000 ,198712,197608,17,4,3,工作日,晚高峰(17-19点),2015-03-06,2015年3月6日,小雨 /小雨,5℃ / 3℃,东北风 ≤3级 /东北风 ≤3级,小雨,小雨,5,3,东北风,≤3级,东北风,≤3级,day
2015-03-06 23:00:00,花溪,7、未按规定让行的 ,负全部责任,不负责任,1,贵A19X94,白色,1,贵J03945,白色,自培,自培,2002/4/1 0:00,2012/2/2 0:00,别克牌,东风牌,366876000000000000 ,364646000000000000 ,197205,197202,23,4,3,工作日,非高峰,2015-03-06,2015年3月6日,小雨 /小雨,5℃ / 3℃,东北风 ≤3级 /东北风 ≤3级,小雨,小雨,5,3,东北风,≤3级,东北风,≤3级,night
2015-03-07 02:10:00,航天大道,3、倒车的,负全部责任,不负责任,1,贵AU8798,白色,1,贵AU2372,白色,自培,自培,2007/12/24 0:00,2004/4/9 0:00,金捷牌,大运牌,74667500000000000 ,364547000000000000 ,198611,196510,2,5,3,工作日,非高峰,2015-03-07,2015年3月7日,阴 /小雨,10℃ / 5℃,东风 ≤3级 /东南风 ≤3级,阴,小雨,10,5,东风,≤3级,东南风,≤3级,night
2015-03-07 11:05:00,北站,8、依法应负全责的其他情形,负全部责任,不负责任,1,贵A1098M,黑,1,贵AU9754,黑,自培,自培,2013/1/22 0:00,2001/12/6 0:00,吉利牌,瑞麒牌,366368000000000000 ,366346000000000000 ,197411,197803,11,5,3,工作日,非高峰,2015-03-07,2015年3月7日,阴 /小雨,10℃ / 5℃,东风 ≤3级 /东南风 ≤3级,阴,小雨,10,5,东风,≤3级,东南风,≤3级,day
2015-03-07 07:11:00,金阳,8、依法应负全责的其他情形,负全部责任,不负责任,1,贵JAE414,白,1,贵AJG423,银,自培,自培,2014/1/17 0:00,2007/9/19 0:00,丰田牌,东风雪铁龙牌,355266000000000000 ,36454651994951045X,199104,198808,7,5,3,工作日,早高峰(7-9点),2015-03-07,2015年3月7日,阴 /小雨,10℃ / 5℃,东风 ≤3级 /东南风 ≤3级,阴,小雨,10,5,东风,≤3级,东南风,≤3级,day
2015-03-07 11:52:00,彭家湾,7、未按规定让行的 ,负全部责任,不负责任,1,贵AMH256,银,1,贵AKX988,白,自培,自培,2004/3/15 0:00,2001/4/26 0:00,锋范牌,艾力绅牌,366364000000000000 ,364547000000000000 ,196502,197611,11,5,3,工作日,非高峰,2015-03-07,2015年3月7日,阴 /小雨,10℃ / 5℃,东风 ≤3级 /东南风 ≤3级,阴,小雨,10,5,东风,≤3级,东南风,≤3级,day
2015-03-08 10:10:00,花溪,1、追尾的,负全部责任,不负责任,1,贵A13P36,白色,1,贵A69K72,白色,自培,自培,2002/4/27 0:00,2006/6/7 0:00,丰田牌,丰田牌,364556000000000000 ,364556000000000000 ,197310,197711,10,6,3,周末,非高峰,2015-03-08,2015年3月8日,小雨 /阴,11℃ / 6℃,东北风 ≤3级 /东北风 ≤3级,小雨,阴,11,6,东北风,≤3级,东北风,≤3级,day
2015-03-08 11:00:00,天河潭,7、未按规定让行的 ,负全部责任,不负责任,1,贵A147D3,白色,1,贵A3989H,白色,自培,自培,2009/6/26 0:00,2000/6/12 0:00,解放牌,北京现代牌,34479551914268535X,364556000000000000 ,198906,197912,11,6,3,周末,非高峰,2015-03-08,2015年3月8日,小雨 /阴,11℃ / 6℃,东北风 ≤3级 /东北风 ≤3级,小雨,阴,11,6,东北风,≤3级,东北风,≤3级,day
2015-03-08 10:54:00,登高山,3、倒车的,负全部责任,不负责任,1,贵ACR582,黑,1,贵A27B56,白,自培,自培,2002/5/16 0:00,2005/8/2 0:00,中华牌,福克斯牌,366367000000000000 ,364558000000000000 ,198004,197404,10,6,3,周末,非高峰,2015-03-08,2015年3月8日,小雨 /阴,11℃ / 6℃,东北风 ≤3级 /东北风 ≤3级,小雨,阴,11,6,东北风,≤3级,东北风,≤3级,day
2015-03-08 05:30:00,花果园,7、未按规定让行的 ,负全部责任,不负责任,1,贵A29994,黄色,1,贵A52R36,白色,自培,自培,2000/10/12 0:00,2006/12/14 0:00,奥德赛,奥迪牌,364547000000000000 ,364548000000000000 ,196307,198510,5,6,3,周末,非高峰,2015-03-08,2015年3月8日,小雨 /阴,11℃ / 6℃,东北风 ≤3级 /东北风 ≤3级,小雨,阴,11,6,东北风,≤3级,东北风,≤3级,night
2015-03-08 22:00:00,金源街,7、未按规定让行的 ,负全部责任,不负责任,1,贵A07867,绿,1,贵AK4845,白,自培,自培,2007/2/15 0:00,2001/6/26 0:00,航天,长安,366566000000000000 ,366661000000000000 ,197104,196911,22,6,3,周末,非高峰,2015-03-08,2015年3月8日,小雨 /阴,11℃ / 6℃,东北风 ≤3级 /东北风 ≤3级,小雨,阴,11,6,东北风,≤3级,东北风,≤3级,night
2015-03-09 12:30:00,金关,1、追尾的,负全部责任,不负责任,1,贵A48657,黑,1,贵AW1676,黑,自培,自培,2001/5/14 0:00,2003/4/18 0:00,东风,金杯牌,364548000000000000 ,364557000000000000 ,196005,196803,12,0,3,工作日,非高峰,2015-03-09,2015年3月9日,小雨 /小雨,10℃ / 5℃,东北风 ≤3级 /东北风 ≤3级,小雨,小雨,10,5,东北风,≤3级,东北风,≤3级,day
2015-03-09 11:40:00,金珠西路,1、追尾的,负全部责任,不负责任,1,贵A66974,红,1,贵A55W24,银,自培,自培,2006/9/5 0:00,2006/1/20 0:00,长安,奇瑞牌,364596000000000000 ,36455651205563638X,198711,196411,11,0,3,工作日,非高峰,2015-03-09,2015年3月9日,小雨 /小雨,10℃ / 5℃,东北风 ≤3级 /东北风 ≤3级,小雨,小雨,10,5,东北风,≤3级,东北风,≤3级,day
2015-03-09 15:30:00,场坝村,3、倒车的,负全部责任,不负责任,1,贵A32736,白色,1,贵A2649M,黄色,自培,自培,2006/10/11 0:00,2005/1/26 0:00,柳特神力牌,波罗牌,77634551854140835X,366567000000000000 ,197109,198612,15,0,3,工作日,非高峰,2015-03-09,2015年3月9日,小雨 /小雨,10℃ / 5℃,东北风 ≤3级 /东北风 ≤3级,小雨,小雨,10,5,东北风,≤3级,东北风,≤3级,day
2015-03-10 14:00:00,师大,7、未按规定让行的 ,负全部责任,不负责任,1,贵AU8848,绿,1,贵AG7597,黑,自培,自培,2006/9/18 0:00,2005/1/6 0:00,蒙德王牌,中华牌,366068000000000000 ,364558000000000000 ,198107,197510,14,1,3,工作日,非高峰,2015-03-10,2015年3月10日,小雨 /小雨,8℃ / 4℃,东北风 ≤3级 /东北风 ≤3级,小雨,小雨,8,4,东北风,≤3级,东北风,≤3级,day
2015-03-11 16:00:00,清溪路,1、追尾的,负全部责任,不负责任,1,贵A238H4,白色,1,贵AU5467,白色,自培,自培,2006/7/12 0:00,2008/5/5 0:00,江铃牌,豪爵牌,374796000000000000 ,366862000000000000 ,198603,197910,16,2,3,工作日,非高峰,2015-03-11,2015年3月11日,阴 /小雨,8℃ / 4℃,东北风 ≤3级 /东北风 ≤3级,阴,小雨,8,4,东北风,≤3级,东北风,≤3级,day
2015-03-11 15:20:00,西南环线,1、追尾的,负全部责任,不负责任,1,贵A74X12,白色,1,贵A93N91,白色,自培,自培,2002/4/11 0:00,2004/8/5 0:00,梅赛德斯-奔驰牌,威志牌,366067000000000000 ,366068000000000000 ,197004,196709,15,2,3,工作日,非高峰,2015-03-11,2015年3月11日,阴 /小雨,8℃ / 4℃,东北风 ≤3级 /东北风 ≤3级,阴,小雨,8,4,东北风,≤3级,东北风,≤3级,day
2015-03-11 14:30:00,百花大道,7、未按规定让行的 ,负全部责任,不负责任,1,贵F79406,红,1,贵AU0023,蓝,自培,自培,2002/3/4 0:00,2000/6/15 0:00,南骏牌,宝来牌,366068000000000000 ,366361000000000000 ,198309,197712,14,2,3,工作日,非高峰,2015-03-11,2015年3月11日,阴 /小雨,8℃ / 4℃,东北风 ≤3级 /东北风 ≤3级,阴,小雨,8,4,东北风,≤3级,东北风,≤3级,day
2015-03-12 07:40:00,大营坡,7、未按规定让行的 ,负全部责任,不负责任,1,贵A66P29,黑,1,贵AU1959,黑,自培,自培,2004/5/27 0:00,2009/8/22 0:00,大众汽车牌,瑞麒牌,364547000000000000 ,366068000000000000 ,197312,198802,7,3,3,工作日,早高峰(7-9点),2015-03-12,2015年3月12日,多云 /多云,16℃ / 10℃,南风 ≤3级 /南风 ≤3级,多云,多云,16,10,南风,≤3级,南风,≤3级,day
2015-03-12 15:10:00,二铺,1、追尾的,负全部责任,不负责任,1,贵AMB454,银,1,贵A3270B,银,自培,自培,2008/6/27 0:00,2014/4/30 0:00,东风牌,五菱牌,36657651994150517X,364557000000000000 ,198809,198203,15,3,3,工作日,非高峰,2015-03-12,2015年3月12日,多云 /多云,16℃ / 10℃,南风 ≤3级 /南风 ≤3级,多云,多云,16,10,南风,≤3级,南风,≤3级,day
2015-03-12 14:00:00,二铺,7、未按规定让行的 ,负全部责任,不负责任,1,云A7565J,白,1,贵AGN471,白,自培,自培,2011/12/13 0:00,2005/11/4 0:00,奇瑞牌,江淮牌,72475551174662647X,364557000000000000 ,199302,197412,14,3,3,工作日,非高峰,2015-03-12,2015年3月12日,多云 /多云,16℃ / 10℃,南风 ≤3级 /南风 ≤3级,多云,多云,16,10,南风,≤3级,南风,≤3级,day
2015-03-12 15:57:00,白云区,1、追尾的,负全部责任,不负责任,0,贵AVL716,红,1,贵ABM894,白,自培,自培,2004/7/25 0:00,2004/2/6 0:00,起亚牌,起亚牌,76366500000000000 ,364557000000000000 ,197502,198111,15,3,3,工作日,非高峰,2015-03-12,2015年3月12日,多云 /多云,16℃ / 10℃,南风 ≤3级 /南风 ≤3级,多云,多云,16,10,南风,≤3级,南风,≤3级,day
2015-03-12 15:10:00,金关,1、追尾的,负全部责任,不负责任,0,贵FF4156,黑,0,贵ATA782,黑,自培,自培,2004/9/28 0:00,2005/1/26 0:00,起亚牌,起亚牌,366067000000000000 ,366066000000000000 ,197409,197006,15,3,3,工作日,非高峰,2015-03-12,2015年3月12日,多云 /多云,16℃ / 10℃,南风 ≤3级 /南风 ≤3级,多云,多云,16,10,南风,≤3级,南风,≤3级,day
2015-03-13 18:05:00,保利公园,7、未按规定让行的 ,负全部责任,不负责任,1,贵AL4411,银,1,贵A27702,银,自培,自培,2000/7/24 0:00,2006/6/5 0:00,丰田,陕汽牌,366361000000000000 ,364557000000000000 ,196601,198407,18,4,3,工作日,晚高峰(17-19点),2015-03-13,2015年3月13日,多云 /阵雨,17℃ / 12℃,南风 ≤3级 /南风 ≤3级,多云,阵雨,17,12,南风,≤3级,南风,≤3级,day
2015-03-13 17:30:00,金珠西路,7、未按规定让行的 ,负全部责任,不负责任,1,贵A23K62,白,1,贵A99564,黄,自培,自培,2005/7/28 0:00,2005/2/28 0:00,大众汽车牌,长安,364567000000000000 ,364557000000000000 ,198609,197410,17,4,3,工作日,晚高峰(17-19点),2015-03-13,2015年3月13日,多云 /阵雨,17℃ / 12℃,南风 ≤3级 /南风 ≤3级,多云,阵雨,17,12,南风,≤3级,南风,≤3级,day
2015-03-14 10:35:00,北京西路,7、未按规定让行的 ,负全部责任,不负责任,1,贵AU2604,银,1,贵AVE729,黑,自培,自培,2002/9/29 0:00,2007/5/16 0:00,瑞麒牌,长城牌,366061000000000000 ,355468000000000000 ,198202,197301,10,5,3,工作日,非高峰,2015-03-14,2015年3月14日,阴 /阴,17℃ / 12℃,南风 ≤3级 /东南风 ≤3级,阴,阴,17,12,南风,≤3级,东南风,≤3级,day
2015-03-14 09:00:00,黔灵山公园,7、未按规定让行的 ,负全部责任,不负责任,1,贵AU0421,黑色,1,贵AU5896,白色,自培,自培,2002/9/11 0:00,2003/11/12 0:00,国威牌,宗申牌,364548000000000000 ,36636651874958595X,198404,197308,9,5,3,工作日,早高峰(7-9点),2015-03-14,2015年3月14日,阴 /阴,17℃ / 12℃,南风 ≤3级 /东南风 ≤3级,阴,阴,17,12,南风,≤3级,东南风,≤3级,day
2015-03-14 16:00:00,春雷路,7、未按规定让行的 ,负全部责任,不负责任,1,贵AU9875,黑,1,贵AKE533,黑,自培,自培,2006/10/31 0:00,2004/11/24 0:00,瑞麒牌,福特牌,366347000000000000 ,36454751944863040X,198101,198007,16,5,3,工作日,非高峰,2015-03-14,2015年3月14日,阴 /阴,17℃ / 12℃,南风 ≤3级 /东南风 ≤3级,阴,阴,17,12,南风,≤3级,东南风,≤3级,day
2015-03-14 22:10:00,沙冲路,7、未按规定让行的 ,负全部责任,不负责任,1,贵AKB688,白色,1,贵AWC329,白色,自培,自培,2005/1/10 0:00,2004/3/15 0:00,凯迪拉克,骐达牌,36666351234366697X,36454651884346796X,196505,197705,22,5,3,工作日,非高峰,2015-03-14,2015年3月14日,阴 /阴,17℃ / 12℃,南风 ≤3级 /东南风 ≤3级,阴,阴,17,12,南风,≤3级,东南风,≤3级,night
2015-03-14 21:30:00,中华南路,7、未按规定让行的 ,负全部责任,不负责任,1,贵A56C41,黑,1,贵AD1389,白,自培,自培,2004/12/17 0:00,2004/7/28 0:00,福克斯牌,五十铃,364548000000000000 ,366361000000000000 ,197001,197402,21,5,3,工作日,非高峰,2015-03-14,2015年3月14日,阴 /阴,17℃ / 12℃,南风 ≤3级 /东南风 ≤3级,阴,阴,17,12,南风,≤3级,东南风,≤3级,night
2015-03-15 09:15:00,东山,9、不符合前8款规定或者双方同时具有上述情形的,负同等责任,负同等责任,1,贵A54M31,白,1,鄂FBN346,白,自培,自培,2005/2/2 0:00,2008/4/23 0:00,福克斯牌,\N,364548000000000000 ,64265500000000000 ,196612,198708,9,6,3,周末,早高峰(7-9点),2015-03-15,2015年3月15日,阴 /阴,18℃ / 13℃,东风 ≤3级 /南风 ≤3级,阴,阴,18,13,东风,≤3级,南风,≤3级,day
2015-03-15 12:40:00,解放路,7、未按规定让行的 ,负全部责任,不负责任,1,贵AGL285,白色,1,贵AU5707,绿色,自培,自培,2014/5/28 0:00,2002/4/26 0:00,昌河牌,飞鹰牌,724561000000000000 ,354668000000000000 ,198010,197211,12,6,3,周末,非高峰,2015-03-15,2015年3月15日,阴 /阴,18℃ / 13℃,东风 ≤3级 /南风 ≤3级,阴,阴,18,13,东风,≤3级,南风,≤3级,day
2015-03-15 13:20:00,凤凰翠堤,1、追尾的,负全部责任,不负责任,1,贵A35J75,白色,1,贵AU4349,白色,自培,自培,2009/5/20 0:00,2000/6/12 0:00,长城牌,宗申牌,366663000000000000 ,364547000000000000 ,198605,196505,13,6,3,周末,非高峰,2015-03-15,2015年3月15日,阴 /阴,18℃ / 13℃,东风 ≤3级 /南风 ≤3级,阴,阴,18,13,东风,≤3级,南风,≤3级,day
2015-03-17 10:00:00,万东桥,7、未按规定让行的 ,负全部责任,不负责任,1,贵A2BY93,白,1,贵AHD559,银,自培,自培,2011/9/7 0:00,2006/6/15 0:00,福克斯牌,颐达牌,355296000000000000 ,364547000000000000 ,199002,196811,10,1,3,工作日,非高峰,2015-03-17,2015年3月17日,多云 /多云,25℃ / 14℃,南风 ≤3级 /南风 ≤3级,多云,多云,25,14,南风,≤3级,南风,≤3级,day
2015-03-17 14:30:00,军区,8、依法应负全责的其他情形,负全部责任,不负责任,1,贵AH2992,白色,1,贵ACC057,白色,自培,自培,2004/4/19 0:00,2004/6/15 0:00,嘉陵牌,宝马牌,364551000000000000 ,364548000000000000 ,196309,198401,14,1,3,工作日,非高峰,2015-03-17,2015年3月17日,多云 /多云,25℃ / 14℃,南风 ≤3级 /南风 ≤3级,多云,多云,25,14,南风,≤3级,南风,≤3级,day
2015-03-17 15:40:00,朱昌镇,8、依法应负全责的其他情形,负全部责任,不负责任,1,贵A80614,蓝,1,贵AMG476,银,自培,自培,2004/4/9 0:00,2004/10/13 0:00,昌河,比亚迪牌,364557000000000000 ,364557000000000000 ,197301,198109,15,1,3,工作日,非高峰,2015-03-17,2015年3月17日,多云 /多云,25℃ / 14℃,南风 ≤3级 /南风 ≤3级,多云,多云,25,14,南风,≤3级,南风,≤3级,day
2015-03-17 16:00:00,二铺,8、依法应负全责的其他情形,负全部责任,不负责任,1,贵AKP446,黑,1,贵A90661,黄,自培,自培,2007/4/27 0:00,2005/11/16 0:00,奥迪牌,豪泺牌,364557000000000000 ,366364000000000000 ,197909,196712,16,1,3,工作日,非高峰,2015-03-17,2015年3月17日,多云 /多云,25℃ / 14℃,南风 ≤3级 /南风 ≤3级,多云,多云,25,14,南风,≤3级,南风,≤3级,day
2015-03-17 17:25:00,中华南路,1、追尾的,负全部责任,不负责任,1,粤A971KQ,黑,1,贵GP5809,银,自培,自培,2013/9/24 0:00,2001/7/11 0:00,别克牌,别克牌,3695520000000000 ,364548000000000000 ,197904,197310,17,1,3,工作日,晚高峰(17-19点),2015-03-17,2015年3月17日,多云 /多云,25℃ / 14℃,南风 ≤3级 /南风 ≤3级,多云,多云,25,14,南风,≤3级,南风,≤3级,day
2015-03-17 20:00:00,西南商贸城,9、不符合前8款规定或者双方同时具有上述情形的,负同等责任,负同等责任,1,川Z79379,红,1,贵ATG632,白,自培,自培,2010/7/20 0:00,2003/12/2 0:00,-1,解放牌,357967000000000000 ,354166000000000000 ,198511,196406,20,1,3,工作日,非高峰,2015-03-17,2015年3月17日,多云 /多云,25℃ / 14℃,南风 ≤3级 /南风 ≤3级,多云,多云,25,14,南风,≤3级,南风,≤3级,night
2015-03-17 22:06:00,大营坡,8、依法应负全责的其他情形,负全部责任,不负责任,1,贵A98528,白,1,贵A19K85,白,自培,自培,2004/10/25 0:00,2004/3/13 0:00,时风牌,长安牌,366271000000000000 ,364548000000000000 ,198302,198209,22,1,3,工作日,非高峰,2015-03-17,2015年3月17日,多云 /多云,25℃ / 14℃,南风 ≤3级 /南风 ≤3级,多云,多云,25,14,南风,≤3级,南风,≤3级,night
2015-03-18 16:59:00,野鸭塘,7、未按规定让行的 ,负全部责任,不负责任,1,晋UAT170,银,1,贵AA293Y,黑,自培,自培,2014/6/30 0:00,2003/4/25 0:00,\N,江铃牌,506075000000000000 ,364557000000000000 ,199302,196803,16,2,3,工作日,非高峰,2015-03-18,2015年3月18日,多云 /多云,24℃ / 14℃,南风 ≤3级 /南风 ≤3级,多云,多云,24,14,南风,≤3级,南风,≤3级,day
2015-03-19 11:30:00,枣山路,1、追尾的,负全部责任,不负责任,0,贵AUA397,绿,0,贵AU1519,绿,自培,自培,2007/3/22 0:00,2006/6/9 0:00,大众牌,豪爵,734596000000000000 ,366561000000000000 ,198506,197007,11,3,3,工作日,非高峰,2015-03-19,2015年3月19日,多云 /阵雨,26℃ / 12℃,南风 ≤3级 /东北风 ≤3级,多云,阵雨,26,12,南风,≤3级,东北风,≤3级,day
2015-03-19 18:00:00,五里冲,7、未按规定让行的 ,负全部责任,不负责任,1,贵A6BJ21,白色,1,贵A7295R,黑色,自培,自培,2012/9/26 0:00,2002/9/25 0:00,大众牌,起亚牌,366546000000000000 ,366347000000000000 ,199004,198404,18,3,3,工作日,晚高峰(17-19点),2015-03-19,2015年3月19日,多云 /阵雨,26℃ / 12℃,南风 ≤3级 /东北风 ≤3级,多云,阵雨,26,12,南风,≤3级,东北风,≤3级,day
2015-03-19 18:00:00,黔林山路,1、追尾的,负全部责任,不负责任,1,贵AAC688,白,1,贵AU0497,黄,自培,自培,2009/3/9 0:00,2004/6/29 0:00,力之星牌,万达牌,357968000000000000 ,366561000000000000 ,198803,197506,18,3,3,工作日,晚高峰(17-19点),2015-03-19,2015年3月19日,多云 /阵雨,26℃ / 12℃,南风 ≤3级 /东北风 ≤3级,多云,阵雨,26,12,南风,≤3级,东北风,≤3级,day
2015-03-20 08:10:00,花溪,1、追尾的,负全部责任,不负责任,1,贵JDN481,白色,1,贵A4AX21,白色,自培,自培,2001/5/31 0:00,2005/11/30 0:00,起亚牌,东风标致牌,364556000000000000 ,366347000000000000 ,198105,198311,8,4,3,工作日,早高峰(7-9点),2015-03-20,2015年3月20日,阴 /阵雨,14℃ / 10℃,东北风 ≤3级 /东北风 ≤3级,阴,阵雨,14,10,东北风,≤3级,东北风,≤3级,day
2015-03-20 10:30:00,小河,7、未按规定让行的 ,负全部责任,不负责任,1,贵AB9346,白色,1,贵A85N74,白色,自培,自培,2003/12/19 0:00,2005/8/2 0:00,长安,长安牌,354670000000000000 ,364547000000000000 ,195904,198212,10,4,3,工作日,非高峰,2015-03-20,2015年3月20日,阴 /阵雨,14℃ / 10℃,东北风 ≤3级 /东北风 ≤3级,阴,阵雨,14,10,东北风,≤3级,东北风,≤3级,day
2015-03-20 09:15:00,省公安厅,7、未按规定让行的 ,负全部责任,不负责任,0,贵AWB211,白,1,贵AU0001,蓝,自培,自培,2006/9/1 0:00,2000/11/22 0:00,北京现代牌,宝来牌,364548000000000000 ,364547000000000000 ,196002,198205,9,4,3,工作日,早高峰(7-9点),2015-03-20,2015年3月20日,阴 /阵雨,14℃ / 10℃,东北风 ≤3级 /东北风 ≤3级,阴,阵雨,14,10,东北风,≤3级,东北风,≤3级,day
2015-03-20 10:00:00,老客车站,9、不符合前8款规定或者双方同时具有上述情形的,负同等责任,负同等责任,0,贵A13M35,白,1,贵AF3472,黑,自培,自培,2007/3/5 0:00,2001/9/25 0:00,福克斯牌,奥迪牌,364547000000000000 ,366566000000000000 ,198108,196603,10,4,3,工作日,非高峰,2015-03-20,2015年3月20日,阴 /阵雨,14℃ / 10℃,东北风 ≤3级 /东北风 ≤3级,阴,阵雨,14,10,东北风,≤3级,东北风,≤3级,day