accidenttime,accidentaddr,driver1fault,driver1responsibility,driver2responsibility,sex1,platenumber1,carcolor1,sex2,platenumber2,carcolor2,jxmc1,jxmc2,cclzrq1,cclzrq2,clpp1,clpp2,driver1license,driver2license,brith1,brith2,hour,weekday,month,is_weekday,peak_hour,date,日期,天气状况,气温,风力风向,day_wea,night_wea,day_tep,night_tep,day_wind_direction,day_wind_speed,night_wind_direction,night_wind_speed,segment
2015-03-20 18:00:00,枣山路,7、未按规定让行的 ,负全部责任,不负责任,1,贵GR1958,银,1,贵A46X96,银,自培,自培,2008/4/3 0:00,2005/8/24 0:00,飞思,别克牌,364548000000000000 ,364548000000000000 ,198610,195202,18,4,3,工作日,晚高峰(17-19点),2015-03-20,2015年3月20日,阴 /阵雨,14℃ / 10℃,东北风 ≤3级 /东北风 ≤3级,阴,阵雨,14,10,东北风,≤3级,东北风,≤3级,day
2015-03-21 08:50:00,二戈寨,7、未按规定让行的 ,负全部责任,不负责任,1,贵C93026,白色,1,贵A32A94,白色,自培,自培,2006/3/6 0:00,2005/2/3 0:00,恒胜,长安牌,36657451864961835X,366568000000000000 ,197208,198110,8,5,3,工作日,早高峰(7-9点),2015-03-21,2015年3月21日,阴 /阴,16℃ / 11℃,东北风 ≤3级 /东南风 ≤3级,阴,阴,16,11,东北风,≤3级,东南风,≤3级,day
2015-03-21 21:40:00,实验中学,3、倒车的,负全部责任,不负责任,1,贵AB3782,白色,1,贵AS1076,白色,自培,自培,2003/10/10 0:00,2003/8/1 0:00,本田牌,凯尔牌,364551000000000000 ,36454751274264325X,196402,196306,21,5,3,工作日,非高峰,2015-03-21,2015年3月21日,阴 /阴,16℃ / 11℃,东北风 ≤3级 /东南风 ≤3级,阴,阴,16,11,东北风,≤3级,东南风,≤3级,night
2015-03-22 15:20:00,世纪城,7、未按规定让行的 ,负全部责任,不负责任,1,贵AAN188,银,1,贵AN1271,银,自培,自培,2007/5/31 0:00,2001/4/24 0:00,思迪牌,圣火神牌,364648000000000000 ,366346000000000000 ,198803,197008,15,6,3,周末,非高峰,2015-03-22,2015年3月22日,阵雨 /阵雨,19℃ / 10℃,东南风 ≤3级 /东风 ≤3级,阵雨,阵雨,19,10,东南风,≤3级,东风,≤3级,day
2015-03-22 16:00:00,乌当,7、未按规定让行的 ,负全部责任,不负责任,0,贵JBT131,白,1,贵ACQ285,银,自培,自培,2015/2/28 0:00,2005/1/28 0:00,宝骏牌,别克牌,364557000000000000 ,366570000000000000 ,198206,197602,16,6,3,周末,非高峰,2015-03-22,2015年3月22日,阵雨 /阵雨,19℃ / 10℃,东南风 ≤3级 /东风 ≤3级,阵雨,阵雨,19,10,东南风,≤3级,东风,≤3级,day
2015-03-22 16:00:00,小河,8、依法应负全责的其他情形,负全部责任,不负责任,1,贵A59445,白色,1,贵A42N88,白色,自培,自培,2014/12/22 0:00,2004/6/1 0:00,沈阳,大众牌,366061000000000000 ,364547000000000000 ,198805,197603,16,6,3,周末,非高峰,2015-03-22,2015年3月22日,阵雨 /阵雨,19℃ / 10℃,东南风 ≤3级 /东风 ≤3级,阵雨,阵雨,19,10,东南风,≤3级,东风,≤3级,day
2015-03-22 19:38:00,北京西路,7、未按规定让行的 ,负全部责任,不负责任,1,贵AL6953,白,1,贵ACH889,银,自培,自培,2004/4/15 0:00,2002/7/2 0:00,建设牌,长城牌,07406651944565145X,366577000000000000 ,198001,197103,19,6,3,周末,晚高峰(17-19点),2015-03-22,2015年3月22日,阵雨 /阵雨,19℃ / 10℃,东南风 ≤3级 /东风 ≤3级,阵雨,阵雨,19,10,东南风,≤3级,东风,≤3级,day
2015-03-23 10:00:00,省政府,3、倒车的,负全部责任,不负责任,1,贵JDJ629,黑,1,贵AL8878,黑,自培,自培,2004/5/13 0:00,2007/4/13 0:00,新大洲牌,速腾牌,364548000000000000 ,364548000000000000 ,196502,197801,10,0,3,工作日,非高峰,2015-03-23,2015年3月23日,多云 /阴,17℃ / 9℃,东北风 ≤3级 /东北风 ≤3级,多云,阴,17,9,东北风,≤3级,东北风,≤3级,day
2015-03-24 11:35:00,八大队,7、未按规定让行的 ,负全部责任,不负责任,1,贵A64C44,红,1,贵A3345R,银,自培,自培,2004/3/26 0:00,2007/9/13 0:00,-1,航天牌,366068000000000000 ,35526551984141407X,197404,198709,11,1,3,工作日,非高峰,2015-03-24,2015年3月24日,小雨 /阵雨,13℃ / 7℃,东北风 ≤3级 /东北风 ≤3级,小雨,阵雨,13,7,东北风,≤3级,东北风,≤3级,day
2015-03-24 13:35:00,新添寨,8、依法应负全责的其他情形,负全部责任,不负责任,1,贵AXA814,黑,1,贵AS4622,银,自培,自培,2003/6/2 0:00,2002/4/1 0:00,大众汽车牌,中华牌,366361000000000000 ,366761000000000000 ,196403,197802,13,1,3,工作日,非高峰,2015-03-24,2015年3月24日,小雨 /阵雨,13℃ / 7℃,东北风 ≤3级 /东北风 ≤3级,小雨,阵雨,13,7,东北风,≤3级,东北风,≤3级,day
2015-03-24 17:17:00,长岭北路,1、追尾的,负全部责任,不负责任,1,川EAW111,黑,1,贵AU3188,绿,自培,自培,2011/12/9 0:00,2010/3/18 0:00,雷克萨斯,瑞麒牌,354367000000000000 ,366868000000000000 ,196811,198701,17,1,3,工作日,晚高峰(17-19点),2015-03-24,2015年3月24日,小雨 /阵雨,13℃ / 7℃,东北风 ≤3级 /东北风 ≤3级,小雨,阵雨,13,7,东北风,≤3级,东北风,≤3级,day
2015-03-24 17:00:00,贵惠大道,3、倒车的,负全部责任,不负责任,1,贵AKX515,白色,1,云AC9U74,白色,自培,自培,2002/12/26 0:00,2003/5/13 0:00,梅赛德斯-奔驰牌,东风牌,366864000000000000 ,366046000000000000 ,197006,198102,17,1,3,工作日,晚高峰(17-19点),2015-03-24,2015年3月24日,小雨 /阵雨,13℃ / 7℃,东北风 ≤3级 /东北风 ≤3级,小雨,阵雨,13,7,东北风,≤3级,东北风,≤3级,day
2015-03-24 14:00:00,北站,7、未按规定让行的 ,负全部责任,不负责任,1,贵JBQ272,白,1,贵AU4015,黄,自培,自培,2009/4/27 0:00,2004/2/23 0:00,长安牌,捷达牌,36656751294865743X,355468000000000000 ,196807,197304,14,1,3,工作日,非高峰,2015-03-24,2015年3月24日,小雨 /阵雨,13℃ / 7℃,东北风 ≤3级 /东北风 ≤3级,小雨,阵雨,13,7,东北风,≤3级,东北风,≤3级,day
2015-03-25 12:30:00,二戈寨,7、未按规定让行的 ,负全部责任,不负责任,1,贵A54N33,白色,1,贵A46B25,白色,自培,自培,2004/4/16 0:00,2004/3/13 0:00,宝马,宝来牌,364547000000000000 ,364548000000000000 ,196205,195307,12,2,3,工作日,非高峰,2015-03-25,2015年3月25日,阴 /阵雨,14℃ / 9℃,东北风 ≤3级 /东北风 ≤3级,阴,阵雨,14,9,东北风,≤3级,东北风,≤3级,day
2015-03-26 08:30:00,马王庙,3、倒车的,负全部责任,不负责任,1,贵AEF715,白,1,贵A468H3,白,自培,自培,2004/12/29 0:00,2000/4/19 0:00,大众牌,东风牌,64553500000000000 ,364548000000000000 ,198310,197001,8,3,3,工作日,早高峰(7-9点),2015-03-26,2015年3月26日,阴 /阵雨,17℃ / 12℃,南风 ≤3级 /南风 ≤3级,阴,阵雨,17,12,南风,≤3级,南风,≤3级,day
2015-03-26 09:15:00,百花大道,7、未按规定让行的 ,负全部责任,不负责任,1,贵A528F1,银,1,贵AP4479,银,自培,自培,2003/1/22 0:00,2005/2/18 0:00,南骏牌,嘉陵牌,66762500000000000 ,366068000000000000 ,197710,197510,9,3,3,工作日,早高峰(7-9点),2015-03-26,2015年3月26日,阴 /阵雨,17℃ / 12℃,南风 ≤3级 /南风 ≤3级,阴,阵雨,17,12,南风,≤3级,南风,≤3级,day
2015-03-26 13:50:00,粑粑街,7、未按规定让行的 ,负全部责任,不负责任,1,贵A5955H,白,1,贵ARZ159,黄,自培,自培,2013/10/14 0:00,2003/5/15 0:00,长城牌,起亚牌,34166500000000000 ,366566000000000000 ,198912,197408,13,3,3,工作日,非高峰,2015-03-26,2015年3月26日,阴 /阵雨,17℃ / 12℃,南风 ≤3级 /南风 ≤3级,阴,阵雨,17,12,南风,≤3级,南风,≤3级,day
2015-03-26 12:10:00,花溪,8、依法应负全责的其他情形,负全部责任,不负责任,1,贵A32142,白,1,贵A91W97,白,自培,自培,2003/3/30 0:00,2005/5/17 0:00,长安,思域牌,774768000000000000 ,36455051984745447X,197206,198703,12,3,3,工作日,非高峰,2015-03-26,2015年3月26日,阴 /阵雨,17℃ / 12℃,南风 ≤3级 /南风 ≤3级,阴,阵雨,17,12,南风,≤3级,南风,≤3级,day
2015-03-26 16:16:00,白云区,1、追尾的,负全部责任,不负责任,1,贵AA075M,白,1,贵ASM412,白,自培,自培,2003/10/8 0:00,2005/4/20 0:00,北京现代牌,雪佛兰牌,364558000000000000 ,36455751854060605X,198508,197104,16,3,3,工作日,非高峰,2015-03-26,2015年3月26日,阴 /阵雨,17℃ / 12℃,南风 ≤3级 /南风 ≤3级,阴,阵雨,17,12,南风,≤3级,南风,≤3级,day
2015-03-26 18:00:00,清溪大道,3、倒车的,负全部责任,不负责任,1,贵AN7339,白色,1,贵ACX565,白色,自培,自培,2012/4/11 0:00,2005/12/22 0:00,国威牌,中华牌,364566000000000000 ,784167000000000000 ,198505,196907,18,3,3,工作日,晚高峰(17-19点),2015-03-26,2015年3月26日,阴 /阵雨,17℃ / 12℃,南风 ≤3级 /南风 ≤3级,阴,阵雨,17,12,南风,≤3级,南风,≤3级,day
2015-03-26 14:50:00,金阳新客站,8、依法应负全责的其他情形,负全部责任,不负责任,1,贵AC512J,绿,1,贵AA2528,黑,自培,自培,2001/1/18 0:00,2001/1/18 0:00,东风牌,别克,364547000000000000 ,364547000000000000 ,197907,197907,14,3,3,工作日,非高峰,2015-03-26,2015年3月26日,阴 /阵雨,17℃ / 12℃,南风 ≤3级 /南风 ≤3级,阴,阵雨,17,12,南风,≤3级,南风,≤3级,day
2015-03-26 16:00:00,乌当,7、未按规定让行的 ,负全部责任,不负责任,1,贵AVF632,白,1,贵GR3595,黑,自培,自培,2002/6/18 0:00,2002/4/28 0:00,宝马,东风雪铁龙牌,36454651974162525X,354147000000000000 ,198309,198103,16,3,3,工作日,非高峰,2015-03-26,2015年3月26日,阴 /阵雨,17℃ / 12℃,南风 ≤3级 /南风 ≤3级,阴,阵雨,17,12,南风,≤3级,南风,≤3级,day
2015-03-26 14:45:00,黔林镇,3、倒车的,负全部责任,不负责任,1,贵ANN979,银,1,贵CD9457,黑,自培,自培,2004/8/16 0:00,2011/6/8 0:00,吉利牌,凯马牌,366061000000000000 ,364548000000000000 ,198503,197302,14,3,3,工作日,非高峰,2015-03-26,2015年3月26日,阴 /阵雨,17℃ / 12℃,南风 ≤3级 /南风 ≤3级,阴,阵雨,17,12,南风,≤3级,南风,≤3级,day
2015-03-27 07:42:00,中山中路,7、未按规定让行的 ,负全部责任,不负责任,1,贵AN6491,白色,1,贵APB899,白色,自培,自培,2002/3/27 0:00,2006/4/29 0:00,银翔牌,胜达,55767500000000000 ,354670000000000000 ,197809,197311,7,4,3,工作日,早高峰(7-9点),2015-03-27,2015年3月27日,阵雨 /阵雨,18℃ / 13℃,南风 ≤3级 /南风 ≤3级,阵雨,阵雨,18,13,南风,≤3级,南风,≤3级,day
2015-03-27 23:00:00,保利温泉,3、倒车的,负全部责任,不负责任,1,贵F69159,白,1,贵AB0443,黑,自培,自培,2011/6/22 0:00,2004/10/15 0:00,南骏牌,金舰牌,357477000000000000 ,364556000000000000 ,197612,198301,23,4,3,工作日,非高峰,2015-03-27,2015年3月27日,阵雨 /阵雨,18℃ / 13℃,南风 ≤3级 /南风 ≤3级,阵雨,阵雨,18,13,南风,≤3级,南风,≤3级,night
2015-03-28 09:42:00,开发大道,8、依法应负全责的其他情形,负全部责任,不负责任,1,贵AEV148,白色,1,贵A2978T,白色,自培,自培,2012/10/11 0:00,2000/5/10 0:00,思威牌,朗风牌,66545500000000000 ,364556000000000000 ,198208,197801,9,5,3,工作日,早高峰(7-9点),2015-03-28,2015年3月28日,阵雨 /雷阵雨,17℃ / 14℃,南风 ≤3级 /南风 ≤3级,阵雨,雷阵雨,17,14,南风,≤3级,南风,≤3级,day
2015-03-28 13:00:00,邮电大楼,1、追尾的,负全部责任,不负责任,1,贵JX8288,白色,1,贵A7BJ25,黑色,自培,自培,2006/9/1 0:00,2007/9/17 0:00,福克斯牌,大众汽车牌,366876000000000000 ,364547000000000000 ,198509,198602,13,5,3,工作日,非高峰,2015-03-28,2015年3月28日,阵雨 /雷阵雨,17℃ / 14℃,南风 ≤3级 /南风 ≤3级,阵雨,雷阵雨,17,14,南风,≤3级,南风,≤3级,day
2015-03-29 08:50:00,商贸城,8、依法应负全责的其他情形,负全部责任,不负责任,1,渝AAF601,银,1,贵A41C49,银,自培,自培,2011/10/24 0:00,2004/10/9 0:00,东风牌,锋范牌,344558000000000000 ,364548000000000000 ,199204,198405,8,6,3,周末,早高峰(7-9点),2015-03-29,2015年3月29日,阴 /多云,18℃ / 15℃,东风 ≤3级 /南风 ≤3级,阴,多云,18,15,东风,≤3级,南风,≤3级,day
2015-03-29 05:25:00,罗汉营,1、追尾的,负全部责任,不负责任,1,贵A15F19,白色,1,贵A95K95,黑色,自培,自培,2003/5/6 0:00,2001/4/24 0:00,马自达牌,尚酷,364547000000000000 ,364547000000000000 ,197702,198207,5,6,3,周末,非高峰,2015-03-29,2015年3月29日,阴 /多云,18℃ / 15℃,东风 ≤3级 /南风 ≤3级,阴,多云,18,15,东风,≤3级,南风,≤3级,night
2015-03-29 04:30:00,解放路,9、不符合前8款规定或者双方同时具有上述情形的,负同等责任,负同等责任,1,贵AU1716,白色,1,贵ATX264,白色,自培,自培,2003/5/6 0:00,2008/5/6 0:00,神鹰牌,夏利牌,364547000000000000 ,366368000000000000 ,196012,197406,4,6,3,周末,非高峰,2015-03-29,2015年3月29日,阴 /多云,18℃ / 15℃,东风 ≤3级 /南风 ≤3级,阴,多云,18,15,东风,≤3级,南风,≤3级,night
2015-03-29 14:00:00,花果园,1、追尾的,负全部责任,不负责任,1,贵AC3179,白色,1,贵AU6314,白色,自培,自培,2001/4/6 0:00,2002/7/8 0:00,力帆牌,捷达牌,366575000000000000 ,364548000000000000 ,196605,196109,14,6,3,周末,非高峰,2015-03-29,2015年3月29日,阴 /多云,18℃ / 15℃,东风 ≤3级 /南风 ≤3级,阴,多云,18,15,东风,≤3级,南风,≤3级,day
2015-03-29 13:00:00,花溪明珠路,1、追尾的,负全部责任,不负责任,1,贵AU8863,白色,1,贵A8BH52,白色,自培,自培,2002/11/9 0:00,2003/3/25 0:00,先风牌,英伦牌,366068000000000000 ,364556000000000000 ,196805,198410,13,6,3,周末,非高峰,2015-03-29,2015年3月29日,阴 /多云,18℃ / 15℃,东风 ≤3级 /南风 ≤3级,阴,多云,18,15,东风,≤3级,南风,≤3级,day
2015-03-29 12:20:00,太慈桥,7、未按规定让行的 ,负全部责任,不负责任,1,贵ASH924,白色,1,贵A15N41,白色,自培,自培,2005/11/4 0:00,2004/8/28 0:00,蒙迪欧牌,宝马牌,364558000000000000 ,364547000000000000 ,198007,198411,12,6,3,周末,非高峰,2015-03-29,2015年3月29日,阴 /多云,18℃ / 15℃,东风 ≤3级 /南风 ≤3级,阴,多云,18,15,东风,≤3级,南风,≤3级,day
2015-03-29 16:30:00,碧海南路,8、依法应负全责的其他情形,负全部责任,不负责任,1,贵A3128N,黑,1,贵A0541J,银,自培,自培,2001/5/28 0:00,2008/1/29 0:00,奥迪牌,五菱牌,364547000000000000 ,366067000000000000 ,197809,196711,16,6,3,周末,非高峰,2015-03-29,2015年3月29日,阴 /多云,18℃ / 15℃,东风 ≤3级 /南风 ≤3级,阴,多云,18,15,东风,≤3级,南风,≤3级,day
2015-03-29 16:13:00,大十字,3、倒车的,负全部责任,不负责任,1,贵AV9051,黑,1,贵AHM985,黑,自培,自培,2002/12/2 0:00,2007/11/21 0:00,飞肯牌,别克牌,364558000000000000 ,366347000000000000 ,197709,198307,16,6,3,周末,非高峰,2015-03-29,2015年3月29日,阴 /多云,18℃ / 15℃,东风 ≤3级 /南风 ≤3级,阴,多云,18,15,东风,≤3级,南风,≤3级,day
2015-03-30 09:00:00,东新路,7、未按规定让行的 ,负全部责任,不负责任,1,贵AU8113,绿,1,贵AHD133,黑,自培,自培,2006/10/9 0:00,2002/4/17 0:00,钱江牌,吉奥牌,364548000000000000 ,364548000000000000 ,198712,195907,9,0,3,工作日,早高峰(7-9点),2015-03-30,2015年3月30日,晴 /多云,24℃ / 17℃,南风 ≤3级 /南风 ≤3级,晴,多云,24,17,南风,≤3级,南风,≤3级,day
2015-03-30 09:30:00,世纪城,8、依法应负全责的其他情形,负全部责任,不负责任,0,贵AKQ599,黄,1,贵ANW127,黑,自培,自培,2007/6/2 0:00,2004/2/23 0:00,骐达牌,大众汽车牌,344798000000000000 ,366347000000000000 ,198511,196911,9,0,3,工作日,早高峰(7-9点),2015-03-30,2015年3月30日,晴 /多云,24℃ / 17℃,南风 ≤3级 /南风 ≤3级,晴,多云,24,17,南风,≤3级,南风,≤3级,day
2015-03-30 11:00:00,市北路,1、追尾的,负全部责任,不负责任,1,贵ARP213,黄,1,贵AB111N,白,自培,自培,2000/5/16 0:00,2005/1/24 0:00,长安牌,红旗牌,364558000000000000 ,364548000000000000 ,197012,197309,11,0,3,工作日,非高峰,2015-03-30,2015年3月30日,晴 /多云,24℃ / 17℃,南风 ≤3级 /南风 ≤3级,晴,多云,24,17,南风,≤3级,南风,≤3级,day
2015-03-30 16:00:00,市一医,9、不符合前8款规定或者双方同时具有上述情形的,负同等责任,负同等责任,1,粤AER721,黑色,1,贵A72K51,白色,自培,自培,2009/9/8 0:00,2004/7/25 0:00,丰田牌,哈飞牌,354147000000000000 ,364547000000000000 ,198910,196205,16,0,3,工作日,非高峰,2015-03-30,2015年3月30日,晴 /多云,24℃ / 17℃,南风 ≤3级 /南风 ≤3级,晴,多云,24,17,南风,≤3级,南风,≤3级,day
2015-03-31 14:00:00,商贸城,1、追尾的,负全部责任,不负责任,1,浙D7411R,黑,1,贵AC7829,蓝,自培,自培,2004/6/15 0:00,2006/1/24 0:00,大众汽车牌,吉利牌,774266000000000000 ,366367000000000000 ,197112,197208,14,1,3,工作日,非高峰,2015-03-31,2015年3月31日,多云 /多云,28℃ / 19℃,南风 ≤3级 /南风 ≤3级,多云,多云,28,19,南风,≤3级,南风,≤3级,day
2015-03-31 11:40:00,会展城,7、未按规定让行的 ,负全部责任,不负责任,1,贵APE353,蓝,1,贵AHB686,黑,自培,自培,2009/7/1 0:00,2000/3/22 0:00,英菲尼迪,桑塔纳牌,366669000000000000 ,364548000000000000 ,198712,198008,11,1,3,工作日,非高峰,2015-03-31,2015年3月31日,多云 /多云,28℃ / 19℃,南风 ≤3级 /南风 ≤3级,多云,多云,28,19,南风,≤3级,南风,≤3级,day
2015-03-31 16:00:00,三桥,7、未按规定让行的 ,负全部责任,不负责任,1,贵A0819Z,银,1,贵A25W56,白,自培,自培,2005/6/13 0:00,2006/7/25 0:00,五菱牌,江铃牌,776346000000000000 ,366064000000000000 ,198111,198302,16,1,3,工作日,非高峰,2015-03-31,2015年3月31日,多云 /多云,28℃ / 19℃,南风 ≤3级 /南风 ≤3级,多云,多云,28,19,南风,≤3级,南风,≤3级,day
2015-04-01 13:30:00,钱春路,1、追尾的,负全部责任,不负责任,1,贵A22W68,黑,1,贵AU1157,银,自培,自培,2001/10/22 0:00,2002/10/10 0:00,奥迪牌,金城牌,364548000000000000 ,356667000000000000 ,197607,197302,13,2,4,工作日,非高峰,2015-04-01,2015年4月1日,多云 /多云,29℃ / 19℃,南风 ≤3级 /南风 ≤3级,多云,多云,29,19,南风,≤3级,南风,≤3级,day
2015-04-01 16:20:00,白山北路,7、未按规定让行的 ,负全部责任,不负责任,1,贵AJL904,黄,1,贵AU0622,黄 ,自培,自培,2011/10/28 0:00,2003/4/21 0:00,夏利牌,捷达牌,364548000000000000 ,364548000000000000 ,198906,197004,16,2,4,工作日,非高峰,2015-04-01,2015年4月1日,多云 /多云,29℃ / 19℃,南风 ≤3级 /南风 ≤3级,多云,多云,29,19,南风,≤3级,南风,≤3级,day
2015-04-01 17:10:00,见龙洞路,8、依法应负全责的其他情形,负全部责任,不负责任,1,贵A41N36,黄,1,贵A71Y29,蓝,自培,自培,2004/7/14 0:00,2007/6/12 0:00,豪情牌,长城牌,366861000000000000 ,366061000000000000 ,196702,198612,17,2,4,工作日,晚高峰(17-19点),2015-04-01,2015年4月1日,多云 /多云,29℃ / 19℃,南风 ≤3级 /南风 ≤3级,多云,多云,29,19,南风,≤3级,南风,≤3级,day
2015-04-01 18:00:00,东二环,7、未按规定让行的 ,负全部责任,不负责任,1,云AB5937,白色,1,贵AJH239,白色,自培,自培,2004/8/31 0:00,2005/9/30 0:00,现代,福克斯牌,364647000000000000 ,366864000000000000 ,197402,197001,18,2,4,工作日,晚高峰(17-19点),2015-04-01,2015年4月1日,多云 /多云,29℃ / 19℃,南风 ≤3级 /南风 ≤3级,多云,多云,29,19,南风,≤3级,南风,≤3级,day
2015-04-01 21:00:00,友谊路,3、倒车的,负全部责任,不负责任,1,贵ATJ215,银,1,贵ABM599,黑,自培,自培,2012/9/19 0:00,2005/1/11 0:00,比亚迪牌,丰田牌,57462500000000000 ,364548000000000000 ,199005,197702,21,2,4,工作日,非高峰,2015-04-01,2015年4月1日,多云 /多云,29℃ / 19℃,南风 ≤3级 /南风 ≤3级,多云,多云,29,19,南风,≤3级,南风,≤3级,night
2015-04-01 21:00:00,花果园,8、依法应负全责的其他情形,负全部责任,不负责任,1,浙DUQ331,红,0,贵A35818,白,自培,自培,2001/3/5 0:00,2004/12/14 0:00,飞度牌,东风牌,774261000000000000 ,364547000000000000 ,197112,196908,21,2,4,工作日,非高峰,2015-04-01,2015年4月1日,多云 /多云,29℃ / 19℃,南风 ≤3级 /南风 ≤3级,多云,多云,29,19,南风,≤3级,南风,≤3级,night
2015-04-02 08:40:00,大营坡,1、追尾的,负全部责任,不负责任,1,贵AKV767,黄,0,贵AX6465,黄,自培,自培,2007/11/19 0:00,2005/1/25 0:00,海马牌,宗申牌,354562000000000000 ,364547000000000000 ,198609,198107,8,3,4,工作日,早高峰(7-9点),2015-04-02,2015年4月2日,多云 /多云,30℃ / 18℃,南风 ≤3级 /南风 ≤3级,多云,多云,30,18,南风,≤3级,南风,≤3级,day
2015-04-01 22:05:00,蟠桃宫,7、未按规定让行的 ,负全部责任,不负责任,1,贵A4AR12,白,1,贵AYH226,白,自培,自培,2004/2/20 0:00,2001/4/27 0:00,东南,丰田牌,364547000000000000 ,364547000000000000 ,198204,198210,22,2,4,工作日,非高峰,2015-04-01,2015年4月1日,多云 /多云,29℃ / 19℃,南风 ≤3级 /南风 ≤3级,多云,多云,29,19,南风,≤3级,南风,≤3级,night
2015-04-02 10:15:00,小河区,8、依法应负全责的其他情形,负全部责任,不负责任,1,贵A80058,白色,1,贵A9BE97,白色,自培,自培,2000/7/17 0:00,2004/4/23 0:00,东风牌,翼搏牌,366561000000000000 ,364548000000000000 ,197610,197506,10,3,4,工作日,非高峰,2015-04-02,2015年4月2日,多云 /多云,30℃ / 18℃,南风 ≤3级 /南风 ≤3级,多云,多云,30,18,南风,≤3级,南风,≤3级,day
2015-04-02 13:20:00, 日报社,7、未按规定让行的 ,负全部责任,不负责任,1,贵AGC999,白,1,贵AME643,银,自培,自培,2011/1/17 0:00,2002/9/27 0:00,宝马,长安牌,726766000000000000 ,364548000000000000 ,199106,198409,13,3,4,工作日,非高峰,2015-04-02,2015年4月2日,多云 /多云,30℃ / 18℃,南风 ≤3级 /南风 ≤3级,多云,多云,30,18,南风,≤3级,南风,≤3级,day
2015-04-02 09:50:00,延安西路,8、依法应负全责的其他情形,负全部责任,不负责任,0,贵JU7776,蓝,0,贵AHK787,白,自培,自培,2003/10/11 0:00,2003/10/17 0:00,大众牌,新甲壳虫,366862000000000000 ,364547000000000000 ,197309,198204,9,3,4,工作日,早高峰(7-9点),2015-04-02,2015年4月2日,多云 /多云,30℃ / 18℃,南风 ≤3级 /南风 ≤3级,多云,多云,30,18,南风,≤3级,南风,≤3级,day
2015-04-03 03:30:00,沙冲南路,1、追尾的,负全部责任,不负责任,1,贵A61629,白色,1,渝CL7893,白色,自培,自培,2001/8/9 0:00,2001/7/23 0:00,五菱牌,别克牌,355468000000000000 ,354662000000000000 ,196207,197010,3,4,4,工作日,非高峰,2015-04-03,2015年4月3日,多云 /多云,30℃ / 19℃,南风 ≤3级 /南风 ≤3级,多云,多云,30,19,南风,≤3级,南风,≤3级,night
2015-04-03 07:00:00,花果园,1、追尾的,负全部责任,不负责任,1,贵AB702R,白色,1,贵ANA632,白色,自培,自培,2015/1/29 0:00,2005/6/14 0:00,五菱牌,蒙迪欧牌,366570000000000000 ,364548000000000000 ,198808,197007,7,4,4,工作日,早高峰(7-9点),2015-04-03,2015年4月3日,多云 /多云,30℃ / 19℃,南风 ≤3级 /南风 ≤3级,多云,多云,30,19,南风,≤3级,南风,≤3级,day
2015-04-03 11:00:00,北京西路,1、追尾的,负全部责任,不负责任,1,贵AU6962,绿,1,贵AAS827,银,自培,自培,2002/3/28 0:00,2004/5/28 0:00,捷达牌,自由光,366064000000000000 ,364557000000000000 ,197310,197512,11,4,4,工作日,非高峰,2015-04-03,2015年4月3日,多云 /多云,30℃ / 19℃,南风 ≤3级 /南风 ≤3级,多云,多云,30,19,南风,≤3级,南风,≤3级,day
2015-04-04 10:18:00,解放路,7、未按规定让行的 ,负全部责任,不负责任,1,贵CLV581,银,1,贵AU5394,绿,自培,自培,2014/8/28 0:00,2007/1/23 0:00,北京现代牌,铃木牌,366568000000000000 ,364547000000000000 ,199202,198705,10,5,4,工作日,非高峰,2015-04-04,2015年4月4日,多云 /多云,29℃ / 18℃,南风 ≤3级 /南风 ≤3级,多云,多云,29,18,南风,≤3级,南风,≤3级,day
2015-04-05 00:00:00,孟关汽配城,3、倒车的,负全部责任,不负责任,1,鄂AV68S9,白色,1,贵A42S59,白色,自培,自培,2014/11/12 0:00,2002/7/18 0:00,大众汽车牌,长安牌,64558500000000000 ,364556000000000000 ,198701,197711,0,6,4,周末,非高峰,2015-04-05,2015年4月5日,阴 /阵雨,30℃ / 12℃,南风 ≤3级 /东北风 ≤3级,阴,阵雨,30,12,南风,≤3级,东北风,≤3级,night
2015-04-05 09:30:00,小河西工厂家属区,8、依法应负全责的其他情形,负全部责任,不负责任,1,贵AB1389,白色,1,贵AC677J,白色,自培,自培,2000/6/12 0:00,2003/10/23 0:00,飞鹰牌,北京现代牌,366364000000000000 ,366364000000000000 ,196907,197111,9,6,4,周末,早高峰(7-9点),2015-04-05,2015年4月5日,阴 /阵雨,30℃ / 12℃,南风 ≤3级 /东北风 ≤3级,阴,阵雨,30,12,南风,≤3级,东北风,≤3级,day