accidenttime,accidentaddr,driver1fault,driver1responsibility,driver2responsibility,sex1,platenumber1,carcolor1,sex2,platenumber2,carcolor2,jxmc1,jxmc2,cclzrq1,cclzrq2,clpp1,clpp2,driver1license,driver2license,brith1,brith2,hour,weekday,month,is_weekday,peak_hour,date,日期,天气状况,气温,风力风向,day_wea,night_wea,day_tep,night_tep,day_wind_direction,day_wind_speed,night_wind_direction,night_wind_speed,segment
2015-04-05 09:54:00,白云,8、依法应负全责的其他情形,负全部责任,不负责任,1,贵A91V74,黑,1,贵A12N13,白,自培,自培,2012/12/17 0:00,2005/8/3 0:00,英伦牌,起亚牌,366361000000000000 ,36666551904750075X,197507,198403,9,6,4,周末,早高峰(7-9点),2015-04-05,2015年4月5日,阴 /阵雨,30℃ / 12℃,南风 ≤3级 /东北风 ≤3级,阴,阵雨,30,12,南风,≤3级,东北风,≤3级,day
2015-04-05 00:00:00,汤巴关,3、倒车的,负全部责任,不负责任,1,贵A89844,白色,1,贵A9746N,白色,自培,自培,2005/6/30 0:00,2012/8/8 0:00,乘龙牌,丰田牌,366875000000000000 ,364556000000000000 ,196509,197805,0,6,4,周末,非高峰,2015-04-05,2015年4月5日,阴 /阵雨,30℃ / 12℃,南风 ≤3级 /东北风 ≤3级,阴,阵雨,30,12,南风,≤3级,东北风,≤3级,night
2015-04-05 10:00:00,望城坡,1、追尾的,负全部责任,不负责任,1,贵AU6106,白色,1,贵AV6106,白色,自培,自培,2001/9/26 0:00,2001/12/9 0:00,雷克牌,东风标致牌,364547000000000000 ,364558000000000000 ,196505,198204,10,6,4,周末,非高峰,2015-04-05,2015年4月5日,阴 /阵雨,30℃ / 12℃,南风 ≤3级 /东北风 ≤3级,阴,阵雨,30,12,南风,≤3级,东北风,≤3级,day
2015-04-05 14:00:00,油小线,7、未按规定让行的 ,负全部责任,不负责任,1,贵AT4681,白色,1,贵A91615,白色,自培,自培,2004/9/17 0:00,2000/7/18 0:00,福田五星牌,福特牌,364547000000000000 ,364548000000000000 ,197509,195208,14,6,4,周末,非高峰,2015-04-05,2015年4月5日,阴 /阵雨,30℃ / 12℃,南风 ≤3级 /东北风 ≤3级,阴,阵雨,30,12,南风,≤3级,东北风,≤3级,day
2015-04-05 12:00:00,转弯塘,5、开关车门的,负全部责任,不负责任,1,贵A153A1,银,1,贵AB548A,蓝,自培,自培,2011/11/17 0:00,2002/5/29 0:00,长安牌,雪佛兰牌,366569000000000000 ,364548000000000000 ,198705,198108,12,6,4,周末,非高峰,2015-04-05,2015年4月5日,阴 /阵雨,30℃ / 12℃,南风 ≤3级 /东北风 ≤3级,阴,阵雨,30,12,南风,≤3级,东北风,≤3级,day
2015-04-06 15:00:00,宝山南路,7、未按规定让行的 ,负全部责任,不负责任,1,贵AEY265,黑色,1,贵JE9269,白色,自培,自培,2002/3/18 0:00,2001/11/15 0:00,宝马,锋范牌,366276000000000000 ,364547000000000000 ,197211,197802,15,0,4,工作日,非高峰,2015-04-06,2015年4月6日,阵雨 /阵雨,17℃ / 7℃,东北风 ≤3级 /东北风 ≤3级,阵雨,阵雨,17,7,东北风,≤3级,东北风,≤3级,day
2015-04-06 14:02:00,百云,3、倒车的,负全部责任,不负责任,1,贵AG2915,白,1,贵AC8234,白,自培,自培,2003/6/14 0:00,2006/6/8 0:00,大众汽车牌,劲扬牌,36454751264946245X,366346000000000000 ,196208,196209,14,0,4,工作日,非高峰,2015-04-06,2015年4月6日,阵雨 /阵雨,17℃ / 7℃,东北风 ≤3级 /东北风 ≤3级,阵雨,阵雨,17,7,东北风,≤3级,东北风,≤3级,day
2015-04-06 15:00:00,青岩,7、未按规定让行的 ,负全部责任,不负责任,1,贵A3BK79,白色,1,贵AK7367,白色,自培,自培,2003/4/1 0:00,2003/12/24 0:00,东风标致牌,比亚迪牌,364548000000000000 ,364556000000000000 ,196210,196512,15,0,4,工作日,非高峰,2015-04-06,2015年4月6日,阵雨 /阵雨,17℃ / 7℃,东北风 ≤3级 /东北风 ≤3级,阵雨,阵雨,17,7,东北风,≤3级,东北风,≤3级,day
2015-04-06 16:50:00,北京西路,3、倒车的,负全部责任,不负责任,1,贵A95640,黄,1,贵A90238,黄,自培,自培,2002/1/28 0:00,2004/1/9 0:00,陕汽牌,陕汽牌,364557000000000000 ,366067000000000000 ,198309,197610,16,0,4,工作日,非高峰,2015-04-06,2015年4月6日,阵雨 /阵雨,17℃ / 7℃,东北风 ≤3级 /东北风 ≤3级,阵雨,阵雨,17,7,东北风,≤3级,东北风,≤3级,day
2015-04-06 20:10:00,二浦,7、未按规定让行的 ,负全部责任,不负责任,1,贵FF1573,黑,1,贵A85827,红,自培,自培,2009/1/7 0:00,2007/1/9 0:00,华泰圣达菲牌,豪泺牌,366064000000000000 ,364557000000000000 ,196704,197106,20,0,4,工作日,非高峰,2015-04-06,2015年4月6日,阵雨 /阵雨,17℃ / 7℃,东北风 ≤3级 /东北风 ≤3级,阵雨,阵雨,17,7,东北风,≤3级,东北风,≤3级,night
2015-04-07 11:00:00,市南路,1、追尾的,负全部责任,不负责任,1,贵A75E17,白色,1,贵A49K29,白色,自培,自培,2000/10/23 0:00,2002/6/7 0:00,威志牌,江淮牌,364547000000000000 ,364547000000000000 ,196609,196012,11,1,4,工作日,非高峰,2015-04-07,2015年4月7日,小雨 /小雨,9℃ / 5℃,东北风 ≤3级 /东北风 ≤3级,小雨,小雨,9,5,东北风,≤3级,东北风,≤3级,day
2015-04-07 12:00:00,宅吉小区,1、追尾的,负全部责任,不负责任,1,贵AVA836,白,1,贵A82G66,白,自培,自培,2004/8/20 0:00,2005/5/16 0:00,东风日产牌,北京现代牌,364547000000000000 ,354166000000000000 ,198304,197808,12,1,4,工作日,非高峰,2015-04-07,2015年4月7日,小雨 /小雨,9℃ / 5℃,东北风 ≤3级 /东北风 ≤3级,小雨,小雨,9,5,东北风,≤3级,东北风,≤3级,day
2015-04-07 11:30:00,油榨街,8、依法应负全责的其他情形,负全部责任,不负责任,1,贵ANF933,银,1,贵A53Y86,蓝,自培,自培,2006/12/7 0:00,2004/11/19 0:00,雪佛兰牌,北京现代牌,366563000000000000 ,364548000000000000 ,197911,197209,11,1,4,工作日,非高峰,2015-04-07,2015年4月7日,小雨 /小雨,9℃ / 5℃,东北风 ≤3级 /东北风 ≤3级,小雨,小雨,9,5,东北风,≤3级,东北风,≤3级,day
2015-04-07 11:00:00,中坝,8、依法应负全责的其他情形,负全部责任,不负责任,1,川AR77Q8,银,1,贵A68N72,银,自培,自培,2000/12/4 0:00,2006/4/27 0:00,金龙牌,一汽佳星牌,754550000000000000 ,364548000000000000 ,196910,195601,11,1,4,工作日,非高峰,2015-04-07,2015年4月7日,小雨 /小雨,9℃ / 5℃,东北风 ≤3级 /东北风 ≤3级,小雨,小雨,9,5,东北风,≤3级,东北风,≤3级,day
2015-04-07 17:00:00,长江路,1、追尾的,负全部责任,不负责任,1,云AT683A,白色,1,贵A71S65,白色,自培,自培,2010/3/25 0:00,2001/3/30 0:00,别克,翼虎牌,76479651985468313X,364548000000000000 ,198710,197507,17,1,4,工作日,晚高峰(17-19点),2015-04-07,2015年4月7日,小雨 /小雨,9℃ / 5℃,东北风 ≤3级 /东北风 ≤3级,小雨,小雨,9,5,东北风,≤3级,东北风,≤3级,day
2015-04-07 15:20:00,贵惠大道,1、追尾的,负全部责任,不负责任,1,贵ATW782,白色,1,贵A58H16,白色,自培,自培,2012/6/20 0:00,2002/10/12 0:00,奥迪牌,海马牌,364551000000000000 ,364548000000000000 ,199104,197202,15,1,4,工作日,非高峰,2015-04-07,2015年4月7日,小雨 /小雨,9℃ / 5℃,东北风 ≤3级 /东北风 ≤3级,小雨,小雨,9,5,东北风,≤3级,东北风,≤3级,day
2015-04-07 17:00:00,小河,7、未按规定让行的 ,负全部责任,不负责任,1,贵A64B24,白色,1,贵AK1667,白色,自培,自培,2007/8/6 0:00,2003/5/9 0:00,起亚牌,迅龙牌,366569000000000000 ,366068000000000000 ,198209,196605,17,1,4,工作日,晚高峰(17-19点),2015-04-07,2015年4月7日,小雨 /小雨,9℃ / 5℃,东北风 ≤3级 /东北风 ≤3级,小雨,小雨,9,5,东北风,≤3级,东北风,≤3级,day
2015-04-08 08:50:00,白云区,7、未按规定让行的 ,负全部责任,不负责任,1,贵AU3241,绿,1,贵BAB3484,银,自培,自培,2004/12/6 0:00,2003/3/24 0:00,万达牌,-1,664696000000000000 ,35546751234852957X,197710,196507,8,2,4,工作日,早高峰(7-9点),2015-04-08,2015年4月8日,小雨 /小雨,10℃ / 6℃,东北风 ≤3级 /东北风 ≤3级,小雨,小雨,10,6,东北风,≤3级,东北风,≤3级,day
2015-04-08 09:15:00,商贸城,8、依法应负全责的其他情形,负全部责任,不负责任,1,贵ALF457,黑,1,贵AJ6754,黑,自培,自培,2004/10/21 0:00,2002/2/9 0:00,比亚迪牌,劲扬牌,356164000000000000 ,36604551884166005X,197311,197709,9,2,4,工作日,早高峰(7-9点),2015-04-08,2015年4月8日,小雨 /小雨,10℃ / 6℃,东北风 ≤3级 /东北风 ≤3级,小雨,小雨,10,6,东北风,≤3级,东北风,≤3级,day
2015-04-08 11:04:00,云潭南路,7、未按规定让行的 ,负全部责任,不负责任,1,贵AE5881,白,1,贵A9543J,黑,自培,自培,2006/11/6 0:00,2006/12/4 0:00,长安,大众牌,364557000000000000 ,364647000000000000 ,197406,197908,11,2,4,工作日,非高峰,2015-04-08,2015年4月8日,小雨 /小雨,10℃ / 6℃,东北风 ≤3级 /东北风 ≤3级,小雨,小雨,10,6,东北风,≤3级,东北风,≤3级,day
2015-04-08 19:00:00,乌当,2、逆行的,负全部责任,不负责任,1,贵AT2455,红,1,贵AU6996,绿,自培,自培,2004/5/18 0:00,2005/5/26 0:00,润腾牌,恒通客车牌,364557000000000000 ,355266000000000000 ,198210,198601,19,2,4,工作日,晚高峰(17-19点),2015-04-08,2015年4月8日,小雨 /小雨,10℃ / 6℃,东北风 ≤3级 /东北风 ≤3级,小雨,小雨,10,6,东北风,≤3级,东北风,≤3级,day
2015-04-08 16:03:00,云岩区,7、未按规定让行的 ,负全部责任,不负责任,1,贵CGQ414,白,1,贵AUA033,白,自培,自培,2006/8/9 0:00,2010/3/28 0:00,宗隆牌,丰田牌,366568000000000 ,366569000000000000 ,830410,198104,16,2,4,工作日,非高峰,2015-04-08,2015年4月8日,小雨 /小雨,10℃ / 6℃,东北风 ≤3级 /东北风 ≤3级,小雨,小雨,10,6,东北风,≤3级,东北风,≤3级,day
2015-04-08 23:01:00, 白云区,1、追尾的,负全部责任,不负责任,1,贵AA945N,蓝,1,贵AF3814,银,自培,自培,2009/12/4 0:00,2005/2/5 0:00,五菱牌,陆康牌,366063000000000000 ,366662000000000000 ,198907,197510,23,2,4,工作日,非高峰,2015-04-08,2015年4月8日,小雨 /小雨,10℃ / 6℃,东北风 ≤3级 /东北风 ≤3级,小雨,小雨,10,6,东北风,≤3级,东北风,≤3级,night
2015-04-08 20:00:00,金狮小区,8、依法应负全责的其他情形,负全部责任,不负责任,1,贵ARL978,白色,1,贵A1353R,黑色,自培,自培,2004/8/26 0:00,2003/9/29 0:00,东风牌,猎豹牌,364548000000000000 ,364548000000000000 ,197503,198505,20,2,4,工作日,非高峰,2015-04-08,2015年4月8日,小雨 /小雨,10℃ / 6℃,东北风 ≤3级 /东北风 ≤3级,小雨,小雨,10,6,东北风,≤3级,东北风,≤3级,night
2015-04-09 11:40:00,阳关,8、依法应负全责的其他情形,负全部责任,不负责任,1,贵A42G86,银,1,贵A45S37,白,自培,自培,2004/4/9 0:00,2004/12/7 0:00,科雷傲,宝马牌,354651000000000000 ,364548000000000000 ,197005,198108,11,3,4,工作日,非高峰,2015-04-09,2015年4月9日,阴 /小雨,11℃ / 7℃,东北风 ≤3级 /东北风 ≤3级,阴,小雨,11,7,东北风,≤3级,东北风,≤3级,day
2015-04-09 19:45:00,金阳北路,7、未按规定让行的 ,负全部责任,不负责任,1,贵AU8657,银,0,贵AM2711,银,自培,自培,2006/8/11 0:00,2006/6/8 0:00,宝来牌,钱江牌,366346000000000000 ,366347000000000000 ,197906,197201,19,3,4,工作日,晚高峰(17-19点),2015-04-09,2015年4月9日,阴 /小雨,11℃ / 7℃,东北风 ≤3级 /东北风 ≤3级,阴,小雨,11,7,东北风,≤3级,东北风,≤3级,day
2015-04-10 08:00:00,四方河路,7、未按规定让行的 ,负全部责任,不负责任,1,贵A21F99,白色,1,贵A09380,白色,自培,自培,2004/8/10 0:00,2001/5/8 0:00,福克斯牌,星马牌,364548000000000000 ,364556000000000000 ,198604,196508,8,4,4,工作日,早高峰(7-9点),2015-04-10,2015年4月10日,小雨 /小雨,12℃ / 8℃,东北风 ≤3级 /东北风 ≤3级,小雨,小雨,12,8,东北风,≤3级,东北风,≤3级,day
2015-04-10 07:50:00,白云一中,7、未按规定让行的 ,负全部责任,不负责任,1,贵AGK815,蓝,1,贵AKQ509,蓝,自培,自培,2001/8/24 0:00,2004/4/2 0:00,威志牌,吉利全球鹰牌,366067000000000000 ,364558000000000000 ,197105,198306,7,4,4,工作日,早高峰(7-9点),2015-04-10,2015年4月10日,小雨 /小雨,12℃ / 8℃,东北风 ≤3级 /东北风 ≤3级,小雨,小雨,12,8,东北风,≤3级,东北风,≤3级,day
2015-04-10 15:00:00,环西路,3、倒车的,负全部责任,不负责任,1,贵JB1863,银,1,贵AK3024,红,自培,自培,2010/8/31 0:00,2004/1/14 0:00,长安牌,富路牌,366367000000000000 ,364557000000000000 ,197911,195811,15,4,4,工作日,非高峰,2015-04-10,2015年4月10日,小雨 /小雨,12℃ / 8℃,东北风 ≤3级 /东北风 ≤3级,小雨,小雨,12,8,东北风,≤3级,东北风,≤3级,day
2015-04-10 14:30:00,百花大道,7、未按规定让行的 ,负全部责任,不负责任,0,贵A83324,黑,1,贵A10048,黄,自培,自培,2008/8/21 0:00,2000/7/13 0:00,天马,豪泺牌,366561000000000000 ,36455651964953637X,198401,198208,14,4,4,工作日,非高峰,2015-04-10,2015年4月10日,小雨 /小雨,12℃ / 8℃,东北风 ≤3级 /东北风 ≤3级,小雨,小雨,12,8,东北风,≤3级,东北风,≤3级,day
2015-04-10 13:30:00,沙冲路,1、追尾的,负全部责任,不负责任,1,贵AU1528,白色,1,贵A77N67,白色,自培,自培,2001/4/4 0:00,2004/7/13 0:00,捷达牌,自由光,366361000000000000 ,364556000000000000 ,197405,197906,13,4,4,工作日,非高峰,2015-04-10,2015年4月10日,小雨 /小雨,12℃ / 8℃,东北风 ≤3级 /东北风 ≤3级,小雨,小雨,12,8,东北风,≤3级,东北风,≤3级,day
2015-04-10 22:00:00,花溪,3、倒车的,负全部责任,不负责任,1,贵JCY447,白色,1,贵AQS186,白色,自培,自培,2010/11/18 0:00,2004/1/15 0:00,翼搏牌,传祺牌,706068000000000000 ,355468000000000000 ,198706,197211,22,4,4,工作日,非高峰,2015-04-10,2015年4月10日,小雨 /小雨,12℃ / 8℃,东北风 ≤3级 /东北风 ≤3级,小雨,小雨,12,8,东北风,≤3级,东北风,≤3级,night
2015-04-11 09:30:00,珠江路,1、追尾的,负全部责任,不负责任,1,贵AKK141,白色,1,贵AHT834,白色,自培,自培,2003/10/21 0:00,2008/5/4 0:00,丰田牌,五菱牌,364546000000000 ,65495500000000000 ,570221,198801,9,5,4,工作日,早高峰(7-9点),2015-04-11,2015年4月11日,多云 /多云,15℃ / 9℃,东北风 ≤3级 /东风 ≤3级,多云,多云,15,9,东北风,≤3级,东风,≤3级,day
2015-04-11 14:40:00,观水路,7、未按规定让行的 ,负全部责任,不负责任,1,贵JBT844,白色,1,贵AE2765,白色,自培,自培,2011/9/20 0:00,2002/9/29 0:00,东风标致牌,别克牌,355741000000000000 ,354657000000000000 ,198809,197305,14,5,4,工作日,非高峰,2015-04-11,2015年4月11日,多云 /多云,15℃ / 9℃,东北风 ≤3级 /东风 ≤3级,多云,多云,15,9,东北风,≤3级,东风,≤3级,day
2015-04-12 14:55:00,一中,9、不符合前8款规定或者双方同时具有上述情形的,负同等责任,负同等责任,1,贵AW6349,银,1,贵ACC842,红,自培,自培,2005/12/20 0:00,2002/8/1 0:00,银钢牌,长安牌,366046000000000000 ,364558000000000000 ,197910,197001,14,6,4,周末,非高峰,2015-04-12,2015年4月12日,晴 /多云,21℃ / 7℃,东风 ≤3级 /东风 ≤3级,晴,多云,21,7,东风,≤3级,东风,≤3级,day
2015-04-12 18:30:00,延安东路,7、未按规定让行的 ,负全部责任,不负责任,1, 贵AJ7905,黑,1,贵A74W42,银,自培,自培,2002/5/31 0:00,2004/1/11 0:00,-1,长安牌,74540500000000000 ,366064000000000000 ,196805,198110,18,6,4,周末,晚高峰(17-19点),2015-04-12,2015年4月12日,晴 /多云,21℃ / 7℃,东风 ≤3级 /东风 ≤3级,晴,多云,21,7,东风,≤3级,东风,≤3级,day
2015-04-12 17:00:00,观山东路,7、未按规定让行的 ,负全部责任,不负责任,1,川A98A81,黑,1,贵AC413K,银,自培,自培,2006/7/18 0:00,2004/2/11 0:00,东风日产牌,长安牌,354747000000000000 ,36606751944767075X,195211,198003,17,6,4,周末,晚高峰(17-19点),2015-04-12,2015年4月12日,晴 /多云,21℃ / 7℃,东风 ≤3级 /东风 ≤3级,晴,多云,21,7,东风,≤3级,东风,≤3级,day
2015-04-12 14:57:00,小河平桥,1、追尾的,负全部责任,不负责任,1,贵A35W35,白色,1,贵A6602J,白色,自培,自培,2004/5/8 0:00,2002/5/9 0:00,思威牌,思威牌,35666751294966707X,364556000000000000 ,196808,197110,14,6,4,周末,非高峰,2015-04-12,2015年4月12日,晴 /多云,21℃ / 7℃,东风 ≤3级 /东风 ≤3级,晴,多云,21,7,东风,≤3级,东风,≤3级,day
2015-04-12 18:00:00,北京西路,1、追尾的,负全部责任,不负责任,1,贵ALM124,黄,1,贵JAS245,黑,自培,自培,2007/9/7 0:00,2013/9/26 0:00,东风标致牌,五菱牌,366569000000000000 ,56963500000000000 ,198709,197403,18,6,4,周末,晚高峰(17-19点),2015-04-12,2015年4月12日,晴 /多云,21℃ / 7℃,东风 ≤3级 /东风 ≤3级,晴,多云,21,7,东风,≤3级,东风,≤3级,day
2015-04-13 10:17:00,黔灵山路,7、未按规定让行的 ,负全部责任,不负责任,1,贵FT3697,白,1,贵A4CA01,白,自培,自培,2005/8/18 0:00,2003/6/27 0:00,丰田,梅赛德斯—奔驰,366067000000000000 ,364548000000000000 ,198302,198405,10,0,4,工作日,非高峰,2015-04-13,2015年4月13日,晴 /多云,23℃ / 8℃,东北风 ≤3级 /东北风 ≤3级,晴,多云,23,8,东北风,≤3级,东北风,≤3级,day
2015-04-13 11:35:00,杨家山,1、追尾的,负全部责任,不负责任,1,贵A615E3,红,1,贵A105A9,白,自培,自培,2008/5/12 0:00,2003/4/22 0:00,东风牌,解放牌,366876000000000000 ,366367000000000000 ,197707,197410,11,0,4,工作日,非高峰,2015-04-13,2015年4月13日,晴 /多云,23℃ / 8℃,东北风 ≤3级 /东北风 ≤3级,晴,多云,23,8,东北风,≤3级,东北风,≤3级,day
2015-04-13 11:30:00,黄河路,1、追尾的,负全部责任,不负责任,1,贵A08421,白色,1,贵AV4326,白色,自培,自培,2001/7/25 0:00,2004/4/7 0:00,万达牌,吉利牌,364556000000000000 ,366368000000000000 ,196206,196701,11,0,4,工作日,非高峰,2015-04-13,2015年4月13日,晴 /多云,23℃ / 8℃,东北风 ≤3级 /东北风 ≤3级,晴,多云,23,8,东北风,≤3级,东北风,≤3级,day
2015-04-13 13:30:00,水东路,1、追尾的,负全部责任,不负责任,1,贵AK0534,红,1,贵AAT555,银,自培,自培,2005/10/18 0:00,2003/8/12 0:00,宗申牌,宝马牌,364547000000000000 ,36455751894948403X,198601,197808,13,0,4,工作日,非高峰,2015-04-13,2015年4月13日,晴 /多云,23℃ / 8℃,东北风 ≤3级 /东北风 ≤3级,晴,多云,23,8,东北风,≤3级,东北风,≤3级,day
2015-04-13 12:56:00,金阳医院,1、追尾的,负全部责任,不负责任,1,贵A901C4,白,0,贵APA984,红,自培,自培,2004/12/10 9:28,2002/12/11 0:00,解放牌,威志牌,366068000000000000 ,364547000000000000 ,197105,197206,12,0,4,工作日,非高峰,2015-04-13,2015年4月13日,晴 /多云,23℃ / 8℃,东北风 ≤3级 /东北风 ≤3级,晴,多云,23,8,东北风,≤3级,东北风,≤3级,day
2015-04-13 13:20:00,新世界物流,3、倒车的,负全部责任,不负责任,1,贵AS0012,白色,1,贵ALL535,白色,自培,自培,2004/12/24 0:00,2000/6/14 0:00,奥铃牌,长安牌,366367000000000000 ,364558000000000000 ,197507,197402,13,0,4,工作日,非高峰,2015-04-13,2015年4月13日,晴 /多云,23℃ / 8℃,东北风 ≤3级 /东北风 ≤3级,晴,多云,23,8,东北风,≤3级,东北风,≤3级,day
2015-04-13 15:50:00,花溪,1、追尾的,负全部责任,不负责任,1,贵A46J68,白色,1,贵AU9541,白色,自培,自培,2007/3/26 0:00,2006/5/8 0:00,奥迪牌,瑞麒牌,364547000000000000 ,35726551284867833X,196512,196707,15,0,4,工作日,非高峰,2015-04-13,2015年4月13日,晴 /多云,23℃ / 8℃,东北风 ≤3级 /东北风 ≤3级,晴,多云,23,8,东北风,≤3级,东北风,≤3级,day
2015-04-13 16:00:00,小河,7、未按规定让行的 ,负全部责任,不负责任,1,贵A67725,白色,1,贵A5CB47,白色,自培,自培,2006/10/30 0:00,2004/12/13 0:00,华林牌,东风日产牌,364547000000000000 ,364548000000000000 ,198407,198112,16,0,4,工作日,非高峰,2015-04-13,2015年4月13日,晴 /多云,23℃ / 8℃,东北风 ≤3级 /东北风 ≤3级,晴,多云,23,8,东北风,≤3级,东北风,≤3级,day
2015-04-13 17:58:00,花溪,8、依法应负全责的其他情形,负全部责任,不负责任,1,粤B1A129,白色,1,贵AKH681,白色,自培,自培,2006/2/28 0:00,2003/6/19 0:00,雅阁,蒙迪欧牌,364556000000000000 ,366066000000000000 ,196907,197209,17,0,4,工作日,晚高峰(17-19点),2015-04-13,2015年4月13日,晴 /多云,23℃ / 8℃,东北风 ≤3级 /东北风 ≤3级,晴,多云,23,8,东北风,≤3级,东北风,≤3级,day
2015-04-14 08:05:00,北二环,7、未按规定让行的 ,负全部责任,不负责任,1,贵AW3624,银,1,贵CHG181,白,自培,自培,2008/3/18 0:00,2003/10/28 0:00,大众汽车牌,奥迪牌,366262000000000000 ,366566000000000000 ,197709,197904,8,1,4,工作日,早高峰(7-9点),2015-04-14,2015年4月14日,晴 /多云,22℃ / 9℃,东风 ≤3级 /东风 ≤3级,晴,多云,22,9,东风,≤3级,东风,≤3级,day
2015-04-14 07:50:00,花溪,1、追尾的,负全部责任,不负责任,1,桂AWS464,白色,1,贵A3029学,白色,自培,自培,2006/5/22 0:00,2005/5/26 0:00,\N,-1,364548000000000000 ,364548000000000000 ,197908,197808,7,1,4,工作日,早高峰(7-9点),2015-04-14,2015年4月14日,晴 /多云,22℃ / 9℃,东风 ≤3级 /东风 ≤3级,晴,多云,22,9,东风,≤3级,东风,≤3级,day
2015-04-14 08:40:00,花溪,3、倒车的,负全部责任,不负责任,1,贵AKZ595,白色,1,贵AW4519,白色,自培,自培,2005/1/11 0:00,2002/6/10 0:00,帕萨特牌,金洪牌,354543000000000000 ,74555500000000000 ,197406,197102,8,1,4,工作日,早高峰(7-9点),2015-04-14,2015年4月14日,晴 /多云,22℃ / 9℃,东风 ≤3级 /东风 ≤3级,晴,多云,22,9,东风,≤3级,东风,≤3级,day
2015-04-14 11:00:00,北京东路,7、未按规定让行的 ,负全部责任,不负责任,1,贵J83796,白色,1,贵AB0513,白色,自培,自培,2003/2/12 0:00,2006/1/17 0:00,五菱牌,金城牌,366864000000000000 ,364557000000000000 ,197410,196802,11,1,4,工作日,非高峰,2015-04-14,2015年4月14日,晴 /多云,22℃ / 9℃,东风 ≤3级 /东风 ≤3级,晴,多云,22,9,东风,≤3级,东风,≤3级,day
2015-04-14 12:00:00,龙井路,5、开关车门的,负全部责任,不负责任,1,贵A86Z64,黑,0,贵CHX195,红,自培,自培,2000/7/26 0:00,2011/4/26 0:00,大众牌,吉利全球鹰牌,364557000000000000 ,366561000000000000 ,197909,197601,12,1,4,工作日,非高峰,2015-04-14,2015年4月14日,晴 /多云,22℃ / 9℃,东风 ≤3级 /东风 ≤3级,晴,多云,22,9,东风,≤3级,东风,≤3级,day
2015-04-14 11:20:00,孟关汽车城,1、追尾的,负全部责任,不负责任,1,贵A4BA31,白色,1,贵AU2659,白色,自培,自培,2003/5/28 0:00,2001/10/23 0:00,大众牌,宝来牌,364548000000000000 ,364548000000000000 ,196002,197504,11,1,4,工作日,非高峰,2015-04-14,2015年4月14日,晴 /多云,22℃ / 9℃,东风 ≤3级 /东风 ≤3级,晴,多云,22,9,东风,≤3级,东风,≤3级,day
2015-04-14 12:00:00,中华路,1、追尾的,负全部责任,不负责任,0,贵ASU447,银,1,贵AU3912,蓝,自培,自培,2005/12/7 0:00,2003/8/21 0:00,马自达牌,宝来牌,364547000000000000 ,366061000000000000 ,198104,197312,12,1,4,工作日,非高峰,2015-04-14,2015年4月14日,晴 /多云,22℃ / 9℃,东风 ≤3级 /东风 ≤3级,晴,多云,22,9,东风,≤3级,东风,≤3级,day
2015-04-15 06:20:00,花果园,7、未按规定让行的 ,负全部责任,不负责任,1,贵FX1971,白色,1,贵AAJ219,白色,自培,自培,2014/4/24 0:00,2006/6/13 0:00,东风日产牌,解放牌,357475000000000000 ,366063000000000000 ,198810,196706,6,2,4,工作日,非高峰,2015-04-15,2015年4月15日,多云 /多云,24℃ / 16℃,东南风 ≤3级 /南风 ≤3级,多云,多云,24,16,东南风,≤3级,南风,≤3级,day
2015-04-15 09:45:00,威清路,1、追尾的,负全部责任,不负责任,1,贵AU8993,蓝,1,贵A58M21,蓝,自培,自培,2009/3/11 0:00,2002/10/24 0:00,瑞麒牌,北京现代牌,74667500000000000 ,364548000000000000 ,198706,198210,9,2,4,工作日,早高峰(7-9点),2015-04-15,2015年4月15日,多云 /多云,24℃ / 16℃,东南风 ≤3级 /南风 ≤3级,多云,多云,24,16,东南风,≤3级,南风,≤3级,day
2015-04-15 10:20:00,二戈寨,3、倒车的,负全部责任,不负责任,1,贵A521A1,白色,1,贵AS0249,白色,自培,自培,2009/6/23 0:00,2003/10/10 0:00,解放牌,解放牌,366063000000000000 ,364547000000000000 ,197701,196602,10,2,4,工作日,非高峰,2015-04-15,2015年4月15日,多云 /多云,24℃ / 16℃,东南风 ≤3级 /南风 ≤3级,多云,多云,24,16,东南风,≤3级,南风,≤3级,day
2015-04-15 11:11:00,乌当,1、追尾的,负全部责任,不负责任,1,贵AK5389,黑,1,贵A3009R,银,自培,自培,2000/8/11 0:00,2007/3/23 0:00,海马,大众牌,364548000000000000 ,364556000000000000 ,195603,197406,11,2,4,工作日,非高峰,2015-04-15,2015年4月15日,多云 /多云,24℃ / 16℃,东南风 ≤3级 /南风 ≤3级,多云,多云,24,16,东南风,≤3级,南风,≤3级,day