accidenttime,accidentaddr,driver1fault,driver1responsibility,driver2responsibility,sex1,platenumber1,carcolor1,sex2,platenumber2,carcolor2,jxmc1,jxmc2,cclzrq1,cclzrq2,clpp1,clpp2,driver1license,driver2license,brith1,brith2,hour,weekday,month,is_weekday,peak_hour,date,日期,天气状况,气温,风力风向,day_wea,night_wea,day_tep,night_tep,day_wind_direction,day_wind_speed,night_wind_direction,night_wind_speed,segment
2015-04-16 09:40:00,杨家山隧道,1、追尾的,负全部责任,不负责任,1,闽APY116,黑,1,贵AB580K,黄,自培,自培,2013/6/27 0:00,2003/4/9 0:00,途锐,夏利,734570000000000000 ,364547000000000000 ,199409,198409,9,3,4,工作日,早高峰(7-9点),2015-04-16,2015年4月16日,多云 /多云,29℃ / 17℃,南风 ≤3级 /南风 ≤3级,多云,多云,29,17,南风,≤3级,南风,≤3级,day
2015-04-16 10:10:00,南亚路,3、倒车的,负全部责任,不负责任,1,贵AU3966,蓝,1,贵CHU273,白,自培,自培,2000/8/17 0:00,2004/6/18 0:00,力帆牌,东风雪铁龙牌,364548000000000000 ,36666351824154275X,197407,197609,10,3,4,工作日,非高峰,2015-04-16,2015年4月16日,多云 /多云,29℃ / 17℃,南风 ≤3级 /南风 ≤3级,多云,多云,29,17,南风,≤3级,南风,≤3级,day
2015-04-18 13:00:00,服务大楼,7、未按规定让行的 ,负全部责任,不负责任,1,贵ALC905,白色,1,贵A42G88,白色,自培,自培,2001/10/7 0:00,2002/5/27 0:00,宝马牌,长安牌,36454751965547605X,366569000000000000 ,198211,197304,13,5,4,工作日,非高峰,2015-04-18,2015年4月18日,多云 /雷阵雨,29℃ / 16℃,南风 ≤3级 /南风 ≤3级,多云,雷阵雨,29,16,南风,≤3级,南风,≤3级,day
2015-04-18 12:50:00,三桥,3、倒车的,负全部责任,不负责任,1,贵JAD475,黑,0,贵AD1703,白,自培,自培,2000/8/15 0:00,2005/1/5 0:00,宝马,飞鹰牌,364547000000000000 ,364548000000000000 ,197807,198310,12,5,4,工作日,非高峰,2015-04-18,2015年4月18日,多云 /雷阵雨,29℃ / 16℃,南风 ≤3级 /南风 ≤3级,多云,雷阵雨,29,16,南风,≤3级,南风,≤3级,day
2015-04-19 11:00:00,小河平桥,7、未按规定让行的 ,负全部责任,不负责任,1,贵AV2859,白色,1,贵A98541,白色,自培,自培,2000/7/24 0:00,2003/6/5 0:00,嘉陵牌,解放牌,364547000000000 ,36634651825469575X,741125,197610,11,6,4,周末,非高峰,2015-04-19,2015年4月19日,阵雨 /阵雨,22℃ / 13℃,东北风 ≤3级 /东北风 ≤3级,阵雨,阵雨,22,13,东北风,≤3级,东北风,≤3级,day
2015-04-19 11:00:00,金朱路,1、追尾的,负全部责任,不负责任,0,贵A6653Y,红,0,贵AHH360,白,自培,自培,2004/5/19 0:00,2004/7/2 0:00,比亚迪牌,宝马牌,364547000000000000 ,364547000000000000 ,197101,198110,11,6,4,周末,非高峰,2015-04-19,2015年4月19日,阵雨 /阵雨,22℃ / 13℃,东北风 ≤3级 /东北风 ≤3级,阵雨,阵雨,22,13,东北风,≤3级,东北风,≤3级,day
2015-04-19 10:00:00,后巢乡马井巷,8、依法应负全责的其他情形,负全部责任,不负责任,1,贵AFP679,白色,1,贵A856G5,白色,自培,自培,2004/6/14 0:00,2005/6/21 0:00,昌河牌,解放牌,366561000000000000 ,355464000000000000 ,197103,198102,10,6,4,周末,非高峰,2015-04-19,2015年4月19日,阵雨 /阵雨,22℃ / 13℃,东北风 ≤3级 /东北风 ≤3级,阵雨,阵雨,22,13,东北风,≤3级,东北风,≤3级,day
2015-04-19 14:00:00,万东桥,1、追尾的,负全部责任,不负责任,1,贵ARB515,白色,1,贵AU3797,白色,自培,自培,2001/5/10 0:00,2004/8/31 0:00,思威牌,宝来牌,364547000000000000 ,364557000000000000 ,198205,197511,14,6,4,周末,非高峰,2015-04-19,2015年4月19日,阵雨 /阵雨,22℃ / 13℃,东北风 ≤3级 /东北风 ≤3级,阵雨,阵雨,22,13,东北风,≤3级,东北风,≤3级,day
2015-04-19 13:35:00,太慈桥,7、未按规定让行的 ,负全部责任,不负责任,1,贵GS4571,白色,1,贵JV8968,白色,自培,自培,2004/8/27 0:00,2004/9/30 0:00,北京现代牌,雪佛兰牌,366346000000000000 ,364548000000000000 ,197709,196206,13,6,4,周末,非高峰,2015-04-19,2015年4月19日,阵雨 /阵雨,22℃ / 13℃,东北风 ≤3级 /东北风 ≤3级,阵雨,阵雨,22,13,东北风,≤3级,东北风,≤3级,day
2015-04-19 15:50:00,头桥,7、未按规定让行的 ,负全部责任,不负责任,1,闽A98S21,黑,1,贵ARP821,银,自培,自培,2012/11/30 0:00,2002/6/24 0:00,大众汽车牌,英伦牌,734569000000000000 ,364548000000000000 ,197502,195804,15,6,4,周末,非高峰,2015-04-19,2015年4月19日,阵雨 /阵雨,22℃ / 13℃,东北风 ≤3级 /东北风 ≤3级,阵雨,阵雨,22,13,东北风,≤3级,东北风,≤3级,day
2015-04-19 17:30:00,花溪,8、依法应负全责的其他情形,负全部责任,不负责任,1,豫CND88,黑,1,贵A72R67,黑,自培,自培,2006/7/11 0:00,2000/4/3 0:00,\N,华泰宝利格牌,724296000000000000 ,364557000000000000 ,198009,196204,17,6,4,周末,晚高峰(17-19点),2015-04-19,2015年4月19日,阵雨 /阵雨,22℃ / 13℃,东北风 ≤3级 /东北风 ≤3级,阵雨,阵雨,22,13,东北风,≤3级,东北风,≤3级,day
2015-04-20 16:30:00,花香村,7、未按规定让行的 ,负全部责任,不负责任,1,渝BGP955,蓝,1,贵AFY754,蓝,自培,自培,2009/4/24 0:00,2002/11/20 0:00,福克斯牌,锋范牌,344557000000000000 ,366875000000000000 ,198812,197609,16,0,4,工作日,非高峰,2015-04-20,2015年4月20日,阴 /阴,20℃ / 11℃,东北风 ≤3级 /东北风 ≤3级,阴,阴,20,11,东北风,≤3级,东北风,≤3级,day
2015-04-20 21:00:00,花果园,8、依法应负全责的其他情形,负全部责任,不负责任,1,贵ANU686,银,1,贵A39F23,黑,自培,自培,2000/10/10 0:00,2004/9/14 0:00,别克牌,大众牌,734547000000000000 ,364547000000000000 ,197107,197011,21,0,4,工作日,非高峰,2015-04-20,2015年4月20日,阴 /阴,20℃ / 11℃,东北风 ≤3级 /东北风 ≤3级,阴,阴,20,11,东北风,≤3级,东北风,≤3级,night
2015-04-21 14:00:00,花果园,9、不符合前8款规定或者双方同时具有上述情形的,负同等责任,负同等责任,1,渝F71F36,白色,1,贵AU9587,白色,自培,自培,2003/9/3 0:00,2003/8/19 0:00,梅赛德斯-奔驰牌,宗申牌,344546000000000000 ,366368000000000000 ,199402,197106,14,1,4,工作日,非高峰,2015-04-21,2015年4月21日,阴 /阵雨,17℃ / 10℃,东北风 ≤3级 /东北风 ≤3级,阴,阵雨,17,10,东北风,≤3级,东北风,≤3级,day
2015-04-21 13:10:00,皂角井,1、追尾的,负全部责任,不负责任,1,贵AKJ973,白色,1,贵AU6017,白色,自培,自培,2004/7/5 0:00,2006/8/11 0:00,昊锐牌,常光牌,364547000000000000 ,366361000000000000 ,198104,198301,13,1,4,工作日,非高峰,2015-04-21,2015年4月21日,阴 /阵雨,17℃ / 10℃,东北风 ≤3级 /东北风 ≤3级,阴,阵雨,17,10,东北风,≤3级,东北风,≤3级,day
2015-04-21 14:00:00,白云区,7、未按规定让行的 ,负全部责任,不负责任,1,贵A1879A,银,1,贵AUA418,黄,自培,自培,2003/9/3 0:00,2004/11/26 0:00,长安牌,吉利美日牌,66667300000000 ,366368000000000000 ,630526,196911,14,1,4,工作日,非高峰,2015-04-21,2015年4月21日,阴 /阵雨,17℃ / 10℃,东北风 ≤3级 /东北风 ≤3级,阴,阵雨,17,10,东北风,≤3级,东北风,≤3级,day
2015-04-21 15:00:00,黄河路,1、追尾的,负全部责任,不负责任,1,贵A877C4,白色,1,贵A8BM61,白色,自培,自培,2002/1/22 0:00,2004/4/30 0:00,五菱牌,大众汽车牌,66063500000000000 ,364547000000000000 ,197009,197609,15,1,4,工作日,非高峰,2015-04-21,2015年4月21日,阴 /阵雨,17℃ / 10℃,东北风 ≤3级 /东北风 ≤3级,阴,阵雨,17,10,东北风,≤3级,东北风,≤3级,day
2015-04-21 18:00:00,绿苑小区,7、未按规定让行的 ,负全部责任,不负责任,1,贵A38N63,白色,1,贵AU1817,白色,自培,自培,2003/5/13 0:00,2006/5/10 0:00,马自达牌,国威牌,364547000000000000 ,366068000000000000 ,197512,198112,18,1,4,工作日,晚高峰(17-19点),2015-04-21,2015年4月21日,阴 /阵雨,17℃ / 10℃,东北风 ≤3级 /东北风 ≤3级,阴,阵雨,17,10,东北风,≤3级,东北风,≤3级,day
2015-04-22 07:10:00,省府路,1、追尾的,负全部责任,不负责任,1,贵GM4297,黑,1,贵ANJ761,红,自培,自培,2006/4/27 0:00,2004/6/29 0:00,长城牌,起亚牌,366570000000000000 ,754555000000000000 ,198708,196704,7,2,4,工作日,早高峰(7-9点),2015-04-22,2015年4月22日,小雨 /小雨,15℃ / 10℃,东北风 ≤3级 /东北风 ≤3级,小雨,小雨,15,10,东北风,≤3级,东北风,≤3级,day
2015-04-22 07:40:00,阳关,1、追尾的,负全部责任,不负责任,1,贵A87107,白,1,贵A87169,白,自培,自培,2003/12/12 0:00,2001/10/26 0:00,大运牌,星马牌,364557000000000000 ,366361000000000000 ,198504,198208,7,2,4,工作日,早高峰(7-9点),2015-04-22,2015年4月22日,小雨 /小雨,15℃ / 10℃,东北风 ≤3级 /东北风 ≤3级,小雨,小雨,15,10,东北风,≤3级,东北风,≤3级,day
2015-04-22 07:30:00,会展城,9、不符合前8款规定或者双方同时具有上述情形的,负同等责任,负同等责任,1,贵FS9240,黑,1,贵A3505B,蓝,自培,自培,2000/12/21 0:00,2006/9/20 0:00,一汽佳星牌,波罗牌,366061000000000000 ,364548000000000000 ,197401,198301,7,2,4,工作日,早高峰(7-9点),2015-04-22,2015年4月22日,小雨 /小雨,15℃ / 10℃,东北风 ≤3级 /东北风 ≤3级,小雨,小雨,15,10,东北风,≤3级,东北风,≤3级,day
2015-04-21 21:30:00,甲秀南路,9、不符合前8款规定或者双方同时具有上述情形的,负同等责任,负同等责任,1,贵AA548F,白色,1,贵CC0543,白色,自培,自培,2008/11/20 0:00,2004/2/11 0:00,奇瑞,雪佛兰牌,354366000000000000 ,366561000000000000 ,198708,197703,21,1,4,工作日,非高峰,2015-04-21,2015年4月21日,阴 /阵雨,17℃ / 10℃,东北风 ≤3级 /东北风 ≤3级,阴,阵雨,17,10,东北风,≤3级,东北风,≤3级,night
2015-04-22 12:10:00,白云区,1、追尾的,负全部责任,不负责任,1,贵A4898K,黑,1,贵AET682,银,自培,自培,2011/3/15 0:00,2006/7/13 0:00,长安牌,梅赛德斯-奔驰牌,726368000000000000 ,364556000000000000 ,199202,197805,12,2,4,工作日,非高峰,2015-04-22,2015年4月22日,小雨 /小雨,15℃ / 10℃,东北风 ≤3级 /东北风 ≤3级,小雨,小雨,15,10,东北风,≤3级,东北风,≤3级,day
2015-04-23 08:30:00,东山,1、追尾的,负全部责任,不负责任,1,贵AHV363,黑,1,贵AAY568,黑,自培,自培,2004/9/28 0:00,2000/8/24 0:00,雅阁牌,翼虎牌,366661000000000000 ,366363000000000000 ,197510,198103,8,3,4,工作日,早高峰(7-9点),2015-04-23,2015年4月23日,阴 /小雨,16℃ / 10℃,东北风 ≤3级 /东北风 ≤3级,阴,小雨,16,10,东北风,≤3级,东北风,≤3级,day
2015-04-24 02:10:00,石林路,1、追尾的,负全部责任,不负责任,1,贵AUA367,绿,1,贵AU4489,白,自培,自培,2009/6/4 0:00,2008/3/13 0:00,大众牌,捷达牌,366664000000000000 ,364547000000000000 ,197902,198509,2,4,4,工作日,非高峰,2015-04-24,2015年4月24日,阴 /小雨,16℃ / 11℃,东风 ≤3级 /东风 ≤3级,阴,小雨,16,11,东风,≤3级,东风,≤3级,night
2015-04-25 12:00:00,商贸城,3、倒车的,负全部责任,不负责任,1,贵AX9678,白,1,贵A11S61,白,自培,自培,2004/4/30 0:00,2006/4/29 0:00,丰田(TOYOTA)牌,北京现代牌,364557000000000000 ,364548000000000000 ,197704,197510,12,5,4,工作日,非高峰,2015-04-25,2015年4月25日,阴 /阵雨,20℃ / 11℃,东风 ≤3级 /东南风 ≤3级,阴,阵雨,20,11,东风,≤3级,东南风,≤3级,day
2015-04-25 19:47:00,嘉润路,7、未按规定让行的 ,负全部责任,不负责任,1,贵JAW885,白色,1,贵A99449,白色,自培,自培,2006/5/22 0:00,2001/10/15 0:00,帕萨特,宝马,366870000000000000 ,364547000000000000 ,197707,193906,19,5,4,工作日,晚高峰(17-19点),2015-04-25,2015年4月25日,阴 /阵雨,20℃ / 11℃,东风 ≤3级 /东南风 ≤3级,阴,阵雨,20,11,东风,≤3级,东南风,≤3级,day
2015-04-26 07:50:00,延安东路,9、不符合前8款规定或者双方同时具有上述情形的,负同等责任,负同等责任,1,贵AU5476,绿,1,贵ABY344,黄,自培,自培,2007/2/15 0:00,2004/6/26 0:00,豪爵牌,朗风牌,364548000000000000 ,366566000000000000 ,195902,197710,7,6,4,周末,早高峰(7-9点),2015-04-26,2015年4月26日,阵雨 /阵雨,18℃ / 14℃,东南风 ≤3级 /东北风 ≤3级,阵雨,阵雨,18,14,东南风,≤3级,东北风,≤3级,day
2015-04-26 15:20:00,枣山路,8、依法应负全责的其他情形,负全部责任,不负责任,1,湘A2781N,黑,1,贵ATB984,银,自培,自培,2007/7/9 0:00,2003/3/23 0:00,奥迪牌,夏利牌,74955500000000000 ,364548000000000000 ,196909,197811,15,6,4,周末,非高峰,2015-04-26,2015年4月26日,阵雨 /阵雨,18℃ / 14℃,东南风 ≤3级 /东北风 ≤3级,阵雨,阵雨,18,14,东南风,≤3级,东北风,≤3级,day
2015-04-26 14:30:00,沙冲路,7、未按规定让行的 ,负全部责任,不负责任,1,贵AF143,白色,1,闽A4339M,白色,自培,自培,2002/9/3 0:00,2005/1/24 0:00,-1,长安牌,36454651314762647X,734596000000000000 ,195903,198302,14,6,4,周末,非高峰,2015-04-26,2015年4月26日,阵雨 /阵雨,18℃ / 14℃,东南风 ≤3级 /东北风 ≤3级,阵雨,阵雨,18,14,东南风,≤3级,东北风,≤3级,day
2015-04-26 17:10:00,龙洞堡,3、倒车的,负全部责任,不负责任,1,鄂FCT431,白色,1,贵A4EB61,白色,自培,自培,2012/9/3 0:00,2005/8/30 0:00,长城牌,大众汽车牌,357963000000000000 ,364548000000000000 ,199001,198602,17,6,4,周末,晚高峰(17-19点),2015-04-26,2015年4月26日,阵雨 /阵雨,18℃ / 14℃,东南风 ≤3级 /东北风 ≤3级,阵雨,阵雨,18,14,东南风,≤3级,东北风,≤3级,day
2015-04-27 16:20:00,金关,1、追尾的,负全部责任,不负责任,1,贵A26149,白,1,贵AU1579,绿,自培,自培,2013/9/26 0:00,2004/2/17 0:00,中联牌,喜马牌,354766000000000000 ,366067000000000000 ,199205,197608,16,0,4,工作日,非高峰,2015-04-27,2015年4月27日,阴 /雷阵雨,21℃ / 14℃,东南风 ≤3级 /东北风 ≤3级,阴,雷阵雨,21,14,东南风,≤3级,东北风,≤3级,day
2015-04-27 18:00:00,甲秀南路,7、未按规定让行的 ,负全部责任,不负责任,1,贵AG4685,白色,1,贵ASA126,黑色,自培,自培,2010/6/7 0:00,2011/10/24 0:00,双庆牌,北京现代牌,366066000000000000 ,366664000000000000 ,197807,199211,18,0,4,工作日,晚高峰(17-19点),2015-04-27,2015年4月27日,阴 /雷阵雨,21℃ / 14℃,东南风 ≤3级 /东北风 ≤3级,阴,雷阵雨,21,14,东南风,≤3级,东北风,≤3级,day
2015-04-28 00:00:00,花溪大道,7、未按规定让行的 ,负全部责任,不负责任,1,贵DX5411,白色,1,豫A169GN,白色,自培,自培,2006/2/15 0:00,2007/1/10 0:00,东风日产牌,北京现代牌,366664000000000000 ,54595500000000000 ,197912,198511,0,1,4,工作日,非高峰,2015-04-28,2015年4月28日,多云 /多云,25℃ / 15℃,东北风 ≤3级 /东北风 ≤3级,多云,多云,25,15,东北风,≤3级,东北风,≤3级,night
2015-04-28 08:00:00,都司路,1、追尾的,负全部责任,不负责任,1,贵A87G15,黄,1,贵A86624,黑,自培,自培,2001/8/6 0:00,2004/11/30 0:00,奥迪牌,福特锐界,364547000000000000 ,36454651864664745X,196509,197202,8,1,4,工作日,早高峰(7-9点),2015-04-28,2015年4月28日,多云 /多云,25℃ / 15℃,东北风 ≤3级 /东北风 ≤3级,多云,多云,25,15,东北风,≤3级,东北风,≤3级,day
2015-04-28 21:18:00,百花山,3、倒车的,负全部责任,不负责任,1,贵A38L43,白,1,贵AJ4209,红,自培,自培,2010/6/4 0:00,2006/2/28 0:00,雪佛兰牌,银翔牌,74560500000000000 ,366861000000000000 ,198612,197508,21,1,4,工作日,非高峰,2015-04-28,2015年4月28日,多云 /多云,25℃ / 15℃,东北风 ≤3级 /东北风 ≤3级,多云,多云,25,15,东北风,≤3级,东北风,≤3级,night
2015-04-28 17:10:00,狮子山,1、追尾的,负全部责任,不负责任,1,贵AVL82,银,1,贵AN921,白,自培,自培,2004/8/26 0:00,2004/9/9 0:00,-1,-1,364547000000000000 ,364548000000000000 ,198111,198110,17,1,4,工作日,晚高峰(17-19点),2015-04-28,2015年4月28日,多云 /多云,25℃ / 15℃,东北风 ≤3级 /东北风 ≤3级,多云,多云,25,15,东北风,≤3级,东北风,≤3级,day
2015-04-28 16:20:00,花溪大学城,8、依法应负全责的其他情形,负全部责任,不负责任,1,贵AGJ907,白色,1,贵A0AN21,白色,自培,自培,2003/12/8 0:00,2005/2/5 0:00,宝马牌,大众汽车牌,366577000000000000 ,364646000000000000 ,197008,197709,16,1,4,工作日,非高峰,2015-04-28,2015年4月28日,多云 /多云,25℃ / 15℃,东北风 ≤3级 /东北风 ≤3级,多云,多云,25,15,东北风,≤3级,东北风,≤3级,day
2015-04-29 16:00:00,沙冲路,7、未按规定让行的 ,负全部责任,不负责任,1,贵AC237E,白色,1,贵A9AP19,白色,自培,自培,2007/9/29 0:00,2004/1/17 0:00,哈飞牌,雪佛兰牌,366569000000000000 ,364548000000000000 ,196907,197607,16,2,4,工作日,非高峰,2015-04-29,2015年4月29日,阵雨 /阵雨,26℃ / 16℃,东北风 ≤3级 /东南风 ≤3级,阵雨,阵雨,26,16,东北风,≤3级,东南风,≤3级,day
2015-04-29 20:00:00,贵惠大道,7、未按规定让行的 ,负全部责任,不负责任,1,贵A5CA57,白色,1,贵ADM111,白色,自培,自培,2001/7/24 0:00,2005/8/16 0:00,雪佛兰CHEVROLET,东风雪铁龙牌,366566000000000000 ,364548000000000000 ,197503,195805,20,2,4,工作日,非高峰,2015-04-29,2015年4月29日,阵雨 /阵雨,26℃ / 16℃,东北风 ≤3级 /东南风 ≤3级,阵雨,阵雨,26,16,东北风,≤3级,东南风,≤3级,night
2015-04-29 17:09:00,水东路,7、未按规定让行的 ,负全部责任,不负责任,1,贵AF0528,白色,1,贵AU5904,白色,自培,自培,2002/12/2 0:00,2004/4/30 0:00,解放,豪爵牌,36606351224542128X,364547000000000000 ,196601,197511,17,2,4,工作日,晚高峰(17-19点),2015-04-29,2015年4月29日,阵雨 /阵雨,26℃ / 16℃,东北风 ≤3级 /东南风 ≤3级,阵雨,阵雨,26,16,东北风,≤3级,东南风,≤3级,day
2015-04-29 17:00:00,水东路,7、未按规定让行的 ,负全部责任,不负责任,1,贵AU5904,白色,1,贵AF0528,白色,自培,自培,2004/4/30 0:00,2002/12/2 0:00,捷达牌,解放,364547000000000000 ,36606351224542128X,197511,196601,17,2,4,工作日,晚高峰(17-19点),2015-04-29,2015年4月29日,阵雨 /阵雨,26℃ / 16℃,东北风 ≤3级 /东南风 ≤3级,阵雨,阵雨,26,16,东北风,≤3级,东南风,≤3级,day
2015-04-30 09:00:00,东站立交桥,7、未按规定让行的 ,负全部责任,不负责任,1,贵A759E4,白色,1,贵AC449X,白色,自培,自培,2000/11/9 0:00,2004/11/24 11:02,福田牌,宝马,366566000000000000 ,366577000000000000 ,197101,198506,9,3,4,工作日,早高峰(7-9点),2015-04-30,2015年4月30日,阵雨 /阵雨,25℃ / 17℃,东南风 ≤3级 /东南风 ≤3级,阵雨,阵雨,25,17,东南风,≤3级,东南风,≤3级,day
2015-04-30 17:00:00,解放西路,7、未按规定让行的 ,负全部责任,不负责任,1,贵A08650,白色,1,贵AEG293,白色,自培,自培,2000/8/23 0:00,2005/8/8 0:00,福田牌,吉利美日牌,356664000000000000 ,356166000000000000 ,197412,197009,17,3,4,工作日,晚高峰(17-19点),2015-04-30,2015年4月30日,阵雨 /阵雨,25℃ / 17℃,东南风 ≤3级 /东南风 ≤3级,阵雨,阵雨,25,17,东南风,≤3级,东南风,≤3级,day
2015-04-30 17:30:00,保利云山国际,3、倒车的,负全部责任,不负责任,1,贵AAB339,白,1,贵AHY356,黑,自培,自培,2013/7/1 0:00,2006/12/25 0:00,福克斯牌,东风标致牌,357846000000000000 ,34640500000000000 ,199408,197206,17,3,4,工作日,晚高峰(17-19点),2015-04-30,2015年4月30日,阵雨 /阵雨,25℃ / 17℃,东南风 ≤3级 /东南风 ≤3级,阵雨,阵雨,25,17,东南风,≤3级,东南风,≤3级,day
2015-05-01 15:02:00,金阳,1、追尾的,负全部责任,不负责任,1,云A3285W,白,0,贵FL8635,红,自培,自培,2004/4/20 0:00,2007/11/7 0:00,福田牌,-1,376570000000000000 ,364548000000000000 ,197612,196903,15,4,5,工作日,非高峰,2015-05-01,2015年5月1日,阵雨 /多云,25℃ / 14℃,东南风 ≤3级 /东北风 ≤3级,阵雨,多云,25,14,东南风,≤3级,东北风,≤3级,day
2015-05-01 19:56:00,金阳,9、不符合前8款规定或者双方同时具有上述情形的,负全部责任,不负责任,1,贵AB543N,白,1,贵AU0178,蓝,自培,自培,2003/1/29 0:00,2001/8/7 0:00,-1,华威龙牌,354868000000000000 ,354268000000000000 ,197303,197001,19,4,5,工作日,晚高峰(17-19点),2015-05-01,2015年5月1日,阵雨 /多云,25℃ / 14℃,东南风 ≤3级 /东北风 ≤3级,阵雨,多云,25,14,东南风,≤3级,东北风,≤3级,day
2015-05-01 22:11:00,花二道,7、未按规定让行的 ,负全部责任,不负责任,1,贵A980F8,白色,1,贵AWZ466,白色,自培,自培,2011/4/6 0:00,2004/5/17 0:00,跃进牌,福克斯牌,364645000000 ,364547000000000000 ,291268,196508,22,4,5,工作日,非高峰,2015-05-01,2015年5月1日,阵雨 /多云,25℃ / 14℃,东南风 ≤3级 /东北风 ≤3级,阵雨,多云,25,14,东南风,≤3级,东北风,≤3级,night
2015-05-01 22:30:00,胖水寨,8、依法应负全责的其他情形,负全部责任,不负责任,1,贵A20089,白色,1,贵AV5459,白色,自培,自培,2014/1/22 0:00,2011/8/5 0:00,昌河铃木牌,凌肯牌,366568000000000000 ,364551000000000000 ,199005,199210,22,4,5,工作日,非高峰,2015-05-01,2015年5月1日,阵雨 /多云,25℃ / 14℃,东南风 ≤3级 /东北风 ≤3级,阵雨,多云,25,14,东南风,≤3级,东北风,≤3级,night
2015-05-02 00:00:00,野猫井,3、倒车的,负全部责任,不负责任,1,贵AM3858,白,1,贵A55V84,红,自培,自培,2006/4/29 0:00,2006/12/12 0:00,巴山牌,北京现代牌,354364000000000000 ,366064000000000000 ,197307,197510,0,5,5,工作日,非高峰,2015-05-02,2015年5月2日,多云 /阵雨,26℃ / 16℃,东北风 ≤3级 /东风 ≤3级,多云,阵雨,26,16,东北风,≤3级,东风,≤3级,night
2015-05-02 00:00:00,花溪黔陶,9、不符合前8款规定或者双方同时具有上述情形的,负同等责任,负同等责任,1,贵DAR522,白色,1,贵A1K277,白色,自培,自培,2005/12/21 0:00,2001/10/31 0:00,-1,-1,366664000000000000 ,74367500000000000 ,196911,197003,0,5,5,工作日,非高峰,2015-05-02,2015年5月2日,多云 /阵雨,26℃ / 16℃,东北风 ≤3级 /东风 ≤3级,多云,阵雨,26,16,东北风,≤3级,东风,≤3级,night
2015-05-02 12:30:00,金阳,9、不符合前8款规定或者双方同时具有上述情形的,负全部责任,不负责任,1,贵A7401T,白,1,贵AU1818,蓝,自培,自培,2002/4/17 0:00,2006/1/10 0:00,吉利美日牌,豹王牌,366068000000000000 ,366046000000000000 ,198307,198009,12,5,5,工作日,非高峰,2015-05-02,2015年5月2日,多云 /阵雨,26℃ / 16℃,东北风 ≤3级 /东风 ≤3级,多云,阵雨,26,16,东北风,≤3级,东风,≤3级,day
2015-05-03 00:00:00,甲秀南路,7、未按规定让行的 ,负全部责任,不负责任,1,贵JDY986,白色,1,贵AU8256,白色,自培,自培,2015/1/16 0:00,2002/7/29 0:00,-1,跃进牌,66646500000000000 ,364547000000000000 ,197306,197107,0,6,5,周末,非高峰,2015-05-03,2015年5月3日,阵雨 /阵雨,25℃ / 15℃,东北风 ≤3级 /东北风 ≤3级,阵雨,阵雨,25,15,东北风,≤3级,东北风,≤3级,night
2015-05-03 08:23:00,花溪区,7、未按规定让行的 ,负全部责任,不负责任,1,川AD831Y,白色,1,贵A57A39,白色,自培,自培,2011/3/17 0:00,2005/3/24 0:00,-1,福克斯牌,355766000000000000 ,364547000000000000 ,197808,198606,8,6,5,周末,早高峰(7-9点),2015-05-03,2015年5月3日,阵雨 /阵雨,25℃ / 15℃,东北风 ≤3级 /东北风 ≤3级,阵雨,阵雨,25,15,东北风,≤3级,东北风,≤3级,day
2015-05-03 17:00:00,田园里,7、未按规定让行的 ,负全部责任,不负责任,1,贵B32141,白色,1,贵GGA886,白色,自培,自培,2004/3/30 0:00,2011/1/18 0:00,-1,-1,366369000000000000 ,366570000000000000 ,198502,196603,17,6,5,周末,晚高峰(17-19点),2015-05-03,2015年5月3日,阵雨 /阵雨,25℃ / 15℃,东北风 ≤3级 /东北风 ≤3级,阵雨,阵雨,25,15,东北风,≤3级,东北风,≤3级,day
2015-05-04 07:00:00,小河三江口,7、未按规定让行的 ,负全部责任,不负责任,1,贵A6719X,白色,1,贵A14X58,白色,自培,自培,2009/12/11 0:00,2006/6/1 0:00,长安牌,吉普,366064000000000000 ,355469000000000000 ,197310,198103,7,0,5,工作日,早高峰(7-9点),2015-05-04,2015年5月4日,阵雨 /阵雨,20℃ / 14℃,东北风 ≤3级 /东北风 ≤3级,阵雨,阵雨,20,14,东北风,≤3级,东北风,≤3级,day
2015-05-05 09:00:00,粑粑坳,8、依法应负全责的其他情形,负全部责任,不负责任,1,贵A88662,白,1,贵AH8221,红,自培,自培,2003/5/18 0:00,2001/4/9 0:00,翼虎牌,起亚,364558000000000000 ,36455751824067445X,198202,197604,9,1,5,工作日,早高峰(7-9点),2015-05-05,2015年5月5日,阵雨 /阵雨,21℃ / 15℃,南风 ≤3级 /南风 ≤3级,阵雨,阵雨,21,15,南风,≤3级,南风,≤3级,day
2015-05-05 11:10:00,中华北路,7、未按规定让行的 ,负全部责任,不负责任,1,贵AGE323,白,1,贵AV4051,黑,自培,自培,2012/10/21 0:00,2001/11/21 0:00,东风牌,嘉陵牌,366876000000000000 ,366868000000000000 ,198803,196510,11,1,5,工作日,非高峰,2015-05-05,2015年5月5日,阵雨 /阵雨,21℃ / 15℃,南风 ≤3级 /南风 ≤3级,阵雨,阵雨,21,15,南风,≤3级,南风,≤3级,day