accidenttime,accidentaddr,driver1fault,driver1responsibility,driver2responsibility,sex1,platenumber1,carcolor1,sex2,platenumber2,carcolor2,jxmc1,jxmc2,cclzrq1,cclzrq2,clpp1,clpp2,driver1license,driver2license,brith1,brith2,hour,weekday,month,is_weekday,peak_hour,date,日期,天气状况,气温,风力风向,day_wea,night_wea,day_tep,night_tep,day_wind_direction,day_wind_speed,night_wind_direction,night_wind_speed,segment
2015-05-05 09:35:00,乌当,1、追尾的,负全部责任,不负责任,1,贵A74M52,白,1,贵AV7856,白,自培,自培,2003/5/6 0:00,2007/1/17 0:00,飞度牌,钱江牌,364557000000000000 ,366561000000000000 ,196206,198201,9,1,5,工作日,早高峰(7-9点),2015-05-05,2015年5月5日,阵雨 /阵雨,21℃ / 15℃,南风 ≤3级 /南风 ≤3级,阵雨,阵雨,21,15,南风,≤3级,南风,≤3级,day
2015-05-05 14:20:00,转弯塘,7、未按规定让行的 ,负全部责任,不负责任,1,贵A95R93,黑,1,贵GT1592,白,自培,自培,2007/2/15 0:00,2011/4/10 0:00,丰田牌,-1,726564000000000000 ,357261000000000000 ,196106,198207,14,1,5,工作日,非高峰,2015-05-05,2015年5月5日,阵雨 /阵雨,21℃ / 15℃,南风 ≤3级 /南风 ≤3级,阵雨,阵雨,21,15,南风,≤3级,南风,≤3级,day
2015-05-05 14:00:00,花果园,7、未按规定让行的 ,负全部责任,不负责任,1,贵AHD472,白色,1,贵FV2144,白色,自培,自培,2005/10/25 0:00,2006/2/28 0:00,帕萨特牌,-1,05576951925658705X,364547000000000000 ,198612,198304,14,1,5,工作日,非高峰,2015-05-05,2015年5月5日,阵雨 /阵雨,21℃ / 15℃,南风 ≤3级 /南风 ≤3级,阵雨,阵雨,21,15,南风,≤3级,南风,≤3级,day
2015-05-07 03:00:00,粑粑坳,9、不符合前8款规定或者双方同时具有上述情形的,负同等责任,不负责任,1,贵A01319,白,1,贵AU0196,黄,自培,自培,2005/5/12 0:00,2005/9/8 0:00,五菱,万达牌,366669000000000000 ,74667500000000000 ,197111,197207,3,3,5,工作日,非高峰,2015-05-07,2015年5月7日,阵雨 /雷阵雨,23℃ / 17℃,东南风 ≤3级 /东南风 ≤3级,阵雨,雷阵雨,23,17,东南风,≤3级,东南风,≤3级,night
2015-05-07 08:00:00,甲秀南路,1、追尾的,负全部责任,不负责任,1,贵H8357学,白色,1,贵A3AS28,白色,自培,自培,2009/6/11 0:00,2004/2/18 0:00,-1,北京现代牌,366067000000000000 ,364551000000000000 ,198612,198305,8,3,5,工作日,早高峰(7-9点),2015-05-07,2015年5月7日,阵雨 /雷阵雨,23℃ / 17℃,东南风 ≤3级 /东南风 ≤3级,阵雨,雷阵雨,23,17,东南风,≤3级,东南风,≤3级,day
2015-05-07 09:45:00,甲秀南路,1、追尾的,负全部责任,不负责任,1,贵GY4039,白,1,贵A26P79,白,自培,自培,2014/3/26 0:00,2005/7/8 0:00,-1,凯迪拉克牌,364596000000000000 ,366362000000000000 ,198906,197912,9,3,5,工作日,早高峰(7-9点),2015-05-07,2015年5月7日,阵雨 /雷阵雨,23℃ / 17℃,东南风 ≤3级 /东南风 ≤3级,阵雨,雷阵雨,23,17,东南风,≤3级,东南风,≤3级,day
2015-05-08 14:30:00,合朋,8、依法应负全责的其他情形,负全部责任,不负责任,1,贵GP4068,灰色,1,贵AEV193,灰色,自培,自培,2004/10/30 0:00,2005/6/10 0:00,-1,-1,734398000000000000 ,366274000000000000 ,197106,196807,14,4,5,工作日,非高峰,2015-05-08,2015年5月8日,阵雨 /多云,25℃ / 15℃,东南风 ≤3级 /东北风 ≤3级,阵雨,多云,25,15,东南风,≤3级,东北风,≤3级,day
2015-05-08 19:15:00,中华北路,7、未按规定让行的 ,负全部责任,不负责任,1,贵AW7287,白,0,贵A91549,白,自培,自培,2002/6/5 0:00,2004/7/12 0:00,丰田牌,时风牌,364548000000000000 ,774766000000000000 ,197605,196304,19,4,5,工作日,晚高峰(17-19点),2015-05-08,2015年5月8日,阵雨 /多云,25℃ / 15℃,东南风 ≤3级 /东北风 ≤3级,阵雨,多云,25,15,东南风,≤3级,东北风,≤3级,day
2015-05-09 13:00:00,花溪田园路,1、追尾的,负全部责任,不负责任,1,贵AUA615,白色,1,贵A5053Y,白色,自培,自培,2006/7/10 0:00,2004/5/25 0:00,奇瑞牌,北京牌,364556000000000000 ,36455551834759405X,197211,197503,13,5,5,工作日,非高峰,2015-05-09,2015年5月9日,阵雨 /阵雨,23℃ / 16℃,东北风 ≤3级 /东南风 ≤3级,阵雨,阵雨,23,16,东北风,≤3级,东南风,≤3级,day
2015-05-09 15:00:00,五里冲,7、未按规定让行的 ,负全部责任,不负责任,1,贵A2482J,白色,1,贵GV2440,白色,自培,自培,2001/12/24 0:00,2003/8/23 0:00,飞碟牌,-1,366567000000000000 ,364548000000000000 ,196910,198504,15,5,5,工作日,非高峰,2015-05-09,2015年5月9日,阵雨 /阵雨,23℃ / 16℃,东北风 ≤3级 /东南风 ≤3级,阵雨,阵雨,23,16,东北风,≤3级,东南风,≤3级,day
2015-05-10 09:35:00,二戈寨,3、倒车的,负全部责任,不负责任,1,贵A882F9,白色,1,临贵A94562,白色,自培,自培,2008/11/18 0:00,2004/7/31 0:00,解放牌,-1,366067000000000000 ,366367000000000000 ,197509,197707,9,6,5,周末,早高峰(7-9点),2015-05-10,2015年5月10日,阵雨 /雷阵雨,25℃ / 14℃,南风 ≤3级 /南风 ≤3级,阵雨,雷阵雨,25,14,南风,≤3级,南风,≤3级,day
2015-05-10 10:20:00,甲秀南路,1、追尾的,负全部责任,不负责任,1,贵A729A1,黄,1,贵A97B57,红,自培,自培,2014/7/15 0:00,2006/8/31 0:00,长城牌,东风日产牌,734596000000000000 ,364548000000000000 ,199303,197605,10,6,5,周末,非高峰,2015-05-10,2015年5月10日,阵雨 /雷阵雨,25℃ / 14℃,南风 ≤3级 /南风 ≤3级,阵雨,雷阵雨,25,14,南风,≤3级,南风,≤3级,day
2015-05-10 10:11:00,宝山北路,7、未按规定让行的 ,负全部责任,不负责任,0,贵A8CF34,白,1,贵AV1236,黄,自培,自培,2006/4/27 0:00,2004/8/31 0:00,宝马,南骏牌,366569000000000000 ,366568000000000000 ,198708,197906,10,6,5,周末,非高峰,2015-05-10,2015年5月10日,阵雨 /雷阵雨,25℃ / 14℃,南风 ≤3级 /南风 ≤3级,阵雨,雷阵雨,25,14,南风,≤3级,南风,≤3级,day
2015-05-10 09:00:00,同心西路,7、未按规定让行的 ,负全部责任,不负责任,1,贵AS3151,红,1,贵AVA309,黄,自培,自培,2005/12/23 0:00,2003/10/20 0:00,钱江牌,-1,36455751804249405X,36455751835554725X,197406,197511,9,6,5,周末,早高峰(7-9点),2015-05-10,2015年5月10日,阵雨 /雷阵雨,25℃ / 14℃,南风 ≤3级 /南风 ≤3级,阵雨,雷阵雨,25,14,南风,≤3级,南风,≤3级,day
2015-05-10 10:20:00,小石城,3、倒车的,负全部责任,不负责任,0,贵ACQ787,蓝,0,贵A99V43,黑,自培,自培,2000/2/1 0:00,2002/5/28 0:00,东风标致牌,马自达牌,366546000000000000 ,366268000000000000 ,197001,197701,10,6,5,周末,非高峰,2015-05-10,2015年5月10日,阵雨 /雷阵雨,25℃ / 14℃,南风 ≤3级 /南风 ≤3级,阵雨,雷阵雨,25,14,南风,≤3级,南风,≤3级,day
2015-05-10 11:00:00,金朱东路,1、追尾的,负全部责任,不负责任,1,贵AA289T,黄,1,贵A237B2,黄,自培,自培,2014/4/4 0:00,2002/7/2 0:00,广汽菲亚特牌,福田牌,376768000000000000 ,366367000000000000 ,198111,198307,11,6,5,周末,非高峰,2015-05-10,2015年5月10日,阵雨 /雷阵雨,25℃ / 14℃,南风 ≤3级 /南风 ≤3级,阵雨,雷阵雨,25,14,南风,≤3级,南风,≤3级,day
2015-05-10 11:40:00,海马冲,7、未按规定让行的 ,负全部责任,不负责任,1,贵GX4788,白,0,贵A73J93,黄,自培,自培,2013/9/4 0:00,2008/2/3 0:00,-1,揽胜极光,55067500000000000 ,364548000000000000 ,198612,196303,11,6,5,周末,非高峰,2015-05-10,2015年5月10日,阵雨 /雷阵雨,25℃ / 14℃,南风 ≤3级 /南风 ≤3级,阵雨,雷阵雨,25,14,南风,≤3级,南风,≤3级,day
2015-05-10 12:00:00,东山,1、追尾的,负全部责任,不负责任,1,贵AGQ647,黑,1,贵A1F172,红,自培,自培,2003/11/2 0:00,2005/1/25 0:00,瑞麒牌,-1,364548000000000000 ,366577000000000000 ,195803,198209,12,6,5,周末,非高峰,2015-05-10,2015年5月10日,阵雨 /雷阵雨,25℃ / 14℃,南风 ≤3级 /南风 ≤3级,阵雨,雷阵雨,25,14,南风,≤3级,南风,≤3级,day
2015-05-10 15:00:00,油榨街,7、未按规定让行的 ,负全部责任,不负责任,1,贵A68L27,白色,1,贵A8BK78,白色,自培,自培,2009/3/11 0:00,2002/10/25 0:00,别克牌,飞度牌,61443500000000000 ,364548000000000000 ,198801,198307,15,6,5,周末,非高峰,2015-05-10,2015年5月10日,阵雨 /雷阵雨,25℃ / 14℃,南风 ≤3级 /南风 ≤3级,阵雨,雷阵雨,25,14,南风,≤3级,南风,≤3级,day
2015-05-10 15:10:00,清水江路,1、追尾的,负全部责任,不负责任,1,闽J1127J,白色,1,贵A78P24,白色,自培,自培,2006/6/26 0:00,2006/6/15 0:00,-1,东风标致牌,736669000000000000 ,364547000000000000 ,198309,197406,15,6,5,周末,非高峰,2015-05-10,2015年5月10日,阵雨 /雷阵雨,25℃ / 14℃,南风 ≤3级 /南风 ≤3级,阵雨,雷阵雨,25,14,南风,≤3级,南风,≤3级,day
2015-05-10 13:30:00,金阳红街,8、依法应负全责的其他情形,负全部责任,不负责任,1,贵AU0043,蓝,1,贵AR7649,红,自培,自培,2008/9/28 0:00,2001/5/10 0:00,依维柯牌,劲扬牌,74667500000000000 ,364547000000000000 ,197309,196201,13,6,5,周末,非高峰,2015-05-10,2015年5月10日,阵雨 /雷阵雨,25℃ / 14℃,南风 ≤3级 /南风 ≤3级,阵雨,雷阵雨,25,14,南风,≤3级,南风,≤3级,day
2015-05-10 22:33:00,铁桥,1、追尾的,负全部责任,不负责任,0,贵A43P98,红,1,贵AM2907,黑,自培,自培,2006/1/6 0:00,2004/5/31 0:00,奥迪牌,东力牌,364547000000000000 ,36634651974951625X,197109,198308,22,6,5,周末,非高峰,2015-05-10,2015年5月10日,阵雨 /雷阵雨,25℃ / 14℃,南风 ≤3级 /南风 ≤3级,阵雨,雷阵雨,25,14,南风,≤3级,南风,≤3级,night
2015-05-11 08:10:00,西二环,7、未按规定让行的 ,负全部责任,不负责任,1,贵ALZ658,黑,1,贵A22955,蓝,自培,自培,2004/9/6 0:00,2001/4/3 0:00,吉利美日牌,运力牌,364548000000000000 ,366364000000000000 ,196502,196509,8,0,5,工作日,早高峰(7-9点),2015-05-11,2015年5月11日,多云 /多云,24℃ / 13℃,东北风 ≤3级 /东北风 ≤3级,多云,多云,24,13,东北风,≤3级,东北风,≤3级,day
2015-05-11 09:05:00,金朱东路,7、未按规定让行的 ,负全部责任,不负责任,1,贵FC1113,黑,1,川AZ37Q2,白,自培,自培,2004/4/17 0:00,2005/1/27 0:00,-1,-1,364548000000000000 ,36454751924169407X,196806,198609,9,0,5,工作日,早高峰(7-9点),2015-05-11,2015年5月11日,多云 /多云,24℃ / 13℃,东北风 ≤3级 /东北风 ≤3级,多云,多云,24,13,东北风,≤3级,东北风,≤3级,day
2015-05-11 13:00:00,小河西南环线,7、未按规定让行的 ,负全部责任,不负责任,1,贵AC571N,白色,1,贵A03528,白色,自培,自培,2014/6/9 0:00,2004/5/31 0:00,长城牌,南骏牌,364596000000000000 ,366361000000000000 ,198909,197909,13,0,5,工作日,非高峰,2015-05-11,2015年5月11日,多云 /多云,24℃ / 13℃,东北风 ≤3级 /东北风 ≤3级,多云,多云,24,13,东北风,≤3级,东北风,≤3级,day
2015-05-11 15:00:00,富源路,7、未按规定让行的 ,负全部责任,不负责任,1,贵A63B61,白色,1,贵FAQ114,白色,自培,自培,2003/9/28 0:00,2005/5/30 0:00,轩逸牌,-1,354564000000000000 ,366046000000000000 ,197801,197205,15,0,5,工作日,非高峰,2015-05-11,2015年5月11日,多云 /多云,24℃ / 13℃,东北风 ≤3级 /东北风 ≤3级,多云,多云,24,13,东北风,≤3级,东北风,≤3级,day
2015-05-11 12:28:00,诚信南路,7、未按规定让行的 ,负全部责任,不负责任,1,贵A4BF00,白,0,贵A83V36,黑,自培,自培,2006/12/20 0:00,2008/2/22 0:00,东南牌,宝马牌,354698000000000000 ,364547000000000000 ,198010,198301,12,0,5,工作日,非高峰,2015-05-11,2015年5月11日,多云 /多云,24℃ / 13℃,东北风 ≤3级 /东北风 ≤3级,多云,多云,24,13,东北风,≤3级,东北风,≤3级,day
2015-05-11 15:00:00,都司路,9、不符合前8款规定或者双方同时具有上述情形的,负同等责任,负同等责任,1,贵ALF236,黄,1,贵F68839,红,自培,自培,2001/3/9 0:00,2011/1/23 0:00,长安牌,-1,366347000000000000 ,366067000000000000 ,198208,198804,15,0,5,工作日,非高峰,2015-05-11,2015年5月11日,多云 /多云,24℃ / 13℃,东北风 ≤3级 /东北风 ≤3级,多云,多云,24,13,东北风,≤3级,东北风,≤3级,day
2015-05-11 13:07:00,碧海花园,3、倒车的,负全部责任,不负责任,1,贵JDY989,黑,1,贵AAA204,黄,自培,自培,2007/12/3 0:00,2004/10/15 0:00,-1,长铃牌,366270000000000000 ,364647000000000000 ,198111,197512,13,0,5,工作日,非高峰,2015-05-11,2015年5月11日,多云 /多云,24℃ / 13℃,东北风 ≤3级 /东北风 ≤3级,多云,多云,24,13,东北风,≤3级,东北风,≤3级,day
2015-05-13 09:20:00,机场,7、未按规定让行的 ,负全部责任,不负责任,0,贵A65K95,红,1,贵AU8393,黄,自培,自培,2003/5/30 0:00,2000/6/12 0:00,梅赛德斯-奔驰牌,瑞麒牌,366064000000000000 ,355468000000000000 ,198108,197007,9,2,5,工作日,早高峰(7-9点),2015-05-13,2015年5月13日,多云 /阵雨,26℃ / 19℃,东南风 ≤3级 /东南风 ≤3级,多云,阵雨,26,19,东南风,≤3级,东南风,≤3级,day
2015-05-13 09:59:00,花果园,8、依法应负全责的其他情形,负全部责任,不负责任,1,贵A88N28,蓝,1,贵CQ4008,白,自培,自培,2004/3/16 0:00,2006/3/30 0:00,揽胜运动,-1,36454651214068608X,366563000000000000 ,196904,197812,9,2,5,工作日,早高峰(7-9点),2015-05-13,2015年5月13日,多云 /阵雨,26℃ / 19℃,东南风 ≤3级 /东南风 ≤3级,多云,阵雨,26,19,东南风,≤3级,东南风,≤3级,day
2015-05-13 12:10:00,三桥,3、倒车的,负全部责任,不负责任,1,贵FB0178,白,1,贵GE3893,红,自培,自培,2008/11/10 0:00,2012/6/28 0:00,-1,-1,366046000000000000 ,356168000000000000 ,198809,196907,12,2,5,工作日,非高峰,2015-05-13,2015年5月13日,多云 /阵雨,26℃ / 19℃,东南风 ≤3级 /东南风 ≤3级,多云,阵雨,26,19,东南风,≤3级,东南风,≤3级,day
2015-05-13 12:40:00,铜仁路,8、依法应负全责的其他情形,负全部责任,不负责任,0,贵AL4244,红,1,贵ABU982,黑,自培,自培,2003/4/7 0:00,2005/6/8 0:00,东风标致牌,奇瑞,36454651884067602X,366568000000000000 ,197704,198411,12,2,5,工作日,非高峰,2015-05-13,2015年5月13日,多云 /阵雨,26℃ / 19℃,东南风 ≤3级 /东南风 ≤3级,多云,阵雨,26,19,东南风,≤3级,东南风,≤3级,day
2015-05-13 20:30:00,同心东路,1、追尾的,负全部责任,不负责任,1,贵AE9903,白,1,贵A9936P,白,自培,自培,2004/8/10 0:00,2006/9/1 0:00,丰田牌,东风标致牌,364557000000000000 ,364558000000000000 ,198312,197708,20,2,5,工作日,非高峰,2015-05-13,2015年5月13日,多云 /阵雨,26℃ / 19℃,东南风 ≤3级 /东南风 ≤3级,多云,阵雨,26,19,东南风,≤3级,东南风,≤3级,night
2015-05-14 15:10:00,省政协,7、未按规定让行的 ,负全部责任,不负责任,1,贵A21129,红,1,贵AU7012,黄,自培,自培,2000/9/29 0:00,2002/1/24 0:00,飞鹰牌,奇瑞牌,364548000000000000 ,355468000000000000 ,196403,198306,15,3,5,工作日,非高峰,2015-05-14,2015年5月14日,多云 /雷阵雨,27℃ / 20℃,东南风 ≤3级 /南风 ≤3级,多云,雷阵雨,27,20,东南风,≤3级,南风,≤3级,day
2015-05-14 16:40:00,大南门,1、追尾的,负全部责任,不负责任,0,川BSA573,黑,1,贵A42S47,白,自培,自培,2014/11/5 0:00,2005/1/20 0:00,-1,东风标致牌,354966000000000000 ,366361000000000000 ,199602,197910,16,3,5,工作日,非高峰,2015-05-14,2015年5月14日,多云 /雷阵雨,27℃ / 20℃,东南风 ≤3级 /南风 ≤3级,多云,雷阵雨,27,20,东南风,≤3级,南风,≤3级,day
2015-05-14 18:02:00,三桥,7、未按规定让行的 ,负全部责任,不负责任,1,苏CJ876K,黑,1,贵A98H89,黄,自培,自培,2011/6/16 0:00,2012/7/6 0:00,-1,翼搏牌,76476651905555313X,366570000000000000 ,198411,198311,18,3,5,工作日,晚高峰(17-19点),2015-05-14,2015年5月14日,多云 /雷阵雨,27℃ / 20℃,东南风 ≤3级 /南风 ≤3级,多云,雷阵雨,27,20,东南风,≤3级,南风,≤3级,day
2015-05-15 07:36:00,金华镇,7、未按规定让行的 ,负全部责任,不负责任,1,贵A18N75,白,1,贵A51Z49,红,自培,自培,2006/9/12 0:00,2003/6/5 0:00,翼搏牌,航天牌,364557000000000000 ,364557000000000000 ,197312,196304,7,4,5,工作日,早高峰(7-9点),2015-05-15,2015年5月15日,阵雨 /阵雨,25℃ / 16℃,东北风 ≤3级 /东北风 ≤3级,阵雨,阵雨,25,16,东北风,≤3级,东北风,≤3级,day
2015-05-14 23:00:00,花溪大道,7、未按规定让行的 ,负全部责任,不负责任,1,贵AGG922,白色,1,贵AU6752,白色,自培,自培,2008/8/18 0:00,2005/6/9 0:00,梅赛德斯-奔驰,蜀都牌,364667000000000000 ,366346000000000000 ,198812,197605,23,3,5,工作日,非高峰,2015-05-14,2015年5月14日,多云 /雷阵雨,27℃ / 20℃,东南风 ≤3级 /南风 ≤3级,多云,雷阵雨,27,20,东南风,≤3级,南风,≤3级,night
2015-05-15 07:10:00,世纪城,8、依法应负全责的其他情形,负全部责任,不负责任,1,贵DD5157,白,1,贵A6A216,黑,自培,自培,2012/5/14 0:00,2004/4/9 0:00,-1,-1,36666751984963445X,366368000000000000 ,198708,197909,7,4,5,工作日,早高峰(7-9点),2015-05-15,2015年5月15日,阵雨 /阵雨,25℃ / 16℃,东北风 ≤3级 /东北风 ≤3级,阵雨,阵雨,25,16,东北风,≤3级,东北风,≤3级,day
2015-05-14 20:15:00,北京西路,1、追尾的,负全部责任,不负责任,1,贵A8N624,蓝,1,贵A2CB53,黄,自培,自培,2004/7/26 0:00,2004/2/18 0:00,-1,奥迪牌,364548000000000000 ,364548000000000000 ,196310,198104,20,3,5,工作日,非高峰,2015-05-14,2015年5月14日,多云 /雷阵雨,27℃ / 20℃,东南风 ≤3级 /南风 ≤3级,多云,雷阵雨,27,20,东南风,≤3级,南风,≤3级,night
2015-05-14 20:00:00,长江路,1、追尾的,负全部责任,不负责任,1,贵A52G51,白色,1,贵GAE912,白色,自培,自培,2008/1/8 0:00,2000/12/29 0:00,东风标致牌,-1,364547000000000000 ,366576000000000000 ,198808,197403,20,3,5,工作日,非高峰,2015-05-14,2015年5月14日,多云 /雷阵雨,27℃ / 20℃,东南风 ≤3级 /南风 ≤3级,多云,雷阵雨,27,20,东南风,≤3级,南风,≤3级,night
2015-05-17 07:20:00,三桥,8、依法应负全责的其他情形,负全部责任,不负责任,1,贵CPL931,黑,1,贵AAH850,黄,自培,自培,2011/12/24 0:00,2003/2/26 0:00,-1,骊威牌,366575000000000000 ,364548000000000000 ,197803,198201,7,6,5,周末,早高峰(7-9点),2015-05-17,2015年5月17日,阵雨 /雷阵雨,25℃ / 17℃,东北风 ≤3级 /南风 ≤3级,阵雨,雷阵雨,25,17,东北风,≤3级,南风,≤3级,day
2015-05-17 09:15:00,长岭南路,7、未按规定让行的 ,负全部责任,不负责任,1,贵JX4224,白,1,贵A2958W,白,自培,自培,2002/8/23 0:00,2007/9/6 0:00,-1,长安牌,07436551895459068X,366046000000000000 ,197810,198702,9,6,5,周末,早高峰(7-9点),2015-05-17,2015年5月17日,阵雨 /雷阵雨,25℃ / 17℃,东北风 ≤3级 /南风 ≤3级,阵雨,雷阵雨,25,17,东北风,≤3级,南风,≤3级,day
2015-05-17 14:30:00,中华南路,7、未按规定让行的 ,负全部责任,不负责任,0,贵A6BW15,蓝,1,贵AHE155,红,自培,自培,2003/8/20 0:00,2000/7/13 0:00,骏派牌,梅赛德斯-奔驰,364547000000000000 ,355464000000000000 ,196409,197806,14,6,5,周末,非高峰,2015-05-17,2015年5月17日,阵雨 /雷阵雨,25℃ / 17℃,东北风 ≤3级 /南风 ≤3级,阵雨,雷阵雨,25,17,东北风,≤3级,南风,≤3级,day
2015-05-17 18:20:00,居然之家,7、未按规定让行的 ,负全部责任,不负责任,1,贵AV6916,黄,0,贵A27K85,蓝,自培,自培,2002/4/18 0:00,2006/12/12 0:00,昌河铃木牌,大众汽车牌,364548000000000000 ,366368000000000000 ,197511,198410,18,6,5,周末,晚高峰(17-19点),2015-05-17,2015年5月17日,阵雨 /雷阵雨,25℃ / 17℃,东北风 ≤3级 /南风 ≤3级,阵雨,雷阵雨,25,17,东北风,≤3级,南风,≤3级,day
2015-05-18 07:50:00,南垭路,1、追尾的,负全部责任,不负责任,1,贵A29778,蓝,1,贵AJK664,蓝,自培,自培,2002/12/8 0:00,2004/6/14 0:00,精通天马,五菱牌,366368000000000000 ,366367000000000000 ,197006,196105,7,0,5,工作日,早高峰(7-9点),2015-05-18,2015年5月18日,多云 /多云,25℃ / 18℃,东北风 ≤3级 /东北风 ≤3级,多云,多云,25,18,东北风,≤3级,东北风,≤3级,day
2015-05-18 08:20:00,中天花园,8、依法应负全责的其他情形,负全部责任,不负责任,1,贵A73Z17,红,0,贵AE1295,红,自培,自培,2000/4/25 0:00,2007/6/11 0:00,梅赛德斯-奔驰牌,宝马,364547000000000000 ,364548000000000000 ,197610,196901,8,0,5,工作日,早高峰(7-9点),2015-05-18,2015年5月18日,多云 /多云,25℃ / 18℃,东北风 ≤3级 /东北风 ≤3级,多云,多云,25,18,东北风,≤3级,东北风,≤3级,day
2015-05-18 08:12:00,云峰大道,1、追尾的,负全部责任,不负责任,0,贵AFS259,白,1,贵GV9804,黑,自培,自培,2005/7/20 0:00,2002/10/8 0:00,东风标致牌,-1,366063000000000000 ,366361000000000000 ,197106,197608,8,0,5,工作日,早高峰(7-9点),2015-05-18,2015年5月18日,多云 /多云,25℃ / 18℃,东北风 ≤3级 /东北风 ≤3级,多云,多云,25,18,东北风,≤3级,东北风,≤3级,day
2015-05-18 09:20:00,金阳北路,8、依法应负全责的其他情形,负全部责任,不负责任,1,贵AZG441,黑,1,贵AVA716,白,自培,自培,2011/1/6 0:00,2004/7/5 0:00,比亚迪牌,大众汽车牌,774861000000000000 ,366046000000000000 ,197302,198211,9,0,5,工作日,早高峰(7-9点),2015-05-18,2015年5月18日,多云 /多云,25℃ / 18℃,东北风 ≤3级 /东北风 ≤3级,多云,多云,25,18,东北风,≤3级,东北风,≤3级,day
2015-05-18 17:24:00,北京西路,1、追尾的,负全部责任,不负责任,1,贵G6990,黄,1,贵AB656J,黑,自培,自培,2014/1/28 0:00,2004/6/23 0:00,-1,-1,3666510000000000 ,366664000000000000 ,199103,198509,17,0,5,工作日,晚高峰(17-19点),2015-05-18,2015年5月18日,多云 /多云,25℃ / 18℃,东北风 ≤3级 /东北风 ≤3级,多云,多云,25,18,东北风,≤3级,东北风,≤3级,day
2015-05-19 05:00:00,蟠桃宫,1、追尾的,负全部责任,不负责任,1,渝B359A3,白,0,贵A84N79,黄,自培,自培,2003/6/25 0:00,2005/6/13 0:00,-1,大众汽车牌,364548000000000000 ,364547000000000000 ,195601,196308,5,1,5,工作日,非高峰,2015-05-19,2015年5月19日,阵雨 /大雨,25℃ / 18℃,东北风 ≤3级 /南风 ≤3级,阵雨,大雨,25,18,东北风,≤3级,南风,≤3级,night
2015-05-19 10:21:00,八匹马,8、依法应负全责的其他情形,负全部责任,不负责任,1,贵A43K73,白,1,贵GY1776,白,自培,自培,2004/11/10 0:00,2005/11/2 0:00,歌诗图牌,-1,366561000000000000 ,366361000000000000 ,197111,198008,10,1,5,工作日,非高峰,2015-05-19,2015年5月19日,阵雨 /大雨,25℃ / 18℃,东北风 ≤3级 /南风 ≤3级,阵雨,大雨,25,18,东北风,≤3级,南风,≤3级,day
2015-05-19 18:00:00,乌当区新添大道,7、未按规定让行的 ,负全部责任,不负责任,1,贵A72A71,白色,1,贵JDZ479,白色,自培,自培,2001/3/14 0:00,2008/1/29 0:00,福克斯牌,-1,364548000000000000 ,366267000000000000 ,196709,198004,18,1,5,工作日,晚高峰(17-19点),2015-05-19,2015年5月19日,阵雨 /大雨,25℃ / 18℃,东北风 ≤3级 /南风 ≤3级,阵雨,大雨,25,18,东北风,≤3级,南风,≤3级,day
2015-05-20 07:00:00,营盘路,3、倒车的,负全部责任,不负责任,1,贵A68A55,白色,1,粤BT1827,白色,自培,自培,2003/12/17 0:00,2006/4/20 0:00,东风日产牌,-1,364548000000000000 ,36454751975474766X,198508,198310,7,2,5,工作日,早高峰(7-9点),2015-05-20,2015年5月20日,阴 /阵雨,23℃ / 17℃,东北风 ≤3级 /东北风 ≤3级,阴,阵雨,23,17,东北风,≤3级,东北风,≤3级,day
2015-05-20 00:00:00,青年路,7、未按规定让行的 ,负全部责任,不负责任,1,贵A6110M,白色,1,贵A0029R,白色,自培,自培,2009/8/27 0:00,2011/4/8 0:00,奥迪牌,北京牌,77460500000000000 ,77466500000000000 ,197312,198107,0,2,5,工作日,非高峰,2015-05-20,2015年5月20日,阴 /阵雨,23℃ / 17℃,东北风 ≤3级 /东北风 ≤3级,阴,阵雨,23,17,东北风,≤3级,东北风,≤3级,night
2015-05-21 13:00:00,明珠路,4、停车时未挂低速档、未拉驻车制动，导致车辆滑行的,负全部责任,不负责任,1,皖K29774,蓝,1,贵AGK164,红,自培,自培,2005/9/20 0:00,2004/7/13 0:00,-1,风神牌,70566351904646545X,366367000000000000 ,198402,196405,13,3,5,工作日,非高峰,2015-05-21,2015年5月21日,阴 /阵雨,24℃ / 16℃,东风 ≤3级 /东风 ≤3级,阴,阵雨,24,16,东风,≤3级,东风,≤3级,day
2015-05-21 13:00:00,花溪平桥,7、未按规定让行的 ,负全部责任,不负责任,1,贵ASU884,白色,1,贵AX4955,白色,自培,自培,2004/11/10 0:00,2000/5/16 0:00,朗逸牌,思域牌,364556000000000000 ,364547000000000000 ,197410,198011,13,3,5,工作日,非高峰,2015-05-21,2015年5月21日,阴 /阵雨,24℃ / 16℃,东风 ≤3级 /东风 ≤3级,阴,阵雨,24,16,东风,≤3级,东风,≤3级,day
2015-05-21 18:00:00,富源路,7、未按规定让行的 ,负全部责任,不负责任,1,贵A29V21,白色,1,贵A21W61,白色,自培,自培,2004/3/15 0:00,2005/5/26 0:00,五菱牌,北京现代牌,366868000000000000 ,364557000000000000 ,198506,197702,18,3,5,工作日,晚高峰(17-19点),2015-05-21,2015年5月21日,阴 /阵雨,24℃ / 16℃,东风 ≤3级 /东风 ≤3级,阴,阵雨,24,16,东风,≤3级,东风,≤3级,day