accidenttime,accidentaddr,driver1fault,driver1responsibility,driver2responsibility,sex1,platenumber1,carcolor1,sex2,platenumber2,carcolor2,jxmc1,jxmc2,cclzrq1,cclzrq2,clpp1,clpp2,driver1license,driver2license,brith1,brith2,hour,weekday,month,is_weekday,peak_hour,date,日期,天气状况,气温,风力风向,day_wea,night_wea,day_tep,night_tep,day_wind_direction,day_wind_speed,night_wind_direction,night_wind_speed,segment
2015-05-22 14:05:00,海马冲隧道,1、追尾的,负全部责任,不负责任,1,贵AGB559,红,1,贵JN0046,黑,自培,自培,2007/7/10 0:00,2007/9/28 0:00,长安牌,-1,364548000000000000 ,366875000000000000 ,198702,198012,14,4,5,工作日,非高峰,2015-05-22,2015年5月22日,阵雨 /阵雨,19℃ / 14℃,东风 ≤3级 /东风 ≤3级,阵雨,阵雨,19,14,东风,≤3级,东风,≤3级,day
2015-05-22 14:40:00,中山南路,7、未按规定让行的 ,负全部责任,不负责任,1,贵A19V42,黑,1,黑B39328,黑,自培,自培,2005/1/31 0:00,2005/7/8 0:00,奥迪牌,-1,364547000000000000 ,366347000000000000 ,197508,197603,14,4,5,工作日,非高峰,2015-05-22,2015年5月22日,阵雨 /阵雨,19℃ / 14℃,东风 ≤3级 /东风 ≤3级,阵雨,阵雨,19,14,东风,≤3级,东风,≤3级,day
2015-05-22 16:10:00,大十字,1、追尾的,负全部责任,不负责任,1,贵A92R18,白,1,贵AL1424,蓝,自培,自培,2000/4/25 0:00,2000/9/12 0:00,宝马,嘉隆牌,364548000000000000 ,364558000000000000 ,197706,197402,16,4,5,工作日,非高峰,2015-05-22,2015年5月22日,阵雨 /阵雨,19℃ / 14℃,东风 ≤3级 /东风 ≤3级,阵雨,阵雨,19,14,东风,≤3级,东风,≤3级,day
2015-05-22 19:30:00,花溪大道,8、依法应负全责的其他情形,负全部责任,不负责任,1,贵AU0992,黄,1,贵AC425V,红,自培,自培,2004/11/12 0:00,2005/12/1 0:00,宝来牌,五菱牌,366566000000000000 ,366064000000000000 ,197301,198504,19,4,5,工作日,晚高峰(17-19点),2015-05-22,2015年5月22日,阵雨 /阵雨,19℃ / 14℃,东风 ≤3级 /东风 ≤3级,阵雨,阵雨,19,14,东风,≤3级,东风,≤3级,day
2015-05-23 05:00:00,新添大道,1、追尾的,负全部责任,不负责任,1,贵A81V33,红,1,贵A93C39,蓝,自培,自培,2001/1/15 0:00,2004/2/11 0:00,宝马牌,雪佛兰牌,364558000000000000 ,366570000000000000 ,196712,198310,5,5,5,工作日,非高峰,2015-05-23,2015年5月23日,阵雨 /阴,19℃ / 14℃,东北风 ≤3级 /东北风 ≤3级,阵雨,阴,19,14,东北风,≤3级,东北风,≤3级,night
2015-05-23 12:00:00,小河转盘,9、不符合前8款规定或者双方同时具有上述情形的,负同等责任,负同等责任,1,贵A24E83,白色,1,贵CDB896,白色,自培,自培,2001/9/10 0:00,2005/1/14 0:00,吉普,-1,364547000000000000 ,364547000000000000 ,197811,197210,12,5,5,工作日,非高峰,2015-05-23,2015年5月23日,阵雨 /阴,19℃ / 14℃,东北风 ≤3级 /东北风 ≤3级,阵雨,阴,19,14,东北风,≤3级,东北风,≤3级,day
2015-05-23 10:00:00,山水黔城,8、依法应负全责的其他情形,负全部责任,不负责任,1,贵AU5968,白色,1,贵A8Q025,白色,自培,自培,2003/6/19 0:00,2000/7/13 0:00,喜力牌,-1,366577000000000000 ,364547000000000000 ,197007,197509,10,5,5,工作日,非高峰,2015-05-23,2015年5月23日,阵雨 /阴,19℃ / 14℃,东北风 ≤3级 /东北风 ≤3级,阵雨,阴,19,14,东北风,≤3级,东北风,≤3级,day
2015-05-23 17:19:00,杨家山隧道,1、追尾的,负全部责任,不负责任,1,赣C99C67,红,1,贵A0121N,红,自培,自培,2012/5/30 0:00,2004/7/6 0:00,-1,吉利牌,726647000000000000 ,366347000000000000 ,198108,196712,17,5,5,工作日,晚高峰(17-19点),2015-05-23,2015年5月23日,阵雨 /阴,19℃ / 14℃,东北风 ≤3级 /东北风 ≤3级,阵雨,阴,19,14,东北风,≤3级,东北风,≤3级,day
2015-05-23 17:50:00,黄河路,7、未按规定让行的 ,负全部责任,不负责任,1,贵A94G33,白,1,贵AU1689,黄,自培,自培,2011/4/6 0:00,2006/7/5 0:00,金旅牌,大众牌,354867000000000000 ,364548000000000000 ,197604,197210,17,5,5,工作日,晚高峰(17-19点),2015-05-23,2015年5月23日,阵雨 /阴,19℃ / 14℃,东北风 ≤3级 /东北风 ≤3级,阵雨,阴,19,14,东北风,≤3级,东北风,≤3级,day
2015-05-23 18:50:00,机场路,9、不符合前8款规定或者双方同时具有上述情形的,负同等责任,负同等责任,1,贵JEL255,白,1,贵GQ5644,白,自培,自培,2008/9/23 0:00,2005/10/27 0:00,-1,-1,56963500000000000 ,356166000000000000 ,199003,197311,18,5,5,工作日,晚高峰(17-19点),2015-05-23,2015年5月23日,阵雨 /阴,19℃ / 14℃,东北风 ≤3级 /东北风 ≤3级,阵雨,阴,19,14,东北风,≤3级,东北风,≤3级,day
2015-05-23 18:00:00,机场路,9、不符合前8款规定或者双方同时具有上述情形的,负同等责任,负同等责任,1,贵GQ5644,白,1,贵JEL255,白,自培,自培,2005/10/27 0:00,2008/9/23 0:00,-1,-1,356166000000000000 ,56963500000000000 ,197311,199003,18,5,5,工作日,晚高峰(17-19点),2015-05-23,2015年5月23日,阵雨 /阴,19℃ / 14℃,东北风 ≤3级 /东北风 ≤3级,阵雨,阴,19,14,东北风,≤3级,东北风,≤3级,day
2015-05-23 19:00:00,龙泉苑街,7、未按规定让行的 ,负全部责任,不负责任,1,贵ALK454,红,1,贵GV2716,红,自培,自培,2004/12/3 0:00,2004/5/14 0:00,丰田牌,-1,771444000000000000 ,366546000000000000 ,197712,197506,19,5,5,工作日,晚高峰(17-19点),2015-05-23,2015年5月23日,阵雨 /阴,19℃ / 14℃,东北风 ≤3级 /东北风 ≤3级,阵雨,阴,19,14,东北风,≤3级,东北风,≤3级,day
2015-05-23 21:50:00,扁井,1、追尾的,负全部责任,不负责任,1,贵A96L16,黄,1,贵ALW584,红,自培,自培,2011/12/14 0:00,2008/2/1 0:00,北京现代牌,长安牌,355266000000000000 ,355266000000000000 ,198905,198709,21,5,5,工作日,非高峰,2015-05-23,2015年5月23日,阵雨 /阴,19℃ / 14℃,东北风 ≤3级 /东北风 ≤3级,阵雨,阴,19,14,东北风,≤3级,东北风,≤3级,night
2015-05-24 11:10:00,保利云山,9、不符合前8款规定或者双方同时具有上述情形的,负同等责任,负同等责任,0,贵A54W61,黑,1,贵AAV529,黑,自培,自培,2004/5/30 0:00,2002/4/24 0:00,宝马牌,隆鑫牌,364548000000000000 ,364547000000000000 ,197802,196001,11,6,5,周末,非高峰,2015-05-24,2015年5月24日,多云 /阴,24℃ / 18℃,东风 ≤3级 /东南风 ≤3级,多云,阴,24,18,东风,≤3级,东南风,≤3级,day
2015-05-24 10:58:00,市南路,7、未按规定让行的 ,负全部责任,不负责任,1,云CN4406,黑,1,贵A4CE26,白,自培,自培,2014/8/9 0:00,2003/6/26 0:00,-1,夏利牌,376570000000000000 ,364548000000000000 ,197606,195707,10,6,5,周末,非高峰,2015-05-24,2015年5月24日,多云 /阴,24℃ / 18℃,东风 ≤3级 /东南风 ≤3级,多云,阴,24,18,东风,≤3级,东南风,≤3级,day
2015-05-24 15:00:00,小石城,3、倒车的,负全部责任,不负责任,0,贵ACQ787,蓝,1,贵A51Y18,白,自培,自培,2000/2/1 0:00,2004/5/26 0:00,东风标致牌,梅赛德斯-奔驰牌,366546000000000000 ,364547000000000000 ,197001,198206,15,6,5,周末,非高峰,2015-05-24,2015年5月24日,多云 /阴,24℃ / 18℃,东风 ≤3级 /东南风 ≤3级,多云,阴,24,18,东风,≤3级,东南风,≤3级,day
2015-05-24 14:20:00,新路口,1、追尾的,负全部责任,不负责任,1,贵AU9687,黄,1,贵AU9275,绿,自培,自培,2003/6/20 0:00,2010/8/25 0:00,瑞麒牌,捷达牌,36454751264064697X,35546751984268761X,196204,198706,14,6,5,周末,非高峰,2015-05-24,2015年5月24日,多云 /阴,24℃ / 18℃,东风 ≤3级 /东南风 ≤3级,多云,阴,24,18,东风,≤3级,东南风,≤3级,day
2015-05-25 13:00:00,蓑草路,7、未按规定让行的 ,负全部责任,不负责任,1,贵AR0881,白色,1,贵AU0891,白色,自培,自培,2001/3/22 0:00,2002/2/27 0:00,东风雪铁龙牌,南车时代牌,364547000000000000 ,364547000000000000 ,197502,197001,13,0,5,工作日,非高峰,2015-05-25,2015年5月25日,多云 /阵雨,26℃ / 19℃,东南风 ≤3级 /东南风 ≤3级,多云,阵雨,26,19,东南风,≤3级,东南风,≤3级,day
2015-05-25 18:00:00,水东路,8、依法应负全责的其他情形,负全部责任,不负责任,1,贵AED419,白色,1,贵AX5581,白色,自培,自培,2006/12/4 0:00,2003/8/25 0:00,雅阁牌,隆鑫牌,364547000000000000 ,364547000000000000 ,196505,196212,18,0,5,工作日,晚高峰(17-19点),2015-05-25,2015年5月25日,多云 /阵雨,26℃ / 19℃,东南风 ≤3级 /东南风 ≤3级,多云,阵雨,26,19,东南风,≤3级,东南风,≤3级,day
2015-05-26 07:30:00,新华路,7、未按规定让行的 ,负全部责任,不负责任,0,贵AEY189,白,0,贵AU0481,黄,自培,自培,2004/6/12 0:00,2004/2/17 0:00,奥迪牌,宝来牌,724556000000000000 ,366870000000000000 ,196808,197410,7,1,5,工作日,早高峰(7-9点),2015-05-26,2015年5月26日,阵雨 /雷阵雨,26℃ / 20℃,东南风 ≤3级 /东北风 ≤3级,阵雨,雷阵雨,26,20,东南风,≤3级,东北风,≤3级,day
2015-05-25 20:10:00,长岭北路,8、依法应负全责的其他情形,负全部责任,不负责任,1,渝F2C555,黄,1,贵ADM825,白,自培,自培,2014/9/15 0:00,2011/12/27 0:00,-1,金杯牌,344671000000000000 ,364647000000000000 ,199406,198508,20,0,5,工作日,非高峰,2015-05-25,2015年5月25日,多云 /阵雨,26℃ / 19℃,东南风 ≤3级 /东南风 ≤3级,多云,阵雨,26,19,东南风,≤3级,东南风,≤3级,night
2015-05-26 08:36:00,大山洞,1、追尾的,负全部责任,不负责任,0,贵APE937,黄,1,贵A9601U,黑,自培,自培,2002/7/18 0:00,2006/8/10 0:00,奇瑞牌,威志牌,364548000000000000 ,366361000000000000 ,198111,197302,8,1,5,工作日,早高峰(7-9点),2015-05-26,2015年5月26日,阵雨 /雷阵雨,26℃ / 20℃,东南风 ≤3级 /东北风 ≤3级,阵雨,雷阵雨,26,20,东南风,≤3级,东北风,≤3级,day
2015-05-26 08:05:00,北京西路口,8、依法应负全责的其他情形,负全部责任,不负责任,1,贵A45H27,白,0,贵A4EA19,黑,自培,自培,2014/5/4 0:00,2001/7/25 0:00,翼虎牌,奥迪牌,364547000000000000 ,366346000000000000 ,196605,198304,8,1,5,工作日,早高峰(7-9点),2015-05-26,2015年5月26日,阵雨 /雷阵雨,26℃ / 20℃,东南风 ≤3级 /东北风 ≤3级,阵雨,雷阵雨,26,20,东南风,≤3级,东北风,≤3级,day
2015-05-26 07:50:00,瑞金北路,7、未按规定让行的 ,负全部责任,不负责任,1,贵A45354,白,1,贵AM8764,白,自培,自培,2005/3/29 0:00,2000/6/12 0:00,五征牌,雪佛兰牌,366368000000000000 ,364548000000000000 ,197311,196803,7,1,5,工作日,早高峰(7-9点),2015-05-26,2015年5月26日,阵雨 /雷阵雨,26℃ / 20℃,东南风 ≤3级 /东北风 ≤3级,阵雨,雷阵雨,26,20,东南风,≤3级,东北风,≤3级,day
2015-05-25 20:00:00,麦乃村,2、逆行的,负全部责任,不负责任,1,贵A2512N,白色,1,贵A6231V,白色,自培,自培,2005/10/28 0:00,2004/8/12 0:00,五菱牌,比亚迪牌,364556000000000000 ,366064000000000000 ,197510,198410,20,0,5,工作日,非高峰,2015-05-25,2015年5月25日,多云 /阵雨,26℃ / 19℃,东南风 ≤3级 /东南风 ≤3级,多云,阵雨,26,19,东南风,≤3级,东南风,≤3级,night
2015-05-26 07:30:00,白云区艳山红,3、倒车的,负全部责任,不负责任,1,贵A48583,白,1,桂MB6854,蓝,自培,自培,2004/4/5 0:00,2009/8/3 0:00,嘉陵,东风标致牌,36606251934340317X,36863500000000000 ,198505,198710,7,1,5,工作日,早高峰(7-9点),2015-05-26,2015年5月26日,阵雨 /雷阵雨,26℃ / 20℃,东南风 ≤3级 /东北风 ≤3级,阵雨,雷阵雨,26,20,东南风,≤3级,东北风,≤3级,day
2015-05-26 11:00:00,庙冲路,8、依法应负全责的其他情形,负全部责任,不负责任,1,贵A145G4,白色,1,贵AP0908,白色,自培,自培,2011/10/9 0:00,2007/4/29 0:00,江淮牌,颐达(TIIDA)牌,366567000000000000 ,554550000000000000 ,197103,196501,11,1,5,工作日,非高峰,2015-05-26,2015年5月26日,阵雨 /雷阵雨,26℃ / 20℃,东南风 ≤3级 /东北风 ≤3级,阵雨,雷阵雨,26,20,东南风,≤3级,东北风,≤3级,day
2015-05-26 11:30:00,金阳湖南商会,8、依法应负全责的其他情形,负全部责任,不负责任,1,贵GR2567,白,1,贵JF7489,红,自培,自培,2008/6/11 0:00,2006/7/5 0:00,-1,-1,07436551905441068X,74367500000000000 ,198410,198705,11,1,5,工作日,非高峰,2015-05-26,2015年5月26日,阵雨 /雷阵雨,26℃ / 20℃,东南风 ≤3级 /东北风 ≤3级,阵雨,雷阵雨,26,20,东南风,≤3级,东北风,≤3级,day
2015-05-27 14:00:00,小河,7、未按规定让行的 ,负全部责任,不负责任,1,贵ANH913,白色,1,贵AAA711,白色,自培,自培,2002/10/28 0:00,2004/7/28 0:00,海马牌,银钢牌,364548000000000000 ,36636351314862940X,197009,195907,14,2,5,工作日,非高峰,2015-05-27,2015年5月27日,阴 /阵雨,26℃ / 20℃,南风 ≤3级 /东北风 ≤3级,阴,阵雨,26,20,南风,≤3级,东北风,≤3级,day
2015-05-27 16:30:00,新建路,5、开关车门的,负全部责任,不负责任,1,贵A8CG71,白,1,贵APN691,白,自培,自培,2007/4/12 0:00,2004/4/24 0:00,宝来牌,北斗星牌,364548000000000000 ,364548000000000000 ,198804,196412,16,2,5,工作日,非高峰,2015-05-27,2015年5月27日,阴 /阵雨,26℃ / 20℃,南风 ≤3级 /东北风 ≤3级,阴,阵雨,26,20,南风,≤3级,东北风,≤3级,day
2015-05-27 21:00:00,沙冲路,7、未按规定让行的 ,负全部责任,不负责任,1,贵A046A5,白色,1,贵BX6157,白色,自培,自培,2002/4/28 0:00,2002/3/4 0:00,长安牌,-1,364648000000000000 ,364547000000000000 ,197109,197511,21,2,5,工作日,非高峰,2015-05-27,2015年5月27日,阴 /阵雨,26℃ / 20℃,南风 ≤3级 /东北风 ≤3级,阴,阵雨,26,20,南风,≤3级,东北风,≤3级,night
2015-05-28 08:30:00,中华路,7、未按规定让行的 ,负全部责任,不负责任,1,贵FJ2000,黑,1,贵AK5009,红,自培,自培,2006/9/29 0:00,2003/6/17 0:00,-1,东风日产牌,366361000000000000 ,07424651834864553X,197606,197507,8,3,5,工作日,早高峰(7-9点),2015-05-28,2015年5月28日,多云 /雷阵雨,29℃ / 19℃,南风 ≤3级 /东南风 ≤3级,多云,雷阵雨,29,19,南风,≤3级,东南风,≤3级,day
2015-05-29 09:00:00,松山路,7、未按规定让行的 ,负全部责任,不负责任,1,渝GX4864,蓝,1,贵JK1768,蓝,自培,自培,2013/9/10 0:00,2003/4/15 0:00,-1,-1,344547000000000000 ,366862000000000000 ,199408,196602,9,4,5,工作日,早高峰(7-9点),2015-05-29,2015年5月29日,阵雨 /阵雨,24℃ / 17℃,东南风 ≤3级 /东北风 ≤3级,阵雨,阵雨,24,17,东南风,≤3级,东北风,≤3级,day
2015-05-29 07:30:00,金阳客车站,1、追尾的,负全部责任,不负责任,1,贵A0761X,红,1,贵AV1511,银,自培,自培,2003/11/30 0:00,2001/3/30 0:00,长安牌,宝马,366561000000000000 ,366068000000000000 ,197011,197208,7,4,5,工作日,早高峰(7-9点),2015-05-29,2015年5月29日,阵雨 /阵雨,24℃ / 17℃,东南风 ≤3级 /东北风 ≤3级,阵雨,阵雨,24,17,东南风,≤3级,东北风,≤3级,day
2015-05-29 08:20:00,大营路,1、追尾的,负全部责任,不负责任,1,贵ACT002,红,0,贵AVE648,红,自培,自培,2002/12/13 0:00,2004/1/18 0:00,长安牌,高尔夫牌,366364000000000000 ,364548000000000000 ,196704,197706,8,4,5,工作日,早高峰(7-9点),2015-05-29,2015年5月29日,阵雨 /阵雨,24℃ / 17℃,东南风 ≤3级 /东北风 ≤3级,阵雨,阵雨,24,17,东南风,≤3级,东北风,≤3级,day
2015-05-29 08:10:00,头桥,1、追尾的,负全部责任,不负责任,1,贵AB2167,红,1,贵A4AP71,黑,自培,自培,2002/8/1 0:00,2006/11/9 0:00,嘉陵牌,北京现代牌,36454651265674745X,774543000000000000 ,196212,197803,8,4,5,工作日,早高峰(7-9点),2015-05-29,2015年5月29日,阵雨 /阵雨,24℃ / 17℃,东南风 ≤3级 /东北风 ≤3级,阵雨,阵雨,24,17,东南风,≤3级,东北风,≤3级,day
2015-05-29 08:00:00,长江路,1、追尾的,负全部责任,不负责任,1,贵A12S26,白色,1,贵GV3214,白色,自培,自培,2004/12/24 0:00,2003/5/23 0:00,-1,-1,366567000000000000 ,364551000000000000 ,198304,198110,8,4,5,工作日,早高峰(7-9点),2015-05-29,2015年5月29日,阵雨 /阵雨,24℃ / 17℃,东南风 ≤3级 /东北风 ≤3级,阵雨,阵雨,24,17,东南风,≤3级,东北风,≤3级,day
2015-05-29 07:40:00,头桥,7、未按规定让行的 ,负全部责任,不负责任,1,贵AP4143,红,1,贵CLW473,黑,自培,自培,2004/10/19 0:00,2006/1/10 0:00,东风日产牌,-1,364557000000000000 ,366566000000000000 ,196306,197504,7,4,5,工作日,早高峰(7-9点),2015-05-29,2015年5月29日,阵雨 /阵雨,24℃ / 17℃,东南风 ≤3级 /东北风 ≤3级,阵雨,阵雨,24,17,东南风,≤3级,东北风,≤3级,day
2015-05-29 08:30:00,松山村路,7、未按规定让行的 ,负全部责任,不负责任,0,贵JBS671,红,1,贵GR2301,黑,自培,自培,2006/11/10 0:00,2003/4/8 0:00,-1,-1,774867000000000000 ,355456000000000000 ,196812,198212,8,4,5,工作日,早高峰(7-9点),2015-05-29,2015年5月29日,阵雨 /阵雨,24℃ / 17℃,东南风 ≤3级 /东北风 ≤3级,阵雨,阵雨,24,17,东南风,≤3级,东北风,≤3级,day
2015-05-30 00:00:00,甘荫塘,3、倒车的,负全部责任,不负责任,1,贵A36F69,白色,1,贵A43F55,白色,自培,自培,2004/10/13 0:00,2004/5/21 0:00,雪佛兰牌,长安牌,366364000000000000 ,364551000000000000 ,197403,198106,0,5,5,工作日,非高峰,2015-05-30,2015年5月30日,阵雨 /阵雨,23℃ / 17℃,东北风 ≤3级 /东风 ≤3级,阵雨,阵雨,23,17,东北风,≤3级,东风,≤3级,night
2015-05-30 13:20:00,宝山南路,7、未按规定让行的 ,负全部责任,不负责任,1,贵A36K82,白,1,贵AU7702,银,自培,自培,2004/12/22 0:00,2007/1/18 0:00,雪佛兰牌,捷达牌,366566000000000000 ,364557000000000000 ,198112,198406,13,5,5,工作日,非高峰,2015-05-30,2015年5月30日,阵雨 /阵雨,23℃ / 17℃,东北风 ≤3级 /东风 ≤3级,阵雨,阵雨,23,17,东北风,≤3级,东风,≤3级,day
2015-04-29 16:10:00,中华北路,7、未按规定让行的 ,负全部责任,不负责任,1,贵BG3999,银,1,贵AU2039,蓝,自培,自培,2008/11/11 0:00,2001/9/14 0:00,北京现代牌,大力神牌,364648000000000000 ,35616951854253957X,197301,197106,16,2,4,工作日,非高峰,2015-04-29,2015年4月29日,阵雨 /阵雨,26℃ / 16℃,东北风 ≤3级 /东南风 ≤3级,阵雨,阵雨,26,16,东北风,≤3级,东南风,≤3级,day
2015-03-04 21:25:00,瑞金北路,7、未按规定让行的 ,负全部责任,不负责任,1,贵BX5322,黑色,1,贵AU3513,白色,自培,自培,2000/9/25 0:00,2004/5/10 0:00,奥迪牌,瑞麒牌,364646000000000000 ,364547000000000000 ,198207,197402,21,2,3,工作日,非高峰,2015-03-04,2015年3月4日,小雨 /小雨,6℃ / 1℃,东北风 ≤3级 /东北风 ≤3级,小雨,小雨,6,1,东北风,≤3级,东北风,≤3级,night
2015-04-12 07:35:00,长岭北路,1、追尾的,负全部责任,不负责任,1,贵A89003,银,1,贵C39161,银,自培,自培,2000/3/29 0:00,2007/12/27 0:00,广本牌,波罗,364558000000000000 ,364558000000000000 ,197307,196211,7,6,4,周末,早高峰(7-9点),2015-04-12,2015年4月12日,晴 /多云,21℃ / 7℃,东风 ≤3级 /东风 ≤3级,晴,多云,21,7,东风,≤3级,东风,≤3级,day
2015-03-20 19:04:00,花香村,1、追尾的,负全部责任,不负责任,1,贵A89N78,银,1,贵CAB755,银,自培,自培,2009/5/27 0:00,2006/7/26 0:00,金旅牌,东风雪铁龙牌,36606351904865655X,366564000000000000 ,198407,197203,19,4,3,工作日,晚高峰(17-19点),2015-03-20,2015年3月20日,阴 /阵雨,14℃ / 10℃,东北风 ≤3级 /东北风 ≤3级,阴,阵雨,14,10,东北风,≤3级,东北风,≤3级,day
2015-02-07 20:00:00,沙冲路口,7、未按规定让行的 ,负全部责任,不负责任,1,贵CAH118,蓝色,1,贵HMW216,白色,自培,自培,2006/12/12 0:00,2005/11/8 0:00,江铃牌,-1,366575000000000000 ,364666000000000000 ,196604,198307,20,5,2,工作日,非高峰,2015-02-07,2015年2月7日,阴 /阴,8℃ / 3℃,东北风 ≤3级 /东北风 ≤3级,阴,阴,8,3,东北风,≤3级,东北风,≤3级,night
2015-03-25 17:50:00,观山湖区,1、追尾的,负全部责任,不负责任,1,贵D48333,银,1,贵A537E9,银,自培,自培,2007/8/16 0:00,2000/9/4 0:00,起亚牌,五菱牌,366666000000000000 ,366347000000000000 ,198901,197510,17,2,3,工作日,晚高峰(17-19点),2015-03-25,2015年3月25日,阴 /阵雨,14℃ / 9℃,东北风 ≤3级 /东北风 ≤3级,阴,阵雨,14,9,东北风,≤3级,东北风,≤3级,day
2015-03-30 16:22:00,三桥,3、倒车的,负全部责任,不负责任,1,贵CNA394,白,1,贵A28Y22,蓝,自培,自培,2005/2/1 0:00,2005/12/22 0:00,荣威牌,东风标致,36656551945567526X,366661000000000000 ,198011,198102,16,0,3,工作日,非高峰,2015-03-30,2015年3月30日,晴 /多云,24℃ / 17℃,南风 ≤3级 /南风 ≤3级,晴,多云,24,17,南风,≤3级,南风,≤3级,day
2015-04-13 08:10:00,金阳,3、倒车的,负全部责任,不负责任,1,贵GM2001,黑,1,贵A6171C ,黑,自培,自培,2003/4/25 0:00,2012/12/14 0:00,海马牌,-1,364557000000000000 ,364557000000000000 ,198012,199210,8,0,4,工作日,早高峰(7-9点),2015-04-13,2015年4月13日,晴 /多云,23℃ / 8℃,东北风 ≤3级 /东北风 ≤3级,晴,多云,23,8,东北风,≤3级,东北风,≤3级,day
2015-04-13 11:00:00,偏坡,1、追尾的,负全部责任,不负责任,1,贵GM6038,白色,1,贵ANB126,白色,自培,自培,2001/1/9 0:00,2012/7/24 0:00,大众汽车牌,长安牌,354366000000000000 ,354366000000000000 ,196510,196602,11,0,4,工作日,非高峰,2015-04-13,2015年4月13日,晴 /多云,23℃ / 8℃,东北风 ≤3级 /东北风 ≤3级,晴,多云,23,8,东北风,≤3级,东北风,≤3级,day
2015-03-16 07:37:00,水口寺,9、不符合前8款规定或者双方同时具有上述情形的,负同等责任,负同等责任,1,贵JBU241,白色,1,贵AWA986,白色,自培,自培,2013/7/5 0:00,2001/6/25 0:00,长城牌,东风标致牌,364548000000000000 ,364547000000000000 ,198006,195611,7,0,3,工作日,早高峰(7-9点),2015-03-16,2015年3月16日,阴 /多云,20℃ / 15℃,南风 ≤3级 /南风 ≤3级,阴,多云,20,15,南风,≤3级,南风,≤3级,day
2015-05-20 15:20:00,金朱东路,7、未按规定让行的 ,负全部责任,不负责任,1,贵A666D6,红,1,贵JD6213,黑,自培,自培,2005/8/24 0:00,2002/4/30 0:00,五菱牌,解放牌,366368000000000000 ,366361000000000000 ,197612,198011,15,2,5,工作日,非高峰,2015-05-20,2015年5月20日,阴 /阵雨,23℃ / 17℃,东北风 ≤3级 /东北风 ≤3级,阴,阵雨,23,17,东北风,≤3级,东北风,≤3级,day
2015-03-22 14:30:00,艺校立交,1、追尾的,负全部责任,不负责任,1,贵FA7346,白色,1,贵A82L31,白色,自培,自培,2005/10/26 0:00,2005/11/2 0:00,奥迪牌,五菱牌,366064000000000000 ,36456751934240443X,197404,198506,14,6,3,周末,非高峰,2015-03-22,2015年3月22日,阵雨 /阵雨,19℃ / 10℃,东南风 ≤3级 /东风 ≤3级,阵雨,阵雨,19,10,东南风,≤3级,东风,≤3级,day
2015-05-10 22:26:00,贵开路,7、未按规定让行的 ,负同等责任,负同等责任,1,贵A7294C,红,1,贵CHT461,红,自培,自培,2004/1/13 0:00,2014/11/5 0:00,俊风牌,北京现代牌,364557000000000000 ,366564000000000000 ,198507,198202,22,6,5,周末,非高峰,2015-05-10,2015年5月10日,阵雨 /雷阵雨,25℃ / 14℃,南风 ≤3级 /南风 ≤3级,阵雨,雷阵雨,25,14,南风,≤3级,南风,≤3级,night
2015-02-05 17:20:00,林城西路,7、未按规定让行的 ,负全部责任,不负责任,1,贵GT6092,黑,1,贵AAS408,蓝,自培,自培,2002/11/11 0:00,2001/12/31 0:00,英伦牌,银钢牌,356168000000000000 ,366361000000000000 ,197206,198008,17,3,2,工作日,晚高峰(17-19点),2015-02-05,2015年2月5日,阴 /阴,3℃ / 0℃,东北风 ≤3级 /东北风 ≤3级,阴,阴,3,0,东北风,≤3级,东北风,≤3级,day
2015-04-16 12:30:00,金珠大道,1、追尾的,负全部责任,不负责任,1,贵HCU696,银,1,贵A67R99,红,自培,自培,2002/4/19 0:00,2014/2/17 0:00,长安牌,北京现代牌,364548000000000000 ,364548000000000000 ,196401,195712,12,3,4,工作日,非高峰,2015-04-16,2015年4月16日,多云 /多云,29℃ / 17℃,南风 ≤3级 /南风 ≤3级,多云,多云,29,17,南风,≤3级,南风,≤3级,day
2015-02-12 13:01:00,蟠桃宫,7、未按规定让行的 ,负全部责任,不负责任,1,贵HV8443,蓝,0,贵JDN385,黑,自培,自培,2003/5/22 0:00,2000/12/27 0:00,纳智捷牌,东风标致牌,366246000000000000 ,366667000000000000 ,197905,196405,13,3,2,工作日,非高峰,2015-02-12,2015年2月12日,多云 /多云,15℃ / 5℃,南风 ≤3级 /南风 ≤3级,多云,多云,15,5,南风,≤3级,南风,≤3级,day
2015-03-16 08:00:00,大理石路,8、依法应负全责的其他情形,负全部责任,不负责任,1,贵B34129,黑色,1,贵AYY148,白色,自培,自培,2002/4/15 0:00,2003/10/11 0:00,长城牌,五菱牌,354663000000000000 ,354663000000000000 ,197307,197202,8,0,3,工作日,早高峰(7-9点),2015-03-16,2015年3月16日,阴 /多云,20℃ / 15℃,南风 ≤3级 /南风 ≤3级,阴,多云,20,15,南风,≤3级,南风,≤3级,day